2 1 0 6.43 0.1 0 -0.882945 -5.59998 -0.882945 -5.59998 -0.323477 0.594118 -0.323477 -0.594118 
1 1 0 6.43 0.1 2.93617 -0.882945 -5.59998 -0.882945 -5.59998 -0.363841 0.568735 -0.363841 -0.568735 
1 1 0 6.43 0.1 2.93617 -0.882945 -5.59998 -0.882945 -5.59998 -0.363841 0.568735 -0.363841 -0.568735 
1 1 0 6.43 0.1 2.93617 -0.882945 -5.59998 -0.882945 -5.59998 -0.363841 0.568735 -0.363841 -0.568735 
1 1 0 6.43 0.1 2.93617 -0.882945 -5.59998 -0.882945 -5.59998 -0.363841 0.568735 -0.363841 -0.568735 
1 1 0 6.43001 0.1 2.93618 -0.882945 -5.59999 -0.882945 -5.59999 -0.36384 0.568735 -0.36384 -0.568735 
1 1 0 6.43002 0.1 2.93618 -0.882946 -5.59999 -0.882946 -5.59999 -0.363839 0.568736 -0.363839 -0.568736 
1 1 0 6.43003 0.1 2.93618 -0.882947 -5.6 -0.882947 -5.6 -0.363837 0.568736 -0.363837 -0.568736 
1 1 0 6.43006 0.1 2.93619 -0.88295 -5.60002 -0.88295 -5.60002 -0.363832 0.568737 -0.363832 -0.568737 
1 1 0 6.43011 0.1 2.93621 -0.882954 -5.60006 -0.882954 -5.60006 -0.363825 0.568739 -0.363825 -0.568739 
1 1 0 6.43018 0.1 2.93623 -0.88296 -5.6001 -0.88296 -5.6001 -0.363815 0.568742 -0.363815 -0.568742 
1 1 0 6.43029 0.1 2.93626 -0.882969 -5.60017 -0.882969 -5.60017 -0.363799 0.568746 -0.363799 -0.568746 
1 1 0 6.43045 0.1 2.9363 -0.882982 -5.60028 -0.882982 -5.60028 -0.363776 0.568752 -0.363776 -0.568752 
1 1 0 6.4307 0.1 2.93637 -0.883002 -5.60044 -0.883002 -5.60044 -0.363741 0.568762 -0.363741 -0.568762 
1 1 0 6.43106 0.1 2.93648 -0.883032 -5.60068 -0.883032 -5.60068 -0.363689 0.568776 -0.363689 -0.568776 
1 1 0 6.43161 0.1 2.93664 -0.883076 -5.60104 -0.883076 -5.60104 -0.36361 0.568798 -0.36361 -0.568798 
1 1 0 6.43243 0.1 2.93688 -0.883143 -5.60158 -0.883143 -5.60158 -0.36349 0.568831 -0.36349 -0.568831 
1 1 0 6.43366 0.1 2.93724 -0.883244 -5.60239 -0.883244 -5.60239 -0.36331 0.568881 -0.36331 -0.568881 
1 1 0 6.4355 0.1 2.9378 -0.883395 -5.60361 -0.883395 -5.60361 -0.363037 0.568958 -0.363037 -0.568958 
1 1 0 6.43827 0.1 2.93865 -0.883621 -5.60544 -0.883621 -5.60544 -0.362619 0.569079 -0.362619 -0.569079 
1 1 0 6.44131 0.1 2.9396 -0.883869 -5.60745 -0.883869 -5.60745 -0.36215 0.569217 -0.36215 -0.569217 
1 1 0 6.44465 0.1 2.94069 -0.884142 -5.60965 -0.884142 -5.60965 -0.361622 0.569376 -0.361622 -0.569376 
1 1 0 6.44833 0.1 2.94192 -0.884443 -5.61209 -0.884443 -5.61209 -0.361026 0.569561 -0.361026 -0.569561 
1 1 0 6.45238 0.1 2.94331 -0.884773 -5.61476 -0.884773 -5.61476 -0.360353 0.569774 -0.360353 -0.569774 
1 1 0 6.45654 0.1 2.94479 -0.885112 -5.61751 -0.885112 -5.61751 -0.359641 0.570004 -0.359641 -0.570004 
1 1 0 6.46071 0.1 2.94633 -0.885451 -5.62026 -0.885451 -5.62026 -0.35891 0.570246 -0.35891 -0.570246 
1 1 0 6.46487 0.1 2.94791 -0.88579 -5.62301 -0.88579 -5.62301 -0.358159 0.5705 -0.358159 -0.5705 
1 1 0 6.46903 0.1 2.94954 -0.886128 -5.62576 -0.886128 -5.62576 -0.357389 0.570765 -0.357389 -0.570765 
1 1 0 6.47319 0.1 2.95122 -0.886466 -5.62851 -0.886466 -5.62851 -0.356599 0.571041 -0.356599 -0.571041 
1 1 0 6.47735 0.1 2.95295 -0.886804 -5.63127 -0.886804 -5.63127 -0.355789 0.571328 -0.355789 -0.571328 
1 1 0 6.48151 0.1 2.95472 -0.887142 -5.63402 -0.887142 -5.63402 -0.354959 0.571626 -0.354959 -0.571626 
1 1 0 6.48567 0.1 2.95655 -0.887479 -5.63677 -0.887479 -5.63677 -0.35411 0.571935 -0.35411 -0.571935 
1 1 0 6.48983 0.1 2.95843 -0.887816 -5.63953 -0.887816 -5.63953 -0.35324 0.572255 -0.35324 -0.572255 
1 1 0 6.49399 0.1 2.96036 -0.888153 -5.64228 -0.888153 -5.64228 -0.352351 0.572586 -0.352351 -0.572586 
1 1 0 6.49815 0.1 2.96234 -0.88849 -5.64504 -0.88849 -5.64504 -0.351442 0.572928 -0.351442 -0.572928 
1 1 0 6.50231 0.1 2.96437 -0.888826 -5.64779 -0.888826 -5.64779 -0.350514 0.57328 -0.350514 -0.57328 
1 1 0 6.50646 0.1 2.96645 -0.889162 -5.65055 -0.889162 -5.65055 -0.349565 0.573643 -0.349565 -0.573643 
1 1 0 6.51062 0.1 2.96858 -0.889498 -5.6533 -0.889498 -5.6533 -0.348597 0.574016 -0.348597 -0.574016 
1 1 0 6.51478 0.1 2.97076 -0.889834 -5.65606 -0.889834 -5.65606 -0.347609 0.574399 -0.347609 -0.574399 
1 1 0 6.51894 0.1 2.97299 -0.890169 -5.65882 -0.890169 -5.65882 -0.346601 0.574792 -0.346601 -0.574792 
1 1 0 6.5231 0.1 2.97528 -0.890504 -5.66158 -0.890504 -5.66158 -0.345573 0.575196 -0.345573 -0.575196 
1 1 0 6.52725 0.1 2.97761 -0.890839 -5.66433 -0.890839 -5.66433 -0.344525 0.575609 -0.344525 -0.575609 
1 1 0 6.53141 0.1 2.98 -0.891174 -5.66709 -0.891174 -5.66709 -0.343457 0.576032 -0.343457 -0.576032 
1 1 0 6.53557 0.1 2.98244 -0.891508 -5.66985 -0.891508 -5.66985 -0.342369 0.576465 -0.342369 -0.576465 
1 1 0 6.53972 0.1 2.98493 -0.891842 -5.67261 -0.891842 -5.67261 -0.341261 0.576908 -0.341261 -0.576908 
1 1 0 6.54388 0.1 2.98748 -0.892176 -5.67537 -0.892176 -5.67537 -0.340133 0.57736 -0.340133 -0.57736 
1 1 0 6.54803 0.1 2.99007 -0.89251 -5.67813 -0.89251 -5.67813 -0.338985 0.57782 -0.338985 -0.57782 
1 1 0 6.55219 0.1 2.99272 -0.892843 -5.68089 -0.892843 -5.68089 -0.337817 0.578291 -0.337817 -0.578291 
1 1 0 6.55634 0.1 2.99542 -0.893176 -5.68366 -0.893176 -5.68366 -0.336628 0.57877 -0.336628 -0.57877 
1 1 0 6.5605 0.1 2.99818 -0.893509 -5.68642 -0.893509 -5.68642 -0.33542 0.579259 -0.33542 -0.579259 
1 1 0 6.56465 0.1 3.00098 -0.893842 -5.68918 -0.893842 -5.68918 -0.334191 0.579756 -0.334191 -0.579756 
1 1 0 6.5688 0.1 3.00385 -0.894174 -5.69194 -0.894174 -5.69194 -0.332942 0.580262 -0.332942 -0.580262 
1 1 0 6.57296 0.1 3.00676 -0.894506 -5.69471 -0.894506 -5.69471 -0.331673 0.580776 -0.331673 -0.580776 
1 1 0 6.57711 0.1 3.00973 -0.894838 -5.69747 -0.894838 -5.69747 -0.330384 0.581299 -0.330384 -0.581299 
1 1 0 6.58126 0.1 3.01276 -0.895169 -5.70024 -0.895169 -5.70024 -0.329074 0.58183 -0.329074 -0.58183 
1 1 0 6.58542 0.1 3.01584 -0.8955 -5.703 -0.8955 -5.703 -0.327744 0.58237 -0.327744 -0.58237 
1 1 0 6.58957 0.1 3.01897 -0.895831 -5.70577 -0.895831 -5.70577 -0.326394 0.582917 -0.326394 -0.582917 
1 1 0 6.59372 0.1 3.02216 -0.896162 -5.70854 -0.896162 -5.70854 -0.325023 0.583472 -0.325023 -0.583472 
1 1 0 6.59787 0.1 3.02541 -0.896493 -5.7113 -0.896493 -5.7113 -0.323632 0.584035 -0.323632 -0.584035 
1 1 0 6.60202 0.1 3.02871 -0.896823 -5.71407 -0.896823 -5.71407 -0.32222 0.584605 -0.32222 -0.584605 
1 1 0 6.60617 0.1 3.03207 -0.897153 -5.71684 -0.897153 -5.71684 -0.320788 0.585182 -0.320788 -0.585182 
1 1 0 6.61032 0.1 3.03548 -0.897483 -5.71961 -0.897483 -5.71961 -0.319335 0.585767 -0.319335 -0.585767 
1 1 0 6.61447 0.1 3.03895 -0.897812 -5.72238 -0.897812 -5.72238 -0.317861 0.586359 -0.317861 -0.586359 
1 1 0 6.61862 0.1 3.04248 -0.898141 -5.72515 -0.898141 -5.72515 -0.316367 0.586958 -0.316367 -0.586958 
1 1 0 6.62277 0.1 3.04607 -0.89847 -5.72792 -0.89847 -5.72792 -0.314852 0.587564 -0.314852 -0.587564 
1 1 0 6.62692 0.1 3.04971 -0.898799 -5.73069 -0.898799 -5.73069 -0.313317 0.588176 -0.313317 -0.588176 
1 1 0 6.63107 0.1 3.05342 -0.899127 -5.73346 -0.899127 -5.73346 -0.31176 0.588795 -0.31176 -0.588795 
1 1 0 6.63522 0.1 3.05718 -0.899456 -5.73623 -0.899456 -5.73623 -0.310183 0.58942 -0.310183 -0.58942 
1 1 0 6.63936 0.1 3.061 -0.899784 -5.73901 -0.899784 -5.73901 -0.308585 0.590051 -0.308585 -0.590051 
1 1 0 6.64351 0.1 3.06488 -0.900111 -5.74178 -0.900111 -5.74178 -0.306966 0.590689 -0.306966 -0.590689 
1 1 0 6.64766 0.1 3.06882 -0.900439 -5.74455 -0.900439 -5.74455 -0.305326 0.591332 -0.305326 -0.591332 
1 1 0 6.65181 0.1 3.07282 -0.900766 -5.74733 -0.900766 -5.74733 -0.303665 0.591981 -0.303665 -0.591981 
1 1 0 6.65595 0.1 3.07688 -0.901093 -5.7501 -0.901093 -5.7501 -0.301983 0.592635 -0.301983 -0.592635 
1 1 0 6.6601 0.1 3.08101 -0.901419 -5.75288 -0.901419 -5.75288 -0.300279 0.593294 -0.300279 -0.593294 
1 1 0 6.66424 0.1 3.08519 -0.901745 -5.75565 -0.901745 -5.75565 -0.298555 0.593959 -0.298555 -0.593959 
1 1 0 6.66839 0.1 3.08944 -0.902072 -5.75843 -0.902072 -5.75843 -0.296809 0.594629 -0.296809 -0.594629 
1 1 0 6.67253 0.1 3.09375 -0.902397 -5.76121 -0.902397 -5.76121 -0.295042 0.595303 -0.295042 -0.595303 
1 1 0 6.67668 0.1 3.09812 -0.902723 -5.76399 -0.902723 -5.76399 -0.293253 0.595982 -0.293253 -0.595982 
1 1 0 6.68082 0.1 3.10256 -0.903048 -5.76676 -0.903048 -5.76676 -0.291443 0.596666 -0.291443 -0.596666 
1 1 0 6.68497 0.1 3.10706 -0.903373 -5.76954 -0.903373 -5.76954 -0.289612 0.597354 -0.289612 -0.597354 
1 1 0 6.68911 0.1 3.11162 -0.903698 -5.77232 -0.903698 -5.77232 -0.287759 0.598045 -0.287759 -0.598045 
1 1 0 6.69325 0.1 3.11625 -0.904023 -5.7751 -0.904023 -5.7751 -0.285884 0.598741 -0.285884 -0.598741 
1 1 0 6.69739 0.1 3.12095 -0.904347 -5.77789 -0.904347 -5.77789 -0.283988 0.599441 -0.283988 -0.599441 
1 1 0 6.70154 0.1 3.12571 -0.904671 -5.78067 -0.904671 -5.78067 -0.28207 0.600143 -0.28207 -0.600143 
1 1 0 6.70568 0.1 3.13054 -0.904994 -5.78345 -0.904994 -5.78345 -0.28013 0.60085 -0.28013 -0.60085 
1 1 0 6.70982 0.1 3.13544 -0.905318 -5.78623 -0.905318 -5.78623 -0.278168 0.601559 -0.278168 -0.601559 
1 1 0 6.71396 0.1 3.14041 -0.905641 -5.78902 -0.905641 -5.78902 -0.276185 0.602272 -0.276185 -0.602272 
1 1 0 6.7181 0.1 3.14544 -0.905964 -5.7918 -0.905964 -5.7918 -0.274179 0.602987 -0.274179 -0.602987 
1 1 0 6.72224 0.1 3.15055 -0.906287 -5.79459 -0.906287 -5.79459 -0.272151 0.603705 -0.272151 -0.603705 
1 1 0 6.72638 0.1 3.15572 -0.906609 -5.79737 -0.906609 -5.79737 -0.270101 0.604424 -0.270101 -0.604424 
1 1 0 6.73052 0.1 3.16097 -0.906931 -5.80016 -0.906931 -5.80016 -0.268028 0.605147 -0.268028 -0.605147 
1 1 0 6.73466 0.1 3.16628 -0.907253 -5.80294 -0.907253 -5.80294 -0.265933 0.605871 -0.265933 -0.605871 
1 1 0 6.7388 0.1 3.17167 -0.907574 -5.80573 -0.907574 -5.80573 -0.263816 0.606597 -0.263816 -0.606597 
1 1 0 6.74294 0.1 3.17714 -0.907896 -5.80852 -0.907896 -5.80852 -0.261676 0.607325 -0.261676 -0.607325 
1 1 0 6.74707 0.1 3.18267 -0.908217 -5.81131 -0.908217 -5.81131 -0.259514 0.608053 -0.259514 -0.608053 
1 1 0 6.75121 0.1 3.18828 -0.908537 -5.8141 -0.908537 -5.8141 -0.257329 0.608784 -0.257329 -0.608784 
1 1 0 6.75535 0.1 3.19397 -0.908858 -5.81689 -0.908858 -5.81689 -0.255121 0.609515 -0.255121 -0.609515 
1 1 0 6.75948 0.1 3.19973 -0.909178 -5.81968 -0.909178 -5.81968 -0.25289 0.610246 -0.25289 -0.610246 
1 1 0 6.76362 0.1 3.20557 -0.909498 -5.82247 -0.909498 -5.82247 -0.250637 0.610979 -0.250637 -0.610979 
1 1 0 6.76775 0.1 3.21149 -0.909818 -5.82526 -0.909818 -5.82526 -0.24836 0.611711 -0.24836 -0.611711 
1 1 0 6.77189 0.1 3.21748 -0.910137 -5.82806 -0.910137 -5.82806 -0.24606 0.612443 -0.24606 -0.612443 
1 1 0 6.77602 0.1 3.22356 -0.910456 -5.83085 -0.910456 -5.83085 -0.243736 0.613176 -0.243736 -0.613176 
1 1 0 6.78016 0.1 3.22972 -0.910775 -5.83364 -0.910775 -5.83364 -0.24139 0.613908 -0.24139 -0.613908 
1 1 0 6.78429 0.1 3.23596 -0.911094 -5.83644 -0.911094 -5.83644 -0.23902 0.61464 -0.23902 -0.61464 
1 1 0 6.78842 0.1 3.24228 -0.911412 -5.83923 -0.911412 -5.83923 -0.236626 0.61537 -0.236626 -0.61537 
1 1 0 6.79256 0.1 3.24868 -0.91173 -5.84203 -0.91173 -5.84203 -0.234208 0.6161 -0.234208 -0.6161 
1 1 0 6.79669 0.1 3.25517 -0.912048 -5.84483 -0.912048 -5.84483 -0.231767 0.616828 -0.231767 -0.616828 
1 1 0 6.80082 0.1 3.26175 -0.912365 -5.84763 -0.912365 -5.84763 -0.229302 0.617555 -0.229302 -0.617555 
1 1 0 6.80495 0.1 3.26841 -0.912682 -5.85043 -0.912682 -5.85043 -0.226813 0.61828 -0.226813 -0.61828 
1 1 0 6.80908 0.1 3.27516 -0.912999 -5.85323 -0.912999 -5.85323 -0.224299 0.619003 -0.224299 -0.619003 
1 1 0 6.81321 0.1 3.282 -0.913316 -5.85603 -0.913316 -5.85603 -0.221762 0.619724 -0.221762 -0.619724 
1 1 0 6.81734 0.1 3.28893 -0.913632 -5.85883 -0.913632 -5.85883 -0.219199 0.620442 -0.219199 -0.620442 
1 1 0 6.82147 0.1 3.29595 -0.913948 -5.86163 -0.913948 -5.86163 -0.216613 0.621158 -0.216613 -0.621158 
1 1 0 6.8256 0.1 3.30307 -0.914264 -5.86443 -0.914264 -5.86443 -0.214001 0.62187 -0.214001 -0.62187 
1 1 0 6.82973 0.1 3.31027 -0.914579 -5.86723 -0.914579 -5.86723 -0.211365 0.62258 -0.211365 -0.62258 
1 1 0 6.83386 0.1 3.31758 -0.914894 -5.87004 -0.914894 -5.87004 -0.208704 0.623286 -0.208704 -0.623286 
1 1 0 6.83798 0.1 3.32498 -0.915209 -5.87284 -0.915209 -5.87284 -0.206018 0.623988 -0.206018 -0.623988 
1 1 0 6.84211 0.1 3.33248 -0.915524 -5.87565 -0.915524 -5.87565 -0.203306 0.624686 -0.203306 -0.624686 
1 1 0 6.84624 0.1 3.34008 -0.915838 -5.87846 -0.915838 -5.87846 -0.20057 0.625379 -0.20057 -0.625379 
1 1 0 6.85036 0.1 3.34778 -0.916152 -5.88126 -0.916152 -5.88126 -0.197807 0.626069 -0.197807 -0.626069 
1 1 0 6.85449 0.1 3.35558 -0.916466 -5.88407 -0.916466 -5.88407 -0.195019 0.626753 -0.195019 -0.626753 
1 1 0 6.85861 0.1 3.36349 -0.916779 -5.88688 -0.916779 -5.88688 -0.192205 0.627432 -0.192205 -0.627432 
1 1 0 6.86273 0.1 3.3715 -0.917092 -5.88969 -0.917092 -5.88969 -0.189365 0.628106 -0.189365 -0.628106 
1 1 0 6.86686 0.1 3.37962 -0.917405 -5.8925 -0.917405 -5.8925 -0.186499 0.628775 -0.186499 -0.628775 
1 1 0 6.87098 0.1 3.38785 -0.917718 -5.89531 -0.917718 -5.89531 -0.183607 0.629437 -0.183607 -0.629437 
1 1 0 6.8751 0.1 3.39619 -0.91803 -5.89812 -0.91803 -5.89812 -0.180688 0.630093 -0.180688 -0.630093 
1 1 0 6.87922 0.1 3.40465 -0.918342 -5.90094 -0.918342 -5.90094 -0.177743 0.630742 -0.177743 -0.630742 
1 1 0 6.88335 0.1 3.41322 -0.918654 -5.90375 -0.918654 -5.90375 -0.17477 0.631384 -0.17477 -0.631384 
1 1 0 6.88747 0.1 3.4219 -0.918965 -5.90657 -0.918965 -5.90657 -0.171771 0.63202 -0.171771 -0.63202 
1 1 0 6.89159 0.1 3.43071 -0.919276 -5.90938 -0.919276 -5.90938 -0.168744 0.632648 -0.168744 -0.632648 
1 1 0 6.89571 0.1 3.43963 -0.919587 -5.9122 -0.919587 -5.9122 -0.16569 0.633268 -0.16569 -0.633268 
1 1 0 6.89982 0.1 3.44868 -0.919897 -5.91502 -0.919897 -5.91502 -0.162608 0.63388 -0.162608 -0.63388 
1 1 0 6.90394 0.1 3.45785 -0.920207 -5.91784 -0.920207 -5.91784 -0.159498 0.634483 -0.159498 -0.634483 
1 1 0 6.90806 0.1 3.46715 -0.920517 -5.92065 -0.920517 -5.92065 -0.156361 0.635078 -0.156361 -0.635078 
1 1 0 6.91218 0.1 3.47659 -0.920827 -5.92348 -0.920827 -5.92348 -0.153195 0.635663 -0.153195 -0.635663 
1 1 0 6.91629 0.1 3.48615 -0.921136 -5.9263 -0.921136 -5.9263 -0.15 0.636239 -0.15 -0.636239 
1 1 0 6.92041 0.1 3.49584 -0.921445 -5.92912 -0.921445 -5.92912 -0.146777 0.636806 -0.146777 -0.636806 
1 1 0 6.92452 0.1 3.50568 -0.921753 -5.93194 -0.921753 -5.93194 -0.143525 0.637362 -0.143525 -0.637362 
1 1 0 6.92864 0.1 3.51565 -0.922062 -5.93477 -0.922062 -5.93477 -0.140244 0.637907 -0.140244 -0.637907 
1 1 0 6.93275 0.1 3.52577 -0.92237 -5.93759 -0.92237 -5.93759 -0.136933 0.638442 -0.136933 -0.638442 
1 1 0 6.93687 0.1 3.53603 -0.922677 -5.94042 -0.922677 -5.94042 -0.133593 0.638965 -0.133593 -0.638965 
1 1 0 6.94098 0.1 3.54644 -0.922985 -5.94325 -0.922985 -5.94325 -0.130223 0.639477 -0.130223 -0.639477 
1 1 0 6.94509 0.1 3.557 -0.923292 -5.94607 -0.923292 -5.94607 -0.126823 0.639976 -0.126823 -0.639976 
1 1 0 6.9492 0.1 3.56771 -0.923598 -5.9489 -0.923598 -5.9489 -0.123392 0.640464 -0.123392 -0.640464 
1 1 0 6.95331 0.1 3.57858 -0.923905 -5.95173 -0.923905 -5.95173 -0.11993 0.640938 -0.11993 -0.640938 
1 1 0 6.95742 0.1 3.58962 -0.924211 -5.95456 -0.924211 -5.95456 -0.116438 0.641399 -0.116438 -0.641399 
1 1 0 6.96153 0.1 3.60081 -0.924516 -5.9574 -0.924516 -5.9574 -0.112914 0.641846 -0.112914 -0.641846 
1 1 0 6.96564 0.1 3.61218 -0.924822 -5.96023 -0.924822 -5.96023 -0.109359 0.642279 -0.109359 -0.642279 
1 1 0 6.96975 0.1 3.62371 -0.925127 -5.96306 -0.925127 -5.96306 -0.105771 0.642698 -0.105771 -0.642698 
1 1 0 6.97385 0.1 3.63542 -0.925431 -5.9659 -0.925431 -5.9659 -0.102152 0.643101 -0.102152 -0.643101 
1 1 0 6.97796 0.1 3.64731 -0.925736 -5.96874 -0.925736 -5.96874 -0.0985002 0.643489 -0.0985002 -0.643489 
1 1 0 6.98206 0.1 3.65938 -0.92604 -5.97157 -0.92604 -5.97157 -0.0948154 0.643861 -0.0948154 -0.643861 
1 1 0 6.98617 0.1 3.67164 -0.926343 -5.97441 -0.926343 -5.97441 -0.0910974 0.644216 -0.0910974 -0.644216 
1 1 0 6.99027 0.1 3.6841 -0.926647 -5.97725 -0.926647 -5.97725 -0.0873459 0.644555 -0.0873459 -0.644555 
1 1 0 6.99438 0.1 3.69674 -0.92695 -5.98009 -0.92695 -5.98009 -0.0835604 0.644876 -0.0835604 -0.644876 
1 1 0 6.99848 0.1 3.70959 -0.927252 -5.98294 -0.927252 -5.98294 -0.0797408 0.645179 -0.0797408 -0.645179 
1 1 0 7.00258 0.1 3.72265 -0.927555 -5.98578 -0.927555 -5.98578 -0.0758864 0.645463 -0.0758864 -0.645463 
1 1 0 7.00668 0.1 3.73591 -0.927856 -5.98863 -0.927856 -5.98863 -0.0719972 0.645728 -0.0719972 -0.645728 
1 1 0 7.01078 0.1 3.74939 -0.928158 -5.99147 -0.928158 -5.99147 -0.0680723 0.645974 -0.0680723 -0.645974 
1 1 0 7.01488 0.1 3.76309 -0.928459 -5.99432 -0.928459 -5.99432 -0.0641115 0.646199 -0.0641115 -0.646199 
1 1 0 7.01898 0.1 3.77702 -0.92876 -5.99717 -0.92876 -5.99717 -0.0601147 0.646404 -0.0601147 -0.646404 
1 1 0 7.02308 0.1 3.79119 -0.929061 -6.00002 -0.929061 -6.00002 -0.0560809 0.646587 -0.0560809 -0.646587 
1 1 0 7.02717 0.1 3.80559 -0.929361 -6.00287 -0.929361 -6.00287 -0.0520101 0.646747 -0.0520101 -0.646747 
1 1 0 7.03127 0.1 3.82024 -0.92966 -6.00572 -0.92966 -6.00572 -0.0479016 0.646886 -0.0479016 -0.646886 
1 1 0 7.03536 0.1 3.83514 -0.92996 -6.00857 -0.92996 -6.00857 -0.043755 0.647 -0.043755 -0.647 
1 1 0 7.03946 0.1 3.8503 -0.930259 -6.01143 -0.930259 -6.01143 -0.0395698 0.647091 -0.0395698 -0.647091 
1 1 0 7.04355 0.1 3.86572 -0.930557 -6.01429 -0.930557 -6.01429 -0.0353454 0.647157 -0.0353454 -0.647157 
1 1 0 7.04764 0.1 3.88142 -0.930855 -6.01714 -0.930855 -6.01714 -0.0310814 0.647197 -0.0310814 -0.647197 
1 1 0 7.05173 0.1 3.8974 -0.931153 -6.02 -0.931153 -6.02 -0.0267771 0.647211 -0.0267771 -0.647211 
1 1 0 7.05582 0.1 3.91368 -0.931451 -6.02286 -0.931451 -6.02286 -0.022432 0.647198 -0.022432 -0.647198 
1 1 0 7.05991 0.1 3.93025 -0.931748 -6.02572 -0.931748 -6.02572 -0.0180457 0.647157 -0.0180457 -0.647157 
1 1 0 7.064 0.1 3.94713 -0.932044 -6.02859 -0.932044 -6.02859 -0.0136174 0.647087 -0.0136174 -0.647087 
1 1 0 7.06809 0.1 3.96432 -0.932341 -6.03145 -0.932341 -6.03145 -0.0091465 0.646988 -0.0091465 -0.646988 
1 1 0 7.07217 0.1 3.98185 -0.932636 -6.03432 -0.932636 -6.03432 -0.0046323 0.646858 -0.0046323 -0.646858 
1 1 0 7.07626 0.1 3.99971 -0.932932 -6.03719 -0.932932 -6.03719 -7.41404e-05 0.646697 -7.41404e-05 -0.646697 
1 1 0 7.08034 0.1 4.01792 -0.933227 -6.04006 -0.933227 -6.04006 0.00452855 0.646503 0.00452855 -0.646503 
1 1 0 7.08443 0.1 4.03648 -0.933521 -6.04293 -0.933521 -6.04293 0.00917649 0.646276 0.00917649 -0.646276 
1 1 0 7.08851 0.1 4.05542 -0.933815 -6.0458 -0.933815 -6.0458 0.0138704 0.646015 0.0138704 -0.646015 
1 1 0 7.09259 0.1 4.07475 -0.934109 -6.04868 -0.934109 -6.04868 0.0186113 0.645718 0.0186113 -0.645718 
1 1 0 7.09667 0.1 4.09447 -0.934402 -6.05155 -0.934402 -6.05155 0.0233997 0.645385 0.0233997 -0.645385 
1 1 0 7.10075 0.1 4.1146 -0.934695 -6.05443 -0.934695 -6.05443 0.0282367 0.645014 0.0282367 -0.645014 
1 1 0 7.10482 0.1 4.13515 -0.934987 -6.05731 -0.934987 -6.05731 0.0331229 0.644604 0.0331229 -0.644604 
1 1 0 7.1089 0.1 4.15615 -0.935279 -6.06019 -0.935279 -6.06019 0.0380594 0.644154 0.0380594 -0.644154 
1 1 0 7.11297 0.1 4.1776 -0.935571 -6.06307 -0.935571 -6.06307 0.0430469 0.643663 0.0430469 -0.643663 
1 1 0 7.11705 0.1 4.19953 -0.935862 -6.06596 -0.935862 -6.06596 0.0480866 0.643128 0.0480866 -0.643128 
1 1 0 7.12112 0.1 4.22194 -0.936152 -6.06884 -0.936152 -6.06884 0.0531794 0.64255 0.0531794 -0.64255 
1 1 0 7.12519 0.1 4.24487 -0.936442 -6.07173 -0.936442 -6.07173 0.0583263 0.641926 0.0583263 -0.641926 
1 1 0 7.12926 0.1 4.26833 -0.936732 -6.07462 -0.936732 -6.07462 0.0635286 0.641254 0.0635286 -0.641254 
1 1 0 7.13333 0.1 4.29233 -0.937021 -6.07752 -0.937021 -6.07752 0.0687871 0.640534 0.0687871 -0.640534 
1 1 0 7.13739 0.1 4.31691 -0.937309 -6.08041 -0.937309 -6.08041 0.0741033 0.639763 0.0741033 -0.639763 
1 1 0 7.14146 0.1 4.34209 -0.937597 -6.08331 -0.937597 -6.08331 0.0794782 0.63894 0.0794782 -0.63894 
1 1 0 7.14552 0.1 4.36789 -0.937884 -6.08621 -0.937884 -6.08621 0.0849133 0.638062 0.0849133 -0.638062 
1 1 0 7.14959 0.1 4.39434 -0.938171 -6.08911 -0.938171 -6.08911 0.0904098 0.637129 0.0904098 -0.637129 
1 1 0 7.15365 0.1 4.42147 -0.938458 -6.09201 -0.938458 -6.09201 0.0959693 0.636137 0.0959693 -0.636137 
1 1 0 7.15771 0.1 4.4493 -0.938744 -6.09491 -0.938744 -6.09491 0.101593 0.635085 0.101593 -0.635085 
1 1 0 7.16176 0.1 4.47788 -0.939029 -6.09782 -0.939029 -6.09782 0.107283 0.633971 0.107283 -0.633971 
1 1 0 7.16582 0.1 4.50723 -0.939313 -6.10073 -0.939313 -6.10073 0.11304 0.632791 0.11304 -0.632791 
1 1 0 7.16987 0.1 4.53739 -0.939598 -6.10364 -0.939598 -6.10364 0.118866 0.631544 0.118866 -0.631544 
1 1 0 7.17393 0.1 4.56841 -0.939881 -6.10656 -0.939881 -6.10656 0.124764 0.630226 0.124764 -0.630226 
1 1 0 7.17798 0.1 4.60031 -0.940164 -6.10948 -0.940164 -6.10948 0.130735 0.628836 0.130735 -0.628836 
1 1 0 7.18203 0.1 4.63316 -0.940446 -6.1124 -0.940446 -6.1124 0.13678 0.62737 0.13678 -0.62737 
1 1 0 7.18607 0.1 4.667 -0.940728 -6.11532 -0.940728 -6.11532 0.142903 0.625824 0.142903 -0.625824 
1 1 0 7.19012 0.1 4.70187 -0.941009 -6.11825 -0.941009 -6.11825 0.149105 0.624195 0.149105 -0.624195 
1 1 0 7.19416 0.1 4.73785 -0.941289 -6.12117 -0.941289 -6.12117 0.155388 0.622481 0.155388 -0.622481 
1 1 0 7.1982 0.1 4.77498 -0.941569 -6.1241 -0.941569 -6.1241 0.161756 0.620676 0.161756 -0.620676 
1 1 0 7.20224 0.1 4.81335 -0.941847 -6.12704 -0.941847 -6.12704 0.16821 0.618777 0.16821 -0.618777 
1 1 0 7.20628 0.1 4.85301 -0.942126 -6.12998 -0.942126 -6.12998 0.174754 0.61678 0.174754 -0.61678 
1 1 0 7.21031 0.1 4.89405 -0.942403 -6.13292 -0.942403 -6.13292 0.181391 0.614679 0.181391 -0.614679 
1 1 0 7.21434 0.1 4.93655 -0.94268 -6.13586 -0.94268 -6.13586 0.188123 0.612471 0.188123 -0.612471 
1 1 0 7.21837 0.1 4.98061 -0.942956 -6.13881 -0.942956 -6.13881 0.194954 0.610148 0.194954 -0.610148 
1 1 0 7.2224 0.1 5.02633 -0.943231 -6.14176 -0.943231 -6.14176 0.201888 0.607706 0.201888 -0.607706 
1 1 0 7.22642 0.1 5.07382 -0.943505 -6.14471 -0.943505 -6.14471 0.208928 0.605138 0.208928 -0.605138 
1 1 0 7.23045 0.1 5.12321 -0.943778 -6.14767 -0.943778 -6.14767 0.216078 0.602438 0.216078 -0.602438 
1 1 0 7.23447 0.1 5.17463 -0.944051 -6.15063 -0.944051 -6.15063 0.223344 0.599598 0.223344 -0.599598 
1 1 0 7.23848 0.1 5.22824 -0.944322 -6.1536 -0.944322 -6.1536 0.230729 0.596609 0.230729 -0.596609 
1 1 0 7.24249 0.1 5.2842 -0.944593 -6.15657 -0.944593 -6.15657 0.238239 0.593464 0.238239 -0.593464 
1 1 0 7.2465 0.1 5.3427 -0.944863 -6.15955 -0.944863 -6.15955 0.245879 0.590153 0.245879 -0.590153 
1 1 0 7.25051 0.1 5.40395 -0.945131 -6.16253 -0.945131 -6.16253 0.253655 0.586665 0.253655 -0.586665 
1 1 0 7.25451 0.1 5.46819 -0.945399 -6.16551 -0.945399 -6.16551 0.261574 0.582989 0.261574 -0.582989 
1 1 0 7.25851 0.1 5.53568 -0.945665 -6.1685 -0.945665 -6.1685 0.269643 0.579112 0.269643 -0.579112 
1 1 0 7.26251 0.1 5.60673 -0.94593 -6.17149 -0.94593 -6.17149 0.277869 0.57502 0.277869 -0.57502 
1 1 0 7.2665 0.1 5.68166 -0.946194 -6.1745 -0.946194 -6.1745 0.286261 0.570697 0.286261 -0.570697 
1 1 0 7.27048 0.1 5.76089 -0.946457 -6.1775 -0.946457 -6.1775 0.294827 0.566126 0.294827 -0.566126 
1 1 0 7.27447 0.1 5.84485 -0.946718 -6.18051 -0.946718 -6.18051 0.303579 0.561287 0.303579 -0.561287 
1 1 0 7.27844 0.1 5.93406 -0.946978 -6.18353 -0.946978 -6.18353 0.312527 0.556159 0.312527 -0.556159 
1 1 0 7.28242 0.1 6.02915 -0.947237 -6.18656 -0.947237 -6.18656 0.321685 0.550717 0.321685 -0.550717 
1 1 0 7.28638 0.1 6.13081 -0.947493 -6.18959 -0.947493 -6.18959 0.331065 0.544931 0.331065 -0.544931 
1 1 0 7.29034 0.1 6.23989 -0.947748 -6.19263 -0.947748 -6.19263 0.340683 0.538769 0.340683 -0.538769 
1 1 0 7.2943 0.1 6.35739 -0.948002 -6.19568 -0.948002 -6.19568 0.350558 0.532195 0.350558 -0.532195 
1 1 0 7.29824 0.1 6.48454 -0.948253 -6.19874 -0.948253 -6.19874 0.36071 0.525163 0.36071 -0.525163 
1 1 0 7.30218 0.1 6.6228 -0.948502 -6.20181 -0.948502 -6.20181 0.371161 0.517623 0.371161 -0.517623 
1 1 0 7.30612 0.1 6.774 -0.948749 -6.20489 -0.948749 -6.20489 0.381937 0.509514 0.381937 -0.509514 
1 1 0 7.31004 0.1 6.94042 -0.948993 -6.20798 -0.948993 -6.20798 0.393071 0.500763 0.393071 -0.500763 
1 1 0 7.31395 0.1 7.12496 -0.949235 -6.21108 -0.949235 -6.21108 0.404598 0.491281 0.404598 -0.491281 
1 1 0 7.31785 0.1 7.33136 -0.949474 -6.2142 -0.949474 -6.2142 0.416561 0.480961 0.416561 -0.480961 
1 1 0 7.32175 0.1 7.56459 -0.949709 -6.21733 -0.949709 -6.21733 0.429011 0.469665 0.429011 -0.469665 
1 1 0 7.32562 0.1 7.83136 -0.949941 -6.22048 -0.949941 -6.22048 0.442012 0.457223 0.442012 -0.457223 
1 1 0 7.32948 0.1 8.14105 -0.950168 -6.22365 -0.950168 -6.22365 0.455642 0.443408 0.455642 -0.443408 
1 1 0 7.33333 0.1 8.50726 -0.95039 -6.22684 -0.95039 -6.22684 0.47 0.427919 0.47 -0.427919 
1 1 0 7.33715 0.1 8.9506 -0.950607 -6.23006 -0.950607 -6.23006 0.485214 0.410339 0.485214 -0.410339 
1 1 0 7.34094 0.1 9.50417 -0.950816 -6.23331 -0.950816 -6.23331 0.501456 0.390065 0.501456 -0.390065 
1 1 0 7.3447 0.1 10.2254 -0.951017 -6.23659 -0.951017 -6.23659 0.518966 0.366176 0.518966 -0.366176 
1 1 0 7.34842 0.1 11.2255 -0.951208 -6.23993 -0.951208 -6.23993 0.538093 0.337149 0.538093 -0.337149 
1 1 0 7.35209 0.1 12.7575 -0.951383 -6.24333 -0.951383 -6.24333 0.55939 0.300176 0.55939 -0.300176 
1 1 0 7.35567 0.1 15.5858 -0.951538 -6.24681 -0.951538 -6.24681 0.583815 0.248994 0.583815 -0.248994 
1 1 0 7.35911 0.1 24.234 -0.951658 -6.25044 -0.951658 -6.25044 0.613349 0.162686 0.613349 -0.162686 
1 1 0 7.36222 0.1 24.234 -0.951703 -6.25435 -0.951703 -6.25435 0.811442 0 0.496048 0 
1 1 0 7.36337 0.1 24.234 -0.951641 -6.25657 -0.951641 -6.25657 0.945586 0 0.425628 0 
2 1 0 7.36209 0.1 24.234 -0.951243 -6.25868 -0.951243 -6.25868 1.15199 0 0.349461 0 
2 1 0 7.36206 0.1 24.234 -0.951239 -6.25868 -0.951239 -6.25868 1.15338 0 0.349043 0 
2 1 0 7.35717 0.1 24.234 -0.950622 -6.25788 -0.950622 -6.25788 1.30135 0 0.309586 0 
2 1 0 7.35248 0.1 24.234 -0.95012 -6.25622 -0.95012 -6.25622 1.38587 0 0.290907 0 
2 1 0 7.34788 0.1 24.234 -0.949658 -6.25431 -0.949658 -6.25431 1.45006 0 0.278214 0 
2 1 0 7.34335 0.1 24.234 -0.949219 -6.25225 -0.949219 -6.25225 1.50336 0 0.268525 0 
2 1 0 7.33885 0.1 24.234 -0.948796 -6.2501 -0.948796 -6.2501 1.54966 0 0.260671 0 
2 1 0 7.33439 0.1 24.234 -0.948384 -6.24788 -0.948384 -6.24788 1.59099 0 0.254062 0 
2 1 0 7.32995 0.1 24.234 -0.94798 -6.24561 -0.94798 -6.24561 1.62856 0 0.248357 0 
2 1 0 7.32554 0.1 24.234 -0.947583 -6.2433 -0.947583 -6.2433 1.66318 0 0.24334 0 
2 1 0 7.32114 0.1 24.234 -0.947191 -6.24096 -0.947191 -6.24096 1.69539 0 0.238865 0 
2 1 0 7.31675 0.1 24.234 -0.946804 -6.23859 -0.946804 -6.23859 1.7256 0 0.234829 0 
2 1 0 7.31238 0.1 24.234 -0.946422 -6.23619 -0.946422 -6.23619 1.7541 0 0.231155 0 
2 1 0 7.30802 0.1 24.234 -0.946042 -6.23378 -0.946042 -6.23378 1.78114 0 0.227786 0 
2 1 0 7.30367 0.1 24.234 -0.945666 -6.23134 -0.945666 -6.23134 1.8069 0 0.224677 0 
2 1 0 7.29932 0.1 24.234 -0.945293 -6.22889 -0.945293 -6.22889 1.83152 0 0.221791 0 
2 1 0 7.29499 0.1 24.234 -0.944922 -6.22643 -0.944922 -6.22643 1.85514 0 0.219101 0 
2 1 0 7.29066 0.1 24.234 -0.944553 -6.22395 -0.944553 -6.22395 1.87784 0 0.216583 0 
2 1 0 7.28634 0.1 24.234 -0.944187 -6.22146 -0.944187 -6.22146 1.89973 0 0.214218 0 
2 1 0 7.28203 0.1 24.234 -0.943822 -6.21896 -0.943822 -6.21896 1.92087 0 0.211988 0 
2 1 0 7.27772 0.1 24.234 -0.943459 -6.21645 -0.943459 -6.21645 1.94132 0 0.209881 0 
2 1 0 7.27341 0.1 24.234 -0.943097 -6.21393 -0.943097 -6.21393 1.96115 0 0.207884 0 
2 1 0 7.26912 0.1 24.234 -0.942737 -6.2114 -0.942737 -6.2114 1.9804 0 0.205987 0 
2 1 0 7.26482 0.1 24.234 -0.942378 -6.20887 -0.942378 -6.20887 1.9991 0 0.204181 0 
2 1 0 7.26053 0.1 24.234 -0.942021 -6.20632 -0.942021 -6.20632 2.01731 0 0.20246 0 
2 1 0 7.25625 0.1 24.234 -0.941664 -6.20377 -0.941664 -6.20377 2.03505 0 0.200815 0 
2 1 0 7.25197 0.1 24.234 -0.941309 -6.20121 -0.941309 -6.20121 2.05235 0 0.199241 0 
2 1 0 7.24769 0.1 24.234 -0.940955 -6.19865 -0.940955 -6.19865 2.06923 0 0.197732 0 
2 1 0 7.24342 0.1 24.234 -0.940601 -6.19608 -0.940601 -6.19608 2.08573 0 0.196284 0 
2 1 0 7.23915 0.1 24.234 -0.940249 -6.1935 -0.940249 -6.1935 2.10187 0 0.194893 0 
2 1 0 7.23488 0.1 24.234 -0.939897 -6.19092 -0.939897 -6.19092 2.11765 0 0.193555 0 
2 1 0 7.23061 0.1 24.234 -0.939547 -6.18833 -0.939547 -6.18833 2.13311 0 0.192265 0 
2 1 0 7.22635 0.1 24.234 -0.939197 -6.18574 -0.939197 -6.18574 2.14826 0 0.191022 0 
2 1 0 7.22209 0.1 24.234 -0.938848 -6.18314 -0.938848 -6.18314 2.16312 0 0.189823 0 
2 1 0 7.21784 0.1 24.234 -0.938499 -6.18054 -0.938499 -6.18054 2.17769 0 0.188664 0 
2 1 0 7.21358 0.1 24.234 -0.938151 -6.17793 -0.938151 -6.17793 2.19199 0 0.187543 0 
2 1 0 7.20933 0.1 24.234 -0.937804 -6.17532 -0.937804 -6.17532 2.20603 0 0.186459 0 
2 1 0 7.20509 0.1 24.234 -0.937457 -6.17271 -0.937457 -6.17271 2.21983 0 0.185408 0 
2 1 0 7.20084 0.1 24.234 -0.937111 -6.17009 -0.937111 -6.17009 2.23339 0 0.184391 0 
2 1 0 7.1966 0.1 24.234 -0.936766 -6.16747 -0.936766 -6.16747 2.24673 0 0.183404 0 
2 1 0 7.19235 0.1 24.234 -0.936421 -6.16485 -0.936421 -6.16485 2.25984 0 0.182446 0 
2 1 0 7.18811 0.1 24.234 -0.936076 -6.16222 -0.936076 -6.16222 2.27275 0 0.181516 0 
2 1 0 7.18388 0.1 24.234 -0.935732 -6.15959 -0.935732 -6.15959 2.28546 0 0.180612 0 
2 1 0 7.17964 0.1 24.234 -0.935389 -6.15695 -0.935389 -6.15695 2.29797 0 0.179733 0 
2 1 0 7.17541 0.1 24.234 -0.935046 -6.15432 -0.935046 -6.15432 2.3103 0 0.178879 0 
2 1 0 7.17118 0.1 24.234 -0.934703 -6.15168 -0.934703 -6.15168 2.32244 0 0.178047 0 
2 1 0 7.16694 0.1 24.234 -0.934361 -6.14903 -0.934361 -6.14903 2.33441 0 0.177237 0 
2 1 0 7.16272 0.1 24.234 -0.934019 -6.14639 -0.934019 -6.14639 2.34621 0 0.176448 0 
2 1 0 7.15849 0.1 24.234 -0.933677 -6.14374 -0.933677 -6.14374 2.35785 0 0.175679 0 
2 1 0 7.15426 0.1 24.234 -0.933336 -6.14109 -0.933336 -6.14109 2.36933 0 0.17493 0 
2 1 0 7.15004 0.1 24.234 -0.932996 -6.13843 -0.932996 -6.13843 2.38066 0 0.174199 0 
2 1 0 7.14582 0.1 24.234 -0.932655 -6.13578 -0.932655 -6.13578 2.39183 0 0.173485 0 
2 1 0 7.1416 0.1 24.234 -0.932315 -6.13312 -0.932315 -6.13312 2.40286 0 0.172789 0 
2 1 0 7.13738 0.1 24.234 -0.931975 -6.13046 -0.931975 -6.13046 2.41375 0 0.172109 0 
2 1 0 7.13316 0.1 24.234 -0.931636 -6.12779 -0.931636 -6.12779 2.42451 0 0.171445 0 
2 1 0 7.12894 0.1 24.234 -0.931296 -6.12513 -0.931296 -6.12513 2.43513 0 0.170796 0 
2 1 0 7.12473 0.1 24.234 -0.930957 -6.12246 -0.930957 -6.12246 2.44562 0 0.170161 0 
2 1 0 7.12051 0.1 24.234 -0.930619 -6.11979 -0.930619 -6.11979 2.45598 0 0.169541 0 
2 1 0 7.1163 0.1 24.234 -0.93028 -6.11712 -0.93028 -6.11712 2.46623 0 0.168934 0 
2 1 0 7.11209 0.1 24.234 -0.929942 -6.11444 -0.929942 -6.11444 2.47635 0 0.168341 0 
2 1 0 7.10788 0.1 24.234 -0.929604 -6.11177 -0.929604 -6.11177 2.48635 0 0.16776 0 
2 1 0 7.10367 0.1 24.234 -0.929266 -6.10909 -0.929266 -6.10909 2.49625 0 0.167192 0 
2 1 0 7.09946 0.1 24.234 -0.928929 -6.10641 -0.928929 -6.10641 2.50602 0 0.166635 0 
2 1 0 7.09526 0.1 24.234 -0.928591 -6.10373 -0.928591 -6.10373 2.5157 0 0.16609 0 
2 1 0 7.09105 0.1 24.234 -0.928254 -6.10105 -0.928254 -6.10105 2.52526 0 0.165556 0 
2 1 0 7.08685 0.1 24.234 -0.927917 -6.09836 -0.927917 -6.09836 2.53472 0 0.165033 0 
2 1 0 7.08264 0.1 24.234 -0.927581 -6.09567 -0.927581 -6.09567 2.54408 0 0.16452 0 
2 1 0 7.07844 0.1 24.234 -0.927244 -6.09299 -0.927244 -6.09299 2.55334 0 0.164018 0 
2 1 0 7.07424 0.1 24.234 -0.926908 -6.0903 -0.926908 -6.0903 2.5625 0 0.163525 0 
2 1 0 7.07004 0.1 24.234 -0.926572 -6.08761 -0.926572 -6.08761 2.57156 0 0.163042 0 
2 1 0 7.06584 0.1 24.234 -0.926235 -6.08491 -0.926235 -6.08491 2.58053 0 0.162569 0 
2 1 0 7.06164 0.1 24.234 -0.9259 -6.08222 -0.9259 -6.08222 2.58941 0 0.162104 0 
2 1 0 7.05744 0.1 24.234 -0.925564 -6.07952 -0.925564 -6.07952 2.5982 0 0.161648 0 
2 1 0 7.05325 0.1 24.234 -0.925228 -6.07683 -0.925228 -6.07683 2.6069 0 0.161201 0 
2 1 0 7.04905 0.1 24.234 -0.924893 -6.07413 -0.924893 -6.07413 2.61552 0 0.160762 0 
2 1 0 7.04485 0.1 24.234 -0.924558 -6.07143 -0.924558 -6.07143 2.62404 0 0.160331 0 
2 1 0 7.04066 0.1 24.234 -0.924223 -6.06873 -0.924223 -6.06873 2.63249 0 0.159907 0 
2 1 0 7.03647 0.1 24.234 -0.923888 -6.06602 -0.923888 -6.06602 2.64085 0 0.159492 0 
2 1 0 7.03228 0.1 24.234 -0.923553 -6.06332 -0.923553 -6.06332 2.64913 0 0.159084 0 
2 1 0 7.02808 0.1 24.234 -0.923218 -6.06061 -0.923218 -6.06061 2.65734 0 0.158684 0 
2 1 0 7.02389 0.1 24.234 -0.922883 -6.05791 -0.922883 -6.05791 2.66546 0 0.15829 0 
2 1 0 7.0197 0.1 24.234 -0.922549 -6.0552 -0.922549 -6.0552 2.67351 0 0.157903 0 
2 1 0 7.01551 0.1 24.234 -0.922214 -6.05249 -0.922214 -6.05249 2.68148 0 0.157524 0 
2 1 0 7.01132 0.1 24.234 -0.92188 -6.04978 -0.92188 -6.04978 2.68938 0 0.15715 0 
2 1 0 7.00714 0.1 24.234 -0.921546 -6.04707 -0.921546 -6.04707 2.6972 0 0.156784 0 
2 1 0 7.00295 0.1 24.234 -0.921212 -6.04436 -0.921212 -6.04436 2.70495 0 0.156423 0 
2 1 0 6.99876 0.1 24.234 -0.920878 -6.04164 -0.920878 -6.04164 2.71264 0 0.156069 0 
2 1 0 6.99458 0.1 24.234 -0.920544 -6.03893 -0.920544 -6.03893 2.72025 0 0.155721 0 
2 1 0 6.99039 0.1 24.234 -0.92021 -6.03621 -0.92021 -6.03621 2.72779 0 0.155378 0 
2 1 0 6.98621 0.1 24.234 -0.919876 -6.0335 -0.919876 -6.0335 2.73526 0 0.155042 0 
2 1 0 6.98203 0.1 24.234 -0.919542 -6.03078 -0.919542 -6.03078 2.74267 0 0.154711 0 
2 1 0 6.97784 0.1 24.234 -0.919208 -6.02806 -0.919208 -6.02806 2.75001 0 0.154385 0 
2 1 0 6.97366 0.1 24.234 -0.918875 -6.02534 -0.918875 -6.02534 2.75728 0 0.154065 0 
2 1 0 6.96948 0.1 24.234 -0.918541 -6.02262 -0.918541 -6.02262 2.76449 0 0.15375 0 
2 1 0 6.9653 0.1 24.234 -0.918208 -6.0199 -0.918208 -6.0199 2.77164 0 0.153441 0 
2 1 0 6.96112 0.1 24.234 -0.917875 -6.01718 -0.917875 -6.01718 2.77873 0 0.153136 0 
2 1 0 6.95694 0.1 24.234 -0.917541 -6.01445 -0.917541 -6.01445 2.78575 0 0.152836 0 
2 1 0 6.95276 0.1 24.234 -0.917208 -6.01173 -0.917208 -6.01173 2.79271 0 0.152542 0 
2 1 0 6.94858 0.1 24.234 -0.916875 -6.009 -0.916875 -6.009 2.79961 0 0.152252 0 
2 1 0 6.9444 0.1 24.234 -0.916542 -6.00628 -0.916542 -6.00628 2.80645 0 0.151967 0 
2 1 0 6.94022 0.1 24.234 -0.916208 -6.00355 -0.916208 -6.00355 2.81323 0 0.151686 0 
2 1 0 6.93605 0.1 24.234 -0.915875 -6.00082 -0.915875 -6.00082 2.81995 0 0.15141 0 
2 1 0 6.93187 0.1 24.234 -0.915542 -5.99809 -0.915542 -5.99809 2.82662 0 0.151138 0 
2 1 0 6.92769 0.1 24.234 -0.915209 -5.99536 -0.915209 -5.99536 2.83323 0 0.15087 0 
2 1 0 6.92352 0.1 24.234 -0.914876 -5.99263 -0.914876 -5.99263 2.83978 0 0.150607 0 
2 1 0 6.91934 0.1 24.234 -0.914543 -5.9899 -0.914543 -5.9899 2.84628 0 0.150348 0 
2 1 0 6.91517 0.1 24.234 -0.91421 -5.98717 -0.91421 -5.98717 2.85272 0 0.150093 0 
2 1 0 6.91099 0.1 24.234 -0.913877 -5.98444 -0.913877 -5.98444 2.8591 0 0.149842 0 
2 1 0 6.90682 0.1 24.234 -0.913545 -5.9817 -0.913545 -5.9817 2.86543 0 0.149595 0 
2 1 0 6.90265 0.1 24.234 -0.913212 -5.97897 -0.913212 -5.97897 2.87171 0 0.149352 0 
2 1 0 6.89848 0.1 24.234 -0.912879 -5.97623 -0.912879 -5.97623 2.87793 0 0.149113 0 
2 1 0 6.8943 0.1 24.234 -0.912546 -5.9735 -0.912546 -5.9735 2.88411 0 0.148878 0 
2 1 0 6.89013 0.1 24.234 -0.912213 -5.97076 -0.912213 -5.97076 2.89023 0 0.148646 0 
2 1 0 6.88596 0.1 24.234 -0.911881 -5.96803 -0.911881 -5.96803 2.89629 0 0.148418 0 
2 1 0 6.88179 0.1 24.234 -0.911548 -5.96529 -0.911548 -5.96529 2.90231 0 0.148193 0 
2 1 0 6.87762 0.1 24.234 -0.911215 -5.96255 -0.911215 -5.96255 2.90828 0 0.147972 0 
2 1 0 6.87345 0.1 24.234 -0.910882 -5.95981 -0.910882 -5.95981 2.91419 0 0.147755 0 
2 1 0 6.86928 0.1 24.234 -0.91055 -5.95707 -0.91055 -5.95707 2.92006 0 0.147541 0 
2 1 0 6.86511 0.1 24.234 -0.910217 -5.95433 -0.910217 -5.95433 2.92588 0 0.14733 0 
2 1 0 6.86094 0.1 24.234 -0.909884 -5.95159 -0.909884 -5.95159 2.93164 0 0.147123 0 
2 1 0 6.85678 0.1 24.234 -0.909551 -5.94885 -0.909551 -5.94885 2.93736 0 0.146919 0 
2 1 0 6.85261 0.1 24.234 -0.909219 -5.94611 -0.909219 -5.94611 2.94303 0 0.146718 0 
2 1 0 6.84844 0.1 24.234 -0.908886 -5.94336 -0.908886 -5.94336 2.94866 0 0.14652 0 
2 1 0 6.84427 0.1 24.234 -0.908553 -5.94062 -0.908553 -5.94062 2.95423 0 0.146325 0 
2 1 0 6.84011 0.1 24.234 -0.908221 -5.93788 -0.908221 -5.93788 2.95976 0 0.146134 0 
2 1 0 6.83594 0.1 24.234 -0.907888 -5.93513 -0.907888 -5.93513 2.96524 0 0.145945 0 
2 1 0 6.83178 0.1 24.234 -0.907555 -5.93239 -0.907555 -5.93239 2.97068 0 0.145759 0 
2 1 0 6.82761 0.1 24.234 -0.907222 -5.92964 -0.907222 -5.92964 2.97607 0 0.145577 0 
2 1 0 6.82345 0.1 24.234 -0.90689 -5.92689 -0.90689 -5.92689 2.98141 0 0.145397 0 
2 1 0 6.81928 0.1 24.234 -0.906557 -5.92415 -0.906557 -5.92415 2.98671 0 0.14522 0 
2 1 0 6.81512 0.1 24.234 -0.906224 -5.9214 -0.906224 -5.9214 2.99196 0 0.145046 0 
2 1 0 6.81095 0.1 24.234 -0.905891 -5.91865 -0.905891 -5.91865 2.99717 0 0.144875 0 
2 1 0 6.80679 0.1 24.234 -0.905558 -5.9159 -0.905558 -5.9159 3.00234 0 0.144707 0 
2 1 0 6.80263 0.1 24.234 -0.905225 -5.91315 -0.905225 -5.91315 3.00746 0 0.144541 0 
2 1 0 6.79846 0.1 24.234 -0.904893 -5.91041 -0.904893 -5.91041 3.01253 0 0.144378 0 
2 1 0 6.7943 0.1 24.234 -0.90456 -5.90766 -0.90456 -5.90766 3.01756 0 0.144217 0 
2 1 0 6.79014 0.1 24.234 -0.904227 -5.9049 -0.904227 -5.9049 3.02255 0 0.14406 0 
2 1 0 6.78598 0.1 24.234 -0.903894 -5.90215 -0.903894 -5.90215 3.0275 0 0.143905 0 
2 1 0 6.78181 0.1 24.234 -0.903561 -5.8994 -0.903561 -5.8994 3.0324 0 0.143752 0 
2 1 0 6.77765 0.1 24.234 -0.903228 -5.89665 -0.903228 -5.89665 3.03726 0 0.143602 0 
2 1 0 6.77349 0.1 24.234 -0.902895 -5.8939 -0.902895 -5.8939 3.04208 0 0.143454 0 
2 1 0 6.76933 0.1 24.234 -0.902562 -5.89115 -0.902562 -5.89115 3.04685 0 0.143309 0 
2 1 0 6.76517 0.1 24.234 -0.902229 -5.88839 -0.902229 -5.88839 3.05159 0 0.143166 0 
2 1 0 6.76101 0.1 24.234 -0.901895 -5.88564 -0.901895 -5.88564 3.05628 0 0.143026 0 
2 1 0 6.75685 0.1 24.234 -0.901562 -5.88289 -0.901562 -5.88289 3.06093 0 0.142888 0 
2 1 0 6.75269 0.1 24.234 -0.901229 -5.88013 -0.901229 -5.88013 3.06554 0 0.142753 0 
2 1 0 6.74853 0.1 24.234 -0.900896 -5.87738 -0.900896 -5.87738 3.0701 0 0.14262 0 
2 1 0 6.74437 0.1 24.234 -0.900562 -5.87462 -0.900562 -5.87462 3.07463 0 0.142489 0 
2 1 0 6.74021 0.1 24.234 -0.900229 -5.87187 -0.900229 -5.87187 3.07912 0 0.14236 0 
2 1 0 6.73605 0.1 24.234 -0.899896 -5.86911 -0.899896 -5.86911 3.08356 0 0.142234 0 
2 1 0 6.7319 0.1 24.234 -0.899562 -5.86635 -0.899562 -5.86635 3.08797 0 0.14211 0 
2 1 0 6.72774 0.1 24.234 -0.899229 -5.8636 -0.899229 -5.8636 3.09233 0 0.141988 0 
2 1 0 6.72358 0.1 24.234 -0.898895 -5.86084 -0.898895 -5.86084 3.09666 0 0.141868 0 
2 1 0 6.71942 0.1 24.234 -0.898562 -5.85808 -0.898562 -5.85808 3.10095 0 0.141751 0 
2 1 0 6.71527 0.1 24.234 -0.898228 -5.85532 -0.898228 -5.85532 3.10519 0 0.141635 0 
2 1 0 6.71111 0.1 24.234 -0.897895 -5.85257 -0.897895 -5.85257 3.1094 0 0.141522 0 
2 1 0 6.70695 0.1 24.234 -0.897561 -5.84981 -0.897561 -5.84981 3.11357 0 0.141411 0 
2 1 0 6.7028 0.1 24.234 -0.897227 -5.84705 -0.897227 -5.84705 3.11769 0 0.141302 0 
2 1 0 6.69864 0.1 24.234 -0.896893 -5.84429 -0.896893 -5.84429 3.12178 0 0.141195 0 
2 1 0 6.69448 0.1 24.234 -0.896559 -5.84153 -0.896559 -5.84153 3.12583 0 0.14109 0 
2 1 0 6.69033 0.1 24.234 -0.896225 -5.83877 -0.896225 -5.83877 3.12985 0 0.140987 0 
2 1 0 6.68617 0.1 24.234 -0.895892 -5.83601 -0.895892 -5.83601 3.13382 0 0.140886 0 
2 1 0 6.68202 0.1 24.234 -0.895557 -5.83325 -0.895557 -5.83325 3.13775 0 0.140787 0 
2 1 0 6.67786 0.1 24.234 -0.895223 -5.83049 -0.895223 -5.83049 3.14165 0 0.14069 0 
2 1 0 6.67371 0.1 24.234 -0.894889 -5.82773 -0.894889 -5.82773 3.14551 0 0.140595 0 
2 1 0 6.66955 0.1 24.234 -0.894555 -5.82496 -0.894555 -5.82496 3.14933 0 0.140502 0 
2 1 0 6.6654 0.1 24.234 -0.894221 -5.8222 -0.894221 -5.8222 3.15311 0 0.140411 0 
2 1 0 6.66124 0.1 24.234 -0.893886 -5.81944 -0.893886 -5.81944 3.15686 0 0.140322 0 
2 1 0 6.65709 0.1 24.234 -0.893552 -5.81668 -0.893552 -5.81668 3.16056 0 0.140235 0 
2 1 0 6.65293 0.1 24.234 -0.893218 -5.81391 -0.893218 -5.81391 3.16423 0 0.14015 0 
2 1 0 6.64878 0.1 24.234 -0.892883 -5.81115 -0.892883 -5.81115 3.16787 0 0.140066 0 
2 1 0 6.64463 0.1 24.234 -0.892549 -5.80839 -0.892549 -5.80839 3.17146 0 0.139985 0 
2 1 0 6.64047 0.1 24.234 -0.892214 -5.80562 -0.892214 -5.80562 3.17502 0 0.139905 0 
2 1 0 6.63632 0.1 24.234 -0.891879 -5.80286 -0.891879 -5.80286 3.17854 0 0.139827 0 
2 1 0 6.63217 0.1 24.234 -0.891544 -5.8001 -0.891544 -5.8001 3.18202 0 0.139751 0 
2 1 0 6.62802 0.1 24.234 -0.89121 -5.79733 -0.89121 -5.79733 3.18547 0 0.139677 0 
2 1 0 6.62386 0.1 24.234 -0.890875 -5.79457 -0.890875 -5.79457 3.18888 0 0.139604 0 
2 1 0 6.61971 0.1 24.234 -0.89054 -5.7918 -0.89054 -5.7918 3.19225 0 0.139533 0 
2 1 0 6.61556 0.1 24.234 -0.890205 -5.78904 -0.890205 -5.78904 3.19559 0 0.139465 0 
2 1 0 6.61141 0.1 24.234 -0.88987 -5.78627 -0.88987 -5.78627 3.19889 0 0.139397 0 
2 1 0 6.60725 0.1 24.234 -0.889534 -5.78351 -0.889534 -5.78351 3.20215 0 0.139332 0 
2 1 0 6.6031 0.1 24.234 -0.889199 -5.78074 -0.889199 -5.78074 3.20538 0 0.139268 0 
2 1 0 6.59895 0.1 24.234 -0.888864 -5.77797 -0.888864 -5.77797 3.20857 0 0.139206 0 
2 1 0 6.5948 0.1 24.234 -0.888528 -5.77521 -0.888528 -5.77521 3.21173 0 0.139146 0 
2 1 0 6.59065 0.1 24.234 -0.888193 -5.77244 -0.888193 -5.77244 3.21485 0 0.139087 0 
2 1 0 6.5865 0.1 24.234 -0.887857 -5.76967 -0.887857 -5.76967 3.21793 0 0.139031 0 
2 1 0 6.58235 0.1 24.234 -0.887521 -5.76691 -0.887521 -5.76691 3.22097 0 0.138975 0 
2 1 0 6.5782 0.1 24.234 -0.887186 -5.76414 -0.887186 -5.76414 3.22398 0 0.138922 0 
2 1 0 6.57404 0.1 24.234 -0.88685 -5.76137 -0.88685 -5.76137 3.22696 0 0.13887 0 
2 1 0 6.56989 0.1 24.234 -0.886514 -5.7586 -0.886514 -5.7586 3.2299 0 0.13882 0 
2 1 0 6.56574 0.1 24.234 -0.886178 -5.75584 -0.886178 -5.75584 3.2328 0 0.138771 0 
2 1 0 6.56159 0.1 24.234 -0.885842 -5.75307 -0.885842 -5.75307 3.23567 0 0.138725 0 
2 1 0 6.55744 0.1 24.234 -0.885506 -5.7503 -0.885506 -5.7503 3.2385 0 0.138679 0 
2 1 0 6.55329 0.1 24.234 -0.88517 -5.74753 -0.88517 -5.74753 3.24129 0 0.138636 0 
2 1 0 6.54914 0.1 24.234 -0.884833 -5.74476 -0.884833 -5.74476 3.24405 0 0.138594 0 
2 1 0 6.54499 0.1 24.234 -0.884497 -5.74199 -0.884497 -5.74199 3.24678 0 0.138553 0 
2 1 0 6.54084 0.1 24.234 -0.88416 -5.73922 -0.88416 -5.73922 3.24947 0 0.138514 0 
2 1 0 6.5367 0.1 24.234 -0.883824 -5.73645 -0.883824 -5.73645 3.25212 0 0.138477 0 
2 1 0 6.53255 0.1 24.234 -0.883487 -5.73368 -0.883487 -5.73368 3.25474 0 0.138442 0 
2 1 0 6.5284 0.1 24.234 -0.88315 -5.73091 -0.88315 -5.73091 3.25732 0 0.138408 0 
2 1 0 6.52425 0.1 24.234 -0.882814 -5.72815 -0.882814 -5.72815 3.25987 0 0.138375 0 
2 1 0 6.5201 0.1 24.234 -0.882477 -5.72537 -0.882477 -5.72537 3.26238 0 0.138344 0 
2 1 0 6.51595 0.1 24.234 -0.88214 -5.7226 -0.88214 -5.7226 3.26486 0 0.138315 0 
2 1 0 6.5118 0.1 24.234 -0.881803 -5.71983 -0.881803 -5.71983 3.2673 0 0.138287 0 
2 1 0 6.50765 0.1 24.234 -0.881465 -5.71706 -0.881465 -5.71706 3.26971 0 0.138261 0 
2 1 0 6.5035 0.1 24.234 -0.881128 -5.71429 -0.881128 -5.71429 3.27208 0 0.138236 0 
2 1 0 6.49936 0.1 24.234 -0.880791 -5.71152 -0.880791 -5.71152 3.27442 0 0.138213 0 
2 1 0 6.49521 0.1 24.234 -0.880453 -5.70875 -0.880453 -5.70875 3.27672 0 0.138192 0 
2 1 0 6.49106 0.1 24.234 -0.880116 -5.70598 -0.880116 -5.70598 3.27899 0 0.138172 0 
2 1 0 6.48691 0.1 24.234 -0.879778 -5.70321 -0.879778 -5.70321 3.28122 0 0.138153 0 
2 1 0 6.48276 0.1 24.234 -0.87944 -5.70044 -0.87944 -5.70044 3.28342 0 0.138136 0 
2 1 0 6.47862 0.1 24.234 -0.879102 -5.69767 -0.879102 -5.69767 3.28558 0 0.138121 0 
2 1 0 6.47447 0.1 24.234 -0.878764 -5.69489 -0.878764 -5.69489 3.2877 0 0.138107 0 
2 1 0 6.47032 0.1 24.234 -0.878426 -5.69212 -0.878426 -5.69212 3.28979 0 0.138094 0 
2 1 0 6.46617 0.1 24.234 -0.878088 -5.68935 -0.878088 -5.68935 3.29185 0 0.138083 0 
2 1 0 6.46203 0.1 24.234 -0.87775 -5.68658 -0.87775 -5.68658 3.29387 0 0.138074 0 
2 1 0 6.45788 0.1 24.234 -0.877412 -5.6838 -0.877412 -5.6838 3.29586 0 0.138066 0 
2 1 0 6.45373 0.1 24.234 -0.877073 -5.68103 -0.877073 -5.68103 3.29781 0 0.138059 0 
2 1 0 6.44959 0.1 24.234 -0.876735 -5.67826 -0.876735 -5.67826 3.29973 0 0.138054 0 
2 1 0 6.44544 0.1 24.234 -0.876396 -5.67549 -0.876396 -5.67549 3.30161 0 0.138051 0 
2 1 0 6.44129 0.1 24.234 -0.876057 -5.67271 -0.876057 -5.67271 3.30346 0 0.138049 0 
2 1 0 6.43715 0.1 24.234 -0.875718 -5.66994 -0.875718 -5.66994 3.30527 0 0.138048 0 
2 1 0 6.433 0.1 24.234 -0.875379 -5.66717 -0.875379 -5.66717 3.30705 0 0.138049 0 
2 1 0 6.42885 0.1 24.234 -0.87504 -5.66439 -0.87504 -5.66439 3.30879 0 0.138052 0 
2 1 0 6.42471 0.1 24.234 -0.874701 -5.66162 -0.874701 -5.66162 3.3105 0 0.138056 0 
2 1 0 6.42056 0.1 24.234 -0.874362 -5.65885 -0.874362 -5.65885 3.31217 0 0.138061 0 
2 1 0 6.41641 0.1 24.234 -0.874022 -5.65607 -0.874022 -5.65607 3.31381 0 0.138068 0 
2 1 0 6.41227 0.1 24.234 -0.873683 -5.6533 -0.873683 -5.6533 3.31541 0 0.138076 0 
2 1 0 6.40812 0.1 24.234 -0.873343 -5.65053 -0.873343 -5.65053 3.31698 0 0.138086 0 
2 1 0 6.40397 0.1 24.234 -0.873004 -5.64775 -0.873004 -5.64775 3.31851 0 0.138097 0 
2 1 0 6.39983 0.1 24.234 -0.872664 -5.64498 -0.872664 -5.64498 3.32001 0 0.13811 0 
2 1 0 6.39568 0.1 24.234 -0.872324 -5.6422 -0.872324 -5.6422 3.32148 0 0.138124 0 
2 1 0 6.39154 0.1 24.234 -0.871984 -5.63943 -0.871984 -5.63943 3.32291 0 0.13814 0 
2 1 0 6.38739 0.1 24.234 -0.871644 -5.63665 -0.871644 -5.63665 3.3243 0 0.138157 0 
2 1 0 6.38325 0.1 24.234 -0.871304 -5.63388 -0.871304 -5.63388 3.32566 0 0.138175 0 
2 1 0 6.3791 0.1 24.234 -0.870963 -5.63111 -0.870963 -5.63111 3.32698 0 0.138195 0 
2 1 0 6.37495 0.1 24.234 -0.870623 -5.62833 -0.870623 -5.62833 3.32827 0 0.138217 0 
2 1 0 6.37081 0.1 24.234 -0.870282 -5.62556 -0.870282 -5.62556 3.32953 0 0.13824 0 
2 1 0 6.36666 0.1 24.234 -0.869941 -5.62278 -0.869941 -5.62278 3.33074 0 0.138264 0 
2 1 0 6.36252 0.1 24.234 -0.869601 -5.62001 -0.869601 -5.62001 3.33193 0 0.13829 0 
2 1 0 6.35837 0.1 24.234 -0.86926 -5.61723 -0.86926 -5.61723 3.33308 0 0.138317 0 
2 1 0 6.35423 0.1 24.234 -0.868919 -5.61446 -0.868919 -5.61446 3.33419 0 0.138346 0 
2 1 0 6.35008 0.1 24.234 -0.868578 -5.61168 -0.868578 -5.61168 3.33527 0 0.138377 0 
2 1 0 6.34594 0.1 24.234 -0.868236 -5.6089 -0.868236 -5.6089 3.33631 0 0.138408 0 
2 1 0 6.34179 0.1 24.234 -0.867895 -5.60613 -0.867895 -5.60613 3.33732 0 0.138441 0 
2 1 0 6.33765 0.1 24.234 -0.867553 -5.60335 -0.867553 -5.60335 3.3383 0 0.138476 0 
2 1 0 6.3335 0.1 24.234 -0.867212 -5.60058 -0.867212 -5.60058 3.33924 0 0.138512 0 
2 1 0 6.32936 0.1 24.234 -0.86687 -5.5978 -0.86687 -5.5978 3.34014 0 0.13855 0 
2 1 0 6.32521 0.1 24.234 -0.866528 -5.59503 -0.866528 -5.59503 3.34101 0 0.138589 0 
2 1 0 6.32107 0.1 24.234 -0.866186 -5.59225 -0.866186 -5.59225 3.34184 0 0.138629 0 
2 1 0 6.31693 0.1 24.234 -0.865844 -5.58947 -0.865844 -5.58947 3.34264 0 0.138671 0 
2 1 0 6.31278 0.1 24.234 -0.865502 -5.5867 -0.865502 -5.5867 3.3434 0 0.138715 0 
2 1 0 6.30864 0.1 24.234 -0.86516 -5.58392 -0.86516 -5.58392 3.34413 0 0.138759 0 
2 1 0 6.30449 0.1 24.234 -0.864817 -5.58115 -0.864817 -5.58115 3.34482 0 0.138806 0 
2 1 0 6.30035 0.1 24.234 -0.864475 -5.57837 -0.864475 -5.57837 3.34547 0 0.138854 0 
2 1 0 6.2962 0.1 24.234 -0.864132 -5.57559 -0.864132 -5.57559 3.3461 0 0.138903 0 
2 1 0 6.29206 0.1 24.234 -0.863789 -5.57282 -0.863789 -5.57282 3.34668 0 0.138954 0 
2 1 0 6.28792 0.1 24.234 -0.863447 -5.57004 -0.863447 -5.57004 3.34723 0 0.139006 0 
2 1 0 6.28377 0.1 24.234 -0.863104 -5.56726 -0.863104 -5.56726 3.34775 0 0.13906 0 
2 1 0 6.27963 0.1 24.234 -0.86276 -5.56449 -0.86276 -5.56449 3.34822 0 0.139115 0 
2 1 0 6.27548 0.1 24.234 -0.862417 -5.56171 -0.862417 -5.56171 3.34867 0 0.139172 0 
2 1 0 6.27134 0.1 24.234 -0.862074 -5.55893 -0.862074 -5.55893 3.34908 0 0.13923 0 
2 1 0 6.2672 0.1 24.234 -0.86173 -5.55616 -0.86173 -5.55616 3.34945 0 0.13929 0 
2 1 0 6.26305 0.1 24.234 -0.861387 -5.55338 -0.861387 -5.55338 3.34978 0 0.139351 0 
2 1 0 6.25891 0.1 24.234 -0.861043 -5.5506 -0.861043 -5.5506 3.35008 0 0.139414 0 
2 1 0 6.25477 0.1 24.234 -0.860699 -5.54783 -0.860699 -5.54783 3.35035 0 0.139478 0 
2 1 0 6.25062 0.1 24.234 -0.860355 -5.54505 -0.860355 -5.54505 3.35058 0 0.139544 0 
2 1 0 6.24648 0.1 24.234 -0.860011 -5.54227 -0.860011 -5.54227 3.35077 0 0.139611 0 
2 1 0 6.24233 0.1 24.234 -0.859667 -5.53949 -0.859667 -5.53949 3.35093 0 0.13968 0 
2 1 0 6.23819 0.1 24.234 -0.859322 -5.53672 -0.859322 -5.53672 3.35105 0 0.13975 0 
2 1 0 6.23405 0.1 24.234 -0.858978 -5.53394 -0.858978 -5.53394 3.35113 0 0.139822 0 
2 1 0 6.2299 0.1 24.234 -0.858633 -5.53116 -0.858633 -5.53116 3.35118 0 0.139895 0 
2 1 0 6.22576 0.1 24.234 -0.858288 -5.52838 -0.858288 -5.52838 3.35119 0 0.13997 0 
2 1 0 6.22162 0.1 24.234 -0.857943 -5.52561 -0.857943 -5.52561 3.35117 0 0.140047 0 
2 1 0 6.21748 0.1 24.234 -0.857598 -5.52283 -0.857598 -5.52283 3.35111 0 0.140125 0 
2 1 0 6.21333 0.1 24.234 -0.857253 -5.52005 -0.857253 -5.52005 3.35101 0 0.140204 0 
2 1 0 6.20919 0.1 24.234 -0.856908 -5.51727 -0.856908 -5.51727 3.35088 0 0.140285 0 
2 1 0 6.20505 0.1 24.234 -0.856562 -5.5145 -0.856562 -5.5145 3.35071 0 0.140368 0 
2 1 0 6.2009 0.1 24.234 -0.856217 -5.51172 -0.856217 -5.51172 3.3505 0 0.140452 0 
2 1 0 6.19676 0.1 24.234 -0.855871 -5.50894 -0.855871 -5.50894 3.35026 0 0.140538 0 
2 1 0 6.19262 0.1 24.234 -0.855525 -5.50616 -0.855525 -5.50616 3.34998 0 0.140625 0 
2 1 0 6.18847 0.1 24.234 -0.85518 -5.50338 -0.85518 -5.50338 3.34966 0 0.140714 0 
2 1 0 6.18433 0.1 24.234 -0.854834 -5.50061 -0.854834 -5.50061 3.34931 0 0.140805 0 
2 1 0 6.18019 0.1 24.234 -0.854487 -5.49783 -0.854487 -5.49783 3.34892 0 0.140897 0 
2 1 0 6.17605 0.1 24.234 -0.854141 -5.49505 -0.854141 -5.49505 3.34849 0 0.14099 0 
2 1 0 6.1719 0.1 24.234 -0.853795 -5.49227 -0.853795 -5.49227 3.34803 0 0.141086 0 
2 1 0 6.16776 0.1 24.234 -0.853448 -5.48949 -0.853448 -5.48949 3.34753 0 0.141183 0 
2 1 0 6.16362 0.1 24.234 -0.853101 -5.48671 -0.853101 -5.48671 3.34699 0 0.141281 0 
2 1 0 6.15948 0.1 24.234 -0.852754 -5.48394 -0.852754 -5.48394 3.34642 0 0.141381 0 
2 1 0 6.15533 0.1 24.234 -0.852407 -5.48116 -0.852407 -5.48116 3.34581 0 0.141483 0 
2 1 0 6.15119 0.1 24.234 -0.85206 -5.47838 -0.85206 -5.47838 3.34516 0 0.141587 0 
2 1 0 6.14705 0.1 24.234 -0.851713 -5.4756 -0.851713 -5.4756 3.34447 0 0.141692 0 
2 1 0 6.14291 0.1 24.234 -0.851366 -5.47282 -0.851366 -5.47282 3.34375 0 0.141799 0 
2 1 0 6.13877 0.1 24.234 -0.851018 -5.47004 -0.851018 -5.47004 3.34298 0 0.141907 0 
2 1 0 6.13462 0.1 24.234 -0.850671 -5.46726 -0.850671 -5.46726 3.34218 0 0.142017 0 
2 1 0 6.13048 0.1 24.234 -0.850323 -5.46448 -0.850323 -5.46448 3.34135 0 0.142129 0 
2 1 0 6.12634 0.1 24.234 -0.849975 -5.46171 -0.849975 -5.46171 3.34047 0 0.142242 0 
2 1 0 6.1222 0.1 24.234 -0.849627 -5.45893 -0.849627 -5.45893 3.33956 0 0.142358 0 
2 1 0 6.11806 0.1 24.234 -0.849279 -5.45615 -0.849279 -5.45615 3.33861 0 0.142475 0 
2 1 0 6.11391 0.1 24.234 -0.84893 -5.45337 -0.84893 -5.45337 3.33762 0 0.142593 0 
2 1 0 6.10977 0.1 24.234 -0.848582 -5.45059 -0.848582 -5.45059 3.33659 0 0.142713 0 
2 1 0 6.10563 0.1 24.234 -0.848233 -5.44781 -0.848233 -5.44781 3.33553 0 0.142836 0 
2 1 0 6.10149 0.1 24.234 -0.847885 -5.44503 -0.847885 -5.44503 3.33442 0 0.142959 0 
2 1 0 6.09735 0.1 24.234 -0.847536 -5.44225 -0.847536 -5.44225 3.33328 0 0.143085 0 
2 1 0 6.0932 0.1 24.234 -0.847187 -5.43947 -0.847187 -5.43947 3.3321 0 0.143212 0 
2 1 0 6.08906 0.1 24.234 -0.846838 -5.43669 -0.846838 -5.43669 3.33088 0 0.143341 0 
2 1 0 6.08492 0.1 24.234 -0.846488 -5.43391 -0.846488 -5.43391 3.32962 0 0.143472 0 
2 1 0 6.08078 0.1 24.234 -0.846139 -5.43113 -0.846139 -5.43113 3.32833 0 0.143605 0 
2 1 0 6.07664 0.1 24.234 -0.845789 -5.42835 -0.845789 -5.42835 3.32699 0 0.14374 0 
2 1 0 6.0725 0.1 24.234 -0.84544 -5.42557 -0.84544 -5.42557 3.32562 0 0.143876 0 
2 1 0 6.06836 0.1 24.234 -0.84509 -5.42279 -0.84509 -5.42279 3.32421 0 0.144014 0 
2 1 0 6.06421 0.1 24.234 -0.84474 -5.42001 -0.84474 -5.42001 3.32275 0 0.144154 0 
2 1 0 6.06007 0.1 24.234 -0.84439 -5.41723 -0.84439 -5.41723 3.32126 0 0.144296 0 
2 1 0 6.05593 0.1 24.234 -0.844039 -5.41445 -0.844039 -5.41445 3.31973 0 0.14444 0 
2 1 0 6.05179 0.1 24.234 -0.843689 -5.41167 -0.843689 -5.41167 3.31816 0 0.144585 0 
2 1 0 6.04765 0.1 24.234 -0.843338 -5.40889 -0.843338 -5.40889 3.31655 0 0.144733 0 
2 1 0 6.04351 0.1 24.234 -0.842988 -5.40611 -0.842988 -5.40611 3.3149 0 0.144882 0 
2 1 0 6.03937 0.1 24.234 -0.842637 -5.40333 -0.842637 -5.40333 3.31321 0 0.145033 0 
2 1 0 6.03523 0.1 24.234 -0.842286 -5.40055 -0.842286 -5.40055 3.31148 0 0.145187 0 
2 1 0 6.03109 0.1 24.234 -0.841935 -5.39777 -0.841935 -5.39777 3.30972 0 0.145342 0 
2 1 0 6.02695 0.1 24.234 -0.841584 -5.39499 -0.841584 -5.39499 3.30791 0 0.145499 0 
2 1 0 6.02281 0.1 24.234 -0.841232 -5.39221 -0.841232 -5.39221 3.30606 0 0.145658 0 
2 1 0 6.01867 0.1 24.234 -0.840881 -5.38943 -0.840881 -5.38943 3.30417 0 0.145819 0 
2 1 0 6.01452 0.1 24.234 -0.840529 -5.38665 -0.840529 -5.38665 3.30224 0 0.145982 0 
2 1 0 6.01038 0.1 24.234 -0.840177 -5.38387 -0.840177 -5.38387 3.30027 0 0.146147 0 
2 1 0 6.00624 0.1 24.234 -0.839825 -5.38109 -0.839825 -5.38109 3.29826 0 0.146315 0 
2 1 0 6.0021 0.1 24.234 -0.839473 -5.37831 -0.839473 -5.37831 3.2962 0 0.146484 0 
2 1 0 5.99796 0.1 24.234 -0.839121 -5.37553 -0.839121 -5.37553 3.29411 0 0.146655 0 
2 1 0 5.99382 0.1 24.234 -0.838769 -5.37275 -0.838769 -5.37275 3.29198 0 0.146828 0 
2 1 0 5.98968 0.1 24.234 -0.838416 -5.36996 -0.838416 -5.36996 3.2898 0 0.147004 0 
2 1 0 5.98554 0.1 24.234 -0.838064 -5.36718 -0.838064 -5.36718 3.28759 0 0.147181 0 
2 1 0 5.9814 0.1 24.234 -0.837711 -5.3644 -0.837711 -5.3644 3.28533 0 0.147361 0 
2 1 0 5.97726 0.1 24.234 -0.837358 -5.36162 -0.837358 -5.36162 3.28303 0 0.147542 0 
2 1 0 5.97312 0.1 24.234 -0.837005 -5.35884 -0.837005 -5.35884 3.28069 0 0.147726 0 
2 1 0 5.96898 0.1 24.234 -0.836652 -5.35606 -0.836652 -5.35606 3.27831 0 0.147912 0 
2 1 0 5.96484 0.1 24.234 -0.836298 -5.35327 -0.836298 -5.35327 3.27588 0 0.148101 0 
2 1 0 5.9607 0.1 24.234 -0.835945 -5.35049 -0.835945 -5.35049 3.27342 0 0.148291 0 
2 1 0 5.95656 0.1 24.234 -0.835591 -5.34771 -0.835591 -5.34771 3.27091 0 0.148484 0 
2 1 0 5.95242 0.1 24.234 -0.835237 -5.34493 -0.835237 -5.34493 3.26835 0 0.148679 0 
2 1 0 5.94829 0.1 24.234 -0.834883 -5.34215 -0.834883 -5.34215 3.26576 0 0.148876 0 
2 1 0 5.94415 0.1 24.234 -0.834529 -5.33937 -0.834529 -5.33937 3.26312 0 0.149076 0 
2 1 0 5.94001 0.1 24.234 -0.834175 -5.33658 -0.834175 -5.33658 3.26045 0 0.149278 0 
2 1 0 5.93587 0.1 24.234 -0.833821 -5.3338 -0.833821 -5.3338 3.25772 0 0.149482 0 
2 1 0 5.93173 0.1 24.234 -0.833466 -5.33102 -0.833466 -5.33102 3.25496 0 0.149688 0 
2 1 0 5.92759 0.1 24.234 -0.833112 -5.32824 -0.833112 -5.32824 3.25215 0 0.149897 0 
2 1 0 5.92345 0.1 24.234 -0.832757 -5.32545 -0.832757 -5.32545 3.2493 0 0.150109 0 
2 1 0 5.91931 0.1 24.234 -0.832402 -5.32267 -0.832402 -5.32267 3.2464 0 0.150322 0 
2 1 0 5.91517 0.1 24.234 -0.832047 -5.31989 -0.832047 -5.31989 3.24346 0 0.150538 0 
2 1 0 5.91103 0.1 24.234 -0.831692 -5.3171 -0.831692 -5.3171 3.24048 0 0.150757 0 
2 1 0 5.9069 0.1 24.234 -0.831336 -5.31432 -0.831336 -5.31432 3.23745 0 0.150978 0 
2 1 0 5.90276 0.1 24.234 -0.830981 -5.31154 -0.830981 -5.31154 3.23438 0 0.151202 0 
2 1 0 5.89862 0.1 24.234 -0.830625 -5.30875 -0.830625 -5.30875 3.23126 0 0.151428 0 
2 1 0 5.89448 0.1 24.234 -0.830269 -5.30597 -0.830269 -5.30597 3.2281 0 0.151657 0 
2 1 0 5.89034 0.1 24.234 -0.829913 -5.30319 -0.829913 -5.30319 3.2249 0 0.151888 0 
2 1 0 5.8862 0.1 24.234 -0.829557 -5.3004 -0.829557 -5.3004 3.22165 0 0.152122 0 
2 1 0 5.88207 0.1 24.234 -0.829201 -5.29762 -0.829201 -5.29762 3.21835 0 0.152358 0 
2 1 0 5.87793 0.1 24.234 -0.828845 -5.29484 -0.828845 -5.29484 3.21501 0 0.152598 0 
2 1 0 5.87379 0.1 24.234 -0.828488 -5.29205 -0.828488 -5.29205 3.21163 0 0.15284 0 
2 1 0 5.86965 0.1 24.234 -0.828132 -5.28927 -0.828132 -5.28927 3.20819 0 0.153084 0 
2 1 0 5.86551 0.1 24.234 -0.827775 -5.28648 -0.827775 -5.28648 3.20472 0 0.153332 0 
2 1 0 5.86138 0.1 24.234 -0.827418 -5.2837 -0.827418 -5.2837 3.20119 0 0.153582 0 
2 1 0 5.85724 0.1 24.234 -0.827061 -5.28091 -0.827061 -5.28091 3.19762 0 0.153835 0 
2 1 0 5.8531 0.1 24.234 -0.826703 -5.27813 -0.826703 -5.27813 3.194 0 0.15409 0 
2 1 0 5.84897 0.1 24.234 -0.826346 -5.27534 -0.826346 -5.27534 3.19034 0 0.154349 0 
2 1 0 5.84483 0.1 24.234 -0.825989 -5.27256 -0.825989 -5.27256 3.18663 0 0.154611 0 
2 1 0 5.84069 0.1 24.234 -0.825631 -5.26977 -0.825631 -5.26977 3.18287 0 0.154875 0 
2 1 0 5.83655 0.1 24.234 -0.825273 -5.26699 -0.825273 -5.26699 3.17907 0 0.155143 0 
2 1 0 5.83242 0.1 24.234 -0.824915 -5.2642 -0.824915 -5.2642 3.17521 0 0.155413 0 
2 1 0 5.82828 0.1 24.234 -0.824557 -5.26142 -0.824557 -5.26142 3.17131 0 0.155687 0 
2 1 0 5.82414 0.1 24.234 -0.824199 -5.25863 -0.824199 -5.25863 3.16736 0 0.155963 0 
2 1 0 5.82001 0.1 24.234 -0.823841 -5.25584 -0.823841 -5.25584 3.16337 0 0.156243 0 
2 1 0 5.81587 0.1 24.234 -0.823482 -5.25306 -0.823482 -5.25306 3.15932 0 0.156526 0 
2 1 0 5.81174 0.1 24.234 -0.823123 -5.25027 -0.823123 -5.25027 3.15523 0 0.156812 0 
2 1 0 5.8076 0.1 24.234 -0.822765 -5.24749 -0.822765 -5.24749 3.15108 0 0.157101 0 
2 1 0 5.80346 0.1 24.234 -0.822406 -5.2447 -0.822406 -5.2447 3.14689 0 0.157393 0 
2 1 0 5.79933 0.1 24.234 -0.822047 -5.24191 -0.822047 -5.24191 3.14265 0 0.157689 0 
2 1 0 5.79519 0.1 24.234 -0.821687 -5.23912 -0.821687 -5.23912 3.13836 0 0.157988 0 
2 1 0 5.79106 0.1 24.234 -0.821328 -5.23634 -0.821328 -5.23634 3.13401 0 0.15829 0 
2 1 0 5.78692 0.1 24.234 -0.820969 -5.23355 -0.820969 -5.23355 3.12962 0 0.158596 0 
2 1 0 5.78279 0.1 24.234 -0.820609 -5.23076 -0.820609 -5.23076 3.12518 0 0.158906 0 
2 1 0 5.77865 0.1 24.234 -0.820249 -5.22797 -0.820249 -5.22797 3.12069 0 0.159218 0 
2 1 0 5.77452 0.1 24.234 -0.819889 -5.22519 -0.819889 -5.22519 3.11614 0 0.159535 0 
2 1 0 5.77038 0.1 24.234 -0.819529 -5.2224 -0.819529 -5.2224 3.11154 0 0.159855 0 
2 1 0 5.76625 0.1 24.234 -0.819169 -5.21961 -0.819169 -5.21961 3.10689 0 0.160178 0 
2 1 0 5.76211 0.1 24.234 -0.818809 -5.21682 -0.818809 -5.21682 3.10219 0 0.160506 0 
2 1 0 5.75798 0.1 24.234 -0.818448 -5.21403 -0.818448 -5.21403 3.09744 0 0.160837 0 
2 1 0 5.75385 0.1 24.234 -0.818088 -5.21124 -0.818088 -5.21124 3.09264 0 0.161172 0 
2 1 0 5.74971 0.1 24.234 -0.817727 -5.20845 -0.817727 -5.20845 3.08778 0 0.16151 0 
2 1 0 5.74558 0.1 24.234 -0.817366 -5.20566 -0.817366 -5.20566 3.08287 0 0.161853 0 
2 1 0 5.74144 0.1 24.234 -0.817005 -5.20287 -0.817005 -5.20287 3.0779 0 0.1622 0 
2 1 0 5.73731 0.1 24.234 -0.816644 -5.20008 -0.816644 -5.20008 3.07288 0 0.16255 0 
2 1 0 5.73318 0.1 24.234 -0.816283 -5.19729 -0.816283 -5.19729 3.06781 0 0.162905 0 
2 1 0 5.72904 0.1 24.234 -0.815921 -5.1945 -0.815921 -5.1945 3.06268 0 0.163264 0 
2 1 0 5.72491 0.1 24.234 -0.81556 -5.19171 -0.81556 -5.19171 3.05749 0 0.163626 0 
2 1 0 5.72078 0.1 24.234 -0.815198 -5.18892 -0.815198 -5.18892 3.05225 0 0.163994 0 
2 1 0 5.71665 0.1 24.234 -0.814836 -5.18613 -0.814836 -5.18613 3.04696 0 0.164365 0 
2 1 0 5.71251 0.1 24.234 -0.814474 -5.18334 -0.814474 -5.18334 3.04161 0 0.164741 0 
2 1 0 5.70838 0.1 24.234 -0.814112 -5.18055 -0.814112 -5.18055 3.0362 0 0.165121 0 
2 1 0 5.70425 0.1 24.234 -0.81375 -5.17775 -0.81375 -5.17775 3.03073 0 0.165506 0 
2 1 0 5.70012 0.1 24.234 -0.813388 -5.17496 -0.813388 -5.17496 3.02521 0 0.165895 0 
2 1 0 5.69599 0.1 24.234 -0.813025 -5.17217 -0.813025 -5.17217 3.01963 0 0.166289 0 
2 1 0 5.69186 0.1 24.234 -0.812662 -5.16937 -0.812662 -5.16937 3.01399 0 0.166688 0 
2 1 0 5.68773 0.1 24.234 -0.8123 -5.16658 -0.8123 -5.16658 3.00829 0 0.167091 0 
2 1 0 5.68359 0.1 24.234 -0.811937 -5.16379 -0.811937 -5.16379 3.00254 0 0.1675 0 
2 1 0 5.67946 0.1 24.234 -0.811574 -5.16099 -0.811574 -5.16099 2.99672 0 0.167913 0 
2 1 0 5.67533 0.1 24.234 -0.811211 -5.1582 -0.811211 -5.1582 2.99084 0 0.168331 0 
2 1 0 5.6712 0.1 24.234 -0.810848 -5.1554 -0.810848 -5.1554 2.9849 0 0.168755 0 
2 1 0 5.66707 0.1 24.234 -0.810484 -5.15261 -0.810484 -5.15261 2.97891 0 0.169183 0 
2 1 0 5.66294 0.1 24.234 -0.810121 -5.14981 -0.810121 -5.14981 2.97285 0 0.169617 0 
2 1 0 5.65881 0.1 24.234 -0.809757 -5.14702 -0.809757 -5.14702 2.96672 0 0.170056 0 
2 1 0 5.65469 0.1 24.234 -0.809393 -5.14422 -0.809393 -5.14422 2.96054 0 0.170501 0 
2 1 0 5.65056 0.1 24.234 -0.80903 -5.14143 -0.80903 -5.14143 2.95429 0 0.170951 0 
2 1 0 5.64643 0.1 24.234 -0.808666 -5.13863 -0.808666 -5.13863 2.94798 0 0.171407 0 
2 1 0 5.6423 0.1 24.234 -0.808302 -5.13583 -0.808302 -5.13583 2.9416 0 0.171869 0 
2 1 0 5.63817 0.1 24.234 -0.807937 -5.13303 -0.807937 -5.13303 2.93516 0 0.172336 0 
2 1 0 5.63404 0.1 24.234 -0.807573 -5.13024 -0.807573 -5.13024 2.92865 0 0.172809 0 
2 1 0 5.62992 0.1 24.234 -0.807209 -5.12744 -0.807209 -5.12744 2.92208 0 0.173289 0 
2 1 0 5.62579 0.1 24.234 -0.806844 -5.12464 -0.806844 -5.12464 2.91544 0 0.173775 0 
2 1 0 5.62166 0.1 24.234 -0.806479 -5.12184 -0.806479 -5.12184 2.90873 0 0.174266 0 
2 1 0 5.61754 0.1 24.234 -0.806115 -5.11904 -0.806115 -5.11904 2.90196 0 0.174765 0 
2 1 0 5.61341 0.1 24.234 -0.80575 -5.11624 -0.80575 -5.11624 2.89511 0 0.17527 0 
2 1 0 5.60928 0.1 24.234 -0.805385 -5.11344 -0.805385 -5.11344 2.8882 0 0.175781 0 
2 1 0 5.60516 0.1 24.234 -0.80502 -5.11064 -0.80502 -5.11064 2.88122 0 0.176299 0 
2 1 0 5.60103 0.1 24.234 -0.804654 -5.10784 -0.804654 -5.10784 2.87416 0 0.176825 0 
2 1 0 5.59691 0.1 24.234 -0.804289 -5.10504 -0.804289 -5.10504 2.86703 0 0.177357 0 
2 1 0 5.59278 0.1 24.234 -0.803924 -5.10223 -0.803924 -5.10223 2.85984 0 0.177896 0 
2 1 0 5.58866 0.1 24.234 -0.803558 -5.09943 -0.803558 -5.09943 2.85256 0 0.178443 0 
2 1 0 5.58453 0.1 24.234 -0.803192 -5.09663 -0.803192 -5.09663 2.84522 0 0.178997 0 
2 1 0 5.58041 0.1 24.234 -0.802827 -5.09382 -0.802827 -5.09382 2.83779 0 0.179559 0 
2 1 0 5.57629 0.1 24.234 -0.802461 -5.09102 -0.802461 -5.09102 2.8303 0 0.180129 0 
2 1 0 5.57216 0.1 24.234 -0.802095 -5.08822 -0.802095 -5.08822 2.82272 0 0.180707 0 
2 1 0 5.56804 0.1 24.234 -0.801729 -5.08541 -0.801729 -5.08541 2.81507 0 0.181292 0 
2 1 0 5.56392 0.1 24.234 -0.801363 -5.0826 -0.801363 -5.0826 2.80734 0 0.181886 0 
2 1 0 5.5598 0.1 24.234 -0.800997 -5.0798 -0.800997 -5.0798 2.79953 0 0.182489 0 
2 1 0 5.55567 0.1 24.234 -0.80063 -5.07699 -0.80063 -5.07699 2.79164 0 0.1831 0 
2 1 0 5.55155 0.1 24.234 -0.800264 -5.07418 -0.800264 -5.07418 2.78366 0 0.183721 0 
2 1 0 5.54743 0.1 24.234 -0.799898 -5.07137 -0.799898 -5.07137 2.77561 0 0.18435 0 
2 1 0 5.54331 0.1 24.234 -0.799531 -5.06857 -0.799531 -5.06857 2.76747 0 0.184989 0 
2 1 0 5.53919 0.1 24.234 -0.799164 -5.06576 -0.799164 -5.06576 2.75924 0 0.185637 0 
2 1 0 5.53507 0.1 24.234 -0.798798 -5.06295 -0.798798 -5.06295 2.75093 0 0.186295 0 
2 1 0 5.53095 0.1 24.234 -0.798431 -5.06014 -0.798431 -5.06014 2.74253 0 0.186962 0 
2 1 0 5.52684 0.1 24.234 -0.798064 -5.05732 -0.798064 -5.05732 2.73404 0 0.187641 0 
2 1 0 5.52272 0.1 24.234 -0.797697 -5.05451 -0.797697 -5.05451 2.72546 0 0.188329 0 
2 1 0 5.5186 0.1 24.234 -0.79733 -5.0517 -0.79733 -5.0517 2.71679 0 0.189029 0 
2 1 0 5.51448 0.1 24.234 -0.796963 -5.04889 -0.796963 -5.04889 2.70803 0 0.189739 0 
2 1 0 5.51037 0.1 24.234 -0.796596 -5.04607 -0.796596 -5.04607 2.69917 0 0.190461 0 
2 1 0 5.50625 0.1 24.234 -0.796229 -5.04326 -0.796229 -5.04326 2.69022 0 0.191194 0 
2 1 0 5.50214 0.1 24.234 -0.795862 -5.04044 -0.795862 -5.04044 2.68116 0 0.191939 0 
2 1 0 5.49802 0.1 24.234 -0.795495 -5.03763 -0.795495 -5.03763 2.67201 0 0.192696 0 
2 1 0 5.49391 0.1 24.234 -0.795127 -5.03481 -0.795127 -5.03481 2.66276 0 0.193466 0 
2 1 0 5.48979 0.1 24.234 -0.79476 -5.03199 -0.79476 -5.03199 2.65341 0 0.194249 0 
2 1 0 5.48568 0.1 24.234 -0.794393 -5.02917 -0.794393 -5.02917 2.64395 0 0.195045 0 
2 1 0 5.48157 0.1 24.234 -0.794025 -5.02635 -0.794025 -5.02635 2.63438 0 0.195855 0 
2 1 0 5.47745 0.1 24.234 -0.793658 -5.02353 -0.793658 -5.02353 2.62471 0 0.196679 0 
2 1 0 5.47334 0.1 24.234 -0.79329 -5.02071 -0.79329 -5.02071 2.61492 0 0.197517 0 
2 1 0 5.46923 0.1 24.234 -0.792923 -5.01789 -0.792923 -5.01789 2.60502 0 0.198371 0 
2 1 0 5.46512 0.1 24.234 -0.792555 -5.01507 -0.792555 -5.01507 2.59501 0 0.199239 0 
2 1 0 5.46101 0.1 24.234 -0.792188 -5.01224 -0.792188 -5.01224 2.58488 0 0.200124 0 
2 1 0 5.4569 0.1 24.234 -0.79182 -5.00942 -0.79182 -5.00942 2.57463 0 0.201025 0 
2 1 0 5.45279 0.1 24.234 -0.791453 -5.00659 -0.791453 -5.00659 2.56426 0 0.201942 0 
2 1 0 5.44869 0.1 24.234 -0.791085 -5.00376 -0.791085 -5.00376 2.55376 0 0.202877 0 
2 1 0 5.44458 0.1 24.234 -0.790717 -5.00093 -0.790717 -5.00093 2.54314 0 0.20383 0 
2 1 0 5.44047 0.1 24.234 -0.79035 -4.99811 -0.79035 -4.99811 2.53238 0 0.204802 0 
2 1 0 5.43637 0.1 24.234 -0.789982 -4.99527 -0.789982 -4.99527 2.52149 0 0.205793 0 
2 1 0 5.43226 0.1 24.234 -0.789615 -4.99244 -0.789615 -4.99244 2.51046 0 0.206803 0 
2 1 0 5.42816 0.1 24.234 -0.789247 -4.98961 -0.789247 -4.98961 2.4993 0 0.207835 0 
2 1 0 5.42406 0.1 24.234 -0.78888 -4.98678 -0.78888 -4.98678 2.48799 0 0.208887 0 
2 1 0 5.41995 0.1 24.234 -0.788513 -4.98394 -0.788513 -4.98394 2.47653 0 0.209962 0 
2 1 0 5.41585 0.1 24.234 -0.788145 -4.9811 -0.788145 -4.9811 2.46492 0 0.21106 0 
2 1 0 5.41175 0.1 24.234 -0.787778 -4.97827 -0.787778 -4.97827 2.45315 0 0.212182 0 
2 1 0 5.40765 0.1 24.234 -0.787411 -4.97543 -0.787411 -4.97543 2.44123 0 0.213328 0 
2 1 0 5.40356 0.1 24.234 -0.787044 -4.97259 -0.787044 -4.97259 2.42914 0 0.2145 0 
2 1 0 5.39946 0.1 24.234 -0.786677 -4.96975 -0.786677 -4.96975 2.41688 0 0.215699 0 
2 1 0 5.39536 0.1 24.234 -0.78631 -4.9669 -0.78631 -4.9669 2.40445 0 0.216926 0 
2 1 0 5.39127 0.1 24.234 -0.785943 -4.96406 -0.785943 -4.96406 2.39183 0 0.218182 0 
2 1 0 5.38717 0.1 24.234 -0.785577 -4.96121 -0.785577 -4.96121 2.37904 0 0.219469 0 
2 1 0 5.38308 0.1 24.234 -0.78521 -4.95836 -0.78521 -4.95836 2.36605 0 0.220787 0 
2 1 0 5.37899 0.1 24.234 -0.784844 -4.95551 -0.784844 -4.95551 2.35286 0 0.222139 0 
2 1 0 5.3749 0.1 24.234 -0.784478 -4.95266 -0.784478 -4.95266 2.33947 0 0.223525 0 
2 1 0 5.37081 0.1 24.234 -0.784112 -4.94981 -0.784112 -4.94981 2.32587 0 0.224948 0 
2 1 0 5.36672 0.1 24.234 -0.783746 -4.94695 -0.783746 -4.94695 2.31204 0 0.226409 0 
2 1 0 5.36263 0.1 24.234 -0.78338 -4.94409 -0.78338 -4.94409 2.29799 0 0.22791 0 
2 1 0 5.35855 0.1 24.234 -0.783015 -4.94123 -0.783015 -4.94123 2.28371 0 0.229453 0 
2 1 0 5.35446 0.1 24.234 -0.78265 -4.93837 -0.78265 -4.93837 2.26917 0 0.231041 0 
2 1 0 5.35038 0.1 24.234 -0.782285 -4.93551 -0.782285 -4.93551 2.25439 0 0.232676 0 
2 1 0 5.3463 0.1 24.234 -0.78192 -4.93264 -0.78192 -4.93264 2.23933 0 0.23436 0 
2 1 0 5.34222 0.1 24.234 -0.781556 -4.92977 -0.781556 -4.92977 2.224 0 0.236096 0 
2 1 0 5.33814 0.1 24.234 -0.781192 -4.9269 -0.781192 -4.9269 2.20837 0 0.237888 0 
2 1 0 5.33407 0.1 24.234 -0.780828 -4.92403 -0.780828 -4.92403 2.19244 0 0.239739 0 
2 1 0 5.32999 0.1 24.234 -0.780465 -4.92115 -0.780465 -4.92115 2.17619 0 0.241653 0 
2 1 0 5.32592 0.1 24.234 -0.780102 -4.91827 -0.780102 -4.91827 2.1596 0 0.243633 0 
2 1 0 5.32185 0.1 24.234 -0.77974 -4.91539 -0.77974 -4.91539 2.14266 0 0.245684 0 
2 1 0 5.31779 0.1 24.234 -0.779378 -4.91251 -0.779378 -4.91251 2.12534 0 0.247812 0 
2 1 0 5.31372 0.1 24.234 -0.779017 -4.90962 -0.779017 -4.90962 2.10763 0 0.250022 0 
2 1 0 5.30966 0.1 24.234 -0.778656 -4.90673 -0.778656 -4.90673 2.08951 0 0.252319 0 
2 1 0 5.3056 0.1 24.234 -0.778296 -4.90383 -0.778296 -4.90383 2.07093 0 0.254711 0 
2 1 0 5.30154 0.1 24.234 -0.777936 -4.90093 -0.777936 -4.90093 2.05189 0 0.257206 0 
2 1 0 5.29749 0.1 24.234 -0.777578 -4.89803 -0.777578 -4.89803 2.03234 0 0.259811 0 
2 1 0 5.29344 0.1 24.234 -0.77722 -4.89512 -0.77722 -4.89512 2.01225 0 0.262538 0 
2 1 0 5.28939 0.1 24.234 -0.776863 -4.8922 -0.776863 -4.8922 1.99157 0 0.265398 0 
2 1 0 5.28534 0.1 24.234 -0.776507 -4.88929 -0.776507 -4.88929 1.97027 0 0.268402 0 
2 1 0 5.2813 0.1 24.234 -0.776152 -4.88636 -0.776152 -4.88636 1.94829 0 0.271567 0 
2 1 0 5.27727 0.1 24.234 -0.775798 -4.88343 -0.775798 -4.88343 1.92557 0 0.27491 0 
2 1 0 5.27323 0.1 24.234 -0.775445 -4.8805 -0.775445 -4.8805 1.90204 0 0.278451 0 
2 1 0 5.26921 0.1 24.234 -0.775094 -4.87755 -0.775094 -4.87755 1.87762 0 0.282214 0 
2 1 0 5.26519 0.1 24.234 -0.774745 -4.8746 -0.774745 -4.8746 1.85221 0 0.286229 0 
2 1 0 5.26117 0.1 24.234 -0.774397 -4.87164 -0.774397 -4.87164 1.8257 0 0.290529 0 
2 1 0 5.25716 0.1 24.234 -0.774051 -4.86868 -0.774051 -4.86868 1.79796 0 0.295159 0 
2 1 0 5.25316 0.1 24.234 -0.773708 -4.8657 -0.773708 -4.8657 1.76882 0 0.300171 0 
2 1 0 5.24917 0.1 24.234 -0.773367 -4.86271 -0.773367 -4.86271 1.73807 0 0.305634 0 
2 1 0 5.24519 0.1 24.234 -0.77303 -4.8597 -0.77303 -4.8597 1.70545 0 0.311634 0 
2 1 0 5.24122 0.1 24.234 -0.772696 -4.85668 -0.772696 -4.85668 1.67061 0 0.318288 0 
2 1 0 5.23726 0.1 24.234 -0.772367 -4.85364 -0.772367 -4.85364 1.63311 0 0.325757 0 
2 1 0 5.23332 0.1 24.234 -0.772043 -4.85058 -0.772043 -4.85058 1.59231 0 0.334266 0 
2 1 0 5.2294 0.1 24.234 -0.771726 -4.84749 -0.771726 -4.84749 1.5473 0 0.344156 0 
2 1 0 5.22551 0.1 24.234 -0.771418 -4.84436 -0.771418 -4.84436 1.49666 0 0.355971 0 
2 1 0 5.22166 0.1 24.234 -0.771123 -4.84118 -0.771123 -4.84118 1.438 0 0.370667 0 
2 1 0 5.21788 0.1 24.234 -0.770848 -4.83793 -0.770848 -4.83793 1.36665 0 0.3902 0 
2 1 0 5.21421 0.1 24.234 -0.77061 -4.83454 -0.77061 -4.83454 1.27088 0 0.419789 0 
2 1 0 5.21094 0.1 24.234 -0.770492 -4.83076 -0.770492 -4.83076 1.08944 0 0.48989 0 
1 1 0 5.21064 0.1 24.234 -0.770544 -4.82989 -0.770544 -4.82989 1 0 0.533719 0 
1 1 0 5.211 0.1 24.234 -0.770668 -4.8294 -0.770668 -4.8294 0.87092 0 0.612785 0 
1 1 0 5.21161 0.1 54.5771 -0.770785 -4.82932 -0.770785 -4.82932 0.725672 0.0839139 0.725672 -0.0839139 
1 1 0 5.21222 0.1 29.6801 -0.770886 -4.82939 -0.770886 -4.82939 0.71417 0.153487 0.71417 -0.153487 
1 1 0 5.21283 0.1 23.6688 -0.770978 -4.82952 -0.770978 -4.82952 0.704861 0.191637 0.704861 -0.191637 
1 1 0 5.21343 0.1 20.6466 -0.771064 -4.82968 -0.771064 -4.82968 0.696856 0.218866 0.696856 -0.218866 
1 1 0 5.21402 0.1 18.7435 -0.771147 -4.82986 -0.771147 -4.82986 0.689735 0.240281 0.689735 -0.240281 
1 1 0 5.2146 0.1 17.4002 -0.771227 -4.83006 -0.771227 -4.83006 0.68326 0.258038 0.68326 -0.258038 
1 1 0 5.21519 0.1 16.3841 -0.771305 -4.83027 -0.771305 -4.83027 0.677284 0.273264 0.677284 -0.273264 
1 1 0 5.21577 0.1 15.5786 -0.771381 -4.83049 -0.771381 -4.83049 0.671707 0.286626 0.671707 -0.286626 
1 1 0 5.21635 0.1 14.9185 -0.771456 -4.83072 -0.771456 -4.83072 0.66646 0.298556 0.66646 -0.298556 
1 1 0 5.21698 0.1 14.3129 -0.771537 -4.83097 -0.771537 -4.83097 0.661007 0.310372 0.661007 -0.310372 
1 1 0 5.21767 0.1 13.7538 -0.771624 -4.83127 -0.771624 -4.83127 0.655334 0.322103 0.655334 -0.322103 
1 1 0 5.21843 0.1 13.2349 -0.771719 -4.83159 -0.771719 -4.83159 0.649428 0.333772 0.649428 -0.333772 
1 1 0 5.21926 0.1 12.7509 -0.771821 -4.83196 -0.771821 -4.83196 0.643274 0.3454 0.643274 -0.3454 
1 1 0 5.22017 0.1 12.2977 -0.771932 -4.83238 -0.771932 -4.83238 0.636857 0.357005 0.636857 -0.357005 
1 1 0 5.22117 0.1 11.8716 -0.772053 -4.83284 -0.772053 -4.83284 0.630162 0.3686 0.630162 -0.3686 
1 1 0 5.22226 0.1 11.4696 -0.772184 -4.83336 -0.772184 -4.83336 0.623173 0.380197 0.623173 -0.380197 
1 1 0 5.22346 0.1 11.0893 -0.772326 -4.83394 -0.772326 -4.83394 0.615874 0.391806 0.615874 -0.391806 
1 1 0 5.22478 0.1 10.7286 -0.77248 -4.83459 -0.77248 -4.83459 0.608246 0.403433 0.608246 -0.403433 
1 1 0 5.22622 0.1 10.3855 -0.772648 -4.83531 -0.772648 -4.83531 0.600272 0.415086 0.600272 -0.415086 
1 1 0 5.2278 0.1 10.0585 -0.772831 -4.83611 -0.772831 -4.83611 0.591933 0.426766 0.591933 -0.426766 
1 1 0 5.22954 0.1 9.74627 -0.77303 -4.837 -0.77303 -4.837 0.583208 0.438478 0.583208 -0.438478 
1 1 0 5.23144 0.1 9.4475 -0.773247 -4.83799 -0.773247 -4.83799 0.574078 0.450221 0.574078 -0.450221 
1 1 0 5.23353 0.1 9.16117 -0.773483 -4.8391 -0.773483 -4.8391 0.56452 0.461994 0.56452 -0.461994 
1 1 0 5.23582 0.1 8.88633 -0.77374 -4.84032 -0.77374 -4.84032 0.554513 0.473794 0.554513 -0.473794 
1 1 0 5.23834 0.1 8.62214 -0.77402 -4.84168 -0.77402 -4.84168 0.544031 0.485617 0.544031 -0.485617 
1 1 0 5.2411 0.1 8.36786 -0.774325 -4.84318 -0.774325 -4.84318 0.53305 0.497456 0.53305 -0.497456 
1 1 0 5.24413 0.1 8.12282 -0.774658 -4.84485 -0.774658 -4.84485 0.521545 0.509303 0.521545 -0.509303 
1 1 0 5.24745 0.1 7.88641 -0.775022 -4.8467 -0.775022 -4.8467 0.509488 0.521147 0.509488 -0.521147 
1 1 0 5.2511 0.1 7.6581 -0.775418 -4.84875 -0.775418 -4.84875 0.49685 0.532976 0.49685 -0.532976 
1 1 0 5.25511 0.1 7.43738 -0.775851 -4.85102 -0.775851 -4.85102 0.483603 0.544775 0.483603 -0.544775 
1 1 0 5.25944 0.1 7.22727 -0.776316 -4.85348 -0.776316 -4.85348 0.469949 0.556333 0.469949 -0.556333 
1 1 0 5.26375 0.1 7.0409 -0.776777 -4.85596 -0.776777 -4.85596 0.456897 0.566842 0.456897 -0.566842 
1 1 0 5.26806 0.1 6.87385 -0.777236 -4.85845 -0.777236 -4.85845 0.444375 0.576458 0.444375 -0.576458 
1 1 0 5.27237 0.1 6.72278 -0.777692 -4.86095 -0.777692 -4.86095 0.432322 0.585303 0.432322 -0.585303 
1 1 0 5.27667 0.1 6.58513 -0.778145 -4.86346 -0.778145 -4.86346 0.42069 0.593473 0.42069 -0.593473 
1 1 0 5.28097 0.1 6.45889 -0.778597 -4.86598 -0.778597 -4.86598 0.409438 0.60105 0.409438 -0.60105 
1 1 0 5.28526 0.1 6.34246 -0.779047 -4.86851 -0.779047 -4.86851 0.39853 0.608099 0.39853 -0.608099 
1 1 0 5.28955 0.1 6.23454 -0.779494 -4.87104 -0.779494 -4.87104 0.387939 0.614675 0.387939 -0.614675 
1 1 0 5.29383 0.1 6.13408 -0.77994 -4.87358 -0.77994 -4.87358 0.377638 0.620824 0.377638 -0.620824 
1 1 0 5.29811 0.1 6.04019 -0.780385 -4.87612 -0.780385 -4.87612 0.367605 0.626587 0.367605 -0.626587 
1 1 0 5.30239 0.1 5.95213 -0.780828 -4.87867 -0.780828 -4.87867 0.357821 0.631997 0.357821 -0.631997 
1 1 0 5.30667 0.1 5.86928 -0.78127 -4.88123 -0.78127 -4.88123 0.348269 0.637085 0.348269 -0.637085 
1 1 0 5.31094 0.1 5.79111 -0.78171 -4.88379 -0.78171 -4.88379 0.338934 0.641876 0.338934 -0.641876 
1 1 0 5.31521 0.1 5.71715 -0.782149 -4.88635 -0.782149 -4.88635 0.329802 0.646393 0.329802 -0.646393 
1 1 0 5.31948 0.1 5.64702 -0.782587 -4.88892 -0.782587 -4.88892 0.320862 0.650657 0.320862 -0.650657 
1 1 0 5.32374 0.1 5.58037 -0.783024 -4.89149 -0.783024 -4.89149 0.312103 0.654685 0.312103 -0.654685 
1 1 0 5.32801 0.1 5.5169 -0.78346 -4.89406 -0.78346 -4.89406 0.303514 0.658494 0.303514 -0.658494 
1 1 0 5.33227 0.1 5.45635 -0.783894 -4.89664 -0.783894 -4.89664 0.295087 0.662097 0.295087 -0.662097 
1 1 0 5.33653 0.1 5.39848 -0.784328 -4.89923 -0.784328 -4.89923 0.286814 0.665508 0.286814 -0.665508 
1 1 0 5.34078 0.1 5.34309 -0.784761 -4.90181 -0.784761 -4.90181 0.278687 0.668739 0.278687 -0.668739 
1 1 0 5.34504 0.1 5.28998 -0.785192 -4.9044 -0.785192 -4.9044 0.2707 0.671799 0.2707 -0.671799 
1 1 0 5.3493 0.1 5.23901 -0.785623 -4.90699 -0.785623 -4.90699 0.262847 0.6747 0.262847 -0.6747 
1 1 0 5.35355 0.1 5.19 -0.786053 -4.90958 -0.786053 -4.90958 0.255121 0.677449 0.255121 -0.677449 
1 1 0 5.3578 0.1 5.14284 -0.786482 -4.91218 -0.786482 -4.91218 0.247517 0.680055 0.247517 -0.680055 
1 1 0 5.36205 0.1 5.0974 -0.78691 -4.91478 -0.78691 -4.91478 0.240031 0.682525 0.240031 -0.682525 
1 1 0 5.3663 0.1 5.05358 -0.787338 -4.91738 -0.787338 -4.91738 0.232658 0.684866 0.232658 -0.684866 
1 1 0 5.37055 0.1 5.01126 -0.787764 -4.91998 -0.787764 -4.91998 0.225394 0.687085 0.225394 -0.687085 
1 1 0 5.37479 0.1 4.97036 -0.78819 -4.92259 -0.78819 -4.92259 0.218235 0.689187 0.218235 -0.689187 
1 1 0 5.37904 0.1 4.9308 -0.788615 -4.92519 -0.788615 -4.92519 0.211176 0.691178 0.211176 -0.691178 
1 1 0 5.38328 0.1 4.8925 -0.78904 -4.9278 -0.78904 -4.9278 0.204216 0.693062 0.204216 -0.693062 
1 1 0 5.38752 0.1 4.85539 -0.789463 -4.93041 -0.789463 -4.93041 0.197349 0.694845 0.197349 -0.694845 
1 1 0 5.39177 0.1 4.8194 -0.789886 -4.93303 -0.789886 -4.93303 0.190575 0.696531 0.190575 -0.696531 
1 1 0 5.39601 0.1 4.78448 -0.790309 -4.93564 -0.790309 -4.93564 0.183888 0.698124 0.183888 -0.698124 
1 1 0 5.40025 0.1 4.75057 -0.79073 -4.93826 -0.79073 -4.93826 0.177288 0.699628 0.177288 -0.699628 
1 1 0 5.40449 0.1 4.71762 -0.791151 -4.94088 -0.791151 -4.94088 0.170771 0.701046 0.170771 -0.701046 
1 1 0 5.40872 0.1 4.68558 -0.791572 -4.9435 -0.791572 -4.9435 0.164335 0.702382 0.164335 -0.702382 
1 1 0 5.41296 0.1 4.65441 -0.791992 -4.94612 -0.791992 -4.94612 0.157978 0.703639 0.157978 -0.703639 
1 1 0 5.4172 0.1 4.62406 -0.792411 -4.94874 -0.792411 -4.94874 0.151697 0.70482 0.151697 -0.70482 
1 1 0 5.42143 0.1 4.59451 -0.792829 -4.95137 -0.792829 -4.95137 0.145491 0.705928 0.145491 -0.705928 
1 1 0 5.42567 0.1 4.5657 -0.793247 -4.95399 -0.793247 -4.95399 0.139358 0.706966 0.139358 -0.706966 
1 1 0 5.4299 0.1 4.53762 -0.793665 -4.95662 -0.793665 -4.95662 0.133296 0.707936 0.133296 -0.707936 
1 1 0 5.43413 0.1 4.51023 -0.794081 -4.95925 -0.794081 -4.95925 0.127303 0.70884 0.127303 -0.70884 
1 1 0 5.43836 0.1 4.48349 -0.794497 -4.96188 -0.794497 -4.96188 0.121377 0.709682 0.121377 -0.709682 
1 1 0 5.4426 0.1 4.45739 -0.794913 -4.96451 -0.794913 -4.96451 0.115517 0.710462 0.115517 -0.710462 
1 1 0 5.44683 0.1 4.43189 -0.795328 -4.96714 -0.795328 -4.96714 0.109722 0.711183 0.109722 -0.711183 
1 1 0 5.45106 0.1 4.40697 -0.795743 -4.96978 -0.795743 -4.96978 0.10399 0.711847 0.10399 -0.711847 
1 1 0 5.45529 0.1 4.38261 -0.796157 -4.97241 -0.796157 -4.97241 0.0983194 0.712456 0.0983194 -0.712456 
1 1 0 5.45951 0.1 4.35879 -0.79657 -4.97505 -0.79657 -4.97505 0.0927093 0.713012 0.0927093 -0.713012 
1 1 0 5.46374 0.1 4.33549 -0.796983 -4.97768 -0.796983 -4.97768 0.0871585 0.713516 0.0871585 -0.713516 
1 1 0 5.46797 0.1 4.31268 -0.797396 -4.98032 -0.797396 -4.98032 0.0816658 0.71397 0.0816658 -0.71397 
1 1 0 5.4722 0.1 4.29036 -0.797808 -4.98296 -0.797808 -4.98296 0.0762298 0.714376 0.0762298 -0.714376 
1 1 0 5.47642 0.1 4.26849 -0.798219 -4.9856 -0.798219 -4.9856 0.0708496 0.714734 0.0708496 -0.714734 
1 1 0 5.48065 0.1 4.24707 -0.79863 -4.98824 -0.79863 -4.98824 0.0655242 0.715047 0.0655242 -0.715047 
1 1 0 5.48487 0.1 4.22608 -0.79904 -4.99089 -0.79904 -4.99089 0.0602525 0.715316 0.0602525 -0.715316 
1 1 0 5.4891 0.1 4.20551 -0.79945 -4.99353 -0.79945 -4.99353 0.0550336 0.715542 0.0550336 -0.715542 
1 1 0 5.49332 0.1 4.18534 -0.79986 -4.99617 -0.79986 -4.99617 0.0498666 0.715726 0.0498666 -0.715726 
1 1 0 5.49754 0.1 4.16556 -0.800269 -4.99882 -0.800269 -4.99882 0.0447507 0.715871 0.0447507 -0.715871 
1 1 0 5.50176 0.1 4.14615 -0.800677 -5.00147 -0.800677 -5.00147 0.0396849 0.715975 0.0396849 -0.715975 
1 1 0 5.50599 0.1 4.12711 -0.801086 -5.00411 -0.801086 -5.00411 0.0346683 0.716042 0.0346683 -0.716042 
1 1 0 5.51021 0.1 4.10842 -0.801493 -5.00676 -0.801493 -5.00676 0.0297003 0.716071 0.0297003 -0.716071 
1 1 0 5.51443 0.1 4.09007 -0.8019 -5.00941 -0.8019 -5.00941 0.0247802 0.716065 0.0247802 -0.716065 
1 1 0 5.51865 0.1 4.07205 -0.802307 -5.01206 -0.802307 -5.01206 0.019907 0.716023 0.019907 -0.716023 
1 1 0 5.52287 0.1 4.05436 -0.802713 -5.01471 -0.802713 -5.01471 0.0150802 0.715948 0.0150802 -0.715948 
1 1 0 5.52709 0.1 4.03697 -0.803119 -5.01736 -0.803119 -5.01736 0.0102991 0.715839 0.0102991 -0.715839 
1 1 0 5.53131 0.1 4.01989 -0.803524 -5.02002 -0.803524 -5.02002 0.0055629 0.715698 0.0055629 -0.715698 
1 1 0 5.53553 0.1 4.0031 -0.803929 -5.02267 -0.803929 -5.02267 0.000871201 0.715526 0.000871201 -0.715526 
1 1 0 5.53975 0.1 3.9866 -0.804334 -5.02532 -0.804334 -5.02532 -0.00377668 0.715323 -0.00377668 -0.715323 
1 1 0 5.54396 0.1 3.97038 -0.804738 -5.02798 -0.804738 -5.02798 -0.00838156 0.715091 -0.00838156 -0.715091 
1 1 0 5.54818 0.1 3.95442 -0.805142 -5.03063 -0.805142 -5.03063 -0.0129438 0.71483 -0.0129438 -0.71483 
1 1 0 5.5524 0.1 3.93873 -0.805545 -5.03329 -0.805545 -5.03329 -0.017464 0.714541 -0.017464 -0.714541 
1 1 0 5.55661 0.1 3.92329 -0.805948 -5.03595 -0.805948 -5.03595 -0.0219426 0.714224 -0.0219426 -0.714224 
1 1 0 5.56083 0.1 3.9081 -0.80635 -5.0386 -0.80635 -5.0386 -0.0263803 0.713881 -0.0263803 -0.713881 
1 1 0 5.56505 0.1 3.89316 -0.806752 -5.04126 -0.806752 -5.04126 -0.0307775 0.713512 -0.0307775 -0.713512 
1 1 0 5.56926 0.1 3.87845 -0.807154 -5.04392 -0.807154 -5.04392 -0.0351347 0.713117 -0.0351347 -0.713117 
1 1 0 5.57348 0.1 3.86397 -0.807555 -5.04658 -0.807555 -5.04658 -0.0394523 0.712698 -0.0394523 -0.712698 
1 1 0 5.57769 0.1 3.84971 -0.807955 -5.04924 -0.807955 -5.04924 -0.0437309 0.712255 -0.0437309 -0.712255 
1 1 0 5.5819 0.1 3.83568 -0.808356 -5.0519 -0.808356 -5.0519 -0.0479708 0.711789 -0.0479708 -0.711789 
1 1 0 5.58612 0.1 3.82186 -0.808756 -5.05456 -0.808756 -5.05456 -0.0521727 0.7113 -0.0521727 -0.7113 
1 1 0 5.59033 0.1 3.80824 -0.809155 -5.05723 -0.809155 -5.05723 -0.0563368 0.710789 -0.0563368 -0.710789 
1 1 0 5.59454 0.1 3.79483 -0.809554 -5.05989 -0.809554 -5.05989 -0.0604633 0.710257 -0.0604633 -0.710257 
1 1 0 5.59876 0.1 3.78162 -0.809953 -5.06255 -0.809953 -5.06255 -0.064553 0.709704 -0.064553 -0.709704 
1 1 0 5.60297 0.1 3.76861 -0.810352 -5.06522 -0.810352 -5.06522 -0.0686062 0.70913 -0.0686062 -0.70913 
1 1 0 5.60718 0.1 3.75578 -0.81075 -5.06788 -0.81075 -5.06788 -0.0726229 0.708536 -0.0726229 -0.708536 
1 1 0 5.61139 0.1 3.74314 -0.811147 -5.07055 -0.811147 -5.07055 -0.076604 0.707923 -0.076604 -0.707923 
1 1 0 5.6156 0.1 3.73068 -0.811544 -5.07321 -0.811544 -5.07321 -0.0805494 0.707292 -0.0805494 -0.707292 
1 1 0 5.61981 0.1 3.7184 -0.811941 -5.07588 -0.811941 -5.07588 -0.0844598 0.706642 -0.0844598 -0.706642 
1 1 0 5.62402 0.1 3.70629 -0.812338 -5.07855 -0.812338 -5.07855 -0.0883353 0.705974 -0.0883353 -0.705974 
1 1 0 5.62823 0.1 3.69436 -0.812734 -5.08122 -0.812734 -5.08122 -0.0921763 0.705289 -0.0921763 -0.705289 
1 1 0 5.63244 0.1 3.68258 -0.81313 -5.08388 -0.81313 -5.08388 -0.0959831 0.704587 -0.0959831 -0.704587 
1 1 0 5.63665 0.1 3.67098 -0.813525 -5.08655 -0.813525 -5.08655 -0.099756 0.703869 -0.099756 -0.703869 
1 1 0 5.64086 0.1 3.65953 -0.81392 -5.08922 -0.81392 -5.08922 -0.103495 0.703134 -0.103495 -0.703134 
1 1 0 5.64507 0.1 3.64824 -0.814315 -5.09189 -0.814315 -5.09189 -0.107201 0.702385 -0.107201 -0.702385 
1 1 0 5.64928 0.1 3.6371 -0.814709 -5.09456 -0.814709 -5.09456 -0.110874 0.70162 -0.110874 -0.70162 
1 1 0 5.65349 0.1 3.62611 -0.815103 -5.09723 -0.815103 -5.09723 -0.114515 0.70084 -0.114515 -0.70084 
1 1 0 5.6577 0.1 3.61527 -0.815496 -5.09991 -0.815496 -5.09991 -0.118123 0.700047 -0.118123 -0.700047 
1 1 0 5.6619 0.1 3.60457 -0.815889 -5.10258 -0.815889 -5.10258 -0.121699 0.699239 -0.121699 -0.699239 
1 1 0 5.66611 0.1 3.59402 -0.816282 -5.10525 -0.816282 -5.10525 -0.125242 0.698418 -0.125242 -0.698418 
1 1 0 5.67032 0.1 3.5836 -0.816675 -5.10793 -0.816675 -5.10793 -0.128754 0.697584 -0.128754 -0.697584 
1 1 0 5.67453 0.1 3.57333 -0.817067 -5.1106 -0.817067 -5.1106 -0.132235 0.696738 -0.132235 -0.696738 
1 1 0 5.67873 0.1 3.56318 -0.817459 -5.11327 -0.817459 -5.11327 -0.135685 0.695879 -0.135685 -0.695879 
1 1 0 5.68294 0.1 3.55317 -0.81785 -5.11595 -0.81785 -5.11595 -0.139103 0.695008 -0.139103 -0.695008 
1 1 0 5.68714 0.1 3.54329 -0.818241 -5.11862 -0.818241 -5.11862 -0.142491 0.694126 -0.142491 -0.694126 
1 1 0 5.69135 0.1 3.53353 -0.818632 -5.1213 -0.818632 -5.1213 -0.145848 0.693232 -0.145848 -0.693232 
1 1 0 5.69555 0.1 3.5239 -0.819022 -5.12398 -0.819022 -5.12398 -0.149175 0.692328 -0.149175 -0.692328 
1 1 0 5.69976 0.1 3.51439 -0.819412 -5.12665 -0.819412 -5.12665 -0.152472 0.691413 -0.152472 -0.691413 
1 1 0 5.70396 0.1 3.505 -0.819802 -5.12933 -0.819802 -5.12933 -0.155739 0.690488 -0.155739 -0.690488 
1 1 0 5.70817 0.1 3.49573 -0.820191 -5.13201 -0.820191 -5.13201 -0.158976 0.689554 -0.158976 -0.689554 
1 1 0 5.71237 0.1 3.48658 -0.82058 -5.13469 -0.82058 -5.13469 -0.162184 0.68861 -0.162184 -0.68861 
1 1 0 5.71658 0.1 3.47754 -0.820969 -5.13737 -0.820969 -5.13737 -0.165363 0.687657 -0.165363 -0.687657 
1 1 0 5.72078 0.1 3.46862 -0.821357 -5.14004 -0.821357 -5.14004 -0.168513 0.686695 -0.168513 -0.686695 
1 1 0 5.72498 0.1 3.4598 -0.821745 -5.14272 -0.821745 -5.14272 -0.171633 0.685724 -0.171633 -0.685724 
1 1 0 5.72919 0.1 3.4511 -0.822133 -5.1454 -0.822133 -5.1454 -0.174725 0.684745 -0.174725 -0.684745 
1 1 0 5.73339 0.1 3.4425 -0.82252 -5.14809 -0.82252 -5.14809 -0.177789 0.683759 -0.177789 -0.683759 
1 1 0 5.73759 0.1 3.43401 -0.822907 -5.15077 -0.822907 -5.15077 -0.180824 0.682765 -0.180824 -0.682765 
1 1 0 5.74179 0.1 3.42562 -0.823293 -5.15345 -0.823293 -5.15345 -0.183831 0.681763 -0.183831 -0.681763 
1 1 0 5.746 0.1 3.41734 -0.82368 -5.15613 -0.82368 -5.15613 -0.186809 0.680755 -0.186809 -0.680755 
1 1 0 5.7502 0.1 3.40916 -0.824066 -5.15881 -0.824066 -5.15881 -0.189761 0.67974 -0.189761 -0.67974 
1 1 0 5.7544 0.1 3.40107 -0.824451 -5.1615 -0.824451 -5.1615 -0.192684 0.678719 -0.192684 -0.678719 
1 1 0 5.7586 0.1 3.39309 -0.824837 -5.16418 -0.824837 -5.16418 -0.19558 0.677691 -0.19558 -0.677691 
1 1 0 5.7628 0.1 3.3852 -0.825222 -5.16686 -0.825222 -5.16686 -0.198448 0.676658 -0.198448 -0.676658 
1 1 0 5.767 0.1 3.37741 -0.825606 -5.16955 -0.825606 -5.16955 -0.201289 0.675619 -0.201289 -0.675619 
1 1 0 5.7712 0.1 3.36971 -0.825991 -5.17223 -0.825991 -5.17223 -0.204103 0.674575 -0.204103 -0.674575 
1 1 0 5.7754 0.1 3.36211 -0.826375 -5.17492 -0.826375 -5.17492 -0.20689 0.673526 -0.20689 -0.673526 
1 1 0 5.7796 0.1 3.3546 -0.826758 -5.1776 -0.826758 -5.1776 -0.209651 0.672472 -0.209651 -0.672472 
1 1 0 5.7838 0.1 3.34717 -0.827142 -5.18029 -0.827142 -5.18029 -0.212385 0.671413 -0.212385 -0.671413 
1 1 0 5.788 0.1 3.33984 -0.827525 -5.18298 -0.827525 -5.18298 -0.215092 0.670351 -0.215092 -0.670351 
1 1 0 5.7922 0.1 3.3326 -0.827908 -5.18566 -0.827908 -5.18566 -0.217773 0.669284 -0.217773 -0.669284 
1 1 0 5.7964 0.1 3.32544 -0.82829 -5.18835 -0.82829 -5.18835 -0.220427 0.668214 -0.220427 -0.668214 
1 1 0 5.8006 0.1 3.31836 -0.828672 -5.19104 -0.828672 -5.19104 -0.223056 0.66714 -0.223056 -0.66714 
1 1 0 5.8048 0.1 3.31138 -0.829054 -5.19373 -0.829054 -5.19373 -0.225658 0.666063 -0.225658 -0.666063 
1 1 0 5.809 0.1 3.30447 -0.829435 -5.19641 -0.829435 -5.19641 -0.228235 0.664983 -0.228235 -0.664983 
1 1 0 5.8132 0.1 3.29765 -0.829817 -5.1991 -0.829817 -5.1991 -0.230786 0.6639 -0.230786 -0.6639 
1 1 0 5.81739 0.1 3.29092 -0.830197 -5.20179 -0.830197 -5.20179 -0.233311 0.662815 -0.233311 -0.662815 
1 1 0 5.82159 0.1 3.28426 -0.830578 -5.20448 -0.830578 -5.20448 -0.235811 0.661728 -0.235811 -0.661728 
1 1 0 5.82579 0.1 3.27768 -0.830958 -5.20717 -0.830958 -5.20717 -0.238285 0.660639 -0.238285 -0.660639 
1 1 0 5.82999 0.1 3.27118 -0.831338 -5.20986 -0.831338 -5.20986 -0.240734 0.659548 -0.240734 -0.659548 
1 1 0 5.83418 0.1 3.26476 -0.831718 -5.21255 -0.831718 -5.21255 -0.243158 0.658455 -0.243158 -0.658455 
1 1 0 5.83838 0.1 3.25842 -0.832097 -5.21525 -0.832097 -5.21525 -0.245557 0.657361 -0.245557 -0.657361 
1 1 0 5.84258 0.1 3.25215 -0.832476 -5.21794 -0.832476 -5.21794 -0.24793 0.656266 -0.24793 -0.656266 
1 1 0 5.84677 0.1 3.24596 -0.832855 -5.22063 -0.832855 -5.22063 -0.250279 0.65517 -0.250279 -0.65517 
1 1 0 5.85097 0.1 3.23984 -0.833233 -5.22332 -0.833233 -5.22332 -0.252604 0.654074 -0.252604 -0.654074 
1 1 0 5.85516 0.1 3.2338 -0.833611 -5.22601 -0.833611 -5.22601 -0.254903 0.652977 -0.254903 -0.652977 
1 1 0 5.85936 0.1 3.22783 -0.833989 -5.22871 -0.833989 -5.22871 -0.257179 0.65188 -0.257179 -0.65188 
1 1 0 5.86356 0.1 3.22193 -0.834366 -5.2314 -0.834366 -5.2314 -0.259429 0.650783 -0.259429 -0.650783 
1 1 0 5.86775 0.1 3.2161 -0.834744 -5.2341 -0.834744 -5.2341 -0.261656 0.649686 -0.261656 -0.649686 
1 1 0 5.87195 0.1 3.21035 -0.83512 -5.23679 -0.83512 -5.23679 -0.263858 0.64859 -0.263858 -0.64859 
1 1 0 5.87614 0.1 3.20466 -0.835497 -5.23949 -0.835497 -5.23949 -0.266036 0.647494 -0.266036 -0.647494 
1 1 0 5.88033 0.1 3.19905 -0.835873 -5.24218 -0.835873 -5.24218 -0.26819 0.646399 -0.26819 -0.646399 
1 1 0 5.88453 0.1 3.1935 -0.836249 -5.24488 -0.836249 -5.24488 -0.270319 0.645306 -0.270319 -0.645306 
1 1 0 5.88872 0.1 3.18803 -0.836625 -5.24757 -0.836625 -5.24757 -0.272426 0.644213 -0.272426 -0.644213 
1 1 0 5.89292 0.1 3.18262 -0.837 -5.25027 -0.837 -5.25027 -0.274508 0.643123 -0.274508 -0.643123 
1 1 0 5.89711 0.1 3.17727 -0.837375 -5.25297 -0.837375 -5.25297 -0.276566 0.642034 -0.276566 -0.642034 
1 1 0 5.9013 0.1 3.172 -0.83775 -5.25566 -0.83775 -5.25566 -0.278601 0.640946 -0.278601 -0.640946 
1 1 0 5.9055 0.1 3.16679 -0.838125 -5.25836 -0.838125 -5.25836 -0.280613 0.639861 -0.280613 -0.639861 
1 1 0 5.90969 0.1 3.16164 -0.838499 -5.26106 -0.838499 -5.26106 -0.2826 0.638778 -0.2826 -0.638778 
1 1 0 5.91388 0.1 3.15656 -0.838873 -5.26376 -0.838873 -5.26376 -0.284565 0.637698 -0.284565 -0.637698 
1 1 0 5.91807 0.1 3.15154 -0.839246 -5.26646 -0.839246 -5.26646 -0.286506 0.63662 -0.286506 -0.63662 
1 1 0 5.92227 0.1 3.14659 -0.83962 -5.26916 -0.83962 -5.26916 -0.288424 0.635546 -0.288424 -0.635546 
1 1 0 5.92646 0.1 3.1417 -0.839993 -5.27186 -0.839993 -5.27186 -0.290319 0.634474 -0.290319 -0.634474 
1 1 0 5.93065 0.1 3.13687 -0.840365 -5.27456 -0.840365 -5.27456 -0.292191 0.633405 -0.292191 -0.633405 
1 1 0 5.93484 0.1 3.13211 -0.840738 -5.27726 -0.840738 -5.27726 -0.29404 0.63234 -0.29404 -0.63234 
1 1 0 5.93903 0.1 3.12741 -0.84111 -5.27996 -0.84111 -5.27996 -0.295866 0.631279 -0.295866 -0.631279 
1 1 0 5.94322 0.1 3.12276 -0.841482 -5.28266 -0.841482 -5.28266 -0.297669 0.630221 -0.297669 -0.630221 
1 1 0 5.94742 0.1 3.11818 -0.841853 -5.28536 -0.841853 -5.28536 -0.299449 0.629168 -0.299449 -0.629168 
1 1 0 5.95161 0.1 3.11366 -0.842225 -5.28806 -0.842225 -5.28806 -0.301206 0.628118 -0.301206 -0.628118 
1 1 0 5.9558 0.1 3.1092 -0.842596 -5.29076 -0.842596 -5.29076 -0.302941 0.627073 -0.302941 -0.627073 
1 1 0 5.95999 0.1 3.1048 -0.842966 -5.29347 -0.842966 -5.29347 -0.304654 0.626033 -0.304654 -0.626033 
1 1 0 5.96418 0.1 3.10046 -0.843337 -5.29617 -0.843337 -5.29617 -0.306343 0.624997 -0.306343 -0.624997 
1 1 0 5.96837 0.1 3.09617 -0.843707 -5.29887 -0.843707 -5.29887 -0.308011 0.623966 -0.308011 -0.623966 
1 1 0 5.97256 0.1 3.09195 -0.844077 -5.30158 -0.844077 -5.30158 -0.309656 0.62294 -0.309656 -0.62294 
1 1 0 5.97675 0.1 3.08778 -0.844446 -5.30428 -0.844446 -5.30428 -0.311279 0.62192 -0.311279 -0.62192 
1 1 0 5.98094 0.1 3.08367 -0.844816 -5.30698 -0.844816 -5.30698 -0.312879 0.620904 -0.312879 -0.620904 
1 1 0 5.98512 0.1 3.07962 -0.845185 -5.30969 -0.845185 -5.30969 -0.314457 0.619894 -0.314457 -0.619894 
1 1 0 5.98931 0.1 3.07562 -0.845553 -5.3124 -0.845553 -5.3124 -0.316013 0.61889 -0.316013 -0.61889 
1 1 0 5.9935 0.1 3.07168 -0.845922 -5.3151 -0.845922 -5.3151 -0.317547 0.617892 -0.317547 -0.617892 
1 1 0 5.99769 0.1 3.0678 -0.84629 -5.31781 -0.84629 -5.31781 -0.319059 0.6169 -0.319059 -0.6169 
1 1 0 6.00188 0.1 3.06397 -0.846658 -5.32051 -0.846658 -5.32051 -0.320549 0.615914 -0.320549 -0.615914 
1 1 0 6.00607 0.1 3.0602 -0.847025 -5.32322 -0.847025 -5.32322 -0.322017 0.614935 -0.322017 -0.614935 
1 1 0 6.01025 0.1 3.05649 -0.847393 -5.32593 -0.847393 -5.32593 -0.323464 0.613962 -0.323464 -0.613962 
1 1 0 6.01444 0.1 3.05282 -0.84776 -5.32863 -0.84776 -5.32863 -0.324888 0.612996 -0.324888 -0.612996 
1 1 0 6.01863 0.1 3.04922 -0.848126 -5.33134 -0.848126 -5.33134 -0.326291 0.612036 -0.326291 -0.612036 
1 1 0 6.02282 0.1 3.04566 -0.848493 -5.33405 -0.848493 -5.33405 -0.327672 0.611084 -0.327672 -0.611084 
1 1 0 6.027 0.1 3.04216 -0.848859 -5.33676 -0.848859 -5.33676 -0.329032 0.610139 -0.329032 -0.610139 
1 1 0 6.03119 0.1 3.03872 -0.849225 -5.33947 -0.849225 -5.33947 -0.33037 0.609201 -0.33037 -0.609201 
1 1 0 6.03537 0.1 3.03533 -0.849591 -5.34218 -0.849591 -5.34218 -0.331686 0.608271 -0.331686 -0.608271 
1 1 0 6.03956 0.1 3.03199 -0.849956 -5.34489 -0.849956 -5.34489 -0.332981 0.607348 -0.332981 -0.607348 
1 1 0 6.04375 0.1 3.0287 -0.850321 -5.3476 -0.850321 -5.3476 -0.334254 0.606433 -0.334254 -0.606433 
1 1 0 6.04793 0.1 3.02547 -0.850686 -5.35031 -0.850686 -5.35031 -0.335506 0.605525 -0.335506 -0.605525 
1 1 0 6.05212 0.1 3.02229 -0.85105 -5.35302 -0.85105 -5.35302 -0.336737 0.604626 -0.336737 -0.604626 
1 1 0 6.0563 0.1 3.01916 -0.851415 -5.35573 -0.851415 -5.35573 -0.337946 0.603735 -0.337946 -0.603735 
1 1 0 6.06049 0.1 3.01609 -0.851779 -5.35844 -0.851779 -5.35844 -0.339134 0.602852 -0.339134 -0.602852 
1 1 0 6.06467 0.1 3.01306 -0.852142 -5.36115 -0.852142 -5.36115 -0.340301 0.601978 -0.340301 -0.601978 
1 1 0 6.06886 0.1 3.01009 -0.852506 -5.36387 -0.852506 -5.36387 -0.341447 0.601112 -0.341447 -0.601112 
1 1 0 6.07304 0.1 3.00717 -0.852869 -5.36658 -0.852869 -5.36658 -0.342572 0.600255 -0.342572 -0.600255 
1 1 0 6.07723 0.1 3.0043 -0.853232 -5.36929 -0.853232 -5.36929 -0.343676 0.599407 -0.343676 -0.599407 
1 1 0 6.08141 0.1 3.00148 -0.853594 -5.372 -0.853594 -5.372 -0.344758 0.598568 -0.344758 -0.598568 
1 1 0 6.08559 0.1 2.99872 -0.853957 -5.37472 -0.853957 -5.37472 -0.34582 0.597738 -0.34582 -0.597738 
1 1 0 6.08978 0.1 2.996 -0.854319 -5.37743 -0.854319 -5.37743 -0.34686 0.596917 -0.34686 -0.596917 
1 1 0 6.09396 0.1 2.99333 -0.854681 -5.38015 -0.854681 -5.38015 -0.34788 0.596105 -0.34788 -0.596105 
1 1 0 6.09814 0.1 2.99072 -0.855042 -5.38286 -0.855042 -5.38286 -0.348879 0.595303 -0.348879 -0.595303 
1 1 0 6.10233 0.1 2.98815 -0.855403 -5.38558 -0.855403 -5.38558 -0.349857 0.594511 -0.349857 -0.594511 
1 1 0 6.10651 0.1 2.98563 -0.855764 -5.38829 -0.855764 -5.38829 -0.350814 0.593728 -0.350814 -0.593728 
1 1 0 6.11069 0.1 2.98317 -0.856125 -5.39101 -0.856125 -5.39101 -0.351751 0.592955 -0.351751 -0.592955 
1 1 0 6.11488 0.1 2.98075 -0.856486 -5.39373 -0.856486 -5.39373 -0.352667 0.592192 -0.352667 -0.592192 
1 1 0 6.11906 0.1 2.97838 -0.856846 -5.39644 -0.856846 -5.39644 -0.353562 0.59144 -0.353562 -0.59144 
1 1 0 6.12324 0.1 2.97607 -0.857206 -5.39916 -0.857206 -5.39916 -0.354436 0.590697 -0.354436 -0.590697 
1 1 0 6.12742 0.1 2.9738 -0.857565 -5.40188 -0.857565 -5.40188 -0.35529 0.589964 -0.35529 -0.589964 
1 1 0 6.1316 0.1 2.97158 -0.857925 -5.40459 -0.857925 -5.40459 -0.356123 0.589242 -0.356123 -0.589242 
1 1 0 6.13578 0.1 2.96941 -0.858284 -5.40731 -0.858284 -5.40731 -0.356936 0.588531 -0.356936 -0.588531 
1 1 0 6.13996 0.1 2.96729 -0.858643 -5.41003 -0.858643 -5.41003 -0.357728 0.58783 -0.357728 -0.58783 
1 1 0 6.14414 0.1 2.96522 -0.859001 -5.41275 -0.859001 -5.41275 -0.3585 0.58714 -0.3585 -0.58714 
1 1 0 6.14832 0.1 2.96319 -0.859359 -5.41547 -0.859359 -5.41547 -0.359251 0.58646 -0.359251 -0.58646 
1 1 0 6.15251 0.1 2.96122 -0.859717 -5.41819 -0.859717 -5.41819 -0.359982 0.585792 -0.359982 -0.585792 
1 1 0 6.15669 0.1 2.95929 -0.860075 -5.42091 -0.860075 -5.42091 -0.360692 0.585134 -0.360692 -0.585134 
1 1 0 6.16087 0.1 2.95741 -0.860433 -5.42363 -0.860433 -5.42363 -0.361383 0.584488 -0.361383 -0.584488 
1 1 0 6.16504 0.1 2.95558 -0.86079 -5.42635 -0.86079 -5.42635 -0.362052 0.583852 -0.362052 -0.583852 
1 1 0 6.16922 0.1 2.9538 -0.861147 -5.42907 -0.861147 -5.42907 -0.362702 0.583228 -0.362702 -0.583228 
1 1 0 6.1734 0.1 2.95207 -0.861504 -5.43179 -0.861504 -5.43179 -0.363331 0.582616 -0.363331 -0.582616 
1 1 0 6.17758 0.1 2.95038 -0.86186 -5.43452 -0.86186 -5.43452 -0.36394 0.582014 -0.36394 -0.582014 
1 1 0 6.18176 0.1 2.94874 -0.862216 -5.43724 -0.862216 -5.43724 -0.364529 0.581425 -0.364529 -0.581425 
1 1 0 6.18594 0.1 2.94715 -0.862572 -5.43996 -0.862572 -5.43996 -0.365097 0.580847 -0.365097 -0.580847 
1 1 0 6.19012 0.1 2.94561 -0.862928 -5.44269 -0.862928 -5.44269 -0.365646 0.58028 -0.365646 -0.58028 
1 1 0 6.1943 0.1 2.94411 -0.863283 -5.44541 -0.863283 -5.44541 -0.366174 0.579725 -0.366174 -0.579725 
1 1 0 6.19847 0.1 2.94267 -0.863638 -5.44813 -0.863638 -5.44813 -0.366682 0.579183 -0.366682 -0.579183 
1 1 0 6.20265 0.1 2.94127 -0.863993 -5.45086 -0.863993 -5.45086 -0.36717 0.578652 -0.36717 -0.578652 
1 1 0 6.20683 0.1 2.93991 -0.864348 -5.45358 -0.864348 -5.45358 -0.367638 0.578133 -0.367638 -0.578133 
1 1 0 6.211 0.1 2.93861 -0.864702 -5.45631 -0.864702 -5.45631 -0.368086 0.577626 -0.368086 -0.577626 
1 1 0 6.21518 0.1 2.93735 -0.865056 -5.45903 -0.865056 -5.45903 -0.368514 0.577131 -0.368514 -0.577131 
1 1 0 6.21936 0.1 2.93614 -0.86541 -5.46176 -0.86541 -5.46176 -0.368922 0.576648 -0.368922 -0.576648 
1 1 0 6.22353 0.1 2.93498 -0.865763 -5.46449 -0.865763 -5.46449 -0.36931 0.576177 -0.36931 -0.576177 
1 1 0 6.22771 0.1 2.93386 -0.866117 -5.46721 -0.866117 -5.46721 -0.369678 0.575719 -0.369678 -0.575719 
1 1 0 6.23189 0.1 2.93279 -0.86647 -5.46994 -0.86647 -5.46994 -0.370026 0.575273 -0.370026 -0.575273 
1 1 0 6.23606 0.1 2.93177 -0.866823 -5.47267 -0.866823 -5.47267 -0.370354 0.57484 -0.370354 -0.57484 
1 1 0 6.24024 0.1 2.9308 -0.867175 -5.4754 -0.867175 -5.4754 -0.370663 0.574418 -0.370663 -0.574418 
1 1 0 6.24441 0.1 2.92987 -0.867527 -5.47812 -0.867527 -5.47812 -0.370951 0.57401 -0.370951 -0.57401 
1 1 0 6.24859 0.1 2.92899 -0.867879 -5.48085 -0.867879 -5.48085 -0.371219 0.573614 -0.371219 -0.573614 
1 1 0 6.25276 0.1 2.92816 -0.868231 -5.48358 -0.868231 -5.48358 -0.371468 0.57323 -0.371468 -0.57323 
1 1 0 6.25694 0.1 2.92737 -0.868582 -5.48631 -0.868582 -5.48631 -0.371697 0.572859 -0.371697 -0.572859 
1 1 0 6.26111 0.1 2.92663 -0.868934 -5.48904 -0.868934 -5.48904 -0.371906 0.572501 -0.371906 -0.572501 
1 1 0 6.26529 0.1 2.92594 -0.869285 -5.49177 -0.869285 -5.49177 -0.372095 0.572155 -0.372095 -0.572155 
1 1 0 6.26946 0.1 2.92529 -0.869635 -5.4945 -0.869635 -5.4945 -0.372265 0.571822 -0.372265 -0.571822 
1 1 0 6.27363 0.1 2.92469 -0.869986 -5.49723 -0.869986 -5.49723 -0.372414 0.571502 -0.372414 -0.571502 
1 1 0 6.27781 0.1 2.92414 -0.870336 -5.49996 -0.870336 -5.49996 -0.372544 0.571194 -0.372544 -0.571194 
1 1 0 6.28198 0.1 2.92363 -0.870686 -5.5027 -0.870686 -5.5027 -0.372655 0.5709 -0.372655 -0.5709 
1 1 0 6.28615 0.1 2.92317 -0.871035 -5.50543 -0.871035 -5.50543 -0.372745 0.570618 -0.372745 -0.570618 
1 1 0 6.29032 0.1 2.92276 -0.871385 -5.50816 -0.871385 -5.50816 -0.372816 0.570349 -0.372816 -0.570349 
1 1 0 6.2945 0.1 2.9224 -0.871734 -5.51089 -0.871734 -5.51089 -0.372867 0.570093 -0.372867 -0.570093 
1 1 0 6.29867 0.1 2.92208 -0.872083 -5.51363 -0.872083 -5.51363 -0.372898 0.569849 -0.372898 -0.569849 
1 1 0 6.30284 0.1 2.92181 -0.872431 -5.51636 -0.872431 -5.51636 -0.37291 0.569619 -0.37291 -0.569619 
1 1 0 6.30701 0.1 2.92158 -0.87278 -5.5191 -0.87278 -5.5191 -0.372902 0.569402 -0.372902 -0.569402 
1 1 0 6.31118 0.1 2.92141 -0.873128 -5.52183 -0.873128 -5.52183 -0.372874 0.569197 -0.372874 -0.569197 
1 1 0 6.31535 0.1 2.92128 -0.873476 -5.52457 -0.873476 -5.52457 -0.372827 0.569005 -0.372827 -0.569005 
1 1 0 6.31952 0.1 2.92119 -0.873823 -5.5273 -0.873823 -5.5273 -0.37276 0.568827 -0.37276 -0.568827 
1 1 0 6.3237 0.1 2.92115 -0.874171 -5.53004 -0.874171 -5.53004 -0.372673 0.568661 -0.372673 -0.568661 
1 1 0 6.32787 0.1 2.92116 -0.874518 -5.53277 -0.874518 -5.53277 -0.372567 0.568508 -0.372567 -0.568508 
1 1 0 6.33204 0.1 2.92122 -0.874865 -5.53551 -0.874865 -5.53551 -0.372441 0.568368 -0.372441 -0.568368 
1 1 0 6.33621 0.1 2.92132 -0.875211 -5.53825 -0.875211 -5.53825 -0.372296 0.56824 -0.372296 -0.56824 
1 1 0 6.34037 0.1 2.92148 -0.875557 -5.54099 -0.875557 -5.54099 -0.372131 0.568126 -0.372131 -0.568126 
1 1 0 6.34454 0.1 2.92167 -0.875903 -5.54373 -0.875903 -5.54373 -0.371946 0.568025 -0.371946 -0.568025 
1 1 0 6.34871 0.1 2.92192 -0.876249 -5.54646 -0.876249 -5.54646 -0.371742 0.567936 -0.371742 -0.567936 
1 1 0 6.35288 0.1 2.92221 -0.876595 -5.5492 -0.876595 -5.5492 -0.371518 0.56786 -0.371518 -0.56786 
1 1 0 6.35705 0.1 2.92255 -0.87694 -5.55194 -0.87694 -5.55194 -0.371275 0.567797 -0.371275 -0.567797 
1 1 0 6.36122 0.1 2.92293 -0.877285 -5.55468 -0.877285 -5.55468 -0.371012 0.567747 -0.371012 -0.567747 
1 1 0 6.36539 0.1 2.92337 -0.87763 -5.55742 -0.87763 -5.55742 -0.37073 0.567709 -0.37073 -0.567709 
1 1 0 6.36955 0.1 2.92385 -0.877974 -5.56016 -0.877974 -5.56016 -0.370428 0.567685 -0.370428 -0.567685 
1 1 0 6.37372 0.1 2.92438 -0.878319 -5.5629 -0.878319 -5.5629 -0.370106 0.567673 -0.370106 -0.567673 
1 1 0 6.37789 0.1 2.92495 -0.878663 -5.56565 -0.878663 -5.56565 -0.369765 0.567673 -0.369765 -0.567673 
1 1 0 6.38206 0.1 2.92557 -0.879006 -5.56839 -0.879006 -5.56839 -0.369404 0.567687 -0.369404 -0.567687 
1 1 0 6.38622 0.1 2.92624 -0.87935 -5.57113 -0.87935 -5.57113 -0.369023 0.567713 -0.369023 -0.567713 
1 1 0 6.39039 0.1 2.92696 -0.879693 -5.57387 -0.879693 -5.57387 -0.368624 0.567751 -0.368624 -0.567751 
1 1 0 6.39455 0.1 2.92773 -0.880036 -5.57662 -0.880036 -5.57662 -0.368204 0.567802 -0.368204 -0.567802 
1 1 0 6.39872 0.1 2.92854 -0.880379 -5.57936 -0.880379 -5.57936 -0.367765 0.567866 -0.367765 -0.567866 
1 1 0 6.40289 0.1 2.9294 -0.880721 -5.5821 -0.880721 -5.5821 -0.367306 0.567941 -0.367306 -0.567941 
1 1 0 6.40705 0.1 2.93031 -0.881064 -5.58485 -0.881064 -5.58485 -0.366828 0.568029 -0.366828 -0.568029 
1 1 0 6.41122 0.1 2.93126 -0.881405 -5.58759 -0.881405 -5.58759 -0.36633 0.56813 -0.36633 -0.56813 
1 1 0 6.41538 0.1 2.93227 -0.881747 -5.59034 -0.881747 -5.59034 -0.365813 0.568243 -0.365813 -0.568243 
1 1 0 6.41955 0.1 2.93332 -0.882089 -5.59309 -0.882089 -5.59309 -0.365276 0.568368 -0.365276 -0.568368 
1 1 0 6.42371 0.1 2.93442 -0.88243 -5.59583 -0.88243 -5.59583 -0.364719 0.568505 -0.364719 -0.568505 
1 1 0 6.42787 0.1 2.93557 -0.882771 -5.59858 -0.882771 -5.59858 -0.364143 0.568654 -0.364143 -0.568654 
1 1 0 6.43204 0.1 2.93676 -0.883111 -5.60133 -0.883111 -5.60133 -0.363547 0.568815 -0.363547 -0.568815 
1 1 0 6.4362 0.1 2.93801 -0.883452 -5.60407 -0.883452 -5.60407 -0.362932 0.568988 -0.362932 -0.568988 
1 1 0 6.44036 0.1 2.9393 -0.883792 -5.60682 -0.883792 -5.60682 -0.362297 0.569173 -0.362297 -0.569173 
1 1 0 6.44453 0.1 2.94065 -0.884132 -5.60957 -0.884132 -5.60957 -0.361642 0.569371 -0.361642 -0.569371 
1 1 0 6.44869 0.1 2.94204 -0.884472 -5.61232 -0.884472 -5.61232 -0.360967 0.569579 -0.360967 -0.569579 
1 1 0 6.45285 0.1 2.94348 -0.884811 -5.61507 -0.884811 -5.61507 -0.360273 0.569799 -0.360273 -0.569799 
1 1 0 6.45701 0.1 2.94496 -0.88515 -5.61782 -0.88515 -5.61782 -0.35956 0.570031 -0.35956 -0.570031 
1 1 0 6.46118 0.1 2.9465 -0.885489 -5.62057 -0.885489 -5.62057 -0.358826 0.570274 -0.358826 -0.570274 
1 1 0 6.46534 0.1 2.94809 -0.885828 -5.62332 -0.885828 -5.62332 -0.358073 0.570529 -0.358073 -0.570529 
1 1 0 6.4695 0.1 2.94972 -0.886166 -5.62607 -0.886166 -5.62607 -0.357301 0.570795 -0.357301 -0.570795 
1 1 0 6.47366 0.1 2.95141 -0.886504 -5.62883 -0.886504 -5.62883 -0.356508 0.571073 -0.356508 -0.571073 
1 1 0 6.47782 0.1 2.95314 -0.886842 -5.63158 -0.886842 -5.63158 -0.355696 0.571361 -0.355696 -0.571361 
1 1 0 6.48198 0.1 2.95493 -0.88718 -5.63433 -0.88718 -5.63433 -0.354864 0.57166 -0.354864 -0.57166 
1 1 0 6.48614 0.1 2.95676 -0.887517 -5.63708 -0.887517 -5.63708 -0.354012 0.571971 -0.354012 -0.571971 
1 1 0 6.4903 0.1 2.95865 -0.887854 -5.63984 -0.887854 -5.63984 -0.353141 0.572292 -0.353141 -0.572292 
1 1 0 6.49446 0.1 2.96058 -0.888191 -5.64259 -0.888191 -5.64259 -0.35225 0.572624 -0.35225 -0.572624 
1 1 0 6.49862 0.1 2.96257 -0.888528 -5.64535 -0.888528 -5.64535 -0.351339 0.572967 -0.351339 -0.572967 
1 1 0 6.50278 0.1 2.9646 -0.888864 -5.6481 -0.888864 -5.6481 -0.350408 0.57332 -0.350408 -0.57332 
1 1 0 6.50693 0.1 2.96669 -0.8892 -5.65086 -0.8892 -5.65086 -0.349457 0.573684 -0.349457 -0.573684 
1 1 0 6.51109 0.1 2.96882 -0.889536 -5.65361 -0.889536 -5.65361 -0.348486 0.574058 -0.348486 -0.574058 
1 1 0 6.51525 0.1 2.97101 -0.889872 -5.65637 -0.889872 -5.65637 -0.347496 0.574443 -0.347496 -0.574443 
1 1 0 6.51941 0.1 2.97325 -0.890207 -5.65913 -0.890207 -5.65913 -0.346486 0.574837 -0.346486 -0.574837 
1 1 0 6.52356 0.1 2.97554 -0.890542 -5.66189 -0.890542 -5.66189 -0.345455 0.575242 -0.345455 -0.575242 
1 1 0 6.52772 0.1 2.97788 -0.890877 -5.66465 -0.890877 -5.66465 -0.344405 0.575656 -0.344405 -0.575656 
1 1 0 6.53188 0.1 2.98027 -0.891212 -5.6674 -0.891212 -5.6674 -0.343335 0.576081 -0.343335 -0.576081 
1 1 0 6.53603 0.1 2.98272 -0.891546 -5.67016 -0.891546 -5.67016 -0.342245 0.576515 -0.342245 -0.576515 
1 1 0 6.54019 0.1 2.98522 -0.89188 -5.67292 -0.89188 -5.67292 -0.341135 0.576958 -0.341135 -0.576958 
1 1 0 6.54435 0.1 2.98777 -0.892214 -5.67568 -0.892214 -5.67568 -0.340004 0.577411 -0.340004 -0.577411 
1 1 0 6.5485 0.1 2.99037 -0.892547 -5.67844 -0.892547 -5.67844 -0.338854 0.577873 -0.338854 -0.577873 
1 1 0 6.55266 0.1 2.99302 -0.892881 -5.68121 -0.892881 -5.68121 -0.337684 0.578345 -0.337684 -0.578345 
1 1 0 6.55681 0.1 2.99573 -0.893214 -5.68397 -0.893214 -5.68397 -0.336493 0.578825 -0.336493 -0.578825 
1 1 0 6.56096 0.1 2.99849 -0.893547 -5.68673 -0.893547 -5.68673 -0.335282 0.579314 -0.335282 -0.579314 
1 1 0 6.56512 0.1 3.0013 -0.893879 -5.68949 -0.893879 -5.68949 -0.334051 0.579813 -0.334051 -0.579813 
1 1 0 6.56927 0.1 3.00417 -0.894211 -5.69226 -0.894211 -5.69226 -0.3328 0.580319 -0.3328 -0.580319 
1 1 0 6.57343 0.1 3.0071 -0.894543 -5.69502 -0.894543 -5.69502 -0.331529 0.580835 -0.331529 -0.580835 
1 1 0 6.57758 0.1 3.01007 -0.894875 -5.69779 -0.894875 -5.69779 -0.330237 0.581359 -0.330237 -0.581359 
1 1 0 6.58173 0.1 3.0131 -0.895207 -5.70055 -0.895207 -5.70055 -0.328925 0.581891 -0.328925 -0.581891 
1 1 0 6.58588 0.1 3.01619 -0.895538 -5.70332 -0.895538 -5.70332 -0.327593 0.582431 -0.327593 -0.582431 
1 1 0 6.59004 0.1 3.01933 -0.895869 -5.70608 -0.895869 -5.70608 -0.32624 0.582979 -0.32624 -0.582979 
1 1 0 6.59419 0.1 3.02253 -0.8962 -5.70885 -0.8962 -5.70885 -0.324867 0.583535 -0.324867 -0.583535 
1 1 0 6.59834 0.1 3.02578 -0.89653 -5.71162 -0.89653 -5.71162 -0.323473 0.584098 -0.323473 -0.584098 
1 1 0 6.60249 0.1 3.02909 -0.89686 -5.71438 -0.89686 -5.71438 -0.322059 0.58467 -0.322059 -0.58467 
1 1 0 6.60664 0.1 3.03245 -0.89719 -5.71715 -0.89719 -5.71715 -0.320625 0.585248 -0.320625 -0.585248 
1 1 0 6.61079 0.1 3.03587 -0.89752 -5.71992 -0.89752 -5.71992 -0.31917 0.585834 -0.31917 -0.585834 
1 1 0 6.61494 0.1 3.03935 -0.897849 -5.72269 -0.897849 -5.72269 -0.317694 0.586426 -0.317694 -0.586426 
1 1 0 6.61909 0.1 3.04288 -0.898178 -5.72546 -0.898178 -5.72546 -0.316197 0.587026 -0.316197 -0.587026 
1 1 0 6.62324 0.1 3.04648 -0.898507 -5.72823 -0.898507 -5.72823 -0.31468 0.587633 -0.31468 -0.587633 
1 1 0 6.62739 0.1 3.05013 -0.898836 -5.731 -0.898836 -5.731 -0.313142 0.588246 -0.313142 -0.588246 
1 1 0 6.63154 0.1 3.05384 -0.899164 -5.73377 -0.899164 -5.73377 -0.311583 0.588865 -0.311583 -0.588865 
1 1 0 6.63569 0.1 3.05761 -0.899493 -5.73655 -0.899493 -5.73655 -0.310004 0.589491 -0.310004 -0.589491 
1 1 0 6.63983 0.1 3.06143 -0.899821 -5.73932 -0.899821 -5.73932 -0.308403 0.590123 -0.308403 -0.590123 
1 1 0 6.64398 0.1 3.06532 -0.900148 -5.74209 -0.900148 -5.74209 -0.306782 0.590761 -0.306782 -0.590761 
1 1 0 6.64813 0.1 3.06927 -0.900475 -5.74487 -0.900475 -5.74487 -0.305139 0.591405 -0.305139 -0.591405 
1 1 0 6.65227 0.1 3.07328 -0.900803 -5.74764 -0.900803 -5.74764 -0.303476 0.592054 -0.303476 -0.592054 
1 1 0 6.65642 0.1 3.07735 -0.901129 -5.75042 -0.901129 -5.75042 -0.301791 0.592709 -0.301791 -0.592709 
1 1 0 6.66057 0.1 3.08148 -0.901456 -5.75319 -0.901456 -5.75319 -0.300086 0.593369 -0.300086 -0.593369 
1 1 0 6.66471 0.1 3.08567 -0.901782 -5.75597 -0.901782 -5.75597 -0.298359 0.594034 -0.298359 -0.594034 
1 1 0 6.66886 0.1 3.08992 -0.902108 -5.75874 -0.902108 -5.75874 -0.29661 0.594705 -0.29661 -0.594705 
1 1 0 6.673 0.1 3.09424 -0.902434 -5.76152 -0.902434 -5.76152 -0.294841 0.59538 -0.294841 -0.59538 
1 1 0 6.67715 0.1 3.09862 -0.90276 -5.7643 -0.90276 -5.7643 -0.29305 0.596059 -0.29305 -0.596059 
1 1 0 6.68129 0.1 3.10306 -0.903085 -5.76708 -0.903085 -5.76708 -0.291238 0.596743 -0.291238 -0.596743 
1 1 0 6.68543 0.1 3.10757 -0.90341 -5.76986 -0.90341 -5.76986 -0.289404 0.597431 -0.289404 -0.597431 
1 1 0 6.68958 0.1 3.11214 -0.903735 -5.77264 -0.903735 -5.77264 -0.287548 0.598124 -0.287548 -0.598124 
1 1 0 6.69372 0.1 3.11678 -0.904059 -5.77542 -0.904059 -5.77542 -0.285671 0.59882 -0.285671 -0.59882 
1 1 0 6.69786 0.1 3.12148 -0.904383 -5.7782 -0.904383 -5.7782 -0.283773 0.59952 -0.283773 -0.59952 
1 1 0 6.702 0.1 3.12625 -0.904707 -5.78098 -0.904707 -5.78098 -0.281852 0.600223 -0.281852 -0.600223 
1 1 0 6.70615 0.1 3.13109 -0.905031 -5.78376 -0.905031 -5.78376 -0.27991 0.60093 -0.27991 -0.60093 
1 1 0 6.71029 0.1 3.136 -0.905354 -5.78655 -0.905354 -5.78655 -0.277945 0.601639 -0.277945 -0.601639 
1 1 0 6.71443 0.1 3.14097 -0.905677 -5.78933 -0.905677 -5.78933 -0.275959 0.602352 -0.275959 -0.602352 
1 1 0 6.71857 0.1 3.14601 -0.906 -5.79211 -0.906 -5.79211 -0.273951 0.603068 -0.273951 -0.603068 
1 1 0 6.72271 0.1 3.15113 -0.906323 -5.7949 -0.906323 -5.7949 -0.27192 0.603786 -0.27192 -0.603786 
1 1 0 6.72685 0.1 3.15631 -0.906645 -5.79769 -0.906645 -5.79769 -0.269868 0.604506 -0.269868 -0.604506 
1 1 0 6.73099 0.1 3.16156 -0.906967 -5.80047 -0.906967 -5.80047 -0.267793 0.605228 -0.267793 -0.605228 
1 1 0 6.73513 0.1 3.16689 -0.907289 -5.80326 -0.907289 -5.80326 -0.265696 0.605953 -0.265696 -0.605953 
1 1 0 6.73926 0.1 3.17229 -0.907611 -5.80605 -0.907611 -5.80605 -0.263576 0.606679 -0.263576 -0.606679 
1 1 0 6.7434 0.1 3.17776 -0.907932 -5.80883 -0.907932 -5.80883 -0.261433 0.607407 -0.261433 -0.607407 
1 1 0 6.74754 0.1 3.1833 -0.908253 -5.81162 -0.908253 -5.81162 -0.259269 0.608136 -0.259269 -0.608136 
1 1 0 6.75168 0.1 3.18892 -0.908574 -5.81441 -0.908574 -5.81441 -0.257081 0.608866 -0.257081 -0.608866 
1 1 0 6.75581 0.1 3.19462 -0.908894 -5.8172 -0.908894 -5.8172 -0.25487 0.609597 -0.25487 -0.609597 
1 1 0 6.75995 0.1 3.20039 -0.909214 -5.81999 -0.909214 -5.81999 -0.252637 0.610329 -0.252637 -0.610329 
1 1 0 6.76409 0.1 3.20623 -0.909534 -5.82279 -0.909534 -5.82279 -0.250381 0.611061 -0.250381 -0.611061 
2 1 0 6.43 0.1 0 -0.829373 -6.70108 -0.829373 -6.70108 -0.250381 0.611061 -0.250381 -0.611061 
1 1 0 6.43 0.1 2.93617 -0.829373 -6.70108 -0.829373 -6.70108 -0.363841 0.568735 -0.363841 -0.568735 
1 1 0 6.43 0.1 2.93617 -0.829373 -6.70108 -0.829373 -6.70108 -0.363841 0.568735 -0.363841 -0.568735 
1 1 0 6.43 0.1 2.93617 -0.829373 -6.70108 -0.829373 -6.70108 -0.363841 0.568735 -0.363841 -0.568735 
1 1 0 6.43 0.1 2.93617 -0.829373 -6.70108 -0.829373 -6.70108 -0.363841 0.568735 -0.363841 -0.568735 
1 1 0 6.43 0.1 2.93617 -0.829373 -6.70109 -0.829373 -6.70109 -0.363841 0.568735 -0.363841 -0.568735 
1 1 0 6.43001 0.1 2.93618 -0.829373 -6.70109 -0.829373 -6.70109 -0.36384 0.568735 -0.36384 -0.568735 
1 1 0 6.43001 0.1 2.93618 -0.829374 -6.70109 -0.829374 -6.70109 -0.363839 0.568736 -0.363839 -0.568736 
1 1 0 6.43003 0.1 2.93618 -0.829375 -6.70111 -0.829375 -6.70111 -0.363837 0.568736 -0.363837 -0.568736 
1 1 0 6.43006 0.1 2.93619 -0.829377 -6.70113 -0.829377 -6.70113 -0.363833 0.568737 -0.363833 -0.568737 
1 1 0 6.4301 0.1 2.9362 -0.82938 -6.70117 -0.82938 -6.70117 -0.363826 0.568739 -0.363826 -0.568739 
1 1 0 6.43017 0.1 2.93622 -0.829385 -6.70122 -0.829385 -6.70122 -0.363817 0.568741 -0.363817 -0.568741 
1 1 0 6.43027 0.1 2.93625 -0.829392 -6.70131 -0.829392 -6.70131 -0.363803 0.568745 -0.363803 -0.568745 
1 1 0 6.43042 0.1 2.93629 -0.829402 -6.70143 -0.829402 -6.70143 -0.363782 0.568751 -0.363782 -0.568751 
1 1 0 6.43064 0.1 2.93636 -0.829418 -6.70162 -0.829418 -6.70162 -0.36375 0.56876 -0.36375 -0.56876 
1 1 0 6.43097 0.1 2.93645 -0.829442 -6.7019 -0.829442 -6.7019 -0.363702 0.568773 -0.363702 -0.568773 
1 1 0 6.43147 0.1 2.9366 -0.829477 -6.70233 -0.829477 -6.70233 -0.363629 0.568793 -0.363629 -0.568793 
1 1 0 6.43222 0.1 2.93682 -0.82953 -6.70296 -0.82953 -6.70296 -0.36352 0.568823 -0.36352 -0.568823 
1 1 0 6.43335 0.1 2.93715 -0.82961 -6.70391 -0.82961 -6.70391 -0.363356 0.568869 -0.363356 -0.568869 
1 1 0 6.43503 0.1 2.93766 -0.829729 -6.70534 -0.829729 -6.70534 -0.363106 0.568939 -0.363106 -0.568939 
1 1 0 6.43757 0.1 2.93843 -0.829908 -6.70749 -0.829908 -6.70749 -0.362725 0.569048 -0.362725 -0.569048 
1 1 0 6.44136 0.1 2.93962 -0.830177 -6.7107 -0.830177 -6.7107 -0.362141 0.56922 -0.362141 -0.56922 
1 1 0 6.44518 0.1 2.94086 -0.830446 -6.71392 -0.830446 -6.71392 -0.361538 0.569402 -0.361538 -0.569402 
1 1 0 6.44899 0.1 2.94214 -0.830715 -6.71715 -0.830715 -6.71715 -0.360918 0.569594 -0.360918 -0.569594 
1 1 0 6.4528 0.1 2.94346 -0.830984 -6.72037 -0.830984 -6.72037 -0.360282 0.569796 -0.360282 -0.569796 
1 1 0 6.45661 0.1 2.94482 -0.831252 -6.72359 -0.831252 -6.72359 -0.359629 0.570008 -0.359629 -0.570008 
1 1 0 6.46043 0.1 2.94622 -0.831521 -6.72682 -0.831521 -6.72682 -0.35896 0.57023 -0.35896 -0.57023 
1 1 0 6.46424 0.1 2.94766 -0.831789 -6.73004 -0.831789 -6.73004 -0.358274 0.570461 -0.358274 -0.570461 
1 1 0 6.46805 0.1 2.94915 -0.832057 -6.73326 -0.832057 -6.73326 -0.357571 0.570701 -0.357571 -0.570701 
1 1 0 6.47186 0.1 2.95068 -0.832325 -6.73649 -0.832325 -6.73649 -0.356852 0.570952 -0.356852 -0.570952 
1 1 0 6.47568 0.1 2.95225 -0.832593 -6.73971 -0.832593 -6.73971 -0.356116 0.571211 -0.356116 -0.571211 
1 1 0 6.47949 0.1 2.95386 -0.832861 -6.74293 -0.832861 -6.74293 -0.355364 0.57148 -0.355364 -0.57148 
1 1 0 6.48331 0.1 2.95551 -0.833128 -6.74615 -0.833128 -6.74615 -0.354594 0.571758 -0.354594 -0.571758 
1 1 0 6.48712 0.1 2.9572 -0.833396 -6.74938 -0.833396 -6.74938 -0.353809 0.572046 -0.353809 -0.572046 
1 1 0 6.49093 0.1 2.95894 -0.833663 -6.7526 -0.833663 -6.7526 -0.353006 0.572342 -0.353006 -0.572342 
1 1 0 6.49475 0.1 2.96072 -0.83393 -6.75582 -0.83393 -6.75582 -0.352186 0.572648 -0.352186 -0.572648 
1 1 0 6.49856 0.1 2.96254 -0.834196 -6.75904 -0.834196 -6.75904 -0.35135 0.572963 -0.35135 -0.572963 
1 1 0 6.50238 0.1 2.9644 -0.834463 -6.76226 -0.834463 -6.76226 -0.350497 0.573286 -0.350497 -0.573286 
1 1 0 6.50619 0.1 2.96631 -0.834729 -6.76548 -0.834729 -6.76548 -0.349628 0.573619 -0.349628 -0.573619 
1 1 0 6.51001 0.1 2.96826 -0.834995 -6.7687 -0.834995 -6.7687 -0.348741 0.57396 -0.348741 -0.57396 
1 1 0 6.51383 0.1 2.97026 -0.835261 -6.77192 -0.835261 -6.77192 -0.347837 0.57431 -0.347837 -0.57431 
1 1 0 6.51764 0.1 2.97229 -0.835527 -6.77514 -0.835527 -6.77514 -0.346917 0.574669 -0.346917 -0.574669 
1 1 0 6.52146 0.1 2.97437 -0.835793 -6.77836 -0.835793 -6.77836 -0.34598 0.575036 -0.34598 -0.575036 
1 1 0 6.52527 0.1 2.9765 -0.836058 -6.78158 -0.836058 -6.78158 -0.345026 0.575411 -0.345026 -0.575411 
1 1 0 6.52909 0.1 2.97866 -0.836324 -6.7848 -0.836324 -6.7848 -0.344055 0.575795 -0.344055 -0.575795 
1 1 0 6.53291 0.1 2.98087 -0.836589 -6.78802 -0.836589 -6.78802 -0.343067 0.576187 -0.343067 -0.576187 
1 1 0 6.53672 0.1 2.98313 -0.836854 -6.79124 -0.836854 -6.79124 -0.342062 0.576588 -0.342062 -0.576588 
1 1 0 6.54054 0.1 2.98543 -0.837119 -6.79446 -0.837119 -6.79446 -0.34104 0.576996 -0.34104 -0.576996 
1 1 0 6.54436 0.1 2.98777 -0.837383 -6.79768 -0.837383 -6.79768 -0.34 0.577413 -0.34 -0.577413 
1 1 0 6.54818 0.1 2.99016 -0.837648 -6.80089 -0.837648 -6.80089 -0.338944 0.577837 -0.338944 -0.577837 
1 1 0 6.552 0.1 2.9926 -0.837912 -6.80411 -0.837912 -6.80411 -0.337871 0.578269 -0.337871 -0.578269 
1 1 0 6.55581 0.1 2.99508 -0.838176 -6.80733 -0.838176 -6.80733 -0.336781 0.578709 -0.336781 -0.578709 
1 1 0 6.55963 0.1 2.9976 -0.83844 -6.81055 -0.83844 -6.81055 -0.335673 0.579156 -0.335673 -0.579156 
1 1 0 6.56345 0.1 3.00017 -0.838704 -6.81376 -0.838704 -6.81376 -0.334548 0.579612 -0.334548 -0.579612 
1 1 0 6.56727 0.1 3.00278 -0.838967 -6.81698 -0.838967 -6.81698 -0.333406 0.580074 -0.333406 -0.580074 
1 1 0 6.57109 0.1 3.00544 -0.839231 -6.8202 -0.839231 -6.8202 -0.332247 0.580544 -0.332247 -0.580544 
1 1 0 6.57491 0.1 3.00815 -0.839494 -6.82341 -0.839494 -6.82341 -0.33107 0.581021 -0.33107 -0.581021 
1 1 0 6.57873 0.1 3.0109 -0.839757 -6.82663 -0.839757 -6.82663 -0.329877 0.581505 -0.329877 -0.581505 
1 1 0 6.58255 0.1 3.0137 -0.84002 -6.82984 -0.84002 -6.82984 -0.328665 0.581996 -0.328665 -0.581996 
1 1 0 6.58637 0.1 3.01655 -0.840283 -6.83306 -0.840283 -6.83306 -0.327437 0.582494 -0.327437 -0.582494 
1 1 0 6.59019 0.1 3.01945 -0.840545 -6.83627 -0.840545 -6.83627 -0.326191 0.582999 -0.326191 -0.582999 
1 1 0 6.59401 0.1 3.02239 -0.840807 -6.83949 -0.840807 -6.83949 -0.324927 0.58351 -0.324927 -0.58351 
1 1 0 6.59783 0.1 3.02537 -0.84107 -6.8427 -0.84107 -6.8427 -0.323646 0.584029 -0.323646 -0.584029 
1 1 0 6.60165 0.1 3.02841 -0.841332 -6.84592 -0.841332 -6.84592 -0.322348 0.584553 -0.322348 -0.584553 
1 1 0 6.60547 0.1 3.0315 -0.841593 -6.84913 -0.841593 -6.84913 -0.321031 0.585084 -0.321031 -0.585084 
1 1 0 6.60929 0.1 3.03463 -0.841855 -6.85235 -0.841855 -6.85235 -0.319698 0.585621 -0.319698 -0.585621 
1 1 0 6.61311 0.1 3.03781 -0.842116 -6.85556 -0.842116 -6.85556 -0.318346 0.586165 -0.318346 -0.586165 
1 1 0 6.61694 0.1 3.04104 -0.842378 -6.85877 -0.842378 -6.85877 -0.316977 0.586714 -0.316977 -0.586714 
1 1 0 6.62076 0.1 3.04432 -0.842639 -6.86199 -0.842639 -6.86199 -0.31559 0.587269 -0.31559 -0.587269 
1 1 0 6.62458 0.1 3.04765 -0.8429 -6.8652 -0.8429 -6.8652 -0.314186 0.58783 -0.314186 -0.58783 
1 1 0 6.6284 0.1 3.05103 -0.84316 -6.86841 -0.84316 -6.86841 -0.312763 0.588397 -0.312763 -0.588397 
1 1 0 6.63222 0.1 3.05446 -0.843421 -6.87162 -0.843421 -6.87162 -0.311323 0.588969 -0.311323 -0.588969 
1 1 0 6.63605 0.1 3.05794 -0.843681 -6.87484 -0.843681 -6.87484 -0.309865 0.589546 -0.309865 -0.589546 
1 1 0 6.63987 0.1 3.06147 -0.843942 -6.87805 -0.843942 -6.87805 -0.308388 0.590129 -0.308388 -0.590129 
1 1 0 6.64369 0.1 3.06505 -0.844202 -6.88126 -0.844202 -6.88126 -0.306894 0.590717 -0.306894 -0.590717 
1 1 0 6.64752 0.1 3.06869 -0.844461 -6.88447 -0.844461 -6.88447 -0.305382 0.59131 -0.305382 -0.59131 
1 1 0 6.65134 0.1 3.07237 -0.844721 -6.88768 -0.844721 -6.88768 -0.303851 0.591908 -0.303851 -0.591908 
1 1 0 6.65517 0.1 3.07611 -0.844981 -6.89089 -0.844981 -6.89089 -0.302303 0.59251 -0.302303 -0.59251 
1 1 0 6.65899 0.1 3.0799 -0.84524 -6.8941 -0.84524 -6.8941 -0.300736 0.593118 -0.300736 -0.593118 
1 1 0 6.66282 0.1 3.08374 -0.845499 -6.89731 -0.845499 -6.89731 -0.299151 0.593729 -0.299151 -0.593729 
1 1 0 6.66664 0.1 3.08764 -0.845758 -6.90052 -0.845758 -6.90052 -0.297548 0.594346 -0.297548 -0.594346 
1 1 0 6.67047 0.1 3.09159 -0.846017 -6.90373 -0.846017 -6.90373 -0.295926 0.594966 -0.295926 -0.594966 
1 1 0 6.67429 0.1 3.09559 -0.846276 -6.90694 -0.846276 -6.90694 -0.294286 0.595591 -0.294286 -0.595591 
1 1 0 6.67812 0.1 3.09965 -0.846534 -6.91015 -0.846534 -6.91015 -0.292627 0.596219 -0.292627 -0.596219 
1 1 0 6.68194 0.1 3.10377 -0.846792 -6.91336 -0.846792 -6.91336 -0.29095 0.596851 -0.29095 -0.596851 
1 1 0 6.68577 0.1 3.10794 -0.84705 -6.91657 -0.84705 -6.91657 -0.289254 0.597487 -0.289254 -0.597487 
1 1 0 6.6896 0.1 3.11216 -0.847308 -6.91977 -0.847308 -6.91977 -0.28754 0.598127 -0.28754 -0.598127 
1 1 0 6.69342 0.1 3.11645 -0.847566 -6.92298 -0.847566 -6.92298 -0.285807 0.59877 -0.285807 -0.59877 
1 1 0 6.69725 0.1 3.12078 -0.847824 -6.92619 -0.847824 -6.92619 -0.284055 0.599416 -0.284055 -0.599416 
1 1 0 6.70108 0.1 3.12518 -0.848081 -6.9294 -0.848081 -6.9294 -0.282284 0.600065 -0.282284 -0.600065 
1 1 0 6.7049 0.1 3.12964 -0.848338 -6.9326 -0.848338 -6.9326 -0.280494 0.600718 -0.280494 -0.600718 
1 1 0 6.70873 0.1 3.13415 -0.848595 -6.93581 -0.848595 -6.93581 -0.278686 0.601373 -0.278686 -0.601373 
1 1 0 6.71256 0.1 3.13872 -0.848852 -6.93902 -0.848852 -6.93902 -0.276858 0.60203 -0.276858 -0.60203 
1 1 0 6.71639 0.1 3.14335 -0.849109 -6.94222 -0.849109 -6.94222 -0.275011 0.602691 -0.275011 -0.602691 
1 1 0 6.72022 0.1 3.14804 -0.849365 -6.94543 -0.849365 -6.94543 -0.273145 0.603353 -0.273145 -0.603353 
1 1 0 6.72405 0.1 3.15279 -0.849621 -6.94863 -0.849621 -6.94863 -0.27126 0.604018 -0.27126 -0.604018 
1 1 0 6.72788 0.1 3.15761 -0.849878 -6.95184 -0.849878 -6.95184 -0.269355 0.604685 -0.269355 -0.604685 
1 1 0 6.7317 0.1 3.16248 -0.850133 -6.95504 -0.850133 -6.95504 -0.267431 0.605354 -0.267431 -0.605354 
1 1 0 6.73553 0.1 3.16742 -0.850389 -6.95825 -0.850389 -6.95825 -0.265488 0.606024 -0.265488 -0.606024 
1 1 0 6.73936 0.1 3.17242 -0.850645 -6.96145 -0.850645 -6.96145 -0.263524 0.606697 -0.263524 -0.606697 
1 1 0 6.74319 0.1 3.17748 -0.8509 -6.96465 -0.8509 -6.96465 -0.261542 0.60737 -0.261542 -0.60737 
1 1 0 6.74703 0.1 3.18261 -0.851155 -6.96786 -0.851155 -6.96786 -0.259539 0.608045 -0.259539 -0.608045 
1 1 0 6.75086 0.1 3.1878 -0.85141 -6.97106 -0.85141 -6.97106 -0.257517 0.608721 -0.257517 -0.608721 
1 1 0 6.75469 0.1 3.19306 -0.851665 -6.97426 -0.851665 -6.97426 -0.255475 0.609398 -0.255475 -0.609398 
1 1 0 6.75852 0.1 3.19838 -0.85192 -6.97747 -0.85192 -6.97747 -0.253413 0.610076 -0.253413 -0.610076 
1 1 0 6.76235 0.1 3.20377 -0.852175 -6.98067 -0.852175 -6.98067 -0.25133 0.610754 -0.25133 -0.610754 
1 1 0 6.76618 0.1 3.20923 -0.852429 -6.98387 -0.852429 -6.98387 -0.249228 0.611432 -0.249228 -0.611432 
1 1 0 6.77001 0.1 3.21476 -0.852683 -6.98707 -0.852683 -6.98707 -0.247105 0.612111 -0.247105 -0.612111 
1 1 0 6.77385 0.1 3.22035 -0.852937 -6.99027 -0.852937 -6.99027 -0.244963 0.61279 -0.244963 -0.61279 
1 1 0 6.77768 0.1 3.22602 -0.853191 -6.99347 -0.853191 -6.99347 -0.242799 0.613469 -0.242799 -0.613469 
1 1 0 6.78151 0.1 3.23175 -0.853444 -6.99667 -0.853444 -6.99667 -0.240615 0.614148 -0.240615 -0.614148 
1 1 0 6.78535 0.1 3.23756 -0.853698 -6.99987 -0.853698 -6.99987 -0.238411 0.614826 -0.238411 -0.614826 
1 1 0 6.78918 0.1 3.24344 -0.853951 -7.00307 -0.853951 -7.00307 -0.236186 0.615504 -0.236186 -0.615504 
1 1 0 6.79301 0.1 3.2494 -0.854204 -7.00627 -0.854204 -7.00627 -0.233939 0.616181 -0.233939 -0.616181 
1 1 0 6.79685 0.1 3.25542 -0.854457 -7.00947 -0.854457 -7.00947 -0.231672 0.616856 -0.231672 -0.616856 
1 1 0 6.80068 0.1 3.26153 -0.85471 -7.01267 -0.85471 -7.01267 -0.229384 0.617531 -0.229384 -0.617531 
1 1 0 6.80452 0.1 3.26771 -0.854962 -7.01587 -0.854962 -7.01587 -0.227075 0.618204 -0.227075 -0.618204 
1 1 0 6.80835 0.1 3.27396 -0.855214 -7.01907 -0.855214 -7.01907 -0.224745 0.618876 -0.224745 -0.618876 
1 1 0 6.81219 0.1 3.2803 -0.855467 -7.02226 -0.855467 -7.02226 -0.222393 0.619545 -0.222393 -0.619545 
1 1 0 6.81602 0.1 3.28671 -0.855719 -7.02546 -0.855719 -7.02546 -0.220019 0.620213 -0.220019 -0.620213 
1 1 0 6.81986 0.1 3.2932 -0.85597 -7.02866 -0.85597 -7.02866 -0.217625 0.620879 -0.217625 -0.620879 
1 1 0 6.8237 0.1 3.29978 -0.856222 -7.03186 -0.856222 -7.03186 -0.215208 0.621542 -0.215208 -0.621542 
1 1 0 6.82753 0.1 3.30643 -0.856473 -7.03505 -0.856473 -7.03505 -0.212769 0.622203 -0.212769 -0.622203 
1 1 0 6.83137 0.1 3.31317 -0.856725 -7.03825 -0.856725 -7.03825 -0.210309 0.622861 -0.210309 -0.622861 
1 1 0 6.83521 0.1 3.31999 -0.856976 -7.04144 -0.856976 -7.04144 -0.207826 0.623516 -0.207826 -0.623516 
1 1 0 6.83905 0.1 3.3269 -0.857226 -7.04464 -0.857226 -7.04464 -0.205321 0.624168 -0.205321 -0.624168 
1 1 0 6.84288 0.1 3.3339 -0.857477 -7.04783 -0.857477 -7.04783 -0.202794 0.624816 -0.202794 -0.624816 
1 1 0 6.84672 0.1 3.34098 -0.857728 -7.05103 -0.857728 -7.05103 -0.200244 0.625461 -0.200244 -0.625461 
1 1 0 6.85056 0.1 3.34816 -0.857978 -7.05422 -0.857978 -7.05422 -0.197672 0.626102 -0.197672 -0.626102 
1 1 0 6.8544 0.1 3.35542 -0.858228 -7.05741 -0.858228 -7.05741 -0.195077 0.626739 -0.195077 -0.626739 
1 1 0 6.85824 0.1 3.36278 -0.858478 -7.06061 -0.858478 -7.06061 -0.192459 0.627372 -0.192459 -0.627372 
1 1 0 6.86208 0.1 3.37022 -0.858728 -7.0638 -0.858728 -7.0638 -0.189817 0.628 -0.189817 -0.628 
1 1 0 6.86592 0.1 3.37777 -0.858977 -7.06699 -0.858977 -7.06699 -0.187153 0.628623 -0.187153 -0.628623 
1 1 0 6.86976 0.1 3.38541 -0.859227 -7.07018 -0.859227 -7.07018 -0.184465 0.629241 -0.184465 -0.629241 
1 1 0 6.8736 0.1 3.39315 -0.859476 -7.07337 -0.859476 -7.07337 -0.181754 0.629855 -0.181754 -0.629855 
1 1 0 6.87744 0.1 3.40098 -0.859725 -7.07657 -0.859725 -7.07657 -0.179018 0.630462 -0.179018 -0.630462 
1 1 0 6.88129 0.1 3.40892 -0.859974 -7.07976 -0.859974 -7.07976 -0.176259 0.631064 -0.176259 -0.631064 
1 1 0 6.88513 0.1 3.41696 -0.860222 -7.08295 -0.860222 -7.08295 -0.173476 0.63166 -0.173476 -0.63166 
1 1 0 6.88897 0.1 3.4251 -0.860471 -7.08614 -0.860471 -7.08614 -0.170669 0.63225 -0.170669 -0.63225 
1 1 0 6.89281 0.1 3.43335 -0.860719 -7.08932 -0.860719 -7.08932 -0.167837 0.632833 -0.167837 -0.632833 
1 1 0 6.89666 0.1 3.44171 -0.860967 -7.09251 -0.860967 -7.09251 -0.164981 0.63341 -0.164981 -0.63341 
1 1 0 6.9005 0.1 3.45018 -0.861215 -7.0957 -0.861215 -7.0957 -0.1621 0.633979 -0.1621 -0.633979 
1 1 0 6.90434 0.1 3.45876 -0.861462 -7.09889 -0.861462 -7.09889 -0.159194 0.634542 -0.159194 -0.634542 
1 1 0 6.90819 0.1 3.46745 -0.86171 -7.10208 -0.86171 -7.10208 -0.156263 0.635096 -0.156263 -0.635096 
1 1 0 6.91203 0.1 3.47625 -0.861957 -7.10526 -0.861957 -7.10526 -0.153306 0.635643 -0.153306 -0.635643 
1 1 0 6.91588 0.1 3.48518 -0.862204 -7.10845 -0.862204 -7.10845 -0.150324 0.636182 -0.150324 -0.636182 
1 1 0 6.91972 0.1 3.49422 -0.862451 -7.11164 -0.862451 -7.11164 -0.147316 0.636712 -0.147316 -0.636712 
1 1 0 6.92357 0.1 3.50339 -0.862698 -7.11482 -0.862698 -7.11482 -0.144282 0.637234 -0.144282 -0.637234 
1 1 0 6.92742 0.1 3.51267 -0.862944 -7.11801 -0.862944 -7.11801 -0.141222 0.637746 -0.141222 -0.637746 
1 1 0 6.93126 0.1 3.52209 -0.86319 -7.12119 -0.86319 -7.12119 -0.138135 0.63825 -0.138135 -0.63825 
1 1 0 6.93511 0.1 3.53163 -0.863436 -7.12438 -0.863436 -7.12438 -0.135022 0.638743 -0.135022 -0.638743 
1 1 0 6.93896 0.1 3.54131 -0.863682 -7.12756 -0.863682 -7.12756 -0.131882 0.639227 -0.131882 -0.639227 
1 1 0 6.94281 0.1 3.55112 -0.863928 -7.13074 -0.863928 -7.13074 -0.128714 0.639701 -0.128714 -0.639701 
1 1 0 6.94666 0.1 3.56106 -0.864174 -7.13392 -0.864174 -7.13392 -0.12552 0.640164 -0.12552 -0.640164 
1 1 0 6.9505 0.1 3.57114 -0.864419 -7.13711 -0.864419 -7.13711 -0.122297 0.640615 -0.122297 -0.640615 
1 1 0 6.95435 0.1 3.58137 -0.864664 -7.14029 -0.864664 -7.14029 -0.119047 0.641056 -0.119047 -0.641056 
1 1 0 6.9582 0.1 3.59174 -0.864909 -7.14347 -0.864909 -7.14347 -0.115769 0.641485 -0.115769 -0.641485 
1 1 0 6.96206 0.1 3.60225 -0.865154 -7.14665 -0.865154 -7.14665 -0.112462 0.641902 -0.112462 -0.641902 
1 1 0 6.96591 0.1 3.61292 -0.865398 -7.14983 -0.865398 -7.14983 -0.109126 0.642307 -0.109126 -0.642307 
1 1 0 6.96976 0.1 3.62374 -0.865642 -7.15301 -0.865642 -7.15301 -0.105762 0.642699 -0.105762 -0.642699 
1 1 0 6.97361 0.1 3.63472 -0.865886 -7.15618 -0.865886 -7.15618 -0.102368 0.643077 -0.102368 -0.643077 
1 1 0 6.97746 0.1 3.64586 -0.86613 -7.15936 -0.86613 -7.15936 -0.0989444 0.643443 -0.0989444 -0.643443 
1 1 0 6.98131 0.1 3.65717 -0.866374 -7.16254 -0.866374 -7.16254 -0.0954909 0.643794 -0.0954909 -0.643794 
1 1 0 6.98517 0.1 3.66864 -0.866618 -7.16572 -0.866618 -7.16572 -0.0920073 0.644131 -0.0920073 -0.644131 
1 1 0 6.98902 0.1 3.68028 -0.866861 -7.16889 -0.866861 -7.16889 -0.0884931 0.644453 -0.0884931 -0.644453 
1 1 0 6.99288 0.1 3.6921 -0.867104 -7.17207 -0.867104 -7.17207 -0.084948 0.64476 -0.084948 -0.64476 
1 1 0 6.99673 0.1 3.7041 -0.867347 -7.17524 -0.867347 -7.17524 -0.0813715 0.645052 -0.0813715 -0.645052 
1 1 0 7.00059 0.1 3.71628 -0.867589 -7.17842 -0.867589 -7.17842 -0.0777635 0.645327 -0.0777635 -0.645327 
1 1 0 7.00444 0.1 3.72865 -0.867832 -7.18159 -0.867832 -7.18159 -0.0741235 0.645586 -0.0741235 -0.645586 
1 1 0 7.0083 0.1 3.74121 -0.868074 -7.18476 -0.868074 -7.18476 -0.0704512 0.645827 -0.0704512 -0.645827 
1 1 0 7.01216 0.1 3.75397 -0.868316 -7.18794 -0.868316 -7.18794 -0.0667461 0.646052 -0.0667461 -0.646052 
1 1 0 7.01602 0.1 3.76693 -0.868558 -7.19111 -0.868558 -7.19111 -0.0630079 0.646258 -0.0630079 -0.646258 
1 1 0 7.01987 0.1 3.7801 -0.868799 -7.19428 -0.868799 -7.19428 -0.0592361 0.646445 -0.0592361 -0.646445 
1 1 0 7.02373 0.1 3.79348 -0.869041 -7.19745 -0.869041 -7.19745 -0.0554302 0.646614 -0.0554302 -0.646614 
1 1 0 7.02759 0.1 3.80708 -0.869282 -7.20062 -0.869282 -7.20062 -0.0515901 0.646763 -0.0515901 -0.646763 
1 1 0 7.03145 0.1 3.8209 -0.869523 -7.20379 -0.869523 -7.20379 -0.0477151 0.646891 -0.0477151 -0.646891 
1 1 0 7.03531 0.1 3.83496 -0.869764 -7.20695 -0.869764 -7.20695 -0.0438048 0.646999 -0.0438048 -0.646999 
1 1 0 7.03918 0.1 3.84925 -0.870004 -7.21012 -0.870004 -7.21012 -0.0398585 0.647086 -0.0398585 -0.647086 
1 1 0 7.04304 0.1 3.86378 -0.870244 -7.21329 -0.870244 -7.21329 -0.035876 0.64715 -0.035876 -0.64715 
1 1 0 7.0469 0.1 3.87856 -0.870484 -7.21645 -0.870484 -7.21645 -0.0318567 0.647192 -0.0318567 -0.647192 
1 1 0 7.05076 0.1 3.89359 -0.870724 -7.21962 -0.870724 -7.21962 -0.0278002 0.64721 -0.0278002 -0.64721 
1 1 0 7.05463 0.1 3.90889 -0.870964 -7.22278 -0.870964 -7.22278 -0.0237056 0.647205 -0.0237056 -0.647205 
1 1 0 7.05849 0.1 3.92446 -0.871203 -7.22595 -0.871203 -7.22595 -0.0195727 0.647174 -0.0195727 -0.647174 
1 1 0 7.06236 0.1 3.94031 -0.871442 -7.22911 -0.871442 -7.22911 -0.0154007 0.647119 -0.0154007 -0.647119 
1 1 0 7.06622 0.1 3.95645 -0.871681 -7.23227 -0.871681 -7.23227 -0.0111891 0.647037 -0.0111891 -0.647037 
1 1 0 7.07009 0.1 3.97288 -0.87192 -7.23543 -0.87192 -7.23543 -0.00693739 0.646928 -0.00693739 -0.646928 
1 1 0 7.07396 0.1 3.98961 -0.872158 -7.23859 -0.872158 -7.23859 -0.00264464 0.646791 -0.00264464 -0.646791 
1 1 0 7.07783 0.1 4.00666 -0.872397 -7.24175 -0.872397 -7.24175 0.00168955 0.646626 0.00168955 -0.646626 
1 1 0 7.0817 0.1 4.02404 -0.872635 -7.24491 -0.872635 -7.24491 0.00606588 0.646432 0.00606588 -0.646432 
1 1 0 7.08557 0.1 4.04175 -0.872872 -7.24806 -0.872872 -7.24806 0.0104853 0.646207 0.0104853 -0.646207 
1 1 0 7.08944 0.1 4.0598 -0.87311 -7.25122 -0.87311 -7.25122 0.0149483 0.64595 0.0149483 -0.64595 
1 1 0 7.09331 0.1 4.07821 -0.873347 -7.25437 -0.873347 -7.25437 0.0194558 0.645662 0.0194558 -0.645662 
1 1 0 7.09718 0.1 4.09699 -0.873584 -7.25753 -0.873584 -7.25753 0.0240085 0.64534 0.0240085 -0.64534 
1 1 0 7.10106 0.1 4.11615 -0.873821 -7.26068 -0.873821 -7.26068 0.028607 0.644984 0.028607 -0.644984 
1 1 0 7.10493 0.1 4.1357 -0.874057 -7.26383 -0.874057 -7.26383 0.0332525 0.644593 0.0332525 -0.644593 
1 1 0 7.10881 0.1 4.15566 -0.874294 -7.26698 -0.874294 -7.26698 0.037946 0.644165 0.037946 -0.644165 
1 1 0 7.11268 0.1 4.17605 -0.87453 -7.27013 -0.87453 -7.27013 0.0426881 0.643699 0.0426881 -0.643699 
1 1 0 7.11656 0.1 4.19687 -0.874765 -7.27328 -0.874765 -7.27328 0.0474797 0.643195 0.0474797 -0.643195 
1 1 0 7.12044 0.1 4.21815 -0.875001 -7.27643 -0.875001 -7.27643 0.0523222 0.64265 0.0523222 -0.64265 
1 1 0 7.12432 0.1 4.2399 -0.875236 -7.27957 -0.875236 -7.27957 0.0572163 0.642064 0.0572163 -0.642064 
1 1 0 7.1282 0.1 4.26214 -0.875471 -7.28272 -0.875471 -7.28272 0.0621632 0.641434 0.0621632 -0.641434 
1 1 0 7.13208 0.1 4.28489 -0.875706 -7.28586 -0.875706 -7.28586 0.0671639 0.640761 0.0671639 -0.640761 
1 1 0 7.13596 0.1 4.30817 -0.87594 -7.28901 -0.87594 -7.28901 0.0722198 0.640041 0.0722198 -0.640041 
1 1 0 7.13984 0.1 4.332 -0.876174 -7.29215 -0.876174 -7.29215 0.077332 0.639274 0.077332 -0.639274 
1 1 0 7.14373 0.1 4.3564 -0.876408 -7.29529 -0.876408 -7.29529 0.0825019 0.638457 0.0825019 -0.638457 
1 1 0 7.14761 0.1 4.3814 -0.876642 -7.29842 -0.876642 -7.29842 0.0877306 0.63759 0.0877306 -0.63759 
1 1 0 7.1515 0.1 4.40703 -0.876875 -7.30156 -0.876875 -7.30156 0.0930197 0.636669 0.0930197 -0.636669 
1 1 0 7.15539 0.1 4.43331 -0.877108 -7.3047 -0.877108 -7.3047 0.0983707 0.635694 0.0983707 -0.635694 
1 1 0 7.15927 0.1 4.46026 -0.877341 -7.30783 -0.877341 -7.30783 0.103785 0.634662 0.103785 -0.634662 
1 1 0 7.16317 0.1 4.48793 -0.877573 -7.31096 -0.877573 -7.31096 0.109265 0.633571 0.109265 -0.633571 
1 1 0 7.16706 0.1 4.51635 -0.877805 -7.31409 -0.877805 -7.31409 0.114811 0.632418 0.114811 -0.632418 
1 1 0 7.17095 0.1 4.54554 -0.878037 -7.31722 -0.878037 -7.31722 0.120425 0.631201 0.120425 -0.631201 
1 1 0 7.17484 0.1 4.57556 -0.878268 -7.32035 -0.878268 -7.32035 0.126111 0.629918 0.126111 -0.629918 
1 1 0 7.17874 0.1 4.60643 -0.8785 -7.32348 -0.8785 -7.32348 0.131868 0.628566 0.131868 -0.628566 
1 1 0 7.18264 0.1 4.63821 -0.87873 -7.3266 -0.87873 -7.3266 0.1377 0.627141 0.1377 -0.627141 
1 1 0 7.18654 0.1 4.67094 -0.878961 -7.32972 -0.878961 -7.32972 0.143609 0.625642 0.143609 -0.625642 
1 1 0 7.19044 0.1 4.70467 -0.879191 -7.33284 -0.879191 -7.33284 0.149597 0.624063 0.149597 -0.624063 
1 1 0 7.19434 0.1 4.73946 -0.879421 -7.33596 -0.879421 -7.33596 0.155666 0.622403 0.155666 -0.622403 
1 1 0 7.19824 0.1 4.77536 -0.87965 -7.33908 -0.87965 -7.33908 0.16182 0.620658 0.16182 -0.620658 
1 1 0 7.20215 0.1 4.81245 -0.879879 -7.34219 -0.879879 -7.34219 0.168061 0.618822 0.168061 -0.618822 
1 1 0 7.20606 0.1 4.85079 -0.880108 -7.3453 -0.880108 -7.3453 0.174392 0.616893 0.174392 -0.616893 
1 1 0 7.20996 0.1 4.89045 -0.880337 -7.34841 -0.880337 -7.34841 0.180815 0.614864 0.180815 -0.614864 
1 1 0 7.21388 0.1 4.93153 -0.880564 -7.35152 -0.880564 -7.35152 0.187336 0.612733 0.187336 -0.612733 
1 1 0 7.21779 0.1 4.97411 -0.880792 -7.35462 -0.880792 -7.35462 0.193956 0.610492 0.193956 -0.610492 
1 1 0 7.2217 0.1 5.0183 -0.881019 -7.35772 -0.881019 -7.35772 0.200681 0.608137 0.200681 -0.608137 
1 1 0 7.22562 0.1 5.06419 -0.881246 -7.36082 -0.881246 -7.36082 0.207514 0.605661 0.207514 -0.605661 
1 1 0 7.22954 0.1 5.11192 -0.881472 -7.36392 -0.881472 -7.36392 0.214459 0.603058 0.214459 -0.603058 
1 1 0 7.23346 0.1 5.16161 -0.881698 -7.36701 -0.881698 -7.36701 0.221522 0.600319 0.221522 -0.600319 
1 1 0 7.23739 0.1 5.21342 -0.881924 -7.3701 -0.881924 -7.3701 0.228707 0.597438 0.228707 -0.597438 
1 1 0 7.24132 0.1 5.26751 -0.882149 -7.37318 -0.882149 -7.37318 0.23602 0.594405 0.23602 -0.594405 
1 1 0 7.24525 0.1 5.32406 -0.882373 -7.37627 -0.882373 -7.37627 0.243468 0.59121 0.243468 -0.59121 
1 1 0 7.24918 0.1 5.38329 -0.882597 -7.37935 -0.882597 -7.37935 0.251056 0.587844 0.251056 -0.587844 
1 1 0 7.25312 0.1 5.44541 -0.88282 -7.38242 -0.88282 -7.38242 0.258793 0.584295 0.258793 -0.584295 
1 1 0 7.25705 0.1 5.5107 -0.883043 -7.38549 -0.883043 -7.38549 0.266685 0.580549 0.266685 -0.580549 
1 1 0 7.261 0.1 5.57945 -0.883266 -7.38856 -0.883266 -7.38856 0.274742 0.576592 0.274742 -0.576592 
1 1 0 7.26494 0.1 5.652 -0.883487 -7.39162 -0.883487 -7.39162 0.282973 0.572408 0.282973 -0.572408 
1 1 0 7.26889 0.1 5.72874 -0.883709 -7.39468 -0.883709 -7.39468 0.291388 0.56798 0.291388 -0.56798 
1 1 0 7.27285 0.1 5.81012 -0.883929 -7.39773 -0.883929 -7.39773 0.299999 0.563287 0.299999 -0.563287 
1 1 0 7.27681 0.1 5.89667 -0.884149 -7.40078 -0.884149 -7.40078 0.30882 0.558306 0.30882 -0.558306 
1 1 0 7.28077 0.1 5.989 -0.884368 -7.40382 -0.884368 -7.40382 0.317865 0.553011 0.317865 -0.553011 
1 1 0 7.28474 0.1 6.08783 -0.884586 -7.40685 -0.884586 -7.40685 0.327149 0.547372 0.327149 -0.547372 
1 1 0 7.28871 0.1 6.19402 -0.884803 -7.40988 -0.884803 -7.40988 0.336693 0.541354 0.336693 -0.541354 
1 1 0 7.29269 0.1 6.3086 -0.88502 -7.4129 -0.88502 -7.4129 0.346517 0.534916 0.346517 -0.534916 
1 1 0 7.29668 0.1 6.43283 -0.885236 -7.41591 -0.885236 -7.41591 0.356646 0.528012 0.356646 -0.528012 
1 1 0 7.30067 0.1 6.56825 -0.88545 -7.41891 -0.88545 -7.41891 0.367107 0.520584 0.367107 -0.520584 
1 1 0 7.30467 0.1 6.71678 -0.885664 -7.4219 -0.885664 -7.4219 0.377936 0.512565 0.377936 -0.512565 
1 1 0 7.30868 0.1 6.88086 -0.885876 -7.42488 -0.885876 -7.42488 0.38917 0.503873 0.38917 -0.503873 
1 1 0 7.3127 0.1 7.06362 -0.886087 -7.42785 -0.886087 -7.42785 0.400857 0.494406 0.400857 -0.494406 
1 1 0 7.31673 0.1 7.26919 -0.886296 -7.4308 -0.886296 -7.4308 0.413055 0.484038 0.413055 -0.484038 
1 1 0 7.32077 0.1 7.50313 -0.886504 -7.43374 -0.886504 -7.43374 0.425834 0.472604 0.425834 -0.472604 
1 1 0 7.32482 0.1 7.7732 -0.88671 -7.43666 -0.88671 -7.43666 0.439283 0.459892 0.439283 -0.459892 
1 1 0 7.32889 0.1 8.09054 -0.886913 -7.43955 -0.886913 -7.43955 0.453518 0.445615 0.453518 -0.445615 
1 1 0 7.33298 0.1 8.47198 -0.887114 -7.44242 -0.887114 -7.44242 0.468692 0.429372 0.468692 -0.429372 
1 1 0 7.3371 0.1 8.94438 -0.887312 -7.44526 -0.887312 -7.44526 0.485015 0.410577 0.485015 -0.410577 
1 1 0 7.34124 0.1 9.55417 -0.887505 -7.44805 -0.887505 -7.44805 0.502793 0.388321 0.502793 -0.388321 
1 1 0 7.34542 0.1 10.3907 -0.887694 -7.45079 -0.887694 -7.45079 0.522494 0.361071 0.522494 -0.361071 
1 1 0 7.34965 0.1 11.6569 -0.887874 -7.45345 -0.887874 -7.45345 0.544917 0.325906 0.544917 -0.325906 
1 1 0 7.35397 0.1 13.9696 -0.888043 -7.45597 -0.888043 -7.45597 0.571633 0.275973 0.571633 -0.275973 
1 1 0 7.35842 0.1 21.141 -0.888187 -7.45823 -0.888187 -7.45823 0.606764 0.185836 0.606764 -0.185836 
1 1 0 7.36339 0.1 21.141 -0.888187 -7.45884 -0.888187 -7.45884 0.948622 0 0.424266 0 
1 1 0 7.36345 0.1 21.141 -0.888175 -7.4587 -0.888175 -7.4587 0.963636 0 0.417654 0 
1 1 0 7.36347 0.1 21.141 -0.888168 -7.45862 -0.888168 -7.45862 0.970681 0 0.414623 0 
1 1 0 7.36349 0.1 21.141 -0.888161 -7.45855 -0.888161 -7.45855 0.977415 0 0.411766 0 
1 1 0 7.3635 0.1 21.141 -0.888155 -7.45847 -0.888155 -7.45847 0.983848 0 0.409075 0 
1 1 0 7.36351 0.1 21.141 -0.888148 -7.45839 -0.888148 -7.45839 0.989991 0 0.406537 0 
1 1 0 7.36351 0.1 21.141 -0.888142 -7.45832 -0.888142 -7.45832 0.995863 0 0.40414 0 
2 1 0 7.36351 0.1 21.141 -0.888137 -7.45826 -0.888137 -7.45826 1 0 0.402469 0 
2 1 0 7.36351 0.1 21.141 -0.888124 -7.4581 -0.888124 -7.4581 1.01066 0 0.398224 0 
2 1 0 7.36349 0.1 21.141 -0.88811 -7.45793 -0.88811 -7.45793 1.02145 0 0.394024 0 
2 1 0 7.36346 0.1 21.141 -0.888096 -7.45776 -0.888096 -7.45776 1.03139 0 0.390229 0 
2 1 0 7.36342 0.1 21.141 -0.888082 -7.4576 -0.888082 -7.4576 1.04062 0 0.386772 0 
2 1 0 7.36338 0.1 21.141 -0.888069 -7.45743 -0.888069 -7.45743 1.04924 0 0.383596 0 
2 1 0 7.36333 0.1 21.141 -0.888055 -7.45727 -0.888055 -7.45727 1.05735 0 0.38066 0 
2 1 0 7.36328 0.1 21.141 -0.888042 -7.4571 -0.888042 -7.4571 1.065 0 0.377929 0 
2 1 0 7.36322 0.1 21.141 -0.888029 -7.45694 -0.888029 -7.45694 1.07226 0 0.375374 0 
2 1 0 7.36315 0.1 21.141 -0.888015 -7.45677 -0.888015 -7.45677 1.07984 0 0.372743 0 
2 1 0 7.36307 0.1 21.141 -0.888 -7.45658 -0.888 -7.45658 1.08776 0 0.370036 0 
2 1 0 7.36298 0.1 21.141 -0.887984 -7.45637 -0.887984 -7.45637 1.09601 0 0.367255 0 
2 1 0 7.36287 0.1 21.141 -0.887966 -7.45614 -0.887966 -7.45614 1.10461 0 0.364402 0 
2 1 0 7.36275 0.1 21.141 -0.887946 -7.45589 -0.887946 -7.45589 1.11357 0 0.361479 0 
2 1 0 7.36261 0.1 21.141 -0.887925 -7.45562 -0.887925 -7.45562 1.12289 0 0.358486 0 
2 1 0 7.36245 0.1 21.141 -0.887902 -7.45533 -0.887902 -7.45533 1.13259 0 0.355425 0 
2 1 0 7.36227 0.1 21.141 -0.887877 -7.45501 -0.887877 -7.45501 1.14268 0 0.352299 0 
2 1 0 7.36207 0.1 21.141 -0.887849 -7.45466 -0.887849 -7.45466 1.15316 0 0.349107 0 
2 1 0 7.36184 0.1 21.141 -0.88782 -7.45428 -0.88782 -7.45428 1.16406 0 0.345853 0 
2 1 0 7.36158 0.1 21.141 -0.887788 -7.45386 -0.887788 -7.45386 1.17538 0 0.342536 0 
2 1 0 7.36129 0.1 21.141 -0.887753 -7.45341 -0.887753 -7.45341 1.18714 0 0.339158 0 
2 1 0 7.36096 0.1 21.141 -0.887715 -7.45292 -0.887715 -7.45292 1.19935 0 0.335721 0 
2 1 0 7.36059 0.1 21.141 -0.887673 -7.45238 -0.887673 -7.45238 1.21204 0 0.332227 0 
2 1 0 7.36018 0.1 21.141 -0.887629 -7.45179 -0.887629 -7.45179 1.22521 0 0.328675 0 
2 1 0 7.35972 0.1 21.141 -0.88758 -7.45115 -0.88758 -7.45115 1.23889 0 0.325069 0 
2 1 0 7.3592 0.1 21.141 -0.887526 -7.45046 -0.887526 -7.45046 1.2531 0 0.321409 0 
2 1 0 7.35863 0.1 21.141 -0.887468 -7.44969 -0.887468 -7.44969 1.26785 0 0.317698 0 
2 1 0 7.35799 0.1 21.141 -0.887405 -7.44886 -0.887405 -7.44886 1.28316 0 0.313936 0 
2 1 0 7.35728 0.1 21.141 -0.887337 -7.44796 -0.887337 -7.44796 1.29906 0 0.310126 0 
2 1 0 7.35648 0.1 21.141 -0.887262 -7.44696 -0.887262 -7.44696 1.31558 0 0.306269 0 
2 1 0 7.3556 0.1 21.141 -0.88718 -7.44588 -0.88718 -7.44588 1.33273 0 0.302367 0 
2 1 0 7.35462 0.1 21.141 -0.887091 -7.4447 -0.887091 -7.4447 1.35054 0 0.298423 0 
2 1 0 7.35353 0.1 21.141 -0.886994 -7.44341 -0.886994 -7.44341 1.36903 0 0.294439 0 
2 1 0 7.35232 0.1 21.141 -0.886888 -7.44199 -0.886888 -7.44199 1.38824 0 0.290416 0 
2 1 0 7.35098 0.1 21.141 -0.886772 -7.44045 -0.886772 -7.44045 1.40819 0 0.286357 0 
2 1 0 7.3495 0.1 21.141 -0.886645 -7.43876 -0.886645 -7.43876 1.42891 0 0.282265 0 
2 1 0 7.34785 0.1 21.141 -0.886507 -7.43691 -0.886507 -7.43691 1.45044 0 0.278143 0 
2 1 0 7.34603 0.1 21.141 -0.886357 -7.43489 -0.886357 -7.43489 1.4728 0 0.273992 0 
2 1 0 7.34401 0.1 21.141 -0.886192 -7.43268 -0.886192 -7.43268 1.49603 0 0.269816 0 
2 1 0 7.34178 0.1 21.141 -0.886012 -7.43025 -0.886012 -7.43025 1.52016 0 0.265618 0 
2 1 0 7.33931 0.1 21.141 -0.885815 -7.4276 -0.885815 -7.4276 1.54523 0 0.261401 0 
2 1 0 7.33657 0.1 21.141 -0.8856 -7.4247 -0.8856 -7.4247 1.57128 0 0.257168 0 
2 1 0 7.33355 0.1 21.141 -0.885365 -7.42152 -0.885365 -7.42152 1.59834 0 0.252923 0 
2 1 0 7.33021 0.1 21.141 -0.885107 -7.41804 -0.885107 -7.41804 1.62646 0 0.248668 0 
2 1 0 7.32674 0.1 21.141 -0.884842 -7.41446 -0.884842 -7.41446 1.654 0 0.244648 0 
2 1 0 7.32325 0.1 21.141 -0.884578 -7.41088 -0.884578 -7.41088 1.68016 0 0.240958 0 
2 1 0 7.31976 0.1 21.141 -0.884315 -7.40732 -0.884315 -7.40732 1.7051 0 0.237551 0 
2 1 0 7.31625 0.1 21.141 -0.884053 -7.40377 -0.884053 -7.40377 1.72898 0 0.234387 0 
2 1 0 7.31273 0.1 21.141 -0.883792 -7.40022 -0.883792 -7.40022 1.75189 0 0.231436 0 
2 1 0 7.3092 0.1 21.141 -0.883531 -7.39669 -0.883531 -7.39669 1.77394 0 0.228673 0 
2 1 0 7.30567 0.1 21.141 -0.883272 -7.39316 -0.883272 -7.39316 1.79521 0 0.226076 0 
2 1 0 7.30212 0.1 21.141 -0.883012 -7.38965 -0.883012 -7.38965 1.81577 0 0.223628 0 
2 1 0 7.29857 0.1 21.141 -0.882754 -7.38613 -0.882754 -7.38613 1.83567 0 0.221313 0 
2 1 0 7.29502 0.1 21.141 -0.882496 -7.38263 -0.882496 -7.38263 1.85498 0 0.219119 0 
2 1 0 7.29146 0.1 21.141 -0.882238 -7.37913 -0.882238 -7.37913 1.87373 0 0.217034 0 
2 1 0 7.28789 0.1 21.141 -0.881981 -7.37563 -0.881981 -7.37563 1.89197 0 0.21505 0 
2 1 0 7.28432 0.1 21.141 -0.881724 -7.37214 -0.881724 -7.37214 1.90972 0 0.213157 0 
2 1 0 7.28074 0.1 21.141 -0.881468 -7.36866 -0.881468 -7.36866 1.92703 0 0.211348 0 
2 1 0 7.27716 0.1 21.141 -0.881212 -7.36518 -0.881212 -7.36518 1.94392 0 0.209617 0 
2 1 0 7.27358 0.1 21.141 -0.880956 -7.3617 -0.880956 -7.3617 1.96041 0 0.207957 0 
2 1 0 7.26999 0.1 21.141 -0.880701 -7.35823 -0.880701 -7.35823 1.97654 0 0.206364 0 
2 1 0 7.26639 0.1 21.141 -0.880445 -7.35476 -0.880445 -7.35476 1.99231 0 0.204833 0 
2 1 0 7.2628 0.1 21.141 -0.88019 -7.3513 -0.88019 -7.3513 2.00775 0 0.203359 0 
2 1 0 7.2592 0.1 21.141 -0.879936 -7.34784 -0.879936 -7.34784 2.02288 0 0.20194 0 
2 1 0 7.2556 0.1 21.141 -0.879681 -7.34438 -0.879681 -7.34438 2.03771 0 0.20057 0 
2 1 0 7.25199 0.1 21.141 -0.879427 -7.34092 -0.879427 -7.34092 2.05225 0 0.199249 0 
2 1 0 7.24838 0.1 21.141 -0.879173 -7.33747 -0.879173 -7.33747 2.06653 0 0.197972 0 
2 1 0 7.24477 0.1 21.141 -0.878919 -7.33403 -0.878919 -7.33403 2.08055 0 0.196736 0 
2 1 0 7.24115 0.1 21.141 -0.878666 -7.33058 -0.878666 -7.33058 2.09432 0 0.195541 0 
2 1 0 7.23754 0.1 21.141 -0.878412 -7.32714 -0.878412 -7.32714 2.10786 0 0.194383 0 
2 1 0 7.23392 0.1 21.141 -0.878159 -7.3237 -0.878159 -7.3237 2.12117 0 0.19326 0 
2 1 0 7.23029 0.1 21.141 -0.877905 -7.32026 -0.877905 -7.32026 2.13426 0 0.192171 0 
2 1 0 7.22667 0.1 21.141 -0.877652 -7.31683 -0.877652 -7.31683 2.14715 0 0.191113 0 
2 1 0 7.22304 0.1 21.141 -0.877399 -7.31339 -0.877399 -7.31339 2.15983 0 0.190086 0 
2 1 0 7.21941 0.1 21.141 -0.877147 -7.30996 -0.877147 -7.30996 2.17232 0 0.189088 0 
2 1 0 7.21578 0.1 21.141 -0.876894 -7.30654 -0.876894 -7.30654 2.18463 0 0.188117 0 
2 1 0 7.21215 0.1 21.141 -0.876641 -7.30311 -0.876641 -7.30311 2.19676 0 0.187173 0 
2 1 0 7.20851 0.1 21.141 -0.876389 -7.29969 -0.876389 -7.29969 2.20872 0 0.186253 0 
2 1 0 7.20488 0.1 21.141 -0.876136 -7.29627 -0.876136 -7.29627 2.2205 0 0.185357 0 
2 1 0 7.20124 0.1 21.141 -0.875884 -7.29285 -0.875884 -7.29285 2.23213 0 0.184485 0 
2 1 0 7.1976 0.1 21.141 -0.875632 -7.28943 -0.875632 -7.28943 2.2436 0 0.183634 0 
2 1 0 7.19395 0.1 21.141 -0.875379 -7.28601 -0.875379 -7.28601 2.25493 0 0.182803 0 
2 1 0 7.19031 0.1 21.141 -0.875127 -7.2826 -0.875127 -7.2826 2.2661 0 0.181994 0 
2 1 0 7.18666 0.1 21.141 -0.874875 -7.27919 -0.874875 -7.27919 2.27713 0 0.181203 0 
2 1 0 7.18301 0.1 21.141 -0.874623 -7.27578 -0.874623 -7.27578 2.28803 0 0.180431 0 
2 1 0 7.17936 0.1 21.141 -0.874371 -7.27237 -0.874371 -7.27237 2.29879 0 0.179677 0 
2 1 0 7.17571 0.1 21.141 -0.874119 -7.26896 -0.874119 -7.26896 2.30942 0 0.17894 0 
2 1 0 7.17206 0.1 21.141 -0.873867 -7.26556 -0.873867 -7.26556 2.31992 0 0.178219 0 
2 1 0 7.16841 0.1 21.141 -0.873615 -7.26215 -0.873615 -7.26215 2.3303 0 0.177514 0 
2 1 0 7.16475 0.1 21.141 -0.873364 -7.25875 -0.873364 -7.25875 2.34056 0 0.176825 0 
2 1 0 7.16109 0.1 21.141 -0.873112 -7.25535 -0.873112 -7.25535 2.3507 0 0.176151 0 
2 1 0 7.15743 0.1 21.141 -0.87286 -7.25195 -0.87286 -7.25195 2.36073 0 0.17549 0 
2 1 0 7.15377 0.1 21.141 -0.872608 -7.24856 -0.872608 -7.24856 2.37065 0 0.174844 0 
2 1 0 7.15011 0.1 21.141 -0.872357 -7.24516 -0.872357 -7.24516 2.38046 0 0.174211 0 
2 1 0 7.14645 0.1 21.141 -0.872105 -7.24177 -0.872105 -7.24177 2.39017 0 0.173591 0 
2 1 0 7.14279 0.1 21.141 -0.871853 -7.23837 -0.871853 -7.23837 2.39977 0 0.172983 0 
2 1 0 7.13912 0.1 21.141 -0.871602 -7.23498 -0.871602 -7.23498 2.40927 0 0.172388 0 
2 1 0 7.13545 0.1 21.141 -0.87135 -7.23159 -0.87135 -7.23159 2.41868 0 0.171804 0 
2 1 0 7.13179 0.1 21.141 -0.871098 -7.2282 -0.871098 -7.2282 2.42798 0 0.171232 0 
2 1 0 7.12812 0.1 21.141 -0.870847 -7.22482 -0.870847 -7.22482 2.4372 0 0.17067 0 
2 1 0 7.12445 0.1 21.141 -0.870595 -7.22143 -0.870595 -7.22143 2.44632 0 0.170119 0 
2 1 0 7.12078 0.1 21.141 -0.870343 -7.21805 -0.870343 -7.21805 2.45535 0 0.169579 0 
2 1 0 7.1171 0.1 21.141 -0.870092 -7.21466 -0.870092 -7.21466 2.46429 0 0.169049 0 
2 1 0 7.11343 0.1 21.141 -0.86984 -7.21128 -0.86984 -7.21128 2.47314 0 0.168528 0 
2 1 0 7.10975 0.1 21.141 -0.869588 -7.2079 -0.869588 -7.2079 2.48191 0 0.168017 0 
2 1 0 7.10608 0.1 21.141 -0.869337 -7.20452 -0.869337 -7.20452 2.4906 0 0.167515 0 
2 1 0 7.1024 0.1 21.141 -0.869085 -7.20114 -0.869085 -7.20114 2.49921 0 0.167023 0 
2 1 0 7.09872 0.1 21.141 -0.868833 -7.19776 -0.868833 -7.19776 2.50773 0 0.166538 0 
2 1 0 7.09504 0.1 21.141 -0.868582 -7.19438 -0.868582 -7.19438 2.51618 0 0.166063 0 
2 1 0 7.09136 0.1 21.141 -0.86833 -7.19101 -0.86833 -7.19101 2.52455 0 0.165596 0 
2 1 0 7.08768 0.1 21.141 -0.868078 -7.18764 -0.868078 -7.18764 2.53284 0 0.165136 0 
2 1 0 7.084 0.1 21.141 -0.867827 -7.18426 -0.867827 -7.18426 2.54106 0 0.164685 0 
2 1 0 7.08032 0.1 21.141 -0.867575 -7.18089 -0.867575 -7.18089 2.54921 0 0.164241 0 
2 1 0 7.07663 0.1 21.141 -0.867323 -7.17752 -0.867323 -7.17752 2.55729 0 0.163805 0 
2 1 0 7.07295 0.1 21.141 -0.867071 -7.17415 -0.867071 -7.17415 2.56529 0 0.163376 0 
2 1 0 7.06926 0.1 21.141 -0.866819 -7.17078 -0.866819 -7.17078 2.57323 0 0.162954 0 
2 1 0 7.06558 0.1 21.141 -0.866567 -7.16741 -0.866567 -7.16741 2.58109 0 0.162539 0 
2 1 0 7.06189 0.1 21.141 -0.866315 -7.16405 -0.866315 -7.16405 2.58889 0 0.162131 0 
2 1 0 7.0582 0.1 21.141 -0.866063 -7.16068 -0.866063 -7.16068 2.59662 0 0.161729 0 
2 1 0 7.05451 0.1 21.141 -0.865811 -7.15731 -0.865811 -7.15731 2.60429 0 0.161334 0 
2 1 0 7.05082 0.1 21.141 -0.865559 -7.15395 -0.865559 -7.15395 2.6119 0 0.160946 0 
2 1 0 7.04713 0.1 21.141 -0.865307 -7.15059 -0.865307 -7.15059 2.61944 0 0.160563 0 
2 1 0 7.04343 0.1 21.141 -0.865055 -7.14723 -0.865055 -7.14723 2.62691 0 0.160186 0 
2 1 0 7.03974 0.1 21.141 -0.864803 -7.14386 -0.864803 -7.14386 2.63433 0 0.159816 0 
2 1 0 7.03605 0.1 21.141 -0.864551 -7.1405 -0.864551 -7.1405 2.64169 0 0.159451 0 
2 1 0 7.03235 0.1 21.141 -0.864298 -7.13715 -0.864298 -7.13715 2.64898 0 0.159092 0 
2 1 0 7.02866 0.1 21.141 -0.864046 -7.13379 -0.864046 -7.13379 2.65622 0 0.158738 0 
2 1 0 7.02496 0.1 21.141 -0.863794 -7.13043 -0.863794 -7.13043 2.6634 0 0.15839 0 
2 1 0 7.02126 0.1 21.141 -0.863541 -7.12707 -0.863541 -7.12707 2.67052 0 0.158047 0 
2 1 0 7.01756 0.1 21.141 -0.863289 -7.12372 -0.863289 -7.12372 2.67759 0 0.157709 0 
2 1 0 7.01386 0.1 21.141 -0.863036 -7.12036 -0.863036 -7.12036 2.6846 0 0.157376 0 
2 1 0 7.01016 0.1 21.141 -0.862784 -7.11701 -0.862784 -7.11701 2.69155 0 0.157048 0 
2 1 0 7.00646 0.1 21.141 -0.862531 -7.11366 -0.862531 -7.11366 2.69845 0 0.156725 0 
2 1 0 7.00276 0.1 21.141 -0.862279 -7.11031 -0.862279 -7.11031 2.7053 0 0.156407 0 
2 1 0 6.99906 0.1 21.141 -0.862026 -7.10695 -0.862026 -7.10695 2.71209 0 0.156094 0 
2 1 0 6.99536 0.1 21.141 -0.861773 -7.1036 -0.861773 -7.1036 2.71883 0 0.155785 0 
2 1 0 6.99165 0.1 21.141 -0.86152 -7.10026 -0.86152 -7.10026 2.72552 0 0.155481 0 
2 1 0 6.98795 0.1 21.141 -0.861268 -7.09691 -0.861268 -7.09691 2.73216 0 0.155181 0 
2 1 0 6.98424 0.1 21.141 -0.861015 -7.09356 -0.861015 -7.09356 2.73875 0 0.154886 0 
2 1 0 6.98054 0.1 21.141 -0.860762 -7.09021 -0.860762 -7.09021 2.74529 0 0.154594 0 
2 1 0 6.97683 0.1 21.141 -0.860509 -7.08687 -0.860509 -7.08687 2.75177 0 0.154307 0 
2 1 0 6.97312 0.1 21.141 -0.860255 -7.08352 -0.860255 -7.08352 2.75821 0 0.154024 0 
2 1 0 6.96941 0.1 21.141 -0.860002 -7.08018 -0.860002 -7.08018 2.7646 0 0.153746 0 
2 1 0 6.96571 0.1 21.141 -0.859749 -7.07683 -0.859749 -7.07683 2.77095 0 0.153471 0 
2 1 0 6.962 0.1 21.141 -0.859496 -7.07349 -0.859496 -7.07349 2.77724 0 0.1532 0 
2 1 0 6.95829 0.1 21.141 -0.859242 -7.07015 -0.859242 -7.07015 2.78349 0 0.152933 0 
2 1 0 6.95457 0.1 21.141 -0.858989 -7.06681 -0.858989 -7.06681 2.78969 0 0.152669 0 
2 1 0 6.95086 0.1 21.141 -0.858735 -7.06347 -0.858735 -7.06347 2.79585 0 0.15241 0 
2 1 0 6.94715 0.1 21.141 -0.858482 -7.06013 -0.858482 -7.06013 2.80195 0 0.152154 0 
2 1 0 6.94344 0.1 21.141 -0.858228 -7.05679 -0.858228 -7.05679 2.80802 0 0.151901 0 
2 1 0 6.93972 0.1 21.141 -0.857974 -7.05345 -0.857974 -7.05345 2.81404 0 0.151653 0 
2 1 0 6.93601 0.1 21.141 -0.857721 -7.05011 -0.857721 -7.05011 2.82001 0 0.151407 0 
2 1 0 6.93229 0.1 21.141 -0.857467 -7.04678 -0.857467 -7.04678 2.82595 0 0.151165 0 
2 1 0 6.92858 0.1 21.141 -0.857213 -7.04344 -0.857213 -7.04344 2.83183 0 0.150927 0 
2 1 0 6.92486 0.1 21.141 -0.856959 -7.04011 -0.856959 -7.04011 2.83768 0 0.150691 0 
2 1 0 6.92114 0.1 21.141 -0.856705 -7.03677 -0.856705 -7.03677 2.84348 0 0.150459 0 
2 1 0 6.91742 0.1 21.141 -0.856451 -7.03344 -0.856451 -7.03344 2.84924 0 0.150231 0 
2 1 0 6.91371 0.1 21.141 -0.856196 -7.03011 -0.856196 -7.03011 2.85496 0 0.150005 0 
2 1 0 6.90999 0.1 21.141 -0.855942 -7.02677 -0.855942 -7.02677 2.86063 0 0.149782 0 
2 1 0 6.90627 0.1 21.141 -0.855688 -7.02344 -0.855688 -7.02344 2.86627 0 0.149563 0 
2 1 0 6.90255 0.1 21.141 -0.855433 -7.02011 -0.855433 -7.02011 2.87186 0 0.149347 0 
2 1 0 6.89883 0.1 21.141 -0.855179 -7.01678 -0.855179 -7.01678 2.87741 0 0.149133 0 
2 1 0 6.8951 0.1 21.141 -0.854924 -7.01345 -0.854924 -7.01345 2.88293 0 0.148923 0 
2 1 0 6.89138 0.1 21.141 -0.854669 -7.01012 -0.854669 -7.01012 2.8884 0 0.148715 0 
2 1 0 6.88766 0.1 21.141 -0.854414 -7.0068 -0.854414 -7.0068 2.89383 0 0.14851 0 
2 1 0 6.88393 0.1 21.141 -0.85416 -7.00347 -0.85416 -7.00347 2.89922 0 0.148308 0 
2 1 0 6.88021 0.1 21.141 -0.853905 -7.00014 -0.853905 -7.00014 2.90458 0 0.148109 0 
2 1 0 6.87648 0.1 21.141 -0.85365 -6.99682 -0.85365 -6.99682 2.90989 0 0.147913 0 
2 1 0 6.87276 0.1 21.141 -0.853394 -6.99349 -0.853394 -6.99349 2.91517 0 0.147719 0 
2 1 0 6.86903 0.1 21.141 -0.853139 -6.99017 -0.853139 -6.99017 2.92041 0 0.147528 0 
2 1 0 6.86531 0.1 21.141 -0.852884 -6.98685 -0.852884 -6.98685 2.92561 0 0.14734 0 
2 1 0 6.86158 0.1 21.141 -0.852629 -6.98352 -0.852629 -6.98352 2.93077 0 0.147154 0 
2 1 0 6.85785 0.1 21.141 -0.852373 -6.9802 -0.852373 -6.9802 2.93589 0 0.146971 0 
2 1 0 6.85412 0.1 21.141 -0.852118 -6.97688 -0.852118 -6.97688 2.94098 0 0.14679 0 
2 1 0 6.85039 0.1 21.141 -0.851862 -6.97356 -0.851862 -6.97356 2.94603 0 0.146612 0 
2 1 0 6.84666 0.1 21.141 -0.851606 -6.97024 -0.851606 -6.97024 2.95104 0 0.146436 0 
2 1 0 6.84293 0.1 21.141 -0.85135 -6.96692 -0.85135 -6.96692 2.95602 0 0.146263 0 
2 1 0 6.8392 0.1 21.141 -0.851094 -6.9636 -0.851094 -6.9636 2.96096 0 0.146092 0 
2 1 0 6.83547 0.1 21.141 -0.850838 -6.96028 -0.850838 -6.96028 2.96586 0 0.145924 0 
2 1 0 6.83174 0.1 21.141 -0.850582 -6.95697 -0.850582 -6.95697 2.97073 0 0.145758 0 
2 1 0 6.828 0.1 21.141 -0.850326 -6.95365 -0.850326 -6.95365 2.97556 0 0.145594 0 
2 1 0 6.82427 0.1 21.141 -0.85007 -6.95033 -0.85007 -6.95033 2.98036 0 0.145433 0 
2 1 0 6.82054 0.1 21.141 -0.849814 -6.94702 -0.849814 -6.94702 2.98512 0 0.145273 0 
2 1 0 6.8168 0.1 21.141 -0.849557 -6.9437 -0.849557 -6.9437 2.98984 0 0.145116 0 
2 1 0 6.81307 0.1 21.141 -0.849301 -6.94039 -0.849301 -6.94039 2.99453 0 0.144962 0 
2 1 0 6.80933 0.1 21.141 -0.849044 -6.93707 -0.849044 -6.93707 2.99919 0 0.144809 0 
2 1 0 6.8056 0.1 21.141 -0.848787 -6.93376 -0.848787 -6.93376 3.00381 0 0.144659 0 
2 1 0 6.80186 0.1 21.141 -0.84853 -6.93045 -0.84853 -6.93045 3.00839 0 0.144511 0 
2 1 0 6.79812 0.1 21.141 -0.848273 -6.92714 -0.848273 -6.92714 3.01294 0 0.144365 0 
2 1 0 6.79438 0.1 21.141 -0.848016 -6.92383 -0.848016 -6.92383 3.01746 0 0.144221 0 
2 1 0 6.79065 0.1 21.141 -0.847759 -6.92052 -0.847759 -6.92052 3.02194 0 0.144079 0 
2 1 0 6.78691 0.1 21.141 -0.847502 -6.91721 -0.847502 -6.91721 3.02639 0 0.143939 0 
2 1 0 6.78317 0.1 21.141 -0.847245 -6.9139 -0.847245 -6.9139 3.03081 0 0.143801 0 
2 1 0 6.77943 0.1 21.141 -0.846987 -6.91059 -0.846987 -6.91059 3.03519 0 0.143665 0 
2 1 0 6.77569 0.1 21.141 -0.84673 -6.90728 -0.84673 -6.90728 3.03954 0 0.143532 0 
2 1 0 6.77194 0.1 21.141 -0.846472 -6.90398 -0.846472 -6.90398 3.04386 0 0.1434 0 
2 1 0 6.7682 0.1 21.141 -0.846214 -6.90067 -0.846214 -6.90067 3.04814 0 0.14327 0 
2 1 0 6.76446 0.1 21.141 -0.845957 -6.89736 -0.845957 -6.89736 3.05239 0 0.143142 0 
2 1 0 6.76072 0.1 21.141 -0.845699 -6.89406 -0.845699 -6.89406 3.05661 0 0.143016 0 
2 1 0 6.75697 0.1 21.141 -0.845441 -6.89075 -0.845441 -6.89075 3.06079 0 0.142892 0 
2 1 0 6.75323 0.1 21.141 -0.845182 -6.88745 -0.845182 -6.88745 3.06494 0 0.14277 0 
2 1 0 6.74949 0.1 21.141 -0.844924 -6.88415 -0.844924 -6.88415 3.06906 0 0.14265 0 
2 1 0 6.74574 0.1 21.141 -0.844666 -6.88084 -0.844666 -6.88084 3.07315 0 0.142531 0 
2 1 0 6.74199 0.1 21.141 -0.844407 -6.87754 -0.844407 -6.87754 3.0772 0 0.142415 0 
2 1 0 6.73825 0.1 21.141 -0.844149 -6.87424 -0.844149 -6.87424 3.08122 0 0.1423 0 
2 1 0 6.7345 0.1 21.141 -0.84389 -6.87094 -0.84389 -6.87094 3.08521 0 0.142187 0 
2 1 0 6.73075 0.1 21.141 -0.843631 -6.86764 -0.843631 -6.86764 3.08917 0 0.142076 0 
2 1 0 6.72701 0.1 21.141 -0.843373 -6.86434 -0.843373 -6.86434 3.0931 0 0.141967 0 
2 1 0 6.72326 0.1 21.141 -0.843114 -6.86104 -0.843114 -6.86104 3.09699 0 0.141859 0 
2 1 0 6.71951 0.1 21.141 -0.842855 -6.85774 -0.842855 -6.85774 3.10086 0 0.141753 0 
2 1 0 6.71576 0.1 21.141 -0.842595 -6.85444 -0.842595 -6.85444 3.10469 0 0.141649 0 
2 1 0 6.71201 0.1 21.141 -0.842336 -6.85115 -0.842336 -6.85115 3.10849 0 0.141546 0 
2 1 0 6.70826 0.1 21.141 -0.842077 -6.84785 -0.842077 -6.84785 3.11226 0 0.141446 0 
2 1 0 6.70451 0.1 21.141 -0.841817 -6.84455 -0.841817 -6.84455 3.116 0 0.141346 0 
2 1 0 6.70076 0.1 21.141 -0.841558 -6.84126 -0.841558 -6.84126 3.1197 0 0.141249 0 
2 1 0 6.69701 0.1 21.141 -0.841298 -6.83796 -0.841298 -6.83796 3.12338 0 0.141153 0 
2 1 0 6.69325 0.1 21.141 -0.841038 -6.83467 -0.841038 -6.83467 3.12702 0 0.141059 0 
2 1 0 6.6895 0.1 21.141 -0.840778 -6.83138 -0.840778 -6.83138 3.13064 0 0.140967 0 
2 1 0 6.68575 0.1 21.141 -0.840518 -6.82808 -0.840518 -6.82808 3.13422 0 0.140876 0 
2 1 0 6.68199 0.1 21.141 -0.840258 -6.82479 -0.840258 -6.82479 3.13778 0 0.140787 0 
2 1 0 6.67824 0.1 21.141 -0.839998 -6.8215 -0.839998 -6.8215 3.1413 0 0.140699 0 
2 1 0 6.67448 0.1 21.141 -0.839737 -6.81821 -0.839737 -6.81821 3.14479 0 0.140613 0 
2 1 0 6.67073 0.1 21.141 -0.839477 -6.81492 -0.839477 -6.81492 3.14825 0 0.140529 0 
2 1 0 6.66697 0.1 21.141 -0.839216 -6.81163 -0.839216 -6.81163 3.15168 0 0.140446 0 
2 1 0 6.66322 0.1 21.141 -0.838955 -6.80834 -0.838955 -6.80834 3.15508 0 0.140364 0 
2 1 0 6.65946 0.1 21.141 -0.838695 -6.80505 -0.838695 -6.80505 3.15845 0 0.140285 0 
2 1 0 6.6557 0.1 21.141 -0.838434 -6.80176 -0.838434 -6.80176 3.16179 0 0.140206 0 
2 1 0 6.65194 0.1 21.141 -0.838172 -6.79847 -0.838172 -6.79847 3.1651 0 0.14013 0 
2 1 0 6.64818 0.1 21.141 -0.837911 -6.79519 -0.837911 -6.79519 3.16838 0 0.140055 0 
2 1 0 6.64443 0.1 21.141 -0.83765 -6.7919 -0.83765 -6.7919 3.17163 0 0.139981 0 
2 1 0 6.64067 0.1 21.141 -0.837389 -6.78861 -0.837389 -6.78861 3.17486 0 0.139909 0 
2 1 0 6.63691 0.1 21.141 -0.837127 -6.78533 -0.837127 -6.78533 3.17805 0 0.139838 0 
2 1 0 6.63315 0.1 21.141 -0.836865 -6.78204 -0.836865 -6.78204 3.18121 0 0.139769 0 
2 1 0 6.62938 0.1 21.141 -0.836604 -6.77876 -0.836604 -6.77876 3.18434 0 0.139701 0 
2 1 0 6.62562 0.1 21.141 -0.836342 -6.77548 -0.836342 -6.77548 3.18744 0 0.139635 0 
2 1 0 6.62186 0.1 21.141 -0.83608 -6.77219 -0.83608 -6.77219 3.19051 0 0.13957 0 
2 1 0 6.6181 0.1 21.141 -0.835818 -6.76891 -0.835818 -6.76891 3.19355 0 0.139507 0 
2 1 0 6.61434 0.1 21.141 -0.835555 -6.76563 -0.835555 -6.76563 3.19657 0 0.139445 0 
2 1 0 6.61057 0.1 21.141 -0.835293 -6.76235 -0.835293 -6.76235 3.19955 0 0.139384 0 
2 1 0 6.60681 0.1 21.141 -0.835031 -6.75907 -0.835031 -6.75907 3.2025 0 0.139325 0 
2 1 0 6.60304 0.1 21.141 -0.834768 -6.75579 -0.834768 -6.75579 3.20543 0 0.139267 0 
2 1 0 6.59928 0.1 21.141 -0.834505 -6.75251 -0.834505 -6.75251 3.20832 0 0.139211 0 
2 1 0 6.59551 0.1 21.141 -0.834242 -6.74923 -0.834242 -6.74923 3.21119 0 0.139156 0 
2 1 0 6.59175 0.1 21.141 -0.833979 -6.74595 -0.833979 -6.74595 3.21402 0 0.139103 0 
2 1 0 6.58798 0.1 21.141 -0.833716 -6.74267 -0.833716 -6.74267 3.21683 0 0.139051 0 
2 1 0 6.58421 0.1 21.141 -0.833453 -6.73939 -0.833453 -6.73939 3.21961 0 0.139 0 
2 1 0 6.58045 0.1 21.141 -0.83319 -6.73612 -0.83319 -6.73612 3.22236 0 0.138951 0 
2 1 0 6.57668 0.1 21.141 -0.832926 -6.73284 -0.832926 -6.73284 3.22507 0 0.138903 0 
2 1 0 6.57291 0.1 21.141 -0.832663 -6.72956 -0.832663 -6.72956 3.22776 0 0.138856 0 
2 1 0 6.56914 0.1 21.141 -0.832399 -6.72629 -0.832399 -6.72629 3.23043 0 0.138811 0 
2 1 0 6.56537 0.1 21.141 -0.832135 -6.72301 -0.832135 -6.72301 3.23306 0 0.138767 0 
2 1 0 6.5616 0.1 21.141 -0.831871 -6.71974 -0.831871 -6.71974 3.23566 0 0.138725 0 
2 1 0 6.55783 0.1 21.141 -0.831607 -6.71647 -0.831607 -6.71647 3.23823 0 0.138683 0 
2 1 0 6.55406 0.1 21.141 -0.831343 -6.71319 -0.831343 -6.71319 3.24078 0 0.138644 0 
2 1 0 6.55029 0.1 21.141 -0.831079 -6.70992 -0.831079 -6.70992 3.2433 0 0.138605 0 
2 1 0 6.54652 0.1 21.141 -0.830814 -6.70665 -0.830814 -6.70665 3.24578 0 0.138568 0 
2 1 0 6.54275 0.1 21.141 -0.83055 -6.70338 -0.83055 -6.70338 3.24824 0 0.138532 0 
2 1 0 6.53897 0.1 21.141 -0.830285 -6.70011 -0.830285 -6.70011 3.25067 0 0.138497 0 
2 1 0 6.5352 0.1 21.141 -0.83002 -6.69684 -0.83002 -6.69684 3.25307 0 0.138464 0 
2 1 0 6.53143 0.1 21.141 -0.829755 -6.69357 -0.829755 -6.69357 3.25544 0 0.138432 0 
2 1 0 6.52765 0.1 21.141 -0.82949 -6.6903 -0.82949 -6.6903 3.25778 0 0.138402 0 
2 1 0 6.52388 0.1 21.141 -0.829225 -6.68703 -0.829225 -6.68703 3.2601 0 0.138372 0 
2 1 0 6.5201 0.1 21.141 -0.82896 -6.68376 -0.82896 -6.68376 3.26238 0 0.138344 0 
2 1 0 6.51633 0.1 21.141 -0.828694 -6.6805 -0.828694 -6.6805 3.26464 0 0.138318 0 
2 1 0 6.51255 0.1 21.141 -0.828429 -6.67723 -0.828429 -6.67723 3.26686 0 0.138292 0 
2 1 0 6.50878 0.1 21.141 -0.828163 -6.67396 -0.828163 -6.67396 3.26906 0 0.138268 0 
2 1 0 6.505 0.1 21.141 -0.827897 -6.6707 -0.827897 -6.6707 3.27123 0 0.138245 0 
2 1 0 6.50122 0.1 21.141 -0.827631 -6.66743 -0.827631 -6.66743 3.27337 0 0.138223 0 
2 1 0 6.49744 0.1 21.141 -0.827365 -6.66417 -0.827365 -6.66417 3.27548 0 0.138203 0 
2 1 0 6.49367 0.1 21.141 -0.827099 -6.6609 -0.827099 -6.6609 3.27757 0 0.138184 0 
2 1 0 6.48989 0.1 21.141 -0.826832 -6.65764 -0.826832 -6.65764 3.27962 0 0.138166 0 
2 1 0 6.48611 0.1 21.141 -0.826566 -6.65438 -0.826566 -6.65438 3.28165 0 0.13815 0 
2 1 0 6.48233 0.1 21.141 -0.826299 -6.65112 -0.826299 -6.65112 3.28364 0 0.138134 0 
2 1 0 6.47855 0.1 21.141 -0.826033 -6.64785 -0.826033 -6.64785 3.28561 0 0.13812 0 
2 1 0 6.47477 0.1 21.141 -0.825766 -6.64459 -0.825766 -6.64459 3.28755 0 0.138108 0 
2 1 0 6.47099 0.1 21.141 -0.825499 -6.64133 -0.825499 -6.64133 3.28946 0 0.138096 0 
2 1 0 6.4672 0.1 21.141 -0.825231 -6.63807 -0.825231 -6.63807 3.29134 0 0.138086 0 
2 1 0 6.46342 0.1 21.141 -0.824964 -6.63481 -0.824964 -6.63481 3.2932 0 0.138077 0 
2 1 0 6.45964 0.1 21.141 -0.824697 -6.63155 -0.824697 -6.63155 3.29502 0 0.138069 0 
2 1 0 6.45586 0.1 21.141 -0.824429 -6.62829 -0.824429 -6.62829 3.29682 0 0.138062 0 
2 1 0 6.45207 0.1 21.141 -0.824162 -6.62504 -0.824162 -6.62504 3.29858 0 0.138057 0 
2 1 0 6.44829 0.1 21.141 -0.823894 -6.62178 -0.823894 -6.62178 3.30032 0 0.138053 0 
2 1 0 6.44451 0.1 21.141 -0.823626 -6.61852 -0.823626 -6.61852 3.30203 0 0.13805 0 
2 1 0 6.44072 0.1 21.141 -0.823358 -6.61527 -0.823358 -6.61527 3.30371 0 0.138049 0 
2 1 0 6.43694 0.1 21.141 -0.823089 -6.61201 -0.823089 -6.61201 3.30536 0 0.138048 0 
2 1 0 6.43315 0.1 21.141 -0.822821 -6.60875 -0.822821 -6.60875 3.30698 0 0.138049 0 
2 1 0 6.42936 0.1 21.141 -0.822553 -6.6055 -0.822553 -6.6055 3.30858 0 0.138051 0 
2 1 0 6.42558 0.1 21.141 -0.822284 -6.60225 -0.822284 -6.60225 3.31014 0 0.138055 0 
2 1 0 6.42179 0.1 21.141 -0.822015 -6.59899 -0.822015 -6.59899 3.31168 0 0.138059 0 
2 1 0 6.418 0.1 21.141 -0.821746 -6.59574 -0.821746 -6.59574 3.31319 0 0.138065 0 
2 1 0 6.41421 0.1 21.141 -0.821477 -6.59249 -0.821477 -6.59249 3.31466 0 0.138072 0 
2 1 0 6.41043 0.1 21.141 -0.821208 -6.58923 -0.821208 -6.58923 3.31611 0 0.13808 0 
2 1 0 6.40664 0.1 21.141 -0.820939 -6.58598 -0.820939 -6.58598 3.31753 0 0.13809 0 
2 1 0 6.40285 0.1 21.141 -0.820669 -6.58273 -0.820669 -6.58273 3.31892 0 0.138101 0 
2 1 0 6.39906 0.1 21.141 -0.8204 -6.57948 -0.8204 -6.57948 3.32029 0 0.138112 0 
2 1 0 6.39527 0.1 21.141 -0.82013 -6.57623 -0.82013 -6.57623 3.32162 0 0.138126 0 
2 1 0 6.39148 0.1 21.141 -0.81986 -6.57298 -0.81986 -6.57298 3.32293 0 0.13814 0 
2 1 0 6.38769 0.1 21.141 -0.81959 -6.56973 -0.81959 -6.56973 3.3242 0 0.138156 0 
2 1 0 6.38389 0.1 21.141 -0.81932 -6.56649 -0.81932 -6.56649 3.32545 0 0.138172 0 
2 1 0 6.3801 0.1 21.141 -0.81905 -6.56324 -0.81905 -6.56324 3.32666 0 0.13819 0 
2 1 0 6.37631 0.1 21.141 -0.818779 -6.55999 -0.818779 -6.55999 3.32785 0 0.13821 0 
2 1 0 6.37252 0.1 21.141 -0.818509 -6.55674 -0.818509 -6.55674 3.32901 0 0.13823 0 
2 1 0 6.36872 0.1 21.141 -0.818238 -6.5535 -0.818238 -6.5535 3.33014 0 0.138252 0 
2 1 0 6.36493 0.1 21.141 -0.817967 -6.55025 -0.817967 -6.55025 3.33124 0 0.138275 0 
2 1 0 6.36114 0.1 21.141 -0.817696 -6.54701 -0.817696 -6.54701 3.33232 0 0.138299 0 
2 1 0 6.35734 0.1 21.141 -0.817425 -6.54376 -0.817425 -6.54376 3.33336 0 0.138325 0 
2 1 0 6.35355 0.1 21.141 -0.817154 -6.54052 -0.817154 -6.54052 3.33437 0 0.138351 0 
2 1 0 6.34975 0.1 21.141 -0.816882 -6.53728 -0.816882 -6.53728 3.33536 0 0.138379 0 
2 1 0 6.34595 0.1 21.141 -0.816611 -6.53403 -0.816611 -6.53403 3.33631 0 0.138408 0 
2 1 0 6.34216 0.1 21.141 -0.816339 -6.53079 -0.816339 -6.53079 3.33724 0 0.138438 0 
2 1 0 6.33836 0.1 21.141 -0.816067 -6.52755 -0.816067 -6.52755 3.33813 0 0.13847 0 
2 1 0 6.33456 0.1 21.141 -0.815795 -6.52431 -0.815795 -6.52431 3.339 0 0.138503 0 
2 1 0 6.33077 0.1 21.141 -0.815523 -6.52107 -0.815523 -6.52107 3.33984 0 0.138537 0 
2 1 0 6.32697 0.1 21.141 -0.815251 -6.51783 -0.815251 -6.51783 3.34064 0 0.138572 0 
2 1 0 6.32317 0.1 21.141 -0.814978 -6.51459 -0.814978 -6.51459 3.34142 0 0.138609 0 
2 1 0 6.31937 0.1 21.141 -0.814706 -6.51135 -0.814706 -6.51135 3.34217 0 0.138646 0 
2 1 0 6.31557 0.1 21.141 -0.814433 -6.50811 -0.814433 -6.50811 3.34289 0 0.138685 0 
2 1 0 6.31177 0.1 21.141 -0.81416 -6.50487 -0.81416 -6.50487 3.34358 0 0.138725 0 
2 1 0 6.30797 0.1 21.141 -0.813887 -6.50163 -0.813887 -6.50163 3.34424 0 0.138767 0 
2 1 0 6.30417 0.1 21.141 -0.813614 -6.4984 -0.813614 -6.4984 3.34487 0 0.138809 0 
2 1 0 6.30037 0.1 21.141 -0.81334 -6.49516 -0.81334 -6.49516 3.34547 0 0.138853 0 
2 1 0 6.29657 0.1 21.141 -0.813067 -6.49192 -0.813067 -6.49192 3.34604 0 0.138899 0 
2 1 0 6.29276 0.1 21.141 -0.812793 -6.48869 -0.812793 -6.48869 3.34658 0 0.138945 0 
2 1 0 6.28896 0.1 21.141 -0.81252 -6.48545 -0.81252 -6.48545 3.3471 0 0.138993 0 
2 1 0 6.28516 0.1 21.141 -0.812246 -6.48222 -0.812246 -6.48222 3.34758 0 0.139042 0 
2 1 0 6.28135 0.1 21.141 -0.811972 -6.47898 -0.811972 -6.47898 3.34803 0 0.139092 0 
2 1 0 6.27755 0.1 21.141 -0.811698 -6.47575 -0.811698 -6.47575 3.34845 0 0.139143 0 
2 1 0 6.27375 0.1 21.141 -0.811423 -6.47252 -0.811423 -6.47252 3.34884 0 0.139196 0 
2 1 0 6.26994 0.1 21.141 -0.811149 -6.46929 -0.811149 -6.46929 3.3492 0 0.13925 0 
2 1 0 6.26614 0.1 21.141 -0.810874 -6.46605 -0.810874 -6.46605 3.34954 0 0.139305 0 
2 1 0 6.26233 0.1 21.141 -0.810599 -6.46282 -0.810599 -6.46282 3.34984 0 0.139362 0 
2 1 0 6.25852 0.1 21.141 -0.810324 -6.45959 -0.810324 -6.45959 3.35011 0 0.13942 0 
2 1 0 6.25472 0.1 21.141 -0.810049 -6.45636 -0.810049 -6.45636 3.35035 0 0.139479 0 
2 1 0 6.25091 0.1 21.141 -0.809774 -6.45313 -0.809774 -6.45313 3.35056 0 0.139539 0 
2 1 0 6.2471 0.1 21.141 -0.809499 -6.4499 -0.809499 -6.4499 3.35074 0 0.139601 0 
2 1 0 6.24329 0.1 21.141 -0.809223 -6.44668 -0.809223 -6.44668 3.35089 0 0.139664 0 
2 1 0 6.23949 0.1 21.141 -0.808948 -6.44345 -0.808948 -6.44345 3.35101 0 0.139728 0 
2 1 0 6.23568 0.1 21.141 -0.808672 -6.44022 -0.808672 -6.44022 3.3511 0 0.139793 0 
2 1 0 6.23187 0.1 21.141 -0.808396 -6.43699 -0.808396 -6.43699 3.35116 0 0.13986 0 
2 1 0 6.22806 0.1 21.141 -0.80812 -6.43377 -0.80812 -6.43377 3.35119 0 0.139928 0 
2 1 0 6.22425 0.1 21.141 -0.807843 -6.43054 -0.807843 -6.43054 3.35119 0 0.139998 0 
2 1 0 6.22044 0.1 21.141 -0.807567 -6.42732 -0.807567 -6.42732 3.35115 0 0.140069 0 
2 1 0 6.21663 0.1 21.141 -0.80729 -6.42409 -0.80729 -6.42409 3.35109 0 0.140141 0 
2 1 0 6.21281 0.1 21.141 -0.807014 -6.42087 -0.807014 -6.42087 3.351 0 0.140214 0 
2 1 0 6.209 0.1 21.141 -0.806737 -6.41764 -0.806737 -6.41764 3.35087 0 0.140289 0 
2 1 0 6.20519 0.1 21.141 -0.80646 -6.41442 -0.80646 -6.41442 3.35071 0 0.140365 0 
2 1 0 6.20138 0.1 21.141 -0.806182 -6.4112 -0.806182 -6.4112 3.35053 0 0.140442 0 
2 1 0 6.19756 0.1 21.141 -0.805905 -6.40797 -0.805905 -6.40797 3.35031 0 0.140521 0 
2 1 0 6.19375 0.1 21.141 -0.805628 -6.40475 -0.805628 -6.40475 3.35006 0 0.140601 0 
2 1 0 6.18994 0.1 21.141 -0.80535 -6.40153 -0.80535 -6.40153 3.34978 0 0.140682 0 
2 1 0 6.18612 0.1 21.141 -0.805072 -6.39831 -0.805072 -6.39831 3.34947 0 0.140765 0 
2 1 0 6.18231 0.1 21.141 -0.804794 -6.39509 -0.804794 -6.39509 3.34913 0 0.140849 0 
2 1 0 6.17849 0.1 21.141 -0.804516 -6.39187 -0.804516 -6.39187 3.34875 0 0.140935 0 
2 1 0 6.17468 0.1 21.141 -0.804238 -6.38865 -0.804238 -6.38865 3.34835 0 0.141022 0 
2 1 0 6.17086 0.1 21.141 -0.803959 -6.38543 -0.803959 -6.38543 3.34791 0 0.14111 0 
2 1 0 6.16704 0.1 21.141 -0.803681 -6.38222 -0.803681 -6.38222 3.34744 0 0.1412 0 
2 1 0 6.16323 0.1 21.141 -0.803402 -6.379 -0.803402 -6.379 3.34694 0 0.141291 0 
2 1 0 6.15941 0.1 21.141 -0.803123 -6.37578 -0.803123 -6.37578 3.34641 0 0.141383 0 
2 1 0 6.15559 0.1 21.141 -0.802844 -6.37256 -0.802844 -6.37256 3.34584 0 0.141477 0 
2 1 0 6.15177 0.1 21.141 -0.802565 -6.36935 -0.802565 -6.36935 3.34525 0 0.141572 0 
2 1 0 6.14795 0.1 21.141 -0.802285 -6.36613 -0.802285 -6.36613 3.34462 0 0.141669 0 
2 1 0 6.14413 0.1 21.141 -0.802006 -6.36292 -0.802006 -6.36292 3.34396 0 0.141767 0 
2 1 0 6.14031 0.1 21.141 -0.801726 -6.3597 -0.801726 -6.3597 3.34327 0 0.141866 0 
2 1 0 6.13649 0.1 21.141 -0.801446 -6.35649 -0.801446 -6.35649 3.34255 0 0.141967 0 
2 1 0 6.13267 0.1 21.141 -0.801166 -6.35328 -0.801166 -6.35328 3.34179 0 0.14207 0 
2 1 0 6.12885 0.1 21.141 -0.800886 -6.35006 -0.800886 -6.35006 3.34101 0 0.142173 0 
2 1 0 6.12503 0.1 21.141 -0.800606 -6.34685 -0.800606 -6.34685 3.34019 0 0.142279 0 
2 1 0 6.12121 0.1 21.141 -0.800325 -6.34364 -0.800325 -6.34364 3.33934 0 0.142385 0 
2 1 0 6.11739 0.1 21.141 -0.800045 -6.34043 -0.800045 -6.34043 3.33845 0 0.142494 0 
2 1 0 6.11356 0.1 21.141 -0.799764 -6.33722 -0.799764 -6.33722 3.33753 0 0.142603 0 
2 1 0 6.10974 0.1 21.141 -0.799483 -6.33401 -0.799483 -6.33401 3.33658 0 0.142714 0 
2 1 0 6.10592 0.1 21.141 -0.799202 -6.3308 -0.799202 -6.3308 3.3356 0 0.142827 0 
2 1 0 6.10209 0.1 21.141 -0.798921 -6.32759 -0.798921 -6.32759 3.33459 0 0.142941 0 
2 1 0 6.09827 0.1 21.141 -0.798639 -6.32438 -0.798639 -6.32438 3.33354 0 0.143057 0 
2 1 0 6.09444 0.1 21.141 -0.798358 -6.32117 -0.798358 -6.32117 3.33246 0 0.143174 0 
2 1 0 6.09062 0.1 21.141 -0.798076 -6.31797 -0.798076 -6.31797 3.33134 0 0.143293 0 
2 1 0 6.08679 0.1 21.141 -0.797794 -6.31476 -0.797794 -6.31476 3.3302 0 0.143413 0 
2 1 0 6.08297 0.1 21.141 -0.797512 -6.31155 -0.797512 -6.31155 3.32902 0 0.143535 0 
2 1 0 6.07914 0.1 21.141 -0.79723 -6.30835 -0.79723 -6.30835 3.3278 0 0.143658 0 
2 1 0 6.07531 0.1 21.141 -0.796947 -6.30514 -0.796947 -6.30514 3.32656 0 0.143783 0 
2 1 0 6.07149 0.1 21.141 -0.796665 -6.30194 -0.796665 -6.30194 3.32528 0 0.14391 0 
2 1 0 6.06766 0.1 21.141 -0.796382 -6.29873 -0.796382 -6.29873 3.32396 0 0.144038 0 
2 1 0 6.06383 0.1 21.141 -0.796099 -6.29553 -0.796099 -6.29553 3.32262 0 0.144167 0 
2 1 0 6.06 0.1 21.141 -0.795816 -6.29233 -0.795816 -6.29233 3.32124 0 0.144299 0 
2 1 0 6.05617 0.1 21.141 -0.795533 -6.28912 -0.795533 -6.28912 3.31982 0 0.144431 0 
2 1 0 6.05234 0.1 21.141 -0.795249 -6.28592 -0.795249 -6.28592 3.31837 0 0.144566 0 
2 1 0 6.04851 0.1 21.141 -0.794966 -6.28272 -0.794966 -6.28272 3.31689 0 0.144702 0 
2 1 0 6.04468 0.1 21.141 -0.794682 -6.27952 -0.794682 -6.27952 3.31537 0 0.14484 0 
2 1 0 6.04085 0.1 21.141 -0.794398 -6.27632 -0.794398 -6.27632 3.31382 0 0.144979 0 
2 1 0 6.03702 0.1 21.141 -0.794114 -6.27312 -0.794114 -6.27312 3.31224 0 0.14512 0 
2 1 0 6.03319 0.1 21.141 -0.79383 -6.26992 -0.79383 -6.26992 3.31062 0 0.145263 0 
2 1 0 6.02935 0.1 21.141 -0.793546 -6.26672 -0.793546 -6.26672 3.30896 0 0.145407 0 
2 1 0 6.02552 0.1 21.141 -0.793261 -6.26352 -0.793261 -6.26352 3.30727 0 0.145554 0 
2 1 0 6.02169 0.1 21.141 -0.792977 -6.26032 -0.792977 -6.26032 3.30555 0 0.145701 0 
2 1 0 6.01785 0.1 21.141 -0.792692 -6.25713 -0.792692 -6.25713 3.30379 0 0.145851 0 
2 1 0 6.01402 0.1 21.141 -0.792407 -6.25393 -0.792407 -6.25393 3.302 0 0.146002 0 
2 1 0 6.01019 0.1 21.141 -0.792122 -6.25073 -0.792122 -6.25073 3.30017 0 0.146155 0 
2 1 0 6.00635 0.1 21.141 -0.791836 -6.24754 -0.791836 -6.24754 3.29831 0 0.14631 0 
2 1 0 6.00252 0.1 21.141 -0.791551 -6.24434 -0.791551 -6.24434 3.29641 0 0.146467 0 
2 1 0 5.99868 0.1 21.141 -0.791265 -6.24115 -0.791265 -6.24115 3.29448 0 0.146625 0 
2 1 0 5.99484 0.1 21.141 -0.790979 -6.23796 -0.790979 -6.23796 3.29251 0 0.146785 0 
2 1 0 5.99101 0.1 21.141 -0.790693 -6.23476 -0.790693 -6.23476 3.2905 0 0.146947 0 
2 1 0 5.98717 0.1 21.141 -0.790407 -6.23157 -0.790407 -6.23157 3.28846 0 0.147111 0 
2 1 0 5.98333 0.1 21.141 -0.790121 -6.22838 -0.790121 -6.22838 3.28639 0 0.147277 0 
2 1 0 5.97949 0.1 21.141 -0.789834 -6.22518 -0.789834 -6.22518 3.28427 0 0.147444 0 
2 1 0 5.97566 0.1 21.141 -0.789548 -6.22199 -0.789548 -6.22199 3.28213 0 0.147614 0 
2 1 0 5.97182 0.1 21.141 -0.789261 -6.2188 -0.789261 -6.2188 3.27994 0 0.147785 0 
2 1 0 5.96798 0.1 21.141 -0.788974 -6.21561 -0.788974 -6.21561 3.27772 0 0.147958 0 
2 1 0 5.96414 0.1 21.141 -0.788686 -6.21242 -0.788686 -6.21242 3.27546 0 0.148133 0 
2 1 0 5.9603 0.1 21.141 -0.788399 -6.20923 -0.788399 -6.20923 3.27317 0 0.14831 0 
2 1 0 5.95646 0.1 21.141 -0.788112 -6.20604 -0.788112 -6.20604 3.27084 0 0.148489 0 
2 1 0 5.95262 0.1 21.141 -0.787824 -6.20286 -0.787824 -6.20286 3.26847 0 0.14867 0 
2 1 0 5.94878 0.1 21.141 -0.787536 -6.19967 -0.787536 -6.19967 3.26607 0 0.148853 0 
2 1 0 5.94493 0.1 21.141 -0.787248 -6.19648 -0.787248 -6.19648 3.26363 0 0.149038 0 
2 1 0 5.94109 0.1 21.141 -0.78696 -6.1933 -0.78696 -6.1933 3.26115 0 0.149225 0 
2 1 0 5.93725 0.1 21.141 -0.786672 -6.19011 -0.786672 -6.19011 3.25864 0 0.149413 0 
2 1 0 5.93341 0.1 21.141 -0.786383 -6.18692 -0.786383 -6.18692 3.25608 0 0.149604 0 
2 1 0 5.92956 0.1 21.141 -0.786094 -6.18374 -0.786094 -6.18374 3.25349 0 0.149797 0 
2 1 0 5.92572 0.1 21.141 -0.785806 -6.18056 -0.785806 -6.18056 3.25087 0 0.149993 0 
2 1 0 5.92187 0.1 21.141 -0.785516 -6.17737 -0.785516 -6.17737 3.2482 0 0.15019 0 
2 1 0 5.91803 0.1 21.141 -0.785227 -6.17419 -0.785227 -6.17419 3.24549 0 0.150389 0 
2 1 0 5.91418 0.1 21.141 -0.784938 -6.17101 -0.784938 -6.17101 3.24275 0 0.150591 0 
2 1 0 5.91034 0.1 21.141 -0.784648 -6.16782 -0.784648 -6.16782 3.23997 0 0.150794 0 
2 1 0 5.90649 0.1 21.141 -0.784359 -6.16464 -0.784359 -6.16464 3.23715 0 0.151 0 
2 1 0 5.90264 0.1 21.141 -0.784069 -6.16146 -0.784069 -6.16146 3.2343 0 0.151208 0 
2 1 0 5.8988 0.1 21.141 -0.783779 -6.15828 -0.783779 -6.15828 0.151418 0 3.2314 0 
2 1 0 5.89495 0.1 21.141 -0.783489 -6.1551 -0.783489 -6.1551 0.151631 0 3.22846 0 
2 1 0 5.8911 0.1 21.141 -0.783198 -6.15192 -0.783198 -6.15192 0.151845 0 3.22549 0 
2 1 0 5.88725 0.1 21.141 -0.782908 -6.14874 -0.782908 -6.14874 0.152062 0 3.22248 0 
2 1 0 5.8834 0.1 21.141 -0.782617 -6.14557 -0.782617 -6.14557 0.152282 0 3.21942 0 
2 1 0 5.87955 0.1 21.141 -0.782326 -6.14239 -0.782326 -6.14239 0.152503 0 3.21633 0 
2 1 0 5.8757 0.1 21.141 -0.782035 -6.13921 -0.782035 -6.13921 0.152727 0 3.2132 0 
2 1 0 5.87185 0.1 21.141 -0.781744 -6.13603 -0.781744 -6.13603 0.152954 0 3.21002 0 
2 1 0 5.868 0.1 21.141 -0.781452 -6.13286 -0.781452 -6.13286 0.153183 0 3.20681 0 
2 1 0 5.86415 0.1 21.141 -0.781161 -6.12968 -0.781161 -6.12968 0.153414 0 3.20356 0 
2 1 0 5.8603 0.1 21.141 -0.780869 -6.12651 -0.780869 -6.12651 0.153647 0 3.20027 0 
2 1 0 5.85645 0.1 21.141 -0.780577 -6.12333 -0.780577 -6.12333 0.153883 0 3.19693 0 
2 1 0 5.85259 0.1 21.141 -0.780285 -6.12016 -0.780285 -6.12016 0.154122 0 3.19356 0 
2 1 0 5.84874 0.1 21.141 -0.779992 -6.11699 -0.779992 -6.11699 0.154363 0 3.19014 0 
2 1 0 5.84489 0.1 21.141 -0.7797 -6.11382 -0.7797 -6.11382 0.154607 0 3.18668 0 
2 1 0 5.84103 0.1 21.141 -0.779407 -6.11064 -0.779407 -6.11064 0.154853 0 3.18318 0 
2 1 0 5.83718 0.1 21.141 -0.779115 -6.10747 -0.779115 -6.10747 0.155102 0 3.17964 0 
2 1 0 5.83332 0.1 21.141 -0.778822 -6.1043 -0.778822 -6.1043 0.155354 0 3.17606 0 
2 1 0 5.82947 0.1 21.141 -0.778528 -6.10113 -0.778528 -6.10113 0.155608 0 3.17244 0 
2 1 0 5.82561 0.1 21.141 -0.778235 -6.09796 -0.778235 -6.09796 0.155865 0 3.16877 0 
2 1 0 5.82176 0.1 21.141 -0.777942 -6.09479 -0.777942 -6.09479 0.156124 0 3.16506 0 
2 1 0 5.8179 0.1 21.141 -0.777648 -6.09162 -0.777648 -6.09162 0.156387 0 3.16131 0 
2 1 0 5.81404 0.1 21.141 -0.777354 -6.08846 -0.777354 -6.08846 0.156652 0 3.15752 0 
2 1 0 5.81018 0.1 21.141 -0.77706 -6.08529 -0.77706 -6.08529 0.15692 0 3.15368 0 
2 1 0 5.80633 0.1 21.141 -0.776766 -6.08212 -0.776766 -6.08212 0.15719 0 3.1498 0 
2 1 0 5.80247 0.1 21.141 -0.776471 -6.07896 -0.776471 -6.07896 0.157464 0 3.14587 0 
2 1 0 5.79861 0.1 21.141 -0.776177 -6.07579 -0.776177 -6.07579 0.157741 0 3.14191 0 
2 1 0 5.79475 0.1 21.141 -0.775882 -6.07263 -0.775882 -6.07263 0.15802 0 3.13789 0 
2 1 0 5.79089 0.1 21.141 -0.775587 -6.06946 -0.775587 -6.06946 0.158303 0 3.13384 0 
2 1 0 5.78703 0.1 21.141 -0.775292 -6.0663 -0.775292 -6.0663 0.158588 0 3.12974 0 
2 1 0 5.78317 0.1 21.141 -0.774997 -6.06314 -0.774997 -6.06314 0.158877 0 3.12559 0 
2 1 0 5.77931 0.1 21.141 -0.774702 -6.05997 -0.774702 -6.05997 0.159169 0 3.1214 0 
2 1 0 5.77544 0.1 21.141 -0.774406 -6.05681 -0.774406 -6.05681 0.159464 0 3.11716 0 
2 1 0 5.77158 0.1 21.141 -0.77411 -6.05365 -0.77411 -6.05365 0.159762 0 3.11288 0 
2 1 0 5.76772 0.1 21.141 -0.773814 -6.05049 -0.773814 -6.05049 0.160063 0 3.10855 0 
2 1 0 5.76385 0.1 21.141 -0.773518 -6.04733 -0.773518 -6.04733 0.160368 0 3.10418 0 
2 1 0 5.75999 0.1 21.141 -0.773222 -6.04417 -0.773222 -6.04417 0.160675 0 3.09976 0 
2 1 0 5.75613 0.1 21.141 -0.772925 -6.04101 -0.772925 -6.04101 0.160987 0 3.09529 0 
2 1 0 5.75226 0.1 21.141 -0.772629 -6.03785 -0.772629 -6.03785 0.161301 0 3.09078 0 
2 1 0 5.7484 0.1 21.141 -0.772332 -6.0347 -0.772332 -6.0347 0.161619 0 3.08622 0 
2 1 0 5.74453 0.1 21.141 -0.772035 -6.03154 -0.772035 -6.03154 0.161941 0 3.08161 0 
2 1 0 5.74066 0.1 21.141 -0.771738 -6.02838 -0.771738 -6.02838 0.162266 0 3.07695 0 
2 1 0 5.7368 0.1 21.141 -0.77144 -6.02523 -0.77144 -6.02523 0.162594 0 3.07225 0 
2 1 0 5.73293 0.1 21.141 -0.771143 -6.02207 -0.771143 -6.02207 0.162926 0 3.0675 0 
2 1 0 5.72906 0.1 21.141 -0.770845 -6.01892 -0.770845 -6.01892 0.163262 0 3.0627 0 
2 1 0 5.72519 0.1 21.141 -0.770547 -6.01576 -0.770547 -6.01576 0.163602 0 3.05785 0 
2 1 0 5.72132 0.1 21.141 -0.770249 -6.01261 -0.770249 -6.01261 0.163945 0 3.05295 0 
2 1 0 5.71745 0.1 21.141 -0.769951 -6.00946 -0.769951 -6.00946 0.164292 0 3.048 0 
2 1 0 5.71358 0.1 21.141 -0.769652 -6.00631 -0.769652 -6.00631 0.164643 0 3.043 0 
2 1 0 5.70971 0.1 21.141 -0.769354 -6.00315 -0.769354 -6.00315 0.164998 0 3.03795 0 
2 1 0 5.70584 0.1 21.141 -0.769055 -6 -0.769055 -6 0.165357 0 3.03284 0 
2 1 0 5.70197 0.1 21.141 -0.768756 -5.99685 -0.768756 -5.99685 0.16572 0 3.02769 0 
2 1 0 5.6981 0.1 21.141 -0.768457 -5.99371 -0.768457 -5.99371 0.166087 0 3.02249 0 
2 1 0 5.69423 0.1 21.141 -0.768158 -5.99056 -0.768158 -5.99056 0.166459 0 3.01723 0 
2 1 0 5.69035 0.1 21.141 -0.767858 -5.98741 -0.767858 -5.98741 0.166834 0 3.01192 0 
2 1 0 5.68648 0.1 21.141 -0.767559 -5.98426 -0.767559 -5.98426 0.167214 0 3.00656 0 
2 1 0 5.6826 0.1 21.141 -0.767259 -5.98112 -0.767259 -5.98112 0.167598 0 3.00115 0 
2 1 0 5.67873 0.1 21.141 -0.766959 -5.97797 -0.766959 -5.97797 0.167987 0 2.99568 0 
2 1 0 5.67485 0.1 21.141 -0.766659 -5.97482 -0.766659 -5.97482 0.16838 0 2.99016 0 
2 1 0 5.67098 0.1 21.141 -0.766358 -5.97168 -0.766358 -5.97168 0.168778 0 2.98458 0 
2 1 0 5.6671 0.1 21.141 -0.766058 -5.96854 -0.766058 -5.96854 0.16918 0 2.97895 0 
2 1 0 5.66323 0.1 21.141 -0.765757 -5.96539 -0.765757 -5.96539 0.169587 0 2.97326 0 
2 1 0 5.65935 0.1 21.141 -0.765456 -5.96225 -0.765456 -5.96225 0.169999 0 2.96752 0 
2 1 0 5.65547 0.1 21.141 -0.765155 -5.95911 -0.765155 -5.95911 0.170416 0 2.96172 0 
2 1 0 5.65159 0.1 21.141 -0.764854 -5.95597 -0.764854 -5.95597 0.170838 0 2.95586 0 
2 1 0 5.64771 0.1 21.141 -0.764552 -5.95283 -0.764552 -5.95283 0.171265 0 2.94995 0 
2 1 0 5.64383 0.1 21.141 -0.764251 -5.94969 -0.764251 -5.94969 0.171697 0 2.94398 0 
2 1 0 5.63995 0.1 21.141 -0.763949 -5.94655 -0.763949 -5.94655 0.172134 0 2.93795 0 
2 1 0 5.63607 0.1 21.141 -0.763647 -5.94341 -0.763647 -5.94341 0.172576 0 2.93186 0 
2 1 0 5.63219 0.1 21.141 -0.763345 -5.94027 -0.763345 -5.94027 0.173024 0 2.92571 0 
2 1 0 5.62831 0.1 21.141 -0.763043 -5.93714 -0.763043 -5.93714 0.173478 0 2.9195 0 
2 1 0 5.62442 0.1 21.141 -0.76274 -5.934 -0.76274 -5.934 0.173937 0 2.91323 0 
2 1 0 5.62054 0.1 21.141 -0.762437 -5.93087 -0.762437 -5.93087 0.174401 0 2.9069 0 
2 1 0 5.61666 0.1 21.141 -0.762135 -5.92773 -0.762135 -5.92773 0.174872 0 2.90051 0 
2 1 0 5.61277 0.1 21.141 -0.761832 -5.9246 -0.761832 -5.9246 0.175348 0 2.89405 0 
2 1 0 5.60889 0.1 21.141 -0.761528 -5.92147 -0.761528 -5.92147 0.175831 0 2.88753 0 
2 1 0 5.605 0.1 21.141 -0.761225 -5.91834 -0.761225 -5.91834 0.176319 0 2.88095 0 
2 1 0 5.60111 0.1 21.141 -0.760922 -5.9152 -0.760922 -5.9152 0.176814 0 2.8743 0 
2 1 0 5.59723 0.1 21.141 -0.760618 -5.91207 -0.760618 -5.91207 0.177315 0 2.86759 0 
2 1 0 5.59334 0.1 21.141 -0.760314 -5.90894 -0.760314 -5.90894 0.177823 0 2.86081 0 
2 1 0 5.58945 0.1 21.141 -0.76001 -5.90582 -0.76001 -5.90582 0.178337 0 2.85397 0 
2 1 0 5.58556 0.1 21.141 -0.759706 -5.90269 -0.759706 -5.90269 0.178858 0 2.84706 0 
2 1 0 5.58167 0.1 21.141 -0.759401 -5.89956 -0.759401 -5.89956 0.179386 0 2.84008 0 
2 1 0 5.57778 0.1 21.141 -0.759097 -5.89644 -0.759097 -5.89644 0.179921 0 2.83303 0 
2 1 0 5.57389 0.1 21.141 -0.758792 -5.89331 -0.758792 -5.89331 0.180463 0 2.82591 0 
2 1 0 5.57 0.1 21.141 -0.758487 -5.89019 -0.758487 -5.89019 0.181013 0 2.81872 0 
2 1 0 5.56611 0.1 21.141 -0.758182 -5.88706 -0.758182 -5.88706 0.18157 0 2.81145 0 
2 1 0 5.56221 0.1 21.141 -0.757877 -5.88394 -0.757877 -5.88394 0.182135 0 2.80412 0 
2 1 0 5.55832 0.1 21.141 -0.757571 -5.88082 -0.757571 -5.88082 0.182707 0 2.79671 0 
2 1 0 5.55443 0.1 21.141 -0.757266 -5.8777 -0.757266 -5.8777 0.183287 0 2.78923 0 
2 1 0 5.55053 0.1 21.141 -0.75696 -5.87458 -0.75696 -5.87458 0.183876 0 2.78167 0 
2 1 0 5.54664 0.1 21.141 -0.756654 -5.87146 -0.756654 -5.87146 0.184473 0 2.77404 0 
2 1 0 5.54274 0.1 21.141 -0.756348 -5.86834 -0.756348 -5.86834 0.185078 0 2.76632 0 
2 1 0 5.53884 0.1 21.141 -0.756041 -5.86522 -0.756041 -5.86522 0.185693 0 2.75853 0 
2 1 0 5.53494 0.1 21.141 -0.755735 -5.86211 -0.755735 -5.86211 0.186316 0 2.75066 0 
2 1 0 5.53104 0.1 21.141 -0.755428 -5.85899 -0.755428 -5.85899 0.186948 0 2.74271 0 
2 1 0 5.52714 0.1 21.141 -0.755121 -5.85588 -0.755121 -5.85588 0.18759 0 2.73468 0 
2 1 0 5.52324 0.1 21.141 -0.754815 -5.85276 -0.754815 -5.85276 0.188241 0 2.72656 0 
2 1 0 5.51934 0.1 21.141 -0.754507 -5.84965 -0.754507 -5.84965 0.188902 0 2.71836 0 
2 1 0 5.51544 0.1 21.141 -0.7542 -5.84654 -0.7542 -5.84654 0.189573 0 2.71007 0 
2 1 0 5.51154 0.1 21.141 -0.753893 -5.84343 -0.753893 -5.84343 0.190254 0 2.7017 0 
2 1 0 5.50763 0.1 21.141 -0.753585 -5.84032 -0.753585 -5.84032 0.190946 0 2.69323 0 
2 1 0 5.50373 0.1 21.141 -0.753277 -5.83721 -0.753277 -5.83721 0.191649 0 2.68468 0 
2 1 0 5.49982 0.1 21.141 -0.752969 -5.83411 -0.752969 -5.83411 0.192363 0 2.67604 0 
2 1 0 5.49592 0.1 21.141 -0.752661 -5.831 -0.752661 -5.831 0.193088 0 2.6673 0 
2 1 0 5.49201 0.1 21.141 -0.752353 -5.8279 -0.752353 -5.8279 0.193825 0 2.65846 0 
2 1 0 5.4881 0.1 21.141 -0.752044 -5.82479 -0.752044 -5.82479 0.194575 0 2.64953 0 
2 1 0 5.48419 0.1 21.141 -0.751735 -5.82169 -0.751735 -5.82169 0.195336 0 2.6405 0 
2 1 0 5.48028 0.1 21.141 -0.751427 -5.81859 -0.751427 -5.81859 0.196111 0 2.63137 0 
2 1 0 5.47637 0.1 21.141 -0.751118 -5.81549 -0.751118 -5.81549 0.196898 0 2.62214 0 
2 1 0 5.47246 0.1 21.141 -0.750809 -5.81239 -0.750809 -5.81239 0.197699 0 2.61281 0 
2 1 0 5.46855 0.1 21.141 -0.750499 -5.80929 -0.750499 -5.80929 0.198514 0 2.60337 0 
2 1 0 5.46463 0.1 21.141 -0.75019 -5.8062 -0.75019 -5.8062 0.199343 0 2.59382 0 
2 1 0 5.46072 0.1 21.141 -0.74988 -5.8031 -0.74988 -5.8031 0.200187 0 2.58415 0 
2 1 0 5.4568 0.1 21.141 -0.74957 -5.80001 -0.74957 -5.80001 0.201047 0 2.57438 0 
2 1 0 5.45289 0.1 21.141 -0.749261 -5.79692 -0.749261 -5.79692 0.201922 0 2.56449 0 
2 1 0 5.44897 0.1 21.141 -0.74895 -5.79383 -0.74895 -5.79383 0.202813 0 2.55448 0 
2 1 0 5.44505 0.1 21.141 -0.74864 -5.79074 -0.74864 -5.79074 0.203721 0 2.54435 0 
2 1 0 5.44113 0.1 21.141 -0.74833 -5.78765 -0.74833 -5.78765 0.204646 0 2.5341 0 
2 1 0 5.43721 0.1 21.141 -0.748019 -5.78456 -0.748019 -5.78456 0.205589 0 2.52372 0 
2 1 0 5.43328 0.1 21.141 -0.747709 -5.78148 -0.747709 -5.78148 0.20655 0 2.51322 0 
2 1 0 5.42936 0.1 21.141 -0.747398 -5.7784 -0.747398 -5.7784 0.207531 0 2.50258 0 
2 1 0 5.42543 0.1 21.141 -0.747087 -5.77531 -0.747087 -5.77531 0.208531 0 2.4918 0 
2 1 0 5.42151 0.1 21.141 -0.746776 -5.77223 -0.746776 -5.77223 0.209553 0 2.48088 0 
2 1 0 5.41758 0.1 21.141 -0.746464 -5.76916 -0.746464 -5.76916 0.210595 0 2.46982 0 
2 1 0 5.41365 0.1 21.141 -0.746153 -5.76608 -0.746153 -5.76608 0.211659 0 2.45862 0 
2 1 0 5.40972 0.1 21.141 -0.745842 -5.763 -0.745842 -5.763 0.212747 0 2.44726 0 
2 1 0 5.40579 0.1 21.141 -0.74553 -5.75993 -0.74553 -5.75993 0.213858 0 2.43575 0 
2 1 0 5.40186 0.1 21.141 -0.745218 -5.75686 -0.745218 -5.75686 0.214994 0 2.42407 0 
2 1 0 5.39792 0.1 21.141 -0.744906 -5.75379 -0.744906 -5.75379 0.216156 0 2.41223 0 
2 1 0 5.39398 0.1 21.141 -0.744594 -5.75072 -0.744594 -5.75072 0.217345 0 2.40022 0 
2 1 0 5.39005 0.1 21.141 -0.744282 -5.74766 -0.744282 -5.74766 0.218563 0 2.38804 0 
2 1 0 5.38611 0.1 21.141 -0.74397 -5.7446 -0.74397 -5.7446 0.219809 0 2.37567 0 
2 1 0 5.38217 0.1 21.141 -0.743657 -5.74153 -0.743657 -5.74153 0.221086 0 2.36312 0 
2 1 0 5.37822 0.1 21.141 -0.743345 -5.73848 -0.743345 -5.73848 0.222395 0 2.35037 0 
2 1 0 5.37428 0.1 21.141 -0.743032 -5.73542 -0.743032 -5.73542 0.223738 0 2.33742 0 
2 1 0 5.37033 0.1 21.141 -0.742719 -5.73237 -0.742719 -5.73237 0.225116 0 2.32427 0 
2 1 0 5.36638 0.1 21.141 -0.742406 -5.72931 -0.742406 -5.72931 0.226531 0 2.31089 0 
2 1 0 5.36243 0.1 21.141 -0.742093 -5.72627 -0.742093 -5.72627 0.227985 0 2.2973 0 
2 1 0 5.35848 0.1 21.141 -0.74178 -5.72322 -0.74178 -5.72322 0.229479 0 2.28346 0 
2 1 0 5.35452 0.1 21.141 -0.741467 -5.72018 -0.741467 -5.72018 0.231017 0 2.26939 0 
2 1 0 5.35057 0.1 21.141 -0.741154 -5.71714 -0.741154 -5.71714 0.2326 0 2.25506 0 
2 1 0 5.34661 0.1 21.141 -0.74084 -5.7141 -0.74084 -5.7141 0.234231 0 2.24047 0 
2 1 0 5.34265 0.1 21.141 -0.740527 -5.71107 -0.740527 -5.71107 0.235913 0 2.22561 0 
2 1 0 5.33868 0.1 21.141 -0.740213 -5.70803 -0.740213 -5.70803 0.237649 0 2.21045 0 
2 1 0 5.33471 0.1 21.141 -0.7399 -5.70501 -0.7399 -5.70501 0.239442 0 2.19499 0 
2 1 0 5.33074 0.1 21.141 -0.739586 -5.70198 -0.739586 -5.70198 0.241296 0 2.1792 0 
2 1 0 5.32677 0.1 21.141 -0.739273 -5.69896 -0.739273 -5.69896 0.243214 0 2.16309 0 
2 1 0 5.3228 0.1 21.141 -0.738959 -5.69595 -0.738959 -5.69595 0.245203 0 2.14662 0 
2 1 0 5.31882 0.1 21.141 -0.738645 -5.69294 -0.738645 -5.69294 0.247265 0 2.12977 0 
2 1 0 5.31483 0.1 21.141 -0.738331 -5.68993 -0.738331 -5.68993 0.249408 0 2.11253 0 
2 1 0 5.31085 0.1 21.141 -0.738018 -5.68693 -0.738018 -5.68693 0.251636 0 2.09486 0 
2 1 0 5.30686 0.1 21.141 -0.737704 -5.68393 -0.737704 -5.68393 0.253958 0 2.07675 0 
2 1 0 5.30286 0.1 21.141 -0.73739 -5.68094 -0.73739 -5.68094 0.25638 0 2.05816 0 
2 1 0 5.29887 0.1 21.141 -0.737077 -5.67795 -0.737077 -5.67795 0.258911 0 2.03905 0 
2 1 0 5.29486 0.1 21.141 -0.736763 -5.67497 -0.736763 -5.67497 0.261562 0 2.01939 0 
2 1 0 5.29085 0.1 21.141 -0.736449 -5.672 -0.736449 -5.672 0.264344 0 1.99914 0 
2 1 0 5.28684 0.1 21.141 -0.736136 -5.66904 -0.736136 -5.66904 0.267271 0 1.97824 0 
2 1 0 5.28282 0.1 21.141 -0.735823 -5.66608 -0.735823 -5.66608 0.270357 0 1.95665 0 
2 1 0 5.2788 0.1 21.141 -0.73551 -5.66313 -0.73551 -5.66313 0.27362 0 1.93428 0 
2 1 0 5.27476 0.1 21.141 -0.735197 -5.66019 -0.735197 -5.66019 0.277082 0 1.91107 0 
2 1 0 5.27072 0.1 21.141 -0.734884 -5.65726 -0.734884 -5.65726 0.280768 0 1.88693 0 
2 1 0 5.26668 0.1 21.141 -0.734572 -5.65434 -0.734572 -5.65434 0.284709 0 1.86175 0 
2 1 0 5.26262 0.1 21.141 -0.73426 -5.65144 -0.73426 -5.65144 0.288942 0 1.8354 0 
2 1 0 5.25855 0.1 21.141 -0.733949 -5.64855 -0.733949 -5.64855 0.293513 0 1.80773 0 
2 1 0 5.25447 0.1 21.141 -0.733638 -5.64567 -0.733638 -5.64567 0.298483 0 1.77854 0 
2 1 0 5.25038 0.1 21.141 -0.733328 -5.64282 -0.733328 -5.64282 0.303925 0 1.74758 0 
2 1 0 5.24627 0.1 21.141 -0.733018 -5.63998 -0.733018 -5.63998 0.309941 0 1.71453 0 
2 1 0 5.24214 0.1 21.141 -0.73271 -5.63718 -0.73271 -5.63718 0.316668 0 1.67897 0 
2 1 0 5.23799 0.1 21.141 -0.732403 -5.63441 -0.732403 -5.63441 0.3243 0 1.6403 0 
2 1 0 5.23382 0.1 21.141 -0.732098 -5.63168 -0.732098 -5.63168 0.333126 0 1.59766 0 
2 1 0 5.2296 0.1 21.141 -0.731795 -5.629 -0.731795 -5.629 0.343609 0 1.54973 0 
2 1 0 5.22534 0.1 21.141 -0.731496 -5.6264 -0.731496 -5.6264 0.356557 0 1.49424 0 
2 1 0 5.221 0.1 21.141 -0.731203 -5.62393 -0.731203 -5.62393 0.373612 0 1.42678 0 
2 1 0 5.21654 0.1 21.141 -0.730923 -5.62169 -0.730923 -5.62169 0.399155 0 1.3362 0 
2 1 0 5.21174 0.1 21.141 -0.730691 -5.62033 -0.730691 -5.62033 0.459502 0 1.16138 0 
2 1 0 5.2107 0.1 21.141 -0.730709 -5.62103 -0.730709 -5.62103 0.512512 0 1.04138 0 
2 1 0 5.21064 0.1 21.141 -0.730736 -5.62145 -0.730736 -5.62145 0.533719 0 1 0 
1 1 0 5.21141 0.1 191.898 -0.730919 -5.62382 -0.730919 -5.62382 0.730126 0.0239146 0.730126 -0.0239146 
1 1 0 5.21268 0.1 24.7477 -0.731102 -5.62597 -0.731102 -5.62597 0.707038 0.183469 0.707038 -0.183469 
1 1 0 5.2141 0.1 18.5357 -0.731282 -5.62802 -0.731282 -5.62802 0.688823 0.24287 0.688823 -0.24287 
1 1 0 5.2156 0.1 15.7974 -0.731461 -5.63001 -0.731461 -5.63001 0.673305 0.282874 0.673305 -0.282874 
1 1 0 5.21715 0.1 14.1636 -0.731638 -5.63196 -0.731638 -5.63196 0.659556 0.313424 0.659556 -0.313424 
1 1 0 5.21874 0.1 13.0441 -0.731815 -5.63389 -0.731815 -5.63389 0.647081 0.338267 0.647081 -0.338267 
1 1 0 5.22036 0.1 12.2129 -0.73199 -5.63579 -0.73199 -5.63579 0.635579 0.359257 0.635579 -0.359257 
1 1 0 5.222 0.1 11.5625 -0.732165 -5.63767 -0.732165 -5.63767 0.624851 0.377457 0.624851 -0.377457 
1 1 0 5.22365 0.1 11.0344 -0.73234 -5.63953 -0.73234 -5.63953 0.614759 0.393537 0.614759 -0.393537 
1 1 0 5.22549 0.1 10.5535 -0.732531 -5.64157 -0.732531 -5.64157 0.604269 0.409306 0.604269 -0.409306 
1 1 0 5.22753 0.1 10.1122 -0.73274 -5.64379 -0.73274 -5.64379 0.593355 0.424808 0.593355 -0.424808 
1 1 0 5.22979 0.1 9.70482 -0.73297 -5.64623 -0.73297 -5.64623 0.581989 0.440075 0.581989 -0.440075 
1 1 0 5.23229 0.1 9.32654 -0.733223 -5.64888 -0.733223 -5.64888 0.570142 0.455131 0.570142 -0.455131 
1 1 0 5.23506 0.1 8.97359 -0.7335 -5.65179 -0.7335 -5.65179 0.557784 0.469993 0.557784 -0.469993 
1 1 0 5.23813 0.1 8.64284 -0.733803 -5.65497 -0.733803 -5.65497 0.544885 0.484673 0.544885 -0.484673 
1 1 0 5.24152 0.1 8.33171 -0.734136 -5.65845 -0.734136 -5.65845 0.531412 0.499176 0.531412 -0.499176 
1 1 0 5.24502 0.1 8.05635 -0.734477 -5.66201 -0.734477 -5.66201 0.518254 0.512591 0.518254 -0.512591 
1 1 0 5.24853 0.1 7.81571 -0.734818 -5.66555 -0.734818 -5.66555 0.505683 0.524769 0.505683 -0.524769 
1 1 0 5.25206 0.1 7.60272 -0.735157 -5.66908 -0.735157 -5.66908 0.493626 0.535903 0.493626 -0.535903 
1 1 0 5.2556 0.1 7.41222 -0.735496 -5.67259 -0.735496 -5.67259 0.482024 0.546142 0.482024 -0.546142 
1 1 0 5.25915 0.1 7.24032 -0.735834 -5.6761 -0.735834 -5.6761 0.470828 0.555606 0.470828 -0.555606 
1 1 0 5.26271 0.1 7.08401 -0.736172 -5.67959 -0.736172 -5.67959 0.459999 0.56439 0.459999 -0.56439 
1 1 0 5.26628 0.1 6.94094 -0.736509 -5.68308 -0.736509 -5.68308 0.449502 0.572575 0.449502 -0.572575 
1 1 0 5.26986 0.1 6.80925 -0.736846 -5.68655 -0.736846 -5.68655 0.439309 0.580223 0.439309 -0.580223 
1 1 0 5.27344 0.1 6.68741 -0.737182 -5.69002 -0.737182 -5.69002 0.429395 0.587392 0.429395 -0.587392 
1 1 0 5.27703 0.1 6.57418 -0.737518 -5.69349 -0.737518 -5.69349 0.419737 0.594127 0.419737 -0.594127 
1 1 0 5.28063 0.1 6.46853 -0.737853 -5.69695 -0.737853 -5.69695 0.410318 0.600469 0.410318 -0.600469 
1 1 0 5.28423 0.1 6.36961 -0.738188 -5.7004 -0.738188 -5.7004 0.401121 0.606451 0.401121 -0.606451 
1 1 0 5.28784 0.1 6.27667 -0.738522 -5.70384 -0.738522 -5.70384 0.392131 0.612103 0.392131 -0.612103 
1 1 0 5.29145 0.1 6.18911 -0.738856 -5.70728 -0.738856 -5.70728 0.383334 0.617453 0.383334 -0.617453 
1 1 0 5.29506 0.1 6.10639 -0.73919 -5.71072 -0.73919 -5.71072 0.37472 0.622523 0.37472 -0.622523 
1 1 0 5.29869 0.1 6.02804 -0.739523 -5.71415 -0.739523 -5.71415 0.366277 0.627333 0.366277 -0.627333 
1 1 0 5.30231 0.1 5.95369 -0.739856 -5.71758 -0.739856 -5.71758 0.357997 0.631901 0.357997 -0.631901 
1 1 0 5.30594 0.1 5.88296 -0.740188 -5.721 -0.740188 -5.721 0.34987 0.636245 0.34987 -0.636245 
1 1 0 5.30958 0.1 5.81556 -0.74052 -5.72442 -0.74052 -5.72442 0.341889 0.640378 0.341889 -0.640378 
1 1 0 5.31321 0.1 5.75122 -0.740852 -5.72783 -0.740852 -5.72783 0.334046 0.644315 0.334046 -0.644315 
1 1 0 5.31685 0.1 5.68969 -0.741183 -5.73125 -0.741183 -5.73125 0.326335 0.648065 0.326335 -0.648065 
1 1 0 5.3205 0.1 5.63077 -0.741514 -5.73465 -0.741514 -5.73465 0.31875 0.651642 0.31875 -0.651642 
1 1 0 5.32414 0.1 5.57426 -0.741845 -5.73806 -0.741845 -5.73806 0.311286 0.655053 0.311286 -0.655053 
1 1 0 5.32779 0.1 5.51998 -0.742176 -5.74146 -0.742176 -5.74146 0.303937 0.65831 0.303937 -0.65831 
1 1 0 5.33145 0.1 5.4678 -0.742506 -5.74486 -0.742506 -5.74486 0.296698 0.661418 0.296698 -0.661418 
1 1 0 5.3351 0.1 5.41756 -0.742835 -5.74825 -0.742835 -5.74825 0.289565 0.664388 0.289565 -0.664388 
1 1 0 5.33876 0.1 5.36914 -0.743165 -5.75165 -0.743165 -5.75165 0.282535 0.667224 0.282535 -0.667224 
1 1 0 5.34242 0.1 5.32242 -0.743494 -5.75504 -0.743494 -5.75504 0.275602 0.669934 0.275602 -0.669934 
1 1 0 5.34608 0.1 5.27731 -0.743823 -5.75842 -0.743823 -5.75842 0.268765 0.672524 0.268765 -0.672524 
1 1 0 5.34975 0.1 5.2337 -0.744151 -5.76181 -0.744151 -5.76181 0.262018 0.675 0.262018 -0.675 
1 1 0 5.35342 0.1 5.19151 -0.74448 -5.76519 -0.74448 -5.76519 0.25536 0.677365 0.25536 -0.677365 
1 1 0 5.35708 0.1 5.15065 -0.744808 -5.76857 -0.744808 -5.76857 0.248788 0.679627 0.248788 -0.679627 
1 1 0 5.36076 0.1 5.11106 -0.745135 -5.77195 -0.745135 -5.77195 0.242297 0.681787 0.242297 -0.681787 
1 1 0 5.36443 0.1 5.07266 -0.745463 -5.77533 -0.745463 -5.77533 0.235887 0.683852 0.235887 -0.683852 
1 1 0 5.36811 0.1 5.03539 -0.74579 -5.7787 -0.74579 -5.7787 0.229555 0.685825 0.229555 -0.685825 
1 1 0 5.37178 0.1 4.9992 -0.746117 -5.78207 -0.746117 -5.78207 0.223297 0.687709 0.223297 -0.687709 
1 1 0 5.37546 0.1 4.96402 -0.746443 -5.78544 -0.746443 -5.78544 0.217113 0.689509 0.217113 -0.689509 
1 1 0 5.37914 0.1 4.92982 -0.746769 -5.78881 -0.746769 -5.78881 0.211 0.691227 0.211 -0.691227 
1 1 0 5.38283 0.1 4.89654 -0.747095 -5.79217 -0.747095 -5.79217 0.204955 0.692866 0.204955 -0.692866 
1 1 0 5.38651 0.1 4.86413 -0.747421 -5.79554 -0.747421 -5.79554 0.198979 0.694429 0.198979 -0.694429 
1 1 0 5.3902 0.1 4.83257 -0.747747 -5.7989 -0.747747 -5.7989 0.193067 0.695919 0.193067 -0.695919 
1 1 0 5.39389 0.1 4.80181 -0.748072 -5.80226 -0.748072 -5.80226 0.18722 0.697339 0.18722 -0.697339 
1 1 0 5.39758 0.1 4.77181 -0.748397 -5.80562 -0.748397 -5.80562 0.181435 0.698691 0.181435 -0.698691 
1 1 0 5.40127 0.1 4.74254 -0.748721 -5.80898 -0.748721 -5.80898 0.17571 0.699977 0.17571 -0.699977 
1 1 0 5.40496 0.1 4.71398 -0.749046 -5.81233 -0.749046 -5.81233 0.170045 0.7012 0.170045 -0.7012 
1 1 0 5.40866 0.1 4.68609 -0.74937 -5.81568 -0.74937 -5.81568 0.164438 0.702361 0.164438 -0.702361 
1 1 0 5.41235 0.1 4.65884 -0.749694 -5.81904 -0.749694 -5.81904 0.158888 0.703463 0.158888 -0.703463 
1 1 0 5.41605 0.1 4.63221 -0.750017 -5.82239 -0.750017 -5.82239 0.153393 0.704507 0.153393 -0.704507 
1 1 0 5.41975 0.1 4.60618 -0.750341 -5.82574 -0.750341 -5.82574 0.147953 0.705496 0.147953 -0.705496 
1 1 0 5.42345 0.1 4.58072 -0.750664 -5.82909 -0.750664 -5.82909 0.142565 0.706431 0.142565 -0.706431 
1 1 0 5.42715 0.1 4.5558 -0.750987 -5.83243 -0.750987 -5.83243 0.13723 0.707313 0.13723 -0.707313 
1 1 0 5.43085 0.1 4.53142 -0.751309 -5.83578 -0.751309 -5.83578 0.131946 0.708144 0.131946 -0.708144 
1 1 0 5.43455 0.1 4.50754 -0.751631 -5.83912 -0.751631 -5.83912 0.126711 0.708927 0.126711 -0.708927 
1 1 0 5.43826 0.1 4.48416 -0.751954 -5.84246 -0.751954 -5.84246 0.121526 0.709661 0.121526 -0.709661 
1 1 0 5.44196 0.1 4.46125 -0.752275 -5.8458 -0.752275 -5.8458 0.116389 0.710349 0.116389 -0.710349 
1 1 0 5.44567 0.1 4.4388 -0.752597 -5.84914 -0.752597 -5.84914 0.111299 0.710992 0.111299 -0.710992 
1 1 0 5.44938 0.1 4.41679 -0.752918 -5.85248 -0.752918 -5.85248 0.106256 0.71159 0.106256 -0.71159 
1 1 0 5.45309 0.1 4.3952 -0.753239 -5.85582 -0.753239 -5.85582 0.101258 0.712147 0.101258 -0.712147 
1 1 0 5.4568 0.1 4.37403 -0.75356 -5.85916 -0.75356 -5.85916 0.0963052 0.712661 0.0963052 -0.712661 
1 1 0 5.46051 0.1 4.35326 -0.753881 -5.86249 -0.753881 -5.86249 0.0913965 0.713135 0.0913965 -0.713135 
1 1 0 5.46422 0.1 4.33287 -0.754201 -5.86582 -0.754201 -5.86582 0.086531 0.71357 0.086531 -0.71357 
1 1 0 5.46794 0.1 4.31286 -0.754521 -5.86916 -0.754521 -5.86916 0.0817082 0.713967 0.0817082 -0.713967 
1 1 0 5.47165 0.1 4.29321 -0.754841 -5.87249 -0.754841 -5.87249 0.0769273 0.714326 0.0769273 -0.714326 
1 1 0 5.47537 0.1 4.27391 -0.755161 -5.87582 -0.755161 -5.87582 0.0721877 0.714649 0.0721877 -0.714649 
1 1 0 5.47908 0.1 4.25495 -0.75548 -5.87915 -0.75548 -5.87915 0.0674888 0.714937 0.0674888 -0.714937 
1 1 0 5.4828 0.1 4.23632 -0.755799 -5.88248 -0.755799 -5.88248 0.0628301 0.71519 0.0628301 -0.71519 
1 1 0 5.48652 0.1 4.21801 -0.756118 -5.8858 -0.756118 -5.8858 0.0582108 0.715409 0.0582108 -0.715409 
1 1 0 5.49024 0.1 4.20002 -0.756437 -5.88913 -0.756437 -5.88913 0.0536305 0.715596 0.0536305 -0.715596 
1 1 0 5.49396 0.1 4.18232 -0.756756 -5.89246 -0.756756 -5.89246 0.0490888 0.715751 0.0490888 -0.715751 
1 1 0 5.49768 0.1 4.16492 -0.757074 -5.89578 -0.757074 -5.89578 0.0445846 0.715875 0.0445846 -0.715875 
1 1 0 5.5014 0.1 4.1478 -0.757392 -5.8991 -0.757392 -5.8991 0.0401178 0.715968 0.0401178 -0.715968 
1 1 0 5.50513 0.1 4.13097 -0.75771 -5.90243 -0.75771 -5.90243 0.0356879 0.716031 0.0356879 -0.716031 
1 1 0 5.50885 0.1 4.1144 -0.758027 -5.90575 -0.758027 -5.90575 0.0312945 0.716066 0.0312945 -0.716066 
1 1 0 5.51257 0.1 4.0981 -0.758344 -5.90907 -0.758344 -5.90907 0.026937 0.716072 0.026937 -0.716072 
1 1 0 5.5163 0.1 4.08205 -0.758661 -5.91239 -0.758661 -5.91239 0.022615 0.716051 0.022615 -0.716051 
1 1 0 5.52003 0.1 4.06625 -0.758978 -5.91571 -0.758978 -5.91571 0.018328 0.716002 0.018328 -0.716002 
1 1 0 5.52375 0.1 4.05069 -0.759295 -5.91902 -0.759295 -5.91902 0.0140754 0.715928 0.0140754 -0.715928 
1 1 0 5.52748 0.1 4.03537 -0.759611 -5.92234 -0.759611 -5.92234 0.00985714 0.715827 0.00985714 -0.715827 
1 1 0 5.53121 0.1 4.02029 -0.759927 -5.92566 -0.759927 -5.92566 0.00567266 0.715702 0.00567266 -0.715702 
1 1 0 5.53494 0.1 4.00542 -0.760243 -5.92897 -0.760243 -5.92897 0.00152156 0.715552 0.00152156 -0.715552 
1 1 0 5.53867 0.1 3.99078 -0.760559 -5.93228 -0.760559 -5.93228 -0.00259628 0.715378 -0.00259628 -0.715378 
1 1 0 5.5424 0.1 3.97635 -0.760875 -5.9356 -0.760875 -5.9356 -0.00668167 0.71518 -0.00668167 -0.71518 
1 1 0 5.54613 0.1 3.96213 -0.76119 -5.93891 -0.76119 -5.93891 -0.0107347 0.71496 -0.0107347 -0.71496 
1 1 0 5.54987 0.1 3.94812 -0.761505 -5.94222 -0.761505 -5.94222 -0.0147558 0.714718 -0.0147558 -0.714718 
1 1 0 5.5536 0.1 3.9343 -0.76182 -5.94553 -0.76182 -5.94553 -0.0187452 0.714453 -0.0187452 -0.714453 
1 1 0 5.55733 0.1 3.92068 -0.762134 -5.94884 -0.762134 -5.94884 -0.0227032 0.714167 -0.0227032 -0.714167 
1 1 0 5.56107 0.1 3.90725 -0.762449 -5.95215 -0.762449 -5.95215 -0.0266304 0.71386 -0.0266304 -0.71386 
1 1 0 5.5648 0.1 3.89401 -0.762763 -5.95546 -0.762763 -5.95546 -0.0305268 0.713533 -0.0305268 -0.713533 
1 1 0 5.56854 0.1 3.88095 -0.763077 -5.95877 -0.763077 -5.95877 -0.0343927 0.713186 -0.0343927 -0.713186 
1 1 0 5.57228 0.1 3.86806 -0.76339 -5.96208 -0.76339 -5.96208 -0.0382288 0.71282 -0.0382288 -0.71282 
1 1 0 5.57601 0.1 3.85535 -0.763704 -5.96538 -0.763704 -5.96538 -0.0420349 0.712434 -0.0420349 -0.712434 
1 1 0 5.57975 0.1 3.84282 -0.764017 -5.96869 -0.764017 -5.96869 -0.0458113 0.71203 -0.0458113 -0.71203 
1 1 0 5.58349 0.1 3.83045 -0.76433 -5.97199 -0.76433 -5.97199 -0.0495587 0.711608 -0.0495587 -0.711608 
1 1 0 5.58723 0.1 3.81824 -0.764643 -5.9753 -0.764643 -5.9753 -0.0532771 0.711167 -0.0532771 -0.711167 
1 1 0 5.59097 0.1 3.80619 -0.764955 -5.9786 -0.764955 -5.9786 -0.0569665 0.71071 -0.0569665 -0.71071 
1 1 0 5.59471 0.1 3.7943 -0.765268 -5.9819 -0.765268 -5.9819 -0.0606276 0.710235 -0.0606276 -0.710235 
1 1 0 5.59845 0.1 3.78257 -0.76558 -5.98521 -0.76558 -5.98521 -0.0642604 0.709744 -0.0642604 -0.709744 
1 1 0 5.6022 0.1 3.77098 -0.765892 -5.98851 -0.765892 -5.98851 -0.0678652 0.709237 -0.0678652 -0.709237 
1 1 0 5.60594 0.1 3.75954 -0.766203 -5.99181 -0.766203 -5.99181 -0.0714422 0.708713 -0.0714422 -0.708713 
1 1 0 5.60968 0.1 3.74825 -0.766515 -5.99511 -0.766515 -5.99511 -0.0749915 0.708175 -0.0749915 -0.708175 
1 1 0 5.61343 0.1 3.7371 -0.766826 -5.99841 -0.766826 -5.99841 -0.0785137 0.707621 -0.0785137 -0.707621 
1 1 0 5.61717 0.1 3.72609 -0.767137 -6.00171 -0.767137 -6.00171 -0.0820085 0.707052 -0.0820085 -0.707052 
1 1 0 5.62092 0.1 3.71522 -0.767448 -6.00501 -0.767448 -6.00501 -0.0854767 0.706469 -0.0854767 -0.706469 
1 1 0 5.62466 0.1 3.70448 -0.767759 -6.0083 -0.767759 -6.0083 -0.0889181 0.705872 -0.0889181 -0.705872 
1 1 0 5.62841 0.1 3.69387 -0.768069 -6.0116 -0.768069 -6.0116 -0.092333 0.70526 -0.092333 -0.70526 
1 1 0 5.63215 0.1 3.68339 -0.768379 -6.0149 -0.768379 -6.0149 -0.0957215 0.704636 -0.0957215 -0.704636 
1 1 0 5.6359 0.1 3.67304 -0.768689 -6.01819 -0.768689 -6.01819 -0.0990837 0.703998 -0.0990837 -0.703998 
1 1 0 5.63965 0.1 3.66281 -0.768999 -6.02149 -0.768999 -6.02149 -0.10242 0.703348 -0.10242 -0.703348 
1 1 0 5.6434 0.1 3.65271 -0.769308 -6.02478 -0.769308 -6.02478 -0.105731 0.702685 -0.105731 -0.702685 
1 1 0 5.64715 0.1 3.64273 -0.769618 -6.02808 -0.769618 -6.02808 -0.109016 0.702009 -0.109016 -0.702009 
1 1 0 5.6509 0.1 3.63286 -0.769927 -6.03137 -0.769927 -6.03137 -0.112276 0.701322 -0.112276 -0.701322 
1 1 0 5.65465 0.1 3.62311 -0.770236 -6.03466 -0.770236 -6.03466 -0.11551 0.700623 -0.11551 -0.700623 
1 1 0 5.6584 0.1 3.61348 -0.770545 -6.03795 -0.770545 -6.03795 -0.11872 0.699913 -0.11872 -0.699913 
1 1 0 5.66215 0.1 3.60396 -0.770853 -6.04124 -0.770853 -6.04124 -0.121905 0.699192 -0.121905 -0.699192 
1 1 0 5.6659 0.1 3.59455 -0.771161 -6.04454 -0.771161 -6.04454 -0.125064 0.69846 -0.125064 -0.69846 
1 1 0 5.66965 0.1 3.58525 -0.771469 -6.04783 -0.771469 -6.04783 -0.1282 0.697717 -0.1282 -0.697717 
1 1 0 5.6734 0.1 3.57605 -0.771777 -6.05112 -0.771777 -6.05112 -0.131311 0.696964 -0.131311 -0.696964 
1 1 0 5.67716 0.1 3.56696 -0.772085 -6.05441 -0.772085 -6.05441 -0.134397 0.696202 -0.134397 -0.696202 
1 1 0 5.68091 0.1 3.55798 -0.772392 -6.05769 -0.772392 -6.05769 -0.13746 0.695429 -0.13746 -0.695429 
1 1 0 5.68467 0.1 3.5491 -0.772699 -6.06098 -0.772699 -6.06098 -0.140498 0.694647 -0.140498 -0.694647 
1 1 0 5.68842 0.1 3.54031 -0.773006 -6.06427 -0.773006 -6.06427 -0.143513 0.693856 -0.143513 -0.693856 
1 1 0 5.69218 0.1 3.53163 -0.773313 -6.06756 -0.773313 -6.06756 -0.146504 0.693056 -0.146504 -0.693056 
1 1 0 5.69593 0.1 3.52304 -0.77362 -6.07084 -0.77362 -6.07084 -0.149471 0.692247 -0.149471 -0.692247 
1 1 0 5.69969 0.1 3.51455 -0.773926 -6.07413 -0.773926 -6.07413 -0.152415 0.691429 -0.152415 -0.691429 
1 1 0 5.70344 0.1 3.50616 -0.774232 -6.07741 -0.774232 -6.07741 -0.155336 0.690604 -0.155336 -0.690604 
1 1 0 5.7072 0.1 3.49786 -0.774538 -6.0807 -0.774538 -6.0807 -0.158233 0.68977 -0.158233 -0.68977 
1 1 0 5.71096 0.1 3.48965 -0.774844 -6.08398 -0.774844 -6.08398 -0.161108 0.688929 -0.161108 -0.688929 
1 1 0 5.71472 0.1 3.48153 -0.77515 -6.08727 -0.77515 -6.08727 -0.163959 0.68808 -0.163959 -0.68808 
1 1 0 5.71847 0.1 3.4735 -0.775455 -6.09055 -0.775455 -6.09055 -0.166788 0.687223 -0.166788 -0.687223 
1 1 0 5.72223 0.1 3.46556 -0.77576 -6.09383 -0.77576 -6.09383 -0.169594 0.68636 -0.169594 -0.68636 
1 1 0 5.72599 0.1 3.45771 -0.776065 -6.09712 -0.776065 -6.09712 -0.172378 0.68549 -0.172378 -0.68549 
1 1 0 5.72975 0.1 3.44994 -0.77637 -6.1004 -0.77637 -6.1004 -0.175139 0.684613 -0.175139 -0.684613 
1 1 0 5.73351 0.1 3.44225 -0.776674 -6.10368 -0.776674 -6.10368 -0.177878 0.68373 -0.177878 -0.68373 
1 1 0 5.73727 0.1 3.43465 -0.776979 -6.10696 -0.776979 -6.10696 -0.180594 0.682841 -0.180594 -0.682841 
1 1 0 5.74103 0.1 3.42713 -0.777283 -6.11024 -0.777283 -6.11024 -0.183288 0.681945 -0.183288 -0.681945 
1 1 0 5.7448 0.1 3.4197 -0.777587 -6.11352 -0.777587 -6.11352 -0.185961 0.681044 -0.185961 -0.681044 
1 1 0 5.74856 0.1 3.41234 -0.77789 -6.1168 -0.77789 -6.1168 -0.188611 0.680137 -0.188611 -0.680137 
1 1 0 5.75232 0.1 3.40506 -0.778194 -6.12008 -0.778194 -6.12008 -0.19124 0.679225 -0.19124 -0.679225 
1 1 0 5.75608 0.1 3.39787 -0.778497 -6.12336 -0.778497 -6.12336 -0.193847 0.678308 -0.193847 -0.678308 
1 1 0 5.75985 0.1 3.39074 -0.7788 -6.12664 -0.7788 -6.12664 -0.196432 0.677386 -0.196432 -0.677386 
1 1 0 5.76361 0.1 3.3837 -0.779103 -6.12992 -0.779103 -6.12992 -0.198996 0.676459 -0.198996 -0.676459 
1 1 0 5.76737 0.1 3.37673 -0.779406 -6.13319 -0.779406 -6.13319 -0.201538 0.675527 -0.201538 -0.675527 
1 1 0 5.77114 0.1 3.36983 -0.779708 -6.13647 -0.779708 -6.13647 -0.204059 0.674591 -0.204059 -0.674591 
1 1 0 5.7749 0.1 3.36301 -0.78001 -6.13975 -0.78001 -6.13975 -0.206559 0.673651 -0.206559 -0.673651 
1 1 0 5.77867 0.1 3.35626 -0.780312 -6.14302 -0.780312 -6.14302 -0.209038 0.672707 -0.209038 -0.672707 
1 1 0 5.78243 0.1 3.34959 -0.780614 -6.1463 -0.780614 -6.1463 -0.211495 0.671759 -0.211495 -0.671759 
1 1 0 5.7862 0.1 3.34298 -0.780916 -6.14957 -0.780916 -6.14957 -0.213932 0.670808 -0.213932 -0.670808 
1 1 0 5.78997 0.1 3.33644 -0.781217 -6.15285 -0.781217 -6.15285 -0.216348 0.669853 -0.216348 -0.669853 
1 1 0 5.79373 0.1 3.32998 -0.781519 -6.15612 -0.781519 -6.15612 -0.218743 0.668894 -0.218743 -0.668894 
1 1 0 5.7975 0.1 3.32358 -0.78182 -6.1594 -0.78182 -6.1594 -0.221117 0.667933 -0.221117 -0.667933 
1 1 0 5.80127 0.1 3.31725 -0.782121 -6.16267 -0.782121 -6.16267 -0.223471 0.666969 -0.223471 -0.666969 
1 1 0 5.80504 0.1 3.31099 -0.782421 -6.16594 -0.782421 -6.16594 -0.225804 0.666002 -0.225804 -0.666002 
1 1 0 5.8088 0.1 3.30479 -0.782722 -6.16921 -0.782722 -6.16921 -0.228116 0.665033 -0.228116 -0.665033 
1 1 0 5.81257 0.1 3.29866 -0.783022 -6.17249 -0.783022 -6.17249 -0.230408 0.664061 -0.230408 -0.664061 
1 1 0 5.81634 0.1 3.2926 -0.783322 -6.17576 -0.783322 -6.17576 -0.23268 0.663088 -0.23268 -0.663088 
1 1 0 5.82011 0.1 3.2866 -0.783622 -6.17903 -0.783622 -6.17903 -0.234932 0.662112 -0.234932 -0.662112 
1 1 0 5.82388 0.1 3.28066 -0.783921 -6.1823 -0.783921 -6.1823 -0.237163 0.661134 -0.237163 -0.661134 
1 1 0 5.82765 0.1 3.27479 -0.784221 -6.18557 -0.784221 -6.18557 -0.239374 0.660155 -0.239374 -0.660155 
1 1 0 5.83142 0.1 3.26898 -0.78452 -6.18884 -0.78452 -6.18884 -0.241566 0.659174 -0.241566 -0.659174 
1 1 0 5.83519 0.1 3.26323 -0.784819 -6.19211 -0.784819 -6.19211 -0.243737 0.658192 -0.243737 -0.658192 
1 1 0 5.83896 0.1 3.25754 -0.785118 -6.19538 -0.785118 -6.19538 -0.245888 0.657209 -0.245888 -0.657209 
1 1 0 5.84273 0.1 3.25191 -0.785417 -6.19865 -0.785417 -6.19865 -0.24802 0.656225 -0.24802 -0.656225 
1 1 0 5.84651 0.1 3.24635 -0.785715 -6.20192 -0.785715 -6.20192 -0.250132 0.65524 -0.250132 -0.65524 
1 1 0 5.85028 0.1 3.24084 -0.786013 -6.20519 -0.786013 -6.20519 -0.252224 0.654254 -0.252224 -0.654254 
1 1 0 5.85405 0.1 3.23539 -0.786311 -6.20845 -0.786311 -6.20845 -0.254296 0.653268 -0.254296 -0.653268 
1 1 0 5.85782 0.1 3.23 -0.786609 -6.21172 -0.786609 -6.21172 -0.256349 0.652281 -0.256349 -0.652281 
1 1 0 5.8616 0.1 3.22467 -0.786907 -6.21499 -0.786907 -6.21499 -0.258382 0.651295 -0.258382 -0.651295 
1 1 0 5.86537 0.1 3.2194 -0.787204 -6.21825 -0.787204 -6.21825 -0.260396 0.650308 -0.260396 -0.650308 
1 1 0 5.86915 0.1 3.21418 -0.787502 -6.22152 -0.787502 -6.22152 -0.262391 0.649321 -0.262391 -0.649321 
1 1 0 5.87292 0.1 3.20902 -0.787799 -6.22479 -0.787799 -6.22479 -0.264366 0.648335 -0.264366 -0.648335 
1 1 0 5.87669 0.1 3.20392 -0.788096 -6.22805 -0.788096 -6.22805 -0.266322 0.64735 -0.266322 -0.64735 
1 1 0 5.88047 0.1 3.19887 -0.788392 -6.23132 -0.788392 -6.23132 -0.268259 0.646364 -0.268259 -0.646364 
1 1 0 5.88424 0.1 3.19388 -0.788689 -6.23458 -0.788689 -6.23458 -0.270176 0.64538 -0.270176 -0.64538 
1 1 0 5.88802 0.1 3.18894 -0.788985 -6.23785 -0.788985 -6.23785 -0.272075 0.644396 -0.272075 -0.644396 
1 1 0 5.8918 0.1 3.18405 -0.789281 -6.24111 -0.789281 -6.24111 -0.273954 0.643414 -0.273954 -0.643414 
1 1 0 5.89557 0.1 3.17922 -0.789577 -6.24437 -0.789577 -6.24437 -0.275815 0.642433 -0.275815 -0.642433 
1 1 0 5.89935 0.1 3.17445 -0.789873 -6.24764 -0.789873 -6.24764 -0.277656 0.641453 -0.277656 -0.641453 
1 1 0 5.90313 0.1 3.16972 -0.790168 -6.2509 -0.790168 -6.2509 -0.279479 0.640474 -0.279479 -0.640474 
1 1 0 5.9069 0.1 3.16505 -0.790464 -6.25416 -0.790464 -6.25416 -0.281282 0.639498 -0.281282 -0.639498 
1 1 0 5.91068 0.1 3.16043 -0.790759 -6.25743 -0.790759 -6.25743 -0.283067 0.638523 -0.283067 -0.638523 
1 1 0 5.91446 0.1 3.15586 -0.791054 -6.26069 -0.791054 -6.26069 -0.284834 0.637549 -0.284834 -0.637549 
1 1 0 5.91824 0.1 3.15135 -0.791348 -6.26395 -0.791348 -6.26395 -0.286581 0.636579 -0.286581 -0.636579 
1 1 0 5.92202 0.1 3.14688 -0.791643 -6.26721 -0.791643 -6.26721 -0.28831 0.63561 -0.28831 -0.63561 
1 1 0 5.92579 0.1 3.14247 -0.791937 -6.27047 -0.791937 -6.27047 -0.290021 0.634643 -0.290021 -0.634643 
1 1 0 5.92957 0.1 3.13811 -0.792231 -6.27373 -0.792231 -6.27373 -0.291712 0.63368 -0.291712 -0.63368 
1 1 0 5.93335 0.1 3.13379 -0.792525 -6.27699 -0.792525 -6.27699 -0.293386 0.632718 -0.293386 -0.632718 
1 1 0 5.93713 0.1 3.12953 -0.792819 -6.28025 -0.792819 -6.28025 -0.29504 0.63176 -0.29504 -0.63176 
1 1 0 5.94091 0.1 3.12532 -0.793113 -6.28351 -0.793113 -6.28351 -0.296677 0.630804 -0.296677 -0.630804 
1 1 0 5.94469 0.1 3.12115 -0.793406 -6.28677 -0.793406 -6.28677 -0.298295 0.629852 -0.298295 -0.629852 
1 1 0 5.94847 0.1 3.11704 -0.793699 -6.29003 -0.793699 -6.29003 -0.299895 0.628902 -0.299895 -0.628902 
1 1 0 5.95226 0.1 3.11297 -0.793992 -6.29329 -0.793992 -6.29329 -0.301477 0.627956 -0.301477 -0.627956 
1 1 0 5.95604 0.1 3.10895 -0.794285 -6.29655 -0.794285 -6.29655 -0.30304 0.627014 -0.30304 -0.627014 
1 1 0 5.95982 0.1 3.10498 -0.794578 -6.29981 -0.794578 -6.29981 -0.304585 0.626075 -0.304585 -0.626075 
1 1 0 5.9636 0.1 3.10105 -0.79487 -6.30306 -0.79487 -6.30306 -0.306112 0.625139 -0.306112 -0.625139 
1 1 0 5.96738 0.1 3.09718 -0.795162 -6.30632 -0.795162 -6.30632 -0.307621 0.624208 -0.307621 -0.624208 
1 1 0 5.97116 0.1 3.09335 -0.795454 -6.30958 -0.795454 -6.30958 -0.309112 0.62328 -0.309112 -0.62328 
1 1 0 5.97495 0.1 3.08956 -0.795746 -6.31283 -0.795746 -6.31283 -0.310585 0.622357 -0.310585 -0.622357 
1 1 0 5.97873 0.1 3.08583 -0.796038 -6.31609 -0.796038 -6.31609 -0.312039 0.621438 -0.312039 -0.621438 
1 1 0 5.98251 0.1 3.08214 -0.796329 -6.31935 -0.796329 -6.31935 -0.313476 0.620523 -0.313476 -0.620523 
1 1 0 5.9863 0.1 3.0785 -0.79662 -6.3226 -0.79662 -6.3226 -0.314895 0.619613 -0.314895 -0.619613 
1 1 0 5.99008 0.1 3.0749 -0.796911 -6.32586 -0.796911 -6.32586 -0.316296 0.618707 -0.316296 -0.618707 
1 1 0 5.99386 0.1 3.07135 -0.797202 -6.32911 -0.797202 -6.32911 -0.317679 0.617806 -0.317679 -0.617806 
1 1 0 5.99765 0.1 3.06784 -0.797493 -6.33237 -0.797493 -6.33237 -0.319045 0.61691 -0.319045 -0.61691 
1 1 0 6.00143 0.1 3.06438 -0.797784 -6.33562 -0.797784 -6.33562 -0.320392 0.616019 -0.320392 -0.616019 
1 1 0 6.00522 0.1 3.06096 -0.798074 -6.33888 -0.798074 -6.33888 -0.321722 0.615133 -0.321722 -0.615133 
1 1 0 6.009 0.1 3.05759 -0.798364 -6.34213 -0.798364 -6.34213 -0.323035 0.614252 -0.323035 -0.614252 
1 1 0 6.01279 0.1 3.05426 -0.798654 -6.34538 -0.798654 -6.34538 -0.324329 0.613376 -0.324329 -0.613376 
1 1 0 6.01658 0.1 3.05098 -0.798944 -6.34864 -0.798944 -6.34864 -0.325606 0.612506 -0.325606 -0.612506 
1 1 0 6.02036 0.1 3.04774 -0.799233 -6.35189 -0.799233 -6.35189 -0.326865 0.611641 -0.326865 -0.611641 
1 1 0 6.02415 0.1 3.04454 -0.799523 -6.35514 -0.799523 -6.35514 -0.328107 0.610783 -0.328107 -0.610783 
1 1 0 6.02793 0.1 3.04139 -0.799812 -6.3584 -0.799812 -6.3584 -0.329331 0.609929 -0.329331 -0.609929 
1 1 0 6.03172 0.1 3.03828 -0.800101 -6.36165 -0.800101 -6.36165 -0.330538 0.609082 -0.330538 -0.609082 
1 1 0 6.03551 0.1 3.03522 -0.800389 -6.3649 -0.800389 -6.3649 -0.331727 0.608241 -0.331727 -0.608241 
1 1 0 6.0393 0.1 3.0322 -0.800678 -6.36815 -0.800678 -6.36815 -0.332899 0.607406 -0.332899 -0.607406 
1 1 0 6.04308 0.1 3.02922 -0.800967 -6.3714 -0.800967 -6.3714 -0.334054 0.606577 -0.334054 -0.606577 
1 1 0 6.04687 0.1 3.02629 -0.801255 -6.37465 -0.801255 -6.37465 -0.335191 0.605755 -0.335191 -0.605755 
1 1 0 6.05066 0.1 3.02339 -0.801543 -6.3779 -0.801543 -6.3779 -0.33631 0.604938 -0.33631 -0.604938 
1 1 0 6.05445 0.1 3.02054 -0.801831 -6.38115 -0.801831 -6.38115 -0.337413 0.604129 -0.337413 -0.604129 
1 1 0 6.05824 0.1 3.01774 -0.802118 -6.3844 -0.802118 -6.3844 -0.338498 0.603326 -0.338498 -0.603326 
1 1 0 6.06203 0.1 3.01497 -0.802406 -6.38765 -0.802406 -6.38765 -0.339565 0.60253 -0.339565 -0.60253 
1 1 0 6.06582 0.1 3.01225 -0.802693 -6.3909 -0.802693 -6.3909 -0.340616 0.601741 -0.340616 -0.601741 
1 1 0 6.0696 0.1 3.00957 -0.80298 -6.39415 -0.80298 -6.39415 -0.341649 0.600959 -0.341649 -0.600959 
1 1 0 6.07339 0.1 3.00693 -0.803267 -6.3974 -0.803267 -6.3974 -0.342665 0.600184 -0.342665 -0.600184 
1 1 0 6.07718 0.1 3.00433 -0.803554 -6.40065 -0.803554 -6.40065 -0.343664 0.599416 -0.343664 -0.599416 
1 1 0 6.08097 0.1 3.00177 -0.80384 -6.4039 -0.80384 -6.4039 -0.344646 0.598655 -0.344646 -0.598655 
1 1 0 6.08477 0.1 2.99926 -0.804127 -6.40715 -0.804127 -6.40715 -0.345611 0.597902 -0.345611 -0.597902 
1 1 0 6.08856 0.1 2.99679 -0.804413 -6.41039 -0.804413 -6.41039 -0.346558 0.597156 -0.346558 -0.597156 
1 1 0 6.09235 0.1 2.99435 -0.804699 -6.41364 -0.804699 -6.41364 -0.347489 0.596417 -0.347489 -0.596417 
1 1 0 6.09614 0.1 2.99196 -0.804985 -6.41689 -0.804985 -6.41689 -0.348402 0.595687 -0.348402 -0.595687 
1 1 0 6.09993 0.1 2.98961 -0.80527 -6.42014 -0.80527 -6.42014 -0.349299 0.594964 -0.349299 -0.594964 
1 1 0 6.10372 0.1 2.98731 -0.805556 -6.42338 -0.805556 -6.42338 -0.350178 0.594249 -0.350178 -0.594249 
1 1 0 6.10751 0.1 2.98504 -0.805841 -6.42663 -0.805841 -6.42663 -0.351041 0.593542 -0.351041 -0.593542 
1 1 0 6.11131 0.1 2.98281 -0.806126 -6.42987 -0.806126 -6.42987 -0.351886 0.592843 -0.351886 -0.592843 
1 1 0 6.1151 0.1 2.98062 -0.806411 -6.43312 -0.806411 -6.43312 -0.352715 0.592152 -0.352715 -0.592152 
1 1 0 6.11889 0.1 2.97848 -0.806696 -6.43637 -0.806696 -6.43637 -0.353526 0.591469 -0.353526 -0.591469 
1 1 0 6.12268 0.1 2.97637 -0.80698 -6.43961 -0.80698 -6.43961 -0.354321 0.590795 -0.354321 -0.590795 
1 1 0 6.12648 0.1 2.97431 -0.807264 -6.44286 -0.807264 -6.44286 -0.355099 0.590129 -0.355099 -0.590129 
1 1 0 6.13027 0.1 2.97228 -0.807548 -6.4461 -0.807548 -6.4461 -0.35586 0.589471 -0.35586 -0.589471 
1 1 0 6.13406 0.1 2.9703 -0.807832 -6.44935 -0.807832 -6.44935 -0.356604 0.588822 -0.356604 -0.588822 
1 1 0 6.13786 0.1 2.96835 -0.808116 -6.45259 -0.808116 -6.45259 -0.357332 0.588182 -0.357332 -0.588182 
1 1 0 6.14165 0.1 2.96644 -0.8084 -6.45583 -0.8084 -6.45583 -0.358042 0.58755 -0.358042 -0.58755 
1 1 0 6.14545 0.1 2.96458 -0.808683 -6.45908 -0.808683 -6.45908 -0.358736 0.586927 -0.358736 -0.586927 
1 1 0 6.14924 0.1 2.96275 -0.808966 -6.46232 -0.808966 -6.46232 -0.359413 0.586313 -0.359413 -0.586313 
1 1 0 6.15304 0.1 2.96097 -0.809249 -6.46556 -0.809249 -6.46556 -0.360073 0.585707 -0.360073 -0.585707 
1 1 0 6.15683 0.1 2.95922 -0.809532 -6.46881 -0.809532 -6.46881 -0.360717 0.585111 -0.360717 -0.585111 
1 1 0 6.16063 0.1 2.95752 -0.809815 -6.47205 -0.809815 -6.47205 -0.361344 0.584524 -0.361344 -0.584524 
1 1 0 6.16442 0.1 2.95585 -0.810097 -6.47529 -0.810097 -6.47529 -0.361954 0.583946 -0.361954 -0.583946 
1 1 0 6.16822 0.1 2.95422 -0.81038 -6.47854 -0.81038 -6.47854 -0.362548 0.583377 -0.362548 -0.583377 
1 1 0 6.17201 0.1 2.95264 -0.810662 -6.48178 -0.810662 -6.48178 -0.363124 0.582818 -0.363124 -0.582818 
1 1 0 6.17581 0.1 2.95109 -0.810944 -6.48502 -0.810944 -6.48502 -0.363685 0.582268 -0.363685 -0.582268 
1 1 0 6.17961 0.1 2.94958 -0.811225 -6.48826 -0.811225 -6.48826 -0.364228 0.581727 -0.364228 -0.581727 
1 1 0 6.1834 0.1 2.94811 -0.811507 -6.4915 -0.811507 -6.4915 -0.364755 0.581196 -0.364755 -0.581196 
1 1 0 6.1872 0.1 2.94668 -0.811788 -6.49474 -0.811788 -6.49474 -0.365265 0.580674 -0.365265 -0.580674 
1 1 0 6.191 0.1 2.94529 -0.812069 -6.49798 -0.812069 -6.49798 -0.365759 0.580162 -0.365759 -0.580162 
1 1 0 6.1948 0.1 2.94394 -0.81235 -6.50122 -0.81235 -6.50122 -0.366236 0.57966 -0.366236 -0.57966 
1 1 0 6.19859 0.1 2.94263 -0.812631 -6.50446 -0.812631 -6.50446 -0.366697 0.579167 -0.366697 -0.579167 
1 1 0 6.20239 0.1 2.94135 -0.812912 -6.5077 -0.812912 -6.5077 -0.367141 0.578684 -0.367141 -0.578684 
1 1 0 6.20619 0.1 2.94012 -0.813192 -6.51094 -0.813192 -6.51094 -0.367568 0.578211 -0.367568 -0.578211 
1 1 0 6.20999 0.1 2.93892 -0.813473 -6.51418 -0.813473 -6.51418 -0.367979 0.577748 -0.367979 -0.577748 
1 1 0 6.21379 0.1 2.93777 -0.813753 -6.51742 -0.813753 -6.51742 -0.368374 0.577294 -0.368374 -0.577294 
1 1 0 6.21759 0.1 2.93665 -0.814033 -6.52066 -0.814033 -6.52066 -0.368752 0.576851 -0.368752 -0.576851 
1 1 0 6.22138 0.1 2.93557 -0.814312 -6.5239 -0.814312 -6.5239 -0.369113 0.576418 -0.369113 -0.576418 
1 1 0 6.22518 0.1 2.93453 -0.814592 -6.52714 -0.814592 -6.52714 -0.369458 0.575995 -0.369458 -0.575995 
1 1 0 6.22898 0.1 2.93353 -0.814871 -6.53038 -0.814871 -6.53038 -0.369786 0.575582 -0.369786 -0.575582 
1 1 0 6.23278 0.1 2.93257 -0.81515 -6.53361 -0.81515 -6.53361 -0.370099 0.575179 -0.370099 -0.575179 
1 1 0 6.23658 0.1 2.93165 -0.815429 -6.53685 -0.815429 -6.53685 -0.370394 0.574786 -0.370394 -0.574786 
1 1 0 6.24038 0.1 2.93076 -0.815708 -6.54009 -0.815708 -6.54009 -0.370673 0.574404 -0.370673 -0.574404 
1 1 0 6.24418 0.1 2.92992 -0.815987 -6.54333 -0.815987 -6.54333 -0.370936 0.574032 -0.370936 -0.574032 
1 1 0 6.24798 0.1 2.92911 -0.816265 -6.54656 -0.816265 -6.54656 -0.371182 0.57367 -0.371182 -0.57367 
1 1 0 6.25179 0.1 2.92835 -0.816544 -6.5498 -0.816544 -6.5498 -0.371412 0.573319 -0.371412 -0.573319 
1 1 0 6.25559 0.1 2.92762 -0.816822 -6.55304 -0.816822 -6.55304 -0.371625 0.572978 -0.371625 -0.572978 
1 1 0 6.25939 0.1 2.92693 -0.8171 -6.55627 -0.8171 -6.55627 -0.371822 0.572647 -0.371822 -0.572647 
1 1 0 6.26319 0.1 2.92628 -0.817377 -6.55951 -0.817377 -6.55951 -0.372003 0.572327 -0.372003 -0.572327 
1 1 0 6.26699 0.1 2.92567 -0.817655 -6.56274 -0.817655 -6.56274 -0.372167 0.572017 -0.372167 -0.572017 
1 1 0 6.27079 0.1 2.92509 -0.817932 -6.56598 -0.817932 -6.56598 -0.372315 0.571718 -0.372315 -0.571718 
1 1 0 6.2746 0.1 2.92456 -0.81821 -6.56921 -0.81821 -6.56921 -0.372446 0.57143 -0.372446 -0.57143 
1 1 0 6.2784 0.1 2.92406 -0.818487 -6.57245 -0.818487 -6.57245 -0.372561 0.571152 -0.372561 -0.571152 
1 1 0 6.2822 0.1 2.92361 -0.818763 -6.57568 -0.818763 -6.57568 -0.37266 0.570884 -0.37266 -0.570884 
1 1 0 6.286 0.1 2.92319 -0.81904 -6.57892 -0.81904 -6.57892 -0.372742 0.570628 -0.372742 -0.570628 
1 1 0 6.28981 0.1 2.92281 -0.819317 -6.58215 -0.819317 -6.58215 -0.372808 0.570382 -0.372808 -0.570382 
1 1 0 6.29361 0.1 2.92247 -0.819593 -6.58539 -0.819593 -6.58539 -0.372858 0.570146 -0.372858 -0.570146 
1 1 0 6.29741 0.1 2.92217 -0.819869 -6.58862 -0.819869 -6.58862 -0.372891 0.569921 -0.372891 -0.569921 
1 1 0 6.30122 0.1 2.92191 -0.820145 -6.59185 -0.820145 -6.59185 -0.372908 0.569707 -0.372908 -0.569707 
1 1 0 6.30502 0.1 2.92169 -0.820421 -6.59509 -0.820421 -6.59509 -0.372908 0.569504 -0.372908 -0.569504 
1 1 0 6.30883 0.1 2.9215 -0.820696 -6.59832 -0.820696 -6.59832 -0.372892 0.569311 -0.372892 -0.569311 
1 1 0 6.31263 0.1 2.92136 -0.820972 -6.60155 -0.820972 -6.60155 -0.37286 0.569129 -0.37286 -0.569129 
1 1 0 6.31643 0.1 2.92125 -0.821247 -6.60479 -0.821247 -6.60479 -0.372812 0.568958 -0.372812 -0.568958 
1 1 0 6.32024 0.1 2.92118 -0.821522 -6.60802 -0.821522 -6.60802 -0.372747 0.568797 -0.372747 -0.568797 
1 1 0 6.32404 0.1 2.92115 -0.821797 -6.61125 -0.821797 -6.61125 -0.372665 0.568647 -0.372665 -0.568647 
1 1 0 6.32785 0.1 2.92116 -0.822071 -6.61448 -0.822071 -6.61448 -0.372568 0.568508 -0.372568 -0.568508 
1 1 0 6.33165 0.1 2.92121 -0.822346 -6.61771 -0.822346 -6.61771 -0.372454 0.56838 -0.372454 -0.56838 
1 1 0 6.33546 0.1 2.9213 -0.82262 -6.62094 -0.82262 -6.62094 -0.372324 0.568262 -0.372324 -0.568262 
1 1 0 6.33927 0.1 2.92143 -0.822894 -6.62418 -0.822894 -6.62418 -0.372177 0.568155 -0.372177 -0.568155 
1 1 0 6.34307 0.1 2.9216 -0.823168 -6.62741 -0.823168 -6.62741 -0.372014 0.568059 -0.372014 -0.568059 
1 1 0 6.34688 0.1 2.9218 -0.823442 -6.63064 -0.823442 -6.63064 -0.371835 0.567973 -0.371835 -0.567973 
1 1 0 6.35069 0.1 2.92205 -0.823716 -6.63387 -0.823716 -6.63387 -0.371639 0.567898 -0.371639 -0.567898 
1 1 0 6.35449 0.1 2.92233 -0.823989 -6.6371 -0.823989 -6.6371 -0.371427 0.567834 -0.371427 -0.567834 
1 1 0 6.3583 0.1 2.92266 -0.824262 -6.64033 -0.824262 -6.64033 -0.371199 0.567781 -0.371199 -0.567781 
1 1 0 6.36211 0.1 2.92302 -0.824536 -6.64356 -0.824536 -6.64356 -0.370954 0.567738 -0.370954 -0.567738 
1 1 0 6.36591 0.1 2.92343 -0.824808 -6.64679 -0.824808 -6.64679 -0.370693 0.567706 -0.370693 -0.567706 
1 1 0 6.36972 0.1 2.92387 -0.825081 -6.65002 -0.825081 -6.65002 -0.370415 0.567684 -0.370415 -0.567684 
1 1 0 6.37353 0.1 2.92435 -0.825354 -6.65324 -0.825354 -6.65324 -0.370121 0.567673 -0.370121 -0.567673 
1 1 0 6.37734 0.1 2.92487 -0.825626 -6.65647 -0.825626 -6.65647 -0.369811 0.567673 -0.369811 -0.567673 
1 1 0 6.38115 0.1 2.92543 -0.825898 -6.6597 -0.825898 -6.6597 -0.369484 0.567683 -0.369484 -0.567683 
1 1 0 6.38495 0.1 2.92603 -0.82617 -6.66293 -0.82617 -6.66293 -0.369142 0.567703 -0.369142 -0.567703 
1 1 0 6.38876 0.1 2.92668 -0.826442 -6.66616 -0.826442 -6.66616 -0.368782 0.567734 -0.368782 -0.567734 
1 1 0 6.39257 0.1 2.92736 -0.826714 -6.66939 -0.826714 -6.66939 -0.368406 0.567776 -0.368406 -0.567776 
1 1 0 6.39638 0.1 2.92808 -0.826985 -6.67261 -0.826985 -6.67261 -0.368014 0.567828 -0.368014 -0.567828 
1 1 0 6.40019 0.1 2.92884 -0.827257 -6.67584 -0.827257 -6.67584 -0.367606 0.567891 -0.367606 -0.567891 
1 1 0 6.404 0.1 2.92964 -0.827528 -6.67907 -0.827528 -6.67907 -0.36718 0.567964 -0.36718 -0.567964 
1 1 0 6.40781 0.1 2.93048 -0.827799 -6.68229 -0.827799 -6.68229 -0.366739 0.568047 -0.366739 -0.568047 
1 1 0 6.41162 0.1 2.93136 -0.828069 -6.68552 -0.828069 -6.68552 -0.366281 0.56814 -0.366281 -0.56814 
1 1 0 6.41543 0.1 2.93228 -0.82834 -6.68875 -0.82834 -6.68875 -0.365807 0.568244 -0.365807 -0.568244 
1 1 0 6.41924 0.1 2.93324 -0.82861 -6.69197 -0.82861 -6.69197 -0.365316 0.568358 -0.365316 -0.568358 
1 1 0 6.42305 0.1 2.93424 -0.828881 -6.6952 -0.828881 -6.6952 -0.364809 0.568482 -0.364809 -0.568482 
1 1 0 6.42686 0.1 2.93528 -0.829151 -6.69843 -0.829151 -6.69843 -0.364285 0.568617 -0.364285 -0.568617 
1 1 0 6.43067 0.1 2.93637 -0.829421 -6.70165 -0.829421 -6.70165 -0.363745 0.568761 -0.363745 -0.568761 
1 1 0 6.43448 0.1 2.93749 -0.82969 -6.70488 -0.82969 -6.70488 -0.363188 0.568916 -0.363188 -0.568916 
1 1 0 6.43829 0.1 2.93865 -0.82996 -6.7081 -0.82996 -6.7081 -0.362615 0.56908 -0.362615 -0.56908 
1 1 0 6.44211 0.1 2.93986 -0.830229 -6.71133 -0.830229 -6.71133 -0.362025 0.569254 -0.362025 -0.569254 
1 1 0 6.44592 0.1 2.9411 -0.830498 -6.71455 -0.830498 -6.71455 -0.361419 0.569439 -0.361419 -0.569439 
1 1 0 6.44973 0.1 2.94239 -0.830767 -6.71777 -0.830767 -6.71777 -0.360796 0.569633 -0.360796 -0.569633 
1 1 0 6.45354 0.1 2.94372 -0.831036 -6.721 -0.831036 -6.721 -0.360156 0.569837 -0.360156 -0.569837 
1 1 0 6.45735 0.1 2.94509 -0.831305 -6.72422 -0.831305 -6.72422 -0.3595 0.570051 -0.3595 -0.570051 
1 1 0 6.46117 0.1 2.9465 -0.831573 -6.72745 -0.831573 -6.72745 -0.358828 0.570274 -0.358828 -0.570274 
1 1 0 6.46498 0.1 2.94795 -0.831841 -6.73067 -0.831841 -6.73067 -0.358138 0.570507 -0.358138 -0.570507 
1 1 0 6.46879 0.1 2.94944 -0.83211 -6.73389 -0.83211 -6.73389 -0.357433 0.57075 -0.357433 -0.57075 
1 1 0 6.47261 0.1 2.95098 -0.832378 -6.73711 -0.832378 -6.73711 -0.35671 0.571001 -0.35671 -0.571001 
1 1 0 6.47642 0.1 2.95256 -0.832645 -6.74034 -0.832645 -6.74034 -0.355971 0.571263 -0.355971 -0.571263 
1 1 0 6.48023 0.1 2.95417 -0.832913 -6.74356 -0.832913 -6.74356 -0.355215 0.571533 -0.355215 -0.571533 
1 1 0 6.48405 0.1 2.95583 -0.83318 -6.74678 -0.83318 -6.74678 -0.354443 0.571813 -0.354443 -0.571813 
1 1 0 6.48786 0.1 2.95754 -0.833447 -6.75 -0.833447 -6.75 -0.353654 0.572103 -0.353654 -0.572103 
1 1 0 6.49168 0.1 2.95928 -0.833715 -6.75323 -0.833715 -6.75323 -0.352848 0.572401 -0.352848 -0.572401 
1 1 0 6.49549 0.1 2.96107 -0.833981 -6.75645 -0.833981 -6.75645 -0.352025 0.572709 -0.352025 -0.572709 
1 1 0 6.49931 0.1 2.9629 -0.834248 -6.75967 -0.834248 -6.75967 -0.351186 0.573025 -0.351186 -0.573025 
1 1 0 6.50312 0.1 2.96477 -0.834515 -6.76289 -0.834515 -6.76289 -0.350329 0.57335 -0.350329 -0.57335 
1 1 0 6.50694 0.1 2.96669 -0.834781 -6.76611 -0.834781 -6.76611 -0.349456 0.573684 -0.349456 -0.573684 
1 1 0 6.51075 0.1 2.96865 -0.835047 -6.76933 -0.835047 -6.76933 -0.348566 0.574027 -0.348566 -0.574027 
1 1 0 6.51457 0.1 2.97065 -0.835313 -6.77255 -0.835313 -6.77255 -0.34766 0.574379 -0.34766 -0.574379 
1 1 0 6.51838 0.1 2.97269 -0.835579 -6.77577 -0.835579 -6.77577 -0.346736 0.574739 -0.346736 -0.574739 
1 1 0 6.5222 0.1 2.97478 -0.835845 -6.77899 -0.835845 -6.77899 -0.345796 0.575108 -0.345796 -0.575108 
1 1 0 6.52602 0.1 2.97691 -0.83611 -6.78221 -0.83611 -6.78221 -0.344838 0.575485 -0.344838 -0.575485 
1 1 0 6.52983 0.1 2.97909 -0.836375 -6.78543 -0.836375 -6.78543 -0.343864 0.575871 -0.343864 -0.575871 
1 1 0 6.53365 0.1 2.98131 -0.836641 -6.78865 -0.836641 -6.78865 -0.342872 0.576265 -0.342872 -0.576265 
1 1 0 6.53747 0.1 2.98357 -0.836905 -6.79187 -0.836905 -6.79187 -0.341864 0.576666 -0.341864 -0.576666 
1 1 0 6.54128 0.1 2.98588 -0.83717 -6.79508 -0.83717 -6.79508 -0.340839 0.577077 -0.340839 -0.577077 
1 1 0 6.5451 0.1 2.98824 -0.837435 -6.7983 -0.837435 -6.7983 -0.339796 0.577494 -0.339796 -0.577494 
1 1 0 6.54892 0.1 2.99063 -0.837699 -6.80152 -0.837699 -6.80152 -0.338737 0.57792 -0.338737 -0.57792 
1 1 0 6.55274 0.1 2.99308 -0.837963 -6.80474 -0.837963 -6.80474 -0.33766 0.578354 -0.33766 -0.578354 
1 1 0 6.55656 0.1 2.99556 -0.838228 -6.80795 -0.838228 -6.80795 -0.336566 0.578795 -0.336566 -0.578795 
1 1 0 6.56037 0.1 2.9981 -0.838491 -6.81117 -0.838491 -6.81117 -0.335455 0.579244 -0.335455 -0.579244 
1 1 0 6.56419 0.1 3.00067 -0.838755 -6.81439 -0.838755 -6.81439 -0.334327 0.579701 -0.334327 -0.579701 
1 1 0 6.56801 0.1 3.0033 -0.839019 -6.81761 -0.839019 -6.81761 -0.333182 0.580165 -0.333182 -0.580165 
1 1 0 6.57183 0.1 3.00597 -0.839282 -6.82082 -0.839282 -6.82082 -0.332019 0.580636 -0.332019 -0.580636 
1 1 0 6.57565 0.1 3.00868 -0.839545 -6.82404 -0.839545 -6.82404 -0.330839 0.581115 -0.330839 -0.581115 
1 1 0 6.57947 0.1 3.01145 -0.839808 -6.82725 -0.839808 -6.82725 -0.329642 0.5816 -0.329642 -0.5816 
1 1 0 6.58329 0.1 3.01425 -0.840071 -6.83047 -0.840071 -6.83047 -0.328428 0.582092 -0.328428 -0.582092 
1 1 0 6.58711 0.1 3.01711 -0.840334 -6.83368 -0.840334 -6.83368 -0.327196 0.582592 -0.327196 -0.582592 
1 1 0 6.59093 0.1 3.02001 -0.840596 -6.8369 -0.840596 -6.8369 -0.325946 0.583098 -0.325946 -0.583098 
1 1 0 6.59475 0.1 3.02296 -0.840858 -6.84011 -0.840858 -6.84011 -0.324679 0.583611 -0.324679 -0.583611 
1 1 0 6.59857 0.1 3.02596 -0.841121 -6.84333 -0.841121 -6.84333 -0.323395 0.58413 -0.323395 -0.58413 
1 1 0 6.60239 0.1 3.02901 -0.841382 -6.84654 -0.841382 -6.84654 -0.322093 0.584656 -0.322093 -0.584656 
1 1 0 6.60621 0.1 3.0321 -0.841644 -6.84976 -0.841644 -6.84976 -0.320773 0.585188 -0.320773 -0.585188 
1 1 0 6.61004 0.1 3.03524 -0.841906 -6.85297 -0.841906 -6.85297 -0.319436 0.585727 -0.319436 -0.585727 
1 1 0 6.61386 0.1 3.03844 -0.842167 -6.85618 -0.842167 -6.85618 -0.318081 0.586271 -0.318081 -0.586271 
1 1 0 6.61768 0.1 3.04168 -0.842428 -6.8594 -0.842428 -6.8594 -0.316709 0.586821 -0.316709 -0.586821 
1 1 0 6.6215 0.1 3.04497 -0.84269 -6.86261 -0.84269 -6.86261 -0.315318 0.587378 -0.315318 -0.587378 
1 1 0 6.62532 0.1 3.0483 -0.84295 -6.86582 -0.84295 -6.86582 -0.31391 0.58794 -0.31391 -0.58794 
1 1 0 6.62915 0.1 3.05169 -0.843211 -6.86904 -0.843211 -6.86904 -0.312484 0.588507 -0.312484 -0.588507 
1 1 0 6.63297 0.1 3.05513 -0.843472 -6.87225 -0.843472 -6.87225 -0.31104 0.589081 -0.31104 -0.589081 
1 1 0 6.63679 0.1 3.05862 -0.843732 -6.87546 -0.843732 -6.87546 -0.309579 0.589659 -0.309579 -0.589659 
1 1 0 6.64062 0.1 3.06216 -0.843992 -6.87867 -0.843992 -6.87867 -0.308099 0.590243 -0.308099 -0.590243 
1 1 0 6.64444 0.1 3.06575 -0.844252 -6.88188 -0.844252 -6.88188 -0.306601 0.590832 -0.306601 -0.590832 
1 1 0 6.64826 0.1 3.0694 -0.844512 -6.88509 -0.844512 -6.88509 -0.305085 0.591426 -0.305085 -0.591426 
1 1 0 6.65209 0.1 3.07309 -0.844772 -6.8883 -0.844772 -6.8883 -0.303552 0.592025 -0.303552 -0.592025 
1 1 0 6.65591 0.1 3.07684 -0.845031 -6.89152 -0.845031 -6.89152 -0.301999 0.592628 -0.301999 -0.592628 
1 1 0 6.65974 0.1 3.08064 -0.84529 -6.89473 -0.84529 -6.89473 -0.300429 0.593237 -0.300429 -0.593237 
1 1 0 6.66356 0.1 3.0845 -0.84555 -6.89794 -0.84555 -6.89794 -0.29884 0.593849 -0.29884 -0.593849 
1 1 0 6.66739 0.1 3.0884 -0.845808 -6.90115 -0.845808 -6.90115 -0.297234 0.594466 -0.297234 -0.594466 
1 1 0 6.67121 0.1 3.09236 -0.846067 -6.90435 -0.846067 -6.90435 -0.295608 0.595087 -0.295608 -0.595087 
1 1 0 6.67504 0.1 3.09638 -0.846326 -6.90756 -0.846326 -6.90756 -0.293965 0.595713 -0.293965 -0.595713 
1 1 0 6.67886 0.1 3.10045 -0.846584 -6.91077 -0.846584 -6.91077 -0.292302 0.596342 -0.292302 -0.596342 
1 1 0 6.68269 0.1 3.10457 -0.846842 -6.91398 -0.846842 -6.91398 -0.290622 0.596975 -0.290622 -0.596975 
1 1 0 6.68651 0.1 3.10876 -0.847101 -6.91719 -0.847101 -6.91719 -0.288922 0.597612 -0.288922 -0.597612 
1 1 0 6.69034 0.1 3.11299 -0.847358 -6.9204 -0.847358 -6.9204 -0.287204 0.598252 -0.287204 -0.598252 
1 1 0 6.69417 0.1 3.11729 -0.847616 -6.9236 -0.847616 -6.9236 -0.285467 0.598895 -0.285467 -0.598895 
1 1 0 6.69799 0.1 3.12163 -0.847874 -6.92681 -0.847874 -6.92681 -0.283712 0.599542 -0.283712 -0.599542 
1 1 0 6.70182 0.1 3.12604 -0.848131 -6.93002 -0.848131 -6.93002 -0.281937 0.600192 -0.281937 -0.600192 
1 1 0 6.70565 0.1 3.13051 -0.848388 -6.93323 -0.848388 -6.93323 -0.280144 0.600845 -0.280144 -0.600845 
1 1 0 6.70948 0.1 3.13503 -0.848645 -6.93643 -0.848645 -6.93643 -0.278332 0.6015 -0.278332 -0.6015 
1 1 0 6.71331 0.1 3.13962 -0.848902 -6.93964 -0.848902 -6.93964 -0.2765 0.602159 -0.2765 -0.602159 
1 1 0 6.71713 0.1 3.14426 -0.849159 -6.94284 -0.849159 -6.94284 -0.274649 0.602819 -0.274649 -0.602819 
1 1 0 6.72096 0.1 3.14896 -0.849415 -6.94605 -0.849415 -6.94605 -0.27278 0.603482 -0.27278 -0.603482 
1 1 0 6.72479 0.1 3.15372 -0.849671 -6.94926 -0.849671 -6.94926 -0.270891 0.604148 -0.270891 -0.604148 
1 1 0 6.72862 0.1 3.15855 -0.849927 -6.95246 -0.849927 -6.95246 -0.268982 0.604815 -0.268982 -0.604815 
1 1 0 6.73245 0.1 3.16344 -0.850183 -6.95567 -0.850183 -6.95567 -0.267054 0.605484 -0.267054 -0.605484 
1 1 0 6.73628 0.1 3.16838 -0.850439 -6.95887 -0.850439 -6.95887 -0.265107 0.606155 -0.265107 -0.606155 
1 1 0 6.74011 0.1 3.1734 -0.850695 -6.96207 -0.850695 -6.96207 -0.26314 0.606828 -0.26314 -0.606828 
1 1 0 6.74394 0.1 3.17847 -0.85095 -6.96528 -0.85095 -6.96528 -0.261154 0.607502 -0.261154 -0.607502 
1 1 0 6.74777 0.1 3.18361 -0.851205 -6.96848 -0.851205 -6.96848 -0.259147 0.608176 -0.259147 -0.608176 
1 1 0 6.7516 0.1 3.18882 -0.85146 -6.97168 -0.85146 -6.97168 -0.257121 0.608853 -0.257121 -0.608853 
1 1 0 6.75543 0.1 3.19409 -0.851715 -6.97489 -0.851715 -6.97489 -0.255075 0.60953 -0.255075 -0.60953 
1 1 0 6.75926 0.1 3.19942 -0.85197 -6.97809 -0.85197 -6.97809 -0.253009 0.610208 -0.253009 -0.610208 
2 1 0 6.43 0.1 0 -0.78255 -6.64336 -0.78255 -6.64336 -0.253009 0.610208 -0.253009 -0.610208 
1 1 0 6.43 0.1 2.93617 -0.78255 -6.64336 -0.78255 -6.64336 -0.363841 0.568735 -0.363841 -0.568735 
1 1 0 6.43 0.1 2.93617 -0.78255 -6.64336 -0.78255 -6.64336 -0.363841 0.568735 -0.363841 -0.568735 
1 1 0 6.43 0.1 2.93617 -0.78255 -6.64337 -0.78255 -6.64337 -0.363841 0.568735 -0.363841 -0.568735 
1 1 0 6.43 0.1 2.93617 -0.78255 -6.64337 -0.78255 -6.64337 -0.363841 0.568735 -0.363841 -0.568735 
1 1 0 6.43 0.1 2.93617 -0.78255 -6.64337 -0.78255 -6.64337 -0.36384 0.568735 -0.36384 -0.568735 
1 1 0 6.43001 0.1 2.93618 -0.782551 -6.64337 -0.782551 -6.64337 -0.36384 0.568735 -0.36384 -0.568735 
1 1 0 6.43001 0.1 2.93618 -0.782551 -6.64338 -0.782551 -6.64338 -0.363839 0.568735 -0.363839 -0.568735 
1 1 0 6.43003 0.1 2.93618 -0.782552 -6.64339 -0.782552 -6.64339 -0.363837 0.568736 -0.363837 -0.568736 
1 1 0 6.43005 0.1 2.93619 -0.782553 -6.64341 -0.782553 -6.64341 -0.363834 0.568737 -0.363834 -0.568737 
1 1 0 6.43009 0.1 2.9362 -0.782555 -6.64343 -0.782555 -6.64343 -0.363829 0.568738 -0.363829 -0.568738 
1 1 0 6.43014 0.1 2.93621 -0.782559 -6.64348 -0.782559 -6.64348 -0.363822 0.56874 -0.363822 -0.56874 
1 1 0 6.43021 0.1 2.93623 -0.782563 -6.64354 -0.782563 -6.64354 -0.363811 0.568743 -0.363811 -0.568743 
1 1 0 6.43032 0.1 2.93627 -0.78257 -6.64363 -0.78257 -6.64363 -0.363795 0.568747 -0.363795 -0.568747 
1 1 0 6.43049 0.1 2.93632 -0.782581 -6.64377 -0.782581 -6.64377 -0.36377 0.568754 -0.36377 -0.568754 
1 1 0 6.43075 0.1 2.93639 -0.782597 -6.64397 -0.782597 -6.64397 -0.363734 0.568764 -0.363734 -0.568764 
1 1 0 6.43113 0.1 2.9365 -0.78262 -6.64429 -0.78262 -6.64429 -0.363679 0.568779 -0.363679 -0.568779 
1 1 0 6.4317 0.1 2.93667 -0.782656 -6.64475 -0.782656 -6.64475 -0.363596 0.568802 -0.363596 -0.568802 
1 1 0 6.43255 0.1 2.93692 -0.782709 -6.64545 -0.782709 -6.64545 -0.363472 0.568836 -0.363472 -0.568836 
1 1 0 6.43384 0.1 2.9373 -0.782789 -6.6465 -0.782789 -6.6465 -0.363283 0.568889 -0.363283 -0.568889 
1 1 0 6.43576 0.1 2.93788 -0.782909 -6.64808 -0.782909 -6.64808 -0.362997 0.56897 -0.362997 -0.56897 
1 1 0 6.43788 0.1 2.93853 -0.783041 -6.64981 -0.783041 -6.64981 -0.362678 0.569062 -0.362678 -0.569062 
1 1 0 6.44021 0.1 2.93925 -0.783185 -6.65172 -0.783185 -6.65172 -0.36232 0.569166 -0.36232 -0.569166 
1 1 0 6.44278 0.1 2.94008 -0.783345 -6.65381 -0.783345 -6.65381 -0.361919 0.569286 -0.361919 -0.569286 
1 1 0 6.4456 0.1 2.941 -0.78352 -6.65612 -0.78352 -6.65612 -0.36147 0.569423 -0.36147 -0.569423 
1 1 0 6.4487 0.1 2.94204 -0.783713 -6.65865 -0.783713 -6.65865 -0.360965 0.56958 -0.360965 -0.56958 
1 1 0 6.45212 0.1 2.94322 -0.783924 -6.66144 -0.783924 -6.66144 -0.360397 0.569759 -0.360397 -0.569759 
1 1 0 6.45587 0.1 2.94455 -0.784157 -6.66451 -0.784157 -6.66451 -0.359757 0.569966 -0.359757 -0.569966 
1 1 0 6.45974 0.1 2.94597 -0.784397 -6.66766 -0.784397 -6.66766 -0.359081 0.570189 -0.359081 -0.570189 
1 1 0 6.46361 0.1 2.94742 -0.784636 -6.67082 -0.784636 -6.67082 -0.358387 0.570422 -0.358387 -0.570422 
1 1 0 6.46748 0.1 2.94893 -0.784876 -6.67398 -0.784876 -6.67398 -0.357677 0.570665 -0.357677 -0.570665 
1 1 0 6.47136 0.1 2.95047 -0.785115 -6.67713 -0.785115 -6.67713 -0.356949 0.570918 -0.356949 -0.570918 
1 1 0 6.47523 0.1 2.95206 -0.785354 -6.68028 -0.785354 -6.68028 -0.356204 0.57118 -0.356204 -0.57118 
1 1 0 6.4791 0.1 2.95369 -0.785593 -6.68344 -0.785593 -6.68344 -0.355441 0.571452 -0.355441 -0.571452 
1 1 0 6.48298 0.1 2.95536 -0.785831 -6.68659 -0.785831 -6.68659 -0.354662 0.571734 -0.354662 -0.571734 
1 1 0 6.48685 0.1 2.95708 -0.78607 -6.68974 -0.78607 -6.68974 -0.353865 0.572025 -0.353865 -0.572025 
1 1 0 6.49073 0.1 2.95884 -0.786308 -6.69289 -0.786308 -6.69289 -0.35305 0.572326 -0.35305 -0.572326 
1 1 0 6.4946 0.1 2.96065 -0.786547 -6.69604 -0.786547 -6.69604 -0.352218 0.572636 -0.352218 -0.572636 
1 1 0 6.49848 0.1 2.9625 -0.786785 -6.69919 -0.786785 -6.69919 -0.351369 0.572955 -0.351369 -0.572955 
1 1 0 6.50236 0.1 2.96439 -0.787023 -6.70234 -0.787023 -6.70234 -0.350502 0.573284 -0.350502 -0.573284 
1 1 0 6.50624 0.1 2.96633 -0.787261 -6.70548 -0.787261 -6.70548 -0.349618 0.573622 -0.349618 -0.573622 
1 1 0 6.51011 0.1 2.96832 -0.787498 -6.70863 -0.787498 -6.70863 -0.348716 0.57397 -0.348716 -0.57397 
1 1 0 6.51399 0.1 2.97034 -0.787736 -6.71177 -0.787736 -6.71177 -0.347797 0.574326 -0.347797 -0.574326 
1 1 0 6.51787 0.1 2.97242 -0.787973 -6.71492 -0.787973 -6.71492 -0.346861 0.574691 -0.346861 -0.574691 
1 1 0 6.52176 0.1 2.97454 -0.78821 -6.71806 -0.78821 -6.71806 -0.345906 0.575065 -0.345906 -0.575065 
1 1 0 6.52564 0.1 2.9767 -0.788448 -6.7212 -0.788448 -6.7212 -0.344934 0.575447 -0.344934 -0.575447 
1 1 0 6.52952 0.1 2.97891 -0.788685 -6.72435 -0.788685 -6.72435 -0.343945 0.575839 -0.343945 -0.575839 
1 1 0 6.5334 0.1 2.98116 -0.788921 -6.72749 -0.788921 -6.72749 -0.342937 0.576239 -0.342937 -0.576239 
1 1 0 6.53729 0.1 2.98347 -0.789158 -6.73063 -0.789158 -6.73063 -0.341912 0.576647 -0.341912 -0.576647 
1 1 0 6.54117 0.1 2.98581 -0.789395 -6.73377 -0.789395 -6.73377 -0.340869 0.577064 -0.340869 -0.577064 
1 1 0 6.54506 0.1 2.98821 -0.789631 -6.7369 -0.789631 -6.7369 -0.339809 0.57749 -0.339809 -0.57749 
1 1 0 6.54894 0.1 2.99065 -0.789867 -6.74004 -0.789867 -6.74004 -0.33873 0.577923 -0.33873 -0.577923 
1 1 0 6.55283 0.1 2.99313 -0.790103 -6.74318 -0.790103 -6.74318 -0.337634 0.578365 -0.337634 -0.578365 
1 1 0 6.55672 0.1 2.99567 -0.790339 -6.74631 -0.790339 -6.74631 -0.33652 0.578814 -0.33652 -0.578814 
1 1 0 6.56061 0.1 2.99825 -0.790575 -6.74945 -0.790575 -6.74945 -0.335388 0.579272 -0.335388 -0.579272 
1 1 0 6.5645 0.1 3.00088 -0.790811 -6.75258 -0.790811 -6.75258 -0.334237 0.579737 -0.334237 -0.579737 
1 1 0 6.56839 0.1 3.00356 -0.791046 -6.75571 -0.791046 -6.75571 -0.333069 0.580211 -0.333069 -0.580211 
1 1 0 6.57228 0.1 3.00628 -0.791281 -6.75884 -0.791281 -6.75884 -0.331883 0.580691 -0.331883 -0.580691 
1 1 0 6.57617 0.1 3.00905 -0.791517 -6.76197 -0.791517 -6.76197 -0.330679 0.58118 -0.330679 -0.58118 
1 1 0 6.58006 0.1 3.01188 -0.791752 -6.7651 -0.791752 -6.7651 -0.329456 0.581675 -0.329456 -0.581675 
1 1 0 6.58395 0.1 3.01475 -0.791987 -6.76823 -0.791987 -6.76823 -0.328215 0.582179 -0.328215 -0.582179 
1 1 0 6.58785 0.1 3.01767 -0.792221 -6.77136 -0.792221 -6.77136 -0.326956 0.582689 -0.326956 -0.582689 
1 1 0 6.59174 0.1 3.02064 -0.792456 -6.77449 -0.792456 -6.77449 -0.325679 0.583206 -0.325679 -0.583206 
1 1 0 6.59564 0.1 3.02365 -0.79269 -6.77761 -0.79269 -6.77761 -0.324383 0.583731 -0.324383 -0.583731 
1 1 0 6.59953 0.1 3.02672 -0.792925 -6.78074 -0.792925 -6.78074 -0.323069 0.584262 -0.323069 -0.584262 
1 1 0 6.60343 0.1 3.02984 -0.793159 -6.78386 -0.793159 -6.78386 -0.321737 0.5848 -0.321737 -0.5848 
1 1 0 6.60733 0.1 3.03301 -0.793393 -6.78699 -0.793393 -6.78699 -0.320386 0.585344 -0.320386 -0.585344 
1 1 0 6.61123 0.1 3.03623 -0.793627 -6.79011 -0.793627 -6.79011 -0.319016 0.585895 -0.319016 -0.585895 
1 1 0 6.61512 0.1 3.0395 -0.793861 -6.79323 -0.793861 -6.79323 -0.317628 0.586453 -0.317628 -0.586453 
1 1 0 6.61902 0.1 3.04283 -0.794094 -6.79635 -0.794094 -6.79635 -0.316221 0.587017 -0.316221 -0.587017 
1 1 0 6.62293 0.1 3.0462 -0.794328 -6.79947 -0.794328 -6.79947 -0.314796 0.587587 -0.314796 -0.587587 
1 1 0 6.62683 0.1 3.04963 -0.794561 -6.80259 -0.794561 -6.80259 -0.313351 0.588163 -0.313351 -0.588163 
1 1 0 6.63073 0.1 3.05311 -0.794794 -6.8057 -0.794794 -6.8057 -0.311888 0.588744 -0.311888 -0.588744 
1 1 0 6.63463 0.1 3.05664 -0.795027 -6.80882 -0.795027 -6.80882 -0.310407 0.589332 -0.310407 -0.589332 
1 1 0 6.63854 0.1 3.06023 -0.79526 -6.81194 -0.79526 -6.81194 -0.308906 0.589925 -0.308906 -0.589925 
1 1 0 6.64244 0.1 3.06387 -0.795493 -6.81505 -0.795493 -6.81505 -0.307386 0.590524 -0.307386 -0.590524 
1 1 0 6.64635 0.1 3.06757 -0.795725 -6.81816 -0.795725 -6.81816 -0.305847 0.591128 -0.305847 -0.591128 
1 1 0 6.65025 0.1 3.07132 -0.795958 -6.82128 -0.795958 -6.82128 -0.304289 0.591737 -0.304289 -0.591737 
1 1 0 6.65416 0.1 3.07512 -0.79619 -6.82439 -0.79619 -6.82439 -0.302712 0.592351 -0.302712 -0.592351 
1 1 0 6.65807 0.1 3.07898 -0.796422 -6.8275 -0.796422 -6.8275 -0.301116 0.592971 -0.301116 -0.592971 
1 1 0 6.66198 0.1 3.0829 -0.796654 -6.83061 -0.796654 -6.83061 -0.2995 0.593595 -0.2995 -0.593595 
1 1 0 6.66589 0.1 3.08687 -0.796886 -6.83371 -0.796886 -6.83371 -0.297865 0.594224 -0.297865 -0.594224 
1 1 0 6.6698 0.1 3.0909 -0.797118 -6.83682 -0.797118 -6.83682 -0.29621 0.594858 -0.29621 -0.594858 
1 1 0 6.67371 0.1 3.09498 -0.797349 -6.83993 -0.797349 -6.83993 -0.294536 0.595495 -0.294536 -0.595495 
1 1 0 6.67762 0.1 3.09912 -0.797581 -6.84303 -0.797581 -6.84303 -0.292843 0.596138 -0.292843 -0.596138 
1 1 0 6.68154 0.1 3.10333 -0.797812 -6.84613 -0.797812 -6.84613 -0.29113 0.596784 -0.29113 -0.596784 
1 1 0 6.68545 0.1 3.10759 -0.798043 -6.84924 -0.798043 -6.84924 -0.289397 0.597434 -0.289397 -0.597434 
1 1 0 6.68937 0.1 3.11191 -0.798274 -6.85234 -0.798274 -6.85234 -0.287644 0.598088 -0.287644 -0.598088 
1 1 0 6.69328 0.1 3.11629 -0.798505 -6.85544 -0.798505 -6.85544 -0.285871 0.598746 -0.285871 -0.598746 
1 1 0 6.6972 0.1 3.12072 -0.798736 -6.85854 -0.798736 -6.85854 -0.284079 0.599407 -0.284079 -0.599407 
1 1 0 6.70112 0.1 3.12522 -0.798966 -6.86164 -0.798966 -6.86164 -0.282266 0.600072 -0.282266 -0.600072 
1 1 0 6.70503 0.1 3.12979 -0.799197 -6.86473 -0.799197 -6.86473 -0.280433 0.600739 -0.280433 -0.600739 
1 1 0 6.70895 0.1 3.13441 -0.799427 -6.86783 -0.799427 -6.86783 -0.278581 0.601411 -0.278581 -0.601411 
1 1 0 6.71287 0.1 3.1391 -0.799657 -6.87092 -0.799657 -6.87092 -0.276707 0.602084 -0.276707 -0.602084 
1 1 0 6.7168 0.1 3.14385 -0.799887 -6.87402 -0.799887 -6.87402 -0.274814 0.602761 -0.274814 -0.602761 
1 1 0 6.72072 0.1 3.14866 -0.800117 -6.87711 -0.800117 -6.87711 -0.2729 0.60344 -0.2729 -0.60344 
1 1 0 6.72464 0.1 3.15354 -0.800347 -6.8802 -0.800347 -6.8802 -0.270965 0.604122 -0.270965 -0.604122 
1 1 0 6.72857 0.1 3.15848 -0.800576 -6.88329 -0.800576 -6.88329 -0.26901 0.604805 -0.26901 -0.604805 
1 1 0 6.73249 0.1 3.16349 -0.800806 -6.88638 -0.800806 -6.88638 -0.267034 0.605491 -0.267034 -0.605491 
1 1 0 6.73642 0.1 3.16856 -0.801035 -6.88947 -0.801035 -6.88947 -0.265037 0.606179 -0.265037 -0.606179 
1 1 0 6.74034 0.1 3.1737 -0.801264 -6.89255 -0.801264 -6.89255 -0.26302 0.606869 -0.26302 -0.606869 
1 1 0 6.74427 0.1 3.17891 -0.801493 -6.89564 -0.801493 -6.89564 -0.260981 0.60756 -0.260981 -0.60756 
1 1 0 6.7482 0.1 3.18419 -0.801722 -6.89872 -0.801722 -6.89872 -0.258921 0.608252 -0.258921 -0.608252 
1 1 0 6.75213 0.1 3.18954 -0.80195 -6.90181 -0.80195 -6.90181 -0.25684 0.608946 -0.25684 -0.608946 
1 1 0 6.75606 0.1 3.19496 -0.802179 -6.90489 -0.802179 -6.90489 -0.254738 0.609641 -0.254738 -0.609641 
1 1 0 6.75999 0.1 3.20045 -0.802407 -6.90797 -0.802407 -6.90797 -0.252614 0.610336 -0.252614 -0.610336 
1 1 0 6.76393 0.1 3.20601 -0.802636 -6.91105 -0.802636 -6.91105 -0.250468 0.611033 -0.250468 -0.611033 
1 1 0 6.76786 0.1 3.21164 -0.802864 -6.91412 -0.802864 -6.91412 -0.248301 0.61173 -0.248301 -0.61173 
1 1 0 6.77179 0.1 3.21735 -0.803092 -6.9172 -0.803092 -6.9172 -0.246113 0.612427 -0.246113 -0.612427 
1 1 0 6.77573 0.1 3.22313 -0.80332 -6.92028 -0.80332 -6.92028 -0.243902 0.613124 -0.243902 -0.613124 
1 1 0 6.77967 0.1 3.22898 -0.803547 -6.92335 -0.803547 -6.92335 -0.241669 0.613821 -0.241669 -0.613821 
1 1 0 6.78361 0.1 3.23492 -0.803775 -6.92642 -0.803775 -6.92642 -0.239414 0.614518 -0.239414 -0.614518 
1 1 0 6.78754 0.1 3.24093 -0.804002 -6.92949 -0.804002 -6.92949 -0.237137 0.615215 -0.237137 -0.615215 
1 1 0 6.79148 0.1 3.24701 -0.80423 -6.93256 -0.80423 -6.93256 -0.234838 0.615911 -0.234838 -0.615911 
1 1 0 6.79543 0.1 3.25318 -0.804457 -6.93563 -0.804457 -6.93563 -0.232516 0.616606 -0.232516 -0.616606 
1 1 0 6.79937 0.1 3.25943 -0.804684 -6.9387 -0.804684 -6.9387 -0.230171 0.6173 -0.230171 -0.6173 
1 1 0 6.80331 0.1 3.26575 -0.804911 -6.94176 -0.804911 -6.94176 -0.227804 0.617992 -0.227804 -0.617992 
1 1 0 6.80726 0.1 3.27217 -0.805137 -6.94483 -0.805137 -6.94483 -0.225414 0.618684 -0.225414 -0.618684 
1 1 0 6.8112 0.1 3.27866 -0.805364 -6.94789 -0.805364 -6.94789 -0.223 0.619373 -0.223 -0.619373 
1 1 0 6.81515 0.1 3.28524 -0.80559 -6.95095 -0.80559 -6.95095 -0.220564 0.620061 -0.220564 -0.620061 
1 1 0 6.8191 0.1 3.2919 -0.805817 -6.95401 -0.805817 -6.95401 -0.218104 0.620746 -0.218104 -0.620746 
1 1 0 6.82304 0.1 3.29865 -0.806043 -6.95707 -0.806043 -6.95707 -0.215621 0.62143 -0.215621 -0.62143 
1 1 0 6.82699 0.1 3.30549 -0.806269 -6.96013 -0.806269 -6.96013 -0.213114 0.62211 -0.213114 -0.62211 
1 1 0 6.83095 0.1 3.31242 -0.806495 -6.96319 -0.806495 -6.96319 -0.210583 0.622788 -0.210583 -0.622788 
1 1 0 6.8349 0.1 3.31944 -0.80672 -6.96624 -0.80672 -6.96624 -0.208028 0.623463 -0.208028 -0.623463 
1 1 0 6.83885 0.1 3.32655 -0.806946 -6.96929 -0.806946 -6.96929 -0.205449 0.624135 -0.205449 -0.624135 
1 1 0 6.84281 0.1 3.33375 -0.807171 -6.97234 -0.807171 -6.97234 -0.202846 0.624803 -0.202846 -0.624803 
1 1 0 6.84676 0.1 3.34105 -0.807397 -6.97539 -0.807397 -6.97539 -0.200219 0.625468 -0.200219 -0.625468 
1 1 0 6.85072 0.1 3.34845 -0.807622 -6.97844 -0.807622 -6.97844 -0.197566 0.626128 -0.197566 -0.626128 
1 1 0 6.85468 0.1 3.35595 -0.807847 -6.98149 -0.807847 -6.98149 -0.194889 0.626785 -0.194889 -0.626785 
1 1 0 6.85864 0.1 3.36354 -0.808072 -6.98453 -0.808072 -6.98453 -0.192188 0.627437 -0.192188 -0.627437 
1 1 0 6.8626 0.1 3.37123 -0.808296 -6.98758 -0.808296 -6.98758 -0.18946 0.628084 -0.18946 -0.628084 
1 1 0 6.86656 0.1 3.37903 -0.808521 -6.99062 -0.808521 -6.99062 -0.186708 0.628726 -0.186708 -0.628726 
1 1 0 6.87052 0.1 3.38693 -0.808745 -6.99366 -0.808745 -6.99366 -0.18393 0.629363 -0.18393 -0.629363 
1 1 0 6.87449 0.1 3.39494 -0.80897 -6.9967 -0.80897 -6.9967 -0.181126 0.629995 -0.181126 -0.629995 
1 1 0 6.87845 0.1 3.40306 -0.809194 -6.99973 -0.809194 -6.99973 -0.178296 0.630621 -0.178296 -0.630621 
1 1 0 6.88242 0.1 3.41128 -0.809418 -7.00277 -0.809418 -7.00277 -0.17544 0.631241 -0.17544 -0.631241 
1 1 0 6.88639 0.1 3.41962 -0.809642 -7.0058 -0.809642 -7.0058 -0.172558 0.631854 -0.172558 -0.631854 
1 1 0 6.89036 0.1 3.42807 -0.809865 -7.00883 -0.809865 -7.00883 -0.169649 0.632461 -0.169649 -0.632461 
1 1 0 6.89433 0.1 3.43664 -0.810089 -7.01186 -0.810089 -7.01186 -0.166713 0.633061 -0.166713 -0.633061 
1 1 0 6.8983 0.1 3.44532 -0.810313 -7.01489 -0.810313 -7.01489 -0.163751 0.633654 -0.163751 -0.633654 
1 1 0 6.90228 0.1 3.45412 -0.810536 -7.01792 -0.810536 -7.01792 -0.160761 0.63424 -0.160761 -0.63424 
1 1 0 6.90625 0.1 3.46305 -0.810759 -7.02094 -0.810759 -7.02094 -0.157743 0.634818 -0.157743 -0.634818 
1 1 0 6.91023 0.1 3.4721 -0.810982 -7.02397 -0.810982 -7.02397 -0.154698 0.635387 -0.154698 -0.635387 
1 1 0 6.91421 0.1 3.48128 -0.811205 -7.02699 -0.811205 -7.02699 -0.151625 0.635948 -0.151625 -0.635948 
1 1 0 6.91818 0.1 3.49059 -0.811428 -7.03 -0.811428 -7.03 -0.148523 0.636501 -0.148523 -0.636501 
1 1 0 6.92217 0.1 3.50002 -0.81165 -7.03302 -0.81165 -7.03302 -0.145393 0.637044 -0.145393 -0.637044 
1 1 0 6.92615 0.1 3.5096 -0.811873 -7.03604 -0.811873 -7.03604 -0.142234 0.637578 -0.142234 -0.637578 
1 1 0 6.93013 0.1 3.51931 -0.812095 -7.03905 -0.812095 -7.03905 -0.139046 0.638103 -0.139046 -0.638103 
1 1 0 6.93412 0.1 3.52916 -0.812317 -7.04206 -0.812317 -7.04206 -0.135828 0.638617 -0.135828 -0.638617 
1 1 0 6.9381 0.1 3.53915 -0.812539 -7.04507 -0.812539 -7.04507 -0.132581 0.639121 -0.132581 -0.639121 
1 1 0 6.94209 0.1 3.54929 -0.812761 -7.04808 -0.812761 -7.04808 -0.129304 0.639613 -0.129304 -0.639613 
1 1 0 6.94608 0.1 3.55957 -0.812983 -7.05108 -0.812983 -7.05108 -0.125997 0.640095 -0.125997 -0.640095 
1 1 0 6.95007 0.1 3.57001 -0.813205 -7.05409 -0.813205 -7.05409 -0.122659 0.640566 -0.122659 -0.640566 
1 1 0 6.95407 0.1 3.5806 -0.813426 -7.05709 -0.813426 -7.05709 -0.11929 0.641024 -0.11929 -0.641024 
1 1 0 6.95806 0.1 3.59135 -0.813647 -7.06009 -0.813647 -7.06009 -0.11589 0.64147 -0.11589 -0.64147 
1 1 0 6.96206 0.1 3.60227 -0.813869 -7.06308 -0.813869 -7.06308 -0.112458 0.641903 -0.112458 -0.641903 
1 1 0 6.96606 0.1 3.61334 -0.81409 -7.06608 -0.81409 -7.06608 -0.108995 0.642322 -0.108995 -0.642322 
1 1 0 6.97006 0.1 3.62459 -0.81431 -7.06907 -0.81431 -7.06907 -0.105499 0.642729 -0.105499 -0.642729 
1 1 0 6.97406 0.1 3.63601 -0.814531 -7.07206 -0.814531 -7.07206 -0.10197 0.643121 -0.10197 -0.643121 
1 1 0 6.97806 0.1 3.64761 -0.814752 -7.07504 -0.814752 -7.07504 -0.0984082 0.643498 -0.0984082 -0.643498 
1 1 0 6.98207 0.1 3.65939 -0.814972 -7.07803 -0.814972 -7.07803 -0.094813 0.643861 -0.094813 -0.643861 
1 1 0 6.98607 0.1 3.67136 -0.815193 -7.08101 -0.815193 -7.08101 -0.091184 0.644208 -0.091184 -0.644208 
1 1 0 6.99008 0.1 3.68351 -0.815413 -7.08399 -0.815413 -7.08399 -0.0875206 0.644539 -0.0875206 -0.644539 
1 1 0 6.99409 0.1 3.69586 -0.815633 -7.08697 -0.815633 -7.08697 -0.0838224 0.644854 -0.0838224 -0.644854 
1 1 0 6.99811 0.1 3.70842 -0.815853 -7.08995 -0.815853 -7.08995 -0.0800892 0.645152 -0.0800892 -0.645152 
1 1 0 7.00212 0.1 3.72117 -0.816073 -7.09292 -0.816073 -7.09292 -0.0763205 0.645432 -0.0763205 -0.645432 
1 1 0 7.00614 0.1 3.73414 -0.816292 -7.09589 -0.816292 -7.09589 -0.0725155 0.645694 -0.0725155 -0.645694 
1 1 0 7.01015 0.1 3.74732 -0.816512 -7.09886 -0.816512 -7.09886 -0.068674 0.645937 -0.068674 -0.645937 
1 1 0 7.01418 0.1 3.76072 -0.816731 -7.10182 -0.816731 -7.10182 -0.0647954 0.646162 -0.0647954 -0.646162 
1 1 0 7.0182 0.1 3.77435 -0.81695 -7.10478 -0.81695 -7.10478 -0.0608792 0.646366 -0.0608792 -0.646366 
1 1 0 7.02222 0.1 3.78821 -0.817169 -7.10774 -0.817169 -7.10774 -0.056925 0.64655 -0.056925 -0.64655 
1 1 0 7.02625 0.1 3.80232 -0.817388 -7.1107 -0.817388 -7.1107 -0.052932 0.646713 -0.052932 -0.646713 
1 1 0 7.03028 0.1 3.81667 -0.817607 -7.11365 -0.817607 -7.11365 -0.0488998 0.646854 -0.0488998 -0.646854 
1 1 0 7.03431 0.1 3.83127 -0.817826 -7.1166 -0.817826 -7.1166 -0.0448277 0.646973 -0.0448277 -0.646973 
1 1 0 7.03834 0.1 3.84614 -0.818044 -7.11955 -0.818044 -7.11955 -0.0407152 0.647069 -0.0407152 -0.647069 
1 1 0 7.04238 0.1 3.86127 -0.818262 -7.12249 -0.818262 -7.12249 -0.0365617 0.647141 -0.0365617 -0.647141 
1 1 0 7.04641 0.1 3.87668 -0.818481 -7.12544 -0.818481 -7.12544 -0.0323664 0.647188 -0.0323664 -0.647188 
1 1 0 7.05045 0.1 3.89237 -0.818699 -7.12837 -0.818699 -7.12837 -0.0281289 0.647209 -0.0281289 -0.647209 
1 1 0 7.05449 0.1 3.90836 -0.818917 -7.13131 -0.818917 -7.13131 -0.0238482 0.647205 -0.0238482 -0.647205 
1 1 0 7.05854 0.1 3.92465 -0.819134 -7.13424 -0.819134 -7.13424 -0.0195236 0.647174 -0.0195236 -0.647174 
1 1 0 7.06259 0.1 3.94125 -0.819352 -7.13717 -0.819352 -7.13717 -0.0151546 0.647115 -0.0151546 -0.647115 
1 1 0 7.06663 0.1 3.95818 -0.81957 -7.14009 -0.81957 -7.14009 -0.0107403 0.647026 -0.0107403 -0.647026 
1 1 0 7.07069 0.1 3.97543 -0.819787 -7.14302 -0.819787 -7.14302 -0.00627986 0.646909 -0.00627986 -0.646909 
1 1 0 7.07474 0.1 3.99303 -0.820004 -7.14593 -0.820004 -7.14593 -0.00177238 0.64676 -0.00177238 -0.64676 
1 1 0 7.0788 0.1 4.01099 -0.820221 -7.14885 -0.820221 -7.14885 0.00278278 0.64658 0.00278278 -0.64658 
1 1 0 7.08286 0.1 4.02931 -0.820438 -7.15176 -0.820438 -7.15176 0.00738668 0.646367 0.00738668 -0.646367 
1 1 0 7.08692 0.1 4.04802 -0.820655 -7.15467 -0.820655 -7.15467 0.0120403 0.646121 0.0120403 -0.646121 
1 1 0 7.09099 0.1 4.06711 -0.820871 -7.15757 -0.820871 -7.15757 0.0167445 0.645839 0.0167445 -0.645839 
1 1 0 7.09505 0.1 4.08662 -0.821088 -7.16047 -0.821088 -7.16047 0.0215003 0.645521 0.0215003 -0.645521 
1 1 0 7.09912 0.1 4.10655 -0.821304 -7.16336 -0.821304 -7.16336 0.0263089 0.645166 0.0263089 -0.645166 
1 1 0 7.1032 0.1 4.12692 -0.82152 -7.16625 -0.82152 -7.16625 0.0311711 0.644772 0.0311711 -0.644772 
1 1 0 7.10728 0.1 4.14774 -0.821736 -7.16914 -0.821736 -7.16914 0.0360882 0.644338 0.0360882 -0.644338 
1 1 0 7.11136 0.1 4.16903 -0.821952 -7.17202 -0.821952 -7.17202 0.0410616 0.643863 0.0410616 -0.643863 
1 1 0 7.11544 0.1 4.19082 -0.822168 -7.1749 -0.822168 -7.1749 0.0460922 0.643344 0.0460922 -0.643344 
1 1 0 7.11953 0.1 4.21312 -0.822383 -7.17777 -0.822383 -7.17777 0.0511816 0.642781 0.0511816 -0.642781 
1 1 0 7.12362 0.1 4.23595 -0.822599 -7.18064 -0.822599 -7.18064 0.0563307 0.642172 0.0563307 -0.642172 
1 1 0 7.12771 0.1 4.25933 -0.822814 -7.1835 -0.822814 -7.1835 0.0615414 0.641515 0.0615414 -0.641515 
1 1 0 7.13181 0.1 4.28329 -0.823029 -7.18636 -0.823029 -7.18636 0.0668152 0.640809 0.0668152 -0.640809 
1 1 0 7.13591 0.1 4.30786 -0.823244 -7.18921 -0.823244 -7.18921 0.0721534 0.640051 0.0721534 -0.640051 
1 1 0 7.14001 0.1 4.33306 -0.823459 -7.19206 -0.823459 -7.19206 0.0775578 0.639239 0.0775578 -0.639239 
1 1 0 7.14412 0.1 4.35891 -0.823674 -7.1949 -0.823674 -7.1949 0.08303 0.638372 0.08303 -0.638372 
1 1 0 7.14823 0.1 4.38546 -0.823888 -7.19774 -0.823888 -7.19774 0.0885717 0.637446 0.0885717 -0.637446 
1 1 0 7.15235 0.1 4.41272 -0.824103 -7.20057 -0.824103 -7.20057 0.094185 0.636461 0.094185 -0.636461 
1 1 0 7.15647 0.1 4.44074 -0.824317 -7.20339 -0.824317 -7.20339 0.0998721 0.635412 0.0998721 -0.635412 
1 1 0 7.16059 0.1 4.46956 -0.824531 -7.20621 -0.824531 -7.20621 0.105635 0.634299 0.105635 -0.634299 
1 1 0 7.16472 0.1 4.49921 -0.824745 -7.20902 -0.824745 -7.20902 0.111475 0.633117 0.111475 -0.633117 
1 1 0 7.16886 0.1 4.52974 -0.824958 -7.21183 -0.824958 -7.21183 0.117396 0.631864 0.117396 -0.631864 
1 1 0 7.17299 0.1 4.56119 -0.825172 -7.21463 -0.825172 -7.21463 0.1234 0.630536 0.1234 -0.630536 
1 1 0 7.17714 0.1 4.59361 -0.825385 -7.21742 -0.825385 -7.21742 0.129489 0.629131 0.129489 -0.629131 
1 1 0 7.18128 0.1 4.62707 -0.825598 -7.2202 -0.825598 -7.2202 0.135666 0.627644 0.135666 -0.627644 
1 1 0 7.18544 0.1 4.66161 -0.825812 -7.22298 -0.825812 -7.22298 0.141935 0.626072 0.141935 -0.626072 
1 1 0 7.18959 0.1 4.6973 -0.826024 -7.22575 -0.826024 -7.22575 0.148298 0.624411 0.148298 -0.624411 
1 1 0 7.19376 0.1 4.73421 -0.826237 -7.22851 -0.826237 -7.22851 0.154758 0.622656 0.154758 -0.622656 
1 1 0 7.19793 0.1 4.77242 -0.82645 -7.23126 -0.82645 -7.23126 0.161321 0.620802 0.161321 -0.620802 
1 1 0 7.2021 0.1 4.81201 -0.826662 -7.234 -0.826662 -7.234 0.167988 0.618844 0.167988 -0.618844 
1 1 0 7.20628 0.1 4.85307 -0.826874 -7.23674 -0.826874 -7.23674 0.174765 0.616777 0.174765 -0.616777 
1 1 0 7.21047 0.1 4.8957 -0.827086 -7.23946 -0.827086 -7.23946 0.181655 0.614594 0.181655 -0.614594 
1 1 0 7.21467 0.1 4.94001 -0.827298 -7.24217 -0.827298 -7.24217 0.188665 0.612289 0.188665 -0.612289 
1 1 0 7.21887 0.1 4.98612 -0.82751 -7.24488 -0.82751 -7.24488 0.195797 0.609856 0.195797 -0.609856 
1 1 0 7.22307 0.1 5.03416 -0.827721 -7.24757 -0.827721 -7.24757 0.20306 0.607285 0.20306 -0.607285 
1 1 0 7.22729 0.1 5.08429 -0.827933 -7.25025 -0.827933 -7.25025 0.210457 0.604569 0.210457 -0.604569 
1 1 0 7.23151 0.1 5.13666 -0.828144 -7.25292 -0.828144 -7.25292 0.217997 0.601698 0.217997 -0.601698 
1 1 0 7.23575 0.1 5.19148 -0.828355 -7.25557 -0.828355 -7.25557 0.225685 0.598662 0.225685 -0.598662 
1 1 0 7.23999 0.1 5.24894 -0.828565 -7.25821 -0.828565 -7.25821 0.23353 0.595449 0.23353 -0.595449 
1 1 0 7.24424 0.1 5.30928 -0.828776 -7.26084 -0.828776 -7.26084 0.24154 0.592047 0.24154 -0.592047 
1 1 0 7.24849 0.1 5.37278 -0.828986 -7.26345 -0.828986 -7.26345 0.249725 0.588443 0.249725 -0.588443 
1 1 0 7.25276 0.1 5.43973 -0.829196 -7.26605 -0.829196 -7.26605 0.258095 0.58462 0.258095 -0.58462 
1 1 0 7.25704 0.1 5.51049 -0.829406 -7.26862 -0.829406 -7.26862 0.266661 0.58056 0.266661 -0.58056 
1 1 0 7.26133 0.1 5.58547 -0.829615 -7.27118 -0.829615 -7.27118 0.275436 0.576245 0.275436 -0.576245 
1 1 0 7.26564 0.1 5.66513 -0.829825 -7.27372 -0.829825 -7.27372 0.284434 0.571651 0.284434 -0.571651 
1 1 0 7.26995 0.1 5.75003 -0.830034 -7.27624 -0.830034 -7.27624 0.293671 0.566752 0.293671 -0.566752 
1 1 0 7.27428 0.1 5.84081 -0.830242 -7.27873 -0.830242 -7.27873 0.303166 0.56152 0.303166 -0.56152 
1 1 0 7.27862 0.1 5.93824 -0.830451 -7.2812 -0.830451 -7.2812 0.312938 0.55592 0.312938 -0.55592 
1 1 0 7.28298 0.1 6.04325 -0.830659 -7.28364 -0.830659 -7.28364 0.323011 0.549912 0.323011 -0.549912 
1 1 0 7.28736 0.1 6.15696 -0.830867 -7.28605 -0.830867 -7.28605 0.333411 0.543449 0.333411 -0.543449 
1 1 0 7.29175 0.1 6.28073 -0.831074 -7.28843 -0.831074 -7.28843 0.344172 0.536476 0.344172 -0.536476 
1 1 0 7.29617 0.1 6.41629 -0.831281 -7.29077 -0.831281 -7.29077 0.355328 0.528926 0.355328 -0.528926 
1 1 0 7.3006 0.1 6.5658 -0.831487 -7.29306 -0.831487 -7.29306 0.366923 0.520718 0.366923 -0.520718 
1 1 0 7.30506 0.1 6.73203 -0.831693 -7.29532 -0.831693 -7.29532 0.379011 0.51175 0.379011 -0.51175 
1 1 0 7.30955 0.1 6.91863 -0.831898 -7.29751 -0.831898 -7.29751 0.391654 0.501898 0.391654 -0.501898 
1 1 0 7.31406 0.1 7.1305 -0.832103 -7.29965 -0.832103 -7.29965 0.404932 0.491 0.404932 -0.491 
1 1 0 7.31861 0.1 7.37445 -0.832307 -7.30171 -0.832307 -7.30171 0.418943 0.478844 0.418943 -0.478844 
1 1 0 7.3232 0.1 7.66021 -0.83251 -7.30369 -0.83251 -7.30369 0.433816 0.465147 0.433816 -0.465147 
1 1 0 7.32783 0.1 8.00237 -0.832711 -7.30557 -0.832711 -7.30557 0.449721 0.449511 0.449721 -0.449511 
1 1 0 7.33251 0.1 8.42402 -0.832911 -7.30731 -0.832911 -7.30731 0.46689 0.431361 0.46689 -0.431361 
1 1 0 7.33725 0.1 8.96445 -0.833108 -7.30889 -0.833108 -7.30889 0.485655 0.40981 0.485655 -0.40981 
1 1 0 7.34206 0.1 9.69764 -0.833301 -7.31024 -0.833301 -7.31024 0.50652 0.38339 0.50652 -0.38339 
1 1 0 7.34696 0.1 10.7848 -0.833489 -7.31125 -0.833489 -7.31125 0.530292 0.349401 0.530292 -0.349401 
1 1 0 7.35193 0.1 12.6723 -0.833667 -7.31175 -0.833667 -7.31175 0.558398 0.30203 0.558398 -0.30203 
1 1 0 7.3569 0.1 17.3557 -0.83382 -7.31127 -0.83382 -7.31127 0.593509 0.224771 0.593509 -0.224771 
1 1 0 7.36129 0.1 17.3557 -0.833906 -7.30887 -0.833906 -7.30887 0.563926 0 0.713848 0 
1 1 0 7.36336 0.1 17.3557 -0.833862 -7.30432 -0.833862 -7.30432 0.426289 0 0.94412 0 
2 1 0 7.36351 0.1 17.3557 -0.833815 -7.30225 -0.833815 -7.30225 0.402469 0 1 0 
2 1 0 7.36291 0.1 17.3557 -0.833672 -7.29729 -0.833672 -7.29729 0.365342 0 1.10177 0 
2 1 0 7.36152 0.1 17.3557 -0.833507 -7.29249 -0.833507 -7.29249 0.341868 0 1.17768 0 
2 1 0 7.3597 0.1 17.3557 -0.833332 -7.28784 -0.833332 -7.28784 0.324946 0 1.23936 0 
2 1 0 7.3576 0.1 17.3557 -0.83315 -7.2833 -0.83315 -7.2833 0.311809 0 1.29199 0 
2 1 0 7.3553 0.1 17.3557 -0.832964 -7.27887 -0.832964 -7.27887 0.301121 0 1.3383 0 
2 1 0 7.35285 0.1 17.3557 -0.832775 -7.27451 -0.832775 -7.27451 0.29214 0 1.37994 0 
2 1 0 7.3503 0.1 17.3557 -0.832584 -7.27022 -0.832584 -7.27022 0.284415 0 1.41795 0 
2 1 0 7.34764 0.1 17.3557 -0.832391 -7.26598 -0.832391 -7.26598 0.277651 0 1.45305 0 
2 1 0 7.34492 0.1 17.3557 -0.832197 -7.2618 -0.832197 -7.2618 0.271645 0 1.48576 0 
2 1 0 7.34213 0.1 17.3557 -0.832001 -7.25765 -0.832001 -7.25765 0.266251 0 1.51647 0 
2 1 0 7.33928 0.1 17.3557 -0.831805 -7.25355 -0.831805 -7.25355 0.261363 0 1.54546 0 
2 1 0 7.33639 0.1 17.3557 -0.831608 -7.24947 -0.831608 -7.24947 0.256899 0 1.57297 0 
2 1 0 7.33346 0.1 17.3557 -0.83141 -7.24543 -0.83141 -7.24543 0.252794 0 1.59918 0 
2 1 0 7.33048 0.1 17.3557 -0.831212 -7.24141 -0.831212 -7.24141 0.248999 0 1.62424 0 
2 1 0 7.32748 0.1 17.3557 -0.831013 -7.23742 -0.831013 -7.23742 0.245473 0 1.64827 0 
2 1 0 7.32444 0.1 17.3557 -0.830813 -7.23345 -0.830813 -7.23345 0.242182 0 1.67139 0 
2 1 0 7.32138 0.1 17.3557 -0.830614 -7.22951 -0.830614 -7.22951 0.2391 0 1.69366 0 
2 1 0 7.31829 0.1 17.3557 -0.830413 -7.22558 -0.830413 -7.22558 0.236204 0 1.71518 0 
2 1 0 7.31518 0.1 17.3557 -0.830213 -7.22167 -0.830213 -7.22167 0.233473 0 1.73601 0 
2 1 0 7.31205 0.1 17.3557 -0.830012 -7.21778 -0.830012 -7.21778 0.230891 0 1.75619 0 
2 1 0 7.3089 0.1 17.3557 -0.82981 -7.2139 -0.82981 -7.2139 0.228445 0 1.77579 0 
2 1 0 7.30573 0.1 17.3557 -0.829608 -7.21004 -0.829608 -7.21004 0.226122 0 1.79483 0 
2 1 0 7.30254 0.1 17.3557 -0.829406 -7.20619 -0.829406 -7.20619 0.22391 0 1.81337 0 
2 1 0 7.29934 0.1 17.3557 -0.829204 -7.20236 -0.829204 -7.20236 0.221801 0 1.83143 0 
2 1 0 7.29612 0.1 17.3557 -0.829002 -7.19854 -0.829002 -7.19854 0.219787 0 1.84905 0 
2 1 0 7.29289 0.1 17.3557 -0.828799 -7.19473 -0.828799 -7.19473 0.21786 0 1.86626 0 
2 1 0 7.28964 0.1 17.3557 -0.828596 -7.19093 -0.828596 -7.19093 0.216013 0 1.88307 0 
2 1 0 7.28639 0.1 17.3557 -0.828392 -7.18714 -0.828392 -7.18714 0.214241 0 1.89951 0 
2 1 0 7.28311 0.1 17.3557 -0.828189 -7.18337 -0.828189 -7.18337 0.212539 0 1.9156 0 
2 1 0 7.27983 0.1 17.3557 -0.827985 -7.1796 -0.827985 -7.1796 0.210901 0 1.93136 0 
2 1 0 7.27654 0.1 17.3557 -0.827781 -7.17584 -0.827781 -7.17584 0.209324 0 1.9468 0 
2 1 0 7.27324 0.1 17.3557 -0.827577 -7.17209 -0.827577 -7.17209 0.207804 0 1.96195 0 
2 1 0 7.26992 0.1 17.3557 -0.827373 -7.16835 -0.827373 -7.16835 0.206336 0 1.97682 0 
2 1 0 7.2666 0.1 17.3557 -0.827168 -7.16462 -0.827168 -7.16462 0.204919 0 1.99141 0 
2 1 0 7.26327 0.1 17.3557 -0.826963 -7.1609 -0.826963 -7.1609 0.203549 0 2.00574 0 
2 1 0 7.25993 0.1 17.3557 -0.826759 -7.15719 -0.826759 -7.15719 0.202224 0 2.01983 0 
2 1 0 7.25658 0.1 17.3557 -0.826553 -7.15348 -0.826553 -7.15348 0.20094 0 2.03368 0 
2 1 0 7.25322 0.1 17.3557 -0.826348 -7.14978 -0.826348 -7.14978 0.199696 0 2.04731 0 
2 1 0 7.24986 0.1 17.3557 -0.826143 -7.14609 -0.826143 -7.14609 0.19849 0 2.06071 0 
2 1 0 7.24649 0.1 17.3557 -0.825937 -7.1424 -0.825937 -7.1424 0.197319 0 2.07391 0 
2 1 0 7.24311 0.1 17.3557 -0.825731 -7.13872 -0.825731 -7.13872 0.196182 0 2.08691 0 
2 1 0 7.23972 0.1 17.3557 -0.825525 -7.13505 -0.825525 -7.13505 0.195078 0 2.09971 0 
2 1 0 7.23633 0.1 17.3557 -0.825319 -7.13138 -0.825319 -7.13138 0.194004 0 2.11233 0 
2 1 0 7.23293 0.1 17.3557 -0.825113 -7.12772 -0.825113 -7.12772 0.192959 0 2.12476 0 
2 1 0 7.22952 0.1 17.3557 -0.824906 -7.12407 -0.824906 -7.12407 0.191943 0 2.13702 0 
2 1 0 7.22611 0.1 17.3557 -0.824699 -7.12042 -0.824699 -7.12042 0.190953 0 2.14912 0 
2 1 0 7.22269 0.1 17.3557 -0.824493 -7.11677 -0.824493 -7.11677 0.189988 0 2.16105 0 
2 1 0 7.21927 0.1 17.3557 -0.824286 -7.11314 -0.824286 -7.11314 0.189048 0 2.17282 0 
2 1 0 7.21584 0.1 17.3557 -0.824078 -7.1095 -0.824078 -7.1095 0.188132 0 2.18445 0 
2 1 0 7.2124 0.1 17.3557 -0.823871 -7.10588 -0.823871 -7.10588 0.187238 0 2.19592 0 
2 1 0 7.20896 0.1 17.3557 -0.823664 -7.10226 -0.823664 -7.10226 0.186365 0 2.20725 0 
2 1 0 7.20552 0.1 17.3557 -0.823456 -7.09864 -0.823456 -7.09864 0.185513 0 2.21844 0 
2 1 0 7.20206 0.1 17.3557 -0.823248 -7.09503 -0.823248 -7.09503 0.184681 0 2.2295 0 
2 1 0 7.19861 0.1 17.3557 -0.823041 -7.09142 -0.823041 -7.09142 0.183868 0 2.24043 0 
2 1 0 7.19515 0.1 17.3557 -0.822832 -7.08782 -0.822832 -7.08782 0.183074 0 2.25123 0 
2 1 0 7.19168 0.1 17.3557 -0.822624 -7.08422 -0.822624 -7.08422 0.182297 0 2.2619 0 
2 1 0 7.18821 0.1 17.3557 -0.822416 -7.08062 -0.822416 -7.08062 0.181537 0 2.27246 0 
2 1 0 7.18474 0.1 17.3557 -0.822207 -7.07703 -0.822207 -7.07703 0.180794 0 2.28289 0 
2 1 0 7.18126 0.1 17.3557 -0.821999 -7.07345 -0.821999 -7.07345 0.180066 0 2.29321 0 
2 1 0 7.17778 0.1 17.3557 -0.82179 -7.06987 -0.82179 -7.06987 0.179354 0 2.30342 0 
2 1 0 7.17429 0.1 17.3557 -0.821581 -7.06629 -0.821581 -7.06629 0.178657 0 2.31352 0 
2 1 0 7.1708 0.1 17.3557 -0.821372 -7.06272 -0.821372 -7.06272 0.177974 0 2.32352 0 
2 1 0 7.1673 0.1 17.3557 -0.821163 -7.05915 -0.821163 -7.05915 0.177305 0 2.33341 0 
2 1 0 7.1638 0.1 17.3557 -0.820953 -7.05558 -0.820953 -7.05558 0.176649 0 2.3432 0 
2 1 0 7.1603 0.1 17.3557 -0.820744 -7.05202 -0.820744 -7.05202 0.176006 0 2.35289 0 
2 1 0 7.15679 0.1 17.3557 -0.820534 -7.04847 -0.820534 -7.04847 0.175376 0 2.36248 0 
2 1 0 7.15328 0.1 17.3557 -0.820324 -7.04491 -0.820324 -7.04491 0.174758 0 2.37198 0 
2 1 0 7.14977 0.1 17.3557 -0.820115 -7.04136 -0.820115 -7.04136 0.174152 0 2.38139 0 
2 1 0 7.14625 0.1 17.3557 -0.819904 -7.03781 -0.819904 -7.03781 0.173557 0 2.3907 0 
2 1 0 7.14273 0.1 17.3557 -0.819694 -7.03427 -0.819694 -7.03427 0.172974 0 2.39993 0 
2 1 0 7.1392 0.1 17.3557 -0.819484 -7.03073 -0.819484 -7.03073 0.172401 0 2.40906 0 
2 1 0 7.13567 0.1 17.3557 -0.819273 -7.0272 -0.819273 -7.0272 0.171839 0 2.41812 0 
2 1 0 7.13214 0.1 17.3557 -0.819063 -7.02366 -0.819063 -7.02366 0.171287 0 2.42709 0 
2 1 0 7.12861 0.1 17.3557 -0.818852 -7.02013 -0.818852 -7.02013 0.170744 0 2.43597 0 
2 1 0 7.12507 0.1 17.3557 -0.818641 -7.01661 -0.818641 -7.01661 0.170212 0 2.44478 0 
2 1 0 7.12153 0.1 17.3557 -0.81843 -7.01308 -0.81843 -7.01308 0.169689 0 2.45351 0 
2 1 0 7.11798 0.1 17.3557 -0.818219 -7.00956 -0.818219 -7.00956 0.169175 0 2.46216 0 
2 1 0 7.11443 0.1 17.3557 -0.818007 -7.00605 -0.818007 -7.00605 0.16867 0 2.47073 0 
2 1 0 7.11088 0.1 17.3557 -0.817796 -7.00253 -0.817796 -7.00253 0.168173 0 2.47923 0 
2 1 0 7.10733 0.1 17.3557 -0.817584 -6.99902 -0.817584 -6.99902 0.167685 0 2.48766 0 
2 1 0 7.10377 0.1 17.3557 -0.817373 -6.99551 -0.817373 -6.99551 0.167205 0 2.49601 0 
2 1 0 7.10021 0.1 17.3557 -0.817161 -6.99201 -0.817161 -6.99201 0.166733 0 2.50429 0 
2 1 0 7.09665 0.1 17.3557 -0.816949 -6.98851 -0.816949 -6.98851 0.166269 0 2.5125 0 
2 1 0 7.09309 0.1 17.3557 -0.816737 -6.98501 -0.816737 -6.98501 0.165813 0 2.52065 0 
2 1 0 7.08952 0.1 17.3557 -0.816524 -6.98151 -0.816524 -6.98151 0.165364 0 2.52872 0 
2 1 0 7.08595 0.1 17.3557 -0.816312 -6.97802 -0.816312 -6.97802 0.164922 0 2.53673 0 
2 1 0 7.08237 0.1 17.3557 -0.816099 -6.97453 -0.816099 -6.97453 0.164488 0 2.54467 0 
2 1 0 7.0788 0.1 17.3557 -0.815887 -6.97104 -0.815887 -6.97104 0.16406 0 2.55255 0 
2 1 0 7.07522 0.1 17.3557 -0.815674 -6.96755 -0.815674 -6.96755 0.163639 0 2.56037 0 
2 1 0 7.07164 0.1 17.3557 -0.815461 -6.96407 -0.815461 -6.96407 0.163225 0 2.56812 0 
2 1 0 7.06805 0.1 17.3557 -0.815248 -6.96059 -0.815248 -6.96059 0.162817 0 2.57581 0 
2 1 0 7.06447 0.1 17.3557 -0.815034 -6.95711 -0.815034 -6.95711 0.162416 0 2.58344 0 
2 1 0 7.06088 0.1 17.3557 -0.814821 -6.95364 -0.814821 -6.95364 0.16202 0 2.59102 0 
2 1 0 7.05729 0.1 17.3557 -0.814607 -6.95017 -0.814607 -6.95017 0.161631 0 2.59853 0 
2 1 0 7.05369 0.1 17.3557 -0.814394 -6.9467 -0.814394 -6.9467 0.161248 0 2.60598 0 
2 1 0 7.0501 0.1 17.3557 -0.81418 -6.94323 -0.81418 -6.94323 0.16087 0 2.61338 0 
2 1 0 7.0465 0.1 17.3557 -0.813966 -6.93977 -0.813966 -6.93977 0.160498 0 2.62072 0 
2 1 0 7.0429 0.1 17.3557 -0.813752 -6.9363 -0.813752 -6.9363 0.160132 0 2.628 0 
2 1 0 7.03929 0.1 17.3557 -0.813537 -6.93284 -0.813537 -6.93284 0.159771 0 2.63523 0 
2 1 0 7.03569 0.1 17.3557 -0.813323 -6.92939 -0.813323 -6.92939 0.159416 0 2.6424 0 
2 1 0 7.03208 0.1 17.3557 -0.813109 -6.92593 -0.813109 -6.92593 0.159065 0 2.64952 0 
2 1 0 7.02847 0.1 17.3557 -0.812894 -6.92248 -0.812894 -6.92248 0.15872 0 2.65658 0 
2 1 0 7.02486 0.1 17.3557 -0.812679 -6.91903 -0.812679 -6.91903 0.15838 0 2.6636 0 
2 1 0 7.02124 0.1 17.3557 -0.812464 -6.91558 -0.812464 -6.91558 0.158045 0 2.67056 0 
2 1 0 7.01763 0.1 17.3557 -0.812249 -6.91213 -0.812249 -6.91213 0.157714 0 2.67747 0 
2 1 0 7.01401 0.1 17.3557 -0.812034 -6.90869 -0.812034 -6.90869 0.157389 0 2.68433 0 
2 1 0 7.01039 0.1 17.3557 -0.811818 -6.90525 -0.811818 -6.90525 0.157068 0 2.69114 0 
2 1 0 7.00676 0.1 17.3557 -0.811603 -6.90181 -0.811603 -6.90181 0.156751 0 2.6979 0 
2 1 0 7.00314 0.1 17.3557 -0.811387 -6.89837 -0.811387 -6.89837 0.156439 0 2.70461 0 
2 1 0 6.99951 0.1 17.3557 -0.811172 -6.89494 -0.811172 -6.89494 0.156132 0 2.71127 0 
2 1 0 6.99588 0.1 17.3557 -0.810956 -6.89151 -0.810956 -6.89151 0.155829 0 2.71788 0 
2 1 0 6.99225 0.1 17.3557 -0.81074 -6.88808 -0.81074 -6.88808 0.15553 0 2.72445 0 
2 1 0 6.98862 0.1 17.3557 -0.810523 -6.88465 -0.810523 -6.88465 0.155235 0 2.73097 0 
2 1 0 6.98498 0.1 17.3557 -0.810307 -6.88122 -0.810307 -6.88122 0.154944 0 2.73744 0 
2 1 0 6.98134 0.1 17.3557 -0.810091 -6.8778 -0.810091 -6.8778 0.154657 0 2.74387 0 
2 1 0 6.97771 0.1 17.3557 -0.809874 -6.87438 -0.809874 -6.87438 0.154375 0 2.75025 0 
2 1 0 6.97406 0.1 17.3557 -0.809657 -6.87096 -0.809657 -6.87096 0.154096 0 2.75658 0 
2 1 0 6.97042 0.1 17.3557 -0.80944 -6.86754 -0.80944 -6.86754 0.153821 0 2.76287 0 
2 1 0 6.96678 0.1 17.3557 -0.809223 -6.86412 -0.809223 -6.86412 0.15355 0 2.76912 0 
2 1 0 6.96313 0.1 17.3557 -0.809006 -6.86071 -0.809006 -6.86071 0.153282 0 2.77532 0 
2 1 0 6.95948 0.1 17.3557 -0.808789 -6.8573 -0.808789 -6.8573 0.153018 0 2.78148 0 
2 1 0 6.95583 0.1 17.3557 -0.808571 -6.85389 -0.808571 -6.85389 0.152758 0 2.7876 0 
2 1 0 6.95218 0.1 17.3557 -0.808354 -6.85048 -0.808354 -6.85048 0.152501 0 2.79367 0 
2 1 0 6.94852 0.1 17.3557 -0.808136 -6.84707 -0.808136 -6.84707 0.152248 0 2.7997 0 
2 1 0 6.94487 0.1 17.3557 -0.807918 -6.84367 -0.807918 -6.84367 0.151998 0 2.80569 0 
2 1 0 6.94121 0.1 17.3557 -0.8077 -6.84027 -0.8077 -6.84027 0.151752 0 2.81164 0 
2 1 0 6.93755 0.1 17.3557 -0.807482 -6.83687 -0.807482 -6.83687 0.151509 0 2.81754 0 
2 1 0 6.93389 0.1 17.3557 -0.807264 -6.83347 -0.807264 -6.83347 0.151269 0 2.8234 0 
2 1 0 6.93023 0.1 17.3557 -0.807045 -6.83007 -0.807045 -6.83007 0.151032 0 2.82923 0 
2 1 0 6.92656 0.1 17.3557 -0.806826 -6.82668 -0.806826 -6.82668 0.150799 0 2.83501 0 
2 1 0 6.92289 0.1 17.3557 -0.806608 -6.82329 -0.806608 -6.82329 0.150568 0 2.84075 0 
2 1 0 6.91923 0.1 17.3557 -0.806389 -6.8199 -0.806389 -6.8199 0.150341 0 2.84646 0 
2 1 0 6.91556 0.1 17.3557 -0.80617 -6.81651 -0.80617 -6.81651 0.150117 0 2.85212 0 
2 1 0 6.91188 0.1 17.3557 -0.805951 -6.81312 -0.805951 -6.81312 0.149895 0 2.85775 0 
2 1 0 6.90821 0.1 17.3557 -0.805731 -6.80974 -0.805731 -6.80974 0.149677 0 2.86333 0 
2 1 0 6.90454 0.1 17.3557 -0.805512 -6.80635 -0.805512 -6.80635 0.149462 0 2.86888 0 
2 1 0 6.90086 0.1 17.3557 -0.805292 -6.80297 -0.805292 -6.80297 0.149249 0 2.87439 0 
2 1 0 6.89718 0.1 17.3557 -0.805072 -6.79959 -0.805072 -6.79959 0.14904 0 2.87986 0 
2 1 0 6.8935 0.1 17.3557 -0.804853 -6.79621 -0.804853 -6.79621 0.148833 0 2.88529 0 
2 1 0 6.88982 0.1 17.3557 -0.804633 -6.79284 -0.804633 -6.79284 0.148629 0 2.89068 0 
2 1 0 6.88614 0.1 17.3557 -0.804412 -6.78946 -0.804412 -6.78946 0.148427 0 2.89604 0 
2 1 0 6.88245 0.1 17.3557 -0.804192 -6.78609 -0.804192 -6.78609 0.148229 0 2.90136 0 
2 1 0 6.87876 0.1 17.3557 -0.803972 -6.78272 -0.803972 -6.78272 0.148033 0 2.90665 0 
2 1 0 6.87508 0.1 17.3557 -0.803751 -6.77935 -0.803751 -6.77935 0.147839 0 2.91189 0 
2 1 0 6.87139 0.1 17.3557 -0.80353 -6.77599 -0.80353 -6.77599 0.147649 0 2.9171 0 
2 1 0 6.8677 0.1 17.3557 -0.803309 -6.77262 -0.803309 -6.77262 0.14746 0 2.92228 0 
2 1 0 6.864 0.1 17.3557 -0.803088 -6.76926 -0.803088 -6.76926 0.147275 0 2.92742 0 
2 1 0 6.86031 0.1 17.3557 -0.802867 -6.76589 -0.802867 -6.76589 0.147091 0 2.93252 0 
2 1 0 6.85661 0.1 17.3557 -0.802646 -6.76253 -0.802646 -6.76253 0.146911 0 2.93759 0 
2 1 0 6.85292 0.1 17.3557 -0.802424 -6.75917 -0.802424 -6.75917 0.146732 0 2.94262 0 
2 1 0 6.84922 0.1 17.3557 -0.802203 -6.75582 -0.802203 -6.75582 0.146556 0 2.94761 0 
2 1 0 6.84552 0.1 17.3557 -0.801981 -6.75246 -0.801981 -6.75246 0.146383 0 2.95257 0 
2 1 0 6.84182 0.1 17.3557 -0.801759 -6.74911 -0.801759 -6.74911 0.146212 0 2.9575 0 
2 1 0 6.83811 0.1 17.3557 -0.801537 -6.74576 -0.801537 -6.74576 0.146043 0 2.96239 0 
2 1 0 6.83441 0.1 17.3557 -0.801315 -6.74241 -0.801315 -6.74241 0.145876 0 2.96725 0 
2 1 0 6.8307 0.1 17.3557 -0.801092 -6.73906 -0.801092 -6.73906 0.145712 0 2.97207 0 
2 1 0 6.82699 0.1 17.3557 -0.80087 -6.73571 -0.80087 -6.73571 0.14555 0 2.97686 0 
2 1 0 6.82328 0.1 17.3557 -0.800647 -6.73236 -0.800647 -6.73236 0.14539 0 2.98162 0 
2 1 0 6.81957 0.1 17.3557 -0.800424 -6.72902 -0.800424 -6.72902 0.145233 0 2.98634 0 
2 1 0 6.81586 0.1 17.3557 -0.800201 -6.72568 -0.800201 -6.72568 0.145077 0 2.99103 0 
2 1 0 6.81215 0.1 17.3557 -0.799978 -6.72234 -0.799978 -6.72234 0.144924 0 2.99568 0 
2 1 0 6.80843 0.1 17.3557 -0.799755 -6.719 -0.799755 -6.719 0.144773 0 3.0003 0 
2 1 0 6.80472 0.1 17.3557 -0.799531 -6.71566 -0.799531 -6.71566 0.144624 0 3.00489 0 
2 1 0 6.801 0.1 17.3557 -0.799308 -6.71232 -0.799308 -6.71232 0.144477 0 3.00944 0 
2 1 0 6.79728 0.1 17.3557 -0.799084 -6.70899 -0.799084 -6.70899 0.144332 0 3.01396 0 
2 1 0 6.79356 0.1 17.3557 -0.79886 -6.70566 -0.79886 -6.70566 0.144189 0 3.01845 0 
2 1 0 6.78984 0.1 17.3557 -0.798636 -6.70232 -0.798636 -6.70232 0.144049 0 3.02291 0 
2 1 0 6.78612 0.1 17.3557 -0.798412 -6.69899 -0.798412 -6.69899 0.14391 0 3.02733 0 
2 1 0 6.78239 0.1 17.3557 -0.798188 -6.69567 -0.798188 -6.69567 0.143773 0 3.03172 0 
2 1 0 6.77867 0.1 17.3557 -0.797963 -6.69234 -0.797963 -6.69234 0.143638 0 3.03608 0 
2 1 0 6.77494 0.1 17.3557 -0.797739 -6.68901 -0.797739 -6.68901 0.143505 0 3.04041 0 
2 1 0 6.77121 0.1 17.3557 -0.797514 -6.68569 -0.797514 -6.68569 0.143374 0 3.0447 0 
2 1 0 6.76748 0.1 17.3557 -0.797289 -6.68237 -0.797289 -6.68237 0.143245 0 3.04896 0 
2 1 0 6.76375 0.1 17.3557 -0.797064 -6.67905 -0.797064 -6.67905 0.143118 0 3.05319 0 
2 1 0 6.76002 0.1 17.3557 -0.796839 -6.67573 -0.796839 -6.67573 0.142993 0 3.05739 0 
2 1 0 6.75628 0.1 17.3557 -0.796613 -6.67241 -0.796613 -6.67241 0.14287 0 3.06156 0 
2 1 0 6.75255 0.1 17.3557 -0.796388 -6.66909 -0.796388 -6.66909 0.142748 0 3.06569 0 
2 1 0 6.74881 0.1 17.3557 -0.796162 -6.66578 -0.796162 -6.66578 0.142628 0 3.0698 0 
2 1 0 6.74507 0.1 17.3557 -0.795936 -6.66247 -0.795936 -6.66247 0.142511 0 3.07387 0 
2 1 0 6.74133 0.1 17.3557 -0.79571 -6.65915 -0.79571 -6.65915 0.142395 0 3.07791 0 
2 1 0 6.73759 0.1 17.3557 -0.795484 -6.65584 -0.795484 -6.65584 0.14228 0 3.08192 0 
2 1 0 6.73385 0.1 17.3557 -0.795258 -6.65253 -0.795258 -6.65253 0.142168 0 3.0859 0 
2 1 0 6.73011 0.1 17.3557 -0.795031 -6.64923 -0.795031 -6.64923 0.142057 0 3.08985 0 
2 1 0 6.72636 0.1 17.3557 -0.794805 -6.64592 -0.794805 -6.64592 0.141948 0 3.09377 0 
2 1 0 6.72262 0.1 17.3557 -0.794578 -6.64262 -0.794578 -6.64262 0.141841 0 3.09765 0 
2 1 0 6.71887 0.1 17.3557 -0.794351 -6.63931 -0.794351 -6.63931 0.141735 0 3.10151 0 
2 1 0 6.71512 0.1 17.3557 -0.794124 -6.63601 -0.794124 -6.63601 0.141631 0 3.10534 0 
2 1 0 6.71138 0.1 17.3557 -0.793897 -6.63271 -0.793897 -6.63271 0.141529 0 3.10913 0 
2 1 0 6.70762 0.1 17.3557 -0.79367 -6.62941 -0.79367 -6.62941 0.141429 0 3.11289 0 
2 1 0 6.70387 0.1 17.3557 -0.793442 -6.62612 -0.793442 -6.62612 0.14133 0 3.11663 0 
2 1 0 6.70012 0.1 17.3557 -0.793214 -6.62282 -0.793214 -6.62282 0.141233 0 3.12033 0 
2 1 0 6.69637 0.1 17.3557 -0.792987 -6.61952 -0.792987 -6.61952 0.141137 0 3.124 0 
2 1 0 6.69261 0.1 17.3557 -0.792759 -6.61623 -0.792759 -6.61623 0.141043 0 3.12765 0 
2 1 0 6.68885 0.1 17.3557 -0.79253 -6.61294 -0.79253 -6.61294 0.140951 0 3.13126 0 
2 1 0 6.6851 0.1 17.3557 -0.792302 -6.60965 -0.792302 -6.60965 0.14086 0 3.13484 0 
2 1 0 6.68134 0.1 17.3557 -0.792074 -6.60636 -0.792074 -6.60636 0.140771 0 3.13839 0 
2 1 0 6.67758 0.1 17.3557 -0.791845 -6.60307 -0.791845 -6.60307 0.140684 0 3.14192 0 
2 1 0 6.67381 0.1 17.3557 -0.791616 -6.59979 -0.791616 -6.59979 0.140598 0 3.14541 0 
2 1 0 6.67005 0.1 17.3557 -0.791387 -6.5965 -0.791387 -6.5965 0.140514 0 3.14887 0 
2 1 0 6.66629 0.1 17.3557 -0.791158 -6.59322 -0.791158 -6.59322 0.140431 0 3.1523 0 
2 1 0 6.66252 0.1 17.3557 -0.790929 -6.58994 -0.790929 -6.58994 0.14035 0 3.15571 0 
2 1 0 6.65876 0.1 17.3557 -0.7907 -6.58666 -0.7907 -6.58666 0.14027 0 3.15908 0 
2 1 0 6.65499 0.1 17.3557 -0.79047 -6.58338 -0.79047 -6.58338 0.140192 0 3.16242 0 
2 1 0 6.65122 0.1 17.3557 -0.79024 -6.5801 -0.79024 -6.5801 0.140115 0 3.16574 0 
2 1 0 6.64745 0.1 17.3557 -0.79001 -6.57682 -0.79001 -6.57682 0.14004 0 3.16902 0 
2 1 0 6.64368 0.1 17.3557 -0.78978 -6.57355 -0.78978 -6.57355 0.139966 0 3.17228 0 
2 1 0 6.63991 0.1 17.3557 -0.78955 -6.57027 -0.78955 -6.57027 0.139894 0 3.1755 0 
2 1 0 6.63613 0.1 17.3557 -0.78932 -6.567 -0.78932 -6.567 0.139824 0 3.1787 0 
2 1 0 6.63236 0.1 17.3557 -0.789089 -6.56373 -0.789089 -6.56373 0.139754 0 3.18186 0 
2 1 0 6.62858 0.1 17.3557 -0.788859 -6.56046 -0.788859 -6.56046 0.139687 0 3.185 0 
2 1 0 6.62481 0.1 17.3557 -0.788628 -6.55719 -0.788628 -6.55719 0.139621 0 3.18811 0 
2 1 0 6.62103 0.1 17.3557 -0.788397 -6.55393 -0.788397 -6.55393 0.139556 0 3.19119 0 
2 1 0 6.61725 0.1 17.3557 -0.788166 -6.55066 -0.788166 -6.55066 0.139492 0 3.19424 0 
2 1 0 6.61347 0.1 17.3557 -0.787934 -6.5474 -0.787934 -6.5474 0.139431 0 3.19726 0 
2 1 0 6.60969 0.1 17.3557 -0.787703 -6.54413 -0.787703 -6.54413 0.13937 0 3.20025 0 
2 1 0 6.60591 0.1 17.3557 -0.787471 -6.54087 -0.787471 -6.54087 0.139311 0 3.20321 0 
2 1 0 6.60212 0.1 17.3557 -0.787239 -6.53761 -0.787239 -6.53761 0.139253 0 3.20614 0 
2 1 0 6.59834 0.1 17.3557 -0.787007 -6.53435 -0.787007 -6.53435 0.139197 0 3.20904 0 
2 1 0 6.59455 0.1 17.3557 -0.786775 -6.53109 -0.786775 -6.53109 0.139142 0 3.21191 0 
2 1 0 6.59076 0.1 17.3557 -0.786543 -6.52784 -0.786543 -6.52784 0.139089 0 3.21476 0 
2 1 0 6.58698 0.1 17.3557 -0.78631 -6.52458 -0.78631 -6.52458 0.139037 0 3.21757 0 
2 1 0 6.58319 0.1 17.3557 -0.786078 -6.52133 -0.786078 -6.52133 0.138986 0 3.22036 0 
2 1 0 6.5794 0.1 17.3557 -0.785845 -6.51808 -0.785845 -6.51808 0.138937 0 3.22312 0 
2 1 0 6.5756 0.1 17.3557 -0.785612 -6.51483 -0.785612 -6.51483 0.138889 0 3.22584 0 
2 1 0 6.57181 0.1 17.3557 -0.785379 -6.51158 -0.785379 -6.51158 0.138843 0 3.22854 0 
2 1 0 6.56802 0.1 17.3557 -0.785146 -6.50833 -0.785146 -6.50833 0.138798 0 3.23121 0 
2 1 0 6.56422 0.1 17.3557 -0.784912 -6.50508 -0.784912 -6.50508 0.138754 0 3.23385 0 
2 1 0 6.56043 0.1 17.3557 -0.784679 -6.50183 -0.784679 -6.50183 0.138712 0 3.23647 0 
2 1 0 6.55663 0.1 17.3557 -0.784445 -6.49859 -0.784445 -6.49859 0.138671 0 3.23905 0 
2 1 0 6.55283 0.1 17.3557 -0.784211 -6.49535 -0.784211 -6.49535 0.138631 0 3.2416 0 
2 1 0 6.54903 0.1 17.3557 -0.783977 -6.4921 -0.783977 -6.4921 0.138593 0 3.24413 0 
2 1 0 6.54523 0.1 17.3557 -0.783743 -6.48886 -0.783743 -6.48886 0.138555 0 3.24662 0 
2 1 0 6.54143 0.1 17.3557 -0.783508 -6.48562 -0.783508 -6.48562 0.13852 0 3.24909 0 
2 1 0 6.53763 0.1 17.3557 -0.783274 -6.48239 -0.783274 -6.48239 0.138485 0 3.25153 0 
2 1 0 6.53382 0.1 17.3557 -0.783039 -6.47915 -0.783039 -6.47915 0.138452 0 3.25394 0 
2 1 0 6.53002 0.1 17.3557 -0.782804 -6.47591 -0.782804 -6.47591 0.138421 0 3.25632 0 
2 1 0 6.52621 0.1 17.3557 -0.782569 -6.47268 -0.782569 -6.47268 0.13839 0 3.25867 0 
2 1 0 6.52241 0.1 17.3557 -0.782334 -6.46944 -0.782334 -6.46944 0.138361 0 3.26099 0 
2 1 0 6.5186 0.1 17.3557 -0.782098 -6.46621 -0.782098 -6.46621 0.138334 0 3.26328 0 
2 1 0 6.51479 0.1 17.3557 -0.781863 -6.46298 -0.781863 -6.46298 0.138307 0 3.26555 0 
2 1 0 6.51098 0.1 17.3557 -0.781627 -6.45975 -0.781627 -6.45975 0.138282 0 3.26778 0 
2 1 0 6.50717 0.1 17.3557 -0.781391 -6.45652 -0.781391 -6.45652 0.138258 0 3.26999 0 
2 1 0 6.50336 0.1 17.3557 -0.781155 -6.4533 -0.781155 -6.4533 0.138236 0 3.27217 0 
2 1 0 6.49954 0.1 17.3557 -0.780918 -6.45007 -0.780918 -6.45007 0.138214 0 3.27431 0 
2 1 0 6.49573 0.1 17.3557 -0.780682 -6.44685 -0.780682 -6.44685 0.138194 0 3.27643 0 
2 1 0 6.49192 0.1 17.3557 -0.780445 -6.44363 -0.780445 -6.44363 0.138176 0 3.27852 0 
2 1 0 6.4881 0.1 17.3557 -0.780209 -6.4404 -0.780209 -6.4404 0.138158 0 3.28058 0 
2 1 0 6.48428 0.1 17.3557 -0.779972 -6.43718 -0.779972 -6.43718 0.138142 0 3.28262 0 
2 1 0 6.48046 0.1 17.3557 -0.779735 -6.43396 -0.779735 -6.43396 0.138127 0 3.28462 0 
2 1 0 6.47664 0.1 17.3557 -0.779497 -6.43075 -0.779497 -6.43075 0.138114 0 3.28659 0 
2 1 0 6.47282 0.1 17.3557 -0.77926 -6.42753 -0.77926 -6.42753 0.138101 0 3.28854 0 
2 1 0 6.469 0.1 17.3557 -0.779022 -6.42431 -0.779022 -6.42431 0.13809 0 3.29045 0 
2 1 0 6.46518 0.1 17.3557 -0.778784 -6.4211 -0.778784 -6.4211 0.138081 0 3.29234 0 
2 1 0 6.46136 0.1 17.3557 -0.778546 -6.41789 -0.778546 -6.41789 0.138072 0 3.2942 0 
2 1 0 6.45753 0.1 17.3557 -0.778308 -6.41467 -0.778308 -6.41467 0.138065 0 3.29603 0 
2 1 0 6.45371 0.1 17.3557 -0.77807 -6.41146 -0.77807 -6.41146 0.138059 0 3.29782 0 
2 1 0 6.44988 0.1 17.3557 -0.777831 -6.40825 -0.777831 -6.40825 0.138055 0 3.29959 0 
2 1 0 6.44605 0.1 17.3557 -0.777593 -6.40505 -0.777593 -6.40505 0.138051 0 3.30133 0 
2 1 0 6.44222 0.1 17.3557 -0.777354 -6.40184 -0.777354 -6.40184 0.138049 0 3.30305 0 
2 1 0 6.43839 0.1 17.3557 -0.777115 -6.39863 -0.777115 -6.39863 0.138048 0 3.30473 0 
2 1 0 6.43456 0.1 17.3557 -0.776876 -6.39543 -0.776876 -6.39543 0.138049 0 3.30638 0 
2 1 0 6.43073 0.1 17.3557 -0.776636 -6.39223 -0.776636 -6.39223 0.13805 0 3.30801 0 
2 1 0 6.4269 0.1 17.3557 -0.776397 -6.38902 -0.776397 -6.38902 0.138053 0 3.3096 0 
2 1 0 6.42306 0.1 17.3557 -0.776157 -6.38582 -0.776157 -6.38582 0.138058 0 3.31116 0 
2 1 0 6.41923 0.1 17.3557 -0.775917 -6.38262 -0.775917 -6.38262 0.138063 0 3.3127 0 
2 1 0 6.41539 0.1 17.3557 -0.775677 -6.37943 -0.775677 -6.37943 0.13807 0 3.31421 0 
2 1 0 6.41156 0.1 17.3557 -0.775437 -6.37623 -0.775437 -6.37623 0.138078 0 3.31568 0 
2 1 0 6.40772 0.1 17.3557 -0.775197 -6.37303 -0.775197 -6.37303 0.138087 0 3.31713 0 
2 1 0 6.40388 0.1 17.3557 -0.774956 -6.36984 -0.774956 -6.36984 0.138097 0 3.31855 0 
2 1 0 6.40004 0.1 17.3557 -0.774715 -6.36664 -0.774715 -6.36664 0.138109 0 3.31994 0 
2 1 0 6.3962 0.1 17.3557 -0.774474 -6.36345 -0.774474 -6.36345 0.138122 0 3.3213 0 
2 1 0 6.39236 0.1 17.3557 -0.774233 -6.36026 -0.774233 -6.36026 0.138137 0 3.32262 0 
2 1 0 6.38852 0.1 17.3557 -0.773992 -6.35707 -0.773992 -6.35707 0.138152 0 3.32392 0 
2 1 0 6.38467 0.1 17.3557 -0.77375 -6.35388 -0.77375 -6.35388 0.138169 0 3.32519 0 
2 1 0 6.38083 0.1 17.3557 -0.773509 -6.3507 -0.773509 -6.3507 0.138187 0 3.32643 0 
2 1 0 6.37698 0.1 17.3557 -0.773267 -6.34751 -0.773267 -6.34751 0.138206 0 3.32765 0 
2 1 0 6.37313 0.1 17.3557 -0.773025 -6.34432 -0.773025 -6.34432 0.138227 0 3.32883 0 
2 1 0 6.36929 0.1 17.3557 -0.772783 -6.34114 -0.772783 -6.34114 0.138249 0 3.32998 0 
2 1 0 6.36544 0.1 17.3557 -0.772541 -6.33796 -0.772541 -6.33796 0.138272 0 3.3311 0 
2 1 0 6.36159 0.1 17.3557 -0.772298 -6.33478 -0.772298 -6.33478 0.138296 0 3.33219 0 
2 1 0 6.35774 0.1 17.3557 -0.772055 -6.3316 -0.772055 -6.3316 0.138322 0 3.33325 0 
2 1 0 6.35389 0.1 17.3557 -0.771812 -6.32842 -0.771812 -6.32842 0.138349 0 3.33428 0 
2 1 0 6.35003 0.1 17.3557 -0.771569 -6.32524 -0.771569 -6.32524 0.138377 0 3.33528 0 
2 1 0 6.34618 0.1 17.3557 -0.771326 -6.32206 -0.771326 -6.32206 0.138406 0 3.33625 0 
2 1 0 6.34232 0.1 17.3557 -0.771083 -6.31889 -0.771083 -6.31889 0.138437 0 3.3372 0 
2 1 0 6.33847 0.1 17.3557 -0.770839 -6.31571 -0.770839 -6.31571 0.138469 0 3.33811 0 
2 1 0 6.33461 0.1 17.3557 -0.770595 -6.31254 -0.770595 -6.31254 0.138502 0 3.33899 0 
2 1 0 6.33075 0.1 17.3557 -0.770351 -6.30937 -0.770351 -6.30937 0.138537 0 3.33984 0 
2 1 0 6.3269 0.1 17.3557 -0.770107 -6.3062 -0.770107 -6.3062 0.138573 0 3.34066 0 
2 1 0 6.32304 0.1 17.3557 -0.769863 -6.30303 -0.769863 -6.30303 0.13861 0 3.34145 0 
2 1 0 6.31918 0.1 17.3557 -0.769618 -6.29986 -0.769618 -6.29986 0.138648 0 3.34221 0 
2 1 0 6.31531 0.1 17.3557 -0.769374 -6.2967 -0.769374 -6.2967 0.138688 0 3.34294 0 
2 1 0 6.31145 0.1 17.3557 -0.769129 -6.29353 -0.769129 -6.29353 0.138729 0 3.34364 0 
2 1 0 6.30759 0.1 17.3557 -0.768884 -6.29037 -0.768884 -6.29037 0.138771 0 3.34431 0 
2 1 0 6.30372 0.1 17.3557 -0.768638 -6.2872 -0.768638 -6.2872 0.138815 0 3.34494 0 
2 1 0 6.29986 0.1 17.3557 -0.768393 -6.28404 -0.768393 -6.28404 0.138859 0 3.34555 0 
2 1 0 6.29599 0.1 17.3557 -0.768147 -6.28088 -0.768147 -6.28088 0.138906 0 3.34613 0 
2 1 0 6.29212 0.1 17.3557 -0.767902 -6.27772 -0.767902 -6.27772 0.138953 0 3.34667 0 
2 1 0 6.28826 0.1 17.3557 -0.767656 -6.27456 -0.767656 -6.27456 0.139002 0 3.34719 0 
2 1 0 6.28439 0.1 17.3557 -0.76741 -6.2714 -0.76741 -6.2714 0.139052 0 3.34767 0 
2 1 0 6.28052 0.1 17.3557 -0.767163 -6.26825 -0.767163 -6.26825 0.139103 0 3.34812 0 
2 1 0 6.27664 0.1 17.3557 -0.766917 -6.26509 -0.766917 -6.26509 0.139156 0 3.34855 0 
2 1 0 6.27277 0.1 17.3557 -0.76667 -6.26194 -0.76667 -6.26194 0.13921 0 3.34894 0 
2 1 0 6.2689 0.1 17.3557 -0.766423 -6.25879 -0.766423 -6.25879 0.139265 0 3.3493 0 
2 1 0 6.26503 0.1 17.3557 -0.766176 -6.25564 -0.766176 -6.25564 0.139322 0 3.34963 0 
2 1 0 6.26115 0.1 17.3557 -0.765929 -6.25249 -0.765929 -6.25249 0.13938 0 3.34993 0 
2 1 0 6.25727 0.1 17.3557 -0.765681 -6.24934 -0.765681 -6.24934 0.139439 0 3.35019 0 
2 1 0 6.2534 0.1 17.3557 -0.765434 -6.24619 -0.765434 -6.24619 0.1395 0 3.35043 0 
2 1 0 6.24952 0.1 17.3557 -0.765186 -6.24304 -0.765186 -6.24304 0.139561 0 3.35063 0 
2 1 0 6.24564 0.1 17.3557 -0.764938 -6.2399 -0.764938 -6.2399 0.139625 0 3.3508 0 
2 1 0 6.24176 0.1 17.3557 -0.76469 -6.23675 -0.76469 -6.23675 0.139689 0 3.35094 0 
2 1 0 6.23788 0.1 17.3557 -0.764441 -6.23361 -0.764441 -6.23361 0.139755 0 3.35105 0 
2 1 0 6.234 0.1 17.3557 -0.764193 -6.23047 -0.764193 -6.23047 0.139823 0 3.35113 0 
2 1 0 6.23011 0.1 17.3557 -0.763944 -6.22733 -0.763944 -6.22733 0.139891 0 3.35118 0 
2 1 0 6.22623 0.1 17.3557 -0.763695 -6.22419 -0.763695 -6.22419 0.139962 0 3.35119 0 
2 1 0 6.22235 0.1 17.3557 -0.763446 -6.22105 -0.763446 -6.22105 0.140033 0 3.35117 0 
2 1 0 6.21846 0.1 17.3557 -0.763196 -6.21792 -0.763196 -6.21792 0.140106 0 3.35112 0 
2 1 0 6.21457 0.1 17.3557 -0.762947 -6.21478 -0.762947 -6.21478 0.14018 0 3.35104 0 
2 1 0 6.21069 0.1 17.3557 -0.762697 -6.21165 -0.762697 -6.21165 0.140256 0 3.35093 0 
2 1 0 6.2068 0.1 17.3557 -0.762447 -6.20851 -0.762447 -6.20851 0.140333 0 3.35078 0 
2 1 0 6.20291 0.1 17.3557 -0.762197 -6.20538 -0.762197 -6.20538 0.140411 0 3.35061 0 
2 1 0 6.19902 0.1 17.3557 -0.761947 -6.20225 -0.761947 -6.20225 0.140491 0 3.3504 0 
2 1 0 6.19513 0.1 17.3557 -0.761696 -6.19912 -0.761696 -6.19912 0.140572 0 3.35015 0 
2 1 0 6.19123 0.1 17.3557 -0.761446 -6.19599 -0.761446 -6.19599 0.140655 0 3.34988 0 
2 1 0 6.18734 0.1 17.3557 -0.761195 -6.19287 -0.761195 -6.19287 0.140739 0 3.34957 0 
2 1 0 6.18345 0.1 17.3557 -0.760944 -6.18974 -0.760944 -6.18974 0.140824 0 3.34923 0 
2 1 0 6.17955 0.1 17.3557 -0.760693 -6.18661 -0.760693 -6.18661 0.140911 0 3.34886 0 
2 1 0 6.17565 0.1 17.3557 -0.760441 -6.18349 -0.760441 -6.18349 0.140999 0 3.34845 0 
2 1 0 6.17176 0.1 17.3557 -0.760189 -6.18037 -0.760189 -6.18037 0.141089 0 3.34801 0 
2 1 0 6.16786 0.1 17.3557 -0.759938 -6.17725 -0.759938 -6.17725 0.14118 0 3.34754 0 
2 1 0 6.16396 0.1 17.3557 -0.759686 -6.17413 -0.759686 -6.17413 0.141273 0 3.34704 0 
2 1 0 6.16006 0.1 17.3557 -0.759433 -6.17101 -0.759433 -6.17101 0.141367 0 3.3465 0 
2 1 0 6.15616 0.1 17.3557 -0.759181 -6.16789 -0.759181 -6.16789 0.141463 0 3.34593 0 
2 1 0 6.15226 0.1 17.3557 -0.758928 -6.16478 -0.758928 -6.16478 0.14156 0 3.34533 0 
2 1 0 6.14835 0.1 17.3557 -0.758676 -6.16166 -0.758676 -6.16166 0.141658 0 3.34469 0 
2 1 0 6.14445 0.1 17.3557 -0.758423 -6.15855 -0.758423 -6.15855 0.141759 0 3.34402 0 
2 1 0 6.14055 0.1 17.3557 -0.758169 -6.15543 -0.758169 -6.15543 0.14186 0 3.34332 0 
2 1 0 6.13664 0.1 17.3557 -0.757916 -6.15232 -0.757916 -6.15232 0.141963 0 3.34258 0 
2 1 0 6.13273 0.1 17.3557 -0.757662 -6.14921 -0.757662 -6.14921 0.142068 0 3.34181 0 
2 1 0 6.12883 0.1 17.3557 -0.757409 -6.1461 -0.757409 -6.1461 0.142174 0 3.341 0 
2 1 0 6.12492 0.1 17.3557 -0.757155 -6.143 -0.757155 -6.143 0.142282 0 3.34016 0 
2 1 0 6.12101 0.1 17.3557 -0.756901 -6.13989 -0.756901 -6.13989 0.142391 0 3.33929 0 
2 1 0 6.1171 0.1 17.3557 -0.756646 -6.13678 -0.756646 -6.13678 0.142502 0 3.33838 0 
2 1 0 6.11319 0.1 17.3557 -0.756392 -6.13368 -0.756392 -6.13368 0.142614 0 3.33744 0 
2 1 0 6.10927 0.1 17.3557 -0.756137 -6.13058 -0.756137 -6.13058 0.142728 0 3.33647 0 
2 1 0 6.10536 0.1 17.3557 -0.755882 -6.12748 -0.755882 -6.12748 0.142844 0 3.33546 0 
2 1 0 6.10145 0.1 17.3557 -0.755627 -6.12437 -0.755627 -6.12437 0.142961 0 3.33441 0 
2 1 0 6.09753 0.1 17.3557 -0.755371 -6.12128 -0.755371 -6.12128 0.143079 0 3.33333 0 
2 1 0 6.09361 0.1 17.3557 -0.755116 -6.11818 -0.755116 -6.11818 0.1432 0 3.33222 0 
2 1 0 6.0897 0.1 17.3557 -0.75486 -6.11508 -0.75486 -6.11508 0.143322 0 3.33107 0 
2 1 0 6.08578 0.1 17.3557 -0.754604 -6.11199 -0.754604 -6.11199 0.143445 0 3.32989 0 
2 1 0 6.08186 0.1 17.3557 -0.754348 -6.10889 -0.754348 -6.10889 0.14357 0 3.32867 0 
2 1 0 6.07794 0.1 17.3557 -0.754092 -6.1058 -0.754092 -6.1058 0.143697 0 3.32742 0 
2 1 0 6.07402 0.1 17.3557 -0.753835 -6.10271 -0.753835 -6.10271 0.143826 0 3.32613 0 
2 1 0 6.0701 0.1 17.3557 -0.753578 -6.09962 -0.753578 -6.09962 0.143956 0 3.3248 0 
2 1 0 6.06617 0.1 17.3557 -0.753321 -6.09653 -0.753321 -6.09653 0.144088 0 3.32345 0 
2 1 0 6.06225 0.1 17.3557 -0.753064 -6.09344 -0.753064 -6.09344 0.144221 0 3.32205 0 
2 1 0 6.05832 0.1 17.3557 -0.752807 -6.09035 -0.752807 -6.09035 0.144356 0 3.32062 0 
2 1 0 6.0544 0.1 17.3557 -0.752549 -6.08727 -0.752549 -6.08727 0.144493 0 3.31915 0 
2 1 0 6.05047 0.1 17.3557 -0.752291 -6.08418 -0.752291 -6.08418 0.144632 0 3.31765 0 
2 1 0 6.04654 0.1 17.3557 -0.752033 -6.0811 -0.752033 -6.0811 0.144773 0 3.31611 0 
2 1 0 6.04261 0.1 17.3557 -0.751775 -6.07802 -0.751775 -6.07802 0.144915 0 3.31454 0 
2 1 0 6.03868 0.1 17.3557 -0.751517 -6.07494 -0.751517 -6.07494 0.145059 0 3.31293 0 
2 1 0 6.03475 0.1 17.3557 -0.751258 -6.07186 -0.751258 -6.07186 0.145204 0 3.31128 0 
2 1 0 6.03082 0.1 17.3557 -0.750999 -6.06878 -0.750999 -6.06878 0.145352 0 3.3096 0 
2 1 0 6.02689 0.1 17.3557 -0.75074 -6.0657 -0.75074 -6.0657 0.145501 0 3.30788 0 
2 1 0 6.02295 0.1 17.3557 -0.750481 -6.06263 -0.750481 -6.06263 0.145652 0 3.30612 0 
2 1 0 6.01902 0.1 17.3557 -0.750222 -6.05955 -0.750222 -6.05955 0.145805 0 3.30433 0 
2 1 0 6.01508 0.1 17.3557 -0.749962 -6.05648 -0.749962 -6.05648 0.14596 0 3.3025 0 
2 1 0 6.01115 0.1 17.3557 -0.749702 -6.05341 -0.749702 -6.05341 0.146117 0 3.30063 0 
2 1 0 6.00721 0.1 17.3557 -0.749442 -6.05034 -0.749442 -6.05034 0.146275 0 3.29873 0 
2 1 0 6.00327 0.1 17.3557 -0.749182 -6.04727 -0.749182 -6.04727 0.146436 0 3.29679 0 
2 1 0 5.99933 0.1 17.3557 -0.748922 -6.0442 -0.748922 -6.0442 0.146598 0 3.29481 0 
2 1 0 5.99539 0.1 17.3557 -0.748661 -6.04114 -0.748661 -6.04114 0.146762 0 3.29279 0 
2 1 0 5.99145 0.1 17.3557 -0.7484 -6.03807 -0.7484 -6.03807 0.146929 0 3.29074 0 
2 1 0 5.98751 0.1 17.3557 -0.748139 -6.03501 -0.748139 -6.03501 0.147097 0 3.28864 0 
2 1 0 5.98356 0.1 17.3557 -0.747878 -6.03194 -0.747878 -6.03194 0.147267 0 3.28651 0 
2 1 0 5.97962 0.1 17.3557 -0.747616 -6.02888 -0.747616 -6.02888 0.147439 0 3.28434 0 
2 1 0 5.97567 0.1 17.3557 -0.747355 -6.02582 -0.747355 -6.02582 0.147613 0 3.28214 0 
2 1 0 5.97173 0.1 17.3557 -0.747093 -6.02276 -0.747093 -6.02276 0.147789 0 3.27989 0 
2 1 0 5.96778 0.1 17.3557 -0.746831 -6.01971 -0.746831 -6.01971 0.147967 0 3.2776 0 
2 1 0 5.96383 0.1 17.3557 -0.746568 -6.01665 -0.746568 -6.01665 0.148147 0 3.27528 0 
2 1 0 5.95988 0.1 17.3557 -0.746306 -6.0136 -0.746306 -6.0136 0.14833 0 3.27292 0 
2 1 0 5.95593 0.1 17.3557 -0.746043 -6.01054 -0.746043 -6.01054 0.148514 0 3.27052 0 
2 1 0 5.95198 0.1 17.3557 -0.74578 -6.00749 -0.74578 -6.00749 0.1487 0 3.26808 0 
2 1 0 5.94802 0.1 17.3557 -0.745517 -6.00444 -0.745517 -6.00444 0.148889 0 3.2656 0 
2 1 0 5.94407 0.1 17.3557 -0.745253 -6.00139 -0.745253 -6.00139 0.149079 0 3.26308 0 
2 1 0 5.94012 0.1 17.3557 -0.74499 -5.99834 -0.74499 -5.99834 0.149272 0 3.26052 0 
2 1 0 5.93616 0.1 17.3557 -0.744726 -5.9953 -0.744726 -5.9953 0.149467 0 3.25792 0 
2 1 0 5.9322 0.1 17.3557 -0.744462 -5.99225 -0.744462 -5.99225 0.149665 0 3.25528 0 
2 1 0 5.92825 0.1 17.3557 -0.744198 -5.98921 -0.744198 -5.98921 0.149864 0 3.2526 0 
2 1 0 5.92429 0.1 17.3557 -0.743933 -5.98616 -0.743933 -5.98616 0.150066 0 3.24988 0 
2 1 0 5.92033 0.1 17.3557 -0.743669 -5.98312 -0.743669 -5.98312 0.15027 0 3.24712 0 
2 1 0 5.91637 0.1 17.3557 -0.743404 -5.98008 -0.743404 -5.98008 0.150476 0 3.24431 0 
2 1 0 5.9124 0.1 17.3557 -0.743139 -5.97704 -0.743139 -5.97704 0.150684 0 3.24147 0 
2 1 0 5.90844 0.1 17.3557 -0.742873 -5.97401 -0.742873 -5.97401 0.150895 0 3.23859 0 
2 1 0 5.90448 0.1 17.3557 -0.742608 -5.97097 -0.742608 -5.97097 0.151109 0 3.23566 0 
2 1 0 5.90051 0.1 17.3557 -0.742342 -5.96794 -0.742342 -5.96794 0.151324 0 3.2327 0 
2 1 0 5.89655 0.1 17.3557 -0.742076 -5.9649 -0.742076 -5.9649 0.151542 0 3.22969 0 
2 1 0 5.89258 0.1 17.3557 -0.74181 -5.96187 -0.74181 -5.96187 0.151763 0 3.22664 0 
2 1 0 5.88861 0.1 17.3557 -0.741543 -5.95884 -0.741543 -5.95884 0.151986 0 3.22354 0 
2 1 0 5.88464 0.1 17.3557 -0.741277 -5.95581 -0.741277 -5.95581 0.152211 0 3.22041 0 
2 1 0 5.88067 0.1 17.3557 -0.74101 -5.95279 -0.74101 -5.95279 0.152439 0 3.21723 0 
2 1 0 5.8767 0.1 17.3557 -0.740743 -5.94976 -0.740743 -5.94976 0.152669 0 3.21401 0 
2 1 0 5.87273 0.1 17.3557 -0.740476 -5.94674 -0.740476 -5.94674 0.152902 0 3.21075 0 
2 1 0 5.86875 0.1 17.3557 -0.740208 -5.94371 -0.740208 -5.94371 0.153138 0 3.20744 0 
2 1 0 5.86478 0.1 17.3557 -0.73994 -5.94069 -0.73994 -5.94069 0.153376 0 3.20409 0 
2 1 0 5.8608 0.1 17.3557 -0.739672 -5.93767 -0.739672 -5.93767 0.153617 0 3.2007 0 
2 1 0 5.85683 0.1 17.3557 -0.739404 -5.93465 -0.739404 -5.93465 0.15386 0 3.19726 0 
2 1 0 5.85285 0.1 17.3557 -0.739136 -5.93163 -0.739136 -5.93163 0.154106 0 3.19378 0 
2 1 0 5.84887 0.1 17.3557 -0.738867 -5.92862 -0.738867 -5.92862 0.154355 0 3.19025 0 
2 1 0 5.84489 0.1 17.3557 -0.738598 -5.9256 -0.738598 -5.9256 0.154607 0 3.18668 0 
2 1 0 5.84091 0.1 17.3557 -0.738329 -5.92259 -0.738329 -5.92259 0.154861 0 3.18307 0 
2 1 0 5.83693 0.1 17.3557 -0.73806 -5.91958 -0.73806 -5.91958 0.155118 0 3.17941 0 
2 1 0 5.83294 0.1 17.3557 -0.73779 -5.91657 -0.73779 -5.91657 0.155379 0 3.1757 0 
2 1 0 5.82896 0.1 17.3557 -0.737521 -5.91356 -0.737521 -5.91356 0.155642 0 3.17195 0 
2 1 0 5.82497 0.1 17.3557 -0.737251 -5.91055 -0.737251 -5.91055 0.155908 0 3.16816 0 
2 1 0 5.82099 0.1 17.3557 -0.73698 -5.90755 -0.73698 -5.90755 0.156176 0 3.16432 0 
2 1 0 5.817 0.1 17.3557 -0.73671 -5.90454 -0.73671 -5.90454 0.156448 0 3.16043 0 
2 1 0 5.81301 0.1 17.3557 -0.736439 -5.90154 -0.736439 -5.90154 0.156723 0 3.15649 0 
2 1 0 5.80902 0.1 17.3557 -0.736169 -5.89854 -0.736169 -5.89854 0.157001 0 3.15251 0 
2 1 0 5.80503 0.1 17.3557 -0.735897 -5.89554 -0.735897 -5.89554 0.157282 0 3.14848 0 
2 1 0 5.80103 0.1 17.3557 -0.735626 -5.89254 -0.735626 -5.89254 0.157566 0 3.14441 0 
2 1 0 5.79704 0.1 17.3557 -0.735355 -5.88955 -0.735355 -5.88955 0.157854 0 3.14028 0 
2 1 0 5.79305 0.1 17.3557 -0.735083 -5.88655 -0.735083 -5.88655 0.158145 0 3.13611 0 
2 1 0 5.78905 0.1 17.3557 -0.734811 -5.88356 -0.734811 -5.88356 0.158438 0 3.13189 0 
2 1 0 5.78505 0.1 17.3557 -0.734539 -5.88057 -0.734539 -5.88057 0.158736 0 3.12762 0 
2 1 0 5.78106 0.1 17.3557 -0.734266 -5.87758 -0.734266 -5.87758 0.159036 0 3.1233 0 
2 1 0 5.77706 0.1 17.3557 -0.733993 -5.87459 -0.733993 -5.87459 0.15934 0 3.11894 0 
2 1 0 5.77306 0.1 17.3557 -0.73372 -5.8716 -0.73372 -5.8716 0.159648 0 3.11452 0 
2 1 0 5.76905 0.1 17.3557 -0.733447 -5.86862 -0.733447 -5.86862 0.159959 0 3.11005 0 
2 1 0 5.76505 0.1 17.3557 -0.733174 -5.86563 -0.733174 -5.86563 0.160273 0 3.10554 0 
2 1 0 5.76105 0.1 17.3557 -0.7329 -5.86265 -0.7329 -5.86265 0.160591 0 3.10097 0 
2 1 0 5.75704 0.1 17.3557 -0.732626 -5.85967 -0.732626 -5.85967 0.160913 0 3.09635 0 
2 1 0 5.75303 0.1 17.3557 -0.732352 -5.85669 -0.732352 -5.85669 0.161238 0 3.09169 0 
2 1 0 5.74903 0.1 17.3557 -0.732078 -5.85372 -0.732078 -5.85372 0.161567 0 3.08697 0 
2 1 0 5.74502 0.1 17.3557 -0.731803 -5.85074 -0.731803 -5.85074 0.1619 0 3.08219 0 
2 1 0 5.74101 0.1 17.3557 -0.731528 -5.84777 -0.731528 -5.84777 0.162237 0 3.07737 0 
2 1 0 5.73699 0.1 17.3557 -0.731253 -5.8448 -0.731253 -5.8448 0.162577 0 3.07249 0 
2 1 0 5.73298 0.1 17.3557 -0.730978 -5.84183 -0.730978 -5.84183 0.162922 0 3.06756 0 
2 1 0 5.72897 0.1 17.3557 -0.730703 -5.83886 -0.730703 -5.83886 0.16327 0 3.06258 0 
2 1 0 5.72495 0.1 17.3557 -0.730427 -5.83589 -0.730427 -5.83589 0.163623 0 3.05754 0 
2 1 0 5.72094 0.1 17.3557 -0.730151 -5.83293 -0.730151 -5.83293 0.16398 0 3.05245 0 
2 1 0 5.71692 0.1 17.3557 -0.729875 -5.82997 -0.729875 -5.82997 0.164341 0 3.04731 0 
2 1 0 5.7129 0.1 17.3557 -0.729598 -5.827 -0.729598 -5.827 0.164706 0 3.04211 0 
2 1 0 5.70888 0.1 17.3557 -0.729321 -5.82404 -0.729321 -5.82404 0.165075 0 3.03685 0 
2 1 0 5.70486 0.1 17.3557 -0.729044 -5.82109 -0.729044 -5.82109 0.165449 0 3.03154 0 
2 1 0 5.70083 0.1 17.3557 -0.728767 -5.81813 -0.728767 -5.81813 0.165828 0 3.02617 0 
2 1 0 5.69681 0.1 17.3557 -0.72849 -5.81518 -0.72849 -5.81518 0.166211 0 3.02074 0 
2 1 0 5.69278 0.1 17.3557 -0.728212 -5.81223 -0.728212 -5.81223 0.166598 0 3.01526 0 
2 1 0 5.68875 0.1 17.3557 -0.727934 -5.80928 -0.727934 -5.80928 0.16699 0 3.00972 0 
2 1 0 5.68473 0.1 17.3557 -0.727656 -5.80633 -0.727656 -5.80633 0.167387 0 3.00412 0 
2 1 0 5.68069 0.1 17.3557 -0.727378 -5.80338 -0.727378 -5.80338 0.167789 0 2.99846 0 
2 1 0 5.67666 0.1 17.3557 -0.727099 -5.80044 -0.727099 -5.80044 0.168196 0 2.99274 0 
2 1 0 5.67263 0.1 17.3557 -0.72682 -5.79749 -0.72682 -5.79749 0.168608 0 2.98696 0 
2 1 0 5.6686 0.1 17.3557 -0.726541 -5.79455 -0.726541 -5.79455 0.169025 0 2.98112 0 
2 1 0 5.66456 0.1 17.3557 -0.726262 -5.79162 -0.726262 -5.79162 0.169447 0 2.97522 0 
2 1 0 5.66052 0.1 17.3557 -0.725982 -5.78868 -0.725982 -5.78868 0.169874 0 2.96926 0 
2 1 0 5.65648 0.1 17.3557 -0.725702 -5.78575 -0.725702 -5.78575 0.170307 0 2.96324 0 
2 1 0 5.65244 0.1 17.3557 -0.725422 -5.78281 -0.725422 -5.78281 0.170745 0 2.95715 0 
2 1 0 5.6484 0.1 17.3557 -0.725142 -5.77988 -0.725142 -5.77988 0.171188 0 2.951 0 
2 1 0 5.64436 0.1 17.3557 -0.724861 -5.77695 -0.724861 -5.77695 0.171638 0 2.94479 0 
2 1 0 5.64031 0.1 17.3557 -0.72458 -5.77403 -0.72458 -5.77403 0.172093 0 2.93851 0 
2 1 0 5.63627 0.1 17.3557 -0.724299 -5.77111 -0.724299 -5.77111 0.172554 0 2.93217 0 
2 1 0 5.63222 0.1 17.3557 -0.724017 -5.76818 -0.724017 -5.76818 0.173021 0 2.92576 0 
2 1 0 5.62817 0.1 17.3557 -0.723736 -5.76526 -0.723736 -5.76526 0.173494 0 2.91928 0 
2 1 0 5.62412 0.1 17.3557 -0.723454 -5.76235 -0.723454 -5.76235 0.173973 0 2.91274 0 
2 1 0 5.62007 0.1 17.3557 -0.723172 -5.75943 -0.723172 -5.75943 0.174458 0 2.90612 0 
2 1 0 5.61601 0.1 17.3557 -0.722889 -5.75652 -0.722889 -5.75652 0.17495 0 2.89944 0 
2 1 0 5.61196 0.1 17.3557 -0.722607 -5.75361 -0.722607 -5.75361 0.175449 0 2.89269 0 
2 1 0 5.6079 0.1 17.3557 -0.722324 -5.7507 -0.722324 -5.7507 0.175954 0 2.88587 0 
2 1 0 5.60384 0.1 17.3557 -0.722041 -5.74779 -0.722041 -5.74779 0.176466 0 2.87897 0 
2 1 0 5.59978 0.1 17.3557 -0.721757 -5.74489 -0.721757 -5.74489 0.176985 0 2.87201 0 
2 1 0 5.59572 0.1 17.3557 -0.721473 -5.74199 -0.721473 -5.74199 0.177512 0 2.86497 0 
2 1 0 5.59165 0.1 17.3557 -0.721189 -5.73909 -0.721189 -5.73909 0.178045 0 2.85785 0 
2 1 0 5.58759 0.1 17.3557 -0.720905 -5.7362 -0.720905 -5.7362 0.178586 0 2.85066 0 
2 1 0 5.58352 0.1 17.3557 -0.720621 -5.7333 -0.720621 -5.7333 0.179135 0 2.8434 0 
2 1 0 5.57945 0.1 17.3557 -0.720336 -5.73041 -0.720336 -5.73041 0.179691 0 2.83606 0 
2 1 0 5.57538 0.1 17.3557 -0.720051 -5.72752 -0.720051 -5.72752 0.180255 0 2.82864 0 
2 1 0 5.57131 0.1 17.3557 -0.719766 -5.72464 -0.719766 -5.72464 0.180828 0 2.82114 0 
2 1 0 5.56723 0.1 17.3557 -0.71948 -5.72175 -0.71948 -5.72175 0.181408 0 2.81356 0 
2 1 0 5.56315 0.1 17.3557 -0.719194 -5.71887 -0.719194 -5.71887 0.181998 0 2.8059 0 
2 1 0 5.55908 0.1 17.3557 -0.718908 -5.71599 -0.718908 -5.71599 0.182595 0 2.79815 0 
2 1 0 5.55499 0.1 17.3557 -0.718622 -5.71312 -0.718622 -5.71312 0.183202 0 2.79032 0 
2 1 0 5.55091 0.1 17.3557 -0.718335 -5.71025 -0.718335 -5.71025 0.183818 0 2.78241 0 
2 1 0 5.54683 0.1 17.3557 -0.718048 -5.70738 -0.718048 -5.70738 0.184443 0 2.77441 0 
2 1 0 5.54274 0.1 17.3557 -0.717761 -5.70451 -0.717761 -5.70451 0.185078 0 2.76633 0 
2 1 0 5.53865 0.1 17.3557 -0.717474 -5.70165 -0.717474 -5.70165 0.185723 0 2.75815 0 
2 1 0 5.53456 0.1 17.3557 -0.717186 -5.69879 -0.717186 -5.69879 0.186377 0 2.74989 0 
2 1 0 5.53047 0.1 17.3557 -0.716898 -5.69593 -0.716898 -5.69593 0.187042 0 2.74153 0 
2 1 0 5.52637 0.1 17.3557 -0.71661 -5.69308 -0.71661 -5.69308 0.187717 0 2.73308 0 
2 1 0 5.52228 0.1 17.3557 -0.716321 -5.69022 -0.716321 -5.69022 0.188404 0 2.72454 0 
2 1 0 5.51818 0.1 17.3557 -0.716032 -5.68738 -0.716032 -5.68738 0.189101 0 2.71589 0 
2 1 0 5.51408 0.1 17.3557 -0.715743 -5.68453 -0.715743 -5.68453 0.18981 0 2.70715 0 
2 1 0 5.50997 0.1 17.3557 -0.715454 -5.68169 -0.715454 -5.68169 0.190531 0 2.69831 0 
2 1 0 5.50586 0.1 17.3557 -0.715164 -5.67885 -0.715164 -5.67885 0.191263 0 2.68937 0 
2 1 0 5.50176 0.1 17.3557 -0.714874 -5.67602 -0.714874 -5.67602 0.192008 0 2.68033 0 
2 1 0 5.49765 0.1 17.3557 -0.714584 -5.67319 -0.714584 -5.67319 0.192766 0 2.67117 0 
2 1 0 5.49353 0.1 17.3557 -0.714294 -5.67036 -0.714294 -5.67036 0.193537 0 2.66191 0 
2 1 0 5.48942 0.1 17.3557 -0.714003 -5.66753 -0.714003 -5.66753 0.194321 0 2.65255 0 
2 1 0 5.4853 0.1 17.3557 -0.713712 -5.66471 -0.713712 -5.66471 0.19512 0 2.64306 0 
2 1 0 5.48118 0.1 17.3557 -0.71342 -5.6619 -0.71342 -5.6619 0.195933 0 2.63347 0 
2 1 0 5.47705 0.1 17.3557 -0.713129 -5.65909 -0.713129 -5.65909 0.19676 0 2.62376 0 
2 1 0 5.47293 0.1 17.3557 -0.712837 -5.65628 -0.712837 -5.65628 0.197603 0 2.61393 0 
2 1 0 5.4688 0.1 17.3557 -0.712544 -5.65347 -0.712544 -5.65347 0.198462 0 2.60397 0 
2 1 0 5.46466 0.1 17.3557 -0.712252 -5.65067 -0.712252 -5.65067 0.199337 0 2.59389 0 
2 1 0 5.46053 0.1 17.3557 -0.711959 -5.64788 -0.711959 -5.64788 0.200228 0 2.58369 0 
2 1 0 5.45639 0.1 17.3557 -0.711666 -5.64509 -0.711666 -5.64509 0.201138 0 2.57335 0 
2 1 0 5.45225 0.1 17.3557 -0.711372 -5.6423 -0.711372 -5.6423 0.202065 0 2.56288 0 
2 1 0 5.44811 0.1 17.3557 -0.711079 -5.63952 -0.711079 -5.63952 0.20301 0 2.55227 0 
2 1 0 5.44396 0.1 17.3557 -0.710785 -5.63674 -0.710785 -5.63674 0.203976 0 2.54152 0 
2 1 0 5.43981 0.1 17.3557 -0.71049 -5.63397 -0.71049 -5.63397 0.204961 0 2.53063 0 
2 1 0 5.43566 0.1 17.3557 -0.710195 -5.6312 -0.710195 -5.6312 0.205966 0 2.51959 0 
2 1 0 5.4315 0.1 17.3557 -0.7099 -5.62843 -0.7099 -5.62843 0.206994 0 2.5084 0 
2 1 0 5.42734 0.1 17.3557 -0.709605 -5.62568 -0.709605 -5.62568 0.208044 0 2.49705 0 
2 1 0 5.42318 0.1 17.3557 -0.709309 -5.62293 -0.709309 -5.62293 0.209117 0 2.48554 0 
2 1 0 5.41901 0.1 17.3557 -0.709013 -5.62018 -0.709013 -5.62018 0.210214 0 2.47386 0 
2 1 0 5.41484 0.1 17.3557 -0.708717 -5.61744 -0.708717 -5.61744 0.211336 0 2.46201 0 
2 1 0 5.41066 0.1 17.3557 -0.708421 -5.6147 -0.708421 -5.6147 0.212485 0 2.44999 0 
2 1 0 5.40648 0.1 17.3557 -0.708124 -5.61197 -0.708124 -5.61197 0.213661 0 2.43779 0 
2 1 0 5.4023 0.1 17.3557 -0.707826 -5.60925 -0.707826 -5.60925 0.214865 0 2.42539 0 
2 1 0 5.39811 0.1 17.3557 -0.707529 -5.60654 -0.707529 -5.60654 0.2161 0 2.41281 0 
2 1 0 5.39392 0.1 17.3557 -0.707231 -5.60383 -0.707231 -5.60383 0.217365 0 2.40002 0 
2 1 0 5.38972 0.1 17.3557 -0.706933 -5.60112 -0.706933 -5.60112 0.218664 0 2.38703 0 
2 1 0 5.38552 0.1 17.3557 -0.706634 -5.59843 -0.706634 -5.59843 0.219997 0 2.37382 0 
2 1 0 5.38132 0.1 17.3557 -0.706335 -5.59574 -0.706335 -5.59574 0.221366 0 2.36039 0 
2 1 0 5.37711 0.1 17.3557 -0.706036 -5.59306 -0.706036 -5.59306 0.222772 0 2.34672 0 
2 1 0 5.37289 0.1 17.3557 -0.705736 -5.59039 -0.705736 -5.59039 0.224219 0 2.33282 0 
2 1 0 5.36867 0.1 17.3557 -0.705436 -5.58773 -0.705436 -5.58773 0.225708 0 2.31866 0 
2 1 0 5.36444 0.1 17.3557 -0.705135 -5.58507 -0.705135 -5.58507 0.227241 0 2.30424 0 
2 1 0 5.36021 0.1 17.3557 -0.704835 -5.58243 -0.704835 -5.58243 0.22882 0 2.28954 0 
2 1 0 5.35597 0.1 17.3557 -0.704534 -5.57979 -0.704534 -5.57979 0.23045 0 2.27456 0 
2 1 0 5.35173 0.1 17.3557 -0.704232 -5.57717 -0.704232 -5.57717 0.232132 0 2.25928 0 
2 1 0 5.34747 0.1 17.3557 -0.70393 -5.57456 -0.70393 -5.57456 0.23387 0 2.24369 0 
2 1 0 5.34322 0.1 17.3557 -0.703628 -5.57195 -0.703628 -5.57195 0.235668 0 2.22776 0 
2 1 0 5.33895 0.1 17.3557 -0.703325 -5.56936 -0.703325 -5.56936 0.237529 0 2.21149 0 
2 1 0 5.33468 0.1 17.3557 -0.703022 -5.56678 -0.703022 -5.56678 0.239459 0 2.19484 0 
2 1 0 5.3304 0.1 17.3557 -0.702719 -5.56422 -0.702719 -5.56422 0.241461 0 2.17781 0 
2 1 0 5.32611 0.1 17.3557 -0.702415 -5.56166 -0.702415 -5.56166 0.243541 0 2.16036 0 
2 1 0 5.32181 0.1 17.3557 -0.70211 -5.55913 -0.70211 -5.55913 0.245706 0 2.14248 0 
2 1 0 5.3175 0.1 17.3557 -0.701806 -5.5566 -0.701806 -5.5566 0.247962 0 2.12413 0 
2 1 0 5.31319 0.1 17.3557 -0.701501 -5.5541 -0.701501 -5.5541 0.250318 0 2.10528 0 
2 1 0 5.30886 0.1 17.3557 -0.701195 -5.55161 -0.701195 -5.55161 0.25278 0 2.0859 0 
2 1 0 5.30452 0.1 17.3557 -0.700889 -5.54914 -0.700889 -5.54914 0.255361 0 2.06594 0 
2 1 0 5.30017 0.1 17.3557 -0.700582 -5.5467 -0.700582 -5.5467 0.258071 0 2.04536 0 
2 1 0 5.29581 0.1 17.3557 -0.700275 -5.54427 -0.700275 -5.54427 0.260923 0 2.02411 0 
2 1 0 5.29144 0.1 17.3557 -0.699968 -5.54187 -0.699968 -5.54187 0.263932 0 2.00212 0 
2 1 0 5.28705 0.1 17.3557 -0.69966 -5.5395 -0.69966 -5.5395 0.267118 0 1.97933 0 
2 1 0 5.28264 0.1 17.3557 -0.699351 -5.53715 -0.699351 -5.53715 0.2705 0 1.95565 0 
2 1 0 5.27822 0.1 17.3557 -0.699043 -5.53484 -0.699043 -5.53484 0.274105 0 1.931 0 
2 1 0 5.27378 0.1 17.3557 -0.698733 -5.53257 -0.698733 -5.53257 0.277963 0 1.90525 0 
2 1 0 5.26931 0.1 17.3557 -0.698423 -5.53034 -0.698423 -5.53034 0.282112 0 1.87827 0 
2 1 0 5.26483 0.1 17.3557 -0.698112 -5.52815 -0.698112 -5.52815 0.2866 0 1.84989 0 
2 1 0 5.26032 0.1 17.3557 -0.697801 -5.52602 -0.697801 -5.52602 0.291487 0 1.8199 0 
2 1 0 5.25578 0.1 17.3557 -0.69749 -5.52394 -0.69749 -5.52394 0.296849 0 1.78804 0 
2 1 0 5.2512 0.1 17.3557 -0.697178 -5.52195 -0.697178 -5.52195 0.302789 0 1.75396 0 
2 1 0 5.24659 0.1 17.3557 -0.696865 -5.52004 -0.696865 -5.52004 0.309449 0 1.71719 0 
2 1 0 5.24194 0.1 17.3557 -0.696553 -5.51824 -0.696553 -5.51824 0.317027 0 1.67711 0 
2 1 0 5.23723 0.1 17.3557 -0.69624 -5.51659 -0.69624 -5.51659 0.325823 0 1.63278 0 
2 1 0 5.23246 0.1 17.3557 -0.695927 -5.51513 -0.695927 -5.51513 0.336311 0 1.5828 0 
2 1 0 5.22761 0.1 17.3557 -0.695617 -5.51394 -0.695617 -5.51394 0.349309 0 1.52481 0 
2 1 0 5.22268 0.1 17.3557 -0.695311 -5.51318 -0.695311 -5.51318 0.366422 0 1.45448 0 
2 1 0 5.21768 0.1 17.3557 -0.69502 -5.51322 -0.69502 -5.51322 0.391399 0 1.36249 0 
2 1 0 5.21303 0.1 17.3557 -0.69479 -5.51502 -0.69479 -5.51502 0.434675 0 1.22753 0 
2 1 0 5.21073 0.1 17.3557 -0.694759 -5.51946 -0.694759 -5.51946 0.508231 0 1.05015 0 
2 1 0 5.21064 0.1 17.3557 -0.694788 -5.52089 -0.694788 -5.52089 0.533719 0 1 0 
1 1 0 5.21138 0.1 17.3557 -0.694947 -5.52583 -0.694947 -5.52583 0.706899 0 0.754928 0 
1 1 0 5.21299 0.1 22.6601 -0.695152 -5.53056 -0.695152 -5.53056 0.702539 0.19995 0.702539 -0.19995 
1 1 0 5.21506 0.1 16.5922 -0.69538 -5.53511 -0.69538 -5.53511 0.678597 0.270004 0.678597 -0.270004 
1 1 0 5.21739 0.1 13.966 -0.69562 -5.53952 -0.69562 -5.53952 0.657566 0.317553 0.657566 -0.317553 
1 1 0 5.21992 0.1 12.417 -0.695869 -5.54383 -0.695869 -5.54383 0.638613 0.353879 0.638613 -0.353879 
1 1 0 5.22258 0.1 11.3648 -0.696124 -5.54806 -0.696124 -5.54806 0.621233 0.383332 0.621233 -0.383332 
1 1 0 5.22534 0.1 10.589 -0.696383 -5.55221 -0.696383 -5.55221 0.605093 0.408101 0.605093 -0.408101 
1 1 0 5.22819 0.1 9.98546 -0.696645 -5.55632 -0.696645 -5.55632 0.589961 0.429457 0.589961 -0.429457 
1 1 0 5.2311 0.1 9.49772 -0.69691 -5.56037 -0.69691 -5.56037 0.57567 0.448209 0.57567 -0.448209 
1 1 0 5.23408 0.1 9.09234 -0.697178 -5.56438 -0.697178 -5.56438 0.562094 0.464902 0.562094 -0.464902 
1 1 0 5.2371 0.1 8.74799 -0.697447 -5.56836 -0.697447 -5.56836 0.549135 0.479925 0.549135 -0.479925 
1 1 0 5.24016 0.1 8.45038 -0.697718 -5.5723 -0.697718 -5.5723 0.536716 0.493563 0.536716 -0.493563 
1 1 0 5.24326 0.1 8.18954 -0.69799 -5.57621 -0.69799 -5.57621 0.524773 0.506034 0.524773 -0.506034 
1 1 0 5.2464 0.1 7.95823 -0.698263 -5.5801 -0.698263 -5.5801 0.513256 0.517505 0.513256 -0.517505 
1 1 0 5.24956 0.1 7.7511 -0.698537 -5.58396 -0.698537 -5.58396 0.502123 0.528111 0.502123 -0.528111 
1 1 0 5.25275 0.1 7.56405 -0.698812 -5.5878 -0.698812 -5.5878 0.491336 0.53796 0.491336 -0.53796 
1 1 0 5.25596 0.1 7.39392 -0.699088 -5.59162 -0.699088 -5.59162 0.480866 0.54714 0.480866 -0.54714 
1 1 0 5.2592 0.1 7.2382 -0.699365 -5.59542 -0.699365 -5.59542 0.470686 0.555724 0.470686 -0.555724 
1 1 0 5.26245 0.1 7.09488 -0.699642 -5.59921 -0.699642 -5.59921 0.460773 0.563774 0.460773 -0.563774 
1 1 0 5.26573 0.1 6.96232 -0.699919 -5.60298 -0.699919 -5.60298 0.451108 0.571343 0.451108 -0.571343 
1 1 0 5.26902 0.1 6.83919 -0.700198 -5.60673 -0.700198 -5.60673 0.441673 0.578475 0.441673 -0.578475 
1 1 0 5.27232 0.1 6.72436 -0.700476 -5.61047 -0.700476 -5.61047 0.432452 0.585209 0.432452 -0.585209 
1 1 0 5.27564 0.1 6.61689 -0.700755 -5.6142 -0.700755 -5.6142 0.423432 0.591579 0.423432 -0.591579 
1 1 0 5.27898 0.1 6.516 -0.701034 -5.61791 -0.701034 -5.61791 0.4146 0.597613 0.4146 -0.597613 
1 1 0 5.28233 0.1 6.42099 -0.701314 -5.62162 -0.701314 -5.62162 0.405945 0.603338 0.405945 -0.603338 
1 1 0 5.28569 0.1 6.3313 -0.701594 -5.62531 -0.701594 -5.62531 0.397458 0.608777 0.397458 -0.608777 
1 1 0 5.28906 0.1 6.24642 -0.701874 -5.62899 -0.701874 -5.62899 0.389128 0.613949 0.389128 -0.613949 
1 1 0 5.29244 0.1 6.16591 -0.702154 -5.63266 -0.702154 -5.63266 0.380948 0.618874 0.380948 -0.618874 
1 1 0 5.29583 0.1 6.08938 -0.702435 -5.63632 -0.702435 -5.63632 0.372911 0.623566 0.372911 -0.623566 
1 1 0 5.29924 0.1 6.0165 -0.702715 -5.63998 -0.702715 -5.63998 0.36501 0.628042 0.36501 -0.628042 
1 1 0 5.30265 0.1 5.94698 -0.702996 -5.64362 -0.702996 -5.64362 0.357237 0.632313 0.357237 -0.632313 
1 1 0 5.30607 0.1 5.88054 -0.703277 -5.64726 -0.703277 -5.64726 0.349588 0.636393 0.349588 -0.636393 
1 1 0 5.3095 0.1 5.81696 -0.703558 -5.65088 -0.703558 -5.65088 0.342057 0.640293 0.342057 -0.640293 
1 1 0 5.31294 0.1 5.75602 -0.703839 -5.65451 -0.703839 -5.65451 0.334639 0.644021 0.334639 -0.644021 
1 1 0 5.31638 0.1 5.69753 -0.704121 -5.65812 -0.704121 -5.65812 0.327329 0.647588 0.327329 -0.647588 
1 1 0 5.31983 0.1 5.64133 -0.704402 -5.66172 -0.704402 -5.66172 0.320124 0.651002 0.320124 -0.651002 
1 1 0 5.32329 0.1 5.58725 -0.704683 -5.66532 -0.704683 -5.66532 0.313019 0.654271 0.313019 -0.654271 
1 1 0 5.32676 0.1 5.53517 -0.704965 -5.66892 -0.704965 -5.66892 0.306011 0.657401 0.306011 -0.657401 
1 1 0 5.33023 0.1 5.48495 -0.705246 -5.6725 -0.705246 -5.6725 0.299096 0.660399 0.299096 -0.660399 
1 1 0 5.33371 0.1 5.43648 -0.705528 -5.67608 -0.705528 -5.67608 0.29227 0.663272 0.29227 -0.663272 
1 1 0 5.33719 0.1 5.38965 -0.705809 -5.67966 -0.705809 -5.67966 0.285532 0.666026 0.285532 -0.666026 
1 1 0 5.34068 0.1 5.34437 -0.706091 -5.68323 -0.706091 -5.68323 0.278877 0.668665 0.278877 -0.668665 
1 1 0 5.34418 0.1 5.30054 -0.706373 -5.68679 -0.706373 -5.68679 0.272304 0.671194 0.272304 -0.671194 
1 1 0 5.34768 0.1 5.2581 -0.706654 -5.69035 -0.706654 -5.69035 0.265809 0.673619 0.265809 -0.673619 
1 1 0 5.35119 0.1 5.21695 -0.706936 -5.6939 -0.706936 -5.6939 0.259391 0.675942 0.259391 -0.675942 
1 1 0 5.3547 0.1 5.17704 -0.707218 -5.69745 -0.707218 -5.69745 0.253047 0.67817 0.253047 -0.67817 
1 1 0 5.35822 0.1 5.1383 -0.707499 -5.70099 -0.707499 -5.70099 0.246776 0.680304 0.246776 -0.680304 
1 1 0 5.36174 0.1 5.10066 -0.707781 -5.70453 -0.707781 -5.70453 0.240574 0.682349 0.240574 -0.682349 
1 1 0 5.36527 0.1 5.06409 -0.708062 -5.70806 -0.708062 -5.70806 0.23444 0.684309 0.23444 -0.684309 
1 1 0 5.3688 0.1 5.02851 -0.708344 -5.71159 -0.708344 -5.71159 0.228373 0.686186 0.228373 -0.686186 
1 1 0 5.37233 0.1 4.99389 -0.708625 -5.71512 -0.708625 -5.71512 0.22237 0.687983 0.22237 -0.687983 
1 1 0 5.37587 0.1 4.96018 -0.708907 -5.71864 -0.708907 -5.71864 0.216431 0.689704 0.216431 -0.689704 
1 1 0 5.37942 0.1 4.92734 -0.709188 -5.72215 -0.709188 -5.72215 0.210552 0.69135 0.210552 -0.69135 
1 1 0 5.38296 0.1 4.89533 -0.709469 -5.72566 -0.709469 -5.72566 0.204734 0.692925 0.204734 -0.692925 
1 1 0 5.38652 0.1 4.86411 -0.709751 -5.72917 -0.709751 -5.72917 0.198974 0.69443 0.198974 -0.69443 
1 1 0 5.39007 0.1 4.83366 -0.710032 -5.73268 -0.710032 -5.73268 0.193272 0.695869 0.193272 -0.695869 
1 1 0 5.39363 0.1 4.80393 -0.710313 -5.73618 -0.710313 -5.73618 0.187625 0.697242 0.187625 -0.697242 
1 1 0 5.39719 0.1 4.7749 -0.710594 -5.73967 -0.710594 -5.73967 0.182034 0.698553 0.182034 -0.698553 
1 1 0 5.40076 0.1 4.74654 -0.710875 -5.74317 -0.710875 -5.74317 0.176496 0.699804 0.176496 -0.699804 
1 1 0 5.40433 0.1 4.71882 -0.711156 -5.74666 -0.711156 -5.74666 0.17101 0.700995 0.17101 -0.700995 
1 1 0 5.4079 0.1 4.69172 -0.711437 -5.75014 -0.711437 -5.75014 0.165576 0.702129 0.165576 -0.702129 
1 1 0 5.41148 0.1 4.66521 -0.711718 -5.75362 -0.711718 -5.75362 0.160192 0.703208 0.160192 -0.703208 
1 1 0 5.41506 0.1 4.63927 -0.711999 -5.7571 -0.711999 -5.7571 0.154857 0.704234 0.154857 -0.704234 
1 1 0 5.41864 0.1 4.61389 -0.712279 -5.76058 -0.712279 -5.76058 0.149571 0.705207 0.149571 -0.705207 
1 1 0 5.42223 0.1 4.58903 -0.71256 -5.76405 -0.71256 -5.76405 0.144332 0.706129 0.144332 -0.706129 
1 1 0 5.42582 0.1 4.56469 -0.71284 -5.76752 -0.71284 -5.76752 0.13914 0.707002 0.13914 -0.707002 
1 1 0 5.42941 0.1 4.54084 -0.713121 -5.77099 -0.713121 -5.77099 0.133994 0.707827 0.133994 -0.707827 
1 1 0 5.433 0.1 4.51746 -0.713401 -5.77445 -0.713401 -5.77445 0.128893 0.708606 0.128893 -0.708606 
1 1 0 5.4366 0.1 4.49455 -0.713681 -5.77791 -0.713681 -5.77791 0.123837 0.709339 0.123837 -0.709339 
1 1 0 5.4402 0.1 4.47207 -0.713961 -5.78137 -0.713961 -5.78137 0.118824 0.710028 0.118824 -0.710028 
1 1 0 5.44381 0.1 4.45003 -0.714241 -5.78483 -0.714241 -5.78483 0.113853 0.710674 0.113853 -0.710674 
1 1 0 5.44741 0.1 4.4284 -0.714521 -5.78828 -0.714521 -5.78828 0.108925 0.711278 0.108925 -0.711278 
1 1 0 5.45102 0.1 4.40718 -0.714801 -5.79173 -0.714801 -5.79173 0.104038 0.711842 0.104038 -0.711842 
1 1 0 5.45463 0.1 4.38634 -0.71508 -5.79518 -0.71508 -5.79518 0.0991919 0.712366 0.0991919 -0.712366 
1 1 0 5.45825 0.1 4.36588 -0.71536 -5.79862 -0.71536 -5.79862 0.0943861 0.712851 0.0943861 -0.712851 
1 1 0 5.46186 0.1 4.34579 -0.715639 -5.80206 -0.715639 -5.80206 0.08962 0.713298 0.08962 -0.713298 
1 1 0 5.46548 0.1 4.32605 -0.715919 -5.8055 -0.715919 -5.8055 0.0848926 0.713709 0.0848926 -0.713709 
1 1 0 5.4691 0.1 4.30666 -0.716198 -5.80894 -0.716198 -5.80894 0.0802039 0.714083 0.0802039 -0.714083 
1 1 0 5.47272 0.1 4.28759 -0.716477 -5.81237 -0.716477 -5.81237 0.0755531 0.714423 0.0755531 -0.714423 
1 1 0 5.47635 0.1 4.26886 -0.716756 -5.8158 -0.716756 -5.8158 0.0709399 0.714729 0.0709399 -0.714729 
1 1 0 5.47998 0.1 4.25043 -0.717035 -5.81923 -0.717035 -5.81923 0.0663634 0.715001 0.0663634 -0.715001 
1 1 0 5.48361 0.1 4.23232 -0.717314 -5.82266 -0.717314 -5.82266 0.0618233 0.71524 0.0618233 -0.71524 
1 1 0 5.48724 0.1 4.2145 -0.717592 -5.82609 -0.717592 -5.82609 0.0573193 0.715448 0.0573193 -0.715448 
1 1 0 5.49087 0.1 4.19697 -0.717871 -5.82951 -0.717871 -5.82951 0.0528507 0.715625 0.0528507 -0.715625 
1 1 0 5.49451 0.1 4.17972 -0.718149 -5.83293 -0.718149 -5.83293 0.0484172 0.715771 0.0484172 -0.715771 
1 1 0 5.49815 0.1 4.16274 -0.718428 -5.83635 -0.718428 -5.83635 0.0440182 0.715888 0.0440182 -0.715888 
1 1 0 5.50179 0.1 4.14603 -0.718706 -5.83976 -0.718706 -5.83976 0.0396536 0.715976 0.0396536 -0.715976 
1 1 0 5.50543 0.1 4.12958 -0.718984 -5.84317 -0.718984 -5.84317 0.0353226 0.716035 0.0353226 -0.716035 
1 1 0 5.50908 0.1 4.11339 -0.719262 -5.84659 -0.719262 -5.84659 0.0310251 0.716067 0.0310251 -0.716067 
1 1 0 5.51273 0.1 4.09744 -0.71954 -5.85 -0.71954 -5.85 0.0267606 0.716072 0.0267606 -0.716072 
1 1 0 5.51637 0.1 4.08173 -0.719817 -5.8534 -0.719817 -5.8534 0.0225287 0.71605 0.0225287 -0.71605 
1 1 0 5.52002 0.1 4.06625 -0.720095 -5.85681 -0.720095 -5.85681 0.0183293 0.716002 0.0183293 -0.716002 
1 1 0 5.52368 0.1 4.05101 -0.720372 -5.86021 -0.720372 -5.86021 0.0141617 0.715929 0.0141617 -0.715929 
1 1 0 5.52733 0.1 4.03598 -0.720649 -5.86361 -0.720649 -5.86361 0.0100258 0.715832 0.0100258 -0.715832 
1 1 0 5.53099 0.1 4.02118 -0.720927 -5.86701 -0.720927 -5.86701 0.00592117 0.71571 0.00592117 -0.71571 
1 1 0 5.53465 0.1 4.00659 -0.721204 -5.87041 -0.721204 -5.87041 0.00184744 0.715564 0.00184744 -0.715564 
1 1 0 5.53831 0.1 3.9922 -0.72148 -5.8738 -0.72148 -5.8738 -0.00219559 0.715396 -0.00219559 -0.715396 
1 1 0 5.54197 0.1 3.97802 -0.721757 -5.8772 -0.721757 -5.8772 -0.00620817 0.715205 -0.00620817 -0.715205 
1 1 0 5.54563 0.1 3.96403 -0.722034 -5.88059 -0.722034 -5.88059 -0.0101908 0.714991 -0.0101908 -0.714991 
1 1 0 5.5493 0.1 3.95024 -0.72231 -5.88398 -0.72231 -5.88398 -0.0141436 0.714756 -0.0141436 -0.714756 
1 1 0 5.55296 0.1 3.93664 -0.722587 -5.88737 -0.722587 -5.88737 -0.0180669 0.7145 -0.0180669 -0.7145 
1 1 0 5.55663 0.1 3.92323 -0.722863 -5.89075 -0.722863 -5.89075 -0.0219609 0.714223 -0.0219609 -0.714223 
1 1 0 5.5603 0.1 3.90999 -0.723139 -5.89414 -0.723139 -5.89414 -0.0258261 0.713925 -0.0258261 -0.713925 
1 1 0 5.56397 0.1 3.89694 -0.723415 -5.89752 -0.723415 -5.89752 -0.0296624 0.713608 -0.0296624 -0.713608 
1 1 0 5.56765 0.1 3.88405 -0.723691 -5.9009 -0.723691 -5.9009 -0.0334704 0.713271 -0.0334704 -0.713271 
1 1 0 5.57132 0.1 3.87134 -0.723966 -5.90428 -0.723966 -5.90428 -0.0372502 0.712915 -0.0372502 -0.712915 
1 1 0 5.575 0.1 3.8588 -0.724242 -5.90766 -0.724242 -5.90766 -0.0410019 0.712541 -0.0410019 -0.712541 
1 1 0 5.57868 0.1 3.84641 -0.724517 -5.91103 -0.724517 -5.91103 -0.0447261 0.712148 -0.0447261 -0.712148 
1 1 0 5.58236 0.1 3.83419 -0.724792 -5.91441 -0.724792 -5.91441 -0.0484224 0.711738 -0.0484224 -0.711738 
1 1 0 5.58604 0.1 3.82212 -0.725067 -5.91778 -0.725067 -5.91778 -0.0520916 0.71131 -0.0520916 -0.71131 
1 1 0 5.58972 0.1 3.81021 -0.725342 -5.92115 -0.725342 -5.92115 -0.0557339 0.710865 -0.0557339 -0.710865 
1 1 0 5.5934 0.1 3.79845 -0.725617 -5.92452 -0.725617 -5.92452 -0.059349 0.710403 -0.059349 -0.710403 
1 1 0 5.59709 0.1 3.78683 -0.725892 -5.92789 -0.725892 -5.92789 -0.0629377 0.709925 -0.0629377 -0.709925 
1 1 0 5.60078 0.1 3.77536 -0.726166 -5.93126 -0.726166 -5.93126 -0.0664999 0.709431 -0.0664999 -0.709431 
1 1 0 5.60446 0.1 3.76403 -0.726441 -5.93462 -0.726441 -5.93462 -0.0700357 0.708921 -0.0700357 -0.708921 
1 1 0 5.60815 0.1 3.75285 -0.726715 -5.93798 -0.726715 -5.93798 -0.0735456 0.708396 -0.0735456 -0.708396 
1 1 0 5.61184 0.1 3.74179 -0.726989 -5.94134 -0.726989 -5.94134 -0.0770294 0.707857 -0.0770294 -0.707857 
1 1 0 5.61554 0.1 3.73088 -0.727263 -5.9447 -0.727263 -5.9447 -0.0804877 0.707302 -0.0804877 -0.707302 
1 1 0 5.61923 0.1 3.72009 -0.727537 -5.94806 -0.727537 -5.94806 -0.0839204 0.706733 -0.0839204 -0.706733 
1 1 0 5.62293 0.1 3.70943 -0.72781 -5.95142 -0.72781 -5.95142 -0.0873277 0.70615 -0.0873277 -0.70615 
1 1 0 5.62662 0.1 3.69891 -0.728084 -5.95478 -0.728084 -5.95478 -0.0907099 0.705553 -0.0907099 -0.705553 
1 1 0 5.63032 0.1 3.6885 -0.728357 -5.95813 -0.728357 -5.95813 -0.0940671 0.704943 -0.0940671 -0.704943 
1 1 0 5.63402 0.1 3.67822 -0.72863 -5.96148 -0.72863 -5.96148 -0.0973993 0.70432 -0.0973993 -0.70432 
1 1 0 5.63772 0.1 3.66806 -0.728903 -5.96483 -0.728903 -5.96483 -0.100707 0.703684 -0.100707 -0.703684 
1 1 0 5.64142 0.1 3.65802 -0.729176 -5.96818 -0.729176 -5.96818 -0.10399 0.703036 -0.10399 -0.703036 
1 1 0 5.64513 0.1 3.64809 -0.729449 -5.97153 -0.729449 -5.97153 -0.107249 0.702375 -0.107249 -0.702375 
1 1 0 5.64883 0.1 3.63828 -0.729722 -5.97488 -0.729722 -5.97488 -0.110483 0.701702 -0.110483 -0.701702 
1 1 0 5.65254 0.1 3.62859 -0.729994 -5.97823 -0.729994 -5.97823 -0.113693 0.701018 -0.113693 -0.701018 
1 1 0 5.65624 0.1 3.619 -0.730266 -5.98157 -0.730266 -5.98157 -0.11688 0.700322 -0.11688 -0.700322 
1 1 0 5.65995 0.1 3.60952 -0.730539 -5.98491 -0.730539 -5.98491 -0.120043 0.699616 -0.120043 -0.699616 
1 1 0 5.66366 0.1 3.60015 -0.730811 -5.98825 -0.730811 -5.98825 -0.123181 0.698898 -0.123181 -0.698898 
1 1 0 5.66737 0.1 3.59089 -0.731083 -5.99159 -0.731083 -5.99159 -0.126297 0.69817 -0.126297 -0.69817 
1 1 0 5.67108 0.1 3.58173 -0.731354 -5.99493 -0.731354 -5.99493 -0.129389 0.697431 -0.129389 -0.697431 
1 1 0 5.6748 0.1 3.57267 -0.731626 -5.99827 -0.731626 -5.99827 -0.132458 0.696683 -0.132458 -0.696683 
1 1 0 5.67851 0.1 3.56371 -0.731897 -6.00161 -0.731897 -6.00161 -0.135504 0.695924 -0.135504 -0.695924 
1 1 0 5.68223 0.1 3.55486 -0.732168 -6.00494 -0.732168 -6.00494 -0.138526 0.695156 -0.138526 -0.695156 
1 1 0 5.68594 0.1 3.5461 -0.73244 -6.00828 -0.73244 -6.00828 -0.141526 0.694379 -0.141526 -0.694379 
1 1 0 5.68966 0.1 3.53744 -0.732711 -6.01161 -0.732711 -6.01161 -0.144503 0.693593 -0.144503 -0.693593 
1 1 0 5.69338 0.1 3.52887 -0.732981 -6.01494 -0.732981 -6.01494 -0.147457 0.692797 -0.147457 -0.692797 
1 1 0 5.6971 0.1 3.5204 -0.733252 -6.01827 -0.733252 -6.01827 -0.150389 0.691994 -0.150389 -0.691994 
1 1 0 5.70082 0.1 3.51201 -0.733522 -6.0216 -0.733522 -6.0216 -0.153298 0.691181 -0.153298 -0.691181 
1 1 0 5.70454 0.1 3.50372 -0.733793 -6.02493 -0.733793 -6.02493 -0.156185 0.690361 -0.156185 -0.690361 
1 1 0 5.70826 0.1 3.49552 -0.734063 -6.02825 -0.734063 -6.02825 -0.15905 0.689533 -0.15905 -0.689533 
1 1 0 5.71199 0.1 3.48741 -0.734333 -6.03158 -0.734333 -6.03158 -0.161892 0.688696 -0.161892 -0.688696 
1 1 0 5.71571 0.1 3.47939 -0.734603 -6.0349 -0.734603 -6.0349 -0.164713 0.687853 -0.164713 -0.687853 
1 1 0 5.71944 0.1 3.47145 -0.734873 -6.03822 -0.734873 -6.03822 -0.167512 0.687002 -0.167512 -0.687002 
1 1 0 5.72317 0.1 3.4636 -0.735142 -6.04155 -0.735142 -6.04155 -0.170289 0.686144 -0.170289 -0.686144 
1 1 0 5.7269 0.1 3.45583 -0.735412 -6.04487 -0.735412 -6.04487 -0.173044 0.68528 -0.173044 -0.68528 
1 1 0 5.73063 0.1 3.44814 -0.735681 -6.04819 -0.735681 -6.04819 -0.175778 0.684409 -0.175778 -0.684409 
1 1 0 5.73436 0.1 3.44054 -0.73595 -6.0515 -0.73595 -6.0515 -0.17849 0.683531 -0.17849 -0.683531 
1 1 0 5.73809 0.1 3.43302 -0.736219 -6.05482 -0.736219 -6.05482 -0.18118 0.682647 -0.18118 -0.682647 
1 1 0 5.74182 0.1 3.42557 -0.736488 -6.05814 -0.736488 -6.05814 -0.18385 0.681757 -0.18385 -0.681757 
1 1 0 5.74556 0.1 3.41821 -0.736756 -6.06145 -0.736756 -6.06145 -0.186498 0.680861 -0.186498 -0.680861 
1 1 0 5.74929 0.1 3.41092 -0.737025 -6.06476 -0.737025 -6.06476 -0.189125 0.67996 -0.189125 -0.67996 
1 1 0 5.75303 0.1 3.40371 -0.737293 -6.06808 -0.737293 -6.06808 -0.191731 0.679054 -0.191731 -0.679054 
1 1 0 5.75676 0.1 3.39657 -0.737562 -6.07139 -0.737562 -6.07139 -0.194316 0.678142 -0.194316 -0.678142 
1 1 0 5.7605 0.1 3.38951 -0.73783 -6.0747 -0.73783 -6.0747 -0.196879 0.677225 -0.196879 -0.677225 
1 1 0 5.76424 0.1 3.38253 -0.738097 -6.07801 -0.738097 -6.07801 -0.199423 0.676303 -0.199423 -0.676303 
1 1 0 5.76798 0.1 3.37561 -0.738365 -6.08132 -0.738365 -6.08132 -0.201945 0.675377 -0.201945 -0.675377 
1 1 0 5.77172 0.1 3.36877 -0.738633 -6.08462 -0.738633 -6.08462 -0.204447 0.674446 -0.204447 -0.674446 
1 1 0 5.77546 0.1 3.36201 -0.7389 -6.08793 -0.7389 -6.08793 -0.206928 0.673511 -0.206928 -0.673511 
1 1 0 5.7792 0.1 3.35531 -0.739167 -6.09123 -0.739167 -6.09123 -0.209389 0.672572 -0.209389 -0.672572 
1 1 0 5.78295 0.1 3.34868 -0.739434 -6.09454 -0.739434 -6.09454 -0.211829 0.67163 -0.211829 -0.67163 
1 1 0 5.78669 0.1 3.34212 -0.739701 -6.09784 -0.739701 -6.09784 -0.214249 0.670683 -0.214249 -0.670683 
1 1 0 5.79044 0.1 3.33563 -0.739968 -6.10114 -0.739968 -6.10114 -0.216648 0.669733 -0.216648 -0.669733 
1 1 0 5.79418 0.1 3.32921 -0.740235 -6.10444 -0.740235 -6.10444 -0.219028 0.66878 -0.219028 -0.66878 
1 1 0 5.79793 0.1 3.32285 -0.740501 -6.10774 -0.740501 -6.10774 -0.221387 0.667823 -0.221387 -0.667823 
1 1 0 5.80168 0.1 3.31656 -0.740768 -6.11104 -0.740768 -6.11104 -0.223726 0.666864 -0.223726 -0.666864 
1 1 0 5.80543 0.1 3.31034 -0.741034 -6.11434 -0.741034 -6.11434 -0.226046 0.665901 -0.226046 -0.665901 
1 1 0 5.80918 0.1 3.30418 -0.7413 -6.11763 -0.7413 -6.11763 -0.228345 0.664937 -0.228345 -0.664937 
1 1 0 5.81293 0.1 3.29808 -0.741566 -6.12093 -0.741566 -6.12093 -0.230624 0.663969 -0.230624 -0.663969 
1 1 0 5.81668 0.1 3.29205 -0.741831 -6.12422 -0.741831 -6.12422 -0.232884 0.663 -0.232884 -0.663 
1 1 0 5.82043 0.1 3.28609 -0.742097 -6.12752 -0.742097 -6.12752 -0.235124 0.662028 -0.235124 -0.662028 
1 1 0 5.82419 0.1 3.28018 -0.742362 -6.13081 -0.742362 -6.13081 -0.237344 0.661055 -0.237344 -0.661055 
1 1 0 5.82794 0.1 3.27434 -0.742627 -6.1341 -0.742627 -6.1341 -0.239544 0.660079 -0.239544 -0.660079 
1 1 0 5.8317 0.1 3.26855 -0.742893 -6.13739 -0.742893 -6.13739 -0.241725 0.659102 -0.241725 -0.659102 
1 1 0 5.83545 0.1 3.26283 -0.743157 -6.14068 -0.743157 -6.14068 -0.243886 0.658124 -0.243886 -0.658124 
1 1 0 5.83921 0.1 3.25717 -0.743422 -6.14397 -0.743422 -6.14397 -0.246028 0.657144 -0.246028 -0.657144 
1 1 0 5.84297 0.1 3.25157 -0.743687 -6.14726 -0.743687 -6.14726 -0.248151 0.656164 -0.248151 -0.656164 
1 1 0 5.84673 0.1 3.24602 -0.743951 -6.15054 -0.743951 -6.15054 -0.250254 0.655182 -0.250254 -0.655182 
1 1 0 5.85049 0.1 3.24054 -0.744215 -6.15383 -0.744215 -6.15383 -0.252338 0.6542 -0.252338 -0.6542 
1 1 0 5.85425 0.1 3.23511 -0.74448 -6.15711 -0.74448 -6.15711 -0.254403 0.653217 -0.254403 -0.653217 
1 1 0 5.85801 0.1 3.22974 -0.744744 -6.1604 -0.744744 -6.1604 -0.256448 0.652233 -0.256448 -0.652233 
1 1 0 5.86177 0.1 3.22443 -0.745007 -6.16368 -0.745007 -6.16368 -0.258475 0.65125 -0.258475 -0.65125 
1 1 0 5.86553 0.1 3.21917 -0.745271 -6.16696 -0.745271 -6.16696 -0.260482 0.650266 -0.260482 -0.650266 
1 1 0 5.8693 0.1 3.21397 -0.745535 -6.17024 -0.745535 -6.17024 -0.262471 0.649282 -0.262471 -0.649282 
1 1 0 5.87306 0.1 3.20883 -0.745798 -6.17352 -0.745798 -6.17352 -0.26444 0.648298 -0.26444 -0.648298 
1 1 0 5.87683 0.1 3.20374 -0.746061 -6.1768 -0.746061 -6.1768 -0.26639 0.647315 -0.26639 -0.647315 
1 1 0 5.88059 0.1 3.1987 -0.746324 -6.18008 -0.746324 -6.18008 -0.268322 0.646332 -0.268322 -0.646332 
1 1 0 5.88436 0.1 3.19372 -0.746587 -6.18336 -0.746587 -6.18336 -0.270235 0.64535 -0.270235 -0.64535 
1 1 0 5.88813 0.1 3.1888 -0.74685 -6.18663 -0.74685 -6.18663 -0.272129 0.644368 -0.272129 -0.644368 
1 1 0 5.8919 0.1 3.18392 -0.747112 -6.18991 -0.747112 -6.18991 -0.274004 0.643388 -0.274004 -0.643388 
1 1 0 5.89567 0.1 3.1791 -0.747375 -6.19318 -0.747375 -6.19318 -0.275861 0.642408 -0.275861 -0.642408 
1 1 0 5.89944 0.1 3.17434 -0.747637 -6.19646 -0.747637 -6.19646 -0.277699 0.64143 -0.277699 -0.64143 
1 1 0 5.90321 0.1 3.16962 -0.747899 -6.19973 -0.747899 -6.19973 -0.279518 0.640453 -0.279518 -0.640453 
1 1 0 5.90698 0.1 3.16496 -0.748161 -6.203 -0.748161 -6.203 -0.281319 0.639478 -0.281319 -0.639478 
1 1 0 5.91075 0.1 3.16034 -0.748423 -6.20627 -0.748423 -6.20627 -0.283101 0.638504 -0.283101 -0.638504 
1 1 0 5.91453 0.1 3.15578 -0.748684 -6.20954 -0.748684 -6.20954 -0.284865 0.637532 -0.284865 -0.637532 
1 1 0 5.9183 0.1 3.15127 -0.748946 -6.21281 -0.748946 -6.21281 -0.28661 0.636562 -0.28661 -0.636562 
1 1 0 5.92208 0.1 3.14681 -0.749207 -6.21608 -0.749207 -6.21608 -0.288338 0.635594 -0.288338 -0.635594 
1 1 0 5.92585 0.1 3.1424 -0.749468 -6.21935 -0.749468 -6.21935 -0.290046 0.634629 -0.290046 -0.634629 
1 1 0 5.92963 0.1 3.13804 -0.749729 -6.22261 -0.749729 -6.22261 -0.291737 0.633666 -0.291737 -0.633666 
1 1 0 5.93341 0.1 3.13373 -0.74999 -6.22588 -0.74999 -6.22588 -0.293409 0.632705 -0.293409 -0.632705 
1 1 0 5.93718 0.1 3.12947 -0.75025 -6.22914 -0.75025 -6.22914 -0.295063 0.631747 -0.295063 -0.631747 
1 1 0 5.94096 0.1 3.12526 -0.750511 -6.23241 -0.750511 -6.23241 -0.296699 0.630791 -0.296699 -0.630791 
1 1 0 5.94474 0.1 3.1211 -0.750771 -6.23567 -0.750771 -6.23567 -0.298316 0.629839 -0.298316 -0.629839 
1 1 0 5.94852 0.1 3.11698 -0.751031 -6.23893 -0.751031 -6.23893 -0.299916 0.62889 -0.299916 -0.62889 
1 1 0 5.9523 0.1 3.11292 -0.751291 -6.24219 -0.751291 -6.24219 -0.301497 0.627944 -0.301497 -0.627944 
1 1 0 5.95609 0.1 3.1089 -0.751551 -6.24545 -0.751551 -6.24545 -0.30306 0.627001 -0.30306 -0.627001 
1 1 0 5.95987 0.1 3.10492 -0.751811 -6.24871 -0.751811 -6.24871 -0.304606 0.626062 -0.304606 -0.626062 
1 1 0 5.96365 0.1 3.101 -0.752071 -6.25197 -0.752071 -6.25197 -0.306133 0.625127 -0.306133 -0.625127 
1 1 0 5.96744 0.1 3.09712 -0.75233 -6.25523 -0.75233 -6.25523 -0.307642 0.624195 -0.307642 -0.624195 
1 1 0 5.97122 0.1 3.09329 -0.752589 -6.25849 -0.752589 -6.25849 -0.309134 0.623267 -0.309134 -0.623267 
1 1 0 5.97501 0.1 3.0895 -0.752848 -6.26174 -0.752848 -6.26174 -0.310608 0.622342 -0.310608 -0.622342 
1 1 0 5.97879 0.1 3.08577 -0.753107 -6.265 -0.753107 -6.265 -0.312063 0.621423 -0.312063 -0.621423 
1 1 0 5.98258 0.1 3.08207 -0.753366 -6.26825 -0.753366 -6.26825 -0.313501 0.620507 -0.313501 -0.620507 
1 1 0 5.98637 0.1 3.07843 -0.753625 -6.27151 -0.753625 -6.27151 -0.314921 0.619596 -0.314921 -0.619596 
1 1 0 5.99016 0.1 3.07483 -0.753883 -6.27476 -0.753883 -6.27476 -0.316324 0.618689 -0.316324 -0.618689 
1 1 0 5.99395 0.1 3.07127 -0.754141 -6.27801 -0.754141 -6.27801 -0.317709 0.617787 -0.317709 -0.617787 
1 1 0 5.99774 0.1 3.06776 -0.754399 -6.28126 -0.754399 -6.28126 -0.319076 0.61689 -0.319076 -0.61689 
1 1 0 6.00153 0.1 3.06429 -0.754657 -6.28451 -0.754657 -6.28451 -0.320425 0.615997 -0.320425 -0.615997 
1 1 0 6.00532 0.1 3.06087 -0.754915 -6.28776 -0.754915 -6.28776 -0.321757 0.61511 -0.321757 -0.61511 
1 1 0 6.00911 0.1 3.0575 -0.755173 -6.29101 -0.755173 -6.29101 -0.323071 0.614227 -0.323071 -0.614227 
1 1 0 6.0129 0.1 3.05416 -0.75543 -6.29426 -0.75543 -6.29426 -0.324367 0.61335 -0.324367 -0.61335 
1 1 0 6.0167 0.1 3.05087 -0.755688 -6.2975 -0.755688 -6.2975 -0.325646 0.612478 -0.325646 -0.612478 
1 1 0 6.02049 0.1 3.04763 -0.755945 -6.30075 -0.755945 -6.30075 -0.326908 0.611612 -0.326908 -0.611612 
1 1 0 6.02429 0.1 3.04443 -0.756202 -6.304 -0.756202 -6.304 -0.328152 0.610751 -0.328152 -0.610751 
1 1 0 6.02808 0.1 3.04127 -0.756459 -6.30724 -0.756459 -6.30724 -0.329378 0.609896 -0.329378 -0.609896 
1 1 0 6.03188 0.1 3.03816 -0.756716 -6.31048 -0.756716 -6.31048 -0.330588 0.609047 -0.330588 -0.609047 
1 1 0 6.03567 0.1 3.03509 -0.756972 -6.31373 -0.756972 -6.31373 -0.331779 0.608204 -0.331779 -0.608204 
1 1 0 6.03947 0.1 3.03206 -0.757229 -6.31697 -0.757229 -6.31697 -0.332953 0.607367 -0.332953 -0.607367 
1 1 0 6.04327 0.1 3.02908 -0.757485 -6.32021 -0.757485 -6.32021 -0.33411 0.606536 -0.33411 -0.606536 
1 1 0 6.04707 0.1 3.02613 -0.757741 -6.32345 -0.757741 -6.32345 -0.33525 0.605712 -0.33525 -0.605712 
1 1 0 6.05087 0.1 3.02324 -0.757997 -6.32669 -0.757997 -6.32669 -0.336372 0.604894 -0.336372 -0.604894 
1 1 0 6.05467 0.1 3.02038 -0.758253 -6.32993 -0.758253 -6.32993 -0.337477 0.604082 -0.337477 -0.604082 
1 1 0 6.05847 0.1 3.01756 -0.758508 -6.33317 -0.758508 -6.33317 -0.338564 0.603277 -0.338564 -0.603277 
1 1 0 6.06227 0.1 3.01479 -0.758764 -6.33641 -0.758764 -6.33641 -0.339634 0.602479 -0.339634 -0.602479 
1 1 0 6.06608 0.1 3.01206 -0.759019 -6.33964 -0.759019 -6.33964 -0.340688 0.601687 -0.340688 -0.601687 
1 1 0 6.06988 0.1 3.00938 -0.759274 -6.34288 -0.759274 -6.34288 -0.341723 0.600903 -0.341723 -0.600903 
1 1 0 6.07368 0.1 3.00673 -0.759529 -6.34611 -0.759529 -6.34611 -0.342742 0.600125 -0.342742 -0.600125 
1 1 0 6.07749 0.1 3.00412 -0.759784 -6.34935 -0.759784 -6.34935 -0.343743 0.599355 -0.343743 -0.599355 
1 1 0 6.08129 0.1 3.00156 -0.760039 -6.35258 -0.760039 -6.35258 -0.344728 0.598592 -0.344728 -0.598592 
1 1 0 6.0851 0.1 2.99904 -0.760293 -6.35581 -0.760293 -6.35581 -0.345695 0.597836 -0.345695 -0.597836 
1 1 0 6.0889 0.1 2.99656 -0.760548 -6.35905 -0.760548 -6.35905 -0.346645 0.597088 -0.346645 -0.597088 
1 1 0 6.09271 0.1 2.99412 -0.760802 -6.36228 -0.760802 -6.36228 -0.347578 0.596347 -0.347578 -0.596347 
1 1 0 6.09652 0.1 2.99173 -0.761056 -6.36551 -0.761056 -6.36551 -0.348493 0.595614 -0.348493 -0.595614 
1 1 0 6.10033 0.1 2.98937 -0.76131 -6.36874 -0.76131 -6.36874 -0.349392 0.594888 -0.349392 -0.594888 
1 1 0 6.10414 0.1 2.98705 -0.761564 -6.37196 -0.761564 -6.37196 -0.350274 0.594171 -0.350274 -0.594171 
1 1 0 6.10795 0.1 2.98478 -0.761817 -6.37519 -0.761817 -6.37519 -0.351138 0.593461 -0.351138 -0.593461 
1 1 0 6.11176 0.1 2.98255 -0.762071 -6.37842 -0.762071 -6.37842 -0.351986 0.59276 -0.351986 -0.59276 
1 1 0 6.11557 0.1 2.98035 -0.762324 -6.38165 -0.762324 -6.38165 -0.352817 0.592066 -0.352817 -0.592066 
1 1 0 6.11938 0.1 2.9782 -0.762577 -6.38487 -0.762577 -6.38487 -0.35363 0.591382 -0.35363 -0.591382 
1 1 0 6.12319 0.1 2.97609 -0.76283 -6.3881 -0.76283 -6.3881 -0.354427 0.590705 -0.354427 -0.590705 
1 1 0 6.12701 0.1 2.97402 -0.763083 -6.39132 -0.763083 -6.39132 -0.355206 0.590036 -0.355206 -0.590036 
1 1 0 6.13082 0.1 2.97199 -0.763335 -6.39454 -0.763335 -6.39454 -0.355969 0.589376 -0.355969 -0.589376 
1 1 0 6.13464 0.1 2.97 -0.763588 -6.39777 -0.763588 -6.39777 -0.356715 0.588725 -0.356715 -0.588725 
1 1 0 6.13845 0.1 2.96805 -0.76384 -6.40099 -0.76384 -6.40099 -0.357444 0.588082 -0.357444 -0.588082 
1 1 0 6.14227 0.1 2.96614 -0.764092 -6.40421 -0.764092 -6.40421 -0.358156 0.587448 -0.358156 -0.587448 
1 1 0 6.14608 0.1 2.96427 -0.764344 -6.40743 -0.764344 -6.40743 -0.358851 0.586823 -0.358851 -0.586823 
1 1 0 6.1499 0.1 2.96244 -0.764596 -6.41065 -0.764596 -6.41065 -0.359529 0.586207 -0.359529 -0.586207 
1 1 0 6.15372 0.1 2.96065 -0.764848 -6.41387 -0.764848 -6.41387 -0.36019 0.5856 -0.36019 -0.5856 
1 1 0 6.15754 0.1 2.9589 -0.7651 -6.41709 -0.7651 -6.41709 -0.360835 0.585002 -0.360835 -0.585002 
1 1 0 6.16136 0.1 2.95719 -0.765351 -6.4203 -0.765351 -6.4203 -0.361462 0.584412 -0.361462 -0.584412 
1 1 0 6.16518 0.1 2.95552 -0.765602 -6.42352 -0.765602 -6.42352 -0.362073 0.583833 -0.362073 -0.583833 
1 1 0 6.169 0.1 2.9539 -0.765853 -6.42674 -0.765853 -6.42674 -0.362667 0.583262 -0.362667 -0.583262 
1 1 0 6.17282 0.1 2.95231 -0.766104 -6.42995 -0.766104 -6.42995 -0.363244 0.582701 -0.363244 -0.582701 
1 1 0 6.17664 0.1 2.95076 -0.766355 -6.43317 -0.766355 -6.43317 -0.363805 0.582149 -0.363805 -0.582149 
1 1 0 6.18046 0.1 2.94925 -0.766606 -6.43638 -0.766606 -6.43638 -0.364348 0.581607 -0.364348 -0.581607 
1 1 0 6.18429 0.1 2.94778 -0.766856 -6.43959 -0.766856 -6.43959 -0.364875 0.581074 -0.364875 -0.581074 
1 1 0 6.18811 0.1 2.94634 -0.767107 -6.4428 -0.767107 -6.4428 -0.365385 0.580551 -0.365385 -0.580551 
1 1 0 6.19193 0.1 2.94495 -0.767357 -6.44601 -0.767357 -6.44601 -0.365878 0.580038 -0.365878 -0.580038 
1 1 0 6.19576 0.1 2.9436 -0.767607 -6.44922 -0.767607 -6.44922 -0.366354 0.579534 -0.366354 -0.579534 
1 1 0 6.19958 0.1 2.94229 -0.767857 -6.45243 -0.767857 -6.45243 -0.366814 0.57904 -0.366814 -0.57904 
1 1 0 6.20341 0.1 2.94102 -0.768106 -6.45564 -0.768106 -6.45564 -0.367257 0.578556 -0.367257 -0.578556 
1 1 0 6.20724 0.1 2.93978 -0.768356 -6.45885 -0.768356 -6.45885 -0.367683 0.578082 -0.367683 -0.578082 
1 1 0 6.21106 0.1 2.93859 -0.768605 -6.46206 -0.768605 -6.46206 -0.368093 0.577618 -0.368093 -0.577618 
1 1 0 6.21489 0.1 2.93744 -0.768855 -6.46527 -0.768855 -6.46527 -0.368485 0.577164 -0.368485 -0.577164 
1 1 0 6.21872 0.1 2.93632 -0.769104 -6.46847 -0.769104 -6.46847 -0.368861 0.576721 -0.368861 -0.576721 
1 1 0 6.22255 0.1 2.93525 -0.769353 -6.47168 -0.769353 -6.47168 -0.369221 0.576287 -0.369221 -0.576287 
1 1 0 6.22638 0.1 2.93421 -0.769601 -6.47488 -0.769601 -6.47488 -0.369563 0.575864 -0.369563 -0.575864 
1 1 0 6.23021 0.1 2.93322 -0.76985 -6.47808 -0.76985 -6.47808 -0.369889 0.57545 -0.369889 -0.57545 
1 1 0 6.23404 0.1 2.93226 -0.770099 -6.48129 -0.770099 -6.48129 -0.370198 0.575047 -0.370198 -0.575047 
1 1 0 6.23788 0.1 2.93134 -0.770347 -6.48449 -0.770347 -6.48449 -0.370491 0.574655 -0.370491 -0.574655 
1 1 0 6.24171 0.1 2.93046 -0.770595 -6.48769 -0.770595 -6.48769 -0.370767 0.574273 -0.370767 -0.574273 
1 1 0 6.24554 0.1 2.92963 -0.770843 -6.49089 -0.770843 -6.49089 -0.371026 0.573901 -0.371026 -0.573901 
1 1 0 6.24938 0.1 2.92883 -0.771091 -6.49409 -0.771091 -6.49409 -0.371268 0.57354 -0.371268 -0.57354 
1 1 0 6.25321 0.1 2.92807 -0.771339 -6.49729 -0.771339 -6.49729 -0.371494 0.57319 -0.371494 -0.57319 
1 1 0 6.25705 0.1 2.92735 -0.771586 -6.50049 -0.771586 -6.50049 -0.371703 0.57285 -0.371703 -0.57285 
1 1 0 6.26088 0.1 2.92667 -0.771834 -6.50369 -0.771834 -6.50369 -0.371895 0.57252 -0.371895 -0.57252 
1 1 0 6.26472 0.1 2.92603 -0.772081 -6.50688 -0.772081 -6.50688 -0.372071 0.572201 -0.372071 -0.572201 
1 1 0 6.26856 0.1 2.92543 -0.772328 -6.51008 -0.772328 -6.51008 -0.37223 0.571893 -0.37223 -0.571893 
1 1 0 6.27239 0.1 2.92486 -0.772575 -6.51327 -0.772575 -6.51327 -0.372372 0.571596 -0.372372 -0.571596 
1 1 0 6.27623 0.1 2.92434 -0.772822 -6.51647 -0.772822 -6.51647 -0.372498 0.571309 -0.372498 -0.571309 
1 1 0 6.28007 0.1 2.92386 -0.773068 -6.51966 -0.773068 -6.51966 -0.372607 0.571033 -0.372607 -0.571033 
1 1 0 6.28391 0.1 2.92341 -0.773315 -6.52286 -0.773315 -6.52286 -0.372699 0.570768 -0.372699 -0.570768 
1 1 0 6.28775 0.1 2.92301 -0.773561 -6.52605 -0.773561 -6.52605 -0.372774 0.570513 -0.372774 -0.570513 
1 1 0 6.29159 0.1 2.92265 -0.773807 -6.52924 -0.773807 -6.52924 -0.372833 0.57027 -0.372833 -0.57027 
1 1 0 6.29543 0.1 2.92232 -0.774053 -6.53243 -0.774053 -6.53243 -0.372876 0.570037 -0.372876 -0.570037 
1 1 0 6.29928 0.1 2.92204 -0.774299 -6.53562 -0.774299 -6.53562 -0.372901 0.569815 -0.372901 -0.569815 
1 1 0 6.30312 0.1 2.92179 -0.774545 -6.53881 -0.774545 -6.53881 -0.37291 0.569604 -0.37291 -0.569604 
1 1 0 6.30696 0.1 2.92159 -0.774791 -6.542 -0.774791 -6.542 -0.372902 0.569404 -0.372902 -0.569404 
1 1 0 6.31081 0.1 2.92142 -0.775036 -6.54518 -0.775036 -6.54518 -0.372877 0.569215 -0.372877 -0.569215 
1 1 0 6.31465 0.1 2.92129 -0.775281 -6.54837 -0.775281 -6.54837 -0.372836 0.569037 -0.372836 -0.569037 
1 1 0 6.3185 0.1 2.92121 -0.775526 -6.55156 -0.775526 -6.55156 -0.372778 0.568869 -0.372778 -0.568869 
1 1 0 6.32235 0.1 2.92116 -0.775771 -6.55474 -0.775771 -6.55474 -0.372704 0.568713 -0.372704 -0.568713 
1 1 0 6.32619 0.1 2.92115 -0.776016 -6.55793 -0.776016 -6.55793 -0.372612 0.568568 -0.372612 -0.568568 
1 1 0 6.33004 0.1 2.92119 -0.776261 -6.56111 -0.776261 -6.56111 -0.372504 0.568433 -0.372504 -0.568433 
1 1 0 6.33389 0.1 2.92126 -0.776505 -6.56429 -0.776505 -6.56429 -0.372379 0.568309 -0.372379 -0.568309 
1 1 0 6.33774 0.1 2.92137 -0.77675 -6.56748 -0.77675 -6.56748 -0.372238 0.568197 -0.372238 -0.568197 
1 1 0 6.34159 0.1 2.92153 -0.776994 -6.57066 -0.776994 -6.57066 -0.372079 0.568095 -0.372079 -0.568095 
1 1 0 6.34544 0.1 2.92172 -0.777238 -6.57384 -0.777238 -6.57384 -0.371905 0.568004 -0.371905 -0.568004 
1 1 0 6.34929 0.1 2.92196 -0.777482 -6.57702 -0.777482 -6.57702 -0.371713 0.567925 -0.371713 -0.567925 
1 1 0 6.35314 0.1 2.92223 -0.777726 -6.5802 -0.777726 -6.5802 -0.371504 0.567856 -0.371504 -0.567856 
1 1 0 6.35699 0.1 2.92254 -0.777969 -6.58338 -0.777969 -6.58338 -0.371279 0.567798 -0.371279 -0.567798 
1 1 0 6.36084 0.1 2.9229 -0.778213 -6.58655 -0.778213 -6.58655 -0.371037 0.567751 -0.371037 -0.567751 
1 1 0 6.3647 0.1 2.92329 -0.778456 -6.58973 -0.778456 -6.58973 -0.370778 0.567715 -0.370778 -0.567715 
1 1 0 6.36855 0.1 2.92373 -0.778699 -6.59291 -0.778699 -6.59291 -0.370502 0.567689 -0.370502 -0.567689 
1 1 0 6.37241 0.1 2.9242 -0.778942 -6.59608 -0.778942 -6.59608 -0.37021 0.567675 -0.37021 -0.567675 
1 1 0 6.37626 0.1 2.92472 -0.779185 -6.59926 -0.779185 -6.59926 -0.3699 0.567672 -0.3699 -0.567672 
1 1 0 6.38012 0.1 2.92528 -0.779428 -6.60243 -0.779428 -6.60243 -0.369574 0.567679 -0.369574 -0.567679 
1 1 0 6.38397 0.1 2.92588 -0.77967 -6.6056 -0.77967 -6.6056 -0.369231 0.567697 -0.369231 -0.567697 
1 1 0 6.38783 0.1 2.92652 -0.779913 -6.60877 -0.779913 -6.60877 -0.368871 0.567726 -0.368871 -0.567726 
1 1 0 6.39169 0.1 2.9272 -0.780155 -6.61195 -0.780155 -6.61195 -0.368495 0.567766 -0.368495 -0.567766 
1 1 0 6.39555 0.1 2.92792 -0.780397 -6.61512 -0.780397 -6.61512 -0.368101 0.567816 -0.368101 -0.567816 
1 1 0 6.39941 0.1 2.92868 -0.780639 -6.61829 -0.780639 -6.61829 -0.367691 0.567877 -0.367691 -0.567877 
1 1 0 6.40327 0.1 2.92948 -0.780881 -6.62145 -0.780881 -6.62145 -0.367263 0.567949 -0.367263 -0.567949 
1 1 0 6.40713 0.1 2.93033 -0.781122 -6.62462 -0.781122 -6.62462 -0.366819 0.568031 -0.366819 -0.568031 
1 1 0 6.41099 0.1 2.93121 -0.781364 -6.62779 -0.781364 -6.62779 -0.366358 0.568124 -0.366358 -0.568124 
1 1 0 6.41485 0.1 2.93214 -0.781605 -6.63096 -0.781605 -6.63096 -0.36588 0.568228 -0.36588 -0.568228 
1 1 0 6.41871 0.1 2.93311 -0.781847 -6.63412 -0.781847 -6.63412 -0.365385 0.568342 -0.365385 -0.568342 
1 1 0 6.42258 0.1 2.93412 -0.782088 -6.63729 -0.782088 -6.63729 -0.364872 0.568466 -0.364872 -0.568466 
1 1 0 6.42644 0.1 2.93517 -0.782328 -6.64045 -0.782328 -6.64045 -0.364343 0.568601 -0.364343 -0.568601 
1 1 0 6.43031 0.1 2.93626 -0.782569 -6.64361 -0.782569 -6.64361 -0.363797 0.568747 -0.363797 -0.568747 
1 1 0 6.43417 0.1 2.9374 -0.78281 -6.64678 -0.78281 -6.64678 -0.363234 0.568903 -0.363234 -0.568903 
1 1 0 6.43804 0.1 2.93857 -0.78305 -6.64994 -0.78305 -6.64994 -0.362654 0.569069 -0.362654 -0.569069 
1 1 0 6.4419 0.1 2.93979 -0.783291 -6.6531 -0.783291 -6.6531 -0.362057 0.569245 -0.362057 -0.569245 
1 1 0 6.44577 0.1 2.94106 -0.783531 -6.65626 -0.783531 -6.65626 -0.361442 0.569432 -0.361442 -0.569432 
1 1 0 6.44964 0.1 2.94236 -0.783771 -6.65942 -0.783771 -6.65942 -0.360811 0.569628 -0.360811 -0.569628 
1 1 0 6.45351 0.1 2.94371 -0.784011 -6.66258 -0.784011 -6.66258 -0.360162 0.569835 -0.360162 -0.569835 
1 1 0 6.45738 0.1 2.9451 -0.78425 -6.66573 -0.78425 -6.66573 -0.359496 0.570052 -0.359496 -0.570052 
1 1 0 6.46125 0.1 2.94653 -0.78449 -6.66889 -0.78449 -6.66889 -0.358813 0.570279 -0.358813 -0.570279 
1 1 0 6.46512 0.1 2.948 -0.784729 -6.67205 -0.784729 -6.67205 -0.358113 0.570516 -0.358113 -0.570516 
1 1 0 6.46899 0.1 2.94952 -0.784969 -6.6752 -0.784969 -6.6752 -0.357396 0.570762 -0.357396 -0.570762 
1 1 0 6.47286 0.1 2.95108 -0.785208 -6.67836 -0.785208 -6.67836 -0.356661 0.571019 -0.356661 -0.571019 
1 1 0 6.47674 0.1 2.95269 -0.785447 -6.68151 -0.785447 -6.68151 -0.355909 0.571285 -0.355909 -0.571285 
1 1 0 6.48061 0.1 2.95433 -0.785685 -6.68466 -0.785685 -6.68466 -0.35514 0.57156 -0.35514 -0.57156 
1 1 0 6.48448 0.1 2.95603 -0.785924 -6.68781 -0.785924 -6.68781 -0.354354 0.571846 -0.354354 -0.571846 
1 1 0 6.48836 0.1 2.95776 -0.786163 -6.69096 -0.786163 -6.69096 -0.35355 0.572141 -0.35355 -0.572141 
1 1 0 6.49223 0.1 2.95954 -0.786401 -6.69411 -0.786401 -6.69411 -0.352729 0.572445 -0.352729 -0.572445 
1 1 0 6.49611 0.1 2.96136 -0.786639 -6.69726 -0.786639 -6.69726 -0.35189 0.572759 -0.35189 -0.572759 
1 1 0 6.49999 0.1 2.96323 -0.786877 -6.70041 -0.786877 -6.70041 -0.351034 0.573082 -0.351034 -0.573082 
1 1 0 6.50386 0.1 2.96514 -0.787115 -6.70356 -0.787115 -6.70356 -0.350161 0.573415 -0.350161 -0.573415 
1 1 0 6.50774 0.1 2.9671 -0.787353 -6.70671 -0.787353 -6.70671 -0.34927 0.573756 -0.34927 -0.573756 
1 1 0 6.51162 0.1 2.9691 -0.787591 -6.70985 -0.787591 -6.70985 -0.348361 0.574107 -0.348361 -0.574107 
1 1 0 6.5155 0.1 2.97115 -0.787828 -6.713 -0.787828 -6.713 -0.347435 0.574467 -0.347435 -0.574467 
1 1 0 6.51938 0.1 2.97324 -0.788065 -6.71614 -0.788065 -6.71614 -0.346492 0.574835 -0.346492 -0.574835 
1 1 0 6.52326 0.1 2.97537 -0.788303 -6.71928 -0.788303 -6.71928 -0.34553 0.575212 -0.34553 -0.575212 
1 1 0 6.52715 0.1 2.97755 -0.78854 -6.72243 -0.78854 -6.72243 -0.344551 0.575599 -0.344551 -0.575599 
1 1 0 6.53103 0.1 2.97978 -0.788777 -6.72557 -0.788777 -6.72557 -0.343555 0.575993 -0.343555 -0.575993 
1 1 0 6.53491 0.1 2.98205 -0.789013 -6.72871 -0.789013 -6.72871 -0.342541 0.576397 -0.342541 -0.576397 
1 1 0 6.5388 0.1 2.98437 -0.78925 -6.73185 -0.78925 -6.73185 -0.341509 0.576808 -0.341509 -0.576808 
1 1 0 6.54268 0.1 2.98674 -0.789486 -6.73499 -0.789486 -6.73499 -0.340459 0.577228 -0.340459 -0.577228 
1 1 0 6.54657 0.1 2.98915 -0.789723 -6.73812 -0.789723 -6.73812 -0.339391 0.577657 -0.339391 -0.577657 
1 1 0 6.55045 0.1 2.99161 -0.789959 -6.74126 -0.789959 -6.74126 -0.338306 0.578094 -0.338306 -0.578094 
1 1 0 6.55434 0.1 2.99411 -0.790195 -6.7444 -0.790195 -6.7444 -0.337203 0.578539 -0.337203 -0.578539 
1 1 0 6.55823 0.1 2.99667 -0.790431 -6.74753 -0.790431 -6.74753 -0.336082 0.578991 -0.336082 -0.578991 
1 1 0 6.56212 0.1 2.99927 -0.790667 -6.75066 -0.790667 -6.75066 -0.334942 0.579452 -0.334942 -0.579452 
1 1 0 6.56601 0.1 3.00191 -0.790902 -6.7538 -0.790902 -6.7538 -0.333785 0.579921 -0.333785 -0.579921 
1 1 0 6.5699 0.1 3.00461 -0.791138 -6.75693 -0.791138 -6.75693 -0.33261 0.580396 -0.33261 -0.580396 
1 1 0 6.57379 0.1 3.00735 -0.791373 -6.76006 -0.791373 -6.76006 -0.331417 0.58088 -0.331417 -0.58088 
1 1 0 6.57768 0.1 3.01015 -0.791608 -6.76319 -0.791608 -6.76319 -0.330205 0.581372 -0.330205 -0.581372 
1 1 0 6.58157 0.1 3.01299 -0.791843 -6.76632 -0.791843 -6.76632 -0.328976 0.58187 -0.328976 -0.58187 
1 1 0 6.58547 0.1 3.01588 -0.792078 -6.76945 -0.792078 -6.76945 -0.327728 0.582376 -0.327728 -0.582376 
1 1 0 6.58936 0.1 3.01882 -0.792313 -6.77258 -0.792313 -6.77258 -0.326462 0.582889 -0.326462 -0.582889 
1 1 0 6.59326 0.1 3.0218 -0.792547 -6.7757 -0.792547 -6.7757 -0.325177 0.583409 -0.325177 -0.583409 
1 1 0 6.59715 0.1 3.02484 -0.792781 -6.77883 -0.792781 -6.77883 -0.323874 0.583936 -0.323874 -0.583936 
1 1 0 6.60105 0.1 3.02793 -0.793016 -6.78195 -0.793016 -6.78195 -0.322553 0.58447 -0.322553 -0.58447 
1 1 0 6.60494 0.1 3.03107 -0.79325 -6.78508 -0.79325 -6.78508 -0.321213 0.585011 -0.321213 -0.585011 
1 1 0 6.60884 0.1 3.03426 -0.793484 -6.7882 -0.793484 -6.7882 -0.319855 0.585558 -0.319855 -0.585558 
1 1 0 6.61274 0.1 3.0375 -0.793718 -6.79132 -0.793718 -6.79132 -0.318479 0.586111 -0.318479 -0.586111 
1 1 0 6.61664 0.1 3.04079 -0.793951 -6.79444 -0.793951 -6.79444 -0.317083 0.586671 -0.317083 -0.586671 
1 1 0 6.62054 0.1 3.04413 -0.794185 -6.79756 -0.794185 -6.79756 -0.315669 0.587238 -0.315669 -0.587238 
1 1 0 6.62444 0.1 3.04753 -0.794418 -6.80068 -0.794418 -6.80068 -0.314236 0.58781 -0.314236 -0.58781 
1 1 0 6.62834 0.1 3.05098 -0.794652 -6.8038 -0.794652 -6.8038 -0.312785 0.588388 -0.312785 -0.588388 
1 1 0 6.63225 0.1 3.05448 -0.794885 -6.80692 -0.794885 -6.80692 -0.311315 0.588972 -0.311315 -0.588972 
1 1 0 6.63615 0.1 3.05803 -0.795118 -6.81003 -0.795118 -6.81003 -0.309825 0.589562 -0.309825 -0.589562 
1 1 0 6.64005 0.1 3.06164 -0.79535 -6.81315 -0.79535 -6.81315 -0.308317 0.590157 -0.308317 -0.590157 
1 1 0 6.64396 0.1 3.0653 -0.795583 -6.81626 -0.795583 -6.81626 -0.30679 0.590758 -0.30679 -0.590758 
1 1 0 6.64787 0.1 3.06902 -0.795816 -6.81937 -0.795816 -6.81937 -0.305244 0.591364 -0.305244 -0.591364 
1 1 0 6.65177 0.1 3.07279 -0.796048 -6.82249 -0.796048 -6.82249 -0.303678 0.591975 -0.303678 -0.591975 
1 1 0 6.65568 0.1 3.07661 -0.79628 -6.8256 -0.79628 -6.8256 -0.302094 0.592592 -0.302094 -0.592592 
1 1 0 6.65959 0.1 3.0805 -0.796512 -6.82871 -0.796512 -6.82871 -0.30049 0.593213 -0.30049 -0.593213 
1 1 0 6.6635 0.1 3.08443 -0.796744 -6.83181 -0.796744 -6.83181 -0.298867 0.593839 -0.298867 -0.593839 
1 1 0 6.66741 0.1 3.08843 -0.796976 -6.83492 -0.796976 -6.83492 -0.297224 0.59447 -0.297224 -0.59447 
1 1 0 6.67132 0.1 3.09248 -0.797208 -6.83803 -0.797208 -6.83803 -0.295562 0.595105 -0.295562 -0.595105 
1 1 0 6.67523 0.1 3.09659 -0.797439 -6.84113 -0.797439 -6.84113 -0.29388 0.595745 -0.29388 -0.595745 
1 1 0 6.67914 0.1 3.10075 -0.797671 -6.84424 -0.797671 -6.84424 -0.292179 0.596388 -0.292179 -0.596388 
1 1 0 6.68306 0.1 3.10498 -0.797902 -6.84734 -0.797902 -6.84734 -0.290458 0.597036 -0.290458 -0.597036 
1 1 0 6.68697 0.1 3.10926 -0.798133 -6.85044 -0.798133 -6.85044 -0.288718 0.597688 -0.288718 -0.597688 
1 1 0 6.69089 0.1 3.1136 -0.798364 -6.85354 -0.798364 -6.85354 -0.286957 0.598344 -0.286957 -0.598344 
1 1 0 6.6948 0.1 3.118 -0.798595 -6.85664 -0.798595 -6.85664 -0.285177 0.599003 -0.285177 -0.599003 
1 1 0 6.69872 0.1 3.12247 -0.798825 -6.85974 -0.798825 -6.85974 -0.283376 0.599665 -0.283376 -0.599665 
1 1 0 6.70264 0.1 3.12699 -0.799056 -6.86284 -0.799056 -6.86284 -0.281556 0.600331 -0.281556 -0.600331 
1 1 0 6.70656 0.1 3.13158 -0.799286 -6.86594 -0.799286 -6.86594 -0.279715 0.601 -0.279715 -0.601 
1 1 0 6.71048 0.1 3.13623 -0.799516 -6.86903 -0.799516 -6.86903 -0.277855 0.601672 -0.277855 -0.601672 
1 1 0 6.7144 0.1 3.14094 -0.799746 -6.87213 -0.799746 -6.87213 -0.275973 0.602347 -0.275973 -0.602347 
1 1 0 6.71832 0.1 3.14571 -0.799976 -6.87522 -0.799976 -6.87522 -0.274072 0.603025 -0.274072 -0.603025 
1 1 0 6.72224 0.1 3.15055 -0.800206 -6.87831 -0.800206 -6.87831 -0.27215 0.603705 -0.27215 -0.603705 
1 1 0 6.72617 0.1 3.15545 -0.800436 -6.8814 -0.800436 -6.8814 -0.270207 0.604387 -0.270207 -0.604387 
1 1 0 6.73009 0.1 3.16042 -0.800665 -6.88449 -0.800665 -6.88449 -0.268244 0.605072 -0.268244 -0.605072 
1 1 0 6.73402 0.1 3.16545 -0.800895 -6.88758 -0.800895 -6.88758 -0.26626 0.605759 -0.26626 -0.605759 
1 1 0 6.73794 0.1 3.17055 -0.801124 -6.89067 -0.801124 -6.89067 -0.264255 0.606447 -0.264255 -0.606447 
1 1 0 6.74187 0.1 3.17572 -0.801353 -6.89375 -0.801353 -6.89375 -0.262229 0.607137 -0.262229 -0.607137 
1 1 0 6.7458 0.1 3.18096 -0.801582 -6.89684 -0.801582 -6.89684 -0.260182 0.607829 -0.260182 -0.607829 
1 1 0 6.74973 0.1 3.18626 -0.801811 -6.89992 -0.801811 -6.89992 -0.258114 0.608522 -0.258114 -0.608522 
1 1 0 6.75366 0.1 3.19164 -0.802039 -6.903 -0.802039 -6.903 -0.256025 0.609216 -0.256025 -0.609216 
1 1 0 6.75759 0.1 3.19708 -0.802268 -6.90608 -0.802268 -6.90608 -0.253914 0.609911 -0.253914 -0.609911 
1 1 0 6.76152 0.1 3.2026 -0.802496 -6.90916 -0.802496 -6.90916 -0.251782 0.610607 -0.251782 -0.610607 
1 1 0 6.76546 0.1 3.20819 -0.802724 -6.91224 -0.802724 -6.91224 -0.249628 0.611304 -0.249628 -0.611304 
1 1 0 6.76939 0.1 3.21385 -0.802953 -6.91532 -0.802953 -6.91532 -0.247453 0.612001 -0.247453 -0.612001 
1 1 0 6.77332 0.1 3.21959 -0.80318 -6.9184 -0.80318 -6.9184 -0.245256 0.612698 -0.245256 -0.612698 
1 1 0 6.77726 0.1 3.2254 -0.803408 -6.92147 -0.803408 -6.92147 -0.243036 0.613395 -0.243036 -0.613395 
1 1 0 6.7812 0.1 3.23128 -0.803636 -6.92454 -0.803636 -6.92454 -0.240795 0.614092 -0.240795 -0.614092 
1 1 0 6.78514 0.1 3.23724 -0.803863 -6.92762 -0.803863 -6.92762 -0.238532 0.614789 -0.238532 -0.614789 
1 1 0 6.78908 0.1 3.24328 -0.804091 -6.93069 -0.804091 -6.93069 -0.236246 0.615486 -0.236246 -0.615486 
1 1 0 6.79302 0.1 3.2494 -0.804318 -6.93376 -0.804318 -6.93376 -0.233938 0.616181 -0.233938 -0.616181 
1 1 0 6.79696 0.1 3.2556 -0.804545 -6.93682 -0.804545 -6.93682 -0.231607 0.616876 -0.231607 -0.616876 
1 1 0 6.8009 0.1 3.26188 -0.804772 -6.93989 -0.804772 -6.93989 -0.229253 0.617569 -0.229253 -0.617569 
1 1 0 6.80484 0.1 3.26824 -0.804999 -6.94296 -0.804999 -6.94296 -0.226877 0.618261 -0.226877 -0.618261 
1 1 0 6.80879 0.1 3.27468 -0.805225 -6.94602 -0.805225 -6.94602 -0.224478 0.618952 -0.224478 -0.618952 
1 1 0 6.81274 0.1 3.28121 -0.805452 -6.94908 -0.805452 -6.94908 -0.222056 0.619641 -0.222056 -0.619641 
1 1 0 6.81668 0.1 3.28782 -0.805678 -6.95214 -0.805678 -6.95214 -0.21961 0.620328 -0.21961 -0.620328 
1 1 0 6.82063 0.1 3.29452 -0.805905 -6.9552 -0.805905 -6.9552 -0.217141 0.621012 -0.217141 -0.621012 
1 1 0 6.82458 0.1 3.3013 -0.806131 -6.95826 -0.806131 -6.95826 -0.214649 0.621695 -0.214649 -0.621695 
1 1 0 6.82853 0.1 3.30817 -0.806357 -6.96132 -0.806357 -6.96132 -0.212133 0.622374 -0.212133 -0.622374 
1 1 0 6.83248 0.1 3.31514 -0.806582 -6.96437 -0.806582 -6.96437 -0.209592 0.623051 -0.209592 -0.623051 
1 1 0 6.83643 0.1 3.32219 -0.806808 -6.96743 -0.806808 -6.96743 -0.207028 0.623725 -0.207028 -0.623725 
1 1 0 6.84039 0.1 3.32934 -0.807034 -6.97048 -0.807034 -6.97048 -0.20444 0.624395 -0.20444 -0.624395 
1 1 0 6.84434 0.1 3.33658 -0.807259 -6.97353 -0.807259 -6.97353 -0.201827 0.625062 -0.201827 -0.625062 
1 1 0 6.8483 0.1 3.34392 -0.807484 -6.97658 -0.807484 -6.97658 -0.19919 0.625725 -0.19919 -0.625725 
1 1 0 6.85226 0.1 3.35135 -0.807709 -6.97963 -0.807709 -6.97963 -0.196529 0.626384 -0.196529 -0.626384 
1 1 0 6.85622 0.1 3.35889 -0.807934 -6.98267 -0.807934 -6.98267 -0.193842 0.627039 -0.193842 -0.627039 
1 1 0 6.86018 0.1 3.36652 -0.808159 -6.98572 -0.808159 -6.98572 -0.19113 0.627689 -0.19113 -0.627689 
1 1 0 6.86414 0.1 3.37425 -0.808384 -6.98876 -0.808384 -6.98876 -0.188393 0.628334 -0.188393 -0.628334 
1 1 0 6.8681 0.1 3.38209 -0.808608 -6.9918 -0.808608 -6.9918 -0.185631 0.628975 -0.185631 -0.628975 
1 1 0 6.87206 0.1 3.39003 -0.808833 -6.99484 -0.808833 -6.99484 -0.182843 0.62961 -0.182843 -0.62961 
1 1 0 6.87603 0.1 3.39808 -0.809057 -6.99788 -0.809057 -6.99788 -0.180029 0.630239 -0.180029 -0.630239 
1 1 0 6.88 0.1 3.40624 -0.809281 -7.00091 -0.809281 -7.00091 -0.177189 0.630863 -0.177189 -0.630863 
1 1 0 6.88396 0.1 3.41451 -0.809505 -7.00395 -0.809505 -7.00395 -0.174323 0.63148 -0.174323 -0.63148 
1 1 0 6.88793 0.1 3.42289 -0.809729 -7.00698 -0.809729 -7.00698 -0.17143 0.632091 -0.17143 -0.632091 
1 1 0 6.8919 0.1 3.43139 -0.809952 -7.01001 -0.809952 -7.01001 -0.168511 0.632695 -0.168511 -0.632695 
1 1 0 6.89587 0.1 3.44 -0.810176 -7.01304 -0.810176 -7.01304 -0.165565 0.633293 -0.165565 -0.633293 
1 1 0 6.89985 0.1 3.44873 -0.810399 -7.01607 -0.810399 -7.01607 -0.162591 0.633883 -0.162591 -0.633883 
1 1 0 6.90382 0.1 3.45758 -0.810623 -7.01909 -0.810623 -7.01909 -0.159591 0.634465 -0.159591 -0.634465 
1 1 0 6.9078 0.1 3.46656 -0.810846 -7.02212 -0.810846 -7.02212 -0.156562 0.63504 -0.156562 -0.63504 
1 1 0 6.91177 0.1 3.47566 -0.811069 -7.02514 -0.811069 -7.02514 -0.153506 0.635606 -0.153506 -0.635606 
1 1 0 6.91575 0.1 3.48488 -0.811292 -7.02816 -0.811292 -7.02816 -0.150422 0.636164 -0.150422 -0.636164 
1 1 0 6.91973 0.1 3.49424 -0.811514 -7.03118 -0.811514 -7.03118 -0.147309 0.636713 -0.147309 -0.636713 
1 1 0 6.92371 0.1 3.50373 -0.811737 -7.03419 -0.811737 -7.03419 -0.144168 0.637253 -0.144168 -0.637253 
1 1 0 6.9277 0.1 3.51336 -0.811959 -7.03721 -0.811959 -7.03721 -0.140998 0.637783 -0.140998 -0.637783 
1 1 0 6.93168 0.1 3.52312 -0.812181 -7.04022 -0.812181 -7.04022 -0.137798 0.638304 -0.137798 -0.638304 
1 1 0 6.93567 0.1 3.53302 -0.812404 -7.04323 -0.812404 -7.04323 -0.134569 0.638814 -0.134569 -0.638814 
1 1 0 6.93966 0.1 3.54307 -0.812626 -7.04624 -0.812626 -7.04624 -0.13131 0.639314 -0.13131 -0.639314 
1 1 0 6.94364 0.1 3.55327 -0.812847 -7.04925 -0.812847 -7.04925 -0.128022 0.639802 -0.128022 -0.639802 
1 1 0 6.94763 0.1 3.56361 -0.813069 -7.05225 -0.813069 -7.05225 -0.124703 0.640279 -0.124703 -0.640279 
1 1 0 6.95163 0.1 3.57411 -0.813291 -7.05525 -0.813291 -7.05525 -0.121353 0.640745 -0.121353 -0.640745 
1 1 0 6.95562 0.1 3.58476 -0.813512 -7.05825 -0.813512 -7.05825 -0.117972 0.641199 -0.117972 -0.641199 
1 1 0 6.95962 0.1 3.59558 -0.813733 -7.06125 -0.813733 -7.06125 -0.114559 0.641639 -0.114559 -0.641639 
1 1 0 6.96361 0.1 3.60655 -0.813954 -7.06425 -0.813954 -7.06425 -0.111115 0.642067 -0.111115 -0.642067 
1 1 0 6.96761 0.1 3.6177 -0.814175 -7.06724 -0.814175 -7.06724 -0.107639 0.642482 -0.107639 -0.642482 
1 1 0 6.97161 0.1 3.62901 -0.814396 -7.07023 -0.814396 -7.07023 -0.10413 0.642883 -0.10413 -0.642883 
1 1 0 6.97562 0.1 3.6405 -0.814617 -7.07322 -0.814617 -7.07322 -0.100589 0.643269 -0.100589 -0.643269 
1 1 0 6.97962 0.1 3.65217 -0.814838 -7.07621 -0.814838 -7.07621 -0.0970142 0.643641 -0.0970142 -0.643641 
1 1 0 6.98363 0.1 3.66402 -0.815058 -7.07919 -0.815058 -7.07919 -0.0934059 0.643998 -0.0934059 -0.643998 
1 1 0 6.98763 0.1 3.67606 -0.815278 -7.08217 -0.815278 -7.08217 -0.0897636 0.644339 -0.0897636 -0.644339 
1 1 0 6.99164 0.1 3.68829 -0.815498 -7.08515 -0.815498 -7.08515 -0.0860867 0.644664 -0.0860867 -0.644664 
1 1 0 6.99565 0.1 3.70072 -0.815718 -7.08813 -0.815718 -7.08813 -0.0823751 0.644972 -0.0823751 -0.644972 
1 1 0 6.99967 0.1 3.71335 -0.815938 -7.0911 -0.815938 -7.0911 -0.0786281 0.645263 -0.0786281 -0.645263 
1 1 0 7.00368 0.1 3.72619 -0.816158 -7.09407 -0.816158 -7.09407 -0.0748453 0.645536 -0.0748453 -0.645536 
1 1 0 7.0077 0.1 3.73924 -0.816378 -7.09704 -0.816378 -7.09704 -0.0710261 0.645791 -0.0710261 -0.645791 
1 1 0 7.01172 0.1 3.7525 -0.816597 -7.10001 -0.816597 -7.10001 -0.0671702 0.646027 -0.0671702 -0.646027 
1 1 0 7.01574 0.1 3.76599 -0.816816 -7.10297 -0.816816 -7.10297 -0.0632772 0.646244 -0.0632772 -0.646244 
1 1 0 7.01976 0.1 3.77971 -0.817035 -7.10593 -0.817035 -7.10593 -0.0593463 0.64644 -0.0593463 -0.64644 
1 1 0 7.02379 0.1 3.79367 -0.817254 -7.10889 -0.817254 -7.10889 -0.055377 0.646616 -0.055377 -0.646616 
1 1 0 7.02781 0.1 3.80787 -0.817473 -7.11185 -0.817473 -7.11185 -0.0513688 0.646771 -0.0513688 -0.646771 
1 1 0 7.03184 0.1 3.82232 -0.817692 -7.1148 -0.817692 -7.1148 -0.0473212 0.646903 -0.0473212 -0.646903 
1 1 0 7.03587 0.1 3.83702 -0.817911 -7.11775 -0.817911 -7.11775 -0.0432335 0.647013 -0.0432335 -0.647013 
1 1 0 7.03991 0.1 3.85199 -0.818129 -7.1207 -0.818129 -7.1207 -0.0391052 0.647099 -0.0391052 -0.647099 
1 1 0 7.04394 0.1 3.86723 -0.818347 -7.12364 -0.818347 -7.12364 -0.0349355 0.647162 -0.0349355 -0.647162 
1 1 0 7.04798 0.1 3.88275 -0.818566 -7.12658 -0.818566 -7.12658 -0.0307239 0.647199 -0.0307239 -0.647199 
1 1 0 7.05202 0.1 3.89855 -0.818784 -7.12952 -0.818784 -7.12952 -0.0264696 0.647211 -0.0264696 -0.647211 
1 1 0 7.05607 0.1 3.91466 -0.819001 -7.13245 -0.819001 -7.13245 -0.022172 0.647196 -0.022172 -0.647196 
1 1 0 7.06011 0.1 3.93107 -0.819219 -7.13538 -0.819219 -7.13538 -0.0178302 0.647154 -0.0178302 -0.647154 
1 1 0 7.06416 0.1 3.94779 -0.819437 -7.13831 -0.819437 -7.13831 -0.0134437 0.647084 -0.0134437 -0.647084 
1 1 0 7.06821 0.1 3.96485 -0.819654 -7.14123 -0.819654 -7.14123 -0.00901145 0.646984 -0.00901145 -0.646984 
1 1 0 7.07226 0.1 3.98223 -0.819871 -7.14415 -0.819871 -7.14415 -0.00453286 0.646855 -0.00453286 -0.646855 
1 1 0 7.07632 0.1 3.99997 -0.820088 -7.14707 -0.820088 -7.14707 -6.97335e-06 0.646694 -6.97335e-06 -0.646694 
1 1 0 7.08038 0.1 4.01807 -0.820305 -7.14998 -0.820305 -7.14998 0.00456706 0.646501 0.00456706 -0.646501 
1 1 0 7.08444 0.1 4.03654 -0.820522 -7.15289 -0.820522 -7.15289 0.00919017 0.646275 0.00919017 -0.646275 
1 1 0 7.0885 0.1 4.0554 -0.820739 -7.15579 -0.820739 -7.15579 0.0138633 0.646015 0.0138633 -0.646015 
1 1 0 7.09257 0.1 4.07465 -0.820956 -7.1587 -0.820956 -7.1587 0.0185875 0.64572 0.0185875 -0.64572 
1 1 0 7.09664 0.1 4.09432 -0.821172 -7.16159 -0.821172 -7.16159 0.0233637 0.645388 0.0233637 -0.645388 
1 1 0 7.10071 0.1 4.11441 -0.821388 -7.16449 -0.821388 -7.16449 0.028193 0.645017 0.028193 -0.645017 
1 1 0 7.10478 0.1 4.13496 -0.821604 -7.16738 -0.821604 -7.16738 0.0330764 0.644608 0.0330764 -0.644608 
1 1 0 7.10886 0.1 4.15596 -0.82182 -7.17026 -0.82182 -7.17026 0.0380153 0.644158 0.0380153 -0.644158 
1 1 0 7.11294 0.1 4.17744 -0.822036 -7.17314 -0.822036 -7.17314 0.0430107 0.643666 0.0430107 -0.643666 
1 1 0 7.11703 0.1 4.19943 -0.822252 -7.17602 -0.822252 -7.17602 0.048064 0.643131 0.048064 -0.643131 
1 1 0 7.12112 0.1 4.22193 -0.822467 -7.17889 -0.822467 -7.17889 0.0531764 0.64255 0.0531764 -0.64255 
1 1 0 7.12521 0.1 4.24497 -0.822683 -7.18175 -0.822683 -7.18175 0.0583495 0.641923 0.0583495 -0.641923 
1 1 0 7.1293 0.1 4.26858 -0.822898 -7.18461 -0.822898 -7.18461 0.0635846 0.641247 0.0635846 -0.641247 
1 1 0 7.1334 0.1 4.29277 -0.823113 -7.18747 -0.823113 -7.18747 0.0688832 0.64052 0.0688832 -0.64052 
1 1 0 7.1375 0.1 4.31758 -0.823328 -7.19032 -0.823328 -7.19032 0.0742467 0.639742 0.0742467 -0.639742 
2 1 0 6.43 0.1 0 -0.741169 -5.45163 -0.741169 -5.45163 0.0742467 0.639742 0.0742467 -0.639742 
1 1 0 6.43 0.1 2.93617 -0.741169 -5.45164 -0.741169 -5.45164 -0.363841 0.568735 -0.363841 -0.568735 
1 1 0 6.43 0.1 2.93617 -0.741169 -5.45164 -0.741169 -5.45164 -0.363841 0.568735 -0.363841 -0.568735 
1 1 0 6.43 0.1 2.93617 -0.741169 -5.45164 -0.741169 -5.45164 -0.363841 0.568735 -0.363841 -0.568735 
1 1 0 6.43 0.1 2.93617 -0.741169 -5.45164 -0.741169 -5.45164 -0.363841 0.568735 -0.363841 -0.568735 
1 1 0 6.43 0.1 2.93617 -0.741169 -5.45164 -0.741169 -5.45164 -0.36384 0.568735 -0.36384 -0.568735 
1 1 0 6.43001 0.1 2.93618 -0.741169 -5.45164 -0.741169 -5.45164 -0.36384 0.568735 -0.36384 -0.568735 
1 1 0 6.43002 0.1 2.93618 -0.741169 -5.45164 -0.741169 -5.45164 -0.363839 0.568735 -0.363839 -0.568735 
1 1 0 6.43003 0.1 2.93618 -0.74117 -5.45165 -0.74117 -5.45165 -0.363836 0.568736 -0.363836 -0.568736 
1 1 0 6.43006 0.1 2.93619 -0.741172 -5.45167 -0.741172 -5.45167 -0.363833 0.568737 -0.363833 -0.568737 
1 1 0 6.4301 0.1 2.9362 -0.741174 -5.45169 -0.741174 -5.45169 -0.363827 0.568739 -0.363827 -0.568739 
1 1 0 6.43015 0.1 2.93622 -0.741177 -5.45172 -0.741177 -5.45172 -0.363819 0.568741 -0.363819 -0.568741 
1 1 0 6.43024 0.1 2.93624 -0.741182 -5.45177 -0.741182 -5.45177 -0.363807 0.568744 -0.363807 -0.568744 
1 1 0 6.43036 0.1 2.93628 -0.741189 -5.45184 -0.741189 -5.45184 -0.363789 0.568749 -0.363789 -0.568749 
1 1 0 6.43055 0.1 2.93633 -0.741199 -5.45195 -0.741199 -5.45195 -0.363762 0.568757 -0.363762 -0.568757 
1 1 0 6.43083 0.1 2.93641 -0.741215 -5.45212 -0.741215 -5.45212 -0.363721 0.568768 -0.363721 -0.568768 
1 1 0 6.43126 0.1 2.93654 -0.741238 -5.45237 -0.741238 -5.45237 -0.36366 0.568784 -0.36366 -0.568784 
1 1 0 6.4319 0.1 2.93672 -0.741273 -5.45274 -0.741273 -5.45274 -0.363567 0.56881 -0.363567 -0.56881 
1 1 0 6.43285 0.1 2.93701 -0.741326 -5.45329 -0.741326 -5.45329 -0.363428 0.568848 -0.363428 -0.568848 
1 1 0 6.43429 0.1 2.93743 -0.741406 -5.45412 -0.741406 -5.45412 -0.363217 0.568907 -0.363217 -0.568907 
1 1 0 6.43587 0.1 2.93791 -0.741493 -5.45504 -0.741493 -5.45504 -0.362982 0.568974 -0.362982 -0.568974 
1 1 0 6.4376 0.1 2.93844 -0.741589 -5.45604 -0.741589 -5.45604 -0.36272 0.56905 -0.36272 -0.56905 
1 1 0 6.43951 0.1 2.93904 -0.741695 -5.45715 -0.741695 -5.45715 -0.362428 0.569135 -0.362428 -0.569135 
1 1 0 6.44162 0.1 2.9397 -0.741811 -5.45837 -0.741811 -5.45837 -0.362101 0.569232 -0.362101 -0.569232 
1 1 0 6.44393 0.1 2.94045 -0.741938 -5.4597 -0.741938 -5.4597 -0.361737 0.569342 -0.361737 -0.569342 
1 1 0 6.44647 0.1 2.94129 -0.742079 -5.46118 -0.742079 -5.46118 -0.361329 0.569466 -0.361329 -0.569466 
1 1 0 6.44927 0.1 2.94223 -0.742233 -5.46279 -0.742233 -5.46279 -0.360871 0.569609 -0.360871 -0.569609 
1 1 0 6.45235 0.1 2.9433 -0.742403 -5.46457 -0.742403 -5.46457 -0.360358 0.569772 -0.360358 -0.569772 
1 1 0 6.45574 0.1 2.9445 -0.742589 -5.46652 -0.742589 -5.46652 -0.35978 0.569959 -0.35978 -0.569959 
1 1 0 6.45947 0.1 2.94587 -0.742794 -5.46867 -0.742794 -5.46867 -0.359129 0.570173 -0.359129 -0.570173 
1 1 0 6.46357 0.1 2.94741 -0.74302 -5.47103 -0.74302 -5.47103 -0.358395 0.57042 -0.358395 -0.57042 
1 1 0 6.4679 0.1 2.94909 -0.743258 -5.47352 -0.743258 -5.47352 -0.3576 0.570692 -0.3576 -0.570692 
1 1 0 6.47223 0.1 2.95082 -0.743495 -5.47601 -0.743495 -5.47601 -0.356782 0.570976 -0.356782 -0.570976 
1 1 0 6.47656 0.1 2.95262 -0.743733 -5.4785 -0.743733 -5.4785 -0.355943 0.571273 -0.355943 -0.571273 
1 1 0 6.4809 0.1 2.95446 -0.74397 -5.48098 -0.74397 -5.48098 -0.355082 0.571581 -0.355082 -0.571581 
1 1 0 6.48523 0.1 2.95636 -0.744207 -5.48346 -0.744207 -5.48346 -0.3542 0.571902 -0.3542 -0.571902 
1 1 0 6.48957 0.1 2.95831 -0.744444 -5.48594 -0.744444 -5.48594 -0.353296 0.572235 -0.353296 -0.572235 
1 1 0 6.4939 0.1 2.96032 -0.744681 -5.48841 -0.744681 -5.48841 -0.35237 0.572579 -0.35237 -0.572579 
1 1 0 6.49824 0.1 2.96239 -0.744918 -5.49089 -0.744918 -5.49089 -0.351421 0.572936 -0.351421 -0.572936 
1 1 0 6.50258 0.1 2.96451 -0.745154 -5.49336 -0.745154 -5.49336 -0.350451 0.573304 -0.350451 -0.573304 
1 1 0 6.50692 0.1 2.96668 -0.745391 -5.49583 -0.745391 -5.49583 -0.349459 0.573683 -0.349459 -0.573683 
1 1 0 6.51127 0.1 2.96891 -0.745627 -5.4983 -0.745627 -5.4983 -0.348445 0.574074 -0.348445 -0.574074 
1 1 0 6.51561 0.1 2.9712 -0.745863 -5.50076 -0.745863 -5.50076 -0.347409 0.574477 -0.347409 -0.574477 
1 1 0 6.51996 0.1 2.97355 -0.746099 -5.50322 -0.746099 -5.50322 -0.346351 0.57489 -0.346351 -0.57489 
1 1 0 6.5243 0.1 2.97595 -0.746335 -5.50568 -0.746335 -5.50568 -0.345271 0.575315 -0.345271 -0.575315 
1 1 0 6.52865 0.1 2.97841 -0.74657 -5.50814 -0.74657 -5.50814 -0.344168 0.57575 -0.344168 -0.57575 
1 1 0 6.533 0.1 2.98093 -0.746806 -5.5106 -0.746806 -5.5106 -0.343043 0.576197 -0.343043 -0.576197 
1 1 0 6.53735 0.1 2.9835 -0.747041 -5.51305 -0.747041 -5.51305 -0.341896 0.576654 -0.341896 -0.576654 
1 1 0 6.5417 0.1 2.98614 -0.747276 -5.5155 -0.747276 -5.5155 -0.340726 0.577121 -0.340726 -0.577121 
1 1 0 6.54605 0.1 2.98883 -0.747511 -5.51795 -0.747511 -5.51795 -0.339534 0.5776 -0.339534 -0.5776 
1 1 0 6.55041 0.1 2.99158 -0.747746 -5.5204 -0.747746 -5.5204 -0.338319 0.578089 -0.338319 -0.578089 
1 1 0 6.55476 0.1 2.99439 -0.747981 -5.52284 -0.747981 -5.52284 -0.337082 0.578587 -0.337082 -0.578587 
1 1 0 6.55912 0.1 2.99726 -0.748215 -5.52528 -0.748215 -5.52528 -0.335822 0.579096 -0.335822 -0.579096 
1 1 0 6.56348 0.1 3.00019 -0.748449 -5.52772 -0.748449 -5.52772 -0.33454 0.579615 -0.33454 -0.579615 
1 1 0 6.56784 0.1 3.00318 -0.748684 -5.53016 -0.748684 -5.53016 -0.333235 0.580144 -0.333235 -0.580144 
1 1 0 6.5722 0.1 3.00623 -0.748918 -5.53259 -0.748918 -5.53259 -0.331906 0.580682 -0.331906 -0.580682 
1 1 0 6.57656 0.1 3.00934 -0.749152 -5.53503 -0.749152 -5.53503 -0.330555 0.58123 -0.330555 -0.58123 
1 1 0 6.58093 0.1 3.01251 -0.749385 -5.53746 -0.749385 -5.53746 -0.329182 0.581787 -0.329182 -0.581787 
1 1 0 6.58529 0.1 3.01574 -0.749619 -5.53988 -0.749619 -5.53988 -0.327784 0.582353 -0.327784 -0.582353 
1 1 0 6.58966 0.1 3.01904 -0.749852 -5.54231 -0.749852 -5.54231 -0.326364 0.582929 -0.326364 -0.582929 
1 1 0 6.59403 0.1 3.0224 -0.750086 -5.54473 -0.750086 -5.54473 -0.324921 0.583513 -0.324921 -0.583513 
1 1 0 6.59839 0.1 3.02582 -0.750319 -5.54715 -0.750319 -5.54715 -0.323455 0.584106 -0.323455 -0.584106 
1 1 0 6.60277 0.1 3.02931 -0.750552 -5.54957 -0.750552 -5.54957 -0.321965 0.584708 -0.321965 -0.584708 
1 1 0 6.60714 0.1 3.03286 -0.750785 -5.55198 -0.750785 -5.55198 -0.320451 0.585318 -0.320451 -0.585318 
1 1 0 6.61151 0.1 3.03647 -0.751017 -5.55439 -0.751017 -5.55439 -0.318915 0.585936 -0.318915 -0.585936 
1 1 0 6.61589 0.1 3.04015 -0.75125 -5.5568 -0.75125 -5.5568 -0.317354 0.586563 -0.317354 -0.586563 
1 1 0 6.62026 0.1 3.04389 -0.751482 -5.55921 -0.751482 -5.55921 -0.31577 0.587197 -0.31577 -0.587197 
1 1 0 6.62464 0.1 3.0477 -0.751714 -5.56161 -0.751714 -5.56161 -0.314163 0.587839 -0.314163 -0.587839 
1 1 0 6.62902 0.1 3.05158 -0.751947 -5.56401 -0.751947 -5.56401 -0.312531 0.588489 -0.312531 -0.588489 
1 1 0 6.6334 0.1 3.05553 -0.752178 -5.56641 -0.752178 -5.56641 -0.310876 0.589146 -0.310876 -0.589146 
1 1 0 6.63778 0.1 3.05954 -0.75241 -5.56881 -0.75241 -5.56881 -0.309197 0.58981 -0.309197 -0.58981 
1 1 0 6.64217 0.1 3.06362 -0.752642 -5.5712 -0.752642 -5.5712 -0.307493 0.590482 -0.307493 -0.590482 
1 1 0 6.64655 0.1 3.06776 -0.752873 -5.57359 -0.752873 -5.57359 -0.305765 0.59116 -0.305765 -0.59116 
1 1 0 6.65094 0.1 3.07198 -0.753105 -5.57598 -0.753105 -5.57598 -0.304013 0.591845 -0.304013 -0.591845 
1 1 0 6.65533 0.1 3.07627 -0.753336 -5.57836 -0.753336 -5.57836 -0.302237 0.592536 -0.302237 -0.592536 
1 1 0 6.65972 0.1 3.08063 -0.753567 -5.58075 -0.753567 -5.58075 -0.300436 0.593234 -0.300436 -0.593234 
1 1 0 6.66411 0.1 3.08505 -0.753798 -5.58313 -0.753798 -5.58313 -0.298611 0.593937 -0.298611 -0.593937 
1 1 0 6.6685 0.1 3.08956 -0.754029 -5.5855 -0.754029 -5.5855 -0.29676 0.594647 -0.29676 -0.594647 
1 1 0 6.6729 0.1 3.09413 -0.754259 -5.58788 -0.754259 -5.58788 -0.294886 0.595362 -0.294886 -0.595362 
1 1 0 6.67729 0.1 3.09878 -0.75449 -5.59025 -0.75449 -5.59025 -0.292986 0.596084 -0.292986 -0.596084 
1 1 0 6.68169 0.1 3.1035 -0.75472 -5.59262 -0.75472 -5.59262 -0.291061 0.59681 -0.291061 -0.59681 
1 1 0 6.68609 0.1 3.10829 -0.75495 -5.59498 -0.75495 -5.59498 -0.289111 0.597541 -0.289111 -0.597541 
1 1 0 6.69049 0.1 3.11316 -0.75518 -5.59734 -0.75518 -5.59734 -0.287136 0.598277 -0.287136 -0.598277 
1 1 0 6.69489 0.1 3.11811 -0.75541 -5.5997 -0.75541 -5.5997 -0.285135 0.599018 -0.285135 -0.599018 
1 1 0 6.6993 0.1 3.12313 -0.755639 -5.60206 -0.755639 -5.60206 -0.283109 0.599763 -0.283109 -0.599763 
1 1 0 6.7037 0.1 3.12823 -0.755869 -5.60441 -0.755869 -5.60441 -0.281058 0.600513 -0.281058 -0.600513 
1 1 0 6.70811 0.1 3.13341 -0.756098 -5.60676 -0.756098 -5.60676 -0.27898 0.601266 -0.27898 -0.601266 
1 1 0 6.71252 0.1 3.13867 -0.756328 -5.60911 -0.756328 -5.60911 -0.276877 0.602023 -0.276877 -0.602023 
1 1 0 6.71693 0.1 3.14401 -0.756557 -5.61145 -0.756557 -5.61145 -0.274748 0.602784 -0.274748 -0.602784 
1 1 0 6.72134 0.1 3.14943 -0.756786 -5.61379 -0.756786 -5.61379 -0.272593 0.603549 -0.272593 -0.603549 
1 1 0 6.72576 0.1 3.15494 -0.757014 -5.61613 -0.757014 -5.61613 -0.270411 0.604316 -0.270411 -0.604316 
1 1 0 6.73017 0.1 3.16052 -0.757243 -5.61846 -0.757243 -5.61846 -0.268203 0.605086 -0.268203 -0.605086 
1 1 0 6.73459 0.1 3.16619 -0.757472 -5.6208 -0.757472 -5.6208 -0.265968 0.605859 -0.265968 -0.605859 
1 1 0 6.73901 0.1 3.17195 -0.7577 -5.62312 -0.7577 -5.62312 -0.263707 0.606634 -0.263707 -0.606634 
1 1 0 6.74343 0.1 3.17779 -0.757928 -5.62545 -0.757928 -5.62545 -0.261419 0.607412 -0.261419 -0.607412 
1 1 0 6.74785 0.1 3.18372 -0.758156 -5.62777 -0.758156 -5.62777 -0.259104 0.608191 -0.259104 -0.608191 
1 1 0 6.75228 0.1 3.18974 -0.758384 -5.63009 -0.758384 -5.63009 -0.256761 0.608972 -0.256761 -0.608972 
1 1 0 6.7567 0.1 3.19585 -0.758612 -5.6324 -0.758612 -5.6324 -0.254392 0.609754 -0.254392 -0.609754 
1 1 0 6.76113 0.1 3.20205 -0.758839 -5.63471 -0.758839 -5.63471 -0.251995 0.610538 -0.251995 -0.610538 
1 1 0 6.76556 0.1 3.20834 -0.759067 -5.63702 -0.759067 -5.63702 -0.24957 0.611322 -0.24957 -0.611322 
1 1 0 6.76999 0.1 3.21472 -0.759294 -5.63933 -0.759294 -5.63933 -0.247118 0.612107 -0.247118 -0.612107 
1 1 0 6.77443 0.1 3.2212 -0.759521 -5.64163 -0.759521 -5.64163 -0.244637 0.612893 -0.244637 -0.612893 
1 1 0 6.77886 0.1 3.22778 -0.759748 -5.64392 -0.759748 -5.64392 -0.242128 0.613679 -0.242128 -0.613679 
1 1 0 6.7833 0.1 3.23445 -0.759975 -5.64622 -0.759975 -5.64622 -0.239591 0.614464 -0.239591 -0.614464 
1 1 0 6.78774 0.1 3.24122 -0.760202 -5.64851 -0.760202 -5.64851 -0.237025 0.615249 -0.237025 -0.615249 
1 1 0 6.79218 0.1 3.24809 -0.760429 -5.65079 -0.760429 -5.65079 -0.234431 0.616033 -0.234431 -0.616033 
1 1 0 6.79662 0.1 3.25506 -0.760655 -5.65308 -0.760655 -5.65308 -0.231808 0.616816 -0.231808 -0.616816 
1 1 0 6.80107 0.1 3.26214 -0.760881 -5.65536 -0.760881 -5.65536 -0.229155 0.617598 -0.229155 -0.617598 
1 1 0 6.80551 0.1 3.26932 -0.761108 -5.65763 -0.761108 -5.65763 -0.226473 0.618378 -0.226473 -0.618378 
1 1 0 6.80996 0.1 3.27661 -0.761334 -5.6599 -0.761334 -5.6599 -0.223762 0.619156 -0.223762 -0.619156 
1 1 0 6.81441 0.1 3.284 -0.761559 -5.66217 -0.761559 -5.66217 -0.22102 0.619933 -0.22102 -0.619933 
1 1 0 6.81886 0.1 3.29151 -0.761785 -5.66443 -0.761785 -5.66443 -0.218249 0.620706 -0.218249 -0.620706 
1 1 0 6.82332 0.1 3.29912 -0.762011 -5.66669 -0.762011 -5.66669 -0.215448 0.621477 -0.215448 -0.621477 
1 1 0 6.82777 0.1 3.30685 -0.762236 -5.66895 -0.762236 -5.66895 -0.212616 0.622244 -0.212616 -0.622244 
1 1 0 6.83223 0.1 3.3147 -0.762462 -5.6712 -0.762462 -5.6712 -0.209753 0.623009 -0.209753 -0.623009 
1 1 0 6.83669 0.1 3.32266 -0.762687 -5.67345 -0.762687 -5.67345 -0.20686 0.623768 -0.20686 -0.623768 
1 1 0 6.84116 0.1 3.33074 -0.762912 -5.67569 -0.762912 -5.67569 -0.203935 0.624525 -0.203935 -0.624525 
1 1 0 6.84562 0.1 3.33894 -0.763137 -5.67793 -0.763137 -5.67793 -0.200979 0.625276 -0.200979 -0.625276 
1 1 0 6.85009 0.1 3.34727 -0.763361 -5.68017 -0.763361 -5.68017 -0.197991 0.626023 -0.197991 -0.626023 
1 1 0 6.85456 0.1 3.35572 -0.763586 -5.6824 -0.763586 -5.6824 -0.194971 0.626765 -0.194971 -0.626765 
1 1 0 6.85903 0.1 3.3643 -0.76381 -5.68462 -0.76381 -5.68462 -0.191919 0.627501 -0.191919 -0.627501 
1 1 0 6.8635 0.1 3.37301 -0.764035 -5.68685 -0.764035 -5.68685 -0.188834 0.628231 -0.188834 -0.628231 
1 1 0 6.86798 0.1 3.38185 -0.764259 -5.68906 -0.764259 -5.68906 -0.185717 0.628955 -0.185717 -0.628955 
1 1 0 6.87246 0.1 3.39082 -0.764483 -5.69128 -0.764483 -5.69128 -0.182566 0.629672 -0.182566 -0.629672 
1 1 0 6.87694 0.1 3.39994 -0.764707 -5.69349 -0.764707 -5.69349 -0.179382 0.630382 -0.179382 -0.630382 
1 1 0 6.88142 0.1 3.40919 -0.76493 -5.69569 -0.76493 -5.69569 -0.176164 0.631085 -0.176164 -0.631085 
1 1 0 6.8859 0.1 3.41859 -0.765154 -5.69789 -0.765154 -5.69789 -0.172912 0.63178 -0.172912 -0.63178 
1 1 0 6.89039 0.1 3.42814 -0.765378 -5.70008 -0.765378 -5.70008 -0.169626 0.632466 -0.169626 -0.632466 
1 1 0 6.89488 0.1 3.43783 -0.765601 -5.70227 -0.765601 -5.70227 -0.166305 0.633144 -0.166305 -0.633144 
1 1 0 6.89937 0.1 3.44768 -0.765824 -5.70446 -0.765824 -5.70446 -0.162948 0.633813 -0.162948 -0.633813 
1 1 0 6.90387 0.1 3.45768 -0.766047 -5.70664 -0.766047 -5.70664 -0.159557 0.634472 -0.159557 -0.634472 
1 1 0 6.90836 0.1 3.46784 -0.76627 -5.70881 -0.76627 -5.70881 -0.156129 0.635121 -0.156129 -0.635121 
1 1 0 6.91286 0.1 3.47817 -0.766493 -5.71098 -0.766493 -5.71098 -0.152665 0.63576 -0.152665 -0.63576 
1 1 0 6.91736 0.1 3.48865 -0.766715 -5.71315 -0.766715 -5.71315 -0.149165 0.636387 -0.149165 -0.636387 
1 1 0 6.92187 0.1 3.49931 -0.766938 -5.71531 -0.766938 -5.71531 -0.145628 0.637004 -0.145628 -0.637004 
1 1 0 6.92637 0.1 3.51015 -0.76716 -5.71746 -0.76716 -5.71746 -0.142053 0.637608 -0.142053 -0.637608 
1 1 0 6.93088 0.1 3.52115 -0.767382 -5.71961 -0.767382 -5.71961 -0.138441 0.638201 -0.138441 -0.638201 
1 1 0 6.9354 0.1 3.53235 -0.767604 -5.72175 -0.767604 -5.72175 -0.13479 0.63878 -0.13479 -0.63878 
1 1 0 6.93991 0.1 3.54372 -0.767826 -5.72389 -0.767826 -5.72389 -0.131101 0.639345 -0.131101 -0.639345 
1 1 0 6.94443 0.1 3.55529 -0.768048 -5.72602 -0.768048 -5.72602 -0.127372 0.639897 -0.127372 -0.639897 
1 1 0 6.94895 0.1 3.56705 -0.76827 -5.72815 -0.76827 -5.72815 -0.123604 0.640434 -0.123604 -0.640434 
1 1 0 6.95347 0.1 3.57901 -0.768491 -5.73027 -0.768491 -5.73027 -0.119795 0.640956 -0.119795 -0.640956 
1 1 0 6.958 0.1 3.59117 -0.768713 -5.73238 -0.768713 -5.73238 -0.115946 0.641462 -0.115946 -0.641462 
1 1 0 6.96253 0.1 3.60355 -0.768934 -5.73449 -0.768934 -5.73449 -0.112056 0.641952 -0.112056 -0.641952 
1 1 0 6.96706 0.1 3.61614 -0.769155 -5.73659 -0.769155 -5.73659 -0.108124 0.642425 -0.108124 -0.642425 
1 1 0 6.97159 0.1 3.62895 -0.769376 -5.73869 -0.769376 -5.73869 -0.10415 0.642881 -0.10415 -0.642881 
1 1 0 6.97613 0.1 3.64199 -0.769597 -5.74077 -0.769597 -5.74077 -0.100133 0.643318 -0.100133 -0.643318 
1 1 0 6.98067 0.1 3.65526 -0.769817 -5.74286 -0.769817 -5.74286 -0.0960725 0.643736 -0.0960725 -0.643736 
1 1 0 6.98521 0.1 3.66877 -0.770038 -5.74493 -0.770038 -5.74493 -0.0919678 0.644135 -0.0919678 -0.644135 
1 1 0 6.98976 0.1 3.68252 -0.770258 -5.747 -0.770258 -5.747 -0.0878187 0.644513 -0.0878187 -0.644513 
1 1 0 6.99431 0.1 3.69653 -0.770479 -5.74906 -0.770479 -5.74906 -0.0836242 0.64487 -0.0836242 -0.64487 
1 1 0 6.99886 0.1 3.7108 -0.770699 -5.75112 -0.770699 -5.75112 -0.0793836 0.645206 -0.0793836 -0.645206 
1 1 0 7.00342 0.1 3.72533 -0.770919 -5.75317 -0.770919 -5.75317 -0.0750964 0.645519 -0.0750964 -0.645519 
1 1 0 7.00798 0.1 3.74014 -0.771139 -5.75521 -0.771139 -5.75521 -0.0707619 0.645808 -0.0707619 -0.645808 
1 1 0 7.01254 0.1 3.75524 -0.771358 -5.75724 -0.771358 -5.75724 -0.0663791 0.646073 -0.0663791 -0.646073 
1 1 0 7.0171 0.1 3.77062 -0.771578 -5.75927 -0.771578 -5.75927 -0.0619474 0.646313 -0.0619474 -0.646313 
1 1 0 7.02167 0.1 3.78631 -0.771797 -5.76129 -0.771797 -5.76129 -0.0574659 0.646526 -0.0574659 -0.646526 
1 1 0 7.02625 0.1 3.80231 -0.772017 -5.7633 -0.772017 -5.7633 -0.0529339 0.646713 -0.0529339 -0.646713 
1 1 0 7.03082 0.1 3.81863 -0.772236 -5.7653 -0.772236 -5.7653 -0.0483504 0.646872 -0.0483504 -0.646872 
1 1 0 7.0354 0.1 3.83528 -0.772455 -5.76729 -0.772455 -5.76729 -0.0437145 0.647001 -0.0437145 -0.647001 
1 1 0 7.03999 0.1 3.85228 -0.772674 -5.76928 -0.772674 -5.76928 -0.0390255 0.647101 -0.0390255 -0.647101 
1 1 0 7.04457 0.1 3.86962 -0.772892 -5.77126 -0.772892 -5.77126 -0.0342823 0.647169 -0.0342823 -0.647169 
1 1 0 7.04916 0.1 3.88734 -0.773111 -5.77322 -0.773111 -5.77322 -0.0294838 0.647205 -0.0294838 -0.647205 
1 1 0 7.05376 0.1 3.90543 -0.773329 -5.77518 -0.773329 -5.77518 -0.0246291 0.647208 -0.0246291 -0.647208 
1 1 0 7.05836 0.1 3.92392 -0.773548 -5.77713 -0.773548 -5.77713 -0.0197171 0.647176 -0.0197171 -0.647176 
1 1 0 7.06296 0.1 3.94281 -0.773766 -5.77907 -0.773766 -5.77907 -0.0147466 0.647107 -0.0147466 -0.647107 
1 1 0 7.06757 0.1 3.96212 -0.773984 -5.781 -0.773984 -5.781 -0.00971644 0.647002 -0.00971644 -0.647002 
1 1 0 7.07218 0.1 3.98187 -0.774202 -5.78293 -0.774202 -5.78293 -0.00462539 0.646858 -0.00462539 -0.646858 
1 1 0 7.07679 0.1 4.00208 -0.77442 -5.78484 -0.77442 -5.78484 0.00052801 0.646673 0.00052801 -0.646673 
1 1 0 7.08141 0.1 4.02276 -0.774637 -5.78674 -0.774637 -5.78674 0.00574453 0.646447 0.00574453 -0.646447 
1 1 0 7.08604 0.1 4.04392 -0.774855 -5.78863 -0.774855 -5.78863 0.0110261 0.646177 0.0110261 -0.646177 
1 1 0 7.09067 0.1 4.0656 -0.775072 -5.79051 -0.775072 -5.79051 0.0163739 0.645862 0.0163739 -0.645862 
1 1 0 7.0953 0.1 4.08781 -0.77529 -5.79237 -0.77529 -5.79237 0.0217895 0.645501 0.0217895 -0.645501 
1 1 0 7.09994 0.1 4.11058 -0.775507 -5.79423 -0.775507 -5.79423 0.0272747 0.645091 0.0272747 -0.645091 
1 1 0 7.10458 0.1 4.13392 -0.775724 -5.79607 -0.775724 -5.79607 0.032831 0.64463 0.032831 -0.64463 
1 1 0 7.10923 0.1 4.15786 -0.77594 -5.7979 -0.77594 -5.7979 0.0384599 0.644116 0.0384599 -0.644116 
1 1 0 7.11388 0.1 4.18244 -0.776157 -5.79972 -0.776157 -5.79972 0.0441636 0.643547 0.0441636 -0.643547 
1 1 0 7.11854 0.1 4.20767 -0.776374 -5.80153 -0.776374 -5.80153 0.049944 0.642922 0.049944 -0.642922 
1 1 0 7.1232 0.1 4.23359 -0.77659 -5.80332 -0.77659 -5.80332 0.0558028 0.642236 0.0558028 -0.642236 
1 1 0 7.12787 0.1 4.26024 -0.776806 -5.8051 -0.776806 -5.8051 0.0617426 0.641489 0.0617426 -0.641489 
1 1 0 7.13254 0.1 4.28764 -0.777022 -5.80687 -0.777022 -5.80687 0.0677652 0.640677 0.0677652 -0.640677 
1 1 0 7.13722 0.1 4.31584 -0.777238 -5.80862 -0.777238 -5.80862 0.0738732 0.639797 0.0738732 -0.639797 
1 1 0 7.1419 0.1 4.34488 -0.777454 -5.81035 -0.777454 -5.81035 0.080069 0.638847 0.080069 -0.638847 
1 1 0 7.14659 0.1 4.3748 -0.77767 -5.81207 -0.77767 -5.81207 0.0863555 0.637822 0.0863555 -0.637822 
1 1 0 7.15129 0.1 4.40564 -0.777885 -5.81377 -0.777885 -5.81377 0.0927349 0.63672 0.0927349 -0.63672 
1 1 0 7.15599 0.1 4.43746 -0.7781 -5.81546 -0.7781 -5.81546 0.0992108 0.635537 0.0992108 -0.635537 
1 1 0 7.1607 0.1 4.47032 -0.778316 -5.81713 -0.778316 -5.81713 0.105786 0.634269 0.105786 -0.634269 
1 1 0 7.16542 0.1 4.50427 -0.778531 -5.81878 -0.778531 -5.81878 0.112464 0.632912 0.112464 -0.632912 
1 1 0 7.17014 0.1 4.53938 -0.778745 -5.82041 -0.778745 -5.82041 0.119248 0.63146 0.119248 -0.63146 
1 1 0 7.17487 0.1 4.57572 -0.77896 -5.82202 -0.77896 -5.82202 0.126142 0.629911 0.126142 -0.629911 
1 1 0 7.1796 0.1 4.61337 -0.779175 -5.82361 -0.779175 -5.82361 0.133149 0.628258 0.133149 -0.628258 
1 1 0 7.18434 0.1 4.65241 -0.779389 -5.82518 -0.779389 -5.82518 0.140275 0.626495 0.140275 -0.626495 
1 1 0 7.18909 0.1 4.69293 -0.779603 -5.82673 -0.779603 -5.82673 0.147524 0.624616 0.147524 -0.624616 
1 1 0 7.19385 0.1 4.73504 -0.779817 -5.82826 -0.779817 -5.82826 0.154901 0.622616 0.154901 -0.622616 
1 1 0 7.19861 0.1 4.77884 -0.780031 -5.82976 -0.780031 -5.82976 0.162411 0.620487 0.162411 -0.620487 
1 1 0 7.20339 0.1 4.82447 -0.780244 -5.83123 -0.780244 -5.83123 0.170059 0.61822 0.170059 -0.61822 
1 1 0 7.20817 0.1 4.87206 -0.780458 -5.83268 -0.780458 -5.83268 0.177852 0.615809 0.177852 -0.615809 
1 1 0 7.21296 0.1 4.92176 -0.780671 -5.8341 -0.780671 -5.8341 0.185797 0.613242 0.185797 -0.613242 
1 1 0 7.21776 0.1 4.97375 -0.780884 -5.83549 -0.780884 -5.83549 0.1939 0.610512 0.1939 -0.610512 
1 1 0 7.22256 0.1 5.02821 -0.781096 -5.83685 -0.781096 -5.83685 0.20217 0.607605 0.20217 -0.607605 
1 1 0 7.22738 0.1 5.08536 -0.781309 -5.83817 -0.781309 -5.83817 0.210615 0.60451 0.210615 -0.60451 
1 1 0 7.23221 0.1 5.14545 -0.781521 -5.83946 -0.781521 -5.83946 0.219243 0.601213 0.219243 -0.601213 
1 1 0 7.23704 0.1 5.20875 -0.781733 -5.84072 -0.781733 -5.84072 0.228066 0.597699 0.228066 -0.597699 
1 1 0 7.24189 0.1 5.27557 -0.781944 -5.84193 -0.781944 -5.84193 0.237094 0.593951 0.237094 -0.593951 
1 1 0 7.24674 0.1 5.34628 -0.782155 -5.8431 -0.782155 -5.8431 0.246339 0.58995 0.246339 -0.58995 
1 1 0 7.25161 0.1 5.42129 -0.782366 -5.84423 -0.782366 -5.84423 0.255816 0.585675 0.255816 -0.585675 
1 1 0 7.25649 0.1 5.50109 -0.782577 -5.84531 -0.782577 -5.84531 0.265539 0.5811 0.265539 -0.5811 
1 1 0 7.26138 0.1 5.58624 -0.782787 -5.84633 -0.782787 -5.84633 0.275525 0.5762 0.275525 -0.5762 
1 1 0 7.26628 0.1 5.67741 -0.782996 -5.84731 -0.782996 -5.84731 0.285792 0.570942 0.285792 -0.570942 
1 1 0 7.27119 0.1 5.77538 -0.783205 -5.84822 -0.783205 -5.84822 0.296362 0.56529 0.296362 -0.56529 
1 1 0 7.27611 0.1 5.8811 -0.783414 -5.84906 -0.783414 -5.84906 0.307258 0.559201 0.307258 -0.559201 
1 1 0 7.28105 0.1 5.99571 -0.783621 -5.84983 -0.783621 -5.84983 0.318508 0.552628 0.318508 -0.552628 
1 1 0 7.286 0.1 6.1206 -0.783828 -5.85052 -0.783828 -5.85052 0.330141 0.54551 0.330141 -0.54551 
1 1 0 7.29095 0.1 6.2575 -0.784034 -5.85113 -0.784034 -5.85113 0.342195 0.537779 0.342195 -0.537779 
1 1 0 7.29593 0.1 6.40857 -0.78424 -5.85163 -0.78424 -5.85163 0.354709 0.529354 0.354709 -0.529354 
1 1 0 7.30091 0.1 6.57657 -0.784443 -5.85203 -0.784443 -5.85203 0.367732 0.520132 0.367732 -0.520132 
1 1 0 7.30589 0.1 6.76505 -0.784646 -5.8523 -0.784646 -5.8523 0.381317 0.50999 0.381317 -0.50999 
1 1 0 7.31089 0.1 6.97874 -0.784846 -5.85244 -0.784846 -5.85244 0.395533 0.498774 0.395533 -0.498774 
1 1 0 7.31588 0.1 7.22402 -0.785044 -5.85241 -0.785044 -5.85241 0.410456 0.48629 0.410456 -0.48629 
1 1 0 7.32088 0.1 7.50973 -0.78524 -5.8522 -0.78524 -5.8522 0.426178 0.472287 0.426178 -0.472287 
1 1 0 7.32585 0.1 7.84857 -0.785432 -5.85178 -0.785432 -5.85178 0.442809 0.456437 0.442809 -0.456437 
1 1 0 7.3308 0.1 8.25944 -0.785619 -5.85109 -0.785619 -5.85109 0.46048 0.438302 0.46048 -0.438302 
1 1 0 7.3357 0.1 8.77177 -0.785799 -5.8501 -0.785799 -5.8501 0.479338 0.417281 0.479338 -0.417281 
1 1 0 7.34051 0.1 9.43407 -0.785972 -5.84875 -0.785972 -5.84875 0.499548 0.392535 0.499548 -0.392535 
1 1 0 7.34517 0.1 10.3325 -0.786132 -5.84695 -0.786132 -5.84695 0.52127 0.362854 0.52127 -0.362854 
1 1 0 7.3496 0.1 11.636 -0.786276 -5.84463 -0.786276 -5.84463 0.544603 0.326436 0.544603 -0.326436 
1 1 0 7.35365 0.1 13.7332 -0.786397 -5.8417 -0.786397 -5.8417 0.569492 0.280395 0.569492 -0.280395 
1 1 0 7.35715 0.1 17.8165 -0.786488 -5.83813 -0.786488 -5.83813 0.595578 0.2192 0.595578 -0.2192 
1 1 0 7.35994 0.1 31.7472 -0.786543 -5.83398 -0.786543 -5.83398 0.622139 0.124763 0.622139 -0.124763 
1 1 0 7.36191 0.1 31.7472 -0.78656 -5.82939 -0.78656 -5.82939 0.515168 0 0.781353 0 
1 1 0 7.36306 0.1 31.7472 -0.786541 -5.82452 -0.786541 -5.82452 0.448008 0 0.898374 0 
1 1 0 7.3635 0.1 31.7472 -0.786493 -5.81954 -0.786493 -5.81954 0.408959 0 0.984127 0 
1 1 0 7.36351 0.1 31.7472 -0.78648 -5.81849 -0.78648 -5.81849 0.402469 0 1 0 
2 1 0 7.36325 0.1 31.7472 -0.786404 -5.8135 -0.786404 -5.8135 0.37669 0 1.06851 0 
2 1 0 7.36253 0.1 31.7472 -0.78631 -5.80855 -0.78631 -5.80855 0.356858 0 1.12803 0 
2 1 0 7.36144 0.1 31.7472 -0.786203 -5.80367 -0.786203 -5.80367 0.340927 0 1.18095 0 
2 1 0 7.36006 0.1 31.7472 -0.786085 -5.79887 -0.786085 -5.79887 0.32773 0 1.22877 0 
2 1 0 7.35844 0.1 31.7472 -0.785959 -5.79414 -0.785959 -5.79414 0.31654 0 1.27252 0 
2 1 0 7.35661 0.1 31.7472 -0.785826 -5.78949 -0.785826 -5.78949 0.306878 0 1.31294 0 
2 1 0 7.35462 0.1 31.7472 -0.785687 -5.7849 -0.785687 -5.7849 0.298412 0 1.35059 0 
2 1 0 7.35248 0.1 31.7472 -0.785543 -5.78039 -0.785543 -5.78039 0.290904 0 1.38588 0 
2 1 0 7.35021 0.1 31.7472 -0.785395 -5.77593 -0.785395 -5.77593 0.284178 0 1.41915 0 
2 1 0 7.34783 0.1 31.7472 -0.785244 -5.77154 -0.785244 -5.77154 0.278101 0 1.45066 0 
2 1 0 7.34536 0.1 31.7472 -0.785089 -5.76719 -0.785089 -5.76719 0.272569 0 1.48063 0 
2 1 0 7.34281 0.1 31.7472 -0.784931 -5.7629 -0.784931 -5.7629 0.267502 0 1.50923 0 
2 1 0 7.34017 0.1 31.7472 -0.784772 -5.75865 -0.784772 -5.75865 0.262835 0 1.53661 0 
2 1 0 7.33747 0.1 31.7472 -0.784609 -5.75445 -0.784609 -5.75445 0.258514 0 1.5629 0 
2 1 0 7.33471 0.1 31.7472 -0.784445 -5.75028 -0.784445 -5.75028 0.254498 0 1.58819 0 
2 1 0 7.33189 0.1 31.7472 -0.78428 -5.74616 -0.78428 -5.74616 0.250749 0 1.61258 0 
2 1 0 7.32901 0.1 31.7472 -0.784112 -5.74207 -0.784112 -5.74207 0.247239 0 1.63614 0 
2 1 0 7.32609 0.1 31.7472 -0.783943 -5.73801 -0.783943 -5.73801 0.243941 0 1.65895 0 
2 1 0 7.32313 0.1 31.7472 -0.783773 -5.73399 -0.783773 -5.73399 0.240834 0 1.68106 0 
2 1 0 7.32013 0.1 31.7472 -0.783601 -5.73 -0.783601 -5.73 0.237899 0 1.70252 0 
2 1 0 7.31708 0.1 31.7472 -0.783428 -5.72603 -0.783428 -5.72603 0.23512 0 1.72338 0 
2 1 0 7.314 0.1 31.7472 -0.783254 -5.7221 -0.783254 -5.7221 0.232484 0 1.74368 0 
2 1 0 7.31089 0.1 31.7472 -0.783079 -5.71819 -0.783079 -5.71819 0.229977 0 1.76346 0 
2 1 0 7.30775 0.1 31.7472 -0.782903 -5.7143 -0.782903 -5.7143 0.227589 0 1.78275 0 
2 1 0 7.30458 0.1 31.7472 -0.782726 -5.71044 -0.782726 -5.71044 0.225311 0 1.80158 0 
2 1 0 7.30138 0.1 31.7472 -0.782549 -5.7066 -0.782549 -5.7066 0.223133 0 1.81998 0 
2 1 0 7.29816 0.1 31.7472 -0.78237 -5.70279 -0.78237 -5.70279 0.221049 0 1.83797 0 
2 1 0 7.29491 0.1 31.7472 -0.782191 -5.69899 -0.782191 -5.69899 0.219052 0 1.85558 0 
2 1 0 7.29163 0.1 31.7472 -0.78201 -5.69521 -0.78201 -5.69521 0.217135 0 1.87281 0 
2 1 0 7.28834 0.1 31.7472 -0.78183 -5.69146 -0.78183 -5.69146 0.215294 0 1.8897 0 
2 1 0 7.28502 0.1 31.7472 -0.781648 -5.68772 -0.781648 -5.68772 0.213522 0 1.90626 0 
2 1 0 7.28168 0.1 31.7472 -0.781466 -5.684 -0.781466 -5.684 0.211817 0 1.92251 0 
2 1 0 7.27833 0.1 31.7472 -0.781283 -5.6803 -0.781283 -5.6803 0.210173 0 1.93846 0 
2 1 0 7.27495 0.1 31.7472 -0.7811 -5.67661 -0.7811 -5.67661 0.208587 0 1.95412 0 
2 1 0 7.27156 0.1 31.7472 -0.780916 -5.67295 -0.780916 -5.67295 0.207055 0 1.96951 0 
2 1 0 7.26815 0.1 31.7472 -0.780731 -5.66929 -0.780731 -5.66929 0.205574 0 1.98463 0 
2 1 0 7.26473 0.1 31.7472 -0.780546 -5.66566 -0.780546 -5.66566 0.204142 0 1.99951 0 
2 1 0 7.26129 0.1 31.7472 -0.780361 -5.66203 -0.780361 -5.66203 0.202756 0 2.01414 0 
2 1 0 7.25783 0.1 31.7472 -0.780174 -5.65842 -0.780174 -5.65842 0.201414 0 2.02855 0 
2 1 0 7.25436 0.1 31.7472 -0.779988 -5.65483 -0.779988 -5.65483 0.200112 0 2.04273 0 
2 1 0 7.25087 0.1 31.7472 -0.779801 -5.65125 -0.779801 -5.65125 0.198849 0 2.05669 0 
2 1 0 7.24738 0.1 31.7472 -0.779613 -5.64768 -0.779613 -5.64768 0.197624 0 2.07045 0 
2 1 0 7.24386 0.1 31.7472 -0.779425 -5.64413 -0.779425 -5.64413 0.196434 0 2.08402 0 
2 1 0 7.24034 0.1 31.7472 -0.779237 -5.64059 -0.779237 -5.64059 0.195277 0 2.09738 0 
2 1 0 7.2368 0.1 31.7472 -0.779048 -5.63706 -0.779048 -5.63706 0.194153 0 2.11057 0 
2 1 0 7.23326 0.1 31.7472 -0.778859 -5.63354 -0.778859 -5.63354 0.193059 0 2.12357 0 
2 1 0 7.2297 0.1 31.7472 -0.778669 -5.63003 -0.778669 -5.63003 0.191994 0 2.1364 0 
2 1 0 7.22613 0.1 31.7472 -0.778479 -5.62654 -0.778479 -5.62654 0.190957 0 2.14906 0 
2 1 0 7.22254 0.1 31.7472 -0.778288 -5.62305 -0.778288 -5.62305 0.189947 0 2.16156 0 
2 1 0 7.21895 0.1 31.7472 -0.778097 -5.61958 -0.778097 -5.61958 0.188963 0 2.1739 0 
2 1 0 7.21535 0.1 31.7472 -0.777906 -5.61612 -0.777906 -5.61612 0.188003 0 2.18609 0 
2 1 0 7.21174 0.1 31.7472 -0.777715 -5.61267 -0.777715 -5.61267 0.187067 0 2.19813 0 
2 1 0 7.20811 0.1 31.7472 -0.777523 -5.60923 -0.777523 -5.60923 0.186154 0 2.21002 0 
2 1 0 7.20448 0.1 31.7472 -0.77733 -5.6058 -0.77733 -5.6058 0.185262 0 2.22177 0 
2 1 0 7.20084 0.1 31.7472 -0.777138 -5.60237 -0.777138 -5.60237 0.184391 0 2.23339 0 
2 1 0 7.19719 0.1 31.7472 -0.776945 -5.59896 -0.776945 -5.59896 0.18354 0 2.24487 0 
2 1 0 7.19353 0.1 31.7472 -0.776751 -5.59556 -0.776751 -5.59556 0.182709 0 2.25622 0 
2 1 0 7.18986 0.1 31.7472 -0.776558 -5.59217 -0.776558 -5.59217 0.181896 0 2.26745 0 
2 1 0 7.18619 0.1 31.7472 -0.776363 -5.58878 -0.776363 -5.58878 0.181102 0 2.27855 0 
2 1 0 7.18251 0.1 31.7472 -0.776169 -5.58541 -0.776169 -5.58541 0.180325 0 2.28953 0 
2 1 0 7.17881 0.1 31.7472 -0.775974 -5.58204 -0.775974 -5.58204 0.179564 0 2.3004 0 
2 1 0 7.17511 0.1 31.7472 -0.775779 -5.57868 -0.775779 -5.57868 0.17882 0 2.31115 0 
2 1 0 7.17141 0.1 31.7472 -0.775584 -5.57534 -0.775584 -5.57534 0.178092 0 2.32178 0 
2 1 0 7.16769 0.1 31.7472 -0.775389 -5.57199 -0.775389 -5.57199 0.177379 0 2.33231 0 
2 1 0 7.16397 0.1 31.7472 -0.775193 -5.56866 -0.775193 -5.56866 0.17668 0 2.34273 0 
2 1 0 7.16024 0.1 31.7472 -0.774996 -5.56534 -0.774996 -5.56534 0.175996 0 2.35305 0 
2 1 0 7.1565 0.1 31.7472 -0.7748 -5.56202 -0.7748 -5.56202 0.175325 0 2.36327 0 
2 1 0 7.15276 0.1 31.7472 -0.774603 -5.55871 -0.774603 -5.55871 0.174668 0 2.37338 0 
2 1 0 7.14901 0.1 31.7472 -0.774406 -5.55541 -0.774406 -5.55541 0.174023 0 2.3834 0 
2 1 0 7.14525 0.1 31.7472 -0.774209 -5.55212 -0.774209 -5.55212 0.173391 0 2.39332 0 
2 1 0 7.14149 0.1 31.7472 -0.774011 -5.54883 -0.774011 -5.54883 0.172772 0 2.40314 0 
2 1 0 7.13772 0.1 31.7472 -0.773813 -5.54555 -0.773813 -5.54555 0.172164 0 2.41287 0 
2 1 0 7.13394 0.1 31.7472 -0.773615 -5.54228 -0.773615 -5.54228 0.171567 0 2.42252 0 
2 1 0 7.13016 0.1 31.7472 -0.773416 -5.53902 -0.773416 -5.53902 0.170982 0 2.43207 0 
2 1 0 7.12637 0.1 31.7472 -0.773218 -5.53576 -0.773218 -5.53576 0.170407 0 2.44154 0 
2 1 0 7.12258 0.1 31.7472 -0.773019 -5.53251 -0.773019 -5.53251 0.169843 0 2.45092 0 
2 1 0 7.11878 0.1 31.7472 -0.772819 -5.52926 -0.772819 -5.52926 0.16929 0 2.46022 0 
2 1 0 7.11497 0.1 31.7472 -0.77262 -5.52603 -0.77262 -5.52603 0.168746 0 2.46943 0 
2 1 0 7.11116 0.1 31.7472 -0.77242 -5.5228 -0.77242 -5.5228 0.168212 0 2.47856 0 
2 1 0 7.10735 0.1 31.7472 -0.77222 -5.51957 -0.77222 -5.51957 0.167687 0 2.48762 0 
2 1 0 7.10352 0.1 31.7472 -0.772019 -5.51636 -0.772019 -5.51636 0.167172 0 2.49659 0 
2 1 0 7.0997 0.1 31.7472 -0.771819 -5.51315 -0.771819 -5.51315 0.166666 0 2.50549 0 
2 1 0 7.09586 0.1 31.7472 -0.771618 -5.50994 -0.771618 -5.50994 0.166168 0 2.51431 0 
2 1 0 7.09202 0.1 31.7472 -0.771417 -5.50674 -0.771417 -5.50674 0.165679 0 2.52305 0 
2 1 0 7.08818 0.1 31.7472 -0.771215 -5.50355 -0.771215 -5.50355 0.165198 0 2.53173 0 
2 1 0 7.08433 0.1 31.7472 -0.771014 -5.50037 -0.771014 -5.50037 0.164725 0 2.54033 0 
2 1 0 7.08048 0.1 31.7472 -0.770812 -5.49719 -0.770812 -5.49719 0.16426 0 2.54886 0 
2 1 0 7.07662 0.1 31.7472 -0.77061 -5.49402 -0.77061 -5.49402 0.163803 0 2.55732 0 
2 1 0 7.07276 0.1 31.7472 -0.770407 -5.49085 -0.770407 -5.49085 0.163354 0 2.56571 0 
2 1 0 7.06889 0.1 31.7472 -0.770205 -5.48769 -0.770205 -5.48769 0.162912 0 2.57403 0 
2 1 0 7.06501 0.1 31.7472 -0.770002 -5.48453 -0.770002 -5.48453 0.162477 0 2.58228 0 
2 1 0 7.06114 0.1 31.7472 -0.769799 -5.48138 -0.769799 -5.48138 0.162049 0 2.59047 0 
2 1 0 7.05725 0.1 31.7472 -0.769595 -5.47824 -0.769595 -5.47824 0.161628 0 2.59859 0 
2 1 0 7.05337 0.1 31.7472 -0.769392 -5.4751 -0.769392 -5.4751 0.161213 0 2.60665 0 
2 1 0 7.04948 0.1 31.7472 -0.769188 -5.47197 -0.769188 -5.47197 0.160806 0 2.61465 0 
2 1 0 7.04558 0.1 31.7472 -0.768984 -5.46884 -0.768984 -5.46884 0.160404 0 2.62258 0 
2 1 0 7.04168 0.1 31.7472 -0.768779 -5.46572 -0.768779 -5.46572 0.16001 0 2.63045 0 
2 1 0 7.03778 0.1 31.7472 -0.768575 -5.4626 -0.768575 -5.4626 0.159621 0 2.63825 0 
2 1 0 7.03387 0.1 31.7472 -0.76837 -5.45949 -0.76837 -5.45949 0.159238 0 2.646 0 
2 1 0 7.02995 0.1 31.7472 -0.768165 -5.45638 -0.768165 -5.45638 0.158861 0 2.65369 0 
2 1 0 7.02604 0.1 31.7472 -0.76796 -5.45328 -0.76796 -5.45328 0.15849 0 2.66132 0 
2 1 0 7.02211 0.1 31.7472 -0.767754 -5.45019 -0.767754 -5.45019 0.158125 0 2.66889 0 
2 1 0 7.01819 0.1 31.7472 -0.767548 -5.4471 -0.767548 -5.4471 0.157765 0 2.6764 0 
2 1 0 7.01426 0.1 31.7472 -0.767342 -5.44401 -0.767342 -5.44401 0.157411 0 2.68385 0 
2 1 0 7.01033 0.1 31.7472 -0.767136 -5.44093 -0.767136 -5.44093 0.157062 0 2.69125 0 
2 1 0 7.00639 0.1 31.7472 -0.76693 -5.43786 -0.76693 -5.43786 0.156719 0 2.69859 0 
2 1 0 7.00245 0.1 31.7472 -0.766723 -5.43479 -0.766723 -5.43479 0.15638 0 2.70588 0 
2 1 0 6.9985 0.1 31.7472 -0.766516 -5.43172 -0.766516 -5.43172 0.156047 0 2.71311 0 
2 1 0 6.99455 0.1 31.7472 -0.766309 -5.42866 -0.766309 -5.42866 0.155719 0 2.72029 0 
2 1 0 6.9906 0.1 31.7472 -0.766102 -5.42561 -0.766102 -5.42561 0.155395 0 2.72742 0 
2 1 0 6.98664 0.1 31.7472 -0.765894 -5.42256 -0.765894 -5.42256 0.155076 0 2.73449 0 
2 1 0 6.98268 0.1 31.7472 -0.765686 -5.41951 -0.765686 -5.41951 0.154762 0 2.74151 0 
2 1 0 6.97872 0.1 31.7472 -0.765478 -5.41647 -0.765478 -5.41647 0.154453 0 2.74848 0 
2 1 0 6.97475 0.1 31.7472 -0.76527 -5.41344 -0.76527 -5.41344 0.154148 0 2.75539 0 
2 1 0 6.97078 0.1 31.7472 -0.765061 -5.41041 -0.765061 -5.41041 0.153848 0 2.76226 0 
2 1 0 6.96681 0.1 31.7472 -0.764853 -5.40738 -0.764853 -5.40738 0.153552 0 2.76907 0 
2 1 0 6.96283 0.1 31.7472 -0.764644 -5.40436 -0.764644 -5.40436 0.15326 0 2.77583 0 
2 1 0 6.95885 0.1 31.7472 -0.764434 -5.40134 -0.764434 -5.40134 0.152973 0 2.78255 0 
2 1 0 6.95486 0.1 31.7472 -0.764225 -5.39833 -0.764225 -5.39833 0.15269 0 2.78921 0 
2 1 0 6.95087 0.1 31.7472 -0.764015 -5.39532 -0.764015 -5.39532 0.15241 0 2.79583 0 
2 1 0 6.94688 0.1 31.7472 -0.763806 -5.39232 -0.763806 -5.39232 0.152135 0 2.8024 0 
2 1 0 6.94288 0.1 31.7472 -0.763595 -5.38932 -0.763595 -5.38932 0.151864 0 2.80892 0 
2 1 0 6.93889 0.1 31.7472 -0.763385 -5.38632 -0.763385 -5.38632 0.151597 0 2.81539 0 
2 1 0 6.93488 0.1 31.7472 -0.763175 -5.38333 -0.763175 -5.38333 0.151334 0 2.82181 0 
2 1 0 6.93088 0.1 31.7472 -0.762964 -5.38035 -0.762964 -5.38035 0.151074 0 2.82819 0 
2 1 0 6.92687 0.1 31.7472 -0.762753 -5.37737 -0.762753 -5.37737 0.150818 0 2.83452 0 
2 1 0 6.92286 0.1 31.7472 -0.762542 -5.37439 -0.762542 -5.37439 0.150566 0 2.84081 0 
2 1 0 6.91884 0.1 31.7472 -0.76233 -5.37142 -0.76233 -5.37142 0.150317 0 2.84705 0 
2 1 0 6.91483 0.1 31.7472 -0.762119 -5.36845 -0.762119 -5.36845 0.150073 0 2.85324 0 
2 1 0 6.91081 0.1 31.7472 -0.761907 -5.36549 -0.761907 -5.36549 0.149831 0 2.85939 0 
2 1 0 6.90678 0.1 31.7472 -0.761695 -5.36253 -0.761695 -5.36253 0.149593 0 2.86549 0 
2 1 0 6.90275 0.1 31.7472 -0.761483 -5.35957 -0.761483 -5.35957 0.149359 0 2.87155 0 
2 1 0 6.89872 0.1 31.7472 -0.76127 -5.35662 -0.76127 -5.35662 0.149127 0 2.87757 0 
2 1 0 6.89469 0.1 31.7472 -0.761057 -5.35367 -0.761057 -5.35367 0.148899 0 2.88354 0 
2 1 0 6.89065 0.1 31.7472 -0.760844 -5.35073 -0.760844 -5.35073 0.148675 0 2.88946 0 
2 1 0 6.88661 0.1 31.7472 -0.760631 -5.34779 -0.760631 -5.34779 0.148453 0 2.89535 0 
2 1 0 6.88257 0.1 31.7472 -0.760418 -5.34485 -0.760418 -5.34485 0.148235 0 2.90119 0 
2 1 0 6.87853 0.1 31.7472 -0.760204 -5.34192 -0.760204 -5.34192 0.14802 0 2.90699 0 
2 1 0 6.87448 0.1 31.7472 -0.75999 -5.339 -0.75999 -5.339 0.147808 0 2.91274 0 
2 1 0 6.87043 0.1 31.7472 -0.759776 -5.33607 -0.759776 -5.33607 0.147599 0 2.91845 0 
2 1 0 6.86637 0.1 31.7472 -0.759562 -5.33316 -0.759562 -5.33316 0.147394 0 2.92412 0 
2 1 0 6.86232 0.1 31.7472 -0.759348 -5.33024 -0.759348 -5.33024 0.147191 0 2.92975 0 
2 1 0 6.85826 0.1 31.7472 -0.759133 -5.32733 -0.759133 -5.32733 0.146991 0 2.93534 0 
2 1 0 6.85419 0.1 31.7472 -0.758918 -5.32442 -0.758918 -5.32442 0.146794 0 2.94088 0 
2 1 0 6.85013 0.1 31.7472 -0.758703 -5.32152 -0.758703 -5.32152 0.1466 0 2.94639 0 
2 1 0 6.84606 0.1 31.7472 -0.758488 -5.31862 -0.758488 -5.31862 0.146408 0 2.95185 0 
2 1 0 6.84199 0.1 31.7472 -0.758272 -5.31573 -0.758272 -5.31573 0.14622 0 2.95727 0 
2 1 0 6.83792 0.1 31.7472 -0.758056 -5.31283 -0.758056 -5.31283 0.146034 0 2.96265 0 
2 1 0 6.83384 0.1 31.7472 -0.75784 -5.30995 -0.75784 -5.30995 0.145851 0 2.96799 0 
2 1 0 6.82976 0.1 31.7472 -0.757624 -5.30706 -0.757624 -5.30706 0.145671 0 2.97329 0 
2 1 0 6.82568 0.1 31.7472 -0.757408 -5.30418 -0.757408 -5.30418 0.145493 0 2.97855 0 
2 1 0 6.8216 0.1 31.7472 -0.757191 -5.30131 -0.757191 -5.30131 0.145318 0 2.98377 0 
2 1 0 6.81751 0.1 31.7472 -0.756974 -5.29843 -0.756974 -5.29843 0.145146 0 2.98895 0 
2 1 0 6.81342 0.1 31.7472 -0.756757 -5.29557 -0.756757 -5.29557 0.144976 0 2.99409 0 
2 1 0 6.80933 0.1 31.7472 -0.75654 -5.2927 -0.75654 -5.2927 0.144809 0 2.99919 0 
2 1 0 6.80523 0.1 31.7472 -0.756322 -5.28984 -0.756322 -5.28984 0.144644 0 3.00425 0 
2 1 0 6.80113 0.1 31.7472 -0.756104 -5.28698 -0.756104 -5.28698 0.144482 0 3.00928 0 
2 1 0 6.79703 0.1 31.7472 -0.755887 -5.28413 -0.755887 -5.28413 0.144323 0 3.01426 0 
2 1 0 6.79293 0.1 31.7472 -0.755668 -5.28128 -0.755668 -5.28128 0.144165 0 3.01921 0 
2 1 0 6.78883 0.1 31.7472 -0.75545 -5.27843 -0.75545 -5.27843 0.144011 0 3.02411 0 
2 1 0 6.78472 0.1 31.7472 -0.755231 -5.27559 -0.755231 -5.27559 0.143858 0 3.02898 0 
2 1 0 6.78061 0.1 31.7472 -0.755013 -5.27275 -0.755013 -5.27275 0.143708 0 3.03381 0 
2 1 0 6.7765 0.1 31.7472 -0.754794 -5.26992 -0.754794 -5.26992 0.143561 0 3.0386 0 
2 1 0 6.77238 0.1 31.7472 -0.754574 -5.26708 -0.754574 -5.26708 0.143415 0 3.04335 0 
2 1 0 6.76827 0.1 31.7472 -0.754355 -5.26426 -0.754355 -5.26426 0.143272 0 3.04807 0 
2 1 0 6.76415 0.1 31.7472 -0.754135 -5.26143 -0.754135 -5.26143 0.143132 0 3.05274 0 
2 1 0 6.76002 0.1 31.7472 -0.753915 -5.25861 -0.753915 -5.25861 0.142993 0 3.05738 0 
2 1 0 6.7559 0.1 31.7472 -0.753695 -5.25579 -0.753695 -5.25579 0.142857 0 3.06198 0 
2 1 0 6.75177 0.1 31.7472 -0.753475 -5.25298 -0.753475 -5.25298 0.142723 0 3.06655 0 
2 1 0 6.74764 0.1 31.7472 -0.753254 -5.25017 -0.753254 -5.25017 0.142591 0 3.07107 0 
2 1 0 6.74351 0.1 31.7472 -0.753034 -5.24736 -0.753034 -5.24736 0.142462 0 3.07556 0 
2 1 0 6.73938 0.1 31.7472 -0.752813 -5.24456 -0.752813 -5.24456 0.142334 0 3.08001 0 
2 1 0 6.73524 0.1 31.7472 -0.752591 -5.24176 -0.752591 -5.24176 0.142209 0 3.08443 0 
2 1 0 6.7311 0.1 31.7472 -0.75237 -5.23896 -0.75237 -5.23896 0.142086 0 3.08881 0 
2 1 0 6.72696 0.1 31.7472 -0.752148 -5.23617 -0.752148 -5.23617 0.141965 0 3.09315 0 
2 1 0 6.72282 0.1 31.7472 -0.751927 -5.23338 -0.751927 -5.23338 0.141846 0 3.09745 0 
2 1 0 6.71867 0.1 31.7472 -0.751704 -5.23059 -0.751704 -5.23059 0.14173 0 3.10172 0 
2 1 0 6.71452 0.1 31.7472 -0.751482 -5.22781 -0.751482 -5.22781 0.141615 0 3.10595 0 
2 1 0 6.71037 0.1 31.7472 -0.75126 -5.22503 -0.75126 -5.22503 0.141502 0 3.11014 0 
2 1 0 6.70622 0.1 31.7472 -0.751037 -5.22225 -0.751037 -5.22225 0.141391 0 3.11429 0 
2 1 0 6.70207 0.1 31.7472 -0.750814 -5.21948 -0.750814 -5.21948 0.141283 0 3.11841 0 
2 1 0 6.69791 0.1 31.7472 -0.750591 -5.21671 -0.750591 -5.21671 0.141176 0 3.1225 0 
2 1 0 6.69375 0.1 31.7472 -0.750368 -5.21394 -0.750368 -5.21394 0.141072 0 3.12654 0 
2 1 0 6.68959 0.1 31.7472 -0.750144 -5.21118 -0.750144 -5.21118 0.140969 0 3.13056 0 
2 1 0 6.68542 0.1 31.7472 -0.74992 -5.20842 -0.74992 -5.20842 0.140868 0 3.13453 0 
2 1 0 6.68126 0.1 31.7472 -0.749696 -5.20567 -0.749696 -5.20567 0.140769 0 3.13847 0 
2 1 0 6.67709 0.1 31.7472 -0.749472 -5.20291 -0.749472 -5.20291 0.140673 0 3.14237 0 
2 1 0 6.67292 0.1 31.7472 -0.749247 -5.20016 -0.749247 -5.20016 0.140578 0 3.14623 0 
2 1 0 6.66875 0.1 31.7472 -0.749023 -5.19742 -0.749023 -5.19742 0.140485 0 3.15006 0 
2 1 0 6.66457 0.1 31.7472 -0.748798 -5.19467 -0.748798 -5.19467 0.140394 0 3.15386 0 
2 1 0 6.6604 0.1 31.7472 -0.748573 -5.19194 -0.748573 -5.19194 0.140304 0 3.15762 0 
2 1 0 6.65622 0.1 31.7472 -0.748347 -5.1892 -0.748347 -5.1892 0.140217 0 3.16134 0 
2 1 0 6.65204 0.1 31.7472 -0.748122 -5.18647 -0.748122 -5.18647 0.140132 0 3.16502 0 
2 1 0 6.64785 0.1 31.7472 -0.747896 -5.18374 -0.747896 -5.18374 0.140048 0 3.16867 0 
2 1 0 6.64367 0.1 31.7472 -0.74767 -5.18101 -0.74767 -5.18101 0.139966 0 3.17229 0 
2 1 0 6.63948 0.1 31.7472 -0.747444 -5.17829 -0.747444 -5.17829 0.139886 0 3.17586 0 
2 1 0 6.63529 0.1 31.7472 -0.747217 -5.17557 -0.747217 -5.17557 0.139808 0 3.17941 0 
2 1 0 6.6311 0.1 31.7472 -0.746991 -5.17285 -0.746991 -5.17285 0.139732 0 3.18291 0 
2 1 0 6.62691 0.1 31.7472 -0.746764 -5.17014 -0.746764 -5.17014 0.139657 0 3.18638 0 
2 1 0 6.62271 0.1 31.7472 -0.746537 -5.16743 -0.746537 -5.16743 0.139584 0 3.18982 0 
2 1 0 6.61851 0.1 31.7472 -0.746309 -5.16472 -0.746309 -5.16472 0.139513 0 3.19322 0 
2 1 0 6.61431 0.1 31.7472 -0.746082 -5.16202 -0.746082 -5.16202 0.139444 0 3.19658 0 
2 1 0 6.61011 0.1 31.7472 -0.745854 -5.15931 -0.745854 -5.15931 0.139377 0 3.19991 0 
2 1 0 6.60591 0.1 31.7472 -0.745626 -5.15662 -0.745626 -5.15662 0.139311 0 3.2032 0 
2 1 0 6.6017 0.1 31.7472 -0.745398 -5.15392 -0.745398 -5.15392 0.139247 0 3.20646 0 
2 1 0 6.5975 0.1 31.7472 -0.74517 -5.15123 -0.74517 -5.15123 0.139185 0 3.20968 0 
2 1 0 6.59329 0.1 31.7472 -0.744941 -5.14854 -0.744941 -5.14854 0.139124 0 3.21287 0 
2 1 0 6.58907 0.1 31.7472 -0.744712 -5.14586 -0.744712 -5.14586 0.139066 0 3.21602 0 
2 1 0 6.58486 0.1 31.7472 -0.744483 -5.14318 -0.744483 -5.14318 0.139009 0 3.21913 0 
2 1 0 6.58064 0.1 31.7472 -0.744254 -5.1405 -0.744254 -5.1405 0.138953 0 3.22221 0 
2 1 0 6.57643 0.1 31.7472 -0.744024 -5.13782 -0.744024 -5.13782 0.1389 0 3.22526 0 
2 1 0 6.57221 0.1 31.7472 -0.743794 -5.13515 -0.743794 -5.13515 0.138848 0 3.22826 0 
2 1 0 6.56798 0.1 31.7472 -0.743565 -5.13248 -0.743565 -5.13248 0.138797 0 3.23124 0 
2 1 0 6.56376 0.1 31.7472 -0.743334 -5.12982 -0.743334 -5.12982 0.138749 0 3.23417 0 
2 1 0 6.55954 0.1 31.7472 -0.743104 -5.12715 -0.743104 -5.12715 0.138702 0 3.23708 0 
2 1 0 6.55531 0.1 31.7472 -0.742873 -5.12449 -0.742873 -5.12449 0.138657 0 3.23994 0 
2 1 0 6.55108 0.1 31.7472 -0.742642 -5.12184 -0.742642 -5.12184 0.138613 0 3.24277 0 
2 1 0 6.54685 0.1 31.7472 -0.742411 -5.11918 -0.742411 -5.11918 0.138571 0 3.24557 0 
2 1 0 6.54261 0.1 31.7472 -0.74218 -5.11653 -0.74218 -5.11653 0.138531 0 3.24833 0 
2 1 0 6.53838 0.1 31.7472 -0.741948 -5.11388 -0.741948 -5.11388 0.138492 0 3.25105 0 
2 1 0 6.53414 0.1 31.7472 -0.741717 -5.11124 -0.741717 -5.11124 0.138455 0 3.25374 0 
2 1 0 6.5299 0.1 31.7472 -0.741485 -5.1086 -0.741485 -5.1086 0.13842 0 3.25639 0 
2 1 0 6.52566 0.1 31.7472 -0.741253 -5.10596 -0.741253 -5.10596 0.138386 0 3.25901 0 
2 1 0 6.52142 0.1 31.7472 -0.74102 -5.10332 -0.74102 -5.10332 0.138354 0 3.26159 0 
2 1 0 6.51717 0.1 31.7472 -0.740787 -5.10069 -0.740787 -5.10069 0.138323 0 3.26413 0 
2 1 0 6.51293 0.1 31.7472 -0.740555 -5.09806 -0.740555 -5.09806 0.138295 0 3.26664 0 
2 1 0 6.50868 0.1 31.7472 -0.740321 -5.09544 -0.740321 -5.09544 0.138267 0 3.26912 0 
2 1 0 6.50443 0.1 31.7472 -0.740088 -5.09281 -0.740088 -5.09281 0.138242 0 3.27156 0 
2 1 0 6.50018 0.1 31.7472 -0.739855 -5.09019 -0.739855 -5.09019 0.138218 0 3.27396 0 
2 1 0 6.49592 0.1 31.7472 -0.739621 -5.08758 -0.739621 -5.08758 0.138195 0 3.27633 0 
2 1 0 6.49167 0.1 31.7472 -0.739387 -5.08496 -0.739387 -5.08496 0.138174 0 3.27866 0 
2 1 0 6.48741 0.1 31.7472 -0.739152 -5.08235 -0.739152 -5.08235 0.138155 0 3.28095 0 
2 1 0 6.48315 0.1 31.7472 -0.738918 -5.07974 -0.738918 -5.07974 0.138138 0 3.28321 0 
2 1 0 6.47889 0.1 31.7472 -0.738683 -5.07714 -0.738683 -5.07714 0.138122 0 3.28544 0 
2 1 0 6.47463 0.1 31.7472 -0.738448 -5.07454 -0.738448 -5.07454 0.138107 0 3.28762 0 
2 1 0 6.47036 0.1 31.7472 -0.738213 -5.07194 -0.738213 -5.07194 0.138094 0 3.28978 0 
2 1 0 6.46609 0.1 31.7472 -0.737978 -5.06934 -0.737978 -5.06934 0.138083 0 3.29189 0 
2 1 0 6.46182 0.1 31.7472 -0.737742 -5.06675 -0.737742 -5.06675 0.138073 0 3.29397 0 
2 1 0 6.45755 0.1 31.7472 -0.737506 -5.06416 -0.737506 -5.06416 0.138065 0 3.29601 0 
2 1 0 6.45328 0.1 31.7472 -0.73727 -5.06157 -0.73727 -5.06157 0.138059 0 3.29802 0 
2 1 0 6.44901 0.1 31.7472 -0.737034 -5.05899 -0.737034 -5.05899 0.138054 0 3.29999 0 
2 1 0 6.44473 0.1 31.7472 -0.736798 -5.05641 -0.736798 -5.05641 0.13805 0 3.30193 0 
2 1 0 6.44045 0.1 31.7472 -0.736561 -5.05383 -0.736561 -5.05383 0.138049 0 3.30383 0 
2 1 0 6.43618 0.1 31.7472 -0.736324 -5.05125 -0.736324 -5.05125 0.138048 0 3.30569 0 
2 1 0 6.43189 0.1 31.7472 -0.736087 -5.04868 -0.736087 -5.04868 0.13805 0 3.30752 0 
2 1 0 6.42761 0.1 31.7472 -0.735849 -5.04611 -0.735849 -5.04611 0.138053 0 3.30931 0 
2 1 0 6.42333 0.1 31.7472 -0.735611 -5.04355 -0.735611 -5.04355 0.138057 0 3.31106 0 
2 1 0 6.41904 0.1 31.7472 -0.735374 -5.04098 -0.735374 -5.04098 0.138063 0 3.31278 0 
2 1 0 6.41475 0.1 31.7472 -0.735135 -5.03842 -0.735135 -5.03842 0.138071 0 3.31446 0 
2 1 0 6.41046 0.1 31.7472 -0.734897 -5.03587 -0.734897 -5.03587 0.13808 0 3.3161 0 
2 1 0 6.40617 0.1 31.7472 -0.734658 -5.03331 -0.734658 -5.03331 0.138091 0 3.31771 0 
2 1 0 6.40188 0.1 31.7472 -0.73442 -5.03076 -0.73442 -5.03076 0.138103 0 3.31928 0 
2 1 0 6.39758 0.1 31.7472 -0.73418 -5.02821 -0.73418 -5.02821 0.138117 0 3.32081 0 
2 1 0 6.39328 0.1 31.7472 -0.733941 -5.02567 -0.733941 -5.02567 0.138133 0 3.32231 0 
2 1 0 6.38899 0.1 31.7472 -0.733702 -5.02313 -0.733702 -5.02313 0.13815 0 3.32377 0 
2 1 0 6.38468 0.1 31.7472 -0.733462 -5.02059 -0.733462 -5.02059 0.138169 0 3.32519 0 
2 1 0 6.38038 0.1 31.7472 -0.733222 -5.01805 -0.733222 -5.01805 0.138189 0 3.32658 0 
2 1 0 6.37608 0.1 31.7472 -0.732982 -5.01552 -0.732982 -5.01552 0.138211 0 3.32792 0 
2 1 0 6.37177 0.1 31.7472 -0.732741 -5.01299 -0.732741 -5.01299 0.138234 0 3.32924 0 
2 1 0 6.36747 0.1 31.7472 -0.7325 -5.01046 -0.7325 -5.01046 0.138259 0 3.33051 0 
2 1 0 6.36316 0.1 31.7472 -0.732259 -5.00793 -0.732259 -5.00793 0.138286 0 3.33175 0 
2 1 0 6.35885 0.1 31.7472 -0.732018 -5.00541 -0.732018 -5.00541 0.138314 0 3.33295 0 
2 1 0 6.35453 0.1 31.7472 -0.731777 -5.00289 -0.731777 -5.00289 0.138344 0 3.33411 0 
2 1 0 6.35022 0.1 31.7472 -0.731535 -5.00038 -0.731535 -5.00038 0.138376 0 3.33524 0 
2 1 0 6.3459 0.1 31.7472 -0.731293 -4.99786 -0.731293 -4.99786 0.138409 0 3.33632 0 
2 1 0 6.34159 0.1 31.7472 -0.731051 -4.99536 -0.731051 -4.99536 0.138443 0 3.33737 0 
2 1 0 6.33727 0.1 31.7472 -0.730809 -4.99285 -0.730809 -4.99285 0.138479 0 3.33838 0 
2 1 0 6.33295 0.1 31.7472 -0.730566 -4.99034 -0.730566 -4.99034 0.138517 0 3.33936 0 
2 1 0 6.32862 0.1 31.7472 -0.730323 -4.98784 -0.730323 -4.98784 0.138557 0 3.3403 0 
2 1 0 6.3243 0.1 31.7472 -0.73008 -4.98534 -0.73008 -4.98534 0.138598 0 3.34119 0 
2 1 0 6.31997 0.1 31.7472 -0.729837 -4.98285 -0.729837 -4.98285 0.13864 0 3.34205 0 
2 1 0 6.31564 0.1 31.7472 -0.729593 -4.98036 -0.729593 -4.98036 0.138684 0 3.34288 0 
2 1 0 6.31132 0.1 31.7472 -0.72935 -4.97787 -0.72935 -4.97787 0.13873 0 3.34366 0 
2 1 0 6.30698 0.1 31.7472 -0.729106 -4.97538 -0.729106 -4.97538 0.138778 0 3.34441 0 
2 1 0 6.30265 0.1 31.7472 -0.728861 -4.9729 -0.728861 -4.9729 0.138827 0 3.34511 0 
2 1 0 6.29832 0.1 31.7472 -0.728617 -4.97042 -0.728617 -4.97042 0.138878 0 3.34578 0 
2 1 0 6.29398 0.1 31.7472 -0.728372 -4.96794 -0.728372 -4.96794 0.13893 0 3.34641 0 
2 1 0 6.28964 0.1 31.7472 -0.728127 -4.96547 -0.728127 -4.96547 0.138984 0 3.34701 0 
2 1 0 6.2853 0.1 31.7472 -0.727882 -4.96299 -0.727882 -4.96299 0.13904 0 3.34756 0 
2 1 0 6.28096 0.1 31.7472 -0.727636 -4.96053 -0.727636 -4.96053 0.139097 0 3.34807 0 
2 1 0 6.27662 0.1 31.7472 -0.727391 -4.95806 -0.727391 -4.95806 0.139156 0 3.34855 0 
2 1 0 6.27228 0.1 31.7472 -0.727145 -4.9556 -0.727145 -4.9556 0.139217 0 3.34899 0 
2 1 0 6.26793 0.1 31.7472 -0.726898 -4.95314 -0.726898 -4.95314 0.139279 0 3.34938 0 
2 1 0 6.26358 0.1 31.7472 -0.726652 -4.95068 -0.726652 -4.95068 0.139343 0 3.34974 0 
2 1 0 6.25923 0.1 31.7472 -0.726405 -4.94823 -0.726405 -4.94823 0.139409 0 3.35006 0 
2 1 0 6.25488 0.1 31.7472 -0.726158 -4.94577 -0.726158 -4.94577 0.139476 0 3.35034 0 
2 1 0 6.25053 0.1 31.7472 -0.725911 -4.94333 -0.725911 -4.94333 0.139545 0 3.35058 0 
2 1 0 6.24617 0.1 31.7472 -0.725664 -4.94088 -0.725664 -4.94088 0.139616 0 3.35078 0 
2 1 0 6.24182 0.1 31.7472 -0.725416 -4.93844 -0.725416 -4.93844 0.139688 0 3.35094 0 
2 1 0 6.23746 0.1 31.7472 -0.725168 -4.936 -0.725168 -4.936 0.139763 0 3.35106 0 
2 1 0 6.2331 0.1 31.7472 -0.72492 -4.93356 -0.72492 -4.93356 0.139838 0 3.35115 0 
2 1 0 6.22874 0.1 31.7472 -0.724672 -4.93113 -0.724672 -4.93113 0.139916 0 3.35119 0 
2 1 0 6.22438 0.1 31.7472 -0.724423 -4.9287 -0.724423 -4.9287 0.139995 0 3.35119 0 
2 1 0 6.22001 0.1 31.7472 -0.724174 -4.92627 -0.724174 -4.92627 0.140077 0 3.35115 0 
2 1 0 6.21565 0.1 31.7472 -0.723925 -4.92385 -0.723925 -4.92385 0.140159 0 3.35107 0 
2 1 0 6.21128 0.1 31.7472 -0.723675 -4.92143 -0.723675 -4.92143 0.140244 0 3.35095 0 
2 1 0 6.20691 0.1 31.7472 -0.723426 -4.91901 -0.723426 -4.91901 0.14033 0 3.35079 0 
2 1 0 6.20254 0.1 31.7472 -0.723176 -4.91659 -0.723176 -4.91659 0.140418 0 3.35059 0 
2 1 0 6.19817 0.1 31.7472 -0.722926 -4.91418 -0.722926 -4.91418 0.140508 0 3.35035 0 
2 1 0 6.19379 0.1 31.7472 -0.722675 -4.91177 -0.722675 -4.91177 0.1406 0 3.35006 0 
2 1 0 6.18942 0.1 31.7472 -0.722425 -4.90936 -0.722425 -4.90936 0.140694 0 3.34974 0 
2 1 0 6.18504 0.1 31.7472 -0.722174 -4.90696 -0.722174 -4.90696 0.140789 0 3.34937 0 
2 1 0 6.18066 0.1 31.7472 -0.721923 -4.90456 -0.721923 -4.90456 0.140886 0 3.34897 0 
2 1 0 6.17628 0.1 31.7472 -0.721671 -4.90216 -0.721671 -4.90216 0.140985 0 3.34852 0 
2 1 0 6.1719 0.1 31.7472 -0.72142 -4.89977 -0.72142 -4.89977 0.141086 0 3.34803 0 
2 1 0 6.16752 0.1 31.7472 -0.721168 -4.89738 -0.721168 -4.89738 0.141188 0 3.3475 0 
2 1 0 6.16313 0.1 31.7472 -0.720916 -4.89499 -0.720916 -4.89499 0.141293 0 3.34693 0 
2 1 0 6.15874 0.1 31.7472 -0.720663 -4.8926 -0.720663 -4.8926 0.141399 0 3.34631 0 
2 1 0 6.15436 0.1 31.7472 -0.720411 -4.89022 -0.720411 -4.89022 0.141508 0 3.34566 0 
2 1 0 6.14997 0.1 31.7472 -0.720158 -4.88784 -0.720158 -4.88784 0.141618 0 3.34496 0 
2 1 0 6.14557 0.1 31.7472 -0.719904 -4.88546 -0.719904 -4.88546 0.14173 0 3.34422 0 
2 1 0 6.14118 0.1 31.7472 -0.719651 -4.88309 -0.719651 -4.88309 0.141844 0 3.34343 0 
2 1 0 6.13678 0.1 31.7472 -0.719397 -4.88072 -0.719397 -4.88072 0.141959 0 3.34261 0 
2 1 0 6.13239 0.1 31.7472 -0.719143 -4.87835 -0.719143 -4.87835 0.142077 0 3.34174 0 
2 1 0 6.12799 0.1 31.7472 -0.718889 -4.87599 -0.718889 -4.87599 0.142197 0 3.34082 0 
2 1 0 6.12359 0.1 31.7472 -0.718635 -4.87363 -0.718635 -4.87363 0.142319 0 3.33987 0 
2 1 0 6.11919 0.1 31.7472 -0.71838 -4.87127 -0.71838 -4.87127 0.142442 0 3.33887 0 
2 1 0 6.11479 0.1 31.7472 -0.718125 -4.86891 -0.718125 -4.86891 0.142568 0 3.33783 0 
2 1 0 6.11038 0.1 31.7472 -0.71787 -4.86656 -0.71787 -4.86656 0.142696 0 3.33674 0 
2 1 0 6.10597 0.1 31.7472 -0.717614 -4.86421 -0.717614 -4.86421 0.142825 0 3.33562 0 
2 1 0 6.10157 0.1 31.7472 -0.717359 -4.86187 -0.717359 -4.86187 0.142957 0 3.33444 0 
2 1 0 6.09716 0.1 31.7472 -0.717103 -4.85952 -0.717103 -4.85952 0.143091 0 3.33323 0 
2 1 0 6.09274 0.1 31.7472 -0.716846 -4.85718 -0.716846 -4.85718 0.143227 0 3.33197 0 
2 1 0 6.08833 0.1 31.7472 -0.71659 -4.85485 -0.71659 -4.85485 0.143364 0 3.33066 0 
2 1 0 6.08392 0.1 31.7472 -0.716333 -4.85251 -0.716333 -4.85251 0.143504 0 3.32931 0 
2 1 0 6.0795 0.1 31.7472 -0.716076 -4.85018 -0.716076 -4.85018 0.143646 0 3.32792 0 
2 1 0 6.07508 0.1 31.7472 -0.715819 -4.84786 -0.715819 -4.84786 0.143791 0 3.32648 0 
2 1 0 6.07066 0.1 31.7472 -0.715561 -4.84553 -0.715561 -4.84553 0.143937 0 3.325 0 
2 1 0 6.06624 0.1 31.7472 -0.715303 -4.84321 -0.715303 -4.84321 0.144085 0 3.32347 0 
2 1 0 6.06182 0.1 31.7472 -0.715045 -4.84089 -0.715045 -4.84089 0.144236 0 3.3219 0 
2 1 0 6.0574 0.1 31.7472 -0.714787 -4.83858 -0.714787 -4.83858 0.144389 0 3.32028 0 
2 1 0 6.05297 0.1 31.7472 -0.714528 -4.83627 -0.714528 -4.83627 0.144544 0 3.31861 0 
2 1 0 6.04854 0.1 31.7472 -0.71427 -4.83396 -0.71427 -4.83396 0.144701 0 3.3169 0 
2 1 0 6.04411 0.1 31.7472 -0.71401 -4.83165 -0.71401 -4.83165 0.14486 0 3.31515 0 
2 1 0 6.03968 0.1 31.7472 -0.713751 -4.82935 -0.713751 -4.82935 0.145022 0 3.31334 0 
2 1 0 6.03525 0.1 31.7472 -0.713491 -4.82705 -0.713491 -4.82705 0.145186 0 3.31149 0 
2 1 0 6.03081 0.1 31.7472 -0.713231 -4.82476 -0.713231 -4.82476 0.145352 0 3.3096 0 
2 1 0 6.02638 0.1 31.7472 -0.712971 -4.82246 -0.712971 -4.82246 0.145521 0 3.30766 0 
2 1 0 6.02194 0.1 31.7472 -0.712711 -4.82017 -0.712711 -4.82017 0.145692 0 3.30567 0 
2 1 0 6.0175 0.1 31.7472 -0.71245 -4.81789 -0.71245 -4.81789 0.145865 0 3.30363 0 
2 1 0 6.01306 0.1 31.7472 -0.712189 -4.8156 -0.712189 -4.8156 0.14604 0 3.30155 0 
2 1 0 6.00862 0.1 31.7472 -0.711928 -4.81333 -0.711928 -4.81333 0.146218 0 3.29942 0 
2 1 0 6.00418 0.1 31.7472 -0.711666 -4.81105 -0.711666 -4.81105 0.146399 0 3.29724 0 
2 1 0 5.99973 0.1 31.7472 -0.711404 -4.80878 -0.711404 -4.80878 0.146582 0 3.29501 0 
2 1 0 5.99528 0.1 31.7472 -0.711142 -4.80651 -0.711142 -4.80651 0.146767 0 3.29273 0 
2 1 0 5.99083 0.1 31.7472 -0.71088 -4.80424 -0.71088 -4.80424 0.146955 0 3.29041 0 
2 1 0 5.98638 0.1 31.7472 -0.710617 -4.80198 -0.710617 -4.80198 0.147145 0 3.28804 0 
2 1 0 5.98193 0.1 31.7472 -0.710354 -4.79972 -0.710354 -4.79972 0.147338 0 3.28562 0 
2 1 0 5.97748 0.1 31.7472 -0.710091 -4.79746 -0.710091 -4.79746 0.147533 0 3.28315 0 
2 1 0 5.97302 0.1 31.7472 -0.709828 -4.79521 -0.709828 -4.79521 0.147731 0 3.28063 0 
2 1 0 5.96856 0.1 31.7472 -0.709564 -4.79296 -0.709564 -4.79296 0.147932 0 3.27806 0 
2 1 0 5.9641 0.1 31.7472 -0.7093 -4.79071 -0.7093 -4.79071 0.148135 0 3.27544 0 
2 1 0 5.95964 0.1 31.7472 -0.709036 -4.78847 -0.709036 -4.78847 0.14834 0 3.27278 0 
2 1 0 5.95518 0.1 31.7472 -0.708771 -4.78623 -0.708771 -4.78623 0.148549 0 3.27006 0 
2 1 0 5.95072 0.1 31.7472 -0.708506 -4.78399 -0.708506 -4.78399 0.14876 0 3.26729 0 
2 1 0 5.94625 0.1 31.7472 -0.708241 -4.78176 -0.708241 -4.78176 0.148974 0 3.26447 0 
2 1 0 5.94178 0.1 31.7472 -0.707976 -4.77953 -0.707976 -4.77953 0.149191 0 3.2616 0 
2 1 0 5.93731 0.1 31.7472 -0.70771 -4.7773 -0.70771 -4.7773 0.14941 0 3.25868 0 
2 1 0 5.93284 0.1 31.7472 -0.707444 -4.77508 -0.707444 -4.77508 0.149633 0 3.25571 0 
2 1 0 5.92837 0.1 31.7472 -0.707178 -4.77286 -0.707178 -4.77286 0.149858 0 3.25268 0 
2 1 0 5.9239 0.1 31.7472 -0.706912 -4.77064 -0.706912 -4.77064 0.150086 0 3.24961 0 
2 1 0 5.91942 0.1 31.7472 -0.706645 -4.76843 -0.706645 -4.76843 0.150317 0 3.24648 0 
2 1 0 5.91494 0.1 31.7472 -0.706378 -4.76622 -0.706378 -4.76622 0.150551 0 3.2433 0 
2 1 0 5.91046 0.1 31.7472 -0.70611 -4.76402 -0.70611 -4.76402 0.150787 0 3.24006 0 
2 1 0 5.90598 0.1 31.7472 -0.705843 -4.76182 -0.705843 -4.76182 0.151027 0 3.23678 0 
2 1 0 5.9015 0.1 31.7472 -0.705575 -4.75962 -0.705575 -4.75962 0.15127 0 3.23344 0 
2 1 0 5.89701 0.1 31.7472 -0.705307 -4.75742 -0.705307 -4.75742 0.151516 0 3.23004 0 
2 1 0 5.89253 0.1 31.7472 -0.705038 -4.75523 -0.705038 -4.75523 0.151766 0 3.2266 0 
2 1 0 5.88804 0.1 31.7472 -0.704769 -4.75305 -0.704769 -4.75305 0.152018 0 3.2231 0 
2 1 0 5.88355 0.1 31.7472 -0.7045 -4.75086 -0.7045 -4.75086 0.152273 0 3.21954 0 
2 1 0 5.87906 0.1 31.7472 -0.704231 -4.74868 -0.704231 -4.74868 0.152532 0 3.21593 0 
2 1 0 5.87456 0.1 31.7472 -0.703961 -4.74651 -0.703961 -4.74651 0.152794 0 3.21226 0 
2 1 0 5.87007 0.1 31.7472 -0.703692 -4.74433 -0.703692 -4.74433 0.153059 0 3.20854 0 
2 1 0 5.86557 0.1 31.7472 -0.703421 -4.74216 -0.703421 -4.74216 0.153328 0 3.20476 0 
2 1 0 5.86107 0.1 31.7472 -0.703151 -4.74 -0.703151 -4.74 0.1536 0 3.20093 0 
2 1 0 5.85657 0.1 31.7472 -0.70288 -4.73784 -0.70288 -4.73784 0.153876 0 3.19704 0 
2 1 0 5.85207 0.1 31.7472 -0.702609 -4.73568 -0.702609 -4.73568 0.154155 0 3.19309 0 
2 1 0 5.84757 0.1 31.7472 -0.702338 -4.73353 -0.702338 -4.73353 0.154437 0 3.18909 0 
2 1 0 5.84306 0.1 31.7472 -0.702066 -4.73138 -0.702066 -4.73138 0.154723 0 3.18503 0 
2 1 0 5.83855 0.1 31.7472 -0.701794 -4.72923 -0.701794 -4.72923 0.155013 0 3.18091 0 
2 1 0 5.83404 0.1 31.7472 -0.701522 -4.72709 -0.701522 -4.72709 0.155306 0 3.17673 0 
2 1 0 5.82953 0.1 31.7472 -0.701249 -4.72495 -0.701249 -4.72495 0.155604 0 3.1725 0 
2 1 0 5.82502 0.1 31.7472 -0.700976 -4.72281 -0.700976 -4.72281 0.155904 0 3.1682 0 
2 1 0 5.8205 0.1 31.7472 -0.700703 -4.72068 -0.700703 -4.72068 0.156209 0 3.16385 0 
2 1 0 5.81599 0.1 31.7472 -0.70043 -4.71856 -0.70043 -4.71856 0.156518 0 3.15943 0 
2 1 0 5.81147 0.1 31.7472 -0.700156 -4.71644 -0.700156 -4.71644 0.15683 0 3.15496 0 
2 1 0 5.80695 0.1 31.7472 -0.699882 -4.71432 -0.699882 -4.71432 0.157147 0 3.15042 0 
2 1 0 5.80242 0.1 31.7472 -0.699608 -4.7122 -0.699608 -4.7122 0.157467 0 3.14583 0 
2 1 0 5.7979 0.1 31.7472 -0.699333 -4.71009 -0.699333 -4.71009 0.157792 0 3.14117 0 
2 1 0 5.79337 0.1 31.7472 -0.699058 -4.70799 -0.699058 -4.70799 0.158121 0 3.13645 0 
2 1 0 5.78884 0.1 31.7472 -0.698783 -4.70588 -0.698783 -4.70588 0.158454 0 3.13167 0 
2 1 0 5.78431 0.1 31.7472 -0.698508 -4.70379 -0.698508 -4.70379 0.158791 0 3.12683 0 
2 1 0 5.77978 0.1 31.7472 -0.698232 -4.70169 -0.698232 -4.70169 0.159133 0 3.12192 0 
2 1 0 5.77525 0.1 31.7472 -0.697956 -4.6996 -0.697956 -4.6996 0.159479 0 3.11695 0 
2 1 0 5.77071 0.1 31.7472 -0.697679 -4.69752 -0.697679 -4.69752 0.159829 0 3.11191 0 
2 1 0 5.76617 0.1 31.7472 -0.697403 -4.69544 -0.697403 -4.69544 0.160184 0 3.10681 0 
2 1 0 5.76163 0.1 31.7472 -0.697125 -4.69336 -0.697125 -4.69336 0.160544 0 3.10165 0 
2 1 0 5.75709 0.1 31.7472 -0.696848 -4.69129 -0.696848 -4.69129 0.160908 0 3.09641 0 
2 1 0 5.75255 0.1 31.7472 -0.69657 -4.68922 -0.69657 -4.68922 0.161278 0 3.09112 0 
2 1 0 5.748 0.1 31.7472 -0.696293 -4.68716 -0.696293 -4.68716 0.161652 0 3.08575 0 
2 1 0 5.74345 0.1 31.7472 -0.696014 -4.6851 -0.696014 -4.6851 0.162031 0 3.08032 0 
2 1 0 5.7389 0.1 31.7472 -0.695736 -4.68304 -0.695736 -4.68304 0.162414 0 3.07482 0 
2 1 0 5.73435 0.1 31.7472 -0.695457 -4.68099 -0.695457 -4.68099 0.162804 0 3.06925 0 
2 1 0 5.7298 0.1 31.7472 -0.695178 -4.67895 -0.695178 -4.67895 0.163198 0 3.06362 0 
2 1 0 5.72524 0.1 31.7472 -0.694898 -4.67691 -0.694898 -4.67691 0.163597 0 3.05791 0 
2 1 0 5.72068 0.1 31.7472 -0.694618 -4.67487 -0.694618 -4.67487 0.164002 0 3.05213 0 
2 1 0 5.71612 0.1 31.7472 -0.694338 -4.67284 -0.694338 -4.67284 0.164412 0 3.04628 0 
2 1 0 5.71156 0.1 31.7472 -0.694058 -4.67082 -0.694058 -4.67082 0.164828 0 3.04036 0 
2 1 0 5.707 0.1 31.7472 -0.693777 -4.66879 -0.693777 -4.66879 0.16525 0 3.03437 0 
2 1 0 5.70243 0.1 31.7472 -0.693496 -4.66678 -0.693496 -4.66678 0.165677 0 3.02831 0 
2 1 0 5.69786 0.1 31.7472 -0.693214 -4.66477 -0.693214 -4.66477 0.16611 0 3.02217 0 
2 1 0 5.69329 0.1 31.7472 -0.692932 -4.66276 -0.692932 -4.66276 0.166549 0 3.01595 0 
2 1 0 5.68872 0.1 31.7472 -0.69265 -4.66076 -0.69265 -4.66076 0.166994 0 3.00967 0 
2 1 0 5.68414 0.1 31.7472 -0.692368 -4.65876 -0.692368 -4.65876 0.167445 0 3.0033 0 
2 1 0 5.67956 0.1 31.7472 -0.692085 -4.65677 -0.692085 -4.65677 0.167903 0 2.99686 0 
2 1 0 5.67498 0.1 31.7472 -0.691802 -4.65478 -0.691802 -4.65478 0.168367 0 2.99034 0 
2 1 0 5.6704 0.1 31.7472 -0.691519 -4.6528 -0.691519 -4.6528 0.168837 0 2.98375 0 
2 1 0 5.66582 0.1 31.7472 -0.691235 -4.65083 -0.691235 -4.65083 0.169315 0 2.97707 0 
2 1 0 5.66123 0.1 31.7472 -0.690951 -4.64886 -0.690951 -4.64886 0.169799 0 2.97031 0 
2 1 0 5.65664 0.1 31.7472 -0.690667 -4.64689 -0.690667 -4.64689 0.17029 0 2.96348 0 
2 1 0 5.65205 0.1 31.7472 -0.690382 -4.64493 -0.690382 -4.64493 0.170788 0 2.95656 0 
2 1 0 5.64746 0.1 31.7472 -0.690097 -4.64298 -0.690097 -4.64298 0.171293 0 2.94956 0 
2 1 0 5.64286 0.1 31.7472 -0.689812 -4.64103 -0.689812 -4.64103 0.171805 0 2.94247 0 
2 1 0 5.63826 0.1 31.7472 -0.689526 -4.63909 -0.689526 -4.63909 0.172326 0 2.9353 0 
2 1 0 5.63366 0.1 31.7472 -0.68924 -4.63715 -0.68924 -4.63715 0.172854 0 2.92805 0 
2 1 0 5.62906 0.1 31.7472 -0.688954 -4.63522 -0.688954 -4.63522 0.173389 0 2.92071 0 
2 1 0 5.62445 0.1 31.7472 -0.688667 -4.6333 -0.688667 -4.6333 0.173933 0 2.91328 0 
2 1 0 5.61984 0.1 31.7472 -0.68838 -4.63138 -0.68838 -4.63138 0.174485 0 2.90576 0 
2 1 0 5.61523 0.1 31.7472 -0.688093 -4.62947 -0.688093 -4.62947 0.175046 0 2.89815 0 
2 1 0 5.61062 0.1 31.7472 -0.687805 -4.62756 -0.687805 -4.62756 0.175615 0 2.89045 0 
2 1 0 5.606 0.1 31.7472 -0.687517 -4.62566 -0.687517 -4.62566 0.176192 0 2.88266 0 
2 1 0 5.60139 0.1 31.7472 -0.687229 -4.62377 -0.687229 -4.62377 0.176779 0 2.87477 0 
2 1 0 5.59676 0.1 31.7472 -0.68694 -4.62188 -0.68694 -4.62188 0.177375 0 2.86679 0 
2 1 0 5.59214 0.1 31.7472 -0.686651 -4.62 -0.686651 -4.62 0.177981 0 2.85871 0 
2 1 0 5.58751 0.1 31.7472 -0.686361 -4.61812 -0.686361 -4.61812 0.178596 0 2.85053 0 
2 1 0 5.58289 0.1 31.7472 -0.686071 -4.61626 -0.686071 -4.61626 0.179221 0 2.84226 0 
2 1 0 5.57825 0.1 31.7472 -0.685781 -4.6144 -0.685781 -4.6144 0.179856 0 2.83388 0 
2 1 0 5.57362 0.1 31.7472 -0.685491 -4.61254 -0.685491 -4.61254 0.180502 0 2.8254 0 
2 1 0 5.56898 0.1 31.7472 -0.6852 -4.6107 -0.6852 -4.6107 0.181158 0 2.81682 0 
2 1 0 5.56434 0.1 31.7472 -0.684909 -4.60886 -0.684909 -4.60886 0.181825 0 2.80813 0 
2 1 0 5.5597 0.1 31.7472 -0.684617 -4.60702 -0.684617 -4.60702 0.182504 0 2.79934 0 
2 1 0 5.55505 0.1 31.7472 -0.684325 -4.6052 -0.684325 -4.6052 0.183194 0 2.79043 0 
2 1 0 5.5504 0.1 31.7472 -0.684033 -4.60338 -0.684033 -4.60338 0.183896 0 2.78142 0 
2 1 0 5.54575 0.1 31.7472 -0.68374 -4.60157 -0.68374 -4.60157 0.18461 0 2.77229 0 
2 1 0 5.5411 0.1 31.7472 -0.683447 -4.59977 -0.683447 -4.59977 0.185336 0 2.76305 0 
2 1 0 5.53644 0.1 31.7472 -0.683154 -4.59798 -0.683154 -4.59798 0.186076 0 2.75369 0 
2 1 0 5.53178 0.1 31.7472 -0.68286 -4.5962 -0.68286 -4.5962 0.186829 0 2.74421 0 
2 1 0 5.52711 0.1 31.7472 -0.682566 -4.59442 -0.682566 -4.59442 0.187595 0 2.73461 0 
2 1 0 5.52244 0.1 31.7472 -0.682272 -4.59265 -0.682272 -4.59265 0.188375 0 2.72489 0 
2 1 0 5.51777 0.1 31.7472 -0.681977 -4.59089 -0.681977 -4.59089 0.18917 0 2.71504 0 
2 1 0 5.5131 0.1 31.7472 -0.681682 -4.58914 -0.681682 -4.58914 0.18998 0 2.70506 0 
2 1 0 5.50842 0.1 31.7472 -0.681386 -4.5874 -0.681386 -4.5874 0.190806 0 2.69495 0 
2 1 0 5.50374 0.1 31.7472 -0.68109 -4.58567 -0.68109 -4.58567 0.191647 0 2.6847 0 
2 1 0 5.49905 0.1 31.7472 -0.680794 -4.58395 -0.680794 -4.58395 0.192505 0 2.67432 0 
2 1 0 5.49437 0.1 31.7472 -0.680497 -4.58223 -0.680497 -4.58223 0.193379 0 2.6638 0 
2 1 0 5.48967 0.1 31.7472 -0.6802 -4.58053 -0.6802 -4.58053 0.194272 0 2.65314 0 
2 1 0 5.48498 0.1 31.7472 -0.679902 -4.57884 -0.679902 -4.57884 0.195182 0 2.64233 0 
2 1 0 5.48028 0.1 31.7472 -0.679604 -4.57716 -0.679604 -4.57716 0.196111 0 2.63137 0 
2 1 0 5.47558 0.1 31.7472 -0.679306 -4.57548 -0.679306 -4.57548 0.19706 0 2.62026 0 
2 1 0 5.47087 0.1 31.7472 -0.679007 -4.57382 -0.679007 -4.57382 0.198029 0 2.60899 0 
2 1 0 5.46616 0.1 31.7472 -0.678708 -4.57217 -0.678708 -4.57217 0.199018 0 2.59755 0 
2 1 0 5.46145 0.1 31.7472 -0.678409 -4.57054 -0.678409 -4.57054 0.20003 0 2.58596 0 
2 1 0 5.45673 0.1 31.7472 -0.678109 -4.56891 -0.678109 -4.56891 0.201063 0 2.57419 0 
2 1 0 5.452 0.1 31.7472 -0.677809 -4.5673 -0.677809 -4.5673 0.202121 0 2.56225 0 
2 1 0 5.44728 0.1 31.7472 -0.677508 -4.5657 -0.677508 -4.5657 0.203202 0 2.55013 0 
2 1 0 5.44255 0.1 31.7472 -0.677207 -4.56411 -0.677207 -4.56411 0.204309 0 2.53782 0 
2 1 0 5.43781 0.1 31.7472 -0.676905 -4.56253 -0.676905 -4.56253 0.205443 0 2.52533 0 
2 1 0 5.43307 0.1 31.7472 -0.676604 -4.56097 -0.676604 -4.56097 0.206603 0 2.51264 0 
2 1 0 5.42832 0.1 31.7472 -0.676301 -4.55942 -0.676301 -4.55942 0.207793 0 2.49975 0 
2 1 0 5.42357 0.1 31.7472 -0.675999 -4.55789 -0.675999 -4.55789 0.209013 0 2.48665 0 
2 1 0 5.41882 0.1 31.7472 -0.675695 -4.55637 -0.675695 -4.55637 0.210264 0 2.47333 0 
2 1 0 5.41406 0.1 31.7472 -0.675392 -4.55487 -0.675392 -4.55487 0.211548 0 2.45979 0 
2 1 0 5.4093 0.1 31.7472 -0.675088 -4.55339 -0.675088 -4.55339 0.212866 0 2.44602 0 
2 1 0 5.40453 0.1 31.7472 -0.674783 -4.55192 -0.674783 -4.55192 0.21422 0 2.43201 0 
2 1 0 5.39975 0.1 31.7472 -0.674479 -4.55047 -0.674479 -4.55047 0.215613 0 2.41776 0 
2 1 0 5.39497 0.1 31.7472 -0.674173 -4.54903 -0.674173 -4.54903 0.217045 0 2.40325 0 
2 1 0 5.39018 0.1 31.7472 -0.673868 -4.54762 -0.673868 -4.54762 0.218519 0 2.38847 0 
2 1 0 5.38539 0.1 31.7472 -0.673562 -4.54622 -0.673562 -4.54622 0.220038 0 2.37341 0 
2 1 0 5.3806 0.1 31.7472 -0.673255 -4.54485 -0.673255 -4.54485 0.221604 0 2.35806 0 
2 1 0 5.37579 0.1 31.7472 -0.672948 -4.5435 -0.672948 -4.5435 0.223219 0 2.34241 0 
2 1 0 5.37098 0.1 31.7472 -0.672641 -4.54217 -0.672641 -4.54217 0.224886 0 2.32645 0 
2 1 0 5.36617 0.1 31.7472 -0.672333 -4.54086 -0.672333 -4.54086 0.22661 0 2.31015 0 
2 1 0 5.36134 0.1 31.7472 -0.672025 -4.53958 -0.672025 -4.53958 0.228392 0 2.29351 0 
2 1 0 5.35651 0.1 31.7472 -0.671716 -4.53832 -0.671716 -4.53832 0.230238 0 2.2765 0 
2 1 0 5.35168 0.1 31.7472 -0.671407 -4.53709 -0.671407 -4.53709 0.232151 0 2.25911 0 
2 1 0 5.34683 0.1 31.7472 -0.671097 -4.53589 -0.671097 -4.53589 0.234137 0 2.24131 0 
2 1 0 5.34198 0.1 31.7472 -0.670788 -4.53471 -0.670788 -4.53471 0.2362 0 2.22309 0 
2 1 0 5.33712 0.1 31.7472 -0.670477 -4.53358 -0.670477 -4.53358 0.238346 0 2.20441 0 
2 1 0 5.33226 0.1 31.7472 -0.670166 -4.53247 -0.670166 -4.53247 0.240582 0 2.18526 0 
2 1 0 5.32738 0.1 31.7472 -0.669855 -4.5314 -0.669855 -4.5314 0.242915 0 2.16559 0 
2 1 0 5.3225 0.1 31.7472 -0.669544 -4.53037 -0.669544 -4.53037 0.245353 0 2.14538 0 
2 1 0 5.31761 0.1 31.7472 -0.669232 -4.52938 -0.669232 -4.52938 0.247906 0 2.12459 0 
2 1 0 5.31271 0.1 31.7472 -0.66892 -4.52843 -0.66892 -4.52843 0.250584 0 2.10317 0 
2 1 0 5.3078 0.1 31.7472 -0.668607 -4.52753 -0.668607 -4.52753 0.2534 0 2.08107 0 
2 1 0 5.30288 0.1 31.7472 -0.668294 -4.52669 -0.668294 -4.52669 0.256368 0 2.05825 0 
2 1 0 5.29796 0.1 31.7472 -0.667981 -4.52589 -0.667981 -4.52589 0.259503 0 2.03463 0 
2 1 0 5.29302 0.1 31.7472 -0.667668 -4.52516 -0.667668 -4.52516 0.262825 0 2.01016 0 
2 1 0 5.28807 0.1 31.7472 -0.667354 -4.5245 -0.667354 -4.5245 0.266356 0 1.98473 0 
2 1 0 5.28312 0.1 31.7472 -0.667041 -4.52391 -0.667041 -4.52391 0.270123 0 1.95827 0 
2 1 0 5.27816 0.1 31.7472 -0.666727 -4.5234 -0.666727 -4.5234 0.274157 0 1.93064 0 
2 1 0 5.27318 0.1 31.7472 -0.666414 -4.52298 -0.666414 -4.52298 0.278498 0 1.90173 0 
2 1 0 5.2682 0.1 31.7472 -0.666101 -4.52267 -0.666101 -4.52267 0.283192 0 1.87137 0 
2 1 0 5.26322 0.1 31.7472 -0.665789 -4.52247 -0.665789 -4.52247 0.2883 0 1.83936 0 
2 1 0 5.25823 0.1 31.7472 -0.665478 -4.52241 -0.665478 -4.52241 0.293895 0 1.80546 0 
2 1 0 5.25324 0.1 31.7472 -0.665168 -4.5225 -0.665168 -4.5225 0.300073 0 1.76938 0 
2 1 0 5.24825 0.1 31.7472 -0.664861 -4.52277 -0.664861 -4.52277 0.306961 0 1.73075 0 
2 1 0 5.24329 0.1 31.7472 -0.664556 -4.52327 -0.664556 -4.52327 0.314726 0 1.68909 0 
2 1 0 5.23835 0.1 31.7472 -0.664257 -4.52402 -0.664257 -4.52402 0.323597 0 1.64379 0 
2 1 0 5.23348 0.1 31.7472 -0.663965 -4.5251 -0.663965 -4.5251 0.333897 0 1.59404 0 
2 1 0 5.22871 0.1 31.7472 -0.663684 -4.52658 -0.663684 -4.52658 0.346082 0 1.53882 0 
2 1 0 5.22414 0.1 31.7472 -0.663421 -4.52858 -0.663421 -4.52858 0.360807 0 1.47685 0 
2 1 0 5.21989 0.1 31.7472 -0.663185 -4.5312 -0.663185 -4.5312 0.378984 0 1.40675 0 
2 1 0 5.21619 0.1 31.7472 -0.662993 -4.53457 -0.662993 -4.53457 0.401781 0 1.32753 0 
2 1 0 5.21333 0.1 31.7472 -0.662862 -4.53866 -0.662862 -4.53866 0.430453 0 1.23953 0 
2 1 0 5.2115 0.1 31.7472 -0.662803 -4.54331 -0.662803 -4.54331 0.466321 0 1.14443 0 
2 1 0 5.2107 0.1 31.7472 -0.662812 -4.54825 -0.662812 -4.54825 0.511949 0 1.04252 0 
2 1 0 5.21064 0.1 31.7472 -0.662831 -4.5502 -0.662831 -4.5502 0.533719 0 1 0 
1 1 0 5.211 0.1 31.7472 -0.662914 -4.55518 -0.662914 -4.55518 0.613351 0 0.870117 0 
1 1 0 5.21196 0.1 34.9585 -0.663033 -4.56009 -0.663033 -4.56009 0.718723 0.130587 0.718723 -0.130587 
1 1 0 5.21337 0.1 20.8663 -0.663179 -4.56488 -0.663179 -4.56488 0.697556 0.216633 0.697556 -0.216633 
1 1 0 5.21512 0.1 16.489 -0.663345 -4.56956 -0.663345 -4.56956 0.677952 0.271611 0.677952 -0.271611 
1 1 0 5.21714 0.1 14.1746 -0.663527 -4.57414 -0.663527 -4.57414 0.659664 0.313198 0.659664 -0.313198 
1 1 0 5.21937 0.1 12.6932 -0.663721 -4.57861 -0.663721 -4.57861 0.642493 0.346839 0.642493 -0.346839 
1 1 0 5.22177 0.1 11.6431 -0.663925 -4.58299 -0.663925 -4.58299 0.626276 0.375109 0.626276 -0.375109 
1 1 0 5.22432 0.1 10.8494 -0.664136 -4.58729 -0.664136 -4.58729 0.610884 0.399468 0.610884 -0.399468 
1 1 0 5.22698 0.1 10.2225 -0.664355 -4.59151 -0.664355 -4.59151 0.59621 0.420837 0.59621 -0.420837 
1 1 0 5.22975 0.1 9.71087 -0.664578 -4.59567 -0.664578 -4.59567 0.582168 0.439841 0.582168 -0.439841 
1 1 0 5.23261 0.1 9.28295 -0.664807 -4.59976 -0.664807 -4.59976 0.568688 0.456923 0.568688 -0.456923 
1 1 0 5.23554 0.1 8.91799 -0.665039 -4.60381 -0.665039 -4.60381 0.55571 0.472409 0.55571 -0.472409 
1 1 0 5.23854 0.1 8.60176 -0.665276 -4.6078 -0.665276 -4.6078 0.543184 0.486549 0.543184 -0.486549 
1 1 0 5.24161 0.1 8.32416 -0.665515 -4.61174 -0.665515 -4.61174 0.531068 0.499537 0.531068 -0.499537 
1 1 0 5.24473 0.1 8.07779 -0.665757 -4.61564 -0.665757 -4.61564 0.519324 0.511527 0.519324 -0.511527 
1 1 0 5.24789 0.1 7.85711 -0.666002 -4.6195 -0.666002 -4.6195 0.507923 0.522644 0.507923 -0.522644 
1 1 0 5.25111 0.1 7.65784 -0.666248 -4.62333 -0.666248 -4.62333 0.496836 0.532989 0.496836 -0.532989 
1 1 0 5.25436 0.1 7.47666 -0.666497 -4.62712 -0.666497 -4.62712 0.48604 0.542649 0.48604 -0.542649 
1 1 0 5.25765 0.1 7.31091 -0.666748 -4.63087 -0.666748 -4.63087 0.475513 0.551694 0.475513 -0.551694 
1 1 0 5.26097 0.1 7.15846 -0.667 -4.6346 -0.667 -4.6346 0.465238 0.560185 0.465238 -0.560185 
1 1 0 5.26433 0.1 7.01757 -0.667254 -4.6383 -0.667254 -4.6383 0.455196 0.568175 0.455196 -0.568175 
1 1 0 5.26771 0.1 6.8868 -0.667509 -4.64197 -0.667509 -4.64197 0.445375 0.575706 0.445375 -0.575706 
1 1 0 5.27113 0.1 6.76495 -0.667765 -4.64561 -0.667765 -4.64561 0.43576 0.58282 0.43576 -0.58282 
1 1 0 5.27456 0.1 6.65103 -0.668022 -4.64923 -0.668022 -4.64923 0.42634 0.589549 0.42634 -0.589549 
1 1 0 5.27803 0.1 6.54417 -0.668281 -4.65283 -0.668281 -4.65283 0.417103 0.595923 0.417103 -0.595923 
1 1 0 5.28151 0.1 6.44365 -0.66854 -4.65641 -0.66854 -4.65641 0.40804 0.60197 0.40804 -0.60197 
1 1 0 5.28501 0.1 6.34884 -0.668801 -4.65997 -0.668801 -4.65997 0.399142 0.607711 0.399142 -0.607711 
1 1 0 5.28854 0.1 6.25919 -0.669062 -4.6635 -0.669062 -4.6635 0.3904 0.61317 0.3904 -0.61317 
1 1 0 5.29208 0.1 6.17424 -0.669324 -4.66702 -0.669324 -4.66702 0.381808 0.618363 0.381808 -0.618363 
1 1 0 5.29564 0.1 6.09357 -0.669586 -4.67052 -0.669586 -4.67052 0.373358 0.623309 0.373358 -0.623309 
1 1 0 5.29922 0.1 6.01681 -0.66985 -4.674 -0.66985 -4.674 0.365044 0.628023 0.365044 -0.628023 
1 1 0 5.30282 0.1 5.94365 -0.670114 -4.67747 -0.670114 -4.67747 0.356859 0.632518 0.356859 -0.632518 
1 1 0 5.30643 0.1 5.8738 -0.670378 -4.68092 -0.670378 -4.68092 0.3488 0.636807 0.3488 -0.636807 
1 1 0 5.31005 0.1 5.80701 -0.670643 -4.68435 -0.670643 -4.68435 0.34086 0.640902 0.34086 -0.640902 
1 1 0 5.31369 0.1 5.74305 -0.670909 -4.68778 -0.670909 -4.68778 0.333035 0.644813 0.333035 -0.644813 
1 1 0 5.31734 0.1 5.68171 -0.671175 -4.69118 -0.671175 -4.69118 0.32532 0.64855 0.32532 -0.64855 
1 1 0 5.321 0.1 5.62282 -0.671441 -4.69457 -0.671441 -4.69457 0.317712 0.652123 0.317712 -0.652123 
1 1 0 5.32468 0.1 5.5662 -0.671708 -4.69795 -0.671708 -4.69795 0.310207 0.655538 0.310207 -0.655538 
1 1 0 5.32836 0.1 5.51171 -0.671975 -4.70132 -0.671975 -4.70132 0.3028 0.658804 0.3028 -0.658804 
1 1 0 5.33206 0.1 5.45921 -0.672243 -4.70467 -0.672243 -4.70467 0.29549 0.661928 0.29549 -0.661928 
1 1 0 5.33577 0.1 5.40857 -0.672511 -4.70802 -0.672511 -4.70802 0.288272 0.664916 0.288272 -0.664916 
1 1 0 5.33949 0.1 5.35969 -0.672779 -4.71135 -0.672779 -4.71135 0.281144 0.667775 0.281144 -0.667775 
1 1 0 5.34322 0.1 5.31245 -0.673048 -4.71467 -0.673048 -4.71467 0.274103 0.670509 0.274103 -0.670509 
1 1 0 5.34696 0.1 5.26677 -0.673316 -4.71798 -0.673316 -4.71798 0.267146 0.673125 0.267146 -0.673125 
1 1 0 5.35071 0.1 5.22255 -0.673585 -4.72127 -0.673585 -4.72127 0.260271 0.675628 0.260271 -0.675628 
1 1 0 5.35446 0.1 5.17971 -0.673855 -4.72456 -0.673855 -4.72456 0.253476 0.678021 0.253476 -0.678021 
1 1 0 5.35823 0.1 5.13819 -0.674124 -4.72784 -0.674124 -4.72784 0.246758 0.68031 0.246758 -0.68031 
1 1 0 5.362 0.1 5.09791 -0.674394 -4.73111 -0.674394 -4.73111 0.240115 0.682498 0.240115 -0.682498 
1 1 0 5.36578 0.1 5.0588 -0.674664 -4.73437 -0.674664 -4.73437 0.233546 0.684589 0.233546 -0.684589 
1 1 0 5.36957 0.1 5.02082 -0.674934 -4.73762 -0.674934 -4.73762 0.227048 0.686588 0.227048 -0.686588 
1 1 0 5.37337 0.1 4.9839 -0.675204 -4.74086 -0.675204 -4.74086 0.22062 0.688496 0.22062 -0.688496 
1 1 0 5.37718 0.1 4.94799 -0.675475 -4.74409 -0.675475 -4.74409 0.214259 0.690318 0.214259 -0.690318 
1 1 0 5.38099 0.1 4.91305 -0.675745 -4.74732 -0.675745 -4.74732 0.207965 0.692057 0.207965 -0.692057 
1 1 0 5.38481 0.1 4.87902 -0.676016 -4.75053 -0.676016 -4.75053 0.201736 0.693715 0.201736 -0.693715 
1 1 0 5.38863 0.1 4.84588 -0.676287 -4.75374 -0.676287 -4.75374 0.19557 0.695295 0.19557 -0.695295 
1 1 0 5.39247 0.1 4.81357 -0.676558 -4.75694 -0.676558 -4.75694 0.189466 0.6968 0.189466 -0.6968 
1 1 0 5.3963 0.1 4.78207 -0.676829 -4.76013 -0.676829 -4.76013 0.183423 0.698232 0.183423 -0.698232 
1 1 0 5.40015 0.1 4.75134 -0.6771 -4.76332 -0.6771 -4.76332 0.177439 0.699594 0.177439 -0.699594 
1 1 0 5.404 0.1 4.72135 -0.677371 -4.7665 -0.677371 -4.7665 0.171513 0.700888 0.171513 -0.700888 
1 1 0 5.40786 0.1 4.69206 -0.677642 -4.76967 -0.677642 -4.76967 0.165644 0.702115 0.165644 -0.702115 
1 1 0 5.41172 0.1 4.66345 -0.677913 -4.77283 -0.677913 -4.77283 0.159831 0.703279 0.159831 -0.703279 
1 1 0 5.41559 0.1 4.63549 -0.678185 -4.77599 -0.678185 -4.77599 0.154073 0.704381 0.154073 -0.704381 
1 1 0 5.41946 0.1 4.60816 -0.678456 -4.77913 -0.678456 -4.77913 0.148368 0.705422 0.148368 -0.705422 
1 1 0 5.42334 0.1 4.58143 -0.678728 -4.78228 -0.678728 -4.78228 0.142717 0.706405 0.142717 -0.706405 
1 1 0 5.42723 0.1 4.55528 -0.678999 -4.78541 -0.678999 -4.78541 0.137117 0.707331 0.137117 -0.707331 
1 1 0 5.43112 0.1 4.52968 -0.679271 -4.78854 -0.679271 -4.78854 0.131567 0.708202 0.131567 -0.708202 
1 1 0 5.43501 0.1 4.50463 -0.679542 -4.79167 -0.679542 -4.79167 0.126068 0.70902 0.126068 -0.70902 
1 1 0 5.43891 0.1 4.48009 -0.679814 -4.79479 -0.679814 -4.79479 0.120619 0.709785 0.120619 -0.709785 
1 1 0 5.44281 0.1 4.45606 -0.680085 -4.7979 -0.680085 -4.7979 0.115217 0.7105 0.115217 -0.7105 
1 1 0 5.44672 0.1 4.43251 -0.680357 -4.801 -0.680357 -4.801 0.109863 0.711166 0.109863 -0.711166 
1 1 0 5.45064 0.1 4.40942 -0.680629 -4.8041 -0.680629 -4.8041 0.104556 0.711784 0.104556 -0.711784 
1 1 0 5.45455 0.1 4.38679 -0.6809 -4.8072 -0.6809 -4.8072 0.0992956 0.712355 0.0992956 -0.712355 
1 1 0 5.45848 0.1 4.36459 -0.681172 -4.81029 -0.681172 -4.81029 0.0940803 0.71288 0.0940803 -0.71288 
1 1 0 5.4624 0.1 4.34281 -0.681443 -4.81337 -0.681443 -4.81337 0.0889096 0.713362 0.0889096 -0.713362 
1 1 0 5.46633 0.1 4.32145 -0.681715 -4.81645 -0.681715 -4.81645 0.0837834 0.7138 0.0837834 -0.7138 
1 1 0 5.47027 0.1 4.30047 -0.681987 -4.81952 -0.681987 -4.81952 0.0787005 0.714197 0.0787005 -0.714197 
1 1 0 5.47421 0.1 4.27989 -0.682258 -4.82259 -0.682258 -4.82259 0.0736605 0.714552 0.0736605 -0.714552 
1 1 0 5.47815 0.1 4.25967 -0.68253 -4.82565 -0.68253 -4.82565 0.0686629 0.714868 0.0686629 -0.714868 
1 1 0 5.4821 0.1 4.23982 -0.682801 -4.82871 -0.682801 -4.82871 0.0637073 0.715145 0.0637073 -0.715145 
1 1 0 5.48605 0.1 4.22031 -0.683073 -4.83176 -0.683073 -4.83176 0.0587927 0.715383 0.0587927 -0.715383 
1 1 0 5.49 0.1 4.20114 -0.683344 -4.83481 -0.683344 -4.83481 0.0539187 0.715585 0.0539187 -0.715585 
1 1 0 5.49396 0.1 4.18231 -0.683615 -4.83785 -0.683615 -4.83785 0.0490849 0.715751 0.0490849 -0.715751 
1 1 0 5.49792 0.1 4.16379 -0.683887 -4.84089 -0.683887 -4.84089 0.0442912 0.715882 0.0442912 -0.715882 
1 1 0 5.50189 0.1 4.14559 -0.684158 -4.84392 -0.684158 -4.84392 0.0395363 0.715978 0.0395363 -0.715978 
1 1 0 5.50586 0.1 4.12769 -0.684429 -4.84695 -0.684429 -4.84695 0.0348205 0.71604 0.0348205 -0.71604 
1 1 0 5.50983 0.1 4.11008 -0.6847 -4.84998 -0.6847 -4.84998 0.0301428 0.71607 0.0301428 -0.71607 
1 1 0 5.51381 0.1 4.09276 -0.684971 -4.853 -0.684971 -4.853 0.0255031 0.716068 0.0255031 -0.716068 
1 1 0 5.51779 0.1 4.07572 -0.685242 -4.85601 -0.685242 -4.85601 0.0209009 0.716035 0.0209009 -0.716035 
1 1 0 5.52177 0.1 4.05895 -0.685513 -4.85902 -0.685513 -4.85902 0.0163357 0.715971 0.0163357 -0.715971 
1 1 0 5.52575 0.1 4.04244 -0.685784 -4.86203 -0.685784 -4.86203 0.0118073 0.715877 0.0118073 -0.715877 
1 1 0 5.52974 0.1 4.0262 -0.686055 -4.86503 -0.686055 -4.86503 0.00731521 0.715754 0.00731521 -0.715754 
1 1 0 5.53374 0.1 4.0102 -0.686326 -4.86803 -0.686326 -4.86803 0.002859 0.715603 0.002859 -0.715603 
1 1 0 5.53773 0.1 3.99445 -0.686596 -4.87102 -0.686596 -4.87102 -0.00156177 0.715424 -0.00156177 -0.715424 
1 1 0 5.54173 0.1 3.97894 -0.686867 -4.87401 -0.686867 -4.87401 -0.00594729 0.715218 -0.00594729 -0.715218 
1 1 0 5.54573 0.1 3.96366 -0.687138 -4.877 -0.687138 -4.877 -0.0102979 0.714985 -0.0102979 -0.714985 
1 1 0 5.54973 0.1 3.94861 -0.687408 -4.87998 -0.687408 -4.87998 -0.014614 0.714726 -0.014614 -0.714726 
1 1 0 5.55374 0.1 3.93378 -0.687678 -4.88296 -0.687678 -4.88296 -0.018896 0.714442 -0.018896 -0.714442 
1 1 0 5.55775 0.1 3.91917 -0.687949 -4.88593 -0.687949 -4.88593 -0.0231439 0.714134 -0.0231439 -0.714134 
1 1 0 5.56176 0.1 3.90477 -0.688219 -4.8889 -0.688219 -4.8889 -0.0273582 0.713801 -0.0273582 -0.713801 
1 1 0 5.56578 0.1 3.89058 -0.688489 -4.89187 -0.688489 -4.89187 -0.0315392 0.713445 -0.0315392 -0.713445 
1 1 0 5.5698 0.1 3.87659 -0.688759 -4.89483 -0.688759 -4.89483 -0.0356873 0.713065 -0.0356873 -0.713065 
1 1 0 5.57382 0.1 3.8628 -0.689029 -4.89779 -0.689029 -4.89779 -0.0398027 0.712663 -0.0398027 -0.712663 
1 1 0 5.57784 0.1 3.8492 -0.689299 -4.90075 -0.689299 -4.90075 -0.0438856 0.712239 -0.0438856 -0.712239 
1 1 0 5.58187 0.1 3.83579 -0.689568 -4.9037 -0.689568 -4.9037 -0.0479362 0.711793 -0.0479362 -0.711793 
1 1 0 5.5859 0.1 3.82257 -0.689838 -4.90665 -0.689838 -4.90665 -0.0519552 0.711326 -0.0519552 -0.711326 
1 1 0 5.58993 0.1 3.80953 -0.690107 -4.9096 -0.690107 -4.9096 -0.055942 0.710839 -0.055942 -0.710839 
1 1 0 5.59396 0.1 3.79667 -0.690377 -4.91254 -0.690377 -4.91254 -0.0598978 0.710331 -0.0598978 -0.710331 
1 1 0 5.598 0.1 3.78398 -0.690646 -4.91548 -0.690646 -4.91548 -0.0638223 0.709804 -0.0638223 -0.709804 
1 1 0 5.60204 0.1 3.77146 -0.690915 -4.91841 -0.690915 -4.91841 -0.0677158 0.709258 -0.0677158 -0.709258 
1 1 0 5.60608 0.1 3.75911 -0.691184 -4.92134 -0.691184 -4.92134 -0.0715784 0.708693 -0.0715784 -0.708693 
1 1 0 5.61013 0.1 3.74692 -0.691453 -4.92427 -0.691453 -4.92427 -0.0754108 0.70811 -0.0754108 -0.70811 
1 1 0 5.61417 0.1 3.7349 -0.691722 -4.92719 -0.691722 -4.92719 -0.0792129 0.707508 -0.0792129 -0.707508 
1 1 0 5.61822 0.1 3.72303 -0.691991 -4.93012 -0.691991 -4.93012 -0.0829847 0.70689 -0.0829847 -0.70689 
1 1 0 5.62227 0.1 3.71131 -0.69226 -4.93303 -0.69226 -4.93303 -0.0867266 0.706254 -0.0867266 -0.706254 
1 1 0 5.62633 0.1 3.69975 -0.692528 -4.93595 -0.692528 -4.93595 -0.090439 0.705602 -0.090439 -0.705602 
1 1 0 5.63038 0.1 3.68833 -0.692797 -4.93886 -0.692797 -4.93886 -0.0941218 0.704933 -0.0941218 -0.704933 
1 1 0 5.63444 0.1 3.67706 -0.693065 -4.94177 -0.693065 -4.94177 -0.0977755 0.704249 -0.0977755 -0.704249 
1 1 0 5.6385 0.1 3.66594 -0.693333 -4.94467 -0.693333 -4.94467 -0.1014 0.703549 -0.1014 -0.703549 
1 1 0 5.64256 0.1 3.65495 -0.693601 -4.94758 -0.693601 -4.94758 -0.104996 0.702834 -0.104996 -0.702834 
1 1 0 5.64663 0.1 3.6441 -0.693869 -4.95048 -0.693869 -4.95048 -0.108562 0.702104 -0.108562 -0.702104 
1 1 0 5.65069 0.1 3.63339 -0.694137 -4.95337 -0.694137 -4.95337 -0.112101 0.70136 -0.112101 -0.70136 
1 1 0 5.65476 0.1 3.62281 -0.694405 -4.95627 -0.694405 -4.95627 -0.115611 0.700602 -0.115611 -0.700602 
1 1 0 5.65883 0.1 3.61237 -0.694672 -4.95916 -0.694672 -4.95916 -0.119092 0.69983 -0.119092 -0.69983 
1 1 0 5.66291 0.1 3.60205 -0.69494 -4.96204 -0.69494 -4.96204 -0.122546 0.699045 -0.122546 -0.699045 
1 1 0 5.66698 0.1 3.59185 -0.695207 -4.96493 -0.695207 -4.96493 -0.125972 0.698247 -0.125972 -0.698247 
1 1 0 5.67106 0.1 3.58178 -0.695474 -4.96781 -0.695474 -4.96781 -0.12937 0.697436 -0.12937 -0.697436 
1 1 0 5.67514 0.1 3.57184 -0.695741 -4.97069 -0.695741 -4.97069 -0.13274 0.696613 -0.13274 -0.696613 
1 1 0 5.67922 0.1 3.56201 -0.696008 -4.97356 -0.696008 -4.97356 -0.136083 0.695778 -0.136083 -0.695778 
1 1 0 5.6833 0.1 3.5523 -0.696275 -4.97644 -0.696275 -4.97644 -0.139399 0.694932 -0.139399 -0.694932 
1 1 0 5.68739 0.1 3.54271 -0.696542 -4.97931 -0.696542 -4.97931 -0.142688 0.694074 -0.142688 -0.694074 
1 1 0 5.69148 0.1 3.53324 -0.696808 -4.98218 -0.696808 -4.98218 -0.145949 0.693205 -0.145949 -0.693205 
1 1 0 5.69557 0.1 3.52387 -0.697075 -4.98504 -0.697075 -4.98504 -0.149184 0.692326 -0.149184 -0.692326 
1 1 0 5.69966 0.1 3.51462 -0.697341 -4.9879 -0.697341 -4.9879 -0.152392 0.691436 -0.152392 -0.691436 
1 1 0 5.70375 0.1 3.50548 -0.697607 -4.99076 -0.697607 -4.99076 -0.155574 0.690536 -0.155574 -0.690536 
1 1 0 5.70785 0.1 3.49644 -0.697873 -4.99362 -0.697873 -4.99362 -0.158729 0.689626 -0.158729 -0.689626 
1 1 0 5.71194 0.1 3.48751 -0.698139 -4.99647 -0.698139 -4.99647 -0.161857 0.688707 -0.161857 -0.688707 
1 1 0 5.71604 0.1 3.47869 -0.698405 -4.99932 -0.698405 -4.99932 -0.16496 0.687779 -0.16496 -0.687779 
1 1 0 5.72014 0.1 3.46997 -0.69867 -5.00217 -0.69867 -5.00217 -0.168036 0.686841 -0.168036 -0.686841 
1 1 0 5.72424 0.1 3.46135 -0.698936 -5.00502 -0.698936 -5.00502 -0.171086 0.685896 -0.171086 -0.685896 
1 1 0 5.72835 0.1 3.45283 -0.699201 -5.00786 -0.699201 -5.00786 -0.174111 0.684941 -0.174111 -0.684941 
1 1 0 5.73245 0.1 3.44441 -0.699467 -5.0107 -0.699467 -5.0107 -0.177109 0.683979 -0.177109 -0.683979 
1 1 0 5.73656 0.1 3.43608 -0.699732 -5.01354 -0.699732 -5.01354 -0.180082 0.683009 -0.180082 -0.683009 
1 1 0 5.74067 0.1 3.42785 -0.699996 -5.01638 -0.699996 -5.01638 -0.18303 0.682032 -0.18303 -0.682032 
1 1 0 5.74478 0.1 3.41972 -0.700261 -5.01921 -0.700261 -5.01921 -0.185952 0.681047 -0.185952 -0.681047 
1 1 0 5.7489 0.1 3.41168 -0.700526 -5.02204 -0.700526 -5.02204 -0.188849 0.680055 -0.188849 -0.680055 
1 1 0 5.75301 0.1 3.40374 -0.70079 -5.02487 -0.70079 -5.02487 -0.19172 0.679057 -0.19172 -0.679057 
1 1 0 5.75713 0.1 3.39588 -0.701055 -5.02769 -0.701055 -5.02769 -0.194567 0.678052 -0.194567 -0.678052 
1 1 0 5.76125 0.1 3.38811 -0.701319 -5.03052 -0.701319 -5.03052 -0.197388 0.677041 -0.197388 -0.677041 
1 1 0 5.76537 0.1 3.38044 -0.701583 -5.03334 -0.701583 -5.03334 -0.200185 0.676025 -0.200185 -0.676025 
1 1 0 5.76949 0.1 3.37285 -0.701847 -5.03616 -0.701847 -5.03616 -0.202957 0.675002 -0.202957 -0.675002 
1 1 0 5.77361 0.1 3.36534 -0.702111 -5.03897 -0.702111 -5.03897 -0.205704 0.673974 -0.205704 -0.673974 
1 1 0 5.77774 0.1 3.35793 -0.702374 -5.04179 -0.702374 -5.04179 -0.208426 0.672941 -0.208426 -0.672941 
1 1 0 5.78186 0.1 3.35059 -0.702638 -5.0446 -0.702638 -5.0446 -0.211124 0.671903 -0.211124 -0.671903 
1 1 0 5.78599 0.1 3.34335 -0.702901 -5.04741 -0.702901 -5.04741 -0.213797 0.670861 -0.213797 -0.670861 
1 1 0 5.79012 0.1 3.33618 -0.703164 -5.05021 -0.703164 -5.05021 -0.216446 0.669814 -0.216446 -0.669814 
1 1 0 5.79425 0.1 3.32909 -0.703427 -5.05302 -0.703427 -5.05302 -0.219071 0.668762 -0.219071 -0.668762 
1 1 0 5.79838 0.1 3.32209 -0.70369 -5.05582 -0.70369 -5.05582 -0.221671 0.667707 -0.221671 -0.667707 
1 1 0 5.80252 0.1 3.31516 -0.703953 -5.05862 -0.703953 -5.05862 -0.224247 0.666649 -0.224247 -0.666649 
1 1 0 5.80665 0.1 3.30832 -0.704216 -5.06141 -0.704216 -5.06141 -0.2268 0.665586 -0.2268 -0.665586 
1 1 0 5.81079 0.1 3.30155 -0.704478 -5.06421 -0.704478 -5.06421 -0.229328 0.664521 -0.229328 -0.664521 
1 1 0 5.81493 0.1 3.29486 -0.70474 -5.067 -0.70474 -5.067 -0.231833 0.663452 -0.231833 -0.663452 
1 1 0 5.81907 0.1 3.28824 -0.705003 -5.06979 -0.705003 -5.06979 -0.234313 0.662381 -0.234313 -0.662381 
1 1 0 5.82321 0.1 3.28171 -0.705265 -5.07258 -0.705265 -5.07258 -0.23677 0.661307 -0.23677 -0.661307 
1 1 0 5.82736 0.1 3.27524 -0.705526 -5.07537 -0.705526 -5.07537 -0.239203 0.660231 -0.239203 -0.660231 
1 1 0 5.8315 0.1 3.26885 -0.705788 -5.07815 -0.705788 -5.07815 -0.241613 0.659153 -0.241613 -0.659153 
1 1 0 5.83565 0.1 3.26253 -0.70605 -5.08093 -0.70605 -5.08093 -0.243999 0.658073 -0.243999 -0.658073 
1 1 0 5.8398 0.1 3.25629 -0.706311 -5.08371 -0.706311 -5.08371 -0.246362 0.656991 -0.246362 -0.656991 
1 1 0 5.84395 0.1 3.25012 -0.706572 -5.08649 -0.706572 -5.08649 -0.248701 0.655908 -0.248701 -0.655908 
1 1 0 5.8481 0.1 3.24402 -0.706833 -5.08926 -0.706833 -5.08926 -0.251017 0.654824 -0.251017 -0.654824 
1 1 0 5.85225 0.1 3.23798 -0.707094 -5.09203 -0.707094 -5.09203 -0.25331 0.653738 -0.25331 -0.653738 
1 1 0 5.85641 0.1 3.23202 -0.707355 -5.0948 -0.707355 -5.0948 -0.255579 0.652652 -0.255579 -0.652652 
1 1 0 5.86056 0.1 3.22613 -0.707616 -5.09757 -0.707616 -5.09757 -0.257826 0.651566 -0.257826 -0.651566 
1 1 0 5.86472 0.1 3.22031 -0.707876 -5.10034 -0.707876 -5.10034 -0.260049 0.650479 -0.260049 -0.650479 
1 1 0 5.86888 0.1 3.21455 -0.708137 -5.1031 -0.708137 -5.1031 -0.26225 0.649392 -0.26225 -0.649392 
1 1 0 5.87304 0.1 3.20886 -0.708397 -5.10586 -0.708397 -5.10586 -0.264427 0.648305 -0.264427 -0.648305 
1 1 0 5.8772 0.1 3.20324 -0.708657 -5.10862 -0.708657 -5.10862 -0.266582 0.647218 -0.266582 -0.647218 
1 1 0 5.88136 0.1 3.19769 -0.708917 -5.11138 -0.708917 -5.11138 -0.268713 0.646132 -0.268713 -0.646132 
1 1 0 5.88553 0.1 3.19219 -0.709176 -5.11414 -0.709176 -5.11414 -0.270822 0.645046 -0.270822 -0.645046 
1 1 0 5.88969 0.1 3.18677 -0.709436 -5.11689 -0.709436 -5.11689 -0.272908 0.643962 -0.272908 -0.643962 
1 1 0 5.89386 0.1 3.18141 -0.709695 -5.11964 -0.709695 -5.11964 -0.274972 0.642878 -0.274972 -0.642878 
1 1 0 5.89803 0.1 3.17611 -0.709955 -5.12239 -0.709955 -5.12239 -0.277013 0.641796 -0.277013 -0.641796 
1 1 0 5.9022 0.1 3.17088 -0.710214 -5.12514 -0.710214 -5.12514 -0.279031 0.640715 -0.279031 -0.640715 
1 1 0 5.90637 0.1 3.16571 -0.710473 -5.12788 -0.710473 -5.12788 -0.281027 0.639636 -0.281027 -0.639636 
1 1 0 5.91054 0.1 3.1606 -0.710731 -5.13063 -0.710731 -5.13063 -0.283001 0.638559 -0.283001 -0.638559 
1 1 0 5.91471 0.1 3.15556 -0.71099 -5.13337 -0.71099 -5.13337 -0.284952 0.637484 -0.284952 -0.637484 
1 1 0 5.91889 0.1 3.15058 -0.711248 -5.13611 -0.711248 -5.13611 -0.28688 0.636411 -0.28688 -0.636411 
1 1 0 5.92306 0.1 3.14565 -0.711507 -5.13884 -0.711507 -5.13884 -0.288787 0.635341 -0.288787 -0.635341 
1 1 0 5.92724 0.1 3.14079 -0.711765 -5.14158 -0.711765 -5.14158 -0.290671 0.634274 -0.290671 -0.634274 
1 1 0 5.93142 0.1 3.13599 -0.712023 -5.14431 -0.712023 -5.14431 -0.292533 0.633209 -0.292533 -0.633209 
1 1 0 5.9356 0.1 3.13125 -0.712281 -5.14704 -0.712281 -5.14704 -0.294372 0.632148 -0.294372 -0.632148 
1 1 0 5.93978 0.1 3.12657 -0.712538 -5.14977 -0.712538 -5.14977 -0.29619 0.631089 -0.29619 -0.631089 
1 1 0 5.94397 0.1 3.12195 -0.712796 -5.1525 -0.712796 -5.1525 -0.297986 0.630034 -0.297986 -0.630034 
1 1 0 5.94815 0.1 3.11739 -0.713053 -5.15522 -0.713053 -5.15522 -0.299759 0.628983 -0.299759 -0.628983 
1 1 0 5.95234 0.1 3.11288 -0.71331 -5.15794 -0.71331 -5.15794 -0.301511 0.627936 -0.301511 -0.627936 
1 1 0 5.95652 0.1 3.10843 -0.713568 -5.16067 -0.713568 -5.16067 -0.30324 0.626892 -0.30324 -0.626892 
1 1 0 5.96071 0.1 3.10404 -0.713824 -5.16338 -0.713824 -5.16338 -0.304948 0.625853 -0.304948 -0.625853 
1 1 0 5.9649 0.1 3.09971 -0.714081 -5.1661 -0.714081 -5.1661 -0.306634 0.624818 -0.306634 -0.624818 
1 1 0 5.96909 0.1 3.09544 -0.714338 -5.16882 -0.714338 -5.16882 -0.308297 0.623788 -0.308297 -0.623788 
1 1 0 5.97328 0.1 3.09122 -0.714594 -5.17153 -0.714594 -5.17153 -0.30994 0.622762 -0.30994 -0.622762 
1 1 0 5.97748 0.1 3.08706 -0.71485 -5.17424 -0.71485 -5.17424 -0.31156 0.621742 -0.31156 -0.621742 
1 1 0 5.98167 0.1 3.08295 -0.715106 -5.17695 -0.715106 -5.17695 -0.313159 0.620726 -0.313159 -0.620726 
1 1 0 5.98587 0.1 3.0789 -0.715362 -5.17966 -0.715362 -5.17966 -0.314736 0.619715 -0.314736 -0.619715 
1 1 0 5.99007 0.1 3.07491 -0.715618 -5.18236 -0.715618 -5.18236 -0.316291 0.61871 -0.316291 -0.61871 
1 1 0 5.99426 0.1 3.07097 -0.715874 -5.18506 -0.715874 -5.18506 -0.317824 0.617711 -0.317824 -0.617711 
1 1 0 5.99846 0.1 3.06709 -0.716129 -5.18777 -0.716129 -5.18777 -0.319336 0.616718 -0.319336 -0.616718 
1 1 0 6.00267 0.1 3.06326 -0.716384 -5.19047 -0.716384 -5.19047 -0.320827 0.61573 -0.320827 -0.61573 
1 1 0 6.00687 0.1 3.05949 -0.71664 -5.19316 -0.71664 -5.19316 -0.322296 0.614748 -0.322296 -0.614748 
1 1 0 6.01107 0.1 3.05577 -0.716894 -5.19586 -0.716894 -5.19586 -0.323744 0.613773 -0.323744 -0.613773 
1 1 0 6.01528 0.1 3.0521 -0.717149 -5.19855 -0.717149 -5.19855 -0.32517 0.612804 -0.32517 -0.612804 
1 1 0 6.01948 0.1 3.04849 -0.717404 -5.20124 -0.717404 -5.20124 -0.326575 0.611842 -0.326575 -0.611842 
1 1 0 6.02369 0.1 3.04493 -0.717658 -5.20393 -0.717658 -5.20393 -0.327958 0.610886 -0.327958 -0.610886 
1 1 0 6.0279 0.1 3.04142 -0.717913 -5.20662 -0.717913 -5.20662 -0.329319 0.609938 -0.329319 -0.609938 
1 1 0 6.03211 0.1 3.03797 -0.718167 -5.20931 -0.718167 -5.20931 -0.33066 0.608996 -0.33066 -0.608996 
1 1 0 6.03632 0.1 3.03457 -0.718421 -5.21199 -0.718421 -5.21199 -0.331979 0.608062 -0.331979 -0.608062 
1 1 0 6.04053 0.1 3.03122 -0.718675 -5.21467 -0.718675 -5.21467 -0.333277 0.607135 -0.333277 -0.607135 
1 1 0 6.04474 0.1 3.02793 -0.718928 -5.21735 -0.718928 -5.21735 -0.334554 0.606216 -0.334554 -0.606216 
1 1 0 6.04896 0.1 3.02469 -0.719182 -5.22003 -0.719182 -5.22003 -0.33581 0.605304 -0.33581 -0.605304 
1 1 0 6.05317 0.1 3.0215 -0.719435 -5.22271 -0.719435 -5.22271 -0.337044 0.604401 -0.337044 -0.604401 
1 1 0 6.05739 0.1 3.01836 -0.719688 -5.22538 -0.719688 -5.22538 -0.338257 0.603505 -0.338257 -0.603505 
1 1 0 6.06161 0.1 3.01527 -0.719941 -5.22806 -0.719941 -5.22806 -0.339449 0.602618 -0.339449 -0.602618 
1 1 0 6.06583 0.1 3.01224 -0.720194 -5.23073 -0.720194 -5.23073 -0.34062 0.601738 -0.34062 -0.601738 
1 1 0 6.07005 0.1 3.00926 -0.720447 -5.2334 -0.720447 -5.2334 -0.341769 0.600867 -0.341769 -0.600867 
1 1 0 6.07427 0.1 3.00632 -0.7207 -5.23606 -0.7207 -5.23606 -0.342898 0.600006 -0.342898 -0.600006 
1 1 0 6.07849 0.1 3.00344 -0.720952 -5.23873 -0.720952 -5.23873 -0.344005 0.599152 -0.344005 -0.599152 
1 1 0 6.08272 0.1 3.00061 -0.721204 -5.24139 -0.721204 -5.24139 -0.345092 0.598308 -0.345092 -0.598308 
1 1 0 6.08694 0.1 2.99783 -0.721456 -5.24405 -0.721456 -5.24405 -0.346157 0.597472 -0.346157 -0.597472 
1 1 0 6.09117 0.1 2.99511 -0.721708 -5.24671 -0.721708 -5.24671 -0.347202 0.596646 -0.347202 -0.596646 
1 1 0 6.0954 0.1 2.99243 -0.72196 -5.24937 -0.72196 -5.24937 -0.348225 0.595829 -0.348225 -0.595829 
1 1 0 6.09963 0.1 2.9898 -0.722211 -5.25203 -0.722211 -5.25203 -0.349227 0.595022 -0.349227 -0.595022 
1 1 0 6.10386 0.1 2.98722 -0.722463 -5.25468 -0.722463 -5.25468 -0.350209 0.594224 -0.350209 -0.594224 
1 1 0 6.10809 0.1 2.9847 -0.722714 -5.25733 -0.722714 -5.25733 -0.35117 0.593436 -0.35117 -0.593436 
1 1 0 6.11232 0.1 2.98222 -0.722965 -5.25998 -0.722965 -5.25998 -0.352109 0.592657 -0.352109 -0.592657 
1 1 0 6.11655 0.1 2.9798 -0.723216 -5.26263 -0.723216 -5.26263 -0.353028 0.591889 -0.353028 -0.591889 
1 1 0 6.12079 0.1 2.97742 -0.723467 -5.26528 -0.723467 -5.26528 -0.353926 0.591131 -0.353926 -0.591131 
1 1 0 6.12502 0.1 2.97509 -0.723717 -5.26792 -0.723717 -5.26792 -0.354803 0.590383 -0.354803 -0.590383 
1 1 0 6.12926 0.1 2.97282 -0.723968 -5.27057 -0.723968 -5.27057 -0.355659 0.589646 -0.355659 -0.589646 
1 1 0 6.1335 0.1 2.97059 -0.724218 -5.27321 -0.724218 -5.27321 -0.356494 0.588919 -0.356494 -0.588919 
1 1 0 6.13774 0.1 2.96841 -0.724468 -5.27585 -0.724468 -5.27585 -0.357309 0.588202 -0.357309 -0.588202 
1 1 0 6.14198 0.1 2.96628 -0.724718 -5.27848 -0.724718 -5.27848 -0.358102 0.587496 -0.358102 -0.587496 
1 1 0 6.14622 0.1 2.96421 -0.724968 -5.28112 -0.724968 -5.28112 -0.358875 0.586801 -0.358875 -0.586801 
1 1 0 6.15046 0.1 2.96218 -0.725218 -5.28375 -0.725218 -5.28375 -0.359627 0.586117 -0.359627 -0.586117 
1 1 0 6.15471 0.1 2.9602 -0.725467 -5.28638 -0.725467 -5.28638 -0.360359 0.585444 -0.360359 -0.585444 
1 1 0 6.15895 0.1 2.95827 -0.725716 -5.28901 -0.725716 -5.28901 -0.361069 0.584782 -0.361069 -0.584782 
1 1 0 6.1632 0.1 2.95638 -0.725966 -5.29164 -0.725966 -5.29164 -0.361759 0.584132 -0.361759 -0.584132 
1 1 0 6.16744 0.1 2.95455 -0.726215 -5.29427 -0.726215 -5.29427 -0.362428 0.583493 -0.362428 -0.583493 
1 1 0 6.17169 0.1 2.95277 -0.726463 -5.29689 -0.726463 -5.29689 -0.363076 0.582865 -0.363076 -0.582865 
1 1 0 6.17594 0.1 2.95103 -0.726712 -5.29952 -0.726712 -5.29952 -0.363704 0.582249 -0.363704 -0.582249 
1 1 0 6.18019 0.1 2.94935 -0.72696 -5.30214 -0.72696 -5.30214 -0.364311 0.581644 -0.364311 -0.581644 
1 1 0 6.18445 0.1 2.94771 -0.727209 -5.30476 -0.727209 -5.30476 -0.364897 0.581052 -0.364897 -0.581052 
1 1 0 6.1887 0.1 2.94613 -0.727457 -5.30737 -0.727457 -5.30737 -0.365462 0.580471 -0.365462 -0.580471 
1 1 0 6.19295 0.1 2.94459 -0.727705 -5.30999 -0.727705 -5.30999 -0.366007 0.579902 -0.366007 -0.579902 
1 1 0 6.19721 0.1 2.9431 -0.727953 -5.3126 -0.727953 -5.3126 -0.366531 0.579346 -0.366531 -0.579346 
1 1 0 6.20147 0.1 2.94166 -0.728201 -5.31521 -0.728201 -5.31521 -0.367034 0.578801 -0.367034 -0.578801 
1 1 0 6.20572 0.1 2.94027 -0.728448 -5.31782 -0.728448 -5.31782 -0.367517 0.578269 -0.367517 -0.578269 
1 1 0 6.20998 0.1 2.93892 -0.728695 -5.32043 -0.728695 -5.32043 -0.367978 0.577748 -0.367978 -0.577748 
1 1 0 6.21424 0.1 2.93763 -0.728943 -5.32304 -0.728943 -5.32304 -0.36842 0.577241 -0.36842 -0.577241 
1 1 0 6.2185 0.1 2.93639 -0.72919 -5.32564 -0.72919 -5.32564 -0.36884 0.576746 -0.36884 -0.576746 
1 1 0 6.22277 0.1 2.93519 -0.729437 -5.32824 -0.729437 -5.32824 -0.36924 0.576263 -0.36924 -0.576263 
1 1 0 6.22703 0.1 2.93404 -0.729683 -5.33084 -0.729683 -5.33084 -0.36962 0.575793 -0.36962 -0.575793 
1 1 0 6.23129 0.1 2.93294 -0.72993 -5.33344 -0.72993 -5.33344 -0.369978 0.575336 -0.369978 -0.575336 
1 1 0 6.23556 0.1 2.93189 -0.730176 -5.33604 -0.730176 -5.33604 -0.370316 0.574891 -0.370316 -0.574891 
1 1 0 6.23983 0.1 2.93089 -0.730422 -5.33863 -0.730422 -5.33863 -0.370633 0.574459 -0.370633 -0.574459 
1 1 0 6.2441 0.1 2.92994 -0.730668 -5.34122 -0.730668 -5.34122 -0.37093 0.574041 -0.37093 -0.574041 
1 1 0 6.24836 0.1 2.92903 -0.730914 -5.34382 -0.730914 -5.34382 -0.371206 0.573634 -0.371206 -0.573634 
1 1 0 6.25264 0.1 2.92818 -0.73116 -5.3464 -0.73116 -5.3464 -0.371461 0.573242 -0.371461 -0.573242 
1 1 0 6.25691 0.1 2.92737 -0.731406 -5.34899 -0.731406 -5.34899 -0.371695 0.572862 -0.371695 -0.572862 
1 1 0 6.26118 0.1 2.92662 -0.731651 -5.35158 -0.731651 -5.35158 -0.371909 0.572495 -0.371909 -0.572495 
1 1 0 6.26545 0.1 2.92591 -0.731896 -5.35416 -0.731896 -5.35416 -0.372103 0.572141 -0.372103 -0.572141 
1 1 0 6.26973 0.1 2.92525 -0.732142 -5.35674 -0.732142 -5.35674 -0.372275 0.571801 -0.372275 -0.571801 
1 1 0 6.274 0.1 2.92464 -0.732386 -5.35932 -0.732386 -5.35932 -0.372427 0.571474 -0.372427 -0.571474 
1 1 0 6.27828 0.1 2.92408 -0.732631 -5.3619 -0.732631 -5.3619 -0.372558 0.57116 -0.372558 -0.57116 
1 1 0 6.28256 0.1 2.92357 -0.732876 -5.36447 -0.732876 -5.36447 -0.372668 0.57086 -0.372668 -0.57086 
1 1 0 6.28684 0.1 2.9231 -0.73312 -5.36705 -0.73312 -5.36705 -0.372758 0.570573 -0.372758 -0.570573 
1 1 0 6.29112 0.1 2.92269 -0.733365 -5.36962 -0.733365 -5.36962 -0.372827 0.570299 -0.372827 -0.570299 
1 1 0 6.2954 0.1 2.92232 -0.733609 -5.37219 -0.733609 -5.37219 -0.372875 0.570039 -0.372875 -0.570039 
1 1 0 6.29969 0.1 2.92201 -0.733853 -5.37476 -0.733853 -5.37476 -0.372903 0.569792 -0.372903 -0.569792 
1 1 0 6.30397 0.1 2.92174 -0.734097 -5.37733 -0.734097 -5.37733 -0.37291 0.569559 -0.37291 -0.569559 
1 1 0 6.30826 0.1 2.92153 -0.73434 -5.37989 -0.73434 -5.37989 -0.372896 0.569339 -0.372896 -0.569339 
1 1 0 6.31254 0.1 2.92136 -0.734584 -5.38245 -0.734584 -5.38245 -0.372861 0.569133 -0.372861 -0.569133 
1 1 0 6.31683 0.1 2.92124 -0.734827 -5.38501 -0.734827 -5.38501 -0.372805 0.568941 -0.372805 -0.568941 
1 1 0 6.32112 0.1 2.92117 -0.73507 -5.38757 -0.73507 -5.38757 -0.372729 0.568762 -0.372729 -0.568762 
1 1 0 6.32541 0.1 2.92115 -0.735313 -5.39013 -0.735313 -5.39013 -0.372632 0.568596 -0.372632 -0.568596 
1 1 0 6.3297 0.1 2.92118 -0.735556 -5.39268 -0.735556 -5.39268 -0.372514 0.568444 -0.372514 -0.568444 
1 1 0 6.33399 0.1 2.92126 -0.735799 -5.39524 -0.735799 -5.39524 -0.372376 0.568306 -0.372376 -0.568306 
1 1 0 6.33829 0.1 2.92139 -0.736041 -5.39779 -0.736041 -5.39779 -0.372216 0.568182 -0.372216 -0.568182 
1 1 0 6.34258 0.1 2.92157 -0.736284 -5.40033 -0.736284 -5.40033 -0.372036 0.568071 -0.372036 -0.568071 
1 1 0 6.34688 0.1 2.9218 -0.736526 -5.40288 -0.736526 -5.40288 -0.371835 0.567973 -0.371835 -0.567973 
1 1 0 6.35117 0.1 2.92208 -0.736768 -5.40543 -0.736768 -5.40543 -0.371613 0.567889 -0.371613 -0.567889 
1 1 0 6.35547 0.1 2.92241 -0.73701 -5.40797 -0.73701 -5.40797 -0.37137 0.567819 -0.37137 -0.567819 
1 1 0 6.35977 0.1 2.9228 -0.737252 -5.41051 -0.737252 -5.41051 -0.371106 0.567763 -0.371106 -0.567763 
1 1 0 6.36407 0.1 2.92323 -0.737493 -5.41305 -0.737493 -5.41305 -0.370821 0.56772 -0.370821 -0.56772 
1 1 0 6.36837 0.1 2.92371 -0.737735 -5.41559 -0.737735 -5.41559 -0.370515 0.56769 -0.370515 -0.56769 
1 1 0 6.37268 0.1 2.92424 -0.737976 -5.41812 -0.737976 -5.41812 -0.370189 0.567674 -0.370189 -0.567674 
1 1 0 6.37698 0.1 2.92482 -0.738217 -5.42066 -0.738217 -5.42066 -0.369841 0.567672 -0.369841 -0.567672 
1 1 0 6.38129 0.1 2.92546 -0.738458 -5.42319 -0.738458 -5.42319 -0.369472 0.567683 -0.369472 -0.567683 
1 1 0 6.38559 0.1 2.92614 -0.738699 -5.42572 -0.738699 -5.42572 -0.369082 0.567708 -0.369082 -0.567708 
1 1 0 6.3899 0.1 2.92687 -0.738939 -5.42824 -0.738939 -5.42824 -0.368672 0.567746 -0.368672 -0.567746 
1 1 0 6.39421 0.1 2.92766 -0.73918 -5.43077 -0.73918 -5.43077 -0.36824 0.567797 -0.36824 -0.567797 
1 1 0 6.39852 0.1 2.9285 -0.73942 -5.43329 -0.73942 -5.43329 -0.367787 0.567862 -0.367787 -0.567862 
1 1 0 6.40283 0.1 2.92939 -0.73966 -5.43581 -0.73966 -5.43581 -0.367313 0.56794 -0.367313 -0.56794 
1 1 0 6.40714 0.1 2.93033 -0.7399 -5.43833 -0.7399 -5.43833 -0.366817 0.568032 -0.366817 -0.568032 
1 1 0 6.41146 0.1 2.93132 -0.74014 -5.44085 -0.74014 -5.44085 -0.366301 0.568136 -0.366301 -0.568136 
1 1 0 6.41577 0.1 2.93236 -0.74038 -5.44336 -0.74038 -5.44336 -0.365763 0.568254 -0.365763 -0.568254 
1 1 0 6.42009 0.1 2.93346 -0.740619 -5.44587 -0.740619 -5.44587 -0.365204 0.568385 -0.365204 -0.568385 
1 1 0 6.4244 0.1 2.93461 -0.740859 -5.44839 -0.740859 -5.44839 -0.364624 0.568529 -0.364624 -0.568529 
1 1 0 6.42872 0.1 2.93581 -0.741098 -5.45089 -0.741098 -5.45089 -0.364023 0.568686 -0.364023 -0.568686 
1 1 0 6.43304 0.1 2.93706 -0.741337 -5.4534 -0.741337 -5.4534 -0.3634 0.568856 -0.3634 -0.568856 
1 1 0 6.43736 0.1 2.93837 -0.741576 -5.4559 -0.741576 -5.4559 -0.362756 0.569039 -0.362756 -0.569039 
1 1 0 6.44169 0.1 2.93972 -0.741815 -5.45841 -0.741815 -5.45841 -0.362091 0.569235 -0.362091 -0.569235 
1 1 0 6.44601 0.1 2.94113 -0.742053 -5.46091 -0.742053 -5.46091 -0.361404 0.569443 -0.361404 -0.569443 
1 1 0 6.45033 0.1 2.9426 -0.742292 -5.46341 -0.742292 -5.46341 -0.360695 0.569665 -0.360695 -0.569665 
1 1 0 6.45466 0.1 2.94412 -0.74253 -5.4659 -0.74253 -5.4659 -0.359966 0.569899 -0.359966 -0.569899 
1 1 0 6.45899 0.1 2.94569 -0.742768 -5.4684 -0.742768 -5.4684 -0.359214 0.570145 -0.359214 -0.570145 
1 1 0 6.46332 0.1 2.94731 -0.743006 -5.47089 -0.743006 -5.47089 -0.358441 0.570404 -0.358441 -0.570404 
1 1 0 6.46765 0.1 2.94899 -0.743244 -5.47338 -0.743244 -5.47338 -0.357647 0.570675 -0.357647 -0.570675 
1 1 0 6.47198 0.1 2.95072 -0.743481 -5.47586 -0.743481 -5.47586 -0.356831 0.570959 -0.356831 -0.570959 
1 1 0 6.47631 0.1 2.95251 -0.743719 -5.47835 -0.743719 -5.47835 -0.355993 0.571255 -0.355993 -0.571255 
1 1 0 6.48064 0.1 2.95435 -0.743956 -5.48083 -0.743956 -5.48083 -0.355134 0.571563 -0.355134 -0.571563 
1 1 0 6.48498 0.1 2.95624 -0.744193 -5.48331 -0.744193 -5.48331 -0.354252 0.571883 -0.354252 -0.571883 
1 1 0 6.48931 0.1 2.9582 -0.74443 -5.48579 -0.74443 -5.48579 -0.35335 0.572215 -0.35335 -0.572215 
1 1 0 6.49365 0.1 2.9602 -0.744667 -5.48827 -0.744667 -5.48827 -0.352424 0.572559 -0.352424 -0.572559 
1 1 0 6.49799 0.1 2.96226 -0.744904 -5.49074 -0.744904 -5.49074 -0.351478 0.572915 -0.351478 -0.572915 
1 1 0 6.50233 0.1 2.96438 -0.74514 -5.49321 -0.74514 -5.49321 -0.350509 0.573282 -0.350509 -0.573282 
1 1 0 6.50667 0.1 2.96655 -0.745377 -5.49568 -0.745377 -5.49568 -0.349518 0.573661 -0.349518 -0.573661 
1 1 0 6.51101 0.1 2.96878 -0.745613 -5.49815 -0.745613 -5.49815 -0.348505 0.574051 -0.348505 -0.574051 
1 1 0 6.51535 0.1 2.97107 -0.745849 -5.50062 -0.745849 -5.50062 -0.347471 0.574453 -0.347471 -0.574453 
1 1 0 6.5197 0.1 2.97341 -0.746085 -5.50308 -0.746085 -5.50308 -0.346414 0.574866 -0.346414 -0.574866 
1 1 0 6.52405 0.1 2.97581 -0.746321 -5.50554 -0.746321 -5.50554 -0.345335 0.575289 -0.345335 -0.575289 
1 1 0 6.52839 0.1 2.97826 -0.746556 -5.508 -0.746556 -5.508 -0.344234 0.575724 -0.344234 -0.575724 
1 1 0 6.53274 0.1 2.98078 -0.746792 -5.51045 -0.746792 -5.51045 -0.34311 0.57617 -0.34311 -0.57617 
1 1 0 6.53709 0.1 2.98335 -0.747027 -5.51291 -0.747027 -5.51291 -0.341964 0.576627 -0.341964 -0.576627 
1 1 0 6.54144 0.1 2.98598 -0.747262 -5.51536 -0.747262 -5.51536 -0.340796 0.577094 -0.340796 -0.577094 
1 1 0 6.5458 0.1 2.98867 -0.747497 -5.51781 -0.747497 -5.51781 -0.339605 0.577571 -0.339605 -0.577571 
1 1 0 6.55015 0.1 2.99141 -0.747732 -5.52025 -0.747732 -5.52025 -0.338392 0.578059 -0.338392 -0.578059 
1 1 0 6.55451 0.1 2.99422 -0.747967 -5.5227 -0.747967 -5.5227 -0.337156 0.578558 -0.337156 -0.578558 
1 1 0 6.55886 0.1 2.99709 -0.748201 -5.52514 -0.748201 -5.52514 -0.335897 0.579066 -0.335897 -0.579066 
1 1 0 6.56322 0.1 3.00001 -0.748436 -5.52758 -0.748436 -5.52758 -0.334616 0.579584 -0.334616 -0.579584 
1 1 0 6.56758 0.1 3.003 -0.74867 -5.53002 -0.74867 -5.53002 -0.333312 0.580112 -0.333312 -0.580112 
1 1 0 6.57194 0.1 3.00605 -0.748904 -5.53245 -0.748904 -5.53245 -0.331985 0.58065 -0.331985 -0.58065 
1 1 0 6.5763 0.1 3.00915 -0.749138 -5.53488 -0.749138 -5.53488 -0.330636 0.581197 -0.330636 -0.581197 
1 1 0 6.58067 0.1 3.01232 -0.749372 -5.53731 -0.749372 -5.53731 -0.329263 0.581754 -0.329263 -0.581754 
1 1 0 6.58503 0.1 3.01555 -0.749605 -5.53974 -0.749605 -5.53974 -0.327867 0.582319 -0.327867 -0.582319 
1 1 0 6.5894 0.1 3.01884 -0.749839 -5.54217 -0.749839 -5.54217 -0.326449 0.582894 -0.326449 -0.582894 
1 1 0 6.59377 0.1 3.0222 -0.750072 -5.54459 -0.750072 -5.54459 -0.325007 0.583478 -0.325007 -0.583478 
1 1 0 6.59814 0.1 3.02562 -0.750305 -5.54701 -0.750305 -5.54701 -0.323542 0.584071 -0.323542 -0.584071 
1 1 0 6.60251 0.1 3.0291 -0.750538 -5.54942 -0.750538 -5.54942 -0.322053 0.584672 -0.322053 -0.584672 
1 1 0 6.60688 0.1 3.03265 -0.750771 -5.55184 -0.750771 -5.55184 -0.320541 0.585282 -0.320541 -0.585282 
1 1 0 6.61125 0.1 3.03626 -0.751004 -5.55425 -0.751004 -5.55425 -0.319006 0.5859 -0.319006 -0.5859 
1 1 0 6.61563 0.1 3.03993 -0.751236 -5.55666 -0.751236 -5.55666 -0.317447 0.586525 -0.317447 -0.586525 
1 1 0 6.62001 0.1 3.04367 -0.751469 -5.55907 -0.751469 -5.55907 -0.315864 0.587159 -0.315864 -0.587159 
1 1 0 6.62438 0.1 3.04748 -0.751701 -5.56147 -0.751701 -5.56147 -0.314258 0.587801 -0.314258 -0.587801 
1 1 0 6.62876 0.1 3.05135 -0.751933 -5.56387 -0.751933 -5.56387 -0.312628 0.58845 -0.312628 -0.58845 
1 1 0 6.63314 0.1 3.05529 -0.752165 -5.56627 -0.752165 -5.56627 -0.310974 0.589107 -0.310974 -0.589107 
1 1 0 6.63753 0.1 3.0593 -0.752397 -5.56867 -0.752397 -5.56867 -0.309296 0.589771 -0.309296 -0.589771 
1 1 0 6.64191 0.1 3.06337 -0.752628 -5.57106 -0.752628 -5.57106 -0.307594 0.590442 -0.307594 -0.590442 
1 1 0 6.6463 0.1 3.06752 -0.75286 -5.57345 -0.75286 -5.57345 -0.305868 0.59112 -0.305868 -0.59112 
1 1 0 6.65068 0.1 3.07173 -0.753091 -5.57584 -0.753091 -5.57584 -0.304117 0.591804 -0.304117 -0.591804 
1 1 0 6.65507 0.1 3.07601 -0.753322 -5.57822 -0.753322 -5.57822 -0.302342 0.592495 -0.302342 -0.592495 
1 1 0 6.65946 0.1 3.08037 -0.753553 -5.58061 -0.753553 -5.58061 -0.300543 0.593192 -0.300543 -0.593192 
1 1 0 6.66385 0.1 3.08479 -0.753784 -5.58299 -0.753784 -5.58299 -0.298719 0.593896 -0.298719 -0.593896 
1 1 0 6.66824 0.1 3.08929 -0.754015 -5.58536 -0.754015 -5.58536 -0.29687 0.594605 -0.29687 -0.594605 
1 1 0 6.67264 0.1 3.09386 -0.754246 -5.58774 -0.754246 -5.58774 -0.294997 0.59532 -0.294997 -0.59532 
1 1 0 6.67704 0.1 3.0985 -0.754476 -5.59011 -0.754476 -5.59011 -0.293098 0.596041 -0.293098 -0.596041 
1 1 0 6.68143 0.1 3.10321 -0.754706 -5.59248 -0.754706 -5.59248 -0.291175 0.596767 -0.291175 -0.596767 
1 1 0 6.68583 0.1 3.10801 -0.754936 -5.59484 -0.754936 -5.59484 -0.289227 0.597498 -0.289227 -0.597498 
1 1 0 6.69023 0.1 3.11287 -0.755166 -5.5972 -0.755166 -5.5972 -0.287253 0.598233 -0.287253 -0.598233 
1 1 0 6.69464 0.1 3.11781 -0.755396 -5.59956 -0.755396 -5.59956 -0.285254 0.598974 -0.285254 -0.598974 
1 1 0 6.69904 0.1 3.12283 -0.755626 -5.60192 -0.755626 -5.60192 -0.283229 0.599719 -0.283229 -0.599719 
1 1 0 6.70344 0.1 3.12793 -0.755855 -5.60427 -0.755855 -5.60427 -0.281179 0.600468 -0.281179 -0.600468 
1 1 0 6.70785 0.1 3.1331 -0.756085 -5.60662 -0.756085 -5.60662 -0.279103 0.601222 -0.279103 -0.601222 
1 1 0 6.71226 0.1 3.13836 -0.756314 -5.60897 -0.756314 -5.60897 -0.277002 0.601979 -0.277002 -0.601979 
1 1 0 6.71667 0.1 3.14369 -0.756543 -5.61131 -0.756543 -5.61131 -0.274874 0.602739 -0.274874 -0.602739 
1 1 0 6.72108 0.1 3.14911 -0.756772 -5.61365 -0.756772 -5.61365 -0.27272 0.603503 -0.27272 -0.603503 
1 1 0 6.7255 0.1 3.15461 -0.757001 -5.61599 -0.757001 -5.61599 -0.27054 0.604271 -0.27054 -0.604271 
1 1 0 6.72991 0.1 3.16019 -0.75723 -5.61833 -0.75723 -5.61833 -0.268334 0.605041 -0.268334 -0.605041 
1 1 0 6.73433 0.1 3.16586 -0.757458 -5.62066 -0.757458 -5.62066 -0.266101 0.605814 -0.266101 -0.605814 
1 1 0 6.73875 0.1 3.17161 -0.757686 -5.62299 -0.757686 -5.62299 -0.263841 0.606589 -0.263841 -0.606589 
1 1 0 6.74317 0.1 3.17745 -0.757915 -5.62531 -0.757915 -5.62531 -0.261554 0.607366 -0.261554 -0.607366 
1 1 0 6.74759 0.1 3.18337 -0.758143 -5.62763 -0.758143 -5.62763 -0.259241 0.608145 -0.259241 -0.608145 
1 1 0 6.75202 0.1 3.18938 -0.758371 -5.62995 -0.758371 -5.62995 -0.2569 0.608926 -0.2569 -0.608926 
1 1 0 6.75644 0.1 3.19549 -0.758598 -5.63227 -0.758598 -5.63227 -0.254532 0.609708 -0.254532 -0.609708 
1 1 0 6.76087 0.1 3.20168 -0.758826 -5.63458 -0.758826 -5.63458 -0.252137 0.610492 -0.252137 -0.610492 
1 1 0 6.7653 0.1 3.20797 -0.759053 -5.63689 -0.759053 -5.63689 -0.249714 0.611276 -0.249714 -0.611276 
1 1 0 6.76973 0.1 3.21435 -0.759281 -5.63919 -0.759281 -5.63919 -0.247263 0.612062 -0.247263 -0.612062 
1 1 0 6.77416 0.1 3.22082 -0.759508 -5.64149 -0.759508 -5.64149 -0.244784 0.612847 -0.244784 -0.612847 
1 1 0 6.7786 0.1 3.22739 -0.759735 -5.64379 -0.759735 -5.64379 -0.242277 0.613632 -0.242277 -0.613632 
1 1 0 6.78304 0.1 3.23405 -0.759962 -5.64608 -0.759962 -5.64608 -0.239741 0.614417 -0.239741 -0.614417 
1 1 0 6.78748 0.1 3.24082 -0.760189 -5.64837 -0.760189 -5.64837 -0.237177 0.615203 -0.237177 -0.615203 
1 1 0 6.79192 0.1 3.24768 -0.760415 -5.65066 -0.760415 -5.65066 -0.234585 0.615987 -0.234585 -0.615987 
1 1 0 6.79636 0.1 3.25465 -0.760642 -5.65294 -0.760642 -5.65294 -0.231963 0.61677 -0.231963 -0.61677 
1 1 0 6.8008 0.1 3.26172 -0.760868 -5.65522 -0.760868 -5.65522 -0.229312 0.617552 -0.229312 -0.617552 
1 1 0 6.80525 0.1 3.2689 -0.761094 -5.6575 -0.761094 -5.6575 -0.226632 0.618332 -0.226632 -0.618332 
1 1 0 6.8097 0.1 3.27617 -0.76132 -5.65977 -0.76132 -5.65977 -0.223922 0.619111 -0.223922 -0.619111 
1 1 0 6.81415 0.1 3.28356 -0.761546 -5.66204 -0.761546 -5.66204 -0.221183 0.619887 -0.221183 -0.619887 
1 1 0 6.8186 0.1 3.29106 -0.761772 -5.6643 -0.761772 -5.6643 -0.218413 0.620661 -0.218413 -0.620661 
1 1 0 6.82306 0.1 3.29867 -0.761998 -5.66656 -0.761998 -5.66656 -0.215614 0.621432 -0.215614 -0.621432 
1 1 0 6.82751 0.1 3.30639 -0.762223 -5.66882 -0.762223 -5.66882 -0.212784 0.622199 -0.212784 -0.622199 
1 1 0 6.83197 0.1 3.31423 -0.762448 -5.67107 -0.762448 -5.67107 -0.209923 0.622964 -0.209923 -0.622964 
1 1 0 6.83643 0.1 3.32219 -0.762673 -5.67332 -0.762673 -5.67332 -0.207031 0.623724 -0.207031 -0.623724 
1 1 0 6.84089 0.1 3.33026 -0.762898 -5.67556 -0.762898 -5.67556 -0.204108 0.62448 -0.204108 -0.62448 
1 1 0 6.84536 0.1 3.33845 -0.763123 -5.6778 -0.763123 -5.6778 -0.201154 0.625232 -0.201154 -0.625232 
1 1 0 6.84982 0.1 3.34677 -0.763348 -5.68004 -0.763348 -5.68004 -0.198168 0.625979 -0.198168 -0.625979 
1 1 0 6.85429 0.1 3.35522 -0.763573 -5.68227 -0.763573 -5.68227 -0.19515 0.626721 -0.19515 -0.626721 
1 1 0 6.85876 0.1 3.36379 -0.763797 -5.68449 -0.763797 -5.68449 -0.192099 0.627458 -0.192099 -0.627458 
1 1 0 6.86324 0.1 3.37249 -0.764021 -5.68672 -0.764021 -5.68672 -0.189017 0.628188 -0.189017 -0.628188 
1 1 0 6.86771 0.1 3.38132 -0.764246 -5.68893 -0.764246 -5.68893 -0.185901 0.628912 -0.185901 -0.628912 
1 1 0 6.87219 0.1 3.39029 -0.76447 -5.69115 -0.76447 -5.69115 -0.182752 0.62963 -0.182752 -0.62963 
1 1 0 6.87667 0.1 3.3994 -0.764694 -5.69336 -0.764694 -5.69336 -0.17957 0.63034 -0.17957 -0.63034 
1 1 0 6.88115 0.1 3.40865 -0.764917 -5.69556 -0.764917 -5.69556 -0.176354 0.631044 -0.176354 -0.631044 
1 1 0 6.88564 0.1 3.41804 -0.765141 -5.69776 -0.765141 -5.69776 -0.173104 0.631739 -0.173104 -0.631739 
1 1 0 6.89013 0.1 3.42757 -0.765364 -5.69995 -0.765364 -5.69995 -0.16982 0.632426 -0.16982 -0.632426 
1 1 0 6.89462 0.1 3.43726 -0.765588 -5.70214 -0.765588 -5.70214 -0.166501 0.633104 -0.166501 -0.633104 
1 1 0 6.89911 0.1 3.4471 -0.765811 -5.70433 -0.765811 -5.70433 -0.163147 0.633774 -0.163147 -0.633774 
1 1 0 6.9036 0.1 3.45709 -0.766034 -5.70651 -0.766034 -5.70651 -0.159757 0.634433 -0.159757 -0.634433 
1 1 0 6.9081 0.1 3.46724 -0.766257 -5.70868 -0.766257 -5.70868 -0.156332 0.635083 -0.156332 -0.635083 
1 1 0 6.9126 0.1 3.47755 -0.76648 -5.71085 -0.76648 -5.71085 -0.152871 0.635722 -0.152871 -0.635722 
1 1 0 6.9171 0.1 3.48803 -0.766702 -5.71302 -0.766702 -5.71302 -0.149373 0.636351 -0.149373 -0.636351 
1 1 0 6.9216 0.1 3.49868 -0.766925 -5.71518 -0.766925 -5.71518 -0.145837 0.636968 -0.145837 -0.636968 
1 1 0 6.92611 0.1 3.5095 -0.767147 -5.71733 -0.767147 -5.71733 -0.142265 0.637573 -0.142265 -0.637573 
1 1 0 6.93062 0.1 3.5205 -0.767369 -5.71948 -0.767369 -5.71948 -0.138655 0.638166 -0.138655 -0.638166 
1 1 0 6.93513 0.1 3.53168 -0.767591 -5.72162 -0.767591 -5.72162 -0.135006 0.638746 -0.135006 -0.638746 
1 1 0 6.93964 0.1 3.54305 -0.767813 -5.72376 -0.767813 -5.72376 -0.131319 0.639312 -0.131319 -0.639312 
1 1 0 6.94416 0.1 3.5546 -0.768035 -5.72589 -0.768035 -5.72589 -0.127593 0.639865 -0.127593 -0.639865 
1 1 0 6.94868 0.1 3.56635 -0.768257 -5.72802 -0.768257 -5.72802 -0.123827 0.640403 -0.123827 -0.640403 
1 1 0 6.9532 0.1 3.5783 -0.768478 -5.73014 -0.768478 -5.73014 -0.120021 0.640926 -0.120021 -0.640926 
1 1 0 6.95773 0.1 3.59045 -0.7687 -5.73226 -0.7687 -5.73226 -0.116174 0.641433 -0.116174 -0.641433 
1 1 0 6.96226 0.1 3.60281 -0.768921 -5.73436 -0.768921 -5.73436 -0.112286 0.641924 -0.112286 -0.641924 
1 1 0 6.96679 0.1 3.61539 -0.769142 -5.73647 -0.769142 -5.73647 -0.108357 0.642398 -0.108357 -0.642398 
1 1 0 6.97132 0.1 3.62819 -0.769363 -5.73856 -0.769363 -5.73856 -0.104385 0.642854 -0.104385 -0.642854 
1 1 0 6.97586 0.1 3.64121 -0.769584 -5.74065 -0.769584 -5.74065 -0.100371 0.643293 -0.100371 -0.643293 
1 1 0 6.9804 0.1 3.65447 -0.769804 -5.74273 -0.769804 -5.74273 -0.0963128 0.643712 -0.0963128 -0.643712 
1 1 0 6.98494 0.1 3.66796 -0.770025 -5.74481 -0.770025 -5.74481 -0.0922108 0.644112 -0.0922108 -0.644112 
1 1 0 6.98949 0.1 3.6817 -0.770245 -5.74688 -0.770245 -5.74688 -0.0880642 0.644491 -0.0880642 -0.644491 
1 1 0 6.99404 0.1 3.6957 -0.770466 -5.74894 -0.770466 -5.74894 -0.0838725 0.64485 -0.0838725 -0.64485 
1 1 0 6.99859 0.1 3.70995 -0.770686 -5.751 -0.770686 -5.751 -0.0796348 0.645187 -0.0796348 -0.645187 
1 1 0 7.00315 0.1 3.72447 -0.770906 -5.75305 -0.770906 -5.75305 -0.0753503 0.645501 -0.0753503 -0.645501 
1 1 0 7.00771 0.1 3.73926 -0.771126 -5.75509 -0.771126 -5.75509 -0.0710185 0.645791 -0.0710185 -0.645791 
1 1 0 7.01227 0.1 3.75434 -0.771345 -5.75712 -0.771345 -5.75712 -0.0666385 0.646058 -0.0666385 -0.646058 
1 1 0 7.01684 0.1 3.76971 -0.771565 -5.75915 -0.771565 -5.75915 -0.0622097 0.646299 -0.0622097 -0.646299 
1 1 0 7.0214 0.1 3.78538 -0.771784 -5.76117 -0.771784 -5.76117 -0.0577312 0.646515 -0.0577312 -0.646515 
1 1 0 7.02598 0.1 3.80136 -0.772004 -5.76318 -0.772004 -5.76318 -0.0532022 0.646703 -0.0532022 -0.646703 
1 1 0 7.03055 0.1 3.81766 -0.772223 -5.76518 -0.772223 -5.76518 -0.0486218 0.646863 -0.0486218 -0.646863 
1 1 0 7.03513 0.1 3.83429 -0.772442 -5.76718 -0.772442 -5.76718 -0.043989 0.646995 -0.043989 -0.646995 
1 1 0 7.03972 0.1 3.85127 -0.772661 -5.76916 -0.772661 -5.76916 -0.0393033 0.647096 -0.0393033 -0.647096 
1 1 0 7.0443 0.1 3.86859 -0.77288 -5.77114 -0.77288 -5.77114 -0.0345631 0.647166 -0.0345631 -0.647166 
1 1 0 7.04889 0.1 3.88629 -0.773098 -5.77311 -0.773098 -5.77311 -0.0297679 0.647204 -0.0297679 -0.647204 
1 1 0 7.05349 0.1 3.90436 -0.773317 -5.77507 -0.773317 -5.77507 -0.0249166 0.647209 -0.0249166 -0.647209 
1 1 0 7.05809 0.1 3.92282 -0.773535 -5.77702 -0.773535 -5.77702 -0.0200079 0.647179 -0.0200079 -0.647179 
1 1 0 7.06269 0.1 3.94169 -0.773753 -5.77896 -0.773753 -5.77896 -0.0150409 0.647113 -0.0150409 -0.647113 
1 1 0 7.0673 0.1 3.96097 -0.773971 -5.78089 -0.773971 -5.78089 -0.0100142 0.647009 -0.0100142 -0.647009 
1 1 0 7.07191 0.1 3.9807 -0.774189 -5.78281 -0.774189 -5.78281 -0.00492682 0.646868 -0.00492682 -0.646868 
1 1 0 7.07652 0.1 4.00088 -0.774407 -5.78472 -0.774407 -5.78472 0.000222622 0.646685 0.000222622 -0.646685 
1 1 0 7.08114 0.1 4.02153 -0.774625 -5.78662 -0.774625 -5.78662 0.00543549 0.646461 0.00543549 -0.646461 
1 1 0 7.08577 0.1 4.04266 -0.774842 -5.78852 -0.774842 -5.78852 0.0107131 0.646194 0.0107131 -0.646194 
1 1 0 7.09039 0.1 4.06431 -0.77506 -5.79039 -0.77506 -5.79039 0.0160572 0.645882 0.0160572 -0.645882 
1 1 0 7.09503 0.1 4.08649 -0.775277 -5.79226 -0.775277 -5.79226 0.0214687 0.645523 0.0214687 -0.645523 
1 1 0 7.09966 0.1 4.10922 -0.775494 -5.79412 -0.775494 -5.79412 0.0269496 0.645116 0.0269496 -0.645116 
1 1 0 7.10431 0.1 4.13253 -0.775711 -5.79596 -0.775711 -5.79596 0.0325017 0.644658 0.0325017 -0.644658 
1 1 0 7.10895 0.1 4.15644 -0.775928 -5.7978 -0.775928 -5.7978 0.0381263 0.644148 0.0381263 -0.644148 
1 1 0 7.11361 0.1 4.18097 -0.776144 -5.79962 -0.776144 -5.79962 0.0438256 0.643582 0.0438256 -0.643582 
1 1 0 7.11826 0.1 4.20617 -0.776361 -5.80142 -0.776361 -5.80142 0.0496015 0.64296 0.0496015 -0.64296 
1 1 0 7.12292 0.1 4.23205 -0.776577 -5.80322 -0.776577 -5.80322 0.0554556 0.642279 0.0554556 -0.642279 
1 1 0 7.12759 0.1 4.25865 -0.776793 -5.805 -0.776793 -5.805 0.0613904 0.641535 0.0613904 -0.641535 
1 1 0 7.13226 0.1 4.28601 -0.77701 -5.80676 -0.77701 -5.80676 0.0674082 0.640727 0.0674082 -0.640727 
1 1 0 7.13694 0.1 4.31416 -0.777225 -5.80851 -0.777225 -5.80851 0.0735111 0.639851 0.0735111 -0.639851 
1 1 0 7.14163 0.1 4.34315 -0.777441 -5.81025 -0.777441 -5.81025 0.0797016 0.638905 0.0797016 -0.638905 
1 1 0 7.14632 0.1 4.37301 -0.777657 -5.81197 -0.777657 -5.81197 0.0859826 0.637884 0.0859826 -0.637884 
1 1 0 7.15101 0.1 4.4038 -0.777872 -5.81367 -0.777872 -5.81367 0.0923565 0.636787 0.0923565 -0.636787 
1 1 0 7.15572 0.1 4.43556 -0.778088 -5.81536 -0.778088 -5.81536 0.0988267 0.635609 0.0988267 -0.635609 
1 1 0 7.16042 0.1 4.46835 -0.778303 -5.81703 -0.778303 -5.81703 0.105396 0.634346 0.105396 -0.634346 
1 1 0 7.16514 0.1 4.50224 -0.778518 -5.81868 -0.778518 -5.81868 0.112067 0.632994 0.112067 -0.632994 
1 1 0 7.16986 0.1 4.53728 -0.778733 -5.82031 -0.778733 -5.82031 0.118845 0.631549 0.118845 -0.631549 
1 1 0 7.17459 0.1 4.57354 -0.778947 -5.82193 -0.778947 -5.82193 0.125732 0.630005 0.125732 -0.630005 
1 1 0 7.17932 0.1 4.61111 -0.779162 -5.82352 -0.779162 -5.82352 0.132733 0.628358 0.132733 -0.628358 
1 1 0 7.18406 0.1 4.65007 -0.779376 -5.82509 -0.779376 -5.82509 0.139852 0.626601 0.139852 -0.626601 
1 1 0 7.18881 0.1 4.6905 -0.77959 -5.82664 -0.77959 -5.82664 0.147094 0.62473 0.147094 -0.62473 
1 1 0 7.19357 0.1 4.73251 -0.779804 -5.82817 -0.779804 -5.82817 0.154463 0.622737 0.154463 -0.622737 
1 1 0 7.19833 0.1 4.77621 -0.780018 -5.82967 -0.780018 -5.82967 0.161965 0.620616 0.161965 -0.620616 
2 1 0 6.43 0.1 0 -0.7141 -3.21203 -0.7141 -3.21203 0.161965 0.620616 0.161965 -0.620616 
1 1 0 6.43 0.1 2.93617 -0.7141 -3.21203 -0.7141 -3.21203 -0.363841 0.568735 -0.363841 -0.568735 
1 1 0 6.43 0.1 2.93617 -0.7141 -3.21203 -0.7141 -3.21203 -0.363841 0.568735 -0.363841 -0.568735 
1 1 0 6.43 0.1 2.93617 -0.7141 -3.21203 -0.7141 -3.21203 -0.363841 0.568735 -0.363841 -0.568735 
1 1 0 6.43 0.1 2.93617 -0.7141 -3.21203 -0.7141 -3.21203 -0.363841 0.568735 -0.363841 -0.568735 
1 1 0 6.43 0.1 2.93617 -0.7141 -3.21203 -0.7141 -3.21203 -0.36384 0.568735 -0.36384 -0.568735 
1 1 0 6.43001 0.1 2.93618 -0.7141 -3.21203 -0.7141 -3.21203 -0.363839 0.568736 -0.363839 -0.568736 
1 1 0 6.43002 0.1 2.93618 -0.714101 -3.21203 -0.714101 -3.21203 -0.363839 0.568735 -0.363839 -0.568735 
1 1 0 6.43003 0.1 2.93618 -0.714101 -3.21203 -0.714101 -3.21203 -0.363836 0.568736 -0.363836 -0.568736 
1 1 0 6.43005 0.1 2.93619 -0.714102 -3.21204 -0.714102 -3.21204 -0.363833 0.568737 -0.363833 -0.568737 
1 1 0 6.43009 0.1 2.9362 -0.714104 -3.21204 -0.714104 -3.21204 -0.363828 0.568739 -0.363828 -0.568739 
1 1 0 6.43014 0.1 2.93621 -0.714106 -3.21204 -0.714106 -3.21204 -0.363822 0.56874 -0.363822 -0.56874 
1 1 0 6.43021 0.1 2.93623 -0.714109 -3.21205 -0.714109 -3.21205 -0.363811 0.568743 -0.363811 -0.568743 
1 1 0 6.43032 0.1 2.93626 -0.714114 -3.21206 -0.714114 -3.21206 -0.363796 0.568747 -0.363796 -0.568747 
1 1 0 6.43048 0.1 2.93631 -0.714122 -3.21208 -0.714122 -3.21208 -0.363772 0.568753 -0.363772 -0.568753 
1 1 0 6.43072 0.1 2.93638 -0.714133 -3.21211 -0.714133 -3.21211 -0.363737 0.568764 -0.363737 -0.568764 
1 1 0 6.43109 0.1 2.93649 -0.71415 -3.21215 -0.71415 -3.21215 -0.363684 0.568778 -0.363684 -0.568778 
1 1 0 6.43164 0.1 2.93665 -0.714176 -3.2122 -0.714176 -3.2122 -0.363605 0.568799 -0.363605 -0.568799 
1 1 0 6.43247 0.1 2.93689 -0.714214 -3.21229 -0.714214 -3.21229 -0.363485 0.568832 -0.363485 -0.568832 
1 1 0 6.4337 0.1 2.93726 -0.714271 -3.21242 -0.714271 -3.21242 -0.363303 0.568883 -0.363303 -0.568883 
1 1 0 6.43506 0.1 2.93766 -0.714334 -3.21257 -0.714334 -3.21257 -0.363102 0.56894 -0.363102 -0.56894 
1 1 0 6.43656 0.1 2.93812 -0.714403 -3.21272 -0.714403 -3.21272 -0.362877 0.569004 -0.362877 -0.569004 
1 1 0 6.43821 0.1 2.93863 -0.714479 -3.2129 -0.714479 -3.2129 -0.362628 0.569076 -0.362628 -0.569076 
1 1 0 6.44002 0.1 2.93919 -0.714562 -3.21309 -0.714562 -3.21309 -0.36235 0.569158 -0.36235 -0.569158 
1 1 0 6.44201 0.1 2.93983 -0.714654 -3.2133 -0.714654 -3.2133 -0.362039 0.56925 -0.362039 -0.56925 
1 1 0 6.4442 0.1 2.94054 -0.714755 -3.21353 -0.714755 -3.21353 -0.361693 0.569355 -0.361693 -0.569355 
1 1 0 6.44662 0.1 2.94134 -0.714867 -3.21378 -0.714867 -3.21378 -0.361306 0.569474 -0.361306 -0.569474 
1 1 0 6.44927 0.1 2.94223 -0.714989 -3.21405 -0.714989 -3.21405 -0.360872 0.569609 -0.360872 -0.569609 
1 1 0 6.45219 0.1 2.94324 -0.715123 -3.21435 -0.715123 -3.21435 -0.360385 0.569763 -0.360385 -0.569763 
1 1 0 6.4554 0.1 2.94438 -0.715271 -3.21468 -0.715271 -3.21468 -0.359839 0.569939 -0.359839 -0.569939 
1 1 0 6.45893 0.1 2.94567 -0.715434 -3.21504 -0.715434 -3.21504 -0.359224 0.570142 -0.359224 -0.570142 
1 1 0 6.46282 0.1 2.94712 -0.715613 -3.21544 -0.715613 -3.21544 -0.358532 0.570373 -0.358532 -0.570373 
1 1 0 6.46709 0.1 2.94877 -0.715809 -3.21587 -0.715809 -3.21587 -0.35775 0.57064 -0.35775 -0.57064 
1 1 0 6.47179 0.1 2.95065 -0.716025 -3.21634 -0.716025 -3.21634 -0.356866 0.570946 -0.356866 -0.570946 
1 1 0 6.47676 0.1 2.9527 -0.716253 -3.21683 -0.716253 -3.21683 -0.355904 0.571286 -0.355904 -0.571286 
1 1 0 6.48173 0.1 2.95482 -0.716482 -3.21732 -0.716482 -3.21732 -0.354914 0.571642 -0.354914 -0.571642 
1 1 0 6.4867 0.1 2.95702 -0.71671 -3.2178 -0.71671 -3.2178 -0.353895 0.572014 -0.353895 -0.572014 
1 1 0 6.49167 0.1 2.95928 -0.716938 -3.21828 -0.716938 -3.21828 -0.352848 0.572401 -0.352848 -0.572401 
1 1 0 6.49665 0.1 2.96162 -0.717165 -3.21876 -0.717165 -3.21876 -0.351773 0.572803 -0.351773 -0.572803 
1 1 0 6.50162 0.1 2.96403 -0.717393 -3.21923 -0.717393 -3.21923 -0.350669 0.573221 -0.350669 -0.573221 
1 1 0 6.50659 0.1 2.96651 -0.71762 -3.2197 -0.71762 -3.2197 -0.349536 0.573654 -0.349536 -0.573654 
1 1 0 6.51157 0.1 2.96907 -0.717848 -3.22016 -0.717848 -3.22016 -0.348375 0.574102 -0.348375 -0.574102 
1 1 0 6.51654 0.1 2.9717 -0.718075 -3.22062 -0.718075 -3.22062 -0.347185 0.574564 -0.347185 -0.574564 
1 1 0 6.52151 0.1 2.9744 -0.718302 -3.22107 -0.718302 -3.22107 -0.345966 0.575041 -0.345966 -0.575041 
1 1 0 6.52649 0.1 2.97718 -0.718529 -3.22152 -0.718529 -3.22152 -0.344719 0.575532 -0.344719 -0.575532 
1 1 0 6.53146 0.1 2.98003 -0.718756 -3.22197 -0.718756 -3.22197 -0.343443 0.576038 -0.343443 -0.576038 
1 1 0 6.53644 0.1 2.98296 -0.718983 -3.22241 -0.718983 -3.22241 -0.342138 0.576557 -0.342138 -0.576557 
1 1 0 6.54141 0.1 2.98596 -0.719209 -3.22285 -0.719209 -3.22285 -0.340804 0.577091 -0.340804 -0.577091 
1 1 0 6.54639 0.1 2.98904 -0.719436 -3.22328 -0.719436 -3.22328 -0.339441 0.577637 -0.339441 -0.577637 
1 1 0 6.55137 0.1 2.99219 -0.719662 -3.2237 -0.719662 -3.2237 -0.338049 0.578198 -0.338049 -0.578198 
1 1 0 6.55634 0.1 2.99542 -0.719889 -3.22413 -0.719889 -3.22413 -0.336628 0.578771 -0.336628 -0.578771 
1 1 0 6.56132 0.1 2.99873 -0.720115 -3.22454 -0.720115 -3.22454 -0.335177 0.579357 -0.335177 -0.579357 
1 1 0 6.5663 0.1 3.00211 -0.720341 -3.22496 -0.720341 -3.22496 -0.333698 0.579956 -0.333698 -0.579956 
1 1 0 6.57128 0.1 3.00558 -0.720566 -3.22537 -0.720566 -3.22537 -0.332189 0.580568 -0.332189 -0.580568 
1 1 0 6.57626 0.1 3.00912 -0.720792 -3.22577 -0.720792 -3.22577 -0.330651 0.581191 -0.330651 -0.581191 
1 1 0 6.58123 0.1 3.01274 -0.721018 -3.22617 -0.721018 -3.22617 -0.329083 0.581827 -0.329083 -0.581827 
1 1 0 6.58621 0.1 3.01644 -0.721243 -3.22656 -0.721243 -3.22656 -0.327486 0.582474 -0.327486 -0.582474 
1 1 0 6.59119 0.1 3.02022 -0.721469 -3.22695 -0.721469 -3.22695 -0.325859 0.583133 -0.325859 -0.583133 
1 1 0 6.59617 0.1 3.02407 -0.721694 -3.22733 -0.721694 -3.22733 -0.324203 0.583803 -0.324203 -0.583803 
1 1 0 6.60115 0.1 3.02802 -0.721919 -3.22771 -0.721919 -3.22771 -0.322516 0.584485 -0.322516 -0.584485 
1 1 0 6.60614 0.1 3.03204 -0.722144 -3.22809 -0.722144 -3.22809 -0.3208 0.585177 -0.3208 -0.585177 
1 1 0 6.61112 0.1 3.03614 -0.722369 -3.22846 -0.722369 -3.22846 -0.319054 0.58588 -0.319054 -0.58588 
1 1 0 6.6161 0.1 3.04033 -0.722593 -3.22882 -0.722593 -3.22882 -0.317278 0.586593 -0.317278 -0.586593 
1 1 0 6.62108 0.1 3.0446 -0.722818 -3.22918 -0.722818 -3.22918 -0.315472 0.587316 -0.315472 -0.587316 
1 1 0 6.62606 0.1 3.04896 -0.723042 -3.22953 -0.723042 -3.22953 -0.313636 0.588049 -0.313636 -0.588049 
1 1 0 6.63105 0.1 3.0534 -0.723267 -3.22988 -0.723267 -3.22988 -0.311769 0.588791 -0.311769 -0.588791 
1 1 0 6.63603 0.1 3.05792 -0.723491 -3.23023 -0.723491 -3.23023 -0.309872 0.589543 -0.309872 -0.589543 
1 1 0 6.64101 0.1 3.06253 -0.723715 -3.23056 -0.723715 -3.23056 -0.307944 0.590304 -0.307944 -0.590304 
1 1 0 6.646 0.1 3.06723 -0.723939 -3.2309 -0.723939 -3.2309 -0.305986 0.591073 -0.305986 -0.591073 
1 1 0 6.65098 0.1 3.07202 -0.724163 -3.23122 -0.724163 -3.23122 -0.303997 0.591852 -0.303997 -0.591852 
1 1 0 6.65597 0.1 3.0769 -0.724386 -3.23155 -0.724386 -3.23155 -0.301977 0.592637 -0.301977 -0.592637 
1 1 0 6.66095 0.1 3.08186 -0.72461 -3.23186 -0.72461 -3.23186 -0.299927 0.593431 -0.299927 -0.593431 
1 1 0 6.66594 0.1 3.08692 -0.724833 -3.23217 -0.724833 -3.23217 -0.297845 0.594231 -0.297845 -0.594231 
1 1 0 6.67092 0.1 3.09206 -0.725057 -3.23248 -0.725057 -3.23248 -0.295732 0.59504 -0.295732 -0.59504 
1 1 0 6.67591 0.1 3.0973 -0.72528 -3.23278 -0.72528 -3.23278 -0.293588 0.595855 -0.293588 -0.595855 
1 1 0 6.68089 0.1 3.10263 -0.725503 -3.23307 -0.725503 -3.23307 -0.291412 0.596677 -0.291412 -0.596677 
1 1 0 6.68588 0.1 3.10806 -0.725726 -3.23336 -0.725726 -3.23336 -0.289205 0.597506 -0.289205 -0.597506 
1 1 0 6.69087 0.1 3.11358 -0.725949 -3.23364 -0.725949 -3.23364 -0.286966 0.59834 -0.286966 -0.59834 
1 1 0 6.69585 0.1 3.1192 -0.726171 -3.23392 -0.726171 -3.23392 -0.284696 0.59918 -0.284696 -0.59918 
1 1 0 6.70084 0.1 3.12491 -0.726394 -3.23419 -0.726394 -3.23419 -0.282393 0.600025 -0.282393 -0.600025 
1 1 0 6.70583 0.1 3.13072 -0.726617 -3.23446 -0.726617 -3.23446 -0.280058 0.600876 -0.280058 -0.600876 
1 1 0 6.71082 0.1 3.13663 -0.726839 -3.23472 -0.726839 -3.23472 -0.277692 0.601731 -0.277692 -0.601731 
1 1 0 6.71581 0.1 3.14264 -0.727061 -3.23497 -0.727061 -3.23497 -0.275293 0.60259 -0.275293 -0.60259 
1 1 0 6.7208 0.1 3.14876 -0.727283 -3.23522 -0.727283 -3.23522 -0.272861 0.603453 -0.272861 -0.603453 
1 1 0 6.72579 0.1 3.15497 -0.727505 -3.23546 -0.727505 -3.23546 -0.270397 0.604321 -0.270397 -0.604321 
1 1 0 6.73078 0.1 3.16129 -0.727727 -3.23569 -0.727727 -3.23569 -0.2679 0.605191 -0.2679 -0.605191 
1 1 0 6.73576 0.1 3.16772 -0.727949 -3.23592 -0.727949 -3.23592 -0.26537 0.606065 -0.26537 -0.606065 
1 1 0 6.74076 0.1 3.17425 -0.72817 -3.23614 -0.72817 -3.23614 -0.262807 0.606941 -0.262807 -0.606941 
1 1 0 6.74575 0.1 3.18089 -0.728392 -3.23636 -0.728392 -3.23636 -0.26021 0.60782 -0.26021 -0.60782 
1 1 0 6.75074 0.1 3.18764 -0.728613 -3.23657 -0.728613 -3.23657 -0.25758 0.6087 -0.25758 -0.6087 
1 1 0 6.75573 0.1 3.1945 -0.728834 -3.23677 -0.728834 -3.23677 -0.254917 0.609582 -0.254917 -0.609582 
1 1 0 6.76072 0.1 3.20147 -0.729056 -3.23696 -0.729056 -3.23696 -0.252219 0.610465 -0.252219 -0.610465 
1 1 0 6.76571 0.1 3.20855 -0.729277 -3.23715 -0.729277 -3.23715 -0.249488 0.611349 -0.249488 -0.611349 
1 1 0 6.7707 0.1 3.21575 -0.729498 -3.23734 -0.729498 -3.23734 -0.246723 0.612233 -0.246723 -0.612233 
1 1 0 6.77569 0.1 3.22307 -0.729718 -3.23751 -0.729718 -3.23751 -0.243923 0.613117 -0.243923 -0.613117 
1 1 0 6.78069 0.1 3.23051 -0.729939 -3.23768 -0.729939 -3.23768 -0.241088 0.614002 -0.241088 -0.614002 
1 1 0 6.78568 0.1 3.23807 -0.73016 -3.23784 -0.73016 -3.23784 -0.238219 0.614885 -0.238219 -0.614885 
1 1 0 6.79067 0.1 3.24575 -0.73038 -3.238 -0.73038 -3.238 -0.235314 0.615767 -0.235314 -0.615767 
1 1 0 6.79566 0.1 3.25355 -0.7306 -3.23815 -0.7306 -3.23815 -0.232375 0.616647 -0.232375 -0.616647 
1 1 0 6.80066 0.1 3.26149 -0.730821 -3.23829 -0.730821 -3.23829 -0.2294 0.617526 -0.2294 -0.617526 
1 1 0 6.80565 0.1 3.26955 -0.731041 -3.23842 -0.731041 -3.23842 -0.226389 0.618403 -0.226389 -0.618403 
1 1 0 6.81064 0.1 3.27774 -0.731261 -3.23854 -0.731261 -3.23854 -0.223342 0.619275 -0.223342 -0.619275 
1 1 0 6.81564 0.1 3.28606 -0.731481 -3.23866 -0.731481 -3.23866 -0.220259 0.620146 -0.220259 -0.620146 
1 1 0 6.82063 0.1 3.29452 -0.7317 -3.23877 -0.7317 -3.23877 -0.21714 0.621013 -0.21714 -0.621013 
1 1 0 6.82563 0.1 3.30311 -0.73192 -3.23888 -0.73192 -3.23888 -0.213985 0.621875 -0.213985 -0.621875 
1 1 0 6.83062 0.1 3.31185 -0.732139 -3.23897 -0.732139 -3.23897 -0.210792 0.622733 -0.210792 -0.622733 
1 1 0 6.83561 0.1 3.32072 -0.732359 -3.23906 -0.732359 -3.23906 -0.207562 0.623586 -0.207562 -0.623586 
1 1 0 6.84061 0.1 3.32974 -0.732578 -3.23914 -0.732578 -3.23914 -0.204295 0.624432 -0.204295 -0.624432 
1 1 0 6.8456 0.1 3.33891 -0.732797 -3.23921 -0.732797 -3.23921 -0.20099 0.625274 -0.20099 -0.625274 
1 1 0 6.8506 0.1 3.34823 -0.733017 -3.23928 -0.733017 -3.23928 -0.197647 0.626108 -0.197647 -0.626108 
1 1 0 6.85559 0.1 3.35769 -0.733236 -3.23933 -0.733236 -3.23933 -0.194266 0.626936 -0.194266 -0.626936 
1 1 0 6.86059 0.1 3.36732 -0.733454 -3.23938 -0.733454 -3.23938 -0.190846 0.627756 -0.190846 -0.627756 
1 1 0 6.86558 0.1 3.3771 -0.733673 -3.23942 -0.733673 -3.23942 -0.187388 0.628568 -0.187388 -0.628568 
1 1 0 6.87058 0.1 3.38705 -0.733892 -3.23945 -0.733892 -3.23945 -0.18389 0.629372 -0.18389 -0.629372 
1 1 0 6.87557 0.1 3.39715 -0.73411 -3.23947 -0.73411 -3.23947 -0.180353 0.630167 -0.180353 -0.630167 
1 1 0 6.88057 0.1 3.40743 -0.734329 -3.23948 -0.734329 -3.23948 -0.176776 0.630952 -0.176776 -0.630952 
1 1 0 6.88556 0.1 3.41788 -0.734547 -3.23949 -0.734547 -3.23949 -0.173158 0.631728 -0.173158 -0.631728 
1 1 0 6.89056 0.1 3.4285 -0.734765 -3.23948 -0.734765 -3.23948 -0.169501 0.632492 -0.169501 -0.632492 
1 1 0 6.89556 0.1 3.4393 -0.734984 -3.23947 -0.734984 -3.23947 -0.165802 0.633245 -0.165802 -0.633245 
1 1 0 6.90055 0.1 3.45029 -0.735202 -3.23944 -0.735202 -3.23944 -0.162062 0.633986 -0.162062 -0.633986 
1 1 0 6.90555 0.1 3.46146 -0.73542 -3.23941 -0.73542 -3.23941 -0.15828 0.634716 -0.15828 -0.634716 
1 1 0 6.91054 0.1 3.47282 -0.735637 -3.23937 -0.735637 -3.23937 -0.154457 0.635432 -0.154457 -0.635432 
1 1 0 6.91554 0.1 3.48438 -0.735855 -3.23932 -0.735855 -3.23932 -0.150591 0.636134 -0.150591 -0.636134 
1 1 0 6.92053 0.1 3.49613 -0.736073 -3.23925 -0.736073 -3.23925 -0.146682 0.636822 -0.146682 -0.636822 
1 1 0 6.92553 0.1 3.50809 -0.73629 -3.23918 -0.73629 -3.23918 -0.14273 0.637496 -0.14273 -0.637496 
1 1 0 6.93052 0.1 3.52026 -0.736508 -3.2391 -0.736508 -3.2391 -0.138734 0.638153 -0.138734 -0.638153 
1 1 0 6.93551 0.1 3.53264 -0.736725 -3.23901 -0.736725 -3.23901 -0.134694 0.638795 -0.134694 -0.638795 
1 1 0 6.94051 0.1 3.54524 -0.736942 -3.23891 -0.736942 -3.23891 -0.13061 0.639419 -0.13061 -0.639419 
1 1 0 6.9455 0.1 3.55807 -0.73716 -3.23879 -0.73716 -3.23879 -0.12648 0.640026 -0.12648 -0.640026 
1 1 0 6.9505 0.1 3.57112 -0.737377 -3.23867 -0.737377 -3.23867 -0.122305 0.640614 -0.122305 -0.640614 
1 1 0 6.95549 0.1 3.58441 -0.737594 -3.23854 -0.737594 -3.23854 -0.118083 0.641184 -0.118083 -0.641184 
1 1 0 6.96048 0.1 3.59794 -0.73781 -3.23839 -0.73781 -3.23839 -0.113816 0.641734 -0.113816 -0.641734 
1 1 0 6.96548 0.1 3.61172 -0.738027 -3.23823 -0.738027 -3.23823 -0.1095 0.642262 -0.1095 -0.642262 
1 1 0 6.97047 0.1 3.62576 -0.738244 -3.23807 -0.738244 -3.23807 -0.105138 0.64277 -0.105138 -0.64277 
1 1 0 6.97546 0.1 3.64005 -0.738461 -3.23789 -0.738461 -3.23789 -0.100727 0.643255 -0.100727 -0.643255 
1 1 0 6.98045 0.1 3.65462 -0.738677 -3.2377 -0.738677 -3.2377 -0.0962671 0.643717 -0.0962671 -0.643717 
1 1 0 6.98544 0.1 3.66946 -0.738893 -3.23749 -0.738893 -3.23749 -0.0917579 0.644155 -0.0917579 -0.644155 
1 1 0 6.99043 0.1 3.68459 -0.73911 -3.23728 -0.73911 -3.23728 -0.0871987 0.644567 -0.0871987 -0.644567 
1 1 0 6.99542 0.1 3.7 -0.739326 -3.23705 -0.739326 -3.23705 -0.0825886 0.644955 -0.0825886 -0.644955 
1 1 0 7.00041 0.1 3.71572 -0.739542 -3.23681 -0.739542 -3.23681 -0.0779274 0.645315 -0.0779274 -0.645315 
1 1 0 7.0054 0.1 3.73175 -0.739758 -3.23655 -0.739758 -3.23655 -0.073214 0.645648 -0.073214 -0.645648 
1 1 0 7.01039 0.1 3.7481 -0.739974 -3.23629 -0.739974 -3.23629 -0.0684478 0.645951 -0.0684478 -0.645951 
1 1 0 7.01538 0.1 3.76477 -0.74019 -3.23601 -0.74019 -3.23601 -0.063628 0.646225 -0.063628 -0.646225 
1 1 0 7.02036 0.1 3.78179 -0.740406 -3.23571 -0.740406 -3.23571 -0.0587542 0.646468 -0.0587542 -0.646468 
1 1 0 7.02535 0.1 3.79915 -0.740622 -3.23541 -0.740622 -3.23541 -0.0538253 0.646678 -0.0538253 -0.646678 
1 1 0 7.03034 0.1 3.81688 -0.740838 -3.23509 -0.740838 -3.23509 -0.0488405 0.646856 -0.0488405 -0.646856 
1 1 0 7.03532 0.1 3.83498 -0.741053 -3.23475 -0.741053 -3.23475 -0.0437989 0.646999 -0.0437989 -0.646999 
1 1 0 7.0403 0.1 3.85346 -0.741269 -3.2344 -0.741269 -3.2344 -0.0387 0.647107 -0.0387 -0.647107 
1 1 0 7.04528 0.1 3.87235 -0.741484 -3.23403 -0.741484 -3.23403 -0.0335423 0.647177 -0.0335423 -0.647177 
1 1 0 7.05027 0.1 3.89164 -0.7417 -3.23365 -0.7417 -3.23365 -0.0283255 0.647209 -0.0283255 -0.647209 
1 1 0 7.05525 0.1 3.91136 -0.741915 -3.23326 -0.741915 -3.23326 -0.0230484 0.647201 -0.0230484 -0.647201 
1 1 0 7.06022 0.1 3.93152 -0.74213 -3.23285 -0.74213 -3.23285 -0.0177096 0.647152 -0.0177096 -0.647152 
1 1 0 7.0652 0.1 3.95215 -0.742346 -3.23242 -0.742346 -3.23242 -0.0123086 0.647061 -0.0123086 -0.647061 
1 1 0 7.07018 0.1 3.97324 -0.742561 -3.23197 -0.742561 -3.23197 -0.00684419 0.646925 -0.00684419 -0.646925 
1 1 0 7.07515 0.1 3.99483 -0.742776 -3.23151 -0.742776 -3.23151 -0.00131511 0.646744 -0.00131511 -0.646744 
1 1 0 7.08012 0.1 4.01693 -0.742991 -3.23103 -0.742991 -3.23103 0.00427987 0.646515 0.00427987 -0.646515 
1 1 0 7.08509 0.1 4.03956 -0.743206 -3.23054 -0.743206 -3.23054 0.00994142 0.646236 0.00994142 -0.646236 
1 1 0 7.09006 0.1 4.06274 -0.743421 -3.23002 -0.743421 -3.23002 0.0156713 0.645906 0.0156713 -0.645906 
1 1 0 7.09503 0.1 4.0865 -0.743636 -3.22949 -0.743636 -3.22949 0.0214708 0.645523 0.0214708 -0.645523 
1 1 0 7.09999 0.1 4.11085 -0.74385 -3.22894 -0.74385 -3.22894 0.0273411 0.645085 0.0273411 -0.645085 
1 1 0 7.10496 0.1 4.13583 -0.744065 -3.22837 -0.744065 -3.22837 0.033284 0.64459 0.033284 -0.64459 
1 1 0 7.10992 0.1 4.16146 -0.74428 -3.22777 -0.74428 -3.22777 0.0393005 0.644035 0.0393005 -0.644035 
1 1 0 7.11487 0.1 4.18777 -0.744494 -3.22716 -0.744494 -3.22716 0.0453921 0.643419 0.0453921 -0.643419 
1 1 0 7.11983 0.1 4.21479 -0.744709 -3.22653 -0.744709 -3.22653 0.0515609 0.642738 0.0515609 -0.642738 
1 1 0 7.12478 0.1 4.24255 -0.744923 -3.22588 -0.744923 -3.22588 0.057808 0.64199 0.057808 -0.64199 
1 1 0 7.12973 0.1 4.27108 -0.745138 -3.2252 -0.745138 -3.2252 0.0641357 0.641173 0.0641357 -0.641173 
1 1 0 7.13468 0.1 4.30043 -0.745352 -3.2245 -0.745352 -3.2245 0.0705455 0.640283 0.0705455 -0.640283 
1 1 0 7.13962 0.1 4.33063 -0.745567 -3.22378 -0.745567 -3.22378 0.0770394 0.639319 0.0770394 -0.639319 
1 1 0 7.14456 0.1 4.36172 -0.745781 -3.22304 -0.745781 -3.22304 0.0836194 0.638275 0.0836194 -0.638275 
1 1 0 7.1495 0.1 4.39375 -0.745995 -3.22227 -0.745995 -3.22227 0.0902876 0.63715 0.0902876 -0.63715 
1 1 0 7.15443 0.1 4.42677 -0.74621 -3.22147 -0.74621 -3.22147 0.0970463 0.635939 0.0970463 -0.635939 
1 1 0 7.15936 0.1 4.46083 -0.746424 -3.22065 -0.746424 -3.22065 0.103898 0.63464 0.103898 -0.63464 
1 1 0 7.16428 0.1 4.49598 -0.746638 -3.2198 -0.746638 -3.2198 0.110844 0.633248 0.110844 -0.633248 
1 1 0 7.1692 0.1 4.53229 -0.746852 -3.21893 -0.746852 -3.21893 0.117888 0.631757 0.117888 -0.631757 
1 1 0 7.17411 0.1 4.56983 -0.747066 -3.21803 -0.747066 -3.21803 0.125033 0.630165 0.125033 -0.630165 
1 1 0 7.17902 0.1 4.60866 -0.74728 -3.21709 -0.74728 -3.21709 0.13228 0.628467 0.13228 -0.628467 
1 1 0 7.18392 0.1 4.64886 -0.747495 -3.21613 -0.747495 -3.21613 0.139634 0.626657 0.139634 -0.626657 
1 1 0 7.18881 0.1 4.69052 -0.747709 -3.21514 -0.747709 -3.21514 0.147097 0.624729 0.147097 -0.624729 
1 1 0 7.1937 0.1 4.73372 -0.747923 -3.21411 -0.747923 -3.21411 0.154673 0.62268 0.154673 -0.62268 
1 1 0 7.19859 0.1 4.77857 -0.748136 -3.21305 -0.748136 -3.21305 0.162365 0.6205 0.162365 -0.6205 
1 1 0 7.20346 0.1 4.82518 -0.74835 -3.21196 -0.74835 -3.21196 0.170176 0.618185 0.170176 -0.618185 
1 1 0 7.20833 0.1 4.87366 -0.748564 -3.21083 -0.748564 -3.21083 0.178111 0.615727 0.178111 -0.615727 
1 1 0 7.21318 0.1 4.92415 -0.748778 -3.20966 -0.748778 -3.20966 0.186174 0.613118 0.186174 -0.613118 
1 1 0 7.21803 0.1 4.9768 -0.748992 -3.20846 -0.748992 -3.20846 0.194369 0.61035 0.194369 -0.61035 
1 1 0 7.22287 0.1 5.03176 -0.749206 -3.20721 -0.749206 -3.20721 0.202701 0.607414 0.202701 -0.607414 
1 1 0 7.2277 0.1 5.08921 -0.749419 -3.20592 -0.749419 -3.20592 0.211174 0.6043 0.211174 -0.6043 
1 1 0 7.23251 0.1 5.14935 -0.749633 -3.20459 -0.749633 -3.20459 0.219795 0.600997 0.219795 -0.600997 
1 1 0 7.23731 0.1 5.21241 -0.749847 -3.20322 -0.749847 -3.20322 0.228568 0.597495 0.228568 -0.597495 
1 1 0 7.2421 0.1 5.27862 -0.75006 -3.2018 -0.75006 -3.2018 0.237499 0.593779 0.237499 -0.593779 
1 1 0 7.24688 0.1 5.34827 -0.750274 -3.20033 -0.750274 -3.20033 0.246596 0.589836 0.246596 -0.589836 
1 1 0 7.25163 0.1 5.42167 -0.750487 -3.1988 -0.750487 -3.1988 0.255863 0.585653 0.255863 -0.585653 
1 1 0 7.25637 0.1 5.49918 -0.7507 -3.19723 -0.7507 -3.19723 0.26531 0.58121 0.26531 -0.58121 
1 1 0 7.2611 0.1 5.5812 -0.750914 -3.1956 -0.750914 -3.1956 0.274944 0.576491 0.274944 -0.576491 
1 1 0 7.2658 0.1 5.66819 -0.751127 -3.19391 -0.751127 -3.19391 0.284773 0.571475 0.284773 -0.571475 
1 1 0 7.27047 0.1 5.76068 -0.75134 -3.19215 -0.75134 -3.19215 0.294805 0.566138 0.294805 -0.566138 
1 1 0 7.27513 0.1 5.85929 -0.751552 -3.19034 -0.751552 -3.19034 0.305052 0.560456 0.305052 -0.560456 
1 1 0 7.27975 0.1 5.96472 -0.751765 -3.18845 -0.751765 -3.18845 0.315522 0.554402 0.315522 -0.554402 
1 1 0 7.28435 0.1 6.07781 -0.751977 -3.18649 -0.751977 -3.18649 0.326227 0.547942 0.326227 -0.547942 
1 1 0 7.28891 0.1 6.19955 -0.752189 -3.18446 -0.752189 -3.18446 0.337178 0.541042 0.337178 -0.541042 
1 1 0 7.29344 0.1 6.33108 -0.752401 -3.18234 -0.752401 -3.18234 0.348389 0.533661 0.348389 -0.533661 
1 1 0 7.29792 0.1 6.47381 -0.752612 -3.18015 -0.752612 -3.18015 0.359874 0.525753 0.359874 -0.525753 
1 1 0 7.30236 0.1 6.62941 -0.752823 -3.17786 -0.752823 -3.17786 0.371645 0.517265 0.371645 -0.517265 
1 1 0 7.30675 0.1 6.79993 -0.753033 -3.17547 -0.753033 -3.17547 0.383721 0.508138 0.383721 -0.508138 
1 1 0 7.31109 0.1 6.9879 -0.753242 -3.17299 -0.753242 -3.17299 0.396116 0.4983 0.396116 -0.4983 
1 1 0 7.31536 0.1 7.19647 -0.753451 -3.1704 -0.753451 -3.1704 0.408849 0.487671 0.408849 -0.487671 
1 1 0 7.31956 0.1 7.42963 -0.753659 -3.16769 -0.753659 -3.16769 0.421938 0.476154 0.421938 -0.476154 
1 1 0 7.32367 0.1 7.69254 -0.753865 -3.16486 -0.753865 -3.16486 0.435403 0.463634 0.435403 -0.463634 
1 1 0 7.3277 0.1 7.99192 -0.75407 -3.1619 -0.75407 -3.1619 0.449263 0.449977 0.449263 -0.449977 
1 1 0 7.33162 0.1 8.33682 -0.754273 -3.15881 -0.754273 -3.15881 0.463537 0.435016 0.463537 -0.435016 
1 1 0 7.33543 0.1 8.73966 -0.754474 -3.15557 -0.754474 -3.15557 0.478246 0.418548 0.478246 -0.418548 
1 1 0 7.3391 0.1 9.21805 -0.754672 -3.15218 -0.754672 -3.15218 0.493407 0.400321 0.493407 -0.400321 
1 1 0 7.34261 0.1 9.79795 -0.754867 -3.14863 -0.754867 -3.14863 0.509033 0.380008 0.509033 -0.380008 
1 1 0 7.34595 0.1 10.5195 -0.755058 -3.14491 -0.755058 -3.14491 0.525135 0.35718 0.525135 -0.35718 
1 1 0 7.34908 0.1 11.4486 -0.755245 -3.14102 -0.755245 -3.14102 0.541715 0.331247 0.541715 -0.331247 
1 1 0 7.35199 0.1 12.7036 -0.755426 -3.13695 -0.755426 -3.13695 0.558765 0.301347 0.558765 -0.301347 
1 1 0 7.35463 0.1 14.524 -0.755601 -3.13271 -0.755601 -3.13271 0.576263 0.266106 0.576263 -0.266106 
1 1 0 7.35698 0.1 17.4993 -0.755767 -3.1283 -0.755767 -3.1283 0.594171 0.223006 0.594171 -0.223006 
1 1 0 7.35901 0.1 23.7211 -0.755925 -3.12374 -0.755925 -3.12374 0.612431 0.166123 0.612431 -0.166123 
1 1 0 7.36069 0.1 59.5265 -0.756072 -3.11903 -0.756072 -3.11903 0.630965 0.0668485 0.630965 -0.0668485 
1 1 0 7.36199 0.1 59.5265 -0.756208 -3.1142 -0.756208 -3.1142 0.789515 0 0.509838 0 
1 1 0 7.3629 0.1 59.5265 -0.756332 -3.10929 -0.756332 -3.10929 0.879037 0 0.45787 0 
1 1 0 7.3634 0.1 59.5265 -0.756442 -3.10431 -0.756442 -3.10431 0.951278 0 0.42308 0 
1 1 0 7.36351 0.1 59.5265 -0.756516 -3.10054 -0.756516 -3.10054 1 0 0.402469 0 
2 1 0 7.36332 0.1 59.5265 -0.756602 -3.09554 -0.756602 -3.09554 1.05921 0 0.379992 0 
2 1 0 7.36275 0.1 59.5265 -0.756674 -3.09057 -0.756674 -3.09057 1.11388 0 0.361378 0 
2 1 0 7.36182 0.1 59.5265 -0.756733 -3.08566 -0.756733 -3.08566 1.1649 0 0.345603 0 
2 1 0 7.36057 0.1 59.5265 -0.756779 -3.08082 -0.756779 -3.08082 1.21282 0 0.332012 0 
2 1 0 7.35902 0.1 59.5265 -0.756813 -3.07607 -0.756813 -3.07607 1.25804 0 0.320156 0 
2 1 0 7.35719 0.1 59.5265 -0.756836 -3.07141 -0.756836 -3.07141 1.30084 0 0.309707 0 
2 1 0 7.35513 0.1 59.5265 -0.756849 -3.06686 -0.756849 -3.06686 1.34147 0 0.300418 0 
2 1 0 7.35284 0.1 59.5265 -0.756853 -3.06241 -0.756853 -3.06241 1.38014 0 0.292098 0 
2 1 0 7.35036 0.1 59.5265 -0.756848 -3.05807 -0.756848 -3.05807 1.41703 0 0.284598 0 
2 1 0 7.34771 0.1 59.5265 -0.756835 -3.05383 -0.756835 -3.05383 1.45229 0 0.277794 0 
2 1 0 7.34489 0.1 59.5265 -0.756816 -3.0497 -0.756816 -3.0497 1.48606 0 0.271591 0 
2 1 0 7.34194 0.1 59.5265 -0.75679 -3.04567 -0.75679 -3.04567 1.51848 0 0.265907 0 
2 1 0 7.33886 0.1 59.5265 -0.756758 -3.04173 -0.756758 -3.04173 1.54964 0 0.260675 0 
2 1 0 7.33566 0.1 59.5265 -0.75672 -3.03788 -0.75672 -3.03788 1.57964 0 0.25584 0 
2 1 0 7.33236 0.1 59.5265 -0.756678 -3.03413 -0.756678 -3.03413 1.60859 0 0.251355 0 
2 1 0 7.32896 0.1 59.5265 -0.756631 -3.03046 -0.756631 -3.03046 1.63654 0 0.24718 0 
2 1 0 7.32548 0.1 59.5265 -0.75658 -3.02687 -0.75658 -3.02687 1.66359 0 0.243282 0 
2 1 0 7.32192 0.1 59.5265 -0.756524 -3.02336 -0.756524 -3.02336 1.68978 0 0.239631 0 
2 1 0 7.31829 0.1 59.5265 -0.756466 -3.01992 -0.756466 -3.01992 1.71518 0 0.236204 0 
2 1 0 7.3146 0.1 59.5265 -0.756403 -3.01655 -0.756403 -3.01655 1.73984 0 0.232978 0 
2 1 0 7.31084 0.1 59.5265 -0.756338 -3.01326 -0.756338 -3.01326 1.76381 0 0.229933 0 
2 1 0 7.30702 0.1 59.5265 -0.75627 -3.01003 -0.75627 -3.01003 1.78713 0 0.227055 0 
2 1 0 7.30316 0.1 59.5265 -0.756199 -3.00686 -0.756199 -3.00686 1.80984 0 0.224328 0 
2 1 0 7.29924 0.1 59.5265 -0.756125 -3.00375 -0.756125 -3.00375 1.83197 0 0.22174 0 
2 1 0 7.29528 0.1 59.5265 -0.756049 -3.00069 -0.756049 -3.00069 1.85356 0 0.219278 0 
2 1 0 7.29128 0.1 59.5265 -0.755971 -2.9977 -0.755971 -2.9977 1.87464 0 0.216935 0 
2 1 0 7.28724 0.1 59.5265 -0.75589 -2.99475 -0.75589 -2.99475 1.89523 0 0.214699 0 
2 1 0 7.28316 0.1 59.5265 -0.755808 -2.99186 -0.755808 -2.99186 1.91536 0 0.212563 0 
2 1 0 7.27905 0.1 59.5265 -0.755723 -2.98902 -0.755723 -2.98902 1.93506 0 0.210521 0 
2 1 0 7.27491 0.1 59.5265 -0.755636 -2.98622 -0.755636 -2.98622 1.95434 0 0.208565 0 
2 1 0 7.27073 0.1 59.5265 -0.755548 -2.98347 -0.755548 -2.98347 1.97322 0 0.206689 0 
2 1 0 7.26653 0.1 59.5265 -0.755458 -2.98077 -0.755458 -2.98077 1.99173 0 0.204888 0 
2 1 0 7.2623 0.1 59.5265 -0.755367 -2.9781 -0.755367 -2.9781 2.00988 0 0.203158 0 
2 1 0 7.25804 0.1 59.5265 -0.755274 -2.97548 -0.755274 -2.97548 2.02768 0 0.201494 0 
2 1 0 7.25376 0.1 59.5265 -0.755179 -2.9729 -0.755179 -2.9729 2.04515 0 0.199891 0 
2 1 0 7.24945 0.1 59.5265 -0.755083 -2.97036 -0.755083 -2.97036 2.06231 0 0.198347 0 
2 1 0 7.24513 0.1 59.5265 -0.754986 -2.96785 -0.754986 -2.96785 2.07916 0 0.196857 0 
2 1 0 7.24078 0.1 59.5265 -0.754887 -2.96539 -0.754887 -2.96539 2.09573 0 0.19542 0 
2 1 0 7.23641 0.1 59.5265 -0.754787 -2.96295 -0.754787 -2.96295 2.11201 0 0.19403 0 
2 1 0 7.23203 0.1 59.5265 -0.754686 -2.96056 -0.754686 -2.96056 2.12802 0 0.192688 0 
2 1 0 7.22762 0.1 59.5265 -0.754583 -2.95819 -0.754583 -2.95819 2.14378 0 0.191388 0 
2 1 0 7.2232 0.1 59.5265 -0.75448 -2.95586 -0.75448 -2.95586 2.15928 0 0.19013 0 
2 1 0 7.21876 0.1 59.5265 -0.754375 -2.95356 -0.754375 -2.95356 2.17454 0 0.188912 0 
2 1 0 7.21431 0.1 59.5265 -0.754269 -2.95129 -0.754269 -2.95129 2.18957 0 0.187731 0 
2 1 0 7.20984 0.1 59.5265 -0.754162 -2.94905 -0.754162 -2.94905 2.20438 0 0.186586 0 
2 1 0 7.20536 0.1 59.5265 -0.754055 -2.94684 -0.754055 -2.94684 2.21896 0 0.185474 0 
2 1 0 7.20086 0.1 59.5265 -0.753946 -2.94466 -0.753946 -2.94466 2.23334 0 0.184395 0 
2 1 0 7.19635 0.1 59.5265 -0.753836 -2.94251 -0.753836 -2.94251 2.24751 0 0.183346 0 
2 1 0 7.19182 0.1 59.5265 -0.753725 -2.94038 -0.753725 -2.94038 2.26148 0 0.182327 0 
2 1 0 7.18728 0.1 59.5265 -0.753613 -2.93828 -0.753613 -2.93828 2.27526 0 0.181337 0 
2 1 0 7.18274 0.1 59.5265 -0.753501 -2.93621 -0.753501 -2.93621 2.28885 0 0.180373 0 
2 1 0 7.17817 0.1 59.5265 -0.753387 -2.93417 -0.753387 -2.93417 2.30226 0 0.179435 0 
2 1 0 7.1736 0.1 59.5265 -0.753273 -2.93214 -0.753273 -2.93214 2.3155 0 0.178521 0 
2 1 0 7.16902 0.1 59.5265 -0.753158 -2.93015 -0.753158 -2.93015 2.32856 0 0.177632 0 
2 1 0 7.16443 0.1 59.5265 -0.753042 -2.92817 -0.753042 -2.92817 2.34146 0 0.176765 0 
2 1 0 7.15983 0.1 59.5265 -0.752925 -2.92622 -0.752925 -2.92622 2.35419 0 0.17592 0 
2 1 0 7.15521 0.1 59.5265 -0.752807 -2.9243 -0.752807 -2.9243 2.36677 0 0.175097 0 
2 1 0 7.15059 0.1 59.5265 -0.752689 -2.92239 -0.752689 -2.92239 2.37919 0 0.174293 0 
2 1 0 7.14596 0.1 59.5265 -0.75257 -2.92051 -0.75257 -2.92051 2.39146 0 0.173509 0 
2 1 0 7.14132 0.1 59.5265 -0.75245 -2.91865 -0.75245 -2.91865 2.40358 0 0.172744 0 
2 1 0 7.13667 0.1 59.5265 -0.752329 -2.91681 -0.752329 -2.91681 2.41556 0 0.171997 0 
2 1 0 7.13202 0.1 59.5265 -0.752208 -2.915 -0.752208 -2.915 2.4274 0 0.171267 0 
2 1 0 7.12735 0.1 59.5265 -0.752085 -2.9132 -0.752085 -2.9132 2.43911 0 0.170555 0 
2 1 0 7.12268 0.1 59.5265 -0.751963 -2.91142 -0.751963 -2.91142 2.45067 0 0.169858 0 
2 1 0 7.118 0.1 59.5265 -0.751839 -2.90967 -0.751839 -2.90967 2.46211 0 0.169177 0 
2 1 0 7.11331 0.1 59.5265 -0.751715 -2.90793 -0.751715 -2.90793 2.47342 0 0.168512 0 
2 1 0 7.10862 0.1 59.5265 -0.75159 -2.90621 -0.75159 -2.90621 2.48461 0 0.167861 0 
2 1 0 7.10392 0.1 59.5265 -0.751464 -2.90451 -0.751464 -2.90451 2.49567 0 0.167225 0 
2 1 0 7.09921 0.1 59.5265 -0.751338 -2.90283 -0.751338 -2.90283 2.50661 0 0.166602 0 
2 1 0 7.0945 0.1 59.5265 -0.751211 -2.90117 -0.751211 -2.90117 2.51743 0 0.165993 0 
2 1 0 7.08978 0.1 59.5265 -0.751083 -2.89953 -0.751083 -2.89953 2.52814 0 0.165396 0 
2 1 0 7.08505 0.1 59.5265 -0.750955 -2.8979 -0.750955 -2.8979 2.53873 0 0.164813 0 
2 1 0 7.08032 0.1 59.5265 -0.750826 -2.89629 -0.750826 -2.89629 2.54921 0 0.164241 0 
2 1 0 7.07558 0.1 59.5265 -0.750697 -2.8947 -0.750697 -2.8947 2.55958 0 0.163681 0 
2 1 0 7.07084 0.1 59.5265 -0.750567 -2.89313 -0.750567 -2.89313 2.56985 0 0.163133 0 
2 1 0 7.06609 0.1 59.5265 -0.750436 -2.89157 -0.750436 -2.89157 2.58001 0 0.162596 0 
2 1 0 7.06133 0.1 59.5265 -0.750304 -2.89003 -0.750304 -2.89003 2.59006 0 0.16207 0 
2 1 0 7.05657 0.1 59.5265 -0.750173 -2.8885 -0.750173 -2.8885 2.60002 0 0.161554 0 
2 1 0 7.05181 0.1 59.5265 -0.75004 -2.88699 -0.75004 -2.88699 2.60987 0 0.161049 0 
2 1 0 7.04704 0.1 59.5265 -0.749907 -2.8855 -0.749907 -2.8855 2.61962 0 0.160554 0 
2 1 0 7.04226 0.1 59.5265 -0.749773 -2.88402 -0.749773 -2.88402 2.62928 0 0.160068 0 
2 1 0 7.03748 0.1 59.5265 -0.749639 -2.88256 -0.749639 -2.88256 2.63884 0 0.159592 0 
2 1 0 7.0327 0.1 59.5265 -0.749504 -2.88112 -0.749504 -2.88112 2.6483 0 0.159125 0 
2 1 0 7.02791 0.1 59.5265 -0.749368 -2.87968 -0.749368 -2.87968 2.65768 0 0.158667 0 
2 1 0 7.02311 0.1 59.5265 -0.749232 -2.87827 -0.749232 -2.87827 2.66696 0 0.158218 0 
2 1 0 7.01832 0.1 59.5265 -0.749095 -2.87687 -0.749095 -2.87687 2.67615 0 0.157777 0 
2 1 0 7.01352 0.1 59.5265 -0.748958 -2.87548 -0.748958 -2.87548 2.68526 0 0.157345 0 
2 1 0 7.00871 0.1 59.5265 -0.74882 -2.8741 -0.74882 -2.8741 2.69427 0 0.156921 0 
2 1 0 7.0039 0.1 59.5265 -0.748682 -2.87275 -0.748682 -2.87275 2.7032 0 0.156504 0 
2 1 0 6.99909 0.1 59.5265 -0.748543 -2.8714 -0.748543 -2.8714 2.71205 0 0.156096 0 
2 1 0 6.99427 0.1 59.5265 -0.748404 -2.87007 -0.748404 -2.87007 2.7208 0 0.155695 0 
2 1 0 6.98945 0.1 59.5265 -0.748264 -2.86875 -0.748264 -2.86875 2.72948 0 0.155302 0 
2 1 0 6.98462 0.1 59.5265 -0.748123 -2.86745 -0.748123 -2.86745 2.73808 0 0.154916 0 
2 1 0 6.9798 0.1 59.5265 -0.747982 -2.86615 -0.747982 -2.86615 2.74659 0 0.154537 0 
2 1 0 6.97496 0.1 59.5265 -0.74784 -2.86488 -0.74784 -2.86488 2.75502 0 0.154164 0 
2 1 0 6.97013 0.1 59.5265 -0.747698 -2.86361 -0.747698 -2.86361 2.76338 0 0.153799 0 
2 1 0 6.96529 0.1 59.5265 -0.747555 -2.86236 -0.747555 -2.86236 2.77165 0 0.15344 0 
2 1 0 6.96045 0.1 59.5265 -0.747412 -2.86112 -0.747412 -2.86112 2.77985 0 0.153088 0 
2 1 0 6.9556 0.1 59.5265 -0.747268 -2.85989 -0.747268 -2.85989 2.78798 0 0.152742 0 
2 1 0 6.95075 0.1 59.5265 -0.747124 -2.85868 -0.747124 -2.85868 2.79602 0 0.152402 0 
2 1 0 6.9459 0.1 59.5265 -0.746979 -2.85748 -0.746979 -2.85748 2.804 0 0.152069 0 
2 1 0 6.94105 0.1 59.5265 -0.746833 -2.85629 -0.746833 -2.85629 2.81189 0 0.151741 0 
2 1 0 6.93619 0.1 59.5265 -0.746687 -2.85511 -0.746687 -2.85511 2.81972 0 0.151419 0 
2 1 0 6.93133 0.1 59.5265 -0.746541 -2.85394 -0.746541 -2.85394 2.82747 0 0.151103 0 
2 1 0 6.92647 0.1 59.5265 -0.746394 -2.85279 -0.746394 -2.85279 2.83515 0 0.150793 0 
2 1 0 6.9216 0.1 59.5265 -0.746246 -2.85165 -0.746246 -2.85165 2.84276 0 0.150488 0 
2 1 0 6.91674 0.1 59.5265 -0.746098 -2.85051 -0.746098 -2.85051 2.8503 0 0.150188 0 
2 1 0 6.91187 0.1 59.5265 -0.745949 -2.8494 -0.745949 -2.8494 2.85777 0 0.149894 0 
2 1 0 6.90699 0.1 59.5265 -0.7458 -2.84829 -0.7458 -2.84829 2.86517 0 0.149605 0 
2 1 0 6.90212 0.1 59.5265 -0.74565 -2.84719 -0.74565 -2.84719 2.87251 0 0.149322 0 
2 1 0 6.89724 0.1 59.5265 -0.7455 -2.8461 -0.7455 -2.8461 2.87977 0 0.149043 0 
2 1 0 6.89236 0.1 59.5265 -0.745349 -2.84503 -0.745349 -2.84503 2.88697 0 0.148769 0 
2 1 0 6.88747 0.1 59.5265 -0.745198 -2.84397 -0.745198 -2.84397 2.8941 0 0.1485 0 
2 1 0 6.88259 0.1 59.5265 -0.745046 -2.84291 -0.745046 -2.84291 2.90116 0 0.148236 0 
2 1 0 6.8777 0.1 59.5265 -0.744894 -2.84187 -0.744894 -2.84187 2.90816 0 0.147977 0 
2 1 0 6.87281 0.1 59.5265 -0.744741 -2.84084 -0.744741 -2.84084 2.9151 0 0.147722 0 
2 1 0 6.86792 0.1 59.5265 -0.744588 -2.83982 -0.744588 -2.83982 2.92197 0 0.147472 0 
2 1 0 6.86302 0.1 59.5265 -0.744434 -2.83881 -0.744434 -2.83881 2.92877 0 0.147226 0 
2 1 0 6.85813 0.1 59.5265 -0.74428 -2.83781 -0.74428 -2.83781 2.93551 0 0.146984 0 
2 1 0 6.85323 0.1 59.5265 -0.744125 -2.83682 -0.744125 -2.83682 2.94219 0 0.146747 0 
2 1 0 6.84833 0.1 59.5265 -0.74397 -2.83584 -0.74397 -2.83584 2.94881 0 0.146514 0 
2 1 0 6.84343 0.1 59.5265 -0.743814 -2.83487 -0.743814 -2.83487 2.95536 0 0.146286 0 
2 1 0 6.83852 0.1 59.5265 -0.743657 -2.83391 -0.743657 -2.83391 2.96186 0 0.146061 0 
2 1 0 6.83361 0.1 59.5265 -0.7435 -2.83296 -0.7435 -2.83296 2.96829 0 0.145841 0 
2 1 0 6.82871 0.1 59.5265 -0.743343 -2.83202 -0.743343 -2.83202 2.97465 0 0.145625 0 
2 1 0 6.8238 0.1 59.5265 -0.743185 -2.83109 -0.743185 -2.83109 2.98096 0 0.145412 0 
2 1 0 6.81888 0.1 59.5265 -0.743027 -2.83017 -0.743027 -2.83017 2.98721 0 0.145204 0 
2 1 0 6.81397 0.1 59.5265 -0.742868 -2.82926 -0.742868 -2.82926 2.9934 0 0.144999 0 
2 1 0 6.80905 0.1 59.5265 -0.742708 -2.82835 -0.742708 -2.82835 2.99953 0 0.144798 0 
2 1 0 6.80414 0.1 59.5265 -0.742548 -2.82746 -0.742548 -2.82746 3.0056 0 0.144601 0 
2 1 0 6.79922 0.1 59.5265 -0.742388 -2.82658 -0.742388 -2.82658 3.01161 0 0.144407 0 
2 1 0 6.7943 0.1 59.5265 -0.742227 -2.82571 -0.742227 -2.82571 3.01756 0 0.144217 0 
2 1 0 6.78938 0.1 59.5265 -0.742065 -2.82484 -0.742065 -2.82484 3.02346 0 0.144031 0 
2 1 0 6.78445 0.1 59.5265 -0.741903 -2.82399 -0.741903 -2.82399 3.0293 0 0.143848 0 
2 1 0 6.77953 0.1 59.5265 -0.74174 -2.82314 -0.74174 -2.82314 3.03507 0 0.143669 0 
2 1 0 6.7746 0.1 59.5265 -0.741577 -2.8223 -0.741577 -2.8223 3.0408 0 0.143493 0 
2 1 0 6.76967 0.1 59.5265 -0.741414 -2.82147 -0.741414 -2.82147 3.04646 0 0.143321 0 
2 1 0 6.76474 0.1 59.5265 -0.74125 -2.82066 -0.74125 -2.82066 3.05207 0 0.143152 0 
2 1 0 6.75981 0.1 59.5265 -0.741085 -2.81984 -0.741085 -2.81984 3.05762 0 0.142986 0 
2 1 0 6.75488 0.1 59.5265 -0.74092 -2.81904 -0.74092 -2.81904 3.06312 0 0.142824 0 
2 1 0 6.74995 0.1 59.5265 -0.740754 -2.81825 -0.740754 -2.81825 3.06856 0 0.142665 0 
2 1 0 6.74501 0.1 59.5265 -0.740588 -2.81746 -0.740588 -2.81746 3.07394 0 0.142509 0 
2 1 0 6.74007 0.1 59.5265 -0.740422 -2.81669 -0.740422 -2.81669 3.07927 0 0.142356 0 
2 1 0 6.73514 0.1 59.5265 -0.740255 -2.81592 -0.740255 -2.81592 3.08454 0 0.142206 0 
2 1 0 6.7302 0.1 59.5265 -0.740087 -2.81516 -0.740087 -2.81516 3.08976 0 0.14206 0 
2 1 0 6.72526 0.1 59.5265 -0.739919 -2.81441 -0.739919 -2.81441 3.09492 0 0.141916 0 
2 1 0 6.72031 0.1 59.5265 -0.73975 -2.81367 -0.73975 -2.81367 3.10003 0 0.141776 0 
2 1 0 6.71537 0.1 59.5265 -0.739581 -2.81293 -0.739581 -2.81293 3.10508 0 0.141638 0 
2 1 0 6.71043 0.1 59.5265 -0.739411 -2.81221 -0.739411 -2.81221 3.11008 0 0.141504 0 
2 1 0 6.70548 0.1 59.5265 -0.739241 -2.81149 -0.739241 -2.81149 3.11503 0 0.141372 0 
2 1 0 6.70054 0.1 59.5265 -0.73907 -2.81078 -0.73907 -2.81078 3.11992 0 0.141243 0 
2 1 0 6.69559 0.1 59.5265 -0.738899 -2.81008 -0.738899 -2.81008 3.12476 0 0.141118 0 
2 1 0 6.69064 0.1 59.5265 -0.738727 -2.80938 -0.738727 -2.80938 3.12955 0 0.140995 0 
2 1 0 6.68569 0.1 59.5265 -0.738555 -2.8087 -0.738555 -2.8087 3.13428 0 0.140875 0 
2 1 0 6.68074 0.1 59.5265 -0.738382 -2.80802 -0.738382 -2.80802 3.13896 0 0.140757 0 
2 1 0 6.67579 0.1 59.5265 -0.738209 -2.80735 -0.738209 -2.80735 3.14358 0 0.140643 0 
2 1 0 6.67083 0.1 59.5265 -0.738035 -2.80669 -0.738035 -2.80669 3.14815 0 0.140531 0 
2 1 0 6.66588 0.1 59.5265 -0.737861 -2.80603 -0.737861 -2.80603 3.15267 0 0.140422 0 
2 1 0 6.66093 0.1 59.5265 -0.737686 -2.80538 -0.737686 -2.80538 3.15714 0 0.140316 0 
2 1 0 6.65597 0.1 59.5265 -0.737511 -2.80474 -0.737511 -2.80474 3.16156 0 0.140212 0 
2 1 0 6.65101 0.1 59.5265 -0.737335 -2.80411 -0.737335 -2.80411 3.16592 0 0.140111 0 
2 1 0 6.64606 0.1 59.5265 -0.737158 -2.80349 -0.737158 -2.80349 3.17023 0 0.140013 0 
2 1 0 6.6411 0.1 59.5265 -0.736982 -2.80287 -0.736982 -2.80287 3.17449 0 0.139917 0 
2 1 0 6.63614 0.1 59.5265 -0.736804 -2.80226 -0.736804 -2.80226 3.17869 0 0.139824 0 
2 1 0 6.63118 0.1 59.5265 -0.736626 -2.80165 -0.736626 -2.80165 3.18285 0 0.139733 0 
2 1 0 6.62622 0.1 59.5265 -0.736448 -2.80106 -0.736448 -2.80106 3.18695 0 0.139645 0 
2 1 0 6.62125 0.1 59.5265 -0.736269 -2.80047 -0.736269 -2.80047 3.191 0 0.13956 0 
2 1 0 6.61629 0.1 59.5265 -0.736089 -2.79989 -0.736089 -2.79989 3.195 0 0.139477 0 
2 1 0 6.61133 0.1 59.5265 -0.735909 -2.79932 -0.735909 -2.79932 3.19895 0 0.139396 0 
2 1 0 6.60636 0.1 59.5265 -0.735729 -2.79875 -0.735729 -2.79875 3.20285 0 0.139318 0 
2 1 0 6.6014 0.1 59.5265 -0.735548 -2.79819 -0.735548 -2.79819 3.2067 0 0.139243 0 
2 1 0 6.59643 0.1 59.5265 -0.735366 -2.79764 -0.735366 -2.79764 3.21049 0 0.13917 0 
2 1 0 6.59146 0.1 59.5265 -0.735184 -2.79709 -0.735184 -2.79709 3.21423 0 0.139099 0 
2 1 0 6.5865 0.1 59.5265 -0.735002 -2.79655 -0.735002 -2.79655 3.21793 0 0.139031 0 
2 1 0 6.58153 0.1 59.5265 -0.734819 -2.79602 -0.734819 -2.79602 3.22157 0 0.138965 0 
2 1 0 6.57656 0.1 59.5265 -0.734635 -2.7955 -0.734635 -2.7955 3.22516 0 0.138901 0 
2 1 0 6.57159 0.1 59.5265 -0.734451 -2.79498 -0.734451 -2.79498 3.2287 0 0.13884 0 
2 1 0 6.56662 0.1 59.5265 -0.734266 -2.79447 -0.734266 -2.79447 3.23219 0 0.138781 0 
2 1 0 6.56165 0.1 59.5265 -0.734081 -2.79397 -0.734081 -2.79397 3.23563 0 0.138725 0 
2 1 0 6.55668 0.1 59.5265 -0.733895 -2.79347 -0.733895 -2.79347 3.23902 0 0.138671 0 
2 1 0 6.5517 0.1 59.5265 -0.733709 -2.79298 -0.733709 -2.79298 3.24236 0 0.138619 0 
2 1 0 6.54673 0.1 59.5265 -0.733522 -2.79249 -0.733522 -2.79249 3.24564 0 0.13857 0 
2 1 0 6.54176 0.1 59.5265 -0.733335 -2.79202 -0.733335 -2.79202 3.24888 0 0.138523 0 
2 1 0 6.53678 0.1 59.5265 -0.733147 -2.79154 -0.733147 -2.79154 3.25207 0 0.138478 0 
2 1 0 6.53181 0.1 59.5265 -0.732959 -2.79108 -0.732959 -2.79108 3.2552 0 0.138435 0 
2 1 0 6.52683 0.1 59.5265 -0.73277 -2.79062 -0.73277 -2.79062 3.25829 0 0.138395 0 
2 1 0 6.52186 0.1 59.5265 -0.732581 -2.79017 -0.732581 -2.79017 3.26132 0 0.138357 0 
2 1 0 6.51688 0.1 59.5265 -0.732391 -2.78973 -0.732391 -2.78973 3.26431 0 0.138321 0 
2 1 0 6.5119 0.1 59.5265 -0.7322 -2.78929 -0.7322 -2.78929 3.26724 0 0.138288 0 
2 1 0 6.50693 0.1 59.5265 -0.732009 -2.78885 -0.732009 -2.78885 3.27013 0 0.138257 0 
2 1 0 6.50195 0.1 59.5265 -0.731818 -2.78843 -0.731818 -2.78843 3.27296 0 0.138227 0 
2 1 0 6.49697 0.1 59.5265 -0.731626 -2.78801 -0.731626 -2.78801 3.27575 0 0.138201 0 
2 1 0 6.49199 0.1 59.5265 -0.731433 -2.7876 -0.731433 -2.7876 3.27848 0 0.138176 0 
2 1 0 6.48701 0.1 59.5265 -0.73124 -2.78719 -0.73124 -2.78719 3.28117 0 0.138153 0 
2 1 0 6.48203 0.1 59.5265 -0.731046 -2.78679 -0.731046 -2.78679 3.2838 0 0.138133 0 
2 1 0 6.47705 0.1 59.5265 -0.730852 -2.78639 -0.730852 -2.78639 3.28638 0 0.138115 0 
2 1 0 6.47207 0.1 59.5265 -0.730658 -2.78601 -0.730658 -2.78601 3.28892 0 0.138099 0 
2 1 0 6.46709 0.1 59.5265 -0.730462 -2.78562 -0.730462 -2.78562 3.2914 0 0.138086 0 
2 1 0 6.46211 0.1 59.5265 -0.730267 -2.78525 -0.730267 -2.78525 3.29383 0 0.138074 0 
2 1 0 6.45712 0.1 59.5265 -0.73007 -2.78488 -0.73007 -2.78488 3.29622 0 0.138064 0 
2 1 0 6.45214 0.1 59.5265 -0.729874 -2.78451 -0.729874 -2.78451 3.29855 0 0.138057 0 
2 1 0 6.44716 0.1 59.5265 -0.729676 -2.78415 -0.729676 -2.78415 3.30084 0 0.138052 0 
2 1 0 6.44217 0.1 59.5265 -0.729478 -2.7838 -0.729478 -2.7838 3.30307 0 0.138049 0 
2 1 0 6.43719 0.1 59.5265 -0.72928 -2.78346 -0.72928 -2.78346 3.30525 0 0.138048 0 
2 1 0 6.4322 0.1 59.5265 -0.729081 -2.78312 -0.729081 -2.78312 3.30738 0 0.13805 0 
2 1 0 6.42722 0.1 59.5265 -0.728881 -2.78278 -0.728881 -2.78278 3.30947 0 0.138053 0 
2 1 0 6.42223 0.1 59.5265 -0.728681 -2.78245 -0.728681 -2.78245 3.3115 0 0.138059 0 
2 1 0 6.41725 0.1 59.5265 -0.728481 -2.78213 -0.728481 -2.78213 3.31348 0 0.138066 0 
2 1 0 6.41226 0.1 59.5265 -0.72828 -2.78181 -0.72828 -2.78181 3.31541 0 0.138076 0 
2 1 0 6.40728 0.1 59.5265 -0.728078 -2.7815 -0.728078 -2.7815 3.3173 0 0.138088 0 
2 1 0 6.40229 0.1 59.5265 -0.727876 -2.7812 -0.727876 -2.7812 3.31913 0 0.138102 0 
2 1 0 6.3973 0.1 59.5265 -0.727673 -2.7809 -0.727673 -2.7809 3.32091 0 0.138118 0 
2 1 0 6.39232 0.1 59.5265 -0.72747 -2.78061 -0.72747 -2.78061 3.32264 0 0.138137 0 
2 1 0 6.38733 0.1 59.5265 -0.727266 -2.78032 -0.727266 -2.78032 3.32432 0 0.138157 0 
2 1 0 6.38234 0.1 59.5265 -0.727061 -2.78003 -0.727061 -2.78003 3.32595 0 0.13818 0 
2 1 0 6.37735 0.1 59.5265 -0.726857 -2.77976 -0.726857 -2.77976 3.32753 0 0.138204 0 
2 1 0 6.37236 0.1 59.5265 -0.726651 -2.77949 -0.726651 -2.77949 3.32906 0 0.138231 0 
2 1 0 6.36738 0.1 59.5265 -0.726445 -2.77922 -0.726445 -2.77922 3.33054 0 0.13826 0 
2 1 0 6.36239 0.1 59.5265 -0.726238 -2.77896 -0.726238 -2.77896 3.33197 0 0.138291 0 
2 1 0 6.3574 0.1 59.5265 -0.726031 -2.77871 -0.726031 -2.77871 3.33334 0 0.138324 0 
2 1 0 6.35241 0.1 59.5265 -0.725824 -2.77846 -0.725824 -2.77846 3.33467 0 0.138359 0 
2 1 0 6.34742 0.1 59.5265 -0.725615 -2.77822 -0.725615 -2.77822 3.33595 0 0.138397 0 
2 1 0 6.34243 0.1 59.5265 -0.725407 -2.77798 -0.725407 -2.77798 3.33717 0 0.138436 0 
2 1 0 6.33744 0.1 59.5265 -0.725197 -2.77775 -0.725197 -2.77775 3.33835 0 0.138478 0 
2 1 0 6.33245 0.1 59.5265 -0.724988 -2.77752 -0.724988 -2.77752 3.33947 0 0.138521 0 
2 1 0 6.32746 0.1 59.5265 -0.724777 -2.7773 -0.724777 -2.7773 3.34054 0 0.138567 0 
2 1 0 6.32247 0.1 59.5265 -0.724566 -2.77708 -0.724566 -2.77708 3.34156 0 0.138615 0 
2 1 0 6.31747 0.1 59.5265 -0.724355 -2.77687 -0.724355 -2.77687 3.34253 0 0.138666 0 
2 1 0 6.31248 0.1 59.5265 -0.724143 -2.77667 -0.724143 -2.77667 3.34345 0 0.138718 0 
2 1 0 6.30749 0.1 59.5265 -0.72393 -2.77647 -0.72393 -2.77647 3.34432 0 0.138772 0 
2 1 0 6.3025 0.1 59.5265 -0.723717 -2.77627 -0.723717 -2.77627 3.34514 0 0.138829 0 
2 1 0 6.29751 0.1 59.5265 -0.723503 -2.77608 -0.723503 -2.77608 3.3459 0 0.138887 0 
2 1 0 6.29252 0.1 59.5265 -0.723289 -2.7759 -0.723289 -2.7759 3.34662 0 0.138948 0 
2 1 0 6.28752 0.1 59.5265 -0.723074 -2.77572 -0.723074 -2.77572 3.34728 0 0.139011 0 
2 1 0 6.28253 0.1 59.5265 -0.722858 -2.77555 -0.722858 -2.77555 3.34789 0 0.139076 0 
2 1 0 6.27754 0.1 59.5265 -0.722642 -2.77538 -0.722642 -2.77538 3.34845 0 0.139143 0 
2 1 0 6.27255 0.1 59.5265 -0.722426 -2.77521 -0.722426 -2.77521 3.34896 0 0.139213 0 
2 1 0 6.26755 0.1 59.5265 -0.722209 -2.77506 -0.722209 -2.77506 3.34942 0 0.139284 0 
2 1 0 6.26256 0.1 59.5265 -0.721991 -2.7749 -0.721991 -2.7749 3.34982 0 0.139358 0 
2 1 0 6.25757 0.1 59.5265 -0.721773 -2.77476 -0.721773 -2.77476 3.35017 0 0.139434 0 
2 1 0 6.25257 0.1 59.5265 -0.721554 -2.77461 -0.721554 -2.77461 3.35047 0 0.139513 0 
2 1 0 6.24758 0.1 59.5265 -0.721335 -2.77448 -0.721335 -2.77448 3.35072 0 0.139593 0 
2 1 0 6.24259 0.1 59.5265 -0.721115 -2.77435 -0.721115 -2.77435 3.35092 0 0.139675 0 
2 1 0 6.23759 0.1 59.5265 -0.720894 -2.77422 -0.720894 -2.77422 3.35106 0 0.13976 0 
2 1 0 6.2326 0.1 59.5265 -0.720673 -2.7741 -0.720673 -2.7741 3.35115 0 0.139847 0 
2 1 0 6.22761 0.1 59.5265 -0.720452 -2.77398 -0.720452 -2.77398 3.35119 0 0.139936 0 
2 1 0 6.22261 0.1 59.5265 -0.720229 -2.77387 -0.720229 -2.77387 3.35118 0 0.140028 0 
2 1 0 6.21762 0.1 59.5265 -0.720007 -2.77376 -0.720007 -2.77376 3.35111 0 0.140122 0 
2 1 0 6.21263 0.1 59.5265 -0.719783 -2.77366 -0.719783 -2.77366 3.35099 0 0.140218 0 
2 1 0 6.20763 0.1 59.5265 -0.719559 -2.77357 -0.719559 -2.77357 3.35082 0 0.140316 0 
2 1 0 6.20264 0.1 59.5265 -0.719335 -2.77347 -0.719335 -2.77347 3.35059 0 0.140416 0 
2 1 0 6.19764 0.1 59.5265 -0.71911 -2.77339 -0.71911 -2.77339 3.35031 0 0.140519 0 
2 1 0 6.19265 0.1 59.5265 -0.718884 -2.77331 -0.718884 -2.77331 3.34998 0 0.140624 0 
2 1 0 6.18765 0.1 59.5265 -0.718658 -2.77323 -0.718658 -2.77323 3.3496 0 0.140732 0 
2 1 0 6.18266 0.1 59.5265 -0.718431 -2.77316 -0.718431 -2.77316 3.34916 0 0.140842 0 
2 1 0 6.17767 0.1 59.5265 -0.718204 -2.77309 -0.718204 -2.77309 3.34867 0 0.140954 0 
2 1 0 6.17267 0.1 59.5265 -0.717976 -2.77303 -0.717976 -2.77303 3.34812 0 0.141068 0 
2 1 0 6.16768 0.1 59.5265 -0.717748 -2.77297 -0.717748 -2.77297 3.34752 0 0.141185 0 
2 1 0 6.16268 0.1 59.5265 -0.717519 -2.77292 -0.717519 -2.77292 3.34687 0 0.141304 0 
2 1 0 6.15769 0.1 59.5265 -0.717289 -2.77288 -0.717289 -2.77288 3.34616 0 0.141425 0 
2 1 0 6.15269 0.1 59.5265 -0.717059 -2.77283 -0.717059 -2.77283 3.3454 0 0.141549 0 
2 1 0 6.1477 0.1 59.5265 -0.716828 -2.7728 -0.716828 -2.7728 3.34458 0 0.141675 0 
2 1 0 6.1427 0.1 59.5265 -0.716596 -2.77277 -0.716596 -2.77277 3.34371 0 0.141804 0 
2 1 0 6.13771 0.1 59.5265 -0.716364 -2.77274 -0.716364 -2.77274 3.34278 0 0.141935 0 
2 1 0 6.13272 0.1 59.5265 -0.716132 -2.77272 -0.716132 -2.77272 3.3418 0 0.142068 0 
2 1 0 6.12772 0.1 59.5265 -0.715899 -2.7727 -0.715899 -2.7727 3.34077 0 0.142204 0 
2 1 0 6.12273 0.1 59.5265 -0.715665 -2.77269 -0.715665 -2.77269 3.33968 0 0.142343 0 
2 1 0 6.11773 0.1 59.5265 -0.715431 -2.77268 -0.715431 -2.77268 3.33853 0 0.142484 0 
2 1 0 6.11274 0.1 59.5265 -0.715196 -2.77268 -0.715196 -2.77268 3.33733 0 0.142627 0 
2 1 0 6.10774 0.1 59.5265 -0.71496 -2.77268 -0.71496 -2.77268 3.33607 0 0.142773 0 
2 1 0 6.10275 0.1 59.5265 -0.714724 -2.77268 -0.714724 -2.77268 3.33476 0 0.142922 0 
2 1 0 6.09775 0.1 59.5265 -0.714487 -2.7727 -0.714487 -2.7727 3.3334 0 0.143073 0 
2 1 0 6.09276 0.1 59.5265 -0.71425 -2.77271 -0.71425 -2.77271 3.33197 0 0.143226 0 
2 1 0 6.08777 0.1 59.5265 -0.714012 -2.77273 -0.714012 -2.77273 3.33049 0 0.143382 0 
2 1 0 6.08277 0.1 59.5265 -0.713774 -2.77276 -0.713774 -2.77276 3.32896 0 0.143541 0 
2 1 0 6.07778 0.1 59.5265 -0.713535 -2.77279 -0.713535 -2.77279 3.32736 0 0.143702 0 
2 1 0 6.07278 0.1 59.5265 -0.713295 -2.77283 -0.713295 -2.77283 3.32571 0 0.143866 0 
2 1 0 6.06779 0.1 59.5265 -0.713055 -2.77287 -0.713055 -2.77287 3.32401 0 0.144033 0 
2 1 0 6.06279 0.1 59.5265 -0.712814 -2.77291 -0.712814 -2.77291 3.32225 0 0.144203 0 
2 1 0 6.0578 0.1 59.5265 -0.712572 -2.77296 -0.712572 -2.77296 3.32043 0 0.144375 0 
2 1 0 6.05281 0.1 59.5265 -0.71233 -2.77302 -0.71233 -2.77302 3.31855 0 0.144549 0 
2 1 0 6.04781 0.1 59.5265 -0.712088 -2.77308 -0.712088 -2.77308 3.31662 0 0.144727 0 
2 1 0 6.04282 0.1 59.5265 -0.711844 -2.77314 -0.711844 -2.77314 3.31462 0 0.144907 0 
2 1 0 6.03783 0.1 59.5265 -0.7116 -2.77321 -0.7116 -2.77321 3.31257 0 0.14509 0 
2 1 0 6.03283 0.1 59.5265 -0.711356 -2.77328 -0.711356 -2.77328 3.31047 0 0.145276 0 
2 1 0 6.02784 0.1 59.5265 -0.711111 -2.77336 -0.711111 -2.77336 3.3083 0 0.145465 0 
2 1 0 6.02285 0.1 59.5265 -0.710865 -2.77344 -0.710865 -2.77344 3.30608 0 0.145657 0 
2 1 0 6.01785 0.1 59.5265 -0.710619 -2.77353 -0.710619 -2.77353 3.30379 0 0.145851 0 
2 1 0 6.01286 0.1 59.5265 -0.710372 -2.77362 -0.710372 -2.77362 3.30145 0 0.146048 0 
2 1 0 6.00787 0.1 59.5265 -0.710124 -2.77372 -0.710124 -2.77372 3.29905 0 0.146249 0 
2 1 0 6.00287 0.1 59.5265 -0.709876 -2.77382 -0.709876 -2.77382 3.29659 0 0.146452 0 
2 1 0 5.99788 0.1 59.5265 -0.709628 -2.77393 -0.709628 -2.77393 3.29407 0 0.146658 0 
2 1 0 5.99289 0.1 59.5265 -0.709378 -2.77404 -0.709378 -2.77404 3.29149 0 0.146868 0 
2 1 0 5.9879 0.1 59.5265 -0.709128 -2.77416 -0.709128 -2.77416 3.28885 0 0.14708 0 
2 1 0 5.9829 0.1 59.5265 -0.708878 -2.77428 -0.708878 -2.77428 3.28615 0 0.147295 0 
2 1 0 5.97791 0.1 59.5265 -0.708626 -2.77441 -0.708626 -2.77441 3.28339 0 0.147514 0 
2 1 0 5.97292 0.1 59.5265 -0.708374 -2.77454 -0.708374 -2.77454 3.28057 0 0.147735 0 
2 1 0 5.96793 0.1 59.5265 -0.708122 -2.77467 -0.708122 -2.77467 3.27769 0 0.14796 0 
2 1 0 5.96294 0.1 59.5265 -0.707869 -2.77481 -0.707869 -2.77481 3.27475 0 0.148188 0 
2 1 0 5.95795 0.1 59.5265 -0.707615 -2.77496 -0.707615 -2.77496 3.27175 0 0.148419 0 
2 1 0 5.95295 0.1 59.5265 -0.707361 -2.77511 -0.707361 -2.77511 3.26868 0 0.148654 0 
2 1 0 5.94796 0.1 59.5265 -0.707106 -2.77526 -0.707106 -2.77526 3.26556 0 0.148892 0 
2 1 0 5.94297 0.1 59.5265 -0.70685 -2.77542 -0.70685 -2.77542 3.26237 0 0.149133 0 
2 1 0 5.93798 0.1 59.5265 -0.706594 -2.77559 -0.706594 -2.77559 3.25912 0 0.149377 0 
2 1 0 5.93299 0.1 59.5265 -0.706337 -2.77576 -0.706337 -2.77576 3.25581 0 0.149625 0 
2 1 0 5.928 0.1 59.5265 -0.70608 -2.77593 -0.70608 -2.77593 3.25243 0 0.149876 0 
2 1 0 5.92301 0.1 59.5265 -0.705822 -2.77611 -0.705822 -2.77611 3.24899 0 0.150131 0 
2 1 0 5.91802 0.1 59.5265 -0.705563 -2.77629 -0.705563 -2.77629 3.24549 0 0.15039 0 
2 1 0 5.91303 0.1 59.5265 -0.705303 -2.77648 -0.705303 -2.77648 3.24192 0 0.150651 0 
2 1 0 5.90804 0.1 59.5265 -0.705043 -2.77667 -0.705043 -2.77667 3.23829 0 0.150917 0 
2 1 0 5.90305 0.1 59.5265 -0.704783 -2.77687 -0.704783 -2.77687 3.2346 0 0.151186 0 
2 1 0 5.89806 0.1 59.5265 -0.704521 -2.77707 -0.704521 -2.77707 3.23084 0 0.151459 0 
2 1 0 5.89307 0.1 59.5265 -0.704259 -2.77728 -0.704259 -2.77728 3.22702 0 0.151735 0 
2 1 0 5.88809 0.1 59.5265 -0.703997 -2.77749 -0.703997 -2.77749 3.22313 0 0.152015 0 
2 1 0 5.8831 0.1 59.5265 -0.703733 -2.77771 -0.703733 -2.77771 3.21918 0 0.152299 0 
2 1 0 5.87811 0.1 59.5265 -0.70347 -2.77793 -0.70347 -2.77793 3.21516 0 0.152587 0 
2 1 0 5.87312 0.1 59.5265 -0.703205 -2.77816 -0.703205 -2.77816 3.21107 0 0.152879 0 
2 1 0 5.86813 0.1 59.5265 -0.70294 -2.77839 -0.70294 -2.77839 3.20692 0 0.153175 0 
2 1 0 5.86315 0.1 59.5265 -0.702674 -2.77863 -0.702674 -2.77863 3.2027 0 0.153474 0 
2 1 0 5.85816 0.1 59.5265 -0.702407 -2.77887 -0.702407 -2.77887 3.19842 0 0.153778 0 
2 1 0 5.85317 0.1 59.5265 -0.70214 -2.77912 -0.70214 -2.77912 3.19406 0 0.154086 0 
2 1 0 5.84819 0.1 59.5265 -0.701872 -2.77937 -0.701872 -2.77937 3.18964 0 0.154398 0 
2 1 0 5.8432 0.1 59.5265 -0.701604 -2.77963 -0.701604 -2.77963 3.18516 0 0.154714 0 
2 1 0 5.83821 0.1 59.5265 -0.701335 -2.77989 -0.701335 -2.77989 3.1806 0 0.155035 0 
2 1 0 5.83323 0.1 59.5265 -0.701065 -2.78015 -0.701065 -2.78015 3.17597 0 0.15536 0 
2 1 0 5.82824 0.1 59.5265 -0.700794 -2.78043 -0.700794 -2.78043 3.17128 0 0.155689 0 
2 1 0 5.82326 0.1 59.5265 -0.700523 -2.7807 -0.700523 -2.7807 3.16651 0 0.156023 0 
2 1 0 5.81827 0.1 59.5265 -0.700251 -2.78099 -0.700251 -2.78099 3.16168 0 0.156361 0 
2 1 0 5.81329 0.1 59.5265 -0.699979 -2.78127 -0.699979 -2.78127 3.15677 0 0.156704 0 
2 1 0 5.80831 0.1 59.5265 -0.699706 -2.78156 -0.699706 -2.78156 3.15179 0 0.157051 0 
2 1 0 5.80332 0.1 59.5265 -0.699432 -2.78186 -0.699432 -2.78186 3.14675 0 0.157403 0 
2 1 0 5.79834 0.1 59.5265 -0.699157 -2.78216 -0.699157 -2.78216 3.14163 0 0.15776 0 
2 1 0 5.79336 0.1 59.5265 -0.698882 -2.78247 -0.698882 -2.78247 3.13643 0 0.158122 0 
2 1 0 5.78837 0.1 59.5265 -0.698606 -2.78278 -0.698606 -2.78278 3.13117 0 0.158489 0 
2 1 0 5.78339 0.1 59.5265 -0.698329 -2.7831 -0.698329 -2.7831 3.12583 0 0.15886 0 
2 1 0 5.77841 0.1 59.5265 -0.698052 -2.78343 -0.698052 -2.78343 3.12042 0 0.159237 0 
2 1 0 5.77343 0.1 59.5265 -0.697774 -2.78375 -0.697774 -2.78375 3.11493 0 0.159619 0 
2 1 0 5.76845 0.1 59.5265 -0.697495 -2.78409 -0.697495 -2.78409 3.10937 0 0.160006 0 
2 1 0 5.76347 0.1 59.5265 -0.697216 -2.78443 -0.697216 -2.78443 3.10374 0 0.160398 0 
2 1 0 5.75849 0.1 59.5265 -0.696936 -2.78477 -0.696936 -2.78477 3.09803 0 0.160796 0 
2 1 0 5.75351 0.1 59.5265 -0.696655 -2.78512 -0.696655 -2.78512 3.09224 0 0.161199 0 
2 1 0 5.74853 0.1 59.5265 -0.696374 -2.78548 -0.696374 -2.78548 3.08637 0 0.161608 0 
2 1 0 5.74355 0.1 59.5265 -0.696091 -2.78584 -0.696091 -2.78584 3.08043 0 0.162023 0 
2 1 0 5.73857 0.1 59.5265 -0.695809 -2.7862 -0.695809 -2.7862 3.07441 0 0.162443 0 
2 1 0 5.73359 0.1 59.5265 -0.695525 -2.78657 -0.695525 -2.78657 3.06831 0 0.162869 0 
2 1 0 5.72861 0.1 59.5265 -0.695241 -2.78695 -0.695241 -2.78695 3.06214 0 0.163301 0 
2 1 0 5.72364 0.1 59.5265 -0.694956 -2.78733 -0.694956 -2.78733 3.05588 0 0.163739 0 
2 1 0 5.71866 0.1 59.5265 -0.69467 -2.78772 -0.69467 -2.78772 3.04954 0 0.164184 0 
2 1 0 5.71368 0.1 59.5265 -0.694383 -2.78812 -0.694383 -2.78812 3.04312 0 0.164634 0 
2 1 0 5.70871 0.1 59.5265 -0.694096 -2.78852 -0.694096 -2.78852 3.03662 0 0.165091 0 
2 1 0 5.70373 0.1 59.5265 -0.693808 -2.78892 -0.693808 -2.78892 3.03004 0 0.165555 0 
2 1 0 5.69876 0.1 59.5265 -0.69352 -2.78933 -0.69352 -2.78933 3.02338 0 0.166025 0 
2 1 0 5.69378 0.1 59.5265 -0.69323 -2.78975 -0.69323 -2.78975 3.01663 0 0.166501 0 
2 1 0 5.68881 0.1 59.5265 -0.69294 -2.79017 -0.69294 -2.79017 3.00979 0 0.166985 0 
2 1 0 5.68384 0.1 59.5265 -0.692649 -2.7906 -0.692649 -2.7906 3.00287 0 0.167476 0 
2 1 0 5.67886 0.1 59.5265 -0.692357 -2.79104 -0.692357 -2.79104 2.99587 0 0.167973 0 
2 1 0 5.67389 0.1 59.5265 -0.692065 -2.79148 -0.692065 -2.79148 2.98878 0 0.168479 0 
2 1 0 5.66892 0.1 59.5265 -0.691772 -2.79192 -0.691772 -2.79192 2.9816 0 0.168991 0 
2 1 0 5.66395 0.1 59.5265 -0.691478 -2.79238 -0.691478 -2.79238 2.97433 0 0.169511 0 
2 1 0 5.65898 0.1 59.5265 -0.691183 -2.79284 -0.691183 -2.79284 2.96697 0 0.170039 0 
2 1 0 5.65401 0.1 59.5265 -0.690888 -2.7933 -0.690888 -2.7933 2.95952 0 0.170574 0 
2 1 0 5.64904 0.1 59.5265 -0.690592 -2.79377 -0.690592 -2.79377 2.95198 0 0.171118 0 
2 1 0 5.64407 0.1 59.5265 -0.690295 -2.79425 -0.690295 -2.79425 2.94435 0 0.17167 0 
2 1 0 5.63911 0.1 59.5265 -0.689997 -2.79474 -0.689997 -2.79474 2.93662 0 0.17223 0 
2 1 0 5.63414 0.1 59.5265 -0.689699 -2.79523 -0.689699 -2.79523 2.9288 0 0.172799 0 
2 1 0 5.62917 0.1 59.5265 -0.689399 -2.79573 -0.689399 -2.79573 2.92089 0 0.173376 0 
2 1 0 5.62421 0.1 59.5265 -0.689099 -2.79623 -0.689099 -2.79623 2.91288 0 0.173962 0 
2 1 0 5.61924 0.1 59.5265 -0.688798 -2.79674 -0.688798 -2.79674 2.90477 0 0.174558 0 
2 1 0 5.61428 0.1 59.5265 -0.688497 -2.79726 -0.688497 -2.79726 2.89656 0 0.175163 0 
2 1 0 5.60932 0.1 59.5265 -0.688194 -2.79778 -0.688194 -2.79778 2.88825 0 0.175777 0 
2 1 0 5.60435 0.1 59.5265 -0.687891 -2.79832 -0.687891 -2.79832 2.87985 0 0.176401 0 
2 1 0 5.59939 0.1 59.5265 -0.687587 -2.79885 -0.687587 -2.79885 2.87134 0 0.177035 0 
2 1 0 5.59443 0.1 59.5265 -0.687282 -2.7994 -0.687282 -2.7994 2.86272 0 0.17768 0 
2 1 0 5.58947 0.1 59.5265 -0.686976 -2.79995 -0.686976 -2.79995 2.854 0 0.178335 0 
2 1 0 5.58451 0.1 59.5265 -0.68667 -2.80051 -0.68667 -2.80051 2.84518 0 0.179 0 
2 1 0 5.57955 0.1 59.5265 -0.686362 -2.80108 -0.686362 -2.80108 2.83624 0 0.179677 0 
2 1 0 5.5746 0.1 59.5265 -0.686054 -2.80166 -0.686054 -2.80166 2.8272 0 0.180365 0 
2 1 0 5.56964 0.1 59.5265 -0.685745 -2.80224 -0.685745 -2.80224 2.81805 0 0.181064 0 
2 1 0 5.56468 0.1 59.5265 -0.685435 -2.80283 -0.685435 -2.80283 2.80878 0 0.181775 0 
2 1 0 5.55973 0.1 59.5265 -0.685124 -2.80343 -0.685124 -2.80343 2.7994 0 0.182499 0 
2 1 0 5.55478 0.1 59.5265 -0.684812 -2.80403 -0.684812 -2.80403 2.7899 0 0.183235 0 
2 1 0 5.54982 0.1 59.5265 -0.6845 -2.80465 -0.6845 -2.80465 2.78029 0 0.183984 0 
2 1 0 5.54487 0.1 59.5265 -0.684186 -2.80527 -0.684186 -2.80527 2.77056 0 0.184746 0 
2 1 0 5.53992 0.1 59.5265 -0.683872 -2.8059 -0.683872 -2.8059 2.7607 0 0.185521 0 
2 1 0 5.53497 0.1 59.5265 -0.683557 -2.80654 -0.683557 -2.80654 2.75073 0 0.186311 0 
2 1 0 5.53003 0.1 59.5265 -0.683241 -2.80719 -0.683241 -2.80719 2.74062 0 0.187114 0 
2 1 0 5.52508 0.1 59.5265 -0.682924 -2.80784 -0.682924 -2.80784 2.73039 0 0.187933 0 
2 1 0 5.52013 0.1 59.5265 -0.682606 -2.80851 -0.682606 -2.80851 2.72003 0 0.188767 0 
2 1 0 5.51519 0.1 59.5265 -0.682287 -2.80918 -0.682287 -2.80918 2.70954 0 0.189616 0 
2 1 0 5.51025 0.1 59.5265 -0.681967 -2.80987 -0.681967 -2.80987 2.69891 0 0.190482 0 
2 1 0 5.50531 0.1 59.5265 -0.681646 -2.81056 -0.681646 -2.81056 2.68815 0 0.191364 0 
2 1 0 5.50037 0.1 59.5265 -0.681325 -2.81126 -0.681325 -2.81126 2.67724 0 0.192263 0 
2 1 0 5.49543 0.1 59.5265 -0.681002 -2.81198 -0.681002 -2.81198 2.6662 0 0.19318 0 
2 1 0 5.49049 0.1 59.5265 -0.680679 -2.8127 -0.680679 -2.8127 2.655 0 0.194115 0 
2 1 0 5.48556 0.1 59.5265 -0.680354 -2.81343 -0.680354 -2.81343 2.64366 0 0.195069 0 
2 1 0 5.48062 0.1 59.5265 -0.680028 -2.81417 -0.680028 -2.81417 2.63217 0 0.196043 0 
2 1 0 5.47569 0.1 59.5265 -0.679702 -2.81493 -0.679702 -2.81493 2.62052 0 0.197037 0 
2 1 0 5.47076 0.1 59.5265 -0.679374 -2.81569 -0.679374 -2.81569 2.60872 0 0.198052 0 
2 1 0 5.46583 0.1 59.5265 -0.679046 -2.81647 -0.679046 -2.81647 2.59675 0 0.199088 0 
2 1 0 5.4609 0.1 59.5265 -0.678716 -2.81725 -0.678716 -2.81725 2.58461 0 0.200147 0 
2 1 0 5.45598 0.1 59.5265 -0.678385 -2.81805 -0.678385 -2.81805 2.57231 0 0.201229 0 
2 1 0 5.45106 0.1 59.5265 -0.678053 -2.81886 -0.678053 -2.81886 2.55983 0 0.202336 0 
2 1 0 5.44614 0.1 59.5265 -0.67772 -2.81968 -0.67772 -2.81968 2.54718 0 0.203467 0 
2 1 0 5.44122 0.1 59.5265 -0.677386 -2.82052 -0.677386 -2.82052 2.53434 0 0.204624 0 
2 1 0 5.4363 0.1 59.5265 -0.677051 -2.82136 -0.677051 -2.82136 2.52131 0 0.205809 0 
2 1 0 5.43139 0.1 59.5265 -0.676715 -2.82222 -0.676715 -2.82222 2.50809 0 0.207022 0 
2 1 0 5.42648 0.1 59.5265 -0.676378 -2.8231 -0.676378 -2.8231 2.49467 0 0.208264 0 
2 1 0 5.42157 0.1 59.5265 -0.676039 -2.82399 -0.676039 -2.82399 2.48105 0 0.209537 0 
2 1 0 5.41666 0.1 59.5265 -0.6757 -2.82489 -0.6757 -2.82489 2.46721 0 0.210842 0 
2 1 0 5.41176 0.1 59.5265 -0.675359 -2.82581 -0.675359 -2.82581 2.45316 0 0.212181 0 
2 1 0 5.40686 0.1 59.5265 -0.675017 -2.82674 -0.675017 -2.82674 2.43889 0 0.213554 0 
2 1 0 5.40196 0.1 59.5265 -0.674673 -2.82769 -0.674673 -2.82769 2.42438 0 0.214964 0 
2 1 0 5.39707 0.1 59.5265 -0.674329 -2.82865 -0.674329 -2.82865 2.40964 0 0.216413 0 
2 1 0 5.39217 0.1 59.5265 -0.673983 -2.82963 -0.673983 -2.82963 2.39464 0 0.217901 0 
2 1 0 5.38729 0.1 59.5265 -0.673636 -2.83063 -0.673636 -2.83063 2.3794 0 0.219432 0 
2 1 0 5.3824 0.1 59.5265 -0.673287 -2.83164 -0.673287 -2.83164 2.36388 0 0.221008 0 
2 1 0 5.37752 0.1 59.5265 -0.672938 -2.83268 -0.672938 -2.83268 2.34809 0 0.222631 0 
2 1 0 5.37265 0.1 59.5265 -0.672586 -2.83373 -0.672586 -2.83373 2.33202 0 0.224302 0 
2 1 0 5.36778 0.1 59.5265 -0.672234 -2.83481 -0.672234 -2.83481 2.31565 0 0.226026 0 
2 1 0 5.36291 0.1 59.5265 -0.67188 -2.8359 -0.67188 -2.8359 2.29896 0 0.227806 0 
2 1 0 5.35805 0.1 59.5265 -0.671524 -2.83702 -0.671524 -2.83702 2.28196 0 0.229643 0 
2 1 0 5.3532 0.1 59.5265 -0.671167 -2.83815 -0.671167 -2.83815 2.26461 0 0.231543 0 
2 1 0 5.34835 0.1 59.5265 -0.670808 -2.83932 -0.670808 -2.83932 2.24691 0 0.233509 0 
2 1 0 5.3435 0.1 59.5265 -0.670448 -2.8405 -0.670448 -2.8405 2.22885 0 0.235545 0 
2 1 0 5.33867 0.1 59.5265 -0.670086 -2.84172 -0.670086 -2.84172 2.21039 0 0.237656 0 
2 1 0 5.33384 0.1 59.5265 -0.669722 -2.84295 -0.669722 -2.84295 2.19152 0 0.239847 0 
2 1 0 5.32901 0.1 59.5265 -0.669357 -2.84422 -0.669357 -2.84422 2.17222 0 0.242124 0 
2 1 0 5.3242 0.1 59.5265 -0.66899 -2.84552 -0.66899 -2.84552 2.15247 0 0.244493 0 
2 1 0 5.31939 0.1 59.5265 -0.668621 -2.84685 -0.668621 -2.84685 2.13223 0 0.246962 0 
2 1 0 5.3146 0.1 59.5265 -0.66825 -2.84821 -0.66825 -2.84821 2.11148 0 0.249538 0 
2 1 0 5.30981 0.1 59.5265 -0.667877 -2.84961 -0.667877 -2.84961 2.09019 0 0.252231 0 
2 1 0 5.30504 0.1 59.5265 -0.667502 -2.85105 -0.667502 -2.85105 2.06832 0 0.25505 0 
2 1 0 5.30027 0.1 59.5265 -0.667125 -2.85252 -0.667125 -2.85252 2.04583 0 0.258007 0 
2 1 0 5.29552 0.1 59.5265 -0.666746 -2.85404 -0.666746 -2.85404 2.02268 0 0.261116 0 
2 1 0 5.29079 0.1 59.5265 -0.666365 -2.85561 -0.666365 -2.85561 1.99881 0 0.26439 0 
2 1 0 5.28607 0.1 59.5265 -0.665981 -2.85722 -0.665981 -2.85722 1.97417 0 0.267848 0 
2 1 0 5.28138 0.1 59.5265 -0.665595 -2.85888 -0.665595 -2.85888 1.94869 0 0.271509 0 
2 1 0 5.2767 0.1 59.5265 -0.665206 -2.86061 -0.665206 -2.86061 1.9223 0 0.275397 0 
2 1 0 5.27204 0.1 59.5265 -0.664814 -2.86239 -0.664814 -2.86239 1.89492 0 0.279539 0 
2 1 0 5.26742 0.1 59.5265 -0.66442 -2.86425 -0.66442 -2.86425 1.86643 0 0.283969 0 
2 1 0 5.26282 0.1 59.5265 -0.664022 -2.86617 -0.664022 -2.86617 1.83674 0 0.288725 0 
2 1 0 5.25826 0.1 59.5265 -0.663622 -2.86818 -0.663622 -2.86818 1.80569 0 0.293856 0 
2 1 0 5.25374 0.1 59.5265 -0.663218 -2.87028 -0.663218 -2.87028 1.77313 0 0.299421 0 
2 1 0 5.24927 0.1 59.5265 -0.662811 -2.87248 -0.662811 -2.87248 1.73885 0 0.305492 0 
2 1 0 5.24486 0.1 59.5265 -0.6624 -2.8748 -0.6624 -2.8748 1.70263 0 0.312162 0 
2 1 0 5.24051 0.1 59.5265 -0.661986 -2.87724 -0.661986 -2.87724 1.66416 0 0.31955 0 
2 1 0 5.23626 0.1 59.5265 -0.661568 -2.87983 -0.661568 -2.87983 1.62308 0 0.32781 0 
2 1 0 5.23211 0.1 59.5265 -0.661147 -2.88259 -0.661147 -2.88259 1.57892 0 0.337151 0 
2 1 0 5.2281 0.1 59.5265 -0.660723 -2.88555 -0.660723 -2.88555 1.53109 0 0.347856 0 
2 1 0 5.22427 0.1 59.5265 -0.660296 -2.88873 -0.660296 -2.88873 1.4788 0 0.360325 0 
2 1 0 5.22068 0.1 59.5265 -0.659868 -2.89219 -0.659868 -2.89219 1.42104 0 0.375136 0 
2 1 0 5.21741 0.1 59.5265 -0.659443 -2.89595 -0.659443 -2.89595 1.35647 0 0.39315 0 
2 1 0 5.2146 0.1 59.5265 -0.659027 -2.90006 -0.659027 -2.90006 1.28334 0 0.415695 0 
2 1 0 5.21241 0.1 59.5265 -0.658629 -2.90454 -0.658629 -2.90454 1.19941 0 0.444899 0 
2 1 0 5.21104 0.1 59.5265 -0.658265 -2.90933 -0.658265 -2.90933 1.10161 0 0.484474 0 
2 1 0 5.21064 0.1 59.5265 -0.657991 -2.91367 -0.657991 -2.91367 1 0 0.533719 0 
1 1 0 5.21115 0.1 59.5265 -0.657739 -2.91864 -0.657739 -2.91864 0.835164 0 0.639007 0 
1 1 0 5.21257 0.1 25.6071 -0.657557 -2.92343 -0.657557 -2.92343 0.708581 0.177439 0.708581 -0.177439 
1 1 0 5.21473 0.1 17.1562 -0.657439 -2.92794 -0.657439 -2.92794 0.681919 0.261542 0.681919 -0.261542 
1 1 0 5.21744 0.1 13.9315 -0.657374 -2.93214 -0.657374 -2.93214 0.657209 0.318285 0.657209 -0.318285 
1 1 0 5.22054 0.1 12.1307 -0.657352 -2.93606 -0.657352 -2.93606 0.634316 0.361465 0.634316 -0.361465 
1 1 0 5.22395 0.1 10.9505 -0.657365 -2.93972 -0.657365 -2.93972 0.613025 0.396206 0.613025 -0.396206 
1 1 0 5.22757 0.1 10.1033 -0.657404 -2.94317 -0.657404 -2.94317 0.593122 0.425131 0.593122 -0.425131 
1 1 0 5.23137 0.1 9.45804 -0.657466 -2.94642 -0.657466 -2.94642 0.574414 0.449797 0.574414 -0.449797 
1 1 0 5.2353 0.1 8.94548 -0.657547 -2.94951 -0.657547 -2.94951 0.55674 0.471212 0.55674 -0.471212 
1 1 0 5.23934 0.1 8.52552 -0.657643 -2.95245 -0.657643 -2.95245 0.539967 0.490062 0.539967 -0.490062 
1 1 0 5.24347 0.1 8.17305 -0.657752 -2.95527 -0.657752 -2.95527 0.523982 0.506839 0.523982 -0.506839 
1 1 0 5.24768 0.1 7.87153 -0.657872 -2.95797 -0.657872 -2.95797 0.508695 0.521906 0.508695 -0.521906 
1 1 0 5.25194 0.1 7.60958 -0.658002 -2.96058 -0.658002 -2.96058 0.494029 0.535539 0.494029 -0.535539 
1 1 0 5.25626 0.1 7.37906 -0.65814 -2.9631 -0.65814 -2.9631 0.47992 0.547951 0.47992 -0.547951 
1 1 0 5.26062 0.1 7.174 -0.658287 -2.96554 -0.658287 -2.96554 0.466312 0.559312 0.466312 -0.559312 
1 1 0 5.26502 0.1 6.98991 -0.658439 -2.9679 -0.658439 -2.9679 0.453161 0.569758 0.453161 -0.569758 
1 1 0 5.26946 0.1 6.82333 -0.658598 -2.9702 -0.658598 -2.9702 0.440425 0.5794 0.440425 -0.5794 
1 1 0 5.27393 0.1 6.67157 -0.658762 -2.97244 -0.658762 -2.97244 0.42807 0.58833 0.42807 -0.58833 
1 1 0 5.27842 0.1 6.53247 -0.658932 -2.97463 -0.658932 -2.97463 0.416066 0.596625 0.416066 -0.596625 
1 1 0 5.28294 0.1 6.40429 -0.659105 -2.97676 -0.659105 -2.97676 0.404388 0.604349 0.404388 -0.604349 
1 1 0 5.28748 0.1 6.28562 -0.659283 -2.97885 -0.659283 -2.97885 0.393011 0.611558 0.393011 -0.611558 
1 1 0 5.29204 0.1 6.17528 -0.659464 -2.98089 -0.659464 -2.98089 0.381915 0.618299 0.381915 -0.618299 
1 1 0 5.29662 0.1 6.07232 -0.659649 -2.98289 -0.659649 -2.98289 0.371083 0.624614 0.371083 -0.624614 
1 1 0 5.30121 0.1 5.97588 -0.659837 -2.98486 -0.659837 -2.98486 0.360497 0.630538 0.360497 -0.630538 
1 1 0 5.30582 0.1 5.8853 -0.660028 -2.98679 -0.660028 -2.98679 0.350143 0.636102 0.350143 -0.636102 
1 1 0 5.31044 0.1 5.79996 -0.660222 -2.98868 -0.660222 -2.98868 0.340007 0.641334 0.340007 -0.641334 
1 1 0 5.31508 0.1 5.71935 -0.660418 -2.99054 -0.660418 -2.99054 0.330078 0.646259 0.330078 -0.646259 
1 1 0 5.31973 0.1 5.64303 -0.660617 -2.99238 -0.660617 -2.99238 0.320345 0.650899 0.320345 -0.650899 
1 1 0 5.32438 0.1 5.57061 -0.660818 -2.99418 -0.660818 -2.99418 0.310798 0.655273 0.310798 -0.655273 
1 1 0 5.32905 0.1 5.50176 -0.661021 -2.99596 -0.661021 -2.99596 0.301428 0.659398 0.301428 -0.659398 
1 1 0 5.33373 0.1 5.43617 -0.661225 -2.99771 -0.661225 -2.99771 0.292227 0.66329 0.292227 -0.66329 
1 1 0 5.33842 0.1 5.37358 -0.661432 -2.99944 -0.661432 -2.99944 0.283187 0.666965 0.283187 -0.666965 
1 1 0 5.34311 0.1 5.31376 -0.661641 -3.00115 -0.661641 -3.00115 0.2743 0.670434 0.2743 -0.670434 
1 1 0 5.34782 0.1 5.25649 -0.661851 -3.00283 -0.661851 -3.00283 0.265562 0.673709 0.265562 -0.673709 
1 1 0 5.35253 0.1 5.2016 -0.662062 -3.0045 -0.662062 -3.0045 0.256965 0.676803 0.256965 -0.676803 
1 1 0 5.35724 0.1 5.1489 -0.662275 -3.00614 -0.662275 -3.00614 0.248504 0.679723 0.248504 -0.679723 
1 1 0 5.36197 0.1 5.09826 -0.66249 -3.00776 -0.66249 -3.00776 0.240173 0.682479 0.240173 -0.682479 
1 1 0 5.3667 0.1 5.04952 -0.662706 -3.00937 -0.662706 -3.00937 0.231969 0.685081 0.231969 -0.685081 
1 1 0 5.37144 0.1 5.00258 -0.662923 -3.01095 -0.662923 -3.01095 0.223887 0.687535 0.223887 -0.687535 
1 1 0 5.37618 0.1 4.95731 -0.663141 -3.01253 -0.663141 -3.01253 0.215921 0.689848 0.215921 -0.689848 
1 1 0 5.38092 0.1 4.91362 -0.66336 -3.01408 -0.66336 -3.01408 0.20807 0.692028 0.20807 -0.692028 
1 1 0 5.38568 0.1 4.87141 -0.66358 -3.01562 -0.66358 -3.01562 0.200328 0.694081 0.200328 -0.694081 
1 1 0 5.39043 0.1 4.83059 -0.663802 -3.01714 -0.663802 -3.01714 0.192693 0.696012 0.192693 -0.696012 
1 1 0 5.3952 0.1 4.79108 -0.664024 -3.01865 -0.664024 -3.01865 0.185161 0.697826 0.185161 -0.697826 
1 1 0 5.39996 0.1 4.75282 -0.664247 -3.02014 -0.664247 -3.02014 0.177729 0.699529 0.177729 -0.699529 
1 1 0 5.40473 0.1 4.71573 -0.664471 -3.02163 -0.664471 -3.02163 0.170394 0.701126 0.170394 -0.701126 
1 1 0 5.40951 0.1 4.67975 -0.664696 -3.02309 -0.664696 -3.02309 0.163154 0.70262 0.163154 -0.70262 
1 1 0 5.41429 0.1 4.64483 -0.664922 -3.02455 -0.664922 -3.02455 0.156006 0.704017 0.156006 -0.704017 
1 1 0 5.41907 0.1 4.61091 -0.665149 -3.02599 -0.665149 -3.02599 0.148947 0.705319 0.148947 -0.705319 
1 1 0 5.42385 0.1 4.57795 -0.665376 -3.02742 -0.665376 -3.02742 0.141975 0.70653 0.141975 -0.70653 
1 1 0 5.42864 0.1 4.54589 -0.665604 -3.02884 -0.665604 -3.02884 0.135089 0.707655 0.135089 -0.707655 
1 1 0 5.43343 0.1 4.5147 -0.665832 -3.03025 -0.665832 -3.03025 0.128286 0.708696 0.128286 -0.708696 
1 1 0 5.43823 0.1 4.48433 -0.666062 -3.03164 -0.666062 -3.03164 0.121564 0.709656 0.121564 -0.709656 
1 1 0 5.44303 0.1 4.45475 -0.666291 -3.03303 -0.666291 -3.03303 0.114921 0.710538 0.114921 -0.710538 
1 1 0 5.44783 0.1 4.42592 -0.666522 -3.0344 -0.666522 -3.0344 0.108356 0.711346 0.108356 -0.711346 
1 1 0 5.45263 0.1 4.39781 -0.666753 -3.03577 -0.666753 -3.03577 0.101866 0.712081 0.101866 -0.712081 
1 1 0 5.45744 0.1 4.3704 -0.666984 -3.03712 -0.666984 -3.03712 0.0954504 0.712746 0.0954504 -0.712746 
1 1 0 5.46225 0.1 4.34364 -0.667217 -3.03847 -0.667217 -3.03847 0.0891075 0.713344 0.0891075 -0.713344 
1 1 0 5.46706 0.1 4.31752 -0.667449 -3.03981 -0.667449 -3.03981 0.0828359 0.713877 0.0828359 -0.713877 
1 1 0 5.47188 0.1 4.29201 -0.667682 -3.04113 -0.667682 -3.04113 0.0766338 0.714347 0.0766338 -0.714347 
1 1 0 5.4767 0.1 4.26708 -0.667916 -3.04245 -0.667916 -3.04245 0.0705005 0.714756 0.0705005 -0.714756 
1 1 0 5.48152 0.1 4.24272 -0.668149 -3.04376 -0.668149 -3.04376 0.0644341 0.715106 0.0644341 -0.715106 
1 1 0 5.48634 0.1 4.21889 -0.668384 -3.04506 -0.668384 -3.04506 0.0584338 0.7154 0.0584338 -0.7154 
1 1 0 5.49116 0.1 4.19559 -0.668619 -3.04636 -0.668619 -3.04636 0.0524979 0.715637 0.0524979 -0.715637 
1 1 0 5.49599 0.1 4.17279 -0.668854 -3.04764 -0.668854 -3.04764 0.0466261 0.715822 0.0466261 -0.715822 
1 1 0 5.50082 0.1 4.15047 -0.669089 -3.04892 -0.669089 -3.04892 0.0408166 0.715955 0.0408166 -0.715955 
1 1 0 5.50565 0.1 4.12862 -0.669325 -3.05019 -0.669325 -3.05019 0.0350683 0.716038 0.0350683 -0.716038 
1 1 0 5.51048 0.1 4.10722 -0.669561 -3.05145 -0.669561 -3.05145 0.029381 0.716072 0.029381 -0.716072 
1 1 0 5.51532 0.1 4.08626 -0.669798 -3.0527 -0.669798 -3.0527 0.0237533 0.716059 0.0237533 -0.716059 
1 1 0 5.52015 0.1 4.06572 -0.670035 -3.05395 -0.670035 -3.05395 0.0181838 0.716 0.0181838 -0.716 
1 1 0 5.52499 0.1 4.04559 -0.670272 -3.05519 -0.670272 -3.05519 0.0126724 0.715897 0.0126724 -0.715897 
1 1 0 5.52983 0.1 4.02584 -0.670509 -3.05642 -0.670509 -3.05642 0.00721776 0.715751 0.00721776 -0.715751 
1 1 0 5.53467 0.1 4.00648 -0.670747 -3.05764 -0.670747 -3.05764 0.0018193 0.715563 0.0018193 -0.715563 
1 1 0 5.53952 0.1 3.98749 -0.670985 -3.05886 -0.670985 -3.05886 -0.00352411 0.715335 -0.00352411 -0.715335 
1 1 0 5.54436 0.1 3.96886 -0.671223 -3.06008 -0.671223 -3.06008 -0.00881266 0.715068 -0.00881266 -0.715068 
1 1 0 5.54921 0.1 3.95058 -0.671461 -3.06128 -0.671461 -3.06128 -0.0140477 0.714762 -0.0140477 -0.714762 
1 1 0 5.55406 0.1 3.93263 -0.6717 -3.06248 -0.6717 -3.06248 -0.0192295 0.714419 -0.0192295 -0.714419 
1 1 0 5.5589 0.1 3.91501 -0.671939 -3.06367 -0.671939 -3.06367 -0.0243591 0.714041 -0.0243591 -0.714041 
1 1 0 5.56376 0.1 3.8977 -0.672178 -3.06486 -0.672178 -3.06486 -0.0294368 0.713627 -0.0294368 -0.713627 
1 1 0 5.56861 0.1 3.88071 -0.672417 -3.06604 -0.672417 -3.06604 -0.0344633 0.71318 -0.0344633 -0.71318 
1 1 0 5.57346 0.1 3.86401 -0.672657 -3.06721 -0.672657 -3.06721 -0.0394395 0.712699 -0.0394395 -0.712699 
1 1 0 5.57832 0.1 3.84761 -0.672897 -3.06838 -0.672897 -3.06838 -0.0443659 0.712187 -0.0443659 -0.712187 
1 1 0 5.58318 0.1 3.83149 -0.673136 -3.06954 -0.673136 -3.06954 -0.0492429 0.711644 -0.0492429 -0.711644 
1 1 0 5.58803 0.1 3.81564 -0.673376 -3.0707 -0.673376 -3.0707 -0.0540711 0.711071 -0.0540711 -0.711071 
1 1 0 5.59289 0.1 3.80006 -0.673617 -3.07185 -0.673617 -3.07185 -0.0588512 0.710468 -0.0588512 -0.710468 
1 1 0 5.59775 0.1 3.78475 -0.673857 -3.073 -0.673857 -3.073 -0.0635837 0.709837 -0.0635837 -0.709837 
1 1 0 5.60262 0.1 3.76969 -0.674098 -3.07414 -0.674098 -3.07414 -0.0682691 0.709179 -0.0682691 -0.709179 
1 1 0 5.60748 0.1 3.75487 -0.674338 -3.07527 -0.674338 -3.07527 -0.0729078 0.708493 -0.0729078 -0.708493 
1 1 0 5.61235 0.1 3.7403 -0.674579 -3.0764 -0.674579 -3.0764 -0.0775002 0.707782 -0.0775002 -0.707782 
1 1 0 5.61721 0.1 3.72597 -0.67482 -3.07753 -0.67482 -3.07753 -0.082047 0.707045 -0.082047 -0.707045 
1 1 0 5.62208 0.1 3.71187 -0.675061 -3.07865 -0.675061 -3.07865 -0.0865484 0.706285 -0.0865484 -0.706285 
1 1 0 5.62695 0.1 3.69799 -0.675302 -3.07976 -0.675302 -3.07976 -0.0910047 0.705501 -0.0910047 -0.705501 
1 1 0 5.63182 0.1 3.68433 -0.675543 -3.08087 -0.675543 -3.08087 -0.0954171 0.704693 -0.0954171 -0.704693 
1 1 0 5.63669 0.1 3.67089 -0.675785 -3.08197 -0.675785 -3.08197 -0.0997854 0.703863 -0.0997854 -0.703863 
1 1 0 5.64156 0.1 3.65765 -0.676026 -3.08307 -0.676026 -3.08307 -0.10411 0.703012 -0.10411 -0.703012 
1 1 0 5.64643 0.1 3.64462 -0.676268 -3.08417 -0.676268 -3.08417 -0.108391 0.702139 -0.108391 -0.702139 
1 1 0 5.65131 0.1 3.63179 -0.676509 -3.08526 -0.676509 -3.08526 -0.11263 0.701247 -0.11263 -0.701247 
1 1 0 5.65618 0.1 3.61916 -0.676751 -3.08634 -0.676751 -3.08634 -0.116826 0.700334 -0.116826 -0.700334 
1 1 0 5.66106 0.1 3.60672 -0.676993 -3.08742 -0.676993 -3.08742 -0.12098 0.699403 -0.12098 -0.699403 
1 1 0 5.66593 0.1 3.59447 -0.677235 -3.0885 -0.677235 -3.0885 -0.125093 0.698453 -0.125093 -0.698453 
1 1 0 5.67081 0.1 3.5824 -0.677476 -3.08957 -0.677476 -3.08957 -0.129163 0.697486 -0.129163 -0.697486 
1 1 0 5.67569 0.1 3.5705 -0.677718 -3.09064 -0.677718 -3.09064 -0.133193 0.696501 -0.133193 -0.696501 
1 1 0 5.68057 0.1 3.55879 -0.67796 -3.0917 -0.67796 -3.0917 -0.137182 0.6955 -0.137182 -0.6955 
1 1 0 5.68545 0.1 3.54725 -0.678203 -3.09275 -0.678203 -3.09275 -0.141131 0.694482 -0.141131 -0.694482 
1 1 0 5.69033 0.1 3.53588 -0.678445 -3.09381 -0.678445 -3.09381 -0.145039 0.693449 -0.145039 -0.693449 
1 1 0 5.69522 0.1 3.52467 -0.678687 -3.09486 -0.678687 -3.09486 -0.148908 0.692402 -0.148908 -0.692402 
1 1 0 5.7001 0.1 3.51363 -0.678929 -3.0959 -0.678929 -3.0959 -0.152737 0.691339 -0.152737 -0.691339 
1 1 0 5.70498 0.1 3.50274 -0.679171 -3.09694 -0.679171 -3.09694 -0.156527 0.690263 -0.156527 -0.690263 
1 1 0 5.70987 0.1 3.49202 -0.679414 -3.09798 -0.679414 -3.09798 -0.160277 0.689173 -0.160277 -0.689173 
1 1 0 5.71476 0.1 3.48144 -0.679656 -3.09901 -0.679656 -3.09901 -0.16399 0.688071 -0.16399 -0.688071 
1 1 0 5.71964 0.1 3.47102 -0.679898 -3.10004 -0.679898 -3.10004 -0.167663 0.686956 -0.167663 -0.686956 
1 1 0 5.72453 0.1 3.46075 -0.680141 -3.10106 -0.680141 -3.10106 -0.171299 0.685829 -0.171299 -0.685829 
1 1 0 5.72942 0.1 3.45062 -0.680383 -3.10208 -0.680383 -3.10208 -0.174896 0.684691 -0.174896 -0.684691 
1 1 0 5.73431 0.1 3.44063 -0.680625 -3.10309 -0.680625 -3.10309 -0.178455 0.683542 -0.178455 -0.683542 
1 1 0 5.7392 0.1 3.43079 -0.680868 -3.10411 -0.680868 -3.10411 -0.181978 0.682383 -0.181978 -0.682383 
1 1 0 5.74409 0.1 3.42108 -0.68111 -3.10511 -0.68111 -3.10511 -0.185463 0.681213 -0.185463 -0.681213 
1 1 0 5.74898 0.1 3.41151 -0.681352 -3.10612 -0.681352 -3.10612 -0.188911 0.680034 -0.188911 -0.680034 
1 1 0 5.75388 0.1 3.40207 -0.681595 -3.10712 -0.681595 -3.10712 -0.192322 0.678846 -0.192322 -0.678846 
1 1 0 5.75877 0.1 3.39277 -0.681837 -3.10811 -0.681837 -3.10811 -0.195696 0.677649 -0.195696 -0.677649 
1 1 0 5.76367 0.1 3.38359 -0.68208 -3.1091 -0.68208 -3.1091 -0.199034 0.676445 -0.199034 -0.676445 
1 1 0 5.76856 0.1 3.37454 -0.682322 -3.11009 -0.682322 -3.11009 -0.202336 0.675232 -0.202336 -0.675232 
1 1 0 5.77346 0.1 3.36562 -0.682564 -3.11108 -0.682564 -3.11108 -0.205602 0.674012 -0.205602 -0.674012 
1 1 0 5.77835 0.1 3.35682 -0.682807 -3.11206 -0.682807 -3.11206 -0.208833 0.672785 -0.208833 -0.672785 
1 1 0 5.78325 0.1 3.34814 -0.683049 -3.11303 -0.683049 -3.11303 -0.212027 0.671552 -0.212027 -0.671552 
1 1 0 5.78815 0.1 3.33958 -0.683291 -3.114 -0.683291 -3.114 -0.215186 0.670313 -0.215186 -0.670313 
1 1 0 5.79305 0.1 3.33114 -0.683534 -3.11497 -0.683534 -3.11497 -0.21831 0.669068 -0.21831 -0.669068 
1 1 0 5.79795 0.1 3.32282 -0.683776 -3.11594 -0.683776 -3.11594 -0.221399 0.667818 -0.221399 -0.667818 
1 1 0 5.80285 0.1 3.31461 -0.684018 -3.1169 -0.684018 -3.1169 -0.224453 0.666563 -0.224453 -0.666563 
1 1 0 5.80775 0.1 3.30651 -0.68426 -3.11786 -0.68426 -3.11786 -0.227473 0.665304 -0.227473 -0.665304 
1 1 0 5.81265 0.1 3.29853 -0.684502 -3.11881 -0.684502 -3.11881 -0.230458 0.66404 -0.230458 -0.66404 
1 1 0 5.81756 0.1 3.29066 -0.684745 -3.11977 -0.684745 -3.11977 -0.233408 0.662773 -0.233408 -0.662773 
1 1 0 5.82246 0.1 3.28289 -0.684987 -3.12071 -0.684987 -3.12071 -0.236325 0.661503 -0.236325 -0.661503 
1 1 0 5.82736 0.1 3.27523 -0.685229 -3.12166 -0.685229 -3.12166 -0.239207 0.660229 -0.239207 -0.660229 
1 1 0 5.83227 0.1 3.26768 -0.685471 -3.1226 -0.685471 -3.1226 -0.242055 0.658954 -0.242055 -0.658954 
1 1 0 5.83717 0.1 3.26023 -0.685713 -3.12353 -0.685713 -3.12353 -0.24487 0.657675 -0.24487 -0.657675 
1 1 0 5.84208 0.1 3.25289 -0.685955 -3.12447 -0.685955 -3.12447 -0.247651 0.656396 -0.247651 -0.656396 
1 1 0 5.84699 0.1 3.24564 -0.686197 -3.1254 -0.686197 -3.1254 -0.250399 0.655114 -0.250399 -0.655114 
1 1 0 5.85189 0.1 3.2385 -0.686438 -3.12632 -0.686438 -3.12632 -0.253114 0.653832 -0.253114 -0.653832 
1 1 0 5.8568 0.1 3.23146 -0.68668 -3.12725 -0.68668 -3.12725 -0.255795 0.652548 -0.255795 -0.652548 
1 1 0 5.86171 0.1 3.22451 -0.686922 -3.12817 -0.686922 -3.12817 -0.258444 0.651265 -0.258444 -0.651265 
1 1 0 5.86662 0.1 3.21766 -0.687164 -3.12908 -0.687164 -3.12908 -0.261059 0.649981 -0.261059 -0.649981 
1 1 0 5.87153 0.1 3.21091 -0.687405 -3.12999 -0.687405 -3.12999 -0.263642 0.648698 -0.263642 -0.648698 
1 1 0 5.87644 0.1 3.20426 -0.687647 -3.1309 -0.687647 -3.1309 -0.266192 0.647416 -0.266192 -0.647416 
1 1 0 5.88135 0.1 3.1977 -0.687888 -3.13181 -0.687888 -3.13181 -0.268709 0.646134 -0.268709 -0.646134 
1 1 0 5.88627 0.1 3.19123 -0.68813 -3.13271 -0.68813 -3.13271 -0.271195 0.644853 -0.271195 -0.644853 
1 1 0 5.89118 0.1 3.18485 -0.688371 -3.13361 -0.688371 -3.13361 -0.273648 0.643575 -0.273648 -0.643575 
1 1 0 5.89609 0.1 3.17856 -0.688613 -3.13451 -0.688613 -3.13451 -0.276068 0.642298 -0.276068 -0.642298 
1 1 0 5.901 0.1 3.17237 -0.688854 -3.1354 -0.688854 -3.1354 -0.278457 0.641024 -0.278457 -0.641024 
1 1 0 5.90592 0.1 3.16626 -0.689095 -3.13629 -0.689095 -3.13629 -0.280814 0.639752 -0.280814 -0.639752 
1 1 0 5.91083 0.1 3.16025 -0.689336 -3.13717 -0.689336 -3.13717 -0.283139 0.638483 -0.283139 -0.638483 
1 1 0 5.91575 0.1 3.15432 -0.689577 -3.13806 -0.689577 -3.13806 -0.285433 0.637218 -0.285433 -0.637218 
1 1 0 5.92067 0.1 3.14847 -0.689818 -3.13894 -0.689818 -3.13894 -0.287695 0.635955 -0.287695 -0.635955 
1 1 0 5.92558 0.1 3.14272 -0.690059 -3.13981 -0.690059 -3.13981 -0.289925 0.634698 -0.289925 -0.634698 
1 1 0 5.9305 0.1 3.13705 -0.6903 -3.14069 -0.6903 -3.14069 -0.292124 0.633444 -0.292124 -0.633444 
1 1 0 5.93542 0.1 3.13146 -0.690541 -3.14155 -0.690541 -3.14155 -0.294292 0.632194 -0.294292 -0.632194 
1 1 0 5.94034 0.1 3.12596 -0.690781 -3.14242 -0.690781 -3.14242 -0.296429 0.63095 -0.296429 -0.63095 
1 1 0 5.94526 0.1 3.12054 -0.691022 -3.14328 -0.691022 -3.14328 -0.298534 0.62971 -0.298534 -0.62971 
1 1 0 5.95018 0.1 3.1152 -0.691263 -3.14414 -0.691263 -3.14414 -0.300609 0.628476 -0.300609 -0.628476 
1 1 0 5.9551 0.1 3.10994 -0.691503 -3.145 -0.691503 -3.145 -0.302653 0.627248 -0.302653 -0.627248 
1 1 0 5.96002 0.1 3.10477 -0.691743 -3.14585 -0.691743 -3.14585 -0.304665 0.626026 -0.304665 -0.626026 
1 1 0 5.96494 0.1 3.09968 -0.691984 -3.1467 -0.691984 -3.1467 -0.306648 0.624809 -0.306648 -0.624809 
1 1 0 5.96986 0.1 3.09466 -0.692224 -3.14755 -0.692224 -3.14755 -0.308599 0.6236 -0.308599 -0.6236 
1 1 0 5.97478 0.1 3.08973 -0.692464 -3.14839 -0.692464 -3.14839 -0.310521 0.622397 -0.310521 -0.622397 
1 1 0 5.97971 0.1 3.08487 -0.692704 -3.14923 -0.692704 -3.14923 -0.312412 0.621201 -0.312412 -0.621201 
1 1 0 5.98463 0.1 3.0801 -0.692944 -3.15007 -0.692944 -3.15007 -0.314272 0.620013 -0.314272 -0.620013 
1 1 0 5.98955 0.1 3.0754 -0.693184 -3.1509 -0.693184 -3.1509 -0.316102 0.618833 -0.316102 -0.618833 
1 1 0 5.99448 0.1 3.07077 -0.693423 -3.15174 -0.693423 -3.15174 -0.317902 0.617661 -0.317902 -0.617661 
1 1 0 5.9994 0.1 3.06623 -0.693663 -3.15256 -0.693663 -3.15256 -0.319671 0.616496 -0.319671 -0.616496 
1 1 0 6.00433 0.1 3.06176 -0.693903 -3.15339 -0.693903 -3.15339 -0.321411 0.615341 -0.321411 -0.615341 
1 1 0 6.00925 0.1 3.05737 -0.694142 -3.15421 -0.694142 -3.15421 -0.323121 0.614193 -0.323121 -0.614193 
1 1 0 6.01418 0.1 3.05305 -0.694382 -3.15503 -0.694382 -3.15503 -0.324801 0.613055 -0.324801 -0.613055 
1 1 0 6.01911 0.1 3.04881 -0.694621 -3.15584 -0.694621 -3.15584 -0.326451 0.611927 -0.326451 -0.611927 
1 1 0 6.02404 0.1 3.04464 -0.69486 -3.15665 -0.69486 -3.15665 -0.328071 0.610808 -0.328071 -0.610808 
1 1 0 6.02897 0.1 3.04054 -0.695099 -3.15746 -0.695099 -3.15746 -0.329662 0.609698 -0.329662 -0.609698 
1 1 0 6.03389 0.1 3.03652 -0.695338 -3.15827 -0.695338 -3.15827 -0.331223 0.608599 -0.331223 -0.608599 
1 1 0 6.03882 0.1 3.03257 -0.695577 -3.15907 -0.695577 -3.15907 -0.332754 0.607509 -0.332754 -0.607509 
1 1 0 6.04375 0.1 3.0287 -0.695816 -3.15987 -0.695816 -3.15987 -0.334256 0.606431 -0.334256 -0.606431 
1 1 0 6.04868 0.1 3.0249 -0.696055 -3.16066 -0.696055 -3.16066 -0.335729 0.605363 -0.335729 -0.605363 
1 1 0 6.05362 0.1 3.02117 -0.696293 -3.16146 -0.696293 -3.16146 -0.337172 0.604306 -0.337172 -0.604306 
1 1 0 6.05855 0.1 3.01751 -0.696532 -3.16224 -0.696532 -3.16224 -0.338586 0.603261 -0.338586 -0.603261 
1 1 0 6.06348 0.1 3.01392 -0.69677 -3.16303 -0.69677 -3.16303 -0.33997 0.602226 -0.33997 -0.602226 
1 1 0 6.06841 0.1 3.01041 -0.697008 -3.16381 -0.697008 -3.16381 -0.341326 0.601205 -0.341326 -0.601205 
1 1 0 6.07334 0.1 3.00696 -0.697246 -3.16459 -0.697246 -3.16459 -0.342652 0.600194 -0.342652 -0.600194 
1 1 0 6.07828 0.1 3.00359 -0.697485 -3.16537 -0.697485 -3.16537 -0.343949 0.599195 -0.343949 -0.599195 
1 1 0 6.08321 0.1 3.00028 -0.697723 -3.16614 -0.697723 -3.16614 -0.345218 0.598209 -0.345218 -0.598209 
1 1 0 6.08815 0.1 2.99705 -0.69796 -3.16691 -0.69796 -3.16691 -0.346457 0.597236 -0.346457 -0.597236 
1 1 0 6.09308 0.1 2.99389 -0.698198 -3.16768 -0.698198 -3.16768 -0.347667 0.596275 -0.347667 -0.596275 
1 1 0 6.09802 0.1 2.99079 -0.698436 -3.16845 -0.698436 -3.16845 -0.348849 0.595327 -0.348849 -0.595327 
1 1 0 6.10295 0.1 2.98777 -0.698673 -3.16921 -0.698673 -3.16921 -0.350001 0.594393 -0.350001 -0.594393 
1 1 0 6.10789 0.1 2.98481 -0.698911 -3.16996 -0.698911 -3.16996 -0.351126 0.593472 -0.351126 -0.593472 
1 1 0 6.11283 0.1 2.98193 -0.699148 -3.17072 -0.699148 -3.17072 -0.352221 0.592565 -0.352221 -0.592565 
1 1 0 6.11776 0.1 2.97911 -0.699385 -3.17147 -0.699385 -3.17147 -0.353287 0.591671 -0.353287 -0.591671 
1 1 0 6.1227 0.1 2.97636 -0.699622 -3.17222 -0.699622 -3.17222 -0.354325 0.590792 -0.354325 -0.590792 
1 1 0 6.12764 0.1 2.97368 -0.699859 -3.17296 -0.699859 -3.17296 -0.355334 0.589926 -0.355334 -0.589926 
1 1 0 6.13258 0.1 2.97107 -0.700096 -3.1737 -0.700096 -3.1737 -0.356315 0.589075 -0.356315 -0.589075 
1 1 0 6.13752 0.1 2.96852 -0.700333 -3.17444 -0.700333 -3.17444 -0.357268 0.588238 -0.357268 -0.588238 
1 1 0 6.14246 0.1 2.96605 -0.70057 -3.17518 -0.70057 -3.17518 -0.358191 0.587417 -0.358191 -0.587417 
1 1 0 6.1474 0.1 2.96364 -0.700806 -3.17591 -0.700806 -3.17591 -0.359087 0.58661 -0.359087 -0.58661 
1 1 0 6.15234 0.1 2.96129 -0.701043 -3.17664 -0.701043 -3.17664 -0.359954 0.585818 -0.359954 -0.585818 
1 1 0 6.15728 0.1 2.95902 -0.701279 -3.17736 -0.701279 -3.17736 -0.360792 0.585041 -0.360792 -0.585041 
1 1 0 6.16222 0.1 2.95681 -0.701515 -3.17808 -0.701515 -3.17808 -0.361603 0.58428 -0.361603 -0.58428 
1 1 0 6.16717 0.1 2.95467 -0.701751 -3.1788 -0.701751 -3.1788 -0.362385 0.583534 -0.362385 -0.583534 
1 1 0 6.17211 0.1 2.9526 -0.701987 -3.17952 -0.701987 -3.17952 -0.363139 0.582804 -0.363139 -0.582804 
1 1 0 6.17705 0.1 2.95059 -0.702223 -3.18023 -0.702223 -3.18023 -0.363864 0.58209 -0.363864 -0.58209 
1 1 0 6.182 0.1 2.94865 -0.702459 -3.18094 -0.702459 -3.18094 -0.364562 0.581392 -0.364562 -0.581392 
1 1 0 6.18694 0.1 2.94678 -0.702695 -3.18165 -0.702695 -3.18165 -0.365231 0.580709 -0.365231 -0.580709 
1 1 0 6.19189 0.1 2.94497 -0.70293 -3.18235 -0.70293 -3.18235 -0.365872 0.580043 -0.365872 -0.580043 
1 1 0 6.19683 0.1 2.94323 -0.703165 -3.18305 -0.703165 -3.18305 -0.366485 0.579394 -0.366485 -0.579394 
1 1 0 6.20178 0.1 2.94155 -0.703401 -3.18374 -0.703401 -3.18374 -0.36707 0.578761 -0.36707 -0.578761 
1 1 0 6.20672 0.1 2.93995 -0.703636 -3.18444 -0.703636 -3.18444 -0.367627 0.578145 -0.367627 -0.578145 
1 1 0 6.21167 0.1 2.9384 -0.703871 -3.18513 -0.703871 -3.18513 -0.368156 0.577545 -0.368156 -0.577545 
1 1 0 6.21662 0.1 2.93693 -0.704106 -3.18581 -0.704106 -3.18581 -0.368657 0.576963 -0.368657 -0.576963 
1 1 0 6.22156 0.1 2.93552 -0.704341 -3.18649 -0.704341 -3.18649 -0.36913 0.576398 -0.36913 -0.576398 
1 1 0 6.22651 0.1 2.93418 -0.704575 -3.18717 -0.704575 -3.18717 -0.369574 0.57585 -0.369574 -0.57585 
1 1 0 6.23146 0.1 2.9329 -0.70481 -3.18785 -0.70481 -3.18785 -0.369991 0.575319 -0.369991 -0.575319 
1 1 0 6.23641 0.1 2.93169 -0.705044 -3.18852 -0.705044 -3.18852 -0.370381 0.574804 -0.370381 -0.574804 
1 1 0 6.24136 0.1 2.93054 -0.705279 -3.18919 -0.705279 -3.18919 -0.370742 0.574307 -0.370742 -0.574307 
1 1 0 6.24631 0.1 2.92946 -0.705513 -3.18986 -0.705513 -3.18986 -0.371076 0.573828 -0.371076 -0.573828 
1 1 0 6.25126 0.1 2.92845 -0.705747 -3.19052 -0.705747 -3.19052 -0.371381 0.573366 -0.371381 -0.573366 
1 1 0 6.25621 0.1 2.9275 -0.705981 -3.19118 -0.705981 -3.19118 -0.371659 0.572923 -0.371659 -0.572923 
1 1 0 6.26116 0.1 2.92662 -0.706215 -3.19184 -0.706215 -3.19184 -0.371909 0.572497 -0.371909 -0.572497 
1 1 0 6.26611 0.1 2.9258 -0.706448 -3.19249 -0.706448 -3.19249 -0.372131 0.572088 -0.372131 -0.572088 
1 1 0 6.27107 0.1 2.92505 -0.706682 -3.19314 -0.706682 -3.19314 -0.372325 0.571697 -0.372325 -0.571697 
1 1 0 6.27602 0.1 2.92437 -0.706915 -3.19378 -0.706915 -3.19378 -0.372491 0.571325 -0.372491 -0.571325 
1 1 0 6.28097 0.1 2.92375 -0.707149 -3.19442 -0.707149 -3.19442 -0.37263 0.57097 -0.37263 -0.57097 
1 1 0 6.28593 0.1 2.9232 -0.707382 -3.19506 -0.707382 -3.19506 -0.37274 0.570633 -0.37274 -0.570633 
1 1 0 6.29088 0.1 2.92271 -0.707615 -3.1957 -0.707615 -3.1957 -0.372824 0.570315 -0.372824 -0.570315 
1 1 0 6.29583 0.1 2.92229 -0.707848 -3.19633 -0.707848 -3.19633 -0.372879 0.570013 -0.372879 -0.570013 
1 1 0 6.30079 0.1 2.92194 -0.708081 -3.19696 -0.708081 -3.19696 -0.372907 0.569731 -0.372907 -0.569731 
1 1 0 6.30574 0.1 2.92165 -0.708313 -3.19758 -0.708313 -3.19758 -0.372906 0.569466 -0.372906 -0.569466 
1 1 0 6.3107 0.1 2.92142 -0.708546 -3.1982 -0.708546 -3.1982 -0.372879 0.56922 -0.372879 -0.56922 
1 1 0 6.31566 0.1 2.92127 -0.708778 -3.19882 -0.708778 -3.19882 -0.372823 0.568992 -0.372823 -0.568992 
1 1 0 6.32061 0.1 2.92118 -0.709011 -3.19943 -0.709011 -3.19943 -0.372739 0.568782 -0.372739 -0.568782 
1 1 0 6.32557 0.1 2.92115 -0.709243 -3.20004 -0.709243 -3.20004 -0.372628 0.56859 -0.372628 -0.56859 
1 1 0 6.33053 0.1 2.9212 -0.709475 -3.20065 -0.709475 -3.20065 -0.372489 0.568417 -0.372489 -0.568417 
1 1 0 6.33549 0.1 2.9213 -0.709707 -3.20125 -0.709707 -3.20125 -0.372323 0.568261 -0.372323 -0.568261 
1 1 0 6.34044 0.1 2.92148 -0.709939 -3.20185 -0.709939 -3.20185 -0.372128 0.568124 -0.372128 -0.568124 
1 1 0 6.3454 0.1 2.92172 -0.71017 -3.20245 -0.71017 -3.20245 -0.371906 0.568005 -0.371906 -0.568005 
1 1 0 6.35036 0.1 2.92203 -0.710402 -3.20304 -0.710402 -3.20304 -0.371656 0.567905 -0.371656 -0.567905 
1 1 0 6.35532 0.1 2.9224 -0.710633 -3.20363 -0.710633 -3.20363 -0.371378 0.567822 -0.371378 -0.567822 
1 1 0 6.36028 0.1 2.92284 -0.710865 -3.20421 -0.710865 -3.20421 -0.371073 0.567757 -0.371073 -0.567757 
1 1 0 6.36524 0.1 2.92335 -0.711096 -3.2048 -0.711096 -3.2048 -0.37074 0.56771 -0.37074 -0.56771 
1 1 0 6.37021 0.1 2.92393 -0.711327 -3.20537 -0.711327 -3.20537 -0.370379 0.567682 -0.370379 -0.567682 
1 1 0 6.37517 0.1 2.92457 -0.711558 -3.20595 -0.711558 -3.20595 -0.36999 0.567671 -0.36999 -0.567671 
1 1 0 6.38013 0.1 2.92528 -0.711789 -3.20652 -0.711789 -3.20652 -0.369573 0.567679 -0.369573 -0.567679 
1 1 0 6.38509 0.1 2.92606 -0.712019 -3.20708 -0.712019 -3.20708 -0.369129 0.567704 -0.369129 -0.567704 
1 1 0 6.39005 0.1 2.9269 -0.71225 -3.20765 -0.71225 -3.20765 -0.368656 0.567748 -0.368656 -0.567748 
1 1 0 6.39502 0.1 2.92781 -0.71248 -3.2082 -0.71248 -3.2082 -0.368156 0.567809 -0.368156 -0.567809 
1 1 0 6.39998 0.1 2.92879 -0.71271 -3.20876 -0.71271 -3.20876 -0.367628 0.567887 -0.367628 -0.567887 
1 1 0 6.40495 0.1 2.92984 -0.712941 -3.20931 -0.712941 -3.20931 -0.367072 0.567983 -0.367072 -0.567983 
1 1 0 6.40991 0.1 2.93096 -0.713171 -3.20986 -0.713171 -3.20986 -0.366488 0.568097 -0.366488 -0.568097 
1 1 0 6.41488 0.1 2.93214 -0.7134 -3.2104 -0.7134 -3.2104 -0.365876 0.568229 -0.365876 -0.568229 
1 1 0 6.41984 0.1 2.9334 -0.71363 -3.21094 -0.71363 -3.21094 -0.365237 0.568377 -0.365237 -0.568377 
1 1 0 6.42481 0.1 2.93472 -0.71386 -3.21147 -0.71386 -3.21147 -0.364569 0.568543 -0.364569 -0.568543 
1 1 0 6.42977 0.1 2.93611 -0.714089 -3.21201 -0.714089 -3.21201 -0.363874 0.568726 -0.363874 -0.568726 
1 1 0 6.43474 0.1 2.93757 -0.714319 -3.21253 -0.714319 -3.21253 -0.36315 0.568926 -0.36315 -0.568926 
1 1 0 6.43971 0.1 2.9391 -0.714548 -3.21306 -0.714548 -3.21306 -0.362398 0.569144 -0.362398 -0.569144 
1 1 0 6.44468 0.1 2.94069 -0.714777 -3.21358 -0.714777 -3.21358 -0.361618 0.569377 -0.361618 -0.569377 
1 1 0 6.44964 0.1 2.94236 -0.715006 -3.21409 -0.715006 -3.21409 -0.36081 0.569629 -0.36081 -0.569629 
1 1 0 6.45461 0.1 2.9441 -0.715235 -3.2146 -0.715235 -3.2146 -0.359974 0.569896 -0.359974 -0.569896 
1 1 0 6.45958 0.1 2.94591 -0.715464 -3.21511 -0.715464 -3.21511 -0.35911 0.57018 -0.35911 -0.57018 
1 1 0 6.46455 0.1 2.94778 -0.715692 -3.21561 -0.715692 -3.21561 -0.358217 0.57048 -0.358217 -0.57048 
1 1 0 6.46952 0.1 2.94973 -0.715921 -3.21611 -0.715921 -3.21611 -0.357296 0.570797 -0.357296 -0.570797 
1 1 0 6.47449 0.1 2.95175 -0.716149 -3.21661 -0.716149 -3.21661 -0.356347 0.571129 -0.356347 -0.571129 
1 1 0 6.47946 0.1 2.95384 -0.716377 -3.2171 -0.716377 -3.2171 -0.35537 0.571478 -0.35537 -0.571478 
1 1 0 6.48443 0.1 2.956 -0.716605 -3.21758 -0.716605 -3.21758 -0.354364 0.571842 -0.354364 -0.571842 
1 1 0 6.4894 0.1 2.95824 -0.716833 -3.21806 -0.716833 -3.21806 -0.35333 0.572223 -0.35333 -0.572223 
1 1 0 6.49438 0.1 2.96054 -0.717061 -3.21854 -0.717061 -3.21854 -0.352267 0.572618 -0.352267 -0.572618 
1 1 0 6.49935 0.1 2.96292 -0.717289 -3.21902 -0.717289 -3.21902 -0.351177 0.573028 -0.351177 -0.573028 
1 1 0 6.50432 0.1 2.96537 -0.717517 -3.21949 -0.717517 -3.21949 -0.350057 0.573454 -0.350057 -0.573454 
1 1 0 6.50929 0.1 2.96789 -0.717744 -3.21995 -0.717744 -3.21995 -0.348909 0.573895 -0.348909 -0.573895 
1 1 0 6.51427 0.1 2.97049 -0.717971 -3.22041 -0.717971 -3.22041 -0.347732 0.574351 -0.347732 -0.574351 
1 1 0 6.51924 0.1 2.97316 -0.718198 -3.22087 -0.718198 -3.22087 -0.346527 0.574821 -0.346527 -0.574821 
1 1 0 6.52422 0.1 2.9759 -0.718426 -3.22132 -0.718426 -3.22132 -0.345292 0.575306 -0.345292 -0.575306 
1 1 0 6.52919 0.1 2.97872 -0.718652 -3.22177 -0.718652 -3.22177 -0.344029 0.575805 -0.344029 -0.575805 
1 1 0 6.53417 0.1 2.98161 -0.718879 -3.22221 -0.718879 -3.22221 -0.342737 0.576318 -0.342737 -0.576318 
1 1 0 6.53914 0.1 2.98458 -0.719106 -3.22265 -0.719106 -3.22265 -0.341417 0.576845 -0.341417 -0.576845 
1 1 0 6.54412 0.1 2.98762 -0.719332 -3.22308 -0.719332 -3.22308 -0.340067 0.577386 -0.340067 -0.577386 
1 1 0 6.54909 0.1 2.99074 -0.719559 -3.22351 -0.719559 -3.22351 -0.338688 0.57794 -0.338688 -0.57794 
1 1 0 6.55407 0.1 2.99394 -0.719785 -3.22393 -0.719785 -3.22393 -0.33728 0.578507 -0.33728 -0.578507 
1 1 0 6.55905 0.1 2.99721 -0.720011 -3.22435 -0.720011 -3.22435 -0.335844 0.579087 -0.335844 -0.579087 
1 1 0 6.56402 0.1 3.00056 -0.720237 -3.22477 -0.720237 -3.22477 -0.334378 0.57968 -0.334378 -0.57968 
1 1 0 6.569 0.1 3.00399 -0.720463 -3.22518 -0.720463 -3.22518 -0.332882 0.580287 -0.332882 -0.580287 
1 1 0 6.57398 0.1 3.00749 -0.720689 -3.22559 -0.720689 -3.22559 -0.331357 0.580904 -0.331357 -0.580904 
1 1 0 6.57896 0.1 3.01107 -0.720915 -3.22599 -0.720915 -3.22599 -0.329803 0.581535 -0.329803 -0.581535 
1 1 0 6.58394 0.1 3.01474 -0.72114 -3.22638 -0.72114 -3.22638 -0.328219 0.582177 -0.328219 -0.582177 
1 1 0 6.58892 0.1 3.01848 -0.721366 -3.22677 -0.721366 -3.22677 -0.326606 0.58283 -0.326606 -0.58283 
1 1 0 6.5939 0.1 3.0223 -0.721591 -3.22716 -0.721591 -3.22716 -0.324963 0.583496 -0.324963 -0.583496 
1 1 0 6.59888 0.1 3.0262 -0.721816 -3.22754 -0.721816 -3.22754 -0.323291 0.584172 -0.323291 -0.584172 
1 1 0 6.60386 0.1 3.03019 -0.722041 -3.22792 -0.722041 -3.22792 -0.321588 0.58486 -0.321588 -0.58486 
1 1 0 6.60884 0.1 3.03426 -0.722266 -3.22829 -0.722266 -3.22829 -0.319856 0.585557 -0.319856 -0.585557 
1 1 0 6.61382 0.1 3.03841 -0.722491 -3.22866 -0.722491 -3.22866 -0.318093 0.586266 -0.318093 -0.586266 
1 1 0 6.6188 0.1 3.04264 -0.722715 -3.22902 -0.722715 -3.22902 -0.316301 0.586985 -0.316301 -0.586985 
1 1 0 6.62379 0.1 3.04696 -0.72294 -3.22937 -0.72294 -3.22937 -0.314478 0.587713 -0.314478 -0.587713 
1 1 0 6.62877 0.1 3.05136 -0.723164 -3.22972 -0.723164 -3.22972 -0.312626 0.588451 -0.312626 -0.588451 
1 1 0 6.63375 0.1 3.05584 -0.723388 -3.23007 -0.723388 -3.23007 -0.310742 0.589199 -0.310742 -0.589199 
1 1 0 6.63874 0.1 3.06042 -0.723613 -3.23041 -0.723613 -3.23041 -0.308829 0.589955 -0.308829 -0.589955 
1 1 0 6.64372 0.1 3.06508 -0.723837 -3.23074 -0.723837 -3.23074 -0.306884 0.590721 -0.306884 -0.590721 
1 1 0 6.6487 0.1 3.06982 -0.72406 -3.23107 -0.72406 -3.23107 -0.30491 0.591495 -0.30491 -0.591495 
1 1 0 6.65369 0.1 3.07466 -0.724284 -3.2314 -0.724284 -3.2314 -0.302904 0.592277 -0.302904 -0.592277 
1 1 0 6.65867 0.1 3.07958 -0.724508 -3.23172 -0.724508 -3.23172 -0.300867 0.593067 -0.300867 -0.593067 
1 1 0 6.66366 0.1 3.08459 -0.724731 -3.23203 -0.724731 -3.23203 -0.2988 0.593865 -0.2988 -0.593865 
1 1 0 6.66864 0.1 3.0897 -0.724955 -3.23234 -0.724955 -3.23234 -0.296701 0.59467 -0.296701 -0.59467 
1 1 0 6.67363 0.1 3.0949 -0.725178 -3.23264 -0.725178 -3.23264 -0.294571 0.595482 -0.294571 -0.595482 
1 1 0 6.67862 0.1 3.10019 -0.725401 -3.23294 -0.725401 -3.23294 -0.29241 0.596302 -0.29241 -0.596302 
1 1 0 6.6836 0.1 3.10557 -0.725624 -3.23323 -0.725624 -3.23323 -0.290217 0.597127 -0.290217 -0.597127 
1 1 0 6.68859 0.1 3.11104 -0.725847 -3.23351 -0.725847 -3.23351 -0.287993 0.597958 -0.287993 -0.597958 
1 1 0 6.69358 0.1 3.11662 -0.72607 -3.23379 -0.72607 -3.23379 -0.285737 0.598795 -0.285737 -0.598795 
1 1 0 6.69856 0.1 3.12229 -0.726292 -3.23407 -0.726292 -3.23407 -0.283449 0.599638 -0.283449 -0.599638 
1 1 0 6.70355 0.1 3.12805 -0.726515 -3.23434 -0.726515 -3.23434 -0.281129 0.600487 -0.281129 -0.600487 
1 1 0 6.70854 0.1 3.13392 -0.726737 -3.2346 -0.726737 -3.2346 -0.278777 0.601339 -0.278777 -0.601339 
1 1 0 6.71353 0.1 3.13988 -0.72696 -3.23485 -0.72696 -3.23485 -0.276393 0.602197 -0.276393 -0.602197 
1 1 0 6.71852 0.1 3.14595 -0.727182 -3.2351 -0.727182 -3.2351 -0.273976 0.603059 -0.273976 -0.603059 
1 1 0 6.72351 0.1 3.15212 -0.727404 -3.23535 -0.727404 -3.23535 -0.271527 0.603925 -0.271527 -0.603925 
1 1 0 6.7285 0.1 3.15839 -0.727626 -3.23558 -0.727626 -3.23558 -0.269045 0.604793 -0.269045 -0.604793 
1 1 0 6.73349 0.1 3.16477 -0.727847 -3.23582 -0.727847 -3.23582 -0.26653 0.605665 -0.26653 -0.605665 
1 1 0 6.73848 0.1 3.17125 -0.728069 -3.23604 -0.728069 -3.23604 -0.263982 0.606541 -0.263982 -0.606541 
1 1 0 6.74347 0.1 3.17784 -0.728291 -3.23626 -0.728291 -3.23626 -0.261401 0.607418 -0.261401 -0.607418 
1 1 0 6.74846 0.1 3.18454 -0.728512 -3.23647 -0.728512 -3.23647 -0.258786 0.608298 -0.258786 -0.608298 
1 1 0 6.75345 0.1 3.19135 -0.728733 -3.23668 -0.728733 -3.23668 -0.256138 0.609178 -0.256138 -0.609178 
1 1 0 6.75844 0.1 3.19827 -0.728955 -3.23688 -0.728955 -3.23688 -0.253456 0.610061 -0.253456 -0.610061 
1 1 0 6.76343 0.1 3.2053 -0.729176 -3.23707 -0.729176 -3.23707 -0.25074 0.610945 -0.25074 -0.610945 
1 1 0 6.76842 0.1 3.21245 -0.729397 -3.23725 -0.729397 -3.23725 -0.24799 0.611829 -0.24799 -0.611829 
1 1 0 6.77341 0.1 3.21971 -0.729618 -3.23743 -0.729618 -3.23743 -0.245206 0.612713 -0.245206 -0.612713 
1 1 0 6.77841 0.1 3.2271 -0.729838 -3.2376 -0.729838 -3.2376 -0.242387 0.613598 -0.242387 -0.613598 
1 1 0 6.7834 0.1 3.2346 -0.730059 -3.23777 -0.730059 -3.23777 -0.239534 0.614481 -0.239534 -0.614481 
1 1 0 6.78839 0.1 3.24223 -0.730279 -3.23793 -0.730279 -3.23793 -0.236645 0.615364 -0.236645 -0.615364 
1 1 0 6.79338 0.1 3.24997 -0.7305 -3.23808 -0.7305 -3.23808 -0.233722 0.616245 -0.233722 -0.616245 
1 1 0 6.79838 0.1 3.25785 -0.73072 -3.23822 -0.73072 -3.23822 -0.230763 0.617125 -0.230763 -0.617125 
1 1 0 6.80337 0.1 3.26585 -0.73094 -3.23836 -0.73094 -3.23836 -0.227769 0.618003 -0.227769 -0.618003 
1 1 0 6.80836 0.1 3.27398 -0.73116 -3.23849 -0.73116 -3.23849 -0.224738 0.618878 -0.224738 -0.618878 
1 1 0 6.81336 0.1 3.28224 -0.73138 -3.23861 -0.73138 -3.23861 -0.221672 0.619749 -0.221672 -0.619749 
1 1 0 6.81835 0.1 3.29064 -0.7316 -3.23872 -0.7316 -3.23872 -0.21857 0.620618 -0.21857 -0.620618 
1 1 0 6.82334 0.1 3.29917 -0.73182 -3.23883 -0.73182 -3.23883 -0.215431 0.621481 -0.215431 -0.621481 
1 1 0 6.82834 0.1 3.30784 -0.732039 -3.23893 -0.732039 -3.23893 -0.212255 0.622341 -0.212255 -0.622341 
1 1 0 6.83333 0.1 3.31665 -0.732259 -3.23902 -0.732259 -3.23902 -0.209043 0.623196 -0.209043 -0.623196 
1 1 0 6.83833 0.1 3.3256 -0.732478 -3.2391 -0.732478 -3.2391 -0.205792 0.624046 -0.205792 -0.624046 
1 1 0 6.84332 0.1 3.3347 -0.732697 -3.23918 -0.732697 -3.23918 -0.202505 0.62489 -0.202505 -0.62489 
1 1 0 6.84832 0.1 3.34395 -0.732916 -3.23925 -0.732916 -3.23925 -0.199179 0.625728 -0.199179 -0.625728 
1 1 0 6.85331 0.1 3.35335 -0.733135 -3.23931 -0.733135 -3.23931 -0.195815 0.626559 -0.195815 -0.626559 
1 1 0 6.85831 0.1 3.3629 -0.733354 -3.23936 -0.733354 -3.23936 -0.192413 0.627383 -0.192413 -0.627383 
1 1 0 6.8633 0.1 3.37261 -0.733573 -3.2394 -0.733573 -3.2394 -0.188973 0.628199 -0.188973 -0.628199 
2 1 0 6.43 0.1 0 -0.939794 -3.33662 -0.939794 -3.33662 -0.188973 0.628199 -0.188973 -0.628199 
1 1 0 6.43 0.1 2.93617 -0.939794 -3.33662 -0.939794 -3.33662 -0.363841 0.568735 -0.363841 -0.568735 
1 1 0 6.43 0.1 2.93617 -0.939794 -3.33662 -0.939794 -3.33662 -0.363841 0.568735 -0.363841 -0.568735 
1 1 0 6.43 0.1 2.93617 -0.939794 -3.33662 -0.939794 -3.33662 -0.363841 0.568735 -0.363841 -0.568735 
1 1 0 6.43 0.1 2.93617 -0.939794 -3.33662 -0.939794 -3.33662 -0.363841 0.568735 -0.363841 -0.568735 
1 1 0 6.43 0.1 2.93617 -0.939794 -3.33662 -0.939794 -3.33662 -0.36384 0.568735 -0.36384 -0.568735 
1 1 0 6.43001 0.1 2.93618 -0.939795 -3.33662 -0.939795 -3.33662 -0.36384 0.568735 -0.36384 -0.568735 
1 1 0 6.43002 0.1 2.93618 -0.939796 -3.33662 -0.939796 -3.33662 -0.363838 0.568736 -0.363838 -0.568736 
1 1 0 6.43003 0.1 2.93618 -0.939797 -3.33663 -0.939797 -3.33663 -0.363836 0.568736 -0.363836 -0.568736 
1 1 0 6.43005 0.1 2.93619 -0.939799 -3.33663 -0.939799 -3.33663 -0.363833 0.568737 -0.363833 -0.568737 
1 1 0 6.43008 0.1 2.9362 -0.939802 -3.33664 -0.939802 -3.33664 -0.363829 0.568738 -0.363829 -0.568738 
1 1 0 6.43013 0.1 2.93621 -0.939807 -3.33665 -0.939807 -3.33665 -0.363822 0.56874 -0.363822 -0.56874 
1 1 0 6.4302 0.1 2.93623 -0.939814 -3.33667 -0.939814 -3.33667 -0.363812 0.568743 -0.363812 -0.568743 
1 1 0 6.43031 0.1 2.93626 -0.939825 -3.33669 -0.939825 -3.33669 -0.363797 0.568747 -0.363797 -0.568747 
1 1 0 6.43047 0.1 2.93631 -0.93984 -3.33673 -0.93984 -3.33673 -0.363774 0.568753 -0.363774 -0.568753 
1 1 0 6.43071 0.1 2.93638 -0.939864 -3.33678 -0.939864 -3.33678 -0.36374 0.568762 -0.36374 -0.568762 
1 1 0 6.43106 0.1 2.93648 -0.9399 -3.33687 -0.9399 -3.33687 -0.363688 0.568777 -0.363688 -0.568777 
1 1 0 6.4316 0.1 2.93664 -0.939954 -3.33699 -0.939954 -3.33699 -0.363611 0.568798 -0.363611 -0.568798 
1 1 0 6.4324 0.1 2.93687 -0.940034 -3.33718 -0.940034 -3.33718 -0.363494 0.56883 -0.363494 -0.56883 
1 1 0 6.43361 0.1 2.93723 -0.940155 -3.33747 -0.940155 -3.33747 -0.363317 0.568879 -0.363317 -0.568879 
1 1 0 6.43494 0.1 2.93763 -0.940287 -3.33778 -0.940287 -3.33778 -0.36312 0.568935 -0.36312 -0.568935 
1 1 0 6.4364 0.1 2.93807 -0.940433 -3.33812 -0.940433 -3.33812 -0.362902 0.568997 -0.362902 -0.568997 
1 1 0 6.43801 0.1 2.93856 -0.940593 -3.3385 -0.940593 -3.3385 -0.362659 0.569067 -0.362659 -0.569067 
1 1 0 6.43977 0.1 2.93912 -0.94077 -3.33892 -0.94077 -3.33892 -0.362388 0.569147 -0.362388 -0.569147 
1 1 0 6.44171 0.1 2.93973 -0.940964 -3.33938 -0.940964 -3.33938 -0.362086 0.569236 -0.362086 -0.569236 
1 1 0 6.44385 0.1 2.94042 -0.941177 -3.33988 -0.941177 -3.33988 -0.361749 0.569338 -0.361749 -0.569338 
1 1 0 6.4462 0.1 2.9412 -0.941412 -3.34044 -0.941412 -3.34044 -0.361372 0.569453 -0.361372 -0.569453 
1 1 0 6.44879 0.1 2.94207 -0.941669 -3.34105 -0.941669 -3.34105 -0.360951 0.569584 -0.360951 -0.569584 
1 1 0 6.45163 0.1 2.94305 -0.941953 -3.34172 -0.941953 -3.34172 -0.360478 0.569734 -0.360478 -0.569734 
1 1 0 6.45476 0.1 2.94415 -0.942265 -3.34247 -0.942265 -3.34247 -0.359948 0.569904 -0.359948 -0.569904 
1 1 0 6.4582 0.1 2.9454 -0.942607 -3.34329 -0.942607 -3.34329 -0.359352 0.5701 -0.359352 -0.5701 
1 1 0 6.46199 0.1 2.94681 -0.942984 -3.34419 -0.942984 -3.34419 -0.358681 0.570323 -0.358681 -0.570323 
1 1 0 6.46615 0.1 2.9484 -0.943398 -3.34518 -0.943398 -3.34518 -0.357924 0.57058 -0.357924 -0.57058 
1 1 0 6.47073 0.1 2.95022 -0.943854 -3.34628 -0.943854 -3.34628 -0.357068 0.570876 -0.357068 -0.570876 
1 1 0 6.47557 0.1 2.9522 -0.944334 -3.34744 -0.944334 -3.34744 -0.356137 0.571204 -0.356137 -0.571204 
1 1 0 6.48041 0.1 2.95425 -0.944815 -3.3486 -0.944815 -3.3486 -0.35518 0.571546 -0.35518 -0.571546 
1 1 0 6.48525 0.1 2.95636 -0.945295 -3.34977 -0.945295 -3.34977 -0.354197 0.571903 -0.354197 -0.571903 
1 1 0 6.49008 0.1 2.95855 -0.945775 -3.35094 -0.945775 -3.35094 -0.353186 0.572275 -0.353186 -0.572275 
1 1 0 6.49492 0.1 2.9608 -0.946254 -3.35211 -0.946254 -3.35211 -0.352149 0.572662 -0.352149 -0.572662 
1 1 0 6.49976 0.1 2.96312 -0.946733 -3.35329 -0.946733 -3.35329 -0.351085 0.573063 -0.351085 -0.573063 
1 1 0 6.50459 0.1 2.96551 -0.947212 -3.35446 -0.947212 -3.35446 -0.349995 0.573478 -0.349995 -0.573478 
1 1 0 6.50943 0.1 2.96796 -0.94769 -3.35564 -0.94769 -3.35564 -0.348877 0.573908 -0.348877 -0.573908 
1 1 0 6.51426 0.1 2.97049 -0.948168 -3.35683 -0.948168 -3.35683 -0.347733 0.574351 -0.347733 -0.574351 
1 1 0 6.5191 0.1 2.97308 -0.948645 -3.35801 -0.948645 -3.35801 -0.346562 0.574808 -0.346562 -0.574808 
1 1 0 6.52393 0.1 2.97574 -0.949123 -3.3592 -0.949123 -3.3592 -0.345364 0.575278 -0.345364 -0.575278 
1 1 0 6.52876 0.1 2.97847 -0.949599 -3.36039 -0.949599 -3.36039 -0.344139 0.575761 -0.344139 -0.575761 
1 1 0 6.53359 0.1 2.98128 -0.950076 -3.36159 -0.950076 -3.36159 -0.342887 0.576259 -0.342887 -0.576259 
1 1 0 6.53842 0.1 2.98415 -0.950552 -3.36279 -0.950552 -3.36279 -0.341609 0.576768 -0.341609 -0.576768 
1 1 0 6.54326 0.1 2.98709 -0.951027 -3.36399 -0.951027 -3.36399 -0.340303 0.577291 -0.340303 -0.577291 
1 1 0 6.54809 0.1 2.9901 -0.951502 -3.36519 -0.951502 -3.36519 -0.33897 0.577826 -0.33897 -0.577826 
1 1 0 6.55291 0.1 2.99319 -0.951977 -3.3664 -0.951977 -3.3664 -0.33761 0.578375 -0.33761 -0.578375 
1 1 0 6.55774 0.1 2.99634 -0.952452 -3.3676 -0.952452 -3.3676 -0.336223 0.578934 -0.336223 -0.578934 
1 1 0 6.56257 0.1 2.99957 -0.952926 -3.36882 -0.952926 -3.36882 -0.334809 0.579506 -0.334809 -0.579506 
1 1 0 6.5674 0.1 3.00287 -0.953399 -3.37003 -0.953399 -3.37003 -0.333367 0.58009 -0.333367 -0.58009 
1 1 0 6.57222 0.1 3.00624 -0.953872 -3.37125 -0.953872 -3.37125 -0.331899 0.580685 -0.331899 -0.580685 
1 1 0 6.57705 0.1 3.00969 -0.954345 -3.37247 -0.954345 -3.37247 -0.330403 0.581291 -0.330403 -0.581291 
1 1 0 6.58187 0.1 3.01321 -0.954818 -3.37369 -0.954818 -3.37369 -0.32888 0.581909 -0.32888 -0.581909 
1 1 0 6.5867 0.1 3.0168 -0.95529 -3.37492 -0.95529 -3.37492 -0.327329 0.582538 -0.327329 -0.582538 
1 1 0 6.59152 0.1 3.02047 -0.955762 -3.37615 -0.955762 -3.37615 -0.325751 0.583177 -0.325751 -0.583177 
1 1 0 6.59634 0.1 3.02421 -0.956233 -3.37738 -0.956233 -3.37738 -0.324145 0.583827 -0.324145 -0.583827 
1 1 0 6.60117 0.1 3.02803 -0.956704 -3.37861 -0.956704 -3.37861 -0.322512 0.584487 -0.322512 -0.584487 
1 1 0 6.60599 0.1 3.03192 -0.957175 -3.37985 -0.957175 -3.37985 -0.320852 0.585157 -0.320852 -0.585157 
1 1 0 6.61081 0.1 3.03589 -0.957645 -3.38109 -0.957645 -3.38109 -0.319163 0.585836 -0.319163 -0.585836 
1 1 0 6.61563 0.1 3.03993 -0.958114 -3.38234 -0.958114 -3.38234 -0.317447 0.586526 -0.317447 -0.586526 
1 1 0 6.62045 0.1 3.04405 -0.958584 -3.38359 -0.958584 -3.38359 -0.315703 0.587224 -0.315703 -0.587224 
1 1 0 6.62527 0.1 3.04825 -0.959053 -3.38484 -0.959053 -3.38484 -0.313931 0.587931 -0.313931 -0.587931 
1 1 0 6.63008 0.1 3.05253 -0.959521 -3.38609 -0.959521 -3.38609 -0.312132 0.588648 -0.312132 -0.588648 
1 1 0 6.6349 0.1 3.05689 -0.95999 -3.38735 -0.95999 -3.38735 -0.310304 0.589373 -0.310304 -0.589373 
1 1 0 6.63972 0.1 3.06133 -0.960458 -3.38861 -0.960458 -3.38861 -0.308448 0.590105 -0.308448 -0.590105 
1 1 0 6.64453 0.1 3.06584 -0.960925 -3.38987 -0.960925 -3.38987 -0.306564 0.590846 -0.306564 -0.590846 
1 1 0 6.64935 0.1 3.07044 -0.961392 -3.39113 -0.961392 -3.39113 -0.304652 0.591595 -0.304652 -0.591595 
1 1 0 6.65416 0.1 3.07512 -0.961859 -3.3924 -0.961859 -3.3924 -0.302712 0.592351 -0.302712 -0.592351 
1 1 0 6.65897 0.1 3.07988 -0.962325 -3.39367 -0.962325 -3.39367 -0.300743 0.593115 -0.300743 -0.593115 
1 1 0 6.66379 0.1 3.08473 -0.962791 -3.39495 -0.962791 -3.39495 -0.298746 0.593886 -0.298746 -0.593886 
1 1 0 6.6686 0.1 3.08965 -0.963256 -3.39623 -0.963256 -3.39623 -0.296721 0.594663 -0.296721 -0.594663 
1 1 0 6.67341 0.1 3.09466 -0.963721 -3.39751 -0.963721 -3.39751 -0.294666 0.595446 -0.294666 -0.595446 
1 1 0 6.67822 0.1 3.09976 -0.964186 -3.39879 -0.964186 -3.39879 -0.292584 0.596236 -0.292584 -0.596236 
1 1 0 6.68303 0.1 3.10494 -0.96465 -3.40008 -0.96465 -3.40008 -0.290472 0.597031 -0.290472 -0.597031 
1 1 0 6.68783 0.1 3.11021 -0.965114 -3.40137 -0.965114 -3.40137 -0.288332 0.597832 -0.288332 -0.597832 
1 1 0 6.69264 0.1 3.11557 -0.965577 -3.40267 -0.965577 -3.40267 -0.286162 0.598638 -0.286162 -0.598638 
1 1 0 6.69745 0.1 3.12101 -0.96604 -3.40397 -0.96604 -3.40397 -0.283964 0.599449 -0.283964 -0.599449 
1 1 0 6.70225 0.1 3.12654 -0.966503 -3.40527 -0.966503 -3.40527 -0.281736 0.600265 -0.281736 -0.600265 
1 1 0 6.70706 0.1 3.13217 -0.966965 -3.40657 -0.966965 -3.40657 -0.279479 0.601086 -0.279479 -0.601086 
1 1 0 6.71186 0.1 3.13788 -0.967427 -3.40788 -0.967427 -3.40788 -0.277193 0.60191 -0.277193 -0.60191 
1 1 0 6.71666 0.1 3.14369 -0.967888 -3.40919 -0.967888 -3.40919 -0.274877 0.602738 -0.274877 -0.602738 
1 1 0 6.72147 0.1 3.14959 -0.968349 -3.41051 -0.968349 -3.41051 -0.272532 0.60357 -0.272532 -0.60357 
1 1 0 6.72627 0.1 3.15558 -0.96881 -3.41182 -0.96881 -3.41182 -0.270157 0.604405 -0.270157 -0.604405 
1 1 0 6.73107 0.1 3.16167 -0.96927 -3.41315 -0.96927 -3.41315 -0.267752 0.605243 -0.267752 -0.605243 
1 1 0 6.73587 0.1 3.16785 -0.96973 -3.41447 -0.96973 -3.41447 -0.265318 0.606083 -0.265318 -0.606083 
1 1 0 6.74067 0.1 3.17413 -0.970189 -3.4158 -0.970189 -3.4158 -0.262853 0.606925 -0.262853 -0.606925 
1 1 0 6.74546 0.1 3.18051 -0.970648 -3.41713 -0.970648 -3.41713 -0.260358 0.60777 -0.260358 -0.60777 
1 1 0 6.75026 0.1 3.18699 -0.971107 -3.41847 -0.971107 -3.41847 -0.257833 0.608616 -0.257833 -0.608616 
1 1 0 6.75506 0.1 3.19356 -0.971565 -3.4198 -0.971565 -3.4198 -0.255278 0.609463 -0.255278 -0.609463 
1 1 0 6.75985 0.1 3.20024 -0.972023 -3.42115 -0.972023 -3.42115 -0.252692 0.610311 -0.252692 -0.610311 
1 1 0 6.76464 0.1 3.20703 -0.97248 -3.42249 -0.97248 -3.42249 -0.250075 0.61116 -0.250075 -0.61116 
1 1 0 6.76944 0.1 3.21392 -0.972937 -3.42384 -0.972937 -3.42384 -0.247427 0.612009 -0.247427 -0.612009 
1 1 0 6.77423 0.1 3.22091 -0.973393 -3.4252 -0.973393 -3.4252 -0.244749 0.612858 -0.244749 -0.612858 
1 1 0 6.77902 0.1 3.22801 -0.973849 -3.42655 -0.973849 -3.42655 -0.242039 0.613706 -0.242039 -0.613706 
1 1 0 6.78381 0.1 3.23522 -0.974305 -3.42791 -0.974305 -3.42791 -0.239298 0.614554 -0.239298 -0.614554 
1 1 0 6.7886 0.1 3.24254 -0.97476 -3.42928 -0.97476 -3.42928 -0.236525 0.615401 -0.236525 -0.615401 
1 1 0 6.79338 0.1 3.24998 -0.975214 -3.43065 -0.975214 -3.43065 -0.233721 0.616246 -0.233721 -0.616246 
1 1 0 6.79817 0.1 3.25752 -0.975669 -3.43202 -0.975669 -3.43202 -0.230886 0.617089 -0.230886 -0.617089 
1 1 0 6.80296 0.1 3.26518 -0.976122 -3.4334 -0.976122 -3.4334 -0.228018 0.61793 -0.228018 -0.61793 
1 1 0 6.80774 0.1 3.27296 -0.976576 -3.43478 -0.976576 -3.43478 -0.225118 0.618769 -0.225118 -0.618769 
1 1 0 6.81252 0.1 3.28085 -0.977029 -3.43616 -0.977029 -3.43616 -0.222186 0.619604 -0.222186 -0.619604 
1 1 0 6.81731 0.1 3.28887 -0.977481 -3.43755 -0.977481 -3.43755 -0.219222 0.620436 -0.219222 -0.620436 
1 1 0 6.82209 0.1 3.29701 -0.977933 -3.43894 -0.977933 -3.43894 -0.216225 0.621264 -0.216225 -0.621264 
1 1 0 6.82687 0.1 3.30527 -0.978385 -3.44033 -0.978385 -3.44033 -0.213195 0.622088 -0.213195 -0.622088 
1 1 0 6.83165 0.1 3.31366 -0.978836 -3.44173 -0.978836 -3.44173 -0.210132 0.622908 -0.210132 -0.622908 
1 1 0 6.83642 0.1 3.32217 -0.979287 -3.44314 -0.979287 -3.44314 -0.207035 0.623723 -0.207035 -0.623723 
1 1 0 6.8412 0.1 3.33082 -0.979737 -3.44454 -0.979737 -3.44454 -0.203906 0.624532 -0.203906 -0.624532 
1 1 0 6.84598 0.1 3.3396 -0.980187 -3.44596 -0.980187 -3.44596 -0.200742 0.625336 -0.200742 -0.625336 
1 1 0 6.85075 0.1 3.34851 -0.980636 -3.44737 -0.980636 -3.44737 -0.197545 0.626133 -0.197545 -0.626133 
1 1 0 6.85552 0.1 3.35756 -0.981085 -3.44879 -0.981085 -3.44879 -0.194314 0.626924 -0.194314 -0.626924 
1 1 0 6.8603 0.1 3.36675 -0.981533 -3.45022 -0.981533 -3.45022 -0.191048 0.627708 -0.191048 -0.627708 
1 1 0 6.86507 0.1 3.37608 -0.981981 -3.45164 -0.981981 -3.45164 -0.187748 0.628485 -0.187748 -0.628485 
1 1 0 6.86984 0.1 3.38556 -0.982429 -3.45308 -0.982429 -3.45308 -0.184413 0.629253 -0.184413 -0.629253 
1 1 0 6.8746 0.1 3.39518 -0.982876 -3.45451 -0.982876 -3.45451 -0.181043 0.630013 -0.181043 -0.630013 
1 1 0 6.87937 0.1 3.40495 -0.983323 -3.45595 -0.983323 -3.45595 -0.177638 0.630765 -0.177638 -0.630765 
1 1 0 6.88414 0.1 3.41487 -0.983769 -3.4574 -0.983769 -3.4574 -0.174197 0.631507 -0.174197 -0.631507 
1 1 0 6.8889 0.1 3.42495 -0.984214 -3.45885 -0.984214 -3.45885 -0.170721 0.632239 -0.170721 -0.632239 
1 1 0 6.89366 0.1 3.43519 -0.984659 -3.46031 -0.984659 -3.46031 -0.167207 0.632961 -0.167207 -0.632961 
1 1 0 6.89842 0.1 3.44559 -0.985104 -3.46176 -0.985104 -3.46176 -0.163658 0.633672 -0.163658 -0.633672 
1 1 0 6.90319 0.1 3.45616 -0.985548 -3.46323 -0.985548 -3.46323 -0.160073 0.634373 -0.160073 -0.634373 
1 1 0 6.90794 0.1 3.46689 -0.985992 -3.4647 -0.985992 -3.4647 -0.15645 0.635061 -0.15645 -0.635061 
1 1 0 6.9127 0.1 3.47779 -0.986435 -3.46617 -0.986435 -3.46617 -0.15279 0.635737 -0.15279 -0.635737 
1 1 0 6.91746 0.1 3.48888 -0.986878 -3.46765 -0.986878 -3.46765 -0.149092 0.636401 -0.149092 -0.636401 
1 1 0 6.92221 0.1 3.50013 -0.98732 -3.46913 -0.98732 -3.46913 -0.145356 0.637051 -0.145356 -0.637051 
1 1 0 6.92696 0.1 3.51158 -0.987761 -3.47062 -0.987761 -3.47062 -0.141582 0.637687 -0.141582 -0.637687 
1 1 0 6.93172 0.1 3.52321 -0.988203 -3.47211 -0.988203 -3.47211 -0.13777 0.638308 -0.13777 -0.638308 
1 1 0 6.93647 0.1 3.53503 -0.988643 -3.47361 -0.988643 -3.47361 -0.133918 0.638915 -0.133918 -0.638915 
1 1 0 6.94122 0.1 3.54704 -0.989083 -3.47511 -0.989083 -3.47511 -0.130028 0.639506 -0.130028 -0.639506 
1 1 0 6.94596 0.1 3.55926 -0.989523 -3.47662 -0.989523 -3.47662 -0.126097 0.640081 -0.126097 -0.640081 
1 1 0 6.95071 0.1 3.57168 -0.989962 -3.47813 -0.989962 -3.47813 -0.122127 0.640639 -0.122127 -0.640639 
1 1 0 6.95545 0.1 3.58431 -0.990401 -3.47965 -0.990401 -3.47965 -0.118116 0.64118 -0.118116 -0.64118 
1 1 0 6.96019 0.1 3.59715 -0.990839 -3.48117 -0.990839 -3.48117 -0.114064 0.641702 -0.114064 -0.641702 
1 1 0 6.96493 0.1 3.61022 -0.991276 -3.4827 -0.991276 -3.4827 -0.109971 0.642206 -0.109971 -0.642206 
1 1 0 6.96967 0.1 3.6235 -0.991713 -3.48423 -0.991713 -3.48423 -0.105836 0.64269 -0.105836 -0.64269 
1 1 0 6.97441 0.1 3.63702 -0.992149 -3.48577 -0.992149 -3.48577 -0.101659 0.643155 -0.101659 -0.643155 
1 1 0 6.97915 0.1 3.65078 -0.992585 -3.48732 -0.992585 -3.48732 -0.0974389 0.643598 -0.0974389 -0.643598 
1 1 0 6.98388 0.1 3.66478 -0.99302 -3.48887 -0.99302 -3.48887 -0.0931762 0.64402 -0.0931762 -0.64402 
1 1 0 6.98861 0.1 3.67903 -0.993455 -3.49042 -0.993455 -3.49042 -0.0888697 0.64442 -0.0888697 -0.64442 
1 1 0 6.99334 0.1 3.69353 -0.993889 -3.49199 -0.993889 -3.49199 -0.0845192 0.644796 -0.0845192 -0.644796 
1 1 0 6.99807 0.1 3.7083 -0.994323 -3.49355 -0.994323 -3.49355 -0.0801239 0.645149 -0.0801239 -0.645149 
1 1 0 7.0028 0.1 3.72333 -0.994756 -3.49513 -0.994756 -3.49513 -0.0756836 0.645477 -0.0756836 -0.645477 
1 1 0 7.00752 0.1 3.73865 -0.995188 -3.49671 -0.995188 -3.49671 -0.0711973 0.64578 -0.0711973 -0.64578 
1 1 0 7.01224 0.1 3.75425 -0.99562 -3.49829 -0.99562 -3.49829 -0.0666651 0.646056 -0.0666651 -0.646056 
1 1 0 7.01696 0.1 3.77014 -0.996051 -3.49988 -0.996051 -3.49988 -0.0620859 0.646305 -0.0620859 -0.646305 
1 1 0 7.02168 0.1 3.78634 -0.996482 -3.50148 -0.996482 -3.50148 -0.057459 0.646527 -0.057459 -0.646527 
1 1 0 7.0264 0.1 3.80284 -0.996912 -3.50309 -0.996912 -3.50309 -0.0527841 0.646719 -0.0527841 -0.646719 
1 1 0 7.03111 0.1 3.81967 -0.997341 -3.5047 -0.997341 -3.5047 -0.0480605 0.646881 -0.0480605 -0.646881 
1 1 0 7.03582 0.1 3.83683 -0.99777 -3.50631 -0.99777 -3.50631 -0.0432872 0.647012 -0.0432872 -0.647012 
1 1 0 7.04053 0.1 3.85432 -0.998198 -3.50794 -0.998198 -3.50794 -0.0384641 0.647111 -0.0384641 -0.647111 
1 1 0 7.04524 0.1 3.87217 -0.998625 -3.50957 -0.998625 -3.50957 -0.0335897 0.647177 -0.0335897 -0.647177 
1 1 0 7.04994 0.1 3.89038 -0.999052 -3.51121 -0.999052 -3.51121 -0.0286639 0.647208 -0.0286639 -0.647208 
1 1 0 7.05465 0.1 3.90897 -0.999478 -3.51285 -0.999478 -3.51285 -0.0236857 0.647205 -0.0236857 -0.647205 
1 1 0 7.05935 0.1 3.92794 -0.999904 -3.5145 -0.999904 -3.5145 -0.0186542 0.647164 -0.0186542 -0.647164 
1 1 0 7.06404 0.1 3.94731 -1.00033 -3.51616 -1.00033 -3.51616 -0.0135686 0.647086 -0.0135686 -0.647086 
1 1 0 7.06874 0.1 3.9671 -1.00075 -3.51783 -1.00075 -3.51783 -0.00842811 0.646969 -0.00842811 -0.646969 
1 1 0 7.07343 0.1 3.98732 -1.00118 -3.5195 -1.00118 -3.5195 -0.00323181 0.646812 -0.00323181 -0.646812 
1 1 0 7.07812 0.1 4.00798 -1.0016 -3.52118 -1.0016 -3.52118 0.00202133 0.646612 0.00202133 -0.646612 
1 1 0 7.08281 0.1 4.02909 -1.00202 -3.52287 -1.00202 -3.52287 0.00733209 0.64637 0.00733209 -0.64637 
1 1 0 7.08749 0.1 4.05069 -1.00244 -3.52456 -1.00244 -3.52456 0.0127017 0.646083 0.0127017 -0.646083 
1 1 0 7.09218 0.1 4.07278 -1.00286 -3.52627 -1.00286 -3.52627 0.0181311 0.64575 0.0181311 -0.64575 
1 1 0 7.09685 0.1 4.09538 -1.00328 -3.52798 -1.00328 -3.52798 0.0236213 0.645369 0.0236213 -0.645369 
1 1 0 7.10153 0.1 4.11852 -1.0037 -3.5297 -1.0037 -3.5297 0.0291737 0.644938 0.0291737 -0.644938 
1 1 0 7.1062 0.1 4.14221 -1.00412 -3.53143 -1.00412 -3.53143 0.0347893 0.644456 0.0347893 -0.644456 
1 1 0 7.11087 0.1 4.16648 -1.00454 -3.53317 -1.00454 -3.53317 0.0404694 0.643921 0.0404694 -0.643921 
1 1 0 7.11554 0.1 4.19135 -1.00495 -3.53492 -1.00495 -3.53492 0.0462152 0.643331 0.0462152 -0.643331 
1 1 0 7.1202 0.1 4.21685 -1.00537 -3.53667 -1.00537 -3.53667 0.052028 0.642684 0.052028 -0.642684 
1 1 0 7.12486 0.1 4.243 -1.00578 -3.53844 -1.00578 -3.53844 0.0579097 0.641978 0.0579097 -0.641978 
1 1 0 7.12952 0.1 4.26983 -1.0062 -3.54021 -1.0062 -3.54021 0.0638611 0.64121 0.0638611 -0.64121 
1 1 0 7.13417 0.1 4.29738 -1.00661 -3.542 -1.00661 -3.542 0.0698842 0.640378 0.0698842 -0.640378 
1 1 0 7.13882 0.1 4.32567 -1.00702 -3.54379 -1.00702 -3.54379 0.0759803 0.639481 0.0759803 -0.639481 
1 1 0 7.14346 0.1 4.35474 -1.00743 -3.5456 -1.00743 -3.5456 0.0821513 0.638514 0.0821513 -0.638514 
1 1 0 7.14811 0.1 4.38462 -1.00784 -3.54741 -1.00784 -3.54741 0.088399 0.637476 0.088399 -0.637476 
1 1 0 7.15274 0.1 4.41536 -1.00825 -3.54924 -1.00825 -3.54924 0.094725 0.636363 0.094725 -0.636363 
1 1 0 7.15737 0.1 4.44701 -1.00866 -3.55107 -1.00866 -3.55107 0.101132 0.635173 0.101132 -0.635173 
1 1 0 7.162 0.1 4.47959 -1.00907 -3.55292 -1.00907 -3.55292 0.107621 0.633903 0.107621 -0.633903 
1 1 0 7.16663 0.1 4.51317 -1.00948 -3.55478 -1.00948 -3.55478 0.114195 0.632548 0.114195 -0.632548 
1 1 0 7.17125 0.1 4.5478 -1.00988 -3.55665 -1.00988 -3.55665 0.120855 0.631106 0.120855 -0.631106 
1 1 0 7.17586 0.1 4.58353 -1.01029 -3.55853 -1.01029 -3.55853 0.127606 0.629572 0.127606 -0.629572 
1 1 0 7.18047 0.1 4.62042 -1.01069 -3.56043 -1.01069 -3.56043 0.134448 0.627943 0.134448 -0.627943 
1 1 0 7.18507 0.1 4.65855 -1.01109 -3.56233 -1.01109 -3.56233 0.141384 0.626213 0.141384 -0.626213 
1 1 0 7.18967 0.1 4.69798 -1.01149 -3.56425 -1.01149 -3.56425 0.148418 0.624379 0.148418 -0.624379 
1 1 0 7.19427 0.1 4.7388 -1.01189 -3.56619 -1.01189 -3.56619 0.155553 0.622435 0.155553 -0.622435 
1 1 0 7.19885 0.1 4.78109 -1.01229 -3.56814 -1.01229 -3.56814 0.162791 0.620376 0.162791 -0.620376 
1 1 0 7.20344 0.1 4.82494 -1.01269 -3.5701 -1.01269 -3.5701 0.170137 0.618197 0.170137 -0.618197 
1 1 0 7.20801 0.1 4.87046 -1.01308 -3.57208 -1.01308 -3.57208 0.177593 0.615891 0.177593 -0.615891 
1 1 0 7.21258 0.1 4.91775 -1.01348 -3.57407 -1.01348 -3.57407 0.185163 0.613451 0.185163 -0.613451 
1 1 0 7.21714 0.1 4.96695 -1.01387 -3.57608 -1.01387 -3.57608 0.192852 0.610871 0.192852 -0.610871 
1 1 0 7.22169 0.1 5.01819 -1.01426 -3.57811 -1.01426 -3.57811 0.200665 0.608143 0.200665 -0.608143 
1 1 0 7.22624 0.1 5.07162 -1.01465 -3.58015 -1.01465 -3.58015 0.208605 0.605258 0.208605 -0.605258 
1 1 0 7.23078 0.1 5.12741 -1.01504 -3.58221 -1.01504 -3.58221 0.216678 0.602207 0.216678 -0.602207 
1 1 0 7.23531 0.1 5.18574 -1.01543 -3.58429 -1.01543 -3.58429 0.224889 0.598981 0.224889 -0.598981 
1 1 0 7.23983 0.1 5.24682 -1.01581 -3.58639 -1.01581 -3.58639 0.233245 0.595568 0.233245 -0.595568 
1 1 0 7.24435 0.1 5.31089 -1.01619 -3.58851 -1.01619 -3.58851 0.241751 0.591956 0.241751 -0.591956 
1 1 0 7.24885 0.1 5.37821 -1.01658 -3.59065 -1.01658 -3.59065 0.250414 0.588134 0.250414 -0.588134 
1 1 0 7.25334 0.1 5.44907 -1.01695 -3.59281 -1.01695 -3.59281 0.259242 0.584085 0.259242 -0.584085 
1 1 0 7.25782 0.1 5.52382 -1.01733 -3.59499 -1.01733 -3.59499 0.268243 0.579794 0.268243 -0.579794 
1 1 0 7.26229 0.1 5.60284 -1.01771 -3.5972 -1.01771 -3.5972 0.277425 0.575244 0.277425 -0.575244 
1 1 0 7.26675 0.1 5.68656 -1.01808 -3.59944 -1.01808 -3.59944 0.286799 0.570414 0.286799 -0.570414 
1 1 0 7.27119 0.1 5.77551 -1.01845 -3.6017 -1.01845 -3.6017 0.296375 0.565283 0.296375 -0.565283 
1 1 0 7.27562 0.1 5.87026 -1.01882 -3.60399 -1.01882 -3.60399 0.306165 0.559825 0.306165 -0.559825 
1 1 0 7.28004 0.1 5.97152 -1.01918 -3.6063 -1.01918 -3.6063 0.316181 0.554012 0.316181 -0.554012 
1 1 0 7.28444 0.1 6.0801 -1.01954 -3.60865 -1.01954 -3.60865 0.326437 0.547812 0.326437 -0.547812 
1 1 0 7.28882 0.1 6.19696 -1.0199 -3.61104 -1.0199 -3.61104 0.336951 0.541188 0.336951 -0.541188 
1 1 0 7.29318 0.1 6.32326 -1.02026 -3.61346 -1.02026 -3.61346 0.34774 0.534098 0.34774 -0.534098 
1 1 0 7.29752 0.1 6.4604 -1.02061 -3.61592 -1.02061 -3.61592 0.358823 0.526491 0.358823 -0.526491 
1 1 0 7.30184 0.1 6.61009 -1.02096 -3.61841 -1.02096 -3.61841 0.370224 0.518311 0.370224 -0.518311 
1 1 0 7.30613 0.1 6.77446 -1.0213 -3.62096 -1.0213 -3.62096 0.381969 0.50949 0.381969 -0.50949 
1 1 0 7.31039 0.1 6.95618 -1.02164 -3.62355 -1.02164 -3.62355 0.394088 0.499944 0.394088 -0.499944 
1 1 0 7.31462 0.1 7.15864 -1.02197 -3.62619 -1.02197 -3.62619 0.406615 0.489576 0.406615 -0.489576 
1 1 0 7.31882 0.1 7.38627 -1.0223 -3.62889 -1.0223 -3.62889 0.41959 0.478266 0.41959 -0.478266 
1 1 0 7.32297 0.1 7.64495 -1.02262 -3.63165 -1.02262 -3.63165 0.43306 0.465864 0.43306 -0.465864 
1 1 0 7.32708 0.1 7.94267 -1.02293 -3.63448 -1.02293 -3.63448 0.447082 0.45218 0.447082 -0.45218 
1 1 0 7.33114 0.1 8.29066 -1.02324 -3.63739 -1.02324 -3.63739 0.461723 0.436971 0.461723 -0.436971 
1 1 0 7.33513 0.1 8.70525 -1.02354 -3.64039 -1.02354 -3.64039 0.477065 0.419914 0.477065 -0.419914 
1 1 0 7.33905 0.1 9.21129 -1.02382 -3.64348 -1.02382 -3.64348 0.493208 0.400569 0.493208 -0.400569 
1 1 0 7.34288 0.1 9.84883 -1.02409 -3.64668 -1.02409 -3.64668 0.51028 0.378313 0.51028 -0.378313 
1 1 0 7.3466 0.1 10.6874 -1.02435 -3.65002 -1.02435 -3.65002 0.528443 0.35222 0.528443 -0.35222 
1 1 0 7.35017 0.1 11.8615 -1.02458 -3.6535 -1.02458 -3.6535 0.547905 0.320816 0.547905 -0.320816 
1 1 0 7.35357 0.1 13.6748 -1.0248 -3.65717 -1.0248 -3.65717 0.568946 0.281508 0.568946 -0.281508 
1 1 0 7.35671 0.1 17.0286 -1.02497 -3.66105 -1.02497 -3.66105 0.591939 0.228895 0.591939 -0.228895 
1 1 0 7.3595 0.1 26.958 -1.02511 -3.6652 -1.02511 -3.6652 0.617385 0.146559 0.617385 -0.146559 
1 1 0 7.36176 0.1 26.958 -1.02517 -3.66966 -1.02517 -3.66966 0.767076 0 0.524766 0 
1 1 0 7.36321 0.1 26.958 -1.02515 -3.67445 -1.02515 -3.67445 0.917779 0 0.43853 0 
2 1 0 7.36351 0.1 26.958 -1.02506 -3.67771 -1.02506 -3.67771 1 0 0.402469 0 
2 1 0 7.36272 0.1 26.958 -1.02481 -3.68264 -1.02481 -3.68264 1.11573 0 0.36078 0 
2 1 0 7.36042 0.1 26.958 -1.02442 -3.68706 -1.02442 -3.68706 1.2177 0 0.330691 0 
2 1 0 7.35704 0.1 26.958 -1.02394 -3.69072 -1.02394 -3.69072 1.30406 0 0.308949 0 
2 1 0 7.35304 0.1 26.958 -1.02344 -3.69367 -1.02344 -3.69367 1.37698 0 0.29276 0 
2 1 0 7.34869 0.1 26.958 -1.02291 -3.69608 -1.02291 -3.69608 1.43967 0 0.280189 0 
2 1 0 7.34413 0.1 26.958 -1.02238 -3.69806 -1.02238 -3.69806 1.49469 0 0.270052 0 
2 1 0 7.33944 0.1 26.958 -1.02185 -3.69972 -1.02185 -3.69972 1.54387 0 0.261626 0 
2 1 0 7.33467 0.1 26.958 -1.02132 -3.70112 -1.02132 -3.70112 1.58848 0 0.254452 0 
2 1 0 7.32985 0.1 26.958 -1.02079 -3.70232 -1.02079 -3.70232 1.62942 0 0.248229 0 
2 1 0 7.32498 0.1 26.958 -1.02026 -3.70334 -1.02026 -3.70334 1.66736 0 0.242748 0 
2 1 0 7.32009 0.1 26.958 -1.01974 -3.70422 -1.01974 -3.70422 1.70278 0 0.237863 0 
2 1 0 7.31517 0.1 26.958 -1.01922 -3.70497 -1.01922 -3.70497 1.73607 0 0.233464 0 
2 1 0 7.31024 0.1 26.958 -1.0187 -3.70561 -1.0187 -3.70561 1.76752 0 0.229469 0 
2 1 0 7.3053 0.1 26.958 -1.01818 -3.70616 -1.01818 -3.70616 1.79737 0 0.225816 0 
2 1 0 7.30035 0.1 26.958 -1.01766 -3.70662 -1.01766 -3.70662 1.82581 0 0.222453 0 
2 1 0 7.29539 0.1 26.958 -1.01715 -3.70701 -1.01715 -3.70701 1.853 0 0.219342 0 
2 1 0 7.29042 0.1 26.958 -1.01664 -3.70733 -1.01664 -3.70733 1.87906 0 0.21645 0 
2 1 0 7.28546 0.1 26.958 -1.01613 -3.70759 -1.01613 -3.70759 1.90411 0 0.213751 0 
2 1 0 7.28049 0.1 26.958 -1.01562 -3.70779 -1.01562 -3.70779 1.92825 0 0.211222 0 
2 1 0 7.27552 0.1 26.958 -1.01511 -3.70794 -1.01511 -3.70794 1.95154 0 0.208846 0 
2 1 0 7.27054 0.1 26.958 -1.0146 -3.70804 -1.0146 -3.70804 1.97407 0 0.206606 0 
2 1 0 7.26557 0.1 26.958 -1.0141 -3.70809 -1.0141 -3.70809 1.99589 0 0.204489 0 
2 1 0 7.26059 0.1 26.958 -1.0136 -3.70811 -1.0136 -3.70811 2.01706 0 0.202483 0 
2 1 0 7.25562 0.1 26.958 -1.01309 -3.70808 -1.01309 -3.70808 2.03761 0 0.200579 0 
2 1 0 7.25064 0.1 26.958 -1.01259 -3.70802 -1.01259 -3.70802 2.05761 0 0.198767 0 
2 1 0 7.24567 0.1 26.958 -1.01209 -3.70793 -1.01209 -3.70793 2.07707 0 0.197041 0 
2 1 0 7.2407 0.1 26.958 -1.01159 -3.7078 -1.01159 -3.7078 2.09604 0 0.195392 0 
2 1 0 7.23572 0.1 26.958 -1.0111 -3.70765 -1.0111 -3.70765 2.11455 0 0.193816 0 
2 1 0 7.23075 0.1 26.958 -1.0106 -3.70746 -1.0106 -3.70746 2.13262 0 0.192307 0 
2 1 0 7.22578 0.1 26.958 -1.0101 -3.70725 -1.0101 -3.70725 2.15027 0 0.190859 0 
2 1 0 7.22081 0.1 26.958 -1.00961 -3.70701 -1.00961 -3.70701 2.16753 0 0.189469 0 
2 1 0 7.21584 0.1 26.958 -1.00911 -3.70675 -1.00911 -3.70675 2.18443 0 0.188134 0 
2 1 0 7.21088 0.1 26.958 -1.00862 -3.70646 -1.00862 -3.70646 2.20097 0 0.186848 0 
2 1 0 7.20591 0.1 26.958 -1.00813 -3.70615 -1.00813 -3.70615 2.21717 0 0.18561 0 
2 1 0 7.20094 0.1 26.958 -1.00764 -3.70582 -1.00764 -3.70582 2.23306 0 0.184416 0 
2 1 0 7.19598 0.1 26.958 -1.00715 -3.70547 -1.00715 -3.70547 2.24864 0 0.183263 0 
2 1 0 7.19102 0.1 26.958 -1.00666 -3.7051 -1.00666 -3.7051 2.26393 0 0.18215 0 
2 1 0 7.18606 0.1 26.958 -1.00617 -3.70471 -1.00617 -3.70471 2.27894 0 0.181074 0 
2 1 0 7.1811 0.1 26.958 -1.00568 -3.70431 -1.00568 -3.70431 2.29369 0 0.180033 0 
2 1 0 7.17614 0.1 26.958 -1.00519 -3.70388 -1.00519 -3.70388 2.30817 0 0.179025 0 
2 1 0 7.17118 0.1 26.958 -1.0047 -3.70344 -1.0047 -3.70344 2.32242 0 0.178049 0 
2 1 0 7.16623 0.1 26.958 -1.00421 -3.70299 -1.00421 -3.70299 2.33642 0 0.177102 0 
2 1 0 7.16128 0.1 26.958 -1.00373 -3.70251 -1.00373 -3.70251 2.3502 0 0.176184 0 
2 1 0 7.15632 0.1 26.958 -1.00324 -3.70202 -1.00324 -3.70202 2.36376 0 0.175293 0 
2 1 0 7.15137 0.1 26.958 -1.00276 -3.70152 -1.00276 -3.70152 2.3771 0 0.174427 0 
2 1 0 7.14642 0.1 26.958 -1.00227 -3.70101 -1.00227 -3.70101 2.39024 0 0.173586 0 
2 1 0 7.14147 0.1 26.958 -1.00179 -3.70048 -1.00179 -3.70048 2.40318 0 0.172769 0 
2 1 0 7.13653 0.1 26.958 -1.0013 -3.69993 -1.0013 -3.69993 2.41593 0 0.171974 0 
2 1 0 7.13158 0.1 26.958 -1.00082 -3.69938 -1.00082 -3.69938 2.4285 0 0.1712 0 
2 1 0 7.12664 0.1 26.958 -1.00033 -3.69881 -1.00033 -3.69881 2.44088 0 0.170447 0 
2 1 0 7.1217 0.1 26.958 -0.999851 -3.69823 -0.999851 -3.69823 2.45309 0 0.169714 0 
2 1 0 7.11675 0.1 26.958 -0.999369 -3.69763 -0.999369 -3.69763 2.46513 0 0.168999 0 
2 1 0 7.11182 0.1 26.958 -0.998887 -3.69703 -0.998887 -3.69703 2.47701 0 0.168303 0 
2 1 0 7.10688 0.1 26.958 -0.998405 -3.69641 -0.998405 -3.69641 2.48872 0 0.167624 0 
2 1 0 7.10194 0.1 26.958 -0.997924 -3.69579 -0.997924 -3.69579 2.50028 0 0.166961 0 
2 1 0 7.097 0.1 26.958 -0.997443 -3.69515 -0.997443 -3.69515 2.51169 0 0.166315 0 
2 1 0 7.09207 0.1 26.958 -0.996963 -3.6945 -0.996963 -3.6945 2.52295 0 0.165684 0 
2 1 0 7.08714 0.1 26.958 -0.996482 -3.69384 -0.996482 -3.69384 2.53407 0 0.165069 0 
2 1 0 7.0822 0.1 26.958 -0.996002 -3.69318 -0.996002 -3.69318 2.54505 0 0.164467 0 
2 1 0 7.07727 0.1 26.958 -0.995523 -3.6925 -0.995523 -3.6925 2.55589 0 0.16388 0 
2 1 0 7.07234 0.1 26.958 -0.995044 -3.69181 -0.995044 -3.69181 2.5666 0 0.163306 0 
2 1 0 7.06742 0.1 26.958 -0.994565 -3.69112 -0.994565 -3.69112 2.57718 0 0.162745 0 
2 1 0 7.06249 0.1 26.958 -0.994086 -3.69042 -0.994086 -3.69042 2.58763 0 0.162197 0 
2 1 0 7.05756 0.1 26.958 -0.993607 -3.6897 -0.993607 -3.6897 2.59795 0 0.161661 0 
2 1 0 7.05264 0.1 26.958 -0.993129 -3.68898 -0.993129 -3.68898 2.60816 0 0.161136 0 
2 1 0 7.04771 0.1 26.958 -0.992651 -3.68825 -0.992651 -3.68825 2.61824 0 0.160623 0 
2 1 0 7.04279 0.1 26.958 -0.992174 -3.68751 -0.992174 -3.68751 2.62821 0 0.160122 0 
2 1 0 7.03787 0.1 26.958 -0.991696 -3.68677 -0.991696 -3.68677 2.63806 0 0.15963 0 
2 1 0 7.03295 0.1 26.958 -0.991219 -3.68601 -0.991219 -3.68601 2.6478 0 0.159149 0 
2 1 0 7.02803 0.1 26.958 -0.990742 -3.68525 -0.990742 -3.68525 2.65744 0 0.158679 0 
2 1 0 7.02312 0.1 26.958 -0.990266 -3.68449 -0.990266 -3.68449 2.66696 0 0.158218 0 
2 1 0 7.0182 0.1 26.958 -0.989789 -3.68371 -0.989789 -3.68371 2.67638 0 0.157766 0 
2 1 0 7.01328 0.1 26.958 -0.989313 -3.68293 -0.989313 -3.68293 2.68569 0 0.157324 0 
2 1 0 7.00837 0.1 26.958 -0.988837 -3.68214 -0.988837 -3.68214 2.69491 0 0.156891 0 
2 1 0 7.00346 0.1 26.958 -0.988361 -3.68134 -0.988361 -3.68134 2.70402 0 0.156466 0 
2 1 0 6.99854 0.1 26.958 -0.987885 -3.68053 -0.987885 -3.68053 2.71304 0 0.156051 0 
2 1 0 6.99363 0.1 26.958 -0.98741 -3.67972 -0.98741 -3.67972 2.72195 0 0.155643 0 
2 1 0 6.98872 0.1 26.958 -0.986934 -3.67891 -0.986934 -3.67891 2.73078 0 0.155243 0 
2 1 0 6.98381 0.1 26.958 -0.986459 -3.67808 -0.986459 -3.67808 2.73951 0 0.154852 0 
2 1 0 6.97891 0.1 26.958 -0.985984 -3.67725 -0.985984 -3.67725 2.74815 0 0.154468 0 
2 1 0 6.974 0.1 26.958 -0.98551 -3.67642 -0.98551 -3.67642 2.75669 0 0.154091 0 
2 1 0 6.96909 0.1 26.958 -0.985035 -3.67558 -0.985035 -3.67558 2.76515 0 0.153722 0 
2 1 0 6.96419 0.1 26.958 -0.98456 -3.67473 -0.98456 -3.67473 2.77352 0 0.15336 0 
2 1 0 6.95929 0.1 26.958 -0.984086 -3.67388 -0.984086 -3.67388 2.78181 0 0.153004 0 
2 1 0 6.95438 0.1 26.958 -0.983612 -3.67302 -0.983612 -3.67302 2.79001 0 0.152656 0 
2 1 0 6.94948 0.1 26.958 -0.983138 -3.67215 -0.983138 -3.67215 2.79812 0 0.152314 0 
2 1 0 6.94458 0.1 26.958 -0.982664 -3.67128 -0.982664 -3.67128 2.80616 0 0.151979 0 
2 1 0 6.93968 0.1 26.958 -0.98219 -3.6704 -0.98219 -3.6704 2.81411 0 0.15165 0 
2 1 0 6.93478 0.1 26.958 -0.981716 -3.66952 -0.981716 -3.66952 2.82198 0 0.151327 0 
2 1 0 6.92988 0.1 26.958 -0.981243 -3.66864 -0.981243 -3.66864 2.82977 0 0.15101 0 
2 1 0 6.92499 0.1 26.958 -0.980769 -3.66774 -0.980769 -3.66774 2.83748 0 0.150699 0 
2 1 0 6.92009 0.1 26.958 -0.980296 -3.66685 -0.980296 -3.66685 2.84511 0 0.150394 0 
2 1 0 6.9152 0.1 26.958 -0.979823 -3.66594 -0.979823 -3.66594 2.85267 0 0.150095 0 
2 1 0 6.9103 0.1 26.958 -0.97935 -3.66504 -0.97935 -3.66504 2.86015 0 0.149801 0 
2 1 0 6.90541 0.1 26.958 -0.978877 -3.66413 -0.978877 -3.66413 2.86756 0 0.149513 0 
2 1 0 6.90052 0.1 26.958 -0.978404 -3.66321 -0.978404 -3.66321 2.8749 0 0.14923 0 
2 1 0 6.89562 0.1 26.958 -0.977931 -3.66229 -0.977931 -3.66229 2.88216 0 0.148952 0 
2 1 0 6.89073 0.1 26.958 -0.977458 -3.66136 -0.977458 -3.66136 2.88935 0 0.148679 0 
2 1 0 6.88584 0.1 26.958 -0.976985 -3.66043 -0.976985 -3.66043 2.89646 0 0.148412 0 
2 1 0 6.88096 0.1 26.958 -0.976513 -3.6595 -0.976513 -3.6595 2.90351 0 0.148149 0 
2 1 0 6.87607 0.1 26.958 -0.97604 -3.65856 -0.97604 -3.65856 2.91049 0 0.147891 0 
2 1 0 6.87118 0.1 26.958 -0.975568 -3.65761 -0.975568 -3.65761 2.91739 0 0.147638 0 
2 1 0 6.86629 0.1 26.958 -0.975095 -3.65666 -0.975095 -3.65666 2.92423 0 0.14739 0 
2 1 0 6.86141 0.1 26.958 -0.974623 -3.65571 -0.974623 -3.65571 2.931 0 0.147146 0 
2 1 0 6.85652 0.1 26.958 -0.974151 -3.65475 -0.974151 -3.65475 2.93771 0 0.146906 0 
2 1 0 6.85164 0.1 26.958 -0.973678 -3.65379 -0.973678 -3.65379 2.94435 0 0.146671 0 
2 1 0 6.84676 0.1 26.958 -0.973206 -3.65283 -0.973206 -3.65283 2.95092 0 0.146441 0 
2 1 0 6.84187 0.1 26.958 -0.972734 -3.65186 -0.972734 -3.65186 2.95742 0 0.146214 0 
2 1 0 6.83699 0.1 26.958 -0.972262 -3.65089 -0.972262 -3.65089 2.96387 0 0.145992 0 
2 1 0 6.83211 0.1 26.958 -0.97179 -3.64991 -0.97179 -3.64991 2.97024 0 0.145774 0 
2 1 0 6.82723 0.1 26.958 -0.971318 -3.64893 -0.971318 -3.64893 2.97656 0 0.14556 0 
2 1 0 6.82235 0.1 26.958 -0.970846 -3.64794 -0.970846 -3.64794 2.98281 0 0.14535 0 
2 1 0 6.81747 0.1 26.958 -0.970374 -3.64696 -0.970374 -3.64696 2.989 0 0.145144 0 
2 1 0 6.8126 0.1 26.958 -0.969902 -3.64596 -0.969902 -3.64596 2.99512 0 0.144942 0 
2 1 0 6.80772 0.1 26.958 -0.969431 -3.64497 -0.969431 -3.64497 3.00119 0 0.144744 0 
2 1 0 6.80284 0.1 26.958 -0.968959 -3.64397 -0.968959 -3.64397 3.00719 0 0.144549 0 
2 1 0 6.79797 0.1 26.958 -0.968487 -3.64297 -0.968487 -3.64297 3.01313 0 0.144359 0 
2 1 0 6.79309 0.1 26.958 -0.968015 -3.64196 -0.968015 -3.64196 3.01902 0 0.144171 0 
2 1 0 6.78822 0.1 26.958 -0.967543 -3.64095 -0.967543 -3.64095 3.02484 0 0.143988 0 
2 1 0 6.78334 0.1 26.958 -0.967072 -3.63994 -0.967072 -3.63994 3.0306 0 0.143808 0 
2 1 0 6.77847 0.1 26.958 -0.9666 -3.63892 -0.9666 -3.63892 3.03631 0 0.143631 0 
2 1 0 6.7736 0.1 26.958 -0.966128 -3.6379 -0.966128 -3.6379 3.04195 0 0.143458 0 
2 1 0 6.76873 0.1 26.958 -0.965657 -3.63688 -0.965657 -3.63688 3.04754 0 0.143288 0 
2 1 0 6.76386 0.1 26.958 -0.965185 -3.63585 -0.965185 -3.63585 3.05307 0 0.143122 0 
2 1 0 6.75899 0.1 26.958 -0.964713 -3.63482 -0.964713 -3.63482 3.05854 0 0.142959 0 
2 1 0 6.75412 0.1 26.958 -0.964242 -3.63379 -0.964242 -3.63379 3.06396 0 0.142799 0 
2 1 0 6.74925 0.1 26.958 -0.96377 -3.63275 -0.96377 -3.63275 3.06932 0 0.142642 0 
2 1 0 6.74438 0.1 26.958 -0.963298 -3.63171 -0.963298 -3.63171 3.07462 0 0.142489 0 
2 1 0 6.73951 0.1 26.958 -0.962826 -3.63067 -0.962826 -3.63067 3.07987 0 0.142339 0 
2 1 0 6.73465 0.1 26.958 -0.962355 -3.62962 -0.962355 -3.62962 3.08506 0 0.142191 0 
2 1 0 6.72978 0.1 26.958 -0.961883 -3.62858 -0.961883 -3.62858 3.0902 0 0.142047 0 
2 1 0 6.72491 0.1 26.958 -0.961411 -3.62753 -0.961411 -3.62753 3.09528 0 0.141906 0 
2 1 0 6.72005 0.1 26.958 -0.96094 -3.62647 -0.96094 -3.62647 3.1003 0 0.141768 0 
2 1 0 6.71519 0.1 26.958 -0.960468 -3.62541 -0.960468 -3.62541 3.10527 0 0.141633 0 
2 1 0 6.71032 0.1 26.958 -0.959996 -3.62435 -0.959996 -3.62435 3.11019 0 0.141501 0 
2 1 0 6.70546 0.1 26.958 -0.959524 -3.62329 -0.959524 -3.62329 3.11505 0 0.141371 0 
2 1 0 6.7006 0.1 26.958 -0.959052 -3.62223 -0.959052 -3.62223 3.11986 0 0.141245 0 
2 1 0 6.69574 0.1 26.958 -0.95858 -3.62116 -0.95858 -3.62116 3.12462 0 0.141121 0 
2 1 0 6.69087 0.1 26.958 -0.958109 -3.62009 -0.958109 -3.62009 3.12932 0 0.141 0 
2 1 0 6.68601 0.1 26.958 -0.957637 -3.61902 -0.957637 -3.61902 3.13397 0 0.140882 0 
2 1 0 6.68115 0.1 26.958 -0.957165 -3.61794 -0.957165 -3.61794 3.13857 0 0.140767 0 
2 1 0 6.67629 0.1 26.958 -0.956693 -3.61686 -0.956693 -3.61686 3.14311 0 0.140654 0 
2 1 0 6.67144 0.1 26.958 -0.956221 -3.61578 -0.956221 -3.61578 3.1476 0 0.140544 0 
2 1 0 6.66658 0.1 26.958 -0.955749 -3.6147 -0.955749 -3.6147 3.15204 0 0.140437 0 
2 1 0 6.66172 0.1 26.958 -0.955277 -3.61361 -0.955277 -3.61361 3.15643 0 0.140332 0 
2 1 0 6.65686 0.1 26.958 -0.954804 -3.61252 -0.954804 -3.61252 3.16077 0 0.14023 0 
2 1 0 6.65201 0.1 26.958 -0.954332 -3.61143 -0.954332 -3.61143 3.16505 0 0.140131 0 
2 1 0 6.64715 0.1 26.958 -0.95386 -3.61033 -0.95386 -3.61033 3.16928 0 0.140034 0 
2 1 0 6.64229 0.1 26.958 -0.953388 -3.60924 -0.953388 -3.60924 3.17346 0 0.13994 0 
2 1 0 6.63744 0.1 26.958 -0.952915 -3.60814 -0.952915 -3.60814 3.1776 0 0.139848 0 
2 1 0 6.63258 0.1 26.958 -0.952443 -3.60704 -0.952443 -3.60704 3.18168 0 0.139759 0 
2 1 0 6.62773 0.1 26.958 -0.951971 -3.60594 -0.951971 -3.60594 3.18571 0 0.139672 0 
2 1 0 6.62288 0.1 26.958 -0.951498 -3.60483 -0.951498 -3.60483 3.18968 0 0.139587 0 
2 1 0 6.61803 0.1 26.958 -0.951026 -3.60372 -0.951026 -3.60372 3.19361 0 0.139505 0 
2 1 0 6.61317 0.1 26.958 -0.950553 -3.60261 -0.950553 -3.60261 3.19749 0 0.139426 0 
2 1 0 6.60832 0.1 26.958 -0.95008 -3.6015 -0.95008 -3.6015 3.20132 0 0.139349 0 
2 1 0 6.60347 0.1 26.958 -0.949608 -3.60038 -0.949608 -3.60038 3.2051 0 0.139274 0 
2 1 0 6.59862 0.1 26.958 -0.949135 -3.59927 -0.949135 -3.59927 3.20883 0 0.139201 0 
2 1 0 6.59377 0.1 26.958 -0.948662 -3.59815 -0.948662 -3.59815 3.2125 0 0.139131 0 
2 1 0 6.58892 0.1 26.958 -0.948189 -3.59703 -0.948189 -3.59703 3.21613 0 0.139064 0 
2 1 0 6.58407 0.1 26.958 -0.947716 -3.5959 -0.947716 -3.5959 3.21971 0 0.138998 0 
2 1 0 6.57922 0.1 26.958 -0.947243 -3.59478 -0.947243 -3.59478 3.22324 0 0.138935 0 
2 1 0 6.57437 0.1 26.958 -0.94677 -3.59365 -0.94677 -3.59365 3.22672 0 0.138874 0 
2 1 0 6.56953 0.1 26.958 -0.946297 -3.59252 -0.946297 -3.59252 3.23016 0 0.138815 0 
2 1 0 6.56468 0.1 26.958 -0.945823 -3.59139 -0.945823 -3.59139 3.23354 0 0.138759 0 
2 1 0 6.55983 0.1 26.958 -0.94535 -3.59026 -0.94535 -3.59026 3.23687 0 0.138705 0 
2 1 0 6.55499 0.1 26.958 -0.944876 -3.58912 -0.944876 -3.58912 3.24016 0 0.138653 0 
2 1 0 6.55014 0.1 26.958 -0.944403 -3.58798 -0.944403 -3.58798 3.2434 0 0.138604 0 
2 1 0 6.54529 0.1 26.958 -0.943929 -3.58684 -0.943929 -3.58684 3.24658 0 0.138556 0 
2 1 0 6.54045 0.1 26.958 -0.943456 -3.5857 -0.943456 -3.5857 3.24972 0 0.138511 0 
2 1 0 6.53561 0.1 26.958 -0.942982 -3.58456 -0.942982 -3.58456 3.25281 0 0.138468 0 
2 1 0 6.53076 0.1 26.958 -0.942508 -3.58341 -0.942508 -3.58341 3.25586 0 0.138427 0 
2 1 0 6.52592 0.1 26.958 -0.942034 -3.58227 -0.942034 -3.58227 3.25885 0 0.138388 0 
2 1 0 6.52107 0.1 26.958 -0.94156 -3.58112 -0.94156 -3.58112 3.2618 0 0.138351 0 
2 1 0 6.51623 0.1 26.958 -0.941086 -3.57997 -0.941086 -3.57997 3.26469 0 0.138317 0 
2 1 0 6.51139 0.1 26.958 -0.940612 -3.57881 -0.940612 -3.57881 3.26754 0 0.138285 0 
2 1 0 6.50655 0.1 26.958 -0.940137 -3.57766 -0.940137 -3.57766 3.27035 0 0.138254 0 
2 1 0 6.50171 0.1 26.958 -0.939663 -3.5765 -0.939663 -3.5765 3.2731 0 0.138226 0 
2 1 0 6.49687 0.1 26.958 -0.939188 -3.57534 -0.939188 -3.57534 3.2758 0 0.1382 0 
2 1 0 6.49203 0.1 26.958 -0.938714 -3.57418 -0.938714 -3.57418 3.27846 0 0.138176 0 
2 1 0 6.48719 0.1 26.958 -0.938239 -3.57302 -0.938239 -3.57302 3.28107 0 0.138154 0 
2 1 0 6.48235 0.1 26.958 -0.937764 -3.57186 -0.937764 -3.57186 3.28363 0 0.138134 0 
2 1 0 6.47751 0.1 26.958 -0.937289 -3.57069 -0.937289 -3.57069 3.28615 0 0.138117 0 
2 1 0 6.47267 0.1 26.958 -0.936814 -3.56953 -0.936814 -3.56953 3.28862 0 0.138101 0 
2 1 0 6.46783 0.1 26.958 -0.936339 -3.56836 -0.936339 -3.56836 3.29103 0 0.138087 0 
2 1 0 6.46299 0.1 26.958 -0.935864 -3.56719 -0.935864 -3.56719 3.29341 0 0.138076 0 
2 1 0 6.45816 0.1 26.958 -0.935389 -3.56602 -0.935389 -3.56602 3.29573 0 0.138066 0 
2 1 0 6.45332 0.1 26.958 -0.934913 -3.56484 -0.934913 -3.56484 3.298 0 0.138059 0 
2 1 0 6.44848 0.1 26.958 -0.934438 -3.56367 -0.934438 -3.56367 3.30023 0 0.138053 0 
2 1 0 6.44365 0.1 26.958 -0.933962 -3.56249 -0.933962 -3.56249 3.30241 0 0.13805 0 
2 1 0 6.43881 0.1 26.958 -0.933486 -3.56131 -0.933486 -3.56131 3.30455 0 0.138048 0 
2 1 0 6.43397 0.1 26.958 -0.93301 -3.56013 -0.93301 -3.56013 3.30663 0 0.138049 0 
2 1 0 6.42914 0.1 26.958 -0.932534 -3.55895 -0.932534 -3.55895 3.30867 0 0.138051 0 
2 1 0 6.4243 0.1 26.958 -0.932058 -3.55777 -0.932058 -3.55777 3.31066 0 0.138056 0 
2 1 0 6.41947 0.1 26.958 -0.931582 -3.55658 -0.931582 -3.55658 3.3126 0 0.138063 0 
2 1 0 6.41464 0.1 26.958 -0.931106 -3.5554 -0.931106 -3.5554 3.3145 0 0.138071 0 
2 1 0 6.4098 0.1 26.958 -0.930629 -3.55421 -0.930629 -3.55421 3.31635 0 0.138082 0 
2 1 0 6.40497 0.1 26.958 -0.930152 -3.55302 -0.930152 -3.55302 3.31815 0 0.138094 0 
2 1 0 6.40014 0.1 26.958 -0.929676 -3.55183 -0.929676 -3.55183 3.3199 0 0.138109 0 
2 1 0 6.39531 0.1 26.958 -0.929199 -3.55064 -0.929199 -3.55064 3.32161 0 0.138125 0 
2 1 0 6.39047 0.1 26.958 -0.928722 -3.54944 -0.928722 -3.54944 3.32327 0 0.138144 0 
2 1 0 6.38564 0.1 26.958 -0.928245 -3.54825 -0.928245 -3.54825 3.32488 0 0.138165 0 
2 1 0 6.38081 0.1 26.958 -0.927768 -3.54705 -0.927768 -3.54705 3.32644 0 0.138187 0 
2 1 0 6.37598 0.1 26.958 -0.92729 -3.54585 -0.92729 -3.54585 3.32796 0 0.138212 0 
2 1 0 6.37115 0.1 26.958 -0.926813 -3.54465 -0.926813 -3.54465 3.32942 0 0.138238 0 
2 1 0 6.36632 0.1 26.958 -0.926335 -3.54345 -0.926335 -3.54345 3.33084 0 0.138266 0 
2 1 0 6.36149 0.1 26.958 -0.925857 -3.54225 -0.925857 -3.54225 3.33222 0 0.138297 0 
2 1 0 6.35666 0.1 26.958 -0.925379 -3.54105 -0.925379 -3.54105 3.33354 0 0.138329 0 
2 1 0 6.35183 0.1 26.958 -0.924901 -3.53984 -0.924901 -3.53984 3.33482 0 0.138364 0 
2 1 0 6.347 0.1 26.958 -0.924423 -3.53863 -0.924423 -3.53863 3.33605 0 0.1384 0 
2 1 0 6.34217 0.1 26.958 -0.923945 -3.53743 -0.923945 -3.53743 3.33723 0 0.138438 0 
2 1 0 6.33735 0.1 26.958 -0.923466 -3.53622 -0.923466 -3.53622 3.33837 0 0.138479 0 
2 1 0 6.33252 0.1 26.958 -0.922988 -3.53501 -0.922988 -3.53501 3.33945 0 0.138521 0 
2 1 0 6.32769 0.1 26.958 -0.922509 -3.53379 -0.922509 -3.53379 3.34049 0 0.138565 0 
2 1 0 6.32286 0.1 26.958 -0.92203 -3.53258 -0.92203 -3.53258 3.34148 0 0.138612 0 
2 1 0 6.31804 0.1 26.958 -0.921551 -3.53137 -0.921551 -3.53137 3.34243 0 0.13866 0 
2 1 0 6.31321 0.1 26.958 -0.921072 -3.53015 -0.921072 -3.53015 3.34332 0 0.13871 0 
2 1 0 6.30839 0.1 26.958 -0.920593 -3.52893 -0.920593 -3.52893 3.34417 0 0.138762 0 
2 1 0 6.30356 0.1 26.958 -0.920113 -3.52772 -0.920113 -3.52772 3.34497 0 0.138816 0 
2 1 0 6.29874 0.1 26.958 -0.919634 -3.5265 -0.919634 -3.5265 3.34572 0 0.138873 0 
2 1 0 6.29391 0.1 26.958 -0.919154 -3.52527 -0.919154 -3.52527 3.34642 0 0.138931 0 
2 1 0 6.28909 0.1 26.958 -0.918674 -3.52405 -0.918674 -3.52405 3.34708 0 0.138991 0 
2 1 0 6.28426 0.1 26.958 -0.918194 -3.52283 -0.918194 -3.52283 3.34769 0 0.139053 0 
2 1 0 6.27944 0.1 26.958 -0.917714 -3.5216 -0.917714 -3.5216 3.34825 0 0.139118 0 
2 1 0 6.27461 0.1 26.958 -0.917234 -3.52038 -0.917234 -3.52038 3.34876 0 0.139184 0 
2 1 0 6.26979 0.1 26.958 -0.916753 -3.51915 -0.916753 -3.51915 3.34922 0 0.139252 0 
2 1 0 6.26497 0.1 26.958 -0.916273 -3.51792 -0.916273 -3.51792 3.34963 0 0.139322 0 
2 1 0 6.26015 0.1 26.958 -0.915792 -3.51669 -0.915792 -3.51669 3.35 0 0.139395 0 
2 1 0 6.25532 0.1 26.958 -0.915311 -3.51546 -0.915311 -3.51546 3.35031 0 0.139469 0 
2 1 0 6.2505 0.1 26.958 -0.91483 -3.51423 -0.91483 -3.51423 3.35058 0 0.139546 0 
2 1 0 6.24568 0.1 26.958 -0.914348 -3.513 -0.914348 -3.513 3.3508 0 0.139624 0 
2 1 0 6.24086 0.1 26.958 -0.913867 -3.51176 -0.913867 -3.51176 3.35097 0 0.139705 0 
2 1 0 6.23604 0.1 26.958 -0.913385 -3.51053 -0.913385 -3.51053 3.35109 0 0.139787 0 
2 1 0 6.23122 0.1 26.958 -0.912904 -3.50929 -0.912904 -3.50929 3.35117 0 0.139872 0 
2 1 0 6.2264 0.1 26.958 -0.912422 -3.50805 -0.912422 -3.50805 3.35119 0 0.139959 0 
2 1 0 6.22158 0.1 26.958 -0.91194 -3.50681 -0.91194 -3.50681 3.35117 0 0.140047 0 
2 1 0 6.21676 0.1 26.958 -0.911457 -3.50557 -0.911457 -3.50557 3.35109 0 0.140138 0 
2 1 0 6.21194 0.1 26.958 -0.910975 -3.50433 -0.910975 -3.50433 3.35097 0 0.140231 0 
2 1 0 6.20712 0.1 26.958 -0.910492 -3.50309 -0.910492 -3.50309 3.3508 0 0.140326 0 
2 1 0 6.2023 0.1 26.958 -0.91001 -3.50185 -0.91001 -3.50185 3.35058 0 0.140423 0 
2 1 0 6.19748 0.1 26.958 -0.909527 -3.5006 -0.909527 -3.5006 3.3503 0 0.140523 0 
2 1 0 6.19266 0.1 26.958 -0.909044 -3.49936 -0.909044 -3.49936 3.34998 0 0.140624 0 
2 1 0 6.18785 0.1 26.958 -0.90856 -3.49811 -0.90856 -3.49811 3.34961 0 0.140728 0 
2 1 0 6.18303 0.1 26.958 -0.908077 -3.49686 -0.908077 -3.49686 3.34919 0 0.140833 0 
2 1 0 6.17821 0.1 26.958 -0.907593 -3.49561 -0.907593 -3.49561 3.34872 0 0.140941 0 
2 1 0 6.17339 0.1 26.958 -0.90711 -3.49436 -0.90711 -3.49436 3.3482 0 0.141051 0 
2 1 0 6.16858 0.1 26.958 -0.906626 -3.49311 -0.906626 -3.49311 3.34763 0 0.141163 0 
2 1 0 6.16376 0.1 26.958 -0.906142 -3.49186 -0.906142 -3.49186 3.34701 0 0.141278 0 
2 1 0 6.15895 0.1 26.958 -0.905657 -3.4906 -0.905657 -3.4906 3.34634 0 0.141394 0 
2 1 0 6.15413 0.1 26.958 -0.905173 -3.48935 -0.905173 -3.48935 3.34562 0 0.141513 0 
2 1 0 6.14931 0.1 26.958 -0.904688 -3.48809 -0.904688 -3.48809 3.34485 0 0.141634 0 
2 1 0 6.1445 0.1 26.958 -0.904203 -3.48683 -0.904203 -3.48683 3.34403 0 0.141757 0 
2 1 0 6.13968 0.1 26.958 -0.903718 -3.48558 -0.903718 -3.48558 3.34316 0 0.141883 0 
2 1 0 6.13487 0.1 26.958 -0.903233 -3.48432 -0.903233 -3.48432 3.34223 0 0.142011 0 
2 1 0 6.13006 0.1 26.958 -0.902748 -3.48306 -0.902748 -3.48306 3.34126 0 0.14214 0 
2 1 0 6.12524 0.1 26.958 -0.902262 -3.4818 -0.902262 -3.4818 3.34023 0 0.142273 0 
2 1 0 6.12043 0.1 26.958 -0.901777 -3.48053 -0.901777 -3.48053 3.33916 0 0.142407 0 
2 1 0 6.11562 0.1 26.958 -0.901291 -3.47927 -0.901291 -3.47927 3.33803 0 0.142544 0 
2 1 0 6.1108 0.1 26.958 -0.900805 -3.47801 -0.900805 -3.47801 3.33685 0 0.142683 0 
2 1 0 6.10599 0.1 26.958 -0.900318 -3.47674 -0.900318 -3.47674 3.33562 0 0.142825 0 
2 1 0 6.10118 0.1 26.958 -0.899832 -3.47547 -0.899832 -3.47547 3.33434 0 0.142969 0 
2 1 0 6.09637 0.1 26.958 -0.899345 -3.47421 -0.899345 -3.47421 3.33301 0 0.143115 0 
2 1 0 6.09155 0.1 26.958 -0.898858 -3.47294 -0.898858 -3.47294 3.33162 0 0.143264 0 
2 1 0 6.08674 0.1 26.958 -0.898371 -3.47167 -0.898371 -3.47167 3.33018 0 0.143415 0 
2 1 0 6.08193 0.1 26.958 -0.897884 -3.4704 -0.897884 -3.4704 3.32869 0 0.143568 0 
2 1 0 6.07712 0.1 26.958 -0.897397 -3.46912 -0.897397 -3.46912 3.32715 0 0.143724 0 
2 1 0 6.07231 0.1 26.958 -0.896909 -3.46785 -0.896909 -3.46785 3.32556 0 0.143882 0 
2 1 0 6.0675 0.1 26.958 -0.896421 -3.46658 -0.896421 -3.46658 3.32391 0 0.144043 0 
2 1 0 6.06269 0.1 26.958 -0.895933 -3.4653 -0.895933 -3.4653 3.32221 0 0.144206 0 
2 1 0 6.05788 0.1 26.958 -0.895445 -3.46402 -0.895445 -3.46402 3.32046 0 0.144372 0 
2 1 0 6.05307 0.1 26.958 -0.894957 -3.46275 -0.894957 -3.46275 3.31865 0 0.14454 0 
2 1 0 6.04826 0.1 26.958 -0.894468 -3.46147 -0.894468 -3.46147 3.31679 0 0.144711 0 
2 1 0 6.04345 0.1 26.958 -0.89398 -3.46019 -0.89398 -3.46019 3.31488 0 0.144884 0 
2 1 0 6.03864 0.1 26.958 -0.893491 -3.45891 -0.893491 -3.45891 3.31291 0 0.14506 0 
2 1 0 6.03384 0.1 26.958 -0.893002 -3.45763 -0.893002 -3.45763 3.31089 0 0.145239 0 
2 1 0 6.02903 0.1 26.958 -0.892512 -3.45635 -0.892512 -3.45635 3.30882 0 0.14542 0 
2 1 0 6.02422 0.1 26.958 -0.892023 -3.45506 -0.892023 -3.45506 3.30669 0 0.145604 0 
2 1 0 6.01941 0.1 26.958 -0.891533 -3.45378 -0.891533 -3.45378 3.30451 0 0.14579 0 
2 1 0 6.01461 0.1 26.958 -0.891043 -3.45249 -0.891043 -3.45249 3.30228 0 0.145979 0 
2 1 0 6.0098 0.1 26.958 -0.890553 -3.4512 -0.890553 -3.4512 3.29999 0 0.146171 0 
2 1 0 6.00499 0.1 26.958 -0.890063 -3.44992 -0.890063 -3.44992 3.29764 0 0.146365 0 
2 1 0 6.00019 0.1 26.958 -0.889572 -3.44863 -0.889572 -3.44863 3.29524 0 0.146563 0 
2 1 0 5.99538 0.1 26.958 -0.889081 -3.44734 -0.889081 -3.44734 3.29279 0 0.146763 0 
2 1 0 5.99058 0.1 26.958 -0.88859 -3.44605 -0.88859 -3.44605 3.29028 0 0.146966 0 
2 1 0 5.98577 0.1 26.958 -0.888099 -3.44475 -0.888099 -3.44475 3.28771 0 0.147171 0 
2 1 0 5.98097 0.1 26.958 -0.887608 -3.44346 -0.887608 -3.44346 3.28509 0 0.14738 0 
2 1 0 5.97616 0.1 26.958 -0.887117 -3.44217 -0.887117 -3.44217 3.28241 0 0.147591 0 
2 1 0 5.97136 0.1 26.958 -0.886625 -3.44087 -0.886625 -3.44087 3.27968 0 0.147806 0 
2 1 0 5.96655 0.1 26.958 -0.886133 -3.43958 -0.886133 -3.43958 3.27689 0 0.148023 0 
2 1 0 5.96175 0.1 26.958 -0.885641 -3.43828 -0.885641 -3.43828 3.27404 0 0.148243 0 
2 1 0 5.95695 0.1 26.958 -0.885148 -3.43698 -0.885148 -3.43698 3.27114 0 0.148466 0 
2 1 0 5.95214 0.1 26.958 -0.884656 -3.43568 -0.884656 -3.43568 3.26818 0 0.148692 0 
2 1 0 5.94734 0.1 26.958 -0.884163 -3.43438 -0.884163 -3.43438 3.26516 0 0.148922 0 
2 1 0 5.94254 0.1 26.958 -0.88367 -3.43308 -0.88367 -3.43308 3.26209 0 0.149154 0 
2 1 0 5.93774 0.1 26.958 -0.883177 -3.43177 -0.883177 -3.43177 3.25896 0 0.149389 0 
2 1 0 5.93293 0.1 26.958 -0.882684 -3.43047 -0.882684 -3.43047 3.25577 0 0.149628 0 
2 1 0 5.92813 0.1 26.958 -0.88219 -3.42917 -0.88219 -3.42917 3.25252 0 0.14987 0 
2 1 0 5.92333 0.1 26.958 -0.881696 -3.42786 -0.881696 -3.42786 3.24922 0 0.150115 0 
2 1 0 5.91853 0.1 26.958 -0.881202 -3.42655 -0.881202 -3.42655 3.24585 0 0.150363 0 
2 1 0 5.91373 0.1 26.958 -0.880708 -3.42524 -0.880708 -3.42524 3.24243 0 0.150614 0 
2 1 0 5.90893 0.1 26.958 -0.880213 -3.42393 -0.880213 -3.42393 3.23895 0 0.150869 0 
2 1 0 5.90413 0.1 26.958 -0.879719 -3.42262 -0.879719 -3.42262 3.23541 0 0.151127 0 
2 1 0 5.89933 0.1 26.958 -0.879224 -3.42131 -0.879224 -3.42131 3.2318 0 0.151389 0 
2 1 0 5.89453 0.1 26.958 -0.878729 -3.42 -0.878729 -3.42 3.22814 0 0.151654 0 
2 1 0 5.88973 0.1 26.958 -0.878234 -3.41868 -0.878234 -3.41868 3.22442 0 0.151922 0 
2 1 0 5.88494 0.1 26.958 -0.877738 -3.41737 -0.877738 -3.41737 3.22064 0 0.152194 0 
2 1 0 5.88014 0.1 26.958 -0.877242 -3.41605 -0.877242 -3.41605 3.2168 0 0.15247 0 
2 1 0 5.87534 0.1 26.958 -0.876747 -3.41473 -0.876747 -3.41473 3.2129 0 0.152749 0 
2 1 0 5.87054 0.1 26.958 -0.87625 -3.41341 -0.87625 -3.41341 3.20894 0 0.153031 0 
2 1 0 5.86575 0.1 26.958 -0.875754 -3.41209 -0.875754 -3.41209 3.20491 0 0.153318 0 
2 1 0 5.86095 0.1 26.958 -0.875258 -3.41077 -0.875258 -3.41077 3.20082 0 0.153608 0 
2 1 0 5.85615 0.1 26.958 -0.874761 -3.40945 -0.874761 -3.40945 3.19668 0 0.153902 0 
2 1 0 5.85136 0.1 26.958 -0.874264 -3.40813 -0.874264 -3.40813 3.19246 0 0.154199 0 
2 1 0 5.84656 0.1 26.958 -0.873767 -3.4068 -0.873767 -3.4068 3.18819 0 0.154501 0 
2 1 0 5.84177 0.1 26.958 -0.873269 -3.40547 -0.873269 -3.40547 3.18385 0 0.154806 0 
2 1 0 5.83697 0.1 26.958 -0.872772 -3.40415 -0.872772 -3.40415 3.17945 0 0.155115 0 
2 1 0 5.83218 0.1 26.958 -0.872274 -3.40282 -0.872274 -3.40282 3.17499 0 0.155429 0 
2 1 0 5.82738 0.1 26.958 -0.871776 -3.40149 -0.871776 -3.40149 3.17046 0 0.155746 0 
2 1 0 5.82259 0.1 26.958 -0.871277 -3.40016 -0.871277 -3.40016 3.16587 0 0.156068 0 
2 1 0 5.8178 0.1 26.958 -0.870779 -3.39882 -0.870779 -3.39882 3.16121 0 0.156394 0 
2 1 0 5.813 0.1 26.958 -0.87028 -3.39749 -0.87028 -3.39749 3.15649 0 0.156724 0 
2 1 0 5.80821 0.1 26.958 -0.869781 -3.39615 -0.869781 -3.39615 3.1517 0 0.157058 0 
2 1 0 5.80342 0.1 26.958 -0.869282 -3.39482 -0.869282 -3.39482 3.14685 0 0.157396 0 
2 1 0 5.79863 0.1 26.958 -0.868783 -3.39348 -0.868783 -3.39348 3.14193 0 0.157739 0 
2 1 0 5.79384 0.1 26.958 -0.868283 -3.39214 -0.868283 -3.39214 3.13694 0 0.158087 0 
2 1 0 5.78905 0.1 26.958 -0.867783 -3.3908 -0.867783 -3.3908 3.13188 0 0.158439 0 
2 1 0 5.78426 0.1 26.958 -0.867283 -3.38946 -0.867283 -3.38946 3.12676 0 0.158795 0 
2 1 0 5.77947 0.1 26.958 -0.866783 -3.38811 -0.866783 -3.38811 3.12157 0 0.159157 0 
2 1 0 5.77468 0.1 26.958 -0.866283 -3.38677 -0.866283 -3.38677 3.11632 0 0.159523 0 
2 1 0 5.76989 0.1 26.958 -0.865782 -3.38542 -0.865782 -3.38542 3.11099 0 0.159893 0 
2 1 0 5.7651 0.1 26.958 -0.865281 -3.38407 -0.865281 -3.38407 3.10559 0 0.160269 0 
2 1 0 5.76031 0.1 26.958 -0.86478 -3.38272 -0.86478 -3.38272 3.10013 0 0.16065 0 
2 1 0 5.75552 0.1 26.958 -0.864279 -3.38137 -0.864279 -3.38137 3.09459 0 0.161036 0 
2 1 0 5.75073 0.1 26.958 -0.863777 -3.38002 -0.863777 -3.38002 3.08898 0 0.161426 0 
2 1 0 5.74595 0.1 26.958 -0.863275 -3.37867 -0.863275 -3.37867 3.08331 0 0.161822 0 
2 1 0 5.74116 0.1 26.958 -0.862773 -3.37731 -0.862773 -3.37731 3.07756 0 0.162223 0 
2 1 0 5.73637 0.1 26.958 -0.862271 -3.37595 -0.862271 -3.37595 3.07174 0 0.16263 0 
2 1 0 5.73159 0.1 26.958 -0.861769 -3.37459 -0.861769 -3.37459 3.06584 0 0.163042 0 
2 1 0 5.7268 0.1 26.958 -0.861266 -3.37323 -0.861266 -3.37323 3.05987 0 0.16346 0 
2 1 0 5.72202 0.1 26.958 -0.860764 -3.37187 -0.860764 -3.37187 3.05383 0 0.163883 0 
2 1 0 5.71724 0.1 26.958 -0.86026 -3.37051 -0.86026 -3.37051 3.04772 0 0.164312 0 
2 1 0 5.71245 0.1 26.958 -0.859757 -3.36914 -0.859757 -3.36914 3.04153 0 0.164747 0 
2 1 0 5.70767 0.1 26.958 -0.859254 -3.36778 -0.859254 -3.36778 3.03526 0 0.165187 0 
2 1 0 5.70289 0.1 26.958 -0.85875 -3.36641 -0.85875 -3.36641 3.02892 0 0.165634 0 
2 1 0 5.6981 0.1 26.958 -0.858246 -3.36504 -0.858246 -3.36504 3.0225 0 0.166087 0 
2 1 0 5.69332 0.1 26.958 -0.857742 -3.36366 -0.857742 -3.36366 3.016 0 0.166546 0 
2 1 0 5.68854 0.1 26.958 -0.857238 -3.36229 -0.857238 -3.36229 3.00942 0 0.167011 0 
2 1 0 5.68376 0.1 26.958 -0.856733 -3.36091 -0.856733 -3.36091 3.00277 0 0.167483 0 
2 1 0 5.67898 0.1 26.958 -0.856229 -3.35954 -0.856229 -3.35954 2.99604 0 0.167962 0 
2 1 0 5.6742 0.1 26.958 -0.855724 -3.35816 -0.855724 -3.35816 2.98922 0 0.168447 0 
2 1 0 5.66942 0.1 26.958 -0.855218 -3.35677 -0.855218 -3.35677 2.98233 0 0.168939 0 
2 1 0 5.66465 0.1 26.958 -0.854713 -3.35539 -0.854713 -3.35539 2.97535 0 0.169438 0 
2 1 0 5.65987 0.1 26.958 -0.854208 -3.35401 -0.854208 -3.35401 2.96829 0 0.169944 0 
2 1 0 5.65509 0.1 26.958 -0.853702 -3.35262 -0.853702 -3.35262 2.96115 0 0.170457 0 
2 1 0 5.65032 0.1 26.958 -0.853196 -3.35123 -0.853196 -3.35123 2.95392 0 0.170978 0 
2 1 0 5.64554 0.1 26.958 -0.85269 -3.34984 -0.85269 -3.34984 2.94661 0 0.171506 0 
2 1 0 5.64076 0.1 26.958 -0.852183 -3.34844 -0.852183 -3.34844 2.93921 0 0.172042 0 
2 1 0 5.63599 0.1 26.958 -0.851677 -3.34705 -0.851677 -3.34705 2.93173 0 0.172586 0 
2 1 0 5.63122 0.1 26.958 -0.85117 -3.34565 -0.85117 -3.34565 2.92416 0 0.173137 0 
2 1 0 5.62644 0.1 26.958 -0.850663 -3.34425 -0.850663 -3.34425 2.9165 0 0.173697 0 
2 1 0 5.62167 0.1 26.958 -0.850156 -3.34285 -0.850156 -3.34285 2.90875 0 0.174265 0 
2 1 0 5.6169 0.1 26.958 -0.849648 -3.34144 -0.849648 -3.34144 2.90091 0 0.174842 0 
2 1 0 5.61213 0.1 26.958 -0.849141 -3.34003 -0.849141 -3.34003 2.89298 0 0.175428 0 
2 1 0 5.60736 0.1 26.958 -0.848633 -3.33862 -0.848633 -3.33862 2.88495 0 0.176022 0 
2 1 0 5.60259 0.1 26.958 -0.848125 -3.33721 -0.848125 -3.33721 2.87683 0 0.176626 0 
2 1 0 5.59782 0.1 26.958 -0.847617 -3.3358 -0.847617 -3.3358 2.86862 0 0.177238 0 
2 1 0 5.59305 0.1 26.958 -0.847109 -3.33438 -0.847109 -3.33438 2.86031 0 0.177861 0 
2 1 0 5.58828 0.1 26.958 -0.8466 -3.33296 -0.8466 -3.33296 2.8519 0 0.178493 0 
2 1 0 5.58352 0.1 26.958 -0.846091 -3.33154 -0.846091 -3.33154 2.8434 0 0.179135 0 
2 1 0 5.57875 0.1 26.958 -0.845582 -3.33011 -0.845582 -3.33011 2.83479 0 0.179787 0 
2 1 0 5.57399 0.1 26.958 -0.845073 -3.32869 -0.845073 -3.32869 2.82608 0 0.18045 0 
2 1 0 5.56922 0.1 26.958 -0.844564 -3.32725 -0.844564 -3.32725 2.81727 0 0.181123 0 
2 1 0 5.56446 0.1 26.958 -0.844055 -3.32582 -0.844055 -3.32582 2.80836 0 0.181808 0 
2 1 0 5.5597 0.1 26.958 -0.843545 -3.32438 -0.843545 -3.32438 2.79934 0 0.182503 0 
2 1 0 5.55494 0.1 26.958 -0.843035 -3.32295 -0.843035 -3.32295 2.79022 0 0.183211 0 
2 1 0 5.55018 0.1 26.958 -0.842525 -3.3215 -0.842525 -3.3215 2.78098 0 0.18393 0 
2 1 0 5.54542 0.1 26.958 -0.842015 -3.32006 -0.842015 -3.32006 2.77164 0 0.184661 0 
2 1 0 5.54066 0.1 26.958 -0.841505 -3.31861 -0.841505 -3.31861 2.76218 0 0.185405 0 
2 1 0 5.5359 0.1 26.958 -0.840995 -3.31716 -0.840995 -3.31716 2.75261 0 0.186161 0 
2 1 0 5.53115 0.1 26.958 -0.840484 -3.3157 -0.840484 -3.3157 2.74292 0 0.186931 0 
2 1 0 5.52639 0.1 26.958 -0.839974 -3.31424 -0.839974 -3.31424 2.73312 0 0.187714 0 
2 1 0 5.52164 0.1 26.958 -0.839463 -3.31278 -0.839463 -3.31278 2.7232 0 0.188512 0 
2 1 0 5.51688 0.1 26.958 -0.838952 -3.31131 -0.838952 -3.31131 2.71315 0 0.189323 0 
2 1 0 5.51213 0.1 26.958 -0.838441 -3.30985 -0.838441 -3.30985 2.70298 0 0.190149 0 
2 1 0 5.50738 0.1 26.958 -0.837929 -3.30837 -0.837929 -3.30837 2.69269 0 0.190991 0 
2 1 0 5.50263 0.1 26.958 -0.837418 -3.3069 -0.837418 -3.3069 2.68226 0 0.191848 0 
2 1 0 5.49788 0.1 26.958 -0.836906 -3.30541 -0.836906 -3.30541 2.67171 0 0.192721 0 
2 1 0 5.49314 0.1 26.958 -0.836395 -3.30393 -0.836395 -3.30393 2.66102 0 0.193611 0 
2 1 0 5.48839 0.1 26.958 -0.835883 -3.30244 -0.835883 -3.30244 2.6502 0 0.194519 0 
2 1 0 5.48365 0.1 26.958 -0.835371 -3.30095 -0.835371 -3.30095 2.63924 0 0.195444 0 
2 1 0 5.47891 0.1 26.958 -0.834859 -3.29945 -0.834859 -3.29945 2.62813 0 0.196387 0 
2 1 0 5.47416 0.1 26.958 -0.834347 -3.29795 -0.834347 -3.29795 2.61689 0 0.197349 0 
2 1 0 5.46942 0.1 26.958 -0.833835 -3.29644 -0.833835 -3.29644 2.60549 0 0.19833 0 
2 1 0 5.46469 0.1 26.958 -0.833323 -3.29493 -0.833323 -3.29493 2.59394 0 0.199332 0 
2 1 0 5.45995 0.1 26.958 -0.832811 -3.29341 -0.832811 -3.29341 2.58224 0 0.200355 0 
2 1 0 5.45521 0.1 26.958 -0.832298 -3.29189 -0.832298 -3.29189 2.57038 0 0.2014 0 
2 1 0 5.45048 0.1 26.958 -0.831786 -3.29036 -0.831786 -3.29036 2.55836 0 0.202467 0 
2 1 0 5.44575 0.1 26.958 -0.831274 -3.28883 -0.831274 -3.28883 2.54617 0 0.203557 0 
2 1 0 5.44102 0.1 26.958 -0.830761 -3.28729 -0.830761 -3.28729 2.53382 0 0.204672 0 
2 1 0 5.43629 0.1 26.958 -0.830249 -3.28575 -0.830249 -3.28575 2.52128 0 0.205811 0 
2 1 0 5.43156 0.1 26.958 -0.829736 -3.2842 -0.829736 -3.2842 2.50857 0 0.206978 0 
2 1 0 5.42684 0.1 26.958 -0.829224 -3.28264 -0.829224 -3.28264 2.49567 0 0.208171 0 
2 1 0 5.42212 0.1 26.958 -0.828711 -3.28108 -0.828711 -3.28108 2.48259 0 0.209393 0 
2 1 0 5.4174 0.1 26.958 -0.828199 -3.27951 -0.828199 -3.27951 2.46931 0 0.210644 0 
2 1 0 5.41268 0.1 26.958 -0.827686 -3.27794 -0.827686 -3.27794 2.45583 0 0.211926 0 
2 1 0 5.40797 0.1 26.958 -0.827174 -3.27636 -0.827174 -3.27636 2.44214 0 0.21324 0 
2 1 0 5.40325 0.1 26.958 -0.826661 -3.27477 -0.826661 -3.27477 2.42823 0 0.214588 0 
2 1 0 5.39854 0.1 26.958 -0.826149 -3.27317 -0.826149 -3.27317 2.41411 0 0.215971 0 
2 1 0 5.39383 0.1 26.958 -0.825637 -3.27157 -0.825637 -3.27157 2.39976 0 0.217392 0 
2 1 0 5.38913 0.1 26.958 -0.825125 -3.26995 -0.825125 -3.26995 2.38517 0 0.21885 0 
2 1 0 5.38443 0.1 26.958 -0.824613 -3.26833 -0.824613 -3.26833 2.37034 0 0.22035 0 
2 1 0 5.37973 0.1 26.958 -0.824101 -3.2667 -0.824101 -3.2667 2.35526 0 0.221892 0 
2 1 0 5.37503 0.1 26.958 -0.82359 -3.26506 -0.82359 -3.26506 2.33991 0 0.223479 0 
2 1 0 5.37034 0.1 26.958 -0.823078 -3.26342 -0.823078 -3.26342 2.32429 0 0.225114 0 
2 1 0 5.36565 0.1 26.958 -0.822567 -3.26176 -0.822567 -3.26176 2.30838 0 0.226798 0 
2 1 0 5.36096 0.1 26.958 -0.822056 -3.26009 -0.822056 -3.26009 2.29218 0 0.228535 0 
2 1 0 5.35628 0.1 26.958 -0.821546 -3.25841 -0.821546 -3.25841 2.27567 0 0.230329 0 
2 1 0 5.3516 0.1 26.958 -0.821035 -3.25672 -0.821035 -3.25672 2.25884 0 0.232181 0 
2 1 0 5.34693 0.1 26.958 -0.820526 -3.25502 -0.820526 -3.25502 2.24167 0 0.234097 0 
2 1 0 5.34226 0.1 26.958 -0.820016 -3.25331 -0.820016 -3.25331 2.22414 0 0.23608 0 
2 1 0 5.3376 0.1 26.958 -0.819507 -3.25158 -0.819507 -3.25158 2.20624 0 0.238134 0 
2 1 0 5.33294 0.1 26.958 -0.818998 -3.24984 -0.818998 -3.24984 2.18796 0 0.240265 0 
2 1 0 5.32828 0.1 26.958 -0.818491 -3.24808 -0.818491 -3.24808 2.16925 0 0.242477 0 
2 1 0 5.32363 0.1 26.958 -0.817983 -3.24631 -0.817983 -3.24631 2.15012 0 0.244778 0 
2 1 0 5.31899 0.1 26.958 -0.817476 -3.24452 -0.817476 -3.24452 2.13052 0 0.247173 0 
2 1 0 5.31436 0.1 26.958 -0.816971 -3.24272 -0.816971 -3.24272 2.11043 0 0.249671 0 
2 1 0 5.30973 0.1 26.958 -0.816465 -3.2409 -0.816465 -3.2409 2.08982 0 0.252279 0 
2 1 0 5.30511 0.1 26.958 -0.815961 -3.23906 -0.815961 -3.23906 2.06865 0 0.255008 0 
2 1 0 5.30049 0.1 26.958 -0.815458 -3.23719 -0.815458 -3.23719 2.04689 0 0.257868 0 
2 1 0 5.29589 0.1 26.958 -0.814956 -3.23531 -0.814956 -3.23531 2.02449 0 0.260871 0 
2 1 0 5.29129 0.1 26.958 -0.814455 -3.2334 -0.814455 -3.2334 2.00139 0 0.264032 0 
2 1 0 5.28671 0.1 26.958 -0.813956 -3.23147 -0.813956 -3.23147 1.97755 0 0.267368 0 
2 1 0 5.28214 0.1 26.958 -0.813458 -3.22951 -0.813458 -3.22951 1.9529 0 0.270898 0 
2 1 0 5.27758 0.1 26.958 -0.812962 -3.22751 -0.812962 -3.22751 1.92737 0 0.274643 0 
2 1 0 5.27304 0.1 26.958 -0.812468 -3.22549 -0.812468 -3.22549 1.90086 0 0.278631 0 
2 1 0 5.26851 0.1 26.958 -0.811977 -3.22343 -0.811977 -3.22343 1.87327 0 0.282894 0 
2 1 0 5.264 0.1 26.958 -0.811488 -3.22133 -0.811488 -3.22133 1.84448 0 0.287471 0 
2 1 0 5.25951 0.1 26.958 -0.811001 -3.21918 -0.811001 -3.21918 1.81435 0 0.292408 0 
2 1 0 5.25504 0.1 26.958 -0.810519 -3.21698 -0.810519 -3.21698 1.7827 0 0.297764 0 
2 1 0 5.2506 0.1 26.958 -0.810041 -3.21473 -0.810041 -3.21473 1.74931 0 0.303615 0 
2 1 0 5.2462 0.1 26.958 -0.809567 -3.21242 -0.809567 -3.21242 1.71391 0 0.310055 0 
2 1 0 5.24183 0.1 26.958 -0.809099 -3.21003 -0.809099 -3.21003 1.67615 0 0.317212 0 
2 1 0 5.23751 0.1 26.958 -0.808639 -3.20755 -0.808639 -3.20755 1.63557 0 0.325256 0 
2 1 0 5.23325 0.1 26.958 -0.808188 -3.20497 -0.808188 -3.20497 1.59155 0 0.334429 0 
2 1 0 5.22907 0.1 26.958 -0.807748 -3.20226 -0.807748 -3.20226 1.54321 0 0.345082 0 
2 1 0 5.22499 0.1 26.958 -0.807324 -3.1994 -0.807324 -3.1994 1.48928 0 0.357758 0 
2 1 0 5.22106 0.1 26.958 -0.806921 -3.19634 -0.806921 -3.19634 1.42776 0 0.373353 0 
2 1 0 5.21736 0.1 26.958 -0.806552 -3.193 -0.806552 -3.193 1.35526 0 0.393503 0 
2 1 0 5.21404 0.1 26.958 -0.806237 -3.18927 -0.806237 -3.18927 1.26541 0 0.421614 0 
2 1 0 5.2115 0.1 26.958 -0.806027 -3.18497 -0.806027 -3.18497 1.14433 0 0.466364 0 
2 1 0 5.21064 0.1 26.958 -0.806013 -3.18098 -0.806013 -3.18098 1 0 0.533718 0 
1 1 0 5.21213 0.1 31.2064 -0.806298 -3.17622 -0.806298 -3.17622 0.715725 0.146086 0.715725 -0.146086 
1 1 0 5.21564 0.1 15.7407 -0.806799 -3.17269 -0.806799 -3.17269 0.672898 0.283837 0.672898 -0.283837 
1 1 0 5.21992 0.1 12.4143 -0.807371 -3.17017 -0.807371 -3.17017 0.638573 0.353951 0.638573 -0.353951 
1 1 0 5.22451 0.1 10.7986 -0.807965 -3.16827 -0.807965 -3.16827 0.609784 0.401128 0.609784 -0.401128 
1 1 0 5.22924 0.1 9.79725 -0.808567 -3.16676 -0.808567 -3.16676 0.584687 0.436528 0.584687 -0.436528 
1 1 0 5.23405 0.1 9.09584 -0.809173 -3.16554 -0.809173 -3.16554 0.562219 0.464753 0.562219 -0.464753 
1 1 0 5.2389 0.1 8.56696 -0.809779 -3.16452 -0.809779 -3.16452 0.541726 0.488147 0.541726 -0.488147 
1 1 0 5.24379 0.1 8.14815 -0.810385 -3.16367 -0.810385 -3.16367 0.522779 0.508058 0.522779 -0.508058 
1 1 0 5.2487 0.1 7.80472 -0.810991 -3.16295 -0.810991 -3.16295 0.505084 0.525335 0.505084 -0.525335 
1 1 0 5.25363 0.1 7.51568 -0.811596 -3.16233 -0.811596 -3.16233 0.488425 0.540548 0.488425 -0.540548 
1 1 0 5.25857 0.1 7.26747 -0.8122 -3.16181 -0.8122 -3.16181 0.472645 0.554097 0.472645 -0.554097 
1 1 0 5.26351 0.1 7.05088 -0.812802 -3.16137 -0.812802 -3.16137 0.45762 0.566274 0.45762 -0.566274 
1 1 0 5.26846 0.1 6.8594 -0.813404 -3.16099 -0.813404 -3.16099 0.443253 0.577298 0.443253 -0.577298 
1 1 0 5.27341 0.1 6.68828 -0.814004 -3.16068 -0.814004 -3.16068 0.429467 0.587341 0.429467 -0.587341 
1 1 0 5.27837 0.1 6.53395 -0.814604 -3.16042 -0.814604 -3.16042 0.416198 0.596536 0.416198 -0.596536 
1 1 0 5.28333 0.1 6.39369 -0.815202 -3.1602 -0.815202 -3.1602 0.403394 0.604991 0.403394 -0.604991 
1 1 0 5.28829 0.1 6.26535 -0.815799 -3.16004 -0.815799 -3.16004 0.391011 0.612794 0.391011 -0.612794 
1 1 0 5.29325 0.1 6.14723 -0.816395 -3.15991 -0.816395 -3.15991 0.379011 0.620018 0.379011 -0.620018 
1 1 0 5.29822 0.1 6.03797 -0.81699 -3.15981 -0.81699 -3.15981 0.367363 0.626723 0.367363 -0.626723 
1 1 0 5.30318 0.1 5.93643 -0.817584 -3.15975 -0.817584 -3.15975 0.356038 0.632961 0.356038 -0.632961 
1 1 0 5.30815 0.1 5.8417 -0.818177 -3.15973 -0.818177 -3.15973 0.345012 0.638777 0.345012 -0.638777 
1 1 0 5.31311 0.1 5.75298 -0.818769 -3.15973 -0.818769 -3.15973 0.334264 0.644207 0.334264 -0.644207 
1 1 0 5.31808 0.1 5.66964 -0.81936 -3.15976 -0.81936 -3.15976 0.323777 0.649284 0.323777 -0.649284 
1 1 0 5.32304 0.1 5.59111 -0.819951 -3.15981 -0.819951 -3.15981 0.313532 0.654038 0.313532 -0.654038 
1 1 0 5.328 0.1 5.51691 -0.82054 -3.15989 -0.82054 -3.15989 0.303515 0.658493 0.303515 -0.658493 
1 1 0 5.33297 0.1 5.44664 -0.821129 -3.15999 -0.821129 -3.15999 0.293713 0.662672 0.293713 -0.662672 
1 1 0 5.33793 0.1 5.37992 -0.821716 -3.16011 -0.821716 -3.16011 0.284114 0.666594 0.284114 -0.666594 
1 1 0 5.3429 0.1 5.31647 -0.822303 -3.16025 -0.822303 -3.16025 0.274708 0.670278 0.274708 -0.670278 
1 1 0 5.34786 0.1 5.25599 -0.822889 -3.16041 -0.822889 -3.16041 0.265483 0.673738 0.265483 -0.673738 
1 1 0 5.35282 0.1 5.19824 -0.823474 -3.16059 -0.823474 -3.16059 0.256432 0.67699 0.256432 -0.67699 
1 1 0 5.35778 0.1 5.14302 -0.824059 -3.16078 -0.824059 -3.16078 0.247547 0.680045 0.247547 -0.680045 
1 1 0 5.36274 0.1 5.09013 -0.824642 -3.16099 -0.824642 -3.16099 0.238819 0.682917 0.238819 -0.682917 
1 1 0 5.36771 0.1 5.0394 -0.825225 -3.16122 -0.825225 -3.16122 0.230241 0.685614 0.230241 -0.685614 
1 1 0 5.37267 0.1 4.99068 -0.825807 -3.16146 -0.825807 -3.16146 0.221809 0.688148 0.221809 -0.688148 
1 1 0 5.37762 0.1 4.94383 -0.826389 -3.16172 -0.826389 -3.16172 0.213515 0.690527 0.213515 -0.690527 
1 1 0 5.38258 0.1 4.89872 -0.826969 -3.16199 -0.826969 -3.16199 0.205355 0.692759 0.205355 -0.692759 
1 1 0 5.38754 0.1 4.85524 -0.827549 -3.16228 -0.827549 -3.16228 0.197322 0.694852 0.197322 -0.694852 
1 1 0 5.3925 0.1 4.8133 -0.828129 -3.16257 -0.828129 -3.16257 0.189413 0.696813 0.189413 -0.696813 
1 1 0 5.39746 0.1 4.77278 -0.828707 -3.16288 -0.828707 -3.16288 0.181624 0.698647 0.181624 -0.698647 
1 1 0 5.40241 0.1 4.73362 -0.829285 -3.16321 -0.829285 -3.16321 0.173949 0.700362 0.173949 -0.700362 
1 1 0 5.40737 0.1 4.69574 -0.829862 -3.16354 -0.829862 -3.16354 0.166386 0.701963 0.166386 -0.701963 
1 1 0 5.41232 0.1 4.65905 -0.830439 -3.16388 -0.830439 -3.16388 0.158931 0.703455 0.158931 -0.703455 
1 1 0 5.41728 0.1 4.6235 -0.831014 -3.16424 -0.831014 -3.16424 0.15158 0.704842 0.15158 -0.704842 
1 1 0 5.42223 0.1 4.58903 -0.83159 -3.1646 -0.83159 -3.1646 0.144331 0.706129 0.144331 -0.706129 
1 1 0 5.42718 0.1 4.55557 -0.832164 -3.16498 -0.832164 -3.16498 0.13718 0.707321 0.13718 -0.707321 
1 1 0 5.43213 0.1 4.52308 -0.832738 -3.16537 -0.832738 -3.16537 0.130124 0.708421 0.130124 -0.708421 
1 1 0 5.43709 0.1 4.4915 -0.833311 -3.16576 -0.833311 -3.16576 0.123161 0.709434 0.123161 -0.709434 
1 1 0 5.44204 0.1 4.4608 -0.833884 -3.16617 -0.833884 -3.16617 0.116289 0.710362 0.116289 -0.710362 
1 1 0 5.44699 0.1 4.43094 -0.834456 -3.16658 -0.834456 -3.16658 0.109505 0.711209 0.109505 -0.711209 
1 1 0 5.45193 0.1 4.40186 -0.835027 -3.167 -0.835027 -3.167 0.102807 0.711978 0.102807 -0.711978 
1 1 0 5.45688 0.1 4.37355 -0.835598 -3.16744 -0.835598 -3.16744 0.0961921 0.712672 0.0961921 -0.712672 
1 1 0 5.46183 0.1 4.34596 -0.836168 -3.16788 -0.836168 -3.16788 0.0896594 0.713295 0.0896594 -0.713295 
1 1 0 5.46678 0.1 4.31906 -0.836738 -3.16832 -0.836738 -3.16832 0.0832066 0.713847 0.0832066 -0.713847 
1 1 0 5.47172 0.1 4.29282 -0.837307 -3.16878 -0.837307 -3.16878 0.0768319 0.714333 0.0768319 -0.714333 
1 1 0 5.47667 0.1 4.26721 -0.837875 -3.16924 -0.837875 -3.16924 0.0705334 0.714754 0.0705334 -0.714754 
1 1 0 5.48162 0.1 4.24222 -0.838443 -3.16972 -0.838443 -3.16972 0.0643098 0.715113 0.0643098 -0.715113 
1 1 0 5.48656 0.1 4.21781 -0.83901 -3.1702 -0.83901 -3.1702 0.0581593 0.715412 0.0581593 -0.715412 
1 1 0 5.4915 0.1 4.19396 -0.839576 -3.17068 -0.839576 -3.17068 0.0520805 0.715652 0.0520805 -0.715652 
1 1 0 5.49645 0.1 4.17065 -0.840142 -3.17118 -0.840142 -3.17118 0.0460719 0.715837 0.0460719 -0.715837 
1 1 0 5.50139 0.1 4.14786 -0.840708 -3.17168 -0.840708 -3.17168 0.0401321 0.715967 0.0401321 -0.715967 
1 1 0 5.50633 0.1 4.12557 -0.841273 -3.17218 -0.841273 -3.17218 0.0342601 0.716046 0.0342601 -0.716046 
1 1 0 5.51127 0.1 4.10376 -0.841837 -3.1727 -0.841837 -3.1727 0.0284542 0.716073 0.0284542 -0.716073 
1 1 0 5.51621 0.1 4.08241 -0.842401 -3.17322 -0.842401 -3.17322 0.0227137 0.716052 0.0227137 -0.716052 
1 1 0 5.52115 0.1 4.06151 -0.842964 -3.17375 -0.842964 -3.17375 0.017037 0.715983 0.017037 -0.715983 
1 1 0 5.52609 0.1 4.04105 -0.843527 -3.17428 -0.843527 -3.17428 0.0114233 0.715868 0.0114233 -0.715868 
1 1 0 5.53103 0.1 4.021 -0.844089 -3.17482 -0.844089 -3.17482 0.00587147 0.715708 0.00587147 -0.715708 
1 1 0 5.53597 0.1 4.00135 -0.84465 -3.17537 -0.84465 -3.17537 0.000380481 0.715506 0.000380481 -0.715506 
1 1 0 5.54091 0.1 3.9821 -0.845211 -3.17592 -0.845211 -3.17592 -0.00505066 0.715262 -0.00505066 -0.715262 
1 1 0 5.54585 0.1 3.96322 -0.845772 -3.17648 -0.845772 -3.17648 -0.0104228 0.714978 -0.0104228 -0.714978 
1 1 0 5.55078 0.1 3.94471 -0.846332 -3.17704 -0.846332 -3.17704 -0.015737 0.714655 -0.015737 -0.714655 
1 1 0 5.55572 0.1 3.92655 -0.846891 -3.17762 -0.846891 -3.17762 -0.020994 0.714294 -0.020994 -0.714294 
1 1 0 5.56065 0.1 3.90874 -0.84745 -3.17819 -0.84745 -3.17819 -0.0261947 0.713896 -0.0261947 -0.713896 
1 1 0 5.56559 0.1 3.89125 -0.848009 -3.17877 -0.848009 -3.17877 -0.0313398 0.713462 -0.0313398 -0.713462 
1 1 0 5.57052 0.1 3.87409 -0.848566 -3.17936 -0.848566 -3.17936 -0.0364301 0.712994 -0.0364301 -0.712994 
1 1 0 5.57545 0.1 3.85725 -0.849124 -3.17995 -0.849124 -3.17995 -0.0414665 0.712493 -0.0414665 -0.712493 
1 1 0 5.58039 0.1 3.84071 -0.84968 -3.18055 -0.84968 -3.18055 -0.0464495 0.71196 -0.0464495 -0.71196 
1 1 0 5.58532 0.1 3.82446 -0.850237 -3.18115 -0.850237 -3.18115 -0.0513799 0.711395 -0.0513799 -0.711395 
1 1 0 5.59025 0.1 3.8085 -0.850792 -3.18176 -0.850792 -3.18176 -0.0562585 0.710799 -0.0562585 -0.710799 
1 1 0 5.59518 0.1 3.79282 -0.851348 -3.18237 -0.851348 -3.18237 -0.0610855 0.710175 -0.0610855 -0.710175 
1 1 0 5.60011 0.1 3.77741 -0.851902 -3.18299 -0.851902 -3.18299 -0.0658623 0.709521 -0.0658623 -0.709521 
1 1 0 5.60504 0.1 3.76227 -0.852457 -3.18361 -0.852457 -3.18361 -0.0705888 0.70884 -0.0705888 -0.70884 
1 1 0 5.60997 0.1 3.74738 -0.85301 -3.18424 -0.85301 -3.18424 -0.075266 0.708132 -0.075266 -0.708132 
1 1 0 5.6149 0.1 3.73275 -0.853564 -3.18488 -0.853564 -3.18488 -0.0798941 0.707398 -0.0798941 -0.707398 
1 1 0 5.61983 0.1 3.71836 -0.854116 -3.18551 -0.854116 -3.18551 -0.0844741 0.706639 -0.0844741 -0.706639 
1 1 0 5.62476 0.1 3.7042 -0.854669 -3.18616 -0.854669 -3.18616 -0.0890063 0.705856 -0.0890063 -0.705856 
1 1 0 5.62968 0.1 3.69028 -0.85522 -3.1868 -0.85522 -3.1868 -0.0934909 0.705049 -0.0934909 -0.705049 
1 1 0 5.63461 0.1 3.67659 -0.855772 -3.18745 -0.855772 -3.18745 -0.0979292 0.704219 -0.0979292 -0.704219 
1 1 0 5.63954 0.1 3.66312 -0.856322 -3.18811 -0.856322 -3.18811 -0.102321 0.703368 -0.102321 -0.703368 
1 1 0 5.64446 0.1 3.64986 -0.856873 -3.18877 -0.856873 -3.18877 -0.106667 0.702494 -0.106667 -0.702494 
1 1 0 5.64939 0.1 3.63682 -0.857422 -3.18944 -0.857422 -3.18944 -0.110968 0.7016 -0.110968 -0.7016 
1 1 0 5.65431 0.1 3.62398 -0.857972 -3.19011 -0.857972 -3.19011 -0.115223 0.700686 -0.115223 -0.700686 
1 1 0 5.65924 0.1 3.61134 -0.85852 -3.19078 -0.85852 -3.19078 -0.119435 0.699753 -0.119435 -0.699753 
1 1 0 5.66416 0.1 3.5989 -0.859069 -3.19146 -0.859069 -3.19146 -0.123602 0.698801 -0.123602 -0.698801 
1 1 0 5.66908 0.1 3.58665 -0.859617 -3.19214 -0.859617 -3.19214 -0.127725 0.697831 -0.127725 -0.697831 
1 1 0 5.674 0.1 3.57459 -0.860164 -3.19283 -0.860164 -3.19283 -0.131806 0.696843 -0.131806 -0.696843 
1 1 0 5.67893 0.1 3.56272 -0.860711 -3.19352 -0.860711 -3.19352 -0.135843 0.695839 -0.135843 -0.695839 
1 1 0 5.68385 0.1 3.55102 -0.861257 -3.19421 -0.861257 -3.19421 -0.139838 0.694818 -0.139838 -0.694818 
1 1 0 5.68877 0.1 3.5395 -0.861803 -3.19491 -0.861803 -3.19491 -0.143791 0.693782 -0.143791 -0.693782 
1 1 0 5.69369 0.1 3.52816 -0.862349 -3.19561 -0.862349 -3.19561 -0.147702 0.692731 -0.147702 -0.692731 
1 1 0 5.69861 0.1 3.51698 -0.862894 -3.19632 -0.862894 -3.19632 -0.151572 0.691665 -0.151572 -0.691665 
1 1 0 5.70353 0.1 3.50597 -0.863438 -3.19703 -0.863438 -3.19703 -0.155401 0.690585 -0.155401 -0.690585 
1 1 0 5.70845 0.1 3.49513 -0.863982 -3.19775 -0.863982 -3.19775 -0.159189 0.689492 -0.159189 -0.689492 
1 1 0 5.71336 0.1 3.48444 -0.864526 -3.19846 -0.864526 -3.19846 -0.162936 0.688386 -0.162936 -0.688386 
1 1 0 5.71828 0.1 3.47391 -0.865069 -3.19919 -0.865069 -3.19919 -0.166644 0.687267 -0.166644 -0.687267 
1 1 0 5.7232 0.1 3.46353 -0.865612 -3.19991 -0.865612 -3.19991 -0.170311 0.686137 -0.170311 -0.686137 
1 1 0 5.72812 0.1 3.45331 -0.866154 -3.20064 -0.866154 -3.20064 -0.17394 0.684996 -0.17394 -0.684996 
1 1 0 5.73303 0.1 3.44323 -0.866696 -3.20138 -0.866696 -3.20138 -0.177529 0.683843 -0.177529 -0.683843 
1 1 0 5.73795 0.1 3.4333 -0.867237 -3.20211 -0.867237 -3.20211 -0.181079 0.68268 -0.181079 -0.68268 
1 1 0 5.74286 0.1 3.42351 -0.867778 -3.20286 -0.867778 -3.20286 -0.18459 0.681508 -0.18459 -0.681508 
1 1 0 5.74778 0.1 3.41386 -0.868318 -3.2036 -0.868318 -3.2036 -0.188063 0.680326 -0.188063 -0.680326 
1 1 0 5.75269 0.1 3.40435 -0.868858 -3.20435 -0.868858 -3.20435 -0.191498 0.679135 -0.191498 -0.679135 
1 1 0 5.7576 0.1 3.39498 -0.869398 -3.2051 -0.869398 -3.2051 -0.194895 0.677936 -0.194895 -0.677936 
1 1 0 5.76252 0.1 3.38573 -0.869937 -3.20586 -0.869937 -3.20586 -0.198254 0.676728 -0.198254 -0.676728 
1 1 0 5.76743 0.1 3.37662 -0.870475 -3.20662 -0.870475 -3.20662 -0.201577 0.675513 -0.201577 -0.675513 
1 1 0 5.77234 0.1 3.36764 -0.871013 -3.20738 -0.871013 -3.20738 -0.204861 0.674291 -0.204861 -0.674291 
1 1 0 5.77725 0.1 3.35879 -0.871551 -3.20814 -0.871551 -3.20814 -0.208109 0.673062 -0.208109 -0.673062 
1 1 0 5.78217 0.1 3.35006 -0.872088 -3.20891 -0.872088 -3.20891 -0.211321 0.671827 -0.211321 -0.671827 
1 1 0 5.78708 0.1 3.34145 -0.872625 -3.20969 -0.872625 -3.20969 -0.214496 0.670586 -0.214496 -0.670586 
1 1 0 5.79199 0.1 3.33297 -0.873161 -3.21046 -0.873161 -3.21046 -0.217635 0.669339 -0.217635 -0.669339 
1 1 0 5.7969 0.1 3.3246 -0.873697 -3.21124 -0.873697 -3.21124 -0.220737 0.668088 -0.220737 -0.668088 
1 1 0 5.8018 0.1 3.31635 -0.874233 -3.21203 -0.874233 -3.21203 -0.223805 0.666831 -0.223805 -0.666831 
1 1 0 5.80671 0.1 3.30822 -0.874768 -3.21281 -0.874768 -3.21281 -0.226836 0.665571 -0.226836 -0.665571 
1 1 0 5.81162 0.1 3.3002 -0.875302 -3.2136 -0.875302 -3.2136 -0.229832 0.664307 -0.229832 -0.664307 
1 1 0 5.81653 0.1 3.2923 -0.875837 -3.2144 -0.875837 -3.2144 -0.232793 0.663039 -0.232793 -0.663039 
1 1 0 5.82144 0.1 3.2845 -0.87637 -3.21519 -0.87637 -3.21519 -0.235719 0.661768 -0.235719 -0.661768 
1 1 0 5.82634 0.1 3.27682 -0.876904 -3.21599 -0.876904 -3.21599 -0.23861 0.660495 -0.23861 -0.660495 
1 1 0 5.83125 0.1 3.26924 -0.877436 -3.2168 -0.877436 -3.2168 -0.241466 0.659219 -0.241466 -0.659219 
1 1 0 5.83616 0.1 3.26177 -0.877969 -3.2176 -0.877969 -3.2176 -0.244288 0.657941 -0.244288 -0.657941 
1 1 0 5.84106 0.1 3.2544 -0.878501 -3.21841 -0.878501 -3.21841 -0.247076 0.656662 -0.247076 -0.656662 
1 1 0 5.84597 0.1 3.24714 -0.879032 -3.21922 -0.879032 -3.21922 -0.24983 0.655381 -0.24983 -0.655381 
1 1 0 5.85087 0.1 3.23998 -0.879563 -3.22004 -0.879563 -3.22004 -0.252549 0.654099 -0.252549 -0.654099 
1 1 0 5.85577 0.1 3.23293 -0.880094 -3.22086 -0.880094 -3.22086 -0.255235 0.652818 -0.255235 -0.652818 
1 1 0 5.86068 0.1 3.22597 -0.880624 -3.22168 -0.880624 -3.22168 -0.257888 0.651536 -0.257888 -0.651536 
1 1 0 5.86558 0.1 3.21911 -0.881154 -3.22251 -0.881154 -3.22251 -0.260507 0.650253 -0.260507 -0.650253 
1 1 0 5.87048 0.1 3.21235 -0.881684 -3.22333 -0.881684 -3.22333 -0.263092 0.648972 -0.263092 -0.648972 
1 1 0 5.87538 0.1 3.20568 -0.882213 -3.22416 -0.882213 -3.22416 -0.265645 0.647692 -0.265645 -0.647692 
1 1 0 5.88029 0.1 3.19911 -0.882741 -3.225 -0.882741 -3.225 -0.268165 0.646412 -0.268165 -0.646412 
1 1 0 5.88519 0.1 3.19264 -0.883269 -3.22584 -0.883269 -3.22584 -0.270651 0.645135 -0.270651 -0.645135 
1 1 0 5.89009 0.1 3.18626 -0.883797 -3.22668 -0.883797 -3.22668 -0.273106 0.643859 -0.273106 -0.643859 
1 1 0 5.89499 0.1 3.17997 -0.884324 -3.22752 -0.884324 -3.22752 -0.275527 0.642585 -0.275527 -0.642585 
1 1 0 5.89989 0.1 3.17377 -0.884851 -3.22837 -0.884851 -3.22837 -0.277917 0.641313 -0.277917 -0.641313 
1 1 0 5.90479 0.1 3.16766 -0.885378 -3.22922 -0.885378 -3.22922 -0.280273 0.640045 -0.280273 -0.640045 
1 1 0 5.90968 0.1 3.16165 -0.885904 -3.23007 -0.885904 -3.23007 -0.282598 0.63878 -0.282598 -0.63878 
1 1 0 5.91458 0.1 3.15572 -0.886429 -3.23092 -0.886429 -3.23092 -0.284891 0.637518 -0.284891 -0.637518 
1 1 0 5.91948 0.1 3.14987 -0.886954 -3.23178 -0.886954 -3.23178 -0.287152 0.63626 -0.287152 -0.63626 
1 1 0 5.92438 0.1 3.14412 -0.887479 -3.23264 -0.887479 -3.23264 -0.289381 0.635005 -0.289381 -0.635005 
1 1 0 5.92927 0.1 3.13845 -0.888004 -3.23351 -0.888004 -3.23351 -0.291579 0.633756 -0.291579 -0.633756 
1 1 0 5.93417 0.1 3.13287 -0.888527 -3.23437 -0.888527 -3.23437 -0.293745 0.632511 -0.293745 -0.632511 
1 1 0 5.93907 0.1 3.12737 -0.889051 -3.23524 -0.889051 -3.23524 -0.29588 0.631271 -0.29588 -0.631271 
1 1 0 5.94396 0.1 3.12195 -0.889574 -3.23612 -0.889574 -3.23612 -0.297984 0.630036 -0.297984 -0.630036 
1 1 0 5.94886 0.1 3.11662 -0.890097 -3.23699 -0.890097 -3.23699 -0.300056 0.628806 -0.300056 -0.628806 
1 1 0 5.95375 0.1 3.11137 -0.890619 -3.23787 -0.890619 -3.23787 -0.302097 0.627583 -0.302097 -0.627583 
1 1 0 5.95865 0.1 3.1062 -0.891141 -3.23875 -0.891141 -3.23875 -0.304108 0.626366 -0.304108 -0.626366 
1 1 0 5.96354 0.1 3.10112 -0.891662 -3.23964 -0.891662 -3.23964 -0.306088 0.625155 -0.306088 -0.625155 
1 1 0 5.96843 0.1 3.09611 -0.892184 -3.24052 -0.892184 -3.24052 -0.308037 0.62395 -0.308037 -0.62395 
1 1 0 5.97332 0.1 3.09118 -0.892704 -3.24141 -0.892704 -3.24141 -0.309955 0.622753 -0.309955 -0.622753 
1 1 0 5.97822 0.1 3.08633 -0.893224 -3.24231 -0.893224 -3.24231 -0.311843 0.621563 -0.311843 -0.621563 
1 1 0 5.98311 0.1 3.08156 -0.893744 -3.2432 -0.893744 -3.2432 -0.313701 0.62038 -0.313701 -0.62038 
1 1 0 5.988 0.1 3.07687 -0.894264 -3.2441 -0.894264 -3.2441 -0.315528 0.619205 -0.315528 -0.619205 
1 1 0 5.99289 0.1 3.07226 -0.894783 -3.245 -0.894783 -3.245 -0.317325 0.618038 -0.317325 -0.618038 
1 1 0 5.99778 0.1 3.06772 -0.895301 -3.2459 -0.895301 -3.2459 -0.319092 0.616879 -0.319092 -0.616879 
1 1 0 6.00267 0.1 3.06326 -0.89582 -3.24681 -0.89582 -3.24681 -0.320829 0.615729 -0.320829 -0.615729 
1 1 0 6.00756 0.1 3.05887 -0.896337 -3.24772 -0.896337 -3.24772 -0.322536 0.614587 -0.322536 -0.614587 
1 1 0 6.01245 0.1 3.05456 -0.896855 -3.24863 -0.896855 -3.24863 -0.324213 0.613455 -0.324213 -0.613455 
1 1 0 6.01734 0.1 3.05032 -0.897372 -3.24955 -0.897372 -3.24955 -0.325861 0.612332 -0.325861 -0.612332 
1 1 0 6.02222 0.1 3.04616 -0.897888 -3.25046 -0.897888 -3.25046 -0.327479 0.611218 -0.327479 -0.611218 
1 1 0 6.02711 0.1 3.04207 -0.898405 -3.25138 -0.898405 -3.25138 -0.329067 0.610114 -0.329067 -0.610114 
1 1 0 6.032 0.1 3.03806 -0.898921 -3.25231 -0.898921 -3.25231 -0.330626 0.60902 -0.330626 -0.60902 
1 1 0 6.03689 0.1 3.03412 -0.899436 -3.25323 -0.899436 -3.25323 -0.332155 0.607937 -0.332155 -0.607937 
1 1 0 6.04177 0.1 3.03025 -0.899951 -3.25416 -0.899951 -3.25416 -0.333656 0.606864 -0.333656 -0.606864 
1 1 0 6.04666 0.1 3.02645 -0.900466 -3.25509 -0.900466 -3.25509 -0.335127 0.605801 -0.335127 -0.605801 
1 1 0 6.05154 0.1 3.02273 -0.90098 -3.25603 -0.90098 -3.25603 -0.336568 0.60475 -0.336568 -0.60475 
1 1 0 6.05643 0.1 3.01907 -0.901494 -3.25696 -0.901494 -3.25696 -0.337981 0.603709 -0.337981 -0.603709 
1 1 0 6.06131 0.1 3.01549 -0.902007 -3.2579 -0.902007 -3.2579 -0.339365 0.60268 -0.339365 -0.60268 
1 1 0 6.06619 0.1 3.01198 -0.90252 -3.25884 -0.90252 -3.25884 -0.34072 0.601662 -0.34072 -0.601662 
1 1 0 6.07108 0.1 3.00854 -0.903033 -3.25979 -0.903033 -3.25979 -0.342046 0.600657 -0.342046 -0.600657 
1 1 0 6.07596 0.1 3.00517 -0.903545 -3.26073 -0.903545 -3.26073 -0.343343 0.599663 -0.343343 -0.599663 
1 1 0 6.08084 0.1 3.00186 -0.904057 -3.26168 -0.904057 -3.26168 -0.344612 0.598681 -0.344612 -0.598681 
1 1 0 6.08572 0.1 2.99863 -0.904568 -3.26264 -0.904568 -3.26264 -0.345852 0.597712 -0.345852 -0.597712 
1 1 0 6.09061 0.1 2.99547 -0.905079 -3.26359 -0.905079 -3.26359 -0.347064 0.596756 -0.347064 -0.596756 
1 1 0 6.09549 0.1 2.99237 -0.90559 -3.26455 -0.90559 -3.26455 -0.348246 0.595812 -0.348246 -0.595812 
1 1 0 6.10037 0.1 2.98935 -0.9061 -3.26551 -0.9061 -3.26551 -0.349401 0.594882 -0.349401 -0.594882 
1 1 0 6.10525 0.1 2.98639 -0.90661 -3.26647 -0.90661 -3.26647 -0.350527 0.593964 -0.350527 -0.593964 
1 1 0 6.11013 0.1 2.9835 -0.90712 -3.26744 -0.90712 -3.26744 -0.351625 0.59306 -0.351625 -0.59306 
1 1 0 6.115 0.1 2.98068 -0.907629 -3.26841 -0.907629 -3.26841 -0.352694 0.592169 -0.352694 -0.592169 
1 1 0 6.11988 0.1 2.97792 -0.908137 -3.26938 -0.908137 -3.26938 -0.353736 0.591292 -0.353736 -0.591292 
1 1 0 6.12476 0.1 2.97524 -0.908646 -3.27035 -0.908646 -3.27035 -0.354749 0.590429 -0.354749 -0.590429 
1 1 0 6.12964 0.1 2.97261 -0.909154 -3.27133 -0.909154 -3.27133 -0.355735 0.58958 -0.355735 -0.58958 
1 1 0 6.13452 0.1 2.97006 -0.909661 -3.2723 -0.909661 -3.2723 -0.356692 0.588745 -0.356692 -0.588745 
1 1 0 6.13939 0.1 2.96758 -0.910168 -3.27328 -0.910168 -3.27328 -0.357621 0.587925 -0.357621 -0.587925 
1 1 0 6.14427 0.1 2.96516 -0.910675 -3.27427 -0.910675 -3.27427 -0.358522 0.58712 -0.358522 -0.58712 
1 1 0 6.14914 0.1 2.9628 -0.911181 -3.27525 -0.911181 -3.27525 -0.359396 0.586328 -0.359396 -0.586328 
1 1 0 6.15402 0.1 2.96051 -0.911687 -3.27624 -0.911687 -3.27624 -0.360241 0.585552 -0.360241 -0.585552 
1 1 0 6.15889 0.1 2.95829 -0.912193 -3.27724 -0.912193 -3.27724 -0.36106 0.584791 -0.36106 -0.584791 
1 1 0 6.16377 0.1 2.95614 -0.912698 -3.27823 -0.912698 -3.27823 -0.36185 0.584045 -0.36185 -0.584045 
1 1 0 6.16864 0.1 2.95405 -0.913203 -3.27923 -0.913203 -3.27923 -0.362612 0.583315 -0.362612 -0.583315 
1 1 0 6.17351 0.1 2.95202 -0.913708 -3.28023 -0.913708 -3.28023 -0.363348 0.5826 -0.363348 -0.5826 
1 1 0 6.17839 0.1 2.95006 -0.914212 -3.28123 -0.914212 -3.28123 -0.364055 0.5819 -0.364055 -0.5819 
1 1 0 6.18326 0.1 2.94817 -0.914715 -3.28223 -0.914715 -3.28223 -0.364735 0.581216 -0.364735 -0.581216 
1 1 0 6.18813 0.1 2.94634 -0.915219 -3.28324 -0.915219 -3.28324 -0.365388 0.580548 -0.365388 -0.580548 
1 1 0 6.193 0.1 2.94457 -0.915722 -3.28425 -0.915722 -3.28425 -0.366013 0.579896 -0.366013 -0.579896 
1 1 0 6.19787 0.1 2.94287 -0.916224 -3.28526 -0.916224 -3.28526 -0.366611 0.57926 -0.366611 -0.57926 
1 1 0 6.20274 0.1 2.94124 -0.916726 -3.28627 -0.916726 -3.28627 -0.367181 0.57864 -0.367181 -0.57864 
1 1 0 6.20761 0.1 2.93967 -0.917228 -3.28729 -0.917228 -3.28729 -0.367724 0.578036 -0.367724 -0.578036 
1 1 0 6.21248 0.1 2.93816 -0.917729 -3.28831 -0.917729 -3.28831 -0.36824 0.577449 -0.36824 -0.577449 
1 1 0 6.21735 0.1 2.93672 -0.91823 -3.28933 -0.91823 -3.28933 -0.368729 0.576879 -0.368729 -0.576879 
1 1 0 6.22222 0.1 2.93534 -0.918731 -3.29036 -0.918731 -3.29036 -0.36919 0.576325 -0.36919 -0.576325 
1 1 0 6.22709 0.1 2.93403 -0.919231 -3.29139 -0.919231 -3.29139 -0.369624 0.575787 -0.369624 -0.575787 
1 1 0 6.23195 0.1 2.93278 -0.919731 -3.29242 -0.919731 -3.29242 -0.370032 0.575266 -0.370032 -0.575266 
1 1 0 6.23682 0.1 2.93159 -0.92023 -3.29345 -0.92023 -3.29345 -0.370412 0.574762 -0.370412 -0.574762 
1 1 0 6.24169 0.1 2.93047 -0.92073 -3.29448 -0.92073 -3.29448 -0.370765 0.574275 -0.370765 -0.574275 
1 1 0 6.24655 0.1 2.92941 -0.921228 -3.29552 -0.921228 -3.29552 -0.371091 0.573805 -0.371091 -0.573805 
1 1 0 6.25142 0.1 2.92842 -0.921727 -3.29656 -0.921727 -3.29656 -0.37139 0.573352 -0.37139 -0.573352 
1 1 0 6.25628 0.1 2.92749 -0.922225 -3.2976 -0.922225 -3.2976 -0.371662 0.572916 -0.371662 -0.572916 
1 1 0 6.26114 0.1 2.92662 -0.922722 -3.29865 -0.922722 -3.29865 -0.371908 0.572498 -0.371908 -0.572498 
1 1 0 6.26601 0.1 2.92582 -0.923219 -3.2997 -0.923219 -3.2997 -0.372126 0.572096 -0.372126 -0.572096 
1 1 0 6.27087 0.1 2.92508 -0.923716 -3.30075 -0.923716 -3.30075 -0.372317 0.571712 -0.372317 -0.571712 
1 1 0 6.27573 0.1 2.92441 -0.924213 -3.3018 -0.924213 -3.3018 -0.372482 0.571346 -0.372482 -0.571346 
1 1 0 6.2806 0.1 2.9238 -0.924709 -3.30286 -0.924709 -3.30286 -0.37262 0.570996 -0.37262 -0.570996 
1 1 0 6.28546 0.1 2.92325 -0.925204 -3.30392 -0.925204 -3.30392 -0.372731 0.570664 -0.372731 -0.570664 
1 1 0 6.29032 0.1 2.92276 -0.9257 -3.30498 -0.9257 -3.30498 -0.372816 0.57035 -0.372816 -0.57035 
1 1 0 6.29518 0.1 2.92234 -0.926194 -3.30604 -0.926194 -3.30604 -0.372873 0.570052 -0.372873 -0.570052 
1 1 0 6.30004 0.1 2.92198 -0.926689 -3.30711 -0.926689 -3.30711 -0.372904 0.569772 -0.372904 -0.569772 
1 1 0 6.3049 0.1 2.92169 -0.927183 -3.30817 -0.927183 -3.30817 -0.372908 0.56951 -0.372908 -0.56951 
1 1 0 6.30976 0.1 2.92146 -0.927677 -3.30924 -0.927677 -3.30924 -0.372886 0.569265 -0.372886 -0.569265 
1 1 0 6.31462 0.1 2.92129 -0.92817 -3.31032 -0.92817 -3.31032 -0.372837 0.569038 -0.372837 -0.569038 
1 1 0 6.31947 0.1 2.92119 -0.928663 -3.31139 -0.928663 -3.31139 -0.372761 0.568829 -0.372761 -0.568829 
1 1 0 6.32433 0.1 2.92115 -0.929156 -3.31247 -0.929156 -3.31247 -0.372659 0.568636 -0.372659 -0.568636 
1 1 0 6.32919 0.1 2.92118 -0.929648 -3.31355 -0.929648 -3.31355 -0.37253 0.568462 -0.37253 -0.568462 
1 1 0 6.33404 0.1 2.92127 -0.93014 -3.31464 -0.93014 -3.31464 -0.372374 0.568305 -0.372374 -0.568305 
1 1 0 6.3389 0.1 2.92142 -0.930632 -3.31572 -0.930632 -3.31572 -0.372192 0.568165 -0.372192 -0.568165 
1 1 0 6.34376 0.1 2.92163 -0.931123 -3.31681 -0.931123 -3.31681 -0.371983 0.568043 -0.371983 -0.568043 
1 1 0 6.34861 0.1 2.92191 -0.931614 -3.31791 -0.931614 -3.31791 -0.371748 0.567938 -0.371748 -0.567938 
1 1 0 6.35346 0.1 2.92225 -0.932104 -3.319 -0.932104 -3.319 -0.371486 0.56785 -0.371486 -0.56785 
1 1 0 6.35832 0.1 2.92266 -0.932594 -3.3201 -0.932594 -3.3201 -0.371197 0.56778 -0.371197 -0.56778 
1 1 0 6.36317 0.1 2.92313 -0.933084 -3.3212 -0.933084 -3.3212 -0.370882 0.567728 -0.370882 -0.567728 
1 1 0 6.36802 0.1 2.92367 -0.933573 -3.3223 -0.933573 -3.3223 -0.370541 0.567692 -0.370541 -0.567692 
1 1 0 6.37287 0.1 2.92426 -0.934062 -3.3234 -0.934062 -3.3234 -0.370173 0.567674 -0.370173 -0.567674 
1 1 0 6.37773 0.1 2.92493 -0.93455 -3.32451 -0.93455 -3.32451 -0.369778 0.567673 -0.369778 -0.567673 
1 1 0 6.38258 0.1 2.92565 -0.935038 -3.32562 -0.935038 -3.32562 -0.369357 0.567689 -0.369357 -0.567689 
1 1 0 6.38743 0.1 2.92645 -0.935526 -3.32673 -0.935526 -3.32673 -0.36891 0.567722 -0.36891 -0.567722 
1 1 0 6.39228 0.1 2.9273 -0.936013 -3.32785 -0.936013 -3.32785 -0.368436 0.567773 -0.368436 -0.567773 
1 1 0 6.39713 0.1 2.92822 -0.9365 -3.32897 -0.9365 -3.32897 -0.367935 0.56784 -0.367935 -0.56784 
1 1 0 6.40197 0.1 2.92921 -0.936987 -3.33009 -0.936987 -3.33009 -0.367408 0.567924 -0.367408 -0.567924 
1 1 0 6.40682 0.1 2.93026 -0.937473 -3.33121 -0.937473 -3.33121 -0.366855 0.568024 -0.366855 -0.568024 
1 1 0 6.41167 0.1 2.93137 -0.937959 -3.33234 -0.937959 -3.33234 -0.366275 0.568142 -0.366275 -0.568142 
1 1 0 6.41652 0.1 2.93255 -0.938445 -3.33346 -0.938445 -3.33346 -0.365668 0.568276 -0.365668 -0.568276 
1 1 0 6.42136 0.1 2.93379 -0.93893 -3.3346 -0.93893 -3.3346 -0.365035 0.568426 -0.365035 -0.568426 
1 1 0 6.42621 0.1 2.9351 -0.939415 -3.33573 -0.939415 -3.33573 -0.364376 0.568593 -0.364376 -0.568593 
1 1 0 6.43105 0.1 2.93648 -0.939899 -3.33687 -0.939899 -3.33687 -0.36369 0.568776 -0.36369 -0.568776 
1 1 0 6.4359 0.1 2.93792 -0.940383 -3.338 -0.940383 -3.338 -0.362977 0.568975 -0.362977 -0.568975 
1 1 0 6.44074 0.1 2.93942 -0.940867 -3.33915 -0.940867 -3.33915 -0.362238 0.569191 -0.362238 -0.569191 
1 1 0 6.44558 0.1 2.94099 -0.94135 -3.34029 -0.94135 -3.34029 -0.361472 0.569422 -0.361472 -0.569422 
1 1 0 6.45043 0.1 2.94263 -0.941833 -3.34144 -0.941833 -3.34144 -0.36068 0.56967 -0.36068 -0.56967 
1 1 0 6.45527 0.1 2.94433 -0.942315 -3.34259 -0.942315 -3.34259 -0.359861 0.569932 -0.359861 -0.569932 
1 1 0 6.46011 0.1 2.9461 -0.942797 -3.34374 -0.942797 -3.34374 -0.359016 0.570211 -0.359016 -0.570211 
1 1 0 6.46495 0.1 2.94794 -0.943279 -3.3449 -0.943279 -3.3449 -0.358144 0.570505 -0.358144 -0.570505 
1 1 0 6.46979 0.1 2.94984 -0.94376 -3.34605 -0.94376 -3.34605 -0.357245 0.570814 -0.357245 -0.570814 
1 1 0 6.47463 0.1 2.95181 -0.944241 -3.34721 -0.944241 -3.34721 -0.35632 0.571139 -0.35632 -0.571139 
1 1 0 6.47947 0.1 2.95385 -0.944722 -3.34838 -0.944722 -3.34838 -0.355368 0.571478 -0.355368 -0.571478 
1 1 0 6.48431 0.1 2.95595 -0.945202 -3.34954 -0.945202 -3.34954 -0.35439 0.571833 -0.35439 -0.571833 
1 1 0 6.48915 0.1 2.95812 -0.945682 -3.35071 -0.945682 -3.35071 -0.353384 0.572202 -0.353384 -0.572202 
1 1 0 6.49398 0.1 2.96036 -0.946161 -3.35188 -0.946161 -3.35188 -0.352353 0.572586 -0.352353 -0.572586 
1 1 0 6.49882 0.1 2.96266 -0.94664 -3.35306 -0.94664 -3.35306 -0.351294 0.572984 -0.351294 -0.572984 
1 1 0 6.50366 0.1 2.96504 -0.947119 -3.35424 -0.947119 -3.35424 -0.350208 0.573396 -0.350208 -0.573396 
1 1 0 6.50849 0.1 2.96748 -0.947597 -3.35542 -0.947597 -3.35542 -0.349096 0.573823 -0.349096 -0.573823 
1 1 0 6.51332 0.1 2.96999 -0.948075 -3.3566 -0.948075 -3.3566 -0.347957 0.574264 -0.347957 -0.574264 
1 1 0 6.51816 0.1 2.97257 -0.948553 -3.35778 -0.948553 -3.35778 -0.346791 0.574718 -0.346791 -0.574718 
1 1 0 6.52299 0.1 2.97522 -0.94903 -3.35897 -0.94903 -3.35897 -0.345598 0.575186 -0.345598 -0.575186 
1 1 0 6.52782 0.1 2.97794 -0.949507 -3.36016 -0.949507 -3.36016 -0.344379 0.575667 -0.344379 -0.575667 
1 1 0 6.53266 0.1 2.98073 -0.949983 -3.36136 -0.949983 -3.36136 -0.343132 0.576161 -0.343132 -0.576161 
1 1 0 6.53749 0.1 2.98359 -0.950459 -3.36255 -0.950459 -3.36255 -0.341859 0.576669 -0.341859 -0.576669 
1 1 0 6.54232 0.1 2.98651 -0.950935 -3.36375 -0.950935 -3.36375 -0.340558 0.577189 -0.340558 -0.577189 
1 1 0 6.54715 0.1 2.98951 -0.95141 -3.36496 -0.95141 -3.36496 -0.339231 0.577722 -0.339231 -0.577722 
1 1 0 6.55198 0.1 2.99258 -0.951885 -3.36616 -0.951885 -3.36616 -0.337876 0.578267 -0.337876 -0.578267 
1 1 0 6.55681 0.1 2.99573 -0.95236 -3.36737 -0.95236 -3.36737 -0.336494 0.578825 -0.336494 -0.578825 
1 1 0 6.56163 0.1 2.99894 -0.952834 -3.36858 -0.952834 -3.36858 -0.335085 0.579394 -0.335085 -0.579394 
1 1 0 6.56646 0.1 3.00223 -0.953307 -3.36979 -0.953307 -3.36979 -0.333649 0.579976 -0.333649 -0.579976 
1 1 0 6.57129 0.1 3.00558 -0.953781 -3.37101 -0.953781 -3.37101 -0.332186 0.580569 -0.332186 -0.580569 
1 1 0 6.57611 0.1 3.00901 -0.954254 -3.37223 -0.954254 -3.37223 -0.330695 0.581173 -0.330695 -0.581173 
1 1 0 6.58094 0.1 3.01252 -0.954726 -3.37345 -0.954726 -3.37345 -0.329177 0.581788 -0.329177 -0.581788 
1 1 0 6.58576 0.1 3.0161 -0.955198 -3.37468 -0.955198 -3.37468 -0.327632 0.582415 -0.327632 -0.582415 
1 1 0 6.59059 0.1 3.01975 -0.95567 -3.37591 -0.95567 -3.37591 -0.326059 0.583052 -0.326059 -0.583052 
1 1 0 6.59541 0.1 3.02348 -0.956142 -3.37714 -0.956142 -3.37714 -0.324459 0.5837 -0.324459 -0.5837 
1 1 0 6.60023 0.1 3.02728 -0.956613 -3.37837 -0.956613 -3.37837 -0.322831 0.584358 -0.322831 -0.584358 
1 1 0 6.60505 0.1 3.03116 -0.957083 -3.37961 -0.957083 -3.37961 -0.321176 0.585026 -0.321176 -0.585026 
1 1 0 6.60987 0.1 3.03511 -0.957554 -3.38085 -0.957554 -3.38085 -0.319493 0.585704 -0.319493 -0.585704 
1 1 0 6.61469 0.1 3.03914 -0.958023 -3.3821 -0.958023 -3.3821 -0.317782 0.586391 -0.317782 -0.586391 
1 1 0 6.61951 0.1 3.04325 -0.958493 -3.38334 -0.958493 -3.38334 -0.316043 0.587088 -0.316043 -0.587088 
1 1 0 6.62433 0.1 3.04743 -0.958962 -3.38459 -0.958962 -3.38459 -0.314277 0.587793 -0.314277 -0.587793 
1 1 0 6.62915 0.1 3.0517 -0.959431 -3.38585 -0.959431 -3.38585 -0.312483 0.588508 -0.312483 -0.588508 
1 1 0 6.63397 0.1 3.05604 -0.959899 -3.3871 -0.959899 -3.3871 -0.310661 0.589231 -0.310661 -0.589231 
1 1 0 6.63878 0.1 3.06046 -0.960367 -3.38836 -0.960367 -3.38836 -0.30881 0.589963 -0.30881 -0.589963 
1 1 0 6.6436 0.1 3.06496 -0.960834 -3.38962 -0.960834 -3.38962 -0.306932 0.590702 -0.306932 -0.590702 
1 1 0 6.64841 0.1 3.06954 -0.961301 -3.39089 -0.961301 -3.39089 -0.305025 0.59145 -0.305025 -0.59145 
1 1 0 6.65323 0.1 3.07421 -0.961768 -3.39216 -0.961768 -3.39216 -0.303091 0.592204 -0.303091 -0.592204 
1 1 0 6.65804 0.1 3.07895 -0.962234 -3.39343 -0.962234 -3.39343 -0.301127 0.592966 -0.301127 -0.592966 
1 1 0 6.66285 0.1 3.08378 -0.9627 -3.3947 -0.9627 -3.3947 -0.299136 0.593735 -0.299136 -0.593735 
1 1 0 6.66766 0.1 3.08869 -0.963166 -3.39598 -0.963166 -3.39598 -0.297116 0.594511 -0.297116 -0.594511 
1 1 0 6.67247 0.1 3.09368 -0.963631 -3.39726 -0.963631 -3.39726 -0.295067 0.595293 -0.295067 -0.595293 
1 1 0 6.67728 0.1 3.09876 -0.964096 -3.39854 -0.964096 -3.39854 -0.29299 0.596082 -0.29299 -0.596082 
1 1 0 6.68209 0.1 3.10393 -0.96456 -3.39983 -0.96456 -3.39983 -0.290884 0.596876 -0.290884 -0.596876 
1 1 0 6.6869 0.1 3.10918 -0.965024 -3.40112 -0.965024 -3.40112 -0.288749 0.597676 -0.288749 -0.597676 
1 1 0 6.69171 0.1 3.11452 -0.965487 -3.40242 -0.965487 -3.40242 -0.286585 0.598481 -0.286585 -0.598481 
1 1 0 6.69652 0.1 3.11995 -0.965951 -3.40371 -0.965951 -3.40371 -0.284392 0.599292 -0.284392 -0.599292 
1 1 0 6.70132 0.1 3.12546 -0.966413 -3.40501 -0.966413 -3.40501 -0.28217 0.600107 -0.28217 -0.600107 
1 1 0 6.70613 0.1 3.13107 -0.966876 -3.40632 -0.966876 -3.40632 -0.279919 0.600926 -0.279919 -0.600926 
1 1 0 6.71093 0.1 3.13676 -0.967338 -3.40763 -0.967338 -3.40763 -0.277639 0.60175 -0.277639 -0.60175 
1 1 0 6.71573 0.1 3.14255 -0.967799 -3.40894 -0.967799 -3.40894 -0.275329 0.602577 -0.275329 -0.602577 
1 1 0 6.72054 0.1 3.14843 -0.96826 -3.41025 -0.96826 -3.41025 -0.272989 0.603408 -0.272989 -0.603408 
1 1 0 6.72534 0.1 3.15441 -0.968721 -3.41157 -0.968721 -3.41157 -0.27062 0.604243 -0.27062 -0.604243 
1 1 0 6.73014 0.1 3.16048 -0.969181 -3.41289 -0.969181 -3.41289 -0.268221 0.60508 -0.268221 -0.60508 
1 1 0 6.73494 0.1 3.16664 -0.969641 -3.41421 -0.969641 -3.41421 -0.265792 0.60592 -0.265792 -0.60592 
1 1 0 6.73973 0.1 3.1729 -0.9701 -3.41554 -0.9701 -3.41554 -0.263334 0.606762 -0.263334 -0.606762 
1 1 0 6.74453 0.1 3.17926 -0.970559 -3.41687 -0.970559 -3.41687 -0.260845 0.607606 -0.260845 -0.607606 
1 1 0 6.74933 0.1 3.18572 -0.971018 -3.41821 -0.971018 -3.41821 -0.258325 0.608451 -0.258325 -0.608451 
1 1 0 6.75412 0.1 3.19228 -0.971476 -3.41954 -0.971476 -3.41954 -0.255776 0.609298 -0.255776 -0.609298 
1 1 0 6.75892 0.1 3.19894 -0.971934 -3.42089 -0.971934 -3.42089 -0.253196 0.610146 -0.253196 -0.610146 
1 1 0 6.76371 0.1 3.20571 -0.972391 -3.42223 -0.972391 -3.42223 -0.250585 0.610995 -0.250585 -0.610995 
1 1 0 6.76851 0.1 3.21257 -0.972848 -3.42358 -0.972848 -3.42358 -0.247943 0.611844 -0.247943 -0.611844 
1 1 0 6.7733 0.1 3.21955 -0.973305 -3.42493 -0.973305 -3.42493 -0.245271 0.612693 -0.245271 -0.612693 
1 1 0 6.77809 0.1 3.22663 -0.973761 -3.42629 -0.973761 -3.42629 -0.242567 0.613542 -0.242567 -0.613542 
1 1 0 6.78288 0.1 3.23382 -0.974216 -3.42765 -0.974216 -3.42765 -0.239832 0.61439 -0.239832 -0.61439 
1 1 0 6.78767 0.1 3.24111 -0.974671 -3.42901 -0.974671 -3.42901 -0.237066 0.615237 -0.237066 -0.615237 
1 1 0 6.79246 0.1 3.24852 -0.975126 -3.43038 -0.975126 -3.43038 -0.234268 0.616082 -0.234268 -0.616082 
1 1 0 6.79724 0.1 3.25605 -0.975581 -3.43175 -0.975581 -3.43175 -0.231438 0.616926 -0.231438 -0.616926 
1 1 0 6.80203 0.1 3.26369 -0.976034 -3.43313 -0.976034 -3.43313 -0.228577 0.617767 -0.228577 -0.617767 
1 1 0 6.80681 0.1 3.27144 -0.976488 -3.43451 -0.976488 -3.43451 -0.225683 0.618606 -0.225683 -0.618606 
1 1 0 6.8116 0.1 3.27931 -0.976941 -3.43589 -0.976941 -3.43589 -0.222758 0.619442 -0.222758 -0.619442 
1 1 0 6.81638 0.1 3.28731 -0.977393 -3.43728 -0.977393 -3.43728 -0.219799 0.620275 -0.219799 -0.620275 
1 1 0 6.82116 0.1 3.29542 -0.977846 -3.43867 -0.977846 -3.43867 -0.216809 0.621104 -0.216809 -0.621104 
1 1 0 6.82594 0.1 3.30366 -0.978297 -3.44006 -0.978297 -3.44006 -0.213785 0.621929 -0.213785 -0.621929 
1 1 0 6.83072 0.1 3.31202 -0.978749 -3.44146 -0.978749 -3.44146 -0.210728 0.622749 -0.210728 -0.622749 
1 1 0 6.8355 0.1 3.32051 -0.979199 -3.44286 -0.979199 -3.44286 -0.207639 0.623565 -0.207639 -0.623565 
1 1 0 6.84027 0.1 3.32913 -0.97965 -3.44427 -0.97965 -3.44427 -0.204515 0.624376 -0.204515 -0.624376 
1 1 0 6.84505 0.1 3.33788 -0.9801 -3.44568 -0.9801 -3.44568 -0.201359 0.625181 -0.201359 -0.625181 
1 1 0 6.84982 0.1 3.34677 -0.980549 -3.4471 -0.980549 -3.4471 -0.198168 0.625979 -0.198168 -0.625979 
1 1 0 6.8546 0.1 3.35579 -0.980998 -3.44852 -0.980998 -3.44852 -0.194943 0.626772 -0.194943 -0.626772 
1 1 0 6.85937 0.1 3.36496 -0.981447 -3.44994 -0.981447 -3.44994 -0.191684 0.627557 -0.191684 -0.627557 
1 1 0 6.86414 0.1 3.37426 -0.981895 -3.45137 -0.981895 -3.45137 -0.188391 0.628335 -0.188391 -0.628335 
1 1 0 6.86891 0.1 3.38371 -0.982342 -3.4528 -0.982342 -3.4528 -0.185063 0.629105 -0.185063 -0.629105 
1 1 0 6.87368 0.1 3.3933 -0.982789 -3.45423 -0.982789 -3.45423 -0.1817 0.629867 -0.1817 -0.629867 
1 1 0 6.87845 0.1 3.40304 -0.983236 -3.45567 -0.983236 -3.45567 -0.178301 0.63062 -0.178301 -0.63062 
1 1 0 6.88321 0.1 3.41294 -0.983682 -3.45712 -0.983682 -3.45712 -0.174867 0.631364 -0.174867 -0.631364 
1 1 0 6.88798 0.1 3.42299 -0.984128 -3.45857 -0.984128 -3.45857 -0.171398 0.632098 -0.171398 -0.632098 
1 1 0 6.89274 0.1 3.43319 -0.984573 -3.46002 -0.984573 -3.46002 -0.167892 0.632822 -0.167892 -0.632822 
1 1 0 6.8975 0.1 3.44356 -0.985018 -3.46148 -0.985018 -3.46148 -0.16435 0.633535 -0.16435 -0.633535 
1 1 0 6.90226 0.1 3.45409 -0.985462 -3.46294 -0.985462 -3.46294 -0.160771 0.634238 -0.160771 -0.634238 
1 1 0 6.90702 0.1 3.46479 -0.985906 -3.46441 -0.985906 -3.46441 -0.157155 0.634929 -0.157155 -0.634929 
1 1 0 6.91178 0.1 3.47567 -0.986349 -3.46588 -0.986349 -3.46588 -0.153502 0.635607 -0.153502 -0.635607 
