2 1 0 22.85 0.110584 0 -1.46438 -3.25353 -1.46438 -3.25353 0 0 0 0 
1 1 0 22.85 0.110584 5.28572 -1.46438 -3.25353 -1.46438 -3.25353 0.234618 0.583866 0.234618 -0.583866 
1 1 0 22.85 0.110584 5.28572 -1.46438 -3.25353 -1.46438 -3.25353 0.234618 0.583866 0.234618 -0.583866 
1 1 0 22.85 0.110584 5.28572 -1.46438 -3.25353 -1.46438 -3.25353 0.234618 0.583866 0.234618 -0.583866 
1 1 0 22.85 0.110584 5.28572 -1.46438 -3.25353 -1.46438 -3.25353 0.234618 0.583866 0.234618 -0.583866 
1 1 0 22.85 0.110584 5.28572 -1.46438 -3.25353 -1.46438 -3.25353 0.234618 0.583866 0.234618 -0.583866 
1 1 0 22.85 0.110584 5.28572 -1.46438 -3.25353 -1.46438 -3.25353 0.234617 0.583866 0.234617 -0.583866 
1 1 0 22.85 0.110584 5.28572 -1.46439 -3.25353 -1.46439 -3.25353 0.234617 0.583866 0.234617 -0.583866 
1 1 0 22.8501 0.110584 5.28571 -1.46439 -3.25354 -1.46439 -3.25354 0.234616 0.583866 0.234616 -0.583866 
1 1 0 22.8501 0.110584 5.2857 -1.46439 -3.25354 -1.46439 -3.25354 0.234614 0.583865 0.234614 -0.583865 
1 1 0 22.8502 0.110584 5.28568 -1.46439 -3.25354 -1.46439 -3.25354 0.234611 0.583865 0.234611 -0.583865 
1 1 0 22.8503 0.110584 5.28566 -1.46439 -3.25355 -1.46439 -3.25355 0.234607 0.583865 0.234607 -0.583865 
1 1 0 22.8505 0.110584 5.28562 -1.4644 -3.25356 -1.4644 -3.25356 0.234602 0.583864 0.234602 -0.583864 
1 1 0 22.8508 0.110584 5.28556 -1.46441 -3.25358 -1.46441 -3.25358 0.234593 0.583863 0.234593 -0.583863 
1 1 0 22.8513 0.110584 5.28548 -1.46442 -3.25361 -1.46442 -3.25361 0.23458 0.583862 0.23458 -0.583862 
1 1 0 22.8519 0.110584 5.28536 -1.46444 -3.25364 -1.46444 -3.25364 0.23456 0.58386 0.23456 -0.58386 
1 1 0 22.8529 0.110584 5.28517 -1.46447 -3.2537 -1.46447 -3.2537 0.23453 0.583857 0.23453 -0.583857 
1 1 0 22.8544 0.110584 5.28489 -1.46451 -3.25379 -1.46451 -3.25379 0.234486 0.583852 0.234486 -0.583852 
1 1 0 22.8566 0.110584 5.28448 -1.46457 -3.25392 -1.46457 -3.25392 0.23442 0.583845 0.23442 -0.583845 
1 1 0 22.8599 0.110584 5.28386 -1.46467 -3.25411 -1.46467 -3.25411 0.23432 0.583834 0.23432 -0.583834 
1 1 0 22.8649 0.110584 5.28292 -1.46481 -3.2544 -1.46481 -3.2544 0.234172 0.583818 0.234172 -0.583818 
1 1 0 22.8699 0.110584 5.28199 -1.46496 -3.2547 -1.46496 -3.2547 0.234023 0.583801 0.234023 -0.583801 
1 1 0 22.8749 0.110584 5.28107 -1.4651 -3.25499 -1.4651 -3.25499 0.233875 0.583785 0.233875 -0.583785 
1 1 0 22.8798 0.110584 5.28014 -1.46524 -3.25528 -1.46524 -3.25528 0.233727 0.583768 0.233727 -0.583768 
1 1 0 22.8848 0.110584 5.27923 -1.46539 -3.25557 -1.46539 -3.25557 0.23358 0.583751 0.23358 -0.583751 
1 1 0 22.8898 0.110584 5.27831 -1.46553 -3.25587 -1.46553 -3.25587 0.233434 0.583733 0.233434 -0.583733 
1 1 0 22.8948 0.110584 5.2774 -1.46567 -3.25616 -1.46567 -3.25616 0.233287 0.583715 0.233287 -0.583715 
1 1 0 22.8998 0.110584 5.27649 -1.46581 -3.25645 -1.46581 -3.25645 0.233142 0.583698 0.233142 -0.583698 
1 1 0 22.9048 0.110584 5.27559 -1.46596 -3.25675 -1.46596 -3.25675 0.232996 0.58368 0.232996 -0.58368 
1 1 0 22.9098 0.110584 5.27469 -1.4661 -3.25704 -1.4661 -3.25704 0.232852 0.583661 0.232852 -0.583661 
1 1 0 22.9148 0.110584 5.27379 -1.46624 -3.25734 -1.46624 -3.25734 0.232708 0.583643 0.232708 -0.583643 
1 1 0 22.9198 0.110584 5.2729 -1.46639 -3.25763 -1.46639 -3.25763 0.232564 0.583624 0.232564 -0.583624 
1 1 0 22.9247 0.110584 5.27201 -1.46653 -3.25792 -1.46653 -3.25792 0.232421 0.583605 0.232421 -0.583605 
1 1 0 22.9297 0.110584 5.27113 -1.46667 -3.25822 -1.46667 -3.25822 0.232278 0.583586 0.232278 -0.583586 
1 1 0 22.9347 0.110584 5.27025 -1.46681 -3.25851 -1.46681 -3.25851 0.232136 0.583567 0.232136 -0.583567 
1 1 0 22.9397 0.110584 5.26937 -1.46696 -3.25881 -1.46696 -3.25881 0.231994 0.583547 0.231994 -0.583547 
1 1 0 22.9447 0.110584 5.2685 -1.4671 -3.2591 -1.4671 -3.2591 0.231853 0.583527 0.231853 -0.583527 
1 1 0 22.9497 0.110584 5.26763 -1.46724 -3.2594 -1.46724 -3.2594 0.231712 0.583507 0.231712 -0.583507 
1 1 0 22.9547 0.110584 5.26677 -1.46738 -3.25969 -1.46738 -3.25969 0.231572 0.583487 0.231572 -0.583487 
1 1 0 22.9597 0.110584 5.26591 -1.46753 -3.25999 -1.46753 -3.25999 0.231432 0.583466 0.231432 -0.583466 
1 1 0 22.9647 0.110584 5.26505 -1.46767 -3.26029 -1.46767 -3.26029 0.231292 0.583446 0.231292 -0.583446 
1 1 0 22.9697 0.110584 5.2642 -1.46781 -3.26058 -1.46781 -3.26058 0.231154 0.583425 0.231154 -0.583425 
1 1 0 22.9746 0.110584 5.26335 -1.46795 -3.26088 -1.46795 -3.26088 0.231015 0.583404 0.231015 -0.583404 
1 1 0 22.9796 0.110584 5.2625 -1.4681 -3.26117 -1.4681 -3.26117 0.230877 0.583382 0.230877 -0.583382 
1 1 0 22.9846 0.110584 5.26166 -1.46824 -3.26147 -1.46824 -3.26147 0.23074 0.583361 0.23074 -0.583361 
1 1 0 22.9896 0.110584 5.26082 -1.46838 -3.26177 -1.46838 -3.26177 0.230603 0.583339 0.230603 -0.583339 
1 1 0 22.9946 0.110584 5.25999 -1.46852 -3.26206 -1.46852 -3.26206 0.230467 0.583317 0.230467 -0.583317 
1 1 0 22.9996 0.110584 5.25916 -1.46867 -3.26236 -1.46867 -3.26236 0.230331 0.583295 0.230331 -0.583295 
1 1 0 23.0046 0.110584 5.25833 -1.46881 -3.26266 -1.46881 -3.26266 0.230195 0.583273 0.230195 -0.583273 
1 1 0 23.0096 0.110584 5.25751 -1.46895 -3.26295 -1.46895 -3.26295 0.23006 0.58325 0.23006 -0.58325 
1 1 0 23.0146 0.110584 5.25669 -1.46909 -3.26325 -1.46909 -3.26325 0.229926 0.583227 0.229926 -0.583227 
1 1 0 23.0195 0.110584 5.25588 -1.46923 -3.26355 -1.46923 -3.26355 0.229792 0.583204 0.229792 -0.583204 
1 1 0 23.0245 0.110584 5.25507 -1.46937 -3.26384 -1.46937 -3.26384 0.229658 0.583181 0.229658 -0.583181 
1 1 0 23.0295 0.110584 5.25426 -1.46952 -3.26414 -1.46952 -3.26414 0.229526 0.583158 0.229526 -0.583158 
1 1 0 23.0345 0.110584 5.25345 -1.46966 -3.26444 -1.46966 -3.26444 0.229393 0.583134 0.229393 -0.583134 
1 1 0 23.0395 0.110584 5.25265 -1.4698 -3.26474 -1.4698 -3.26474 0.229261 0.58311 0.229261 -0.58311 
1 1 0 23.0445 0.110584 5.25186 -1.46994 -3.26504 -1.46994 -3.26504 0.229129 0.583086 0.229129 -0.583086 
1 1 0 23.0495 0.110584 5.25107 -1.47008 -3.26533 -1.47008 -3.26533 0.228998 0.583062 0.228998 -0.583062 
1 1 0 23.0545 0.110584 5.25028 -1.47022 -3.26563 -1.47022 -3.26563 0.228868 0.583037 0.228868 -0.583037 
1 1 0 23.0595 0.110584 5.24949 -1.47037 -3.26593 -1.47037 -3.26593 0.228738 0.583013 0.228738 -0.583013 
1 1 0 23.0644 0.110584 5.24871 -1.47051 -3.26623 -1.47051 -3.26623 0.228608 0.582988 0.228608 -0.582988 
1 1 0 23.0694 0.110584 5.24793 -1.47065 -3.26653 -1.47065 -3.26653 0.228479 0.582963 0.228479 -0.582963 
1 1 0 23.0744 0.110584 5.24716 -1.47079 -3.26683 -1.47079 -3.26683 0.22835 0.582937 0.22835 -0.582937 
1 1 0 23.0794 0.110584 5.24639 -1.47093 -3.26713 -1.47093 -3.26713 0.228222 0.582912 0.228222 -0.582912 
1 1 0 23.0844 0.110584 5.24562 -1.47107 -3.26743 -1.47107 -3.26743 0.228094 0.582886 0.228094 -0.582886 
1 1 0 23.0894 0.110584 5.24486 -1.47121 -3.26773 -1.47121 -3.26773 0.227967 0.58286 0.227967 -0.58286 
1 1 0 23.0944 0.110584 5.2441 -1.47135 -3.26803 -1.47135 -3.26803 0.22784 0.582834 0.22784 -0.582834 
1 1 0 23.0994 0.110584 5.24334 -1.4715 -3.26833 -1.4715 -3.26833 0.227714 0.582808 0.227714 -0.582808 
1 1 0 23.1044 0.110584 5.24259 -1.47164 -3.26863 -1.47164 -3.26863 0.227588 0.582781 0.227588 -0.582781 
1 1 0 23.1093 0.110584 5.24184 -1.47178 -3.26893 -1.47178 -3.26893 0.227463 0.582755 0.227463 -0.582755 
1 1 0 23.1143 0.110584 5.2411 -1.47192 -3.26923 -1.47192 -3.26923 0.227338 0.582728 0.227338 -0.582728 
1 1 0 23.1193 0.110584 5.24036 -1.47206 -3.26953 -1.47206 -3.26953 0.227214 0.582701 0.227214 -0.582701 
1 1 0 23.1243 0.110584 5.23962 -1.4722 -3.26983 -1.4722 -3.26983 0.22709 0.582673 0.22709 -0.582673 
1 1 0 23.1293 0.110584 5.23889 -1.47234 -3.27013 -1.47234 -3.27013 0.226966 0.582646 0.226966 -0.582646 
1 1 0 23.1343 0.110584 5.23816 -1.47248 -3.27043 -1.47248 -3.27043 0.226843 0.582618 0.226843 -0.582618 
1 1 0 23.1393 0.110584 5.23743 -1.47262 -3.27073 -1.47262 -3.27073 0.226721 0.58259 0.226721 -0.58259 
1 1 0 23.1443 0.110584 5.23671 -1.47276 -3.27103 -1.47276 -3.27103 0.226599 0.582562 0.226599 -0.582562 
1 1 0 23.1493 0.110584 5.23599 -1.4729 -3.27133 -1.4729 -3.27133 0.226478 0.582534 0.226478 -0.582534 
1 1 0 23.1542 0.110584 5.23527 -1.47304 -3.27163 -1.47304 -3.27163 0.226357 0.582505 0.226357 -0.582505 
1 1 0 23.1592 0.110584 5.23456 -1.47318 -3.27194 -1.47318 -3.27194 0.226236 0.582476 0.226236 -0.582476 
1 1 0 23.1642 0.110584 5.23386 -1.47332 -3.27224 -1.47332 -3.27224 0.226116 0.582448 0.226116 -0.582448 
1 1 0 23.1692 0.110584 5.23315 -1.47346 -3.27254 -1.47346 -3.27254 0.225996 0.582418 0.225996 -0.582418 
1 1 0 23.1742 0.110584 5.23245 -1.4736 -3.27284 -1.4736 -3.27284 0.225877 0.582389 0.225877 -0.582389 
1 1 0 23.1792 0.110584 5.23175 -1.47374 -3.27314 -1.47374 -3.27314 0.225759 0.58236 0.225759 -0.58236 
1 1 0 23.1842 0.110584 5.23106 -1.47388 -3.27345 -1.47388 -3.27345 0.22564 0.58233 0.22564 -0.58233 
1 1 0 23.1892 0.110584 5.23037 -1.47402 -3.27375 -1.47402 -3.27375 0.225523 0.5823 0.225523 -0.5823 
1 1 0 23.1942 0.110584 5.22968 -1.47416 -3.27405 -1.47416 -3.27405 0.225405 0.58227 0.225405 -0.58227 
1 1 0 23.1991 0.110584 5.229 -1.4743 -3.27435 -1.4743 -3.27435 0.225289 0.58224 0.225289 -0.58224 
1 1 0 23.2041 0.110584 5.22832 -1.47444 -3.27466 -1.47444 -3.27466 0.225172 0.582209 0.225172 -0.582209 
1 1 0 23.2091 0.110584 5.22765 -1.47458 -3.27496 -1.47458 -3.27496 0.225057 0.582178 0.225057 -0.582178 
1 1 0 23.2141 0.110584 5.22697 -1.47472 -3.27526 -1.47472 -3.27526 0.224941 0.582148 0.224941 -0.582148 
1 1 0 23.2191 0.110584 5.2263 -1.47486 -3.27557 -1.47486 -3.27557 0.224826 0.582116 0.224826 -0.582116 
1 1 0 23.2241 0.110584 5.22564 -1.475 -3.27587 -1.475 -3.27587 0.224712 0.582085 0.224712 -0.582085 
1 1 0 23.2291 0.110584 5.22498 -1.47514 -3.27618 -1.47514 -3.27618 0.224598 0.582054 0.224598 -0.582054 
1 1 0 23.2341 0.110584 5.22432 -1.47528 -3.27648 -1.47528 -3.27648 0.224485 0.582022 0.224485 -0.582022 
1 1 0 23.2391 0.110584 5.22367 -1.47542 -3.27678 -1.47542 -3.27678 0.224372 0.58199 0.224372 -0.58199 
1 1 0 23.244 0.110584 5.22302 -1.47556 -3.27709 -1.47556 -3.27709 0.224259 0.581958 0.224259 -0.581958 
1 1 0 23.249 0.110584 5.22237 -1.4757 -3.27739 -1.4757 -3.27739 0.224147 0.581926 0.224147 -0.581926 
1 1 0 23.254 0.110584 5.22173 -1.47584 -3.2777 -1.47584 -3.2777 0.224036 0.581894 0.224036 -0.581894 
1 1 0 23.259 0.110584 5.22109 -1.47598 -3.278 -1.47598 -3.278 0.223925 0.581861 0.223925 -0.581861 
1 1 0 23.264 0.110584 5.22045 -1.47612 -3.27831 -1.47612 -3.27831 0.223814 0.581828 0.223814 -0.581828 
1 1 0 23.269 0.110584 5.21982 -1.47626 -3.27861 -1.47626 -3.27861 0.223704 0.581795 0.223704 -0.581795 
1 1 0 23.274 0.110584 5.21919 -1.4764 -3.27892 -1.4764 -3.27892 0.223594 0.581762 0.223594 -0.581762 
1 1 0 23.279 0.110584 5.21856 -1.47654 -3.27922 -1.47654 -3.27922 0.223485 0.581729 0.223485 -0.581729 
1 1 0 23.284 0.110584 5.21794 -1.47668 -3.27953 -1.47668 -3.27953 0.223376 0.581695 0.223376 -0.581695 
1 1 0 23.2889 0.110584 5.21732 -1.47682 -3.27983 -1.47682 -3.27983 0.223268 0.581661 0.223268 -0.581661 
1 1 0 23.2939 0.110584 5.2167 -1.47696 -3.28014 -1.47696 -3.28014 0.22316 0.581627 0.22316 -0.581627 
1 1 0 23.2989 0.110584 5.21609 -1.47709 -3.28045 -1.47709 -3.28045 0.223053 0.581593 0.223053 -0.581593 
1 1 0 23.3039 0.110584 5.21548 -1.47723 -3.28075 -1.47723 -3.28075 0.222946 0.581559 0.222946 -0.581559 
1 1 0 23.3089 0.110584 5.21488 -1.47737 -3.28106 -1.47737 -3.28106 0.222839 0.581524 0.222839 -0.581524 
1 1 0 23.3139 0.110584 5.21428 -1.47751 -3.28136 -1.47751 -3.28136 0.222733 0.58149 0.222733 -0.58149 
1 1 0 23.3189 0.110584 5.21368 -1.47765 -3.28167 -1.47765 -3.28167 0.222628 0.581455 0.222628 -0.581455 
1 1 0 23.3239 0.110584 5.21309 -1.47779 -3.28198 -1.47779 -3.28198 0.222523 0.58142 0.222523 -0.58142 
1 1 0 23.3289 0.110584 5.2125 -1.47793 -3.28228 -1.47793 -3.28228 0.222418 0.581384 0.222418 -0.581384 
1 1 0 23.3338 0.110584 5.21191 -1.47807 -3.28259 -1.47807 -3.28259 0.222314 0.581349 0.222314 -0.581349 
1 1 0 23.3388 0.110584 5.21132 -1.4782 -3.2829 -1.4782 -3.2829 0.222211 0.581313 0.222211 -0.581313 
1 1 0 23.3438 0.110584 5.21074 -1.47834 -3.28321 -1.47834 -3.28321 0.222108 0.581278 0.222108 -0.581278 
1 1 0 23.3488 0.110584 5.21017 -1.47848 -3.28351 -1.47848 -3.28351 0.222005 0.581242 0.222005 -0.581242 
1 1 0 23.3538 0.110584 5.20959 -1.47862 -3.28382 -1.47862 -3.28382 0.221903 0.581205 0.221903 -0.581205 
1 1 0 23.3588 0.110584 5.20902 -1.47876 -3.28413 -1.47876 -3.28413 0.221801 0.581169 0.221801 -0.581169 
1 1 0 23.3638 0.110584 5.20846 -1.4789 -3.28444 -1.4789 -3.28444 0.2217 0.581133 0.2217 -0.581133 
1 1 0 23.3688 0.110584 5.20789 -1.47904 -3.28475 -1.47904 -3.28475 0.221599 0.581096 0.221599 -0.581096 
1 1 0 23.3738 0.110584 5.20733 -1.47917 -3.28505 -1.47917 -3.28505 0.221498 0.581059 0.221498 -0.581059 
1 1 0 23.3787 0.110584 5.20678 -1.47931 -3.28536 -1.47931 -3.28536 0.221398 0.581022 0.221398 -0.581022 
1 1 0 23.3837 0.110584 5.20623 -1.47945 -3.28567 -1.47945 -3.28567 0.221299 0.580984 0.221299 -0.580984 
1 1 0 23.3887 0.110584 5.20568 -1.47959 -3.28598 -1.47959 -3.28598 0.2212 0.580947 0.2212 -0.580947 
1 1 0 23.3937 0.110584 5.20513 -1.47973 -3.28629 -1.47973 -3.28629 0.221101 0.580909 0.221101 -0.580909 
1 1 0 23.3987 0.110584 5.20459 -1.47986 -3.2866 -1.47986 -3.2866 0.221003 0.580872 0.221003 -0.580872 
1 1 0 23.4037 0.110584 5.20405 -1.48 -3.28691 -1.48 -3.28691 0.220906 0.580834 0.220906 -0.580834 
1 1 0 23.4087 0.110584 5.20351 -1.48014 -3.28722 -1.48014 -3.28722 0.220809 0.580795 0.220809 -0.580795 
1 1 0 23.4137 0.110584 5.20298 -1.48028 -3.28753 -1.48028 -3.28753 0.220712 0.580757 0.220712 -0.580757 
1 1 0 23.4186 0.110584 5.20245 -1.48042 -3.28784 -1.48042 -3.28784 0.220616 0.580718 0.220616 -0.580718 
1 1 0 23.4236 0.110584 5.20193 -1.48055 -3.28815 -1.48055 -3.28815 0.22052 0.58068 0.22052 -0.58068 
1 1 0 23.4286 0.110584 5.2014 -1.48069 -3.28845 -1.48069 -3.28845 0.220425 0.580641 0.220425 -0.580641 
1 1 0 23.4336 0.110584 5.20089 -1.48083 -3.28877 -1.48083 -3.28877 0.22033 0.580602 0.22033 -0.580602 
1 1 0 23.4386 0.110584 5.20037 -1.48097 -3.28908 -1.48097 -3.28908 0.220236 0.580562 0.220236 -0.580562 
1 1 0 23.4436 0.110584 5.19986 -1.4811 -3.28939 -1.4811 -3.28939 0.220142 0.580523 0.220142 -0.580523 
1 1 0 23.4486 0.110584 5.19935 -1.48124 -3.2897 -1.48124 -3.2897 0.220048 0.580483 0.220048 -0.580483 
1 1 0 23.4536 0.110584 5.19885 -1.48138 -3.29001 -1.48138 -3.29001 0.219955 0.580443 0.219955 -0.580443 
1 1 0 23.4586 0.110584 5.19834 -1.48152 -3.29032 -1.48152 -3.29032 0.219863 0.580403 0.219863 -0.580403 
1 1 0 23.4635 0.110584 5.19785 -1.48165 -3.29063 -1.48165 -3.29063 0.219771 0.580363 0.219771 -0.580363 
1 1 0 23.4685 0.110584 5.19735 -1.48179 -3.29094 -1.48179 -3.29094 0.219679 0.580323 0.219679 -0.580323 
1 1 0 23.4735 0.110584 5.19686 -1.48193 -3.29125 -1.48193 -3.29125 0.219588 0.580282 0.219588 -0.580282 
1 1 0 23.4785 0.110584 5.19637 -1.48206 -3.29156 -1.48206 -3.29156 0.219497 0.580242 0.219497 -0.580242 
1 1 0 23.4835 0.110584 5.19589 -1.4822 -3.29187 -1.4822 -3.29187 0.219407 0.580201 0.219407 -0.580201 
1 1 0 23.4885 0.110584 5.19541 -1.48234 -3.29219 -1.48234 -3.29219 0.219317 0.58016 0.219317 -0.58016 
1 1 0 23.4935 0.110584 5.19493 -1.48248 -3.2925 -1.48248 -3.2925 0.219228 0.580119 0.219228 -0.580119 
1 1 0 23.4985 0.110584 5.19445 -1.48261 -3.29281 -1.48261 -3.29281 0.219139 0.580077 0.219139 -0.580077 
1 1 0 23.5035 0.110584 5.19398 -1.48275 -3.29312 -1.48275 -3.29312 0.21905 0.580036 0.21905 -0.580036 
1 1 0 23.5084 0.110584 5.19352 -1.48289 -3.29344 -1.48289 -3.29344 0.218962 0.579994 0.218962 -0.579994 
1 1 0 23.5134 0.110584 5.19305 -1.48302 -3.29375 -1.48302 -3.29375 0.218875 0.579952 0.218875 -0.579952 
1 1 0 23.5184 0.110584 5.19259 -1.48316 -3.29406 -1.48316 -3.29406 0.218788 0.57991 0.218788 -0.57991 
1 1 0 23.5234 0.110584 5.19213 -1.4833 -3.29437 -1.4833 -3.29437 0.218701 0.579867 0.218701 -0.579867 
1 1 0 23.5284 0.110584 5.19168 -1.48343 -3.29469 -1.48343 -3.29469 0.218615 0.579825 0.218615 -0.579825 
1 1 0 23.5334 0.110584 5.19123 -1.48357 -3.295 -1.48357 -3.295 0.218529 0.579782 0.218529 -0.579782 
1 1 0 23.5384 0.110584 5.19078 -1.48371 -3.29531 -1.48371 -3.29531 0.218444 0.57974 0.218444 -0.57974 
1 1 0 23.5434 0.110584 5.19034 -1.48384 -3.29563 -1.48384 -3.29563 0.218359 0.579697 0.218359 -0.579697 
1 1 0 23.5483 0.110584 5.18989 -1.48398 -3.29594 -1.48398 -3.29594 0.218275 0.579653 0.218275 -0.579653 
1 1 0 23.5533 0.110584 5.18946 -1.48412 -3.29625 -1.48412 -3.29625 0.218191 0.57961 0.218191 -0.57961 
1 1 0 23.5583 0.110584 5.18902 -1.48425 -3.29657 -1.48425 -3.29657 0.218108 0.579567 0.218108 -0.579567 
1 1 0 23.5633 0.110584 5.18859 -1.48439 -3.29688 -1.48439 -3.29688 0.218025 0.579523 0.218025 -0.579523 
1 1 0 23.5683 0.110584 5.18816 -1.48453 -3.2972 -1.48453 -3.2972 0.217942 0.579479 0.217942 -0.579479 
1 1 0 23.5733 0.110584 5.18774 -1.48466 -3.29751 -1.48466 -3.29751 0.21786 0.579435 0.21786 -0.579435 
1 1 0 23.5783 0.110584 5.18732 -1.4848 -3.29782 -1.4848 -3.29782 0.217778 0.579391 0.217778 -0.579391 
1 1 0 23.5833 0.110584 5.1869 -1.48493 -3.29814 -1.48493 -3.29814 0.217697 0.579346 0.217697 -0.579346 
1 1 0 23.5883 0.110584 5.18649 -1.48507 -3.29845 -1.48507 -3.29845 0.217617 0.579302 0.217617 -0.579302 
1 1 0 23.5932 0.110584 5.18608 -1.48521 -3.29877 -1.48521 -3.29877 0.217536 0.579257 0.217536 -0.579257 
1 1 0 23.5982 0.110584 5.18567 -1.48534 -3.29908 -1.48534 -3.29908 0.217456 0.579212 0.217456 -0.579212 
1 1 0 23.6032 0.110584 5.18526 -1.48548 -3.2994 -1.48548 -3.2994 0.217377 0.579167 0.217377 -0.579167 
1 1 0 23.6082 0.110584 5.18486 -1.48561 -3.29971 -1.48561 -3.29971 0.217298 0.579122 0.217298 -0.579122 
1 1 0 23.6132 0.110584 5.18446 -1.48575 -3.30003 -1.48575 -3.30003 0.21722 0.579077 0.21722 -0.579077 
1 1 0 23.6182 0.110584 5.18407 -1.48589 -3.30035 -1.48589 -3.30035 0.217142 0.579031 0.217142 -0.579031 
1 1 0 23.6232 0.110584 5.18368 -1.48602 -3.30066 -1.48602 -3.30066 0.217064 0.578985 0.217064 -0.578985 
1 1 0 23.6282 0.110584 5.18329 -1.48616 -3.30098 -1.48616 -3.30098 0.216987 0.578939 0.216987 -0.578939 
1 1 0 23.6331 0.110584 5.18291 -1.48629 -3.30129 -1.48629 -3.30129 0.21691 0.578893 0.21691 -0.578893 
1 1 0 23.6381 0.110584 5.18252 -1.48643 -3.30161 -1.48643 -3.30161 0.216834 0.578847 0.216834 -0.578847 
1 1 0 23.6431 0.110584 5.18215 -1.48656 -3.30193 -1.48656 -3.30193 0.216758 0.578801 0.216758 -0.578801 
1 1 0 23.6481 0.110584 5.18177 -1.4867 -3.30224 -1.4867 -3.30224 0.216683 0.578754 0.216683 -0.578754 
1 1 0 23.6531 0.110584 5.1814 -1.48684 -3.30256 -1.48684 -3.30256 0.216608 0.578707 0.216608 -0.578707 
1 1 0 23.6581 0.110584 5.18103 -1.48697 -3.30288 -1.48697 -3.30288 0.216534 0.578661 0.216534 -0.578661 
1 1 0 23.6631 0.110584 5.18067 -1.48711 -3.30319 -1.48711 -3.30319 0.21646 0.578613 0.21646 -0.578613 
1 1 0 23.6681 0.110584 5.1803 -1.48724 -3.30351 -1.48724 -3.30351 0.216386 0.578566 0.216386 -0.578566 
1 1 0 23.6731 0.110584 5.17995 -1.48738 -3.30383 -1.48738 -3.30383 0.216313 0.578519 0.216313 -0.578519 
1 1 0 23.678 0.110584 5.17959 -1.48751 -3.30415 -1.48751 -3.30415 0.21624 0.578471 0.21624 -0.578471 
1 1 0 23.683 0.110584 5.17924 -1.48765 -3.30446 -1.48765 -3.30446 0.216168 0.578423 0.216168 -0.578423 
1 1 0 23.688 0.110584 5.17889 -1.48778 -3.30478 -1.48778 -3.30478 0.216097 0.578376 0.216097 -0.578376 
1 1 0 23.693 0.110584 5.17854 -1.48792 -3.3051 -1.48792 -3.3051 0.216025 0.578327 0.216025 -0.578327 
1 1 0 23.698 0.110584 5.1782 -1.48805 -3.30542 -1.48805 -3.30542 0.215954 0.578279 0.215954 -0.578279 
1 1 0 23.703 0.110584 5.17786 -1.48819 -3.30574 -1.48819 -3.30574 0.215884 0.578231 0.215884 -0.578231 
1 1 0 23.708 0.110584 5.17753 -1.48832 -3.30605 -1.48832 -3.30605 0.215814 0.578182 0.215814 -0.578182 
1 1 0 23.713 0.110584 5.17719 -1.48846 -3.30637 -1.48846 -3.30637 0.215744 0.578133 0.215744 -0.578133 
1 1 0 23.7179 0.110584 5.17687 -1.48859 -3.30669 -1.48859 -3.30669 0.215675 0.578085 0.215675 -0.578085 
1 1 0 23.7229 0.110584 5.17654 -1.48873 -3.30701 -1.48873 -3.30701 0.215607 0.578035 0.215607 -0.578035 
1 1 0 23.7279 0.110584 5.17622 -1.48886 -3.30733 -1.48886 -3.30733 0.215539 0.577986 0.215539 -0.577986 
1 1 0 23.7329 0.110584 5.1759 -1.489 -3.30765 -1.489 -3.30765 0.215471 0.577937 0.215471 -0.577937 
1 1 0 23.7379 0.110584 5.17558 -1.48913 -3.30797 -1.48913 -3.30797 0.215404 0.577887 0.215404 -0.577887 
1 1 0 23.7429 0.110584 5.17527 -1.48927 -3.30829 -1.48927 -3.30829 0.215337 0.577837 0.215337 -0.577837 
1 1 0 23.7479 0.110584 5.17496 -1.4894 -3.30861 -1.4894 -3.30861 0.21527 0.577788 0.21527 -0.577788 
1 1 0 23.7529 0.110584 5.17465 -1.48953 -3.30893 -1.48953 -3.30893 0.215204 0.577737 0.215204 -0.577737 
1 1 0 23.7578 0.110584 5.17435 -1.48967 -3.30925 -1.48967 -3.30925 0.215139 0.577687 0.215139 -0.577687 
1 1 0 23.7628 0.110584 5.17405 -1.4898 -3.30957 -1.4898 -3.30957 0.215074 0.577637 0.215074 -0.577637 
1 1 0 23.7678 0.110584 5.17375 -1.48994 -3.30989 -1.48994 -3.30989 0.215009 0.577586 0.215009 -0.577586 
1 1 0 23.7728 0.110584 5.17346 -1.49007 -3.31021 -1.49007 -3.31021 0.214945 0.577536 0.214945 -0.577536 
1 1 0 23.7778 0.110584 5.17317 -1.49021 -3.31053 -1.49021 -3.31053 0.214881 0.577485 0.214881 -0.577485 
1 1 0 23.7828 0.110584 5.17288 -1.49034 -3.31085 -1.49034 -3.31085 0.214818 0.577434 0.214818 -0.577434 
1 1 0 23.7878 0.110584 5.1726 -1.49047 -3.31117 -1.49047 -3.31117 0.214755 0.577382 0.214755 -0.577382 
1 1 0 23.7928 0.110584 5.17232 -1.49061 -3.31149 -1.49061 -3.31149 0.214692 0.577331 0.214692 -0.577331 
1 1 0 23.7978 0.110584 5.17204 -1.49074 -3.31181 -1.49074 -3.31181 0.21463 0.57728 0.21463 -0.57728 
1 1 0 23.8027 0.110584 5.17176 -1.49088 -3.31213 -1.49088 -3.31213 0.214569 0.577228 0.214569 -0.577228 
1 1 0 23.8077 0.110584 5.17149 -1.49101 -3.31246 -1.49101 -3.31246 0.214508 0.577176 0.214508 -0.577176 
1 1 0 23.8127 0.110584 5.17123 -1.49114 -3.31278 -1.49114 -3.31278 0.214447 0.577124 0.214447 -0.577124 
1 1 0 23.8177 0.110584 5.17096 -1.49128 -3.3131 -1.49128 -3.3131 0.214387 0.577072 0.214387 -0.577072 
1 1 0 23.8227 0.110584 5.1707 -1.49141 -3.31342 -1.49141 -3.31342 0.214327 0.577019 0.214327 -0.577019 
1 1 0 23.8277 0.110584 5.17044 -1.49155 -3.31374 -1.49155 -3.31374 0.214268 0.576967 0.214268 -0.576967 
1 1 0 23.8327 0.110584 5.17019 -1.49168 -3.31406 -1.49168 -3.31406 0.214209 0.576914 0.214209 -0.576914 
1 1 0 23.8377 0.110584 5.16993 -1.49181 -3.31439 -1.49181 -3.31439 0.21415 0.576861 0.21415 -0.576861 
1 1 0 23.8426 0.110584 5.16968 -1.49195 -3.31471 -1.49195 -3.31471 0.214092 0.576808 0.214092 -0.576808 
1 1 0 23.8476 0.110584 5.16944 -1.49208 -3.31503 -1.49208 -3.31503 0.214035 0.576755 0.214035 -0.576755 
1 1 0 23.8526 0.110584 5.1692 -1.49221 -3.31535 -1.49221 -3.31535 0.213977 0.576702 0.213977 -0.576702 
1 1 0 23.8576 0.110584 5.16896 -1.49235 -3.31568 -1.49235 -3.31568 0.213921 0.576649 0.213921 -0.576649 
1 1 0 23.8626 0.110584 5.16872 -1.49248 -3.316 -1.49248 -3.316 0.213864 0.576595 0.213864 -0.576595 
1 1 0 23.8676 0.110584 5.16849 -1.49261 -3.31632 -1.49261 -3.31632 0.213809 0.576541 0.213809 -0.576541 
1 1 0 23.8726 0.110584 5.16826 -1.49275 -3.31665 -1.49275 -3.31665 0.213753 0.576487 0.213753 -0.576487 
1 1 0 23.8776 0.110584 5.16803 -1.49288 -3.31697 -1.49288 -3.31697 0.213698 0.576433 0.213698 -0.576433 
1 1 0 23.8825 0.110584 5.16781 -1.49301 -3.31729 -1.49301 -3.31729 0.213644 0.576379 0.213644 -0.576379 
1 1 0 23.8875 0.110584 5.16759 -1.49315 -3.31762 -1.49315 -3.31762 0.213589 0.576324 0.213589 -0.576324 
1 1 0 23.8925 0.110584 5.16737 -1.49328 -3.31794 -1.49328 -3.31794 0.213536 0.57627 0.213536 -0.57627 
1 1 0 23.8975 0.110584 5.16716 -1.49341 -3.31827 -1.49341 -3.31827 0.213483 0.576215 0.213483 -0.576215 
1 1 0 23.9025 0.110584 5.16695 -1.49355 -3.31859 -1.49355 -3.31859 0.21343 0.57616 0.21343 -0.57616 
1 1 0 23.9075 0.110584 5.16674 -1.49368 -3.31892 -1.49368 -3.31892 0.213377 0.576105 0.213377 -0.576105 
1 1 0 23.9125 0.110584 5.16654 -1.49381 -3.31924 -1.49381 -3.31924 0.213325 0.57605 0.213325 -0.57605 
1 1 0 23.9175 0.110584 5.16634 -1.49394 -3.31956 -1.49394 -3.31956 0.213274 0.575994 0.213274 -0.575994 
1 1 0 23.9224 0.110584 5.16614 -1.49408 -3.31989 -1.49408 -3.31989 0.213223 0.575939 0.213223 -0.575939 
1 1 0 23.9274 0.110584 5.16594 -1.49421 -3.32021 -1.49421 -3.32021 0.213172 0.575883 0.213172 -0.575883 
1 1 0 23.9324 0.110584 5.16575 -1.49434 -3.32054 -1.49434 -3.32054 0.213122 0.575827 0.213122 -0.575827 
1 1 0 23.9374 0.110584 5.16556 -1.49448 -3.32086 -1.49448 -3.32086 0.213072 0.575771 0.213072 -0.575771 
1 1 0 23.9424 0.110584 5.16538 -1.49461 -3.32119 -1.49461 -3.32119 0.213023 0.575715 0.213023 -0.575715 
1 1 0 23.9474 0.110584 5.1652 -1.49474 -3.32152 -1.49474 -3.32152 0.212974 0.575659 0.212974 -0.575659 
1 1 0 23.9524 0.110584 5.16502 -1.49487 -3.32184 -1.49487 -3.32184 0.212926 0.575602 0.212926 -0.575602 
1 1 0 23.9574 0.110584 5.16484 -1.49501 -3.32217 -1.49501 -3.32217 0.212877 0.575546 0.212877 -0.575546 
1 1 0 23.9623 0.110584 5.16467 -1.49514 -3.32249 -1.49514 -3.32249 0.21283 0.575489 0.21283 -0.575489 
1 1 0 23.9673 0.110584 5.1645 -1.49527 -3.32282 -1.49527 -3.32282 0.212783 0.575432 0.212783 -0.575432 
1 1 0 23.9723 0.110584 5.16433 -1.4954 -3.32315 -1.4954 -3.32315 0.212736 0.575375 0.212736 -0.575375 
1 1 0 23.9773 0.110584 5.16417 -1.49553 -3.32347 -1.49553 -3.32347 0.21269 0.575318 0.21269 -0.575318 
1 1 0 23.9823 0.110584 5.16401 -1.49567 -3.3238 -1.49567 -3.3238 0.212644 0.57526 0.212644 -0.57526 
1 1 0 23.9873 0.110584 5.16385 -1.4958 -3.32413 -1.4958 -3.32413 0.212598 0.575203 0.212598 -0.575203 
1 1 0 23.9923 0.110584 5.1637 -1.49593 -3.32445 -1.49593 -3.32445 0.212553 0.575145 0.212553 -0.575145 
1 1 0 23.9973 0.110584 5.16355 -1.49606 -3.32478 -1.49606 -3.32478 0.212509 0.575087 0.212509 -0.575087 
1 1 0 24.0022 0.110584 5.1634 -1.49619 -3.32511 -1.49619 -3.32511 0.212465 0.575029 0.212465 -0.575029 
1 1 0 24.0072 0.110584 5.16326 -1.49633 -3.32543 -1.49633 -3.32543 0.212421 0.574971 0.212421 -0.574971 
1 1 0 24.0122 0.110584 5.16312 -1.49646 -3.32576 -1.49646 -3.32576 0.212378 0.574912 0.212378 -0.574912 
1 1 0 24.0172 0.110584 5.16298 -1.49659 -3.32609 -1.49659 -3.32609 0.212335 0.574854 0.212335 -0.574854 
1 1 0 24.0222 0.110584 5.16284 -1.49672 -3.32642 -1.49672 -3.32642 0.212292 0.574795 0.212292 -0.574795 
1 1 0 24.0272 0.110584 5.16271 -1.49685 -3.32675 -1.49685 -3.32675 0.21225 0.574737 0.21225 -0.574737 
1 1 0 24.0322 0.110584 5.16258 -1.49699 -3.32707 -1.49699 -3.32707 0.212209 0.574678 0.212209 -0.574678 
1 1 0 24.0372 0.110584 5.16246 -1.49712 -3.3274 -1.49712 -3.3274 0.212168 0.574618 0.212168 -0.574618 
1 1 0 24.0421 0.110584 5.16234 -1.49725 -3.32773 -1.49725 -3.32773 0.212127 0.574559 0.212127 -0.574559 
1 1 0 24.0471 0.110584 5.16222 -1.49738 -3.32806 -1.49738 -3.32806 0.212087 0.5745 0.212087 -0.5745 
1 1 0 24.0521 0.110584 5.1621 -1.49751 -3.32839 -1.49751 -3.32839 0.212047 0.57444 0.212047 -0.57444 
1 1 0 24.0571 0.110584 5.16199 -1.49764 -3.32872 -1.49764 -3.32872 0.212007 0.57438 0.212007 -0.57438 
1 1 0 24.0621 0.110584 5.16188 -1.49778 -3.32905 -1.49778 -3.32905 0.211968 0.57432 0.211968 -0.57432 
1 1 0 24.0671 0.110584 5.16177 -1.49791 -3.32938 -1.49791 -3.32938 0.21193 0.57426 0.21193 -0.57426 
1 1 0 24.0721 0.110584 5.16167 -1.49804 -3.3297 -1.49804 -3.3297 0.211892 0.5742 0.211892 -0.5742 
1 1 0 24.0771 0.110584 5.16157 -1.49817 -3.33003 -1.49817 -3.33003 0.211854 0.57414 0.211854 -0.57414 
1 1 0 24.082 0.110584 5.16147 -1.4983 -3.33036 -1.4983 -3.33036 0.211817 0.574079 0.211817 -0.574079 
1 1 0 24.087 0.110584 5.16138 -1.49843 -3.33069 -1.49843 -3.33069 0.21178 0.574019 0.21178 -0.574019 
1 1 0 24.092 0.110584 5.16128 -1.49856 -3.33102 -1.49856 -3.33102 0.211743 0.573958 0.211743 -0.573958 
1 1 0 24.097 0.110584 5.1612 -1.49869 -3.33135 -1.49869 -3.33135 0.211707 0.573897 0.211707 -0.573897 
1 1 0 24.102 0.110584 5.16111 -1.49882 -3.33168 -1.49882 -3.33168 0.211672 0.573836 0.211672 -0.573836 
1 1 0 24.107 0.110584 5.16103 -1.49896 -3.33201 -1.49896 -3.33201 0.211636 0.573774 0.211636 -0.573774 
1 1 0 24.112 0.110584 5.16095 -1.49909 -3.33234 -1.49909 -3.33234 0.211602 0.573713 0.211602 -0.573713 
1 1 0 24.117 0.110584 5.16088 -1.49922 -3.33268 -1.49922 -3.33268 0.211567 0.573651 0.211567 -0.573651 
1 1 0 24.1219 0.110584 5.1608 -1.49935 -3.33301 -1.49935 -3.33301 0.211534 0.57359 0.211534 -0.57359 
1 1 0 24.1269 0.110584 5.16073 -1.49948 -3.33334 -1.49948 -3.33334 0.2115 0.573528 0.2115 -0.573528 
1 1 0 24.1319 0.110584 5.16067 -1.49961 -3.33367 -1.49961 -3.33367 0.211467 0.573466 0.211467 -0.573466 
1 1 0 24.1369 0.110584 5.16061 -1.49974 -3.334 -1.49974 -3.334 0.211434 0.573404 0.211434 -0.573404 
1 1 0 24.1419 0.110584 5.16055 -1.49987 -3.33433 -1.49987 -3.33433 0.211402 0.573341 0.211402 -0.573341 
1 1 0 24.1469 0.110584 5.16049 -1.5 -3.33466 -1.5 -3.33466 0.211371 0.573279 0.211371 -0.573279 
1 1 0 24.1519 0.110584 5.16043 -1.50013 -3.33499 -1.50013 -3.33499 0.211339 0.573216 0.211339 -0.573216 
1 1 0 24.1569 0.110584 5.16038 -1.50026 -3.33533 -1.50026 -3.33533 0.211308 0.573153 0.211308 -0.573153 
1 1 0 24.1618 0.110584 5.16034 -1.50039 -3.33566 -1.50039 -3.33566 0.211278 0.57309 0.211278 -0.57309 
1 1 0 24.1668 0.110584 5.16029 -1.50052 -3.33599 -1.50052 -3.33599 0.211248 0.573027 0.211248 -0.573027 
1 1 0 24.1718 0.110584 5.16025 -1.50065 -3.33632 -1.50065 -3.33632 0.211218 0.572964 0.211218 -0.572964 
1 1 0 24.1768 0.110584 5.16021 -1.50078 -3.33665 -1.50078 -3.33665 0.211189 0.572901 0.211189 -0.572901 
1 1 0 24.1818 0.110584 5.16018 -1.50091 -3.33699 -1.50091 -3.33699 0.21116 0.572837 0.21116 -0.572837 
1 1 0 24.1868 0.110584 5.16015 -1.50104 -3.33732 -1.50104 -3.33732 0.211132 0.572773 0.211132 -0.572773 
1 1 0 24.1918 0.110584 5.16012 -1.50118 -3.33765 -1.50118 -3.33765 0.211104 0.572709 0.211104 -0.572709 
1 1 0 24.1968 0.110584 5.16009 -1.50131 -3.33799 -1.50131 -3.33799 0.211076 0.572645 0.211076 -0.572645 
1 1 0 24.2017 0.110584 5.16007 -1.50144 -3.33832 -1.50144 -3.33832 0.211049 0.572581 0.211049 -0.572581 
1 1 0 24.2067 0.110584 5.16005 -1.50157 -3.33865 -1.50157 -3.33865 0.211022 0.572517 0.211022 -0.572517 
1 1 0 24.2117 0.110584 5.16003 -1.5017 -3.33899 -1.5017 -3.33899 0.210996 0.572453 0.210996 -0.572453 
1 1 0 24.2167 0.110584 5.16002 -1.50183 -3.33932 -1.50183 -3.33932 0.21097 0.572388 0.21097 -0.572388 
1 1 0 24.2217 0.110584 5.16001 -1.50195 -3.33965 -1.50195 -3.33965 0.210945 0.572323 0.210945 -0.572323 
1 1 0 24.2267 0.110584 5.16 -1.50208 -3.33999 -1.50208 -3.33999 0.21092 0.572258 0.21092 -0.572258 
1 1 0 24.2317 0.110584 5.16 -1.50221 -3.34032 -1.50221 -3.34032 0.210895 0.572193 0.210895 -0.572193 
1 1 0 24.2367 0.110584 5.16 -1.50234 -3.34066 -1.50234 -3.34066 0.210871 0.572128 0.210871 -0.572128 
1 1 0 24.2416 0.110584 5.16 -1.50247 -3.34099 -1.50247 -3.34099 0.210847 0.572063 0.210847 -0.572063 
1 1 0 24.2466 0.110584 5.16001 -1.5026 -3.34132 -1.5026 -3.34132 0.210824 0.571997 0.210824 -0.571997 
1 1 0 24.2516 0.110584 5.16001 -1.50273 -3.34166 -1.50273 -3.34166 0.210801 0.571931 0.210801 -0.571931 
1 1 0 24.2566 0.110584 5.16003 -1.50286 -3.34199 -1.50286 -3.34199 0.210779 0.571866 0.210779 -0.571866 
1 1 0 24.2616 0.110584 5.16004 -1.50299 -3.34233 -1.50299 -3.34233 0.210756 0.5718 0.210756 -0.5718 
1 1 0 24.2666 0.110584 5.16006 -1.50312 -3.34266 -1.50312 -3.34266 0.210735 0.571733 0.210735 -0.571733 
1 1 0 24.2716 0.110584 5.16008 -1.50325 -3.343 -1.50325 -3.343 0.210714 0.571667 0.210714 -0.571667 
1 1 0 24.2765 0.110584 5.1601 -1.50338 -3.34333 -1.50338 -3.34333 0.210693 0.571601 0.210693 -0.571601 
1 1 0 24.2815 0.110584 5.16013 -1.50351 -3.34367 -1.50351 -3.34367 0.210672 0.571534 0.210672 -0.571534 
1 1 0 24.2865 0.110584 5.16016 -1.50364 -3.34401 -1.50364 -3.34401 0.210652 0.571467 0.210652 -0.571467 
1 1 0 24.2915 0.110584 5.16019 -1.50377 -3.34434 -1.50377 -3.34434 0.210633 0.571401 0.210633 -0.571401 
1 1 0 24.2965 0.110584 5.16023 -1.5039 -3.34468 -1.5039 -3.34468 0.210614 0.571334 0.210614 -0.571334 
1 1 0 24.3015 0.110584 5.16027 -1.50403 -3.34501 -1.50403 -3.34501 0.210595 0.571266 0.210595 -0.571266 
1 1 0 24.3065 0.110584 5.16031 -1.50415 -3.34535 -1.50415 -3.34535 0.210577 0.571199 0.210577 -0.571199 
1 1 0 24.3115 0.110584 5.16036 -1.50428 -3.34569 -1.50428 -3.34569 0.210559 0.571132 0.210559 -0.571132 
1 1 0 24.3164 0.110584 5.16041 -1.50441 -3.34602 -1.50441 -3.34602 0.210541 0.571064 0.210541 -0.571064 
1 1 0 24.3214 0.110584 5.16046 -1.50454 -3.34636 -1.50454 -3.34636 0.210524 0.570996 0.210524 -0.570996 
1 1 0 24.3264 0.110584 5.16051 -1.50467 -3.3467 -1.50467 -3.3467 0.210508 0.570928 0.210508 -0.570928 
1 1 0 24.3314 0.110584 5.16057 -1.5048 -3.34703 -1.5048 -3.34703 0.210491 0.57086 0.210491 -0.57086 
1 1 0 24.3364 0.110584 5.16063 -1.50493 -3.34737 -1.50493 -3.34737 0.210476 0.570792 0.210476 -0.570792 
1 1 0 24.3414 0.110584 5.1607 -1.50506 -3.34771 -1.50506 -3.34771 0.21046 0.570724 0.21046 -0.570724 
1 1 0 24.3464 0.110584 5.16076 -1.50519 -3.34805 -1.50519 -3.34805 0.210445 0.570655 0.210445 -0.570655 
1 1 0 24.3514 0.110584 5.16083 -1.50531 -3.34838 -1.50531 -3.34838 0.210431 0.570587 0.210431 -0.570587 
1 1 0 24.3563 0.110584 5.16091 -1.50544 -3.34872 -1.50544 -3.34872 0.210416 0.570518 0.210416 -0.570518 
1 1 0 24.3613 0.110584 5.16098 -1.50557 -3.34906 -1.50557 -3.34906 0.210403 0.570449 0.210403 -0.570449 
1 1 0 24.3663 0.110584 5.16106 -1.5057 -3.3494 -1.5057 -3.3494 0.210389 0.57038 0.210389 -0.57038 
1 1 0 24.3713 0.110584 5.16115 -1.50583 -3.34974 -1.50583 -3.34974 0.210376 0.57031 0.210376 -0.57031 
1 1 0 24.3763 0.110584 5.16123 -1.50596 -3.35007 -1.50596 -3.35007 0.210364 0.570241 0.210364 -0.570241 
1 1 0 24.3813 0.110584 5.16132 -1.50608 -3.35041 -1.50608 -3.35041 0.210352 0.570172 0.210352 -0.570172 
1 1 0 24.3863 0.110584 5.16141 -1.50621 -3.35075 -1.50621 -3.35075 0.21034 0.570102 0.21034 -0.570102 
1 1 0 24.3912 0.110584 5.16151 -1.50634 -3.35109 -1.50634 -3.35109 0.210329 0.570032 0.210329 -0.570032 
1 1 0 24.3962 0.110584 5.16161 -1.50647 -3.35143 -1.50647 -3.35143 0.210318 0.569962 0.210318 -0.569962 
1 1 0 24.4012 0.110584 5.16171 -1.5066 -3.35177 -1.5066 -3.35177 0.210308 0.569892 0.210308 -0.569892 
1 1 0 24.4062 0.110584 5.16181 -1.50673 -3.35211 -1.50673 -3.35211 0.210298 0.569822 0.210298 -0.569822 
1 1 0 24.4112 0.110584 5.16192 -1.50685 -3.35245 -1.50685 -3.35245 0.210288 0.569751 0.210288 -0.569751 
1 1 0 24.4162 0.110584 5.16203 -1.50698 -3.35279 -1.50698 -3.35279 0.210279 0.569681 0.210279 -0.569681 
1 1 0 24.4212 0.110584 5.16214 -1.50711 -3.35313 -1.50711 -3.35313 0.21027 0.56961 0.21027 -0.56961 
1 1 0 24.4262 0.110584 5.16226 -1.50724 -3.35347 -1.50724 -3.35347 0.210262 0.569539 0.210262 -0.569539 
1 1 0 24.4311 0.110584 5.16238 -1.50736 -3.35381 -1.50736 -3.35381 0.210254 0.569468 0.210254 -0.569468 
1 1 0 24.4361 0.110584 5.1625 -1.50749 -3.35415 -1.50749 -3.35415 0.210246 0.569397 0.210246 -0.569397 
1 1 0 24.4411 0.110584 5.16263 -1.50762 -3.35449 -1.50762 -3.35449 0.210239 0.569325 0.210239 -0.569325 
1 1 0 24.4461 0.110584 5.16276 -1.50775 -3.35483 -1.50775 -3.35483 0.210232 0.569254 0.210232 -0.569254 
1 1 0 24.4511 0.110584 5.16289 -1.50788 -3.35517 -1.50788 -3.35517 0.210226 0.569182 0.210226 -0.569182 
1 1 0 24.4561 0.110584 5.16302 -1.508 -3.35551 -1.508 -3.35551 0.21022 0.56911 0.21022 -0.56911 
1 1 0 24.4611 0.110584 5.16316 -1.50813 -3.35585 -1.50813 -3.35585 0.210215 0.569039 0.210215 -0.569039 
1 1 0 24.466 0.110584 5.1633 -1.50826 -3.35619 -1.50826 -3.35619 0.21021 0.568966 0.21021 -0.568966 
1 1 0 24.471 0.110584 5.16345 -1.50839 -3.35653 -1.50839 -3.35653 0.210205 0.568894 0.210205 -0.568894 
1 1 0 24.476 0.110584 5.1636 -1.50851 -3.35687 -1.50851 -3.35687 0.210201 0.568822 0.210201 -0.568822 
1 1 0 24.481 0.110584 5.16375 -1.50864 -3.35721 -1.50864 -3.35721 0.210197 0.568749 0.210197 -0.568749 
1 1 0 24.486 0.110584 5.1639 -1.50877 -3.35756 -1.50877 -3.35756 0.210194 0.568677 0.210194 -0.568677 
1 1 0 24.491 0.110584 5.16406 -1.50889 -3.3579 -1.50889 -3.3579 0.210191 0.568604 0.210191 -0.568604 
1 1 0 24.496 0.110584 5.16422 -1.50902 -3.35824 -1.50902 -3.35824 0.210188 0.568531 0.210188 -0.568531 
1 1 0 24.501 0.110584 5.16438 -1.50915 -3.35858 -1.50915 -3.35858 0.210186 0.568458 0.210186 -0.568458 
1 1 0 24.5059 0.110584 5.16455 -1.50928 -3.35892 -1.50928 -3.35892 0.210184 0.568385 0.210184 -0.568385 
1 1 0 24.5109 0.110584 5.16472 -1.5094 -3.35927 -1.5094 -3.35927 0.210183 0.568311 0.210183 -0.568311 
1 1 0 24.5159 0.110584 5.16489 -1.50953 -3.35961 -1.50953 -3.35961 0.210182 0.568238 0.210182 -0.568238 
1 1 0 24.5209 0.110584 5.16506 -1.50966 -3.35995 -1.50966 -3.35995 0.210181 0.568164 0.210181 -0.568164 
1 1 0 24.5259 0.110584 5.16524 -1.50978 -3.36029 -1.50978 -3.36029 0.210181 0.56809 0.210181 -0.56809 
1 1 0 24.5309 0.110584 5.16542 -1.50991 -3.36064 -1.50991 -3.36064 0.210181 0.568016 0.210181 -0.568016 
1 1 0 24.5359 0.110584 5.16561 -1.51004 -3.36098 -1.51004 -3.36098 0.210182 0.567942 0.210182 -0.567942 
1 1 0 24.5408 0.110584 5.1658 -1.51016 -3.36132 -1.51016 -3.36132 0.210183 0.567868 0.210183 -0.567868 
1 1 0 24.5458 0.110584 5.16599 -1.51029 -3.36167 -1.51029 -3.36167 0.210184 0.567793 0.210184 -0.567793 
1 1 0 24.5508 0.110584 5.16618 -1.51042 -3.36201 -1.51042 -3.36201 0.210186 0.567719 0.210186 -0.567719 
1 1 0 24.5558 0.110584 5.16638 -1.51054 -3.36235 -1.51054 -3.36235 0.210189 0.567644 0.210189 -0.567644 
1 1 0 24.5608 0.110584 5.16658 -1.51067 -3.3627 -1.51067 -3.3627 0.210191 0.567569 0.210191 -0.567569 
1 1 0 24.5658 0.110584 5.16678 -1.5108 -3.36304 -1.5108 -3.36304 0.210194 0.567494 0.210194 -0.567494 
1 1 0 24.5708 0.110584 5.16699 -1.51092 -3.36339 -1.51092 -3.36339 0.210198 0.567419 0.210198 -0.567419 
1 1 0 24.5758 0.110584 5.1672 -1.51105 -3.36373 -1.51105 -3.36373 0.210202 0.567344 0.210202 -0.567344 
1 1 0 24.5807 0.110584 5.16741 -1.51118 -3.36407 -1.51118 -3.36407 0.210206 0.567268 0.210206 -0.567268 
1 1 0 24.5857 0.110584 5.16763 -1.5113 -3.36442 -1.5113 -3.36442 0.210211 0.567193 0.210211 -0.567193 
1 1 0 24.5907 0.110584 5.16785 -1.51143 -3.36476 -1.51143 -3.36476 0.210216 0.567117 0.210216 -0.567117 
1 1 0 24.5957 0.110584 5.16807 -1.51155 -3.36511 -1.51155 -3.36511 0.210222 0.567041 0.210222 -0.567041 
1 1 0 24.6007 0.110584 5.16829 -1.51168 -3.36545 -1.51168 -3.36545 0.210227 0.566965 0.210227 -0.566965 
1 1 0 24.6057 0.110584 5.16852 -1.51181 -3.3658 -1.51181 -3.3658 0.210234 0.566889 0.210234 -0.566889 
1 1 0 24.6107 0.110584 5.16875 -1.51193 -3.36614 -1.51193 -3.36614 0.210241 0.566812 0.210241 -0.566812 
1 1 0 24.6156 0.110584 5.16899 -1.51206 -3.36649 -1.51206 -3.36649 0.210248 0.566736 0.210248 -0.566736 
1 1 0 24.6206 0.110584 5.16922 -1.51219 -3.36684 -1.51219 -3.36684 0.210255 0.566659 0.210255 -0.566659 
1 1 0 24.6256 0.110584 5.16947 -1.51231 -3.36718 -1.51231 -3.36718 0.210263 0.566582 0.210263 -0.566582 
1 1 0 24.6306 0.110584 5.16971 -1.51244 -3.36753 -1.51244 -3.36753 0.210272 0.566505 0.210272 -0.566505 
1 1 0 24.6356 0.110584 5.16996 -1.51256 -3.36787 -1.51256 -3.36787 0.210281 0.566428 0.210281 -0.566428 
1 1 0 24.6406 0.110584 5.17021 -1.51269 -3.36822 -1.51269 -3.36822 0.21029 0.566351 0.21029 -0.566351 
1 1 0 24.6456 0.110584 5.17046 -1.51281 -3.36857 -1.51281 -3.36857 0.210299 0.566274 0.210299 -0.566274 
1 1 0 24.6506 0.110584 5.17072 -1.51294 -3.36891 -1.51294 -3.36891 0.210309 0.566196 0.210309 -0.566196 
1 1 0 24.6555 0.110584 5.17097 -1.51307 -3.36926 -1.51307 -3.36926 0.21032 0.566118 0.21032 -0.566118 
1 1 0 24.6605 0.110584 5.17124 -1.51319 -3.36961 -1.51319 -3.36961 0.21033 0.566041 0.21033 -0.566041 
1 1 0 24.6655 0.110584 5.1715 -1.51332 -3.36995 -1.51332 -3.36995 0.210342 0.565963 0.210342 -0.565963 
1 1 0 24.6705 0.110584 5.17177 -1.51344 -3.3703 -1.51344 -3.3703 0.210353 0.565884 0.210353 -0.565884 
1 1 0 24.6755 0.110584 5.17204 -1.51357 -3.37065 -1.51357 -3.37065 0.210365 0.565806 0.210365 -0.565806 
1 1 0 24.6805 0.110584 5.17232 -1.51369 -3.37099 -1.51369 -3.37099 0.210378 0.565728 0.210378 -0.565728 
1 1 0 24.6855 0.110584 5.1726 -1.51382 -3.37134 -1.51382 -3.37134 0.210391 0.565649 0.210391 -0.565649 
1 1 0 24.6904 0.110584 5.17288 -1.51394 -3.37169 -1.51394 -3.37169 0.210404 0.56557 0.210404 -0.56557 
1 1 0 24.6954 0.110584 5.17316 -1.51407 -3.37204 -1.51407 -3.37204 0.210417 0.565492 0.210417 -0.565492 
1 1 0 24.7004 0.110584 5.17345 -1.51419 -3.37239 -1.51419 -3.37239 0.210431 0.565413 0.210431 -0.565413 
1 1 0 24.7054 0.110584 5.17374 -1.51432 -3.37273 -1.51432 -3.37273 0.210446 0.565333 0.210446 -0.565333 
1 1 0 24.7104 0.110584 5.17403 -1.51444 -3.37308 -1.51444 -3.37308 0.210461 0.565254 0.210461 -0.565254 
1 1 0 24.7154 0.110584 5.17433 -1.51457 -3.37343 -1.51457 -3.37343 0.210476 0.565175 0.210476 -0.565175 
1 1 0 24.7204 0.110584 5.17463 -1.51469 -3.37378 -1.51469 -3.37378 0.210492 0.565095 0.210492 -0.565095 
1 1 0 24.7253 0.110584 5.17493 -1.51482 -3.37413 -1.51482 -3.37413 0.210508 0.565015 0.210508 -0.565015 
1 1 0 24.7303 0.110584 5.17524 -1.51494 -3.37448 -1.51494 -3.37448 0.210524 0.564935 0.210524 -0.564935 
1 1 0 24.7353 0.110584 5.17555 -1.51507 -3.37483 -1.51507 -3.37483 0.210541 0.564855 0.210541 -0.564855 
1 1 0 24.7403 0.110584 5.17586 -1.51519 -3.37517 -1.51519 -3.37517 0.210558 0.564775 0.210558 -0.564775 
1 1 0 24.7453 0.110584 5.17618 -1.51532 -3.37552 -1.51532 -3.37552 0.210576 0.564695 0.210576 -0.564695 
1 1 0 24.7503 0.110584 5.17649 -1.51544 -3.37587 -1.51544 -3.37587 0.210594 0.564614 0.210594 -0.564614 
1 1 0 24.7553 0.110584 5.17682 -1.51557 -3.37622 -1.51557 -3.37622 0.210612 0.564534 0.210612 -0.564534 
1 1 0 24.7603 0.110584 5.17714 -1.51569 -3.37657 -1.51569 -3.37657 0.210631 0.564453 0.210631 -0.564453 
1 1 0 24.7652 0.110584 5.17747 -1.51582 -3.37692 -1.51582 -3.37692 0.21065 0.564372 0.21065 -0.564372 
1 1 0 24.7702 0.110584 5.1778 -1.51594 -3.37727 -1.51594 -3.37727 0.21067 0.564291 0.21067 -0.564291 
1 1 0 24.7752 0.110584 5.17813 -1.51607 -3.37762 -1.51607 -3.37762 0.21069 0.56421 0.21069 -0.56421 
1 1 0 24.7802 0.110584 5.17847 -1.51619 -3.37797 -1.51619 -3.37797 0.21071 0.564128 0.21071 -0.564128 
1 1 0 24.7852 0.110584 5.17881 -1.51631 -3.37832 -1.51631 -3.37832 0.210731 0.564047 0.210731 -0.564047 
1 1 0 24.7902 0.110584 5.17916 -1.51644 -3.37867 -1.51644 -3.37867 0.210753 0.563965 0.210753 -0.563965 
1 1 0 24.7952 0.110584 5.1795 -1.51656 -3.37903 -1.51656 -3.37903 0.210774 0.563883 0.210774 -0.563883 
1 1 0 24.8001 0.110584 5.17985 -1.51669 -3.37938 -1.51669 -3.37938 0.210796 0.563801 0.210796 -0.563801 
1 1 0 24.8051 0.110584 5.18021 -1.51681 -3.37973 -1.51681 -3.37973 0.210819 0.563719 0.210819 -0.563719 
1 1 0 24.8101 0.110584 5.18056 -1.51693 -3.38008 -1.51693 -3.38008 0.210841 0.563637 0.210841 -0.563637 
1 1 0 24.8151 0.110584 5.18092 -1.51706 -3.38043 -1.51706 -3.38043 0.210865 0.563554 0.210865 -0.563554 
1 1 0 24.8201 0.110584 5.18128 -1.51718 -3.38078 -1.51718 -3.38078 0.210888 0.563472 0.210888 -0.563472 
1 1 0 24.8251 0.110584 5.18165 -1.51731 -3.38113 -1.51731 -3.38113 0.210912 0.563389 0.210912 -0.563389 
1 1 0 24.8301 0.110584 5.18202 -1.51743 -3.38148 -1.51743 -3.38148 0.210937 0.563306 0.210937 -0.563306 
1 1 0 24.835 0.110584 5.18239 -1.51755 -3.38184 -1.51755 -3.38184 0.210962 0.563223 0.210962 -0.563223 
1 1 0 24.84 0.110584 5.18277 -1.51768 -3.38219 -1.51768 -3.38219 0.210987 0.56314 0.210987 -0.56314 
1 1 0 24.845 0.110584 5.18315 -1.5178 -3.38254 -1.5178 -3.38254 0.211012 0.563057 0.211012 -0.563057 
1 1 0 24.85 0.110584 5.18353 -1.51793 -3.38289 -1.51793 -3.38289 0.211038 0.562973 0.211038 -0.562973 
1 1 0 24.855 0.110584 5.18391 -1.51805 -3.38325 -1.51805 -3.38325 0.211065 0.56289 0.211065 -0.56289 
1 1 0 24.86 0.110584 5.1843 -1.51817 -3.3836 -1.51817 -3.3836 0.211092 0.562806 0.211092 -0.562806 
1 1 0 24.865 0.110584 5.18469 -1.5183 -3.38395 -1.5183 -3.38395 0.211119 0.562722 0.211119 -0.562722 
1 1 0 24.8699 0.110584 5.18508 -1.51842 -3.3843 -1.51842 -3.3843 0.211146 0.562638 0.211146 -0.562638 
1 1 0 24.8749 0.110584 5.18548 -1.51854 -3.38466 -1.51854 -3.38466 0.211174 0.562554 0.211174 -0.562554 
1 1 0 24.8799 0.110584 5.18588 -1.51867 -3.38501 -1.51867 -3.38501 0.211203 0.562469 0.211203 -0.562469 
1 1 0 24.8849 0.110584 5.18629 -1.51879 -3.38536 -1.51879 -3.38536 0.211232 0.562385 0.211232 -0.562385 
1 1 0 24.8899 0.110584 5.18669 -1.51891 -3.38572 -1.51891 -3.38572 0.211261 0.5623 0.211261 -0.5623 
1 1 0 24.8949 0.110584 5.1871 -1.51904 -3.38607 -1.51904 -3.38607 0.21129 0.562215 0.21129 -0.562215 
1 1 0 24.8999 0.110584 5.18752 -1.51916 -3.38643 -1.51916 -3.38643 0.21132 0.56213 0.21132 -0.56213 
1 1 0 24.9048 0.110584 5.18793 -1.51928 -3.38678 -1.51928 -3.38678 0.211351 0.562045 0.211351 -0.562045 
1 1 0 24.9098 0.110584 5.18835 -1.51941 -3.38713 -1.51941 -3.38713 0.211382 0.56196 0.211382 -0.56196 
1 1 0 24.9148 0.110584 5.18878 -1.51953 -3.38749 -1.51953 -3.38749 0.211413 0.561875 0.211413 -0.561875 
1 1 0 24.9198 0.110584 5.1892 -1.51965 -3.38784 -1.51965 -3.38784 0.211444 0.561789 0.211444 -0.561789 
1 1 0 24.9248 0.110584 5.18963 -1.51978 -3.3882 -1.51978 -3.3882 0.211476 0.561703 0.211476 -0.561703 
1 1 0 24.9298 0.110584 5.19006 -1.5199 -3.38855 -1.5199 -3.38855 0.211509 0.561617 0.211509 -0.561617 
1 1 0 24.9348 0.110584 5.1905 -1.52002 -3.38891 -1.52002 -3.38891 0.211541 0.561531 0.211541 -0.561531 
1 1 0 24.9397 0.110584 5.19094 -1.52014 -3.38926 -1.52014 -3.38926 0.211574 0.561445 0.211574 -0.561445 
1 1 0 24.9447 0.110584 5.19138 -1.52027 -3.38962 -1.52027 -3.38962 0.211608 0.561359 0.211608 -0.561359 
1 1 0 24.9497 0.110584 5.19182 -1.52039 -3.38997 -1.52039 -3.38997 0.211642 0.561272 0.211642 -0.561272 
1 1 0 24.9547 0.110584 5.19227 -1.52051 -3.39033 -1.52051 -3.39033 0.211676 0.561186 0.211676 -0.561186 
1 1 0 24.9597 0.110584 5.19272 -1.52063 -3.39068 -1.52063 -3.39068 0.211711 0.561099 0.211711 -0.561099 
1 1 0 24.9647 0.110584 5.19318 -1.52076 -3.39104 -1.52076 -3.39104 0.211746 0.561012 0.211746 -0.561012 
1 1 0 24.9697 0.110584 5.19364 -1.52088 -3.3914 -1.52088 -3.3914 0.211782 0.560925 0.211782 -0.560925 
1 1 0 24.9746 0.110584 5.1941 -1.521 -3.39175 -1.521 -3.39175 0.211817 0.560838 0.211817 -0.560838 
1 1 0 24.9796 0.110584 5.19456 -1.52112 -3.39211 -1.52112 -3.39211 0.211854 0.56075 0.211854 -0.56075 
1 1 0 24.9846 0.110584 5.19503 -1.52125 -3.39246 -1.52125 -3.39246 0.21189 0.560663 0.21189 -0.560663 
1 1 0 24.9896 0.110584 5.1955 -1.52137 -3.39282 -1.52137 -3.39282 0.211928 0.560575 0.211928 -0.560575 
1 1 0 24.9946 0.110584 5.19597 -1.52149 -3.39318 -1.52149 -3.39318 0.211965 0.560487 0.211965 -0.560487 
1 1 0 24.9996 0.110584 5.19645 -1.52161 -3.39354 -1.52161 -3.39354 0.212003 0.560399 0.212003 -0.560399 
1 1 0 25.0046 0.110584 5.19693 -1.52174 -3.39389 -1.52174 -3.39389 0.212041 0.560311 0.212041 -0.560311 
1 1 0 25.0095 0.110584 5.19742 -1.52186 -3.39425 -1.52186 -3.39425 0.21208 0.560223 0.21208 -0.560223 
1 1 0 25.0145 0.110584 5.1979 -1.52198 -3.39461 -1.52198 -3.39461 0.212119 0.560135 0.212119 -0.560135 
1 1 0 25.0195 0.110584 5.19839 -1.5221 -3.39496 -1.5221 -3.39496 0.212158 0.560046 0.212158 -0.560046 
1 1 0 25.0245 0.110584 5.19889 -1.52222 -3.39532 -1.52222 -3.39532 0.212198 0.559957 0.212198 -0.559957 
1 1 0 25.0295 0.110584 5.19938 -1.52235 -3.39568 -1.52235 -3.39568 0.212238 0.559868 0.212238 -0.559868 
1 1 0 25.0345 0.110584 5.19988 -1.52247 -3.39604 -1.52247 -3.39604 0.212279 0.559779 0.212279 -0.559779 
1 1 0 25.0395 0.110584 5.20039 -1.52259 -3.3964 -1.52259 -3.3964 0.21232 0.55969 0.21232 -0.55969 
1 1 0 25.0444 0.110584 5.20089 -1.52271 -3.39675 -1.52271 -3.39675 0.212361 0.559601 0.212361 -0.559601 
1 1 0 25.0494 0.110584 5.2014 -1.52283 -3.39711 -1.52283 -3.39711 0.212403 0.559511 0.212403 -0.559511 
1 1 0 25.0544 0.110584 5.20191 -1.52296 -3.39747 -1.52296 -3.39747 0.212445 0.559422 0.212445 -0.559422 
1 1 0 25.0594 0.110584 5.20243 -1.52308 -3.39783 -1.52308 -3.39783 0.212488 0.559332 0.212488 -0.559332 
1 1 0 25.0644 0.110584 5.20295 -1.5232 -3.39819 -1.5232 -3.39819 0.212531 0.559242 0.212531 -0.559242 
1 1 0 25.0694 0.110584 5.20347 -1.52332 -3.39855 -1.52332 -3.39855 0.212574 0.559152 0.212574 -0.559152 
1 1 0 25.0744 0.110584 5.204 -1.52344 -3.39891 -1.52344 -3.39891 0.212618 0.559062 0.212618 -0.559062 
1 1 0 25.0793 0.110584 5.20453 -1.52356 -3.39927 -1.52356 -3.39927 0.212662 0.558971 0.212662 -0.558971 
1 1 0 25.0843 0.110584 5.20506 -1.52368 -3.39962 -1.52368 -3.39962 0.212706 0.558881 0.212706 -0.558881 
1 1 0 25.0893 0.110584 5.20559 -1.52381 -3.39998 -1.52381 -3.39998 0.212751 0.55879 0.212751 -0.55879 
1 1 0 25.0943 0.110584 5.20613 -1.52393 -3.40034 -1.52393 -3.40034 0.212797 0.558699 0.212797 -0.558699 
1 1 0 25.0993 0.110584 5.20667 -1.52405 -3.4007 -1.52405 -3.4007 0.212842 0.558608 0.212842 -0.558608 
1 1 0 25.1043 0.110584 5.20722 -1.52417 -3.40106 -1.52417 -3.40106 0.212888 0.558517 0.212888 -0.558517 
1 1 0 25.1093 0.110584 5.20777 -1.52429 -3.40142 -1.52429 -3.40142 0.212935 0.558425 0.212935 -0.558425 
1 1 0 25.1142 0.110584 5.20832 -1.52441 -3.40178 -1.52441 -3.40178 0.212982 0.558334 0.212982 -0.558334 
1 1 0 25.1192 0.110584 5.20888 -1.52453 -3.40214 -1.52453 -3.40214 0.213029 0.558242 0.213029 -0.558242 
1 1 0 25.1242 0.110584 5.20943 -1.52465 -3.40251 -1.52465 -3.40251 0.213077 0.55815 0.213077 -0.55815 
1 1 0 25.1292 0.110584 5.21 -1.52477 -3.40287 -1.52477 -3.40287 0.213125 0.558058 0.213125 -0.558058 
1 1 0 25.1342 0.110584 5.21056 -1.5249 -3.40323 -1.5249 -3.40323 0.213173 0.557966 0.213173 -0.557966 
1 1 0 25.1392 0.110584 5.21113 -1.52502 -3.40359 -1.52502 -3.40359 0.213222 0.557874 0.213222 -0.557874 
1 1 0 25.1442 0.110584 5.2117 -1.52514 -3.40395 -1.52514 -3.40395 0.213271 0.557782 0.213271 -0.557782 
1 1 0 25.1491 0.110584 5.21227 -1.52526 -3.40431 -1.52526 -3.40431 0.213321 0.557689 0.213321 -0.557689 
1 1 0 25.1541 0.110584 5.21285 -1.52538 -3.40467 -1.52538 -3.40467 0.213371 0.557596 0.213371 -0.557596 
1 1 0 25.1591 0.110584 5.21343 -1.5255 -3.40503 -1.5255 -3.40503 0.213421 0.557503 0.213421 -0.557503 
1 1 0 25.1641 0.110584 5.21402 -1.52562 -3.4054 -1.52562 -3.4054 0.213472 0.55741 0.213472 -0.55741 
1 1 0 25.1691 0.110584 5.21461 -1.52574 -3.40576 -1.52574 -3.40576 0.213523 0.557317 0.213523 -0.557317 
1 1 0 25.1741 0.110584 5.2152 -1.52586 -3.40612 -1.52586 -3.40612 0.213574 0.557224 0.213574 -0.557224 
1 1 0 25.1791 0.110584 5.21579 -1.52598 -3.40648 -1.52598 -3.40648 0.213626 0.55713 0.213626 -0.55713 
1 1 0 25.184 0.110584 5.21639 -1.5261 -3.40684 -1.5261 -3.40684 0.213679 0.557037 0.213679 -0.557037 
1 1 0 25.189 0.110584 5.21699 -1.52622 -3.40721 -1.52622 -3.40721 0.213731 0.556943 0.213731 -0.556943 
1 1 0 25.194 0.110584 5.2176 -1.52634 -3.40757 -1.52634 -3.40757 0.213784 0.556849 0.213784 -0.556849 
1 1 0 25.199 0.110584 5.2182 -1.52646 -3.40793 -1.52646 -3.40793 0.213838 0.556755 0.213838 -0.556755 
1 1 0 25.204 0.110584 5.21881 -1.52658 -3.40829 -1.52658 -3.40829 0.213892 0.55666 0.213892 -0.55666 
1 1 0 25.209 0.110584 5.21943 -1.5267 -3.40866 -1.5267 -3.40866 0.213946 0.556566 0.213946 -0.556566 
1 1 0 25.214 0.110584 5.22005 -1.52682 -3.40902 -1.52682 -3.40902 0.214 0.556471 0.214 -0.556471 
1 1 0 25.2189 0.110584 5.22067 -1.52694 -3.40938 -1.52694 -3.40938 0.214055 0.556377 0.214055 -0.556377 
1 1 0 25.2239 0.110584 5.22129 -1.52706 -3.40975 -1.52706 -3.40975 0.214111 0.556282 0.214111 -0.556282 
1 1 0 25.2289 0.110584 5.22192 -1.52718 -3.41011 -1.52718 -3.41011 0.214167 0.556187 0.214167 -0.556187 
1 1 0 25.2339 0.110584 5.22255 -1.5273 -3.41048 -1.5273 -3.41048 0.214223 0.556091 0.214223 -0.556091 
1 1 0 25.2389 0.110584 5.22318 -1.52742 -3.41084 -1.52742 -3.41084 0.214279 0.555996 0.214279 -0.555996 
1 1 0 25.2439 0.110584 5.22382 -1.52754 -3.4112 -1.52754 -3.4112 0.214336 0.5559 0.214336 -0.5559 
1 1 0 25.2489 0.110584 5.22446 -1.52766 -3.41157 -1.52766 -3.41157 0.214394 0.555805 0.214394 -0.555805 
1 1 0 25.2538 0.110584 5.22511 -1.52778 -3.41193 -1.52778 -3.41193 0.214451 0.555709 0.214451 -0.555709 
1 1 0 25.2588 0.110584 5.22576 -1.5279 -3.4123 -1.5279 -3.4123 0.214509 0.555613 0.214509 -0.555613 
1 1 0 25.2638 0.110584 5.22641 -1.52802 -3.41266 -1.52802 -3.41266 0.214568 0.555517 0.214568 -0.555517 
1 1 0 25.2688 0.110584 5.22706 -1.52814 -3.41303 -1.52814 -3.41303 0.214627 0.55542 0.214627 -0.55542 
1 1 0 25.2738 0.110584 5.22772 -1.52826 -3.41339 -1.52826 -3.41339 0.214686 0.555324 0.214686 -0.555324 
1 1 0 25.2788 0.110584 5.22838 -1.52838 -3.41376 -1.52838 -3.41376 0.214746 0.555227 0.214746 -0.555227 
1 1 0 25.2837 0.110584 5.22904 -1.5285 -3.41412 -1.5285 -3.41412 0.214806 0.55513 0.214806 -0.55513 
1 1 0 25.2887 0.110584 5.22971 -1.52862 -3.41449 -1.52862 -3.41449 0.214866 0.555033 0.214866 -0.555033 
1 1 0 25.2937 0.110584 5.23038 -1.52874 -3.41485 -1.52874 -3.41485 0.214927 0.554936 0.214927 -0.554936 
1 1 0 25.2987 0.110584 5.23106 -1.52886 -3.41522 -1.52886 -3.41522 0.214988 0.554839 0.214988 -0.554839 
1 1 0 25.3037 0.110584 5.23174 -1.52898 -3.41559 -1.52898 -3.41559 0.21505 0.554741 0.21505 -0.554741 
1 1 0 25.3087 0.110584 5.23242 -1.5291 -3.41595 -1.5291 -3.41595 0.215112 0.554644 0.215112 -0.554644 
1 1 0 25.3137 0.110584 5.2331 -1.52921 -3.41632 -1.52921 -3.41632 0.215174 0.554546 0.215174 -0.554546 
1 1 0 25.3186 0.110584 5.23379 -1.52933 -3.41668 -1.52933 -3.41668 0.215237 0.554448 0.215237 -0.554448 
1 1 0 25.3236 0.110584 5.23448 -1.52945 -3.41705 -1.52945 -3.41705 0.2153 0.55435 0.2153 -0.55435 
1 1 0 25.3286 0.110584 5.23518 -1.52957 -3.41742 -1.52957 -3.41742 0.215363 0.554252 0.215363 -0.554252 
1 1 0 25.3336 0.110584 5.23588 -1.52969 -3.41778 -1.52969 -3.41778 0.215427 0.554153 0.215427 -0.554153 
1 1 0 25.3386 0.110584 5.23658 -1.52981 -3.41815 -1.52981 -3.41815 0.215491 0.554055 0.215491 -0.554055 
1 1 0 25.3436 0.110584 5.23728 -1.52993 -3.41852 -1.52993 -3.41852 0.215556 0.553956 0.215556 -0.553956 
1 1 0 25.3486 0.110584 5.23799 -1.53005 -3.41889 -1.53005 -3.41889 0.215621 0.553857 0.215621 -0.553857 
1 1 0 25.3535 0.110584 5.2387 -1.53017 -3.41925 -1.53017 -3.41925 0.215687 0.553758 0.215687 -0.553758 
1 1 0 25.3585 0.110584 5.23942 -1.53028 -3.41962 -1.53028 -3.41962 0.215752 0.553659 0.215752 -0.553659 
1 1 0 25.3635 0.110584 5.24014 -1.5304 -3.41999 -1.5304 -3.41999 0.215819 0.553559 0.215819 -0.553559 
1 1 0 25.3685 0.110584 5.24086 -1.53052 -3.42036 -1.53052 -3.42036 0.215885 0.55346 0.215885 -0.55346 
1 1 0 25.3735 0.110584 5.24159 -1.53064 -3.42072 -1.53064 -3.42072 0.215952 0.55336 0.215952 -0.55336 
1 1 0 25.3785 0.110584 5.24232 -1.53076 -3.42109 -1.53076 -3.42109 0.216019 0.55326 0.216019 -0.55326 
1 1 0 25.3835 0.110584 5.24305 -1.53088 -3.42146 -1.53088 -3.42146 0.216087 0.55316 0.216087 -0.55316 
1 1 0 25.3884 0.110584 5.24378 -1.531 -3.42183 -1.531 -3.42183 0.216155 0.55306 0.216155 -0.55306 
1 1 0 25.3934 0.110584 5.24452 -1.53111 -3.4222 -1.53111 -3.4222 0.216224 0.55296 0.216224 -0.55296 
1 1 0 25.3984 0.110584 5.24527 -1.53123 -3.42257 -1.53123 -3.42257 0.216293 0.552859 0.216293 -0.552859 
1 1 0 25.4034 0.110584 5.24601 -1.53135 -3.42294 -1.53135 -3.42294 0.216362 0.552759 0.216362 -0.552759 
1 1 0 25.4084 0.110584 5.24676 -1.53147 -3.4233 -1.53147 -3.4233 0.216431 0.552658 0.216431 -0.552658 
1 1 0 25.4134 0.110584 5.24752 -1.53159 -3.42367 -1.53159 -3.42367 0.216501 0.552557 0.216501 -0.552557 
1 1 0 25.4183 0.110584 5.24827 -1.5317 -3.42404 -1.5317 -3.42404 0.216572 0.552455 0.216572 -0.552455 
1 1 0 25.4233 0.110584 5.24903 -1.53182 -3.42441 -1.53182 -3.42441 0.216643 0.552354 0.216643 -0.552354 
1 1 0 25.4283 0.110584 5.2498 -1.53194 -3.42478 -1.53194 -3.42478 0.216714 0.552253 0.216714 -0.552253 
1 1 0 25.4333 0.110584 5.25057 -1.53206 -3.42515 -1.53206 -3.42515 0.216785 0.552151 0.216785 -0.552151 
1 1 0 25.4383 0.110584 5.25134 -1.53218 -3.42552 -1.53218 -3.42552 0.216857 0.552049 0.216857 -0.552049 
1 1 0 25.4433 0.110584 5.25211 -1.53229 -3.42589 -1.53229 -3.42589 0.21693 0.551947 0.21693 -0.551947 
1 1 0 25.4483 0.110584 5.25289 -1.53241 -3.42626 -1.53241 -3.42626 0.217002 0.551845 0.217002 -0.551845 
1 1 0 25.4532 0.110584 5.25367 -1.53253 -3.42663 -1.53253 -3.42663 0.217075 0.551743 0.217075 -0.551743 
1 1 0 25.4582 0.110584 5.25445 -1.53265 -3.427 -1.53265 -3.427 0.217149 0.55164 0.217149 -0.55164 
1 1 0 25.4632 0.110584 5.25524 -1.53276 -3.42737 -1.53276 -3.42737 0.217223 0.551537 0.217223 -0.551537 
1 1 0 25.4682 0.110584 5.25603 -1.53288 -3.42775 -1.53288 -3.42775 0.217297 0.551435 0.217297 -0.551435 
1 1 0 25.4732 0.110584 5.25683 -1.533 -3.42812 -1.533 -3.42812 0.217371 0.551332 0.217371 -0.551332 
1 1 0 25.4782 0.110584 5.25763 -1.53312 -3.42849 -1.53312 -3.42849 0.217446 0.551228 0.217446 -0.551228 
1 1 0 25.4831 0.110584 5.25843 -1.53323 -3.42886 -1.53323 -3.42886 0.217522 0.551125 0.217522 -0.551125 
1 1 0 25.4881 0.110584 5.25924 -1.53335 -3.42923 -1.53335 -3.42923 0.217598 0.551022 0.217598 -0.551022 
1 1 0 25.4931 0.110584 5.26004 -1.53347 -3.4296 -1.53347 -3.4296 0.217674 0.550918 0.217674 -0.550918 
1 1 0 25.4981 0.110584 5.26086 -1.53359 -3.42997 -1.53359 -3.42997 0.21775 0.550814 0.21775 -0.550814 
1 1 0 25.5031 0.110584 5.26167 -1.5337 -3.43035 -1.5337 -3.43035 0.217827 0.55071 0.217827 -0.55071 
1 1 0 25.5081 0.110584 5.26249 -1.53382 -3.43072 -1.53382 -3.43072 0.217904 0.550606 0.217904 -0.550606 
1 1 0 25.5131 0.110584 5.26332 -1.53394 -3.43109 -1.53394 -3.43109 0.217982 0.550502 0.217982 -0.550502 
1 1 0 25.518 0.110584 5.26414 -1.53406 -3.43146 -1.53406 -3.43146 0.21806 0.550397 0.21806 -0.550397 
1 1 0 25.523 0.110584 5.26497 -1.53417 -3.43184 -1.53417 -3.43184 0.218138 0.550293 0.218138 -0.550293 
1 1 0 25.528 0.110584 5.26581 -1.53429 -3.43221 -1.53429 -3.43221 0.218217 0.550188 0.218217 -0.550188 
1 1 0 25.533 0.110584 5.26665 -1.53441 -3.43258 -1.53441 -3.43258 0.218296 0.550083 0.218296 -0.550083 
1 1 0 25.538 0.110584 5.26749 -1.53452 -3.43295 -1.53452 -3.43295 0.218376 0.549977 0.218376 -0.549977 
1 1 0 25.543 0.110584 5.26833 -1.53464 -3.43333 -1.53464 -3.43333 0.218456 0.549872 0.218456 -0.549872 
1 1 0 25.548 0.110584 5.26918 -1.53476 -3.4337 -1.53476 -3.4337 0.218536 0.549767 0.218536 -0.549767 
1 1 0 25.5529 0.110584 5.27003 -1.53487 -3.43407 -1.53487 -3.43407 0.218617 0.549661 0.218617 -0.549661 
1 1 0 25.5579 0.110584 5.27089 -1.53499 -3.43445 -1.53499 -3.43445 0.218698 0.549555 0.218698 -0.549555 
1 1 0 25.5629 0.110584 5.27175 -1.53511 -3.43482 -1.53511 -3.43482 0.218779 0.549449 0.218779 -0.549449 
1 1 0 25.5679 0.110584 5.27261 -1.53522 -3.4352 -1.53522 -3.4352 0.218861 0.549343 0.218861 -0.549343 
1 1 0 25.5729 0.110584 5.27348 -1.53534 -3.43557 -1.53534 -3.43557 0.218943 0.549237 0.218943 -0.549237 
1 1 0 25.5779 0.110584 5.27435 -1.53546 -3.43594 -1.53546 -3.43594 0.219026 0.54913 0.219026 -0.54913 
1 1 0 25.5828 0.110584 5.27522 -1.53557 -3.43632 -1.53557 -3.43632 0.219109 0.549023 0.219109 -0.549023 
1 1 0 25.5878 0.110584 5.2761 -1.53569 -3.43669 -1.53569 -3.43669 0.219192 0.548916 0.219192 -0.548916 
1 1 0 25.5928 0.110584 5.27698 -1.53581 -3.43707 -1.53581 -3.43707 0.219276 0.548809 0.219276 -0.548809 
1 1 0 25.5978 0.110584 5.27786 -1.53592 -3.43744 -1.53592 -3.43744 0.21936 0.548702 0.21936 -0.548702 
1 1 0 25.6028 0.110584 5.27875 -1.53604 -3.43782 -1.53604 -3.43782 0.219445 0.548595 0.219445 -0.548595 
1 1 0 25.6078 0.110584 5.27964 -1.53615 -3.43819 -1.53615 -3.43819 0.21953 0.548487 0.21953 -0.548487 
1 1 0 25.6128 0.110584 5.28054 -1.53627 -3.43857 -1.53627 -3.43857 0.219615 0.54838 0.219615 -0.54838 
1 1 0 25.6177 0.110584 5.28143 -1.53639 -3.43894 -1.53639 -3.43894 0.2197 0.548272 0.2197 -0.548272 
1 1 0 25.6227 0.110584 5.28234 -1.5365 -3.43932 -1.5365 -3.43932 0.219787 0.548164 0.219787 -0.548164 
1 1 0 25.6277 0.110584 5.28324 -1.53662 -3.43969 -1.53662 -3.43969 0.219873 0.548055 0.219873 -0.548055 
1 1 0 25.6327 0.110584 5.28415 -1.53673 -3.44007 -1.53673 -3.44007 0.21996 0.547947 0.21996 -0.547947 
1 1 0 25.6377 0.110584 5.28507 -1.53685 -3.44045 -1.53685 -3.44045 0.220047 0.547838 0.220047 -0.547838 
1 1 0 25.6427 0.110584 5.28598 -1.53697 -3.44082 -1.53697 -3.44082 0.220134 0.547729 0.220134 -0.547729 
1 1 0 25.6476 0.110584 5.2869 -1.53708 -3.4412 -1.53708 -3.4412 0.220222 0.547621 0.220222 -0.547621 
1 1 0 25.6526 0.110584 5.28783 -1.5372 -3.44158 -1.5372 -3.44158 0.220311 0.547511 0.220311 -0.547511 
1 1 0 25.6576 0.110584 5.28876 -1.53731 -3.44195 -1.53731 -3.44195 0.220399 0.547402 0.220399 -0.547402 
1 1 0 25.6626 0.110584 5.28969 -1.53743 -3.44233 -1.53743 -3.44233 0.220488 0.547293 0.220488 -0.547293 
1 1 0 25.6676 0.110584 5.29062 -1.53754 -3.44271 -1.53754 -3.44271 0.220578 0.547183 0.220578 -0.547183 
1 1 0 25.6726 0.110584 5.29156 -1.53766 -3.44308 -1.53766 -3.44308 0.220667 0.547073 0.220667 -0.547073 
1 1 0 25.6775 0.110584 5.29251 -1.53777 -3.44346 -1.53777 -3.44346 0.220758 0.546963 0.220758 -0.546963 
1 1 0 25.6825 0.110584 5.29345 -1.53789 -3.44384 -1.53789 -3.44384 0.220848 0.546853 0.220848 -0.546853 
1 1 0 25.6875 0.110584 5.2944 -1.53801 -3.44421 -1.53801 -3.44421 0.220939 0.546743 0.220939 -0.546743 
1 1 0 25.6925 0.110584 5.29536 -1.53812 -3.44459 -1.53812 -3.44459 0.22103 0.546632 0.22103 -0.546632 
1 1 0 25.6975 0.110584 5.29632 -1.53824 -3.44497 -1.53824 -3.44497 0.221122 0.546521 0.221122 -0.546521 
1 1 0 25.7025 0.110584 5.29728 -1.53835 -3.44535 -1.53835 -3.44535 0.221214 0.546411 0.221214 -0.546411 
1 1 0 25.7075 0.110584 5.29824 -1.53847 -3.44573 -1.53847 -3.44573 0.221307 0.546299 0.221307 -0.546299 
1 1 0 25.7124 0.110584 5.29921 -1.53858 -3.4461 -1.53858 -3.4461 0.221399 0.546188 0.221399 -0.546188 
1 1 0 25.7174 0.110584 5.30018 -1.5387 -3.44648 -1.5387 -3.44648 0.221493 0.546077 0.221493 -0.546077 
1 1 0 25.7224 0.110584 5.30116 -1.53881 -3.44686 -1.53881 -3.44686 0.221586 0.545965 0.221586 -0.545965 
1 1 0 25.7274 0.110584 5.30214 -1.53893 -3.44724 -1.53893 -3.44724 0.22168 0.545853 0.22168 -0.545853 
1 1 0 25.7324 0.110584 5.30312 -1.53904 -3.44762 -1.53904 -3.44762 0.221775 0.545741 0.221775 -0.545741 
1 1 0 25.7374 0.110584 5.30411 -1.53916 -3.448 -1.53916 -3.448 0.221869 0.545629 0.221869 -0.545629 
1 1 0 25.7423 0.110584 5.3051 -1.53927 -3.44838 -1.53927 -3.44838 0.221964 0.545517 0.221964 -0.545517 
1 1 0 25.7473 0.110584 5.3061 -1.53939 -3.44876 -1.53939 -3.44876 0.22206 0.545405 0.22206 -0.545405 
1 1 0 25.7523 0.110584 5.3071 -1.5395 -3.44914 -1.5395 -3.44914 0.222156 0.545292 0.222156 -0.545292 
1 1 0 25.7573 0.110584 5.3081 -1.53962 -3.44952 -1.53962 -3.44952 0.222252 0.545179 0.222252 -0.545179 
1 1 0 25.7623 0.110584 5.30911 -1.53973 -3.4499 -1.53973 -3.4499 0.222349 0.545066 0.222349 -0.545066 
1 1 0 25.7673 0.110584 5.31012 -1.53984 -3.45028 -1.53984 -3.45028 0.222445 0.544953 0.222445 -0.544953 
1 1 0 25.7723 0.110584 5.31113 -1.53996 -3.45066 -1.53996 -3.45066 0.222543 0.544839 0.222543 -0.544839 
1 1 0 25.7772 0.110584 5.31215 -1.54007 -3.45104 -1.54007 -3.45104 0.222641 0.544726 0.222641 -0.544726 
1 1 0 25.7822 0.110584 5.31317 -1.54019 -3.45142 -1.54019 -3.45142 0.222739 0.544612 0.222739 -0.544612 
1 1 0 25.7872 0.110584 5.3142 -1.5403 -3.4518 -1.5403 -3.4518 0.222837 0.544498 0.222837 -0.544498 
1 1 0 25.7922 0.110584 5.31523 -1.54042 -3.45218 -1.54042 -3.45218 0.222936 0.544384 0.222936 -0.544384 
1 1 0 25.7972 0.110584 5.31626 -1.54053 -3.45256 -1.54053 -3.45256 0.223035 0.54427 0.223035 -0.54427 
1 1 0 25.8022 0.110584 5.3173 -1.54064 -3.45294 -1.54064 -3.45294 0.223135 0.544155 0.223135 -0.544155 
1 1 0 25.8071 0.110584 5.31834 -1.54076 -3.45332 -1.54076 -3.45332 0.223235 0.544041 0.223235 -0.544041 
1 1 0 25.8121 0.110584 5.31938 -1.54087 -3.4537 -1.54087 -3.4537 0.223335 0.543926 0.223335 -0.543926 
1 1 0 25.8171 0.110584 5.32043 -1.54099 -3.45408 -1.54099 -3.45408 0.223436 0.543811 0.223436 -0.543811 
1 1 0 25.8221 0.110584 5.32149 -1.5411 -3.45447 -1.5411 -3.45447 0.223537 0.543695 0.223537 -0.543695 
1 1 0 25.8271 0.110584 5.32254 -1.54121 -3.45485 -1.54121 -3.45485 0.223639 0.54358 0.223639 -0.54358 
1 1 0 25.8321 0.110584 5.3236 -1.54133 -3.45523 -1.54133 -3.45523 0.223741 0.543464 0.223741 -0.543464 
1 1 0 25.837 0.110584 5.32467 -1.54144 -3.45561 -1.54144 -3.45561 0.223843 0.543349 0.223843 -0.543349 
1 1 0 25.842 0.110584 5.32574 -1.54156 -3.45599 -1.54156 -3.45599 0.223945 0.543233 0.223945 -0.543233 
1 1 0 25.847 0.110584 5.32681 -1.54167 -3.45638 -1.54167 -3.45638 0.224048 0.543117 0.224048 -0.543117 
1 1 0 25.852 0.110584 5.32788 -1.54178 -3.45676 -1.54178 -3.45676 0.224152 0.543 0.224152 -0.543 
1 1 0 25.857 0.110584 5.32896 -1.5419 -3.45714 -1.5419 -3.45714 0.224256 0.542884 0.224256 -0.542884 
1 1 0 25.862 0.110584 5.33005 -1.54201 -3.45753 -1.54201 -3.45753 0.22436 0.542767 0.22436 -0.542767 
1 1 0 25.8669 0.110584 5.33114 -1.54212 -3.45791 -1.54212 -3.45791 0.224464 0.54265 0.224464 -0.54265 
1 1 0 25.8719 0.110584 5.33223 -1.54224 -3.45829 -1.54224 -3.45829 0.224569 0.542533 0.224569 -0.542533 
1 1 0 25.8769 0.110584 5.33332 -1.54235 -3.45867 -1.54235 -3.45867 0.224674 0.542416 0.224674 -0.542416 
1 1 0 25.8819 0.110584 5.33442 -1.54246 -3.45906 -1.54246 -3.45906 0.22478 0.542298 0.22478 -0.542298 
1 1 0 25.8869 0.110584 5.33553 -1.54258 -3.45944 -1.54258 -3.45944 0.224886 0.542181 0.224886 -0.542181 
1 1 0 25.8919 0.110584 5.33663 -1.54269 -3.45983 -1.54269 -3.45983 0.224993 0.542063 0.224993 -0.542063 
1 1 0 25.8969 0.110584 5.33774 -1.5428 -3.46021 -1.5428 -3.46021 0.225099 0.541945 0.225099 -0.541945 
1 1 0 25.9018 0.110584 5.33886 -1.54292 -3.46059 -1.54292 -3.46059 0.225206 0.541827 0.225206 -0.541827 
1 1 0 25.9068 0.110584 5.33998 -1.54303 -3.46098 -1.54303 -3.46098 0.225314 0.541708 0.225314 -0.541708 
1 1 0 25.9118 0.110584 5.3411 -1.54314 -3.46136 -1.54314 -3.46136 0.225422 0.54159 0.225422 -0.54159 
1 1 0 25.9168 0.110584 5.34223 -1.54326 -3.46175 -1.54326 -3.46175 0.22553 0.541471 0.22553 -0.541471 
1 1 0 25.9218 0.110584 5.34336 -1.54337 -3.46213 -1.54337 -3.46213 0.225639 0.541352 0.225639 -0.541352 
1 1 0 25.9268 0.110584 5.3445 -1.54348 -3.46252 -1.54348 -3.46252 0.225748 0.541233 0.225748 -0.541233 
1 1 0 25.9317 0.110584 5.34564 -1.5436 -3.4629 -1.5436 -3.4629 0.225857 0.541113 0.225857 -0.541113 
1 1 0 25.9367 0.110584 5.34678 -1.54371 -3.46329 -1.54371 -3.46329 0.225967 0.540994 0.225967 -0.540994 
1 1 0 25.9417 0.110584 5.34793 -1.54382 -3.46367 -1.54382 -3.46367 0.226077 0.540874 0.226077 -0.540874 
1 1 0 25.9467 0.110584 5.34908 -1.54393 -3.46406 -1.54393 -3.46406 0.226188 0.540754 0.226188 -0.540754 
1 1 0 25.9517 0.110584 5.35023 -1.54405 -3.46444 -1.54405 -3.46444 0.226299 0.540634 0.226299 -0.540634 
1 1 0 25.9567 0.110584 5.35139 -1.54416 -3.46483 -1.54416 -3.46483 0.22641 0.540514 0.22641 -0.540514 
1 1 0 25.9616 0.110584 5.35256 -1.54427 -3.46522 -1.54427 -3.46522 0.226522 0.540393 0.226522 -0.540393 
1 1 0 25.9666 0.110584 5.35372 -1.54438 -3.4656 -1.54438 -3.4656 0.226634 0.540273 0.226634 -0.540273 
1 1 0 25.9716 0.110584 5.3549 -1.5445 -3.46599 -1.5445 -3.46599 0.226746 0.540152 0.226746 -0.540152 
1 1 0 25.9766 0.110584 5.35607 -1.54461 -3.46637 -1.54461 -3.46637 0.226859 0.540031 0.226859 -0.540031 
1 1 0 25.9816 0.110584 5.35725 -1.54472 -3.46676 -1.54472 -3.46676 0.226972 0.539909 0.226972 -0.539909 
1 1 0 25.9866 0.110584 5.35844 -1.54483 -3.46715 -1.54483 -3.46715 0.227086 0.539788 0.227086 -0.539788 
1 1 0 25.9915 0.110584 5.35962 -1.54495 -3.46753 -1.54495 -3.46753 0.2272 0.539666 0.2272 -0.539666 
1 1 0 25.9965 0.110584 5.36082 -1.54506 -3.46792 -1.54506 -3.46792 0.227314 0.539544 0.227314 -0.539544 
1 1 0 26.0015 0.110584 5.36201 -1.54517 -3.46831 -1.54517 -3.46831 0.227429 0.539422 0.227429 -0.539422 
1 1 0 26.0065 0.110584 5.36321 -1.54528 -3.4687 -1.54528 -3.4687 0.227544 0.5393 0.227544 -0.5393 
1 1 0 26.0115 0.110584 5.36442 -1.54539 -3.46908 -1.54539 -3.46908 0.227659 0.539177 0.227659 -0.539177 
1 1 0 26.0165 0.110584 5.36563 -1.54551 -3.46947 -1.54551 -3.46947 0.227775 0.539055 0.227775 -0.539055 
1 1 0 26.0214 0.110584 5.36684 -1.54562 -3.46986 -1.54562 -3.46986 0.227891 0.538932 0.227891 -0.538932 
1 1 0 26.0264 0.110584 5.36806 -1.54573 -3.47025 -1.54573 -3.47025 0.228008 0.538809 0.228008 -0.538809 
1 1 0 26.0314 0.110584 5.36928 -1.54584 -3.47064 -1.54584 -3.47064 0.228125 0.538686 0.228125 -0.538686 
1 1 0 26.0364 0.110584 5.3705 -1.54595 -3.47102 -1.54595 -3.47102 0.228242 0.538562 0.228242 -0.538562 
1 1 0 26.0414 0.110584 5.37173 -1.54607 -3.47141 -1.54607 -3.47141 0.22836 0.538439 0.22836 -0.538439 
1 1 0 26.0464 0.110584 5.37296 -1.54618 -3.4718 -1.54618 -3.4718 0.228478 0.538315 0.228478 -0.538315 
1 1 0 26.0514 0.110584 5.3742 -1.54629 -3.47219 -1.54629 -3.47219 0.228596 0.538191 0.228596 -0.538191 
1 1 0 26.0563 0.110584 5.37544 -1.5464 -3.47258 -1.5464 -3.47258 0.228715 0.538066 0.228715 -0.538066 
1 1 0 26.0613 0.110584 5.37669 -1.54651 -3.47297 -1.54651 -3.47297 0.228834 0.537942 0.228834 -0.537942 
1 1 0 26.0663 0.110584 5.37794 -1.54662 -3.47336 -1.54662 -3.47336 0.228954 0.537817 0.228954 -0.537817 
1 1 0 26.0713 0.110584 5.3792 -1.54673 -3.47375 -1.54673 -3.47375 0.229073 0.537693 0.229073 -0.537693 
1 1 0 26.0763 0.110584 5.38045 -1.54685 -3.47414 -1.54685 -3.47414 0.229194 0.537567 0.229194 -0.537567 
1 1 0 26.0813 0.110584 5.38172 -1.54696 -3.47453 -1.54696 -3.47453 0.229314 0.537442 0.229314 -0.537442 
1 1 0 26.0862 0.110584 5.38298 -1.54707 -3.47492 -1.54707 -3.47492 0.229436 0.537317 0.229436 -0.537317 
1 1 0 26.0912 0.110584 5.38426 -1.54718 -3.47531 -1.54718 -3.47531 0.229557 0.537191 0.229557 -0.537191 
1 1 0 26.0962 0.110584 5.38553 -1.54729 -3.4757 -1.54729 -3.4757 0.229679 0.537065 0.229679 -0.537065 
1 1 0 26.1012 0.110584 5.38681 -1.5474 -3.47609 -1.5474 -3.47609 0.229801 0.536939 0.229801 -0.536939 
1 1 0 26.1062 0.110584 5.3881 -1.54751 -3.47648 -1.54751 -3.47648 0.229924 0.536813 0.229924 -0.536813 
1 1 0 26.1112 0.110584 5.38938 -1.54762 -3.47687 -1.54762 -3.47687 0.230046 0.536686 0.230046 -0.536686 
1 1 0 26.1161 0.110584 5.39068 -1.54773 -3.47726 -1.54773 -3.47726 0.23017 0.53656 0.23017 -0.53656 
1 1 0 26.1211 0.110584 5.39197 -1.54785 -3.47765 -1.54785 -3.47765 0.230294 0.536433 0.230294 -0.536433 
1 1 0 26.1261 0.110584 5.39328 -1.54796 -3.47804 -1.54796 -3.47804 0.230418 0.536306 0.230418 -0.536306 
1 1 0 26.1311 0.110584 5.39458 -1.54807 -3.47843 -1.54807 -3.47843 0.230542 0.536178 0.230542 -0.536178 
1 1 0 26.1361 0.110584 5.39589 -1.54818 -3.47882 -1.54818 -3.47882 0.230667 0.536051 0.230667 -0.536051 
1 1 0 26.1411 0.110584 5.39721 -1.54829 -3.47921 -1.54829 -3.47921 0.230792 0.535923 0.230792 -0.535923 
1 1 0 26.146 0.110584 5.39853 -1.5484 -3.47961 -1.5484 -3.47961 0.230918 0.535795 0.230918 -0.535795 
1 1 0 26.151 0.110584 5.39985 -1.54851 -3.48 -1.54851 -3.48 0.231044 0.535667 0.231044 -0.535667 
1 1 0 26.156 0.110584 5.40118 -1.54862 -3.48039 -1.54862 -3.48039 0.23117 0.535539 0.23117 -0.535539 
1 1 0 26.161 0.110584 5.40251 -1.54873 -3.48078 -1.54873 -3.48078 0.231297 0.53541 0.231297 -0.53541 
1 1 0 26.166 0.110584 5.40384 -1.54884 -3.48117 -1.54884 -3.48117 0.231424 0.535282 0.231424 -0.535282 
1 1 0 26.171 0.110584 5.40518 -1.54895 -3.48157 -1.54895 -3.48157 0.231551 0.535153 0.231551 -0.535153 
1 1 0 26.1759 0.110584 5.40653 -1.54906 -3.48196 -1.54906 -3.48196 0.231679 0.535023 0.231679 -0.535023 
1 1 0 26.1809 0.110584 5.40788 -1.54917 -3.48235 -1.54917 -3.48235 0.231807 0.534894 0.231807 -0.534894 
1 1 0 26.1859 0.110584 5.40923 -1.54928 -3.48274 -1.54928 -3.48274 0.231936 0.534765 0.231936 -0.534765 
1 1 0 26.1909 0.110584 5.41059 -1.54939 -3.48314 -1.54939 -3.48314 0.232065 0.534635 0.232065 -0.534635 
1 1 0 26.1959 0.110584 5.41195 -1.5495 -3.48353 -1.5495 -3.48353 0.232194 0.534505 0.232194 -0.534505 
1 1 0 26.2009 0.110584 5.41332 -1.54961 -3.48392 -1.54961 -3.48392 0.232324 0.534374 0.232324 -0.534374 
1 1 0 26.2058 0.110584 5.41469 -1.54972 -3.48432 -1.54972 -3.48432 0.232454 0.534244 0.232454 -0.534244 
1 1 0 26.2108 0.110584 5.41607 -1.54983 -3.48471 -1.54983 -3.48471 0.232584 0.534113 0.232584 -0.534113 
1 1 0 26.2158 0.110584 5.41745 -1.54994 -3.48511 -1.54994 -3.48511 0.232715 0.533983 0.232715 -0.533983 
1 1 0 26.2208 0.110584 5.41883 -1.55005 -3.4855 -1.55005 -3.4855 0.232846 0.533851 0.232846 -0.533851 
1 1 0 26.2258 0.110584 5.42022 -1.55016 -3.48589 -1.55016 -3.48589 0.232978 0.53372 0.232978 -0.53372 
1 1 0 26.2308 0.110584 5.42162 -1.55027 -3.48629 -1.55027 -3.48629 0.23311 0.533589 0.23311 -0.533589 
1 1 0 26.2357 0.110584 5.42302 -1.55038 -3.48668 -1.55038 -3.48668 0.233242 0.533457 0.233242 -0.533457 
1 1 0 26.2407 0.110584 5.42442 -1.55049 -3.48708 -1.55049 -3.48708 0.233375 0.533325 0.233375 -0.533325 
1 1 0 26.2457 0.110584 5.42583 -1.5506 -3.48747 -1.5506 -3.48747 0.233508 0.533193 0.233508 -0.533193 
1 1 0 26.2507 0.110584 5.42724 -1.55071 -3.48787 -1.55071 -3.48787 0.233641 0.53306 0.233641 -0.53306 
1 1 0 26.2557 0.110584 5.42866 -1.55082 -3.48826 -1.55082 -3.48826 0.233775 0.532928 0.233775 -0.532928 
1 1 0 26.2607 0.110584 5.43008 -1.55093 -3.48866 -1.55093 -3.48866 0.233909 0.532795 0.233909 -0.532795 
1 1 0 26.2656 0.110584 5.4315 -1.55104 -3.48905 -1.55104 -3.48905 0.234044 0.532662 0.234044 -0.532662 
1 1 0 26.2706 0.110584 5.43293 -1.55115 -3.48945 -1.55115 -3.48945 0.234179 0.532529 0.234179 -0.532529 
1 1 0 26.2756 0.110584 5.43437 -1.55126 -3.48984 -1.55126 -3.48984 0.234314 0.532395 0.234314 -0.532395 
1 1 0 26.2806 0.110584 5.43581 -1.55137 -3.49024 -1.55137 -3.49024 0.23445 0.532262 0.23445 -0.532262 
1 1 0 26.2856 0.110584 5.43725 -1.55148 -3.49064 -1.55148 -3.49064 0.234586 0.532128 0.234586 -0.532128 
1 1 0 26.2906 0.110584 5.4387 -1.55158 -3.49103 -1.55158 -3.49103 0.234723 0.531994 0.234723 -0.531994 
1 1 0 26.2955 0.110584 5.44015 -1.55169 -3.49143 -1.55169 -3.49143 0.23486 0.531859 0.23486 -0.531859 
1 1 0 26.3005 0.110584 5.44161 -1.5518 -3.49183 -1.5518 -3.49183 0.234997 0.531725 0.234997 -0.531725 
1 1 0 26.3055 0.110584 5.44307 -1.55191 -3.49222 -1.55191 -3.49222 0.235134 0.53159 0.235134 -0.53159 
1 1 0 26.3105 0.110584 5.44454 -1.55202 -3.49262 -1.55202 -3.49262 0.235272 0.531455 0.235272 -0.531455 
1 1 0 26.3155 0.110584 5.44601 -1.55213 -3.49302 -1.55213 -3.49302 0.235411 0.53132 0.235411 -0.53132 
1 1 0 26.3204 0.110584 5.44749 -1.55224 -3.49341 -1.55224 -3.49341 0.235549 0.531184 0.235549 -0.531184 
1 1 0 26.3254 0.110584 5.44897 -1.55235 -3.49381 -1.55235 -3.49381 0.235689 0.531049 0.235689 -0.531049 
1 1 0 26.3304 0.110584 5.45046 -1.55246 -3.49421 -1.55246 -3.49421 0.235828 0.530913 0.235828 -0.530913 
1 1 0 26.3354 0.110584 5.45195 -1.55256 -3.49461 -1.55256 -3.49461 0.235968 0.530777 0.235968 -0.530777 
1 1 0 26.3404 0.110584 5.45344 -1.55267 -3.495 -1.55267 -3.495 0.236108 0.53064 0.236108 -0.53064 
1 1 0 26.3454 0.110584 5.45494 -1.55278 -3.4954 -1.55278 -3.4954 0.236249 0.530504 0.236249 -0.530504 
1 1 0 26.3503 0.110584 5.45645 -1.55289 -3.4958 -1.55289 -3.4958 0.23639 0.530367 0.23639 -0.530367 
1 1 0 26.3553 0.110584 5.45796 -1.553 -3.4962 -1.553 -3.4962 0.236531 0.53023 0.236531 -0.53023 
1 1 0 26.3603 0.110584 5.45947 -1.55311 -3.4966 -1.55311 -3.4966 0.236673 0.530093 0.236673 -0.530093 
1 1 0 26.3653 0.110584 5.46099 -1.55321 -3.497 -1.55321 -3.497 0.236815 0.529955 0.236815 -0.529955 
1 1 0 26.3703 0.110584 5.46251 -1.55332 -3.4974 -1.55332 -3.4974 0.236957 0.529817 0.236957 -0.529817 
1 1 0 26.3753 0.110584 5.46404 -1.55343 -3.49779 -1.55343 -3.49779 0.2371 0.52968 0.2371 -0.52968 
1 1 0 26.3802 0.110584 5.46558 -1.55354 -3.49819 -1.55354 -3.49819 0.237244 0.529541 0.237244 -0.529541 
1 1 0 26.3852 0.110584 5.46711 -1.55365 -3.49859 -1.55365 -3.49859 0.237387 0.529403 0.237387 -0.529403 
1 1 0 26.3902 0.110584 5.46866 -1.55375 -3.49899 -1.55375 -3.49899 0.237531 0.529264 0.237531 -0.529264 
1 1 0 26.3952 0.110584 5.4702 -1.55386 -3.49939 -1.55386 -3.49939 0.237676 0.529126 0.237676 -0.529126 
1 1 0 26.4002 0.110584 5.47176 -1.55397 -3.49979 -1.55397 -3.49979 0.23782 0.528986 0.23782 -0.528986 
1 1 0 26.4052 0.110584 5.47331 -1.55408 -3.50019 -1.55408 -3.50019 0.237965 0.528847 0.237965 -0.528847 
1 1 0 26.4101 0.110584 5.47488 -1.55419 -3.50059 -1.55419 -3.50059 0.238111 0.528708 0.238111 -0.528708 
1 1 0 26.4151 0.110584 5.47644 -1.55429 -3.50099 -1.55429 -3.50099 0.238257 0.528568 0.238257 -0.528568 
1 1 0 26.4201 0.110584 5.47802 -1.5544 -3.50139 -1.5544 -3.50139 0.238403 0.528428 0.238403 -0.528428 
1 1 0 26.4251 0.110584 5.47959 -1.55451 -3.50179 -1.55451 -3.50179 0.23855 0.528288 0.23855 -0.528288 
1 1 0 26.4301 0.110584 5.48118 -1.55462 -3.50219 -1.55462 -3.50219 0.238697 0.528147 0.238697 -0.528147 
1 1 0 26.4351 0.110584 5.48276 -1.55472 -3.50259 -1.55472 -3.50259 0.238844 0.528006 0.238844 -0.528006 
1 1 0 26.44 0.110584 5.48435 -1.55483 -3.50299 -1.55483 -3.50299 0.238992 0.527865 0.238992 -0.527865 
1 1 0 26.445 0.110584 5.48595 -1.55494 -3.5034 -1.55494 -3.5034 0.23914 0.527724 0.23914 -0.527724 
1 1 0 26.45 0.110584 5.48755 -1.55505 -3.5038 -1.55505 -3.5038 0.239289 0.527583 0.239289 -0.527583 
1 1 0 26.455 0.110584 5.48916 -1.55515 -3.5042 -1.55515 -3.5042 0.239438 0.527441 0.239438 -0.527441 
1 1 0 26.46 0.110584 5.49077 -1.55526 -3.5046 -1.55526 -3.5046 0.239587 0.527299 0.239587 -0.527299 
1 1 0 26.465 0.110584 5.49239 -1.55537 -3.505 -1.55537 -3.505 0.239737 0.527157 0.239737 -0.527157 
1 1 0 26.4699 0.110584 5.49401 -1.55548 -3.5054 -1.55548 -3.5054 0.239887 0.527015 0.239887 -0.527015 
1 1 0 26.4749 0.110584 5.49564 -1.55558 -3.50581 -1.55558 -3.50581 0.240037 0.526872 0.240037 -0.526872 
1 1 0 26.4799 0.110584 5.49727 -1.55569 -3.50621 -1.55569 -3.50621 0.240188 0.526729 0.240188 -0.526729 
1 1 0 26.4849 0.110584 5.4989 -1.5558 -3.50661 -1.5558 -3.50661 0.240339 0.526586 0.240339 -0.526586 
1 1 0 26.4899 0.110584 5.50055 -1.5559 -3.50701 -1.5559 -3.50701 0.240491 0.526443 0.240491 -0.526443 
1 1 0 26.4948 0.110584 5.50219 -1.55601 -3.50742 -1.55601 -3.50742 0.240642 0.526299 0.240642 -0.526299 
1 1 0 26.4998 0.110584 5.50384 -1.55612 -3.50782 -1.55612 -3.50782 0.240795 0.526156 0.240795 -0.526156 
1 1 0 26.5048 0.110584 5.5055 -1.55622 -3.50822 -1.55622 -3.50822 0.240947 0.526012 0.240947 -0.526012 
1 1 0 26.5098 0.110584 5.50716 -1.55633 -3.50863 -1.55633 -3.50863 0.241101 0.525867 0.241101 -0.525867 
1 1 0 26.5148 0.110584 5.50883 -1.55644 -3.50903 -1.55644 -3.50903 0.241254 0.525723 0.241254 -0.525723 
1 1 0 26.5198 0.110584 5.5105 -1.55654 -3.50943 -1.55654 -3.50943 0.241408 0.525578 0.241408 -0.525578 
1 1 0 26.5247 0.110584 5.51218 -1.55665 -3.50984 -1.55665 -3.50984 0.241562 0.525433 0.241562 -0.525433 
1 1 0 26.5297 0.110584 5.51386 -1.55676 -3.51024 -1.55676 -3.51024 0.241717 0.525288 0.241717 -0.525288 
1 1 0 26.5347 0.110584 5.51555 -1.55686 -3.51064 -1.55686 -3.51064 0.241872 0.525142 0.241872 -0.525142 
1 1 0 26.5397 0.110584 5.51724 -1.55697 -3.51105 -1.55697 -3.51105 0.242027 0.524996 0.242027 -0.524996 
1 1 0 26.5447 0.110584 5.51894 -1.55708 -3.51145 -1.55708 -3.51145 0.242183 0.52485 0.242183 -0.52485 
1 1 0 26.5497 0.110584 5.52064 -1.55718 -3.51186 -1.55718 -3.51186 0.242339 0.524704 0.242339 -0.524704 
1 1 0 26.5546 0.110584 5.52235 -1.55729 -3.51226 -1.55729 -3.51226 0.242495 0.524558 0.242495 -0.524558 
1 1 0 26.5596 0.110584 5.52407 -1.5574 -3.51267 -1.5574 -3.51267 0.242652 0.524411 0.242652 -0.524411 
1 1 0 26.5646 0.110584 5.52579 -1.5575 -3.51307 -1.5575 -3.51307 0.242809 0.524264 0.242809 -0.524264 
1 1 0 26.5696 0.110584 5.52751 -1.55761 -3.51348 -1.55761 -3.51348 0.242967 0.524117 0.242967 -0.524117 
1 1 0 26.5746 0.110584 5.52924 -1.55771 -3.51388 -1.55771 -3.51388 0.243125 0.523969 0.243125 -0.523969 
1 1 0 26.5795 0.110584 5.53097 -1.55782 -3.51429 -1.55782 -3.51429 0.243283 0.523821 0.243283 -0.523821 
1 1 0 26.5845 0.110584 5.53271 -1.55793 -3.51469 -1.55793 -3.51469 0.243442 0.523673 0.243442 -0.523673 
1 1 0 26.5895 0.110584 5.53446 -1.55803 -3.5151 -1.55803 -3.5151 0.243601 0.523525 0.243601 -0.523525 
1 1 0 26.5945 0.110584 5.53621 -1.55814 -3.51551 -1.55814 -3.51551 0.243761 0.523377 0.243761 -0.523377 
1 1 0 26.5995 0.110584 5.53797 -1.55824 -3.51591 -1.55824 -3.51591 0.243921 0.523228 0.243921 -0.523228 
1 1 0 26.6045 0.110584 5.53973 -1.55835 -3.51632 -1.55835 -3.51632 0.244081 0.523079 0.244081 -0.523079 
1 1 0 26.6094 0.110584 5.5415 -1.55845 -3.51673 -1.55845 -3.51673 0.244242 0.52293 0.244242 -0.52293 
1 1 0 26.6144 0.110584 5.54327 -1.55856 -3.51713 -1.55856 -3.51713 0.244403 0.52278 0.244403 -0.52278 
1 1 0 26.6194 0.110584 5.54504 -1.55867 -3.51754 -1.55867 -3.51754 0.244564 0.52263 0.244564 -0.52263 
1 1 0 26.6244 0.110584 5.54683 -1.55877 -3.51795 -1.55877 -3.51795 0.244726 0.52248 0.244726 -0.52248 
1 1 0 26.6294 0.110584 5.54862 -1.55888 -3.51835 -1.55888 -3.51835 0.244888 0.52233 0.244888 -0.52233 
1 1 0 26.6344 0.110584 5.55041 -1.55898 -3.51876 -1.55898 -3.51876 0.245051 0.52218 0.245051 -0.52218 
1 1 0 26.6393 0.110584 5.55221 -1.55909 -3.51917 -1.55909 -3.51917 0.245214 0.522029 0.245214 -0.522029 
1 1 0 26.6443 0.110584 5.55401 -1.55919 -3.51958 -1.55919 -3.51958 0.245377 0.521878 0.245377 -0.521878 
1 1 0 26.6493 0.110584 5.55582 -1.5593 -3.51998 -1.5593 -3.51998 0.245541 0.521726 0.245541 -0.521726 
1 1 0 26.6543 0.110584 5.55764 -1.5594 -3.52039 -1.5594 -3.52039 0.245705 0.521575 0.245705 -0.521575 
1 1 0 26.6593 0.110584 5.55946 -1.55951 -3.5208 -1.55951 -3.5208 0.245869 0.521423 0.245869 -0.521423 
1 1 0 26.6642 0.110584 5.56129 -1.55961 -3.52121 -1.55961 -3.52121 0.246034 0.521271 0.246034 -0.521271 
1 1 0 26.6692 0.110584 5.56312 -1.55972 -3.52162 -1.55972 -3.52162 0.246199 0.521118 0.246199 -0.521118 
1 1 0 26.6742 0.110584 5.56496 -1.55982 -3.52202 -1.55982 -3.52202 0.246365 0.520966 0.246365 -0.520966 
1 1 0 26.6792 0.110584 5.5668 -1.55993 -3.52243 -1.55993 -3.52243 0.246531 0.520813 0.246531 -0.520813 
1 1 0 26.6842 0.110584 5.56865 -1.56003 -3.52284 -1.56003 -3.52284 0.246697 0.52066 0.246697 -0.52066 
1 1 0 26.6892 0.110584 5.5705 -1.56014 -3.52325 -1.56014 -3.52325 0.246864 0.520506 0.246864 -0.520506 
1 1 0 26.6941 0.110584 5.57236 -1.56024 -3.52366 -1.56024 -3.52366 0.247031 0.520353 0.247031 -0.520353 
1 1 0 26.6991 0.110584 5.57423 -1.56035 -3.52407 -1.56035 -3.52407 0.247199 0.520199 0.247199 -0.520199 
1 1 0 26.7041 0.110584 5.5761 -1.56045 -3.52448 -1.56045 -3.52448 0.247367 0.520045 0.247367 -0.520045 
1 1 0 26.7091 0.110584 5.57798 -1.56056 -3.52489 -1.56056 -3.52489 0.247535 0.51989 0.247535 -0.51989 
1 1 0 26.7141 0.110584 5.57986 -1.56066 -3.5253 -1.56066 -3.5253 0.247703 0.519735 0.247703 -0.519735 
1 1 0 26.7191 0.110584 5.58175 -1.56076 -3.52571 -1.56076 -3.52571 0.247873 0.51958 0.247873 -0.51958 
1 1 0 26.724 0.110584 5.58364 -1.56087 -3.52612 -1.56087 -3.52612 0.248042 0.519425 0.248042 -0.519425 
1 1 0 26.729 0.110584 5.58554 -1.56097 -3.52653 -1.56097 -3.52653 0.248212 0.519269 0.248212 -0.519269 
1 1 0 26.734 0.110584 5.58745 -1.56108 -3.52694 -1.56108 -3.52694 0.248382 0.519114 0.248382 -0.519114 
1 1 0 26.739 0.110584 5.58936 -1.56118 -3.52735 -1.56118 -3.52735 0.248553 0.518958 0.248553 -0.518958 
1 1 0 26.744 0.110584 5.59128 -1.56129 -3.52776 -1.56129 -3.52776 0.248724 0.518801 0.248724 -0.518801 
1 1 0 26.7489 0.110584 5.5932 -1.56139 -3.52817 -1.56139 -3.52817 0.248895 0.518645 0.248895 -0.518645 
1 1 0 26.7539 0.110584 5.59513 -1.56149 -3.52859 -1.56149 -3.52859 0.249067 0.518488 0.249067 -0.518488 
1 1 0 26.7589 0.110584 5.59706 -1.5616 -3.529 -1.5616 -3.529 0.249239 0.51833 0.249239 -0.51833 
1 1 0 26.7639 0.110584 5.599 -1.5617 -3.52941 -1.5617 -3.52941 0.249411 0.518173 0.249411 -0.518173 
1 1 0 26.7689 0.110584 5.60095 -1.56181 -3.52982 -1.56181 -3.52982 0.249584 0.518015 0.249584 -0.518015 
1 1 0 26.7739 0.110584 5.6029 -1.56191 -3.53023 -1.56191 -3.53023 0.249757 0.517857 0.249757 -0.517857 
1 1 0 26.7788 0.110584 5.60486 -1.56201 -3.53064 -1.56201 -3.53064 0.249931 0.517699 0.249931 -0.517699 
1 1 0 26.7838 0.110584 5.60682 -1.56212 -3.53106 -1.56212 -3.53106 0.250105 0.51754 0.250105 -0.51754 
1 1 0 26.7888 0.110584 5.60879 -1.56222 -3.53147 -1.56222 -3.53147 0.25028 0.517382 0.25028 -0.517382 
1 1 0 26.7938 0.110584 5.61077 -1.56232 -3.53188 -1.56232 -3.53188 0.250454 0.517222 0.250454 -0.517222 
1 1 0 26.7988 0.110584 5.61275 -1.56243 -3.53229 -1.56243 -3.53229 0.250629 0.517063 0.250629 -0.517063 
1 1 0 26.8037 0.110584 5.61473 -1.56253 -3.53271 -1.56253 -3.53271 0.250805 0.516903 0.250805 -0.516903 
1 1 0 26.8087 0.110584 5.61673 -1.56263 -3.53312 -1.56263 -3.53312 0.250981 0.516743 0.250981 -0.516743 
1 1 0 26.8137 0.110584 5.61873 -1.56274 -3.53353 -1.56274 -3.53353 0.251157 0.516583 0.251157 -0.516583 
1 1 0 26.8187 0.110584 5.62073 -1.56284 -3.53395 -1.56284 -3.53395 0.251334 0.516423 0.251334 -0.516423 
1 1 0 26.8237 0.110584 5.62274 -1.56294 -3.53436 -1.56294 -3.53436 0.251511 0.516262 0.251511 -0.516262 
1 1 0 26.8287 0.110584 5.62476 -1.56305 -3.53477 -1.56305 -3.53477 0.251689 0.516101 0.251689 -0.516101 
1 1 0 26.8336 0.110584 5.62678 -1.56315 -3.53519 -1.56315 -3.53519 0.251867 0.515939 0.251867 -0.515939 
1 1 0 26.8386 0.110584 5.62881 -1.56325 -3.5356 -1.56325 -3.5356 0.252045 0.515778 0.252045 -0.515778 
1 1 0 26.8436 0.110584 5.63085 -1.56336 -3.53602 -1.56336 -3.53602 0.252224 0.515616 0.252224 -0.515616 
1 1 0 26.8486 0.110584 5.63289 -1.56346 -3.53643 -1.56346 -3.53643 0.252403 0.515454 0.252403 -0.515454 
1 1 0 26.8536 0.110584 5.63494 -1.56356 -3.53684 -1.56356 -3.53684 0.252582 0.515291 0.252582 -0.515291 
1 1 0 26.8585 0.110584 5.63699 -1.56367 -3.53726 -1.56367 -3.53726 0.252762 0.515128 0.252762 -0.515128 
1 1 0 26.8635 0.110584 5.63905 -1.56377 -3.53767 -1.56377 -3.53767 0.252942 0.514965 0.252942 -0.514965 
1 1 0 26.8685 0.110584 5.64112 -1.56387 -3.53809 -1.56387 -3.53809 0.253123 0.514802 0.253123 -0.514802 
1 1 0 26.8735 0.110584 5.64319 -1.56397 -3.5385 -1.56397 -3.5385 0.253304 0.514638 0.253304 -0.514638 
1 1 0 26.8785 0.110584 5.64527 -1.56408 -3.53892 -1.56408 -3.53892 0.253485 0.514474 0.253485 -0.514474 
1 1 0 26.8835 0.110584 5.64735 -1.56418 -3.53934 -1.56418 -3.53934 0.253667 0.51431 0.253667 -0.51431 
1 1 0 26.8884 0.110584 5.64945 -1.56428 -3.53975 -1.56428 -3.53975 0.253849 0.514145 0.253849 -0.514145 
1 1 0 26.8934 0.110584 5.65154 -1.56438 -3.54017 -1.56438 -3.54017 0.254031 0.513981 0.254031 -0.513981 
1 1 0 26.8984 0.110584 5.65365 -1.56449 -3.54058 -1.56449 -3.54058 0.254214 0.513815 0.254214 -0.513815 
1 1 0 26.9034 0.110584 5.65576 -1.56459 -3.541 -1.56459 -3.541 0.254398 0.51365 0.254398 -0.51365 
1 1 0 26.9084 0.110584 5.65787 -1.56469 -3.54142 -1.56469 -3.54142 0.254581 0.513484 0.254581 -0.513484 
1 1 0 26.9133 0.110584 5.66 -1.56479 -3.54183 -1.56479 -3.54183 0.254765 0.513318 0.254765 -0.513318 
1 1 0 26.9183 0.110584 5.66212 -1.56489 -3.54225 -1.56489 -3.54225 0.25495 0.513152 0.25495 -0.513152 
1 1 0 26.9233 0.110584 5.66426 -1.565 -3.54267 -1.565 -3.54267 0.255135 0.512985 0.255135 -0.512985 
1 1 0 26.9283 0.110584 5.6664 -1.5651 -3.54308 -1.5651 -3.54308 0.25532 0.512818 0.25532 -0.512818 
1 1 0 26.9333 0.110584 5.66855 -1.5652 -3.5435 -1.5652 -3.5435 0.255506 0.512651 0.255506 -0.512651 
1 1 0 26.9382 0.110584 5.67071 -1.5653 -3.54392 -1.5653 -3.54392 0.255692 0.512484 0.255692 -0.512484 
1 1 0 26.9432 0.110584 5.67287 -1.5654 -3.54433 -1.5654 -3.54433 0.255878 0.512316 0.255878 -0.512316 
1 1 0 26.9482 0.110584 5.67503 -1.56551 -3.54475 -1.56551 -3.54475 0.256065 0.512148 0.256065 -0.512148 
1 1 0 26.9532 0.110584 5.67721 -1.56561 -3.54517 -1.56561 -3.54517 0.256252 0.511979 0.256252 -0.511979 
1 1 0 26.9582 0.110584 5.67939 -1.56571 -3.54559 -1.56571 -3.54559 0.25644 0.511811 0.25644 -0.511811 
1 1 0 26.9632 0.110584 5.68158 -1.56581 -3.54601 -1.56581 -3.54601 0.256628 0.511641 0.256628 -0.511641 
1 1 0 26.9681 0.110584 5.68377 -1.56591 -3.54643 -1.56591 -3.54643 0.256816 0.511472 0.256816 -0.511472 
1 1 0 26.9731 0.110584 5.68597 -1.56601 -3.54684 -1.56601 -3.54684 0.257005 0.511303 0.257005 -0.511303 
1 1 0 26.9781 0.110584 5.68818 -1.56612 -3.54726 -1.56612 -3.54726 0.257194 0.511133 0.257194 -0.511133 
1 1 0 26.9831 0.110584 5.69039 -1.56622 -3.54768 -1.56622 -3.54768 0.257384 0.510962 0.257384 -0.510962 
1 1 0 26.9881 0.110584 5.69261 -1.56632 -3.5481 -1.56632 -3.5481 0.257574 0.510792 0.257574 -0.510792 
1 1 0 26.993 0.110584 5.69484 -1.56642 -3.54852 -1.56642 -3.54852 0.257764 0.510621 0.257764 -0.510621 
1 1 0 26.998 0.110584 5.69707 -1.56652 -3.54894 -1.56652 -3.54894 0.257955 0.51045 0.257955 -0.51045 
1 1 0 27.003 0.110584 5.69931 -1.56662 -3.54936 -1.56662 -3.54936 0.258146 0.510278 0.258146 -0.510278 
1 1 0 27.008 0.110584 5.70156 -1.56672 -3.54978 -1.56672 -3.54978 0.258337 0.510106 0.258337 -0.510106 
1 1 0 27.013 0.110584 5.70381 -1.56682 -3.5502 -1.56682 -3.5502 0.258529 0.509934 0.258529 -0.509934 
1 1 0 27.018 0.110584 5.70607 -1.56693 -3.55062 -1.56693 -3.55062 0.258721 0.509762 0.258721 -0.509762 
1 1 0 27.0229 0.110584 5.70834 -1.56703 -3.55104 -1.56703 -3.55104 0.258914 0.509589 0.258914 -0.509589 
1 1 0 27.0279 0.110584 5.71062 -1.56713 -3.55146 -1.56713 -3.55146 0.259107 0.509416 0.259107 -0.509416 
1 1 0 27.0329 0.110584 5.7129 -1.56723 -3.55188 -1.56723 -3.55188 0.259301 0.509243 0.259301 -0.509243 
1 1 0 27.0379 0.110584 5.71518 -1.56733 -3.5523 -1.56733 -3.5523 0.259494 0.509069 0.259494 -0.509069 
1 1 0 27.0429 0.110584 5.71748 -1.56743 -3.55272 -1.56743 -3.55272 0.259689 0.508895 0.259689 -0.508895 
1 1 0 27.0478 0.110584 5.71978 -1.56753 -3.55314 -1.56753 -3.55314 0.259883 0.508721 0.259883 -0.508721 
1 1 0 27.0528 0.110584 5.72209 -1.56763 -3.55356 -1.56763 -3.55356 0.260078 0.508546 0.260078 -0.508546 
1 1 0 27.0578 0.110584 5.7244 -1.56773 -3.55399 -1.56773 -3.55399 0.260274 0.508371 0.260274 -0.508371 
1 1 0 27.0628 0.110584 5.72673 -1.56783 -3.55441 -1.56783 -3.55441 0.26047 0.508196 0.26047 -0.508196 
1 1 0 27.0678 0.110584 5.72906 -1.56793 -3.55483 -1.56793 -3.55483 0.260666 0.50802 0.260666 -0.50802 
1 1 0 27.0727 0.110584 5.73139 -1.56803 -3.55525 -1.56803 -3.55525 0.260862 0.507844 0.260862 -0.507844 
1 1 0 27.0777 0.110584 5.73374 -1.56813 -3.55567 -1.56813 -3.55567 0.261059 0.507668 0.261059 -0.507668 
1 1 0 27.0827 0.110584 5.73609 -1.56823 -3.5561 -1.56823 -3.5561 0.261257 0.507491 0.261257 -0.507491 
1 1 0 27.0877 0.110584 5.73844 -1.56833 -3.55652 -1.56833 -3.55652 0.261455 0.507314 0.261455 -0.507314 
1 1 0 27.0927 0.110584 5.74081 -1.56843 -3.55694 -1.56843 -3.55694 0.261653 0.507137 0.261653 -0.507137 
1 1 0 27.0977 0.110584 5.74318 -1.56853 -3.55736 -1.56853 -3.55736 0.261851 0.506959 0.261851 -0.506959 
1 1 0 27.1026 0.110584 5.74556 -1.56863 -3.55779 -1.56863 -3.55779 0.26205 0.506782 0.26205 -0.506782 
1 1 0 27.1076 0.110584 5.74795 -1.56873 -3.55821 -1.56873 -3.55821 0.26225 0.506603 0.26225 -0.506603 
1 1 0 27.1126 0.110584 5.75034 -1.56883 -3.55863 -1.56883 -3.55863 0.26245 0.506425 0.26245 -0.506425 
1 1 0 27.1176 0.110584 5.75274 -1.56893 -3.55906 -1.56893 -3.55906 0.26265 0.506246 0.26265 -0.506246 
1 1 0 27.1226 0.110584 5.75515 -1.56903 -3.55948 -1.56903 -3.55948 0.26285 0.506067 0.26285 -0.506067 
1 1 0 27.1275 0.110584 5.75756 -1.56913 -3.5599 -1.56913 -3.5599 0.263051 0.505887 0.263051 -0.505887 
1 1 0 27.1325 0.110584 5.75999 -1.56923 -3.56033 -1.56923 -3.56033 0.263253 0.505707 0.263253 -0.505707 
1 1 0 27.1375 0.110584 5.76242 -1.56933 -3.56075 -1.56933 -3.56075 0.263455 0.505527 0.263455 -0.505527 
1 1 0 27.1425 0.110584 5.76485 -1.56943 -3.56118 -1.56943 -3.56118 0.263657 0.505346 0.263657 -0.505346 
1 1 0 27.1475 0.110584 5.7673 -1.56953 -3.5616 -1.56953 -3.5616 0.263859 0.505166 0.263859 -0.505166 
1 1 0 27.1524 0.110584 5.76975 -1.56963 -3.56203 -1.56963 -3.56203 0.264062 0.504984 0.264062 -0.504984 
1 1 0 27.1574 0.110584 5.77221 -1.56973 -3.56245 -1.56973 -3.56245 0.264266 0.504803 0.264266 -0.504803 
1 1 0 27.1624 0.110584 5.77467 -1.56983 -3.56288 -1.56983 -3.56288 0.264469 0.504621 0.264469 -0.504621 
1 1 0 27.1674 0.110584 5.77715 -1.56993 -3.5633 -1.56993 -3.5633 0.264674 0.504439 0.264674 -0.504439 
1 1 0 27.1724 0.110584 5.77963 -1.57003 -3.56373 -1.57003 -3.56373 0.264878 0.504256 0.264878 -0.504256 
1 1 0 27.1773 0.110584 5.78212 -1.57013 -3.56415 -1.57013 -3.56415 0.265083 0.504073 0.265083 -0.504073 
1 1 0 27.1823 0.110584 5.78462 -1.57023 -3.56458 -1.57023 -3.56458 0.265288 0.50389 0.265288 -0.50389 
1 1 0 27.1873 0.110584 5.78712 -1.57032 -3.565 -1.57032 -3.565 0.265494 0.503706 0.265494 -0.503706 
1 1 0 27.1923 0.110584 5.78963 -1.57042 -3.56543 -1.57042 -3.56543 0.2657 0.503522 0.2657 -0.503522 
1 1 0 27.1973 0.110584 5.79215 -1.57052 -3.56586 -1.57052 -3.56586 0.265907 0.503338 0.265907 -0.503338 
1 1 0 27.2023 0.110584 5.79468 -1.57062 -3.56628 -1.57062 -3.56628 0.266114 0.503153 0.266114 -0.503153 
1 1 0 27.2072 0.110584 5.79721 -1.57072 -3.56671 -1.57072 -3.56671 0.266321 0.502968 0.266321 -0.502968 
1 1 0 27.2122 0.110584 5.79975 -1.57082 -3.56714 -1.57082 -3.56714 0.266529 0.502783 0.266529 -0.502783 
1 1 0 27.2172 0.110584 5.80231 -1.57092 -3.56756 -1.57092 -3.56756 0.266737 0.502597 0.266737 -0.502597 
1 1 0 27.2222 0.110584 5.80486 -1.57102 -3.56799 -1.57102 -3.56799 0.266946 0.502411 0.266946 -0.502411 
1 1 0 27.2272 0.110584 5.80743 -1.57111 -3.56842 -1.57111 -3.56842 0.267155 0.502224 0.267155 -0.502224 
1 1 0 27.2321 0.110584 5.81 -1.57121 -3.56884 -1.57121 -3.56884 0.267364 0.502038 0.267364 -0.502038 
1 1 0 27.2371 0.110584 5.81258 -1.57131 -3.56927 -1.57131 -3.56927 0.267574 0.50185 0.267574 -0.50185 
1 1 0 27.2421 0.110584 5.81517 -1.57141 -3.5697 -1.57141 -3.5697 0.267784 0.501663 0.267784 -0.501663 
1 1 0 27.2471 0.110584 5.81777 -1.57151 -3.57013 -1.57151 -3.57013 0.267995 0.501475 0.267995 -0.501475 
1 1 0 27.2521 0.110584 5.82037 -1.57161 -3.57056 -1.57161 -3.57056 0.268206 0.501287 0.268206 -0.501287 
1 1 0 27.257 0.110584 5.82299 -1.5717 -3.57098 -1.5717 -3.57098 0.268417 0.501098 0.268417 -0.501098 
1 1 0 27.262 0.110584 5.82561 -1.5718 -3.57141 -1.5718 -3.57141 0.268629 0.500909 0.268629 -0.500909 
1 1 0 27.267 0.110584 5.82824 -1.5719 -3.57184 -1.5719 -3.57184 0.268841 0.50072 0.268841 -0.50072 
1 1 0 27.272 0.110584 5.83087 -1.572 -3.57227 -1.572 -3.57227 0.269054 0.50053 0.269054 -0.50053 
1 1 0 27.277 0.110584 5.83352 -1.5721 -3.5727 -1.5721 -3.5727 0.269267 0.50034 0.269267 -0.50034 
1 1 0 27.2819 0.110584 5.83617 -1.57219 -3.57313 -1.57219 -3.57313 0.26948 0.50015 0.26948 -0.50015 
1 1 0 27.2869 0.110584 5.83883 -1.57229 -3.57356 -1.57229 -3.57356 0.269694 0.499959 0.269694 -0.499959 
1 1 0 27.2919 0.110584 5.8415 -1.57239 -3.57399 -1.57239 -3.57399 0.269908 0.499768 0.269908 -0.499768 
1 1 0 27.2969 0.110584 5.84418 -1.57249 -3.57442 -1.57249 -3.57442 0.270123 0.499577 0.270123 -0.499577 
1 1 0 27.3019 0.110584 5.84686 -1.57259 -3.57485 -1.57259 -3.57485 0.270338 0.499385 0.270338 -0.499385 
1 1 0 27.3068 0.110584 5.84956 -1.57268 -3.57528 -1.57268 -3.57528 0.270553 0.499192 0.270553 -0.499192 
1 1 0 27.3118 0.110584 5.85226 -1.57278 -3.57571 -1.57278 -3.57571 0.270769 0.499 0.270769 -0.499 
1 1 0 27.3168 0.110584 5.85497 -1.57288 -3.57614 -1.57288 -3.57614 0.270985 0.498807 0.270985 -0.498807 
1 1 0 27.3218 0.110584 5.85769 -1.57297 -3.57657 -1.57297 -3.57657 0.271202 0.498614 0.271202 -0.498614 
1 1 0 27.3268 0.110584 5.86042 -1.57307 -3.577 -1.57307 -3.577 0.271419 0.49842 0.271419 -0.49842 
1 1 0 27.3317 0.110584 5.86315 -1.57317 -3.57743 -1.57317 -3.57743 0.271637 0.498226 0.271637 -0.498226 
1 1 0 27.3367 0.110584 5.8659 -1.57327 -3.57786 -1.57327 -3.57786 0.271855 0.498031 0.271855 -0.498031 
1 1 0 27.3417 0.110584 5.86865 -1.57336 -3.57829 -1.57336 -3.57829 0.272073 0.497836 0.272073 -0.497836 
1 1 0 27.3467 0.110584 5.87141 -1.57346 -3.57872 -1.57346 -3.57872 0.272292 0.497641 0.272292 -0.497641 
1 1 0 27.3517 0.110584 5.87418 -1.57356 -3.57916 -1.57356 -3.57916 0.272511 0.497446 0.272511 -0.497446 
1 1 0 27.3566 0.110584 5.87695 -1.57365 -3.57959 -1.57365 -3.57959 0.27273 0.49725 0.27273 -0.49725 
1 1 0 27.3616 0.110584 5.87974 -1.57375 -3.58002 -1.57375 -3.58002 0.27295 0.497053 0.27295 -0.497053 
1 1 0 27.3666 0.110584 5.88254 -1.57385 -3.58045 -1.57385 -3.58045 0.273171 0.496856 0.273171 -0.496856 
1 1 0 27.3716 0.110584 5.88534 -1.57394 -3.58088 -1.57394 -3.58088 0.273391 0.496659 0.273391 -0.496659 
1 1 0 27.3766 0.110584 5.88815 -1.57404 -3.58132 -1.57404 -3.58132 0.273613 0.496462 0.273613 -0.496462 
1 1 0 27.3816 0.110584 5.89097 -1.57414 -3.58175 -1.57414 -3.58175 0.273834 0.496264 0.273834 -0.496264 
1 1 0 27.3865 0.110584 5.8938 -1.57423 -3.58218 -1.57423 -3.58218 0.274056 0.496065 0.274056 -0.496065 
1 1 0 27.3915 0.110584 5.89664 -1.57433 -3.58262 -1.57433 -3.58262 0.274279 0.495867 0.274279 -0.495867 
1 1 0 27.3965 0.110584 5.89949 -1.57443 -3.58305 -1.57443 -3.58305 0.274501 0.495668 0.274501 -0.495668 
1 1 0 27.4015 0.110584 5.90234 -1.57452 -3.58348 -1.57452 -3.58348 0.274725 0.495468 0.274725 -0.495468 
1 1 0 27.4065 0.110584 5.90521 -1.57462 -3.58392 -1.57462 -3.58392 0.274948 0.495268 0.274948 -0.495268 
1 1 0 27.4114 0.110584 5.90808 -1.57472 -3.58435 -1.57472 -3.58435 0.275173 0.495068 0.275173 -0.495068 
1 1 0 27.4164 0.110584 5.91096 -1.57481 -3.58478 -1.57481 -3.58478 0.275397 0.494867 0.275397 -0.494867 
1 1 0 27.4214 0.110584 5.91386 -1.57491 -3.58522 -1.57491 -3.58522 0.275622 0.494666 0.275622 -0.494666 
1 1 0 27.4264 0.110584 5.91676 -1.575 -3.58565 -1.575 -3.58565 0.275847 0.494465 0.275847 -0.494465 
1 1 0 27.4314 0.110584 5.91967 -1.5751 -3.58609 -1.5751 -3.58609 0.276073 0.494263 0.276073 -0.494263 
1 1 0 27.4363 0.110584 5.92258 -1.5752 -3.58652 -1.5752 -3.58652 0.276299 0.494061 0.276299 -0.494061 
1 1 0 27.4413 0.110584 5.92551 -1.57529 -3.58696 -1.57529 -3.58696 0.276526 0.493858 0.276526 -0.493858 
1 1 0 27.4463 0.110584 5.92845 -1.57539 -3.58739 -1.57539 -3.58739 0.276753 0.493655 0.276753 -0.493655 
1 1 0 27.4513 0.110584 5.93139 -1.57548 -3.58783 -1.57548 -3.58783 0.27698 0.493451 0.27698 -0.493451 
1 1 0 27.4563 0.110584 5.93435 -1.57558 -3.58826 -1.57558 -3.58826 0.277208 0.493248 0.277208 -0.493248 
1 1 0 27.4612 0.110584 5.93731 -1.57568 -3.5887 -1.57568 -3.5887 0.277436 0.493043 0.277436 -0.493043 
1 1 0 27.4662 0.110584 5.94029 -1.57577 -3.58913 -1.57577 -3.58913 0.277665 0.492839 0.277665 -0.492839 
1 1 0 27.4712 0.110584 5.94327 -1.57587 -3.58957 -1.57587 -3.58957 0.277894 0.492633 0.277894 -0.492633 
1 1 0 27.4762 0.110584 5.94626 -1.57596 -3.59001 -1.57596 -3.59001 0.278123 0.492428 0.278123 -0.492428 
1 1 0 27.4812 0.110584 5.94926 -1.57606 -3.59044 -1.57606 -3.59044 0.278353 0.492222 0.278353 -0.492222 
1 1 0 27.4861 0.110584 5.95228 -1.57615 -3.59088 -1.57615 -3.59088 0.278584 0.492016 0.278584 -0.492016 
1 1 0 27.4911 0.110584 5.9553 -1.57625 -3.59131 -1.57625 -3.59131 0.278814 0.491809 0.278814 -0.491809 
1 1 0 27.4961 0.110584 5.95833 -1.57634 -3.59175 -1.57634 -3.59175 0.279046 0.491602 0.279046 -0.491602 
1 1 0 27.5011 0.110584 5.96137 -1.57644 -3.59219 -1.57644 -3.59219 0.279277 0.491394 0.279277 -0.491394 
1 1 0 27.5061 0.110584 5.96441 -1.57653 -3.59263 -1.57653 -3.59263 0.279509 0.491186 0.279509 -0.491186 
1 1 0 27.511 0.110584 5.96747 -1.57663 -3.59306 -1.57663 -3.59306 0.279742 0.490978 0.279742 -0.490978 
1 1 0 27.516 0.110584 5.97054 -1.57672 -3.5935 -1.57672 -3.5935 0.279975 0.490769 0.279975 -0.490769 
1 1 0 27.521 0.110584 5.97362 -1.57682 -3.59394 -1.57682 -3.59394 0.280208 0.49056 0.280208 -0.49056 
1 1 0 27.526 0.110584 5.97671 -1.57691 -3.59438 -1.57691 -3.59438 0.280442 0.49035 0.280442 -0.49035 
1 1 0 27.531 0.110584 5.9798 -1.57701 -3.59481 -1.57701 -3.59481 0.280676 0.49014 0.280676 -0.49014 
1 1 0 27.5359 0.110584 5.98291 -1.5771 -3.59525 -1.5771 -3.59525 0.28091 0.489929 0.28091 -0.489929 
1 1 0 27.5409 0.110584 5.98603 -1.5772 -3.59569 -1.5772 -3.59569 0.281145 0.489718 0.281145 -0.489718 
1 1 0 27.5459 0.110584 5.98916 -1.57729 -3.59613 -1.57729 -3.59613 0.281381 0.489507 0.281381 -0.489507 
1 1 0 27.5509 0.110584 5.99229 -1.57739 -3.59657 -1.57739 -3.59657 0.281616 0.489295 0.281616 -0.489295 
1 1 0 27.5559 0.110584 5.99544 -1.57748 -3.59701 -1.57748 -3.59701 0.281853 0.489083 0.281853 -0.489083 
1 1 0 27.5608 0.110584 5.9986 -1.57757 -3.59745 -1.57757 -3.59745 0.282089 0.48887 0.282089 -0.48887 
1 1 0 27.5658 0.110584 6.00176 -1.57767 -3.59789 -1.57767 -3.59789 0.282326 0.488657 0.282326 -0.488657 
1 1 0 27.5708 0.110584 6.00494 -1.57776 -3.59833 -1.57776 -3.59833 0.282564 0.488443 0.282564 -0.488443 
1 1 0 27.5758 0.110584 6.00813 -1.57786 -3.59877 -1.57786 -3.59877 0.282802 0.488229 0.282802 -0.488229 
1 1 0 27.5808 0.110584 6.01132 -1.57795 -3.59921 -1.57795 -3.59921 0.28304 0.488015 0.28304 -0.488015 
1 1 0 27.5857 0.110584 6.01453 -1.57805 -3.59965 -1.57805 -3.59965 0.283279 0.4878 0.283279 -0.4878 
1 1 0 27.5907 0.110584 6.01775 -1.57814 -3.60009 -1.57814 -3.60009 0.283518 0.487584 0.283518 -0.487584 
1 1 0 27.5957 0.110584 6.02098 -1.57823 -3.60053 -1.57823 -3.60053 0.283758 0.487368 0.283758 -0.487368 
1 1 0 27.6007 0.110584 6.02421 -1.57833 -3.60097 -1.57833 -3.60097 0.283998 0.487152 0.283998 -0.487152 
1 1 0 27.6056 0.110584 6.02746 -1.57842 -3.60141 -1.57842 -3.60141 0.284239 0.486936 0.284239 -0.486936 
1 1 0 27.6106 0.110584 6.03072 -1.57851 -3.60185 -1.57851 -3.60185 0.28448 0.486718 0.28448 -0.486718 
1 1 0 27.6156 0.110584 6.03399 -1.57861 -3.60229 -1.57861 -3.60229 0.284721 0.486501 0.284721 -0.486501 
1 1 0 27.6206 0.110584 6.03727 -1.5787 -3.60273 -1.5787 -3.60273 0.284963 0.486283 0.284963 -0.486283 
1 1 0 27.6256 0.110584 6.04056 -1.57879 -3.60317 -1.57879 -3.60317 0.285205 0.486064 0.285205 -0.486064 
1 1 0 27.6305 0.110584 6.04386 -1.57889 -3.60362 -1.57889 -3.60362 0.285448 0.485845 0.285448 -0.485845 
1 1 0 27.6355 0.110584 6.04717 -1.57898 -3.60406 -1.57898 -3.60406 0.285691 0.485626 0.285691 -0.485626 
1 1 0 27.6405 0.110584 6.0505 -1.57907 -3.6045 -1.57907 -3.6045 0.285935 0.485406 0.285935 -0.485406 
1 1 0 27.6455 0.110584 6.05383 -1.57917 -3.60494 -1.57917 -3.60494 0.286179 0.485186 0.286179 -0.485186 
1 1 0 27.6505 0.110584 6.05717 -1.57926 -3.60539 -1.57926 -3.60539 0.286423 0.484965 0.286423 -0.484965 
1 1 0 27.6554 0.110584 6.06053 -1.57935 -3.60583 -1.57935 -3.60583 0.286668 0.484744 0.286668 -0.484744 
1 1 0 27.6604 0.110584 6.06389 -1.57945 -3.60627 -1.57945 -3.60627 0.286913 0.484522 0.286913 -0.484522 
1 1 0 27.6654 0.110584 6.06727 -1.57954 -3.60671 -1.57954 -3.60671 0.287159 0.4843 0.287159 -0.4843 
1 1 0 27.6704 0.110584 6.07066 -1.57963 -3.60716 -1.57963 -3.60716 0.287405 0.484077 0.287405 -0.484077 
1 1 0 27.6754 0.110584 6.07405 -1.57973 -3.6076 -1.57973 -3.6076 0.287652 0.483854 0.287652 -0.483854 
1 1 0 27.6803 0.110584 6.07746 -1.57982 -3.60804 -1.57982 -3.60804 0.287899 0.48363 0.287899 -0.48363 
1 1 0 27.6853 0.110584 6.08088 -1.57991 -3.60849 -1.57991 -3.60849 0.288146 0.483406 0.288146 -0.483406 
1 1 0 27.6903 0.110584 6.08432 -1.58 -3.60893 -1.58 -3.60893 0.288394 0.483182 0.288394 -0.483182 
1 1 0 27.6953 0.110584 6.08776 -1.5801 -3.60938 -1.5801 -3.60938 0.288642 0.482957 0.288642 -0.482957 
1 1 0 27.7003 0.110584 6.09121 -1.58019 -3.60982 -1.58019 -3.60982 0.288891 0.482731 0.288891 -0.482731 
1 1 0 27.7052 0.110584 6.09468 -1.58028 -3.61027 -1.58028 -3.61027 0.28914 0.482505 0.28914 -0.482505 
1 1 0 27.7102 0.110584 6.09815 -1.58037 -3.61071 -1.58037 -3.61071 0.28939 0.482279 0.28939 -0.482279 
1 1 0 27.7152 0.110584 6.10164 -1.58047 -3.61115 -1.58047 -3.61115 0.28964 0.482052 0.28964 -0.482052 
1 1 0 27.7202 0.110584 6.10514 -1.58056 -3.6116 -1.58056 -3.6116 0.289891 0.481824 0.289891 -0.481824 
1 1 0 27.7252 0.110584 6.10865 -1.58065 -3.61205 -1.58065 -3.61205 0.290142 0.481597 0.290142 -0.481597 
1 1 0 27.7301 0.110584 6.11217 -1.58074 -3.61249 -1.58074 -3.61249 0.290393 0.481368 0.290393 -0.481368 
1 1 0 27.7351 0.110584 6.11571 -1.58083 -3.61294 -1.58083 -3.61294 0.290645 0.481139 0.290645 -0.481139 
1 1 0 27.7401 0.110584 6.11925 -1.58093 -3.61338 -1.58093 -3.61338 0.290897 0.48091 0.290897 -0.48091 
1 1 0 27.7451 0.110584 6.12281 -1.58102 -3.61383 -1.58102 -3.61383 0.29115 0.48068 0.29115 -0.48068 
1 1 0 27.7501 0.110584 6.12638 -1.58111 -3.61427 -1.58111 -3.61427 0.291403 0.48045 0.291403 -0.48045 
1 1 0 27.755 0.110584 6.12996 -1.5812 -3.61472 -1.5812 -3.61472 0.291657 0.480219 0.291657 -0.480219 
1 1 0 27.76 0.110584 6.13355 -1.58129 -3.61517 -1.58129 -3.61517 0.291911 0.479987 0.291911 -0.479987 
1 1 0 27.765 0.110584 6.13716 -1.58139 -3.61561 -1.58139 -3.61561 0.292165 0.479756 0.292165 -0.479756 
1 1 0 27.77 0.110584 6.14077 -1.58148 -3.61606 -1.58148 -3.61606 0.29242 0.479523 0.29242 -0.479523 
1 1 0 27.7749 0.110584 6.1444 -1.58157 -3.61651 -1.58157 -3.61651 0.292676 0.47929 0.292676 -0.47929 
1 1 0 27.7799 0.110584 6.14804 -1.58166 -3.61696 -1.58166 -3.61696 0.292932 0.479057 0.292932 -0.479057 
1 1 0 27.7849 0.110584 6.15169 -1.58175 -3.6174 -1.58175 -3.6174 0.293188 0.478823 0.293188 -0.478823 
1 1 0 27.7899 0.110584 6.15536 -1.58184 -3.61785 -1.58184 -3.61785 0.293445 0.478589 0.293445 -0.478589 
1 1 0 27.7949 0.110584 6.15904 -1.58193 -3.6183 -1.58193 -3.6183 0.293702 0.478354 0.293702 -0.478354 
1 1 0 27.7998 0.110584 6.16272 -1.58202 -3.61875 -1.58202 -3.61875 0.29396 0.478119 0.29396 -0.478119 
1 1 0 27.8048 0.110584 6.16643 -1.58212 -3.6192 -1.58212 -3.6192 0.294218 0.477883 0.294218 -0.477883 
1 1 0 27.8098 0.110584 6.17014 -1.58221 -3.61965 -1.58221 -3.61965 0.294476 0.477646 0.294476 -0.477646 
1 1 0 27.8148 0.110584 6.17387 -1.5823 -3.62009 -1.5823 -3.62009 0.294735 0.477409 0.294735 -0.477409 
1 1 0 27.8198 0.110584 6.1776 -1.58239 -3.62054 -1.58239 -3.62054 0.294995 0.477172 0.294995 -0.477172 
1 1 0 27.8247 0.110584 6.18136 -1.58248 -3.62099 -1.58248 -3.62099 0.295255 0.476934 0.295255 -0.476934 
1 1 0 27.8297 0.110584 6.18512 -1.58257 -3.62144 -1.58257 -3.62144 0.295515 0.476695 0.295515 -0.476695 
1 1 0 27.8347 0.110584 6.1889 -1.58266 -3.62189 -1.58266 -3.62189 0.295776 0.476456 0.295776 -0.476456 
1 1 0 27.8397 0.110584 6.19269 -1.58275 -3.62234 -1.58275 -3.62234 0.296037 0.476217 0.296037 -0.476217 
1 1 0 27.8447 0.110584 6.19649 -1.58284 -3.62279 -1.58284 -3.62279 0.296299 0.475977 0.296299 -0.475977 
1 1 0 27.8496 0.110584 6.2003 -1.58293 -3.62324 -1.58293 -3.62324 0.296561 0.475736 0.296561 -0.475736 
1 1 0 27.8546 0.110584 6.20413 -1.58302 -3.62369 -1.58302 -3.62369 0.296824 0.475495 0.296824 -0.475495 
1 1 0 27.8596 0.110584 6.20797 -1.58311 -3.62414 -1.58311 -3.62414 0.297087 0.475253 0.297087 -0.475253 
1 1 0 27.8646 0.110584 6.21182 -1.5832 -3.62459 -1.5832 -3.62459 0.297351 0.475011 0.297351 -0.475011 
1 1 0 27.8695 0.110584 6.21569 -1.58329 -3.62504 -1.58329 -3.62504 0.297615 0.474768 0.297615 -0.474768 
1 1 0 27.8745 0.110584 6.21957 -1.58338 -3.62549 -1.58338 -3.62549 0.297879 0.474525 0.297879 -0.474525 
1 1 0 27.8795 0.110584 6.22346 -1.58347 -3.62594 -1.58347 -3.62594 0.298144 0.474281 0.298144 -0.474281 
1 1 0 27.8845 0.110584 6.22737 -1.58356 -3.6264 -1.58356 -3.6264 0.298409 0.474037 0.298409 -0.474037 
1 1 0 27.8895 0.110584 6.23129 -1.58365 -3.62685 -1.58365 -3.62685 0.298675 0.473792 0.298675 -0.473792 
1 1 0 27.8944 0.110584 6.23522 -1.58374 -3.6273 -1.58374 -3.6273 0.298942 0.473547 0.298942 -0.473547 
1 1 0 27.8994 0.110584 6.23917 -1.58383 -3.62775 -1.58383 -3.62775 0.299208 0.473301 0.299208 -0.473301 
1 1 0 27.9044 0.110584 6.24313 -1.58392 -3.6282 -1.58392 -3.6282 0.299476 0.473054 0.299476 -0.473054 
1 1 0 27.9094 0.110584 6.2471 -1.58401 -3.62866 -1.58401 -3.62866 0.299743 0.472807 0.299743 -0.472807 
1 1 0 27.9144 0.110584 6.25109 -1.5841 -3.62911 -1.5841 -3.62911 0.300012 0.472559 0.300012 -0.472559 
1 1 0 27.9193 0.110584 6.25509 -1.58419 -3.62956 -1.58419 -3.62956 0.30028 0.472311 0.30028 -0.472311 
1 1 0 27.9243 0.110584 6.25911 -1.58428 -3.63001 -1.58428 -3.63001 0.300549 0.472062 0.300549 -0.472062 
1 1 0 27.9293 0.110584 6.26314 -1.58437 -3.63047 -1.58437 -3.63047 0.300819 0.471813 0.300819 -0.471813 
1 1 0 27.9343 0.110584 6.26718 -1.58446 -3.63092 -1.58446 -3.63092 0.301089 0.471563 0.301089 -0.471563 
1 1 0 27.9392 0.110584 6.27124 -1.58455 -3.63137 -1.58455 -3.63137 0.301359 0.471312 0.301359 -0.471312 
1 1 0 27.9442 0.110584 6.27531 -1.58464 -3.63183 -1.58464 -3.63183 0.30163 0.471061 0.30163 -0.471061 
1 1 0 27.9492 0.110584 6.27939 -1.58473 -3.63228 -1.58473 -3.63228 0.301902 0.47081 0.301902 -0.47081 
1 1 0 27.9542 0.110584 6.28349 -1.58482 -3.63274 -1.58482 -3.63274 0.302174 0.470558 0.302174 -0.470558 
1 1 0 27.9592 0.110584 6.2876 -1.5849 -3.63319 -1.5849 -3.63319 0.302446 0.470305 0.302446 -0.470305 
1 1 0 27.9641 0.110584 6.29173 -1.58499 -3.63365 -1.58499 -3.63365 0.302719 0.470051 0.302719 -0.470051 
1 1 0 27.9691 0.110584 6.29587 -1.58508 -3.6341 -1.58508 -3.6341 0.302992 0.469797 0.302992 -0.469797 
1 1 0 27.9741 0.110584 6.30003 -1.58517 -3.63456 -1.58517 -3.63456 0.303266 0.469543 0.303266 -0.469543 
1 1 0 27.9791 0.110584 6.3042 -1.58526 -3.63501 -1.58526 -3.63501 0.30354 0.469288 0.30354 -0.469288 
1 1 0 27.9841 0.110584 6.30838 -1.58535 -3.63547 -1.58535 -3.63547 0.303815 0.469032 0.303815 -0.469032 
1 1 0 27.989 0.110584 6.31258 -1.58544 -3.63592 -1.58544 -3.63592 0.30409 0.468776 0.30409 -0.468776 
1 1 0 27.994 0.110584 6.3168 -1.58552 -3.63638 -1.58552 -3.63638 0.304366 0.468519 0.304366 -0.468519 
1 1 0 27.999 0.110584 6.32103 -1.58561 -3.63683 -1.58561 -3.63683 0.304642 0.468262 0.304642 -0.468262 
1 1 0 28.004 0.110584 6.32527 -1.5857 -3.63729 -1.5857 -3.63729 0.304919 0.468004 0.304919 -0.468004 
1 1 0 28.0089 0.110584 6.32953 -1.58579 -3.63775 -1.58579 -3.63775 0.305196 0.467745 0.305196 -0.467745 
1 1 0 28.0139 0.110584 6.33381 -1.58588 -3.6382 -1.58588 -3.6382 0.305473 0.467486 0.305473 -0.467486 
1 1 0 28.0189 0.110584 6.3381 -1.58597 -3.63866 -1.58597 -3.63866 0.305751 0.467226 0.305751 -0.467226 
1 1 0 28.0239 0.110584 6.3424 -1.58605 -3.63912 -1.58605 -3.63912 0.30603 0.466965 0.30603 -0.466965 
1 1 0 28.0289 0.110584 6.34672 -1.58614 -3.63957 -1.58614 -3.63957 0.306309 0.466704 0.306309 -0.466704 
1 1 0 28.0338 0.110584 6.35106 -1.58623 -3.64003 -1.58623 -3.64003 0.306588 0.466443 0.306588 -0.466443 
1 1 0 28.0388 0.110584 6.35541 -1.58632 -3.64049 -1.58632 -3.64049 0.306868 0.46618 0.306868 -0.46618 
1 1 0 28.0438 0.110584 6.35978 -1.5864 -3.64095 -1.5864 -3.64095 0.307149 0.465918 0.307149 -0.465918 
1 1 0 28.0488 0.110584 6.36416 -1.58649 -3.6414 -1.58649 -3.6414 0.30743 0.465654 0.30743 -0.465654 
1 1 0 28.0538 0.110584 6.36856 -1.58658 -3.64186 -1.58658 -3.64186 0.307711 0.46539 0.307711 -0.46539 
1 1 0 28.0587 0.110584 6.37297 -1.58667 -3.64232 -1.58667 -3.64232 0.307993 0.465125 0.307993 -0.465125 
1 1 0 28.0637 0.110584 6.3774 -1.58675 -3.64278 -1.58675 -3.64278 0.308275 0.46486 0.308275 -0.46486 
1 1 0 28.0687 0.110584 6.38185 -1.58684 -3.64324 -1.58684 -3.64324 0.308558 0.464594 0.308558 -0.464594 
1 1 0 28.0737 0.110584 6.38631 -1.58693 -3.6437 -1.58693 -3.6437 0.308842 0.464327 0.308842 -0.464327 
1 1 0 28.0786 0.110584 6.39078 -1.58702 -3.64415 -1.58702 -3.64415 0.309126 0.46406 0.309126 -0.46406 
1 1 0 28.0836 0.110584 6.39528 -1.5871 -3.64461 -1.5871 -3.64461 0.30941 0.463792 0.30941 -0.463792 
1 1 0 28.0886 0.110584 6.39979 -1.58719 -3.64507 -1.58719 -3.64507 0.309695 0.463524 0.309695 -0.463524 
1 1 0 28.0936 0.110584 6.40431 -1.58728 -3.64553 -1.58728 -3.64553 0.30998 0.463254 0.30998 -0.463254 
1 1 0 28.0986 0.110584 6.40886 -1.58736 -3.64599 -1.58736 -3.64599 0.310266 0.462985 0.310266 -0.462985 
1 1 0 28.1035 0.110584 6.41342 -1.58745 -3.64645 -1.58745 -3.64645 0.310552 0.462714 0.310552 -0.462714 
1 1 0 28.1085 0.110584 6.41799 -1.58754 -3.64691 -1.58754 -3.64691 0.310839 0.462443 0.310839 -0.462443 
1 1 0 28.1135 0.110584 6.42258 -1.58762 -3.64737 -1.58762 -3.64737 0.311126 0.462171 0.311126 -0.462171 
1 1 0 28.1185 0.110584 6.42719 -1.58771 -3.64784 -1.58771 -3.64784 0.311414 0.461899 0.311414 -0.461899 
1 1 0 28.1234 0.110584 6.43182 -1.5878 -3.6483 -1.5878 -3.6483 0.311702 0.461626 0.311702 -0.461626 
1 1 0 28.1284 0.110584 6.43646 -1.58788 -3.64876 -1.58788 -3.64876 0.311991 0.461352 0.311991 -0.461352 
1 1 0 28.1334 0.110584 6.44112 -1.58797 -3.64922 -1.58797 -3.64922 0.31228 0.461078 0.31228 -0.461078 
1 1 0 28.1384 0.110584 6.4458 -1.58806 -3.64968 -1.58806 -3.64968 0.31257 0.460803 0.31257 -0.460803 
1 1 0 28.1434 0.110584 6.45049 -1.58814 -3.65014 -1.58814 -3.65014 0.31286 0.460527 0.31286 -0.460527 
1 1 0 28.1483 0.110584 6.45521 -1.58823 -3.6506 -1.58823 -3.6506 0.313151 0.460251 0.313151 -0.460251 
1 1 0 28.1533 0.110584 6.45993 -1.58831 -3.65107 -1.58831 -3.65107 0.313442 0.459974 0.313442 -0.459974 
1 1 0 28.1583 0.110584 6.46468 -1.5884 -3.65153 -1.5884 -3.65153 0.313734 0.459696 0.313734 -0.459696 
1 1 0 28.1633 0.110584 6.46945 -1.58849 -3.65199 -1.58849 -3.65199 0.314026 0.459418 0.314026 -0.459418 
1 1 0 28.1682 0.110584 6.47423 -1.58857 -3.65245 -1.58857 -3.65245 0.314319 0.459139 0.314319 -0.459139 
1 1 0 28.1732 0.110584 6.47903 -1.58866 -3.65292 -1.58866 -3.65292 0.314612 0.458859 0.314612 -0.458859 
1 1 0 28.1782 0.110584 6.48385 -1.58874 -3.65338 -1.58874 -3.65338 0.314906 0.458579 0.314906 -0.458579 
1 1 0 28.1832 0.110584 6.48868 -1.58883 -3.65384 -1.58883 -3.65384 0.3152 0.458298 0.3152 -0.458298 
1 1 0 28.1882 0.110584 6.49353 -1.58891 -3.65431 -1.58891 -3.65431 0.315495 0.458016 0.315495 -0.458016 
1 1 0 28.1931 0.110584 6.49841 -1.589 -3.65477 -1.589 -3.65477 0.31579 0.457733 0.31579 -0.457733 
1 1 0 28.1981 0.110584 6.5033 -1.58909 -3.65523 -1.58909 -3.65523 0.316086 0.45745 0.316086 -0.45745 
1 1 0 28.2031 0.110584 6.50821 -1.58917 -3.6557 -1.58917 -3.6557 0.316382 0.457166 0.316382 -0.457166 
1 1 0 28.2081 0.110584 6.51313 -1.58926 -3.65616 -1.58926 -3.65616 0.316679 0.456882 0.316679 -0.456882 
1 1 0 28.213 0.110584 6.51808 -1.58934 -3.65663 -1.58934 -3.65663 0.316977 0.456597 0.316977 -0.456597 
1 1 0 28.218 0.110584 6.52304 -1.58943 -3.65709 -1.58943 -3.65709 0.317274 0.456311 0.317274 -0.456311 
1 1 0 28.223 0.110584 6.52803 -1.58951 -3.65756 -1.58951 -3.65756 0.317573 0.456024 0.317573 -0.456024 
1 1 0 28.228 0.110584 6.53303 -1.5896 -3.65802 -1.5896 -3.65802 0.317872 0.455737 0.317872 -0.455737 
1 1 0 28.233 0.110584 6.53805 -1.58968 -3.65849 -1.58968 -3.65849 0.318171 0.455448 0.318171 -0.455448 
1 1 0 28.2379 0.110584 6.54309 -1.58977 -3.65895 -1.58977 -3.65895 0.318471 0.45516 0.318471 -0.45516 
1 1 0 28.2429 0.110584 6.54815 -1.58985 -3.65942 -1.58985 -3.65942 0.318771 0.45487 0.318771 -0.45487 
1 1 0 28.2479 0.110584 6.55323 -1.58993 -3.65989 -1.58993 -3.65989 0.319072 0.45458 0.319072 -0.45458 
1 1 0 28.2529 0.110584 6.55833 -1.59002 -3.66035 -1.59002 -3.66035 0.319374 0.454289 0.319374 -0.454289 
1 1 0 28.2578 0.110584 6.56344 -1.5901 -3.66082 -1.5901 -3.66082 0.319676 0.453997 0.319676 -0.453997 
1 1 0 28.2628 0.110584 6.56858 -1.59019 -3.66129 -1.59019 -3.66129 0.319978 0.453705 0.319978 -0.453705 
1 1 0 28.2678 0.110584 6.57374 -1.59027 -3.66175 -1.59027 -3.66175 0.320281 0.453411 0.320281 -0.453411 
1 1 0 28.2728 0.110584 6.57891 -1.59036 -3.66222 -1.59036 -3.66222 0.320584 0.453118 0.320584 -0.453118 
1 1 0 28.2778 0.110584 6.58411 -1.59044 -3.66269 -1.59044 -3.66269 0.320889 0.452823 0.320889 -0.452823 
1 1 0 28.2827 0.110584 6.58933 -1.59052 -3.66315 -1.59052 -3.66315 0.321193 0.452527 0.321193 -0.452527 
1 1 0 28.2877 0.110584 6.59457 -1.59061 -3.66362 -1.59061 -3.66362 0.321498 0.452231 0.321498 -0.452231 
1 1 0 28.2927 0.110584 6.59982 -1.59069 -3.66409 -1.59069 -3.66409 0.321804 0.451934 0.321804 -0.451934 
1 1 0 28.2977 0.110584 6.6051 -1.59078 -3.66456 -1.59078 -3.66456 0.32211 0.451637 0.32211 -0.451637 
1 1 0 28.3026 0.110584 6.6104 -1.59086 -3.66503 -1.59086 -3.66503 0.322417 0.451338 0.322417 -0.451338 
1 1 0 28.3076 0.110584 6.61572 -1.59094 -3.6655 -1.59094 -3.6655 0.322724 0.451039 0.322724 -0.451039 
1 1 0 28.3126 0.110584 6.62106 -1.59103 -3.66596 -1.59103 -3.66596 0.323031 0.450739 0.323031 -0.450739 
1 1 0 28.3176 0.110584 6.62642 -1.59111 -3.66643 -1.59111 -3.66643 0.32334 0.450438 0.32334 -0.450438 
1 1 0 28.3225 0.110584 6.63181 -1.59119 -3.6669 -1.59119 -3.6669 0.323648 0.450137 0.323648 -0.450137 
1 1 0 28.3275 0.110584 6.63721 -1.59128 -3.66737 -1.59128 -3.66737 0.323958 0.449835 0.323958 -0.449835 
1 1 0 28.3325 0.110584 6.64264 -1.59136 -3.66784 -1.59136 -3.66784 0.324268 0.449531 0.324268 -0.449531 
1 1 0 28.3375 0.110584 6.64808 -1.59144 -3.66831 -1.59144 -3.66831 0.324578 0.449228 0.324578 -0.449228 
1 1 0 28.3425 0.110584 6.65355 -1.59153 -3.66878 -1.59153 -3.66878 0.324889 0.448923 0.324889 -0.448923 
1 1 0 28.3474 0.110584 6.65904 -1.59161 -3.66925 -1.59161 -3.66925 0.3252 0.448618 0.3252 -0.448618 
1 1 0 28.3524 0.110584 6.66455 -1.59169 -3.66972 -1.59169 -3.66972 0.325512 0.448311 0.325512 -0.448311 
1 1 0 28.3574 0.110584 6.67009 -1.59178 -3.67019 -1.59178 -3.67019 0.325825 0.448004 0.325825 -0.448004 
1 1 0 28.3624 0.110584 6.67564 -1.59186 -3.67066 -1.59186 -3.67066 0.326138 0.447696 0.326138 -0.447696 
1 1 0 28.3673 0.110584 6.68122 -1.59194 -3.67114 -1.59194 -3.67114 0.326452 0.447388 0.326452 -0.447388 
1 1 0 28.3723 0.110584 6.68682 -1.59202 -3.67161 -1.59202 -3.67161 0.326766 0.447078 0.326766 -0.447078 
1 1 0 28.3773 0.110584 6.69244 -1.59211 -3.67208 -1.59211 -3.67208 0.327081 0.446768 0.327081 -0.446768 
1 1 0 28.3823 0.110584 6.69809 -1.59219 -3.67255 -1.59219 -3.67255 0.327396 0.446457 0.327396 -0.446457 
1 1 0 28.3873 0.110584 6.70376 -1.59227 -3.67302 -1.59227 -3.67302 0.327712 0.446145 0.327712 -0.446145 
1 1 0 28.3922 0.110584 6.70945 -1.59235 -3.67349 -1.59235 -3.67349 0.328028 0.445833 0.328028 -0.445833 
1 1 0 28.3972 0.110584 6.71516 -1.59243 -3.67397 -1.59243 -3.67397 0.328345 0.445519 0.328345 -0.445519 
1 1 0 28.4022 0.110584 6.7209 -1.59252 -3.67444 -1.59252 -3.67444 0.328662 0.445205 0.328662 -0.445205 
1 1 0 28.4072 0.110584 6.72666 -1.5926 -3.67491 -1.5926 -3.67491 0.32898 0.44489 0.32898 -0.44489 
1 1 0 28.4121 0.110584 6.73245 -1.59268 -3.67539 -1.59268 -3.67539 0.329299 0.444574 0.329299 -0.444574 
1 1 0 28.4171 0.110584 6.73825 -1.59276 -3.67586 -1.59276 -3.67586 0.329618 0.444257 0.329618 -0.444257 
1 1 0 28.4221 0.110584 6.74409 -1.59284 -3.67633 -1.59284 -3.67633 0.329938 0.443939 0.329938 -0.443939 
1 1 0 28.4271 0.110584 6.74994 -1.59293 -3.67681 -1.59293 -3.67681 0.330258 0.44362 0.330258 -0.44362 
1 1 0 28.432 0.110584 6.75582 -1.59301 -3.67728 -1.59301 -3.67728 0.330579 0.443301 0.330579 -0.443301 
1 1 0 28.437 0.110584 6.76173 -1.59309 -3.67775 -1.59309 -3.67775 0.3309 0.442981 0.3309 -0.442981 
1 1 0 28.442 0.110584 6.76766 -1.59317 -3.67823 -1.59317 -3.67823 0.331222 0.44266 0.331222 -0.44266 
1 1 0 28.447 0.110584 6.77361 -1.59325 -3.6787 -1.59325 -3.6787 0.331544 0.442338 0.331544 -0.442338 
1 1 0 28.452 0.110584 6.77959 -1.59333 -3.67918 -1.59333 -3.67918 0.331867 0.442015 0.331867 -0.442015 
1 1 0 28.4569 0.110584 6.78559 -1.59341 -3.67965 -1.59341 -3.67965 0.332191 0.441691 0.332191 -0.441691 
1 1 0 28.4619 0.110584 6.79162 -1.59349 -3.68013 -1.59349 -3.68013 0.332515 0.441366 0.332515 -0.441366 
1 1 0 28.4669 0.110584 6.79767 -1.59358 -3.6806 -1.59358 -3.6806 0.33284 0.441041 0.33284 -0.441041 
1 1 0 28.4719 0.110584 6.80375 -1.59366 -3.68108 -1.59366 -3.68108 0.333165 0.440715 0.333165 -0.440715 
1 1 0 28.4768 0.110584 6.80985 -1.59374 -3.68156 -1.59374 -3.68156 0.333491 0.440387 0.333491 -0.440387 
1 1 0 28.4818 0.110584 6.81598 -1.59382 -3.68203 -1.59382 -3.68203 0.333817 0.440059 0.333817 -0.440059 
1 1 0 28.4868 0.110584 6.82214 -1.5939 -3.68251 -1.5939 -3.68251 0.334144 0.43973 0.334144 -0.43973 
1 1 0 28.4918 0.110584 6.82832 -1.59398 -3.68299 -1.59398 -3.68299 0.334472 0.4394 0.334472 -0.4394 
1 1 0 28.4967 0.110584 6.83453 -1.59406 -3.68346 -1.59406 -3.68346 0.3348 0.439069 0.3348 -0.439069 
1 1 0 28.5017 0.110584 6.84076 -1.59414 -3.68394 -1.59414 -3.68394 0.335128 0.438738 0.335128 -0.438738 
1 1 0 28.5067 0.110584 6.84702 -1.59422 -3.68442 -1.59422 -3.68442 0.335458 0.438405 0.335458 -0.438405 
1 1 0 28.5117 0.110584 6.85331 -1.5943 -3.68489 -1.5943 -3.68489 0.335788 0.438071 0.335788 -0.438071 
1 1 0 28.5166 0.110584 6.85963 -1.59438 -3.68537 -1.59438 -3.68537 0.336118 0.437737 0.336118 -0.437737 
1 1 0 28.5216 0.110584 6.86597 -1.59446 -3.68585 -1.59446 -3.68585 0.336449 0.437401 0.336449 -0.437401 
1 1 0 28.5266 0.110584 6.87234 -1.59454 -3.68633 -1.59454 -3.68633 0.336781 0.437065 0.336781 -0.437065 
1 1 0 28.5316 0.110584 6.87873 -1.59462 -3.68681 -1.59462 -3.68681 0.337113 0.436728 0.337113 -0.436728 
1 1 0 28.5366 0.110584 6.88516 -1.5947 -3.68729 -1.5947 -3.68729 0.337446 0.436389 0.337446 -0.436389 
1 1 0 28.5415 0.110584 6.89161 -1.59478 -3.68776 -1.59478 -3.68776 0.337779 0.43605 0.337779 -0.43605 
1 1 0 28.5465 0.110584 6.89809 -1.59486 -3.68824 -1.59486 -3.68824 0.338113 0.43571 0.338113 -0.43571 
1 1 0 28.5515 0.110584 6.90459 -1.59494 -3.68872 -1.59494 -3.68872 0.338447 0.435369 0.338447 -0.435369 
1 1 0 28.5565 0.110584 6.91113 -1.59502 -3.6892 -1.59502 -3.6892 0.338782 0.435027 0.338782 -0.435027 
1 1 0 28.5614 0.110584 6.91769 -1.5951 -3.68968 -1.5951 -3.68968 0.339118 0.434684 0.339118 -0.434684 
1 1 0 28.5664 0.110584 6.92429 -1.59518 -3.69016 -1.59518 -3.69016 0.339454 0.43434 0.339454 -0.43434 
1 1 0 28.5714 0.110584 6.93091 -1.59526 -3.69064 -1.59526 -3.69064 0.339791 0.433995 0.339791 -0.433995 
1 1 0 28.5764 0.110584 6.93756 -1.59533 -3.69112 -1.59533 -3.69112 0.340129 0.433649 0.340129 -0.433649 
1 1 0 28.5813 0.110584 6.94424 -1.59541 -3.6916 -1.59541 -3.6916 0.340467 0.433302 0.340467 -0.433302 
1 1 0 28.5863 0.110584 6.95095 -1.59549 -3.69208 -1.59549 -3.69208 0.340806 0.432954 0.340806 -0.432954 
1 1 0 28.5913 0.110584 6.95769 -1.59557 -3.69257 -1.59557 -3.69257 0.341145 0.432605 0.341145 -0.432605 
1 1 0 28.5963 0.110584 6.96446 -1.59565 -3.69305 -1.59565 -3.69305 0.341485 0.432255 0.341485 -0.432255 
1 1 0 28.6012 0.110584 6.97126 -1.59573 -3.69353 -1.59573 -3.69353 0.341825 0.431904 0.341825 -0.431904 
1 1 0 28.6062 0.110584 6.97809 -1.59581 -3.69401 -1.59581 -3.69401 0.342166 0.431552 0.342166 -0.431552 
1 1 0 28.6112 0.110584 6.98495 -1.59589 -3.69449 -1.59589 -3.69449 0.342508 0.431199 0.342508 -0.431199 
1 1 0 28.6162 0.110584 6.99184 -1.59596 -3.69497 -1.59596 -3.69497 0.34285 0.430845 0.34285 -0.430845 
1 1 0 28.6211 0.110584 6.99877 -1.59604 -3.69546 -1.59604 -3.69546 0.343193 0.43049 0.343193 -0.43049 
1 1 0 28.6261 0.110584 7.00572 -1.59612 -3.69594 -1.59612 -3.69594 0.343537 0.430134 0.343537 -0.430134 
1 1 0 28.6311 0.110584 7.01271 -1.5962 -3.69642 -1.5962 -3.69642 0.343881 0.429777 0.343881 -0.429777 
1 1 0 28.6361 0.110584 7.01972 -1.59628 -3.69691 -1.59628 -3.69691 0.344226 0.429419 0.344226 -0.429419 
1 1 0 28.6411 0.110584 7.02677 -1.59635 -3.69739 -1.59635 -3.69739 0.344571 0.42906 0.344571 -0.42906 
1 1 0 28.646 0.110584 7.03385 -1.59643 -3.69787 -1.59643 -3.69787 0.344917 0.4287 0.344917 -0.4287 
1 1 0 28.651 0.110584 7.04097 -1.59651 -3.69836 -1.59651 -3.69836 0.345264 0.428339 0.345264 -0.428339 
1 1 0 28.656 0.110584 7.04811 -1.59659 -3.69884 -1.59659 -3.69884 0.345611 0.427976 0.345611 -0.427976 
1 1 0 28.661 0.110584 7.05529 -1.59666 -3.69933 -1.59666 -3.69933 0.345959 0.427613 0.345959 -0.427613 
1 1 0 28.6659 0.110584 7.0625 -1.59674 -3.69981 -1.59674 -3.69981 0.346307 0.427248 0.346307 -0.427248 
1 1 0 28.6709 0.110584 7.06975 -1.59682 -3.7003 -1.59682 -3.7003 0.346656 0.426883 0.346656 -0.426883 
1 1 0 28.6759 0.110584 7.07703 -1.5969 -3.70078 -1.5969 -3.70078 0.347006 0.426516 0.347006 -0.426516 
1 1 0 28.6809 0.110584 7.08434 -1.59697 -3.70127 -1.59697 -3.70127 0.347356 0.426149 0.347356 -0.426149 
1 1 0 28.6858 0.110584 7.09169 -1.59705 -3.70175 -1.59705 -3.70175 0.347707 0.42578 0.347707 -0.42578 
1 1 0 28.6908 0.110584 7.09907 -1.59713 -3.70224 -1.59713 -3.70224 0.348059 0.42541 0.348059 -0.42541 
1 1 0 28.6958 0.110584 7.10648 -1.5972 -3.70272 -1.5972 -3.70272 0.348411 0.425039 0.348411 -0.425039 
1 1 0 28.7008 0.110584 7.11393 -1.59728 -3.70321 -1.59728 -3.70321 0.348764 0.424667 0.348764 -0.424667 
1 1 0 28.7057 0.110584 7.12142 -1.59736 -3.7037 -1.59736 -3.7037 0.349118 0.424294 0.349118 -0.424294 
1 1 0 28.7107 0.110584 7.12894 -1.59743 -3.70418 -1.59743 -3.70418 0.349472 0.423919 0.349472 -0.423919 
1 1 0 28.7157 0.110584 7.1365 -1.59751 -3.70467 -1.59751 -3.70467 0.349827 0.423544 0.349827 -0.423544 
1 1 0 28.7207 0.110584 7.14409 -1.59759 -3.70516 -1.59759 -3.70516 0.350182 0.423167 0.350182 -0.423167 
1 1 0 28.7256 0.110584 7.15171 -1.59766 -3.70564 -1.59766 -3.70564 0.350538 0.422789 0.350538 -0.422789 
1 1 0 28.7306 0.110584 7.15938 -1.59774 -3.70613 -1.59774 -3.70613 0.350895 0.42241 0.350895 -0.42241 
1 1 0 28.7356 0.110584 7.16708 -1.59782 -3.70662 -1.59782 -3.70662 0.351252 0.42203 0.351252 -0.42203 
1 1 0 28.7406 0.110584 7.17482 -1.59789 -3.70711 -1.59789 -3.70711 0.35161 0.421649 0.35161 -0.421649 
1 1 0 28.7455 0.110584 7.18259 -1.59797 -3.7076 -1.59797 -3.7076 0.351969 0.421267 0.351969 -0.421267 
1 1 0 28.7505 0.110584 7.19041 -1.59804 -3.70809 -1.59804 -3.70809 0.352328 0.420883 0.352328 -0.420883 
1 1 0 28.7555 0.110584 7.19826 -1.59812 -3.70857 -1.59812 -3.70857 0.352688 0.420498 0.352688 -0.420498 
1 1 0 28.7605 0.110584 7.20614 -1.59819 -3.70906 -1.59819 -3.70906 0.353049 0.420112 0.353049 -0.420112 
1 1 0 28.7654 0.110584 7.21407 -1.59827 -3.70955 -1.59827 -3.70955 0.35341 0.419725 0.35341 -0.419725 
1 1 0 28.7704 0.110584 7.22204 -1.59835 -3.71004 -1.59835 -3.71004 0.353772 0.419337 0.353772 -0.419337 
1 1 0 28.7754 0.110584 7.23004 -1.59842 -3.71053 -1.59842 -3.71053 0.354135 0.418947 0.354135 -0.418947 
1 1 0 28.7804 0.110584 7.23808 -1.5985 -3.71102 -1.5985 -3.71102 0.354498 0.418557 0.354498 -0.418557 
1 1 0 28.7853 0.110584 7.24617 -1.59857 -3.71151 -1.59857 -3.71151 0.354862 0.418165 0.354862 -0.418165 
1 1 0 28.7903 0.110584 7.25429 -1.59865 -3.712 -1.59865 -3.712 0.355227 0.417771 0.355227 -0.417771 
1 1 0 28.7953 0.110584 7.26245 -1.59872 -3.71249 -1.59872 -3.71249 0.355592 0.417377 0.355592 -0.417377 
1 1 0 28.8003 0.110584 7.27066 -1.5988 -3.71299 -1.5988 -3.71299 0.355958 0.416981 0.355958 -0.416981 
1 1 0 28.8052 0.110584 7.2789 -1.59887 -3.71348 -1.59887 -3.71348 0.356325 0.416584 0.356325 -0.416584 
1 1 0 28.8102 0.110584 7.28719 -1.59895 -3.71397 -1.59895 -3.71397 0.356692 0.416186 0.356692 -0.416186 
1 1 0 28.8152 0.110584 7.29551 -1.59902 -3.71446 -1.59902 -3.71446 0.35706 0.415787 0.35706 -0.415787 
1 1 0 28.8202 0.110584 7.30388 -1.59909 -3.71495 -1.59909 -3.71495 0.357429 0.415386 0.357429 -0.415386 
1 1 0 28.8251 0.110584 7.3123 -1.59917 -3.71544 -1.59917 -3.71544 0.357799 0.414984 0.357799 -0.414984 
1 1 0 28.8301 0.110584 7.32075 -1.59924 -3.71594 -1.59924 -3.71594 0.358169 0.414581 0.358169 -0.414581 
1 1 0 28.8351 0.110584 7.32925 -1.59932 -3.71643 -1.59932 -3.71643 0.358539 0.414176 0.358539 -0.414176 
1 1 0 28.8401 0.110584 7.33778 -1.59939 -3.71692 -1.59939 -3.71692 0.358911 0.41377 0.358911 -0.41377 
1 1 0 28.845 0.110584 7.34637 -1.59946 -3.71742 -1.59946 -3.71742 0.359283 0.413363 0.359283 -0.413363 
1 1 0 28.85 0.110584 7.35499 -1.59954 -3.71791 -1.59954 -3.71791 0.359656 0.412955 0.359656 -0.412955 
1 1 0 28.855 0.110584 7.36367 -1.59961 -3.7184 -1.59961 -3.7184 0.360029 0.412545 0.360029 -0.412545 
1 1 0 28.86 0.110584 7.37238 -1.59969 -3.7189 -1.59969 -3.7189 0.360404 0.412134 0.360404 -0.412134 
1 1 0 28.8649 0.110584 7.38114 -1.59976 -3.71939 -1.59976 -3.71939 0.360779 0.411721 0.360779 -0.411721 
1 1 0 28.8699 0.110584 7.38995 -1.59983 -3.71989 -1.59983 -3.71989 0.361154 0.411308 0.361154 -0.411308 
1 1 0 28.8749 0.110584 7.3988 -1.59991 -3.72038 -1.59991 -3.72038 0.361531 0.410893 0.361531 -0.410893 
1 1 0 28.8799 0.110584 7.4077 -1.59998 -3.72088 -1.59998 -3.72088 0.361908 0.410476 0.361908 -0.410476 
1 1 0 28.8848 0.110584 7.41664 -1.60005 -3.72137 -1.60005 -3.72137 0.362285 0.410058 0.362285 -0.410058 
1 1 0 28.8898 0.110584 7.42563 -1.60013 -3.72187 -1.60013 -3.72187 0.362664 0.409639 0.362664 -0.409639 
1 1 0 28.8948 0.110584 7.43467 -1.6002 -3.72236 -1.6002 -3.72236 0.363043 0.409218 0.363043 -0.409218 
1 1 0 28.8998 0.110584 7.44376 -1.60027 -3.72286 -1.60027 -3.72286 0.363423 0.408796 0.363423 -0.408796 
1 1 0 28.9047 0.110584 7.45289 -1.60034 -3.72336 -1.60034 -3.72336 0.363804 0.408373 0.363804 -0.408373 
1 1 0 28.9097 0.110584 7.46208 -1.60042 -3.72385 -1.60042 -3.72385 0.364185 0.407948 0.364185 -0.407948 
1 1 0 28.9147 0.110584 7.47131 -1.60049 -3.72435 -1.60049 -3.72435 0.364567 0.407522 0.364567 -0.407522 
1 1 0 28.9197 0.110584 7.48059 -1.60056 -3.72485 -1.60056 -3.72485 0.36495 0.407094 0.36495 -0.407094 
1 1 0 28.9246 0.110584 7.48992 -1.60063 -3.72534 -1.60063 -3.72534 0.365333 0.406665 0.365333 -0.406665 
1 1 0 28.9296 0.110584 7.4993 -1.6007 -3.72584 -1.6007 -3.72584 0.365718 0.406234 0.365718 -0.406234 
1 1 0 28.9346 0.110584 7.50873 -1.60078 -3.72634 -1.60078 -3.72634 0.366103 0.405802 0.366103 -0.405802 
1 1 0 28.9396 0.110584 7.51821 -1.60085 -3.72684 -1.60085 -3.72684 0.366488 0.405369 0.366488 -0.405369 
1 1 0 28.9445 0.110584 7.52775 -1.60092 -3.72734 -1.60092 -3.72734 0.366875 0.404934 0.366875 -0.404934 
1 1 0 28.9495 0.110584 7.53733 -1.60099 -3.72783 -1.60099 -3.72783 0.367262 0.404497 0.367262 -0.404497 
1 1 0 28.9545 0.110584 7.54697 -1.60106 -3.72833 -1.60106 -3.72833 0.36765 0.40406 0.36765 -0.40406 
1 1 0 28.9595 0.110584 7.55666 -1.60114 -3.72883 -1.60114 -3.72883 0.368039 0.40362 0.368039 -0.40362 
1 1 0 28.9644 0.110584 7.56641 -1.60121 -3.72933 -1.60121 -3.72933 0.368428 0.403179 0.368428 -0.403179 
1 1 0 28.9694 0.110584 7.57621 -1.60128 -3.72983 -1.60128 -3.72983 0.368818 0.402737 0.368818 -0.402737 
1 1 0 28.9744 0.110584 7.58606 -1.60135 -3.73033 -1.60135 -3.73033 0.369209 0.402293 0.369209 -0.402293 
1 1 0 28.9794 0.110584 7.59597 -1.60142 -3.73083 -1.60142 -3.73083 0.369601 0.401847 0.369601 -0.401847 
1 1 0 28.9843 0.110584 7.60593 -1.60149 -3.73133 -1.60149 -3.73133 0.369993 0.4014 0.369993 -0.4014 
1 1 0 28.9893 0.110584 7.61595 -1.60156 -3.73183 -1.60156 -3.73183 0.370387 0.400952 0.370387 -0.400952 
1 1 0 28.9943 0.110584 7.62602 -1.60163 -3.73233 -1.60163 -3.73233 0.370781 0.400502 0.370781 -0.400502 
1 1 0 28.9993 0.110584 7.63615 -1.6017 -3.73283 -1.6017 -3.73283 0.371175 0.40005 0.371175 -0.40005 
1 1 0 29.0042 0.110584 7.64634 -1.60177 -3.73334 -1.60177 -3.73334 0.371571 0.399597 0.371571 -0.399597 
1 1 0 29.0092 0.110584 7.65659 -1.60184 -3.73384 -1.60184 -3.73384 0.371967 0.399142 0.371967 -0.399142 
1 1 0 29.0142 0.110584 7.6669 -1.60191 -3.73434 -1.60191 -3.73434 0.372364 0.398685 0.372364 -0.398685 
1 1 0 29.0192 0.110584 7.67726 -1.60198 -3.73484 -1.60198 -3.73484 0.372762 0.398227 0.372762 -0.398227 
1 1 0 29.0241 0.110584 7.68768 -1.60205 -3.73535 -1.60205 -3.73535 0.373161 0.397767 0.373161 -0.397767 
1 1 0 29.0291 0.110584 7.69817 -1.60212 -3.73585 -1.60212 -3.73585 0.37356 0.397306 0.37356 -0.397306 
1 1 0 29.0341 0.110584 7.70871 -1.60219 -3.73635 -1.60219 -3.73635 0.37396 0.396843 0.37396 -0.396843 
1 1 0 29.0391 0.110584 7.71931 -1.60226 -3.73685 -1.60226 -3.73685 0.374361 0.396378 0.374361 -0.396378 
1 1 0 29.044 0.110584 7.72998 -1.60233 -3.73736 -1.60233 -3.73736 0.374763 0.395912 0.374763 -0.395912 
1 1 0 29.049 0.110584 7.74071 -1.6024 -3.73786 -1.6024 -3.73786 0.375166 0.395444 0.375166 -0.395444 
1 1 0 29.054 0.110584 7.7515 -1.60247 -3.73837 -1.60247 -3.73837 0.375569 0.394974 0.375569 -0.394974 
1 1 0 29.059 0.110584 7.76236 -1.60254 -3.73887 -1.60254 -3.73887 0.375973 0.394503 0.375973 -0.394503 
1 1 0 29.0639 0.110584 7.77328 -1.60261 -3.73938 -1.60261 -3.73938 0.376378 0.394029 0.376378 -0.394029 
1 1 0 29.0689 0.110584 7.78426 -1.60268 -3.73988 -1.60268 -3.73988 0.376784 0.393555 0.376784 -0.393555 
1 1 0 29.0739 0.110584 7.79531 -1.60275 -3.74039 -1.60275 -3.74039 0.37719 0.393078 0.37719 -0.393078 
1 1 0 29.0788 0.110584 7.80643 -1.60282 -3.74089 -1.60282 -3.74089 0.377598 0.3926 0.377598 -0.3926 
1 1 0 29.0838 0.110584 7.81761 -1.60289 -3.7414 -1.60289 -3.7414 0.378006 0.392119 0.378006 -0.392119 
1 1 0 29.0888 0.110584 7.82886 -1.60295 -3.7419 -1.60295 -3.7419 0.378415 0.391638 0.378415 -0.391638 
1 1 0 29.0938 0.110584 7.84017 -1.60302 -3.74241 -1.60302 -3.74241 0.378825 0.391154 0.378825 -0.391154 
1 1 0 29.0987 0.110584 7.85156 -1.60309 -3.74292 -1.60309 -3.74292 0.379236 0.390668 0.379236 -0.390668 
1 1 0 29.1037 0.110584 7.86302 -1.60316 -3.74342 -1.60316 -3.74342 0.379647 0.390181 0.379647 -0.390181 
1 1 0 29.1087 0.110584 7.87454 -1.60323 -3.74393 -1.60323 -3.74393 0.38006 0.389692 0.38006 -0.389692 
1 1 0 29.1137 0.110584 7.88614 -1.60329 -3.74444 -1.60329 -3.74444 0.380473 0.389201 0.380473 -0.389201 
1 1 0 29.1186 0.110584 7.8978 -1.60336 -3.74495 -1.60336 -3.74495 0.380887 0.388708 0.380887 -0.388708 
1 1 0 29.1236 0.110584 7.90954 -1.60343 -3.74545 -1.60343 -3.74545 0.381302 0.388214 0.381302 -0.388214 
1 1 0 29.1286 0.110584 7.92135 -1.6035 -3.74596 -1.6035 -3.74596 0.381717 0.387717 0.381717 -0.387717 
1 1 0 29.1336 0.110584 7.93324 -1.60356 -3.74647 -1.60356 -3.74647 0.382134 0.387219 0.382134 -0.387219 
1 1 0 29.1385 0.110584 7.9452 -1.60363 -3.74698 -1.60363 -3.74698 0.382551 0.386719 0.382551 -0.386719 
1 1 0 29.1435 0.110584 7.95723 -1.6037 -3.74749 -1.6037 -3.74749 0.38297 0.386216 0.38297 -0.386216 
1 1 0 29.1485 0.110584 7.96934 -1.60377 -3.748 -1.60377 -3.748 0.383389 0.385712 0.383389 -0.385712 
1 1 0 29.1535 0.110584 7.98153 -1.60383 -3.74851 -1.60383 -3.74851 0.383809 0.385206 0.383809 -0.385206 
1 1 0 29.1584 0.110584 7.9938 -1.6039 -3.74902 -1.6039 -3.74902 0.384229 0.384698 0.384229 -0.384698 
1 1 0 29.1634 0.110584 8.00614 -1.60397 -3.74953 -1.60397 -3.74953 0.384651 0.384188 0.384651 -0.384188 
1 1 0 29.1684 0.110584 8.01856 -1.60403 -3.75004 -1.60403 -3.75004 0.385074 0.383676 0.385074 -0.383676 
1 1 0 29.1733 0.110584 8.03106 -1.6041 -3.75055 -1.6041 -3.75055 0.385497 0.383162 0.385497 -0.383162 
1 1 0 29.1783 0.110584 8.04365 -1.60417 -3.75106 -1.60417 -3.75106 0.385922 0.382646 0.385922 -0.382646 
1 1 0 29.1833 0.110584 8.05631 -1.60423 -3.75157 -1.60423 -3.75157 0.386347 0.382128 0.386347 -0.382128 
1 1 0 29.1883 0.110584 8.06906 -1.6043 -3.75208 -1.6043 -3.75208 0.386773 0.381608 0.386773 -0.381608 
1 1 0 29.1932 0.110584 8.08188 -1.60436 -3.7526 -1.60436 -3.7526 0.3872 0.381086 0.3872 -0.381086 
1 1 0 29.1982 0.110584 8.0948 -1.60443 -3.75311 -1.60443 -3.75311 0.387628 0.380562 0.387628 -0.380562 
1 1 0 29.2032 0.110584 8.1078 -1.6045 -3.75362 -1.6045 -3.75362 0.388057 0.380036 0.388057 -0.380036 
1 1 0 29.2082 0.110584 8.12088 -1.60456 -3.75413 -1.60456 -3.75413 0.388486 0.379507 0.388486 -0.379507 
1 1 0 29.2131 0.110584 8.13405 -1.60463 -3.75465 -1.60463 -3.75465 0.388917 0.378977 0.388917 -0.378977 
1 1 0 29.2181 0.110584 8.14731 -1.60469 -3.75516 -1.60469 -3.75516 0.389348 0.378444 0.389348 -0.378444 
1 1 0 29.2231 0.110584 8.16066 -1.60476 -3.75567 -1.60476 -3.75567 0.389781 0.37791 0.389781 -0.37791 
1 1 0 29.2281 0.110584 8.1741 -1.60482 -3.75619 -1.60482 -3.75619 0.390214 0.377373 0.390214 -0.377373 
1 1 0 29.233 0.110584 8.18763 -1.60489 -3.7567 -1.60489 -3.7567 0.390649 0.376834 0.390649 -0.376834 
1 1 0 29.238 0.110584 8.20125 -1.60495 -3.75722 -1.60495 -3.75722 0.391084 0.376292 0.391084 -0.376292 
1 1 0 29.243 0.110584 8.21497 -1.60502 -3.75773 -1.60502 -3.75773 0.39152 0.375749 0.39152 -0.375749 
1 1 0 29.2479 0.110584 8.22877 -1.60508 -3.75825 -1.60508 -3.75825 0.391957 0.375203 0.391957 -0.375203 
1 1 0 29.2529 0.110584 8.24268 -1.60515 -3.75876 -1.60515 -3.75876 0.392395 0.374655 0.392395 -0.374655 
1 1 0 29.2579 0.110584 8.25667 -1.60521 -3.75928 -1.60521 -3.75928 0.392834 0.374105 0.392834 -0.374105 
1 1 0 29.2629 0.110584 8.27077 -1.60527 -3.75979 -1.60527 -3.75979 0.393274 0.373552 0.393274 -0.373552 
1 1 0 29.2678 0.110584 8.28497 -1.60534 -3.76031 -1.60534 -3.76031 0.393715 0.372997 0.393715 -0.372997 
1 1 0 29.2728 0.110584 8.29926 -1.6054 -3.76083 -1.6054 -3.76083 0.394156 0.37244 0.394156 -0.37244 
1 1 0 29.2778 0.110584 8.31365 -1.60546 -3.76134 -1.60546 -3.76134 0.394599 0.371881 0.394599 -0.371881 
1 1 0 29.2828 0.110584 8.32815 -1.60553 -3.76186 -1.60553 -3.76186 0.395043 0.371319 0.395043 -0.371319 
1 1 0 29.2877 0.110584 8.34275 -1.60559 -3.76238 -1.60559 -3.76238 0.395488 0.370755 0.395488 -0.370755 
1 1 0 29.2927 0.110584 8.35745 -1.60565 -3.7629 -1.60565 -3.7629 0.395933 0.370188 0.395933 -0.370188 
1 1 0 29.2977 0.110584 8.37226 -1.60572 -3.76342 -1.60572 -3.76342 0.39638 0.369619 0.39638 -0.369619 
1 1 0 29.3026 0.110584 8.38717 -1.60578 -3.76393 -1.60578 -3.76393 0.396827 0.369048 0.396827 -0.369048 
1 1 0 29.3076 0.110584 8.4022 -1.60584 -3.76445 -1.60584 -3.76445 0.397276 0.368474 0.397276 -0.368474 
1 1 0 29.3126 0.110584 8.41733 -1.60591 -3.76497 -1.60591 -3.76497 0.397726 0.367897 0.397726 -0.367897 
1 1 0 29.3176 0.110584 8.43257 -1.60597 -3.76549 -1.60597 -3.76549 0.398176 0.367318 0.398176 -0.367318 
1 1 0 29.3225 0.110584 8.44792 -1.60603 -3.76601 -1.60603 -3.76601 0.398628 0.366737 0.398628 -0.366737 
1 1 0 29.3275 0.110584 8.46339 -1.60609 -3.76653 -1.60609 -3.76653 0.39908 0.366153 0.39908 -0.366153 
1 1 0 29.3325 0.110584 8.47897 -1.60616 -3.76705 -1.60616 -3.76705 0.399534 0.365567 0.399534 -0.365567 
1 1 0 29.3375 0.110584 8.49467 -1.60622 -3.76757 -1.60622 -3.76757 0.399989 0.364978 0.399989 -0.364978 
1 1 0 29.3424 0.110584 8.51048 -1.60628 -3.76809 -1.60628 -3.76809 0.400444 0.364386 0.400444 -0.364386 
1 1 0 29.3474 0.110584 8.52642 -1.60634 -3.76861 -1.60634 -3.76861 0.400901 0.363792 0.400901 -0.363792 
1 1 0 29.3524 0.110584 8.54247 -1.6064 -3.76914 -1.6064 -3.76914 0.401359 0.363195 0.401359 -0.363195 
1 1 0 29.3573 0.110584 8.55865 -1.60646 -3.76966 -1.60646 -3.76966 0.401817 0.362595 0.401817 -0.362595 
1 1 0 29.3623 0.110584 8.57495 -1.60653 -3.77018 -1.60653 -3.77018 0.402277 0.361993 0.402277 -0.361993 
1 1 0 29.3673 0.110584 8.59137 -1.60659 -3.7707 -1.60659 -3.7707 0.402738 0.361388 0.402738 -0.361388 
1 1 0 29.3723 0.110584 8.60792 -1.60665 -3.77123 -1.60665 -3.77123 0.4032 0.36078 0.4032 -0.36078 
1 1 0 29.3772 0.110584 8.6246 -1.60671 -3.77175 -1.60671 -3.77175 0.403663 0.36017 0.403663 -0.36017 
1 1 0 29.3822 0.110584 8.6414 -1.60677 -3.77227 -1.60677 -3.77227 0.404127 0.359557 0.404127 -0.359557 
1 1 0 29.3872 0.110584 8.65834 -1.60683 -3.7728 -1.60683 -3.7728 0.404592 0.358941 0.404592 -0.358941 
1 1 0 29.3921 0.110584 8.67541 -1.60689 -3.77332 -1.60689 -3.77332 0.405058 0.358322 0.405058 -0.358322 
1 1 0 29.3971 0.110584 8.69262 -1.60695 -3.77384 -1.60695 -3.77384 0.405525 0.3577 0.405525 -0.3577 
1 1 0 29.4021 0.110584 8.70996 -1.60701 -3.77437 -1.60701 -3.77437 0.405993 0.357075 0.405993 -0.357075 
1 1 0 29.4071 0.110584 8.72745 -1.60707 -3.77489 -1.60707 -3.77489 0.406463 0.356448 0.406463 -0.356448 
1 1 0 29.412 0.110584 8.74507 -1.60713 -3.77542 -1.60713 -3.77542 0.406933 0.355817 0.406933 -0.355817 
1 1 0 29.417 0.110584 8.76283 -1.60719 -3.77595 -1.60719 -3.77595 0.407405 0.355184 0.407405 -0.355184 
1 1 0 29.422 0.110584 8.78074 -1.60725 -3.77647 -1.60725 -3.77647 0.407877 0.354548 0.407877 -0.354548 
1 1 0 29.427 0.110584 8.79879 -1.60731 -3.777 -1.60731 -3.777 0.408351 0.353908 0.408351 -0.353908 
1 1 0 29.4319 0.110584 8.81699 -1.60737 -3.77752 -1.60737 -3.77752 0.408826 0.353266 0.408826 -0.353266 
1 1 0 29.4369 0.110584 8.83534 -1.60743 -3.77805 -1.60743 -3.77805 0.409302 0.35262 0.409302 -0.35262 
1 1 0 29.4419 0.110584 8.85385 -1.60749 -3.77858 -1.60749 -3.77858 0.409779 0.351972 0.409779 -0.351972 
1 1 0 29.4468 0.110584 8.8725 -1.60754 -3.77911 -1.60754 -3.77911 0.410257 0.35132 0.410257 -0.35132 
1 1 0 29.4518 0.110584 8.89132 -1.6076 -3.77963 -1.6076 -3.77963 0.410737 0.350665 0.410737 -0.350665 
1 1 0 29.4568 0.110584 8.91029 -1.60766 -3.78016 -1.60766 -3.78016 0.411217 0.350007 0.411217 -0.350007 
1 1 0 29.4618 0.110584 8.92942 -1.60772 -3.78069 -1.60772 -3.78069 0.411699 0.349346 0.411699 -0.349346 
1 1 0 29.4667 0.110584 8.94871 -1.60778 -3.78122 -1.60778 -3.78122 0.412182 0.348681 0.412182 -0.348681 
1 1 0 29.4717 0.110584 8.96817 -1.60784 -3.78175 -1.60784 -3.78175 0.412666 0.348014 0.412666 -0.348014 
1 1 0 29.4767 0.110584 8.9878 -1.60789 -3.78228 -1.60789 -3.78228 0.413151 0.347343 0.413151 -0.347343 
1 1 0 29.4816 0.110584 9.0076 -1.60795 -3.78281 -1.60795 -3.78281 0.413637 0.346668 0.413637 -0.346668 
1 1 0 29.4866 0.110584 9.02757 -1.60801 -3.78334 -1.60801 -3.78334 0.414125 0.34599 0.414125 -0.34599 
1 1 0 29.4916 0.110584 9.04771 -1.60806 -3.78387 -1.60806 -3.78387 0.414614 0.345309 0.414614 -0.345309 
1 1 0 29.4966 0.110584 9.06803 -1.60812 -3.7844 -1.60812 -3.7844 0.415104 0.344625 0.415104 -0.344625 
1 1 0 29.5015 0.110584 9.08853 -1.60818 -3.78493 -1.60818 -3.78493 0.415595 0.343937 0.415595 -0.343937 
1 1 0 29.5065 0.110584 9.10921 -1.60824 -3.78546 -1.60824 -3.78546 0.416087 0.343245 0.416087 -0.343245 
1 1 0 29.5115 0.110584 9.13008 -1.60829 -3.786 -1.60829 -3.786 0.416581 0.34255 0.416581 -0.34255 
1 1 0 29.5164 0.110584 9.15114 -1.60835 -3.78653 -1.60835 -3.78653 0.417076 0.341851 0.417076 -0.341851 
1 1 0 29.5214 0.110584 9.17238 -1.6084 -3.78706 -1.6084 -3.78706 0.417572 0.341149 0.417572 -0.341149 
1 1 0 29.5264 0.110584 9.19382 -1.60846 -3.7876 -1.60846 -3.7876 0.418069 0.340443 0.418069 -0.340443 
1 1 0 29.5314 0.110584 9.21546 -1.60852 -3.78813 -1.60852 -3.78813 0.418568 0.339734 0.418568 -0.339734 
1 1 0 29.5363 0.110584 9.2373 -1.60857 -3.78866 -1.60857 -3.78866 0.419067 0.33902 0.419067 -0.33902 
1 1 0 29.5413 0.110584 9.25934 -1.60863 -3.7892 -1.60863 -3.7892 0.419568 0.338303 0.419568 -0.338303 
1 1 0 29.5463 0.110584 9.28158 -1.60868 -3.78973 -1.60868 -3.78973 0.420071 0.337582 0.420071 -0.337582 
1 1 0 29.5512 0.110584 9.30404 -1.60874 -3.79027 -1.60874 -3.79027 0.420574 0.336858 0.420574 -0.336858 
1 1 0 29.5562 0.110584 9.3267 -1.60879 -3.7908 -1.60879 -3.7908 0.421079 0.336129 0.421079 -0.336129 
1 1 0 29.5612 0.110584 9.34959 -1.60885 -3.79134 -1.60885 -3.79134 0.421585 0.335397 0.421585 -0.335397 
1 1 0 29.5661 0.110584 9.37269 -1.6089 -3.79187 -1.6089 -3.79187 0.422093 0.33466 0.422093 -0.33466 
1 1 0 29.5711 0.110584 9.39601 -1.60896 -3.79241 -1.60896 -3.79241 0.422602 0.33392 0.422602 -0.33392 
1 1 0 29.5761 0.110584 9.41956 -1.60901 -3.79295 -1.60901 -3.79295 0.423112 0.333175 0.423112 -0.333175 
1 1 0 29.5811 0.110584 9.44334 -1.60907 -3.79348 -1.60907 -3.79348 0.423623 0.332427 0.423623 -0.332427 
1 1 0 29.586 0.110584 9.46735 -1.60912 -3.79402 -1.60912 -3.79402 0.424136 0.331674 0.424136 -0.331674 
1 1 0 29.591 0.110584 9.4916 -1.60917 -3.79456 -1.60917 -3.79456 0.42465 0.330918 0.42465 -0.330918 
1 1 0 29.596 0.110584 9.5161 -1.60923 -3.7951 -1.60923 -3.7951 0.425165 0.330156 0.425165 -0.330156 
1 1 0 29.6009 0.110584 9.54083 -1.60928 -3.79563 -1.60928 -3.79563 0.425682 0.329391 0.425682 -0.329391 
1 1 0 29.6059 0.110584 9.56582 -1.60933 -3.79617 -1.60933 -3.79617 0.4262 0.328622 0.4262 -0.328622 
1 1 0 29.6109 0.110584 9.59106 -1.60939 -3.79671 -1.60939 -3.79671 0.42672 0.327848 0.42672 -0.327848 
1 1 0 29.6159 0.110584 9.61656 -1.60944 -3.79725 -1.60944 -3.79725 0.427241 0.327069 0.427241 -0.327069 
1 1 0 29.6208 0.110584 9.64232 -1.60949 -3.79779 -1.60949 -3.79779 0.427763 0.326286 0.427763 -0.326286 
1 1 0 29.6258 0.110584 9.66834 -1.60954 -3.79833 -1.60954 -3.79833 0.428287 0.325499 0.428287 -0.325499 
1 1 0 29.6308 0.110584 9.69464 -1.6096 -3.79887 -1.6096 -3.79887 0.428812 0.324707 0.428812 -0.324707 
1 1 0 29.6357 0.110584 9.72121 -1.60965 -3.79941 -1.60965 -3.79941 0.429339 0.323911 0.429339 -0.323911 
1 1 0 29.6407 0.110584 9.74807 -1.6097 -3.79996 -1.6097 -3.79996 0.429867 0.32311 0.429867 -0.32311 
1 1 0 29.6457 0.110584 9.77521 -1.60975 -3.8005 -1.60975 -3.8005 0.430396 0.322304 0.430396 -0.322304 
1 1 0 29.6506 0.110584 9.80264 -1.6098 -3.80104 -1.6098 -3.80104 0.430927 0.321493 0.430927 -0.321493 
1 1 0 29.6556 0.110584 9.83037 -1.60985 -3.80158 -1.60985 -3.80158 0.431459 0.320678 0.431459 -0.320678 
1 1 0 29.6606 0.110584 9.8584 -1.6099 -3.80213 -1.6099 -3.80213 0.431993 0.319857 0.431993 -0.319857 
1 1 0 29.6656 0.110584 9.88674 -1.60996 -3.80267 -1.60996 -3.80267 0.432528 0.319032 0.432528 -0.319032 
1 1 0 29.6705 0.110584 9.91538 -1.61001 -3.80321 -1.61001 -3.80321 0.433065 0.318202 0.433065 -0.318202 
1 1 0 29.6755 0.110584 9.94435 -1.61006 -3.80376 -1.61006 -3.80376 0.433603 0.317366 0.433603 -0.317366 
1 1 0 29.6805 0.110584 9.97364 -1.61011 -3.8043 -1.61011 -3.8043 0.434143 0.316526 0.434143 -0.316526 
1 1 0 29.6854 0.110584 10.0033 -1.61016 -3.80485 -1.61016 -3.80485 0.434684 0.31568 0.434684 -0.31568 
1 1 0 29.6904 0.110584 10.0332 -1.61021 -3.80539 -1.61021 -3.80539 0.435227 0.314829 0.435227 -0.314829 
1 1 0 29.6954 0.110584 10.0635 -1.61026 -3.80594 -1.61026 -3.80594 0.435771 0.313973 0.435771 -0.313973 
1 1 0 29.7003 0.110584 10.0942 -1.61031 -3.80648 -1.61031 -3.80648 0.436317 0.313112 0.436317 -0.313112 
1 1 0 29.7053 0.110584 10.1252 -1.61035 -3.80703 -1.61035 -3.80703 0.436865 0.312245 0.436865 -0.312245 
1 1 0 29.7103 0.110584 10.1566 -1.6104 -3.80758 -1.6104 -3.80758 0.437414 0.311372 0.437414 -0.311372 
1 1 0 29.7153 0.110584 10.1883 -1.61045 -3.80812 -1.61045 -3.80812 0.437965 0.310494 0.437965 -0.310494 
1 1 0 29.7202 0.110584 10.2204 -1.6105 -3.80867 -1.6105 -3.80867 0.438517 0.30961 0.438517 -0.30961 
1 1 0 29.7252 0.110584 10.2529 -1.61055 -3.80922 -1.61055 -3.80922 0.439071 0.308721 0.439071 -0.308721 
1 1 0 29.7302 0.110584 10.2858 -1.6106 -3.80977 -1.6106 -3.80977 0.439626 0.307825 0.439626 -0.307825 
1 1 0 29.7351 0.110584 10.3191 -1.61065 -3.81032 -1.61065 -3.81032 0.440183 0.306924 0.440183 -0.306924 
1 1 0 29.7401 0.110584 10.3528 -1.61069 -3.81087 -1.61069 -3.81087 0.440742 0.306017 0.440742 -0.306017 
1 1 0 29.7451 0.110584 10.387 -1.61074 -3.81142 -1.61074 -3.81142 0.441302 0.305104 0.441302 -0.305104 
1 1 0 29.75 0.110584 10.4215 -1.61079 -3.81197 -1.61079 -3.81197 0.441864 0.304184 0.441864 -0.304184 
1 1 0 29.755 0.110584 10.4565 -1.61083 -3.81252 -1.61083 -3.81252 0.442428 0.303259 0.442428 -0.303259 
1 1 0 29.76 0.110584 10.4919 -1.61088 -3.81307 -1.61088 -3.81307 0.442993 0.302327 0.442993 -0.302327 
1 1 0 29.765 0.110584 10.5278 -1.61093 -3.81362 -1.61093 -3.81362 0.443561 0.301389 0.443561 -0.301389 
1 1 0 29.7699 0.110584 10.5642 -1.61097 -3.81417 -1.61097 -3.81417 0.444129 0.300444 0.444129 -0.300444 
1 1 0 29.7749 0.110584 10.601 -1.61102 -3.81472 -1.61102 -3.81472 0.4447 0.299493 0.4447 -0.299493 
1 1 0 29.7799 0.110584 10.6383 -1.61107 -3.81528 -1.61107 -3.81528 0.445272 0.298535 0.445272 -0.298535 
1 1 0 29.7848 0.110584 10.6761 -1.61111 -3.81583 -1.61111 -3.81583 0.445846 0.29757 0.445846 -0.29757 
1 1 0 29.7898 0.110584 10.7144 -1.61116 -3.81638 -1.61116 -3.81638 0.446422 0.296599 0.446422 -0.296599 
1 1 0 29.7948 0.110584 10.7532 -1.6112 -3.81694 -1.6112 -3.81694 0.447 0.29562 0.447 -0.29562 
1 1 0 29.7997 0.110584 10.7926 -1.61125 -3.81749 -1.61125 -3.81749 0.447579 0.294635 0.447579 -0.294635 
1 1 0 29.8047 0.110584 10.8325 -1.61129 -3.81805 -1.61129 -3.81805 0.448161 0.293642 0.448161 -0.293642 
1 1 0 29.8097 0.110584 10.8729 -1.61134 -3.8186 -1.61134 -3.8186 0.448744 0.292642 0.448744 -0.292642 
1 1 0 29.8146 0.110584 10.9139 -1.61138 -3.81916 -1.61138 -3.81916 0.449329 0.291635 0.449329 -0.291635 
1 1 0 29.8196 0.110584 10.9555 -1.61142 -3.81971 -1.61142 -3.81971 0.449916 0.29062 0.449916 -0.29062 
1 1 0 29.8246 0.110584 10.9977 -1.61147 -3.82027 -1.61147 -3.82027 0.450504 0.289598 0.450504 -0.289598 
1 1 0 29.8296 0.110584 11.0405 -1.61151 -3.82083 -1.61151 -3.82083 0.451095 0.288568 0.451095 -0.288568 
1 1 0 29.8345 0.110584 11.0839 -1.61155 -3.82138 -1.61155 -3.82138 0.451687 0.28753 0.451687 -0.28753 
1 1 0 29.8395 0.110584 11.1279 -1.6116 -3.82194 -1.6116 -3.82194 0.452282 0.286485 0.452282 -0.286485 
1 1 0 29.8445 0.110584 11.1726 -1.61164 -3.8225 -1.61164 -3.8225 0.452878 0.285431 0.452878 -0.285431 
1 1 0 29.8494 0.110584 11.218 -1.61168 -3.82306 -1.61168 -3.82306 0.453477 0.284369 0.453477 -0.284369 
1 1 0 29.8544 0.110584 11.2641 -1.61172 -3.82362 -1.61172 -3.82362 0.454077 0.283299 0.454077 -0.283299 
1 1 0 29.8594 0.110584 11.3108 -1.61177 -3.82418 -1.61177 -3.82418 0.454679 0.28222 0.454679 -0.28222 
1 1 0 29.8643 0.110584 11.3583 -1.61181 -3.82474 -1.61181 -3.82474 0.455284 0.281133 0.455284 -0.281133 
1 1 0 29.8693 0.110584 11.4065 -1.61185 -3.8253 -1.61185 -3.8253 0.45589 0.280037 0.45589 -0.280037 
1 1 0 29.8743 0.110584 11.4555 -1.61189 -3.82586 -1.61189 -3.82586 0.456498 0.278932 0.456498 -0.278932 
1 1 0 29.8792 0.110584 11.5052 -1.61193 -3.82642 -1.61193 -3.82642 0.457109 0.277818 0.457109 -0.277818 
1 1 0 29.8842 0.110584 11.5558 -1.61197 -3.82698 -1.61197 -3.82698 0.457721 0.276695 0.457721 -0.276695 
1 1 0 29.8892 0.110584 11.6072 -1.61201 -3.82755 -1.61201 -3.82755 0.458336 0.275562 0.458336 -0.275562 
1 1 0 29.8941 0.110584 11.6594 -1.61205 -3.82811 -1.61205 -3.82811 0.458953 0.27442 0.458953 -0.27442 
1 1 0 29.8991 0.110584 11.7125 -1.61209 -3.82867 -1.61209 -3.82867 0.459572 0.273269 0.459572 -0.273269 
1 1 0 29.9041 0.110584 11.7665 -1.61213 -3.82924 -1.61213 -3.82924 0.460193 0.272108 0.460193 -0.272108 
1 1 0 29.909 0.110584 11.8214 -1.61217 -3.8298 -1.61217 -3.8298 0.460816 0.270936 0.460816 -0.270936 
1 1 0 29.914 0.110584 11.8772 -1.61221 -3.83037 -1.61221 -3.83037 0.461441 0.269754 0.461441 -0.269754 
1 1 0 29.919 0.110584 11.934 -1.61225 -3.83093 -1.61225 -3.83093 0.462069 0.268562 0.462069 -0.268562 
1 1 0 29.9239 0.110584 11.9918 -1.61228 -3.8315 -1.61228 -3.8315 0.462699 0.26736 0.462699 -0.26736 
1 1 0 29.9289 0.110584 12.0506 -1.61232 -3.83207 -1.61232 -3.83207 0.463331 0.266147 0.463331 -0.266147 
1 1 0 29.9339 0.110584 12.1105 -1.61236 -3.83263 -1.61236 -3.83263 0.463966 0.264922 0.463966 -0.264922 
1 1 0 29.9388 0.110584 12.1715 -1.6124 -3.8332 -1.6124 -3.8332 0.464602 0.263687 0.464602 -0.263687 
1 1 0 29.9438 0.110584 12.2336 -1.61243 -3.83377 -1.61243 -3.83377 0.465241 0.26244 0.465241 -0.26244 
1 1 0 29.9488 0.110584 12.2969 -1.61247 -3.83434 -1.61247 -3.83434 0.465883 0.261182 0.465883 -0.261182 
1 1 0 29.9538 0.110584 12.3613 -1.61251 -3.83491 -1.61251 -3.83491 0.466527 0.259911 0.466527 -0.259911 
1 1 0 29.9587 0.110584 12.427 -1.61254 -3.83548 -1.61254 -3.83548 0.467173 0.258629 0.467173 -0.258629 
1 1 0 29.9637 0.110584 12.494 -1.61258 -3.83605 -1.61258 -3.83605 0.467822 0.257335 0.467822 -0.257335 
1 1 0 29.9687 0.110584 12.5623 -1.61261 -3.83662 -1.61261 -3.83662 0.468473 0.256027 0.468473 -0.256027 
1 1 0 29.9736 0.110584 12.6319 -1.61265 -3.83719 -1.61265 -3.83719 0.469126 0.254708 0.469126 -0.254708 
1 1 0 29.9786 0.110584 12.7029 -1.61268 -3.83776 -1.61268 -3.83776 0.469782 0.253374 0.469782 -0.253374 
1 1 0 29.9836 0.110584 12.7754 -1.61272 -3.83833 -1.61272 -3.83833 0.470441 0.252028 0.470441 -0.252028 
1 1 0 29.9885 0.110584 12.8494 -1.61275 -3.8389 -1.61275 -3.8389 0.471102 0.250668 0.471102 -0.250668 
1 1 0 29.9935 0.110584 12.9249 -1.61278 -3.83948 -1.61278 -3.83948 0.471766 0.249294 0.471766 -0.249294 
1 1 0 29.9985 0.110584 13.002 -1.61282 -3.84005 -1.61282 -3.84005 0.472432 0.247906 0.472432 -0.247906 
1 1 0 30.0034 0.110584 13.0808 -1.61285 -3.84063 -1.61285 -3.84063 0.473101 0.246503 0.473101 -0.246503 
1 1 0 30.0084 0.110584 13.1614 -1.61288 -3.8412 -1.61288 -3.8412 0.473773 0.245086 0.473773 -0.245086 
1 1 0 30.0134 0.110584 13.2437 -1.61292 -3.84178 -1.61292 -3.84178 0.474447 0.243653 0.474447 -0.243653 
1 1 0 30.0183 0.110584 13.3278 -1.61295 -3.84235 -1.61295 -3.84235 0.475125 0.242205 0.475125 -0.242205 
1 1 0 30.0233 0.110584 13.4139 -1.61298 -3.84293 -1.61298 -3.84293 0.475804 0.24074 0.475804 -0.24074 
1 1 0 30.0283 0.110584 13.502 -1.61301 -3.84351 -1.61301 -3.84351 0.476487 0.23926 0.476487 -0.23926 
1 1 0 30.0332 0.110584 13.5922 -1.61304 -3.84408 -1.61304 -3.84408 0.477173 0.237762 0.477173 -0.237762 
1 1 0 30.0382 0.110584 13.6845 -1.61307 -3.84466 -1.61307 -3.84466 0.477861 0.236248 0.477861 -0.236248 
1 1 0 30.0432 0.110584 13.779 -1.6131 -3.84524 -1.6131 -3.84524 0.478552 0.234716 0.478552 -0.234716 
1 1 0 30.0481 0.110584 13.8759 -1.61313 -3.84582 -1.61313 -3.84582 0.479246 0.233166 0.479246 -0.233166 
1 1 0 30.0531 0.110584 13.9753 -1.61316 -3.8464 -1.61316 -3.8464 0.479943 0.231598 0.479943 -0.231598 
1 1 0 30.0581 0.110584 14.0772 -1.61319 -3.84698 -1.61319 -3.84698 0.480643 0.230011 0.480643 -0.230011 
1 1 0 30.063 0.110584 14.1817 -1.61322 -3.84756 -1.61322 -3.84756 0.481347 0.228404 0.481347 -0.228404 
1 1 0 30.068 0.110584 14.289 -1.61325 -3.84815 -1.61325 -3.84815 0.482053 0.226778 0.482053 -0.226778 
1 1 0 30.0729 0.110584 14.3991 -1.61327 -3.84873 -1.61327 -3.84873 0.482762 0.225131 0.482762 -0.225131 
1 1 0 30.0779 0.110584 14.5123 -1.6133 -3.84931 -1.6133 -3.84931 0.483474 0.223463 0.483474 -0.223463 
1 1 0 30.0829 0.110584 14.6287 -1.61333 -3.84989 -1.61333 -3.84989 0.48419 0.221774 0.48419 -0.221774 
1 1 0 30.0878 0.110584 14.7483 -1.61335 -3.85048 -1.61335 -3.85048 0.484909 0.220062 0.484909 -0.220062 
1 1 0 30.0928 0.110584 14.8714 -1.61338 -3.85106 -1.61338 -3.85106 0.485631 0.218328 0.485631 -0.218328 
1 1 0 30.0978 0.110584 14.9982 -1.61341 -3.85165 -1.61341 -3.85165 0.486356 0.21657 0.486356 -0.21657 
1 1 0 30.1027 0.110584 15.1287 -1.61343 -3.85224 -1.61343 -3.85224 0.487085 0.214787 0.487085 -0.214787 
1 1 0 30.1077 0.110584 15.2633 -1.61346 -3.85282 -1.61346 -3.85282 0.487817 0.21298 0.487817 -0.21298 
1 1 0 30.1127 0.110584 15.4021 -1.61348 -3.85341 -1.61348 -3.85341 0.488553 0.211147 0.488553 -0.211147 
1 1 0 30.1176 0.110584 15.5453 -1.6135 -3.854 -1.6135 -3.854 0.489292 0.209288 0.489292 -0.209288 
1 1 0 30.1226 0.110584 15.6932 -1.61353 -3.85459 -1.61353 -3.85459 0.490034 0.207401 0.490034 -0.207401 
1 1 0 30.1276 0.110584 15.846 -1.61355 -3.85518 -1.61355 -3.85518 0.49078 0.205486 0.49078 -0.205486 
1 1 0 30.1325 0.110584 16.0041 -1.61357 -3.85577 -1.61357 -3.85577 0.49153 0.203541 0.49153 -0.203541 
1 1 0 30.1375 0.110584 16.1676 -1.61359 -3.85636 -1.61359 -3.85636 0.492284 0.201566 0.492284 -0.201566 
1 1 0 30.1425 0.110584 16.337 -1.61362 -3.85695 -1.61362 -3.85695 0.493041 0.19956 0.493041 -0.19956 
1 1 0 30.1474 0.110584 16.5126 -1.61364 -3.85754 -1.61364 -3.85754 0.493802 0.197521 0.493802 -0.197521 
1 1 0 30.1524 0.110584 16.6948 -1.61366 -3.85814 -1.61366 -3.85814 0.494566 0.195449 0.494566 -0.195449 
1 1 0 30.1574 0.110584 16.884 -1.61368 -3.85873 -1.61368 -3.85873 0.495335 0.193342 0.495335 -0.193342 
1 1 0 30.1623 0.110584 17.0806 -1.6137 -3.85932 -1.6137 -3.85932 0.496108 0.191198 0.496108 -0.191198 
1 1 0 30.1673 0.110584 17.2852 -1.61372 -3.85992 -1.61372 -3.85992 0.496884 0.189017 0.496884 -0.189017 
1 1 0 30.1723 0.110584 17.4983 -1.61374 -3.86051 -1.61374 -3.86051 0.497665 0.186796 0.497665 -0.186796 
1 1 0 30.1772 0.110584 17.7205 -1.61375 -3.86111 -1.61375 -3.86111 0.49845 0.184535 0.49845 -0.184535 
1 1 0 30.1822 0.110584 17.9525 -1.61377 -3.86171 -1.61377 -3.86171 0.499238 0.182231 0.499238 -0.182231 
1 1 0 30.1871 0.110584 18.1949 -1.61379 -3.86231 -1.61379 -3.86231 0.500032 0.179882 0.500032 -0.179882 
1 1 0 30.1921 0.110584 18.4486 -1.6138 -3.86291 -1.6138 -3.86291 0.500829 0.177487 0.500829 -0.177487 
1 1 0 30.1971 0.110584 18.7146 -1.61382 -3.86351 -1.61382 -3.86351 0.501631 0.175043 0.501631 -0.175043 
1 1 0 30.202 0.110584 18.9937 -1.61383 -3.86411 -1.61383 -3.86411 0.502438 0.172549 0.502438 -0.172549 
1 1 0 30.207 0.110584 19.2872 -1.61385 -3.86471 -1.61385 -3.86471 0.503248 0.17 0.503248 -0.17 
1 1 0 30.212 0.110584 19.5962 -1.61386 -3.86531 -1.61386 -3.86531 0.504064 0.167396 0.504064 -0.167396 
1 1 0 30.2169 0.110584 19.9222 -1.61388 -3.86591 -1.61388 -3.86591 0.504884 0.164732 0.504884 -0.164732 
1 1 0 30.2219 0.110584 20.2668 -1.61389 -3.86652 -1.61389 -3.86652 0.505709 0.162006 0.505709 -0.162006 
1 1 0 30.2269 0.110584 20.6318 -1.6139 -3.86712 -1.6139 -3.86712 0.506539 0.159214 0.506539 -0.159214 
1 1 0 30.2318 0.110584 21.0192 -1.61391 -3.86773 -1.61391 -3.86773 0.507374 0.156352 0.507374 -0.156352 
1 1 0 30.2368 0.110584 21.4316 -1.61392 -3.86833 -1.61392 -3.86833 0.508213 0.153416 0.508213 -0.153416 
1 1 0 30.2417 0.110584 21.8715 -1.61393 -3.86894 -1.61393 -3.86894 0.509058 0.150401 0.509058 -0.150401 
1 1 0 30.2467 0.110584 22.3423 -1.61394 -3.86955 -1.61394 -3.86955 0.509908 0.147302 0.509908 -0.147302 
1 1 0 30.2517 0.110584 22.8477 -1.61395 -3.87015 -1.61395 -3.87015 0.510764 0.144113 0.510764 -0.144113 
1 1 0 30.2566 0.110584 23.392 -1.61396 -3.87076 -1.61396 -3.87076 0.511624 0.140828 0.511624 -0.140828 
1 1 0 30.2616 0.110584 23.9805 -1.61397 -3.87137 -1.61397 -3.87137 0.512491 0.137438 0.512491 -0.137438 
1 1 0 30.2666 0.110584 24.6195 -1.61398 -3.87199 -1.61398 -3.87199 0.513362 0.133937 0.513362 -0.133937 
1 1 0 30.2715 0.110584 25.3165 -1.61398 -3.8726 -1.61398 -3.8726 0.51424 0.130314 0.51424 -0.130314 
1 1 0 30.2765 0.110584 26.0808 -1.61399 -3.87321 -1.61399 -3.87321 0.515123 0.126558 0.515123 -0.126558 
1 1 0 30.2814 0.110584 26.9239 -1.61399 -3.87383 -1.61399 -3.87383 0.516012 0.122656 0.516012 -0.122656 
1 1 0 30.2864 0.110584 27.8602 -1.61399 -3.87444 -1.61399 -3.87444 0.516908 0.118593 0.516908 -0.118593 
1 1 0 30.2914 0.110584 28.9081 -1.614 -3.87506 -1.614 -3.87506 0.517809 0.114353 0.517809 -0.114353 
1 1 0 30.2963 0.110584 30.0914 -1.614 -3.87567 -1.614 -3.87567 0.518717 0.109912 0.518717 -0.109912 
1 1 0 30.3013 0.110584 31.4418 -1.614 -3.87629 -1.614 -3.87629 0.519631 0.105245 0.519631 -0.105245 
1 1 0 30.3063 0.110584 33.0025 -1.614 -3.87691 -1.614 -3.87691 0.520552 0.10032 0.520552 -0.10032 
1 1 0 30.3112 0.110584 34.8338 -1.614 -3.87753 -1.614 -3.87753 0.521479 0.0950961 0.521479 -0.0950961 
1 1 0 30.3162 0.110584 37.0235 -1.614 -3.87815 -1.614 -3.87815 0.522413 0.0895189 0.522413 -0.0895189 
1 1 0 30.3211 0.110584 39.7052 -1.614 -3.87878 -1.614 -3.87878 0.523355 0.083517 0.523355 -0.083517 
1 1 0 30.3261 0.110584 43.0945 -1.614 -3.8794 -1.614 -3.8794 0.524303 0.0769899 0.524303 -0.0769899 
1 1 0 30.3311 0.110584 47.5667 -1.61399 -3.88002 -1.61399 -3.88002 0.525259 0.0697889 0.525259 -0.0697889 
1 1 0 30.336 0.110584 53.8526 -1.61399 -3.88065 -1.61399 -3.88065 0.526222 0.0616764 0.526222 -0.0616764 
1 1 0 30.341 0.110584 63.6305 -1.61398 -3.88128 -1.61398 -3.88128 0.527193 0.0522275 0.527193 -0.0522275 
1 1 0 30.3459 0.110584 82.0716 -1.61397 -3.8819 -1.61397 -3.8819 0.528172 0.0405146 0.528172 -0.0405146 
1 1 0 30.3509 0.110584 142.521 -1.61397 -3.88253 -1.61397 -3.88253 0.529159 0.0233437 0.529159 -0.0233437 
1 1 0 30.3559 0.110584 142.521 -1.61396 -3.88316 -1.61396 -3.88316 0.553862 0 0.506445 0 
1 1 0 30.3608 0.110584 142.521 -1.61395 -3.88379 -1.61395 -3.88379 0.572144 0 0.490171 0 
1 1 0 30.3658 0.110584 142.521 -1.61394 -3.88443 -1.61394 -3.88443 0.585167 0 0.479172 0 
1 1 0 30.3707 0.110584 142.521 -1.61392 -3.88506 -1.61392 -3.88506 0.596031 0 0.47035 0 
1 1 0 30.3757 0.110584 142.521 -1.61391 -3.8857 -1.61391 -3.8857 0.605641 0 0.462801 0 
1 1 0 30.3807 0.110584 142.521 -1.6139 -3.88633 -1.6139 -3.88633 0.61441 0 0.456112 0 
1 1 0 30.3856 0.110584 142.521 -1.61388 -3.88697 -1.61388 -3.88697 0.62257 0 0.450051 0 
1 1 0 30.3906 0.110584 142.521 -1.61386 -3.88761 -1.61386 -3.88761 0.630265 0 0.444475 0 
1 1 0 30.3955 0.110584 142.521 -1.61384 -3.88825 -1.61384 -3.88825 0.637592 0 0.439286 0 
1 1 0 30.4005 0.110584 142.521 -1.61382 -3.88889 -1.61382 -3.88889 0.644622 0 0.434417 0 
1 1 0 30.4055 0.110584 142.521 -1.6138 -3.88954 -1.6138 -3.88954 0.651406 0 0.429815 0 
1 1 0 30.4104 0.110584 142.521 -1.61378 -3.89018 -1.61378 -3.89018 0.657984 0 0.425442 0 
1 1 0 30.4154 0.110584 142.521 -1.61376 -3.89083 -1.61376 -3.89083 0.664387 0 0.421266 0 
1 1 0 30.4203 0.110584 142.521 -1.61373 -3.89148 -1.61373 -3.89148 0.670642 0 0.417263 0 
1 1 0 30.4253 0.110584 142.521 -1.6137 -3.89213 -1.6137 -3.89213 0.676769 0 0.413412 0 
1 1 0 30.4302 0.110584 142.521 -1.61368 -3.89278 -1.61368 -3.89278 0.682786 0 0.409697 0 
1 1 0 30.4352 0.110584 142.521 -1.61364 -3.89343 -1.61364 -3.89343 0.688708 0 0.406104 0 
1 1 0 30.4402 0.110584 142.521 -1.61361 -3.89409 -1.61361 -3.89409 0.694548 0 0.402619 0 
1 1 0 30.4451 0.110584 142.521 -1.61358 -3.89474 -1.61358 -3.89474 0.700318 0 0.399233 0 
1 1 0 30.4501 0.110584 142.521 -1.61354 -3.8954 -1.61354 -3.8954 0.706028 0 0.395936 0 
1 1 0 30.455 0.110584 142.521 -1.61351 -3.89606 -1.61351 -3.89606 0.711687 0 0.392721 0 
1 1 0 30.46 0.110584 142.521 -1.61347 -3.89673 -1.61347 -3.89673 0.717304 0 0.389581 0 
1 1 0 30.4649 0.110584 142.521 -1.61342 -3.89739 -1.61342 -3.89739 0.722885 0 0.386508 0 
1 1 0 30.4699 0.110584 142.521 -1.61338 -3.89806 -1.61338 -3.89806 0.728439 0 0.383498 0 
1 1 0 30.4748 0.110584 142.521 -1.61333 -3.89873 -1.61333 -3.89873 0.733972 0 0.380544 0 
1 1 0 30.4798 0.110584 142.521 -1.61328 -3.8994 -1.61328 -3.8994 0.739491 0 0.377643 0 
1 1 0 30.4848 0.110584 142.521 -1.61323 -3.90007 -1.61323 -3.90007 0.745 0 0.37479 0 
1 1 0 30.4897 0.110584 142.521 -1.61318 -3.90075 -1.61318 -3.90075 0.750508 0 0.37198 0 
1 1 0 30.4947 0.110584 142.521 -1.61312 -3.90143 -1.61312 -3.90143 0.756018 0 0.369211 0 
1 1 0 30.4996 0.110584 142.521 -1.61306 -3.90211 -1.61306 -3.90211 0.761538 0 0.366478 0 
1 1 0 30.5046 0.110584 142.521 -1.613 -3.90279 -1.613 -3.90279 0.767073 0 0.363778 0 
1 1 0 30.5095 0.110584 142.521 -1.61294 -3.90348 -1.61294 -3.90348 0.772629 0 0.361108 0 
1 1 0 30.5145 0.110584 142.521 -1.61287 -3.90417 -1.61287 -3.90417 0.778211 0 0.358464 0 
1 1 0 30.5194 0.110584 142.521 -1.61279 -3.90486 -1.61279 -3.90486 0.783827 0 0.355843 0 
1 1 0 30.5244 0.110584 142.521 -1.61272 -3.90556 -1.61272 -3.90556 0.789483 0 0.353243 0 
1 1 0 30.5293 0.110584 142.521 -1.61264 -3.90626 -1.61264 -3.90626 0.795186 0 0.35066 0 
1 1 0 30.5343 0.110584 142.521 -1.61255 -3.90696 -1.61255 -3.90696 0.800943 0 0.348092 0 
1 1 0 30.5392 0.110584 142.521 -1.61246 -3.90767 -1.61246 -3.90767 0.806762 0 0.345534 0 
1 1 0 30.5442 0.110584 142.521 -1.61237 -3.90838 -1.61237 -3.90838 0.812653 0 0.342984 0 
1 1 0 30.5491 0.110584 142.521 -1.61227 -3.9091 -1.61227 -3.9091 0.818625 0 0.340439 0 
1 1 0 30.5541 0.110584 142.521 -1.61216 -3.90982 -1.61216 -3.90982 0.824688 0 0.337894 0 
1 1 0 30.559 0.110584 142.521 -1.61205 -3.91054 -1.61205 -3.91054 0.830855 0 0.335346 0 
1 1 0 30.564 0.110584 142.521 -1.61193 -3.91128 -1.61193 -3.91128 0.83714 0 0.33279 0 
1 1 0 30.5689 0.110584 142.521 -1.6118 -3.91201 -1.6118 -3.91201 0.843558 0 0.330221 0 
1 1 0 30.5738 0.110584 142.521 -1.61167 -3.91276 -1.61167 -3.91276 0.850129 0 0.327635 0 
1 1 0 30.5788 0.110584 142.521 -1.61152 -3.91351 -1.61152 -3.91351 0.856874 0 0.325024 0 
1 1 0 30.5837 0.110584 142.521 -1.61137 -3.91427 -1.61137 -3.91427 0.863821 0 0.322381 0 
1 1 0 30.5887 0.110584 142.521 -1.6112 -3.91504 -1.6112 -3.91504 0.871001 0 0.319697 0 
1 1 0 30.5936 0.110584 142.521 -1.61102 -3.91582 -1.61102 -3.91582 0.878456 0 0.316961 0 
1 1 0 30.5985 0.110584 142.521 -1.61082 -3.91661 -1.61082 -3.91661 0.886238 0 0.314159 0 
1 1 0 30.6035 0.110584 142.521 -1.6106 -3.91742 -1.6106 -3.91742 0.894417 0 0.311271 0 
1 1 0 30.6084 0.110584 142.521 -1.61035 -3.91824 -1.61035 -3.91824 0.903088 0 0.308273 0 
1 1 0 30.6133 0.110584 142.521 -1.61008 -3.91909 -1.61008 -3.91909 0.912389 0 0.305128 0 
1 1 0 30.6182 0.110584 142.521 -1.60977 -3.91996 -1.60977 -3.91996 0.922531 0 0.301778 0 
1 1 0 30.6231 0.110584 142.521 -1.60939 -3.92088 -1.60939 -3.92088 0.933873 0 0.29813 0 
1 1 0 30.628 0.110584 142.521 -1.60893 -3.92185 -1.60893 -3.92185 0.947121 0 0.293995 0 
1 1 0 30.6328 0.110584 142.521 -1.60829 -3.92294 -1.60829 -3.92294 0.964125 0 0.28888 0 
1 1 0 30.6352 0.110584 142.521 -1.6078 -3.92358 -1.6078 -3.92358 0.976055 0 0.285415 0 
2 1 0 30.6371 0.110584 142.521 -1.60663 -3.92463 -1.60663 -3.92463 1.00253 0 0.278078 0 
2 1 0 30.6349 0.110584 142.521 -1.60553 -3.92504 -1.60553 -3.92504 1.02457 0 0.272321 0 
2 1 0 30.6325 0.110584 142.521 -1.60496 -3.92507 -1.60496 -3.92507 1.03522 0 0.269649 0 
2 1 0 30.63 0.110584 142.521 -1.60451 -3.92502 -1.60451 -3.92502 1.04324 0 0.267683 0 
2 1 0 30.6276 0.110584 142.521 -1.60412 -3.92492 -1.60412 -3.92492 1.0499 0 0.26608 0 
2 1 0 30.6251 0.110584 142.521 -1.60378 -3.92479 -1.60378 -3.92479 1.0557 0 0.264706 0 
2 1 0 30.6226 0.110584 142.521 -1.60346 -3.92465 -1.60346 -3.92465 1.06088 0 0.263495 0 
2 1 0 30.6201 0.110584 142.521 -1.60317 -3.92449 -1.60317 -3.92449 1.0656 0 0.262405 0 
2 1 0 30.6174 0.110584 142.521 -1.60286 -3.92429 -1.60286 -3.92429 1.07037 0 0.261317 0 
2 1 0 30.6144 0.110584 142.521 -1.60255 -3.92407 -1.60255 -3.92407 1.07522 0 0.260226 0 
2 1 0 30.6111 0.110584 142.521 -1.60222 -3.92381 -1.60222 -3.92381 1.08015 0 0.259129 0 
2 1 0 30.6075 0.110584 142.521 -1.60187 -3.92351 -1.60187 -3.92351 1.08518 0 0.258025 0 
2 1 0 30.6035 0.110584 142.521 -1.60151 -3.92316 -1.60151 -3.92316 1.09032 0 0.256911 0 
2 1 0 30.5991 0.110584 142.521 -1.60114 -3.92277 -1.60114 -3.92277 1.09558 0 0.255787 0 
2 1 0 30.5943 0.110584 142.521 -1.60074 -3.92232 -1.60074 -3.92232 1.10097 0 0.25465 0 
2 1 0 30.5893 0.110584 142.521 -1.60035 -3.92185 -1.60035 -3.92185 1.10615 0 0.253575 0 
2 1 0 30.5843 0.110584 142.521 -1.59998 -3.92137 -1.59998 -3.92137 1.11101 0 0.252579 0 
2 1 0 30.5794 0.110584 142.521 -1.59961 -3.92087 -1.59961 -3.92087 1.1156 0 0.25165 0 
2 1 0 30.5744 0.110584 142.521 -1.59926 -3.92037 -1.59926 -3.92037 1.11996 0 0.250779 0 
2 1 0 30.5695 0.110584 142.521 -1.59892 -3.91986 -1.59892 -3.91986 1.12411 0 0.249959 0 
2 1 0 30.5645 0.110584 142.521 -1.59859 -3.91934 -1.59859 -3.91934 1.12807 0 0.249185 0 
2 1 0 30.5595 0.110584 142.521 -1.59826 -3.91881 -1.59826 -3.91881 1.13187 0 0.248451 0 
2 1 0 30.5546 0.110584 142.521 -1.59794 -3.91828 -1.59794 -3.91828 1.13552 0 0.247754 0 
2 1 0 30.5496 0.110584 142.521 -1.59763 -3.91774 -1.59763 -3.91774 1.13903 0 0.247091 0 
2 1 0 30.5446 0.110584 142.521 -1.59733 -3.9172 -1.59733 -3.9172 1.14242 0 0.246457 0 
2 1 0 30.5397 0.110584 142.521 -1.59703 -3.91665 -1.59703 -3.91665 1.14569 0 0.245852 0 
2 1 0 30.5347 0.110584 142.521 -1.59673 -3.9161 -1.59673 -3.9161 1.14885 0 0.245272 0 
2 1 0 30.5298 0.110584 142.521 -1.59644 -3.91554 -1.59644 -3.91554 1.15191 0 0.244716 0 
2 1 0 30.5248 0.110584 142.521 -1.59615 -3.91498 -1.59615 -3.91498 1.15487 0 0.244182 0 
2 1 0 30.5198 0.110584 142.521 -1.59587 -3.91441 -1.59587 -3.91441 1.15775 0 0.243668 0 
2 1 0 30.5149 0.110584 142.521 -1.59559 -3.91384 -1.59559 -3.91384 1.16055 0 0.243173 0 
2 1 0 30.5099 0.110584 142.521 -1.59532 -3.91327 -1.59532 -3.91327 1.16327 0 0.242696 0 
2 1 0 30.505 0.110584 142.521 -1.59505 -3.91269 -1.59505 -3.91269 1.16592 0 0.242236 0 
2 1 0 30.5 0.110584 142.521 -1.59478 -3.91211 -1.59478 -3.91211 1.1685 0 0.241792 0 
2 1 0 30.495 0.110584 142.521 -1.59451 -3.91152 -1.59451 -3.91152 1.17102 0 0.241363 0 
2 1 0 30.4901 0.110584 142.521 -1.59425 -3.91094 -1.59425 -3.91094 1.17347 0 0.240947 0 
2 1 0 30.4851 0.110584 142.521 -1.59399 -3.91035 -1.59399 -3.91035 1.17587 0 0.240545 0 
2 1 0 30.4802 0.110584 142.521 -1.59373 -3.90975 -1.59373 -3.90975 1.1782 0 0.240156 0 
2 1 0 30.4752 0.110584 142.521 -1.59348 -3.90915 -1.59348 -3.90915 1.18049 0 0.239779 0 
2 1 0 30.4703 0.110584 142.521 -1.59323 -3.90855 -1.59323 -3.90855 1.18272 0 0.239413 0 
2 1 0 30.4653 0.110584 142.521 -1.59298 -3.90795 -1.59298 -3.90795 1.18491 0 0.239058 0 
2 1 0 30.4603 0.110584 142.521 -1.59273 -3.90735 -1.59273 -3.90735 1.18705 0 0.238713 0 
2 1 0 30.4554 0.110584 142.521 -1.59248 -3.90674 -1.59248 -3.90674 1.18914 0 0.238379 0 
2 1 0 30.4504 0.110584 142.521 -1.59224 -3.90613 -1.59224 -3.90613 1.19119 0 0.238053 0 
2 1 0 30.4455 0.110584 142.521 -1.592 -3.90551 -1.592 -3.90551 1.1932 0 0.237737 0 
2 1 0 30.4405 0.110584 142.521 -1.59176 -3.9049 -1.59176 -3.9049 1.19517 0 0.23743 0 
2 1 0 30.4356 0.110584 142.521 -1.59152 -3.90428 -1.59152 -3.90428 1.1971 0 0.237131 0 
2 1 0 30.4306 0.110584 142.521 -1.59128 -3.90366 -1.59128 -3.90366 1.19899 0 0.23684 0 
2 1 0 30.4257 0.110584 142.521 -1.59104 -3.90304 -1.59104 -3.90304 1.20085 0 0.236557 0 
2 1 0 30.4207 0.110584 142.521 -1.59081 -3.90241 -1.59081 -3.90241 1.20267 0 0.236282 0 
2 1 0 30.4157 0.110584 142.521 -1.59058 -3.90179 -1.59058 -3.90179 1.20446 0 0.236013 0 
2 1 0 30.4108 0.110584 142.521 -1.59035 -3.90116 -1.59035 -3.90116 1.20621 0 0.235752 0 
2 1 0 30.4058 0.110584 142.521 -1.59012 -3.90053 -1.59012 -3.90053 1.20794 0 0.235497 0 
2 1 0 30.4009 0.110584 142.521 -1.58989 -3.89989 -1.58989 -3.89989 1.20963 0 0.235249 0 
2 1 0 30.3959 0.110584 142.521 -1.58966 -3.89926 -1.58966 -3.89926 1.2113 0 0.235007 0 
2 1 0 30.391 0.110584 142.521 -1.58944 -3.89862 -1.58944 -3.89862 1.21293 0 0.234771 0 
2 1 0 30.386 0.110584 142.521 -1.58921 -3.89798 -1.58921 -3.89798 1.21454 0 0.23454 0 
2 1 0 30.3811 0.110584 142.521 -1.58899 -3.89734 -1.58899 -3.89734 1.21612 0 0.234316 0 
2 1 0 30.3761 0.110584 142.521 -1.58877 -3.8967 -1.58877 -3.8967 1.21767 0 0.234097 0 
2 1 0 30.3712 0.110584 142.521 -1.58855 -3.89605 -1.58855 -3.89605 1.2192 0 0.233884 0 
2 1 0 30.3662 0.110584 142.521 -1.58833 -3.8954 -1.58833 -3.8954 1.2207 0 0.233675 0 
2 1 0 30.3612 0.110584 142.521 -1.58811 -3.89475 -1.58811 -3.89475 1.22218 0 0.233472 0 
2 1 0 30.3563 0.110584 142.521 -1.58789 -3.8941 -1.58789 -3.8941 1.22363 0 0.233274 0 
2 1 0 30.3513 0.110584 142.521 -1.58767 -3.89345 -1.58767 -3.89345 1.22506 0 0.23308 0 
2 1 0 30.3464 0.110584 142.521 -1.58746 -3.8928 -1.58746 -3.8928 1.22647 0 0.232891 0 
2 1 0 30.3414 0.110584 142.521 -1.58724 -3.89214 -1.58724 -3.89214 1.22785 0 0.232707 0 
2 1 0 30.3365 0.110584 142.521 -1.58703 -3.89148 -1.58703 -3.89148 1.22922 0 0.232527 0 
2 1 0 30.3315 0.110584 142.521 -1.58682 -3.89082 -1.58682 -3.89082 1.23056 0 0.232351 0 
2 1 0 30.3266 0.110584 142.521 -1.5866 -3.89016 -1.5866 -3.89016 1.23188 0 0.232179 0 
2 1 0 30.3216 0.110584 142.521 -1.58639 -3.8895 -1.58639 -3.8895 1.23318 0 0.232012 0 
2 1 0 30.3167 0.110584 142.521 -1.58618 -3.88883 -1.58618 -3.88883 1.23446 0 0.231848 0 
2 1 0 30.3117 0.110584 142.521 -1.58597 -3.88817 -1.58597 -3.88817 1.23572 0 0.231688 0 
2 1 0 30.3068 0.110584 142.521 -1.58576 -3.8875 -1.58576 -3.8875 1.23697 0 0.231533 0 
2 1 0 30.3018 0.110584 142.521 -1.58555 -3.88683 -1.58555 -3.88683 1.23819 0 0.23138 0 
2 1 0 30.2969 0.110584 142.521 -1.58535 -3.88616 -1.58535 -3.88616 1.23939 0 0.231232 0 
2 1 0 30.2919 0.110584 142.521 -1.58514 -3.88548 -1.58514 -3.88548 1.24058 0 0.231087 0 
2 1 0 30.287 0.110584 142.521 -1.58493 -3.88481 -1.58493 -3.88481 1.24175 0 0.230945 0 
2 1 0 30.282 0.110584 142.521 -1.58473 -3.88413 -1.58473 -3.88413 1.2429 0 0.230807 0 
2 1 0 30.2771 0.110584 142.521 -1.58453 -3.88345 -1.58453 -3.88345 1.24404 0 0.230672 0 
2 1 0 30.2721 0.110584 142.521 -1.58432 -3.88277 -1.58432 -3.88277 1.24516 0 0.230541 0 
2 1 0 30.2672 0.110584 142.521 -1.58412 -3.88209 -1.58412 -3.88209 1.24626 0 0.230412 0 
2 1 0 30.2622 0.110584 142.521 -1.58392 -3.88141 -1.58392 -3.88141 1.24734 0 0.230287 0 
2 1 0 30.2573 0.110584 142.521 -1.58371 -3.88073 -1.58371 -3.88073 1.24841 0 0.230165 0 
2 1 0 30.2523 0.110584 142.521 -1.58351 -3.88004 -1.58351 -3.88004 1.24947 0 0.230046 0 
2 1 0 30.2474 0.110584 142.521 -1.58331 -3.87935 -1.58331 -3.87935 1.25051 0 0.229929 0 
2 1 0 30.2424 0.110584 142.521 -1.58311 -3.87866 -1.58311 -3.87866 1.25153 0 0.229816 0 
2 1 0 30.2375 0.110584 142.521 -1.58291 -3.87797 -1.58291 -3.87797 1.25254 0 0.229705 0 
2 1 0 30.2325 0.110584 142.521 -1.58271 -3.87728 -1.58271 -3.87728 1.25353 0 0.229597 0 
2 1 0 30.2276 0.110584 142.521 -1.58251 -3.87659 -1.58251 -3.87659 1.25451 0 0.229492 0 
2 1 0 30.2226 0.110584 142.521 -1.58232 -3.87589 -1.58232 -3.87589 1.25548 0 0.22939 0 
2 1 0 30.2177 0.110584 142.521 -1.58212 -3.8752 -1.58212 -3.8752 1.25643 0 0.22929 0 
2 1 0 30.2128 0.110584 142.521 -1.58192 -3.8745 -1.58192 -3.8745 1.25737 0 0.229193 0 
2 1 0 30.2078 0.110584 142.521 -1.58173 -3.8738 -1.58173 -3.8738 1.25829 0 0.229098 0 
2 1 0 30.2029 0.110584 142.521 -1.58153 -3.8731 -1.58153 -3.8731 1.25921 0 0.229006 0 
2 1 0 30.1979 0.110584 142.521 -1.58134 -3.8724 -1.58134 -3.8724 1.2601 0 0.228916 0 
2 1 0 30.193 0.110584 142.521 -1.58114 -3.87169 -1.58114 -3.87169 1.26099 0 0.228829 0 
2 1 0 30.188 0.110584 142.521 -1.58095 -3.87099 -1.58095 -3.87099 1.26186 0 0.228744 0 
2 1 0 30.1831 0.110584 142.521 -1.58075 -3.87028 -1.58075 -3.87028 1.26272 0 0.228661 0 
2 1 0 30.1781 0.110584 142.521 -1.58056 -3.86957 -1.58056 -3.86957 1.26357 0 0.228581 0 
2 1 0 30.1732 0.110584 142.521 -1.58037 -3.86886 -1.58037 -3.86886 1.2644 0 0.228503 0 
2 1 0 30.1682 0.110584 142.521 -1.58017 -3.86815 -1.58017 -3.86815 1.26523 0 0.228427 0 
2 1 0 30.1633 0.110584 142.521 -1.57998 -3.86744 -1.57998 -3.86744 1.26604 0 0.228353 0 
2 1 0 30.1583 0.110584 142.521 -1.57979 -3.86673 -1.57979 -3.86673 1.26684 0 0.228282 0 
2 1 0 30.1534 0.110584 142.521 -1.5796 -3.86601 -1.5796 -3.86601 1.26762 0 0.228212 0 
2 1 0 30.1485 0.110584 142.521 -1.57941 -3.8653 -1.57941 -3.8653 1.2684 0 0.228145 0 
2 1 0 30.1435 0.110584 142.521 -1.57922 -3.86458 -1.57922 -3.86458 1.26917 0 0.22808 0 
2 1 0 30.1386 0.110584 142.521 -1.57903 -3.86386 -1.57903 -3.86386 1.26992 0 0.228017 0 
2 1 0 30.1336 0.110584 142.521 -1.57884 -3.86314 -1.57884 -3.86314 1.27066 0 0.227955 0 
2 1 0 30.1287 0.110584 142.521 -1.57865 -3.86242 -1.57865 -3.86242 1.27139 0 0.227896 0 
2 1 0 30.1237 0.110584 142.521 -1.57846 -3.86169 -1.57846 -3.86169 1.27211 0 0.227839 0 
2 1 0 30.1188 0.110584 142.521 -1.57827 -3.86097 -1.57827 -3.86097 1.27282 0 0.227784 0 
2 1 0 30.1138 0.110584 142.521 -1.57808 -3.86024 -1.57808 -3.86024 1.27352 0 0.22773 0 
2 1 0 30.1089 0.110584 142.521 -1.57789 -3.85951 -1.57789 -3.85951 1.27421 0 0.227679 0 
2 1 0 30.104 0.110584 142.521 -1.57771 -3.85879 -1.57771 -3.85879 1.27489 0 0.227629 0 
2 1 0 30.099 0.110584 142.521 -1.57752 -3.85806 -1.57752 -3.85806 1.27556 0 0.227581 0 
2 1 0 30.0941 0.110584 142.521 -1.57733 -3.85732 -1.57733 -3.85732 1.27622 0 0.227535 0 
2 1 0 30.0891 0.110584 142.521 -1.57715 -3.85659 -1.57715 -3.85659 1.27687 0 0.227491 0 
2 1 0 30.0842 0.110584 142.521 -1.57696 -3.85586 -1.57696 -3.85586 1.2775 0 0.227449 0 
2 1 0 30.0793 0.110584 142.521 -1.57677 -3.85512 -1.57677 -3.85512 1.27813 0 0.227408 0 
2 1 0 30.0743 0.110584 142.521 -1.57659 -3.85438 -1.57659 -3.85438 1.27875 0 0.227369 0 
2 1 0 30.0694 0.110584 142.521 -1.5764 -3.85365 -1.5764 -3.85365 1.27936 0 0.227332 0 
2 1 0 30.0644 0.110584 142.521 -1.57622 -3.85291 -1.57622 -3.85291 1.27996 0 0.227296 0 
2 1 0 30.0595 0.110584 142.521 -1.57603 -3.85216 -1.57603 -3.85216 1.28055 0 0.227262 0 
2 1 0 30.0545 0.110584 142.521 -1.57585 -3.85142 -1.57585 -3.85142 1.28113 0 0.22723 0 
2 1 0 30.0496 0.110584 142.521 -1.57567 -3.85068 -1.57567 -3.85068 1.2817 0 0.227199 0 
2 1 0 30.0447 0.110584 142.521 -1.57548 -3.84993 -1.57548 -3.84993 1.28226 0 0.22717 0 
2 1 0 30.0397 0.110584 142.521 -1.5753 -3.84919 -1.5753 -3.84919 1.28282 0 0.227143 0 
2 1 0 30.0348 0.110584 142.521 -1.57512 -3.84844 -1.57512 -3.84844 1.28336 0 0.227117 0 
2 1 0 30.0298 0.110584 142.521 -1.57493 -3.84769 -1.57493 -3.84769 1.2839 0 0.227092 0 
2 1 0 30.0249 0.110584 142.521 -1.57475 -3.84694 -1.57475 -3.84694 1.28442 0 0.22707 0 
2 1 0 30.02 0.110584 142.521 -1.57457 -3.84619 -1.57457 -3.84619 1.28494 0 0.227048 0 
2 1 0 30.015 0.110584 142.521 -1.57439 -3.84543 -1.57439 -3.84543 1.28545 0 0.227029 0 
2 1 0 30.0101 0.110584 142.521 -1.57421 -3.84468 -1.57421 -3.84468 1.28595 0 0.22701 0 
2 1 0 30.0051 0.110584 142.521 -1.57402 -3.84392 -1.57402 -3.84392 1.28644 0 0.226994 0 
2 1 0 30.0002 0.110584 142.521 -1.57384 -3.84317 -1.57384 -3.84317 1.28693 0 0.226978 0 
2 1 0 29.9953 0.110584 142.521 -1.57366 -3.84241 -1.57366 -3.84241 1.2874 0 0.226964 0 
2 1 0 29.9903 0.110584 142.521 -1.57348 -3.84165 -1.57348 -3.84165 1.28787 0 0.226952 0 
2 1 0 29.9854 0.110584 142.521 -1.5733 -3.84089 -1.5733 -3.84089 1.28833 0 0.226941 0 
2 1 0 29.9804 0.110584 142.521 -1.57312 -3.84013 -1.57312 -3.84013 1.28878 0 0.226931 0 
2 1 0 29.9755 0.110584 142.521 -1.57294 -3.83936 -1.57294 -3.83936 1.28922 0 0.226923 0 
2 1 0 29.9706 0.110584 142.521 -1.57276 -3.8386 -1.57276 -3.8386 1.28966 0 0.226917 0 
2 1 0 29.9656 0.110584 142.521 -1.57258 -3.83783 -1.57258 -3.83783 1.29008 0 0.226911 0 
2 1 0 29.9607 0.110584 142.521 -1.5724 -3.83706 -1.5724 -3.83706 1.2905 0 0.226907 0 
2 1 0 29.9558 0.110584 142.521 -1.57222 -3.83629 -1.57222 -3.83629 1.29091 0 0.226904 0 
2 1 0 29.9508 0.110584 142.521 -1.57204 -3.83552 -1.57204 -3.83552 1.29131 0 0.226903 0 
2 1 0 29.9459 0.110584 142.521 -1.57186 -3.83475 -1.57186 -3.83475 1.29171 0 0.226903 0 
2 1 0 29.9409 0.110584 142.521 -1.57168 -3.83398 -1.57168 -3.83398 1.2921 0 0.226904 0 
2 1 0 29.936 0.110584 142.521 -1.57151 -3.8332 -1.57151 -3.8332 1.29248 0 0.226907 0 
2 1 0 29.9311 0.110584 142.521 -1.57133 -3.83243 -1.57133 -3.83243 1.29285 0 0.226911 0 
2 1 0 29.9261 0.110584 142.521 -1.57115 -3.83165 -1.57115 -3.83165 1.29321 0 0.226916 0 
2 1 0 29.9212 0.110584 142.521 -1.57097 -3.83087 -1.57097 -3.83087 1.29357 0 0.226923 0 
2 1 0 29.9163 0.110584 142.521 -1.5708 -3.83009 -1.5708 -3.83009 1.29392 0 0.226931 0 
2 1 0 29.9113 0.110584 142.521 -1.57062 -3.82931 -1.57062 -3.82931 1.29426 0 0.22694 0 
2 1 0 29.9064 0.110584 142.521 -1.57044 -3.82853 -1.57044 -3.82853 1.2946 0 0.22695 0 
2 1 0 29.9015 0.110584 142.521 -1.57026 -3.82775 -1.57026 -3.82775 1.29493 0 0.226961 0 
2 1 0 29.8965 0.110584 142.521 -1.57009 -3.82696 -1.57009 -3.82696 1.29525 0 0.226974 0 
2 1 0 29.8916 0.110584 142.521 -1.56991 -3.82617 -1.56991 -3.82617 1.29556 0 0.226988 0 
2 1 0 29.8867 0.110584 142.521 -1.56973 -3.82539 -1.56973 -3.82539 1.29587 0 0.227003 0 
2 1 0 29.8817 0.110584 142.521 -1.56956 -3.8246 -1.56956 -3.8246 1.29617 0 0.22702 0 
2 1 0 29.8768 0.110584 142.521 -1.56938 -3.82381 -1.56938 -3.82381 1.29646 0 0.227037 0 
2 1 0 29.8719 0.110584 142.521 -1.5692 -3.82301 -1.5692 -3.82301 1.29674 0 0.227056 0 
2 1 0 29.8669 0.110584 142.521 -1.56903 -3.82222 -1.56903 -3.82222 1.29702 0 0.227076 0 
2 1 0 29.862 0.110584 142.521 -1.56885 -3.82143 -1.56885 -3.82143 1.29729 0 0.227097 0 
2 1 0 29.8571 0.110584 142.521 -1.56868 -3.82063 -1.56868 -3.82063 1.29756 0 0.22712 0 
2 1 0 29.8521 0.110584 142.521 -1.5685 -3.81983 -1.5685 -3.81983 1.29782 0 0.227143 0 
2 1 0 29.8472 0.110584 142.521 -1.56833 -3.81904 -1.56833 -3.81904 1.29807 0 0.227168 0 
2 1 0 29.8423 0.110584 142.521 -1.56815 -3.81824 -1.56815 -3.81824 1.29831 0 0.227194 0 
2 1 0 29.8373 0.110584 142.521 -1.56798 -3.81743 -1.56798 -3.81743 1.29855 0 0.227221 0 
2 1 0 29.8324 0.110584 142.521 -1.5678 -3.81663 -1.5678 -3.81663 1.29878 0 0.227249 0 
2 1 0 29.8275 0.110584 142.521 -1.56763 -3.81583 -1.56763 -3.81583 1.299 0 0.227278 0 
2 1 0 29.8225 0.110584 142.521 -1.56745 -3.81502 -1.56745 -3.81502 1.29922 0 0.227308 0 
2 1 0 29.8176 0.110584 142.521 -1.56728 -3.81422 -1.56728 -3.81422 1.29943 0 0.22734 0 
2 1 0 29.8127 0.110584 142.521 -1.5671 -3.81341 -1.5671 -3.81341 1.29964 0 0.227372 0 
2 1 0 29.8077 0.110584 142.521 -1.56693 -3.8126 -1.56693 -3.8126 1.29984 0 0.227406 0 
2 1 0 29.8028 0.110584 142.521 -1.56676 -3.81179 -1.56676 -3.81179 1.30003 0 0.227441 0 
2 1 0 29.7979 0.110584 142.521 -1.56658 -3.81098 -1.56658 -3.81098 1.30021 0 0.227476 0 
2 1 0 29.7929 0.110584 142.521 -1.56641 -3.81016 -1.56641 -3.81016 1.30039 0 0.227513 0 
2 1 0 29.788 0.110584 142.521 -1.56624 -3.80935 -1.56624 -3.80935 1.30056 0 0.227551 0 
2 1 0 29.7831 0.110584 142.521 -1.56606 -3.80853 -1.56606 -3.80853 1.30073 0 0.22759 0 
2 1 0 29.7782 0.110584 142.521 -1.56589 -3.80771 -1.56589 -3.80771 1.30089 0 0.227631 0 
2 1 0 29.7732 0.110584 142.521 -1.56572 -3.8069 -1.56572 -3.8069 1.30104 0 0.227672 0 
2 1 0 29.7683 0.110584 142.521 -1.56554 -3.80608 -1.56554 -3.80608 1.30119 0 0.227714 0 
2 1 0 29.7634 0.110584 142.521 -1.56537 -3.80525 -1.56537 -3.80525 1.30133 0 0.227757 0 
2 1 0 29.7584 0.110584 142.521 -1.5652 -3.80443 -1.5652 -3.80443 1.30147 0 0.227802 0 
2 1 0 29.7535 0.110584 142.521 -1.56502 -3.80361 -1.56502 -3.80361 1.3016 0 0.227847 0 
2 1 0 29.7486 0.110584 142.521 -1.56485 -3.80278 -1.56485 -3.80278 1.30172 0 0.227894 0 
2 1 0 29.7437 0.110584 142.521 -1.56468 -3.80195 -1.56468 -3.80195 1.30184 0 0.227941 0 
2 1 0 29.7387 0.110584 142.521 -1.56451 -3.80113 -1.56451 -3.80113 1.30195 0 0.22799 0 
2 1 0 29.7338 0.110584 142.521 -1.56433 -3.8003 -1.56433 -3.8003 1.30205 0 0.228039 0 
2 1 0 29.7289 0.110584 142.521 -1.56416 -3.79946 -1.56416 -3.79946 1.30215 0 0.22809 0 
2 1 0 29.7239 0.110584 142.521 -1.56399 -3.79863 -1.56399 -3.79863 1.30225 0 0.228141 0 
2 1 0 29.719 0.110584 142.521 -1.56382 -3.7978 -1.56382 -3.7978 1.30233 0 0.228194 0 
2 1 0 29.7141 0.110584 142.521 -1.56365 -3.79696 -1.56365 -3.79696 1.30242 0 0.228248 0 
2 1 0 29.7092 0.110584 142.521 -1.56347 -3.79613 -1.56347 -3.79613 1.30249 0 0.228302 0 
2 1 0 29.7042 0.110584 142.521 -1.5633 -3.79529 -1.5633 -3.79529 1.30256 0 0.228358 0 
2 1 0 29.6993 0.110584 142.521 -1.56313 -3.79445 -1.56313 -3.79445 1.30262 0 0.228414 0 
2 1 0 29.6944 0.110584 142.521 -1.56296 -3.79361 -1.56296 -3.79361 1.30268 0 0.228472 0 
2 1 0 29.6895 0.110584 142.521 -1.56279 -3.79276 -1.56279 -3.79276 1.30273 0 0.228531 0 
2 1 0 29.6845 0.110584 142.521 -1.56262 -3.79192 -1.56262 -3.79192 1.30278 0 0.22859 0 
2 1 0 29.6796 0.110584 142.521 -1.56244 -3.79107 -1.56244 -3.79107 1.30282 0 0.228651 0 
2 1 0 29.6747 0.110584 142.521 -1.56227 -3.79023 -1.56227 -3.79023 1.30286 0 0.228713 0 
2 1 0 29.6698 0.110584 142.521 -1.5621 -3.78938 -1.5621 -3.78938 1.30289 0 0.228775 0 
2 1 0 29.6648 0.110584 142.521 -1.56193 -3.78853 -1.56193 -3.78853 1.30291 0 0.228839 0 
2 1 0 29.6599 0.110584 142.521 -1.56176 -3.78768 -1.56176 -3.78768 1.30293 0 0.228903 0 
2 1 0 29.655 0.110584 142.521 -1.56159 -3.78683 -1.56159 -3.78683 1.30294 0 0.228969 0 
2 1 0 29.6501 0.110584 142.521 -1.56142 -3.78597 -1.56142 -3.78597 1.30295 0 0.229035 0 
2 1 0 29.6451 0.110584 142.521 -1.56125 -3.78512 -1.56125 -3.78512 1.30295 0 0.229102 0 
2 1 0 29.6402 0.110584 142.521 -1.56108 -3.78426 -1.56108 -3.78426 1.30294 0 0.229171 0 
2 1 0 29.6353 0.110584 142.521 -1.56091 -3.7834 -1.56091 -3.7834 1.30294 0 0.22924 0 
2 1 0 29.6304 0.110584 142.521 -1.56074 -3.78254 -1.56074 -3.78254 1.30292 0 0.22931 0 
2 1 0 29.6255 0.110584 142.521 -1.56057 -3.78168 -1.56057 -3.78168 1.3029 0 0.229382 0 
2 1 0 29.6205 0.110584 142.521 -1.56039 -3.78082 -1.56039 -3.78082 1.30287 0 0.229454 0 
2 1 0 29.6156 0.110584 142.521 -1.56022 -3.77995 -1.56022 -3.77995 1.30284 0 0.229527 0 
2 1 0 29.6107 0.110584 142.521 -1.56005 -3.77909 -1.56005 -3.77909 1.3028 0 0.229601 0 
2 1 0 29.6058 0.110584 142.521 -1.55988 -3.77822 -1.55988 -3.77822 1.30276 0 0.229676 0 
2 1 0 29.6008 0.110584 142.521 -1.55971 -3.77735 -1.55971 -3.77735 1.30271 0 0.229752 0 
2 1 0 29.5959 0.110584 142.521 -1.55954 -3.77648 -1.55954 -3.77648 1.30266 0 0.229829 0 
2 1 0 29.591 0.110584 142.521 -1.55937 -3.77561 -1.55937 -3.77561 1.3026 0 0.229907 0 
2 1 0 29.5861 0.110584 142.521 -1.5592 -3.77474 -1.5592 -3.77474 1.30254 0 0.229986 0 
2 1 0 29.5812 0.110584 142.521 -1.55903 -3.77386 -1.55903 -3.77386 1.30247 0 0.230065 0 
2 1 0 29.5762 0.110584 142.521 -1.55886 -3.77299 -1.55886 -3.77299 1.3024 0 0.230146 0 
2 1 0 29.5713 0.110584 142.521 -1.55869 -3.77211 -1.55869 -3.77211 1.30232 0 0.230228 0 
2 1 0 29.5664 0.110584 142.521 -1.55852 -3.77123 -1.55852 -3.77123 1.30223 0 0.23031 0 
2 1 0 29.5615 0.110584 142.521 -1.55835 -3.77035 -1.55835 -3.77035 1.30214 0 0.230394 0 
2 1 0 29.5566 0.110584 142.521 -1.55818 -3.76947 -1.55818 -3.76947 1.30205 0 0.230478 0 
2 1 0 29.5516 0.110584 142.521 -1.55801 -3.76859 -1.55801 -3.76859 1.30195 0 0.230563 0 
2 1 0 29.5467 0.110584 142.521 -1.55784 -3.7677 -1.55784 -3.7677 1.30184 0 0.230649 0 
2 1 0 29.5418 0.110584 142.521 -1.55767 -3.76681 -1.55767 -3.76681 1.30173 0 0.230737 0 
2 1 0 29.5369 0.110584 142.521 -1.5575 -3.76593 -1.5575 -3.76593 1.30161 0 0.230825 0 
2 1 0 29.532 0.110584 142.521 -1.55734 -3.76504 -1.55734 -3.76504 1.30149 0 0.230914 0 
2 1 0 29.5271 0.110584 142.521 -1.55717 -3.76414 -1.55717 -3.76414 1.30137 0 0.231003 0 
2 1 0 29.5221 0.110584 142.521 -1.557 -3.76325 -1.557 -3.76325 1.30123 0 0.231094 0 
2 1 0 29.5172 0.110584 142.521 -1.55683 -3.76236 -1.55683 -3.76236 1.3011 0 0.231186 0 
2 1 0 29.5123 0.110584 142.521 -1.55666 -3.76146 -1.55666 -3.76146 1.30096 0 0.231279 0 
2 1 0 29.5074 0.110584 142.521 -1.55649 -3.76056 -1.55649 -3.76056 1.30081 0 0.231372 0 
2 1 0 29.5025 0.110584 142.521 -1.55632 -3.75967 -1.55632 -3.75967 1.30066 0 0.231467 0 
2 1 0 29.4976 0.110584 142.521 -1.55615 -3.75876 -1.55615 -3.75876 1.3005 0 0.231562 0 
2 1 0 29.4926 0.110584 142.521 -1.55598 -3.75786 -1.55598 -3.75786 1.30034 0 0.231658 0 
2 1 0 29.4877 0.110584 142.521 -1.55581 -3.75696 -1.55581 -3.75696 1.30017 0 0.231756 0 
2 1 0 29.4828 0.110584 142.521 -1.55564 -3.75605 -1.55564 -3.75605 1.3 0 0.231854 0 
2 1 0 29.4779 0.110584 142.521 -1.55547 -3.75515 -1.55547 -3.75515 1.29983 0 0.231953 0 
2 1 0 29.473 0.110584 142.521 -1.5553 -3.75424 -1.5553 -3.75424 1.29964 0 0.232053 0 
2 1 0 29.4681 0.110584 142.521 -1.55513 -3.75333 -1.55513 -3.75333 1.29946 0 0.232153 0 
2 1 0 29.4632 0.110584 142.521 -1.55496 -3.75242 -1.55496 -3.75242 1.29927 0 0.232255 0 
2 1 0 29.4583 0.110584 142.521 -1.55479 -3.7515 -1.55479 -3.7515 1.29907 0 0.232358 0 
2 1 0 29.4533 0.110584 142.521 -1.55462 -3.75059 -1.55462 -3.75059 1.29887 0 0.232461 0 
2 1 0 29.4484 0.110584 142.521 -1.55446 -3.74967 -1.55446 -3.74967 1.29866 0 0.232566 0 
2 1 0 29.4435 0.110584 142.521 -1.55429 -3.74875 -1.55429 -3.74875 1.29845 0 0.232671 0 
2 1 0 29.4386 0.110584 142.521 -1.55412 -3.74783 -1.55412 -3.74783 1.29823 0 0.232777 0 
2 1 0 29.4337 0.110584 142.521 -1.55395 -3.74691 -1.55395 -3.74691 1.29801 0 0.232884 0 
2 1 0 29.4288 0.110584 142.521 -1.55378 -3.74599 -1.55378 -3.74599 1.29779 0 0.232992 0 
2 1 0 29.4239 0.110584 142.521 -1.55361 -3.74507 -1.55361 -3.74507 1.29756 0 0.233101 0 
2 1 0 29.419 0.110584 142.521 -1.55344 -3.74414 -1.55344 -3.74414 1.29732 0 0.233211 0 
2 1 0 29.414 0.110584 142.521 -1.55327 -3.74321 -1.55327 -3.74321 1.29708 0 0.233322 0 
2 1 0 29.4091 0.110584 142.521 -1.5531 -3.74228 -1.5531 -3.74228 1.29684 0 0.233434 0 
2 1 0 29.4042 0.110584 142.521 -1.55293 -3.74135 -1.55293 -3.74135 1.29659 0 0.233546 0 
2 1 0 29.3993 0.110584 142.521 -1.55276 -3.74042 -1.55276 -3.74042 1.29633 0 0.23366 0 
2 1 0 29.3944 0.110584 142.521 -1.55259 -3.73948 -1.55259 -3.73948 1.29607 0 0.233774 0 
2 1 0 29.3895 0.110584 142.521 -1.55242 -3.73855 -1.55242 -3.73855 1.29581 0 0.233889 0 
2 1 0 29.3846 0.110584 142.521 -1.55225 -3.73761 -1.55225 -3.73761 1.29554 0 0.234005 0 
2 1 0 29.3797 0.110584 142.521 -1.55209 -3.73667 -1.55209 -3.73667 1.29527 0 0.234122 0 
2 1 0 29.3748 0.110584 142.521 -1.55192 -3.73573 -1.55192 -3.73573 1.29499 0 0.23424 0 
2 1 0 29.3699 0.110584 142.521 -1.55175 -3.73478 -1.55175 -3.73478 1.2947 0 0.234359 0 
2 1 0 29.365 0.110584 142.521 -1.55158 -3.73384 -1.55158 -3.73384 1.29442 0 0.234479 0 
2 1 0 29.3601 0.110584 142.521 -1.55141 -3.73289 -1.55141 -3.73289 1.29412 0 0.2346 0 
2 1 0 29.3552 0.110584 142.521 -1.55124 -3.73194 -1.55124 -3.73194 1.29383 0 0.234721 0 
2 1 0 29.3502 0.110584 142.521 -1.55107 -3.73099 -1.55107 -3.73099 1.29352 0 0.234844 0 
2 1 0 29.3453 0.110584 142.521 -1.5509 -3.73004 -1.5509 -3.73004 1.29322 0 0.234967 0 
2 1 0 29.3404 0.110584 142.521 -1.55073 -3.72909 -1.55073 -3.72909 1.29291 0 0.235091 0 
2 1 0 29.3355 0.110584 142.521 -1.55056 -3.72813 -1.55056 -3.72813 1.29259 0 0.235216 0 
2 1 0 29.3306 0.110584 142.521 -1.55039 -3.72718 -1.55039 -3.72718 1.29227 0 0.235342 0 
2 1 0 29.3257 0.110584 142.521 -1.55022 -3.72622 -1.55022 -3.72622 1.29195 0 0.235469 0 
2 1 0 29.3208 0.110584 142.521 -1.55005 -3.72526 -1.55005 -3.72526 1.29162 0 0.235597 0 
2 1 0 29.3159 0.110584 142.521 -1.54988 -3.7243 -1.54988 -3.7243 1.29128 0 0.235726 0 
2 1 0 29.311 0.110584 142.521 -1.54971 -3.72333 -1.54971 -3.72333 1.29094 0 0.235856 0 
2 1 0 29.3061 0.110584 142.521 -1.54954 -3.72236 -1.54954 -3.72236 1.2906 0 0.235986 0 
2 1 0 29.3012 0.110584 142.521 -1.54937 -3.7214 -1.54937 -3.7214 1.29025 0 0.236118 0 
2 1 0 29.2963 0.110584 142.521 -1.5492 -3.72043 -1.5492 -3.72043 1.2899 0 0.23625 0 
2 1 0 29.2914 0.110584 142.521 -1.54904 -3.71946 -1.54904 -3.71946 1.28954 0 0.236384 0 
2 1 0 29.2865 0.110584 142.521 -1.54887 -3.71848 -1.54887 -3.71848 1.28918 0 0.236518 0 
2 1 0 29.2816 0.110584 142.521 -1.5487 -3.71751 -1.5487 -3.71751 1.28881 0 0.236653 0 
2 1 0 29.2767 0.110584 142.521 -1.54853 -3.71653 -1.54853 -3.71653 1.28844 0 0.236789 0 
2 1 0 29.2718 0.110584 142.521 -1.54836 -3.71555 -1.54836 -3.71555 1.28806 0 0.236926 0 
2 1 0 29.2669 0.110584 142.521 -1.54819 -3.71457 -1.54819 -3.71457 1.28768 0 0.237064 0 
2 1 0 29.262 0.110584 142.521 -1.54802 -3.71359 -1.54802 -3.71359 1.2873 0 0.237202 0 
2 1 0 29.2571 0.110584 142.521 -1.54785 -3.7126 -1.54785 -3.7126 1.28691 0 0.237342 0 
2 1 0 29.2522 0.110584 142.521 -1.54768 -3.71162 -1.54768 -3.71162 1.28652 0 0.237483 0 
2 1 0 29.2473 0.110584 142.521 -1.54751 -3.71063 -1.54751 -3.71063 1.28612 0 0.237624 0 
2 1 0 29.2424 0.110584 142.521 -1.54734 -3.70964 -1.54734 -3.70964 1.28572 0 0.237767 0 
2 1 0 29.2375 0.110584 142.521 -1.54717 -3.70865 -1.54717 -3.70865 1.28531 0 0.23791 0 
2 1 0 29.2326 0.110584 142.521 -1.547 -3.70765 -1.547 -3.70765 1.2849 0 0.238054 0 
2 1 0 29.2277 0.110584 142.521 -1.54682 -3.70666 -1.54682 -3.70666 1.28448 0 0.238199 0 
2 1 0 29.2228 0.110584 142.521 -1.54665 -3.70566 -1.54665 -3.70566 1.28406 0 0.238346 0 
2 1 0 29.2179 0.110584 142.521 -1.54648 -3.70466 -1.54648 -3.70466 1.28364 0 0.238493 0 
2 1 0 29.213 0.110584 142.521 -1.54631 -3.70366 -1.54631 -3.70366 1.28321 0 0.238641 0 
2 1 0 29.2081 0.110584 142.521 -1.54614 -3.70266 -1.54614 -3.70266 1.28277 0 0.238789 0 
2 1 0 29.2032 0.110584 142.521 -1.54597 -3.70165 -1.54597 -3.70165 1.28233 0 0.238939 0 
2 1 0 29.1983 0.110584 142.521 -1.5458 -3.70064 -1.5458 -3.70064 1.28189 0 0.23909 0 
2 1 0 29.1934 0.110584 142.521 -1.54563 -3.69963 -1.54563 -3.69963 1.28144 0 0.239242 0 
2 1 0 29.1886 0.110584 142.521 -1.54546 -3.69862 -1.54546 -3.69862 1.28099 0 0.239394 0 
2 1 0 29.1837 0.110584 142.521 -1.54529 -3.69761 -1.54529 -3.69761 1.28054 0 0.239548 0 
2 1 0 29.1788 0.110584 142.521 -1.54512 -3.69659 -1.54512 -3.69659 1.28008 0 0.239702 0 
2 1 0 29.1739 0.110584 142.521 -1.54495 -3.69557 -1.54495 -3.69557 1.27961 0 0.239857 0 
2 1 0 29.169 0.110584 142.521 -1.54478 -3.69455 -1.54478 -3.69455 1.27914 0 0.240014 0 
2 1 0 29.1641 0.110584 142.521 -1.5446 -3.69353 -1.5446 -3.69353 1.27867 0 0.240171 0 
2 1 0 29.1592 0.110584 142.521 -1.54443 -3.69251 -1.54443 -3.69251 1.27819 0 0.240329 0 
2 1 0 29.1543 0.110584 142.521 -1.54426 -3.69148 -1.54426 -3.69148 1.27771 0 0.240488 0 
2 1 0 29.1494 0.110584 142.521 -1.54409 -3.69046 -1.54409 -3.69046 1.27722 0 0.240648 0 
2 1 0 29.1445 0.110584 142.521 -1.54392 -3.68943 -1.54392 -3.68943 1.27673 0 0.240809 0 
2 1 0 29.1396 0.110584 142.521 -1.54375 -3.68839 -1.54375 -3.68839 1.27623 0 0.240971 0 
2 1 0 29.1347 0.110584 142.521 -1.54358 -3.68736 -1.54358 -3.68736 1.27573 0 0.241134 0 
2 1 0 29.1299 0.110584 142.521 -1.5434 -3.68632 -1.5434 -3.68632 1.27523 0 0.241298 0 
2 1 0 29.125 0.110584 142.521 -1.54323 -3.68529 -1.54323 -3.68529 1.27472 0 0.241463 0 
2 1 0 29.1201 0.110584 142.521 -1.54306 -3.68424 -1.54306 -3.68424 1.27421 0 0.241629 0 
2 1 0 29.1152 0.110584 142.521 -1.54289 -3.6832 -1.54289 -3.6832 1.27369 0 0.241796 0 
2 1 0 29.1103 0.110584 142.521 -1.54272 -3.68216 -1.54272 -3.68216 1.27317 0 0.241963 0 
2 1 0 29.1054 0.110584 142.521 -1.54254 -3.68111 -1.54254 -3.68111 1.27264 0 0.242132 0 
2 1 0 29.1005 0.110584 142.521 -1.54237 -3.68006 -1.54237 -3.68006 1.27211 0 0.242301 0 
2 1 0 29.0957 0.110584 142.521 -1.5422 -3.67901 -1.5422 -3.67901 1.27158 0 0.242472 0 
2 1 0 29.0908 0.110584 142.521 -1.54203 -3.67796 -1.54203 -3.67796 1.27104 0 0.242644 0 
2 1 0 29.0859 0.110584 142.521 -1.54185 -3.6769 -1.54185 -3.6769 1.27049 0 0.242816 0 
2 1 0 29.081 0.110584 142.521 -1.54168 -3.67584 -1.54168 -3.67584 1.26995 0 0.24299 0 
2 1 0 29.0761 0.110584 142.521 -1.54151 -3.67478 -1.54151 -3.67478 1.2694 0 0.243164 0 
2 1 0 29.0712 0.110584 142.521 -1.54134 -3.67372 -1.54134 -3.67372 1.26884 0 0.243339 0 
2 1 0 29.0664 0.110584 142.521 -1.54116 -3.67266 -1.54116 -3.67266 1.26828 0 0.243516 0 
2 1 0 29.0615 0.110584 142.521 -1.54099 -3.67159 -1.54099 -3.67159 1.26771 0 0.243693 0 
2 1 0 29.0566 0.110584 142.521 -1.54082 -3.67052 -1.54082 -3.67052 1.26715 0 0.243871 0 
2 1 0 29.0517 0.110584 142.521 -1.54064 -3.66945 -1.54064 -3.66945 1.26657 0 0.244051 0 
2 1 0 29.0468 0.110584 142.521 -1.54047 -3.66838 -1.54047 -3.66838 1.26599 0 0.244231 0 
2 1 0 29.042 0.110584 142.521 -1.5403 -3.6673 -1.5403 -3.6673 1.26541 0 0.244412 0 
2 1 0 29.0371 0.110584 142.521 -1.54012 -3.66622 -1.54012 -3.66622 1.26483 0 0.244595 0 
2 1 0 29.0322 0.110584 142.521 -1.53995 -3.66514 -1.53995 -3.66514 1.26424 0 0.244778 0 
2 1 0 29.0273 0.110584 142.521 -1.53978 -3.66406 -1.53978 -3.66406 1.26364 0 0.244962 0 
2 1 0 29.0224 0.110584 142.521 -1.5396 -3.66297 -1.5396 -3.66297 1.26304 0 0.245147 0 
2 1 0 29.0176 0.110584 142.521 -1.53943 -3.66188 -1.53943 -3.66188 1.26244 0 0.245334 0 
2 1 0 29.0127 0.110584 142.521 -1.53925 -3.66079 -1.53925 -3.66079 1.26183 0 0.245521 0 
2 1 0 29.0078 0.110584 142.521 -1.53908 -3.6597 -1.53908 -3.6597 1.26122 0 0.245709 0 
2 1 0 29.0029 0.110584 142.521 -1.5389 -3.65861 -1.5389 -3.65861 1.26061 0 0.245899 0 
2 1 0 28.9981 0.110584 142.521 -1.53873 -3.65751 -1.53873 -3.65751 1.25999 0 0.246089 0 
2 1 0 28.9932 0.110584 142.521 -1.53855 -3.65641 -1.53855 -3.65641 1.25936 0 0.24628 0 
2 1 0 28.9883 0.110584 142.521 -1.53838 -3.65531 -1.53838 -3.65531 1.25873 0 0.246472 0 
2 1 0 28.9834 0.110584 142.521 -1.5382 -3.6542 -1.5382 -3.6542 1.2581 0 0.246666 0 
2 1 0 28.9786 0.110584 142.521 -1.53803 -3.6531 -1.53803 -3.6531 1.25746 0 0.24686 0 
2 1 0 28.9737 0.110584 142.521 -1.53785 -3.65199 -1.53785 -3.65199 1.25682 0 0.247055 0 
2 1 0 28.9688 0.110584 142.521 -1.53768 -3.65087 -1.53768 -3.65087 1.25618 0 0.247252 0 
2 1 0 28.9639 0.110584 142.521 -1.5375 -3.64976 -1.5375 -3.64976 1.25553 0 0.247449 0 
2 1 0 28.9591 0.110584 142.521 -1.53733 -3.64864 -1.53733 -3.64864 1.25488 0 0.247648 0 
2 1 0 28.9542 0.110584 142.521 -1.53715 -3.64752 -1.53715 -3.64752 1.25422 0 0.247847 0 
2 1 0 28.9493 0.110584 142.521 -1.53697 -3.6464 -1.53697 -3.6464 1.25356 0 0.248048 0 
2 1 0 28.9445 0.110584 142.521 -1.5368 -3.64528 -1.5368 -3.64528 1.25289 0 0.248249 0 
2 1 0 28.9396 0.110584 142.521 -1.53662 -3.64415 -1.53662 -3.64415 1.25222 0 0.248452 0 
2 1 0 28.9347 0.110584 142.521 -1.53644 -3.64302 -1.53644 -3.64302 1.25154 0 0.248656 0 
2 1 0 28.9299 0.110584 142.521 -1.53627 -3.64188 -1.53627 -3.64188 1.25087 0 0.24886 0 
2 1 0 28.925 0.110584 142.521 -1.53609 -3.64075 -1.53609 -3.64075 1.25018 0 0.249066 0 
2 1 0 28.9201 0.110584 142.521 -1.53591 -3.63961 -1.53591 -3.63961 1.2495 0 0.249273 0 
2 1 0 28.9153 0.110584 142.521 -1.53574 -3.63847 -1.53574 -3.63847 1.24881 0 0.249481 0 
2 1 0 28.9104 0.110584 142.521 -1.53556 -3.63733 -1.53556 -3.63733 1.24811 0 0.24969 0 
2 1 0 28.9055 0.110584 142.521 -1.53538 -3.63618 -1.53538 -3.63618 1.24741 0 0.2499 0 
2 1 0 28.9007 0.110584 142.521 -1.5352 -3.63503 -1.5352 -3.63503 1.24671 0 0.250111 0 
2 1 0 28.8958 0.110584 142.521 -1.53503 -3.63388 -1.53503 -3.63388 1.246 0 0.250323 0 
2 1 0 28.891 0.110584 142.521 -1.53485 -3.63273 -1.53485 -3.63273 1.24529 0 0.250536 0 
2 1 0 28.8861 0.110584 142.521 -1.53467 -3.63157 -1.53467 -3.63157 1.24457 0 0.25075 0 
2 1 0 28.8812 0.110584 142.521 -1.53449 -3.63041 -1.53449 -3.63041 1.24385 0 0.250966 0 
2 1 0 28.8764 0.110584 142.521 -1.53431 -3.62925 -1.53431 -3.62925 1.24313 0 0.251182 0 
2 1 0 28.8715 0.110584 142.521 -1.53413 -3.62808 -1.53413 -3.62808 1.2424 0 0.2514 0 
2 1 0 28.8667 0.110584 142.521 -1.53395 -3.62691 -1.53395 -3.62691 1.24167 0 0.251618 0 
2 1 0 28.8618 0.110584 142.521 -1.53377 -3.62574 -1.53377 -3.62574 1.24093 0 0.251838 0 
2 1 0 28.8569 0.110584 142.521 -1.53359 -3.62457 -1.53359 -3.62457 1.24019 0 0.252059 0 
2 1 0 28.8521 0.110584 142.521 -1.53342 -3.62339 -1.53342 -3.62339 1.23944 0 0.252281 0 
2 1 0 28.8472 0.110584 142.521 -1.53324 -3.62221 -1.53324 -3.62221 1.2387 0 0.252504 0 
2 1 0 28.8424 0.110584 142.521 -1.53306 -3.62103 -1.53306 -3.62103 1.23794 0 0.252728 0 
2 1 0 28.8375 0.110584 142.521 -1.53287 -3.61984 -1.53287 -3.61984 1.23719 0 0.252953 0 
2 1 0 28.8327 0.110584 142.521 -1.53269 -3.61866 -1.53269 -3.61866 1.23642 0 0.253179 0 
2 1 0 28.8278 0.110584 142.521 -1.53251 -3.61746 -1.53251 -3.61746 1.23566 0 0.253407 0 
2 1 0 28.823 0.110584 142.521 -1.53233 -3.61627 -1.53233 -3.61627 1.23489 0 0.253636 0 
2 1 0 28.8181 0.110584 142.521 -1.53215 -3.61507 -1.53215 -3.61507 1.23412 0 0.253865 0 
2 1 0 28.8133 0.110584 142.521 -1.53197 -3.61387 -1.53197 -3.61387 1.23334 0 0.254096 0 
2 1 0 28.8084 0.110584 142.521 -1.53179 -3.61267 -1.53179 -3.61267 1.23256 0 0.254328 0 
2 1 0 28.8036 0.110584 142.521 -1.53161 -3.61146 -1.53161 -3.61146 1.23177 0 0.254561 0 
2 1 0 28.7987 0.110584 142.521 -1.53142 -3.61025 -1.53142 -3.61025 1.23098 0 0.254795 0 
2 1 0 28.7939 0.110584 142.521 -1.53124 -3.60904 -1.53124 -3.60904 1.23019 0 0.255031 0 
2 1 0 28.789 0.110584 142.521 -1.53106 -3.60782 -1.53106 -3.60782 1.22939 0 0.255267 0 
2 1 0 28.7842 0.110584 142.521 -1.53088 -3.6066 -1.53088 -3.6066 1.22859 0 0.255505 0 
2 1 0 28.7793 0.110584 142.521 -1.53069 -3.60538 -1.53069 -3.60538 1.22778 0 0.255744 0 
2 1 0 28.7745 0.110584 142.521 -1.53051 -3.60415 -1.53051 -3.60415 1.22697 0 0.255984 0 
2 1 0 28.7696 0.110584 142.521 -1.53033 -3.60293 -1.53033 -3.60293 1.22616 0 0.256225 0 
2 1 0 28.7648 0.110584 142.521 -1.53014 -3.60169 -1.53014 -3.60169 1.22534 0 0.256468 0 
2 1 0 28.76 0.110584 142.521 -1.52996 -3.60046 -1.52996 -3.60046 1.22451 0 0.256711 0 
2 1 0 28.7551 0.110584 142.521 -1.52978 -3.59922 -1.52978 -3.59922 1.22369 0 0.256956 0 
2 1 0 28.7503 0.110584 142.521 -1.52959 -3.59798 -1.52959 -3.59798 1.22286 0 0.257202 0 
2 1 0 28.7454 0.110584 142.521 -1.52941 -3.59673 -1.52941 -3.59673 1.22202 0 0.257449 0 
2 1 0 28.7406 0.110584 142.521 -1.52922 -3.59548 -1.52922 -3.59548 1.22118 0 0.257697 0 
2 1 0 28.7358 0.110584 142.521 -1.52904 -3.59423 -1.52904 -3.59423 1.22034 0 0.257947 0 
2 1 0 28.7309 0.110584 142.521 -1.52885 -3.59298 -1.52885 -3.59298 1.2195 0 0.258197 0 
2 1 0 28.7261 0.110584 142.521 -1.52866 -3.59172 -1.52866 -3.59172 1.21864 0 0.258449 0 
2 1 0 28.7213 0.110584 142.521 -1.52848 -3.59045 -1.52848 -3.59045 1.21779 0 0.258702 0 
2 1 0 28.7164 0.110584 142.521 -1.52829 -3.58919 -1.52829 -3.58919 1.21693 0 0.258956 0 
2 1 0 28.7116 0.110584 142.521 -1.5281 -3.58792 -1.5281 -3.58792 1.21607 0 0.259212 0 
2 1 0 28.7068 0.110584 142.521 -1.52792 -3.58665 -1.52792 -3.58665 1.2152 0 0.259469 0 
2 1 0 28.7019 0.110584 142.521 -1.52773 -3.58537 -1.52773 -3.58537 1.21433 0 0.259727 0 
2 1 0 28.6971 0.110584 142.521 -1.52754 -3.58409 -1.52754 -3.58409 1.21346 0 0.259986 0 
2 1 0 28.6923 0.110584 142.521 -1.52735 -3.58281 -1.52735 -3.58281 1.21258 0 0.260246 0 
2 1 0 28.6874 0.110584 142.521 -1.52717 -3.58152 -1.52717 -3.58152 1.21169 0 0.260508 0 
2 1 0 28.6826 0.110584 142.521 -1.52698 -3.58023 -1.52698 -3.58023 1.21081 0 0.260771 0 
2 1 0 28.6778 0.110584 142.521 -1.52679 -3.57893 -1.52679 -3.57893 1.20992 0 0.261035 0 
2 1 0 28.673 0.110584 142.521 -1.5266 -3.57763 -1.5266 -3.57763 1.20902 0 0.2613 0 
2 1 0 28.6681 0.110584 142.521 -1.52641 -3.57633 -1.52641 -3.57633 1.20812 0 0.261567 0 
2 1 0 28.6633 0.110584 142.521 -1.52622 -3.57503 -1.52622 -3.57503 1.20722 0 0.261835 0 
2 1 0 28.6585 0.110584 142.521 -1.52603 -3.57372 -1.52603 -3.57372 1.20631 0 0.262104 0 
2 1 0 28.6537 0.110584 142.521 -1.52584 -3.5724 -1.52584 -3.5724 1.2054 0 0.262374 0 
2 1 0 28.6489 0.110584 142.521 -1.52565 -3.57108 -1.52565 -3.57108 1.20449 0 0.262646 0 
2 1 0 28.644 0.110584 142.521 -1.52546 -3.56976 -1.52546 -3.56976 1.20357 0 0.262919 0 
2 1 0 28.6392 0.110584 142.521 -1.52527 -3.56844 -1.52527 -3.56844 1.20265 0 0.263193 0 
2 1 0 28.6344 0.110584 142.521 -1.52507 -3.56711 -1.52507 -3.56711 1.20172 0 0.263469 0 
2 1 0 28.6296 0.110584 142.521 -1.52488 -3.56578 -1.52488 -3.56578 1.20079 0 0.263746 0 
2 1 0 28.6248 0.110584 142.521 -1.52469 -3.56444 -1.52469 -3.56444 1.19986 0 0.264024 0 
2 1 0 28.62 0.110584 142.521 -1.5245 -3.5631 -1.5245 -3.5631 1.19892 0 0.264303 0 
2 1 0 28.6152 0.110584 142.521 -1.5243 -3.56175 -1.5243 -3.56175 1.19797 0 0.264584 0 
2 1 0 28.6103 0.110584 142.521 -1.52411 -3.5604 -1.52411 -3.5604 1.19703 0 0.264866 0 
2 1 0 28.6055 0.110584 142.521 -1.52392 -3.55905 -1.52392 -3.55905 1.19608 0 0.265149 0 
2 1 0 28.6007 0.110584 142.521 -1.52372 -3.55769 -1.52372 -3.55769 1.19512 0 0.265434 0 
2 1 0 28.5959 0.110584 142.521 -1.52353 -3.55633 -1.52353 -3.55633 1.19417 0 0.26572 0 
2 1 0 28.5911 0.110584 142.521 -1.52333 -3.55496 -1.52333 -3.55496 1.1932 0 0.266007 0 
2 1 0 28.5863 0.110584 142.521 -1.52314 -3.55359 -1.52314 -3.55359 1.19224 0 0.266296 0 
2 1 0 28.5815 0.110584 142.521 -1.52294 -3.55221 -1.52294 -3.55221 1.19127 0 0.266586 0 
2 1 0 28.5767 0.110584 142.521 -1.52274 -3.55083 -1.52274 -3.55083 1.19029 0 0.266878 0 
2 1 0 28.5719 0.110584 142.521 -1.52255 -3.54945 -1.52255 -3.54945 1.18932 0 0.26717 0 
2 1 0 28.5671 0.110584 142.521 -1.52235 -3.54806 -1.52235 -3.54806 1.18833 0 0.267464 0 
2 1 0 28.5623 0.110584 142.521 -1.52215 -3.54667 -1.52215 -3.54667 1.18735 0 0.26776 0 
2 1 0 28.5575 0.110584 142.521 -1.52195 -3.54527 -1.52195 -3.54527 1.18636 0 0.268057 0 
2 1 0 28.5527 0.110584 142.521 -1.52175 -3.54387 -1.52175 -3.54387 1.18537 0 0.268355 0 
2 1 0 28.5479 0.110584 142.521 -1.52156 -3.54246 -1.52156 -3.54246 1.18437 0 0.268654 0 
2 1 0 28.5431 0.110584 142.521 -1.52136 -3.54105 -1.52136 -3.54105 1.18337 0 0.268955 0 
2 1 0 28.5383 0.110584 142.521 -1.52116 -3.53964 -1.52116 -3.53964 1.18236 0 0.269258 0 
2 1 0 28.5335 0.110584 142.521 -1.52096 -3.53822 -1.52096 -3.53822 1.18135 0 0.269561 0 
2 1 0 28.5288 0.110584 142.521 -1.52075 -3.53679 -1.52075 -3.53679 1.18034 0 0.269866 0 
2 1 0 28.524 0.110584 142.521 -1.52055 -3.53536 -1.52055 -3.53536 1.17933 0 0.270173 0 
2 1 0 28.5192 0.110584 142.521 -1.52035 -3.53393 -1.52035 -3.53393 1.1783 0 0.270481 0 
2 1 0 28.5144 0.110584 142.521 -1.52015 -3.53249 -1.52015 -3.53249 1.17728 0 0.27079 0 
2 1 0 28.5096 0.110584 142.521 -1.51995 -3.53104 -1.51995 -3.53104 1.17625 0 0.271101 0 
2 1 0 28.5048 0.110584 142.521 -1.51974 -3.52959 -1.51974 -3.52959 1.17522 0 0.271413 0 
2 1 0 28.5001 0.110584 142.521 -1.51954 -3.52814 -1.51954 -3.52814 1.17418 0 0.271727 0 
2 1 0 28.4953 0.110584 142.521 -1.51934 -3.52668 -1.51934 -3.52668 1.17315 0 0.272042 0 
2 1 0 28.4905 0.110584 142.521 -1.51913 -3.52521 -1.51913 -3.52521 1.1721 0 0.272358 0 
2 1 0 28.4857 0.110584 142.521 -1.51893 -3.52374 -1.51893 -3.52374 1.17106 0 0.272676 0 
2 1 0 28.481 0.110584 142.521 -1.51872 -3.52226 -1.51872 -3.52226 1.17 0 0.272996 0 
2 1 0 28.4762 0.110584 142.521 -1.51851 -3.52078 -1.51851 -3.52078 1.16895 0 0.273316 0 
2 1 0 28.4714 0.110584 142.521 -1.51831 -3.5193 -1.51831 -3.5193 1.16789 0 0.273639 0 
2 1 0 28.4667 0.110584 142.521 -1.5181 -3.51781 -1.5181 -3.51781 1.16683 0 0.273962 0 
2 1 0 28.4619 0.110584 142.521 -1.51789 -3.51631 -1.51789 -3.51631 1.16576 0 0.274288 0 
2 1 0 28.4571 0.110584 142.521 -1.51768 -3.51481 -1.51768 -3.51481 1.16469 0 0.274614 0 
2 1 0 28.4524 0.110584 142.521 -1.51747 -3.5133 -1.51747 -3.5133 1.16362 0 0.274942 0 
2 1 0 28.4476 0.110584 142.521 -1.51726 -3.51178 -1.51726 -3.51178 1.16254 0 0.275272 0 
2 1 0 28.4428 0.110584 142.521 -1.51705 -3.51027 -1.51705 -3.51027 1.16146 0 0.275603 0 
2 1 0 28.4381 0.110584 142.521 -1.51684 -3.50874 -1.51684 -3.50874 1.16038 0 0.275936 0 
2 1 0 28.4333 0.110584 142.521 -1.51663 -3.50721 -1.51663 -3.50721 1.15929 0 0.27627 0 
2 1 0 28.4286 0.110584 142.521 -1.51642 -3.50567 -1.51642 -3.50567 1.1582 0 0.276605 0 
2 1 0 28.4238 0.110584 142.521 -1.5162 -3.50413 -1.5162 -3.50413 1.1571 0 0.276943 0 
2 1 0 28.4191 0.110584 142.521 -1.51599 -3.50258 -1.51599 -3.50258 1.156 0 0.277281 0 
2 1 0 28.4143 0.110584 142.521 -1.51578 -3.50103 -1.51578 -3.50103 1.1549 0 0.277621 0 
2 1 0 28.4096 0.110584 142.521 -1.51556 -3.49947 -1.51556 -3.49947 1.15379 0 0.277963 0 
2 1 0 28.4048 0.110584 142.521 -1.51535 -3.4979 -1.51535 -3.4979 1.15268 0 0.278306 0 
2 1 0 28.4001 0.110584 142.521 -1.51513 -3.49633 -1.51513 -3.49633 1.15157 0 0.278651 0 
2 1 0 28.3954 0.110584 142.521 -1.51491 -3.49475 -1.51491 -3.49475 1.15045 0 0.278997 0 
2 1 0 28.3906 0.110584 142.521 -1.5147 -3.49316 -1.5147 -3.49316 1.14933 0 0.279345 0 
2 1 0 28.3859 0.110584 142.521 -1.51448 -3.49157 -1.51448 -3.49157 1.1482 0 0.279694 0 
2 1 0 28.3812 0.110584 142.521 -1.51426 -3.48997 -1.51426 -3.48997 1.14707 0 0.280045 0 
2 1 0 28.3764 0.110584 142.521 -1.51404 -3.48837 -1.51404 -3.48837 1.14594 0 0.280398 0 
2 1 0 28.3717 0.110584 142.521 -1.51382 -3.48676 -1.51382 -3.48676 1.1448 0 0.280752 0 
2 1 0 28.367 0.110584 142.521 -1.5136 -3.48514 -1.5136 -3.48514 1.14367 0 0.281107 0 
2 1 0 28.3622 0.110584 142.521 -1.51337 -3.48351 -1.51337 -3.48351 1.14252 0 0.281465 0 
2 1 0 28.3575 0.110584 142.521 -1.51315 -3.48188 -1.51315 -3.48188 1.14138 0 0.281823 0 
2 1 0 28.3528 0.110584 142.521 -1.51293 -3.48024 -1.51293 -3.48024 1.14023 0 0.282184 0 
2 1 0 28.3481 0.110584 142.521 -1.5127 -3.4786 -1.5127 -3.4786 1.13907 0 0.282545 0 
2 1 0 28.3434 0.110584 142.521 -1.51248 -3.47694 -1.51248 -3.47694 1.13792 0 0.282909 0 
2 1 0 28.3387 0.110584 142.521 -1.51225 -3.47528 -1.51225 -3.47528 1.13675 0 0.283274 0 
2 1 0 28.334 0.110584 142.521 -1.51203 -3.47362 -1.51203 -3.47362 1.13559 0 0.283641 0 
2 1 0 28.3292 0.110584 142.521 -1.5118 -3.47194 -1.5118 -3.47194 1.13442 0 0.284009 0 
2 1 0 28.3245 0.110584 142.521 -1.51157 -3.47026 -1.51157 -3.47026 1.13325 0 0.284379 0 
2 1 0 28.3198 0.110584 142.521 -1.51134 -3.46857 -1.51134 -3.46857 1.13208 0 0.28475 0 
2 1 0 28.3151 0.110584 142.521 -1.51111 -3.46687 -1.51111 -3.46687 1.1309 0 0.285123 0 
2 1 0 28.3105 0.110584 142.521 -1.51088 -3.46517 -1.51088 -3.46517 1.12972 0 0.285498 0 
2 1 0 28.3058 0.110584 142.521 -1.51064 -3.46345 -1.51064 -3.46345 1.12853 0 0.285874 0 
2 1 0 28.3011 0.110584 142.521 -1.51041 -3.46173 -1.51041 -3.46173 1.12735 0 0.286252 0 
2 1 0 28.2964 0.110584 142.521 -1.51018 -3.46001 -1.51018 -3.46001 1.12616 0 0.286632 0 
2 1 0 28.2917 0.110584 142.521 -1.50994 -3.45827 -1.50994 -3.45827 1.12496 0 0.287013 0 
2 1 0 28.287 0.110584 142.521 -1.50971 -3.45652 -1.50971 -3.45652 1.12376 0 0.287396 0 
2 1 0 28.2823 0.110584 142.521 -1.50947 -3.45477 -1.50947 -3.45477 1.12256 0 0.28778 0 
2 1 0 28.2777 0.110584 142.521 -1.50923 -3.45301 -1.50923 -3.45301 1.12136 0 0.288166 0 
2 1 0 28.273 0.110584 142.521 -1.50899 -3.45124 -1.50899 -3.45124 1.12015 0 0.288554 0 
2 1 0 28.2683 0.110584 142.521 -1.50875 -3.44946 -1.50875 -3.44946 1.11894 0 0.288943 0 
2 1 0 28.2637 0.110584 142.521 -1.50851 -3.44767 -1.50851 -3.44767 1.11773 0 0.289334 0 
2 1 0 28.259 0.110584 142.521 -1.50827 -3.44587 -1.50827 -3.44587 1.11651 0 0.289726 0 
2 1 0 28.2544 0.110584 142.521 -1.50802 -3.44407 -1.50802 -3.44407 1.11529 0 0.290121 0 
2 1 0 28.2497 0.110584 142.521 -1.50778 -3.44225 -1.50778 -3.44225 1.11407 0 0.290516 0 
2 1 0 28.2451 0.110584 142.521 -1.50753 -3.44043 -1.50753 -3.44043 1.11284 0 0.290914 0 
2 1 0 28.2404 0.110584 142.521 -1.50728 -3.4386 -1.50728 -3.4386 1.11161 0 0.291313 0 
2 1 0 28.2358 0.110584 142.521 -1.50704 -3.43675 -1.50704 -3.43675 1.11038 0 0.291714 0 
2 1 0 28.2311 0.110584 142.521 -1.50679 -3.4349 -1.50679 -3.4349 1.10914 0 0.292116 0 
2 1 0 28.2265 0.110584 142.521 -1.50654 -3.43304 -1.50654 -3.43304 1.1079 0 0.29252 0 
2 1 0 28.2219 0.110584 142.521 -1.50628 -3.43117 -1.50628 -3.43117 1.10666 0 0.292926 0 
2 1 0 28.2172 0.110584 142.521 -1.50603 -3.42928 -1.50603 -3.42928 1.10542 0 0.293333 0 
2 1 0 28.2126 0.110584 142.521 -1.50577 -3.42739 -1.50577 -3.42739 1.10417 0 0.293742 0 
2 1 0 28.208 0.110584 142.521 -1.50552 -3.42549 -1.50552 -3.42549 1.10292 0 0.294153 0 
2 1 0 28.2034 0.110584 142.521 -1.50526 -3.42358 -1.50526 -3.42358 1.10167 0 0.294565 0 
2 1 0 28.1988 0.110584 142.521 -1.505 -3.42165 -1.505 -3.42165 1.10041 0 0.294979 0 
2 1 0 28.1942 0.110584 142.521 -1.50474 -3.41972 -1.50474 -3.41972 1.09916 0 0.295394 0 
2 1 0 28.1896 0.110584 142.521 -1.50448 -3.41777 -1.50448 -3.41777 1.09789 0 0.295811 0 
2 1 0 28.185 0.110584 142.521 -1.50422 -3.41581 -1.50422 -3.41581 1.09663 0 0.29623 0 
2 1 0 28.1804 0.110584 142.521 -1.50395 -3.41384 -1.50395 -3.41384 1.09536 0 0.29665 0 
2 1 0 28.1758 0.110584 142.521 -1.50368 -3.41186 -1.50368 -3.41186 1.0941 0 0.297072 0 
2 1 0 28.1712 0.110584 142.521 -1.50341 -3.40987 -1.50341 -3.40987 1.09282 0 0.297496 0 
2 1 0 28.1667 0.110584 142.521 -1.50315 -3.40787 -1.50315 -3.40787 1.09155 0 0.297921 0 
2 1 0 28.1621 0.110584 142.521 -1.50287 -3.40585 -1.50287 -3.40585 1.09028 0 0.298348 0 
2 1 0 28.1575 0.110584 142.521 -1.5026 -3.40382 -1.5026 -3.40382 1.089 0 0.298776 0 
2 1 0 28.153 0.110584 142.521 -1.50233 -3.40178 -1.50233 -3.40178 1.08772 0 0.299206 0 
2 1 0 28.1484 0.110584 142.521 -1.50205 -3.39973 -1.50205 -3.39973 1.08643 0 0.299637 0 
2 1 0 28.1439 0.110584 142.521 -1.50177 -3.39766 -1.50177 -3.39766 1.08515 0 0.30007 0 
2 1 0 28.1394 0.110584 142.521 -1.50149 -3.39558 -1.50149 -3.39558 1.08386 0 0.300505 0 
2 1 0 28.1348 0.110584 142.521 -1.50121 -3.39349 -1.50121 -3.39349 1.08257 0 0.300941 0 
2 1 0 28.1303 0.110584 142.521 -1.50092 -3.39138 -1.50092 -3.39138 1.08128 0 0.301379 0 
2 1 0 28.1258 0.110584 142.521 -1.50064 -3.38926 -1.50064 -3.38926 1.07999 0 0.301818 0 
2 1 0 28.1213 0.110584 142.521 -1.50035 -3.38712 -1.50035 -3.38712 1.07869 0 0.302258 0 
2 1 0 28.1168 0.110584 142.521 -1.50006 -3.38497 -1.50006 -3.38497 1.07739 0 0.3027 0 
2 1 0 28.1123 0.110584 142.521 -1.49976 -3.38281 -1.49976 -3.38281 1.0761 0 0.303144 0 
2 1 0 28.1078 0.110584 142.521 -1.49947 -3.38063 -1.49947 -3.38063 1.0748 0 0.303589 0 
2 1 0 28.1033 0.110584 142.521 -1.49917 -3.37843 -1.49917 -3.37843 1.07349 0 0.304035 0 
2 1 0 28.0988 0.110584 142.521 -1.49887 -3.37622 -1.49887 -3.37622 1.07219 0 0.304483 0 
2 1 0 28.0943 0.110584 142.521 -1.49857 -3.374 -1.49857 -3.374 1.07089 0 0.304932 0 
2 1 0 28.0899 0.110584 142.521 -1.49827 -3.37175 -1.49827 -3.37175 1.06958 0 0.305383 0 
2 1 0 28.0854 0.110584 142.521 -1.49796 -3.3695 -1.49796 -3.3695 1.06827 0 0.305835 0 
2 1 0 28.081 0.110584 142.521 -1.49765 -3.36722 -1.49765 -3.36722 1.06696 0 0.306288 0 
2 1 0 28.0766 0.110584 142.521 -1.49734 -3.36492 -1.49734 -3.36492 1.06565 0 0.306742 0 
2 1 0 28.0721 0.110584 142.521 -1.49702 -3.36261 -1.49702 -3.36261 1.06434 0 0.307198 0 
2 1 0 28.0677 0.110584 142.521 -1.49671 -3.36028 -1.49671 -3.36028 1.06303 0 0.307655 0 
2 1 0 28.0633 0.110584 142.521 -1.49639 -3.35794 -1.49639 -3.35794 1.06172 0 0.308113 0 
2 1 0 28.0589 0.110584 142.521 -1.49606 -3.35557 -1.49606 -3.35557 1.06041 0 0.308572 0 
2 1 0 28.0546 0.110584 142.521 -1.49574 -3.35318 -1.49574 -3.35318 1.05909 0 0.309032 0 
2 1 0 28.0502 0.110584 142.521 -1.49541 -3.35078 -1.49541 -3.35078 1.05778 0 0.309494 0 
2 1 0 28.0458 0.110584 142.521 -1.49507 -3.34835 -1.49507 -3.34835 1.05647 0 0.309956 0 
2 1 0 28.0415 0.110584 142.521 -1.49474 -3.3459 -1.49474 -3.3459 1.05515 0 0.31042 0 
2 1 0 28.0371 0.110584 142.521 -1.4944 -3.34344 -1.4944 -3.34344 1.05384 0 0.310884 0 
2 1 0 28.0328 0.110584 142.521 -1.49406 -3.34095 -1.49406 -3.34095 1.05253 0 0.311349 0 
2 1 0 28.0285 0.110584 142.521 -1.49371 -3.33844 -1.49371 -3.33844 1.05122 0 0.311815 0 
2 1 0 28.0242 0.110584 142.521 -1.49336 -3.3359 -1.49336 -3.3359 1.0499 0 0.312282 0 
2 1 0 28.0199 0.110584 142.521 -1.49301 -3.33334 -1.49301 -3.33334 1.04859 0 0.312749 0 
2 1 0 28.0157 0.110584 142.521 -1.49265 -3.33076 -1.49265 -3.33076 1.04728 0 0.313217 0 
2 1 0 28.0114 0.110584 142.521 -1.49229 -3.32815 -1.49229 -3.32815 1.04598 0 0.313686 0 
2 1 0 28.0072 0.110584 142.521 -1.49192 -3.32552 -1.49192 -3.32552 1.04467 0 0.314154 0 
2 1 0 28.003 0.110584 142.521 -1.49155 -3.32287 -1.49155 -3.32287 1.04336 0 0.314624 0 
2 1 0 27.9988 0.110584 142.521 -1.49117 -3.32018 -1.49117 -3.32018 1.04206 0 0.315093 0 
2 1 0 27.9946 0.110584 142.521 -1.4908 -3.31747 -1.4908 -3.31747 1.04076 0 0.315563 0 
2 1 0 27.9904 0.110584 142.521 -1.49041 -3.31473 -1.49041 -3.31473 1.03946 0 0.316033 0 
2 1 0 27.9863 0.110584 142.521 -1.49002 -3.31196 -1.49002 -3.31196 1.03817 0 0.316503 0 
2 1 0 27.9821 0.110584 142.521 -1.48963 -3.30916 -1.48963 -3.30916 1.03688 0 0.316972 0 
2 1 0 27.978 0.110584 142.521 -1.48923 -3.30633 -1.48923 -3.30633 1.03559 0 0.317442 0 
2 1 0 27.974 0.110584 142.521 -1.48882 -3.30347 -1.48882 -3.30347 1.03431 0 0.31791 0 
2 1 0 27.9699 0.110584 142.521 -1.48841 -3.30057 -1.48841 -3.30057 1.03303 0 0.318379 0 
2 1 0 27.9659 0.110584 142.521 -1.48799 -3.29765 -1.48799 -3.29765 1.03175 0 0.318846 0 
2 1 0 27.9619 0.110584 142.521 -1.48757 -3.29468 -1.48757 -3.29468 1.03048 0 0.319313 0 
2 1 0 27.9579 0.110584 142.521 -1.48714 -3.29168 -1.48714 -3.29168 1.02922 0 0.319778 0 
2 1 0 27.9539 0.110584 142.521 -1.4867 -3.28865 -1.4867 -3.28865 1.02796 0 0.320242 0 
2 1 0 27.95 0.110584 142.521 -1.48625 -3.28557 -1.48625 -3.28557 1.02671 0 0.320704 0 
2 1 0 27.9461 0.110584 142.521 -1.4858 -3.28246 -1.4858 -3.28246 1.02547 0 0.321165 0 
2 1 0 27.9423 0.110584 142.521 -1.48534 -3.2793 -1.48534 -3.2793 1.02424 0 0.321623 0 
2 1 0 27.9385 0.110584 142.521 -1.48488 -3.2761 -1.48488 -3.2761 1.02301 0 0.322079 0 
2 1 0 27.9347 0.110584 142.521 -1.4844 -3.27285 -1.4844 -3.27285 1.0218 0 0.322532 0 
2 1 0 27.931 0.110584 142.521 -1.48391 -3.26956 -1.48391 -3.26956 1.02059 0 0.322983 0 
2 1 0 27.9273 0.110584 142.521 -1.48342 -3.26622 -1.48342 -3.26622 1.0194 0 0.323429 0 
2 1 0 27.9236 0.110584 142.521 -1.48291 -3.26283 -1.48291 -3.26283 1.01822 0 0.323872 0 
2 1 0 27.9201 0.110584 142.521 -1.4824 -3.25939 -1.4824 -3.25939 1.01706 0 0.324311 0 
2 1 0 27.9165 0.110584 142.521 -1.48187 -3.2559 -1.48187 -3.2559 1.01591 0 0.324744 0 
2 1 0 27.913 0.110584 142.521 -1.48134 -3.25235 -1.48134 -3.25235 1.01477 0 0.325172 0 
2 1 0 27.9096 0.110584 142.521 -1.48079 -3.24874 -1.48079 -3.24874 1.01366 0 0.325594 0 
2 1 0 27.9063 0.110584 142.521 -1.48023 -3.24507 -1.48023 -3.24507 1.01256 0 0.32601 0 
2 1 0 27.903 0.110584 142.521 -1.47965 -3.24133 -1.47965 -3.24133 1.01149 0 0.326418 0 
2 1 0 27.8998 0.110584 142.521 -1.47906 -3.23753 -1.47906 -3.23753 1.01044 0 0.326817 0 
2 1 0 27.8967 0.110584 142.521 -1.47846 -3.23367 -1.47846 -3.23367 1.00942 0 0.327207 0 
2 1 0 27.8937 0.110584 142.521 -1.47784 -3.22973 -1.47784 -3.22973 1.00842 0 0.327587 0 
2 1 0 27.8908 0.110584 142.521 -1.4772 -3.22572 -1.4772 -3.22572 1.00746 0 0.327955 0 
2 1 0 27.888 0.110584 142.521 -1.47655 -3.22163 -1.47655 -3.22163 1.00654 0 0.32831 0 
2 1 0 27.8853 0.110584 142.521 -1.47588 -3.21746 -1.47588 -3.21746 1.00565 0 0.32865 0 
2 1 0 27.8827 0.110584 142.521 -1.47519 -3.21321 -1.47519 -3.21321 1.00481 0 0.328975 0 
2 1 0 27.8803 0.110584 142.521 -1.47448 -3.20889 -1.47448 -3.20889 1.00401 0 0.329282 0 
2 1 0 27.8781 0.110584 142.521 -1.47375 -3.20447 -1.47375 -3.20447 1.00327 0 0.329568 0 
2 1 0 27.876 0.110584 142.521 -1.473 -3.19998 -1.473 -3.19998 1.00258 0 0.329832 0 
2 1 0 27.8742 0.110584 142.521 -1.47222 -3.1954 -1.47222 -3.1954 1.00196 0 0.330072 0 
2 1 0 27.8725 0.110584 142.521 -1.47143 -3.19075 -1.47143 -3.19075 1.00142 0 0.330284 0 
2 1 0 27.8711 0.110584 142.521 -1.47061 -3.18602 -1.47061 -3.18602 1.00095 0 0.330466 0 
2 1 0 27.87 0.110584 142.521 -1.46977 -3.18123 -1.46977 -3.18123 1.00056 0 0.330615 0 
2 1 0 27.8691 0.110584 142.521 -1.4689 -3.17638 -1.4689 -3.17638 1.00027 0 0.330727 0 
2 1 0 27.8685 0.110584 142.521 -1.46802 -3.17149 -1.46802 -3.17149 1.00008 0 0.3308 0 
2 1 0 27.8683 0.110584 142.521 -1.46712 -3.16658 -1.46712 -3.16658 1 0 0.330832 0 
2 1 0 27.8683 0.110584 142.521 -1.46676 -3.16465 -1.46676 -3.16465 1 0 0.330832 0 
2 2 0 30.6371 0.110584 142.521 -1.60663 -3.92463 -1.60663 -3.92463 1 0 0.330832 0 
2 2 0 30.7757 0.110584 142.521 -1.51316 -3.17468 -1.51316 -3.17468 1 0 0.330832 0 
2 2 0 30.6371 0.110584 142.521 -1.60663 -3.92463 -1.60663 -3.92463 1 0 0.330832 0 
2 2 0 30.6371 0.110584 142.521 -1.60664 -3.92462 -1.60664 -3.92462 1 0 0.330832 0 
2 2 0 30.6371 0.110584 142.521 -1.60664 -3.92462 -1.60664 -3.92462 1 0 0.330832 0 
2 1 0 22.85 0.110584 0 -1.46438 -3.25353 -1.46438 -3.25353 1 0 0.330832 0 
1 1 0 22.85 0.110584 5.28572 -1.46438 -3.25353 -1.46438 -3.25353 0.234618 0.583866 0.234618 -0.583866 
1 1 0 22.85 0.110584 5.28572 -1.46438 -3.25353 -1.46438 -3.25353 0.234618 0.583866 0.234618 -0.583866 
1 1 0 22.85 0.110584 5.28572 -1.46438 -3.25353 -1.46438 -3.25353 0.234618 0.583866 0.234618 -0.583866 
1 1 0 22.85 0.110584 5.28572 -1.46438 -3.25353 -1.46438 -3.25353 0.234618 0.583866 0.234618 -0.583866 
1 1 0 22.85 0.110584 5.28572 -1.46438 -3.25353 -1.46438 -3.25353 0.234618 0.583866 0.234618 -0.583866 
1 1 0 22.85 0.110584 5.28573 -1.46438 -3.25353 -1.46438 -3.25353 0.234618 0.583866 0.234618 -0.583866 
1 1 0 22.85 0.110584 5.28573 -1.46438 -3.25353 -1.46438 -3.25353 0.234619 0.583866 0.234619 -0.583866 
1 1 0 22.8499 0.110584 5.28573 -1.46438 -3.25353 -1.46438 -3.25353 0.23462 0.583866 0.23462 -0.583866 
1 1 0 22.8499 0.110584 5.28574 -1.46438 -3.25352 -1.46438 -3.25352 0.234621 0.583866 0.234621 -0.583866 
1 1 0 22.8498 0.110584 5.28576 -1.46438 -3.25352 -1.46438 -3.25352 0.234624 0.583866 0.234624 -0.583866 
1 1 0 22.8497 0.110584 5.28579 -1.46437 -3.25351 -1.46437 -3.25351 0.234628 0.583867 0.234628 -0.583867 
1 1 0 22.8495 0.110584 5.28582 -1.46437 -3.2535 -1.46437 -3.2535 0.234634 0.583868 0.234634 -0.583868 
1 1 0 22.8492 0.110584 5.28588 -1.46436 -3.25348 -1.46436 -3.25348 0.234642 0.583868 0.234642 -0.583868 
1 1 0 22.8487 0.110584 5.28596 -1.46435 -3.25346 -1.46435 -3.25346 0.234656 0.58387 0.234656 -0.58387 
1 1 0 22.8481 0.110584 5.28608 -1.46433 -3.25342 -1.46433 -3.25342 0.234675 0.583872 0.234675 -0.583872 
1 1 0 22.8471 0.110584 5.28627 -1.4643 -3.25336 -1.4643 -3.25336 0.234705 0.583875 0.234705 -0.583875 
1 1 0 22.8456 0.110584 5.28655 -1.46426 -3.25328 -1.46426 -3.25328 0.23475 0.58388 0.23475 -0.58388 
1 1 0 22.8434 0.110584 5.28697 -1.4642 -3.25315 -1.4642 -3.25315 0.234816 0.583886 0.234816 -0.583886 
1 1 0 22.8401 0.110584 5.2876 -1.4641 -3.25295 -1.4641 -3.25295 0.234917 0.583897 0.234917 -0.583897 
1 1 0 22.8351 0.110584 5.28855 -1.46396 -3.25266 -1.46396 -3.25266 0.235068 0.583912 0.235068 -0.583912 
1 1 0 22.8302 0.110584 5.28951 -1.46381 -3.25237 -1.46381 -3.25237 0.23522 0.583927 0.23522 -0.583927 
1 1 0 22.8252 0.110584 5.29047 -1.46367 -3.25208 -1.46367 -3.25208 0.235372 0.583941 0.235372 -0.583941 
1 1 0 22.8202 0.110584 5.29144 -1.46353 -3.25179 -1.46353 -3.25179 0.235526 0.583956 0.235526 -0.583956 
1 1 0 22.8152 0.110584 5.29241 -1.46338 -3.2515 -1.46338 -3.2515 0.235679 0.58397 0.235679 -0.58397 
1 1 0 22.8102 0.110584 5.29338 -1.46324 -3.25121 -1.46324 -3.25121 0.235833 0.583984 0.235833 -0.583984 
1 1 0 22.8052 0.110584 5.29436 -1.46309 -3.25092 -1.46309 -3.25092 0.235988 0.583998 0.235988 -0.583998 
1 1 0 22.8002 0.110584 5.29534 -1.46295 -3.25063 -1.46295 -3.25063 0.236143 0.584012 0.236143 -0.584012 
1 1 0 22.7952 0.110584 5.29633 -1.46281 -3.25034 -1.46281 -3.25034 0.236298 0.584025 0.236298 -0.584025 
1 1 0 22.7902 0.110584 5.29732 -1.46266 -3.25004 -1.46266 -3.25004 0.236454 0.584038 0.236454 -0.584038 
1 1 0 22.7852 0.110584 5.29832 -1.46252 -3.24975 -1.46252 -3.24975 0.236611 0.584051 0.236611 -0.584051 
1 1 0 22.7803 0.110584 5.29931 -1.46237 -3.24946 -1.46237 -3.24946 0.236768 0.584064 0.236768 -0.584064 
1 1 0 22.7753 0.110584 5.30032 -1.46223 -3.24918 -1.46223 -3.24918 0.236926 0.584076 0.236926 -0.584076 
1 1 0 22.7703 0.110584 5.30132 -1.46208 -3.24889 -1.46208 -3.24889 0.237084 0.584088 0.237084 -0.584088 
1 1 0 22.7653 0.110584 5.30233 -1.46194 -3.2486 -1.46194 -3.2486 0.237242 0.5841 0.237242 -0.5841 
1 1 0 22.7603 0.110584 5.30335 -1.46179 -3.24831 -1.46179 -3.24831 0.237401 0.584112 0.237401 -0.584112 
1 1 0 22.7553 0.110584 5.30437 -1.46165 -3.24802 -1.46165 -3.24802 0.237561 0.584123 0.237561 -0.584123 
1 1 0 22.7503 0.110584 5.30539 -1.46151 -3.24773 -1.46151 -3.24773 0.237721 0.584135 0.237721 -0.584135 
1 1 0 22.7453 0.110584 5.30642 -1.46136 -3.24744 -1.46136 -3.24744 0.237881 0.584146 0.237881 -0.584146 
1 1 0 22.7403 0.110584 5.30745 -1.46122 -3.24715 -1.46122 -3.24715 0.238042 0.584156 0.238042 -0.584156 
1 1 0 22.7354 0.110584 5.30848 -1.46107 -3.24686 -1.46107 -3.24686 0.238204 0.584167 0.238204 -0.584167 
1 1 0 22.7304 0.110584 5.30952 -1.46093 -3.24657 -1.46093 -3.24657 0.238366 0.584177 0.238366 -0.584177 
1 1 0 22.7254 0.110584 5.31057 -1.46078 -3.24629 -1.46078 -3.24629 0.238529 0.584187 0.238529 -0.584187 
1 1 0 22.7204 0.110584 5.31161 -1.46064 -3.246 -1.46064 -3.246 0.238692 0.584197 0.238692 -0.584197 
1 1 0 22.7154 0.110584 5.31266 -1.46049 -3.24571 -1.46049 -3.24571 0.238855 0.584207 0.238855 -0.584207 
1 1 0 22.7104 0.110584 5.31372 -1.46035 -3.24542 -1.46035 -3.24542 0.239019 0.584216 0.239019 -0.584216 
1 1 0 22.7054 0.110584 5.31478 -1.4602 -3.24514 -1.4602 -3.24514 0.239184 0.584225 0.239184 -0.584225 
1 1 0 22.7004 0.110584 5.31584 -1.46006 -3.24485 -1.46006 -3.24485 0.239349 0.584234 0.239349 -0.584234 
1 1 0 22.6954 0.110584 5.31691 -1.45991 -3.24456 -1.45991 -3.24456 0.239515 0.584243 0.239515 -0.584243 
1 1 0 22.6904 0.110584 5.31798 -1.45977 -3.24427 -1.45977 -3.24427 0.239681 0.584251 0.239681 -0.584251 
1 1 0 22.6855 0.110584 5.31906 -1.45962 -3.24399 -1.45962 -3.24399 0.239847 0.584259 0.239847 -0.584259 
1 1 0 22.6805 0.110584 5.32014 -1.45948 -3.2437 -1.45948 -3.2437 0.240014 0.584267 0.240014 -0.584267 
1 1 0 22.6755 0.110584 5.32123 -1.45933 -3.24341 -1.45933 -3.24341 0.240182 0.584275 0.240182 -0.584275 
1 1 0 22.6705 0.110584 5.32232 -1.45919 -3.24313 -1.45919 -3.24313 0.24035 0.584282 0.24035 -0.584282 
1 1 0 22.6655 0.110584 5.32341 -1.45904 -3.24284 -1.45904 -3.24284 0.240519 0.58429 0.240519 -0.58429 
1 1 0 22.6605 0.110584 5.32451 -1.45889 -3.24256 -1.45889 -3.24256 0.240688 0.584296 0.240688 -0.584296 
1 1 0 22.6555 0.110584 5.32561 -1.45875 -3.24227 -1.45875 -3.24227 0.240857 0.584303 0.240857 -0.584303 
1 1 0 22.6505 0.110584 5.32671 -1.4586 -3.24198 -1.4586 -3.24198 0.241028 0.58431 0.241028 -0.58431 
1 1 0 22.6455 0.110584 5.32783 -1.45846 -3.2417 -1.45846 -3.2417 0.241198 0.584316 0.241198 -0.584316 
1 1 0 22.6405 0.110584 5.32894 -1.45831 -3.24141 -1.45831 -3.24141 0.241369 0.584322 0.241369 -0.584322 
1 1 0 22.6356 0.110584 5.33006 -1.45817 -3.24113 -1.45817 -3.24113 0.241541 0.584327 0.241541 -0.584327 
1 1 0 22.6306 0.110584 5.33118 -1.45802 -3.24084 -1.45802 -3.24084 0.241713 0.584333 0.241713 -0.584333 
1 1 0 22.6256 0.110584 5.33231 -1.45787 -3.24056 -1.45787 -3.24056 0.241886 0.584338 0.241886 -0.584338 
1 1 0 22.6206 0.110584 5.33344 -1.45773 -3.24027 -1.45773 -3.24027 0.242059 0.584343 0.242059 -0.584343 
1 1 0 22.6156 0.110584 5.33458 -1.45758 -3.23999 -1.45758 -3.23999 0.242233 0.584348 0.242233 -0.584348 
1 1 0 22.6106 0.110584 5.33572 -1.45744 -3.2397 -1.45744 -3.2397 0.242407 0.584352 0.242407 -0.584352 
1 1 0 22.6056 0.110584 5.33686 -1.45729 -3.23942 -1.45729 -3.23942 0.242582 0.584356 0.242582 -0.584356 
1 1 0 22.6006 0.110584 5.33801 -1.45714 -3.23913 -1.45714 -3.23913 0.242757 0.58436 0.242757 -0.58436 
1 1 0 22.5956 0.110584 5.33916 -1.457 -3.23885 -1.457 -3.23885 0.242933 0.584364 0.242933 -0.584364 
1 1 0 22.5907 0.110584 5.34032 -1.45685 -3.23857 -1.45685 -3.23857 0.243109 0.584368 0.243109 -0.584368 
1 1 0 22.5857 0.110584 5.34148 -1.45671 -3.23828 -1.45671 -3.23828 0.243286 0.584371 0.243286 -0.584371 
1 1 0 22.5807 0.110584 5.34265 -1.45656 -3.238 -1.45656 -3.238 0.243463 0.584374 0.243463 -0.584374 
1 1 0 22.5757 0.110584 5.34382 -1.45641 -3.23772 -1.45641 -3.23772 0.243641 0.584376 0.243641 -0.584376 
1 1 0 22.5707 0.110584 5.34499 -1.45627 -3.23743 -1.45627 -3.23743 0.243819 0.584379 0.243819 -0.584379 
1 1 0 22.5657 0.110584 5.34617 -1.45612 -3.23715 -1.45612 -3.23715 0.243998 0.584381 0.243998 -0.584381 
1 1 0 22.5607 0.110584 5.34736 -1.45597 -3.23687 -1.45597 -3.23687 0.244177 0.584383 0.244177 -0.584383 
1 1 0 22.5557 0.110584 5.34854 -1.45583 -3.23659 -1.45583 -3.23659 0.244357 0.584385 0.244357 -0.584385 
1 1 0 22.5507 0.110584 5.34974 -1.45568 -3.2363 -1.45568 -3.2363 0.244537 0.584386 0.244537 -0.584386 
1 1 0 22.5457 0.110584 5.35093 -1.45553 -3.23602 -1.45553 -3.23602 0.244718 0.584387 0.244718 -0.584387 
1 1 0 22.5408 0.110584 5.35213 -1.45539 -3.23574 -1.45539 -3.23574 0.2449 0.584388 0.2449 -0.584388 
1 1 0 22.5358 0.110584 5.35334 -1.45524 -3.23546 -1.45524 -3.23546 0.245082 0.584389 0.245082 -0.584389 
1 1 0 22.5308 0.110584 5.35455 -1.45509 -3.23517 -1.45509 -3.23517 0.245264 0.584389 0.245264 -0.584389 
1 1 0 22.5258 0.110584 5.35576 -1.45495 -3.23489 -1.45495 -3.23489 0.245447 0.584389 0.245447 -0.584389 
1 1 0 22.5208 0.110584 5.35698 -1.4548 -3.23461 -1.4548 -3.23461 0.24563 0.584389 0.24563 -0.584389 
1 1 0 22.5158 0.110584 5.35821 -1.45465 -3.23433 -1.45465 -3.23433 0.245814 0.584389 0.245814 -0.584389 
1 1 0 22.5108 0.110584 5.35943 -1.45451 -3.23405 -1.45451 -3.23405 0.245999 0.584388 0.245999 -0.584388 
1 1 0 22.5058 0.110584 5.36067 -1.45436 -3.23377 -1.45436 -3.23377 0.246184 0.584387 0.246184 -0.584387 
1 1 0 22.5008 0.110584 5.3619 -1.45421 -3.23349 -1.45421 -3.23349 0.246369 0.584386 0.246369 -0.584386 
1 1 0 22.4958 0.110584 5.36314 -1.45406 -3.23321 -1.45406 -3.23321 0.246555 0.584384 0.246555 -0.584384 
1 1 0 22.4909 0.110584 5.36439 -1.45392 -3.23293 -1.45392 -3.23293 0.246742 0.584382 0.246742 -0.584382 
1 1 0 22.4859 0.110584 5.36564 -1.45377 -3.23265 -1.45377 -3.23265 0.246929 0.58438 0.246929 -0.58438 
1 1 0 22.4809 0.110584 5.36689 -1.45362 -3.23236 -1.45362 -3.23236 0.247117 0.584378 0.247117 -0.584378 
1 1 0 22.4759 0.110584 5.36815 -1.45347 -3.23208 -1.45347 -3.23208 0.247305 0.584376 0.247305 -0.584376 
1 1 0 22.4709 0.110584 5.36942 -1.45333 -3.23181 -1.45333 -3.23181 0.247493 0.584373 0.247493 -0.584373 
1 1 0 22.4659 0.110584 5.37068 -1.45318 -3.23153 -1.45318 -3.23153 0.247682 0.58437 0.247682 -0.58437 
1 1 0 22.4609 0.110584 5.37196 -1.45303 -3.23125 -1.45303 -3.23125 0.247872 0.584366 0.247872 -0.584366 
1 1 0 22.4559 0.110584 5.37323 -1.45288 -3.23097 -1.45288 -3.23097 0.248062 0.584363 0.248062 -0.584363 
1 1 0 22.4509 0.110584 5.37452 -1.45274 -3.23069 -1.45274 -3.23069 0.248253 0.584359 0.248253 -0.584359 
1 1 0 22.4459 0.110584 5.3758 -1.45259 -3.23041 -1.45259 -3.23041 0.248444 0.584355 0.248444 -0.584355 
1 1 0 22.441 0.110584 5.37709 -1.45244 -3.23013 -1.45244 -3.23013 0.248636 0.58435 0.248636 -0.58435 
1 1 0 22.436 0.110584 5.37839 -1.45229 -3.22985 -1.45229 -3.22985 0.248828 0.584346 0.248828 -0.584346 
1 1 0 22.431 0.110584 5.37969 -1.45214 -3.22957 -1.45214 -3.22957 0.249021 0.584341 0.249021 -0.584341 
1 1 0 22.426 0.110584 5.38099 -1.452 -3.22929 -1.452 -3.22929 0.249214 0.584335 0.249214 -0.584335 
1 1 0 22.421 0.110584 5.3823 -1.45185 -3.22902 -1.45185 -3.22902 0.249408 0.58433 0.249408 -0.58433 
1 1 0 22.416 0.110584 5.38362 -1.4517 -3.22874 -1.4517 -3.22874 0.249603 0.584324 0.249603 -0.584324 
1 1 0 22.411 0.110584 5.38494 -1.45155 -3.22846 -1.45155 -3.22846 0.249798 0.584318 0.249798 -0.584318 
1 1 0 22.406 0.110584 5.38626 -1.4514 -3.22818 -1.4514 -3.22818 0.249993 0.584312 0.249993 -0.584312 
1 1 0 22.401 0.110584 5.38759 -1.45126 -3.2279 -1.45126 -3.2279 0.250189 0.584305 0.250189 -0.584305 
1 1 0 22.396 0.110584 5.38892 -1.45111 -3.22763 -1.45111 -3.22763 0.250385 0.584298 0.250385 -0.584298 
1 1 0 22.3911 0.110584 5.39026 -1.45096 -3.22735 -1.45096 -3.22735 0.250582 0.584291 0.250582 -0.584291 
1 1 0 22.3861 0.110584 5.3916 -1.45081 -3.22707 -1.45081 -3.22707 0.25078 0.584283 0.25078 -0.584283 
1 1 0 22.3811 0.110584 5.39295 -1.45066 -3.2268 -1.45066 -3.2268 0.250978 0.584276 0.250978 -0.584276 
1 1 0 22.3761 0.110584 5.3943 -1.45051 -3.22652 -1.45051 -3.22652 0.251177 0.584268 0.251177 -0.584268 
1 1 0 22.3711 0.110584 5.39565 -1.45036 -3.22624 -1.45036 -3.22624 0.251376 0.584259 0.251376 -0.584259 
1 1 0 22.3661 0.110584 5.39701 -1.45022 -3.22597 -1.45022 -3.22597 0.251575 0.584251 0.251575 -0.584251 
1 1 0 22.3611 0.110584 5.39838 -1.45007 -3.22569 -1.45007 -3.22569 0.251775 0.584242 0.251775 -0.584242 
1 1 0 22.3561 0.110584 5.39975 -1.44992 -3.22541 -1.44992 -3.22541 0.251976 0.584233 0.251976 -0.584233 
1 1 0 22.3511 0.110584 5.40112 -1.44977 -3.22514 -1.44977 -3.22514 0.252177 0.584223 0.252177 -0.584223 
1 1 0 22.3461 0.110584 5.4025 -1.44962 -3.22486 -1.44962 -3.22486 0.252379 0.584214 0.252379 -0.584214 
1 1 0 22.3412 0.110584 5.40389 -1.44947 -3.22459 -1.44947 -3.22459 0.252581 0.584204 0.252581 -0.584204 
1 1 0 22.3362 0.110584 5.40528 -1.44932 -3.22431 -1.44932 -3.22431 0.252784 0.584193 0.252784 -0.584193 
1 1 0 22.3312 0.110584 5.40667 -1.44917 -3.22404 -1.44917 -3.22404 0.252987 0.584183 0.252987 -0.584183 
1 1 0 22.3262 0.110584 5.40807 -1.44903 -3.22376 -1.44903 -3.22376 0.253191 0.584172 0.253191 -0.584172 
1 1 0 22.3212 0.110584 5.40948 -1.44888 -3.22349 -1.44888 -3.22349 0.253396 0.584161 0.253396 -0.584161 
1 1 0 22.3162 0.110584 5.41088 -1.44873 -3.22321 -1.44873 -3.22321 0.253601 0.584149 0.253601 -0.584149 
1 1 0 22.3112 0.110584 5.4123 -1.44858 -3.22294 -1.44858 -3.22294 0.253806 0.584138 0.253806 -0.584138 
1 1 0 22.3062 0.110584 5.41372 -1.44843 -3.22266 -1.44843 -3.22266 0.254012 0.584126 0.254012 -0.584126 
1 1 0 22.3012 0.110584 5.41514 -1.44828 -3.22239 -1.44828 -3.22239 0.254219 0.584113 0.254219 -0.584113 
1 1 0 22.2962 0.110584 5.41657 -1.44813 -3.22211 -1.44813 -3.22211 0.254426 0.584101 0.254426 -0.584101 
1 1 0 22.2912 0.110584 5.418 -1.44798 -3.22184 -1.44798 -3.22184 0.254633 0.584088 0.254633 -0.584088 
1 1 0 22.2863 0.110584 5.41944 -1.44783 -3.22157 -1.44783 -3.22157 0.254841 0.584074 0.254841 -0.584074 
1 1 0 22.2813 0.110584 5.42088 -1.44768 -3.22129 -1.44768 -3.22129 0.25505 0.584061 0.25505 -0.584061 
1 1 0 22.2763 0.110584 5.42233 -1.44753 -3.22102 -1.44753 -3.22102 0.255259 0.584047 0.255259 -0.584047 
1 1 0 22.2713 0.110584 5.42378 -1.44738 -3.22075 -1.44738 -3.22075 0.255469 0.584033 0.255469 -0.584033 
1 1 0 22.2663 0.110584 5.42524 -1.44723 -3.22047 -1.44723 -3.22047 0.255679 0.584019 0.255679 -0.584019 
1 1 0 22.2613 0.110584 5.4267 -1.44708 -3.2202 -1.44708 -3.2202 0.25589 0.584004 0.25589 -0.584004 
1 1 0 22.2563 0.110584 5.42817 -1.44693 -3.21993 -1.44693 -3.21993 0.256101 0.583989 0.256101 -0.583989 
1 1 0 22.2513 0.110584 5.42964 -1.44678 -3.21966 -1.44678 -3.21966 0.256313 0.583974 0.256313 -0.583974 
1 1 0 22.2463 0.110584 5.43112 -1.44663 -3.21938 -1.44663 -3.21938 0.256525 0.583958 0.256525 -0.583958 
1 1 0 22.2413 0.110584 5.4326 -1.44648 -3.21911 -1.44648 -3.21911 0.256738 0.583942 0.256738 -0.583942 
1 1 0 22.2364 0.110584 5.43409 -1.44633 -3.21884 -1.44633 -3.21884 0.256952 0.583926 0.256952 -0.583926 
1 1 0 22.2314 0.110584 5.43558 -1.44618 -3.21857 -1.44618 -3.21857 0.257166 0.58391 0.257166 -0.58391 
1 1 0 22.2264 0.110584 5.43707 -1.44603 -3.2183 -1.44603 -3.2183 0.25738 0.583893 0.25738 -0.583893 
1 1 0 22.2214 0.110584 5.43858 -1.44588 -3.21802 -1.44588 -3.21802 0.257595 0.583876 0.257595 -0.583876 
1 1 0 22.2164 0.110584 5.44008 -1.44573 -3.21775 -1.44573 -3.21775 0.257811 0.583858 0.257811 -0.583858 
1 1 0 22.2114 0.110584 5.4416 -1.44558 -3.21748 -1.44558 -3.21748 0.258027 0.583841 0.258027 -0.583841 
1 1 0 22.2064 0.110584 5.44311 -1.44543 -3.21721 -1.44543 -3.21721 0.258244 0.583823 0.258244 -0.583823 
1 1 0 22.2014 0.110584 5.44464 -1.44528 -3.21694 -1.44528 -3.21694 0.258461 0.583804 0.258461 -0.583804 
1 1 0 22.1964 0.110584 5.44616 -1.44513 -3.21667 -1.44513 -3.21667 0.258679 0.583786 0.258679 -0.583786 
1 1 0 22.1914 0.110584 5.4477 -1.44498 -3.2164 -1.44498 -3.2164 0.258897 0.583767 0.258897 -0.583767 
1 1 0 22.1865 0.110584 5.44923 -1.44483 -3.21613 -1.44483 -3.21613 0.259116 0.583748 0.259116 -0.583748 
1 1 0 22.1815 0.110584 5.45078 -1.44468 -3.21586 -1.44468 -3.21586 0.259336 0.583728 0.259336 -0.583728 
1 1 0 22.1765 0.110584 5.45232 -1.44453 -3.21559 -1.44453 -3.21559 0.259555 0.583708 0.259555 -0.583708 
1 1 0 22.1715 0.110584 5.45388 -1.44438 -3.21532 -1.44438 -3.21532 0.259776 0.583688 0.259776 -0.583688 
1 1 0 22.1665 0.110584 5.45544 -1.44423 -3.21505 -1.44423 -3.21505 0.259997 0.583668 0.259997 -0.583668 
1 1 0 22.1615 0.110584 5.457 -1.44408 -3.21478 -1.44408 -3.21478 0.260219 0.583647 0.260219 -0.583647 
1 1 0 22.1565 0.110584 5.45857 -1.44392 -3.21451 -1.44392 -3.21451 0.260441 0.583626 0.260441 -0.583626 
1 1 0 22.1515 0.110584 5.46014 -1.44377 -3.21424 -1.44377 -3.21424 0.260663 0.583604 0.260663 -0.583604 
1 1 0 22.1465 0.110584 5.46172 -1.44362 -3.21397 -1.44362 -3.21397 0.260886 0.583583 0.260886 -0.583583 
1 1 0 22.1415 0.110584 5.4633 -1.44347 -3.2137 -1.44347 -3.2137 0.26111 0.58356 0.26111 -0.58356 
1 1 0 22.1365 0.110584 5.46489 -1.44332 -3.21343 -1.44332 -3.21343 0.261334 0.583538 0.261334 -0.583538 
1 1 0 22.1316 0.110584 5.46649 -1.44317 -3.21317 -1.44317 -3.21317 0.261559 0.583515 0.261559 -0.583515 
1 1 0 22.1266 0.110584 5.46809 -1.44302 -3.2129 -1.44302 -3.2129 0.261785 0.583492 0.261785 -0.583492 
1 1 0 22.1216 0.110584 5.46969 -1.44287 -3.21263 -1.44287 -3.21263 0.262011 0.583469 0.262011 -0.583469 
1 1 0 22.1166 0.110584 5.4713 -1.44271 -3.21236 -1.44271 -3.21236 0.262237 0.583445 0.262237 -0.583445 
1 1 0 22.1116 0.110584 5.47292 -1.44256 -3.21209 -1.44256 -3.21209 0.262464 0.583421 0.262464 -0.583421 
1 1 0 22.1066 0.110584 5.47454 -1.44241 -3.21183 -1.44241 -3.21183 0.262692 0.583397 0.262692 -0.583397 
1 1 0 22.1016 0.110584 5.47617 -1.44226 -3.21156 -1.44226 -3.21156 0.26292 0.583372 0.26292 -0.583372 
1 1 0 22.0966 0.110584 5.4778 -1.44211 -3.21129 -1.44211 -3.21129 0.263148 0.583348 0.263148 -0.583348 
1 1 0 22.0916 0.110584 5.47943 -1.44196 -3.21102 -1.44196 -3.21102 0.263378 0.583322 0.263378 -0.583322 
1 1 0 22.0866 0.110584 5.48108 -1.44181 -3.21076 -1.44181 -3.21076 0.263607 0.583297 0.263607 -0.583297 
1 1 0 22.0817 0.110584 5.48272 -1.44165 -3.21049 -1.44165 -3.21049 0.263838 0.583271 0.263838 -0.583271 
1 1 0 22.0767 0.110584 5.48438 -1.4415 -3.21022 -1.4415 -3.21022 0.264068 0.583245 0.264068 -0.583245 
1 1 0 22.0717 0.110584 5.48604 -1.44135 -3.20996 -1.44135 -3.20996 0.2643 0.583218 0.2643 -0.583218 
1 1 0 22.0667 0.110584 5.4877 -1.4412 -3.20969 -1.4412 -3.20969 0.264532 0.583191 0.264532 -0.583191 
1 1 0 22.0617 0.110584 5.48937 -1.44105 -3.20943 -1.44105 -3.20943 0.264764 0.583164 0.264764 -0.583164 
1 1 0 22.0567 0.110584 5.49104 -1.44089 -3.20916 -1.44089 -3.20916 0.264997 0.583136 0.264997 -0.583136 
1 1 0 22.0517 0.110584 5.49272 -1.44074 -3.20889 -1.44074 -3.20889 0.265231 0.583108 0.265231 -0.583108 
1 1 0 22.0467 0.110584 5.49441 -1.44059 -3.20863 -1.44059 -3.20863 0.265465 0.58308 0.265465 -0.58308 
1 1 0 22.0417 0.110584 5.4961 -1.44044 -3.20836 -1.44044 -3.20836 0.2657 0.583052 0.2657 -0.583052 
1 1 0 22.0367 0.110584 5.4978 -1.44029 -3.2081 -1.44029 -3.2081 0.265935 0.583023 0.265935 -0.583023 
1 1 0 22.0317 0.110584 5.4995 -1.44013 -3.20783 -1.44013 -3.20783 0.266171 0.582993 0.266171 -0.582993 
1 1 0 22.0268 0.110584 5.50121 -1.43998 -3.20757 -1.43998 -3.20757 0.266407 0.582964 0.266407 -0.582964 
1 1 0 22.0218 0.110584 5.50292 -1.43983 -3.2073 -1.43983 -3.2073 0.266644 0.582934 0.266644 -0.582934 
1 1 0 22.0168 0.110584 5.50464 -1.43968 -3.20704 -1.43968 -3.20704 0.266881 0.582904 0.266881 -0.582904 
1 1 0 22.0118 0.110584 5.50636 -1.43952 -3.20678 -1.43952 -3.20678 0.267119 0.582873 0.267119 -0.582873 
1 1 0 22.0068 0.110584 5.50809 -1.43937 -3.20651 -1.43937 -3.20651 0.267358 0.582842 0.267358 -0.582842 
1 1 0 22.0018 0.110584 5.50983 -1.43922 -3.20625 -1.43922 -3.20625 0.267597 0.582811 0.267597 -0.582811 
1 1 0 21.9968 0.110584 5.51157 -1.43907 -3.20598 -1.43907 -3.20598 0.267837 0.582779 0.267837 -0.582779 
1 1 0 21.9918 0.110584 5.51331 -1.43891 -3.20572 -1.43891 -3.20572 0.268077 0.582747 0.268077 -0.582747 
1 1 0 21.9868 0.110584 5.51506 -1.43876 -3.20546 -1.43876 -3.20546 0.268318 0.582715 0.268318 -0.582715 
1 1 0 21.9818 0.110584 5.51682 -1.43861 -3.20519 -1.43861 -3.20519 0.268559 0.582682 0.268559 -0.582682 
1 1 0 21.9768 0.110584 5.51859 -1.43845 -3.20493 -1.43845 -3.20493 0.268801 0.582649 0.268801 -0.582649 
1 1 0 21.9719 0.110584 5.52035 -1.4383 -3.20467 -1.4383 -3.20467 0.269043 0.582616 0.269043 -0.582616 
1 1 0 21.9669 0.110584 5.52213 -1.43815 -3.20441 -1.43815 -3.20441 0.269286 0.582582 0.269286 -0.582582 
1 1 0 21.9619 0.110584 5.52391 -1.43799 -3.20414 -1.43799 -3.20414 0.26953 0.582548 0.26953 -0.582548 
1 1 0 21.9569 0.110584 5.52569 -1.43784 -3.20388 -1.43784 -3.20388 0.269774 0.582514 0.269774 -0.582514 
1 1 0 21.9519 0.110584 5.52749 -1.43769 -3.20362 -1.43769 -3.20362 0.270019 0.582479 0.270019 -0.582479 
1 1 0 21.9469 0.110584 5.52928 -1.43754 -3.20336 -1.43754 -3.20336 0.270264 0.582444 0.270264 -0.582444 
1 1 0 21.9419 0.110584 5.53109 -1.43738 -3.20309 -1.43738 -3.20309 0.27051 0.582409 0.27051 -0.582409 
1 1 0 21.9369 0.110584 5.5329 -1.43723 -3.20283 -1.43723 -3.20283 0.270756 0.582373 0.270756 -0.582373 
1 1 0 21.9319 0.110584 5.53471 -1.43708 -3.20257 -1.43708 -3.20257 0.271003 0.582337 0.271003 -0.582337 
1 1 0 21.9269 0.110584 5.53653 -1.43692 -3.20231 -1.43692 -3.20231 0.271251 0.5823 0.271251 -0.5823 
1 1 0 21.9219 0.110584 5.53836 -1.43677 -3.20205 -1.43677 -3.20205 0.271499 0.582263 0.271499 -0.582263 
1 1 0 21.917 0.110584 5.54019 -1.43661 -3.20179 -1.43661 -3.20179 0.271747 0.582226 0.271747 -0.582226 
1 1 0 21.912 0.110584 5.54203 -1.43646 -3.20153 -1.43646 -3.20153 0.271996 0.582189 0.271996 -0.582189 
1 1 0 21.907 0.110584 5.54387 -1.43631 -3.20127 -1.43631 -3.20127 0.272246 0.582151 0.272246 -0.582151 
1 1 0 21.902 0.110584 5.54572 -1.43615 -3.20101 -1.43615 -3.20101 0.272496 0.582113 0.272496 -0.582113 
1 1 0 21.897 0.110584 5.54757 -1.436 -3.20075 -1.436 -3.20075 0.272747 0.582074 0.272747 -0.582074 
1 1 0 21.892 0.110584 5.54944 -1.43585 -3.20049 -1.43585 -3.20049 0.272999 0.582035 0.272999 -0.582035 
1 1 0 21.887 0.110584 5.5513 -1.43569 -3.20023 -1.43569 -3.20023 0.273251 0.581995 0.273251 -0.581995 
1 1 0 21.882 0.110584 5.55318 -1.43554 -3.19997 -1.43554 -3.19997 0.273503 0.581956 0.273503 -0.581956 
1 1 0 21.877 0.110584 5.55506 -1.43538 -3.19971 -1.43538 -3.19971 0.273756 0.581916 0.273756 -0.581916 
1 1 0 21.872 0.110584 5.55694 -1.43523 -3.19945 -1.43523 -3.19945 0.27401 0.581875 0.27401 -0.581875 
1 1 0 21.867 0.110584 5.55883 -1.43508 -3.19919 -1.43508 -3.19919 0.274264 0.581834 0.274264 -0.581834 
1 1 0 21.8621 0.110584 5.56073 -1.43492 -3.19893 -1.43492 -3.19893 0.274519 0.581793 0.274519 -0.581793 
1 1 0 21.8571 0.110584 5.56263 -1.43477 -3.19867 -1.43477 -3.19867 0.274774 0.581752 0.274774 -0.581752 
1 1 0 21.8521 0.110584 5.56454 -1.43461 -3.19841 -1.43461 -3.19841 0.27503 0.58171 0.27503 -0.58171 
1 1 0 21.8471 0.110584 5.56645 -1.43446 -3.19815 -1.43446 -3.19815 0.275287 0.581667 0.275287 -0.581667 
1 1 0 21.8421 0.110584 5.56838 -1.4343 -3.1979 -1.4343 -3.1979 0.275544 0.581625 0.275544 -0.581625 
1 1 0 21.8371 0.110584 5.5703 -1.43415 -3.19764 -1.43415 -3.19764 0.275802 0.581582 0.275802 -0.581582 
1 1 0 21.8321 0.110584 5.57224 -1.43399 -3.19738 -1.43399 -3.19738 0.27606 0.581538 0.27606 -0.581538 
1 1 0 21.8271 0.110584 5.57417 -1.43384 -3.19712 -1.43384 -3.19712 0.276318 0.581494 0.276318 -0.581494 
1 1 0 21.8221 0.110584 5.57612 -1.43369 -3.19686 -1.43369 -3.19686 0.276578 0.58145 0.276578 -0.58145 
1 1 0 21.8171 0.110584 5.57807 -1.43353 -3.19661 -1.43353 -3.19661 0.276838 0.581406 0.276838 -0.581406 
1 1 0 21.8121 0.110584 5.58003 -1.43338 -3.19635 -1.43338 -3.19635 0.277098 0.581361 0.277098 -0.581361 
1 1 0 21.8072 0.110584 5.58199 -1.43322 -3.19609 -1.43322 -3.19609 0.277359 0.581315 0.277359 -0.581315 
1 1 0 21.8022 0.110584 5.58396 -1.43307 -3.19584 -1.43307 -3.19584 0.277621 0.58127 0.277621 -0.58127 
1 1 0 21.7972 0.110584 5.58594 -1.43291 -3.19558 -1.43291 -3.19558 0.277883 0.581224 0.277883 -0.581224 
1 1 0 21.7922 0.110584 5.58792 -1.43276 -3.19532 -1.43276 -3.19532 0.278146 0.581177 0.278146 -0.581177 
1 1 0 21.7872 0.110584 5.58991 -1.4326 -3.19507 -1.4326 -3.19507 0.278409 0.58113 0.278409 -0.58113 
1 1 0 21.7822 0.110584 5.5919 -1.43245 -3.19481 -1.43245 -3.19481 0.278673 0.581083 0.278673 -0.581083 
1 1 0 21.7772 0.110584 5.59391 -1.43229 -3.19455 -1.43229 -3.19455 0.278938 0.581036 0.278938 -0.581036 
1 1 0 21.7722 0.110584 5.59591 -1.43214 -3.1943 -1.43214 -3.1943 0.279203 0.580988 0.279203 -0.580988 
1 1 0 21.7672 0.110584 5.59793 -1.43198 -3.19404 -1.43198 -3.19404 0.279468 0.580939 0.279468 -0.580939 
1 1 0 21.7622 0.110584 5.59995 -1.43182 -3.19379 -1.43182 -3.19379 0.279734 0.58089 0.279734 -0.58089 
1 1 0 21.7572 0.110584 5.60197 -1.43167 -3.19353 -1.43167 -3.19353 0.280001 0.580841 0.280001 -0.580841 
1 1 0 21.7523 0.110584 5.604 -1.43151 -3.19328 -1.43151 -3.19328 0.280268 0.580792 0.280268 -0.580792 
1 1 0 21.7473 0.110584 5.60604 -1.43136 -3.19302 -1.43136 -3.19302 0.280536 0.580742 0.280536 -0.580742 
1 1 0 21.7423 0.110584 5.60809 -1.4312 -3.19277 -1.4312 -3.19277 0.280805 0.580691 0.280805 -0.580691 
1 1 0 21.7373 0.110584 5.61014 -1.43105 -3.19251 -1.43105 -3.19251 0.281074 0.580641 0.281074 -0.580641 
1 1 0 21.7323 0.110584 5.6122 -1.43089 -3.19226 -1.43089 -3.19226 0.281344 0.58059 0.281344 -0.58059 
1 1 0 21.7273 0.110584 5.61426 -1.43074 -3.19201 -1.43074 -3.19201 0.281614 0.580538 0.281614 -0.580538 
1 1 0 21.7223 0.110584 5.61633 -1.43058 -3.19175 -1.43058 -3.19175 0.281885 0.580486 0.281885 -0.580486 
1 1 0 21.7173 0.110584 5.61841 -1.43042 -3.1915 -1.43042 -3.1915 0.282156 0.580434 0.282156 -0.580434 
1 1 0 21.7123 0.110584 5.6205 -1.43027 -3.19125 -1.43027 -3.19125 0.282428 0.580381 0.282428 -0.580381 
1 1 0 21.7073 0.110584 5.62259 -1.43011 -3.19099 -1.43011 -3.19099 0.2827 0.580328 0.2827 -0.580328 
1 1 0 21.7023 0.110584 5.62468 -1.42996 -3.19074 -1.42996 -3.19074 0.282974 0.580275 0.282974 -0.580275 
1 1 0 21.6974 0.110584 5.62679 -1.4298 -3.19049 -1.4298 -3.19049 0.283247 0.580221 0.283247 -0.580221 
1 1 0 21.6924 0.110584 5.6289 -1.42964 -3.19023 -1.42964 -3.19023 0.283522 0.580166 0.283522 -0.580166 
1 1 0 21.6874 0.110584 5.63101 -1.42949 -3.18998 -1.42949 -3.18998 0.283796 0.580112 0.283796 -0.580112 
1 1 0 21.6824 0.110584 5.63314 -1.42933 -3.18973 -1.42933 -3.18973 0.284072 0.580056 0.284072 -0.580056 
1 1 0 21.6774 0.110584 5.63527 -1.42917 -3.18948 -1.42917 -3.18948 0.284348 0.580001 0.284348 -0.580001 
1 1 0 21.6724 0.110584 5.6374 -1.42902 -3.18922 -1.42902 -3.18922 0.284624 0.579945 0.284624 -0.579945 
1 1 0 21.6674 0.110584 5.63955 -1.42886 -3.18897 -1.42886 -3.18897 0.284902 0.579889 0.284902 -0.579889 
1 1 0 21.6624 0.110584 5.6417 -1.4287 -3.18872 -1.4287 -3.18872 0.285179 0.579832 0.285179 -0.579832 
1 1 0 21.6574 0.110584 5.64385 -1.42855 -3.18847 -1.42855 -3.18847 0.285458 0.579775 0.285458 -0.579775 
1 1 0 21.6524 0.110584 5.64601 -1.42839 -3.18822 -1.42839 -3.18822 0.285737 0.579717 0.285737 -0.579717 
1 1 0 21.6474 0.110584 5.64818 -1.42823 -3.18797 -1.42823 -3.18797 0.286016 0.579659 0.286016 -0.579659 
1 1 0 21.6425 0.110584 5.65036 -1.42808 -3.18772 -1.42808 -3.18772 0.286296 0.579601 0.286296 -0.579601 
1 1 0 21.6375 0.110584 5.65254 -1.42792 -3.18746 -1.42792 -3.18746 0.286577 0.579542 0.286577 -0.579542 
1 1 0 21.6325 0.110584 5.65473 -1.42776 -3.18721 -1.42776 -3.18721 0.286858 0.579482 0.286858 -0.579482 
1 1 0 21.6275 0.110584 5.65693 -1.42761 -3.18696 -1.42761 -3.18696 0.28714 0.579423 0.28714 -0.579423 
1 1 0 21.6225 0.110584 5.65914 -1.42745 -3.18671 -1.42745 -3.18671 0.287422 0.579363 0.287422 -0.579363 
1 1 0 21.6175 0.110584 5.66135 -1.42729 -3.18646 -1.42729 -3.18646 0.287705 0.579302 0.287705 -0.579302 
1 1 0 21.6125 0.110584 5.66356 -1.42714 -3.18621 -1.42714 -3.18621 0.287989 0.579241 0.287989 -0.579241 
1 1 0 21.6075 0.110584 5.66579 -1.42698 -3.18596 -1.42698 -3.18596 0.288273 0.57918 0.288273 -0.57918 
1 1 0 21.6025 0.110584 5.66802 -1.42682 -3.18571 -1.42682 -3.18571 0.288558 0.579118 0.288558 -0.579118 
1 1 0 21.5975 0.110584 5.67026 -1.42666 -3.18547 -1.42666 -3.18547 0.288843 0.579056 0.288843 -0.579056 
1 1 0 21.5925 0.110584 5.6725 -1.42651 -3.18522 -1.42651 -3.18522 0.289129 0.578993 0.289129 -0.578993 
1 1 0 21.5875 0.110584 5.67475 -1.42635 -3.18497 -1.42635 -3.18497 0.289416 0.57893 0.289416 -0.57893 
1 1 0 21.5826 0.110584 5.67701 -1.42619 -3.18472 -1.42619 -3.18472 0.289703 0.578867 0.289703 -0.578867 
1 1 0 21.5776 0.110584 5.67928 -1.42603 -3.18447 -1.42603 -3.18447 0.28999 0.578803 0.28999 -0.578803 
1 1 0 21.5726 0.110584 5.68155 -1.42588 -3.18422 -1.42588 -3.18422 0.290279 0.578738 0.290279 -0.578738 
1 1 0 21.5676 0.110584 5.68383 -1.42572 -3.18397 -1.42572 -3.18397 0.290568 0.578673 0.290568 -0.578673 
1 1 0 21.5626 0.110584 5.68612 -1.42556 -3.18373 -1.42556 -3.18373 0.290857 0.578608 0.290857 -0.578608 
1 1 0 21.5576 0.110584 5.68841 -1.4254 -3.18348 -1.4254 -3.18348 0.291147 0.578543 0.291147 -0.578543 
1 1 0 21.5526 0.110584 5.69072 -1.42525 -3.18323 -1.42525 -3.18323 0.291438 0.578476 0.291438 -0.578476 
1 1 0 21.5476 0.110584 5.69302 -1.42509 -3.18298 -1.42509 -3.18298 0.291729 0.57841 0.291729 -0.57841 
1 1 0 21.5426 0.110584 5.69534 -1.42493 -3.18274 -1.42493 -3.18274 0.292021 0.578343 0.292021 -0.578343 
1 1 0 21.5376 0.110584 5.69766 -1.42477 -3.18249 -1.42477 -3.18249 0.292313 0.578275 0.292313 -0.578275 
1 1 0 21.5326 0.110584 5.69999 -1.42461 -3.18224 -1.42461 -3.18224 0.292606 0.578208 0.292606 -0.578208 
1 1 0 21.5277 0.110584 5.70233 -1.42446 -3.182 -1.42446 -3.182 0.2929 0.578139 0.2929 -0.578139 
1 1 0 21.5227 0.110584 5.70468 -1.4243 -3.18175 -1.4243 -3.18175 0.293194 0.57807 0.293194 -0.57807 
1 1 0 21.5177 0.110584 5.70703 -1.42414 -3.1815 -1.42414 -3.1815 0.293489 0.578001 0.293489 -0.578001 
1 1 0 21.5127 0.110584 5.70939 -1.42398 -3.18126 -1.42398 -3.18126 0.293784 0.577932 0.293784 -0.577932 
1 1 0 21.5077 0.110584 5.71175 -1.42382 -3.18101 -1.42382 -3.18101 0.29408 0.577862 0.29408 -0.577862 
1 1 0 21.5027 0.110584 5.71413 -1.42366 -3.18077 -1.42366 -3.18077 0.294377 0.577791 0.294377 -0.577791 
1 1 0 21.4977 0.110584 5.71651 -1.42351 -3.18052 -1.42351 -3.18052 0.294674 0.57772 0.294674 -0.57772 
1 1 0 21.4927 0.110584 5.7189 -1.42335 -3.18028 -1.42335 -3.18028 0.294972 0.577648 0.294972 -0.577648 
1 1 0 21.4877 0.110584 5.72129 -1.42319 -3.18003 -1.42319 -3.18003 0.29527 0.577577 0.29527 -0.577577 
1 1 0 21.4827 0.110584 5.72369 -1.42303 -3.17979 -1.42303 -3.17979 0.295569 0.577504 0.295569 -0.577504 
1 1 0 21.4777 0.110584 5.72611 -1.42287 -3.17954 -1.42287 -3.17954 0.295869 0.577431 0.295869 -0.577431 
1 1 0 21.4727 0.110584 5.72852 -1.42271 -3.1793 -1.42271 -3.1793 0.296169 0.577358 0.296169 -0.577358 
1 1 0 21.4678 0.110584 5.73095 -1.42255 -3.17905 -1.42255 -3.17905 0.29647 0.577284 0.29647 -0.577284 
1 1 0 21.4628 0.110584 5.73338 -1.42239 -3.17881 -1.42239 -3.17881 0.296771 0.57721 0.296771 -0.57721 
1 1 0 21.4578 0.110584 5.73582 -1.42223 -3.17856 -1.42223 -3.17856 0.297073 0.577135 0.297073 -0.577135 
1 1 0 21.4528 0.110584 5.73827 -1.42208 -3.17832 -1.42208 -3.17832 0.297375 0.57706 0.297375 -0.57706 
1 1 0 21.4478 0.110584 5.74073 -1.42192 -3.17808 -1.42192 -3.17808 0.297679 0.576985 0.297679 -0.576985 
1 1 0 21.4428 0.110584 5.74319 -1.42176 -3.17783 -1.42176 -3.17783 0.297982 0.576909 0.297982 -0.576909 
1 1 0 21.4378 0.110584 5.74566 -1.4216 -3.17759 -1.4216 -3.17759 0.298287 0.576832 0.298287 -0.576832 
1 1 0 21.4328 0.110584 5.74814 -1.42144 -3.17735 -1.42144 -3.17735 0.298592 0.576755 0.298592 -0.576755 
1 1 0 21.4278 0.110584 5.75063 -1.42128 -3.1771 -1.42128 -3.1771 0.298897 0.576678 0.298897 -0.576678 
1 1 0 21.4228 0.110584 5.75312 -1.42112 -3.17686 -1.42112 -3.17686 0.299203 0.5766 0.299203 -0.5766 
1 1 0 21.4178 0.110584 5.75562 -1.42096 -3.17662 -1.42096 -3.17662 0.29951 0.576521 0.29951 -0.576521 
1 1 0 21.4128 0.110584 5.75813 -1.4208 -3.17638 -1.4208 -3.17638 0.299818 0.576442 0.299818 -0.576442 
1 1 0 21.4079 0.110584 5.76065 -1.42064 -3.17614 -1.42064 -3.17614 0.300126 0.576363 0.300126 -0.576363 
1 1 0 21.4029 0.110584 5.76317 -1.42048 -3.17589 -1.42048 -3.17589 0.300434 0.576283 0.300434 -0.576283 
1 1 0 21.3979 0.110584 5.76571 -1.42032 -3.17565 -1.42032 -3.17565 0.300743 0.576203 0.300743 -0.576203 
1 1 0 21.3929 0.110584 5.76825 -1.42016 -3.17541 -1.42016 -3.17541 0.301053 0.576122 0.301053 -0.576122 
1 1 0 21.3879 0.110584 5.77079 -1.42 -3.17517 -1.42 -3.17517 0.301363 0.576041 0.301363 -0.576041 
1 1 0 21.3829 0.110584 5.77335 -1.41984 -3.17493 -1.41984 -3.17493 0.301674 0.575959 0.301674 -0.575959 
1 1 0 21.3779 0.110584 5.77592 -1.41968 -3.17469 -1.41968 -3.17469 0.301986 0.575877 0.301986 -0.575877 
1 1 0 21.3729 0.110584 5.77849 -1.41952 -3.17445 -1.41952 -3.17445 0.302298 0.575794 0.302298 -0.575794 
1 1 0 21.3679 0.110584 5.78107 -1.41936 -3.17421 -1.41936 -3.17421 0.302611 0.575711 0.302611 -0.575711 
1 1 0 21.3629 0.110584 5.78366 -1.4192 -3.17397 -1.4192 -3.17397 0.302924 0.575627 0.302924 -0.575627 
1 1 0 21.3579 0.110584 5.78625 -1.41904 -3.17373 -1.41904 -3.17373 0.303238 0.575543 0.303238 -0.575543 
1 1 0 21.3529 0.110584 5.78886 -1.41888 -3.17349 -1.41888 -3.17349 0.303553 0.575458 0.303553 -0.575458 
1 1 0 21.348 0.110584 5.79147 -1.41872 -3.17325 -1.41872 -3.17325 0.303868 0.575373 0.303868 -0.575373 
1 1 0 21.343 0.110584 5.79409 -1.41856 -3.17301 -1.41856 -3.17301 0.304184 0.575287 0.304184 -0.575287 
1 1 0 21.338 0.110584 5.79672 -1.4184 -3.17277 -1.4184 -3.17277 0.304501 0.575201 0.304501 -0.575201 
1 1 0 21.333 0.110584 5.79936 -1.41824 -3.17253 -1.41824 -3.17253 0.304818 0.575115 0.304818 -0.575115 
1 1 0 21.328 0.110584 5.802 -1.41808 -3.17229 -1.41808 -3.17229 0.305135 0.575027 0.305135 -0.575027 
1 1 0 21.323 0.110584 5.80465 -1.41792 -3.17205 -1.41792 -3.17205 0.305454 0.57494 0.305454 -0.57494 
1 1 0 21.318 0.110584 5.80731 -1.41776 -3.17181 -1.41776 -3.17181 0.305773 0.574852 0.305773 -0.574852 
1 1 0 21.313 0.110584 5.80998 -1.4176 -3.17158 -1.4176 -3.17158 0.306092 0.574763 0.306092 -0.574763 
1 1 0 21.308 0.110584 5.81266 -1.41744 -3.17134 -1.41744 -3.17134 0.306412 0.574674 0.306412 -0.574674 
1 1 0 21.303 0.110584 5.81535 -1.41728 -3.1711 -1.41728 -3.1711 0.306733 0.574584 0.306733 -0.574584 
1 1 0 21.298 0.110584 5.81804 -1.41711 -3.17086 -1.41711 -3.17086 0.307054 0.574494 0.307054 -0.574494 
1 1 0 21.293 0.110584 5.82075 -1.41695 -3.17062 -1.41695 -3.17062 0.307376 0.574403 0.307376 -0.574403 
1 1 0 21.2881 0.110584 5.82346 -1.41679 -3.17039 -1.41679 -3.17039 0.307699 0.574312 0.307699 -0.574312 
1 1 0 21.2831 0.110584 5.82618 -1.41663 -3.17015 -1.41663 -3.17015 0.308022 0.57422 0.308022 -0.57422 
1 1 0 21.2781 0.110584 5.8289 -1.41647 -3.16991 -1.41647 -3.16991 0.308346 0.574128 0.308346 -0.574128 
1 1 0 21.2731 0.110584 5.83164 -1.41631 -3.16968 -1.41631 -3.16968 0.30867 0.574035 0.30867 -0.574035 
1 1 0 21.2681 0.110584 5.83439 -1.41615 -3.16944 -1.41615 -3.16944 0.308995 0.573942 0.308995 -0.573942 
1 1 0 21.2631 0.110584 5.83714 -1.41599 -3.1692 -1.41599 -3.1692 0.309321 0.573848 0.309321 -0.573848 
1 1 0 21.2581 0.110584 5.8399 -1.41582 -3.16897 -1.41582 -3.16897 0.309647 0.573754 0.309647 -0.573754 
1 1 0 21.2531 0.110584 5.84267 -1.41566 -3.16873 -1.41566 -3.16873 0.309974 0.573659 0.309974 -0.573659 
1 1 0 21.2481 0.110584 5.84545 -1.4155 -3.1685 -1.4155 -3.1685 0.310302 0.573564 0.310302 -0.573564 
1 1 0 21.2431 0.110584 5.84824 -1.41534 -3.16826 -1.41534 -3.16826 0.31063 0.573468 0.31063 -0.573468 
1 1 0 21.2381 0.110584 5.85104 -1.41518 -3.16803 -1.41518 -3.16803 0.310959 0.573372 0.310959 -0.573372 
1 1 0 21.2331 0.110584 5.85384 -1.41502 -3.16779 -1.41502 -3.16779 0.311288 0.573275 0.311288 -0.573275 
1 1 0 21.2282 0.110584 5.85666 -1.41485 -3.16756 -1.41485 -3.16756 0.311618 0.573177 0.311618 -0.573177 
1 1 0 21.2232 0.110584 5.85948 -1.41469 -3.16732 -1.41469 -3.16732 0.311948 0.573079 0.311948 -0.573079 
1 1 0 21.2182 0.110584 5.86231 -1.41453 -3.16709 -1.41453 -3.16709 0.31228 0.572981 0.31228 -0.572981 
1 1 0 21.2132 0.110584 5.86515 -1.41437 -3.16685 -1.41437 -3.16685 0.312612 0.572882 0.312612 -0.572882 
1 1 0 21.2082 0.110584 5.868 -1.41421 -3.16662 -1.41421 -3.16662 0.312944 0.572782 0.312944 -0.572782 
1 1 0 21.2032 0.110584 5.87086 -1.41404 -3.16639 -1.41404 -3.16639 0.313277 0.572682 0.313277 -0.572682 
1 1 0 21.1982 0.110584 5.87373 -1.41388 -3.16615 -1.41388 -3.16615 0.313611 0.572581 0.313611 -0.572581 
1 1 0 21.1932 0.110584 5.8766 -1.41372 -3.16592 -1.41372 -3.16592 0.313945 0.57248 0.313945 -0.57248 
1 1 0 21.1882 0.110584 5.87949 -1.41356 -3.16569 -1.41356 -3.16569 0.31428 0.572378 0.31428 -0.572378 
1 1 0 21.1832 0.110584 5.88238 -1.4134 -3.16545 -1.4134 -3.16545 0.314616 0.572276 0.314616 -0.572276 
1 1 0 21.1782 0.110584 5.88529 -1.41323 -3.16522 -1.41323 -3.16522 0.314952 0.572173 0.314952 -0.572173 
1 1 0 21.1732 0.110584 5.8882 -1.41307 -3.16499 -1.41307 -3.16499 0.315289 0.57207 0.315289 -0.57207 
1 1 0 21.1682 0.110584 5.89112 -1.41291 -3.16476 -1.41291 -3.16476 0.315626 0.571966 0.315626 -0.571966 
1 1 0 21.1633 0.110584 5.89405 -1.41275 -3.16452 -1.41275 -3.16452 0.315964 0.571862 0.315964 -0.571862 
1 1 0 21.1583 0.110584 5.89699 -1.41258 -3.16429 -1.41258 -3.16429 0.316303 0.571757 0.316303 -0.571757 
1 1 0 21.1533 0.110584 5.89994 -1.41242 -3.16406 -1.41242 -3.16406 0.316642 0.571651 0.316642 -0.571651 
1 1 0 21.1483 0.110584 5.9029 -1.41226 -3.16383 -1.41226 -3.16383 0.316982 0.571545 0.316982 -0.571545 
1 1 0 21.1433 0.110584 5.90586 -1.41209 -3.1636 -1.41209 -3.1636 0.317323 0.571438 0.317323 -0.571438 
1 1 0 21.1383 0.110584 5.90884 -1.41193 -3.16337 -1.41193 -3.16337 0.317664 0.571331 0.317664 -0.571331 
1 1 0 21.1333 0.110584 5.91183 -1.41177 -3.16313 -1.41177 -3.16313 0.318006 0.571223 0.318006 -0.571223 
1 1 0 21.1283 0.110584 5.91482 -1.4116 -3.1629 -1.4116 -3.1629 0.318348 0.571115 0.318348 -0.571115 
1 1 0 21.1233 0.110584 5.91783 -1.41144 -3.16267 -1.41144 -3.16267 0.318691 0.571006 0.318691 -0.571006 
1 1 0 21.1183 0.110584 5.92084 -1.41128 -3.16244 -1.41128 -3.16244 0.319035 0.570896 0.319035 -0.570896 
1 1 0 21.1133 0.110584 5.92387 -1.41112 -3.16221 -1.41112 -3.16221 0.319379 0.570786 0.319379 -0.570786 
1 1 0 21.1083 0.110584 5.9269 -1.41095 -3.16198 -1.41095 -3.16198 0.319724 0.570676 0.319724 -0.570676 
1 1 0 21.1034 0.110584 5.92994 -1.41079 -3.16175 -1.41079 -3.16175 0.32007 0.570565 0.32007 -0.570565 
1 1 0 21.0984 0.110584 5.93299 -1.41062 -3.16152 -1.41062 -3.16152 0.320416 0.570453 0.320416 -0.570453 
1 1 0 21.0934 0.110584 5.93606 -1.41046 -3.1613 -1.41046 -3.1613 0.320763 0.57034 0.320763 -0.57034 
1 1 0 21.0884 0.110584 5.93913 -1.4103 -3.16107 -1.4103 -3.16107 0.32111 0.570228 0.32111 -0.570228 
1 1 0 21.0834 0.110584 5.94221 -1.41013 -3.16084 -1.41013 -3.16084 0.321459 0.570114 0.321459 -0.570114 
1 1 0 21.0784 0.110584 5.9453 -1.40997 -3.16061 -1.40997 -3.16061 0.321807 0.57 0.321807 -0.57 
1 1 0 21.0734 0.110584 5.9484 -1.40981 -3.16038 -1.40981 -3.16038 0.322157 0.569885 0.322157 -0.569885 
1 1 0 21.0684 0.110584 5.95151 -1.40964 -3.16015 -1.40964 -3.16015 0.322507 0.56977 0.322507 -0.56977 
1 1 0 21.0634 0.110584 5.95463 -1.40948 -3.15992 -1.40948 -3.15992 0.322857 0.569654 0.322857 -0.569654 
1 1 0 21.0584 0.110584 5.95776 -1.40931 -3.1597 -1.40931 -3.1597 0.323209 0.569538 0.323209 -0.569538 
1 1 0 21.0534 0.110584 5.9609 -1.40915 -3.15947 -1.40915 -3.15947 0.323561 0.569421 0.323561 -0.569421 
1 1 0 21.0484 0.110584 5.96405 -1.40899 -3.15924 -1.40899 -3.15924 0.323913 0.569303 0.323913 -0.569303 
1 1 0 21.0434 0.110584 5.96721 -1.40882 -3.15901 -1.40882 -3.15901 0.324266 0.569185 0.324266 -0.569185 
1 1 0 21.0385 0.110584 5.97038 -1.40866 -3.15879 -1.40866 -3.15879 0.32462 0.569066 0.32462 -0.569066 
1 1 0 21.0335 0.110584 5.97356 -1.40849 -3.15856 -1.40849 -3.15856 0.324975 0.568947 0.324975 -0.568947 
1 1 0 21.0285 0.110584 5.97675 -1.40833 -3.15833 -1.40833 -3.15833 0.32533 0.568827 0.32533 -0.568827 
1 1 0 21.0235 0.110584 5.97995 -1.40816 -3.15811 -1.40816 -3.15811 0.325686 0.568706 0.325686 -0.568706 
1 1 0 21.0185 0.110584 5.98316 -1.408 -3.15788 -1.408 -3.15788 0.326042 0.568585 0.326042 -0.568585 
1 1 0 21.0135 0.110584 5.98638 -1.40784 -3.15766 -1.40784 -3.15766 0.326399 0.568463 0.326399 -0.568463 
1 1 0 21.0085 0.110584 5.98961 -1.40767 -3.15743 -1.40767 -3.15743 0.326757 0.568341 0.326757 -0.568341 
1 1 0 21.0035 0.110584 5.99285 -1.40751 -3.15721 -1.40751 -3.15721 0.327115 0.568218 0.327115 -0.568218 
1 1 0 20.9985 0.110584 5.9961 -1.40734 -3.15698 -1.40734 -3.15698 0.327474 0.568095 0.327474 -0.568095 
1 1 0 20.9935 0.110584 5.99936 -1.40718 -3.15676 -1.40718 -3.15676 0.327833 0.56797 0.327833 -0.56797 
1 1 0 20.9885 0.110584 6.00263 -1.40701 -3.15653 -1.40701 -3.15653 0.328194 0.567846 0.328194 -0.567846 
1 1 0 20.9835 0.110584 6.00591 -1.40685 -3.15631 -1.40685 -3.15631 0.328555 0.56772 0.328555 -0.56772 
1 1 0 20.9785 0.110584 6.00921 -1.40668 -3.15608 -1.40668 -3.15608 0.328916 0.567594 0.328916 -0.567594 
1 1 0 20.9736 0.110584 6.01251 -1.40652 -3.15586 -1.40652 -3.15586 0.329278 0.567467 0.329278 -0.567467 
1 1 0 20.9686 0.110584 6.01582 -1.40635 -3.15563 -1.40635 -3.15563 0.329641 0.56734 0.329641 -0.56734 
1 1 0 20.9636 0.110584 6.01915 -1.40619 -3.15541 -1.40619 -3.15541 0.330004 0.567212 0.330004 -0.567212 
1 1 0 20.9586 0.110584 6.02248 -1.40602 -3.15519 -1.40602 -3.15519 0.330369 0.567084 0.330369 -0.567084 
1 1 0 20.9536 0.110584 6.02583 -1.40586 -3.15496 -1.40586 -3.15496 0.330733 0.566955 0.330733 -0.566955 
1 1 0 20.9486 0.110584 6.02918 -1.40569 -3.15474 -1.40569 -3.15474 0.331099 0.566825 0.331099 -0.566825 
1 1 0 20.9436 0.110584 6.03255 -1.40552 -3.15452 -1.40552 -3.15452 0.331465 0.566695 0.331465 -0.566695 
1 1 0 20.9386 0.110584 6.03593 -1.40536 -3.1543 -1.40536 -3.1543 0.331831 0.566563 0.331831 -0.566563 
1 1 0 20.9336 0.110584 6.03932 -1.40519 -3.15407 -1.40519 -3.15407 0.332199 0.566432 0.332199 -0.566432 
1 1 0 20.9286 0.110584 6.04271 -1.40503 -3.15385 -1.40503 -3.15385 0.332567 0.5663 0.332567 -0.5663 
1 1 0 20.9236 0.110584 6.04612 -1.40486 -3.15363 -1.40486 -3.15363 0.332935 0.566167 0.332935 -0.566167 
1 1 0 20.9186 0.110584 6.04955 -1.4047 -3.15341 -1.4047 -3.15341 0.333304 0.566033 0.333304 -0.566033 
1 1 0 20.9137 0.110584 6.05298 -1.40453 -3.15319 -1.40453 -3.15319 0.333674 0.565899 0.333674 -0.565899 
1 1 0 20.9087 0.110584 6.05642 -1.40436 -3.15296 -1.40436 -3.15296 0.334045 0.565764 0.334045 -0.565764 
1 1 0 20.9037 0.110584 6.05987 -1.4042 -3.15274 -1.4042 -3.15274 0.334416 0.565628 0.334416 -0.565628 
1 1 0 20.8987 0.110584 6.06334 -1.40403 -3.15252 -1.40403 -3.15252 0.334788 0.565492 0.334788 -0.565492 
1 1 0 20.8937 0.110584 6.06681 -1.40387 -3.1523 -1.40387 -3.1523 0.33516 0.565356 0.33516 -0.565356 
1 1 0 20.8887 0.110584 6.0703 -1.4037 -3.15208 -1.4037 -3.15208 0.335534 0.565218 0.335534 -0.565218 
1 1 0 20.8837 0.110584 6.0738 -1.40353 -3.15186 -1.40353 -3.15186 0.335907 0.56508 0.335907 -0.56508 
1 1 0 20.8787 0.110584 6.07731 -1.40337 -3.15164 -1.40337 -3.15164 0.336282 0.564941 0.336282 -0.564941 
1 1 0 20.8737 0.110584 6.08083 -1.4032 -3.15142 -1.4032 -3.15142 0.336657 0.564802 0.336657 -0.564802 
1 1 0 20.8687 0.110584 6.08436 -1.40303 -3.1512 -1.40303 -3.1512 0.337033 0.564662 0.337033 -0.564662 
1 1 0 20.8637 0.110584 6.08791 -1.40287 -3.15098 -1.40287 -3.15098 0.337409 0.564521 0.337409 -0.564521 
1 1 0 20.8587 0.110584 6.09146 -1.4027 -3.15076 -1.4027 -3.15076 0.337786 0.56438 0.337786 -0.56438 
1 1 0 20.8537 0.110584 6.09503 -1.40253 -3.15055 -1.40253 -3.15055 0.338164 0.564238 0.338164 -0.564238 
1 1 0 20.8487 0.110584 6.09861 -1.40237 -3.15033 -1.40237 -3.15033 0.338542 0.564095 0.338542 -0.564095 
1 1 0 20.8438 0.110584 6.1022 -1.4022 -3.15011 -1.4022 -3.15011 0.338921 0.563951 0.338921 -0.563951 
1 1 0 20.8388 0.110584 6.1058 -1.40203 -3.14989 -1.40203 -3.14989 0.339301 0.563807 0.339301 -0.563807 
1 1 0 20.8338 0.110584 6.10941 -1.40187 -3.14967 -1.40187 -3.14967 0.339681 0.563663 0.339681 -0.563663 
1 1 0 20.8288 0.110584 6.11304 -1.4017 -3.14945 -1.4017 -3.14945 0.340062 0.563517 0.340062 -0.563517 
1 1 0 20.8238 0.110584 6.11667 -1.40153 -3.14924 -1.40153 -3.14924 0.340444 0.563371 0.340444 -0.563371 
1 1 0 20.8188 0.110584 6.12032 -1.40136 -3.14902 -1.40136 -3.14902 0.340826 0.563224 0.340826 -0.563224 
1 1 0 20.8138 0.110584 6.12398 -1.4012 -3.1488 -1.4012 -3.1488 0.341209 0.563077 0.341209 -0.563077 
1 1 0 20.8088 0.110584 6.12765 -1.40103 -3.14859 -1.40103 -3.14859 0.341593 0.562929 0.341593 -0.562929 
1 1 0 20.8038 0.110584 6.13134 -1.40086 -3.14837 -1.40086 -3.14837 0.341977 0.56278 0.341977 -0.56278 
1 1 0 20.7988 0.110584 6.13503 -1.40069 -3.14815 -1.40069 -3.14815 0.342362 0.56263 0.342362 -0.56263 
1 1 0 20.7938 0.110584 6.13874 -1.40053 -3.14794 -1.40053 -3.14794 0.342748 0.56248 0.342748 -0.56248 
1 1 0 20.7888 0.110584 6.14246 -1.40036 -3.14772 -1.40036 -3.14772 0.343134 0.562329 0.343134 -0.562329 
1 1 0 20.7838 0.110584 6.14619 -1.40019 -3.14751 -1.40019 -3.14751 0.343521 0.562178 0.343521 -0.562178 
1 1 0 20.7789 0.110584 6.14994 -1.40002 -3.14729 -1.40002 -3.14729 0.343908 0.562025 0.343908 -0.562025 
1 1 0 20.7739 0.110584 6.1537 -1.39986 -3.14707 -1.39986 -3.14707 0.344297 0.561872 0.344297 -0.561872 
1 1 0 20.7689 0.110584 6.15746 -1.39969 -3.14686 -1.39969 -3.14686 0.344685 0.561719 0.344685 -0.561719 
1 1 0 20.7639 0.110584 6.16125 -1.39952 -3.14665 -1.39952 -3.14665 0.345075 0.561564 0.345075 -0.561564 
1 1 0 20.7589 0.110584 6.16504 -1.39935 -3.14643 -1.39935 -3.14643 0.345465 0.561409 0.345465 -0.561409 
1 1 0 20.7539 0.110584 6.16885 -1.39918 -3.14622 -1.39918 -3.14622 0.345856 0.561253 0.345856 -0.561253 
1 1 0 20.7489 0.110584 6.17266 -1.39902 -3.146 -1.39902 -3.146 0.346248 0.561097 0.346248 -0.561097 
1 1 0 20.7439 0.110584 6.1765 -1.39885 -3.14579 -1.39885 -3.14579 0.34664 0.56094 0.34664 -0.56094 
1 1 0 20.7389 0.110584 6.18034 -1.39868 -3.14557 -1.39868 -3.14557 0.347033 0.560782 0.347033 -0.560782 
1 1 0 20.7339 0.110584 6.1842 -1.39851 -3.14536 -1.39851 -3.14536 0.347426 0.560623 0.347426 -0.560623 
1 1 0 20.7289 0.110584 6.18807 -1.39834 -3.14515 -1.39834 -3.14515 0.34782 0.560464 0.34782 -0.560464 
1 1 0 20.7239 0.110584 6.19195 -1.39817 -3.14494 -1.39817 -3.14494 0.348215 0.560303 0.348215 -0.560303 
1 1 0 20.7189 0.110584 6.19584 -1.398 -3.14472 -1.398 -3.14472 0.348611 0.560143 0.348611 -0.560143 
1 1 0 20.714 0.110584 6.19975 -1.39784 -3.14451 -1.39784 -3.14451 0.349007 0.559981 0.349007 -0.559981 
1 1 0 20.709 0.110584 6.20367 -1.39767 -3.1443 -1.39767 -3.1443 0.349404 0.559819 0.349404 -0.559819 
1 1 0 20.704 0.110584 6.2076 -1.3975 -3.14409 -1.3975 -3.14409 0.349802 0.559656 0.349802 -0.559656 
1 1 0 20.699 0.110584 6.21155 -1.39733 -3.14387 -1.39733 -3.14387 0.3502 0.559492 0.3502 -0.559492 
1 1 0 20.694 0.110584 6.21551 -1.39716 -3.14366 -1.39716 -3.14366 0.350599 0.559327 0.350599 -0.559327 
1 1 0 20.689 0.110584 6.21948 -1.39699 -3.14345 -1.39699 -3.14345 0.350998 0.559162 0.350998 -0.559162 
1 1 0 20.684 0.110584 6.22347 -1.39682 -3.14324 -1.39682 -3.14324 0.351398 0.558996 0.351398 -0.558996 
1 1 0 20.679 0.110584 6.22747 -1.39665 -3.14303 -1.39665 -3.14303 0.351799 0.558829 0.351799 -0.558829 
1 1 0 20.674 0.110584 6.23148 -1.39648 -3.14282 -1.39648 -3.14282 0.352201 0.558662 0.352201 -0.558662 
1 1 0 20.669 0.110584 6.23551 -1.39631 -3.14261 -1.39631 -3.14261 0.352603 0.558494 0.352603 -0.558494 
1 1 0 20.664 0.110584 6.23955 -1.39615 -3.1424 -1.39615 -3.1424 0.353006 0.558325 0.353006 -0.558325 
1 1 0 20.659 0.110584 6.2436 -1.39598 -3.14219 -1.39598 -3.14219 0.35341 0.558155 0.35341 -0.558155 
1 1 0 20.654 0.110584 6.24767 -1.39581 -3.14198 -1.39581 -3.14198 0.353814 0.557984 0.353814 -0.557984 
1 1 0 20.649 0.110584 6.25175 -1.39564 -3.14177 -1.39564 -3.14177 0.354219 0.557813 0.354219 -0.557813 
1 1 0 20.6441 0.110584 6.25584 -1.39547 -3.14156 -1.39547 -3.14156 0.354624 0.557641 0.354624 -0.557641 
1 1 0 20.6391 0.110584 6.25995 -1.3953 -3.14135 -1.3953 -3.14135 0.355031 0.557468 0.355031 -0.557468 
1 1 0 20.6341 0.110584 6.26407 -1.39513 -3.14114 -1.39513 -3.14114 0.355438 0.557295 0.355438 -0.557295 
1 1 0 20.6291 0.110584 6.2682 -1.39496 -3.14094 -1.39496 -3.14094 0.355845 0.557121 0.355845 -0.557121 
1 1 0 20.6241 0.110584 6.27235 -1.39479 -3.14073 -1.39479 -3.14073 0.356254 0.556945 0.356254 -0.556945 
1 1 0 20.6191 0.110584 6.27652 -1.39462 -3.14052 -1.39462 -3.14052 0.356663 0.55677 0.356663 -0.55677 
1 1 0 20.6141 0.110584 6.28069 -1.39445 -3.14031 -1.39445 -3.14031 0.357072 0.556593 0.357072 -0.556593 
1 1 0 20.6091 0.110584 6.28488 -1.39428 -3.1401 -1.39428 -3.1401 0.357483 0.556416 0.357483 -0.556416 
1 1 0 20.6041 0.110584 6.28909 -1.39411 -3.1399 -1.39411 -3.1399 0.357894 0.556237 0.357894 -0.556237 
1 1 0 20.5991 0.110584 6.29331 -1.39394 -3.13969 -1.39394 -3.13969 0.358305 0.556058 0.358305 -0.556058 
1 1 0 20.5941 0.110584 6.29754 -1.39377 -3.13948 -1.39377 -3.13948 0.358718 0.555879 0.358718 -0.555879 
1 1 0 20.5891 0.110584 6.30179 -1.3936 -3.13928 -1.3936 -3.13928 0.359131 0.555698 0.359131 -0.555698 
1 1 0 20.5841 0.110584 6.30605 -1.39343 -3.13907 -1.39343 -3.13907 0.359544 0.555517 0.359544 -0.555517 
1 1 0 20.5791 0.110584 6.31033 -1.39325 -3.13886 -1.39325 -3.13886 0.359959 0.555334 0.359959 -0.555334 
1 1 0 20.5742 0.110584 6.31462 -1.39308 -3.13866 -1.39308 -3.13866 0.360374 0.555152 0.360374 -0.555152 
1 1 0 20.5692 0.110584 6.31892 -1.39291 -3.13845 -1.39291 -3.13845 0.36079 0.554968 0.36079 -0.554968 
1 1 0 20.5642 0.110584 6.32324 -1.39274 -3.13825 -1.39274 -3.13825 0.361206 0.554783 0.361206 -0.554783 
1 1 0 20.5592 0.110584 6.32758 -1.39257 -3.13804 -1.39257 -3.13804 0.361623 0.554598 0.361623 -0.554598 
1 1 0 20.5542 0.110584 6.33193 -1.3924 -3.13784 -1.3924 -3.13784 0.362041 0.554412 0.362041 -0.554412 
1 1 0 20.5492 0.110584 6.33629 -1.39223 -3.13763 -1.39223 -3.13763 0.36246 0.554225 0.36246 -0.554225 
1 1 0 20.5442 0.110584 6.34067 -1.39206 -3.13743 -1.39206 -3.13743 0.362879 0.554037 0.362879 -0.554037 
1 1 0 20.5392 0.110584 6.34507 -1.39189 -3.13723 -1.39189 -3.13723 0.363299 0.553848 0.363299 -0.553848 
1 1 0 20.5342 0.110584 6.34948 -1.39172 -3.13702 -1.39172 -3.13702 0.363719 0.553659 0.363719 -0.553659 
1 1 0 20.5292 0.110584 6.3539 -1.39154 -3.13682 -1.39154 -3.13682 0.364141 0.553469 0.364141 -0.553469 
1 1 0 20.5242 0.110584 6.35834 -1.39137 -3.13662 -1.39137 -3.13662 0.364563 0.553278 0.364563 -0.553278 
1 1 0 20.5192 0.110584 6.3628 -1.3912 -3.13641 -1.3912 -3.13641 0.364985 0.553086 0.364985 -0.553086 
1 1 0 20.5142 0.110584 6.36727 -1.39103 -3.13621 -1.39103 -3.13621 0.365408 0.552893 0.365408 -0.552893 
1 1 0 20.5092 0.110584 6.37175 -1.39086 -3.13601 -1.39086 -3.13601 0.365832 0.5527 0.365832 -0.5527 
1 1 0 20.5043 0.110584 6.37625 -1.39069 -3.1358 -1.39069 -3.1358 0.366257 0.552505 0.366257 -0.552505 
1 1 0 20.4993 0.110584 6.38077 -1.39051 -3.1356 -1.39051 -3.1356 0.366683 0.55231 0.366683 -0.55231 
1 1 0 20.4943 0.110584 6.3853 -1.39034 -3.1354 -1.39034 -3.1354 0.367109 0.552114 0.367109 -0.552114 
1 1 0 20.4893 0.110584 6.38985 -1.39017 -3.1352 -1.39017 -3.1352 0.367535 0.551917 0.367535 -0.551917 
1 1 0 20.4843 0.110584 6.39441 -1.39 -3.135 -1.39 -3.135 0.367963 0.551719 0.367963 -0.551719 
1 1 0 20.4793 0.110584 6.39899 -1.38983 -3.1348 -1.38983 -3.1348 0.368391 0.551521 0.368391 -0.551521 
1 1 0 20.4743 0.110584 6.40359 -1.38965 -3.1346 -1.38965 -3.1346 0.36882 0.551321 0.36882 -0.551321 
1 1 0 20.4693 0.110584 6.4082 -1.38948 -3.1344 -1.38948 -3.1344 0.369249 0.551121 0.369249 -0.551121 
1 1 0 20.4643 0.110584 6.41283 -1.38931 -3.1342 -1.38931 -3.1342 0.36968 0.55092 0.36968 -0.55092 
1 1 0 20.4593 0.110584 6.41747 -1.38914 -3.134 -1.38914 -3.134 0.37011 0.550718 0.37011 -0.550718 
1 1 0 20.4543 0.110584 6.42213 -1.38896 -3.1338 -1.38896 -3.1338 0.370542 0.550515 0.370542 -0.550515 
1 1 0 20.4493 0.110584 6.4268 -1.38879 -3.1336 -1.38879 -3.1336 0.370974 0.550311 0.370974 -0.550311 
1 1 0 20.4443 0.110584 6.4315 -1.38862 -3.1334 -1.38862 -3.1334 0.371407 0.550106 0.371407 -0.550106 
1 1 0 20.4393 0.110584 6.4362 -1.38845 -3.1332 -1.38845 -3.1332 0.371841 0.549901 0.371841 -0.549901 
1 1 0 20.4344 0.110584 6.44093 -1.38827 -3.133 -1.38827 -3.133 0.372275 0.549694 0.372275 -0.549694 
1 1 0 20.4294 0.110584 6.44567 -1.3881 -3.1328 -1.3881 -3.1328 0.37271 0.549487 0.37271 -0.549487 
1 1 0 20.4244 0.110584 6.45043 -1.38793 -3.1326 -1.38793 -3.1326 0.373146 0.549279 0.373146 -0.549279 
1 1 0 20.4194 0.110584 6.4552 -1.38776 -3.13241 -1.38776 -3.13241 0.373583 0.54907 0.373583 -0.54907 
1 1 0 20.4144 0.110584 6.46 -1.38758 -3.13221 -1.38758 -3.13221 0.37402 0.54886 0.37402 -0.54886 
1 1 0 20.4094 0.110584 6.4648 -1.38741 -3.13201 -1.38741 -3.13201 0.374458 0.548649 0.374458 -0.548649 
1 1 0 20.4044 0.110584 6.46963 -1.38724 -3.13181 -1.38724 -3.13181 0.374896 0.548438 0.374896 -0.548438 
1 1 0 20.3994 0.110584 6.47447 -1.38706 -3.13162 -1.38706 -3.13162 0.375335 0.548225 0.375335 -0.548225 
1 1 0 20.3944 0.110584 6.47933 -1.38689 -3.13142 -1.38689 -3.13142 0.375775 0.548012 0.375775 -0.548012 
1 1 0 20.3894 0.110584 6.48421 -1.38672 -3.13122 -1.38672 -3.13122 0.376216 0.547797 0.376216 -0.547797 
1 1 0 20.3844 0.110584 6.4891 -1.38654 -3.13103 -1.38654 -3.13103 0.376657 0.547582 0.376657 -0.547582 
1 1 0 20.3794 0.110584 6.49401 -1.38637 -3.13083 -1.38637 -3.13083 0.3771 0.547366 0.3771 -0.547366 
1 1 0 20.3744 0.110584 6.49894 -1.38619 -3.13064 -1.38619 -3.13064 0.377542 0.547149 0.377542 -0.547149 
1 1 0 20.3694 0.110584 6.50389 -1.38602 -3.13044 -1.38602 -3.13044 0.377986 0.54693 0.377986 -0.54693 
1 1 0 20.3644 0.110584 6.50885 -1.38585 -3.13024 -1.38585 -3.13024 0.37843 0.546712 0.37843 -0.546712 
1 1 0 20.3595 0.110584 6.51383 -1.38567 -3.13005 -1.38567 -3.13005 0.378875 0.546492 0.378875 -0.546492 
1 1 0 20.3545 0.110584 6.51883 -1.3855 -3.12986 -1.3855 -3.12986 0.37932 0.546271 0.37932 -0.546271 
1 1 0 20.3495 0.110584 6.52385 -1.38532 -3.12966 -1.38532 -3.12966 0.379767 0.546049 0.379767 -0.546049 
1 1 0 20.3445 0.110584 6.52889 -1.38515 -3.12947 -1.38515 -3.12947 0.380214 0.545826 0.380214 -0.545826 
1 1 0 20.3395 0.110584 6.53394 -1.38498 -3.12927 -1.38498 -3.12927 0.380661 0.545603 0.380661 -0.545603 
1 1 0 20.3345 0.110584 6.53901 -1.3848 -3.12908 -1.3848 -3.12908 0.38111 0.545378 0.38111 -0.545378 
1 1 0 20.3295 0.110584 6.5441 -1.38463 -3.12889 -1.38463 -3.12889 0.381559 0.545153 0.381559 -0.545153 
1 1 0 20.3245 0.110584 6.54921 -1.38445 -3.12869 -1.38445 -3.12869 0.382009 0.544926 0.382009 -0.544926 
1 1 0 20.3195 0.110584 6.55433 -1.38428 -3.1285 -1.38428 -3.1285 0.382459 0.544699 0.382459 -0.544699 
1 1 0 20.3145 0.110584 6.55948 -1.3841 -3.12831 -1.3841 -3.12831 0.38291 0.544471 0.38291 -0.544471 
1 1 0 20.3095 0.110584 6.56464 -1.38393 -3.12812 -1.38393 -3.12812 0.383362 0.544241 0.383362 -0.544241 
1 1 0 20.3045 0.110584 6.56983 -1.38375 -3.12792 -1.38375 -3.12792 0.383815 0.544011 0.383815 -0.544011 
1 1 0 20.2995 0.110584 6.57503 -1.38358 -3.12773 -1.38358 -3.12773 0.384268 0.54378 0.384268 -0.54378 
1 1 0 20.2945 0.110584 6.58025 -1.3834 -3.12754 -1.3834 -3.12754 0.384722 0.543548 0.384722 -0.543548 
1 1 0 20.2895 0.110584 6.58548 -1.38323 -3.12735 -1.38323 -3.12735 0.385177 0.543315 0.385177 -0.543315 
1 1 0 20.2846 0.110584 6.59074 -1.38305 -3.12716 -1.38305 -3.12716 0.385633 0.543081 0.385633 -0.543081 
1 1 0 20.2796 0.110584 6.59602 -1.38288 -3.12697 -1.38288 -3.12697 0.386089 0.542846 0.386089 -0.542846 
1 1 0 20.2746 0.110584 6.60132 -1.3827 -3.12678 -1.3827 -3.12678 0.386546 0.542609 0.386546 -0.542609 
1 1 0 20.2696 0.110584 6.60663 -1.38253 -3.12659 -1.38253 -3.12659 0.387003 0.542372 0.387003 -0.542372 
1 1 0 20.2646 0.110584 6.61197 -1.38235 -3.1264 -1.38235 -3.1264 0.387462 0.542134 0.387462 -0.542134 
1 1 0 20.2596 0.110584 6.61732 -1.38218 -3.12621 -1.38218 -3.12621 0.387921 0.541895 0.387921 -0.541895 
1 1 0 20.2546 0.110584 6.62269 -1.382 -3.12602 -1.382 -3.12602 0.38838 0.541655 0.38838 -0.541655 
1 1 0 20.2496 0.110584 6.62809 -1.38183 -3.12583 -1.38183 -3.12583 0.388841 0.541414 0.388841 -0.541414 
1 1 0 20.2446 0.110584 6.6335 -1.38165 -3.12564 -1.38165 -3.12564 0.389302 0.541172 0.389302 -0.541172 
1 1 0 20.2396 0.110584 6.63894 -1.38147 -3.12545 -1.38147 -3.12545 0.389764 0.540929 0.389764 -0.540929 
1 1 0 20.2346 0.110584 6.64439 -1.3813 -3.12527 -1.3813 -3.12527 0.390226 0.540685 0.390226 -0.540685 
1 1 0 20.2296 0.110584 6.64986 -1.38112 -3.12508 -1.38112 -3.12508 0.39069 0.54044 0.39069 -0.54044 
1 1 0 20.2246 0.110584 6.65536 -1.38095 -3.12489 -1.38095 -3.12489 0.391154 0.540194 0.391154 -0.540194 
1 1 0 20.2196 0.110584 6.66087 -1.38077 -3.1247 -1.38077 -3.1247 0.391619 0.539947 0.391619 -0.539947 
1 1 0 20.2146 0.110584 6.66641 -1.38059 -3.12452 -1.38059 -3.12452 0.392084 0.539699 0.392084 -0.539699 
1 1 0 20.2097 0.110584 6.67196 -1.38042 -3.12433 -1.38042 -3.12433 0.39255 0.53945 0.39255 -0.53945 
1 1 0 20.2047 0.110584 6.67754 -1.38024 -3.12414 -1.38024 -3.12414 0.393017 0.5392 0.393017 -0.5392 
1 1 0 20.1997 0.110584 6.68313 -1.38007 -3.12396 -1.38007 -3.12396 0.393485 0.538949 0.393485 -0.538949 
1 1 0 20.1947 0.110584 6.68875 -1.37989 -3.12377 -1.37989 -3.12377 0.393953 0.538697 0.393953 -0.538697 
1 1 0 20.1897 0.110584 6.69439 -1.37971 -3.12359 -1.37971 -3.12359 0.394422 0.538444 0.394422 -0.538444 
1 1 0 20.1847 0.110584 6.70005 -1.37954 -3.1234 -1.37954 -3.1234 0.394892 0.538189 0.394892 -0.538189 
1 1 0 20.1797 0.110584 6.70573 -1.37936 -3.12322 -1.37936 -3.12322 0.395363 0.537934 0.395363 -0.537934 
1 1 0 20.1747 0.110584 6.71143 -1.37918 -3.12303 -1.37918 -3.12303 0.395834 0.537678 0.395834 -0.537678 
1 1 0 20.1697 0.110584 6.71716 -1.379 -3.12285 -1.379 -3.12285 0.396306 0.53742 0.396306 -0.53742 
1 1 0 20.1647 0.110584 6.7229 -1.37883 -3.12266 -1.37883 -3.12266 0.396779 0.537162 0.396779 -0.537162 
1 1 0 20.1597 0.110584 6.72867 -1.37865 -3.12248 -1.37865 -3.12248 0.397252 0.536902 0.397252 -0.536902 
1 1 0 20.1547 0.110584 6.73446 -1.37847 -3.1223 -1.37847 -3.1223 0.397726 0.536642 0.397726 -0.536642 
1 1 0 20.1497 0.110584 6.74027 -1.3783 -3.12211 -1.3783 -3.12211 0.398201 0.53638 0.398201 -0.53638 
1 1 0 20.1447 0.110584 6.7461 -1.37812 -3.12193 -1.37812 -3.12193 0.398677 0.536117 0.398677 -0.536117 
1 1 0 20.1397 0.110584 6.75196 -1.37794 -3.12175 -1.37794 -3.12175 0.399153 0.535853 0.399153 -0.535853 
1 1 0 20.1348 0.110584 6.75784 -1.37776 -3.12156 -1.37776 -3.12156 0.39963 0.535588 0.39963 -0.535588 
1 1 0 20.1298 0.110584 6.76374 -1.37759 -3.12138 -1.37759 -3.12138 0.400108 0.535322 0.400108 -0.535322 
1 1 0 20.1248 0.110584 6.76966 -1.37741 -3.1212 -1.37741 -3.1212 0.400586 0.535055 0.400586 -0.535055 
1 1 0 20.1198 0.110584 6.7756 -1.37723 -3.12102 -1.37723 -3.12102 0.401066 0.534787 0.401066 -0.534787 
1 1 0 20.1148 0.110584 6.78157 -1.37705 -3.12084 -1.37705 -3.12084 0.401546 0.534518 0.401546 -0.534518 
1 1 0 20.1098 0.110584 6.78756 -1.37687 -3.12066 -1.37687 -3.12066 0.402026 0.534248 0.402026 -0.534248 
1 1 0 20.1048 0.110584 6.79357 -1.3767 -3.12048 -1.3767 -3.12048 0.402508 0.533976 0.402508 -0.533976 
1 1 0 20.0998 0.110584 6.79961 -1.37652 -3.1203 -1.37652 -3.1203 0.40299 0.533704 0.40299 -0.533704 
1 1 0 20.0948 0.110584 6.80567 -1.37634 -3.12012 -1.37634 -3.12012 0.403473 0.53343 0.403473 -0.53343 
1 1 0 20.0898 0.110584 6.81175 -1.37616 -3.11994 -1.37616 -3.11994 0.403956 0.533155 0.403956 -0.533155 
1 1 0 20.0848 0.110584 6.81786 -1.37598 -3.11976 -1.37598 -3.11976 0.404441 0.532879 0.404441 -0.532879 
1 1 0 20.0798 0.110584 6.82399 -1.3758 -3.11958 -1.3758 -3.11958 0.404926 0.532602 0.404926 -0.532602 
1 1 0 20.0748 0.110584 6.83014 -1.37563 -3.1194 -1.37563 -3.1194 0.405412 0.532324 0.405412 -0.532324 
1 1 0 20.0698 0.110584 6.83632 -1.37545 -3.11922 -1.37545 -3.11922 0.405898 0.532045 0.405898 -0.532045 
1 1 0 20.0648 0.110584 6.84252 -1.37527 -3.11904 -1.37527 -3.11904 0.406385 0.531764 0.406385 -0.531764 
1 1 0 20.0598 0.110584 6.84875 -1.37509 -3.11886 -1.37509 -3.11886 0.406873 0.531482 0.406873 -0.531482 
1 1 0 20.0549 0.110584 6.855 -1.37491 -3.11869 -1.37491 -3.11869 0.407362 0.5312 0.407362 -0.5312 
1 1 0 20.0499 0.110584 6.86127 -1.37473 -3.11851 -1.37473 -3.11851 0.407852 0.530916 0.407852 -0.530916 
1 1 0 20.0449 0.110584 6.86757 -1.37455 -3.11833 -1.37455 -3.11833 0.408342 0.530631 0.408342 -0.530631 
1 1 0 20.0399 0.110584 6.8739 -1.37437 -3.11815 -1.37437 -3.11815 0.408833 0.530345 0.408833 -0.530345 
1 1 0 20.0349 0.110584 6.88025 -1.37419 -3.11798 -1.37419 -3.11798 0.409325 0.530057 0.409325 -0.530057 
1 1 0 20.0299 0.110584 6.88662 -1.37402 -3.1178 -1.37402 -3.1178 0.409817 0.529769 0.409817 -0.529769 
1 1 0 20.0249 0.110584 6.89302 -1.37384 -3.11763 -1.37384 -3.11763 0.41031 0.529479 0.41031 -0.529479 
1 1 0 20.0199 0.110584 6.89944 -1.37366 -3.11745 -1.37366 -3.11745 0.410804 0.529188 0.410804 -0.529188 
1 1 0 20.0149 0.110584 6.90589 -1.37348 -3.11727 -1.37348 -3.11727 0.411299 0.528896 0.411299 -0.528896 
1 1 0 20.0099 0.110584 6.91237 -1.3733 -3.1171 -1.3733 -3.1171 0.411794 0.528603 0.411794 -0.528603 
1 1 0 20.0049 0.110584 6.91887 -1.37312 -3.11692 -1.37312 -3.11692 0.41229 0.528308 0.41229 -0.528308 
1 1 0 19.9999 0.110584 6.9254 -1.37294 -3.11675 -1.37294 -3.11675 0.412787 0.528012 0.412787 -0.528012 
1 1 0 19.9949 0.110584 6.93195 -1.37276 -3.11658 -1.37276 -3.11658 0.413285 0.527716 0.413285 -0.527716 
1 1 0 19.9899 0.110584 6.93853 -1.37258 -3.1164 -1.37258 -3.1164 0.413783 0.527418 0.413783 -0.527418 
1 1 0 19.9849 0.110584 6.94513 -1.3724 -3.11623 -1.3724 -3.11623 0.414282 0.527118 0.414282 -0.527118 
1 1 0 19.98 0.110584 6.95177 -1.37222 -3.11606 -1.37222 -3.11606 0.414782 0.526818 0.414782 -0.526818 
1 1 0 19.975 0.110584 6.95842 -1.37204 -3.11588 -1.37204 -3.11588 0.415283 0.526516 0.415283 -0.526516 
1 1 0 19.97 0.110584 6.96511 -1.37186 -3.11571 -1.37186 -3.11571 0.415784 0.526213 0.415784 -0.526213 
1 1 0 19.965 0.110584 6.97182 -1.37168 -3.11554 -1.37168 -3.11554 0.416286 0.525909 0.416286 -0.525909 
1 1 0 19.96 0.110584 6.97856 -1.37149 -3.11537 -1.37149 -3.11537 0.416789 0.525604 0.416789 -0.525604 
1 1 0 19.955 0.110584 6.98533 -1.37131 -3.11519 -1.37131 -3.11519 0.417293 0.525297 0.417293 -0.525297 
1 1 0 19.95 0.110584 6.99212 -1.37113 -3.11502 -1.37113 -3.11502 0.417797 0.524989 0.417797 -0.524989 
1 1 0 19.945 0.110584 6.99894 -1.37095 -3.11485 -1.37095 -3.11485 0.418302 0.52468 0.418302 -0.52468 
1 1 0 19.94 0.110584 7.00579 -1.37077 -3.11468 -1.37077 -3.11468 0.418808 0.52437 0.418808 -0.52437 
1 1 0 19.935 0.110584 7.01267 -1.37059 -3.11451 -1.37059 -3.11451 0.419314 0.524058 0.419314 -0.524058 
1 1 0 19.93 0.110584 7.01957 -1.37041 -3.11434 -1.37041 -3.11434 0.419822 0.523745 0.419822 -0.523745 
1 1 0 19.925 0.110584 7.02651 -1.37023 -3.11417 -1.37023 -3.11417 0.42033 0.523431 0.42033 -0.523431 
1 1 0 19.92 0.110584 7.03347 -1.37005 -3.114 -1.37005 -3.114 0.420839 0.523116 0.420839 -0.523116 
1 1 0 19.915 0.110584 7.04046 -1.36987 -3.11383 -1.36987 -3.11383 0.421348 0.522799 0.421348 -0.522799 
1 1 0 19.91 0.110584 7.04748 -1.36968 -3.11366 -1.36968 -3.11366 0.421859 0.522481 0.421859 -0.522481 
1 1 0 19.905 0.110584 7.05453 -1.3695 -3.1135 -1.3695 -3.1135 0.42237 0.522162 0.42237 -0.522162 
1 1 0 19.9 0.110584 7.0616 -1.36932 -3.11333 -1.36932 -3.11333 0.422881 0.521841 0.422881 -0.521841 
1 1 0 19.8951 0.110584 7.06871 -1.36914 -3.11316 -1.36914 -3.11316 0.423394 0.521519 0.423394 -0.521519 
1 1 0 19.8901 0.110584 7.07584 -1.36896 -3.11299 -1.36896 -3.11299 0.423907 0.521196 0.423907 -0.521196 
1 1 0 19.8851 0.110584 7.08301 -1.36878 -3.11283 -1.36878 -3.11283 0.424421 0.520872 0.424421 -0.520872 
1 1 0 19.8801 0.110584 7.09021 -1.36859 -3.11266 -1.36859 -3.11266 0.424936 0.520546 0.424936 -0.520546 
1 1 0 19.8751 0.110584 7.09743 -1.36841 -3.11249 -1.36841 -3.11249 0.425452 0.520219 0.425452 -0.520219 
1 1 0 19.8701 0.110584 7.10469 -1.36823 -3.11233 -1.36823 -3.11233 0.425968 0.519891 0.425968 -0.519891 
1 1 0 19.8651 0.110584 7.11197 -1.36805 -3.11216 -1.36805 -3.11216 0.426485 0.519561 0.426485 -0.519561 
1 1 0 19.8601 0.110584 7.11929 -1.36786 -3.112 -1.36786 -3.112 0.427003 0.51923 0.427003 -0.51923 
1 1 0 19.8551 0.110584 7.12663 -1.36768 -3.11183 -1.36768 -3.11183 0.427522 0.518897 0.427522 -0.518897 
1 1 0 19.8501 0.110584 7.13401 -1.3675 -3.11167 -1.3675 -3.11167 0.428041 0.518564 0.428041 -0.518564 
1 1 0 19.8451 0.110584 7.14142 -1.36732 -3.1115 -1.36732 -3.1115 0.428561 0.518229 0.428561 -0.518229 
1 1 0 19.8401 0.110584 7.14886 -1.36713 -3.11134 -1.36713 -3.11134 0.429082 0.517892 0.429082 -0.517892 
1 1 0 19.8351 0.110584 7.15633 -1.36695 -3.11117 -1.36695 -3.11117 0.429604 0.517554 0.429604 -0.517554 
1 1 0 19.8301 0.110584 7.16384 -1.36677 -3.11101 -1.36677 -3.11101 0.430126 0.517215 0.430126 -0.517215 
1 1 0 19.8251 0.110584 7.17137 -1.36658 -3.11085 -1.36658 -3.11085 0.43065 0.516875 0.43065 -0.516875 
1 1 0 19.8201 0.110584 7.17894 -1.3664 -3.11068 -1.3664 -3.11068 0.431174 0.516533 0.431174 -0.516533 
1 1 0 19.8152 0.110584 7.18654 -1.36622 -3.11052 -1.36622 -3.11052 0.431698 0.516189 0.431698 -0.516189 
1 1 0 19.8102 0.110584 7.19417 -1.36603 -3.11036 -1.36603 -3.11036 0.432224 0.515845 0.432224 -0.515845 
1 1 0 19.8052 0.110584 7.20183 -1.36585 -3.1102 -1.36585 -3.1102 0.43275 0.515499 0.43275 -0.515499 
1 1 0 19.8002 0.110584 7.20953 -1.36567 -3.11003 -1.36567 -3.11003 0.433277 0.515151 0.433277 -0.515151 
1 1 0 19.7952 0.110584 7.21726 -1.36548 -3.10987 -1.36548 -3.10987 0.433805 0.514802 0.433805 -0.514802 
1 1 0 19.7902 0.110584 7.22503 -1.3653 -3.10971 -1.3653 -3.10971 0.434333 0.514452 0.434333 -0.514452 
1 1 0 19.7852 0.110584 7.23282 -1.36512 -3.10955 -1.36512 -3.10955 0.434863 0.514101 0.434863 -0.514101 
1 1 0 19.7802 0.110584 7.24066 -1.36493 -3.10939 -1.36493 -3.10939 0.435393 0.513747 0.435393 -0.513747 
1 1 0 19.7752 0.110584 7.24852 -1.36475 -3.10923 -1.36475 -3.10923 0.435924 0.513393 0.435924 -0.513393 
1 1 0 19.7702 0.110584 7.25642 -1.36456 -3.10907 -1.36456 -3.10907 0.436455 0.513037 0.436455 -0.513037 
1 1 0 19.7652 0.110584 7.26435 -1.36438 -3.10891 -1.36438 -3.10891 0.436988 0.51268 0.436988 -0.51268 
1 1 0 19.7602 0.110584 7.27232 -1.3642 -3.10876 -1.3642 -3.10876 0.437521 0.512321 0.437521 -0.512321 
1 1 0 19.7552 0.110584 7.28033 -1.36401 -3.1086 -1.36401 -3.1086 0.438055 0.51196 0.438055 -0.51196 
1 1 0 19.7502 0.110584 7.28837 -1.36383 -3.10844 -1.36383 -3.10844 0.438589 0.511599 0.438589 -0.511599 
1 1 0 19.7452 0.110584 7.29644 -1.36364 -3.10828 -1.36364 -3.10828 0.439125 0.511235 0.439125 -0.511235 
1 1 0 19.7402 0.110584 7.30455 -1.36346 -3.10812 -1.36346 -3.10812 0.439661 0.510871 0.439661 -0.510871 
1 1 0 19.7352 0.110584 7.31269 -1.36327 -3.10797 -1.36327 -3.10797 0.440198 0.510505 0.440198 -0.510505 
1 1 0 19.7303 0.110584 7.32088 -1.36309 -3.10781 -1.36309 -3.10781 0.440736 0.510137 0.440736 -0.510137 
1 1 0 19.7253 0.110584 7.32909 -1.3629 -3.10765 -1.3629 -3.10765 0.441274 0.509768 0.441274 -0.509768 
1 1 0 19.7203 0.110584 7.33735 -1.36272 -3.1075 -1.36272 -3.1075 0.441814 0.509397 0.441814 -0.509397 
1 1 0 19.7153 0.110584 7.34564 -1.36253 -3.10734 -1.36253 -3.10734 0.442354 0.509025 0.442354 -0.509025 
1 1 0 19.7103 0.110584 7.35397 -1.36235 -3.10719 -1.36235 -3.10719 0.442894 0.508652 0.442894 -0.508652 
1 1 0 19.7053 0.110584 7.36233 -1.36216 -3.10703 -1.36216 -3.10703 0.443436 0.508276 0.443436 -0.508276 
1 1 0 19.7003 0.110584 7.37073 -1.36198 -3.10688 -1.36198 -3.10688 0.443978 0.5079 0.443978 -0.5079 
1 1 0 19.6953 0.110584 7.37918 -1.36179 -3.10672 -1.36179 -3.10672 0.444522 0.507522 0.444522 -0.507522 
1 1 0 19.6903 0.110584 7.38765 -1.36161 -3.10657 -1.36161 -3.10657 0.445066 0.507142 0.445066 -0.507142 
1 1 0 19.6853 0.110584 7.39617 -1.36142 -3.10642 -1.36142 -3.10642 0.44561 0.506761 0.44561 -0.506761 
1 1 0 19.6803 0.110584 7.40473 -1.36123 -3.10626 -1.36123 -3.10626 0.446156 0.506378 0.446156 -0.506378 
1 1 0 19.6753 0.110584 7.41332 -1.36105 -3.10611 -1.36105 -3.10611 0.446702 0.505994 0.446702 -0.505994 
1 1 0 19.6703 0.110584 7.42195 -1.36086 -3.10596 -1.36086 -3.10596 0.447249 0.505608 0.447249 -0.505608 
1 1 0 19.6653 0.110584 7.43063 -1.36068 -3.10581 -1.36068 -3.10581 0.447797 0.50522 0.447797 -0.50522 
1 1 0 19.6603 0.110584 7.43934 -1.36049 -3.10565 -1.36049 -3.10565 0.448346 0.504831 0.448346 -0.504831 
1 1 0 19.6553 0.110584 7.44809 -1.3603 -3.1055 -1.3603 -3.1055 0.448895 0.504441 0.448895 -0.504441 
1 1 0 19.6503 0.110584 7.45688 -1.36012 -3.10535 -1.36012 -3.10535 0.449445 0.504049 0.449445 -0.504049 
1 1 0 19.6454 0.110584 7.46571 -1.35993 -3.1052 -1.35993 -3.1052 0.449996 0.503655 0.449996 -0.503655 
1 1 0 19.6404 0.110584 7.47459 -1.35974 -3.10505 -1.35974 -3.10505 0.450548 0.50326 0.450548 -0.50326 
1 1 0 19.6354 0.110584 7.4835 -1.35956 -3.1049 -1.35956 -3.1049 0.451101 0.502863 0.451101 -0.502863 
1 1 0 19.6304 0.110584 7.49246 -1.35937 -3.10475 -1.35937 -3.10475 0.451654 0.502464 0.451654 -0.502464 
1 1 0 19.6254 0.110584 7.50145 -1.35918 -3.1046 -1.35918 -3.1046 0.452208 0.502064 0.452208 -0.502064 
1 1 0 19.6204 0.110584 7.51049 -1.359 -3.10445 -1.359 -3.10445 0.452763 0.501662 0.452763 -0.501662 
1 1 0 19.6154 0.110584 7.51957 -1.35881 -3.10431 -1.35881 -3.10431 0.453319 0.501259 0.453319 -0.501259 
1 1 0 19.6104 0.110584 7.5287 -1.35862 -3.10416 -1.35862 -3.10416 0.453875 0.500854 0.453875 -0.500854 
1 1 0 19.6054 0.110584 7.53786 -1.35843 -3.10401 -1.35843 -3.10401 0.454432 0.500447 0.454432 -0.500447 
1 1 0 19.6004 0.110584 7.54707 -1.35825 -3.10386 -1.35825 -3.10386 0.45499 0.500039 0.45499 -0.500039 
1 1 0 19.5954 0.110584 7.55633 -1.35806 -3.10372 -1.35806 -3.10372 0.455549 0.499629 0.455549 -0.499629 
1 1 0 19.5904 0.110584 7.56562 -1.35787 -3.10357 -1.35787 -3.10357 0.456109 0.499217 0.456109 -0.499217 
1 1 0 19.5854 0.110584 7.57496 -1.35768 -3.10342 -1.35768 -3.10342 0.456669 0.498804 0.456669 -0.498804 
1 1 0 19.5804 0.110584 7.58435 -1.35749 -3.10328 -1.35749 -3.10328 0.45723 0.498388 0.45723 -0.498388 
1 1 0 19.5754 0.110584 7.59378 -1.35731 -3.10313 -1.35731 -3.10313 0.457792 0.497972 0.457792 -0.497972 
1 1 0 19.5704 0.110584 7.60325 -1.35712 -3.10299 -1.35712 -3.10299 0.458355 0.497553 0.458355 -0.497553 
1 1 0 19.5654 0.110584 7.61277 -1.35693 -3.10284 -1.35693 -3.10284 0.458919 0.497133 0.458919 -0.497133 
1 1 0 19.5604 0.110584 7.62234 -1.35674 -3.1027 -1.35674 -3.1027 0.459483 0.496711 0.459483 -0.496711 
1 1 0 19.5555 0.110584 7.63195 -1.35655 -3.10256 -1.35655 -3.10256 0.460048 0.496288 0.460048 -0.496288 
1 1 0 19.5505 0.110584 7.6416 -1.35636 -3.10241 -1.35636 -3.10241 0.460614 0.495863 0.460614 -0.495863 
1 1 0 19.5455 0.110584 7.65131 -1.35618 -3.10227 -1.35618 -3.10227 0.461181 0.495435 0.461181 -0.495435 
1 1 0 19.5405 0.110584 7.66106 -1.35599 -3.10213 -1.35599 -3.10213 0.461748 0.495007 0.461748 -0.495007 
1 1 0 19.5355 0.110584 7.67086 -1.3558 -3.10198 -1.3558 -3.10198 0.462317 0.494576 0.462317 -0.494576 
1 1 0 19.5305 0.110584 7.6807 -1.35561 -3.10184 -1.35561 -3.10184 0.462886 0.494144 0.462886 -0.494144 
1 1 0 19.5255 0.110584 7.6906 -1.35542 -3.1017 -1.35542 -3.1017 0.463456 0.49371 0.463456 -0.49371 
1 1 0 19.5205 0.110584 7.70054 -1.35523 -3.10156 -1.35523 -3.10156 0.464026 0.493274 0.464026 -0.493274 
1 1 0 19.5155 0.110584 7.71053 -1.35504 -3.10142 -1.35504 -3.10142 0.464598 0.492837 0.464598 -0.492837 
1 1 0 19.5105 0.110584 7.72057 -1.35485 -3.10128 -1.35485 -3.10128 0.46517 0.492397 0.46517 -0.492397 
1 1 0 19.5055 0.110584 7.73066 -1.35466 -3.10114 -1.35466 -3.10114 0.465743 0.491956 0.465743 -0.491956 
1 1 0 19.5005 0.110584 7.7408 -1.35447 -3.101 -1.35447 -3.101 0.466317 0.491513 0.466317 -0.491513 
1 1 0 19.4955 0.110584 7.75099 -1.35428 -3.10086 -1.35428 -3.10086 0.466892 0.491068 0.466892 -0.491068 
1 1 0 19.4905 0.110584 7.76123 -1.35409 -3.10072 -1.35409 -3.10072 0.467468 0.490622 0.467468 -0.490622 
1 1 0 19.4855 0.110584 7.77152 -1.3539 -3.10058 -1.3539 -3.10058 0.468044 0.490173 0.468044 -0.490173 
1 1 0 19.4805 0.110584 7.78187 -1.35371 -3.10045 -1.35371 -3.10045 0.468621 0.489723 0.468621 -0.489723 
1 1 0 19.4755 0.110584 7.79226 -1.35352 -3.10031 -1.35352 -3.10031 0.469199 0.489271 0.469199 -0.489271 
1 1 0 19.4705 0.110584 7.80271 -1.35333 -3.10017 -1.35333 -3.10017 0.469778 0.488817 0.469778 -0.488817 
1 1 0 19.4656 0.110584 7.81321 -1.35314 -3.10004 -1.35314 -3.10004 0.470357 0.488361 0.470357 -0.488361 
1 1 0 19.4606 0.110584 7.82376 -1.35295 -3.0999 -1.35295 -3.0999 0.470937 0.487903 0.470937 -0.487903 
1 1 0 19.4556 0.110584 7.83436 -1.35276 -3.09976 -1.35276 -3.09976 0.471518 0.487444 0.471518 -0.487444 
1 1 0 19.4506 0.110584 7.84502 -1.35257 -3.09963 -1.35257 -3.09963 0.4721 0.486982 0.4721 -0.486982 
1 1 0 19.4456 0.110584 7.85574 -1.35238 -3.09949 -1.35238 -3.09949 0.472683 0.486519 0.472683 -0.486519 
1 1 0 19.4406 0.110584 7.86651 -1.35219 -3.09936 -1.35219 -3.09936 0.473267 0.486053 0.473267 -0.486053 
1 1 0 19.4356 0.110584 7.87733 -1.352 -3.09923 -1.352 -3.09923 0.473851 0.485586 0.473851 -0.485586 
1 1 0 19.4306 0.110584 7.88821 -1.35181 -3.09909 -1.35181 -3.09909 0.474436 0.485117 0.474436 -0.485117 
1 1 0 19.4256 0.110584 7.89914 -1.35161 -3.09896 -1.35161 -3.09896 0.475022 0.484646 0.475022 -0.484646 
1 1 0 19.4206 0.110584 7.91014 -1.35142 -3.09883 -1.35142 -3.09883 0.475609 0.484173 0.475609 -0.484173 
1 1 0 19.4156 0.110584 7.92119 -1.35123 -3.09869 -1.35123 -3.09869 0.476196 0.483698 0.476196 -0.483698 
1 1 0 19.4106 0.110584 7.93229 -1.35104 -3.09856 -1.35104 -3.09856 0.476785 0.483221 0.476785 -0.483221 
1 1 0 19.4056 0.110584 7.94345 -1.35085 -3.09843 -1.35085 -3.09843 0.477374 0.482742 0.477374 -0.482742 
1 1 0 19.4006 0.110584 7.95468 -1.35066 -3.0983 -1.35066 -3.0983 0.477964 0.482261 0.477964 -0.482261 
1 1 0 19.3956 0.110584 7.96596 -1.35046 -3.09817 -1.35046 -3.09817 0.478555 0.481778 0.478555 -0.481778 
1 1 0 19.3906 0.110584 7.9773 -1.35027 -3.09804 -1.35027 -3.09804 0.479146 0.481293 0.479146 -0.481293 
1 1 0 19.3856 0.110584 7.9887 -1.35008 -3.09791 -1.35008 -3.09791 0.479739 0.480806 0.479739 -0.480806 
1 1 0 19.3806 0.110584 8.00016 -1.34989 -3.09778 -1.34989 -3.09778 0.480332 0.480317 0.480332 -0.480317 
1 1 0 19.3757 0.110584 8.01168 -1.34969 -3.09765 -1.34969 -3.09765 0.480926 0.479826 0.480926 -0.479826 
1 1 0 19.3707 0.110584 8.02326 -1.3495 -3.09752 -1.3495 -3.09752 0.481521 0.479333 0.481521 -0.479333 
1 1 0 19.3657 0.110584 8.0349 -1.34931 -3.09739 -1.34931 -3.09739 0.482117 0.478838 0.482117 -0.478838 
1 1 0 19.3607 0.110584 8.04661 -1.34912 -3.09727 -1.34912 -3.09727 0.482713 0.478341 0.482713 -0.478341 
1 1 0 19.3557 0.110584 8.05838 -1.34892 -3.09714 -1.34892 -3.09714 0.483311 0.477842 0.483311 -0.477842 
1 1 0 19.3507 0.110584 8.07021 -1.34873 -3.09701 -1.34873 -3.09701 0.483909 0.477341 0.483909 -0.477341 
1 1 0 19.3457 0.110584 8.0821 -1.34854 -3.09689 -1.34854 -3.09689 0.484508 0.476837 0.484508 -0.476837 
1 1 0 19.3407 0.110584 8.09406 -1.34834 -3.09676 -1.34834 -3.09676 0.485108 0.476332 0.485108 -0.476332 
1 1 0 19.3357 0.110584 8.10609 -1.34815 -3.09663 -1.34815 -3.09663 0.485708 0.475824 0.485708 -0.475824 
1 1 0 19.3307 0.110584 8.11818 -1.34796 -3.09651 -1.34796 -3.09651 0.48631 0.475315 0.48631 -0.475315 
1 1 0 19.3257 0.110584 8.13033 -1.34776 -3.09639 -1.34776 -3.09639 0.486912 0.474803 0.486912 -0.474803 
1 1 0 19.3207 0.110584 8.14256 -1.34757 -3.09626 -1.34757 -3.09626 0.487515 0.474289 0.487515 -0.474289 
1 1 0 19.3157 0.110584 8.15485 -1.34737 -3.09614 -1.34737 -3.09614 0.488119 0.473773 0.488119 -0.473773 
1 1 0 19.3107 0.110584 8.1672 -1.34718 -3.09601 -1.34718 -3.09601 0.488724 0.473254 0.488724 -0.473254 
1 1 0 19.3057 0.110584 8.17963 -1.34699 -3.09589 -1.34699 -3.09589 0.489329 0.472734 0.489329 -0.472734 
1 1 0 19.3007 0.110584 8.19212 -1.34679 -3.09577 -1.34679 -3.09577 0.489935 0.472211 0.489935 -0.472211 
1 1 0 19.2957 0.110584 8.20469 -1.3466 -3.09565 -1.3466 -3.09565 0.490543 0.471686 0.490543 -0.471686 
1 1 0 19.2907 0.110584 8.21732 -1.3464 -3.09553 -1.3464 -3.09553 0.491151 0.471159 0.491151 -0.471159 
1 1 0 19.2857 0.110584 8.23003 -1.34621 -3.09541 -1.34621 -3.09541 0.491759 0.47063 0.491759 -0.47063 
1 1 0 19.2808 0.110584 8.2428 -1.34601 -3.09529 -1.34601 -3.09529 0.492369 0.470099 0.492369 -0.470099 
1 1 0 19.2758 0.110584 8.25565 -1.34582 -3.09517 -1.34582 -3.09517 0.49298 0.469565 0.49298 -0.469565 
1 1 0 19.2708 0.110584 8.26857 -1.34562 -3.09505 -1.34562 -3.09505 0.493591 0.469029 0.493591 -0.469029 
1 1 0 19.2658 0.110584 8.28156 -1.34543 -3.09493 -1.34543 -3.09493 0.494203 0.468491 0.494203 -0.468491 
1 1 0 19.2608 0.110584 8.29463 -1.34523 -3.09481 -1.34523 -3.09481 0.494816 0.46795 0.494816 -0.46795 
1 1 0 19.2558 0.110584 8.30777 -1.34504 -3.09469 -1.34504 -3.09469 0.49543 0.467407 0.49543 -0.467407 
1 1 0 19.2508 0.110584 8.32099 -1.34484 -3.09457 -1.34484 -3.09457 0.496044 0.466862 0.496044 -0.466862 
1 1 0 19.2458 0.110584 8.33428 -1.34464 -3.09446 -1.34464 -3.09446 0.49666 0.466315 0.49666 -0.466315 
1 1 0 19.2408 0.110584 8.34765 -1.34445 -3.09434 -1.34445 -3.09434 0.497276 0.465765 0.497276 -0.465765 
1 1 0 19.2358 0.110584 8.3611 -1.34425 -3.09422 -1.34425 -3.09422 0.497893 0.465213 0.497893 -0.465213 
1 1 0 19.2308 0.110584 8.37462 -1.34406 -3.09411 -1.34406 -3.09411 0.498511 0.464658 0.498511 -0.464658 
1 1 0 19.2258 0.110584 8.38822 -1.34386 -3.09399 -1.34386 -3.09399 0.49913 0.464101 0.49913 -0.464101 
1 1 0 19.2208 0.110584 8.4019 -1.34366 -3.09388 -1.34366 -3.09388 0.499749 0.463542 0.499749 -0.463542 
1 1 0 19.2158 0.110584 8.41567 -1.34347 -3.09377 -1.34347 -3.09377 0.50037 0.46298 0.50037 -0.46298 
1 1 0 19.2108 0.110584 8.42951 -1.34327 -3.09365 -1.34327 -3.09365 0.500991 0.462416 0.500991 -0.462416 
1 1 0 19.2058 0.110584 8.44343 -1.34307 -3.09354 -1.34307 -3.09354 0.501613 0.46185 0.501613 -0.46185 
1 1 0 19.2008 0.110584 8.45744 -1.34288 -3.09343 -1.34288 -3.09343 0.502236 0.461281 0.502236 -0.461281 
1 1 0 19.1958 0.110584 8.47153 -1.34268 -3.09331 -1.34268 -3.09331 0.50286 0.46071 0.50286 -0.46071 
1 1 0 19.1908 0.110584 8.48571 -1.34248 -3.0932 -1.34248 -3.0932 0.503485 0.460136 0.503485 -0.460136 
1 1 0 19.1859 0.110584 8.49996 -1.34229 -3.09309 -1.34229 -3.09309 0.50411 0.45956 0.50411 -0.45956 
1 1 0 19.1809 0.110584 8.51431 -1.34209 -3.09298 -1.34209 -3.09298 0.504736 0.458981 0.504736 -0.458981 
1 1 0 19.1759 0.110584 8.52874 -1.34189 -3.09287 -1.34189 -3.09287 0.505364 0.4584 0.505364 -0.4584 
1 1 0 19.1709 0.110584 8.54326 -1.34169 -3.09276 -1.34169 -3.09276 0.505991 0.457816 0.505991 -0.457816 
1 1 0 19.1659 0.110584 8.55786 -1.34149 -3.09265 -1.34149 -3.09265 0.50662 0.45723 0.50662 -0.45723 
1 1 0 19.1609 0.110584 8.57255 -1.3413 -3.09254 -1.3413 -3.09254 0.50725 0.456641 0.50725 -0.456641 
1 1 0 19.1559 0.110584 8.58734 -1.3411 -3.09244 -1.3411 -3.09244 0.50788 0.45605 0.50788 -0.45605 
1 1 0 19.1509 0.110584 8.60221 -1.3409 -3.09233 -1.3409 -3.09233 0.508512 0.455456 0.508512 -0.455456 
1 1 0 19.1459 0.110584 8.61718 -1.3407 -3.09222 -1.3407 -3.09222 0.509144 0.45486 0.509144 -0.45486 
1 1 0 19.1409 0.110584 8.63223 -1.3405 -3.09212 -1.3405 -3.09212 0.509777 0.454261 0.509777 -0.454261 
1 1 0 19.1359 0.110584 8.64739 -1.3403 -3.09201 -1.3403 -3.09201 0.510411 0.453659 0.510411 -0.453659 
1 1 0 19.1309 0.110584 8.66263 -1.34011 -3.0919 -1.34011 -3.0919 0.511046 0.453055 0.511046 -0.453055 
1 1 0 19.1259 0.110584 8.67797 -1.33991 -3.0918 -1.33991 -3.0918 0.511681 0.452448 0.511681 -0.452448 
1 1 0 19.1209 0.110584 8.69341 -1.33971 -3.09169 -1.33971 -3.09169 0.512317 0.451839 0.512317 -0.451839 
1 1 0 19.1159 0.110584 8.70894 -1.33951 -3.09159 -1.33951 -3.09159 0.512955 0.451226 0.512955 -0.451226 
1 1 0 19.1109 0.110584 8.72457 -1.33931 -3.09149 -1.33931 -3.09149 0.513593 0.450612 0.513593 -0.450612 
1 1 0 19.1059 0.110584 8.7403 -1.33911 -3.09138 -1.33911 -3.09138 0.514232 0.449994 0.514232 -0.449994 
1 1 0 19.1009 0.110584 8.75613 -1.33891 -3.09128 -1.33891 -3.09128 0.514871 0.449374 0.514871 -0.449374 
1 1 0 19.0959 0.110584 8.77206 -1.33871 -3.09118 -1.33871 -3.09118 0.515512 0.448751 0.515512 -0.448751 
1 1 0 19.0909 0.110584 8.78809 -1.33851 -3.09108 -1.33851 -3.09108 0.516154 0.448125 0.516154 -0.448125 
1 1 0 19.086 0.110584 8.80422 -1.33831 -3.09098 -1.33831 -3.09098 0.516796 0.447496 0.516796 -0.447496 
1 1 0 19.081 0.110584 8.82046 -1.33811 -3.09088 -1.33811 -3.09088 0.517439 0.446865 0.517439 -0.446865 
1 1 0 19.076 0.110584 8.8368 -1.33791 -3.09078 -1.33791 -3.09078 0.518083 0.446231 0.518083 -0.446231 
1 1 0 19.071 0.110584 8.85325 -1.33771 -3.09068 -1.33771 -3.09068 0.518728 0.445594 0.518728 -0.445594 
1 1 0 19.066 0.110584 8.86981 -1.33751 -3.09058 -1.33751 -3.09058 0.519374 0.444955 0.519374 -0.444955 
1 1 0 19.061 0.110584 8.88648 -1.33731 -3.09048 -1.33731 -3.09048 0.52002 0.444312 0.52002 -0.444312 
1 1 0 19.056 0.110584 8.90325 -1.33711 -3.09039 -1.33711 -3.09039 0.520668 0.443667 0.520668 -0.443667 
1 1 0 19.051 0.110584 8.92013 -1.33691 -3.09029 -1.33691 -3.09029 0.521316 0.443018 0.521316 -0.443018 
1 1 0 19.046 0.110584 8.93713 -1.3367 -3.09019 -1.3367 -3.09019 0.521965 0.442367 0.521965 -0.442367 
1 1 0 19.041 0.110584 8.95424 -1.3365 -3.0901 -1.3365 -3.0901 0.522615 0.441713 0.522615 -0.441713 
1 1 0 19.036 0.110584 8.97146 -1.3363 -3.09 -1.3363 -3.09 0.523266 0.441056 0.523266 -0.441056 
1 1 0 19.031 0.110584 8.9888 -1.3361 -3.08991 -1.3361 -3.08991 0.523918 0.440396 0.523918 -0.440396 
1 1 0 19.026 0.110584 9.00626 -1.3359 -3.08982 -1.3359 -3.08982 0.52457 0.439733 0.52457 -0.439733 
1 1 0 19.021 0.110584 9.02383 -1.3357 -3.08972 -1.3357 -3.08972 0.525224 0.439067 0.525224 -0.439067 
1 1 0 19.016 0.110584 9.04152 -1.33549 -3.08963 -1.33549 -3.08963 0.525878 0.438399 0.525878 -0.438399 
1 1 0 19.011 0.110584 9.05934 -1.33529 -3.08954 -1.33529 -3.08954 0.526533 0.437727 0.526533 -0.437727 
1 1 0 19.006 0.110584 9.07727 -1.33509 -3.08945 -1.33509 -3.08945 0.527189 0.437052 0.527189 -0.437052 
1 1 0 19.001 0.110584 9.09533 -1.33489 -3.08936 -1.33489 -3.08936 0.527846 0.436374 0.527846 -0.436374 
1 1 0 18.996 0.110584 9.11351 -1.33468 -3.08927 -1.33468 -3.08927 0.528504 0.435693 0.528504 -0.435693 
1 1 0 18.991 0.110584 9.13182 -1.33448 -3.08918 -1.33448 -3.08918 0.529163 0.435009 0.529163 -0.435009 
1 1 0 18.9861 0.110584 9.15025 -1.33428 -3.08909 -1.33428 -3.08909 0.529822 0.434321 0.529822 -0.434321 
1 1 0 18.9811 0.110584 9.16881 -1.33407 -3.089 -1.33407 -3.089 0.530482 0.433631 0.530482 -0.433631 
1 1 0 18.9761 0.110584 9.18751 -1.33387 -3.08891 -1.33387 -3.08891 0.531143 0.432938 0.531143 -0.432938 
1 1 0 18.9711 0.110584 9.20633 -1.33367 -3.08882 -1.33367 -3.08882 0.531806 0.432241 0.531806 -0.432241 
1 1 0 18.9661 0.110584 9.22529 -1.33346 -3.08874 -1.33346 -3.08874 0.532468 0.431541 0.532468 -0.431541 
1 1 0 18.9611 0.110584 9.24438 -1.33326 -3.08865 -1.33326 -3.08865 0.533132 0.430838 0.533132 -0.430838 
1 1 0 18.9561 0.110584 9.26361 -1.33305 -3.08857 -1.33305 -3.08857 0.533797 0.430132 0.533797 -0.430132 
1 1 0 18.9511 0.110584 9.28297 -1.33285 -3.08848 -1.33285 -3.08848 0.534462 0.429422 0.534462 -0.429422 
1 1 0 18.9461 0.110584 9.30248 -1.33265 -3.0884 -1.33265 -3.0884 0.535129 0.428709 0.535129 -0.428709 
1 1 0 18.9411 0.110584 9.32212 -1.33244 -3.08831 -1.33244 -3.08831 0.535796 0.427993 0.535796 -0.427993 
1 1 0 18.9361 0.110584 9.34191 -1.33224 -3.08823 -1.33224 -3.08823 0.536464 0.427274 0.536464 -0.427274 
1 1 0 18.9311 0.110584 9.36184 -1.33203 -3.08815 -1.33203 -3.08815 0.537133 0.426551 0.537133 -0.426551 
1 1 0 18.9261 0.110584 9.38192 -1.33183 -3.08807 -1.33183 -3.08807 0.537803 0.425825 0.537803 -0.425825 
1 1 0 18.9211 0.110584 9.40214 -1.33162 -3.08798 -1.33162 -3.08798 0.538474 0.425095 0.538474 -0.425095 
1 1 0 18.9161 0.110584 9.42252 -1.33142 -3.0879 -1.33142 -3.0879 0.539145 0.424362 0.539145 -0.424362 
1 1 0 18.9111 0.110584 9.44304 -1.33121 -3.08782 -1.33121 -3.08782 0.539818 0.423626 0.539818 -0.423626 
1 1 0 18.9061 0.110584 9.46372 -1.331 -3.08775 -1.331 -3.08775 0.540491 0.422886 0.540491 -0.422886 
1 1 0 18.9011 0.110584 9.48455 -1.3308 -3.08767 -1.3308 -3.08767 0.541165 0.422143 0.541165 -0.422143 
1 1 0 18.8961 0.110584 9.50554 -1.33059 -3.08759 -1.33059 -3.08759 0.54184 0.421396 0.54184 -0.421396 
1 1 0 18.8911 0.110584 9.52669 -1.33039 -3.08751 -1.33039 -3.08751 0.542516 0.420646 0.542516 -0.420646 
1 1 0 18.8861 0.110584 9.54799 -1.33018 -3.08744 -1.33018 -3.08744 0.543193 0.419892 0.543193 -0.419892 
1 1 0 18.8812 0.110584 9.56946 -1.32997 -3.08736 -1.32997 -3.08736 0.543871 0.419135 0.543871 -0.419135 
1 1 0 18.8762 0.110584 9.59109 -1.32977 -3.08728 -1.32977 -3.08728 0.54455 0.418374 0.54455 -0.418374 
1 1 0 18.8712 0.110584 9.61289 -1.32956 -3.08721 -1.32956 -3.08721 0.545229 0.417609 0.545229 -0.417609 
1 1 0 18.8662 0.110584 9.63486 -1.32935 -3.08714 -1.32935 -3.08714 0.545909 0.416841 0.545909 -0.416841 
1 1 0 18.8612 0.110584 9.657 -1.32915 -3.08706 -1.32915 -3.08706 0.546591 0.416069 0.546591 -0.416069 
1 1 0 18.8562 0.110584 9.67931 -1.32894 -3.08699 -1.32894 -3.08699 0.547273 0.415293 0.547273 -0.415293 
1 1 0 18.8512 0.110584 9.70179 -1.32873 -3.08692 -1.32873 -3.08692 0.547956 0.414514 0.547956 -0.414514 
1 1 0 18.8462 0.110584 9.72445 -1.32852 -3.08685 -1.32852 -3.08685 0.54864 0.413731 0.54864 -0.413731 
1 1 0 18.8412 0.110584 9.74729 -1.32832 -3.08678 -1.32832 -3.08678 0.549324 0.412944 0.549324 -0.412944 
1 1 0 18.8362 0.110584 9.77032 -1.32811 -3.08671 -1.32811 -3.08671 0.55001 0.412154 0.55001 -0.412154 
1 1 0 18.8312 0.110584 9.79352 -1.3279 -3.08664 -1.3279 -3.08664 0.550696 0.411359 0.550696 -0.411359 
1 1 0 18.8262 0.110584 9.81691 -1.32769 -3.08657 -1.32769 -3.08657 0.551384 0.410561 0.551384 -0.410561 
1 1 0 18.8212 0.110584 9.84049 -1.32748 -3.0865 -1.32748 -3.0865 0.552072 0.409759 0.552072 -0.409759 
1 1 0 18.8162 0.110584 9.86427 -1.32727 -3.08644 -1.32727 -3.08644 0.552761 0.408953 0.552761 -0.408953 
1 1 0 18.8112 0.110584 9.88823 -1.32706 -3.08637 -1.32706 -3.08637 0.553451 0.408143 0.553451 -0.408143 
1 1 0 18.8062 0.110584 9.91239 -1.32685 -3.0863 -1.32685 -3.0863 0.554142 0.407329 0.554142 -0.407329 
1 1 0 18.8012 0.110584 9.93675 -1.32664 -3.08624 -1.32664 -3.08624 0.554834 0.406511 0.554834 -0.406511 
1 1 0 18.7962 0.110584 9.96131 -1.32644 -3.08618 -1.32644 -3.08618 0.555527 0.405689 0.555527 -0.405689 
1 1 0 18.7912 0.110584 9.98608 -1.32623 -3.08611 -1.32623 -3.08611 0.55622 0.404863 0.55622 -0.404863 
1 1 0 18.7862 0.110584 10.011 -1.32602 -3.08605 -1.32602 -3.08605 0.556915 0.404033 0.556915 -0.404033 
1 1 0 18.7813 0.110584 10.0362 -1.32581 -3.08599 -1.32581 -3.08599 0.55761 0.403198 0.55761 -0.403198 
1 1 0 18.7763 0.110584 10.0616 -1.3256 -3.08593 -1.3256 -3.08593 0.558307 0.40236 0.558307 -0.40236 
1 1 0 18.7713 0.110584 10.0872 -1.32538 -3.08587 -1.32538 -3.08587 0.559004 0.401517 0.559004 -0.401517 
1 1 0 18.7663 0.110584 10.1131 -1.32517 -3.08581 -1.32517 -3.08581 0.559702 0.400671 0.559702 -0.400671 
1 1 0 18.7613 0.110584 10.1391 -1.32496 -3.08575 -1.32496 -3.08575 0.560401 0.39982 0.560401 -0.39982 
1 1 0 18.7563 0.110584 10.1654 -1.32475 -3.08569 -1.32475 -3.08569 0.5611 0.398964 0.5611 -0.398964 
1 1 0 18.7513 0.110584 10.1919 -1.32454 -3.08563 -1.32454 -3.08563 0.561801 0.398105 0.561801 -0.398105 
1 1 0 18.7463 0.110584 10.2186 -1.32433 -3.08558 -1.32433 -3.08558 0.562503 0.397241 0.562503 -0.397241 
1 1 0 18.7413 0.110584 10.2456 -1.32412 -3.08552 -1.32412 -3.08552 0.563205 0.396372 0.563205 -0.396372 
1 1 0 18.7363 0.110584 10.2728 -1.32391 -3.08547 -1.32391 -3.08547 0.563909 0.3955 0.563909 -0.3955 
1 1 0 18.7313 0.110584 10.3002 -1.32369 -3.08541 -1.32369 -3.08541 0.564613 0.394623 0.564613 -0.394623 
1 1 0 18.7263 0.110584 10.3279 -1.32348 -3.08536 -1.32348 -3.08536 0.565318 0.393741 0.565318 -0.393741 
1 1 0 18.7213 0.110584 10.3558 -1.32327 -3.08531 -1.32327 -3.08531 0.566024 0.392855 0.566024 -0.392855 
1 1 0 18.7163 0.110584 10.384 -1.32306 -3.08525 -1.32306 -3.08525 0.566731 0.391964 0.566731 -0.391964 
1 1 0 18.7113 0.110584 10.4125 -1.32284 -3.0852 -1.32284 -3.0852 0.567439 0.391069 0.567439 -0.391069 
1 1 0 18.7063 0.110584 10.4412 -1.32263 -3.08515 -1.32263 -3.08515 0.568148 0.390169 0.568148 -0.390169 
1 1 0 18.7013 0.110584 10.4701 -1.32242 -3.0851 -1.32242 -3.0851 0.568858 0.389264 0.568858 -0.389264 
1 1 0 18.6963 0.110584 10.4994 -1.3222 -3.08505 -1.3222 -3.08505 0.569568 0.388355 0.569568 -0.388355 
1 1 0 18.6913 0.110584 10.5289 -1.32199 -3.08501 -1.32199 -3.08501 0.57028 0.387441 0.57028 -0.387441 
1 1 0 18.6863 0.110584 10.5586 -1.32178 -3.08496 -1.32178 -3.08496 0.570992 0.386522 0.570992 -0.386522 
1 1 0 18.6813 0.110584 10.5887 -1.32156 -3.08491 -1.32156 -3.08491 0.571705 0.385598 0.571705 -0.385598 
1 1 0 18.6764 0.110584 10.619 -1.32135 -3.08487 -1.32135 -3.08487 0.57242 0.38467 0.57242 -0.38467 
1 1 0 18.6714 0.110584 10.6497 -1.32113 -3.08482 -1.32113 -3.08482 0.573135 0.383737 0.573135 -0.383737 
1 1 0 18.6664 0.110584 10.6806 -1.32092 -3.08478 -1.32092 -3.08478 0.573851 0.382798 0.573851 -0.382798 
1 1 0 18.6614 0.110584 10.7118 -1.3207 -3.08474 -1.3207 -3.08474 0.574568 0.381855 0.574568 -0.381855 
1 1 0 18.6564 0.110584 10.7433 -1.32049 -3.0847 -1.32049 -3.0847 0.575285 0.380906 0.575285 -0.380906 
1 1 0 18.6514 0.110584 10.7751 -1.32027 -3.08466 -1.32027 -3.08466 0.576004 0.379953 0.576004 -0.379953 
1 1 0 18.6464 0.110584 10.8073 -1.32006 -3.08462 -1.32006 -3.08462 0.576724 0.378994 0.576724 -0.378994 
1 1 0 18.6414 0.110584 10.8397 -1.31984 -3.08458 -1.31984 -3.08458 0.577444 0.378031 0.577444 -0.378031 
1 1 0 18.6364 0.110584 10.8725 -1.31962 -3.08454 -1.31962 -3.08454 0.578166 0.377062 0.578166 -0.377062 
1 1 0 18.6314 0.110584 10.9056 -1.31941 -3.0845 -1.31941 -3.0845 0.578888 0.376088 0.578888 -0.376088 
1 1 0 18.6264 0.110584 10.939 -1.31919 -3.08446 -1.31919 -3.08446 0.579611 0.375108 0.579611 -0.375108 
1 1 0 18.6214 0.110584 10.9727 -1.31897 -3.08443 -1.31897 -3.08443 0.580335 0.374123 0.580335 -0.374123 
1 1 0 18.6164 0.110584 11.0069 -1.31876 -3.08439 -1.31876 -3.08439 0.58106 0.373133 0.58106 -0.373133 
1 1 0 18.6114 0.110584 11.0413 -1.31854 -3.08436 -1.31854 -3.08436 0.581786 0.372137 0.581786 -0.372137 
1 1 0 18.6064 0.110584 11.0761 -1.31832 -3.08433 -1.31832 -3.08433 0.582513 0.371136 0.582513 -0.371136 
1 1 0 18.6014 0.110584 11.1113 -1.3181 -3.08429 -1.3181 -3.08429 0.583241 0.370129 0.583241 -0.370129 
1 1 0 18.5964 0.110584 11.1468 -1.31789 -3.08426 -1.31789 -3.08426 0.58397 0.369117 0.58397 -0.369117 
1 1 0 18.5914 0.110584 11.1827 -1.31767 -3.08423 -1.31767 -3.08423 0.584699 0.368099 0.584699 -0.368099 
1 1 0 18.5864 0.110584 11.219 -1.31745 -3.0842 -1.31745 -3.0842 0.58543 0.367075 0.58543 -0.367075 
1 1 0 18.5814 0.110584 11.2557 -1.31723 -3.08418 -1.31723 -3.08418 0.586161 0.366046 0.586161 -0.366046 
1 1 0 18.5764 0.110584 11.2927 -1.31701 -3.08415 -1.31701 -3.08415 0.586894 0.36501 0.586894 -0.36501 
1 1 0 18.5715 0.110584 11.3302 -1.31679 -3.08412 -1.31679 -3.08412 0.587627 0.363969 0.587627 -0.363969 
1 1 0 18.5665 0.110584 11.368 -1.31657 -3.0841 -1.31657 -3.0841 0.588361 0.362922 0.588361 -0.362922 
1 1 0 18.5615 0.110584 11.4063 -1.31635 -3.08407 -1.31635 -3.08407 0.589096 0.361869 0.589096 -0.361869 
1 1 0 18.5565 0.110584 11.445 -1.31613 -3.08405 -1.31613 -3.08405 0.589832 0.36081 0.589832 -0.36081 
1 1 0 18.5515 0.110584 11.4841 -1.31591 -3.08403 -1.31591 -3.08403 0.590569 0.359745 0.590569 -0.359745 
1 1 0 18.5465 0.110584 11.5237 -1.31569 -3.084 -1.31569 -3.084 0.591307 0.358673 0.591307 -0.358673 
1 1 0 18.5415 0.110584 11.5637 -1.31547 -3.08398 -1.31547 -3.08398 0.592046 0.357596 0.592046 -0.357596 
1 1 0 18.5365 0.110584 11.6041 -1.31525 -3.08397 -1.31525 -3.08397 0.592786 0.356512 0.592786 -0.356512 
1 1 0 18.5315 0.110584 11.645 -1.31503 -3.08395 -1.31503 -3.08395 0.593526 0.355421 0.593526 -0.355421 
1 1 0 18.5265 0.110584 11.6864 -1.31481 -3.08393 -1.31481 -3.08393 0.594268 0.354325 0.594268 -0.354325 
1 1 0 18.5215 0.110584 11.7283 -1.31459 -3.08391 -1.31459 -3.08391 0.595011 0.353221 0.595011 -0.353221 
1 1 0 18.5165 0.110584 11.7706 -1.31437 -3.0839 -1.31437 -3.0839 0.595754 0.352111 0.595754 -0.352111 
1 1 0 18.5115 0.110584 11.8135 -1.31414 -3.08388 -1.31414 -3.08388 0.596498 0.350995 0.596498 -0.350995 
1 1 0 18.5065 0.110584 11.8568 -1.31392 -3.08387 -1.31392 -3.08387 0.597244 0.349872 0.597244 -0.349872 
1 1 0 18.5015 0.110584 11.9007 -1.3137 -3.08386 -1.3137 -3.08386 0.59799 0.348742 0.59799 -0.348742 
1 1 0 18.4965 0.110584 11.9451 -1.31348 -3.08385 -1.31348 -3.08385 0.598737 0.347605 0.598737 -0.347605 
1 1 0 18.4915 0.110584 11.99 -1.31325 -3.08384 -1.31325 -3.08384 0.599485 0.346462 0.599485 -0.346462 
1 1 0 18.4865 0.110584 12.0355 -1.31303 -3.08383 -1.31303 -3.08383 0.600234 0.345311 0.600234 -0.345311 
1 1 0 18.4815 0.110584 12.0815 -1.31281 -3.08382 -1.31281 -3.08382 0.600984 0.344153 0.600984 -0.344153 
1 1 0 18.4765 0.110584 12.1281 -1.31258 -3.08381 -1.31258 -3.08381 0.601735 0.342988 0.601735 -0.342988 
1 1 0 18.4716 0.110584 12.1753 -1.31236 -3.08381 -1.31236 -3.08381 0.602486 0.341816 0.602486 -0.341816 
1 1 0 18.4666 0.110584 12.2231 -1.31213 -3.0838 -1.31213 -3.0838 0.603239 0.340637 0.603239 -0.340637 
1 1 0 18.4616 0.110584 12.2714 -1.31191 -3.0838 -1.31191 -3.0838 0.603993 0.33945 0.603993 -0.33945 
1 1 0 18.4566 0.110584 12.3204 -1.31168 -3.0838 -1.31168 -3.0838 0.604747 0.338255 0.604747 -0.338255 
1 1 0 18.4516 0.110584 12.3701 -1.31146 -3.0838 -1.31146 -3.0838 0.605503 0.337054 0.605503 -0.337054 
1 1 0 18.4466 0.110584 12.4203 -1.31123 -3.0838 -1.31123 -3.0838 0.606259 0.335844 0.606259 -0.335844 
1 1 0 18.4416 0.110584 12.4712 -1.31101 -3.0838 -1.31101 -3.0838 0.607016 0.334627 0.607016 -0.334627 
1 1 0 18.4366 0.110584 12.5228 -1.31078 -3.0838 -1.31078 -3.0838 0.607775 0.333402 0.607775 -0.333402 
1 1 0 18.4316 0.110584 12.5751 -1.31055 -3.0838 -1.31055 -3.0838 0.608534 0.332168 0.608534 -0.332168 
1 1 0 18.4266 0.110584 12.6281 -1.31033 -3.08381 -1.31033 -3.08381 0.609294 0.330927 0.609294 -0.330927 
1 1 0 18.4216 0.110584 12.6818 -1.3101 -3.08382 -1.3101 -3.08382 0.610055 0.329678 0.610055 -0.329678 
1 1 0 18.4166 0.110584 12.7362 -1.30987 -3.08382 -1.30987 -3.08382 0.610817 0.328421 0.610817 -0.328421 
1 1 0 18.4116 0.110584 12.7914 -1.30964 -3.08383 -1.30964 -3.08383 0.61158 0.327155 0.61158 -0.327155 
1 1 0 18.4066 0.110584 12.8474 -1.30942 -3.08384 -1.30942 -3.08384 0.612344 0.325881 0.612344 -0.325881 
1 1 0 18.4016 0.110584 12.9041 -1.30919 -3.08385 -1.30919 -3.08385 0.613109 0.324598 0.613109 -0.324598 
1 1 0 18.3966 0.110584 12.9617 -1.30896 -3.08386 -1.30896 -3.08386 0.613874 0.323306 0.613874 -0.323306 
1 1 0 18.3916 0.110584 13.02 -1.30873 -3.08388 -1.30873 -3.08388 0.614641 0.322006 0.614641 -0.322006 
1 1 0 18.3866 0.110584 13.0792 -1.3085 -3.08389 -1.3085 -3.08389 0.615409 0.320697 0.615409 -0.320697 
1 1 0 18.3816 0.110584 13.1393 -1.30827 -3.08391 -1.30827 -3.08391 0.616177 0.319379 0.616177 -0.319379 
1 1 0 18.3767 0.110584 13.2002 -1.30804 -3.08393 -1.30804 -3.08393 0.616947 0.318052 0.616947 -0.318052 
1 1 0 18.3717 0.110584 13.2621 -1.30781 -3.08395 -1.30781 -3.08395 0.617717 0.316715 0.617717 -0.316715 
1 1 0 18.3667 0.110584 13.3249 -1.30758 -3.08397 -1.30758 -3.08397 0.618489 0.315369 0.618489 -0.315369 
1 1 0 18.3617 0.110584 13.3886 -1.30735 -3.08399 -1.30735 -3.08399 0.619261 0.314014 0.619261 -0.314014 
1 1 0 18.3567 0.110584 13.4533 -1.30712 -3.08401 -1.30712 -3.08401 0.620034 0.312649 0.620034 -0.312649 
1 1 0 18.3517 0.110584 13.519 -1.30689 -3.08403 -1.30689 -3.08403 0.620809 0.311274 0.620809 -0.311274 
1 1 0 18.3467 0.110584 13.5857 -1.30665 -3.08406 -1.30665 -3.08406 0.621584 0.30989 0.621584 -0.30989 
1 1 0 18.3417 0.110584 13.6534 -1.30642 -3.08409 -1.30642 -3.08409 0.62236 0.308495 0.62236 -0.308495 
1 1 0 18.3367 0.110584 13.7223 -1.30619 -3.08412 -1.30619 -3.08412 0.623137 0.30709 0.623137 -0.30709 
1 1 0 18.3317 0.110584 13.7922 -1.30596 -3.08414 -1.30596 -3.08414 0.623915 0.305675 0.623915 -0.305675 
1 1 0 18.3267 0.110584 13.8633 -1.30572 -3.08418 -1.30572 -3.08418 0.624694 0.304249 0.624694 -0.304249 
1 1 0 18.3217 0.110584 13.9356 -1.30549 -3.08421 -1.30549 -3.08421 0.625474 0.302813 0.625474 -0.302813 
1 1 0 18.3167 0.110584 14.009 -1.30525 -3.08424 -1.30525 -3.08424 0.626255 0.301366 0.626255 -0.301366 
1 1 0 18.3117 0.110584 14.0837 -1.30502 -3.08428 -1.30502 -3.08428 0.627036 0.299908 0.627036 -0.299908 
1 1 0 18.3067 0.110584 14.1596 -1.30478 -3.08432 -1.30478 -3.08432 0.627819 0.298438 0.627819 -0.298438 
1 1 0 18.3017 0.110584 14.2369 -1.30455 -3.08435 -1.30455 -3.08435 0.628603 0.296958 0.628603 -0.296958 
1 1 0 18.2967 0.110584 14.3154 -1.30431 -3.08439 -1.30431 -3.08439 0.629388 0.295466 0.629388 -0.295466 
1 1 0 18.2917 0.110584 14.3954 -1.30408 -3.08444 -1.30408 -3.08444 0.630173 0.293962 0.630173 -0.293962 
1 1 0 18.2868 0.110584 14.4767 -1.30384 -3.08448 -1.30384 -3.08448 0.63096 0.292446 0.63096 -0.292446 
1 1 0 18.2818 0.110584 14.5596 -1.30361 -3.08452 -1.30361 -3.08452 0.631747 0.290919 0.631747 -0.290919 
1 1 0 18.2768 0.110584 14.6439 -1.30337 -3.08457 -1.30337 -3.08457 0.632536 0.289379 0.632536 -0.289379 
1 1 0 18.2718 0.110584 14.7298 -1.30313 -3.08462 -1.30313 -3.08462 0.633325 0.287826 0.633325 -0.287826 
1 1 0 18.2668 0.110584 14.8172 -1.30289 -3.08467 -1.30289 -3.08467 0.634116 0.286261 0.634116 -0.286261 
1 1 0 18.2618 0.110584 14.9063 -1.30265 -3.08472 -1.30265 -3.08472 0.634907 0.284683 0.634907 -0.284683 
1 1 0 18.2568 0.110584 14.9971 -1.30242 -3.08477 -1.30242 -3.08477 0.635699 0.283092 0.635699 -0.283092 
1 1 0 18.2518 0.110584 15.0897 -1.30218 -3.08483 -1.30218 -3.08483 0.636492 0.281488 0.636492 -0.281488 
1 1 0 18.2468 0.110584 15.1841 -1.30194 -3.08488 -1.30194 -3.08488 0.637287 0.27987 0.637287 -0.27987 
1 1 0 18.2418 0.110584 15.2803 -1.3017 -3.08494 -1.3017 -3.08494 0.638082 0.278238 0.638082 -0.278238 
1 1 0 18.2368 0.110584 15.3784 -1.30146 -3.085 -1.30146 -3.085 0.638878 0.276592 0.638878 -0.276592 
1 1 0 18.2318 0.110584 15.4786 -1.30122 -3.08506 -1.30122 -3.08506 0.639675 0.274931 0.639675 -0.274931 
1 1 0 18.2268 0.110584 15.5808 -1.30098 -3.08513 -1.30098 -3.08513 0.640473 0.273256 0.640473 -0.273256 
1 1 0 18.2218 0.110584 15.6851 -1.30073 -3.08519 -1.30073 -3.08519 0.641272 0.271567 0.641272 -0.271567 
1 1 0 18.2168 0.110584 15.7916 -1.30049 -3.08526 -1.30049 -3.08526 0.642072 0.269861 0.642072 -0.269861 
1 1 0 18.2118 0.110584 15.9004 -1.30025 -3.08533 -1.30025 -3.08533 0.642873 0.268141 0.642873 -0.268141 
1 1 0 18.2068 0.110584 16.0116 -1.30001 -3.0854 -1.30001 -3.0854 0.643675 0.266404 0.643675 -0.266404 
1 1 0 18.2019 0.110584 16.1252 -1.29976 -3.08547 -1.29976 -3.08547 0.644477 0.264652 0.644477 -0.264652 
1 1 0 18.1969 0.110584 16.2414 -1.29952 -3.08554 -1.29952 -3.08554 0.645281 0.262883 0.645281 -0.262883 
1 1 0 18.1919 0.110584 16.3602 -1.29927 -3.08562 -1.29927 -3.08562 0.646086 0.261097 0.646086 -0.261097 
1 1 0 18.1869 0.110584 16.4817 -1.29903 -3.0857 -1.29903 -3.0857 0.646892 0.259294 0.646892 -0.259294 
1 1 0 18.1819 0.110584 16.606 -1.29878 -3.08578 -1.29878 -3.08578 0.647698 0.257474 0.647698 -0.257474 
1 1 0 18.1769 0.110584 16.7334 -1.29854 -3.08586 -1.29854 -3.08586 0.648506 0.255635 0.648506 -0.255635 
1 1 0 18.1719 0.110584 16.8637 -1.29829 -3.08594 -1.29829 -3.08594 0.649314 0.253778 0.649314 -0.253778 
1 1 0 18.1669 0.110584 16.9973 -1.29805 -3.08603 -1.29805 -3.08603 0.650124 0.251903 0.650124 -0.251903 
1 1 0 18.1619 0.110584 17.1342 -1.2978 -3.08612 -1.2978 -3.08612 0.650934 0.250008 0.650934 -0.250008 
1 1 0 18.1569 0.110584 17.2746 -1.29755 -3.08621 -1.29755 -3.08621 0.651746 0.248094 0.651746 -0.248094 
1 1 0 18.1519 0.110584 17.4186 -1.2973 -3.0863 -1.2973 -3.0863 0.652558 0.24616 0.652558 -0.24616 
1 1 0 18.1469 0.110584 17.5663 -1.29705 -3.08639 -1.29705 -3.08639 0.653372 0.244205 0.653372 -0.244205 
1 1 0 18.1419 0.110584 17.718 -1.2968 -3.08649 -1.2968 -3.08649 0.654186 0.242229 0.654186 -0.242229 
1 1 0 18.1369 0.110584 17.8738 -1.29655 -3.08659 -1.29655 -3.08659 0.655002 0.240231 0.655002 -0.240231 
1 1 0 18.132 0.110584 18.0339 -1.2963 -3.08669 -1.2963 -3.08669 0.655818 0.238211 0.655818 -0.238211 
1 1 0 18.127 0.110584 18.1985 -1.29605 -3.08679 -1.29605 -3.08679 0.656635 0.236169 0.656635 -0.236169 
1 1 0 18.122 0.110584 18.3678 -1.2958 -3.0869 -1.2958 -3.0869 0.657453 0.234103 0.657453 -0.234103 
1 1 0 18.117 0.110584 18.542 -1.29555 -3.08701 -1.29555 -3.08701 0.658273 0.232013 0.658273 -0.232013 
1 1 0 18.112 0.110584 18.7215 -1.2953 -3.08712 -1.2953 -3.08712 0.659093 0.229898 0.659093 -0.229898 
1 1 0 18.107 0.110584 18.9063 -1.29504 -3.08723 -1.29504 -3.08723 0.659914 0.227758 0.659914 -0.227758 
1 1 0 18.102 0.110584 19.0969 -1.29479 -3.08734 -1.29479 -3.08734 0.660736 0.225592 0.660736 -0.225592 
1 1 0 18.097 0.110584 19.2935 -1.29454 -3.08746 -1.29454 -3.08746 0.661559 0.223399 0.661559 -0.223399 
1 1 0 18.092 0.110584 19.4965 -1.29428 -3.08758 -1.29428 -3.08758 0.662383 0.221179 0.662383 -0.221179 
1 1 0 18.087 0.110584 19.7061 -1.29403 -3.0877 -1.29403 -3.0877 0.663208 0.21893 0.663208 -0.21893 
1 1 0 18.082 0.110584 19.9229 -1.29377 -3.08783 -1.29377 -3.08783 0.664034 0.216651 0.664034 -0.216651 
1 1 0 18.077 0.110584 20.1471 -1.29351 -3.08796 -1.29351 -3.08796 0.664861 0.214342 0.664861 -0.214342 
1 1 0 18.072 0.110584 20.3792 -1.29326 -3.08809 -1.29326 -3.08809 0.665689 0.212002 0.665689 -0.212002 
1 1 0 18.0671 0.110584 20.6196 -1.293 -3.08822 -1.293 -3.08822 0.666518 0.209629 0.666518 -0.209629 
1 1 0 18.0621 0.110584 20.869 -1.29274 -3.08835 -1.29274 -3.08835 0.667348 0.207223 0.667348 -0.207223 
1 1 0 18.0571 0.110584 21.1278 -1.29248 -3.08849 -1.29248 -3.08849 0.668179 0.204782 0.668179 -0.204782 
1 1 0 18.0521 0.110584 21.3967 -1.29222 -3.08863 -1.29222 -3.08863 0.66901 0.202305 0.66901 -0.202305 
1 1 0 18.0471 0.110584 21.6764 -1.29196 -3.08878 -1.29196 -3.08878 0.669843 0.19979 0.669843 -0.19979 
1 1 0 18.0421 0.110584 21.9674 -1.2917 -3.08892 -1.2917 -3.08892 0.670677 0.197237 0.670677 -0.197237 
1 1 0 18.0371 0.110584 22.2708 -1.29143 -3.08907 -1.29143 -3.08907 0.671512 0.194643 0.671512 -0.194643 
1 1 0 18.0321 0.110584 22.5873 -1.29117 -3.08923 -1.29117 -3.08923 0.672347 0.192008 0.672347 -0.192008 
1 1 0 18.0271 0.110584 22.9179 -1.29091 -3.08938 -1.29091 -3.08938 0.673184 0.189328 0.673184 -0.189328 
1 1 0 18.0221 0.110584 23.2637 -1.29064 -3.08954 -1.29064 -3.08954 0.674022 0.186603 0.674022 -0.186603 
1 1 0 18.0171 0.110584 23.6259 -1.29038 -3.0897 -1.29038 -3.0897 0.67486 0.18383 0.67486 -0.18383 
1 1 0 18.0122 0.110584 24.0059 -1.29011 -3.08987 -1.29011 -3.08987 0.6757 0.181007 0.6757 -0.181007 
1 1 0 18.0072 0.110584 24.405 -1.28985 -3.09004 -1.28985 -3.09004 0.67654 0.178132 0.67654 -0.178132 
1 1 0 18.0022 0.110584 24.825 -1.28958 -3.09021 -1.28958 -3.09021 0.677382 0.175202 0.677382 -0.175202 
1 1 0 17.9972 0.110584 25.2678 -1.28931 -3.09038 -1.28931 -3.09038 0.678224 0.172214 0.678224 -0.172214 
1 1 0 17.9922 0.110584 25.7355 -1.28904 -3.09056 -1.28904 -3.09056 0.679068 0.169165 0.679068 -0.169165 
1 1 0 17.9872 0.110584 26.2305 -1.28877 -3.09074 -1.28877 -3.09074 0.679912 0.166052 0.679912 -0.166052 
1 1 0 17.9822 0.110584 26.7556 -1.2885 -3.09093 -1.2885 -3.09093 0.680758 0.162872 0.680758 -0.162872 
1 1 0 17.9772 0.110584 27.3139 -1.28823 -3.09112 -1.28823 -3.09112 0.681604 0.159619 0.681604 -0.159619 
1 1 0 17.9722 0.110584 27.9091 -1.28796 -3.09131 -1.28796 -3.09131 0.682451 0.15629 0.682451 -0.15629 
1 1 0 17.9672 0.110584 28.5454 -1.28768 -3.09151 -1.28768 -3.09151 0.6833 0.152879 0.6833 -0.152879 
1 1 0 17.9623 0.110584 29.2278 -1.28741 -3.09171 -1.28741 -3.09171 0.684149 0.149382 0.684149 -0.149382 
1 1 0 17.9573 0.110584 29.9621 -1.28713 -3.09191 -1.28713 -3.09191 0.684999 0.145791 0.684999 -0.145791 
1 1 0 17.9523 0.110584 30.7552 -1.28686 -3.09212 -1.28686 -3.09212 0.68585 0.142099 0.68585 -0.142099 
1 1 0 17.9473 0.110584 31.6154 -1.28658 -3.09233 -1.28658 -3.09233 0.686703 0.138299 0.686703 -0.138299 
1 1 0 17.9423 0.110584 32.5527 -1.2863 -3.09255 -1.2863 -3.09255 0.687556 0.134382 0.687556 -0.134382 
1 1 0 17.9373 0.110584 33.5794 -1.28602 -3.09277 -1.28602 -3.09277 0.68841 0.130336 0.68841 -0.130336 
1 1 0 17.9323 0.110584 34.7104 -1.28574 -3.093 -1.28574 -3.093 0.689265 0.12615 0.689265 -0.12615 
1 1 0 17.9273 0.110584 35.965 -1.28546 -3.09323 -1.28546 -3.09323 0.690121 0.121808 0.690121 -0.121808 
1 1 0 17.9224 0.110584 37.3671 -1.28518 -3.09346 -1.28518 -3.09346 0.690978 0.117294 0.690978 -0.117294 
1 1 0 17.9174 0.110584 38.9482 -1.2849 -3.0937 -1.2849 -3.0937 0.691836 0.112587 0.691836 -0.112587 
1 1 0 17.9124 0.110584 40.7498 -1.28461 -3.09394 -1.28461 -3.09394 0.692695 0.107661 0.692695 -0.107661 
1 1 0 17.9074 0.110584 42.8285 -1.28433 -3.09419 -1.28433 -3.09419 0.693555 0.102485 0.693555 -0.102485 
1 1 0 17.9024 0.110584 45.2633 -1.28404 -3.09444 -1.28404 -3.09444 0.694415 0.0970186 0.694415 -0.0970186 
1 1 0 17.8974 0.110584 48.1689 -1.28375 -3.0947 -1.28375 -3.0947 0.695277 0.0912103 0.695277 -0.0912103 
1 1 0 17.8924 0.110584 51.7196 -1.28346 -3.09496 -1.28346 -3.09496 0.69614 0.0849895 0.69614 -0.0849895 
1 1 0 17.8875 0.110584 56.1954 -1.28317 -3.09523 -1.28317 -3.09523 0.697003 0.078258 0.697003 -0.078258 
1 1 0 17.8825 0.110584 62.0833 -1.28288 -3.09551 -1.28288 -3.09551 0.697868 0.0708704 0.697868 -0.0708704 
1 1 0 17.8775 0.110584 70.3252 -1.28259 -3.09579 -1.28259 -3.09579 0.698734 0.0625948 0.698734 -0.0625948 
1 1 0 17.8725 0.110584 83.0702 -1.28229 -3.09607 -1.28229 -3.09607 0.6996 0.0530168 0.6996 -0.0530168 
1 1 0 17.8675 0.110584 106.846 -1.282 -3.09636 -1.282 -3.09636 0.700468 0.0412391 0.700468 -0.0412391 
1 1 0 17.8625 0.110584 181.842 -1.2817 -3.09666 -1.2817 -3.09666 0.701336 0.0242429 0.701336 -0.0242429 
1 1 0 17.8576 0.110584 181.842 -1.2814 -3.09696 -1.2814 -3.09696 0.725184 0 0.679226 0 
1 1 0 17.8526 0.110584 181.842 -1.2811 -3.09727 -1.2811 -3.09727 0.743654 0 0.662497 0 
1 1 0 17.8476 0.110584 181.842 -1.2808 -3.09759 -1.2808 -3.09759 0.756558 0 0.651335 0 
1 1 0 17.8426 0.110584 181.842 -1.28049 -3.09791 -1.28049 -3.09791 0.767206 0 0.642431 0 
1 1 0 17.8376 0.110584 181.842 -1.28019 -3.09824 -1.28019 -3.09824 0.776538 0 0.634845 0 
1 1 0 17.8327 0.110584 181.842 -1.27988 -3.09858 -1.27988 -3.09858 0.784981 0 0.62815 0 
1 1 0 17.8277 0.110584 181.842 -1.27957 -3.09892 -1.27957 -3.09892 0.792773 0 0.622108 0 
1 1 0 17.8227 0.110584 181.842 -1.27926 -3.09927 -1.27926 -3.09927 0.800061 0 0.616571 0 
1 1 0 17.8177 0.110584 181.842 -1.27895 -3.09963 -1.27895 -3.09963 0.806944 0 0.611441 0 
1 1 0 17.8128 0.110584 181.842 -1.27864 -3.1 -1.27864 -3.1 0.813494 0 0.606647 0 
1 1 0 17.8078 0.110584 181.842 -1.27832 -3.10038 -1.27832 -3.10038 0.819762 0 0.602136 0 
1 1 0 17.8028 0.110584 181.842 -1.278 -3.10076 -1.278 -3.10076 0.825788 0 0.597868 0 
1 1 0 17.7978 0.110584 181.842 -1.27768 -3.10116 -1.27768 -3.10116 0.831605 0 0.593812 0 
1 1 0 17.7929 0.110584 181.842 -1.27736 -3.10156 -1.27736 -3.10156 0.837236 0 0.589942 0 
1 1 0 17.7879 0.110584 181.842 -1.27703 -3.10197 -1.27703 -3.10197 0.842704 0 0.586238 0 
1 1 0 17.7829 0.110584 181.842 -1.27671 -3.1024 -1.27671 -3.1024 0.848024 0 0.582684 0 
1 1 0 17.7779 0.110584 181.842 -1.27638 -3.10283 -1.27638 -3.10283 0.853212 0 0.579263 0 
1 1 0 17.773 0.110584 181.842 -1.27604 -3.10327 -1.27604 -3.10327 0.858279 0 0.575965 0 
1 1 0 17.768 0.110584 181.842 -1.27571 -3.10373 -1.27571 -3.10373 0.863235 0 0.572779 0 
1 1 0 17.763 0.110584 181.842 -1.27537 -3.1042 -1.27537 -3.1042 0.868091 0 0.569695 0 
1 1 0 17.7581 0.110584 181.842 -1.27503 -3.10468 -1.27503 -3.10468 0.872853 0 0.566707 0 
1 1 0 17.7531 0.110584 181.842 -1.27469 -3.10517 -1.27469 -3.10517 0.877529 0 0.563806 0 
1 1 0 17.7481 0.110584 181.842 -1.27434 -3.10567 -1.27434 -3.10567 0.882124 0 0.560987 0 
1 1 0 17.7432 0.110584 181.842 -1.27399 -3.10619 -1.27399 -3.10619 0.886645 0 0.558244 0 
1 1 0 17.7382 0.110584 181.842 -1.27364 -3.10673 -1.27364 -3.10673 0.891096 0 0.555573 0 
1 1 0 17.7333 0.110584 181.842 -1.27328 -3.10728 -1.27328 -3.10728 0.89548 0 0.552969 0 
1 1 0 17.7283 0.110584 181.842 -1.27292 -3.10784 -1.27292 -3.10784 0.899803 0 0.550429 0 
1 1 0 17.7234 0.110584 181.842 -1.27255 -3.10843 -1.27255 -3.10843 0.904067 0 0.547948 0 
1 1 0 17.7184 0.110584 181.842 -1.27218 -3.10903 -1.27218 -3.10903 0.908276 0 0.545523 0 
1 1 0 17.7135 0.110584 181.842 -1.27181 -3.10965 -1.27181 -3.10965 0.912433 0 0.543152 0 
1 1 0 17.7085 0.110584 181.842 -1.27143 -3.11029 -1.27143 -3.11029 0.916539 0 0.540832 0 
1 1 0 17.7036 0.110584 181.842 -1.27104 -3.11095 -1.27104 -3.11095 0.920598 0 0.538561 0 
1 1 0 17.6986 0.110584 181.842 -1.27066 -3.11164 -1.27066 -3.11164 0.924611 0 0.536336 0 
1 1 0 17.6937 0.110584 181.842 -1.27026 -3.11235 -1.27026 -3.11235 0.92858 0 0.534155 0 
1 1 0 17.6888 0.110584 181.842 -1.26986 -3.11309 -1.26986 -3.11309 0.932508 0 0.532016 0 
1 1 0 17.6839 0.110584 181.842 -1.26945 -3.11385 -1.26945 -3.11385 0.936395 0 0.529919 0 
1 1 0 17.6789 0.110584 181.842 -1.26903 -3.11465 -1.26903 -3.11465 0.940242 0 0.52786 0 
1 1 0 17.674 0.110584 181.842 -1.26861 -3.11548 -1.26861 -3.11548 0.944052 0 0.52584 0 
1 1 0 17.6691 0.110584 181.842 -1.26818 -3.11635 -1.26818 -3.11635 0.947824 0 0.523856 0 
1 1 0 17.6642 0.110584 181.842 -1.26773 -3.11726 -1.26773 -3.11726 0.95156 0 0.521908 0 
1 1 0 17.6593 0.110584 181.842 -1.26728 -3.11821 -1.26728 -3.11821 0.955259 0 0.519995 0 
1 1 0 17.6545 0.110584 181.842 -1.26682 -3.11922 -1.26682 -3.11922 0.958923 0 0.518115 0 
1 1 0 17.6496 0.110584 181.842 -1.26634 -3.12027 -1.26634 -3.12027 0.96255 0 0.516269 0 
1 1 0 17.6448 0.110584 181.842 -1.26585 -3.1214 -1.26585 -3.1214 0.96614 0 0.514457 0 
1 1 0 17.6399 0.110584 181.842 -1.26534 -3.12259 -1.26534 -3.12259 0.969692 0 0.512677 0 
1 1 0 17.6351 0.110584 181.842 -1.26481 -3.12386 -1.26481 -3.12386 0.973204 0 0.510931 0 
1 1 0 17.6303 0.110584 181.842 -1.26426 -3.12524 -1.26426 -3.12524 0.976673 0 0.50922 0 
1 1 0 17.6256 0.110584 181.842 -1.26369 -3.12673 -1.26369 -3.12673 0.980093 0 0.507545 0 
1 1 0 17.6209 0.110584 181.842 -1.26308 -3.12835 -1.26308 -3.12835 0.983457 0 0.50591 0 
1 1 0 17.6163 0.110584 181.842 -1.26243 -3.13016 -1.26243 -3.13016 0.986751 0 0.504319 0 
1 1 0 17.6118 0.110584 181.842 -1.26173 -3.1322 -1.26173 -3.1322 0.989954 0 0.502784 0 
1 1 0 17.6074 0.110584 181.842 -1.26096 -3.13454 -1.26096 -3.13454 0.993025 0 0.501322 0 
1 1 0 17.6034 0.110584 181.842 -1.2601 -3.13733 -1.2601 -3.13733 0.99588 0 0.499971 0 
1 1 0 17.5999 0.110584 181.842 -1.2591 -3.14077 -1.2591 -3.14077 0.998318 0 0.498823 0 
1 1 0 17.5977 0.110584 181.842 -1.25793 -3.14512 -1.25793 -3.14512 0.999838 0 0.498111 0 
1 1 0 17.5975 0.110584 181.842 -1.25763 -3.14631 -1.25763 -3.14631 0.999974 0 0.498047 0 
1 1 0 17.5975 0.110584 181.842 -1.25739 -3.14728 -1.25739 -3.14728 0.999999 0 0.498036 0 
1 1 0 17.5976 0.110584 181.842 -1.25707 -3.14861 -1.25707 -3.14861 0.999914 0 0.498076 0 
1 1 0 17.5979 0.110584 181.842 -1.25676 -3.14991 -1.25676 -3.14991 0.999698 0 0.498176 0 
1 1 0 17.5984 0.110584 181.842 -1.25648 -3.15117 -1.25648 -3.15117 0.999369 0 0.498331 0 
1 1 0 17.599 0.110584 181.842 -1.25621 -3.15237 -1.25621 -3.15237 0.998946 0 0.498529 0 
1 1 0 17.5997 0.110584 181.842 -1.25596 -3.15352 -1.25596 -3.15352 0.998446 0 0.498763 0 
1 1 0 17.6005 0.110584 181.842 -1.25572 -3.15461 -1.25572 -3.15461 0.997886 0 0.499026 0 
1 1 0 17.6014 0.110584 181.842 -1.25551 -3.15565 -1.25551 -3.15565 0.997276 0 0.499313 0 
1 1 0 17.6023 0.110584 181.842 -1.2553 -3.15665 -1.2553 -3.15665 0.996625 0 0.499619 0 
1 1 0 17.6033 0.110584 181.842 -1.25511 -3.1576 -1.25511 -3.1576 0.995941 0 0.499942 0 
1 1 0 17.6043 0.110584 181.842 -1.25493 -3.15851 -1.25493 -3.15851 0.99523 0 0.500277 0 
1 1 0 17.6053 0.110584 181.842 -1.25476 -3.15938 -1.25476 -3.15938 0.994495 0 0.500625 0 
1 1 0 17.6064 0.110584 181.842 -1.2546 -3.16023 -1.2546 -3.16023 0.993741 0 0.500982 0 
1 1 0 17.6075 0.110584 181.842 -1.25445 -3.16105 -1.25445 -3.16105 0.992969 0 0.501348 0 
1 1 0 17.6086 0.110584 181.842 -1.25431 -3.16184 -1.25431 -3.16184 0.992182 0 0.501722 0 
1 1 0 17.6098 0.110584 181.842 -1.25417 -3.1626 -1.25417 -3.1626 0.991382 0 0.502103 0 
1 1 0 17.6109 0.110584 181.842 -1.25403 -3.16335 -1.25403 -3.16335 0.990571 0 0.502489 0 
1 1 0 17.6121 0.110584 181.842 -1.25391 -3.16407 -1.25391 -3.16407 0.989749 0 0.502882 0 
1 1 0 17.6132 0.110584 181.842 -1.25379 -3.16478 -1.25379 -3.16478 0.988917 0 0.50328 0 
1 1 0 17.6144 0.110584 181.842 -1.25367 -3.16547 -1.25367 -3.16547 0.988077 0 0.503683 0 
1 1 0 17.6156 0.110584 181.842 -1.25356 -3.16614 -1.25356 -3.16614 0.987229 0 0.50409 0 
1 1 0 17.6168 0.110584 181.842 -1.25345 -3.1668 -1.25345 -3.1668 0.986373 0 0.504501 0 
1 1 0 17.6182 0.110584 181.842 -1.25333 -3.1675 -1.25333 -3.1675 0.985424 0 0.504959 0 
1 1 0 17.6196 0.110584 181.842 -1.25321 -3.16827 -1.25321 -3.16827 0.984372 0 0.505467 0 
1 1 0 17.6213 0.110584 181.842 -1.25308 -3.16908 -1.25308 -3.16908 0.983205 0 0.506032 0 
1 1 0 17.6231 0.110584 181.842 -1.25294 -3.16996 -1.25294 -3.16996 0.98191 0 0.50666 0 
1 1 0 17.6249 0.110584 181.842 -1.25281 -3.17081 -1.25281 -3.17081 0.980604 0 0.507296 0 
1 1 0 17.6269 0.110584 181.842 -1.25267 -3.17173 -1.25267 -3.17173 0.979156 0 0.508003 0 
1 1 0 17.6291 0.110584 181.842 -1.25253 -3.17272 -1.25253 -3.17272 0.977551 0 0.508789 0 
1 1 0 17.6314 0.110584 181.842 -1.25239 -3.17367 -1.25239 -3.17367 0.975933 0 0.509584 0 
1 1 0 17.6338 0.110584 181.842 -1.25224 -3.1747 -1.25224 -3.1747 0.97414 0 0.510468 0 
1 1 0 17.6366 0.110584 181.842 -1.25209 -3.17581 -1.25209 -3.17581 0.972152 0 0.511453 0 
1 1 0 17.6396 0.110584 181.842 -1.25193 -3.17699 -1.25193 -3.17699 0.969947 0 0.51255 0 
1 1 0 17.6429 0.110584 181.842 -1.25177 -3.17825 -1.25177 -3.17825 0.967501 0 0.513774 0 
1 1 0 17.6466 0.110584 181.842 -1.2516 -3.1796 -1.2516 -3.1796 0.964786 0 0.515139 0 
1 1 0 17.6503 0.110584 181.842 -1.25143 -3.18092 -1.25143 -3.18092 0.962046 0 0.516525 0 
1 1 0 17.6544 0.110584 181.842 -1.25126 -3.18233 -1.25126 -3.18233 0.959005 0 0.518073 0 
1 1 0 17.6588 0.110584 181.842 -1.25109 -3.18383 -1.25109 -3.18383 0.955628 0 0.519805 0 
1 1 0 17.6634 0.110584 181.842 -1.25092 -3.1853 -1.25092 -3.1853 0.952216 0 0.521567 0 
1 1 0 17.6681 0.110584 181.842 -1.25076 -3.18681 -1.25076 -3.18681 0.948587 0 0.523457 0 
1 1 0 17.6729 0.110584 181.842 -1.25061 -3.18828 -1.25061 -3.18828 0.944919 0 0.525382 0 
1 1 0 17.6777 0.110584 181.842 -1.25046 -3.18971 -1.25046 -3.18971 0.941214 0 0.527343 0 
1 1 0 17.6825 0.110584 181.842 -1.25032 -3.19111 -1.25032 -3.19111 0.93747 0 0.529342 0 
1 1 0 17.6873 0.110584 181.842 -1.25019 -3.19249 -1.25019 -3.19249 0.933687 0 0.531378 0 
1 1 0 17.6921 0.110584 181.842 -1.25007 -3.19384 -1.25007 -3.19384 0.929863 0 0.533454 0 
1 1 0 17.6969 0.110584 181.842 -1.24995 -3.19516 -1.24995 -3.19516 0.925998 0 0.535571 0 
1 1 0 17.7018 0.110584 181.842 -1.24984 -3.19646 -1.24984 -3.19646 0.922089 0 0.537731 0 
1 1 0 17.7066 0.110584 181.842 -1.24973 -3.19774 -1.24973 -3.19774 0.918135 0 0.539936 0 
1 1 0 17.7114 0.110584 181.842 -1.24963 -3.199 -1.24963 -3.199 0.914135 0 0.542188 0 
1 1 0 17.7163 0.110584 181.842 -1.24953 -3.20024 -1.24953 -3.20024 0.910086 0 0.544488 0 
1 1 0 17.7211 0.110584 181.842 -1.24944 -3.20146 -1.24944 -3.20146 0.905986 0 0.546839 0 
1 1 0 17.726 0.110584 181.842 -1.24935 -3.20266 -1.24935 -3.20266 0.901833 0 0.549244 0 
1 1 0 17.7308 0.110584 181.842 -1.24927 -3.20385 -1.24927 -3.20385 0.897623 0 0.551706 0 
1 1 0 17.7357 0.110584 181.842 -1.24919 -3.20502 -1.24919 -3.20502 0.893354 0 0.554228 0 
1 1 0 17.7405 0.110584 181.842 -1.24912 -3.20618 -1.24912 -3.20618 0.889023 0 0.556814 0 
1 1 0 17.7454 0.110584 181.842 -1.24904 -3.20732 -1.24904 -3.20732 0.884624 0 0.559466 0 
1 1 0 17.7503 0.110584 181.842 -1.24897 -3.20845 -1.24897 -3.20845 0.880155 0 0.562191 0 
1 1 0 17.7552 0.110584 181.842 -1.24891 -3.20957 -1.24891 -3.20957 0.87561 0 0.564992 0 
1 1 0 17.76 0.110584 181.842 -1.24884 -3.21067 -1.24884 -3.21067 0.870984 0 0.567875 0 
1 1 0 17.7649 0.110584 181.842 -1.24878 -3.21177 -1.24878 -3.21177 0.866271 0 0.570847 0 
1 1 0 17.7698 0.110584 181.842 -1.24873 -3.21285 -1.24873 -3.21285 0.861464 0 0.573913 0 
1 1 0 17.7747 0.110584 181.842 -1.24867 -3.21392 -1.24867 -3.21392 0.856555 0 0.577082 0 
1 1 0 17.7796 0.110584 181.842 -1.24862 -3.21498 -1.24862 -3.21498 0.851535 0 0.580364 0 
1 1 0 17.7844 0.110584 181.842 -1.24857 -3.21603 -1.24857 -3.21603 0.846394 0 0.583768 0 
1 1 0 17.7893 0.110584 181.842 -1.24852 -3.21707 -1.24852 -3.21707 0.841119 0 0.587307 0 
1 1 0 17.7942 0.110584 181.842 -1.24847 -3.21811 -1.24847 -3.21811 0.835696 0 0.590995 0 
1 1 0 17.7991 0.110584 181.842 -1.24843 -3.21913 -1.24843 -3.21913 0.830107 0 0.59485 0 
1 1 0 17.804 0.110584 181.842 -1.24839 -3.22014 -1.24839 -3.22014 0.824333 0 0.598892 0 
1 1 0 17.8089 0.110584 181.842 -1.24835 -3.22115 -1.24835 -3.22115 0.818347 0 0.603147 0 
1 1 0 17.8138 0.110584 181.842 -1.24831 -3.22215 -1.24831 -3.22215 0.812118 0 0.607647 0 
1 1 0 17.8187 0.110584 181.842 -1.24828 -3.22314 -1.24828 -3.22314 0.805606 0 0.612432 0 
1 1 0 17.8236 0.110584 181.842 -1.24824 -3.22412 -1.24824 -3.22412 0.798756 0 0.617555 0 
1 1 0 17.8285 0.110584 181.842 -1.24821 -3.2251 -1.24821 -3.2251 0.791498 0 0.623088 0 
1 1 0 17.8334 0.110584 181.842 -1.24818 -3.22607 -1.24818 -3.22607 0.783729 0 0.629133 0 
1 1 0 17.8383 0.110584 181.842 -1.24815 -3.22703 -1.24815 -3.22703 0.775298 0 0.635842 0 
1 1 0 17.8432 0.110584 181.842 -1.24813 -3.22798 -1.24813 -3.22798 0.765961 0 0.643459 0 
1 1 0 17.8482 0.110584 181.842 -1.2481 -3.22893 -1.2481 -3.22893 0.755269 0 0.652432 0 
1 1 0 17.8531 0.110584 181.842 -1.24808 -3.22987 -1.24808 -3.22987 0.742217 0 0.663766 0 
1 1 0 17.858 0.110584 181.842 -1.24806 -3.23081 -1.24806 -3.23081 0.723013 0 0.681254 0 
1 1 0 17.8629 0.110584 171.057 -1.24803 -3.23174 -1.24803 -3.23174 0.701276 0.0257705 0.701276 -0.0257705 
1 1 0 17.8678 0.110584 104.98 -1.24801 -3.23266 -1.24801 -3.23266 0.70042 0.0419713 0.70042 -0.0419713 
1 1 0 17.8727 0.110584 82.4014 -1.248 -3.23358 -1.248 -3.23358 0.699564 0.0534461 0.699564 -0.0534461 
1 1 0 17.8776 0.110584 70.0506 -1.24798 -3.23449 -1.24798 -3.23449 0.69871 0.0628393 0.69871 -0.0628393 
1 1 0 17.8826 0.110584 61.985 -1.24796 -3.2354 -1.24796 -3.2354 0.697856 0.0709823 0.697856 -0.0709823 
1 1 0 17.8875 0.110584 56.1896 -1.24795 -3.2363 -1.24795 -3.2363 0.697003 0.0782661 0.697003 -0.0782661 
1 1 0 17.8924 0.110584 51.7669 -1.24794 -3.2372 -1.24794 -3.2372 0.69615 0.0849122 0.69615 -0.0849122 
1 1 0 17.8973 0.110584 48.2488 -1.24792 -3.23809 -1.24792 -3.23809 0.695299 0.0910603 0.695299 -0.0910603 
1 1 0 17.9022 0.110584 45.3639 -1.24791 -3.23898 -1.24791 -3.23898 0.694448 0.0968053 0.694448 -0.0968053 
1 1 0 17.9072 0.110584 42.9424 -1.2479 -3.23986 -1.2479 -3.23986 0.693598 0.102215 0.693598 -0.102215 
1 1 0 17.9121 0.110584 40.8725 -1.24789 -3.24073 -1.24789 -3.24073 0.692749 0.107341 0.692749 -0.107341 
1 1 0 17.917 0.110584 39.0765 -1.24789 -3.24161 -1.24789 -3.24161 0.691901 0.112221 0.691901 -0.112221 
1 1 0 17.9219 0.110584 37.499 -1.24788 -3.24247 -1.24788 -3.24247 0.691054 0.116886 0.691054 -0.116886 
1 1 0 17.9268 0.110584 36.099 -1.24787 -3.24334 -1.24787 -3.24334 0.690207 0.121361 0.690207 -0.121361 
1 1 0 17.9318 0.110584 34.8456 -1.24787 -3.2442 -1.24787 -3.2442 0.689362 0.125667 0.689362 -0.125667 
1 1 0 17.9367 0.110584 33.7148 -1.24786 -3.24505 -1.24786 -3.24505 0.688517 0.12982 0.688517 -0.12982 
1 1 0 17.9416 0.110584 32.688 -1.24786 -3.2459 -1.24786 -3.2459 0.687673 0.133835 0.687673 -0.133835 
1 1 0 17.9466 0.110584 31.7501 -1.24786 -3.24675 -1.24786 -3.24675 0.68683 0.137723 0.68683 -0.137723 
1 1 0 17.9515 0.110584 30.889 -1.24786 -3.24759 -1.24786 -3.24759 0.685988 0.141495 0.685988 -0.141495 
1 1 0 17.9564 0.110584 30.0948 -1.24786 -3.24843 -1.24786 -3.24843 0.685146 0.14516 0.685146 -0.14516 
1 1 0 17.9613 0.110584 29.3593 -1.24786 -3.24927 -1.24786 -3.24927 0.684306 0.148726 0.684306 -0.148726 
1 1 0 17.9663 0.110584 28.6756 -1.24786 -3.2501 -1.24786 -3.2501 0.683466 0.1522 0.683466 -0.1522 
1 1 0 17.9712 0.110584 28.0378 -1.24786 -3.25093 -1.24786 -3.25093 0.682628 0.155588 0.682628 -0.155588 
1 1 0 17.9761 0.110584 27.4411 -1.24787 -3.25175 -1.24787 -3.25175 0.68179 0.158896 0.68179 -0.158896 
1 1 0 17.9811 0.110584 26.8813 -1.24787 -3.25257 -1.24787 -3.25257 0.680953 0.162128 0.680953 -0.162128 
1 1 0 17.986 0.110584 26.3547 -1.24788 -3.25339 -1.24788 -3.25339 0.680117 0.165289 0.680117 -0.165289 
1 1 0 17.9909 0.110584 25.8582 -1.24788 -3.2542 -1.24788 -3.2542 0.679282 0.168383 0.679282 -0.168383 
1 1 0 17.9959 0.110584 25.3889 -1.24789 -3.25501 -1.24789 -3.25501 0.678447 0.171414 0.678447 -0.171414 
1 1 0 18.0008 0.110584 24.9446 -1.2479 -3.25582 -1.2479 -3.25582 0.677614 0.174385 0.677614 -0.174385 
1 1 0 18.0057 0.110584 24.5231 -1.2479 -3.25662 -1.2479 -3.25662 0.676781 0.177298 0.676781 -0.177298 
1 1 0 18.0107 0.110584 24.1224 -1.24791 -3.25742 -1.24791 -3.25742 0.67595 0.180158 0.67595 -0.180158 
1 1 0 18.0156 0.110584 23.741 -1.24792 -3.25822 -1.24792 -3.25822 0.675119 0.182966 0.675119 -0.182966 
1 1 0 18.0205 0.110584 23.3774 -1.24793 -3.25901 -1.24793 -3.25901 0.674289 0.185724 0.674289 -0.185724 
1 1 0 18.0255 0.110584 23.0302 -1.24794 -3.2598 -1.24794 -3.2598 0.67346 0.188435 0.67346 -0.188435 
1 1 0 18.0304 0.110584 22.6981 -1.24795 -3.26059 -1.24795 -3.26059 0.672632 0.191101 0.672632 -0.191101 
1 1 0 18.0354 0.110584 22.3803 -1.24796 -3.26138 -1.24796 -3.26138 0.671805 0.193723 0.671805 -0.193723 
1 1 0 18.0403 0.110584 22.0756 -1.24798 -3.26216 -1.24798 -3.26216 0.670979 0.196305 0.670979 -0.196305 
1 1 0 18.0452 0.110584 21.7832 -1.24799 -3.26294 -1.24799 -3.26294 0.670153 0.198846 0.670153 -0.198846 
1 1 0 18.0502 0.110584 21.5023 -1.248 -3.26372 -1.248 -3.26372 0.669329 0.201348 0.669329 -0.201348 
1 1 0 18.0551 0.110584 21.2321 -1.24802 -3.26449 -1.24802 -3.26449 0.668505 0.203814 0.668505 -0.203814 
1 1 0 18.0601 0.110584 20.9721 -1.24803 -3.26526 -1.24803 -3.26526 0.667682 0.206244 0.667682 -0.206244 
1 1 0 18.065 0.110584 20.7215 -1.24805 -3.26603 -1.24805 -3.26603 0.66686 0.20864 0.66686 -0.20864 
1 1 0 18.0699 0.110584 20.4798 -1.24807 -3.2668 -1.24807 -3.2668 0.66604 0.211002 0.66604 -0.211002 
1 1 0 18.0749 0.110584 20.2466 -1.24808 -3.26756 -1.24808 -3.26756 0.66522 0.213332 0.66522 -0.213332 
1 1 0 18.0798 0.110584 20.0213 -1.2481 -3.26832 -1.2481 -3.26832 0.6644 0.215632 0.6644 -0.215632 
1 1 0 18.0848 0.110584 19.8034 -1.24812 -3.26908 -1.24812 -3.26908 0.663582 0.217901 0.663582 -0.217901 
1 1 0 18.0897 0.110584 19.5927 -1.24814 -3.26983 -1.24814 -3.26983 0.662765 0.220141 0.662765 -0.220141 
1 1 0 18.0946 0.110584 19.3887 -1.24815 -3.27059 -1.24815 -3.27059 0.661949 0.222353 0.661949 -0.222353 
1 1 0 18.0996 0.110584 19.191 -1.24817 -3.27134 -1.24817 -3.27134 0.661133 0.224537 0.661133 -0.224537 
1 1 0 18.1045 0.110584 18.9994 -1.24819 -3.27209 -1.24819 -3.27209 0.660319 0.226695 0.660319 -0.226695 
1 1 0 18.1095 0.110584 18.8136 -1.24821 -3.27283 -1.24821 -3.27283 0.659505 0.228827 0.659505 -0.228827 
1 1 0 18.1144 0.110584 18.6332 -1.24823 -3.27358 -1.24823 -3.27358 0.658692 0.230934 0.658692 -0.230934 
1 1 0 18.1194 0.110584 18.458 -1.24826 -3.27432 -1.24826 -3.27432 0.65788 0.233016 0.65788 -0.233016 
1 1 0 18.1243 0.110584 18.2877 -1.24828 -3.27506 -1.24828 -3.27506 0.657069 0.235075 0.657069 -0.235075 
1 1 0 18.1293 0.110584 18.1222 -1.2483 -3.27579 -1.2483 -3.27579 0.656259 0.237111 0.656259 -0.237111 
1 1 0 18.1342 0.110584 17.9612 -1.24832 -3.27653 -1.24832 -3.27653 0.65545 0.239124 0.65545 -0.239124 
1 1 0 18.1391 0.110584 17.8046 -1.24835 -3.27726 -1.24835 -3.27726 0.654642 0.241115 0.654642 -0.241115 
1 1 0 18.1441 0.110584 17.652 -1.24837 -3.27799 -1.24837 -3.27799 0.653834 0.243084 0.653834 -0.243084 
1 1 0 18.149 0.110584 17.5034 -1.24839 -3.27872 -1.24839 -3.27872 0.653028 0.245033 0.653028 -0.245033 
1 1 0 18.154 0.110584 17.3586 -1.24842 -3.27945 -1.24842 -3.27945 0.652223 0.246962 0.652223 -0.246962 
1 1 0 18.1589 0.110584 17.2174 -1.24844 -3.28017 -1.24844 -3.28017 0.651418 0.24887 0.651418 -0.24887 
1 1 0 18.1639 0.110584 17.0797 -1.24847 -3.28089 -1.24847 -3.28089 0.650614 0.250759 0.650614 -0.250759 
1 1 0 18.1688 0.110584 16.9454 -1.24849 -3.28161 -1.24849 -3.28161 0.649811 0.252629 0.649811 -0.252629 
1 1 0 18.1738 0.110584 16.8142 -1.24852 -3.28233 -1.24852 -3.28233 0.64901 0.25448 0.64901 -0.25448 
1 1 0 18.1787 0.110584 16.6862 -1.24855 -3.28305 -1.24855 -3.28305 0.648209 0.256314 0.648209 -0.256314 
1 1 0 18.1837 0.110584 16.5611 -1.24857 -3.28376 -1.24857 -3.28376 0.647409 0.258129 0.647409 -0.258129 
1 1 0 18.1886 0.110584 16.4388 -1.2486 -3.28447 -1.2486 -3.28447 0.646609 0.259927 0.646609 -0.259927 
1 1 0 18.1936 0.110584 16.3193 -1.24863 -3.28518 -1.24863 -3.28518 0.645811 0.261708 0.645811 -0.261708 
1 1 0 18.1985 0.110584 16.2025 -1.24866 -3.28589 -1.24866 -3.28589 0.645014 0.263473 0.645014 -0.263473 
1 1 0 18.2035 0.110584 16.0882 -1.24869 -3.2866 -1.24869 -3.2866 0.644217 0.265221 0.644217 -0.265221 
1 1 0 18.2084 0.110584 15.9763 -1.24872 -3.2873 -1.24872 -3.2873 0.643422 0.266953 0.643422 -0.266953 
1 1 0 18.2134 0.110584 15.8668 -1.24875 -3.28801 -1.24875 -3.28801 0.642627 0.26867 0.642627 -0.26867 
1 1 0 18.2183 0.110584 15.7597 -1.24878 -3.28871 -1.24878 -3.28871 0.641834 0.270371 0.641834 -0.270371 
1 1 0 18.2233 0.110584 15.6547 -1.24881 -3.28941 -1.24881 -3.28941 0.641041 0.272057 0.641041 -0.272057 
1 1 0 18.2282 0.110584 15.5519 -1.24884 -3.2901 -1.24884 -3.2901 0.640249 0.273728 0.640249 -0.273728 
1 1 0 18.2332 0.110584 15.4511 -1.24887 -3.2908 -1.24887 -3.2908 0.639458 0.275384 0.639458 -0.275384 
1 1 0 18.2381 0.110584 15.3524 -1.2489 -3.29149 -1.2489 -3.29149 0.638668 0.277027 0.638668 -0.277027 
1 1 0 18.2431 0.110584 15.2556 -1.24893 -3.29219 -1.24893 -3.29219 0.637879 0.278655 0.637879 -0.278655 
1 1 0 18.248 0.110584 15.1606 -1.24896 -3.29288 -1.24896 -3.29288 0.637091 0.28027 0.637091 -0.28027 
1 1 0 18.253 0.110584 15.0675 -1.24899 -3.29356 -1.24899 -3.29356 0.636303 0.281871 0.636303 -0.281871 
1 1 0 18.2579 0.110584 14.9761 -1.24903 -3.29425 -1.24903 -3.29425 0.635517 0.283459 0.635517 -0.283459 
1 1 0 18.2629 0.110584 14.8864 -1.24906 -3.29494 -1.24906 -3.29494 0.634731 0.285034 0.634731 -0.285034 
1 1 0 18.2678 0.110584 14.7984 -1.24909 -3.29562 -1.24909 -3.29562 0.633947 0.286596 0.633947 -0.286596 
1 1 0 18.2728 0.110584 14.712 -1.24912 -3.2963 -1.24912 -3.2963 0.633163 0.288146 0.633163 -0.288146 
1 1 0 18.2777 0.110584 14.6272 -1.24916 -3.29699 -1.24916 -3.29699 0.63238 0.289683 0.63238 -0.289683 
1 1 0 18.2827 0.110584 14.5438 -1.24919 -3.29766 -1.24919 -3.29766 0.631598 0.291208 0.631598 -0.291208 
1 1 0 18.2877 0.110584 14.4619 -1.24923 -3.29834 -1.24923 -3.29834 0.630818 0.292721 0.630818 -0.292721 
1 1 0 18.2926 0.110584 14.3815 -1.24926 -3.29902 -1.24926 -3.29902 0.630037 0.294223 0.630037 -0.294223 
1 1 0 18.2976 0.110584 14.3024 -1.2493 -3.29969 -1.2493 -3.29969 0.629258 0.295712 0.629258 -0.295712 
1 1 0 18.3025 0.110584 14.2247 -1.24933 -3.30037 -1.24933 -3.30037 0.62848 0.297191 0.62848 -0.297191 
1 1 0 18.3075 0.110584 14.1482 -1.24937 -3.30104 -1.24937 -3.30104 0.627703 0.298658 0.627703 -0.298658 
1 1 0 18.3124 0.110584 14.0731 -1.2494 -3.30171 -1.2494 -3.30171 0.626926 0.300114 0.626926 -0.300114 
1 1 0 18.3174 0.110584 13.9992 -1.24944 -3.30238 -1.24944 -3.30238 0.626151 0.301559 0.626151 -0.301559 
1 1 0 18.3223 0.110584 13.9265 -1.24948 -3.30304 -1.24948 -3.30304 0.625376 0.302993 0.625376 -0.302993 
1 1 0 18.3273 0.110584 13.8549 -1.24951 -3.30371 -1.24951 -3.30371 0.624603 0.304417 0.624603 -0.304417 
1 1 0 18.3322 0.110584 13.7845 -1.24955 -3.30437 -1.24955 -3.30437 0.62383 0.30583 0.62383 -0.30583 
1 1 0 18.3372 0.110584 13.7152 -1.24959 -3.30504 -1.24959 -3.30504 0.623058 0.307233 0.623058 -0.307233 
1 1 0 18.3422 0.110584 13.647 -1.24962 -3.3057 -1.24962 -3.3057 0.622287 0.308626 0.622287 -0.308626 
1 1 0 18.3471 0.110584 13.5799 -1.24966 -3.30636 -1.24966 -3.30636 0.621517 0.310009 0.621517 -0.310009 
1 1 0 18.3521 0.110584 13.5138 -1.2497 -3.30702 -1.2497 -3.30702 0.620748 0.311383 0.620748 -0.311383 
1 1 0 18.357 0.110584 13.4487 -1.24974 -3.30767 -1.24974 -3.30767 0.619979 0.312746 0.619979 -0.312746 
1 1 0 18.362 0.110584 13.3845 -1.24978 -3.30833 -1.24978 -3.30833 0.619212 0.3141 0.619212 -0.3141 
1 1 0 18.3669 0.110584 13.3213 -1.24982 -3.30899 -1.24982 -3.30899 0.618446 0.315445 0.618446 -0.315445 
1 1 0 18.3719 0.110584 13.2591 -1.24985 -3.30964 -1.24985 -3.30964 0.61768 0.31678 0.61768 -0.31678 
1 1 0 18.3769 0.110584 13.1977 -1.24989 -3.31029 -1.24989 -3.31029 0.616916 0.318106 0.616916 -0.318106 
1 1 0 18.3818 0.110584 13.1373 -1.24993 -3.31094 -1.24993 -3.31094 0.616152 0.319423 0.616152 -0.319423 
1 1 0 18.3868 0.110584 13.0777 -1.24997 -3.31159 -1.24997 -3.31159 0.615389 0.320731 0.615389 -0.320731 
1 1 0 18.3917 0.110584 13.0189 -1.25001 -3.31224 -1.25001 -3.31224 0.614627 0.32203 0.614627 -0.32203 
1 1 0 18.3967 0.110584 12.961 -1.25005 -3.31289 -1.25005 -3.31289 0.613866 0.323321 0.613866 -0.323321 
1 1 0 18.4016 0.110584 12.9039 -1.25009 -3.31353 -1.25009 -3.31353 0.613106 0.324602 0.613106 -0.324602 
1 1 0 18.4066 0.110584 12.8476 -1.25013 -3.31418 -1.25013 -3.31418 0.612347 0.325876 0.612347 -0.325876 
1 1 0 18.4116 0.110584 12.792 -1.25018 -3.31482 -1.25018 -3.31482 0.611588 0.327141 0.611588 -0.327141 
1 1 0 18.4165 0.110584 12.7373 -1.25022 -3.31546 -1.25022 -3.31546 0.610831 0.328398 0.610831 -0.328398 
1 1 0 18.4215 0.110584 12.6832 -1.25026 -3.3161 -1.25026 -3.3161 0.610074 0.329646 0.610074 -0.329646 
1 1 0 18.4264 0.110584 12.6299 -1.2503 -3.31674 -1.2503 -3.31674 0.609319 0.330887 0.609319 -0.330887 
1 1 0 18.4314 0.110584 12.5772 -1.25034 -3.31738 -1.25034 -3.31738 0.608564 0.332119 0.608564 -0.332119 
1 1 0 18.4364 0.110584 12.5253 -1.25038 -3.31802 -1.25038 -3.31802 0.60781 0.333344 0.60781 -0.333344 
1 1 0 18.4413 0.110584 12.474 -1.25043 -3.31865 -1.25043 -3.31865 0.607057 0.33456 0.607057 -0.33456 
1 1 0 18.4463 0.110584 12.4234 -1.25047 -3.31929 -1.25047 -3.31929 0.606305 0.33577 0.606305 -0.33577 
1 1 0 18.4512 0.110584 12.3735 -1.25051 -3.31992 -1.25051 -3.31992 0.605554 0.336971 0.605554 -0.336971 
1 1 0 18.4562 0.110584 12.3242 -1.25055 -3.32055 -1.25055 -3.32055 0.604804 0.338165 0.604804 -0.338165 
1 1 0 18.4611 0.110584 12.2755 -1.2506 -3.32118 -1.2506 -3.32118 0.604055 0.339352 0.604055 -0.339352 
1 1 0 18.4661 0.110584 12.2274 -1.25064 -3.32181 -1.25064 -3.32181 0.603306 0.340531 0.603306 -0.340531 
1 1 0 18.4711 0.110584 12.1799 -1.25068 -3.32244 -1.25068 -3.32244 0.602559 0.341703 0.602559 -0.341703 
1 1 0 18.476 0.110584 12.133 -1.25073 -3.32307 -1.25073 -3.32307 0.601812 0.342867 0.601812 -0.342867 
1 1 0 18.481 0.110584 12.0866 -1.25077 -3.3237 -1.25077 -3.3237 0.601067 0.344025 0.601067 -0.344025 
1 1 0 18.486 0.110584 12.0409 -1.25082 -3.32432 -1.25082 -3.32432 0.600322 0.345175 0.600322 -0.345175 
1 1 0 18.4909 0.110584 11.9956 -1.25086 -3.32495 -1.25086 -3.32495 0.599578 0.346319 0.599578 -0.346319 
1 1 0 18.4959 0.110584 11.9509 -1.2509 -3.32557 -1.2509 -3.32557 0.598835 0.347456 0.598835 -0.347456 
1 1 0 18.5008 0.110584 11.9068 -1.25095 -3.32619 -1.25095 -3.32619 0.598093 0.348586 0.598093 -0.348586 
1 1 0 18.5058 0.110584 11.8631 -1.25099 -3.32682 -1.25099 -3.32682 0.597351 0.349709 0.597351 -0.349709 
1 1 0 18.5108 0.110584 11.82 -1.25104 -3.32744 -1.25104 -3.32744 0.596611 0.350825 0.596611 -0.350825 
1 1 0 18.5157 0.110584 11.7774 -1.25108 -3.32806 -1.25108 -3.32806 0.595872 0.351935 0.595872 -0.351935 
1 1 0 18.5207 0.110584 11.7352 -1.25113 -3.32867 -1.25113 -3.32867 0.595133 0.353039 0.595133 -0.353039 
1 1 0 18.5256 0.110584 11.6936 -1.25118 -3.32929 -1.25118 -3.32929 0.594395 0.354136 0.594395 -0.354136 
1 1 0 18.5306 0.110584 11.6524 -1.25122 -3.32991 -1.25122 -3.32991 0.593659 0.355226 0.593659 -0.355226 
1 1 0 18.5356 0.110584 11.6117 -1.25127 -3.33052 -1.25127 -3.33052 0.592923 0.35631 0.592923 -0.35631 
1 1 0 18.5405 0.110584 11.5714 -1.25131 -3.33114 -1.25131 -3.33114 0.592188 0.357388 0.592188 -0.357388 
1 1 0 18.5455 0.110584 11.5316 -1.25136 -3.33175 -1.25136 -3.33175 0.591454 0.35846 0.591454 -0.35846 
1 1 0 18.5504 0.110584 11.4922 -1.25141 -3.33236 -1.25141 -3.33236 0.590721 0.359526 0.590721 -0.359526 
1 1 0 18.5554 0.110584 11.4532 -1.25145 -3.33297 -1.25145 -3.33297 0.589988 0.360585 0.589988 -0.360585 
1 1 0 18.5604 0.110584 11.4147 -1.2515 -3.33358 -1.2515 -3.33358 0.589257 0.361639 0.589257 -0.361639 
1 1 0 18.5653 0.110584 11.3766 -1.25155 -3.33419 -1.25155 -3.33419 0.588526 0.362686 0.588526 -0.362686 
1 1 0 18.5703 0.110584 11.3389 -1.25159 -3.3348 -1.25159 -3.3348 0.587797 0.363728 0.587797 -0.363728 
1 1 0 18.5753 0.110584 11.3016 -1.25164 -3.33541 -1.25164 -3.33541 0.587068 0.364764 0.587068 -0.364764 
1 1 0 18.5802 0.110584 11.2647 -1.25169 -3.33601 -1.25169 -3.33601 0.58634 0.365794 0.58634 -0.365794 
1 1 0 18.5852 0.110584 11.2281 -1.25174 -3.33662 -1.25174 -3.33662 0.585613 0.366818 0.585613 -0.366818 
1 1 0 18.5902 0.110584 11.192 -1.25178 -3.33722 -1.25178 -3.33722 0.584887 0.367837 0.584887 -0.367837 
1 1 0 18.5951 0.110584 11.1562 -1.25183 -3.33782 -1.25183 -3.33782 0.584162 0.36885 0.584162 -0.36885 
1 1 0 18.6001 0.110584 11.1208 -1.25188 -3.33843 -1.25188 -3.33843 0.583437 0.369857 0.583437 -0.369857 
1 1 0 18.605 0.110584 11.0858 -1.25193 -3.33903 -1.25193 -3.33903 0.582714 0.370859 0.582714 -0.370859 
1 1 0 18.61 0.110584 11.0511 -1.25198 -3.33963 -1.25198 -3.33963 0.581991 0.371855 0.581991 -0.371855 
1 1 0 18.615 0.110584 11.0168 -1.25203 -3.34023 -1.25203 -3.34023 0.58127 0.372846 0.58127 -0.372846 
1 1 0 18.6199 0.110584 10.9828 -1.25207 -3.34083 -1.25207 -3.34083 0.580549 0.373832 0.580549 -0.373832 
1 1 0 18.6249 0.110584 10.9491 -1.25212 -3.34142 -1.25212 -3.34142 0.579829 0.374812 0.579829 -0.374812 
1 1 0 18.6299 0.110584 10.9158 -1.25217 -3.34202 -1.25217 -3.34202 0.57911 0.375787 0.57911 -0.375787 
1 1 0 18.6348 0.110584 10.8828 -1.25222 -3.34262 -1.25222 -3.34262 0.578392 0.376757 0.578392 -0.376757 
1 1 0 18.6398 0.110584 10.8501 -1.25227 -3.34321 -1.25227 -3.34321 0.577675 0.377722 0.577675 -0.377722 
1 1 0 18.6448 0.110584 10.8178 -1.25232 -3.34381 -1.25232 -3.34381 0.576958 0.378681 0.576958 -0.378681 
1 1 0 18.6497 0.110584 10.7858 -1.25237 -3.3444 -1.25237 -3.3444 0.576243 0.379635 0.576243 -0.379635 
1 1 0 18.6547 0.110584 10.754 -1.25242 -3.34499 -1.25242 -3.34499 0.575528 0.380585 0.575528 -0.380585 
1 1 0 18.6596 0.110584 10.7226 -1.25247 -3.34558 -1.25247 -3.34558 0.574814 0.381529 0.574814 -0.381529 
1 1 0 18.6646 0.110584 10.6915 -1.25252 -3.34617 -1.25252 -3.34617 0.574102 0.382468 0.574102 -0.382468 
1 1 0 18.6696 0.110584 10.6606 -1.25257 -3.34676 -1.25257 -3.34676 0.57339 0.383403 0.57339 -0.383403 
1 1 0 18.6745 0.110584 10.6301 -1.25262 -3.34735 -1.25262 -3.34735 0.572679 0.384332 0.572679 -0.384332 
1 1 0 18.6795 0.110584 10.5998 -1.25267 -3.34794 -1.25267 -3.34794 0.571968 0.385257 0.571968 -0.385257 
1 1 0 18.6845 0.110584 10.5699 -1.25272 -3.34853 -1.25272 -3.34853 0.571259 0.386177 0.571259 -0.386177 
1 1 0 18.6894 0.110584 10.5402 -1.25277 -3.34911 -1.25277 -3.34911 0.570551 0.387092 0.570551 -0.387092 
1 1 0 18.6944 0.110584 10.5107 -1.25282 -3.3497 -1.25282 -3.3497 0.569843 0.388002 0.569843 -0.388002 
1 1 0 18.6994 0.110584 10.4816 -1.25287 -3.35028 -1.25287 -3.35028 0.569136 0.388908 0.569136 -0.388908 
1 1 0 18.7043 0.110584 10.4527 -1.25292 -3.35087 -1.25292 -3.35087 0.568431 0.389809 0.568431 -0.389809 
1 1 0 18.7093 0.110584 10.424 -1.25298 -3.35145 -1.25298 -3.35145 0.567726 0.390706 0.567726 -0.390706 
1 1 0 18.7143 0.110584 10.3957 -1.25303 -3.35203 -1.25303 -3.35203 0.567021 0.391597 0.567021 -0.391597 
1 1 0 18.7192 0.110584 10.3675 -1.25308 -3.35261 -1.25308 -3.35261 0.566318 0.392485 0.566318 -0.392485 
1 1 0 18.7242 0.110584 10.3397 -1.25313 -3.35319 -1.25313 -3.35319 0.565616 0.393368 0.565616 -0.393368 
1 1 0 18.7292 0.110584 10.312 -1.25318 -3.35377 -1.25318 -3.35377 0.564915 0.394246 0.564915 -0.394246 
1 1 0 18.7341 0.110584 10.2847 -1.25323 -3.35435 -1.25323 -3.35435 0.564214 0.39512 0.564214 -0.39512 
1 1 0 18.7391 0.110584 10.2575 -1.25329 -3.35493 -1.25329 -3.35493 0.563514 0.39599 0.563514 -0.39599 
1 1 0 18.7441 0.110584 10.2306 -1.25334 -3.35551 -1.25334 -3.35551 0.562815 0.396855 0.562815 -0.396855 
1 1 0 18.749 0.110584 10.2039 -1.25339 -3.35608 -1.25339 -3.35608 0.562117 0.397716 0.562117 -0.397716 
1 1 0 18.754 0.110584 10.1775 -1.25344 -3.35666 -1.25344 -3.35666 0.56142 0.398572 0.56142 -0.398572 
1 1 0 18.759 0.110584 10.1512 -1.25349 -3.35723 -1.25349 -3.35723 0.560724 0.399425 0.560724 -0.399425 
1 1 0 18.7639 0.110584 10.1252 -1.25355 -3.35781 -1.25355 -3.35781 0.560029 0.400273 0.560029 -0.400273 
1 1 0 18.7689 0.110584 10.0994 -1.2536 -3.35838 -1.2536 -3.35838 0.559334 0.401117 0.559334 -0.401117 
1 1 0 18.7739 0.110584 10.0739 -1.25365 -3.35896 -1.25365 -3.35896 0.558641 0.401956 0.558641 -0.401956 
1 1 0 18.7788 0.110584 10.0485 -1.25371 -3.35953 -1.25371 -3.35953 0.557948 0.402792 0.557948 -0.402792 
1 1 0 18.7838 0.110584 10.0234 -1.25376 -3.3601 -1.25376 -3.3601 0.557256 0.403624 0.557256 -0.403624 
1 1 0 18.7888 0.110584 9.99845 -1.25381 -3.36067 -1.25381 -3.36067 0.556565 0.404451 0.556565 -0.404451 
1 1 0 18.7937 0.110584 9.97372 -1.25386 -3.36124 -1.25386 -3.36124 0.555875 0.405274 0.555875 -0.405274 
1 1 0 18.7987 0.110584 9.9492 -1.25392 -3.36181 -1.25392 -3.36181 0.555186 0.406094 0.555186 -0.406094 
1 1 0 18.8037 0.110584 9.92487 -1.25397 -3.36238 -1.25397 -3.36238 0.554497 0.406909 0.554497 -0.406909 
1 1 0 18.8086 0.110584 9.90074 -1.25403 -3.36294 -1.25403 -3.36294 0.55381 0.407721 0.55381 -0.407721 
1 1 0 18.8136 0.110584 9.87681 -1.25408 -3.36351 -1.25408 -3.36351 0.553123 0.408528 0.553123 -0.408528 
1 1 0 18.8186 0.110584 9.85307 -1.25413 -3.36408 -1.25413 -3.36408 0.552437 0.409332 0.552437 -0.409332 
1 1 0 18.8235 0.110584 9.82952 -1.25419 -3.36464 -1.25419 -3.36464 0.551752 0.410132 0.551752 -0.410132 
1 1 0 18.8285 0.110584 9.80615 -1.25424 -3.36521 -1.25424 -3.36521 0.551068 0.410928 0.551068 -0.410928 
1 1 0 18.8335 0.110584 9.78297 -1.25429 -3.36577 -1.25429 -3.36577 0.550385 0.41172 0.550385 -0.41172 
1 1 0 18.8384 0.110584 9.75998 -1.25435 -3.36633 -1.25435 -3.36633 0.549703 0.412508 0.549703 -0.412508 
1 1 0 18.8434 0.110584 9.73716 -1.2544 -3.36689 -1.2544 -3.36689 0.549021 0.413293 0.549021 -0.413293 
1 1 0 18.8484 0.110584 9.71452 -1.25446 -3.36746 -1.25446 -3.36746 0.54834 0.414074 0.54834 -0.414074 
1 1 0 18.8533 0.110584 9.69206 -1.25451 -3.36802 -1.25451 -3.36802 0.547661 0.414851 0.547661 -0.414851 
1 1 0 18.8583 0.110584 9.66977 -1.25457 -3.36858 -1.25457 -3.36858 0.546982 0.415625 0.546982 -0.415625 
1 1 0 18.8633 0.110584 9.64765 -1.25462 -3.36914 -1.25462 -3.36914 0.546304 0.416394 0.546304 -0.416394 
1 1 0 18.8682 0.110584 9.62571 -1.25468 -3.3697 -1.25468 -3.3697 0.545626 0.417161 0.545626 -0.417161 
1 1 0 18.8732 0.110584 9.60393 -1.25473 -3.37025 -1.25473 -3.37025 0.54495 0.417923 0.54495 -0.417923 
1 1 0 18.8782 0.110584 9.58231 -1.25479 -3.37081 -1.25479 -3.37081 0.544275 0.418682 0.544275 -0.418682 
1 1 0 18.8832 0.110584 9.56086 -1.25484 -3.37137 -1.25484 -3.37137 0.5436 0.419438 0.5436 -0.419438 
1 1 0 18.8881 0.110584 9.53957 -1.2549 -3.37193 -1.2549 -3.37193 0.542926 0.42019 0.542926 -0.42019 
1 1 0 18.8931 0.110584 9.51844 -1.25495 -3.37248 -1.25495 -3.37248 0.542253 0.420938 0.542253 -0.420938 
1 1 0 18.8981 0.110584 9.49746 -1.25501 -3.37304 -1.25501 -3.37304 0.541581 0.421683 0.541581 -0.421683 
1 1 0 18.903 0.110584 9.47665 -1.25506 -3.37359 -1.25506 -3.37359 0.54091 0.422425 0.54091 -0.422425 
1 1 0 18.908 0.110584 9.45598 -1.25512 -3.37414 -1.25512 -3.37414 0.54024 0.423163 0.54024 -0.423163 
1 1 0 18.913 0.110584 9.43547 -1.25517 -3.3747 -1.25517 -3.3747 0.53957 0.423897 0.53957 -0.423897 
1 1 0 18.9179 0.110584 9.41511 -1.25523 -3.37525 -1.25523 -3.37525 0.538901 0.424629 0.538901 -0.424629 
1 1 0 18.9229 0.110584 9.39489 -1.25529 -3.3758 -1.25529 -3.3758 0.538234 0.425357 0.538234 -0.425357 
1 1 0 18.9279 0.110584 9.37483 -1.25534 -3.37635 -1.25534 -3.37635 0.537567 0.426081 0.537567 -0.426081 
1 1 0 18.9328 0.110584 9.3549 -1.2554 -3.3769 -1.2554 -3.3769 0.536901 0.426802 0.536901 -0.426802 
1 1 0 18.9378 0.110584 9.33512 -1.25545 -3.37745 -1.25545 -3.37745 0.536235 0.42752 0.536235 -0.42752 
1 1 0 18.9428 0.110584 9.31549 -1.25551 -3.378 -1.25551 -3.378 0.535571 0.428235 0.535571 -0.428235 
1 1 0 18.9477 0.110584 9.29599 -1.25557 -3.37855 -1.25557 -3.37855 0.534907 0.428946 0.534907 -0.428946 
1 1 0 18.9527 0.110584 9.27663 -1.25562 -3.37909 -1.25562 -3.37909 0.534245 0.429654 0.534245 -0.429654 
1 1 0 18.9577 0.110584 9.25741 -1.25568 -3.37964 -1.25568 -3.37964 0.533583 0.430359 0.533583 -0.430359 
1 1 0 18.9627 0.110584 9.23832 -1.25574 -3.38019 -1.25574 -3.38019 0.532922 0.431061 0.532922 -0.431061 
1 1 0 18.9676 0.110584 9.21937 -1.25579 -3.38073 -1.25579 -3.38073 0.532262 0.431759 0.532262 -0.431759 
1 1 0 18.9726 0.110584 9.20055 -1.25585 -3.38128 -1.25585 -3.38128 0.531602 0.432455 0.531602 -0.432455 
1 1 0 18.9776 0.110584 9.18186 -1.25591 -3.38182 -1.25591 -3.38182 0.530944 0.433147 0.530944 -0.433147 
1 1 0 18.9825 0.110584 9.1633 -1.25596 -3.38237 -1.25596 -3.38237 0.530286 0.433836 0.530286 -0.433836 
1 1 0 18.9875 0.110584 9.14486 -1.25602 -3.38291 -1.25602 -3.38291 0.52963 0.434522 0.52963 -0.434522 
1 1 0 18.9925 0.110584 9.12656 -1.25608 -3.38345 -1.25608 -3.38345 0.528974 0.435205 0.528974 -0.435205 
1 1 0 18.9974 0.110584 9.10838 -1.25613 -3.38399 -1.25613 -3.38399 0.528319 0.435885 0.528319 -0.435885 
1 1 0 19.0024 0.110584 9.09032 -1.25619 -3.38454 -1.25619 -3.38454 0.527664 0.436562 0.527664 -0.436562 
1 1 0 19.0074 0.110584 9.07239 -1.25625 -3.38508 -1.25625 -3.38508 0.527011 0.437235 0.527011 -0.437235 
1 1 0 19.0124 0.110584 9.05457 -1.25631 -3.38562 -1.25631 -3.38562 0.526358 0.437906 0.526358 -0.437906 
1 1 0 19.0173 0.110584 9.03688 -1.25636 -3.38616 -1.25636 -3.38616 0.525707 0.438574 0.525707 -0.438574 
1 1 0 19.0223 0.110584 9.01931 -1.25642 -3.3867 -1.25642 -3.3867 0.525056 0.439239 0.525056 -0.439239 
1 1 0 19.0273 0.110584 9.00185 -1.25648 -3.38723 -1.25648 -3.38723 0.524406 0.439901 0.524406 -0.439901 
1 1 0 19.0322 0.110584 8.98451 -1.25654 -3.38777 -1.25654 -3.38777 0.523757 0.44056 0.523757 -0.44056 
1 1 0 19.0372 0.110584 8.96728 -1.25659 -3.38831 -1.25659 -3.38831 0.523108 0.441216 0.523108 -0.441216 
1 1 0 19.0422 0.110584 8.95017 -1.25665 -3.38885 -1.25665 -3.38885 0.522461 0.441869 0.522461 -0.441869 
1 1 0 19.0472 0.110584 8.93317 -1.25671 -3.38938 -1.25671 -3.38938 0.521814 0.442519 0.521814 -0.442519 
1 1 0 19.0521 0.110584 8.91628 -1.25677 -3.38992 -1.25677 -3.38992 0.521168 0.443166 0.521168 -0.443166 
1 1 0 19.0571 0.110584 8.8995 -1.25683 -3.39045 -1.25683 -3.39045 0.520523 0.443811 0.520523 -0.443811 
1 1 0 19.0621 0.110584 8.88283 -1.25688 -3.39099 -1.25688 -3.39099 0.519879 0.444452 0.519879 -0.444452 
1 1 0 19.067 0.110584 8.86627 -1.25694 -3.39152 -1.25694 -3.39152 0.519236 0.445091 0.519236 -0.445091 
1 1 0 19.072 0.110584 8.84981 -1.257 -3.39205 -1.257 -3.39205 0.518593 0.445727 0.518593 -0.445727 
1 1 0 19.077 0.110584 8.83347 -1.25706 -3.39258 -1.25706 -3.39258 0.517952 0.446361 0.517952 -0.446361 
1 1 0 19.082 0.110584 8.81722 -1.25712 -3.39312 -1.25712 -3.39312 0.517311 0.446991 0.517311 -0.446991 
1 1 0 19.0869 0.110584 8.80108 -1.25718 -3.39365 -1.25718 -3.39365 0.516671 0.447619 0.516671 -0.447619 
1 1 0 19.0919 0.110584 8.78504 -1.25723 -3.39418 -1.25723 -3.39418 0.516032 0.448244 0.516032 -0.448244 
1 1 0 19.0969 0.110584 8.7691 -1.25729 -3.39471 -1.25729 -3.39471 0.515394 0.448866 0.515394 -0.448866 
1 1 0 19.1018 0.110584 8.75327 -1.25735 -3.39524 -1.25735 -3.39524 0.514756 0.449486 0.514756 -0.449486 
1 1 0 19.1068 0.110584 8.73753 -1.25741 -3.39577 -1.25741 -3.39577 0.51412 0.450103 0.51412 -0.450103 
1 1 0 19.1118 0.110584 8.72189 -1.25747 -3.3963 -1.25747 -3.3963 0.513484 0.450717 0.513484 -0.450717 
1 1 0 19.1168 0.110584 8.70635 -1.25753 -3.39682 -1.25753 -3.39682 0.512849 0.451328 0.512849 -0.451328 
1 1 0 19.1217 0.110584 8.69091 -1.25759 -3.39735 -1.25759 -3.39735 0.512215 0.451937 0.512215 -0.451937 
1 1 0 19.1267 0.110584 8.67556 -1.25765 -3.39788 -1.25765 -3.39788 0.511581 0.452544 0.511581 -0.452544 
1 1 0 19.1317 0.110584 8.6603 -1.2577 -3.3984 -1.2577 -3.3984 0.510949 0.453147 0.510949 -0.453147 
1 1 0 19.1366 0.110584 8.64514 -1.25776 -3.39893 -1.25776 -3.39893 0.510317 0.453748 0.510317 -0.453748 
1 1 0 19.1416 0.110584 8.63007 -1.25782 -3.39946 -1.25782 -3.39946 0.509686 0.454347 0.509686 -0.454347 
1 1 0 19.1466 0.110584 8.6151 -1.25788 -3.39998 -1.25788 -3.39998 0.509056 0.454943 0.509056 -0.454943 
1 1 0 19.1516 0.110584 8.60021 -1.25794 -3.4005 -1.25794 -3.4005 0.508427 0.455536 0.508427 -0.455536 
1 1 0 19.1565 0.110584 8.58542 -1.258 -3.40103 -1.258 -3.40103 0.507799 0.456127 0.507799 -0.456127 
1 1 0 19.1615 0.110584 8.57071 -1.25806 -3.40155 -1.25806 -3.40155 0.507171 0.456715 0.507171 -0.456715 
1 1 0 19.1665 0.110584 8.5561 -1.25812 -3.40207 -1.25812 -3.40207 0.506545 0.457301 0.506545 -0.457301 
1 1 0 19.1714 0.110584 8.54157 -1.25818 -3.4026 -1.25818 -3.4026 0.505919 0.457884 0.505919 -0.457884 
1 1 0 19.1764 0.110584 8.52713 -1.25824 -3.40312 -1.25824 -3.40312 0.505294 0.458465 0.505294 -0.458465 
1 1 0 19.1814 0.110584 8.51277 -1.2583 -3.40364 -1.2583 -3.40364 0.504669 0.459043 0.504669 -0.459043 
1 1 0 19.1864 0.110584 8.4985 -1.25836 -3.40416 -1.25836 -3.40416 0.504046 0.459619 0.504046 -0.459619 
1 1 0 19.1913 0.110584 8.48432 -1.25842 -3.40468 -1.25842 -3.40468 0.503423 0.460192 0.503423 -0.460192 
1 1 0 19.1963 0.110584 8.47021 -1.25848 -3.4052 -1.25848 -3.4052 0.502802 0.460763 0.502802 -0.460763 
1 1 0 19.2013 0.110584 8.45619 -1.25854 -3.40572 -1.25854 -3.40572 0.502181 0.461332 0.502181 -0.461332 
1 1 0 19.2063 0.110584 8.44225 -1.2586 -3.40624 -1.2586 -3.40624 0.501561 0.461898 0.501561 -0.461898 
1 1 0 19.2112 0.110584 8.4284 -1.25866 -3.40675 -1.25866 -3.40675 0.500941 0.462462 0.500941 -0.462462 
1 1 0 19.2162 0.110584 8.41462 -1.25872 -3.40727 -1.25872 -3.40727 0.500323 0.463023 0.500323 -0.463023 
1 1 0 19.2212 0.110584 8.40093 -1.25878 -3.40779 -1.25878 -3.40779 0.499705 0.463582 0.499705 -0.463582 
1 1 0 19.2261 0.110584 8.38731 -1.25884 -3.4083 -1.25884 -3.4083 0.499088 0.464139 0.499088 -0.464139 
1 1 0 19.2311 0.110584 8.37377 -1.2589 -3.40882 -1.2589 -3.40882 0.498472 0.464693 0.498472 -0.464693 
1 1 0 19.2361 0.110584 8.36031 -1.25896 -3.40933 -1.25896 -3.40933 0.497857 0.465245 0.497857 -0.465245 
1 1 0 19.2411 0.110584 8.34693 -1.25902 -3.40985 -1.25902 -3.40985 0.497243 0.465794 0.497243 -0.465794 
1 1 0 19.246 0.110584 8.33362 -1.25908 -3.41036 -1.25908 -3.41036 0.496629 0.466342 0.496629 -0.466342 
1 1 0 19.251 0.110584 8.32039 -1.25914 -3.41088 -1.25914 -3.41088 0.496017 0.466887 0.496017 -0.466887 
1 1 0 19.256 0.110584 8.30723 -1.2592 -3.41139 -1.2592 -3.41139 0.495405 0.467429 0.495405 -0.467429 
1 1 0 19.261 0.110584 8.29415 -1.25926 -3.4119 -1.25926 -3.4119 0.494794 0.46797 0.494794 -0.46797 
1 1 0 19.2659 0.110584 8.28114 -1.25932 -3.41241 -1.25932 -3.41241 0.494183 0.468508 0.494183 -0.468508 
1 1 0 19.2709 0.110584 8.26821 -1.25938 -3.41293 -1.25938 -3.41293 0.493574 0.469044 0.493574 -0.469044 
1 1 0 19.2759 0.110584 8.25534 -1.25944 -3.41344 -1.25944 -3.41344 0.492965 0.469577 0.492965 -0.469577 
1 1 0 19.2808 0.110584 8.24255 -1.2595 -3.41395 -1.2595 -3.41395 0.492357 0.470109 0.492357 -0.470109 
1 1 0 19.2858 0.110584 8.22983 -1.25957 -3.41446 -1.25957 -3.41446 0.49175 0.470638 0.49175 -0.470638 
1 1 0 19.2908 0.110584 8.21718 -1.25963 -3.41497 -1.25963 -3.41497 0.491144 0.471165 0.491144 -0.471165 
1 1 0 19.2958 0.110584 8.2046 -1.25969 -3.41548 -1.25969 -3.41548 0.490539 0.47169 0.490539 -0.47169 
1 1 0 19.3007 0.110584 8.19209 -1.25975 -3.41599 -1.25975 -3.41599 0.489934 0.472213 0.489934 -0.472213 
1 1 0 19.3057 0.110584 8.17965 -1.25981 -3.41649 -1.25981 -3.41649 0.48933 0.472733 0.48933 -0.472733 
1 1 0 19.3107 0.110584 8.16728 -1.25987 -3.417 -1.25987 -3.417 0.488727 0.473251 0.488727 -0.473251 
1 1 0 19.3157 0.110584 8.15497 -1.25993 -3.41751 -1.25993 -3.41751 0.488125 0.473767 0.488125 -0.473767 
1 1 0 19.3206 0.110584 8.14273 -1.25999 -3.41802 -1.25999 -3.41802 0.487524 0.474281 0.487524 -0.474281 
1 1 0 19.3256 0.110584 8.13056 -1.26005 -3.41852 -1.26005 -3.41852 0.486923 0.474793 0.486923 -0.474793 
1 1 0 19.3306 0.110584 8.11845 -1.26012 -3.41903 -1.26012 -3.41903 0.486323 0.475303 0.486323 -0.475303 
1 1 0 19.3356 0.110584 8.10641 -1.26018 -3.41953 -1.26018 -3.41953 0.485724 0.475811 0.485724 -0.475811 
1 1 0 19.3405 0.110584 8.09443 -1.26024 -3.42004 -1.26024 -3.42004 0.485126 0.476316 0.485126 -0.476316 
1 1 0 19.3455 0.110584 8.08252 -1.2603 -3.42054 -1.2603 -3.42054 0.484529 0.47682 0.484529 -0.47682 
1 1 0 19.3505 0.110584 8.07067 -1.26036 -3.42105 -1.26036 -3.42105 0.483932 0.477321 0.483932 -0.477321 
1 1 0 19.3555 0.110584 8.05889 -1.26042 -3.42155 -1.26042 -3.42155 0.483337 0.47782 0.483337 -0.47782 
1 1 0 19.3604 0.110584 8.04716 -1.26048 -3.42205 -1.26048 -3.42205 0.482742 0.478318 0.482742 -0.478318 
1 1 0 19.3654 0.110584 8.0355 -1.26055 -3.42256 -1.26055 -3.42256 0.482147 0.478813 0.482147 -0.478813 
1 1 0 19.3704 0.110584 8.0239 -1.26061 -3.42306 -1.26061 -3.42306 0.481554 0.479306 0.481554 -0.479306 
1 1 0 19.3754 0.110584 8.01236 -1.26067 -3.42356 -1.26067 -3.42356 0.480962 0.479797 0.480962 -0.479797 
1 1 0 19.3803 0.110584 8.00089 -1.26073 -3.42406 -1.26073 -3.42406 0.48037 0.480286 0.48037 -0.480286 
1 1 0 19.3853 0.110584 7.98947 -1.26079 -3.42456 -1.26079 -3.42456 0.479779 0.480773 0.479779 -0.480773 
1 1 0 19.3903 0.110584 7.97811 -1.26085 -3.42506 -1.26085 -3.42506 0.479189 0.481258 0.479189 -0.481258 
1 1 0 19.3953 0.110584 7.96681 -1.26092 -3.42556 -1.26092 -3.42556 0.4786 0.481742 0.4786 -0.481742 
1 1 0 19.4002 0.110584 7.95557 -1.26098 -3.42606 -1.26098 -3.42606 0.478011 0.482223 0.478011 -0.482223 
1 1 0 19.4052 0.110584 7.94439 -1.26104 -3.42656 -1.26104 -3.42656 0.477423 0.482702 0.477423 -0.482702 
1 1 0 19.4102 0.110584 7.93327 -1.2611 -3.42706 -1.2611 -3.42706 0.476836 0.483179 0.476836 -0.483179 
1 1 0 19.4152 0.110584 7.9222 -1.26116 -3.42756 -1.26116 -3.42756 0.47625 0.483654 0.47625 -0.483654 
1 1 0 19.4201 0.110584 7.91119 -1.26123 -3.42806 -1.26123 -3.42806 0.475665 0.484128 0.475665 -0.484128 
1 1 0 19.4251 0.110584 7.90024 -1.26129 -3.42855 -1.26129 -3.42855 0.47508 0.484599 0.47508 -0.484599 
1 1 0 19.4301 0.110584 7.88934 -1.26135 -3.42905 -1.26135 -3.42905 0.474497 0.485068 0.474497 -0.485068 
1 1 0 19.4351 0.110584 7.8785 -1.26141 -3.42955 -1.26141 -3.42955 0.473914 0.485536 0.473914 -0.485536 
1 1 0 19.44 0.110584 7.86771 -1.26148 -3.43004 -1.26148 -3.43004 0.473332 0.486001 0.473332 -0.486001 
1 1 0 19.445 0.110584 7.85698 -1.26154 -3.43054 -1.26154 -3.43054 0.47275 0.486465 0.47275 -0.486465 
1 1 0 19.45 0.110584 7.8463 -1.2616 -3.43103 -1.2616 -3.43103 0.47217 0.486927 0.47217 -0.486927 
1 1 0 19.455 0.110584 7.83567 -1.26166 -3.43153 -1.26166 -3.43153 0.47159 0.487387 0.47159 -0.487387 
1 1 0 19.4599 0.110584 7.8251 -1.26173 -3.43202 -1.26173 -3.43202 0.471011 0.487845 0.471011 -0.487845 
1 1 0 19.4649 0.110584 7.81458 -1.26179 -3.43251 -1.26179 -3.43251 0.470433 0.488301 0.470433 -0.488301 
1 1 0 19.4699 0.110584 7.80412 -1.26185 -3.43301 -1.26185 -3.43301 0.469855 0.488755 0.469855 -0.488755 
1 1 0 19.4749 0.110584 7.7937 -1.26191 -3.4335 -1.26191 -3.4335 0.469279 0.489208 0.469279 -0.489208 
1 1 0 19.4798 0.110584 7.78334 -1.26198 -3.43399 -1.26198 -3.43399 0.468703 0.489659 0.468703 -0.489659 
1 1 0 19.4848 0.110584 7.77303 -1.26204 -3.43448 -1.26204 -3.43448 0.468128 0.490107 0.468128 -0.490107 
1 1 0 19.4898 0.110584 7.76277 -1.2621 -3.43498 -1.2621 -3.43498 0.467554 0.490554 0.467554 -0.490554 
1 1 0 19.4948 0.110584 7.75256 -1.26216 -3.43547 -1.26216 -3.43547 0.46698 0.491 0.46698 -0.491 
1 1 0 19.4997 0.110584 7.7424 -1.26223 -3.43596 -1.26223 -3.43596 0.466408 0.491443 0.466408 -0.491443 
1 1 0 19.5047 0.110584 7.73229 -1.26229 -3.43645 -1.26229 -3.43645 0.465836 0.491885 0.465836 -0.491885 
1 1 0 19.5097 0.110584 7.72223 -1.26235 -3.43694 -1.26235 -3.43694 0.465265 0.492324 0.465265 -0.492324 
1 1 0 19.5147 0.110584 7.71222 -1.26241 -3.43743 -1.26241 -3.43743 0.464695 0.492762 0.464695 -0.492762 
1 1 0 19.5196 0.110584 7.70226 -1.26248 -3.43791 -1.26248 -3.43791 0.464125 0.493199 0.464125 -0.493199 
1 1 0 19.5246 0.110584 7.69235 -1.26254 -3.4384 -1.26254 -3.4384 0.463556 0.493633 0.463556 -0.493633 
1 1 0 19.5296 0.110584 7.68248 -1.2626 -3.43889 -1.2626 -3.43889 0.462988 0.494066 0.462988 -0.494066 
1 1 0 19.5346 0.110584 7.67266 -1.26267 -3.43938 -1.26267 -3.43938 0.462421 0.494497 0.462421 -0.494497 
1 1 0 19.5395 0.110584 7.66289 -1.26273 -3.43987 -1.26273 -3.43987 0.461855 0.494926 0.461855 -0.494926 
1 1 0 19.5445 0.110584 7.65317 -1.26279 -3.44035 -1.26279 -3.44035 0.461289 0.495354 0.461289 -0.495354 
1 1 0 19.5495 0.110584 7.64349 -1.26286 -3.44084 -1.26286 -3.44084 0.460725 0.495779 0.460725 -0.495779 
1 1 0 19.5545 0.110584 7.63386 -1.26292 -3.44133 -1.26292 -3.44133 0.460161 0.496203 0.460161 -0.496203 
1 1 0 19.5594 0.110584 7.62428 -1.26298 -3.44181 -1.26298 -3.44181 0.459597 0.496626 0.459597 -0.496626 
1 1 0 19.5644 0.110584 7.61474 -1.26304 -3.4423 -1.26304 -3.4423 0.459035 0.497046 0.459035 -0.497046 
1 1 0 19.5694 0.110584 7.60524 -1.26311 -3.44278 -1.26311 -3.44278 0.458473 0.497465 0.458473 -0.497465 
1 1 0 19.5744 0.110584 7.59579 -1.26317 -3.44326 -1.26317 -3.44326 0.457912 0.497883 0.457912 -0.497883 
1 1 0 19.5793 0.110584 7.58639 -1.26323 -3.44375 -1.26323 -3.44375 0.457352 0.498298 0.457352 -0.498298 
1 1 0 19.5843 0.110584 7.57703 -1.2633 -3.44423 -1.2633 -3.44423 0.456793 0.498712 0.456793 -0.498712 
1 1 0 19.5893 0.110584 7.56771 -1.26336 -3.44472 -1.26336 -3.44472 0.456234 0.499124 0.456234 -0.499124 
1 1 0 19.5943 0.110584 7.55844 -1.26342 -3.4452 -1.26342 -3.4452 0.455677 0.499535 0.455677 -0.499535 
1 1 0 19.5992 0.110584 7.54921 -1.26349 -3.44568 -1.26349 -3.44568 0.45512 0.499944 0.45512 -0.499944 
1 1 0 19.6042 0.110584 7.54003 -1.26355 -3.44616 -1.26355 -3.44616 0.454563 0.500351 0.454563 -0.500351 
1 1 0 19.6092 0.110584 7.53088 -1.26362 -3.44664 -1.26362 -3.44664 0.454008 0.500757 0.454008 -0.500757 
1 1 0 19.6142 0.110584 7.52178 -1.26368 -3.44712 -1.26368 -3.44712 0.453453 0.501161 0.453453 -0.501161 
1 1 0 19.6192 0.110584 7.51272 -1.26374 -3.4476 -1.26374 -3.4476 0.452899 0.501563 0.452899 -0.501563 
1 1 0 19.6241 0.110584 7.5037 -1.26381 -3.44809 -1.26381 -3.44809 0.452346 0.501964 0.452346 -0.501964 
1 1 0 19.6291 0.110584 7.49473 -1.26387 -3.44857 -1.26387 -3.44857 0.451794 0.502363 0.451794 -0.502363 
1 1 0 19.6341 0.110584 7.48579 -1.26393 -3.44904 -1.26393 -3.44904 0.451242 0.502761 0.451242 -0.502761 
1 1 0 19.6391 0.110584 7.4769 -1.264 -3.44952 -1.264 -3.44952 0.450692 0.503157 0.450692 -0.503157 
1 1 0 19.644 0.110584 7.46805 -1.26406 -3.45 -1.26406 -3.45 0.450142 0.503551 0.450142 -0.503551 
1 1 0 19.649 0.110584 7.45924 -1.26412 -3.45048 -1.26412 -3.45048 0.449592 0.503944 0.449592 -0.503944 
1 1 0 19.654 0.110584 7.45047 -1.26419 -3.45096 -1.26419 -3.45096 0.449044 0.504335 0.449044 -0.504335 
1 1 0 19.659 0.110584 7.44173 -1.26425 -3.45144 -1.26425 -3.45144 0.448496 0.504724 0.448496 -0.504724 
1 1 0 19.6639 0.110584 7.43304 -1.26432 -3.45191 -1.26432 -3.45191 0.447949 0.505113 0.447949 -0.505113 
1 1 0 19.6689 0.110584 7.42439 -1.26438 -3.45239 -1.26438 -3.45239 0.447403 0.505499 0.447403 -0.505499 
1 1 0 19.6739 0.110584 7.41577 -1.26444 -3.45287 -1.26444 -3.45287 0.446858 0.505884 0.446858 -0.505884 
1 1 0 19.6789 0.110584 7.4072 -1.26451 -3.45334 -1.26451 -3.45334 0.446313 0.506267 0.446313 -0.506267 
1 1 0 19.6838 0.110584 7.39866 -1.26457 -3.45382 -1.26457 -3.45382 0.445769 0.506649 0.445769 -0.506649 
1 1 0 19.6888 0.110584 7.39016 -1.26464 -3.45429 -1.26464 -3.45429 0.445226 0.50703 0.445226 -0.50703 
1 1 0 19.6938 0.110584 7.3817 -1.2647 -3.45477 -1.2647 -3.45477 0.444684 0.507409 0.444684 -0.507409 
1 1 0 19.6988 0.110584 7.37328 -1.26476 -3.45524 -1.26476 -3.45524 0.444142 0.507786 0.444142 -0.507786 
1 1 0 19.7038 0.110584 7.36489 -1.26483 -3.45572 -1.26483 -3.45572 0.443602 0.508162 0.443602 -0.508162 
1 1 0 19.7087 0.110584 7.35655 -1.26489 -3.45619 -1.26489 -3.45619 0.443062 0.508536 0.443062 -0.508536 
1 1 0 19.7137 0.110584 7.34823 -1.26496 -3.45666 -1.26496 -3.45666 0.442522 0.508909 0.442522 -0.508909 
1 1 0 19.7187 0.110584 7.33996 -1.26502 -3.45713 -1.26502 -3.45713 0.441984 0.50928 0.441984 -0.50928 
1 1 0 19.7237 0.110584 7.33172 -1.26508 -3.45761 -1.26508 -3.45761 0.441446 0.50965 0.441446 -0.50965 
1 1 0 19.7286 0.110584 7.32352 -1.26515 -3.45808 -1.26515 -3.45808 0.440909 0.510018 0.440909 -0.510018 
1 1 0 19.7336 0.110584 7.31535 -1.26521 -3.45855 -1.26521 -3.45855 0.440373 0.510385 0.440373 -0.510385 
1 1 0 19.7386 0.110584 7.30723 -1.26528 -3.45902 -1.26528 -3.45902 0.439838 0.51075 0.439838 -0.51075 
1 1 0 19.7436 0.110584 7.29913 -1.26534 -3.45949 -1.26534 -3.45949 0.439303 0.511114 0.439303 -0.511114 
1 1 0 19.7486 0.110584 7.29107 -1.26541 -3.45996 -1.26541 -3.45996 0.438769 0.511477 0.438769 -0.511477 
1 1 0 19.7535 0.110584 7.28305 -1.26547 -3.46043 -1.26547 -3.46043 0.438236 0.511838 0.438236 -0.511838 
1 1 0 19.7585 0.110584 7.27506 -1.26553 -3.4609 -1.26553 -3.4609 0.437703 0.512197 0.437703 -0.512197 
1 1 0 19.7635 0.110584 7.26711 -1.2656 -3.46137 -1.2656 -3.46137 0.437172 0.512556 0.437172 -0.512556 
1 1 0 19.7685 0.110584 7.25919 -1.26566 -3.46184 -1.26566 -3.46184 0.436641 0.512912 0.436641 -0.512912 
1 1 0 19.7734 0.110584 7.2513 -1.26573 -3.46231 -1.26573 -3.46231 0.436111 0.513268 0.436111 -0.513268 
1 1 0 19.7784 0.110584 7.24345 -1.26579 -3.46278 -1.26579 -3.46278 0.435581 0.513621 0.435581 -0.513621 
1 1 0 19.7834 0.110584 7.23563 -1.26586 -3.46325 -1.26586 -3.46325 0.435053 0.513974 0.435053 -0.513974 
1 1 0 19.7884 0.110584 7.22785 -1.26592 -3.46371 -1.26592 -3.46371 0.434525 0.514325 0.434525 -0.514325 
1 1 0 19.7934 0.110584 7.2201 -1.26598 -3.46418 -1.26598 -3.46418 0.433998 0.514675 0.433998 -0.514675 
1 1 0 19.7983 0.110584 7.21238 -1.26605 -3.46465 -1.26605 -3.46465 0.433472 0.515023 0.433472 -0.515023 
1 1 0 19.8033 0.110584 7.20469 -1.26611 -3.46512 -1.26611 -3.46512 0.432946 0.51537 0.432946 -0.51537 
1 1 0 19.8083 0.110584 7.19704 -1.26618 -3.46558 -1.26618 -3.46558 0.432421 0.515715 0.432421 -0.515715 
1 1 0 19.8133 0.110584 7.18942 -1.26624 -3.46605 -1.26624 -3.46605 0.431897 0.516059 0.431897 -0.516059 
1 1 0 19.8182 0.110584 7.18183 -1.26631 -3.46651 -1.26631 -3.46651 0.431374 0.516402 0.431374 -0.516402 
1 1 0 19.8232 0.110584 7.17428 -1.26637 -3.46698 -1.26637 -3.46698 0.430851 0.516743 0.430851 -0.516743 
1 1 0 19.8282 0.110584 7.16676 -1.26644 -3.46744 -1.26644 -3.46744 0.430329 0.517083 0.430329 -0.517083 
1 1 0 19.8332 0.110584 7.15926 -1.2665 -3.46791 -1.2665 -3.46791 0.429808 0.517422 0.429808 -0.517422 
1 1 0 19.8382 0.110584 7.1518 -1.26657 -3.46837 -1.26657 -3.46837 0.429288 0.517759 0.429288 -0.517759 
1 1 0 19.8431 0.110584 7.14438 -1.26663 -3.46883 -1.26663 -3.46883 0.428769 0.518095 0.428769 -0.518095 
1 1 0 19.8481 0.110584 7.13698 -1.2667 -3.4693 -1.2667 -3.4693 0.42825 0.518429 0.42825 -0.518429 
1 1 0 19.8531 0.110584 7.12961 -1.26676 -3.46976 -1.26676 -3.46976 0.427732 0.518763 0.427732 -0.518763 
1 1 0 19.8581 0.110584 7.12227 -1.26683 -3.47022 -1.26683 -3.47022 0.427214 0.519095 0.427214 -0.519095 
1 1 0 19.863 0.110584 7.11497 -1.26689 -3.47069 -1.26689 -3.47069 0.426698 0.519425 0.426698 -0.519425 
1 1 0 19.868 0.110584 7.10769 -1.26696 -3.47115 -1.26696 -3.47115 0.426182 0.519754 0.426182 -0.519754 
1 1 0 19.873 0.110584 7.10045 -1.26702 -3.47161 -1.26702 -3.47161 0.425667 0.520082 0.425667 -0.520082 
1 1 0 19.878 0.110584 7.09323 -1.26709 -3.47207 -1.26709 -3.47207 0.425153 0.520409 0.425153 -0.520409 
1 1 0 19.883 0.110584 7.08605 -1.26715 -3.47253 -1.26715 -3.47253 0.424639 0.520734 0.424639 -0.520734 
1 1 0 19.8879 0.110584 7.07889 -1.26721 -3.47299 -1.26721 -3.47299 0.424126 0.521058 0.424126 -0.521058 
1 1 0 19.8929 0.110584 7.07177 -1.26728 -3.47345 -1.26728 -3.47345 0.423614 0.521381 0.423614 -0.521381 
1 1 0 19.8979 0.110584 7.06467 -1.26734 -3.47391 -1.26734 -3.47391 0.423103 0.521702 0.423103 -0.521702 
1 1 0 19.9029 0.110584 7.0576 -1.26741 -3.47437 -1.26741 -3.47437 0.422592 0.522022 0.422592 -0.522022 
1 1 0 19.9078 0.110584 7.05056 -1.26747 -3.47483 -1.26747 -3.47483 0.422083 0.522341 0.422083 -0.522341 
1 1 0 19.9128 0.110584 7.04355 -1.26754 -3.47529 -1.26754 -3.47529 0.421573 0.522659 0.421573 -0.522659 
1 1 0 19.9178 0.110584 7.03657 -1.2676 -3.47575 -1.2676 -3.47575 0.421065 0.522975 0.421065 -0.522975 
1 1 0 19.9228 0.110584 7.02962 -1.26767 -3.4762 -1.26767 -3.4762 0.420557 0.52329 0.420557 -0.52329 
1 1 0 19.9278 0.110584 7.02269 -1.26774 -3.47666 -1.26774 -3.47666 0.420051 0.523604 0.420051 -0.523604 
1 1 0 19.9327 0.110584 7.0158 -1.2678 -3.47712 -1.2678 -3.47712 0.419545 0.523916 0.419545 -0.523916 
1 1 0 19.9377 0.110584 7.00893 -1.26787 -3.47758 -1.26787 -3.47758 0.419039 0.524228 0.419039 -0.524228 
1 1 0 19.9427 0.110584 7.00209 -1.26793 -3.47803 -1.26793 -3.47803 0.418535 0.524538 0.418535 -0.524538 
1 1 0 19.9477 0.110584 6.99527 -1.268 -3.47849 -1.268 -3.47849 0.418031 0.524846 0.418031 -0.524846 
1 1 0 19.9527 0.110584 6.98849 -1.26806 -3.47894 -1.26806 -3.47894 0.417527 0.525154 0.417527 -0.525154 
1 1 0 19.9576 0.110584 6.98173 -1.26813 -3.4794 -1.26813 -3.4794 0.417025 0.52546 0.417025 -0.52546 
1 1 0 19.9626 0.110584 6.975 -1.26819 -3.47985 -1.26819 -3.47985 0.416523 0.525765 0.416523 -0.525765 
1 1 0 19.9676 0.110584 6.96829 -1.26826 -3.48031 -1.26826 -3.48031 0.416022 0.526069 0.416022 -0.526069 
1 1 0 19.9726 0.110584 6.96162 -1.26832 -3.48076 -1.26832 -3.48076 0.415522 0.526372 0.415522 -0.526372 
1 1 0 19.9775 0.110584 6.95496 -1.26839 -3.48122 -1.26839 -3.48122 0.415023 0.526673 0.415023 -0.526673 
1 1 0 19.9825 0.110584 6.94834 -1.26845 -3.48167 -1.26845 -3.48167 0.414524 0.526973 0.414524 -0.526973 
1 1 0 19.9875 0.110584 6.94174 -1.26852 -3.48213 -1.26852 -3.48213 0.414026 0.527272 0.414026 -0.527272 
1 1 0 19.9925 0.110584 6.93517 -1.26858 -3.48258 -1.26858 -3.48258 0.413529 0.52757 0.413529 -0.52757 
1 1 0 19.9975 0.110584 6.92862 -1.26865 -3.48303 -1.26865 -3.48303 0.413032 0.527866 0.413032 -0.527866 
1 1 0 20.0024 0.110584 6.9221 -1.26871 -3.48348 -1.26871 -3.48348 0.412536 0.528162 0.412536 -0.528162 
1 1 0 20.0074 0.110584 6.91561 -1.26878 -3.48394 -1.26878 -3.48394 0.412041 0.528456 0.412041 -0.528456 
1 1 0 20.0124 0.110584 6.90914 -1.26884 -3.48439 -1.26884 -3.48439 0.411547 0.528749 0.411547 -0.528749 
1 1 0 20.0174 0.110584 6.90269 -1.26891 -3.48484 -1.26891 -3.48484 0.411053 0.529041 0.411053 -0.529041 
1 1 0 20.0224 0.110584 6.89628 -1.26897 -3.48529 -1.26897 -3.48529 0.410561 0.529331 0.410561 -0.529331 
1 1 0 20.0273 0.110584 6.88988 -1.26904 -3.48574 -1.26904 -3.48574 0.410068 0.529621 0.410068 -0.529621 
1 1 0 20.0323 0.110584 6.88351 -1.26911 -3.48619 -1.26911 -3.48619 0.409577 0.529909 0.409577 -0.529909 
1 1 0 20.0373 0.110584 6.87717 -1.26917 -3.48664 -1.26917 -3.48664 0.409086 0.530196 0.409086 -0.530196 
1 1 0 20.0423 0.110584 6.87085 -1.26924 -3.48709 -1.26924 -3.48709 0.408597 0.530482 0.408597 -0.530482 
1 1 0 20.0473 0.110584 6.86456 -1.2693 -3.48754 -1.2693 -3.48754 0.408107 0.530767 0.408107 -0.530767 
1 1 0 20.0522 0.110584 6.85829 -1.26937 -3.48799 -1.26937 -3.48799 0.407619 0.531051 0.407619 -0.531051 
1 1 0 20.0572 0.110584 6.85204 -1.26943 -3.48844 -1.26943 -3.48844 0.407131 0.531333 0.407131 -0.531333 
1 1 0 20.0622 0.110584 6.84582 -1.2695 -3.48889 -1.2695 -3.48889 0.406644 0.531615 0.406644 -0.531615 
1 1 0 20.0672 0.110584 6.83962 -1.26956 -3.48934 -1.26956 -3.48934 0.406158 0.531895 0.406158 -0.531895 
1 1 0 20.0722 0.110584 6.83345 -1.26963 -3.48978 -1.26963 -3.48978 0.405672 0.532174 0.405672 -0.532174 
1 1 0 20.0771 0.110584 6.8273 -1.2697 -3.49023 -1.2697 -3.49023 0.405187 0.532452 0.405187 -0.532452 
1 1 0 20.0821 0.110584 6.82118 -1.26976 -3.49068 -1.26976 -3.49068 0.404703 0.532729 0.404703 -0.532729 
1 1 0 20.0871 0.110584 6.81507 -1.26983 -3.49113 -1.26983 -3.49113 0.40422 0.533005 0.40422 -0.533005 
1 1 0 20.0921 0.110584 6.809 -1.26989 -3.49157 -1.26989 -3.49157 0.403737 0.53328 0.403737 -0.53328 
1 1 0 20.0971 0.110584 6.80294 -1.26996 -3.49202 -1.26996 -3.49202 0.403255 0.533553 0.403255 -0.533553 
1 1 0 20.102 0.110584 6.79691 -1.27002 -3.49246 -1.27002 -3.49246 0.402774 0.533826 0.402774 -0.533826 
1 1 0 20.107 0.110584 6.7909 -1.27009 -3.49291 -1.27009 -3.49291 0.402294 0.534097 0.402294 -0.534097 
1 1 0 20.112 0.110584 6.78491 -1.27015 -3.49336 -1.27015 -3.49336 0.401814 0.534367 0.401814 -0.534367 
1 1 0 20.117 0.110584 6.77895 -1.27022 -3.4938 -1.27022 -3.4938 0.401335 0.534636 0.401335 -0.534636 
1 1 0 20.122 0.110584 6.77301 -1.27029 -3.49425 -1.27029 -3.49425 0.400856 0.534904 0.400856 -0.534904 
1 1 0 20.1269 0.110584 6.76709 -1.27035 -3.49469 -1.27035 -3.49469 0.400379 0.535171 0.400379 -0.535171 
1 1 0 20.1319 0.110584 6.76119 -1.27042 -3.49513 -1.27042 -3.49513 0.399902 0.535437 0.399902 -0.535437 
1 1 0 20.1369 0.110584 6.75532 -1.27048 -3.49558 -1.27048 -3.49558 0.399426 0.535702 0.399426 -0.535702 
1 1 0 20.1419 0.110584 6.74947 -1.27055 -3.49602 -1.27055 -3.49602 0.39895 0.535966 0.39895 -0.535966 
1 1 0 20.1468 0.110584 6.74364 -1.27061 -3.49646 -1.27061 -3.49646 0.398476 0.536228 0.398476 -0.536228 
1 1 0 20.1518 0.110584 6.73783 -1.27068 -3.49691 -1.27068 -3.49691 0.398002 0.53649 0.398002 -0.53649 
1 1 0 20.1568 0.110584 6.73204 -1.27075 -3.49735 -1.27075 -3.49735 0.397528 0.53675 0.397528 -0.53675 
1 1 0 20.1618 0.110584 6.72628 -1.27081 -3.49779 -1.27081 -3.49779 0.397056 0.53701 0.397056 -0.53701 
1 1 0 20.1668 0.110584 6.72054 -1.27088 -3.49823 -1.27088 -3.49823 0.396584 0.537268 0.396584 -0.537268 
1 1 0 20.1717 0.110584 6.71482 -1.27094 -3.49867 -1.27094 -3.49867 0.396113 0.537526 0.396113 -0.537526 
1 1 0 20.1767 0.110584 6.70912 -1.27101 -3.49912 -1.27101 -3.49912 0.395642 0.537782 0.395642 -0.537782 
1 1 0 20.1817 0.110584 6.70344 -1.27108 -3.49956 -1.27108 -3.49956 0.395173 0.538037 0.395173 -0.538037 
1 1 0 20.1867 0.110584 6.69778 -1.27114 -3.5 -1.27114 -3.5 0.394704 0.538291 0.394704 -0.538291 
1 1 0 20.1917 0.110584 6.69214 -1.27121 -3.50044 -1.27121 -3.50044 0.394235 0.538545 0.394235 -0.538545 
1 1 0 20.1967 0.110584 6.68653 -1.27127 -3.50088 -1.27127 -3.50088 0.393768 0.538797 0.393768 -0.538797 
1 1 0 20.2016 0.110584 6.68093 -1.27134 -3.50132 -1.27134 -3.50132 0.393301 0.539048 0.393301 -0.539048 
1 1 0 20.2066 0.110584 6.67536 -1.2714 -3.50176 -1.2714 -3.50176 0.392835 0.539298 0.392835 -0.539298 
1 1 0 20.2116 0.110584 6.66981 -1.27147 -3.5022 -1.27147 -3.5022 0.392369 0.539547 0.392369 -0.539547 
1 1 0 20.2166 0.110584 6.66427 -1.27154 -3.50263 -1.27154 -3.50263 0.391905 0.539795 0.391905 -0.539795 
1 1 0 20.2216 0.110584 6.65876 -1.2716 -3.50307 -1.2716 -3.50307 0.391441 0.540042 0.391441 -0.540042 
1 1 0 20.2265 0.110584 6.65327 -1.27167 -3.50351 -1.27167 -3.50351 0.390978 0.540288 0.390978 -0.540288 
1 1 0 20.2315 0.110584 6.6478 -1.27173 -3.50395 -1.27173 -3.50395 0.390515 0.540533 0.390515 -0.540533 
1 1 0 20.2365 0.110584 6.64234 -1.2718 -3.50439 -1.2718 -3.50439 0.390053 0.540777 0.390053 -0.540777 
1 1 0 20.2415 0.110584 6.63691 -1.27187 -3.50482 -1.27187 -3.50482 0.389592 0.54102 0.389592 -0.54102 
1 1 0 20.2465 0.110584 6.6315 -1.27193 -3.50526 -1.27193 -3.50526 0.389132 0.541262 0.389132 -0.541262 
1 1 0 20.2514 0.110584 6.62611 -1.272 -3.5057 -1.272 -3.5057 0.388672 0.541503 0.388672 -0.541503 
1 1 0 20.2564 0.110584 6.62073 -1.27206 -3.50613 -1.27206 -3.50613 0.388213 0.541743 0.388213 -0.541743 
1 1 0 20.2614 0.110584 6.61538 -1.27213 -3.50657 -1.27213 -3.50657 0.387754 0.541982 0.387754 -0.541982 
1 1 0 20.2664 0.110584 6.61005 -1.2722 -3.507 -1.2722 -3.507 0.387297 0.54222 0.387297 -0.54222 
1 1 0 20.2714 0.110584 6.60473 -1.27226 -3.50744 -1.27226 -3.50744 0.38684 0.542457 0.38684 -0.542457 
1 1 0 20.2763 0.110584 6.59944 -1.27233 -3.50787 -1.27233 -3.50787 0.386384 0.542693 0.386384 -0.542693 
1 1 0 20.2813 0.110584 6.59416 -1.27239 -3.50831 -1.27239 -3.50831 0.385928 0.542928 0.385928 -0.542928 
1 1 0 20.2863 0.110584 6.58891 -1.27246 -3.50874 -1.27246 -3.50874 0.385473 0.543162 0.385473 -0.543162 
1 1 0 20.2913 0.110584 6.58367 -1.27253 -3.50918 -1.27253 -3.50918 0.385019 0.543396 0.385019 -0.543396 
1 1 0 20.2963 0.110584 6.57845 -1.27259 -3.50961 -1.27259 -3.50961 0.384566 0.543628 0.384566 -0.543628 
1 1 0 20.3012 0.110584 6.57325 -1.27266 -3.51004 -1.27266 -3.51004 0.384113 0.543859 0.384113 -0.543859 
1 1 0 20.3062 0.110584 6.56807 -1.27273 -3.51048 -1.27273 -3.51048 0.383661 0.544089 0.383661 -0.544089 
1 1 0 20.3112 0.110584 6.5629 -1.27279 -3.51091 -1.27279 -3.51091 0.38321 0.544319 0.38321 -0.544319 
1 1 0 20.3162 0.110584 6.55776 -1.27286 -3.51134 -1.27286 -3.51134 0.38276 0.544547 0.38276 -0.544547 
1 1 0 20.3212 0.110584 6.55263 -1.27292 -3.51178 -1.27292 -3.51178 0.38231 0.544774 0.38231 -0.544774 
1 1 0 20.3261 0.110584 6.54753 -1.27299 -3.51221 -1.27299 -3.51221 0.38186 0.545001 0.38186 -0.545001 
1 1 0 20.3311 0.110584 6.54244 -1.27306 -3.51264 -1.27306 -3.51264 0.381412 0.545227 0.381412 -0.545227 
1 1 0 20.3361 0.110584 6.53737 -1.27312 -3.51307 -1.27312 -3.51307 0.380964 0.545451 0.380964 -0.545451 
1 1 0 20.3411 0.110584 6.53231 -1.27319 -3.5135 -1.27319 -3.5135 0.380517 0.545675 0.380517 -0.545675 
1 1 0 20.3461 0.110584 6.52728 -1.27325 -3.51393 -1.27325 -3.51393 0.380071 0.545898 0.380071 -0.545898 
1 1 0 20.351 0.110584 6.52226 -1.27332 -3.51436 -1.27332 -3.51436 0.379625 0.546119 0.379625 -0.546119 
1 1 0 20.356 0.110584 6.51726 -1.27339 -3.51479 -1.27339 -3.51479 0.37918 0.54634 0.37918 -0.54634 
1 1 0 20.361 0.110584 6.51228 -1.27345 -3.51522 -1.27345 -3.51522 0.378736 0.54656 0.378736 -0.54656 
1 1 0 20.366 0.110584 6.50731 -1.27352 -3.51565 -1.27352 -3.51565 0.378292 0.546779 0.378292 -0.546779 
1 1 0 20.371 0.110584 6.50237 -1.27359 -3.51608 -1.27359 -3.51608 0.377849 0.546998 0.377849 -0.546998 
1 1 0 20.376 0.110584 6.49744 -1.27365 -3.51651 -1.27365 -3.51651 0.377407 0.547215 0.377407 -0.547215 
1 1 0 20.3809 0.110584 6.49253 -1.27372 -3.51694 -1.27372 -3.51694 0.376966 0.547431 0.376966 -0.547431 
1 1 0 20.3859 0.110584 6.48763 -1.27378 -3.51737 -1.27378 -3.51737 0.376525 0.547646 0.376525 -0.547646 
1 1 0 20.3909 0.110584 6.48276 -1.27385 -3.5178 -1.27385 -3.5178 0.376085 0.547861 0.376085 -0.547861 
1 1 0 20.3959 0.110584 6.4779 -1.27392 -3.51822 -1.27392 -3.51822 0.375646 0.548075 0.375646 -0.548075 
1 1 0 20.4009 0.110584 6.47305 -1.27398 -3.51865 -1.27398 -3.51865 0.375207 0.548287 0.375207 -0.548287 
1 1 0 20.4058 0.110584 6.46823 -1.27405 -3.51908 -1.27405 -3.51908 0.374769 0.548499 0.374769 -0.548499 
1 1 0 20.4108 0.110584 6.46342 -1.27411 -3.51951 -1.27411 -3.51951 0.374332 0.54871 0.374332 -0.54871 
1 1 0 20.4158 0.110584 6.45863 -1.27418 -3.51993 -1.27418 -3.51993 0.373895 0.54892 0.373895 -0.54892 
1 1 0 20.4208 0.110584 6.45385 -1.27425 -3.52036 -1.27425 -3.52036 0.373459 0.549129 0.373459 -0.549129 
1 1 0 20.4258 0.110584 6.44909 -1.27431 -3.52079 -1.27431 -3.52079 0.373024 0.549338 0.373024 -0.549338 
1 1 0 20.4307 0.110584 6.44435 -1.27438 -3.52121 -1.27438 -3.52121 0.372589 0.549545 0.372589 -0.549545 
1 1 0 20.4357 0.110584 6.43962 -1.27445 -3.52164 -1.27445 -3.52164 0.372155 0.549752 0.372155 -0.549752 
1 1 0 20.4407 0.110584 6.43491 -1.27451 -3.52206 -1.27451 -3.52206 0.371722 0.549957 0.371722 -0.549957 
1 1 0 20.4457 0.110584 6.43022 -1.27458 -3.52249 -1.27458 -3.52249 0.37129 0.550162 0.37129 -0.550162 
1 1 0 20.4507 0.110584 6.42554 -1.27465 -3.52291 -1.27465 -3.52291 0.370858 0.550366 0.370858 -0.550366 
1 1 0 20.4557 0.110584 6.42088 -1.27471 -3.52334 -1.27471 -3.52334 0.370427 0.550569 0.370427 -0.550569 
1 1 0 20.4606 0.110584 6.41624 -1.27478 -3.52376 -1.27478 -3.52376 0.369996 0.550771 0.369996 -0.550771 
1 1 0 20.4656 0.110584 6.41161 -1.27484 -3.52418 -1.27484 -3.52418 0.369567 0.550973 0.369567 -0.550973 
1 1 0 20.4706 0.110584 6.407 -1.27491 -3.52461 -1.27491 -3.52461 0.369138 0.551173 0.369138 -0.551173 
1 1 0 20.4756 0.110584 6.4024 -1.27498 -3.52503 -1.27498 -3.52503 0.368709 0.551373 0.368709 -0.551373 
1 1 0 20.4806 0.110584 6.39782 -1.27504 -3.52545 -1.27504 -3.52545 0.368282 0.551571 0.368282 -0.551571 
1 1 0 20.4855 0.110584 6.39326 -1.27511 -3.52588 -1.27511 -3.52588 0.367855 0.551769 0.367855 -0.551769 
1 1 0 20.4905 0.110584 6.38871 -1.27518 -3.5263 -1.27518 -3.5263 0.367428 0.551966 0.367428 -0.551966 
1 1 0 20.4955 0.110584 6.38417 -1.27524 -3.52672 -1.27524 -3.52672 0.367003 0.552163 0.367003 -0.552163 
1 1 0 20.5005 0.110584 6.37965 -1.27531 -3.52714 -1.27531 -3.52714 0.366578 0.552358 0.366578 -0.552358 
1 1 0 20.5055 0.110584 6.37515 -1.27537 -3.52756 -1.27537 -3.52756 0.366153 0.552553 0.366153 -0.552553 
1 1 0 20.5105 0.110584 6.37066 -1.27544 -3.52799 -1.27544 -3.52799 0.36573 0.552746 0.36573 -0.552746 
1 1 0 20.5154 0.110584 6.36619 -1.27551 -3.52841 -1.27551 -3.52841 0.365307 0.552939 0.365307 -0.552939 
1 1 0 20.5204 0.110584 6.36174 -1.27557 -3.52883 -1.27557 -3.52883 0.364885 0.553131 0.364885 -0.553131 
1 1 0 20.5254 0.110584 6.35729 -1.27564 -3.52925 -1.27564 -3.52925 0.364463 0.553323 0.364463 -0.553323 
1 1 0 20.5304 0.110584 6.35287 -1.27571 -3.52967 -1.27571 -3.52967 0.364042 0.553513 0.364042 -0.553513 
1 1 0 20.5354 0.110584 6.34846 -1.27577 -3.53009 -1.27577 -3.53009 0.363622 0.553703 0.363622 -0.553703 
1 1 0 20.5403 0.110584 6.34406 -1.27584 -3.53051 -1.27584 -3.53051 0.363203 0.553892 0.363203 -0.553892 
1 1 0 20.5453 0.110584 6.33968 -1.27591 -3.53093 -1.27591 -3.53093 0.362784 0.55408 0.362784 -0.55408 
1 1 0 20.5503 0.110584 6.33531 -1.27597 -3.53135 -1.27597 -3.53135 0.362366 0.554267 0.362366 -0.554267 
1 1 0 20.5553 0.110584 6.33096 -1.27604 -3.53177 -1.27604 -3.53177 0.361948 0.554453 0.361948 -0.554453 
1 1 0 20.5603 0.110584 6.32662 -1.2761 -3.53218 -1.2761 -3.53218 0.361532 0.554639 0.361532 -0.554639 
1 1 0 20.5653 0.110584 6.3223 -1.27617 -3.5326 -1.27617 -3.5326 0.361115 0.554824 0.361115 -0.554824 
1 1 0 20.5702 0.110584 6.31799 -1.27624 -3.53302 -1.27624 -3.53302 0.3607 0.555008 0.3607 -0.555008 
1 1 0 20.5752 0.110584 6.3137 -1.2763 -3.53344 -1.2763 -3.53344 0.360285 0.555191 0.360285 -0.555191 
1 1 0 20.5802 0.110584 6.30942 -1.27637 -3.53385 -1.27637 -3.53385 0.359871 0.555373 0.359871 -0.555373 
1 1 0 20.5852 0.110584 6.30516 -1.27644 -3.53427 -1.27644 -3.53427 0.359458 0.555555 0.359458 -0.555555 
1 1 0 20.5902 0.110584 6.30091 -1.2765 -3.53469 -1.2765 -3.53469 0.359045 0.555735 0.359045 -0.555735 
1 1 0 20.5951 0.110584 6.29667 -1.27657 -3.53511 -1.27657 -3.53511 0.358633 0.555915 0.358633 -0.555915 
1 1 0 20.6001 0.110584 6.29245 -1.27664 -3.53552 -1.27664 -3.53552 0.358222 0.556095 0.358222 -0.556095 
1 1 0 20.6051 0.110584 6.28824 -1.2767 -3.53594 -1.2767 -3.53594 0.357811 0.556273 0.357811 -0.556273 
1 1 0 20.6101 0.110584 6.28405 -1.27677 -3.53635 -1.27677 -3.53635 0.357401 0.556451 0.357401 -0.556451 
1 1 0 20.6151 0.110584 6.27987 -1.27684 -3.53677 -1.27684 -3.53677 0.356992 0.556628 0.356992 -0.556628 
1 1 0 20.6201 0.110584 6.27571 -1.2769 -3.53718 -1.2769 -3.53718 0.356583 0.556804 0.356583 -0.556804 
1 1 0 20.625 0.110584 6.27155 -1.27697 -3.5376 -1.27697 -3.5376 0.356175 0.556979 0.356175 -0.556979 
1 1 0 20.63 0.110584 6.26742 -1.27703 -3.53801 -1.27703 -3.53801 0.355768 0.557154 0.355768 -0.557154 
1 1 0 20.635 0.110584 6.26329 -1.2771 -3.53843 -1.2771 -3.53843 0.355361 0.557328 0.355361 -0.557328 
1 1 0 20.64 0.110584 6.25918 -1.27717 -3.53884 -1.27717 -3.53884 0.354955 0.557501 0.354955 -0.557501 
1 1 0 20.645 0.110584 6.25509 -1.27723 -3.53926 -1.27723 -3.53926 0.35455 0.557673 0.35455 -0.557673 
1 1 0 20.65 0.110584 6.251 -1.2773 -3.53967 -1.2773 -3.53967 0.354145 0.557844 0.354145 -0.557844 
1 1 0 20.6549 0.110584 6.24693 -1.27737 -3.54008 -1.27737 -3.54008 0.353741 0.558015 0.353741 -0.558015 
1 1 0 20.6599 0.110584 6.24288 -1.27743 -3.5405 -1.27743 -3.5405 0.353338 0.558185 0.353338 -0.558185 
1 1 0 20.6649 0.110584 6.23884 -1.2775 -3.54091 -1.2775 -3.54091 0.352935 0.558354 0.352935 -0.558354 
1 1 0 20.6699 0.110584 6.23481 -1.27757 -3.54132 -1.27757 -3.54132 0.352533 0.558523 0.352533 -0.558523 
1 1 0 20.6749 0.110584 6.23079 -1.27763 -3.54173 -1.27763 -3.54173 0.352132 0.558691 0.352132 -0.558691 
1 1 0 20.6798 0.110584 6.22679 -1.2777 -3.54214 -1.2777 -3.54214 0.351731 0.558858 0.351731 -0.558858 
1 1 0 20.6848 0.110584 6.2228 -1.27777 -3.54256 -1.27777 -3.54256 0.351331 0.559024 0.351331 -0.559024 
1 1 0 20.6898 0.110584 6.21883 -1.27783 -3.54297 -1.27783 -3.54297 0.350932 0.559189 0.350932 -0.559189 
1 1 0 20.6948 0.110584 6.21486 -1.2779 -3.54338 -1.2779 -3.54338 0.350533 0.559354 0.350533 -0.559354 
1 1 0 20.6998 0.110584 6.21091 -1.27797 -3.54379 -1.27797 -3.54379 0.350135 0.559518 0.350135 -0.559518 
1 1 0 20.7048 0.110584 6.20698 -1.27803 -3.5442 -1.27803 -3.5442 0.349738 0.559682 0.349738 -0.559682 
1 1 0 20.7097 0.110584 6.20305 -1.2781 -3.54461 -1.2781 -3.54461 0.349341 0.559844 0.349341 -0.559844 
1 1 0 20.7147 0.110584 6.19914 -1.27816 -3.54502 -1.27816 -3.54502 0.348945 0.560006 0.348945 -0.560006 
1 1 0 20.7197 0.110584 6.19524 -1.27823 -3.54543 -1.27823 -3.54543 0.34855 0.560167 0.34855 -0.560167 
1 1 0 20.7247 0.110584 6.19136 -1.2783 -3.54584 -1.2783 -3.54584 0.348155 0.560328 0.348155 -0.560328 
1 1 0 20.7297 0.110584 6.18749 -1.27836 -3.54625 -1.27836 -3.54625 0.347761 0.560487 0.347761 -0.560487 
1 1 0 20.7347 0.110584 6.18363 -1.27843 -3.54666 -1.27843 -3.54666 0.347368 0.560646 0.347368 -0.560646 
1 1 0 20.7396 0.110584 6.17978 -1.2785 -3.54707 -1.2785 -3.54707 0.346975 0.560805 0.346975 -0.560805 
1 1 0 20.7446 0.110584 6.17594 -1.27856 -3.54748 -1.27856 -3.54748 0.346583 0.560962 0.346583 -0.560962 
1 1 0 20.7496 0.110584 6.17212 -1.27863 -3.54788 -1.27863 -3.54788 0.346192 0.561119 0.346192 -0.561119 
1 1 0 20.7546 0.110584 6.16831 -1.2787 -3.54829 -1.2787 -3.54829 0.345801 0.561275 0.345801 -0.561275 
1 1 0 20.7596 0.110584 6.16452 -1.27876 -3.5487 -1.27876 -3.5487 0.345411 0.561431 0.345411 -0.561431 
1 1 0 20.7646 0.110584 6.16073 -1.27883 -3.54911 -1.27883 -3.54911 0.345022 0.561585 0.345022 -0.561585 
1 1 0 20.7695 0.110584 6.15696 -1.2789 -3.54951 -1.2789 -3.54951 0.344633 0.561739 0.344633 -0.561739 
1 1 0 20.7745 0.110584 6.1532 -1.27896 -3.54992 -1.27896 -3.54992 0.344245 0.561893 0.344245 -0.561893 
1 1 0 20.7795 0.110584 6.14945 -1.27903 -3.55033 -1.27903 -3.55033 0.343858 0.562045 0.343858 -0.562045 
1 1 0 20.7845 0.110584 6.14571 -1.2791 -3.55073 -1.2791 -3.55073 0.343471 0.562197 0.343471 -0.562197 
1 1 0 20.7895 0.110584 6.14199 -1.27916 -3.55114 -1.27916 -3.55114 0.343085 0.562348 0.343085 -0.562348 
1 1 0 20.7945 0.110584 6.13828 -1.27923 -3.55155 -1.27923 -3.55155 0.342699 0.562499 0.342699 -0.562499 
1 1 0 20.7994 0.110584 6.13458 -1.27929 -3.55195 -1.27929 -3.55195 0.342315 0.562649 0.342315 -0.562649 
1 1 0 20.8044 0.110584 6.13089 -1.27936 -3.55236 -1.27936 -3.55236 0.341931 0.562798 0.341931 -0.562798 
1 1 0 20.8094 0.110584 6.12722 -1.27943 -3.55276 -1.27943 -3.55276 0.341547 0.562946 0.341547 -0.562946 
1 1 0 20.8144 0.110584 6.12355 -1.27949 -3.55317 -1.27949 -3.55317 0.341164 0.563094 0.341164 -0.563094 
1 1 0 20.8194 0.110584 6.1199 -1.27956 -3.55357 -1.27956 -3.55357 0.340782 0.563241 0.340782 -0.563241 
1 1 0 20.8244 0.110584 6.11626 -1.27963 -3.55398 -1.27963 -3.55398 0.340401 0.563388 0.340401 -0.563388 
1 1 0 20.8293 0.110584 6.11263 -1.27969 -3.55438 -1.27969 -3.55438 0.34002 0.563533 0.34002 -0.563533 
1 1 0 20.8343 0.110584 6.10901 -1.27976 -3.55478 -1.27976 -3.55478 0.33964 0.563679 0.33964 -0.563679 
1 1 0 20.8393 0.110584 6.10541 -1.27983 -3.55519 -1.27983 -3.55519 0.33926 0.563823 0.33926 -0.563823 
1 1 0 20.8443 0.110584 6.10182 -1.27989 -3.55559 -1.27989 -3.55559 0.338881 0.563967 0.338881 -0.563967 
1 1 0 20.8493 0.110584 6.09823 -1.27996 -3.55599 -1.27996 -3.55599 0.338503 0.56411 0.338503 -0.56411 
1 1 0 20.8543 0.110584 6.09466 -1.28003 -3.5564 -1.28003 -3.5564 0.338125 0.564252 0.338125 -0.564252 
1 1 0 20.8592 0.110584 6.0911 -1.28009 -3.5568 -1.28009 -3.5568 0.337748 0.564394 0.337748 -0.564394 
1 1 0 20.8642 0.110584 6.08756 -1.28016 -3.5572 -1.28016 -3.5572 0.337372 0.564535 0.337372 -0.564535 
1 1 0 20.8692 0.110584 6.08402 -1.28023 -3.5576 -1.28023 -3.5576 0.336996 0.564675 0.336996 -0.564675 
1 1 0 20.8742 0.110584 6.0805 -1.28029 -3.558 -1.28029 -3.558 0.336621 0.564815 0.336621 -0.564815 
1 1 0 20.8792 0.110584 6.07698 -1.28036 -3.5584 -1.28036 -3.5584 0.336247 0.564954 0.336247 -0.564954 
1 1 0 20.8842 0.110584 6.07348 -1.28042 -3.55881 -1.28042 -3.55881 0.335873 0.565093 0.335873 -0.565093 
1 1 0 20.8891 0.110584 6.06999 -1.28049 -3.55921 -1.28049 -3.55921 0.3355 0.56523 0.3355 -0.56523 
1 1 0 20.8941 0.110584 6.06651 -1.28056 -3.55961 -1.28056 -3.55961 0.335128 0.565368 0.335128 -0.565368 
1 1 0 20.8991 0.110584 6.06304 -1.28062 -3.56001 -1.28062 -3.56001 0.334756 0.565504 0.334756 -0.565504 
1 1 0 20.9041 0.110584 6.05958 -1.28069 -3.56041 -1.28069 -3.56041 0.334385 0.56564 0.334385 -0.56564 
1 1 0 20.9091 0.110584 6.05614 -1.28076 -3.56081 -1.28076 -3.56081 0.334014 0.565775 0.334014 -0.565775 
1 1 0 20.9141 0.110584 6.0527 -1.28082 -3.56121 -1.28082 -3.56121 0.333644 0.56591 0.333644 -0.56591 
1 1 0 20.919 0.110584 6.04927 -1.28089 -3.56161 -1.28089 -3.56161 0.333275 0.566044 0.333275 -0.566044 
1 1 0 20.924 0.110584 6.04586 -1.28096 -3.56201 -1.28096 -3.56201 0.332907 0.566177 0.332907 -0.566177 
1 1 0 20.929 0.110584 6.04246 -1.28102 -3.5624 -1.28102 -3.5624 0.332539 0.56631 0.332539 -0.56631 
1 1 0 20.934 0.110584 6.03907 -1.28109 -3.5628 -1.28109 -3.5628 0.332171 0.566442 0.332171 -0.566442 
1 1 0 20.939 0.110584 6.03568 -1.28116 -3.5632 -1.28116 -3.5632 0.331805 0.566573 0.331805 -0.566573 
1 1 0 20.944 0.110584 6.03231 -1.28122 -3.5636 -1.28122 -3.5636 0.331439 0.566704 0.331439 -0.566704 
1 1 0 20.9489 0.110584 6.02895 -1.28129 -3.564 -1.28129 -3.564 0.331074 0.566834 0.331074 -0.566834 
1 1 0 20.9539 0.110584 6.0256 -1.28136 -3.5644 -1.28136 -3.5644 0.330709 0.566963 0.330709 -0.566963 
1 1 0 20.9589 0.110584 6.02226 -1.28142 -3.56479 -1.28142 -3.56479 0.330345 0.567092 0.330345 -0.567092 
1 1 0 20.9639 0.110584 6.01894 -1.28149 -3.56519 -1.28149 -3.56519 0.329981 0.56722 0.329981 -0.56722 
1 1 0 20.9689 0.110584 6.01562 -1.28155 -3.56559 -1.28155 -3.56559 0.329619 0.567348 0.329619 -0.567348 
1 1 0 20.9739 0.110584 6.01231 -1.28162 -3.56598 -1.28162 -3.56598 0.329256 0.567475 0.329256 -0.567475 
1 1 0 20.9788 0.110584 6.00901 -1.28169 -3.56638 -1.28169 -3.56638 0.328895 0.567601 0.328895 -0.567601 
1 1 0 20.9838 0.110584 6.00573 -1.28175 -3.56678 -1.28175 -3.56678 0.328534 0.567727 0.328534 -0.567727 
1 1 0 20.9888 0.110584 6.00245 -1.28182 -3.56717 -1.28182 -3.56717 0.328174 0.567852 0.328174 -0.567852 
1 1 0 20.9938 0.110584 5.99919 -1.28189 -3.56757 -1.28189 -3.56757 0.327814 0.567977 0.327814 -0.567977 
1 1 0 20.9988 0.110584 5.99593 -1.28195 -3.56796 -1.28195 -3.56796 0.327455 0.568101 0.327455 -0.568101 
1 1 0 21.0038 0.110584 5.99269 -1.28202 -3.56836 -1.28202 -3.56836 0.327097 0.568224 0.327097 -0.568224 
1 1 0 21.0087 0.110584 5.98945 -1.28209 -3.56875 -1.28209 -3.56875 0.326739 0.568347 0.326739 -0.568347 
1 1 0 21.0137 0.110584 5.98623 -1.28215 -3.56915 -1.28215 -3.56915 0.326382 0.568469 0.326382 -0.568469 
1 1 0 21.0187 0.110584 5.98301 -1.28222 -3.56954 -1.28222 -3.56954 0.326026 0.568591 0.326026 -0.568591 
1 1 0 21.0237 0.110584 5.97981 -1.28229 -3.56993 -1.28229 -3.56993 0.32567 0.568712 0.32567 -0.568712 
1 1 0 21.0287 0.110584 5.97661 -1.28235 -3.57033 -1.28235 -3.57033 0.325315 0.568832 0.325315 -0.568832 
1 1 0 21.0337 0.110584 5.97343 -1.28242 -3.57072 -1.28242 -3.57072 0.32496 0.568952 0.32496 -0.568952 
1 1 0 21.0386 0.110584 5.97026 -1.28248 -3.57112 -1.28248 -3.57112 0.324607 0.569071 0.324607 -0.569071 
1 1 0 21.0436 0.110584 5.96709 -1.28255 -3.57151 -1.28255 -3.57151 0.324253 0.569189 0.324253 -0.569189 
1 1 0 21.0486 0.110584 5.96394 -1.28262 -3.5719 -1.28262 -3.5719 0.323901 0.569307 0.323901 -0.569307 
1 1 0 21.0536 0.110584 5.96079 -1.28268 -3.57229 -1.28268 -3.57229 0.323549 0.569425 0.323549 -0.569425 
1 1 0 21.0586 0.110584 5.95766 -1.28275 -3.57269 -1.28275 -3.57269 0.323197 0.569542 0.323197 -0.569542 
1 1 0 21.0636 0.110584 5.95453 -1.28282 -3.57308 -1.28282 -3.57308 0.322847 0.569658 0.322847 -0.569658 
1 1 0 21.0686 0.110584 5.95142 -1.28288 -3.57347 -1.28288 -3.57347 0.322497 0.569773 0.322497 -0.569773 
1 1 0 21.0735 0.110584 5.94831 -1.28295 -3.57386 -1.28295 -3.57386 0.322147 0.569888 0.322147 -0.569888 
1 1 0 21.0785 0.110584 5.94522 -1.28302 -3.57425 -1.28302 -3.57425 0.321798 0.570003 0.321798 -0.570003 
1 1 0 21.0835 0.110584 5.94213 -1.28308 -3.57464 -1.28308 -3.57464 0.32145 0.570117 0.32145 -0.570117 
1 1 0 21.0885 0.110584 5.93906 -1.28315 -3.57503 -1.28315 -3.57503 0.321103 0.57023 0.321103 -0.57023 
1 1 0 21.0935 0.110584 5.93599 -1.28321 -3.57543 -1.28321 -3.57543 0.320756 0.570343 0.320756 -0.570343 
1 1 0 21.0985 0.110584 5.93293 -1.28328 -3.57582 -1.28328 -3.57582 0.320409 0.570455 0.320409 -0.570455 
1 1 0 21.1034 0.110584 5.92989 -1.28335 -3.57621 -1.28335 -3.57621 0.320064 0.570567 0.320064 -0.570567 
1 1 0 21.1084 0.110584 5.92685 -1.28341 -3.5766 -1.28341 -3.5766 0.319719 0.570678 0.319719 -0.570678 
1 1 0 21.1134 0.110584 5.92382 -1.28348 -3.57699 -1.28348 -3.57699 0.319374 0.570788 0.319374 -0.570788 
1 1 0 21.1184 0.110584 5.9208 -1.28355 -3.57737 -1.28355 -3.57737 0.31903 0.570898 0.31903 -0.570898 
1 1 0 21.1234 0.110584 5.91779 -1.28361 -3.57776 -1.28361 -3.57776 0.318687 0.571007 0.318687 -0.571007 
1 1 0 21.1284 0.110584 5.91479 -1.28368 -3.57815 -1.28368 -3.57815 0.318345 0.571116 0.318345 -0.571116 
1 1 0 21.1333 0.110584 5.9118 -1.28375 -3.57854 -1.28375 -3.57854 0.318003 0.571224 0.318003 -0.571224 
1 1 0 21.1383 0.110584 5.90882 -1.28381 -3.57893 -1.28381 -3.57893 0.317661 0.571332 0.317661 -0.571332 
1 1 0 21.1433 0.110584 5.90585 -1.28388 -3.57932 -1.28388 -3.57932 0.317321 0.571439 0.317321 -0.571439 
1 1 0 21.1483 0.110584 5.90288 -1.28394 -3.57971 -1.28394 -3.57971 0.316981 0.571545 0.316981 -0.571545 
1 1 0 21.1533 0.110584 5.89993 -1.28401 -3.58009 -1.28401 -3.58009 0.316641 0.571651 0.316641 -0.571651 
1 1 0 21.1583 0.110584 5.89699 -1.28408 -3.58048 -1.28408 -3.58048 0.316302 0.571757 0.316302 -0.571757 
1 1 0 21.1633 0.110584 5.89405 -1.28414 -3.58087 -1.28414 -3.58087 0.315964 0.571862 0.315964 -0.571862 
1 1 0 21.1682 0.110584 5.89112 -1.28421 -3.58125 -1.28421 -3.58125 0.315627 0.571966 0.315627 -0.571966 
1 1 0 21.1732 0.110584 5.88821 -1.28428 -3.58164 -1.28428 -3.58164 0.31529 0.57207 0.31529 -0.57207 
1 1 0 21.1782 0.110584 5.8853 -1.28434 -3.58203 -1.28434 -3.58203 0.314953 0.572173 0.314953 -0.572173 
1 1 0 21.1832 0.110584 5.8824 -1.28441 -3.58241 -1.28441 -3.58241 0.314618 0.572276 0.314618 -0.572276 
1 1 0 21.1882 0.110584 5.87951 -1.28448 -3.5828 -1.28448 -3.5828 0.314283 0.572378 0.314283 -0.572378 
1 1 0 21.1932 0.110584 5.87663 -1.28454 -3.58319 -1.28454 -3.58319 0.313948 0.572479 0.313948 -0.572479 
1 1 0 21.1981 0.110584 5.87376 -1.28461 -3.58357 -1.28461 -3.58357 0.313614 0.57258 0.313614 -0.57258 
1 1 0 21.2031 0.110584 5.87089 -1.28467 -3.58396 -1.28467 -3.58396 0.313281 0.572681 0.313281 -0.572681 
1 1 0 21.2081 0.110584 5.86804 -1.28474 -3.58434 -1.28474 -3.58434 0.312948 0.572781 0.312948 -0.572781 
1 1 0 21.2131 0.110584 5.86519 -1.28481 -3.58473 -1.28481 -3.58473 0.312616 0.57288 0.312616 -0.57288 
1 1 0 21.2181 0.110584 5.86236 -1.28487 -3.58511 -1.28487 -3.58511 0.312285 0.572979 0.312285 -0.572979 
1 1 0 21.2231 0.110584 5.85953 -1.28494 -3.58549 -1.28494 -3.58549 0.311954 0.573078 0.311954 -0.573078 
1 1 0 21.2281 0.110584 5.85671 -1.28501 -3.58588 -1.28501 -3.58588 0.311624 0.573175 0.311624 -0.573175 
1 1 0 21.233 0.110584 5.8539 -1.28507 -3.58626 -1.28507 -3.58626 0.311295 0.573273 0.311295 -0.573273 
1 1 0 21.238 0.110584 5.8511 -1.28514 -3.58665 -1.28514 -3.58665 0.310966 0.57337 0.310966 -0.57337 
1 1 0 21.243 0.110584 5.84831 -1.2852 -3.58703 -1.2852 -3.58703 0.310637 0.573466 0.310637 -0.573466 
1 1 0 21.248 0.110584 5.84552 -1.28527 -3.58741 -1.28527 -3.58741 0.31031 0.573562 0.31031 -0.573562 
1 1 0 21.253 0.110584 5.84275 -1.28534 -3.5878 -1.28534 -3.5878 0.309983 0.573657 0.309983 -0.573657 
1 1 0 21.258 0.110584 5.83998 -1.2854 -3.58818 -1.2854 -3.58818 0.309656 0.573751 0.309656 -0.573751 
1 1 0 21.263 0.110584 5.83722 -1.28547 -3.58856 -1.28547 -3.58856 0.30933 0.573846 0.30933 -0.573846 
1 1 0 21.2679 0.110584 5.83447 -1.28554 -3.58894 -1.28554 -3.58894 0.309005 0.573939 0.309005 -0.573939 
1 1 0 21.2729 0.110584 5.83173 -1.2856 -3.58932 -1.2856 -3.58932 0.308681 0.574032 0.308681 -0.574032 
1 1 0 21.2779 0.110584 5.82899 -1.28567 -3.58971 -1.28567 -3.58971 0.308357 0.574125 0.308357 -0.574125 
1 1 0 21.2829 0.110584 5.82627 -1.28573 -3.59009 -1.28573 -3.59009 0.308033 0.574217 0.308033 -0.574217 
1 1 0 21.2879 0.110584 5.82355 -1.2858 -3.59047 -1.2858 -3.59047 0.30771 0.574309 0.30771 -0.574309 
1 1 0 21.2929 0.110584 5.82085 -1.28587 -3.59085 -1.28587 -3.59085 0.307388 0.5744 0.307388 -0.5744 
1 1 0 21.2978 0.110584 5.81815 -1.28593 -3.59123 -1.28593 -3.59123 0.307067 0.57449 0.307067 -0.57449 
1 1 0 21.3028 0.110584 5.81545 -1.286 -3.59161 -1.286 -3.59161 0.306746 0.574581 0.306746 -0.574581 
1 1 0 21.3078 0.110584 5.81277 -1.28606 -3.59199 -1.28606 -3.59199 0.306425 0.57467 0.306425 -0.57467 
1 1 0 21.3128 0.110584 5.8101 -1.28613 -3.59237 -1.28613 -3.59237 0.306106 0.574759 0.306106 -0.574759 
1 1 0 21.3178 0.110584 5.80743 -1.2862 -3.59275 -1.2862 -3.59275 0.305787 0.574848 0.305787 -0.574848 
1 1 0 21.3228 0.110584 5.80477 -1.28626 -3.59313 -1.28626 -3.59313 0.305468 0.574936 0.305468 -0.574936 
1 1 0 21.3278 0.110584 5.80212 -1.28633 -3.59351 -1.28633 -3.59351 0.30515 0.575023 0.30515 -0.575023 
1 1 0 21.3327 0.110584 5.79948 -1.2864 -3.59389 -1.2864 -3.59389 0.304833 0.575111 0.304833 -0.575111 
1 1 0 21.3377 0.110584 5.79685 -1.28646 -3.59427 -1.28646 -3.59427 0.304516 0.575197 0.304516 -0.575197 
1 1 0 21.3427 0.110584 5.79422 -1.28653 -3.59464 -1.28653 -3.59464 0.3042 0.575283 0.3042 -0.575283 
1 1 0 21.3477 0.110584 5.7916 -1.28659 -3.59502 -1.28659 -3.59502 0.303885 0.575369 0.303885 -0.575369 
1 1 0 21.3527 0.110584 5.78899 -1.28666 -3.5954 -1.28666 -3.5954 0.30357 0.575454 0.30357 -0.575454 
1 1 0 21.3577 0.110584 5.78639 -1.28673 -3.59578 -1.28673 -3.59578 0.303256 0.575538 0.303256 -0.575538 
1 1 0 21.3627 0.110584 5.7838 -1.28679 -3.59616 -1.28679 -3.59616 0.302942 0.575623 0.302942 -0.575623 
1 1 0 21.3676 0.110584 5.78121 -1.28686 -3.59653 -1.28686 -3.59653 0.302629 0.575706 0.302629 -0.575706 
1 1 0 21.3726 0.110584 5.77864 -1.28692 -3.59691 -1.28692 -3.59691 0.302316 0.575789 0.302316 -0.575789 
1 1 0 21.3776 0.110584 5.77607 -1.28699 -3.59729 -1.28699 -3.59729 0.302004 0.575872 0.302004 -0.575872 
1 1 0 21.3826 0.110584 5.77351 -1.28706 -3.59766 -1.28706 -3.59766 0.301693 0.575954 0.301693 -0.575954 
1 1 0 21.3876 0.110584 5.77095 -1.28712 -3.59804 -1.28712 -3.59804 0.301383 0.576036 0.301383 -0.576036 
1 1 0 21.3926 0.110584 5.76841 -1.28719 -3.59842 -1.28719 -3.59842 0.301073 0.576117 0.301073 -0.576117 
1 1 0 21.3976 0.110584 5.76587 -1.28725 -3.59879 -1.28725 -3.59879 0.300763 0.576198 0.300763 -0.576198 
1 1 0 21.4025 0.110584 5.76334 -1.28732 -3.59917 -1.28732 -3.59917 0.300454 0.576278 0.300454 -0.576278 
1 1 0 21.4075 0.110584 5.76082 -1.28739 -3.59954 -1.28739 -3.59954 0.300146 0.576358 0.300146 -0.576358 
1 1 0 21.4125 0.110584 5.7583 -1.28745 -3.59992 -1.28745 -3.59992 0.299838 0.576437 0.299838 -0.576437 
1 1 0 21.4175 0.110584 5.75579 -1.28752 -3.60029 -1.28752 -3.60029 0.299531 0.576516 0.299531 -0.576516 
1 1 0 21.4225 0.110584 5.7533 -1.28758 -3.60067 -1.28758 -3.60067 0.299225 0.576594 0.299225 -0.576594 
1 1 0 21.4275 0.110584 5.7508 -1.28765 -3.60104 -1.28765 -3.60104 0.298919 0.576672 0.298919 -0.576672 
1 1 0 21.4324 0.110584 5.74832 -1.28772 -3.60142 -1.28772 -3.60142 0.298614 0.57675 0.298614 -0.57675 
1 1 0 21.4374 0.110584 5.74584 -1.28778 -3.60179 -1.28778 -3.60179 0.298309 0.576826 0.298309 -0.576826 
1 1 0 21.4424 0.110584 5.74338 -1.28785 -3.60217 -1.28785 -3.60217 0.298005 0.576903 0.298005 -0.576903 
1 1 0 21.4474 0.110584 5.74091 -1.28791 -3.60254 -1.28791 -3.60254 0.297702 0.576979 0.297702 -0.576979 
1 1 0 21.4524 0.110584 5.73846 -1.28798 -3.60291 -1.28798 -3.60291 0.297399 0.577055 0.297399 -0.577055 
1 1 0 21.4574 0.110584 5.73601 -1.28805 -3.60329 -1.28805 -3.60329 0.297097 0.57713 0.297097 -0.57713 
1 1 0 21.4624 0.110584 5.73358 -1.28811 -3.60366 -1.28811 -3.60366 0.296795 0.577204 0.296795 -0.577204 
1 1 0 21.4673 0.110584 5.73115 -1.28818 -3.60403 -1.28818 -3.60403 0.296494 0.577278 0.296494 -0.577278 
1 1 0 21.4723 0.110584 5.72872 -1.28824 -3.6044 -1.28824 -3.6044 0.296194 0.577352 0.296194 -0.577352 
1 1 0 21.4773 0.110584 5.72631 -1.28831 -3.60478 -1.28831 -3.60478 0.295894 0.577425 0.295894 -0.577425 
1 1 0 21.4823 0.110584 5.7239 -1.28838 -3.60515 -1.28838 -3.60515 0.295594 0.577498 0.295594 -0.577498 
1 1 0 21.4873 0.110584 5.7215 -1.28844 -3.60552 -1.28844 -3.60552 0.295296 0.57757 0.295296 -0.57757 
1 1 0 21.4923 0.110584 5.7191 -1.28851 -3.60589 -1.28851 -3.60589 0.294998 0.577642 0.294998 -0.577642 
1 1 0 21.4973 0.110584 5.71672 -1.28857 -3.60626 -1.28857 -3.60626 0.2947 0.577714 0.2947 -0.577714 
1 1 0 21.5022 0.110584 5.71434 -1.28864 -3.60663 -1.28864 -3.60663 0.294403 0.577785 0.294403 -0.577785 
1 1 0 21.5072 0.110584 5.71197 -1.28871 -3.607 -1.28871 -3.607 0.294107 0.577855 0.294107 -0.577855 
1 1 0 21.5122 0.110584 5.7096 -1.28877 -3.60738 -1.28877 -3.60738 0.293811 0.577925 0.293811 -0.577925 
1 1 0 21.5172 0.110584 5.70724 -1.28884 -3.60775 -1.28884 -3.60775 0.293516 0.577995 0.293516 -0.577995 
1 1 0 21.5222 0.110584 5.7049 -1.2889 -3.60812 -1.2889 -3.60812 0.293222 0.578064 0.293222 -0.578064 
1 1 0 21.5272 0.110584 5.70255 -1.28897 -3.60849 -1.28897 -3.60849 0.292928 0.578133 0.292928 -0.578133 
1 1 0 21.5322 0.110584 5.70022 -1.28904 -3.60885 -1.28904 -3.60885 0.292634 0.578201 0.292634 -0.578201 
1 1 0 21.5371 0.110584 5.69789 -1.2891 -3.60922 -1.2891 -3.60922 0.292342 0.578269 0.292342 -0.578269 
1 1 0 21.5421 0.110584 5.69557 -1.28917 -3.60959 -1.28917 -3.60959 0.292049 0.578336 0.292049 -0.578336 
1 1 0 21.5471 0.110584 5.69325 -1.28923 -3.60996 -1.28923 -3.60996 0.291758 0.578403 0.291758 -0.578403 
1 1 0 21.5521 0.110584 5.69095 -1.2893 -3.61033 -1.2893 -3.61033 0.291467 0.57847 0.291467 -0.57847 
1 1 0 21.5571 0.110584 5.68865 -1.28937 -3.6107 -1.28937 -3.6107 0.291177 0.578536 0.291177 -0.578536 
1 1 0 21.5621 0.110584 5.68636 -1.28943 -3.61107 -1.28943 -3.61107 0.290887 0.578602 0.290887 -0.578602 
1 1 0 21.5671 0.110584 5.68407 -1.2895 -3.61144 -1.2895 -3.61144 0.290598 0.578667 0.290598 -0.578667 
1 1 0 21.5721 0.110584 5.68179 -1.28956 -3.6118 -1.28956 -3.6118 0.290309 0.578732 0.290309 -0.578732 
1 1 0 21.577 0.110584 5.67952 -1.28963 -3.61217 -1.28963 -3.61217 0.290021 0.578796 0.290021 -0.578796 
1 1 0 21.582 0.110584 5.67726 -1.28969 -3.61254 -1.28969 -3.61254 0.289733 0.57886 0.289733 -0.57886 
1 1 0 21.587 0.110584 5.675 -1.28976 -3.61291 -1.28976 -3.61291 0.289446 0.578923 0.289446 -0.578923 
1 1 0 21.592 0.110584 5.67275 -1.28983 -3.61327 -1.28983 -3.61327 0.28916 0.578986 0.28916 -0.578986 
1 1 0 21.597 0.110584 5.6705 -1.28989 -3.61364 -1.28989 -3.61364 0.288874 0.579049 0.288874 -0.579049 
1 1 0 21.602 0.110584 5.66827 -1.28996 -3.61401 -1.28996 -3.61401 0.288589 0.579111 0.288589 -0.579111 
1 1 0 21.607 0.110584 5.66604 -1.29002 -3.61437 -1.29002 -3.61437 0.288305 0.579173 0.288305 -0.579173 
1 1 0 21.6119 0.110584 5.66381 -1.29009 -3.61474 -1.29009 -3.61474 0.288021 0.579234 0.288021 -0.579234 
1 1 0 21.6169 0.110584 5.6616 -1.29015 -3.6151 -1.29015 -3.6151 0.287738 0.579295 0.287738 -0.579295 
1 1 0 21.6219 0.110584 5.65939 -1.29022 -3.61547 -1.29022 -3.61547 0.287455 0.579356 0.287455 -0.579356 
1 1 0 21.6269 0.110584 5.65719 -1.29029 -3.61583 -1.29029 -3.61583 0.287173 0.579416 0.287173 -0.579416 
1 1 0 21.6319 0.110584 5.65499 -1.29035 -3.6162 -1.29035 -3.6162 0.286891 0.579475 0.286891 -0.579475 
1 1 0 21.6369 0.110584 5.6528 -1.29042 -3.61656 -1.29042 -3.61656 0.28661 0.579535 0.28661 -0.579535 
1 1 0 21.6419 0.110584 5.65062 -1.29048 -3.61693 -1.29048 -3.61693 0.286329 0.579594 0.286329 -0.579594 
1 1 0 21.6468 0.110584 5.64845 -1.29055 -3.61729 -1.29055 -3.61729 0.28605 0.579652 0.28605 -0.579652 
1 1 0 21.6518 0.110584 5.64628 -1.29061 -3.61766 -1.29061 -3.61766 0.28577 0.57971 0.28577 -0.57971 
1 1 0 21.6568 0.110584 5.64412 -1.29068 -3.61802 -1.29068 -3.61802 0.285492 0.579768 0.285492 -0.579768 
1 1 0 21.6618 0.110584 5.64196 -1.29075 -3.61839 -1.29075 -3.61839 0.285213 0.579825 0.285213 -0.579825 
1 1 0 21.6668 0.110584 5.63981 -1.29081 -3.61875 -1.29081 -3.61875 0.284936 0.579882 0.284936 -0.579882 
1 1 0 21.6718 0.110584 5.63767 -1.29088 -3.61911 -1.29088 -3.61911 0.284659 0.579938 0.284659 -0.579938 
1 1 0 21.6768 0.110584 5.63553 -1.29094 -3.61947 -1.29094 -3.61947 0.284383 0.579994 0.284383 -0.579994 
1 1 0 21.6817 0.110584 5.63341 -1.29101 -3.61984 -1.29101 -3.61984 0.284107 0.580049 0.284107 -0.580049 
1 1 0 21.6867 0.110584 5.63128 -1.29107 -3.6202 -1.29107 -3.6202 0.283832 0.580105 0.283832 -0.580105 
1 1 0 21.6917 0.110584 5.62917 -1.29114 -3.62056 -1.29114 -3.62056 0.283557 0.580159 0.283557 -0.580159 
1 1 0 21.6967 0.110584 5.62706 -1.29121 -3.62092 -1.29121 -3.62092 0.283283 0.580214 0.283283 -0.580214 
1 1 0 21.7017 0.110584 5.62496 -1.29127 -3.62129 -1.29127 -3.62129 0.283009 0.580267 0.283009 -0.580267 
1 1 0 21.7067 0.110584 5.62286 -1.29134 -3.62165 -1.29134 -3.62165 0.282736 0.580321 0.282736 -0.580321 
1 1 0 21.7117 0.110584 5.62077 -1.2914 -3.62201 -1.2914 -3.62201 0.282464 0.580374 0.282464 -0.580374 
1 1 0 21.7167 0.110584 5.61869 -1.29147 -3.62237 -1.29147 -3.62237 0.282192 0.580427 0.282192 -0.580427 
1 1 0 21.7216 0.110584 5.61661 -1.29153 -3.62273 -1.29153 -3.62273 0.281921 0.580479 0.281921 -0.580479 
1 1 0 21.7266 0.110584 5.61454 -1.2916 -3.62309 -1.2916 -3.62309 0.28165 0.580531 0.28165 -0.580531 
1 1 0 21.7316 0.110584 5.61248 -1.29166 -3.62345 -1.29166 -3.62345 0.28138 0.580583 0.28138 -0.580583 
1 1 0 21.7366 0.110584 5.61042 -1.29173 -3.62381 -1.29173 -3.62381 0.281111 0.580634 0.281111 -0.580634 
1 1 0 21.7416 0.110584 5.60837 -1.2918 -3.62417 -1.2918 -3.62417 0.280842 0.580684 0.280842 -0.580684 
1 1 0 21.7466 0.110584 5.60633 -1.29186 -3.62453 -1.29186 -3.62453 0.280574 0.580735 0.280574 -0.580735 
1 1 0 21.7516 0.110584 5.60429 -1.29193 -3.62489 -1.29193 -3.62489 0.280306 0.580785 0.280306 -0.580785 
1 1 0 21.7565 0.110584 5.60226 -1.29199 -3.62525 -1.29199 -3.62525 0.280039 0.580834 0.280039 -0.580834 
1 1 0 21.7615 0.110584 5.60023 -1.29206 -3.62561 -1.29206 -3.62561 0.279772 0.580884 0.279772 -0.580884 
1 1 0 21.7665 0.110584 5.59821 -1.29212 -3.62597 -1.29212 -3.62597 0.279506 0.580932 0.279506 -0.580932 
1 1 0 21.7715 0.110584 5.5962 -1.29219 -3.62633 -1.29219 -3.62633 0.279241 0.580981 0.279241 -0.580981 
1 1 0 21.7765 0.110584 5.59419 -1.29225 -3.62669 -1.29225 -3.62669 0.278976 0.581029 0.278976 -0.581029 
1 1 0 21.7815 0.110584 5.59219 -1.29232 -3.62705 -1.29232 -3.62705 0.278711 0.581076 0.278711 -0.581076 
1 1 0 21.7865 0.110584 5.5902 -1.29238 -3.6274 -1.29238 -3.6274 0.278448 0.581124 0.278448 -0.581124 
1 1 0 21.7915 0.110584 5.58821 -1.29245 -3.62776 -1.29245 -3.62776 0.278184 0.58117 0.278184 -0.58117 
1 1 0 21.7964 0.110584 5.58623 -1.29252 -3.62812 -1.29252 -3.62812 0.277922 0.581217 0.277922 -0.581217 
1 1 0 21.8014 0.110584 5.58426 -1.29258 -3.62848 -1.29258 -3.62848 0.27766 0.581263 0.27766 -0.581263 
1 1 0 21.8064 0.110584 5.58229 -1.29265 -3.62883 -1.29265 -3.62883 0.277398 0.581309 0.277398 -0.581309 
1 1 0 21.8114 0.110584 5.58032 -1.29271 -3.62919 -1.29271 -3.62919 0.277137 0.581354 0.277137 -0.581354 
1 1 0 21.8164 0.110584 5.57837 -1.29278 -3.62955 -1.29278 -3.62955 0.276877 0.581399 0.276877 -0.581399 
1 1 0 21.8214 0.110584 5.57642 -1.29284 -3.6299 -1.29284 -3.6299 0.276617 0.581443 0.276617 -0.581443 
1 1 0 21.8264 0.110584 5.57447 -1.29291 -3.63026 -1.29291 -3.63026 0.276358 0.581488 0.276358 -0.581488 
1 1 0 21.8313 0.110584 5.57253 -1.29297 -3.63062 -1.29297 -3.63062 0.276099 0.581532 0.276099 -0.581532 
1 1 0 21.8363 0.110584 5.5706 -1.29304 -3.63097 -1.29304 -3.63097 0.275841 0.581575 0.275841 -0.581575 
1 1 0 21.8413 0.110584 5.56867 -1.2931 -3.63133 -1.2931 -3.63133 0.275584 0.581618 0.275584 -0.581618 
1 1 0 21.8463 0.110584 5.56675 -1.29317 -3.63168 -1.29317 -3.63168 0.275327 0.581661 0.275327 -0.581661 
1 1 0 21.8513 0.110584 5.56484 -1.29323 -3.63204 -1.29323 -3.63204 0.27507 0.581703 0.27507 -0.581703 
1 1 0 21.8563 0.110584 5.56293 -1.2933 -3.63239 -1.2933 -3.63239 0.274815 0.581745 0.274815 -0.581745 
1 1 0 21.8613 0.110584 5.56103 -1.29336 -3.63275 -1.29336 -3.63275 0.274559 0.581787 0.274559 -0.581787 
1 1 0 21.8663 0.110584 5.55913 -1.29343 -3.6331 -1.29343 -3.6331 0.274305 0.581828 0.274305 -0.581828 
1 1 0 21.8712 0.110584 5.55724 -1.2935 -3.63346 -1.2935 -3.63346 0.274051 0.581869 0.274051 -0.581869 
1 1 0 21.8762 0.110584 5.55536 -1.29356 -3.63381 -1.29356 -3.63381 0.273797 0.581909 0.273797 -0.581909 
1 1 0 21.8812 0.110584 5.55348 -1.29363 -3.63416 -1.29363 -3.63416 0.273544 0.581949 0.273544 -0.581949 
1 1 0 21.8862 0.110584 5.55161 -1.29369 -3.63452 -1.29369 -3.63452 0.273292 0.581989 0.273292 -0.581989 
1 1 0 21.8912 0.110584 5.54974 -1.29376 -3.63487 -1.29376 -3.63487 0.27304 0.582028 0.27304 -0.582028 
1 1 0 21.8962 0.110584 5.54788 -1.29382 -3.63522 -1.29382 -3.63522 0.272788 0.582068 0.272788 -0.582068 
1 1 0 21.9012 0.110584 5.54602 -1.29389 -3.63558 -1.29389 -3.63558 0.272538 0.582106 0.272538 -0.582106 
1 1 0 21.9062 0.110584 5.54417 -1.29395 -3.63593 -1.29395 -3.63593 0.272287 0.582145 0.272287 -0.582145 
1 1 0 21.9111 0.110584 5.54233 -1.29402 -3.63628 -1.29402 -3.63628 0.272038 0.582182 0.272038 -0.582182 
1 1 0 21.9161 0.110584 5.54049 -1.29408 -3.63663 -1.29408 -3.63663 0.271789 0.58222 0.271789 -0.58222 
1 1 0 21.9211 0.110584 5.53866 -1.29415 -3.63699 -1.29415 -3.63699 0.27154 0.582257 0.27154 -0.582257 
1 1 0 21.9261 0.110584 5.53684 -1.29421 -3.63734 -1.29421 -3.63734 0.271292 0.582294 0.271292 -0.582294 
1 1 0 21.9311 0.110584 5.53502 -1.29428 -3.63769 -1.29428 -3.63769 0.271045 0.582331 0.271045 -0.582331 
1 1 0 21.9361 0.110584 5.5332 -1.29434 -3.63804 -1.29434 -3.63804 0.270798 0.582367 0.270798 -0.582367 
1 1 0 21.9411 0.110584 5.53139 -1.29441 -3.63839 -1.29441 -3.63839 0.270552 0.582403 0.270552 -0.582403 
1 1 0 21.9461 0.110584 5.52959 -1.29447 -3.63874 -1.29447 -3.63874 0.270306 0.582438 0.270306 -0.582438 
1 1 0 21.951 0.110584 5.52779 -1.29454 -3.63909 -1.29454 -3.63909 0.270061 0.582473 0.270061 -0.582473 
1 1 0 21.956 0.110584 5.526 -1.2946 -3.63944 -1.2946 -3.63944 0.269816 0.582508 0.269816 -0.582508 
1 1 0 21.961 0.110584 5.52422 -1.29467 -3.63979 -1.29467 -3.63979 0.269572 0.582542 0.269572 -0.582542 
1 1 0 21.966 0.110584 5.52244 -1.29473 -3.64014 -1.29473 -3.64014 0.269329 0.582577 0.269329 -0.582577 
1 1 0 21.971 0.110584 5.52066 -1.2948 -3.64049 -1.2948 -3.64049 0.269086 0.58261 0.269086 -0.58261 
1 1 0 21.976 0.110584 5.51889 -1.29486 -3.64084 -1.29486 -3.64084 0.268843 0.582644 0.268843 -0.582644 
1 1 0 21.981 0.110584 5.51713 -1.29493 -3.64119 -1.29493 -3.64119 0.268602 0.582677 0.268602 -0.582677 
1 1 0 21.9859 0.110584 5.51537 -1.29499 -3.64154 -1.29499 -3.64154 0.26836 0.582709 0.26836 -0.582709 
1 1 0 21.9909 0.110584 5.51362 -1.29506 -3.64189 -1.29506 -3.64189 0.26812 0.582742 0.26812 -0.582742 
1 1 0 21.9959 0.110584 5.51188 -1.29512 -3.64224 -1.29512 -3.64224 0.267879 0.582774 0.267879 -0.582774 
1 1 0 22.0009 0.110584 5.51014 -1.29519 -3.64259 -1.29519 -3.64259 0.26764 0.582805 0.26764 -0.582805 
1 1 0 22.0059 0.110584 5.5084 -1.29525 -3.64294 -1.29525 -3.64294 0.267401 0.582837 0.267401 -0.582837 
1 1 0 22.0109 0.110584 5.50667 -1.29532 -3.64328 -1.29532 -3.64328 0.267162 0.582868 0.267162 -0.582868 
1 1 0 22.0159 0.110584 5.50495 -1.29538 -3.64363 -1.29538 -3.64363 0.266924 0.582898 0.266924 -0.582898 
1 1 0 22.0209 0.110584 5.50323 -1.29545 -3.64398 -1.29545 -3.64398 0.266687 0.582928 0.266687 -0.582928 
1 1 0 22.0258 0.110584 5.50152 -1.29551 -3.64433 -1.29551 -3.64433 0.26645 0.582958 0.26645 -0.582958 
1 1 0 22.0308 0.110584 5.49981 -1.29558 -3.64467 -1.29558 -3.64467 0.266214 0.582988 0.266214 -0.582988 
1 1 0 22.0358 0.110584 5.49811 -1.29564 -3.64502 -1.29564 -3.64502 0.265978 0.583017 0.265978 -0.583017 
1 1 0 22.0408 0.110584 5.49641 -1.29571 -3.64537 -1.29571 -3.64537 0.265743 0.583046 0.265743 -0.583046 
1 1 0 22.0458 0.110584 5.49472 -1.29577 -3.64571 -1.29577 -3.64571 0.265508 0.583075 0.265508 -0.583075 
1 1 0 22.0508 0.110584 5.49303 -1.29584 -3.64606 -1.29584 -3.64606 0.265274 0.583103 0.265274 -0.583103 
1 1 0 22.0558 0.110584 5.49135 -1.2959 -3.64641 -1.2959 -3.64641 0.265041 0.583131 0.265041 -0.583131 
1 1 0 22.0608 0.110584 5.48968 -1.29597 -3.64675 -1.29597 -3.64675 0.264808 0.583159 0.264808 -0.583159 
1 1 0 22.0657 0.110584 5.48801 -1.29603 -3.6471 -1.29603 -3.6471 0.264575 0.583186 0.264575 -0.583186 
1 1 0 22.0707 0.110584 5.48635 -1.2961 -3.64744 -1.2961 -3.64744 0.264343 0.583213 0.264343 -0.583213 
1 1 0 22.0757 0.110584 5.48469 -1.29616 -3.64779 -1.29616 -3.64779 0.264112 0.58324 0.264112 -0.58324 
1 1 0 22.0807 0.110584 5.48304 -1.29623 -3.64813 -1.29623 -3.64813 0.263881 0.583266 0.263881 -0.583266 
1 1 0 22.0857 0.110584 5.48139 -1.29629 -3.64848 -1.29629 -3.64848 0.263651 0.583292 0.263651 -0.583292 
1 1 0 22.0907 0.110584 5.47975 -1.29636 -3.64882 -1.29636 -3.64882 0.263421 0.583317 0.263421 -0.583317 
1 1 0 22.0957 0.110584 5.47811 -1.29642 -3.64917 -1.29642 -3.64917 0.263192 0.583343 0.263192 -0.583343 
1 1 0 22.1007 0.110584 5.47648 -1.29649 -3.64951 -1.29649 -3.64951 0.262963 0.583368 0.262963 -0.583368 
1 1 0 22.1057 0.110584 5.47485 -1.29655 -3.64986 -1.29655 -3.64986 0.262735 0.583392 0.262735 -0.583392 
1 1 0 22.1106 0.110584 5.47323 -1.29662 -3.6502 -1.29662 -3.6502 0.262508 0.583417 0.262508 -0.583417 
1 1 0 22.1156 0.110584 5.47161 -1.29668 -3.65054 -1.29668 -3.65054 0.262281 0.583441 0.262281 -0.583441 
1 1 0 22.1206 0.110584 5.47 -1.29675 -3.65089 -1.29675 -3.65089 0.262054 0.583464 0.262054 -0.583464 
1 1 0 22.1256 0.110584 5.4684 -1.29681 -3.65123 -1.29681 -3.65123 0.261828 0.583488 0.261828 -0.583488 
1 1 0 22.1306 0.110584 5.4668 -1.29688 -3.65157 -1.29688 -3.65157 0.261603 0.583511 0.261603 -0.583511 
1 1 0 22.1356 0.110584 5.4652 -1.29694 -3.65191 -1.29694 -3.65191 0.261378 0.583534 0.261378 -0.583534 
1 1 0 22.1406 0.110584 5.46361 -1.297 -3.65226 -1.297 -3.65226 0.261154 0.583556 0.261154 -0.583556 
1 1 0 22.1456 0.110584 5.46203 -1.29707 -3.6526 -1.29707 -3.6526 0.26093 0.583578 0.26093 -0.583578 
1 1 0 22.1505 0.110584 5.46045 -1.29713 -3.65294 -1.29713 -3.65294 0.260707 0.5836 0.260707 -0.5836 
1 1 0 22.1555 0.110584 5.45888 -1.2972 -3.65328 -1.2972 -3.65328 0.260484 0.583621 0.260484 -0.583621 
1 1 0 22.1605 0.110584 5.45731 -1.29726 -3.65362 -1.29726 -3.65362 0.260262 0.583643 0.260262 -0.583643 
1 1 0 22.1655 0.110584 5.45574 -1.29733 -3.65396 -1.29733 -3.65396 0.260041 0.583664 0.260041 -0.583664 
1 1 0 22.1705 0.110584 5.45419 -1.29739 -3.65431 -1.29739 -3.65431 0.25982 0.583684 0.25982 -0.583684 
1 1 0 22.1755 0.110584 5.45263 -1.29746 -3.65465 -1.29746 -3.65465 0.259599 0.583704 0.259599 -0.583704 
1 1 0 22.1805 0.110584 5.45108 -1.29752 -3.65499 -1.29752 -3.65499 0.259379 0.583724 0.259379 -0.583724 
1 1 0 22.1855 0.110584 5.44954 -1.29759 -3.65533 -1.29759 -3.65533 0.25916 0.583744 0.25916 -0.583744 
1 1 0 22.1904 0.110584 5.448 -1.29765 -3.65567 -1.29765 -3.65567 0.258941 0.583763 0.258941 -0.583763 
1 1 0 22.1954 0.110584 5.44647 -1.29772 -3.65601 -1.29772 -3.65601 0.258723 0.583782 0.258723 -0.583782 
1 1 0 22.2004 0.110584 5.44494 -1.29778 -3.65635 -1.29778 -3.65635 0.258505 0.583801 0.258505 -0.583801 
1 1 0 22.2054 0.110584 5.44342 -1.29784 -3.65669 -1.29784 -3.65669 0.258288 0.583819 0.258288 -0.583819 
1 1 0 22.2104 0.110584 5.4419 -1.29791 -3.65703 -1.29791 -3.65703 0.258071 0.583837 0.258071 -0.583837 
1 1 0 22.2154 0.110584 5.44039 -1.29797 -3.65736 -1.29797 -3.65736 0.257855 0.583855 0.257855 -0.583855 
1 1 0 22.2204 0.110584 5.43888 -1.29804 -3.6577 -1.29804 -3.6577 0.257639 0.583872 0.257639 -0.583872 
1 1 0 22.2254 0.110584 5.43738 -1.2981 -3.65804 -1.2981 -3.65804 0.257424 0.583889 0.257424 -0.583889 
1 1 0 22.2303 0.110584 5.43588 -1.29817 -3.65838 -1.29817 -3.65838 0.25721 0.583906 0.25721 -0.583906 
1 1 0 22.2353 0.110584 5.43439 -1.29823 -3.65872 -1.29823 -3.65872 0.256996 0.583923 0.256996 -0.583923 
1 1 0 22.2403 0.110584 5.4329 -1.2983 -3.65906 -1.2983 -3.65906 0.256782 0.583939 0.256782 -0.583939 
1 1 0 22.2453 0.110584 5.43142 -1.29836 -3.65939 -1.29836 -3.65939 0.256569 0.583955 0.256569 -0.583955 
1 1 0 22.2503 0.110584 5.42994 -1.29843 -3.65973 -1.29843 -3.65973 0.256357 0.583971 0.256357 -0.583971 
1 1 0 22.2553 0.110584 5.42847 -1.29849 -3.66007 -1.29849 -3.66007 0.256145 0.583986 0.256145 -0.583986 
1 1 0 22.2603 0.110584 5.427 -1.29855 -3.66041 -1.29855 -3.66041 0.255933 0.584001 0.255933 -0.584001 
1 1 0 22.2653 0.110584 5.42554 -1.29862 -3.66074 -1.29862 -3.66074 0.255723 0.584016 0.255723 -0.584016 
1 1 0 22.2703 0.110584 5.42408 -1.29868 -3.66108 -1.29868 -3.66108 0.255512 0.58403 0.255512 -0.58403 
1 1 0 22.2752 0.110584 5.42263 -1.29875 -3.66142 -1.29875 -3.66142 0.255303 0.584044 0.255303 -0.584044 
1 1 0 22.2802 0.110584 5.42118 -1.29881 -3.66175 -1.29881 -3.66175 0.255093 0.584058 0.255093 -0.584058 
1 1 0 22.2852 0.110584 5.41974 -1.29888 -3.66209 -1.29888 -3.66209 0.254885 0.584072 0.254885 -0.584072 
1 1 0 22.2902 0.110584 5.4183 -1.29894 -3.66242 -1.29894 -3.66242 0.254677 0.584085 0.254677 -0.584085 
1 1 0 22.2952 0.110584 5.41687 -1.299 -3.66276 -1.299 -3.66276 0.254469 0.584098 0.254469 -0.584098 
1 1 0 22.3002 0.110584 5.41544 -1.29907 -3.6631 -1.29907 -3.6631 0.254262 0.584111 0.254262 -0.584111 
1 1 0 22.3052 0.110584 5.41401 -1.29913 -3.66343 -1.29913 -3.66343 0.254055 0.584123 0.254055 -0.584123 
1 1 0 22.3102 0.110584 5.4126 -1.2992 -3.66377 -1.2992 -3.66377 0.253849 0.584135 0.253849 -0.584135 
1 1 0 22.3151 0.110584 5.41118 -1.29926 -3.6641 -1.29926 -3.6641 0.253644 0.584147 0.253644 -0.584147 
1 1 0 22.3201 0.110584 5.40977 -1.29933 -3.66443 -1.29933 -3.66443 0.253439 0.584158 0.253439 -0.584158 
1 1 0 22.3251 0.110584 5.40837 -1.29939 -3.66477 -1.29939 -3.66477 0.253234 0.58417 0.253234 -0.58417 
1 1 0 22.3301 0.110584 5.40697 -1.29945 -3.6651 -1.29945 -3.6651 0.253031 0.58418 0.253031 -0.58418 
1 1 0 22.3351 0.110584 5.40557 -1.29952 -3.66544 -1.29952 -3.66544 0.252827 0.584191 0.252827 -0.584191 
1 1 0 22.3401 0.110584 5.40418 -1.29958 -3.66577 -1.29958 -3.66577 0.252624 0.584201 0.252624 -0.584201 
1 1 0 22.3451 0.110584 5.4028 -1.29965 -3.6661 -1.29965 -3.6661 0.252422 0.584212 0.252422 -0.584212 
1 1 0 22.3501 0.110584 5.40142 -1.29971 -3.66644 -1.29971 -3.66644 0.25222 0.584221 0.25222 -0.584221 
1 1 0 22.3551 0.110584 5.40004 -1.29978 -3.66677 -1.29978 -3.66677 0.252019 0.584231 0.252019 -0.584231 
1 1 0 22.36 0.110584 5.39867 -1.29984 -3.6671 -1.29984 -3.6671 0.251818 0.58424 0.251818 -0.58424 
1 1 0 22.365 0.110584 5.39731 -1.2999 -3.66743 -1.2999 -3.66743 0.251618 0.584249 0.251618 -0.584249 
1 1 0 22.37 0.110584 5.39594 -1.29997 -3.66777 -1.29997 -3.66777 0.251418 0.584258 0.251418 -0.584258 
1 1 0 22.375 0.110584 5.39459 -1.30003 -3.6681 -1.30003 -3.6681 0.251219 0.584266 0.251219 -0.584266 
1 1 0 22.38 0.110584 5.39324 -1.3001 -3.66843 -1.3001 -3.66843 0.251021 0.584274 0.251021 -0.584274 
1 1 0 22.385 0.110584 5.39189 -1.30016 -3.66876 -1.30016 -3.66876 0.250822 0.584282 0.250822 -0.584282 
1 1 0 22.39 0.110584 5.39055 -1.30023 -3.66909 -1.30023 -3.66909 0.250625 0.584289 0.250625 -0.584289 
1 1 0 22.395 0.110584 5.38921 -1.30029 -3.66943 -1.30029 -3.66943 0.250428 0.584297 0.250428 -0.584297 
1 1 0 22.4 0.110584 5.38788 -1.30035 -3.66976 -1.30035 -3.66976 0.250231 0.584304 0.250231 -0.584304 
1 1 0 22.4049 0.110584 5.38655 -1.30042 -3.67009 -1.30042 -3.67009 0.250035 0.58431 0.250035 -0.58431 
1 1 0 22.4099 0.110584 5.38522 -1.30048 -3.67042 -1.30048 -3.67042 0.24984 0.584317 0.24984 -0.584317 
1 1 0 22.4149 0.110584 5.3839 -1.30055 -3.67075 -1.30055 -3.67075 0.249645 0.584323 0.249645 -0.584323 
1 1 0 22.4199 0.110584 5.38259 -1.30061 -3.67108 -1.30061 -3.67108 0.24945 0.584329 0.24945 -0.584329 
1 1 0 22.4249 0.110584 5.38128 -1.30067 -3.67141 -1.30067 -3.67141 0.249257 0.584334 0.249257 -0.584334 
1 1 0 22.4299 0.110584 5.37997 -1.30074 -3.67174 -1.30074 -3.67174 0.249063 0.58434 0.249063 -0.58434 
1 1 0 22.4349 0.110584 5.37867 -1.3008 -3.67207 -1.3008 -3.67207 0.24887 0.584345 0.24887 -0.584345 
1 1 0 22.4399 0.110584 5.37738 -1.30087 -3.6724 -1.30087 -3.6724 0.248678 0.584349 0.248678 -0.584349 
1 1 0 22.4449 0.110584 5.37608 -1.30093 -3.67273 -1.30093 -3.67273 0.248486 0.584354 0.248486 -0.584354 
1 1 0 22.4498 0.110584 5.3748 -1.30099 -3.67305 -1.30099 -3.67305 0.248295 0.584358 0.248295 -0.584358 
1 1 0 22.4548 0.110584 5.37352 -1.30106 -3.67338 -1.30106 -3.67338 0.248104 0.584362 0.248104 -0.584362 
1 1 0 22.4598 0.110584 5.37224 -1.30112 -3.67371 -1.30112 -3.67371 0.247914 0.584366 0.247914 -0.584366 
1 1 0 22.4648 0.110584 5.37096 -1.30119 -3.67404 -1.30119 -3.67404 0.247724 0.584369 0.247724 -0.584369 
1 1 0 22.4698 0.110584 5.36969 -1.30125 -3.67437 -1.30125 -3.67437 0.247535 0.584372 0.247535 -0.584372 
1 1 0 22.4748 0.110584 5.36843 -1.30131 -3.6747 -1.30131 -3.6747 0.247346 0.584375 0.247346 -0.584375 
1 1 0 22.4798 0.110584 5.36717 -1.30138 -3.67502 -1.30138 -3.67502 0.247158 0.584378 0.247158 -0.584378 
1 1 0 22.4848 0.110584 5.36592 -1.30144 -3.67535 -1.30144 -3.67535 0.24697 0.58438 0.24697 -0.58438 
1 1 0 22.4898 0.110584 5.36466 -1.3015 -3.67568 -1.3015 -3.67568 0.246783 0.584382 0.246783 -0.584382 
1 1 0 22.4947 0.110584 5.36342 -1.30157 -3.676 -1.30157 -3.676 0.246597 0.584384 0.246597 -0.584384 
1 1 0 22.4997 0.110584 5.36218 -1.30163 -3.67633 -1.30163 -3.67633 0.24641 0.584385 0.24641 -0.584385 
1 1 0 22.5047 0.110584 5.36094 -1.3017 -3.67666 -1.3017 -3.67666 0.246225 0.584387 0.246225 -0.584387 
1 1 0 22.5097 0.110584 5.35971 -1.30176 -3.67698 -1.30176 -3.67698 0.24604 0.584388 0.24604 -0.584388 
1 1 0 22.5147 0.110584 5.35848 -1.30182 -3.67731 -1.30182 -3.67731 0.245855 0.584388 0.245855 -0.584388 
1 1 0 22.5197 0.110584 5.35725 -1.30189 -3.67764 -1.30189 -3.67764 0.245671 0.584389 0.245671 -0.584389 
1 1 0 22.5247 0.110584 5.35603 -1.30195 -3.67796 -1.30195 -3.67796 0.245488 0.584389 0.245488 -0.584389 
1 1 0 22.5297 0.110584 5.35482 -1.30201 -3.67829 -1.30201 -3.67829 0.245305 0.584389 0.245305 -0.584389 
1 1 0 22.5347 0.110584 5.35361 -1.30208 -3.67861 -1.30208 -3.67861 0.245122 0.584389 0.245122 -0.584389 
1 1 0 22.5396 0.110584 5.3524 -1.30214 -3.67894 -1.30214 -3.67894 0.24494 0.584388 0.24494 -0.584388 
1 1 0 22.5446 0.110584 5.3512 -1.30221 -3.67926 -1.30221 -3.67926 0.244759 0.584387 0.244759 -0.584387 
1 1 0 22.5496 0.110584 5.35 -1.30227 -3.67959 -1.30227 -3.67959 0.244578 0.584386 0.244578 -0.584386 
1 1 0 22.5546 0.110584 5.34881 -1.30233 -3.67991 -1.30233 -3.67991 0.244397 0.584385 0.244397 -0.584385 
1 1 0 22.5596 0.110584 5.34762 -1.3024 -3.68023 -1.3024 -3.68023 0.244217 0.584383 0.244217 -0.584383 
1 1 0 22.5646 0.110584 5.34644 -1.30246 -3.68056 -1.30246 -3.68056 0.244038 0.584381 0.244038 -0.584381 
1 1 0 22.5696 0.110584 5.34526 -1.30252 -3.68088 -1.30252 -3.68088 0.243859 0.584379 0.243859 -0.584379 
1 1 0 22.5746 0.110584 5.34408 -1.30259 -3.68121 -1.30259 -3.68121 0.243681 0.584377 0.243681 -0.584377 
1 1 0 22.5796 0.110584 5.34291 -1.30265 -3.68153 -1.30265 -3.68153 0.243503 0.584374 0.243503 -0.584374 
1 1 0 22.5845 0.110584 5.34174 -1.30272 -3.68185 -1.30272 -3.68185 0.243325 0.584371 0.243325 -0.584371 
1 1 0 22.5895 0.110584 5.34058 -1.30278 -3.68217 -1.30278 -3.68217 0.243148 0.584368 0.243148 -0.584368 
1 1 0 22.5945 0.110584 5.33942 -1.30284 -3.6825 -1.30284 -3.6825 0.242972 0.584365 0.242972 -0.584365 
1 1 0 22.5995 0.110584 5.33827 -1.30291 -3.68282 -1.30291 -3.68282 0.242796 0.584361 0.242796 -0.584361 
1 1 0 22.6045 0.110584 5.33712 -1.30297 -3.68314 -1.30297 -3.68314 0.242621 0.584357 0.242621 -0.584357 
1 1 0 22.6095 0.110584 5.33597 -1.30303 -3.68346 -1.30303 -3.68346 0.242446 0.584353 0.242446 -0.584353 
1 1 0 22.6145 0.110584 5.33483 -1.3031 -3.68378 -1.3031 -3.68378 0.242272 0.584349 0.242272 -0.584349 
1 1 0 22.6195 0.110584 5.3337 -1.30316 -3.68411 -1.30316 -3.68411 0.242098 0.584344 0.242098 -0.584344 
1 1 0 22.6245 0.110584 5.33256 -1.30322 -3.68443 -1.30322 -3.68443 0.241925 0.584339 0.241925 -0.584339 
1 1 0 22.6294 0.110584 5.33144 -1.30329 -3.68475 -1.30329 -3.68475 0.241752 0.584334 0.241752 -0.584334 
1 1 0 22.6344 0.110584 5.33031 -1.30335 -3.68507 -1.30335 -3.68507 0.24158 0.584329 0.24158 -0.584329 
1 1 0 22.6394 0.110584 5.32919 -1.30341 -3.68539 -1.30341 -3.68539 0.241408 0.584323 0.241408 -0.584323 
1 1 0 22.6444 0.110584 5.32808 -1.30348 -3.68571 -1.30348 -3.68571 0.241237 0.584317 0.241237 -0.584317 
1 1 0 22.6494 0.110584 5.32697 -1.30354 -3.68603 -1.30354 -3.68603 0.241066 0.584311 0.241066 -0.584311 
1 1 0 22.6544 0.110584 5.32586 -1.3036 -3.68635 -1.3036 -3.68635 0.240896 0.584305 0.240896 -0.584305 
1 1 0 22.6594 0.110584 5.32476 -1.30367 -3.68667 -1.30367 -3.68667 0.240726 0.584298 0.240726 -0.584298 
1 1 0 22.6644 0.110584 5.32366 -1.30373 -3.68699 -1.30373 -3.68699 0.240557 0.584291 0.240557 -0.584291 
1 1 0 22.6694 0.110584 5.32256 -1.30379 -3.68731 -1.30379 -3.68731 0.240388 0.584284 0.240388 -0.584284 
1 1 0 22.6743 0.110584 5.32147 -1.30386 -3.68763 -1.30386 -3.68763 0.24022 0.584277 0.24022 -0.584277 
1 1 0 22.6793 0.110584 5.32039 -1.30392 -3.68795 -1.30392 -3.68795 0.240052 0.584269 0.240052 -0.584269 
1 1 0 22.6843 0.110584 5.31931 -1.30398 -3.68827 -1.30398 -3.68827 0.239885 0.584261 0.239885 -0.584261 
1 1 0 22.6893 0.110584 5.31823 -1.30405 -3.68858 -1.30405 -3.68858 0.239718 0.584253 0.239718 -0.584253 
1 1 0 22.6943 0.110584 5.31715 -1.30411 -3.6889 -1.30411 -3.6889 0.239552 0.584245 0.239552 -0.584245 
1 1 0 22.6993 0.110584 5.31609 -1.30417 -3.68922 -1.30417 -3.68922 0.239386 0.584236 0.239386 -0.584236 
1 1 0 22.7043 0.110584 5.31502 -1.30424 -3.68954 -1.30424 -3.68954 0.239221 0.584227 0.239221 -0.584227 
1 1 0 22.7093 0.110584 5.31396 -1.3043 -3.68986 -1.3043 -3.68986 0.239056 0.584218 0.239056 -0.584218 
1 1 0 22.7143 0.110584 5.3129 -1.30436 -3.69017 -1.30436 -3.69017 0.238892 0.584209 0.238892 -0.584209 
1 1 0 22.7193 0.110584 5.31185 -1.30443 -3.69049 -1.30443 -3.69049 0.238729 0.584199 0.238729 -0.584199 
1 1 0 22.7242 0.110584 5.3108 -1.30449 -3.69081 -1.30449 -3.69081 0.238565 0.58419 0.238565 -0.58419 
1 1 0 22.7292 0.110584 5.30976 -1.30455 -3.69112 -1.30455 -3.69112 0.238403 0.58418 0.238403 -0.58418 
1 1 0 22.7342 0.110584 5.30872 -1.30462 -3.69144 -1.30462 -3.69144 0.238241 0.584169 0.238241 -0.584169 
1 1 0 22.7392 0.110584 5.30768 -1.30468 -3.69176 -1.30468 -3.69176 0.238079 0.584159 0.238079 -0.584159 
1 1 0 22.7442 0.110584 5.30665 -1.30474 -3.69207 -1.30474 -3.69207 0.237918 0.584148 0.237918 -0.584148 
1 1 0 22.7492 0.110584 5.30562 -1.30481 -3.69239 -1.30481 -3.69239 0.237757 0.584137 0.237757 -0.584137 
1 1 0 22.7542 0.110584 5.3046 -1.30487 -3.6927 -1.30487 -3.6927 0.237597 0.584126 0.237597 -0.584126 
1 1 0 22.7592 0.110584 5.30358 -1.30493 -3.69302 -1.30493 -3.69302 0.237437 0.584115 0.237437 -0.584115 
1 1 0 22.7642 0.110584 5.30256 -1.305 -3.69334 -1.305 -3.69334 0.237278 0.584103 0.237278 -0.584103 
1 1 0 22.7692 0.110584 5.30155 -1.30506 -3.69365 -1.30506 -3.69365 0.237119 0.584091 0.237119 -0.584091 
1 1 0 22.7741 0.110584 5.30054 -1.30512 -3.69397 -1.30512 -3.69397 0.236961 0.584079 0.236961 -0.584079 
1 1 0 22.7791 0.110584 5.29954 -1.30519 -3.69428 -1.30519 -3.69428 0.236804 0.584066 0.236804 -0.584066 
1 1 0 22.7841 0.110584 5.29854 -1.30525 -3.69459 -1.30525 -3.69459 0.236646 0.584054 0.236646 -0.584054 
1 1 0 22.7891 0.110584 5.29755 -1.30531 -3.69491 -1.30531 -3.69491 0.23649 0.584041 0.23649 -0.584041 
1 1 0 22.7941 0.110584 5.29655 -1.30537 -3.69522 -1.30537 -3.69522 0.236334 0.584028 0.236334 -0.584028 
1 1 0 22.7991 0.110584 5.29557 -1.30544 -3.69554 -1.30544 -3.69554 0.236178 0.584015 0.236178 -0.584015 
1 1 0 22.8041 0.110584 5.29458 -1.3055 -3.69585 -1.3055 -3.69585 0.236023 0.584001 0.236023 -0.584001 
1 1 0 22.8091 0.110584 5.2936 -1.30556 -3.69616 -1.30556 -3.69616 0.235868 0.583987 0.235868 -0.583987 
1 1 0 22.8141 0.110584 5.29263 -1.30563 -3.69648 -1.30563 -3.69648 0.235714 0.583973 0.235714 -0.583973 
1 1 0 22.819 0.110584 5.29166 -1.30569 -3.69679 -1.30569 -3.69679 0.23556 0.583959 0.23556 -0.583959 
1 1 0 22.824 0.110584 5.29069 -1.30575 -3.6971 -1.30575 -3.6971 0.235407 0.583945 0.235407 -0.583945 
1 1 0 22.829 0.110584 5.28973 -1.30582 -3.69741 -1.30582 -3.69741 0.235254 0.58393 0.235254 -0.58393 
1 1 0 22.834 0.110584 5.28877 -1.30588 -3.69773 -1.30588 -3.69773 0.235102 0.583915 0.235102 -0.583915 
1 1 0 22.839 0.110584 5.28781 -1.30594 -3.69804 -1.30594 -3.69804 0.23495 0.5839 0.23495 -0.5839 
1 1 0 22.844 0.110584 5.28686 -1.306 -3.69835 -1.306 -3.69835 0.234799 0.583885 0.234799 -0.583885 
1 1 0 22.849 0.110584 5.28591 -1.30607 -3.69866 -1.30607 -3.69866 0.234648 0.583869 0.234648 -0.583869 
1 1 0 22.854 0.110584 5.28497 -1.30613 -3.69897 -1.30613 -3.69897 0.234498 0.583853 0.234498 -0.583853 
1 1 0 22.859 0.110584 5.28403 -1.30619 -3.69928 -1.30619 -3.69928 0.234348 0.583837 0.234348 -0.583837 
1 1 0 22.864 0.110584 5.2831 -1.30626 -3.69959 -1.30626 -3.69959 0.234199 0.583821 0.234199 -0.583821 
1 1 0 22.8689 0.110584 5.28216 -1.30632 -3.69991 -1.30632 -3.69991 0.23405 0.583804 0.23405 -0.583804 
1 1 0 22.8739 0.110584 5.28124 -1.30638 -3.70022 -1.30638 -3.70022 0.233902 0.583788 0.233902 -0.583788 
1 1 0 22.8789 0.110584 5.28031 -1.30644 -3.70053 -1.30644 -3.70053 0.233754 0.583771 0.233754 -0.583771 
1 1 0 22.8839 0.110584 5.27939 -1.30651 -3.70084 -1.30651 -3.70084 0.233607 0.583754 0.233607 -0.583754 
1 1 0 22.8889 0.110584 5.27848 -1.30657 -3.70115 -1.30657 -3.70115 0.23346 0.583736 0.23346 -0.583736 
1 1 0 22.8939 0.110584 5.27757 -1.30663 -3.70146 -1.30663 -3.70146 0.233314 0.583719 0.233314 -0.583719 
1 1 0 22.8989 0.110584 5.27666 -1.3067 -3.70177 -1.3067 -3.70177 0.233168 0.583701 0.233168 -0.583701 
1 1 0 22.9039 0.110584 5.27575 -1.30676 -3.70207 -1.30676 -3.70207 0.233023 0.583683 0.233023 -0.583683 
1 1 0 22.9089 0.110584 5.27485 -1.30682 -3.70238 -1.30682 -3.70238 0.232878 0.583665 0.232878 -0.583665 
1 1 0 22.9139 0.110584 5.27396 -1.30688 -3.70269 -1.30688 -3.70269 0.232734 0.583646 0.232734 -0.583646 
1 1 0 22.9188 0.110584 5.27307 -1.30695 -3.703 -1.30695 -3.703 0.23259 0.583627 0.23259 -0.583627 
1 1 0 22.9238 0.110584 5.27218 -1.30701 -3.70331 -1.30701 -3.70331 0.232447 0.583609 0.232447 -0.583609 
1 1 0 22.9288 0.110584 5.27129 -1.30707 -3.70362 -1.30707 -3.70362 0.232304 0.583589 0.232304 -0.583589 
1 1 0 22.9338 0.110584 5.27041 -1.30713 -3.70393 -1.30713 -3.70393 0.232162 0.58357 0.232162 -0.58357 
1 1 0 22.9388 0.110584 5.26953 -1.3072 -3.70423 -1.3072 -3.70423 0.23202 0.583551 0.23202 -0.583551 
1 1 0 22.9438 0.110584 5.26866 -1.30726 -3.70454 -1.30726 -3.70454 0.231878 0.583531 0.231878 -0.583531 
1 1 0 22.9488 0.110584 5.26779 -1.30732 -3.70485 -1.30732 -3.70485 0.231737 0.583511 0.231737 -0.583511 
1 1 0 22.9538 0.110584 5.26693 -1.30738 -3.70515 -1.30738 -3.70515 0.231597 0.583491 0.231597 -0.583491 
1 1 0 22.9588 0.110584 5.26606 -1.30745 -3.70546 -1.30745 -3.70546 0.231457 0.58347 0.231457 -0.58347 
1 1 0 22.9638 0.110584 5.26521 -1.30751 -3.70577 -1.30751 -3.70577 0.231318 0.583449 0.231318 -0.583449 
1 1 0 22.9687 0.110584 5.26435 -1.30757 -3.70607 -1.30757 -3.70607 0.231179 0.583429 0.231179 -0.583429 
1 1 0 22.9737 0.110584 5.2635 -1.30763 -3.70638 -1.30763 -3.70638 0.23104 0.583408 0.23104 -0.583408 
1 1 0 22.9787 0.110584 5.26266 -1.3077 -3.70669 -1.3077 -3.70669 0.230902 0.583386 0.230902 -0.583386 
1 1 0 22.9837 0.110584 5.26181 -1.30776 -3.70699 -1.30776 -3.70699 0.230765 0.583365 0.230765 -0.583365 
1 1 0 22.9887 0.110584 5.26098 -1.30782 -3.7073 -1.30782 -3.7073 0.230628 0.583343 0.230628 -0.583343 
1 1 0 22.9937 0.110584 5.26014 -1.30788 -3.7076 -1.30788 -3.7076 0.230491 0.583321 0.230491 -0.583321 
1 1 0 22.9987 0.110584 5.25931 -1.30795 -3.70791 -1.30795 -3.70791 0.230355 0.583299 0.230355 -0.583299 
1 1 0 23.0037 0.110584 5.25848 -1.30801 -3.70821 -1.30801 -3.70821 0.23022 0.583277 0.23022 -0.583277 
1 1 0 23.0087 0.110584 5.25766 -1.30807 -3.70852 -1.30807 -3.70852 0.230085 0.583254 0.230085 -0.583254 
1 1 0 23.0137 0.110584 5.25684 -1.30813 -3.70882 -1.30813 -3.70882 0.22995 0.583231 0.22995 -0.583231 
1 1 0 23.0187 0.110584 5.25602 -1.3082 -3.70913 -1.3082 -3.70913 0.229816 0.583208 0.229816 -0.583208 
1 1 0 23.0236 0.110584 5.25521 -1.30826 -3.70943 -1.30826 -3.70943 0.229682 0.583185 0.229682 -0.583185 
1 1 0 23.0286 0.110584 5.2544 -1.30832 -3.70973 -1.30832 -3.70973 0.229549 0.583162 0.229549 -0.583162 
1 1 0 23.0336 0.110584 5.2536 -1.30838 -3.71004 -1.30838 -3.71004 0.229417 0.583138 0.229417 -0.583138 
1 1 0 23.0386 0.110584 5.2528 -1.30845 -3.71034 -1.30845 -3.71034 0.229284 0.583114 0.229284 -0.583114 
1 1 0 23.0436 0.110584 5.252 -1.30851 -3.71064 -1.30851 -3.71064 0.229153 0.58309 0.229153 -0.58309 
1 1 0 23.0486 0.110584 5.25121 -1.30857 -3.71095 -1.30857 -3.71095 0.229021 0.583066 0.229021 -0.583066 
1 1 0 23.0536 0.110584 5.25042 -1.30863 -3.71125 -1.30863 -3.71125 0.228891 0.583042 0.228891 -0.583042 
1 1 0 23.0586 0.110584 5.24963 -1.30869 -3.71155 -1.30869 -3.71155 0.228761 0.583017 0.228761 -0.583017 
1 1 0 23.0636 0.110584 5.24885 -1.30876 -3.71185 -1.30876 -3.71185 0.228631 0.582992 0.228631 -0.582992 
1 1 0 23.0686 0.110584 5.24807 -1.30882 -3.71216 -1.30882 -3.71216 0.228502 0.582967 0.228502 -0.582967 
1 1 0 23.0735 0.110584 5.24729 -1.30888 -3.71246 -1.30888 -3.71246 0.228373 0.582942 0.228373 -0.582942 
1 1 0 23.0785 0.110584 5.24652 -1.30894 -3.71276 -1.30894 -3.71276 0.228244 0.582916 0.228244 -0.582916 
1 1 0 23.0835 0.110584 5.24576 -1.30901 -3.71306 -1.30901 -3.71306 0.228117 0.582891 0.228117 -0.582891 
1 1 0 23.0885 0.110584 5.24499 -1.30907 -3.71336 -1.30907 -3.71336 0.227989 0.582865 0.227989 -0.582865 
1 1 0 23.0935 0.110584 5.24423 -1.30913 -3.71366 -1.30913 -3.71366 0.227862 0.582839 0.227862 -0.582839 
1 1 0 23.0985 0.110584 5.24347 -1.30919 -3.71396 -1.30919 -3.71396 0.227736 0.582812 0.227736 -0.582812 
1 1 0 23.1035 0.110584 5.24272 -1.30925 -3.71426 -1.30925 -3.71426 0.22761 0.582786 0.22761 -0.582786 
1 1 0 23.1085 0.110584 5.24197 -1.30932 -3.71456 -1.30932 -3.71456 0.227485 0.582759 0.227485 -0.582759 
1 1 0 23.1135 0.110584 5.24123 -1.30938 -3.71487 -1.30938 -3.71487 0.22736 0.582732 0.22736 -0.582732 
1 1 0 23.1185 0.110584 5.24049 -1.30944 -3.71516 -1.30944 -3.71516 0.227235 0.582705 0.227235 -0.582705 
1 1 0 23.1235 0.110584 5.23975 -1.3095 -3.71546 -1.3095 -3.71546 0.227111 0.582678 0.227111 -0.582678 
1 1 0 23.1284 0.110584 5.23901 -1.30957 -3.71576 -1.30957 -3.71576 0.226988 0.582651 0.226988 -0.582651 
1 1 0 23.1334 0.110584 5.23828 -1.30963 -3.71606 -1.30963 -3.71606 0.226865 0.582623 0.226865 -0.582623 
1 1 0 23.1384 0.110584 5.23756 -1.30969 -3.71636 -1.30969 -3.71636 0.226742 0.582595 0.226742 -0.582595 
1 1 0 23.1434 0.110584 5.23683 -1.30975 -3.71666 -1.30975 -3.71666 0.22662 0.582567 0.22662 -0.582567 
1 1 0 23.1484 0.110584 5.23611 -1.30981 -3.71696 -1.30981 -3.71696 0.226498 0.582539 0.226498 -0.582539 
1 1 0 23.1534 0.110584 5.2354 -1.30988 -3.71726 -1.30988 -3.71726 0.226377 0.58251 0.226377 -0.58251 
1 1 0 23.1584 0.110584 5.23468 -1.30994 -3.71756 -1.30994 -3.71756 0.226256 0.582481 0.226256 -0.582481 
1 1 0 23.1634 0.110584 5.23398 -1.31 -3.71785 -1.31 -3.71785 0.226136 0.582452 0.226136 -0.582452 
1 1 0 23.1684 0.110584 5.23327 -1.31006 -3.71815 -1.31006 -3.71815 0.226017 0.582423 0.226017 -0.582423 
1 1 0 23.1734 0.110584 5.23257 -1.31012 -3.71845 -1.31012 -3.71845 0.225897 0.582394 0.225897 -0.582394 
1 1 0 23.1784 0.110584 5.23187 -1.31018 -3.71875 -1.31018 -3.71875 0.225779 0.582365 0.225779 -0.582365 
1 1 0 23.1833 0.110584 5.23118 -1.31025 -3.71904 -1.31025 -3.71904 0.22566 0.582335 0.22566 -0.582335 
1 1 0 23.1883 0.110584 5.23048 -1.31031 -3.71934 -1.31031 -3.71934 0.225542 0.582305 0.225542 -0.582305 
1 1 0 23.1933 0.110584 5.2298 -1.31037 -3.71964 -1.31037 -3.71964 0.225425 0.582275 0.225425 -0.582275 
1 1 0 23.1983 0.110584 5.22911 -1.31043 -3.71993 -1.31043 -3.71993 0.225308 0.582245 0.225308 -0.582245 
1 1 0 23.2033 0.110584 5.22843 -1.31049 -3.72023 -1.31049 -3.72023 0.225192 0.582214 0.225192 -0.582214 
1 1 0 23.2083 0.110584 5.22776 -1.31056 -3.72053 -1.31056 -3.72053 0.225076 0.582184 0.225076 -0.582184 
1 1 0 23.2133 0.110584 5.22708 -1.31062 -3.72082 -1.31062 -3.72082 0.22496 0.582153 0.22496 -0.582153 
1 1 0 23.2183 0.110584 5.22642 -1.31068 -3.72112 -1.31068 -3.72112 0.224845 0.582122 0.224845 -0.582122 
1 1 0 23.2233 0.110584 5.22575 -1.31074 -3.72141 -1.31074 -3.72141 0.224731 0.58209 0.224731 -0.58209 
1 1 0 23.2283 0.110584 5.22509 -1.3108 -3.72171 -1.3108 -3.72171 0.224617 0.582059 0.224617 -0.582059 
1 1 0 23.2332 0.110584 5.22443 -1.31086 -3.722 -1.31086 -3.722 0.224503 0.582027 0.224503 -0.582027 
1 1 0 23.2382 0.110584 5.22377 -1.31093 -3.7223 -1.31093 -3.7223 0.22439 0.581995 0.22439 -0.581995 
1 1 0 23.2432 0.110584 5.22312 -1.31099 -3.72259 -1.31099 -3.72259 0.224278 0.581963 0.224278 -0.581963 
1 1 0 23.2482 0.110584 5.22247 -1.31105 -3.72289 -1.31105 -3.72289 0.224165 0.581931 0.224165 -0.581931 
1 1 0 23.2532 0.110584 5.22183 -1.31111 -3.72318 -1.31111 -3.72318 0.224054 0.581899 0.224054 -0.581899 
1 1 0 23.2582 0.110584 5.22119 -1.31117 -3.72347 -1.31117 -3.72347 0.223943 0.581866 0.223943 -0.581866 
1 1 0 23.2632 0.110584 5.22055 -1.31123 -3.72377 -1.31123 -3.72377 0.223832 0.581833 0.223832 -0.581833 
1 1 0 23.2682 0.110584 5.21992 -1.3113 -3.72406 -1.3113 -3.72406 0.223721 0.5818 0.223721 -0.5818 
1 1 0 23.2732 0.110584 5.21929 -1.31136 -3.72435 -1.31136 -3.72435 0.223612 0.581767 0.223612 -0.581767 
1 1 0 23.2782 0.110584 5.21866 -1.31142 -3.72465 -1.31142 -3.72465 0.223502 0.581734 0.223502 -0.581734 
1 1 0 23.2832 0.110584 5.21804 -1.31148 -3.72494 -1.31148 -3.72494 0.223393 0.5817 0.223393 -0.5817 
1 1 0 23.2882 0.110584 5.21742 -1.31154 -3.72523 -1.31154 -3.72523 0.223285 0.581667 0.223285 -0.581667 
1 1 0 23.2931 0.110584 5.2168 -1.3116 -3.72552 -1.3116 -3.72552 0.223177 0.581633 0.223177 -0.581633 
1 1 0 23.2981 0.110584 5.21619 -1.31167 -3.72582 -1.31167 -3.72582 0.22307 0.581599 0.22307 -0.581599 
1 1 0 23.3031 0.110584 5.21558 -1.31173 -3.72611 -1.31173 -3.72611 0.222963 0.581564 0.222963 -0.581564 
1 1 0 23.3081 0.110584 5.21497 -1.31179 -3.7264 -1.31179 -3.7264 0.222856 0.58153 0.222856 -0.58153 
1 1 0 23.3131 0.110584 5.21437 -1.31185 -3.72669 -1.31185 -3.72669 0.22275 0.581495 0.22275 -0.581495 
1 1 0 23.3181 0.110584 5.21377 -1.31191 -3.72698 -1.31191 -3.72698 0.222644 0.58146 0.222644 -0.58146 
1 1 0 23.3231 0.110584 5.21318 -1.31197 -3.72727 -1.31197 -3.72727 0.222539 0.581425 0.222539 -0.581425 
1 1 0 23.3281 0.110584 5.21259 -1.31203 -3.72756 -1.31203 -3.72756 0.222435 0.58139 0.222435 -0.58139 
1 1 0 23.3331 0.110584 5.212 -1.3121 -3.72785 -1.3121 -3.72785 0.22233 0.581355 0.22233 -0.581355 
1 1 0 23.3381 0.110584 5.21141 -1.31216 -3.72814 -1.31216 -3.72814 0.222227 0.581319 0.222227 -0.581319 
1 1 0 23.3431 0.110584 5.21083 -1.31222 -3.72843 -1.31222 -3.72843 0.222123 0.581283 0.222123 -0.581283 
1 1 0 23.348 0.110584 5.21025 -1.31228 -3.72872 -1.31228 -3.72872 0.222021 0.581247 0.222021 -0.581247 
1 1 0 23.353 0.110584 5.20968 -1.31234 -3.72901 -1.31234 -3.72901 0.221918 0.581211 0.221918 -0.581211 
1 1 0 23.358 0.110584 5.20911 -1.3124 -3.7293 -1.3124 -3.7293 0.221816 0.581175 0.221816 -0.581175 
1 1 0 23.363 0.110584 5.20854 -1.31246 -3.72959 -1.31246 -3.72959 0.221715 0.581138 0.221715 -0.581138 
1 1 0 23.368 0.110584 5.20798 -1.31253 -3.72988 -1.31253 -3.72988 0.221614 0.581101 0.221614 -0.581101 
1 1 0 23.373 0.110584 5.20742 -1.31259 -3.73017 -1.31259 -3.73017 0.221513 0.581064 0.221513 -0.581064 
1 1 0 23.378 0.110584 5.20686 -1.31265 -3.73046 -1.31265 -3.73046 0.221413 0.581027 0.221413 -0.581027 
1 1 0 23.383 0.110584 5.20631 -1.31271 -3.73075 -1.31271 -3.73075 0.221314 0.58099 0.221314 -0.58099 
1 1 0 23.388 0.110584 5.20576 -1.31277 -3.73103 -1.31277 -3.73103 0.221215 0.580953 0.221215 -0.580953 
1 1 0 23.393 0.110584 5.20521 -1.31283 -3.73132 -1.31283 -3.73132 0.221116 0.580915 0.221116 -0.580915 
1 1 0 23.398 0.110584 5.20467 -1.31289 -3.73161 -1.31289 -3.73161 0.221018 0.580877 0.221018 -0.580877 
1 1 0 23.4029 0.110584 5.20413 -1.31295 -3.7319 -1.31295 -3.7319 0.22092 0.580839 0.22092 -0.580839 
1 1 0 23.4079 0.110584 5.20359 -1.31302 -3.73218 -1.31302 -3.73218 0.220823 0.580801 0.220823 -0.580801 
1 1 0 23.4129 0.110584 5.20306 -1.31308 -3.73247 -1.31308 -3.73247 0.220726 0.580763 0.220726 -0.580763 
1 1 0 23.4179 0.110584 5.20253 -1.31314 -3.73276 -1.31314 -3.73276 0.22063 0.580724 0.22063 -0.580724 
1 1 0 23.4229 0.110584 5.202 -1.3132 -3.73305 -1.3132 -3.73305 0.220534 0.580685 0.220534 -0.580685 
1 1 0 23.4279 0.110584 5.20148 -1.31326 -3.73333 -1.31326 -3.73333 0.220438 0.580646 0.220438 -0.580646 
1 1 0 23.4329 0.110584 5.20096 -1.31332 -3.73362 -1.31332 -3.73362 0.220344 0.580607 0.220344 -0.580607 
1 1 0 23.4379 0.110584 5.20044 -1.31338 -3.7339 -1.31338 -3.7339 0.220249 0.580568 0.220249 -0.580568 
1 1 0 23.4429 0.110584 5.19993 -1.31344 -3.73419 -1.31344 -3.73419 0.220155 0.580529 0.220155 -0.580529 
1 1 0 23.4479 0.110584 5.19942 -1.3135 -3.73447 -1.3135 -3.73447 0.220061 0.580489 0.220061 -0.580489 
1 1 0 23.4529 0.110584 5.19892 -1.31357 -3.73476 -1.31357 -3.73476 0.219968 0.580449 0.219968 -0.580449 
1 1 0 23.4579 0.110584 5.19842 -1.31363 -3.73504 -1.31363 -3.73504 0.219876 0.580409 0.219876 -0.580409 
1 1 0 23.4628 0.110584 5.19792 -1.31369 -3.73533 -1.31369 -3.73533 0.219783 0.580369 0.219783 -0.580369 
1 1 0 23.4678 0.110584 5.19742 -1.31375 -3.73561 -1.31375 -3.73561 0.219692 0.580329 0.219692 -0.580329 
1 1 0 23.4728 0.110584 5.19693 -1.31381 -3.7359 -1.31381 -3.7359 0.2196 0.580288 0.2196 -0.580288 
1 1 0 23.4778 0.110584 5.19644 -1.31387 -3.73618 -1.31387 -3.73618 0.21951 0.580247 0.21951 -0.580247 
1 1 0 23.4828 0.110584 5.19595 -1.31393 -3.73647 -1.31393 -3.73647 0.219419 0.580206 0.219419 -0.580206 
1 1 0 23.4878 0.110584 5.19547 -1.31399 -3.73675 -1.31399 -3.73675 0.219329 0.580165 0.219329 -0.580165 
1 1 0 23.4928 0.110584 5.19499 -1.31405 -3.73703 -1.31405 -3.73703 0.21924 0.580124 0.21924 -0.580124 
1 1 0 23.4978 0.110584 5.19452 -1.31411 -3.73732 -1.31411 -3.73732 0.219151 0.580083 0.219151 -0.580083 
1 1 0 23.5028 0.110584 5.19405 -1.31418 -3.7376 -1.31418 -3.7376 0.219062 0.580041 0.219062 -0.580041 
1 1 0 23.5078 0.110584 5.19358 -1.31424 -3.73788 -1.31424 -3.73788 0.218974 0.579999 0.218974 -0.579999 
1 1 0 23.5128 0.110584 5.19311 -1.3143 -3.73817 -1.3143 -3.73817 0.218887 0.579957 0.218887 -0.579957 
1 1 0 23.5178 0.110584 5.19265 -1.31436 -3.73845 -1.31436 -3.73845 0.218799 0.579915 0.218799 -0.579915 
1 1 0 23.5227 0.110584 5.19219 -1.31442 -3.73873 -1.31442 -3.73873 0.218713 0.579873 0.218713 -0.579873 
1 1 0 23.5277 0.110584 5.19174 -1.31448 -3.73901 -1.31448 -3.73901 0.218626 0.579831 0.218626 -0.579831 
1 1 0 23.5327 0.110584 5.19129 -1.31454 -3.73929 -1.31454 -3.73929 0.218541 0.579788 0.218541 -0.579788 
1 1 0 23.5377 0.110584 5.19084 -1.3146 -3.73957 -1.3146 -3.73957 0.218455 0.579745 0.218455 -0.579745 
1 1 0 23.5427 0.110584 5.19039 -1.31466 -3.73986 -1.31466 -3.73986 0.21837 0.579702 0.21837 -0.579702 
1 1 0 23.5477 0.110584 5.18995 -1.31472 -3.74014 -1.31472 -3.74014 0.218286 0.579659 0.218286 -0.579659 
1 1 0 23.5527 0.110584 5.18951 -1.31478 -3.74042 -1.31478 -3.74042 0.218202 0.579616 0.218202 -0.579616 
1 1 0 23.5577 0.110584 5.18908 -1.31484 -3.7407 -1.31484 -3.7407 0.218118 0.579572 0.218118 -0.579572 
1 1 0 23.5627 0.110584 5.18865 -1.31491 -3.74098 -1.31491 -3.74098 0.218035 0.579528 0.218035 -0.579528 
1 1 0 23.5677 0.110584 5.18822 -1.31497 -3.74126 -1.31497 -3.74126 0.217953 0.579485 0.217953 -0.579485 
1 1 0 23.5727 0.110584 5.18779 -1.31503 -3.74154 -1.31503 -3.74154 0.21787 0.579441 0.21787 -0.579441 
1 1 0 23.5777 0.110584 5.18737 -1.31509 -3.74182 -1.31509 -3.74182 0.217789 0.579396 0.217789 -0.579396 
1 1 0 23.5826 0.110584 5.18695 -1.31515 -3.7421 -1.31515 -3.7421 0.217707 0.579352 0.217707 -0.579352 
1 1 0 23.5876 0.110584 5.18654 -1.31521 -3.74238 -1.31521 -3.74238 0.217626 0.579307 0.217626 -0.579307 
1 1 0 23.5926 0.110584 5.18613 -1.31527 -3.74266 -1.31527 -3.74266 0.217546 0.579263 0.217546 -0.579263 
1 1 0 23.5976 0.110584 5.18572 -1.31533 -3.74293 -1.31533 -3.74293 0.217466 0.579218 0.217466 -0.579218 
1 1 0 23.6026 0.110584 5.18531 -1.31539 -3.74321 -1.31539 -3.74321 0.217387 0.579173 0.217387 -0.579173 
1 1 0 23.6076 0.110584 5.18491 -1.31545 -3.74349 -1.31545 -3.74349 0.217308 0.579128 0.217308 -0.579128 
1 1 0 23.6126 0.110584 5.18451 -1.31551 -3.74377 -1.31551 -3.74377 0.217229 0.579082 0.217229 -0.579082 
1 1 0 23.6176 0.110584 5.18412 -1.31557 -3.74405 -1.31557 -3.74405 0.217151 0.579037 0.217151 -0.579037 
1 1 0 23.6226 0.110584 5.18372 -1.31563 -3.74433 -1.31563 -3.74433 0.217073 0.578991 0.217073 -0.578991 
1 1 0 23.6276 0.110584 5.18334 -1.31569 -3.7446 -1.31569 -3.7446 0.216996 0.578945 0.216996 -0.578945 
1 1 0 23.6326 0.110584 5.18295 -1.31575 -3.74488 -1.31575 -3.74488 0.216919 0.578899 0.216919 -0.578899 
1 1 0 23.6376 0.110584 5.18257 -1.31581 -3.74516 -1.31581 -3.74516 0.216843 0.578853 0.216843 -0.578853 
1 1 0 23.6425 0.110584 5.18219 -1.31587 -3.74543 -1.31587 -3.74543 0.216767 0.578806 0.216767 -0.578806 
1 1 0 23.6475 0.110584 5.18181 -1.31593 -3.74571 -1.31593 -3.74571 0.216692 0.578759 0.216692 -0.578759 
1 1 0 23.6525 0.110584 5.18144 -1.31599 -3.74599 -1.31599 -3.74599 0.216617 0.578713 0.216617 -0.578713 
1 1 0 23.6575 0.110584 5.18107 -1.31606 -3.74626 -1.31606 -3.74626 0.216542 0.578666 0.216542 -0.578666 
1 1 0 23.6625 0.110584 5.18071 -1.31612 -3.74654 -1.31612 -3.74654 0.216468 0.578619 0.216468 -0.578619 
1 1 0 23.6675 0.110584 5.18034 -1.31618 -3.74681 -1.31618 -3.74681 0.216394 0.578571 0.216394 -0.578571 
1 1 0 23.6725 0.110584 5.17999 -1.31624 -3.74709 -1.31624 -3.74709 0.216321 0.578524 0.216321 -0.578524 
1 1 0 23.6775 0.110584 5.17963 -1.3163 -3.74737 -1.3163 -3.74737 0.216248 0.578476 0.216248 -0.578476 
1 1 0 23.6825 0.110584 5.17928 -1.31636 -3.74764 -1.31636 -3.74764 0.216176 0.578429 0.216176 -0.578429 
1 1 0 23.6875 0.110584 5.17893 -1.31642 -3.74792 -1.31642 -3.74792 0.216104 0.578381 0.216104 -0.578381 
1 1 0 23.6925 0.110584 5.17858 -1.31648 -3.74819 -1.31648 -3.74819 0.216033 0.578333 0.216033 -0.578333 
1 1 0 23.6975 0.110584 5.17824 -1.31654 -3.74846 -1.31654 -3.74846 0.215962 0.578284 0.215962 -0.578284 
1 1 0 23.7025 0.110584 5.1779 -1.3166 -3.74874 -1.3166 -3.74874 0.215891 0.578236 0.215891 -0.578236 
1 1 0 23.7074 0.110584 5.17756 -1.31666 -3.74901 -1.31666 -3.74901 0.215821 0.578187 0.215821 -0.578187 
1 1 0 23.7124 0.110584 5.17723 -1.31672 -3.74929 -1.31672 -3.74929 0.215752 0.578138 0.215752 -0.578138 
1 1 0 23.7174 0.110584 5.1769 -1.31678 -3.74956 -1.31678 -3.74956 0.215683 0.57809 0.215683 -0.57809 
1 1 0 23.7224 0.110584 5.17657 -1.31684 -3.74983 -1.31684 -3.74983 0.215614 0.57804 0.215614 -0.57804 
1 1 0 23.7274 0.110584 5.17625 -1.3169 -3.75011 -1.3169 -3.75011 0.215545 0.577991 0.215545 -0.577991 
1 1 0 23.7324 0.110584 5.17593 -1.31696 -3.75038 -1.31696 -3.75038 0.215478 0.577942 0.215478 -0.577942 
1 1 0 23.7374 0.110584 5.17561 -1.31702 -3.75065 -1.31702 -3.75065 0.21541 0.577892 0.21541 -0.577892 
1 1 0 23.7424 0.110584 5.1753 -1.31708 -3.75092 -1.31708 -3.75092 0.215343 0.577842 0.215343 -0.577842 
1 1 0 23.7474 0.110584 5.17499 -1.31714 -3.75119 -1.31714 -3.75119 0.215277 0.577792 0.215277 -0.577792 
1 1 0 23.7524 0.110584 5.17468 -1.3172 -3.75147 -1.3172 -3.75147 0.215211 0.577742 0.215211 -0.577742 
1 1 0 23.7574 0.110584 5.17438 -1.31726 -3.75174 -1.31726 -3.75174 0.215145 0.577692 0.215145 -0.577692 
1 1 0 23.7624 0.110584 5.17408 -1.31732 -3.75201 -1.31732 -3.75201 0.21508 0.577642 0.21508 -0.577642 
1 1 0 23.7674 0.110584 5.17378 -1.31738 -3.75228 -1.31738 -3.75228 0.215015 0.577591 0.215015 -0.577591 
1 1 0 23.7723 0.110584 5.17349 -1.31744 -3.75255 -1.31744 -3.75255 0.214951 0.57754 0.214951 -0.57754 
1 1 0 23.7773 0.110584 5.17319 -1.3175 -3.75282 -1.3175 -3.75282 0.214887 0.577489 0.214887 -0.577489 
1 1 0 23.7823 0.110584 5.17291 -1.31756 -3.75309 -1.31756 -3.75309 0.214824 0.577438 0.214824 -0.577438 
1 1 0 23.7873 0.110584 5.17262 -1.31762 -3.75336 -1.31762 -3.75336 0.214761 0.577387 0.214761 -0.577387 
1 1 0 23.7923 0.110584 5.17234 -1.31768 -3.75363 -1.31768 -3.75363 0.214698 0.577336 0.214698 -0.577336 
1 1 0 23.7973 0.110584 5.17206 -1.31774 -3.7539 -1.31774 -3.7539 0.214636 0.577284 0.214636 -0.577284 
1 1 0 23.8023 0.110584 5.17179 -1.3178 -3.75417 -1.3178 -3.75417 0.214574 0.577232 0.214574 -0.577232 
1 1 0 23.8073 0.110584 5.17152 -1.31786 -3.75444 -1.31786 -3.75444 0.214513 0.577181 0.214513 -0.577181 
1 1 0 23.8123 0.110584 5.17125 -1.31792 -3.75471 -1.31792 -3.75471 0.214452 0.577128 0.214452 -0.577128 
1 1 0 23.8173 0.110584 5.17098 -1.31798 -3.75498 -1.31798 -3.75498 0.214392 0.577076 0.214392 -0.577076 
1 1 0 23.8223 0.110584 5.17072 -1.31804 -3.75525 -1.31804 -3.75525 0.214332 0.577024 0.214332 -0.577024 
1 1 0 23.8273 0.110584 5.17046 -1.3181 -3.75552 -1.3181 -3.75552 0.214273 0.576971 0.214273 -0.576971 
1 1 0 23.8323 0.110584 5.17021 -1.31816 -3.75579 -1.31816 -3.75579 0.214214 0.576919 0.214214 -0.576919 
1 1 0 23.8372 0.110584 5.16995 -1.31822 -3.75605 -1.31822 -3.75605 0.214155 0.576866 0.214155 -0.576866 
1 1 0 23.8422 0.110584 5.1697 -1.31828 -3.75632 -1.31828 -3.75632 0.214097 0.576813 0.214097 -0.576813 
1 1 0 23.8472 0.110584 5.16946 -1.31834 -3.75659 -1.31834 -3.75659 0.214039 0.57676 0.214039 -0.57676 
1 1 0 23.8522 0.110584 5.16922 -1.3184 -3.75686 -1.3184 -3.75686 0.213982 0.576706 0.213982 -0.576706 
1 1 0 23.8572 0.110584 5.16898 -1.31846 -3.75712 -1.31846 -3.75712 0.213925 0.576653 0.213925 -0.576653 
1 1 0 23.8622 0.110584 5.16874 -1.31852 -3.75739 -1.31852 -3.75739 0.213869 0.576599 0.213869 -0.576599 
1 1 0 23.8672 0.110584 5.16851 -1.31858 -3.75766 -1.31858 -3.75766 0.213813 0.576545 0.213813 -0.576545 
1 1 0 23.8722 0.110584 5.16828 -1.31864 -3.75792 -1.31864 -3.75792 0.213757 0.576491 0.213757 -0.576491 
1 1 0 23.8772 0.110584 5.16805 -1.3187 -3.75819 -1.3187 -3.75819 0.213702 0.576437 0.213702 -0.576437 
1 1 0 23.8822 0.110584 5.16783 -1.31876 -3.75846 -1.31876 -3.75846 0.213648 0.576383 0.213648 -0.576383 
1 1 0 23.8872 0.110584 5.16761 -1.31882 -3.75872 -1.31882 -3.75872 0.213593 0.576328 0.213593 -0.576328 
1 1 0 23.8922 0.110584 5.16739 -1.31887 -3.75899 -1.31887 -3.75899 0.21354 0.576274 0.21354 -0.576274 
1 1 0 23.8972 0.110584 5.16717 -1.31893 -3.75925 -1.31893 -3.75925 0.213486 0.576219 0.213486 -0.576219 
1 1 0 23.9021 0.110584 5.16696 -1.31899 -3.75952 -1.31899 -3.75952 0.213433 0.576164 0.213433 -0.576164 
1 1 0 23.9071 0.110584 5.16676 -1.31905 -3.75978 -1.31905 -3.75978 0.213381 0.576109 0.213381 -0.576109 
1 1 0 23.9121 0.110584 5.16655 -1.31911 -3.76005 -1.31911 -3.76005 0.213329 0.576054 0.213329 -0.576054 
1 1 0 23.9171 0.110584 5.16635 -1.31917 -3.76031 -1.31917 -3.76031 0.213277 0.575998 0.213277 -0.575998 
1 1 0 23.9221 0.110584 5.16615 -1.31923 -3.76057 -1.31923 -3.76057 0.213226 0.575943 0.213226 -0.575943 
1 1 0 23.9271 0.110584 5.16596 -1.31929 -3.76084 -1.31929 -3.76084 0.213175 0.575887 0.213175 -0.575887 
1 1 0 23.9321 0.110584 5.16576 -1.31935 -3.7611 -1.31935 -3.7611 0.213125 0.575831 0.213125 -0.575831 
1 1 0 23.9371 0.110584 5.16557 -1.31941 -3.76137 -1.31941 -3.76137 0.213075 0.575775 0.213075 -0.575775 
1 1 0 23.9421 0.110584 5.16539 -1.31947 -3.76163 -1.31947 -3.76163 0.213026 0.575719 0.213026 -0.575719 
1 1 0 23.9471 0.110584 5.16521 -1.31953 -3.76189 -1.31953 -3.76189 0.212977 0.575662 0.212977 -0.575662 
1 1 0 23.9521 0.110584 5.16503 -1.31959 -3.76215 -1.31959 -3.76215 0.212928 0.575606 0.212928 -0.575606 
1 1 0 23.9571 0.110584 5.16485 -1.31965 -3.76242 -1.31965 -3.76242 0.21288 0.575549 0.21288 -0.575549 
1 1 0 23.9621 0.110584 5.16468 -1.31971 -3.76268 -1.31971 -3.76268 0.212833 0.575492 0.212833 -0.575492 
1 1 0 23.9671 0.110584 5.16451 -1.31977 -3.76294 -1.31977 -3.76294 0.212785 0.575435 0.212785 -0.575435 
1 1 0 23.972 0.110584 5.16434 -1.31983 -3.7632 -1.31983 -3.7632 0.212739 0.575378 0.212739 -0.575378 
1 1 0 23.977 0.110584 5.16418 -1.31989 -3.76347 -1.31989 -3.76347 0.212692 0.575321 0.212692 -0.575321 
1 1 0 23.982 0.110584 5.16402 -1.31994 -3.76373 -1.31994 -3.76373 0.212646 0.575263 0.212646 -0.575263 
1 1 0 23.987 0.110584 5.16386 -1.32 -3.76399 -1.32 -3.76399 0.212601 0.575206 0.212601 -0.575206 
1 1 0 23.992 0.110584 5.16371 -1.32006 -3.76425 -1.32006 -3.76425 0.212556 0.575148 0.212556 -0.575148 
1 1 0 23.997 0.110584 5.16356 -1.32012 -3.76451 -1.32012 -3.76451 0.212511 0.57509 0.212511 -0.57509 
1 1 0 24.002 0.110584 5.16341 -1.32018 -3.76477 -1.32018 -3.76477 0.212467 0.575032 0.212467 -0.575032 
1 1 0 24.007 0.110584 5.16326 -1.32024 -3.76503 -1.32024 -3.76503 0.212423 0.574974 0.212423 -0.574974 
1 1 0 24.012 0.110584 5.16312 -1.3203 -3.76529 -1.3203 -3.76529 0.21238 0.574915 0.21238 -0.574915 
1 1 0 24.017 0.110584 5.16298 -1.32036 -3.76555 -1.32036 -3.76555 0.212337 0.574857 0.212337 -0.574857 
1 1 0 24.022 0.110584 5.16285 -1.32042 -3.76581 -1.32042 -3.76581 0.212294 0.574798 0.212294 -0.574798 
1 1 0 24.027 0.110584 5.16272 -1.32048 -3.76607 -1.32048 -3.76607 0.212252 0.574739 0.212252 -0.574739 
1 1 0 24.032 0.110584 5.16259 -1.32054 -3.76633 -1.32054 -3.76633 0.21221 0.57468 0.21221 -0.57468 
1 1 0 24.037 0.110584 5.16246 -1.3206 -3.76659 -1.3206 -3.76659 0.212169 0.574621 0.212169 -0.574621 
1 1 0 24.0419 0.110584 5.16234 -1.32066 -3.76685 -1.32066 -3.76685 0.212128 0.574561 0.212128 -0.574561 
1 1 0 24.0469 0.110584 5.16222 -1.32071 -3.7671 -1.32071 -3.7671 0.212088 0.574502 0.212088 -0.574502 
1 1 0 24.0519 0.110584 5.1621 -1.32077 -3.76736 -1.32077 -3.76736 0.212048 0.574442 0.212048 -0.574442 
1 1 0 24.0569 0.110584 5.16199 -1.32083 -3.76762 -1.32083 -3.76762 0.212009 0.574383 0.212009 -0.574383 
1 1 0 24.0619 0.110584 5.16188 -1.32089 -3.76788 -1.32089 -3.76788 0.21197 0.574323 0.21197 -0.574323 
1 1 0 24.0669 0.110584 5.16177 -1.32095 -3.76813 -1.32095 -3.76813 0.211931 0.574262 0.211931 -0.574262 
1 1 0 24.0719 0.110584 5.16167 -1.32101 -3.76839 -1.32101 -3.76839 0.211893 0.574202 0.211893 -0.574202 
1 1 0 24.0769 0.110584 5.16157 -1.32107 -3.76865 -1.32107 -3.76865 0.211855 0.574142 0.211855 -0.574142 
1 1 0 24.0819 0.110584 5.16147 -1.32113 -3.76891 -1.32113 -3.76891 0.211818 0.574081 0.211818 -0.574081 
1 1 0 24.0869 0.110584 5.16138 -1.32119 -3.76916 -1.32119 -3.76916 0.211781 0.574021 0.211781 -0.574021 
1 1 0 24.0919 0.110584 5.16129 -1.32125 -3.76942 -1.32125 -3.76942 0.211744 0.57396 0.211744 -0.57396 
1 1 0 24.0969 0.110584 5.1612 -1.3213 -3.76967 -1.3213 -3.76967 0.211708 0.573899 0.211708 -0.573899 
1 1 0 24.1019 0.110584 5.16111 -1.32136 -3.76993 -1.32136 -3.76993 0.211673 0.573837 0.211673 -0.573837 
1 1 0 24.1069 0.110584 5.16103 -1.32142 -3.77019 -1.32142 -3.77019 0.211637 0.573776 0.211637 -0.573776 
1 1 0 24.1118 0.110584 5.16095 -1.32148 -3.77044 -1.32148 -3.77044 0.211603 0.573715 0.211603 -0.573715 
1 1 0 24.1168 0.110584 5.16088 -1.32154 -3.7707 -1.32154 -3.7707 0.211568 0.573653 0.211568 -0.573653 
1 1 0 24.1218 0.110584 5.1608 -1.3216 -3.77095 -1.3216 -3.77095 0.211534 0.573591 0.211534 -0.573591 
1 1 0 24.1268 0.110584 5.16074 -1.32166 -3.77121 -1.32166 -3.77121 0.211501 0.573529 0.211501 -0.573529 
1 1 0 24.1318 0.110584 5.16067 -1.32172 -3.77146 -1.32172 -3.77146 0.211468 0.573467 0.211468 -0.573467 
1 1 0 24.1368 0.110584 5.16061 -1.32177 -3.77171 -1.32177 -3.77171 0.211435 0.573405 0.211435 -0.573405 
1 1 0 24.1418 0.110584 5.16055 -1.32183 -3.77197 -1.32183 -3.77197 0.211403 0.573342 0.211403 -0.573342 
1 1 0 24.1468 0.110584 5.16049 -1.32189 -3.77222 -1.32189 -3.77222 0.211371 0.57328 0.211371 -0.57328 
1 1 0 24.1518 0.110584 5.16044 -1.32195 -3.77248 -1.32195 -3.77248 0.21134 0.573217 0.21134 -0.573217 
1 1 0 24.1568 0.110584 5.16038 -1.32201 -3.77273 -1.32201 -3.77273 0.211309 0.573154 0.211309 -0.573154 
1 1 0 24.1618 0.110584 5.16034 -1.32207 -3.77298 -1.32207 -3.77298 0.211278 0.573091 0.211278 -0.573091 
1 1 0 24.1668 0.110584 5.16029 -1.32213 -3.77324 -1.32213 -3.77324 0.211248 0.573028 0.211248 -0.573028 
1 1 0 24.1718 0.110584 5.16025 -1.32219 -3.77349 -1.32219 -3.77349 0.211218 0.572965 0.211218 -0.572965 
1 1 0 24.1768 0.110584 5.16021 -1.32224 -3.77374 -1.32224 -3.77374 0.211189 0.572901 0.211189 -0.572901 
1 1 0 24.1818 0.110584 5.16018 -1.3223 -3.77399 -1.3223 -3.77399 0.21116 0.572838 0.21116 -0.572838 
1 1 0 24.1867 0.110584 5.16015 -1.32236 -3.77424 -1.32236 -3.77424 0.211132 0.572774 0.211132 -0.572774 
1 1 0 24.1917 0.110584 5.16012 -1.32242 -3.7745 -1.32242 -3.7745 0.211104 0.57271 0.211104 -0.57271 
1 1 0 24.1967 0.110584 5.16009 -1.32248 -3.77475 -1.32248 -3.77475 0.211076 0.572646 0.211076 -0.572646 
1 1 0 24.2017 0.110584 5.16007 -1.32254 -3.775 -1.32254 -3.775 0.211049 0.572581 0.211049 -0.572581 
1 1 0 24.2067 0.110584 5.16005 -1.3226 -3.77525 -1.3226 -3.77525 0.211022 0.572517 0.211022 -0.572517 
1 1 0 24.2117 0.110584 5.16003 -1.32265 -3.7755 -1.32265 -3.7755 0.210996 0.572453 0.210996 -0.572453 
1 1 0 24.2167 0.110584 5.16002 -1.32271 -3.77575 -1.32271 -3.77575 0.21097 0.572388 0.21097 -0.572388 
1 1 0 24.2217 0.110584 5.16001 -1.32277 -3.776 -1.32277 -3.776 0.210945 0.572323 0.210945 -0.572323 
1 1 0 24.2267 0.110584 5.16 -1.32283 -3.77625 -1.32283 -3.77625 0.21092 0.572258 0.21092 -0.572258 
1 1 0 24.2317 0.110584 5.16 -1.32289 -3.7765 -1.32289 -3.7765 0.210895 0.572193 0.210895 -0.572193 
1 1 0 24.2367 0.110584 5.16 -1.32295 -3.77675 -1.32295 -3.77675 0.210871 0.572128 0.210871 -0.572128 
1 1 0 24.2417 0.110584 5.16 -1.323 -3.777 -1.323 -3.777 0.210847 0.572062 0.210847 -0.572062 
1 1 0 24.2467 0.110584 5.16001 -1.32306 -3.77725 -1.32306 -3.77725 0.210824 0.571996 0.210824 -0.571996 
1 1 0 24.2517 0.110584 5.16001 -1.32312 -3.7775 -1.32312 -3.7775 0.210801 0.571931 0.210801 -0.571931 
1 1 0 24.2567 0.110584 5.16003 -1.32318 -3.77775 -1.32318 -3.77775 0.210778 0.571865 0.210778 -0.571865 
1 1 0 24.2616 0.110584 5.16004 -1.32324 -3.77799 -1.32324 -3.77799 0.210756 0.571799 0.210756 -0.571799 
1 1 0 24.2666 0.110584 5.16006 -1.3233 -3.77824 -1.3233 -3.77824 0.210735 0.571733 0.210735 -0.571733 
1 1 0 24.2716 0.110584 5.16008 -1.32335 -3.77849 -1.32335 -3.77849 0.210713 0.571666 0.210713 -0.571666 
1 1 0 24.2766 0.110584 5.1601 -1.32341 -3.77874 -1.32341 -3.77874 0.210692 0.5716 0.210692 -0.5716 
1 1 0 24.2816 0.110584 5.16013 -1.32347 -3.77898 -1.32347 -3.77898 0.210672 0.571533 0.210672 -0.571533 
1 1 0 24.2866 0.110584 5.16016 -1.32353 -3.77923 -1.32353 -3.77923 0.210652 0.571466 0.210652 -0.571466 
1 1 0 24.2916 0.110584 5.16019 -1.32359 -3.77948 -1.32359 -3.77948 0.210632 0.571399 0.210632 -0.571399 
1 1 0 24.2966 0.110584 5.16023 -1.32365 -3.77973 -1.32365 -3.77973 0.210613 0.571332 0.210613 -0.571332 
1 1 0 24.3016 0.110584 5.16027 -1.3237 -3.77997 -1.3237 -3.77997 0.210595 0.571265 0.210595 -0.571265 
1 1 0 24.3066 0.110584 5.16031 -1.32376 -3.78022 -1.32376 -3.78022 0.210576 0.571198 0.210576 -0.571198 
1 1 0 24.3116 0.110584 5.16036 -1.32382 -3.78046 -1.32382 -3.78046 0.210558 0.57113 0.210558 -0.57113 
1 1 0 24.3166 0.110584 5.16041 -1.32388 -3.78071 -1.32388 -3.78071 0.210541 0.571062 0.210541 -0.571062 
1 1 0 24.3216 0.110584 5.16046 -1.32394 -3.78095 -1.32394 -3.78095 0.210524 0.570994 0.210524 -0.570994 
1 1 0 24.3266 0.110584 5.16051 -1.32399 -3.7812 -1.32399 -3.7812 0.210507 0.570926 0.210507 -0.570926 
1 1 0 24.3316 0.110584 5.16057 -1.32405 -3.78145 -1.32405 -3.78145 0.210491 0.570858 0.210491 -0.570858 
1 1 0 24.3366 0.110584 5.16063 -1.32411 -3.78169 -1.32411 -3.78169 0.210475 0.57079 0.210475 -0.57079 
1 1 0 24.3415 0.110584 5.1607 -1.32417 -3.78193 -1.32417 -3.78193 0.21046 0.570721 0.21046 -0.570721 
1 1 0 24.3465 0.110584 5.16077 -1.32423 -3.78218 -1.32423 -3.78218 0.210445 0.570653 0.210445 -0.570653 
1 1 0 24.3515 0.110584 5.16084 -1.32429 -3.78242 -1.32429 -3.78242 0.21043 0.570584 0.21043 -0.570584 
1 1 0 24.3565 0.110584 5.16091 -1.32434 -3.78267 -1.32434 -3.78267 0.210416 0.570515 0.210416 -0.570515 
1 1 0 24.3615 0.110584 5.16099 -1.3244 -3.78291 -1.3244 -3.78291 0.210402 0.570446 0.210402 -0.570446 
1 1 0 24.3665 0.110584 5.16107 -1.32446 -3.78315 -1.32446 -3.78315 0.210389 0.570377 0.210389 -0.570377 
1 1 0 24.3715 0.110584 5.16115 -1.32452 -3.7834 -1.32452 -3.7834 0.210376 0.570308 0.210376 -0.570308 
1 1 0 24.3765 0.110584 5.16123 -1.32457 -3.78364 -1.32457 -3.78364 0.210363 0.570238 0.210363 -0.570238 
1 1 0 24.3815 0.110584 5.16132 -1.32463 -3.78388 -1.32463 -3.78388 0.210351 0.570168 0.210351 -0.570168 
1 1 0 24.3865 0.110584 5.16142 -1.32469 -3.78412 -1.32469 -3.78412 0.21034 0.570099 0.21034 -0.570099 
1 1 0 24.3915 0.110584 5.16151 -1.32475 -3.78437 -1.32475 -3.78437 0.210328 0.570029 0.210328 -0.570029 
1 1 0 24.3965 0.110584 5.16161 -1.32481 -3.78461 -1.32481 -3.78461 0.210318 0.569959 0.210318 -0.569959 
1 1 0 24.4015 0.110584 5.16171 -1.32486 -3.78485 -1.32486 -3.78485 0.210307 0.569888 0.210307 -0.569888 
1 1 0 24.4065 0.110584 5.16182 -1.32492 -3.78509 -1.32492 -3.78509 0.210297 0.569818 0.210297 -0.569818 
1 1 0 24.4115 0.110584 5.16192 -1.32498 -3.78533 -1.32498 -3.78533 0.210288 0.569747 0.210288 -0.569747 
1 1 0 24.4165 0.110584 5.16203 -1.32504 -3.78557 -1.32504 -3.78557 0.210278 0.569677 0.210278 -0.569677 
1 1 0 24.4214 0.110584 5.16215 -1.3251 -3.78581 -1.3251 -3.78581 0.21027 0.569606 0.21027 -0.569606 
1 1 0 24.4264 0.110584 5.16227 -1.32515 -3.78605 -1.32515 -3.78605 0.210261 0.569535 0.210261 -0.569535 
1 1 0 24.4314 0.110584 5.16239 -1.32521 -3.78629 -1.32521 -3.78629 0.210253 0.569464 0.210253 -0.569464 
1 1 0 24.4364 0.110584 5.16251 -1.32527 -3.78653 -1.32527 -3.78653 0.210246 0.569392 0.210246 -0.569392 
1 1 0 24.4414 0.110584 5.16264 -1.32533 -3.78677 -1.32533 -3.78677 0.210239 0.569321 0.210239 -0.569321 
1 1 0 24.4464 0.110584 5.16277 -1.32538 -3.78701 -1.32538 -3.78701 0.210232 0.569249 0.210232 -0.569249 
1 1 0 24.4514 0.110584 5.1629 -1.32544 -3.78725 -1.32544 -3.78725 0.210226 0.569178 0.210226 -0.569178 
1 1 0 24.4564 0.110584 5.16303 -1.3255 -3.78749 -1.3255 -3.78749 0.21022 0.569106 0.21022 -0.569106 
1 1 0 24.4614 0.110584 5.16317 -1.32556 -3.78773 -1.32556 -3.78773 0.210214 0.569034 0.210214 -0.569034 
1 1 0 24.4664 0.110584 5.16331 -1.32561 -3.78797 -1.32561 -3.78797 0.210209 0.568962 0.210209 -0.568962 
1 1 0 24.4714 0.110584 5.16346 -1.32567 -3.78821 -1.32567 -3.78821 0.210205 0.568889 0.210205 -0.568889 
1 1 0 24.4764 0.110584 5.16361 -1.32573 -3.78845 -1.32573 -3.78845 0.210201 0.568817 0.210201 -0.568817 
1 1 0 24.4814 0.110584 5.16376 -1.32579 -3.78868 -1.32579 -3.78868 0.210197 0.568744 0.210197 -0.568744 
1 1 0 24.4864 0.110584 5.16391 -1.32584 -3.78892 -1.32584 -3.78892 0.210193 0.568671 0.210193 -0.568671 
1 1 0 24.4914 0.110584 5.16407 -1.3259 -3.78916 -1.3259 -3.78916 0.21019 0.568598 0.21019 -0.568598 
1 1 0 24.4964 0.110584 5.16423 -1.32596 -3.78939 -1.32596 -3.78939 0.210188 0.568525 0.210188 -0.568525 
1 1 0 24.5014 0.110584 5.16439 -1.32602 -3.78963 -1.32602 -3.78963 0.210186 0.568452 0.210186 -0.568452 
1 1 0 24.5063 0.110584 5.16456 -1.32607 -3.78987 -1.32607 -3.78987 0.210184 0.568379 0.210184 -0.568379 
1 1 0 24.5113 0.110584 5.16473 -1.32613 -3.7901 -1.32613 -3.7901 0.210183 0.568305 0.210183 -0.568305 
1 1 0 24.5163 0.110584 5.1649 -1.32619 -3.79034 -1.32619 -3.79034 0.210182 0.568232 0.210182 -0.568232 
1 1 0 24.5213 0.110584 5.16508 -1.32625 -3.79058 -1.32625 -3.79058 0.210181 0.568158 0.210181 -0.568158 
1 1 0 24.5263 0.110584 5.16526 -1.3263 -3.79081 -1.3263 -3.79081 0.210181 0.568084 0.210181 -0.568084 
1 1 0 24.5313 0.110584 5.16544 -1.32636 -3.79105 -1.32636 -3.79105 0.210181 0.56801 0.210181 -0.56801 
1 1 0 24.5363 0.110584 5.16563 -1.32642 -3.79128 -1.32642 -3.79128 0.210182 0.567935 0.210182 -0.567935 
1 1 0 24.5413 0.110584 5.16581 -1.32648 -3.79152 -1.32648 -3.79152 0.210183 0.567861 0.210183 -0.567861 
1 1 0 24.5463 0.110584 5.16601 -1.32653 -3.79175 -1.32653 -3.79175 0.210185 0.567786 0.210185 -0.567786 
1 1 0 24.5513 0.110584 5.1662 -1.32659 -3.79199 -1.32659 -3.79199 0.210186 0.567712 0.210186 -0.567712 
1 1 0 24.5563 0.110584 5.1664 -1.32665 -3.79222 -1.32665 -3.79222 0.210189 0.567637 0.210189 -0.567637 
1 1 0 24.5613 0.110584 5.1666 -1.32671 -3.79245 -1.32671 -3.79245 0.210192 0.567562 0.210192 -0.567562 
1 1 0 24.5663 0.110584 5.1668 -1.32676 -3.79269 -1.32676 -3.79269 0.210195 0.567487 0.210195 -0.567487 
1 1 0 24.5713 0.110584 5.16701 -1.32682 -3.79292 -1.32682 -3.79292 0.210198 0.567411 0.210198 -0.567411 
1 1 0 24.5763 0.110584 5.16722 -1.32688 -3.79315 -1.32688 -3.79315 0.210202 0.567336 0.210202 -0.567336 
1 1 0 24.5813 0.110584 5.16743 -1.32693 -3.79339 -1.32693 -3.79339 0.210207 0.56726 0.210207 -0.56726 
1 1 0 24.5863 0.110584 5.16765 -1.32699 -3.79362 -1.32699 -3.79362 0.210211 0.567185 0.210211 -0.567185 
1 1 0 24.5912 0.110584 5.16787 -1.32705 -3.79385 -1.32705 -3.79385 0.210217 0.567109 0.210217 -0.567109 
1 1 0 24.5962 0.110584 5.16809 -1.32711 -3.79408 -1.32711 -3.79408 0.210222 0.567033 0.210222 -0.567033 
1 1 0 24.6012 0.110584 5.16832 -1.32716 -3.79432 -1.32716 -3.79432 0.210228 0.566956 0.210228 -0.566956 
1 1 0 24.6062 0.110584 5.16855 -1.32722 -3.79455 -1.32722 -3.79455 0.210235 0.56688 0.210235 -0.56688 
1 1 0 24.6112 0.110584 5.16878 -1.32728 -3.79478 -1.32728 -3.79478 0.210241 0.566804 0.210241 -0.566804 
1 1 0 24.6162 0.110584 5.16901 -1.32733 -3.79501 -1.32733 -3.79501 0.210249 0.566727 0.210249 -0.566727 
1 1 0 24.6212 0.110584 5.16925 -1.32739 -3.79524 -1.32739 -3.79524 0.210256 0.56665 0.210256 -0.56665 
1 1 0 24.6262 0.110584 5.16949 -1.32745 -3.79547 -1.32745 -3.79547 0.210264 0.566573 0.210264 -0.566573 
1 1 0 24.6312 0.110584 5.16974 -1.3275 -3.7957 -1.3275 -3.7957 0.210273 0.566496 0.210273 -0.566496 
1 1 0 24.6362 0.110584 5.16999 -1.32756 -3.79593 -1.32756 -3.79593 0.210282 0.566419 0.210282 -0.566419 
1 1 0 24.6412 0.110584 5.17024 -1.32762 -3.79616 -1.32762 -3.79616 0.210291 0.566342 0.210291 -0.566342 
1 1 0 24.6462 0.110584 5.17049 -1.32768 -3.79639 -1.32768 -3.79639 0.210301 0.566264 0.210301 -0.566264 
1 1 0 24.6512 0.110584 5.17075 -1.32773 -3.79662 -1.32773 -3.79662 0.210311 0.566186 0.210311 -0.566186 
1 1 0 24.6562 0.110584 5.17101 -1.32779 -3.79685 -1.32779 -3.79685 0.210321 0.566109 0.210321 -0.566109 
1 1 0 24.6612 0.110584 5.17127 -1.32785 -3.79708 -1.32785 -3.79708 0.210332 0.566031 0.210332 -0.566031 
1 1 0 24.6662 0.110584 5.17154 -1.3279 -3.79731 -1.3279 -3.79731 0.210343 0.565952 0.210343 -0.565952 
1 1 0 24.6712 0.110584 5.17181 -1.32796 -3.79754 -1.32796 -3.79754 0.210355 0.565874 0.210355 -0.565874 
1 1 0 24.6761 0.110584 5.17208 -1.32802 -3.79776 -1.32802 -3.79776 0.210367 0.565796 0.210367 -0.565796 
1 1 0 24.6811 0.110584 5.17236 -1.32807 -3.79799 -1.32807 -3.79799 0.210379 0.565717 0.210379 -0.565717 
1 1 0 24.6861 0.110584 5.17263 -1.32813 -3.79822 -1.32813 -3.79822 0.210392 0.565638 0.210392 -0.565638 
1 1 0 24.6911 0.110584 5.17292 -1.32819 -3.79845 -1.32819 -3.79845 0.210406 0.56556 0.210406 -0.56556 
1 1 0 24.6961 0.110584 5.1732 -1.32824 -3.79867 -1.32824 -3.79867 0.210419 0.565481 0.210419 -0.565481 
1 1 0 24.7011 0.110584 5.17349 -1.3283 -3.7989 -1.3283 -3.7989 0.210433 0.565401 0.210433 -0.565401 
1 1 0 24.7061 0.110584 5.17378 -1.32836 -3.79913 -1.32836 -3.79913 0.210448 0.565322 0.210448 -0.565322 
1 1 0 24.7111 0.110584 5.17408 -1.32841 -3.79935 -1.32841 -3.79935 0.210463 0.565243 0.210463 -0.565243 
1 1 0 24.7161 0.110584 5.17437 -1.32847 -3.79958 -1.32847 -3.79958 0.210478 0.565163 0.210478 -0.565163 
1 1 0 24.7211 0.110584 5.17467 -1.32853 -3.79981 -1.32853 -3.79981 0.210494 0.565083 0.210494 -0.565083 
1 1 0 24.7261 0.110584 5.17498 -1.32858 -3.80003 -1.32858 -3.80003 0.21051 0.565003 0.21051 -0.565003 
1 1 0 24.7311 0.110584 5.17529 -1.32864 -3.80026 -1.32864 -3.80026 0.210527 0.564923 0.210527 -0.564923 
1 1 0 24.7361 0.110584 5.1756 -1.3287 -3.80048 -1.3287 -3.80048 0.210544 0.564843 0.210544 -0.564843 
1 1 0 24.7411 0.110584 5.17591 -1.32875 -3.80071 -1.32875 -3.80071 0.210561 0.564763 0.210561 -0.564763 
1 1 0 24.7461 0.110584 5.17623 -1.32881 -3.80093 -1.32881 -3.80093 0.210579 0.564682 0.210579 -0.564682 
1 1 0 24.7511 0.110584 5.17654 -1.32887 -3.80115 -1.32887 -3.80115 0.210597 0.564602 0.210597 -0.564602 
1 1 0 24.7561 0.110584 5.17687 -1.32892 -3.80138 -1.32892 -3.80138 0.210615 0.564521 0.210615 -0.564521 
1 1 0 24.7611 0.110584 5.17719 -1.32898 -3.8016 -1.32898 -3.8016 0.210634 0.56444 0.210634 -0.56444 
1 1 0 24.7661 0.110584 5.17752 -1.32904 -3.80183 -1.32904 -3.80183 0.210654 0.564359 0.210654 -0.564359 
1 1 0 24.771 0.110584 5.17785 -1.32909 -3.80205 -1.32909 -3.80205 0.210673 0.564278 0.210673 -0.564278 
1 1 0 24.776 0.110584 5.17819 -1.32915 -3.80227 -1.32915 -3.80227 0.210693 0.564196 0.210693 -0.564196 
1 1 0 24.781 0.110584 5.17853 -1.32921 -3.8025 -1.32921 -3.8025 0.210714 0.564115 0.210714 -0.564115 
1 1 0 24.786 0.110584 5.17887 -1.32926 -3.80272 -1.32926 -3.80272 0.210735 0.564033 0.210735 -0.564033 
1 1 0 24.791 0.110584 5.17922 -1.32932 -3.80294 -1.32932 -3.80294 0.210756 0.563951 0.210756 -0.563951 
1 1 0 24.796 0.110584 5.17956 -1.32938 -3.80316 -1.32938 -3.80316 0.210778 0.563869 0.210778 -0.563869 
1 1 0 24.801 0.110584 5.17991 -1.32943 -3.80338 -1.32943 -3.80338 0.2108 0.563787 0.2108 -0.563787 
1 1 0 24.806 0.110584 5.18027 -1.32949 -3.80361 -1.32949 -3.80361 0.210823 0.563705 0.210823 -0.563705 
1 1 0 24.811 0.110584 5.18063 -1.32954 -3.80383 -1.32954 -3.80383 0.210846 0.563622 0.210846 -0.563622 
1 1 0 24.816 0.110584 5.18099 -1.3296 -3.80405 -1.3296 -3.80405 0.210869 0.56354 0.210869 -0.56354 
1 1 0 24.821 0.110584 5.18135 -1.32966 -3.80427 -1.32966 -3.80427 0.210893 0.563457 0.210893 -0.563457 
1 1 0 24.826 0.110584 5.18172 -1.32971 -3.80449 -1.32971 -3.80449 0.210917 0.563374 0.210917 -0.563374 
1 1 0 24.831 0.110584 5.18209 -1.32977 -3.80471 -1.32977 -3.80471 0.210941 0.563291 0.210941 -0.563291 
1 1 0 24.836 0.110584 5.18246 -1.32983 -3.80493 -1.32983 -3.80493 0.210966 0.563208 0.210966 -0.563208 
1 1 0 24.841 0.110584 5.18284 -1.32988 -3.80515 -1.32988 -3.80515 0.210992 0.563124 0.210992 -0.563124 
1 1 0 24.846 0.110584 5.18322 -1.32994 -3.80537 -1.32994 -3.80537 0.211017 0.563041 0.211017 -0.563041 
1 1 0 24.851 0.110584 5.1836 -1.32999 -3.80559 -1.32999 -3.80559 0.211043 0.562957 0.211043 -0.562957 
1 1 0 24.856 0.110584 5.18399 -1.33005 -3.80581 -1.33005 -3.80581 0.21107 0.562873 0.21107 -0.562873 
1 1 0 24.861 0.110584 5.18438 -1.33011 -3.80603 -1.33011 -3.80603 0.211097 0.562789 0.211097 -0.562789 
1 1 0 24.8659 0.110584 5.18477 -1.33016 -3.80624 -1.33016 -3.80624 0.211124 0.562705 0.211124 -0.562705 
1 1 0 24.8709 0.110584 5.18516 -1.33022 -3.80646 -1.33022 -3.80646 0.211152 0.562621 0.211152 -0.562621 
1 1 0 24.8759 0.110584 5.18556 -1.33028 -3.80668 -1.33028 -3.80668 0.21118 0.562537 0.21118 -0.562537 
1 1 0 24.8809 0.110584 5.18596 -1.33033 -3.8069 -1.33033 -3.8069 0.211209 0.562452 0.211209 -0.562452 
1 1 0 24.8859 0.110584 5.18637 -1.33039 -3.80712 -1.33039 -3.80712 0.211238 0.562367 0.211238 -0.562367 
1 1 0 24.8909 0.110584 5.18678 -1.33044 -3.80733 -1.33044 -3.80733 0.211267 0.562283 0.211267 -0.562283 
1 1 0 24.8959 0.110584 5.18719 -1.3305 -3.80755 -1.3305 -3.80755 0.211297 0.562198 0.211297 -0.562198 
1 1 0 24.9009 0.110584 5.1876 -1.33056 -3.80777 -1.33056 -3.80777 0.211327 0.562112 0.211327 -0.562112 
1 1 0 24.9059 0.110584 5.18802 -1.33061 -3.80798 -1.33061 -3.80798 0.211357 0.562027 0.211357 -0.562027 
1 1 0 24.9109 0.110584 5.18844 -1.33067 -3.8082 -1.33067 -3.8082 0.211388 0.561942 0.211388 -0.561942 
1 1 0 24.9159 0.110584 5.18887 -1.33072 -3.80842 -1.33072 -3.80842 0.21142 0.561856 0.21142 -0.561856 
1 1 0 24.9209 0.110584 5.1893 -1.33078 -3.80863 -1.33078 -3.80863 0.211451 0.56177 0.211451 -0.56177 
1 1 0 24.9259 0.110584 5.18973 -1.33084 -3.80885 -1.33084 -3.80885 0.211483 0.561684 0.211483 -0.561684 
1 1 0 24.9309 0.110584 5.19016 -1.33089 -3.80906 -1.33089 -3.80906 0.211516 0.561598 0.211516 -0.561598 
1 1 0 24.9359 0.110584 5.1906 -1.33095 -3.80928 -1.33095 -3.80928 0.211549 0.561512 0.211549 -0.561512 
1 1 0 24.9409 0.110584 5.19104 -1.331 -3.80949 -1.331 -3.80949 0.211582 0.561426 0.211582 -0.561426 
1 1 0 24.9459 0.110584 5.19148 -1.33106 -3.80971 -1.33106 -3.80971 0.211616 0.561339 0.211616 -0.561339 
1 1 0 24.9509 0.110584 5.19193 -1.33111 -3.80992 -1.33111 -3.80992 0.21165 0.561253 0.21165 -0.561253 
1 1 0 24.9559 0.110584 5.19238 -1.33117 -3.81013 -1.33117 -3.81013 0.211684 0.561166 0.211684 -0.561166 
1 1 0 24.9609 0.110584 5.19283 -1.33123 -3.81035 -1.33123 -3.81035 0.211719 0.561079 0.211719 -0.561079 
1 1 0 24.9658 0.110584 5.19329 -1.33128 -3.81056 -1.33128 -3.81056 0.211754 0.560992 0.211754 -0.560992 
1 1 0 24.9708 0.110584 5.19375 -1.33134 -3.81077 -1.33134 -3.81077 0.21179 0.560904 0.21179 -0.560904 
1 1 0 24.9758 0.110584 5.19421 -1.33139 -3.81099 -1.33139 -3.81099 0.211826 0.560817 0.211826 -0.560817 
1 1 0 24.9808 0.110584 5.19467 -1.33145 -3.8112 -1.33145 -3.8112 0.211863 0.560729 0.211863 -0.560729 
1 1 0 24.9858 0.110584 5.19514 -1.3315 -3.81141 -1.3315 -3.81141 0.211899 0.560642 0.211899 -0.560642 
1 1 0 24.9908 0.110584 5.19562 -1.33156 -3.81162 -1.33156 -3.81162 0.211937 0.560554 0.211937 -0.560554 
1 1 0 24.9958 0.110584 5.19609 -1.33162 -3.81183 -1.33162 -3.81183 0.211974 0.560466 0.211974 -0.560466 
1 1 0 25.0008 0.110584 5.19657 -1.33167 -3.81205 -1.33167 -3.81205 0.212012 0.560378 0.212012 -0.560378 
1 1 0 25.0058 0.110584 5.19705 -1.33173 -3.81226 -1.33173 -3.81226 0.212051 0.560289 0.212051 -0.560289 
1 1 0 25.0108 0.110584 5.19754 -1.33178 -3.81247 -1.33178 -3.81247 0.21209 0.560201 0.21209 -0.560201 
1 1 0 25.0158 0.110584 5.19803 -1.33184 -3.81268 -1.33184 -3.81268 0.212129 0.560112 0.212129 -0.560112 
1 1 0 25.0208 0.110584 5.19852 -1.33189 -3.81289 -1.33189 -3.81289 0.212168 0.560023 0.212168 -0.560023 
1 1 0 25.0258 0.110584 5.19901 -1.33195 -3.8131 -1.33195 -3.8131 0.212208 0.559934 0.212208 -0.559934 
1 1 0 25.0308 0.110584 5.19951 -1.332 -3.81331 -1.332 -3.81331 0.212249 0.559845 0.212249 -0.559845 
1 1 0 25.0358 0.110584 5.20001 -1.33206 -3.81352 -1.33206 -3.81352 0.21229 0.559756 0.21229 -0.559756 
1 1 0 25.0408 0.110584 5.20052 -1.33212 -3.81373 -1.33212 -3.81373 0.212331 0.559667 0.212331 -0.559667 
1 1 0 25.0458 0.110584 5.20103 -1.33217 -3.81394 -1.33217 -3.81394 0.212372 0.559577 0.212372 -0.559577 
1 1 0 25.0508 0.110584 5.20154 -1.33223 -3.81415 -1.33223 -3.81415 0.212414 0.559487 0.212414 -0.559487 
1 1 0 25.0558 0.110584 5.20205 -1.33228 -3.81435 -1.33228 -3.81435 0.212457 0.559397 0.212457 -0.559397 
1 1 0 25.0608 0.110584 5.20257 -1.33234 -3.81456 -1.33234 -3.81456 0.212499 0.559307 0.212499 -0.559307 
1 1 0 25.0658 0.110584 5.20309 -1.33239 -3.81477 -1.33239 -3.81477 0.212543 0.559217 0.212543 -0.559217 
1 1 0 25.0707 0.110584 5.20362 -1.33245 -3.81498 -1.33245 -3.81498 0.212586 0.559127 0.212586 -0.559127 
1 1 0 25.0757 0.110584 5.20414 -1.3325 -3.81519 -1.3325 -3.81519 0.21263 0.559036 0.21263 -0.559036 
1 1 0 25.0807 0.110584 5.20467 -1.33256 -3.81539 -1.33256 -3.81539 0.212674 0.558946 0.212674 -0.558946 
1 1 0 25.0857 0.110584 5.20521 -1.33261 -3.8156 -1.33261 -3.8156 0.212719 0.558855 0.212719 -0.558855 
1 1 0 25.0907 0.110584 5.20575 -1.33267 -3.81581 -1.33267 -3.81581 0.212764 0.558764 0.212764 -0.558764 
1 1 0 25.0957 0.110584 5.20629 -1.33272 -3.81601 -1.33272 -3.81601 0.21281 0.558673 0.21281 -0.558673 
1 1 0 25.1007 0.110584 5.20683 -1.33278 -3.81622 -1.33278 -3.81622 0.212856 0.558582 0.212856 -0.558582 
1 1 0 25.1057 0.110584 5.20738 -1.33284 -3.81642 -1.33284 -3.81642 0.212902 0.55849 0.212902 -0.55849 
1 1 0 25.1107 0.110584 5.20793 -1.33289 -3.81663 -1.33289 -3.81663 0.212948 0.558399 0.212948 -0.558399 
1 1 0 25.1157 0.110584 5.20848 -1.33295 -3.81684 -1.33295 -3.81684 0.212996 0.558307 0.212996 -0.558307 
1 1 0 25.1207 0.110584 5.20904 -1.333 -3.81704 -1.333 -3.81704 0.213043 0.558215 0.213043 -0.558215 
1 1 0 25.1257 0.110584 5.2096 -1.33306 -3.81725 -1.33306 -3.81725 0.213091 0.558123 0.213091 -0.558123 
1 1 0 25.1307 0.110584 5.21016 -1.33311 -3.81745 -1.33311 -3.81745 0.213139 0.558031 0.213139 -0.558031 
1 1 0 25.1357 0.110584 5.21073 -1.33317 -3.81765 -1.33317 -3.81765 0.213188 0.557939 0.213188 -0.557939 
1 1 0 25.1407 0.110584 5.2113 -1.33322 -3.81786 -1.33322 -3.81786 0.213237 0.557846 0.213237 -0.557846 
1 1 0 25.1457 0.110584 5.21187 -1.33328 -3.81806 -1.33328 -3.81806 0.213286 0.557753 0.213286 -0.557753 
1 1 0 25.1507 0.110584 5.21245 -1.33333 -3.81827 -1.33333 -3.81827 0.213336 0.557661 0.213336 -0.557661 
1 1 0 25.1557 0.110584 5.21303 -1.33339 -3.81847 -1.33339 -3.81847 0.213386 0.557568 0.213386 -0.557568 
1 1 0 25.1607 0.110584 5.21362 -1.33344 -3.81867 -1.33344 -3.81867 0.213437 0.557474 0.213437 -0.557474 
1 1 0 25.1657 0.110584 5.2142 -1.3335 -3.81887 -1.3335 -3.81887 0.213488 0.557381 0.213488 -0.557381 
1 1 0 25.1707 0.110584 5.21479 -1.33355 -3.81908 -1.33355 -3.81908 0.213539 0.557288 0.213539 -0.557288 
1 1 0 25.1757 0.110584 5.21539 -1.33361 -3.81928 -1.33361 -3.81928 0.213591 0.557194 0.213591 -0.557194 
1 1 0 25.1807 0.110584 5.21598 -1.33366 -3.81948 -1.33366 -3.81948 0.213643 0.5571 0.213643 -0.5571 
1 1 0 25.1856 0.110584 5.21658 -1.33372 -3.81968 -1.33372 -3.81968 0.213695 0.557007 0.213695 -0.557007 
1 1 0 25.1906 0.110584 5.21719 -1.33377 -3.81988 -1.33377 -3.81988 0.213748 0.556912 0.213748 -0.556912 
1 1 0 25.1956 0.110584 5.21779 -1.33383 -3.82008 -1.33383 -3.82008 0.213802 0.556818 0.213802 -0.556818 
1 1 0 25.2006 0.110584 5.2184 -1.33388 -3.82028 -1.33388 -3.82028 0.213855 0.556724 0.213855 -0.556724 
1 1 0 25.2056 0.110584 5.21902 -1.33394 -3.82049 -1.33394 -3.82049 0.213909 0.556629 0.213909 -0.556629 
1 1 0 25.2106 0.110584 5.21963 -1.33399 -3.82069 -1.33399 -3.82069 0.213964 0.556535 0.213964 -0.556535 
1 1 0 25.2156 0.110584 5.22025 -1.33405 -3.82089 -1.33405 -3.82089 0.214019 0.55644 0.214019 -0.55644 
1 1 0 25.2206 0.110584 5.22088 -1.3341 -3.82108 -1.3341 -3.82108 0.214074 0.556345 0.214074 -0.556345 
1 1 0 25.2256 0.110584 5.2215 -1.33415 -3.82128 -1.33415 -3.82128 0.21413 0.55625 0.21413 -0.55625 
1 1 0 25.2306 0.110584 5.22213 -1.33421 -3.82148 -1.33421 -3.82148 0.214186 0.556154 0.214186 -0.556154 
1 1 0 25.2356 0.110584 5.22277 -1.33426 -3.82168 -1.33426 -3.82168 0.214242 0.556059 0.214242 -0.556059 
1 1 0 25.2406 0.110584 5.2234 -1.33432 -3.82188 -1.33432 -3.82188 0.214299 0.555963 0.214299 -0.555963 
1 1 0 25.2456 0.110584 5.22404 -1.33437 -3.82208 -1.33437 -3.82208 0.214356 0.555867 0.214356 -0.555867 
1 1 0 25.2506 0.110584 5.22469 -1.33443 -3.82228 -1.33443 -3.82228 0.214414 0.555771 0.214414 -0.555771 
1 1 0 25.2556 0.110584 5.22533 -1.33448 -3.82247 -1.33448 -3.82247 0.214472 0.555675 0.214472 -0.555675 
1 1 0 25.2606 0.110584 5.22598 -1.33454 -3.82267 -1.33454 -3.82267 0.21453 0.555579 0.21453 -0.555579 
1 1 0 25.2656 0.110584 5.22664 -1.33459 -3.82287 -1.33459 -3.82287 0.214589 0.555482 0.214589 -0.555482 
1 1 0 25.2706 0.110584 5.2273 -1.33465 -3.82307 -1.33465 -3.82307 0.214648 0.555386 0.214648 -0.555386 
1 1 0 25.2756 0.110584 5.22796 -1.3347 -3.82326 -1.3347 -3.82326 0.214707 0.555289 0.214707 -0.555289 
1 1 0 25.2806 0.110584 5.22862 -1.33476 -3.82346 -1.33476 -3.82346 0.214767 0.555192 0.214767 -0.555192 
1 1 0 25.2856 0.110584 5.22929 -1.33481 -3.82366 -1.33481 -3.82366 0.214828 0.555095 0.214828 -0.555095 
1 1 0 25.2906 0.110584 5.22996 -1.33486 -3.82385 -1.33486 -3.82385 0.214888 0.554998 0.214888 -0.554998 
1 1 0 25.2956 0.110584 5.23063 -1.33492 -3.82405 -1.33492 -3.82405 0.214949 0.5549 0.214949 -0.5549 
1 1 0 25.3005 0.110584 5.23131 -1.33497 -3.82424 -1.33497 -3.82424 0.215011 0.554803 0.215011 -0.554803 
1 1 0 25.3055 0.110584 5.23199 -1.33503 -3.82444 -1.33503 -3.82444 0.215073 0.554705 0.215073 -0.554705 
1 1 0 25.3105 0.110584 5.23267 -1.33508 -3.82463 -1.33508 -3.82463 0.215135 0.554607 0.215135 -0.554607 
1 1 0 25.3155 0.110584 5.23336 -1.33514 -3.82483 -1.33514 -3.82483 0.215198 0.554509 0.215198 -0.554509 
1 1 0 25.3205 0.110584 5.23405 -1.33519 -3.82502 -1.33519 -3.82502 0.215261 0.554411 0.215261 -0.554411 
1 1 0 25.3255 0.110584 5.23475 -1.33525 -3.82521 -1.33525 -3.82521 0.215324 0.554313 0.215324 -0.554313 
1 1 0 25.3305 0.110584 5.23545 -1.3353 -3.82541 -1.3353 -3.82541 0.215388 0.554214 0.215388 -0.554214 
1 1 0 25.3355 0.110584 5.23615 -1.33535 -3.8256 -1.33535 -3.8256 0.215452 0.554115 0.215452 -0.554115 
1 1 0 25.3405 0.110584 5.23685 -1.33541 -3.82579 -1.33541 -3.82579 0.215516 0.554017 0.215516 -0.554017 
1 1 0 25.3455 0.110584 5.23756 -1.33546 -3.82599 -1.33546 -3.82599 0.215581 0.553918 0.215581 -0.553918 
1 1 0 25.3505 0.110584 5.23827 -1.33552 -3.82618 -1.33552 -3.82618 0.215647 0.553818 0.215647 -0.553818 
1 1 0 25.3555 0.110584 5.23899 -1.33557 -3.82637 -1.33557 -3.82637 0.215712 0.553719 0.215712 -0.553719 
1 1 0 25.3605 0.110584 5.2397 -1.33563 -3.82656 -1.33563 -3.82656 0.215779 0.553619 0.215779 -0.553619 
1 1 0 25.3655 0.110584 5.24043 -1.33568 -3.82675 -1.33568 -3.82675 0.215845 0.55352 0.215845 -0.55352 
1 1 0 25.3705 0.110584 5.24115 -1.33573 -3.82695 -1.33573 -3.82695 0.215912 0.55342 0.215912 -0.55342 
1 1 0 25.3755 0.110584 5.24188 -1.33579 -3.82714 -1.33579 -3.82714 0.215979 0.55332 0.215979 -0.55332 
1 1 0 25.3805 0.110584 5.24261 -1.33584 -3.82733 -1.33584 -3.82733 0.216047 0.55322 0.216047 -0.55322 
1 1 0 25.3855 0.110584 5.24335 -1.3359 -3.82752 -1.3359 -3.82752 0.216115 0.55312 0.216115 -0.55312 
1 1 0 25.3905 0.110584 5.24409 -1.33595 -3.82771 -1.33595 -3.82771 0.216183 0.553019 0.216183 -0.553019 
1 1 0 25.3955 0.110584 5.24483 -1.336 -3.8279 -1.336 -3.8279 0.216252 0.552918 0.216252 -0.552918 
1 1 0 25.4005 0.110584 5.24558 -1.33606 -3.82809 -1.33606 -3.82809 0.216321 0.552818 0.216321 -0.552818 
1 1 0 25.4055 0.110584 5.24633 -1.33611 -3.82828 -1.33611 -3.82828 0.216391 0.552717 0.216391 -0.552717 
1 1 0 25.4105 0.110584 5.24708 -1.33617 -3.82847 -1.33617 -3.82847 0.216461 0.552615 0.216461 -0.552615 
1 1 0 25.4155 0.110584 5.24783 -1.33622 -3.82865 -1.33622 -3.82865 0.216531 0.552514 0.216531 -0.552514 
1 1 0 25.4205 0.110584 5.24859 -1.33628 -3.82884 -1.33628 -3.82884 0.216602 0.552413 0.216602 -0.552413 
1 1 0 25.4254 0.110584 5.24936 -1.33633 -3.82903 -1.33633 -3.82903 0.216673 0.552311 0.216673 -0.552311 
1 1 0 25.4304 0.110584 5.25013 -1.33638 -3.82922 -1.33638 -3.82922 0.216744 0.552209 0.216744 -0.552209 
1 1 0 25.4354 0.110584 5.2509 -1.33644 -3.82941 -1.33644 -3.82941 0.216816 0.552107 0.216816 -0.552107 
1 1 0 25.4404 0.110584 5.25167 -1.33649 -3.82959 -1.33649 -3.82959 0.216888 0.552005 0.216888 -0.552005 
1 1 0 25.4454 0.110584 5.25245 -1.33654 -3.82978 -1.33654 -3.82978 0.216961 0.551903 0.216961 -0.551903 
1 1 0 25.4504 0.110584 5.25323 -1.3366 -3.82997 -1.3366 -3.82997 0.217034 0.5518 0.217034 -0.5518 
1 1 0 25.4554 0.110584 5.25401 -1.33665 -3.83015 -1.33665 -3.83015 0.217108 0.551698 0.217108 -0.551698 
1 1 0 25.4604 0.110584 5.2548 -1.33671 -3.83034 -1.33671 -3.83034 0.217181 0.551595 0.217181 -0.551595 
1 1 0 25.4654 0.110584 5.25559 -1.33676 -3.83053 -1.33676 -3.83053 0.217255 0.551492 0.217255 -0.551492 
1 1 0 25.4704 0.110584 5.25639 -1.33681 -3.83071 -1.33681 -3.83071 0.21733 0.551389 0.21733 -0.551389 
1 1 0 25.4754 0.110584 5.25719 -1.33687 -3.8309 -1.33687 -3.8309 0.217405 0.551285 0.217405 -0.551285 
1 1 0 25.4804 0.110584 5.25799 -1.33692 -3.83108 -1.33692 -3.83108 0.21748 0.551182 0.21748 -0.551182 
1 1 0 25.4854 0.110584 5.25879 -1.33698 -3.83127 -1.33698 -3.83127 0.217556 0.551078 0.217556 -0.551078 
1 1 0 25.4904 0.110584 5.2596 -1.33703 -3.83145 -1.33703 -3.83145 0.217632 0.550975 0.217632 -0.550975 
1 1 0 25.4954 0.110584 5.26042 -1.33708 -3.83164 -1.33708 -3.83164 0.217709 0.550871 0.217709 -0.550871 
1 1 0 25.5004 0.110584 5.26123 -1.33714 -3.83182 -1.33714 -3.83182 0.217785 0.550766 0.217785 -0.550766 
1 1 0 25.5054 0.110584 5.26205 -1.33719 -3.832 -1.33719 -3.832 0.217863 0.550662 0.217863 -0.550662 
1 1 0 25.5104 0.110584 5.26287 -1.33724 -3.83219 -1.33724 -3.83219 0.21794 0.550558 0.21794 -0.550558 
1 1 0 25.5154 0.110584 5.2637 -1.3373 -3.83237 -1.3373 -3.83237 0.218018 0.550453 0.218018 -0.550453 
1 1 0 25.5204 0.110584 5.26453 -1.33735 -3.83255 -1.33735 -3.83255 0.218097 0.550348 0.218097 -0.550348 
1 1 0 25.5254 0.110584 5.26537 -1.3374 -3.83273 -1.3374 -3.83273 0.218175 0.550243 0.218175 -0.550243 
1 1 0 25.5304 0.110584 5.2662 -1.33746 -3.83292 -1.33746 -3.83292 0.218255 0.550138 0.218255 -0.550138 
1 1 0 25.5354 0.110584 5.26705 -1.33751 -3.8331 -1.33751 -3.8331 0.218334 0.550033 0.218334 -0.550033 
1 1 0 25.5404 0.110584 5.26789 -1.33757 -3.83328 -1.33757 -3.83328 0.218414 0.549927 0.218414 -0.549927 
1 1 0 25.5454 0.110584 5.26874 -1.33762 -3.83346 -1.33762 -3.83346 0.218494 0.549822 0.218494 -0.549822 
1 1 0 25.5504 0.110584 5.26959 -1.33767 -3.83364 -1.33767 -3.83364 0.218575 0.549716 0.218575 -0.549716 
1 1 0 25.5554 0.110584 5.27045 -1.33773 -3.83382 -1.33773 -3.83382 0.218656 0.54961 0.218656 -0.54961 
1 1 0 25.5604 0.110584 5.27131 -1.33778 -3.834 -1.33778 -3.834 0.218738 0.549503 0.218738 -0.549503 
1 1 0 25.5653 0.110584 5.27217 -1.33783 -3.83418 -1.33783 -3.83418 0.218819 0.549397 0.218819 -0.549397 
1 1 0 25.5703 0.110584 5.27304 -1.33789 -3.83436 -1.33789 -3.83436 0.218902 0.549291 0.218902 -0.549291 
1 1 0 25.5753 0.110584 5.27391 -1.33794 -3.83454 -1.33794 -3.83454 0.218984 0.549184 0.218984 -0.549184 
1 1 0 25.5803 0.110584 5.27478 -1.33799 -3.83472 -1.33799 -3.83472 0.219067 0.549077 0.219067 -0.549077 
1 1 0 25.5853 0.110584 5.27566 -1.33805 -3.8349 -1.33805 -3.8349 0.219151 0.54897 0.219151 -0.54897 
1 1 0 25.5903 0.110584 5.27654 -1.3381 -3.83508 -1.3381 -3.83508 0.219234 0.548863 0.219234 -0.548863 
1 1 0 25.5953 0.110584 5.27742 -1.33815 -3.83526 -1.33815 -3.83526 0.219318 0.548755 0.219318 -0.548755 
1 1 0 25.6003 0.110584 5.27831 -1.33821 -3.83544 -1.33821 -3.83544 0.219403 0.548648 0.219403 -0.548648 
1 1 0 25.6053 0.110584 5.2792 -1.33826 -3.83561 -1.33826 -3.83561 0.219488 0.54854 0.219488 -0.54854 
1 1 0 25.6103 0.110584 5.2801 -1.33831 -3.83579 -1.33831 -3.83579 0.219573 0.548432 0.219573 -0.548432 
1 1 0 25.6153 0.110584 5.281 -1.33837 -3.83597 -1.33837 -3.83597 0.219659 0.548324 0.219659 -0.548324 
1 1 0 25.6203 0.110584 5.2819 -1.33842 -3.83615 -1.33842 -3.83615 0.219745 0.548216 0.219745 -0.548216 
1 1 0 25.6253 0.110584 5.28281 -1.33847 -3.83632 -1.33847 -3.83632 0.219831 0.548107 0.219831 -0.548107 
1 1 0 25.6303 0.110584 5.28372 -1.33853 -3.8365 -1.33853 -3.8365 0.219918 0.547999 0.219918 -0.547999 
1 1 0 25.6353 0.110584 5.28463 -1.33858 -3.83667 -1.33858 -3.83667 0.220005 0.54789 0.220005 -0.54789 
1 1 0 25.6403 0.110584 5.28555 -1.33863 -3.83685 -1.33863 -3.83685 0.220093 0.547781 0.220093 -0.547781 
1 1 0 25.6453 0.110584 5.28647 -1.33868 -3.83703 -1.33868 -3.83703 0.220181 0.547672 0.220181 -0.547672 
1 1 0 25.6503 0.110584 5.28739 -1.33874 -3.8372 -1.33874 -3.8372 0.220269 0.547563 0.220269 -0.547563 
1 1 0 25.6553 0.110584 5.28832 -1.33879 -3.83738 -1.33879 -3.83738 0.220358 0.547453 0.220358 -0.547453 
1 1 0 25.6603 0.110584 5.28926 -1.33884 -3.83755 -1.33884 -3.83755 0.220447 0.547343 0.220447 -0.547343 
1 1 0 25.6653 0.110584 5.29019 -1.3389 -3.83772 -1.3389 -3.83772 0.220536 0.547234 0.220536 -0.547234 
1 1 0 25.6703 0.110584 5.29113 -1.33895 -3.8379 -1.33895 -3.8379 0.220626 0.547124 0.220626 -0.547124 
1 1 0 25.6753 0.110584 5.29208 -1.339 -3.83807 -1.339 -3.83807 0.220716 0.547013 0.220716 -0.547013 
1 1 0 25.6803 0.110584 5.29302 -1.33906 -3.83824 -1.33906 -3.83824 0.220807 0.546903 0.220807 -0.546903 
1 1 0 25.6853 0.110584 5.29397 -1.33911 -3.83842 -1.33911 -3.83842 0.220898 0.546793 0.220898 -0.546793 
1 1 0 25.6903 0.110584 5.29493 -1.33916 -3.83859 -1.33916 -3.83859 0.220989 0.546682 0.220989 -0.546682 
1 1 0 25.6953 0.110584 5.29589 -1.33921 -3.83876 -1.33921 -3.83876 0.221081 0.546571 0.221081 -0.546571 
1 1 0 25.7003 0.110584 5.29685 -1.33927 -3.83893 -1.33927 -3.83893 0.221173 0.54646 0.221173 -0.54646 
1 1 0 25.7053 0.110584 5.29782 -1.33932 -3.83911 -1.33932 -3.83911 0.221266 0.546349 0.221266 -0.546349 
1 1 0 25.7102 0.110584 5.29878 -1.33937 -3.83928 -1.33937 -3.83928 0.221359 0.546237 0.221359 -0.546237 
1 1 0 25.7152 0.110584 5.29976 -1.33943 -3.83945 -1.33943 -3.83945 0.221452 0.546126 0.221452 -0.546126 
1 1 0 25.7202 0.110584 5.30074 -1.33948 -3.83962 -1.33948 -3.83962 0.221546 0.546014 0.221546 -0.546014 
1 1 0 25.7252 0.110584 5.30172 -1.33953 -3.83979 -1.33953 -3.83979 0.22164 0.545902 0.22164 -0.545902 
1 1 0 25.7302 0.110584 5.3027 -1.33958 -3.83996 -1.33958 -3.83996 0.221734 0.54579 0.221734 -0.54579 
1 1 0 25.7352 0.110584 5.30369 -1.33964 -3.84013 -1.33964 -3.84013 0.221829 0.545677 0.221829 -0.545677 
1 1 0 25.7402 0.110584 5.30468 -1.33969 -3.8403 -1.33969 -3.8403 0.221924 0.545565 0.221924 -0.545565 
1 1 0 25.7452 0.110584 5.30568 -1.33974 -3.84047 -1.33974 -3.84047 0.222019 0.545452 0.222019 -0.545452 
1 1 0 25.7502 0.110584 5.30668 -1.3398 -3.84064 -1.3398 -3.84064 0.222115 0.545339 0.222115 -0.545339 
1 1 0 25.7552 0.110584 5.30768 -1.33985 -3.84081 -1.33985 -3.84081 0.222212 0.545226 0.222212 -0.545226 
1 1 0 25.7602 0.110584 5.30869 -1.3399 -3.84098 -1.3399 -3.84098 0.222308 0.545113 0.222308 -0.545113 
1 1 0 25.7652 0.110584 5.3097 -1.33995 -3.84114 -1.33995 -3.84114 0.222406 0.544999 0.222406 -0.544999 
1 1 0 25.7702 0.110584 5.31072 -1.34001 -3.84131 -1.34001 -3.84131 0.222503 0.544886 0.222503 -0.544886 
1 1 0 25.7752 0.110584 5.31174 -1.34006 -3.84148 -1.34006 -3.84148 0.222601 0.544772 0.222601 -0.544772 
1 1 0 25.7802 0.110584 5.31276 -1.34011 -3.84165 -1.34011 -3.84165 0.222699 0.544658 0.222699 -0.544658 
1 1 0 25.7852 0.110584 5.31379 -1.34016 -3.84181 -1.34016 -3.84181 0.222798 0.544544 0.222798 -0.544544 
1 1 0 25.7902 0.110584 5.31482 -1.34022 -3.84198 -1.34022 -3.84198 0.222897 0.54443 0.222897 -0.54443 
1 1 0 25.7952 0.110584 5.31585 -1.34027 -3.84215 -1.34027 -3.84215 0.222996 0.544315 0.222996 -0.544315 
1 1 0 25.8002 0.110584 5.31689 -1.34032 -3.84231 -1.34032 -3.84231 0.223096 0.5442 0.223096 -0.5442 
1 1 0 25.8052 0.110584 5.31793 -1.34037 -3.84248 -1.34037 -3.84248 0.223196 0.544085 0.223196 -0.544085 
1 1 0 25.8102 0.110584 5.31898 -1.34043 -3.84264 -1.34043 -3.84264 0.223296 0.54397 0.223296 -0.54397 
1 1 0 25.8152 0.110584 5.32003 -1.34048 -3.84281 -1.34048 -3.84281 0.223397 0.543855 0.223397 -0.543855 
1 1 0 25.8202 0.110584 5.32108 -1.34053 -3.84297 -1.34053 -3.84297 0.223498 0.54374 0.223498 -0.54374 
1 1 0 25.8252 0.110584 5.32214 -1.34058 -3.84314 -1.34058 -3.84314 0.2236 0.543624 0.2236 -0.543624 
1 1 0 25.8302 0.110584 5.3232 -1.34064 -3.8433 -1.34064 -3.8433 0.223702 0.543508 0.223702 -0.543508 
1 1 0 25.8352 0.110584 5.32427 -1.34069 -3.84347 -1.34069 -3.84347 0.223804 0.543392 0.223804 -0.543392 
1 1 0 25.8402 0.110584 5.32534 -1.34074 -3.84363 -1.34074 -3.84363 0.223907 0.543276 0.223907 -0.543276 
1 1 0 25.8452 0.110584 5.32641 -1.34079 -3.84379 -1.34079 -3.84379 0.22401 0.54316 0.22401 -0.54316 
1 1 0 25.8502 0.110584 5.32749 -1.34084 -3.84396 -1.34084 -3.84396 0.224114 0.543043 0.224114 -0.543043 
1 1 0 25.8552 0.110584 5.32857 -1.3409 -3.84412 -1.3409 -3.84412 0.224218 0.542926 0.224218 -0.542926 
1 1 0 25.8602 0.110584 5.32965 -1.34095 -3.84428 -1.34095 -3.84428 0.224322 0.542809 0.224322 -0.542809 
1 1 0 25.8652 0.110584 5.33074 -1.341 -3.84444 -1.341 -3.84444 0.224427 0.542692 0.224427 -0.542692 
1 1 0 25.8702 0.110584 5.33184 -1.34105 -3.8446 -1.34105 -3.8446 0.224532 0.542575 0.224532 -0.542575 
1 1 0 25.8751 0.110584 5.33293 -1.34111 -3.84477 -1.34111 -3.84477 0.224637 0.542457 0.224637 -0.542457 
1 1 0 25.8801 0.110584 5.33403 -1.34116 -3.84493 -1.34116 -3.84493 0.224743 0.54234 0.224743 -0.54234 
1 1 0 25.8851 0.110584 5.33514 -1.34121 -3.84509 -1.34121 -3.84509 0.224849 0.542222 0.224849 -0.542222 
1 1 0 25.8901 0.110584 5.33625 -1.34126 -3.84525 -1.34126 -3.84525 0.224956 0.542104 0.224956 -0.542104 
1 1 0 25.8951 0.110584 5.33736 -1.34131 -3.84541 -1.34131 -3.84541 0.225063 0.541986 0.225063 -0.541986 
1 1 0 25.9001 0.110584 5.33848 -1.34137 -3.84557 -1.34137 -3.84557 0.22517 0.541867 0.22517 -0.541867 
1 1 0 25.9051 0.110584 5.3396 -1.34142 -3.84573 -1.34142 -3.84573 0.225278 0.541748 0.225278 -0.541748 
1 1 0 25.9101 0.110584 5.34072 -1.34147 -3.84589 -1.34147 -3.84589 0.225386 0.54163 0.225386 -0.54163 
1 1 0 25.9151 0.110584 5.34185 -1.34152 -3.84605 -1.34152 -3.84605 0.225494 0.541511 0.225494 -0.541511 
1 1 0 25.9201 0.110584 5.34299 -1.34157 -3.8462 -1.34157 -3.8462 0.225603 0.541391 0.225603 -0.541391 
1 1 0 25.9251 0.110584 5.34412 -1.34163 -3.84636 -1.34163 -3.84636 0.225712 0.541272 0.225712 -0.541272 
1 1 0 25.9301 0.110584 5.34526 -1.34168 -3.84652 -1.34168 -3.84652 0.225822 0.541152 0.225822 -0.541152 
1 1 0 25.9351 0.110584 5.34641 -1.34173 -3.84668 -1.34173 -3.84668 0.225932 0.541032 0.225932 -0.541032 
1 1 0 25.9401 0.110584 5.34756 -1.34178 -3.84683 -1.34178 -3.84683 0.226042 0.540913 0.226042 -0.540913 
1 1 0 25.9451 0.110584 5.34871 -1.34183 -3.84699 -1.34183 -3.84699 0.226153 0.540792 0.226153 -0.540792 
1 1 0 25.9501 0.110584 5.34987 -1.34189 -3.84715 -1.34189 -3.84715 0.226264 0.540672 0.226264 -0.540672 
1 1 0 25.9551 0.110584 5.35103 -1.34194 -3.8473 -1.34194 -3.8473 0.226375 0.540551 0.226375 -0.540551 
1 1 0 25.9601 0.110584 5.3522 -1.34199 -3.84746 -1.34199 -3.84746 0.226487 0.540431 0.226487 -0.540431 
1 1 0 25.9651 0.110584 5.35337 -1.34204 -3.84762 -1.34204 -3.84762 0.226599 0.54031 0.226599 -0.54031 
1 1 0 25.9701 0.110584 5.35454 -1.34209 -3.84777 -1.34209 -3.84777 0.226712 0.540188 0.226712 -0.540188 
1 1 0 25.9751 0.110584 5.35572 -1.34214 -3.84793 -1.34214 -3.84793 0.226825 0.540067 0.226825 -0.540067 
1 1 0 25.9801 0.110584 5.3569 -1.3422 -3.84808 -1.3422 -3.84808 0.226938 0.539946 0.226938 -0.539946 
1 1 0 25.9851 0.110584 5.35809 -1.34225 -3.84823 -1.34225 -3.84823 0.227052 0.539824 0.227052 -0.539824 
1 1 0 25.9901 0.110584 5.35928 -1.3423 -3.84839 -1.3423 -3.84839 0.227166 0.539702 0.227166 -0.539702 
1 1 0 25.9951 0.110584 5.36047 -1.34235 -3.84854 -1.34235 -3.84854 0.227281 0.53958 0.227281 -0.53958 
1 1 0 26.0001 0.110584 5.36167 -1.3424 -3.8487 -1.3424 -3.8487 0.227396 0.539457 0.227396 -0.539457 
1 1 0 26.0051 0.110584 5.36287 -1.34245 -3.84885 -1.34245 -3.84885 0.227511 0.539335 0.227511 -0.539335 
1 1 0 26.0101 0.110584 5.36408 -1.34251 -3.849 -1.34251 -3.849 0.227626 0.539212 0.227626 -0.539212 
1 1 0 26.0151 0.110584 5.36529 -1.34256 -3.84915 -1.34256 -3.84915 0.227742 0.539089 0.227742 -0.539089 
1 1 0 26.0201 0.110584 5.3665 -1.34261 -3.84931 -1.34261 -3.84931 0.227859 0.538966 0.227859 -0.538966 
1 1 0 26.0251 0.110584 5.36772 -1.34266 -3.84946 -1.34266 -3.84946 0.227976 0.538843 0.227976 -0.538843 
1 1 0 26.0301 0.110584 5.36894 -1.34271 -3.84961 -1.34271 -3.84961 0.228093 0.538719 0.228093 -0.538719 
1 1 0 26.0351 0.110584 5.37017 -1.34276 -3.84976 -1.34276 -3.84976 0.22821 0.538595 0.22821 -0.538595 
1 1 0 26.0401 0.110584 5.3714 -1.34282 -3.84991 -1.34282 -3.84991 0.228328 0.538471 0.228328 -0.538471 
1 1 0 26.0451 0.110584 5.37264 -1.34287 -3.85006 -1.34287 -3.85006 0.228446 0.538347 0.228446 -0.538347 
1 1 0 26.0501 0.110584 5.37388 -1.34292 -3.85021 -1.34292 -3.85021 0.228565 0.538223 0.228565 -0.538223 
1 1 0 26.0551 0.110584 5.37512 -1.34297 -3.85036 -1.34297 -3.85036 0.228684 0.538098 0.228684 -0.538098 
1 1 0 26.06 0.110584 5.37637 -1.34302 -3.85051 -1.34302 -3.85051 0.228804 0.537974 0.228804 -0.537974 
1 1 0 26.065 0.110584 5.37763 -1.34307 -3.85066 -1.34307 -3.85066 0.228923 0.537849 0.228923 -0.537849 
1 1 0 26.07 0.110584 5.37888 -1.34312 -3.85081 -1.34312 -3.85081 0.229044 0.537724 0.229044 -0.537724 
1 1 0 26.075 0.110584 5.38014 -1.34318 -3.85096 -1.34318 -3.85096 0.229164 0.537598 0.229164 -0.537598 
1 1 0 26.08 0.110584 5.38141 -1.34323 -3.85111 -1.34323 -3.85111 0.229285 0.537473 0.229285 -0.537473 
1 1 0 26.085 0.110584 5.38268 -1.34328 -3.85125 -1.34328 -3.85125 0.229406 0.537347 0.229406 -0.537347 
1 1 0 26.09 0.110584 5.38395 -1.34333 -3.8514 -1.34333 -3.8514 0.229528 0.537221 0.229528 -0.537221 
1 1 0 26.095 0.110584 5.38523 -1.34338 -3.85155 -1.34338 -3.85155 0.22965 0.537095 0.22965 -0.537095 
1 1 0 26.1 0.110584 5.38651 -1.34343 -3.8517 -1.34343 -3.8517 0.229773 0.536968 0.229773 -0.536968 
1 1 0 26.105 0.110584 5.3878 -1.34348 -3.85184 -1.34348 -3.85184 0.229895 0.536842 0.229895 -0.536842 
1 1 0 26.11 0.110584 5.38909 -1.34353 -3.85199 -1.34353 -3.85199 0.230019 0.536715 0.230019 -0.536715 
1 1 0 26.115 0.110584 5.39039 -1.34359 -3.85213 -1.34359 -3.85213 0.230142 0.536588 0.230142 -0.536588 
1 1 0 26.12 0.110584 5.39169 -1.34364 -3.85228 -1.34364 -3.85228 0.230266 0.536461 0.230266 -0.536461 
1 1 0 26.125 0.110584 5.39299 -1.34369 -3.85242 -1.34369 -3.85242 0.230391 0.536333 0.230391 -0.536333 
1 1 0 26.13 0.110584 5.3943 -1.34374 -3.85257 -1.34374 -3.85257 0.230515 0.536206 0.230515 -0.536206 
1 1 0 26.135 0.110584 5.39561 -1.34379 -3.85271 -1.34379 -3.85271 0.23064 0.536078 0.23064 -0.536078 
1 1 0 26.14 0.110584 5.39693 -1.34384 -3.85286 -1.34384 -3.85286 0.230766 0.53595 0.230766 -0.53595 
1 1 0 26.145 0.110584 5.39825 -1.34389 -3.853 -1.34389 -3.853 0.230892 0.535822 0.230892 -0.535822 
1 1 0 26.15 0.110584 5.39958 -1.34394 -3.85315 -1.34394 -3.85315 0.231018 0.535693 0.231018 -0.535693 
1 1 0 26.155 0.110584 5.40091 -1.34399 -3.85329 -1.34399 -3.85329 0.231144 0.535565 0.231144 -0.535565 
1 1 0 26.16 0.110584 5.40224 -1.34405 -3.85343 -1.34405 -3.85343 0.231271 0.535436 0.231271 -0.535436 
1 1 0 26.165 0.110584 5.40358 -1.3441 -3.85357 -1.3441 -3.85357 0.231399 0.535307 0.231399 -0.535307 
1 1 0 26.17 0.110584 5.40493 -1.34415 -3.85372 -1.34415 -3.85372 0.231527 0.535177 0.231527 -0.535177 
1 1 0 26.175 0.110584 5.40628 -1.3442 -3.85386 -1.3442 -3.85386 0.231655 0.535048 0.231655 -0.535048 
1 1 0 26.18 0.110584 5.40763 -1.34425 -3.854 -1.34425 -3.854 0.231783 0.534918 0.231783 -0.534918 
1 1 0 26.185 0.110584 5.40898 -1.3443 -3.85414 -1.3443 -3.85414 0.231912 0.534788 0.231912 -0.534788 
1 1 0 26.19 0.110584 5.41035 -1.34435 -3.85428 -1.34435 -3.85428 0.232041 0.534658 0.232041 -0.534658 
1 1 0 26.195 0.110584 5.41171 -1.3444 -3.85442 -1.3444 -3.85442 0.232171 0.534528 0.232171 -0.534528 
1 1 0 26.2 0.110584 5.41308 -1.34445 -3.85456 -1.34445 -3.85456 0.232301 0.534397 0.232301 -0.534397 
1 1 0 26.205 0.110584 5.41446 -1.3445 -3.8547 -1.3445 -3.8547 0.232431 0.534266 0.232431 -0.534266 
1 1 0 26.21 0.110584 5.41584 -1.34455 -3.85484 -1.34455 -3.85484 0.232562 0.534135 0.232562 -0.534135 
1 1 0 26.215 0.110584 5.41722 -1.3446 -3.85498 -1.3446 -3.85498 0.232693 0.534004 0.232693 -0.534004 
1 1 0 26.22 0.110584 5.41861 -1.34466 -3.85512 -1.34466 -3.85512 0.232825 0.533873 0.232825 -0.533873 
1 1 0 26.225 0.110584 5.42 -1.34471 -3.85526 -1.34471 -3.85526 0.232957 0.533741 0.232957 -0.533741 
1 1 0 26.23 0.110584 5.4214 -1.34476 -3.8554 -1.34476 -3.8554 0.233089 0.533609 0.233089 -0.533609 
1 1 0 26.235 0.110584 5.4228 -1.34481 -3.85553 -1.34481 -3.85553 0.233222 0.533477 0.233222 -0.533477 
1 1 0 26.24 0.110584 5.42421 -1.34486 -3.85567 -1.34486 -3.85567 0.233355 0.533345 0.233355 -0.533345 
1 1 0 26.245 0.110584 5.42562 -1.34491 -3.85581 -1.34491 -3.85581 0.233488 0.533212 0.233488 -0.533212 
1 1 0 26.25 0.110584 5.42703 -1.34496 -3.85594 -1.34496 -3.85594 0.233622 0.53308 0.233622 -0.53308 
1 1 0 26.255 0.110584 5.42845 -1.34501 -3.85608 -1.34501 -3.85608 0.233756 0.532947 0.233756 -0.532947 
1 1 0 26.26 0.110584 5.42988 -1.34506 -3.85622 -1.34506 -3.85622 0.233891 0.532814 0.233891 -0.532814 
1 1 0 26.265 0.110584 5.43131 -1.34511 -3.85635 -1.34511 -3.85635 0.234026 0.53268 0.234026 -0.53268 
1 1 0 26.27 0.110584 5.43274 -1.34516 -3.85649 -1.34516 -3.85649 0.234161 0.532547 0.234161 -0.532547 
1 1 0 26.275 0.110584 5.43418 -1.34521 -3.85662 -1.34521 -3.85662 0.234297 0.532413 0.234297 -0.532413 
1 1 0 26.2799 0.110584 5.43562 -1.34526 -3.85676 -1.34526 -3.85676 0.234433 0.532279 0.234433 -0.532279 
1 1 0 26.2849 0.110584 5.43707 -1.34531 -3.85689 -1.34531 -3.85689 0.234569 0.532144 0.234569 -0.532144 
1 1 0 26.2899 0.110584 5.43852 -1.34536 -3.85703 -1.34536 -3.85703 0.234706 0.53201 0.234706 -0.53201 
1 1 0 26.2949 0.110584 5.43998 -1.34541 -3.85716 -1.34541 -3.85716 0.234843 0.531875 0.234843 -0.531875 
1 1 0 26.2999 0.110584 5.44144 -1.34546 -3.85729 -1.34546 -3.85729 0.234981 0.53174 0.234981 -0.53174 
1 1 0 26.3049 0.110584 5.44291 -1.34551 -3.85743 -1.34551 -3.85743 0.235119 0.531605 0.235119 -0.531605 
1 1 0 26.3099 0.110584 5.44438 -1.34557 -3.85756 -1.34557 -3.85756 0.235257 0.53147 0.235257 -0.53147 
1 1 0 26.3149 0.110584 5.44586 -1.34562 -3.85769 -1.34562 -3.85769 0.235396 0.531334 0.235396 -0.531334 
1 1 0 26.3199 0.110584 5.44734 -1.34567 -3.85782 -1.34567 -3.85782 0.235535 0.531198 0.235535 -0.531198 
1 1 0 26.3249 0.110584 5.44882 -1.34572 -3.85795 -1.34572 -3.85795 0.235675 0.531062 0.235675 -0.531062 
1 1 0 26.3299 0.110584 5.45031 -1.34577 -3.85808 -1.34577 -3.85808 0.235814 0.530926 0.235814 -0.530926 
1 1 0 26.3349 0.110584 5.45181 -1.34582 -3.85822 -1.34582 -3.85822 0.235955 0.530789 0.235955 -0.530789 
1 1 0 26.3399 0.110584 5.4533 -1.34587 -3.85835 -1.34587 -3.85835 0.236095 0.530653 0.236095 -0.530653 
1 1 0 26.3449 0.110584 5.45481 -1.34592 -3.85848 -1.34592 -3.85848 0.236236 0.530516 0.236236 -0.530516 
1 1 0 26.3499 0.110584 5.45632 -1.34597 -3.85861 -1.34597 -3.85861 0.236378 0.530379 0.236378 -0.530379 
1 1 0 26.3549 0.110584 5.45783 -1.34602 -3.85874 -1.34602 -3.85874 0.236519 0.530241 0.236519 -0.530241 
1 1 0 26.3599 0.110584 5.45935 -1.34607 -3.85886 -1.34607 -3.85886 0.236662 0.530104 0.236662 -0.530104 
1 1 0 26.3649 0.110584 5.46087 -1.34612 -3.85899 -1.34612 -3.85899 0.236804 0.529966 0.236804 -0.529966 
1 1 0 26.3699 0.110584 5.4624 -1.34617 -3.85912 -1.34617 -3.85912 0.236947 0.529828 0.236947 -0.529828 
1 1 0 26.3749 0.110584 5.46393 -1.34622 -3.85925 -1.34622 -3.85925 0.23709 0.529689 0.23709 -0.529689 
1 1 0 26.3799 0.110584 5.46547 -1.34627 -3.85938 -1.34627 -3.85938 0.237234 0.529551 0.237234 -0.529551 
1 1 0 26.3849 0.110584 5.46701 -1.34632 -3.8595 -1.34632 -3.8595 0.237378 0.529412 0.237378 -0.529412 
1 1 0 26.3899 0.110584 5.46856 -1.34637 -3.85963 -1.34637 -3.85963 0.237522 0.529273 0.237522 -0.529273 
1 1 0 26.3949 0.110584 5.47011 -1.34642 -3.85976 -1.34642 -3.85976 0.237667 0.529134 0.237667 -0.529134 
1 1 0 26.3999 0.110584 5.47167 -1.34647 -3.85988 -1.34647 -3.85988 0.237812 0.528994 0.237812 -0.528994 
1 1 0 26.4049 0.110584 5.47323 -1.34652 -3.86001 -1.34652 -3.86001 0.237958 0.528854 0.237958 -0.528854 
1 1 0 26.4099 0.110584 5.4748 -1.34657 -3.86013 -1.34657 -3.86013 0.238104 0.528714 0.238104 -0.528714 
1 1 0 26.4149 0.110584 5.47637 -1.34662 -3.86026 -1.34662 -3.86026 0.23825 0.528574 0.23825 -0.528574 
1 1 0 26.4199 0.110584 5.47795 -1.34667 -3.86038 -1.34667 -3.86038 0.238397 0.528434 0.238397 -0.528434 
1 1 0 26.4249 0.110584 5.47953 -1.34672 -3.86051 -1.34672 -3.86051 0.238544 0.528293 0.238544 -0.528293 
1 1 0 26.4299 0.110584 5.48112 -1.34677 -3.86063 -1.34677 -3.86063 0.238691 0.528152 0.238691 -0.528152 
1 1 0 26.4349 0.110584 5.48271 -1.34682 -3.86076 -1.34682 -3.86076 0.238839 0.528011 0.238839 -0.528011 
1 1 0 26.4399 0.110584 5.48431 -1.34687 -3.86088 -1.34687 -3.86088 0.238988 0.52787 0.238988 -0.52787 
1 1 0 26.4449 0.110584 5.48591 -1.34692 -3.861 -1.34692 -3.861 0.239136 0.527728 0.239136 -0.527728 
1 1 0 26.4499 0.110584 5.48751 -1.34697 -3.86113 -1.34697 -3.86113 0.239285 0.527586 0.239285 -0.527586 
1 1 0 26.4549 0.110584 5.48913 -1.34702 -3.86125 -1.34702 -3.86125 0.239434 0.527444 0.239434 -0.527444 
1 1 0 26.4599 0.110584 5.49074 -1.34707 -3.86137 -1.34707 -3.86137 0.239584 0.527302 0.239584 -0.527302 
1 1 0 26.4649 0.110584 5.49236 -1.34712 -3.86149 -1.34712 -3.86149 0.239734 0.527159 0.239734 -0.527159 
1 1 0 26.4699 0.110584 5.49399 -1.34717 -3.86161 -1.34717 -3.86161 0.239885 0.527016 0.239885 -0.527016 
1 1 0 26.4749 0.110584 5.49562 -1.34721 -3.86173 -1.34721 -3.86173 0.240036 0.526873 0.240036 -0.526873 
1 1 0 26.4799 0.110584 5.49726 -1.34726 -3.86185 -1.34726 -3.86185 0.240187 0.52673 0.240187 -0.52673 
1 1 0 26.4849 0.110584 5.4989 -1.34731 -3.86197 -1.34731 -3.86197 0.240339 0.526587 0.240339 -0.526587 
1 1 0 26.4899 0.110584 5.50055 -1.34736 -3.86209 -1.34736 -3.86209 0.240491 0.526443 0.240491 -0.526443 
1 1 0 26.4949 0.110584 5.5022 -1.34741 -3.86221 -1.34741 -3.86221 0.240643 0.526299 0.240643 -0.526299 
1 1 0 26.4999 0.110584 5.50386 -1.34746 -3.86233 -1.34746 -3.86233 0.240796 0.526154 0.240796 -0.526154 
1 1 0 26.5049 0.110584 5.50552 -1.34751 -3.86245 -1.34751 -3.86245 0.240949 0.52601 0.240949 -0.52601 
1 1 0 26.5099 0.110584 5.50719 -1.34756 -3.86257 -1.34756 -3.86257 0.241103 0.525865 0.241103 -0.525865 
1 1 0 26.5149 0.110584 5.50886 -1.34761 -3.86269 -1.34761 -3.86269 0.241257 0.52572 0.241257 -0.52572 
1 1 0 26.5199 0.110584 5.51054 -1.34766 -3.8628 -1.34766 -3.8628 0.241411 0.525575 0.241411 -0.525575 
1 1 0 26.5249 0.110584 5.51222 -1.34771 -3.86292 -1.34771 -3.86292 0.241566 0.52543 0.241566 -0.52543 
1 1 0 26.5299 0.110584 5.51391 -1.34776 -3.86304 -1.34776 -3.86304 0.241721 0.525284 0.241721 -0.525284 
1 1 0 26.5349 0.110584 5.5156 -1.34781 -3.86315 -1.34781 -3.86315 0.241876 0.525138 0.241876 -0.525138 
1 1 0 26.5399 0.110584 5.5173 -1.34786 -3.86327 -1.34786 -3.86327 0.242032 0.524992 0.242032 -0.524992 
1 1 0 26.5449 0.110584 5.519 -1.34791 -3.86338 -1.34791 -3.86338 0.242188 0.524845 0.242188 -0.524845 
1 1 0 26.5499 0.110584 5.52071 -1.34796 -3.8635 -1.34796 -3.8635 0.242345 0.524698 0.242345 -0.524698 
1 1 0 26.5548 0.110584 5.52243 -1.34801 -3.86361 -1.34801 -3.86361 0.242502 0.524551 0.242502 -0.524551 
1 1 0 26.5598 0.110584 5.52415 -1.34806 -3.86373 -1.34806 -3.86373 0.242659 0.524404 0.242659 -0.524404 
1 1 0 26.5648 0.110584 5.52587 -1.3481 -3.86384 -1.3481 -3.86384 0.242817 0.524257 0.242817 -0.524257 
1 1 0 26.5698 0.110584 5.5276 -1.34815 -3.86396 -1.34815 -3.86396 0.242975 0.524109 0.242975 -0.524109 
1 1 0 26.5748 0.110584 5.52934 -1.3482 -3.86407 -1.3482 -3.86407 0.243134 0.523961 0.243134 -0.523961 
1 1 0 26.5798 0.110584 5.53108 -1.34825 -3.86418 -1.34825 -3.86418 0.243293 0.523813 0.243293 -0.523813 
1 1 0 26.5848 0.110584 5.53282 -1.3483 -3.8643 -1.3483 -3.8643 0.243452 0.523664 0.243452 -0.523664 
1 1 0 26.5898 0.110584 5.53457 -1.34835 -3.86441 -1.34835 -3.86441 0.243612 0.523516 0.243612 -0.523516 
1 1 0 26.5948 0.110584 5.53633 -1.3484 -3.86452 -1.3484 -3.86452 0.243772 0.523367 0.243772 -0.523367 
1 1 0 26.5998 0.110584 5.53809 -1.34845 -3.86463 -1.34845 -3.86463 0.243932 0.523217 0.243932 -0.523217 
1 1 0 26.6048 0.110584 5.53986 -1.3485 -3.86474 -1.3485 -3.86474 0.244093 0.523068 0.244093 -0.523068 
1 1 0 26.6098 0.110584 5.54163 -1.34855 -3.86485 -1.34855 -3.86485 0.244254 0.522918 0.244254 -0.522918 
1 1 0 26.6148 0.110584 5.54341 -1.3486 -3.86496 -1.3486 -3.86496 0.244416 0.522768 0.244416 -0.522768 
1 1 0 26.6198 0.110584 5.5452 -1.34864 -3.86507 -1.34864 -3.86507 0.244578 0.522618 0.244578 -0.522618 
1 1 0 26.6248 0.110584 5.54698 -1.34869 -3.86518 -1.34869 -3.86518 0.24474 0.522467 0.24474 -0.522467 
1 1 0 26.6298 0.110584 5.54878 -1.34874 -3.86529 -1.34874 -3.86529 0.244903 0.522316 0.244903 -0.522316 
1 1 0 26.6348 0.110584 5.55058 -1.34879 -3.8654 -1.34879 -3.8654 0.245066 0.522165 0.245066 -0.522165 
1 1 0 26.6398 0.110584 5.55239 -1.34884 -3.86551 -1.34884 -3.86551 0.245229 0.522014 0.245229 -0.522014 
1 1 0 26.6448 0.110584 5.5542 -1.34889 -3.86562 -1.34889 -3.86562 0.245393 0.521862 0.245393 -0.521862 
1 1 0 26.6498 0.110584 5.55601 -1.34894 -3.86572 -1.34894 -3.86572 0.245558 0.521711 0.245558 -0.521711 
1 1 0 26.6548 0.110584 5.55784 -1.34899 -3.86583 -1.34899 -3.86583 0.245722 0.521558 0.245722 -0.521558 
1 1 0 26.6598 0.110584 5.55966 -1.34904 -3.86594 -1.34904 -3.86594 0.245887 0.521406 0.245887 -0.521406 
1 1 0 26.6648 0.110584 5.5615 -1.34908 -3.86605 -1.34908 -3.86605 0.246053 0.521253 0.246053 -0.521253 
1 1 0 26.6698 0.110584 5.56334 -1.34913 -3.86615 -1.34913 -3.86615 0.246219 0.521101 0.246219 -0.521101 
1 1 0 26.6748 0.110584 5.56518 -1.34918 -3.86626 -1.34918 -3.86626 0.246385 0.520947 0.246385 -0.520947 
1 1 0 26.6798 0.110584 5.56703 -1.34923 -3.86636 -1.34923 -3.86636 0.246551 0.520794 0.246551 -0.520794 
1 1 0 26.6848 0.110584 5.56889 -1.34928 -3.86647 -1.34928 -3.86647 0.246718 0.52064 0.246718 -0.52064 
1 1 0 26.6898 0.110584 5.57075 -1.34933 -3.86657 -1.34933 -3.86657 0.246886 0.520486 0.246886 -0.520486 
1 1 0 26.6948 0.110584 5.57261 -1.34938 -3.86668 -1.34938 -3.86668 0.247054 0.520332 0.247054 -0.520332 
1 1 0 26.6998 0.110584 5.57449 -1.34943 -3.86678 -1.34943 -3.86678 0.247222 0.520178 0.247222 -0.520178 
1 1 0 26.7048 0.110584 5.57636 -1.34947 -3.86688 -1.34947 -3.86688 0.24739 0.520023 0.24739 -0.520023 
1 1 0 26.7098 0.110584 5.57825 -1.34952 -3.86699 -1.34952 -3.86699 0.247559 0.519868 0.247559 -0.519868 
1 1 0 26.7148 0.110584 5.58014 -1.34957 -3.86709 -1.34957 -3.86709 0.247728 0.519712 0.247728 -0.519712 
1 1 0 26.7198 0.110584 5.58203 -1.34962 -3.86719 -1.34962 -3.86719 0.247898 0.519557 0.247898 -0.519557 
1 1 0 26.7248 0.110584 5.58393 -1.34967 -3.86729 -1.34967 -3.86729 0.248068 0.519401 0.248068 -0.519401 
1 1 0 26.7298 0.110584 5.58584 -1.34972 -3.86739 -1.34972 -3.86739 0.248239 0.519245 0.248239 -0.519245 
1 1 0 26.7348 0.110584 5.58775 -1.34977 -3.86749 -1.34977 -3.86749 0.248409 0.519089 0.248409 -0.519089 
1 1 0 26.7398 0.110584 5.58967 -1.34981 -3.8676 -1.34981 -3.8676 0.248581 0.518932 0.248581 -0.518932 
1 1 0 26.7448 0.110584 5.5916 -1.34986 -3.8677 -1.34986 -3.8677 0.248752 0.518775 0.248752 -0.518775 
1 1 0 26.7498 0.110584 5.59353 -1.34991 -3.8678 -1.34991 -3.8678 0.248924 0.518618 0.248924 -0.518618 
1 1 0 26.7548 0.110584 5.59546 -1.34996 -3.86789 -1.34996 -3.86789 0.249097 0.51846 0.249097 -0.51846 
1 1 0 26.7598 0.110584 5.59741 -1.35001 -3.86799 -1.35001 -3.86799 0.249269 0.518302 0.249269 -0.518302 
1 1 0 26.7648 0.110584 5.59935 -1.35006 -3.86809 -1.35006 -3.86809 0.249443 0.518144 0.249443 -0.518144 
1 1 0 26.7698 0.110584 5.60131 -1.3501 -3.86819 -1.3501 -3.86819 0.249616 0.517986 0.249616 -0.517986 
1 1 0 26.7748 0.110584 5.60327 -1.35015 -3.86829 -1.35015 -3.86829 0.24979 0.517828 0.24979 -0.517828 
1 1 0 26.7798 0.110584 5.60523 -1.3502 -3.86839 -1.3502 -3.86839 0.249964 0.517669 0.249964 -0.517669 
1 1 0 26.7848 0.110584 5.6072 -1.35025 -3.86848 -1.35025 -3.86848 0.250139 0.517509 0.250139 -0.517509 
1 1 0 26.7898 0.110584 5.60918 -1.3503 -3.86858 -1.3503 -3.86858 0.250314 0.51735 0.250314 -0.51735 
1 1 0 26.7948 0.110584 5.61116 -1.35035 -3.86868 -1.35035 -3.86868 0.25049 0.51719 0.25049 -0.51719 
1 1 0 26.7998 0.110584 5.61315 -1.35039 -3.86877 -1.35039 -3.86877 0.250665 0.51703 0.250665 -0.51703 
1 1 0 26.8048 0.110584 5.61515 -1.35044 -3.86887 -1.35044 -3.86887 0.250842 0.51687 0.250842 -0.51687 
1 1 0 26.8098 0.110584 5.61715 -1.35049 -3.86896 -1.35049 -3.86896 0.251018 0.51671 0.251018 -0.51671 
1 1 0 26.8148 0.110584 5.61916 -1.35054 -3.86906 -1.35054 -3.86906 0.251195 0.516549 0.251195 -0.516549 
1 1 0 26.8198 0.110584 5.62117 -1.35059 -3.86915 -1.35059 -3.86915 0.251373 0.516388 0.251373 -0.516388 
1 1 0 26.8248 0.110584 5.62319 -1.35064 -3.86924 -1.35064 -3.86924 0.251551 0.516226 0.251551 -0.516226 
1 1 0 26.8298 0.110584 5.62522 -1.35068 -3.86934 -1.35068 -3.86934 0.251729 0.516064 0.251729 -0.516064 
1 1 0 26.8348 0.110584 5.62725 -1.35073 -3.86943 -1.35073 -3.86943 0.251907 0.515902 0.251907 -0.515902 
1 1 0 26.8398 0.110584 5.62929 -1.35078 -3.86952 -1.35078 -3.86952 0.252086 0.51574 0.252086 -0.51574 
1 1 0 26.8448 0.110584 5.63133 -1.35083 -3.86962 -1.35083 -3.86962 0.252266 0.515578 0.252266 -0.515578 
1 1 0 26.8498 0.110584 5.63338 -1.35088 -3.86971 -1.35088 -3.86971 0.252446 0.515415 0.252446 -0.515415 
1 1 0 26.8548 0.110584 5.63544 -1.35092 -3.8698 -1.35092 -3.8698 0.252626 0.515252 0.252626 -0.515252 
1 1 0 26.8598 0.110584 5.6375 -1.35097 -3.86989 -1.35097 -3.86989 0.252806 0.515088 0.252806 -0.515088 
1 1 0 26.8648 0.110584 5.63957 -1.35102 -3.86998 -1.35102 -3.86998 0.252987 0.514924 0.252987 -0.514924 
1 1 0 26.8698 0.110584 5.64164 -1.35107 -3.87007 -1.35107 -3.87007 0.253168 0.51476 0.253168 -0.51476 
1 1 0 26.8748 0.110584 5.64372 -1.35111 -3.87016 -1.35111 -3.87016 0.25335 0.514596 0.25335 -0.514596 
1 1 0 26.8798 0.110584 5.64581 -1.35116 -3.87025 -1.35116 -3.87025 0.253532 0.514431 0.253532 -0.514431 
1 1 0 26.8848 0.110584 5.6479 -1.35121 -3.87034 -1.35121 -3.87034 0.253715 0.514267 0.253715 -0.514267 
1 1 0 26.8898 0.110584 5.65 -1.35126 -3.87043 -1.35126 -3.87043 0.253898 0.514101 0.253898 -0.514101 
1 1 0 26.8948 0.110584 5.65211 -1.35131 -3.87051 -1.35131 -3.87051 0.254081 0.513936 0.254081 -0.513936 
1 1 0 26.8998 0.110584 5.65422 -1.35135 -3.8706 -1.35135 -3.8706 0.254265 0.51377 0.254265 -0.51377 
1 1 0 26.9048 0.110584 5.65634 -1.3514 -3.87069 -1.3514 -3.87069 0.254449 0.513604 0.254449 -0.513604 
1 1 0 26.9098 0.110584 5.65847 -1.35145 -3.87078 -1.35145 -3.87078 0.254633 0.513438 0.254633 -0.513438 
1 1 0 26.9148 0.110584 5.6606 -1.3515 -3.87086 -1.3515 -3.87086 0.254818 0.513271 0.254818 -0.513271 
1 1 0 26.9198 0.110584 5.66274 -1.35154 -3.87095 -1.35154 -3.87095 0.255003 0.513104 0.255003 -0.513104 
1 1 0 26.9248 0.110584 5.66488 -1.35159 -3.87103 -1.35159 -3.87103 0.255189 0.512937 0.255189 -0.512937 
1 1 0 26.9298 0.110584 5.66704 -1.35164 -3.87112 -1.35164 -3.87112 0.255375 0.512769 0.255375 -0.512769 
1 1 0 26.9348 0.110584 5.66919 -1.35169 -3.8712 -1.35169 -3.8712 0.255561 0.512601 0.255561 -0.512601 
1 1 0 26.9398 0.110584 5.67136 -1.35173 -3.87129 -1.35173 -3.87129 0.255748 0.512433 0.255748 -0.512433 
1 1 0 26.9448 0.110584 5.67353 -1.35178 -3.87137 -1.35178 -3.87137 0.255935 0.512264 0.255935 -0.512264 
1 1 0 26.9498 0.110584 5.67571 -1.35183 -3.87145 -1.35183 -3.87145 0.256123 0.512096 0.256123 -0.512096 
1 1 0 26.9548 0.110584 5.67789 -1.35188 -3.87154 -1.35188 -3.87154 0.256311 0.511927 0.256311 -0.511927 
1 1 0 26.9598 0.110584 5.68008 -1.35192 -3.87162 -1.35192 -3.87162 0.256499 0.511757 0.256499 -0.511757 
1 1 0 26.9648 0.110584 5.68228 -1.35197 -3.8717 -1.35197 -3.8717 0.256688 0.511587 0.256688 -0.511587 
1 1 0 26.9697 0.110584 5.68448 -1.35202 -3.87178 -1.35202 -3.87178 0.256877 0.511417 0.256877 -0.511417 
1 1 0 26.9747 0.110584 5.68669 -1.35207 -3.87186 -1.35207 -3.87186 0.257067 0.511247 0.257067 -0.511247 
1 1 0 26.9797 0.110584 5.68891 -1.35211 -3.87195 -1.35211 -3.87195 0.257257 0.511076 0.257257 -0.511076 
1 1 0 26.9847 0.110584 5.69113 -1.35216 -3.87203 -1.35216 -3.87203 0.257447 0.510905 0.257447 -0.510905 
1 1 0 26.9897 0.110584 5.69336 -1.35221 -3.87211 -1.35221 -3.87211 0.257638 0.510734 0.257638 -0.510734 
1 1 0 26.9947 0.110584 5.6956 -1.35226 -3.87219 -1.35226 -3.87219 0.257829 0.510563 0.257829 -0.510563 
1 1 0 26.9997 0.110584 5.69784 -1.3523 -3.87226 -1.3523 -3.87226 0.25802 0.510391 0.25802 -0.510391 
1 1 0 27.0047 0.110584 5.70009 -1.35235 -3.87234 -1.35235 -3.87234 0.258212 0.510218 0.258212 -0.510218 
1 1 0 27.0097 0.110584 5.70235 -1.3524 -3.87242 -1.3524 -3.87242 0.258405 0.510046 0.258405 -0.510046 
1 1 0 27.0147 0.110584 5.70462 -1.35245 -3.8725 -1.35245 -3.8725 0.258597 0.509873 0.258597 -0.509873 
1 1 0 27.0197 0.110584 5.70689 -1.35249 -3.87258 -1.35249 -3.87258 0.25879 0.5097 0.25879 -0.5097 
1 1 0 27.0247 0.110584 5.70917 -1.35254 -3.87265 -1.35254 -3.87265 0.258984 0.509526 0.258984 -0.509526 
1 1 0 27.0297 0.110584 5.71145 -1.35259 -3.87273 -1.35259 -3.87273 0.259178 0.509353 0.259178 -0.509353 
1 1 0 27.0347 0.110584 5.71374 -1.35263 -3.87281 -1.35263 -3.87281 0.259372 0.509178 0.259372 -0.509178 
1 1 0 27.0397 0.110584 5.71604 -1.35268 -3.87288 -1.35268 -3.87288 0.259567 0.509004 0.259567 -0.509004 
1 1 0 27.0447 0.110584 5.71835 -1.35273 -3.87296 -1.35273 -3.87296 0.259762 0.508829 0.259762 -0.508829 
1 1 0 27.0497 0.110584 5.72066 -1.35278 -3.87303 -1.35278 -3.87303 0.259958 0.508654 0.259958 -0.508654 
1 1 0 27.0547 0.110584 5.72298 -1.35282 -3.87311 -1.35282 -3.87311 0.260153 0.508479 0.260153 -0.508479 
1 1 0 27.0597 0.110584 5.7253 -1.35287 -3.87318 -1.35287 -3.87318 0.26035 0.508303 0.26035 -0.508303 
1 1 0 27.0647 0.110584 5.72764 -1.35292 -3.87325 -1.35292 -3.87325 0.260546 0.508127 0.260546 -0.508127 
1 1 0 27.0697 0.110584 5.72998 -1.35296 -3.87333 -1.35296 -3.87333 0.260744 0.507951 0.260744 -0.507951 
1 1 0 27.0747 0.110584 5.73233 -1.35301 -3.8734 -1.35301 -3.8734 0.260941 0.507774 0.260941 -0.507774 
1 1 0 27.0797 0.110584 5.73468 -1.35306 -3.87347 -1.35306 -3.87347 0.261139 0.507597 0.261139 -0.507597 
1 1 0 27.0847 0.110584 5.73704 -1.3531 -3.87354 -1.3531 -3.87354 0.261337 0.507419 0.261337 -0.507419 
1 1 0 27.0897 0.110584 5.73941 -1.35315 -3.87361 -1.35315 -3.87361 0.261536 0.507242 0.261536 -0.507242 
1 1 0 27.0947 0.110584 5.74179 -1.3532 -3.87369 -1.3532 -3.87369 0.261735 0.507064 0.261735 -0.507064 
1 1 0 27.0997 0.110584 5.74417 -1.35325 -3.87376 -1.35325 -3.87376 0.261934 0.506885 0.261934 -0.506885 
1 1 0 27.1047 0.110584 5.74656 -1.35329 -3.87383 -1.35329 -3.87383 0.262134 0.506707 0.262134 -0.506707 
1 1 0 27.1097 0.110584 5.74896 -1.35334 -3.87389 -1.35334 -3.87389 0.262335 0.506528 0.262335 -0.506528 
1 1 0 27.1147 0.110584 5.75137 -1.35339 -3.87396 -1.35339 -3.87396 0.262535 0.506348 0.262535 -0.506348 
1 1 0 27.1197 0.110584 5.75378 -1.35343 -3.87403 -1.35343 -3.87403 0.262736 0.506169 0.262736 -0.506169 
1 1 0 27.1247 0.110584 5.7562 -1.35348 -3.8741 -1.35348 -3.8741 0.262938 0.505989 0.262938 -0.505989 
1 1 0 27.1297 0.110584 5.75863 -1.35353 -3.87417 -1.35353 -3.87417 0.26314 0.505808 0.26314 -0.505808 
1 1 0 27.1347 0.110584 5.76106 -1.35357 -3.87424 -1.35357 -3.87424 0.263342 0.505627 0.263342 -0.505627 
1 1 0 27.1397 0.110584 5.7635 -1.35362 -3.8743 -1.35362 -3.8743 0.263545 0.505446 0.263545 -0.505446 
1 1 0 27.1447 0.110584 5.76595 -1.35367 -3.87437 -1.35367 -3.87437 0.263748 0.505265 0.263748 -0.505265 
1 1 0 27.1497 0.110584 5.76841 -1.35371 -3.87443 -1.35371 -3.87443 0.263951 0.505083 0.263951 -0.505083 
1 1 0 27.1547 0.110584 5.77087 -1.35376 -3.8745 -1.35376 -3.8745 0.264155 0.504901 0.264155 -0.504901 
1 1 0 27.1597 0.110584 5.77334 -1.35381 -3.87456 -1.35381 -3.87456 0.26436 0.504719 0.26436 -0.504719 
1 1 0 27.1647 0.110584 5.77582 -1.35385 -3.87463 -1.35385 -3.87463 0.264564 0.504536 0.264564 -0.504536 
1 1 0 27.1697 0.110584 5.77831 -1.3539 -3.87469 -1.3539 -3.87469 0.264769 0.504353 0.264769 -0.504353 
1 1 0 27.1747 0.110584 5.7808 -1.35394 -3.87476 -1.35394 -3.87476 0.264975 0.50417 0.264975 -0.50417 
1 1 0 27.1797 0.110584 5.78331 -1.35399 -3.87482 -1.35399 -3.87482 0.265181 0.503986 0.265181 -0.503986 
1 1 0 27.1847 0.110584 5.78582 -1.35404 -3.87488 -1.35404 -3.87488 0.265387 0.503802 0.265387 -0.503802 
1 1 0 27.1897 0.110584 5.78833 -1.35408 -3.87494 -1.35408 -3.87494 0.265594 0.503617 0.265594 -0.503617 
1 1 0 27.1947 0.110584 5.79086 -1.35413 -3.87501 -1.35413 -3.87501 0.265801 0.503432 0.265801 -0.503432 
1 1 0 27.1997 0.110584 5.79339 -1.35418 -3.87507 -1.35418 -3.87507 0.266008 0.503247 0.266008 -0.503247 
1 1 0 27.2047 0.110584 5.79593 -1.35422 -3.87513 -1.35422 -3.87513 0.266216 0.503062 0.266216 -0.503062 
1 1 0 27.2097 0.110584 5.79848 -1.35427 -3.87519 -1.35427 -3.87519 0.266425 0.502876 0.266425 -0.502876 
1 1 0 27.2147 0.110584 5.80103 -1.35432 -3.87525 -1.35432 -3.87525 0.266634 0.502689 0.266634 -0.502689 
1 1 0 27.2197 0.110584 5.8036 -1.35436 -3.87531 -1.35436 -3.87531 0.266843 0.502503 0.266843 -0.502503 
1 1 0 27.2247 0.110584 5.80617 -1.35441 -3.87537 -1.35441 -3.87537 0.267052 0.502316 0.267052 -0.502316 
1 1 0 27.2297 0.110584 5.80875 -1.35445 -3.87543 -1.35445 -3.87543 0.267262 0.502129 0.267262 -0.502129 
1 1 0 27.2347 0.110584 5.81134 -1.3545 -3.87548 -1.3545 -3.87548 0.267473 0.501941 0.267473 -0.501941 
1 1 0 27.2397 0.110584 5.81393 -1.35455 -3.87554 -1.35455 -3.87554 0.267683 0.501753 0.267683 -0.501753 
1 1 0 27.2447 0.110584 5.81653 -1.35459 -3.8756 -1.35459 -3.8756 0.267895 0.501564 0.267895 -0.501564 
1 1 0 27.2497 0.110584 5.81914 -1.35464 -3.87566 -1.35464 -3.87566 0.268106 0.501376 0.268106 -0.501376 
1 1 0 27.2547 0.110584 5.82176 -1.35469 -3.87571 -1.35469 -3.87571 0.268318 0.501187 0.268318 -0.501187 
1 1 0 27.2597 0.110584 5.82439 -1.35473 -3.87577 -1.35473 -3.87577 0.268531 0.500997 0.268531 -0.500997 
1 1 0 27.2647 0.110584 5.82703 -1.35478 -3.87582 -1.35478 -3.87582 0.268743 0.500807 0.268743 -0.500807 
1 1 0 27.2697 0.110584 5.82967 -1.35482 -3.87588 -1.35482 -3.87588 0.268957 0.500617 0.268957 -0.500617 
1 1 0 27.2747 0.110584 5.83232 -1.35487 -3.87593 -1.35487 -3.87593 0.26917 0.500426 0.26917 -0.500426 
1 1 0 27.2797 0.110584 5.83498 -1.35492 -3.87598 -1.35492 -3.87598 0.269384 0.500235 0.269384 -0.500235 
1 1 0 27.2847 0.110584 5.83765 -1.35496 -3.87604 -1.35496 -3.87604 0.269599 0.500044 0.269599 -0.500044 
1 1 0 27.2897 0.110584 5.84032 -1.35501 -3.87609 -1.35501 -3.87609 0.269814 0.499852 0.269814 -0.499852 
1 1 0 27.2947 0.110584 5.84301 -1.35505 -3.87614 -1.35505 -3.87614 0.270029 0.49966 0.270029 -0.49966 
1 1 0 27.2997 0.110584 5.8457 -1.3551 -3.8762 -1.3551 -3.8762 0.270245 0.499468 0.270245 -0.499468 
1 1 0 27.3047 0.110584 5.8484 -1.35515 -3.87625 -1.35515 -3.87625 0.270461 0.499275 0.270461 -0.499275 
1 1 0 27.3097 0.110584 5.85111 -1.35519 -3.8763 -1.35519 -3.8763 0.270677 0.499082 0.270677 -0.499082 
1 1 0 27.3147 0.110584 5.85383 -1.35524 -3.87635 -1.35524 -3.87635 0.270894 0.498888 0.270894 -0.498888 
1 1 0 27.3197 0.110584 5.85655 -1.35528 -3.8764 -1.35528 -3.8764 0.271111 0.498695 0.271111 -0.498695 
1 1 0 27.3247 0.110584 5.85928 -1.35533 -3.87645 -1.35533 -3.87645 0.271329 0.4985 0.271329 -0.4985 
1 1 0 27.3297 0.110584 5.86203 -1.35537 -3.8765 -1.35537 -3.8765 0.271547 0.498306 0.271547 -0.498306 
1 1 0 27.3347 0.110584 5.86478 -1.35542 -3.87654 -1.35542 -3.87654 0.271766 0.49811 0.271766 -0.49811 
1 1 0 27.3397 0.110584 5.86754 -1.35547 -3.87659 -1.35547 -3.87659 0.271985 0.497915 0.271985 -0.497915 
1 1 0 27.3447 0.110584 5.87031 -1.35551 -3.87664 -1.35551 -3.87664 0.272204 0.497719 0.272204 -0.497719 
1 1 0 27.3497 0.110584 5.87308 -1.35556 -3.87669 -1.35556 -3.87669 0.272424 0.497523 0.272424 -0.497523 
1 1 0 27.3547 0.110584 5.87587 -1.3556 -3.87673 -1.3556 -3.87673 0.272644 0.497326 0.272644 -0.497326 
1 1 0 27.3597 0.110584 5.87866 -1.35565 -3.87678 -1.35565 -3.87678 0.272865 0.497129 0.272865 -0.497129 
1 1 0 27.3647 0.110584 5.88146 -1.35569 -3.87683 -1.35569 -3.87683 0.273086 0.496932 0.273086 -0.496932 
1 1 0 27.3697 0.110584 5.88427 -1.35574 -3.87687 -1.35574 -3.87687 0.273308 0.496734 0.273308 -0.496734 
1 1 0 27.3747 0.110584 5.88709 -1.35578 -3.87692 -1.35578 -3.87692 0.273529 0.496536 0.273529 -0.496536 
1 1 0 27.3797 0.110584 5.88992 -1.35583 -3.87696 -1.35583 -3.87696 0.273752 0.496337 0.273752 -0.496337 
1 1 0 27.3847 0.110584 5.89276 -1.35588 -3.877 -1.35588 -3.877 0.273974 0.496139 0.273974 -0.496139 
1 1 0 27.3897 0.110584 5.89561 -1.35592 -3.87705 -1.35592 -3.87705 0.274198 0.495939 0.274198 -0.495939 
1 1 0 27.3947 0.110584 5.89846 -1.35597 -3.87709 -1.35597 -3.87709 0.274421 0.49574 0.274421 -0.49574 
1 1 0 27.3997 0.110584 5.90132 -1.35601 -3.87713 -1.35601 -3.87713 0.274645 0.495539 0.274645 -0.495539 
1 1 0 27.4047 0.110584 5.9042 -1.35606 -3.87717 -1.35606 -3.87717 0.27487 0.495339 0.27487 -0.495339 
1 1 0 27.4097 0.110584 5.90708 -1.3561 -3.87721 -1.3561 -3.87721 0.275094 0.495138 0.275094 -0.495138 
1 1 0 27.4147 0.110584 5.90997 -1.35615 -3.87725 -1.35615 -3.87725 0.27532 0.494937 0.27532 -0.494937 
1 1 0 27.4197 0.110584 5.91287 -1.35619 -3.87729 -1.35619 -3.87729 0.275545 0.494735 0.275545 -0.494735 
1 1 0 27.4247 0.110584 5.91578 -1.35624 -3.87733 -1.35624 -3.87733 0.275771 0.494533 0.275771 -0.494533 
1 1 0 27.4297 0.110584 5.9187 -1.35628 -3.87737 -1.35628 -3.87737 0.275998 0.49433 0.275998 -0.49433 
1 1 0 27.4347 0.110584 5.92162 -1.35633 -3.87741 -1.35633 -3.87741 0.276225 0.494127 0.276225 -0.494127 
1 1 0 27.4397 0.110584 5.92456 -1.35637 -3.87745 -1.35637 -3.87745 0.276452 0.493924 0.276452 -0.493924 
1 1 0 27.4447 0.110584 5.9275 -1.35642 -3.87749 -1.35642 -3.87749 0.27668 0.49372 0.27668 -0.49372 
1 1 0 27.4497 0.110584 5.93046 -1.35646 -3.87752 -1.35646 -3.87752 0.276908 0.493516 0.276908 -0.493516 
1 1 0 27.4547 0.110584 5.93342 -1.35651 -3.87756 -1.35651 -3.87756 0.277136 0.493312 0.277136 -0.493312 
1 1 0 27.4597 0.110584 5.9364 -1.35655 -3.8776 -1.35655 -3.8776 0.277365 0.493107 0.277365 -0.493107 
1 1 0 27.4647 0.110584 5.93938 -1.3566 -3.87763 -1.3566 -3.87763 0.277595 0.492901 0.277595 -0.492901 
1 1 0 27.4697 0.110584 5.94237 -1.35665 -3.87767 -1.35665 -3.87767 0.277825 0.492695 0.277825 -0.492695 
1 1 0 27.4747 0.110584 5.94537 -1.35669 -3.8777 -1.35669 -3.8777 0.278055 0.492489 0.278055 -0.492489 
1 1 0 27.4797 0.110584 5.94838 -1.35674 -3.87774 -1.35674 -3.87774 0.278286 0.492283 0.278286 -0.492283 
1 1 0 27.4847 0.110584 5.9514 -1.35678 -3.87777 -1.35678 -3.87777 0.278517 0.492076 0.278517 -0.492076 
1 1 0 27.4897 0.110584 5.95443 -1.35683 -3.8778 -1.35683 -3.8778 0.278748 0.491868 0.278748 -0.491868 
1 1 0 27.4947 0.110584 5.95747 -1.35687 -3.87783 -1.35687 -3.87783 0.27898 0.49166 0.27898 -0.49166 
1 1 0 27.4997 0.110584 5.96052 -1.35691 -3.87787 -1.35691 -3.87787 0.279213 0.491452 0.279213 -0.491452 
1 1 0 27.5047 0.110584 5.96358 -1.35696 -3.8779 -1.35696 -3.8779 0.279446 0.491243 0.279446 -0.491243 
1 1 0 27.5097 0.110584 5.96665 -1.357 -3.87793 -1.357 -3.87793 0.279679 0.491034 0.279679 -0.491034 
1 1 0 27.5147 0.110584 5.96972 -1.35705 -3.87796 -1.35705 -3.87796 0.279913 0.490824 0.279913 -0.490824 
1 1 0 27.5197 0.110584 5.97281 -1.35709 -3.87799 -1.35709 -3.87799 0.280147 0.490614 0.280147 -0.490614 
1 1 0 27.5247 0.110584 5.97591 -1.35714 -3.87802 -1.35714 -3.87802 0.280381 0.490404 0.280381 -0.490404 
1 1 0 27.5297 0.110584 5.97902 -1.35718 -3.87805 -1.35718 -3.87805 0.280616 0.490193 0.280616 -0.490193 
1 1 0 27.5347 0.110584 5.98213 -1.35723 -3.87808 -1.35723 -3.87808 0.280851 0.489982 0.280851 -0.489982 
1 1 0 27.5397 0.110584 5.98526 -1.35727 -3.8781 -1.35727 -3.8781 0.281087 0.48977 0.281087 -0.48977 
1 1 0 27.5447 0.110584 5.9884 -1.35732 -3.87813 -1.35732 -3.87813 0.281324 0.489558 0.281324 -0.489558 
1 1 0 27.5497 0.110584 5.99154 -1.35736 -3.87816 -1.35736 -3.87816 0.28156 0.489345 0.28156 -0.489345 
1 1 0 27.5547 0.110584 5.9947 -1.35741 -3.87818 -1.35741 -3.87818 0.281797 0.489132 0.281797 -0.489132 
1 1 0 27.5597 0.110584 5.99787 -1.35745 -3.87821 -1.35745 -3.87821 0.282035 0.488919 0.282035 -0.488919 
1 1 0 27.5647 0.110584 6.00105 -1.3575 -3.87823 -1.3575 -3.87823 0.282273 0.488705 0.282273 -0.488705 
1 1 0 27.5697 0.110584 6.00423 -1.35754 -3.87826 -1.35754 -3.87826 0.282511 0.488491 0.282511 -0.488491 
1 1 0 27.5747 0.110584 6.00743 -1.35759 -3.87828 -1.35759 -3.87828 0.28275 0.488276 0.28275 -0.488276 
1 1 0 27.5797 0.110584 6.01064 -1.35763 -3.87831 -1.35763 -3.87831 0.282989 0.48806 0.282989 -0.48806 
1 1 0 27.5847 0.110584 6.01386 -1.35767 -3.87833 -1.35767 -3.87833 0.283229 0.487845 0.283229 -0.487845 
1 1 0 27.5897 0.110584 6.01709 -1.35772 -3.87835 -1.35772 -3.87835 0.283469 0.487629 0.283469 -0.487629 
1 1 0 27.5947 0.110584 6.02032 -1.35776 -3.87837 -1.35776 -3.87837 0.28371 0.487412 0.28371 -0.487412 
1 1 0 27.5997 0.110584 6.02357 -1.35781 -3.87839 -1.35781 -3.87839 0.283951 0.487195 0.283951 -0.487195 
1 1 0 27.6047 0.110584 6.02683 -1.35785 -3.87842 -1.35785 -3.87842 0.284192 0.486978 0.284192 -0.486978 
1 1 0 27.6097 0.110584 6.0301 -1.3579 -3.87844 -1.3579 -3.87844 0.284434 0.48676 0.284434 -0.48676 
1 1 0 27.6147 0.110584 6.03338 -1.35794 -3.87846 -1.35794 -3.87846 0.284676 0.486541 0.284676 -0.486541 
1 1 0 27.6197 0.110584 6.03667 -1.35799 -3.87847 -1.35799 -3.87847 0.284919 0.486322 0.284919 -0.486322 
1 1 0 27.6247 0.110584 6.03998 -1.35803 -3.87849 -1.35803 -3.87849 0.285162 0.486103 0.285162 -0.486103 
1 1 0 27.6297 0.110584 6.04329 -1.35807 -3.87851 -1.35807 -3.87851 0.285406 0.485883 0.285406 -0.485883 
1 1 0 27.6347 0.110584 6.04661 -1.35812 -3.87853 -1.35812 -3.87853 0.28565 0.485663 0.28565 -0.485663 
1 1 0 27.6397 0.110584 6.04995 -1.35816 -3.87855 -1.35816 -3.87855 0.285894 0.485442 0.285894 -0.485442 
1 1 0 27.6447 0.110584 6.05329 -1.35821 -3.87856 -1.35821 -3.87856 0.286139 0.485221 0.286139 -0.485221 
1 1 0 27.6497 0.110584 6.05665 -1.35825 -3.87858 -1.35825 -3.87858 0.286384 0.485 0.286384 -0.485 
1 1 0 27.6547 0.110584 6.06001 -1.3583 -3.87859 -1.3583 -3.87859 0.28663 0.484778 0.28663 -0.484778 
1 1 0 27.6597 0.110584 6.06339 -1.35834 -3.87861 -1.35834 -3.87861 0.286876 0.484555 0.286876 -0.484555 
1 1 0 27.6647 0.110584 6.06678 -1.35838 -3.87862 -1.35838 -3.87862 0.287123 0.484332 0.287123 -0.484332 
1 1 0 27.6697 0.110584 6.07018 -1.35843 -3.87864 -1.35843 -3.87864 0.28737 0.484108 0.28737 -0.484108 
1 1 0 27.6747 0.110584 6.07359 -1.35847 -3.87865 -1.35847 -3.87865 0.287618 0.483884 0.287618 -0.483884 
1 1 0 27.6797 0.110584 6.07701 -1.35852 -3.87866 -1.35852 -3.87866 0.287866 0.48366 0.287866 -0.48366 
1 1 0 27.6847 0.110584 6.08044 -1.35856 -3.87867 -1.35856 -3.87867 0.288114 0.483435 0.288114 -0.483435 
1 1 0 27.6897 0.110584 6.08389 -1.3586 -3.87869 -1.3586 -3.87869 0.288363 0.48321 0.288363 -0.48321 
1 1 0 27.6947 0.110584 6.08734 -1.35865 -3.8787 -1.35865 -3.8787 0.288612 0.482984 0.288612 -0.482984 
1 1 0 27.6997 0.110584 6.09081 -1.35869 -3.87871 -1.35869 -3.87871 0.288862 0.482757 0.288862 -0.482757 
1 1 0 27.7047 0.110584 6.09429 -1.35874 -3.87872 -1.35874 -3.87872 0.289112 0.482531 0.289112 -0.482531 
1 1 0 27.7097 0.110584 6.09778 -1.35878 -3.87873 -1.35878 -3.87873 0.289363 0.482303 0.289363 -0.482303 
1 1 0 27.7147 0.110584 6.10128 -1.35882 -3.87873 -1.35882 -3.87873 0.289614 0.482075 0.289614 -0.482075 
1 1 0 27.7197 0.110584 6.10479 -1.35887 -3.87874 -1.35887 -3.87874 0.289866 0.481847 0.289866 -0.481847 
1 1 0 27.7247 0.110584 6.10832 -1.35891 -3.87875 -1.35891 -3.87875 0.290118 0.481618 0.290118 -0.481618 
1 1 0 27.7297 0.110584 6.11185 -1.35895 -3.87876 -1.35895 -3.87876 0.29037 0.481389 0.29037 -0.481389 
1 1 0 27.7347 0.110584 6.1154 -1.359 -3.87876 -1.359 -3.87876 0.290623 0.481159 0.290623 -0.481159 
1 1 0 27.7397 0.110584 6.11896 -1.35904 -3.87877 -1.35904 -3.87877 0.290876 0.480929 0.290876 -0.480929 
1 1 0 27.7447 0.110584 6.12253 -1.35909 -3.87877 -1.35909 -3.87877 0.29113 0.480698 0.29113 -0.480698 
1 1 0 27.7497 0.110584 6.12611 -1.35913 -3.87878 -1.35913 -3.87878 0.291384 0.480467 0.291384 -0.480467 
1 1 0 27.7547 0.110584 6.12971 -1.35917 -3.87878 -1.35917 -3.87878 0.291639 0.480235 0.291639 -0.480235 
1 1 0 27.7597 0.110584 6.13331 -1.35922 -3.87879 -1.35922 -3.87879 0.291894 0.480003 0.291894 -0.480003 
1 1 0 27.7647 0.110584 6.13693 -1.35926 -3.87879 -1.35926 -3.87879 0.292149 0.47977 0.292149 -0.47977 
1 1 0 27.7697 0.110584 6.14056 -1.3593 -3.87879 -1.3593 -3.87879 0.292406 0.479537 0.292406 -0.479537 
1 1 0 27.7747 0.110584 6.1442 -1.35935 -3.87879 -1.35935 -3.87879 0.292662 0.479303 0.292662 -0.479303 
1 1 0 27.7797 0.110584 6.14786 -1.35939 -3.87879 -1.35939 -3.87879 0.292919 0.479069 0.292919 -0.479069 
1 1 0 27.7847 0.110584 6.15153 -1.35943 -3.87879 -1.35943 -3.87879 0.293176 0.478834 0.293176 -0.478834 
1 1 0 27.7897 0.110584 6.15521 -1.35948 -3.87879 -1.35948 -3.87879 0.293434 0.478599 0.293434 -0.478599 
1 1 0 27.7947 0.110584 6.1589 -1.35952 -3.87879 -1.35952 -3.87879 0.293692 0.478363 0.293692 -0.478363 
1 1 0 27.7997 0.110584 6.1626 -1.35956 -3.87879 -1.35956 -3.87879 0.293951 0.478127 0.293951 -0.478127 
1 1 0 27.8047 0.110584 6.16632 -1.35961 -3.87879 -1.35961 -3.87879 0.29421 0.47789 0.29421 -0.47789 
1 1 0 27.8097 0.110584 6.17005 -1.35965 -3.87879 -1.35965 -3.87879 0.29447 0.477652 0.29447 -0.477652 
1 1 0 27.8147 0.110584 6.17379 -1.35969 -3.87879 -1.35969 -3.87879 0.29473 0.477414 0.29473 -0.477414 
1 1 0 27.8197 0.110584 6.17754 -1.35974 -3.87878 -1.35974 -3.87878 0.294991 0.477176 0.294991 -0.477176 
1 1 0 27.8247 0.110584 6.18131 -1.35978 -3.87878 -1.35978 -3.87878 0.295252 0.476937 0.295252 -0.476937 
1 1 0 27.8297 0.110584 6.18509 -1.35982 -3.87877 -1.35982 -3.87877 0.295513 0.476697 0.295513 -0.476697 
1 1 0 27.8347 0.110584 6.18888 -1.35987 -3.87877 -1.35987 -3.87877 0.295775 0.476457 0.295775 -0.476457 
1 1 0 27.8397 0.110584 6.19269 -1.35991 -3.87876 -1.35991 -3.87876 0.296037 0.476217 0.296037 -0.476217 
1 1 0 27.8447 0.110584 6.1965 -1.35995 -3.87876 -1.35995 -3.87876 0.2963 0.475976 0.2963 -0.475976 
1 1 0 27.8497 0.110584 6.20033 -1.36 -3.87875 -1.36 -3.87875 0.296563 0.475734 0.296563 -0.475734 
1 1 0 27.8547 0.110584 6.20418 -1.36004 -3.87874 -1.36004 -3.87874 0.296827 0.475492 0.296827 -0.475492 
1 1 0 27.8597 0.110584 6.20804 -1.36008 -3.87873 -1.36008 -3.87873 0.297091 0.475249 0.297091 -0.475249 
1 1 0 27.8647 0.110584 6.21191 -1.36013 -3.87872 -1.36013 -3.87872 0.297356 0.475006 0.297356 -0.475006 
1 1 0 27.8697 0.110584 6.21579 -1.36017 -3.87871 -1.36017 -3.87871 0.297621 0.474762 0.297621 -0.474762 
1 1 0 27.8747 0.110584 6.21969 -1.36021 -3.8787 -1.36021 -3.8787 0.297887 0.474518 0.297887 -0.474518 
1 1 0 27.8797 0.110584 6.2236 -1.36026 -3.87869 -1.36026 -3.87869 0.298153 0.474273 0.298153 -0.474273 
1 1 0 27.8847 0.110584 6.22752 -1.3603 -3.87868 -1.3603 -3.87868 0.298419 0.474028 0.298419 -0.474028 
1 1 0 27.8897 0.110584 6.23146 -1.36034 -3.87867 -1.36034 -3.87867 0.298687 0.473782 0.298687 -0.473782 
1 1 0 27.8947 0.110584 6.23541 -1.36038 -3.87866 -1.36038 -3.87866 0.298954 0.473535 0.298954 -0.473535 
1 1 0 27.8997 0.110584 6.23937 -1.36043 -3.87864 -1.36043 -3.87864 0.299222 0.473288 0.299222 -0.473288 
1 1 0 27.9047 0.110584 6.24335 -1.36047 -3.87863 -1.36047 -3.87863 0.29949 0.47304 0.29949 -0.47304 
1 1 0 27.9097 0.110584 6.24734 -1.36051 -3.87861 -1.36051 -3.87861 0.299759 0.472792 0.299759 -0.472792 
1 1 0 27.9147 0.110584 6.25134 -1.36056 -3.8786 -1.36056 -3.8786 0.300029 0.472544 0.300029 -0.472544 
1 1 0 27.9197 0.110584 6.25536 -1.3606 -3.87858 -1.3606 -3.87858 0.300298 0.472294 0.300298 -0.472294 
1 1 0 27.9247 0.110584 6.2594 -1.36064 -3.87857 -1.36064 -3.87857 0.300569 0.472044 0.300569 -0.472044 
1 1 0 27.9297 0.110584 6.26344 -1.36068 -3.87855 -1.36068 -3.87855 0.300839 0.471794 0.300839 -0.471794 
1 1 0 27.9347 0.110584 6.2675 -1.36073 -3.87853 -1.36073 -3.87853 0.301111 0.471543 0.301111 -0.471543 
1 1 0 27.9397 0.110584 6.27158 -1.36077 -3.87851 -1.36077 -3.87851 0.301382 0.471291 0.301382 -0.471291 
1 1 0 27.9447 0.110584 6.27567 -1.36081 -3.8785 -1.36081 -3.8785 0.301654 0.471039 0.301654 -0.471039 
1 1 0 27.9497 0.110584 6.27977 -1.36085 -3.87848 -1.36085 -3.87848 0.301927 0.470786 0.301927 -0.470786 
1 1 0 27.9547 0.110584 6.28389 -1.3609 -3.87846 -1.3609 -3.87846 0.3022 0.470533 0.3022 -0.470533 
1 1 0 27.9597 0.110584 6.28802 -1.36094 -3.87843 -1.36094 -3.87843 0.302474 0.470279 0.302474 -0.470279 
1 1 0 27.9647 0.110584 6.29217 -1.36098 -3.87841 -1.36098 -3.87841 0.302748 0.470025 0.302748 -0.470025 
1 1 0 27.9697 0.110584 6.29633 -1.36102 -3.87839 -1.36102 -3.87839 0.303022 0.46977 0.303022 -0.46977 
1 1 0 27.9747 0.110584 6.3005 -1.36107 -3.87837 -1.36107 -3.87837 0.303297 0.469514 0.303297 -0.469514 
1 1 0 27.9797 0.110584 6.30469 -1.36111 -3.87835 -1.36111 -3.87835 0.303573 0.469258 0.303573 -0.469258 
1 1 0 27.9847 0.110584 6.3089 -1.36115 -3.87832 -1.36115 -3.87832 0.303849 0.469001 0.303849 -0.469001 
1 1 0 27.9897 0.110584 6.31312 -1.36119 -3.8783 -1.36119 -3.8783 0.304125 0.468743 0.304125 -0.468743 
1 1 0 27.9947 0.110584 6.31735 -1.36124 -3.87827 -1.36124 -3.87827 0.304402 0.468485 0.304402 -0.468485 
1 1 0 27.9997 0.110584 6.3216 -1.36128 -3.87825 -1.36128 -3.87825 0.30468 0.468227 0.30468 -0.468227 
1 1 0 28.0047 0.110584 6.32587 -1.36132 -3.87822 -1.36132 -3.87822 0.304957 0.467967 0.304957 -0.467967 
1 1 0 28.0097 0.110584 6.33015 -1.36136 -3.87819 -1.36136 -3.87819 0.305236 0.467708 0.305236 -0.467708 
1 1 0 28.0147 0.110584 6.33445 -1.36141 -3.87816 -1.36141 -3.87816 0.305515 0.467447 0.305515 -0.467447 
1 1 0 28.0197 0.110584 6.33876 -1.36145 -3.87814 -1.36145 -3.87814 0.305794 0.467186 0.305794 -0.467186 
1 1 0 28.0247 0.110584 6.34308 -1.36149 -3.87811 -1.36149 -3.87811 0.306074 0.466924 0.306074 -0.466924 
1 1 0 28.0297 0.110584 6.34742 -1.36153 -3.87808 -1.36153 -3.87808 0.306354 0.466662 0.306354 -0.466662 
1 1 0 28.0347 0.110584 6.35178 -1.36157 -3.87805 -1.36157 -3.87805 0.306635 0.466399 0.306635 -0.466399 
1 1 0 28.0397 0.110584 6.35615 -1.36162 -3.87801 -1.36162 -3.87801 0.306916 0.466136 0.306916 -0.466136 
1 1 0 28.0447 0.110584 6.36054 -1.36166 -3.87798 -1.36166 -3.87798 0.307198 0.465872 0.307198 -0.465872 
1 1 0 28.0497 0.110584 6.36494 -1.3617 -3.87795 -1.3617 -3.87795 0.30748 0.465607 0.30748 -0.465607 
1 1 0 28.0547 0.110584 6.36936 -1.36174 -3.87792 -1.36174 -3.87792 0.307763 0.465341 0.307763 -0.465341 
1 1 0 28.0597 0.110584 6.3738 -1.36179 -3.87788 -1.36179 -3.87788 0.308046 0.465075 0.308046 -0.465075 
1 1 0 28.0647 0.110584 6.37825 -1.36183 -3.87785 -1.36183 -3.87785 0.30833 0.464809 0.30833 -0.464809 
1 1 0 28.0697 0.110584 6.38272 -1.36187 -3.87781 -1.36187 -3.87781 0.308614 0.464542 0.308614 -0.464542 
1 1 0 28.0747 0.110584 6.3872 -1.36191 -3.87778 -1.36191 -3.87778 0.308899 0.464274 0.308899 -0.464274 
1 1 0 28.0797 0.110584 6.3917 -1.36195 -3.87774 -1.36195 -3.87774 0.309184 0.464005 0.309184 -0.464005 
1 1 0 28.0847 0.110584 6.39622 -1.362 -3.8777 -1.362 -3.8777 0.309469 0.463736 0.309469 -0.463736 
1 1 0 28.0897 0.110584 6.40075 -1.36204 -3.87767 -1.36204 -3.87767 0.309756 0.463466 0.309756 -0.463466 
1 1 0 28.0947 0.110584 6.4053 -1.36208 -3.87763 -1.36208 -3.87763 0.310042 0.463196 0.310042 -0.463196 
1 1 0 28.0997 0.110584 6.40987 -1.36212 -3.87759 -1.36212 -3.87759 0.310329 0.462925 0.310329 -0.462925 
1 1 0 28.1047 0.110584 6.41445 -1.36216 -3.87755 -1.36216 -3.87755 0.310617 0.462653 0.310617 -0.462653 
1 1 0 28.1097 0.110584 6.41905 -1.3622 -3.87751 -1.3622 -3.87751 0.310905 0.46238 0.310905 -0.46238 
1 1 0 28.1147 0.110584 6.42367 -1.36225 -3.87747 -1.36225 -3.87747 0.311194 0.462107 0.311194 -0.462107 
1 1 0 28.1197 0.110584 6.4283 -1.36229 -3.87742 -1.36229 -3.87742 0.311483 0.461834 0.311483 -0.461834 
1 1 0 28.1247 0.110584 6.43295 -1.36233 -3.87738 -1.36233 -3.87738 0.311773 0.461559 0.311773 -0.461559 
1 1 0 28.1297 0.110584 6.43762 -1.36237 -3.87734 -1.36237 -3.87734 0.312063 0.461284 0.312063 -0.461284 
1 1 0 28.1347 0.110584 6.4423 -1.36241 -3.87729 -1.36241 -3.87729 0.312353 0.461009 0.312353 -0.461009 
1 1 0 28.1397 0.110584 6.447 -1.36245 -3.87725 -1.36245 -3.87725 0.312645 0.460732 0.312645 -0.460732 
1 1 0 28.1447 0.110584 6.45172 -1.3625 -3.8772 -1.3625 -3.8772 0.312936 0.460455 0.312936 -0.460455 
1 1 0 28.1497 0.110584 6.45646 -1.36254 -3.87716 -1.36254 -3.87716 0.313228 0.460177 0.313228 -0.460177 
1 1 0 28.1547 0.110584 6.46122 -1.36258 -3.87711 -1.36258 -3.87711 0.313521 0.459899 0.313521 -0.459899 
1 1 0 28.1597 0.110584 6.46599 -1.36262 -3.87706 -1.36262 -3.87706 0.313814 0.45962 0.313814 -0.45962 
1 1 0 28.1647 0.110584 6.47078 -1.36266 -3.87702 -1.36266 -3.87702 0.314108 0.45934 0.314108 -0.45934 
1 1 0 28.1697 0.110584 6.47559 -1.3627 -3.87697 -1.3627 -3.87697 0.314402 0.45906 0.314402 -0.45906 
1 1 0 28.1747 0.110584 6.48041 -1.36274 -3.87692 -1.36274 -3.87692 0.314697 0.458779 0.314697 -0.458779 
1 1 0 28.1797 0.110584 6.48526 -1.36279 -3.87687 -1.36279 -3.87687 0.314992 0.458497 0.314992 -0.458497 
1 1 0 28.1847 0.110584 6.49012 -1.36283 -3.87682 -1.36283 -3.87682 0.315288 0.458214 0.315288 -0.458214 
1 1 0 28.1897 0.110584 6.495 -1.36287 -3.87676 -1.36287 -3.87676 0.315584 0.457931 0.315584 -0.457931 
1 1 0 28.1947 0.110584 6.4999 -1.36291 -3.87671 -1.36291 -3.87671 0.315881 0.457647 0.315881 -0.457647 
1 1 0 28.1997 0.110584 6.50481 -1.36295 -3.87666 -1.36295 -3.87666 0.316178 0.457362 0.316178 -0.457362 
1 1 0 28.2047 0.110584 6.50975 -1.36299 -3.8766 -1.36299 -3.8766 0.316476 0.457077 0.316476 -0.457077 
1 1 0 28.2097 0.110584 6.5147 -1.36303 -3.87655 -1.36303 -3.87655 0.316774 0.456791 0.316774 -0.456791 
1 1 0 28.2147 0.110584 6.51968 -1.36307 -3.87649 -1.36307 -3.87649 0.317073 0.456504 0.317073 -0.456504 
1 1 0 28.2197 0.110584 6.52467 -1.36312 -3.87644 -1.36312 -3.87644 0.317372 0.456217 0.317372 -0.456217 
1 1 0 28.2247 0.110584 6.52968 -1.36316 -3.87638 -1.36316 -3.87638 0.317672 0.455929 0.317672 -0.455929 
1 1 0 28.2297 0.110584 6.53471 -1.3632 -3.87632 -1.3632 -3.87632 0.317972 0.45564 0.317972 -0.45564 
1 1 0 28.2347 0.110584 6.53976 -1.36324 -3.87627 -1.36324 -3.87627 0.318273 0.45535 0.318273 -0.45535 
1 1 0 28.2397 0.110584 6.54483 -1.36328 -3.87621 -1.36328 -3.87621 0.318574 0.45506 0.318574 -0.45506 
1 1 0 28.2446 0.110584 6.54992 -1.36332 -3.87615 -1.36332 -3.87615 0.318876 0.454769 0.318876 -0.454769 
1 1 0 28.2496 0.110584 6.55503 -1.36336 -3.87609 -1.36336 -3.87609 0.319179 0.454477 0.319179 -0.454477 
1 1 0 28.2546 0.110584 6.56016 -1.3634 -3.87602 -1.3634 -3.87602 0.319482 0.454184 0.319482 -0.454184 
1 1 0 28.2596 0.110584 6.5653 -1.36344 -3.87596 -1.36344 -3.87596 0.319785 0.453891 0.319785 -0.453891 
1 1 0 28.2646 0.110584 6.57047 -1.36349 -3.8759 -1.36349 -3.8759 0.320089 0.453597 0.320089 -0.453597 
1 1 0 28.2696 0.110584 6.57566 -1.36353 -3.87584 -1.36353 -3.87584 0.320394 0.453302 0.320394 -0.453302 
1 1 0 28.2746 0.110584 6.58087 -1.36357 -3.87577 -1.36357 -3.87577 0.320699 0.453007 0.320699 -0.453007 
1 1 0 28.2796 0.110584 6.58609 -1.36361 -3.87571 -1.36361 -3.87571 0.321004 0.452711 0.321004 -0.452711 
1 1 0 28.2846 0.110584 6.59134 -1.36365 -3.87564 -1.36365 -3.87564 0.32131 0.452414 0.32131 -0.452414 
1 1 0 28.2896 0.110584 6.59661 -1.36369 -3.87558 -1.36369 -3.87558 0.321617 0.452116 0.321617 -0.452116 
1 1 0 28.2946 0.110584 6.6019 -1.36373 -3.87551 -1.36373 -3.87551 0.321924 0.451817 0.321924 -0.451817 
1 1 0 28.2996 0.110584 6.60721 -1.36377 -3.87544 -1.36377 -3.87544 0.322232 0.451518 0.322232 -0.451518 
1 1 0 28.3046 0.110584 6.61254 -1.36381 -3.87537 -1.36381 -3.87537 0.32254 0.451218 0.32254 -0.451218 
1 1 0 28.3096 0.110584 6.61789 -1.36385 -3.8753 -1.36385 -3.8753 0.322849 0.450917 0.322849 -0.450917 
1 1 0 28.3146 0.110584 6.62326 -1.36389 -3.87523 -1.36389 -3.87523 0.323158 0.450615 0.323158 -0.450615 
1 1 0 28.3196 0.110584 6.62866 -1.36393 -3.87516 -1.36393 -3.87516 0.323468 0.450313 0.323468 -0.450313 
1 1 0 28.3246 0.110584 6.63407 -1.36397 -3.87509 -1.36397 -3.87509 0.323778 0.45001 0.323778 -0.45001 
1 1 0 28.3296 0.110584 6.63951 -1.36401 -3.87502 -1.36401 -3.87502 0.324089 0.449706 0.324089 -0.449706 
1 1 0 28.3346 0.110584 6.64497 -1.36405 -3.87494 -1.36405 -3.87494 0.324401 0.449401 0.324401 -0.449401 
1 1 0 28.3396 0.110584 6.65045 -1.3641 -3.87487 -1.3641 -3.87487 0.324713 0.449096 0.324713 -0.449096 
1 1 0 28.3446 0.110584 6.65595 -1.36414 -3.87479 -1.36414 -3.87479 0.325025 0.448789 0.325025 -0.448789 
1 1 0 28.3496 0.110584 6.66147 -1.36418 -3.87472 -1.36418 -3.87472 0.325338 0.448482 0.325338 -0.448482 
1 1 0 28.3546 0.110584 6.66702 -1.36422 -3.87464 -1.36422 -3.87464 0.325652 0.448174 0.325652 -0.448174 
1 1 0 28.3596 0.110584 6.67259 -1.36426 -3.87456 -1.36426 -3.87456 0.325966 0.447866 0.325966 -0.447866 
1 1 0 28.3646 0.110584 6.67818 -1.3643 -3.87449 -1.3643 -3.87449 0.326281 0.447556 0.326281 -0.447556 
1 1 0 28.3696 0.110584 6.68379 -1.36434 -3.87441 -1.36434 -3.87441 0.326596 0.447246 0.326596 -0.447246 
1 1 0 28.3746 0.110584 6.68943 -1.36438 -3.87433 -1.36438 -3.87433 0.326912 0.446934 0.326912 -0.446934 
1 1 0 28.3796 0.110584 6.69509 -1.36442 -3.87425 -1.36442 -3.87425 0.327228 0.446622 0.327228 -0.446622 
1 1 0 28.3846 0.110584 6.70077 -1.36446 -3.87417 -1.36446 -3.87417 0.327545 0.44631 0.327545 -0.44631 
1 1 0 28.3896 0.110584 6.70647 -1.3645 -3.87408 -1.3645 -3.87408 0.327863 0.445996 0.327863 -0.445996 
1 1 0 28.3946 0.110584 6.7122 -1.36454 -3.874 -1.36454 -3.874 0.328181 0.445681 0.328181 -0.445681 
1 1 0 28.3996 0.110584 6.71795 -1.36458 -3.87392 -1.36458 -3.87392 0.328499 0.445366 0.328499 -0.445366 
1 1 0 28.4046 0.110584 6.72373 -1.36462 -3.87383 -1.36462 -3.87383 0.328818 0.44505 0.328818 -0.44505 
1 1 0 28.4096 0.110584 6.72953 -1.36466 -3.87375 -1.36466 -3.87375 0.329138 0.444733 0.329138 -0.444733 
1 1 0 28.4146 0.110584 6.73535 -1.3647 -3.87366 -1.3647 -3.87366 0.329458 0.444415 0.329458 -0.444415 
1 1 0 28.4196 0.110584 6.74119 -1.36474 -3.87358 -1.36474 -3.87358 0.329779 0.444096 0.329779 -0.444096 
1 1 0 28.4246 0.110584 6.74707 -1.36478 -3.87349 -1.36478 -3.87349 0.3301 0.443777 0.3301 -0.443777 
1 1 0 28.4296 0.110584 6.75296 -1.36482 -3.8734 -1.36482 -3.8734 0.330422 0.443456 0.330422 -0.443456 
1 1 0 28.4346 0.110584 6.75888 -1.36486 -3.87331 -1.36486 -3.87331 0.330745 0.443135 0.330745 -0.443135 
1 1 0 28.4396 0.110584 6.76482 -1.3649 -3.87322 -1.3649 -3.87322 0.331068 0.442813 0.331068 -0.442813 
1 1 0 28.4446 0.110584 6.77079 -1.36494 -3.87313 -1.36494 -3.87313 0.331392 0.44249 0.331392 -0.44249 
1 1 0 28.4496 0.110584 6.77678 -1.36498 -3.87304 -1.36498 -3.87304 0.331716 0.442166 0.331716 -0.442166 
1 1 0 28.4546 0.110584 6.7828 -1.36502 -3.87294 -1.36502 -3.87294 0.332041 0.441841 0.332041 -0.441841 
1 1 0 28.4596 0.110584 6.78885 -1.36506 -3.87285 -1.36506 -3.87285 0.332366 0.441516 0.332366 -0.441516 
1 1 0 28.4646 0.110584 6.79491 -1.3651 -3.87276 -1.3651 -3.87276 0.332692 0.441189 0.332692 -0.441189 
1 1 0 28.4696 0.110584 6.80101 -1.36514 -3.87266 -1.36514 -3.87266 0.333018 0.440862 0.333018 -0.440862 
1 1 0 28.4746 0.110584 6.80713 -1.36518 -3.87257 -1.36518 -3.87257 0.333345 0.440533 0.333345 -0.440533 
1 1 0 28.4796 0.110584 6.81327 -1.36522 -3.87247 -1.36522 -3.87247 0.333673 0.440204 0.333673 -0.440204 
1 1 0 28.4846 0.110584 6.81945 -1.36526 -3.87237 -1.36526 -3.87237 0.334001 0.439874 0.334001 -0.439874 
1 1 0 28.4896 0.110584 6.82564 -1.3653 -3.87227 -1.3653 -3.87227 0.33433 0.439543 0.33433 -0.439543 
1 1 0 28.4946 0.110584 6.83187 -1.36534 -3.87217 -1.36534 -3.87217 0.334659 0.439211 0.334659 -0.439211 
1 1 0 28.4996 0.110584 6.83812 -1.36538 -3.87207 -1.36538 -3.87207 0.334989 0.438878 0.334989 -0.438878 
1 1 0 28.5046 0.110584 6.8444 -1.36541 -3.87197 -1.36541 -3.87197 0.33532 0.438545 0.33532 -0.438545 
1 1 0 28.5096 0.110584 6.8507 -1.36545 -3.87187 -1.36545 -3.87187 0.335651 0.43821 0.335651 -0.43821 
1 1 0 28.5146 0.110584 6.85703 -1.36549 -3.87177 -1.36549 -3.87177 0.335982 0.437874 0.335982 -0.437874 
1 1 0 28.5196 0.110584 6.86339 -1.36553 -3.87166 -1.36553 -3.87166 0.336315 0.437538 0.336315 -0.437538 
1 1 0 28.5246 0.110584 6.86978 -1.36557 -3.87156 -1.36557 -3.87156 0.336647 0.4372 0.336647 -0.4372 
1 1 0 28.5296 0.110584 6.87619 -1.36561 -3.87145 -1.36561 -3.87145 0.336981 0.436862 0.336981 -0.436862 
1 1 0 28.5346 0.110584 6.88263 -1.36565 -3.87135 -1.36565 -3.87135 0.337315 0.436522 0.337315 -0.436522 
1 1 0 28.5396 0.110584 6.8891 -1.36569 -3.87124 -1.36569 -3.87124 0.33765 0.436182 0.33765 -0.436182 
1 1 0 28.5446 0.110584 6.8956 -1.36573 -3.87113 -1.36573 -3.87113 0.337985 0.435841 0.337985 -0.435841 
1 1 0 28.5496 0.110584 6.90212 -1.36577 -3.87102 -1.36577 -3.87102 0.338321 0.435498 0.338321 -0.435498 
1 1 0 28.5546 0.110584 6.90868 -1.36581 -3.87091 -1.36581 -3.87091 0.338657 0.435155 0.338657 -0.435155 
1 1 0 28.5596 0.110584 6.91526 -1.36585 -3.8708 -1.36585 -3.8708 0.338994 0.434811 0.338994 -0.434811 
1 1 0 28.5646 0.110584 6.92187 -1.36589 -3.87069 -1.36589 -3.87069 0.339331 0.434466 0.339331 -0.434466 
1 1 0 28.5696 0.110584 6.92852 -1.36593 -3.87058 -1.36593 -3.87058 0.33967 0.434119 0.33967 -0.434119 
1 1 0 28.5746 0.110584 6.93519 -1.36596 -3.87047 -1.36596 -3.87047 0.340008 0.433772 0.340008 -0.433772 
1 1 0 28.5796 0.110584 6.94189 -1.366 -3.87035 -1.366 -3.87035 0.340348 0.433424 0.340348 -0.433424 
1 1 0 28.5846 0.110584 6.94862 -1.36604 -3.87024 -1.36604 -3.87024 0.340688 0.433075 0.340688 -0.433075 
1 1 0 28.5896 0.110584 6.95538 -1.36608 -3.87012 -1.36608 -3.87012 0.341028 0.432725 0.341028 -0.432725 
1 1 0 28.5946 0.110584 6.96217 -1.36612 -3.87 -1.36612 -3.87 0.34137 0.432374 0.34137 -0.432374 
1 1 0 28.5996 0.110584 6.96899 -1.36616 -3.86989 -1.36616 -3.86989 0.341711 0.432022 0.341711 -0.432022 
1 1 0 28.6046 0.110584 6.97584 -1.3662 -3.86977 -1.3662 -3.86977 0.342054 0.431668 0.342054 -0.431668 
1 1 0 28.6096 0.110584 6.98272 -1.36624 -3.86965 -1.36624 -3.86965 0.342397 0.431314 0.342397 -0.431314 
1 1 0 28.6146 0.110584 6.98963 -1.36628 -3.86953 -1.36628 -3.86953 0.342741 0.430959 0.342741 -0.430959 
1 1 0 28.6196 0.110584 6.99658 -1.36632 -3.86941 -1.36632 -3.86941 0.343085 0.430603 0.343085 -0.430603 
1 1 0 28.6246 0.110584 7.00355 -1.36635 -3.86928 -1.36635 -3.86928 0.34343 0.430245 0.34343 -0.430245 
1 1 0 28.6296 0.110584 7.01056 -1.36639 -3.86916 -1.36639 -3.86916 0.343775 0.429887 0.343775 -0.429887 
1 1 0 28.6346 0.110584 7.0176 -1.36643 -3.86904 -1.36643 -3.86904 0.344121 0.429528 0.344121 -0.429528 
1 1 0 28.6396 0.110584 7.02467 -1.36647 -3.86891 -1.36647 -3.86891 0.344468 0.429167 0.344468 -0.429167 
1 1 0 28.6446 0.110584 7.03177 -1.36651 -3.86879 -1.36651 -3.86879 0.344815 0.428806 0.344815 -0.428806 
1 1 0 28.6496 0.110584 7.03891 -1.36655 -3.86866 -1.36655 -3.86866 0.345163 0.428443 0.345163 -0.428443 
1 1 0 28.6546 0.110584 7.04608 -1.36659 -3.86853 -1.36659 -3.86853 0.345512 0.42808 0.345512 -0.42808 
1 1 0 28.6596 0.110584 7.05328 -1.36662 -3.8684 -1.36662 -3.8684 0.345861 0.427715 0.345861 -0.427715 
1 1 0 28.6646 0.110584 7.06051 -1.36666 -3.86827 -1.36666 -3.86827 0.346211 0.427349 0.346211 -0.427349 
1 1 0 28.6696 0.110584 7.06778 -1.3667 -3.86814 -1.3667 -3.86814 0.346562 0.426982 0.346562 -0.426982 
1 1 0 28.6746 0.110584 7.07508 -1.36674 -3.86801 -1.36674 -3.86801 0.346913 0.426614 0.346913 -0.426614 
1 1 0 28.6796 0.110584 7.08242 -1.36678 -3.86788 -1.36678 -3.86788 0.347264 0.426245 0.347264 -0.426245 
1 1 0 28.6846 0.110584 7.08979 -1.36682 -3.86774 -1.36682 -3.86774 0.347617 0.425875 0.347617 -0.425875 
1 1 0 28.6895 0.110584 7.09719 -1.36686 -3.86761 -1.36686 -3.86761 0.34797 0.425504 0.34797 -0.425504 
1 1 0 28.6945 0.110584 7.10463 -1.36689 -3.86747 -1.36689 -3.86747 0.348324 0.425131 0.348324 -0.425131 
1 1 0 28.6995 0.110584 7.11211 -1.36693 -3.86734 -1.36693 -3.86734 0.348678 0.424758 0.348678 -0.424758 
1 1 0 28.7045 0.110584 7.11962 -1.36697 -3.8672 -1.36697 -3.8672 0.349033 0.424383 0.349033 -0.424383 
1 1 0 28.7095 0.110584 7.12716 -1.36701 -3.86706 -1.36701 -3.86706 0.349388 0.424007 0.349388 -0.424007 
1 1 0 28.7145 0.110584 7.13475 -1.36705 -3.86692 -1.36705 -3.86692 0.349745 0.42363 0.349745 -0.42363 
1 1 0 28.7195 0.110584 7.14236 -1.36709 -3.86678 -1.36709 -3.86678 0.350102 0.423252 0.350102 -0.423252 
1 1 0 28.7245 0.110584 7.15002 -1.36712 -3.86664 -1.36712 -3.86664 0.350459 0.422873 0.350459 -0.422873 
1 1 0 28.7295 0.110584 7.15771 -1.36716 -3.86649 -1.36716 -3.86649 0.350817 0.422493 0.350817 -0.422493 
1 1 0 28.7345 0.110584 7.16544 -1.3672 -3.86635 -1.3672 -3.86635 0.351176 0.422111 0.351176 -0.422111 
1 1 0 28.7395 0.110584 7.1732 -1.36724 -3.86621 -1.36724 -3.86621 0.351536 0.421729 0.351536 -0.421729 
1 1 0 28.7445 0.110584 7.181 -1.36728 -3.86606 -1.36728 -3.86606 0.351896 0.421345 0.351896 -0.421345 
1 1 0 28.7495 0.110584 7.18884 -1.36731 -3.86591 -1.36731 -3.86591 0.352257 0.42096 0.352257 -0.42096 
1 1 0 28.7545 0.110584 7.19672 -1.36735 -3.86577 -1.36735 -3.86577 0.352618 0.420574 0.352618 -0.420574 
1 1 0 28.7595 0.110584 7.20464 -1.36739 -3.86562 -1.36739 -3.86562 0.35298 0.420186 0.35298 -0.420186 
1 1 0 28.7645 0.110584 7.21259 -1.36743 -3.86547 -1.36743 -3.86547 0.353343 0.419797 0.353343 -0.419797 
1 1 0 28.7695 0.110584 7.22058 -1.36747 -3.86532 -1.36747 -3.86532 0.353707 0.419408 0.353707 -0.419408 
1 1 0 28.7745 0.110584 7.22862 -1.3675 -3.86517 -1.3675 -3.86517 0.354071 0.419017 0.354071 -0.419017 
1 1 0 28.7795 0.110584 7.23669 -1.36754 -3.86501 -1.36754 -3.86501 0.354436 0.418624 0.354436 -0.418624 
1 1 0 28.7845 0.110584 7.2448 -1.36758 -3.86486 -1.36758 -3.86486 0.354801 0.418231 0.354801 -0.418231 
1 1 0 28.7895 0.110584 7.25296 -1.36762 -3.86471 -1.36762 -3.86471 0.355167 0.417836 0.355167 -0.417836 
1 1 0 28.7945 0.110584 7.26115 -1.36765 -3.86455 -1.36765 -3.86455 0.355534 0.41744 0.355534 -0.41744 
1 1 0 28.7995 0.110584 7.26938 -1.36769 -3.86439 -1.36769 -3.86439 0.355902 0.417043 0.355902 -0.417043 
1 1 0 28.8045 0.110584 7.27766 -1.36773 -3.86423 -1.36773 -3.86423 0.35627 0.416644 0.35627 -0.416644 
1 1 0 28.8095 0.110584 7.28597 -1.36777 -3.86408 -1.36777 -3.86408 0.356639 0.416245 0.356639 -0.416245 
1 1 0 28.8145 0.110584 7.29433 -1.3678 -3.86392 -1.3678 -3.86392 0.357008 0.415844 0.357008 -0.415844 
1 1 0 28.8195 0.110584 7.30273 -1.36784 -3.86376 -1.36784 -3.86376 0.357378 0.415441 0.357378 -0.415441 
1 1 0 28.8245 0.110584 7.31117 -1.36788 -3.86359 -1.36788 -3.86359 0.357749 0.415038 0.357749 -0.415038 
1 1 0 28.8295 0.110584 7.31966 -1.36792 -3.86343 -1.36792 -3.86343 0.358121 0.414633 0.358121 -0.414633 
1 1 0 28.8345 0.110584 7.32819 -1.36795 -3.86327 -1.36795 -3.86327 0.358493 0.414227 0.358493 -0.414227 
1 1 0 28.8395 0.110584 7.33676 -1.36799 -3.8631 -1.36799 -3.8631 0.358866 0.413819 0.358866 -0.413819 
1 1 0 28.8445 0.110584 7.34538 -1.36803 -3.86293 -1.36803 -3.86293 0.35924 0.41341 0.35924 -0.41341 
1 1 0 28.8495 0.110584 7.35404 -1.36807 -3.86277 -1.36807 -3.86277 0.359614 0.413 0.359614 -0.413 
1 1 0 28.8545 0.110584 7.36274 -1.3681 -3.8626 -1.3681 -3.8626 0.35999 0.412589 0.35999 -0.412589 
1 1 0 28.8595 0.110584 7.37149 -1.36814 -3.86243 -1.36814 -3.86243 0.360365 0.412176 0.360365 -0.412176 
1 1 0 28.8645 0.110584 7.38029 -1.36818 -3.86226 -1.36818 -3.86226 0.360742 0.411762 0.360742 -0.411762 
1 1 0 28.8695 0.110584 7.38913 -1.36822 -3.86209 -1.36822 -3.86209 0.361119 0.411346 0.361119 -0.411346 
1 1 0 28.8745 0.110584 7.39801 -1.36825 -3.86191 -1.36825 -3.86191 0.361497 0.410929 0.361497 -0.410929 
1 1 0 28.8795 0.110584 7.40695 -1.36829 -3.86174 -1.36829 -3.86174 0.361876 0.410511 0.361876 -0.410511 
1 1 0 28.8844 0.110584 7.41593 -1.36833 -3.86156 -1.36833 -3.86156 0.362255 0.410092 0.362255 -0.410092 
1 1 0 28.8894 0.110584 7.42495 -1.36836 -3.86139 -1.36836 -3.86139 0.362635 0.409671 0.362635 -0.409671 
1 1 0 28.8944 0.110584 7.43403 -1.3684 -3.86121 -1.3684 -3.86121 0.363016 0.409248 0.363016 -0.409248 
1 1 0 28.8994 0.110584 7.44315 -1.36844 -3.86103 -1.36844 -3.86103 0.363398 0.408824 0.363398 -0.408824 
1 1 0 28.9044 0.110584 7.45232 -1.36848 -3.86085 -1.36848 -3.86085 0.36378 0.408399 0.36378 -0.408399 
1 1 0 28.9094 0.110584 7.46154 -1.36851 -3.86067 -1.36851 -3.86067 0.364163 0.407973 0.364163 -0.407973 
1 1 0 28.9144 0.110584 7.47081 -1.36855 -3.86049 -1.36855 -3.86049 0.364547 0.407545 0.364547 -0.407545 
1 1 0 28.9194 0.110584 7.48013 -1.36859 -3.86031 -1.36859 -3.86031 0.364931 0.407115 0.364931 -0.407115 
1 1 0 28.9244 0.110584 7.4895 -1.36862 -3.86012 -1.36862 -3.86012 0.365316 0.406684 0.365316 -0.406684 
1 1 0 28.9294 0.110584 7.49892 -1.36866 -3.85994 -1.36866 -3.85994 0.365702 0.406252 0.365702 -0.406252 
1 1 0 28.9344 0.110584 7.50839 -1.3687 -3.85975 -1.3687 -3.85975 0.366089 0.405818 0.366089 -0.405818 
1 1 0 28.9394 0.110584 7.51791 -1.36873 -3.85956 -1.36873 -3.85956 0.366476 0.405383 0.366476 -0.405383 
1 1 0 28.9444 0.110584 7.52749 -1.36877 -3.85937 -1.36877 -3.85937 0.366864 0.404946 0.366864 -0.404946 
1 1 0 28.9494 0.110584 7.53711 -1.36881 -3.85918 -1.36881 -3.85918 0.367253 0.404508 0.367253 -0.404508 
1 1 0 28.9544 0.110584 7.54679 -1.36884 -3.85899 -1.36884 -3.85899 0.367643 0.404068 0.367643 -0.404068 
1 1 0 28.9594 0.110584 7.55653 -1.36888 -3.8588 -1.36888 -3.8588 0.368033 0.403626 0.368033 -0.403626 
1 1 0 28.9644 0.110584 7.56631 -1.36892 -3.85861 -1.36892 -3.85861 0.368424 0.403184 0.368424 -0.403184 
1 1 0 28.9694 0.110584 7.57615 -1.36895 -3.85841 -1.36895 -3.85841 0.368816 0.402739 0.368816 -0.402739 
1 1 0 28.9744 0.110584 7.58605 -1.36899 -3.85822 -1.36899 -3.85822 0.369209 0.402293 0.369209 -0.402293 
1 1 0 28.9794 0.110584 7.596 -1.36903 -3.85802 -1.36903 -3.85802 0.369602 0.401846 0.369602 -0.401846 
1 1 0 28.9844 0.110584 7.606 -1.36906 -3.85782 -1.36906 -3.85782 0.369996 0.401397 0.369996 -0.401397 
1 1 0 28.9894 0.110584 7.61607 -1.3691 -3.85762 -1.3691 -3.85762 0.370391 0.400946 0.370391 -0.400946 
1 1 0 28.9944 0.110584 7.62619 -1.36914 -3.85742 -1.36914 -3.85742 0.370787 0.400494 0.370787 -0.400494 
1 1 0 28.9994 0.110584 7.63636 -1.36917 -3.85722 -1.36917 -3.85722 0.371183 0.400041 0.371183 -0.400041 
1 1 0 29.0044 0.110584 7.6466 -1.36921 -3.85702 -1.36921 -3.85702 0.371581 0.399585 0.371581 -0.399585 
1 1 0 29.0094 0.110584 7.65689 -1.36925 -3.85681 -1.36925 -3.85681 0.371979 0.399128 0.371979 -0.399128 
1 1 0 29.0144 0.110584 7.66724 -1.36928 -3.85661 -1.36928 -3.85661 0.372377 0.39867 0.372377 -0.39867 
1 1 0 29.0193 0.110584 7.67765 -1.36932 -3.8564 -1.36932 -3.8564 0.372777 0.39821 0.372777 -0.39821 
1 1 0 29.0243 0.110584 7.68812 -1.36935 -3.85619 -1.36935 -3.85619 0.373177 0.397748 0.373177 -0.397748 
1 1 0 29.0293 0.110584 7.69865 -1.36939 -3.85598 -1.36939 -3.85598 0.373579 0.397284 0.373579 -0.397284 
1 1 0 29.0343 0.110584 7.70924 -1.36943 -3.85577 -1.36943 -3.85577 0.373981 0.396819 0.373981 -0.396819 
1 1 0 29.0393 0.110584 7.7199 -1.36946 -3.85556 -1.36946 -3.85556 0.374383 0.396353 0.374383 -0.396353 
1 1 0 29.0443 0.110584 7.73061 -1.3695 -3.85535 -1.3695 -3.85535 0.374787 0.395884 0.374787 -0.395884 
1 1 0 29.0493 0.110584 7.74139 -1.36953 -3.85513 -1.36953 -3.85513 0.375191 0.395414 0.375191 -0.395414 
1 1 0 29.0543 0.110584 7.75223 -1.36957 -3.85491 -1.36957 -3.85491 0.375596 0.394942 0.375596 -0.394942 
1 1 0 29.0593 0.110584 7.76314 -1.36961 -3.8547 -1.36961 -3.8547 0.376002 0.394469 0.376002 -0.394469 
1 1 0 29.0643 0.110584 7.77411 -1.36964 -3.85448 -1.36964 -3.85448 0.376409 0.393993 0.376409 -0.393993 
1 1 0 29.0693 0.110584 7.78515 -1.36968 -3.85426 -1.36968 -3.85426 0.376817 0.393516 0.376817 -0.393516 
1 1 0 29.0743 0.110584 7.79625 -1.36971 -3.85404 -1.36971 -3.85404 0.377225 0.393038 0.377225 -0.393038 
1 1 0 29.0793 0.110584 7.80742 -1.36975 -3.85382 -1.36975 -3.85382 0.377634 0.392557 0.377634 -0.392557 
1 1 0 29.0843 0.110584 7.81865 -1.36979 -3.85359 -1.36979 -3.85359 0.378044 0.392075 0.378044 -0.392075 
1 1 0 29.0893 0.110584 7.82996 -1.36982 -3.85337 -1.36982 -3.85337 0.378455 0.391591 0.378455 -0.391591 
1 1 0 29.0943 0.110584 7.84133 -1.36986 -3.85314 -1.36986 -3.85314 0.378867 0.391105 0.378867 -0.391105 
1 1 0 29.0993 0.110584 7.85277 -1.36989 -3.85292 -1.36989 -3.85292 0.379279 0.390617 0.379279 -0.390617 
1 1 0 29.1043 0.110584 7.86428 -1.36993 -3.85269 -1.36993 -3.85269 0.379692 0.390128 0.379692 -0.390128 
1 1 0 29.1093 0.110584 7.87586 -1.36996 -3.85246 -1.36996 -3.85246 0.380107 0.389636 0.380107 -0.389636 
1 1 0 29.1143 0.110584 7.88751 -1.37 -3.85223 -1.37 -3.85223 0.380522 0.389143 0.380522 -0.389143 
1 1 0 29.1192 0.110584 7.89924 -1.37003 -3.85199 -1.37003 -3.85199 0.380937 0.388648 0.380937 -0.388648 
1 1 0 29.1242 0.110584 7.91103 -1.37007 -3.85176 -1.37007 -3.85176 0.381354 0.388151 0.381354 -0.388151 
1 1 0 29.1292 0.110584 7.9229 -1.37011 -3.85152 -1.37011 -3.85152 0.381772 0.387652 0.381772 -0.387652 
1 1 0 29.1342 0.110584 7.93485 -1.37014 -3.85129 -1.37014 -3.85129 0.38219 0.387151 0.38219 -0.387151 
1 1 0 29.1392 0.110584 7.94687 -1.37018 -3.85105 -1.37018 -3.85105 0.382609 0.386649 0.382609 -0.386649 
1 1 0 29.1442 0.110584 7.95896 -1.37021 -3.85081 -1.37021 -3.85081 0.383029 0.386144 0.383029 -0.386144 
1 1 0 29.1492 0.110584 7.97114 -1.37025 -3.85057 -1.37025 -3.85057 0.38345 0.385638 0.38345 -0.385638 
1 1 0 29.1542 0.110584 7.98338 -1.37028 -3.85032 -1.37028 -3.85032 0.383872 0.385129 0.383872 -0.385129 
1 1 0 29.1592 0.110584 7.99571 -1.37032 -3.85008 -1.37032 -3.85008 0.384295 0.384619 0.384295 -0.384619 
1 1 0 29.1642 0.110584 8.00812 -1.37035 -3.84984 -1.37035 -3.84984 0.384719 0.384107 0.384719 -0.384107 
1 1 0 29.1692 0.110584 8.0206 -1.37039 -3.84959 -1.37039 -3.84959 0.385143 0.383592 0.385143 -0.383592 
1 1 0 29.1742 0.110584 8.03317 -1.37042 -3.84934 -1.37042 -3.84934 0.385568 0.383076 0.385568 -0.383076 
1 1 0 29.1792 0.110584 8.04582 -1.37046 -3.84909 -1.37046 -3.84909 0.385995 0.382557 0.385995 -0.382557 
1 1 0 29.1842 0.110584 8.05855 -1.37049 -3.84884 -1.37049 -3.84884 0.386422 0.382037 0.386422 -0.382037 
1 1 0 29.1892 0.110584 8.07136 -1.37053 -3.84859 -1.37053 -3.84859 0.38685 0.381514 0.38685 -0.381514 
1 1 0 29.1942 0.110584 8.08426 -1.37056 -3.84833 -1.37056 -3.84833 0.387279 0.38099 0.387279 -0.38099 
1 1 0 29.1991 0.110584 8.09724 -1.3706 -3.84808 -1.3706 -3.84808 0.387708 0.380463 0.387708 -0.380463 
1 1 0 29.2041 0.110584 8.11031 -1.37063 -3.84782 -1.37063 -3.84782 0.388139 0.379934 0.388139 -0.379934 
1 1 0 29.2091 0.110584 8.12346 -1.37067 -3.84756 -1.37067 -3.84756 0.388571 0.379403 0.388571 -0.379403 
1 1 0 29.2141 0.110584 8.1367 -1.3707 -3.84731 -1.3707 -3.84731 0.389003 0.37887 0.389003 -0.37887 
1 1 0 29.2191 0.110584 8.15003 -1.37074 -3.84704 -1.37074 -3.84704 0.389437 0.378335 0.389437 -0.378335 
1 1 0 29.2241 0.110584 8.16345 -1.37077 -3.84678 -1.37077 -3.84678 0.389871 0.377798 0.389871 -0.377798 
1 1 0 29.2291 0.110584 8.17697 -1.37081 -3.84652 -1.37081 -3.84652 0.390306 0.377258 0.390306 -0.377258 
1 1 0 29.2341 0.110584 8.19057 -1.37084 -3.84625 -1.37084 -3.84625 0.390743 0.376717 0.390743 -0.376717 
1 1 0 29.2391 0.110584 8.20426 -1.37088 -3.84598 -1.37088 -3.84598 0.39118 0.376173 0.39118 -0.376173 
1 1 0 29.2441 0.110584 8.21805 -1.37091 -3.84572 -1.37091 -3.84572 0.391618 0.375627 0.391618 -0.375627 
1 1 0 29.2491 0.110584 8.23194 -1.37095 -3.84545 -1.37095 -3.84545 0.392057 0.375078 0.392057 -0.375078 
1 1 0 29.2541 0.110584 8.24592 -1.37098 -3.84517 -1.37098 -3.84517 0.392497 0.374528 0.392497 -0.374528 
1 1 0 29.2591 0.110584 8.25999 -1.37101 -3.8449 -1.37101 -3.8449 0.392938 0.373975 0.392938 -0.373975 
1 1 0 29.2641 0.110584 8.27417 -1.37105 -3.84463 -1.37105 -3.84463 0.393379 0.373419 0.393379 -0.373419 
1 1 0 29.269 0.110584 8.28844 -1.37108 -3.84435 -1.37108 -3.84435 0.393822 0.372862 0.393822 -0.372862 
1 1 0 29.274 0.110584 8.30281 -1.37112 -3.84407 -1.37112 -3.84407 0.394266 0.372302 0.394266 -0.372302 
1 1 0 29.279 0.110584 8.31729 -1.37115 -3.84379 -1.37115 -3.84379 0.394711 0.37174 0.394711 -0.37174 
1 1 0 29.284 0.110584 8.33187 -1.37119 -3.84351 -1.37119 -3.84351 0.395156 0.371175 0.395156 -0.371175 
1 1 0 29.289 0.110584 8.34655 -1.37122 -3.84323 -1.37122 -3.84323 0.395603 0.370608 0.395603 -0.370608 
1 1 0 29.294 0.110584 8.36134 -1.37125 -3.84295 -1.37125 -3.84295 0.396051 0.370039 0.396051 -0.370039 
1 1 0 29.299 0.110584 8.37623 -1.37129 -3.84266 -1.37129 -3.84266 0.396499 0.369467 0.396499 -0.369467 
1 1 0 29.304 0.110584 8.39123 -1.37132 -3.84237 -1.37132 -3.84237 0.396949 0.368893 0.396949 -0.368893 
1 1 0 29.309 0.110584 8.40634 -1.37136 -3.84208 -1.37136 -3.84208 0.397399 0.368316 0.397399 -0.368316 
1 1 0 29.314 0.110584 8.42156 -1.37139 -3.84179 -1.37139 -3.84179 0.397851 0.367736 0.397851 -0.367736 
1 1 0 29.319 0.110584 8.43689 -1.37143 -3.8415 -1.37143 -3.8415 0.398304 0.367155 0.398304 -0.367155 
1 1 0 29.324 0.110584 8.45233 -1.37146 -3.84121 -1.37146 -3.84121 0.398757 0.36657 0.398757 -0.36657 
1 1 0 29.3289 0.110584 8.46789 -1.37149 -3.84091 -1.37149 -3.84091 0.399212 0.365984 0.399212 -0.365984 
1 1 0 29.3339 0.110584 8.48357 -1.37153 -3.84061 -1.37153 -3.84061 0.399667 0.365394 0.399667 -0.365394 
1 1 0 29.3389 0.110584 8.49936 -1.37156 -3.84031 -1.37156 -3.84031 0.400124 0.364802 0.400124 -0.364802 
1 1 0 29.3439 0.110584 8.51527 -1.37159 -3.84001 -1.37159 -3.84001 0.400582 0.364207 0.400582 -0.364207 
1 1 0 29.3489 0.110584 8.53129 -1.37163 -3.83971 -1.37163 -3.83971 0.40104 0.36361 0.40104 -0.36361 
1 1 0 29.3539 0.110584 8.54744 -1.37166 -3.83941 -1.37166 -3.83941 0.4015 0.36301 0.4015 -0.36301 
1 1 0 29.3589 0.110584 8.56372 -1.3717 -3.8391 -1.3717 -3.8391 0.401961 0.362408 0.401961 -0.362408 
1 1 0 29.3639 0.110584 8.58011 -1.37173 -3.8388 -1.37173 -3.8388 0.402422 0.361802 0.402422 -0.361802 
1 1 0 29.3689 0.110584 8.59664 -1.37176 -3.83849 -1.37176 -3.83849 0.402885 0.361194 0.402885 -0.361194 
1 1 0 29.3739 0.110584 8.61329 -1.3718 -3.83818 -1.3718 -3.83818 0.403349 0.360584 0.403349 -0.360584 
1 1 0 29.3789 0.110584 8.63007 -1.37183 -3.83786 -1.37183 -3.83786 0.403814 0.35997 0.403814 -0.35997 
1 1 0 29.3838 0.110584 8.64698 -1.37186 -3.83755 -1.37186 -3.83755 0.40428 0.359354 0.40428 -0.359354 
1 1 0 29.3888 0.110584 8.66402 -1.3719 -3.83723 -1.3719 -3.83723 0.404747 0.358734 0.404747 -0.358734 
1 1 0 29.3938 0.110584 8.6812 -1.37193 -3.83691 -1.37193 -3.83691 0.405215 0.358112 0.405215 -0.358112 
1 1 0 29.3988 0.110584 8.69851 -1.37196 -3.83659 -1.37196 -3.83659 0.405684 0.357488 0.405684 -0.357488 
1 1 0 29.4038 0.110584 8.71597 -1.372 -3.83627 -1.372 -3.83627 0.406155 0.35686 0.406155 -0.35686 
1 1 0 29.4088 0.110584 8.73356 -1.37203 -3.83595 -1.37203 -3.83595 0.406626 0.356229 0.406626 -0.356229 
1 1 0 29.4138 0.110584 8.75129 -1.37206 -3.83563 -1.37206 -3.83563 0.407099 0.355595 0.407099 -0.355595 
1 1 0 29.4188 0.110584 8.76917 -1.3721 -3.8353 -1.3721 -3.8353 0.407572 0.354959 0.407572 -0.354959 
1 1 0 29.4238 0.110584 8.78719 -1.37213 -3.83497 -1.37213 -3.83497 0.408047 0.354319 0.408047 -0.354319 
1 1 0 29.4287 0.110584 8.80536 -1.37216 -3.83464 -1.37216 -3.83464 0.408523 0.353676 0.408523 -0.353676 
1 1 0 29.4337 0.110584 8.82367 -1.3722 -3.83431 -1.3722 -3.83431 0.409 0.353031 0.409 -0.353031 
1 1 0 29.4387 0.110584 8.84214 -1.37223 -3.83397 -1.37223 -3.83397 0.409478 0.352382 0.409478 -0.352382 
1 1 0 29.4437 0.110584 8.86076 -1.37226 -3.83364 -1.37226 -3.83364 0.409957 0.35173 0.409957 -0.35173 
1 1 0 29.4487 0.110584 8.87954 -1.3723 -3.8333 -1.3723 -3.8333 0.410437 0.351075 0.410437 -0.351075 
1 1 0 29.4537 0.110584 8.89848 -1.37233 -3.83296 -1.37233 -3.83296 0.410918 0.350417 0.410918 -0.350417 
1 1 0 29.4587 0.110584 8.91757 -1.37236 -3.83262 -1.37236 -3.83262 0.411401 0.349755 0.411401 -0.349755 
1 1 0 29.4637 0.110584 8.93683 -1.37239 -3.83227 -1.37239 -3.83227 0.411885 0.34909 0.411885 -0.34909 
1 1 0 29.4687 0.110584 8.95625 -1.37243 -3.83193 -1.37243 -3.83193 0.41237 0.348423 0.41237 -0.348423 
1 1 0 29.4736 0.110584 8.97584 -1.37246 -3.83158 -1.37246 -3.83158 0.412856 0.347751 0.412856 -0.347751 
1 1 0 29.4786 0.110584 8.9956 -1.37249 -3.83123 -1.37249 -3.83123 0.413343 0.347077 0.413343 -0.347077 
1 1 0 29.4836 0.110584 9.01553 -1.37253 -3.83088 -1.37253 -3.83088 0.413831 0.346399 0.413831 -0.346399 
1 1 0 29.4886 0.110584 9.03563 -1.37256 -3.83053 -1.37256 -3.83053 0.414321 0.345718 0.414321 -0.345718 
1 1 0 29.4936 0.110584 9.05591 -1.37259 -3.83017 -1.37259 -3.83017 0.414812 0.345033 0.414812 -0.345033 
1 1 0 29.4986 0.110584 9.07637 -1.37262 -3.82981 -1.37262 -3.82981 0.415304 0.344345 0.415304 -0.344345 
1 1 0 29.5036 0.110584 9.09701 -1.37266 -3.82945 -1.37266 -3.82945 0.415797 0.343653 0.415797 -0.343653 
1 1 0 29.5086 0.110584 9.11783 -1.37269 -3.82909 -1.37269 -3.82909 0.416291 0.342958 0.416291 -0.342958 
1 1 0 29.5135 0.110584 9.13884 -1.37272 -3.82873 -1.37272 -3.82873 0.416787 0.342259 0.416787 -0.342259 
1 1 0 29.5185 0.110584 9.16004 -1.37275 -3.82836 -1.37275 -3.82836 0.417284 0.341557 0.417284 -0.341557 
1 1 0 29.5235 0.110584 9.18143 -1.37279 -3.828 -1.37279 -3.828 0.417782 0.340851 0.417782 -0.340851 
1 1 0 29.5285 0.110584 9.20302 -1.37282 -3.82763 -1.37282 -3.82763 0.418281 0.340141 0.418281 -0.340141 
1 1 0 29.5335 0.110584 9.22481 -1.37285 -3.82726 -1.37285 -3.82726 0.418782 0.339428 0.418782 -0.339428 
1 1 0 29.5385 0.110584 9.2468 -1.37288 -3.82688 -1.37288 -3.82688 0.419284 0.338711 0.419284 -0.338711 
1 1 0 29.5435 0.110584 9.26899 -1.37291 -3.82651 -1.37291 -3.82651 0.419787 0.33799 0.419787 -0.33799 
1 1 0 29.5484 0.110584 9.29139 -1.37295 -3.82613 -1.37295 -3.82613 0.420291 0.337265 0.420291 -0.337265 
1 1 0 29.5534 0.110584 9.31401 -1.37298 -3.82575 -1.37298 -3.82575 0.420797 0.336537 0.420797 -0.336537 
1 1 0 29.5584 0.110584 9.33683 -1.37301 -3.82537 -1.37301 -3.82537 0.421304 0.335805 0.421304 -0.335805 
1 1 0 29.5634 0.110584 9.35988 -1.37304 -3.82498 -1.37304 -3.82498 0.421812 0.335068 0.421812 -0.335068 
1 1 0 29.5684 0.110584 9.38314 -1.37308 -3.82459 -1.37308 -3.82459 0.422321 0.334328 0.422321 -0.334328 
1 1 0 29.5734 0.110584 9.40663 -1.37311 -3.82421 -1.37311 -3.82421 0.422832 0.333584 0.422832 -0.333584 
1 1 0 29.5784 0.110584 9.43035 -1.37314 -3.82382 -1.37314 -3.82382 0.423344 0.332835 0.423344 -0.332835 
1 1 0 29.5833 0.110584 9.45431 -1.37317 -3.82342 -1.37317 -3.82342 0.423858 0.332083 0.423858 -0.332083 
1 1 0 29.5883 0.110584 9.47849 -1.3732 -3.82303 -1.3732 -3.82303 0.424372 0.331326 0.424372 -0.331326 
1 1 0 29.5933 0.110584 9.50292 -1.37323 -3.82263 -1.37323 -3.82263 0.424889 0.330565 0.424889 -0.330565 
1 1 0 29.5983 0.110584 9.52759 -1.37327 -3.82223 -1.37327 -3.82223 0.425406 0.3298 0.425406 -0.3298 
1 1 0 29.6033 0.110584 9.55251 -1.3733 -3.82183 -1.3733 -3.82183 0.425925 0.329031 0.425925 -0.329031 
1 1 0 29.6083 0.110584 9.57768 -1.37333 -3.82142 -1.37333 -3.82142 0.426445 0.328257 0.426445 -0.328257 
1 1 0 29.6132 0.110584 9.6031 -1.37336 -3.82102 -1.37336 -3.82102 0.426967 0.327479 0.426967 -0.327479 
1 1 0 29.6182 0.110584 9.62879 -1.37339 -3.82061 -1.37339 -3.82061 0.427489 0.326697 0.427489 -0.326697 
1 1 0 29.6232 0.110584 9.65474 -1.37342 -3.82019 -1.37342 -3.82019 0.428014 0.32591 0.428014 -0.32591 
1 1 0 29.6282 0.110584 9.68096 -1.37346 -3.81978 -1.37346 -3.81978 0.428539 0.325119 0.428539 -0.325119 
1 1 0 29.6332 0.110584 9.70746 -1.37349 -3.81936 -1.37349 -3.81936 0.429067 0.324323 0.429067 -0.324323 
1 1 0 29.6382 0.110584 9.73423 -1.37352 -3.81895 -1.37352 -3.81895 0.429595 0.323522 0.429595 -0.323522 
1 1 0 29.6431 0.110584 9.76129 -1.37355 -3.81853 -1.37355 -3.81853 0.430125 0.322717 0.430125 -0.322717 
1 1 0 29.6481 0.110584 9.78864 -1.37358 -3.8181 -1.37358 -3.8181 0.430656 0.321906 0.430656 -0.321906 
1 1 0 29.6531 0.110584 9.81628 -1.37361 -3.81768 -1.37361 -3.81768 0.431189 0.321092 0.431189 -0.321092 
1 1 0 29.6581 0.110584 9.84422 -1.37364 -3.81725 -1.37364 -3.81725 0.431723 0.320272 0.431723 -0.320272 
1 1 0 29.6631 0.110584 9.87246 -1.37367 -3.81682 -1.37367 -3.81682 0.432259 0.319447 0.432259 -0.319447 
1 1 0 29.668 0.110584 9.90102 -1.37371 -3.81638 -1.37371 -3.81638 0.432796 0.318618 0.432796 -0.318618 
1 1 0 29.673 0.110584 9.92989 -1.37374 -3.81595 -1.37374 -3.81595 0.433335 0.317783 0.433335 -0.317783 
1 1 0 29.678 0.110584 9.95908 -1.37377 -3.81551 -1.37377 -3.81551 0.433875 0.316943 0.433875 -0.316943 
1 1 0 29.683 0.110584 9.9886 -1.3738 -3.81507 -1.3738 -3.81507 0.434417 0.316098 0.434417 -0.316098 
1 1 0 29.688 0.110584 10.0185 -1.37383 -3.81463 -1.37383 -3.81463 0.43496 0.315248 0.43496 -0.315248 
1 1 0 29.6929 0.110584 10.0487 -1.37386 -3.81418 -1.37386 -3.81418 0.435505 0.314393 0.435505 -0.314393 
1 1 0 29.6979 0.110584 10.0792 -1.37389 -3.81373 -1.37389 -3.81373 0.436051 0.313532 0.436051 -0.313532 
1 1 0 29.7029 0.110584 10.1101 -1.37392 -3.81328 -1.37392 -3.81328 0.436599 0.312666 0.436599 -0.312666 
1 1 0 29.7079 0.110584 10.1413 -1.37395 -3.81283 -1.37395 -3.81283 0.437148 0.311795 0.437148 -0.311795 
1 1 0 29.7129 0.110584 10.173 -1.37398 -3.81237 -1.37398 -3.81237 0.437699 0.310918 0.437699 -0.310918 
1 1 0 29.7178 0.110584 10.205 -1.37401 -3.81191 -1.37401 -3.81191 0.438251 0.310035 0.438251 -0.310035 
1 1 0 29.7228 0.110584 10.2373 -1.37404 -3.81145 -1.37404 -3.81145 0.438806 0.309147 0.438806 -0.309147 
1 1 0 29.7278 0.110584 10.2701 -1.37407 -3.81099 -1.37407 -3.81099 0.439361 0.308253 0.439361 -0.308253 
1 1 0 29.7328 0.110584 10.3033 -1.3741 -3.81052 -1.3741 -3.81052 0.439918 0.307353 0.439918 -0.307353 
1 1 0 29.7378 0.110584 10.3368 -1.37414 -3.81005 -1.37414 -3.81005 0.440477 0.306447 0.440477 -0.306447 
1 1 0 29.7427 0.110584 10.3708 -1.37417 -3.80958 -1.37417 -3.80958 0.441038 0.305535 0.441038 -0.305535 
1 1 0 29.7477 0.110584 10.4052 -1.3742 -3.8091 -1.3742 -3.8091 0.4416 0.304617 0.4416 -0.304617 
1 1 0 29.7527 0.110584 10.4401 -1.37423 -3.80862 -1.37423 -3.80862 0.442164 0.303693 0.442164 -0.303693 
1 1 0 29.7577 0.110584 10.4753 -1.37426 -3.80814 -1.37426 -3.80814 0.442729 0.302763 0.442729 -0.302763 
1 1 0 29.7626 0.110584 10.511 -1.37429 -3.80766 -1.37429 -3.80766 0.443296 0.301826 0.443296 -0.301826 
1 1 0 29.7676 0.110584 10.5472 -1.37432 -3.80717 -1.37432 -3.80717 0.443865 0.300883 0.443865 -0.300883 
1 1 0 29.7726 0.110584 10.5839 -1.37435 -3.80668 -1.37435 -3.80668 0.444436 0.299934 0.444436 -0.299934 
1 1 0 29.7776 0.110584 10.621 -1.37438 -3.80619 -1.37438 -3.80619 0.445008 0.298978 0.445008 -0.298978 
1 1 0 29.7825 0.110584 10.6586 -1.37441 -3.80569 -1.37441 -3.80569 0.445582 0.298015 0.445582 -0.298015 
1 1 0 29.7875 0.110584 10.6967 -1.37444 -3.80519 -1.37444 -3.80519 0.446158 0.297045 0.446158 -0.297045 
1 1 0 29.7925 0.110584 10.7354 -1.37447 -3.80469 -1.37447 -3.80469 0.446735 0.296069 0.446735 -0.296069 
1 1 0 29.7975 0.110584 10.7745 -1.3745 -3.80419 -1.3745 -3.80419 0.447315 0.295086 0.447315 -0.295086 
1 1 0 29.8024 0.110584 10.8142 -1.37453 -3.80368 -1.37453 -3.80368 0.447896 0.294095 0.447896 -0.294095 
1 1 0 29.8074 0.110584 10.8544 -1.37456 -3.80317 -1.37456 -3.80317 0.448478 0.293098 0.448478 -0.293098 
1 1 0 29.8124 0.110584 10.8952 -1.37459 -3.80265 -1.37459 -3.80265 0.449063 0.292093 0.449063 -0.292093 
1 1 0 29.8174 0.110584 10.9366 -1.37462 -3.80214 -1.37462 -3.80214 0.44965 0.291081 0.44965 -0.291081 
1 1 0 29.8223 0.110584 10.9785 -1.37464 -3.80162 -1.37464 -3.80162 0.450238 0.290061 0.450238 -0.290061 
1 1 0 29.8273 0.110584 11.0211 -1.37467 -3.80109 -1.37467 -3.80109 0.450828 0.289034 0.450828 -0.289034 
1 1 0 29.8323 0.110584 11.0642 -1.3747 -3.80057 -1.3747 -3.80057 0.45142 0.287999 0.45142 -0.287999 
1 1 0 29.8373 0.110584 11.108 -1.37473 -3.80004 -1.37473 -3.80004 0.452014 0.286956 0.452014 -0.286956 
1 1 0 29.8422 0.110584 11.1525 -1.37476 -3.7995 -1.37476 -3.7995 0.45261 0.285906 0.45261 -0.285906 
1 1 0 29.8472 0.110584 11.1975 -1.37479 -3.79897 -1.37479 -3.79897 0.453208 0.284847 0.453208 -0.284847 
1 1 0 29.8522 0.110584 11.2433 -1.37482 -3.79843 -1.37482 -3.79843 0.453807 0.28378 0.453807 -0.28378 
1 1 0 29.8571 0.110584 11.2898 -1.37485 -3.79788 -1.37485 -3.79788 0.454409 0.282705 0.454409 -0.282705 
1 1 0 29.8621 0.110584 11.3369 -1.37488 -3.79734 -1.37488 -3.79734 0.455013 0.281621 0.455013 -0.281621 
1 1 0 29.8671 0.110584 11.3848 -1.37491 -3.79679 -1.37491 -3.79679 0.455618 0.280529 0.455618 -0.280529 
1 1 0 29.872 0.110584 11.4335 -1.37494 -3.79624 -1.37494 -3.79624 0.456226 0.279427 0.456226 -0.279427 
1 1 0 29.877 0.110584 11.4829 -1.37497 -3.79568 -1.37497 -3.79568 0.456835 0.278317 0.456835 -0.278317 
1 1 0 29.882 0.110584 11.5331 -1.375 -3.79512 -1.375 -3.79512 0.457447 0.277198 0.457447 -0.277198 
1 1 0 29.8869 0.110584 11.5841 -1.37502 -3.79456 -1.37502 -3.79456 0.458061 0.27607 0.458061 -0.27607 
1 1 0 29.8919 0.110584 11.6359 -1.37505 -3.79399 -1.37505 -3.79399 0.458677 0.274933 0.458677 -0.274933 
1 1 0 29.8969 0.110584 11.6886 -1.37508 -3.79342 -1.37508 -3.79342 0.459294 0.273785 0.459294 -0.273785 
1 1 0 29.9019 0.110584 11.7422 -1.37511 -3.79284 -1.37511 -3.79284 0.459914 0.272629 0.459914 -0.272629 
1 1 0 29.9068 0.110584 11.7967 -1.37514 -3.79226 -1.37514 -3.79226 0.460536 0.271462 0.460536 -0.271462 
1 1 0 29.9118 0.110584 11.852 -1.37517 -3.79168 -1.37517 -3.79168 0.461161 0.270286 0.461161 -0.270286 
1 1 0 29.9167 0.110584 11.9084 -1.3752 -3.7911 -1.3752 -3.7911 0.461787 0.269099 0.461787 -0.269099 
1 1 0 29.9217 0.110584 11.9657 -1.37522 -3.79051 -1.37522 -3.79051 0.462416 0.267902 0.462416 -0.267902 
1 1 0 29.9267 0.110584 12.024 -1.37525 -3.78991 -1.37525 -3.78991 0.463046 0.266694 0.463046 -0.266694 
1 1 0 29.9316 0.110584 12.0834 -1.37528 -3.78932 -1.37528 -3.78932 0.463679 0.265476 0.463679 -0.265476 
1 1 0 29.9366 0.110584 12.1438 -1.37531 -3.78872 -1.37531 -3.78872 0.464315 0.264246 0.464315 -0.264246 
1 1 0 29.9416 0.110584 12.2054 -1.37534 -3.78811 -1.37534 -3.78811 0.464952 0.263006 0.464952 -0.263006 
1 1 0 29.9465 0.110584 12.2681 -1.37537 -3.7875 -1.37537 -3.7875 0.465592 0.261754 0.465592 -0.261754 
1 1 0 29.9515 0.110584 12.3319 -1.37539 -3.78689 -1.37539 -3.78689 0.466234 0.26049 0.466234 -0.26049 
1 1 0 29.9565 0.110584 12.3969 -1.37542 -3.78627 -1.37542 -3.78627 0.466878 0.259215 0.466878 -0.259215 
1 1 0 29.9614 0.110584 12.4632 -1.37545 -3.78565 -1.37545 -3.78565 0.467525 0.257927 0.467525 -0.257927 
1 1 0 29.9664 0.110584 12.5308 -1.37548 -3.78503 -1.37548 -3.78503 0.468174 0.256628 0.468174 -0.256628 
1 1 0 29.9713 0.110584 12.5997 -1.37551 -3.7844 -1.37551 -3.7844 0.468826 0.255316 0.468826 -0.255316 
1 1 0 29.9763 0.110584 12.67 -1.37553 -3.78377 -1.37553 -3.78377 0.46948 0.253991 0.46948 -0.253991 
1 1 0 29.9813 0.110584 12.7417 -1.37556 -3.78313 -1.37556 -3.78313 0.470136 0.252652 0.470136 -0.252652 
1 1 0 29.9862 0.110584 12.8148 -1.37559 -3.78249 -1.37559 -3.78249 0.470795 0.251301 0.470795 -0.251301 
1 1 0 29.9912 0.110584 12.8895 -1.37562 -3.78184 -1.37562 -3.78184 0.471456 0.249936 0.471456 -0.249936 
1 1 0 29.9961 0.110584 12.9657 -1.37565 -3.78119 -1.37565 -3.78119 0.47212 0.248557 0.47212 -0.248557 
1 1 0 30.0011 0.110584 13.0436 -1.37567 -3.78054 -1.37567 -3.78054 0.472787 0.247164 0.472787 -0.247164 
1 1 0 30.006 0.110584 13.1231 -1.3757 -3.77988 -1.3757 -3.77988 0.473456 0.245757 0.473456 -0.245757 
1 1 0 30.011 0.110584 13.2044 -1.37573 -3.77921 -1.37573 -3.77921 0.474127 0.244334 0.474127 -0.244334 
1 1 0 30.016 0.110584 13.2875 -1.37576 -3.77854 -1.37576 -3.77854 0.474802 0.242897 0.474802 -0.242897 
1 1 0 30.0209 0.110584 13.3724 -1.37578 -3.77787 -1.37578 -3.77787 0.475478 0.241444 0.475478 -0.241444 
1 1 0 30.0259 0.110584 13.4593 -1.37581 -3.77719 -1.37581 -3.77719 0.476158 0.239975 0.476158 -0.239975 
1 1 0 30.0308 0.110584 13.5482 -1.37584 -3.77651 -1.37584 -3.77651 0.47684 0.23849 0.47684 -0.23849 
1 1 0 30.0358 0.110584 13.6392 -1.37586 -3.77582 -1.37586 -3.77582 0.477525 0.236988 0.477525 -0.236988 
1 1 0 30.0407 0.110584 13.7324 -1.37589 -3.77513 -1.37589 -3.77513 0.478213 0.235469 0.478213 -0.235469 
1 1 0 30.0457 0.110584 13.8279 -1.37592 -3.77444 -1.37592 -3.77444 0.478904 0.233933 0.478904 -0.233933 
1 1 0 30.0506 0.110584 13.9257 -1.37595 -3.77373 -1.37595 -3.77373 0.479597 0.232379 0.479597 -0.232379 
1 1 0 30.0556 0.110584 14.0259 -1.37597 -3.77303 -1.37597 -3.77303 0.480293 0.230806 0.480293 -0.230806 
1 1 0 30.0605 0.110584 14.1288 -1.376 -3.77232 -1.376 -3.77232 0.480993 0.229215 0.480993 -0.229215 
1 1 0 30.0655 0.110584 14.2343 -1.37603 -3.7716 -1.37603 -3.7716 0.481695 0.227604 0.481695 -0.227604 
1 1 0 30.0704 0.110584 14.3426 -1.37605 -3.77088 -1.37605 -3.77088 0.4824 0.225974 0.4824 -0.225974 
1 1 0 30.0754 0.110584 14.4538 -1.37608 -3.77015 -1.37608 -3.77015 0.483108 0.224323 0.483108 -0.224323 
1 1 0 30.0803 0.110584 14.568 -1.37611 -3.76942 -1.37611 -3.76942 0.483819 0.222652 0.483819 -0.222652 
1 1 0 30.0853 0.110584 14.6854 -1.37613 -3.76868 -1.37613 -3.76868 0.484533 0.220959 0.484533 -0.220959 
1 1 0 30.0902 0.110584 14.8062 -1.37616 -3.76794 -1.37616 -3.76794 0.48525 0.219244 0.48525 -0.219244 
1 1 0 30.0951 0.110584 14.9304 -1.37619 -3.76719 -1.37619 -3.76719 0.485971 0.217506 0.485971 -0.217506 
1 1 0 30.1001 0.110584 15.0583 -1.37621 -3.76643 -1.37621 -3.76643 0.486694 0.215745 0.486694 -0.215745 
1 1 0 30.105 0.110584 15.1901 -1.37624 -3.76567 -1.37624 -3.76567 0.487421 0.21396 0.487421 -0.21396 
1 1 0 30.11 0.110584 15.3259 -1.37626 -3.76491 -1.37626 -3.76491 0.488151 0.21215 0.488151 -0.21215 
1 1 0 30.1149 0.110584 15.4659 -1.37629 -3.76413 -1.37629 -3.76413 0.488885 0.210314 0.488885 -0.210314 
1 1 0 30.1198 0.110584 15.6104 -1.37632 -3.76336 -1.37632 -3.76336 0.489621 0.208452 0.489621 -0.208452 
1 1 0 30.1248 0.110584 15.7597 -1.37634 -3.76257 -1.37634 -3.76257 0.490361 0.206563 0.490361 -0.206563 
1 1 0 30.1297 0.110584 15.9139 -1.37637 -3.76178 -1.37637 -3.76178 0.491105 0.204646 0.491105 -0.204646 
1 1 0 30.1347 0.110584 16.0733 -1.37639 -3.76099 -1.37639 -3.76099 0.491852 0.2027 0.491852 -0.2027 
1 1 0 30.1396 0.110584 16.2384 -1.37642 -3.76019 -1.37642 -3.76019 0.492602 0.200724 0.492602 -0.200724 
1 1 0 30.1445 0.110584 16.4093 -1.37645 -3.75938 -1.37645 -3.75938 0.493356 0.198717 0.493356 -0.198717 
1 1 0 30.1495 0.110584 16.5864 -1.37647 -3.75857 -1.37647 -3.75857 0.494114 0.196677 0.494114 -0.196677 
1 1 0 30.1544 0.110584 16.7702 -1.3765 -3.75774 -1.3765 -3.75774 0.494875 0.194604 0.494875 -0.194604 
1 1 0 30.1593 0.110584 16.961 -1.37652 -3.75692 -1.37652 -3.75692 0.49564 0.192497 0.49564 -0.192497 
1 1 0 30.1643 0.110584 17.1593 -1.37655 -3.75608 -1.37655 -3.75608 0.496409 0.190354 0.496409 -0.190354 
1 1 0 30.1692 0.110584 17.3656 -1.37657 -3.75524 -1.37657 -3.75524 0.497182 0.188174 0.497182 -0.188174 
1 1 0 30.1741 0.110584 17.5804 -1.3766 -3.7544 -1.3766 -3.7544 0.497958 0.185954 0.497958 -0.185954 
1 1 0 30.179 0.110584 17.8044 -1.37662 -3.75354 -1.37662 -3.75354 0.498738 0.183694 0.498738 -0.183694 
1 1 0 30.184 0.110584 18.0383 -1.37665 -3.75268 -1.37665 -3.75268 0.499523 0.181393 0.499523 -0.181393 
1 1 0 30.1889 0.110584 18.2826 -1.37667 -3.75181 -1.37667 -3.75181 0.500311 0.179047 0.500311 -0.179047 
1 1 0 30.1938 0.110584 18.5384 -1.3767 -3.75094 -1.3767 -3.75094 0.501104 0.176655 0.501104 -0.176655 
1 1 0 30.1987 0.110584 18.8063 -1.37672 -3.75006 -1.37672 -3.75006 0.5019 0.174216 0.5019 -0.174216 
1 1 0 30.2037 0.110584 19.0875 -1.37675 -3.74917 -1.37675 -3.74917 0.502701 0.171726 0.502701 -0.171726 
1 1 0 30.2086 0.110584 19.3831 -1.37677 -3.74827 -1.37677 -3.74827 0.503506 0.169183 0.503506 -0.169183 
1 1 0 30.2135 0.110584 19.6944 -1.3768 -3.74736 -1.3768 -3.74736 0.504315 0.166585 0.504315 -0.166585 
1 1 0 30.2184 0.110584 20.0226 -1.37682 -3.74645 -1.37682 -3.74645 0.505129 0.163928 0.505129 -0.163928 
1 1 0 30.2233 0.110584 20.3695 -1.37685 -3.74553 -1.37685 -3.74553 0.505947 0.16121 0.505947 -0.16121 
1 1 0 30.2282 0.110584 20.7369 -1.37687 -3.7446 -1.37687 -3.7446 0.50677 0.158427 0.50677 -0.158427 
1 1 0 30.2331 0.110584 21.1267 -1.3769 -3.74366 -1.3769 -3.74366 0.507597 0.155576 0.507597 -0.155576 
1 1 0 30.2381 0.110584 21.5415 -1.37692 -3.74272 -1.37692 -3.74272 0.508429 0.152651 0.508429 -0.152651 
1 1 0 30.243 0.110584 21.9839 -1.37695 -3.74176 -1.37695 -3.74176 0.509266 0.14965 0.509266 -0.14965 
1 1 0 30.2479 0.110584 22.4572 -1.37697 -3.7408 -1.37697 -3.7408 0.510108 0.146565 0.510108 -0.146565 
1 1 0 30.2528 0.110584 22.965 -1.37699 -3.73983 -1.37699 -3.73983 0.510954 0.143392 0.510954 -0.143392 
1 1 0 30.2577 0.110584 23.5117 -1.37702 -3.73885 -1.37702 -3.73885 0.511806 0.140125 0.511806 -0.140125 
1 1 0 30.2626 0.110584 24.1025 -1.37704 -3.73786 -1.37704 -3.73786 0.512662 0.136756 0.512662 -0.136756 
1 1 0 30.2675 0.110584 24.7437 -1.37707 -3.73686 -1.37707 -3.73686 0.513524 0.133277 0.513524 -0.133277 
1 1 0 30.2724 0.110584 25.4427 -1.37709 -3.73585 -1.37709 -3.73585 0.514391 0.129678 0.514391 -0.129678 
1 1 0 30.2773 0.110584 26.2087 -1.37711 -3.73484 -1.37711 -3.73484 0.515264 0.12595 0.515264 -0.12595 
1 1 0 30.2822 0.110584 27.053 -1.37714 -3.73381 -1.37714 -3.73381 0.516141 0.122079 0.516141 -0.122079 
1 1 0 30.2871 0.110584 27.9899 -1.37716 -3.73277 -1.37716 -3.73277 0.517025 0.118052 0.517025 -0.118052 
1 1 0 30.2919 0.110584 29.0374 -1.37718 -3.73173 -1.37718 -3.73173 0.517914 0.11385 0.517914 -0.11385 
1 1 0 30.2968 0.110584 30.2189 -1.37721 -3.73067 -1.37721 -3.73067 0.518808 0.109454 0.518808 -0.109454 
1 1 0 30.3017 0.110584 31.5656 -1.37723 -3.7296 -1.37723 -3.7296 0.519709 0.104837 0.519709 -0.104837 
1 1 0 30.3066 0.110584 33.1194 -1.37725 -3.72853 -1.37725 -3.72853 0.520616 0.0999698 0.520616 -0.0999698 
1 1 0 30.3115 0.110584 34.9392 -1.37728 -3.72744 -1.37728 -3.72744 0.521528 0.0948118 0.521528 -0.0948118 
1 1 0 30.3164 0.110584 37.1099 -1.3773 -3.72634 -1.3773 -3.72634 0.522447 0.0893121 0.522447 -0.0893121 
1 1 0 30.3212 0.110584 39.7603 -1.37732 -3.72523 -1.37732 -3.72523 0.523372 0.0834022 0.523372 -0.0834022 
1 1 0 30.3261 0.110584 43.0963 -1.37735 -3.7241 -1.37735 -3.7241 0.524304 0.0769865 0.524304 -0.0769865 
1 1 0 30.331 0.110584 47.4738 -1.37737 -3.72297 -1.37737 -3.72297 0.525242 0.0699248 0.525242 -0.0699248 
1 1 0 30.3358 0.110584 53.5744 -1.37739 -3.72182 -1.37739 -3.72182 0.526186 0.0619954 0.526186 -0.0619954 
1 1 0 30.3407 0.110584 62.9299 -1.37741 -3.72066 -1.37741 -3.72066 0.527138 0.0528072 0.527138 -0.0528072 
1 1 0 30.3456 0.110584 80.0606 -1.37744 -3.71949 -1.37744 -3.71949 0.528097 0.0415305 0.528097 -0.0415305 
1 1 0 30.3504 0.110584 130.304 -1.37746 -3.71831 -1.37746 -3.71831 0.529062 0.0255308 0.529062 -0.0255308 
1 1 0 30.3553 0.110584 130.304 -1.37748 -3.71711 -1.37748 -3.71711 0.509287 0 0.550784 0 
1 1 0 30.3601 0.110584 130.304 -1.3775 -3.7159 -1.3775 -3.7159 0.491998 0 0.570034 0 
1 1 0 30.365 0.110584 130.304 -1.37753 -3.71468 -1.37753 -3.71468 0.480778 0 0.58323 0 
1 1 0 30.3698 0.110584 130.304 -1.37755 -3.71344 -1.37755 -3.71344 0.471879 0 0.594121 0 
1 1 0 30.3747 0.110584 130.304 -1.37757 -3.71219 -1.37757 -3.71219 0.464306 0 0.603701 0 
1 1 0 30.3795 0.110584 130.304 -1.37759 -3.71092 -1.37759 -3.71092 0.45762 0 0.612412 0 
1 1 0 30.3843 0.110584 130.304 -1.37761 -3.70964 -1.37761 -3.70964 0.451577 0 0.620495 0 
1 1 0 30.3892 0.110584 130.304 -1.37764 -3.70834 -1.37764 -3.70834 0.446029 0 0.628101 0 
1 1 0 30.394 0.110584 130.304 -1.37766 -3.70703 -1.37766 -3.70703 0.440877 0 0.635329 0 
1 1 0 30.3988 0.110584 130.304 -1.37768 -3.7057 -1.37768 -3.7057 0.436048 0 0.64225 0 
1 1 0 30.4036 0.110584 130.304 -1.3777 -3.70435 -1.3777 -3.70435 0.431492 0 0.648918 0 
1 1 0 30.4084 0.110584 130.304 -1.37772 -3.70299 -1.37772 -3.70299 0.427167 0 0.655373 0 
1 1 0 30.4132 0.110584 130.304 -1.37774 -3.70161 -1.37774 -3.70161 0.423044 0 0.661647 0 
1 1 0 30.418 0.110584 130.304 -1.37776 -3.70021 -1.37776 -3.70021 0.419096 0 0.667764 0 
1 1 0 30.4228 0.110584 130.304 -1.37778 -3.69879 -1.37778 -3.69879 0.415303 0 0.673747 0 
1 1 0 30.4276 0.110584 130.304 -1.37781 -3.69736 -1.37781 -3.69736 0.411649 0 0.679612 0 
1 1 0 30.4324 0.110584 130.304 -1.37783 -3.6959 -1.37783 -3.6959 0.408118 0 0.685375 0 
1 1 0 30.4372 0.110584 130.304 -1.37785 -3.69442 -1.37785 -3.69442 0.4047 0 0.691048 0 
1 1 0 30.4419 0.110584 130.304 -1.37787 -3.69293 -1.37787 -3.69293 0.401384 0 0.696642 0 
1 1 0 30.4467 0.110584 130.304 -1.37789 -3.69141 -1.37789 -3.69141 0.39816 0 0.702167 0 
1 1 0 30.4515 0.110584 130.304 -1.37791 -3.68987 -1.37791 -3.68987 0.39502 0 0.707631 0 
1 1 0 30.4562 0.110584 130.304 -1.37793 -3.68831 -1.37793 -3.68831 0.391958 0 0.713043 0 
1 1 0 30.461 0.110584 130.304 -1.37795 -3.68672 -1.37795 -3.68672 0.388968 0 0.718409 0 
1 1 0 30.4657 0.110584 130.304 -1.37797 -3.68511 -1.37797 -3.68511 0.386044 0 0.723736 0 
1 1 0 30.4704 0.110584 130.304 -1.37799 -3.68347 -1.37799 -3.68347 0.383181 0 0.729029 0 
1 1 0 30.4751 0.110584 130.304 -1.37801 -3.68181 -1.37801 -3.68181 0.380374 0 0.734293 0 
1 1 0 30.4798 0.110584 130.304 -1.37803 -3.68012 -1.37803 -3.68012 0.37762 0 0.739535 0 
1 1 0 30.4845 0.110584 130.304 -1.37805 -3.67841 -1.37805 -3.67841 0.374915 0 0.744758 0 
1 1 0 30.4892 0.110584 130.304 -1.37807 -3.67666 -1.37807 -3.67666 0.372255 0 0.749967 0 
1 1 0 30.4939 0.110584 130.304 -1.37809 -3.67489 -1.37809 -3.67489 0.369637 0 0.755166 0 
1 1 0 30.4986 0.110584 130.304 -1.3781 -3.67308 -1.3781 -3.67308 0.367058 0 0.76036 0 
1 1 0 30.5032 0.110584 130.304 -1.37812 -3.67124 -1.37812 -3.67124 0.364516 0 0.765552 0 
1 1 0 30.5078 0.110584 130.304 -1.37814 -3.66937 -1.37814 -3.66937 0.362008 0 0.770746 0 
1 1 0 30.5125 0.110584 130.304 -1.37816 -3.66746 -1.37816 -3.66746 0.359531 0 0.775947 0 
1 1 0 30.5171 0.110584 130.304 -1.37818 -3.66552 -1.37818 -3.66552 0.357084 0 0.781158 0 
1 1 0 30.5217 0.110584 130.304 -1.3782 -3.66354 -1.3782 -3.66354 0.354664 0 0.786382 0 
1 1 0 30.5262 0.110584 130.304 -1.37822 -3.66152 -1.37822 -3.66152 0.352269 0 0.791624 0 
1 1 0 30.5308 0.110584 130.304 -1.37823 -3.65945 -1.37823 -3.65945 0.349897 0 0.796887 0 
1 1 0 30.5353 0.110584 130.304 -1.37825 -3.65735 -1.37825 -3.65735 0.347547 0 0.802176 0 
1 1 0 30.5398 0.110584 130.304 -1.37827 -3.65519 -1.37827 -3.65519 0.345216 0 0.807493 0 
1 1 0 30.5443 0.110584 130.304 -1.37829 -3.65299 -1.37829 -3.65299 0.342902 0 0.812844 0 
1 1 0 30.5488 0.110584 130.304 -1.37831 -3.65075 -1.37831 -3.65075 0.340605 0 0.818232 0 
1 1 0 30.5532 0.110584 130.304 -1.37832 -3.64844 -1.37832 -3.64844 0.338322 0 0.823662 0 
1 1 0 30.5576 0.110584 130.304 -1.37834 -3.64609 -1.37834 -3.64609 0.336051 0 0.829139 0 
1 1 0 30.562 0.110584 130.304 -1.37836 -3.64367 -1.37836 -3.64367 0.333791 0 0.834665 0 
1 1 0 30.5664 0.110584 130.304 -1.37837 -3.64119 -1.37837 -3.64119 0.331541 0 0.840248 0 
1 1 0 30.5707 0.110584 130.304 -1.37839 -3.63865 -1.37839 -3.63865 0.329298 0 0.845891 0 
1 1 0 30.5749 0.110584 130.304 -1.37841 -3.63604 -1.37841 -3.63604 0.327061 0 0.851601 0 
1 1 0 30.5791 0.110584 130.304 -1.37842 -3.63335 -1.37842 -3.63335 0.324829 0 0.857382 0 
1 1 0 30.5833 0.110584 130.304 -1.37844 -3.63059 -1.37844 -3.63059 0.3226 0 0.863242 0 
1 1 0 30.5874 0.110584 130.304 -1.37846 -3.62774 -1.37846 -3.62774 0.320372 0 0.869185 0 
1 1 0 30.5915 0.110584 130.304 -1.37847 -3.62481 -1.37847 -3.62481 0.318143 0 0.875219 0 
1 1 0 30.5955 0.110584 130.304 -1.37849 -3.62178 -1.37849 -3.62178 0.315913 0 0.881351 0 
1 1 0 30.5994 0.110584 130.304 -1.3785 -3.61866 -1.3785 -3.61866 0.313679 0 0.887587 0 
1 1 0 30.6032 0.110584 130.304 -1.37852 -3.61542 -1.37852 -3.61542 0.31144 0 0.893935 0 
1 1 0 30.6069 0.110584 130.304 -1.37853 -3.61208 -1.37853 -3.61208 0.309195 0 0.900402 0 
1 1 0 30.6105 0.110584 130.304 -1.37855 -3.60862 -1.37855 -3.60862 0.306943 0 0.906996 0 
1 1 0 30.614 0.110584 130.304 -1.37856 -3.60503 -1.37856 -3.60503 0.304682 0 0.913723 0 
1 1 0 30.6173 0.110584 130.304 -1.37858 -3.6013 -1.37858 -3.6013 0.302413 0 0.920589 0 
1 1 0 30.6205 0.110584 130.304 -1.37859 -3.59744 -1.37859 -3.59744 0.300136 0 0.927599 0 
1 1 0 30.6235 0.110584 130.304 -1.3786 -3.59343 -1.3786 -3.59343 0.297851 0 0.934755 0 
1 1 0 30.6262 0.110584 130.304 -1.37862 -3.58927 -1.37862 -3.58927 0.295561 0 0.942054 0 
1 1 0 30.6288 0.110584 130.304 -1.37863 -3.58495 -1.37863 -3.58495 0.293269 0 0.949493 0 
1 1 0 30.631 0.110584 130.304 -1.37864 -3.58049 -1.37864 -3.58049 0.29098 0 0.957058 0 
1 1 0 30.633 0.110584 130.304 -1.37865 -3.57589 -1.37865 -3.57589 0.288702 0 0.964729 0 
1 1 0 30.6346 0.110584 130.304 -1.37866 -3.57115 -1.37866 -3.57115 0.286443 0 0.972479 0 
1 1 0 30.6358 0.110584 130.304 -1.37868 -3.56631 -1.37868 -3.56631 0.284215 0 0.980271 0 
1 1 0 30.6367 0.110584 130.304 -1.37869 -3.56138 -1.37869 -3.56138 0.282029 0 0.988058 0 
1 1 0 30.6371 0.110584 130.304 -1.3787 -3.5564 -1.3787 -3.5564 0.2799 0 0.995792 0 
2 1 0 30.6372 0.110584 130.304 -1.3787 -3.55365 -1.3787 -3.55365 0.278758 0 1 0 
2 1 0 30.637 0.110584 130.304 -1.37871 -3.54866 -1.37871 -3.54866 0.276738 0 1.00755 0 
2 1 0 30.6364 0.110584 130.304 -1.37872 -3.54369 -1.37872 -3.54369 0.274801 0 1.01493 0 
2 1 0 30.6354 0.110584 130.304 -1.37873 -3.53879 -1.37873 -3.53879 0.272953 0 1.02209 0 
2 1 0 30.634 0.110584 130.304 -1.37874 -3.53397 -1.37874 -3.53397 0.271196 0 1.02902 0 
2 1 0 30.6324 0.110584 130.304 -1.37875 -3.52926 -1.37875 -3.52926 0.269531 0 1.03569 0 
2 1 0 30.6304 0.110584 130.304 -1.37875 -3.52465 -1.37875 -3.52465 0.267957 0 1.04211 0 
2 1 0 30.6282 0.110584 130.304 -1.37876 -3.52017 -1.37876 -3.52017 0.266468 0 1.04828 0 
2 1 0 30.6258 0.110584 130.304 -1.37877 -3.5158 -1.37877 -3.5158 0.265062 0 1.05419 0 
2 1 0 30.6231 0.110584 130.304 -1.37878 -3.51156 -1.37878 -3.51156 0.263732 0 1.05986 0 
2 1 0 30.6203 0.110584 130.304 -1.37878 -3.50743 -1.37878 -3.50743 0.262474 0 1.0653 0 
2 1 0 30.6173 0.110584 130.304 -1.37879 -3.50341 -1.37879 -3.50341 0.261282 0 1.07053 0 
2 1 0 30.6142 0.110584 130.304 -1.3788 -3.49951 -1.3788 -3.49951 0.260152 0 1.07555 0 
2 1 0 30.611 0.110584 130.304 -1.37881 -3.49571 -1.37881 -3.49571 0.259079 0 1.08038 0 
2 1 0 30.6076 0.110584 130.304 -1.37881 -3.492 -1.37881 -3.492 0.258058 0 1.08502 0 
2 1 0 30.6041 0.110584 130.304 -1.37882 -3.48839 -1.37882 -3.48839 0.257086 0 1.0895 0 
2 1 0 30.6006 0.110584 130.304 -1.37883 -3.48487 -1.37883 -3.48487 0.256159 0 1.09383 0 
2 1 0 30.597 0.110584 130.304 -1.37884 -3.48143 -1.37884 -3.48143 0.255274 0 1.098 0 
2 1 0 30.5933 0.110584 130.304 -1.37885 -3.47807 -1.37885 -3.47807 0.254427 0 1.10204 0 
2 1 0 30.5895 0.110584 130.304 -1.37886 -3.47478 -1.37886 -3.47478 0.253617 0 1.10594 0 
2 1 0 30.5857 0.110584 130.304 -1.37886 -3.47156 -1.37886 -3.47156 0.25284 0 1.10973 0 
2 1 0 30.5818 0.110584 130.304 -1.37887 -3.46841 -1.37887 -3.46841 0.252094 0 1.1134 0 
2 1 0 30.5779 0.110584 130.304 -1.37888 -3.46532 -1.37888 -3.46532 0.251377 0 1.11696 0 
2 1 0 30.5739 0.110584 130.304 -1.37889 -3.4623 -1.37889 -3.4623 0.250688 0 1.12042 0 
2 1 0 30.5699 0.110584 130.304 -1.3789 -3.45933 -1.3789 -3.45933 0.250024 0 1.12378 0 
2 1 0 30.5658 0.110584 130.304 -1.37891 -3.45641 -1.37891 -3.45641 0.249384 0 1.12705 0 
2 1 0 30.5617 0.110584 130.304 -1.37892 -3.45354 -1.37892 -3.45354 0.248767 0 1.13023 0 
2 1 0 30.5576 0.110584 130.304 -1.37893 -3.45073 -1.37893 -3.45073 0.248171 0 1.13333 0 
2 1 0 30.5534 0.110584 130.304 -1.37894 -3.44796 -1.37894 -3.44796 0.247596 0 1.13636 0 
2 1 0 30.5492 0.110584 130.304 -1.37895 -3.44523 -1.37895 -3.44523 0.247039 0 1.13931 0 
2 1 0 30.545 0.110584 130.304 -1.37896 -3.44255 -1.37896 -3.44255 0.246501 0 1.14218 0 
2 1 0 30.5408 0.110584 130.304 -1.37897 -3.4399 -1.37897 -3.4399 0.24598 0 1.14499 0 
2 1 0 30.5365 0.110584 130.304 -1.37898 -3.4373 -1.37898 -3.4373 0.245475 0 1.14774 0 
2 1 0 30.5322 0.110584 130.304 -1.37899 -3.43473 -1.37899 -3.43473 0.244985 0 1.15042 0 
2 1 0 30.5279 0.110584 130.304 -1.37901 -3.4322 -1.37901 -3.4322 0.24451 0 1.15305 0 
2 1 0 30.5235 0.110584 130.304 -1.37902 -3.4297 -1.37902 -3.4297 0.244049 0 1.15561 0 
2 1 0 30.5192 0.110584 130.304 -1.37903 -3.42724 -1.37903 -3.42724 0.243602 0 1.15812 0 
2 1 0 30.5148 0.110584 130.304 -1.37904 -3.42481 -1.37904 -3.42481 0.243168 0 1.16058 0 
2 1 0 30.5104 0.110584 130.304 -1.37905 -3.42241 -1.37905 -3.42241 0.242745 0 1.16299 0 
2 1 0 30.506 0.110584 130.304 -1.37907 -3.42004 -1.37907 -3.42004 0.242335 0 1.16535 0 
2 1 0 30.5016 0.110584 130.304 -1.37908 -3.41769 -1.37908 -3.41769 0.241935 0 1.16767 0 
2 1 0 30.4972 0.110584 130.304 -1.37909 -3.41538 -1.37909 -3.41538 0.241546 0 1.16994 0 
2 1 0 30.4927 0.110584 130.304 -1.37911 -3.41309 -1.37911 -3.41309 0.241168 0 1.17216 0 
2 1 0 30.4883 0.110584 130.304 -1.37912 -3.41082 -1.37912 -3.41082 0.2408 0 1.17435 0 
2 1 0 30.4838 0.110584 130.304 -1.37913 -3.40858 -1.37913 -3.40858 0.240441 0 1.17649 0 
2 1 0 30.4793 0.110584 130.304 -1.37915 -3.40637 -1.37915 -3.40637 0.240091 0 1.17859 0 
2 1 0 30.4748 0.110584 130.304 -1.37916 -3.40418 -1.37916 -3.40418 0.239751 0 1.18066 0 
2 1 0 30.4703 0.110584 130.304 -1.37918 -3.40201 -1.37918 -3.40201 0.239419 0 1.18269 0 
2 1 0 30.4658 0.110584 130.304 -1.37919 -3.39986 -1.37919 -3.39986 0.239095 0 1.18468 0 
2 1 0 30.4613 0.110584 130.304 -1.37921 -3.39774 -1.37921 -3.39774 0.238779 0 1.18664 0 
2 1 0 30.4568 0.110584 130.304 -1.37922 -3.39563 -1.37922 -3.39563 0.23847 0 1.18857 0 
2 1 0 30.4522 0.110584 130.304 -1.37924 -3.39354 -1.37924 -3.39354 0.238169 0 1.19046 0 
2 1 0 30.4477 0.110584 130.304 -1.37926 -3.39148 -1.37926 -3.39148 0.237876 0 1.19232 0 
2 1 0 30.4431 0.110584 130.304 -1.37927 -3.38943 -1.37927 -3.38943 0.237589 0 1.19415 0 
2 1 0 30.4385 0.110584 130.304 -1.37929 -3.3874 -1.37929 -3.3874 0.237309 0 1.19595 0 
2 1 0 30.434 0.110584 130.304 -1.3793 -3.38539 -1.3793 -3.38539 0.237036 0 1.19772 0 
2 1 0 30.4294 0.110584 130.304 -1.37932 -3.3834 -1.37932 -3.3834 0.236769 0 1.19946 0 
2 1 0 30.4248 0.110584 130.304 -1.37934 -3.38142 -1.37934 -3.38142 0.236508 0 1.20117 0 
2 1 0 30.4202 0.110584 130.304 -1.37936 -3.37947 -1.37936 -3.37947 0.236253 0 1.20286 0 
2 1 0 30.4156 0.110584 130.304 -1.37937 -3.37752 -1.37937 -3.37752 0.236004 0 1.20452 0 
2 1 0 30.411 0.110584 130.304 -1.37939 -3.3756 -1.37939 -3.3756 0.23576 0 1.20616 0 
2 1 0 30.4063 0.110584 130.304 -1.37941 -3.37368 -1.37941 -3.37368 0.235522 0 1.20777 0 
2 1 0 30.4017 0.110584 130.304 -1.37943 -3.37179 -1.37943 -3.37179 0.23529 0 1.20935 0 
2 1 0 30.3971 0.110584 130.304 -1.37945 -3.36991 -1.37945 -3.36991 0.235062 0 1.21091 0 
2 1 0 30.3924 0.110584 130.304 -1.37947 -3.36804 -1.37947 -3.36804 0.23484 0 1.21245 0 
2 1 0 30.3878 0.110584 130.304 -1.37948 -3.36618 -1.37948 -3.36618 0.234622 0 1.21396 0 
2 1 0 30.3831 0.110584 130.304 -1.3795 -3.36435 -1.3795 -3.36435 0.23441 0 1.21546 0 
2 1 0 30.3785 0.110584 130.304 -1.37952 -3.36252 -1.37952 -3.36252 0.234202 0 1.21693 0 
2 1 0 30.3738 0.110584 130.304 -1.37954 -3.36071 -1.37954 -3.36071 0.233998 0 1.21838 0 
2 1 0 30.3692 0.110584 130.304 -1.37956 -3.35891 -1.37956 -3.35891 0.233799 0 1.21981 0 
2 1 0 30.3645 0.110584 130.304 -1.37958 -3.35712 -1.37958 -3.35712 0.233605 0 1.22121 0 
2 1 0 30.3598 0.110584 130.304 -1.3796 -3.35534 -1.3796 -3.35534 0.233414 0 1.2226 0 
2 1 0 30.3551 0.110584 130.304 -1.37962 -3.35358 -1.37962 -3.35358 0.233228 0 1.22397 0 
2 1 0 30.3505 0.110584 130.304 -1.37965 -3.35183 -1.37965 -3.35183 0.233046 0 1.22532 0 
2 1 0 30.3458 0.110584 130.304 -1.37967 -3.35009 -1.37967 -3.35009 0.232868 0 1.22664 0 
2 1 0 30.3411 0.110584 130.304 -1.37969 -3.34836 -1.37969 -3.34836 0.232693 0 1.22795 0 
2 1 0 30.3364 0.110584 130.304 -1.37971 -3.34665 -1.37971 -3.34665 0.232523 0 1.22925 0 
2 1 0 30.3317 0.110584 130.304 -1.37973 -3.34494 -1.37973 -3.34494 0.232356 0 1.23052 0 
2 1 0 30.327 0.110584 130.304 -1.37976 -3.34325 -1.37976 -3.34325 0.232193 0 1.23178 0 
2 1 0 30.3223 0.110584 130.304 -1.37978 -3.34156 -1.37978 -3.34156 0.232033 0 1.23302 0 
2 1 0 30.3176 0.110584 130.304 -1.3798 -3.33989 -1.3798 -3.33989 0.231877 0 1.23424 0 
2 1 0 30.3128 0.110584 130.304 -1.37982 -3.33823 -1.37982 -3.33823 0.231724 0 1.23544 0 
2 1 0 30.3081 0.110584 130.304 -1.37985 -3.33657 -1.37985 -3.33657 0.231575 0 1.23663 0 
2 1 0 30.3034 0.110584 130.304 -1.37987 -3.33493 -1.37987 -3.33493 0.231428 0 1.2378 0 
2 1 0 30.2987 0.110584 130.304 -1.37989 -3.3333 -1.37989 -3.3333 0.231285 0 1.23896 0 
2 1 0 30.2939 0.110584 130.304 -1.37992 -3.33167 -1.37992 -3.33167 0.231146 0 1.2401 0 
2 1 0 30.2892 0.110584 130.304 -1.37994 -3.33006 -1.37994 -3.33006 0.231009 0 1.24122 0 
2 1 0 30.2845 0.110584 130.304 -1.37997 -3.32846 -1.37997 -3.32846 0.230875 0 1.24233 0 
2 1 0 30.2797 0.110584 130.304 -1.37999 -3.32686 -1.37999 -3.32686 0.230744 0 1.24343 0 
2 1 0 30.275 0.110584 130.304 -1.38002 -3.32527 -1.38002 -3.32527 0.230617 0 1.24451 0 
2 1 0 30.2703 0.110584 130.304 -1.38004 -3.32369 -1.38004 -3.32369 0.230492 0 1.24558 0 
2 1 0 30.2655 0.110584 130.304 -1.38007 -3.32213 -1.38007 -3.32213 0.23037 0 1.24663 0 
2 1 0 30.2608 0.110584 130.304 -1.38009 -3.32056 -1.38009 -3.32056 0.23025 0 1.24766 0 
2 1 0 30.256 0.110584 130.304 -1.38012 -3.31901 -1.38012 -3.31901 0.230134 0 1.24869 0 
2 1 0 30.2513 0.110584 130.304 -1.38015 -3.31747 -1.38015 -3.31747 0.23002 0 1.2497 0 
2 1 0 30.2465 0.110584 130.304 -1.38017 -3.31593 -1.38017 -3.31593 0.229909 0 1.25069 0 
2 1 0 30.2417 0.110584 130.304 -1.3802 -3.3144 -1.3802 -3.3144 0.2298 0 1.25168 0 
2 1 0 30.237 0.110584 130.304 -1.38023 -3.31288 -1.38023 -3.31288 0.229694 0 1.25264 0 
2 1 0 30.2322 0.110584 130.304 -1.38025 -3.31137 -1.38025 -3.31137 0.22959 0 1.2536 0 
2 1 0 30.2274 0.110584 130.304 -1.38028 -3.30987 -1.38028 -3.30987 0.229489 0 1.25455 0 
2 1 0 30.2227 0.110584 130.304 -1.38031 -3.30837 -1.38031 -3.30837 0.22939 0 1.25548 0 
2 1 0 30.2179 0.110584 130.304 -1.38034 -3.30688 -1.38034 -3.30688 0.229294 0 1.25639 0 
2 1 0 30.2131 0.110584 130.304 -1.38037 -3.3054 -1.38037 -3.3054 0.2292 0 1.2573 0 
2 1 0 30.2083 0.110584 130.304 -1.38039 -3.30393 -1.38039 -3.30393 0.229108 0 1.2582 0 
2 1 0 30.2036 0.110584 130.304 -1.38042 -3.30246 -1.38042 -3.30246 0.229019 0 1.25908 0 
2 1 0 30.1988 0.110584 130.304 -1.38045 -3.301 -1.38045 -3.301 0.228932 0 1.25995 0 
2 1 0 30.194 0.110584 130.304 -1.38048 -3.29955 -1.38048 -3.29955 0.228847 0 1.26081 0 
2 1 0 30.1892 0.110584 130.304 -1.38051 -3.2981 -1.38051 -3.2981 0.228764 0 1.26165 0 
2 1 0 30.1844 0.110584 130.304 -1.38054 -3.29666 -1.38054 -3.29666 0.228683 0 1.26249 0 
2 1 0 30.1796 0.110584 130.304 -1.38057 -3.29523 -1.38057 -3.29523 0.228605 0 1.26331 0 
2 1 0 30.1748 0.110584 130.304 -1.3806 -3.29381 -1.3806 -3.29381 0.228529 0 1.26413 0 
2 1 0 30.17 0.110584 130.304 -1.38063 -3.29239 -1.38063 -3.29239 0.228454 0 1.26493 0 
2 1 0 30.1652 0.110584 130.304 -1.38066 -3.29098 -1.38066 -3.29098 0.228382 0 1.26572 0 
2 1 0 30.1604 0.110584 130.304 -1.38069 -3.28957 -1.38069 -3.28957 0.228312 0 1.2665 0 
2 1 0 30.1556 0.110584 130.304 -1.38072 -3.28817 -1.38072 -3.28817 0.228244 0 1.26727 0 
2 1 0 30.1508 0.110584 130.304 -1.38076 -3.28678 -1.38076 -3.28678 0.228177 0 1.26803 0 
2 1 0 30.146 0.110584 130.304 -1.38079 -3.28539 -1.38079 -3.28539 0.228113 0 1.26878 0 
2 1 0 30.1412 0.110584 130.304 -1.38082 -3.28401 -1.38082 -3.28401 0.22805 0 1.26951 0 
2 1 0 30.1364 0.110584 130.304 -1.38085 -3.28264 -1.38085 -3.28264 0.22799 0 1.27024 0 
2 1 0 30.1316 0.110584 130.304 -1.38088 -3.28127 -1.38088 -3.28127 0.227931 0 1.27096 0 
2 1 0 30.1268 0.110584 130.304 -1.38092 -3.2799 -1.38092 -3.2799 0.227874 0 1.27167 0 
2 1 0 30.122 0.110584 130.304 -1.38095 -3.27855 -1.38095 -3.27855 0.227819 0 1.27237 0 
2 1 0 30.1172 0.110584 130.304 -1.38098 -3.2772 -1.38098 -3.2772 0.227766 0 1.27305 0 
2 1 0 30.1124 0.110584 130.304 -1.38102 -3.27585 -1.38102 -3.27585 0.227715 0 1.27373 0 
2 1 0 30.1075 0.110584 130.304 -1.38105 -3.27451 -1.38105 -3.27451 0.227665 0 1.2744 0 
2 1 0 30.1027 0.110584 130.304 -1.38109 -3.27318 -1.38109 -3.27318 0.227617 0 1.27506 0 
2 1 0 30.0979 0.110584 130.304 -1.38112 -3.27185 -1.38112 -3.27185 0.227571 0 1.27571 0 
2 1 0 30.0931 0.110584 130.304 -1.38115 -3.27053 -1.38115 -3.27053 0.227526 0 1.27635 0 
2 1 0 30.0883 0.110584 130.304 -1.38119 -3.26921 -1.38119 -3.26921 0.227484 0 1.27698 0 
2 1 0 30.0834 0.110584 130.304 -1.38123 -3.2679 -1.38123 -3.2679 0.227442 0 1.2776 0 
2 1 0 30.0786 0.110584 130.304 -1.38126 -3.2666 -1.38126 -3.2666 0.227403 0 1.27821 0 
2 1 0 30.0738 0.110584 130.304 -1.3813 -3.26529 -1.3813 -3.26529 0.227365 0 1.27882 0 
2 1 0 30.069 0.110584 130.304 -1.38133 -3.264 -1.38133 -3.264 0.227329 0 1.27941 0 
2 1 0 30.0641 0.110584 130.304 -1.38137 -3.26271 -1.38137 -3.26271 0.227294 0 1.28 0 
2 1 0 30.0593 0.110584 130.304 -1.38141 -3.26142 -1.38141 -3.26142 0.227261 0 1.28057 0 
2 1 0 30.0545 0.110584 130.304 -1.38144 -3.26014 -1.38144 -3.26014 0.227229 0 1.28114 0 
2 1 0 30.0496 0.110584 130.304 -1.38148 -3.25887 -1.38148 -3.25887 0.227199 0 1.2817 0 
2 1 0 30.0448 0.110584 130.304 -1.38152 -3.2576 -1.38152 -3.2576 0.227171 0 1.28225 0 
2 1 0 30.04 0.110584 130.304 -1.38155 -3.25633 -1.38155 -3.25633 0.227144 0 1.28279 0 
2 1 0 30.0351 0.110584 130.304 -1.38159 -3.25507 -1.38159 -3.25507 0.227118 0 1.28333 0 
2 1 0 30.0303 0.110584 130.304 -1.38163 -3.25382 -1.38163 -3.25382 0.227094 0 1.28385 0 
2 1 0 30.0254 0.110584 130.304 -1.38167 -3.25257 -1.38167 -3.25257 0.227072 0 1.28437 0 
2 1 0 30.0206 0.110584 130.304 -1.38171 -3.25132 -1.38171 -3.25132 0.227051 0 1.28488 0 
2 1 0 30.0157 0.110584 130.304 -1.38175 -3.25008 -1.38175 -3.25008 0.227031 0 1.28538 0 
2 1 0 30.0109 0.110584 130.304 -1.38178 -3.24885 -1.38178 -3.24885 0.227013 0 1.28587 0 
2 1 0 30.0061 0.110584 130.304 -1.38182 -3.24762 -1.38182 -3.24762 0.226997 0 1.28635 0 
2 1 0 30.0012 0.110584 130.304 -1.38186 -3.24639 -1.38186 -3.24639 0.226981 0 1.28683 0 
2 1 0 29.9964 0.110584 130.304 -1.3819 -3.24517 -1.3819 -3.24517 0.226967 0 1.2873 0 
2 1 0 29.9915 0.110584 130.304 -1.38194 -3.24395 -1.38194 -3.24395 0.226955 0 1.28776 0 
2 1 0 29.9867 0.110584 130.304 -1.38198 -3.24274 -1.38198 -3.24274 0.226944 0 1.28821 0 
2 1 0 29.9818 0.110584 130.304 -1.38203 -3.24153 -1.38203 -3.24153 0.226934 0 1.28866 0 
2 1 0 29.977 0.110584 130.304 -1.38207 -3.24033 -1.38207 -3.24033 0.226926 0 1.28909 0 
2 1 0 29.9721 0.110584 130.304 -1.38211 -3.23913 -1.38211 -3.23913 0.226919 0 1.28952 0 
2 1 0 29.9672 0.110584 130.304 -1.38215 -3.23793 -1.38215 -3.23793 0.226913 0 1.28994 0 
2 1 0 29.9624 0.110584 130.304 -1.38219 -3.23674 -1.38219 -3.23674 0.226908 0 1.29036 0 
2 1 0 29.9575 0.110584 130.304 -1.38223 -3.23556 -1.38223 -3.23556 0.226905 0 1.29077 0 
2 1 0 29.9527 0.110584 130.304 -1.38228 -3.23438 -1.38228 -3.23438 0.226903 0 1.29116 0 
2 1 0 29.9478 0.110584 130.304 -1.38232 -3.2332 -1.38232 -3.2332 0.226903 0 1.29156 0 
2 1 0 29.943 0.110584 130.304 -1.38236 -3.23203 -1.38236 -3.23203 0.226904 0 1.29194 0 
2 1 0 29.9381 0.110584 130.304 -1.3824 -3.23086 -1.3824 -3.23086 0.226906 0 1.29232 0 
2 1 0 29.9332 0.110584 130.304 -1.38245 -3.22969 -1.38245 -3.22969 0.226909 0 1.29269 0 
2 1 0 29.9284 0.110584 130.304 -1.38249 -3.22853 -1.38249 -3.22853 0.226914 0 1.29305 0 
2 1 0 29.9235 0.110584 130.304 -1.38254 -3.22737 -1.38254 -3.22737 0.22692 0 1.29341 0 
2 1 0 29.9186 0.110584 130.304 -1.38258 -3.22622 -1.38258 -3.22622 0.226927 0 1.29375 0 
2 1 0 29.9138 0.110584 130.304 -1.38262 -3.22507 -1.38262 -3.22507 0.226935 0 1.29409 0 
2 1 0 29.9089 0.110584 130.304 -1.38267 -3.22393 -1.38267 -3.22393 0.226945 0 1.29443 0 
2 1 0 29.904 0.110584 130.304 -1.38271 -3.22279 -1.38271 -3.22279 0.226955 0 1.29476 0 
2 1 0 29.8992 0.110584 130.304 -1.38276 -3.22165 -1.38276 -3.22165 0.226967 0 1.29508 0 
2 1 0 29.8943 0.110584 130.304 -1.38281 -3.22052 -1.38281 -3.22052 0.22698 0 1.29539 0 
2 1 0 29.8894 0.110584 130.304 -1.38285 -3.21939 -1.38285 -3.21939 0.226995 0 1.2957 0 
2 1 0 29.8846 0.110584 130.304 -1.3829 -3.21827 -1.3829 -3.21827 0.22701 0 1.296 0 
2 1 0 29.8797 0.110584 130.304 -1.38294 -3.21715 -1.38294 -3.21715 0.227027 0 1.29629 0 
2 1 0 29.8748 0.110584 130.304 -1.38299 -3.21603 -1.38299 -3.21603 0.227045 0 1.29657 0 
2 1 0 29.8699 0.110584 130.304 -1.38304 -3.21492 -1.38304 -3.21492 0.227064 0 1.29685 0 
2 1 0 29.8651 0.110584 130.304 -1.38309 -3.21381 -1.38309 -3.21381 0.227084 0 1.29713 0 
2 1 0 29.8602 0.110584 130.304 -1.38313 -3.2127 -1.38313 -3.2127 0.227105 0 1.29739 0 
2 1 0 29.8553 0.110584 130.304 -1.38318 -3.2116 -1.38318 -3.2116 0.227128 0 1.29765 0 
2 1 0 29.8504 0.110584 130.304 -1.38323 -3.2105 -1.38323 -3.2105 0.227152 0 1.2979 0 
2 1 0 29.8456 0.110584 130.304 -1.38328 -3.20941 -1.38328 -3.20941 0.227176 0 1.29815 0 
2 1 0 29.8407 0.110584 130.304 -1.38333 -3.20832 -1.38333 -3.20832 0.227202 0 1.29839 0 
2 1 0 29.8358 0.110584 130.304 -1.38338 -3.20723 -1.38338 -3.20723 0.227229 0 1.29862 0 
2 1 0 29.8309 0.110584 130.304 -1.38343 -3.20615 -1.38343 -3.20615 0.227257 0 1.29885 0 
2 1 0 29.826 0.110584 130.304 -1.38348 -3.20507 -1.38348 -3.20507 0.227287 0 1.29907 0 
2 1 0 29.8211 0.110584 130.304 -1.38353 -3.20399 -1.38353 -3.20399 0.227317 0 1.29928 0 
2 1 0 29.8163 0.110584 130.304 -1.38358 -3.20292 -1.38358 -3.20292 0.227348 0 1.29949 0 
2 1 0 29.8114 0.110584 130.304 -1.38363 -3.20185 -1.38363 -3.20185 0.227381 0 1.29969 0 
2 1 0 29.8065 0.110584 130.304 -1.38368 -3.20079 -1.38368 -3.20079 0.227415 0 1.29988 0 
2 1 0 29.8016 0.110584 130.304 -1.38373 -3.19973 -1.38373 -3.19973 0.227449 0 1.30007 0 
2 1 0 29.7967 0.110584 130.304 -1.38378 -3.19867 -1.38378 -3.19867 0.227485 0 1.30026 0 
2 1 0 29.7918 0.110584 130.304 -1.38383 -3.19761 -1.38383 -3.19761 0.227522 0 1.30043 0 
2 1 0 29.7869 0.110584 130.304 -1.38388 -3.19656 -1.38388 -3.19656 0.22756 0 1.3006 0 
2 1 0 29.7821 0.110584 130.304 -1.38394 -3.19551 -1.38394 -3.19551 0.227599 0 1.30076 0 
2 1 0 29.7772 0.110584 130.304 -1.38399 -3.19447 -1.38399 -3.19447 0.227639 0 1.30092 0 
2 1 0 29.7723 0.110584 130.304 -1.38404 -3.19343 -1.38404 -3.19343 0.22768 0 1.30107 0 
2 1 0 29.7674 0.110584 130.304 -1.3841 -3.19239 -1.3841 -3.19239 0.227722 0 1.30122 0 
2 1 0 29.7625 0.110584 130.304 -1.38415 -3.19136 -1.38415 -3.19136 0.227765 0 1.30136 0 
2 1 0 29.7576 0.110584 130.304 -1.3842 -3.19033 -1.3842 -3.19033 0.227809 0 1.30149 0 
2 1 0 29.7527 0.110584 130.304 -1.38426 -3.1893 -1.38426 -3.1893 0.227855 0 1.30162 0 
2 1 0 29.7478 0.110584 130.304 -1.38431 -3.18828 -1.38431 -3.18828 0.227901 0 1.30174 0 
2 1 0 29.7429 0.110584 130.304 -1.38437 -3.18726 -1.38437 -3.18726 0.227948 0 1.30186 0 
2 1 0 29.738 0.110584 130.304 -1.38442 -3.18624 -1.38442 -3.18624 0.227997 0 1.30196 0 
2 1 0 29.7331 0.110584 130.304 -1.38448 -3.18522 -1.38448 -3.18522 0.228046 0 1.30207 0 
2 1 0 29.7282 0.110584 130.304 -1.38453 -3.18421 -1.38453 -3.18421 0.228096 0 1.30217 0 
2 1 0 29.7233 0.110584 130.304 -1.38459 -3.18321 -1.38459 -3.18321 0.228148 0 1.30226 0 
2 1 0 29.7184 0.110584 130.304 -1.38464 -3.1822 -1.38464 -3.1822 0.2282 0 1.30234 0 
2 1 0 29.7135 0.110584 130.304 -1.3847 -3.1812 -1.3847 -3.1812 0.228254 0 1.30242 0 
2 1 0 29.7086 0.110584 130.304 -1.38476 -3.1802 -1.38476 -3.1802 0.228308 0 1.3025 0 
2 1 0 29.7037 0.110584 130.304 -1.38482 -3.17921 -1.38482 -3.17921 0.228364 0 1.30257 0 
2 1 0 29.6988 0.110584 130.304 -1.38487 -3.17822 -1.38487 -3.17822 0.22842 0 1.30263 0 
2 1 0 29.6939 0.110584 130.304 -1.38493 -3.17723 -1.38493 -3.17723 0.228477 0 1.30269 0 
2 1 0 29.689 0.110584 130.304 -1.38499 -3.17625 -1.38499 -3.17625 0.228536 0 1.30274 0 
2 1 0 29.6841 0.110584 130.304 -1.38505 -3.17527 -1.38505 -3.17527 0.228595 0 1.30278 0 
2 1 0 29.6792 0.110584 130.304 -1.38511 -3.17429 -1.38511 -3.17429 0.228656 0 1.30282 0 
2 1 0 29.6743 0.110584 130.304 -1.38517 -3.17331 -1.38517 -3.17331 0.228717 0 1.30286 0 
2 1 0 29.6694 0.110584 130.304 -1.38522 -3.17234 -1.38522 -3.17234 0.228779 0 1.30289 0 
2 1 0 29.6645 0.110584 130.304 -1.38528 -3.17137 -1.38528 -3.17137 0.228843 0 1.30291 0 
2 1 0 29.6596 0.110584 130.304 -1.38534 -3.1704 -1.38534 -3.1704 0.228907 0 1.30293 0 
2 1 0 29.6547 0.110584 130.304 -1.3854 -3.16944 -1.3854 -3.16944 0.228972 0 1.30294 0 
2 1 0 29.6498 0.110584 130.304 -1.38547 -3.16848 -1.38547 -3.16848 0.229039 0 1.30295 0 
2 1 0 29.6449 0.110584 130.304 -1.38553 -3.16753 -1.38553 -3.16753 0.229106 0 1.30295 0 
2 1 0 29.64 0.110584 130.304 -1.38559 -3.16657 -1.38559 -3.16657 0.229174 0 1.30294 0 
2 1 0 29.6351 0.110584 130.304 -1.38565 -3.16562 -1.38565 -3.16562 0.229243 0 1.30293 0 
2 1 0 29.6302 0.110584 130.304 -1.38571 -3.16467 -1.38571 -3.16467 0.229313 0 1.30292 0 
2 1 0 29.6253 0.110584 130.304 -1.38577 -3.16373 -1.38577 -3.16373 0.229384 0 1.3029 0 
2 1 0 29.6204 0.110584 130.304 -1.38584 -3.16279 -1.38584 -3.16279 0.229456 0 1.30287 0 
2 1 0 29.6154 0.110584 130.304 -1.3859 -3.16185 -1.3859 -3.16185 0.229529 0 1.30284 0 
2 1 0 29.6105 0.110584 130.304 -1.38596 -3.16091 -1.38596 -3.16091 0.229603 0 1.3028 0 
2 1 0 29.6056 0.110584 130.304 -1.38603 -3.15998 -1.38603 -3.15998 0.229678 0 1.30276 0 
2 1 0 29.6007 0.110584 130.304 -1.38609 -3.15905 -1.38609 -3.15905 0.229754 0 1.30271 0 
2 1 0 29.5958 0.110584 130.304 -1.38615 -3.15813 -1.38615 -3.15813 0.229831 0 1.30266 0 
2 1 0 29.5909 0.110584 130.304 -1.38622 -3.1572 -1.38622 -3.1572 0.229909 0 1.3026 0 
2 1 0 29.586 0.110584 130.304 -1.38628 -3.15628 -1.38628 -3.15628 0.229988 0 1.30254 0 
2 1 0 29.581 0.110584 130.304 -1.38635 -3.15536 -1.38635 -3.15536 0.230067 0 1.30247 0 
2 1 0 29.5761 0.110584 130.304 -1.38641 -3.15445 -1.38641 -3.15445 0.230148 0 1.30239 0 
2 1 0 29.5712 0.110584 130.304 -1.38648 -3.15354 -1.38648 -3.15354 0.230229 0 1.30231 0 
2 1 0 29.5663 0.110584 130.304 -1.38655 -3.15263 -1.38655 -3.15263 0.230312 0 1.30223 0 
2 1 0 29.5614 0.110584 130.304 -1.38661 -3.15172 -1.38661 -3.15172 0.230395 0 1.30214 0 
2 1 0 29.5565 0.110584 130.304 -1.38668 -3.15082 -1.38668 -3.15082 0.23048 0 1.30204 0 
2 1 0 29.5515 0.110584 130.304 -1.38675 -3.14992 -1.38675 -3.14992 0.230565 0 1.30194 0 
2 1 0 29.5466 0.110584 130.304 -1.38682 -3.14902 -1.38682 -3.14902 0.230651 0 1.30184 0 
2 1 0 29.5417 0.110584 130.304 -1.38688 -3.14813 -1.38688 -3.14813 0.230738 0 1.30173 0 
2 1 0 29.5368 0.110584 130.304 -1.38695 -3.14724 -1.38695 -3.14724 0.230826 0 1.30161 0 
2 1 0 29.5319 0.110584 130.304 -1.38702 -3.14635 -1.38702 -3.14635 0.230916 0 1.30149 0 
2 1 0 29.527 0.110584 130.304 -1.38709 -3.14546 -1.38709 -3.14546 0.231005 0 1.30136 0 
2 1 0 29.522 0.110584 130.304 -1.38716 -3.14458 -1.38716 -3.14458 0.231096 0 1.30123 0 
2 1 0 29.5171 0.110584 130.304 -1.38723 -3.1437 -1.38723 -3.1437 0.231188 0 1.30109 0 
2 1 0 29.5122 0.110584 130.304 -1.3873 -3.14282 -1.3873 -3.14282 0.231281 0 1.30095 0 
2 1 0 29.5073 0.110584 130.304 -1.38737 -3.14195 -1.38737 -3.14195 0.231375 0 1.30081 0 
2 1 0 29.5023 0.110584 130.304 -1.38744 -3.14108 -1.38744 -3.14108 0.231469 0 1.30065 0 
2 1 0 29.4974 0.110584 130.304 -1.38751 -3.14021 -1.38751 -3.14021 0.231565 0 1.3005 0 
2 1 0 29.4925 0.110584 130.304 -1.38758 -3.13935 -1.38758 -3.13935 0.231661 0 1.30033 0 
2 1 0 29.4876 0.110584 130.304 -1.38765 -3.13848 -1.38765 -3.13848 0.231759 0 1.30017 0 
2 1 0 29.4826 0.110584 130.304 -1.38773 -3.13762 -1.38773 -3.13762 0.231857 0 1.3 0 
2 1 0 29.4777 0.110584 130.304 -1.3878 -3.13677 -1.3878 -3.13677 0.231956 0 1.29982 0 
2 1 0 29.4728 0.110584 130.304 -1.38787 -3.13591 -1.38787 -3.13591 0.232057 0 1.29964 0 
2 1 0 29.4679 0.110584 130.304 -1.38794 -3.13506 -1.38794 -3.13506 0.232158 0 1.29945 0 
2 1 0 29.4629 0.110584 130.304 -1.38802 -3.13421 -1.38802 -3.13421 0.23226 0 1.29926 0 
2 1 0 29.458 0.110584 130.304 -1.38809 -3.13337 -1.38809 -3.13337 0.232363 0 1.29906 0 
2 1 0 29.4531 0.110584 130.304 -1.38817 -3.13252 -1.38817 -3.13252 0.232467 0 1.29886 0 
2 1 0 29.4482 0.110584 130.304 -1.38824 -3.13168 -1.38824 -3.13168 0.232571 0 1.29865 0 
2 1 0 29.4432 0.110584 130.304 -1.38832 -3.13084 -1.38832 -3.13084 0.232677 0 1.29844 0 
2 1 0 29.4383 0.110584 130.304 -1.38839 -3.13001 -1.38839 -3.13001 0.232784 0 1.29822 0 
2 1 0 29.4334 0.110584 130.304 -1.38847 -3.12918 -1.38847 -3.12918 0.232892 0 1.298 0 
2 1 0 29.4284 0.110584 130.304 -1.38854 -3.12835 -1.38854 -3.12835 0.233 0 1.29777 0 
2 1 0 29.4235 0.110584 130.304 -1.38862 -3.12752 -1.38862 -3.12752 0.233109 0 1.29754 0 
2 1 0 29.4186 0.110584 130.304 -1.3887 -3.1267 -1.3887 -3.1267 0.23322 0 1.2973 0 
2 1 0 29.4136 0.110584 130.304 -1.38877 -3.12588 -1.38877 -3.12588 0.233331 0 1.29706 0 
2 1 0 29.4087 0.110584 130.304 -1.38885 -3.12506 -1.38885 -3.12506 0.233443 0 1.29681 0 
2 1 0 29.4038 0.110584 130.304 -1.38893 -3.12424 -1.38893 -3.12424 0.233557 0 1.29656 0 
2 1 0 29.3988 0.110584 130.304 -1.38901 -3.12343 -1.38901 -3.12343 0.233671 0 1.29631 0 
2 1 0 29.3939 0.110584 130.304 -1.38909 -3.12262 -1.38909 -3.12262 0.233786 0 1.29605 0 
2 1 0 29.389 0.110584 130.304 -1.38917 -3.12181 -1.38917 -3.12181 0.233902 0 1.29578 0 
2 1 0 29.384 0.110584 130.304 -1.38925 -3.12101 -1.38925 -3.12101 0.234018 0 1.29551 0 
2 1 0 29.3791 0.110584 130.304 -1.38933 -3.12021 -1.38933 -3.12021 0.234136 0 1.29523 0 
2 1 0 29.3742 0.110584 130.304 -1.38941 -3.11941 -1.38941 -3.11941 0.234255 0 1.29495 0 
2 1 0 29.3692 0.110584 130.304 -1.38949 -3.11861 -1.38949 -3.11861 0.234375 0 1.29467 0 
2 1 0 29.3643 0.110584 130.304 -1.38957 -3.11782 -1.38957 -3.11782 0.234495 0 1.29438 0 
2 1 0 29.3594 0.110584 130.304 -1.38965 -3.11703 -1.38965 -3.11703 0.234617 0 1.29408 0 
2 1 0 29.3544 0.110584 130.304 -1.38973 -3.11624 -1.38973 -3.11624 0.234739 0 1.29378 0 
2 1 0 29.3495 0.110584 130.304 -1.38981 -3.11546 -1.38981 -3.11546 0.234862 0 1.29348 0 
2 1 0 29.3446 0.110584 130.304 -1.3899 -3.11467 -1.3899 -3.11467 0.234987 0 1.29317 0 
2 1 0 29.3396 0.110584 130.304 -1.38998 -3.11389 -1.38998 -3.11389 0.235112 0 1.29285 0 
2 1 0 29.3347 0.110584 130.304 -1.39006 -3.11312 -1.39006 -3.11312 0.235238 0 1.29254 0 
2 1 0 29.3297 0.110584 130.304 -1.39015 -3.11234 -1.39015 -3.11234 0.235365 0 1.29221 0 
2 1 0 29.3248 0.110584 130.304 -1.39023 -3.11157 -1.39023 -3.11157 0.235493 0 1.29188 0 
2 1 0 29.3199 0.110584 130.304 -1.39032 -3.1108 -1.39032 -3.1108 0.235622 0 1.29155 0 
2 1 0 29.3149 0.110584 130.304 -1.3904 -3.11004 -1.3904 -3.11004 0.235752 0 1.29121 0 
2 1 0 29.31 0.110584 130.304 -1.39049 -3.10927 -1.39049 -3.10927 0.235883 0 1.29087 0 
2 1 0 29.305 0.110584 130.304 -1.39057 -3.10851 -1.39057 -3.10851 0.236015 0 1.29052 0 
2 1 0 29.3001 0.110584 130.304 -1.39066 -3.10776 -1.39066 -3.10776 0.236148 0 1.29017 0 
2 1 0 29.2952 0.110584 130.304 -1.39075 -3.107 -1.39075 -3.107 0.236281 0 1.28981 0 
2 1 0 29.2902 0.110584 130.304 -1.39083 -3.10625 -1.39083 -3.10625 0.236416 0 1.28945 0 
2 1 0 29.2853 0.110584 130.304 -1.39092 -3.1055 -1.39092 -3.1055 0.236552 0 1.28909 0 
2 1 0 29.2803 0.110584 130.304 -1.39101 -3.10475 -1.39101 -3.10475 0.236688 0 1.28872 0 
2 1 0 29.2754 0.110584 130.304 -1.3911 -3.10401 -1.3911 -3.10401 0.236825 0 1.28834 0 
2 1 0 29.2704 0.110584 130.304 -1.39119 -3.10327 -1.39119 -3.10327 0.236964 0 1.28796 0 
2 1 0 29.2655 0.110584 130.304 -1.39128 -3.10253 -1.39128 -3.10253 0.237103 0 1.28758 0 
2 1 0 29.2606 0.110584 130.304 -1.39136 -3.10179 -1.39136 -3.10179 1.28719 0 0.237244 0 
2 1 0 29.2556 0.110584 130.304 -1.39145 -3.10106 -1.39145 -3.10106 1.28679 0 0.237385 0 
2 1 0 29.2507 0.110584 130.304 -1.39155 -3.10033 -1.39155 -3.10033 1.28639 0 0.237527 0 
2 1 0 29.2457 0.110584 130.304 -1.39164 -3.0996 -1.39164 -3.0996 1.28599 0 0.23767 0 
2 1 0 29.2408 0.110584 130.304 -1.39173 -3.09888 -1.39173 -3.09888 1.28558 0 0.237814 0 
2 1 0 29.2358 0.110584 130.304 -1.39182 -3.09815 -1.39182 -3.09815 1.28517 0 0.237959 0 
2 1 0 29.2309 0.110584 130.304 -1.39191 -3.09743 -1.39191 -3.09743 1.28475 0 0.238106 0 
2 1 0 29.2259 0.110584 130.304 -1.392 -3.09672 -1.392 -3.09672 1.28433 0 0.238253 0 
2 1 0 29.221 0.110584 130.304 -1.3921 -3.096 -1.3921 -3.096 1.2839 0 0.238401 0 
2 1 0 29.216 0.110584 130.304 -1.39219 -3.09529 -1.39219 -3.09529 1.28347 0 0.238549 0 
2 1 0 29.2111 0.110584 130.304 -1.39229 -3.09458 -1.39229 -3.09458 1.28303 0 0.238699 0 
2 1 0 29.2061 0.110584 130.304 -1.39238 -3.09388 -1.39238 -3.09388 1.28259 0 0.23885 0 
2 1 0 29.2012 0.110584 130.304 -1.39247 -3.09317 -1.39247 -3.09317 1.28215 0 0.239002 0 
2 1 0 29.1962 0.110584 130.304 -1.39257 -3.09247 -1.39257 -3.09247 1.2817 0 0.239155 0 
2 1 0 29.1913 0.110584 130.304 -1.39267 -3.09178 -1.39267 -3.09178 1.28124 0 0.239309 0 
2 1 0 29.1863 0.110584 130.304 -1.39276 -3.09108 -1.39276 -3.09108 1.28079 0 0.239464 0 
2 1 0 29.1814 0.110584 130.304 -1.39286 -3.09039 -1.39286 -3.09039 1.28032 0 0.239619 0 
2 1 0 29.1764 0.110584 130.304 -1.39296 -3.0897 -1.39296 -3.0897 1.27985 0 0.239776 0 
2 1 0 29.1715 0.110584 130.304 -1.39305 -3.08901 -1.39305 -3.08901 1.27938 0 0.239934 0 
2 1 0 29.1665 0.110584 130.304 -1.39315 -3.08833 -1.39315 -3.08833 1.2789 0 0.240093 0 
2 1 0 29.1616 0.110584 130.304 -1.39325 -3.08765 -1.39325 -3.08765 1.27842 0 0.240252 0 
2 1 0 29.1566 0.110584 130.304 -1.39335 -3.08697 -1.39335 -3.08697 1.27794 0 0.240413 0 
2 1 0 29.1517 0.110584 130.304 -1.39345 -3.0863 -1.39345 -3.0863 1.27744 0 0.240575 0 
2 1 0 29.1467 0.110584 130.304 -1.39355 -3.08562 -1.39355 -3.08562 1.27695 0 0.240737 0 
2 1 0 29.1418 0.110584 130.304 -1.39365 -3.08496 -1.39365 -3.08496 1.27645 0 0.240901 0 
2 1 0 29.1368 0.110584 130.304 -1.39375 -3.08429 -1.39375 -3.08429 1.27594 0 0.241066 0 
2 1 0 29.1319 0.110584 130.304 -1.39385 -3.08362 -1.39385 -3.08362 1.27543 0 0.241231 0 
2 1 0 29.1269 0.110584 130.304 -1.39395 -3.08296 -1.39395 -3.08296 1.27492 0 0.241398 0 
2 1 0 29.1219 0.110584 130.304 -1.39406 -3.0823 -1.39406 -3.0823 1.2744 0 0.241566 0 
2 1 0 29.117 0.110584 130.304 -1.39416 -3.08165 -1.39416 -3.08165 1.27388 0 0.241734 0 
2 1 0 29.112 0.110584 130.304 -1.39426 -3.081 -1.39426 -3.081 1.27335 0 0.241904 0 
2 1 0 29.1071 0.110584 130.304 -1.39436 -3.08035 -1.39436 -3.08035 1.27282 0 0.242075 0 
2 1 0 29.1021 0.110584 130.304 -1.39447 -3.0797 -1.39447 -3.0797 1.27228 0 0.242247 0 
2 1 0 29.0972 0.110584 130.304 -1.39457 -3.07906 -1.39457 -3.07906 1.27174 0 0.242419 0 
2 1 0 29.0922 0.110584 130.304 -1.39468 -3.07841 -1.39468 -3.07841 1.2712 0 0.242593 0 
2 1 0 29.0872 0.110584 130.304 -1.39478 -3.07778 -1.39478 -3.07778 1.27065 0 0.242768 0 
2 1 0 29.0823 0.110584 130.304 -1.39489 -3.07714 -1.39489 -3.07714 1.27009 0 0.242944 0 
2 1 0 29.0773 0.110584 130.304 -1.395 -3.07651 -1.395 -3.07651 1.26953 0 0.243121 0 
2 1 0 29.0724 0.110584 130.304 -1.39511 -3.07588 -1.39511 -3.07588 1.26897 0 0.243299 0 
2 1 0 29.0674 0.110584 130.304 -1.39521 -3.07525 -1.39521 -3.07525 1.2684 0 0.243477 0 
2 1 0 29.0624 0.110584 130.304 -1.39532 -3.07463 -1.39532 -3.07463 1.26783 0 0.243657 0 
2 1 0 29.0575 0.110584 130.304 -1.39543 -3.07401 -1.39543 -3.07401 1.26725 0 0.243839 0 
2 1 0 29.0525 0.110584 130.304 -1.39554 -3.07339 -1.39554 -3.07339 1.26667 0 0.244021 0 
2 1 0 29.0476 0.110584 130.304 -1.39565 -3.07277 -1.39565 -3.07277 1.26608 0 0.244204 0 
2 1 0 29.0426 0.110584 130.304 -1.39576 -3.07216 -1.39576 -3.07216 1.26549 0 0.244388 0 
2 1 0 29.0376 0.110584 130.304 -1.39587 -3.07155 -1.39587 -3.07155 1.2649 0 0.244573 0 
2 1 0 29.0327 0.110584 130.304 -1.39598 -3.07094 -1.39598 -3.07094 1.2643 0 0.244759 0 
2 1 0 29.0277 0.110584 130.304 -1.39609 -3.07034 -1.39609 -3.07034 1.26369 0 0.244947 0 
2 1 0 29.0228 0.110584 130.304 -1.39621 -3.06974 -1.39621 -3.06974 1.26308 0 0.245135 0 
2 1 0 29.0178 0.110584 130.304 -1.39632 -3.06914 -1.39632 -3.06914 1.26247 0 0.245325 0 
2 1 0 29.0128 0.110584 130.304 -1.39643 -3.06855 -1.39643 -3.06855 1.26185 0 0.245515 0 
2 1 0 29.0079 0.110584 130.304 -1.39655 -3.06796 -1.39655 -3.06796 1.26123 0 0.245707 0 
2 1 0 29.0029 0.110584 130.304 -1.39666 -3.06737 -1.39666 -3.06737 1.2606 0 0.245899 0 
2 1 0 28.9979 0.110584 130.304 -1.39678 -3.06678 -1.39678 -3.06678 1.25997 0 0.246093 0 
2 1 0 28.993 0.110584 130.304 -1.39689 -3.0662 -1.39689 -3.0662 1.25934 0 0.246288 0 
2 1 0 28.988 0.110584 130.304 -1.39701 -3.06562 -1.39701 -3.06562 1.2587 0 0.246484 0 
2 1 0 28.983 0.110584 130.304 -1.39713 -3.06504 -1.39713 -3.06504 1.25805 0 0.246681 0 
2 1 0 28.9781 0.110584 130.304 -1.39724 -3.06447 -1.39724 -3.06447 1.2574 0 0.246879 0 
2 1 0 28.9731 0.110584 130.304 -1.39736 -3.0639 -1.39736 -3.0639 1.25675 0 0.247079 0 
2 1 0 28.9681 0.110584 130.304 -1.39748 -3.06333 -1.39748 -3.06333 1.25609 0 0.247279 0 
2 1 0 28.9632 0.110584 130.304 -1.3976 -3.06276 -1.3976 -3.06276 1.25543 0 0.24748 0 
2 1 0 28.9582 0.110584 130.304 -1.39772 -3.0622 -1.39772 -3.0622 1.25476 0 0.247683 0 
2 1 0 28.9532 0.110584 130.304 -1.39784 -3.06165 -1.39784 -3.06165 1.25409 0 0.247887 0 
2 1 0 28.9483 0.110584 130.304 -1.39796 -3.06109 -1.39796 -3.06109 1.25341 0 0.248091 0 
2 1 0 28.9433 0.110584 130.304 -1.39808 -3.06054 -1.39808 -3.06054 1.25273 0 0.248297 0 
2 1 0 28.9383 0.110584 130.304 -1.3982 -3.05999 -1.3982 -3.05999 1.25205 0 0.248504 0 
2 1 0 28.9334 0.110584 130.304 -1.39832 -3.05944 -1.39832 -3.05944 1.25136 0 0.248713 0 
2 1 0 28.9284 0.110584 130.304 -1.39845 -3.0589 -1.39845 -3.0589 1.25066 0 0.248922 0 
2 1 0 28.9234 0.110584 130.304 -1.39857 -3.05836 -1.39857 -3.05836 1.24996 0 0.249132 0 
2 1 0 28.9185 0.110584 130.304 -1.3987 -3.05782 -1.3987 -3.05782 1.24926 0 0.249344 0 
2 1 0 28.9135 0.110584 130.304 -1.39882 -3.05729 -1.39882 -3.05729 1.24855 0 0.249557 0 
2 1 0 28.9085 0.110584 130.304 -1.39895 -3.05676 -1.39895 -3.05676 1.24784 0 0.249771 0 
2 1 0 28.9036 0.110584 130.304 -1.39907 -3.05623 -1.39907 -3.05623 1.24712 0 0.249986 0 
2 1 0 28.8986 0.110584 130.304 -1.3992 -3.05571 -1.3992 -3.05571 1.2464 0 0.250202 0 
2 1 0 28.8936 0.110584 130.304 -1.39933 -3.05519 -1.39933 -3.05519 1.24568 0 0.250419 0 
2 1 0 28.8886 0.110584 130.304 -1.39945 -3.05467 -1.39945 -3.05467 1.24495 0 0.250638 0 
2 1 0 28.8837 0.110584 130.304 -1.39958 -3.05416 -1.39958 -3.05416 1.24421 0 0.250857 0 
2 1 0 28.8787 0.110584 130.304 -1.39971 -3.05365 -1.39971 -3.05365 1.24347 0 0.251078 0 
2 1 0 28.8737 0.110584 130.304 -1.39984 -3.05314 -1.39984 -3.05314 1.24273 0 0.2513 0 
2 1 0 28.8688 0.110584 130.304 -1.39997 -3.05264 -1.39997 -3.05264 1.24198 0 0.251524 0 
2 1 0 28.8638 0.110584 130.304 -1.4001 -3.05214 -1.4001 -3.05214 1.24123 0 0.251748 0 
2 1 0 28.8588 0.110584 130.304 -1.40024 -3.05164 -1.40024 -3.05164 1.24047 0 0.251974 0 
2 1 0 28.8538 0.110584 130.304 -1.40037 -3.05115 -1.40037 -3.05115 1.23971 0 0.252201 0 
2 1 0 28.8489 0.110584 130.304 -1.4005 -3.05066 -1.4005 -3.05066 1.23895 0 0.252429 0 
2 1 0 28.8439 0.110584 130.304 -1.40064 -3.05017 -1.40064 -3.05017 1.23818 0 0.252658 0 
2 1 0 28.8389 0.110584 130.304 -1.40077 -3.04969 -1.40077 -3.04969 1.2374 0 0.252888 0 
2 1 0 28.8339 0.110584 130.304 -1.4009 -3.0492 -1.4009 -3.0492 1.23662 0 0.25312 0 
2 1 0 28.829 0.110584 130.304 -1.40104 -3.04873 -1.40104 -3.04873 1.23584 0 0.253353 0 
2 1 0 28.824 0.110584 130.304 -1.40118 -3.04825 -1.40118 -3.04825 1.23505 0 0.253587 0 
2 1 0 28.819 0.110584 130.304 -1.40131 -3.04778 -1.40131 -3.04778 1.23426 0 0.253823 0 
2 1 0 28.814 0.110584 130.304 -1.40145 -3.04732 -1.40145 -3.04732 1.23346 0 0.254059 0 
2 1 0 28.8091 0.110584 130.304 -1.40159 -3.04686 -1.40159 -3.04686 1.23266 0 0.254297 0 
2 1 0 28.8041 0.110584 130.304 -1.40173 -3.0464 -1.40173 -3.0464 1.23185 0 0.254536 0 
2 1 0 28.7991 0.110584 130.304 -1.40187 -3.04594 -1.40187 -3.04594 1.23104 0 0.254777 0 
2 1 0 28.7941 0.110584 130.304 -1.40201 -3.04549 -1.40201 -3.04549 1.23023 0 0.255018 0 
2 1 0 28.7891 0.110584 130.304 -1.40215 -3.04504 -1.40215 -3.04504 1.22941 0 0.255261 0 
2 1 0 28.7842 0.110584 130.304 -1.40229 -3.04459 -1.40229 -3.04459 1.22858 0 0.255506 0 
2 1 0 28.7792 0.110584 130.304 -1.40244 -3.04415 -1.40244 -3.04415 1.22776 0 0.255751 0 
2 1 0 28.7742 0.110584 130.304 -1.40258 -3.04372 -1.40258 -3.04372 1.22692 0 0.255998 0 
2 1 0 28.7692 0.110584 130.304 -1.40272 -3.04328 -1.40272 -3.04328 1.22609 0 0.256246 0 
2 1 0 28.7643 0.110584 130.304 -1.40287 -3.04285 -1.40287 -3.04285 1.22524 0 0.256495 0 
2 1 0 28.7593 0.110584 130.304 -1.40301 -3.04242 -1.40301 -3.04242 1.2244 0 0.256746 0 
2 1 0 28.7543 0.110584 130.304 -1.40316 -3.042 -1.40316 -3.042 1.22355 0 0.256998 0 
2 1 0 28.7493 0.110584 130.304 -1.40331 -3.04158 -1.40331 -3.04158 1.22269 0 0.257251 0 
2 1 0 28.7443 0.110584 130.304 -1.40345 -3.04117 -1.40345 -3.04117 1.22183 0 0.257506 0 
2 1 0 28.7394 0.110584 130.304 -1.4036 -3.04076 -1.4036 -3.04076 1.22097 0 0.257762 0 
2 1 0 28.7344 0.110584 130.304 -1.40375 -3.04035 -1.40375 -3.04035 1.2201 0 0.258019 0 
2 1 0 28.7294 0.110584 130.304 -1.4039 -3.03994 -1.4039 -3.03994 1.21922 0 0.258277 0 
2 1 0 28.7244 0.110584 130.304 -1.40405 -3.03954 -1.40405 -3.03954 1.21835 0 0.258537 0 
2 1 0 28.7194 0.110584 130.304 -1.40421 -3.03915 -1.40421 -3.03915 1.21746 0 0.258799 0 
2 1 0 28.7144 0.110584 130.304 -1.40436 -3.03876 -1.40436 -3.03876 1.21658 0 0.259061 0 
2 1 0 28.7095 0.110584 130.304 -1.40451 -3.03837 -1.40451 -3.03837 1.21569 0 0.259325 0 
2 1 0 28.7045 0.110584 130.304 -1.40466 -3.03798 -1.40466 -3.03798 1.21479 0 0.259591 0 
2 1 0 28.6995 0.110584 130.304 -1.40482 -3.0376 -1.40482 -3.0376 1.21389 0 0.259857 0 
2 1 0 28.6945 0.110584 130.304 -1.40498 -3.03723 -1.40498 -3.03723 1.21299 0 0.260125 0 
2 1 0 28.6895 0.110584 130.304 -1.40513 -3.03685 -1.40513 -3.03685 1.21208 0 0.260395 0 
2 1 0 28.6845 0.110584 130.304 -1.40529 -3.03649 -1.40529 -3.03649 1.21116 0 0.260666 0 
2 1 0 28.6796 0.110584 130.304 -1.40545 -3.03612 -1.40545 -3.03612 1.21024 0 0.260938 0 
2 1 0 28.6746 0.110584 130.304 -1.40561 -3.03576 -1.40561 -3.03576 1.20932 0 0.261212 0 
2 1 0 28.6696 0.110584 130.304 -1.40577 -3.03541 -1.40577 -3.03541 1.20839 0 0.261487 0 
2 1 0 28.6646 0.110584 130.304 -1.40593 -3.03506 -1.40593 -3.03506 1.20746 0 0.261763 0 
2 1 0 28.6596 0.110584 130.304 -1.40609 -3.03471 -1.40609 -3.03471 1.20652 0 0.262041 0 
2 1 0 28.6546 0.110584 130.304 -1.40625 -3.03437 -1.40625 -3.03437 1.20558 0 0.262321 0 
2 1 0 28.6496 0.110584 130.304 -1.40641 -3.03403 -1.40641 -3.03403 1.20464 0 0.262602 0 
2 1 0 28.6447 0.110584 130.304 -1.40658 -3.03369 -1.40658 -3.03369 1.20369 0 0.262884 0 
2 1 0 28.6397 0.110584 130.304 -1.40674 -3.03337 -1.40674 -3.03337 1.20273 0 0.263168 0 
2 1 0 28.6347 0.110584 130.304 -1.40691 -3.03304 -1.40691 -3.03304 1.20177 0 0.263453 0 
2 1 0 28.6297 0.110584 130.304 -1.40707 -3.03272 -1.40707 -3.03272 1.20081 0 0.263739 0 
2 1 0 28.6247 0.110584 130.304 -1.40724 -3.0324 -1.40724 -3.0324 1.19984 0 0.264028 0 
2 1 0 28.6197 0.110584 130.304 -1.40741 -3.03209 -1.40741 -3.03209 1.19887 0 0.264317 0 
2 1 0 28.6147 0.110584 130.304 -1.40758 -3.03178 -1.40758 -3.03178 1.19789 0 0.264608 0 
2 1 0 28.6098 0.110584 130.304 -1.40775 -3.03148 -1.40775 -3.03148 1.19691 0 0.264901 0 
2 1 0 28.6048 0.110584 130.304 -1.40792 -3.03118 -1.40792 -3.03118 1.19593 0 0.265195 0 
2 1 0 28.5998 0.110584 130.304 -1.40809 -3.03089 -1.40809 -3.03089 1.19493 0 0.265491 0 
2 1 0 28.5948 0.110584 130.304 -1.40827 -3.0306 -1.40827 -3.0306 1.19394 0 0.265788 0 
2 1 0 28.5898 0.110584 130.304 -1.40844 -3.03032 -1.40844 -3.03032 1.19294 0 0.266086 0 
2 1 0 28.5848 0.110584 130.304 -1.40862 -3.03004 -1.40862 -3.03004 1.19193 0 0.266387 0 
2 1 0 28.5798 0.110584 130.304 -1.40879 -3.02977 -1.40879 -3.02977 1.19093 0 0.266688 0 
2 1 0 28.5748 0.110584 130.304 -1.40897 -3.0295 -1.40897 -3.0295 1.18991 0 0.266992 0 
2 1 0 28.5698 0.110584 130.304 -1.40915 -3.02923 -1.40915 -3.02923 1.18889 0 0.267297 0 
2 1 0 28.5648 0.110584 130.304 -1.40933 -3.02897 -1.40933 -3.02897 1.18787 0 0.267603 0 
2 1 0 28.5599 0.110584 130.304 -1.40951 -3.02872 -1.40951 -3.02872 1.18684 0 0.267911 0 
2 1 0 28.5549 0.110584 130.304 -1.40969 -3.02847 -1.40969 -3.02847 1.18581 0 0.268221 0 
2 1 0 28.5499 0.110584 130.304 -1.40987 -3.02822 -1.40987 -3.02822 1.18478 0 0.268532 0 
2 1 0 28.5449 0.110584 130.304 -1.41005 -3.02799 -1.41005 -3.02799 1.18374 0 0.268845 0 
2 1 0 28.5399 0.110584 130.304 -1.41024 -3.02775 -1.41024 -3.02775 1.18269 0 0.269159 0 
2 1 0 28.5349 0.110584 130.304 -1.41042 -3.02752 -1.41042 -3.02752 1.18164 0 0.269475 0 
2 1 0 28.5299 0.110584 130.304 -1.41061 -3.0273 -1.41061 -3.0273 1.18059 0 0.269793 0 
2 1 0 28.5249 0.110584 130.304 -1.4108 -3.02708 -1.4108 -3.02708 1.17953 0 0.270112 0 
2 1 0 28.5199 0.110584 130.304 -1.41099 -3.02687 -1.41099 -3.02687 1.17846 0 0.270433 0 
2 1 0 28.5149 0.110584 130.304 -1.41117 -3.02666 -1.41117 -3.02666 1.1774 0 0.270756 0 
2 1 0 28.5099 0.110584 130.304 -1.41137 -3.02646 -1.41137 -3.02646 1.17632 0 0.27108 0 
2 1 0 28.505 0.110584 130.304 -1.41156 -3.02627 -1.41156 -3.02627 1.17525 0 0.271406 0 
2 1 0 28.5 0.110584 130.304 -1.41175 -3.02608 -1.41175 -3.02608 1.17416 0 0.271733 0 
2 1 0 28.495 0.110584 130.304 -1.41194 -3.02589 -1.41194 -3.02589 1.17308 0 0.272063 0 
2 1 0 28.49 0.110584 130.304 -1.41214 -3.02571 -1.41214 -3.02571 1.17199 0 0.272394 0 
2 1 0 28.485 0.110584 130.304 -1.41234 -3.02554 -1.41234 -3.02554 1.17089 0 0.272726 0 
2 1 0 28.48 0.110584 130.304 -1.41253 -3.02537 -1.41253 -3.02537 1.16979 0 0.273061 0 
2 1 0 28.475 0.110584 130.304 -1.41273 -3.02521 -1.41273 -3.02521 1.16868 0 0.273397 0 
2 1 0 28.47 0.110584 130.304 -1.41293 -3.02506 -1.41293 -3.02506 1.16758 0 0.273735 0 
2 1 0 28.465 0.110584 130.304 -1.41313 -3.02491 -1.41313 -3.02491 1.16646 0 0.274074 0 
2 1 0 28.46 0.110584 130.304 -1.41334 -3.02476 -1.41334 -3.02476 1.16534 0 0.274416 0 
2 1 0 28.455 0.110584 130.304 -1.41354 -3.02463 -1.41354 -3.02463 1.16422 0 0.274759 0 
2 1 0 28.45 0.110584 130.304 -1.41375 -3.0245 -1.41375 -3.0245 1.16309 0 0.275104 0 
2 1 0 28.445 0.110584 130.304 -1.41395 -3.02437 -1.41395 -3.02437 1.16196 0 0.27545 0 
2 1 0 28.44 0.110584 130.304 -1.41416 -3.02426 -1.41416 -3.02426 1.16082 0 0.275799 0 
2 1 0 28.435 0.110584 130.304 -1.41437 -3.02414 -1.41437 -3.02414 1.15968 0 0.276149 0 
2 1 0 28.43 0.110584 130.304 -1.41458 -3.02404 -1.41458 -3.02404 1.15854 0 0.276501 0 
2 1 0 28.4251 0.110584 130.304 -1.41479 -3.02394 -1.41479 -3.02394 1.15738 0 0.276855 0 
2 1 0 28.4201 0.110584 130.304 -1.415 -3.02385 -1.415 -3.02385 1.15623 0 0.277211 0 
2 1 0 28.4151 0.110584 130.304 -1.41522 -3.02377 -1.41522 -3.02377 1.15507 0 0.277568 0 
2 1 0 28.4101 0.110584 130.304 -1.41543 -3.02369 -1.41543 -3.02369 1.1539 0 0.277928 0 
2 1 0 28.4051 0.110584 130.304 -1.41565 -3.02362 -1.41565 -3.02362 1.15274 0 0.278289 0 
2 1 0 28.4001 0.110584 130.304 -1.41587 -3.02356 -1.41587 -3.02356 1.15156 0 0.278652 0 
2 1 0 28.3951 0.110584 130.304 -1.41609 -3.0235 -1.41609 -3.0235 1.15038 0 0.279017 0 
2 1 0 28.3901 0.110584 130.304 -1.41631 -3.02345 -1.41631 -3.02345 1.1492 0 0.279384 0 
2 1 0 28.3851 0.110584 130.304 -1.41653 -3.02341 -1.41653 -3.02341 1.14801 0 0.279753 0 
2 1 0 28.3801 0.110584 130.304 -1.41676 -3.02338 -1.41676 -3.02338 1.14682 0 0.280123 0 
2 1 0 28.3751 0.110584 130.304 -1.41698 -3.02335 -1.41698 -3.02335 1.14562 0 0.280496 0 
2 1 0 28.3701 0.110584 130.304 -1.41721 -3.02333 -1.41721 -3.02333 1.14442 0 0.280871 0 
2 1 0 28.3651 0.110584 130.304 -1.41744 -3.02332 -1.41744 -3.02332 1.14322 0 0.281247 0 
2 1 0 28.3601 0.110584 130.304 -1.41767 -3.02332 -1.41767 -3.02332 1.14201 0 0.281626 0 
2 1 0 28.3551 0.110584 130.304 -1.4179 -3.02332 -1.4179 -3.02332 1.14079 0 0.282006 0 
2 1 0 28.3501 0.110584 130.304 -1.41813 -3.02334 -1.41813 -3.02334 1.13957 0 0.282388 0 
2 1 0 28.3451 0.110584 130.304 -1.41837 -3.02336 -1.41837 -3.02336 1.13835 0 0.282773 0 
2 1 0 28.3401 0.110584 130.304 -1.4186 -3.02339 -1.4186 -3.02339 1.13712 0 0.283159 0 
2 1 0 28.3351 0.110584 130.304 -1.41884 -3.02343 -1.41884 -3.02343 1.13589 0 0.283548 0 
2 1 0 28.3302 0.110584 130.304 -1.41908 -3.02347 -1.41908 -3.02347 1.13465 0 0.283938 0 
2 1 0 28.3252 0.110584 130.304 -1.41932 -3.02353 -1.41932 -3.02353 1.13341 0 0.28433 0 
2 1 0 28.3202 0.110584 130.304 -1.41957 -3.02359 -1.41957 -3.02359 1.13216 0 0.284725 0 
2 1 0 28.3152 0.110584 130.304 -1.41981 -3.02367 -1.41981 -3.02367 1.13091 0 0.285121 0 
2 1 0 28.3102 0.110584 130.304 -1.42006 -3.02375 -1.42006 -3.02375 1.12965 0 0.28552 0 
2 1 0 28.3052 0.110584 130.304 -1.42031 -3.02384 -1.42031 -3.02384 1.12839 0 0.28592 0 
2 1 0 28.3002 0.110584 130.304 -1.42056 -3.02394 -1.42056 -3.02394 1.12712 0 0.286323 0 
2 1 0 28.2952 0.110584 130.304 -1.42081 -3.02405 -1.42081 -3.02405 1.12585 0 0.286728 0 
2 1 0 28.2902 0.110584 130.304 -1.42107 -3.02417 -1.42107 -3.02417 1.12458 0 0.287135 0 
2 1 0 28.2852 0.110584 130.304 -1.42132 -3.0243 -1.42132 -3.0243 1.1233 0 0.287544 0 
2 1 0 28.2802 0.110584 130.304 -1.42158 -3.02444 -1.42158 -3.02444 1.12202 0 0.287955 0 
2 1 0 28.2752 0.110584 130.304 -1.42184 -3.02459 -1.42184 -3.02459 1.12073 0 0.288368 0 
2 1 0 28.2702 0.110584 130.304 -1.4221 -3.02475 -1.4221 -3.02475 1.11944 0 0.288784 0 
2 1 0 28.2653 0.110584 130.304 -1.42237 -3.02493 -1.42237 -3.02493 1.11814 0 0.289201 0 
2 1 0 28.2603 0.110584 130.304 -1.42263 -3.02511 -1.42263 -3.02511 1.11684 0 0.289621 0 
2 1 0 28.2553 0.110584 130.304 -1.4229 -3.0253 -1.4229 -3.0253 1.11553 0 0.290043 0 
2 1 0 28.2503 0.110584 130.304 -1.42317 -3.02551 -1.42317 -3.02551 1.11422 0 0.290467 0 
2 1 0 28.2453 0.110584 130.304 -1.42345 -3.02572 -1.42345 -3.02572 1.1129 0 0.290893 0 
2 1 0 28.2403 0.110584 130.304 -1.42372 -3.02595 -1.42372 -3.02595 1.11158 0 0.291322 0 
2 1 0 28.2353 0.110584 130.304 -1.424 -3.02619 -1.424 -3.02619 1.11026 0 0.291752 0 
2 1 0 28.2303 0.110584 130.304 -1.42428 -3.02644 -1.42428 -3.02644 1.10893 0 0.292185 0 
2 1 0 28.2254 0.110584 130.304 -1.42456 -3.0267 -1.42456 -3.0267 1.1076 0 0.29262 0 
2 1 0 28.2204 0.110584 130.304 -1.42484 -3.02698 -1.42484 -3.02698 1.10626 0 0.293058 0 
2 1 0 28.2154 0.110584 130.304 -1.42513 -3.02727 -1.42513 -3.02727 1.10492 0 0.293497 0 
2 1 0 28.2104 0.110584 130.304 -1.42542 -3.02757 -1.42542 -3.02757 1.10357 0 0.293939 0 
2 1 0 28.2054 0.110584 130.304 -1.42571 -3.02788 -1.42571 -3.02788 1.10222 0 0.294384 0 
2 1 0 28.2004 0.110584 130.304 -1.42601 -3.02821 -1.42601 -3.02821 1.10086 0 0.29483 0 
2 1 0 28.1955 0.110584 130.304 -1.4263 -3.02855 -1.4263 -3.02855 1.0995 0 0.295279 0 
2 1 0 28.1905 0.110584 130.304 -1.4266 -3.02891 -1.4266 -3.02891 1.09814 0 0.29573 0 
2 1 0 28.1855 0.110584 130.304 -1.4269 -3.02928 -1.4269 -3.02928 1.09677 0 0.296183 0 
2 1 0 28.1805 0.110584 130.304 -1.42721 -3.02967 -1.42721 -3.02967 1.0954 0 0.296639 0 
2 1 0 28.1756 0.110584 130.304 -1.42752 -3.03007 -1.42752 -3.03007 1.09402 0 0.297097 0 
2 1 0 28.1706 0.110584 130.304 -1.42783 -3.03048 -1.42783 -3.03048 1.09264 0 0.297557 0 
2 1 0 28.1656 0.110584 130.304 -1.42814 -3.03091 -1.42814 -3.03091 1.09126 0 0.29802 0 
2 1 0 28.1606 0.110584 130.304 -1.42846 -3.03136 -1.42846 -3.03136 1.08987 0 0.298485 0 
2 1 0 28.1557 0.110584 130.304 -1.42877 -3.03182 -1.42877 -3.03182 1.08847 0 0.298952 0 
2 1 0 28.1507 0.110584 130.304 -1.4291 -3.0323 -1.4291 -3.0323 1.08707 0 0.299422 0 
2 1 0 28.1457 0.110584 130.304 -1.42942 -3.0328 -1.42942 -3.0328 1.08567 0 0.299894 0 
2 1 0 28.1408 0.110584 130.304 -1.42975 -3.03331 -1.42975 -3.03331 1.08427 0 0.300368 0 
2 1 0 28.1358 0.110584 130.304 -1.43008 -3.03385 -1.43008 -3.03385 1.08286 0 0.300845 0 
2 1 0 28.1309 0.110584 130.304 -1.43042 -3.0344 -1.43042 -3.0344 1.08144 0 0.301324 0 
2 1 0 28.1259 0.110584 130.304 -1.43076 -3.03497 -1.43076 -3.03497 1.08002 0 0.301805 0 
2 1 0 28.121 0.110584 130.304 -1.4311 -3.03556 -1.4311 -3.03556 1.0786 0 0.302289 0 
2 1 0 28.116 0.110584 130.304 -1.43145 -3.03617 -1.43145 -3.03617 1.07718 0 0.302775 0 
2 1 0 28.1111 0.110584 130.304 -1.4318 -3.0368 -1.4318 -3.0368 1.07575 0 0.303263 0 
2 1 0 28.1061 0.110584 130.304 -1.43215 -3.03745 -1.43215 -3.03745 1.07431 0 0.303754 0 
2 1 0 28.1012 0.110584 130.304 -1.43251 -3.03812 -1.43251 -3.03812 1.07288 0 0.304247 0 
2 1 0 28.0962 0.110584 130.304 -1.43287 -3.03882 -1.43287 -3.03882 1.07144 0 0.304743 0 
2 1 0 28.0913 0.110584 130.304 -1.43323 -3.03954 -1.43323 -3.03954 1.06999 0 0.30524 0 
2 1 0 28.0864 0.110584 130.304 -1.4336 -3.04028 -1.4336 -3.04028 1.06854 0 0.30574 0 
2 1 0 28.0814 0.110584 130.304 -1.43398 -3.04104 -1.43398 -3.04104 1.06709 0 0.306243 0 
2 1 0 28.0765 0.110584 130.304 -1.43436 -3.04183 -1.43436 -3.04183 1.06564 0 0.306747 0 
2 1 0 28.0716 0.110584 130.304 -1.43474 -3.04265 -1.43474 -3.04265 1.06418 0 0.307254 0 
2 1 0 28.0667 0.110584 130.304 -1.43513 -3.04349 -1.43513 -3.04349 1.06272 0 0.307763 0 
2 1 0 28.0618 0.110584 130.304 -1.43552 -3.04436 -1.43552 -3.04436 1.06126 0 0.308275 0 
2 1 0 28.0569 0.110584 130.304 -1.43592 -3.04526 -1.43592 -3.04526 1.05979 0 0.308788 0 
2 1 0 28.052 0.110584 130.304 -1.43632 -3.04619 -1.43632 -3.04619 1.05832 0 0.309304 0 
2 1 0 28.0471 0.110584 130.304 -1.43673 -3.04715 -1.43673 -3.04715 1.05685 0 0.309822 0 
2 1 0 28.0422 0.110584 130.304 -1.43714 -3.04814 -1.43714 -3.04814 1.05537 0 0.310342 0 
2 1 0 28.0373 0.110584 130.304 -1.43756 -3.04916 -1.43756 -3.04916 1.0539 0 0.310864 0 
2 1 0 28.0325 0.110584 130.304 -1.43799 -3.05021 -1.43799 -3.05021 1.05242 0 0.311388 0 
2 1 0 28.0276 0.110584 130.304 -1.43842 -3.0513 -1.43842 -3.0513 1.05094 0 0.311914 0 
2 1 0 28.0227 0.110584 130.304 -1.43885 -3.05243 -1.43885 -3.05243 1.04946 0 0.312442 0 
2 1 0 28.0179 0.110584 130.304 -1.4393 -3.05359 -1.4393 -3.05359 1.04797 0 0.312971 0 
2 1 0 28.0131 0.110584 130.304 -1.43975 -3.05479 -1.43975 -3.05479 1.04649 0 0.313503 0 
2 1 0 28.0082 0.110584 130.304 -1.44021 -3.05604 -1.44021 -3.05604 1.045 0 0.314036 0 
2 1 0 28.0034 0.110584 130.304 -1.44067 -3.05732 -1.44067 -3.05732 1.04351 0 0.31457 0 
2 1 0 27.9986 0.110584 130.304 -1.44114 -3.05865 -1.44114 -3.05865 1.04203 0 0.315107 0 
2 1 0 27.9939 0.110584 130.304 -1.44162 -3.06002 -1.44162 -3.06002 1.04054 0 0.315644 0 
2 1 0 27.9891 0.110584 130.304 -1.44211 -3.06144 -1.44211 -3.06144 1.03905 0 0.316183 0 
2 1 0 27.9843 0.110584 130.304 -1.4426 -3.06291 -1.4426 -3.06291 1.03756 0 0.316722 0 
2 1 0 27.9796 0.110584 130.304 -1.44311 -3.06444 -1.44311 -3.06444 1.03608 0 0.317263 0 
2 1 0 27.9749 0.110584 130.304 -1.44362 -3.06601 -1.44362 -3.06601 1.0346 0 0.317804 0 
2 1 0 27.9702 0.110584 130.304 -1.44414 -3.06765 -1.44414 -3.06765 1.03312 0 0.318346 0 
2 1 0 27.9655 0.110584 130.304 -1.44468 -3.06934 -1.44468 -3.06934 1.03164 0 0.318888 0 
2 1 0 27.9609 0.110584 130.304 -1.44522 -3.0711 -1.44522 -3.0711 1.03016 0 0.31943 0 
2 1 0 27.9562 0.110584 130.304 -1.44577 -3.07292 -1.44577 -3.07292 1.02869 0 0.319972 0 
2 1 0 27.9516 0.110584 130.304 -1.44634 -3.07481 -1.44634 -3.07481 1.02723 0 0.320513 0 
2 1 0 27.9471 0.110584 130.304 -1.44691 -3.07678 -1.44691 -3.07678 1.02577 0 0.321053 0 
2 1 0 27.9426 0.110584 130.304 -1.4475 -3.07882 -1.4475 -3.07882 1.02432 0 0.321591 0 
2 1 0 27.9381 0.110584 130.304 -1.4481 -3.08094 -1.4481 -3.08094 1.02288 0 0.322128 0 
2 1 0 27.9336 0.110584 130.304 -1.44872 -3.08315 -1.44872 -3.08315 1.02145 0 0.322662 0 
2 1 0 27.9292 0.110584 130.304 -1.44935 -3.08545 -1.44935 -3.08545 1.02003 0 0.323193 0 
2 1 0 27.9249 0.110584 130.304 -1.44999 -3.08785 -1.44999 -3.08785 1.01863 0 0.32372 0 
2 1 0 27.9206 0.110584 130.304 -1.45065 -3.09034 -1.45065 -3.09034 1.01724 0 0.324242 0 
2 1 0 27.9164 0.110584 130.304 -1.45133 -3.09295 -1.45133 -3.09295 1.01587 0 0.324758 0 
2 1 0 27.9123 0.110584 130.304 -1.45202 -3.09567 -1.45202 -3.09567 1.01452 0 0.325268 0 
2 1 0 27.9082 0.110584 130.304 -1.45273 -3.0985 -1.45273 -3.0985 1.0132 0 0.32577 0 
2 1 0 27.9042 0.110584 130.304 -1.45346 -3.10147 -1.45346 -3.10147 1.0119 0 0.326262 0 
2 1 0 27.9004 0.110584 130.304 -1.45421 -3.10457 -1.45421 -3.10457 1.01064 0 0.326742 0 
2 1 0 27.8967 0.110584 130.304 -1.45498 -3.10781 -1.45498 -3.10781 1.00941 0 0.32721 0 
2 1 0 27.8931 0.110584 130.304 -1.45577 -3.11119 -1.45577 -3.11119 1.00823 0 0.327662 0 
2 1 0 27.8896 0.110584 130.304 -1.45658 -3.11473 -1.45658 -3.11473 1.00709 0 0.328097 0 
2 1 0 27.8864 0.110584 130.304 -1.45741 -3.11843 -1.45741 -3.11843 1.00601 0 0.328511 0 
2 1 0 27.8833 0.110584 130.304 -1.45826 -3.12228 -1.45826 -3.12228 1.005 0 0.328901 0 
2 1 0 27.8805 0.110584 130.304 -1.45913 -3.1263 -1.45913 -3.1263 1.00405 0 0.329265 0 
2 1 0 27.8779 0.110584 130.304 -1.46002 -3.13048 -1.46002 -3.13048 1.00319 0 0.329598 0 
2 1 0 27.8755 0.110584 130.304 -1.46093 -3.13481 -1.46093 -3.13481 1.00241 0 0.329898 0 
2 1 0 27.8735 0.110584 130.304 -1.46184 -3.13928 -1.46184 -3.13928 1.00174 0 0.33016 0 
2 1 0 27.8718 0.110584 130.304 -1.46277 -3.14388 -1.46277 -3.14388 1.00116 0 0.330382 0 
2 1 0 27.8704 0.110584 130.304 -1.4637 -3.14859 -1.4637 -3.14859 1.0007 0 0.330562 0 
2 1 0 27.8693 0.110584 130.304 -1.46464 -3.15339 -1.46464 -3.15339 1.00035 0 0.330696 0 
2 1 0 27.8686 0.110584 130.304 -1.46557 -3.15826 -1.46557 -3.15826 1.00012 0 0.330785 0 
2 1 0 27.8683 0.110584 130.304 -1.46649 -3.16316 -1.46649 -3.16316 1.00001 0 0.330828 0 
2 1 0 27.8683 0.110584 130.304 -1.46695 -3.16567 -1.46695 -3.16567 1 0 0.330833 0 
2 1 0 27.8685 0.110584 130.304 -1.46786 -3.17059 -1.46786 -3.17059 1.00006 0 0.330809 0 
2 1 0 27.869 0.110584 130.304 -1.46874 -3.17548 -1.46874 -3.17548 1.00023 0 0.330744 0 
2 1 0 27.8698 0.110584 130.304 -1.46961 -3.18034 -1.46961 -3.18034 1.0005 0 0.330638 0 
2 1 0 27.8709 0.110584 130.304 -1.47045 -3.18514 -1.47045 -3.18514 1.00087 0 0.330496 0 
2 1 0 27.8722 0.110584 130.304 -1.47128 -3.18988 -1.47128 -3.18988 1.00132 0 0.33032 0 
2 1 0 27.8738 0.110584 130.304 -1.47208 -3.19455 -1.47208 -3.19455 1.00186 0 0.330113 0 
2 1 0 27.8757 0.110584 130.304 -1.47286 -3.19914 -1.47286 -3.19914 1.00246 0 0.329879 0 
2 1 0 27.8777 0.110584 130.304 -1.47361 -3.20365 -1.47361 -3.20365 1.00314 0 0.329619 0 
2 1 0 27.8799 0.110584 130.304 -1.47435 -3.20808 -1.47435 -3.20808 1.00387 0 0.329336 0 
2 1 0 27.8823 0.110584 130.304 -1.47506 -3.21242 -1.47506 -3.21242 1.00466 0 0.329033 0 
2 1 0 27.8848 0.110584 130.304 -1.47575 -3.21668 -1.47575 -3.21668 1.00549 0 0.328712 0 
2 1 0 27.8874 0.110584 130.304 -1.47643 -3.22086 -1.47643 -3.22086 1.00637 0 0.328374 0 
2 1 0 27.8902 0.110584 130.304 -1.47708 -3.22497 -1.47708 -3.22497 1.00729 0 0.328021 0 
2 1 0 27.8931 0.110584 130.304 -1.47772 -3.22899 -1.47772 -3.22899 1.00824 0 0.327656 0 
2 1 0 27.8961 0.110584 130.304 -1.47835 -3.23294 -1.47835 -3.23294 1.00923 0 0.327278 0 
2 1 0 27.8992 0.110584 130.304 -1.47895 -3.23682 -1.47895 -3.23682 1.01025 0 0.32689 0 
2 1 0 27.9024 0.110584 130.304 -1.47954 -3.24064 -1.47954 -3.24064 1.01129 0 0.326492 0 
2 1 0 27.9057 0.110584 130.304 -1.48012 -3.24438 -1.48012 -3.24438 1.01236 0 0.326086 0 
2 1 0 27.909 0.110584 130.304 -1.48068 -3.24806 -1.48068 -3.24806 1.01345 0 0.325672 0 
2 1 0 27.9124 0.110584 130.304 -1.48124 -3.25168 -1.48124 -3.25168 1.01456 0 0.325251 0 
2 1 0 27.9159 0.110584 130.304 -1.48178 -3.25525 -1.48178 -3.25525 1.0157 0 0.324824 0 
2 1 0 27.9194 0.110584 130.304 -1.4823 -3.25875 -1.4823 -3.25875 1.01684 0 0.324391 0 
2 1 0 27.923 0.110584 130.304 -1.48282 -3.2622 -1.48282 -3.2622 1.018 0 0.323954 0 
2 1 0 27.9266 0.110584 130.304 -1.48333 -3.2656 -1.48333 -3.2656 1.01918 0 0.323512 0 
2 1 0 27.9303 0.110584 130.304 -1.48382 -3.26895 -1.48382 -3.26895 1.02037 0 0.323066 0 
2 1 0 27.934 0.110584 130.304 -1.48431 -3.27225 -1.48431 -3.27225 1.02157 0 0.322616 0 
2 1 0 27.9378 0.110584 130.304 -1.48479 -3.2755 -1.48479 -3.2755 1.02279 0 0.322163 0 
2 1 0 27.9416 0.110584 130.304 -1.48526 -3.27871 -1.48526 -3.27871 1.02401 0 0.321708 0 
2 1 0 27.9454 0.110584 130.304 -1.48572 -3.28187 -1.48572 -3.28187 1.02524 0 0.32125 0 
2 1 0 27.9493 0.110584 130.304 -1.48617 -3.285 -1.48617 -3.285 1.02648 0 0.32079 0 
2 1 0 27.9532 0.110584 130.304 -1.48662 -3.28808 -1.48662 -3.28808 1.02773 0 0.320328 0 
2 1 0 27.9572 0.110584 130.304 -1.48706 -3.29112 -1.48706 -3.29112 1.02899 0 0.319864 0 
2 1 0 27.9611 0.110584 130.304 -1.48749 -3.29413 -1.48749 -3.29413 1.03025 0 0.319399 0 
2 1 0 27.9651 0.110584 130.304 -1.48791 -3.2971 -1.48791 -3.2971 1.03152 0 0.318932 0 
2 1 0 27.9692 0.110584 130.304 -1.48833 -3.30004 -1.48833 -3.30004 1.03279 0 0.318465 0 
2 1 0 27.9732 0.110584 130.304 -1.48874 -3.30294 -1.48874 -3.30294 1.03407 0 0.317997 0 
2 1 0 27.9773 0.110584 130.304 -1.48915 -3.3058 -1.48915 -3.3058 1.03535 0 0.317528 0 
2 1 0 27.9814 0.110584 130.304 -1.48955 -3.30864 -1.48955 -3.30864 1.03664 0 0.317059 0 
2 1 0 27.9855 0.110584 130.304 -1.48995 -3.31144 -1.48995 -3.31144 1.03793 0 0.31659 0 
2 1 0 27.9896 0.110584 130.304 -1.49034 -3.31422 -1.49034 -3.31422 1.03922 0 0.31612 0 
2 1 0 27.9938 0.110584 130.304 -1.49072 -3.31696 -1.49072 -3.31696 1.04052 0 0.31565 0 
2 1 0 27.998 0.110584 130.304 -1.4911 -3.31968 -1.4911 -3.31968 1.04182 0 0.31518 0 
2 1 0 28.0022 0.110584 130.304 -1.49148 -3.32237 -1.49148 -3.32237 1.04312 0 0.314711 0 
2 1 0 28.0064 0.110584 130.304 -1.49185 -3.32503 -1.49185 -3.32503 1.04443 0 0.314241 0 
2 1 0 28.0106 0.110584 130.304 -1.49222 -3.32767 -1.49222 -3.32767 1.04573 0 0.313772 0 
2 1 0 28.0149 0.110584 130.304 -1.49258 -3.33028 -1.49258 -3.33028 1.04704 0 0.313304 0 
2 1 0 28.0191 0.110584 130.304 -1.49294 -3.33287 -1.49294 -3.33287 1.04835 0 0.312835 0 
2 1 0 28.0234 0.110584 130.304 -1.49329 -3.33543 -1.49329 -3.33543 1.04966 0 0.312368 0 
2 1 0 28.0277 0.110584 130.304 -1.49365 -3.33797 -1.49365 -3.33797 1.05097 0 0.311901 0 
2 1 0 28.032 0.110584 130.304 -1.49399 -3.34048 -1.49399 -3.34048 1.05229 0 0.311435 0 
2 1 0 28.0363 0.110584 130.304 -1.49434 -3.34298 -1.49434 -3.34298 1.0536 0 0.31097 0 
2 1 0 28.0407 0.110584 130.304 -1.49468 -3.34545 -1.49468 -3.34545 1.05491 0 0.310505 0 
2 1 0 28.045 0.110584 130.304 -1.49501 -3.3479 -1.49501 -3.3479 1.05622 0 0.310042 0 
2 1 0 28.0494 0.110584 130.304 -1.49535 -3.35033 -1.49535 -3.35033 1.05754 0 0.309579 0 
2 1 0 28.0537 0.110584 130.304 -1.49568 -3.35274 -1.49568 -3.35274 1.05885 0 0.309118 0 
2 1 0 28.0581 0.110584 130.304 -1.496 -3.35513 -1.496 -3.35513 1.06016 0 0.308657 0 
2 1 0 28.0625 0.110584 130.304 -1.49633 -3.3575 -1.49633 -3.3575 1.06148 0 0.308198 0 
2 1 0 28.0669 0.110584 130.304 -1.49665 -3.35985 -1.49665 -3.35985 1.06279 0 0.307739 0 
2 1 0 28.0713 0.110584 130.304 -1.49696 -3.36218 -1.49696 -3.36218 1.0641 0 0.307282 0 
2 1 0 28.0758 0.110584 130.304 -1.49728 -3.3645 -1.49728 -3.3645 1.06541 0 0.306826 0 
2 1 0 28.0802 0.110584 130.304 -1.49759 -3.3668 -1.49759 -3.3668 1.06672 0 0.306372 0 
2 1 0 28.0846 0.110584 130.304 -1.4979 -3.36908 -1.4979 -3.36908 1.06803 0 0.305918 0 
2 1 0 28.0891 0.110584 130.304 -1.49821 -3.37134 -1.49821 -3.37134 1.06934 0 0.305466 0 
2 1 0 28.0935 0.110584 130.304 -1.49851 -3.37358 -1.49851 -3.37358 1.07064 0 0.305015 0 
2 1 0 28.098 0.110584 130.304 -1.49882 -3.37581 -1.49882 -3.37581 1.07195 0 0.304566 0 
2 1 0 28.1025 0.110584 130.304 -1.49912 -3.37803 -1.49912 -3.37803 1.07325 0 0.304118 0 
2 1 0 28.1069 0.110584 130.304 -1.49941 -3.38023 -1.49941 -3.38023 1.07455 0 0.303671 0 
2 1 0 28.1114 0.110584 130.304 -1.49971 -3.38241 -1.49971 -3.38241 1.07586 0 0.303226 0 
2 1 0 28.1159 0.110584 130.304 -1.5 -3.38458 -1.5 -3.38458 1.07715 0 0.302782 0 
2 1 0 28.1204 0.110584 130.304 -1.50029 -3.38673 -1.50029 -3.38673 1.07845 0 0.30234 0 
2 1 0 28.1249 0.110584 130.304 -1.50058 -3.38887 -1.50058 -3.38887 1.07975 0 0.301899 0 
2 1 0 28.1295 0.110584 130.304 -1.50087 -3.39099 -1.50087 -3.39099 1.08104 0 0.30146 0 
2 1 0 28.134 0.110584 130.304 -1.50115 -3.3931 -1.50115 -3.3931 1.08233 0 0.301022 0 
2 1 0 28.1385 0.110584 130.304 -1.50144 -3.3952 -1.50144 -3.3952 1.08362 0 0.300585 0 
2 1 0 28.1431 0.110584 130.304 -1.50172 -3.39728 -1.50172 -3.39728 1.08491 0 0.300151 0 
2 1 0 28.1476 0.110584 130.304 -1.502 -3.39935 -1.502 -3.39935 1.0862 0 0.299717 0 
2 1 0 28.1521 0.110584 130.304 -1.50227 -3.4014 -1.50227 -3.4014 1.08748 0 0.299286 0 
2 1 0 28.1567 0.110584 130.304 -1.50255 -3.40345 -1.50255 -3.40345 1.08876 0 0.298855 0 
2 1 0 28.1613 0.110584 130.304 -1.50282 -3.40548 -1.50282 -3.40548 1.09004 0 0.298427 0 
2 1 0 28.1658 0.110584 130.304 -1.50309 -3.4075 -1.50309 -3.4075 1.09132 0 0.298 0 
2 1 0 28.1704 0.110584 130.304 -1.50337 -3.4095 -1.50337 -3.4095 1.09259 0 0.297574 0 
2 1 0 28.175 0.110584 130.304 -1.50363 -3.4115 -1.50363 -3.4115 1.09386 0 0.297151 0 
2 1 0 28.1796 0.110584 130.304 -1.5039 -3.41348 -1.5039 -3.41348 1.09513 0 0.296728 0 
2 1 0 28.1841 0.110584 130.304 -1.50417 -3.41545 -1.50417 -3.41545 1.0964 0 0.296308 0 
2 1 0 28.1887 0.110584 130.304 -1.50443 -3.41741 -1.50443 -3.41741 1.09766 0 0.295889 0 
2 1 0 28.1933 0.110584 130.304 -1.50469 -3.41936 -1.50469 -3.41936 1.09892 0 0.295471 0 
2 1 0 28.1979 0.110584 130.304 -1.50495 -3.42129 -1.50495 -3.42129 1.10018 0 0.295056 0 
2 1 0 28.2025 0.110584 130.304 -1.50521 -3.42322 -1.50521 -3.42322 1.10144 0 0.294641 0 
2 1 0 28.2072 0.110584 130.304 -1.50547 -3.42514 -1.50547 -3.42514 1.10269 0 0.294229 0 
2 1 0 28.2118 0.110584 130.304 -1.50573 -3.42704 -1.50573 -3.42704 1.10394 0 0.293818 0 
2 1 0 28.2164 0.110584 130.304 -1.50598 -3.42894 -1.50598 -3.42894 1.10519 0 0.293409 0 
2 1 0 28.221 0.110584 130.304 -1.50624 -3.43082 -1.50624 -3.43082 1.10643 0 0.293001 0 
2 1 0 28.2256 0.110584 130.304 -1.50649 -3.43269 -1.50649 -3.43269 1.10767 0 0.292595 0 
2 1 0 28.2303 0.110584 130.304 -1.50674 -3.43456 -1.50674 -3.43456 1.10891 0 0.292191 0 
2 1 0 28.2349 0.110584 130.304 -1.50699 -3.43641 -1.50699 -3.43641 1.11015 0 0.291788 0 
2 1 0 28.2396 0.110584 130.304 -1.50724 -3.43826 -1.50724 -3.43826 1.11138 0 0.291387 0 
2 1 0 28.2442 0.110584 130.304 -1.50749 -3.44009 -1.50749 -3.44009 1.11261 0 0.290988 0 
2 1 0 28.2488 0.110584 130.304 -1.50773 -3.44192 -1.50773 -3.44192 1.11384 0 0.29059 0 
2 1 0 28.2535 0.110584 130.304 -1.50798 -3.44373 -1.50798 -3.44373 1.11506 0 0.290194 0 
2 1 0 28.2582 0.110584 130.304 -1.50822 -3.44554 -1.50822 -3.44554 1.11628 0 0.289799 0 
2 1 0 28.2628 0.110584 130.304 -1.50846 -3.44734 -1.50846 -3.44734 1.1175 0 0.289406 0 
2 1 0 28.2675 0.110584 130.304 -1.50871 -3.44913 -1.50871 -3.44913 1.11872 0 0.289015 0 
2 1 0 28.2721 0.110584 130.304 -1.50895 -3.45091 -1.50895 -3.45091 1.11993 0 0.288626 0 
2 1 0 28.2768 0.110584 130.304 -1.50919 -3.45268 -1.50919 -3.45268 1.12114 0 0.288238 0 
2 1 0 28.2815 0.110584 130.304 -1.50942 -3.45444 -1.50942 -3.45444 1.12234 0 0.287851 0 
2 1 0 28.2862 0.110584 130.304 -1.50966 -3.4562 -1.50966 -3.4562 1.12354 0 0.287467 0 
2 1 0 28.2908 0.110584 130.304 -1.5099 -3.45795 -1.5099 -3.45795 1.12474 0 0.287083 0 
2 1 0 28.2955 0.110584 130.304 -1.51013 -3.45968 -1.51013 -3.45968 1.12594 0 0.286702 0 
2 1 0 28.3002 0.110584 130.304 -1.51037 -3.46141 -1.51037 -3.46141 1.12713 0 0.286322 0 
2 1 0 28.3049 0.110584 130.304 -1.5106 -3.46314 -1.5106 -3.46314 1.12832 0 0.285944 0 
2 1 0 28.3096 0.110584 130.304 -1.51083 -3.46485 -1.51083 -3.46485 1.1295 0 0.285567 0 
2 1 0 28.3143 0.110584 130.304 -1.51107 -3.46656 -1.51107 -3.46656 1.13068 0 0.285192 0 
2 1 0 28.319 0.110584 130.304 -1.5113 -3.46826 -1.5113 -3.46826 1.13186 0 0.284819 0 
2 1 0 28.3237 0.110584 130.304 -1.51153 -3.46995 -1.51153 -3.46995 1.13304 0 0.284447 0 
2 1 0 28.3284 0.110584 130.304 -1.51176 -3.47163 -1.51176 -3.47163 1.13421 0 0.284077 0 
2 1 0 28.3331 0.110584 130.304 -1.51198 -3.47331 -1.51198 -3.47331 1.13538 0 0.283709 0 
2 1 0 28.3378 0.110584 130.304 -1.51221 -3.47498 -1.51221 -3.47498 1.13654 0 0.283342 0 
2 1 0 28.3425 0.110584 130.304 -1.51244 -3.47664 -1.51244 -3.47664 1.1377 0 0.282976 0 
2 1 0 28.3472 0.110584 130.304 -1.51266 -3.47829 -1.51266 -3.47829 1.13886 0 0.282613 0 
2 1 0 28.3519 0.110584 130.304 -1.51289 -3.47994 -1.51289 -3.47994 1.14001 0 0.28225 0 
2 1 0 28.3567 0.110584 130.304 -1.51311 -3.48158 -1.51311 -3.48158 1.14116 0 0.28189 0 
2 1 0 28.3614 0.110584 130.304 -1.51333 -3.48321 -1.51333 -3.48321 1.14231 0 0.281531 0 
2 1 0 28.3661 0.110584 130.304 -1.51356 -3.48484 -1.51356 -3.48484 1.14345 0 0.281173 0 
2 1 0 28.3708 0.110584 130.304 -1.51378 -3.48646 -1.51378 -3.48646 1.14459 0 0.280817 0 
2 1 0 28.3755 0.110584 130.304 -1.514 -3.48807 -1.514 -3.48807 1.14573 0 0.280463 0 
2 1 0 28.3803 0.110584 130.304 -1.51422 -3.48968 -1.51422 -3.48968 1.14686 0 0.28011 0 
2 1 0 28.385 0.110584 130.304 -1.51444 -3.49128 -1.51444 -3.49128 1.14799 0 0.279759 0 
2 1 0 28.3897 0.110584 130.304 -1.51466 -3.49287 -1.51466 -3.49287 1.14912 0 0.279409 0 
2 1 0 28.3945 0.110584 130.304 -1.51487 -3.49446 -1.51487 -3.49446 1.15024 0 0.279061 0 
2 1 0 28.3992 0.110584 130.304 -1.51509 -3.49604 -1.51509 -3.49604 1.15136 0 0.278715 0 
2 1 0 28.404 0.110584 130.304 -1.51531 -3.49761 -1.51531 -3.49761 1.15247 0 0.27837 0 
2 1 0 28.4087 0.110584 130.304 -1.51552 -3.49918 -1.51552 -3.49918 1.15359 0 0.278026 0 
2 1 0 28.4134 0.110584 130.304 -1.51574 -3.50074 -1.51574 -3.50074 1.15469 0 0.277684 0 
2 1 0 28.4182 0.110584 130.304 -1.51595 -3.5023 -1.51595 -3.5023 1.1558 0 0.277344 0 
2 1 0 28.4229 0.110584 130.304 -1.51617 -3.50384 -1.51617 -3.50384 1.1569 0 0.277005 0 
2 1 0 28.4277 0.110584 130.304 -1.51638 -3.50539 -1.51638 -3.50539 1.15799 0 0.276668 0 
2 1 0 28.4324 0.110584 130.304 -1.51659 -3.50693 -1.51659 -3.50693 1.15909 0 0.276332 0 
2 1 0 28.4372 0.110584 130.304 -1.5168 -3.50846 -1.5168 -3.50846 1.16018 0 0.275997 0 
2 1 0 28.442 0.110584 130.304 -1.51701 -3.50998 -1.51701 -3.50998 1.16126 0 0.275664 0 
2 1 0 28.4467 0.110584 130.304 -1.51722 -3.5115 -1.51722 -3.5115 1.16234 0 0.275333 0 
2 1 0 28.4515 0.110584 130.304 -1.51743 -3.51302 -1.51743 -3.51302 1.16342 0 0.275003 0 
2 1 0 28.4562 0.110584 130.304 -1.51764 -3.51453 -1.51764 -3.51453 1.16449 0 0.274675 0 
2 1 0 28.461 0.110584 130.304 -1.51785 -3.51603 -1.51785 -3.51603 1.16557 0 0.274348 0 
2 1 0 28.4658 0.110584 130.304 -1.51806 -3.51753 -1.51806 -3.51753 1.16663 0 0.274022 0 
2 1 0 28.4705 0.110584 130.304 -1.51827 -3.51902 -1.51827 -3.51902 1.16769 0 0.273698 0 
2 1 0 28.4753 0.110584 130.304 -1.51847 -3.52051 -1.51847 -3.52051 1.16875 0 0.273376 0 
2 1 0 28.4801 0.110584 130.304 -1.51868 -3.52199 -1.51868 -3.52199 1.16981 0 0.273055 0 
2 1 0 28.4848 0.110584 130.304 -1.51889 -3.52347 -1.51889 -3.52347 1.17086 0 0.272735 0 
2 1 0 28.4896 0.110584 130.304 -1.51909 -3.52494 -1.51909 -3.52494 1.17191 0 0.272417 0 
2 1 0 28.4944 0.110584 130.304 -1.5193 -3.52641 -1.5193 -3.52641 1.17295 0 0.2721 0 
2 1 0 28.4992 0.110584 130.304 -1.5195 -3.52787 -1.5195 -3.52787 1.17399 0 0.271785 0 
2 1 0 28.504 0.110584 130.304 -1.51971 -3.52932 -1.51971 -3.52932 1.17503 0 0.271471 0 
2 1 0 28.5087 0.110584 130.304 -1.51991 -3.53077 -1.51991 -3.53077 1.17606 0 0.271159 0 
2 1 0 28.5135 0.110584 130.304 -1.52011 -3.53222 -1.52011 -3.53222 1.17709 0 0.270848 0 
2 1 0 28.5183 0.110584 130.304 -1.52031 -3.53366 -1.52031 -3.53366 1.17812 0 0.270538 0 
2 1 0 28.5231 0.110584 130.304 -1.52052 -3.5351 -1.52052 -3.5351 1.17914 0 0.27023 0 
2 1 0 28.5279 0.110584 130.304 -1.52072 -3.53653 -1.52072 -3.53653 1.18015 0 0.269923 0 
2 1 0 28.5327 0.110584 130.304 -1.52092 -3.53795 -1.52092 -3.53795 1.18117 0 0.269618 0 
2 1 0 28.5375 0.110584 130.304 -1.52112 -3.53937 -1.52112 -3.53937 1.18218 0 0.269314 0 
2 1 0 28.5422 0.110584 130.304 -1.52132 -3.54079 -1.52132 -3.54079 1.18318 0 0.269011 0 
2 1 0 28.547 0.110584 130.304 -1.52152 -3.5422 -1.52152 -3.5422 1.18418 0 0.26871 0 
2 1 0 28.5518 0.110584 130.304 -1.52172 -3.54361 -1.52172 -3.54361 1.18518 0 0.26841 0 
2 1 0 28.5566 0.110584 130.304 -1.52192 -3.54501 -1.52192 -3.54501 1.18618 0 0.268112 0 
2 1 0 28.5614 0.110584 130.304 -1.52211 -3.54641 -1.52211 -3.54641 1.18717 0 0.267815 0 
2 1 0 28.5662 0.110584 130.304 -1.52231 -3.54781 -1.52231 -3.54781 1.18815 0 0.267519 0 
2 1 0 28.571 0.110584 130.304 -1.52251 -3.54919 -1.52251 -3.54919 1.18913 0 0.267225 0 
2 1 0 28.5758 0.110584 130.304 -1.52271 -3.55058 -1.52271 -3.55058 1.19011 0 0.266932 0 
2 1 0 28.5806 0.110584 130.304 -1.5229 -3.55196 -1.5229 -3.55196 1.19109 0 0.26664 0 
2 1 0 28.5854 0.110584 130.304 -1.5231 -3.55334 -1.5231 -3.55334 1.19206 0 0.26635 0 
2 1 0 28.5902 0.110584 130.304 -1.5233 -3.55471 -1.5233 -3.55471 1.19303 0 0.266061 0 
2 1 0 28.595 0.110584 130.304 -1.52349 -3.55607 -1.52349 -3.55607 1.19399 0 0.265773 0 
2 1 0 28.5998 0.110584 130.304 -1.52369 -3.55744 -1.52369 -3.55744 1.19495 0 0.265487 0 
2 1 0 28.6046 0.110584 130.304 -1.52388 -3.5588 -1.52388 -3.5588 1.1959 0 0.265202 0 
2 1 0 28.6095 0.110584 130.304 -1.52407 -3.56015 -1.52407 -3.56015 1.19685 0 0.264918 0 
2 1 0 28.6143 0.110584 130.304 -1.52427 -3.5615 -1.52427 -3.5615 1.1978 0 0.264636 0 
2 1 0 28.6191 0.110584 130.304 -1.52446 -3.56285 -1.52446 -3.56285 1.19874 0 0.264355 0 
2 1 0 28.6239 0.110584 130.304 -1.52465 -3.56419 -1.52465 -3.56419 1.19968 0 0.264075 0 
2 1 0 28.6287 0.110584 130.304 -1.52485 -3.56553 -1.52485 -3.56553 1.20062 0 0.263797 0 
2 1 0 28.6335 0.110584 130.304 -1.52504 -3.56686 -1.52504 -3.56686 1.20155 0 0.26352 0 
2 1 0 28.6383 0.110584 130.304 -1.52523 -3.56819 -1.52523 -3.56819 1.20248 0 0.263244 0 
2 1 0 28.6432 0.110584 130.304 -1.52542 -3.56952 -1.52542 -3.56952 1.2034 0 0.26297 0 
2 1 0 28.648 0.110584 130.304 -1.52561 -3.57084 -1.52561 -3.57084 1.20432 0 0.262696 0 
2 1 0 28.6528 0.110584 130.304 -1.5258 -3.57216 -1.5258 -3.57216 1.20523 0 0.262424 0 
2 1 0 28.6576 0.110584 130.304 -1.526 -3.57347 -1.526 -3.57347 1.20615 0 0.262154 0 
2 1 0 28.6624 0.110584 130.304 -1.52619 -3.57478 -1.52619 -3.57478 1.20705 0 0.261884 0 
2 1 0 28.6673 0.110584 130.304 -1.52638 -3.57609 -1.52638 -3.57609 1.20796 0 0.261616 0 
2 1 0 28.6721 0.110584 130.304 -1.52656 -3.57739 -1.52656 -3.57739 1.20886 0 0.261349 0 
2 1 0 28.6769 0.110584 130.304 -1.52675 -3.57869 -1.52675 -3.57869 1.20975 0 0.261084 0 
2 1 0 28.6817 0.110584 130.304 -1.52694 -3.57999 -1.52694 -3.57999 1.21064 0 0.260819 0 
2 1 0 28.6866 0.110584 130.304 -1.52713 -3.58128 -1.52713 -3.58128 1.21153 0 0.260556 0 
2 1 0 28.6914 0.110584 130.304 -1.52732 -3.58257 -1.52732 -3.58257 1.21241 0 0.260294 0 
2 1 0 28.6962 0.110584 130.304 -1.52751 -3.58385 -1.52751 -3.58385 1.21329 0 0.260034 0 
2 1 0 28.701 0.110584 130.304 -1.5277 -3.58513 -1.5277 -3.58513 1.21417 0 0.259774 0 
2 1 0 28.7059 0.110584 130.304 -1.52788 -3.58641 -1.52788 -3.58641 1.21504 0 0.259516 0 
2 1 0 28.7107 0.110584 130.304 -1.52807 -3.58768 -1.52807 -3.58768 1.21591 0 0.259259 0 
2 1 0 28.7155 0.110584 130.304 -1.52826 -3.58895 -1.52826 -3.58895 1.21677 0 0.259004 0 
2 1 0 28.7204 0.110584 130.304 -1.52844 -3.59022 -1.52844 -3.59022 1.21763 0 0.258749 0 
2 1 0 28.7252 0.110584 130.304 -1.52863 -3.59148 -1.52863 -3.59148 1.21849 0 0.258496 0 
2 1 0 28.73 0.110584 130.304 -1.52882 -3.59274 -1.52882 -3.59274 1.21934 0 0.258244 0 
2 1 0 28.7349 0.110584 130.304 -1.529 -3.594 -1.529 -3.594 1.22019 0 0.257993 0 
2 1 0 28.7397 0.110584 130.304 -1.52919 -3.59525 -1.52919 -3.59525 1.22103 0 0.257743 0 
2 1 0 28.7445 0.110584 130.304 -1.52937 -3.5965 -1.52937 -3.5965 1.22187 0 0.257495 0 
2 1 0 28.7494 0.110584 130.304 -1.52956 -3.59775 -1.52956 -3.59775 1.2227 0 0.257247 0 
2 1 0 28.7542 0.110584 130.304 -1.52974 -3.59899 -1.52974 -3.59899 1.22354 0 0.257001 0 
2 1 0 28.7591 0.110584 130.304 -1.52993 -3.60023 -1.52993 -3.60023 1.22436 0 0.256756 0 
2 1 0 28.7639 0.110584 130.304 -1.53011 -3.60147 -1.53011 -3.60147 1.22519 0 0.256513 0 
2 1 0 28.7687 0.110584 130.304 -1.53029 -3.6027 -1.53029 -3.6027 1.226 0 0.25627 0 
2 1 0 28.7736 0.110584 130.304 -1.53048 -3.60393 -1.53048 -3.60393 1.22682 0 0.256029 0 
2 1 0 28.7784 0.110584 130.304 -1.53066 -3.60515 -1.53066 -3.60515 1.22763 0 0.255788 0 
2 1 0 28.7833 0.110584 130.304 -1.53084 -3.60638 -1.53084 -3.60638 1.22844 0 0.255549 0 
2 1 0 28.7881 0.110584 130.304 -1.53103 -3.6076 -1.53103 -3.6076 1.22924 0 0.255311 0 
2 1 0 28.793 0.110584 130.304 -1.53121 -3.60881 -1.53121 -3.60881 1.23004 0 0.255075 0 
2 1 0 28.7978 0.110584 130.304 -1.53139 -3.61003 -1.53139 -3.61003 1.23083 0 0.254839 0 
2 1 0 28.8027 0.110584 130.304 -1.53157 -3.61124 -1.53157 -3.61124 1.23162 0 0.254604 0 
2 1 0 28.8075 0.110584 130.304 -1.53175 -3.61245 -1.53175 -3.61245 1.23241 0 0.254371 0 
2 1 0 28.8124 0.110584 130.304 -1.53194 -3.61365 -1.53194 -3.61365 1.23319 0 0.254139 0 
2 1 0 28.8172 0.110584 130.304 -1.53212 -3.61485 -1.53212 -3.61485 1.23397 0 0.253908 0 
2 1 0 28.8221 0.110584 130.304 -1.5323 -3.61605 -1.5323 -3.61605 1.23475 0 0.253678 0 
2 1 0 28.8269 0.110584 130.304 -1.53248 -3.61724 -1.53248 -3.61724 1.23552 0 0.253449 0 
2 1 0 28.8318 0.110584 130.304 -1.53266 -3.61844 -1.53266 -3.61844 1.23628 0 0.253221 0 
2 1 0 28.8366 0.110584 130.304 -1.53284 -3.61962 -1.53284 -3.61962 1.23704 0 0.252995 0 
2 1 0 28.8415 0.110584 130.304 -1.53302 -3.62081 -1.53302 -3.62081 1.2378 0 0.252769 0 
2 1 0 28.8463 0.110584 130.304 -1.5332 -3.62199 -1.5332 -3.62199 1.23856 0 0.252545 0 
2 1 0 28.8512 0.110584 130.304 -1.53338 -3.62317 -1.53338 -3.62317 1.23931 0 0.252322 0 
2 1 0 28.856 0.110584 130.304 -1.53356 -3.62435 -1.53356 -3.62435 1.24005 0 0.2521 0 
2 1 0 28.8609 0.110584 130.304 -1.53374 -3.62553 -1.53374 -3.62553 1.24079 0 0.251879 0 
2 1 0 28.8658 0.110584 130.304 -1.53392 -3.6267 -1.53392 -3.6267 1.24153 0 0.251659 0 
2 1 0 28.8706 0.110584 130.304 -1.5341 -3.62787 -1.5341 -3.62787 1.24226 0 0.25144 0 
2 1 0 28.8755 0.110584 130.304 -1.53428 -3.62903 -1.53428 -3.62903 1.24299 0 0.251222 0 
2 1 0 28.8803 0.110584 130.304 -1.53446 -3.6302 -1.53446 -3.6302 1.24372 0 0.251006 0 
2 1 0 28.8852 0.110584 130.304 -1.53464 -3.63136 -1.53464 -3.63136 1.24444 0 0.25079 0 
2 1 0 28.8901 0.110584 130.304 -1.53481 -3.63251 -1.53481 -3.63251 1.24516 0 0.250576 0 
2 1 0 28.8949 0.110584 130.304 -1.53499 -3.63367 -1.53499 -3.63367 1.24587 0 0.250362 0 
2 1 0 28.8998 0.110584 130.304 -1.53517 -3.63482 -1.53517 -3.63482 1.24658 0 0.25015 0 
2 1 0 28.9046 0.110584 130.304 -1.53535 -3.63597 -1.53535 -3.63597 1.24728 0 0.249939 0 
2 1 0 28.9095 0.110584 130.304 -1.53553 -3.63712 -1.53553 -3.63712 1.24798 0 0.249728 0 
2 1 0 28.9144 0.110584 130.304 -1.5357 -3.63826 -1.5357 -3.63826 1.24868 0 0.249519 0 
2 1 0 28.9192 0.110584 130.304 -1.53588 -3.6394 -1.53588 -3.6394 1.24937 0 0.249311 0 
2 1 0 28.9241 0.110584 130.304 -1.53606 -3.64054 -1.53606 -3.64054 1.25006 0 0.249104 0 
2 1 0 28.929 0.110584 130.304 -1.53623 -3.64168 -1.53623 -3.64168 1.25074 0 0.248898 0 
2 1 0 28.9338 0.110584 130.304 -1.53641 -3.64281 -1.53641 -3.64281 1.25142 0 0.248693 0 
2 1 0 28.9387 0.110584 130.304 -1.53659 -3.64394 -1.53659 -3.64394 1.2521 0 0.248489 0 
2 1 0 28.9436 0.110584 130.304 -1.53676 -3.64507 -1.53676 -3.64507 1.25277 0 0.248287 0 
2 1 0 28.9484 0.110584 130.304 -1.53694 -3.64619 -1.53694 -3.64619 1.25343 0 0.248085 0 
2 1 0 28.9533 0.110584 130.304 -1.53712 -3.64732 -1.53712 -3.64732 1.2541 0 0.247884 0 
2 1 0 28.9582 0.110584 130.304 -1.53729 -3.64844 -1.53729 -3.64844 1.25475 0 0.247685 0 
2 1 0 28.963 0.110584 130.304 -1.53747 -3.64955 -1.53747 -3.64955 1.25541 0 0.247486 0 
2 1 0 28.9679 0.110584 130.304 -1.53765 -3.65067 -1.53765 -3.65067 1.25606 0 0.247288 0 
2 1 0 28.9728 0.110584 130.304 -1.53782 -3.65178 -1.53782 -3.65178 1.2567 0 0.247092 0 
2 1 0 28.9777 0.110584 130.304 -1.538 -3.65289 -1.538 -3.65289 1.25735 0 0.246896 0 
2 1 0 28.9825 0.110584 130.304 -1.53817 -3.654 -1.53817 -3.654 1.25798 0 0.246702 0 
2 1 0 28.9874 0.110584 130.304 -1.53835 -3.6551 -1.53835 -3.6551 1.25862 0 0.246508 0 
2 1 0 28.9923 0.110584 130.304 -1.53852 -3.65621 -1.53852 -3.65621 1.25925 0 0.246316 0 
2 1 0 28.9972 0.110584 130.304 -1.5387 -3.65731 -1.5387 -3.65731 1.25987 0 0.246124 0 
2 1 0 29.002 0.110584 130.304 -1.53887 -3.6584 -1.53887 -3.6584 1.26049 0 0.245934 0 
2 1 0 29.0069 0.110584 130.304 -1.53905 -3.6595 -1.53905 -3.6595 1.26111 0 0.245744 0 
2 1 0 29.0118 0.110584 130.304 -1.53922 -3.66059 -1.53922 -3.66059 1.26172 0 0.245556 0 
2 1 0 29.0167 0.110584 130.304 -1.53939 -3.66168 -1.53939 -3.66168 1.26233 0 0.245368 0 
2 1 0 29.0215 0.110584 130.304 -1.53957 -3.66277 -1.53957 -3.66277 1.26293 0 0.245182 0 
2 1 0 29.0264 0.110584 130.304 -1.53974 -3.66386 -1.53974 -3.66386 1.26353 0 0.244996 0 
2 1 0 29.0313 0.110584 130.304 -1.53992 -3.66494 -1.53992 -3.66494 1.26413 0 0.244812 0 
2 1 0 29.0362 0.110584 130.304 -1.54009 -3.66602 -1.54009 -3.66602 1.26472 0 0.244628 0 
2 1 0 29.041 0.110584 130.304 -1.54026 -3.6671 -1.54026 -3.6671 1.2653 0 0.244446 0 
2 1 0 29.0459 0.110584 130.304 -1.54044 -3.66818 -1.54044 -3.66818 1.26589 0 0.244265 0 
2 1 0 29.0508 0.110584 130.304 -1.54061 -3.66925 -1.54061 -3.66925 1.26647 0 0.244084 0 
2 1 0 29.0557 0.110584 130.304 -1.54078 -3.67032 -1.54078 -3.67032 1.26704 0 0.243904 0 
2 1 0 29.0606 0.110584 130.304 -1.54096 -3.67139 -1.54096 -3.67139 1.26761 0 0.243726 0 
2 1 0 29.0655 0.110584 130.304 -1.54113 -3.67246 -1.54113 -3.67246 1.26818 0 0.243548 0 
2 1 0 29.0703 0.110584 130.304 -1.5413 -3.67352 -1.5413 -3.67352 1.26874 0 0.243372 0 
2 1 0 29.0752 0.110584 130.304 -1.54148 -3.67459 -1.54148 -3.67459 1.26929 0 0.243196 0 
2 1 0 29.0801 0.110584 130.304 -1.54165 -3.67565 -1.54165 -3.67565 1.26985 0 0.243022 0 
2 1 0 29.085 0.110584 130.304 -1.54182 -3.67671 -1.54182 -3.67671 1.27039 0 0.242848 0 
2 1 0 29.0899 0.110584 130.304 -1.542 -3.67776 -1.542 -3.67776 1.27094 0 0.242675 0 
2 1 0 29.0948 0.110584 130.304 -1.54217 -3.67882 -1.54217 -3.67882 1.27148 0 0.242504 0 
2 1 0 29.0996 0.110584 130.304 -1.54234 -3.67987 -1.54234 -3.67987 1.27201 0 0.242333 0 
2 1 0 29.1045 0.110584 130.304 -1.54251 -3.68092 -1.54251 -3.68092 1.27254 0 0.242163 0 
2 1 0 29.1094 0.110584 130.304 -1.54268 -3.68196 -1.54268 -3.68196 1.27307 0 0.241994 0 
2 1 0 29.1143 0.110584 130.304 -1.54286 -3.68301 -1.54286 -3.68301 1.27359 0 0.241826 0 
2 1 0 29.1192 0.110584 130.304 -1.54303 -3.68405 -1.54303 -3.68405 1.27411 0 0.24166 0 
2 1 0 29.1241 0.110584 130.304 -1.5432 -3.68509 -1.5432 -3.68509 1.27463 0 0.241494 0 
2 1 0 29.129 0.110584 130.304 -1.54337 -3.68613 -1.54337 -3.68613 1.27513 0 0.241329 0 
2 1 0 29.1338 0.110584 130.304 -1.54354 -3.68717 -1.54354 -3.68717 1.27564 0 0.241165 0 
2 1 0 29.1387 0.110584 130.304 -1.54372 -3.6882 -1.54372 -3.6882 1.27614 0 0.241001 0 
2 1 0 29.1436 0.110584 130.304 -1.54389 -3.68924 -1.54389 -3.68924 1.27664 0 0.240839 0 
2 1 0 29.1485 0.110584 130.304 -1.54406 -3.69027 -1.54406 -3.69027 1.27713 0 0.240678 0 
2 1 0 29.1534 0.110584 130.304 -1.54423 -3.69129 -1.54423 -3.69129 1.27762 0 0.240518 0 
2 1 0 29.1583 0.110584 130.304 -1.5444 -3.69232 -1.5444 -3.69232 1.2781 0 0.240359 0 
2 1 0 29.1632 0.110584 130.304 -1.54457 -3.69334 -1.54457 -3.69334 1.27858 0 0.2402 0 
2 1 0 29.1681 0.110584 130.304 -1.54474 -3.69437 -1.54474 -3.69437 1.27905 0 0.240043 0 
2 1 0 29.173 0.110584 130.304 -1.54492 -3.69539 -1.54492 -3.69539 1.27952 0 0.239886 0 
2 1 0 29.1779 0.110584 130.304 -1.54509 -3.6964 -1.54509 -3.6964 1.27999 0 0.239731 0 
2 1 0 29.1828 0.110584 130.304 -1.54526 -3.69742 -1.54526 -3.69742 1.28045 0 0.239576 0 
2 1 0 29.1876 0.110584 130.304 -1.54543 -3.69843 -1.54543 -3.69843 1.28091 0 0.239422 0 
2 1 0 29.1925 0.110584 130.304 -1.5456 -3.69945 -1.5456 -3.69945 1.28136 0 0.23927 0 
2 1 0 29.1974 0.110584 130.304 -1.54577 -3.70046 -1.54577 -3.70046 1.28181 0 0.239118 0 
2 1 0 29.2023 0.110584 130.304 -1.54594 -3.70146 -1.54594 -3.70146 1.28225 0 0.238967 0 
2 1 0 29.2072 0.110584 130.304 -1.54611 -3.70247 -1.54611 -3.70247 1.28269 0 0.238817 0 
2 1 0 29.2121 0.110584 130.304 -1.54628 -3.70347 -1.54628 -3.70347 1.28313 0 0.238668 0 
2 1 0 29.217 0.110584 130.304 -1.54645 -3.70448 -1.54645 -3.70448 1.28356 0 0.23852 0 
2 1 0 29.2219 0.110584 130.304 -1.54662 -3.70548 -1.54662 -3.70548 1.28398 0 0.238373 0 
2 1 0 29.2268 0.110584 130.304 -1.54679 -3.70647 -1.54679 -3.70647 1.2844 0 0.238226 0 
2 1 0 29.2317 0.110584 130.304 -1.54696 -3.70747 -1.54696 -3.70747 1.28482 0 0.238081 0 
2 1 0 29.2366 0.110584 130.304 -1.54713 -3.70846 -1.54713 -3.70846 1.28523 0 0.237937 0 
2 1 0 29.2415 0.110584 130.304 -1.5473 -3.70946 -1.5473 -3.70946 1.28564 0 0.237793 0 
2 1 0 29.2464 0.110584 130.304 -1.54747 -3.71045 -1.54747 -3.71045 1.28604 0 0.237651 0 
2 1 0 29.2513 0.110584 130.304 -1.54764 -3.71144 -1.54764 -3.71144 1.28644 0 0.237509 0 
2 1 0 29.2562 0.110584 130.304 -1.54781 -3.71242 -1.54781 -3.71242 1.28684 0 0.237368 0 
2 1 0 29.2611 0.110584 130.304 -1.54798 -3.71341 -1.54798 -3.71341 1.28723 0 0.237228 0 
2 1 0 29.266 0.110584 130.304 -1.54815 -3.71439 -1.54815 -3.71439 1.28761 0 0.237089 0 
2 1 0 29.2709 0.110584 130.304 -1.54832 -3.71537 -1.54832 -3.71537 1.28799 0 0.236951 0 
2 1 0 29.2758 0.110584 130.304 -1.54849 -3.71635 -1.54849 -3.71635 1.28837 0 0.236814 0 
2 1 0 29.2807 0.110584 130.304 -1.54866 -3.71733 -1.54866 -3.71733 1.28874 0 0.236678 0 
2 1 0 29.2856 0.110584 130.304 -1.54883 -3.7183 -1.54883 -3.7183 1.28911 0 0.236543 0 
2 1 0 29.2905 0.110584 130.304 -1.549 -3.71928 -1.549 -3.71928 1.28947 0 0.236408 0 
2 1 0 29.2954 0.110584 130.304 -1.54917 -3.72025 -1.54917 -3.72025 1.28983 0 0.236275 0 
2 1 0 29.3003 0.110584 130.304 -1.54934 -3.72122 -1.54934 -3.72122 1.29019 0 0.236142 0 
2 1 0 29.3052 0.110584 130.304 -1.54951 -3.72219 -1.54951 -3.72219 1.29053 0 0.236011 0 
2 1 0 29.3101 0.110584 130.304 -1.54968 -3.72315 -1.54968 -3.72315 1.29088 0 0.23588 0 
2 1 0 29.315 0.110584 130.304 -1.54985 -3.72412 -1.54985 -3.72412 1.29122 0 0.23575 0 
2 1 0 29.3199 0.110584 130.304 -1.55002 -3.72508 -1.55002 -3.72508 1.29155 0 0.235621 0 
2 1 0 29.3248 0.110584 130.304 -1.55019 -3.72604 -1.55019 -3.72604 1.29188 0 0.235493 0 
2 1 0 29.3297 0.110584 130.304 -1.55036 -3.727 -1.55036 -3.727 1.29221 0 0.235366 0 
2 1 0 29.3346 0.110584 130.304 -1.55053 -3.72796 -1.55053 -3.72796 1.29253 0 0.23524 0 
2 1 0 29.3395 0.110584 130.304 -1.5507 -3.72891 -1.5507 -3.72891 1.29285 0 0.235114 0 
2 1 0 29.3444 0.110584 130.304 -1.55087 -3.72987 -1.55087 -3.72987 1.29316 0 0.23499 0 
2 1 0 29.3493 0.110584 130.304 -1.55104 -3.73082 -1.55104 -3.73082 1.29347 0 0.234866 0 
2 1 0 29.3542 0.110584 130.304 -1.55121 -3.73177 -1.55121 -3.73177 1.29377 0 0.234744 0 
2 1 0 29.3592 0.110584 130.304 -1.55138 -3.73272 -1.55138 -3.73272 1.29407 0 0.234622 0 
2 1 0 29.3641 0.110584 130.304 -1.55155 -3.73366 -1.55155 -3.73366 1.29436 0 0.234501 0 
2 1 0 29.369 0.110584 130.304 -1.55172 -3.73461 -1.55172 -3.73461 1.29465 0 0.234381 0 
2 1 0 29.3739 0.110584 130.304 -1.55189 -3.73555 -1.55189 -3.73555 1.29494 0 0.234262 0 
2 1 0 29.3788 0.110584 130.304 -1.55205 -3.7365 -1.55205 -3.7365 1.29521 0 0.234144 0 
2 1 0 29.3837 0.110584 130.304 -1.55222 -3.73744 -1.55222 -3.73744 1.29549 0 0.234027 0 
2 1 0 29.3886 0.110584 130.304 -1.55239 -3.73837 -1.55239 -3.73837 1.29576 0 0.233911 0 
2 1 0 29.3935 0.110584 130.304 -1.55256 -3.73931 -1.55256 -3.73931 1.29602 0 0.233795 0 
2 1 0 29.3984 0.110584 130.304 -1.55273 -3.74025 -1.55273 -3.74025 1.29628 0 0.233681 0 
2 1 0 29.4033 0.110584 130.304 -1.5529 -3.74118 -1.5529 -3.74118 1.29654 0 0.233567 0 
2 1 0 29.4082 0.110584 130.304 -1.55307 -3.74211 -1.55307 -3.74211 1.29679 0 0.233454 0 
2 1 0 29.4131 0.110584 130.304 -1.55324 -3.74304 -1.55324 -3.74304 1.29704 0 0.233343 0 
2 1 0 29.4181 0.110584 130.304 -1.55341 -3.74397 -1.55341 -3.74397 1.29728 0 0.233232 0 
2 1 0 29.423 0.110584 130.304 -1.55358 -3.74489 -1.55358 -3.74489 1.29751 0 0.233122 0 
2 1 0 29.4279 0.110584 130.304 -1.55375 -3.74582 -1.55375 -3.74582 1.29775 0 0.233013 0 
2 1 0 29.4328 0.110584 130.304 -1.55392 -3.74674 -1.55392 -3.74674 1.29797 0 0.232904 0 
2 1 0 29.4377 0.110584 130.304 -1.55409 -3.74766 -1.55409 -3.74766 1.29819 0 0.232797 0 
2 1 0 29.4426 0.110584 130.304 -1.55425 -3.74858 -1.55425 -3.74858 1.29841 0 0.232691 0 
2 1 0 29.4475 0.110584 130.304 -1.55442 -3.7495 -1.55442 -3.7495 1.29862 0 0.232585 0 
2 1 0 29.4524 0.110584 130.304 -1.55459 -3.75042 -1.55459 -3.75042 1.29883 0 0.232481 0 
2 1 0 29.4573 0.110584 130.304 -1.55476 -3.75133 -1.55476 -3.75133 1.29903 0 0.232377 0 
2 1 0 29.4623 0.110584 130.304 -1.55493 -3.75225 -1.55493 -3.75225 1.29923 0 0.232274 0 
2 1 0 29.4672 0.110584 130.304 -1.5551 -3.75316 -1.5551 -3.75316 1.29942 0 0.232172 0 
2 1 0 29.4721 0.110584 130.304 -1.55527 -3.75407 -1.55527 -3.75407 1.29961 0 0.232071 0 
2 1 0 29.477 0.110584 130.304 -1.55544 -3.75498 -1.55544 -3.75498 1.29979 0 0.231971 0 
2 1 0 29.4819 0.110584 130.304 -1.55561 -3.75589 -1.55561 -3.75589 1.29997 0 0.231872 0 
2 1 0 29.4868 0.110584 130.304 -1.55578 -3.75679 -1.55578 -3.75679 1.30014 0 0.231774 0 
2 1 0 29.4917 0.110584 130.304 -1.55595 -3.7577 -1.55595 -3.7577 1.30031 0 0.231676 0 
2 1 0 29.4967 0.110584 130.304 -1.55612 -3.7586 -1.55612 -3.7586 1.30047 0 0.23158 0 
2 1 0 29.5016 0.110584 130.304 -1.55629 -3.7595 -1.55629 -3.7595 1.30063 0 0.231484 0 
2 1 0 29.5065 0.110584 130.304 -1.55646 -3.7604 -1.55646 -3.7604 1.30078 0 0.23139 0 
2 1 0 29.5114 0.110584 130.304 -1.55663 -3.7613 -1.55663 -3.7613 1.30093 0 0.231296 0 
2 1 0 29.5163 0.110584 130.304 -1.5568 -3.76219 -1.5568 -3.76219 1.30107 0 0.231203 0 
2 1 0 29.5212 0.110584 130.304 -1.55696 -3.76309 -1.55696 -3.76309 1.30121 0 0.231111 0 
2 1 0 29.5262 0.110584 130.304 -1.55713 -3.76398 -1.55713 -3.76398 1.30134 0 0.23102 0 
2 1 0 29.5311 0.110584 130.304 -1.5573 -3.76487 -1.5573 -3.76487 1.30147 0 0.23093 0 
2 1 0 29.536 0.110584 130.304 -1.55747 -3.76576 -1.55747 -3.76576 1.30159 0 0.230841 0 
2 1 0 29.5409 0.110584 130.304 -1.55764 -3.76665 -1.55764 -3.76665 1.30171 0 0.230753 0 
2 1 0 29.5458 0.110584 130.304 -1.55781 -3.76754 -1.55781 -3.76754 1.30182 0 0.230665 0 
2 1 0 29.5507 0.110584 130.304 -1.55798 -3.76842 -1.55798 -3.76842 1.30193 0 0.230579 0 
2 1 0 29.5557 0.110584 130.304 -1.55815 -3.76931 -1.55815 -3.76931 1.30203 0 0.230494 0 
2 1 0 29.5606 0.110584 130.304 -1.55832 -3.77019 -1.55832 -3.77019 1.30212 0 0.230409 0 
2 1 0 29.5655 0.110584 130.304 -1.55849 -3.77107 -1.55849 -3.77107 1.30222 0 0.230325 0 
2 1 0 29.5704 0.110584 130.304 -1.55866 -3.77195 -1.55866 -3.77195 1.3023 0 0.230243 0 
2 1 0 29.5753 0.110584 130.304 -1.55883 -3.77283 -1.55883 -3.77283 1.30238 0 0.230161 0 
2 1 0 29.5803 0.110584 130.304 -1.559 -3.7737 -1.559 -3.7737 1.30246 0 0.23008 0 
2 1 0 29.5852 0.110584 130.304 -1.55917 -3.77458 -1.55917 -3.77458 1.30253 0 0.23 0 
2 1 0 29.5901 0.110584 130.304 -1.55934 -3.77545 -1.55934 -3.77545 1.30259 0 0.229921 0 
2 1 0 29.595 0.110584 130.304 -1.55951 -3.77632 -1.55951 -3.77632 1.30265 0 0.229843 0 
2 1 0 29.5999 0.110584 130.304 -1.55968 -3.77719 -1.55968 -3.77719 1.30271 0 0.229766 0 
2 1 0 29.6049 0.110584 130.304 -1.55985 -3.77806 -1.55985 -3.77806 1.30275 0 0.22969 0 
2 1 0 29.6098 0.110584 130.304 -1.56002 -3.77893 -1.56002 -3.77893 1.3028 0 0.229615 0 
2 1 0 29.6147 0.110584 130.304 -1.56019 -3.77979 -1.56019 -3.77979 1.30284 0 0.229541 0 
2 1 0 29.6196 0.110584 130.304 -1.56036 -3.78066 -1.56036 -3.78066 1.30287 0 0.229467 0 
2 1 0 29.6245 0.110584 130.304 -1.56053 -3.78152 -1.56053 -3.78152 1.30289 0 0.229395 0 
2 1 0 29.6295 0.110584 130.304 -1.5607 -3.78238 -1.5607 -3.78238 1.30292 0 0.229323 0 
2 1 0 29.6344 0.110584 130.304 -1.56087 -3.78324 -1.56087 -3.78324 1.30293 0 0.229253 0 
2 1 0 29.6393 0.110584 130.304 -1.56105 -3.7841 -1.56105 -3.7841 1.30294 0 0.229184 0 
2 1 0 29.6442 0.110584 130.304 -1.56122 -3.78496 -1.56122 -3.78496 1.30295 0 0.229115 0 
2 1 0 29.6492 0.110584 130.304 -1.56139 -3.78581 -1.56139 -3.78581 1.30295 0 0.229047 0 
2 1 0 29.6541 0.110584 130.304 -1.56156 -3.78667 -1.56156 -3.78667 1.30294 0 0.228981 0 
2 1 0 29.659 0.110584 130.304 -1.56173 -3.78752 -1.56173 -3.78752 1.30293 0 0.228915 0 
2 1 0 29.6639 0.110584 130.304 -1.5619 -3.78837 -1.5619 -3.78837 1.30291 0 0.22885 0 
2 1 0 29.6689 0.110584 130.304 -1.56207 -3.78922 -1.56207 -3.78922 1.30289 0 0.228787 0 
2 1 0 29.6738 0.110584 130.304 -1.56224 -3.79007 -1.56224 -3.79007 1.30286 0 0.228724 0 
2 1 0 29.6787 0.110584 130.304 -1.56241 -3.79092 -1.56241 -3.79092 1.30283 0 0.228662 0 
2 1 0 29.6836 0.110584 130.304 -1.56258 -3.79176 -1.56258 -3.79176 1.30279 0 0.228601 0 
2 1 0 29.6886 0.110584 130.304 -1.56276 -3.79261 -1.56276 -3.79261 1.30274 0 0.228542 0 
2 1 0 29.6935 0.110584 130.304 -1.56293 -3.79345 -1.56293 -3.79345 1.30269 0 0.228483 0 
2 1 0 29.6984 0.110584 130.304 -1.5631 -3.79429 -1.5631 -3.79429 1.30264 0 0.228425 0 
2 1 0 29.7033 0.110584 130.304 -1.56327 -3.79513 -1.56327 -3.79513 1.30257 0 0.228368 0 
2 1 0 29.7083 0.110584 130.304 -1.56344 -3.79597 -1.56344 -3.79597 1.3025 0 0.228312 0 
2 1 0 29.7132 0.110584 130.304 -1.56361 -3.79681 -1.56361 -3.79681 1.30243 0 0.228258 0 
2 1 0 29.7181 0.110584 130.304 -1.56379 -3.79764 -1.56379 -3.79764 1.30235 0 0.228204 0 
2 1 0 29.723 0.110584 130.304 -1.56396 -3.79848 -1.56396 -3.79848 1.30226 0 0.228151 0 
2 1 0 29.728 0.110584 130.304 -1.56413 -3.79931 -1.56413 -3.79931 1.30217 0 0.228099 0 
2 1 0 29.7329 0.110584 130.304 -1.5643 -3.80014 -1.5643 -3.80014 1.30207 0 0.228048 0 
2 1 0 29.7378 0.110584 130.304 -1.56447 -3.80097 -1.56447 -3.80097 1.30197 0 0.227999 0 
2 1 0 29.7427 0.110584 130.304 -1.56465 -3.8018 -1.56465 -3.8018 1.30186 0 0.22795 0 
2 1 0 29.7477 0.110584 130.304 -1.56482 -3.80263 -1.56482 -3.80263 1.30174 0 0.227902 0 
2 1 0 29.7526 0.110584 130.304 -1.56499 -3.80345 -1.56499 -3.80345 1.30162 0 0.227856 0 
2 1 0 29.7575 0.110584 130.304 -1.56516 -3.80428 -1.56516 -3.80428 1.30149 0 0.22781 0 
2 1 0 29.7625 0.110584 130.304 -1.56534 -3.8051 -1.56534 -3.8051 1.30136 0 0.227766 0 
2 1 0 29.7674 0.110584 130.304 -1.56551 -3.80592 -1.56551 -3.80592 1.30122 0 0.227722 0 
2 1 0 29.7723 0.110584 130.304 -1.56568 -3.80674 -1.56568 -3.80674 1.30107 0 0.22768 0 
2 1 0 29.7772 0.110584 130.304 -1.56586 -3.80756 -1.56586 -3.80756 1.30092 0 0.227638 0 
2 1 0 29.7822 0.110584 130.304 -1.56603 -3.80838 -1.56603 -3.80838 1.30076 0 0.227598 0 
2 1 0 29.7871 0.110584 130.304 -1.5662 -3.8092 -1.5662 -3.8092 1.3006 0 0.227558 0 
2 1 0 29.792 0.110584 130.304 -1.56638 -3.81001 -1.56638 -3.81001 1.30042 0 0.22752 0 
2 1 0 29.797 0.110584 130.304 -1.56655 -3.81083 -1.56655 -3.81083 1.30025 0 0.227483 0 
2 1 0 29.8019 0.110584 130.304 -1.56672 -3.81164 -1.56672 -3.81164 1.30006 0 0.227447 0 
2 1 0 29.8068 0.110584 130.304 -1.5669 -3.81245 -1.5669 -3.81245 1.29987 0 0.227412 0 
2 1 0 29.8118 0.110584 130.304 -1.56707 -3.81326 -1.56707 -3.81326 1.29967 0 0.227378 0 
2 1 0 29.8167 0.110584 130.304 -1.56725 -3.81407 -1.56725 -3.81407 1.29947 0 0.227346 0 
2 1 0 29.8216 0.110584 130.304 -1.56742 -3.81487 -1.56742 -3.81487 1.29926 0 0.227314 0 
2 1 0 29.8266 0.110584 130.304 -1.5676 -3.81568 -1.5676 -3.81568 1.29904 0 0.227283 0 
2 1 0 29.8315 0.110584 130.304 -1.56777 -3.81648 -1.56777 -3.81648 1.29882 0 0.227254 0 
2 1 0 29.8364 0.110584 130.304 -1.56794 -3.81729 -1.56794 -3.81729 1.29859 0 0.227226 0 
2 1 0 29.8413 0.110584 130.304 -1.56812 -3.81809 -1.56812 -3.81809 1.29836 0 0.227199 0 
2 1 0 29.8463 0.110584 130.304 -1.56829 -3.81889 -1.56829 -3.81889 1.29811 0 0.227173 0 
2 1 0 29.8512 0.110584 130.304 -1.56847 -3.81969 -1.56847 -3.81969 1.29786 0 0.227148 0 
2 1 0 29.8561 0.110584 130.304 -1.56865 -3.82048 -1.56865 -3.82048 1.29761 0 0.227124 0 
2 1 0 29.8611 0.110584 130.304 -1.56882 -3.82128 -1.56882 -3.82128 1.29734 0 0.227101 0 
2 1 0 29.866 0.110584 130.304 -1.569 -3.82207 -1.569 -3.82207 1.29707 0 0.22708 0 
2 1 0 29.8709 0.110584 130.304 -1.56917 -3.82287 -1.56917 -3.82287 1.2968 0 0.22706 0 
2 1 0 29.8759 0.110584 130.304 -1.56935 -3.82366 -1.56935 -3.82366 1.29651 0 0.227041 0 
2 1 0 29.8808 0.110584 130.304 -1.56952 -3.82445 -1.56952 -3.82445 1.29622 0 0.227023 0 
2 1 0 29.8857 0.110584 130.304 -1.5697 -3.82524 -1.5697 -3.82524 1.29592 0 0.227006 0 
2 1 0 29.8907 0.110584 130.304 -1.56988 -3.82603 -1.56988 -3.82603 1.29562 0 0.226991 0 
2 1 0 29.8956 0.110584 130.304 -1.57005 -3.82681 -1.57005 -3.82681 1.29531 0 0.226977 0 
2 1 0 29.9006 0.110584 130.304 -1.57023 -3.8276 -1.57023 -3.8276 1.29499 0 0.226964 0 
2 1 0 29.9055 0.110584 130.304 -1.57041 -3.82838 -1.57041 -3.82838 1.29466 0 0.226952 0 
2 1 0 29.9104 0.110584 130.304 -1.57058 -3.82917 -1.57058 -3.82917 1.29433 0 0.226941 0 
2 1 0 29.9154 0.110584 130.304 -1.57076 -3.82995 -1.57076 -3.82995 1.29398 0 0.226932 0 
2 1 0 29.9203 0.110584 130.304 -1.57094 -3.83073 -1.57094 -3.83073 1.29364 0 0.226924 0 
2 1 0 29.9252 0.110584 130.304 -1.57112 -3.83151 -1.57112 -3.83151 1.29328 0 0.226917 0 
2 1 0 29.9302 0.110584 130.304 -1.5713 -3.83228 -1.5713 -3.83228 1.29292 0 0.226912 0 
2 1 0 29.9351 0.110584 130.304 -1.57147 -3.83306 -1.57147 -3.83306 1.29255 0 0.226908 0 
2 1 0 29.94 0.110584 130.304 -1.57165 -3.83383 -1.57165 -3.83383 1.29217 0 0.226905 0 
2 1 0 29.945 0.110584 130.304 -1.57183 -3.83461 -1.57183 -3.83461 1.29178 0 0.226903 0 
2 1 0 29.9499 0.110584 130.304 -1.57201 -3.83538 -1.57201 -3.83538 1.29139 0 0.226903 0 
2 1 0 29.9548 0.110584 130.304 -1.57219 -3.83615 -1.57219 -3.83615 1.29099 0 0.226904 0 
2 1 0 29.9598 0.110584 130.304 -1.57237 -3.83692 -1.57237 -3.83692 1.29058 0 0.226907 0 
2 1 0 29.9647 0.110584 130.304 -1.57255 -3.83769 -1.57255 -3.83769 1.29016 0 0.22691 0 
2 1 0 29.9697 0.110584 130.304 -1.57273 -3.83845 -1.57273 -3.83845 1.28974 0 0.226915 0 
2 1 0 29.9746 0.110584 130.304 -1.57291 -3.83922 -1.57291 -3.83922 1.2893 0 0.226922 0 
2 1 0 29.9795 0.110584 130.304 -1.57309 -3.83998 -1.57309 -3.83998 1.28886 0 0.22693 0 
2 1 0 29.9845 0.110584 130.304 -1.57327 -3.84075 -1.57327 -3.84075 1.28841 0 0.226939 0 
2 1 0 29.9894 0.110584 130.304 -1.57345 -3.84151 -1.57345 -3.84151 1.28796 0 0.22695 0 
2 1 0 29.9944 0.110584 130.304 -1.57363 -3.84227 -1.57363 -3.84227 1.28749 0 0.226962 0 
2 1 0 29.9993 0.110584 130.304 -1.57381 -3.84303 -1.57381 -3.84303 1.28702 0 0.226976 0 
2 1 0 30.0042 0.110584 130.304 -1.57399 -3.84378 -1.57399 -3.84378 1.28653 0 0.226991 0 
2 1 0 30.0092 0.110584 130.304 -1.57417 -3.84454 -1.57417 -3.84454 1.28604 0 0.227007 0 
2 1 0 30.0141 0.110584 130.304 -1.57435 -3.8453 -1.57435 -3.8453 1.28554 0 0.227025 0 
2 1 0 30.019 0.110584 130.304 -1.57454 -3.84605 -1.57454 -3.84605 1.28504 0 0.227045 0 
2 1 0 30.024 0.110584 130.304 -1.57472 -3.8468 -1.57472 -3.8468 1.28452 0 0.227066 0 
2 1 0 30.0289 0.110584 130.304 -1.5749 -3.84755 -1.5749 -3.84755 1.284 0 0.227088 0 
2 1 0 30.0339 0.110584 130.304 -1.57508 -3.8483 -1.57508 -3.8483 1.28346 0 0.227112 0 
2 1 0 30.0388 0.110584 130.304 -1.57527 -3.84905 -1.57527 -3.84905 1.28292 0 0.227138 0 
2 1 0 30.0437 0.110584 130.304 -1.57545 -3.8498 -1.57545 -3.8498 1.28237 0 0.227165 0 
2 1 0 30.0487 0.110584 130.304 -1.57563 -3.85054 -1.57563 -3.85054 1.28181 0 0.227194 0 
2 1 0 30.0536 0.110584 130.304 -1.57582 -3.85128 -1.57582 -3.85128 1.28124 0 0.227224 0 
2 1 0 30.0586 0.110584 130.304 -1.576 -3.85203 -1.576 -3.85203 1.28066 0 0.227256 0 
2 1 0 30.0635 0.110584 130.304 -1.57619 -3.85277 -1.57619 -3.85277 1.28007 0 0.22729 0 
2 1 0 30.0685 0.110584 130.304 -1.57637 -3.85351 -1.57637 -3.85351 1.27947 0 0.227325 0 
2 1 0 30.0734 0.110584 130.304 -1.57656 -3.85425 -1.57656 -3.85425 1.27886 0 0.227362 0 
2 1 0 30.0783 0.110584 130.304 -1.57674 -3.85498 -1.57674 -3.85498 1.27825 0 0.227401 0 
2 1 0 30.0833 0.110584 130.304 -1.57693 -3.85572 -1.57693 -3.85572 1.27762 0 0.227441 0 
2 1 0 30.0882 0.110584 130.304 -1.57711 -3.85645 -1.57711 -3.85645 1.27698 0 0.227483 0 
2 1 0 30.0932 0.110584 130.304 -1.5773 -3.85719 -1.5773 -3.85719 1.27634 0 0.227527 0 
2 1 0 30.0981 0.110584 130.304 -1.57749 -3.85792 -1.57749 -3.85792 1.27568 0 0.227573 0 
2 1 0 30.103 0.110584 130.304 -1.57767 -3.85865 -1.57767 -3.85865 1.27501 0 0.22762 0 
2 1 0 30.108 0.110584 130.304 -1.57786 -3.85938 -1.57786 -3.85938 1.27434 0 0.22767 0 
2 1 0 30.1129 0.110584 130.304 -1.57805 -3.86011 -1.57805 -3.86011 1.27365 0 0.227721 0 
2 1 0 30.1179 0.110584 130.304 -1.57824 -3.86083 -1.57824 -3.86083 1.27295 0 0.227774 0 
2 1 0 30.1228 0.110584 130.304 -1.57842 -3.86156 -1.57842 -3.86156 1.27225 0 0.227829 0 
2 1 0 30.1278 0.110584 130.304 -1.57861 -3.86228 -1.57861 -3.86228 1.27153 0 0.227886 0 
2 1 0 30.1327 0.110584 130.304 -1.5788 -3.863 -1.5788 -3.863 1.2708 0 0.227944 0 
2 1 0 30.1377 0.110584 130.304 -1.57899 -3.86373 -1.57899 -3.86373 1.27006 0 0.228005 0 
2 1 0 30.1426 0.110584 130.304 -1.57918 -3.86444 -1.57918 -3.86444 1.26931 0 0.228068 0 
2 1 0 30.1475 0.110584 130.304 -1.57937 -3.86516 -1.57937 -3.86516 1.26854 0 0.228133 0 
2 1 0 30.1525 0.110584 130.304 -1.57956 -3.86588 -1.57956 -3.86588 1.26777 0 0.2282 0 
2 1 0 30.1574 0.110584 130.304 -1.57975 -3.8666 -1.57975 -3.8666 1.26698 0 0.228269 0 
2 1 0 30.1624 0.110584 130.304 -1.57995 -3.86731 -1.57995 -3.86731 1.26619 0 0.22834 0 
2 1 0 30.1673 0.110584 130.304 -1.58014 -3.86802 -1.58014 -3.86802 1.26538 0 0.228413 0 
2 1 0 30.1723 0.110584 130.304 -1.58033 -3.86873 -1.58033 -3.86873 1.26456 0 0.228489 0 
2 1 0 30.1772 0.110584 130.304 -1.58052 -3.86944 -1.58052 -3.86944 1.26372 0 0.228566 0 
2 1 0 30.1822 0.110584 130.304 -1.58072 -3.87015 -1.58072 -3.87015 1.26288 0 0.228646 0 
2 1 0 30.1871 0.110584 130.304 -1.58091 -3.87086 -1.58091 -3.87086 1.26202 0 0.228728 0 
2 1 0 30.1921 0.110584 130.304 -1.5811 -3.87156 -1.5811 -3.87156 1.26115 0 0.228813 0 
2 1 0 30.197 0.110584 130.304 -1.5813 -3.87227 -1.5813 -3.87227 1.26027 0 0.2289 0 
2 1 0 30.2019 0.110584 130.304 -1.58149 -3.87297 -1.58149 -3.87297 1.25937 0 0.228989 0 
2 1 0 30.2069 0.110584 130.304 -1.58169 -3.87367 -1.58169 -3.87367 1.25846 0 0.229081 0 
2 1 0 30.2118 0.110584 130.304 -1.58189 -3.87437 -1.58189 -3.87437 1.25754 0 0.229175 0 
2 1 0 30.2168 0.110584 130.304 -1.58208 -3.87507 -1.58208 -3.87507 1.25661 0 0.229272 0 
2 1 0 30.2217 0.110584 130.304 -1.58228 -3.87576 -1.58228 -3.87576 1.25566 0 0.229371 0 
2 1 0 30.2267 0.110584 130.304 -1.58248 -3.87646 -1.58248 -3.87646 1.25469 0 0.229473 0 
2 1 0 30.2316 0.110584 130.304 -1.58268 -3.87715 -1.58268 -3.87715 1.25372 0 0.229578 0 
2 1 0 30.2366 0.110584 130.304 -1.58288 -3.87785 -1.58288 -3.87785 1.25272 0 0.229685 0 
2 1 0 30.2415 0.110584 130.304 -1.58307 -3.87854 -1.58307 -3.87854 1.25172 0 0.229795 0 
2 1 0 30.2465 0.110584 130.304 -1.58327 -3.87923 -1.58327 -3.87923 1.2507 0 0.229908 0 
2 1 0 30.2514 0.110584 130.304 -1.58348 -3.87991 -1.58348 -3.87991 1.24966 0 0.230024 0 
2 1 0 30.2564 0.110584 130.304 -1.58368 -3.8806 -1.58368 -3.8806 1.24861 0 0.230143 0 
2 1 0 30.2613 0.110584 130.304 -1.58388 -3.88128 -1.58388 -3.88128 1.24754 0 0.230264 0 
2 1 0 30.2663 0.110584 130.304 -1.58408 -3.88197 -1.58408 -3.88197 1.24646 0 0.230389 0 
2 1 0 30.2712 0.110584 130.304 -1.58428 -3.88265 -1.58428 -3.88265 1.24536 0 0.230517 0 
2 1 0 30.2762 0.110584 130.304 -1.58449 -3.88333 -1.58449 -3.88333 1.24425 0 0.230648 0 
2 1 0 30.2811 0.110584 130.304 -1.58469 -3.88401 -1.58469 -3.88401 1.24311 0 0.230782 0 
2 1 0 30.2861 0.110584 130.304 -1.5849 -3.88468 -1.5849 -3.88468 1.24196 0 0.23092 0 
2 1 0 30.291 0.110584 130.304 -1.5851 -3.88536 -1.5851 -3.88536 1.2408 0 0.23106 0 
2 1 0 30.296 0.110584 130.304 -1.58531 -3.88603 -1.58531 -3.88603 1.23962 0 0.231205 0 
2 1 0 30.3009 0.110584 130.304 -1.58552 -3.8867 -1.58552 -3.8867 1.23841 0 0.231353 0 
2 1 0 30.3059 0.110584 130.304 -1.58572 -3.88737 -1.58572 -3.88737 1.23719 0 0.231504 0 
2 1 0 30.3108 0.110584 130.304 -1.58593 -3.88804 -1.58593 -3.88804 1.23595 0 0.231659 0 
2 1 0 30.3158 0.110584 130.304 -1.58614 -3.88871 -1.58614 -3.88871 1.2347 0 0.231818 0 
2 1 0 30.3207 0.110584 130.304 -1.58635 -3.88937 -1.58635 -3.88937 1.23342 0 0.231981 0 
2 1 0 30.3257 0.110584 130.304 -1.58656 -3.89004 -1.58656 -3.89004 1.23212 0 0.232148 0 
2 1 0 30.3306 0.110584 130.304 -1.58678 -3.8907 -1.58678 -3.8907 1.23081 0 0.232319 0 
2 1 0 30.3356 0.110584 130.304 -1.58699 -3.89136 -1.58699 -3.89136 1.22947 0 0.232494 0 
2 1 0 30.3405 0.110584 130.304 -1.5872 -3.89202 -1.5872 -3.89202 1.22811 0 0.232673 0 
2 1 0 30.3455 0.110584 130.304 -1.58742 -3.89268 -1.58742 -3.89268 1.22673 0 0.232857 0 
2 1 0 30.3504 0.110584 130.304 -1.58763 -3.89333 -1.58763 -3.89333 1.22532 0 0.233045 0 
2 1 0 30.3554 0.110584 130.304 -1.58785 -3.89398 -1.58785 -3.89398 1.2239 0 0.233237 0 
2 1 0 30.3603 0.110584 130.304 -1.58807 -3.89463 -1.58807 -3.89463 1.22245 0 0.233435 0 
2 1 0 30.3653 0.110584 130.304 -1.58829 -3.89528 -1.58829 -3.89528 1.22098 0 0.233637 0 
2 1 0 30.3702 0.110584 130.304 -1.58851 -3.89593 -1.58851 -3.89593 1.21948 0 0.233845 0 
2 1 0 30.3752 0.110584 130.304 -1.58873 -3.89658 -1.58873 -3.89658 1.21796 0 0.234057 0 
2 1 0 30.3801 0.110584 130.304 -1.58895 -3.89722 -1.58895 -3.89722 1.21641 0 0.234275 0 
2 1 0 30.3851 0.110584 130.304 -1.58917 -3.89786 -1.58917 -3.89786 1.21483 0 0.234499 0 
2 1 0 30.3901 0.110584 130.304 -1.5894 -3.8985 -1.5894 -3.8985 1.21323 0 0.234728 0 
2 1 0 30.395 0.110584 130.304 -1.58962 -3.89914 -1.58962 -3.89914 1.2116 0 0.234962 0 
2 1 0 30.4 0.110584 130.304 -1.58985 -3.89978 -1.58985 -3.89978 1.20994 0 0.235203 0 
2 1 0 30.4049 0.110584 130.304 -1.59008 -3.90041 -1.59008 -3.90041 1.20825 0 0.23545 0 
2 1 0 30.4099 0.110584 130.304 -1.5903 -3.90104 -1.5903 -3.90104 1.20654 0 0.235704 0 
2 1 0 30.4148 0.110584 130.304 -1.59054 -3.90167 -1.59054 -3.90167 1.20479 0 0.235964 0 
2 1 0 30.4198 0.110584 130.304 -1.59077 -3.9023 -1.59077 -3.9023 1.203 0 0.236231 0 
2 1 0 30.4247 0.110584 130.304 -1.591 -3.90292 -1.591 -3.90292 1.20119 0 0.236506 0 
2 1 0 30.4297 0.110584 130.304 -1.59124 -3.90355 -1.59124 -3.90355 1.19934 0 0.236787 0 
2 1 0 30.4346 0.110584 130.304 -1.59147 -3.90417 -1.59147 -3.90417 1.19745 0 0.237077 0 
2 1 0 30.4396 0.110584 130.304 -1.59171 -3.90479 -1.59171 -3.90479 1.19553 0 0.237374 0 
2 1 0 30.4446 0.110584 130.304 -1.59195 -3.9054 -1.59195 -3.9054 1.19357 0 0.23768 0 
2 1 0 30.4495 0.110584 130.304 -1.59219 -3.90601 -1.59219 -3.90601 1.19156 0 0.237994 0 
2 1 0 30.4545 0.110584 130.304 -1.59244 -3.90663 -1.59244 -3.90663 1.18952 0 0.238318 0 
2 1 0 30.4594 0.110584 130.304 -1.59268 -3.90723 -1.59268 -3.90723 1.18744 0 0.238651 0 
2 1 0 30.4644 0.110584 130.304 -1.59293 -3.90784 -1.59293 -3.90784 1.18531 0 0.238993 0 
2 1 0 30.4693 0.110584 130.304 -1.59318 -3.90844 -1.59318 -3.90844 1.18313 0 0.239346 0 
2 1 0 30.4743 0.110584 130.304 -1.59343 -3.90904 -1.59343 -3.90904 1.18091 0 0.23971 0 
2 1 0 30.4793 0.110584 130.304 -1.59369 -3.90964 -1.59369 -3.90964 1.17863 0 0.240085 0 
2 1 0 30.4842 0.110584 130.304 -1.59394 -3.91024 -1.59394 -3.91024 1.1763 0 0.240473 0 
2 1 0 30.4892 0.110584 130.304 -1.5942 -3.91083 -1.5942 -3.91083 1.17392 0 0.240872 0 
2 1 0 30.4941 0.110584 130.304 -1.59446 -3.91142 -1.59446 -3.91142 1.17148 0 0.241285 0 
2 1 0 30.4991 0.110584 130.304 -1.59473 -3.912 -1.59473 -3.912 1.16897 0 0.241712 0 
2 1 0 30.504 0.110584 130.304 -1.595 -3.91258 -1.595 -3.91258 1.1664 0 0.242153 0 
2 1 0 30.509 0.110584 130.304 -1.59527 -3.91316 -1.59527 -3.91316 1.16377 0 0.24261 0 
2 1 0 30.514 0.110584 130.304 -1.59554 -3.91374 -1.59554 -3.91374 1.16106 0 0.243084 0 
2 1 0 30.5189 0.110584 130.304 -1.59582 -3.91431 -1.59582 -3.91431 1.15828 0 0.243575 0 
2 1 0 30.5239 0.110584 130.304 -1.5961 -3.91487 -1.5961 -3.91487 1.15541 0 0.244085 0 
2 1 0 30.5288 0.110584 130.304 -1.59639 -3.91544 -1.59639 -3.91544 1.15246 0 0.244615 0 
2 1 0 30.5338 0.110584 130.304 -1.59668 -3.916 -1.59668 -3.916 1.14942 0 0.245167 0 
2 1 0 30.5388 0.110584 130.304 -1.59697 -3.91655 -1.59697 -3.91655 1.14628 0 0.245743 0 
2 1 0 30.5437 0.110584 130.304 -1.59727 -3.9171 -1.59727 -3.9171 1.14303 0 0.246343 0 
2 1 0 30.5487 0.110584 130.304 -1.59758 -3.91764 -1.59758 -3.91764 1.13967 0 0.246971 0 
2 1 0 30.5537 0.110584 130.304 -1.59789 -3.91818 -1.59789 -3.91818 1.13618 0 0.247629 0 
2 1 0 30.5586 0.110584 130.304 -1.5982 -3.91872 -1.5982 -3.91872 1.13256 0 0.24832 0 
2 1 0 30.5636 0.110584 130.304 -1.59853 -3.91924 -1.59853 -3.91924 1.12879 0 0.249046 0 
2 1 0 30.5685 0.110584 130.304 -1.59886 -3.91976 -1.59886 -3.91976 1.12486 0 0.249812 0 
2 1 0 30.5735 0.110584 130.304 -1.5992 -3.92028 -1.5992 -3.92028 1.12074 0 0.250623 0 
2 1 0 30.5785 0.110584 130.304 -1.59955 -3.92078 -1.59955 -3.92078 1.11642 0 0.251484 0 
2 1 0 30.5834 0.110584 130.304 -1.59991 -3.92128 -1.59991 -3.92128 1.11187 0 0.252402 0 
2 1 0 30.5884 0.110584 130.304 -1.60028 -3.92176 -1.60028 -3.92176 1.10707 0 0.253386 0 
2 1 0 30.5933 0.110584 130.304 -1.60067 -3.92224 -1.60067 -3.92224 1.10195 0 0.254445 0 
2 1 0 30.5983 0.110584 130.304 -1.60107 -3.9227 -1.60107 -3.9227 1.09649 0 0.255594 0 
2 1 0 30.6033 0.110584 130.304 -1.60149 -3.92314 -1.60149 -3.92314 1.09059 0 0.256852 0 
2 1 0 30.6082 0.110584 130.304 -1.60194 -3.92357 -1.60194 -3.92357 1.08418 0 0.258243 0 
2 1 0 30.6132 0.110584 130.304 -1.60242 -3.92397 -1.60242 -3.92397 1.0771 0 0.259806 0 
