2 1 0 12.82 0.1 0 -1.20983 -3.42916 -1.20983 -3.42916 0.999998 0 0.498041 0 
1 1 0 12.82 0.1 4.34541 -1.20983 -3.42916 -1.20983 -3.42916 0.0844035 0.672474 0.0844035 -0.672474 
1 1 0 12.82 0.1 4.34541 -1.20983 -3.42916 -1.20983 -3.42916 0.0844034 0.672474 0.0844034 -0.672474 
1 1 0 12.82 0.1 4.34541 -1.20983 -3.42916 -1.20983 -3.42916 0.0844033 0.672474 0.0844033 -0.672474 
1 1 0 12.82 0.1 4.3454 -1.20983 -3.42916 -1.20983 -3.42916 0.084403 0.672474 0.084403 -0.672474 
1 1 0 12.82 0.1 4.3454 -1.20983 -3.42916 -1.20983 -3.42916 0.0844025 0.672474 0.0844025 -0.672474 
1 1 0 12.82 0.1 4.3454 -1.20983 -3.42916 -1.20983 -3.42916 0.0844014 0.672473 0.0844014 -0.672473 
1 1 0 12.82 0.1 4.34539 -1.20983 -3.42916 -1.20983 -3.42916 0.0843993 0.672473 0.0843993 -0.672473 
1 1 0 12.8201 0.1 4.34537 -1.20983 -3.42916 -1.20983 -3.42916 0.084395 0.672473 0.084395 -0.672473 
1 1 0 12.8201 0.1 4.34534 -1.20984 -3.42917 -1.20984 -3.42917 0.0843885 0.672472 0.0843885 -0.672472 
1 1 0 12.8202 0.1 4.3453 -1.20984 -3.42918 -1.20984 -3.42918 0.0843789 0.672472 0.0843789 -0.672472 
1 1 0 12.8203 0.1 4.34524 -1.20985 -3.42919 -1.20985 -3.42919 0.0843645 0.672471 0.0843645 -0.672471 
1 1 0 12.8205 0.1 4.34514 -1.20986 -3.42921 -1.20986 -3.42921 0.0843428 0.672469 0.0843428 -0.672469 
1 1 0 12.8208 0.1 4.345 -1.20987 -3.42924 -1.20987 -3.42924 0.0843103 0.672467 0.0843103 -0.672467 
1 1 0 12.8213 0.1 4.34479 -1.20989 -3.42928 -1.20989 -3.42928 0.0842615 0.672463 0.0842615 -0.672463 
1 1 0 12.8219 0.1 4.34447 -1.20993 -3.42935 -1.20993 -3.42935 0.0841884 0.672457 0.0841884 -0.672457 
1 1 0 12.8229 0.1 4.34399 -1.20997 -3.42945 -1.20997 -3.42945 0.0840788 0.672449 0.0840788 -0.672449 
1 1 0 12.8244 0.1 4.34328 -1.21005 -3.4296 -1.21005 -3.4296 0.0839147 0.672437 0.0839147 -0.672437 
1 1 0 12.8266 0.1 4.34221 -1.21016 -3.42982 -1.21016 -3.42982 0.0836691 0.672418 0.0836691 -0.672418 
1 1 0 12.8299 0.1 4.34061 -1.21032 -3.43016 -1.21032 -3.43016 0.0833015 0.672389 0.0833015 -0.672389 
1 1 0 12.8348 0.1 4.33822 -1.21056 -3.43066 -1.21056 -3.43066 0.0827525 0.672345 0.0827525 -0.672345 
1 1 0 12.8398 0.1 4.33584 -1.21081 -3.43116 -1.21081 -3.43116 0.0822043 0.672301 0.0822043 -0.672301 
1 1 0 12.8448 0.1 4.33347 -1.21105 -3.43167 -1.21105 -3.43167 0.0816589 0.672255 0.0816589 -0.672255 
1 1 0 12.8497 0.1 4.33112 -1.2113 -3.43217 -1.2113 -3.43217 0.0811163 0.672209 0.0811163 -0.672209 
1 1 0 12.8547 0.1 4.32879 -1.21154 -3.43268 -1.21154 -3.43268 0.0805765 0.672163 0.0805765 -0.672163 
1 1 0 12.8597 0.1 4.32646 -1.21179 -3.43319 -1.21179 -3.43319 0.0800395 0.672115 0.0800395 -0.672115 
1 1 0 12.8646 0.1 4.32415 -1.21203 -3.43369 -1.21203 -3.43369 0.0795052 0.672067 0.0795052 -0.672067 
1 1 0 12.8696 0.1 4.32186 -1.21228 -3.4342 -1.21228 -3.4342 0.0789738 0.672018 0.0789738 -0.672018 
1 1 0 12.8746 0.1 4.31958 -1.21252 -3.43471 -1.21252 -3.43471 0.0784451 0.671968 0.0784451 -0.671968 
1 1 0 12.8795 0.1 4.31731 -1.21277 -3.43521 -1.21277 -3.43521 0.0779192 0.671917 0.0779192 -0.671917 
1 1 0 12.8845 0.1 4.31506 -1.21301 -3.43572 -1.21301 -3.43572 0.0773961 0.671866 0.0773961 -0.671866 
1 1 0 12.8895 0.1 4.31282 -1.21326 -3.43623 -1.21326 -3.43623 0.0768758 0.671814 0.0768758 -0.671814 
1 1 0 12.8944 0.1 4.3106 -1.2135 -3.43674 -1.2135 -3.43674 0.0763583 0.671762 0.0763583 -0.671762 
1 1 0 12.8994 0.1 4.30839 -1.21375 -3.43725 -1.21375 -3.43725 0.0758435 0.671709 0.0758435 -0.671709 
1 1 0 12.9044 0.1 4.30619 -1.21399 -3.43776 -1.21399 -3.43776 0.0753315 0.671655 0.0753315 -0.671655 
1 1 0 12.9093 0.1 4.30401 -1.21423 -3.43827 -1.21423 -3.43827 0.0748222 0.6716 0.0748222 -0.6716 
1 1 0 12.9143 0.1 4.30184 -1.21448 -3.43878 -1.21448 -3.43878 0.0743158 0.671545 0.0743158 -0.671545 
1 1 0 12.9193 0.1 4.29969 -1.21472 -3.43929 -1.21472 -3.43929 0.0738121 0.671489 0.0738121 -0.671489 
1 1 0 12.9242 0.1 4.29754 -1.21496 -3.4398 -1.21496 -3.4398 0.0733112 0.671432 0.0733112 -0.671432 
1 1 0 12.9292 0.1 4.29542 -1.21521 -3.44031 -1.21521 -3.44031 0.072813 0.671375 0.072813 -0.671375 
1 1 0 12.9342 0.1 4.2933 -1.21545 -3.44082 -1.21545 -3.44082 0.0723176 0.671317 0.0723176 -0.671317 
1 1 0 12.9391 0.1 4.2912 -1.21569 -3.44133 -1.21569 -3.44133 0.071825 0.671259 0.071825 -0.671259 
1 1 0 12.9441 0.1 4.28912 -1.21594 -3.44184 -1.21594 -3.44184 0.0713352 0.671199 0.0713352 -0.671199 
1 1 0 12.9491 0.1 4.28704 -1.21618 -3.44235 -1.21618 -3.44235 0.070848 0.671139 0.070848 -0.671139 
1 1 0 12.954 0.1 4.28498 -1.21642 -3.44287 -1.21642 -3.44287 0.0703637 0.671079 0.0703637 -0.671079 
1 1 0 12.959 0.1 4.28294 -1.21666 -3.44338 -1.21666 -3.44338 0.0698821 0.671018 0.0698821 -0.671018 
1 1 0 12.964 0.1 4.2809 -1.21691 -3.44389 -1.21691 -3.44389 0.0694032 0.670956 0.0694032 -0.670956 
1 1 0 12.969 0.1 4.27889 -1.21715 -3.4444 -1.21715 -3.4444 0.0689272 0.670894 0.0689272 -0.670894 
1 1 0 12.9739 0.1 4.27688 -1.21739 -3.44492 -1.21739 -3.44492 0.0684538 0.670831 0.0684538 -0.670831 
1 1 0 12.9789 0.1 4.27489 -1.21763 -3.44543 -1.21763 -3.44543 0.0679833 0.670768 0.0679833 -0.670768 
1 1 0 12.9839 0.1 4.27291 -1.21788 -3.44595 -1.21788 -3.44595 0.0675154 0.670704 0.0675154 -0.670704 
1 1 0 12.9888 0.1 4.27094 -1.21812 -3.44646 -1.21812 -3.44646 0.0670503 0.670639 0.0670503 -0.670639 
1 1 0 12.9938 0.1 4.26899 -1.21836 -3.44698 -1.21836 -3.44698 0.0665879 0.670574 0.0665879 -0.670574 
1 1 0 12.9988 0.1 4.26705 -1.2186 -3.44749 -1.2186 -3.44749 0.0661283 0.670509 0.0661283 -0.670509 
1 1 0 13.0037 0.1 4.26512 -1.21884 -3.44801 -1.21884 -3.44801 0.0656715 0.670442 0.0656715 -0.670442 
1 1 0 13.0087 0.1 4.26321 -1.21908 -3.44852 -1.21908 -3.44852 0.0652174 0.670375 0.0652174 -0.670375 
1 1 0 13.0137 0.1 4.26131 -1.21933 -3.44904 -1.21933 -3.44904 0.0647659 0.670308 0.0647659 -0.670308 
1 1 0 13.0186 0.1 4.25942 -1.21957 -3.44956 -1.21957 -3.44956 0.0643173 0.67024 0.0643173 -0.67024 
1 1 0 13.0236 0.1 4.25754 -1.21981 -3.45007 -1.21981 -3.45007 0.0638714 0.670172 0.0638714 -0.670172 
1 1 0 13.0286 0.1 4.25568 -1.22005 -3.45059 -1.22005 -3.45059 0.0634282 0.670103 0.0634282 -0.670103 
1 1 0 13.0335 0.1 4.25383 -1.22029 -3.45111 -1.22029 -3.45111 0.0629878 0.670033 0.0629878 -0.670033 
1 1 0 13.0385 0.1 4.252 -1.22053 -3.45163 -1.22053 -3.45163 0.0625501 0.669963 0.0625501 -0.669963 
1 1 0 13.0435 0.1 4.25017 -1.22077 -3.45215 -1.22077 -3.45215 0.0621151 0.669892 0.0621151 -0.669892 
1 1 0 13.0484 0.1 4.24836 -1.22101 -3.45267 -1.22101 -3.45267 0.0616828 0.669821 0.0616828 -0.669821 
1 1 0 13.0534 0.1 4.24656 -1.22125 -3.45318 -1.22125 -3.45318 0.0612533 0.66975 0.0612533 -0.66975 
1 1 0 13.0584 0.1 4.24478 -1.22149 -3.4537 -1.22149 -3.4537 0.0608265 0.669678 0.0608265 -0.669678 
1 1 0 13.0633 0.1 4.24301 -1.22173 -3.45422 -1.22173 -3.45422 0.0604024 0.669605 0.0604024 -0.669605 
1 1 0 13.0683 0.1 4.24125 -1.22197 -3.45474 -1.22197 -3.45474 0.0599811 0.669532 0.0599811 -0.669532 
1 1 0 13.0733 0.1 4.2395 -1.22221 -3.45526 -1.22221 -3.45526 0.0595624 0.669458 0.0595624 -0.669458 
1 1 0 13.0782 0.1 4.23776 -1.22245 -3.45578 -1.22245 -3.45578 0.0591465 0.669384 0.0591465 -0.669384 
1 1 0 13.0832 0.1 4.23604 -1.22269 -3.45631 -1.22269 -3.45631 0.0587333 0.66931 0.0587333 -0.66931 
1 1 0 13.0882 0.1 4.23433 -1.22293 -3.45683 -1.22293 -3.45683 0.0583228 0.669235 0.0583228 -0.669235 
1 1 0 13.0931 0.1 4.23263 -1.22317 -3.45735 -1.22317 -3.45735 0.057915 0.669159 0.057915 -0.669159 
1 1 0 13.0981 0.1 4.23095 -1.22341 -3.45787 -1.22341 -3.45787 0.05751 0.669083 0.05751 -0.669083 
1 1 0 13.1031 0.1 4.22928 -1.22365 -3.45839 -1.22365 -3.45839 0.0571076 0.669007 0.0571076 -0.669007 
1 1 0 13.108 0.1 4.22762 -1.22389 -3.45892 -1.22389 -3.45892 0.056708 0.66893 0.056708 -0.66893 
1 1 0 13.113 0.1 4.22597 -1.22413 -3.45944 -1.22413 -3.45944 0.0563111 0.668853 0.0563111 -0.668853 
1 1 0 13.118 0.1 4.22433 -1.22436 -3.45996 -1.22436 -3.45996 0.0559168 0.668775 0.0559168 -0.668775 
1 1 0 13.1229 0.1 4.22271 -1.2246 -3.46049 -1.2246 -3.46049 0.0555253 0.668697 0.0555253 -0.668697 
1 1 0 13.1279 0.1 4.2211 -1.22484 -3.46101 -1.22484 -3.46101 0.0551365 0.668618 0.0551365 -0.668618 
1 1 0 13.1329 0.1 4.2195 -1.22508 -3.46153 -1.22508 -3.46153 0.0547504 0.668539 0.0547504 -0.668539 
1 1 0 13.1378 0.1 4.21791 -1.22532 -3.46206 -1.22532 -3.46206 0.054367 0.66846 0.054367 -0.66846 
1 1 0 13.1428 0.1 4.21634 -1.22556 -3.46258 -1.22556 -3.46258 0.0539863 0.66838 0.0539863 -0.66838 
1 1 0 13.1478 0.1 4.21478 -1.2258 -3.46311 -1.2258 -3.46311 0.0536082 0.6683 0.0536082 -0.6683 
1 1 0 13.1527 0.1 4.21323 -1.22603 -3.46363 -1.22603 -3.46363 0.0532329 0.668219 0.0532329 -0.668219 
1 1 0 13.1577 0.1 4.21169 -1.22627 -3.46416 -1.22627 -3.46416 0.0528603 0.668138 0.0528603 -0.668138 
1 1 0 13.1627 0.1 4.21016 -1.22651 -3.46469 -1.22651 -3.46469 0.0524904 0.668056 0.0524904 -0.668056 
1 1 0 13.1676 0.1 4.20865 -1.22675 -3.46521 -1.22675 -3.46521 0.0521231 0.667974 0.0521231 -0.667974 
1 1 0 13.1726 0.1 4.20715 -1.22698 -3.46574 -1.22698 -3.46574 0.0517586 0.667892 0.0517586 -0.667892 
1 1 0 13.1776 0.1 4.20566 -1.22722 -3.46627 -1.22722 -3.46627 0.0513967 0.667809 0.0513967 -0.667809 
1 1 0 13.1825 0.1 4.20418 -1.22746 -3.4668 -1.22746 -3.4668 0.0510376 0.667726 0.0510376 -0.667726 
1 1 0 13.1875 0.1 4.20271 -1.2277 -3.46732 -1.2277 -3.46732 0.0506811 0.667643 0.0506811 -0.667643 
1 1 0 13.1925 0.1 4.20126 -1.22793 -3.46785 -1.22793 -3.46785 0.0503273 0.667559 0.0503273 -0.667559 
1 1 0 13.1974 0.1 4.19982 -1.22817 -3.46838 -1.22817 -3.46838 0.0499762 0.667475 0.0499762 -0.667475 
1 1 0 13.2024 0.1 4.19839 -1.22841 -3.46891 -1.22841 -3.46891 0.0496278 0.66739 0.0496278 -0.66739 
1 1 0 13.2074 0.1 4.19697 -1.22864 -3.46944 -1.22864 -3.46944 0.049282 0.667305 0.049282 -0.667305 
1 1 0 13.2123 0.1 4.19556 -1.22888 -3.46997 -1.22888 -3.46997 0.0489389 0.66722 0.0489389 -0.66722 
1 1 0 13.2173 0.1 4.19416 -1.22912 -3.4705 -1.22912 -3.4705 0.0485986 0.667135 0.0485986 -0.667135 
1 1 0 13.2223 0.1 4.19278 -1.22935 -3.47103 -1.22935 -3.47103 0.0482609 0.667049 0.0482609 -0.667049 
1 1 0 13.2272 0.1 4.19141 -1.22959 -3.47156 -1.22959 -3.47156 0.0479258 0.666962 0.0479258 -0.666962 
1 1 0 13.2322 0.1 4.19005 -1.22983 -3.47209 -1.22983 -3.47209 0.0475935 0.666876 0.0475935 -0.666876 
1 1 0 13.2372 0.1 4.1887 -1.23006 -3.47262 -1.23006 -3.47262 0.0472638 0.666789 0.0472638 -0.666789 
1 1 0 13.2421 0.1 4.18736 -1.2303 -3.47315 -1.2303 -3.47315 0.0469368 0.666701 0.0469368 -0.666701 
1 1 0 13.2471 0.1 4.18604 -1.23053 -3.47368 -1.23053 -3.47368 0.0466124 0.666614 0.0466124 -0.666614 
1 1 0 13.2521 0.1 4.18473 -1.23077 -3.47422 -1.23077 -3.47422 0.0462908 0.666526 0.0462908 -0.666526 
1 1 0 13.257 0.1 4.18342 -1.231 -3.47475 -1.231 -3.47475 0.0459717 0.666437 0.0459717 -0.666437 
1 1 0 13.262 0.1 4.18213 -1.23124 -3.47528 -1.23124 -3.47528 0.0456554 0.666349 0.0456554 -0.666349 
1 1 0 13.267 0.1 4.18086 -1.23147 -3.47582 -1.23147 -3.47582 0.0453418 0.66626 0.0453418 -0.66626 
1 1 0 13.2719 0.1 4.17959 -1.23171 -3.47635 -1.23171 -3.47635 0.0450307 0.66617 0.0450307 -0.66617 
1 1 0 13.2769 0.1 4.17833 -1.23195 -3.47688 -1.23195 -3.47688 0.0447224 0.666081 0.0447224 -0.666081 
1 1 0 13.2819 0.1 4.17709 -1.23218 -3.47742 -1.23218 -3.47742 0.0444166 0.665991 0.0444166 -0.665991 
1 1 0 13.2868 0.1 4.17586 -1.23242 -3.47795 -1.23242 -3.47795 0.0441137 0.665901 0.0441137 -0.665901 
1 1 0 13.2918 0.1 4.17463 -1.23265 -3.47849 -1.23265 -3.47849 0.0438133 0.66581 0.0438133 -0.66581 
1 1 0 13.2968 0.1 4.17342 -1.23288 -3.47902 -1.23288 -3.47902 0.0435155 0.665719 0.0435155 -0.665719 
1 1 0 13.3017 0.1 4.17223 -1.23312 -3.47956 -1.23312 -3.47956 0.0432205 0.665628 0.0432205 -0.665628 
1 1 0 13.3067 0.1 4.17104 -1.23335 -3.48009 -1.23335 -3.48009 0.0429281 0.665537 0.0429281 -0.665537 
1 1 0 13.3116 0.1 4.16986 -1.23359 -3.48063 -1.23359 -3.48063 0.0426383 0.665445 0.0426383 -0.665445 
1 1 0 13.3166 0.1 4.1687 -1.23382 -3.48117 -1.23382 -3.48117 0.0423513 0.665353 0.0423513 -0.665353 
1 1 0 13.3216 0.1 4.16754 -1.23406 -3.4817 -1.23406 -3.4817 0.0420668 0.665261 0.0420668 -0.665261 
1 1 0 13.3265 0.1 4.1664 -1.23429 -3.48224 -1.23429 -3.48224 0.041785 0.665169 0.041785 -0.665169 
1 1 0 13.3315 0.1 4.16527 -1.23452 -3.48278 -1.23452 -3.48278 0.0415058 0.665076 0.0415058 -0.665076 
1 1 0 13.3365 0.1 4.16415 -1.23476 -3.48332 -1.23476 -3.48332 0.0412293 0.664983 0.0412293 -0.664983 
1 1 0 13.3414 0.1 4.16304 -1.23499 -3.48385 -1.23499 -3.48385 0.0409554 0.66489 0.0409554 -0.66489 
1 1 0 13.3464 0.1 4.16195 -1.23522 -3.48439 -1.23522 -3.48439 0.0406843 0.664796 0.0406843 -0.664796 
1 1 0 13.3514 0.1 4.16086 -1.23546 -3.48493 -1.23546 -3.48493 0.0404157 0.664703 0.0404157 -0.664703 
1 1 0 13.3563 0.1 4.15979 -1.23569 -3.48547 -1.23569 -3.48547 0.0401498 0.664609 0.0401498 -0.664609 
1 1 0 13.3613 0.1 4.15872 -1.23592 -3.48601 -1.23592 -3.48601 0.0398865 0.664514 0.0398865 -0.664514 
1 1 0 13.3663 0.1 4.15767 -1.23616 -3.48655 -1.23616 -3.48655 0.0396258 0.66442 0.0396258 -0.66442 
1 1 0 13.3712 0.1 4.15663 -1.23639 -3.48709 -1.23639 -3.48709 0.0393678 0.664325 0.0393678 -0.664325 
1 1 0 13.3762 0.1 4.1556 -1.23662 -3.48763 -1.23662 -3.48763 0.0391124 0.66423 0.0391124 -0.66423 
1 1 0 13.3812 0.1 4.15458 -1.23686 -3.48817 -1.23686 -3.48817 0.0388597 0.664135 0.0388597 -0.664135 
1 1 0 13.3861 0.1 4.15357 -1.23709 -3.48871 -1.23709 -3.48871 0.0386096 0.664039 0.0386096 -0.664039 
1 1 0 13.3911 0.1 4.15258 -1.23732 -3.48925 -1.23732 -3.48925 0.0383621 0.663943 0.0383621 -0.663943 
1 1 0 13.3961 0.1 4.15159 -1.23755 -3.4898 -1.23755 -3.4898 0.0381172 0.663848 0.0381172 -0.663848 
1 1 0 13.401 0.1 4.15062 -1.23779 -3.49034 -1.23779 -3.49034 0.037875 0.663751 0.037875 -0.663751 
1 1 0 13.406 0.1 4.14965 -1.23802 -3.49088 -1.23802 -3.49088 0.0376354 0.663655 0.0376354 -0.663655 
1 1 0 13.411 0.1 4.1487 -1.23825 -3.49142 -1.23825 -3.49142 0.0373985 0.663558 0.0373985 -0.663558 
1 1 0 13.4159 0.1 4.14776 -1.23848 -3.49197 -1.23848 -3.49197 0.0371642 0.663462 0.0371642 -0.663462 
1 1 0 13.4209 0.1 4.14683 -1.23871 -3.49251 -1.23871 -3.49251 0.0369325 0.663365 0.0369325 -0.663365 
1 1 0 13.4259 0.1 4.14591 -1.23895 -3.49305 -1.23895 -3.49305 0.0367034 0.663267 0.0367034 -0.663267 
1 1 0 13.4308 0.1 4.145 -1.23918 -3.4936 -1.23918 -3.4936 0.0364769 0.66317 0.0364769 -0.66317 
1 1 0 13.4358 0.1 4.1441 -1.23941 -3.49414 -1.23941 -3.49414 0.0362531 0.663072 0.0362531 -0.663072 
1 1 0 13.4407 0.1 4.14321 -1.23964 -3.49469 -1.23964 -3.49469 0.0360319 0.662974 0.0360319 -0.662974 
1 1 0 13.4457 0.1 4.14234 -1.23987 -3.49523 -1.23987 -3.49523 0.0358133 0.662876 0.0358133 -0.662876 
1 1 0 13.4507 0.1 4.14147 -1.2401 -3.49578 -1.2401 -3.49578 0.0355973 0.662778 0.0355973 -0.662778 
1 1 0 13.4556 0.1 4.14062 -1.24033 -3.49632 -1.24033 -3.49632 0.0353839 0.662679 0.0353839 -0.662679 
1 1 0 13.4606 0.1 4.13977 -1.24057 -3.49687 -1.24057 -3.49687 0.0351732 0.662581 0.0351732 -0.662581 
1 1 0 13.4656 0.1 4.13894 -1.2408 -3.49742 -1.2408 -3.49742 0.0349651 0.662482 0.0349651 -0.662482 
1 1 0 13.4705 0.1 4.13812 -1.24103 -3.49796 -1.24103 -3.49796 0.0347596 0.662383 0.0347596 -0.662383 
1 1 0 13.4755 0.1 4.13731 -1.24126 -3.49851 -1.24126 -3.49851 0.0345567 0.662284 0.0345567 -0.662284 
1 1 0 13.4805 0.1 4.13651 -1.24149 -3.49906 -1.24149 -3.49906 0.0343564 0.662184 0.0343564 -0.662184 
1 1 0 13.4854 0.1 4.13572 -1.24172 -3.49961 -1.24172 -3.49961 0.0341587 0.662085 0.0341587 -0.662085 
1 1 0 13.4904 0.1 4.13494 -1.24195 -3.50015 -1.24195 -3.50015 0.0339637 0.661985 0.0339637 -0.661985 
1 1 0 13.4954 0.1 4.13417 -1.24218 -3.5007 -1.24218 -3.5007 0.0337712 0.661885 0.0337712 -0.661885 
1 1 0 13.5003 0.1 4.13341 -1.24241 -3.50125 -1.24241 -3.50125 0.0335813 0.661785 0.0335813 -0.661785 
1 1 0 13.5053 0.1 4.13267 -1.24264 -3.5018 -1.24264 -3.5018 0.0333941 0.661684 0.0333941 -0.661684 
1 1 0 13.5102 0.1 4.13193 -1.24287 -3.50235 -1.24287 -3.50235 0.0332095 0.661584 0.0332095 -0.661584 
1 1 0 13.5152 0.1 4.13121 -1.2431 -3.5029 -1.2431 -3.5029 0.0330274 0.661483 0.0330274 -0.661483 
1 1 0 13.5202 0.1 4.13049 -1.24333 -3.50345 -1.24333 -3.50345 0.032848 0.661382 0.032848 -0.661382 
1 1 0 13.5251 0.1 4.12979 -1.24356 -3.504 -1.24356 -3.504 0.0326712 0.661281 0.0326712 -0.661281 
1 1 0 13.5301 0.1 4.12909 -1.24379 -3.50455 -1.24379 -3.50455 0.0324969 0.66118 0.0324969 -0.66118 
1 1 0 13.5351 0.1 4.12841 -1.24402 -3.5051 -1.24402 -3.5051 0.0323253 0.661079 0.0323253 -0.661079 
1 1 0 13.54 0.1 4.12774 -1.24425 -3.50566 -1.24425 -3.50566 0.0321563 0.660977 0.0321563 -0.660977 
1 1 0 13.545 0.1 4.12708 -1.24447 -3.50621 -1.24447 -3.50621 0.0319898 0.660876 0.0319898 -0.660876 
1 1 0 13.55 0.1 4.12643 -1.2447 -3.50676 -1.2447 -3.50676 0.031826 0.660774 0.031826 -0.660774 
1 1 0 13.5549 0.1 4.12579 -1.24493 -3.50731 -1.24493 -3.50731 0.0316648 0.660672 0.0316648 -0.660672 
1 1 0 13.5599 0.1 4.12516 -1.24516 -3.50786 -1.24516 -3.50786 0.0315061 0.66057 0.0315061 -0.66057 
1 1 0 13.5649 0.1 4.12454 -1.24539 -3.50842 -1.24539 -3.50842 0.0313501 0.660468 0.0313501 -0.660468 
1 1 0 13.5698 0.1 4.12393 -1.24562 -3.50897 -1.24562 -3.50897 0.0311966 0.660366 0.0311966 -0.660366 
1 1 0 13.5748 0.1 4.12334 -1.24585 -3.50953 -1.24585 -3.50953 0.0310457 0.660263 0.0310457 -0.660263 
1 1 0 13.5797 0.1 4.12275 -1.24608 -3.51008 -1.24608 -3.51008 0.0308975 0.66016 0.0308975 -0.66016 
1 1 0 13.5847 0.1 4.12217 -1.2463 -3.51063 -1.2463 -3.51063 0.0307518 0.660058 0.0307518 -0.660058 
1 1 0 13.5897 0.1 4.12161 -1.24653 -3.51119 -1.24653 -3.51119 0.0306087 0.659955 0.0306087 -0.659955 
1 1 0 13.5946 0.1 4.12105 -1.24676 -3.51174 -1.24676 -3.51174 0.0304682 0.659852 0.0304682 -0.659852 
1 1 0 13.5996 0.1 4.12051 -1.24699 -3.5123 -1.24699 -3.5123 0.0303302 0.659748 0.0303302 -0.659748 
1 1 0 13.6046 0.1 4.11998 -1.24722 -3.51286 -1.24722 -3.51286 0.0301949 0.659645 0.0301949 -0.659645 
1 1 0 13.6095 0.1 4.11945 -1.24744 -3.51341 -1.24744 -3.51341 0.0300622 0.659541 0.0300622 -0.659541 
1 1 0 13.6145 0.1 4.11894 -1.24767 -3.51397 -1.24767 -3.51397 0.029932 0.659438 0.029932 -0.659438 
1 1 0 13.6195 0.1 4.11844 -1.2479 -3.51453 -1.2479 -3.51453 0.0298044 0.659334 0.0298044 -0.659334 
1 1 0 13.6244 0.1 4.11795 -1.24813 -3.51508 -1.24813 -3.51508 0.0296794 0.65923 0.0296794 -0.65923 
1 1 0 13.6294 0.1 4.11747 -1.24835 -3.51564 -1.24835 -3.51564 0.0295569 0.659126 0.0295569 -0.659126 
1 1 0 13.6343 0.1 4.11699 -1.24858 -3.5162 -1.24858 -3.5162 0.0294371 0.659022 0.0294371 -0.659022 
1 1 0 13.6393 0.1 4.11653 -1.24881 -3.51676 -1.24881 -3.51676 0.0293198 0.658918 0.0293198 -0.658918 
1 1 0 13.6443 0.1 4.11609 -1.24903 -3.51732 -1.24903 -3.51732 0.0292051 0.658813 0.0292051 -0.658813 
1 1 0 13.6492 0.1 4.11565 -1.24926 -3.51788 -1.24926 -3.51788 0.029093 0.658709 0.029093 -0.658709 
1 1 0 13.6542 0.1 4.11522 -1.24949 -3.51843 -1.24949 -3.51843 0.0289835 0.658604 0.0289835 -0.658604 
1 1 0 13.6592 0.1 4.1148 -1.24971 -3.51899 -1.24971 -3.51899 0.0288765 0.6585 0.0288765 -0.6585 
1 1 0 13.6641 0.1 4.11439 -1.24994 -3.51955 -1.24994 -3.51955 0.0287721 0.658395 0.0287721 -0.658395 
1 1 0 13.6691 0.1 4.11399 -1.25017 -3.52011 -1.25017 -3.52011 0.0286703 0.65829 0.0286703 -0.65829 
1 1 0 13.6741 0.1 4.11361 -1.25039 -3.52068 -1.25039 -3.52068 0.028571 0.658185 0.028571 -0.658185 
1 1 0 13.679 0.1 4.11323 -1.25062 -3.52124 -1.25062 -3.52124 0.0284744 0.658079 0.0284744 -0.658079 
1 1 0 13.684 0.1 4.11287 -1.25085 -3.5218 -1.25085 -3.5218 0.0283803 0.657974 0.0283803 -0.657974 
1 1 0 13.6889 0.1 4.11251 -1.25107 -3.52236 -1.25107 -3.52236 0.0282888 0.657869 0.0282888 -0.657869 
1 1 0 13.6939 0.1 4.11217 -1.2513 -3.52292 -1.2513 -3.52292 0.0281997 0.657763 0.0281997 -0.657763 
1 1 0 13.6989 0.1 4.11183 -1.25152 -3.52348 -1.25152 -3.52348 0.0281134 0.657657 0.0281134 -0.657657 
1 1 0 13.7038 0.1 4.11151 -1.25175 -3.52405 -1.25175 -3.52405 0.0280295 0.657552 0.0280295 -0.657552 
1 1 0 13.7088 0.1 4.11119 -1.25197 -3.52461 -1.25197 -3.52461 0.0279483 0.657446 0.0279483 -0.657446 
1 1 0 13.7138 0.1 4.11089 -1.2522 -3.52517 -1.2522 -3.52517 0.0278696 0.65734 0.0278696 -0.65734 
1 1 0 13.7187 0.1 4.1106 -1.25243 -3.52574 -1.25243 -3.52574 0.0277934 0.657234 0.0277934 -0.657234 
1 1 0 13.7237 0.1 4.11032 -1.25265 -3.5263 -1.25265 -3.5263 0.0277199 0.657128 0.0277199 -0.657128 
1 1 0 13.7287 0.1 4.11004 -1.25288 -3.52687 -1.25288 -3.52687 0.0276489 0.657021 0.0276489 -0.657021 
1 1 0 13.7336 0.1 4.10978 -1.2531 -3.52743 -1.2531 -3.52743 0.0275804 0.656915 0.0275804 -0.656915 
1 1 0 13.7386 0.1 4.10953 -1.25333 -3.528 -1.25333 -3.528 0.0275145 0.656808 0.0275145 -0.656808 
1 1 0 13.7435 0.1 4.10929 -1.25355 -3.52856 -1.25355 -3.52856 0.0274512 0.656702 0.0274512 -0.656702 
1 1 0 13.7485 0.1 4.10906 -1.25378 -3.52913 -1.25378 -3.52913 0.0273905 0.656595 0.0273905 -0.656595 
1 1 0 13.7535 0.1 4.10884 -1.254 -3.52969 -1.254 -3.52969 0.0273322 0.656488 0.0273322 -0.656488 
1 1 0 13.7584 0.1 4.10863 -1.25422 -3.53026 -1.25422 -3.53026 0.0272766 0.656381 0.0272766 -0.656381 
1 1 0 13.7634 0.1 4.10843 -1.25445 -3.53083 -1.25445 -3.53083 0.0272235 0.656274 0.0272235 -0.656274 
1 1 0 13.7684 0.1 4.10825 -1.25467 -3.5314 -1.25467 -3.5314 0.027173 0.656167 0.027173 -0.656167 
1 1 0 13.7733 0.1 4.10807 -1.2549 -3.53196 -1.2549 -3.53196 0.027125 0.65606 0.027125 -0.65606 
1 1 0 13.7783 0.1 4.1079 -1.25512 -3.53253 -1.25512 -3.53253 0.0270796 0.655953 0.0270796 -0.655953 
1 1 0 13.7832 0.1 4.10774 -1.25534 -3.5331 -1.25534 -3.5331 0.0270367 0.655845 0.0270367 -0.655845 
1 1 0 13.7882 0.1 4.1076 -1.25557 -3.53367 -1.25557 -3.53367 0.0269964 0.655738 0.0269964 -0.655738 
1 1 0 13.7932 0.1 4.10746 -1.25579 -3.53424 -1.25579 -3.53424 0.0269586 0.65563 0.0269586 -0.65563 
1 1 0 13.7981 0.1 4.10733 -1.25602 -3.53481 -1.25602 -3.53481 0.0269234 0.655522 0.0269234 -0.655522 
1 1 0 13.8031 0.1 4.10722 -1.25624 -3.53538 -1.25624 -3.53538 0.0268907 0.655415 0.0268907 -0.655415 
1 1 0 13.8081 0.1 4.10711 -1.25646 -3.53595 -1.25646 -3.53595 0.0268607 0.655307 0.0268607 -0.655307 
1 1 0 13.813 0.1 4.10702 -1.25669 -3.53652 -1.25669 -3.53652 0.0268331 0.655199 0.0268331 -0.655199 
1 1 0 13.818 0.1 4.10694 -1.25691 -3.53709 -1.25691 -3.53709 0.0268081 0.655091 0.0268081 -0.655091 
1 1 0 13.8229 0.1 4.10686 -1.25713 -3.53766 -1.25713 -3.53766 0.0267856 0.654982 0.0267856 -0.654982 
1 1 0 13.8279 0.1 4.1068 -1.25736 -3.53823 -1.25736 -3.53823 0.0267657 0.654874 0.0267657 -0.654874 
1 1 0 13.8329 0.1 4.10675 -1.25758 -3.5388 -1.25758 -3.5388 0.0267484 0.654766 0.0267484 -0.654766 
1 1 0 13.8378 0.1 4.1067 -1.2578 -3.53937 -1.2578 -3.53937 0.0267335 0.654657 0.0267335 -0.654657 
1 1 0 13.8428 0.1 4.10667 -1.25802 -3.53995 -1.25802 -3.53995 0.0267212 0.654549 0.0267212 -0.654549 
1 1 0 13.8478 0.1 4.10665 -1.25825 -3.54052 -1.25825 -3.54052 0.0267115 0.65444 0.0267115 -0.65444 
1 1 0 13.8527 0.1 4.10664 -1.25847 -3.54109 -1.25847 -3.54109 0.0267043 0.654331 0.0267043 -0.654331 
1 1 0 13.8577 0.1 4.10664 -1.25869 -3.54167 -1.25869 -3.54167 0.0266997 0.654223 0.0266997 -0.654223 
1 1 0 13.8626 0.1 4.10665 -1.25891 -3.54224 -1.25891 -3.54224 0.0266976 0.654114 0.0266976 -0.654114 
1 1 0 13.8676 0.1 4.10667 -1.25914 -3.54282 -1.25914 -3.54282 0.026698 0.654005 0.026698 -0.654005 
1 1 0 13.8726 0.1 4.1067 -1.25936 -3.54339 -1.25936 -3.54339 0.026701 0.653896 0.026701 -0.653896 
1 1 0 13.8775 0.1 4.10674 -1.25958 -3.54397 -1.25958 -3.54397 0.0267065 0.653786 0.0267065 -0.653786 
1 1 0 13.8825 0.1 4.10679 -1.2598 -3.54454 -1.2598 -3.54454 0.0267146 0.653677 0.0267146 -0.653677 
1 1 0 13.8874 0.1 4.10685 -1.26002 -3.54512 -1.26002 -3.54512 0.0267252 0.653568 0.0267252 -0.653568 
1 1 0 13.8924 0.1 4.10692 -1.26024 -3.54569 -1.26024 -3.54569 0.0267384 0.653458 0.0267384 -0.653458 
1 1 0 13.8974 0.1 4.10701 -1.26047 -3.54627 -1.26047 -3.54627 0.026754 0.653349 0.026754 -0.653349 
1 1 0 13.9023 0.1 4.1071 -1.26069 -3.54685 -1.26069 -3.54685 0.0267723 0.653239 0.0267723 -0.653239 
1 1 0 13.9073 0.1 4.1072 -1.26091 -3.54742 -1.26091 -3.54742 0.026793 0.653129 0.026793 -0.653129 
1 1 0 13.9123 0.1 4.10732 -1.26113 -3.548 -1.26113 -3.548 0.0268163 0.653019 0.0268163 -0.653019 
1 1 0 13.9172 0.1 4.10744 -1.26135 -3.54858 -1.26135 -3.54858 0.0268422 0.652909 0.0268422 -0.652909 
1 1 0 13.9222 0.1 4.10758 -1.26157 -3.54916 -1.26157 -3.54916 0.0268706 0.652799 0.0268706 -0.652799 
1 1 0 13.9271 0.1 4.10772 -1.26179 -3.54974 -1.26179 -3.54974 0.0269014 0.652689 0.0269014 -0.652689 
1 1 0 13.9321 0.1 4.10788 -1.26201 -3.55032 -1.26201 -3.55032 0.0269349 0.652579 0.0269349 -0.652579 
1 1 0 13.9371 0.1 4.10804 -1.26223 -3.55089 -1.26223 -3.55089 0.0269709 0.652468 0.0269709 -0.652468 
1 1 0 13.942 0.1 4.10822 -1.26245 -3.55147 -1.26245 -3.55147 0.0270094 0.652358 0.0270094 -0.652358 
1 1 0 13.947 0.1 4.10841 -1.26268 -3.55205 -1.26268 -3.55205 0.0270505 0.652247 0.0270505 -0.652247 
1 1 0 13.9519 0.1 4.10861 -1.2629 -3.55263 -1.2629 -3.55263 0.027094 0.652137 0.027094 -0.652137 
1 1 0 13.9569 0.1 4.10882 -1.26312 -3.55322 -1.26312 -3.55322 0.0271401 0.652026 0.0271401 -0.652026 
1 1 0 13.9619 0.1 4.10904 -1.26334 -3.5538 -1.26334 -3.5538 0.0271888 0.651915 0.0271888 -0.651915 
1 1 0 13.9668 0.1 4.10926 -1.26356 -3.55438 -1.26356 -3.55438 0.0272399 0.651804 0.0272399 -0.651804 
1 1 0 13.9718 0.1 4.10951 -1.26378 -3.55496 -1.26378 -3.55496 0.0272937 0.651693 0.0272937 -0.651693 
1 1 0 13.9768 0.1 4.10976 -1.264 -3.55554 -1.264 -3.55554 0.0273499 0.651582 0.0273499 -0.651582 
1 1 0 13.9817 0.1 4.11002 -1.26422 -3.55613 -1.26422 -3.55613 0.0274086 0.651471 0.0274086 -0.651471 
1 1 0 13.9867 0.1 4.11029 -1.26444 -3.55671 -1.26444 -3.55671 0.02747 0.651359 0.02747 -0.651359 
1 1 0 13.9916 0.1 4.11057 -1.26465 -3.55729 -1.26465 -3.55729 0.0275337 0.651248 0.0275337 -0.651248 
1 1 0 13.9966 0.1 4.11086 -1.26487 -3.55788 -1.26487 -3.55788 0.0276001 0.651136 0.0276001 -0.651136 
1 1 0 14.0016 0.1 4.11117 -1.26509 -3.55846 -1.26509 -3.55846 0.027669 0.651025 0.027669 -0.651025 
1 1 0 14.0065 0.1 4.11148 -1.26531 -3.55904 -1.26531 -3.55904 0.0277404 0.650913 0.0277404 -0.650913 
1 1 0 14.0115 0.1 4.11181 -1.26553 -3.55963 -1.26553 -3.55963 0.0278144 0.650801 0.0278144 -0.650801 
1 1 0 14.0164 0.1 4.11214 -1.26575 -3.56021 -1.26575 -3.56021 0.0278908 0.650689 0.0278908 -0.650689 
1 1 0 14.0214 0.1 4.11249 -1.26597 -3.5608 -1.26597 -3.5608 0.0279698 0.650577 0.0279698 -0.650577 
1 1 0 14.0264 0.1 4.11285 -1.26619 -3.56139 -1.26619 -3.56139 0.0280513 0.650465 0.0280513 -0.650465 
1 1 0 14.0313 0.1 4.11321 -1.26641 -3.56197 -1.26641 -3.56197 0.0281354 0.650353 0.0281354 -0.650353 
1 1 0 14.0363 0.1 4.11359 -1.26663 -3.56256 -1.26663 -3.56256 0.028222 0.65024 0.028222 -0.65024 
1 1 0 14.0412 0.1 4.11398 -1.26684 -3.56315 -1.26684 -3.56315 0.0283111 0.650128 0.0283111 -0.650128 
1 1 0 14.0462 0.1 4.11438 -1.26706 -3.56373 -1.26706 -3.56373 0.0284027 0.650015 0.0284027 -0.650015 
1 1 0 14.0512 0.1 4.11479 -1.26728 -3.56432 -1.26728 -3.56432 0.0284968 0.649902 0.0284968 -0.649902 
1 1 0 14.0561 0.1 4.11521 -1.2675 -3.56491 -1.2675 -3.56491 0.0285935 0.649789 0.0285935 -0.649789 
1 1 0 14.0611 0.1 4.11564 -1.26772 -3.5655 -1.26772 -3.5655 0.0286927 0.649676 0.0286927 -0.649676 
1 1 0 14.066 0.1 4.11608 -1.26793 -3.56609 -1.26793 -3.56609 0.0287944 0.649563 0.0287944 -0.649563 
1 1 0 14.071 0.1 4.11654 -1.26815 -3.56668 -1.26815 -3.56668 0.0288987 0.64945 0.0288987 -0.64945 
1 1 0 14.076 0.1 4.117 -1.26837 -3.56727 -1.26837 -3.56727 0.0290055 0.649337 0.0290055 -0.649337 
1 1 0 14.0809 0.1 4.11747 -1.26859 -3.56786 -1.26859 -3.56786 0.0291148 0.649223 0.0291148 -0.649223 
1 1 0 14.0859 0.1 4.11796 -1.26881 -3.56845 -1.26881 -3.56845 0.0292266 0.64911 0.0292266 -0.64911 
1 1 0 14.0908 0.1 4.11845 -1.26902 -3.56904 -1.26902 -3.56904 0.029341 0.648996 0.029341 -0.648996 
1 1 0 14.0958 0.1 4.11896 -1.26924 -3.56963 -1.26924 -3.56963 0.0294578 0.648882 0.0294578 -0.648882 
1 1 0 14.1008 0.1 4.11948 -1.26946 -3.57022 -1.26946 -3.57022 0.0295772 0.648768 0.0295772 -0.648768 
1 1 0 14.1057 0.1 4.12001 -1.26967 -3.57081 -1.26967 -3.57081 0.0296991 0.648654 0.0296991 -0.648654 
1 1 0 14.1107 0.1 4.12055 -1.26989 -3.57141 -1.26989 -3.57141 0.0298235 0.64854 0.0298235 -0.64854 
1 1 0 14.1156 0.1 4.1211 -1.27011 -3.572 -1.27011 -3.572 0.0299505 0.648425 0.0299505 -0.648425 
1 1 0 14.1206 0.1 4.12166 -1.27032 -3.57259 -1.27032 -3.57259 0.0300799 0.648311 0.0300799 -0.648311 
1 1 0 14.1256 0.1 4.12223 -1.27054 -3.57318 -1.27054 -3.57318 0.030212 0.648196 0.030212 -0.648196 
1 1 0 14.1305 0.1 4.12281 -1.27076 -3.57378 -1.27076 -3.57378 0.0303465 0.648081 0.0303465 -0.648081 
1 1 0 14.1355 0.1 4.1234 -1.27097 -3.57437 -1.27097 -3.57437 0.0304835 0.647966 0.0304835 -0.647966 
1 1 0 14.1404 0.1 4.12401 -1.27119 -3.57497 -1.27119 -3.57497 0.0306231 0.647851 0.0306231 -0.647851 
1 1 0 14.1454 0.1 4.12462 -1.27141 -3.57556 -1.27141 -3.57556 0.0307652 0.647736 0.0307652 -0.647736 
1 1 0 14.1504 0.1 4.12525 -1.27162 -3.57616 -1.27162 -3.57616 0.0309098 0.647621 0.0309098 -0.647621 
1 1 0 14.1553 0.1 4.12589 -1.27184 -3.57675 -1.27184 -3.57675 0.0310569 0.647505 0.0310569 -0.647505 
1 1 0 14.1603 0.1 4.12653 -1.27206 -3.57735 -1.27206 -3.57735 0.0312065 0.64739 0.0312065 -0.64739 
1 1 0 14.1652 0.1 4.12719 -1.27227 -3.57795 -1.27227 -3.57795 0.0313587 0.647274 0.0313587 -0.647274 
1 1 0 14.1702 0.1 4.12786 -1.27249 -3.57854 -1.27249 -3.57854 0.0315134 0.647158 0.0315134 -0.647158 
1 1 0 14.1752 0.1 4.12854 -1.2727 -3.57914 -1.2727 -3.57914 0.0316706 0.647042 0.0316706 -0.647042 
1 1 0 14.1801 0.1 4.12924 -1.27292 -3.57974 -1.27292 -3.57974 0.0318304 0.646926 0.0318304 -0.646926 
1 1 0 14.1851 0.1 4.12994 -1.27313 -3.58034 -1.27313 -3.58034 0.0319926 0.646809 0.0319926 -0.646809 
1 1 0 14.19 0.1 4.13065 -1.27335 -3.58093 -1.27335 -3.58093 0.0321574 0.646693 0.0321574 -0.646693 
1 1 0 14.195 0.1 4.13138 -1.27356 -3.58153 -1.27356 -3.58153 0.0323246 0.646576 0.0323246 -0.646576 
1 1 0 14.2 0.1 4.13212 -1.27378 -3.58213 -1.27378 -3.58213 0.0324944 0.646459 0.0324944 -0.646459 
1 1 0 14.2049 0.1 4.13286 -1.27399 -3.58273 -1.27399 -3.58273 0.0326668 0.646342 0.0326668 -0.646342 
1 1 0 14.2099 0.1 4.13362 -1.27421 -3.58333 -1.27421 -3.58333 0.0328416 0.646225 0.0328416 -0.646225 
1 1 0 14.2148 0.1 4.13439 -1.27442 -3.58393 -1.27442 -3.58393 0.033019 0.646108 0.033019 -0.646108 
1 1 0 14.2198 0.1 4.13517 -1.27464 -3.58453 -1.27464 -3.58453 0.0331989 0.64599 0.0331989 -0.64599 
1 1 0 14.2248 0.1 4.13597 -1.27485 -3.58513 -1.27485 -3.58513 0.0333813 0.645872 0.0333813 -0.645872 
1 1 0 14.2297 0.1 4.13677 -1.27507 -3.58574 -1.27507 -3.58574 0.0335662 0.645754 0.0335662 -0.645754 
1 1 0 14.2347 0.1 4.13758 -1.27528 -3.58634 -1.27528 -3.58634 0.0337537 0.645636 0.0337537 -0.645636 
1 1 0 14.2396 0.1 4.13841 -1.2755 -3.58694 -1.2755 -3.58694 0.0339436 0.645518 0.0339436 -0.645518 
1 1 0 14.2446 0.1 4.13925 -1.27571 -3.58754 -1.27571 -3.58754 0.0341362 0.6454 0.0341362 -0.6454 
1 1 0 14.2496 0.1 4.14009 -1.27592 -3.58815 -1.27592 -3.58815 0.0343312 0.645281 0.0343312 -0.645281 
1 1 0 14.2545 0.1 4.14095 -1.27614 -3.58875 -1.27614 -3.58875 0.0345287 0.645162 0.0345287 -0.645162 
1 1 0 14.2595 0.1 4.14182 -1.27635 -3.58935 -1.27635 -3.58935 0.0347287 0.645043 0.0347287 -0.645043 
1 1 0 14.2644 0.1 4.14271 -1.27657 -3.58996 -1.27657 -3.58996 0.0349313 0.644924 0.0349313 -0.644924 
1 1 0 14.2694 0.1 4.1436 -1.27678 -3.59056 -1.27678 -3.59056 0.0351364 0.644805 0.0351364 -0.644805 
1 1 0 14.2743 0.1 4.14451 -1.27699 -3.59117 -1.27699 -3.59117 0.035344 0.644685 0.035344 -0.644685 
1 1 0 14.2793 0.1 4.14542 -1.27721 -3.59177 -1.27721 -3.59177 0.0355542 0.644565 0.0355542 -0.644565 
1 1 0 14.2843 0.1 4.14635 -1.27742 -3.59238 -1.27742 -3.59238 0.0357669 0.644445 0.0357669 -0.644445 
1 1 0 14.2892 0.1 4.14729 -1.27763 -3.59299 -1.27763 -3.59299 0.035982 0.644325 0.035982 -0.644325 
1 1 0 14.2942 0.1 4.14824 -1.27785 -3.59359 -1.27785 -3.59359 0.0361997 0.644205 0.0361997 -0.644205 
1 1 0 14.2991 0.1 4.1492 -1.27806 -3.5942 -1.27806 -3.5942 0.03642 0.644084 0.03642 -0.644084 
1 1 0 14.3041 0.1 4.15018 -1.27827 -3.59481 -1.27827 -3.59481 0.0366427 0.643963 0.0366427 -0.643963 
1 1 0 14.3091 0.1 4.15116 -1.27848 -3.59542 -1.27848 -3.59542 0.036868 0.643842 0.036868 -0.643842 
1 1 0 14.314 0.1 4.15216 -1.2787 -3.59602 -1.2787 -3.59602 0.0370958 0.643721 0.0370958 -0.643721 
1 1 0 14.319 0.1 4.15317 -1.27891 -3.59663 -1.27891 -3.59663 0.0373261 0.6436 0.0373261 -0.6436 
1 1 0 14.3239 0.1 4.15419 -1.27912 -3.59724 -1.27912 -3.59724 0.037559 0.643478 0.037559 -0.643478 
1 1 0 14.3289 0.1 4.15522 -1.27933 -3.59785 -1.27933 -3.59785 0.0377943 0.643356 0.0377943 -0.643356 
1 1 0 14.3338 0.1 4.15626 -1.27955 -3.59846 -1.27955 -3.59846 0.0380322 0.643234 0.0380322 -0.643234 
1 1 0 14.3388 0.1 4.15732 -1.27976 -3.59907 -1.27976 -3.59907 0.0382726 0.643111 0.0382726 -0.643111 
1 1 0 14.3438 0.1 4.15839 -1.27997 -3.59968 -1.27997 -3.59968 0.0385155 0.642989 0.0385155 -0.642989 
1 1 0 14.3487 0.1 4.15947 -1.28018 -3.60029 -1.28018 -3.60029 0.0387611 0.642866 0.0387611 -0.642866 
1 1 0 14.3537 0.1 4.16056 -1.28039 -3.60091 -1.28039 -3.60091 0.039009 0.642743 0.039009 -0.642743 
1 1 0 14.3586 0.1 4.16166 -1.28061 -3.60152 -1.28061 -3.60152 0.0392596 0.642619 0.0392596 -0.642619 
1 1 0 14.3636 0.1 4.16277 -1.28082 -3.60213 -1.28082 -3.60213 0.0395126 0.642496 0.0395126 -0.642496 
1 1 0 14.3686 0.1 4.1639 -1.28103 -3.60274 -1.28103 -3.60274 0.0397682 0.642372 0.0397682 -0.642372 
1 1 0 14.3735 0.1 4.16504 -1.28124 -3.60336 -1.28124 -3.60336 0.0400263 0.642248 0.0400263 -0.642248 
1 1 0 14.3785 0.1 4.16619 -1.28145 -3.60397 -1.28145 -3.60397 0.0402869 0.642124 0.0402869 -0.642124 
1 1 0 14.3834 0.1 4.16735 -1.28166 -3.60458 -1.28166 -3.60458 0.0405501 0.641999 0.0405501 -0.641999 
1 1 0 14.3884 0.1 4.16852 -1.28187 -3.6052 -1.28187 -3.6052 0.0408158 0.641874 0.0408158 -0.641874 
1 1 0 14.3933 0.1 4.16971 -1.28209 -3.60581 -1.28209 -3.60581 0.041084 0.641749 0.041084 -0.641749 
1 1 0 14.3983 0.1 4.17091 -1.2823 -3.60643 -1.2823 -3.60643 0.0413548 0.641624 0.0413548 -0.641624 
1 1 0 14.4033 0.1 4.17211 -1.28251 -3.60704 -1.28251 -3.60704 0.041628 0.641498 0.041628 -0.641498 
1 1 0 14.4082 0.1 4.17334 -1.28272 -3.60766 -1.28272 -3.60766 0.0419038 0.641372 0.0419038 -0.641372 
1 1 0 14.4132 0.1 4.17457 -1.28293 -3.60828 -1.28293 -3.60828 0.0421822 0.641246 0.0421822 -0.641246 
1 1 0 14.4181 0.1 4.17582 -1.28314 -3.60889 -1.28314 -3.60889 0.042463 0.641119 0.042463 -0.641119 
1 1 0 14.4231 0.1 4.17707 -1.28335 -3.60951 -1.28335 -3.60951 0.0427464 0.640992 0.0427464 -0.640992 
1 1 0 14.428 0.1 4.17835 -1.28356 -3.61013 -1.28356 -3.61013 0.0430324 0.640865 0.0430324 -0.640865 
1 1 0 14.433 0.1 4.17963 -1.28377 -3.61075 -1.28377 -3.61075 0.0433208 0.640738 0.0433208 -0.640738 
1 1 0 14.438 0.1 4.18092 -1.28398 -3.61137 -1.28398 -3.61137 0.0436118 0.64061 0.0436118 -0.64061 
1 1 0 14.4429 0.1 4.18223 -1.28419 -3.61199 -1.28419 -3.61199 0.0439054 0.640482 0.0439054 -0.640482 
1 1 0 14.4479 0.1 4.18355 -1.2844 -3.6126 -1.2844 -3.6126 0.0442014 0.640354 0.0442014 -0.640354 
1 1 0 14.4528 0.1 4.18488 -1.28461 -3.61322 -1.28461 -3.61322 0.0445 0.640225 0.0445 -0.640225 
1 1 0 14.4578 0.1 4.18623 -1.28482 -3.61384 -1.28482 -3.61384 0.0448012 0.640096 0.0448012 -0.640096 
1 1 0 14.4627 0.1 4.18758 -1.28503 -3.61447 -1.28503 -3.61447 0.0451049 0.639967 0.0451049 -0.639967 
1 1 0 14.4677 0.1 4.18895 -1.28524 -3.61509 -1.28524 -3.61509 0.0454111 0.639837 0.0454111 -0.639837 
1 1 0 14.4727 0.1 4.19033 -1.28545 -3.61571 -1.28545 -3.61571 0.0457198 0.639707 0.0457198 -0.639707 
1 1 0 14.4776 0.1 4.19173 -1.28566 -3.61633 -1.28566 -3.61633 0.0460311 0.639577 0.0460311 -0.639577 
1 1 0 14.4826 0.1 4.19313 -1.28587 -3.61695 -1.28587 -3.61695 0.046345 0.639447 0.046345 -0.639447 
1 1 0 14.4875 0.1 4.19455 -1.28607 -3.61758 -1.28607 -3.61758 0.0466614 0.639316 0.0466614 -0.639316 
1 1 0 14.4925 0.1 4.19599 -1.28628 -3.6182 -1.28628 -3.6182 0.0469803 0.639184 0.0469803 -0.639184 
1 1 0 14.4974 0.1 4.19743 -1.28649 -3.61882 -1.28649 -3.61882 0.0473018 0.639053 0.0473018 -0.639053 
1 1 0 14.5024 0.1 4.19889 -1.2867 -3.61945 -1.2867 -3.61945 0.0476258 0.638921 0.0476258 -0.638921 
1 1 0 14.5073 0.1 4.20036 -1.28691 -3.62007 -1.28691 -3.62007 0.0479523 0.638789 0.0479523 -0.638789 
1 1 0 14.5123 0.1 4.20184 -1.28712 -3.6207 -1.28712 -3.6207 0.0482814 0.638656 0.0482814 -0.638656 
1 1 0 14.5173 0.1 4.20334 -1.28733 -3.62132 -1.28733 -3.62132 0.048613 0.638523 0.048613 -0.638523 
1 1 0 14.5222 0.1 4.20484 -1.28753 -3.62195 -1.28753 -3.62195 0.0489472 0.63839 0.0489472 -0.63839 
1 1 0 14.5272 0.1 4.20637 -1.28774 -3.62258 -1.28774 -3.62258 0.049284 0.638256 0.049284 -0.638256 
1 1 0 14.5321 0.1 4.2079 -1.28795 -3.6232 -1.28795 -3.6232 0.0496232 0.638122 0.0496232 -0.638122 
1 1 0 14.5371 0.1 4.20945 -1.28816 -3.62383 -1.28816 -3.62383 0.049965 0.637987 0.049965 -0.637987 
1 1 0 14.542 0.1 4.21101 -1.28837 -3.62446 -1.28837 -3.62446 0.0503094 0.637852 0.0503094 -0.637852 
1 1 0 14.547 0.1 4.21258 -1.28857 -3.62509 -1.28857 -3.62509 0.0506564 0.637717 0.0506564 -0.637717 
1 1 0 14.552 0.1 4.21417 -1.28878 -3.62571 -1.28878 -3.62571 0.0510058 0.637581 0.0510058 -0.637581 
1 1 0 14.5569 0.1 4.21577 -1.28899 -3.62634 -1.28899 -3.62634 0.0513579 0.637445 0.0513579 -0.637445 
1 1 0 14.5619 0.1 4.21738 -1.2892 -3.62697 -1.2892 -3.62697 0.0517125 0.637309 0.0517125 -0.637309 
1 1 0 14.5668 0.1 4.219 -1.2894 -3.6276 -1.2894 -3.6276 0.0520696 0.637172 0.0520696 -0.637172 
1 1 0 14.5718 0.1 4.22064 -1.28961 -3.62823 -1.28961 -3.62823 0.0524293 0.637035 0.0524293 -0.637035 
1 1 0 14.5767 0.1 4.2223 -1.28982 -3.62886 -1.28982 -3.62886 0.0527915 0.636897 0.0527915 -0.636897 
1 1 0 14.5817 0.1 4.22396 -1.29003 -3.62949 -1.29003 -3.62949 0.0531564 0.636759 0.0531564 -0.636759 
1 1 0 14.5866 0.1 4.22564 -1.29023 -3.63013 -1.29023 -3.63013 0.0535238 0.63662 0.0535238 -0.63662 
1 1 0 14.5916 0.1 4.22733 -1.29044 -3.63076 -1.29044 -3.63076 0.0538937 0.636481 0.0538937 -0.636481 
1 1 0 14.5966 0.1 4.22904 -1.29065 -3.63139 -1.29065 -3.63139 0.0542662 0.636342 0.0542662 -0.636342 
1 1 0 14.6015 0.1 4.23076 -1.29085 -3.63202 -1.29085 -3.63202 0.0546413 0.636202 0.0546413 -0.636202 
1 1 0 14.6065 0.1 4.23249 -1.29106 -3.63266 -1.29106 -3.63266 0.0550189 0.636062 0.0550189 -0.636062 
1 1 0 14.6114 0.1 4.23424 -1.29127 -3.63329 -1.29127 -3.63329 0.055399 0.635921 0.055399 -0.635921 
1 1 0 14.6164 0.1 4.236 -1.29147 -3.63393 -1.29147 -3.63393 0.0557818 0.63578 0.0557818 -0.63578 
1 1 0 14.6213 0.1 4.23777 -1.29168 -3.63456 -1.29168 -3.63456 0.0561671 0.635638 0.0561671 -0.635638 
1 1 0 14.6263 0.1 4.23956 -1.29188 -3.6352 -1.29188 -3.6352 0.056555 0.635496 0.056555 -0.635496 
1 1 0 14.6312 0.1 4.24136 -1.29209 -3.63583 -1.29209 -3.63583 0.0569455 0.635354 0.0569455 -0.635354 
1 1 0 14.6362 0.1 4.24318 -1.2923 -3.63647 -1.2923 -3.63647 0.0573385 0.63521 0.0573385 -0.63521 
1 1 0 14.6412 0.1 4.24501 -1.2925 -3.63711 -1.2925 -3.63711 0.0577341 0.635067 0.0577341 -0.635067 
1 1 0 14.6461 0.1 4.24685 -1.29271 -3.63774 -1.29271 -3.63774 0.0581323 0.634923 0.0581323 -0.634923 
1 1 0 14.6511 0.1 4.24871 -1.29291 -3.63838 -1.29291 -3.63838 0.058533 0.634778 0.058533 -0.634778 
1 1 0 14.656 0.1 4.25058 -1.29312 -3.63902 -1.29312 -3.63902 0.0589364 0.634633 0.0589364 -0.634633 
1 1 0 14.661 0.1 4.25246 -1.29332 -3.63966 -1.29332 -3.63966 0.0593423 0.634488 0.0593423 -0.634488 
1 1 0 14.6659 0.1 4.25436 -1.29353 -3.6403 -1.29353 -3.6403 0.0597507 0.634342 0.0597507 -0.634342 
1 1 0 14.6709 0.1 4.25628 -1.29373 -3.64094 -1.29373 -3.64094 0.0601618 0.634195 0.0601618 -0.634195 
1 1 0 14.6758 0.1 4.25821 -1.29394 -3.64158 -1.29394 -3.64158 0.0605754 0.634048 0.0605754 -0.634048 
1 1 0 14.6808 0.1 4.26015 -1.29414 -3.64222 -1.29414 -3.64222 0.0609917 0.633901 0.0609917 -0.633901 
1 1 0 14.6857 0.1 4.2621 -1.29435 -3.64286 -1.29435 -3.64286 0.0614105 0.633753 0.0614105 -0.633753 
1 1 0 14.6907 0.1 4.26407 -1.29455 -3.6435 -1.29455 -3.6435 0.0618319 0.633604 0.0618319 -0.633604 
1 1 0 14.6957 0.1 4.26606 -1.29476 -3.64414 -1.29476 -3.64414 0.0622558 0.633455 0.0622558 -0.633455 
1 1 0 14.7006 0.1 4.26806 -1.29496 -3.64478 -1.29496 -3.64478 0.0626824 0.633305 0.0626824 -0.633305 
1 1 0 14.7056 0.1 4.27007 -1.29517 -3.64543 -1.29517 -3.64543 0.0631116 0.633155 0.0631116 -0.633155 
1 1 0 14.7105 0.1 4.2721 -1.29537 -3.64607 -1.29537 -3.64607 0.0635434 0.633004 0.0635434 -0.633004 
1 1 0 14.7155 0.1 4.27415 -1.29557 -3.64671 -1.29557 -3.64671 0.0639777 0.632853 0.0639777 -0.632853 
1 1 0 14.7204 0.1 4.2762 -1.29578 -3.64736 -1.29578 -3.64736 0.0644147 0.632701 0.0644147 -0.632701 
1 1 0 14.7254 0.1 4.27828 -1.29598 -3.648 -1.29598 -3.648 0.0648542 0.632548 0.0648542 -0.632548 
1 1 0 14.7303 0.1 4.28037 -1.29618 -3.64865 -1.29618 -3.64865 0.0652963 0.632395 0.0652963 -0.632395 
1 1 0 14.7353 0.1 4.28247 -1.29639 -3.64929 -1.29639 -3.64929 0.0657411 0.632241 0.0657411 -0.632241 
1 1 0 14.7402 0.1 4.28459 -1.29659 -3.64994 -1.29659 -3.64994 0.0661884 0.632087 0.0661884 -0.632087 
1 1 0 14.7452 0.1 4.28672 -1.2968 -3.65058 -1.2968 -3.65058 0.0666384 0.631932 0.0666384 -0.631932 
1 1 0 14.7501 0.1 4.28887 -1.297 -3.65123 -1.297 -3.65123 0.067091 0.631777 0.067091 -0.631777 
1 1 0 14.7551 0.1 4.29103 -1.2972 -3.65188 -1.2972 -3.65188 0.0675461 0.63162 0.0675461 -0.63162 
1 1 0 14.7601 0.1 4.29321 -1.29741 -3.65253 -1.29741 -3.65253 0.0680039 0.631464 0.0680039 -0.631464 
1 1 0 14.765 0.1 4.2954 -1.29761 -3.65318 -1.29761 -3.65318 0.0684642 0.631306 0.0684642 -0.631306 
1 1 0 14.77 0.1 4.29761 -1.29781 -3.65383 -1.29781 -3.65383 0.0689272 0.631148 0.0689272 -0.631148 
1 1 0 14.7749 0.1 4.29984 -1.29801 -3.65447 -1.29801 -3.65447 0.0693929 0.63099 0.0693929 -0.63099 
1 1 0 14.7799 0.1 4.30207 -1.29822 -3.65512 -1.29822 -3.65512 0.0698611 0.63083 0.0698611 -0.63083 
1 1 0 14.7848 0.1 4.30433 -1.29842 -3.65578 -1.29842 -3.65578 0.070332 0.630671 0.070332 -0.630671 
1 1 0 14.7898 0.1 4.3066 -1.29862 -3.65643 -1.29862 -3.65643 0.0708054 0.63051 0.0708054 -0.63051 
1 1 0 14.7947 0.1 4.30889 -1.29882 -3.65708 -1.29882 -3.65708 0.0712815 0.630349 0.0712815 -0.630349 
1 1 0 14.7997 0.1 4.31119 -1.29903 -3.65773 -1.29903 -3.65773 0.0717602 0.630187 0.0717602 -0.630187 
1 1 0 14.8046 0.1 4.31351 -1.29923 -3.65838 -1.29923 -3.65838 0.0722416 0.630024 0.0722416 -0.630024 
1 1 0 14.8096 0.1 4.31584 -1.29943 -3.65904 -1.29943 -3.65904 0.0727255 0.629861 0.0727255 -0.629861 
1 1 0 14.8145 0.1 4.31819 -1.29963 -3.65969 -1.29963 -3.65969 0.0732121 0.629697 0.0732121 -0.629697 
1 1 0 14.8195 0.1 4.32056 -1.29983 -3.66034 -1.29983 -3.66034 0.0737013 0.629532 0.0737013 -0.629532 
1 1 0 14.8244 0.1 4.32294 -1.30004 -3.661 -1.30004 -3.661 0.0741932 0.629367 0.0741932 -0.629367 
1 1 0 14.8294 0.1 4.32534 -1.30024 -3.66165 -1.30024 -3.66165 0.0746877 0.629201 0.0746877 -0.629201 
1 1 0 14.8344 0.1 4.32775 -1.30044 -3.66231 -1.30044 -3.66231 0.0751848 0.629034 0.0751848 -0.629034 
1 1 0 14.8393 0.1 4.33018 -1.30064 -3.66296 -1.30064 -3.66296 0.0756846 0.628867 0.0756846 -0.628867 
1 1 0 14.8443 0.1 4.33263 -1.30084 -3.66362 -1.30084 -3.66362 0.0761871 0.628698 0.0761871 -0.628698 
1 1 0 14.8492 0.1 4.33509 -1.30104 -3.66428 -1.30104 -3.66428 0.0766921 0.62853 0.0766921 -0.62853 
1 1 0 14.8542 0.1 4.33757 -1.30124 -3.66494 -1.30124 -3.66494 0.0771999 0.62836 0.0771999 -0.62836 
1 1 0 14.8591 0.1 4.34007 -1.30144 -3.66559 -1.30144 -3.66559 0.0777102 0.628189 0.0777102 -0.628189 
1 1 0 14.8641 0.1 4.34258 -1.30164 -3.66625 -1.30164 -3.66625 0.0782232 0.628018 0.0782232 -0.628018 
1 1 0 14.869 0.1 4.34511 -1.30184 -3.66691 -1.30184 -3.66691 0.0787389 0.627846 0.0787389 -0.627846 
1 1 0 14.874 0.1 4.34765 -1.30205 -3.66757 -1.30205 -3.66757 0.0792572 0.627673 0.0792572 -0.627673 
1 1 0 14.8789 0.1 4.35022 -1.30225 -3.66823 -1.30225 -3.66823 0.0797782 0.6275 0.0797782 -0.6275 
1 1 0 14.8839 0.1 4.3528 -1.30245 -3.66889 -1.30245 -3.66889 0.0803019 0.627325 0.0803019 -0.627325 
1 1 0 14.8888 0.1 4.3554 -1.30265 -3.66955 -1.30265 -3.66955 0.0808282 0.62715 0.0808282 -0.62715 
1 1 0 14.8938 0.1 4.35801 -1.30285 -3.67021 -1.30285 -3.67021 0.0813572 0.626974 0.0813572 -0.626974 
1 1 0 14.8987 0.1 4.36064 -1.30305 -3.67088 -1.30305 -3.67088 0.0818889 0.626797 0.0818889 -0.626797 
1 1 0 14.9037 0.1 4.36329 -1.30325 -3.67154 -1.30325 -3.67154 0.0824232 0.62662 0.0824232 -0.62662 
1 1 0 14.9086 0.1 4.36596 -1.30345 -3.6722 -1.30345 -3.6722 0.0829602 0.626441 0.0829602 -0.626441 
1 1 0 14.9136 0.1 4.36864 -1.30365 -3.67287 -1.30365 -3.67287 0.0834998 0.626262 0.0834998 -0.626262 
1 1 0 14.9185 0.1 4.37134 -1.30385 -3.67353 -1.30385 -3.67353 0.0840422 0.626082 0.0840422 -0.626082 
1 1 0 14.9235 0.1 4.37406 -1.30404 -3.6742 -1.30404 -3.6742 0.0845873 0.625901 0.0845873 -0.625901 
1 1 0 14.9284 0.1 4.3768 -1.30424 -3.67486 -1.30424 -3.67486 0.085135 0.625719 0.085135 -0.625719 
1 1 0 14.9334 0.1 4.37955 -1.30444 -3.67553 -1.30444 -3.67553 0.0856854 0.625536 0.0856854 -0.625536 
1 1 0 14.9383 0.1 4.38232 -1.30464 -3.67619 -1.30464 -3.67619 0.0862385 0.625353 0.0862385 -0.625353 
1 1 0 14.9433 0.1 4.38511 -1.30484 -3.67686 -1.30484 -3.67686 0.0867943 0.625168 0.0867943 -0.625168 
1 1 0 14.9483 0.1 4.38792 -1.30504 -3.67753 -1.30504 -3.67753 0.0873528 0.624983 0.0873528 -0.624983 
1 1 0 14.9532 0.1 4.39075 -1.30524 -3.6782 -1.30524 -3.6782 0.087914 0.624797 0.087914 -0.624797 
1 1 0 14.9582 0.1 4.39359 -1.30544 -3.67887 -1.30544 -3.67887 0.0884779 0.62461 0.0884779 -0.62461 
1 1 0 14.9631 0.1 4.39645 -1.30564 -3.67953 -1.30564 -3.67953 0.0890445 0.624422 0.0890445 -0.624422 
1 1 0 14.9681 0.1 4.39934 -1.30583 -3.6802 -1.30583 -3.6802 0.0896138 0.624233 0.0896138 -0.624233 
1 1 0 14.973 0.1 4.40224 -1.30603 -3.68087 -1.30603 -3.68087 0.0901858 0.624043 0.0901858 -0.624043 
1 1 0 14.978 0.1 4.40515 -1.30623 -3.68155 -1.30623 -3.68155 0.0907606 0.623852 0.0907606 -0.623852 
1 1 0 14.9829 0.1 4.40809 -1.30643 -3.68222 -1.30643 -3.68222 0.091338 0.62366 0.091338 -0.62366 
1 1 0 14.9879 0.1 4.41105 -1.30663 -3.68289 -1.30663 -3.68289 0.0919182 0.623467 0.0919182 -0.623467 
1 1 0 14.9928 0.1 4.41402 -1.30682 -3.68356 -1.30682 -3.68356 0.0925011 0.623273 0.0925011 -0.623273 
1 1 0 14.9978 0.1 4.41702 -1.30702 -3.68423 -1.30702 -3.68423 0.0930867 0.623078 0.0930867 -0.623078 
1 1 0 15.0027 0.1 4.42003 -1.30722 -3.68491 -1.30722 -3.68491 0.0936751 0.622883 0.0936751 -0.622883 
1 1 0 15.0077 0.1 4.42306 -1.30742 -3.68558 -1.30742 -3.68558 0.0942661 0.622686 0.0942661 -0.622686 
1 1 0 15.0126 0.1 4.42611 -1.30761 -3.68626 -1.30761 -3.68626 0.0948599 0.622488 0.0948599 -0.622488 
1 1 0 15.0176 0.1 4.42919 -1.30781 -3.68693 -1.30781 -3.68693 0.0954565 0.622289 0.0954565 -0.622289 
1 1 0 15.0225 0.1 4.43228 -1.30801 -3.68761 -1.30801 -3.68761 0.0960558 0.62209 0.0960558 -0.62209 
1 1 0 15.0275 0.1 4.43539 -1.30821 -3.68828 -1.30821 -3.68828 0.0966579 0.621889 0.0966579 -0.621889 
1 1 0 15.0324 0.1 4.43852 -1.3084 -3.68896 -1.3084 -3.68896 0.0972627 0.621687 0.0972627 -0.621687 
1 1 0 15.0374 0.1 4.44167 -1.3086 -3.68964 -1.3086 -3.68964 0.0978702 0.621484 0.0978702 -0.621484 
1 1 0 15.0423 0.1 4.44484 -1.3088 -3.69032 -1.3088 -3.69032 0.0984805 0.62128 0.0984805 -0.62128 
1 1 0 15.0473 0.1 4.44803 -1.30899 -3.691 -1.30899 -3.691 0.0990936 0.621075 0.0990936 -0.621075 
1 1 0 15.0522 0.1 4.45124 -1.30919 -3.69167 -1.30919 -3.69167 0.0997094 0.620868 0.0997094 -0.620868 
1 1 0 15.0572 0.1 4.45447 -1.30939 -3.69235 -1.30939 -3.69235 0.100328 0.620661 0.100328 -0.620661 
1 1 0 15.0621 0.1 4.45772 -1.30958 -3.69304 -1.30958 -3.69304 0.100949 0.620453 0.100949 -0.620453 
1 1 0 15.0671 0.1 4.46099 -1.30978 -3.69372 -1.30978 -3.69372 0.101574 0.620243 0.101574 -0.620243 
1 1 0 15.072 0.1 4.46428 -1.30997 -3.6944 -1.30997 -3.6944 0.1022 0.620033 0.1022 -0.620033 
1 1 0 15.077 0.1 4.4676 -1.31017 -3.69508 -1.31017 -3.69508 0.10283 0.619821 0.10283 -0.619821 
1 1 0 15.0819 0.1 4.47093 -1.31037 -3.69576 -1.31037 -3.69576 0.103463 0.619608 0.103463 -0.619608 
1 1 0 15.0869 0.1 4.47428 -1.31056 -3.69645 -1.31056 -3.69645 0.104098 0.619394 0.104098 -0.619394 
1 1 0 15.0918 0.1 4.47766 -1.31076 -3.69713 -1.31076 -3.69713 0.104736 0.619179 0.104736 -0.619179 
1 1 0 15.0968 0.1 4.48106 -1.31095 -3.69781 -1.31095 -3.69781 0.105377 0.618962 0.105377 -0.618962 
1 1 0 15.1017 0.1 4.48448 -1.31115 -3.6985 -1.31115 -3.6985 0.10602 0.618745 0.10602 -0.618745 
1 1 0 15.1067 0.1 4.48792 -1.31134 -3.69919 -1.31134 -3.69919 0.106667 0.618526 0.106667 -0.618526 
1 1 0 15.1116 0.1 4.49138 -1.31154 -3.69987 -1.31154 -3.69987 0.107316 0.618306 0.107316 -0.618306 
1 1 0 15.1165 0.1 4.49486 -1.31173 -3.70056 -1.31173 -3.70056 0.107968 0.618085 0.107968 -0.618085 
1 1 0 15.1215 0.1 4.49837 -1.31193 -3.70125 -1.31193 -3.70125 0.108623 0.617862 0.108623 -0.617862 
1 1 0 15.1264 0.1 4.5019 -1.31212 -3.70193 -1.31212 -3.70193 0.109281 0.617638 0.109281 -0.617638 
1 1 0 15.1314 0.1 4.50545 -1.31232 -3.70262 -1.31232 -3.70262 0.109942 0.617413 0.109942 -0.617413 
1 1 0 15.1363 0.1 4.50902 -1.31251 -3.70331 -1.31251 -3.70331 0.110605 0.617187 0.110605 -0.617187 
1 1 0 15.1413 0.1 4.51261 -1.3127 -3.704 -1.3127 -3.704 0.111271 0.61696 0.111271 -0.61696 
1 1 0 15.1462 0.1 4.51623 -1.3129 -3.70469 -1.3129 -3.70469 0.11194 0.616731 0.11194 -0.616731 
1 1 0 15.1512 0.1 4.51987 -1.31309 -3.70538 -1.31309 -3.70538 0.112612 0.616501 0.112612 -0.616501 
1 1 0 15.1561 0.1 4.52353 -1.31329 -3.70608 -1.31329 -3.70608 0.113287 0.616269 0.113287 -0.616269 
1 1 0 15.1611 0.1 4.52722 -1.31348 -3.70677 -1.31348 -3.70677 0.113964 0.616037 0.113964 -0.616037 
1 1 0 15.166 0.1 4.53093 -1.31367 -3.70746 -1.31367 -3.70746 0.114645 0.615803 0.114645 -0.615803 
1 1 0 15.171 0.1 4.53466 -1.31387 -3.70815 -1.31387 -3.70815 0.115328 0.615567 0.115328 -0.615567 
1 1 0 15.1759 0.1 4.53842 -1.31406 -3.70885 -1.31406 -3.70885 0.116014 0.61533 0.116014 -0.61533 
1 1 0 15.1809 0.1 4.5422 -1.31425 -3.70954 -1.31425 -3.70954 0.116703 0.615092 0.116703 -0.615092 
1 1 0 15.1858 0.1 4.546 -1.31445 -3.71024 -1.31445 -3.71024 0.117395 0.614853 0.117395 -0.614853 
1 1 0 15.1908 0.1 4.54983 -1.31464 -3.71094 -1.31464 -3.71094 0.11809 0.614612 0.11809 -0.614612 
1 1 0 15.1957 0.1 4.55368 -1.31483 -3.71163 -1.31483 -3.71163 0.118788 0.61437 0.118788 -0.61437 
1 1 0 15.2007 0.1 4.55756 -1.31503 -3.71233 -1.31503 -3.71233 0.119488 0.614126 0.119488 -0.614126 
1 1 0 15.2056 0.1 4.56146 -1.31522 -3.71303 -1.31522 -3.71303 0.120192 0.613881 0.120192 -0.613881 
1 1 0 15.2106 0.1 4.56538 -1.31541 -3.71373 -1.31541 -3.71373 0.120898 0.613634 0.120898 -0.613634 
1 1 0 15.2155 0.1 4.56933 -1.3156 -3.71443 -1.3156 -3.71443 0.121608 0.613386 0.121608 -0.613386 
1 1 0 15.2205 0.1 4.5733 -1.3158 -3.71513 -1.3158 -3.71513 0.12232 0.613137 0.12232 -0.613137 
1 1 0 15.2254 0.1 4.5773 -1.31599 -3.71583 -1.31599 -3.71583 0.123035 0.612886 0.123035 -0.612886 
1 1 0 15.2303 0.1 4.58133 -1.31618 -3.71653 -1.31618 -3.71653 0.123753 0.612633 0.123753 -0.612633 
1 1 0 15.2353 0.1 4.58538 -1.31637 -3.71723 -1.31637 -3.71723 0.124474 0.612379 0.124474 -0.612379 
1 1 0 15.2402 0.1 4.58945 -1.31656 -3.71793 -1.31656 -3.71793 0.125198 0.612124 0.125198 -0.612124 
1 1 0 15.2452 0.1 4.59356 -1.31676 -3.71864 -1.31676 -3.71864 0.125925 0.611867 0.125925 -0.611867 
1 1 0 15.2501 0.1 4.59768 -1.31695 -3.71934 -1.31695 -3.71934 0.126654 0.611608 0.126654 -0.611608 
1 1 0 15.2551 0.1 4.60184 -1.31714 -3.72004 -1.31714 -3.72004 0.127387 0.611348 0.127387 -0.611348 
1 1 0 15.26 0.1 4.60602 -1.31733 -3.72075 -1.31733 -3.72075 0.128123 0.611086 0.128123 -0.611086 
1 1 0 15.265 0.1 4.61022 -1.31752 -3.72145 -1.31752 -3.72145 0.128861 0.610823 0.128861 -0.610823 
1 1 0 15.2699 0.1 4.61445 -1.31771 -3.72216 -1.31771 -3.72216 0.129603 0.610558 0.129603 -0.610558 
1 1 0 15.2749 0.1 4.61871 -1.3179 -3.72287 -1.3179 -3.72287 0.130347 0.610291 0.130347 -0.610291 
1 1 0 15.2798 0.1 4.623 -1.31809 -3.72358 -1.31809 -3.72358 0.131095 0.610023 0.131095 -0.610023 
1 1 0 15.2848 0.1 4.62731 -1.31829 -3.72428 -1.31829 -3.72428 0.131846 0.609753 0.131846 -0.609753 
1 1 0 15.2897 0.1 4.63166 -1.31848 -3.72499 -1.31848 -3.72499 0.132599 0.609482 0.132599 -0.609482 
1 1 0 15.2946 0.1 4.63602 -1.31867 -3.7257 -1.31867 -3.7257 0.133355 0.609209 0.133355 -0.609209 
1 1 0 15.2996 0.1 4.64042 -1.31886 -3.72641 -1.31886 -3.72641 0.134115 0.608934 0.134115 -0.608934 
1 1 0 15.3045 0.1 4.64485 -1.31905 -3.72713 -1.31905 -3.72713 0.134877 0.608657 0.134877 -0.608657 
1 1 0 15.3095 0.1 4.6493 -1.31924 -3.72784 -1.31924 -3.72784 0.135643 0.608379 0.135643 -0.608379 
1 1 0 15.3144 0.1 4.65378 -1.31943 -3.72855 -1.31943 -3.72855 0.136411 0.608099 0.136411 -0.608099 
1 1 0 15.3194 0.1 4.65829 -1.31962 -3.72926 -1.31962 -3.72926 0.137183 0.607817 0.137183 -0.607817 
1 1 0 15.3243 0.1 4.66283 -1.31981 -3.72998 -1.31981 -3.72998 0.137958 0.607534 0.137958 -0.607534 
1 1 0 15.3293 0.1 4.6674 -1.32 -3.73069 -1.32 -3.73069 0.138735 0.607248 0.138735 -0.607248 
1 1 0 15.3342 0.1 4.67199 -1.32019 -3.73141 -1.32019 -3.73141 0.139516 0.606961 0.139516 -0.606961 
1 1 0 15.3392 0.1 4.67662 -1.32037 -3.73212 -1.32037 -3.73212 0.1403 0.606672 0.1403 -0.606672 
1 1 0 15.3441 0.1 4.68128 -1.32056 -3.73284 -1.32056 -3.73284 0.141086 0.606381 0.141086 -0.606381 
1 1 0 15.349 0.1 4.68596 -1.32075 -3.73356 -1.32075 -3.73356 0.141876 0.606089 0.141876 -0.606089 
1 1 0 15.354 0.1 4.69068 -1.32094 -3.73428 -1.32094 -3.73428 0.142669 0.605795 0.142669 -0.605795 
1 1 0 15.3589 0.1 4.69543 -1.32113 -3.735 -1.32113 -3.735 0.143465 0.605498 0.143465 -0.605498 
1 1 0 15.3639 0.1 4.70021 -1.32132 -3.73572 -1.32132 -3.73572 0.144264 0.6052 0.144264 -0.6052 
1 1 0 15.3688 0.1 4.70502 -1.32151 -3.73644 -1.32151 -3.73644 0.145066 0.6049 0.145066 -0.6049 
1 1 0 15.3738 0.1 4.70985 -1.3217 -3.73716 -1.3217 -3.73716 0.145871 0.604598 0.145871 -0.604598 
1 1 0 15.3787 0.1 4.71473 -1.32188 -3.73788 -1.32188 -3.73788 0.14668 0.604294 0.14668 -0.604294 
1 1 0 15.3837 0.1 4.71963 -1.32207 -3.7386 -1.32207 -3.7386 0.147491 0.603988 0.147491 -0.603988 
1 1 0 15.3886 0.1 4.72456 -1.32226 -3.73933 -1.32226 -3.73933 0.148306 0.60368 0.148306 -0.60368 
1 1 0 15.3935 0.1 4.72953 -1.32245 -3.74005 -1.32245 -3.74005 0.149123 0.60337 0.149123 -0.60337 
1 1 0 15.3985 0.1 4.73453 -1.32264 -3.74077 -1.32264 -3.74077 0.149944 0.603058 0.149944 -0.603058 
1 1 0 15.4034 0.1 4.73956 -1.32282 -3.7415 -1.32282 -3.7415 0.150768 0.602744 0.150768 -0.602744 
1 1 0 15.4084 0.1 4.74463 -1.32301 -3.74223 -1.32301 -3.74223 0.151595 0.602428 0.151595 -0.602428 
1 1 0 15.4133 0.1 4.74972 -1.3232 -3.74295 -1.3232 -3.74295 0.152426 0.60211 0.152426 -0.60211 
1 1 0 15.4183 0.1 4.75486 -1.32338 -3.74368 -1.32338 -3.74368 0.153259 0.60179 0.153259 -0.60179 
1 1 0 15.4232 0.1 4.76002 -1.32357 -3.74441 -1.32357 -3.74441 0.154096 0.601467 0.154096 -0.601467 
1 1 0 15.4281 0.1 4.76522 -1.32376 -3.74514 -1.32376 -3.74514 0.154936 0.601143 0.154936 -0.601143 
1 1 0 15.4331 0.1 4.77045 -1.32395 -3.74587 -1.32395 -3.74587 0.155779 0.600816 0.155779 -0.600816 
1 1 0 15.438 0.1 4.77572 -1.32413 -3.7466 -1.32413 -3.7466 0.156625 0.600488 0.156625 -0.600488 
1 1 0 15.443 0.1 4.78102 -1.32432 -3.74733 -1.32432 -3.74733 0.157474 0.600157 0.157474 -0.600157 
1 1 0 15.4479 0.1 4.78636 -1.3245 -3.74807 -1.3245 -3.74807 0.158327 0.599824 0.158327 -0.599824 
1 1 0 15.4529 0.1 4.79173 -1.32469 -3.7488 -1.32469 -3.7488 0.159183 0.599489 0.159183 -0.599489 
1 1 0 15.4578 0.1 4.79714 -1.32488 -3.74953 -1.32488 -3.74953 0.160042 0.599151 0.160042 -0.599151 
1 1 0 15.4627 0.1 4.80259 -1.32506 -3.75027 -1.32506 -3.75027 0.160904 0.598811 0.160904 -0.598811 
1 1 0 15.4677 0.1 4.80807 -1.32525 -3.751 -1.32525 -3.751 0.161769 0.598469 0.161769 -0.598469 
1 1 0 15.4726 0.1 4.81359 -1.32543 -3.75174 -1.32543 -3.75174 0.162638 0.598125 0.162638 -0.598125 
1 1 0 15.4776 0.1 4.81914 -1.32562 -3.75248 -1.32562 -3.75248 0.16351 0.597778 0.16351 -0.597778 
1 1 0 15.4825 0.1 4.82474 -1.32581 -3.75321 -1.32581 -3.75321 0.164386 0.597429 0.164386 -0.597429 
1 1 0 15.4875 0.1 4.83037 -1.32599 -3.75395 -1.32599 -3.75395 0.165264 0.597078 0.165264 -0.597078 
1 1 0 15.4924 0.1 4.83603 -1.32618 -3.75469 -1.32618 -3.75469 0.166146 0.596724 0.166146 -0.596724 
1 1 0 15.4973 0.1 4.84174 -1.32636 -3.75543 -1.32636 -3.75543 0.167031 0.596368 0.167031 -0.596368 
1 1 0 15.5023 0.1 4.84748 -1.32654 -3.75617 -1.32654 -3.75617 0.16792 0.596009 0.16792 -0.596009 
1 1 0 15.5072 0.1 4.85327 -1.32673 -3.75692 -1.32673 -3.75692 0.168812 0.595648 0.168812 -0.595648 
1 1 0 15.5122 0.1 4.85909 -1.32691 -3.75766 -1.32691 -3.75766 0.169707 0.595285 0.169707 -0.595285 
1 1 0 15.5171 0.1 4.86495 -1.3271 -3.7584 -1.3271 -3.7584 0.170606 0.594919 0.170606 -0.594919 
1 1 0 15.522 0.1 4.87086 -1.32728 -3.75915 -1.32728 -3.75915 0.171507 0.59455 0.171507 -0.59455 
1 1 0 15.527 0.1 4.8768 -1.32747 -3.75989 -1.32747 -3.75989 0.172413 0.594179 0.172413 -0.594179 
1 1 0 15.5319 0.1 4.88279 -1.32765 -3.76064 -1.32765 -3.76064 0.173321 0.593805 0.173321 -0.593805 
1 1 0 15.5369 0.1 4.88881 -1.32783 -3.76139 -1.32783 -3.76139 0.174233 0.593429 0.174233 -0.593429 
1 1 0 15.5418 0.1 4.89488 -1.32802 -3.76213 -1.32802 -3.76213 0.175149 0.59305 0.175149 -0.59305 
1 1 0 15.5467 0.1 4.90099 -1.3282 -3.76288 -1.3282 -3.76288 0.176067 0.592669 0.176067 -0.592669 
1 1 0 15.5517 0.1 4.90714 -1.32838 -3.76363 -1.32838 -3.76363 0.17699 0.592285 0.17699 -0.592285 
1 1 0 15.5566 0.1 4.91333 -1.32857 -3.76438 -1.32857 -3.76438 0.177915 0.591898 0.177915 -0.591898 
1 1 0 15.5616 0.1 4.91957 -1.32875 -3.76513 -1.32875 -3.76513 0.178844 0.591509 0.178844 -0.591509 
1 1 0 15.5665 0.1 4.92585 -1.32893 -3.76589 -1.32893 -3.76589 0.179777 0.591116 0.179777 -0.591116 
1 1 0 15.5714 0.1 4.93217 -1.32912 -3.76664 -1.32912 -3.76664 0.180713 0.590721 0.180713 -0.590721 
1 1 0 15.5764 0.1 4.93854 -1.3293 -3.76739 -1.3293 -3.76739 0.181652 0.590324 0.181652 -0.590324 
1 1 0 15.5813 0.1 4.94495 -1.32948 -3.76815 -1.32948 -3.76815 0.182595 0.589923 0.182595 -0.589923 
1 1 0 15.5863 0.1 4.95141 -1.32966 -3.7689 -1.32966 -3.7689 0.183541 0.58952 0.183541 -0.58952 
1 1 0 15.5912 0.1 4.95792 -1.32985 -3.76966 -1.32985 -3.76966 0.184491 0.589114 0.184491 -0.589114 
1 1 0 15.5961 0.1 4.96447 -1.33003 -3.77042 -1.33003 -3.77042 0.185445 0.588705 0.185445 -0.588705 
1 1 0 15.6011 0.1 4.97106 -1.33021 -3.77118 -1.33021 -3.77118 0.186401 0.588293 0.186401 -0.588293 
1 1 0 15.606 0.1 4.97771 -1.33039 -3.77194 -1.33039 -3.77194 0.187362 0.587878 0.187362 -0.587878 
1 1 0 15.611 0.1 4.9844 -1.33057 -3.7727 -1.33057 -3.7727 0.188326 0.58746 0.188326 -0.58746 
1 1 0 15.6159 0.1 4.99114 -1.33075 -3.77346 -1.33075 -3.77346 0.189293 0.587039 0.189293 -0.587039 
1 1 0 15.6208 0.1 4.99793 -1.33094 -3.77422 -1.33094 -3.77422 0.190265 0.586615 0.190265 -0.586615 
1 1 0 15.6258 0.1 5.00476 -1.33112 -3.77498 -1.33112 -3.77498 0.191239 0.586188 0.191239 -0.586188 
1 1 0 15.6307 0.1 5.01165 -1.3313 -3.77575 -1.3313 -3.77575 0.192218 0.585758 0.192218 -0.585758 
1 1 0 15.6356 0.1 5.01859 -1.33148 -3.77651 -1.33148 -3.77651 0.1932 0.585325 0.1932 -0.585325 
1 1 0 15.6406 0.1 5.02557 -1.33166 -3.77728 -1.33166 -3.77728 0.194185 0.584889 0.194185 -0.584889 
1 1 0 15.6455 0.1 5.03261 -1.33184 -3.77804 -1.33184 -3.77804 0.195174 0.584449 0.195174 -0.584449 
1 1 0 15.6505 0.1 5.0397 -1.33202 -3.77881 -1.33202 -3.77881 0.196167 0.584006 0.196167 -0.584006 
1 1 0 15.6554 0.1 5.04684 -1.3322 -3.77958 -1.3322 -3.77958 0.197164 0.583561 0.197164 -0.583561 
1 1 0 15.6603 0.1 5.05403 -1.33238 -3.78035 -1.33238 -3.78035 0.198164 0.583111 0.198164 -0.583111 
1 1 0 15.6653 0.1 5.06128 -1.33256 -3.78112 -1.33256 -3.78112 0.199168 0.582659 0.199168 -0.582659 
1 1 0 15.6702 0.1 5.06858 -1.33274 -3.78189 -1.33274 -3.78189 0.200175 0.582203 0.200175 -0.582203 
1 1 0 15.6751 0.1 5.07593 -1.33292 -3.78266 -1.33292 -3.78266 0.201187 0.581744 0.201187 -0.581744 
1 1 0 15.6801 0.1 5.08334 -1.3331 -3.78344 -1.3331 -3.78344 0.202202 0.581282 0.202202 -0.581282 
1 1 0 15.685 0.1 5.09081 -1.33328 -3.78421 -1.33328 -3.78421 0.20322 0.580816 0.20322 -0.580816 
1 1 0 15.69 0.1 5.09833 -1.33346 -3.78499 -1.33346 -3.78499 0.204243 0.580347 0.204243 -0.580347 
1 1 0 15.6949 0.1 5.10591 -1.33364 -3.78576 -1.33364 -3.78576 0.205269 0.579874 0.205269 -0.579874 
1 1 0 15.6998 0.1 5.11354 -1.33381 -3.78654 -1.33381 -3.78654 0.206299 0.579398 0.206299 -0.579398 
1 1 0 15.7048 0.1 5.12123 -1.33399 -3.78732 -1.33399 -3.78732 0.207333 0.578918 0.207333 -0.578918 
1 1 0 15.7097 0.1 5.12899 -1.33417 -3.7881 -1.33417 -3.7881 0.208371 0.578434 0.208371 -0.578434 
1 1 0 15.7146 0.1 5.1368 -1.33435 -3.78888 -1.33435 -3.78888 0.209413 0.577947 0.209413 -0.577947 
1 1 0 15.7196 0.1 5.14467 -1.33453 -3.78966 -1.33453 -3.78966 0.210458 0.577457 0.210458 -0.577457 
1 1 0 15.7245 0.1 5.1526 -1.3347 -3.79044 -1.3347 -3.79044 0.211507 0.576962 0.211507 -0.576962 
1 1 0 15.7294 0.1 5.16059 -1.33488 -3.79123 -1.33488 -3.79123 0.212561 0.576464 0.212561 -0.576464 
1 1 0 15.7344 0.1 5.16864 -1.33506 -3.79201 -1.33506 -3.79201 0.213618 0.575962 0.213618 -0.575962 
1 1 0 15.7393 0.1 5.17676 -1.33524 -3.7928 -1.33524 -3.7928 0.214679 0.575456 0.214679 -0.575456 
1 1 0 15.7442 0.1 5.18494 -1.33541 -3.79358 -1.33541 -3.79358 0.215744 0.574947 0.215744 -0.574947 
1 1 0 15.7492 0.1 5.19319 -1.33559 -3.79437 -1.33559 -3.79437 0.216813 0.574433 0.216813 -0.574433 
1 1 0 15.7541 0.1 5.20149 -1.33577 -3.79516 -1.33577 -3.79516 0.217886 0.573916 0.217886 -0.573916 
1 1 0 15.759 0.1 5.20987 -1.33594 -3.79595 -1.33594 -3.79595 0.218963 0.573395 0.218963 -0.573395 
1 1 0 15.764 0.1 5.21831 -1.33612 -3.79674 -1.33612 -3.79674 0.220043 0.57287 0.220043 -0.57287 
1 1 0 15.7689 0.1 5.22682 -1.3363 -3.79753 -1.3363 -3.79753 0.221128 0.57234 0.221128 -0.57234 
1 1 0 15.7738 0.1 5.23539 -1.33647 -3.79832 -1.33647 -3.79832 0.222217 0.571807 0.222217 -0.571807 
1 1 0 15.7788 0.1 5.24404 -1.33665 -3.79912 -1.33665 -3.79912 0.22331 0.571269 0.22331 -0.571269 
1 1 0 15.7837 0.1 5.25275 -1.33683 -3.79991 -1.33683 -3.79991 0.224407 0.570728 0.224407 -0.570728 
1 1 0 15.7886 0.1 5.26154 -1.337 -3.80071 -1.337 -3.80071 0.225509 0.570182 0.225509 -0.570182 
1 1 0 15.7936 0.1 5.27039 -1.33718 -3.80151 -1.33718 -3.80151 0.226614 0.569632 0.226614 -0.569632 
1 1 0 15.7985 0.1 5.27932 -1.33735 -3.80231 -1.33735 -3.80231 0.227723 0.569077 0.227723 -0.569077 
1 1 0 15.8034 0.1 5.28832 -1.33753 -3.80311 -1.33753 -3.80311 0.228837 0.568518 0.228837 -0.568518 
1 1 0 15.8084 0.1 5.2974 -1.3377 -3.80391 -1.3377 -3.80391 0.229955 0.567955 0.229955 -0.567955 
1 1 0 15.8133 0.1 5.30655 -1.33788 -3.80471 -1.33788 -3.80471 0.231077 0.567388 0.231077 -0.567388 
1 1 0 15.8182 0.1 5.31578 -1.33805 -3.80551 -1.33805 -3.80551 0.232203 0.566816 0.232203 -0.566816 
1 1 0 15.8232 0.1 5.32508 -1.33823 -3.80632 -1.33823 -3.80632 0.233334 0.566239 0.233334 -0.566239 
1 1 0 15.8281 0.1 5.33446 -1.3384 -3.80712 -1.3384 -3.80712 0.234468 0.565658 0.234468 -0.565658 
1 1 0 15.833 0.1 5.34392 -1.33857 -3.80793 -1.33857 -3.80793 0.235607 0.565072 0.235607 -0.565072 
1 1 0 15.838 0.1 5.35346 -1.33875 -3.80874 -1.33875 -3.80874 0.236751 0.564482 0.236751 -0.564482 
1 1 0 15.8429 0.1 5.36308 -1.33892 -3.80955 -1.33892 -3.80955 0.237898 0.563887 0.237898 -0.563887 
1 1 0 15.8478 0.1 5.37278 -1.33909 -3.81036 -1.33909 -3.81036 0.23905 0.563287 0.23905 -0.563287 
1 1 0 15.8528 0.1 5.38257 -1.33927 -3.81117 -1.33927 -3.81117 0.240207 0.562682 0.240207 -0.562682 
1 1 0 15.8577 0.1 5.39244 -1.33944 -3.81198 -1.33944 -3.81198 0.241367 0.562072 0.241367 -0.562072 
1 1 0 15.8626 0.1 5.40239 -1.33961 -3.81279 -1.33961 -3.81279 0.242533 0.561458 0.242533 -0.561458 
1 1 0 15.8675 0.1 5.41243 -1.33979 -3.81361 -1.33979 -3.81361 0.243702 0.560838 0.243702 -0.560838 
1 1 0 15.8725 0.1 5.42256 -1.33996 -3.81443 -1.33996 -3.81443 0.244876 0.560214 0.244876 -0.560214 
1 1 0 15.8774 0.1 5.43278 -1.34013 -3.81524 -1.34013 -3.81524 0.246055 0.559584 0.246055 -0.559584 
1 1 0 15.8823 0.1 5.44309 -1.3403 -3.81606 -1.3403 -3.81606 0.247238 0.558949 0.247238 -0.558949 
1 1 0 15.8873 0.1 5.45349 -1.34047 -3.81688 -1.34047 -3.81688 0.248426 0.558309 0.248426 -0.558309 
1 1 0 15.8922 0.1 5.46398 -1.34065 -3.8177 -1.34065 -3.8177 0.249618 0.557664 0.249618 -0.557664 
1 1 0 15.8971 0.1 5.47456 -1.34082 -3.81853 -1.34082 -3.81853 0.250815 0.557014 0.250815 -0.557014 
1 1 0 15.9021 0.1 5.48524 -1.34099 -3.81935 -1.34099 -3.81935 0.252016 0.556358 0.252016 -0.556358 
1 1 0 15.907 0.1 5.49602 -1.34116 -3.82018 -1.34116 -3.82018 0.253222 0.555696 0.253222 -0.555696 
1 1 0 15.9119 0.1 5.50689 -1.34133 -3.821 -1.34133 -3.821 0.254433 0.555029 0.254433 -0.555029 
1 1 0 15.9168 0.1 5.51786 -1.3415 -3.82183 -1.3415 -3.82183 0.255648 0.554357 0.255648 -0.554357 
1 1 0 15.9218 0.1 5.52894 -1.34167 -3.82266 -1.34167 -3.82266 0.256868 0.553679 0.256868 -0.553679 
1 1 0 15.9267 0.1 5.54011 -1.34184 -3.82349 -1.34184 -3.82349 0.258093 0.552995 0.258093 -0.552995 
1 1 0 15.9316 0.1 5.55139 -1.34201 -3.82432 -1.34201 -3.82432 0.259323 0.552305 0.259323 -0.552305 
1 1 0 15.9365 0.1 5.56278 -1.34218 -3.82516 -1.34218 -3.82516 0.260558 0.55161 0.260558 -0.55161 
1 1 0 15.9415 0.1 5.57427 -1.34235 -3.82599 -1.34235 -3.82599 0.261797 0.550909 0.261797 -0.550909 
1 1 0 15.9464 0.1 5.58586 -1.34252 -3.82683 -1.34252 -3.82683 0.263041 0.550201 0.263041 -0.550201 
1 1 0 15.9513 0.1 5.59757 -1.34269 -3.82767 -1.34269 -3.82767 0.26429 0.549488 0.26429 -0.549488 
1 1 0 15.9563 0.1 5.60939 -1.34286 -3.82851 -1.34286 -3.82851 0.265544 0.548769 0.265544 -0.548769 
1 1 0 15.9612 0.1 5.62133 -1.34303 -3.82935 -1.34303 -3.82935 0.266803 0.548043 0.266803 -0.548043 
1 1 0 15.9661 0.1 5.63337 -1.3432 -3.83019 -1.3432 -3.83019 0.268068 0.547311 0.268068 -0.547311 
1 1 0 15.971 0.1 5.64554 -1.34336 -3.83103 -1.34336 -3.83103 0.269337 0.546573 0.269337 -0.546573 
1 1 0 15.976 0.1 5.65782 -1.34353 -3.83188 -1.34353 -3.83188 0.270611 0.545829 0.270611 -0.545829 
1 1 0 15.9809 0.1 5.67023 -1.3437 -3.83272 -1.3437 -3.83272 0.27189 0.545078 0.27189 -0.545078 
1 1 0 15.9858 0.1 5.68275 -1.34387 -3.83357 -1.34387 -3.83357 0.273174 0.54432 0.273174 -0.54432 
1 1 0 15.9907 0.1 5.6954 -1.34404 -3.83442 -1.34404 -3.83442 0.274464 0.543556 0.274464 -0.543556 
1 1 0 15.9957 0.1 5.70818 -1.3442 -3.83527 -1.3442 -3.83527 0.275759 0.542785 0.275759 -0.542785 
1 1 0 16.0006 0.1 5.72108 -1.34437 -3.83612 -1.34437 -3.83612 0.277059 0.542007 0.277059 -0.542007 
1 1 0 16.0055 0.1 5.73411 -1.34454 -3.83698 -1.34454 -3.83698 0.278364 0.541222 0.278364 -0.541222 
1 1 0 16.0104 0.1 5.74728 -1.3447 -3.83783 -1.3447 -3.83783 0.279674 0.54043 0.279674 -0.54043 
1 1 0 16.0153 0.1 5.76058 -1.34487 -3.83869 -1.34487 -3.83869 0.28099 0.539632 0.28099 -0.539632 
1 1 0 16.0203 0.1 5.77402 -1.34504 -3.83955 -1.34504 -3.83955 0.282311 0.538826 0.282311 -0.538826 
1 1 0 16.0252 0.1 5.7876 -1.3452 -3.84041 -1.3452 -3.84041 0.283638 0.538013 0.283638 -0.538013 
1 1 0 16.0301 0.1 5.80132 -1.34537 -3.84127 -1.34537 -3.84127 0.28497 0.537192 0.28497 -0.537192 
1 1 0 16.035 0.1 5.81518 -1.34553 -3.84213 -1.34553 -3.84213 0.286308 0.536364 0.286308 -0.536364 
1 1 0 16.04 0.1 5.82919 -1.3457 -3.843 -1.3457 -3.843 0.287651 0.535528 0.287651 -0.535528 
1 1 0 16.0449 0.1 5.84334 -1.34586 -3.84386 -1.34586 -3.84386 0.289 0.534685 0.289 -0.534685 
1 1 0 16.0498 0.1 5.85765 -1.34603 -3.84473 -1.34603 -3.84473 0.290354 0.533834 0.290354 -0.533834 
1 1 0 16.0547 0.1 5.87212 -1.34619 -3.8456 -1.34619 -3.8456 0.291715 0.532975 0.291715 -0.532975 
1 1 0 16.0596 0.1 5.88673 -1.34636 -3.84647 -1.34636 -3.84647 0.29308 0.532109 0.29308 -0.532109 
1 1 0 16.0646 0.1 5.90151 -1.34652 -3.84735 -1.34652 -3.84735 0.294452 0.531234 0.294452 -0.531234 
1 1 0 16.0695 0.1 5.91645 -1.34668 -3.84822 -1.34668 -3.84822 0.295829 0.530351 0.295829 -0.530351 
1 1 0 16.0744 0.1 5.93156 -1.34685 -3.8491 -1.34685 -3.8491 0.297213 0.52946 0.297213 -0.52946 
1 1 0 16.0793 0.1 5.94684 -1.34701 -3.84998 -1.34701 -3.84998 0.298602 0.52856 0.298602 -0.52856 
1 1 0 16.0842 0.1 5.96228 -1.34717 -3.85086 -1.34717 -3.85086 0.299997 0.527652 0.299997 -0.527652 
1 1 0 16.0892 0.1 5.9779 -1.34734 -3.85174 -1.34734 -3.85174 0.301398 0.526735 0.301398 -0.526735 
1 1 0 16.0941 0.1 5.9937 -1.3475 -3.85262 -1.3475 -3.85262 0.302805 0.525809 0.302805 -0.525809 
1 1 0 16.099 0.1 6.00968 -1.34766 -3.85351 -1.34766 -3.85351 0.304218 0.524875 0.304218 -0.524875 
1 1 0 16.1039 0.1 6.02584 -1.34782 -3.85439 -1.34782 -3.85439 0.305638 0.523931 0.305638 -0.523931 
1 1 0 16.1088 0.1 6.0422 -1.34798 -3.85528 -1.34798 -3.85528 0.307063 0.522979 0.307063 -0.522979 
1 1 0 16.1138 0.1 6.05874 -1.34814 -3.85617 -1.34814 -3.85617 0.308495 0.522017 0.308495 -0.522017 
1 1 0 16.1187 0.1 6.07548 -1.34831 -3.85707 -1.34831 -3.85707 0.309933 0.521046 0.309933 -0.521046 
1 1 0 16.1236 0.1 6.09242 -1.34847 -3.85796 -1.34847 -3.85796 0.311378 0.520065 0.311378 -0.520065 
1 1 0 16.1285 0.1 6.10956 -1.34863 -3.85886 -1.34863 -3.85886 0.312829 0.519074 0.312829 -0.519074 
1 1 0 16.1334 0.1 6.12691 -1.34879 -3.85976 -1.34879 -3.85976 0.314286 0.518074 0.314286 -0.518074 
1 1 0 16.1383 0.1 6.14447 -1.34895 -3.86066 -1.34895 -3.86066 0.31575 0.517064 0.31575 -0.517064 
1 1 0 16.1433 0.1 6.16225 -1.34911 -3.86156 -1.34911 -3.86156 0.31722 0.516043 0.31722 -0.516043 
1 1 0 16.1482 0.1 6.18024 -1.34927 -3.86247 -1.34927 -3.86247 0.318698 0.515013 0.318698 -0.515013 
1 1 0 16.1531 0.1 6.19846 -1.34942 -3.86337 -1.34942 -3.86337 0.320182 0.513972 0.320182 -0.513972 
1 1 0 16.158 0.1 6.21691 -1.34958 -3.86428 -1.34958 -3.86428 0.321672 0.51292 0.321672 -0.51292 
1 1 0 16.1629 0.1 6.2356 -1.34974 -3.86519 -1.34974 -3.86519 0.32317 0.511857 0.32317 -0.511857 
1 1 0 16.1678 0.1 6.25452 -1.3499 -3.8661 -1.3499 -3.8661 0.324674 0.510784 0.324674 -0.510784 
1 1 0 16.1727 0.1 6.27369 -1.35006 -3.86702 -1.35006 -3.86702 0.326186 0.509699 0.326186 -0.509699 
1 1 0 16.1776 0.1 6.29311 -1.35022 -3.86794 -1.35022 -3.86794 0.327704 0.508603 0.327704 -0.508603 
1 1 0 16.1826 0.1 6.31278 -1.35037 -3.86886 -1.35037 -3.86886 0.32923 0.507496 0.32923 -0.507496 
1 1 0 16.1875 0.1 6.33272 -1.35053 -3.86978 -1.35053 -3.86978 0.330763 0.506377 0.330763 -0.506377 
1 1 0 16.1924 0.1 6.35292 -1.35069 -3.8707 -1.35069 -3.8707 0.332303 0.505247 0.332303 -0.505247 
1 1 0 16.1973 0.1 6.37339 -1.35084 -3.87163 -1.35084 -3.87163 0.333851 0.504104 0.333851 -0.504104 
1 1 0 16.2022 0.1 6.39414 -1.351 -3.87255 -1.351 -3.87255 0.335405 0.502949 0.335405 -0.502949 
1 1 0 16.2071 0.1 6.41518 -1.35115 -3.87348 -1.35115 -3.87348 0.336968 0.501781 0.336968 -0.501781 
1 1 0 16.212 0.1 6.43651 -1.35131 -3.87442 -1.35131 -3.87442 0.338538 0.500601 0.338538 -0.500601 
1 1 0 16.2169 0.1 6.45813 -1.35146 -3.87535 -1.35146 -3.87535 0.340116 0.499408 0.340116 -0.499408 
1 1 0 16.2218 0.1 6.48007 -1.35162 -3.87629 -1.35162 -3.87629 0.341701 0.498202 0.341701 -0.498202 
1 1 0 16.2268 0.1 6.50231 -1.35177 -3.87723 -1.35177 -3.87723 0.343294 0.496982 0.343294 -0.496982 
1 1 0 16.2317 0.1 6.52488 -1.35193 -3.87817 -1.35193 -3.87817 0.344895 0.495749 0.344895 -0.495749 
1 1 0 16.2366 0.1 6.54777 -1.35208 -3.87912 -1.35208 -3.87912 0.346505 0.494503 0.346505 -0.494503 
1 1 0 16.2415 0.1 6.571 -1.35223 -3.88006 -1.35223 -3.88006 0.348122 0.493242 0.348122 -0.493242 
1 1 0 16.2464 0.1 6.59458 -1.35239 -3.88101 -1.35239 -3.88101 0.349748 0.491966 0.349748 -0.491966 
1 1 0 16.2513 0.1 6.61851 -1.35254 -3.88196 -1.35254 -3.88196 0.351381 0.490677 0.351381 -0.490677 
1 1 0 16.2562 0.1 6.6428 -1.35269 -3.88292 -1.35269 -3.88292 0.353024 0.489372 0.353024 -0.489372 
1 1 0 16.2611 0.1 6.66746 -1.35284 -3.88388 -1.35284 -3.88388 0.354674 0.488052 0.354674 -0.488052 
1 1 0 16.266 0.1 6.6925 -1.35299 -3.88484 -1.35299 -3.88484 0.356334 0.486717 0.356334 -0.486717 
1 1 0 16.2709 0.1 6.71794 -1.35315 -3.8858 -1.35315 -3.8858 0.358002 0.485367 0.358002 -0.485367 
1 1 0 16.2758 0.1 6.74378 -1.3533 -3.88676 -1.3533 -3.88676 0.359679 0.484 0.359679 -0.484 
1 1 0 16.2807 0.1 6.77003 -1.35345 -3.88773 -1.35345 -3.88773 0.361365 0.482617 0.361365 -0.482617 
1 1 0 16.2856 0.1 6.7967 -1.3536 -3.8887 -1.3536 -3.8887 0.363059 0.481217 0.363059 -0.481217 
1 1 0 16.2905 0.1 6.82381 -1.35375 -3.88968 -1.35375 -3.88968 0.364764 0.4798 0.364764 -0.4798 
1 1 0 16.2954 0.1 6.85137 -1.3539 -3.89065 -1.3539 -3.89065 0.366477 0.478366 0.366477 -0.478366 
1 1 0 16.3003 0.1 6.87939 -1.35404 -3.89163 -1.35404 -3.89163 0.3682 0.476915 0.3682 -0.476915 
1 1 0 16.3052 0.1 6.90788 -1.35419 -3.89261 -1.35419 -3.89261 0.369932 0.475445 0.369932 -0.475445 
1 1 0 16.3101 0.1 6.93686 -1.35434 -3.8936 -1.35434 -3.8936 0.371674 0.473957 0.371674 -0.473957 
1 1 0 16.315 0.1 6.96634 -1.35449 -3.89459 -1.35449 -3.89459 0.373426 0.47245 0.373426 -0.47245 
1 1 0 16.3199 0.1 6.99633 -1.35463 -3.89558 -1.35463 -3.89558 0.375187 0.470924 0.375187 -0.470924 
1 1 0 16.3248 0.1 7.02686 -1.35478 -3.89657 -1.35478 -3.89657 0.376959 0.469379 0.376959 -0.469379 
1 1 0 16.3297 0.1 7.05794 -1.35493 -3.89757 -1.35493 -3.89757 0.378741 0.467813 0.378741 -0.467813 
1 1 0 16.3346 0.1 7.08958 -1.35507 -3.89857 -1.35507 -3.89857 0.380534 0.466227 0.380534 -0.466227 
1 1 0 16.3395 0.1 7.1218 -1.35522 -3.89958 -1.35522 -3.89958 0.382337 0.46462 0.382337 -0.46462 
1 1 0 16.3444 0.1 7.15463 -1.35536 -3.90058 -1.35536 -3.90058 0.384151 0.462992 0.384151 -0.462992 
1 1 0 16.3493 0.1 7.18807 -1.35551 -3.9016 -1.35551 -3.9016 0.385975 0.461342 0.385975 -0.461342 
1 1 0 16.3542 0.1 7.22216 -1.35565 -3.90261 -1.35565 -3.90261 0.387811 0.45967 0.387811 -0.45967 
1 1 0 16.3591 0.1 7.25691 -1.35579 -3.90363 -1.35579 -3.90363 0.389658 0.457974 0.389658 -0.457974 
1 1 0 16.364 0.1 7.29234 -1.35594 -3.90465 -1.35594 -3.90465 0.391516 0.456255 0.391516 -0.456255 
1 1 0 16.3689 0.1 7.32848 -1.35608 -3.90567 -1.35608 -3.90567 0.393386 0.454512 0.393386 -0.454512 
1 1 0 16.3738 0.1 7.36534 -1.35622 -3.9067 -1.35622 -3.9067 0.395267 0.452745 0.395267 -0.452745 
1 1 0 16.3786 0.1 7.40297 -1.35636 -3.90773 -1.35636 -3.90773 0.397161 0.450952 0.397161 -0.450952 
1 1 0 16.3835 0.1 7.44138 -1.3565 -3.90877 -1.3565 -3.90877 0.399066 0.449134 0.399066 -0.449134 
1 1 0 16.3884 0.1 7.4806 -1.35664 -3.90981 -1.35664 -3.90981 0.400984 0.447289 0.400984 -0.447289 
1 1 0 16.3933 0.1 7.52066 -1.35678 -3.91085 -1.35678 -3.91085 0.402915 0.445417 0.402915 -0.445417 
1 1 0 16.3982 0.1 7.56159 -1.35692 -3.9119 -1.35692 -3.9119 0.404858 0.443517 0.404858 -0.443517 
1 1 0 16.4031 0.1 7.60343 -1.35706 -3.91295 -1.35706 -3.91295 0.406815 0.441588 0.406815 -0.441588 
1 1 0 16.408 0.1 7.64621 -1.3572 -3.91401 -1.3572 -3.91401 0.408785 0.43963 0.408785 -0.43963 
1 1 0 16.4129 0.1 7.68996 -1.35734 -3.91507 -1.35734 -3.91507 0.410768 0.437642 0.410768 -0.437642 
1 1 0 16.4177 0.1 7.73473 -1.35747 -3.91613 -1.35747 -3.91613 0.412765 0.435623 0.412765 -0.435623 
1 1 0 16.4226 0.1 7.78055 -1.35761 -3.9172 -1.35761 -3.9172 0.414776 0.433572 0.414776 -0.433572 
1 1 0 16.4275 0.1 7.82748 -1.35775 -3.91827 -1.35775 -3.91827 0.416802 0.431488 0.416802 -0.431488 
1 1 0 16.4324 0.1 7.87554 -1.35788 -3.91935 -1.35788 -3.91935 0.418842 0.42937 0.418842 -0.42937 
1 1 0 16.4373 0.1 7.9248 -1.35802 -3.92043 -1.35802 -3.92043 0.420897 0.427218 0.420897 -0.427218 
1 1 0 16.4421 0.1 7.9753 -1.35815 -3.92152 -1.35815 -3.92152 0.422967 0.425029 0.422967 -0.425029 
1 1 0 16.447 0.1 8.02711 -1.35828 -3.92261 -1.35828 -3.92261 0.425053 0.422804 0.425053 -0.422804 
1 1 0 16.4519 0.1 8.08026 -1.35842 -3.92371 -1.35842 -3.92371 0.427154 0.420541 0.427154 -0.420541 
1 1 0 16.4568 0.1 8.13484 -1.35855 -3.92481 -1.35855 -3.92481 0.429272 0.418238 0.429272 -0.418238 
1 1 0 16.4616 0.1 8.1909 -1.35868 -3.92592 -1.35868 -3.92592 0.431406 0.415895 0.431406 -0.415895 
1 1 0 16.4665 0.1 8.24851 -1.35881 -3.92703 -1.35881 -3.92703 0.433558 0.41351 0.433558 -0.41351 
1 1 0 16.4714 0.1 8.30776 -1.35894 -3.92815 -1.35894 -3.92815 0.435726 0.411082 0.435726 -0.411082 
1 1 0 16.4763 0.1 8.36871 -1.35907 -3.92927 -1.35907 -3.92927 0.437912 0.408608 0.437912 -0.408608 
1 1 0 16.4811 0.1 8.43146 -1.3592 -3.9304 -1.3592 -3.9304 0.440117 0.406089 0.440117 -0.406089 
1 1 0 16.486 0.1 8.49609 -1.35932 -3.93154 -1.35932 -3.93154 0.44234 0.403522 0.44234 -0.403522 
1 1 0 16.4909 0.1 8.56271 -1.35945 -3.93268 -1.35945 -3.93268 0.444582 0.400905 0.444582 -0.400905 
1 1 0 16.4957 0.1 8.63142 -1.35957 -3.93382 -1.35957 -3.93382 0.446844 0.398236 0.446844 -0.398236 
1 1 0 16.5006 0.1 8.70234 -1.3597 -3.93498 -1.3597 -3.93498 0.449125 0.395514 0.449125 -0.395514 
1 1 0 16.5055 0.1 8.77558 -1.35982 -3.93614 -1.35982 -3.93614 0.451427 0.392737 0.451427 -0.392737 
1 1 0 16.5103 0.1 8.85129 -1.35995 -3.9373 -1.35995 -3.9373 0.453751 0.389902 0.453751 -0.389902 
1 1 0 16.5152 0.1 8.92961 -1.36007 -3.93847 -1.36007 -3.93847 0.456095 0.387006 0.456095 -0.387006 
1 1 0 16.52 0.1 9.0107 -1.36019 -3.93965 -1.36019 -3.93965 0.458463 0.384049 0.458463 -0.384049 
1 1 0 16.5249 0.1 9.09472 -1.36031 -3.94084 -1.36031 -3.94084 0.460853 0.381026 0.460853 -0.381026 
1 1 0 16.5297 0.1 9.18186 -1.36043 -3.94203 -1.36043 -3.94203 0.463266 0.377935 0.463266 -0.377935 
1 1 0 16.5346 0.1 9.27233 -1.36055 -3.94323 -1.36055 -3.94323 0.465704 0.374773 0.465704 -0.374773 
1 1 0 16.5394 0.1 9.36634 -1.36066 -3.94444 -1.36066 -3.94444 0.468167 0.371537 0.468167 -0.371537 
1 1 0 16.5443 0.1 9.46414 -1.36078 -3.94566 -1.36078 -3.94566 0.470656 0.368224 0.470656 -0.368224 
1 1 0 16.5491 0.1 9.56599 -1.3609 -3.94689 -1.3609 -3.94689 0.473171 0.364829 0.473171 -0.364829 
1 1 0 16.554 0.1 9.6722 -1.36101 -3.94812 -1.36101 -3.94812 0.475714 0.361349 0.475714 -0.361349 
1 1 0 16.5588 0.1 9.78309 -1.36112 -3.94936 -1.36112 -3.94936 0.478285 0.35778 0.478285 -0.35778 
1 1 0 16.5637 0.1 9.89901 -1.36123 -3.95061 -1.36123 -3.95061 0.480886 0.354116 0.480886 -0.354116 
1 1 0 16.5685 0.1 10.0204 -1.36134 -3.95187 -1.36134 -3.95187 0.483517 0.350353 0.483517 -0.350353 
1 1 0 16.5733 0.1 10.1476 -1.36145 -3.95314 -1.36145 -3.95314 0.486179 0.346485 0.486179 -0.346485 
1 1 0 16.5782 0.1 10.2813 -1.36156 -3.95442 -1.36156 -3.95442 0.488875 0.342506 0.488875 -0.342506 
1 1 0 16.583 0.1 10.4219 -1.36167 -3.95572 -1.36167 -3.95572 0.491604 0.338411 0.491604 -0.338411 
1 1 0 16.5878 0.1 10.5701 -1.36177 -3.95702 -1.36177 -3.95702 0.494368 0.334191 0.494368 -0.334191 
1 1 0 16.5926 0.1 10.7265 -1.36187 -3.95833 -1.36187 -3.95833 0.49717 0.329839 0.49717 -0.329839 
1 1 0 16.5975 0.1 10.8922 -1.36197 -3.95966 -1.36197 -3.95966 0.500009 0.325346 0.500009 -0.325346 
1 1 0 16.6023 0.1 11.0679 -1.36207 -3.96099 -1.36207 -3.96099 0.502889 0.320703 0.502889 -0.320703 
1 1 0 16.6071 0.1 11.2547 -1.36217 -3.96234 -1.36217 -3.96234 0.50581 0.3159 0.50581 -0.3159 
1 1 0 16.6119 0.1 11.454 -1.36227 -3.96371 -1.36227 -3.96371 0.508774 0.310924 0.508774 -0.310924 
1 1 0 16.6167 0.1 11.6671 -1.36236 -3.96508 -1.36236 -3.96508 0.511785 0.305762 0.511785 -0.305762 
1 1 0 16.6215 0.1 11.8958 -1.36245 -3.96647 -1.36245 -3.96647 0.514843 0.300401 0.514843 -0.300401 
1 1 0 16.6263 0.1 12.1421 -1.36254 -3.96788 -1.36254 -3.96788 0.517952 0.294822 0.517952 -0.294822 
1 1 0 16.6311 0.1 12.4084 -1.36263 -3.9693 -1.36263 -3.9693 0.521113 0.289008 0.521113 -0.289008 
1 1 0 16.6359 0.1 12.6976 -1.36272 -3.97074 -1.36272 -3.97074 0.524331 0.282936 0.524331 -0.282936 
1 1 0 16.6407 0.1 13.0131 -1.3628 -3.9722 -1.3628 -3.9722 0.527607 0.276582 0.527607 -0.276582 
1 1 0 16.6455 0.1 13.3594 -1.36288 -3.97368 -1.36288 -3.97368 0.530946 0.269916 0.530946 -0.269916 
1 1 0 16.6502 0.1 13.7418 -1.36296 -3.97517 -1.36296 -3.97517 0.534352 0.262905 0.534352 -0.262905 
1 1 0 16.655 0.1 14.167 -1.36303 -3.97669 -1.36303 -3.97669 0.537828 0.255509 0.537828 -0.255509 
1 1 0 16.6597 0.1 14.6437 -1.3631 -3.97823 -1.3631 -3.97823 0.54138 0.247679 0.54138 -0.247679 
1 1 0 16.6645 0.1 15.1834 -1.36317 -3.9798 -1.36317 -3.9798 0.545012 0.239359 0.545012 -0.239359 
1 1 0 16.6692 0.1 15.8011 -1.36323 -3.98139 -1.36323 -3.98139 0.548732 0.230476 0.548732 -0.230476 
1 1 0 16.674 0.1 16.5179 -1.36329 -3.98301 -1.36329 -3.98301 0.552545 0.220942 0.552545 -0.220942 
1 1 0 16.6787 0.1 17.363 -1.36335 -3.98465 -1.36335 -3.98465 0.556459 0.210643 0.556459 -0.210643 
1 1 0 16.6834 0.1 18.3801 -1.3634 -3.98634 -1.3634 -3.98634 0.560484 0.199429 0.560484 -0.199429 
1 1 0 16.6881 0.1 19.6363 -1.36345 -3.98805 -1.36345 -3.98805 0.564629 0.187099 0.564629 -0.187099 
1 1 0 16.6928 0.1 21.2416 -1.36349 -3.98981 -1.36349 -3.98981 0.568907 0.173366 0.568907 -0.173366 
1 1 0 16.6974 0.1 23.3931 -1.36352 -3.99161 -1.36352 -3.99161 0.573332 0.157805 0.573332 -0.157805 
1 1 0 16.7021 0.1 26.4871 -1.36355 -3.99346 -1.36355 -3.99346 0.577919 0.139723 0.577919 -0.139723 
1 1 0 16.7067 0.1 31.486 -1.36357 -3.99536 -1.36357 -3.99536 0.58269 0.117847 0.58269 -0.117847 
1 1 0 16.7113 0.1 41.6888 -1.36358 -3.99732 -1.36358 -3.99732 0.587669 0.0892482 0.587669 -0.0892482 
1 1 0 16.7159 0.1 90.1794 -1.36358 -3.99935 -1.36358 -3.99935 0.592887 0.041376 0.592887 -0.041376 
1 1 0 16.7204 0.1 90.1794 -1.36357 -4.00146 -1.36357 -4.00146 0.668564 0 0.528201 0 
1 1 0 16.7249 0.1 90.1794 -1.36355 -4.00367 -1.36355 -4.00367 0.713824 0 0.494587 0 
1 1 0 16.7293 0.1 90.1794 -1.3635 -4.00598 -1.3635 -4.00598 0.750613 0 0.470233 0 
1 1 0 16.7337 0.1 90.1794 -1.36344 -4.00844 -1.36344 -4.00844 0.784354 0 0.449901 0 
1 1 0 16.7379 0.1 90.1794 -1.36335 -4.01107 -1.36335 -4.01107 0.817159 0 0.431749 0 
1 1 0 16.742 0.1 90.1794 -1.36322 -4.01393 -1.36322 -4.01393 0.850427 0 0.41478 0 
1 1 0 16.7459 0.1 90.1794 -1.36304 -4.01711 -1.36304 -4.01711 0.885545 0 0.398268 0 
1 1 0 16.7493 0.1 90.1794 -1.36278 -4.02075 -1.36278 -4.02075 0.924374 0 0.3815 0 
1 1 0 16.7518 0.1 90.1794 -1.36238 -4.02509 -1.36238 -4.02509 0.969626 0 0.363698 0 
2 1 0 16.7523 0.1 90.1794 -1.36204 -4.02801 -1.36204 -4.02801 1 0 0.352684 0 
2 1 0 16.7507 0.1 90.1794 -1.36138 -4.03272 -1.36138 -4.03272 1.04967 0 0.336107 0 
2 1 0 16.7473 0.1 90.1794 -1.36074 -4.03625 -1.36074 -4.03625 1.08801 0 0.324403 0 
2 1 0 16.743 0.1 90.1794 -1.36019 -4.03886 -1.36019 -4.03886 1.11751 0 0.315983 0 
2 1 0 16.7385 0.1 90.1794 -1.35968 -4.04091 -1.35968 -4.04091 1.14159 0 0.309457 0 
2 1 0 16.7338 0.1 90.1794 -1.35921 -4.04259 -1.35921 -4.04259 1.16213 0 0.304121 0 
2 1 0 16.729 0.1 90.1794 -1.35877 -4.04401 -1.35877 -4.04401 1.1802 0 0.299597 0 
2 1 0 16.7242 0.1 90.1794 -1.35834 -4.04523 -1.35834 -4.04523 1.19642 0 0.295663 0 
2 1 0 16.7193 0.1 90.1794 -1.35794 -4.0463 -1.35794 -4.0463 1.21122 0 0.292177 0 
2 1 0 16.7144 0.1 90.1794 -1.35755 -4.04724 -1.35755 -4.04724 1.22486 0 0.289046 0 
2 1 0 16.7095 0.1 90.1794 -1.35717 -4.04808 -1.35717 -4.04808 1.23756 0 0.2862 0 
2 1 0 16.7046 0.1 90.1794 -1.3568 -4.04884 -1.3568 -4.04884 1.24947 0 0.283592 0 
2 1 0 16.6997 0.1 90.1794 -1.35644 -4.04951 -1.35644 -4.04951 1.2607 0 0.281184 0 
2 1 0 16.6947 0.1 90.1794 -1.35608 -4.05013 -1.35608 -4.05013 1.27134 0 0.278945 0 
2 1 0 16.6897 0.1 90.1794 -1.35573 -4.05068 -1.35573 -4.05068 1.28147 0 0.276855 0 
2 1 0 16.6848 0.1 90.1794 -1.35539 -4.05118 -1.35539 -4.05118 1.29115 0 0.274893 0 
2 1 0 16.6798 0.1 90.1794 -1.35506 -4.05164 -1.35506 -4.05164 1.30042 0 0.273045 0 
2 1 0 16.6748 0.1 90.1794 -1.35473 -4.05205 -1.35473 -4.05205 1.30933 0 0.271299 0 
2 1 0 16.6699 0.1 90.1794 -1.3544 -4.05243 -1.3544 -4.05243 1.3179 0 0.269643 0 
2 1 0 16.6649 0.1 90.1794 -1.35408 -4.05277 -1.35408 -4.05277 1.32618 0 0.268069 0 
2 1 0 16.6599 0.1 90.1794 -1.35376 -4.05308 -1.35376 -4.05308 1.33418 0 0.266569 0 
2 1 0 16.6549 0.1 90.1794 -1.35344 -4.05336 -1.35344 -4.05336 1.34193 0 0.265136 0 
2 1 0 16.6499 0.1 90.1794 -1.35313 -4.05361 -1.35313 -4.05361 1.34945 0 0.263765 0 
2 1 0 16.645 0.1 90.1794 -1.35282 -4.05383 -1.35282 -4.05383 1.35675 0 0.262451 0 
2 1 0 16.64 0.1 90.1794 -1.35251 -4.05403 -1.35251 -4.05403 1.36385 0 0.261188 0 
2 1 0 16.635 0.1 90.1794 -1.35221 -4.05421 -1.35221 -4.05421 1.37077 0 0.259975 0 
2 1 0 16.63 0.1 90.1794 -1.35191 -4.05437 -1.35191 -4.05437 1.37751 0 0.258806 0 
2 1 0 16.625 0.1 90.1794 -1.35161 -4.0545 -1.35161 -4.0545 1.38408 0 0.257678 0 
2 1 0 16.62 0.1 90.1794 -1.35131 -4.05462 -1.35131 -4.05462 1.3905 0 0.25659 0 
2 1 0 16.615 0.1 90.1794 -1.35101 -4.05472 -1.35101 -4.05472 1.39678 0 0.255538 0 
2 1 0 16.61 0.1 90.1794 -1.35072 -4.0548 -1.35072 -4.0548 1.40292 0 0.25452 0 
2 1 0 16.605 0.1 90.1794 -1.35043 -4.05487 -1.35043 -4.05487 1.40893 0 0.253534 0 
2 1 0 16.6001 0.1 90.1794 -1.35014 -4.05492 -1.35014 -4.05492 1.41482 0 0.252578 0 
2 1 0 16.5951 0.1 90.1794 -1.34985 -4.05495 -1.34985 -4.05495 1.42059 0 0.251651 0 
2 1 0 16.5901 0.1 90.1794 -1.34957 -4.05497 -1.34957 -4.05497 1.42625 0 0.250751 0 
2 1 0 16.5851 0.1 90.1794 -1.34928 -4.05498 -1.34928 -4.05498 1.4318 0 0.249876 0 
2 1 0 16.5801 0.1 90.1794 -1.349 -4.05497 -1.349 -4.05497 1.43725 0 0.249025 0 
2 1 0 16.5751 0.1 90.1794 -1.34872 -4.05495 -1.34872 -4.05495 1.44261 0 0.248197 0 
2 1 0 16.5701 0.1 90.1794 -1.34844 -4.05492 -1.34844 -4.05492 1.44787 0 0.247391 0 
2 1 0 16.5651 0.1 90.1794 -1.34816 -4.05488 -1.34816 -4.05488 1.45305 0 0.246605 0 
2 1 0 16.5601 0.1 90.1794 -1.34788 -4.05483 -1.34788 -4.05483 1.45814 0 0.245839 0 
2 1 0 16.5551 0.1 90.1794 -1.34761 -4.05476 -1.34761 -4.05476 1.46315 0 0.245092 0 
2 1 0 16.5501 0.1 90.1794 -1.34733 -4.05469 -1.34733 -4.05469 1.46809 0 0.244363 0 
2 1 0 16.5451 0.1 90.1794 -1.34706 -4.0546 -1.34706 -4.0546 1.47294 0 0.243652 0 
2 1 0 16.5402 0.1 90.1794 -1.34679 -4.05451 -1.34679 -4.05451 1.47773 0 0.242956 0 
2 1 0 16.5352 0.1 90.1794 -1.34651 -4.0544 -1.34651 -4.0544 1.48245 0 0.242277 0 
2 1 0 16.5302 0.1 90.1794 -1.34624 -4.05429 -1.34624 -4.05429 1.4871 0 0.241612 0 
2 1 0 16.5252 0.1 90.1794 -1.34597 -4.05417 -1.34597 -4.05417 1.49168 0 0.240962 0 
2 1 0 16.5202 0.1 90.1794 -1.34571 -4.05404 -1.34571 -4.05404 1.4962 0 0.240326 0 
2 1 0 16.5152 0.1 90.1794 -1.34544 -4.0539 -1.34544 -4.0539 1.50067 0 0.239703 0 
2 1 0 16.5102 0.1 90.1794 -1.34517 -4.05375 -1.34517 -4.05375 1.50507 0 0.239093 0 
2 1 0 16.5052 0.1 90.1794 -1.34491 -4.05359 -1.34491 -4.05359 1.50942 0 0.238496 0 
2 1 0 16.5002 0.1 90.1794 -1.34464 -4.05343 -1.34464 -4.05343 1.51371 0 0.23791 0 
2 1 0 16.4952 0.1 90.1794 -1.34438 -4.05326 -1.34438 -4.05326 1.51795 0 0.237337 0 
2 1 0 16.4902 0.1 90.1794 -1.34411 -4.05308 -1.34411 -4.05308 1.52214 0 0.236774 0 
2 1 0 16.4853 0.1 90.1794 -1.34385 -4.05289 -1.34385 -4.05289 1.52628 0 0.236222 0 
2 1 0 16.4803 0.1 90.1794 -1.34359 -4.0527 -1.34359 -4.0527 1.53037 0 0.23568 0 
2 1 0 16.4753 0.1 90.1794 -1.34333 -4.0525 -1.34333 -4.0525 1.53441 0 0.235148 0 
2 1 0 16.4703 0.1 90.1794 -1.34307 -4.0523 -1.34307 -4.0523 1.53841 0 0.234627 0 
2 1 0 16.4653 0.1 90.1794 -1.34281 -4.05209 -1.34281 -4.05209 1.54236 0 0.234114 0 
2 1 0 16.4603 0.1 90.1794 -1.34255 -4.05187 -1.34255 -4.05187 1.54628 0 0.233611 0 
2 1 0 16.4553 0.1 90.1794 -1.34229 -4.05164 -1.34229 -4.05164 1.55014 0 0.233116 0 
2 1 0 16.4503 0.1 90.1794 -1.34204 -4.05141 -1.34204 -4.05141 1.55397 0 0.23263 0 
2 1 0 16.4453 0.1 90.1794 -1.34178 -4.05118 -1.34178 -4.05118 1.55776 0 0.232152 0 
2 1 0 16.4404 0.1 90.1794 -1.34152 -4.05093 -1.34152 -4.05093 1.56151 0 0.231683 0 
2 1 0 16.4354 0.1 90.1794 -1.34127 -4.05069 -1.34127 -4.05069 1.56522 0 0.231221 0 
2 1 0 16.4304 0.1 90.1794 -1.34101 -4.05043 -1.34101 -4.05043 1.56889 0 0.230766 0 
2 1 0 16.4254 0.1 90.1794 -1.34076 -4.05017 -1.34076 -4.05017 1.57253 0 0.230319 0 
2 1 0 16.4204 0.1 90.1794 -1.3405 -4.04991 -1.3405 -4.04991 1.57613 0 0.22988 0 
2 1 0 16.4154 0.1 90.1794 -1.34025 -4.04964 -1.34025 -4.04964 1.5797 0 0.229447 0 
2 1 0 16.4104 0.1 90.1794 -1.34 -4.04937 -1.34 -4.04937 1.58323 0 0.229021 0 
2 1 0 16.4055 0.1 90.1794 -1.33975 -4.04909 -1.33975 -4.04909 1.58673 0 0.228601 0 
2 1 0 16.4005 0.1 90.1794 -1.3395 -4.0488 -1.3395 -4.0488 1.5902 0 0.228188 0 
2 1 0 16.3955 0.1 90.1794 -1.33924 -4.04851 -1.33924 -4.04851 1.59364 0 0.227782 0 
2 1 0 16.3905 0.1 90.1794 -1.33899 -4.04822 -1.33899 -4.04822 1.59705 0 0.227381 0 
2 1 0 16.3855 0.1 90.1794 -1.33874 -4.04792 -1.33874 -4.04792 1.60042 0 0.226986 0 
2 1 0 16.3805 0.1 90.1794 -1.33849 -4.04762 -1.33849 -4.04762 1.60377 0 0.226597 0 
2 1 0 16.3755 0.1 90.1794 -1.33825 -4.04731 -1.33825 -4.04731 1.60709 0 0.226214 0 
2 1 0 16.3706 0.1 90.1794 -1.338 -4.047 -1.338 -4.047 1.61038 0 0.225837 0 
2 1 0 16.3656 0.1 90.1794 -1.33775 -4.04668 -1.33775 -4.04668 1.61364 0 0.225464 0 
2 1 0 16.3606 0.1 90.1794 -1.3375 -4.04636 -1.3375 -4.04636 1.61688 0 0.225097 0 
2 1 0 16.3556 0.1 90.1794 -1.33725 -4.04604 -1.33725 -4.04604 1.62009 0 0.224735 0 
2 1 0 16.3506 0.1 90.1794 -1.33701 -4.04571 -1.33701 -4.04571 1.62327 0 0.224378 0 
2 1 0 16.3456 0.1 90.1794 -1.33676 -4.04538 -1.33676 -4.04538 1.62643 0 0.224026 0 
2 1 0 16.3407 0.1 90.1794 -1.33652 -4.04504 -1.33652 -4.04504 1.62956 0 0.223679 0 
2 1 0 16.3357 0.1 90.1794 -1.33627 -4.0447 -1.33627 -4.0447 1.63267 0 0.223336 0 
2 1 0 16.3307 0.1 90.1794 -1.33603 -4.04436 -1.33603 -4.04436 1.63575 0 0.222998 0 
2 1 0 16.3257 0.1 90.1794 -1.33578 -4.04401 -1.33578 -4.04401 1.63881 0 0.222665 0 
2 1 0 16.3207 0.1 90.1794 -1.33554 -4.04366 -1.33554 -4.04366 1.64184 0 0.222336 0 
2 1 0 16.3158 0.1 90.1794 -1.33529 -4.0433 -1.33529 -4.0433 1.64486 0 0.222011 0 
2 1 0 16.3108 0.1 90.1794 -1.33505 -4.04294 -1.33505 -4.04294 1.64785 0 0.22169 0 
2 1 0 16.3058 0.1 90.1794 -1.33481 -4.04258 -1.33481 -4.04258 1.65082 0 0.221374 0 
2 1 0 16.3008 0.1 90.1794 -1.33456 -4.04221 -1.33456 -4.04221 1.65376 0 0.221061 0 
2 1 0 16.2958 0.1 90.1794 -1.33432 -4.04184 -1.33432 -4.04184 1.65669 0 0.220753 0 
2 1 0 16.2908 0.1 90.1794 -1.33408 -4.04147 -1.33408 -4.04147 1.65959 0 0.220448 0 
2 1 0 16.2859 0.1 90.1794 -1.33384 -4.04109 -1.33384 -4.04109 1.66248 0 0.220147 0 
2 1 0 16.2809 0.1 90.1794 -1.3336 -4.04071 -1.3336 -4.04071 1.66534 0 0.21985 0 
2 1 0 16.2759 0.1 90.1794 -1.33336 -4.04033 -1.33336 -4.04033 1.66818 0 0.219557 0 
2 1 0 16.2709 0.1 90.1794 -1.33311 -4.03994 -1.33311 -4.03994 1.67101 0 0.219267 0 
2 1 0 16.266 0.1 90.1794 -1.33287 -4.03956 -1.33287 -4.03956 1.67381 0 0.21898 0 
2 1 0 16.261 0.1 90.1794 -1.33263 -4.03916 -1.33263 -4.03916 1.67659 0 0.218697 0 
2 1 0 16.256 0.1 90.1794 -1.33239 -4.03877 -1.33239 -4.03877 1.67936 0 0.218417 0 
2 1 0 16.251 0.1 90.1794 -1.33216 -4.03837 -1.33216 -4.03837 1.68211 0 0.218141 0 
2 1 0 16.246 0.1 90.1794 -1.33192 -4.03797 -1.33192 -4.03797 1.68484 0 0.217868 0 
2 1 0 16.2411 0.1 90.1794 -1.33168 -4.03756 -1.33168 -4.03756 1.68755 0 0.217598 0 
2 1 0 16.2361 0.1 90.1794 -1.33144 -4.03715 -1.33144 -4.03715 1.69024 0 0.217331 0 
2 1 0 16.2311 0.1 90.1794 -1.3312 -4.03674 -1.3312 -4.03674 1.69292 0 0.217068 0 
2 1 0 16.2261 0.1 90.1794 -1.33096 -4.03633 -1.33096 -4.03633 1.69558 0 0.216807 0 
2 1 0 16.2212 0.1 90.1794 -1.33073 -4.03591 -1.33073 -4.03591 1.69822 0 0.216549 0 
2 1 0 16.2162 0.1 90.1794 -1.33049 -4.0355 -1.33049 -4.0355 1.70084 0 0.216295 0 
2 1 0 16.2112 0.1 90.1794 -1.33025 -4.03507 -1.33025 -4.03507 1.70345 0 0.216043 0 
2 1 0 16.2062 0.1 90.1794 -1.33002 -4.03465 -1.33002 -4.03465 1.70604 0 0.215794 0 
2 1 0 16.2012 0.1 90.1794 -1.32978 -4.03422 -1.32978 -4.03422 1.70862 0 0.215547 0 
2 1 0 16.1963 0.1 90.1794 -1.32954 -4.03379 -1.32954 -4.03379 1.71118 0 0.215304 0 
2 1 0 16.1913 0.1 90.1794 -1.32931 -4.03336 -1.32931 -4.03336 1.71372 0 0.215063 0 
2 1 0 16.1863 0.1 90.1794 -1.32907 -4.03293 -1.32907 -4.03293 1.71625 0 0.214825 0 
2 1 0 16.1813 0.1 90.1794 -1.32884 -4.03249 -1.32884 -4.03249 1.71876 0 0.214589 0 
2 1 0 16.1764 0.1 90.1794 -1.3286 -4.03205 -1.3286 -4.03205 1.72126 0 0.214356 0 
2 1 0 16.1714 0.1 90.1794 -1.32837 -4.03161 -1.32837 -4.03161 1.72375 0 0.214125 0 
2 1 0 16.1664 0.1 90.1794 -1.32813 -4.03116 -1.32813 -4.03116 1.72622 0 0.213897 0 
2 1 0 16.1614 0.1 90.1794 -1.3279 -4.03071 -1.3279 -4.03071 1.72867 0 0.213672 0 
2 1 0 16.1565 0.1 90.1794 -1.32766 -4.03026 -1.32766 -4.03026 1.73111 0 0.213448 0 
2 1 0 16.1515 0.1 90.1794 -1.32743 -4.02981 -1.32743 -4.02981 1.73354 0 0.213227 0 
2 1 0 16.1465 0.1 90.1794 -1.3272 -4.02936 -1.3272 -4.02936 1.73595 0 0.213009 0 
2 1 0 16.1415 0.1 90.1794 -1.32696 -4.0289 -1.32696 -4.0289 1.73835 0 0.212793 0 
2 1 0 16.1366 0.1 90.1794 -1.32673 -4.02844 -1.32673 -4.02844 1.74073 0 0.212579 0 
2 1 0 16.1316 0.1 90.1794 -1.3265 -4.02798 -1.3265 -4.02798 1.7431 0 0.212367 0 
2 1 0 16.1266 0.1 90.1794 -1.32626 -4.02751 -1.32626 -4.02751 1.74546 0 0.212157 0 
2 1 0 16.1217 0.1 90.1794 -1.32603 -4.02705 -1.32603 -4.02705 1.7478 0 0.21195 0 
2 1 0 16.1167 0.1 90.1794 -1.3258 -4.02658 -1.3258 -4.02658 1.75014 0 0.211744 0 
2 1 0 16.1117 0.1 90.1794 -1.32557 -4.02611 -1.32557 -4.02611 1.75245 0 0.211541 0 
2 1 0 16.1067 0.1 90.1794 -1.32534 -4.02564 -1.32534 -4.02564 1.75476 0 0.21134 0 
2 1 0 16.1018 0.1 90.1794 -1.3251 -4.02516 -1.3251 -4.02516 1.75705 0 0.211141 0 
2 1 0 16.0968 0.1 90.1794 -1.32487 -4.02468 -1.32487 -4.02468 1.75933 0 0.210944 0 
2 1 0 16.0918 0.1 90.1794 -1.32464 -4.02421 -1.32464 -4.02421 1.7616 0 0.210749 0 
2 1 0 16.0869 0.1 90.1794 -1.32441 -4.02372 -1.32441 -4.02372 1.76386 0 0.210556 0 
2 1 0 16.0819 0.1 90.1794 -1.32418 -4.02324 -1.32418 -4.02324 1.7661 0 0.210364 0 
2 1 0 16.0769 0.1 90.1794 -1.32395 -4.02276 -1.32395 -4.02276 1.76833 0 0.210175 0 
2 1 0 16.0719 0.1 90.1794 -1.32372 -4.02227 -1.32372 -4.02227 1.77055 0 0.209987 0 
2 1 0 16.067 0.1 90.1794 -1.32349 -4.02178 -1.32349 -4.02178 1.77276 0 0.209802 0 
2 1 0 16.062 0.1 90.1794 -1.32326 -4.02129 -1.32326 -4.02129 1.77496 0 0.209618 0 
2 1 0 16.057 0.1 90.1794 -1.32303 -4.02079 -1.32303 -4.02079 1.77714 0 0.209436 0 
2 1 0 16.0521 0.1 90.1794 -1.3228 -4.0203 -1.3228 -4.0203 1.77932 0 0.209256 0 
2 1 0 16.0471 0.1 90.1794 -1.32257 -4.0198 -1.32257 -4.0198 1.78148 0 0.209078 0 
2 1 0 16.0421 0.1 90.1794 -1.32234 -4.0193 -1.32234 -4.0193 1.78363 0 0.208901 0 
2 1 0 16.0371 0.1 90.1794 -1.32211 -4.0188 -1.32211 -4.0188 1.78577 0 0.208726 0 
2 1 0 16.0322 0.1 90.1794 -1.32188 -4.0183 -1.32188 -4.0183 1.7879 0 0.208553 0 
2 1 0 16.0272 0.1 90.1794 -1.32165 -4.0178 -1.32165 -4.0178 1.79002 0 0.208381 0 
2 1 0 16.0222 0.1 90.1794 -1.32142 -4.01729 -1.32142 -4.01729 1.79213 0 0.208211 0 
2 1 0 16.0173 0.1 90.1794 -1.3212 -4.01678 -1.3212 -4.01678 1.79423 0 0.208043 0 
2 1 0 16.0123 0.1 90.1794 -1.32097 -4.01627 -1.32097 -4.01627 1.79631 0 0.207876 0 
2 1 0 16.0073 0.1 90.1794 -1.32074 -4.01576 -1.32074 -4.01576 1.79839 0 0.207711 0 
2 1 0 16.0024 0.1 90.1794 -1.32051 -4.01525 -1.32051 -4.01525 1.80045 0 0.207547 0 
2 1 0 15.9974 0.1 90.1794 -1.32028 -4.01473 -1.32028 -4.01473 1.80251 0 0.207385 0 
2 1 0 15.9924 0.1 90.1794 -1.32006 -4.01421 -1.32006 -4.01421 1.80455 0 0.207225 0 
2 1 0 15.9875 0.1 90.1794 -1.31983 -4.01369 -1.31983 -4.01369 1.80659 0 0.207066 0 
2 1 0 15.9825 0.1 90.1794 -1.3196 -4.01317 -1.3196 -4.01317 1.80862 0 0.206908 0 
2 1 0 15.9775 0.1 90.1794 -1.31937 -4.01265 -1.31937 -4.01265 1.81063 0 0.206752 0 
2 1 0 15.9726 0.1 90.1794 -1.31915 -4.01213 -1.31915 -4.01213 1.81264 0 0.206598 0 
2 1 0 15.9676 0.1 90.1794 -1.31892 -4.0116 -1.31892 -4.0116 1.81463 0 0.206445 0 
2 1 0 15.9626 0.1 90.1794 -1.31869 -4.01107 -1.31869 -4.01107 1.81662 0 0.206293 0 
2 1 0 15.9577 0.1 90.1794 -1.31847 -4.01055 -1.31847 -4.01055 1.81859 0 0.206143 0 
2 1 0 15.9527 0.1 90.1794 -1.31824 -4.01002 -1.31824 -4.01002 1.82056 0 0.205994 0 
2 1 0 15.9477 0.1 90.1794 -1.31802 -4.00948 -1.31802 -4.00948 1.82252 0 0.205847 0 
2 1 0 15.9428 0.1 90.1794 -1.31779 -4.00895 -1.31779 -4.00895 1.82447 0 0.205701 0 
2 1 0 15.9378 0.1 90.1794 -1.31756 -4.00841 -1.31756 -4.00841 1.82641 0 0.205556 0 
2 1 0 15.9328 0.1 90.1794 -1.31734 -4.00788 -1.31734 -4.00788 1.82834 0 0.205413 0 
2 1 0 15.9279 0.1 90.1794 -1.31711 -4.00734 -1.31711 -4.00734 1.83026 0 0.205271 0 
2 1 0 15.9229 0.1 90.1794 -1.31689 -4.0068 -1.31689 -4.0068 1.83217 0 0.20513 0 
2 1 0 15.9179 0.1 90.1794 -1.31666 -4.00626 -1.31666 -4.00626 1.83407 0 0.204991 0 
2 1 0 15.913 0.1 90.1794 -1.31644 -4.00572 -1.31644 -4.00572 1.83596 0 0.204852 0 
2 1 0 15.908 0.1 90.1794 -1.31621 -4.00517 -1.31621 -4.00517 1.83785 0 0.204716 0 
2 1 0 15.903 0.1 90.1794 -1.31599 -4.00463 -1.31599 -4.00463 1.83973 0 0.20458 0 
2 1 0 15.8981 0.1 90.1794 -1.31576 -4.00408 -1.31576 -4.00408 1.84159 0 0.204446 0 
2 1 0 15.8931 0.1 90.1794 -1.31554 -4.00353 -1.31554 -4.00353 1.84345 0 0.204313 0 
2 1 0 15.8881 0.1 90.1794 -1.31531 -4.00298 -1.31531 -4.00298 1.8453 0 0.204181 0 
2 1 0 15.8832 0.1 90.1794 -1.31509 -4.00243 -1.31509 -4.00243 1.84714 0 0.20405 0 
2 1 0 15.8782 0.1 90.1794 -1.31486 -4.00188 -1.31486 -4.00188 1.84898 0 0.20392 0 
2 1 0 15.8732 0.1 90.1794 -1.31464 -4.00132 -1.31464 -4.00132 1.8508 0 0.203792 0 
2 1 0 15.8683 0.1 90.1794 -1.31441 -4.00077 -1.31441 -4.00077 1.85262 0 0.203665 0 
2 1 0 15.8633 0.1 90.1794 -1.31419 -4.00021 -1.31419 -4.00021 1.85442 0 0.203539 0 
2 1 0 15.8584 0.1 90.1794 -1.31397 -3.99965 -1.31397 -3.99965 1.85622 0 0.203414 0 
2 1 0 15.8534 0.1 90.1794 -1.31374 -3.99909 -1.31374 -3.99909 1.85802 0 0.20329 0 
2 1 0 15.8484 0.1 90.1794 -1.31352 -3.99853 -1.31352 -3.99853 1.8598 0 0.203168 0 
2 1 0 15.8435 0.1 90.1794 -1.3133 -3.99797 -1.3133 -3.99797 1.86157 0 0.203046 0 
2 1 0 15.8385 0.1 90.1794 -1.31307 -3.9974 -1.31307 -3.9974 1.86334 0 0.202926 0 
2 1 0 15.8335 0.1 90.1794 -1.31285 -3.99684 -1.31285 -3.99684 1.8651 0 0.202807 0 
2 1 0 15.8286 0.1 90.1794 -1.31263 -3.99627 -1.31263 -3.99627 1.86685 0 0.202689 0 
2 1 0 15.8236 0.1 90.1794 -1.3124 -3.9957 -1.3124 -3.9957 1.86859 0 0.202572 0 
2 1 0 15.8187 0.1 90.1794 -1.31218 -3.99513 -1.31218 -3.99513 1.87033 0 0.202456 0 
2 1 0 15.8137 0.1 90.1794 -1.31196 -3.99456 -1.31196 -3.99456 1.87206 0 0.202341 0 
2 1 0 15.8087 0.1 90.1794 -1.31174 -3.99399 -1.31174 -3.99399 1.87378 0 0.202227 0 
2 1 0 15.8038 0.1 90.1794 -1.31151 -3.99342 -1.31151 -3.99342 1.87549 0 0.202114 0 
2 1 0 15.7988 0.1 90.1794 -1.31129 -3.99284 -1.31129 -3.99284 1.8772 0 0.202002 0 
2 1 0 15.7938 0.1 90.1794 -1.31107 -3.99227 -1.31107 -3.99227 1.87889 0 0.201891 0 
2 1 0 15.7889 0.1 90.1794 -1.31085 -3.99169 -1.31085 -3.99169 1.88058 0 0.201781 0 
2 1 0 15.7839 0.1 90.1794 -1.31062 -3.99111 -1.31062 -3.99111 1.88227 0 0.201672 0 
2 1 0 15.779 0.1 90.1794 -1.3104 -3.99054 -1.3104 -3.99054 1.88394 0 0.201565 0 
2 1 0 15.774 0.1 90.1794 -1.31018 -3.98996 -1.31018 -3.98996 1.88561 0 0.201458 0 
2 1 0 15.769 0.1 90.1794 -1.30996 -3.98937 -1.30996 -3.98937 1.88727 0 0.201352 0 
2 1 0 15.7641 0.1 90.1794 -1.30974 -3.98879 -1.30974 -3.98879 1.88892 0 0.201247 0 
2 1 0 15.7591 0.1 90.1794 -1.30951 -3.98821 -1.30951 -3.98821 1.89057 0 0.201143 0 
2 1 0 15.7542 0.1 90.1794 -1.30929 -3.98762 -1.30929 -3.98762 1.8922 0 0.20104 0 
2 1 0 15.7492 0.1 90.1794 -1.30907 -3.98704 -1.30907 -3.98704 1.89384 0 0.200938 0 
2 1 0 15.7442 0.1 90.1794 -1.30885 -3.98645 -1.30885 -3.98645 1.89546 0 0.200837 0 
2 1 0 15.7393 0.1 90.1794 -1.30863 -3.98586 -1.30863 -3.98586 1.89708 0 0.200737 0 
2 1 0 15.7343 0.1 90.1794 -1.30841 -3.98527 -1.30841 -3.98527 1.89869 0 0.200637 0 
2 1 0 15.7294 0.1 90.1794 -1.30819 -3.98468 -1.30819 -3.98468 1.90029 0 0.200539 0 
2 1 0 15.7244 0.1 90.1794 -1.30796 -3.98409 -1.30796 -3.98409 1.90188 0 0.200442 0 
2 1 0 15.7194 0.1 90.1794 -1.30774 -3.9835 -1.30774 -3.9835 1.90347 0 0.200345 0 
2 1 0 15.7145 0.1 90.1794 -1.30752 -3.9829 -1.30752 -3.9829 1.90506 0 0.200249 0 
2 1 0 15.7095 0.1 90.1794 -1.3073 -3.98231 -1.3073 -3.98231 1.90663 0 0.200154 0 
2 1 0 15.7046 0.1 90.1794 -1.30708 -3.98171 -1.30708 -3.98171 1.9082 0 0.200061 0 
2 1 0 15.6996 0.1 90.1794 -1.30686 -3.98111 -1.30686 -3.98111 1.90976 0 0.199968 0 
2 1 0 15.6946 0.1 90.1794 -1.30664 -3.98052 -1.30664 -3.98052 1.91131 0 0.199875 0 
2 1 0 15.6897 0.1 90.1794 -1.30642 -3.97992 -1.30642 -3.97992 1.91286 0 0.199784 0 
2 1 0 15.6847 0.1 90.1794 -1.3062 -3.97932 -1.3062 -3.97932 1.9144 0 0.199694 0 
2 1 0 15.6798 0.1 90.1794 -1.30598 -3.97872 -1.30598 -3.97872 1.91594 0 0.199604 0 
2 1 0 15.6748 0.1 90.1794 -1.30576 -3.97811 -1.30576 -3.97811 1.91747 0 0.199515 0 
2 1 0 15.6698 0.1 90.1794 -1.30554 -3.97751 -1.30554 -3.97751 1.91899 0 0.199427 0 
2 1 0 15.6649 0.1 90.1794 -1.30532 -3.97691 -1.30532 -3.97691 1.9205 0 0.19934 0 
2 1 0 15.6599 0.1 90.1794 -1.3051 -3.9763 -1.3051 -3.9763 1.92201 0 0.199254 0 
2 1 0 15.655 0.1 90.1794 -1.30488 -3.97569 -1.30488 -3.97569 1.92351 0 0.199168 0 
2 1 0 15.65 0.1 90.1794 -1.30466 -3.97509 -1.30466 -3.97509 1.92501 0 0.199083 0 
2 1 0 15.645 0.1 90.1794 -1.30444 -3.97448 -1.30444 -3.97448 1.9265 0 0.199 0 
2 1 0 15.6401 0.1 90.1794 -1.30422 -3.97387 -1.30422 -3.97387 1.92798 0 0.198916 0 
2 1 0 15.6351 0.1 90.1794 -1.304 -3.97326 -1.304 -3.97326 1.92945 0 0.198834 0 
2 1 0 15.6302 0.1 90.1794 -1.30378 -3.97265 -1.30378 -3.97265 1.93092 0 0.198753 0 
2 1 0 15.6252 0.1 90.1794 -1.30356 -3.97204 -1.30356 -3.97204 1.93239 0 0.198672 0 
2 1 0 15.6203 0.1 90.1794 -1.30334 -3.97142 -1.30334 -3.97142 1.93385 0 0.198592 0 
2 1 0 15.6153 0.1 90.1794 -1.30312 -3.97081 -1.30312 -3.97081 1.9353 0 0.198513 0 
2 1 0 15.6103 0.1 90.1794 -1.3029 -3.97019 -1.3029 -3.97019 1.93674 0 0.198434 0 
2 1 0 15.6054 0.1 90.1794 -1.30269 -3.96958 -1.30269 -3.96958 1.93818 0 0.198356 0 
2 1 0 15.6004 0.1 90.1794 -1.30247 -3.96896 -1.30247 -3.96896 1.93961 0 0.198279 0 
2 1 0 15.5955 0.1 90.1794 -1.30225 -3.96834 -1.30225 -3.96834 1.94104 0 0.198203 0 
2 1 0 15.5905 0.1 90.1794 -1.30203 -3.96772 -1.30203 -3.96772 1.94246 0 0.198128 0 
2 1 0 15.5856 0.1 90.1794 -1.30181 -3.96711 -1.30181 -3.96711 1.94387 0 0.198053 0 
2 1 0 15.5806 0.1 90.1794 -1.30159 -3.96649 -1.30159 -3.96649 1.94528 0 0.197979 0 
2 1 0 15.5756 0.1 90.1794 -1.30137 -3.96586 -1.30137 -3.96586 1.94668 0 0.197906 0 
2 1 0 15.5707 0.1 90.1794 -1.30115 -3.96524 -1.30115 -3.96524 1.94808 0 0.197833 0 
2 1 0 15.5657 0.1 90.1794 -1.30093 -3.96462 -1.30093 -3.96462 1.94947 0 0.197761 0 
2 1 0 15.5608 0.1 90.1794 -1.30072 -3.96399 -1.30072 -3.96399 1.95085 0 0.19769 0 
2 1 0 15.5558 0.1 90.1794 -1.3005 -3.96337 -1.3005 -3.96337 1.95223 0 0.19762 0 
2 1 0 15.5509 0.1 90.1794 -1.30028 -3.96274 -1.30028 -3.96274 1.9536 0 0.19755 0 
2 1 0 15.5459 0.1 90.1794 -1.30006 -3.96212 -1.30006 -3.96212 1.95497 0 0.197481 0 
2 1 0 15.541 0.1 90.1794 -1.29984 -3.96149 -1.29984 -3.96149 1.95633 0 0.197413 0 
2 1 0 15.536 0.1 90.1794 -1.29962 -3.96086 -1.29962 -3.96086 1.95768 0 0.197345 0 
2 1 0 15.531 0.1 90.1794 -1.29941 -3.96023 -1.29941 -3.96023 1.95903 0 0.197278 0 
2 1 0 15.5261 0.1 90.1794 -1.29919 -3.9596 -1.29919 -3.9596 1.96037 0 0.197212 0 
2 1 0 15.5211 0.1 90.1794 -1.29897 -3.95897 -1.29897 -3.95897 1.96171 0 0.197146 0 
2 1 0 15.5162 0.1 90.1794 -1.29875 -3.95834 -1.29875 -3.95834 1.96304 0 0.197081 0 
2 1 0 15.5112 0.1 90.1794 -1.29853 -3.95771 -1.29853 -3.95771 1.96436 0 0.197017 0 
2 1 0 15.5063 0.1 90.1794 -1.29832 -3.95708 -1.29832 -3.95708 1.96568 0 0.196953 0 
2 1 0 15.5013 0.1 90.1794 -1.2981 -3.95644 -1.2981 -3.95644 1.967 0 0.19689 0 
2 1 0 15.4964 0.1 90.1794 -1.29788 -3.95581 -1.29788 -3.95581 1.96831 0 0.196828 0 
2 1 0 15.4914 0.1 90.1794 -1.29766 -3.95517 -1.29766 -3.95517 1.96961 0 0.196767 0 
2 1 0 15.4865 0.1 90.1794 -1.29744 -3.95454 -1.29744 -3.95454 1.97091 0 0.196706 0 
2 1 0 15.4815 0.1 90.1794 -1.29723 -3.9539 -1.29723 -3.9539 1.9722 0 0.196645 0 
2 1 0 15.4765 0.1 90.1794 -1.29701 -3.95326 -1.29701 -3.95326 1.97348 0 0.196586 0 
2 1 0 15.4716 0.1 90.1794 -1.29679 -3.95262 -1.29679 -3.95262 1.97476 0 0.196526 0 
2 1 0 15.4666 0.1 90.1794 -1.29657 -3.95198 -1.29657 -3.95198 1.97604 0 0.196468 0 
2 1 0 15.4617 0.1 90.1794 -1.29636 -3.95134 -1.29636 -3.95134 1.97731 0 0.19641 0 
2 1 0 15.4567 0.1 90.1794 -1.29614 -3.9507 -1.29614 -3.9507 1.97857 0 0.196353 0 
2 1 0 15.4518 0.1 90.1794 -1.29592 -3.95006 -1.29592 -3.95006 1.97983 0 0.196297 0 
2 1 0 15.4468 0.1 90.1794 -1.29571 -3.94942 -1.29571 -3.94942 1.98108 0 0.196241 0 
2 1 0 15.4419 0.1 90.1794 -1.29549 -3.94878 -1.29549 -3.94878 1.98233 0 0.196185 0 
2 1 0 15.4369 0.1 90.1794 -1.29527 -3.94813 -1.29527 -3.94813 1.98357 0 0.196131 0 
2 1 0 15.432 0.1 90.1794 -1.29505 -3.94749 -1.29505 -3.94749 1.98481 0 0.196077 0 
2 1 0 15.427 0.1 90.1794 -1.29484 -3.94684 -1.29484 -3.94684 1.98604 0 0.196023 0 
2 1 0 15.422 0.1 90.1794 -1.29462 -3.9462 -1.29462 -3.9462 1.98726 0 0.19597 0 
2 1 0 15.4171 0.1 90.1794 -1.2944 -3.94555 -1.2944 -3.94555 1.98848 0 0.195918 0 
2 1 0 15.4121 0.1 90.1794 -1.29419 -3.94491 -1.29419 -3.94491 1.9897 0 0.195866 0 
2 1 0 15.4072 0.1 90.1794 -1.29397 -3.94426 -1.29397 -3.94426 1.99091 0 0.195815 0 
2 1 0 15.4022 0.1 90.1794 -1.29375 -3.94361 -1.29375 -3.94361 1.99211 0 0.195765 0 
2 1 0 15.3973 0.1 90.1794 -1.29354 -3.94296 -1.29354 -3.94296 1.99331 0 0.195715 0 
2 1 0 15.3923 0.1 90.1794 -1.29332 -3.94231 -1.29332 -3.94231 1.9945 0 0.195665 0 
2 1 0 15.3874 0.1 90.1794 -1.2931 -3.94166 -1.2931 -3.94166 1.99569 0 0.195617 0 
2 1 0 15.3824 0.1 90.1794 -1.29288 -3.94101 -1.29288 -3.94101 1.99687 0 0.195568 0 
2 1 0 15.3775 0.1 90.1794 -1.29267 -3.94036 -1.29267 -3.94036 1.99805 0 0.195521 0 
2 1 0 15.3725 0.1 90.1794 -1.29245 -3.9397 -1.29245 -3.9397 1.99922 0 0.195474 0 
2 1 0 15.3676 0.1 90.1794 -1.29224 -3.93905 -1.29224 -3.93905 2.00039 0 0.195427 0 
2 1 0 15.3626 0.1 90.1794 -1.29202 -3.9384 -1.29202 -3.9384 2.00155 0 0.195382 0 
2 1 0 15.3577 0.1 90.1794 -1.2918 -3.93774 -1.2918 -3.93774 2.00271 0 0.195336 0 
2 1 0 15.3527 0.1 90.1794 -1.29159 -3.93709 -1.29159 -3.93709 2.00386 0 0.195291 0 
2 1 0 15.3478 0.1 90.1794 -1.29137 -3.93643 -1.29137 -3.93643 2.00501 0 0.195247 0 
2 1 0 15.3428 0.1 90.1794 -1.29115 -3.93578 -1.29115 -3.93578 2.00615 0 0.195204 0 
2 1 0 15.3379 0.1 90.1794 -1.29094 -3.93512 -1.29094 -3.93512 2.00729 0 0.195161 0 
2 1 0 15.3329 0.1 90.1794 -1.29072 -3.93446 -1.29072 -3.93446 2.00842 0 0.195118 0 
2 1 0 15.328 0.1 90.1794 -1.2905 -3.9338 -1.2905 -3.9338 2.00954 0 0.195076 0 
2 1 0 15.323 0.1 90.1794 -1.29029 -3.93314 -1.29029 -3.93314 2.01067 0 0.195035 0 
2 1 0 15.318 0.1 90.1794 -1.29007 -3.93248 -1.29007 -3.93248 2.01178 0 0.194994 0 
2 1 0 15.3131 0.1 90.1794 -1.28986 -3.93182 -1.28986 -3.93182 2.01289 0 0.194953 0 
2 1 0 15.3081 0.1 90.1794 -1.28964 -3.93116 -1.28964 -3.93116 2.014 0 0.194913 0 
2 1 0 15.3032 0.1 90.1794 -1.28942 -3.9305 -1.28942 -3.9305 2.0151 0 0.194874 0 
2 1 0 15.2982 0.1 90.1794 -1.28921 -3.92984 -1.28921 -3.92984 2.0162 0 0.194835 0 
2 1 0 15.2933 0.1 90.1794 -1.28899 -3.92918 -1.28899 -3.92918 2.01729 0 0.194797 0 
2 1 0 15.2883 0.1 90.1794 -1.28877 -3.92852 -1.28877 -3.92852 2.01837 0 0.194759 0 
2 1 0 15.2834 0.1 90.1794 -1.28856 -3.92785 -1.28856 -3.92785 2.01945 0 0.194722 0 
2 1 0 15.2784 0.1 90.1794 -1.28834 -3.92719 -1.28834 -3.92719 2.02053 0 0.194686 0 
2 1 0 15.2735 0.1 90.1794 -1.28813 -3.92652 -1.28813 -3.92652 2.0216 0 0.194649 0 
2 1 0 15.2685 0.1 90.1794 -1.28791 -3.92586 -1.28791 -3.92586 2.02267 0 0.194614 0 
2 1 0 15.2636 0.1 90.1794 -1.28769 -3.92519 -1.28769 -3.92519 2.02373 0 0.194579 0 
2 1 0 15.2586 0.1 90.1794 -1.28748 -3.92453 -1.28748 -3.92453 2.02478 0 0.194544 0 
2 1 0 15.2537 0.1 90.1794 -1.28726 -3.92386 -1.28726 -3.92386 2.02584 0 0.19451 0 
2 1 0 15.2487 0.1 90.1794 -1.28705 -3.92319 -1.28705 -3.92319 2.02688 0 0.194477 0 
2 1 0 15.2438 0.1 90.1794 -1.28683 -3.92252 -1.28683 -3.92252 2.02792 0 0.194444 0 
2 1 0 15.2388 0.1 90.1794 -1.28662 -3.92186 -1.28662 -3.92186 2.02896 0 0.194411 0 
2 1 0 15.2339 0.1 90.1794 -1.2864 -3.92119 -1.2864 -3.92119 2.02999 0 0.194379 0 
2 1 0 15.2289 0.1 90.1794 -1.28618 -3.92052 -1.28618 -3.92052 2.03102 0 0.194347 0 
2 1 0 15.224 0.1 90.1794 -1.28597 -3.91985 -1.28597 -3.91985 2.03204 0 0.194316 0 
2 1 0 15.219 0.1 90.1794 -1.28575 -3.91918 -1.28575 -3.91918 2.03306 0 0.194286 0 
2 1 0 15.2141 0.1 90.1794 -1.28554 -3.9185 -1.28554 -3.9185 2.03407 0 0.194256 0 
2 1 0 15.2091 0.1 90.1794 -1.28532 -3.91783 -1.28532 -3.91783 2.03508 0 0.194226 0 
2 1 0 15.2042 0.1 90.1794 -1.28511 -3.91716 -1.28511 -3.91716 2.03608 0 0.194197 0 
2 1 0 15.1992 0.1 90.1794 -1.28489 -3.91649 -1.28489 -3.91649 2.03708 0 0.194169 0 
2 1 0 15.1943 0.1 90.1794 -1.28468 -3.91582 -1.28468 -3.91582 2.03808 0 0.19414 0 
2 1 0 15.1893 0.1 90.1794 -1.28446 -3.91514 -1.28446 -3.91514 2.03907 0 0.194113 0 
2 1 0 15.1844 0.1 90.1794 -1.28424 -3.91447 -1.28424 -3.91447 2.04005 0 0.194086 0 
2 1 0 15.1794 0.1 90.1794 -1.28403 -3.91379 -1.28403 -3.91379 2.04103 0 0.194059 0 
2 1 0 15.1745 0.1 90.1794 -1.28381 -3.91312 -1.28381 -3.91312 2.042 0 0.194033 0 
2 1 0 15.1695 0.1 90.1794 -1.2836 -3.91244 -1.2836 -3.91244 2.04297 0 0.194007 0 
2 1 0 15.1646 0.1 90.1794 -1.28338 -3.91177 -1.28338 -3.91177 2.04394 0 0.193982 0 
2 1 0 15.1596 0.1 90.1794 -1.28317 -3.91109 -1.28317 -3.91109 2.0449 0 0.193957 0 
2 1 0 15.1547 0.1 90.1794 -1.28295 -3.91041 -1.28295 -3.91041 2.04586 0 0.193933 0 
2 1 0 15.1497 0.1 90.1794 -1.28274 -3.90973 -1.28274 -3.90973 2.04681 0 0.193909 0 
2 1 0 15.1448 0.1 90.1794 -1.28252 -3.90906 -1.28252 -3.90906 2.04775 0 0.193886 0 
2 1 0 15.1398 0.1 90.1794 -1.28231 -3.90838 -1.28231 -3.90838 2.0487 0 0.193863 0 
2 1 0 15.1349 0.1 90.1794 -1.28209 -3.9077 -1.28209 -3.9077 2.04963 0 0.193841 0 
2 1 0 15.1299 0.1 90.1794 -1.28188 -3.90702 -1.28188 -3.90702 2.05057 0 0.193819 0 
2 1 0 15.125 0.1 90.1794 -1.28166 -3.90634 -1.28166 -3.90634 2.05149 0 0.193798 0 
2 1 0 15.12 0.1 90.1794 -1.28144 -3.90566 -1.28144 -3.90566 2.05242 0 0.193777 0 
2 1 0 15.1151 0.1 90.1794 -1.28123 -3.90498 -1.28123 -3.90498 2.05334 0 0.193756 0 
2 1 0 15.1101 0.1 90.1794 -1.28101 -3.9043 -1.28101 -3.9043 2.05425 0 0.193736 0 
2 1 0 15.1052 0.1 90.1794 -1.2808 -3.90362 -1.2808 -3.90362 2.05516 0 0.193716 0 
2 1 0 15.1002 0.1 90.1794 -1.28058 -3.90294 -1.28058 -3.90294 2.05606 0 0.193697 0 
2 1 0 15.0953 0.1 90.1794 -1.28037 -3.90225 -1.28037 -3.90225 2.05697 0 0.193679 0 
2 1 0 15.0904 0.1 90.1794 -1.28015 -3.90157 -1.28015 -3.90157 2.05786 0 0.19366 0 
2 1 0 15.0854 0.1 90.1794 -1.27994 -3.90089 -1.27994 -3.90089 2.05875 0 0.193643 0 
2 1 0 15.0805 0.1 90.1794 -1.27972 -3.9002 -1.27972 -3.9002 2.05964 0 0.193625 0 
2 1 0 15.0755 0.1 90.1794 -1.27951 -3.89952 -1.27951 -3.89952 2.06052 0 0.193608 0 
2 1 0 15.0706 0.1 90.1794 -1.27929 -3.89883 -1.27929 -3.89883 2.0614 0 0.193592 0 
2 1 0 15.0656 0.1 90.1794 -1.27908 -3.89815 -1.27908 -3.89815 2.06227 0 0.193576 0 
2 1 0 15.0607 0.1 90.1794 -1.27886 -3.89746 -1.27886 -3.89746 2.06314 0 0.19356 0 
2 1 0 15.0557 0.1 90.1794 -1.27865 -3.89678 -1.27865 -3.89678 2.064 0 0.193545 0 
2 1 0 15.0508 0.1 90.1794 -1.27843 -3.89609 -1.27843 -3.89609 2.06486 0 0.193531 0 
2 1 0 15.0458 0.1 90.1794 -1.27822 -3.89541 -1.27822 -3.89541 2.06572 0 0.193516 0 
2 1 0 15.0409 0.1 90.1794 -1.278 -3.89472 -1.278 -3.89472 2.06657 0 0.193503 0 
2 1 0 15.0359 0.1 90.1794 -1.27779 -3.89403 -1.27779 -3.89403 2.06742 0 0.193489 0 
2 1 0 15.031 0.1 90.1794 -1.27757 -3.89334 -1.27757 -3.89334 2.06826 0 0.193476 0 
2 1 0 15.026 0.1 90.1794 -1.27736 -3.89266 -1.27736 -3.89266 2.0691 0 0.193464 0 
2 1 0 15.0211 0.1 90.1794 -1.27714 -3.89197 -1.27714 -3.89197 2.06993 0 0.193452 0 
2 1 0 15.0161 0.1 90.1794 -1.27693 -3.89128 -1.27693 -3.89128 2.07076 0 0.19344 0 
2 1 0 15.0112 0.1 90.1794 -1.27671 -3.89059 -1.27671 -3.89059 2.07158 0 0.193429 0 
2 1 0 15.0062 0.1 90.1794 -1.2765 -3.8899 -1.2765 -3.8899 2.0724 0 0.193418 0 
2 1 0 15.0013 0.1 90.1794 -1.27628 -3.88921 -1.27628 -3.88921 2.07321 0 0.193408 0 
2 1 0 14.9963 0.1 90.1794 -1.27607 -3.88852 -1.27607 -3.88852 2.07403 0 0.193398 0 
2 1 0 14.9914 0.1 90.1794 -1.27585 -3.88783 -1.27585 -3.88783 2.07483 0 0.193389 0 
2 1 0 14.9864 0.1 90.1794 -1.27564 -3.88714 -1.27564 -3.88714 2.07563 0 0.19338 0 
2 1 0 14.9815 0.1 90.1794 -1.27542 -3.88645 -1.27542 -3.88645 2.07643 0 0.193371 0 
2 1 0 14.9766 0.1 90.1794 -1.27521 -3.88576 -1.27521 -3.88576 2.07722 0 0.193363 0 
2 1 0 14.9716 0.1 90.1794 -1.27499 -3.88506 -1.27499 -3.88506 2.07801 0 0.193355 0 
2 1 0 14.9667 0.1 90.1794 -1.27478 -3.88437 -1.27478 -3.88437 2.0788 0 0.193348 0 
2 1 0 14.9617 0.1 90.1794 -1.27456 -3.88368 -1.27456 -3.88368 2.07958 0 0.193341 0 
2 1 0 14.9568 0.1 90.1794 -1.27435 -3.88298 -1.27435 -3.88298 2.08035 0 0.193335 0 
2 1 0 14.9518 0.1 90.1794 -1.27413 -3.88229 -1.27413 -3.88229 2.08112 0 0.193328 0 
2 1 0 14.9469 0.1 90.1794 -1.27392 -3.8816 -1.27392 -3.8816 2.08189 0 0.193323 0 
2 1 0 14.9419 0.1 90.1794 -1.2737 -3.8809 -1.2737 -3.8809 2.08265 0 0.193318 0 
2 1 0 14.937 0.1 90.1794 -1.27349 -3.88021 -1.27349 -3.88021 2.08341 0 0.193313 0 
2 1 0 14.932 0.1 90.1794 -1.27327 -3.87951 -1.27327 -3.87951 2.08416 0 0.193308 0 
2 1 0 14.9271 0.1 90.1794 -1.27306 -3.87882 -1.27306 -3.87882 2.08491 0 0.193304 0 
2 1 0 14.9221 0.1 90.1794 -1.27284 -3.87812 -1.27284 -3.87812 2.08566 0 0.193301 0 
2 1 0 14.9172 0.1 90.1794 -1.27263 -3.87743 -1.27263 -3.87743 2.0864 0 0.193298 0 
2 1 0 14.9122 0.1 90.1794 -1.27241 -3.87673 -1.27241 -3.87673 2.08713 0 0.193295 0 
2 1 0 14.9073 0.1 90.1794 -1.2722 -3.87604 -1.2722 -3.87604 2.08786 0 0.193292 0 
2 1 0 14.9023 0.1 90.1794 -1.27199 -3.87534 -1.27199 -3.87534 2.08859 0 0.193291 0 
2 1 0 14.8974 0.1 90.1794 -1.27177 -3.87464 -1.27177 -3.87464 2.08932 0 0.193289 0 
2 1 0 14.8925 0.1 90.1794 -1.27156 -3.87395 -1.27156 -3.87395 2.09003 0 0.193288 0 
2 1 0 14.8875 0.1 90.1794 -1.27134 -3.87325 -1.27134 -3.87325 2.09075 0 0.193287 0 
2 1 0 14.8826 0.1 90.1794 -1.27113 -3.87255 -1.27113 -3.87255 2.09146 0 0.193287 0 
2 1 0 14.8776 0.1 90.1794 -1.27091 -3.87185 -1.27091 -3.87185 2.09217 0 0.193287 0 
2 1 0 14.8727 0.1 90.1794 -1.2707 -3.87115 -1.2707 -3.87115 2.09287 0 0.193287 0 
2 1 0 14.8677 0.1 90.1794 -1.27048 -3.87045 -1.27048 -3.87045 2.09357 0 0.193288 0 
2 1 0 14.8628 0.1 90.1794 -1.27027 -3.86976 -1.27027 -3.86976 2.09426 0 0.19329 0 
2 1 0 14.8578 0.1 90.1794 -1.27005 -3.86906 -1.27005 -3.86906 2.09495 0 0.193291 0 
2 1 0 14.8529 0.1 90.1794 -1.26984 -3.86836 -1.26984 -3.86836 2.09563 0 0.193293 0 
2 1 0 14.8479 0.1 90.1794 -1.26962 -3.86766 -1.26962 -3.86766 2.09631 0 0.193296 0 
2 1 0 14.843 0.1 90.1794 -1.26941 -3.86696 -1.26941 -3.86696 2.09699 0 0.193299 0 
2 1 0 14.838 0.1 90.1794 -1.26919 -3.86626 -1.26919 -3.86626 2.09766 0 0.193302 0 
2 1 0 14.8331 0.1 90.1794 -1.26898 -3.86556 -1.26898 -3.86556 2.09833 0 0.193306 0 
2 1 0 14.8282 0.1 90.1794 -1.26876 -3.86486 -1.26876 -3.86486 2.09899 0 0.19331 0 
2 1 0 14.8232 0.1 90.1794 -1.26855 -3.86415 -1.26855 -3.86415 2.09965 0 0.193314 0 
2 1 0 14.8183 0.1 90.1794 -1.26833 -3.86345 -1.26833 -3.86345 2.10031 0 0.193319 0 
2 1 0 14.8133 0.1 90.1794 -1.26812 -3.86275 -1.26812 -3.86275 2.10096 0 0.193325 0 
2 1 0 14.8084 0.1 90.1794 -1.2679 -3.86205 -1.2679 -3.86205 2.1016 0 0.19333 0 
2 1 0 14.8034 0.1 90.1794 -1.26769 -3.86135 -1.26769 -3.86135 2.10225 0 0.193336 0 
2 1 0 14.7985 0.1 90.1794 -1.26747 -3.86064 -1.26747 -3.86064 2.10288 0 0.193343 0 
2 1 0 14.7935 0.1 90.1794 -1.26726 -3.85994 -1.26726 -3.85994 2.10352 0 0.19335 0 
2 1 0 14.7886 0.1 90.1794 -1.26704 -3.85924 -1.26704 -3.85924 2.10415 0 0.193357 0 
2 1 0 14.7836 0.1 90.1794 -1.26683 -3.85854 -1.26683 -3.85854 2.10477 0 0.193365 0 
2 1 0 14.7787 0.1 90.1794 -1.26661 -3.85783 -1.26661 -3.85783 2.10539 0 0.193373 0 
2 1 0 14.7738 0.1 90.1794 -1.2664 -3.85713 -1.2664 -3.85713 2.10601 0 0.193381 0 
2 1 0 14.7688 0.1 90.1794 -1.26618 -3.85642 -1.26618 -3.85642 2.10662 0 0.19339 0 
2 1 0 14.7639 0.1 90.1794 -1.26597 -3.85572 -1.26597 -3.85572 2.10723 0 0.193399 0 
2 1 0 14.7589 0.1 90.1794 -1.26575 -3.85502 -1.26575 -3.85502 2.10784 0 0.193409 0 
2 1 0 14.754 0.1 90.1794 -1.26554 -3.85431 -1.26554 -3.85431 2.10844 0 0.193418 0 
2 1 0 14.749 0.1 90.1794 -1.26532 -3.85361 -1.26532 -3.85361 2.10903 0 0.193429 0 
2 1 0 14.7441 0.1 90.1794 -1.26511 -3.8529 -1.26511 -3.8529 2.10962 0 0.19344 0 
2 1 0 14.7391 0.1 90.1794 -1.26489 -3.8522 -1.26489 -3.8522 2.11021 0 0.193451 0 
2 1 0 14.7342 0.1 90.1794 -1.26468 -3.85149 -1.26468 -3.85149 2.1108 0 0.193462 0 
2 1 0 14.7292 0.1 90.1794 -1.26446 -3.85079 -1.26446 -3.85079 2.11137 0 0.193474 0 
2 1 0 14.7243 0.1 90.1794 -1.26425 -3.85008 -1.26425 -3.85008 2.11195 0 0.193486 0 
2 1 0 14.7194 0.1 90.1794 -1.26403 -3.84937 -1.26403 -3.84937 2.11252 0 0.193499 0 
2 1 0 14.7144 0.1 90.1794 -1.26382 -3.84867 -1.26382 -3.84867 2.11309 0 0.193512 0 
2 1 0 14.7095 0.1 90.1794 -1.2636 -3.84796 -1.2636 -3.84796 2.11365 0 0.193525 0 
2 1 0 14.7045 0.1 90.1794 -1.26339 -3.84725 -1.26339 -3.84725 2.11421 0 0.193539 0 
2 1 0 14.6996 0.1 90.1794 -1.26317 -3.84655 -1.26317 -3.84655 2.11476 0 0.193553 0 
2 1 0 14.6946 0.1 90.1794 -1.26296 -3.84584 -1.26296 -3.84584 2.11531 0 0.193568 0 
2 1 0 14.6897 0.1 90.1794 -1.26274 -3.84513 -1.26274 -3.84513 2.11586 0 0.193583 0 
2 1 0 14.6847 0.1 90.1794 -1.26253 -3.84442 -1.26253 -3.84442 2.1164 0 0.193598 0 
2 1 0 14.6798 0.1 90.1794 -1.26231 -3.84372 -1.26231 -3.84372 2.11694 0 0.193614 0 
2 1 0 14.6748 0.1 90.1794 -1.2621 -3.84301 -1.2621 -3.84301 2.11747 0 0.19363 0 
2 1 0 14.6699 0.1 90.1794 -1.26188 -3.8423 -1.26188 -3.8423 2.118 0 0.193647 0 
2 1 0 14.665 0.1 90.1794 -1.26167 -3.84159 -1.26167 -3.84159 2.11853 0 0.193663 0 
2 1 0 14.66 0.1 90.1794 -1.26145 -3.84088 -1.26145 -3.84088 2.11905 0 0.193681 0 
2 1 0 14.6551 0.1 90.1794 -1.26124 -3.84018 -1.26124 -3.84018 2.11957 0 0.193698 0 
2 1 0 14.6501 0.1 90.1794 -1.26102 -3.83947 -1.26102 -3.83947 2.12008 0 0.193716 0 
2 1 0 14.6452 0.1 90.1794 -1.26081 -3.83876 -1.26081 -3.83876 2.12059 0 0.193734 0 
2 1 0 14.6402 0.1 90.1794 -1.26059 -3.83805 -1.26059 -3.83805 2.12109 0 0.193753 0 
2 1 0 14.6353 0.1 90.1794 -1.26037 -3.83734 -1.26037 -3.83734 2.12159 0 0.193772 0 
2 1 0 14.6303 0.1 90.1794 -1.26016 -3.83663 -1.26016 -3.83663 2.12209 0 0.193792 0 
2 1 0 14.6254 0.1 90.1794 -1.25994 -3.83592 -1.25994 -3.83592 2.12258 0 0.193812 0 
2 1 0 14.6205 0.1 90.1794 -1.25973 -3.83521 -1.25973 -3.83521 2.12307 0 0.193832 0 
2 1 0 14.6155 0.1 90.1794 -1.25951 -3.8345 -1.25951 -3.8345 2.12356 0 0.193852 0 
2 1 0 14.6106 0.1 90.1794 -1.2593 -3.83379 -1.2593 -3.83379 2.12404 0 0.193873 0 
2 1 0 14.6056 0.1 90.1794 -1.25908 -3.83308 -1.25908 -3.83308 2.12451 0 0.193895 0 
2 1 0 14.6007 0.1 90.1794 -1.25887 -3.83237 -1.25887 -3.83237 2.12498 0 0.193916 0 
2 1 0 14.5957 0.1 90.1794 -1.25865 -3.83166 -1.25865 -3.83166 2.12545 0 0.193939 0 
2 1 0 14.5908 0.1 90.1794 -1.25844 -3.83095 -1.25844 -3.83095 2.12592 0 0.193961 0 
2 1 0 14.5858 0.1 90.1794 -1.25822 -3.83024 -1.25822 -3.83024 2.12637 0 0.193984 0 
2 1 0 14.5809 0.1 90.1794 -1.25801 -3.82953 -1.25801 -3.82953 2.12683 0 0.194007 0 
2 1 0 14.576 0.1 90.1794 -1.25779 -3.82881 -1.25779 -3.82881 2.12728 0 0.194031 0 
2 1 0 14.571 0.1 90.1794 -1.25758 -3.8281 -1.25758 -3.8281 2.12773 0 0.194055 0 
2 1 0 14.5661 0.1 90.1794 -1.25736 -3.82739 -1.25736 -3.82739 2.12817 0 0.194079 0 
2 1 0 14.5611 0.1 90.1794 -1.25714 -3.82668 -1.25714 -3.82668 2.12861 0 0.194104 0 
2 1 0 14.5562 0.1 90.1794 -1.25693 -3.82597 -1.25693 -3.82597 2.12905 0 0.194129 0 
2 1 0 14.5512 0.1 90.1794 -1.25671 -3.82526 -1.25671 -3.82526 2.12948 0 0.194154 0 
2 1 0 14.5463 0.1 90.1794 -1.2565 -3.82454 -1.2565 -3.82454 2.1299 0 0.19418 0 
2 1 0 14.5413 0.1 90.1794 -1.25628 -3.82383 -1.25628 -3.82383 2.13033 0 0.194206 0 
2 1 0 14.5364 0.1 90.1794 -1.25607 -3.82312 -1.25607 -3.82312 2.13075 0 0.194233 0 
2 1 0 14.5315 0.1 90.1794 -1.25585 -3.82241 -1.25585 -3.82241 2.13116 0 0.19426 0 
2 1 0 14.5265 0.1 90.1794 -1.25564 -3.82169 -1.25564 -3.82169 2.13157 0 0.194287 0 
2 1 0 14.5216 0.1 90.1794 -1.25542 -3.82098 -1.25542 -3.82098 2.13198 0 0.194314 0 
2 1 0 14.5166 0.1 90.1794 -1.2552 -3.82027 -1.2552 -3.82027 2.13238 0 0.194342 0 
2 1 0 14.5117 0.1 90.1794 -1.25499 -3.81956 -1.25499 -3.81956 2.13278 0 0.194371 0 
2 1 0 14.5067 0.1 90.1794 -1.25477 -3.81884 -1.25477 -3.81884 2.13317 0 0.1944 0 
2 1 0 14.5018 0.1 90.1794 -1.25456 -3.81813 -1.25456 -3.81813 2.13356 0 0.194429 0 
2 1 0 14.4968 0.1 90.1794 -1.25434 -3.81742 -1.25434 -3.81742 2.13395 0 0.194458 0 
2 1 0 14.4919 0.1 90.1794 -1.25413 -3.8167 -1.25413 -3.8167 2.13433 0 0.194488 0 
2 1 0 14.487 0.1 90.1794 -1.25391 -3.81599 -1.25391 -3.81599 2.13471 0 0.194518 0 
2 1 0 14.482 0.1 90.1794 -1.25369 -3.81528 -1.25369 -3.81528 2.13509 0 0.194549 0 
2 1 0 14.4771 0.1 90.1794 -1.25348 -3.81456 -1.25348 -3.81456 2.13546 0 0.19458 0 
2 1 0 14.4721 0.1 90.1794 -1.25326 -3.81385 -1.25326 -3.81385 2.13582 0 0.194611 0 
2 1 0 14.4672 0.1 90.1794 -1.25305 -3.81313 -1.25305 -3.81313 2.13618 0 0.194643 0 
2 1 0 14.4622 0.1 90.1794 -1.25283 -3.81242 -1.25283 -3.81242 2.13654 0 0.194675 0 
2 1 0 14.4573 0.1 90.1794 -1.25261 -3.81171 -1.25261 -3.81171 2.13689 0 0.194708 0 
2 1 0 14.4523 0.1 90.1794 -1.2524 -3.81099 -1.2524 -3.81099 2.13724 0 0.19474 0 
2 1 0 14.4474 0.1 90.1794 -1.25218 -3.81028 -1.25218 -3.81028 2.13759 0 0.194774 0 
2 1 0 14.4425 0.1 90.1794 -1.25197 -3.80956 -1.25197 -3.80956 2.13793 0 0.194807 0 
2 1 0 14.4375 0.1 90.1794 -1.25175 -3.80885 -1.25175 -3.80885 2.13827 0 0.194841 0 
2 1 0 14.4326 0.1 90.1794 -1.25153 -3.80813 -1.25153 -3.80813 2.1386 0 0.194875 0 
2 1 0 14.4276 0.1 90.1794 -1.25132 -3.80742 -1.25132 -3.80742 2.13893 0 0.19491 0 
2 1 0 14.4227 0.1 90.1794 -1.2511 -3.8067 -1.2511 -3.8067 2.13926 0 0.194945 0 
2 1 0 14.4177 0.1 90.1794 -1.25089 -3.80599 -1.25089 -3.80599 2.13958 0 0.19498 0 
2 1 0 14.4128 0.1 90.1794 -1.25067 -3.80527 -1.25067 -3.80527 2.1399 0 0.195016 0 
2 1 0 14.4079 0.1 90.1794 -1.25045 -3.80456 -1.25045 -3.80456 2.14021 0 0.195052 0 
2 1 0 14.4029 0.1 90.1794 -1.25024 -3.80384 -1.25024 -3.80384 2.14052 0 0.195089 0 
2 1 0 14.398 0.1 90.1794 -1.25002 -3.80313 -1.25002 -3.80313 2.14082 0 0.195126 0 
2 1 0 14.393 0.1 90.1794 -1.2498 -3.80241 -1.2498 -3.80241 2.14113 0 0.195163 0 
2 1 0 14.3881 0.1 90.1794 -1.24959 -3.8017 -1.24959 -3.8017 2.14142 0 0.1952 0 
2 1 0 14.3831 0.1 90.1794 -1.24937 -3.80098 -1.24937 -3.80098 2.14172 0 0.195238 0 
2 1 0 14.3782 0.1 90.1794 -1.24916 -3.80027 -1.24916 -3.80027 2.14201 0 0.195277 0 
2 1 0 14.3732 0.1 90.1794 -1.24894 -3.79955 -1.24894 -3.79955 2.14229 0 0.195315 0 
2 1 0 14.3683 0.1 90.1794 -1.24872 -3.79884 -1.24872 -3.79884 2.14257 0 0.195354 0 
2 1 0 14.3634 0.1 90.1794 -1.24851 -3.79812 -1.24851 -3.79812 2.14285 0 0.195394 0 
2 1 0 14.3584 0.1 90.1794 -1.24829 -3.7974 -1.24829 -3.7974 2.14312 0 0.195434 0 
2 1 0 14.3535 0.1 90.1794 -1.24807 -3.79669 -1.24807 -3.79669 2.14339 0 0.195474 0 
2 1 0 14.3485 0.1 90.1794 -1.24786 -3.79597 -1.24786 -3.79597 2.14366 0 0.195514 0 
2 1 0 14.3436 0.1 90.1794 -1.24764 -3.79526 -1.24764 -3.79526 2.14392 0 0.195555 0 
2 1 0 14.3386 0.1 90.1794 -1.24742 -3.79454 -1.24742 -3.79454 2.14417 0 0.195596 0 
2 1 0 14.3337 0.1 90.1794 -1.24721 -3.79382 -1.24721 -3.79382 2.14443 0 0.195638 0 
2 1 0 14.3288 0.1 90.1794 -1.24699 -3.79311 -1.24699 -3.79311 2.14468 0 0.19568 0 
2 1 0 14.3238 0.1 90.1794 -1.24677 -3.79239 -1.24677 -3.79239 2.14492 0 0.195722 0 
2 1 0 14.3189 0.1 90.1794 -1.24656 -3.79168 -1.24656 -3.79168 2.14516 0 0.195765 0 
2 1 0 14.3139 0.1 90.1794 -1.24634 -3.79096 -1.24634 -3.79096 2.1454 0 0.195808 0 
2 1 0 14.309 0.1 90.1794 -1.24612 -3.79024 -1.24612 -3.79024 2.14563 0 0.195852 0 
2 1 0 14.304 0.1 90.1794 -1.24591 -3.78953 -1.24591 -3.78953 2.14586 0 0.195895 0 
2 1 0 14.2991 0.1 90.1794 -1.24569 -3.78881 -1.24569 -3.78881 2.14608 0 0.19594 0 
2 1 0 14.2941 0.1 90.1794 -1.24547 -3.78809 -1.24547 -3.78809 2.1463 0 0.195984 0 
2 1 0 14.2892 0.1 90.1794 -1.24526 -3.78738 -1.24526 -3.78738 2.14652 0 0.196029 0 
2 1 0 14.2843 0.1 90.1794 -1.24504 -3.78666 -1.24504 -3.78666 2.14673 0 0.196074 0 
2 1 0 14.2793 0.1 90.1794 -1.24482 -3.78594 -1.24482 -3.78594 2.14694 0 0.19612 0 
2 1 0 14.2744 0.1 90.1794 -1.24461 -3.78523 -1.24461 -3.78523 2.14715 0 0.196166 0 
2 1 0 14.2694 0.1 90.1794 -1.24439 -3.78451 -1.24439 -3.78451 2.14735 0 0.196213 0 
2 1 0 14.2645 0.1 90.1794 -1.24417 -3.78379 -1.24417 -3.78379 2.14754 0 0.196259 0 
2 1 0 14.2595 0.1 90.1794 -1.24396 -3.78308 -1.24396 -3.78308 2.14774 0 0.196307 0 
2 1 0 14.2546 0.1 90.1794 -1.24374 -3.78236 -1.24374 -3.78236 2.14792 0 0.196354 0 
2 1 0 14.2497 0.1 90.1794 -1.24352 -3.78164 -1.24352 -3.78164 2.14811 0 0.196402 0 
2 1 0 14.2447 0.1 90.1794 -1.2433 -3.78093 -1.2433 -3.78093 2.14829 0 0.19645 0 
2 1 0 14.2398 0.1 90.1794 -1.24309 -3.78021 -1.24309 -3.78021 2.14846 0 0.196499 0 
2 1 0 14.2348 0.1 90.1794 -1.24287 -3.77949 -1.24287 -3.77949 2.14864 0 0.196548 0 
2 1 0 14.2299 0.1 90.1794 -1.24265 -3.77878 -1.24265 -3.77878 2.14881 0 0.196597 0 
2 1 0 14.2249 0.1 90.1794 -1.24244 -3.77806 -1.24244 -3.77806 2.14897 0 0.196647 0 
2 1 0 14.22 0.1 90.1794 -1.24222 -3.77734 -1.24222 -3.77734 2.14913 0 0.196697 0 
2 1 0 14.215 0.1 90.1794 -1.242 -3.77663 -1.242 -3.77663 2.14929 0 0.196747 0 
2 1 0 14.2101 0.1 90.1794 -1.24178 -3.77591 -1.24178 -3.77591 2.14944 0 0.196798 0 
2 1 0 14.2052 0.1 90.1794 -1.24157 -3.77519 -1.24157 -3.77519 2.14959 0 0.19685 0 
2 1 0 14.2002 0.1 90.1794 -1.24135 -3.77448 -1.24135 -3.77448 2.14973 0 0.196901 0 
2 1 0 14.1953 0.1 90.1794 -1.24113 -3.77376 -1.24113 -3.77376 2.14987 0 0.196953 0 
2 1 0 14.1903 0.1 90.1794 -1.24091 -3.77304 -1.24091 -3.77304 2.15001 0 0.197005 0 
2 1 0 14.1854 0.1 90.1794 -1.2407 -3.77233 -1.2407 -3.77233 2.15014 0 0.197058 0 
2 1 0 14.1804 0.1 90.1794 -1.24048 -3.77161 -1.24048 -3.77161 2.15027 0 0.197111 0 
2 1 0 14.1755 0.1 90.1794 -1.24026 -3.77089 -1.24026 -3.77089 2.15039 0 0.197165 0 
2 1 0 14.1706 0.1 90.1794 -1.24004 -3.77018 -1.24004 -3.77018 2.15051 0 0.197219 0 
2 1 0 14.1656 0.1 90.1794 -1.23983 -3.76946 -1.23983 -3.76946 2.15063 0 0.197273 0 
2 1 0 14.1607 0.1 90.1794 -1.23961 -3.76874 -1.23961 -3.76874 2.15074 0 0.197327 0 
2 1 0 14.1557 0.1 90.1794 -1.23939 -3.76802 -1.23939 -3.76802 2.15085 0 0.197382 0 
2 1 0 14.1508 0.1 90.1794 -1.23917 -3.76731 -1.23917 -3.76731 2.15095 0 0.197438 0 
2 1 0 14.1458 0.1 90.1794 -1.23895 -3.76659 -1.23895 -3.76659 2.15105 0 0.197493 0 
2 1 0 14.1409 0.1 90.1794 -1.23874 -3.76587 -1.23874 -3.76587 2.15115 0 0.197549 0 
2 1 0 14.136 0.1 90.1794 -1.23852 -3.76516 -1.23852 -3.76516 2.15124 0 0.197606 0 
2 1 0 14.131 0.1 90.1794 -1.2383 -3.76444 -1.2383 -3.76444 2.15133 0 0.197663 0 
2 1 0 14.1261 0.1 90.1794 -1.23808 -3.76372 -1.23808 -3.76372 2.15141 0 0.19772 0 
2 1 0 14.1211 0.1 90.1794 -1.23787 -3.76301 -1.23787 -3.76301 2.15149 0 0.197777 0 
2 1 0 14.1162 0.1 90.1794 -1.23765 -3.76229 -1.23765 -3.76229 2.15156 0 0.197835 0 
2 1 0 14.1112 0.1 90.1794 -1.23743 -3.76157 -1.23743 -3.76157 2.15164 0 0.197894 0 
2 1 0 14.1063 0.1 90.1794 -1.23721 -3.76086 -1.23721 -3.76086 2.1517 0 0.197952 0 
2 1 0 14.1013 0.1 90.1794 -1.23699 -3.76014 -1.23699 -3.76014 2.15177 0 0.198011 0 
2 1 0 14.0964 0.1 90.1794 -1.23677 -3.75942 -1.23677 -3.75942 2.15183 0 0.198071 0 
2 1 0 14.0915 0.1 90.1794 -1.23656 -3.75871 -1.23656 -3.75871 2.15188 0 0.198131 0 
2 1 0 14.0865 0.1 90.1794 -1.23634 -3.75799 -1.23634 -3.75799 2.15193 0 0.198191 0 
2 1 0 14.0816 0.1 90.1794 -1.23612 -3.75727 -1.23612 -3.75727 2.15198 0 0.198252 0 
2 1 0 14.0766 0.1 90.1794 -1.2359 -3.75656 -1.2359 -3.75656 2.15203 0 0.198312 0 
2 1 0 14.0717 0.1 90.1794 -1.23568 -3.75584 -1.23568 -3.75584 2.15206 0 0.198374 0 
2 1 0 14.0667 0.1 90.1794 -1.23547 -3.75512 -1.23547 -3.75512 2.1521 0 0.198436 0 
2 1 0 14.0618 0.1 90.1794 -1.23525 -3.75441 -1.23525 -3.75441 2.15213 0 0.198498 0 
2 1 0 14.0569 0.1 90.1794 -1.23503 -3.75369 -1.23503 -3.75369 2.15216 0 0.19856 0 
2 1 0 14.0519 0.1 90.1794 -1.23481 -3.75297 -1.23481 -3.75297 2.15218 0 0.198623 0 
2 1 0 14.047 0.1 90.1794 -1.23459 -3.75226 -1.23459 -3.75226 2.1522 0 0.198686 0 
2 1 0 14.042 0.1 90.1794 -1.23437 -3.75154 -1.23437 -3.75154 2.15222 0 0.19875 0 
2 1 0 14.0371 0.1 90.1794 -1.23415 -3.75082 -1.23415 -3.75082 2.15223 0 0.198814 0 
2 1 0 14.0321 0.1 90.1794 -1.23394 -3.75011 -1.23394 -3.75011 2.15224 0 0.198878 0 
2 1 0 14.0272 0.1 90.1794 -1.23372 -3.74939 -1.23372 -3.74939 2.15224 0 0.198943 0 
2 1 0 14.0222 0.1 90.1794 -1.2335 -3.74867 -1.2335 -3.74867 2.15224 0 0.199008 0 
2 1 0 14.0173 0.1 90.1794 -1.23328 -3.74796 -1.23328 -3.74796 2.15223 0 0.199074 0 
2 1 0 14.0124 0.1 90.1794 -1.23306 -3.74724 -1.23306 -3.74724 2.15222 0 0.19914 0 
2 1 0 14.0074 0.1 90.1794 -1.23284 -3.74653 -1.23284 -3.74653 2.15221 0 0.199206 0 
2 1 0 14.0025 0.1 90.1794 -1.23262 -3.74581 -1.23262 -3.74581 2.15219 0 0.199273 0 
2 1 0 13.9975 0.1 90.1794 -1.2324 -3.74509 -1.2324 -3.74509 2.15217 0 0.19934 0 
2 1 0 13.9926 0.1 90.1794 -1.23218 -3.74438 -1.23218 -3.74438 2.15215 0 0.199407 0 
2 1 0 13.9876 0.1 90.1794 -1.23197 -3.74366 -1.23197 -3.74366 2.15212 0 0.199475 0 
2 1 0 13.9827 0.1 90.1794 -1.23175 -3.74295 -1.23175 -3.74295 2.15209 0 0.199543 0 
2 1 0 13.9778 0.1 90.1794 -1.23153 -3.74223 -1.23153 -3.74223 2.15205 0 0.199612 0 
2 1 0 13.9728 0.1 90.1794 -1.23131 -3.74151 -1.23131 -3.74151 2.15201 0 0.199681 0 
2 1 0 13.9679 0.1 90.1794 -1.23109 -3.7408 -1.23109 -3.7408 2.15196 0 0.19975 0 
2 1 0 13.9629 0.1 90.1794 -1.23087 -3.74008 -1.23087 -3.74008 2.15191 0 0.19982 0 
2 1 0 13.958 0.1 90.1794 -1.23065 -3.73937 -1.23065 -3.73937 2.15186 0 0.19989 0 
2 1 0 13.953 0.1 90.1794 -1.23043 -3.73865 -1.23043 -3.73865 2.1518 0 0.199961 0 
2 1 0 13.9481 0.1 90.1794 -1.23021 -3.73794 -1.23021 -3.73794 2.15174 0 0.200032 0 
2 1 0 13.9432 0.1 90.1794 -1.22999 -3.73722 -1.22999 -3.73722 2.15167 0 0.200103 0 
2 1 0 13.9382 0.1 90.1794 -1.22977 -3.7365 -1.22977 -3.7365 2.15161 0 0.200175 0 
2 1 0 13.9333 0.1 90.1794 -1.22955 -3.73579 -1.22955 -3.73579 2.15153 0 0.200247 0 
2 1 0 13.9283 0.1 90.1794 -1.22933 -3.73507 -1.22933 -3.73507 2.15145 0 0.20032 0 
2 1 0 13.9234 0.1 90.1794 -1.22911 -3.73436 -1.22911 -3.73436 2.15137 0 0.200393 0 
2 1 0 13.9184 0.1 90.1794 -1.22889 -3.73364 -1.22889 -3.73364 2.15129 0 0.200466 0 
2 1 0 13.9135 0.1 90.1794 -1.22868 -3.73293 -1.22868 -3.73293 2.1512 0 0.20054 0 
2 1 0 13.9085 0.1 90.1794 -1.22846 -3.73221 -1.22846 -3.73221 2.1511 0 0.200614 0 
2 1 0 13.9036 0.1 90.1794 -1.22824 -3.7315 -1.22824 -3.7315 2.15101 0 0.200688 0 
2 1 0 13.8987 0.1 90.1794 -1.22802 -3.73078 -1.22802 -3.73078 2.1509 0 0.200763 0 
2 1 0 13.8937 0.1 90.1794 -1.2278 -3.73007 -1.2278 -3.73007 2.1508 0 0.200838 0 
2 1 0 13.8888 0.1 90.1794 -1.22758 -3.72935 -1.22758 -3.72935 2.15069 0 0.200914 0 
2 1 0 13.8838 0.1 90.1794 -1.22736 -3.72864 -1.22736 -3.72864 2.15057 0 0.20099 0 
2 1 0 13.8789 0.1 90.1794 -1.22714 -3.72792 -1.22714 -3.72792 2.15046 0 0.201067 0 
2 1 0 13.8739 0.1 90.1794 -1.22692 -3.72721 -1.22692 -3.72721 2.15033 0 0.201144 0 
2 1 0 13.869 0.1 90.1794 -1.2267 -3.7265 -1.2267 -3.7265 2.15021 0 0.201221 0 
2 1 0 13.8641 0.1 90.1794 -1.22648 -3.72578 -1.22648 -3.72578 2.15008 0 0.201299 0 
2 1 0 13.8591 0.1 90.1794 -1.22626 -3.72507 -1.22626 -3.72507 2.14994 0 0.201377 0 
2 1 0 13.8542 0.1 90.1794 -1.22604 -3.72435 -1.22604 -3.72435 2.1498 0 0.201455 0 
2 1 0 13.8492 0.1 90.1794 -1.22582 -3.72364 -1.22582 -3.72364 2.14966 0 0.201534 0 
2 1 0 13.8443 0.1 90.1794 -1.2256 -3.72293 -1.2256 -3.72293 2.14952 0 0.201613 0 
2 1 0 13.8393 0.1 90.1794 -1.22537 -3.72221 -1.22537 -3.72221 2.14937 0 0.201693 0 
2 1 0 13.8344 0.1 90.1794 -1.22515 -3.7215 -1.22515 -3.7215 2.14921 0 0.201773 0 
2 1 0 13.8294 0.1 90.1794 -1.22493 -3.72078 -1.22493 -3.72078 2.14905 0 0.201854 0 
2 1 0 13.8245 0.1 90.1794 -1.22471 -3.72007 -1.22471 -3.72007 2.14889 0 0.201934 0 
2 1 0 13.8196 0.1 90.1794 -1.22449 -3.71936 -1.22449 -3.71936 2.14872 0 0.202016 0 
2 1 0 13.8146 0.1 90.1794 -1.22427 -3.71864 -1.22427 -3.71864 2.14855 0 0.202097 0 
2 1 0 13.8097 0.1 90.1794 -1.22405 -3.71793 -1.22405 -3.71793 2.14838 0 0.20218 0 
2 1 0 13.8047 0.1 90.1794 -1.22383 -3.71722 -1.22383 -3.71722 2.1482 0 0.202262 0 
2 1 0 13.7998 0.1 90.1794 -1.22361 -3.7165 -1.22361 -3.7165 2.14802 0 0.202345 0 
2 1 0 13.7948 0.1 90.1794 -1.22339 -3.71579 -1.22339 -3.71579 2.14783 0 0.202428 0 
2 1 0 13.7899 0.1 90.1794 -1.22317 -3.71508 -1.22317 -3.71508 2.14764 0 0.202512 0 
2 1 0 13.7849 0.1 90.1794 -1.22295 -3.71436 -1.22295 -3.71436 2.14744 0 0.202596 0 
2 1 0 13.78 0.1 90.1794 -1.22273 -3.71365 -1.22273 -3.71365 2.14724 0 0.202681 0 
2 1 0 13.7751 0.1 90.1794 -1.22251 -3.71294 -1.22251 -3.71294 2.14704 0 0.202766 0 
2 1 0 13.7701 0.1 90.1794 -1.22228 -3.71223 -1.22228 -3.71223 2.14683 0 0.202851 0 
2 1 0 13.7652 0.1 90.1794 -1.22206 -3.71151 -1.22206 -3.71151 2.14662 0 0.202937 0 
2 1 0 13.7602 0.1 90.1794 -1.22184 -3.7108 -1.22184 -3.7108 2.14641 0 0.203023 0 
2 1 0 13.7553 0.1 90.1794 -1.22162 -3.71009 -1.22162 -3.71009 2.14619 0 0.20311 0 
2 1 0 13.7503 0.1 90.1794 -1.2214 -3.70938 -1.2214 -3.70938 2.14596 0 0.203197 0 
2 1 0 13.7454 0.1 90.1794 -1.22118 -3.70866 -1.22118 -3.70866 2.14573 0 0.203284 0 
2 1 0 13.7405 0.1 90.1794 -1.22096 -3.70795 -1.22096 -3.70795 2.1455 0 0.203372 0 
2 1 0 13.7355 0.1 90.1794 -1.22074 -3.70724 -1.22074 -3.70724 2.14527 0 0.20346 0 
2 1 0 13.7306 0.1 90.1794 -1.22052 -3.70653 -1.22052 -3.70653 2.14503 0 0.203549 0 
2 1 0 13.7256 0.1 90.1794 -1.22029 -3.70582 -1.22029 -3.70582 2.14478 0 0.203638 0 
2 1 0 13.7207 0.1 90.1794 -1.22007 -3.70511 -1.22007 -3.70511 2.14453 0 0.203728 0 
2 1 0 13.7157 0.1 90.1794 -1.21985 -3.70439 -1.21985 -3.70439 2.14428 0 0.203818 0 
2 1 0 13.7108 0.1 90.1794 -1.21963 -3.70368 -1.21963 -3.70368 2.14403 0 0.203908 0 
2 1 0 13.7058 0.1 90.1794 -1.21941 -3.70297 -1.21941 -3.70297 2.14377 0 0.203999 0 
2 1 0 13.7009 0.1 90.1794 -1.21919 -3.70226 -1.21919 -3.70226 2.1435 0 0.20409 0 
2 1 0 13.696 0.1 90.1794 -1.21896 -3.70155 -1.21896 -3.70155 2.14323 0 0.204182 0 
2 1 0 13.691 0.1 90.1794 -1.21874 -3.70084 -1.21874 -3.70084 2.14296 0 0.204274 0 
2 1 0 13.6861 0.1 90.1794 -1.21852 -3.70013 -1.21852 -3.70013 2.14268 0 0.204366 0 
2 1 0 13.6811 0.1 90.1794 -1.2183 -3.69942 -1.2183 -3.69942 2.1424 0 0.204459 0 
2 1 0 13.6762 0.1 90.1794 -1.21808 -3.69871 -1.21808 -3.69871 2.14212 0 0.204552 0 
2 1 0 13.6712 0.1 90.1794 -1.21785 -3.698 -1.21785 -3.698 2.14183 0 0.204646 0 
2 1 0 13.6663 0.1 90.1794 -1.21763 -3.69729 -1.21763 -3.69729 2.14154 0 0.20474 0 
2 1 0 13.6613 0.1 90.1794 -1.21741 -3.69658 -1.21741 -3.69658 2.14124 0 0.204835 0 
2 1 0 13.6564 0.1 90.1794 -1.21719 -3.69587 -1.21719 -3.69587 2.14094 0 0.20493 0 
2 1 0 13.6515 0.1 90.1794 -1.21697 -3.69516 -1.21697 -3.69516 2.14063 0 0.205026 0 
2 1 0 13.6465 0.1 90.1794 -1.21674 -3.69445 -1.21674 -3.69445 2.14032 0 0.205121 0 
2 1 0 13.6416 0.1 90.1794 -1.21652 -3.69374 -1.21652 -3.69374 2.14001 0 0.205218 0 
2 1 0 13.6366 0.1 90.1794 -1.2163 -3.69303 -1.2163 -3.69303 2.13969 0 0.205315 0 
2 1 0 13.6317 0.1 90.1794 -1.21608 -3.69232 -1.21608 -3.69232 2.13937 0 0.205412 0 
2 1 0 13.6267 0.1 90.1794 -1.21585 -3.69161 -1.21585 -3.69161 2.13905 0 0.205509 0 
2 1 0 13.6218 0.1 90.1794 -1.21563 -3.6909 -1.21563 -3.6909 2.13872 0 0.205607 0 
2 1 0 13.6168 0.1 90.1794 -1.21541 -3.69019 -1.21541 -3.69019 2.13838 0 0.205706 0 
2 1 0 13.6119 0.1 90.1794 -1.21519 -3.68948 -1.21519 -3.68948 2.13805 0 0.205805 0 
2 1 0 13.607 0.1 90.1794 -1.21496 -3.68877 -1.21496 -3.68877 2.1377 0 0.205904 0 
2 1 0 13.602 0.1 90.1794 -1.21474 -3.68807 -1.21474 -3.68807 2.13736 0 0.206004 0 
2 1 0 13.5971 0.1 90.1794 -1.21452 -3.68736 -1.21452 -3.68736 2.13701 0 0.206104 0 
2 1 0 13.5921 0.1 90.1794 -1.21429 -3.68665 -1.21429 -3.68665 2.13665 0 0.206205 0 
2 1 0 13.5872 0.1 90.1794 -1.21407 -3.68594 -1.21407 -3.68594 2.1363 0 0.206306 0 
2 1 0 13.5822 0.1 90.1794 -1.21385 -3.68523 -1.21385 -3.68523 2.13593 0 0.206408 0 
2 1 0 13.5773 0.1 90.1794 -1.21363 -3.68453 -1.21363 -3.68453 2.13557 0 0.20651 0 
2 1 0 13.5723 0.1 90.1794 -1.2134 -3.68382 -1.2134 -3.68382 2.1352 0 0.206612 0 
2 1 0 13.5674 0.1 90.1794 -1.21318 -3.68311 -1.21318 -3.68311 2.13482 0 0.206715 0 
2 1 0 13.5625 0.1 90.1794 -1.21296 -3.6824 -1.21296 -3.6824 2.13444 0 0.206818 0 
2 1 0 13.5575 0.1 90.1794 -1.21273 -3.6817 -1.21273 -3.6817 2.13406 0 0.206922 0 
2 1 0 13.5526 0.1 90.1794 -1.21251 -3.68099 -1.21251 -3.68099 2.13367 0 0.207026 0 
2 1 0 13.5476 0.1 90.1794 -1.21229 -3.68028 -1.21229 -3.68028 2.13328 0 0.207131 0 
2 1 0 13.5427 0.1 90.1794 -1.21206 -3.67957 -1.21206 -3.67957 2.13289 0 0.207236 0 
2 1 0 13.5377 0.1 90.1794 -1.21184 -3.67887 -1.21184 -3.67887 2.13249 0 0.207342 0 
2 1 0 13.5328 0.1 90.1794 -1.21162 -3.67816 -1.21162 -3.67816 2.13208 0 0.207448 0 
2 1 0 13.5278 0.1 90.1794 -1.21139 -3.67745 -1.21139 -3.67745 2.13168 0 0.207554 0 
2 1 0 13.5229 0.1 90.1794 -1.21117 -3.67675 -1.21117 -3.67675 2.13127 0 0.207661 0 
2 1 0 13.518 0.1 90.1794 -1.21095 -3.67604 -1.21095 -3.67604 2.13085 0 0.207769 0 
2 1 0 13.513 0.1 90.1794 -1.21072 -3.67534 -1.21072 -3.67534 2.13043 0 0.207876 0 
2 1 0 13.5081 0.1 90.1794 -1.2105 -3.67463 -1.2105 -3.67463 2.13001 0 0.207985 0 
2 1 0 13.5031 0.1 90.1794 -1.21027 -3.67392 -1.21027 -3.67392 2.12958 0 0.208093 0 
2 1 0 13.4982 0.1 90.1794 -1.21005 -3.67322 -1.21005 -3.67322 2.12915 0 0.208203 0 
2 1 0 13.4932 0.1 90.1794 -1.20983 -3.67251 -1.20983 -3.67251 2.12871 0 0.208312 0 
2 1 0 13.4883 0.1 90.1794 -1.2096 -3.67181 -1.2096 -3.67181 2.12827 0 0.208422 0 
2 1 0 13.4833 0.1 90.1794 -1.20938 -3.6711 -1.20938 -3.6711 2.12783 0 0.208533 0 
2 1 0 13.4784 0.1 90.1794 -1.20915 -3.6704 -1.20915 -3.6704 2.12738 0 0.208644 0 
2 1 0 13.4734 0.1 90.1794 -1.20893 -3.66969 -1.20893 -3.66969 2.12693 0 0.208755 0 
2 1 0 13.4685 0.1 90.1794 -1.20871 -3.66899 -1.20871 -3.66899 2.12647 0 0.208867 0 
2 1 0 13.4636 0.1 90.1794 -1.20848 -3.66828 -1.20848 -3.66828 2.12601 0 0.20898 0 
2 1 0 13.4586 0.1 90.1794 -1.20826 -3.66758 -1.20826 -3.66758 2.12554 0 0.209093 0 
2 1 0 13.4537 0.1 90.1794 -1.20803 -3.66688 -1.20803 -3.66688 2.12508 0 0.209206 0 
2 1 0 13.4487 0.1 90.1794 -1.20781 -3.66617 -1.20781 -3.66617 2.1246 0 0.20932 0 
2 1 0 13.4438 0.1 90.1794 -1.20758 -3.66547 -1.20758 -3.66547 2.12413 0 0.209434 0 
2 1 0 13.4388 0.1 90.1794 -1.20736 -3.66477 -1.20736 -3.66477 2.12364 0 0.209549 0 
2 1 0 13.4339 0.1 90.1794 -1.20713 -3.66406 -1.20713 -3.66406 2.12316 0 0.209664 0 
2 1 0 13.4289 0.1 90.1794 -1.20691 -3.66336 -1.20691 -3.66336 2.12267 0 0.20978 0 
2 1 0 13.424 0.1 90.1794 -1.20668 -3.66266 -1.20668 -3.66266 2.12218 0 0.209896 0 
2 1 0 13.4191 0.1 90.1794 -1.20646 -3.66195 -1.20646 -3.66195 2.12168 0 0.210013 0 
2 1 0 13.4141 0.1 90.1794 -1.20623 -3.66125 -1.20623 -3.66125 2.12118 0 0.21013 0 
2 1 0 13.4092 0.1 90.1794 -1.20601 -3.66055 -1.20601 -3.66055 2.12067 0 0.210247 0 
2 1 0 13.4042 0.1 90.1794 -1.20578 -3.65984 -1.20578 -3.65984 2.12016 0 0.210365 0 
2 1 0 13.3993 0.1 90.1794 -1.20556 -3.65914 -1.20556 -3.65914 2.11965 0 0.210484 0 
2 1 0 13.3943 0.1 90.1794 -1.20533 -3.65844 -1.20533 -3.65844 2.11913 0 0.210603 0 
2 1 0 13.3894 0.1 90.1794 -1.20511 -3.65774 -1.20511 -3.65774 2.11861 0 0.210722 0 
2 1 0 13.3844 0.1 90.1794 -1.20488 -3.65704 -1.20488 -3.65704 2.11808 0 0.210842 0 
2 1 0 13.3795 0.1 90.1794 -1.20466 -3.65633 -1.20466 -3.65633 2.11755 0 0.210963 0 
2 1 0 13.3745 0.1 90.1794 -1.20443 -3.65563 -1.20443 -3.65563 2.11702 0 0.211084 0 
2 1 0 13.3696 0.1 90.1794 -1.20421 -3.65493 -1.20421 -3.65493 2.11648 0 0.211205 0 
2 1 0 13.3647 0.1 90.1794 -1.20398 -3.65423 -1.20398 -3.65423 2.11593 0 0.211327 0 
2 1 0 13.3597 0.1 90.1794 -1.20376 -3.65353 -1.20376 -3.65353 2.11539 0 0.21145 0 
2 1 0 13.3548 0.1 90.1794 -1.20353 -3.65283 -1.20353 -3.65283 2.11484 0 0.211572 0 
2 1 0 13.3498 0.1 90.1794 -1.20331 -3.65213 -1.20331 -3.65213 2.11428 0 0.211696 0 
2 1 0 13.3449 0.1 90.1794 -1.20308 -3.65143 -1.20308 -3.65143 2.11372 0 0.21182 0 
2 1 0 13.3399 0.1 90.1794 -1.20285 -3.65073 -1.20285 -3.65073 2.11316 0 0.211944 0 
2 1 0 13.335 0.1 90.1794 -1.20263 -3.65003 -1.20263 -3.65003 2.11259 0 0.212069 0 
2 1 0 13.33 0.1 90.1794 -1.2024 -3.64933 -1.2024 -3.64933 2.11202 0 0.212194 0 
2 1 0 13.3251 0.1 90.1794 -1.20218 -3.64863 -1.20218 -3.64863 2.11144 0 0.21232 0 
2 1 0 13.3201 0.1 90.1794 -1.20195 -3.64793 -1.20195 -3.64793 2.11086 0 0.212446 0 
2 1 0 13.3152 0.1 90.1794 -1.20172 -3.64723 -1.20172 -3.64723 2.11028 0 0.212573 0 
2 1 0 13.3103 0.1 90.1794 -1.2015 -3.64653 -1.2015 -3.64653 2.10969 0 0.2127 0 
2 1 0 13.3053 0.1 90.1794 -1.20127 -3.64583 -1.20127 -3.64583 2.1091 0 0.212828 0 
2 1 0 13.3004 0.1 90.1794 -1.20105 -3.64513 -1.20105 -3.64513 2.1085 0 0.212956 0 
2 1 0 13.2954 0.1 90.1794 -1.20082 -3.64443 -1.20082 -3.64443 2.1079 0 0.213085 0 
2 1 0 13.2905 0.1 90.1794 -1.20059 -3.64374 -1.20059 -3.64374 2.1073 0 0.213215 0 
2 1 0 13.2855 0.1 90.1794 -1.20037 -3.64304 -1.20037 -3.64304 2.10669 0 0.213344 0 
2 1 0 13.2806 0.1 90.1794 -1.20014 -3.64234 -1.20014 -3.64234 2.10608 0 0.213475 0 
2 1 0 13.2756 0.1 90.1794 -1.19991 -3.64164 -1.19991 -3.64164 2.10546 0 0.213605 0 
2 1 0 13.2707 0.1 90.1794 -1.19969 -3.64094 -1.19969 -3.64094 2.10484 0 0.213737 0 
2 1 0 13.2657 0.1 90.1794 -1.19946 -3.64025 -1.19946 -3.64025 2.10422 0 0.213869 0 
2 1 0 13.2608 0.1 90.1794 -1.19923 -3.63955 -1.19923 -3.63955 2.10359 0 0.214001 0 
2 1 0 13.2558 0.1 90.1794 -1.19901 -3.63885 -1.19901 -3.63885 2.10296 0 0.214134 0 
2 1 0 13.2509 0.1 90.1794 -1.19878 -3.63816 -1.19878 -3.63816 2.10232 0 0.214267 0 
2 1 0 13.246 0.1 90.1794 -1.19855 -3.63746 -1.19855 -3.63746 2.10168 0 0.214401 0 
2 1 0 13.241 0.1 90.1794 -1.19833 -3.63676 -1.19833 -3.63676 2.10103 0 0.214535 0 
2 1 0 13.2361 0.1 90.1794 -1.1981 -3.63607 -1.1981 -3.63607 2.10038 0 0.21467 0 
2 1 0 13.2311 0.1 90.1794 -1.19787 -3.63537 -1.19787 -3.63537 2.09973 0 0.214806 0 
2 1 0 13.2262 0.1 90.1794 -1.19764 -3.63467 -1.19764 -3.63467 2.09907 0 0.214942 0 
2 1 0 13.2212 0.1 90.1794 -1.19742 -3.63398 -1.19742 -3.63398 2.09841 0 0.215078 0 
2 1 0 13.2163 0.1 90.1794 -1.19719 -3.63328 -1.19719 -3.63328 2.09774 0 0.215215 0 
2 1 0 13.2113 0.1 90.1794 -1.19696 -3.63259 -1.19696 -3.63259 2.09707 0 0.215353 0 
2 1 0 13.2064 0.1 90.1794 -1.19673 -3.63189 -1.19673 -3.63189 2.0964 0 0.215491 0 
2 1 0 13.2014 0.1 90.1794 -1.19651 -3.6312 -1.19651 -3.6312 2.09572 0 0.215629 0 
2 1 0 13.1965 0.1 90.1794 -1.19628 -3.6305 -1.19628 -3.6305 2.09504 0 0.215768 0 
2 1 0 13.1915 0.1 90.1794 -1.19605 -3.62981 -1.19605 -3.62981 2.09435 0 0.215908 0 
2 1 0 13.1866 0.1 90.1794 -1.19582 -3.62911 -1.19582 -3.62911 2.09366 0 0.216048 0 
2 1 0 13.1817 0.1 90.1794 -1.1956 -3.62842 -1.1956 -3.62842 2.09297 0 0.216188 0 
2 1 0 13.1767 0.1 90.1794 -1.19537 -3.62773 -1.19537 -3.62773 2.09227 0 0.21633 0 
2 1 0 13.1718 0.1 90.1794 -1.19514 -3.62703 -1.19514 -3.62703 2.09157 0 0.216471 0 
2 1 0 13.1668 0.1 90.1794 -1.19491 -3.62634 -1.19491 -3.62634 2.09086 0 0.216614 0 
2 1 0 13.1619 0.1 90.1794 -1.19468 -3.62565 -1.19468 -3.62565 2.09015 0 0.216756 0 
2 1 0 13.1569 0.1 90.1794 -1.19446 -3.62495 -1.19446 -3.62495 2.08943 0 0.2169 0 
2 1 0 13.152 0.1 90.1794 -1.19423 -3.62426 -1.19423 -3.62426 2.08871 0 0.217043 0 
2 1 0 13.147 0.1 90.1794 -1.194 -3.62357 -1.194 -3.62357 2.08799 0 0.217188 0 
2 1 0 13.1421 0.1 90.1794 -1.19377 -3.62287 -1.19377 -3.62287 2.08726 0 0.217333 0 
2 1 0 13.1371 0.1 90.1794 -1.19354 -3.62218 -1.19354 -3.62218 2.08653 0 0.217478 0 
2 1 0 13.1322 0.1 90.1794 -1.19331 -3.62149 -1.19331 -3.62149 2.0858 0 0.217624 0 
2 1 0 13.1272 0.1 90.1794 -1.19309 -3.6208 -1.19309 -3.6208 2.08506 0 0.217771 0 
2 1 0 13.1223 0.1 90.1794 -1.19286 -3.62011 -1.19286 -3.62011 2.08431 0 0.217918 0 
2 1 0 13.1173 0.1 90.1794 -1.19263 -3.61941 -1.19263 -3.61941 2.08357 0 0.218065 0 
2 1 0 13.1124 0.1 90.1794 -1.1924 -3.61872 -1.1924 -3.61872 2.08281 0 0.218214 0 
2 1 0 13.1075 0.1 90.1794 -1.19217 -3.61803 -1.19217 -3.61803 2.08206 0 0.218362 0 
2 1 0 13.1025 0.1 90.1794 -1.19194 -3.61734 -1.19194 -3.61734 2.0813 0 0.218512 0 
2 1 0 13.0976 0.1 90.1794 -1.19171 -3.61665 -1.19171 -3.61665 2.08053 0 0.218661 0 
2 1 0 13.0926 0.1 90.1794 -1.19148 -3.61596 -1.19148 -3.61596 2.07977 0 0.218812 0 
2 1 0 13.0877 0.1 90.1794 -1.19125 -3.61527 -1.19125 -3.61527 2.07899 0 0.218963 0 
2 1 0 13.0827 0.1 90.1794 -1.19103 -3.61458 -1.19103 -3.61458 2.07822 0 0.219114 0 
2 1 0 13.0778 0.1 90.1794 -1.1908 -3.61389 -1.1908 -3.61389 2.07744 0 0.219266 0 
2 1 0 13.0728 0.1 90.1794 -1.19057 -3.6132 -1.19057 -3.6132 2.07665 0 0.219419 0 
2 1 0 13.0679 0.1 90.1794 -1.19034 -3.61251 -1.19034 -3.61251 2.07586 0 0.219572 0 
2 1 0 13.0629 0.1 90.1794 -1.19011 -3.61182 -1.19011 -3.61182 2.07507 0 0.219726 0 
2 1 0 13.058 0.1 90.1794 -1.18988 -3.61113 -1.18988 -3.61113 2.07427 0 0.21988 0 
2 1 0 13.053 0.1 90.1794 -1.18965 -3.61044 -1.18965 -3.61044 2.07347 0 0.220035 0 
2 1 0 13.0481 0.1 90.1794 -1.18942 -3.60975 -1.18942 -3.60975 2.07267 0 0.22019 0 
2 1 0 13.0431 0.1 90.1794 -1.18919 -3.60907 -1.18919 -3.60907 2.07186 0 0.220346 0 
2 1 0 13.0382 0.1 90.1794 -1.18896 -3.60838 -1.18896 -3.60838 2.07105 0 0.220503 0 
2 1 0 13.0333 0.1 90.1794 -1.18873 -3.60769 -1.18873 -3.60769 2.07023 0 0.22066 0 
2 1 0 13.0283 0.1 90.1794 -1.1885 -3.607 -1.1885 -3.607 2.06941 0 0.220818 0 
2 1 0 13.0234 0.1 90.1794 -1.18827 -3.60632 -1.18827 -3.60632 2.06858 0 0.220976 0 
2 1 0 13.0184 0.1 90.1794 -1.18804 -3.60563 -1.18804 -3.60563 2.06775 0 0.221135 0 
2 1 0 13.0135 0.1 90.1794 -1.18781 -3.60494 -1.18781 -3.60494 2.06692 0 0.221294 0 
2 1 0 13.0085 0.1 90.1794 -1.18758 -3.60425 -1.18758 -3.60425 2.06608 0 0.221454 0 
2 1 0 13.0036 0.1 90.1794 -1.18735 -3.60357 -1.18735 -3.60357 2.06524 0 0.221615 0 
2 1 0 12.9986 0.1 90.1794 -1.18712 -3.60288 -1.18712 -3.60288 2.0644 0 0.221776 0 
2 1 0 12.9937 0.1 90.1794 -1.18689 -3.6022 -1.18689 -3.6022 2.06355 0 0.221938 0 
2 1 0 12.9887 0.1 90.1794 -1.18666 -3.60151 -1.18666 -3.60151 2.06269 0 0.2221 0 
2 1 0 12.9838 0.1 90.1794 -1.18643 -3.60082 -1.18643 -3.60082 2.06183 0 0.222263 0 
2 1 0 12.9788 0.1 90.1794 -1.1862 -3.60014 -1.1862 -3.60014 2.06097 0 0.222427 0 
2 1 0 12.9739 0.1 90.1794 -1.18597 -3.59945 -1.18597 -3.59945 2.06011 0 0.222591 0 
2 1 0 12.9689 0.1 90.1794 -1.18574 -3.59877 -1.18574 -3.59877 2.05924 0 0.222755 0 
2 1 0 12.964 0.1 90.1794 -1.18551 -3.59808 -1.18551 -3.59808 2.05836 0 0.222921 0 
2 1 0 12.959 0.1 90.1794 -1.18527 -3.5974 -1.18527 -3.5974 2.05748 0 0.223086 0 
2 1 0 12.9541 0.1 90.1794 -1.18504 -3.59671 -1.18504 -3.59671 2.0566 0 0.223253 0 
2 1 0 12.9491 0.1 90.1794 -1.18481 -3.59603 -1.18481 -3.59603 2.05572 0 0.22342 0 
2 1 0 12.9442 0.1 90.1794 -1.18458 -3.59535 -1.18458 -3.59535 2.05483 0 0.223588 0 
2 1 0 12.9393 0.1 90.1794 -1.18435 -3.59466 -1.18435 -3.59466 2.05393 0 0.223756 0 
2 1 0 12.9343 0.1 90.1794 -1.18412 -3.59398 -1.18412 -3.59398 2.05303 0 0.223925 0 
2 1 0 12.9294 0.1 90.1794 -1.18389 -3.5933 -1.18389 -3.5933 2.05213 0 0.224094 0 
2 1 0 12.9244 0.1 90.1794 -1.18366 -3.59261 -1.18366 -3.59261 2.05123 0 0.224264 0 
2 1 0 12.9195 0.1 90.1794 -1.18343 -3.59193 -1.18343 -3.59193 2.05031 0 0.224435 0 
2 1 0 12.9145 0.1 90.1794 -1.18319 -3.59125 -1.18319 -3.59125 2.0494 0 0.224606 0 
2 1 0 12.9096 0.1 90.1794 -1.18296 -3.59056 -1.18296 -3.59056 2.04848 0 0.224778 0 
2 1 0 12.9046 0.1 90.1794 -1.18273 -3.58988 -1.18273 -3.58988 2.04756 0 0.224951 0 
2 1 0 12.8997 0.1 90.1794 -1.1825 -3.5892 -1.1825 -3.5892 2.04663 0 0.225124 0 
2 1 0 12.8947 0.1 90.1794 -1.18227 -3.58852 -1.18227 -3.58852 2.0457 0 0.225297 0 
2 1 0 12.8898 0.1 90.1794 -1.18203 -3.58784 -1.18203 -3.58784 2.04477 0 0.225472 0 
2 1 0 12.8848 0.1 90.1794 -1.1818 -3.58716 -1.1818 -3.58716 2.04383 0 0.225647 0 
2 1 0 12.8799 0.1 90.1794 -1.18157 -3.58647 -1.18157 -3.58647 2.04289 0 0.225822 0 
2 1 0 12.8749 0.1 90.1794 -1.18134 -3.58579 -1.18134 -3.58579 2.04194 0 0.225998 0 
2 1 0 12.87 0.1 90.1794 -1.18111 -3.58511 -1.18111 -3.58511 2.04099 0 0.226175 0 
2 1 0 12.865 0.1 90.1794 -1.18087 -3.58443 -1.18087 -3.58443 2.04003 0 0.226353 0 
2 1 0 12.8601 0.1 90.1794 -1.18064 -3.58375 -1.18064 -3.58375 2.03908 0 0.226531 0 
2 1 0 12.8551 0.1 90.1794 -1.18041 -3.58307 -1.18041 -3.58307 2.03811 0 0.226709 0 
2 1 0 12.8502 0.1 90.1794 -1.18018 -3.58239 -1.18018 -3.58239 2.03715 0 0.226889 0 
2 1 0 12.8452 0.1 90.1794 -1.17995 -3.58171 -1.17995 -3.58171 2.03618 0 0.227069 0 
2 1 0 12.8403 0.1 90.1794 -1.17971 -3.58104 -1.17971 -3.58104 2.0352 0 0.227249 0 
2 1 0 12.8353 0.1 90.1794 -1.17948 -3.58036 -1.17948 -3.58036 2.03422 0 0.227431 0 
2 1 0 12.8304 0.1 90.1794 -1.17925 -3.57968 -1.17925 -3.57968 2.03324 0 0.227612 0 
2 1 0 12.8254 0.1 90.1794 -1.17901 -3.579 -1.17901 -3.579 2.03225 0 0.227795 0 
2 1 0 12.8205 0.1 90.1794 -1.17878 -3.57832 -1.17878 -3.57832 2.03126 0 0.227978 0 
2 1 0 12.8156 0.1 90.1794 -1.17855 -3.57764 -1.17855 -3.57764 2.03027 0 0.228162 0 
2 1 0 12.8106 0.1 90.1794 -1.17832 -3.57697 -1.17832 -3.57697 2.02927 0 0.228346 0 
2 1 0 12.8057 0.1 90.1794 -1.17808 -3.57629 -1.17808 -3.57629 2.02827 0 0.228531 0 
2 1 0 12.8007 0.1 90.1794 -1.17785 -3.57561 -1.17785 -3.57561 2.02726 0 0.228717 0 
2 1 0 12.7958 0.1 90.1794 -1.17762 -3.57493 -1.17762 -3.57493 2.02625 0 0.228903 0 
2 1 0 12.7908 0.1 90.1794 -1.17738 -3.57426 -1.17738 -3.57426 2.02523 0 0.22909 0 
2 1 0 12.7859 0.1 90.1794 -1.17715 -3.57358 -1.17715 -3.57358 2.02422 0 0.229278 0 
2 1 0 12.7809 0.1 90.1794 -1.17692 -3.5729 -1.17692 -3.5729 2.02319 0 0.229466 0 
2 1 0 12.776 0.1 90.1794 -1.17668 -3.57223 -1.17668 -3.57223 2.02217 0 0.229655 0 
2 1 0 12.771 0.1 90.1794 -1.17645 -3.57155 -1.17645 -3.57155 2.02114 0 0.229845 0 
2 1 0 12.7661 0.1 90.1794 -1.17621 -3.57088 -1.17621 -3.57088 2.0201 0 0.230035 0 
2 1 0 12.7611 0.1 90.1794 -1.17598 -3.5702 -1.17598 -3.5702 2.01906 0 0.230226 0 
2 1 0 12.7562 0.1 90.1794 -1.17575 -3.56953 -1.17575 -3.56953 2.01802 0 0.230418 0 
2 1 0 12.7512 0.1 90.1794 -1.17551 -3.56885 -1.17551 -3.56885 2.01697 0 0.23061 0 
2 1 0 12.7463 0.1 90.1794 -1.17528 -3.56818 -1.17528 -3.56818 2.01592 0 0.230803 0 
2 1 0 12.7413 0.1 90.1794 -1.17505 -3.5675 -1.17505 -3.5675 2.01487 0 0.230997 0 
2 1 0 12.7364 0.1 90.1794 -1.17481 -3.56683 -1.17481 -3.56683 2.01381 0 0.231191 0 
2 1 0 12.7314 0.1 90.1794 -1.17458 -3.56616 -1.17458 -3.56616 2.01275 0 0.231386 0 
2 1 0 12.7265 0.1 90.1794 -1.17434 -3.56548 -1.17434 -3.56548 2.01168 0 0.231582 0 
2 1 0 12.7215 0.1 90.1794 -1.17411 -3.56481 -1.17411 -3.56481 2.01061 0 0.231778 0 
2 1 0 12.7166 0.1 90.1794 -1.17387 -3.56414 -1.17387 -3.56414 2.00954 0 0.231975 0 
2 1 0 12.7116 0.1 90.1794 -1.17364 -3.56346 -1.17364 -3.56346 2.00846 0 0.232173 0 
2 1 0 12.7067 0.1 90.1794 -1.1734 -3.56279 -1.1734 -3.56279 2.00738 0 0.232371 0 
2 1 0 12.7017 0.1 90.1794 -1.17317 -3.56212 -1.17317 -3.56212 2.00629 0 0.23257 0 
2 1 0 12.6968 0.1 90.1794 -1.17294 -3.56145 -1.17294 -3.56145 2.0052 0 0.23277 0 
2 1 0 12.6918 0.1 90.1794 -1.1727 -3.56077 -1.1727 -3.56077 2.00411 0 0.23297 0 
2 1 0 12.6869 0.1 90.1794 -1.17247 -3.5601 -1.17247 -3.5601 2.00301 0 0.233171 0 
2 1 0 12.6819 0.1 90.1794 -1.17223 -3.55943 -1.17223 -3.55943 2.00191 0 0.233373 0 
2 1 0 12.677 0.1 90.1794 -1.172 -3.55876 -1.172 -3.55876 2.00081 0 0.233576 0 
2 1 0 12.672 0.1 90.1794 -1.17176 -3.55809 -1.17176 -3.55809 1.9997 0 0.233779 0 
2 1 0 12.6671 0.1 90.1794 -1.17153 -3.55742 -1.17153 -3.55742 1.99858 0 0.233983 0 
2 1 0 12.6621 0.1 90.1794 -1.17129 -3.55675 -1.17129 -3.55675 1.99747 0 0.234187 0 
2 1 0 12.6572 0.1 90.1794 -1.17106 -3.55608 -1.17106 -3.55608 1.99635 0 0.234393 0 
2 1 0 12.6522 0.1 90.1794 -1.17082 -3.55541 -1.17082 -3.55541 1.99522 0 0.234599 0 
2 1 0 12.6473 0.1 90.1794 -1.17058 -3.55474 -1.17058 -3.55474 1.99409 0 0.234805 0 
2 1 0 12.6423 0.1 90.1794 -1.17035 -3.55407 -1.17035 -3.55407 1.99296 0 0.235013 0 
2 1 0 12.6374 0.1 90.1794 -1.17011 -3.5534 -1.17011 -3.5534 1.99182 0 0.235221 0 
2 1 0 12.6324 0.1 90.1794 -1.16988 -3.55273 -1.16988 -3.55273 1.99068 0 0.23543 0 
2 1 0 12.6275 0.1 90.1794 -1.16964 -3.55206 -1.16964 -3.55206 1.98954 0 0.235639 0 
2 1 0 12.6225 0.1 90.1794 -1.16941 -3.55139 -1.16941 -3.55139 1.98839 0 0.235849 0 
2 1 0 12.6176 0.1 90.1794 -1.16917 -3.55072 -1.16917 -3.55072 1.98724 0 0.23606 0 
2 1 0 12.6126 0.1 90.1794 -1.16893 -3.55006 -1.16893 -3.55006 1.98608 0 0.236272 0 
2 1 0 12.6077 0.1 90.1794 -1.1687 -3.54939 -1.1687 -3.54939 1.98492 0 0.236484 0 
2 1 0 12.6027 0.1 90.1794 -1.16846 -3.54872 -1.16846 -3.54872 1.98376 0 0.236698 0 
2 1 0 12.5978 0.1 90.1794 -1.16823 -3.54805 -1.16823 -3.54805 1.98259 0 0.236911 0 
2 1 0 12.5928 0.1 90.1794 -1.16799 -3.54739 -1.16799 -3.54739 1.98142 0 0.237126 0 
2 1 0 12.5879 0.1 90.1794 -1.16775 -3.54672 -1.16775 -3.54672 1.98024 0 0.237341 0 
2 1 0 12.5829 0.1 90.1794 -1.16752 -3.54605 -1.16752 -3.54605 1.97906 0 0.237557 0 
2 1 0 12.578 0.1 90.1794 -1.16728 -3.54539 -1.16728 -3.54539 1.97788 0 0.237774 0 
2 1 0 12.573 0.1 90.1794 -1.16704 -3.54472 -1.16704 -3.54472 1.97669 0 0.237992 0 
2 1 0 12.5681 0.1 90.1794 -1.16681 -3.54406 -1.16681 -3.54406 1.9755 0 0.23821 0 
2 1 0 12.5631 0.1 90.1794 -1.16657 -3.54339 -1.16657 -3.54339 1.97431 0 0.238429 0 
2 1 0 12.5582 0.1 90.1794 -1.16633 -3.54273 -1.16633 -3.54273 1.97311 0 0.238649 0 
2 1 0 12.5532 0.1 90.1794 -1.1661 -3.54206 -1.1661 -3.54206 1.97191 0 0.238869 0 
2 1 0 12.5483 0.1 90.1794 -1.16586 -3.5414 -1.16586 -3.5414 1.9707 0 0.23909 0 
2 1 0 12.5433 0.1 90.1794 -1.16562 -3.54073 -1.16562 -3.54073 1.96949 0 0.239312 0 
2 1 0 12.5384 0.1 90.1794 -1.16538 -3.54007 -1.16538 -3.54007 1.96828 0 0.239535 0 
2 1 0 12.5334 0.1 90.1794 -1.16515 -3.5394 -1.16515 -3.5394 1.96706 0 0.239759 0 
2 1 0 12.5285 0.1 90.1794 -1.16491 -3.53874 -1.16491 -3.53874 1.96584 0 0.239983 0 
2 1 0 12.5235 0.1 90.1794 -1.16467 -3.53808 -1.16467 -3.53808 1.96462 0 0.240208 0 
2 1 0 12.5186 0.1 90.1794 -1.16443 -3.53741 -1.16443 -3.53741 1.96339 0 0.240434 0 
2 1 0 12.5136 0.1 90.1794 -1.1642 -3.53675 -1.1642 -3.53675 1.96215 0 0.24066 0 
2 1 0 12.5087 0.1 90.1794 -1.16396 -3.53609 -1.16396 -3.53609 1.96092 0 0.240888 0 
2 1 0 12.5037 0.1 90.1794 -1.16372 -3.53543 -1.16372 -3.53543 1.95968 0 0.241116 0 
2 1 0 12.4988 0.1 90.1794 -1.16348 -3.53476 -1.16348 -3.53476 1.95843 0 0.241344 0 
2 1 0 12.4938 0.1 90.1794 -1.16325 -3.5341 -1.16325 -3.5341 1.95719 0 0.241574 0 
2 1 0 12.4889 0.1 90.1794 -1.16301 -3.53344 -1.16301 -3.53344 1.95593 0 0.241804 0 
2 1 0 12.4839 0.1 90.1794 -1.16277 -3.53278 -1.16277 -3.53278 1.95468 0 0.242036 0 
2 1 0 12.479 0.1 90.1794 -1.16253 -3.53212 -1.16253 -3.53212 1.95342 0 0.242268 0 
2 1 0 12.474 0.1 90.1794 -1.16229 -3.53146 -1.16229 -3.53146 1.95216 0 0.2425 0 
2 1 0 12.4691 0.1 90.1794 -1.16206 -3.5308 -1.16206 -3.5308 1.95089 0 0.242734 0 
2 1 0 12.4641 0.1 90.1794 -1.16182 -3.53014 -1.16182 -3.53014 1.94962 0 0.242968 0 
2 1 0 12.4592 0.1 90.1794 -1.16158 -3.52948 -1.16158 -3.52948 1.94835 0 0.243203 0 
2 1 0 12.4542 0.1 90.1794 -1.16134 -3.52882 -1.16134 -3.52882 1.94707 0 0.243439 0 
2 1 0 12.4493 0.1 90.1794 -1.1611 -3.52816 -1.1611 -3.52816 1.94579 0 0.243676 0 
2 1 0 12.4443 0.1 90.1794 -1.16086 -3.5275 -1.16086 -3.5275 1.9445 0 0.243913 0 
2 1 0 12.4394 0.1 90.1794 -1.16062 -3.52684 -1.16062 -3.52684 1.94321 0 0.244151 0 
2 1 0 12.4344 0.1 90.1794 -1.16039 -3.52618 -1.16039 -3.52618 1.94192 0 0.24439 0 
2 1 0 12.4295 0.1 90.1794 -1.16015 -3.52552 -1.16015 -3.52552 1.94062 0 0.24463 0 
2 1 0 12.4245 0.1 90.1794 -1.15991 -3.52487 -1.15991 -3.52487 1.93932 0 0.244871 0 
2 1 0 12.4196 0.1 90.1794 -1.15967 -3.52421 -1.15967 -3.52421 1.93802 0 0.245112 0 
2 1 0 12.4146 0.1 90.1794 -1.15943 -3.52355 -1.15943 -3.52355 1.93671 0 0.245355 0 
2 1 0 12.4097 0.1 90.1794 -1.15919 -3.52289 -1.15919 -3.52289 1.9354 0 0.245598 0 
2 1 0 12.4047 0.1 90.1794 -1.15895 -3.52224 -1.15895 -3.52224 1.93409 0 0.245842 0 
2 1 0 12.3998 0.1 90.1794 -1.15871 -3.52158 -1.15871 -3.52158 1.93277 0 0.246086 0 
2 1 0 12.3948 0.1 90.1794 -1.15847 -3.52092 -1.15847 -3.52092 1.93145 0 0.246332 0 
2 1 0 12.3899 0.1 90.1794 -1.15823 -3.52027 -1.15823 -3.52027 1.93012 0 0.246578 0 
2 1 0 12.3849 0.1 90.1794 -1.15799 -3.51961 -1.15799 -3.51961 1.92879 0 0.246825 0 
2 1 0 12.38 0.1 90.1794 -1.15775 -3.51895 -1.15775 -3.51895 1.92746 0 0.247073 0 
2 1 0 12.375 0.1 90.1794 -1.15751 -3.5183 -1.15751 -3.5183 1.92612 0 0.247322 0 
2 1 0 12.3701 0.1 90.1794 -1.15727 -3.51764 -1.15727 -3.51764 1.92478 0 0.247572 0 
2 1 0 12.3651 0.1 90.1794 -1.15703 -3.51699 -1.15703 -3.51699 1.92344 0 0.247822 0 
2 1 0 12.3602 0.1 90.1794 -1.15679 -3.51633 -1.15679 -3.51633 1.92209 0 0.248074 0 
2 1 0 12.3552 0.1 90.1794 -1.15655 -3.51568 -1.15655 -3.51568 1.92074 0 0.248326 0 
2 1 0 12.3503 0.1 90.1794 -1.15631 -3.51502 -1.15631 -3.51502 1.91938 0 0.248579 0 
2 1 0 12.3453 0.1 90.1794 -1.15607 -3.51437 -1.15607 -3.51437 1.91802 0 0.248833 0 
2 1 0 12.3404 0.1 90.1794 -1.15583 -3.51372 -1.15583 -3.51372 1.91666 0 0.249087 0 
2 1 0 12.3354 0.1 90.1794 -1.15559 -3.51306 -1.15559 -3.51306 1.9153 0 0.249343 0 
2 1 0 12.3305 0.1 90.1794 -1.15535 -3.51241 -1.15535 -3.51241 1.91393 0 0.249599 0 
2 1 0 12.3255 0.1 90.1794 -1.15511 -3.51176 -1.15511 -3.51176 1.91255 0 0.249857 0 
2 1 0 12.3206 0.1 90.1794 -1.15487 -3.5111 -1.15487 -3.5111 1.91118 0 0.250115 0 
2 1 0 12.3156 0.1 90.1794 -1.15463 -3.51045 -1.15463 -3.51045 1.9098 0 0.250374 0 
2 1 0 12.3107 0.1 90.1794 -1.15439 -3.5098 -1.15439 -3.5098 1.90841 0 0.250634 0 
2 1 0 12.3057 0.1 90.1794 -1.15415 -3.50915 -1.15415 -3.50915 1.90703 0 0.250894 0 
2 1 0 12.3008 0.1 90.1794 -1.15391 -3.5085 -1.15391 -3.5085 1.90564 0 0.251156 0 
2 1 0 12.2958 0.1 90.1794 -1.15367 -3.50785 -1.15367 -3.50785 1.90424 0 0.251418 0 
2 1 0 12.2909 0.1 90.1794 -1.15342 -3.50719 -1.15342 -3.50719 1.90284 0 0.251681 0 
2 1 0 12.2859 0.1 90.1794 -1.15318 -3.50654 -1.15318 -3.50654 1.90144 0 0.251946 0 
2 1 0 12.281 0.1 90.1794 -1.15294 -3.50589 -1.15294 -3.50589 1.90004 0 0.252211 0 
2 1 0 12.276 0.1 90.1794 -1.1527 -3.50524 -1.1527 -3.50524 1.89863 0 0.252477 0 
2 1 0 12.271 0.1 90.1794 -1.15246 -3.50459 -1.15246 -3.50459 1.89721 0 0.252743 0 
2 1 0 12.2661 0.1 90.1794 -1.15222 -3.50394 -1.15222 -3.50394 1.8958 0 0.253011 0 
2 1 0 12.2611 0.1 90.1794 -1.15198 -3.50329 -1.15198 -3.50329 1.89438 0 0.25328 0 
2 1 0 12.2562 0.1 90.1794 -1.15173 -3.50265 -1.15173 -3.50265 1.89296 0 0.253549 0 
2 1 0 12.2512 0.1 90.1794 -1.15149 -3.502 -1.15149 -3.502 1.89153 0 0.25382 0 
2 1 0 12.2463 0.1 90.1794 -1.15125 -3.50135 -1.15125 -3.50135 1.8901 0 0.254091 0 
2 1 0 12.2413 0.1 90.1794 -1.15101 -3.5007 -1.15101 -3.5007 1.88867 0 0.254363 0 
2 1 0 12.2364 0.1 90.1794 -1.15077 -3.50005 -1.15077 -3.50005 1.88723 0 0.254636 0 
2 1 0 12.2314 0.1 90.1794 -1.15052 -3.4994 -1.15052 -3.4994 1.88579 0 0.25491 0 
2 1 0 12.2265 0.1 90.1794 -1.15028 -3.49876 -1.15028 -3.49876 1.88435 0 0.255185 0 
2 1 0 12.2215 0.1 90.1794 -1.15004 -3.49811 -1.15004 -3.49811 1.8829 0 0.255461 0 
2 1 0 12.2166 0.1 90.1794 -1.1498 -3.49746 -1.1498 -3.49746 1.88145 0 0.255737 0 
2 1 0 12.2116 0.1 90.1794 -1.14956 -3.49682 -1.14956 -3.49682 1.87999 0 0.256015 0 
2 1 0 12.2067 0.1 90.1794 -1.14931 -3.49617 -1.14931 -3.49617 1.87854 0 0.256293 0 
2 1 0 12.2017 0.1 90.1794 -1.14907 -3.49552 -1.14907 -3.49552 1.87708 0 0.256573 0 
2 1 0 12.1968 0.1 90.1794 -1.14883 -3.49488 -1.14883 -3.49488 1.87561 0 0.256853 0 
2 1 0 12.1918 0.1 90.1794 -1.14858 -3.49423 -1.14858 -3.49423 1.87414 0 0.257135 0 
2 1 0 12.1869 0.1 90.1794 -1.14834 -3.49359 -1.14834 -3.49359 1.87267 0 0.257417 0 
2 1 0 12.1819 0.1 90.1794 -1.1481 -3.49294 -1.1481 -3.49294 1.8712 0 0.2577 0 
2 1 0 12.177 0.1 90.1794 -1.14786 -3.4923 -1.14786 -3.4923 1.86972 0 0.257984 0 
2 1 0 12.172 0.1 90.1794 -1.14761 -3.49165 -1.14761 -3.49165 1.86824 0 0.258269 0 
2 1 0 12.1671 0.1 90.1794 -1.14737 -3.49101 -1.14737 -3.49101 1.86675 0 0.258555 0 
2 1 0 12.1621 0.1 90.1794 -1.14713 -3.49036 -1.14713 -3.49036 1.86526 0 0.258842 0 
2 1 0 12.1572 0.1 90.1794 -1.14688 -3.48972 -1.14688 -3.48972 1.86377 0 0.25913 0 
2 1 0 12.1522 0.1 90.1794 -1.14664 -3.48908 -1.14664 -3.48908 1.86228 0 0.259418 0 
2 1 0 12.1472 0.1 90.1794 -1.1464 -3.48843 -1.1464 -3.48843 1.86078 0 0.259708 0 
2 1 0 12.1423 0.1 90.1794 -1.14615 -3.48779 -1.14615 -3.48779 1.85928 0 0.259999 0 
2 1 0 12.1373 0.1 90.1794 -1.14591 -3.48715 -1.14591 -3.48715 1.85777 0 0.260291 0 
2 1 0 12.1324 0.1 90.1794 -1.14567 -3.4865 -1.14567 -3.4865 1.85626 0 0.260583 0 
2 1 0 12.1274 0.1 90.1794 -1.14542 -3.48586 -1.14542 -3.48586 1.85475 0 0.260877 0 
2 1 0 12.1225 0.1 90.1794 -1.14518 -3.48522 -1.14518 -3.48522 1.85323 0 0.261171 0 
2 1 0 12.1175 0.1 90.1794 -1.14493 -3.48458 -1.14493 -3.48458 1.85172 0 0.261467 0 
2 1 0 12.1126 0.1 90.1794 -1.14469 -3.48394 -1.14469 -3.48394 1.85019 0 0.261763 0 
2 1 0 12.1076 0.1 90.1794 -1.14445 -3.4833 -1.14445 -3.4833 1.84867 0 0.262061 0 
2 1 0 12.1027 0.1 90.1794 -1.1442 -3.48266 -1.1442 -3.48266 1.84714 0 0.262359 0 
2 1 0 12.0977 0.1 90.1794 -1.14396 -3.48202 -1.14396 -3.48202 1.84561 0 0.262659 0 
2 1 0 12.0928 0.1 90.1794 -1.14371 -3.48138 -1.14371 -3.48138 1.84407 0 0.262959 0 
2 1 0 12.0878 0.1 90.1794 -1.14347 -3.48074 -1.14347 -3.48074 1.84253 0 0.263261 0 
2 1 0 12.0829 0.1 90.1794 -1.14322 -3.4801 -1.14322 -3.4801 1.84099 0 0.263563 0 
2 1 0 12.0779 0.1 90.1794 -1.14298 -3.47946 -1.14298 -3.47946 1.83945 0 0.263866 0 
2 1 0 12.073 0.1 90.1794 -1.14273 -3.47882 -1.14273 -3.47882 1.8379 0 0.264171 0 
2 1 0 12.068 0.1 90.1794 -1.14249 -3.47818 -1.14249 -3.47818 1.83635 0 0.264476 0 
2 1 0 12.063 0.1 90.1794 -1.14224 -3.47754 -1.14224 -3.47754 1.83479 0 0.264782 0 
2 1 0 12.0581 0.1 90.1794 -1.142 -3.4769 -1.142 -3.4769 1.83323 0 0.26509 0 
2 1 0 12.0531 0.1 90.1794 -1.14175 -3.47626 -1.14175 -3.47626 1.83167 0 0.265398 0 
2 1 0 12.0482 0.1 90.1794 -1.14151 -3.47563 -1.14151 -3.47563 1.83011 0 0.265708 0 
2 1 0 12.0432 0.1 90.1794 -1.14126 -3.47499 -1.14126 -3.47499 1.82854 0 0.266018 0 
2 1 0 12.0383 0.1 90.1794 -1.14102 -3.47435 -1.14102 -3.47435 1.82697 0 0.266329 0 
2 1 0 12.0333 0.1 90.1794 -1.14077 -3.47371 -1.14077 -3.47371 1.8254 0 0.266642 0 
2 1 0 12.0284 0.1 90.1794 -1.14053 -3.47308 -1.14053 -3.47308 1.82382 0 0.266955 0 
2 1 0 12.0234 0.1 90.1794 -1.14028 -3.47244 -1.14028 -3.47244 1.82224 0 0.26727 0 
2 1 0 12.0185 0.1 90.1794 -1.14004 -3.47181 -1.14004 -3.47181 1.82065 0 0.267585 0 
2 1 0 12.0135 0.1 90.1794 -1.13979 -3.47117 -1.13979 -3.47117 1.81907 0 0.267902 0 
2 1 0 12.0086 0.1 90.1794 -1.13955 -3.47053 -1.13955 -3.47053 1.81748 0 0.26822 0 
2 1 0 12.0036 0.1 90.1794 -1.1393 -3.4699 -1.1393 -3.4699 1.81588 0 0.268538 0 
2 1 0 11.9987 0.1 90.1794 -1.13905 -3.46926 -1.13905 -3.46926 1.81429 0 0.268858 0 
2 1 0 11.9937 0.1 90.1794 -1.13881 -3.46863 -1.13881 -3.46863 1.81269 0 0.269179 0 
2 1 0 11.9888 0.1 90.1794 -1.13856 -3.46799 -1.13856 -3.46799 1.81108 0 0.2695 0 
2 1 0 11.9838 0.1 90.1794 -1.13832 -3.46736 -1.13832 -3.46736 1.80948 0 0.269823 0 
2 1 0 11.9788 0.1 90.1794 -1.13807 -3.46673 -1.13807 -3.46673 1.80787 0 0.270147 0 
2 1 0 11.9739 0.1 90.1794 -1.13782 -3.46609 -1.13782 -3.46609 1.80626 0 0.270472 0 
2 1 0 11.9689 0.1 90.1794 -1.13758 -3.46546 -1.13758 -3.46546 1.80464 0 0.270798 0 
2 1 0 11.964 0.1 90.1794 -1.13733 -3.46483 -1.13733 -3.46483 1.80302 0 0.271125 0 
2 1 0 11.959 0.1 90.1794 -1.13708 -3.46419 -1.13708 -3.46419 1.8014 0 0.271453 0 
2 1 0 11.9541 0.1 90.1794 -1.13684 -3.46356 -1.13684 -3.46356 1.79978 0 0.271783 0 
2 1 0 11.9491 0.1 90.1794 -1.13659 -3.46293 -1.13659 -3.46293 1.79815 0 0.272113 0 
2 1 0 11.9442 0.1 90.1794 -1.13634 -3.4623 -1.13634 -3.4623 1.79652 0 0.272444 0 
2 1 0 11.9392 0.1 90.1794 -1.1361 -3.46166 -1.1361 -3.46166 1.79489 0 0.272777 0 
2 1 0 11.9343 0.1 90.1794 -1.13585 -3.46103 -1.13585 -3.46103 1.79325 0 0.27311 0 
2 1 0 11.9293 0.1 90.1794 -1.1356 -3.4604 -1.1356 -3.4604 1.79161 0 0.273445 0 
2 1 0 11.9244 0.1 90.1794 -1.13536 -3.45977 -1.13536 -3.45977 1.78997 0 0.273781 0 
2 1 0 11.9194 0.1 90.1794 -1.13511 -3.45914 -1.13511 -3.45914 1.78832 0 0.274118 0 
2 1 0 11.9144 0.1 90.1794 -1.13486 -3.45851 -1.13486 -3.45851 1.78667 0 0.274456 0 
2 1 0 11.9095 0.1 90.1794 -1.13461 -3.45788 -1.13461 -3.45788 1.78502 0 0.274795 0 
2 1 0 11.9045 0.1 90.1794 -1.13437 -3.45725 -1.13437 -3.45725 1.78337 0 0.275135 0 
2 1 0 11.8996 0.1 90.1794 -1.13412 -3.45662 -1.13412 -3.45662 1.78171 0 0.275476 0 
2 1 0 11.8946 0.1 90.1794 -1.13387 -3.45599 -1.13387 -3.45599 1.78005 0 0.275819 0 
2 1 0 11.8897 0.1 90.1794 -1.13362 -3.45536 -1.13362 -3.45536 1.77839 0 0.276162 0 
2 1 0 11.8847 0.1 90.1794 -1.13338 -3.45473 -1.13338 -3.45473 1.77672 0 0.276507 0 
2 1 0 11.8798 0.1 90.1794 -1.13313 -3.4541 -1.13313 -3.4541 1.77505 0 0.276852 0 
2 1 0 11.8748 0.1 90.1794 -1.13288 -3.45348 -1.13288 -3.45348 1.77338 0 0.277199 0 
2 1 0 11.8699 0.1 90.1794 -1.13263 -3.45285 -1.13263 -3.45285 1.7717 0 0.277547 0 
2 1 0 11.8649 0.1 90.1794 -1.13239 -3.45222 -1.13239 -3.45222 1.77002 0 0.277896 0 
2 1 0 11.8599 0.1 90.1794 -1.13214 -3.45159 -1.13214 -3.45159 1.76834 0 0.278247 0 
2 1 0 11.855 0.1 90.1794 -1.13189 -3.45097 -1.13189 -3.45097 1.76666 0 0.278598 0 
2 1 0 11.85 0.1 90.1794 -1.13164 -3.45034 -1.13164 -3.45034 1.76497 0 0.278951 0 
2 1 0 11.8451 0.1 90.1794 -1.13139 -3.44971 -1.13139 -3.44971 1.76328 0 0.279304 0 
2 1 0 11.8401 0.1 90.1794 -1.13114 -3.44909 -1.13114 -3.44909 1.76159 0 0.279659 0 
2 1 0 11.8352 0.1 90.1794 -1.1309 -3.44846 -1.1309 -3.44846 1.75989 0 0.280015 0 
2 1 0 11.8302 0.1 90.1794 -1.13065 -3.44783 -1.13065 -3.44783 1.75819 0 0.280373 0 
2 1 0 11.8253 0.1 90.1794 -1.1304 -3.44721 -1.1304 -3.44721 1.75649 0 0.280731 0 
2 1 0 11.8203 0.1 90.1794 -1.13015 -3.44658 -1.13015 -3.44658 1.75479 0 0.28109 0 
2 1 0 11.8154 0.1 90.1794 -1.1299 -3.44596 -1.1299 -3.44596 1.75308 0 0.281451 0 
2 1 0 11.8104 0.1 90.1794 -1.12965 -3.44533 -1.12965 -3.44533 1.75137 0 0.281813 0 
2 1 0 11.8055 0.1 90.1794 -1.1294 -3.44471 -1.1294 -3.44471 1.74966 0 0.282176 0 
2 1 0 11.8005 0.1 90.1794 -1.12915 -3.44408 -1.12915 -3.44408 1.74794 0 0.28254 0 
2 1 0 11.7955 0.1 90.1794 -1.12891 -3.44346 -1.12891 -3.44346 1.74622 0 0.282906 0 
2 1 0 11.7906 0.1 90.1794 -1.12866 -3.44284 -1.12866 -3.44284 1.7445 0 0.283272 0 
2 1 0 11.7856 0.1 90.1794 -1.12841 -3.44221 -1.12841 -3.44221 1.74278 0 0.28364 0 
2 1 0 11.7807 0.1 90.1794 -1.12816 -3.44159 -1.12816 -3.44159 1.74105 0 0.284009 0 
2 1 0 11.7757 0.1 90.1794 -1.12791 -3.44097 -1.12791 -3.44097 1.73932 0 0.28438 0 
2 1 0 11.7708 0.1 90.1794 -1.12766 -3.44034 -1.12766 -3.44034 1.73759 0 0.284751 0 
2 1 0 11.7658 0.1 90.1794 -1.12741 -3.43972 -1.12741 -3.43972 1.73586 0 0.285124 0 
2 1 0 11.7609 0.1 90.1794 -1.12716 -3.4391 -1.12716 -3.4391 1.73412 0 0.285497 0 
2 1 0 11.7559 0.1 90.1794 -1.12691 -3.43848 -1.12691 -3.43848 1.73238 0 0.285873 0 
2 1 0 11.7509 0.1 90.1794 -1.12666 -3.43786 -1.12666 -3.43786 1.73063 0 0.286249 0 
2 1 0 11.746 0.1 90.1794 -1.12641 -3.43724 -1.12641 -3.43724 1.72889 0 0.286626 0 
2 1 0 11.741 0.1 90.1794 -1.12616 -3.43661 -1.12616 -3.43661 1.72714 0 0.287005 0 
2 1 0 11.7361 0.1 90.1794 -1.12591 -3.43599 -1.12591 -3.43599 1.72539 0 0.287385 0 
2 1 0 11.7311 0.1 90.1794 -1.12566 -3.43537 -1.12566 -3.43537 1.72363 0 0.287766 0 
2 1 0 11.7262 0.1 90.1794 -1.12541 -3.43475 -1.12541 -3.43475 1.72188 0 0.288149 0 
2 1 0 11.7212 0.1 90.1794 -1.12516 -3.43413 -1.12516 -3.43413 1.72012 0 0.288533 0 
2 1 0 11.7163 0.1 90.1794 -1.12491 -3.43351 -1.12491 -3.43351 1.71836 0 0.288918 0 
2 1 0 11.7113 0.1 90.1794 -1.12466 -3.43289 -1.12466 -3.43289 1.71659 0 0.289304 0 
2 1 0 11.7064 0.1 90.1794 -1.12441 -3.43227 -1.12441 -3.43227 1.71482 0 0.289691 0 
2 1 0 11.7014 0.1 90.1794 -1.12416 -3.43166 -1.12416 -3.43166 1.71305 0 0.29008 0 
2 1 0 11.6964 0.1 90.1794 -1.12391 -3.43104 -1.12391 -3.43104 1.71128 0 0.29047 0 
2 1 0 11.6915 0.1 90.1794 -1.12366 -3.43042 -1.12366 -3.43042 1.70951 0 0.290861 0 
2 1 0 11.6865 0.1 90.1794 -1.12341 -3.4298 -1.12341 -3.4298 1.70773 0 0.291254 0 
2 1 0 11.6816 0.1 90.1794 -1.12316 -3.42918 -1.12316 -3.42918 1.70595 0 0.291648 0 
2 1 0 11.6766 0.1 90.1794 -1.12291 -3.42856 -1.12291 -3.42856 1.70416 0 0.292043 0 
2 1 0 11.6717 0.1 90.1794 -1.12266 -3.42795 -1.12266 -3.42795 1.70238 0 0.292439 0 
2 1 0 11.6667 0.1 90.1794 -1.1224 -3.42733 -1.1224 -3.42733 1.70059 0 0.292837 0 
2 1 0 11.6618 0.1 90.1794 -1.12215 -3.42671 -1.12215 -3.42671 1.6988 0 0.293236 0 
2 1 0 11.6568 0.1 90.1794 -1.1219 -3.4261 -1.1219 -3.4261 1.69701 0 0.293636 0 
2 1 0 11.6518 0.1 90.1794 -1.12165 -3.42548 -1.12165 -3.42548 1.69521 0 0.294038 0 
2 1 0 11.6469 0.1 90.1794 -1.1214 -3.42486 -1.1214 -3.42486 1.69341 0 0.294441 0 
2 1 0 11.6419 0.1 90.1794 -1.12115 -3.42425 -1.12115 -3.42425 1.69161 0 0.294845 0 
2 1 0 11.637 0.1 90.1794 -1.1209 -3.42363 -1.1209 -3.42363 1.68981 0 0.295251 0 
2 1 0 11.632 0.1 90.1794 -1.12065 -3.42302 -1.12065 -3.42302 1.688 0 0.295658 0 
2 1 0 11.6271 0.1 90.1794 -1.1204 -3.4224 -1.1204 -3.4224 1.68619 0 0.296066 0 
2 1 0 11.6221 0.1 90.1794 -1.12014 -3.42179 -1.12014 -3.42179 1.68438 0 0.296475 0 
2 1 0 11.6172 0.1 90.1794 -1.11989 -3.42117 -1.11989 -3.42117 1.68257 0 0.296886 0 
2 1 0 11.6122 0.1 90.1794 -1.11964 -3.42056 -1.11964 -3.42056 1.68075 0 0.297299 0 
2 1 0 11.6072 0.1 90.1794 -1.11939 -3.41994 -1.11939 -3.41994 1.67894 0 0.297712 0 
2 1 0 11.6023 0.1 90.1794 -1.11914 -3.41933 -1.11914 -3.41933 1.67711 0 0.298127 0 
2 1 0 11.5973 0.1 90.1794 -1.11889 -3.41872 -1.11889 -3.41872 1.67529 0 0.298543 0 
2 1 0 11.5924 0.1 90.1794 -1.11863 -3.4181 -1.11863 -3.4181 1.67347 0 0.298961 0 
2 1 0 11.5874 0.1 90.1794 -1.11838 -3.41749 -1.11838 -3.41749 1.67164 0 0.29938 0 
2 1 0 11.5825 0.1 90.1794 -1.11813 -3.41688 -1.11813 -3.41688 1.66981 0 0.299801 0 
2 1 0 11.5775 0.1 90.1794 -1.11788 -3.41626 -1.11788 -3.41626 1.66797 0 0.300222 0 
2 1 0 11.5726 0.1 90.1794 -1.11763 -3.41565 -1.11763 -3.41565 1.66614 0 0.300645 0 
2 1 0 11.5676 0.1 90.1794 -1.11737 -3.41504 -1.11737 -3.41504 1.6643 0 0.30107 0 
2 1 0 11.5626 0.1 90.1794 -1.11712 -3.41443 -1.11712 -3.41443 1.66246 0 0.301496 0 
2 1 0 11.5577 0.1 90.1794 -1.11687 -3.41382 -1.11687 -3.41382 1.66062 0 0.301923 0 
2 1 0 11.5527 0.1 90.1794 -1.11662 -3.4132 -1.11662 -3.4132 1.65877 0 0.302352 0 
2 1 0 11.5478 0.1 90.1794 -1.11636 -3.41259 -1.11636 -3.41259 1.65693 0 0.302782 0 
2 1 0 11.5428 0.1 90.1794 -1.11611 -3.41198 -1.11611 -3.41198 1.65508 0 0.303214 0 
2 1 0 11.5379 0.1 90.1794 -1.11586 -3.41137 -1.11586 -3.41137 1.65322 0 0.303647 0 
2 1 0 11.5329 0.1 90.1794 -1.11561 -3.41076 -1.11561 -3.41076 1.65137 0 0.304081 0 
2 1 0 11.5279 0.1 90.1794 -1.11535 -3.41015 -1.11535 -3.41015 1.64951 0 0.304517 0 
2 1 0 11.523 0.1 90.1794 -1.1151 -3.40954 -1.1151 -3.40954 1.64765 0 0.304954 0 
2 1 0 11.518 0.1 90.1794 -1.11485 -3.40893 -1.11485 -3.40893 1.64579 0 0.305393 0 
2 1 0 11.5131 0.1 90.1794 -1.1146 -3.40832 -1.1146 -3.40832 1.64393 0 0.305833 0 
2 1 0 11.5081 0.1 90.1794 -1.11434 -3.40771 -1.11434 -3.40771 1.64206 0 0.306274 0 
2 1 0 11.5032 0.1 90.1794 -1.11409 -3.4071 -1.11409 -3.4071 1.6402 0 0.306718 0 
2 1 0 11.4982 0.1 90.1794 -1.11384 -3.40649 -1.11384 -3.40649 1.63832 0 0.307162 0 
2 1 0 11.4933 0.1 90.1794 -1.11358 -3.40589 -1.11358 -3.40589 1.63645 0 0.307608 0 
2 1 0 11.4883 0.1 90.1794 -1.11333 -3.40528 -1.11333 -3.40528 1.63458 0 0.308055 0 
2 1 0 11.4833 0.1 90.1794 -1.11308 -3.40467 -1.11308 -3.40467 1.6327 0 0.308504 0 
2 1 0 11.4784 0.1 90.1794 -1.11282 -3.40406 -1.11282 -3.40406 1.63082 0 0.308955 0 
2 1 0 11.4734 0.1 90.1794 -1.11257 -3.40345 -1.11257 -3.40345 1.62894 0 0.309406 0 
2 1 0 11.4685 0.1 90.1794 -1.11232 -3.40285 -1.11232 -3.40285 1.62705 0 0.30986 0 
2 1 0 11.4635 0.1 90.1794 -1.11206 -3.40224 -1.11206 -3.40224 1.62517 0 0.310315 0 
2 1 0 11.4586 0.1 90.1794 -1.11181 -3.40163 -1.11181 -3.40163 1.62328 0 0.310771 0 
2 1 0 11.4536 0.1 90.1794 -1.11156 -3.40103 -1.11156 -3.40103 1.62139 0 0.311229 0 
2 1 0 11.4486 0.1 90.1794 -1.1113 -3.40042 -1.1113 -3.40042 1.6195 0 0.311688 0 
2 1 0 11.4437 0.1 90.1794 -1.11105 -3.39981 -1.11105 -3.39981 1.6176 0 0.312149 0 
2 1 0 11.4387 0.1 90.1794 -1.1108 -3.39921 -1.1108 -3.39921 1.6157 0 0.312611 0 
2 1 0 11.4338 0.1 90.1794 -1.11054 -3.3986 -1.11054 -3.3986 1.6138 0 0.313075 0 
2 1 0 11.4288 0.1 90.1794 -1.11029 -3.39799 -1.11029 -3.39799 1.6119 0 0.313541 0 
2 1 0 11.4239 0.1 90.1794 -1.11004 -3.39739 -1.11004 -3.39739 1.61 0 0.314008 0 
2 1 0 11.4189 0.1 90.1794 -1.10978 -3.39678 -1.10978 -3.39678 1.60809 0 0.314476 0 
2 1 0 11.4139 0.1 90.1794 -1.10953 -3.39618 -1.10953 -3.39618 1.60618 0 0.314947 0 
2 1 0 11.409 0.1 90.1794 -1.10927 -3.39557 -1.10927 -3.39557 1.60427 0 0.315418 0 
2 1 0 11.404 0.1 90.1794 -1.10902 -3.39497 -1.10902 -3.39497 1.60236 0 0.315891 0 
2 1 0 11.3991 0.1 90.1794 -1.10877 -3.39436 -1.10877 -3.39436 1.60045 0 0.316366 0 
2 1 0 11.3941 0.1 90.1794 -1.10851 -3.39376 -1.10851 -3.39376 1.59853 0 0.316843 0 
2 1 0 11.3892 0.1 90.1794 -1.10826 -3.39316 -1.10826 -3.39316 1.59661 0 0.317321 0 
2 1 0 11.3842 0.1 90.1794 -1.10801 -3.39255 -1.10801 -3.39255 1.59469 0 0.3178 0 
2 1 0 11.3792 0.1 90.1794 -1.10775 -3.39195 -1.10775 -3.39195 1.59277 0 0.318282 0 
2 1 0 11.3743 0.1 90.1794 -1.1075 -3.39135 -1.1075 -3.39135 1.59084 0 0.318764 0 
2 1 0 11.3693 0.1 90.1794 -1.10724 -3.39074 -1.10724 -3.39074 1.58891 0 0.319249 0 
2 1 0 11.3644 0.1 90.1794 -1.10699 -3.39014 -1.10699 -3.39014 1.58698 0 0.319735 0 
2 1 0 11.3594 0.1 90.1794 -1.10673 -3.38954 -1.10673 -3.38954 1.58505 0 0.320223 0 
2 1 0 11.3545 0.1 90.1794 -1.10648 -3.38893 -1.10648 -3.38893 1.58312 0 0.320712 0 
2 1 0 11.3495 0.1 90.1794 -1.10623 -3.38833 -1.10623 -3.38833 1.58118 0 0.321203 0 
2 1 0 11.3446 0.1 90.1794 -1.10597 -3.38773 -1.10597 -3.38773 1.57924 0 0.321695 0 
2 1 0 11.3396 0.1 90.1794 -1.10572 -3.38713 -1.10572 -3.38713 1.5773 0 0.32219 0 
2 1 0 11.3346 0.1 90.1794 -1.10546 -3.38652 -1.10546 -3.38652 1.57536 0 0.322686 0 
2 1 0 11.3297 0.1 90.1794 -1.10521 -3.38592 -1.10521 -3.38592 1.57342 0 0.323183 0 
2 1 0 11.3247 0.1 90.1794 -1.10496 -3.38532 -1.10496 -3.38532 1.57147 0 0.323683 0 
2 1 0 11.3198 0.1 90.1794 -1.1047 -3.38472 -1.1047 -3.38472 1.56952 0 0.324184 0 
2 1 0 11.3148 0.1 90.1794 -1.10445 -3.38412 -1.10445 -3.38412 1.56757 0 0.324686 0 
2 1 0 11.3099 0.1 90.1794 -1.10419 -3.38352 -1.10419 -3.38352 1.56562 0 0.325191 0 
2 1 0 11.3049 0.1 90.1794 -1.10394 -3.38292 -1.10394 -3.38292 1.56366 0 0.325697 0 
2 1 0 11.2999 0.1 90.1794 -1.10368 -3.38231 -1.10368 -3.38231 1.5617 0 0.326205 0 
2 1 0 11.295 0.1 90.1794 -1.10343 -3.38171 -1.10343 -3.38171 1.55975 0 0.326714 0 
2 1 0 11.29 0.1 90.1794 -1.10317 -3.38111 -1.10317 -3.38111 1.55778 0 0.327225 0 
2 1 0 11.2851 0.1 90.1794 -1.10292 -3.38051 -1.10292 -3.38051 1.55582 0 0.327738 0 
2 1 0 11.2801 0.1 90.1794 -1.10267 -3.37991 -1.10267 -3.37991 1.55386 0 0.328253 0 
2 1 0 11.2751 0.1 90.1794 -1.10241 -3.37931 -1.10241 -3.37931 1.55189 0 0.32877 0 
2 1 0 11.2702 0.1 90.1794 -1.10216 -3.37871 -1.10216 -3.37871 1.54992 0 0.329288 0 
2 1 0 11.2652 0.1 90.1794 -1.1019 -3.37811 -1.1019 -3.37811 1.54795 0 0.329808 0 
2 1 0 11.2603 0.1 90.1794 -1.10165 -3.37751 -1.10165 -3.37751 1.54597 0 0.33033 0 
2 1 0 11.2553 0.1 90.1794 -1.10139 -3.37691 -1.10139 -3.37691 1.544 0 0.330854 0 
2 1 0 11.2504 0.1 90.1794 -1.10114 -3.37631 -1.10114 -3.37631 1.54202 0 0.331379 0 
2 1 0 11.2454 0.1 90.1794 -1.10088 -3.37572 -1.10088 -3.37572 1.54004 0 0.331907 0 
2 1 0 11.2404 0.1 90.1794 -1.10063 -3.37512 -1.10063 -3.37512 1.53806 0 0.332436 0 
2 1 0 11.2355 0.1 90.1794 -1.10037 -3.37452 -1.10037 -3.37452 1.53607 0 0.332967 0 
2 1 0 11.2305 0.1 90.1794 -1.10012 -3.37392 -1.10012 -3.37392 1.53409 0 0.3335 0 
2 1 0 11.2256 0.1 90.1794 -1.09987 -3.37332 -1.09987 -3.37332 1.5321 0 0.334035 0 
2 1 0 11.2206 0.1 90.1794 -1.09961 -3.37272 -1.09961 -3.37272 1.53011 0 0.334571 0 
2 1 0 11.2157 0.1 90.1794 -1.09936 -3.37212 -1.09936 -3.37212 1.52812 0 0.33511 0 
2 1 0 11.2107 0.1 90.1794 -1.0991 -3.37152 -1.0991 -3.37152 1.52612 0 0.33565 0 
2 1 0 11.2057 0.1 90.1794 -1.09885 -3.37093 -1.09885 -3.37093 1.52412 0 0.336192 0 
2 1 0 11.2008 0.1 90.1794 -1.09859 -3.37033 -1.09859 -3.37033 1.52212 0 0.336737 0 
2 1 0 11.1958 0.1 90.1794 -1.09834 -3.36973 -1.09834 -3.36973 1.52012 0 0.337283 0 
2 1 0 11.1909 0.1 90.1794 -1.09808 -3.36913 -1.09808 -3.36913 1.51812 0 0.337831 0 
2 1 0 11.1859 0.1 90.1794 -1.09783 -3.36853 -1.09783 -3.36853 1.51611 0 0.338381 0 
2 1 0 11.181 0.1 90.1794 -1.09757 -3.36794 -1.09757 -3.36794 1.51411 0 0.338933 0 
2 1 0 11.176 0.1 90.1794 -1.09732 -3.36734 -1.09732 -3.36734 1.5121 0 0.339487 0 
2 1 0 11.171 0.1 90.1794 -1.09707 -3.36674 -1.09707 -3.36674 1.51008 0 0.340043 0 
2 1 0 11.1661 0.1 90.1794 -1.09681 -3.36614 -1.09681 -3.36614 1.50807 0 0.340601 0 
2 1 0 11.1611 0.1 90.1794 -1.09656 -3.36554 -1.09656 -3.36554 1.50605 0 0.341161 0 
2 1 0 11.1562 0.1 90.1794 -1.0963 -3.36495 -1.0963 -3.36495 1.50403 0 0.341723 0 
2 1 0 11.1512 0.1 90.1794 -1.09605 -3.36435 -1.09605 -3.36435 1.50201 0 0.342287 0 
2 1 0 11.1463 0.1 90.1794 -1.09579 -3.36375 -1.09579 -3.36375 1.49999 0 0.342853 0 
2 1 0 11.1413 0.1 90.1794 -1.09554 -3.36315 -1.09554 -3.36315 1.49796 0 0.343421 0 
2 1 0 11.1363 0.1 90.1794 -1.09529 -3.36256 -1.09529 -3.36256 1.49594 0 0.343991 0 
2 1 0 11.1314 0.1 90.1794 -1.09503 -3.36196 -1.09503 -3.36196 1.49391 0 0.344563 0 
2 1 0 11.1264 0.1 90.1794 -1.09478 -3.36136 -1.09478 -3.36136 1.49187 0 0.345138 0 
2 1 0 11.1215 0.1 90.1794 -1.09452 -3.36077 -1.09452 -3.36077 1.48984 0 0.345714 0 
2 1 0 11.1165 0.1 90.1794 -1.09427 -3.36017 -1.09427 -3.36017 1.4878 0 0.346293 0 
2 1 0 11.1116 0.1 90.1794 -1.09402 -3.35957 -1.09402 -3.35957 1.48576 0 0.346874 0 
2 1 0 11.1066 0.1 90.1794 -1.09376 -3.35897 -1.09376 -3.35897 1.48372 0 0.347457 0 
2 1 0 11.1016 0.1 90.1794 -1.09351 -3.35838 -1.09351 -3.35838 1.48167 0 0.348042 0 
2 1 0 11.0967 0.1 90.1794 -1.09325 -3.35778 -1.09325 -3.35778 1.47963 0 0.34863 0 
2 1 0 11.0917 0.1 90.1794 -1.093 -3.35718 -1.093 -3.35718 1.47758 0 0.34922 0 
2 1 0 11.0868 0.1 90.1794 -1.09275 -3.35658 -1.09275 -3.35658 1.47553 0 0.349812 0 
2 1 0 11.0818 0.1 90.1794 -1.09249 -3.35599 -1.09249 -3.35599 1.47347 0 0.350406 0 
2 1 0 11.0768 0.1 90.1794 -1.09224 -3.35539 -1.09224 -3.35539 1.47141 0 0.351002 0 
2 1 0 11.0719 0.1 90.1794 -1.09199 -3.35479 -1.09199 -3.35479 1.46935 0 0.351601 0 
2 1 0 11.0669 0.1 90.1794 -1.09173 -3.3542 -1.09173 -3.3542 1.46729 0 0.352202 0 
2 1 0 11.062 0.1 90.1794 -1.09148 -3.3536 -1.09148 -3.3536 1.46523 0 0.352806 0 
2 1 0 11.057 0.1 90.1794 -1.09123 -3.353 -1.09123 -3.353 1.46316 0 0.353412 0 
2 1 0 11.0521 0.1 90.1794 -1.09097 -3.3524 -1.09097 -3.3524 1.46109 0 0.35402 0 
2 1 0 11.0471 0.1 90.1794 -1.09072 -3.3518 -1.09072 -3.3518 1.45902 0 0.354631 0 
2 1 0 11.0421 0.1 90.1794 -1.09047 -3.35121 -1.09047 -3.35121 1.45694 0 0.355244 0 
2 1 0 11.0372 0.1 90.1794 -1.09021 -3.35061 -1.09021 -3.35061 1.45486 0 0.355859 0 
2 1 0 11.0322 0.1 90.1794 -1.08996 -3.35001 -1.08996 -3.35001 1.45278 0 0.356477 0 
2 1 0 11.0273 0.1 90.1794 -1.08971 -3.34941 -1.08971 -3.34941 1.45069 0 0.357098 0 
2 1 0 11.0223 0.1 90.1794 -1.08946 -3.34881 -1.08946 -3.34881 1.44861 0 0.357721 0 
2 1 0 11.0174 0.1 90.1794 -1.0892 -3.34822 -1.0892 -3.34822 1.44652 0 0.358347 0 
2 1 0 11.0124 0.1 90.1794 -1.08895 -3.34762 -1.08895 -3.34762 1.44442 0 0.358975 0 
2 1 0 11.0074 0.1 90.1794 -1.0887 -3.34702 -1.0887 -3.34702 1.44233 0 0.359606 0 
2 1 0 11.0025 0.1 90.1794 -1.08845 -3.34642 -1.08845 -3.34642 1.44023 0 0.360239 0 
2 1 0 10.9975 0.1 90.1794 -1.08819 -3.34582 -1.08819 -3.34582 1.43812 0 0.360876 0 
2 1 0 10.9926 0.1 90.1794 -1.08794 -3.34522 -1.08794 -3.34522 1.43602 0 0.361515 0 
2 1 0 10.9876 0.1 90.1794 -1.08769 -3.34462 -1.08769 -3.34462 1.43391 0 0.362156 0 
2 1 0 10.9827 0.1 90.1794 -1.08744 -3.34402 -1.08744 -3.34402 1.43179 0 0.362801 0 
2 1 0 10.9777 0.1 90.1794 -1.08719 -3.34342 -1.08719 -3.34342 1.42968 0 0.363448 0 
2 1 0 10.9727 0.1 90.1794 -1.08694 -3.34282 -1.08694 -3.34282 1.42756 0 0.364098 0 
2 1 0 10.9678 0.1 90.1794 -1.08668 -3.34222 -1.08668 -3.34222 1.42543 0 0.364751 0 
2 1 0 10.9628 0.1 90.1794 -1.08643 -3.34162 -1.08643 -3.34162 1.4233 0 0.365407 0 
2 1 0 10.9579 0.1 90.1794 -1.08618 -3.34102 -1.08618 -3.34102 1.42117 0 0.366065 0 
2 1 0 10.9529 0.1 90.1794 -1.08593 -3.34042 -1.08593 -3.34042 1.41904 0 0.366727 0 
2 1 0 10.9479 0.1 90.1794 -1.08568 -3.33982 -1.08568 -3.33982 1.4169 0 0.367392 0 
2 1 0 10.943 0.1 90.1794 -1.08543 -3.33922 -1.08543 -3.33922 1.41476 0 0.36806 0 
2 1 0 10.938 0.1 90.1794 -1.08518 -3.33862 -1.08518 -3.33862 1.41261 0 0.368731 0 
2 1 0 10.9331 0.1 90.1794 -1.08493 -3.33801 -1.08493 -3.33801 1.41046 0 0.369405 0 
2 1 0 10.9281 0.1 90.1794 -1.08468 -3.33741 -1.08468 -3.33741 1.4083 0 0.370082 0 
2 1 0 10.9232 0.1 90.1794 -1.08443 -3.33681 -1.08443 -3.33681 1.40614 0 0.370763 0 
2 1 0 10.9182 0.1 90.1794 -1.08418 -3.3362 -1.08418 -3.3362 1.40398 0 0.371447 0 
2 1 0 10.9132 0.1 90.1794 -1.08393 -3.3356 -1.08393 -3.3356 1.40181 0 0.372134 0 
2 1 0 10.9083 0.1 90.1794 -1.08368 -3.335 -1.08368 -3.335 1.39963 0 0.372825 0 
2 1 0 10.9033 0.1 90.1794 -1.08343 -3.33439 -1.08343 -3.33439 1.39745 0 0.373519 0 
2 1 0 10.8984 0.1 90.1794 -1.08318 -3.33379 -1.08318 -3.33379 1.39527 0 0.374216 0 
2 1 0 10.8934 0.1 90.1794 -1.08294 -3.33318 -1.08294 -3.33318 1.39308 0 0.374917 0 
2 1 0 10.8885 0.1 90.1794 -1.08269 -3.33257 -1.08269 -3.33257 1.39089 0 0.375622 0 
2 1 0 10.8835 0.1 90.1794 -1.08244 -3.33197 -1.08244 -3.33197 1.38869 0 0.37633 0 
2 1 0 10.8785 0.1 90.1794 -1.08219 -3.33136 -1.08219 -3.33136 1.38648 0 0.377043 0 
2 1 0 10.8736 0.1 90.1794 -1.08194 -3.33075 -1.08194 -3.33075 1.38427 0 0.377759 0 
2 1 0 10.8686 0.1 90.1794 -1.0817 -3.33014 -1.0817 -3.33014 1.38206 0 0.378479 0 
2 1 0 10.8637 0.1 90.1794 -1.08145 -3.32954 -1.08145 -3.32954 1.37983 0 0.379202 0 
2 1 0 10.8587 0.1 90.1794 -1.0812 -3.32893 -1.0812 -3.32893 1.37761 0 0.37993 0 
2 1 0 10.8538 0.1 90.1794 -1.08096 -3.32832 -1.08096 -3.32832 1.37537 0 0.380662 0 
2 1 0 10.8488 0.1 90.1794 -1.08071 -3.32771 -1.08071 -3.32771 1.37313 0 0.381399 0 
2 1 0 10.8439 0.1 90.1794 -1.08047 -3.32709 -1.08047 -3.32709 1.37088 0 0.382139 0 
2 1 0 10.8389 0.1 90.1794 -1.08022 -3.32648 -1.08022 -3.32648 1.36863 0 0.382884 0 
2 1 0 10.8339 0.1 90.1794 -1.07998 -3.32587 -1.07998 -3.32587 1.36637 0 0.383633 0 
2 1 0 10.829 0.1 90.1794 -1.07973 -3.32526 -1.07973 -3.32526 1.3641 0 0.384387 0 
2 1 0 10.824 0.1 90.1794 -1.07949 -3.32464 -1.07949 -3.32464 1.36182 0 0.385146 0 
2 1 0 10.8191 0.1 90.1794 -1.07924 -3.32403 -1.07924 -3.32403 1.35953 0 0.385909 0 
2 1 0 10.8141 0.1 90.1794 -1.079 -3.32341 -1.079 -3.32341 1.35724 0 0.386677 0 
2 1 0 10.8092 0.1 90.1794 -1.07876 -3.32279 -1.07876 -3.32279 1.35494 0 0.387451 0 
2 1 0 10.8042 0.1 90.1794 -1.07851 -3.32218 -1.07851 -3.32218 1.35263 0 0.388229 0 
2 1 0 10.7992 0.1 90.1794 -1.07827 -3.32156 -1.07827 -3.32156 1.35031 0 0.389012 0 
2 1 0 10.7943 0.1 90.1794 -1.07803 -3.32094 -1.07803 -3.32094 1.34798 0 0.389801 0 
2 1 0 10.7893 0.1 90.1794 -1.07779 -3.32032 -1.07779 -3.32032 1.34565 0 0.390595 0 
2 1 0 10.7844 0.1 90.1794 -1.07755 -3.31969 -1.07755 -3.31969 1.3433 0 0.391395 0 
2 1 0 10.7794 0.1 90.1794 -1.07731 -3.31907 -1.07731 -3.31907 1.34094 0 0.392201 0 
2 1 0 10.7745 0.1 90.1794 -1.07706 -3.31845 -1.07706 -3.31845 1.33858 0 0.393013 0 
2 1 0 10.7695 0.1 90.1794 -1.07683 -3.31782 -1.07683 -3.31782 1.3362 0 0.393831 0 
2 1 0 10.7646 0.1 90.1794 -1.07659 -3.31719 -1.07659 -3.31719 1.33381 0 0.394655 0 
2 1 0 10.7596 0.1 90.1794 -1.07635 -3.31657 -1.07635 -3.31657 1.33141 0 0.395485 0 
2 1 0 10.7547 0.1 90.1794 -1.07611 -3.31594 -1.07611 -3.31594 1.32899 0 0.396322 0 
2 1 0 10.7497 0.1 90.1794 -1.07587 -3.31531 -1.07587 -3.31531 1.32657 0 0.397166 0 
2 1 0 10.7447 0.1 90.1794 -1.07563 -3.31467 -1.07563 -3.31467 1.32413 0 0.398017 0 
2 1 0 10.7398 0.1 90.1794 -1.0754 -3.31404 -1.0754 -3.31404 1.32167 0 0.398875 0 
2 1 0 10.7348 0.1 90.1794 -1.07516 -3.31341 -1.07516 -3.31341 1.31921 0 0.399741 0 
2 1 0 10.7299 0.1 90.1794 -1.07493 -3.31277 -1.07493 -3.31277 1.31672 0 0.400614 0 
2 1 0 10.7249 0.1 90.1794 -1.07469 -3.31213 -1.07469 -3.31213 1.31423 0 0.401495 0 
2 1 0 10.72 0.1 90.1794 -1.07446 -3.31149 -1.07446 -3.31149 1.31171 0 0.402385 0 
2 1 0 10.715 0.1 90.1794 -1.07422 -3.31085 -1.07422 -3.31085 1.30918 0 0.403283 0 
2 1 0 10.7101 0.1 90.1794 -1.07399 -3.3102 -1.07399 -3.3102 1.30664 0 0.40419 0 
2 1 0 10.7051 0.1 90.1794 -1.07376 -3.30956 -1.07376 -3.30956 1.30407 0 0.405106 0 
2 1 0 10.7002 0.1 90.1794 -1.07353 -3.30891 -1.07353 -3.30891 1.30149 0 0.406031 0 
2 1 0 10.6952 0.1 90.1794 -1.0733 -3.30826 -1.0733 -3.30826 1.29888 0 0.406967 0 
2 1 0 10.6903 0.1 90.1794 -1.07307 -3.30761 -1.07307 -3.30761 1.29626 0 0.407912 0 
2 1 0 10.6853 0.1 90.1794 -1.07284 -3.30696 -1.07284 -3.30696 1.29361 0 0.408868 0 
2 1 0 10.6804 0.1 90.1794 -1.07261 -3.3063 -1.07261 -3.3063 1.29094 0 0.409835 0 
2 1 0 10.6754 0.1 90.1794 -1.07239 -3.30564 -1.07239 -3.30564 1.28825 0 0.410814 0 
2 1 0 10.6705 0.1 90.1794 -1.07216 -3.30498 -1.07216 -3.30498 1.28554 0 0.411804 0 
2 1 0 10.6655 0.1 90.1794 -1.07194 -3.30431 -1.07194 -3.30431 1.28279 0 0.412807 0 
2 1 0 10.6606 0.1 90.1794 -1.07171 -3.30365 -1.07171 -3.30365 1.28003 0 0.413823 0 
2 1 0 10.6556 0.1 90.1794 -1.07149 -3.30298 -1.07149 -3.30298 1.27723 0 0.414853 0 
2 1 0 10.6507 0.1 90.1794 -1.07127 -3.3023 -1.07127 -3.3023 1.2744 0 0.415897 0 
2 1 0 10.6457 0.1 90.1794 -1.07105 -3.30163 -1.07105 -3.30163 1.27154 0 0.416956 0 
2 1 0 10.6408 0.1 90.1794 -1.07083 -3.30095 -1.07083 -3.30095 1.26865 0 0.41803 0 
2 1 0 10.6358 0.1 90.1794 -1.07061 -3.30026 -1.07061 -3.30026 1.26572 0 0.419121 0 
2 1 0 10.6309 0.1 90.1794 -1.07039 -3.29958 -1.07039 -3.29958 1.26276 0 0.420229 0 
2 1 0 10.6259 0.1 90.1794 -1.07018 -3.29889 -1.07018 -3.29889 1.25976 0 0.421355 0 
2 1 0 10.621 0.1 90.1794 -1.06996 -3.29819 -1.06996 -3.29819 1.25671 0 0.4225 0 
2 1 0 10.616 0.1 90.1794 -1.06975 -3.29749 -1.06975 -3.29749 1.25363 0 0.423666 0 
2 1 0 10.6111 0.1 90.1794 -1.06954 -3.29679 -1.06954 -3.29679 1.25049 0 0.424853 0 
2 1 0 10.6061 0.1 90.1794 -1.06933 -3.29608 -1.06933 -3.29608 1.24731 0 0.426062 0 
2 1 0 10.6012 0.1 90.1794 -1.06912 -3.29537 -1.06912 -3.29537 1.24408 0 0.427296 0 
2 1 0 10.5962 0.1 90.1794 -1.06892 -3.29465 -1.06892 -3.29465 1.24079 0 0.428555 0 
2 1 0 10.5913 0.1 90.1794 -1.06871 -3.29393 -1.06871 -3.29393 1.23744 0 0.429841 0 
2 1 0 10.5864 0.1 90.1794 -1.06851 -3.2932 -1.06851 -3.2932 1.23403 0 0.431156 0 
2 1 0 10.5814 0.1 90.1794 -1.06831 -3.29246 -1.06831 -3.29246 1.23055 0 0.432502 0 
2 1 0 10.5765 0.1 90.1794 -1.06811 -3.29172 -1.06811 -3.29172 1.227 0 0.433881 0 
2 1 0 10.5715 0.1 90.1794 -1.06792 -3.29097 -1.06792 -3.29097 1.22337 0 0.435295 0 
2 1 0 10.5666 0.1 90.1794 -1.06773 -3.29021 -1.06773 -3.29021 1.21966 0 0.436748 0 
2 1 0 10.5617 0.1 90.1794 -1.06754 -3.28945 -1.06754 -3.28945 1.21585 0 0.438243 0 
2 1 0 10.5567 0.1 90.1794 -1.06735 -3.28867 -1.06735 -3.28867 1.21195 0 0.439782 0 
2 1 0 10.5518 0.1 90.1794 -1.06716 -3.28789 -1.06716 -3.28789 1.20794 0 0.44137 0 
2 1 0 10.5469 0.1 90.1794 -1.06698 -3.2871 -1.06698 -3.2871 1.20382 0 0.443011 0 
2 1 0 10.5419 0.1 90.1794 -1.06681 -3.2863 -1.06681 -3.2863 1.19957 0 0.44471 0 
2 1 0 10.537 0.1 90.1794 -1.06663 -3.28548 -1.06663 -3.28548 1.19517 0 0.446473 0 
2 1 0 10.5321 0.1 90.1794 -1.06646 -3.28465 -1.06646 -3.28465 1.19063 0 0.448307 0 
2 1 0 10.5271 0.1 90.1794 -1.0663 -3.28381 -1.0663 -3.28381 1.18591 0 0.450219 0 
2 1 0 10.5222 0.1 90.1794 -1.06614 -3.28295 -1.06614 -3.28295 1.18101 0 0.452219 0 
2 1 0 10.5173 0.1 90.1794 -1.06599 -3.28208 -1.06599 -3.28208 1.17589 0 0.454318 0 
2 1 0 10.5124 0.1 90.1794 -1.06584 -3.28119 -1.06584 -3.28119 1.17053 0 0.456529 0 
2 1 0 10.5075 0.1 90.1794 -1.0657 -3.28028 -1.0657 -3.28028 1.16489 0 0.458867 0 
2 1 0 10.5026 0.1 90.1794 -1.06557 -3.27934 -1.06557 -3.27934 1.15894 0 0.461354 0 
2 1 0 10.4976 0.1 90.1794 -1.06544 -3.27837 -1.06544 -3.27837 1.15263 0 0.464013 0 
2 1 0 10.4927 0.1 90.1794 -1.06533 -3.27738 -1.06533 -3.27738 1.14588 0 0.466878 0 
2 1 0 10.4879 0.1 90.1794 -1.06523 -3.27634 -1.06523 -3.27634 1.13861 0 0.469989 0 
2 1 0 10.483 0.1 90.1794 -1.06514 -3.27527 -1.06514 -3.27527 1.1307 0 0.473405 0 
2 1 0 10.4781 0.1 90.1794 -1.06507 -3.27413 -1.06507 -3.27413 1.122 0 0.477207 0 
2 1 0 10.4733 0.1 90.1794 -1.06503 -3.27293 -1.06503 -3.27293 1.11227 0 0.481514 0 
2 1 0 10.4684 0.1 90.1794 -1.06501 -3.27164 -1.06501 -3.27164 1.10112 0 0.486518 0 
2 1 0 10.4636 0.1 90.1794 -1.06504 -3.27021 -1.06504 -3.27021 1.0879 0 0.492554 0 
2 1 0 10.4589 0.1 90.1794 -1.06514 -3.26858 -1.06514 -3.26858 1.07129 0 0.500312 0 
2 1 0 10.4544 0.1 90.1794 -1.06537 -3.26653 -1.06537 -3.26653 1.04766 0 0.511707 0 
2 1 0 10.4512 0.1 90.1794 -1.06611 -3.26324 -1.06611 -3.26324 1 0 0.536138 0 
1 1 0 10.455 0.1 90.1794 -1.06735 -3.26022 -1.06735 -3.26022 0.935622 0 0.572818 0 
1 1 0 10.4573 0.1 90.1794 -1.06776 -3.25949 -1.06776 -3.25949 0.914353 0 0.586035 0 
1 1 0 10.4597 0.1 90.1794 -1.06814 -3.25893 -1.06814 -3.25893 0.894682 0 0.598812 0 
1 1 0 10.4622 0.1 90.1794 -1.06849 -3.25846 -1.06849 -3.25846 0.875541 0 0.611794 0 
1 1 0 10.4646 0.1 90.1794 -1.06882 -3.25805 -1.06882 -3.25805 0.856165 0 0.62553 0 
1 1 0 10.4671 0.1 90.1794 -1.06913 -3.2577 -1.06913 -3.2577 0.835727 0 0.640715 0 
1 1 0 10.4695 0.1 90.1794 -1.06943 -3.25739 -1.06943 -3.25739 0.812912 0 0.658583 0 
1 1 0 10.472 0.1 90.1794 -1.06972 -3.25712 -1.06972 -3.25712 0.784332 0 0.682462 0 
1 1 0 10.4745 0.1 186.857 -1.07001 -3.25687 -1.07001 -3.25687 0.73115 0.0245947 0.73115 -0.0245947 
1 1 0 10.4772 0.1 72.8827 -1.07031 -3.25662 -1.07031 -3.25662 0.728778 0.0629838 0.728778 -0.0629838 
1 1 0 10.4802 0.1 52.9297 -1.07064 -3.25638 -1.07064 -3.25638 0.726271 0.0866216 0.726271 -0.0866216 
1 1 0 10.4835 0.1 43.2167 -1.07099 -3.25614 -1.07099 -3.25614 0.72362 0.105953 0.72362 -0.105953 
1 1 0 10.4871 0.1 37.1526 -1.07136 -3.25591 -1.07136 -3.25591 0.720813 0.123078 0.720813 -0.123078 
1 1 0 10.4911 0.1 32.881 -1.07177 -3.25568 -1.07177 -3.25568 0.717838 0.138865 0.717838 -0.138865 
1 1 0 10.4955 0.1 29.647 -1.0722 -3.25547 -1.0722 -3.25547 0.714681 0.153774 0.714681 -0.153774 
1 1 0 10.5004 0.1 27.0779 -1.07267 -3.25527 -1.07267 -3.25527 0.711328 0.168085 0.711328 -0.168085 
1 1 0 10.5053 0.1 25.09 -1.07314 -3.25509 -1.07314 -3.25509 0.708 0.181103 0.708 -0.181103 
1 1 0 10.5103 0.1 23.526 -1.07361 -3.25494 -1.07361 -3.25494 0.704769 0.192832 0.704769 -0.192832 
1 1 0 10.5153 0.1 22.2531 -1.07406 -3.25482 -1.07406 -3.25482 0.701624 0.203542 0.701624 -0.203542 
1 1 0 10.5203 0.1 21.1903 -1.07451 -3.25472 -1.07451 -3.25472 0.698556 0.213422 0.698556 -0.213422 
1 1 0 10.5252 0.1 20.2848 -1.07495 -3.25464 -1.07495 -3.25464 0.695554 0.222613 0.695554 -0.222613 
1 1 0 10.5302 0.1 19.5009 -1.07539 -3.25457 -1.07539 -3.25457 0.692614 0.231218 0.692614 -0.231218 
1 1 0 10.5352 0.1 18.8131 -1.07582 -3.25453 -1.07582 -3.25453 0.689729 0.23932 0.689729 -0.23932 
1 1 0 10.5402 0.1 18.2031 -1.07625 -3.25449 -1.07625 -3.25449 0.686894 0.246984 0.686894 -0.246984 
1 1 0 10.5452 0.1 17.6568 -1.07667 -3.25447 -1.07667 -3.25447 0.684105 0.254263 0.684105 -0.254263 
1 1 0 10.5502 0.1 17.1638 -1.07709 -3.25447 -1.07709 -3.25447 0.681358 0.261199 0.681358 -0.261199 
1 1 0 10.5551 0.1 16.7156 -1.07751 -3.25448 -1.07751 -3.25448 0.67865 0.26783 0.67865 -0.26783 
1 1 0 10.5601 0.1 16.3058 -1.07792 -3.25449 -1.07792 -3.25449 0.675978 0.274184 0.675978 -0.274184 
1 1 0 10.5651 0.1 15.929 -1.07833 -3.25452 -1.07833 -3.25452 0.673341 0.280289 0.673341 -0.280289 
1 1 0 10.5701 0.1 15.5809 -1.07874 -3.25456 -1.07874 -3.25456 0.670734 0.286165 0.670734 -0.286165 
1 1 0 10.5751 0.1 15.2579 -1.07914 -3.2546 -1.07914 -3.2546 0.668158 0.291833 0.668158 -0.291833 
1 1 0 10.5801 0.1 14.9571 -1.07954 -3.25466 -1.07954 -3.25466 0.665609 0.297308 0.665609 -0.297308 
1 1 0 10.585 0.1 14.6759 -1.07994 -3.25472 -1.07994 -3.25472 0.663086 0.302605 0.663086 -0.302605 
1 1 0 10.59 0.1 14.4123 -1.08034 -3.2548 -1.08034 -3.2548 0.660588 0.307738 0.660588 -0.307738 
1 1 0 10.595 0.1 14.1644 -1.08073 -3.25487 -1.08073 -3.25487 0.658114 0.312718 0.658114 -0.312718 
1 1 0 10.6 0.1 13.9307 -1.08112 -3.25496 -1.08112 -3.25496 0.655662 0.317555 0.655662 -0.317555 
1 1 0 10.605 0.1 13.7099 -1.08151 -3.25505 -1.08151 -3.25505 0.653231 0.322257 0.653231 -0.322257 
1 1 0 10.61 0.1 13.5007 -1.0819 -3.25515 -1.0819 -3.25515 0.65082 0.326834 0.65082 -0.326834 
1 1 0 10.6149 0.1 13.3022 -1.08228 -3.25526 -1.08228 -3.25526 0.648429 0.331293 0.648429 -0.331293 
1 1 0 10.6199 0.1 13.1134 -1.08267 -3.25537 -1.08267 -3.25537 0.646055 0.335641 0.646055 -0.335641 
1 1 0 10.6249 0.1 12.9335 -1.08305 -3.25549 -1.08305 -3.25549 0.6437 0.339883 0.6437 -0.339883 
1 1 0 10.6299 0.1 12.7619 -1.08343 -3.25561 -1.08343 -3.25561 0.641361 0.344025 0.641361 -0.344025 
1 1 0 10.6349 0.1 12.5978 -1.08381 -3.25574 -1.08381 -3.25574 0.639039 0.348073 0.639039 -0.348073 
1 1 0 10.6399 0.1 12.4408 -1.08418 -3.25587 -1.08418 -3.25587 0.636732 0.352031 0.636732 -0.352031 
1 1 0 10.6448 0.1 12.2904 -1.08456 -3.25601 -1.08456 -3.25601 0.63444 0.355903 0.63444 -0.355903 
1 1 0 10.6498 0.1 12.146 -1.08493 -3.25615 -1.08493 -3.25615 0.632163 0.359694 0.632163 -0.359694 
1 1 0 10.6548 0.1 12.0072 -1.0853 -3.2563 -1.0853 -3.2563 0.6299 0.363407 0.6299 -0.363407 
1 1 0 10.6598 0.1 11.8738 -1.08567 -3.25645 -1.08567 -3.25645 0.62765 0.367046 0.62765 -0.367046 
1 1 0 10.6648 0.1 11.7453 -1.08604 -3.25661 -1.08604 -3.25661 0.625413 0.370613 0.625413 -0.370613 
1 1 0 10.6698 0.1 11.6214 -1.08641 -3.25677 -1.08641 -3.25677 0.623189 0.374112 0.623189 -0.374112 
1 1 0 10.6747 0.1 11.5019 -1.08678 -3.25693 -1.08678 -3.25693 0.620977 0.377546 0.620977 -0.377546 
1 1 0 10.6797 0.1 11.3865 -1.08714 -3.2571 -1.08714 -3.2571 0.618777 0.380916 0.618777 -0.380916 
1 1 0 10.6847 0.1 11.275 -1.08751 -3.25727 -1.08751 -3.25727 0.616588 0.384226 0.616588 -0.384226 
1 1 0 10.6897 0.1 11.1671 -1.08787 -3.25745 -1.08787 -3.25745 0.614411 0.387478 0.614411 -0.387478 
1 1 0 10.6947 0.1 11.0626 -1.08823 -3.25763 -1.08823 -3.25763 0.612244 0.390674 0.612244 -0.390674 
1 1 0 10.6997 0.1 10.9614 -1.08859 -3.25781 -1.08859 -3.25781 0.610088 0.393815 0.610088 -0.393815 
1 1 0 10.7047 0.1 10.8633 -1.08895 -3.258 -1.08895 -3.258 0.607943 0.396905 0.607943 -0.396905 
1 1 0 10.7096 0.1 10.7681 -1.08931 -3.25819 -1.08931 -3.25819 0.605807 0.399944 0.605807 -0.399944 
1 1 0 10.7146 0.1 10.6757 -1.08967 -3.25838 -1.08967 -3.25838 0.603682 0.402933 0.603682 -0.402933 
1 1 0 10.7196 0.1 10.5859 -1.09003 -3.25857 -1.09003 -3.25857 0.601566 0.405876 0.601566 -0.405876 
1 1 0 10.7246 0.1 10.4986 -1.09038 -3.25877 -1.09038 -3.25877 0.599459 0.408773 0.599459 -0.408773 
1 1 0 10.7296 0.1 10.4137 -1.09074 -3.25898 -1.09074 -3.25898 0.597361 0.411626 0.597361 -0.411626 
1 1 0 10.7346 0.1 10.3312 -1.09109 -3.25918 -1.09109 -3.25918 0.595273 0.414435 0.595273 -0.414435 
1 1 0 10.7395 0.1 10.2507 -1.09144 -3.25939 -1.09144 -3.25939 0.593193 0.417203 0.593193 -0.417203 
1 1 0 10.7445 0.1 10.1724 -1.0918 -3.2596 -1.0918 -3.2596 0.591121 0.419931 0.591121 -0.419931 
1 1 0 10.7495 0.1 10.0961 -1.09215 -3.25981 -1.09215 -3.25981 0.589058 0.422619 0.589058 -0.422619 
1 1 0 10.7545 0.1 10.0216 -1.0925 -3.26003 -1.0925 -3.26003 0.587004 0.425269 0.587004 -0.425269 
1 1 0 10.7595 0.1 9.949 -1.09285 -3.26025 -1.09285 -3.26025 0.584957 0.427881 0.584957 -0.427881 
1 1 0 10.7644 0.1 9.87814 -1.09319 -3.26047 -1.09319 -3.26047 0.582918 0.430458 0.582918 -0.430458 
1 1 0 10.7694 0.1 9.80895 -1.09354 -3.26069 -1.09354 -3.26069 0.580888 0.432999 0.580888 -0.432999 
1 1 0 10.7744 0.1 9.74137 -1.09389 -3.26092 -1.09389 -3.26092 0.578864 0.435506 0.578864 -0.435506 
1 1 0 10.7794 0.1 9.67533 -1.09424 -3.26115 -1.09424 -3.26115 0.576848 0.437979 0.576848 -0.437979 
1 1 0 10.7844 0.1 9.61079 -1.09458 -3.26138 -1.09458 -3.26138 0.57484 0.44042 0.57484 -0.44042 
1 1 0 10.7894 0.1 9.54767 -1.09492 -3.26161 -1.09492 -3.26161 0.572839 0.442829 0.572839 -0.442829 
1 1 0 10.7943 0.1 9.48593 -1.09527 -3.26185 -1.09527 -3.26185 0.570845 0.445206 0.570845 -0.445206 
1 1 0 10.7993 0.1 9.42551 -1.09561 -3.26209 -1.09561 -3.26209 0.568858 0.447554 0.568858 -0.447554 
1 1 0 10.8043 0.1 9.36637 -1.09595 -3.26233 -1.09595 -3.26233 0.566877 0.449872 0.566877 -0.449872 
1 1 0 10.8093 0.1 9.30847 -1.0963 -3.26257 -1.0963 -3.26257 0.564904 0.45216 0.564904 -0.45216 
1 1 0 10.8143 0.1 9.25175 -1.09664 -3.26281 -1.09664 -3.26281 0.562937 0.454421 0.562937 -0.454421 
1 1 0 10.8193 0.1 9.19618 -1.09698 -3.26306 -1.09698 -3.26306 0.560977 0.456654 0.560977 -0.456654 
1 1 0 10.8242 0.1 9.14171 -1.09732 -3.26331 -1.09732 -3.26331 0.559024 0.458859 0.559024 -0.458859 
1 1 0 10.8292 0.1 9.08832 -1.09765 -3.26356 -1.09765 -3.26356 0.557077 0.461039 0.557077 -0.461039 
1 1 0 10.8342 0.1 9.03596 -1.09799 -3.26381 -1.09799 -3.26381 0.555136 0.463192 0.555136 -0.463192 
1 1 0 10.8392 0.1 8.98461 -1.09833 -3.26407 -1.09833 -3.26407 0.553201 0.46532 0.553201 -0.46532 
1 1 0 10.8442 0.1 8.93422 -1.09867 -3.26433 -1.09867 -3.26433 0.551273 0.467422 0.551273 -0.467422 
1 1 0 10.8492 0.1 8.88477 -1.099 -3.26458 -1.099 -3.26458 0.549351 0.469501 0.549351 -0.469501 
1 1 0 10.8541 0.1 8.83623 -1.09934 -3.26485 -1.09934 -3.26485 0.547435 0.471556 0.547435 -0.471556 
1 1 0 10.8591 0.1 8.78858 -1.09967 -3.26511 -1.09967 -3.26511 0.545524 0.473587 0.545524 -0.473587 
1 1 0 10.8641 0.1 8.74177 -1.10001 -3.26537 -1.10001 -3.26537 0.54362 0.475595 0.54362 -0.475595 
1 1 0 10.8691 0.1 8.69579 -1.10034 -3.26564 -1.10034 -3.26564 0.541721 0.47758 0.541721 -0.47758 
1 1 0 10.8741 0.1 8.65062 -1.10068 -3.26591 -1.10068 -3.26591 0.539829 0.479544 0.539829 -0.479544 
1 1 0 10.879 0.1 8.60622 -1.10101 -3.26618 -1.10101 -3.26618 0.537941 0.481485 0.537941 -0.481485 
1 1 0 10.884 0.1 8.56259 -1.10134 -3.26645 -1.10134 -3.26645 0.53606 0.483406 0.53606 -0.483406 
1 1 0 10.889 0.1 8.51968 -1.10167 -3.26672 -1.10167 -3.26672 0.534184 0.485305 0.534184 -0.485305 
1 1 0 10.894 0.1 8.4775 -1.102 -3.26699 -1.102 -3.26699 0.532314 0.487184 0.532314 -0.487184 
1 1 0 10.899 0.1 8.436 -1.10233 -3.26727 -1.10233 -3.26727 0.530449 0.489042 0.530449 -0.489042 
1 1 0 10.9039 0.1 8.39519 -1.10266 -3.26755 -1.10266 -3.26755 0.528589 0.490881 0.528589 -0.490881 
1 1 0 10.9089 0.1 8.35503 -1.10299 -3.26783 -1.10299 -3.26783 0.526735 0.4927 0.526735 -0.4927 
1 1 0 10.9139 0.1 8.3155 -1.10332 -3.26811 -1.10332 -3.26811 0.524886 0.4945 0.524886 -0.4945 
1 1 0 10.9189 0.1 8.2766 -1.10365 -3.26839 -1.10365 -3.26839 0.523043 0.496281 0.523043 -0.496281 
1 1 0 10.9239 0.1 8.23831 -1.10398 -3.26868 -1.10398 -3.26868 0.521204 0.498044 0.521204 -0.498044 
1 1 0 10.9289 0.1 8.20061 -1.1043 -3.26896 -1.1043 -3.26896 0.519371 0.499788 0.519371 -0.499788 
1 1 0 10.9338 0.1 8.16348 -1.10463 -3.26925 -1.10463 -3.26925 0.517543 0.501514 0.517543 -0.501514 
1 1 0 10.9388 0.1 8.12691 -1.10496 -3.26954 -1.10496 -3.26954 0.51572 0.503222 0.51572 -0.503222 
1 1 0 10.9438 0.1 8.09089 -1.10528 -3.26983 -1.10528 -3.26983 0.513902 0.504913 0.513902 -0.504913 
1 1 0 10.9488 0.1 8.0554 -1.10561 -3.27012 -1.10561 -3.27012 0.512089 0.506587 0.512089 -0.506587 
1 1 0 10.9538 0.1 8.02042 -1.10593 -3.27041 -1.10593 -3.27041 0.510281 0.508244 0.510281 -0.508244 
1 1 0 10.9587 0.1 7.98596 -1.10626 -3.27071 -1.10626 -3.27071 0.508478 0.509884 0.508478 -0.509884 
1 1 0 10.9637 0.1 7.95199 -1.10658 -3.271 -1.10658 -3.271 0.50668 0.511508 0.50668 -0.511508 
1 1 0 10.9687 0.1 7.9185 -1.1069 -3.2713 -1.1069 -3.2713 0.504886 0.513116 0.504886 -0.513116 
1 1 0 10.9737 0.1 7.88548 -1.10723 -3.2716 -1.10723 -3.2716 0.503098 0.514708 0.503098 -0.514708 
1 1 0 10.9787 0.1 7.85292 -1.10755 -3.2719 -1.10755 -3.2719 0.501314 0.516284 0.501314 -0.516284 
1 1 0 10.9836 0.1 7.82082 -1.10787 -3.2722 -1.10787 -3.2722 0.499535 0.517844 0.499535 -0.517844 
1 1 0 10.9886 0.1 7.78915 -1.10819 -3.2725 -1.10819 -3.2725 0.497761 0.51939 0.497761 -0.51939 
1 1 0 10.9936 0.1 7.75791 -1.10851 -3.2728 -1.10851 -3.2728 0.495992 0.52092 0.495992 -0.52092 
1 1 0 10.9986 0.1 7.72709 -1.10883 -3.27311 -1.10883 -3.27311 0.494227 0.522436 0.494227 -0.522436 
1 1 0 11.0036 0.1 7.69668 -1.10915 -3.27342 -1.10915 -3.27342 0.492466 0.523936 0.492466 -0.523936 
1 1 0 11.0085 0.1 7.66667 -1.10947 -3.27372 -1.10947 -3.27372 0.490711 0.525423 0.490711 -0.525423 
1 1 0 11.0135 0.1 7.63705 -1.10979 -3.27403 -1.10979 -3.27403 0.48896 0.526895 0.48896 -0.526895 
1 1 0 11.0185 0.1 7.60782 -1.11011 -3.27434 -1.11011 -3.27434 0.487213 0.528353 0.487213 -0.528353 
1 1 0 11.0235 0.1 7.57896 -1.11043 -3.27465 -1.11043 -3.27465 0.485471 0.529798 0.485471 -0.529798 
1 1 0 11.0285 0.1 7.55047 -1.11075 -3.27497 -1.11075 -3.27497 0.483734 0.531228 0.483734 -0.531228 
1 1 0 11.0334 0.1 7.52234 -1.11107 -3.27528 -1.11107 -3.27528 0.482001 0.532645 0.482001 -0.532645 
1 1 0 11.0384 0.1 7.49456 -1.11138 -3.27559 -1.11138 -3.27559 0.480272 0.534049 0.480272 -0.534049 
1 1 0 11.0434 0.1 7.46712 -1.1117 -3.27591 -1.1117 -3.27591 0.478548 0.53544 0.478548 -0.53544 
1 1 0 11.0484 0.1 7.44003 -1.11202 -3.27623 -1.11202 -3.27623 0.476828 0.536817 0.476828 -0.536817 
1 1 0 11.0534 0.1 7.41326 -1.11233 -3.27654 -1.11233 -3.27654 0.475113 0.538182 0.475113 -0.538182 
1 1 0 11.0583 0.1 7.38682 -1.11265 -3.27686 -1.11265 -3.27686 0.473402 0.539534 0.473402 -0.539534 
1 1 0 11.0633 0.1 7.3607 -1.11296 -3.27718 -1.11296 -3.27718 0.471695 0.540874 0.471695 -0.540874 
1 1 0 11.0683 0.1 7.33489 -1.11328 -3.27751 -1.11328 -3.27751 0.469992 0.542201 0.469992 -0.542201 
1 1 0 11.0733 0.1 7.30938 -1.11359 -3.27783 -1.11359 -3.27783 0.468294 0.543516 0.468294 -0.543516 
1 1 0 11.0783 0.1 7.28418 -1.11391 -3.27815 -1.11391 -3.27815 0.466601 0.544819 0.466601 -0.544819 
1 1 0 11.0832 0.1 7.25926 -1.11422 -3.27848 -1.11422 -3.27848 0.464911 0.54611 0.464911 -0.54611 
1 1 0 11.0882 0.1 7.23464 -1.11453 -3.2788 -1.11453 -3.2788 0.463226 0.547389 0.463226 -0.547389 
1 1 0 11.0932 0.1 7.2103 -1.11485 -3.27913 -1.11485 -3.27913 0.461544 0.548657 0.461544 -0.548657 
1 1 0 11.0982 0.1 7.18623 -1.11516 -3.27946 -1.11516 -3.27946 0.459867 0.549913 0.459867 -0.549913 
1 1 0 11.1032 0.1 7.16244 -1.11547 -3.27979 -1.11547 -3.27979 0.458195 0.551158 0.458195 -0.551158 
1 1 0 11.1081 0.1 7.13892 -1.11578 -3.28012 -1.11578 -3.28012 0.456526 0.552391 0.456526 -0.552391 
1 1 0 11.1131 0.1 7.11565 -1.1161 -3.28045 -1.1161 -3.28045 0.454862 0.553613 0.454862 -0.553613 
1 1 0 11.1181 0.1 7.09265 -1.11641 -3.28078 -1.11641 -3.28078 0.453201 0.554825 0.453201 -0.554825 
1 1 0 11.1231 0.1 7.0699 -1.11672 -3.28112 -1.11672 -3.28112 0.451545 0.556025 0.451545 -0.556025 
1 1 0 11.1281 0.1 7.04739 -1.11703 -3.28145 -1.11703 -3.28145 0.449893 0.557215 0.449893 -0.557215 
1 1 0 11.133 0.1 7.02513 -1.11734 -3.28178 -1.11734 -3.28178 0.448245 0.558394 0.448245 -0.558394 
1 1 0 11.138 0.1 7.00311 -1.11765 -3.28212 -1.11765 -3.28212 0.446601 0.559562 0.446601 -0.559562 
1 1 0 11.143 0.1 6.98132 -1.11796 -3.28246 -1.11796 -3.28246 0.444961 0.56072 0.444961 -0.56072 
1 1 0 11.148 0.1 6.95977 -1.11827 -3.2828 -1.11827 -3.2828 0.443325 0.561868 0.443325 -0.561868 
1 1 0 11.153 0.1 6.93844 -1.11858 -3.28314 -1.11858 -3.28314 0.441693 0.563005 0.441693 -0.563005 
1 1 0 11.1579 0.1 6.91734 -1.11888 -3.28348 -1.11888 -3.28348 0.440065 0.564133 0.440065 -0.564133 
1 1 0 11.1629 0.1 6.89645 -1.11919 -3.28382 -1.11919 -3.28382 0.438441 0.56525 0.438441 -0.56525 
1 1 0 11.1679 0.1 6.87579 -1.1195 -3.28416 -1.1195 -3.28416 0.436821 0.566358 0.436821 -0.566358 
1 1 0 11.1729 0.1 6.85533 -1.11981 -3.2845 -1.11981 -3.2845 0.435205 0.567455 0.435205 -0.567455 
1 1 0 11.1778 0.1 6.83508 -1.12011 -3.28484 -1.12011 -3.28484 0.433593 0.568543 0.433593 -0.568543 
1 1 0 11.1828 0.1 6.81504 -1.12042 -3.28519 -1.12042 -3.28519 0.431985 0.569622 0.431985 -0.569622 
1 1 0 11.1878 0.1 6.7952 -1.12073 -3.28554 -1.12073 -3.28554 0.430381 0.570691 0.430381 -0.570691 
1 1 0 11.1928 0.1 6.77556 -1.12103 -3.28588 -1.12103 -3.28588 0.428781 0.57175 0.428781 -0.57175 
1 1 0 11.1978 0.1 6.75611 -1.12134 -3.28623 -1.12134 -3.28623 0.427185 0.572801 0.427185 -0.572801 
1 1 0 11.2027 0.1 6.73686 -1.12164 -3.28658 -1.12164 -3.28658 0.425592 0.573842 0.425592 -0.573842 
1 1 0 11.2077 0.1 6.71779 -1.12195 -3.28693 -1.12195 -3.28693 0.424003 0.574874 0.424003 -0.574874 
1 1 0 11.2127 0.1 6.69891 -1.12225 -3.28728 -1.12225 -3.28728 0.422419 0.575897 0.422419 -0.575897 
1 1 0 11.2177 0.1 6.68022 -1.12256 -3.28763 -1.12256 -3.28763 0.420838 0.576911 0.420838 -0.576911 
1 1 0 11.2227 0.1 6.6617 -1.12286 -3.28798 -1.12286 -3.28798 0.419261 0.577916 0.419261 -0.577916 
1 1 0 11.2276 0.1 6.64337 -1.12317 -3.28833 -1.12317 -3.28833 0.417688 0.578913 0.417688 -0.578913 
1 1 0 11.2326 0.1 6.6252 -1.12347 -3.28869 -1.12347 -3.28869 0.416118 0.5799 0.416118 -0.5799 
1 1 0 11.2376 0.1 6.60721 -1.12377 -3.28904 -1.12377 -3.28904 0.414553 0.580879 0.414553 -0.580879 
1 1 0 11.2426 0.1 6.58939 -1.12408 -3.28939 -1.12408 -3.28939 0.412991 0.58185 0.412991 -0.58185 
1 1 0 11.2475 0.1 6.57174 -1.12438 -3.28975 -1.12438 -3.28975 0.411433 0.582812 0.411433 -0.582812 
1 1 0 11.2525 0.1 6.55425 -1.12468 -3.29011 -1.12468 -3.29011 0.409879 0.583766 0.409879 -0.583766 
1 1 0 11.2575 0.1 6.53692 -1.12498 -3.29046 -1.12498 -3.29046 0.408329 0.584712 0.408329 -0.584712 
1 1 0 11.2625 0.1 6.51976 -1.12529 -3.29082 -1.12529 -3.29082 0.406782 0.585649 0.406782 -0.585649 
1 1 0 11.2675 0.1 6.50275 -1.12559 -3.29118 -1.12559 -3.29118 0.405239 0.586578 0.405239 -0.586578 
1 1 0 11.2724 0.1 6.48589 -1.12589 -3.29154 -1.12589 -3.29154 0.4037 0.587499 0.4037 -0.587499 
1 1 0 11.2774 0.1 6.46919 -1.12619 -3.2919 -1.12619 -3.2919 0.402165 0.588412 0.402165 -0.588412 
1 1 0 11.2824 0.1 6.45264 -1.12649 -3.29226 -1.12649 -3.29226 0.400633 0.589318 0.400633 -0.589318 
1 1 0 11.2874 0.1 6.43623 -1.12679 -3.29263 -1.12679 -3.29263 0.399105 0.590215 0.399105 -0.590215 
1 1 0 11.2923 0.1 6.41998 -1.12709 -3.29299 -1.12709 -3.29299 0.397581 0.591105 0.397581 -0.591105 
1 1 0 11.2973 0.1 6.40387 -1.12739 -3.29335 -1.12739 -3.29335 0.396061 0.591987 0.396061 -0.591987 
1 1 0 11.3023 0.1 6.3879 -1.12769 -3.29372 -1.12769 -3.29372 0.394544 0.592861 0.394544 -0.592861 
1 1 0 11.3073 0.1 6.37206 -1.12799 -3.29408 -1.12799 -3.29408 0.393031 0.593728 0.393031 -0.593728 
1 1 0 11.3123 0.1 6.35637 -1.12829 -3.29445 -1.12829 -3.29445 0.391521 0.594587 0.391521 -0.594587 
1 1 0 11.3172 0.1 6.34082 -1.12859 -3.29482 -1.12859 -3.29482 0.390015 0.595439 0.390015 -0.595439 
1 1 0 11.3222 0.1 6.3254 -1.12888 -3.29518 -1.12888 -3.29518 0.388513 0.596284 0.388513 -0.596284 
1 1 0 11.3272 0.1 6.31011 -1.12918 -3.29555 -1.12918 -3.29555 0.387015 0.597121 0.387015 -0.597121 
1 1 0 11.3322 0.1 6.29495 -1.12948 -3.29592 -1.12948 -3.29592 0.38552 0.597951 0.38552 -0.597951 
1 1 0 11.3371 0.1 6.27992 -1.12978 -3.29629 -1.12978 -3.29629 0.384029 0.598773 0.384029 -0.598773 
1 1 0 11.3421 0.1 6.26502 -1.13007 -3.29666 -1.13007 -3.29666 0.382541 0.599589 0.382541 -0.599589 
1 1 0 11.3471 0.1 6.25025 -1.13037 -3.29703 -1.13037 -3.29703 0.381058 0.600398 0.381058 -0.600398 
1 1 0 11.3521 0.1 6.2356 -1.13067 -3.29741 -1.13067 -3.29741 0.379577 0.601199 0.379577 -0.601199 
1 1 0 11.3571 0.1 6.22107 -1.13096 -3.29778 -1.13096 -3.29778 0.378101 0.601994 0.378101 -0.601994 
1 1 0 11.362 0.1 6.20666 -1.13126 -3.29815 -1.13126 -3.29815 0.376628 0.602782 0.376628 -0.602782 
1 1 0 11.367 0.1 6.19237 -1.13156 -3.29853 -1.13156 -3.29853 0.375158 0.603563 0.375158 -0.603563 
1 1 0 11.372 0.1 6.1782 -1.13185 -3.2989 -1.13185 -3.2989 0.373692 0.604337 0.373692 -0.604337 
1 1 0 11.377 0.1 6.16415 -1.13215 -3.29928 -1.13215 -3.29928 0.37223 0.605104 0.37223 -0.605104 
1 1 0 11.3819 0.1 6.15021 -1.13244 -3.29965 -1.13244 -3.29965 0.370771 0.605865 0.370771 -0.605865 
1 1 0 11.3869 0.1 6.13638 -1.13274 -3.30003 -1.13274 -3.30003 0.369316 0.606619 0.369316 -0.606619 
1 1 0 11.3919 0.1 6.12266 -1.13303 -3.30041 -1.13303 -3.30041 0.367865 0.607367 0.367865 -0.607367 
1 1 0 11.3969 0.1 6.10906 -1.13333 -3.30079 -1.13333 -3.30079 0.366417 0.608108 0.366417 -0.608108 
1 1 0 11.4018 0.1 6.09556 -1.13362 -3.30117 -1.13362 -3.30117 0.364972 0.608843 0.364972 -0.608843 
1 1 0 11.4068 0.1 6.08218 -1.13391 -3.30155 -1.13391 -3.30155 0.363531 0.609571 0.363531 -0.609571 
1 1 0 11.4118 0.1 6.0689 -1.13421 -3.30193 -1.13421 -3.30193 0.362094 0.610293 0.362094 -0.610293 
1 1 0 11.4168 0.1 6.05572 -1.1345 -3.30231 -1.1345 -3.30231 0.36066 0.611009 0.36066 -0.611009 
1 1 0 11.4218 0.1 6.04265 -1.13479 -3.30269 -1.13479 -3.30269 0.35923 0.611719 0.35923 -0.611719 
1 1 0 11.4267 0.1 6.02968 -1.13509 -3.30307 -1.13509 -3.30307 0.357803 0.612422 0.357803 -0.612422 
1 1 0 11.4317 0.1 6.01681 -1.13538 -3.30346 -1.13538 -3.30346 0.35638 0.613119 0.35638 -0.613119 
1 1 0 11.4367 0.1 6.00404 -1.13567 -3.30384 -1.13567 -3.30384 0.35496 0.61381 0.35496 -0.61381 
1 1 0 11.4417 0.1 5.99137 -1.13596 -3.30422 -1.13596 -3.30422 0.353544 0.614495 0.353544 -0.614495 
1 1 0 11.4466 0.1 5.9788 -1.13626 -3.30461 -1.13626 -3.30461 0.352131 0.615174 0.352131 -0.615174 
1 1 0 11.4516 0.1 5.96632 -1.13655 -3.30499 -1.13655 -3.30499 0.350722 0.615847 0.350722 -0.615847 
1 1 0 11.4566 0.1 5.95394 -1.13684 -3.30538 -1.13684 -3.30538 0.349316 0.616515 0.349316 -0.616515 
1 1 0 11.4616 0.1 5.94165 -1.13713 -3.30577 -1.13713 -3.30577 0.347914 0.617176 0.347914 -0.617176 
1 1 0 11.4665 0.1 5.92946 -1.13742 -3.30616 -1.13742 -3.30616 0.346515 0.617832 0.346515 -0.617832 
1 1 0 11.4715 0.1 5.91736 -1.13771 -3.30654 -1.13771 -3.30654 0.34512 0.618481 0.34512 -0.618481 
1 1 0 11.4765 0.1 5.90535 -1.138 -3.30693 -1.138 -3.30693 0.343728 0.619125 0.343728 -0.619125 
1 1 0 11.4815 0.1 5.89343 -1.13829 -3.30732 -1.13829 -3.30732 0.34234 0.619764 0.34234 -0.619764 
1 1 0 11.4864 0.1 5.8816 -1.13858 -3.30771 -1.13858 -3.30771 0.340955 0.620397 0.340955 -0.620397 
1 1 0 11.4914 0.1 5.86985 -1.13887 -3.3081 -1.13887 -3.3081 0.339574 0.621024 0.339574 -0.621024 
1 1 0 11.4964 0.1 5.8582 -1.13916 -3.30849 -1.13916 -3.30849 0.338196 0.621645 0.338196 -0.621645 
1 1 0 11.5014 0.1 5.84663 -1.13945 -3.30889 -1.13945 -3.30889 0.336821 0.622262 0.336821 -0.622262 
1 1 0 11.5064 0.1 5.83514 -1.13974 -3.30928 -1.13974 -3.30928 0.33545 0.622872 0.33545 -0.622872 
1 1 0 11.5113 0.1 5.82374 -1.14003 -3.30967 -1.14003 -3.30967 0.334083 0.623478 0.334083 -0.623478 
1 1 0 11.5163 0.1 5.81242 -1.14032 -3.31007 -1.14032 -3.31007 0.332719 0.624077 0.332719 -0.624077 
1 1 0 11.5213 0.1 5.80119 -1.14061 -3.31046 -1.14061 -3.31046 0.331358 0.624672 0.331358 -0.624672 
1 1 0 11.5263 0.1 5.79003 -1.14089 -3.31086 -1.14089 -3.31086 0.33 0.625261 0.33 -0.625261 
1 1 0 11.5312 0.1 5.77896 -1.14118 -3.31125 -1.14118 -3.31125 0.328647 0.625845 0.328647 -0.625845 
1 1 0 11.5362 0.1 5.76797 -1.14147 -3.31165 -1.14147 -3.31165 0.327296 0.626424 0.327296 -0.626424 
1 1 0 11.5412 0.1 5.75705 -1.14176 -3.31204 -1.14176 -3.31204 0.325949 0.626998 0.325949 -0.626998 
1 1 0 11.5462 0.1 5.74621 -1.14204 -3.31244 -1.14204 -3.31244 0.324605 0.627566 0.324605 -0.627566 
1 1 0 11.5511 0.1 5.73545 -1.14233 -3.31284 -1.14233 -3.31284 0.323265 0.628129 0.323265 -0.628129 
1 1 0 11.5561 0.1 5.72477 -1.14262 -3.31324 -1.14262 -3.31324 0.321928 0.628688 0.321928 -0.628688 
1 1 0 11.5611 0.1 5.71416 -1.14291 -3.31364 -1.14291 -3.31364 0.320595 0.629241 0.320595 -0.629241 
1 1 0 11.5661 0.1 5.70362 -1.14319 -3.31404 -1.14319 -3.31404 0.319265 0.629789 0.319265 -0.629789 
1 1 0 11.571 0.1 5.69316 -1.14348 -3.31444 -1.14348 -3.31444 0.317938 0.630332 0.317938 -0.630332 
1 1 0 11.576 0.1 5.68278 -1.14376 -3.31484 -1.14376 -3.31484 0.316615 0.630871 0.316615 -0.630871 
1 1 0 11.581 0.1 5.67246 -1.14405 -3.31524 -1.14405 -3.31524 0.315295 0.631404 0.315295 -0.631404 
1 1 0 11.586 0.1 5.66222 -1.14433 -3.31564 -1.14433 -3.31564 0.313978 0.631933 0.313978 -0.631933 
1 1 0 11.5909 0.1 5.65205 -1.14462 -3.31604 -1.14462 -3.31604 0.312665 0.632457 0.312665 -0.632457 
1 1 0 11.5959 0.1 5.64194 -1.1449 -3.31645 -1.1449 -3.31645 0.311356 0.632976 0.311356 -0.632976 
1 1 0 11.6009 0.1 5.63191 -1.14519 -3.31685 -1.14519 -3.31685 0.310049 0.63349 0.310049 -0.63349 
1 1 0 11.6059 0.1 5.62195 -1.14547 -3.31726 -1.14547 -3.31726 0.308746 0.634 0.308746 -0.634 
1 1 0 11.6108 0.1 5.61205 -1.14576 -3.31766 -1.14576 -3.31766 0.307446 0.634504 0.307446 -0.634504 
1 1 0 11.6158 0.1 5.60222 -1.14604 -3.31807 -1.14604 -3.31807 0.30615 0.635005 0.30615 -0.635005 
1 1 0 11.6208 0.1 5.59246 -1.14633 -3.31847 -1.14633 -3.31847 0.304857 0.6355 0.304857 -0.6355 
1 1 0 11.6258 0.1 5.58276 -1.14661 -3.31888 -1.14661 -3.31888 0.303567 0.635991 0.303567 -0.635991 
1 1 0 11.6307 0.1 5.57313 -1.14689 -3.31929 -1.14689 -3.31929 0.302281 0.636478 0.302281 -0.636478 
1 1 0 11.6357 0.1 5.56356 -1.14718 -3.31969 -1.14718 -3.31969 0.300998 0.63696 0.300998 -0.63696 
1 1 0 11.6407 0.1 5.55406 -1.14746 -3.3201 -1.14746 -3.3201 0.299718 0.637437 0.299718 -0.637437 
1 1 0 11.6457 0.1 5.54462 -1.14774 -3.32051 -1.14774 -3.32051 0.298442 0.637911 0.298442 -0.637911 
1 1 0 11.6506 0.1 5.53525 -1.14803 -3.32092 -1.14803 -3.32092 0.297169 0.638379 0.297169 -0.638379 
1 1 0 11.6556 0.1 5.52593 -1.14831 -3.32133 -1.14831 -3.32133 0.2959 0.638844 0.2959 -0.638844 
1 1 0 11.6606 0.1 5.51668 -1.14859 -3.32174 -1.14859 -3.32174 0.294633 0.639303 0.294633 -0.639303 
1 1 0 11.6656 0.1 5.50749 -1.14887 -3.32215 -1.14887 -3.32215 0.29337 0.639759 0.29337 -0.639759 
1 1 0 11.6705 0.1 5.49836 -1.14915 -3.32256 -1.14915 -3.32256 0.29211 0.64021 0.29211 -0.64021 
1 1 0 11.6755 0.1 5.48929 -1.14944 -3.32297 -1.14944 -3.32297 0.290854 0.640657 0.290854 -0.640657 
1 1 0 11.6805 0.1 5.48028 -1.14972 -3.32338 -1.14972 -3.32338 0.289601 0.6411 0.289601 -0.6411 
1 1 0 11.6855 0.1 5.47132 -1.15 -3.3238 -1.15 -3.3238 0.288351 0.641539 0.288351 -0.641539 
1 1 0 11.6904 0.1 5.46243 -1.15028 -3.32421 -1.15028 -3.32421 0.287105 0.641973 0.287105 -0.641973 
1 1 0 11.6954 0.1 5.45359 -1.15056 -3.32462 -1.15056 -3.32462 0.285862 0.642404 0.285862 -0.642404 
1 1 0 11.7004 0.1 5.44481 -1.15084 -3.32504 -1.15084 -3.32504 0.284622 0.64283 0.284622 -0.64283 
1 1 0 11.7054 0.1 5.43609 -1.15112 -3.32545 -1.15112 -3.32545 0.283385 0.643252 0.283385 -0.643252 
1 1 0 11.7103 0.1 5.42742 -1.1514 -3.32587 -1.1514 -3.32587 0.282152 0.64367 0.282152 -0.64367 
1 1 0 11.7153 0.1 5.41881 -1.15168 -3.32629 -1.15168 -3.32629 0.280922 0.644084 0.280922 -0.644084 
1 1 0 11.7203 0.1 5.41026 -1.15196 -3.3267 -1.15196 -3.3267 0.279695 0.644494 0.279695 -0.644494 
1 1 0 11.7253 0.1 5.40175 -1.15224 -3.32712 -1.15224 -3.32712 0.278472 0.6449 0.278472 -0.6449 
1 1 0 11.7302 0.1 5.39331 -1.15252 -3.32754 -1.15252 -3.32754 0.277251 0.645302 0.277251 -0.645302 
1 1 0 11.7352 0.1 5.38491 -1.1528 -3.32795 -1.1528 -3.32795 0.276034 0.6457 0.276034 -0.6457 
1 1 0 11.7402 0.1 5.37657 -1.15308 -3.32837 -1.15308 -3.32837 0.274821 0.646094 0.274821 -0.646094 
1 1 0 11.7452 0.1 5.36828 -1.15336 -3.32879 -1.15336 -3.32879 0.27361 0.646485 0.27361 -0.646485 
1 1 0 11.7501 0.1 5.36005 -1.15364 -3.32921 -1.15364 -3.32921 0.272403 0.646871 0.272403 -0.646871 
1 1 0 11.7551 0.1 5.35186 -1.15392 -3.32963 -1.15392 -3.32963 0.271199 0.647254 0.271199 -0.647254 
1 1 0 11.7601 0.1 5.34373 -1.15419 -3.33005 -1.15419 -3.33005 0.269999 0.647633 0.269999 -0.647633 
1 1 0 11.7651 0.1 5.33565 -1.15447 -3.33047 -1.15447 -3.33047 0.268801 0.648008 0.268801 -0.648008 
1 1 0 11.77 0.1 5.32761 -1.15475 -3.33089 -1.15475 -3.33089 0.267607 0.648379 0.267607 -0.648379 
1 1 0 11.775 0.1 5.31963 -1.15503 -3.33132 -1.15503 -3.33132 0.266417 0.648747 0.266417 -0.648747 
1 1 0 11.78 0.1 5.3117 -1.15531 -3.33174 -1.15531 -3.33174 0.265229 0.649111 0.265229 -0.649111 
1 1 0 11.785 0.1 5.30382 -1.15558 -3.33216 -1.15558 -3.33216 0.264045 0.649472 0.264045 -0.649472 
1 1 0 11.7899 0.1 5.29598 -1.15586 -3.33259 -1.15586 -3.33259 0.262863 0.649828 0.262863 -0.649828 
1 1 0 11.7949 0.1 5.2882 -1.15614 -3.33301 -1.15614 -3.33301 0.261686 0.650181 0.261686 -0.650181 
1 1 0 11.7999 0.1 5.28046 -1.15641 -3.33343 -1.15641 -3.33343 0.260511 0.650531 0.260511 -0.650531 
1 1 0 11.8049 0.1 5.27277 -1.15669 -3.33386 -1.15669 -3.33386 0.25934 0.650877 0.25934 -0.650877 
1 1 0 11.8098 0.1 5.26512 -1.15697 -3.33428 -1.15697 -3.33428 0.258171 0.651219 0.258171 -0.651219 
1 1 0 11.8148 0.1 5.25752 -1.15724 -3.33471 -1.15724 -3.33471 0.257006 0.651558 0.257006 -0.651558 
1 1 0 11.8198 0.1 5.24997 -1.15752 -3.33514 -1.15752 -3.33514 0.255845 0.651894 0.255845 -0.651894 
1 1 0 11.8248 0.1 5.24247 -1.1578 -3.33556 -1.1578 -3.33556 0.254686 0.652226 0.254686 -0.652226 
1 1 0 11.8297 0.1 5.23501 -1.15807 -3.33599 -1.15807 -3.33599 0.253531 0.652554 0.253531 -0.652554 
1 1 0 11.8347 0.1 5.22759 -1.15835 -3.33642 -1.15835 -3.33642 0.252379 0.652879 0.252379 -0.652879 
1 1 0 11.8397 0.1 5.22022 -1.15862 -3.33685 -1.15862 -3.33685 0.25123 0.653201 0.25123 -0.653201 
1 1 0 11.8447 0.1 5.2129 -1.1589 -3.33727 -1.1589 -3.33727 0.250084 0.653519 0.250084 -0.653519 
1 1 0 11.8496 0.1 5.20561 -1.15917 -3.3377 -1.15917 -3.3377 0.248942 0.653834 0.248942 -0.653834 
1 1 0 11.8546 0.1 5.19838 -1.15945 -3.33813 -1.15945 -3.33813 0.247802 0.654146 0.247802 -0.654146 
1 1 0 11.8596 0.1 5.19118 -1.15972 -3.33856 -1.15972 -3.33856 0.246666 0.654454 0.246666 -0.654454 
1 1 0 11.8646 0.1 5.18403 -1.16 -3.33899 -1.16 -3.33899 0.245533 0.654759 0.245533 -0.654759 
1 1 0 11.8695 0.1 5.17692 -1.16027 -3.33942 -1.16027 -3.33942 0.244404 0.655061 0.244404 -0.655061 
1 1 0 11.8745 0.1 5.16985 -1.16054 -3.33986 -1.16054 -3.33986 0.243277 0.65536 0.243277 -0.65536 
1 1 0 11.8795 0.1 5.16283 -1.16082 -3.34029 -1.16082 -3.34029 0.242154 0.655655 0.242154 -0.655655 
1 1 0 11.8844 0.1 5.15584 -1.16109 -3.34072 -1.16109 -3.34072 0.241034 0.655947 0.241034 -0.655947 
1 1 0 11.8894 0.1 5.1489 -1.16137 -3.34115 -1.16137 -3.34115 0.239917 0.656236 0.239917 -0.656236 
1 1 0 11.8944 0.1 5.142 -1.16164 -3.34159 -1.16164 -3.34159 0.238803 0.656522 0.238803 -0.656522 
1 1 0 11.8994 0.1 5.13514 -1.16191 -3.34202 -1.16191 -3.34202 0.237692 0.656805 0.237692 -0.656805 
1 1 0 11.9043 0.1 5.12832 -1.16218 -3.34245 -1.16218 -3.34245 0.236585 0.657084 0.236585 -0.657084 
1 1 0 11.9093 0.1 5.12154 -1.16246 -3.34289 -1.16246 -3.34289 0.235481 0.657361 0.235481 -0.657361 
1 1 0 11.9143 0.1 5.1148 -1.16273 -3.34332 -1.16273 -3.34332 0.23438 0.657634 0.23438 -0.657634 
1 1 0 11.9193 0.1 5.1081 -1.163 -3.34376 -1.163 -3.34376 0.233282 0.657905 0.233282 -0.657905 
1 1 0 11.9242 0.1 5.10143 -1.16328 -3.3442 -1.16328 -3.3442 0.232187 0.658172 0.232187 -0.658172 
1 1 0 11.9292 0.1 5.09481 -1.16355 -3.34463 -1.16355 -3.34463 0.231096 0.658436 0.231096 -0.658436 
1 1 0 11.9342 0.1 5.08823 -1.16382 -3.34507 -1.16382 -3.34507 0.230007 0.658698 0.230007 -0.658698 
1 1 0 11.9392 0.1 5.08168 -1.16409 -3.34551 -1.16409 -3.34551 0.228922 0.658956 0.228922 -0.658956 
1 1 0 11.9441 0.1 5.07517 -1.16436 -3.34594 -1.16436 -3.34594 0.22784 0.659212 0.22784 -0.659212 
1 1 0 11.9491 0.1 5.0687 -1.16463 -3.34638 -1.16463 -3.34638 0.226761 0.659464 0.226761 -0.659464 
1 1 0 11.9541 0.1 5.06227 -1.16491 -3.34682 -1.16491 -3.34682 0.225685 0.659714 0.225685 -0.659714 
1 1 0 11.959 0.1 5.05587 -1.16518 -3.34726 -1.16518 -3.34726 0.224613 0.659961 0.224613 -0.659961 
1 1 0 11.964 0.1 5.04951 -1.16545 -3.3477 -1.16545 -3.3477 0.223543 0.660204 0.223543 -0.660204 
1 1 0 11.969 0.1 5.04319 -1.16572 -3.34814 -1.16572 -3.34814 0.222477 0.660445 0.222477 -0.660445 
1 1 0 11.974 0.1 5.0369 -1.16599 -3.34858 -1.16599 -3.34858 0.221414 0.660684 0.221414 -0.660684 
1 1 0 11.9789 0.1 5.03065 -1.16626 -3.34902 -1.16626 -3.34902 0.220354 0.660919 0.220354 -0.660919 
1 1 0 11.9839 0.1 5.02443 -1.16653 -3.34946 -1.16653 -3.34946 0.219297 0.661151 0.219297 -0.661151 
1 1 0 11.9889 0.1 5.01825 -1.1668 -3.3499 -1.1668 -3.3499 0.218243 0.661381 0.218243 -0.661381 
1 1 0 11.9939 0.1 5.01211 -1.16707 -3.35034 -1.16707 -3.35034 0.217192 0.661608 0.217192 -0.661608 
1 1 0 11.9988 0.1 5.006 -1.16734 -3.35079 -1.16734 -3.35079 0.216145 0.661833 0.216145 -0.661833 
1 1 0 12.0038 0.1 4.99992 -1.16761 -3.35123 -1.16761 -3.35123 0.2151 0.662054 0.2151 -0.662054 
1 1 0 12.0088 0.1 4.99388 -1.16788 -3.35167 -1.16788 -3.35167 0.214059 0.662273 0.214059 -0.662273 
1 1 0 12.0138 0.1 4.98788 -1.16815 -3.35212 -1.16815 -3.35212 0.213021 0.662489 0.213021 -0.662489 
1 1 0 12.0187 0.1 4.9819 -1.16842 -3.35256 -1.16842 -3.35256 0.211986 0.662703 0.211986 -0.662703 
1 1 0 12.0237 0.1 4.97597 -1.16868 -3.35301 -1.16868 -3.35301 0.210954 0.662914 0.210954 -0.662914 
1 1 0 12.0287 0.1 4.97006 -1.16895 -3.35345 -1.16895 -3.35345 0.209925 0.663122 0.209925 -0.663122 
1 1 0 12.0336 0.1 4.96419 -1.16922 -3.3539 -1.16922 -3.3539 0.208899 0.663328 0.208899 -0.663328 
1 1 0 12.0386 0.1 4.95835 -1.16949 -3.35434 -1.16949 -3.35434 0.207877 0.663531 0.207877 -0.663531 
1 1 0 12.0436 0.1 4.95254 -1.16976 -3.35479 -1.16976 -3.35479 0.206857 0.663731 0.206857 -0.663731 
1 1 0 12.0486 0.1 4.94677 -1.17003 -3.35524 -1.17003 -3.35524 0.205841 0.663929 0.205841 -0.663929 
1 1 0 12.0535 0.1 4.94103 -1.17029 -3.35568 -1.17029 -3.35568 0.204828 0.664125 0.204828 -0.664125 
1 1 0 12.0585 0.1 4.93532 -1.17056 -3.35613 -1.17056 -3.35613 0.203818 0.664317 0.203818 -0.664317 
1 1 0 12.0635 0.1 4.92964 -1.17083 -3.35658 -1.17083 -3.35658 0.20281 0.664508 0.20281 -0.664508 
1 1 0 12.0685 0.1 4.924 -1.1711 -3.35703 -1.1711 -3.35703 0.201807 0.664696 0.201807 -0.664696 
1 1 0 12.0734 0.1 4.91838 -1.17136 -3.35747 -1.17136 -3.35747 0.200806 0.664881 0.200806 -0.664881 
1 1 0 12.0784 0.1 4.9128 -1.17163 -3.35792 -1.17163 -3.35792 0.199808 0.665064 0.199808 -0.665064 
1 1 0 12.0834 0.1 4.90725 -1.1719 -3.35837 -1.1719 -3.35837 0.198813 0.665245 0.198813 -0.665245 
1 1 0 12.0883 0.1 4.90173 -1.17216 -3.35882 -1.17216 -3.35882 0.197822 0.665423 0.197822 -0.665423 
1 1 0 12.0933 0.1 4.89624 -1.17243 -3.35927 -1.17243 -3.35927 0.196833 0.665598 0.196833 -0.665598 
1 1 0 12.0983 0.1 4.89078 -1.1727 -3.35972 -1.1727 -3.35972 0.195848 0.665772 0.195848 -0.665772 
1 1 0 12.1033 0.1 4.88535 -1.17296 -3.36018 -1.17296 -3.36018 0.194865 0.665943 0.194865 -0.665943 
1 1 0 12.1082 0.1 4.87995 -1.17323 -3.36063 -1.17323 -3.36063 0.193886 0.666111 0.193886 -0.666111 
1 1 0 12.1132 0.1 4.87458 -1.1735 -3.36108 -1.1735 -3.36108 0.19291 0.666277 0.19291 -0.666277 
1 1 0 12.1182 0.1 4.86924 -1.17376 -3.36153 -1.17376 -3.36153 0.191937 0.666441 0.191937 -0.666441 
1 1 0 12.1232 0.1 4.86393 -1.17403 -3.36199 -1.17403 -3.36199 0.190967 0.666603 0.190967 -0.666603 
1 1 0 12.1281 0.1 4.85865 -1.17429 -3.36244 -1.17429 -3.36244 0.19 0.666762 0.19 -0.666762 
1 1 0 12.1331 0.1 4.8534 -1.17456 -3.36289 -1.17456 -3.36289 0.189036 0.666919 0.189036 -0.666919 
1 1 0 12.1381 0.1 4.84818 -1.17482 -3.36335 -1.17482 -3.36335 0.188075 0.667074 0.188075 -0.667074 
1 1 0 12.143 0.1 4.84298 -1.17509 -3.3638 -1.17509 -3.3638 0.187117 0.667226 0.187117 -0.667226 
1 1 0 12.148 0.1 4.83782 -1.17535 -3.36426 -1.17535 -3.36426 0.186162 0.667377 0.186162 -0.667377 
1 1 0 12.153 0.1 4.83268 -1.17562 -3.36471 -1.17562 -3.36471 0.185211 0.667525 0.185211 -0.667525 
1 1 0 12.158 0.1 4.82757 -1.17588 -3.36517 -1.17588 -3.36517 0.184262 0.66767 0.184262 -0.66767 
1 1 0 12.1629 0.1 4.82249 -1.17615 -3.36562 -1.17615 -3.36562 0.183316 0.667814 0.183316 -0.667814 
1 1 0 12.1679 0.1 4.81743 -1.17641 -3.36608 -1.17641 -3.36608 0.182374 0.667956 0.182374 -0.667956 
1 1 0 12.1729 0.1 4.81241 -1.17668 -3.36654 -1.17668 -3.36654 0.181434 0.668095 0.181434 -0.668095 
1 1 0 12.1778 0.1 4.80741 -1.17694 -3.36699 -1.17694 -3.36699 0.180498 0.668232 0.180498 -0.668232 
1 1 0 12.1828 0.1 4.80244 -1.1772 -3.36745 -1.1772 -3.36745 0.179565 0.668367 0.179565 -0.668367 
1 1 0 12.1878 0.1 4.79749 -1.17747 -3.36791 -1.17747 -3.36791 0.178634 0.6685 0.178634 -0.6685 
1 1 0 12.1928 0.1 4.79258 -1.17773 -3.36837 -1.17773 -3.36837 0.177707 0.668631 0.177707 -0.668631 
1 1 0 12.1977 0.1 4.78769 -1.17799 -3.36883 -1.17799 -3.36883 0.176783 0.66876 0.176783 -0.66876 
1 1 0 12.2027 0.1 4.78282 -1.17826 -3.36928 -1.17826 -3.36928 0.175862 0.668886 0.175862 -0.668886 
1 1 0 12.2077 0.1 4.77799 -1.17852 -3.36974 -1.17852 -3.36974 0.174943 0.669011 0.174943 -0.669011 
1 1 0 12.2127 0.1 4.77318 -1.17878 -3.3702 -1.17878 -3.3702 0.174028 0.669134 0.174028 -0.669134 
1 1 0 12.2176 0.1 4.76839 -1.17904 -3.37066 -1.17904 -3.37066 0.173116 0.669254 0.173116 -0.669254 
1 1 0 12.2226 0.1 4.76363 -1.17931 -3.37113 -1.17931 -3.37113 0.172207 0.669373 0.172207 -0.669373 
1 1 0 12.2276 0.1 4.7589 -1.17957 -3.37159 -1.17957 -3.37159 0.171301 0.669489 0.171301 -0.669489 
1 1 0 12.2325 0.1 4.75419 -1.17983 -3.37205 -1.17983 -3.37205 0.170398 0.669604 0.170398 -0.669604 
1 1 0 12.2375 0.1 4.74951 -1.18009 -3.37251 -1.18009 -3.37251 0.169498 0.669716 0.169498 -0.669716 
1 1 0 12.2425 0.1 4.74485 -1.18036 -3.37297 -1.18036 -3.37297 0.168601 0.669827 0.168601 -0.669827 
1 1 0 12.2475 0.1 4.74022 -1.18062 -3.37343 -1.18062 -3.37343 0.167707 0.669936 0.167707 -0.669936 
1 1 0 12.2524 0.1 4.73562 -1.18088 -3.3739 -1.18088 -3.3739 0.166816 0.670043 0.166816 -0.670043 
1 1 0 12.2574 0.1 4.73104 -1.18114 -3.37436 -1.18114 -3.37436 0.165928 0.670147 0.165928 -0.670147 
1 1 0 12.2624 0.1 4.72648 -1.1814 -3.37482 -1.1814 -3.37482 0.165043 0.67025 0.165043 -0.67025 
1 1 0 12.2673 0.1 4.72195 -1.18166 -3.37529 -1.18166 -3.37529 0.164161 0.670351 0.164161 -0.670351 
1 1 0 12.2723 0.1 4.71744 -1.18192 -3.37575 -1.18192 -3.37575 0.163282 0.670451 0.163282 -0.670451 
1 1 0 12.2773 0.1 4.71296 -1.18218 -3.37622 -1.18218 -3.37622 0.162406 0.670548 0.162406 -0.670548 
1 1 0 12.2823 0.1 4.7085 -1.18245 -3.37668 -1.18245 -3.37668 0.161533 0.670643 0.161533 -0.670643 
1 1 0 12.2872 0.1 4.70406 -1.18271 -3.37715 -1.18271 -3.37715 0.160664 0.670737 0.160664 -0.670737 
1 1 0 12.2922 0.1 4.69965 -1.18297 -3.37762 -1.18297 -3.37762 0.159797 0.670829 0.159797 -0.670829 
1 1 0 12.2972 0.1 4.69527 -1.18323 -3.37808 -1.18323 -3.37808 0.158933 0.670919 0.158933 -0.670919 
1 1 0 12.3021 0.1 4.6909 -1.18349 -3.37855 -1.18349 -3.37855 0.158072 0.671007 0.158072 -0.671007 
1 1 0 12.3071 0.1 4.68656 -1.18375 -3.37902 -1.18375 -3.37902 0.157214 0.671093 0.157214 -0.671093 
1 1 0 12.3121 0.1 4.68225 -1.18401 -3.37948 -1.18401 -3.37948 0.156359 0.671178 0.156359 -0.671178 
1 1 0 12.3171 0.1 4.67795 -1.18427 -3.37995 -1.18427 -3.37995 0.155507 0.671261 0.155507 -0.671261 
1 1 0 12.322 0.1 4.67368 -1.18453 -3.38042 -1.18453 -3.38042 0.154658 0.671342 0.154658 -0.671342 
1 1 0 12.327 0.1 4.66944 -1.18479 -3.38089 -1.18479 -3.38089 0.153812 0.671421 0.153812 -0.671421 
1 1 0 12.332 0.1 4.66521 -1.18504 -3.38136 -1.18504 -3.38136 0.152969 0.671499 0.152969 -0.671499 
1 1 0 12.3369 0.1 4.66101 -1.1853 -3.38183 -1.1853 -3.38183 0.152129 0.671575 0.152129 -0.671575 
1 1 0 12.3419 0.1 4.65683 -1.18556 -3.3823 -1.18556 -3.3823 0.151292 0.671649 0.151292 -0.671649 
1 1 0 12.3469 0.1 4.65268 -1.18582 -3.38277 -1.18582 -3.38277 0.150458 0.671722 0.150458 -0.671722 
1 1 0 12.3519 0.1 4.64855 -1.18608 -3.38324 -1.18608 -3.38324 0.149627 0.671792 0.149627 -0.671792 
1 1 0 12.3568 0.1 4.64443 -1.18634 -3.38371 -1.18634 -3.38371 0.148799 0.671862 0.148799 -0.671862 
1 1 0 12.3618 0.1 4.64034 -1.1866 -3.38418 -1.1866 -3.38418 0.147974 0.671929 0.147974 -0.671929 
1 1 0 12.3668 0.1 4.63628 -1.18686 -3.38465 -1.18686 -3.38465 0.147152 0.671995 0.147152 -0.671995 
1 1 0 12.3717 0.1 4.63223 -1.18711 -3.38512 -1.18711 -3.38512 0.146332 0.672059 0.146332 -0.672059 
1 1 0 12.3767 0.1 4.62821 -1.18737 -3.3856 -1.18737 -3.3856 0.145516 0.672122 0.145516 -0.672122 
1 1 0 12.3817 0.1 4.62421 -1.18763 -3.38607 -1.18763 -3.38607 0.144703 0.672183 0.144703 -0.672183 
1 1 0 12.3866 0.1 4.62023 -1.18789 -3.38654 -1.18789 -3.38654 0.143893 0.672242 0.143893 -0.672242 
1 1 0 12.3916 0.1 4.61627 -1.18814 -3.38702 -1.18814 -3.38702 0.143085 0.6723 0.143085 -0.6723 
1 1 0 12.3966 0.1 4.61233 -1.1884 -3.38749 -1.1884 -3.38749 0.142281 0.672357 0.142281 -0.672357 
1 1 0 12.4016 0.1 4.60842 -1.18866 -3.38796 -1.18866 -3.38796 0.141479 0.672411 0.141479 -0.672411 
1 1 0 12.4065 0.1 4.60452 -1.18892 -3.38844 -1.18892 -3.38844 0.140681 0.672465 0.140681 -0.672465 
1 1 0 12.4115 0.1 4.60065 -1.18917 -3.38891 -1.18917 -3.38891 0.139885 0.672516 0.139885 -0.672516 
1 1 0 12.4165 0.1 4.59679 -1.18943 -3.38939 -1.18943 -3.38939 0.139093 0.672566 0.139093 -0.672566 
1 1 0 12.4214 0.1 4.59296 -1.18969 -3.38986 -1.18969 -3.38986 0.138303 0.672615 0.138303 -0.672615 
1 1 0 12.4264 0.1 4.58915 -1.18994 -3.39034 -1.18994 -3.39034 0.137516 0.672662 0.137516 -0.672662 
1 1 0 12.4314 0.1 4.58536 -1.1902 -3.39082 -1.1902 -3.39082 0.136733 0.672708 0.136733 -0.672708 
1 1 0 12.4364 0.1 4.58159 -1.19046 -3.39129 -1.19046 -3.39129 0.135952 0.672752 0.135952 -0.672752 
1 1 0 12.4413 0.1 4.57784 -1.19071 -3.39177 -1.19071 -3.39177 0.135174 0.672795 0.135174 -0.672795 
1 1 0 12.4463 0.1 4.57411 -1.19097 -3.39225 -1.19097 -3.39225 0.134399 0.672836 0.134399 -0.672836 
1 1 0 12.4513 0.1 4.5704 -1.19122 -3.39273 -1.19122 -3.39273 0.133627 0.672876 0.133627 -0.672876 
1 1 0 12.4562 0.1 4.56671 -1.19148 -3.3932 -1.19148 -3.3932 0.132858 0.672914 0.132858 -0.672914 
1 1 0 12.4612 0.1 4.56304 -1.19173 -3.39368 -1.19173 -3.39368 0.132092 0.672951 0.132092 -0.672951 
1 1 0 12.4662 0.1 4.55939 -1.19199 -3.39416 -1.19199 -3.39416 0.131329 0.672986 0.131329 -0.672986 
1 1 0 12.4711 0.1 4.55576 -1.19225 -3.39464 -1.19225 -3.39464 0.130568 0.67302 0.130568 -0.67302 
1 1 0 12.4761 0.1 4.55215 -1.1925 -3.39512 -1.1925 -3.39512 0.129811 0.673053 0.129811 -0.673053 
1 1 0 12.4811 0.1 4.54856 -1.19276 -3.3956 -1.19276 -3.3956 0.129057 0.673084 0.129057 -0.673084 
1 1 0 12.4861 0.1 4.54499 -1.19301 -3.39608 -1.19301 -3.39608 0.128305 0.673114 0.128305 -0.673114 
1 1 0 12.491 0.1 4.54144 -1.19327 -3.39656 -1.19327 -3.39656 0.127557 0.673143 0.127557 -0.673143 
1 1 0 12.496 0.1 4.53791 -1.19352 -3.39704 -1.19352 -3.39704 0.126811 0.67317 0.126811 -0.67317 
1 1 0 12.501 0.1 4.53439 -1.19377 -3.39752 -1.19377 -3.39752 0.126068 0.673196 0.126068 -0.673196 
1 1 0 12.5059 0.1 4.5309 -1.19403 -3.39801 -1.19403 -3.39801 0.125328 0.67322 0.125328 -0.67322 
1 1 0 12.5109 0.1 4.52743 -1.19428 -3.39849 -1.19428 -3.39849 0.124591 0.673244 0.124591 -0.673244 
1 1 0 12.5159 0.1 4.52397 -1.19454 -3.39897 -1.19454 -3.39897 0.123857 0.673266 0.123857 -0.673266 
1 1 0 12.5209 0.1 4.52053 -1.19479 -3.39945 -1.19479 -3.39945 0.123126 0.673286 0.123126 -0.673286 
1 1 0 12.5258 0.1 4.51711 -1.19504 -3.39994 -1.19504 -3.39994 0.122398 0.673305 0.122398 -0.673305 
1 1 0 12.5308 0.1 4.51372 -1.1953 -3.40042 -1.1953 -3.40042 0.121673 0.673323 0.121673 -0.673323 
1 1 0 12.5358 0.1 4.51033 -1.19555 -3.4009 -1.19555 -3.4009 0.12095 0.67334 0.12095 -0.67334 
1 1 0 12.5407 0.1 4.50697 -1.1958 -3.40139 -1.1958 -3.40139 0.120231 0.673356 0.120231 -0.673356 
1 1 0 12.5457 0.1 4.50363 -1.19606 -3.40187 -1.19606 -3.40187 0.119514 0.67337 0.119514 -0.67337 
1 1 0 12.5507 0.1 4.5003 -1.19631 -3.40236 -1.19631 -3.40236 0.118801 0.673383 0.118801 -0.673383 
1 1 0 12.5556 0.1 4.497 -1.19656 -3.40284 -1.19656 -3.40284 0.11809 0.673395 0.11809 -0.673395 
1 1 0 12.5606 0.1 4.49371 -1.19682 -3.40333 -1.19682 -3.40333 0.117382 0.673405 0.117382 -0.673405 
1 1 0 12.5656 0.1 4.49043 -1.19707 -3.40381 -1.19707 -3.40381 0.116677 0.673414 0.116677 -0.673414 
1 1 0 12.5706 0.1 4.48718 -1.19732 -3.4043 -1.19732 -3.4043 0.115975 0.673422 0.115975 -0.673422 
1 1 0 12.5755 0.1 4.48395 -1.19757 -3.40479 -1.19757 -3.40479 0.115276 0.673429 0.115276 -0.673429 
1 1 0 12.5805 0.1 4.48073 -1.19783 -3.40527 -1.19783 -3.40527 0.114579 0.673435 0.114579 -0.673435 
1 1 0 12.5855 0.1 4.47753 -1.19808 -3.40576 -1.19808 -3.40576 0.113886 0.67344 0.113886 -0.67344 
1 1 0 12.5904 0.1 4.47435 -1.19833 -3.40625 -1.19833 -3.40625 0.113195 0.673443 0.113195 -0.673443 
1 1 0 12.5954 0.1 4.47118 -1.19858 -3.40674 -1.19858 -3.40674 0.112508 0.673445 0.112508 -0.673445 
1 1 0 12.6004 0.1 4.46804 -1.19883 -3.40723 -1.19883 -3.40723 0.111823 0.673446 0.111823 -0.673446 
1 1 0 12.6053 0.1 4.46491 -1.19909 -3.40771 -1.19909 -3.40771 0.111141 0.673446 0.111141 -0.673446 
1 1 0 12.6103 0.1 4.4618 -1.19934 -3.4082 -1.19934 -3.4082 0.110462 0.673445 0.110462 -0.673445 
1 1 0 12.6153 0.1 4.4587 -1.19959 -3.40869 -1.19959 -3.40869 0.109786 0.673442 0.109786 -0.673442 
1 1 0 12.6202 0.1 4.45562 -1.19984 -3.40918 -1.19984 -3.40918 0.109112 0.673439 0.109112 -0.673439 
1 1 0 12.6252 0.1 4.45256 -1.20009 -3.40967 -1.20009 -3.40967 0.108442 0.673434 0.108442 -0.673434 
1 1 0 12.6302 0.1 4.44952 -1.20034 -3.41016 -1.20034 -3.41016 0.107774 0.673429 0.107774 -0.673429 
1 1 0 12.6352 0.1 4.4465 -1.20059 -3.41065 -1.20059 -3.41065 0.10711 0.673422 0.10711 -0.673422 
1 1 0 12.6401 0.1 4.44349 -1.20084 -3.41115 -1.20084 -3.41115 0.106448 0.673414 0.106448 -0.673414 
1 1 0 12.6451 0.1 4.44049 -1.20109 -3.41164 -1.20109 -3.41164 0.105789 0.673405 0.105789 -0.673405 
1 1 0 12.6501 0.1 4.43752 -1.20134 -3.41213 -1.20134 -3.41213 0.105133 0.673395 0.105133 -0.673395 
1 1 0 12.655 0.1 4.43456 -1.20159 -3.41262 -1.20159 -3.41262 0.104479 0.673384 0.104479 -0.673384 
1 1 0 12.66 0.1 4.43162 -1.20184 -3.41311 -1.20184 -3.41311 0.103829 0.673372 0.103829 -0.673372 
1 1 0 12.665 0.1 4.42869 -1.20209 -3.41361 -1.20209 -3.41361 0.103182 0.673359 0.103182 -0.673359 
1 1 0 12.6699 0.1 4.42578 -1.20234 -3.4141 -1.20234 -3.4141 0.102537 0.673345 0.102537 -0.673345 
1 1 0 12.6749 0.1 4.42289 -1.20259 -3.41459 -1.20259 -3.41459 0.101895 0.67333 0.101895 -0.67333 
1 1 0 12.6799 0.1 4.42002 -1.20284 -3.41509 -1.20284 -3.41509 0.101256 0.673313 0.101256 -0.673313 
1 1 0 12.6849 0.1 4.41716 -1.20309 -3.41558 -1.20309 -3.41558 0.10062 0.673296 0.10062 -0.673296 
1 1 0 12.6898 0.1 4.41431 -1.20334 -3.41608 -1.20334 -3.41608 0.0999867 0.673278 0.0999867 -0.673278 
1 1 0 12.6948 0.1 4.41149 -1.20359 -3.41657 -1.20359 -3.41657 0.0993562 0.673259 0.0993562 -0.673259 
1 1 0 12.6998 0.1 4.40867 -1.20384 -3.41707 -1.20384 -3.41707 0.0987286 0.673239 0.0987286 -0.673239 
1 1 0 12.7047 0.1 4.40588 -1.20409 -3.41756 -1.20409 -3.41756 0.0981038 0.673218 0.0981038 -0.673218 
1 1 0 12.7097 0.1 4.4031 -1.20434 -3.41806 -1.20434 -3.41806 0.0974819 0.673196 0.0974819 -0.673196 
1 1 0 12.7147 0.1 4.40034 -1.20459 -3.41855 -1.20459 -3.41855 0.0968628 0.673173 0.0968628 -0.673173 
1 1 0 12.7196 0.1 4.39759 -1.20484 -3.41905 -1.20484 -3.41905 0.0962466 0.673149 0.0962466 -0.673149 
1 1 0 12.7246 0.1 4.39486 -1.20508 -3.41955 -1.20508 -3.41955 0.0956332 0.673124 0.0956332 -0.673124 
1 1 0 12.7296 0.1 4.39214 -1.20533 -3.42005 -1.20533 -3.42005 0.0950226 0.673098 0.0950226 -0.673098 
1 1 0 12.7345 0.1 4.38944 -1.20558 -3.42054 -1.20558 -3.42054 0.0944149 0.673071 0.0944149 -0.673071 
1 1 0 12.7395 0.1 4.38676 -1.20583 -3.42104 -1.20583 -3.42104 0.0938099 0.673043 0.0938099 -0.673043 
1 1 0 12.7445 0.1 4.38409 -1.20608 -3.42154 -1.20608 -3.42154 0.0932079 0.673015 0.0932079 -0.673015 
1 1 0 12.7494 0.1 4.38144 -1.20633 -3.42204 -1.20633 -3.42204 0.0926086 0.672985 0.0926086 -0.672985 
1 1 0 12.7544 0.1 4.3788 -1.20657 -3.42254 -1.20657 -3.42254 0.0920122 0.672955 0.0920122 -0.672955 
1 1 0 12.7594 0.1 4.37618 -1.20682 -3.42304 -1.20682 -3.42304 0.0914185 0.672924 0.0914185 -0.672924 
1 1 0 12.7644 0.1 4.37357 -1.20707 -3.42354 -1.20707 -3.42354 0.0908278 0.672891 0.0908278 -0.672891 
1 1 0 12.7693 0.1 4.37098 -1.20732 -3.42404 -1.20732 -3.42404 0.0902397 0.672858 0.0902397 -0.672858 
1 1 0 12.7743 0.1 4.3684 -1.20756 -3.42454 -1.20756 -3.42454 0.0896546 0.672824 0.0896546 -0.672824 
1 1 0 12.7793 0.1 4.36584 -1.20781 -3.42504 -1.20781 -3.42504 0.0890723 0.67279 0.0890723 -0.67279 
1 1 0 12.7842 0.1 4.3633 -1.20806 -3.42554 -1.20806 -3.42554 0.0884927 0.672754 0.0884927 -0.672754 
1 1 0 12.7892 0.1 4.36076 -1.2083 -3.42604 -1.2083 -3.42604 0.087916 0.672718 0.087916 -0.672718 
1 1 0 12.7942 0.1 4.35825 -1.20855 -3.42654 -1.20855 -3.42654 0.0873421 0.67268 0.0873421 -0.67268 
1 1 0 12.7991 0.1 4.35575 -1.2088 -3.42704 -1.2088 -3.42704 0.086771 0.672642 0.086771 -0.672642 
1 1 0 12.8041 0.1 4.35326 -1.20904 -3.42755 -1.20904 -3.42755 0.0862028 0.672604 0.0862028 -0.672604 
1 1 0 12.8091 0.1 4.35079 -1.20929 -3.42805 -1.20929 -3.42805 0.0856373 0.672564 0.0856373 -0.672564 
1 1 0 12.814 0.1 4.34833 -1.20954 -3.42855 -1.20954 -3.42855 0.0850746 0.672523 0.0850746 -0.672523 
1 1 0 12.819 0.1 4.34589 -1.20978 -3.42905 -1.20978 -3.42905 0.0845147 0.672482 0.0845147 -0.672482 
1 1 0 12.824 0.1 4.34346 -1.21003 -3.42956 -1.21003 -3.42956 0.0839576 0.67244 0.0839576 -0.67244 
1 1 0 12.8289 0.1 4.34105 -1.21027 -3.43006 -1.21027 -3.43006 0.0834033 0.672397 0.0834033 -0.672397 
1 1 0 12.8339 0.1 4.33865 -1.21052 -3.43057 -1.21052 -3.43057 0.0828519 0.672353 0.0828519 -0.672353 
1 1 0 12.8389 0.1 4.33627 -1.21076 -3.43107 -1.21076 -3.43107 0.0823032 0.672309 0.0823032 -0.672309 
1 1 0 12.8439 0.1 4.3339 -1.21101 -3.43158 -1.21101 -3.43158 0.0817572 0.672264 0.0817572 -0.672264 
1 1 0 12.8488 0.1 4.33155 -1.21126 -3.43208 -1.21126 -3.43208 0.0812142 0.672218 0.0812142 -0.672218 
1 1 0 12.8538 0.1 4.32921 -1.2115 -3.43259 -1.2115 -3.43259 0.0806739 0.672171 0.0806739 -0.672171 
1 1 0 12.8588 0.1 4.32688 -1.21175 -3.43309 -1.21175 -3.43309 0.0801363 0.672124 0.0801363 -0.672124 
1 1 0 12.8637 0.1 4.32457 -1.21199 -3.4336 -1.21199 -3.4336 0.0796016 0.672075 0.0796016 -0.672075 
1 1 0 12.8687 0.1 4.32227 -1.21224 -3.43411 -1.21224 -3.43411 0.0790697 0.672027 0.0790697 -0.672027 
1 1 0 12.8737 0.1 4.31999 -1.21248 -3.43461 -1.21248 -3.43461 0.0785404 0.671977 0.0785404 -0.671977 
1 1 0 12.8786 0.1 4.31772 -1.21272 -3.43512 -1.21272 -3.43512 0.0780141 0.671927 0.0780141 -0.671927 
1 1 0 12.8836 0.1 4.31547 -1.21297 -3.43563 -1.21297 -3.43563 0.0774905 0.671876 0.0774905 -0.671876 
1 1 0 12.8886 0.1 4.31323 -1.21321 -3.43614 -1.21321 -3.43614 0.0769696 0.671824 0.0769696 -0.671824 
1 1 0 12.8935 0.1 4.311 -1.21346 -3.43665 -1.21346 -3.43665 0.0764516 0.671771 0.0764516 -0.671771 
1 1 0 12.8985 0.1 4.30879 -1.2137 -3.43715 -1.2137 -3.43715 0.0759364 0.671718 0.0759364 -0.671718 
1 1 0 12.9035 0.1 4.30659 -1.21395 -3.43766 -1.21395 -3.43766 0.0754238 0.671664 0.0754238 -0.671664 
1 1 0 12.9084 0.1 4.3044 -1.21419 -3.43817 -1.21419 -3.43817 0.0749141 0.67161 0.0749141 -0.67161 
1 1 0 12.9134 0.1 4.30223 -1.21443 -3.43868 -1.21443 -3.43868 0.0744071 0.671555 0.0744071 -0.671555 
1 1 0 12.9184 0.1 4.30007 -1.21468 -3.43919 -1.21468 -3.43919 0.0739029 0.671499 0.0739029 -0.671499 
1 1 0 12.9233 0.1 4.29793 -1.21492 -3.4397 -1.21492 -3.4397 0.0734015 0.671442 0.0734015 -0.671442 
1 1 0 12.9283 0.1 4.2958 -1.21516 -3.44021 -1.21516 -3.44021 0.0729029 0.671385 0.0729029 -0.671385 
1 1 0 12.9333 0.1 4.29368 -1.21541 -3.44073 -1.21541 -3.44073 0.072407 0.671328 0.072407 -0.671328 
1 1 0 12.9382 0.1 4.29158 -1.21565 -3.44124 -1.21565 -3.44124 0.0719139 0.671269 0.0719139 -0.671269 
1 1 0 12.9432 0.1 4.28949 -1.21589 -3.44175 -1.21589 -3.44175 0.0714235 0.67121 0.0714235 -0.67121 
1 1 0 12.9482 0.1 4.28742 -1.21614 -3.44226 -1.21614 -3.44226 0.0709359 0.67115 0.0709359 -0.67115 
1 1 0 12.9531 0.1 4.28536 -1.21638 -3.44277 -1.21638 -3.44277 0.070451 0.67109 0.070451 -0.67109 
1 1 0 12.9581 0.1 4.28331 -1.21662 -3.44329 -1.21662 -3.44329 0.0699689 0.671029 0.0699689 -0.671029 
1 1 0 12.9631 0.1 4.28127 -1.21686 -3.4438 -1.21686 -3.4438 0.0694896 0.670968 0.0694896 -0.670968 
1 1 0 12.9681 0.1 4.27925 -1.21711 -3.44431 -1.21711 -3.44431 0.069013 0.670906 0.069013 -0.670906 
1 1 0 12.973 0.1 4.27724 -1.21735 -3.44483 -1.21735 -3.44483 0.0685392 0.670843 0.0685392 -0.670843 
1 1 0 12.978 0.1 4.27525 -1.21759 -3.44534 -1.21759 -3.44534 0.0680681 0.67078 0.0680681 -0.67078 
1 1 0 12.983 0.1 4.27326 -1.21783 -3.44585 -1.21783 -3.44585 0.0675998 0.670716 0.0675998 -0.670716 
1 1 0 12.9879 0.1 4.2713 -1.21807 -3.44637 -1.21807 -3.44637 0.0671342 0.670651 0.0671342 -0.670651 
1 1 0 12.9929 0.1 4.26934 -1.21832 -3.44688 -1.21832 -3.44688 0.0666713 0.670586 0.0666713 -0.670586 
1 1 0 12.9979 0.1 4.2674 -1.21856 -3.4474 -1.21856 -3.4474 0.0662112 0.67052 0.0662112 -0.67052 
1 1 0 13.0028 0.1 4.26547 -1.2188 -3.44792 -1.2188 -3.44792 0.0657538 0.670454 0.0657538 -0.670454 
1 1 0 13.0078 0.1 4.26355 -1.21904 -3.44843 -1.21904 -3.44843 0.0652993 0.670388 0.0652993 -0.670388 
1 1 0 13.0128 0.1 4.26165 -1.21928 -3.44895 -1.21928 -3.44895 0.0648474 0.67032 0.0648474 -0.67032 
1 1 0 13.0177 0.1 4.25976 -1.21952 -3.44946 -1.21952 -3.44946 0.0643982 0.670252 0.0643982 -0.670252 
1 1 0 13.0227 0.1 4.25788 -1.21976 -3.44998 -1.21976 -3.44998 0.0639518 0.670184 0.0639518 -0.670184 
1 1 0 13.0277 0.1 4.25602 -1.22001 -3.4505 -1.22001 -3.4505 0.0635081 0.670115 0.0635081 -0.670115 
1 1 0 13.0326 0.1 4.25417 -1.22025 -3.45102 -1.22025 -3.45102 0.0630672 0.670046 0.0630672 -0.670046 
1 1 0 13.0376 0.1 4.25233 -1.22049 -3.45153 -1.22049 -3.45153 0.062629 0.669976 0.062629 -0.669976 
1 1 0 13.0426 0.1 4.2505 -1.22073 -3.45205 -1.22073 -3.45205 0.0621936 0.669905 0.0621936 -0.669905 
1 1 0 13.0475 0.1 4.24869 -1.22097 -3.45257 -1.22097 -3.45257 0.0617607 0.669834 0.0617607 -0.669834 
1 1 0 13.0525 0.1 4.24689 -1.22121 -3.45309 -1.22121 -3.45309 0.0613308 0.669763 0.0613308 -0.669763 
1 1 0 13.0575 0.1 4.2451 -1.22145 -3.45361 -1.22145 -3.45361 0.0609035 0.669691 0.0609035 -0.669691 
1 1 0 13.0624 0.1 4.24332 -1.22169 -3.45413 -1.22169 -3.45413 0.0604789 0.669618 0.0604789 -0.669618 
1 1 0 13.0674 0.1 4.24156 -1.22193 -3.45465 -1.22193 -3.45465 0.060057 0.669545 0.060057 -0.669545 
1 1 0 13.0724 0.1 4.23981 -1.22217 -3.45517 -1.22217 -3.45517 0.0596379 0.669472 0.0596379 -0.669472 
1 1 0 13.0773 0.1 4.23808 -1.22241 -3.45569 -1.22241 -3.45569 0.0592215 0.669398 0.0592215 -0.669398 
1 1 0 13.0823 0.1 4.23635 -1.22265 -3.45621 -1.22265 -3.45621 0.0588078 0.669323 0.0588078 -0.669323 
1 1 0 13.0873 0.1 4.23464 -1.22289 -3.45673 -1.22289 -3.45673 0.0583968 0.669248 0.0583968 -0.669248 
1 1 0 13.0922 0.1 4.23294 -1.22313 -3.45725 -1.22313 -3.45725 0.0579885 0.669173 0.0579885 -0.669173 
1 1 0 13.0972 0.1 4.23125 -1.22337 -3.45778 -1.22337 -3.45778 0.057583 0.669097 0.057583 -0.669097 
1 1 0 13.1022 0.1 4.22958 -1.2236 -3.4583 -1.2236 -3.4583 0.0571802 0.669021 0.0571802 -0.669021 
1 1 0 13.1071 0.1 4.22791 -1.22384 -3.45882 -1.22384 -3.45882 0.05678 0.668944 0.05678 -0.668944 
1 1 0 13.1121 0.1 4.22626 -1.22408 -3.45934 -1.22408 -3.45934 0.0563826 0.668867 0.0563826 -0.668867 
1 1 0 13.1171 0.1 4.22463 -1.22432 -3.45987 -1.22432 -3.45987 0.0559879 0.668789 0.0559879 -0.668789 
1 1 0 13.122 0.1 4.223 -1.22456 -3.46039 -1.22456 -3.46039 0.0555959 0.668711 0.0555959 -0.668711 
1 1 0 13.127 0.1 4.22139 -1.2248 -3.46092 -1.2248 -3.46092 0.0552066 0.668633 0.0552066 -0.668633 
1 1 0 13.132 0.1 4.21979 -1.22504 -3.46144 -1.22504 -3.46144 0.05482 0.668554 0.05482 -0.668554 
1 1 0 13.1369 0.1 4.2182 -1.22528 -3.46196 -1.22528 -3.46196 0.0544361 0.668474 0.0544361 -0.668474 
1 1 0 13.1419 0.1 4.21662 -1.22551 -3.46249 -1.22551 -3.46249 0.0540549 0.668394 0.0540549 -0.668394 
1 1 0 13.1469 0.1 4.21506 -1.22575 -3.46301 -1.22575 -3.46301 0.0536764 0.668314 0.0536764 -0.668314 
1 1 0 13.1518 0.1 4.21351 -1.22599 -3.46354 -1.22599 -3.46354 0.0533006 0.668234 0.0533006 -0.668234 
1 1 0 13.1568 0.1 4.21197 -1.22623 -3.46407 -1.22623 -3.46407 0.0529275 0.668153 0.0529275 -0.668153 
1 1 0 13.1618 0.1 4.21044 -1.22647 -3.46459 -1.22647 -3.46459 0.052557 0.668071 0.052557 -0.668071 
1 1 0 13.1667 0.1 4.20892 -1.2267 -3.46512 -1.2267 -3.46512 0.0521893 0.667989 0.0521893 -0.667989 
1 1 0 13.1717 0.1 4.20742 -1.22694 -3.46565 -1.22694 -3.46565 0.0518243 0.667907 0.0518243 -0.667907 
1 1 0 13.1767 0.1 4.20592 -1.22718 -3.46617 -1.22718 -3.46617 0.051462 0.667824 0.051462 -0.667824 
1 1 0 13.1816 0.1 4.20444 -1.22742 -3.4667 -1.22742 -3.4667 0.0511023 0.667741 0.0511023 -0.667741 
1 1 0 13.1866 0.1 4.20298 -1.22765 -3.46723 -1.22765 -3.46723 0.0507453 0.667658 0.0507453 -0.667658 
1 1 0 13.1916 0.1 4.20152 -1.22789 -3.46776 -1.22789 -3.46776 0.0503911 0.667574 0.0503911 -0.667574 
1 1 0 13.1965 0.1 4.20008 -1.22813 -3.46828 -1.22813 -3.46828 0.0500395 0.66749 0.0500395 -0.66749 
1 1 0 13.2015 0.1 4.19864 -1.22836 -3.46881 -1.22836 -3.46881 0.0496906 0.667406 0.0496906 -0.667406 
1 1 0 13.2065 0.1 4.19722 -1.2286 -3.46934 -1.2286 -3.46934 0.0493443 0.667321 0.0493443 -0.667321 
1 1 0 13.2114 0.1 4.19581 -1.22884 -3.46987 -1.22884 -3.46987 0.0490008 0.667236 0.0490008 -0.667236 
1 1 0 13.2164 0.1 4.19442 -1.22907 -3.4704 -1.22907 -3.4704 0.0486599 0.66715 0.0486599 -0.66715 
1 1 0 13.2214 0.1 4.19303 -1.22931 -3.47093 -1.22931 -3.47093 0.0483217 0.667064 0.0483217 -0.667064 
1 1 0 13.2263 0.1 4.19166 -1.22955 -3.47146 -1.22955 -3.47146 0.0479862 0.666978 0.0479862 -0.666978 
1 1 0 13.2313 0.1 4.19029 -1.22978 -3.47199 -1.22978 -3.47199 0.0476534 0.666891 0.0476534 -0.666891 
1 1 0 13.2363 0.1 4.18894 -1.23002 -3.47253 -1.23002 -3.47253 0.0473232 0.666804 0.0473232 -0.666804 
1 1 0 13.2412 0.1 4.18761 -1.23025 -3.47306 -1.23025 -3.47306 0.0469957 0.666717 0.0469957 -0.666717 
1 1 0 13.2462 0.1 4.18628 -1.23049 -3.47359 -1.23049 -3.47359 0.0466709 0.666629 0.0466709 -0.666629 
1 1 0 13.2512 0.1 4.18496 -1.23073 -3.47412 -1.23073 -3.47412 0.0463487 0.666541 0.0463487 -0.666541 
1 1 0 13.2561 0.1 4.18366 -1.23096 -3.47465 -1.23096 -3.47465 0.0460292 0.666453 0.0460292 -0.666453 
1 1 0 13.2611 0.1 4.18237 -1.2312 -3.47519 -1.2312 -3.47519 0.0457124 0.666365 0.0457124 -0.666365 
1 1 0 13.2661 0.1 4.18109 -1.23143 -3.47572 -1.23143 -3.47572 0.0453982 0.666276 0.0453982 -0.666276 
1 1 0 13.271 0.1 4.17982 -1.23167 -3.47625 -1.23167 -3.47625 0.0450867 0.666186 0.0450867 -0.666186 
1 1 0 13.276 0.1 4.17856 -1.2319 -3.47679 -1.2319 -3.47679 0.0447779 0.666097 0.0447779 -0.666097 
1 1 0 13.281 0.1 4.17731 -1.23214 -3.47732 -1.23214 -3.47732 0.0444717 0.666007 0.0444717 -0.666007 
1 1 0 13.2859 0.1 4.17608 -1.23237 -3.47786 -1.23237 -3.47786 0.0441682 0.665917 0.0441682 -0.665917 
1 1 0 13.2909 0.1 4.17485 -1.23261 -3.47839 -1.23261 -3.47839 0.0438674 0.665827 0.0438674 -0.665827 
1 1 0 13.2959 0.1 4.17364 -1.23284 -3.47893 -1.23284 -3.47893 0.0435692 0.665736 0.0435692 -0.665736 
1 1 0 13.3008 0.1 4.17244 -1.23308 -3.47946 -1.23308 -3.47946 0.0432736 0.665645 0.0432736 -0.665645 
1 1 0 13.3058 0.1 4.17125 -1.23331 -3.48 -1.23331 -3.48 0.0429808 0.665554 0.0429808 -0.665554 
1 1 0 13.3108 0.1 4.17007 -1.23355 -3.48053 -1.23355 -3.48053 0.0426905 0.665462 0.0426905 -0.665462 
1 1 0 13.3157 0.1 4.16891 -1.23378 -3.48107 -1.23378 -3.48107 0.0424029 0.66537 0.0424029 -0.66537 
1 1 0 13.3207 0.1 4.16775 -1.23401 -3.48161 -1.23401 -3.48161 0.042118 0.665278 0.042118 -0.665278 
1 1 0 13.3256 0.1 4.16661 -1.23425 -3.48214 -1.23425 -3.48214 0.0418357 0.665186 0.0418357 -0.665186 
1 1 0 13.3306 0.1 4.16548 -1.23448 -3.48268 -1.23448 -3.48268 0.0415561 0.665093 0.0415561 -0.665093 
1 1 0 13.3356 0.1 4.16435 -1.23472 -3.48322 -1.23472 -3.48322 0.0412791 0.665 0.0412791 -0.665 
1 1 0 13.3405 0.1 4.16324 -1.23495 -3.48376 -1.23495 -3.48376 0.0410048 0.664907 0.0410048 -0.664907 
1 1 0 13.3455 0.1 4.16214 -1.23518 -3.4843 -1.23518 -3.4843 0.0407331 0.664813 0.0407331 -0.664813 
1 1 0 13.3505 0.1 4.16106 -1.23542 -3.48483 -1.23542 -3.48483 0.0404641 0.66472 0.0404641 -0.66472 
1 1 0 13.3554 0.1 4.15998 -1.23565 -3.48537 -1.23565 -3.48537 0.0401976 0.664625 0.0401976 -0.664625 
1 1 0 13.3604 0.1 4.15891 -1.23588 -3.48591 -1.23588 -3.48591 0.0399339 0.664531 0.0399339 -0.664531 
1 1 0 13.3654 0.1 4.15786 -1.23612 -3.48645 -1.23612 -3.48645 0.0396727 0.664437 0.0396727 -0.664437 
1 1 0 13.3703 0.1 4.15682 -1.23635 -3.48699 -1.23635 -3.48699 0.0394143 0.664342 0.0394143 -0.664342 
1 1 0 13.3753 0.1 4.15579 -1.23658 -3.48753 -1.23658 -3.48753 0.0391584 0.664247 0.0391584 -0.664247 
1 1 0 13.3803 0.1 4.15476 -1.23681 -3.48807 -1.23681 -3.48807 0.0389052 0.664152 0.0389052 -0.664152 
1 1 0 13.3852 0.1 4.15375 -1.23705 -3.48861 -1.23705 -3.48861 0.0386546 0.664056 0.0386546 -0.664056 
1 1 0 13.3902 0.1 4.15276 -1.23728 -3.48916 -1.23728 -3.48916 0.0384066 0.663961 0.0384066 -0.663961 
1 1 0 13.3952 0.1 4.15177 -1.23751 -3.4897 -1.23751 -3.4897 0.0381613 0.663865 0.0381613 -0.663865 
1 1 0 13.4001 0.1 4.15079 -1.23774 -3.49024 -1.23774 -3.49024 0.0379186 0.663769 0.0379186 -0.663769 
1 1 0 13.4051 0.1 4.14983 -1.23798 -3.49078 -1.23798 -3.49078 0.0376786 0.663672 0.0376786 -0.663672 
1 1 0 13.4101 0.1 4.14887 -1.23821 -3.49133 -1.23821 -3.49133 0.0374411 0.663576 0.0374411 -0.663576 
1 1 0 13.415 0.1 4.14793 -1.23844 -3.49187 -1.23844 -3.49187 0.0372063 0.663479 0.0372063 -0.663479 
1 1 0 13.42 0.1 4.14699 -1.23867 -3.49241 -1.23867 -3.49241 0.0369742 0.663382 0.0369742 -0.663382 
1 1 0 13.425 0.1 4.14607 -1.2389 -3.49296 -1.2389 -3.49296 0.0367446 0.663285 0.0367446 -0.663285 
1 1 0 13.4299 0.1 4.14516 -1.23914 -3.4935 -1.23914 -3.4935 0.0365176 0.663187 0.0365176 -0.663187 
1 1 0 13.4349 0.1 4.14426 -1.23937 -3.49404 -1.23937 -3.49404 0.0362933 0.66309 0.0362933 -0.66309 
1 1 0 13.4398 0.1 4.14337 -1.2396 -3.49459 -1.2396 -3.49459 0.0360717 0.662992 0.0360717 -0.662992 
1 1 0 13.4448 0.1 4.14249 -1.23983 -3.49513 -1.23983 -3.49513 0.0358526 0.662894 0.0358526 -0.662894 
1 1 0 13.4498 0.1 4.14163 -1.24006 -3.49568 -1.24006 -3.49568 0.0356361 0.662796 0.0356361 -0.662796 
1 1 0 13.4547 0.1 4.14077 -1.24029 -3.49623 -1.24029 -3.49623 0.0354223 0.662697 0.0354223 -0.662697 
1 1 0 13.4597 0.1 4.13992 -1.24052 -3.49677 -1.24052 -3.49677 0.0352111 0.662599 0.0352111 -0.662599 
1 1 0 13.4647 0.1 4.13909 -1.24075 -3.49732 -1.24075 -3.49732 0.0350025 0.6625 0.0350025 -0.6625 
1 1 0 13.4696 0.1 4.13827 -1.24099 -3.49787 -1.24099 -3.49787 0.0347965 0.662401 0.0347965 -0.662401 
1 1 0 13.4746 0.1 4.13745 -1.24122 -3.49841 -1.24122 -3.49841 0.0345931 0.662302 0.0345931 -0.662302 
1 1 0 13.4796 0.1 4.13665 -1.24145 -3.49896 -1.24145 -3.49896 0.0343924 0.662202 0.0343924 -0.662202 
1 1 0 13.4845 0.1 4.13586 -1.24168 -3.49951 -1.24168 -3.49951 0.0341943 0.662103 0.0341943 -0.662103 
1 1 0 13.4895 0.1 4.13508 -1.24191 -3.50006 -1.24191 -3.50006 0.0339987 0.662003 0.0339987 -0.662003 
1 1 0 13.4945 0.1 4.13431 -1.24214 -3.5006 -1.24214 -3.5006 0.0338058 0.661903 0.0338058 -0.661903 
1 1 0 13.4994 0.1 4.13355 -1.24237 -3.50115 -1.24237 -3.50115 0.0336155 0.661803 0.0336155 -0.661803 
1 1 0 13.5044 0.1 4.1328 -1.2426 -3.5017 -1.2426 -3.5017 0.0334278 0.661702 0.0334278 -0.661702 
1 1 0 13.5094 0.1 4.13206 -1.24283 -3.50225 -1.24283 -3.50225 0.0332427 0.661602 0.0332427 -0.661602 
1 1 0 13.5143 0.1 4.13134 -1.24306 -3.5028 -1.24306 -3.5028 0.0330601 0.661501 0.0330601 -0.661501 
1 1 0 13.5193 0.1 4.13062 -1.24329 -3.50335 -1.24329 -3.50335 0.0328802 0.661401 0.0328802 -0.661401 
1 1 0 13.5242 0.1 4.12991 -1.24352 -3.5039 -1.24352 -3.5039 0.0327029 0.6613 0.0327029 -0.6613 
1 1 0 13.5292 0.1 4.12922 -1.24375 -3.50445 -1.24375 -3.50445 0.0325282 0.661199 0.0325282 -0.661199 
1 1 0 13.5342 0.1 4.12853 -1.24398 -3.505 -1.24398 -3.505 0.0323561 0.661097 0.0323561 -0.661097 
1 1 0 13.5391 0.1 4.12786 -1.2442 -3.50556 -1.2442 -3.50556 0.0321866 0.660996 0.0321866 -0.660996 
1 1 0 13.5441 0.1 4.1272 -1.24443 -3.50611 -1.24443 -3.50611 0.0320197 0.660894 0.0320197 -0.660894 
1 1 0 13.5491 0.1 4.12655 -1.24466 -3.50666 -1.24466 -3.50666 0.0318554 0.660793 0.0318554 -0.660793 
1 1 0 13.554 0.1 4.1259 -1.24489 -3.50721 -1.24489 -3.50721 0.0316937 0.660691 0.0316937 -0.660691 
1 1 0 13.559 0.1 4.12527 -1.24512 -3.50776 -1.24512 -3.50776 0.0315346 0.660589 0.0315346 -0.660589 
1 1 0 13.564 0.1 4.12465 -1.24535 -3.50832 -1.24535 -3.50832 0.0313781 0.660486 0.0313781 -0.660486 
1 1 0 13.5689 0.1 4.12404 -1.24558 -3.50887 -1.24558 -3.50887 0.0312241 0.660384 0.0312241 -0.660384 
1 1 0 13.5739 0.1 4.12344 -1.24581 -3.50943 -1.24581 -3.50943 0.0310728 0.660282 0.0310728 -0.660282 
1 1 0 13.5789 0.1 4.12286 -1.24603 -3.50998 -1.24603 -3.50998 0.0309241 0.660179 0.0309241 -0.660179 
1 1 0 13.5838 0.1 4.12228 -1.24626 -3.51053 -1.24626 -3.51053 0.0307779 0.660076 0.0307779 -0.660076 
1 1 0 13.5888 0.1 4.12171 -1.24649 -3.51109 -1.24649 -3.51109 0.0306344 0.659973 0.0306344 -0.659973 
1 1 0 13.5937 0.1 4.12115 -1.24672 -3.51164 -1.24672 -3.51164 0.0304933 0.65987 0.0304933 -0.65987 
1 1 0 13.5987 0.1 4.12061 -1.24695 -3.5122 -1.24695 -3.5122 0.030355 0.659767 0.030355 -0.659767 
1 1 0 13.6037 0.1 4.12007 -1.24717 -3.51276 -1.24717 -3.51276 0.0302192 0.659664 0.0302192 -0.659664 
1 1 0 13.6086 0.1 4.11955 -1.2474 -3.51331 -1.2474 -3.51331 0.0300859 0.65956 0.0300859 -0.65956 
1 1 0 13.6136 0.1 4.11903 -1.24763 -3.51387 -1.24763 -3.51387 0.0299553 0.659457 0.0299553 -0.659457 
1 1 0 13.6186 0.1 4.11853 -1.24786 -3.51443 -1.24786 -3.51443 0.0298273 0.659353 0.0298273 -0.659353 
1 1 0 13.6235 0.1 4.11803 -1.24808 -3.51498 -1.24808 -3.51498 0.0297017 0.659249 0.0297017 -0.659249 
1 1 0 13.6285 0.1 4.11755 -1.24831 -3.51554 -1.24831 -3.51554 0.0295789 0.659145 0.0295789 -0.659145 
1 1 0 13.6335 0.1 4.11708 -1.24854 -3.5161 -1.24854 -3.5161 0.0294586 0.659041 0.0294586 -0.659041 
1 1 0 13.6384 0.1 4.11662 -1.24877 -3.51666 -1.24877 -3.51666 0.0293409 0.658937 0.0293409 -0.658937 
1 1 0 13.6434 0.1 4.11617 -1.24899 -3.51722 -1.24899 -3.51722 0.0292257 0.658832 0.0292257 -0.658832 
1 1 0 13.6483 0.1 4.11572 -1.24922 -3.51777 -1.24922 -3.51777 0.0291131 0.658728 0.0291131 -0.658728 
1 1 0 13.6533 0.1 4.11529 -1.24945 -3.51833 -1.24945 -3.51833 0.0290031 0.658623 0.0290031 -0.658623 
1 1 0 13.6583 0.1 4.11487 -1.24967 -3.51889 -1.24967 -3.51889 0.0288956 0.658519 0.0288956 -0.658519 
1 1 0 13.6632 0.1 4.11446 -1.2499 -3.51945 -1.2499 -3.51945 0.0287908 0.658414 0.0287908 -0.658414 
1 1 0 13.6682 0.1 4.11407 -1.25013 -3.52001 -1.25013 -3.52001 0.0286885 0.658309 0.0286885 -0.658309 
1 1 0 13.6732 0.1 4.11368 -1.25035 -3.52057 -1.25035 -3.52057 0.0285888 0.658204 0.0285888 -0.658204 
1 1 0 13.6781 0.1 4.1133 -1.25058 -3.52114 -1.25058 -3.52114 0.0284917 0.658098 0.0284917 -0.658098 
1 1 0 13.6831 0.1 4.11293 -1.2508 -3.5217 -1.2508 -3.5217 0.0283971 0.657993 0.0283971 -0.657993 
1 1 0 13.688 0.1 4.11257 -1.25103 -3.52226 -1.25103 -3.52226 0.0283051 0.657888 0.0283051 -0.657888 
1 1 0 13.693 0.1 4.11223 -1.25126 -3.52282 -1.25126 -3.52282 0.0282157 0.657782 0.0282157 -0.657782 
1 1 0 13.698 0.1 4.11189 -1.25148 -3.52338 -1.25148 -3.52338 0.0281288 0.657677 0.0281288 -0.657677 
1 1 0 13.7029 0.1 4.11157 -1.25171 -3.52395 -1.25171 -3.52395 0.0280445 0.657571 0.0280445 -0.657571 
1 1 0 13.7079 0.1 4.11125 -1.25193 -3.52451 -1.25193 -3.52451 0.0279628 0.657465 0.0279628 -0.657465 
1 1 0 13.7129 0.1 4.11095 -1.25216 -3.52507 -1.25216 -3.52507 0.0278836 0.657359 0.0278836 -0.657359 
1 1 0 13.7178 0.1 4.11065 -1.25238 -3.52564 -1.25238 -3.52564 0.027807 0.657253 0.027807 -0.657253 
1 1 0 13.7228 0.1 4.11037 -1.25261 -3.5262 -1.25261 -3.5262 0.027733 0.657147 0.027733 -0.657147 
1 1 0 13.7278 0.1 4.11009 -1.25283 -3.52676 -1.25283 -3.52676 0.0276616 0.65704 0.0276616 -0.65704 
1 1 0 13.7327 0.1 4.10983 -1.25306 -3.52733 -1.25306 -3.52733 0.0275926 0.656934 0.0275926 -0.656934 
1 1 0 13.7377 0.1 4.10958 -1.25328 -3.52789 -1.25328 -3.52789 0.0275263 0.656828 0.0275263 -0.656828 
1 1 0 13.7426 0.1 4.10933 -1.25351 -3.52846 -1.25351 -3.52846 0.0274625 0.656721 0.0274625 -0.656721 
1 1 0 13.7476 0.1 4.1091 -1.25373 -3.52903 -1.25373 -3.52903 0.0274012 0.656614 0.0274012 -0.656614 
1 1 0 13.7526 0.1 4.10888 -1.25396 -3.52959 -1.25396 -3.52959 0.0273426 0.656508 0.0273426 -0.656508 
1 1 0 13.7575 0.1 4.10867 -1.25418 -3.53016 -1.25418 -3.53016 0.0272865 0.656401 0.0272865 -0.656401 
1 1 0 13.7625 0.1 4.10847 -1.25441 -3.53073 -1.25441 -3.53073 0.0272329 0.656294 0.0272329 -0.656294 
1 1 0 13.7675 0.1 4.10828 -1.25463 -3.53129 -1.25463 -3.53129 0.0271819 0.656187 0.0271819 -0.656187 
1 1 0 13.7724 0.1 4.1081 -1.25486 -3.53186 -1.25486 -3.53186 0.0271335 0.656079 0.0271335 -0.656079 
1 1 0 13.7774 0.1 4.10793 -1.25508 -3.53243 -1.25508 -3.53243 0.0270876 0.655972 0.0270876 -0.655972 
1 1 0 13.7823 0.1 4.10777 -1.2553 -3.533 -1.2553 -3.533 0.0270443 0.655865 0.0270443 -0.655865 
1 1 0 13.7873 0.1 4.10762 -1.25553 -3.53357 -1.25553 -3.53357 0.0270035 0.655757 0.0270035 -0.655757 
1 1 0 13.7923 0.1 4.10748 -1.25575 -3.53413 -1.25575 -3.53413 0.0269653 0.65565 0.0269653 -0.65565 
1 1 0 13.7972 0.1 4.10736 -1.25598 -3.5347 -1.25598 -3.5347 0.0269296 0.655542 0.0269296 -0.655542 
1 1 0 13.8022 0.1 4.10724 -1.2562 -3.53527 -1.2562 -3.53527 0.0268965 0.655434 0.0268965 -0.655434 
1 1 0 13.8072 0.1 4.10713 -1.25642 -3.53584 -1.25642 -3.53584 0.0268659 0.655326 0.0268659 -0.655326 
1 1 0 13.8121 0.1 4.10704 -1.25665 -3.53641 -1.25665 -3.53641 0.0268379 0.655218 0.0268379 -0.655218 
1 1 0 13.8171 0.1 4.10695 -1.25687 -3.53698 -1.25687 -3.53698 0.0268124 0.65511 0.0268124 -0.65511 
1 1 0 13.822 0.1 4.10687 -1.25709 -3.53756 -1.25709 -3.53756 0.0267895 0.655002 0.0267895 -0.655002 
1 1 0 13.827 0.1 4.10681 -1.25732 -3.53813 -1.25732 -3.53813 0.0267691 0.654894 0.0267691 -0.654894 
1 1 0 13.832 0.1 4.10675 -1.25754 -3.5387 -1.25754 -3.5387 0.0267513 0.654785 0.0267513 -0.654785 
1 1 0 13.8369 0.1 4.10671 -1.25776 -3.53927 -1.25776 -3.53927 0.026736 0.654677 0.026736 -0.654677 
2 1 0 12.82 0.1 0 -1.10727 -4.6033 -1.10727 -4.6033 0.026736 0.654677 0.026736 -0.654677 
1 1 0 12.82 0.1 4.34541 -1.10727 -4.6033 -1.10727 -4.6033 0.0844035 0.672474 0.0844035 -0.672474 
1 1 0 12.82 0.1 4.34541 -1.10727 -4.6033 -1.10727 -4.6033 0.0844035 0.672474 0.0844035 -0.672474 
1 1 0 12.82 0.1 4.34541 -1.10727 -4.6033 -1.10727 -4.6033 0.0844034 0.672474 0.0844034 -0.672474 
1 1 0 12.82 0.1 4.34541 -1.10727 -4.6033 -1.10727 -4.6033 0.0844032 0.672474 0.0844032 -0.672474 
1 1 0 12.82 0.1 4.3454 -1.10727 -4.6033 -1.10727 -4.6033 0.084403 0.672474 0.084403 -0.672474 
1 1 0 12.82 0.1 4.3454 -1.10728 -4.6033 -1.10728 -4.6033 0.0844024 0.672474 0.0844024 -0.672474 
1 1 0 12.82 0.1 4.3454 -1.10728 -4.6033 -1.10728 -4.6033 0.0844012 0.672473 0.0844012 -0.672473 
1 1 0 12.82 0.1 4.34539 -1.10728 -4.60331 -1.10728 -4.60331 0.0843989 0.672473 0.0843989 -0.672473 
1 1 0 12.8201 0.1 4.34537 -1.10728 -4.60332 -1.10728 -4.60332 0.0843955 0.672473 0.0843955 -0.672473 
1 1 0 12.8201 0.1 4.34535 -1.10728 -4.60333 -1.10728 -4.60333 0.0843903 0.672473 0.0843903 -0.672473 
1 1 0 12.8202 0.1 4.34531 -1.10728 -4.60334 -1.10728 -4.60334 0.0843825 0.672472 0.0843825 -0.672472 
1 1 0 12.8203 0.1 4.34526 -1.10728 -4.60337 -1.10728 -4.60337 0.0843708 0.672471 0.0843708 -0.672471 
1 1 0 12.8204 0.1 4.34519 -1.10729 -4.60341 -1.10729 -4.60341 0.0843534 0.67247 0.0843534 -0.67247 
1 1 0 12.8207 0.1 4.34507 -1.1073 -4.60346 -1.1073 -4.60346 0.0843271 0.672468 0.0843271 -0.672468 
1 1 0 12.821 0.1 4.3449 -1.10731 -4.60354 -1.10731 -4.60354 0.0842877 0.672465 0.0842877 -0.672465 
1 1 0 12.8216 0.1 4.34465 -1.10733 -4.60367 -1.10733 -4.60367 0.0842287 0.672461 0.0842287 -0.672461 
1 1 0 12.8223 0.1 4.34426 -1.10735 -4.60386 -1.10735 -4.60386 0.0841403 0.672454 0.0841403 -0.672454 
1 1 0 12.8235 0.1 4.34368 -1.10739 -4.60414 -1.10739 -4.60414 0.0840077 0.672444 0.0840077 -0.672444 
1 1 0 12.8253 0.1 4.34282 -1.10745 -4.60457 -1.10745 -4.60457 0.0838091 0.672429 0.0838091 -0.672429 
1 1 0 12.828 0.1 4.34152 -1.10754 -4.6052 -1.10754 -4.6052 0.083512 0.672405 0.083512 -0.672405 
1 1 0 12.832 0.1 4.33959 -1.10767 -4.60616 -1.10767 -4.60616 0.0830678 0.672371 0.0830678 -0.672371 
1 1 0 12.8368 0.1 4.33726 -1.10784 -4.60732 -1.10784 -4.60732 0.0825299 0.672327 0.0825299 -0.672327 
1 1 0 12.8417 0.1 4.33493 -1.108 -4.60848 -1.108 -4.60848 0.0819947 0.672283 0.0819947 -0.672283 
1 1 0 12.8466 0.1 4.33262 -1.10816 -4.60964 -1.10816 -4.60964 0.0814621 0.672239 0.0814621 -0.672239 
1 1 0 12.8514 0.1 4.33033 -1.10832 -4.61079 -1.10832 -4.61079 0.0809322 0.672193 0.0809322 -0.672193 
1 1 0 12.8563 0.1 4.32804 -1.10848 -4.61195 -1.10848 -4.61195 0.0804048 0.672147 0.0804048 -0.672147 
1 1 0 12.8611 0.1 4.32577 -1.10864 -4.61311 -1.10864 -4.61311 0.0798802 0.672101 0.0798802 -0.672101 
1 1 0 12.866 0.1 4.32352 -1.1088 -4.61427 -1.1088 -4.61427 0.0793582 0.672053 0.0793582 -0.672053 
1 1 0 12.8709 0.1 4.32128 -1.10897 -4.61542 -1.10897 -4.61542 0.0788389 0.672005 0.0788389 -0.672005 
1 1 0 12.8757 0.1 4.31905 -1.10913 -4.61658 -1.10913 -4.61658 0.0783222 0.671956 0.0783222 -0.671956 
1 1 0 12.8806 0.1 4.31683 -1.10929 -4.61773 -1.10929 -4.61773 0.0778082 0.671907 0.0778082 -0.671907 
1 1 0 12.8854 0.1 4.31463 -1.10945 -4.61889 -1.10945 -4.61889 0.0772968 0.671856 0.0772968 -0.671856 
1 1 0 12.8903 0.1 4.31244 -1.10961 -4.62004 -1.10961 -4.62004 0.076788 0.671806 0.076788 -0.671806 
1 1 0 12.8952 0.1 4.31027 -1.10977 -4.6212 -1.10977 -4.6212 0.0762819 0.671754 0.0762819 -0.671754 
1 1 0 12.9 0.1 4.30811 -1.10993 -4.62235 -1.10993 -4.62235 0.0757784 0.671702 0.0757784 -0.671702 
1 1 0 12.9049 0.1 4.30596 -1.11009 -4.6235 -1.11009 -4.6235 0.0752776 0.671649 0.0752776 -0.671649 
1 1 0 12.9098 0.1 4.30383 -1.11025 -4.62465 -1.11025 -4.62465 0.0747794 0.671595 0.0747794 -0.671595 
1 1 0 12.9146 0.1 4.3017 -1.11041 -4.62581 -1.11041 -4.62581 0.0742838 0.671541 0.0742838 -0.671541 
1 1 0 12.9195 0.1 4.29959 -1.11057 -4.62696 -1.11057 -4.62696 0.0737909 0.671486 0.0737909 -0.671486 
1 1 0 12.9243 0.1 4.2975 -1.11073 -4.62811 -1.11073 -4.62811 0.0733007 0.671431 0.0733007 -0.671431 
1 1 0 12.9292 0.1 4.29542 -1.11089 -4.62926 -1.11089 -4.62926 0.072813 0.671375 0.072813 -0.671375 
1 1 0 12.9341 0.1 4.29335 -1.11105 -4.63041 -1.11105 -4.63041 0.072328 0.671318 0.072328 -0.671318 
1 1 0 12.9389 0.1 4.29129 -1.11122 -4.63156 -1.11122 -4.63156 0.0718456 0.671261 0.0718456 -0.671261 
1 1 0 12.9438 0.1 4.28925 -1.11138 -4.6327 -1.11138 -4.6327 0.0713659 0.671203 0.0713659 -0.671203 
1 1 0 12.9487 0.1 4.28722 -1.11154 -4.63385 -1.11154 -4.63385 0.0708888 0.671145 0.0708888 -0.671145 
1 1 0 12.9535 0.1 4.2852 -1.1117 -4.635 -1.1117 -4.635 0.0704143 0.671085 0.0704143 -0.671085 
1 1 0 12.9584 0.1 4.28319 -1.11186 -4.63615 -1.11186 -4.63615 0.0699424 0.671026 0.0699424 -0.671026 
1 1 0 12.9633 0.1 4.2812 -1.11201 -4.63729 -1.11201 -4.63729 0.0694732 0.670966 0.0694732 -0.670966 
1 1 0 12.9681 0.1 4.27922 -1.11217 -4.63844 -1.11217 -4.63844 0.0690066 0.670905 0.0690066 -0.670905 
1 1 0 12.973 0.1 4.27726 -1.11233 -4.63958 -1.11233 -4.63958 0.0685426 0.670843 0.0685426 -0.670843 
1 1 0 12.9778 0.1 4.2753 -1.11249 -4.64073 -1.11249 -4.64073 0.0680813 0.670781 0.0680813 -0.670781 
1 1 0 12.9827 0.1 4.27336 -1.11265 -4.64187 -1.11265 -4.64187 0.0676225 0.670719 0.0676225 -0.670719 
1 1 0 12.9876 0.1 4.27143 -1.11281 -4.64302 -1.11281 -4.64302 0.0671664 0.670656 0.0671664 -0.670656 
1 1 0 12.9924 0.1 4.26952 -1.11297 -4.64416 -1.11297 -4.64416 0.0667129 0.670592 0.0667129 -0.670592 
1 1 0 12.9973 0.1 4.26761 -1.11313 -4.6453 -1.11313 -4.6453 0.066262 0.670528 0.066262 -0.670528 
1 1 0 13.0022 0.1 4.26572 -1.11329 -4.64644 -1.11329 -4.64644 0.0658137 0.670463 0.0658137 -0.670463 
1 1 0 13.007 0.1 4.26384 -1.11345 -4.64759 -1.11345 -4.64759 0.0653681 0.670398 0.0653681 -0.670398 
1 1 0 13.0119 0.1 4.26198 -1.11361 -4.64873 -1.11361 -4.64873 0.0649251 0.670332 0.0649251 -0.670332 
1 1 0 13.0168 0.1 4.26012 -1.11377 -4.64987 -1.11377 -4.64987 0.0644847 0.670266 0.0644847 -0.670266 
1 1 0 13.0216 0.1 4.25828 -1.11393 -4.65101 -1.11393 -4.65101 0.0640468 0.670199 0.0640468 -0.670199 
1 1 0 13.0265 0.1 4.25645 -1.11409 -4.65215 -1.11409 -4.65215 0.0636117 0.670131 0.0636117 -0.670131 
1 1 0 13.0314 0.1 4.25463 -1.11424 -4.65329 -1.11424 -4.65329 0.063179 0.670063 0.063179 -0.670063 
1 1 0 13.0362 0.1 4.25283 -1.1144 -4.65443 -1.1144 -4.65443 0.062749 0.669995 0.062749 -0.669995 
1 1 0 13.0411 0.1 4.25104 -1.11456 -4.65557 -1.11456 -4.65557 0.0623216 0.669926 0.0623216 -0.669926 
1 1 0 13.046 0.1 4.24926 -1.11472 -4.6567 -1.11472 -4.6567 0.0618969 0.669857 0.0618969 -0.669857 
1 1 0 13.0508 0.1 4.24749 -1.11488 -4.65784 -1.11488 -4.65784 0.0614748 0.669787 0.0614748 -0.669787 
1 1 0 13.0557 0.1 4.24573 -1.11504 -4.65898 -1.11504 -4.65898 0.0610552 0.669716 0.0610552 -0.669716 
1 1 0 13.0606 0.1 4.24399 -1.1152 -4.66011 -1.1152 -4.66011 0.0606382 0.669646 0.0606382 -0.669646 
1 1 0 13.0654 0.1 4.24226 -1.11535 -4.66125 -1.11535 -4.66125 0.0602239 0.669574 0.0602239 -0.669574 
1 1 0 13.0703 0.1 4.24054 -1.11551 -4.66238 -1.11551 -4.66238 0.0598121 0.669502 0.0598121 -0.669502 
1 1 0 13.0752 0.1 4.23883 -1.11567 -4.66352 -1.11567 -4.66352 0.059403 0.66943 0.059403 -0.66943 
1 1 0 13.08 0.1 4.23714 -1.11583 -4.66465 -1.11583 -4.66465 0.0589964 0.669357 0.0589964 -0.669357 
1 1 0 13.0849 0.1 4.23545 -1.11599 -4.66579 -1.11599 -4.66579 0.0585925 0.669284 0.0585925 -0.669284 
1 1 0 13.0898 0.1 4.23378 -1.11614 -4.66692 -1.11614 -4.66692 0.0581911 0.669211 0.0581911 -0.669211 
1 1 0 13.0946 0.1 4.23212 -1.1163 -4.66805 -1.1163 -4.66805 0.0577923 0.669136 0.0577923 -0.669136 
1 1 0 13.0995 0.1 4.23047 -1.11646 -4.66919 -1.11646 -4.66919 0.0573961 0.669062 0.0573961 -0.669062 
1 1 0 13.1044 0.1 4.22884 -1.11662 -4.67032 -1.11662 -4.67032 0.0570026 0.668987 0.0570026 -0.668987 
1 1 0 13.1092 0.1 4.22722 -1.11678 -4.67145 -1.11678 -4.67145 0.0566116 0.668912 0.0566116 -0.668912 
1 1 0 13.1141 0.1 4.2256 -1.11693 -4.67258 -1.11693 -4.67258 0.0562231 0.668836 0.0562231 -0.668836 
1 1 0 13.119 0.1 4.224 -1.11709 -4.67371 -1.11709 -4.67371 0.0558373 0.668759 0.0558373 -0.668759 
1 1 0 13.1238 0.1 4.22241 -1.11725 -4.67484 -1.11725 -4.67484 0.0554541 0.668683 0.0554541 -0.668683 
1 1 0 13.1287 0.1 4.22084 -1.11741 -4.67597 -1.11741 -4.67597 0.0550735 0.668606 0.0550735 -0.668606 
1 1 0 13.1336 0.1 4.21927 -1.11756 -4.6771 -1.11756 -4.6771 0.0546954 0.668528 0.0546954 -0.668528 
1 1 0 13.1384 0.1 4.21772 -1.11772 -4.67823 -1.11772 -4.67823 0.0543199 0.66845 0.0543199 -0.66845 
1 1 0 13.1433 0.1 4.21618 -1.11788 -4.67936 -1.11788 -4.67936 0.053947 0.668372 0.053947 -0.668372 
1 1 0 13.1482 0.1 4.21465 -1.11803 -4.68048 -1.11803 -4.68048 0.0535767 0.668293 0.0535767 -0.668293 
1 1 0 13.1531 0.1 4.21313 -1.11819 -4.68161 -1.11819 -4.68161 0.053209 0.668214 0.053209 -0.668214 
1 1 0 13.1579 0.1 4.21162 -1.11835 -4.68274 -1.11835 -4.68274 0.0528438 0.668134 0.0528438 -0.668134 
1 1 0 13.1628 0.1 4.21012 -1.1185 -4.68386 -1.1185 -4.68386 0.0524812 0.668054 0.0524812 -0.668054 
1 1 0 13.1677 0.1 4.20864 -1.11866 -4.68499 -1.11866 -4.68499 0.0521213 0.667974 0.0521213 -0.667974 
1 1 0 13.1725 0.1 4.20717 -1.11882 -4.68612 -1.11882 -4.68612 0.0517639 0.667893 0.0517639 -0.667893 
1 1 0 13.1774 0.1 4.20571 -1.11897 -4.68724 -1.11897 -4.68724 0.051409 0.667812 0.051409 -0.667812 
1 1 0 13.1823 0.1 4.20426 -1.11913 -4.68836 -1.11913 -4.68836 0.0510568 0.667731 0.0510568 -0.667731 
1 1 0 13.1871 0.1 4.20282 -1.11929 -4.68949 -1.11929 -4.68949 0.0507071 0.667649 0.0507071 -0.667649 
1 1 0 13.192 0.1 4.20139 -1.11944 -4.69061 -1.11944 -4.69061 0.0503599 0.667567 0.0503599 -0.667567 
1 1 0 13.1969 0.1 4.19998 -1.1196 -4.69173 -1.1196 -4.69173 0.0500154 0.667484 0.0500154 -0.667484 
1 1 0 13.2017 0.1 4.19857 -1.11976 -4.69286 -1.11976 -4.69286 0.0496734 0.667402 0.0496734 -0.667402 
1 1 0 13.2066 0.1 4.19718 -1.11991 -4.69398 -1.11991 -4.69398 0.049334 0.667318 0.049334 -0.667318 
1 1 0 13.2115 0.1 4.1958 -1.12007 -4.6951 -1.12007 -4.6951 0.0489972 0.667235 0.0489972 -0.667235 
1 1 0 13.2164 0.1 4.19443 -1.12022 -4.69622 -1.12022 -4.69622 0.0486629 0.667151 0.0486629 -0.667151 
1 1 0 13.2212 0.1 4.19307 -1.12038 -4.69734 -1.12038 -4.69734 0.0483311 0.667067 0.0483311 -0.667067 
1 1 0 13.2261 0.1 4.19172 -1.12054 -4.69846 -1.12054 -4.69846 0.048002 0.666982 0.048002 -0.666982 
1 1 0 13.231 0.1 4.19038 -1.12069 -4.69958 -1.12069 -4.69958 0.0476754 0.666897 0.0476754 -0.666897 
1 1 0 13.2358 0.1 4.18906 -1.12085 -4.7007 -1.12085 -4.7007 0.0473514 0.666812 0.0473514 -0.666812 
1 1 0 13.2407 0.1 4.18775 -1.121 -4.70182 -1.121 -4.70182 0.0470299 0.666726 0.0470299 -0.666726 
1 1 0 13.2456 0.1 4.18644 -1.12116 -4.70294 -1.12116 -4.70294 0.046711 0.66664 0.046711 -0.66664 
1 1 0 13.2505 0.1 4.18515 -1.12131 -4.70406 -1.12131 -4.70406 0.0463947 0.666554 0.0463947 -0.666554 
1 1 0 13.2553 0.1 4.18387 -1.12147 -4.70517 -1.12147 -4.70517 0.0460809 0.666468 0.0460809 -0.666468 
1 1 0 13.2602 0.1 4.1826 -1.12163 -4.70629 -1.12163 -4.70629 0.0457697 0.666381 0.0457697 -0.666381 
1 1 0 13.2651 0.1 4.18134 -1.12178 -4.70741 -1.12178 -4.70741 0.045461 0.666294 0.045461 -0.666294 
1 1 0 13.2699 0.1 4.18009 -1.12194 -4.70852 -1.12194 -4.70852 0.0451549 0.666206 0.0451549 -0.666206 
1 1 0 13.2748 0.1 4.17886 -1.12209 -4.70964 -1.12209 -4.70964 0.0448513 0.666118 0.0448513 -0.666118 
1 1 0 13.2797 0.1 4.17763 -1.12225 -4.71075 -1.12225 -4.71075 0.0445503 0.66603 0.0445503 -0.66603 
1 1 0 13.2846 0.1 4.17642 -1.1224 -4.71187 -1.1224 -4.71187 0.0442519 0.665942 0.0442519 -0.665942 
1 1 0 13.2894 0.1 4.17521 -1.12256 -4.71298 -1.12256 -4.71298 0.0439559 0.665853 0.0439559 -0.665853 
1 1 0 13.2943 0.1 4.17402 -1.12271 -4.71409 -1.12271 -4.71409 0.0436626 0.665764 0.0436626 -0.665764 
1 1 0 13.2992 0.1 4.17284 -1.12287 -4.71521 -1.12287 -4.71521 0.0433718 0.665675 0.0433718 -0.665675 
1 1 0 13.304 0.1 4.17167 -1.12302 -4.71632 -1.12302 -4.71632 0.0430835 0.665586 0.0430835 -0.665586 
1 1 0 13.3089 0.1 4.17051 -1.12317 -4.71743 -1.12317 -4.71743 0.0427978 0.665496 0.0427978 -0.665496 
1 1 0 13.3138 0.1 4.16936 -1.12333 -4.71855 -1.12333 -4.71855 0.0425147 0.665406 0.0425147 -0.665406 
1 1 0 13.3187 0.1 4.16822 -1.12348 -4.71966 -1.12348 -4.71966 0.042234 0.665316 0.042234 -0.665316 
1 1 0 13.3235 0.1 4.1671 -1.12364 -4.72077 -1.12364 -4.72077 0.041956 0.665225 0.041956 -0.665225 
1 1 0 13.3284 0.1 4.16598 -1.12379 -4.72188 -1.12379 -4.72188 0.0416804 0.665134 0.0416804 -0.665134 
1 1 0 13.3333 0.1 4.16487 -1.12395 -4.72299 -1.12395 -4.72299 0.0414074 0.665043 0.0414074 -0.665043 
1 1 0 13.3381 0.1 4.16378 -1.1241 -4.7241 -1.1241 -4.7241 0.0411369 0.664952 0.0411369 -0.664952 
1 1 0 13.343 0.1 4.16269 -1.12425 -4.72521 -1.12425 -4.72521 0.0408691 0.66486 0.0408691 -0.66486 
1 1 0 13.3479 0.1 4.16162 -1.12441 -4.72632 -1.12441 -4.72632 0.0406037 0.664768 0.0406037 -0.664768 
1 1 0 13.3528 0.1 4.16056 -1.12456 -4.72742 -1.12456 -4.72742 0.0403409 0.664676 0.0403409 -0.664676 
1 1 0 13.3576 0.1 4.15951 -1.12472 -4.72853 -1.12472 -4.72853 0.0400805 0.664584 0.0400805 -0.664584 
1 1 0 13.3625 0.1 4.15847 -1.12487 -4.72964 -1.12487 -4.72964 0.0398228 0.664491 0.0398228 -0.664491 
1 1 0 13.3674 0.1 4.15744 -1.12502 -4.73075 -1.12502 -4.73075 0.0395676 0.664398 0.0395676 -0.664398 
1 1 0 13.3723 0.1 4.15642 -1.12518 -4.73185 -1.12518 -4.73185 0.0393149 0.664305 0.0393149 -0.664305 
1 1 0 13.3771 0.1 4.15541 -1.12533 -4.73296 -1.12533 -4.73296 0.0390647 0.664212 0.0390647 -0.664212 
1 1 0 13.382 0.1 4.15441 -1.12548 -4.73406 -1.12548 -4.73406 0.0388171 0.664118 0.0388171 -0.664118 
1 1 0 13.3869 0.1 4.15342 -1.12564 -4.73517 -1.12564 -4.73517 0.038572 0.664025 0.038572 -0.664025 
1 1 0 13.3918 0.1 4.15244 -1.12579 -4.73627 -1.12579 -4.73627 0.0383294 0.663931 0.0383294 -0.663931 
1 1 0 13.3966 0.1 4.15148 -1.12595 -4.73738 -1.12595 -4.73738 0.0380894 0.663837 0.0380894 -0.663837 
1 1 0 13.4015 0.1 4.15052 -1.1261 -4.73848 -1.1261 -4.73848 0.0378519 0.663742 0.0378519 -0.663742 
1 1 0 13.4064 0.1 4.14958 -1.12625 -4.73959 -1.12625 -4.73959 0.0376169 0.663647 0.0376169 -0.663647 
1 1 0 13.4113 0.1 4.14864 -1.1264 -4.74069 -1.1264 -4.74069 0.0373844 0.663553 0.0373844 -0.663553 
1 1 0 13.4161 0.1 4.14772 -1.12656 -4.74179 -1.12656 -4.74179 0.0371546 0.663458 0.0371546 -0.663458 
1 1 0 13.421 0.1 4.1468 -1.12671 -4.74289 -1.12671 -4.74289 0.0369271 0.663362 0.0369271 -0.663362 
1 1 0 13.4259 0.1 4.1459 -1.12686 -4.744 -1.12686 -4.744 0.0367022 0.663267 0.0367022 -0.663267 
1 1 0 13.4308 0.1 4.14501 -1.12702 -4.7451 -1.12702 -4.7451 0.0364799 0.663171 0.0364799 -0.663171 
1 1 0 13.4356 0.1 4.14413 -1.12717 -4.7462 -1.12717 -4.7462 0.03626 0.663075 0.03626 -0.663075 
1 1 0 13.4405 0.1 4.14326 -1.12732 -4.7473 -1.12732 -4.7473 0.0360427 0.662979 0.0360427 -0.662979 
1 1 0 13.4454 0.1 4.14239 -1.12747 -4.7484 -1.12747 -4.7484 0.0358279 0.662883 0.0358279 -0.662883 
1 1 0 13.4503 0.1 4.14154 -1.12763 -4.7495 -1.12763 -4.7495 0.0356156 0.662786 0.0356156 -0.662786 
1 1 0 13.4551 0.1 4.1407 -1.12778 -4.7506 -1.12778 -4.7506 0.0354059 0.66269 0.0354059 -0.66269 
1 1 0 13.46 0.1 4.13987 -1.12793 -4.7517 -1.12793 -4.7517 0.0351986 0.662593 0.0351986 -0.662593 
1 1 0 13.4649 0.1 4.13906 -1.12808 -4.75279 -1.12808 -4.75279 0.0349939 0.662496 0.0349939 -0.662496 
1 1 0 13.4698 0.1 4.13825 -1.12824 -4.75389 -1.12824 -4.75389 0.0347917 0.662398 0.0347917 -0.662398 
1 1 0 13.4746 0.1 4.13745 -1.12839 -4.75499 -1.12839 -4.75499 0.034592 0.662301 0.034592 -0.662301 
1 1 0 13.4795 0.1 4.13666 -1.12854 -4.75609 -1.12854 -4.75609 0.0343949 0.662203 0.0343949 -0.662203 
1 1 0 13.4844 0.1 4.13588 -1.12869 -4.75718 -1.12869 -4.75718 0.0342002 0.662106 0.0342002 -0.662106 
1 1 0 13.4893 0.1 4.13512 -1.12884 -4.75828 -1.12884 -4.75828 0.0340081 0.662008 0.0340081 -0.662008 
1 1 0 13.4941 0.1 4.13436 -1.129 -4.75937 -1.129 -4.75937 0.0338184 0.661909 0.0338184 -0.661909 
1 1 0 13.499 0.1 4.13361 -1.12915 -4.76047 -1.12915 -4.76047 0.0336312 0.661811 0.0336312 -0.661811 
1 1 0 13.5039 0.1 4.13288 -1.1293 -4.76156 -1.1293 -4.76156 0.0334467 0.661713 0.0334467 -0.661713 
1 1 0 13.5088 0.1 4.13215 -1.12945 -4.76266 -1.12945 -4.76266 0.0332645 0.661614 0.0332645 -0.661614 
1 1 0 13.5136 0.1 4.13143 -1.1296 -4.76375 -1.1296 -4.76375 0.0330849 0.661515 0.0330849 -0.661515 
1 1 0 13.5185 0.1 4.13073 -1.12975 -4.76485 -1.12975 -4.76485 0.0329079 0.661416 0.0329079 -0.661416 
1 1 0 13.5234 0.1 4.13003 -1.12991 -4.76594 -1.12991 -4.76594 0.0327332 0.661317 0.0327332 -0.661317 
1 1 0 13.5283 0.1 4.12935 -1.13006 -4.76703 -1.13006 -4.76703 0.0325611 0.661218 0.0325611 -0.661218 
1 1 0 13.5331 0.1 4.12868 -1.13021 -4.76812 -1.13021 -4.76812 0.0323916 0.661118 0.0323916 -0.661118 
1 1 0 13.538 0.1 4.12801 -1.13036 -4.76922 -1.13036 -4.76922 0.0322245 0.661019 0.0322245 -0.661019 
1 1 0 13.5429 0.1 4.12736 -1.13051 -4.77031 -1.13051 -4.77031 0.0320599 0.660919 0.0320599 -0.660919 
1 1 0 13.5478 0.1 4.12671 -1.13066 -4.7714 -1.13066 -4.7714 0.0318979 0.660819 0.0318979 -0.660819 
1 1 0 13.5527 0.1 4.12608 -1.13081 -4.77249 -1.13081 -4.77249 0.0317383 0.660719 0.0317383 -0.660719 
1 1 0 13.5575 0.1 4.12546 -1.13096 -4.77358 -1.13096 -4.77358 0.0315812 0.660619 0.0315812 -0.660619 
1 1 0 13.5624 0.1 4.12485 -1.13111 -4.77467 -1.13111 -4.77467 0.0314267 0.660518 0.0314267 -0.660518 
1 1 0 13.5673 0.1 4.12424 -1.13127 -4.77576 -1.13127 -4.77576 0.0312746 0.660418 0.0312746 -0.660418 
1 1 0 13.5722 0.1 4.12365 -1.13142 -4.77685 -1.13142 -4.77685 0.0311251 0.660317 0.0311251 -0.660317 
1 1 0 13.577 0.1 4.12307 -1.13157 -4.77793 -1.13157 -4.77793 0.030978 0.660216 0.030978 -0.660216 
1 1 0 13.5819 0.1 4.1225 -1.13172 -4.77902 -1.13172 -4.77902 0.0308335 0.660115 0.0308335 -0.660115 
1 1 0 13.5868 0.1 4.12194 -1.13187 -4.78011 -1.13187 -4.78011 0.0306913 0.660014 0.0306913 -0.660014 
1 1 0 13.5917 0.1 4.12138 -1.13202 -4.7812 -1.13202 -4.7812 0.0305517 0.659913 0.0305517 -0.659913 
1 1 0 13.5966 0.1 4.12084 -1.13217 -4.78228 -1.13217 -4.78228 0.0304147 0.659812 0.0304147 -0.659812 
1 1 0 13.6014 0.1 4.12031 -1.13232 -4.78337 -1.13232 -4.78337 0.0302801 0.65971 0.0302801 -0.65971 
1 1 0 13.6063 0.1 4.11979 -1.13247 -4.78446 -1.13247 -4.78446 0.030148 0.659609 0.030148 -0.659609 
1 1 0 13.6112 0.1 4.11928 -1.13262 -4.78554 -1.13262 -4.78554 0.0300184 0.659507 0.0300184 -0.659507 
1 1 0 13.6161 0.1 4.11878 -1.13277 -4.78663 -1.13277 -4.78663 0.0298913 0.659405 0.0298913 -0.659405 
1 1 0 13.6209 0.1 4.11829 -1.13292 -4.78771 -1.13292 -4.78771 0.0297666 0.659303 0.0297666 -0.659303 
1 1 0 13.6258 0.1 4.11781 -1.13307 -4.7888 -1.13307 -4.7888 0.0296445 0.659201 0.0296445 -0.659201 
1 1 0 13.6307 0.1 4.11734 -1.13322 -4.78988 -1.13322 -4.78988 0.0295249 0.659099 0.0295249 -0.659099 
1 1 0 13.6356 0.1 4.11688 -1.13337 -4.79096 -1.13337 -4.79096 0.0294077 0.658996 0.0294077 -0.658996 
1 1 0 13.6405 0.1 4.11643 -1.13352 -4.79205 -1.13352 -4.79205 0.0292931 0.658894 0.0292931 -0.658894 
1 1 0 13.6453 0.1 4.11599 -1.13367 -4.79313 -1.13367 -4.79313 0.0291809 0.658791 0.0291809 -0.658791 
1 1 0 13.6502 0.1 4.11556 -1.13382 -4.79421 -1.13382 -4.79421 0.0290712 0.658688 0.0290712 -0.658688 
1 1 0 13.6551 0.1 4.11514 -1.13397 -4.79529 -1.13397 -4.79529 0.028964 0.658585 0.028964 -0.658585 
1 1 0 13.66 0.1 4.11473 -1.13412 -4.79637 -1.13412 -4.79637 0.0288593 0.658482 0.0288593 -0.658482 
1 1 0 13.6649 0.1 4.11433 -1.13427 -4.79746 -1.13427 -4.79746 0.028757 0.658379 0.028757 -0.658379 
1 1 0 13.6697 0.1 4.11394 -1.13442 -4.79854 -1.13442 -4.79854 0.0286573 0.658276 0.0286573 -0.658276 
1 1 0 13.6746 0.1 4.11357 -1.13456 -4.79962 -1.13456 -4.79962 0.02856 0.658173 0.02856 -0.658173 
1 1 0 13.6795 0.1 4.1132 -1.13471 -4.8007 -1.13471 -4.8007 0.0284652 0.658069 0.0284652 -0.658069 
1 1 0 13.6844 0.1 4.11284 -1.13486 -4.80177 -1.13486 -4.80177 0.0283729 0.657966 0.0283729 -0.657966 
1 1 0 13.6893 0.1 4.11249 -1.13501 -4.80285 -1.13501 -4.80285 0.0282831 0.657862 0.0282831 -0.657862 
1 1 0 13.6941 0.1 4.11215 -1.13516 -4.80393 -1.13516 -4.80393 0.0281958 0.657758 0.0281958 -0.657758 
1 1 0 13.699 0.1 4.11182 -1.13531 -4.80501 -1.13531 -4.80501 0.0281109 0.657654 0.0281109 -0.657654 
1 1 0 13.7039 0.1 4.1115 -1.13546 -4.80609 -1.13546 -4.80609 0.0280285 0.65755 0.0280285 -0.65755 
1 1 0 13.7088 0.1 4.1112 -1.13561 -4.80717 -1.13561 -4.80717 0.0279486 0.657446 0.0279486 -0.657446 
1 1 0 13.7137 0.1 4.1109 -1.13576 -4.80824 -1.13576 -4.80824 0.0278712 0.657342 0.0278712 -0.657342 
1 1 0 13.7185 0.1 4.11061 -1.1359 -4.80932 -1.1359 -4.80932 0.0277963 0.657238 0.0277963 -0.657238 
1 1 0 13.7234 0.1 4.11033 -1.13605 -4.81039 -1.13605 -4.81039 0.0277238 0.657133 0.0277238 -0.657133 
1 1 0 13.7283 0.1 4.11006 -1.1362 -4.81147 -1.1362 -4.81147 0.0276538 0.657029 0.0276538 -0.657029 
1 1 0 13.7332 0.1 4.10981 -1.13635 -4.81255 -1.13635 -4.81255 0.0275863 0.656924 0.0275863 -0.656924 
1 1 0 13.7381 0.1 4.10956 -1.1365 -4.81362 -1.1365 -4.81362 0.0275212 0.656819 0.0275212 -0.656819 
1 1 0 13.7429 0.1 4.10932 -1.13665 -4.81469 -1.13665 -4.81469 0.0274587 0.656715 0.0274587 -0.656715 
1 1 0 13.7478 0.1 4.10909 -1.13679 -4.81577 -1.13679 -4.81577 0.0273986 0.65661 0.0273986 -0.65661 
1 1 0 13.7527 0.1 4.10888 -1.13694 -4.81684 -1.13694 -4.81684 0.027341 0.656505 0.027341 -0.656505 
1 1 0 13.7576 0.1 4.10867 -1.13709 -4.81792 -1.13709 -4.81792 0.0272859 0.656399 0.0272859 -0.656399 
1 1 0 13.7625 0.1 4.10847 -1.13724 -4.81899 -1.13724 -4.81899 0.0272332 0.656294 0.0272332 -0.656294 
1 1 0 13.7673 0.1 4.10828 -1.13739 -4.82006 -1.13739 -4.82006 0.027183 0.656189 0.027183 -0.656189 
1 1 0 13.7722 0.1 4.10811 -1.13753 -4.82113 -1.13753 -4.82113 0.0271353 0.656083 0.0271353 -0.656083 
1 1 0 13.7771 0.1 4.10794 -1.13768 -4.8222 -1.13768 -4.8222 0.02709 0.655978 0.02709 -0.655978 
1 1 0 13.782 0.1 4.10778 -1.13783 -4.82327 -1.13783 -4.82327 0.0270472 0.655872 0.0270472 -0.655872 
1 1 0 13.7869 0.1 4.10763 -1.13798 -4.82435 -1.13798 -4.82435 0.0270069 0.655766 0.0270069 -0.655766 
1 1 0 13.7918 0.1 4.1075 -1.13812 -4.82542 -1.13812 -4.82542 0.0269691 0.655661 0.0269691 -0.655661 
1 1 0 13.7966 0.1 4.10737 -1.13827 -4.82649 -1.13827 -4.82649 0.0269337 0.655555 0.0269337 -0.655555 
1 1 0 13.8015 0.1 4.10725 -1.13842 -4.82756 -1.13842 -4.82756 0.0269008 0.655449 0.0269008 -0.655449 
1 1 0 13.8064 0.1 4.10715 -1.13857 -4.82862 -1.13857 -4.82862 0.0268704 0.655343 0.0268704 -0.655343 
1 1 0 13.8113 0.1 4.10705 -1.13871 -4.82969 -1.13871 -4.82969 0.0268424 0.655236 0.0268424 -0.655236 
1 1 0 13.8162 0.1 4.10696 -1.13886 -4.83076 -1.13886 -4.83076 0.0268169 0.65513 0.0268169 -0.65513 
1 1 0 13.821 0.1 4.10689 -1.13901 -4.83183 -1.13901 -4.83183 0.0267939 0.655024 0.0267939 -0.655024 
1 1 0 13.8259 0.1 4.10682 -1.13915 -4.8329 -1.13915 -4.8329 0.0267733 0.654917 0.0267733 -0.654917 
1 1 0 13.8308 0.1 4.10677 -1.1393 -4.83396 -1.1393 -4.83396 0.0267552 0.654811 0.0267552 -0.654811 
1 1 0 13.8357 0.1 4.10672 -1.13945 -4.83503 -1.13945 -4.83503 0.0267396 0.654704 0.0267396 -0.654704 
1 1 0 13.8406 0.1 4.10668 -1.13959 -4.8361 -1.13959 -4.8361 0.0267264 0.654597 0.0267264 -0.654597 
1 1 0 13.8455 0.1 4.10666 -1.13974 -4.83716 -1.13974 -4.83716 0.0267157 0.65449 0.0267157 -0.65449 
1 1 0 13.8503 0.1 4.10664 -1.13989 -4.83823 -1.13989 -4.83823 0.0267074 0.654383 0.0267074 -0.654383 
1 1 0 13.8552 0.1 4.10664 -1.14003 -4.83929 -1.14003 -4.83929 0.0267017 0.654276 0.0267017 -0.654276 
1 1 0 13.8601 0.1 4.10664 -1.14018 -4.84036 -1.14018 -4.84036 0.0266983 0.654169 0.0266983 -0.654169 
1 1 0 13.865 0.1 4.10665 -1.14033 -4.84142 -1.14033 -4.84142 0.0266975 0.654062 0.0266975 -0.654062 
1 1 0 13.8699 0.1 4.10668 -1.14047 -4.84249 -1.14047 -4.84249 0.0266991 0.653955 0.0266991 -0.653955 
1 1 0 13.8748 0.1 4.10671 -1.14062 -4.84355 -1.14062 -4.84355 0.0267032 0.653847 0.0267032 -0.653847 
1 1 0 13.8796 0.1 4.10676 -1.14077 -4.84461 -1.14077 -4.84461 0.0267097 0.65374 0.0267097 -0.65374 
1 1 0 13.8845 0.1 4.10681 -1.14091 -4.84567 -1.14091 -4.84567 0.0267187 0.653632 0.0267187 -0.653632 
1 1 0 13.8894 0.1 4.10688 -1.14106 -4.84674 -1.14106 -4.84674 0.0267301 0.653524 0.0267301 -0.653524 
1 1 0 13.8943 0.1 4.10695 -1.1412 -4.8478 -1.1412 -4.8478 0.026744 0.653416 0.026744 -0.653416 
1 1 0 13.8992 0.1 4.10704 -1.14135 -4.84886 -1.14135 -4.84886 0.0267604 0.653308 0.0267604 -0.653308 
1 1 0 13.9041 0.1 4.10713 -1.1415 -4.84992 -1.1415 -4.84992 0.0267793 0.653201 0.0267793 -0.653201 
1 1 0 13.9089 0.1 4.10724 -1.14164 -4.85098 -1.14164 -4.85098 0.0268006 0.653092 0.0268006 -0.653092 
1 1 0 13.9138 0.1 4.10736 -1.14179 -4.85204 -1.14179 -4.85204 0.0268243 0.652984 0.0268243 -0.652984 
1 1 0 13.9187 0.1 4.10748 -1.14193 -4.8531 -1.14193 -4.8531 0.0268505 0.652876 0.0268505 -0.652876 
1 1 0 13.9236 0.1 4.10762 -1.14208 -4.85416 -1.14208 -4.85416 0.0268791 0.652768 0.0268791 -0.652768 
1 1 0 13.9285 0.1 4.10776 -1.14222 -4.85522 -1.14222 -4.85522 0.0269103 0.652659 0.0269103 -0.652659 
1 1 0 13.9334 0.1 4.10792 -1.14237 -4.85628 -1.14237 -4.85628 0.0269438 0.652551 0.0269438 -0.652551 
1 1 0 13.9383 0.1 4.10809 -1.14252 -4.85734 -1.14252 -4.85734 0.0269799 0.652442 0.0269799 -0.652442 
1 1 0 13.9431 0.1 4.10826 -1.14266 -4.8584 -1.14266 -4.8584 0.0270184 0.652333 0.0270184 -0.652333 
1 1 0 13.948 0.1 4.10845 -1.14281 -4.85945 -1.14281 -4.85945 0.0270594 0.652224 0.0270594 -0.652224 
1 1 0 13.9529 0.1 4.10865 -1.14295 -4.86051 -1.14295 -4.86051 0.0271027 0.652115 0.0271027 -0.652115 
1 1 0 13.9578 0.1 4.10885 -1.1431 -4.86157 -1.1431 -4.86157 0.0271486 0.652006 0.0271486 -0.652006 
1 1 0 13.9627 0.1 4.10907 -1.14324 -4.86262 -1.14324 -4.86262 0.0271969 0.651897 0.0271969 -0.651897 
1 1 0 13.9676 0.1 4.1093 -1.14339 -4.86368 -1.14339 -4.86368 0.0272477 0.651788 0.0272477 -0.651788 
1 1 0 13.9724 0.1 4.10954 -1.14353 -4.86473 -1.14353 -4.86473 0.027301 0.651678 0.027301 -0.651678 
1 1 0 13.9773 0.1 4.10979 -1.14368 -4.86579 -1.14368 -4.86579 0.0273566 0.651569 0.0273566 -0.651569 
1 1 0 13.9822 0.1 4.11004 -1.14382 -4.86684 -1.14382 -4.86684 0.0274148 0.651459 0.0274148 -0.651459 
1 1 0 13.9871 0.1 4.11031 -1.14396 -4.8679 -1.14396 -4.8679 0.0274754 0.65135 0.0274754 -0.65135 
1 1 0 13.992 0.1 4.11059 -1.14411 -4.86895 -1.14411 -4.86895 0.0275385 0.65124 0.0275385 -0.65124 
1 1 0 13.9969 0.1 4.11088 -1.14425 -4.87001 -1.14425 -4.87001 0.027604 0.65113 0.027604 -0.65113 
1 1 0 14.0018 0.1 4.11118 -1.1444 -4.87106 -1.1444 -4.87106 0.0276719 0.65102 0.0276719 -0.65102 
1 1 0 14.0066 0.1 4.11149 -1.14454 -4.87211 -1.14454 -4.87211 0.0277424 0.65091 0.0277424 -0.65091 
1 1 0 14.0115 0.1 4.11181 -1.14469 -4.87316 -1.14469 -4.87316 0.0278152 0.6508 0.0278152 -0.6508 
1 1 0 14.0164 0.1 4.11214 -1.14483 -4.87422 -1.14483 -4.87422 0.0278905 0.65069 0.0278905 -0.65069 
1 1 0 14.0213 0.1 4.11248 -1.14497 -4.87527 -1.14497 -4.87527 0.0279683 0.650579 0.0279683 -0.650579 
1 1 0 14.0262 0.1 4.11283 -1.14512 -4.87632 -1.14512 -4.87632 0.0280486 0.650469 0.0280486 -0.650469 
1 1 0 14.0311 0.1 4.11319 -1.14526 -4.87737 -1.14526 -4.87737 0.0281313 0.650358 0.0281313 -0.650358 
1 1 0 14.036 0.1 4.11357 -1.14541 -4.87842 -1.14541 -4.87842 0.0282164 0.650247 0.0282164 -0.650247 
1 1 0 14.0409 0.1 4.11395 -1.14555 -4.87947 -1.14555 -4.87947 0.028304 0.650136 0.028304 -0.650136 
1 1 0 14.0457 0.1 4.11434 -1.14569 -4.88052 -1.14569 -4.88052 0.028394 0.650026 0.028394 -0.650026 
1 1 0 14.0506 0.1 4.11474 -1.14584 -4.88157 -1.14584 -4.88157 0.0284865 0.649914 0.0284865 -0.649914 
1 1 0 14.0555 0.1 4.11516 -1.14598 -4.88262 -1.14598 -4.88262 0.0285814 0.649803 0.0285814 -0.649803 
1 1 0 14.0604 0.1 4.11558 -1.14613 -4.88366 -1.14613 -4.88366 0.0286789 0.649692 0.0286789 -0.649692 
1 1 0 14.0653 0.1 4.11601 -1.14627 -4.88471 -1.14627 -4.88471 0.0287787 0.64958 0.0287787 -0.64958 
1 1 0 14.0702 0.1 4.11646 -1.14641 -4.88576 -1.14641 -4.88576 0.028881 0.649469 0.028881 -0.649469 
1 1 0 14.0751 0.1 4.11691 -1.14656 -4.88681 -1.14656 -4.88681 0.0289858 0.649357 0.0289858 -0.649357 
1 1 0 14.0799 0.1 4.11738 -1.1467 -4.88785 -1.1467 -4.88785 0.029093 0.649246 0.029093 -0.649246 
1 1 0 14.0848 0.1 4.11785 -1.14684 -4.8889 -1.14684 -4.8889 0.0292027 0.649134 0.0292027 -0.649134 
1 1 0 14.0897 0.1 4.11834 -1.14698 -4.88995 -1.14698 -4.88995 0.0293148 0.649022 0.0293148 -0.649022 
1 1 0 14.0946 0.1 4.11884 -1.14713 -4.89099 -1.14713 -4.89099 0.0294293 0.64891 0.0294293 -0.64891 
1 1 0 14.0995 0.1 4.11934 -1.14727 -4.89204 -1.14727 -4.89204 0.0295463 0.648797 0.0295463 -0.648797 
1 1 0 14.1044 0.1 4.11986 -1.14741 -4.89308 -1.14741 -4.89308 0.0296658 0.648685 0.0296658 -0.648685 
1 1 0 14.1093 0.1 4.12039 -1.14756 -4.89413 -1.14756 -4.89413 0.0297878 0.648572 0.0297878 -0.648572 
1 1 0 14.1142 0.1 4.12093 -1.1477 -4.89517 -1.1477 -4.89517 0.0299121 0.64846 0.0299121 -0.64846 
1 1 0 14.119 0.1 4.12148 -1.14784 -4.89621 -1.14784 -4.89621 0.030039 0.648347 0.030039 -0.648347 
1 1 0 14.1239 0.1 4.12204 -1.14798 -4.89726 -1.14798 -4.89726 0.0301683 0.648234 0.0301683 -0.648234 
1 1 0 14.1288 0.1 4.12261 -1.14813 -4.8983 -1.14813 -4.8983 0.0302999 0.648121 0.0302999 -0.648121 
1 1 0 14.1337 0.1 4.12319 -1.14827 -4.89934 -1.14827 -4.89934 0.0304341 0.648008 0.0304341 -0.648008 
1 1 0 14.1386 0.1 4.12378 -1.14841 -4.90038 -1.14841 -4.90038 0.0305708 0.647894 0.0305708 -0.647894 
1 1 0 14.1435 0.1 4.12438 -1.14855 -4.90142 -1.14855 -4.90142 0.0307099 0.647781 0.0307099 -0.647781 
1 1 0 14.1484 0.1 4.125 -1.1487 -4.90247 -1.1487 -4.90247 0.0308514 0.647667 0.0308514 -0.647667 
1 1 0 14.1533 0.1 4.12562 -1.14884 -4.90351 -1.14884 -4.90351 0.0309954 0.647553 0.0309954 -0.647553 
1 1 0 14.1582 0.1 4.12625 -1.14898 -4.90455 -1.14898 -4.90455 0.0311418 0.647439 0.0311418 -0.647439 
1 1 0 14.163 0.1 4.1269 -1.14912 -4.90559 -1.14912 -4.90559 0.0312908 0.647325 0.0312908 -0.647325 
1 1 0 14.1679 0.1 4.12755 -1.14926 -4.90663 -1.14926 -4.90663 0.0314421 0.647211 0.0314421 -0.647211 
1 1 0 14.1728 0.1 4.12822 -1.14941 -4.90767 -1.14941 -4.90767 0.0315959 0.647097 0.0315959 -0.647097 
1 1 0 14.1777 0.1 4.1289 -1.14955 -4.9087 -1.14955 -4.9087 0.0317522 0.646982 0.0317522 -0.646982 
1 1 0 14.1826 0.1 4.12959 -1.14969 -4.90974 -1.14969 -4.90974 0.0319109 0.646868 0.0319109 -0.646868 
1 1 0 14.1875 0.1 4.13028 -1.14983 -4.91078 -1.14983 -4.91078 0.0320721 0.646753 0.0320721 -0.646753 
1 1 0 14.1924 0.1 4.13099 -1.14997 -4.91182 -1.14997 -4.91182 0.0322357 0.646638 0.0322357 -0.646638 
1 1 0 14.1973 0.1 4.13171 -1.15012 -4.91285 -1.15012 -4.91285 0.0324017 0.646523 0.0324017 -0.646523 
1 1 0 14.2022 0.1 4.13244 -1.15026 -4.91389 -1.15026 -4.91389 0.0325702 0.646407 0.0325702 -0.646407 
1 1 0 14.207 0.1 4.13319 -1.1504 -4.91493 -1.1504 -4.91493 0.0327413 0.646292 0.0327413 -0.646292 
1 1 0 14.2119 0.1 4.13394 -1.15054 -4.91596 -1.15054 -4.91596 0.0329147 0.646176 0.0329147 -0.646176 
1 1 0 14.2168 0.1 4.1347 -1.15068 -4.917 -1.15068 -4.917 0.0330906 0.646061 0.0330906 -0.646061 
1 1 0 14.2217 0.1 4.13548 -1.15082 -4.91803 -1.15082 -4.91803 0.0332689 0.645945 0.0332689 -0.645945 
1 1 0 14.2266 0.1 4.13626 -1.15096 -4.91907 -1.15096 -4.91907 0.0334497 0.645828 0.0334497 -0.645828 
1 1 0 14.2315 0.1 4.13706 -1.1511 -4.9201 -1.1511 -4.9201 0.033633 0.645712 0.033633 -0.645712 
1 1 0 14.2364 0.1 4.13787 -1.15124 -4.92114 -1.15124 -4.92114 0.0338187 0.645596 0.0338187 -0.645596 
1 1 0 14.2413 0.1 4.13868 -1.15139 -4.92217 -1.15139 -4.92217 0.0340069 0.645479 0.0340069 -0.645479 
1 1 0 14.2462 0.1 4.13951 -1.15153 -4.9232 -1.15153 -4.9232 0.0341975 0.645362 0.0341975 -0.645362 
1 1 0 14.251 0.1 4.14035 -1.15167 -4.92424 -1.15167 -4.92424 0.0343906 0.645245 0.0343906 -0.645245 
1 1 0 14.2559 0.1 4.1412 -1.15181 -4.92527 -1.15181 -4.92527 0.0345861 0.645128 0.0345861 -0.645128 
1 1 0 14.2608 0.1 4.14207 -1.15195 -4.9263 -1.15195 -4.9263 0.0347841 0.64501 0.0347841 -0.64501 
1 1 0 14.2657 0.1 4.14294 -1.15209 -4.92733 -1.15209 -4.92733 0.0349846 0.644893 0.0349846 -0.644893 
1 1 0 14.2706 0.1 4.14382 -1.15223 -4.92836 -1.15223 -4.92836 0.0351875 0.644775 0.0351875 -0.644775 
1 1 0 14.2755 0.1 4.14472 -1.15237 -4.92939 -1.15237 -4.92939 0.0353928 0.644657 0.0353928 -0.644657 
1 1 0 14.2804 0.1 4.14563 -1.15251 -4.93043 -1.15251 -4.93043 0.0356006 0.644539 0.0356006 -0.644539 
1 1 0 14.2853 0.1 4.14654 -1.15265 -4.93146 -1.15265 -4.93146 0.0358109 0.644421 0.0358109 -0.644421 
1 1 0 14.2902 0.1 4.14747 -1.15279 -4.93248 -1.15279 -4.93248 0.0360237 0.644302 0.0360237 -0.644302 
1 1 0 14.2951 0.1 4.14841 -1.15293 -4.93351 -1.15293 -4.93351 0.0362389 0.644183 0.0362389 -0.644183 
1 1 0 14.3 0.1 4.14936 -1.15307 -4.93454 -1.15307 -4.93454 0.0364566 0.644064 0.0364566 -0.644064 
1 1 0 14.3048 0.1 4.15033 -1.15321 -4.93557 -1.15321 -4.93557 0.0366767 0.643945 0.0366767 -0.643945 
1 1 0 14.3097 0.1 4.1513 -1.15335 -4.9366 -1.15335 -4.9366 0.0368993 0.643826 0.0368993 -0.643826 
1 1 0 14.3146 0.1 4.15229 -1.15349 -4.93763 -1.15349 -4.93763 0.0371243 0.643706 0.0371243 -0.643706 
1 1 0 14.3195 0.1 4.15328 -1.15363 -4.93865 -1.15363 -4.93865 0.0373518 0.643586 0.0373518 -0.643586 
1 1 0 14.3244 0.1 4.15429 -1.15377 -4.93968 -1.15377 -4.93968 0.0375818 0.643466 0.0375818 -0.643466 
1 1 0 14.3293 0.1 4.15531 -1.15391 -4.94071 -1.15391 -4.94071 0.0378142 0.643346 0.0378142 -0.643346 
1 1 0 14.3342 0.1 4.15634 -1.15405 -4.94173 -1.15405 -4.94173 0.0380491 0.643225 0.0380491 -0.643225 
1 1 0 14.3391 0.1 4.15738 -1.15419 -4.94276 -1.15419 -4.94276 0.0382865 0.643104 0.0382865 -0.643104 
1 1 0 14.344 0.1 4.15843 -1.15433 -4.94378 -1.15433 -4.94378 0.0385263 0.642983 0.0385263 -0.642983 
1 1 0 14.3489 0.1 4.1595 -1.15447 -4.94481 -1.15447 -4.94481 0.0387686 0.642862 0.0387686 -0.642862 
1 1 0 14.3538 0.1 4.16058 -1.15461 -4.94583 -1.15461 -4.94583 0.0390133 0.642741 0.0390133 -0.642741 
1 1 0 14.3587 0.1 4.16166 -1.15475 -4.94686 -1.15475 -4.94686 0.0392605 0.642619 0.0392605 -0.642619 
1 1 0 14.3635 0.1 4.16276 -1.15488 -4.94788 -1.15488 -4.94788 0.0395103 0.642497 0.0395103 -0.642497 
1 1 0 14.3684 0.1 4.16387 -1.15502 -4.9489 -1.15502 -4.9489 0.0397624 0.642375 0.0397624 -0.642375 
1 1 0 14.3733 0.1 4.165 -1.15516 -4.94993 -1.15516 -4.94993 0.0400171 0.642252 0.0400171 -0.642252 
1 1 0 14.3782 0.1 4.16613 -1.1553 -4.95095 -1.1553 -4.95095 0.0402741 0.64213 0.0402741 -0.64213 
1 1 0 14.3831 0.1 4.16728 -1.15544 -4.95197 -1.15544 -4.95197 0.0405337 0.642007 0.0405337 -0.642007 
1 1 0 14.388 0.1 4.16843 -1.15558 -4.95299 -1.15558 -4.95299 0.0407957 0.641883 0.0407957 -0.641883 
1 1 0 14.3929 0.1 4.1696 -1.15572 -4.95401 -1.15572 -4.95401 0.0410602 0.64176 0.0410602 -0.64176 
1 1 0 14.3978 0.1 4.17078 -1.15586 -4.95503 -1.15586 -4.95503 0.0413272 0.641636 0.0413272 -0.641636 
1 1 0 14.4027 0.1 4.17198 -1.15599 -4.95605 -1.15599 -4.95605 0.0415966 0.641512 0.0415966 -0.641512 
1 1 0 14.4076 0.1 4.17318 -1.15613 -4.95707 -1.15613 -4.95707 0.0418686 0.641388 0.0418686 -0.641388 
1 1 0 14.4125 0.1 4.1744 -1.15627 -4.95809 -1.15627 -4.95809 0.042143 0.641263 0.042143 -0.641263 
1 1 0 14.4174 0.1 4.17562 -1.15641 -4.95911 -1.15641 -4.95911 0.0424198 0.641138 0.0424198 -0.641138 
1 1 0 14.4223 0.1 4.17687 -1.15655 -4.96013 -1.15655 -4.96013 0.0426992 0.641013 0.0426992 -0.641013 
1 1 0 14.4272 0.1 4.17812 -1.15669 -4.96115 -1.15669 -4.96115 0.042981 0.640888 0.042981 -0.640888 
1 1 0 14.432 0.1 4.17938 -1.15682 -4.96217 -1.15682 -4.96217 0.0432653 0.640762 0.0432653 -0.640762 
1 1 0 14.4369 0.1 4.18066 -1.15696 -4.96318 -1.15696 -4.96318 0.043552 0.640636 0.043552 -0.640636 
1 1 0 14.4418 0.1 4.18194 -1.1571 -4.9642 -1.1571 -4.9642 0.0438413 0.64051 0.0438413 -0.64051 
1 1 0 14.4467 0.1 4.18324 -1.15724 -4.96522 -1.15724 -4.96522 0.044133 0.640383 0.044133 -0.640383 
1 1 0 14.4516 0.1 4.18456 -1.15738 -4.96623 -1.15738 -4.96623 0.0444272 0.640256 0.0444272 -0.640256 
1 1 0 14.4565 0.1 4.18588 -1.15751 -4.96725 -1.15751 -4.96725 0.0447239 0.640129 0.0447239 -0.640129 
1 1 0 14.4614 0.1 4.18722 -1.15765 -4.96826 -1.15765 -4.96826 0.0450231 0.640002 0.0450231 -0.640002 
1 1 0 14.4663 0.1 4.18857 -1.15779 -4.96928 -1.15779 -4.96928 0.0453247 0.639874 0.0453247 -0.639874 
1 1 0 14.4712 0.1 4.18993 -1.15793 -4.97029 -1.15793 -4.97029 0.0456288 0.639746 0.0456288 -0.639746 
1 1 0 14.4761 0.1 4.1913 -1.15806 -4.97131 -1.15806 -4.97131 0.0459354 0.639617 0.0459354 -0.639617 
1 1 0 14.481 0.1 4.19268 -1.1582 -4.97232 -1.1582 -4.97232 0.0462445 0.639488 0.0462445 -0.639488 
1 1 0 14.4859 0.1 4.19408 -1.15834 -4.97333 -1.15834 -4.97333 0.0465561 0.639359 0.0465561 -0.639359 
1 1 0 14.4908 0.1 4.19549 -1.15847 -4.97435 -1.15847 -4.97435 0.0468702 0.63923 0.0468702 -0.63923 
1 1 0 14.4957 0.1 4.19691 -1.15861 -4.97536 -1.15861 -4.97536 0.0471868 0.6391 0.0471868 -0.6391 
1 1 0 14.5006 0.1 4.19835 -1.15875 -4.97637 -1.15875 -4.97637 0.0475058 0.63897 0.0475058 -0.63897 
1 1 0 14.5055 0.1 4.19979 -1.15889 -4.97738 -1.15889 -4.97738 0.0478273 0.638839 0.0478273 -0.638839 
1 1 0 14.5104 0.1 4.20125 -1.15902 -4.9784 -1.15902 -4.9784 0.0481513 0.638708 0.0481513 -0.638708 
1 1 0 14.5152 0.1 4.20273 -1.15916 -4.97941 -1.15916 -4.97941 0.0484779 0.638577 0.0484779 -0.638577 
1 1 0 14.5201 0.1 4.20421 -1.1593 -4.98042 -1.1593 -4.98042 0.0488069 0.638445 0.0488069 -0.638445 
1 1 0 14.525 0.1 4.20571 -1.15943 -4.98143 -1.15943 -4.98143 0.0491384 0.638314 0.0491384 -0.638314 
1 1 0 14.5299 0.1 4.20722 -1.15957 -4.98244 -1.15957 -4.98244 0.0494724 0.638181 0.0494724 -0.638181 
1 1 0 14.5348 0.1 4.20874 -1.15971 -4.98344 -1.15971 -4.98344 0.0498089 0.638049 0.0498089 -0.638049 
1 1 0 14.5397 0.1 4.21027 -1.15984 -4.98445 -1.15984 -4.98445 0.0501479 0.637915 0.0501479 -0.637915 
1 1 0 14.5446 0.1 4.21182 -1.15998 -4.98546 -1.15998 -4.98546 0.0504893 0.637782 0.0504893 -0.637782 
1 1 0 14.5495 0.1 4.21338 -1.16011 -4.98647 -1.16011 -4.98647 0.0508334 0.637648 0.0508334 -0.637648 
1 1 0 14.5544 0.1 4.21496 -1.16025 -4.98748 -1.16025 -4.98748 0.0511798 0.637514 0.0511798 -0.637514 
1 1 0 14.5593 0.1 4.21654 -1.16039 -4.98848 -1.16039 -4.98848 0.0515288 0.637379 0.0515288 -0.637379 
1 1 0 14.5642 0.1 4.21814 -1.16052 -4.98949 -1.16052 -4.98949 0.0518803 0.637244 0.0518803 -0.637244 
1 1 0 14.5691 0.1 4.21976 -1.16066 -4.9905 -1.16066 -4.9905 0.0522343 0.637109 0.0522343 -0.637109 
1 1 0 14.574 0.1 4.22138 -1.1608 -4.9915 -1.1608 -4.9915 0.0525908 0.636973 0.0525908 -0.636973 
1 1 0 14.5789 0.1 4.22302 -1.16093 -4.99251 -1.16093 -4.99251 0.0529498 0.636837 0.0529498 -0.636837 
1 1 0 14.5838 0.1 4.22467 -1.16107 -4.99351 -1.16107 -4.99351 0.0533113 0.6367 0.0533113 -0.6367 
1 1 0 14.5887 0.1 4.22633 -1.1612 -4.99452 -1.1612 -4.99452 0.0536753 0.636563 0.0536753 -0.636563 
1 1 0 14.5936 0.1 4.22801 -1.16134 -4.99552 -1.16134 -4.99552 0.0540419 0.636426 0.0540419 -0.636426 
1 1 0 14.5985 0.1 4.2297 -1.16147 -4.99653 -1.16147 -4.99653 0.0544109 0.636288 0.0544109 -0.636288 
1 1 0 14.6034 0.1 4.23141 -1.16161 -4.99753 -1.16161 -4.99753 0.0547825 0.63615 0.0547825 -0.63615 
1 1 0 14.6083 0.1 4.23312 -1.16174 -4.99853 -1.16174 -4.99853 0.0551566 0.636011 0.0551566 -0.636011 
1 1 0 14.6132 0.1 4.23486 -1.16188 -4.99953 -1.16188 -4.99953 0.0555331 0.635872 0.0555331 -0.635872 
1 1 0 14.6181 0.1 4.2366 -1.16202 -5.00054 -1.16202 -5.00054 0.0559123 0.635732 0.0559123 -0.635732 
1 1 0 14.623 0.1 4.23836 -1.16215 -5.00154 -1.16215 -5.00154 0.0562939 0.635592 0.0562939 -0.635592 
1 1 0 14.6279 0.1 4.24013 -1.16229 -5.00254 -1.16229 -5.00254 0.056678 0.635451 0.056678 -0.635451 
1 1 0 14.6327 0.1 4.24191 -1.16242 -5.00354 -1.16242 -5.00354 0.0570647 0.63531 0.0570647 -0.63531 
1 1 0 14.6376 0.1 4.24371 -1.16256 -5.00454 -1.16256 -5.00454 0.0574539 0.635169 0.0574539 -0.635169 
1 1 0 14.6425 0.1 4.24552 -1.16269 -5.00554 -1.16269 -5.00554 0.0578456 0.635027 0.0578456 -0.635027 
1 1 0 14.6474 0.1 4.24735 -1.16282 -5.00654 -1.16282 -5.00654 0.0582398 0.634884 0.0582398 -0.634884 
1 1 0 14.6523 0.1 4.24919 -1.16296 -5.00754 -1.16296 -5.00754 0.0586366 0.634741 0.0586366 -0.634741 
1 1 0 14.6572 0.1 4.25104 -1.16309 -5.00854 -1.16309 -5.00854 0.0590359 0.634598 0.0590359 -0.634598 
1 1 0 14.6621 0.1 4.25291 -1.16323 -5.00953 -1.16323 -5.00953 0.0594377 0.634454 0.0594377 -0.634454 
1 1 0 14.667 0.1 4.25479 -1.16336 -5.01053 -1.16336 -5.01053 0.059842 0.634309 0.059842 -0.634309 
1 1 0 14.6719 0.1 4.25668 -1.1635 -5.01153 -1.1635 -5.01153 0.0602489 0.634164 0.0602489 -0.634164 
1 1 0 14.6768 0.1 4.25859 -1.16363 -5.01253 -1.16363 -5.01253 0.0606583 0.634019 0.0606583 -0.634019 
1 1 0 14.6817 0.1 4.26051 -1.16377 -5.01352 -1.16377 -5.01352 0.0610703 0.633873 0.0610703 -0.633873 
1 1 0 14.6866 0.1 4.26245 -1.1639 -5.01452 -1.1639 -5.01452 0.0614848 0.633726 0.0614848 -0.633726 
1 1 0 14.6915 0.1 4.2644 -1.16403 -5.01551 -1.16403 -5.01551 0.0619019 0.633579 0.0619019 -0.633579 
1 1 0 14.6964 0.1 4.26637 -1.16417 -5.01651 -1.16417 -5.01651 0.0623214 0.633432 0.0623214 -0.633432 
1 1 0 14.7013 0.1 4.26835 -1.1643 -5.0175 -1.1643 -5.0175 0.0627436 0.633284 0.0627436 -0.633284 
1 1 0 14.7062 0.1 4.27034 -1.16444 -5.0185 -1.16444 -5.0185 0.0631682 0.633135 0.0631682 -0.633135 
1 1 0 14.7111 0.1 4.27235 -1.16457 -5.01949 -1.16457 -5.01949 0.0635954 0.632986 0.0635954 -0.632986 
1 1 0 14.716 0.1 4.27437 -1.1647 -5.02048 -1.1647 -5.02048 0.0640252 0.632836 0.0640252 -0.632836 
1 1 0 14.7209 0.1 4.27641 -1.16484 -5.02148 -1.16484 -5.02148 0.0644575 0.632686 0.0644575 -0.632686 
1 1 0 14.7258 0.1 4.27846 -1.16497 -5.02247 -1.16497 -5.02247 0.0648924 0.632535 0.0648924 -0.632535 
1 1 0 14.7307 0.1 4.28052 -1.1651 -5.02346 -1.1651 -5.02346 0.0653298 0.632383 0.0653298 -0.632383 
1 1 0 14.7356 0.1 4.2826 -1.16524 -5.02445 -1.16524 -5.02445 0.0657698 0.632231 0.0657698 -0.632231 
1 1 0 14.7405 0.1 4.2847 -1.16537 -5.02544 -1.16537 -5.02544 0.0662123 0.632079 0.0662123 -0.632079 
1 1 0 14.7454 0.1 4.28681 -1.1655 -5.02644 -1.1655 -5.02644 0.0666574 0.631926 0.0666574 -0.631926 
1 1 0 14.7503 0.1 4.28893 -1.16564 -5.02743 -1.16564 -5.02743 0.067105 0.631772 0.067105 -0.631772 
1 1 0 14.7552 0.1 4.29107 -1.16577 -5.02842 -1.16577 -5.02842 0.0675553 0.631617 0.0675553 -0.631617 
1 1 0 14.7601 0.1 4.29323 -1.1659 -5.0294 -1.1659 -5.0294 0.0680081 0.631462 0.0680081 -0.631462 
1 1 0 14.765 0.1 4.2954 -1.16604 -5.03039 -1.16604 -5.03039 0.0684635 0.631307 0.0684635 -0.631307 
1 1 0 14.7699 0.1 4.29758 -1.16617 -5.03138 -1.16617 -5.03138 0.0689214 0.63115 0.0689214 -0.63115 
1 1 0 14.7748 0.1 4.29978 -1.1663 -5.03237 -1.1663 -5.03237 0.0693819 0.630994 0.0693819 -0.630994 
1 1 0 14.7797 0.1 4.302 -1.16644 -5.03336 -1.16644 -5.03336 0.0698449 0.630836 0.0698449 -0.630836 
1 1 0 14.7846 0.1 4.30423 -1.16657 -5.03434 -1.16657 -5.03434 0.0703106 0.630678 0.0703106 -0.630678 
1 1 0 14.7895 0.1 4.30647 -1.1667 -5.03533 -1.1667 -5.03533 0.0707788 0.630519 0.0707788 -0.630519 
1 1 0 14.7944 0.1 4.30873 -1.16683 -5.03632 -1.16683 -5.03632 0.0712497 0.63036 0.0712497 -0.63036 
1 1 0 14.7993 0.1 4.31101 -1.16697 -5.0373 -1.16697 -5.0373 0.0717231 0.630199 0.0717231 -0.630199 
1 1 0 14.8042 0.1 4.3133 -1.1671 -5.03829 -1.1671 -5.03829 0.072199 0.630039 0.072199 -0.630039 
1 1 0 14.8091 0.1 4.31561 -1.16723 -5.03927 -1.16723 -5.03927 0.0726776 0.629877 0.0726776 -0.629877 
1 1 0 14.814 0.1 4.31793 -1.16736 -5.04026 -1.16736 -5.04026 0.0731587 0.629715 0.0731587 -0.629715 
1 1 0 14.8189 0.1 4.32027 -1.16749 -5.04124 -1.16749 -5.04124 0.0736425 0.629552 0.0736425 -0.629552 
1 1 0 14.8238 0.1 4.32263 -1.16763 -5.04222 -1.16763 -5.04222 0.0741288 0.629389 0.0741288 -0.629389 
1 1 0 14.8287 0.1 4.325 -1.16776 -5.04321 -1.16776 -5.04321 0.0746178 0.629224 0.0746178 -0.629224 
1 1 0 14.8336 0.1 4.32738 -1.16789 -5.04419 -1.16789 -5.04419 0.0751093 0.62906 0.0751093 -0.62906 
1 1 0 14.8385 0.1 4.32979 -1.16802 -5.04517 -1.16802 -5.04517 0.0756034 0.628894 0.0756034 -0.628894 
1 1 0 14.8434 0.1 4.3322 -1.16815 -5.04615 -1.16815 -5.04615 0.0761002 0.628728 0.0761002 -0.628728 
1 1 0 14.8483 0.1 4.33464 -1.16829 -5.04714 -1.16829 -5.04714 0.0765995 0.62856 0.0765995 -0.62856 
1 1 0 14.8532 0.1 4.33709 -1.16842 -5.04812 -1.16842 -5.04812 0.0771015 0.628393 0.0771015 -0.628393 
1 1 0 14.8581 0.1 4.33956 -1.16855 -5.0491 -1.16855 -5.0491 0.0776061 0.628224 0.0776061 -0.628224 
1 1 0 14.863 0.1 4.34204 -1.16868 -5.05008 -1.16868 -5.05008 0.0781132 0.628055 0.0781132 -0.628055 
1 1 0 14.8679 0.1 4.34454 -1.16881 -5.05106 -1.16881 -5.05106 0.078623 0.627885 0.078623 -0.627885 
1 1 0 14.8728 0.1 4.34706 -1.16894 -5.05203 -1.16894 -5.05203 0.0791354 0.627714 0.0791354 -0.627714 
1 1 0 14.8777 0.1 4.34959 -1.16907 -5.05301 -1.16907 -5.05301 0.0796505 0.627542 0.0796505 -0.627542 
1 1 0 14.8826 0.1 4.35214 -1.16921 -5.05399 -1.16921 -5.05399 0.0801682 0.62737 0.0801682 -0.62737 
1 1 0 14.8875 0.1 4.35471 -1.16934 -5.05497 -1.16934 -5.05497 0.0806884 0.627197 0.0806884 -0.627197 
1 1 0 14.8924 0.1 4.35729 -1.16947 -5.05594 -1.16947 -5.05594 0.0812114 0.627023 0.0812114 -0.627023 
1 1 0 14.8973 0.1 4.35989 -1.1696 -5.05692 -1.1696 -5.05692 0.0817369 0.626848 0.0817369 -0.626848 
1 1 0 14.9022 0.1 4.36251 -1.16973 -5.0579 -1.16973 -5.0579 0.0822651 0.626672 0.0822651 -0.626672 
1 1 0 14.9071 0.1 4.36514 -1.16986 -5.05887 -1.16986 -5.05887 0.0827959 0.626496 0.0827959 -0.626496 
1 1 0 14.912 0.1 4.36779 -1.16999 -5.05985 -1.16999 -5.05985 0.0833294 0.626319 0.0833294 -0.626319 
1 1 0 14.9169 0.1 4.37046 -1.17012 -5.06082 -1.17012 -5.06082 0.0838655 0.626141 0.0838655 -0.626141 
1 1 0 14.9218 0.1 4.37315 -1.17025 -5.0618 -1.17025 -5.0618 0.0844043 0.625962 0.0844043 -0.625962 
1 1 0 14.9267 0.1 4.37585 -1.17038 -5.06277 -1.17038 -5.06277 0.0849456 0.625782 0.0849456 -0.625782 
1 1 0 14.9316 0.1 4.37857 -1.17051 -5.06374 -1.17051 -5.06374 0.0854897 0.625601 0.0854897 -0.625601 
1 1 0 14.9365 0.1 4.38131 -1.17064 -5.06472 -1.17064 -5.06472 0.0860364 0.62542 0.0860364 -0.62542 
1 1 0 14.9414 0.1 4.38407 -1.17077 -5.06569 -1.17077 -5.06569 0.0865858 0.625238 0.0865858 -0.625238 
1 1 0 14.9463 0.1 4.38684 -1.1709 -5.06666 -1.1709 -5.06666 0.0871378 0.625055 0.0871378 -0.625055 
1 1 0 14.9513 0.1 4.38963 -1.17103 -5.06763 -1.17103 -5.06763 0.0876925 0.62487 0.0876925 -0.62487 
1 1 0 14.9562 0.1 4.39244 -1.17116 -5.0686 -1.17116 -5.0686 0.0882499 0.624685 0.0882499 -0.624685 
1 1 0 14.9611 0.1 4.39527 -1.17129 -5.06957 -1.17129 -5.06957 0.0888099 0.624499 0.0888099 -0.624499 
1 1 0 14.966 0.1 4.39811 -1.17142 -5.07054 -1.17142 -5.07054 0.0893726 0.624313 0.0893726 -0.624313 
1 1 0 14.9709 0.1 4.40098 -1.17155 -5.07151 -1.17155 -5.07151 0.089938 0.624125 0.089938 -0.624125 
1 1 0 14.9758 0.1 4.40386 -1.17168 -5.07248 -1.17168 -5.07248 0.0905061 0.623936 0.0905061 -0.623936 
1 1 0 14.9807 0.1 4.40676 -1.17181 -5.07345 -1.17181 -5.07345 0.0910768 0.623747 0.0910768 -0.623747 
1 1 0 14.9856 0.1 4.40968 -1.17194 -5.07442 -1.17194 -5.07442 0.0916502 0.623556 0.0916502 -0.623556 
1 1 0 14.9905 0.1 4.41262 -1.17207 -5.07538 -1.17207 -5.07538 0.0922264 0.623365 0.0922264 -0.623365 
1 1 0 14.9954 0.1 4.41558 -1.1722 -5.07635 -1.1722 -5.07635 0.0928052 0.623172 0.0928052 -0.623172 
1 1 0 15.0003 0.1 4.41855 -1.17233 -5.07732 -1.17233 -5.07732 0.0933867 0.622979 0.0933867 -0.622979 
1 1 0 15.0052 0.1 4.42155 -1.17246 -5.07828 -1.17246 -5.07828 0.0939709 0.622784 0.0939709 -0.622784 
1 1 0 15.0101 0.1 4.42456 -1.17259 -5.07925 -1.17259 -5.07925 0.0945579 0.622589 0.0945579 -0.622589 
1 1 0 15.015 0.1 4.42759 -1.17272 -5.08021 -1.17272 -5.08021 0.0951475 0.622392 0.0951475 -0.622392 
1 1 0 15.0199 0.1 4.43065 -1.17285 -5.08118 -1.17285 -5.08118 0.0957398 0.622195 0.0957398 -0.622195 
1 1 0 15.0248 0.1 4.43372 -1.17297 -5.08214 -1.17297 -5.08214 0.0963349 0.621996 0.0963349 -0.621996 
1 1 0 15.0297 0.1 4.43681 -1.1731 -5.0831 -1.1731 -5.0831 0.0969326 0.621797 0.0969326 -0.621797 
1 1 0 15.0346 0.1 4.43992 -1.17323 -5.08407 -1.17323 -5.08407 0.0975331 0.621596 0.0975331 -0.621596 
1 1 0 15.0395 0.1 4.44305 -1.17336 -5.08503 -1.17336 -5.08503 0.0981363 0.621395 0.0981363 -0.621395 
1 1 0 15.0444 0.1 4.4462 -1.17349 -5.08599 -1.17349 -5.08599 0.0987423 0.621192 0.0987423 -0.621192 
1 1 0 15.0493 0.1 4.44937 -1.17362 -5.08695 -1.17362 -5.08695 0.099351 0.620988 0.099351 -0.620988 
1 1 0 15.0542 0.1 4.45256 -1.17375 -5.08791 -1.17375 -5.08791 0.0999624 0.620784 0.0999624 -0.620784 
1 1 0 15.0591 0.1 4.45577 -1.17387 -5.08887 -1.17387 -5.08887 0.100577 0.620578 0.100577 -0.620578 
1 1 0 15.064 0.1 4.459 -1.174 -5.08983 -1.174 -5.08983 0.101193 0.620371 0.101193 -0.620371 
1 1 0 15.069 0.1 4.46225 -1.17413 -5.09079 -1.17413 -5.09079 0.101813 0.620163 0.101813 -0.620163 
1 1 0 15.0739 0.1 4.46552 -1.17426 -5.09175 -1.17426 -5.09175 0.102436 0.619954 0.102436 -0.619954 
1 1 0 15.0788 0.1 4.46881 -1.17439 -5.09271 -1.17439 -5.09271 0.103061 0.619743 0.103061 -0.619743 
1 1 0 15.0837 0.1 4.47212 -1.17451 -5.09367 -1.17451 -5.09367 0.103689 0.619532 0.103689 -0.619532 
1 1 0 15.0886 0.1 4.47546 -1.17464 -5.09462 -1.17464 -5.09462 0.104319 0.619319 0.104319 -0.619319 
1 1 0 15.0935 0.1 4.47881 -1.17477 -5.09558 -1.17477 -5.09558 0.104953 0.619105 0.104953 -0.619105 
1 1 0 15.0984 0.1 4.48218 -1.1749 -5.09654 -1.1749 -5.09654 0.105589 0.61889 0.105589 -0.61889 
1 1 0 15.1033 0.1 4.48558 -1.17502 -5.09749 -1.17502 -5.09749 0.106228 0.618674 0.106228 -0.618674 
1 1 0 15.1082 0.1 4.489 -1.17515 -5.09845 -1.17515 -5.09845 0.10687 0.618457 0.10687 -0.618457 
1 1 0 15.1131 0.1 4.49244 -1.17528 -5.0994 -1.17528 -5.0994 0.107514 0.618239 0.107514 -0.618239 
1 1 0 15.118 0.1 4.4959 -1.17541 -5.10036 -1.17541 -5.10036 0.108162 0.618019 0.108162 -0.618019 
1 1 0 15.1229 0.1 4.49938 -1.17553 -5.10131 -1.17553 -5.10131 0.108812 0.617798 0.108812 -0.617798 
1 1 0 15.1278 0.1 4.50288 -1.17566 -5.10226 -1.17566 -5.10226 0.109465 0.617576 0.109465 -0.617576 
1 1 0 15.1327 0.1 4.50641 -1.17579 -5.10321 -1.17579 -5.10321 0.110121 0.617352 0.110121 -0.617352 
1 1 0 15.1376 0.1 4.50996 -1.17591 -5.10417 -1.17591 -5.10417 0.110779 0.617128 0.110779 -0.617128 
1 1 0 15.1425 0.1 4.51353 -1.17604 -5.10512 -1.17604 -5.10512 0.111441 0.616902 0.111441 -0.616902 
1 1 0 15.1475 0.1 4.51712 -1.17617 -5.10607 -1.17617 -5.10607 0.112105 0.616675 0.112105 -0.616675 
1 1 0 15.1524 0.1 4.52074 -1.17629 -5.10702 -1.17629 -5.10702 0.112772 0.616446 0.112772 -0.616446 
1 1 0 15.1573 0.1 4.52438 -1.17642 -5.10797 -1.17642 -5.10797 0.113442 0.616216 0.113442 -0.616216 
1 1 0 15.1622 0.1 4.52804 -1.17655 -5.10892 -1.17655 -5.10892 0.114114 0.615985 0.114114 -0.615985 
1 1 0 15.1671 0.1 4.53172 -1.17667 -5.10987 -1.17667 -5.10987 0.11479 0.615753 0.11479 -0.615753 
1 1 0 15.172 0.1 4.53543 -1.1768 -5.11081 -1.1768 -5.11081 0.115468 0.615519 0.115468 -0.615519 
1 1 0 15.1769 0.1 4.53916 -1.17693 -5.11176 -1.17693 -5.11176 0.116149 0.615284 0.116149 -0.615284 
1 1 0 15.1818 0.1 4.54291 -1.17705 -5.11271 -1.17705 -5.11271 0.116833 0.615047 0.116833 -0.615047 
1 1 0 15.1867 0.1 4.54669 -1.17718 -5.11365 -1.17718 -5.11365 0.11752 0.61481 0.11752 -0.61481 
1 1 0 15.1916 0.1 4.55049 -1.17731 -5.1146 -1.17731 -5.1146 0.11821 0.61457 0.11821 -0.61457 
1 1 0 15.1965 0.1 4.55432 -1.17743 -5.11555 -1.17743 -5.11555 0.118903 0.61433 0.118903 -0.61433 
1 1 0 15.2014 0.1 4.55816 -1.17756 -5.11649 -1.17756 -5.11649 0.119598 0.614088 0.119598 -0.614088 
1 1 0 15.2063 0.1 4.56204 -1.17768 -5.11743 -1.17768 -5.11743 0.120297 0.613844 0.120297 -0.613844 
1 1 0 15.2113 0.1 4.56593 -1.17781 -5.11838 -1.17781 -5.11838 0.120998 0.613599 0.120998 -0.613599 
1 1 0 15.2162 0.1 4.56986 -1.17793 -5.11932 -1.17793 -5.11932 0.121702 0.613353 0.121702 -0.613353 
1 1 0 15.2211 0.1 4.5738 -1.17806 -5.12026 -1.17806 -5.12026 0.122409 0.613105 0.122409 -0.613105 
1 1 0 15.226 0.1 4.57778 -1.17818 -5.12121 -1.17818 -5.12121 0.123119 0.612856 0.123119 -0.612856 
1 1 0 15.2309 0.1 4.58177 -1.17831 -5.12215 -1.17831 -5.12215 0.123832 0.612605 0.123832 -0.612605 
1 1 0 15.2358 0.1 4.58579 -1.17844 -5.12309 -1.17844 -5.12309 0.124548 0.612353 0.124548 -0.612353 
1 1 0 15.2407 0.1 4.58984 -1.17856 -5.12403 -1.17856 -5.12403 0.125266 0.612099 0.125266 -0.612099 
1 1 0 15.2456 0.1 4.59391 -1.17869 -5.12497 -1.17869 -5.12497 0.125988 0.611844 0.125988 -0.611844 
1 1 0 15.2505 0.1 4.59801 -1.17881 -5.12591 -1.17881 -5.12591 0.126713 0.611587 0.126713 -0.611587 
1 1 0 15.2554 0.1 4.60214 -1.17894 -5.12684 -1.17894 -5.12684 0.12744 0.611329 0.12744 -0.611329 
1 1 0 15.2603 0.1 4.60629 -1.17906 -5.12778 -1.17906 -5.12778 0.128171 0.611069 0.128171 -0.611069 
1 1 0 15.2653 0.1 4.61046 -1.17918 -5.12872 -1.17918 -5.12872 0.128904 0.610808 0.128904 -0.610808 
1 1 0 15.2702 0.1 4.61467 -1.17931 -5.12966 -1.17931 -5.12966 0.12964 0.610544 0.12964 -0.610544 
1 1 0 15.2751 0.1 4.6189 -1.17943 -5.13059 -1.17943 -5.13059 0.130379 0.61028 0.130379 -0.61028 
1 1 0 15.28 0.1 4.62315 -1.17956 -5.13153 -1.17956 -5.13153 0.131122 0.610013 0.131122 -0.610013 
1 1 0 15.2849 0.1 4.62744 -1.17968 -5.13246 -1.17968 -5.13246 0.131867 0.609745 0.131867 -0.609745 
1 1 0 15.2898 0.1 4.63175 -1.17981 -5.1334 -1.17981 -5.1334 0.132615 0.609476 0.132615 -0.609476 
1 1 0 15.2947 0.1 4.63609 -1.17993 -5.13433 -1.17993 -5.13433 0.133366 0.609205 0.133366 -0.609205 
1 1 0 15.2996 0.1 4.64045 -1.18006 -5.13526 -1.18006 -5.13526 0.13412 0.608932 0.13412 -0.608932 
1 1 0 15.3045 0.1 4.64485 -1.18018 -5.1362 -1.18018 -5.1362 0.134877 0.608657 0.134877 -0.608657 
1 1 0 15.3095 0.1 4.64927 -1.1803 -5.13713 -1.1803 -5.13713 0.135638 0.608381 0.135638 -0.608381 
1 1 0 15.3144 0.1 4.65372 -1.18043 -5.13806 -1.18043 -5.13806 0.136401 0.608103 0.136401 -0.608103 
1 1 0 15.3193 0.1 4.6582 -1.18055 -5.13899 -1.18055 -5.13899 0.137167 0.607823 0.137167 -0.607823 
1 1 0 15.3242 0.1 4.6627 -1.18067 -5.13992 -1.18067 -5.13992 0.137936 0.607541 0.137936 -0.607541 
1 1 0 15.3291 0.1 4.66724 -1.1808 -5.14085 -1.1808 -5.14085 0.138708 0.607258 0.138708 -0.607258 
1 1 0 15.334 0.1 4.6718 -1.18092 -5.14178 -1.18092 -5.14178 0.139484 0.606973 0.139484 -0.606973 
1 1 0 15.3389 0.1 4.6764 -1.18105 -5.14271 -1.18105 -5.14271 0.140262 0.606686 0.140262 -0.606686 
1 1 0 15.3438 0.1 4.68102 -1.18117 -5.14363 -1.18117 -5.14363 0.141043 0.606397 0.141043 -0.606397 
1 1 0 15.3487 0.1 4.68568 -1.18129 -5.14456 -1.18129 -5.14456 0.141828 0.606107 0.141828 -0.606107 
1 1 0 15.3537 0.1 4.69036 -1.18141 -5.14549 -1.18141 -5.14549 0.142615 0.605815 0.142615 -0.605815 
1 1 0 15.3586 0.1 4.69507 -1.18154 -5.14641 -1.18154 -5.14641 0.143406 0.60552 0.143406 -0.60552 
1 1 0 15.3635 0.1 4.69982 -1.18166 -5.14734 -1.18166 -5.14734 0.144199 0.605224 0.144199 -0.605224 
1 1 0 15.3684 0.1 4.70459 -1.18178 -5.14826 -1.18178 -5.14826 0.144996 0.604926 0.144996 -0.604926 
1 1 0 15.3733 0.1 4.7094 -1.18191 -5.14919 -1.18191 -5.14919 0.145796 0.604626 0.145796 -0.604626 
1 1 0 15.3782 0.1 4.71424 -1.18203 -5.15011 -1.18203 -5.15011 0.146599 0.604324 0.146599 -0.604324 
1 1 0 15.3831 0.1 4.7191 -1.18215 -5.15103 -1.18215 -5.15103 0.147405 0.60402 0.147405 -0.60402 
1 1 0 15.388 0.1 4.72401 -1.18227 -5.15195 -1.18227 -5.15195 0.148214 0.603715 0.148214 -0.603715 
1 1 0 15.393 0.1 4.72894 -1.1824 -5.15287 -1.1824 -5.15287 0.149026 0.603407 0.149026 -0.603407 
1 1 0 15.3979 0.1 4.7339 -1.18252 -5.15379 -1.18252 -5.15379 0.149841 0.603097 0.149841 -0.603097 
1 1 0 15.4028 0.1 4.7389 -1.18264 -5.15471 -1.18264 -5.15471 0.15066 0.602785 0.15066 -0.602785 
1 1 0 15.4077 0.1 4.74393 -1.18276 -5.15563 -1.18276 -5.15563 0.151481 0.602472 0.151481 -0.602472 
1 1 0 15.4126 0.1 4.74899 -1.18289 -5.15655 -1.18289 -5.15655 0.152306 0.602156 0.152306 -0.602156 
1 1 0 15.4175 0.1 4.75409 -1.18301 -5.15747 -1.18301 -5.15747 0.153134 0.601838 0.153134 -0.601838 
1 1 0 15.4224 0.1 4.75921 -1.18313 -5.15839 -1.18313 -5.15839 0.153965 0.601518 0.153965 -0.601518 
1 1 0 15.4273 0.1 4.76438 -1.18325 -5.1593 -1.18325 -5.1593 0.1548 0.601196 0.1548 -0.601196 
1 1 0 15.4323 0.1 4.76957 -1.18337 -5.16022 -1.18337 -5.16022 0.155637 0.600871 0.155637 -0.600871 
1 1 0 15.4372 0.1 4.77481 -1.18349 -5.16113 -1.18349 -5.16113 0.156478 0.600545 0.156478 -0.600545 
1 1 0 15.4421 0.1 4.78007 -1.18362 -5.16205 -1.18362 -5.16205 0.157322 0.600216 0.157322 -0.600216 
1 1 0 15.447 0.1 4.78537 -1.18374 -5.16296 -1.18374 -5.16296 0.158169 0.599885 0.158169 -0.599885 
1 1 0 15.4519 0.1 4.79071 -1.18386 -5.16388 -1.18386 -5.16388 0.159019 0.599553 0.159019 -0.599553 
1 1 0 15.4568 0.1 4.79608 -1.18398 -5.16479 -1.18398 -5.16479 0.159873 0.599217 0.159873 -0.599217 
1 1 0 15.4617 0.1 4.80149 -1.1841 -5.1657 -1.1841 -5.1657 0.16073 0.59888 0.16073 -0.59888 
1 1 0 15.4667 0.1 4.80693 -1.18422 -5.16661 -1.18422 -5.16661 0.16159 0.59854 0.16159 -0.59854 
1 1 0 15.4716 0.1 4.81241 -1.18434 -5.16752 -1.18434 -5.16752 0.162453 0.598198 0.162453 -0.598198 
1 1 0 15.4765 0.1 4.81793 -1.18446 -5.16843 -1.18446 -5.16843 0.16332 0.597854 0.16332 -0.597854 
1 1 0 15.4814 0.1 4.82348 -1.18458 -5.16934 -1.18458 -5.16934 0.16419 0.597507 0.16419 -0.597507 
1 1 0 15.4863 0.1 4.82908 -1.1847 -5.17025 -1.1847 -5.17025 0.165063 0.597158 0.165063 -0.597158 
1 1 0 15.4912 0.1 4.8347 -1.18482 -5.17116 -1.18482 -5.17116 0.16594 0.596807 0.16594 -0.596807 
1 1 0 15.4962 0.1 4.84037 -1.18494 -5.17206 -1.18494 -5.17206 0.166819 0.596453 0.166819 -0.596453 
1 1 0 15.5011 0.1 4.84608 -1.18507 -5.17297 -1.18507 -5.17297 0.167703 0.596097 0.167703 -0.596097 
1 1 0 15.506 0.1 4.85182 -1.18519 -5.17387 -1.18519 -5.17387 0.168589 0.595738 0.168589 -0.595738 
1 1 0 15.5109 0.1 4.85761 -1.18531 -5.17478 -1.18531 -5.17478 0.169479 0.595377 0.169479 -0.595377 
1 1 0 15.5158 0.1 4.86343 -1.18543 -5.17568 -1.18543 -5.17568 0.170372 0.595014 0.170372 -0.595014 
1 1 0 15.5207 0.1 4.86929 -1.18555 -5.17658 -1.18555 -5.17658 0.171268 0.594648 0.171268 -0.594648 
1 1 0 15.5257 0.1 4.8752 -1.18567 -5.17749 -1.18567 -5.17749 0.172168 0.594279 0.172168 -0.594279 
1 1 0 15.5306 0.1 4.88114 -1.18578 -5.17839 -1.18578 -5.17839 0.173072 0.593908 0.173072 -0.593908 
1 1 0 15.5355 0.1 4.88712 -1.1859 -5.17929 -1.1859 -5.17929 0.173978 0.593534 0.173978 -0.593534 
1 1 0 15.5404 0.1 4.89315 -1.18602 -5.18019 -1.18602 -5.18019 0.174888 0.593158 0.174888 -0.593158 
1 1 0 15.5453 0.1 4.89922 -1.18614 -5.18109 -1.18614 -5.18109 0.175802 0.592779 0.175802 -0.592779 
1 1 0 15.5502 0.1 4.90533 -1.18626 -5.18199 -1.18626 -5.18199 0.176719 0.592398 0.176719 -0.592398 
1 1 0 15.5552 0.1 4.91148 -1.18638 -5.18289 -1.18638 -5.18289 0.177639 0.592014 0.177639 -0.592014 
1 1 0 15.5601 0.1 4.91768 -1.1865 -5.18378 -1.1865 -5.18378 0.178563 0.591627 0.178563 -0.591627 
1 1 0 15.565 0.1 4.92392 -1.18662 -5.18468 -1.18662 -5.18468 0.17949 0.591237 0.17949 -0.591237 
1 1 0 15.5699 0.1 4.9302 -1.18674 -5.18557 -1.18674 -5.18557 0.180421 0.590845 0.180421 -0.590845 
1 1 0 15.5748 0.1 4.93653 -1.18686 -5.18647 -1.18686 -5.18647 0.181355 0.59045 0.181355 -0.59045 
1 1 0 15.5797 0.1 4.9429 -1.18698 -5.18736 -1.18698 -5.18736 0.182293 0.590052 0.182293 -0.590052 
1 1 0 15.5847 0.1 4.94931 -1.1871 -5.18826 -1.1871 -5.18826 0.183234 0.589651 0.183234 -0.589651 
1 1 0 15.5896 0.1 4.95578 -1.18721 -5.18915 -1.18721 -5.18915 0.184179 0.589247 0.184179 -0.589247 
1 1 0 15.5945 0.1 4.96228 -1.18733 -5.19004 -1.18733 -5.19004 0.185127 0.588841 0.185127 -0.588841 
1 1 0 15.5994 0.1 4.96884 -1.18745 -5.19093 -1.18745 -5.19093 0.186079 0.588432 0.186079 -0.588432 
1 1 0 15.6043 0.1 4.97544 -1.18757 -5.19182 -1.18757 -5.19182 0.187034 0.588019 0.187034 -0.588019 
1 1 0 15.6093 0.1 4.98209 -1.18769 -5.19271 -1.18769 -5.19271 0.187993 0.587604 0.187993 -0.587604 
1 1 0 15.6142 0.1 4.98878 -1.1878 -5.1936 -1.1878 -5.1936 0.188956 0.587186 0.188956 -0.587186 
1 1 0 15.6191 0.1 4.99553 -1.18792 -5.19449 -1.18792 -5.19449 0.189922 0.586765 0.189922 -0.586765 
1 1 0 15.624 0.1 5.00232 -1.18804 -5.19537 -1.18804 -5.19537 0.190892 0.58634 0.190892 -0.58634 
1 1 0 15.6289 0.1 5.00916 -1.18816 -5.19626 -1.18816 -5.19626 0.191865 0.585913 0.191865 -0.585913 
1 1 0 15.6338 0.1 5.01606 -1.18828 -5.19714 -1.18828 -5.19714 0.192842 0.585483 0.192842 -0.585483 
1 1 0 15.6388 0.1 5.023 -1.18839 -5.19803 -1.18839 -5.19803 0.193823 0.585049 0.193823 -0.585049 
1 1 0 15.6437 0.1 5.02999 -1.18851 -5.19891 -1.18851 -5.19891 0.194807 0.584612 0.194807 -0.584612 
1 1 0 15.6486 0.1 5.03704 -1.18863 -5.19979 -1.18863 -5.19979 0.195795 0.584173 0.195795 -0.584173 
1 1 0 15.6535 0.1 5.04413 -1.18874 -5.20068 -1.18874 -5.20068 0.196787 0.58373 0.196787 -0.58373 
1 1 0 15.6584 0.1 5.05128 -1.18886 -5.20156 -1.18886 -5.20156 0.197782 0.583283 0.197782 -0.583283 
1 1 0 15.6634 0.1 5.05848 -1.18898 -5.20244 -1.18898 -5.20244 0.198781 0.582834 0.198781 -0.582834 
1 1 0 15.6683 0.1 5.06574 -1.1891 -5.20332 -1.1891 -5.20332 0.199784 0.582381 0.199784 -0.582381 
1 1 0 15.6732 0.1 5.07305 -1.18921 -5.20419 -1.18921 -5.20419 0.200791 0.581924 0.200791 -0.581924 
1 1 0 15.6781 0.1 5.08041 -1.18933 -5.20507 -1.18933 -5.20507 0.201801 0.581465 0.201801 -0.581465 
1 1 0 15.6831 0.1 5.08783 -1.18945 -5.20595 -1.18945 -5.20595 0.202815 0.581002 0.202815 -0.581002 
1 1 0 15.688 0.1 5.09531 -1.18956 -5.20682 -1.18956 -5.20682 0.203833 0.580535 0.203833 -0.580535 
1 1 0 15.6929 0.1 5.10284 -1.18968 -5.2077 -1.18968 -5.2077 0.204855 0.580065 0.204855 -0.580065 
1 1 0 15.6978 0.1 5.11043 -1.18979 -5.20857 -1.18979 -5.20857 0.20588 0.579592 0.20588 -0.579592 
1 1 0 15.7027 0.1 5.11808 -1.18991 -5.20944 -1.18991 -5.20944 0.20691 0.579115 0.20691 -0.579115 
1 1 0 15.7077 0.1 5.12579 -1.19003 -5.21032 -1.19003 -5.21032 0.207943 0.578634 0.207943 -0.578634 
1 1 0 15.7126 0.1 5.13355 -1.19014 -5.21119 -1.19014 -5.21119 0.20898 0.57815 0.20898 -0.57815 
1 1 0 15.7175 0.1 5.14138 -1.19026 -5.21206 -1.19026 -5.21206 0.210021 0.577662 0.210021 -0.577662 
1 1 0 15.7224 0.1 5.14926 -1.19037 -5.21293 -1.19037 -5.21293 0.211066 0.57717 0.211066 -0.57717 
1 1 0 15.7274 0.1 5.15721 -1.19049 -5.21379 -1.19049 -5.21379 0.212115 0.576675 0.212115 -0.576675 
1 1 0 15.7323 0.1 5.16521 -1.1906 -5.21466 -1.1906 -5.21466 0.213168 0.576176 0.213168 -0.576176 
1 1 0 15.7372 0.1 5.17329 -1.19072 -5.21553 -1.19072 -5.21553 0.214225 0.575673 0.214225 -0.575673 
1 1 0 15.7421 0.1 5.18142 -1.19083 -5.21639 -1.19083 -5.21639 0.215286 0.575166 0.215286 -0.575166 
1 1 0 15.747 0.1 5.18962 -1.19095 -5.21726 -1.19095 -5.21726 0.216351 0.574656 0.216351 -0.574656 
1 1 0 15.752 0.1 5.19788 -1.19106 -5.21812 -1.19106 -5.21812 0.217419 0.574141 0.217419 -0.574141 
1 1 0 15.7569 0.1 5.20621 -1.19118 -5.21898 -1.19118 -5.21898 0.218492 0.573623 0.218492 -0.573623 
1 1 0 15.7618 0.1 5.2146 -1.19129 -5.21985 -1.19129 -5.21985 0.219569 0.5731 0.219569 -0.5731 
1 1 0 15.7667 0.1 5.22306 -1.19141 -5.22071 -1.19141 -5.22071 0.22065 0.572574 0.22065 -0.572574 
1 1 0 15.7717 0.1 5.23159 -1.19152 -5.22157 -1.19152 -5.22157 0.221735 0.572043 0.221735 -0.572043 
1 1 0 15.7766 0.1 5.24019 -1.19164 -5.22242 -1.19164 -5.22242 0.222825 0.571509 0.222825 -0.571509 
1 1 0 15.7815 0.1 5.24886 -1.19175 -5.22328 -1.19175 -5.22328 0.223918 0.57097 0.223918 -0.57097 
1 1 0 15.7864 0.1 5.2576 -1.19187 -5.22414 -1.19187 -5.22414 0.225015 0.570427 0.225015 -0.570427 
1 1 0 15.7914 0.1 5.26641 -1.19198 -5.22499 -1.19198 -5.22499 0.226117 0.569879 0.226117 -0.569879 
1 1 0 15.7963 0.1 5.27529 -1.19209 -5.22585 -1.19209 -5.22585 0.227223 0.569328 0.227223 -0.569328 
1 1 0 15.8012 0.1 5.28425 -1.19221 -5.2267 -1.19221 -5.2267 0.228333 0.568772 0.228333 -0.568772 
1 1 0 15.8061 0.1 5.29328 -1.19232 -5.22755 -1.19232 -5.22755 0.229448 0.568211 0.229448 -0.568211 
1 1 0 15.8111 0.1 5.30238 -1.19243 -5.2284 -1.19243 -5.2284 0.230566 0.567646 0.230566 -0.567646 
1 1 0 15.816 0.1 5.31156 -1.19255 -5.22925 -1.19255 -5.22925 0.231689 0.567077 0.231689 -0.567077 
1 1 0 15.8209 0.1 5.32082 -1.19266 -5.2301 -1.19266 -5.2301 0.232816 0.566503 0.232816 -0.566503 
1 1 0 15.8258 0.1 5.33015 -1.19277 -5.23095 -1.19277 -5.23095 0.233948 0.565925 0.233948 -0.565925 
1 1 0 15.8308 0.1 5.33957 -1.19289 -5.2318 -1.19289 -5.2318 0.235084 0.565342 0.235084 -0.565342 
1 1 0 15.8357 0.1 5.34906 -1.193 -5.23264 -1.193 -5.23264 0.236224 0.564754 0.236224 -0.564754 
1 1 0 15.8406 0.1 5.35864 -1.19311 -5.23349 -1.19311 -5.23349 0.237369 0.564162 0.237369 -0.564162 
1 1 0 15.8456 0.1 5.36829 -1.19322 -5.23433 -1.19322 -5.23433 0.238518 0.563564 0.238518 -0.563564 
1 1 0 15.8505 0.1 5.37803 -1.19334 -5.23518 -1.19334 -5.23518 0.239671 0.562962 0.239671 -0.562962 
1 1 0 15.8554 0.1 5.38786 -1.19345 -5.23602 -1.19345 -5.23602 0.240829 0.562355 0.240829 -0.562355 
1 1 0 15.8603 0.1 5.39777 -1.19356 -5.23686 -1.19356 -5.23686 0.241992 0.561744 0.241992 -0.561744 
1 1 0 15.8653 0.1 5.40776 -1.19367 -5.2377 -1.19367 -5.2377 0.243159 0.561127 0.243159 -0.561127 
1 1 0 15.8702 0.1 5.41785 -1.19379 -5.23853 -1.19379 -5.23853 0.24433 0.560505 0.24433 -0.560505 
1 1 0 15.8751 0.1 5.42802 -1.1939 -5.23937 -1.1939 -5.23937 0.245506 0.559878 0.245506 -0.559878 
1 1 0 15.88 0.1 5.43828 -1.19401 -5.24021 -1.19401 -5.24021 0.246687 0.559245 0.246687 -0.559245 
1 1 0 15.885 0.1 5.44864 -1.19412 -5.24104 -1.19412 -5.24104 0.247872 0.558608 0.247872 -0.558608 
1 1 0 15.8899 0.1 5.45908 -1.19423 -5.24188 -1.19423 -5.24188 0.249062 0.557965 0.249062 -0.557965 
1 1 0 15.8948 0.1 5.46962 -1.19434 -5.24271 -1.19434 -5.24271 0.250257 0.557317 0.250257 -0.557317 
1 1 0 15.8998 0.1 5.48026 -1.19445 -5.24354 -1.19445 -5.24354 0.251456 0.556664 0.251456 -0.556664 
1 1 0 15.9047 0.1 5.49099 -1.19457 -5.24437 -1.19457 -5.24437 0.252661 0.556005 0.252661 -0.556005 
1 1 0 15.9096 0.1 5.50182 -1.19468 -5.2452 -1.19468 -5.2452 0.253869 0.55534 0.253869 -0.55534 
1 1 0 15.9145 0.1 5.51275 -1.19479 -5.24602 -1.19479 -5.24602 0.255083 0.55467 0.255083 -0.55467 
1 1 0 15.9195 0.1 5.52379 -1.1949 -5.24685 -1.1949 -5.24685 0.256302 0.553994 0.256302 -0.553994 
1 1 0 15.9244 0.1 5.53492 -1.19501 -5.24767 -1.19501 -5.24767 0.257525 0.553313 0.257525 -0.553313 
1 1 0 15.9293 0.1 5.54616 -1.19512 -5.2485 -1.19512 -5.2485 0.258753 0.552625 0.258753 -0.552625 
1 1 0 15.9343 0.1 5.5575 -1.19523 -5.24932 -1.19523 -5.24932 0.259986 0.551932 0.259986 -0.551932 
1 1 0 15.9392 0.1 5.56895 -1.19534 -5.25014 -1.19534 -5.25014 0.261224 0.551233 0.261224 -0.551233 
1 1 0 15.9441 0.1 5.58051 -1.19545 -5.25096 -1.19545 -5.25096 0.262468 0.550528 0.262468 -0.550528 
1 1 0 15.9491 0.1 5.59218 -1.19556 -5.25178 -1.19556 -5.25178 0.263716 0.549817 0.263716 -0.549817 
1 1 0 15.954 0.1 5.60396 -1.19567 -5.2526 -1.19567 -5.2526 0.264969 0.549099 0.264969 -0.549099 
1 1 0 15.9589 0.1 5.61585 -1.19578 -5.25341 -1.19578 -5.25341 0.266227 0.548376 0.266227 -0.548376 
1 1 0 15.9639 0.1 5.62787 -1.19589 -5.25422 -1.19589 -5.25422 0.26749 0.547646 0.26749 -0.547646 
1 1 0 15.9688 0.1 5.63999 -1.196 -5.25504 -1.196 -5.25504 0.268759 0.54691 0.268759 -0.54691 
1 1 0 15.9737 0.1 5.65224 -1.19611 -5.25585 -1.19611 -5.25585 0.270033 0.546167 0.270033 -0.546167 
1 1 0 15.9787 0.1 5.66461 -1.19621 -5.25666 -1.19621 -5.25666 0.271311 0.545418 0.271311 -0.545418 
1 1 0 15.9836 0.1 5.6771 -1.19632 -5.25747 -1.19632 -5.25747 0.272596 0.544662 0.272596 -0.544662 
1 1 0 15.9885 0.1 5.68971 -1.19643 -5.25828 -1.19643 -5.25828 0.273885 0.543899 0.273885 -0.543899 
1 1 0 15.9935 0.1 5.70246 -1.19654 -5.25908 -1.19654 -5.25908 0.27518 0.54313 0.27518 -0.54313 
1 1 0 15.9984 0.1 5.71533 -1.19665 -5.25989 -1.19665 -5.25989 0.27648 0.542354 0.27648 -0.542354 
1 1 0 16.0033 0.1 5.72833 -1.19676 -5.26069 -1.19676 -5.26069 0.277786 0.54157 0.277786 -0.54157 
1 1 0 16.0083 0.1 5.74147 -1.19686 -5.26149 -1.19686 -5.26149 0.279097 0.54078 0.279097 -0.54078 
1 1 0 16.0132 0.1 5.75474 -1.19697 -5.26229 -1.19697 -5.26229 0.280413 0.539983 0.280413 -0.539983 
1 1 0 16.0181 0.1 5.76815 -1.19708 -5.26309 -1.19708 -5.26309 0.281735 0.539178 0.281735 -0.539178 
1 1 0 16.0231 0.1 5.7817 -1.19719 -5.26389 -1.19719 -5.26389 0.283063 0.538366 0.283063 -0.538366 
1 1 0 16.028 0.1 5.79539 -1.19729 -5.26468 -1.19729 -5.26468 0.284396 0.537546 0.284396 -0.537546 
1 1 0 16.0329 0.1 5.80923 -1.1974 -5.26547 -1.1974 -5.26547 0.285735 0.536719 0.285735 -0.536719 
1 1 0 16.0379 0.1 5.82321 -1.19751 -5.26627 -1.19751 -5.26627 0.287079 0.535885 0.287079 -0.535885 
1 1 0 16.0428 0.1 5.83735 -1.19762 -5.26706 -1.19762 -5.26706 0.28843 0.535042 0.28843 -0.535042 
1 1 0 16.0477 0.1 5.85163 -1.19772 -5.26785 -1.19772 -5.26785 0.289786 0.534192 0.289786 -0.534192 
1 1 0 16.0527 0.1 5.86608 -1.19783 -5.26863 -1.19783 -5.26863 0.291148 0.533334 0.291148 -0.533334 
1 1 0 16.0576 0.1 5.88068 -1.19794 -5.26942 -1.19794 -5.26942 0.292516 0.532468 0.292516 -0.532468 
1 1 0 16.0626 0.1 5.89544 -1.19804 -5.2702 -1.19804 -5.2702 0.293889 0.531593 0.293889 -0.531593 
1 1 0 16.0675 0.1 5.91036 -1.19815 -5.27099 -1.19815 -5.27099 0.295269 0.530711 0.295269 -0.530711 
1 1 0 16.0724 0.1 5.92546 -1.19825 -5.27177 -1.19825 -5.27177 0.296655 0.52982 0.296655 -0.52982 
1 1 0 16.0774 0.1 5.94072 -1.19836 -5.27255 -1.19836 -5.27255 0.298047 0.52892 0.298047 -0.52892 
1 1 0 16.0823 0.1 5.95616 -1.19847 -5.27333 -1.19847 -5.27333 0.299445 0.528012 0.299445 -0.528012 
1 1 0 16.0872 0.1 5.97177 -1.19857 -5.2741 -1.19857 -5.2741 0.300849 0.527095 0.300849 -0.527095 
1 1 0 16.0922 0.1 5.98756 -1.19868 -5.27488 -1.19868 -5.27488 0.302259 0.526169 0.302259 -0.526169 
1 1 0 16.0971 0.1 6.00354 -1.19878 -5.27565 -1.19878 -5.27565 0.303676 0.525234 0.303676 -0.525234 
1 1 0 16.1021 0.1 6.0197 -1.19889 -5.27642 -1.19889 -5.27642 0.305099 0.52429 0.305099 -0.52429 
1 1 0 16.107 0.1 6.03605 -1.19899 -5.27719 -1.19899 -5.27719 0.306529 0.523337 0.306529 -0.523337 
1 1 0 16.1119 0.1 6.0526 -1.1991 -5.27795 -1.1991 -5.27795 0.307965 0.522374 0.307965 -0.522374 
1 1 0 16.1169 0.1 6.06934 -1.1992 -5.27872 -1.1992 -5.27872 0.309407 0.521402 0.309407 -0.521402 
1 1 0 16.1218 0.1 6.08629 -1.1993 -5.27948 -1.1993 -5.27948 0.310856 0.52042 0.310856 -0.52042 
1 1 0 16.1268 0.1 6.10344 -1.19941 -5.28024 -1.19941 -5.28024 0.312312 0.519428 0.312312 -0.519428 
1 1 0 16.1317 0.1 6.1208 -1.19951 -5.281 -1.19951 -5.281 0.313774 0.518426 0.313774 -0.518426 
1 1 0 16.1366 0.1 6.13838 -1.19961 -5.28176 -1.19961 -5.28176 0.315244 0.517414 0.315244 -0.517414 
1 1 0 16.1416 0.1 6.15618 -1.19972 -5.28252 -1.19972 -5.28252 0.31672 0.516391 0.31672 -0.516391 
1 1 0 16.1465 0.1 6.1742 -1.19982 -5.28327 -1.19982 -5.28327 0.318203 0.515359 0.318203 -0.515359 
1 1 0 16.1515 0.1 6.19244 -1.19992 -5.28402 -1.19992 -5.28402 0.319693 0.514315 0.319693 -0.514315 
1 1 0 16.1564 0.1 6.21092 -1.20003 -5.28477 -1.20003 -5.28477 0.32119 0.513261 0.32119 -0.513261 
1 1 0 16.1613 0.1 6.22964 -1.20013 -5.28552 -1.20013 -5.28552 0.322694 0.512196 0.322694 -0.512196 
1 1 0 16.1663 0.1 6.2486 -1.20023 -5.28626 -1.20023 -5.28626 0.324205 0.511119 0.324205 -0.511119 
1 1 0 16.1712 0.1 6.26781 -1.20033 -5.28701 -1.20033 -5.28701 0.325724 0.510032 0.325724 -0.510032 
1 1 0 16.1762 0.1 6.28728 -1.20044 -5.28775 -1.20044 -5.28775 0.32725 0.508932 0.32725 -0.508932 
1 1 0 16.1811 0.1 6.307 -1.20054 -5.28849 -1.20054 -5.28849 0.328783 0.507821 0.328783 -0.507821 
1 1 0 16.1861 0.1 6.32699 -1.20064 -5.28922 -1.20064 -5.28922 0.330324 0.506698 0.330324 -0.506698 
1 1 0 16.191 0.1 6.34725 -1.20074 -5.28996 -1.20074 -5.28996 0.331872 0.505563 0.331872 -0.505563 
1 1 0 16.196 0.1 6.36779 -1.20084 -5.29069 -1.20084 -5.29069 0.333429 0.504416 0.333429 -0.504416 
1 1 0 16.2009 0.1 6.38861 -1.20094 -5.29142 -1.20094 -5.29142 0.334992 0.503256 0.334992 -0.503256 
1 1 0 16.2058 0.1 6.40972 -1.20104 -5.29215 -1.20104 -5.29215 0.336564 0.502084 0.336564 -0.502084 
1 1 0 16.2108 0.1 6.43113 -1.20114 -5.29287 -1.20114 -5.29287 0.338144 0.500898 0.338144 -0.500898 
1 1 0 16.2157 0.1 6.45285 -1.20125 -5.2936 -1.20125 -5.2936 0.339731 0.499699 0.339731 -0.499699 
1 1 0 16.2207 0.1 6.47488 -1.20135 -5.29432 -1.20135 -5.29432 0.341327 0.498487 0.341327 -0.498487 
1 1 0 16.2256 0.1 6.49722 -1.20145 -5.29503 -1.20145 -5.29503 0.342931 0.497261 0.342931 -0.497261 
1 1 0 16.2306 0.1 6.5199 -1.20154 -5.29575 -1.20154 -5.29575 0.344543 0.496021 0.344543 -0.496021 
1 1 0 16.2355 0.1 6.54291 -1.20164 -5.29646 -1.20164 -5.29646 0.346164 0.494767 0.346164 -0.494767 
1 1 0 16.2405 0.1 6.56626 -1.20174 -5.29717 -1.20174 -5.29717 0.347793 0.493499 0.347793 -0.493499 
1 1 0 16.2454 0.1 6.58997 -1.20184 -5.29788 -1.20184 -5.29788 0.349431 0.492215 0.349431 -0.492215 
1 1 0 16.2504 0.1 6.61404 -1.20194 -5.29859 -1.20194 -5.29859 0.351077 0.490917 0.351077 -0.490917 
1 1 0 16.2553 0.1 6.63848 -1.20204 -5.29929 -1.20204 -5.29929 0.352733 0.489604 0.352733 -0.489604 
1 1 0 16.2603 0.1 6.6633 -1.20214 -5.29999 -1.20214 -5.29999 0.354397 0.488275 0.354397 -0.488275 
1 1 0 16.2652 0.1 6.68851 -1.20224 -5.30069 -1.20224 -5.30069 0.35607 0.48693 0.35607 -0.48693 
1 1 0 16.2702 0.1 6.71412 -1.20233 -5.30138 -1.20233 -5.30138 0.357753 0.485569 0.357753 -0.485569 
1 1 0 16.2751 0.1 6.74015 -1.20243 -5.30207 -1.20243 -5.30207 0.359445 0.484191 0.359445 -0.484191 
1 1 0 16.2801 0.1 6.7666 -1.20253 -5.30276 -1.20253 -5.30276 0.361146 0.482797 0.361146 -0.482797 
1 1 0 16.285 0.1 6.79349 -1.20262 -5.30345 -1.20262 -5.30345 0.362856 0.481385 0.362856 -0.481385 
1 1 0 16.29 0.1 6.82083 -1.20272 -5.30413 -1.20272 -5.30413 0.364577 0.479956 0.364577 -0.479956 
1 1 0 16.2949 0.1 6.84862 -1.20282 -5.30481 -1.20282 -5.30481 0.366307 0.478509 0.366307 -0.478509 
1 1 0 16.2999 0.1 6.8769 -1.20291 -5.30549 -1.20291 -5.30549 0.368047 0.477044 0.368047 -0.477044 
1 1 0 16.3048 0.1 6.90566 -1.20301 -5.30616 -1.20301 -5.30616 0.369798 0.475559 0.369798 -0.475559 
1 1 0 16.3098 0.1 6.93492 -1.20311 -5.30683 -1.20311 -5.30683 0.371558 0.474056 0.371558 -0.474056 
1 1 0 16.3148 0.1 6.9647 -1.2032 -5.3075 -1.2032 -5.3075 0.373329 0.472534 0.373329 -0.472534 
1 1 0 16.3197 0.1 6.99502 -1.2033 -5.30816 -1.2033 -5.30816 0.37511 0.470991 0.37511 -0.470991 
1 1 0 16.3247 0.1 7.02588 -1.20339 -5.30883 -1.20339 -5.30883 0.376903 0.469428 0.376903 -0.469428 
1 1 0 16.3296 0.1 7.05731 -1.20349 -5.30948 -1.20349 -5.30948 0.378706 0.467845 0.378706 -0.467845 
1 1 0 16.3346 0.1 7.08933 -1.20358 -5.31014 -1.20358 -5.31014 0.38052 0.46624 0.38052 -0.46624 
1 1 0 16.3395 0.1 7.12195 -1.20367 -5.31079 -1.20367 -5.31079 0.382345 0.464613 0.382345 -0.464613 
1 1 0 16.3445 0.1 7.1552 -1.20377 -5.31143 -1.20377 -5.31143 0.384182 0.462964 0.384182 -0.462964 
1 1 0 16.3494 0.1 7.18909 -1.20386 -5.31208 -1.20386 -5.31208 0.38603 0.461292 0.38603 -0.461292 
1 1 0 16.3544 0.1 7.22365 -1.20395 -5.31272 -1.20395 -5.31272 0.38789 0.459597 0.38789 -0.459597 
1 1 0 16.3594 0.1 7.25889 -1.20405 -5.31335 -1.20405 -5.31335 0.389762 0.457878 0.389762 -0.457878 
1 1 0 16.3643 0.1 7.29485 -1.20414 -5.31399 -1.20414 -5.31399 0.391647 0.456134 0.391647 -0.456134 
1 1 0 16.3693 0.1 7.33154 -1.20423 -5.31461 -1.20423 -5.31461 0.393543 0.454365 0.393543 -0.454365 
1 1 0 16.3742 0.1 7.369 -1.20432 -5.31524 -1.20432 -5.31524 0.395452 0.45257 0.395452 -0.45257 
1 1 0 16.3792 0.1 7.40725 -1.20441 -5.31586 -1.20441 -5.31586 0.397374 0.450749 0.397374 -0.450749 
1 1 0 16.3842 0.1 7.44632 -1.2045 -5.31647 -1.2045 -5.31647 0.39931 0.448901 0.39931 -0.448901 
1 1 0 16.3891 0.1 7.48624 -1.20459 -5.31709 -1.20459 -5.31709 0.401258 0.447025 0.401258 -0.447025 
1 1 0 16.3941 0.1 7.52704 -1.20468 -5.31769 -1.20468 -5.31769 0.40322 0.44512 0.40322 -0.44512 
1 1 0 16.399 0.1 7.56876 -1.20477 -5.3183 -1.20477 -5.3183 0.405196 0.443186 0.405196 -0.443186 
1 1 0 16.404 0.1 7.61143 -1.20486 -5.31889 -1.20486 -5.31889 0.407186 0.441221 0.407186 -0.441221 
1 1 0 16.409 0.1 7.65509 -1.20495 -5.31949 -1.20495 -5.31949 0.40919 0.439226 0.40919 -0.439226 
1 1 0 16.4139 0.1 7.69977 -1.20504 -5.32008 -1.20504 -5.32008 0.411209 0.437198 0.411209 -0.437198 
1 1 0 16.4189 0.1 7.74553 -1.20513 -5.32066 -1.20513 -5.32066 0.413242 0.435138 0.413242 -0.435138 
1 1 0 16.4239 0.1 7.79241 -1.20522 -5.32124 -1.20522 -5.32124 0.415291 0.433044 0.415291 -0.433044 
1 1 0 16.4288 0.1 7.84045 -1.2053 -5.32181 -1.2053 -5.32181 0.417356 0.430914 0.417356 -0.430914 
1 1 0 16.4338 0.1 7.88971 -1.20539 -5.32238 -1.20539 -5.32238 0.419436 0.428749 0.419436 -0.428749 
1 1 0 16.4388 0.1 7.94023 -1.20548 -5.32295 -1.20548 -5.32295 0.421533 0.426547 0.421533 -0.426547 
1 1 0 16.4437 0.1 7.99207 -1.20556 -5.32351 -1.20556 -5.32351 0.423646 0.424307 0.423646 -0.424307 
1 1 0 16.4487 0.1 8.0453 -1.20565 -5.32406 -1.20565 -5.32406 0.425776 0.422027 0.425776 -0.422027 
1 1 0 16.4537 0.1 8.09998 -1.20574 -5.32461 -1.20574 -5.32461 0.427924 0.419706 0.427924 -0.419706 
1 1 0 16.4586 0.1 8.15618 -1.20582 -5.32515 -1.20582 -5.32515 0.430089 0.417343 0.430089 -0.417343 
1 1 0 16.4636 0.1 8.21397 -1.2059 -5.32568 -1.2059 -5.32568 0.432273 0.414937 0.432273 -0.414937 
1 1 0 16.4686 0.1 8.27343 -1.20599 -5.32621 -1.20599 -5.32621 0.434475 0.412486 0.434475 -0.412486 
1 1 0 16.4736 0.1 8.33465 -1.20607 -5.32673 -1.20607 -5.32673 0.436696 0.409987 0.436696 -0.409987 
1 1 0 16.4785 0.1 8.39771 -1.20615 -5.32725 -1.20615 -5.32725 0.438937 0.407441 0.438937 -0.407441 
1 1 0 16.4835 0.1 8.46271 -1.20624 -5.32776 -1.20624 -5.32776 0.441198 0.404844 0.441198 -0.404844 
1 1 0 16.4885 0.1 8.52976 -1.20632 -5.32826 -1.20632 -5.32826 0.443479 0.402196 0.443479 -0.402196 
1 1 0 16.4935 0.1 8.59896 -1.2064 -5.32876 -1.2064 -5.32876 0.445782 0.399493 0.445782 -0.399493 
1 1 0 16.4984 0.1 8.67045 -1.20648 -5.32925 -1.20648 -5.32925 0.448106 0.396734 0.448106 -0.396734 
1 1 0 16.5034 0.1 8.74436 -1.20656 -5.32973 -1.20656 -5.32973 0.450453 0.393917 0.450453 -0.393917 
1 1 0 16.5084 0.1 8.82082 -1.20664 -5.3302 -1.20664 -5.3302 0.452822 0.391039 0.452822 -0.391039 
1 1 0 16.5134 0.1 8.89999 -1.20672 -5.33067 -1.20672 -5.33067 0.455215 0.388097 0.455215 -0.388097 
1 1 0 16.5183 0.1 8.98204 -1.2068 -5.33113 -1.2068 -5.33113 0.457633 0.38509 0.457633 -0.38509 
1 1 0 16.5233 0.1 9.06715 -1.20687 -5.33157 -1.20687 -5.33157 0.460075 0.382013 0.460075 -0.382013 
1 1 0 16.5283 0.1 9.15553 -1.20695 -5.33201 -1.20695 -5.33201 0.462544 0.378864 0.462544 -0.378864 
1 1 0 16.5333 0.1 9.24739 -1.20703 -5.33245 -1.20703 -5.33245 0.465039 0.37564 0.465039 -0.37564 
1 1 0 16.5383 0.1 9.34297 -1.2071 -5.33287 -1.2071 -5.33287 0.467562 0.372337 0.467562 -0.372337 
1 1 0 16.5432 0.1 9.44254 -1.20718 -5.33328 -1.20718 -5.33328 0.470113 0.368951 0.470113 -0.368951 
1 1 0 16.5482 0.1 9.5464 -1.20725 -5.33368 -1.20725 -5.33368 0.472693 0.365478 0.472693 -0.365478 
1 1 0 16.5532 0.1 9.65487 -1.20732 -5.33407 -1.20732 -5.33407 0.475304 0.361913 0.475304 -0.361913 
1 1 0 16.5582 0.1 9.7683 -1.2074 -5.33445 -1.2074 -5.33445 0.477947 0.358252 0.477947 -0.358252 
1 1 0 16.5632 0.1 9.8871 -1.20747 -5.33482 -1.20747 -5.33482 0.480623 0.354489 0.480623 -0.354489 
1 1 0 16.5682 0.1 10.0117 -1.20754 -5.33518 -1.20754 -5.33518 0.483332 0.350619 0.483332 -0.350619 
1 1 0 16.5732 0.1 10.1426 -1.20761 -5.33553 -1.20761 -5.33553 0.486077 0.346635 0.486077 -0.346635 
1 1 0 16.5781 0.1 10.2805 -1.20768 -5.33586 -1.20768 -5.33586 0.488859 0.34253 0.488859 -0.34253 
1 1 0 16.5831 0.1 10.4258 -1.20774 -5.33618 -1.20774 -5.33618 0.491679 0.338297 0.491679 -0.338297 
1 1 0 16.5881 0.1 10.5794 -1.20781 -5.33649 -1.20781 -5.33649 0.494539 0.333928 0.494539 -0.333928 
1 1 0 16.5931 0.1 10.742 -1.20788 -5.33678 -1.20788 -5.33678 0.497441 0.329414 0.497441 -0.329414 
1 1 0 16.5981 0.1 10.9147 -1.20794 -5.33706 -1.20794 -5.33706 0.500386 0.324743 0.500386 -0.324743 
1 1 0 16.6031 0.1 11.0985 -1.208 -5.33732 -1.208 -5.33732 0.503377 0.319906 0.503377 -0.319906 
1 1 0 16.6081 0.1 11.2947 -1.20806 -5.33756 -1.20806 -5.33756 0.506417 0.314889 0.506417 -0.314889 
1 1 0 16.6131 0.1 11.5048 -1.20812 -5.33779 -1.20812 -5.33779 0.509506 0.309679 0.509506 -0.309679 
1 1 0 16.6181 0.1 11.7305 -1.20818 -5.33799 -1.20818 -5.33799 0.512649 0.304259 0.512649 -0.304259 
1 1 0 16.6231 0.1 11.9738 -1.20824 -5.33818 -1.20824 -5.33818 0.515848 0.298612 0.515848 -0.298612 
1 1 0 16.6281 0.1 12.2374 -1.2083 -5.33835 -1.2083 -5.33835 0.519106 0.292717 0.519106 -0.292717 
1 1 0 16.6331 0.1 12.5241 -1.20835 -5.33849 -1.20835 -5.33849 0.522426 0.286549 0.522426 -0.286549 
1 1 0 16.6381 0.1 12.8376 -1.2084 -5.33861 -1.2084 -5.33861 0.525813 0.280083 0.525813 -0.280083 
1 1 0 16.6431 0.1 13.1824 -1.20846 -5.33871 -1.20846 -5.33871 0.529271 0.273285 0.529271 -0.273285 
1 1 0 16.6481 0.1 13.5641 -1.2085 -5.33878 -1.2085 -5.33878 0.532804 0.266118 0.532804 -0.266118 
1 1 0 16.6531 0.1 13.99 -1.20855 -5.33882 -1.20855 -5.33882 0.536418 0.258538 0.536418 -0.258538 
1 1 0 16.6581 0.1 14.4692 -1.2086 -5.33883 -1.2086 -5.33883 0.540119 0.250491 0.540119 -0.250491 
1 1 0 16.6631 0.1 15.014 -1.20864 -5.3388 -1.20864 -5.3388 0.543914 0.241911 0.543914 -0.241911 
1 1 0 16.6681 0.1 15.641 -1.20868 -5.33874 -1.20868 -5.33874 0.547809 0.232716 0.547809 -0.232716 
1 1 0 16.6731 0.1 16.3732 -1.20871 -5.33864 -1.20871 -5.33864 0.551815 0.222804 0.551815 -0.222804 
1 1 0 16.6781 0.1 17.2436 -1.20875 -5.3385 -1.20875 -5.3385 0.55594 0.212041 0.55594 -0.212041 
1 1 0 16.6831 0.1 18.3019 -1.20878 -5.33831 -1.20878 -5.33831 0.560198 0.20025 0.560198 -0.20025 
1 1 0 16.6881 0.1 19.6267 -1.2088 -5.33806 -1.2088 -5.33806 0.564601 0.187187 0.564601 -0.187187 
1 1 0 16.693 0.1 21.3516 -1.20882 -5.33776 -1.20882 -5.33776 0.569166 0.172498 0.569166 -0.172498 
1 1 0 16.698 0.1 23.7263 -1.20884 -5.33739 -1.20884 -5.33739 0.573913 0.155638 0.573913 -0.155638 
1 1 0 16.703 0.1 27.2902 -1.20885 -5.33694 -1.20885 -5.33694 0.578864 0.135681 0.578864 -0.135681 
1 1 0 16.708 0.1 33.5174 -1.20886 -5.33641 -1.20886 -5.33641 0.584051 0.110787 0.584051 -0.110787 
1 1 0 16.7129 0.1 49.0478 -1.20885 -5.33578 -1.20885 -5.33578 0.589509 0.075934 0.589509 -0.075934 
1 1 0 16.7179 0.1 49.0478 -1.20884 -5.33502 -1.20884 -5.33502 0.56095 0 0.629622 0 
1 1 0 16.7228 0.1 49.0478 -1.20882 -5.33412 -1.20882 -5.33412 0.50846 0 0.694428 0 
1 1 0 16.7277 0.1 49.0478 -1.20879 -5.33305 -1.20879 -5.33305 0.478642 0 0.73749 0 
1 1 0 16.7325 0.1 49.0478 -1.20874 -5.33175 -1.20874 -5.33175 0.455102 0 0.775438 0 
1 1 0 16.7373 0.1 49.0478 -1.20866 -5.33015 -1.20866 -5.33015 0.434571 0 0.811878 0 
1 1 0 16.7418 0.1 49.0478 -1.20856 -5.32814 -1.20856 -5.32814 0.415591 0 0.848775 0 
1 1 0 16.7461 0.1 49.0478 -1.20841 -5.32556 -1.20841 -5.32556 0.397256 0 0.887795 0 
1 1 0 16.7497 0.1 49.0478 -1.2082 -5.32212 -1.2082 -5.32212 0.379006 0 0.930451 0 
1 1 0 16.7519 0.1 49.0478 -1.2079 -5.31765 -1.2079 -5.31765 0.361249 0 0.976212 0 
1 1 0 16.7523 0.1 49.0478 -1.20772 -5.31498 -1.20772 -5.31498 0.352684 0 1 0 
2 1 0 16.7513 0.1 49.0478 -1.20737 -5.31007 -1.20737 -5.31007 0.339596 0 1.03879 0 
2 1 0 16.7492 0.1 49.0478 -1.20703 -5.30559 -1.20703 -5.30559 0.329764 0 1.07009 0 
2 1 0 16.7463 0.1 49.0478 -1.20672 -5.30153 -1.20672 -5.30153 0.322107 0 1.09589 0 
2 1 0 16.743 0.1 49.0478 -1.20643 -5.29778 -1.20643 -5.29778 0.315878 0 1.11789 0 
2 1 0 16.7394 0.1 49.0478 -1.20616 -5.29428 -1.20616 -5.29428 0.310635 0 1.13716 0 
2 1 0 16.7357 0.1 49.0478 -1.2059 -5.29097 -1.2059 -5.29097 0.306107 0 1.15439 0 
2 1 0 16.7318 0.1 49.0478 -1.20564 -5.28781 -1.20564 -5.28781 0.302121 0 1.17004 0 
2 1 0 16.7278 0.1 49.0478 -1.2054 -5.28478 -1.2054 -5.28478 0.298559 0 1.18443 0 
2 1 0 16.7238 0.1 49.0478 -1.20516 -5.28186 -1.20516 -5.28186 0.295338 0 1.19778 0 
2 1 0 16.7197 0.1 49.0478 -1.20493 -5.27903 -1.20493 -5.27903 0.292399 0 1.21027 0 
2 1 0 16.7155 0.1 49.0478 -1.2047 -5.27627 -1.2047 -5.27627 0.289694 0 1.22201 0 
2 1 0 16.7113 0.1 49.0478 -1.20448 -5.27358 -1.20448 -5.27358 0.287189 0 1.23312 0 
2 1 0 16.707 0.1 49.0478 -1.20426 -5.27095 -1.20426 -5.27095 0.284856 0 1.24367 0 
2 1 0 16.7028 0.1 49.0478 -1.20405 -5.26838 -1.20405 -5.26838 0.282673 0 1.25373 0 
2 1 0 16.6984 0.1 49.0478 -1.20384 -5.26585 -1.20384 -5.26585 0.280622 0 1.26335 0 
2 1 0 16.6941 0.1 49.0478 -1.20363 -5.26337 -1.20363 -5.26337 0.278688 0 1.27258 0 
2 1 0 16.6898 0.1 49.0478 -1.20342 -5.26092 -1.20342 -5.26092 0.276858 0 1.28146 0 
2 1 0 16.6854 0.1 49.0478 -1.20322 -5.25852 -1.20322 -5.25852 0.275121 0 1.29002 0 
2 1 0 16.681 0.1 49.0478 -1.20302 -5.25614 -1.20302 -5.25614 0.273469 0 1.29828 0 
2 1 0 16.6766 0.1 49.0478 -1.20282 -5.2538 -1.20282 -5.2538 0.271893 0 1.30628 0 
2 1 0 16.6721 0.1 49.0478 -1.20262 -5.25149 -1.20262 -5.25149 0.270388 0 1.31403 0 
2 1 0 16.6677 0.1 49.0478 -1.20243 -5.2492 -1.20243 -5.2492 0.268947 0 1.32155 0 
2 1 0 16.6632 0.1 49.0478 -1.20223 -5.24694 -1.20223 -5.24694 0.267565 0 1.32886 0 
2 1 0 16.6588 0.1 49.0478 -1.20204 -5.2447 -1.20204 -5.2447 0.266237 0 1.33597 0 
2 1 0 16.6543 0.1 49.0478 -1.20185 -5.24248 -1.20185 -5.24248 0.26496 0 1.34289 0 
2 1 0 16.6498 0.1 49.0478 -1.20166 -5.24028 -1.20166 -5.24028 0.263729 0 1.34965 0 
2 1 0 16.6453 0.1 49.0478 -1.20147 -5.2381 -1.20147 -5.2381 0.262543 0 1.35624 0 
2 1 0 16.6408 0.1 49.0478 -1.20129 -5.23595 -1.20129 -5.23595 0.261397 0 1.36268 0 
2 1 0 16.6363 0.1 49.0478 -1.2011 -5.2338 -1.2011 -5.2338 0.260289 0 1.36897 0 
2 1 0 16.6318 0.1 49.0478 -1.20092 -5.23168 -1.20092 -5.23168 0.259217 0 1.37513 0 
2 1 0 16.6272 0.1 49.0478 -1.20073 -5.22957 -1.20073 -5.22957 0.258178 0 1.38116 0 
2 1 0 16.6227 0.1 49.0478 -1.20055 -5.22748 -1.20055 -5.22748 0.257172 0 1.38706 0 
2 1 0 16.6182 0.1 49.0478 -1.20037 -5.2254 -1.20037 -5.2254 0.256195 0 1.39285 0 
2 1 0 16.6136 0.1 49.0478 -1.20019 -5.22333 -1.20019 -5.22333 0.255246 0 1.39853 0 
2 1 0 16.6091 0.1 49.0478 -1.20001 -5.22128 -1.20001 -5.22128 0.254324 0 1.40411 0 
2 1 0 16.6045 0.1 49.0478 -1.19983 -5.21924 -1.19983 -5.21924 0.253427 0 1.40958 0 
2 1 0 16.5999 0.1 49.0478 -1.19965 -5.21721 -1.19965 -5.21721 0.252555 0 1.41496 0 
2 1 0 16.5954 0.1 49.0478 -1.19948 -5.21519 -1.19948 -5.21519 0.251705 0 1.42025 0 
2 1 0 16.5908 0.1 49.0478 -1.1993 -5.21319 -1.1993 -5.21319 0.250877 0 1.42545 0 
2 1 0 16.5862 0.1 49.0478 -1.19913 -5.2112 -1.19913 -5.2112 0.25007 0 1.43056 0 
2 1 0 16.5816 0.1 49.0478 -1.19895 -5.20921 -1.19895 -5.20921 0.249282 0 1.4356 0 
2 1 0 16.577 0.1 49.0478 -1.19878 -5.20724 -1.19878 -5.20724 0.248514 0 1.44055 0 
2 1 0 16.5724 0.1 49.0478 -1.19861 -5.20527 -1.19861 -5.20527 0.247763 0 1.44543 0 
2 1 0 16.5678 0.1 49.0478 -1.19843 -5.20332 -1.19843 -5.20332 0.24703 0 1.45024 0 
2 1 0 16.5632 0.1 49.0478 -1.19826 -5.20137 -1.19826 -5.20137 0.246314 0 1.45498 0 
2 1 0 16.5586 0.1 49.0478 -1.19809 -5.19944 -1.19809 -5.19944 0.245613 0 1.45966 0 
2 1 0 16.554 0.1 49.0478 -1.19792 -5.19751 -1.19792 -5.19751 0.244927 0 1.46427 0 
2 1 0 16.5494 0.1 49.0478 -1.19775 -5.19559 -1.19775 -5.19559 0.244257 0 1.46881 0 
2 1 0 16.5448 0.1 49.0478 -1.19758 -5.19368 -1.19758 -5.19368 0.2436 0 1.4733 0 
2 1 0 16.5402 0.1 49.0478 -1.19741 -5.19177 -1.19741 -5.19177 0.242957 0 1.47772 0 
2 1 0 16.5355 0.1 49.0478 -1.19724 -5.18988 -1.19724 -5.18988 0.242327 0 1.4821 0 
2 1 0 16.5309 0.1 49.0478 -1.19707 -5.18799 -1.19707 -5.18799 0.24171 0 1.48641 0 
2 1 0 16.5263 0.1 49.0478 -1.19691 -5.1861 -1.19691 -5.1861 0.241104 0 1.49067 0 
2 1 0 16.5217 0.1 49.0478 -1.19674 -5.18423 -1.19674 -5.18423 0.240511 0 1.49489 0 
2 1 0 16.517 0.1 49.0478 -1.19657 -5.18236 -1.19657 -5.18236 0.239928 0 1.49905 0 
2 1 0 16.5124 0.1 49.0478 -1.1964 -5.1805 -1.1964 -5.1805 0.239357 0 1.50316 0 
2 1 0 16.5077 0.1 49.0478 -1.19624 -5.17864 -1.19624 -5.17864 0.238796 0 1.50723 0 
2 1 0 16.5031 0.1 49.0478 -1.19607 -5.17679 -1.19607 -5.17679 0.238246 0 1.51125 0 
2 1 0 16.4985 0.1 49.0478 -1.19591 -5.17495 -1.19591 -5.17495 0.237705 0 1.51523 0 
2 1 0 16.4938 0.1 49.0478 -1.19574 -5.17311 -1.19574 -5.17311 0.237174 0 1.51916 0 
2 1 0 16.4892 0.1 49.0478 -1.19558 -5.17128 -1.19558 -5.17128 0.236652 0 1.52305 0 
2 1 0 16.4845 0.1 49.0478 -1.19542 -5.16945 -1.19542 -5.16945 0.236139 0 1.5269 0 
2 1 0 16.4798 0.1 49.0478 -1.19525 -5.16763 -1.19525 -5.16763 0.235635 0 1.53071 0 
2 1 0 16.4752 0.1 49.0478 -1.19509 -5.16582 -1.19509 -5.16582 0.235139 0 1.53448 0 
2 1 0 16.4705 0.1 49.0478 -1.19493 -5.16401 -1.19493 -5.16401 0.234652 0 1.53822 0 
2 1 0 16.4659 0.1 49.0478 -1.19476 -5.1622 -1.19476 -5.1622 0.234172 0 1.54191 0 
2 1 0 16.4612 0.1 49.0478 -1.1946 -5.1604 -1.1946 -5.1604 0.233701 0 1.54557 0 
2 1 0 16.4565 0.1 49.0478 -1.19444 -5.15861 -1.19444 -5.15861 0.233237 0 1.5492 0 
2 1 0 16.4519 0.1 49.0478 -1.19428 -5.15682 -1.19428 -5.15682 0.23278 0 1.55279 0 
2 1 0 16.4472 0.1 49.0478 -1.19412 -5.15503 -1.19412 -5.15503 0.23233 0 1.55635 0 
2 1 0 16.4425 0.1 49.0478 -1.19396 -5.15325 -1.19396 -5.15325 0.231887 0 1.55987 0 
2 1 0 16.4379 0.1 49.0478 -1.1938 -5.15148 -1.1938 -5.15148 0.231451 0 1.56336 0 
2 1 0 16.4332 0.1 49.0478 -1.19364 -5.14971 -1.19364 -5.14971 0.231022 0 1.56682 0 
2 1 0 16.4285 0.1 49.0478 -1.19348 -5.14794 -1.19348 -5.14794 0.230599 0 1.57025 0 
2 1 0 16.4239 0.1 49.0478 -1.19332 -5.14618 -1.19332 -5.14618 0.230182 0 1.57365 0 
2 1 0 16.4192 0.1 49.0478 -1.19316 -5.14442 -1.19316 -5.14442 0.229771 0 1.57702 0 
2 1 0 16.4145 0.1 49.0478 -1.193 -5.14266 -1.193 -5.14266 0.229367 0 1.58036 0 
2 1 0 16.4098 0.1 49.0478 -1.19284 -5.14091 -1.19284 -5.14091 0.228968 0 1.58368 0 
2 1 0 16.4051 0.1 49.0478 -1.19268 -5.13917 -1.19268 -5.13917 0.228574 0 1.58696 0 
2 1 0 16.4004 0.1 49.0478 -1.19252 -5.13743 -1.19252 -5.13743 0.228186 0 1.59022 0 
2 1 0 16.3958 0.1 49.0478 -1.19237 -5.13569 -1.19237 -5.13569 0.227804 0 1.59345 0 
2 1 0 16.3911 0.1 49.0478 -1.19221 -5.13395 -1.19221 -5.13395 0.227427 0 1.59666 0 
2 1 0 16.3864 0.1 49.0478 -1.19205 -5.13222 -1.19205 -5.13222 0.227055 0 1.59984 0 
2 1 0 16.3817 0.1 49.0478 -1.19189 -5.13049 -1.19189 -5.13049 0.226688 0 1.60299 0 
2 1 0 16.377 0.1 49.0478 -1.19174 -5.12877 -1.19174 -5.12877 0.226326 0 1.60612 0 
2 1 0 16.3723 0.1 49.0478 -1.19158 -5.12705 -1.19158 -5.12705 0.225969 0 1.60923 0 
2 1 0 16.3676 0.1 49.0478 -1.19142 -5.12534 -1.19142 -5.12534 0.225616 0 1.61231 0 
2 1 0 16.3629 0.1 49.0478 -1.19127 -5.12362 -1.19127 -5.12362 0.225268 0 1.61537 0 
2 1 0 16.3582 0.1 49.0478 -1.19111 -5.12191 -1.19111 -5.12191 0.224925 0 1.61841 0 
2 1 0 16.3535 0.1 49.0478 -1.19096 -5.12021 -1.19096 -5.12021 0.224586 0 1.62142 0 
2 1 0 16.3488 0.1 49.0478 -1.1908 -5.1185 -1.1908 -5.1185 0.224251 0 1.62441 0 
2 1 0 16.3441 0.1 49.0478 -1.19065 -5.1168 -1.19065 -5.1168 0.22392 0 1.62738 0 
2 1 0 16.3394 0.1 49.0478 -1.19049 -5.11511 -1.19049 -5.11511 0.223594 0 1.63033 0 
2 1 0 16.3347 0.1 49.0478 -1.19034 -5.11341 -1.19034 -5.11341 0.223272 0 1.63326 0 
2 1 0 16.33 0.1 49.0478 -1.19018 -5.11172 -1.19018 -5.11172 0.222953 0 1.63616 0 
2 1 0 16.3253 0.1 49.0478 -1.19003 -5.11004 -1.19003 -5.11004 0.222639 0 1.63905 0 
2 1 0 16.3206 0.1 49.0478 -1.18987 -5.10835 -1.18987 -5.10835 0.222328 0 1.64192 0 
2 1 0 16.3159 0.1 49.0478 -1.18972 -5.10667 -1.18972 -5.10667 0.222021 0 1.64476 0 
2 1 0 16.3112 0.1 49.0478 -1.18956 -5.10499 -1.18956 -5.10499 0.221718 0 1.64759 0 
2 1 0 16.3065 0.1 49.0478 -1.18941 -5.10332 -1.18941 -5.10332 0.221418 0 1.6504 0 
2 1 0 16.3018 0.1 49.0478 -1.18926 -5.10165 -1.18926 -5.10165 0.221122 0 1.65319 0 
2 1 0 16.2971 0.1 49.0478 -1.1891 -5.09998 -1.1891 -5.09998 0.22083 0 1.65596 0 
2 1 0 16.2924 0.1 49.0478 -1.18895 -5.09831 -1.18895 -5.09831 0.22054 0 1.65871 0 
2 1 0 16.2876 0.1 49.0478 -1.1888 -5.09665 -1.1888 -5.09665 0.220254 0 1.66145 0 
2 1 0 16.2829 0.1 49.0478 -1.18865 -5.09498 -1.18865 -5.09498 0.219972 0 1.66416 0 
2 1 0 16.2782 0.1 49.0478 -1.18849 -5.09333 -1.18849 -5.09333 0.219692 0 1.66686 0 
2 1 0 16.2735 0.1 49.0478 -1.18834 -5.09167 -1.18834 -5.09167 0.219416 0 1.66955 0 
2 1 0 16.2688 0.1 49.0478 -1.18819 -5.09002 -1.18819 -5.09002 0.219143 0 1.67221 0 
2 1 0 16.2641 0.1 49.0478 -1.18804 -5.08837 -1.18804 -5.08837 0.218873 0 1.67486 0 
2 1 0 16.2594 0.1 49.0478 -1.18788 -5.08672 -1.18788 -5.08672 0.218606 0 1.67749 0 
2 1 0 16.2546 0.1 49.0478 -1.18773 -5.08507 -1.18773 -5.08507 0.218342 0 1.68011 0 
2 1 0 16.2499 0.1 49.0478 -1.18758 -5.08343 -1.18758 -5.08343 0.21808 0 1.68271 0 
2 1 0 16.2452 0.1 49.0478 -1.18743 -5.08179 -1.18743 -5.08179 0.217822 0 1.6853 0 
2 1 0 16.2405 0.1 49.0478 -1.18728 -5.08015 -1.18728 -5.08015 0.217567 0 1.68787 0 
2 1 0 16.2358 0.1 49.0478 -1.18713 -5.07851 -1.18713 -5.07851 0.217314 0 1.69042 0 
2 1 0 16.231 0.1 49.0478 -1.18697 -5.07688 -1.18697 -5.07688 0.217064 0 1.69296 0 
2 1 0 16.2263 0.1 49.0478 -1.18682 -5.07525 -1.18682 -5.07525 0.216816 0 1.69548 0 
2 1 0 16.2216 0.1 49.0478 -1.18667 -5.07362 -1.18667 -5.07362 0.216571 0 1.69799 0 
2 1 0 16.2169 0.1 49.0478 -1.18652 -5.07199 -1.18652 -5.07199 0.216329 0 1.70048 0 
2 1 0 16.2121 0.1 49.0478 -1.18637 -5.07037 -1.18637 -5.07037 0.21609 0 1.70296 0 
2 1 0 16.2074 0.1 49.0478 -1.18622 -5.06875 -1.18622 -5.06875 0.215852 0 1.70543 0 
2 1 0 16.2027 0.1 49.0478 -1.18607 -5.06713 -1.18607 -5.06713 0.215618 0 1.70788 0 
2 1 0 16.1979 0.1 49.0478 -1.18592 -5.06551 -1.18592 -5.06551 0.215385 0 1.71032 0 
2 1 0 16.1932 0.1 49.0478 -1.18577 -5.0639 -1.18577 -5.0639 0.215156 0 1.71274 0 
2 1 0 16.1885 0.1 49.0478 -1.18562 -5.06228 -1.18562 -5.06228 0.214928 0 1.71515 0 
2 1 0 16.1838 0.1 49.0478 -1.18547 -5.06067 -1.18547 -5.06067 0.214703 0 1.71755 0 
2 1 0 16.179 0.1 49.0478 -1.18532 -5.05906 -1.18532 -5.05906 0.21448 0 1.71993 0 
2 1 0 16.1743 0.1 49.0478 -1.18517 -5.05745 -1.18517 -5.05745 0.214259 0 1.7223 0 
2 1 0 16.1696 0.1 49.0478 -1.18502 -5.05585 -1.18502 -5.05585 0.214041 0 1.72466 0 
2 1 0 16.1648 0.1 49.0478 -1.18487 -5.05425 -1.18487 -5.05425 0.213825 0 1.72701 0 
2 1 0 16.1601 0.1 49.0478 -1.18472 -5.05265 -1.18472 -5.05265 0.21361 0 1.72934 0 
2 1 0 16.1554 0.1 49.0478 -1.18458 -5.05105 -1.18458 -5.05105 0.213398 0 1.73166 0 
2 1 0 16.1506 0.1 49.0478 -1.18443 -5.04945 -1.18443 -5.04945 0.213189 0 1.73396 0 
2 1 0 16.1459 0.1 49.0478 -1.18428 -5.04786 -1.18428 -5.04786 0.212981 0 1.73626 0 
2 1 0 16.1411 0.1 49.0478 -1.18413 -5.04626 -1.18413 -5.04626 0.212775 0 1.73854 0 
2 1 0 16.1364 0.1 49.0478 -1.18398 -5.04467 -1.18398 -5.04467 0.212571 0 1.74081 0 
2 1 0 16.1317 0.1 49.0478 -1.18383 -5.04308 -1.18383 -5.04308 0.212369 0 1.74307 0 
2 1 0 16.1269 0.1 49.0478 -1.18368 -5.0415 -1.18368 -5.0415 0.21217 0 1.74532 0 
2 1 0 16.1222 0.1 49.0478 -1.18354 -5.03991 -1.18354 -5.03991 0.211972 0 1.74755 0 
2 1 0 16.1174 0.1 49.0478 -1.18339 -5.03833 -1.18339 -5.03833 0.211776 0 1.74978 0 
2 1 0 16.1127 0.1 49.0478 -1.18324 -5.03675 -1.18324 -5.03675 0.211582 0 1.75199 0 
2 1 0 16.108 0.1 49.0478 -1.18309 -5.03517 -1.18309 -5.03517 0.211389 0 1.75419 0 
2 1 0 16.1032 0.1 49.0478 -1.18295 -5.03359 -1.18295 -5.03359 0.211199 0 1.75638 0 
2 1 0 16.0985 0.1 49.0478 -1.1828 -5.03201 -1.1828 -5.03201 0.21101 0 1.75856 0 
2 1 0 16.0937 0.1 49.0478 -1.18265 -5.03044 -1.18265 -5.03044 0.210823 0 1.76073 0 
2 1 0 16.089 0.1 49.0478 -1.1825 -5.02887 -1.1825 -5.02887 0.210638 0 1.76289 0 
2 1 0 16.0842 0.1 49.0478 -1.18236 -5.0273 -1.18236 -5.0273 0.210455 0 1.76504 0 
2 1 0 16.0795 0.1 49.0478 -1.18221 -5.02573 -1.18221 -5.02573 0.210273 0 1.76717 0 
2 1 0 16.0748 0.1 49.0478 -1.18206 -5.02416 -1.18206 -5.02416 0.210093 0 1.7693 0 
2 1 0 16.07 0.1 49.0478 -1.18191 -5.02259 -1.18191 -5.02259 0.209915 0 1.77141 0 
2 1 0 16.0653 0.1 49.0478 -1.18177 -5.02103 -1.18177 -5.02103 0.209739 0 1.77352 0 
2 1 0 16.0605 0.1 49.0478 -1.18162 -5.01947 -1.18162 -5.01947 0.209564 0 1.77561 0 
2 1 0 16.0558 0.1 49.0478 -1.18147 -5.01791 -1.18147 -5.01791 0.20939 0 1.7777 0 
2 1 0 16.051 0.1 49.0478 -1.18133 -5.01635 -1.18133 -5.01635 0.209219 0 1.77977 0 
2 1 0 16.0463 0.1 49.0478 -1.18118 -5.01479 -1.18118 -5.01479 0.209048 0 1.78184 0 
2 1 0 16.0415 0.1 49.0478 -1.18103 -5.01324 -1.18103 -5.01324 0.20888 0 1.78389 0 
2 1 0 16.0368 0.1 49.0478 -1.18089 -5.01168 -1.18089 -5.01168 0.208713 0 1.78593 0 
2 1 0 16.032 0.1 49.0478 -1.18074 -5.01013 -1.18074 -5.01013 0.208547 0 1.78797 0 
2 1 0 16.0273 0.1 49.0478 -1.1806 -5.00858 -1.1806 -5.00858 0.208383 0 1.79 0 
2 1 0 16.0225 0.1 49.0478 -1.18045 -5.00703 -1.18045 -5.00703 0.20822 0 1.79201 0 
2 1 0 16.0178 0.1 49.0478 -1.1803 -5.00548 -1.1803 -5.00548 0.208059 0 1.79402 0 
2 1 0 16.013 0.1 49.0478 -1.18016 -5.00394 -1.18016 -5.00394 0.2079 0 1.79601 0 
2 1 0 16.0083 0.1 49.0478 -1.18001 -5.00239 -1.18001 -5.00239 0.207741 0 1.798 0 
2 1 0 16.0035 0.1 49.0478 -1.17987 -5.00085 -1.17987 -5.00085 0.207585 0 1.79998 0 
2 1 0 15.9988 0.1 49.0478 -1.17972 -4.99931 -1.17972 -4.99931 0.207429 0 1.80195 0 
2 1 0 15.994 0.1 49.0478 -1.17957 -4.99777 -1.17957 -4.99777 0.207275 0 1.80391 0 
2 1 0 15.9892 0.1 49.0478 -1.17943 -4.99623 -1.17943 -4.99623 0.207123 0 1.80586 0 
2 1 0 15.9845 0.1 49.0478 -1.17928 -4.99469 -1.17928 -4.99469 0.206971 0 1.80781 0 
2 1 0 15.9797 0.1 49.0478 -1.17914 -4.99316 -1.17914 -4.99316 0.206821 0 1.80974 0 
2 1 0 15.975 0.1 49.0478 -1.17899 -4.99162 -1.17899 -4.99162 0.206673 0 1.81166 0 
2 1 0 15.9702 0.1 49.0478 -1.17885 -4.99009 -1.17885 -4.99009 0.206526 0 1.81358 0 
2 1 0 15.9655 0.1 49.0478 -1.1787 -4.98856 -1.1787 -4.98856 0.20638 0 1.81549 0 
2 1 0 15.9607 0.1 49.0478 -1.17856 -4.98703 -1.17856 -4.98703 0.206235 0 1.81739 0 
2 1 0 15.9559 0.1 49.0478 -1.17841 -4.9855 -1.17841 -4.9855 0.206091 0 1.81928 0 
2 1 0 15.9512 0.1 49.0478 -1.17827 -4.98398 -1.17827 -4.98398 0.205949 0 1.82116 0 
2 1 0 15.9464 0.1 49.0478 -1.17812 -4.98245 -1.17812 -4.98245 0.205808 0 1.82303 0 
2 1 0 15.9417 0.1 49.0478 -1.17798 -4.98093 -1.17798 -4.98093 0.205669 0 1.8249 0 
2 1 0 15.9369 0.1 49.0478 -1.17783 -4.9794 -1.17783 -4.9794 0.20553 0 1.82675 0 
2 1 0 15.9321 0.1 49.0478 -1.17769 -4.97788 -1.17769 -4.97788 0.205393 0 1.8286 0 
2 1 0 15.9274 0.1 49.0478 -1.17754 -4.97636 -1.17754 -4.97636 0.205257 0 1.83044 0 
2 1 0 15.9226 0.1 49.0478 -1.1774 -4.97485 -1.1774 -4.97485 0.205122 0 1.83228 0 
2 1 0 15.9179 0.1 49.0478 -1.17726 -4.97333 -1.17726 -4.97333 0.204989 0 1.8341 0 
2 1 0 15.9131 0.1 49.0478 -1.17711 -4.97181 -1.17711 -4.97181 0.204856 0 1.83592 0 
2 1 0 15.9083 0.1 49.0478 -1.17697 -4.9703 -1.17697 -4.9703 0.204725 0 1.83772 0 
2 1 0 15.9036 0.1 49.0478 -1.17682 -4.96879 -1.17682 -4.96879 0.204594 0 1.83952 0 
2 1 0 15.8988 0.1 49.0478 -1.17668 -4.96727 -1.17668 -4.96727 0.204465 0 1.84132 0 
2 1 0 15.894 0.1 49.0478 -1.17653 -4.96576 -1.17653 -4.96576 0.204337 0 1.8431 0 
2 1 0 15.8893 0.1 49.0478 -1.17639 -4.96425 -1.17639 -4.96425 0.204211 0 1.84488 0 
2 1 0 15.8845 0.1 49.0478 -1.17625 -4.96275 -1.17625 -4.96275 0.204085 0 1.84665 0 
2 1 0 15.8797 0.1 49.0478 -1.1761 -4.96124 -1.1761 -4.96124 0.20396 0 1.84841 0 
2 1 0 15.875 0.1 49.0478 -1.17596 -4.95974 -1.17596 -4.95974 0.203837 0 1.85017 0 
2 1 0 15.8702 0.1 49.0478 -1.17581 -4.95823 -1.17581 -4.95823 0.203714 0 1.85191 0 
2 1 0 15.8654 0.1 49.0478 -1.17567 -4.95673 -1.17567 -4.95673 0.203593 0 1.85365 0 
2 1 0 15.8607 0.1 49.0478 -1.17553 -4.95523 -1.17553 -4.95523 0.203472 0 1.85538 0 
2 1 0 15.8559 0.1 49.0478 -1.17538 -4.95373 -1.17538 -4.95373 0.203353 0 1.85711 0 
2 1 0 15.8511 0.1 49.0478 -1.17524 -4.95223 -1.17524 -4.95223 0.203235 0 1.85882 0 
2 1 0 15.8464 0.1 49.0478 -1.1751 -4.95073 -1.1751 -4.95073 0.203117 0 1.86053 0 
2 1 0 15.8416 0.1 49.0478 -1.17495 -4.94924 -1.17495 -4.94924 0.203001 0 1.86224 0 
2 1 0 15.8368 0.1 49.0478 -1.17481 -4.94774 -1.17481 -4.94774 0.202886 0 1.86393 0 
2 1 0 15.8321 0.1 49.0478 -1.17467 -4.94625 -1.17467 -4.94625 0.202772 0 1.86562 0 
2 1 0 15.8273 0.1 49.0478 -1.17452 -4.94475 -1.17452 -4.94475 0.202658 0 1.8673 0 
2 1 0 15.8225 0.1 49.0478 -1.17438 -4.94326 -1.17438 -4.94326 0.202546 0 1.86898 0 
2 1 0 15.8178 0.1 49.0478 -1.17424 -4.94177 -1.17424 -4.94177 0.202435 0 1.87064 0 
2 1 0 15.813 0.1 49.0478 -1.17409 -4.94028 -1.17409 -4.94028 0.202324 0 1.8723 0 
2 1 0 15.8082 0.1 49.0478 -1.17395 -4.9388 -1.17395 -4.9388 0.202215 0 1.87396 0 
2 1 0 15.8034 0.1 49.0478 -1.17381 -4.93731 -1.17381 -4.93731 0.202106 0 1.8756 0 
2 1 0 15.7987 0.1 49.0478 -1.17367 -4.93582 -1.17367 -4.93582 0.201999 0 1.87724 0 
2 1 0 15.7939 0.1 49.0478 -1.17352 -4.93434 -1.17352 -4.93434 0.201892 0 1.87887 0 
2 1 0 15.7891 0.1 49.0478 -1.17338 -4.93286 -1.17338 -4.93286 0.201787 0 1.8805 0 
2 1 0 15.7844 0.1 49.0478 -1.17324 -4.93137 -1.17324 -4.93137 0.201682 0 1.88212 0 
2 1 0 15.7796 0.1 49.0478 -1.17309 -4.92989 -1.17309 -4.92989 0.201578 0 1.88373 0 
2 1 0 15.7748 0.1 49.0478 -1.17295 -4.92841 -1.17295 -4.92841 0.201475 0 1.88534 0 
2 1 0 15.77 0.1 49.0478 -1.17281 -4.92693 -1.17281 -4.92693 0.201373 0 1.88694 0 
2 1 0 15.7653 0.1 49.0478 -1.17267 -4.92546 -1.17267 -4.92546 0.201272 0 1.88853 0 
2 1 0 15.7605 0.1 49.0478 -1.17252 -4.92398 -1.17252 -4.92398 0.201172 0 1.89011 0 
2 1 0 15.7557 0.1 49.0478 -1.17238 -4.92251 -1.17238 -4.92251 0.201072 0 1.89169 0 
2 1 0 15.7509 0.1 49.0478 -1.17224 -4.92103 -1.17224 -4.92103 0.200974 0 1.89326 0 
2 1 0 15.7462 0.1 49.0478 -1.1721 -4.91956 -1.1721 -4.91956 0.200876 0 1.89483 0 
2 1 0 15.7414 0.1 49.0478 -1.17195 -4.91809 -1.17195 -4.91809 0.200779 0 1.89639 0 
2 1 0 15.7366 0.1 49.0478 -1.17181 -4.91662 -1.17181 -4.91662 0.200683 0 1.89794 0 
2 1 0 15.7318 0.1 49.0478 -1.17167 -4.91515 -1.17167 -4.91515 0.200588 0 1.89949 0 
2 1 0 15.727 0.1 49.0478 -1.17153 -4.91368 -1.17153 -4.91368 0.200494 0 1.90103 0 
2 1 0 15.7223 0.1 49.0478 -1.17139 -4.91221 -1.17139 -4.91221 0.2004 0 1.90257 0 
2 1 0 15.7175 0.1 49.0478 -1.17124 -4.91074 -1.17124 -4.91074 0.200307 0 1.90409 0 
2 1 0 15.7127 0.1 49.0478 -1.1711 -4.90928 -1.1711 -4.90928 0.200216 0 1.90561 0 
2 1 0 15.7079 0.1 49.0478 -1.17096 -4.90782 -1.17096 -4.90782 0.200124 0 1.90713 0 
2 1 0 15.7032 0.1 49.0478 -1.17082 -4.90635 -1.17082 -4.90635 0.200034 0 1.90864 0 
2 1 0 15.6984 0.1 49.0478 -1.17068 -4.90489 -1.17068 -4.90489 0.199945 0 1.91014 0 
2 1 0 15.6936 0.1 49.0478 -1.17053 -4.90343 -1.17053 -4.90343 0.199856 0 1.91164 0 
2 1 0 15.6888 0.1 49.0478 -1.17039 -4.90197 -1.17039 -4.90197 0.199768 0 1.91313 0 
2 1 0 15.684 0.1 49.0478 -1.17025 -4.90051 -1.17025 -4.90051 0.199681 0 1.91461 0 
2 1 0 15.6793 0.1 49.0478 -1.17011 -4.89905 -1.17011 -4.89905 0.199595 0 1.91609 0 
2 1 0 15.6745 0.1 49.0478 -1.16997 -4.8976 -1.16997 -4.8976 0.199509 0 1.91757 0 
2 1 0 15.6697 0.1 49.0478 -1.16983 -4.89614 -1.16983 -4.89614 0.199425 0 1.91903 0 
2 1 0 15.6649 0.1 49.0478 -1.16968 -4.89469 -1.16968 -4.89469 0.199341 0 1.92049 0 
2 1 0 15.6601 0.1 49.0478 -1.16954 -4.89323 -1.16954 -4.89323 0.199257 0 1.92195 0 
2 1 0 15.6553 0.1 49.0478 -1.1694 -4.89178 -1.1694 -4.89178 0.199175 0 1.9234 0 
2 1 0 15.6506 0.1 49.0478 -1.16926 -4.89033 -1.16926 -4.89033 0.199093 0 1.92484 0 
2 1 0 15.6458 0.1 49.0478 -1.16912 -4.88888 -1.16912 -4.88888 0.199012 0 1.92628 0 
2 1 0 15.641 0.1 49.0478 -1.16898 -4.88743 -1.16898 -4.88743 0.198932 0 1.92771 0 
2 1 0 15.6362 0.1 49.0478 -1.16884 -4.88598 -1.16884 -4.88598 0.198852 0 1.92913 0 
2 1 0 15.6314 0.1 49.0478 -1.16869 -4.88453 -1.16869 -4.88453 0.198773 0 1.93055 0 
2 1 0 15.6266 0.1 49.0478 -1.16855 -4.88308 -1.16855 -4.88308 0.198695 0 1.93197 0 
2 1 0 15.6219 0.1 49.0478 -1.16841 -4.88164 -1.16841 -4.88164 0.198618 0 1.93338 0 
2 1 0 15.6171 0.1 49.0478 -1.16827 -4.88019 -1.16827 -4.88019 0.198541 0 1.93478 0 
2 1 0 15.6123 0.1 49.0478 -1.16813 -4.87875 -1.16813 -4.87875 0.198465 0 1.93617 0 
2 1 0 15.6075 0.1 49.0478 -1.16799 -4.87731 -1.16799 -4.87731 0.198389 0 1.93757 0 
2 1 0 15.6027 0.1 49.0478 -1.16785 -4.87587 -1.16785 -4.87587 0.198315 0 1.93895 0 
2 1 0 15.5979 0.1 49.0478 -1.16771 -4.87442 -1.16771 -4.87442 0.198241 0 1.94033 0 
2 1 0 15.5931 0.1 49.0478 -1.16756 -4.87298 -1.16756 -4.87298 0.198168 0 1.9417 0 
2 1 0 15.5884 0.1 49.0478 -1.16742 -4.87155 -1.16742 -4.87155 0.198095 0 1.94307 0 
2 1 0 15.5836 0.1 49.0478 -1.16728 -4.87011 -1.16728 -4.87011 0.198023 0 1.94444 0 
2 1 0 15.5788 0.1 49.0478 -1.16714 -4.86867 -1.16714 -4.86867 0.197952 0 1.94579 0 
2 1 0 15.574 0.1 49.0478 -1.167 -4.86723 -1.167 -4.86723 0.197882 0 1.94714 0 
2 1 0 15.5692 0.1 49.0478 -1.16686 -4.8658 -1.16686 -4.8658 0.197812 0 1.94849 0 
2 1 0 15.5644 0.1 49.0478 -1.16672 -4.86437 -1.16672 -4.86437 0.197742 0 1.94983 0 
2 1 0 15.5596 0.1 49.0478 -1.16658 -4.86293 -1.16658 -4.86293 0.197674 0 1.95117 0 
2 1 0 15.5548 0.1 49.0478 -1.16644 -4.8615 -1.16644 -4.8615 0.197606 0 1.9525 0 
2 1 0 15.5501 0.1 49.0478 -1.1663 -4.86007 -1.1663 -4.86007 0.197539 0 1.95382 0 
2 1 0 15.5453 0.1 49.0478 -1.16616 -4.85864 -1.16616 -4.85864 0.197472 0 1.95514 0 
2 1 0 15.5405 0.1 49.0478 -1.16602 -4.85721 -1.16602 -4.85721 0.197406 0 1.95646 0 
2 1 0 15.5357 0.1 49.0478 -1.16587 -4.85578 -1.16587 -4.85578 0.197341 0 1.95776 0 
2 1 0 15.5309 0.1 49.0478 -1.16573 -4.85435 -1.16573 -4.85435 0.197276 0 1.95907 0 
2 1 0 15.5261 0.1 49.0478 -1.16559 -4.85293 -1.16559 -4.85293 0.197212 0 1.96036 0 
2 1 0 15.5213 0.1 49.0478 -1.16545 -4.8515 -1.16545 -4.8515 0.197149 0 1.96166 0 
2 1 0 15.5165 0.1 49.0478 -1.16531 -4.85008 -1.16531 -4.85008 0.197086 0 1.96294 0 
2 1 0 15.5117 0.1 49.0478 -1.16517 -4.84865 -1.16517 -4.84865 0.197024 0 1.96423 0 
2 1 0 15.5069 0.1 49.0478 -1.16503 -4.84723 -1.16503 -4.84723 0.196962 0 1.9655 0 
2 1 0 15.5022 0.1 49.0478 -1.16489 -4.84581 -1.16489 -4.84581 0.196901 0 1.96677 0 
2 1 0 15.4974 0.1 49.0478 -1.16475 -4.84439 -1.16475 -4.84439 0.196841 0 1.96804 0 
2 1 0 15.4926 0.1 49.0478 -1.16461 -4.84297 -1.16461 -4.84297 0.196781 0 1.9693 0 
2 1 0 15.4878 0.1 49.0478 -1.16447 -4.84155 -1.16447 -4.84155 0.196722 0 1.97056 0 
2 1 0 15.483 0.1 49.0478 -1.16433 -4.84013 -1.16433 -4.84013 0.196663 0 1.97181 0 
2 1 0 15.4782 0.1 49.0478 -1.16419 -4.83871 -1.16419 -4.83871 0.196605 0 1.97305 0 
2 1 0 15.4734 0.1 49.0478 -1.16405 -4.83729 -1.16405 -4.83729 0.196548 0 1.97429 0 
2 1 0 15.4686 0.1 49.0478 -1.16391 -4.83588 -1.16391 -4.83588 0.196491 0 1.97553 0 
2 1 0 15.4638 0.1 49.0478 -1.16377 -4.83446 -1.16377 -4.83446 0.196435 0 1.97676 0 
2 1 0 15.459 0.1 49.0478 -1.16363 -4.83305 -1.16363 -4.83305 0.19638 0 1.97798 0 
2 1 0 15.4542 0.1 49.0478 -1.16349 -4.83164 -1.16349 -4.83164 0.196325 0 1.9792 0 
2 1 0 15.4494 0.1 49.0478 -1.16335 -4.83022 -1.16335 -4.83022 0.19627 0 1.98042 0 
2 1 0 15.4446 0.1 49.0478 -1.16321 -4.82881 -1.16321 -4.82881 0.196216 0 1.98163 0 
2 1 0 15.4398 0.1 49.0478 -1.16307 -4.8274 -1.16307 -4.8274 0.196163 0 1.98283 0 
2 1 0 15.4351 0.1 49.0478 -1.16293 -4.82599 -1.16293 -4.82599 0.19611 0 1.98403 0 
2 1 0 15.4303 0.1 49.0478 -1.16279 -4.82458 -1.16279 -4.82458 0.196058 0 1.98523 0 
2 1 0 15.4255 0.1 49.0478 -1.16265 -4.82317 -1.16265 -4.82317 0.196007 0 1.98642 0 
2 1 0 15.4207 0.1 49.0478 -1.16251 -4.82177 -1.16251 -4.82177 0.195955 0 1.9876 0 
2 1 0 15.4159 0.1 49.0478 -1.16237 -4.82036 -1.16237 -4.82036 0.195905 0 1.98878 0 
2 1 0 15.4111 0.1 49.0478 -1.16223 -4.81896 -1.16223 -4.81896 0.195855 0 1.98996 0 
2 1 0 15.4063 0.1 49.0478 -1.16209 -4.81755 -1.16209 -4.81755 0.195806 0 1.99113 0 
2 1 0 15.4015 0.1 49.0478 -1.16195 -4.81615 -1.16195 -4.81615 0.195757 0 1.99229 0 
2 1 0 15.3967 0.1 49.0478 -1.16181 -4.81474 -1.16181 -4.81474 0.195709 0 1.99345 0 
2 1 0 15.3919 0.1 49.0478 -1.16167 -4.81334 -1.16167 -4.81334 0.195661 0 1.99461 0 
2 1 0 15.3871 0.1 49.0478 -1.16153 -4.81194 -1.16153 -4.81194 0.195614 0 1.99576 0 
2 1 0 15.3823 0.1 49.0478 -1.16139 -4.81054 -1.16139 -4.81054 0.195567 0 1.99691 0 
2 1 0 15.3775 0.1 49.0478 -1.16125 -4.80914 -1.16125 -4.80914 0.195521 0 1.99805 0 
2 1 0 15.3727 0.1 49.0478 -1.16111 -4.80774 -1.16111 -4.80774 0.195475 0 1.99918 0 
2 1 0 15.3679 0.1 49.0478 -1.16097 -4.80634 -1.16097 -4.80634 0.19543 0 2.00032 0 
2 1 0 15.3631 0.1 49.0478 -1.16083 -4.80495 -1.16083 -4.80495 0.195386 0 2.00144 0 
2 1 0 15.3583 0.1 49.0478 -1.16069 -4.80355 -1.16069 -4.80355 0.195342 0 2.00256 0 
2 1 0 15.3535 0.1 49.0478 -1.16055 -4.80216 -1.16055 -4.80216 0.195299 0 2.00368 0 
2 1 0 15.3487 0.1 49.0478 -1.16041 -4.80076 -1.16041 -4.80076 0.195256 0 2.00479 0 
2 1 0 15.3439 0.1 49.0478 -1.16027 -4.79937 -1.16027 -4.79937 0.195213 0 2.0059 0 
2 1 0 15.3391 0.1 49.0478 -1.16013 -4.79797 -1.16013 -4.79797 0.195171 0 2.007 0 
2 1 0 15.3343 0.1 49.0478 -1.15999 -4.79658 -1.15999 -4.79658 0.19513 0 2.0081 0 
2 1 0 15.3295 0.1 49.0478 -1.15985 -4.79519 -1.15985 -4.79519 0.195089 0 2.00919 0 
2 1 0 15.3247 0.1 49.0478 -1.15971 -4.7938 -1.15971 -4.7938 0.195049 0 2.01028 0 
2 1 0 15.3199 0.1 49.0478 -1.15957 -4.79241 -1.15957 -4.79241 0.195009 0 2.01137 0 
2 1 0 15.3151 0.1 49.0478 -1.15943 -4.79102 -1.15943 -4.79102 0.194969 0 2.01245 0 
2 1 0 15.3103 0.1 49.0478 -1.15929 -4.78963 -1.15929 -4.78963 0.194931 0 2.01352 0 
2 1 0 15.3055 0.1 49.0478 -1.15915 -4.78825 -1.15915 -4.78825 0.194892 0 2.01459 0 
2 1 0 15.3007 0.1 49.0478 -1.15901 -4.78686 -1.15901 -4.78686 0.194854 0 2.01566 0 
2 1 0 15.2959 0.1 49.0478 -1.15887 -4.78547 -1.15887 -4.78547 0.194817 0 2.01672 0 
2 1 0 15.2911 0.1 49.0478 -1.15873 -4.78409 -1.15873 -4.78409 0.19478 0 2.01777 0 
2 1 0 15.2863 0.1 49.0478 -1.15859 -4.7827 -1.15859 -4.7827 0.194744 0 2.01882 0 
2 1 0 15.2815 0.1 49.0478 -1.15846 -4.78132 -1.15846 -4.78132 0.194708 0 2.01987 0 
2 1 0 15.2767 0.1 49.0478 -1.15832 -4.77994 -1.15832 -4.77994 0.194673 0 2.02091 0 
2 1 0 15.2719 0.1 49.0478 -1.15818 -4.77856 -1.15818 -4.77856 0.194638 0 2.02195 0 
2 1 0 15.2671 0.1 49.0478 -1.15804 -4.77717 -1.15804 -4.77717 0.194603 0 2.02298 0 
2 1 0 15.2623 0.1 49.0478 -1.1579 -4.77579 -1.1579 -4.77579 0.19457 0 2.02401 0 
2 1 0 15.2575 0.1 49.0478 -1.15776 -4.77441 -1.15776 -4.77441 0.194536 0 2.02503 0 
2 1 0 15.2527 0.1 49.0478 -1.15762 -4.77304 -1.15762 -4.77304 0.194503 0 2.02605 0 
2 1 0 15.2479 0.1 49.0478 -1.15748 -4.77166 -1.15748 -4.77166 0.194471 0 2.02707 0 
2 1 0 15.243 0.1 49.0478 -1.15734 -4.77028 -1.15734 -4.77028 0.194439 0 2.02808 0 
2 1 0 15.2382 0.1 49.0478 -1.1572 -4.7689 -1.1572 -4.7689 0.194407 0 2.02908 0 
2 1 0 15.2334 0.1 49.0478 -1.15706 -4.76753 -1.15706 -4.76753 0.194376 0 2.03009 0 
2 1 0 15.2286 0.1 49.0478 -1.15692 -4.76615 -1.15692 -4.76615 0.194345 0 2.03108 0 
2 1 0 15.2238 0.1 49.0478 -1.15678 -4.76478 -1.15678 -4.76478 0.194315 0 2.03208 0 
2 1 0 15.219 0.1 49.0478 -1.15664 -4.76341 -1.15664 -4.76341 0.194286 0 2.03306 0 
2 1 0 15.2142 0.1 49.0478 -1.1565 -4.76203 -1.1565 -4.76203 0.194257 0 2.03405 0 
2 1 0 15.2094 0.1 49.0478 -1.15636 -4.76066 -1.15636 -4.76066 0.194228 0 2.03503 0 
2 1 0 15.2046 0.1 49.0478 -1.15623 -4.75929 -1.15623 -4.75929 0.1942 0 2.036 0 
2 1 0 15.1998 0.1 49.0478 -1.15609 -4.75792 -1.15609 -4.75792 0.194172 0 2.03697 0 
2 1 0 15.195 0.1 49.0478 -1.15595 -4.75655 -1.15595 -4.75655 0.194144 0 2.03793 0 
2 1 0 15.1902 0.1 49.0478 -1.15581 -4.75518 -1.15581 -4.75518 0.194118 0 2.0389 0 
2 1 0 15.1854 0.1 49.0478 -1.15567 -4.75381 -1.15567 -4.75381 0.194091 0 2.03985 0 
2 1 0 15.1806 0.1 49.0478 -1.15553 -4.75245 -1.15553 -4.75245 0.194065 0 2.0408 0 
2 1 0 15.1758 0.1 49.0478 -1.15539 -4.75108 -1.15539 -4.75108 0.19404 0 2.04175 0 
2 1 0 15.171 0.1 49.0478 -1.15525 -4.74971 -1.15525 -4.74971 0.194015 0 2.0427 0 
2 1 0 15.1661 0.1 49.0478 -1.15511 -4.74835 -1.15511 -4.74835 0.19399 0 2.04364 0 
2 1 0 15.1613 0.1 49.0478 -1.15497 -4.74698 -1.15497 -4.74698 0.193966 0 2.04457 0 
2 1 0 15.1565 0.1 49.0478 -1.15483 -4.74562 -1.15483 -4.74562 0.193942 0 2.0455 0 
2 1 0 15.1517 0.1 49.0478 -1.15469 -4.74426 -1.15469 -4.74426 0.193919 0 2.04643 0 
2 1 0 15.1469 0.1 49.0478 -1.15456 -4.7429 -1.15456 -4.7429 0.193896 0 2.04735 0 
2 1 0 15.1421 0.1 49.0478 -1.15442 -4.74153 -1.15442 -4.74153 0.193874 0 2.04827 0 
2 1 0 15.1373 0.1 49.0478 -1.15428 -4.74017 -1.15428 -4.74017 0.193852 0 2.04918 0 
2 1 0 15.1325 0.1 49.0478 -1.15414 -4.73881 -1.15414 -4.73881 0.19383 0 2.05009 0 
2 1 0 15.1277 0.1 49.0478 -1.154 -4.73745 -1.154 -4.73745 0.193809 0 2.05099 0 
2 1 0 15.1229 0.1 49.0478 -1.15386 -4.7361 -1.15386 -4.7361 0.193788 0 2.05189 0 
2 1 0 15.1181 0.1 49.0478 -1.15372 -4.73474 -1.15372 -4.73474 0.193768 0 2.05279 0 
2 1 0 15.1132 0.1 49.0478 -1.15358 -4.73338 -1.15358 -4.73338 0.193749 0 2.05368 0 
2 1 0 15.1084 0.1 49.0478 -1.15344 -4.73202 -1.15344 -4.73202 0.193729 0 2.05457 0 
2 1 0 15.1036 0.1 49.0478 -1.1533 -4.73067 -1.1533 -4.73067 0.19371 0 2.05545 0 
2 1 0 15.0988 0.1 49.0478 -1.15316 -4.72931 -1.15316 -4.72931 0.193692 0 2.05633 0 
2 1 0 15.094 0.1 49.0478 -1.15303 -4.72796 -1.15303 -4.72796 0.193674 0 2.0572 0 
2 1 0 15.0892 0.1 49.0478 -1.15289 -4.72661 -1.15289 -4.72661 0.193656 0 2.05807 0 
2 1 0 15.0844 0.1 49.0478 -1.15275 -4.72525 -1.15275 -4.72525 0.193639 0 2.05894 0 
2 1 0 15.0796 0.1 49.0478 -1.15261 -4.7239 -1.15261 -4.7239 0.193622 0 2.0598 0 
2 1 0 15.0748 0.1 49.0478 -1.15247 -4.72255 -1.15247 -4.72255 0.193606 0 2.06066 0 
2 1 0 15.0699 0.1 49.0478 -1.15233 -4.7212 -1.15233 -4.7212 0.19359 0 2.06151 0 
2 1 0 15.0651 0.1 49.0478 -1.15219 -4.71985 -1.15219 -4.71985 0.193574 0 2.06236 0 
2 1 0 15.0603 0.1 49.0478 -1.15205 -4.7185 -1.15205 -4.7185 0.193559 0 2.0632 0 
2 1 0 15.0555 0.1 49.0478 -1.15191 -4.71715 -1.15191 -4.71715 0.193545 0 2.06404 0 
2 1 0 15.0507 0.1 49.0478 -1.15178 -4.7158 -1.15178 -4.7158 0.19353 0 2.06488 0 
2 1 0 15.0459 0.1 49.0478 -1.15164 -4.71446 -1.15164 -4.71446 0.193517 0 2.06571 0 
2 1 0 15.0411 0.1 49.0478 -1.1515 -4.71311 -1.1515 -4.71311 0.193503 0 2.06654 0 
2 1 0 15.0363 0.1 49.0478 -1.15136 -4.71177 -1.15136 -4.71177 0.19349 0 2.06736 0 
2 1 0 15.0314 0.1 49.0478 -1.15122 -4.71042 -1.15122 -4.71042 0.193478 0 2.06818 0 
2 1 0 15.0266 0.1 49.0478 -1.15108 -4.70908 -1.15108 -4.70908 0.193465 0 2.06899 0 
2 1 0 15.0218 0.1 49.0478 -1.15094 -4.70773 -1.15094 -4.70773 0.193454 0 2.06981 0 
2 1 0 15.017 0.1 49.0478 -1.1508 -4.70639 -1.1508 -4.70639 0.193442 0 2.07061 0 
2 1 0 15.0122 0.1 49.0478 -1.15066 -4.70505 -1.15066 -4.70505 0.193431 0 2.07141 0 
2 1 0 15.0074 0.1 49.0478 -1.15052 -4.70371 -1.15052 -4.70371 0.193421 0 2.07221 0 
2 1 0 15.0026 0.1 49.0478 -1.15039 -4.70237 -1.15039 -4.70237 0.193411 0 2.07301 0 
2 1 0 14.9977 0.1 49.0478 -1.15025 -4.70103 -1.15025 -4.70103 0.193401 0 2.0738 0 
2 1 0 14.9929 0.1 49.0478 -1.15011 -4.69969 -1.15011 -4.69969 0.193392 0 2.07458 0 
2 1 0 14.9881 0.1 49.0478 -1.14997 -4.69835 -1.14997 -4.69835 0.193383 0 2.07536 0 
2 1 0 14.9833 0.1 49.0478 -1.14983 -4.69701 -1.14983 -4.69701 0.193374 0 2.07614 0 
2 1 0 14.9785 0.1 49.0478 -1.14969 -4.69567 -1.14969 -4.69567 0.193366 0 2.07692 0 
2 1 0 14.9737 0.1 49.0478 -1.14955 -4.69434 -1.14955 -4.69434 0.193358 0 2.07768 0 
2 1 0 14.9688 0.1 49.0478 -1.14941 -4.693 -1.14941 -4.693 0.193351 0 2.07845 0 
2 1 0 14.964 0.1 49.0478 -1.14928 -4.69166 -1.14928 -4.69166 0.193344 0 2.07921 0 
2 1 0 14.9592 0.1 49.0478 -1.14914 -4.69033 -1.14914 -4.69033 0.193338 0 2.07997 0 
2 1 0 14.9544 0.1 49.0478 -1.149 -4.689 -1.149 -4.689 0.193332 0 2.08072 0 
2 1 0 14.9496 0.1 49.0478 -1.14886 -4.68766 -1.14886 -4.68766 0.193326 0 2.08147 0 
2 1 0 14.9448 0.1 49.0478 -1.14872 -4.68633 -1.14872 -4.68633 0.193321 0 2.08221 0 
2 1 0 14.9399 0.1 49.0478 -1.14858 -4.685 -1.14858 -4.685 0.193316 0 2.08295 0 
2 1 0 14.9351 0.1 49.0478 -1.14844 -4.68367 -1.14844 -4.68367 0.193311 0 2.08369 0 
2 1 0 14.9303 0.1 49.0478 -1.1483 -4.68234 -1.1483 -4.68234 0.193307 0 2.08442 0 
2 1 0 14.9255 0.1 49.0478 -1.14816 -4.68101 -1.14816 -4.68101 0.193303 0 2.08515 0 
2 1 0 14.9207 0.1 49.0478 -1.14803 -4.67968 -1.14803 -4.67968 0.1933 0 2.08588 0 
2 1 0 14.9159 0.1 49.0478 -1.14789 -4.67835 -1.14789 -4.67835 0.193297 0 2.0866 0 
2 1 0 14.911 0.1 49.0478 -1.14775 -4.67702 -1.14775 -4.67702 0.193294 0 2.08731 0 
2 1 0 14.9062 0.1 49.0478 -1.14761 -4.67569 -1.14761 -4.67569 0.193292 0 2.08802 0 
2 1 0 14.9014 0.1 49.0478 -1.14747 -4.67437 -1.14747 -4.67437 0.19329 0 2.08873 0 
2 1 0 14.8966 0.1 49.0478 -1.14733 -4.67304 -1.14733 -4.67304 0.193289 0 2.08944 0 
2 1 0 14.8918 0.1 49.0478 -1.14719 -4.67172 -1.14719 -4.67172 0.193288 0 2.09014 0 
2 1 0 14.8869 0.1 49.0478 -1.14705 -4.67039 -1.14705 -4.67039 0.193287 0 2.09083 0 
2 1 0 14.8821 0.1 49.0478 -1.14692 -4.66907 -1.14692 -4.66907 0.193287 0 2.09152 0 
2 1 0 14.8773 0.1 49.0478 -1.14678 -4.66775 -1.14678 -4.66775 0.193287 0 2.09221 0 
2 1 0 14.8725 0.1 49.0478 -1.14664 -4.66642 -1.14664 -4.66642 0.193287 0 2.09289 0 
2 1 0 14.8677 0.1 49.0478 -1.1465 -4.6651 -1.1465 -4.6651 0.193288 0 2.09357 0 
2 1 0 14.8628 0.1 49.0478 -1.14636 -4.66378 -1.14636 -4.66378 0.19329 0 2.09425 0 
2 1 0 14.858 0.1 49.0478 -1.14622 -4.66246 -1.14622 -4.66246 0.193291 0 2.09492 0 
2 1 0 14.8532 0.1 49.0478 -1.14608 -4.66114 -1.14608 -4.66114 0.193293 0 2.09559 0 
2 1 0 14.8484 0.1 49.0478 -1.14594 -4.65982 -1.14594 -4.65982 0.193296 0 2.09625 0 
2 1 0 14.8436 0.1 49.0478 -1.1458 -4.6585 -1.1458 -4.6585 0.193299 0 2.09691 0 
2 1 0 14.8387 0.1 49.0478 -1.14567 -4.65718 -1.14567 -4.65718 0.193302 0 2.09757 0 
2 1 0 14.8339 0.1 49.0478 -1.14553 -4.65587 -1.14553 -4.65587 0.193305 0 2.09822 0 
2 1 0 14.8291 0.1 49.0478 -1.14539 -4.65455 -1.14539 -4.65455 0.193309 0 2.09887 0 
2 1 0 14.8243 0.1 49.0478 -1.14525 -4.65323 -1.14525 -4.65323 0.193313 0 2.09951 0 
2 1 0 14.8194 0.1 49.0478 -1.14511 -4.65192 -1.14511 -4.65192 0.193318 0 2.10015 0 
2 1 0 14.8146 0.1 49.0478 -1.14497 -4.6506 -1.14497 -4.6506 0.193323 0 2.10078 0 
2 1 0 14.8098 0.1 49.0478 -1.14483 -4.64929 -1.14483 -4.64929 0.193329 0 2.10142 0 
2 1 0 14.805 0.1 49.0478 -1.14469 -4.64798 -1.14469 -4.64798 0.193334 0 2.10204 0 
2 1 0 14.8002 0.1 49.0478 -1.14456 -4.64666 -1.14456 -4.64666 0.193341 0 2.10267 0 
2 1 0 14.7953 0.1 49.0478 -1.14442 -4.64535 -1.14442 -4.64535 0.193347 0 2.10329 0 
2 1 0 14.7905 0.1 49.0478 -1.14428 -4.64404 -1.14428 -4.64404 0.193354 0 2.1039 0 
2 1 0 14.7857 0.1 49.0478 -1.14414 -4.64273 -1.14414 -4.64273 0.193361 0 2.10451 0 
2 1 0 14.7809 0.1 49.0478 -1.144 -4.64142 -1.144 -4.64142 0.193369 0 2.10512 0 
2 1 0 14.776 0.1 49.0478 -1.14386 -4.64011 -1.14386 -4.64011 0.193377 0 2.10573 0 
2 1 0 14.7712 0.1 49.0478 -1.14372 -4.6388 -1.14372 -4.6388 0.193385 0 2.10632 0 
2 1 0 14.7664 0.1 49.0478 -1.14358 -4.63749 -1.14358 -4.63749 0.193394 0 2.10692 0 
2 1 0 14.7616 0.1 49.0478 -1.14344 -4.63619 -1.14344 -4.63619 0.193403 0 2.10751 0 
2 1 0 14.7567 0.1 49.0478 -1.14331 -4.63488 -1.14331 -4.63488 0.193413 0 2.1081 0 
2 1 0 14.7519 0.1 49.0478 -1.14317 -4.63357 -1.14317 -4.63357 0.193423 0 2.10868 0 
2 1 0 14.7471 0.1 49.0478 -1.14303 -4.63227 -1.14303 -4.63227 0.193433 0 2.10926 0 
2 1 0 14.7423 0.1 49.0478 -1.14289 -4.63096 -1.14289 -4.63096 0.193444 0 2.10984 0 
2 1 0 14.7374 0.1 49.0478 -1.14275 -4.62966 -1.14275 -4.62966 0.193455 0 2.11041 0 
2 1 0 14.7326 0.1 49.0478 -1.14261 -4.62835 -1.14261 -4.62835 0.193466 0 2.11098 0 
2 1 0 14.7278 0.1 49.0478 -1.14247 -4.62705 -1.14247 -4.62705 0.193478 0 2.11154 0 
2 1 0 14.723 0.1 49.0478 -1.14233 -4.62575 -1.14233 -4.62575 0.19349 0 2.1121 0 
2 1 0 14.7181 0.1 49.0478 -1.1422 -4.62445 -1.1422 -4.62445 0.193502 0 2.11266 0 
2 1 0 14.7133 0.1 49.0478 -1.14206 -4.62315 -1.14206 -4.62315 0.193515 0 2.11321 0 
2 1 0 14.7085 0.1 49.0478 -1.14192 -4.62185 -1.14192 -4.62185 0.193528 0 2.11376 0 
2 1 0 14.7037 0.1 49.0478 -1.14178 -4.62055 -1.14178 -4.62055 0.193542 0 2.1143 0 
2 1 0 14.6988 0.1 49.0478 -1.14164 -4.61925 -1.14164 -4.61925 0.193556 0 2.11484 0 
2 1 0 14.694 0.1 49.0478 -1.1415 -4.61795 -1.1415 -4.61795 0.19357 0 2.11538 0 
2 1 0 14.6892 0.1 49.0478 -1.14136 -4.61665 -1.14136 -4.61665 0.193584 0 2.11591 0 
2 1 0 14.6844 0.1 49.0478 -1.14122 -4.61535 -1.14122 -4.61535 0.193599 0 2.11644 0 
2 1 0 14.6795 0.1 49.0478 -1.14108 -4.61406 -1.14108 -4.61406 0.193615 0 2.11697 0 
2 1 0 14.6747 0.1 49.0478 -1.14095 -4.61276 -1.14095 -4.61276 0.19363 0 2.11749 0 
2 1 0 14.6699 0.1 49.0478 -1.14081 -4.61146 -1.14081 -4.61146 0.193647 0 2.118 0 
2 1 0 14.6651 0.1 49.0478 -1.14067 -4.61017 -1.14067 -4.61017 0.193663 0 2.11852 0 
2 1 0 14.6602 0.1 49.0478 -1.14053 -4.60888 -1.14053 -4.60888 0.19368 0 2.11903 0 
2 1 0 14.6554 0.1 49.0478 -1.14039 -4.60758 -1.14039 -4.60758 0.193697 0 2.11953 0 
2 1 0 14.6506 0.1 49.0478 -1.14025 -4.60629 -1.14025 -4.60629 0.193714 0 2.12003 0 
2 1 0 14.6457 0.1 49.0478 -1.14011 -4.605 -1.14011 -4.605 0.193732 0 2.12053 0 
2 1 0 14.6409 0.1 49.0478 -1.13997 -4.6037 -1.13997 -4.6037 0.193751 0 2.12102 0 
2 1 0 14.6361 0.1 49.0478 -1.13983 -4.60241 -1.13983 -4.60241 0.193769 0 2.12151 0 
2 1 0 14.6313 0.1 49.0478 -1.1397 -4.60112 -1.1397 -4.60112 0.193788 0 2.122 0 
2 1 0 14.6264 0.1 49.0478 -1.13956 -4.59983 -1.13956 -4.59983 0.193807 0 2.12248 0 
2 1 0 14.6216 0.1 49.0478 -1.13942 -4.59854 -1.13942 -4.59854 0.193827 0 2.12296 0 
2 1 0 14.6168 0.1 49.0478 -1.13928 -4.59726 -1.13928 -4.59726 0.193847 0 2.12343 0 
2 1 0 14.6119 0.1 49.0478 -1.13914 -4.59597 -1.13914 -4.59597 0.193867 0 2.1239 0 
2 1 0 14.6071 0.1 49.0478 -1.139 -4.59468 -1.139 -4.59468 0.193888 0 2.12437 0 
2 1 0 14.6023 0.1 49.0478 -1.13886 -4.59339 -1.13886 -4.59339 0.193909 0 2.12483 0 
2 1 0 14.5975 0.1 49.0478 -1.13872 -4.59211 -1.13872 -4.59211 0.193931 0 2.12529 0 
2 1 0 14.5926 0.1 49.0478 -1.13858 -4.59082 -1.13858 -4.59082 0.193953 0 2.12574 0 
2 1 0 14.5878 0.1 49.0478 -1.13844 -4.58954 -1.13844 -4.58954 0.193975 0 2.12619 0 
2 1 0 14.583 0.1 49.0478 -1.13831 -4.58825 -1.13831 -4.58825 0.193997 0 2.12664 0 
2 1 0 14.5781 0.1 49.0478 -1.13817 -4.58697 -1.13817 -4.58697 0.19402 0 2.12708 0 
2 1 0 14.5733 0.1 49.0478 -1.13803 -4.58568 -1.13803 -4.58568 0.194043 0 2.12752 0 
2 1 0 14.5685 0.1 49.0478 -1.13789 -4.5844 -1.13789 -4.5844 0.194067 0 2.12796 0 
2 1 0 14.5636 0.1 49.0478 -1.13775 -4.58312 -1.13775 -4.58312 0.194091 0 2.12839 0 
2 1 0 14.5588 0.1 49.0478 -1.13761 -4.58184 -1.13761 -4.58184 0.194115 0 2.12882 0 
2 1 0 14.554 0.1 49.0478 -1.13747 -4.58056 -1.13747 -4.58056 0.19414 0 2.12924 0 
2 1 0 14.5491 0.1 49.0478 -1.13733 -4.57928 -1.13733 -4.57928 0.194165 0 2.12966 0 
2 1 0 14.5443 0.1 49.0478 -1.13719 -4.578 -1.13719 -4.578 0.19419 0 2.13007 0 
2 1 0 14.5395 0.1 49.0478 -1.13705 -4.57672 -1.13705 -4.57672 0.194216 0 2.13049 0 
2 1 0 14.5347 0.1 49.0478 -1.13692 -4.57544 -1.13692 -4.57544 0.194242 0 2.13089 0 
2 1 0 14.5298 0.1 49.0478 -1.13678 -4.57416 -1.13678 -4.57416 0.194268 0 2.1313 0 
2 1 0 14.525 0.1 49.0478 -1.13664 -4.57289 -1.13664 -4.57289 0.194295 0 2.1317 0 
2 1 0 14.5202 0.1 49.0478 -1.1365 -4.57161 -1.1365 -4.57161 0.194322 0 2.13209 0 
2 1 0 14.5153 0.1 49.0478 -1.13636 -4.57033 -1.13636 -4.57033 0.19435 0 2.13249 0 
2 1 0 14.5105 0.1 49.0478 -1.13622 -4.56906 -1.13622 -4.56906 0.194378 0 2.13287 0 
2 1 0 14.5057 0.1 49.0478 -1.13608 -4.56778 -1.13608 -4.56778 0.194406 0 2.13326 0 
2 1 0 14.5008 0.1 49.0478 -1.13594 -4.56651 -1.13594 -4.56651 0.194434 0 2.13364 0 
2 1 0 14.496 0.1 49.0478 -1.1358 -4.56524 -1.1358 -4.56524 0.194463 0 2.13402 0 
2 1 0 14.4912 0.1 49.0478 -1.13566 -4.56396 -1.13566 -4.56396 0.194493 0 2.13439 0 
2 1 0 14.4863 0.1 49.0478 -1.13552 -4.56269 -1.13552 -4.56269 0.194522 0 2.13476 0 
2 1 0 14.4815 0.1 49.0478 -1.13539 -4.56142 -1.13539 -4.56142 0.194552 0 2.13512 0 
2 1 0 14.4767 0.1 49.0478 -1.13525 -4.56015 -1.13525 -4.56015 0.194583 0 2.13549 0 
2 1 0 14.4718 0.1 49.0478 -1.13511 -4.55888 -1.13511 -4.55888 0.194613 0 2.13584 0 
2 1 0 14.467 0.1 49.0478 -1.13497 -4.55761 -1.13497 -4.55761 0.194644 0 2.1362 0 
2 1 0 14.4622 0.1 49.0478 -1.13483 -4.55634 -1.13483 -4.55634 0.194676 0 2.13655 0 
2 1 0 14.4573 0.1 49.0478 -1.13469 -4.55507 -1.13469 -4.55507 0.194707 0 2.13689 0 
2 1 0 14.4525 0.1 49.0478 -1.13455 -4.5538 -1.13455 -4.5538 0.194739 0 2.13723 0 
2 1 0 14.4477 0.1 49.0478 -1.13441 -4.55253 -1.13441 -4.55253 0.194772 0 2.13757 0 
2 1 0 14.4428 0.1 49.0478 -1.13427 -4.55127 -1.13427 -4.55127 0.194805 0 2.13791 0 
2 1 0 14.438 0.1 49.0478 -1.13413 -4.55 -1.13413 -4.55 0.194838 0 2.13824 0 
2 1 0 14.4331 0.1 49.0478 -1.13399 -4.54874 -1.13399 -4.54874 0.194871 0 2.13856 0 
2 1 0 14.4283 0.1 49.0478 -1.13385 -4.54747 -1.13385 -4.54747 0.194905 0 2.13889 0 
2 1 0 14.4235 0.1 49.0478 -1.13372 -4.54621 -1.13372 -4.54621 0.194939 0 2.13921 0 
2 1 0 14.4186 0.1 49.0478 -1.13358 -4.54494 -1.13358 -4.54494 0.194974 0 2.13952 0 
2 1 0 14.4138 0.1 49.0478 -1.13344 -4.54368 -1.13344 -4.54368 0.195009 0 2.13983 0 
2 1 0 14.409 0.1 49.0478 -1.1333 -4.54242 -1.1333 -4.54242 0.195044 0 2.14014 0 
2 1 0 14.4041 0.1 49.0478 -1.13316 -4.54115 -1.13316 -4.54115 0.19508 0 2.14044 0 
2 1 0 14.3993 0.1 49.0478 -1.13302 -4.53989 -1.13302 -4.53989 0.195116 0 2.14074 0 
2 1 0 14.3945 0.1 49.0478 -1.13288 -4.53863 -1.13288 -4.53863 0.195152 0 2.14104 0 
2 1 0 14.3896 0.1 49.0478 -1.13274 -4.53737 -1.13274 -4.53737 0.195189 0 2.14133 0 
2 1 0 14.3848 0.1 49.0478 -1.1326 -4.53611 -1.1326 -4.53611 0.195226 0 2.14162 0 
2 1 0 14.3799 0.1 49.0478 -1.13246 -4.53485 -1.13246 -4.53485 0.195263 0 2.1419 0 
2 1 0 14.3751 0.1 49.0478 -1.13232 -4.53359 -1.13232 -4.53359 0.195301 0 2.14218 0 
2 1 0 14.3703 0.1 49.0478 -1.13218 -4.53233 -1.13218 -4.53233 0.195339 0 2.14246 0 
2 1 0 14.3654 0.1 49.0478 -1.13204 -4.53108 -1.13204 -4.53108 0.195377 0 2.14273 0 
2 1 0 14.3606 0.1 49.0478 -1.1319 -4.52982 -1.1319 -4.52982 0.195416 0 2.143 0 
2 1 0 14.3558 0.1 49.0478 -1.13177 -4.52856 -1.13177 -4.52856 0.195455 0 2.14327 0 
2 1 0 14.3509 0.1 49.0478 -1.13163 -4.52731 -1.13163 -4.52731 0.195495 0 2.14353 0 
2 1 0 14.3461 0.1 49.0478 -1.13149 -4.52605 -1.13149 -4.52605 0.195534 0 2.14378 0 
2 1 0 14.3412 0.1 49.0478 -1.13135 -4.5248 -1.13135 -4.5248 0.195575 0 2.14404 0 
2 1 0 14.3364 0.1 49.0478 -1.13121 -4.52354 -1.13121 -4.52354 0.195615 0 2.14429 0 
2 1 0 14.3316 0.1 49.0478 -1.13107 -4.52229 -1.13107 -4.52229 0.195656 0 2.14453 0 
2 1 0 14.3267 0.1 49.0478 -1.13093 -4.52104 -1.13093 -4.52104 0.195697 0 2.14478 0 
2 1 0 14.3219 0.1 49.0478 -1.13079 -4.51979 -1.13079 -4.51979 0.195739 0 2.14501 0 
2 1 0 14.3171 0.1 49.0478 -1.13065 -4.51853 -1.13065 -4.51853 0.195781 0 2.14525 0 
2 1 0 14.3122 0.1 49.0478 -1.13051 -4.51728 -1.13051 -4.51728 0.195823 0 2.14548 0 
2 1 0 14.3074 0.1 49.0478 -1.13037 -4.51603 -1.13037 -4.51603 0.195866 0 2.1457 0 
2 1 0 14.3025 0.1 49.0478 -1.13023 -4.51478 -1.13023 -4.51478 0.195909 0 2.14593 0 
2 1 0 14.2977 0.1 49.0478 -1.13009 -4.51353 -1.13009 -4.51353 0.195952 0 2.14615 0 
2 1 0 14.2929 0.1 49.0478 -1.12995 -4.51228 -1.12995 -4.51228 0.195996 0 2.14636 0 
2 1 0 14.288 0.1 49.0478 -1.12981 -4.51104 -1.12981 -4.51104 0.19604 0 2.14657 0 
2 1 0 14.2832 0.1 49.0478 -1.12967 -4.50979 -1.12967 -4.50979 0.196084 0 2.14678 0 
2 1 0 14.2783 0.1 49.0478 -1.12953 -4.50854 -1.12953 -4.50854 0.196129 0 2.14698 0 
2 1 0 14.2735 0.1 49.0478 -1.12939 -4.50729 -1.12939 -4.50729 0.196174 0 2.14718 0 
2 1 0 14.2687 0.1 49.0478 -1.12925 -4.50605 -1.12925 -4.50605 0.19622 0 2.14738 0 
2 1 0 14.2638 0.1 49.0478 -1.12911 -4.5048 -1.12911 -4.5048 0.196266 0 2.14757 0 
2 1 0 14.259 0.1 49.0478 -1.12898 -4.50356 -1.12898 -4.50356 0.196312 0 2.14776 0 
2 1 0 14.2541 0.1 49.0478 -1.12884 -4.50231 -1.12884 -4.50231 0.196358 0 2.14794 0 
2 1 0 14.2493 0.1 49.0478 -1.1287 -4.50107 -1.1287 -4.50107 0.196405 0 2.14812 0 
2 1 0 14.2445 0.1 49.0478 -1.12856 -4.49983 -1.12856 -4.49983 0.196453 0 2.1483 0 
2 1 0 14.2396 0.1 49.0478 -1.12842 -4.49858 -1.12842 -4.49858 0.1965 0 2.14847 0 
2 1 0 14.2348 0.1 49.0478 -1.12828 -4.49734 -1.12828 -4.49734 0.196548 0 2.14864 0 
2 1 0 14.2299 0.1 49.0478 -1.12814 -4.4961 -1.12814 -4.4961 0.196597 0 2.1488 0 
2 1 0 14.2251 0.1 49.0478 -1.128 -4.49486 -1.128 -4.49486 0.196645 0 2.14896 0 
2 1 0 14.2203 0.1 49.0478 -1.12786 -4.49362 -1.12786 -4.49362 0.196694 0 2.14912 0 
2 1 0 14.2154 0.1 49.0478 -1.12772 -4.49238 -1.12772 -4.49238 0.196744 0 2.14927 0 
2 1 0 14.2106 0.1 49.0478 -1.12758 -4.49114 -1.12758 -4.49114 0.196794 0 2.14942 0 
2 1 0 14.2057 0.1 49.0478 -1.12744 -4.4899 -1.12744 -4.4899 0.196844 0 2.14957 0 
2 1 0 14.2009 0.1 49.0478 -1.1273 -4.48866 -1.1273 -4.48866 0.196894 0 2.14971 0 
2 1 0 14.196 0.1 49.0478 -1.12716 -4.48743 -1.12716 -4.48743 0.196945 0 2.14985 0 
2 1 0 14.1912 0.1 49.0478 -1.12702 -4.48619 -1.12702 -4.48619 0.196996 0 2.14998 0 
2 1 0 14.1864 0.1 49.0478 -1.12688 -4.48495 -1.12688 -4.48495 0.197048 0 2.15011 0 
2 1 0 14.1815 0.1 49.0478 -1.12674 -4.48372 -1.12674 -4.48372 0.1971 0 2.15024 0 
2 1 0 14.1767 0.1 49.0478 -1.1266 -4.48248 -1.1266 -4.48248 0.197152 0 2.15036 0 
2 1 0 14.1718 0.1 49.0478 -1.12646 -4.48125 -1.12646 -4.48125 0.197205 0 2.15048 0 
2 1 0 14.167 0.1 49.0478 -1.12632 -4.48001 -1.12632 -4.48001 0.197258 0 2.15059 0 
2 1 0 14.1621 0.1 49.0478 -1.12618 -4.47878 -1.12618 -4.47878 0.197311 0 2.15071 0 
2 1 0 14.1573 0.1 49.0478 -1.12604 -4.47755 -1.12604 -4.47755 0.197365 0 2.15081 0 
2 1 0 14.1525 0.1 49.0478 -1.1259 -4.47631 -1.1259 -4.47631 0.197419 0 2.15092 0 
2 1 0 14.1476 0.1 49.0478 -1.12576 -4.47508 -1.12576 -4.47508 0.197473 0 2.15101 0 
2 1 0 14.1428 0.1 49.0478 -1.12562 -4.47385 -1.12562 -4.47385 0.197528 0 2.15111 0 
2 1 0 14.1379 0.1 49.0478 -1.12548 -4.47262 -1.12548 -4.47262 0.197583 0 2.1512 0 
2 1 0 14.1331 0.1 49.0478 -1.12534 -4.47139 -1.12534 -4.47139 0.197639 0 2.15129 0 
2 1 0 14.1282 0.1 49.0478 -1.1252 -4.47016 -1.1252 -4.47016 0.197695 0 2.15137 0 
2 1 0 14.1234 0.1 49.0478 -1.12506 -4.46893 -1.12506 -4.46893 0.197751 0 2.15145 0 
2 1 0 14.1185 0.1 49.0478 -1.12492 -4.4677 -1.12492 -4.4677 0.197808 0 2.15153 0 
2 1 0 14.1137 0.1 49.0478 -1.12478 -4.46648 -1.12478 -4.46648 0.197865 0 2.1516 0 
2 1 0 14.1089 0.1 49.0478 -1.12464 -4.46525 -1.12464 -4.46525 0.197922 0 2.15167 0 
2 1 0 14.104 0.1 49.0478 -1.1245 -4.46402 -1.1245 -4.46402 0.19798 0 2.15173 0 
2 1 0 14.0992 0.1 49.0478 -1.12436 -4.4628 -1.12436 -4.4628 0.198038 0 2.15179 0 
2 1 0 14.0943 0.1 49.0478 -1.12422 -4.46157 -1.12422 -4.46157 0.198096 0 2.15185 0 
2 1 0 14.0895 0.1 49.0478 -1.12408 -4.46034 -1.12408 -4.46034 0.198155 0 2.1519 0 
2 1 0 14.0846 0.1 49.0478 -1.12394 -4.45912 -1.12394 -4.45912 0.198214 0 2.15195 0 
2 1 0 14.0798 0.1 49.0478 -1.1238 -4.4579 -1.1238 -4.4579 0.198274 0 2.152 0 
2 1 0 14.0749 0.1 49.0478 -1.12366 -4.45667 -1.12366 -4.45667 0.198333 0 2.15204 0 
2 1 0 14.0701 0.1 49.0478 -1.12352 -4.45545 -1.12352 -4.45545 0.198394 0 2.15208 0 
2 1 0 14.0652 0.1 49.0478 -1.12338 -4.45423 -1.12338 -4.45423 0.198454 0 2.15211 0 
2 1 0 14.0604 0.1 49.0478 -1.12324 -4.45301 -1.12324 -4.45301 0.198515 0 2.15214 0 
2 1 0 14.0555 0.1 49.0478 -1.1231 -4.45178 -1.1231 -4.45178 0.198577 0 2.15217 0 
2 1 0 14.0507 0.1 49.0478 -1.12296 -4.45056 -1.12296 -4.45056 0.198638 0 2.15219 0 
2 1 0 14.0459 0.1 49.0478 -1.12282 -4.44934 -1.12282 -4.44934 0.198701 0 2.15221 0 
2 1 0 14.041 0.1 49.0478 -1.12268 -4.44812 -1.12268 -4.44812 0.198763 0 2.15222 0 
2 1 0 14.0362 0.1 49.0478 -1.12254 -4.4469 -1.12254 -4.4469 0.198826 0 2.15223 0 
2 1 0 14.0313 0.1 49.0478 -1.1224 -4.44569 -1.1224 -4.44569 0.198889 0 2.15224 0 
2 1 0 14.0265 0.1 49.0478 -1.12226 -4.44447 -1.12226 -4.44447 0.198953 0 2.15224 0 
2 1 0 14.0216 0.1 49.0478 -1.12212 -4.44325 -1.12212 -4.44325 0.199017 0 2.15224 0 
2 1 0 14.0168 0.1 49.0478 -1.12198 -4.44203 -1.12198 -4.44203 0.199081 0 2.15223 0 
2 1 0 14.0119 0.1 49.0478 -1.12184 -4.44082 -1.12184 -4.44082 0.199146 0 2.15222 0 
2 1 0 14.0071 0.1 49.0478 -1.1217 -4.4396 -1.1217 -4.4396 0.199211 0 2.15221 0 
2 1 0 14.0022 0.1 49.0478 -1.12156 -4.43839 -1.12156 -4.43839 0.199276 0 2.15219 0 
2 1 0 13.9974 0.1 49.0478 -1.12141 -4.43717 -1.12141 -4.43717 0.199342 0 2.15217 0 
2 1 0 13.9925 0.1 49.0478 -1.12127 -4.43596 -1.12127 -4.43596 0.199408 0 2.15215 0 
2 1 0 13.9877 0.1 49.0478 -1.12113 -4.43474 -1.12113 -4.43474 0.199475 0 2.15212 0 
2 1 0 13.9828 0.1 49.0478 -1.12099 -4.43353 -1.12099 -4.43353 0.199542 0 2.15209 0 
2 1 0 13.978 0.1 49.0478 -1.12085 -4.43232 -1.12085 -4.43232 0.199609 0 2.15205 0 
2 1 0 13.9731 0.1 49.0478 -1.12071 -4.43111 -1.12071 -4.43111 0.199677 0 2.15201 0 
2 1 0 13.9683 0.1 49.0478 -1.12057 -4.42989 -1.12057 -4.42989 0.199745 0 2.15197 0 
2 1 0 13.9634 0.1 49.0478 -1.12043 -4.42868 -1.12043 -4.42868 0.199813 0 2.15192 0 
2 1 0 13.9586 0.1 49.0478 -1.12029 -4.42747 -1.12029 -4.42747 0.199882 0 2.15187 0 
2 1 0 13.9537 0.1 49.0478 -1.12015 -4.42626 -1.12015 -4.42626 0.199951 0 2.15181 0 
2 1 0 13.9489 0.1 49.0478 -1.12001 -4.42505 -1.12001 -4.42505 0.200021 0 2.15175 0 
2 1 0 13.944 0.1 49.0478 -1.11987 -4.42385 -1.11987 -4.42385 0.20009 0 2.15169 0 
2 1 0 13.9392 0.1 49.0478 -1.11973 -4.42264 -1.11973 -4.42264 0.200161 0 2.15162 0 
2 1 0 13.9343 0.1 49.0478 -1.11959 -4.42143 -1.11959 -4.42143 0.200231 0 2.15155 0 
2 1 0 13.9295 0.1 49.0478 -1.11945 -4.42022 -1.11945 -4.42022 0.200303 0 2.15147 0 
2 1 0 13.9246 0.1 49.0478 -1.11931 -4.41902 -1.11931 -4.41902 0.200374 0 2.15139 0 
2 1 0 13.9198 0.1 49.0478 -1.11917 -4.41781 -1.11917 -4.41781 0.200446 0 2.15131 0 
2 1 0 13.9149 0.1 49.0478 -1.11903 -4.41661 -1.11903 -4.41661 0.200518 0 2.15122 0 
2 1 0 13.9101 0.1 49.0478 -1.11888 -4.4154 -1.11888 -4.4154 0.200591 0 2.15113 0 
2 1 0 13.9052 0.1 49.0478 -1.11874 -4.4142 -1.11874 -4.4142 0.200664 0 2.15104 0 
2 1 0 13.9004 0.1 49.0478 -1.1186 -4.41299 -1.1186 -4.41299 0.200737 0 2.15094 0 
2 1 0 13.8955 0.1 49.0478 -1.11846 -4.41179 -1.11846 -4.41179 0.200811 0 2.15084 0 
2 1 0 13.8907 0.1 49.0478 -1.11832 -4.41059 -1.11832 -4.41059 0.200885 0 2.15073 0 
2 1 0 13.8858 0.1 49.0478 -1.11818 -4.40938 -1.11818 -4.40938 0.200959 0 2.15062 0 
2 1 0 13.881 0.1 49.0478 -1.11804 -4.40818 -1.11804 -4.40818 0.201034 0 2.15051 0 
2 1 0 13.8761 0.1 49.0478 -1.1179 -4.40698 -1.1179 -4.40698 0.201109 0 2.15039 0 
2 1 0 13.8713 0.1 49.0478 -1.11776 -4.40578 -1.11776 -4.40578 0.201185 0 2.15027 0 
2 1 0 13.8664 0.1 49.0478 -1.11762 -4.40458 -1.11762 -4.40458 0.201261 0 2.15014 0 
2 1 0 13.8616 0.1 49.0478 -1.11748 -4.40338 -1.11748 -4.40338 0.201338 0 2.15001 0 
2 1 0 13.8567 0.1 49.0478 -1.11734 -4.40218 -1.11734 -4.40218 0.201414 0 2.14988 0 
2 1 0 13.8519 0.1 49.0478 -1.11719 -4.40098 -1.11719 -4.40098 0.201492 0 2.14974 0 
2 1 0 13.847 0.1 49.0478 -1.11705 -4.39979 -1.11705 -4.39979 0.201569 0 2.1496 0 
2 1 0 13.8422 0.1 49.0478 -1.11691 -4.39859 -1.11691 -4.39859 0.201647 0 2.14945 0 
2 1 0 13.8373 0.1 49.0478 -1.11677 -4.39739 -1.11677 -4.39739 0.201726 0 2.1493 0 
2 1 0 13.8325 0.1 49.0478 -1.11663 -4.3962 -1.11663 -4.3962 0.201804 0 2.14915 0 
2 1 0 13.8276 0.1 49.0478 -1.11649 -4.395 -1.11649 -4.395 0.201884 0 2.14899 0 
2 1 0 13.8228 0.1 49.0478 -1.11635 -4.3938 -1.11635 -4.3938 0.201963 0 2.14883 0 
2 1 0 13.8179 0.1 49.0478 -1.11621 -4.39261 -1.11621 -4.39261 0.202043 0 2.14867 0 
2 1 0 13.813 0.1 49.0478 -1.11607 -4.39142 -1.11607 -4.39142 0.202123 0 2.1485 0 
2 1 0 13.8082 0.1 49.0478 -1.11593 -4.39022 -1.11593 -4.39022 0.202204 0 2.14832 0 
2 1 0 13.8033 0.1 49.0478 -1.11578 -4.38903 -1.11578 -4.38903 0.202285 0 2.14815 0 
2 1 0 13.7985 0.1 49.0478 -1.11564 -4.38784 -1.11564 -4.38784 0.202367 0 2.14797 0 
2 1 0 13.7936 0.1 49.0478 -1.1155 -4.38664 -1.1155 -4.38664 0.202449 0 2.14778 0 
2 1 0 13.7888 0.1 49.0478 -1.11536 -4.38545 -1.11536 -4.38545 0.202531 0 2.14759 0 
2 1 0 13.7839 0.1 49.0478 -1.11522 -4.38426 -1.11522 -4.38426 0.202614 0 2.1474 0 
2 1 0 13.7791 0.1 49.0478 -1.11508 -4.38307 -1.11508 -4.38307 0.202697 0 2.1472 0 
2 1 0 13.7742 0.1 49.0478 -1.11494 -4.38188 -1.11494 -4.38188 0.20278 0 2.147 0 
2 1 0 13.7694 0.1 49.0478 -1.1148 -4.38069 -1.1148 -4.38069 0.202864 0 2.1468 0 
2 1 0 13.7645 0.1 49.0478 -1.11465 -4.3795 -1.11465 -4.3795 0.202948 0 2.14659 0 
2 1 0 13.7597 0.1 49.0478 -1.11451 -4.37831 -1.11451 -4.37831 0.203033 0 2.14638 0 
2 1 0 13.7548 0.1 49.0478 -1.11437 -4.37713 -1.11437 -4.37713 0.203118 0 2.14616 0 
2 1 0 13.7499 0.1 49.0478 -1.11423 -4.37594 -1.11423 -4.37594 0.203204 0 2.14594 0 
2 1 0 13.7451 0.1 49.0478 -1.11409 -4.37475 -1.11409 -4.37475 0.20329 0 2.14572 0 
2 1 0 13.7402 0.1 49.0478 -1.11395 -4.37357 -1.11395 -4.37357 0.203376 0 2.14549 0 
2 1 0 13.7354 0.1 49.0478 -1.11381 -4.37238 -1.11381 -4.37238 0.203463 0 2.14526 0 
2 1 0 13.7305 0.1 49.0478 -1.11367 -4.3712 -1.11367 -4.3712 0.20355 0 2.14502 0 
2 1 0 13.7257 0.1 49.0478 -1.11352 -4.37001 -1.11352 -4.37001 0.203637 0 2.14479 0 
2 1 0 13.7208 0.1 49.0478 -1.11338 -4.36883 -1.11338 -4.36883 0.203725 0 2.14454 0 
2 1 0 13.716 0.1 49.0478 -1.11324 -4.36764 -1.11324 -4.36764 0.203814 0 2.14429 0 
2 1 0 13.7111 0.1 49.0478 -1.1131 -4.36646 -1.1131 -4.36646 0.203902 0 2.14404 0 
2 1 0 13.7062 0.1 49.0478 -1.11296 -4.36528 -1.11296 -4.36528 0.203991 0 2.14379 0 
2 1 0 13.7014 0.1 49.0478 -1.11282 -4.3641 -1.11282 -4.3641 0.204081 0 2.14353 0 
2 1 0 13.6965 0.1 49.0478 -1.11267 -4.36291 -1.11267 -4.36291 0.204171 0 2.14326 0 
2 1 0 13.6917 0.1 49.0478 -1.11253 -4.36173 -1.11253 -4.36173 0.204261 0 2.143 0 
2 1 0 13.6868 0.1 49.0478 -1.11239 -4.36055 -1.11239 -4.36055 0.204352 0 2.14273 0 
2 1 0 13.682 0.1 49.0478 -1.11225 -4.35937 -1.11225 -4.35937 0.204443 0 2.14245 0 
2 1 0 13.6771 0.1 49.0478 -1.11211 -4.35819 -1.11211 -4.35819 0.204535 0 2.14217 0 
2 1 0 13.6722 0.1 49.0478 -1.11197 -4.35701 -1.11197 -4.35701 0.204627 0 2.14189 0 
2 1 0 13.6674 0.1 49.0478 -1.11183 -4.35584 -1.11183 -4.35584 0.204719 0 2.1416 0 
2 1 0 13.6625 0.1 49.0478 -1.11168 -4.35466 -1.11168 -4.35466 0.204812 0 2.14131 0 
2 1 0 13.6577 0.1 49.0478 -1.11154 -4.35348 -1.11154 -4.35348 0.204906 0 2.14102 0 
2 1 0 13.6528 0.1 49.0478 -1.1114 -4.3523 -1.1114 -4.3523 0.204999 0 2.14072 0 
2 1 0 13.648 0.1 49.0478 -1.11126 -4.35113 -1.11126 -4.35113 0.205093 0 2.14042 0 
2 1 0 13.6431 0.1 49.0478 -1.11112 -4.34995 -1.11112 -4.34995 0.205188 0 2.14011 0 
2 1 0 13.6382 0.1 49.0478 -1.11097 -4.34878 -1.11097 -4.34878 0.205283 0 2.1398 0 
2 1 0 13.6334 0.1 49.0478 -1.11083 -4.3476 -1.11083 -4.3476 0.205378 0 2.13948 0 
2 1 0 13.6285 0.1 49.0478 -1.11069 -4.34643 -1.11069 -4.34643 0.205474 0 2.13917 0 
2 1 0 13.6237 0.1 49.0478 -1.11055 -4.34525 -1.11055 -4.34525 0.20557 0 2.13884 0 
2 1 0 13.6188 0.1 49.0478 -1.11041 -4.34408 -1.11041 -4.34408 0.205667 0 2.13852 0 
2 1 0 13.614 0.1 49.0478 -1.11027 -4.34291 -1.11027 -4.34291 0.205764 0 2.13819 0 
2 1 0 13.6091 0.1 49.0478 -1.11012 -4.34174 -1.11012 -4.34174 0.205861 0 2.13785 0 
2 1 0 13.6042 0.1 49.0478 -1.10998 -4.34056 -1.10998 -4.34056 0.205959 0 2.13751 0 
2 1 0 13.5994 0.1 49.0478 -1.10984 -4.33939 -1.10984 -4.33939 0.206057 0 2.13717 0 
2 1 0 13.5945 0.1 49.0478 -1.1097 -4.33822 -1.1097 -4.33822 0.206156 0 2.13683 0 
2 1 0 13.5897 0.1 49.0478 -1.10956 -4.33705 -1.10956 -4.33705 0.206255 0 2.13648 0 
2 1 0 13.5848 0.1 49.0478 -1.10941 -4.33588 -1.10941 -4.33588 0.206355 0 2.13612 0 
2 1 0 13.5799 0.1 49.0478 -1.10927 -4.33471 -1.10927 -4.33471 0.206455 0 2.13576 0 
2 1 0 13.5751 0.1 49.0478 -1.10913 -4.33355 -1.10913 -4.33355 0.206555 0 2.1354 0 
2 1 0 13.5702 0.1 49.0478 -1.10899 -4.33238 -1.10899 -4.33238 0.206656 0 2.13504 0 
2 1 0 13.5654 0.1 49.0478 -1.10885 -4.33121 -1.10885 -4.33121 0.206758 0 2.13467 0 
2 1 0 13.5605 0.1 49.0478 -1.1087 -4.33004 -1.1087 -4.33004 0.206859 0 2.13429 0 
2 1 0 13.5556 0.1 49.0478 -1.10856 -4.32888 -1.10856 -4.32888 0.206961 0 2.13391 0 
2 1 0 13.5508 0.1 49.0478 -1.10842 -4.32771 -1.10842 -4.32771 0.207064 0 2.13353 0 
2 1 0 13.5459 0.1 49.0478 -1.10828 -4.32655 -1.10828 -4.32655 0.207167 0 2.13315 0 
2 1 0 13.5411 0.1 49.0478 -1.10813 -4.32538 -1.10813 -4.32538 0.207271 0 2.13276 0 
2 1 0 13.5362 0.1 49.0478 -1.10799 -4.32422 -1.10799 -4.32422 0.207374 0 2.13236 0 
2 1 0 13.5313 0.1 49.0478 -1.10785 -4.32305 -1.10785 -4.32305 0.207479 0 2.13197 0 
2 1 0 13.5265 0.1 49.0478 -1.10771 -4.32189 -1.10771 -4.32189 0.207584 0 2.13156 0 
2 1 0 13.5216 0.1 49.0478 -1.10757 -4.32073 -1.10757 -4.32073 0.207689 0 2.13116 0 
2 1 0 13.5168 0.1 49.0478 -1.10742 -4.31956 -1.10742 -4.31956 0.207795 0 2.13075 0 
2 1 0 13.5119 0.1 49.0478 -1.10728 -4.3184 -1.10728 -4.3184 0.207901 0 2.13034 0 
2 1 0 13.507 0.1 49.0478 -1.10714 -4.31724 -1.10714 -4.31724 0.208007 0 2.12992 0 
2 1 0 13.5022 0.1 49.0478 -1.107 -4.31608 -1.107 -4.31608 0.208114 0 2.1295 0 
2 1 0 13.4973 0.1 49.0478 -1.10685 -4.31492 -1.10685 -4.31492 0.208222 0 2.12907 0 
2 1 0 13.4925 0.1 49.0478 -1.10671 -4.31376 -1.10671 -4.31376 0.20833 0 2.12864 0 
2 1 0 13.4876 0.1 49.0478 -1.10657 -4.3126 -1.10657 -4.3126 0.208438 0 2.12821 0 
2 1 0 13.4827 0.1 49.0478 -1.10643 -4.31144 -1.10643 -4.31144 0.208547 0 2.12777 0 
2 1 0 13.4779 0.1 49.0478 -1.10628 -4.31028 -1.10628 -4.31028 0.208656 0 2.12733 0 
2 1 0 13.473 0.1 49.0478 -1.10614 -4.30913 -1.10614 -4.30913 0.208765 0 2.12689 0 
2 1 0 13.4681 0.1 49.0478 -1.106 -4.30797 -1.106 -4.30797 0.208876 0 2.12644 0 
2 1 0 13.4633 0.1 49.0478 -1.10586 -4.30681 -1.10586 -4.30681 0.208986 0 2.12598 0 
2 1 0 13.4584 0.1 49.0478 -1.10571 -4.30566 -1.10571 -4.30566 0.209097 0 2.12553 0 
2 1 0 13.4536 0.1 49.0478 -1.10557 -4.3045 -1.10557 -4.3045 0.209209 0 2.12506 0 
2 1 0 13.4487 0.1 49.0478 -1.10543 -4.30334 -1.10543 -4.30334 0.209321 0 2.1246 0 
2 1 0 13.4438 0.1 49.0478 -1.10529 -4.30219 -1.10529 -4.30219 0.209433 0 2.12413 0 
2 1 0 13.439 0.1 49.0478 -1.10514 -4.30104 -1.10514 -4.30104 0.209546 0 2.12366 0 
2 1 0 13.4341 0.1 49.0478 -1.105 -4.29988 -1.105 -4.29988 0.209659 0 2.12318 0 
2 1 0 13.4292 0.1 49.0478 -1.10486 -4.29873 -1.10486 -4.29873 0.209773 0 2.1227 0 
2 1 0 13.4244 0.1 49.0478 -1.10471 -4.29758 -1.10471 -4.29758 0.209887 0 2.12221 0 
2 1 0 13.4195 0.1 49.0478 -1.10457 -4.29642 -1.10457 -4.29642 0.210002 0 2.12172 0 
2 1 0 13.4147 0.1 49.0478 -1.10443 -4.29527 -1.10443 -4.29527 0.210117 0 2.12123 0 
2 1 0 13.4098 0.1 49.0478 -1.10429 -4.29412 -1.10429 -4.29412 0.210232 0 2.12074 0 
2 1 0 13.4049 0.1 49.0478 -1.10414 -4.29297 -1.10414 -4.29297 0.210348 0 2.12023 0 
2 1 0 13.4001 0.1 49.0478 -1.104 -4.29182 -1.104 -4.29182 0.210465 0 2.11973 0 
2 1 0 13.3952 0.1 49.0478 -1.10386 -4.29067 -1.10386 -4.29067 0.210582 0 2.11922 0 
2 1 0 13.3903 0.1 49.0478 -1.10371 -4.28952 -1.10371 -4.28952 0.210699 0 2.11871 0 
2 1 0 13.3855 0.1 49.0478 -1.10357 -4.28837 -1.10357 -4.28837 0.210817 0 2.11819 0 
2 1 0 13.3806 0.1 49.0478 -1.10343 -4.28723 -1.10343 -4.28723 0.210936 0 2.11767 0 
2 1 0 13.3757 0.1 49.0478 -1.10329 -4.28608 -1.10329 -4.28608 0.211055 0 2.11714 0 
2 1 0 13.3709 0.1 49.0478 -1.10314 -4.28493 -1.10314 -4.28493 0.211174 0 2.11662 0 
2 1 0 13.366 0.1 49.0478 -1.103 -4.28378 -1.103 -4.28378 0.211294 0 2.11608 0 
2 1 0 13.3611 0.1 49.0478 -1.10286 -4.28264 -1.10286 -4.28264 0.211414 0 2.11555 0 
2 1 0 13.3563 0.1 49.0478 -1.10271 -4.28149 -1.10271 -4.28149 0.211535 0 2.11501 0 
2 1 0 13.3514 0.1 49.0478 -1.10257 -4.28035 -1.10257 -4.28035 0.211656 0 2.11446 0 
2 1 0 13.3465 0.1 49.0478 -1.10243 -4.2792 -1.10243 -4.2792 0.211778 0 2.11391 0 
2 1 0 13.3417 0.1 49.0478 -1.10228 -4.27806 -1.10228 -4.27806 0.2119 0 2.11336 0 
2 1 0 13.3368 0.1 49.0478 -1.10214 -4.27692 -1.10214 -4.27692 0.212022 0 2.1128 0 
2 1 0 13.332 0.1 49.0478 -1.102 -4.27577 -1.102 -4.27577 0.212145 0 2.11224 0 
2 1 0 13.3271 0.1 49.0478 -1.10185 -4.27463 -1.10185 -4.27463 0.212269 0 2.11168 0 
2 1 0 13.3222 0.1 49.0478 -1.10171 -4.27349 -1.10171 -4.27349 0.212393 0 2.11111 0 
2 1 0 13.3174 0.1 49.0478 -1.10157 -4.27235 -1.10157 -4.27235 0.212518 0 2.11054 0 
2 1 0 13.3125 0.1 49.0478 -1.10142 -4.27121 -1.10142 -4.27121 0.212643 0 2.10996 0 
2 1 0 13.3076 0.1 49.0478 -1.10128 -4.27007 -1.10128 -4.27007 0.212768 0 2.10938 0 
2 1 0 13.3028 0.1 49.0478 -1.10114 -4.26893 -1.10114 -4.26893 0.212894 0 2.10879 0 
2 1 0 13.2979 0.1 49.0478 -1.10099 -4.26779 -1.10099 -4.26779 0.213021 0 2.10821 0 
2 1 0 13.293 0.1 49.0478 -1.10085 -4.26665 -1.10085 -4.26665 0.213148 0 2.10761 0 
2 1 0 13.2882 0.1 49.0478 -1.10071 -4.26551 -1.10071 -4.26551 0.213275 0 2.10702 0 
2 1 0 13.2833 0.1 49.0478 -1.10056 -4.26437 -1.10056 -4.26437 0.213403 0 2.10642 0 
2 1 0 13.2784 0.1 49.0478 -1.10042 -4.26323 -1.10042 -4.26323 0.213531 0 2.10581 0 
2 1 0 13.2736 0.1 49.0478 -1.10028 -4.2621 -1.10028 -4.2621 0.21366 0 2.1052 0 
2 1 0 13.2687 0.1 49.0478 -1.10013 -4.26096 -1.10013 -4.26096 0.21379 0 2.10459 0 
2 1 0 13.2638 0.1 49.0478 -1.09999 -4.25982 -1.09999 -4.25982 0.21392 0 2.10397 0 
2 1 0 13.259 0.1 49.0478 -1.09985 -4.25869 -1.09985 -4.25869 0.21405 0 2.10335 0 
2 1 0 13.2541 0.1 49.0478 -1.0997 -4.25755 -1.0997 -4.25755 0.214181 0 2.10273 0 
2 1 0 13.2492 0.1 49.0478 -1.09956 -4.25642 -1.09956 -4.25642 0.214313 0 2.1021 0 
2 1 0 13.2444 0.1 49.0478 -1.09942 -4.25528 -1.09942 -4.25528 0.214444 0 2.10147 0 
2 1 0 13.2395 0.1 49.0478 -1.09927 -4.25415 -1.09927 -4.25415 0.214577 0 2.10083 0 
2 1 0 13.2346 0.1 49.0478 -1.09913 -4.25302 -1.09913 -4.25302 0.21471 0 2.10019 0 
2 1 0 13.2298 0.1 49.0478 -1.09898 -4.25189 -1.09898 -4.25189 0.214843 0 2.09955 0 
2 1 0 13.2249 0.1 49.0478 -1.09884 -4.25075 -1.09884 -4.25075 0.214977 0 2.0989 0 
2 1 0 13.22 0.1 49.0478 -1.0987 -4.24962 -1.0987 -4.24962 0.215111 0 2.09825 0 
2 1 0 13.2151 0.1 49.0478 -1.09855 -4.24849 -1.09855 -4.24849 0.215246 0 2.09759 0 
2 1 0 13.2103 0.1 49.0478 -1.09841 -4.24736 -1.09841 -4.24736 0.215382 0 2.09693 0 
2 1 0 13.2054 0.1 49.0478 -1.09826 -4.24623 -1.09826 -4.24623 0.215518 0 2.09627 0 
2 1 0 13.2005 0.1 49.0478 -1.09812 -4.2451 -1.09812 -4.2451 0.215654 0 2.0956 0 
2 1 0 13.1957 0.1 49.0478 -1.09798 -4.24397 -1.09798 -4.24397 0.215791 0 2.09493 0 
2 1 0 13.1908 0.1 49.0478 -1.09783 -4.24284 -1.09783 -4.24284 0.215929 0 2.09425 0 
2 1 0 13.1859 0.1 49.0478 -1.09769 -4.24172 -1.09769 -4.24172 0.216067 0 2.09357 0 
2 1 0 13.1811 0.1 49.0478 -1.09755 -4.24059 -1.09755 -4.24059 0.216205 0 2.09288 0 
2 1 0 13.1762 0.1 49.0478 -1.0974 -4.23946 -1.0974 -4.23946 0.216344 0 2.0922 0 
2 1 0 13.1713 0.1 49.0478 -1.09726 -4.23833 -1.09726 -4.23833 0.216484 0 2.0915 0 
2 1 0 13.1665 0.1 49.0478 -1.09711 -4.23721 -1.09711 -4.23721 0.216624 0 2.09081 0 
2 1 0 13.1616 0.1 49.0478 -1.09697 -4.23608 -1.09697 -4.23608 0.216764 0 2.09011 0 
2 1 0 13.1567 0.1 49.0478 -1.09683 -4.23496 -1.09683 -4.23496 0.216905 0 2.0894 0 
2 1 0 13.1518 0.1 49.0478 -1.09668 -4.23383 -1.09668 -4.23383 0.217047 0 2.0887 0 
2 1 0 13.147 0.1 49.0478 -1.09654 -4.23271 -1.09654 -4.23271 0.217189 0 2.08798 0 
2 1 0 13.1421 0.1 49.0478 -1.09639 -4.23159 -1.09639 -4.23159 0.217332 0 2.08727 0 
2 1 0 13.1372 0.1 49.0478 -1.09625 -4.23046 -1.09625 -4.23046 0.217475 0 2.08655 0 
2 1 0 13.1324 0.1 49.0478 -1.0961 -4.22934 -1.0961 -4.22934 0.217619 0 2.08582 0 
2 1 0 13.1275 0.1 49.0478 -1.09596 -4.22822 -1.09596 -4.22822 0.217763 0 2.0851 0 
2 1 0 13.1226 0.1 49.0478 -1.09582 -4.2271 -1.09582 -4.2271 0.217908 0 2.08436 0 
2 1 0 13.1178 0.1 49.0478 -1.09567 -4.22598 -1.09567 -4.22598 0.218053 0 2.08363 0 
2 1 0 13.1129 0.1 49.0478 -1.09553 -4.22485 -1.09553 -4.22485 0.218199 0 2.08289 0 
2 1 0 13.108 0.1 49.0478 -1.09538 -4.22373 -1.09538 -4.22373 0.218345 0 2.08214 0 
2 1 0 13.1031 0.1 49.0478 -1.09524 -4.22262 -1.09524 -4.22262 0.218492 0 2.0814 0 
2 1 0 13.0983 0.1 49.0478 -1.09509 -4.2215 -1.09509 -4.2215 0.21864 0 2.08064 0 
2 1 0 13.0934 0.1 49.0478 -1.09495 -4.22038 -1.09495 -4.22038 0.218788 0 2.07989 0 
2 1 0 13.0885 0.1 49.0478 -1.09481 -4.21926 -1.09481 -4.21926 0.218936 0 2.07913 0 
2 1 0 13.0837 0.1 49.0478 -1.09466 -4.21814 -1.09466 -4.21814 0.219085 0 2.07836 0 
2 1 0 13.0788 0.1 49.0478 -1.09452 -4.21702 -1.09452 -4.21702 0.219235 0 2.0776 0 
2 1 0 13.0739 0.1 49.0478 -1.09437 -4.21591 -1.09437 -4.21591 0.219385 0 2.07683 0 
2 1 0 13.069 0.1 49.0478 -1.09423 -4.21479 -1.09423 -4.21479 0.219536 0 2.07605 0 
2 1 0 13.0642 0.1 49.0478 -1.09408 -4.21368 -1.09408 -4.21368 0.219687 0 2.07527 0 
2 1 0 13.0593 0.1 49.0478 -1.09394 -4.21256 -1.09394 -4.21256 0.219839 0 2.07449 0 
2 1 0 13.0544 0.1 49.0478 -1.09379 -4.21145 -1.09379 -4.21145 0.219991 0 2.0737 0 
2 1 0 13.0496 0.1 49.0478 -1.09365 -4.21033 -1.09365 -4.21033 0.220144 0 2.07291 0 
2 1 0 13.0447 0.1 49.0478 -1.0935 -4.20922 -1.0935 -4.20922 0.220298 0 2.07211 0 
2 1 0 13.0398 0.1 49.0478 -1.09336 -4.20811 -1.09336 -4.20811 0.220452 0 2.07131 0 
2 1 0 13.0349 0.1 49.0478 -1.09321 -4.20699 -1.09321 -4.20699 0.220606 0 2.07051 0 
2 1 0 13.0301 0.1 49.0478 -1.09307 -4.20588 -1.09307 -4.20588 0.220762 0 2.0697 0 
2 1 0 13.0252 0.1 49.0478 -1.09292 -4.20477 -1.09292 -4.20477 0.220917 0 2.06889 0 
2 1 0 13.0203 0.1 49.0478 -1.09278 -4.20366 -1.09278 -4.20366 0.221073 0 2.06807 0 
2 1 0 13.0154 0.1 49.0478 -1.09264 -4.20255 -1.09264 -4.20255 0.22123 0 2.06726 0 
2 1 0 13.0106 0.1 49.0478 -1.09249 -4.20144 -1.09249 -4.20144 0.221388 0 2.06643 0 
2 1 0 13.0057 0.1 49.0478 -1.09235 -4.20033 -1.09235 -4.20033 0.221546 0 2.0656 0 
2 1 0 13.0008 0.1 49.0478 -1.0922 -4.19922 -1.0922 -4.19922 0.221704 0 2.06477 0 
2 1 0 12.996 0.1 49.0478 -1.09206 -4.19811 -1.09206 -4.19811 0.221863 0 2.06394 0 
2 1 0 12.9911 0.1 49.0478 -1.09191 -4.197 -1.09191 -4.197 0.222023 0 2.0631 0 
2 1 0 12.9862 0.1 49.0478 -1.09177 -4.19589 -1.09177 -4.19589 0.222183 0 2.06226 0 
2 1 0 12.9813 0.1 49.0478 -1.09162 -4.19479 -1.09162 -4.19479 0.222344 0 2.06141 0 
2 1 0 12.9765 0.1 49.0478 -1.09148 -4.19368 -1.09148 -4.19368 0.222505 0 2.06056 0 
2 1 0 12.9716 0.1 49.0478 -1.09133 -4.19257 -1.09133 -4.19257 0.222667 0 2.0597 0 
2 1 0 12.9667 0.1 49.0478 -1.09119 -4.19147 -1.09119 -4.19147 0.22283 0 2.05884 0 
2 1 0 12.9618 0.1 49.0478 -1.09104 -4.19036 -1.09104 -4.19036 0.222993 0 2.05798 0 
2 1 0 12.957 0.1 49.0478 -1.09089 -4.18926 -1.09089 -4.18926 0.223156 0 2.05711 0 
2 1 0 12.9521 0.1 49.0478 -1.09075 -4.18815 -1.09075 -4.18815 0.22332 0 2.05624 0 
2 1 0 12.9472 0.1 49.0478 -1.0906 -4.18705 -1.0906 -4.18705 0.223485 0 2.05537 0 
2 1 0 12.9423 0.1 49.0478 -1.09046 -4.18595 -1.09046 -4.18595 0.223651 0 2.05449 0 
2 1 0 12.9375 0.1 49.0478 -1.09031 -4.18484 -1.09031 -4.18484 0.223817 0 2.05361 0 
2 1 0 12.9326 0.1 49.0478 -1.09017 -4.18374 -1.09017 -4.18374 0.223983 0 2.05272 0 
2 1 0 12.9277 0.1 49.0478 -1.09002 -4.18264 -1.09002 -4.18264 0.22415 0 2.05183 0 
2 1 0 12.9228 0.1 49.0478 -1.08988 -4.18154 -1.08988 -4.18154 0.224318 0 2.05094 0 
2 1 0 12.918 0.1 49.0478 -1.08973 -4.18044 -1.08973 -4.18044 0.224487 0 2.05004 0 
2 1 0 12.9131 0.1 49.0478 -1.08959 -4.17934 -1.08959 -4.17934 0.224655 0 2.04914 0 
2 1 0 12.9082 0.1 49.0478 -1.08944 -4.17824 -1.08944 -4.17824 0.224825 0 2.04823 0 
2 1 0 12.9033 0.1 49.0478 -1.0893 -4.17714 -1.0893 -4.17714 0.224995 0 2.04732 0 
2 1 0 12.8985 0.1 49.0478 -1.08915 -4.17604 -1.08915 -4.17604 0.225166 0 2.04641 0 
2 1 0 12.8936 0.1 49.0478 -1.08901 -4.17494 -1.08901 -4.17494 0.225337 0 2.04549 0 
2 1 0 12.8887 0.1 49.0478 -1.08886 -4.17384 -1.08886 -4.17384 0.225509 0 2.04457 0 
2 1 0 12.8838 0.1 49.0478 -1.08871 -4.17275 -1.08871 -4.17275 0.225682 0 2.04364 0 
2 1 0 12.879 0.1 49.0478 -1.08857 -4.17165 -1.08857 -4.17165 0.225855 0 2.04271 0 
2 1 0 12.8741 0.1 49.0478 -1.08842 -4.17055 -1.08842 -4.17055 0.226029 0 2.04178 0 
2 1 0 12.8692 0.1 49.0478 -1.08828 -4.16946 -1.08828 -4.16946 0.226203 0 2.04084 0 
2 1 0 12.8643 0.1 49.0478 -1.08813 -4.16836 -1.08813 -4.16836 0.226378 0 2.0399 0 
2 1 0 12.8595 0.1 49.0478 -1.08799 -4.16727 -1.08799 -4.16727 0.226553 0 2.03895 0 
2 1 0 12.8546 0.1 49.0478 -1.08784 -4.16617 -1.08784 -4.16617 0.22673 0 2.038 0 
2 1 0 12.8497 0.1 49.0478 -1.08769 -4.16508 -1.08769 -4.16508 0.226906 0 2.03705 0 
2 1 0 12.8448 0.1 49.0478 -1.08755 -4.16399 -1.08755 -4.16399 0.227084 0 2.03609 0 
2 1 0 12.8399 0.1 49.0478 -1.0874 -4.16289 -1.0874 -4.16289 0.227262 0 2.03513 0 
2 1 0 12.8351 0.1 49.0478 -1.08726 -4.1618 -1.08726 -4.1618 0.227441 0 2.03417 0 
2 1 0 12.8302 0.1 49.0478 -1.08711 -4.16071 -1.08711 -4.16071 0.22762 0 2.0332 0 
2 1 0 12.8253 0.1 49.0478 -1.08697 -4.15962 -1.08697 -4.15962 0.2278 0 2.03223 0 
2 1 0 12.8204 0.1 49.0478 -1.08682 -4.15853 -1.08682 -4.15853 0.22798 0 2.03125 0 
2 1 0 12.8156 0.1 49.0478 -1.08667 -4.15744 -1.08667 -4.15744 0.228161 0 2.03027 0 
2 1 0 12.8107 0.1 49.0478 -1.08653 -4.15635 -1.08653 -4.15635 0.228343 0 2.02929 0 
2 1 0 12.8058 0.1 49.0478 -1.08638 -4.15526 -1.08638 -4.15526 0.228526 0 2.0283 0 
2 1 0 12.8009 0.1 49.0478 -1.08624 -4.15417 -1.08624 -4.15417 0.228709 0 2.02731 0 
2 1 0 12.7961 0.1 49.0478 -1.08609 -4.15308 -1.08609 -4.15308 0.228892 0 2.02631 0 
2 1 0 12.7912 0.1 49.0478 -1.08594 -4.15199 -1.08594 -4.15199 0.229077 0 2.02531 0 
2 1 0 12.7863 0.1 49.0478 -1.0858 -4.1509 -1.0858 -4.1509 0.229262 0 2.02431 0 
2 1 0 12.7814 0.1 49.0478 -1.08565 -4.14982 -1.08565 -4.14982 0.229447 0 2.0233 0 
2 1 0 12.7765 0.1 49.0478 -1.08551 -4.14873 -1.08551 -4.14873 0.229633 0 2.02229 0 
2 1 0 12.7717 0.1 49.0478 -1.08536 -4.14765 -1.08536 -4.14765 0.22982 0 2.02127 0 
2 1 0 12.7668 0.1 49.0478 -1.08521 -4.14656 -1.08521 -4.14656 0.230008 0 2.02025 0 
2 1 0 12.7619 0.1 49.0478 -1.08507 -4.14548 -1.08507 -4.14548 0.230196 0 2.01923 0 
2 1 0 12.757 0.1 49.0478 -1.08492 -4.14439 -1.08492 -4.14439 0.230385 0 2.0182 0 
2 1 0 12.7521 0.1 49.0478 -1.08477 -4.14331 -1.08477 -4.14331 0.230574 0 2.01717 0 
2 1 0 12.7473 0.1 49.0478 -1.08463 -4.14222 -1.08463 -4.14222 0.230764 0 2.01614 0 
2 1 0 12.7424 0.1 49.0478 -1.08448 -4.14114 -1.08448 -4.14114 0.230955 0 2.0151 0 
2 1 0 12.7375 0.1 49.0478 -1.08433 -4.14006 -1.08433 -4.14006 0.231146 0 2.01405 0 
2 1 0 12.7326 0.1 49.0478 -1.08419 -4.13898 -1.08419 -4.13898 0.231339 0 2.01301 0 
2 1 0 12.7277 0.1 49.0478 -1.08404 -4.13789 -1.08404 -4.13789 0.231531 0 2.01196 0 
2 1 0 12.7229 0.1 49.0478 -1.0839 -4.13681 -1.0839 -4.13681 0.231725 0 2.0109 0 
2 1 0 12.718 0.1 49.0478 -1.08375 -4.13573 -1.08375 -4.13573 0.231919 0 2.00985 0 
2 1 0 12.7131 0.1 49.0478 -1.0836 -4.13465 -1.0836 -4.13465 0.232113 0 2.00878 0 
2 1 0 12.7082 0.1 49.0478 -1.08346 -4.13357 -1.08346 -4.13357 0.232309 0 2.00772 0 
2 1 0 12.7034 0.1 49.0478 -1.08331 -4.1325 -1.08331 -4.1325 0.232505 0 2.00665 0 
2 1 0 12.6985 0.1 49.0478 -1.08316 -4.13142 -1.08316 -4.13142 0.232702 0 2.00558 0 
2 1 0 12.6936 0.1 49.0478 -1.08302 -4.13034 -1.08302 -4.13034 0.232899 0 2.0045 0 
2 1 0 12.6887 0.1 49.0478 -1.08287 -4.12926 -1.08287 -4.12926 0.233097 0 2.00342 0 
2 1 0 12.6838 0.1 49.0478 -1.08272 -4.12818 -1.08272 -4.12818 0.233296 0 2.00233 0 
2 1 0 12.6789 0.1 49.0478 -1.08258 -4.12711 -1.08258 -4.12711 0.233495 0 2.00124 0 
2 1 0 12.6741 0.1 49.0478 -1.08243 -4.12603 -1.08243 -4.12603 0.233695 0 2.00015 0 
2 1 0 12.6692 0.1 49.0478 -1.08228 -4.12496 -1.08228 -4.12496 0.233896 0 1.99906 0 
2 1 0 12.6643 0.1 49.0478 -1.08214 -4.12388 -1.08214 -4.12388 0.234098 0 1.99796 0 
2 1 0 12.6594 0.1 49.0478 -1.08199 -4.12281 -1.08199 -4.12281 0.2343 0 1.99685 0 
2 1 0 12.6545 0.1 49.0478 -1.08184 -4.12173 -1.08184 -4.12173 0.234502 0 1.99574 0 
2 1 0 12.6497 0.1 49.0478 -1.0817 -4.12066 -1.0817 -4.12066 0.234706 0 1.99463 0 
2 1 0 12.6448 0.1 49.0478 -1.08155 -4.11959 -1.08155 -4.11959 0.23491 0 1.99352 0 
2 1 0 12.6399 0.1 49.0478 -1.0814 -4.11851 -1.0814 -4.11851 0.235115 0 1.9924 0 
2 1 0 12.635 0.1 49.0478 -1.08125 -4.11744 -1.08125 -4.11744 0.235321 0 1.99128 0 
2 1 0 12.6301 0.1 49.0478 -1.08111 -4.11637 -1.08111 -4.11637 0.235527 0 1.99015 0 
2 1 0 12.6253 0.1 49.0478 -1.08096 -4.1153 -1.08096 -4.1153 0.235734 0 1.98902 0 
2 1 0 12.6204 0.1 49.0478 -1.08081 -4.11423 -1.08081 -4.11423 0.235942 0 1.98788 0 
2 1 0 12.6155 0.1 49.0478 -1.08067 -4.11316 -1.08067 -4.11316 0.23615 0 1.98675 0 
2 1 0 12.6106 0.1 49.0478 -1.08052 -4.11209 -1.08052 -4.11209 0.236359 0 1.9856 0 
2 1 0 12.6057 0.1 49.0478 -1.08037 -4.11102 -1.08037 -4.11102 0.236569 0 1.98446 0 
2 1 0 12.6008 0.1 49.0478 -1.08022 -4.10995 -1.08022 -4.10995 0.23678 0 1.98331 0 
2 1 0 12.596 0.1 49.0478 -1.08008 -4.10889 -1.08008 -4.10889 0.236991 0 1.98216 0 
2 1 0 12.5911 0.1 49.0478 -1.07993 -4.10782 -1.07993 -4.10782 0.237203 0 1.981 0 
2 1 0 12.5862 0.1 49.0478 -1.07978 -4.10675 -1.07978 -4.10675 0.237415 0 1.97984 0 
2 1 0 12.5813 0.1 49.0478 -1.07964 -4.10568 -1.07964 -4.10568 0.237629 0 1.97867 0 
2 1 0 12.5764 0.1 49.0478 -1.07949 -4.10462 -1.07949 -4.10462 0.237843 0 1.97751 0 
2 1 0 12.5715 0.1 49.0478 -1.07934 -4.10355 -1.07934 -4.10355 0.238058 0 1.97633 0 
2 1 0 12.5667 0.1 49.0478 -1.07919 -4.10249 -1.07919 -4.10249 0.238273 0 1.97516 0 
2 1 0 12.5618 0.1 49.0478 -1.07905 -4.10142 -1.07905 -4.10142 0.238489 0 1.97398 0 
2 1 0 12.5569 0.1 49.0478 -1.0789 -4.10036 -1.0789 -4.10036 0.238706 0 1.9728 0 
2 1 0 12.552 0.1 49.0478 -1.07875 -4.0993 -1.07875 -4.0993 0.238924 0 1.97161 0 
2 1 0 12.5471 0.1 49.0478 -1.0786 -4.09823 -1.0786 -4.09823 0.239143 0 1.97042 0 
2 1 0 12.5422 0.1 49.0478 -1.07846 -4.09717 -1.07846 -4.09717 0.239362 0 1.96922 0 
2 1 0 12.5374 0.1 49.0478 -1.07831 -4.09611 -1.07831 -4.09611 0.239582 0 1.96803 0 
2 1 0 12.5325 0.1 49.0478 -1.07816 -4.09505 -1.07816 -4.09505 0.239802 0 1.96682 0 
2 1 0 12.5276 0.1 49.0478 -1.07801 -4.09399 -1.07801 -4.09399 0.240024 0 1.96562 0 
2 1 0 12.5227 0.1 49.0478 -1.07787 -4.09293 -1.07787 -4.09293 0.240246 0 1.96441 0 
2 1 0 12.5178 0.1 49.0478 -1.07772 -4.09187 -1.07772 -4.09187 0.240469 0 1.9632 0 
2 1 0 12.5129 0.1 49.0478 -1.07757 -4.09081 -1.07757 -4.09081 0.240692 0 1.96198 0 
2 1 0 12.5081 0.1 49.0478 -1.07742 -4.08975 -1.07742 -4.08975 0.240917 0 1.96076 0 
2 1 0 12.5032 0.1 49.0478 -1.07728 -4.08869 -1.07728 -4.08869 0.241142 0 1.95953 0 
2 1 0 12.4983 0.1 49.0478 -1.07713 -4.08764 -1.07713 -4.08764 0.241368 0 1.95831 0 
2 1 0 12.4934 0.1 49.0478 -1.07698 -4.08658 -1.07698 -4.08658 0.241594 0 1.95708 0 
2 1 0 12.4885 0.1 49.0478 -1.07683 -4.08552 -1.07683 -4.08552 0.241822 0 1.95584 0 
2 1 0 12.4836 0.1 49.0478 -1.07668 -4.08447 -1.07668 -4.08447 0.24205 0 1.9546 0 
2 1 0 12.4788 0.1 49.0478 -1.07654 -4.08341 -1.07654 -4.08341 0.242279 0 1.95336 0 
2 1 0 12.4739 0.1 49.0478 -1.07639 -4.08235 -1.07639 -4.08235 0.242509 0 1.95211 0 
2 1 0 12.469 0.1 49.0478 -1.07624 -4.0813 -1.07624 -4.0813 0.242739 0 1.95086 0 
2 1 0 12.4641 0.1 49.0478 -1.07609 -4.08025 -1.07609 -4.08025 0.24297 0 1.94961 0 
2 1 0 12.4592 0.1 49.0478 -1.07595 -4.07919 -1.07595 -4.07919 0.243202 0 1.94835 0 
2 1 0 12.4543 0.1 49.0478 -1.0758 -4.07814 -1.0758 -4.07814 0.243435 0 1.94709 0 
2 1 0 12.4494 0.1 49.0478 -1.07565 -4.07709 -1.07565 -4.07709 0.243669 0 1.94583 0 
2 1 0 12.4446 0.1 49.0478 -1.0755 -4.07604 -1.0755 -4.07604 0.243903 0 1.94456 0 
2 1 0 12.4397 0.1 49.0478 -1.07535 -4.07498 -1.07535 -4.07498 0.244138 0 1.94329 0 
2 1 0 12.4348 0.1 49.0478 -1.0752 -4.07393 -1.0752 -4.07393 0.244374 0 1.94201 0 
2 1 0 12.4299 0.1 49.0478 -1.07506 -4.07288 -1.07506 -4.07288 0.244611 0 1.94073 0 
2 1 0 12.425 0.1 49.0478 -1.07491 -4.07183 -1.07491 -4.07183 0.244848 0 1.93945 0 
2 1 0 12.4201 0.1 49.0478 -1.07476 -4.07078 -1.07476 -4.07078 0.245086 0 1.93816 0 
2 1 0 12.4152 0.1 49.0478 -1.07461 -4.06973 -1.07461 -4.06973 0.245325 0 1.93687 0 
2 1 0 12.4103 0.1 49.0478 -1.07446 -4.06869 -1.07446 -4.06869 0.245565 0 1.93558 0 
2 1 0 12.4055 0.1 49.0478 -1.07432 -4.06764 -1.07432 -4.06764 0.245806 0 1.93428 0 
2 1 0 12.4006 0.1 49.0478 -1.07417 -4.06659 -1.07417 -4.06659 0.246047 0 1.93298 0 
2 1 0 12.3957 0.1 49.0478 -1.07402 -4.06555 -1.07402 -4.06555 0.246289 0 1.93168 0 
2 1 0 12.3908 0.1 49.0478 -1.07387 -4.0645 -1.07387 -4.0645 0.246532 0 1.93037 0 
2 1 0 12.3859 0.1 49.0478 -1.07372 -4.06345 -1.07372 -4.06345 0.246776 0 1.92906 0 
2 1 0 12.381 0.1 49.0478 -1.07357 -4.06241 -1.07357 -4.06241 0.247021 0 1.92774 0 
2 1 0 12.3761 0.1 49.0478 -1.07343 -4.06136 -1.07343 -4.06136 0.247266 0 1.92642 0 
2 1 0 12.3713 0.1 49.0478 -1.07328 -4.06032 -1.07328 -4.06032 0.247513 0 1.9251 0 
2 1 0 12.3664 0.1 49.0478 -1.07313 -4.05928 -1.07313 -4.05928 0.24776 0 1.92377 0 
2 1 0 12.3615 0.1 49.0478 -1.07298 -4.05823 -1.07298 -4.05823 0.248008 0 1.92244 0 
2 1 0 12.3566 0.1 49.0478 -1.07283 -4.05719 -1.07283 -4.05719 0.248256 0 1.92111 0 
2 1 0 12.3517 0.1 49.0478 -1.07268 -4.05615 -1.07268 -4.05615 0.248506 0 1.91977 0 
2 1 0 12.3468 0.1 49.0478 -1.07253 -4.05511 -1.07253 -4.05511 0.248756 0 1.91843 0 
2 1 0 12.3419 0.1 49.0478 -1.07238 -4.05407 -1.07238 -4.05407 0.249007 0 1.91709 0 
2 1 0 12.337 0.1 49.0478 -1.07224 -4.05303 -1.07224 -4.05303 0.249259 0 1.91574 0 
2 1 0 12.3321 0.1 49.0478 -1.07209 -4.05199 -1.07209 -4.05199 0.249512 0 1.91439 0 
2 1 0 12.3273 0.1 49.0478 -1.07194 -4.05095 -1.07194 -4.05095 0.249766 0 1.91304 0 
2 1 0 12.3224 0.1 49.0478 -1.07179 -4.04991 -1.07179 -4.04991 0.250021 0 1.91168 0 
2 1 0 12.3175 0.1 49.0478 -1.07164 -4.04887 -1.07164 -4.04887 0.250276 0 1.91032 0 
2 1 0 12.3126 0.1 49.0478 -1.07149 -4.04783 -1.07149 -4.04783 0.250532 0 1.90895 0 
2 1 0 12.3077 0.1 49.0478 -1.07134 -4.0468 -1.07134 -4.0468 0.250789 0 1.90758 0 
2 1 0 12.3028 0.1 49.0478 -1.07119 -4.04576 -1.07119 -4.04576 0.251047 0 1.90621 0 
2 1 0 12.2979 0.1 49.0478 -1.07105 -4.04472 -1.07105 -4.04472 0.251306 0 1.90484 0 
2 1 0 12.293 0.1 49.0478 -1.0709 -4.04369 -1.0709 -4.04369 0.251565 0 1.90346 0 
2 1 0 12.2881 0.1 49.0478 -1.07075 -4.04265 -1.07075 -4.04265 0.251826 0 1.90208 0 
2 1 0 12.2833 0.1 49.0478 -1.0706 -4.04162 -1.0706 -4.04162 0.252087 0 1.90069 0 
2 1 0 12.2784 0.1 49.0478 -1.07045 -4.04059 -1.07045 -4.04059 0.252349 0 1.8993 0 
2 1 0 12.2735 0.1 49.0478 -1.0703 -4.03955 -1.0703 -4.03955 0.252613 0 1.89791 0 
2 1 0 12.2686 0.1 49.0478 -1.07015 -4.03852 -1.07015 -4.03852 0.252876 0 1.89651 0 
2 1 0 12.2637 0.1 49.0478 -1.07 -4.03749 -1.07 -4.03749 0.253141 0 1.89511 0 
2 1 0 12.2588 0.1 49.0478 -1.06985 -4.03646 -1.06985 -4.03646 0.253407 0 1.89371 0 
2 1 0 12.2539 0.1 49.0478 -1.0697 -4.03543 -1.0697 -4.03543 0.253673 0 1.8923 0 
2 1 0 12.249 0.1 49.0478 -1.06955 -4.0344 -1.06955 -4.0344 0.253941 0 1.89089 0 
2 1 0 12.2441 0.1 49.0478 -1.06941 -4.03337 -1.06941 -4.03337 0.254209 0 1.88948 0 
2 1 0 12.2392 0.1 49.0478 -1.06926 -4.03234 -1.06926 -4.03234 0.254478 0 1.88806 0 
2 1 0 12.2344 0.1 49.0478 -1.06911 -4.03131 -1.06911 -4.03131 0.254748 0 1.88664 0 
2 1 0 12.2295 0.1 49.0478 -1.06896 -4.03028 -1.06896 -4.03028 0.255019 0 1.88522 0 
2 1 0 12.2246 0.1 49.0478 -1.06881 -4.02925 -1.06881 -4.02925 0.255291 0 1.88379 0 
2 1 0 12.2197 0.1 49.0478 -1.06866 -4.02823 -1.06866 -4.02823 0.255564 0 1.88236 0 
2 1 0 12.2148 0.1 49.0478 -1.06851 -4.0272 -1.06851 -4.0272 0.255837 0 1.88092 0 
2 1 0 12.2099 0.1 49.0478 -1.06836 -4.02617 -1.06836 -4.02617 0.256112 0 1.87949 0 
2 1 0 12.205 0.1 49.0478 -1.06821 -4.02515 -1.06821 -4.02515 0.256387 0 1.87804 0 
2 1 0 12.2001 0.1 49.0478 -1.06806 -4.02413 -1.06806 -4.02413 0.256664 0 1.8766 0 
2 1 0 12.1952 0.1 49.0478 -1.06791 -4.0231 -1.06791 -4.0231 0.256941 0 1.87515 0 
2 1 0 12.1903 0.1 49.0478 -1.06776 -4.02208 -1.06776 -4.02208 0.257219 0 1.8737 0 
2 1 0 12.1854 0.1 49.0478 -1.06761 -4.02105 -1.06761 -4.02105 0.257498 0 1.87225 0 
2 1 0 12.1805 0.1 49.0478 -1.06746 -4.02003 -1.06746 -4.02003 0.257778 0 1.87079 0 
2 1 0 12.1757 0.1 49.0478 -1.06731 -4.01901 -1.06731 -4.01901 0.258059 0 1.86933 0 
2 1 0 12.1708 0.1 49.0478 -1.06716 -4.01799 -1.06716 -4.01799 0.258341 0 1.86786 0 
2 1 0 12.1659 0.1 49.0478 -1.06701 -4.01697 -1.06701 -4.01697 0.258624 0 1.8664 0 
2 1 0 12.161 0.1 49.0478 -1.06686 -4.01595 -1.06686 -4.01595 0.258907 0 1.86492 0 
2 1 0 12.1561 0.1 49.0478 -1.06671 -4.01493 -1.06671 -4.01493 0.259192 0 1.86345 0 
2 1 0 12.1512 0.1 49.0478 -1.06656 -4.01391 -1.06656 -4.01391 0.259477 0 1.86197 0 
2 1 0 12.1463 0.1 49.0478 -1.06641 -4.01289 -1.06641 -4.01289 0.259764 0 1.86049 0 
2 1 0 12.1414 0.1 49.0478 -1.06626 -4.01188 -1.06626 -4.01188 0.260051 0 1.85901 0 
2 1 0 12.1365 0.1 49.0478 -1.06612 -4.01086 -1.06612 -4.01086 0.260339 0 1.85752 0 
2 1 0 12.1316 0.1 49.0478 -1.06597 -4.00984 -1.06597 -4.00984 0.260629 0 1.85603 0 
2 1 0 12.1267 0.1 49.0478 -1.06582 -4.00883 -1.06582 -4.00883 0.260919 0 1.85453 0 
2 1 0 12.1218 0.1 49.0478 -1.06567 -4.00781 -1.06567 -4.00781 0.26121 0 1.85303 0 
2 1 0 12.1169 0.1 49.0478 -1.06552 -4.0068 -1.06552 -4.0068 0.261502 0 1.85153 0 
2 1 0 12.112 0.1 49.0478 -1.06537 -4.00578 -1.06537 -4.00578 0.261795 0 1.85003 0 
2 1 0 12.1072 0.1 49.0478 -1.06522 -4.00477 -1.06522 -4.00477 0.262089 0 1.84852 0 
2 1 0 12.1023 0.1 49.0478 -1.06507 -4.00376 -1.06507 -4.00376 0.262384 0 1.84701 0 
2 1 0 12.0974 0.1 49.0478 -1.06492 -4.00274 -1.06492 -4.00274 0.26268 0 1.8455 0 
2 1 0 12.0925 0.1 49.0478 -1.06476 -4.00173 -1.06476 -4.00173 0.262977 0 1.84398 0 
2 1 0 12.0876 0.1 49.0478 -1.06461 -4.00072 -1.06461 -4.00072 0.263275 0 1.84246 0 
2 1 0 12.0827 0.1 49.0478 -1.06446 -3.99971 -1.06446 -3.99971 0.263574 0 1.84094 0 
2 1 0 12.0778 0.1 49.0478 -1.06431 -3.9987 -1.06431 -3.9987 0.263874 0 1.83941 0 
2 1 0 12.0729 0.1 49.0478 -1.06416 -3.99769 -1.06416 -3.99769 0.264175 0 1.83788 0 
2 1 0 12.068 0.1 49.0478 -1.06401 -3.99668 -1.06401 -3.99668 0.264476 0 1.83634 0 
2 1 0 12.0631 0.1 49.0478 -1.06386 -3.99568 -1.06386 -3.99568 0.264779 0 1.83481 0 
2 1 0 12.0582 0.1 49.0478 -1.06371 -3.99467 -1.06371 -3.99467 0.265083 0 1.83327 0 
2 1 0 12.0533 0.1 49.0478 -1.06356 -3.99366 -1.06356 -3.99366 0.265388 0 1.83173 0 
2 1 0 12.0484 0.1 49.0478 -1.06341 -3.99266 -1.06341 -3.99266 0.265694 0 1.83018 0 
2 1 0 12.0435 0.1 49.0478 -1.06326 -3.99165 -1.06326 -3.99165 0.266 0 1.82863 0 
2 1 0 12.0386 0.1 49.0478 -1.06311 -3.99065 -1.06311 -3.99065 0.266308 0 1.82708 0 
2 1 0 12.0337 0.1 49.0478 -1.06296 -3.98964 -1.06296 -3.98964 0.266617 0 1.82552 0 
2 1 0 12.0288 0.1 49.0478 -1.06281 -3.98864 -1.06281 -3.98864 0.266927 0 1.82396 0 
2 1 0 12.0239 0.1 49.0478 -1.06266 -3.98763 -1.06266 -3.98763 0.267237 0 1.8224 0 
2 1 0 12.019 0.1 49.0478 -1.06251 -3.98663 -1.06251 -3.98663 0.267549 0 1.82084 0 
2 1 0 12.0141 0.1 49.0478 -1.06236 -3.98563 -1.06236 -3.98563 0.267862 0 1.81927 0 
2 1 0 12.0092 0.1 49.0478 -1.06221 -3.98463 -1.06221 -3.98463 0.268176 0 1.8177 0 
2 1 0 12.0043 0.1 49.0478 -1.06206 -3.98363 -1.06206 -3.98363 0.268491 0 1.81612 0 
2 1 0 11.9995 0.1 49.0478 -1.06191 -3.98263 -1.06191 -3.98263 0.268807 0 1.81454 0 
2 1 0 11.9946 0.1 49.0478 -1.06176 -3.98163 -1.06176 -3.98163 0.269123 0 1.81296 0 
2 1 0 11.9897 0.1 49.0478 -1.06161 -3.98063 -1.06161 -3.98063 0.269441 0 1.81138 0 
2 1 0 11.9848 0.1 49.0478 -1.06145 -3.97964 -1.06145 -3.97964 0.26976 0 1.80979 0 
2 1 0 11.9799 0.1 49.0478 -1.0613 -3.97864 -1.0613 -3.97864 0.27008 0 1.8082 0 
2 1 0 11.975 0.1 49.0478 -1.06115 -3.97764 -1.06115 -3.97764 0.270401 0 1.80661 0 
2 1 0 11.9701 0.1 49.0478 -1.061 -3.97665 -1.061 -3.97665 0.270724 0 1.80501 0 
2 1 0 11.9652 0.1 49.0478 -1.06085 -3.97565 -1.06085 -3.97565 0.271047 0 1.80341 0 
2 1 0 11.9603 0.1 49.0478 -1.0607 -3.97466 -1.0607 -3.97466 0.271371 0 1.80181 0 
2 1 0 11.9554 0.1 49.0478 -1.06055 -3.97366 -1.06055 -3.97366 0.271696 0 1.80021 0 
2 1 0 11.9505 0.1 49.0478 -1.0604 -3.97267 -1.0604 -3.97267 0.272023 0 1.7986 0 
2 1 0 11.9456 0.1 49.0478 -1.06025 -3.97168 -1.06025 -3.97168 0.27235 0 1.79699 0 
2 1 0 11.9407 0.1 49.0478 -1.0601 -3.97069 -1.0601 -3.97069 0.272678 0 1.79537 0 
2 1 0 11.9358 0.1 49.0478 -1.05995 -3.9697 -1.05995 -3.9697 0.273008 0 1.79375 0 
2 1 0 11.9309 0.1 49.0478 -1.05979 -3.96871 -1.05979 -3.96871 0.273338 0 1.79213 0 
2 1 0 11.926 0.1 49.0478 -1.05964 -3.96772 -1.05964 -3.96772 0.27367 0 1.79051 0 
2 1 0 11.9211 0.1 49.0478 -1.05949 -3.96673 -1.05949 -3.96673 0.274003 0 1.78888 0 
2 1 0 11.9162 0.1 49.0478 -1.05934 -3.96574 -1.05934 -3.96574 0.274337 0 1.78725 0 
2 1 0 11.9113 0.1 49.0478 -1.05919 -3.96475 -1.05919 -3.96475 0.274672 0 1.78562 0 
2 1 0 11.9064 0.1 49.0478 -1.05904 -3.96377 -1.05904 -3.96377 0.275008 0 1.78399 0 
2 1 0 11.9015 0.1 49.0478 -1.05889 -3.96278 -1.05889 -3.96278 0.275345 0 1.78235 0 
2 1 0 11.8966 0.1 49.0478 -1.05874 -3.96179 -1.05874 -3.96179 0.275683 0 1.78071 0 
2 1 0 11.8917 0.1 49.0478 -1.05859 -3.96081 -1.05859 -3.96081 0.276022 0 1.77906 0 
2 1 0 11.8868 0.1 49.0478 -1.05843 -3.95983 -1.05843 -3.95983 0.276363 0 1.77742 0 
2 1 0 11.8819 0.1 49.0478 -1.05828 -3.95884 -1.05828 -3.95884 0.276704 0 1.77577 0 
2 1 0 11.877 0.1 49.0478 -1.05813 -3.95786 -1.05813 -3.95786 0.277047 0 1.77411 0 
2 1 0 11.8721 0.1 49.0478 -1.05798 -3.95688 -1.05798 -3.95688 0.27739 0 1.77246 0 
2 1 0 11.8672 0.1 49.0478 -1.05783 -3.9559 -1.05783 -3.9559 0.277735 0 1.7708 0 
2 1 0 11.8623 0.1 49.0478 -1.05768 -3.95492 -1.05768 -3.95492 0.278081 0 1.76914 0 
2 1 0 11.8574 0.1 49.0478 -1.05753 -3.95394 -1.05753 -3.95394 0.278428 0 1.76747 0 
2 1 0 11.8525 0.1 49.0478 -1.05737 -3.95296 -1.05737 -3.95296 0.278777 0 1.7658 0 
2 1 0 11.8476 0.1 49.0478 -1.05722 -3.95198 -1.05722 -3.95198 0.279126 0 1.76413 0 
2 1 0 11.8427 0.1 49.0478 -1.05707 -3.951 -1.05707 -3.951 0.279476 0 1.76246 0 
2 1 0 11.8378 0.1 49.0478 -1.05692 -3.95003 -1.05692 -3.95003 0.279828 0 1.76078 0 
2 1 0 11.8329 0.1 49.0478 -1.05677 -3.94905 -1.05677 -3.94905 0.280181 0 1.75911 0 
2 1 0 11.828 0.1 49.0478 -1.05662 -3.94808 -1.05662 -3.94808 0.280535 0 1.75742 0 
2 1 0 11.8231 0.1 49.0478 -1.05646 -3.9471 -1.05646 -3.9471 0.28089 0 1.75574 0 
2 1 0 11.8182 0.1 49.0478 -1.05631 -3.94613 -1.05631 -3.94613 0.281246 0 1.75405 0 
2 1 0 11.8133 0.1 49.0478 -1.05616 -3.94515 -1.05616 -3.94515 0.281603 0 1.75236 0 
2 1 0 11.8084 0.1 49.0478 -1.05601 -3.94418 -1.05601 -3.94418 0.281962 0 1.75067 0 
2 1 0 11.8035 0.1 49.0478 -1.05586 -3.94321 -1.05586 -3.94321 0.282322 0 1.74897 0 
2 1 0 11.7986 0.1 49.0478 -1.05571 -3.94224 -1.05571 -3.94224 0.282682 0 1.74727 0 
2 1 0 11.7937 0.1 49.0478 -1.05555 -3.94127 -1.05555 -3.94127 0.283045 0 1.74557 0 
2 1 0 11.7888 0.1 49.0478 -1.0554 -3.9403 -1.0554 -3.9403 0.283408 0 1.74387 0 
2 1 0 11.7839 0.1 49.0478 -1.05525 -3.93933 -1.05525 -3.93933 0.283772 0 1.74216 0 
2 1 0 11.779 0.1 49.0478 -1.0551 -3.93837 -1.0551 -3.93837 0.284138 0 1.74045 0 
2 1 0 11.7741 0.1 49.0478 -1.05495 -3.9374 -1.05495 -3.9374 0.284505 0 1.73874 0 
2 1 0 11.7691 0.1 49.0478 -1.05479 -3.93643 -1.05479 -3.93643 0.284873 0 1.73702 0 
2 1 0 11.7642 0.1 49.0478 -1.05464 -3.93547 -1.05464 -3.93547 0.285242 0 1.73531 0 
2 1 0 11.7593 0.1 49.0478 -1.05449 -3.93451 -1.05449 -3.93451 0.285612 0 1.73359 0 
2 1 0 11.7544 0.1 49.0478 -1.05434 -3.93354 -1.05434 -3.93354 0.285984 0 1.73186 0 
2 1 0 11.7495 0.1 49.0478 -1.05419 -3.93258 -1.05419 -3.93258 0.286357 0 1.73014 0 
2 1 0 11.7446 0.1 49.0478 -1.05403 -3.93162 -1.05403 -3.93162 0.286731 0 1.72841 0 
2 1 0 11.7397 0.1 49.0478 -1.05388 -3.93066 -1.05388 -3.93066 0.287106 0 1.72668 0 
2 1 0 11.7348 0.1 49.0478 -1.05373 -3.9297 -1.05373 -3.9297 0.287482 0 1.72494 0 
2 1 0 11.7299 0.1 49.0478 -1.05358 -3.92874 -1.05358 -3.92874 0.28786 0 1.7232 0 
2 1 0 11.725 0.1 49.0478 -1.05342 -3.92778 -1.05342 -3.92778 0.288239 0 1.72146 0 
2 1 0 11.7201 0.1 49.0478 -1.05327 -3.92682 -1.05327 -3.92682 0.288619 0 1.71972 0 
2 1 0 11.7152 0.1 49.0478 -1.05312 -3.92587 -1.05312 -3.92587 0.289 0 1.71798 0 
2 1 0 11.7103 0.1 49.0478 -1.05297 -3.92491 -1.05297 -3.92491 0.289383 0 1.71623 0 
2 1 0 11.7054 0.1 49.0478 -1.05281 -3.92396 -1.05281 -3.92396 0.289767 0 1.71448 0 
2 1 0 11.7005 0.1 49.0478 -1.05266 -3.923 -1.05266 -3.923 0.290152 0 1.71273 0 
2 1 0 11.6956 0.1 49.0478 -1.05251 -3.92205 -1.05251 -3.92205 0.290538 0 1.71097 0 
2 1 0 11.6907 0.1 49.0478 -1.05236 -3.9211 -1.05236 -3.9211 0.290926 0 1.70921 0 
2 1 0 11.6858 0.1 49.0478 -1.05221 -3.92015 -1.05221 -3.92015 0.291315 0 1.70745 0 
2 1 0 11.6809 0.1 49.0478 -1.05205 -3.9192 -1.05205 -3.9192 0.291705 0 1.70569 0 
2 1 0 11.676 0.1 49.0478 -1.0519 -3.91825 -1.0519 -3.91825 0.292096 0 1.70392 0 
2 1 0 11.671 0.1 49.0478 -1.05175 -3.9173 -1.05175 -3.9173 0.292489 0 1.70215 0 
2 1 0 11.6661 0.1 49.0478 -1.0516 -3.91635 -1.0516 -3.91635 0.292883 0 1.70038 0 
2 1 0 11.6612 0.1 49.0478 -1.05144 -3.9154 -1.05144 -3.9154 0.293278 0 1.69861 0 
2 1 0 11.6563 0.1 49.0478 -1.05129 -3.91446 -1.05129 -3.91446 0.293675 0 1.69683 0 
2 1 0 11.6514 0.1 49.0478 -1.05114 -3.91351 -1.05114 -3.91351 0.294073 0 1.69506 0 
2 1 0 11.6465 0.1 49.0478 -1.05098 -3.91257 -1.05098 -3.91257 0.294472 0 1.69327 0 
2 1 0 11.6416 0.1 49.0478 -1.05083 -3.91163 -1.05083 -3.91163 0.294872 0 1.69149 0 
2 1 0 11.6367 0.1 49.0478 -1.05068 -3.91068 -1.05068 -3.91068 0.295274 0 1.6897 0 
2 1 0 11.6318 0.1 49.0478 -1.05053 -3.90974 -1.05053 -3.90974 0.295677 0 1.68792 0 
2 1 0 11.6269 0.1 49.0478 -1.05037 -3.9088 -1.05037 -3.9088 0.296082 0 1.68612 0 
2 1 0 11.622 0.1 49.0478 -1.05022 -3.90786 -1.05022 -3.90786 0.296487 0 1.68433 0 
2 1 0 11.6171 0.1 49.0478 -1.05007 -3.90693 -1.05007 -3.90693 0.296894 0 1.68253 0 
2 1 0 11.6121 0.1 49.0478 -1.04991 -3.90599 -1.04991 -3.90599 0.297303 0 1.68074 0 
2 1 0 11.6072 0.1 49.0478 -1.04976 -3.90505 -1.04976 -3.90505 0.297713 0 1.67893 0 
2 1 0 11.6023 0.1 49.0478 -1.04961 -3.90412 -1.04961 -3.90412 0.298124 0 1.67713 0 
2 1 0 11.5974 0.1 49.0478 -1.04946 -3.90318 -1.04946 -3.90318 0.298536 0 1.67532 0 
2 1 0 11.5925 0.1 49.0478 -1.0493 -3.90225 -1.0493 -3.90225 0.29895 0 1.67352 0 
2 1 0 11.5876 0.1 49.0478 -1.04915 -3.90132 -1.04915 -3.90132 0.299365 0 1.6717 0 
2 1 0 11.5827 0.1 49.0478 -1.049 -3.90039 -1.049 -3.90039 0.299781 0 1.66989 0 
2 1 0 11.5778 0.1 49.0478 -1.04884 -3.89946 -1.04884 -3.89946 0.300199 0 1.66807 0 
2 1 0 11.5729 0.1 49.0478 -1.04869 -3.89853 -1.04869 -3.89853 0.300618 0 1.66626 0 
2 1 0 11.568 0.1 49.0478 -1.04854 -3.8976 -1.04854 -3.8976 0.301039 0 1.66444 0 
2 1 0 11.563 0.1 49.0478 -1.04838 -3.89667 -1.04838 -3.89667 0.301461 0 1.66261 0 
2 1 0 11.5581 0.1 49.0478 -1.04823 -3.89575 -1.04823 -3.89575 0.301884 0 1.66079 0 
2 1 0 11.5532 0.1 49.0478 -1.04808 -3.89482 -1.04808 -3.89482 0.302309 0 1.65896 0 
2 1 0 11.5483 0.1 49.0478 -1.04793 -3.8939 -1.04793 -3.8939 0.302735 0 1.65713 0 
2 1 0 11.5434 0.1 49.0478 -1.04777 -3.89297 -1.04777 -3.89297 0.303163 0 1.6553 0 
2 1 0 11.5385 0.1 49.0478 -1.04762 -3.89205 -1.04762 -3.89205 0.303592 0 1.65346 0 
2 1 0 11.5336 0.1 49.0478 -1.04747 -3.89113 -1.04747 -3.89113 0.304022 0 1.65162 0 
2 1 0 11.5287 0.1 49.0478 -1.04731 -3.89021 -1.04731 -3.89021 0.304454 0 1.64978 0 
2 1 0 11.5238 0.1 49.0478 -1.04716 -3.88929 -1.04716 -3.88929 0.304887 0 1.64794 0 
2 1 0 11.5188 0.1 49.0478 -1.04701 -3.88838 -1.04701 -3.88838 0.305321 0 1.6461 0 
2 1 0 11.5139 0.1 49.0478 -1.04685 -3.88746 -1.04685 -3.88746 0.305757 0 1.64425 0 
2 1 0 11.509 0.1 49.0478 -1.0467 -3.88655 -1.0467 -3.88655 0.306195 0 1.6424 0 
2 1 0 11.5041 0.1 49.0478 -1.04655 -3.88563 -1.04655 -3.88563 0.306634 0 1.64055 0 
2 1 0 11.4992 0.1 49.0478 -1.04639 -3.88472 -1.04639 -3.88472 0.307074 0 1.63869 0 
2 1 0 11.4943 0.1 49.0478 -1.04624 -3.88381 -1.04624 -3.88381 0.307516 0 1.63684 0 
2 1 0 11.4894 0.1 49.0478 -1.04608 -3.8829 -1.04608 -3.8829 0.307959 0 1.63498 0 
2 1 0 11.4844 0.1 49.0478 -1.04593 -3.88199 -1.04593 -3.88199 0.308404 0 1.63312 0 
2 1 0 11.4795 0.1 49.0478 -1.04578 -3.88108 -1.04578 -3.88108 0.30885 0 1.63125 0 
2 1 0 11.4746 0.1 49.0478 -1.04562 -3.88017 -1.04562 -3.88017 0.309298 0 1.62939 0 
2 1 0 11.4697 0.1 49.0478 -1.04547 -3.87927 -1.04547 -3.87927 0.309747 0 1.62752 0 
2 1 0 11.4648 0.1 49.0478 -1.04532 -3.87836 -1.04532 -3.87836 0.310198 0 1.62565 0 
2 1 0 11.4599 0.1 49.0478 -1.04516 -3.87746 -1.04516 -3.87746 0.31065 0 1.62378 0 
2 1 0 11.455 0.1 49.0478 -1.04501 -3.87656 -1.04501 -3.87656 0.311104 0 1.62191 0 
2 1 0 11.45 0.1 49.0478 -1.04486 -3.87566 -1.04486 -3.87566 0.311559 0 1.62003 0 
2 1 0 11.4451 0.1 49.0478 -1.0447 -3.87476 -1.0447 -3.87476 0.312015 0 1.61815 0 
2 1 0 11.4402 0.1 49.0478 -1.04455 -3.87386 -1.04455 -3.87386 0.312474 0 1.61627 0 
2 1 0 11.4353 0.1 49.0478 -1.04439 -3.87297 -1.04439 -3.87297 0.312933 0 1.61438 0 
2 1 0 11.4304 0.1 49.0478 -1.04424 -3.87207 -1.04424 -3.87207 0.313395 0 1.6125 0 
2 1 0 11.4255 0.1 49.0478 -1.04409 -3.87118 -1.04409 -3.87118 0.313857 0 1.61061 0 
2 1 0 11.4205 0.1 49.0478 -1.04393 -3.87028 -1.04393 -3.87028 0.314322 0 1.60872 0 
2 1 0 11.4156 0.1 49.0478 -1.04378 -3.86939 -1.04378 -3.86939 0.314788 0 1.60683 0 
2 1 0 11.4107 0.1 49.0478 -1.04362 -3.8685 -1.04362 -3.8685 0.315255 0 1.60493 0 
2 1 0 11.4058 0.1 49.0478 -1.04347 -3.86761 -1.04347 -3.86761 0.315724 0 1.60304 0 
2 1 0 11.4009 0.1 49.0478 -1.04332 -3.86673 -1.04332 -3.86673 0.316195 0 1.60114 0 
2 1 0 11.3959 0.1 49.0478 -1.04316 -3.86584 -1.04316 -3.86584 0.316667 0 1.59924 0 
2 1 0 11.391 0.1 49.0478 -1.04301 -3.86496 -1.04301 -3.86496 0.317141 0 1.59733 0 
2 1 0 11.3861 0.1 49.0478 -1.04285 -3.86407 -1.04285 -3.86407 0.317616 0 1.59543 0 
2 1 0 11.3812 0.1 49.0478 -1.0427 -3.86319 -1.0427 -3.86319 0.318093 0 1.59352 0 
2 1 0 11.3763 0.1 49.0478 -1.04255 -3.86231 -1.04255 -3.86231 0.318571 0 1.59161 0 
2 1 0 11.3714 0.1 49.0478 -1.04239 -3.86143 -1.04239 -3.86143 0.319052 0 1.5897 0 
2 1 0 11.3664 0.1 49.0478 -1.04224 -3.86056 -1.04224 -3.86056 0.319533 0 1.58778 0 
2 1 0 11.3615 0.1 49.0478 -1.04208 -3.85968 -1.04208 -3.85968 0.320017 0 1.58587 0 
2 1 0 11.3566 0.1 49.0478 -1.04193 -3.85881 -1.04193 -3.85881 0.320502 0 1.58395 0 
2 1 0 11.3517 0.1 49.0478 -1.04178 -3.85793 -1.04178 -3.85793 0.320988 0 1.58203 0 
2 1 0 11.3467 0.1 49.0478 -1.04162 -3.85706 -1.04162 -3.85706 0.321477 0 1.5801 0 
2 1 0 11.3418 0.1 49.0478 -1.04147 -3.85619 -1.04147 -3.85619 0.321967 0 1.57818 0 
2 1 0 11.3369 0.1 49.0478 -1.04131 -3.85532 -1.04131 -3.85532 0.322458 0 1.57625 0 
2 1 0 11.332 0.1 49.0478 -1.04116 -3.85446 -1.04116 -3.85446 0.322952 0 1.57432 0 
2 1 0 11.3271 0.1 49.0478 -1.041 -3.85359 -1.041 -3.85359 0.323447 0 1.57239 0 
2 1 0 11.3221 0.1 49.0478 -1.04085 -3.85273 -1.04085 -3.85273 0.323943 0 1.57045 0 
2 1 0 11.3172 0.1 49.0478 -1.0407 -3.85187 -1.0407 -3.85187 0.324442 0 1.56852 0 
2 1 0 11.3123 0.1 49.0478 -1.04054 -3.85101 -1.04054 -3.85101 0.324942 0 1.56658 0 
2 1 0 11.3074 0.1 49.0478 -1.04039 -3.85015 -1.04039 -3.85015 0.325444 0 1.56464 0 
2 1 0 11.3024 0.1 49.0478 -1.04023 -3.84929 -1.04023 -3.84929 0.325947 0 1.5627 0 
2 1 0 11.2975 0.1 49.0478 -1.04008 -3.84844 -1.04008 -3.84844 0.326452 0 1.56075 0 
2 1 0 11.2926 0.1 49.0478 -1.03992 -3.84758 -1.03992 -3.84758 0.326959 0 1.5588 0 
2 1 0 11.2877 0.1 49.0478 -1.03977 -3.84673 -1.03977 -3.84673 0.327468 0 1.55686 0 
2 1 0 11.2828 0.1 49.0478 -1.03961 -3.84588 -1.03961 -3.84588 0.327979 0 1.5549 0 
2 1 0 11.2778 0.1 49.0478 -1.03946 -3.84503 -1.03946 -3.84503 0.328491 0 1.55295 0 
2 1 0 11.2729 0.1 49.0478 -1.0393 -3.84419 -1.0393 -3.84419 0.329005 0 1.55099 0 
2 1 0 11.268 0.1 49.0478 -1.03915 -3.84334 -1.03915 -3.84334 0.329521 0 1.54904 0 
2 1 0 11.263 0.1 49.0478 -1.039 -3.8425 -1.039 -3.8425 0.330038 0 1.54708 0 
2 1 0 11.2581 0.1 49.0478 -1.03884 -3.84166 -1.03884 -3.84166 0.330558 0 1.54511 0 
2 1 0 11.2532 0.1 49.0478 -1.03869 -3.84082 -1.03869 -3.84082 0.331079 0 1.54315 0 
2 1 0 11.2483 0.1 49.0478 -1.03853 -3.83998 -1.03853 -3.83998 0.331602 0 1.54118 0 
2 1 0 11.2433 0.1 49.0478 -1.03838 -3.83915 -1.03838 -3.83915 0.332127 0 1.53921 0 
2 1 0 11.2384 0.1 49.0478 -1.03822 -3.83831 -1.03822 -3.83831 0.332654 0 1.53724 0 
2 1 0 11.2335 0.1 49.0478 -1.03807 -3.83748 -1.03807 -3.83748 0.333182 0 1.53527 0 
2 1 0 11.2286 0.1 49.0478 -1.03791 -3.83665 -1.03791 -3.83665 0.333713 0 1.53329 0 
2 1 0 11.2236 0.1 49.0478 -1.03776 -3.83582 -1.03776 -3.83582 0.334245 0 1.53132 0 
2 1 0 11.2187 0.1 49.0478 -1.0376 -3.835 -1.0376 -3.835 0.334779 0 1.52934 0 
2 1 0 11.2138 0.1 49.0478 -1.03745 -3.83418 -1.03745 -3.83418 0.335316 0 1.52735 0 
2 1 0 11.2088 0.1 49.0478 -1.03729 -3.83335 -1.03729 -3.83335 0.335854 0 1.52537 0 
2 1 0 11.2039 0.1 49.0478 -1.03714 -3.83253 -1.03714 -3.83253 0.336394 0 1.52338 0 
2 1 0 11.199 0.1 49.0478 -1.03698 -3.83172 -1.03698 -3.83172 0.336935 0 1.52139 0 
2 1 0 11.194 0.1 49.0478 -1.03683 -3.8309 -1.03683 -3.8309 0.337479 0 1.5194 0 
2 1 0 11.1891 0.1 49.0478 -1.03667 -3.83009 -1.03667 -3.83009 0.338025 0 1.51741 0 
2 1 0 11.1842 0.1 49.0478 -1.03652 -3.82928 -1.03652 -3.82928 0.338573 0 1.51541 0 
2 1 0 11.1793 0.1 49.0478 -1.03636 -3.82847 -1.03636 -3.82847 0.339123 0 1.51342 0 
2 1 0 11.1743 0.1 49.0478 -1.03621 -3.82766 -1.03621 -3.82766 0.339675 0 1.51142 0 
2 1 0 11.1694 0.1 49.0478 -1.03605 -3.82686 -1.03605 -3.82686 0.340228 0 1.50941 0 
2 1 0 11.1645 0.1 49.0478 -1.0359 -3.82606 -1.0359 -3.82606 0.340784 0 1.50741 0 
2 1 0 11.1595 0.1 49.0478 -1.03574 -3.82526 -1.03574 -3.82526 0.341342 0 1.5054 0 
2 1 0 11.1546 0.1 49.0478 -1.03559 -3.82446 -1.03559 -3.82446 0.341902 0 1.50339 0 
2 1 0 11.1497 0.1 49.0478 -1.03543 -3.82366 -1.03543 -3.82366 0.342464 0 1.50138 0 
2 1 0 11.1447 0.1 49.0478 -1.03528 -3.82287 -1.03528 -3.82287 0.343028 0 1.49936 0 
2 1 0 11.1398 0.1 49.0478 -1.03512 -3.82208 -1.03512 -3.82208 0.343594 0 1.49735 0 
2 1 0 11.1349 0.1 49.0478 -1.03497 -3.82129 -1.03497 -3.82129 0.344162 0 1.49533 0 
2 1 0 11.1299 0.1 49.0478 -1.03481 -3.82051 -1.03481 -3.82051 0.344733 0 1.49331 0 
2 1 0 11.125 0.1 49.0478 -1.03466 -3.81973 -1.03466 -3.81973 0.345305 0 1.49128 0 
2 1 0 11.12 0.1 49.0478 -1.0345 -3.81895 -1.0345 -3.81895 0.34588 0 1.48925 0 
2 1 0 11.1151 0.1 49.0478 -1.03435 -3.81817 -1.03435 -3.81817 0.346457 0 1.48723 0 
2 1 0 11.1102 0.1 49.0478 -1.03419 -3.81739 -1.03419 -3.81739 0.347036 0 1.48519 0 
2 1 0 11.1052 0.1 49.0478 -1.03404 -3.81662 -1.03404 -3.81662 0.347617 0 1.48316 0 
2 1 0 11.1003 0.1 49.0478 -1.03388 -3.81585 -1.03388 -3.81585 0.348201 0 1.48112 0 
2 1 0 11.0954 0.1 49.0478 -1.03373 -3.81508 -1.03373 -3.81508 0.348787 0 1.47908 0 
2 1 0 11.0904 0.1 49.0478 -1.03357 -3.81432 -1.03357 -3.81432 0.349375 0 1.47704 0 
2 1 0 11.0855 0.1 49.0478 -1.03342 -3.81356 -1.03342 -3.81356 0.349965 0 1.47499 0 
2 1 0 11.0805 0.1 49.0478 -1.03326 -3.8128 -1.03326 -3.8128 0.350558 0 1.47295 0 
2 1 0 11.0756 0.1 49.0478 -1.03311 -3.81205 -1.03311 -3.81205 0.351153 0 1.4709 0 
2 1 0 11.0707 0.1 49.0478 -1.03295 -3.81129 -1.03295 -3.81129 0.35175 0 1.46884 0 
2 1 0 11.0657 0.1 49.0478 -1.0328 -3.81054 -1.0328 -3.81054 0.35235 0 1.46679 0 
2 1 0 11.0608 0.1 49.0478 -1.03264 -3.8098 -1.03264 -3.8098 0.352952 0 1.46473 0 
2 1 0 11.0558 0.1 49.0478 -1.03248 -3.80905 -1.03248 -3.80905 0.353556 0 1.46267 0 
2 1 0 11.0509 0.1 49.0478 -1.03233 -3.80831 -1.03233 -3.80831 0.354163 0 1.4606 0 
2 1 0 11.0459 0.1 49.0478 -1.03217 -3.80757 -1.03217 -3.80757 0.354773 0 1.45853 0 
2 1 0 11.041 0.1 49.0478 -1.03202 -3.80684 -1.03202 -3.80684 0.355385 0 1.45646 0 
2 1 0 11.0361 0.1 49.0478 -1.03186 -3.80611 -1.03186 -3.80611 0.355999 0 1.45439 0 
2 1 0 11.0311 0.1 49.0478 -1.03171 -3.80538 -1.03171 -3.80538 0.356616 0 1.45231 0 
2 1 0 11.0262 0.1 49.0478 -1.03155 -3.80466 -1.03155 -3.80466 0.357236 0 1.45023 0 
2 1 0 11.0212 0.1 49.0478 -1.0314 -3.80393 -1.0314 -3.80393 0.357858 0 1.44815 0 
2 1 0 11.0163 0.1 49.0478 -1.03124 -3.80322 -1.03124 -3.80322 0.358482 0 1.44606 0 
2 1 0 11.0113 0.1 49.0478 -1.03109 -3.8025 -1.03109 -3.8025 0.35911 0 1.44397 0 
2 1 0 11.0064 0.1 49.0478 -1.03093 -3.80179 -1.03093 -3.80179 0.35974 0 1.44188 0 
2 1 0 11.0014 0.1 49.0478 -1.03078 -3.80108 -1.03078 -3.80108 0.360373 0 1.43978 0 
2 1 0 10.9965 0.1 49.0478 -1.03062 -3.80038 -1.03062 -3.80038 0.361008 0 1.43769 0 
2 1 0 10.9915 0.1 49.0478 -1.03046 -3.79968 -1.03046 -3.79968 0.361646 0 1.43558 0 
2 1 0 10.9866 0.1 49.0478 -1.03031 -3.79898 -1.03031 -3.79898 0.362288 0 1.43347 0 
2 1 0 10.9816 0.1 49.0478 -1.03015 -3.79829 -1.03015 -3.79829 0.362931 0 1.43136 0 
2 1 0 10.9767 0.1 49.0478 -1.03 -3.7976 -1.03 -3.7976 0.363578 0 1.42925 0 
2 1 0 10.9717 0.1 49.0478 -1.02984 -3.79692 -1.02984 -3.79692 0.364228 0 1.42713 0 
2 1 0 10.9668 0.1 49.0478 -1.02969 -3.79624 -1.02969 -3.79624 0.364881 0 1.42501 0 
2 1 0 10.9618 0.1 49.0478 -1.02953 -3.79556 -1.02953 -3.79556 0.365536 0 1.42288 0 
2 1 0 10.9569 0.1 49.0478 -1.02938 -3.79489 -1.02938 -3.79489 0.366195 0 1.42075 0 
2 1 0 10.9519 0.1 49.0478 -1.02922 -3.79422 -1.02922 -3.79422 0.366857 0 1.41862 0 
2 1 0 10.947 0.1 49.0478 -1.02907 -3.79355 -1.02907 -3.79355 0.367521 0 1.41648 0 
2 1 0 10.942 0.1 49.0478 -1.02891 -3.79289 -1.02891 -3.79289 0.368189 0 1.41434 0 
2 1 0 10.9371 0.1 49.0478 -1.02875 -3.79224 -1.02875 -3.79224 0.368861 0 1.41219 0 
2 1 0 10.9321 0.1 49.0478 -1.0286 -3.79159 -1.0286 -3.79159 0.369535 0 1.41004 0 
2 1 0 10.9272 0.1 49.0478 -1.02844 -3.79094 -1.02844 -3.79094 0.370213 0 1.40789 0 
2 1 0 10.9222 0.1 49.0478 -1.02829 -3.7903 -1.02829 -3.7903 0.370894 0 1.40573 0 
2 1 0 10.9173 0.1 49.0478 -1.02813 -3.78966 -1.02813 -3.78966 0.371578 0 1.40356 0 
2 1 0 10.9123 0.1 49.0478 -1.02798 -3.78903 -1.02798 -3.78903 0.372266 0 1.40139 0 
2 1 0 10.9073 0.1 49.0478 -1.02782 -3.7884 -1.02782 -3.7884 0.372957 0 1.39922 0 
2 1 0 10.9024 0.1 49.0478 -1.02767 -3.78778 -1.02767 -3.78778 0.373652 0 1.39704 0 
2 1 0 10.8974 0.1 49.0478 -1.02751 -3.78716 -1.02751 -3.78716 0.374351 0 1.39485 0 
2 1 0 10.8925 0.1 49.0478 -1.02736 -3.78655 -1.02736 -3.78655 0.375053 0 1.39266 0 
2 1 0 10.8875 0.1 49.0478 -1.0272 -3.78594 -1.0272 -3.78594 0.375759 0 1.39046 0 
2 1 0 10.8825 0.1 49.0478 -1.02705 -3.78534 -1.02705 -3.78534 0.376469 0 1.38826 0 
2 1 0 10.8776 0.1 49.0478 -1.02689 -3.78474 -1.02689 -3.78474 0.377183 0 1.38605 0 
2 1 0 10.8726 0.1 49.0478 -1.02673 -3.78415 -1.02673 -3.78415 0.3779 0 1.38384 0 
2 1 0 10.8677 0.1 49.0478 -1.02658 -3.78356 -1.02658 -3.78356 0.378622 0 1.38162 0 
2 1 0 10.8627 0.1 49.0478 -1.02642 -3.78298 -1.02642 -3.78298 0.379348 0 1.37939 0 
2 1 0 10.8577 0.1 49.0478 -1.02627 -3.78241 -1.02627 -3.78241 0.380078 0 1.37716 0 
2 1 0 10.8528 0.1 49.0478 -1.02611 -3.78184 -1.02611 -3.78184 0.380812 0 1.37492 0 
2 1 0 10.8478 0.1 49.0478 -1.02596 -3.78128 -1.02596 -3.78128 0.38155 0 1.37267 0 
2 1 0 10.8428 0.1 49.0478 -1.0258 -3.78072 -1.0258 -3.78072 0.382293 0 1.37042 0 
2 1 0 10.8379 0.1 49.0478 -1.02565 -3.78017 -1.02565 -3.78017 0.383041 0 1.36815 0 
2 1 0 10.8329 0.1 49.0478 -1.02549 -3.77963 -1.02549 -3.77963 0.383793 0 1.36589 0 
2 1 0 10.8279 0.1 49.0478 -1.02534 -3.77909 -1.02534 -3.77909 0.384549 0 1.36361 0 
2 1 0 10.823 0.1 49.0478 -1.02518 -3.77856 -1.02518 -3.77856 0.385311 0 1.36132 0 
2 1 0 10.818 0.1 49.0478 -1.02503 -3.77804 -1.02503 -3.77804 0.386078 0 1.35903 0 
2 1 0 10.813 0.1 49.0478 -1.02487 -3.77753 -1.02487 -3.77753 0.386849 0 1.35673 0 
2 1 0 10.808 0.1 49.0478 -1.02472 -3.77702 -1.02472 -3.77702 0.387626 0 1.35442 0 
2 1 0 10.8031 0.1 49.0478 -1.02456 -3.77652 -1.02456 -3.77652 0.388408 0 1.3521 0 
2 1 0 10.7981 0.1 49.0478 -1.02441 -3.77602 -1.02441 -3.77602 0.389196 0 1.34977 0 
2 1 0 10.7931 0.1 49.0478 -1.02425 -3.77554 -1.02425 -3.77554 0.389989 0 1.34743 0 
2 1 0 10.7881 0.1 49.0478 -1.0241 -3.77506 -1.0241 -3.77506 0.390787 0 1.34508 0 
2 1 0 10.7832 0.1 49.0478 -1.02394 -3.77459 -1.02394 -3.77459 0.391592 0 1.34272 0 
2 1 0 10.7782 0.1 49.0478 -1.02379 -3.77413 -1.02379 -3.77413 0.392403 0 1.34036 0 
2 1 0 10.7732 0.1 49.0478 -1.02364 -3.77367 -1.02364 -3.77367 0.393219 0 1.33797 0 
2 1 0 10.7682 0.1 49.0478 -1.02348 -3.77323 -1.02348 -3.77323 0.394043 0 1.33558 0 
2 1 0 10.7633 0.1 49.0478 -1.02333 -3.77279 -1.02333 -3.77279 0.394872 0 1.33318 0 
2 1 0 10.7583 0.1 49.0478 -1.02317 -3.77237 -1.02317 -3.77237 0.395709 0 1.33076 0 
2 1 0 10.7533 0.1 49.0478 -1.02302 -3.77195 -1.02302 -3.77195 0.396552 0 1.32833 0 
2 1 0 10.7483 0.1 49.0478 -1.02286 -3.77154 -1.02286 -3.77154 0.397402 0 1.32589 0 
2 1 0 10.7433 0.1 49.0478 -1.02271 -3.77114 -1.02271 -3.77114 0.39826 0 1.32343 0 
2 1 0 10.7384 0.1 49.0478 -1.02256 -3.77075 -1.02256 -3.77075 0.399125 0 1.32096 0 
2 1 0 10.7334 0.1 49.0478 -1.0224 -3.77038 -1.0224 -3.77038 0.399998 0 1.31847 0 
2 1 0 10.7284 0.1 49.0478 -1.02225 -3.77001 -1.02225 -3.77001 0.400879 0 1.31597 0 
2 1 0 10.7234 0.1 49.0478 -1.0221 -3.76965 -1.0221 -3.76965 0.401769 0 1.31345 0 
2 1 0 10.7184 0.1 49.0478 -1.02194 -3.76931 -1.02194 -3.76931 0.402667 0 1.31092 0 
2 1 0 10.7134 0.1 49.0478 -1.02179 -3.76897 -1.02179 -3.76897 0.403574 0 1.30837 0 
2 1 0 10.7084 0.1 49.0478 -1.02164 -3.76865 -1.02164 -3.76865 0.40449 0 1.30579 0 
2 1 0 10.7035 0.1 49.0478 -1.02148 -3.76834 -1.02148 -3.76834 0.405415 0 1.30321 0 
2 1 0 10.6985 0.1 49.0478 -1.02133 -3.76805 -1.02133 -3.76805 0.406351 0 1.3006 0 
2 1 0 10.6935 0.1 49.0478 -1.02118 -3.76776 -1.02118 -3.76776 0.407297 0 1.29796 0 
2 1 0 10.6885 0.1 49.0478 -1.02102 -3.76749 -1.02102 -3.76749 0.408253 0 1.29531 0 
2 1 0 10.6835 0.1 49.0478 -1.02087 -3.76724 -1.02087 -3.76724 0.409221 0 1.29264 0 
2 1 0 10.6785 0.1 49.0478 -1.02072 -3.76699 -1.02072 -3.76699 0.4102 0 1.28994 0 
2 1 0 10.6735 0.1 49.0478 -1.02057 -3.76677 -1.02057 -3.76677 0.411192 0 1.28722 0 
2 1 0 10.6685 0.1 49.0478 -1.02042 -3.76655 -1.02042 -3.76655 0.412195 0 1.28447 0 
2 1 0 10.6635 0.1 49.0478 -1.02026 -3.76636 -1.02026 -3.76636 0.413212 0 1.28169 0 
2 1 0 10.6585 0.1 49.0478 -1.02011 -3.76618 -1.02011 -3.76618 0.414243 0 1.27888 0 
2 1 0 10.6535 0.1 49.0478 -1.01996 -3.76601 -1.01996 -3.76601 0.415288 0 1.27605 0 
2 1 0 10.6485 0.1 49.0478 -1.01981 -3.76587 -1.01981 -3.76587 0.416348 0 1.27318 0 
2 1 0 10.6435 0.1 49.0478 -1.01966 -3.76574 -1.01966 -3.76574 0.417423 0 1.27028 0 
2 1 0 10.6385 0.1 49.0478 -1.01951 -3.76563 -1.01951 -3.76563 0.418515 0 1.26735 0 
2 1 0 10.6336 0.1 49.0478 -1.01936 -3.76554 -1.01936 -3.76554 0.419625 0 1.26437 0 
2 1 0 10.6286 0.1 49.0478 -1.01921 -3.76547 -1.01921 -3.76547 0.420752 0 1.26136 0 
2 1 0 10.6236 0.1 49.0478 -1.01906 -3.76542 -1.01906 -3.76542 0.421899 0 1.25831 0 
2 1 0 10.6186 0.1 49.0478 -1.01891 -3.7654 -1.01891 -3.7654 0.423066 0 1.25522 0 
2 1 0 10.6136 0.1 49.0478 -1.01876 -3.76539 -1.01876 -3.76539 0.424254 0 1.25207 0 
2 1 0 10.6086 0.1 49.0478 -1.01861 -3.76542 -1.01861 -3.76542 0.425465 0 1.24888 0 
2 1 0 10.6036 0.1 49.0478 -1.01847 -3.76546 -1.01847 -3.76546 0.426699 0 1.24564 0 
2 1 0 10.5986 0.1 49.0478 -1.01832 -3.76554 -1.01832 -3.76554 0.427959 0 1.24234 0 
2 1 0 10.5936 0.1 49.0478 -1.01817 -3.76564 -1.01817 -3.76564 0.429246 0 1.23899 0 
2 1 0 10.5886 0.1 49.0478 -1.01803 -3.76577 -1.01803 -3.76577 0.430562 0 1.23557 0 
2 1 0 10.5836 0.1 49.0478 -1.01788 -3.76593 -1.01788 -3.76593 0.431908 0 1.23208 0 
2 1 0 10.5786 0.1 49.0478 -1.01774 -3.76612 -1.01774 -3.76612 0.433287 0 1.22852 0 
2 1 0 10.5736 0.1 49.0478 -1.01759 -3.76635 -1.01759 -3.76635 0.434702 0 1.22489 0 
2 1 0 10.5686 0.1 49.0478 -1.01745 -3.76662 -1.01745 -3.76662 0.436154 0 1.22117 0 
2 1 0 10.5636 0.1 49.0478 -1.0173 -3.76692 -1.0173 -3.76692 0.437646 0 1.21737 0 
2 1 0 10.5586 0.1 49.0478 -1.01716 -3.76726 -1.01716 -3.76726 0.439183 0 1.21347 0 
2 1 0 10.5536 0.1 49.0478 -1.01702 -3.76765 -1.01702 -3.76765 0.440767 0 1.20946 0 
2 1 0 10.5487 0.1 49.0478 -1.01688 -3.76808 -1.01688 -3.76808 0.442402 0 1.20534 0 
2 1 0 10.5437 0.1 49.0478 -1.01674 -3.76857 -1.01674 -3.76857 0.444094 0 1.2011 0 
2 1 0 10.5387 0.1 49.0478 -1.01661 -3.7691 -1.01661 -3.7691 0.445847 0 1.19673 0 
2 1 0 10.5338 0.1 49.0478 -1.01647 -3.7697 -1.01647 -3.7697 0.447668 0 1.19221 0 
2 1 0 10.5288 0.1 49.0478 -1.01634 -3.77036 -1.01634 -3.77036 0.449563 0 1.18753 0 
2 1 0 10.5239 0.1 49.0478 -1.0162 -3.77108 -1.0162 -3.77108 0.451541 0 1.18267 0 
2 1 0 10.5189 0.1 49.0478 -1.01607 -3.77188 -1.01607 -3.77188 0.453611 0 1.17761 0 
2 1 0 10.514 0.1 49.0478 -1.01594 -3.77277 -1.01594 -3.77277 0.455783 0 1.17233 0 
2 1 0 10.5091 0.1 49.0478 -1.01582 -3.77374 -1.01582 -3.77374 0.458072 0 1.16681 0 
2 1 0 10.5042 0.1 49.0478 -1.01569 -3.77481 -1.01569 -3.77481 0.460492 0 1.161 0 
2 1 0 10.4994 0.1 49.0478 -1.01557 -3.77599 -1.01557 -3.77599 0.463062 0 1.15488 0 
2 1 0 10.4945 0.1 49.0478 -1.01546 -3.7773 -1.01546 -3.7773 0.465806 0 1.1484 0 
2 1 0 10.4898 0.1 49.0478 -1.01535 -3.77875 -1.01535 -3.77875 0.46875 0 1.14149 0 
2 1 0 10.485 0.1 49.0478 -1.01524 -3.78036 -1.01524 -3.78036 0.471932 0 1.1341 0 
2 1 0 10.4804 0.1 49.0478 -1.01514 -3.78216 -1.01514 -3.78216 0.475394 0 1.12614 0 
2 1 0 10.4758 0.1 49.0478 -1.01505 -3.78418 -1.01505 -3.78418 0.479194 0 1.11749 0 
2 1 0 10.4713 0.1 49.0478 -1.01497 -3.78645 -1.01497 -3.78645 0.483405 0 1.10803 0 
2 1 0 10.467 0.1 49.0478 -1.0149 -3.78903 -1.0149 -3.78903 0.488121 0 1.09758 0 
2 1 0 10.463 0.1 49.0478 -1.01484 -3.79196 -1.01484 -3.79196 0.493463 0 1.08593 0 
2 1 0 10.4593 0.1 49.0478 -1.01481 -3.79532 -1.01481 -3.79532 0.499578 0 1.07285 0 
2 1 0 10.4561 0.1 49.0478 -1.01481 -3.79915 -1.01481 -3.79915 0.506625 0 1.05809 0 
2 1 0 10.4535 0.1 49.0478 -1.01484 -3.80345 -1.01484 -3.80345 0.514733 0 1.04154 0 
2 1 0 10.4519 0.1 49.0478 -1.0149 -3.80817 -1.0149 -3.80817 0.52392 0 1.02333 0 
2 1 0 10.4512 0.1 49.0478 -1.01501 -3.81312 -1.01501 -3.81312 0.534054 0 1.00391 0 
1 1 0 10.4512 0.1 49.0478 -1.01503 -3.81411 -1.01503 -3.81411 0.536138 0 1 0 
1 1 0 10.4516 0.1 49.0478 -1.01517 -3.81908 -1.01517 -3.81908 0.547135 0 0.97983 0 
1 1 0 10.4528 0.1 49.0478 -1.01533 -3.82393 -1.01533 -3.82393 0.558713 0 0.959413 0 
1 1 0 10.4546 0.1 49.0478 -1.01551 -3.82859 -1.01551 -3.82859 0.570888 0 0.93881 0 
1 1 0 10.4569 0.1 49.0478 -1.0157 -3.83304 -1.0157 -3.83304 0.583805 0 0.917875 0 
1 1 0 10.4595 0.1 49.0478 -1.01589 -3.8373 -1.01589 -3.8373 0.597742 0 0.896298 0 
1 1 0 10.4624 0.1 49.0478 -1.01609 -3.84138 -1.01609 -3.84138 0.613163 0 0.873571 0 
1 1 0 10.4655 0.1 49.0478 -1.01629 -3.8453 -1.01629 -3.8453 0.630903 0 0.848818 0 
1 1 0 10.4688 0.1 49.0478 -1.01649 -3.84908 -1.01649 -3.84908 0.652767 0 0.820198 0 
1 1 0 10.4722 0.1 49.0478 -1.01669 -3.85273 -1.01669 -3.85273 0.684885 0 0.781546 0 
1 1 0 10.4757 0.1 98.6481 -1.0169 -3.85627 -1.0169 -3.85627 0.730048 0.0465619 0.730048 -0.0465619 
1 1 0 10.4793 0.1 56.7902 -1.0171 -3.85971 -1.0171 -3.85971 0.726968 0.0807604 0.726968 -0.0807604 
1 1 0 10.483 0.1 44.1858 -1.01731 -3.86305 -1.01731 -3.86305 0.723965 0.103647 0.723965 -0.103647 
1 1 0 10.4868 0.1 37.5371 -1.01751 -3.86632 -1.01751 -3.86632 0.721032 0.121831 0.721032 -0.121831 
1 1 0 10.4907 0.1 33.2765 -1.01772 -3.86951 -1.01772 -3.86951 0.718162 0.137237 0.718162 -0.137237 
1 1 0 10.4946 0.1 30.2514 -1.01793 -3.87263 -1.01793 -3.87263 0.715348 0.150751 0.715348 -0.150751 
1 1 0 10.4985 0.1 27.9621 -1.01813 -3.87569 -1.01813 -3.87569 0.712586 0.162871 0.712586 -0.162871 
1 1 0 10.5025 0.1 26.152 -1.01834 -3.87869 -1.01834 -3.87869 0.709872 0.173911 0.709872 -0.173911 
1 1 0 10.5066 0.1 24.6744 -1.01855 -3.88163 -1.01855 -3.88163 0.707201 0.184081 0.707201 -0.184081 
1 1 0 10.5106 0.1 23.4385 -1.01876 -3.88453 -1.01876 -3.88453 0.704569 0.193533 0.704569 -0.193533 
1 1 0 10.5147 0.1 22.3848 -1.01896 -3.88737 -1.01896 -3.88737 0.701975 0.20238 0.701975 -0.20238 
1 1 0 10.5189 0.1 21.4725 -1.01917 -3.89018 -1.01917 -3.89018 0.699415 0.210709 0.699415 -0.210709 
1 1 0 10.523 0.1 20.6722 -1.01938 -3.89294 -1.01938 -3.89294 0.696887 0.218587 0.696887 -0.218587 
1 1 0 10.5272 0.1 19.9628 -1.01958 -3.89567 -1.01958 -3.89567 0.694388 0.22607 0.694388 -0.22607 
1 1 0 10.5314 0.1 19.3281 -1.01979 -3.89836 -1.01979 -3.89836 0.691918 0.233202 0.691918 -0.233202 
1 1 0 10.5357 0.1 18.7557 -1.02 -3.90101 -1.02 -3.90101 0.689474 0.240021 0.689474 -0.240021 
1 1 0 10.5399 0.1 18.2361 -1.0202 -3.90363 -1.0202 -3.90363 0.687054 0.246557 0.687054 -0.246557 
1 1 0 10.5442 0.1 17.7614 -1.02041 -3.90622 -1.02041 -3.90622 0.684658 0.252837 0.684658 -0.252837 
1 1 0 10.5485 0.1 17.3255 -1.02062 -3.90879 -1.02062 -3.90879 0.682284 0.258884 0.682284 -0.258884 
1 1 0 10.5528 0.1 16.9233 -1.02082 -3.91132 -1.02082 -3.91132 0.679931 0.264718 0.679931 -0.264718 
1 1 0 10.5571 0.1 16.5506 -1.02103 -3.91383 -1.02103 -3.91383 0.677597 0.270355 0.677597 -0.270355 
1 1 0 10.5614 0.1 16.2039 -1.02123 -3.91631 -1.02123 -3.91631 0.675283 0.27581 0.675283 -0.27581 
1 1 0 10.5658 0.1 15.8803 -1.02144 -3.91877 -1.02144 -3.91877 0.672986 0.281097 0.672986 -0.281097 
1 1 0 10.5701 0.1 15.5773 -1.02164 -3.9212 -1.02164 -3.9212 0.670706 0.286227 0.670706 -0.286227 
1 1 0 10.5745 0.1 15.2927 -1.02185 -3.92361 -1.02185 -3.92361 0.668443 0.291211 0.668443 -0.291211 
1 1 0 10.5789 0.1 15.0248 -1.02205 -3.926 -1.02205 -3.926 0.666196 0.296059 0.666196 -0.296059 
1 1 0 10.5833 0.1 14.7718 -1.02226 -3.92837 -1.02226 -3.92837 0.663963 0.300777 0.663963 -0.300777 
1 1 0 10.5877 0.1 14.5326 -1.02246 -3.93072 -1.02246 -3.93072 0.661745 0.305376 0.661745 -0.305376 
1 1 0 10.5921 0.1 14.3058 -1.02267 -3.93305 -1.02267 -3.93305 0.65954 0.30986 0.65954 -0.30986 
1 1 0 10.5966 0.1 14.0903 -1.02287 -3.93537 -1.02287 -3.93537 0.657349 0.314237 0.657349 -0.314237 
1 1 0 10.601 0.1 13.8853 -1.02308 -3.93766 -1.02308 -3.93766 0.655171 0.318512 0.655171 -0.318512 
1 1 0 10.6054 0.1 13.6899 -1.02328 -3.93994 -1.02328 -3.93994 0.653005 0.32269 0.653005 -0.32269 
1 1 0 10.6099 0.1 13.5033 -1.02349 -3.9422 -1.02349 -3.9422 0.650851 0.326777 0.650851 -0.326777 
1 1 0 10.6144 0.1 13.3249 -1.02369 -3.94445 -1.02369 -3.94445 0.648708 0.330776 0.648708 -0.330776 
1 1 0 10.6188 0.1 13.1542 -1.02389 -3.94668 -1.02389 -3.94668 0.646577 0.334692 0.646577 -0.334692 
1 1 0 10.6233 0.1 12.9905 -1.0241 -3.94889 -1.0241 -3.94889 0.644456 0.338528 0.644456 -0.338528 
1 1 0 10.6278 0.1 12.8333 -1.0243 -3.95109 -1.0243 -3.95109 0.642346 0.342289 0.642346 -0.342289 
1 1 0 10.6323 0.1 12.6823 -1.0245 -3.95328 -1.0245 -3.95328 0.640246 0.345977 0.640246 -0.345977 
1 1 0 10.6368 0.1 12.5371 -1.02471 -3.95545 -1.02471 -3.95545 0.638156 0.349595 0.638156 -0.349595 
1 1 0 10.6413 0.1 12.3972 -1.02491 -3.95761 -1.02491 -3.95761 0.636075 0.353147 0.636075 -0.353147 
1 1 0 10.6458 0.1 12.2623 -1.02511 -3.95976 -1.02511 -3.95976 0.634004 0.356634 0.634004 -0.356634 
1 1 0 10.6503 0.1 12.1322 -1.02532 -3.96189 -1.02532 -3.96189 0.631942 0.360059 0.631942 -0.360059 
1 1 0 10.6548 0.1 12.0066 -1.02552 -3.96401 -1.02552 -3.96401 0.629888 0.363426 0.629888 -0.363426 
1 1 0 10.6594 0.1 11.8851 -1.02572 -3.96612 -1.02572 -3.96612 0.627843 0.366735 0.627843 -0.366735 
1 1 0 10.6639 0.1 11.7676 -1.02592 -3.96822 -1.02592 -3.96822 0.625807 0.369988 0.625807 -0.369988 
1 1 0 10.6684 0.1 11.6539 -1.02613 -3.9703 -1.02613 -3.9703 0.623778 0.373189 0.623778 -0.373189 
1 1 0 10.673 0.1 11.5438 -1.02633 -3.97238 -1.02633 -3.97238 0.621758 0.376338 0.621758 -0.376338 
1 1 0 10.6775 0.1 11.4369 -1.02653 -3.97444 -1.02653 -3.97444 0.619745 0.379437 0.619745 -0.379437 
1 1 0 10.6821 0.1 11.3333 -1.02673 -3.9765 -1.02673 -3.9765 0.617741 0.382489 0.617741 -0.382489 
1 1 0 10.6866 0.1 11.2328 -1.02693 -3.97854 -1.02693 -3.97854 0.615743 0.385493 0.615743 -0.385493 
1 1 0 10.6912 0.1 11.1351 -1.02714 -3.98058 -1.02714 -3.98058 0.613753 0.388453 0.613753 -0.388453 
1 1 0 10.6958 0.1 11.0401 -1.02734 -3.9826 -1.02734 -3.9826 0.61177 0.391368 0.61177 -0.391368 
1 1 0 10.7003 0.1 10.9478 -1.02754 -3.98461 -1.02754 -3.98461 0.609794 0.394242 0.609794 -0.394242 
1 1 0 10.7049 0.1 10.858 -1.02774 -3.98662 -1.02774 -3.98662 0.607825 0.397074 0.607825 -0.397074 
1 1 0 10.7095 0.1 10.7705 -1.02794 -3.98861 -1.02794 -3.98861 0.605862 0.399866 0.605862 -0.399866 
1 1 0 10.7141 0.1 10.6853 -1.02814 -3.9906 -1.02814 -3.9906 0.603906 0.402619 0.603906 -0.402619 
1 1 0 10.7187 0.1 10.6023 -1.02834 -3.99258 -1.02834 -3.99258 0.601957 0.405334 0.601957 -0.405334 
1 1 0 10.7233 0.1 10.5214 -1.02855 -3.99455 -1.02855 -3.99455 0.600014 0.408013 0.600014 -0.408013 
1 1 0 10.7279 0.1 10.4425 -1.02875 -3.99651 -1.02875 -3.99651 0.598077 0.410655 0.598077 -0.410655 
1 1 0 10.7325 0.1 10.3655 -1.02895 -3.99846 -1.02895 -3.99846 0.596147 0.413263 0.596147 -0.413263 
1 1 0 10.7371 0.1 10.2903 -1.02915 -4.00041 -1.02915 -4.00041 0.594222 0.415837 0.594222 -0.415837 
1 1 0 10.7417 0.1 10.2169 -1.02935 -4.00234 -1.02935 -4.00234 0.592304 0.418377 0.592304 -0.418377 
1 1 0 10.7463 0.1 10.1452 -1.02955 -4.00427 -1.02955 -4.00427 0.590391 0.420885 0.590391 -0.420885 
1 1 0 10.7509 0.1 10.0751 -1.02975 -4.00619 -1.02975 -4.00619 0.588485 0.423362 0.588485 -0.423362 
1 1 0 10.7555 0.1 10.0066 -1.02995 -4.00811 -1.02995 -4.00811 0.586584 0.425807 0.586584 -0.425807 
1 1 0 10.7601 0.1 9.93957 -1.03015 -4.01001 -1.03015 -4.01001 0.584688 0.428223 0.584688 -0.428223 
1 1 0 10.7647 0.1 9.874 -1.03035 -4.01191 -1.03035 -4.01191 0.582798 0.430609 0.582798 -0.430609 
1 1 0 10.7694 0.1 9.80983 -1.03055 -4.01381 -1.03055 -4.01381 0.580914 0.432966 0.580914 -0.432966 
1 1 0 10.774 0.1 9.74701 -1.03075 -4.01569 -1.03075 -4.01569 0.579035 0.435296 0.579035 -0.435296 
1 1 0 10.7786 0.1 9.68549 -1.03095 -4.01757 -1.03095 -4.01757 0.577161 0.437597 0.577161 -0.437597 
1 1 0 10.7833 0.1 9.62522 -1.03114 -4.01944 -1.03114 -4.01944 0.575292 0.439872 0.575292 -0.439872 
1 1 0 10.7879 0.1 9.56617 -1.03134 -4.02131 -1.03134 -4.02131 0.573429 0.44212 0.573429 -0.44212 
1 1 0 10.7925 0.1 9.50829 -1.03154 -4.02316 -1.03154 -4.02316 0.571571 0.444343 0.571571 -0.444343 
1 1 0 10.7972 0.1 9.45154 -1.03174 -4.02502 -1.03174 -4.02502 0.569718 0.44654 0.569718 -0.44654 
1 1 0 10.8018 0.1 9.39588 -1.03194 -4.02686 -1.03194 -4.02686 0.56787 0.448713 0.56787 -0.448713 
1 1 0 10.8065 0.1 9.34129 -1.03214 -4.0287 -1.03214 -4.0287 0.566027 0.450861 0.566027 -0.450861 
1 1 0 10.8111 0.1 9.28772 -1.03234 -4.03054 -1.03234 -4.03054 0.564189 0.452985 0.564189 -0.452985 
1 1 0 10.8158 0.1 9.23514 -1.03254 -4.03236 -1.03254 -4.03236 0.562355 0.455086 0.562355 -0.455086 
1 1 0 10.8204 0.1 9.18353 -1.03273 -4.03418 -1.03273 -4.03418 0.560527 0.457164 0.560527 -0.457164 
1 1 0 10.8251 0.1 9.13285 -1.03293 -4.036 -1.03293 -4.036 0.558703 0.45922 0.558703 -0.45922 
1 1 0 10.8297 0.1 9.08308 -1.03313 -4.03781 -1.03313 -4.03781 0.556884 0.461253 0.556884 -0.461253 
1 1 0 10.8344 0.1 9.03419 -1.03333 -4.03962 -1.03333 -4.03962 0.555069 0.463265 0.555069 -0.463265 
1 1 0 10.839 0.1 8.98614 -1.03353 -4.04141 -1.03353 -4.04141 0.55326 0.465256 0.55326 -0.465256 
1 1 0 10.8437 0.1 8.93893 -1.03372 -4.04321 -1.03372 -4.04321 0.551454 0.467225 0.551454 -0.467225 
1 1 0 10.8484 0.1 8.89252 -1.03392 -4.045 -1.03392 -4.045 0.549654 0.469175 0.549654 -0.469175 
1 1 0 10.853 0.1 8.84688 -1.03412 -4.04678 -1.03412 -4.04678 0.547857 0.471104 0.547857 -0.471104 
1 1 0 10.8577 0.1 8.80201 -1.03432 -4.04856 -1.03432 -4.04856 0.546066 0.473013 0.546066 -0.473013 
1 1 0 10.8624 0.1 8.75788 -1.03451 -4.05033 -1.03451 -4.05033 0.544278 0.474902 0.544278 -0.474902 
1 1 0 10.867 0.1 8.71446 -1.03471 -4.0521 -1.03471 -4.0521 0.542495 0.476773 0.542495 -0.476773 
1 1 0 10.8717 0.1 8.67174 -1.03491 -4.05386 -1.03491 -4.05386 0.540717 0.478624 0.540717 -0.478624 
1 1 0 10.8764 0.1 8.6297 -1.03511 -4.05562 -1.03511 -4.05562 0.538943 0.480457 0.538943 -0.480457 
1 1 0 10.8811 0.1 8.58832 -1.0353 -4.05737 -1.0353 -4.05737 0.537173 0.482272 0.537173 -0.482272 
1 1 0 10.8858 0.1 8.54758 -1.0355 -4.05912 -1.0355 -4.05912 0.535407 0.484069 0.535407 -0.484069 
1 1 0 10.8904 0.1 8.50748 -1.0357 -4.06086 -1.0357 -4.06086 0.533645 0.485848 0.533645 -0.485848 
1 1 0 10.8951 0.1 8.46798 -1.03589 -4.0626 -1.03589 -4.0626 0.531888 0.487609 0.531888 -0.487609 
1 1 0 10.8998 0.1 8.42908 -1.03609 -4.06433 -1.03609 -4.06433 0.530135 0.489354 0.530135 -0.489354 
1 1 0 10.9045 0.1 8.39075 -1.03629 -4.06606 -1.03629 -4.06606 0.528386 0.491081 0.528386 -0.491081 
1 1 0 10.9092 0.1 8.353 -1.03648 -4.06779 -1.03648 -4.06779 0.526641 0.492792 0.526641 -0.492792 
1 1 0 10.9139 0.1 8.3158 -1.03668 -4.06951 -1.03668 -4.06951 0.5249 0.494487 0.5249 -0.494487 
1 1 0 10.9186 0.1 8.27913 -1.03687 -4.07122 -1.03687 -4.07122 0.523163 0.496165 0.523163 -0.496165 
1 1 0 10.9233 0.1 8.243 -1.03707 -4.07294 -1.03707 -4.07294 0.52143 0.497827 0.52143 -0.497827 
1 1 0 10.928 0.1 8.20737 -1.03727 -4.07464 -1.03727 -4.07464 0.519702 0.499474 0.519702 -0.499474 
1 1 0 10.9327 0.1 8.17225 -1.03746 -4.07635 -1.03746 -4.07635 0.517977 0.501105 0.517977 -0.501105 
1 1 0 10.9374 0.1 8.13762 -1.03766 -4.07805 -1.03766 -4.07805 0.516256 0.502721 0.516256 -0.502721 
1 1 0 10.9421 0.1 8.10346 -1.03785 -4.07974 -1.03785 -4.07974 0.514539 0.504322 0.514539 -0.504322 
1 1 0 10.9468 0.1 8.06977 -1.03805 -4.08143 -1.03805 -4.08143 0.512826 0.505908 0.512826 -0.505908 
1 1 0 10.9515 0.1 8.03654 -1.03824 -4.08312 -1.03824 -4.08312 0.511117 0.507479 0.511117 -0.507479 
1 1 0 10.9562 0.1 8.00376 -1.03844 -4.0848 -1.03844 -4.0848 0.509412 0.509036 0.509412 -0.509036 
1 1 0 10.9609 0.1 7.97141 -1.03863 -4.08648 -1.03863 -4.08648 0.50771 0.510579 0.50771 -0.510579 
1 1 0 10.9656 0.1 7.93949 -1.03883 -4.08816 -1.03883 -4.08816 0.506013 0.512107 0.506013 -0.512107 
1 1 0 10.9703 0.1 7.90799 -1.03902 -4.08983 -1.03902 -4.08983 0.504319 0.513622 0.504319 -0.513622 
1 1 0 10.975 0.1 7.87689 -1.03922 -4.09149 -1.03922 -4.09149 0.502629 0.515123 0.502629 -0.515123 
1 1 0 10.9797 0.1 7.8462 -1.03941 -4.09316 -1.03941 -4.09316 0.500943 0.51661 0.500943 -0.51661 
1 1 0 10.9844 0.1 7.81589 -1.03961 -4.09482 -1.03961 -4.09482 0.499261 0.518084 0.499261 -0.518084 
1 1 0 10.9891 0.1 7.78597 -1.0398 -4.09647 -1.0398 -4.09647 0.497582 0.519545 0.497582 -0.519545 
1 1 0 10.9938 0.1 7.75643 -1.04 -4.09813 -1.04 -4.09813 0.495907 0.520993 0.495907 -0.520993 
1 1 0 10.9986 0.1 7.72725 -1.04019 -4.09978 -1.04019 -4.09978 0.494236 0.522427 0.494236 -0.522427 
1 1 0 11.0033 0.1 7.69843 -1.04038 -4.10142 -1.04038 -4.10142 0.492569 0.52385 0.492569 -0.52385 
1 1 0 11.008 0.1 7.66997 -1.04058 -4.10306 -1.04058 -4.10306 0.490905 0.525259 0.490905 -0.525259 
1 1 0 11.0127 0.1 7.64185 -1.04077 -4.1047 -1.04077 -4.1047 0.489245 0.526656 0.489245 -0.526656 
1 1 0 11.0174 0.1 7.61407 -1.04097 -4.10634 -1.04097 -4.10634 0.487588 0.528041 0.487588 -0.528041 
1 1 0 11.0222 0.1 7.58662 -1.04116 -4.10797 -1.04116 -4.10797 0.485935 0.529414 0.485935 -0.529414 
1 1 0 11.0269 0.1 7.5595 -1.04135 -4.1096 -1.04135 -4.1096 0.484286 0.530774 0.484286 -0.530774 
1 1 0 11.0316 0.1 7.53269 -1.04155 -4.11122 -1.04155 -4.11122 0.482641 0.532123 0.482641 -0.532123 
1 1 0 11.0363 0.1 7.5062 -1.04174 -4.11285 -1.04174 -4.11285 0.480999 0.53346 0.480999 -0.53346 
1 1 0 11.0411 0.1 7.48002 -1.04193 -4.11446 -1.04193 -4.11446 0.47936 0.534786 0.47936 -0.534786 
1 1 0 11.0458 0.1 7.45413 -1.04213 -4.11608 -1.04213 -4.11608 0.477725 0.5361 0.477725 -0.5361 
1 1 0 11.0505 0.1 7.42854 -1.04232 -4.11769 -1.04232 -4.11769 0.476094 0.537403 0.476094 -0.537403 
1 1 0 11.0552 0.1 7.40325 -1.04251 -4.1193 -1.04251 -4.1193 0.474466 0.538694 0.474466 -0.538694 
1 1 0 11.06 0.1 7.37823 -1.04271 -4.12091 -1.04271 -4.12091 0.472842 0.539974 0.472842 -0.539974 
1 1 0 11.0647 0.1 7.3535 -1.0429 -4.12251 -1.0429 -4.12251 0.471222 0.541244 0.471222 -0.541244 
1 1 0 11.0694 0.1 7.32904 -1.04309 -4.12411 -1.04309 -4.12411 0.469605 0.542502 0.469605 -0.542502 
1 1 0 11.0742 0.1 7.30485 -1.04329 -4.12571 -1.04329 -4.12571 0.467991 0.54375 0.467991 -0.54375 
1 1 0 11.0789 0.1 7.28092 -1.04348 -4.1273 -1.04348 -4.1273 0.466381 0.544988 0.466381 -0.544988 
1 1 0 11.0836 0.1 7.25726 -1.04367 -4.12889 -1.04367 -4.12889 0.464774 0.546214 0.464774 -0.546214 
1 1 0 11.0884 0.1 7.23385 -1.04386 -4.13048 -1.04386 -4.13048 0.463171 0.547431 0.463171 -0.547431 
1 1 0 11.0931 0.1 7.21068 -1.04405 -4.13206 -1.04405 -4.13206 0.461571 0.548637 0.461571 -0.548637 
1 1 0 11.0979 0.1 7.18777 -1.04425 -4.13364 -1.04425 -4.13364 0.459975 0.549833 0.459975 -0.549833 
1 1 0 11.1026 0.1 7.1651 -1.04444 -4.13522 -1.04444 -4.13522 0.458382 0.551019 0.458382 -0.551019 
1 1 0 11.1073 0.1 7.14266 -1.04463 -4.1368 -1.04463 -4.1368 0.456793 0.552194 0.456793 -0.552194 
1 1 0 11.1121 0.1 7.12046 -1.04482 -4.13837 -1.04482 -4.13837 0.455207 0.55336 0.455207 -0.55336 
1 1 0 11.1168 0.1 7.09849 -1.04501 -4.13994 -1.04501 -4.13994 0.453624 0.554517 0.453624 -0.554517 
1 1 0 11.1216 0.1 7.07675 -1.04521 -4.14151 -1.04521 -4.14151 0.452045 0.555663 0.452045 -0.555663 
1 1 0 11.1263 0.1 7.05523 -1.0454 -4.14308 -1.0454 -4.14308 0.45047 0.5568 0.45047 -0.5568 
1 1 0 11.1311 0.1 7.03392 -1.04559 -4.14464 -1.04559 -4.14464 0.448897 0.557928 0.448897 -0.557928 
1 1 0 11.1358 0.1 7.01284 -1.04578 -4.1462 -1.04578 -4.1462 0.447329 0.559046 0.447329 -0.559046 
1 1 0 11.1406 0.1 6.99196 -1.04597 -4.14775 -1.04597 -4.14775 0.445763 0.560154 0.445763 -0.560154 
1 1 0 11.1453 0.1 6.97129 -1.04616 -4.14931 -1.04616 -4.14931 0.444201 0.561254 0.444201 -0.561254 
1 1 0 11.1501 0.1 6.95083 -1.04635 -4.15086 -1.04635 -4.15086 0.442642 0.562345 0.442642 -0.562345 
1 1 0 11.1548 0.1 6.93056 -1.04654 -4.15241 -1.04654 -4.15241 0.441087 0.563426 0.441087 -0.563426 
1 1 0 11.1596 0.1 6.9105 -1.04674 -4.15396 -1.04674 -4.15396 0.439535 0.564498 0.439535 -0.564498 
1 1 0 11.1643 0.1 6.89063 -1.04693 -4.1555 -1.04693 -4.1555 0.437986 0.565562 0.437986 -0.565562 
1 1 0 11.1691 0.1 6.87095 -1.04712 -4.15704 -1.04712 -4.15704 0.436441 0.566617 0.436441 -0.566617 
1 1 0 11.1738 0.1 6.85146 -1.04731 -4.15858 -1.04731 -4.15858 0.434899 0.567663 0.434899 -0.567663 
1 1 0 11.1786 0.1 6.83216 -1.0475 -4.16012 -1.0475 -4.16012 0.43336 0.5687 0.43336 -0.5687 
1 1 0 11.1833 0.1 6.81304 -1.04769 -4.16165 -1.04769 -4.16165 0.431824 0.569729 0.431824 -0.569729 
1 1 0 11.1881 0.1 6.79411 -1.04788 -4.16318 -1.04788 -4.16318 0.430292 0.57075 0.430292 -0.57075 
1 1 0 11.1928 0.1 6.77535 -1.04807 -4.16471 -1.04807 -4.16471 0.428764 0.571762 0.428764 -0.571762 
1 1 0 11.1976 0.1 6.75676 -1.04826 -4.16624 -1.04826 -4.16624 0.427238 0.572766 0.427238 -0.572766 
1 1 0 11.2024 0.1 6.73835 -1.04845 -4.16776 -1.04845 -4.16776 0.425716 0.573761 0.425716 -0.573761 
1 1 0 11.2071 0.1 6.72011 -1.04864 -4.16928 -1.04864 -4.16928 0.424197 0.574749 0.424197 -0.574749 
1 1 0 11.2119 0.1 6.70203 -1.04883 -4.1708 -1.04883 -4.1708 0.422681 0.575728 0.422681 -0.575728 
1 1 0 11.2166 0.1 6.68412 -1.04902 -4.17232 -1.04902 -4.17232 0.421169 0.576699 0.421169 -0.576699 
1 1 0 11.2214 0.1 6.66638 -1.04921 -4.17384 -1.04921 -4.17384 0.41966 0.577662 0.41966 -0.577662 
1 1 0 11.2262 0.1 6.64879 -1.0494 -4.17535 -1.0494 -4.17535 0.418154 0.578618 0.418154 -0.578618 
1 1 0 11.2309 0.1 6.63136 -1.04959 -4.17686 -1.04959 -4.17686 0.416652 0.579565 0.416652 -0.579565 
1 1 0 11.2357 0.1 6.61409 -1.04978 -4.17837 -1.04978 -4.17837 0.415152 0.580505 0.415152 -0.580505 
1 1 0 11.2404 0.1 6.59697 -1.04997 -4.17987 -1.04997 -4.17987 0.413656 0.581437 0.413656 -0.581437 
1 1 0 11.2452 0.1 6.58 -1.05015 -4.18138 -1.05015 -4.18138 0.412164 0.582362 0.412164 -0.582362 
1 1 0 11.25 0.1 6.56318 -1.05034 -4.18288 -1.05034 -4.18288 0.410674 0.583279 0.410674 -0.583279 
1 1 0 11.2547 0.1 6.54651 -1.05053 -4.18438 -1.05053 -4.18438 0.409188 0.584188 0.409188 -0.584188 
1 1 0 11.2595 0.1 6.52998 -1.05072 -4.18587 -1.05072 -4.18587 0.407705 0.585091 0.407705 -0.585091 
1 1 0 11.2643 0.1 6.5136 -1.05091 -4.18737 -1.05091 -4.18737 0.406225 0.585985 0.406225 -0.585985 
1 1 0 11.269 0.1 6.49735 -1.0511 -4.18886 -1.0511 -4.18886 0.404748 0.586873 0.404748 -0.586873 
1 1 0 11.2738 0.1 6.48125 -1.05129 -4.19035 -1.05129 -4.19035 0.403275 0.587753 0.403275 -0.587753 
1 1 0 11.2786 0.1 6.46529 -1.05148 -4.19184 -1.05148 -4.19184 0.401804 0.588626 0.401804 -0.588626 
1 1 0 11.2834 0.1 6.44945 -1.05166 -4.19333 -1.05166 -4.19333 0.400337 0.589492 0.400337 -0.589492 
1 1 0 11.2881 0.1 6.43376 -1.05185 -4.19481 -1.05185 -4.19481 0.398874 0.590351 0.398874 -0.590351 
1 1 0 11.2929 0.1 6.41819 -1.05204 -4.19629 -1.05204 -4.19629 0.397413 0.591203 0.397413 -0.591203 
1 1 0 11.2977 0.1 6.40276 -1.05223 -4.19777 -1.05223 -4.19777 0.395956 0.592047 0.395956 -0.592047 
1 1 0 11.3024 0.1 6.38745 -1.05242 -4.19925 -1.05242 -4.19925 0.394502 0.592885 0.394502 -0.592885 
1 1 0 11.3072 0.1 6.37227 -1.0526 -4.20073 -1.0526 -4.20073 0.393051 0.593717 0.393051 -0.593717 
1 1 0 11.312 0.1 6.35722 -1.05279 -4.2022 -1.05279 -4.2022 0.391603 0.594541 0.391603 -0.594541 
1 1 0 11.3168 0.1 6.34229 -1.05298 -4.20368 -1.05298 -4.20368 0.390158 0.595359 0.390158 -0.595359 
1 1 0 11.3215 0.1 6.32748 -1.05317 -4.20515 -1.05317 -4.20515 0.388717 0.59617 0.388717 -0.59617 
1 1 0 11.3263 0.1 6.31279 -1.05336 -4.20661 -1.05336 -4.20661 0.387278 0.596974 0.387278 -0.596974 
1 1 0 11.3311 0.1 6.29822 -1.05354 -4.20808 -1.05354 -4.20808 0.385843 0.597772 0.385843 -0.597772 
1 1 0 11.3359 0.1 6.28377 -1.05373 -4.20954 -1.05373 -4.20954 0.384411 0.598563 0.384411 -0.598563 
1 1 0 11.3406 0.1 6.26943 -1.05392 -4.21101 -1.05392 -4.21101 0.382982 0.599348 0.382982 -0.599348 
1 1 0 11.3454 0.1 6.25521 -1.0541 -4.21247 -1.0541 -4.21247 0.381557 0.600126 0.381557 -0.600126 
1 1 0 11.3502 0.1 6.2411 -1.05429 -4.21393 -1.05429 -4.21393 0.380134 0.600898 0.380134 -0.600898 
1 1 0 11.355 0.1 6.2271 -1.05448 -4.21538 -1.05448 -4.21538 0.378715 0.601664 0.378715 -0.601664 
1 1 0 11.3598 0.1 6.21321 -1.05467 -4.21684 -1.05467 -4.21684 0.377299 0.602423 0.377299 -0.602423 
1 1 0 11.3645 0.1 6.19944 -1.05485 -4.21829 -1.05485 -4.21829 0.375886 0.603176 0.375886 -0.603176 
1 1 0 11.3693 0.1 6.18577 -1.05504 -4.21974 -1.05504 -4.21974 0.374476 0.603924 0.374476 -0.603924 
1 1 0 11.3741 0.1 6.1722 -1.05523 -4.22119 -1.05523 -4.22119 0.373069 0.604664 0.373069 -0.604664 
1 1 0 11.3789 0.1 6.15874 -1.05541 -4.22264 -1.05541 -4.22264 0.371665 0.605399 0.371665 -0.605399 
1 1 0 11.3837 0.1 6.14539 -1.0556 -4.22408 -1.0556 -4.22408 0.370265 0.606128 0.370265 -0.606128 
1 1 0 11.3885 0.1 6.13213 -1.05579 -4.22553 -1.05579 -4.22553 0.368867 0.606851 0.368867 -0.606851 
1 1 0 11.3932 0.1 6.11898 -1.05597 -4.22697 -1.05597 -4.22697 0.367473 0.607568 0.367473 -0.607568 
1 1 0 11.398 0.1 6.10593 -1.05616 -4.22841 -1.05616 -4.22841 0.366082 0.608279 0.366082 -0.608279 
1 1 0 11.4028 0.1 6.09298 -1.05634 -4.22985 -1.05634 -4.22985 0.364694 0.608984 0.364694 -0.608984 
1 1 0 11.4076 0.1 6.08012 -1.05653 -4.23129 -1.05653 -4.23129 0.363309 0.609683 0.363309 -0.609683 
1 1 0 11.4124 0.1 6.06736 -1.05672 -4.23272 -1.05672 -4.23272 0.361927 0.610377 0.361927 -0.610377 
1 1 0 11.4172 0.1 6.0547 -1.0569 -4.23415 -1.0569 -4.23415 0.360549 0.611064 0.360549 -0.611064 
1 1 0 11.422 0.1 6.04213 -1.05709 -4.23559 -1.05709 -4.23559 0.359173 0.611746 0.359173 -0.611746 
1 1 0 11.4267 0.1 6.02966 -1.05727 -4.23702 -1.05727 -4.23702 0.357801 0.612423 0.357801 -0.612423 
1 1 0 11.4315 0.1 6.01727 -1.05746 -4.23844 -1.05746 -4.23844 0.356431 0.613094 0.356431 -0.613094 
1 1 0 11.4363 0.1 6.00498 -1.05764 -4.23987 -1.05764 -4.23987 0.355065 0.613759 0.355065 -0.613759 
1 1 0 11.4411 0.1 5.99278 -1.05783 -4.2413 -1.05783 -4.2413 0.353702 0.614419 0.353702 -0.614419 
1 1 0 11.4459 0.1 5.98067 -1.05801 -4.24272 -1.05801 -4.24272 0.352342 0.615073 0.352342 -0.615073 
1 1 0 11.4507 0.1 5.96864 -1.0582 -4.24414 -1.0582 -4.24414 0.350985 0.615722 0.350985 -0.615722 
1 1 0 11.4555 0.1 5.95671 -1.05838 -4.24556 -1.05838 -4.24556 0.349631 0.616366 0.349631 -0.616366 
1 1 0 11.4603 0.1 5.94486 -1.05857 -4.24698 -1.05857 -4.24698 0.34828 0.617004 0.34828 -0.617004 
1 1 0 11.4651 0.1 5.93309 -1.05875 -4.2484 -1.05875 -4.2484 0.346933 0.617636 0.346933 -0.617636 
1 1 0 11.4698 0.1 5.92141 -1.05894 -4.24981 -1.05894 -4.24981 0.345588 0.618264 0.345588 -0.618264 
1 1 0 11.4746 0.1 5.90981 -1.05912 -4.25122 -1.05912 -4.25122 0.344247 0.618886 0.344247 -0.618886 
1 1 0 11.4794 0.1 5.8983 -1.05931 -4.25264 -1.05931 -4.25264 0.342908 0.619503 0.342908 -0.619503 
1 1 0 11.4842 0.1 5.88687 -1.05949 -4.25405 -1.05949 -4.25405 0.341573 0.620115 0.341573 -0.620115 
1 1 0 11.489 0.1 5.87551 -1.05968 -4.25546 -1.05968 -4.25546 0.34024 0.620722 0.34024 -0.620722 
1 1 0 11.4938 0.1 5.86424 -1.05986 -4.25686 -1.05986 -4.25686 0.338911 0.621323 0.338911 -0.621323 
1 1 0 11.4986 0.1 5.85305 -1.06005 -4.25827 -1.06005 -4.25827 0.337585 0.62192 0.337585 -0.62192 
1 1 0 11.5034 0.1 5.84194 -1.06023 -4.25967 -1.06023 -4.25967 0.336262 0.622511 0.336262 -0.622511 
1 1 0 11.5082 0.1 5.8309 -1.06041 -4.26107 -1.06041 -4.26107 0.334942 0.623098 0.334942 -0.623098 
1 1 0 11.513 0.1 5.81994 -1.0606 -4.26248 -1.0606 -4.26248 0.333625 0.623679 0.333625 -0.623679 
1 1 0 11.5178 0.1 5.80905 -1.06078 -4.26387 -1.06078 -4.26387 0.332311 0.624256 0.332311 -0.624256 
1 1 0 11.5226 0.1 5.79824 -1.06097 -4.26527 -1.06097 -4.26527 0.331 0.624828 0.331 -0.624828 
1 1 0 11.5274 0.1 5.78751 -1.06115 -4.26667 -1.06115 -4.26667 0.329692 0.625394 0.329692 -0.625394 
1 1 0 11.5322 0.1 5.77685 -1.06133 -4.26806 -1.06133 -4.26806 0.328388 0.625956 0.328388 -0.625956 
1 1 0 11.537 0.1 5.76626 -1.06152 -4.26946 -1.06152 -4.26946 0.327086 0.626514 0.327086 -0.626514 
1 1 0 11.5418 0.1 5.75574 -1.0617 -4.27085 -1.0617 -4.27085 0.325787 0.627066 0.325787 -0.627066 
1 1 0 11.5466 0.1 5.7453 -1.06188 -4.27224 -1.06188 -4.27224 0.324492 0.627614 0.324492 -0.627614 
1 1 0 11.5514 0.1 5.73492 -1.06207 -4.27363 -1.06207 -4.27363 0.323199 0.628157 0.323199 -0.628157 
1 1 0 11.5562 0.1 5.72462 -1.06225 -4.27502 -1.06225 -4.27502 0.32191 0.628695 0.32191 -0.628695 
1 1 0 11.561 0.1 5.71438 -1.06243 -4.2764 -1.06243 -4.2764 0.320623 0.629229 0.320623 -0.629229 
1 1 0 11.5658 0.1 5.70422 -1.06262 -4.27779 -1.06262 -4.27779 0.31934 0.629758 0.31934 -0.629758 
1 1 0 11.5706 0.1 5.69412 -1.0628 -4.27917 -1.0628 -4.27917 0.318059 0.630283 0.318059 -0.630283 
1 1 0 11.5754 0.1 5.68408 -1.06298 -4.28055 -1.06298 -4.28055 0.316782 0.630803 0.316782 -0.630803 
1 1 0 11.5802 0.1 5.67412 -1.06316 -4.28193 -1.06316 -4.28193 0.315507 0.631319 0.315507 -0.631319 
1 1 0 11.585 0.1 5.66422 -1.06335 -4.28331 -1.06335 -4.28331 0.314236 0.63183 0.314236 -0.63183 
1 1 0 11.5898 0.1 5.65439 -1.06353 -4.28469 -1.06353 -4.28469 0.312968 0.632336 0.312968 -0.632336 
1 1 0 11.5946 0.1 5.64462 -1.06371 -4.28607 -1.06371 -4.28607 0.311703 0.632838 0.311703 -0.632838 
1 1 0 11.5994 0.1 5.63491 -1.0639 -4.28744 -1.0639 -4.28744 0.31044 0.633336 0.31044 -0.633336 
1 1 0 11.6042 0.1 5.62527 -1.06408 -4.28882 -1.06408 -4.28882 0.309181 0.63383 0.309181 -0.63383 
1 1 0 11.609 0.1 5.61569 -1.06426 -4.29019 -1.06426 -4.29019 0.307925 0.634319 0.307925 -0.634319 
1 1 0 11.6138 0.1 5.60617 -1.06444 -4.29156 -1.06444 -4.29156 0.306672 0.634804 0.306672 -0.634804 
1 1 0 11.6186 0.1 5.59672 -1.06462 -4.29293 -1.06462 -4.29293 0.305422 0.635284 0.305422 -0.635284 
1 1 0 11.6234 0.1 5.58732 -1.06481 -4.2943 -1.06481 -4.2943 0.304175 0.635761 0.304175 -0.635761 
1 1 0 11.6282 0.1 5.57799 -1.06499 -4.29566 -1.06499 -4.29566 0.30293 0.636233 0.30293 -0.636233 
1 1 0 11.633 0.1 5.56871 -1.06517 -4.29703 -1.06517 -4.29703 0.301689 0.636701 0.301689 -0.636701 
1 1 0 11.6378 0.1 5.5595 -1.06535 -4.29839 -1.06535 -4.29839 0.300451 0.637164 0.300451 -0.637164 
1 1 0 11.6427 0.1 5.55034 -1.06553 -4.29976 -1.06553 -4.29976 0.299216 0.637624 0.299216 -0.637624 
1 1 0 11.6475 0.1 5.54124 -1.06571 -4.30112 -1.06571 -4.30112 0.297984 0.63808 0.297984 -0.63808 
1 1 0 11.6523 0.1 5.5322 -1.0659 -4.30248 -1.0659 -4.30248 0.296755 0.638531 0.296755 -0.638531 
1 1 0 11.6571 0.1 5.52322 -1.06608 -4.30384 -1.06608 -4.30384 0.295529 0.638978 0.295529 -0.638978 
1 1 0 11.6619 0.1 5.51429 -1.06626 -4.3052 -1.06626 -4.3052 0.294306 0.639422 0.294306 -0.639422 
1 1 0 11.6667 0.1 5.50542 -1.06644 -4.30655 -1.06644 -4.30655 0.293086 0.639861 0.293086 -0.639861 
1 1 0 11.6715 0.1 5.49661 -1.06662 -4.30791 -1.06662 -4.30791 0.291869 0.640297 0.291869 -0.640297 
1 1 0 11.6763 0.1 5.48785 -1.0668 -4.30926 -1.0668 -4.30926 0.290654 0.640728 0.290654 -0.640728 
1 1 0 11.6811 0.1 5.47915 -1.06698 -4.31061 -1.06698 -4.31061 0.289443 0.641156 0.289443 -0.641156 
1 1 0 11.6859 0.1 5.47049 -1.06716 -4.31196 -1.06716 -4.31196 0.288235 0.641579 0.288235 -0.641579 
1 1 0 11.6907 0.1 5.4619 -1.06734 -4.31332 -1.06734 -4.31332 0.28703 0.641999 0.28703 -0.641999 
1 1 0 11.6956 0.1 5.45335 -1.06752 -4.31466 -1.06752 -4.31466 0.285828 0.642415 0.285828 -0.642415 
1 1 0 11.7004 0.1 5.44486 -1.06771 -4.31601 -1.06771 -4.31601 0.284629 0.642827 0.284629 -0.642827 
1 1 0 11.7052 0.1 5.43642 -1.06789 -4.31736 -1.06789 -4.31736 0.283433 0.643236 0.283433 -0.643236 
1 1 0 11.71 0.1 5.42804 -1.06807 -4.3187 -1.06807 -4.3187 0.282239 0.64364 0.282239 -0.64364 
1 1 0 11.7148 0.1 5.4197 -1.06825 -4.32005 -1.06825 -4.32005 0.281049 0.644041 0.281049 -0.644041 
1 1 0 11.7196 0.1 5.41142 -1.06843 -4.32139 -1.06843 -4.32139 0.279862 0.644438 0.279862 -0.644438 
1 1 0 11.7244 0.1 5.40318 -1.06861 -4.32273 -1.06861 -4.32273 0.278678 0.644832 0.278678 -0.644832 
1 1 0 11.7292 0.1 5.395 -1.06879 -4.32407 -1.06879 -4.32407 0.277497 0.645221 0.277497 -0.645221 
1 1 0 11.7341 0.1 5.38687 -1.06897 -4.32541 -1.06897 -4.32541 0.276318 0.645607 0.276318 -0.645607 
1 1 0 11.7389 0.1 5.37878 -1.06915 -4.32675 -1.06915 -4.32675 0.275143 0.64599 0.275143 -0.64599 
1 1 0 11.7437 0.1 5.37075 -1.06933 -4.32809 -1.06933 -4.32809 0.273971 0.646369 0.273971 -0.646369 
1 1 0 11.7485 0.1 5.36276 -1.06951 -4.32942 -1.06951 -4.32942 0.272801 0.646744 0.272801 -0.646744 
1 1 0 11.7533 0.1 5.35482 -1.06969 -4.33076 -1.06969 -4.33076 0.271635 0.647116 0.271635 -0.647116 
1 1 0 11.7581 0.1 5.34693 -1.06987 -4.33209 -1.06987 -4.33209 0.270471 0.647484 0.270471 -0.647484 
1 1 0 11.763 0.1 5.33908 -1.07004 -4.33342 -1.07004 -4.33342 0.269311 0.647849 0.269311 -0.647849 
1 1 0 11.7678 0.1 5.33128 -1.07022 -4.33475 -1.07022 -4.33475 0.268153 0.64821 0.268153 -0.64821 
1 1 0 11.7726 0.1 5.32353 -1.0704 -4.33608 -1.0704 -4.33608 0.266999 0.648568 0.266999 -0.648568 
1 1 0 11.7774 0.1 5.31583 -1.07058 -4.33741 -1.07058 -4.33741 0.265847 0.648922 0.265847 -0.648922 
1 1 0 11.7822 0.1 5.30817 -1.07076 -4.33874 -1.07076 -4.33874 0.264699 0.649273 0.264699 -0.649273 
1 1 0 11.787 0.1 5.30055 -1.07094 -4.34007 -1.07094 -4.34007 0.263553 0.64962 0.263553 -0.64962 
1 1 0 11.7919 0.1 5.29298 -1.07112 -4.34139 -1.07112 -4.34139 0.26241 0.649964 0.26241 -0.649964 
1 1 0 11.7967 0.1 5.28546 -1.0713 -4.34272 -1.0713 -4.34272 0.26127 0.650305 0.26127 -0.650305 
1 1 0 11.8015 0.1 5.27798 -1.07148 -4.34404 -1.07148 -4.34404 0.260134 0.650643 0.260134 -0.650643 
1 1 0 11.8063 0.1 5.27054 -1.07166 -4.34536 -1.07166 -4.34536 0.259 0.650977 0.259 -0.650977 
1 1 0 11.8111 0.1 5.26315 -1.07183 -4.34668 -1.07183 -4.34668 0.257869 0.651308 0.257869 -0.651308 
1 1 0 11.8159 0.1 5.2558 -1.07201 -4.348 -1.07201 -4.348 0.256741 0.651635 0.256741 -0.651635 
1 1 0 11.8208 0.1 5.24849 -1.07219 -4.34932 -1.07219 -4.34932 0.255616 0.651959 0.255616 -0.651959 
1 1 0 11.8256 0.1 5.24122 -1.07237 -4.35064 -1.07237 -4.35064 0.254494 0.65228 0.254494 -0.65228 
1 1 0 11.8304 0.1 5.234 -1.07255 -4.35195 -1.07255 -4.35195 0.253375 0.652598 0.253375 -0.652598 
1 1 0 11.8352 0.1 5.22682 -1.07273 -4.35327 -1.07273 -4.35327 0.252259 0.652913 0.252259 -0.652913 
1 1 0 11.84 0.1 5.21968 -1.0729 -4.35458 -1.0729 -4.35458 0.251145 0.653224 0.251145 -0.653224 
1 1 0 11.8449 0.1 5.21258 -1.07308 -4.3559 -1.07308 -4.3559 0.250035 0.653533 0.250035 -0.653533 
1 1 0 11.8497 0.1 5.20553 -1.07326 -4.35721 -1.07326 -4.35721 0.248928 0.653838 0.248928 -0.653838 
1 1 0 11.8545 0.1 5.19851 -1.07344 -4.35852 -1.07344 -4.35852 0.247823 0.65414 0.247823 -0.65414 
1 1 0 11.8593 0.1 5.19153 -1.07362 -4.35983 -1.07362 -4.35983 0.246722 0.654439 0.246722 -0.654439 
1 1 0 11.8642 0.1 5.1846 -1.07379 -4.36114 -1.07379 -4.36114 0.245623 0.654735 0.245623 -0.654735 
1 1 0 11.869 0.1 5.1777 -1.07397 -4.36245 -1.07397 -4.36245 0.244528 0.655028 0.244528 -0.655028 
1 1 0 11.8738 0.1 5.17084 -1.07415 -4.36375 -1.07415 -4.36375 0.243435 0.655318 0.243435 -0.655318 
1 1 0 11.8786 0.1 5.16402 -1.07433 -4.36506 -1.07433 -4.36506 0.242345 0.655605 0.242345 -0.655605 
1 1 0 11.8834 0.1 5.15724 -1.0745 -4.36637 -1.0745 -4.36637 0.241258 0.655889 0.241258 -0.655889 
1 1 0 11.8883 0.1 5.1505 -1.07468 -4.36767 -1.07468 -4.36767 0.240174 0.65617 0.240174 -0.65617 
1 1 0 11.8931 0.1 5.1438 -1.07486 -4.36897 -1.07486 -4.36897 0.239093 0.656448 0.239093 -0.656448 
1 1 0 11.8979 0.1 5.13713 -1.07504 -4.37027 -1.07504 -4.37027 0.238015 0.656723 0.238015 -0.656723 
1 1 0 11.9027 0.1 5.1305 -1.07521 -4.37157 -1.07521 -4.37157 0.23694 0.656995 0.23694 -0.656995 
1 1 0 11.9076 0.1 5.12391 -1.07539 -4.37287 -1.07539 -4.37287 0.235868 0.657264 0.235868 -0.657264 
1 1 0 11.9124 0.1 5.11736 -1.07557 -4.37417 -1.07557 -4.37417 0.234799 0.657531 0.234799 -0.657531 
1 1 0 11.9172 0.1 5.11084 -1.07574 -4.37547 -1.07574 -4.37547 0.233732 0.657794 0.233732 -0.657794 
1 1 0 11.922 0.1 5.10436 -1.07592 -4.37677 -1.07592 -4.37677 0.232669 0.658055 0.232669 -0.658055 
1 1 0 11.9269 0.1 5.09792 -1.0761 -4.37806 -1.0761 -4.37806 0.231608 0.658313 0.231608 -0.658313 
1 1 0 11.9317 0.1 5.09151 -1.07627 -4.37936 -1.07627 -4.37936 0.230551 0.658568 0.230551 -0.658568 
1 1 0 11.9365 0.1 5.08514 -1.07645 -4.38065 -1.07645 -4.38065 0.229496 0.65882 0.229496 -0.65882 
1 1 0 11.9414 0.1 5.0788 -1.07663 -4.38195 -1.07663 -4.38195 0.228444 0.659069 0.228444 -0.659069 
1 1 0 11.9462 0.1 5.0725 -1.0768 -4.38324 -1.0768 -4.38324 0.227395 0.659316 0.227395 -0.659316 
1 1 0 11.951 0.1 5.06623 -1.07698 -4.38453 -1.07698 -4.38453 0.226349 0.65956 0.226349 -0.65956 
1 1 0 11.9558 0.1 5.06 -1.07715 -4.38582 -1.07715 -4.38582 0.225306 0.659801 0.225306 -0.659801 
1 1 0 11.9607 0.1 5.0538 -1.07733 -4.38711 -1.07733 -4.38711 0.224266 0.66004 0.224266 -0.66004 
1 1 0 11.9655 0.1 5.04764 -1.07751 -4.38839 -1.07751 -4.38839 0.223228 0.660276 0.223228 -0.660276 
1 1 0 11.9703 0.1 5.04151 -1.07768 -4.38968 -1.07768 -4.38968 0.222194 0.660509 0.222194 -0.660509 
1 1 0 11.9751 0.1 5.03542 -1.07786 -4.39097 -1.07786 -4.39097 0.221162 0.660739 0.221162 -0.660739 
1 1 0 11.98 0.1 5.02935 -1.07803 -4.39225 -1.07803 -4.39225 0.220134 0.660967 0.220134 -0.660967 
1 1 0 11.9848 0.1 5.02333 -1.07821 -4.39354 -1.07821 -4.39354 0.219108 0.661193 0.219108 -0.661193 
1 1 0 11.9896 0.1 5.01733 -1.07838 -4.39482 -1.07838 -4.39482 0.218085 0.661415 0.218085 -0.661415 
1 1 0 11.9945 0.1 5.01137 -1.07856 -4.3961 -1.07856 -4.3961 0.217065 0.661636 0.217065 -0.661636 
1 1 0 11.9993 0.1 5.00544 -1.07873 -4.39738 -1.07873 -4.39738 0.216048 0.661853 0.216048 -0.661853 
1 1 0 12.0041 0.1 4.99954 -1.07891 -4.39867 -1.07891 -4.39867 0.215034 0.662068 0.215034 -0.662068 
1 1 0 12.009 0.1 4.99367 -1.07909 -4.39994 -1.07909 -4.39994 0.214023 0.662281 0.214023 -0.662281 
1 1 0 12.0138 0.1 4.98784 -1.07926 -4.40122 -1.07926 -4.40122 0.213015 0.662491 0.213015 -0.662491 
1 1 0 12.0186 0.1 4.98204 -1.07944 -4.4025 -1.07944 -4.4025 0.212009 0.662698 0.212009 -0.662698 
1 1 0 12.0234 0.1 4.97627 -1.07961 -4.40378 -1.07961 -4.40378 0.211007 0.662903 0.211007 -0.662903 
1 1 0 12.0283 0.1 4.97053 -1.07979 -4.40505 -1.07979 -4.40505 0.210007 0.663106 0.210007 -0.663106 
1 1 0 12.0331 0.1 4.96482 -1.07996 -4.40633 -1.07996 -4.40633 0.20901 0.663306 0.20901 -0.663306 
1 1 0 12.0379 0.1 4.95914 -1.08013 -4.4076 -1.08013 -4.4076 0.208016 0.663503 0.208016 -0.663503 
1 1 0 12.0428 0.1 4.9535 -1.08031 -4.40888 -1.08031 -4.40888 0.207025 0.663698 0.207025 -0.663698 
1 1 0 12.0476 0.1 4.94788 -1.08048 -4.41015 -1.08048 -4.41015 0.206037 0.663891 0.206037 -0.663891 
1 1 0 12.0524 0.1 4.9423 -1.08066 -4.41142 -1.08066 -4.41142 0.205052 0.664082 0.205052 -0.664082 
1 1 0 12.0573 0.1 4.93674 -1.08083 -4.41269 -1.08083 -4.41269 0.204069 0.66427 0.204069 -0.66427 
1 1 0 12.0621 0.1 4.93121 -1.08101 -4.41396 -1.08101 -4.41396 0.20309 0.664455 0.20309 -0.664455 
1 1 0 12.0669 0.1 4.92572 -1.08118 -4.41523 -1.08118 -4.41523 0.202113 0.664639 0.202113 -0.664639 
1 1 0 12.0718 0.1 4.92025 -1.08135 -4.4165 -1.08135 -4.4165 0.201139 0.66482 0.201139 -0.66482 
1 1 0 12.0766 0.1 4.91482 -1.08153 -4.41776 -1.08153 -4.41776 0.200168 0.664998 0.200168 -0.664998 
1 1 0 12.0814 0.1 4.90941 -1.0817 -4.41903 -1.0817 -4.41903 0.1992 0.665175 0.1992 -0.665175 
1 1 0 12.0863 0.1 4.90403 -1.08188 -4.42029 -1.08188 -4.42029 0.198235 0.665349 0.198235 -0.665349 
1 1 0 12.0911 0.1 4.89868 -1.08205 -4.42156 -1.08205 -4.42156 0.197272 0.66552 0.197272 -0.66552 
1 1 0 12.0959 0.1 4.89336 -1.08222 -4.42282 -1.08222 -4.42282 0.196313 0.66569 0.196313 -0.66569 
1 1 0 12.1008 0.1 4.88806 -1.0824 -4.42409 -1.0824 -4.42409 0.195356 0.665857 0.195356 -0.665857 
1 1 0 12.1056 0.1 4.8828 -1.08257 -4.42535 -1.08257 -4.42535 0.194403 0.666022 0.194403 -0.666022 
1 1 0 12.1104 0.1 4.87756 -1.08274 -4.42661 -1.08274 -4.42661 0.193452 0.666185 0.193452 -0.666185 
1 1 0 12.1153 0.1 4.87235 -1.08292 -4.42787 -1.08292 -4.42787 0.192504 0.666346 0.192504 -0.666346 
1 1 0 12.1201 0.1 4.86717 -1.08309 -4.42913 -1.08309 -4.42913 0.191558 0.666504 0.191558 -0.666504 
1 1 0 12.125 0.1 4.86202 -1.08326 -4.43039 -1.08326 -4.43039 0.190616 0.666661 0.190616 -0.666661 
1 1 0 12.1298 0.1 4.85689 -1.08344 -4.43164 -1.08344 -4.43164 0.189677 0.666815 0.189677 -0.666815 
1 1 0 12.1346 0.1 4.85179 -1.08361 -4.4329 -1.08361 -4.4329 0.18874 0.666967 0.18874 -0.666967 
1 1 0 12.1395 0.1 4.84672 -1.08378 -4.43416 -1.08378 -4.43416 0.187806 0.667117 0.187806 -0.667117 
1 1 0 12.1443 0.1 4.84167 -1.08396 -4.43541 -1.08396 -4.43541 0.186875 0.667265 0.186875 -0.667265 
1 1 0 12.1491 0.1 4.83665 -1.08413 -4.43667 -1.08413 -4.43667 0.185947 0.66741 0.185947 -0.66741 
1 1 0 12.154 0.1 4.83166 -1.0843 -4.43792 -1.0843 -4.43792 0.185022 0.667554 0.185022 -0.667554 
1 1 0 12.1588 0.1 4.8267 -1.08448 -4.43917 -1.08448 -4.43917 0.1841 0.667695 0.1841 -0.667695 
1 1 0 12.1636 0.1 4.82176 -1.08465 -4.44042 -1.08465 -4.44042 0.18318 0.667835 0.18318 -0.667835 
1 1 0 12.1685 0.1 4.81684 -1.08482 -4.44167 -1.08482 -4.44167 0.182264 0.667972 0.182264 -0.667972 
1 1 0 12.1733 0.1 4.81196 -1.08499 -4.44292 -1.08499 -4.44292 0.18135 0.668107 0.18135 -0.668107 
1 1 0 12.1782 0.1 4.80709 -1.08516 -4.44417 -1.08516 -4.44417 0.180439 0.668241 0.180439 -0.668241 
1 1 0 12.183 0.1 4.80226 -1.08534 -4.44542 -1.08534 -4.44542 0.179531 0.668372 0.179531 -0.668372 
1 1 0 12.1878 0.1 4.79745 -1.08551 -4.44667 -1.08551 -4.44667 0.178625 0.668501 0.178625 -0.668501 
1 1 0 12.1927 0.1 4.79266 -1.08568 -4.44792 -1.08568 -4.44792 0.177723 0.668629 0.177723 -0.668629 
1 1 0 12.1975 0.1 4.7879 -1.08585 -4.44916 -1.08585 -4.44916 0.176823 0.668754 0.176823 -0.668754 
1 1 0 12.2024 0.1 4.78316 -1.08603 -4.45041 -1.08603 -4.45041 0.175926 0.668878 0.175926 -0.668878 
1 1 0 12.2072 0.1 4.77845 -1.0862 -4.45165 -1.0862 -4.45165 0.175032 0.668999 0.175032 -0.668999 
1 1 0 12.212 0.1 4.77377 -1.08637 -4.4529 -1.08637 -4.4529 0.174141 0.669119 0.174141 -0.669119 
1 1 0 12.2169 0.1 4.76911 -1.08654 -4.45414 -1.08654 -4.45414 0.173253 0.669236 0.173253 -0.669236 
1 1 0 12.2217 0.1 4.76447 -1.08671 -4.45538 -1.08671 -4.45538 0.172367 0.669352 0.172367 -0.669352 
1 1 0 12.2266 0.1 4.75986 -1.08688 -4.45662 -1.08688 -4.45662 0.171484 0.669466 0.171484 -0.669466 
1 1 0 12.2314 0.1 4.75527 -1.08706 -4.45786 -1.08706 -4.45786 0.170605 0.669578 0.170605 -0.669578 
1 1 0 12.2362 0.1 4.7507 -1.08723 -4.4591 -1.08723 -4.4591 0.169728 0.669688 0.169728 -0.669688 
1 1 0 12.2411 0.1 4.74616 -1.0874 -4.46034 -1.0874 -4.46034 0.168854 0.669796 0.168854 -0.669796 
1 1 0 12.2459 0.1 4.74165 -1.08757 -4.46158 -1.08757 -4.46158 0.167982 0.669903 0.167982 -0.669903 
1 1 0 12.2508 0.1 4.73715 -1.08774 -4.46282 -1.08774 -4.46282 0.167114 0.670007 0.167114 -0.670007 
1 1 0 12.2556 0.1 4.73268 -1.08791 -4.46406 -1.08791 -4.46406 0.166248 0.67011 0.166248 -0.67011 
1 1 0 12.2604 0.1 4.72824 -1.08808 -4.46529 -1.08808 -4.46529 0.165385 0.670211 0.165385 -0.670211 
1 1 0 12.2653 0.1 4.72381 -1.08825 -4.46653 -1.08825 -4.46653 0.164525 0.67031 0.164525 -0.67031 
1 1 0 12.2701 0.1 4.71941 -1.08842 -4.46776 -1.08842 -4.46776 0.163667 0.670407 0.163667 -0.670407 
1 1 0 12.275 0.1 4.71504 -1.08859 -4.46899 -1.08859 -4.46899 0.162813 0.670503 0.162813 -0.670503 
1 1 0 12.2798 0.1 4.71068 -1.08877 -4.47023 -1.08877 -4.47023 0.161961 0.670597 0.161961 -0.670597 
1 1 0 12.2847 0.1 4.70635 -1.08894 -4.47146 -1.08894 -4.47146 0.161112 0.670689 0.161112 -0.670689 
1 1 0 12.2895 0.1 4.70204 -1.08911 -4.47269 -1.08911 -4.47269 0.160266 0.670779 0.160266 -0.670779 
1 1 0 12.2943 0.1 4.69776 -1.08928 -4.47392 -1.08928 -4.47392 0.159423 0.670868 0.159423 -0.670868 
1 1 0 12.2992 0.1 4.69349 -1.08945 -4.47515 -1.08945 -4.47515 0.158583 0.670955 0.158583 -0.670955 
1 1 0 12.304 0.1 4.68925 -1.08962 -4.47638 -1.08962 -4.47638 0.157745 0.67104 0.157745 -0.67104 
1 1 0 12.3089 0.1 4.68503 -1.08979 -4.47761 -1.08979 -4.47761 0.15691 0.671123 0.15691 -0.671123 
1 1 0 12.3137 0.1 4.68083 -1.08996 -4.47884 -1.08996 -4.47884 0.156078 0.671205 0.156078 -0.671205 
1 1 0 12.3186 0.1 4.67666 -1.09013 -4.48006 -1.09013 -4.48006 0.155249 0.671286 0.155249 -0.671286 
1 1 0 12.3234 0.1 4.6725 -1.0903 -4.48129 -1.0903 -4.48129 0.154422 0.671364 0.154422 -0.671364 
1 1 0 12.3283 0.1 4.66837 -1.09047 -4.48252 -1.09047 -4.48252 0.153599 0.671441 0.153599 -0.671441 
1 1 0 12.3331 0.1 4.66426 -1.09064 -4.48374 -1.09064 -4.48374 0.152778 0.671516 0.152778 -0.671516 
1 1 0 12.3379 0.1 4.66017 -1.09081 -4.48497 -1.09081 -4.48497 0.15196 0.67159 0.15196 -0.67159 
1 1 0 12.3428 0.1 4.6561 -1.09098 -4.48619 -1.09098 -4.48619 0.151145 0.671662 0.151145 -0.671662 
1 1 0 12.3476 0.1 4.65205 -1.09115 -4.48741 -1.09115 -4.48741 0.150332 0.671732 0.150332 -0.671732 
1 1 0 12.3525 0.1 4.64803 -1.09132 -4.48863 -1.09132 -4.48863 0.149523 0.671801 0.149523 -0.671801 
1 1 0 12.3573 0.1 4.64402 -1.09148 -4.48986 -1.09148 -4.48986 0.148716 0.671868 0.148716 -0.671868 
1 1 0 12.3622 0.1 4.64004 -1.09165 -4.49108 -1.09165 -4.49108 0.147912 0.671934 0.147912 -0.671934 
1 1 0 12.367 0.1 4.63607 -1.09182 -4.4923 -1.09182 -4.4923 0.14711 0.671998 0.14711 -0.671998 
1 1 0 12.3719 0.1 4.63213 -1.09199 -4.49351 -1.09199 -4.49351 0.146312 0.672061 0.146312 -0.672061 
1 1 0 12.3767 0.1 4.62821 -1.09216 -4.49473 -1.09216 -4.49473 0.145516 0.672122 0.145516 -0.672122 
1 1 0 12.3816 0.1 4.62431 -1.09233 -4.49595 -1.09233 -4.49595 0.144723 0.672181 0.144723 -0.672181 
1 1 0 12.3864 0.1 4.62043 -1.0925 -4.49717 -1.0925 -4.49717 0.143933 0.67224 0.143933 -0.67224 
1 1 0 12.3912 0.1 4.61657 -1.09267 -4.49838 -1.09267 -4.49838 0.143146 0.672296 0.143146 -0.672296 
1 1 0 12.3961 0.1 4.61272 -1.09284 -4.4996 -1.09284 -4.4996 0.142361 0.672351 0.142361 -0.672351 
1 1 0 12.4009 0.1 4.6089 -1.09301 -4.50082 -1.09301 -4.50082 0.141579 0.672405 0.141579 -0.672405 
1 1 0 12.4058 0.1 4.6051 -1.09317 -4.50203 -1.09317 -4.50203 0.1408 0.672457 0.1408 -0.672457 
1 1 0 12.4106 0.1 4.60132 -1.09334 -4.50324 -1.09334 -4.50324 0.140024 0.672507 0.140024 -0.672507 
1 1 0 12.4155 0.1 4.59756 -1.09351 -4.50446 -1.09351 -4.50446 0.13925 0.672557 0.13925 -0.672557 
1 1 0 12.4203 0.1 4.59382 -1.09368 -4.50567 -1.09368 -4.50567 0.13848 0.672604 0.13848 -0.672604 
1 1 0 12.4252 0.1 4.5901 -1.09385 -4.50688 -1.09385 -4.50688 0.137712 0.672651 0.137712 -0.672651 
1 1 0 12.43 0.1 4.58639 -1.09402 -4.50809 -1.09402 -4.50809 0.136946 0.672695 0.136946 -0.672695 
1 1 0 12.4349 0.1 4.58271 -1.09418 -4.5093 -1.09418 -4.5093 0.136184 0.672739 0.136184 -0.672739 
1 1 0 12.4397 0.1 4.57905 -1.09435 -4.51051 -1.09435 -4.51051 0.135424 0.672781 0.135424 -0.672781 
1 1 0 12.4446 0.1 4.5754 -1.09452 -4.51172 -1.09452 -4.51172 0.134667 0.672822 0.134667 -0.672822 
1 1 0 12.4494 0.1 4.57178 -1.09469 -4.51293 -1.09469 -4.51293 0.133913 0.672861 0.133913 -0.672861 
1 1 0 12.4543 0.1 4.56817 -1.09486 -4.51413 -1.09486 -4.51413 0.133162 0.672899 0.133162 -0.672899 
1 1 0 12.4591 0.1 4.56458 -1.09502 -4.51534 -1.09502 -4.51534 0.132413 0.672935 0.132413 -0.672935 
1 1 0 12.464 0.1 4.56101 -1.09519 -4.51655 -1.09519 -4.51655 0.131667 0.672971 0.131667 -0.672971 
1 1 0 12.4688 0.1 4.55746 -1.09536 -4.51775 -1.09536 -4.51775 0.130924 0.673005 0.130924 -0.673005 
1 1 0 12.4737 0.1 4.55393 -1.09553 -4.51896 -1.09553 -4.51896 0.130184 0.673037 0.130184 -0.673037 
1 1 0 12.4785 0.1 4.55042 -1.09569 -4.52016 -1.09569 -4.52016 0.129446 0.673068 0.129446 -0.673068 
1 1 0 12.4834 0.1 4.54692 -1.09586 -4.52137 -1.09586 -4.52137 0.128712 0.673098 0.128712 -0.673098 
1 1 0 12.4882 0.1 4.54345 -1.09603 -4.52257 -1.09603 -4.52257 0.12798 0.673127 0.12798 -0.673127 
1 1 0 12.4931 0.1 4.53999 -1.0962 -4.52377 -1.0962 -4.52377 0.12725 0.673154 0.12725 -0.673154 
1 1 0 12.4979 0.1 4.53655 -1.09636 -4.52497 -1.09636 -4.52497 0.126524 0.67318 0.126524 -0.67318 
1 1 0 12.5028 0.1 4.53313 -1.09653 -4.52617 -1.09653 -4.52617 0.1258 0.673205 0.1258 -0.673205 
1 1 0 12.5076 0.1 4.52972 -1.0967 -4.52737 -1.0967 -4.52737 0.125079 0.673228 0.125079 -0.673228 
1 1 0 12.5125 0.1 4.52634 -1.09686 -4.52857 -1.09686 -4.52857 0.12436 0.673251 0.12436 -0.673251 
1 1 0 12.5173 0.1 4.52297 -1.09703 -4.52977 -1.09703 -4.52977 0.123645 0.673272 0.123645 -0.673272 
1 1 0 12.5222 0.1 4.51962 -1.0972 -4.53097 -1.0972 -4.53097 0.122932 0.673291 0.122932 -0.673291 
1 1 0 12.527 0.1 4.51629 -1.09736 -4.53217 -1.09736 -4.53217 0.122222 0.67331 0.122222 -0.67331 
1 1 0 12.5319 0.1 4.51297 -1.09753 -4.53336 -1.09753 -4.53336 0.121514 0.673327 0.121514 -0.673327 
1 1 0 12.5367 0.1 4.50968 -1.0977 -4.53456 -1.0977 -4.53456 0.12081 0.673343 0.12081 -0.673343 
1 1 0 12.5416 0.1 4.5064 -1.09786 -4.53576 -1.09786 -4.53576 0.120108 0.673358 0.120108 -0.673358 
1 1 0 12.5464 0.1 4.50314 -1.09803 -4.53695 -1.09803 -4.53695 0.119409 0.673372 0.119409 -0.673372 
1 1 0 12.5513 0.1 4.49989 -1.0982 -4.53815 -1.0982 -4.53815 0.118712 0.673384 0.118712 -0.673384 
1 1 0 12.5561 0.1 4.49666 -1.09836 -4.53934 -1.09836 -4.53934 0.118019 0.673396 0.118019 -0.673396 
1 1 0 12.561 0.1 4.49345 -1.09853 -4.54053 -1.09853 -4.54053 0.117328 0.673406 0.117328 -0.673406 
1 1 0 12.5658 0.1 4.49026 -1.09869 -4.54173 -1.09869 -4.54173 0.11664 0.673415 0.11664 -0.673415 
1 1 0 12.5707 0.1 4.48709 -1.09886 -4.54292 -1.09886 -4.54292 0.115954 0.673423 0.115954 -0.673423 
1 1 0 12.5756 0.1 4.48393 -1.09903 -4.54411 -1.09903 -4.54411 0.115271 0.673429 0.115271 -0.673429 
1 1 0 12.5804 0.1 4.48078 -1.09919 -4.5453 -1.09919 -4.5453 0.114591 0.673435 0.114591 -0.673435 
1 1 0 12.5853 0.1 4.47766 -1.09936 -4.54649 -1.09936 -4.54649 0.113914 0.673439 0.113914 -0.673439 
1 1 0 12.5901 0.1 4.47455 -1.09952 -4.54768 -1.09952 -4.54768 0.113239 0.673443 0.113239 -0.673443 
1 1 0 12.595 0.1 4.47146 -1.09969 -4.54887 -1.09969 -4.54887 0.112568 0.673445 0.112568 -0.673445 
1 1 0 12.5998 0.1 4.46838 -1.09985 -4.55006 -1.09985 -4.55006 0.111898 0.673446 0.111898 -0.673446 
1 1 0 12.6047 0.1 4.46533 -1.10002 -4.55124 -1.10002 -4.55124 0.111232 0.673446 0.111232 -0.673446 
1 1 0 12.6095 0.1 4.46228 -1.10018 -4.55243 -1.10018 -4.55243 0.110568 0.673445 0.110568 -0.673445 
1 1 0 12.6144 0.1 4.45926 -1.10035 -4.55362 -1.10035 -4.55362 0.109907 0.673443 0.109907 -0.673443 
1 1 0 12.6192 0.1 4.45625 -1.10051 -4.5548 -1.10051 -4.5548 0.109249 0.67344 0.109249 -0.67344 
1 1 0 12.6241 0.1 4.45326 -1.10068 -4.55599 -1.10068 -4.55599 0.108594 0.673435 0.108594 -0.673435 
1 1 0 12.6289 0.1 4.45028 -1.10084 -4.55717 -1.10084 -4.55717 0.107941 0.67343 0.107941 -0.67343 
1 1 0 12.6338 0.1 4.44732 -1.10101 -4.55836 -1.10101 -4.55836 0.107291 0.673424 0.107291 -0.673424 
1 1 0 12.6387 0.1 4.44437 -1.10117 -4.55954 -1.10117 -4.55954 0.106643 0.673416 0.106643 -0.673416 
1 1 0 12.6435 0.1 4.44145 -1.10134 -4.56072 -1.10134 -4.56072 0.105999 0.673408 0.105999 -0.673408 
1 1 0 12.6484 0.1 4.43853 -1.1015 -4.5619 -1.1015 -4.5619 0.105357 0.673399 0.105357 -0.673399 
1 1 0 12.6532 0.1 4.43564 -1.10167 -4.56309 -1.10167 -4.56309 0.104717 0.673388 0.104717 -0.673388 
1 1 0 12.6581 0.1 4.43276 -1.10183 -4.56427 -1.10183 -4.56427 0.104081 0.673377 0.104081 -0.673377 
1 1 0 12.6629 0.1 4.42989 -1.102 -4.56545 -1.102 -4.56545 0.103447 0.673364 0.103447 -0.673364 
1 1 0 12.6678 0.1 4.42704 -1.10216 -4.56663 -1.10216 -4.56663 0.102816 0.673351 0.102816 -0.673351 
1 1 0 12.6726 0.1 4.42421 -1.10233 -4.56781 -1.10233 -4.56781 0.102187 0.673337 0.102187 -0.673337 
1 1 0 12.6775 0.1 4.42139 -1.10249 -4.56899 -1.10249 -4.56899 0.101561 0.673321 0.101561 -0.673321 
1 1 0 12.6824 0.1 4.41859 -1.10266 -4.57016 -1.10266 -4.57016 0.100938 0.673305 0.100938 -0.673305 
1 1 0 12.6872 0.1 4.4158 -1.10282 -4.57134 -1.10282 -4.57134 0.100318 0.673288 0.100318 -0.673288 
1 1 0 12.6921 0.1 4.41303 -1.10298 -4.57252 -1.10298 -4.57252 0.0997004 0.67327 0.0997004 -0.67327 
1 1 0 12.6969 0.1 4.41027 -1.10315 -4.57369 -1.10315 -4.57369 0.0990854 0.67325 0.0990854 -0.67325 
1 1 0 12.7018 0.1 4.40753 -1.10331 -4.57487 -1.10331 -4.57487 0.0984732 0.67323 0.0984732 -0.67323 
1 1 0 12.7066 0.1 4.40481 -1.10347 -4.57604 -1.10347 -4.57604 0.0978636 0.673209 0.0978636 -0.673209 
1 1 0 12.7115 0.1 4.40209 -1.10364 -4.57722 -1.10364 -4.57722 0.0972567 0.673187 0.0972567 -0.673187 
1 1 0 12.7164 0.1 4.3994 -1.1038 -4.57839 -1.1038 -4.57839 0.0966525 0.673164 0.0966525 -0.673164 
1 1 0 12.7212 0.1 4.39672 -1.10397 -4.57957 -1.10397 -4.57957 0.096051 0.673141 0.096051 -0.673141 
1 1 0 12.7261 0.1 4.39405 -1.10413 -4.58074 -1.10413 -4.58074 0.0954522 0.673116 0.0954522 -0.673116 
1 1 0 12.7309 0.1 4.3914 -1.10429 -4.58191 -1.10429 -4.58191 0.094856 0.673091 0.094856 -0.673091 
1 1 0 12.7358 0.1 4.38877 -1.10446 -4.58308 -1.10446 -4.58308 0.0942625 0.673064 0.0942625 -0.673064 
1 1 0 12.7406 0.1 4.38615 -1.10462 -4.58425 -1.10462 -4.58425 0.0936718 0.673037 0.0936718 -0.673037 
1 1 0 12.7455 0.1 4.38354 -1.10478 -4.58543 -1.10478 -4.58543 0.0930837 0.673009 0.0930837 -0.673009 
1 1 0 12.7504 0.1 4.38095 -1.10495 -4.5866 -1.10495 -4.5866 0.0924983 0.67298 0.0924983 -0.67298 
1 1 0 12.7552 0.1 4.37837 -1.10511 -4.58776 -1.10511 -4.58776 0.0919156 0.67295 0.0919156 -0.67295 
1 1 0 12.7601 0.1 4.37581 -1.10527 -4.58893 -1.10527 -4.58893 0.0913356 0.672919 0.0913356 -0.672919 
1 1 0 12.7649 0.1 4.37326 -1.10543 -4.5901 -1.10543 -4.5901 0.0907582 0.672888 0.0907582 -0.672888 
1 1 0 12.7698 0.1 4.37073 -1.1056 -4.59127 -1.1056 -4.59127 0.0901834 0.672855 0.0901834 -0.672855 
1 1 0 12.7747 0.1 4.36821 -1.10576 -4.59244 -1.10576 -4.59244 0.0896114 0.672822 0.0896114 -0.672822 
1 1 0 12.7795 0.1 4.36571 -1.10592 -4.5936 -1.10592 -4.5936 0.0890421 0.672788 0.0890421 -0.672788 
1 1 0 12.7844 0.1 4.36322 -1.10609 -4.59477 -1.10609 -4.59477 0.0884755 0.672753 0.0884755 -0.672753 
1 1 0 12.7892 0.1 4.36074 -1.10625 -4.59593 -1.10625 -4.59593 0.0879115 0.672717 0.0879115 -0.672717 
1 1 0 12.7941 0.1 4.35828 -1.10641 -4.5971 -1.10641 -4.5971 0.0873501 0.672681 0.0873501 -0.672681 
1 1 0 12.799 0.1 4.35584 -1.10657 -4.59826 -1.10657 -4.59826 0.0867914 0.672644 0.0867914 -0.672644 
1 1 0 12.8038 0.1 4.3534 -1.10673 -4.59943 -1.10673 -4.59943 0.0862354 0.672606 0.0862354 -0.672606 
1 1 0 12.8087 0.1 4.35099 -1.1069 -4.60059 -1.1069 -4.60059 0.0856821 0.672567 0.0856821 -0.672567 
1 1 0 12.8135 0.1 4.34858 -1.10706 -4.60175 -1.10706 -4.60175 0.0851315 0.672527 0.0851315 -0.672527 
1 1 0 12.8184 0.1 4.34619 -1.10722 -4.60292 -1.10722 -4.60292 0.0845835 0.672487 0.0845835 -0.672487 
1 1 0 12.8233 0.1 4.34381 -1.10738 -4.60408 -1.10738 -4.60408 0.0840382 0.672446 0.0840382 -0.672446 
1 1 0 12.8281 0.1 4.34145 -1.10755 -4.60524 -1.10755 -4.60524 0.0834954 0.672404 0.0834954 -0.672404 
1 1 0 12.833 0.1 4.3391 -1.10771 -4.6064 -1.10771 -4.6064 0.0829554 0.672362 0.0829554 -0.672362 
1 1 0 12.8378 0.1 4.33677 -1.10787 -4.60756 -1.10787 -4.60756 0.0824181 0.672318 0.0824181 -0.672318 
1 1 0 12.8427 0.1 4.33445 -1.10803 -4.60872 -1.10803 -4.60872 0.0818834 0.672274 0.0818834 -0.672274 
1 1 0 12.8476 0.1 4.33214 -1.10819 -4.60988 -1.10819 -4.60988 0.0813513 0.672229 0.0813513 -0.672229 
1 1 0 12.8524 0.1 4.32985 -1.10835 -4.61104 -1.10835 -4.61104 0.0808219 0.672184 0.0808219 -0.672184 
1 1 0 12.8573 0.1 4.32757 -1.10852 -4.61219 -1.10852 -4.61219 0.0802952 0.672138 0.0802952 -0.672138 
1 1 0 12.8621 0.1 4.3253 -1.10868 -4.61335 -1.10868 -4.61335 0.0797711 0.672091 0.0797711 -0.672091 
1 1 0 12.867 0.1 4.32305 -1.10884 -4.61451 -1.10884 -4.61451 0.0792497 0.672043 0.0792497 -0.672043 
1 1 0 12.8719 0.1 4.32081 -1.109 -4.61566 -1.109 -4.61566 0.0787309 0.671995 0.0787309 -0.671995 
1 1 0 12.8767 0.1 4.31859 -1.10916 -4.61682 -1.10916 -4.61682 0.0782148 0.671946 0.0782148 -0.671946 
1 1 0 12.8816 0.1 4.31637 -1.10932 -4.61797 -1.10932 -4.61797 0.0777013 0.671896 0.0777013 -0.671896 
1 1 0 12.8865 0.1 4.31417 -1.10948 -4.61913 -1.10948 -4.61913 0.0771904 0.671846 0.0771904 -0.671846 
1 1 0 12.8913 0.1 4.31199 -1.10964 -4.62028 -1.10964 -4.62028 0.0766822 0.671795 0.0766822 -0.671795 
1 1 0 12.8962 0.1 4.30982 -1.1098 -4.62144 -1.1098 -4.62144 0.0761766 0.671743 0.0761766 -0.671743 
1 1 0 12.901 0.1 4.30766 -1.10996 -4.62259 -1.10996 -4.62259 0.0756738 0.671691 0.0756738 -0.671691 
1 1 0 12.9059 0.1 4.30551 -1.11013 -4.62374 -1.11013 -4.62374 0.0751735 0.671638 0.0751735 -0.671638 
1 1 0 12.9108 0.1 4.30338 -1.11029 -4.62489 -1.11029 -4.62489 0.0746758 0.671584 0.0746758 -0.671584 
1 1 0 12.9156 0.1 4.30126 -1.11045 -4.62605 -1.11045 -4.62605 0.0741808 0.67153 0.0741808 -0.67153 
1 1 0 12.9205 0.1 4.29916 -1.11061 -4.6272 -1.11061 -4.6272 0.0736885 0.671475 0.0736885 -0.671475 
1 1 0 12.9254 0.1 4.29706 -1.11077 -4.62835 -1.11077 -4.62835 0.0731988 0.671419 0.0731988 -0.671419 
1 1 0 12.9302 0.1 4.29498 -1.11093 -4.6295 -1.11093 -4.6295 0.0727116 0.671363 0.0727116 -0.671363 
1 1 0 12.9351 0.1 4.29292 -1.11109 -4.63065 -1.11109 -4.63065 0.0722272 0.671306 0.0722272 -0.671306 
1 1 0 12.94 0.1 4.29086 -1.11125 -4.63179 -1.11125 -4.63179 0.0717453 0.671249 0.0717453 -0.671249 
1 1 0 12.9448 0.1 4.28882 -1.11141 -4.63294 -1.11141 -4.63294 0.0712662 0.671191 0.0712662 -0.671191 
1 1 0 12.9497 0.1 4.28679 -1.11157 -4.63409 -1.11157 -4.63409 0.0707896 0.671132 0.0707896 -0.671132 
1 1 0 12.9545 0.1 4.28478 -1.11173 -4.63524 -1.11173 -4.63524 0.0703157 0.671073 0.0703157 -0.671073 
1 1 0 12.9594 0.1 4.28278 -1.11189 -4.63638 -1.11189 -4.63638 0.0698443 0.671013 0.0698443 -0.671013 
1 1 0 12.9643 0.1 4.28079 -1.11205 -4.63753 -1.11205 -4.63753 0.0693757 0.670953 0.0693757 -0.670953 
1 1 0 12.9691 0.1 4.27881 -1.11221 -4.63868 -1.11221 -4.63868 0.0689096 0.670892 0.0689096 -0.670892 
1 1 0 12.974 0.1 4.27685 -1.11237 -4.63982 -1.11237 -4.63982 0.0684462 0.67083 0.0684462 -0.67083 
1 1 0 12.9789 0.1 4.2749 -1.11253 -4.64097 -1.11253 -4.64097 0.0679853 0.670768 0.0679853 -0.670768 
1 1 0 12.9837 0.1 4.27296 -1.11269 -4.64211 -1.11269 -4.64211 0.0675272 0.670706 0.0675272 -0.670706 
1 1 0 12.9886 0.1 4.27103 -1.11285 -4.64325 -1.11285 -4.64325 0.0670716 0.670642 0.0670716 -0.670642 
1 1 0 12.9935 0.1 4.26912 -1.11301 -4.6444 -1.11301 -4.6444 0.0666186 0.670579 0.0666186 -0.670579 
1 1 0 12.9983 0.1 4.26722 -1.11316 -4.64554 -1.11316 -4.64554 0.0661683 0.670514 0.0661683 -0.670514 
1 1 0 13.0032 0.1 4.26533 -1.11332 -4.64668 -1.11332 -4.64668 0.0657206 0.670449 0.0657206 -0.670449 
1 1 0 13.0081 0.1 4.26345 -1.11348 -4.64782 -1.11348 -4.64782 0.0652755 0.670384 0.0652755 -0.670384 
1 1 0 13.0129 0.1 4.26159 -1.11364 -4.64897 -1.11364 -4.64897 0.064833 0.670318 0.064833 -0.670318 
1 1 0 13.0178 0.1 4.25974 -1.1138 -4.65011 -1.1138 -4.65011 0.0643931 0.670252 0.0643931 -0.670252 
1 1 0 13.0227 0.1 4.2579 -1.11396 -4.65125 -1.11396 -4.65125 0.0639558 0.670185 0.0639558 -0.670185 
1 1 0 13.0275 0.1 4.25607 -1.11412 -4.65239 -1.11412 -4.65239 0.0635213 0.670117 0.0635213 -0.670117 
1 1 0 13.0324 0.1 4.25426 -1.11428 -4.65353 -1.11428 -4.65353 0.0630892 0.670049 0.0630892 -0.670049 
1 1 0 13.0372 0.1 4.25246 -1.11444 -4.65466 -1.11444 -4.65466 0.0626598 0.669981 0.0626598 -0.669981 
1 1 0 13.0421 0.1 4.25067 -1.1146 -4.6558 -1.1146 -4.6558 0.0622329 0.669912 0.0622329 -0.669912 
1 1 0 13.047 0.1 4.24889 -1.11475 -4.65694 -1.11475 -4.65694 0.0618087 0.669842 0.0618087 -0.669842 
1 1 0 13.0518 0.1 4.24712 -1.11491 -4.65808 -1.11491 -4.65808 0.061387 0.669772 0.061387 -0.669772 
1 1 0 13.0567 0.1 4.24537 -1.11507 -4.65921 -1.11507 -4.65921 0.0609681 0.669702 0.0609681 -0.669702 
1 1 0 13.0616 0.1 4.24363 -1.11523 -4.66035 -1.11523 -4.66035 0.0605516 0.669631 0.0605516 -0.669631 
1 1 0 13.0664 0.1 4.2419 -1.11539 -4.66149 -1.11539 -4.66149 0.0601378 0.669559 0.0601378 -0.669559 
1 1 0 13.0713 0.1 4.24018 -1.11555 -4.66262 -1.11555 -4.66262 0.0597266 0.669487 0.0597266 -0.669487 
1 1 0 13.0762 0.1 4.23848 -1.1157 -4.66376 -1.1157 -4.66376 0.0593179 0.669415 0.0593179 -0.669415 
1 1 0 13.081 0.1 4.23679 -1.11586 -4.66489 -1.11586 -4.66489 0.058912 0.669342 0.058912 -0.669342 
1 1 0 13.0859 0.1 4.2351 -1.11602 -4.66602 -1.11602 -4.66602 0.0585085 0.669269 0.0585085 -0.669269 
1 1 0 13.0908 0.1 4.23343 -1.11618 -4.66716 -1.11618 -4.66716 0.0581077 0.669195 0.0581077 -0.669195 
1 1 0 13.0956 0.1 4.23178 -1.11634 -4.66829 -1.11634 -4.66829 0.0577095 0.669121 0.0577095 -0.669121 
1 1 0 13.1005 0.1 4.23013 -1.11649 -4.66942 -1.11649 -4.66942 0.0573139 0.669046 0.0573139 -0.669046 
1 1 0 13.1054 0.1 4.2285 -1.11665 -4.67055 -1.11665 -4.67055 0.0569208 0.668971 0.0569208 -0.668971 
1 1 0 13.1103 0.1 4.22688 -1.11681 -4.67169 -1.11681 -4.67169 0.0565303 0.668896 0.0565303 -0.668896 
1 1 0 13.1151 0.1 4.22527 -1.11697 -4.67282 -1.11697 -4.67282 0.0561425 0.66882 0.0561425 -0.66882 
1 1 0 13.12 0.1 4.22367 -1.11712 -4.67395 -1.11712 -4.67395 0.0557572 0.668743 0.0557572 -0.668743 
1 1 0 13.1249 0.1 4.22208 -1.11728 -4.67508 -1.11728 -4.67508 0.0553745 0.668667 0.0553745 -0.668667 
1 1 0 13.1297 0.1 4.22051 -1.11744 -4.67621 -1.11744 -4.67621 0.0549944 0.668589 0.0549944 -0.668589 
1 1 0 13.1346 0.1 4.21895 -1.1176 -4.67734 -1.1176 -4.67734 0.0546169 0.668512 0.0546169 -0.668512 
1 1 0 13.1395 0.1 4.2174 -1.11775 -4.67846 -1.11775 -4.67846 0.0542419 0.668434 0.0542419 -0.668434 
1 1 0 13.1443 0.1 4.21586 -1.11791 -4.67959 -1.11791 -4.67959 0.0538696 0.668355 0.0538696 -0.668355 
1 1 0 13.1492 0.1 4.21433 -1.11807 -4.68072 -1.11807 -4.68072 0.0534998 0.668276 0.0534998 -0.668276 
1 1 0 13.1541 0.1 4.21281 -1.11822 -4.68185 -1.11822 -4.68185 0.0531326 0.668197 0.0531326 -0.668197 
1 1 0 13.1589 0.1 4.21131 -1.11838 -4.68297 -1.11838 -4.68297 0.052768 0.668118 0.052768 -0.668118 
1 1 0 13.1638 0.1 4.20981 -1.11854 -4.6841 -1.11854 -4.6841 0.052406 0.668038 0.052406 -0.668038 
1 1 0 13.1687 0.1 4.20833 -1.11869 -4.68522 -1.11869 -4.68522 0.0520465 0.667957 0.0520465 -0.667957 
1 1 0 13.1735 0.1 4.20686 -1.11885 -4.68635 -1.11885 -4.68635 0.0516897 0.667877 0.0516897 -0.667877 
1 1 0 13.1784 0.1 4.2054 -1.11901 -4.68747 -1.11901 -4.68747 0.0513353 0.667795 0.0513353 -0.667795 
1 1 0 13.1833 0.1 4.20396 -1.11916 -4.6886 -1.11916 -4.6886 0.0509836 0.667714 0.0509836 -0.667714 
1 1 0 13.1882 0.1 4.20252 -1.11932 -4.68972 -1.11932 -4.68972 0.0506345 0.667632 0.0506345 -0.667632 
1 1 0 13.193 0.1 4.2011 -1.11948 -4.69085 -1.11948 -4.69085 0.0502879 0.66755 0.0502879 -0.66755 
1 1 0 13.1979 0.1 4.19968 -1.11963 -4.69197 -1.11963 -4.69197 0.0499438 0.667467 0.0499438 -0.667467 
1 1 0 13.2028 0.1 4.19828 -1.11979 -4.69309 -1.11979 -4.69309 0.0496024 0.667384 0.0496024 -0.667384 
1 1 0 13.2076 0.1 4.19689 -1.11994 -4.69421 -1.11994 -4.69421 0.0492635 0.667301 0.0492635 -0.667301 
1 1 0 13.2125 0.1 4.19551 -1.1201 -4.69533 -1.1201 -4.69533 0.0489272 0.667217 0.0489272 -0.667217 
1 1 0 13.2174 0.1 4.19414 -1.12026 -4.69645 -1.12026 -4.69645 0.0485935 0.667133 0.0485935 -0.667133 
1 1 0 13.2222 0.1 4.19279 -1.12041 -4.69758 -1.12041 -4.69758 0.0482623 0.667049 0.0482623 -0.667049 
1 1 0 13.2271 0.1 4.19144 -1.12057 -4.6987 -1.12057 -4.6987 0.0479337 0.666964 0.0479337 -0.666964 
1 1 0 13.232 0.1 4.19011 -1.12072 -4.69981 -1.12072 -4.69981 0.0476076 0.666879 0.0476076 -0.666879 
1 1 0 13.2369 0.1 4.18878 -1.12088 -4.70093 -1.12088 -4.70093 0.0472841 0.666794 0.0472841 -0.666794 
1 1 0 13.2417 0.1 4.18747 -1.12104 -4.70205 -1.12104 -4.70205 0.0469632 0.666708 0.0469632 -0.666708 
1 1 0 13.2466 0.1 4.18617 -1.12119 -4.70317 -1.12119 -4.70317 0.0466449 0.666622 0.0466449 -0.666622 
1 1 0 13.2515 0.1 4.18488 -1.12135 -4.70429 -1.12135 -4.70429 0.046329 0.666536 0.046329 -0.666536 
1 1 0 13.2563 0.1 4.1836 -1.1215 -4.70541 -1.1215 -4.70541 0.0460158 0.666449 0.0460158 -0.666449 
1 1 0 13.2612 0.1 4.18234 -1.12166 -4.70652 -1.12166 -4.70652 0.0457051 0.666363 0.0457051 -0.666363 
1 1 0 13.2661 0.1 4.18108 -1.12181 -4.70764 -1.12181 -4.70764 0.0453969 0.666275 0.0453969 -0.666275 
1 1 0 13.271 0.1 4.17983 -1.12197 -4.70875 -1.12197 -4.70875 0.0450914 0.666188 0.0450914 -0.666188 
1 1 0 13.2758 0.1 4.1786 -1.12212 -4.70987 -1.12212 -4.70987 0.0447883 0.6661 0.0447883 -0.6661 
1 1 0 13.2807 0.1 4.17738 -1.12228 -4.71098 -1.12228 -4.71098 0.0444879 0.666012 0.0444879 -0.666012 
1 1 0 13.2856 0.1 4.17617 -1.12243 -4.7121 -1.12243 -4.7121 0.0441899 0.665923 0.0441899 -0.665923 
1 1 0 13.2904 0.1 4.17496 -1.12259 -4.71321 -1.12259 -4.71321 0.0438946 0.665835 0.0438946 -0.665835 
1 1 0 13.2953 0.1 4.17377 -1.12274 -4.71433 -1.12274 -4.71433 0.0436018 0.665746 0.0436018 -0.665746 
1 1 0 13.3002 0.1 4.17259 -1.1229 -4.71544 -1.1229 -4.71544 0.0433114 0.665657 0.0433114 -0.665657 
1 1 0 13.3051 0.1 4.17143 -1.12305 -4.71655 -1.12305 -4.71655 0.0430238 0.665567 0.0430238 -0.665567 
1 1 0 13.3099 0.1 4.17027 -1.12321 -4.71767 -1.12321 -4.71767 0.0427385 0.665477 0.0427385 -0.665477 
1 1 0 13.3148 0.1 4.16912 -1.12336 -4.71878 -1.12336 -4.71878 0.0424559 0.665387 0.0424559 -0.665387 
1 1 0 13.3197 0.1 4.16799 -1.12352 -4.71989 -1.12352 -4.71989 0.0421759 0.665297 0.0421759 -0.665297 
1 1 0 13.3245 0.1 4.16686 -1.12367 -4.721 -1.12367 -4.721 0.0418983 0.665206 0.0418983 -0.665206 
1 1 0 13.3294 0.1 4.16575 -1.12382 -4.72211 -1.12382 -4.72211 0.0416233 0.665115 0.0416233 -0.665115 
1 1 0 13.3343 0.1 4.16464 -1.12398 -4.72322 -1.12398 -4.72322 0.0413508 0.665024 0.0413508 -0.665024 
1 1 0 13.3392 0.1 4.16355 -1.12413 -4.72433 -1.12413 -4.72433 0.0410808 0.664933 0.0410808 -0.664933 
1 1 0 13.344 0.1 4.16247 -1.12429 -4.72544 -1.12429 -4.72544 0.0408135 0.664841 0.0408135 -0.664841 
1 1 0 13.3489 0.1 4.1614 -1.12444 -4.72655 -1.12444 -4.72655 0.0405487 0.664749 0.0405487 -0.664749 
1 1 0 13.3538 0.1 4.16034 -1.12459 -4.72766 -1.12459 -4.72766 0.0402864 0.664657 0.0402864 -0.664657 
1 1 0 13.3587 0.1 4.15929 -1.12475 -4.72876 -1.12475 -4.72876 0.0400266 0.664565 0.0400266 -0.664565 
1 1 0 13.3635 0.1 4.15825 -1.1249 -4.72987 -1.1249 -4.72987 0.0397693 0.664472 0.0397693 -0.664472 
1 1 0 13.3684 0.1 4.15722 -1.12506 -4.73098 -1.12506 -4.73098 0.0395146 0.664379 0.0395146 -0.664379 
1 1 0 13.3733 0.1 4.15621 -1.12521 -4.73208 -1.12521 -4.73208 0.0392625 0.664286 0.0392625 -0.664286 
1 1 0 13.3781 0.1 4.1552 -1.12536 -4.73319 -1.12536 -4.73319 0.0390129 0.664193 0.0390129 -0.664193 
1 1 0 13.383 0.1 4.1542 -1.12552 -4.7343 -1.12552 -4.7343 0.0387658 0.664099 0.0387658 -0.664099 
1 1 0 13.3879 0.1 4.15322 -1.12567 -4.7354 -1.12567 -4.7354 0.0385212 0.664005 0.0385212 -0.664005 
1 1 0 13.3928 0.1 4.15224 -1.12582 -4.7365 -1.12582 -4.7365 0.0382792 0.663911 0.0382792 -0.663911 
1 1 0 13.3976 0.1 4.15128 -1.12598 -4.73761 -1.12598 -4.73761 0.0380396 0.663817 0.0380396 -0.663817 
1 1 0 13.4025 0.1 4.15032 -1.12613 -4.73871 -1.12613 -4.73871 0.0378026 0.663722 0.0378026 -0.663722 
1 1 0 13.4074 0.1 4.14938 -1.12628 -4.73982 -1.12628 -4.73982 0.0375682 0.663628 0.0375682 -0.663628 
1 1 0 13.4123 0.1 4.14845 -1.12644 -4.74092 -1.12644 -4.74092 0.0373362 0.663533 0.0373362 -0.663533 
1 1 0 13.4171 0.1 4.14753 -1.12659 -4.74202 -1.12659 -4.74202 0.0371069 0.663438 0.0371069 -0.663438 
1 1 0 13.422 0.1 4.14662 -1.12674 -4.74312 -1.12674 -4.74312 0.03688 0.663342 0.03688 -0.663342 
1 1 0 13.4269 0.1 4.14571 -1.1269 -4.74423 -1.1269 -4.74423 0.0366556 0.663247 0.0366556 -0.663247 
1 1 0 13.4318 0.1 4.14482 -1.12705 -4.74533 -1.12705 -4.74533 0.0364338 0.663151 0.0364338 -0.663151 
1 1 0 13.4366 0.1 4.14394 -1.1272 -4.74643 -1.1272 -4.74643 0.0362145 0.663055 0.0362145 -0.663055 
1 1 0 13.4415 0.1 4.14308 -1.12735 -4.74753 -1.12735 -4.74753 0.0359977 0.662959 0.0359977 -0.662959 
1 1 0 13.4464 0.1 4.14222 -1.12751 -4.74863 -1.12751 -4.74863 0.0357835 0.662863 0.0357835 -0.662863 
1 1 0 13.4513 0.1 4.14137 -1.12766 -4.74973 -1.12766 -4.74973 0.0355717 0.662766 0.0355717 -0.662766 
1 1 0 13.4561 0.1 4.14053 -1.12781 -4.75083 -1.12781 -4.75083 0.0353625 0.662669 0.0353625 -0.662669 
1 1 0 13.461 0.1 4.1397 -1.12796 -4.75192 -1.12796 -4.75192 0.0351557 0.662572 0.0351557 -0.662572 
1 1 0 13.4659 0.1 4.13889 -1.12812 -4.75302 -1.12812 -4.75302 0.0349516 0.662475 0.0349516 -0.662475 
1 1 0 13.4708 0.1 4.13808 -1.12827 -4.75412 -1.12827 -4.75412 0.0347499 0.662378 0.0347499 -0.662378 
1 1 0 13.4756 0.1 4.13728 -1.12842 -4.75522 -1.12842 -4.75522 0.0345507 0.662281 0.0345507 -0.662281 
1 1 0 13.4805 0.1 4.1365 -1.12857 -4.75631 -1.12857 -4.75631 0.0343541 0.662183 0.0343541 -0.662183 
1 1 0 13.4854 0.1 4.13572 -1.12872 -4.75741 -1.12872 -4.75741 0.0341599 0.662085 0.0341599 -0.662085 
1 1 0 13.4903 0.1 4.13496 -1.12888 -4.75851 -1.12888 -4.75851 0.0339682 0.661987 0.0339682 -0.661987 
1 1 0 13.4951 0.1 4.1342 -1.12903 -4.7596 -1.12903 -4.7596 0.0337792 0.661889 0.0337792 -0.661889 
1 1 0 13.5 0.1 4.13346 -1.12918 -4.7607 -1.12918 -4.7607 0.0335926 0.661791 0.0335926 -0.661791 
1 1 0 13.5049 0.1 4.13272 -1.12933 -4.76179 -1.12933 -4.76179 0.0334085 0.661692 0.0334085 -0.661692 
1 1 0 13.5098 0.1 4.132 -1.12948 -4.76289 -1.12948 -4.76289 0.0332269 0.661593 0.0332269 -0.661593 
1 1 0 13.5147 0.1 4.13129 -1.12963 -4.76398 -1.12963 -4.76398 0.0330478 0.661495 0.0330478 -0.661495 
1 1 0 13.5195 0.1 4.13058 -1.12979 -4.76507 -1.12979 -4.76507 0.0328712 0.661396 0.0328712 -0.661396 
1 1 0 13.5244 0.1 4.12989 -1.12994 -4.76617 -1.12994 -4.76617 0.0326971 0.661296 0.0326971 -0.661296 
1 1 0 13.5293 0.1 4.12921 -1.13009 -4.76726 -1.13009 -4.76726 0.0325256 0.661197 0.0325256 -0.661197 
1 1 0 13.5342 0.1 4.12854 -1.13024 -4.76835 -1.13024 -4.76835 0.0323566 0.661098 0.0323566 -0.661098 
1 1 0 13.539 0.1 4.12787 -1.13039 -4.76944 -1.13039 -4.76944 0.03219 0.660998 0.03219 -0.660998 
1 1 0 13.5439 0.1 4.12722 -1.13054 -4.77053 -1.13054 -4.77053 0.0320259 0.660898 0.0320259 -0.660898 
1 1 0 13.5488 0.1 4.12658 -1.13069 -4.77163 -1.13069 -4.77163 0.0318644 0.660798 0.0318644 -0.660798 
1 1 0 13.5537 0.1 4.12595 -1.13084 -4.77272 -1.13084 -4.77272 0.0317054 0.660698 0.0317054 -0.660698 
1 1 0 13.5585 0.1 4.12533 -1.131 -4.77381 -1.131 -4.77381 0.0315488 0.660598 0.0315488 -0.660598 
1 1 0 13.5634 0.1 4.12472 -1.13115 -4.7749 -1.13115 -4.7749 0.0313948 0.660497 0.0313948 -0.660497 
1 1 0 13.5683 0.1 4.12412 -1.1313 -4.77598 -1.1313 -4.77598 0.0312433 0.660397 0.0312433 -0.660397 
1 1 0 13.5732 0.1 4.12353 -1.13145 -4.77707 -1.13145 -4.77707 0.0310942 0.660296 0.0310942 -0.660296 
1 1 0 13.5781 0.1 4.12295 -1.1316 -4.77816 -1.1316 -4.77816 0.0309476 0.660195 0.0309476 -0.660195 
1 1 0 13.5829 0.1 4.12238 -1.13175 -4.77925 -1.13175 -4.77925 0.0308036 0.660094 0.0308036 -0.660094 
1 1 0 13.5878 0.1 4.12182 -1.1319 -4.78034 -1.1319 -4.78034 0.030662 0.659993 0.030662 -0.659993 
1 1 0 13.5927 0.1 4.12127 -1.13205 -4.78142 -1.13205 -4.78142 0.0305229 0.659892 0.0305229 -0.659892 
1 1 0 13.5976 0.1 4.12073 -1.1322 -4.78251 -1.1322 -4.78251 0.0303864 0.659791 0.0303864 -0.659791 
1 1 0 13.6024 0.1 4.1202 -1.13235 -4.7836 -1.13235 -4.7836 0.0302523 0.659689 0.0302523 -0.659689 
1 1 0 13.6073 0.1 4.11968 -1.1325 -4.78468 -1.1325 -4.78468 0.0301207 0.659587 0.0301207 -0.659587 
1 1 0 13.6122 0.1 4.11918 -1.13265 -4.78577 -1.13265 -4.78577 0.0299916 0.659486 0.0299916 -0.659486 
1 1 0 13.6171 0.1 4.11868 -1.1328 -4.78685 -1.1328 -4.78685 0.0298651 0.659384 0.0298651 -0.659384 
1 1 0 13.622 0.1 4.11819 -1.13295 -4.78794 -1.13295 -4.78794 0.029741 0.659282 0.029741 -0.659282 
1 1 0 13.6268 0.1 4.11771 -1.1331 -4.78902 -1.1331 -4.78902 0.0296194 0.65918 0.0296194 -0.65918 
1 1 0 13.6317 0.1 4.11724 -1.13325 -4.79011 -1.13325 -4.79011 0.0295002 0.659077 0.0295002 -0.659077 
1 1 0 13.6366 0.1 4.11678 -1.1334 -4.79119 -1.1334 -4.79119 0.0293836 0.658975 0.0293836 -0.658975 
1 1 0 13.6415 0.1 4.11634 -1.13355 -4.79227 -1.13355 -4.79227 0.0292695 0.658872 0.0292695 -0.658872 
1 1 0 13.6464 0.1 4.1159 -1.1337 -4.79335 -1.1337 -4.79335 0.0291578 0.65877 0.0291578 -0.65877 
1 1 0 13.6512 0.1 4.11547 -1.13385 -4.79444 -1.13385 -4.79444 0.0290486 0.658667 0.0290486 -0.658667 
1 1 0 13.6561 0.1 4.11506 -1.134 -4.79552 -1.134 -4.79552 0.0289419 0.658564 0.0289419 -0.658564 
1 1 0 13.661 0.1 4.11465 -1.13415 -4.7966 -1.13415 -4.7966 0.0288377 0.658461 0.0288377 -0.658461 
1 1 0 13.6659 0.1 4.11425 -1.1343 -4.79768 -1.1343 -4.79768 0.028736 0.658358 0.028736 -0.658358 
1 1 0 13.6708 0.1 4.11386 -1.13445 -4.79876 -1.13445 -4.79876 0.0286368 0.658255 0.0286368 -0.658255 
1 1 0 13.6756 0.1 4.11349 -1.1346 -4.79984 -1.1346 -4.79984 0.0285401 0.658151 0.0285401 -0.658151 
1 1 0 13.6805 0.1 4.11312 -1.13474 -4.80092 -1.13474 -4.80092 0.0284457 0.658048 0.0284457 -0.658048 
1 1 0 13.6854 0.1 4.11276 -1.13489 -4.802 -1.13489 -4.802 0.028354 0.657944 0.028354 -0.657944 
1 1 0 13.6903 0.1 4.11242 -1.13504 -4.80308 -1.13504 -4.80308 0.0282647 0.65784 0.0282647 -0.65784 
1 1 0 13.6952 0.1 4.11208 -1.13519 -4.80416 -1.13519 -4.80416 0.0281779 0.657737 0.0281779 -0.657737 
1 1 0 13.7 0.1 4.11175 -1.13534 -4.80524 -1.13534 -4.80524 0.0280935 0.657633 0.0280935 -0.657633 
1 1 0 13.7049 0.1 4.11144 -1.13549 -4.80631 -1.13549 -4.80631 0.0280117 0.657529 0.0280117 -0.657529 
1 1 0 13.7098 0.1 4.11113 -1.13564 -4.80739 -1.13564 -4.80739 0.0279323 0.657425 0.0279323 -0.657425 
1 1 0 13.7147 0.1 4.11084 -1.13579 -4.80847 -1.13579 -4.80847 0.0278554 0.65732 0.0278554 -0.65732 
1 1 0 13.7196 0.1 4.11055 -1.13593 -4.80954 -1.13593 -4.80954 0.0277809 0.657216 0.0277809 -0.657216 
1 1 0 13.7244 0.1 4.11027 -1.13608 -4.81062 -1.13608 -4.81062 0.027709 0.657112 0.027709 -0.657112 
1 1 0 13.7293 0.1 4.11001 -1.13623 -4.81169 -1.13623 -4.81169 0.0276395 0.657007 0.0276395 -0.657007 
1 1 0 13.7342 0.1 4.10975 -1.13638 -4.81277 -1.13638 -4.81277 0.0275725 0.656902 0.0275725 -0.656902 
1 1 0 13.7391 0.1 4.10951 -1.13653 -4.81384 -1.13653 -4.81384 0.027508 0.656798 0.027508 -0.656798 
1 1 0 13.744 0.1 4.10927 -1.13668 -4.81492 -1.13668 -4.81492 0.027446 0.656693 0.027446 -0.656693 
1 1 0 13.7488 0.1 4.10905 -1.13682 -4.81599 -1.13682 -4.81599 0.0273864 0.656588 0.0273864 -0.656588 
1 1 0 13.7537 0.1 4.10883 -1.13697 -4.81707 -1.13697 -4.81707 0.0273293 0.656483 0.0273293 -0.656483 
1 1 0 13.7586 0.1 4.10863 -1.13712 -4.81814 -1.13712 -4.81814 0.0272747 0.656378 0.0272747 -0.656378 
1 1 0 13.7635 0.1 4.10843 -1.13727 -4.81921 -1.13727 -4.81921 0.0272226 0.656272 0.0272226 -0.656272 
1 1 0 13.7684 0.1 4.10825 -1.13742 -4.82028 -1.13742 -4.82028 0.0271729 0.656167 0.0271729 -0.656167 
1 1 0 13.7732 0.1 4.10807 -1.13756 -4.82136 -1.13756 -4.82136 0.0271256 0.656061 0.0271256 -0.656061 
1 1 0 13.7781 0.1 4.10791 -1.13771 -4.82243 -1.13771 -4.82243 0.0270809 0.655956 0.0270809 -0.655956 
1 1 0 13.783 0.1 4.10775 -1.13786 -4.8235 -1.13786 -4.8235 0.0270386 0.65585 0.0270386 -0.65585 
1 1 0 13.7879 0.1 4.10761 -1.13801 -4.82457 -1.13801 -4.82457 0.0269988 0.655744 0.0269988 -0.655744 
1 1 0 13.7928 0.1 4.10747 -1.13815 -4.82564 -1.13815 -4.82564 0.0269615 0.655639 0.0269615 -0.655639 
1 1 0 13.7977 0.1 4.10735 -1.1383 -4.82671 -1.1383 -4.82671 0.0269266 0.655533 0.0269266 -0.655533 
1 1 0 13.8025 0.1 4.10723 -1.13845 -4.82778 -1.13845 -4.82778 0.0268943 0.655427 0.0268943 -0.655427 
2 1 0 12.82 0.1 0 -1.20963 -3.43176 -1.20963 -3.43176 0.0268943 0.655427 0.0268943 -0.655427 
2 1 0 12.82 0.1 0 -1.20963 -3.43176 -1.20963 -3.43176 0.0268943 0.655427 0.0268943 -0.655427 
2 1 0 12.82 0.1 0 -1.0312 -3.50193 -1.0312 -3.50193 0.0268943 0.655427 0.0268943 -0.655427 
1 1 0 12.82 0.1 4.34541 -1.0312 -3.50193 -1.0312 -3.50193 0.0844035 0.672474 0.0844035 -0.672474 
1 1 0 12.82 0.1 4.34541 -1.0312 -3.50193 -1.0312 -3.50193 0.0844035 0.672474 0.0844035 -0.672474 
1 1 0 12.82 0.1 4.34541 -1.0312 -3.50193 -1.0312 -3.50193 0.0844034 0.672474 0.0844034 -0.672474 
1 1 0 12.82 0.1 4.34541 -1.0312 -3.50193 -1.0312 -3.50193 0.0844032 0.672474 0.0844032 -0.672474 
1 1 0 12.82 0.1 4.3454 -1.0312 -3.50193 -1.0312 -3.50193 0.084403 0.672474 0.084403 -0.672474 
1 1 0 12.82 0.1 4.3454 -1.0312 -3.50193 -1.0312 -3.50193 0.0844023 0.672474 0.0844023 -0.672474 
1 1 0 12.82 0.1 4.3454 -1.0312 -3.50193 -1.0312 -3.50193 0.0844011 0.672473 0.0844011 -0.672473 
1 1 0 12.82 0.1 4.34539 -1.0312 -3.50193 -1.0312 -3.50193 0.0843988 0.672473 0.0843988 -0.672473 
1 1 0 12.8201 0.1 4.34537 -1.0312 -3.50193 -1.0312 -3.50193 0.0843953 0.672473 0.0843953 -0.672473 
1 1 0 12.8201 0.1 4.34535 -1.0312 -3.50194 -1.0312 -3.50194 0.0843899 0.672473 0.0843899 -0.672473 
1 1 0 12.8202 0.1 4.34531 -1.0312 -3.50194 -1.0312 -3.50194 0.0843819 0.672472 0.0843819 -0.672472 
1 1 0 12.8203 0.1 4.34526 -1.0312 -3.50195 -1.0312 -3.50195 0.08437 0.672471 0.08437 -0.672471 
1 1 0 12.8205 0.1 4.34518 -1.03121 -3.50196 -1.03121 -3.50196 0.0843521 0.67247 0.0843521 -0.67247 
1 1 0 12.8207 0.1 4.34507 -1.03121 -3.50198 -1.03121 -3.50198 0.0843252 0.672468 0.0843252 -0.672468 
1 1 0 12.8211 0.1 4.34489 -1.03122 -3.50201 -1.03122 -3.50201 0.0842848 0.672465 0.0842848 -0.672465 
1 1 0 12.8216 0.1 4.34463 -1.03123 -3.50206 -1.03123 -3.50206 0.0842244 0.67246 0.0842244 -0.67246 
1 1 0 12.8224 0.1 4.34423 -1.03125 -3.50212 -1.03125 -3.50212 0.0841337 0.672453 0.0841337 -0.672453 
1 1 0 12.8236 0.1 4.34364 -1.03128 -3.50222 -1.03128 -3.50222 0.0839979 0.672443 0.0839979 -0.672443 
1 1 0 12.8254 0.1 4.34275 -1.03132 -3.50238 -1.03132 -3.50238 0.0837945 0.672427 0.0837945 -0.672427 
1 1 0 12.8282 0.1 4.34143 -1.03138 -3.5026 -1.03138 -3.5026 0.0834899 0.672404 0.0834899 -0.672404 
1 1 0 12.8323 0.1 4.33945 -1.03147 -3.50294 -1.03147 -3.50294 0.0830347 0.672368 0.0830347 -0.672368 
1 1 0 12.8372 0.1 4.33705 -1.03158 -3.50335 -1.03158 -3.50335 0.0824837 0.672324 0.0824837 -0.672324 
1 1 0 12.8422 0.1 4.33467 -1.03169 -3.50376 -1.03169 -3.50376 0.0819354 0.672279 0.0819354 -0.672279 
1 1 0 12.8472 0.1 4.33231 -1.0318 -3.50417 -1.0318 -3.50417 0.0813899 0.672233 0.0813899 -0.672233 
1 1 0 12.8522 0.1 4.32996 -1.03192 -3.50458 -1.03192 -3.50458 0.0808471 0.672186 0.0808471 -0.672186 
1 1 0 12.8572 0.1 4.32762 -1.03203 -3.50499 -1.03203 -3.50499 0.0803073 0.672139 0.0803073 -0.672139 
1 1 0 12.8622 0.1 4.3253 -1.03214 -3.5054 -1.03214 -3.5054 0.0797701 0.672091 0.0797701 -0.672091 
1 1 0 12.8671 0.1 4.32299 -1.03225 -3.5058 -1.03225 -3.5058 0.0792358 0.672042 0.0792358 -0.672042 
1 1 0 12.8721 0.1 4.3207 -1.03236 -3.50621 -1.03236 -3.50621 0.0787043 0.671992 0.0787043 -0.671992 
1 1 0 12.8771 0.1 4.31842 -1.03247 -3.50662 -1.03247 -3.50662 0.0781756 0.671942 0.0781756 -0.671942 
1 1 0 12.8821 0.1 4.31615 -1.03258 -3.50702 -1.03258 -3.50702 0.0776497 0.671891 0.0776497 -0.671891 
1 1 0 12.8871 0.1 4.3139 -1.03269 -3.50743 -1.03269 -3.50743 0.0771265 0.671839 0.0771265 -0.671839 
1 1 0 12.8921 0.1 4.31166 -1.0328 -3.50783 -1.0328 -3.50783 0.0766061 0.671787 0.0766061 -0.671787 
1 1 0 12.897 0.1 4.30944 -1.03292 -3.50824 -1.03292 -3.50824 0.0760886 0.671734 0.0760886 -0.671734 
1 1 0 12.902 0.1 4.30723 -1.03303 -3.50864 -1.03303 -3.50864 0.0755737 0.67168 0.0755737 -0.67168 
1 1 0 12.907 0.1 4.30503 -1.03314 -3.50905 -1.03314 -3.50905 0.0750617 0.671626 0.0750617 -0.671626 
1 1 0 12.912 0.1 4.30285 -1.03325 -3.50945 -1.03325 -3.50945 0.0745525 0.671571 0.0745525 -0.671571 
1 1 0 12.917 0.1 4.30069 -1.03336 -3.50985 -1.03336 -3.50985 0.0740459 0.671515 0.0740459 -0.671515 
1 1 0 12.9219 0.1 4.29853 -1.03347 -3.51026 -1.03347 -3.51026 0.0735423 0.671458 0.0735423 -0.671458 
1 1 0 12.9269 0.1 4.29639 -1.03358 -3.51066 -1.03358 -3.51066 0.0730415 0.671401 0.0730415 -0.671401 
1 1 0 12.9319 0.1 4.29427 -1.03369 -3.51106 -1.03369 -3.51106 0.0725433 0.671343 0.0725433 -0.671343 
1 1 0 12.9369 0.1 4.29215 -1.0338 -3.51146 -1.0338 -3.51146 0.072048 0.671285 0.072048 -0.671285 
1 1 0 12.9419 0.1 4.29005 -1.03391 -3.51186 -1.03391 -3.51186 0.0715553 0.671226 0.0715553 -0.671226 
1 1 0 12.9469 0.1 4.28797 -1.03402 -3.51226 -1.03402 -3.51226 0.0710655 0.671166 0.0710655 -0.671166 
1 1 0 12.9518 0.1 4.2859 -1.03413 -3.51266 -1.03413 -3.51266 0.0705785 0.671106 0.0705785 -0.671106 
1 1 0 12.9568 0.1 4.28384 -1.03425 -3.51306 -1.03425 -3.51306 0.0700942 0.671045 0.0700942 -0.671045 
1 1 0 12.9618 0.1 4.28179 -1.03436 -3.51345 -1.03436 -3.51345 0.0696127 0.670984 0.0696127 -0.670984 
1 1 0 12.9668 0.1 4.27976 -1.03447 -3.51385 -1.03447 -3.51385 0.0691339 0.670921 0.0691339 -0.670921 
1 1 0 12.9718 0.1 4.27774 -1.03458 -3.51425 -1.03458 -3.51425 0.0686579 0.670859 0.0686579 -0.670859 
1 1 0 12.9768 0.1 4.27574 -1.03469 -3.51465 -1.03469 -3.51465 0.0681847 0.670795 0.0681847 -0.670795 
1 1 0 12.9817 0.1 4.27375 -1.0348 -3.51504 -1.0348 -3.51504 0.0677142 0.670731 0.0677142 -0.670731 
1 1 0 12.9867 0.1 4.27177 -1.03491 -3.51544 -1.03491 -3.51544 0.0672465 0.670667 0.0672465 -0.670667 
1 1 0 12.9917 0.1 4.26981 -1.03502 -3.51583 -1.03502 -3.51583 0.0667815 0.670602 0.0667815 -0.670602 
1 1 0 12.9967 0.1 4.26785 -1.03513 -3.51623 -1.03513 -3.51623 0.0663193 0.670536 0.0663193 -0.670536 
1 1 0 13.0017 0.1 4.26592 -1.03524 -3.51662 -1.03524 -3.51662 0.0658599 0.67047 0.0658599 -0.67047 
1 1 0 13.0067 0.1 4.26399 -1.03535 -3.51701 -1.03535 -3.51701 0.0654032 0.670403 0.0654032 -0.670403 
1 1 0 13.0116 0.1 4.26208 -1.03546 -3.51741 -1.03546 -3.51741 0.0649492 0.670336 0.0649492 -0.670336 
1 1 0 13.0166 0.1 4.26018 -1.03557 -3.5178 -1.03557 -3.5178 0.064498 0.670268 0.064498 -0.670268 
1 1 0 13.0216 0.1 4.25829 -1.03568 -3.51819 -1.03568 -3.51819 0.0640495 0.670199 0.0640495 -0.670199 
1 1 0 13.0266 0.1 4.25642 -1.03579 -3.51858 -1.03579 -3.51858 0.0636038 0.67013 0.0636038 -0.67013 
1 1 0 13.0316 0.1 4.25456 -1.0359 -3.51897 -1.0359 -3.51897 0.0631609 0.670061 0.0631609 -0.670061 
1 1 0 13.0366 0.1 4.25271 -1.03601 -3.51936 -1.03601 -3.51936 0.0627206 0.669991 0.0627206 -0.669991 
1 1 0 13.0415 0.1 4.25088 -1.03612 -3.51975 -1.03612 -3.51975 0.0622832 0.66992 0.0622832 -0.66992 
1 1 0 13.0465 0.1 4.24905 -1.03623 -3.52014 -1.03623 -3.52014 0.0618485 0.669849 0.0618485 -0.669849 
1 1 0 13.0515 0.1 4.24725 -1.03634 -3.52053 -1.03634 -3.52053 0.0614165 0.669777 0.0614165 -0.669777 
1 1 0 13.0565 0.1 4.24545 -1.03645 -3.52092 -1.03645 -3.52092 0.0609872 0.669705 0.0609872 -0.669705 
1 1 0 13.0615 0.1 4.24367 -1.03656 -3.52131 -1.03656 -3.52131 0.0605607 0.669632 0.0605607 -0.669632 
1 1 0 13.0665 0.1 4.2419 -1.03667 -3.5217 -1.03667 -3.5217 0.0601369 0.669559 0.0601369 -0.669559 
1 1 0 13.0714 0.1 4.24014 -1.03678 -3.52208 -1.03678 -3.52208 0.0597158 0.669485 0.0597158 -0.669485 
1 1 0 13.0764 0.1 4.23839 -1.03689 -3.52247 -1.03689 -3.52247 0.0592974 0.669411 0.0592974 -0.669411 
1 1 0 13.0814 0.1 4.23666 -1.037 -3.52285 -1.037 -3.52285 0.0588819 0.669337 0.0588819 -0.669337 
1 1 0 13.0864 0.1 4.23494 -1.03711 -3.52324 -1.03711 -3.52324 0.058469 0.669262 0.058469 -0.669262 
1 1 0 13.0914 0.1 4.23323 -1.03722 -3.52362 -1.03722 -3.52362 0.058059 0.669186 0.058059 -0.669186 
1 1 0 13.0964 0.1 4.23154 -1.03733 -3.52401 -1.03733 -3.52401 0.0576515 0.66911 0.0576515 -0.66911 
1 1 0 13.1013 0.1 4.22985 -1.03744 -3.52439 -1.03744 -3.52439 0.0572468 0.669034 0.0572468 -0.669034 
1 1 0 13.1063 0.1 4.22818 -1.03755 -3.52478 -1.03755 -3.52478 0.0568448 0.668957 0.0568448 -0.668957 
1 1 0 13.1113 0.1 4.22653 -1.03766 -3.52516 -1.03766 -3.52516 0.0564455 0.668879 0.0564455 -0.668879 
1 1 0 13.1163 0.1 4.22488 -1.03777 -3.52554 -1.03777 -3.52554 0.0560491 0.668801 0.0560491 -0.668801 
1 1 0 13.1213 0.1 4.22325 -1.03788 -3.52592 -1.03788 -3.52592 0.0556553 0.668723 0.0556553 -0.668723 
1 1 0 13.1263 0.1 4.22163 -1.03799 -3.5263 -1.03799 -3.5263 0.0552642 0.668644 0.0552642 -0.668644 
1 1 0 13.1313 0.1 4.22002 -1.0381 -3.52668 -1.0381 -3.52668 0.0548758 0.668565 0.0548758 -0.668565 
1 1 0 13.1362 0.1 4.21842 -1.03821 -3.52706 -1.03821 -3.52706 0.0544901 0.668485 0.0544901 -0.668485 
1 1 0 13.1412 0.1 4.21684 -1.03832 -3.52744 -1.03832 -3.52744 0.0541072 0.668406 0.0541072 -0.668406 
1 1 0 13.1462 0.1 4.21527 -1.03843 -3.52782 -1.03843 -3.52782 0.053727 0.668325 0.053727 -0.668325 
1 1 0 13.1512 0.1 4.21371 -1.03854 -3.5282 -1.03854 -3.5282 0.0533495 0.668244 0.0533495 -0.668244 
1 1 0 13.1562 0.1 4.21216 -1.03865 -3.52858 -1.03865 -3.52858 0.0529747 0.668163 0.0529747 -0.668163 
1 1 0 13.1612 0.1 4.21062 -1.03876 -3.52896 -1.03876 -3.52896 0.0526026 0.668081 0.0526026 -0.668081 
1 1 0 13.1661 0.1 4.2091 -1.03887 -3.52933 -1.03887 -3.52933 0.0522332 0.667999 0.0522332 -0.667999 
1 1 0 13.1711 0.1 4.20759 -1.03898 -3.52971 -1.03898 -3.52971 0.0518665 0.667917 0.0518665 -0.667917 
1 1 0 13.1761 0.1 4.20609 -1.03909 -3.53008 -1.03909 -3.53008 0.0515026 0.667834 0.0515026 -0.667834 
1 1 0 13.1811 0.1 4.2046 -1.0392 -3.53046 -1.0392 -3.53046 0.0511413 0.667751 0.0511413 -0.667751 
1 1 0 13.1861 0.1 4.20313 -1.03931 -3.53083 -1.03931 -3.53083 0.0507827 0.667667 0.0507827 -0.667667 
1 1 0 13.1911 0.1 4.20167 -1.03942 -3.53121 -1.03942 -3.53121 0.0504268 0.667583 0.0504268 -0.667583 
1 1 0 13.196 0.1 4.20022 -1.03952 -3.53158 -1.03952 -3.53158 0.0500737 0.667498 0.0500737 -0.667498 
1 1 0 13.201 0.1 4.19878 -1.03963 -3.53195 -1.03963 -3.53195 0.0497232 0.667414 0.0497232 -0.667414 
1 1 0 13.206 0.1 4.19735 -1.03974 -3.53233 -1.03974 -3.53233 0.0493754 0.667328 0.0493754 -0.667328 
1 1 0 13.211 0.1 4.19593 -1.03985 -3.5327 -1.03985 -3.5327 0.0490303 0.667243 0.0490303 -0.667243 
1 1 0 13.216 0.1 4.19453 -1.03996 -3.53307 -1.03996 -3.53307 0.0486879 0.667157 0.0486879 -0.667157 
1 1 0 13.221 0.1 4.19314 -1.04007 -3.53344 -1.04007 -3.53344 0.0483483 0.667071 0.0483483 -0.667071 
1 1 0 13.226 0.1 4.19176 -1.04018 -3.53381 -1.04018 -3.53381 0.0480113 0.666984 0.0480113 -0.666984 
1 1 0 13.2309 0.1 4.19039 -1.04029 -3.53418 -1.04029 -3.53418 0.047677 0.666897 0.047677 -0.666897 
1 1 0 13.2359 0.1 4.18903 -1.0404 -3.53455 -1.0404 -3.53455 0.0473453 0.66681 0.0473453 -0.66681 
1 1 0 13.2409 0.1 4.18769 -1.04051 -3.53492 -1.04051 -3.53492 0.0470164 0.666723 0.0470164 -0.666723 
1 1 0 13.2459 0.1 4.18636 -1.04062 -3.53529 -1.04062 -3.53529 0.0466902 0.666635 0.0466902 -0.666635 
1 1 0 13.2509 0.1 4.18504 -1.04072 -3.53566 -1.04072 -3.53566 0.0463666 0.666546 0.0463666 -0.666546 
1 1 0 13.2559 0.1 4.18373 -1.04083 -3.53602 -1.04083 -3.53602 0.0460457 0.666458 0.0460457 -0.666458 
1 1 0 13.2609 0.1 4.18243 -1.04094 -3.53639 -1.04094 -3.53639 0.0457275 0.666369 0.0457275 -0.666369 
1 1 0 13.2658 0.1 4.18114 -1.04105 -3.53676 -1.04105 -3.53676 0.045412 0.66628 0.045412 -0.66628 
1 1 0 13.2708 0.1 4.17987 -1.04116 -3.53712 -1.04116 -3.53712 0.0450992 0.66619 0.0450992 -0.66619 
1 1 0 13.2758 0.1 4.1786 -1.04127 -3.53749 -1.04127 -3.53749 0.044789 0.6661 0.044789 -0.6661 
1 1 0 13.2808 0.1 4.17735 -1.04138 -3.53785 -1.04138 -3.53785 0.0444815 0.66601 0.0444815 -0.66601 
1 1 0 13.2858 0.1 4.17611 -1.04149 -3.53822 -1.04149 -3.53822 0.0441767 0.66592 0.0441767 -0.66592 
1 1 0 13.2908 0.1 4.17488 -1.0416 -3.53858 -1.0416 -3.53858 0.0438746 0.665829 0.0438746 -0.665829 
1 1 0 13.2958 0.1 4.17367 -1.0417 -3.53894 -1.0417 -3.53894 0.0435752 0.665738 0.0435752 -0.665738 
1 1 0 13.3007 0.1 4.17246 -1.04181 -3.5393 -1.04181 -3.5393 0.0432784 0.665646 0.0432784 -0.665646 
1 1 0 13.3057 0.1 4.17127 -1.04192 -3.53967 -1.04192 -3.53967 0.0429843 0.665555 0.0429843 -0.665555 
1 1 0 13.3107 0.1 4.17008 -1.04203 -3.54003 -1.04203 -3.54003 0.0426928 0.665463 0.0426928 -0.665463 
1 1 0 13.3157 0.1 4.16891 -1.04214 -3.54039 -1.04214 -3.54039 0.0424041 0.665371 0.0424041 -0.665371 
1 1 0 13.3207 0.1 4.16775 -1.04225 -3.54075 -1.04225 -3.54075 0.042118 0.665278 0.042118 -0.665278 
1 1 0 13.3257 0.1 4.1666 -1.04236 -3.54111 -1.04236 -3.54111 0.0418346 0.665185 0.0418346 -0.665185 
1 1 0 13.3307 0.1 4.16547 -1.04246 -3.54147 -1.04246 -3.54147 0.0415538 0.665092 0.0415538 -0.665092 
1 1 0 13.3356 0.1 4.16434 -1.04257 -3.54182 -1.04257 -3.54182 0.0412757 0.664999 0.0412757 -0.664999 
1 1 0 13.3406 0.1 4.16323 -1.04268 -3.54218 -1.04268 -3.54218 0.0410003 0.664905 0.0410003 -0.664905 
1 1 0 13.3456 0.1 4.16212 -1.04279 -3.54254 -1.04279 -3.54254 0.0407275 0.664811 0.0407275 -0.664811 
1 1 0 13.3506 0.1 4.16103 -1.0429 -3.5429 -1.0429 -3.5429 0.0404574 0.664717 0.0404574 -0.664717 
1 1 0 13.3556 0.1 4.15995 -1.04301 -3.54325 -1.04301 -3.54325 0.0401899 0.664623 0.0401899 -0.664623 
1 1 0 13.3606 0.1 4.15888 -1.04311 -3.54361 -1.04311 -3.54361 0.0399251 0.664528 0.0399251 -0.664528 
1 1 0 13.3656 0.1 4.15782 -1.04322 -3.54396 -1.04322 -3.54396 0.039663 0.664433 0.039663 -0.664433 
1 1 0 13.3705 0.1 4.15677 -1.04333 -3.54432 -1.04333 -3.54432 0.0394035 0.664338 0.0394035 -0.664338 
1 1 0 13.3755 0.1 4.15574 -1.04344 -3.54467 -1.04344 -3.54467 0.0391467 0.664243 0.0391467 -0.664243 
1 1 0 13.3805 0.1 4.15471 -1.04355 -3.54503 -1.04355 -3.54503 0.0388926 0.664147 0.0388926 -0.664147 
1 1 0 13.3855 0.1 4.1537 -1.04366 -3.54538 -1.04366 -3.54538 0.038641 0.664051 0.038641 -0.664051 
1 1 0 13.3905 0.1 4.1527 -1.04376 -3.54573 -1.04376 -3.54573 0.0383921 0.663955 0.0383921 -0.663955 
1 1 0 13.3955 0.1 4.15171 -1.04387 -3.54608 -1.04387 -3.54608 0.038146 0.663859 0.038146 -0.663859 
1 1 0 13.4005 0.1 4.15073 -1.04398 -3.54643 -1.04398 -3.54643 0.0379024 0.663762 0.0379024 -0.663762 
1 1 0 13.4054 0.1 4.14976 -1.04409 -3.54679 -1.04409 -3.54679 0.0376614 0.663665 0.0376614 -0.663665 
1 1 0 13.4104 0.1 4.1488 -1.0442 -3.54714 -1.0442 -3.54714 0.0374232 0.663569 0.0374232 -0.663569 
1 1 0 13.4154 0.1 4.14785 -1.0443 -3.54748 -1.0443 -3.54748 0.0371876 0.663471 0.0371876 -0.663471 
1 1 0 13.4204 0.1 4.14692 -1.04441 -3.54783 -1.04441 -3.54783 0.0369546 0.663374 0.0369546 -0.663374 
1 1 0 13.4254 0.1 4.14599 -1.04452 -3.54818 -1.04452 -3.54818 0.0367243 0.663276 0.0367243 -0.663276 
1 1 0 13.4304 0.1 4.14508 -1.04463 -3.54853 -1.04463 -3.54853 0.0364966 0.663178 0.0364966 -0.663178 
1 1 0 13.4354 0.1 4.14417 -1.04474 -3.54888 -1.04474 -3.54888 0.0362715 0.66308 0.0362715 -0.66308 
1 1 0 13.4404 0.1 4.14328 -1.04484 -3.54922 -1.04484 -3.54922 0.0360491 0.662982 0.0360491 -0.662982 
1 1 0 13.4453 0.1 4.1424 -1.04495 -3.54957 -1.04495 -3.54957 0.0358294 0.662883 0.0358294 -0.662883 
1 1 0 13.4503 0.1 4.14153 -1.04506 -3.54992 -1.04506 -3.54992 0.0356123 0.662785 0.0356123 -0.662785 
1 1 0 13.4553 0.1 4.14067 -1.04517 -3.55026 -1.04517 -3.55026 0.0353977 0.662686 0.0353977 -0.662686 
1 1 0 13.4603 0.1 4.13982 -1.04527 -3.55061 -1.04527 -3.55061 0.0351859 0.662587 0.0351859 -0.662587 
1 1 0 13.4653 0.1 4.13899 -1.04538 -3.55095 -1.04538 -3.55095 0.0349767 0.662487 0.0349767 -0.662487 
1 1 0 13.4703 0.1 4.13816 -1.04549 -3.55129 -1.04549 -3.55129 0.0347701 0.662388 0.0347701 -0.662388 
1 1 0 13.4753 0.1 4.13734 -1.0456 -3.55164 -1.0456 -3.55164 0.0345662 0.662288 0.0345662 -0.662288 
1 1 0 13.4803 0.1 4.13654 -1.0457 -3.55198 -1.0457 -3.55198 0.0343649 0.662188 0.0343649 -0.662188 
1 1 0 13.4852 0.1 4.13575 -1.04581 -3.55232 -1.04581 -3.55232 0.0341662 0.662088 0.0341662 -0.662088 
1 1 0 13.4902 0.1 4.13496 -1.04592 -3.55266 -1.04592 -3.55266 0.0339701 0.661988 0.0339701 -0.661988 
1 1 0 13.4952 0.1 4.13419 -1.04603 -3.553 -1.04603 -3.553 0.0337767 0.661888 0.0337767 -0.661888 
1 1 0 13.5002 0.1 4.13343 -1.04613 -3.55334 -1.04613 -3.55334 0.033586 0.661787 0.033586 -0.661787 
1 1 0 13.5052 0.1 4.13268 -1.04624 -3.55368 -1.04624 -3.55368 0.0333978 0.661686 0.0333978 -0.661686 
1 1 0 13.5102 0.1 4.13194 -1.04635 -3.55402 -1.04635 -3.55402 0.0332122 0.661585 0.0332122 -0.661585 
1 1 0 13.5152 0.1 4.13121 -1.04646 -3.55436 -1.04646 -3.55436 0.0330293 0.661484 0.0330293 -0.661484 
1 1 0 13.5201 0.1 4.1305 -1.04656 -3.5547 -1.04656 -3.5547 0.032849 0.661383 0.032849 -0.661383 
1 1 0 13.5251 0.1 4.12979 -1.04667 -3.55503 -1.04667 -3.55503 0.0326714 0.661281 0.0326714 -0.661281 
1 1 0 13.5301 0.1 4.12909 -1.04678 -3.55537 -1.04678 -3.55537 0.0324963 0.66118 0.0324963 -0.66118 
1 1 0 13.5351 0.1 4.12841 -1.04688 -3.5557 -1.04688 -3.5557 0.0323239 0.661078 0.0323239 -0.661078 
1 1 0 13.5401 0.1 4.12773 -1.04699 -3.55604 -1.04699 -3.55604 0.0321541 0.660976 0.0321541 -0.660976 
1 1 0 13.5451 0.1 4.12707 -1.0471 -3.55637 -1.0471 -3.55637 0.0319869 0.660874 0.0319869 -0.660874 
1 1 0 13.5501 0.1 4.12642 -1.04721 -3.55671 -1.04721 -3.55671 0.0318224 0.660772 0.0318224 -0.660772 
1 1 0 13.5551 0.1 4.12577 -1.04731 -3.55704 -1.04731 -3.55704 0.0316604 0.660669 0.0316604 -0.660669 
1 1 0 13.5601 0.1 4.12514 -1.04742 -3.55738 -1.04742 -3.55738 0.0315011 0.660567 0.0315011 -0.660567 
1 1 0 13.565 0.1 4.12452 -1.04753 -3.55771 -1.04753 -3.55771 0.0313444 0.660464 0.0313444 -0.660464 
1 1 0 13.57 0.1 4.12391 -1.04763 -3.55804 -1.04763 -3.55804 0.0311903 0.660361 0.0311903 -0.660361 
1 1 0 13.575 0.1 4.12331 -1.04774 -3.55837 -1.04774 -3.55837 0.0310388 0.660258 0.0310388 -0.660258 
1 1 0 13.58 0.1 4.12272 -1.04785 -3.5587 -1.04785 -3.5587 0.0308899 0.660155 0.0308899 -0.660155 
1 1 0 13.585 0.1 4.12214 -1.04795 -3.55903 -1.04795 -3.55903 0.0307437 0.660052 0.0307437 -0.660052 
1 1 0 13.59 0.1 4.12158 -1.04806 -3.55936 -1.04806 -3.55936 0.0306 0.659948 0.0306 -0.659948 
1 1 0 13.595 0.1 4.12102 -1.04817 -3.55969 -1.04817 -3.55969 0.030459 0.659845 0.030459 -0.659845 
1 1 0 13.6 0.1 4.12047 -1.04827 -3.56002 -1.04827 -3.56002 0.0303206 0.659741 0.0303206 -0.659741 
1 1 0 13.6049 0.1 4.11994 -1.04838 -3.56035 -1.04838 -3.56035 0.0301848 0.659637 0.0301848 -0.659637 
1 1 0 13.6099 0.1 4.11941 -1.04849 -3.56067 -1.04849 -3.56067 0.0300516 0.659533 0.0300516 -0.659533 
1 1 0 13.6149 0.1 4.1189 -1.04859 -3.561 -1.04859 -3.561 0.029921 0.659429 0.029921 -0.659429 
1 1 0 13.6199 0.1 4.11839 -1.0487 -3.56132 -1.0487 -3.56132 0.0297929 0.659325 0.0297929 -0.659325 
1 1 0 13.6249 0.1 4.1179 -1.04881 -3.56165 -1.04881 -3.56165 0.0296676 0.65922 0.0296676 -0.65922 
1 1 0 13.6299 0.1 4.11742 -1.04891 -3.56197 -1.04891 -3.56197 0.0295447 0.659116 0.0295447 -0.659116 
1 1 0 13.6349 0.1 4.11695 -1.04902 -3.5623 -1.04902 -3.5623 0.0294247 0.659011 0.0294247 -0.659011 
1 1 0 13.6399 0.1 4.11648 -1.04913 -3.56262 -1.04913 -3.56262 0.0293071 0.658906 0.0293071 -0.658906 
1 1 0 13.6448 0.1 4.11603 -1.04923 -3.56295 -1.04923 -3.56295 0.029192 0.658801 0.029192 -0.658801 
1 1 0 13.6498 0.1 4.11559 -1.04934 -3.56327 -1.04934 -3.56327 0.0290797 0.658696 0.0290797 -0.658696 
1 1 0 13.6548 0.1 4.11516 -1.04945 -3.56359 -1.04945 -3.56359 0.0289699 0.658591 0.0289699 -0.658591 
1 1 0 13.6598 0.1 4.11475 -1.04955 -3.56391 -1.04955 -3.56391 0.0288627 0.658486 0.0288627 -0.658486 
1 1 0 13.6648 0.1 4.11434 -1.04966 -3.56423 -1.04966 -3.56423 0.0287582 0.65838 0.0287582 -0.65838 
1 1 0 13.6698 0.1 4.11394 -1.04976 -3.56455 -1.04976 -3.56455 0.0286562 0.658275 0.0286562 -0.658275 
1 1 0 13.6748 0.1 4.11355 -1.04987 -3.56487 -1.04987 -3.56487 0.0285568 0.658169 0.0285568 -0.658169 
1 1 0 13.6798 0.1 4.11318 -1.04998 -3.56519 -1.04998 -3.56519 0.02846 0.658064 0.02846 -0.658064 
1 1 0 13.6848 0.1 4.11281 -1.05008 -3.56551 -1.05008 -3.56551 0.0283658 0.657958 0.0283658 -0.657958 
1 1 0 13.6897 0.1 4.11245 -1.05019 -3.56582 -1.05019 -3.56582 0.0282742 0.657852 0.0282742 -0.657852 
1 1 0 13.6947 0.1 4.11211 -1.05029 -3.56614 -1.05029 -3.56614 0.0281852 0.657746 0.0281852 -0.657746 
1 1 0 13.6997 0.1 4.11178 -1.0504 -3.56646 -1.0504 -3.56646 0.0280988 0.657639 0.0280988 -0.657639 
1 1 0 13.7047 0.1 4.11145 -1.05051 -3.56677 -1.05051 -3.56677 0.028015 0.657533 0.028015 -0.657533 
1 1 0 13.7097 0.1 4.11114 -1.05061 -3.56709 -1.05061 -3.56709 0.0279338 0.657427 0.0279338 -0.657427 
1 1 0 13.7147 0.1 4.11084 -1.05072 -3.5674 -1.05072 -3.5674 0.0278551 0.65732 0.0278551 -0.65732 
1 1 0 13.7197 0.1 4.11054 -1.05082 -3.56772 -1.05082 -3.56772 0.0277791 0.657213 0.0277791 -0.657213 
1 1 0 13.7247 0.1 4.11026 -1.05093 -3.56803 -1.05093 -3.56803 0.0277056 0.657107 0.0277056 -0.657107 
1 1 0 13.7297 0.1 4.10999 -1.05104 -3.56834 -1.05104 -3.56834 0.0276347 0.657 0.0276347 -0.657 
1 1 0 13.7346 0.1 4.10973 -1.05114 -3.56865 -1.05114 -3.56865 0.0275665 0.656893 0.0275665 -0.656893 
1 1 0 13.7396 0.1 4.10948 -1.05125 -3.56896 -1.05125 -3.56896 0.0275008 0.656786 0.0275008 -0.656786 
1 1 0 13.7446 0.1 4.10924 -1.05135 -3.56928 -1.05135 -3.56928 0.0274377 0.656678 0.0274377 -0.656678 
1 1 0 13.7496 0.1 4.10901 -1.05146 -3.56959 -1.05146 -3.56959 0.0273772 0.656571 0.0273772 -0.656571 
1 1 0 13.7546 0.1 4.10879 -1.05156 -3.56989 -1.05156 -3.56989 0.0273193 0.656464 0.0273193 -0.656464 
1 1 0 13.7596 0.1 4.10859 -1.05167 -3.5702 -1.05167 -3.5702 0.0272639 0.656356 0.0272639 -0.656356 
1 1 0 13.7646 0.1 4.10839 -1.05178 -3.57051 -1.05178 -3.57051 0.0272111 0.656249 0.0272111 -0.656249 
1 1 0 13.7696 0.1 4.1082 -1.05188 -3.57082 -1.05188 -3.57082 0.027161 0.656141 0.027161 -0.656141 
1 1 0 13.7746 0.1 4.10802 -1.05199 -3.57113 -1.05199 -3.57113 0.0271134 0.656033 0.0271134 -0.656033 
1 1 0 13.7796 0.1 4.10786 -1.05209 -3.57143 -1.05209 -3.57143 0.0270684 0.655925 0.0270684 -0.655925 
1 1 0 13.7845 0.1 4.1077 -1.0522 -3.57174 -1.0522 -3.57174 0.0270259 0.655817 0.0270259 -0.655817 
1 1 0 13.7895 0.1 4.10756 -1.0523 -3.57204 -1.0523 -3.57204 0.026986 0.655709 0.026986 -0.655709 
1 1 0 13.7945 0.1 4.10742 -1.05241 -3.57235 -1.05241 -3.57235 0.0269488 0.655601 0.0269488 -0.655601 
1 1 0 13.7995 0.1 4.1073 -1.05251 -3.57265 -1.05251 -3.57265 0.0269141 0.655492 0.0269141 -0.655492 
1 1 0 13.8045 0.1 4.10719 -1.05262 -3.57295 -1.05262 -3.57295 0.0268819 0.655384 0.0268819 -0.655384 
1 1 0 13.8095 0.1 4.10709 -1.05272 -3.57326 -1.05272 -3.57326 0.0268524 0.655276 0.0268524 -0.655276 
1 1 0 13.8145 0.1 4.10699 -1.05283 -3.57356 -1.05283 -3.57356 0.0268254 0.655167 0.0268254 -0.655167 
1 1 0 13.8195 0.1 4.10691 -1.05293 -3.57386 -1.05293 -3.57386 0.0268011 0.655058 0.0268011 -0.655058 
1 1 0 13.8245 0.1 4.10684 -1.05304 -3.57416 -1.05304 -3.57416 0.0267793 0.654949 0.0267793 -0.654949 
1 1 0 13.8294 0.1 4.10678 -1.05314 -3.57446 -1.05314 -3.57446 0.02676 0.65484 0.02676 -0.65484 
1 1 0 13.8344 0.1 4.10673 -1.05325 -3.57476 -1.05325 -3.57476 0.0267434 0.654731 0.0267434 -0.654731 
1 1 0 13.8394 0.1 4.10669 -1.05335 -3.57506 -1.05335 -3.57506 0.0267292 0.654622 0.0267292 -0.654622 
1 1 0 13.8444 0.1 4.10666 -1.05346 -3.57536 -1.05346 -3.57536 0.0267178 0.654513 0.0267178 -0.654513 
1 1 0 13.8494 0.1 4.10664 -1.05356 -3.57565 -1.05356 -3.57565 0.0267088 0.654404 0.0267088 -0.654404 
1 1 0 13.8544 0.1 4.10664 -1.05367 -3.57595 -1.05367 -3.57595 0.0267025 0.654294 0.0267025 -0.654294 
1 1 0 13.8594 0.1 4.10664 -1.05377 -3.57625 -1.05377 -3.57625 0.0266987 0.654185 0.0266987 -0.654185 
1 1 0 13.8644 0.1 4.10665 -1.05388 -3.57654 -1.05388 -3.57654 0.0266974 0.654075 0.0266974 -0.654075 
1 1 0 13.8694 0.1 4.10668 -1.05398 -3.57684 -1.05398 -3.57684 0.0266988 0.653966 0.0266988 -0.653966 
1 1 0 13.8744 0.1 4.10671 -1.05409 -3.57713 -1.05409 -3.57713 0.0267027 0.653856 0.0267027 -0.653856 
1 1 0 13.8793 0.1 4.10676 -1.05419 -3.57742 -1.05419 -3.57742 0.0267092 0.653746 0.0267092 -0.653746 
1 1 0 13.8843 0.1 4.10681 -1.0543 -3.57772 -1.0543 -3.57772 0.0267183 0.653636 0.0267183 -0.653636 
1 1 0 13.8893 0.1 4.10688 -1.0544 -3.57801 -1.0544 -3.57801 0.0267299 0.653526 0.0267299 -0.653526 
1 1 0 13.8943 0.1 4.10695 -1.05451 -3.5783 -1.05451 -3.5783 0.0267441 0.653416 0.0267441 -0.653416 
1 1 0 13.8993 0.1 4.10704 -1.05461 -3.57859 -1.05461 -3.57859 0.0267609 0.653306 0.0267609 -0.653306 
1 1 0 13.9043 0.1 4.10714 -1.05472 -3.57888 -1.05472 -3.57888 0.0267802 0.653195 0.0267802 -0.653195 
1 1 0 13.9093 0.1 4.10725 -1.05482 -3.57917 -1.05482 -3.57917 0.0268021 0.653085 0.0268021 -0.653085 
1 1 0 13.9143 0.1 4.10737 -1.05492 -3.57946 -1.05492 -3.57946 0.0268266 0.652974 0.0268266 -0.652974 
1 1 0 13.9193 0.1 4.1075 -1.05503 -3.57975 -1.05503 -3.57975 0.0268536 0.652864 0.0268536 -0.652864 
1 1 0 13.9243 0.1 4.10764 -1.05513 -3.58003 -1.05513 -3.58003 0.0268832 0.652753 0.0268832 -0.652753 
1 1 0 13.9293 0.1 4.10779 -1.05524 -3.58032 -1.05524 -3.58032 0.0269154 0.652642 0.0269154 -0.652642 
1 1 0 13.9342 0.1 4.10795 -1.05534 -3.58061 -1.05534 -3.58061 0.0269501 0.652531 0.0269501 -0.652531 
1 1 0 13.9392 0.1 4.10812 -1.05545 -3.58089 -1.05545 -3.58089 0.0269875 0.65242 0.0269875 -0.65242 
1 1 0 13.9442 0.1 4.1083 -1.05555 -3.58118 -1.05555 -3.58118 0.0270273 0.652309 0.0270273 -0.652309 
1 1 0 13.9492 0.1 4.1085 -1.05565 -3.58146 -1.05565 -3.58146 0.0270697 0.652198 0.0270697 -0.652198 
1 1 0 13.9542 0.1 4.1087 -1.05576 -3.58175 -1.05576 -3.58175 0.0271147 0.652086 0.0271147 -0.652086 
1 1 0 13.9592 0.1 4.10892 -1.05586 -3.58203 -1.05586 -3.58203 0.0271623 0.651975 0.0271623 -0.651975 
1 1 0 13.9642 0.1 4.10914 -1.05597 -3.58231 -1.05597 -3.58231 0.0272124 0.651863 0.0272124 -0.651863 
1 1 0 13.9692 0.1 4.10938 -1.05607 -3.58259 -1.05607 -3.58259 0.0272651 0.651752 0.0272651 -0.651752 
1 1 0 13.9742 0.1 4.10962 -1.05618 -3.58287 -1.05618 -3.58287 0.0273203 0.65164 0.0273203 -0.65164 
1 1 0 13.9792 0.1 4.10988 -1.05628 -3.58315 -1.05628 -3.58315 0.0273781 0.651528 0.0273781 -0.651528 
1 1 0 13.9842 0.1 4.11015 -1.05638 -3.58343 -1.05638 -3.58343 0.0274386 0.651416 0.0274386 -0.651416 
1 1 0 13.9891 0.1 4.11043 -1.05649 -3.58371 -1.05649 -3.58371 0.0275014 0.651304 0.0275014 -0.651304 
1 1 0 13.9941 0.1 4.11072 -1.05659 -3.58399 -1.05659 -3.58399 0.0275669 0.651192 0.0275669 -0.651192 
1 1 0 13.9991 0.1 4.11102 -1.05669 -3.58427 -1.05669 -3.58427 0.0276349 0.651079 0.0276349 -0.651079 
1 1 0 14.0041 0.1 4.11133 -1.0568 -3.58454 -1.0568 -3.58454 0.0277056 0.650967 0.0277056 -0.650967 
1 1 0 14.0091 0.1 4.11165 -1.0569 -3.58482 -1.0569 -3.58482 0.0277788 0.650854 0.0277788 -0.650854 
1 1 0 14.0141 0.1 4.11198 -1.05701 -3.58509 -1.05701 -3.58509 0.0278545 0.650742 0.0278545 -0.650742 
1 1 0 14.0191 0.1 4.11233 -1.05711 -3.58537 -1.05711 -3.58537 0.0279328 0.650629 0.0279328 -0.650629 
1 1 0 14.0241 0.1 4.11268 -1.05721 -3.58564 -1.05721 -3.58564 0.0280137 0.650516 0.0280137 -0.650516 
1 1 0 14.0291 0.1 4.11305 -1.05732 -3.58592 -1.05732 -3.58592 0.0280971 0.650403 0.0280971 -0.650403 
1 1 0 14.0341 0.1 4.11342 -1.05742 -3.58619 -1.05742 -3.58619 0.028183 0.65029 0.028183 -0.65029 
1 1 0 14.0391 0.1 4.11381 -1.05752 -3.58646 -1.05752 -3.58646 0.0282716 0.650177 0.0282716 -0.650177 
1 1 0 14.0441 0.1 4.1142 -1.05763 -3.58673 -1.05763 -3.58673 0.0283627 0.650064 0.0283627 -0.650064 
1 1 0 14.049 0.1 4.11461 -1.05773 -3.587 -1.05773 -3.587 0.0284563 0.64995 0.0284563 -0.64995 
1 1 0 14.054 0.1 4.11503 -1.05783 -3.58727 -1.05783 -3.58727 0.0285525 0.649837 0.0285525 -0.649837 
1 1 0 14.059 0.1 4.11546 -1.05794 -3.58754 -1.05794 -3.58754 0.0286513 0.649723 0.0286513 -0.649723 
1 1 0 14.064 0.1 4.1159 -1.05804 -3.58781 -1.05804 -3.58781 0.0287526 0.649609 0.0287526 -0.649609 
1 1 0 14.069 0.1 4.11635 -1.05814 -3.58808 -1.05814 -3.58808 0.0288564 0.649495 0.0288564 -0.649495 
1 1 0 14.074 0.1 4.11681 -1.05825 -3.58834 -1.05825 -3.58834 0.0289629 0.649381 0.0289629 -0.649381 
1 1 0 14.079 0.1 4.11729 -1.05835 -3.58861 -1.05835 -3.58861 0.029072 0.649267 0.029072 -0.649267 
1 1 0 14.084 0.1 4.11777 -1.05845 -3.58887 -1.05845 -3.58887 0.0291835 0.649153 0.0291835 -0.649153 
1 1 0 14.089 0.1 4.11827 -1.05856 -3.58914 -1.05856 -3.58914 0.0292976 0.649039 0.0292976 -0.649039 
1 1 0 14.094 0.1 4.11877 -1.05866 -3.5894 -1.05866 -3.5894 0.0294142 0.648924 0.0294142 -0.648924 
1 1 0 14.099 0.1 4.11929 -1.05876 -3.58967 -1.05876 -3.58967 0.0295335 0.648809 0.0295335 -0.648809 
1 1 0 14.104 0.1 4.11982 -1.05887 -3.58993 -1.05887 -3.58993 0.0296552 0.648695 0.0296552 -0.648695 
1 1 0 14.1089 0.1 4.12036 -1.05897 -3.59019 -1.05897 -3.59019 0.0297796 0.64858 0.0297796 -0.64858 
1 1 0 14.1139 0.1 4.1209 -1.05907 -3.59045 -1.05907 -3.59045 0.0299065 0.648465 0.0299065 -0.648465 
1 1 0 14.1189 0.1 4.12147 -1.05917 -3.59071 -1.05917 -3.59071 0.0300359 0.64835 0.0300359 -0.64835 
1 1 0 14.1239 0.1 4.12204 -1.05928 -3.59097 -1.05928 -3.59097 0.0301679 0.648234 0.0301679 -0.648234 
1 1 0 14.1289 0.1 4.12262 -1.05938 -3.59123 -1.05938 -3.59123 0.0303024 0.648119 0.0303024 -0.648119 
1 1 0 14.1339 0.1 4.12321 -1.05948 -3.59149 -1.05948 -3.59149 0.0304396 0.648003 0.0304396 -0.648003 
1 1 0 14.1389 0.1 4.12382 -1.05959 -3.59175 -1.05959 -3.59175 0.0305793 0.647887 0.0305793 -0.647887 
1 1 0 14.1439 0.1 4.12443 -1.05969 -3.592 -1.05969 -3.592 0.0307215 0.647771 0.0307215 -0.647771 
1 1 0 14.1489 0.1 4.12506 -1.05979 -3.59226 -1.05979 -3.59226 0.0308663 0.647655 0.0308663 -0.647655 
1 1 0 14.1539 0.1 4.1257 -1.05989 -3.59251 -1.05989 -3.59251 0.0310137 0.647539 0.0310137 -0.647539 
1 1 0 14.1589 0.1 4.12635 -1.06 -3.59277 -1.06 -3.59277 0.0311636 0.647423 0.0311636 -0.647423 
1 1 0 14.1639 0.1 4.12701 -1.0601 -3.59302 -1.0601 -3.59302 0.031316 0.647306 0.031316 -0.647306 
1 1 0 14.1689 0.1 4.12768 -1.0602 -3.59328 -1.0602 -3.59328 0.031471 0.64719 0.031471 -0.64719 
1 1 0 14.1738 0.1 4.12836 -1.0603 -3.59353 -1.0603 -3.59353 0.0316286 0.647073 0.0316286 -0.647073 
1 1 0 14.1788 0.1 4.12906 -1.06041 -3.59378 -1.06041 -3.59378 0.0317887 0.646956 0.0317887 -0.646956 
1 1 0 14.1838 0.1 4.12976 -1.06051 -3.59403 -1.06051 -3.59403 0.0319514 0.646839 0.0319514 -0.646839 
1 1 0 14.1888 0.1 4.13048 -1.06061 -3.59428 -1.06061 -3.59428 0.0321166 0.646721 0.0321166 -0.646721 
1 1 0 14.1938 0.1 4.13121 -1.06071 -3.59453 -1.06071 -3.59453 0.0322845 0.646604 0.0322845 -0.646604 
1 1 0 14.1988 0.1 4.13194 -1.06082 -3.59478 -1.06082 -3.59478 0.0324548 0.646486 0.0324548 -0.646486 
1 1 0 14.2038 0.1 4.13269 -1.06092 -3.59503 -1.06092 -3.59503 0.0326277 0.646368 0.0326277 -0.646368 
1 1 0 14.2088 0.1 4.13346 -1.06102 -3.59527 -1.06102 -3.59527 0.0328032 0.646251 0.0328032 -0.646251 
1 1 0 14.2138 0.1 4.13423 -1.06112 -3.59552 -1.06112 -3.59552 0.0329812 0.646132 0.0329812 -0.646132 
1 1 0 14.2188 0.1 4.13501 -1.06122 -3.59577 -1.06122 -3.59577 0.0331618 0.646014 0.0331618 -0.646014 
1 1 0 14.2238 0.1 4.13581 -1.06133 -3.59601 -1.06133 -3.59601 0.0333449 0.645896 0.0333449 -0.645896 
1 1 0 14.2288 0.1 4.13661 -1.06143 -3.59625 -1.06143 -3.59625 0.0335306 0.645777 0.0335306 -0.645777 
1 1 0 14.2338 0.1 4.13743 -1.06153 -3.5965 -1.06153 -3.5965 0.0337189 0.645658 0.0337189 -0.645658 
1 1 0 14.2388 0.1 4.13826 -1.06163 -3.59674 -1.06163 -3.59674 0.0339097 0.645539 0.0339097 -0.645539 
1 1 0 14.2437 0.1 4.1391 -1.06174 -3.59698 -1.06174 -3.59698 0.0341031 0.64542 0.0341031 -0.64542 
1 1 0 14.2487 0.1 4.13995 -1.06184 -3.59722 -1.06184 -3.59722 0.0342991 0.6453 0.0342991 -0.6453 
1 1 0 14.2537 0.1 4.14082 -1.06194 -3.59746 -1.06194 -3.59746 0.0344975 0.645181 0.0344975 -0.645181 
1 1 0 14.2587 0.1 4.14169 -1.06204 -3.5977 -1.06204 -3.5977 0.0346986 0.645061 0.0346986 -0.645061 
1 1 0 14.2637 0.1 4.14258 -1.06214 -3.59794 -1.06214 -3.59794 0.0349022 0.644941 0.0349022 -0.644941 
1 1 0 14.2687 0.1 4.14348 -1.06224 -3.59818 -1.06224 -3.59818 0.0351084 0.644821 0.0351084 -0.644821 
1 1 0 14.2737 0.1 4.14439 -1.06235 -3.59842 -1.06235 -3.59842 0.0353171 0.6447 0.0353171 -0.6447 
1 1 0 14.2787 0.1 4.14531 -1.06245 -3.59865 -1.06245 -3.59865 0.0355284 0.64458 0.0355284 -0.64458 
1 1 0 14.2837 0.1 4.14624 -1.06255 -3.59889 -1.06255 -3.59889 0.0357423 0.644459 0.0357423 -0.644459 
1 1 0 14.2887 0.1 4.14719 -1.06265 -3.59912 -1.06265 -3.59912 0.0359587 0.644338 0.0359587 -0.644338 
1 1 0 14.2937 0.1 4.14814 -1.06275 -3.59936 -1.06275 -3.59936 0.0361776 0.644217 0.0361776 -0.644217 
1 1 0 14.2987 0.1 4.14911 -1.06285 -3.59959 -1.06285 -3.59959 0.0363992 0.644095 0.0363992 -0.644095 
1 1 0 14.3037 0.1 4.15009 -1.06296 -3.59982 -1.06296 -3.59982 0.0366233 0.643974 0.0366233 -0.643974 
1 1 0 14.3087 0.1 4.15108 -1.06306 -3.60005 -1.06306 -3.60005 0.03685 0.643852 0.03685 -0.643852 
1 1 0 14.3137 0.1 4.15209 -1.06316 -3.60028 -1.06316 -3.60028 0.0370792 0.64373 0.0370792 -0.64373 
1 1 0 14.3186 0.1 4.1531 -1.06326 -3.60051 -1.06326 -3.60051 0.037311 0.643607 0.037311 -0.643607 
1 1 0 14.3236 0.1 4.15413 -1.06336 -3.60074 -1.06336 -3.60074 0.0375454 0.643485 0.0375454 -0.643485 
1 1 0 14.3286 0.1 4.15517 -1.06346 -3.60097 -1.06346 -3.60097 0.0377823 0.643362 0.0377823 -0.643362 
1 1 0 14.3336 0.1 4.15622 -1.06356 -3.6012 -1.06356 -3.6012 0.0380217 0.643239 0.0380217 -0.643239 
1 1 0 14.3386 0.1 4.15728 -1.06366 -3.60143 -1.06366 -3.60143 0.0382638 0.643116 0.0382638 -0.643116 
1 1 0 14.3436 0.1 4.15836 -1.06377 -3.60165 -1.06377 -3.60165 0.0385084 0.642992 0.0385084 -0.642992 
1 1 0 14.3486 0.1 4.15944 -1.06387 -3.60188 -1.06387 -3.60188 0.0387556 0.642869 0.0387556 -0.642869 
1 1 0 14.3536 0.1 4.16054 -1.06397 -3.6021 -1.06397 -3.6021 0.0390054 0.642745 0.0390054 -0.642745 
1 1 0 14.3586 0.1 4.16165 -1.06407 -3.60233 -1.06407 -3.60233 0.0392576 0.64262 0.0392576 -0.64262 
1 1 0 14.3636 0.1 4.16277 -1.06417 -3.60255 -1.06417 -3.60255 0.0395126 0.642496 0.0395126 -0.642496 
1 1 0 14.3686 0.1 4.16391 -1.06427 -3.60277 -1.06427 -3.60277 0.03977 0.642371 0.03977 -0.642371 
1 1 0 14.3736 0.1 4.16505 -1.06437 -3.60299 -1.06437 -3.60299 0.0400301 0.642246 0.0400301 -0.642246 
1 1 0 14.3786 0.1 4.16621 -1.06447 -3.60321 -1.06447 -3.60321 0.0402926 0.642121 0.0402926 -0.642121 
1 1 0 14.3836 0.1 4.16738 -1.06457 -3.60343 -1.06457 -3.60343 0.0405578 0.641995 0.0405578 -0.641995 
1 1 0 14.3886 0.1 4.16856 -1.06467 -3.60365 -1.06467 -3.60365 0.0408255 0.641869 0.0408255 -0.641869 
1 1 0 14.3936 0.1 4.16976 -1.06478 -3.60387 -1.06478 -3.60387 0.0410958 0.641743 0.0410958 -0.641743 
1 1 0 14.3986 0.1 4.17097 -1.06488 -3.60408 -1.06488 -3.60408 0.0413687 0.641617 0.0413687 -0.641617 
1 1 0 14.4035 0.1 4.17219 -1.06498 -3.6043 -1.06498 -3.6043 0.0416442 0.64149 0.0416442 -0.64149 
1 1 0 14.4085 0.1 4.17342 -1.06508 -3.60452 -1.06508 -3.60452 0.0419222 0.641363 0.0419222 -0.641363 
1 1 0 14.4135 0.1 4.17466 -1.06518 -3.60473 -1.06518 -3.60473 0.0422027 0.641236 0.0422027 -0.641236 
1 1 0 14.4185 0.1 4.17592 -1.06528 -3.60494 -1.06528 -3.60494 0.0424859 0.641109 0.0424859 -0.641109 
1 1 0 14.4235 0.1 4.17719 -1.06538 -3.60516 -1.06538 -3.60516 0.0427716 0.640981 0.0427716 -0.640981 
1 1 0 14.4285 0.1 4.17847 -1.06548 -3.60537 -1.06548 -3.60537 0.04306 0.640853 0.04306 -0.640853 
1 1 0 14.4335 0.1 4.17976 -1.06558 -3.60558 -1.06558 -3.60558 0.0433509 0.640724 0.0433509 -0.640724 
1 1 0 14.4385 0.1 4.18107 -1.06568 -3.60579 -1.06568 -3.60579 0.0436444 0.640596 0.0436444 -0.640596 
1 1 0 14.4435 0.1 4.18239 -1.06578 -3.606 -1.06578 -3.606 0.0439404 0.640467 0.0439404 -0.640467 
1 1 0 14.4485 0.1 4.18372 -1.06588 -3.60621 -1.06588 -3.60621 0.0442391 0.640337 0.0442391 -0.640337 
1 1 0 14.4535 0.1 4.18506 -1.06598 -3.60641 -1.06598 -3.60641 0.0445403 0.640208 0.0445403 -0.640208 
1 1 0 14.4585 0.1 4.18642 -1.06608 -3.60662 -1.06608 -3.60662 0.0448441 0.640078 0.0448441 -0.640078 
1 1 0 14.4635 0.1 4.18779 -1.06618 -3.60683 -1.06618 -3.60683 0.0451505 0.639948 0.0451505 -0.639948 
1 1 0 14.4685 0.1 4.18917 -1.06628 -3.60703 -1.06628 -3.60703 0.0454594 0.639817 0.0454594 -0.639817 
1 1 0 14.4735 0.1 4.19056 -1.06638 -3.60724 -1.06638 -3.60724 0.0457709 0.639686 0.0457709 -0.639686 
1 1 0 14.4785 0.1 4.19197 -1.06648 -3.60744 -1.06648 -3.60744 0.0460851 0.639555 0.0460851 -0.639555 
1 1 0 14.4835 0.1 4.19339 -1.06658 -3.60764 -1.06658 -3.60764 0.0464017 0.639423 0.0464017 -0.639423 
1 1 0 14.4885 0.1 4.19482 -1.06668 -3.60784 -1.06668 -3.60784 0.046721 0.639291 0.046721 -0.639291 
1 1 0 14.4934 0.1 4.19627 -1.06678 -3.60805 -1.06678 -3.60805 0.047043 0.639159 0.047043 -0.639159 
1 1 0 14.4984 0.1 4.19773 -1.06688 -3.60824 -1.06688 -3.60824 0.0473674 0.639026 0.0473674 -0.639026 
1 1 0 14.5034 0.1 4.1992 -1.06698 -3.60844 -1.06698 -3.60844 0.0476945 0.638893 0.0476945 -0.638893 
1 1 0 14.5084 0.1 4.20068 -1.06708 -3.60864 -1.06708 -3.60864 0.0480241 0.63876 0.0480241 -0.63876 
1 1 0 14.5134 0.1 4.20218 -1.06718 -3.60884 -1.06718 -3.60884 0.0483564 0.638626 0.0483564 -0.638626 
1 1 0 14.5184 0.1 4.20369 -1.06728 -3.60904 -1.06728 -3.60904 0.0486912 0.638492 0.0486912 -0.638492 
1 1 0 14.5234 0.1 4.20521 -1.06738 -3.60923 -1.06738 -3.60923 0.0490285 0.638357 0.0490285 -0.638357 
1 1 0 14.5284 0.1 4.20675 -1.06748 -3.60943 -1.06748 -3.60943 0.0493686 0.638222 0.0493686 -0.638222 
1 1 0 14.5334 0.1 4.2083 -1.06758 -3.60962 -1.06758 -3.60962 0.0497112 0.638087 0.0497112 -0.638087 
1 1 0 14.5384 0.1 4.20986 -1.06768 -3.60981 -1.06768 -3.60981 0.0500564 0.637951 0.0500564 -0.637951 
1 1 0 14.5434 0.1 4.21144 -1.06778 -3.61 -1.06778 -3.61 0.0504042 0.637815 0.0504042 -0.637815 
1 1 0 14.5484 0.1 4.21303 -1.06788 -3.61019 -1.06788 -3.61019 0.0507547 0.637679 0.0507547 -0.637679 
1 1 0 14.5534 0.1 4.21463 -1.06798 -3.61038 -1.06798 -3.61038 0.0511076 0.637542 0.0511076 -0.637542 
1 1 0 14.5584 0.1 4.21625 -1.06808 -3.61057 -1.06808 -3.61057 0.0514632 0.637405 0.0514632 -0.637405 
1 1 0 14.5634 0.1 4.21787 -1.06818 -3.61076 -1.06818 -3.61076 0.0518214 0.637267 0.0518214 -0.637267 
1 1 0 14.5684 0.1 4.21952 -1.06828 -3.61095 -1.06828 -3.61095 0.0521822 0.637129 0.0521822 -0.637129 
1 1 0 14.5734 0.1 4.22117 -1.06838 -3.61114 -1.06838 -3.61114 0.0525456 0.63699 0.0525456 -0.63699 
1 1 0 14.5784 0.1 4.22284 -1.06848 -3.61132 -1.06848 -3.61132 0.0529116 0.636851 0.0529116 -0.636851 
1 1 0 14.5834 0.1 4.22453 -1.06857 -3.61151 -1.06857 -3.61151 0.0532803 0.636712 0.0532803 -0.636712 
1 1 0 14.5884 0.1 4.22623 -1.06867 -3.61169 -1.06867 -3.61169 0.0536515 0.636572 0.0536515 -0.636572 
1 1 0 14.5934 0.1 4.22794 -1.06877 -3.61187 -1.06877 -3.61187 0.0540253 0.636432 0.0540253 -0.636432 
1 1 0 14.5984 0.1 4.22966 -1.06887 -3.61205 -1.06887 -3.61205 0.0544019 0.636291 0.0544019 -0.636291 
1 1 0 14.6033 0.1 4.2314 -1.06897 -3.61223 -1.06897 -3.61223 0.0547808 0.63615 0.0547808 -0.63615 
1 1 0 14.6083 0.1 4.23315 -1.06907 -3.61241 -1.06907 -3.61241 0.0551624 0.636009 0.0551624 -0.636009 
1 1 0 14.6133 0.1 4.23492 -1.06917 -3.61259 -1.06917 -3.61259 0.0555468 0.635867 0.0555468 -0.635867 
1 1 0 14.6183 0.1 4.2367 -1.06927 -3.61277 -1.06927 -3.61277 0.0559337 0.635724 0.0559337 -0.635724 
1 1 0 14.6233 0.1 4.23849 -1.06937 -3.61295 -1.06937 -3.61295 0.0563232 0.635581 0.0563232 -0.635581 
1 1 0 14.6283 0.1 4.2403 -1.06947 -3.61312 -1.06947 -3.61312 0.0567153 0.635437 0.0567153 -0.635437 
1 1 0 14.6333 0.1 4.24212 -1.06956 -3.6133 -1.06956 -3.6133 0.0571101 0.635294 0.0571101 -0.635294 
1 1 0 14.6383 0.1 4.24396 -1.06966 -3.61347 -1.06966 -3.61347 0.0575075 0.635149 0.0575075 -0.635149 
1 1 0 14.6433 0.1 4.24581 -1.06976 -3.61365 -1.06976 -3.61365 0.0579075 0.635004 0.0579075 -0.635004 
1 1 0 14.6483 0.1 4.24767 -1.06986 -3.61382 -1.06986 -3.61382 0.0583101 0.634859 0.0583101 -0.634859 
1 1 0 14.6533 0.1 4.24955 -1.06996 -3.61399 -1.06996 -3.61399 0.0587153 0.634713 0.0587153 -0.634713 
1 1 0 14.6583 0.1 4.25145 -1.07006 -3.61416 -1.07006 -3.61416 0.0591233 0.634566 0.0591233 -0.634566 
1 1 0 14.6633 0.1 4.25335 -1.07016 -3.61433 -1.07016 -3.61433 0.0595337 0.634419 0.0595337 -0.634419 
1 1 0 14.6683 0.1 4.25528 -1.07026 -3.6145 -1.07026 -3.6145 0.0599468 0.634272 0.0599468 -0.634272 
1 1 0 14.6733 0.1 4.25721 -1.07035 -3.61466 -1.07035 -3.61466 0.0603626 0.634124 0.0603626 -0.634124 
1 1 0 14.6783 0.1 4.25916 -1.07045 -3.61483 -1.07045 -3.61483 0.060781 0.633975 0.060781 -0.633975 
1 1 0 14.6833 0.1 4.26113 -1.07055 -3.615 -1.07055 -3.615 0.061202 0.633826 0.061202 -0.633826 
1 1 0 14.6883 0.1 4.26311 -1.07065 -3.61516 -1.07065 -3.61516 0.0616257 0.633677 0.0616257 -0.633677 
1 1 0 14.6933 0.1 4.2651 -1.07075 -3.61532 -1.07075 -3.61532 0.062052 0.633526 0.062052 -0.633526 
1 1 0 14.6983 0.1 4.26711 -1.07085 -3.61549 -1.07085 -3.61549 0.062481 0.633376 0.062481 -0.633376 
1 1 0 14.7033 0.1 4.26914 -1.07094 -3.61565 -1.07094 -3.61565 0.0629126 0.633224 0.0629126 -0.633224 
1 1 0 14.7083 0.1 4.27118 -1.07104 -3.61581 -1.07104 -3.61581 0.0633468 0.633073 0.0633468 -0.633073 
1 1 0 14.7133 0.1 4.27323 -1.07114 -3.61597 -1.07114 -3.61597 0.0637837 0.63292 0.0637837 -0.63292 
1 1 0 14.7183 0.1 4.2753 -1.07124 -3.61613 -1.07124 -3.61613 0.0642232 0.632767 0.0642232 -0.632767 
1 1 0 14.7233 0.1 4.27739 -1.07134 -3.61628 -1.07134 -3.61628 0.0646654 0.632614 0.0646654 -0.632614 
1 1 0 14.7283 0.1 4.27949 -1.07143 -3.61644 -1.07143 -3.61644 0.0651102 0.632459 0.0651102 -0.632459 
1 1 0 14.7332 0.1 4.2816 -1.07153 -3.6166 -1.07153 -3.6166 0.0655576 0.632305 0.0655576 -0.632305 
1 1 0 14.7382 0.1 4.28373 -1.07163 -3.61675 -1.07163 -3.61675 0.0660078 0.632149 0.0660078 -0.632149 
1 1 0 14.7432 0.1 4.28588 -1.07173 -3.6169 -1.07173 -3.6169 0.0664606 0.631993 0.0664606 -0.631993 
1 1 0 14.7482 0.1 4.28804 -1.07183 -3.61706 -1.07183 -3.61706 0.0669161 0.631837 0.0669161 -0.631837 
1 1 0 14.7532 0.1 4.29021 -1.07192 -3.61721 -1.07192 -3.61721 0.0673741 0.631679 0.0673741 -0.631679 
1 1 0 14.7582 0.1 4.2924 -1.07202 -3.61736 -1.07202 -3.61736 0.0678349 0.631521 0.0678349 -0.631521 
1 1 0 14.7632 0.1 4.29461 -1.07212 -3.61751 -1.07212 -3.61751 0.0682984 0.631363 0.0682984 -0.631363 
1 1 0 14.7682 0.1 4.29683 -1.07222 -3.61766 -1.07222 -3.61766 0.0687645 0.631204 0.0687645 -0.631204 
1 1 0 14.7732 0.1 4.29907 -1.07232 -3.6178 -1.07232 -3.6178 0.0692333 0.631044 0.0692333 -0.631044 
1 1 0 14.7782 0.1 4.30133 -1.07241 -3.61795 -1.07241 -3.61795 0.0697047 0.630884 0.0697047 -0.630884 
1 1 0 14.7832 0.1 4.3036 -1.07251 -3.61809 -1.07251 -3.61809 0.0701788 0.630723 0.0701788 -0.630723 
1 1 0 14.7882 0.1 4.30588 -1.07261 -3.61824 -1.07261 -3.61824 0.0706556 0.630561 0.0706556 -0.630561 
1 1 0 14.7932 0.1 4.30818 -1.07271 -3.61838 -1.07271 -3.61838 0.071135 0.630398 0.071135 -0.630398 
1 1 0 14.7982 0.1 4.3105 -1.0728 -3.61852 -1.0728 -3.61852 0.0716172 0.630235 0.0716172 -0.630235 
1 1 0 14.8032 0.1 4.31284 -1.0729 -3.61866 -1.0729 -3.61866 0.0721021 0.630071 0.0721021 -0.630071 
1 1 0 14.8082 0.1 4.31519 -1.073 -3.6188 -1.073 -3.6188 0.0725896 0.629907 0.0725896 -0.629907 
1 1 0 14.8132 0.1 4.31755 -1.0731 -3.61894 -1.0731 -3.61894 0.0730798 0.629742 0.0730798 -0.629742 
1 1 0 14.8182 0.1 4.31993 -1.07319 -3.61908 -1.07319 -3.61908 0.0735727 0.629576 0.0735727 -0.629576 
1 1 0 14.8232 0.1 4.32233 -1.07329 -3.61922 -1.07329 -3.61922 0.0740682 0.629409 0.0740682 -0.629409 
1 1 0 14.8282 0.1 4.32475 -1.07339 -3.61935 -1.07339 -3.61935 0.0745665 0.629242 0.0745665 -0.629242 
1 1 0 14.8332 0.1 4.32718 -1.07348 -3.61949 -1.07348 -3.61949 0.0750675 0.629074 0.0750675 -0.629074 
1 1 0 14.8382 0.1 4.32963 -1.07358 -3.61962 -1.07358 -3.61962 0.0755712 0.628905 0.0755712 -0.628905 
1 1 0 14.8432 0.1 4.33209 -1.07368 -3.61975 -1.07368 -3.61975 0.0760774 0.628735 0.0760774 -0.628735 
1 1 0 14.8482 0.1 4.33458 -1.07378 -3.61988 -1.07378 -3.61988 0.0765866 0.628565 0.0765866 -0.628565 
1 1 0 14.8532 0.1 4.33707 -1.07387 -3.62001 -1.07387 -3.62001 0.0770984 0.628394 0.0770984 -0.628394 
1 1 0 14.8582 0.1 4.33959 -1.07397 -3.62014 -1.07397 -3.62014 0.0776129 0.628222 0.0776129 -0.628222 
1 1 0 14.8632 0.1 4.34212 -1.07407 -3.62027 -1.07407 -3.62027 0.07813 0.628049 0.07813 -0.628049 
1 1 0 14.8682 0.1 4.34467 -1.07416 -3.6204 -1.07416 -3.6204 0.0786499 0.627876 0.0786499 -0.627876 
1 1 0 14.8732 0.1 4.34724 -1.07426 -3.62052 -1.07426 -3.62052 0.0791725 0.627702 0.0791725 -0.627702 
1 1 0 14.8782 0.1 4.34982 -1.07436 -3.62065 -1.07436 -3.62065 0.0796979 0.627526 0.0796979 -0.627526 
1 1 0 14.8832 0.1 4.35242 -1.07445 -3.62077 -1.07445 -3.62077 0.0802259 0.627351 0.0802259 -0.627351 
1 1 0 14.8882 0.1 4.35504 -1.07455 -3.62089 -1.07455 -3.62089 0.0807568 0.627174 0.0807568 -0.627174 
1 1 0 14.8932 0.1 4.35768 -1.07465 -3.62101 -1.07465 -3.62101 0.0812902 0.626996 0.0812902 -0.626996 
1 1 0 14.8982 0.1 4.36033 -1.07474 -3.62113 -1.07474 -3.62113 0.0818264 0.626818 0.0818264 -0.626818 
1 1 0 14.9032 0.1 4.363 -1.07484 -3.62125 -1.07484 -3.62125 0.0823655 0.626639 0.0823655 -0.626639 
1 1 0 14.9081 0.1 4.36569 -1.07494 -3.62137 -1.07494 -3.62137 0.0829072 0.626459 0.0829072 -0.626459 
1 1 0 14.9131 0.1 4.3684 -1.07503 -3.62149 -1.07503 -3.62149 0.0834515 0.626278 0.0834515 -0.626278 
1 1 0 14.9181 0.1 4.37112 -1.07513 -3.6216 -1.07513 -3.6216 0.0839987 0.626096 0.0839987 -0.626096 
1 1 0 14.9231 0.1 4.37387 -1.07523 -3.62172 -1.07523 -3.62172 0.0845487 0.625914 0.0845487 -0.625914 
1 1 0 14.9281 0.1 4.37663 -1.07532 -3.62183 -1.07532 -3.62183 0.0851013 0.62573 0.0851013 -0.62573 
1 1 0 14.9331 0.1 4.37941 -1.07542 -3.62194 -1.07542 -3.62194 0.0856567 0.625546 0.0856567 -0.625546 
1 1 0 14.9381 0.1 4.3822 -1.07552 -3.62205 -1.07552 -3.62205 0.0862149 0.625361 0.0862149 -0.625361 
1 1 0 14.9431 0.1 4.38502 -1.07561 -3.62216 -1.07561 -3.62216 0.0867758 0.625175 0.0867758 -0.625175 
1 1 0 14.9481 0.1 4.38785 -1.07571 -3.62227 -1.07571 -3.62227 0.0873395 0.624988 0.0873395 -0.624988 
1 1 0 14.9531 0.1 4.39071 -1.0758 -3.62238 -1.0758 -3.62238 0.087906 0.6248 0.087906 -0.6248 
1 1 0 14.9581 0.1 4.39358 -1.0759 -3.62248 -1.0759 -3.62248 0.0884752 0.624611 0.0884752 -0.624611 
1 1 0 14.9631 0.1 4.39647 -1.076 -3.62259 -1.076 -3.62259 0.0890472 0.624421 0.0890472 -0.624421 
1 1 0 14.9681 0.1 4.39938 -1.07609 -3.62269 -1.07609 -3.62269 0.0896219 0.62423 0.0896219 -0.62423 
1 1 0 14.9731 0.1 4.4023 -1.07619 -3.62279 -1.07619 -3.62279 0.0901994 0.624038 0.0901994 -0.624038 
1 1 0 14.9781 0.1 4.40525 -1.07628 -3.62289 -1.07628 -3.62289 0.0907796 0.623845 0.0907796 -0.623845 
1 1 0 14.9831 0.1 4.40822 -1.07638 -3.62299 -1.07638 -3.62299 0.0913628 0.623652 0.0913628 -0.623652 
1 1 0 14.9881 0.1 4.4112 -1.07648 -3.62309 -1.07648 -3.62309 0.0919486 0.623457 0.0919486 -0.623457 
1 1 0 14.9931 0.1 4.41421 -1.07657 -3.62319 -1.07657 -3.62319 0.0925373 0.623261 0.0925373 -0.623261 
1 1 0 14.9981 0.1 4.41723 -1.07667 -3.62329 -1.07667 -3.62329 0.0931287 0.623065 0.0931287 -0.623065 
1 1 0 15.0031 0.1 4.42028 -1.07676 -3.62338 -1.07676 -3.62338 0.0937229 0.622867 0.0937229 -0.622867 
1 1 0 15.0081 0.1 4.42334 -1.07686 -3.62348 -1.07686 -3.62348 0.09432 0.622668 0.09432 -0.622668 
1 1 0 15.0131 0.1 4.42642 -1.07695 -3.62357 -1.07695 -3.62357 0.0949198 0.622468 0.0949198 -0.622468 
1 1 0 15.0181 0.1 4.42953 -1.07705 -3.62366 -1.07705 -3.62366 0.0955225 0.622267 0.0955225 -0.622267 
1 1 0 15.0231 0.1 4.43265 -1.07715 -3.62375 -1.07715 -3.62375 0.0961279 0.622066 0.0961279 -0.622066 
1 1 0 15.0281 0.1 4.43579 -1.07724 -3.62384 -1.07724 -3.62384 0.0967361 0.621863 0.0967361 -0.621863 
1 1 0 15.0331 0.1 4.43895 -1.07734 -3.62393 -1.07734 -3.62393 0.0973472 0.621658 0.0973472 -0.621658 
1 1 0 15.0381 0.1 4.44214 -1.07743 -3.62401 -1.07743 -3.62401 0.0979611 0.621453 0.0979611 -0.621453 
1 1 0 15.0431 0.1 4.44534 -1.07753 -3.6241 -1.07753 -3.6241 0.0985778 0.621247 0.0985778 -0.621247 
1 1 0 15.0481 0.1 4.44857 -1.07762 -3.62418 -1.07762 -3.62418 0.0991973 0.62104 0.0991973 -0.62104 
1 1 0 15.0531 0.1 4.45181 -1.07772 -3.62426 -1.07772 -3.62426 0.0998197 0.620831 0.0998197 -0.620831 
1 1 0 15.0581 0.1 4.45508 -1.07781 -3.62434 -1.07781 -3.62434 0.100445 0.620622 0.100445 -0.620622 
1 1 0 15.0631 0.1 4.45837 -1.07791 -3.62442 -1.07791 -3.62442 0.101073 0.620411 0.101073 -0.620411 
1 1 0 15.0681 0.1 4.46167 -1.078 -3.6245 -1.078 -3.6245 0.101704 0.620199 0.101704 -0.620199 
1 1 0 15.0731 0.1 4.465 -1.0781 -3.62458 -1.0781 -3.62458 0.102338 0.619987 0.102338 -0.619987 
1 1 0 15.0781 0.1 4.46835 -1.07819 -3.62466 -1.07819 -3.62466 0.102974 0.619772 0.102974 -0.619772 
1 1 0 15.0831 0.1 4.47173 -1.07829 -3.62473 -1.07829 -3.62473 0.103614 0.619557 0.103614 -0.619557 
1 1 0 15.0881 0.1 4.47512 -1.07838 -3.6248 -1.07838 -3.6248 0.104256 0.619341 0.104256 -0.619341 
1 1 0 15.0931 0.1 4.47854 -1.07848 -3.62488 -1.07848 -3.62488 0.104901 0.619123 0.104901 -0.619123 
1 1 0 15.0981 0.1 4.48197 -1.07857 -3.62495 -1.07857 -3.62495 0.105549 0.618904 0.105549 -0.618904 
1 1 0 15.1031 0.1 4.48543 -1.07867 -3.62502 -1.07867 -3.62502 0.1062 0.618684 0.1062 -0.618684 
1 1 0 15.1081 0.1 4.48891 -1.07876 -3.62509 -1.07876 -3.62509 0.106854 0.618463 0.106854 -0.618463 
1 1 0 15.1131 0.1 4.49242 -1.07886 -3.62515 -1.07886 -3.62515 0.10751 0.61824 0.10751 -0.61824 
1 1 0 15.1181 0.1 4.49594 -1.07895 -3.62522 -1.07895 -3.62522 0.10817 0.618016 0.10817 -0.618016 
1 1 0 15.1231 0.1 4.49949 -1.07905 -3.62528 -1.07905 -3.62528 0.108832 0.617791 0.108832 -0.617791 
1 1 0 15.1281 0.1 4.50306 -1.07914 -3.62534 -1.07914 -3.62534 0.109498 0.617565 0.109498 -0.617565 
1 1 0 15.1331 0.1 4.50665 -1.07924 -3.62541 -1.07924 -3.62541 0.110166 0.617337 0.110166 -0.617337 
1 1 0 15.1381 0.1 4.51027 -1.07933 -3.62547 -1.07933 -3.62547 0.110837 0.617108 0.110837 -0.617108 
1 1 0 15.1431 0.1 4.51391 -1.07943 -3.62552 -1.07943 -3.62552 0.111511 0.616878 0.111511 -0.616878 
1 1 0 15.1481 0.1 4.51757 -1.07952 -3.62558 -1.07952 -3.62558 0.112188 0.616646 0.112188 -0.616646 
1 1 0 15.1531 0.1 4.52126 -1.07962 -3.62564 -1.07962 -3.62564 0.112868 0.616413 0.112868 -0.616413 
1 1 0 15.1581 0.1 4.52497 -1.07971 -3.62569 -1.07971 -3.62569 0.113551 0.616179 0.113551 -0.616179 
1 1 0 15.1631 0.1 4.5287 -1.0798 -3.62574 -1.0798 -3.62574 0.114236 0.615943 0.114236 -0.615943 
1 1 0 15.1681 0.1 4.53246 -1.0799 -3.6258 -1.0799 -3.6258 0.114925 0.615706 0.114925 -0.615706 
1 1 0 15.1731 0.1 4.53624 -1.07999 -3.62585 -1.07999 -3.62585 0.115616 0.615468 0.115616 -0.615468 
1 1 0 15.1781 0.1 4.54004 -1.08009 -3.6259 -1.08009 -3.6259 0.116311 0.615228 0.116311 -0.615228 
1 1 0 15.1831 0.1 4.54387 -1.08018 -3.62594 -1.08018 -3.62594 0.117008 0.614987 0.117008 -0.614987 
1 1 0 15.1881 0.1 4.54773 -1.08028 -3.62599 -1.08028 -3.62599 0.117709 0.614744 0.117709 -0.614744 
1 1 0 15.1931 0.1 4.55161 -1.08037 -3.62603 -1.08037 -3.62603 0.118412 0.6145 0.118412 -0.6145 
1 1 0 15.1981 0.1 4.55551 -1.08046 -3.62608 -1.08046 -3.62608 0.119119 0.614255 0.119119 -0.614255 
1 1 0 15.2031 0.1 4.55944 -1.08056 -3.62612 -1.08056 -3.62612 0.119828 0.614008 0.119828 -0.614008 
1 1 0 15.2081 0.1 4.56339 -1.08065 -3.62616 -1.08065 -3.62616 0.12054 0.613759 0.12054 -0.613759 
1 1 0 15.2131 0.1 4.56737 -1.08075 -3.6262 -1.08075 -3.6262 0.121255 0.613509 0.121255 -0.613509 
1 1 0 15.2181 0.1 4.57137 -1.08084 -3.62623 -1.08084 -3.62623 0.121974 0.613258 0.121974 -0.613258 
1 1 0 15.2231 0.1 4.5754 -1.08093 -3.62627 -1.08093 -3.62627 0.122695 0.613005 0.122695 -0.613005 
1 1 0 15.2281 0.1 4.57945 -1.08103 -3.6263 -1.08103 -3.6263 0.123419 0.612751 0.123419 -0.612751 
1 1 0 15.233 0.1 4.58354 -1.08112 -3.62634 -1.08112 -3.62634 0.124146 0.612495 0.124146 -0.612495 
1 1 0 15.238 0.1 4.58764 -1.08121 -3.62637 -1.08121 -3.62637 0.124876 0.612237 0.124876 -0.612237 
1 1 0 15.243 0.1 4.59178 -1.08131 -3.6264 -1.08131 -3.6264 0.12561 0.611978 0.12561 -0.611978 
1 1 0 15.248 0.1 4.59594 -1.0814 -3.62643 -1.0814 -3.62643 0.126346 0.611717 0.126346 -0.611717 
1 1 0 15.253 0.1 4.60012 -1.0815 -3.62645 -1.0815 -3.62645 0.127085 0.611455 0.127085 -0.611455 
1 1 0 15.258 0.1 4.60434 -1.08159 -3.62648 -1.08159 -3.62648 0.127827 0.611191 0.127827 -0.611191 
1 1 0 15.263 0.1 4.60858 -1.08168 -3.6265 -1.08168 -3.6265 0.128573 0.610926 0.128573 -0.610926 
1 1 0 15.268 0.1 4.61284 -1.08178 -3.62652 -1.08178 -3.62652 0.129321 0.610659 0.129321 -0.610659 
1 1 0 15.273 0.1 4.61714 -1.08187 -3.62654 -1.08187 -3.62654 0.130072 0.61039 0.130072 -0.61039 
1 1 0 15.278 0.1 4.62146 -1.08196 -3.62656 -1.08196 -3.62656 0.130827 0.610119 0.130827 -0.610119 
1 1 0 15.283 0.1 4.62581 -1.08206 -3.62658 -1.08206 -3.62658 0.131584 0.609847 0.131584 -0.609847 
1 1 0 15.288 0.1 4.63019 -1.08215 -3.6266 -1.08215 -3.6266 0.132345 0.609573 0.132345 -0.609573 
1 1 0 15.293 0.1 4.6346 -1.08224 -3.62661 -1.08224 -3.62661 0.133109 0.609298 0.133109 -0.609298 
1 1 0 15.298 0.1 4.63903 -1.08234 -3.62662 -1.08234 -3.62662 0.133875 0.60902 0.133875 -0.60902 
1 1 0 15.303 0.1 4.6435 -1.08243 -3.62663 -1.08243 -3.62663 0.134645 0.608742 0.134645 -0.608742 
1 1 0 15.308 0.1 4.64799 -1.08252 -3.62664 -1.08252 -3.62664 0.135418 0.608461 0.135418 -0.608461 
1 1 0 15.313 0.1 4.65251 -1.08261 -3.62665 -1.08261 -3.62665 0.136194 0.608178 0.136194 -0.608178 
1 1 0 15.318 0.1 4.65706 -1.08271 -3.62666 -1.08271 -3.62666 0.136973 0.607894 0.136973 -0.607894 
1 1 0 15.323 0.1 4.66164 -1.0828 -3.62666 -1.0828 -3.62666 0.137755 0.607608 0.137755 -0.607608 
1 1 0 15.328 0.1 4.66625 -1.08289 -3.62667 -1.08289 -3.62667 0.138541 0.60732 0.138541 -0.60732 
1 1 0 15.333 0.1 4.67089 -1.08299 -3.62667 -1.08299 -3.62667 0.139329 0.60703 0.139329 -0.60703 
1 1 0 15.338 0.1 4.67557 -1.08308 -3.62667 -1.08308 -3.62667 0.140121 0.606738 0.140121 -0.606738 
1 1 0 15.343 0.1 4.68027 -1.08317 -3.62667 -1.08317 -3.62667 0.140915 0.606445 0.140915 -0.606445 
1 1 0 15.348 0.1 4.685 -1.08326 -3.62666 -1.08326 -3.62666 0.141713 0.606149 0.141713 -0.606149 
1 1 0 15.353 0.1 4.68976 -1.08336 -3.62666 -1.08336 -3.62666 0.142514 0.605852 0.142514 -0.605852 
1 1 0 15.358 0.1 4.69455 -1.08345 -3.62665 -1.08345 -3.62665 0.143319 0.605553 0.143319 -0.605553 
1 1 0 15.363 0.1 4.69938 -1.08354 -3.62664 -1.08354 -3.62664 0.144126 0.605252 0.144126 -0.605252 
1 1 0 15.368 0.1 4.70424 -1.08364 -3.62663 -1.08364 -3.62663 0.144936 0.604948 0.144936 -0.604948 
1 1 0 15.373 0.1 4.70913 -1.08373 -3.62662 -1.08373 -3.62662 0.14575 0.604643 0.14575 -0.604643 
1 1 0 15.378 0.1 4.71405 -1.08382 -3.62661 -1.08382 -3.62661 0.146567 0.604336 0.146567 -0.604336 
1 1 0 15.383 0.1 4.719 -1.08391 -3.62659 -1.08391 -3.62659 0.147387 0.604027 0.147387 -0.604027 
1 1 0 15.388 0.1 4.72399 -1.08401 -3.62657 -1.08401 -3.62657 0.14821 0.603716 0.14821 -0.603716 
1 1 0 15.393 0.1 4.729 -1.0841 -3.62655 -1.0841 -3.62655 0.149037 0.603403 0.149037 -0.603403 
1 1 0 15.398 0.1 4.73406 -1.08419 -3.62653 -1.08419 -3.62653 0.149867 0.603088 0.149867 -0.603088 
1 1 0 15.403 0.1 4.73914 -1.08428 -3.62651 -1.08428 -3.62651 0.1507 0.60277 0.1507 -0.60277 
1 1 0 15.408 0.1 4.74426 -1.08437 -3.62649 -1.08437 -3.62649 0.151536 0.602451 0.151536 -0.602451 
1 1 0 15.413 0.1 4.74941 -1.08447 -3.62646 -1.08447 -3.62646 0.152375 0.602129 0.152375 -0.602129 
1 1 0 15.418 0.1 4.7546 -1.08456 -3.62643 -1.08456 -3.62643 0.153218 0.601806 0.153218 -0.601806 
1 1 0 15.423 0.1 4.75982 -1.08465 -3.6264 -1.08465 -3.6264 0.154064 0.60148 0.154064 -0.60148 
1 1 0 15.428 0.1 4.76508 -1.08474 -3.62637 -1.08474 -3.62637 0.154913 0.601152 0.154913 -0.601152 
1 1 0 15.433 0.1 4.77037 -1.08483 -3.62634 -1.08483 -3.62634 0.155766 0.600821 0.155766 -0.600821 
1 1 0 15.438 0.1 4.7757 -1.08493 -3.62631 -1.08493 -3.62631 0.156621 0.600489 0.156621 -0.600489 
1 1 0 15.443 0.1 4.78106 -1.08502 -3.62627 -1.08502 -3.62627 0.15748 0.600154 0.15748 -0.600154 
1 1 0 15.448 0.1 4.78646 -1.08511 -3.62623 -1.08511 -3.62623 0.158343 0.599818 0.158343 -0.599818 
1 1 0 15.453 0.1 4.7919 -1.0852 -3.62619 -1.0852 -3.62619 0.159209 0.599478 0.159209 -0.599478 
1 1 0 15.458 0.1 4.79737 -1.08529 -3.62615 -1.08529 -3.62615 0.160078 0.599137 0.160078 -0.599137 
1 1 0 15.463 0.1 4.80288 -1.08539 -3.6261 -1.08539 -3.6261 0.16095 0.598793 0.16095 -0.598793 
1 1 0 15.468 0.1 4.80843 -1.08548 -3.62606 -1.08548 -3.62606 0.161826 0.598447 0.161826 -0.598447 
1 1 0 15.473 0.1 4.81401 -1.08557 -3.62601 -1.08557 -3.62601 0.162705 0.598098 0.162705 -0.598098 
1 1 0 15.478 0.1 4.81963 -1.08566 -3.62596 -1.08566 -3.62596 0.163587 0.597747 0.163587 -0.597747 
1 1 0 15.483 0.1 4.82529 -1.08575 -3.62591 -1.08575 -3.62591 0.164473 0.597394 0.164473 -0.597394 
1 1 0 15.488 0.1 4.83099 -1.08584 -3.62586 -1.08584 -3.62586 0.165362 0.597038 0.165362 -0.597038 
1 1 0 15.493 0.1 4.83673 -1.08593 -3.6258 -1.08593 -3.6258 0.166255 0.59668 0.166255 -0.59668 
1 1 0 15.498 0.1 4.84251 -1.08603 -3.62574 -1.08603 -3.62574 0.16715 0.59632 0.16715 -0.59632 
1 1 0 15.503 0.1 4.84833 -1.08612 -3.62568 -1.08612 -3.62568 0.16805 0.595957 0.16805 -0.595957 
1 1 0 15.508 0.1 4.85418 -1.08621 -3.62562 -1.08621 -3.62562 0.168953 0.595591 0.168953 -0.595591 
1 1 0 15.513 0.1 4.86008 -1.0863 -3.62556 -1.0863 -3.62556 0.169859 0.595223 0.169859 -0.595223 
1 1 0 15.518 0.1 4.86602 -1.08639 -3.62549 -1.08639 -3.62549 0.170768 0.594852 0.170768 -0.594852 
1 1 0 15.523 0.1 4.872 -1.08648 -3.62543 -1.08648 -3.62543 0.171682 0.594479 0.171682 -0.594479 
1 1 0 15.528 0.1 4.87802 -1.08657 -3.62536 -1.08657 -3.62536 0.172598 0.594103 0.172598 -0.594103 
1 1 0 15.533 0.1 4.88408 -1.08666 -3.62529 -1.08666 -3.62529 0.173518 0.593724 0.173518 -0.593724 
1 1 0 15.538 0.1 4.89019 -1.08676 -3.62521 -1.08676 -3.62521 0.174442 0.593343 0.174442 -0.593343 
1 1 0 15.543 0.1 4.89634 -1.08685 -3.62514 -1.08685 -3.62514 0.175369 0.592959 0.175369 -0.592959 
1 1 0 15.548 0.1 4.90253 -1.08694 -3.62506 -1.08694 -3.62506 0.176299 0.592573 0.176299 -0.592573 
1 1 0 15.553 0.1 4.90876 -1.08703 -3.62498 -1.08703 -3.62498 0.177233 0.592183 0.177233 -0.592183 
1 1 0 15.558 0.1 4.91504 -1.08712 -3.6249 -1.08712 -3.6249 0.178171 0.591791 0.178171 -0.591791 
1 1 0 15.563 0.1 4.92137 -1.08721 -3.62481 -1.08721 -3.62481 0.179112 0.591396 0.179112 -0.591396 
1 1 0 15.568 0.1 4.92773 -1.0873 -3.62473 -1.0873 -3.62473 0.180056 0.590999 0.180056 -0.590999 
1 1 0 15.573 0.1 4.93415 -1.08739 -3.62464 -1.08739 -3.62464 0.181004 0.590598 0.181004 -0.590598 
1 1 0 15.578 0.1 4.94061 -1.08748 -3.62455 -1.08748 -3.62455 0.181956 0.590195 0.181956 -0.590195 
1 1 0 15.583 0.1 4.94711 -1.08757 -3.62446 -1.08757 -3.62446 0.182911 0.589788 0.182911 -0.589788 
1 1 0 15.588 0.1 4.95366 -1.08766 -3.62436 -1.08766 -3.62436 0.18387 0.589379 0.18387 -0.589379 
1 1 0 15.593 0.1 4.96026 -1.08775 -3.62427 -1.08775 -3.62427 0.184833 0.588967 0.184833 -0.588967 
1 1 0 15.598 0.1 4.96691 -1.08784 -3.62417 -1.08784 -3.62417 0.185799 0.588552 0.185799 -0.588552 
1 1 0 15.603 0.1 4.9736 -1.08793 -3.62407 -1.08793 -3.62407 0.186769 0.588134 0.186769 -0.588134 
1 1 0 15.608 0.1 4.98034 -1.08802 -3.62397 -1.08802 -3.62397 0.187742 0.587713 0.187742 -0.587713 
1 1 0 15.613 0.1 4.98714 -1.08811 -3.62386 -1.08811 -3.62386 0.188719 0.587289 0.188719 -0.587289 
1 1 0 15.618 0.1 4.99398 -1.0882 -3.62375 -1.0882 -3.62375 0.1897 0.586862 0.1897 -0.586862 
1 1 0 15.623 0.1 5.00087 -1.0883 -3.62364 -1.0883 -3.62364 0.190684 0.586431 0.190684 -0.586431 
1 1 0 15.628 0.1 5.00781 -1.08839 -3.62353 -1.08839 -3.62353 0.191673 0.585998 0.191673 -0.585998 
1 1 0 15.633 0.1 5.0148 -1.08848 -3.62342 -1.08848 -3.62342 0.192664 0.585561 0.192664 -0.585561 
1 1 0 15.638 0.1 5.02185 -1.08857 -3.6233 -1.08857 -3.6233 0.19366 0.585121 0.19366 -0.585121 
1 1 0 15.643 0.1 5.02894 -1.08866 -3.62318 -1.08866 -3.62318 0.194659 0.584678 0.194659 -0.584678 
1 1 0 15.6479 0.1 5.03609 -1.08875 -3.62306 -1.08875 -3.62306 0.195662 0.584232 0.195662 -0.584232 
1 1 0 15.6529 0.1 5.04329 -1.08884 -3.62294 -1.08884 -3.62294 0.196669 0.583782 0.196669 -0.583782 
1 1 0 15.6579 0.1 5.05055 -1.08893 -3.62281 -1.08893 -3.62281 0.19768 0.583329 0.19768 -0.583329 
1 1 0 15.6629 0.1 5.05786 -1.08902 -3.62268 -1.08902 -3.62268 0.198694 0.582873 0.198694 -0.582873 
1 1 0 15.6679 0.1 5.06522 -1.08911 -3.62255 -1.08911 -3.62255 0.199712 0.582413 0.199712 -0.582413 
1 1 0 15.6729 0.1 5.07264 -1.08919 -3.62242 -1.08919 -3.62242 0.200734 0.58195 0.200734 -0.58195 
1 1 0 15.6779 0.1 5.08012 -1.08928 -3.62229 -1.08928 -3.62229 0.20176 0.581483 0.20176 -0.581483 
1 1 0 15.6829 0.1 5.08765 -1.08937 -3.62215 -1.08937 -3.62215 0.20279 0.581013 0.20279 -0.581013 
1 1 0 15.6879 0.1 5.09524 -1.08946 -3.62201 -1.08946 -3.62201 0.203823 0.580539 0.203823 -0.580539 
1 1 0 15.6929 0.1 5.10289 -1.08955 -3.62186 -1.08955 -3.62186 0.204861 0.580062 0.204861 -0.580062 
1 1 0 15.6979 0.1 5.11059 -1.08964 -3.62172 -1.08964 -3.62172 0.205902 0.579581 0.205902 -0.579581 
1 1 0 15.7029 0.1 5.11836 -1.08973 -3.62157 -1.08973 -3.62157 0.206948 0.579097 0.206948 -0.579097 
1 1 0 15.7079 0.1 5.12619 -1.08982 -3.62142 -1.08982 -3.62142 0.207997 0.578609 0.207997 -0.578609 
1 1 0 15.7129 0.1 5.13407 -1.08991 -3.62127 -1.08991 -3.62127 0.20905 0.578117 0.20905 -0.578117 
1 1 0 15.7179 0.1 5.14202 -1.09 -3.62111 -1.09 -3.62111 0.210107 0.577622 0.210107 -0.577622 
1 1 0 15.7229 0.1 5.15003 -1.09009 -3.62096 -1.09009 -3.62096 0.211168 0.577122 0.211168 -0.577122 
1 1 0 15.7279 0.1 5.1581 -1.09018 -3.6208 -1.09018 -3.6208 0.212233 0.576619 0.212233 -0.576619 
1 1 0 15.7329 0.1 5.16624 -1.09027 -3.62063 -1.09027 -3.62063 0.213302 0.576112 0.213302 -0.576112 
1 1 0 15.7379 0.1 5.17444 -1.09036 -3.62047 -1.09036 -3.62047 0.214375 0.575601 0.214375 -0.575601 
1 1 0 15.7429 0.1 5.1827 -1.09045 -3.6203 -1.09045 -3.6203 0.215453 0.575086 0.215453 -0.575086 
1 1 0 15.7479 0.1 5.19103 -1.09054 -3.62013 -1.09054 -3.62013 0.216534 0.574568 0.216534 -0.574568 
1 1 0 15.7529 0.1 5.19943 -1.09062 -3.61996 -1.09062 -3.61996 0.217619 0.574045 0.217619 -0.574045 
1 1 0 15.7579 0.1 5.20789 -1.09071 -3.61978 -1.09071 -3.61978 0.218709 0.573518 0.218709 -0.573518 
1 1 0 15.7629 0.1 5.21642 -1.0908 -3.6196 -1.0908 -3.6196 0.219802 0.572987 0.219802 -0.572987 
1 1 0 15.7679 0.1 5.22502 -1.09089 -3.61942 -1.09089 -3.61942 0.2209 0.572452 0.2209 -0.572452 
1 1 0 15.7729 0.1 5.23369 -1.09098 -3.61924 -1.09098 -3.61924 0.222002 0.571913 0.222002 -0.571913 
1 1 0 15.7779 0.1 5.24243 -1.09107 -3.61905 -1.09107 -3.61905 0.223108 0.571369 0.223108 -0.571369 
1 1 0 15.7829 0.1 5.25125 -1.09116 -3.61886 -1.09116 -3.61886 0.224218 0.570821 0.224218 -0.570821 
1 1 0 15.7879 0.1 5.26013 -1.09125 -3.61867 -1.09125 -3.61867 0.225333 0.570269 0.225333 -0.570269 
1 1 0 15.7929 0.1 5.26909 -1.09133 -3.61847 -1.09133 -3.61847 0.226451 0.569713 0.226451 -0.569713 
1 1 0 15.7978 0.1 5.27812 -1.09142 -3.61827 -1.09142 -3.61827 0.227574 0.569152 0.227574 -0.569152 
1 1 0 15.8028 0.1 5.28723 -1.09151 -3.61807 -1.09151 -3.61807 0.228701 0.568587 0.228701 -0.568587 
1 1 0 15.8078 0.1 5.29641 -1.0916 -3.61787 -1.0916 -3.61787 0.229833 0.568017 0.229833 -0.568017 
1 1 0 15.8128 0.1 5.30567 -1.09169 -3.61766 -1.09169 -3.61766 0.230969 0.567443 0.230969 -0.567443 
1 1 0 15.8178 0.1 5.315 -1.09178 -3.61745 -1.09178 -3.61745 0.232109 0.566864 0.232109 -0.566864 
1 1 0 15.8228 0.1 5.32442 -1.09187 -3.61724 -1.09187 -3.61724 0.233254 0.56628 0.233254 -0.56628 
1 1 0 15.8278 0.1 5.33392 -1.09195 -3.61703 -1.09195 -3.61703 0.234403 0.565692 0.234403 -0.565692 
1 1 0 15.8328 0.1 5.34349 -1.09204 -3.61681 -1.09204 -3.61681 0.235556 0.565099 0.235556 -0.565099 
1 1 0 15.8378 0.1 5.35315 -1.09213 -3.61659 -1.09213 -3.61659 0.236714 0.564501 0.236714 -0.564501 
1 1 0 15.8428 0.1 5.36289 -1.09222 -3.61636 -1.09222 -3.61636 0.237876 0.563898 0.237876 -0.563898 
1 1 0 15.8478 0.1 5.37272 -1.09231 -3.61613 -1.09231 -3.61613 0.239043 0.563291 0.239043 -0.563291 
1 1 0 15.8528 0.1 5.38263 -1.09239 -3.6159 -1.09239 -3.6159 0.240214 0.562678 0.240214 -0.562678 
1 1 0 15.8578 0.1 5.39263 -1.09248 -3.61567 -1.09248 -3.61567 0.241389 0.562061 0.241389 -0.562061 
1 1 0 15.8628 0.1 5.40271 -1.09257 -3.61543 -1.09257 -3.61543 0.24257 0.561438 0.24257 -0.561438 
1 1 0 15.8678 0.1 5.41289 -1.09266 -3.61519 -1.09266 -3.61519 0.243755 0.560811 0.243755 -0.560811 
1 1 0 15.8728 0.1 5.42315 -1.09275 -3.61495 -1.09275 -3.61495 0.244944 0.560178 0.244944 -0.560178 
1 1 0 15.8778 0.1 5.4335 -1.09283 -3.6147 -1.09283 -3.6147 0.246138 0.55954 0.246138 -0.55954 
1 1 0 15.8827 0.1 5.44395 -1.09292 -3.61445 -1.09292 -3.61445 0.247337 0.558896 0.247337 -0.558896 
1 1 0 15.8877 0.1 5.45449 -1.09301 -3.6142 -1.09301 -3.6142 0.24854 0.558248 0.24854 -0.558248 
1 1 0 15.8927 0.1 5.46513 -1.0931 -3.61395 -1.0931 -3.61395 0.249748 0.557593 0.249748 -0.557593 
1 1 0 15.8977 0.1 5.47586 -1.09318 -3.61369 -1.09318 -3.61369 0.250961 0.556934 0.250961 -0.556934 
1 1 0 15.9027 0.1 5.48669 -1.09327 -3.61342 -1.09327 -3.61342 0.252179 0.556269 0.252179 -0.556269 
1 1 0 15.9077 0.1 5.49762 -1.09336 -3.61316 -1.09336 -3.61316 0.253401 0.555598 0.253401 -0.555598 
1 1 0 15.9127 0.1 5.50865 -1.09345 -3.61289 -1.09345 -3.61289 0.254628 0.554921 0.254628 -0.554921 
1 1 0 15.9177 0.1 5.51978 -1.09353 -3.61262 -1.09353 -3.61262 0.25586 0.554239 0.25586 -0.554239 
1 1 0 15.9227 0.1 5.53102 -1.09362 -3.61234 -1.09362 -3.61234 0.257097 0.553551 0.257097 -0.553551 
1 1 0 15.9277 0.1 5.54236 -1.09371 -3.61206 -1.09371 -3.61206 0.258339 0.552858 0.258339 -0.552858 
1 1 0 15.9327 0.1 5.5538 -1.0938 -3.61178 -1.0938 -3.61178 0.259585 0.552158 0.259585 -0.552158 
1 1 0 15.9377 0.1 5.56536 -1.09388 -3.61149 -1.09388 -3.61149 0.260837 0.551452 0.260837 -0.551452 
1 1 0 15.9427 0.1 5.57702 -1.09397 -3.6112 -1.09397 -3.6112 0.262093 0.550741 0.262093 -0.550741 
1 1 0 15.9476 0.1 5.5888 -1.09406 -3.61091 -1.09406 -3.61091 0.263355 0.550023 0.263355 -0.550023 
1 1 0 15.9526 0.1 5.60069 -1.09415 -3.61061 -1.09415 -3.61061 0.264622 0.549299 0.264622 -0.549299 
1 1 0 15.9576 0.1 5.61269 -1.09423 -3.61031 -1.09423 -3.61031 0.265894 0.548568 0.265894 -0.548568 
1 1 0 15.9626 0.1 5.62482 -1.09432 -3.61 -1.09432 -3.61 0.26717 0.547831 0.26717 -0.547831 
1 1 0 15.9676 0.1 5.63706 -1.09441 -3.60969 -1.09441 -3.60969 0.268452 0.547088 0.268452 -0.547088 
1 1 0 15.9726 0.1 5.64942 -1.09449 -3.60938 -1.09449 -3.60938 0.26974 0.546338 0.26974 -0.546338 
1 1 0 15.9776 0.1 5.6619 -1.09458 -3.60907 -1.09458 -3.60907 0.271032 0.545582 0.271032 -0.545582 
1 1 0 15.9826 0.1 5.6745 -1.09467 -3.60875 -1.09467 -3.60875 0.272329 0.544819 0.272329 -0.544819 
1 1 0 15.9876 0.1 5.68724 -1.09475 -3.60842 -1.09475 -3.60842 0.273632 0.544049 0.273632 -0.544049 
1 1 0 15.9925 0.1 5.7001 -1.09484 -3.60809 -1.09484 -3.60809 0.274941 0.543272 0.274941 -0.543272 
1 1 0 15.9975 0.1 5.71309 -1.09493 -3.60776 -1.09493 -3.60776 0.276254 0.542489 0.276254 -0.542489 
1 1 0 16.0025 0.1 5.72621 -1.09501 -3.60743 -1.09501 -3.60743 0.277573 0.541698 0.277573 -0.541698 
1 1 0 16.0075 0.1 5.73947 -1.0951 -3.60709 -1.0951 -3.60709 0.278898 0.5409 0.278898 -0.5409 
1 1 0 16.0125 0.1 5.75286 -1.09519 -3.60675 -1.09519 -3.60675 0.280227 0.540095 0.280227 -0.540095 
1 1 0 16.0175 0.1 5.7664 -1.09527 -3.6064 -1.09527 -3.6064 0.281563 0.539283 0.281563 -0.539283 
1 1 0 16.0225 0.1 5.78007 -1.09536 -3.60605 -1.09536 -3.60605 0.282904 0.538463 0.282904 -0.538463 
1 1 0 16.0275 0.1 5.79389 -1.09545 -3.60569 -1.09545 -3.60569 0.28425 0.537636 0.28425 -0.537636 
1 1 0 16.0324 0.1 5.80785 -1.09553 -3.60533 -1.09553 -3.60533 0.285602 0.536801 0.285602 -0.536801 
1 1 0 16.0374 0.1 5.82197 -1.09562 -3.60497 -1.09562 -3.60497 0.28696 0.535959 0.28696 -0.535959 
1 1 0 16.0424 0.1 5.83623 -1.0957 -3.6046 -1.0957 -3.6046 0.288323 0.535109 0.288323 -0.535109 
1 1 0 16.0474 0.1 5.85065 -1.09579 -3.60423 -1.09579 -3.60423 0.289692 0.534251 0.289692 -0.534251 
1 1 0 16.0524 0.1 5.86522 -1.09588 -3.60385 -1.09588 -3.60385 0.291067 0.533385 0.291067 -0.533385 
1 1 0 16.0574 0.1 5.87996 -1.09596 -3.60347 -1.09596 -3.60347 0.292448 0.53251 0.292448 -0.53251 
1 1 0 16.0624 0.1 5.89485 -1.09605 -3.60308 -1.09605 -3.60308 0.293835 0.531628 0.293835 -0.531628 
1 1 0 16.0673 0.1 5.90991 -1.09613 -3.60269 -1.09613 -3.60269 0.295228 0.530737 0.295228 -0.530737 
1 1 0 16.0723 0.1 5.92514 -1.09622 -3.6023 -1.09622 -3.6023 0.296626 0.529838 0.296626 -0.529838 
1 1 0 16.0773 0.1 5.94054 -1.09631 -3.6019 -1.09631 -3.6019 0.298031 0.52893 0.298031 -0.52893 
1 1 0 16.0823 0.1 5.95612 -1.09639 -3.60149 -1.09639 -3.60149 0.299441 0.528014 0.299441 -0.528014 
1 1 0 16.0873 0.1 5.97187 -1.09648 -3.60109 -1.09648 -3.60109 0.300858 0.527089 0.300858 -0.527089 
1 1 0 16.0923 0.1 5.98781 -1.09656 -3.60067 -1.09656 -3.60067 0.302281 0.526154 0.302281 -0.526154 
1 1 0 16.0972 0.1 6.00392 -1.09665 -3.60025 -1.09665 -3.60025 0.30371 0.525211 0.30371 -0.525211 
1 1 0 16.1022 0.1 6.02023 -1.09673 -3.59983 -1.09673 -3.59983 0.305146 0.524259 0.305146 -0.524259 
1 1 0 16.1072 0.1 6.03673 -1.09682 -3.5994 -1.09682 -3.5994 0.306588 0.523297 0.306588 -0.523297 
1 1 0 16.1122 0.1 6.05342 -1.09691 -3.59897 -1.09691 -3.59897 0.308036 0.522326 0.308036 -0.522326 
1 1 0 16.1172 0.1 6.07031 -1.09699 -3.59853 -1.09699 -3.59853 0.30949 0.521345 0.30949 -0.521345 
1 1 0 16.1221 0.1 6.0874 -1.09708 -3.59809 -1.09708 -3.59809 0.310951 0.520355 0.310951 -0.520355 
1 1 0 16.1271 0.1 6.10471 -1.09716 -3.59764 -1.09716 -3.59764 0.312419 0.519355 0.312419 -0.519355 
1 1 0 16.1321 0.1 6.12222 -1.09725 -3.59719 -1.09725 -3.59719 0.313893 0.518344 0.313893 -0.518344 
1 1 0 16.1371 0.1 6.13995 -1.09733 -3.59673 -1.09733 -3.59673 0.315374 0.517324 0.315374 -0.517324 
1 1 0 16.1421 0.1 6.15789 -1.09742 -3.59627 -1.09742 -3.59627 0.316861 0.516293 0.316861 -0.516293 
1 1 0 16.147 0.1 6.17606 -1.0975 -3.5958 -1.0975 -3.5958 0.318356 0.515252 0.318356 -0.515252 
1 1 0 16.152 0.1 6.19446 -1.09759 -3.59533 -1.09759 -3.59533 0.319857 0.5142 0.319857 -0.5142 
1 1 0 16.157 0.1 6.2131 -1.09767 -3.59485 -1.09767 -3.59485 0.321365 0.513137 0.321365 -0.513137 
1 1 0 16.162 0.1 6.23197 -1.09776 -3.59436 -1.09776 -3.59436 0.32288 0.512063 0.32288 -0.512063 
1 1 0 16.1669 0.1 6.25108 -1.09784 -3.59387 -1.09784 -3.59387 0.324402 0.510979 0.324402 -0.510979 
1 1 0 16.1719 0.1 6.27045 -1.09793 -3.59338 -1.09793 -3.59338 0.325931 0.509882 0.325931 -0.509882 
1 1 0 16.1769 0.1 6.29007 -1.09801 -3.59288 -1.09801 -3.59288 0.327467 0.508775 0.327467 -0.508775 
1 1 0 16.1819 0.1 6.30995 -1.0981 -3.59237 -1.0981 -3.59237 0.329011 0.507656 0.329011 -0.507656 
1 1 0 16.1868 0.1 6.33009 -1.09818 -3.59186 -1.09818 -3.59186 0.330562 0.506524 0.330562 -0.506524 
1 1 0 16.1918 0.1 6.35051 -1.09827 -3.59134 -1.09827 -3.59134 0.33212 0.505381 0.33212 -0.505381 
1 1 0 16.1968 0.1 6.3712 -1.09835 -3.59081 -1.09835 -3.59081 0.333686 0.504226 0.333686 -0.504226 
1 1 0 16.2017 0.1 6.39218 -1.09844 -3.59028 -1.09844 -3.59028 0.335259 0.503058 0.335259 -0.503058 
1 1 0 16.2067 0.1 6.41345 -1.09852 -3.58975 -1.09852 -3.58975 0.33684 0.501877 0.33684 -0.501877 
1 1 0 16.2117 0.1 6.43502 -1.0986 -3.5892 -1.0986 -3.5892 0.338429 0.500683 0.338429 -0.500683 
1 1 0 16.2167 0.1 6.45689 -1.09869 -3.58865 -1.09869 -3.58865 0.340025 0.499477 0.340025 -0.499477 
1 1 0 16.2216 0.1 6.47907 -1.09877 -3.5881 -1.09877 -3.5881 0.341629 0.498257 0.341629 -0.498257 
1 1 0 16.2266 0.1 6.50157 -1.09886 -3.58754 -1.09886 -3.58754 0.343241 0.497023 0.343241 -0.497023 
1 1 0 16.2316 0.1 6.5244 -1.09894 -3.58697 -1.09894 -3.58697 0.344862 0.495775 0.344862 -0.495775 
1 1 0 16.2365 0.1 6.54756 -1.09903 -3.58639 -1.09903 -3.58639 0.34649 0.494514 0.34649 -0.494514 
1 1 0 16.2415 0.1 6.57106 -1.09911 -3.58581 -1.09911 -3.58581 0.348126 0.493238 0.348126 -0.493238 
1 1 0 16.2465 0.1 6.59492 -1.09919 -3.58522 -1.09919 -3.58522 0.349771 0.491948 0.349771 -0.491948 
1 1 0 16.2514 0.1 6.61914 -1.09928 -3.58463 -1.09928 -3.58463 0.351424 0.490643 0.351424 -0.490643 
1 1 0 16.2564 0.1 6.64372 -1.09936 -3.58402 -1.09936 -3.58402 0.353086 0.489323 0.353086 -0.489323 
1 1 0 16.2613 0.1 6.66869 -1.09945 -3.58341 -1.09945 -3.58341 0.354756 0.487987 0.354756 -0.487987 
1 1 0 16.2663 0.1 6.69404 -1.09953 -3.5828 -1.09953 -3.5828 0.356435 0.486635 0.356435 -0.486635 
1 1 0 16.2713 0.1 6.7198 -1.09961 -3.58217 -1.09961 -3.58217 0.358123 0.485268 0.358123 -0.485268 
1 1 0 16.2762 0.1 6.74596 -1.0997 -3.58154 -1.0997 -3.58154 0.35982 0.483884 0.35982 -0.483884 
1 1 0 16.2812 0.1 6.77254 -1.09978 -3.5809 -1.09978 -3.5809 0.361525 0.482484 0.361525 -0.482484 
1 1 0 16.2861 0.1 6.79956 -1.09987 -3.58026 -1.09987 -3.58026 0.36324 0.481067 0.36324 -0.481067 
1 1 0 16.2911 0.1 6.82702 -1.09995 -3.5796 -1.09995 -3.5796 0.364964 0.479633 0.364964 -0.479633 
1 1 0 16.296 0.1 6.85494 -1.10003 -3.57894 -1.10003 -3.57894 0.366697 0.478181 0.366697 -0.478181 
1 1 0 16.301 0.1 6.88333 -1.10012 -3.57827 -1.10012 -3.57827 0.36844 0.476711 0.36844 -0.476711 
1 1 0 16.306 0.1 6.9122 -1.1002 -3.5776 -1.1002 -3.5776 0.370193 0.475223 0.370193 -0.475223 
1 1 0 16.3109 0.1 6.94156 -1.10028 -3.57691 -1.10028 -3.57691 0.371955 0.473716 0.371955 -0.473716 
1 1 0 16.3159 0.1 6.97144 -1.10037 -3.57622 -1.10037 -3.57622 0.373727 0.47219 0.373727 -0.47219 
1 1 0 16.3208 0.1 7.00185 -1.10045 -3.57552 -1.10045 -3.57552 0.375509 0.470645 0.375509 -0.470645 
1 1 0 16.3258 0.1 7.03279 -1.10053 -3.57481 -1.10053 -3.57481 0.377301 0.469079 0.377301 -0.469079 
1 1 0 16.3307 0.1 7.0643 -1.10062 -3.57409 -1.10062 -3.57409 0.379104 0.467494 0.379104 -0.467494 
1 1 0 16.3357 0.1 7.09638 -1.1007 -3.57336 -1.1007 -3.57336 0.380916 0.465887 0.380916 -0.465887 
1 1 0 16.3406 0.1 7.12906 -1.10078 -3.57262 -1.10078 -3.57262 0.38274 0.46426 0.38274 -0.46426 
1 1 0 16.3455 0.1 7.16235 -1.10087 -3.57188 -1.10087 -3.57188 0.384574 0.462611 0.384574 -0.462611 
1 1 0 16.3505 0.1 7.19627 -1.10095 -3.57112 -1.10095 -3.57112 0.386419 0.460939 0.386419 -0.460939 
1 1 0 16.3554 0.1 7.23085 -1.10103 -3.57036 -1.10103 -3.57036 0.388275 0.459245 0.388275 -0.459245 
1 1 0 16.3604 0.1 7.26609 -1.10112 -3.56958 -1.10112 -3.56958 0.390142 0.457528 0.390142 -0.457528 
1 1 0 16.3653 0.1 7.30204 -1.1012 -3.5688 -1.1012 -3.5688 0.39202 0.455786 0.39202 -0.455786 
1 1 0 16.3702 0.1 7.33871 -1.10128 -3.56801 -1.10128 -3.56801 0.39391 0.454021 0.39391 -0.454021 
1 1 0 16.3752 0.1 7.37612 -1.10136 -3.5672 -1.10136 -3.5672 0.395812 0.452231 0.395812 -0.452231 
1 1 0 16.3801 0.1 7.4143 -1.10145 -3.56639 -1.10145 -3.56639 0.397726 0.450415 0.397726 -0.450415 
1 1 0 16.385 0.1 7.45328 -1.10153 -3.56557 -1.10153 -3.56557 0.399651 0.448573 0.399651 -0.448573 
1 1 0 16.39 0.1 7.49308 -1.10161 -3.56473 -1.10161 -3.56473 0.401589 0.446704 0.401589 -0.446704 
1 1 0 16.3949 0.1 7.53375 -1.1017 -3.56389 -1.1017 -3.56389 0.40354 0.444808 0.40354 -0.444808 
1 1 0 16.3998 0.1 7.5753 -1.10178 -3.56303 -1.10178 -3.56303 0.405503 0.442883 0.405503 -0.442883 
1 1 0 16.4047 0.1 7.61777 -1.10186 -3.56216 -1.10186 -3.56216 0.407479 0.44093 0.407479 -0.44093 
1 1 0 16.4097 0.1 7.6612 -1.10194 -3.56129 -1.10194 -3.56129 0.409468 0.438947 0.409468 -0.438947 
1 1 0 16.4146 0.1 7.70562 -1.10203 -3.5604 -1.10203 -3.5604 0.41147 0.436934 0.41147 -0.436934 
1 1 0 16.4195 0.1 7.75108 -1.10211 -3.55949 -1.10211 -3.55949 0.413487 0.434889 0.413487 -0.434889 
1 1 0 16.4244 0.1 7.79761 -1.10219 -3.55858 -1.10219 -3.55858 0.415516 0.432812 0.415516 -0.432812 
1 1 0 16.4293 0.1 7.84526 -1.10227 -3.55766 -1.10227 -3.55766 0.41756 0.430702 0.41756 -0.430702 
1 1 0 16.4342 0.1 7.89407 -1.10236 -3.55672 -1.10236 -3.55672 0.419619 0.428558 0.419619 -0.428558 
1 1 0 16.4391 0.1 7.94409 -1.10244 -3.55577 -1.10244 -3.55577 0.421692 0.42638 0.421692 -0.42638 
1 1 0 16.444 0.1 7.99537 -1.10252 -3.5548 -1.10252 -3.5548 0.423779 0.424165 0.423779 -0.424165 
1 1 0 16.449 0.1 8.04798 -1.1026 -3.55382 -1.1026 -3.55382 0.425882 0.421913 0.425882 -0.421913 
1 1 0 16.4539 0.1 8.10196 -1.10268 -3.55283 -1.10268 -3.55283 0.428001 0.419623 0.428001 -0.419623 
1 1 0 16.4587 0.1 8.15738 -1.10277 -3.55183 -1.10277 -3.55183 0.430135 0.417293 0.430135 -0.417293 
1 1 0 16.4636 0.1 8.21431 -1.10285 -3.55081 -1.10285 -3.55081 0.432285 0.414923 0.432285 -0.414923 
1 1 0 16.4685 0.1 8.27281 -1.10293 -3.54978 -1.10293 -3.54978 0.434452 0.412511 0.434452 -0.412511 
1 1 0 16.4734 0.1 8.33296 -1.10301 -3.54873 -1.10301 -3.54873 0.436636 0.410056 0.436636 -0.410056 
1 1 0 16.4783 0.1 8.39484 -1.10309 -3.54767 -1.10309 -3.54767 0.438836 0.407556 0.438836 -0.407556 
1 1 0 16.4832 0.1 8.45854 -1.10318 -3.54659 -1.10318 -3.54659 0.441054 0.40501 0.441054 -0.40501 
1 1 0 16.4881 0.1 8.52415 -1.10326 -3.54549 -1.10326 -3.54549 0.44329 0.402416 0.44329 -0.402416 
1 1 0 16.4929 0.1 8.59176 -1.10334 -3.54438 -1.10334 -3.54438 0.445544 0.399773 0.445544 -0.399773 
1 1 0 16.4978 0.1 8.66149 -1.10342 -3.54325 -1.10342 -3.54325 0.447817 0.397078 0.447817 -0.397078 
1 1 0 16.5027 0.1 8.73344 -1.1035 -3.54211 -1.1035 -3.54211 0.450109 0.394331 0.450109 -0.394331 
1 1 0 16.5075 0.1 8.80774 -1.10358 -3.54095 -1.10358 -3.54095 0.452421 0.391528 0.452421 -0.391528 
1 1 0 16.5124 0.1 8.88452 -1.10366 -3.53977 -1.10366 -3.53977 0.454753 0.388669 0.454753 -0.388669 
1 1 0 16.5173 0.1 8.96393 -1.10375 -3.53857 -1.10375 -3.53857 0.457105 0.38575 0.457105 -0.38575 
1 1 0 16.5221 0.1 9.04611 -1.10383 -3.53736 -1.10383 -3.53736 0.459478 0.382769 0.459478 -0.382769 
1 1 0 16.5269 0.1 9.13125 -1.10391 -3.53612 -1.10391 -3.53612 0.461872 0.379725 0.461872 -0.379725 
1 1 0 16.5318 0.1 9.21951 -1.10399 -3.53486 -1.10399 -3.53486 0.464289 0.376614 0.464289 -0.376614 
1 1 0 16.5366 0.1 9.3111 -1.10407 -3.53359 -1.10407 -3.53359 0.466728 0.373433 0.466728 -0.373433 
1 1 0 16.5414 0.1 9.40623 -1.10415 -3.53229 -1.10415 -3.53229 0.469191 0.370179 0.469191 -0.370179 
1 1 0 16.5463 0.1 9.50515 -1.10423 -3.53097 -1.10423 -3.53097 0.471678 0.36685 0.471678 -0.36685 
1 1 0 16.5511 0.1 9.6081 -1.10432 -3.52963 -1.10432 -3.52963 0.474189 0.363442 0.474189 -0.363442 
1 1 0 16.5559 0.1 9.71539 -1.1044 -3.52827 -1.1044 -3.52827 0.476725 0.359951 0.476725 -0.359951 
1 1 0 16.5607 0.1 9.82731 -1.10448 -3.52688 -1.10448 -3.52688 0.479288 0.356374 0.479288 -0.356374 
1 1 0 16.5655 0.1 9.94423 -1.10456 -3.52547 -1.10456 -3.52547 0.481877 0.352705 0.481877 -0.352705 
1 1 0 16.5703 0.1 10.0665 -1.10464 -3.52403 -1.10464 -3.52403 0.484493 0.348941 0.484493 -0.348941 
1 1 0 16.5751 0.1 10.1946 -1.10472 -3.52257 -1.10472 -3.52257 0.487138 0.345077 0.487138 -0.345077 
1 1 0 16.5798 0.1 10.329 -1.1048 -3.52108 -1.1048 -3.52108 0.489813 0.341106 0.489813 -0.341106 
1 1 0 16.5846 0.1 10.4702 -1.10488 -3.51957 -1.10488 -3.51957 0.492517 0.337025 0.492517 -0.337025 
1 1 0 16.5894 0.1 10.6187 -1.10496 -3.51802 -1.10496 -3.51802 0.495253 0.332825 0.495253 -0.332825 
1 1 0 16.5941 0.1 10.7754 -1.10504 -3.51645 -1.10504 -3.51645 0.498021 0.328501 0.498021 -0.328501 
1 1 0 16.5988 0.1 10.9409 -1.10512 -3.51484 -1.10512 -3.51484 0.500821 0.324045 0.500821 -0.324045 
1 1 0 16.6036 0.1 11.1162 -1.10521 -3.51321 -1.10521 -3.51321 0.503657 0.319449 0.503657 -0.319449 
1 1 0 16.6083 0.1 11.3021 -1.10529 -3.51154 -1.10529 -3.51154 0.506528 0.314703 0.506528 -0.314703 
1 1 0 16.613 0.1 11.4999 -1.10537 -3.50984 -1.10537 -3.50984 0.509436 0.309799 0.509436 -0.309799 
1 1 0 16.6177 0.1 11.7108 -1.10545 -3.5081 -1.10545 -3.5081 0.512383 0.304724 0.512383 -0.304724 
1 1 0 16.6223 0.1 11.9365 -1.10553 -3.50632 -1.10553 -3.50632 0.515369 0.299467 0.515369 -0.299467 
1 1 0 16.627 0.1 12.1785 -1.10561 -3.50451 -1.10561 -3.50451 0.518396 0.294014 0.518396 -0.294014 
1 1 0 16.6316 0.1 12.4392 -1.10569 -3.50266 -1.10569 -3.50266 0.521466 0.288349 0.521466 -0.288349 
1 1 0 16.6363 0.1 12.7209 -1.10577 -3.50076 -1.10577 -3.50076 0.524581 0.282456 0.524581 -0.282456 
1 1 0 16.6409 0.1 13.0267 -1.10585 -3.49883 -1.10585 -3.49883 0.527743 0.276315 0.527743 -0.276315 
1 1 0 16.6455 0.1 13.3601 -1.10593 -3.49684 -1.10593 -3.49684 0.530953 0.269903 0.530953 -0.269903 
1 1 0 16.65 0.1 13.7256 -1.10601 -3.49481 -1.10601 -3.49481 0.534213 0.263195 0.534213 -0.263195 
1 1 0 16.6546 0.1 14.1285 -1.10609 -3.49273 -1.10609 -3.49273 0.537526 0.256161 0.537526 -0.256161 
1 1 0 16.6591 0.1 14.5758 -1.10617 -3.4906 -1.10617 -3.4906 0.540895 0.248765 0.540895 -0.248765 
1 1 0 16.6636 0.1 15.0762 -1.10625 -3.48842 -1.10625 -3.48842 0.544321 0.240968 0.544321 -0.240968 
1 1 0 16.6681 0.1 15.6408 -1.10633 -3.48618 -1.10633 -3.48618 0.547808 0.232719 0.547808 -0.232719 
1 1 0 16.6725 0.1 16.2846 -1.10641 -3.48388 -1.10641 -3.48388 0.551358 0.223959 0.551358 -0.223959 
1 1 0 16.6769 0.1 17.0278 -1.10649 -3.48151 -1.10649 -3.48151 0.554975 0.214614 0.554975 -0.214614 
1 1 0 16.6813 0.1 17.8984 -1.10657 -3.47908 -1.10657 -3.47908 0.558662 0.204591 0.558662 -0.204591 
1 1 0 16.6856 0.1 18.9371 -1.10665 -3.47658 -1.10665 -3.47658 0.562423 0.193771 0.562423 -0.193771 
1 1 0 16.6899 0.1 20.205 -1.10673 -3.474 -1.10673 -3.474 0.566261 0.181996 0.566261 -0.181996 
1 1 0 16.6941 0.1 21.7997 -1.10681 -3.47135 -1.10681 -3.47135 0.57018 0.169047 0.57018 -0.169047 
1 1 0 16.6983 0.1 23.8882 -1.10689 -3.46861 -1.10689 -3.46861 0.574186 0.154607 0.574186 -0.154607 
1 1 0 16.7024 0.1 26.7873 -1.10697 -3.46579 -1.10697 -3.46579 0.578282 0.138184 0.578282 -0.138184 
1 1 0 16.7065 0.1 31.1964 -1.10704 -3.46287 -1.10704 -3.46287 0.582475 0.118927 0.582475 -0.118927 
1 1 0 16.7105 0.1 39.1104 -1.10712 -3.45986 -1.10712 -3.45986 0.586768 0.0950852 0.586768 -0.0950852 
1 1 0 16.7144 0.1 60.6412 -1.1072 -3.45674 -1.1072 -3.45674 0.591167 0.0614724 0.591167 -0.0614724 
1 1 0 16.7182 0.1 60.6412 -1.10728 -3.45351 -1.10728 -3.45351 0.555025 0 0.636331 0 
1 1 0 16.7219 0.1 60.6412 -1.10736 -3.45016 -1.10736 -3.45016 0.515085 0 0.685529 0 
1 1 0 16.7255 0.1 60.6412 -1.10743 -3.44669 -1.10743 -3.44669 0.490775 0 0.719343 0 
1 1 0 16.729 0.1 60.6412 -1.10751 -3.44309 -1.10751 -3.44309 0.471894 0 0.747984 0 
1 1 0 16.7323 0.1 60.6412 -1.10758 -3.43935 -1.10758 -3.43935 0.456023 0 0.77388 0 
1 1 0 16.7355 0.1 60.6412 -1.10766 -3.43548 -1.10766 -3.43548 0.442129 0 0.798071 0 
1 1 0 16.7384 0.1 60.6412 -1.10773 -3.43145 -1.10773 -3.43145 0.42966 0 0.821111 0 
1 1 0 16.7412 0.1 60.6412 -1.1078 -3.42727 -1.1078 -3.42727 0.418287 0 0.843329 0 
1 1 0 16.7437 0.1 60.6412 -1.10787 -3.42295 -1.10787 -3.42295 0.407797 0 0.864927 0 
1 1 0 16.7459 0.1 60.6412 -1.10794 -3.41848 -1.10794 -3.41848 0.39805 0 0.88603 0 
1 1 0 16.7479 0.1 60.6412 -1.108 -3.41387 -1.108 -3.41387 0.388948 0 0.906707 0 
1 1 0 16.7495 0.1 60.6412 -1.10806 -3.40914 -1.10806 -3.40914 0.380425 0 0.926984 0 
1 1 0 16.7507 0.1 60.6412 -1.10812 -3.4043 -1.10812 -3.4043 0.372436 0 0.946855 0 
1 1 0 16.7516 0.1 60.6412 -1.10818 -3.39938 -1.10818 -3.39938 0.364951 0 0.966291 0 
1 1 0 16.7521 0.1 60.6412 -1.10823 -3.39441 -1.10823 -3.39441 0.357945 0 0.985248 0 
1 1 0 16.7523 0.1 60.6412 -1.10826 -3.39042 -1.10826 -3.39042 0.352684 0 1 0 
2 1 0 16.7521 0.1 60.6412 -1.10831 -3.38542 -1.10831 -3.38542 0.346492 0 1.01797 0 
2 1 0 16.7515 0.1 60.6412 -1.10835 -3.38046 -1.10835 -3.38046 0.340724 0 1.03532 0 
2 1 0 16.7506 0.1 60.6412 -1.10838 -3.37554 -1.10838 -3.37554 0.335359 0 1.05204 0 
2 1 0 16.7493 0.1 60.6412 -1.10841 -3.3707 -1.10841 -3.3707 0.33037 0 1.0681 0 
2 1 0 16.7478 0.1 60.6412 -1.10844 -3.36595 -1.10844 -3.36595 0.325733 0 1.08351 0 
2 1 0 16.7459 0.1 60.6412 -1.10846 -3.3613 -1.10846 -3.3613 0.321419 0 1.09827 0 
2 1 0 16.7439 0.1 60.6412 -1.10848 -3.35676 -1.10848 -3.35676 0.317401 0 1.11242 0 
2 1 0 16.7415 0.1 60.6412 -1.10849 -3.35232 -1.10849 -3.35232 0.313653 0 1.12598 0 
2 1 0 16.739 0.1 60.6412 -1.1085 -3.348 -1.1085 -3.348 0.310152 0 1.13897 0 
2 1 0 16.7363 0.1 60.6412 -1.10851 -3.34378 -1.10851 -3.34378 0.306874 0 1.15143 0 
2 1 0 16.7335 0.1 60.6412 -1.10852 -3.33968 -1.10852 -3.33968 0.303798 0 1.1634 0 
2 1 0 16.7305 0.1 60.6412 -1.10852 -3.33567 -1.10852 -3.33567 0.300906 0 1.17491 0 
2 1 0 16.7274 0.1 60.6412 -1.10853 -3.33177 -1.10853 -3.33177 0.298181 0 1.18598 0 
2 1 0 16.7241 0.1 60.6412 -1.10853 -3.32796 -1.10853 -3.32796 0.295608 0 1.19665 0 
2 1 0 16.7208 0.1 60.6412 -1.10853 -3.32425 -1.10853 -3.32425 0.293173 0 1.20695 0 
2 1 0 16.7173 0.1 60.6412 -1.10852 -3.32062 -1.10852 -3.32062 0.290865 0 1.21689 0 
2 1 0 16.7138 0.1 60.6412 -1.10852 -3.31707 -1.10852 -3.31707 0.288672 0 1.22651 0 
2 1 0 16.7102 0.1 60.6412 -1.10851 -3.3136 -1.10851 -3.3136 0.286586 0 1.23583 0 
2 1 0 16.7065 0.1 60.6412 -1.10851 -3.31021 -1.10851 -3.31021 0.284597 0 1.24485 0 
2 1 0 16.7028 0.1 60.6412 -1.1085 -3.30689 -1.1085 -3.30689 0.282698 0 1.25361 0 
2 1 0 16.699 0.1 60.6412 -1.10849 -3.30364 -1.10849 -3.30364 0.280882 0 1.26212 0 
2 1 0 16.6952 0.1 60.6412 -1.10848 -3.30045 -1.10848 -3.30045 0.279143 0 1.2704 0 
2 1 0 16.6913 0.1 60.6412 -1.10847 -3.29732 -1.10847 -3.29732 1.27845 0 0.277475 0 
2 1 0 16.6873 0.1 60.6412 -1.10846 -3.29426 -1.10846 -3.29426 1.28629 0 0.275874 0 
2 1 0 16.6833 0.1 60.6412 -1.10845 -3.29125 -1.10845 -3.29125 1.29394 0 0.274334 0 
2 1 0 16.6793 0.1 60.6412 -1.10844 -3.28829 -1.10844 -3.28829 1.3014 0 0.272852 0 
2 1 0 16.6752 0.1 60.6412 -1.10842 -3.28538 -1.10842 -3.28538 1.30868 0 0.271424 0 
2 1 0 16.6711 0.1 60.6412 -1.10841 -3.28253 -1.10841 -3.28253 1.3158 0 0.270047 0 
2 1 0 16.667 0.1 60.6412 -1.1084 -3.27972 -1.1084 -3.27972 1.32276 0 0.268717 0 
2 1 0 16.6628 0.1 60.6412 -1.10838 -3.27696 -1.10838 -3.27696 1.32957 0 0.267431 0 
2 1 0 16.6586 0.1 60.6412 -1.10837 -3.27424 -1.10837 -3.27424 1.33624 0 0.266187 0 
2 1 0 16.6544 0.1 60.6412 -1.10835 -3.27156 -1.10835 -3.27156 1.34276 0 0.264983 0 
2 1 0 16.6501 0.1 60.6412 -1.10833 -3.26892 -1.10833 -3.26892 1.34916 0 0.263817 0 
2 1 0 16.6459 0.1 60.6412 -1.10832 -3.26632 -1.10832 -3.26632 1.35544 0 0.262685 0 
2 1 0 16.6416 0.1 60.6412 -1.1083 -3.26376 -1.1083 -3.26376 1.3616 0 0.261588 0 
2 1 0 16.6373 0.1 60.6412 -1.10828 -3.26124 -1.10828 -3.26124 1.36764 0 0.260521 0 
2 1 0 16.6329 0.1 60.6412 -1.10827 -3.25875 -1.10827 -3.25875 1.37358 0 0.259485 0 
2 1 0 16.6286 0.1 60.6412 -1.10825 -3.25629 -1.10825 -3.25629 1.37941 0 0.258478 0 
2 1 0 16.6242 0.1 60.6412 -1.10823 -3.25387 -1.10823 -3.25387 1.38514 0 0.257498 0 
2 1 0 16.6198 0.1 60.6412 -1.10821 -3.25147 -1.10821 -3.25147 1.39078 0 0.256544 0 
2 1 0 16.6154 0.1 60.6412 -1.10819 -3.24911 -1.10819 -3.24911 1.39632 0 0.255614 0 
2 1 0 16.611 0.1 60.6412 -1.10818 -3.24678 -1.10818 -3.24678 1.40178 0 0.254708 0 
2 1 0 16.6065 0.1 60.6412 -1.10816 -3.24447 -1.10816 -3.24447 1.40715 0 0.253825 0 
2 1 0 16.6021 0.1 60.6412 -1.10814 -3.2422 -1.10814 -3.2422 1.41244 0 0.252963 0 
2 1 0 16.5976 0.1 60.6412 -1.10812 -3.23995 -1.10812 -3.23995 1.41765 0 0.252122 0 
2 1 0 16.5931 0.1 60.6412 -1.1081 -3.23773 -1.1081 -3.23773 1.42278 0 0.251301 0 
2 1 0 16.5887 0.1 60.6412 -1.10808 -3.23553 -1.10808 -3.23553 1.42784 0 0.250499 0 
2 1 0 16.5841 0.1 60.6412 -1.10806 -3.23336 -1.10806 -3.23336 1.43283 0 0.249715 0 
2 1 0 16.5796 0.1 60.6412 -1.10804 -3.23121 -1.10804 -3.23121 1.43775 0 0.248948 0 
2 1 0 16.5751 0.1 60.6412 -1.10802 -3.22908 -1.10802 -3.22908 1.4426 0 0.248198 0 
2 1 0 16.5706 0.1 60.6412 -1.108 -3.22698 -1.108 -3.22698 1.44739 0 0.247465 0 
2 1 0 16.566 0.1 60.6412 -1.10798 -3.2249 -1.10798 -3.2249 1.45211 0 0.246747 0 
2 1 0 16.5615 0.1 60.6412 -1.10795 -3.22285 -1.10795 -3.22285 1.45678 0 0.246044 0 
2 1 0 16.5569 0.1 60.6412 -1.10793 -3.22081 -1.10793 -3.22081 1.46139 0 0.245355 0 
2 1 0 16.5523 0.1 60.6412 -1.10791 -3.21879 -1.10791 -3.21879 1.46594 0 0.24468 0 
2 1 0 16.5477 0.1 60.6412 -1.10789 -3.2168 -1.10789 -3.2168 1.47043 0 0.244019 0 
2 1 0 16.5431 0.1 60.6412 -1.10787 -3.21482 -1.10787 -3.21482 1.47487 0 0.243371 0 
2 1 0 16.5385 0.1 60.6412 -1.10785 -3.21287 -1.10785 -3.21287 1.47926 0 0.242735 0 
2 1 0 16.5339 0.1 60.6412 -1.10783 -3.21093 -1.10783 -3.21093 1.4836 0 0.242112 0 
2 1 0 16.5293 0.1 60.6412 -1.1078 -3.20901 -1.1078 -3.20901 1.48789 0 0.2415 0 
2 1 0 16.5247 0.1 60.6412 -1.10778 -3.20711 -1.10778 -3.20711 1.49213 0 0.240899 0 
2 1 0 16.5201 0.1 60.6412 -1.10776 -3.20523 -1.10776 -3.20523 1.49632 0 0.24031 0 
2 1 0 16.5154 0.1 60.6412 -1.10774 -3.20336 -1.10774 -3.20336 1.50047 0 0.239731 0 
2 1 0 16.5108 0.1 60.6412 -1.10772 -3.20151 -1.10772 -3.20151 1.50457 0 0.239162 0 
2 1 0 16.5061 0.1 60.6412 -1.10769 -3.19968 -1.10769 -3.19968 1.50863 0 0.238604 0 
2 1 0 16.5015 0.1 60.6412 -1.10767 -3.19787 -1.10767 -3.19787 1.51265 0 0.238055 0 
2 1 0 16.4968 0.1 60.6412 -1.10765 -3.19607 -1.10765 -3.19607 1.51663 0 0.237515 0 
2 1 0 16.4921 0.1 60.6412 -1.10763 -3.19428 -1.10763 -3.19428 1.52057 0 0.236985 0 
2 1 0 16.4875 0.1 60.6412 -1.1076 -3.19252 -1.1076 -3.19252 1.52446 0 0.236463 0 
2 1 0 16.4828 0.1 60.6412 -1.10758 -3.19076 -1.10758 -3.19076 1.52832 0 0.23595 0 
2 1 0 16.4781 0.1 60.6412 -1.10756 -3.18902 -1.10756 -3.18902 1.53215 0 0.235446 0 
2 1 0 16.4734 0.1 60.6412 -1.10753 -3.1873 -1.10753 -3.1873 1.53593 0 0.23495 0 
2 1 0 16.4687 0.1 60.6412 -1.10751 -3.18559 -1.10751 -3.18559 1.53968 0 0.234461 0 
2 1 0 16.464 0.1 60.6412 -1.10749 -3.1839 -1.10749 -3.1839 1.5434 0 0.23398 0 
2 1 0 16.4593 0.1 60.6412 -1.10747 -3.18222 -1.10747 -3.18222 1.54708 0 0.233507 0 
2 1 0 16.4546 0.1 60.6412 -1.10744 -3.18055 -1.10744 -3.18055 1.55073 0 0.233041 0 
2 1 0 16.4498 0.1 60.6412 -1.10742 -3.17889 -1.10742 -3.17889 1.55435 0 0.232582 0 
2 1 0 16.4451 0.1 60.6412 -1.1074 -3.17725 -1.1074 -3.17725 1.55793 0 0.232131 0 
2 1 0 16.4404 0.1 60.6412 -1.10737 -3.17563 -1.10737 -3.17563 1.56148 0 0.231686 0 
2 1 0 16.4357 0.1 60.6412 -1.10735 -3.17401 -1.10735 -3.17401 1.565 0 0.231247 0 
2 1 0 16.4309 0.1 60.6412 -1.10733 -3.17241 -1.10733 -3.17241 1.5685 0 0.230815 0 
2 1 0 16.4262 0.1 60.6412 -1.1073 -3.17082 -1.1073 -3.17082 1.57196 0 0.230389 0 
2 1 0 16.4214 0.1 60.6412 -1.10728 -3.16924 -1.10728 -3.16924 1.57539 0 0.22997 0 
2 1 0 16.4167 0.1 60.6412 -1.10726 -3.16767 -1.10726 -3.16767 1.5788 0 0.229556 0 
2 1 0 16.4119 0.1 60.6412 -1.10723 -3.16612 -1.10723 -3.16612 1.58217 0 0.229148 0 
2 1 0 16.4072 0.1 60.6412 -1.10721 -3.16458 -1.10721 -3.16458 1.58552 0 0.228746 0 
2 1 0 16.4024 0.1 60.6412 -1.10718 -3.16305 -1.10718 -3.16305 1.58885 0 0.22835 0 
2 1 0 16.3977 0.1 60.6412 -1.10716 -3.16153 -1.10716 -3.16153 1.59214 0 0.227958 0 
2 1 0 16.3929 0.1 60.6412 -1.10714 -3.16002 -1.10714 -3.16002 1.59541 0 0.227573 0 
2 1 0 16.3881 0.1 60.6412 -1.10711 -3.15852 -1.10711 -3.15852 1.59866 0 0.227192 0 
2 1 0 16.3833 0.1 60.6412 -1.10709 -3.15703 -1.10709 -3.15703 1.60188 0 0.226817 0 
2 1 0 16.3786 0.1 60.6412 -1.10706 -3.15556 -1.10706 -3.15556 1.60508 0 0.226446 0 
2 1 0 16.3738 0.1 60.6412 -1.10704 -3.15409 -1.10704 -3.15409 1.60825 0 0.226081 0 
2 1 0 16.369 0.1 60.6412 -1.10702 -3.15264 -1.10702 -3.15264 1.6114 0 0.22572 0 
2 1 0 16.3642 0.1 60.6412 -1.10699 -3.15119 -1.10699 -3.15119 1.61453 0 0.225364 0 
2 1 0 16.3594 0.1 60.6412 -1.10697 -3.14976 -1.10697 -3.14976 1.61763 0 0.225012 0 
2 1 0 16.3546 0.1 60.6412 -1.10694 -3.14834 -1.10694 -3.14834 1.62071 0 0.224665 0 
2 1 0 16.3498 0.1 60.6412 -1.10692 -3.14692 -1.10692 -3.14692 1.62377 0 0.224323 0 
2 1 0 16.345 0.1 60.6412 -1.1069 -3.14552 -1.1069 -3.14552 1.6268 0 0.223984 0 
2 1 0 16.3402 0.1 60.6412 -1.10687 -3.14412 -1.10687 -3.14412 1.62982 0 0.22365 0 
2 1 0 16.3354 0.1 60.6412 -1.10685 -3.14274 -1.10685 -3.14274 1.63281 0 0.22332 0 
2 1 0 16.3306 0.1 60.6412 -1.10682 -3.14136 -1.10682 -3.14136 1.63579 0 0.222994 0 
2 1 0 16.3258 0.1 60.6412 -1.1068 -3.13999 -1.1068 -3.13999 1.63874 0 0.222672 0 
2 1 0 16.321 0.1 60.6412 -1.10677 -3.13863 -1.10677 -3.13863 1.64168 0 0.222354 0 
2 1 0 16.3162 0.1 60.6412 -1.10675 -3.13729 -1.10675 -3.13729 1.64459 0 0.22204 0 
2 1 0 16.3114 0.1 60.6412 -1.10672 -3.13595 -1.10672 -3.13595 1.64748 0 0.221729 0 
2 1 0 16.3066 0.1 60.6412 -1.1067 -3.13462 -1.1067 -3.13462 1.65036 0 0.221422 0 
2 1 0 16.3017 0.1 60.6412 -1.10667 -3.13329 -1.10667 -3.13329 1.65322 0 0.221119 0 
2 1 0 16.2969 0.1 60.6412 -1.10665 -3.13198 -1.10665 -3.13198 1.65605 0 0.22082 0 
2 1 0 16.2921 0.1 60.6412 -1.10663 -3.13068 -1.10663 -3.13068 1.65887 0 0.220523 0 
2 1 0 16.2873 0.1 60.6412 -1.1066 -3.12938 -1.1066 -3.12938 1.66167 0 0.220231 0 
2 1 0 16.2824 0.1 60.6412 -1.10658 -3.12809 -1.10658 -3.12809 1.66446 0 0.219941 0 
2 1 0 16.2776 0.1 60.6412 -1.10655 -3.12681 -1.10655 -3.12681 1.66722 0 0.219655 0 
2 1 0 16.2728 0.1 60.6412 -1.10653 -3.12554 -1.10653 -3.12554 1.66997 0 0.219372 0 
2 1 0 16.2679 0.1 60.6412 -1.1065 -3.12428 -1.1065 -3.12428 1.6727 0 0.219093 0 
2 1 0 16.2631 0.1 60.6412 -1.10648 -3.12303 -1.10648 -3.12303 1.67542 0 0.218816 0 
2 1 0 16.2582 0.1 60.6412 -1.10645 -3.12178 -1.10645 -3.12178 1.67812 0 0.218543 0 
2 1 0 16.2534 0.1 60.6412 -1.10643 -3.12054 -1.10643 -3.12054 1.6808 0 0.218273 0 
2 1 0 16.2485 0.1 60.6412 -1.1064 -3.11931 -1.1064 -3.11931 1.68346 0 0.218005 0 
2 1 0 16.2437 0.1 60.6412 -1.10638 -3.11808 -1.10638 -3.11808 1.68611 0 0.217741 0 
2 1 0 16.2388 0.1 60.6412 -1.10635 -3.11687 -1.10635 -3.11687 1.68875 0 0.217479 0 
2 1 0 16.234 0.1 60.6412 -1.10632 -3.11566 -1.10632 -3.11566 1.69136 0 0.217221 0 
2 1 0 16.2291 0.1 60.6412 -1.1063 -3.11446 -1.1063 -3.11446 1.69397 0 0.216965 0 
2 1 0 16.2243 0.1 60.6412 -1.10627 -3.11327 -1.10627 -3.11327 1.69655 0 0.216711 0 
2 1 0 16.2194 0.1 60.6412 -1.10625 -3.11208 -1.10625 -3.11208 1.69913 0 0.216461 0 
2 1 0 16.2146 0.1 60.6412 -1.10622 -3.1109 -1.10622 -3.1109 1.70168 0 0.216213 0 
2 1 0 16.2097 0.1 60.6412 -1.1062 -3.10973 -1.1062 -3.10973 1.70423 0 0.215968 0 
2 1 0 16.2048 0.1 60.6412 -1.10617 -3.10857 -1.10617 -3.10857 1.70675 0 0.215725 0 
2 1 0 16.2 0.1 60.6412 -1.10615 -3.10741 -1.10615 -3.10741 1.70927 0 0.215485 0 
2 1 0 16.1951 0.1 60.6412 -1.10612 -3.10626 -1.10612 -3.10626 1.71177 0 0.215248 0 
2 1 0 16.1903 0.1 60.6412 -1.1061 -3.10512 -1.1061 -3.10512 1.71425 0 0.215013 0 
2 1 0 16.1854 0.1 60.6412 -1.10607 -3.10398 -1.10607 -3.10398 1.71673 0 0.21478 0 
2 1 0 16.1805 0.1 60.6412 -1.10604 -3.10285 -1.10604 -3.10285 1.71918 0 0.21455 0 
2 1 0 16.1756 0.1 60.6412 -1.10602 -3.10173 -1.10602 -3.10173 1.72163 0 0.214322 0 
2 1 0 16.1708 0.1 60.6412 -1.10599 -3.10061 -1.10599 -3.10061 1.72406 0 0.214096 0 
2 1 0 16.1659 0.1 60.6412 -1.10597 -3.0995 -1.10597 -3.0995 1.72648 0 0.213873 0 
2 1 0 16.161 0.1 60.6412 -1.10594 -3.0984 -1.10594 -3.0984 1.72888 0 0.213652 0 
2 1 0 16.1561 0.1 60.6412 -1.10592 -3.0973 -1.10592 -3.0973 1.73127 0 0.213433 0 
2 1 0 16.1513 0.1 60.6412 -1.10589 -3.09621 -1.10589 -3.09621 1.73365 0 0.213217 0 
2 1 0 16.1464 0.1 60.6412 -1.10586 -3.09513 -1.10586 -3.09513 1.73602 0 0.213002 0 
2 1 0 16.1415 0.1 60.6412 -1.10584 -3.09405 -1.10584 -3.09405 1.73837 0 0.21279 0 
2 1 0 16.1366 0.1 60.6412 -1.10581 -3.09298 -1.10581 -3.09298 1.74072 0 0.21258 0 
2 1 0 16.1317 0.1 60.6412 -1.10579 -3.09192 -1.10579 -3.09192 1.74305 0 0.212372 0 
2 1 0 16.1268 0.1 60.6412 -1.10576 -3.09086 -1.10576 -3.09086 1.74536 0 0.212166 0 
2 1 0 16.1219 0.1 60.6412 -1.10573 -3.08981 -1.10573 -3.08981 1.74767 0 0.211962 0 
2 1 0 16.1171 0.1 60.6412 -1.10571 -3.08877 -1.10571 -3.08877 1.74996 0 0.21176 0 
2 1 0 16.1122 0.1 60.6412 -1.10568 -3.08773 -1.10568 -3.08773 1.75224 0 0.21156 0 
2 1 0 16.1073 0.1 60.6412 -1.10565 -3.08669 -1.10565 -3.08669 1.75451 0 0.211362 0 
2 1 0 16.1024 0.1 60.6412 -1.10563 -3.08566 -1.10563 -3.08566 1.75677 0 0.211165 0 
2 1 0 16.0975 0.1 60.6412 -1.1056 -3.08464 -1.1056 -3.08464 1.75902 0 0.210971 0 
2 1 0 16.0926 0.1 60.6412 -1.10558 -3.08363 -1.10558 -3.08363 1.76125 0 0.210779 0 
2 1 0 16.0877 0.1 60.6412 -1.10555 -3.08262 -1.10555 -3.08262 1.76348 0 0.210588 0 
2 1 0 16.0828 0.1 60.6412 -1.10552 -3.08161 -1.10552 -3.08161 1.76569 0 0.210399 0 
2 1 0 16.0779 0.1 60.6412 -1.1055 -3.08062 -1.1055 -3.08062 1.76789 0 0.210212 0 
2 1 0 16.073 0.1 60.6412 -1.10547 -3.07962 -1.10547 -3.07962 1.77008 0 0.210027 0 
2 1 0 16.0681 0.1 60.6412 -1.10544 -3.07864 -1.10544 -3.07864 1.77226 0 0.209844 0 
2 1 0 16.0632 0.1 60.6412 -1.10542 -3.07766 -1.10542 -3.07766 1.77443 0 0.209662 0 
2 1 0 16.0583 0.1 60.6412 -1.10539 -3.07668 -1.10539 -3.07668 1.77659 0 0.209482 0 
2 1 0 16.0534 0.1 60.6412 -1.10536 -3.07571 -1.10536 -3.07571 1.77874 0 0.209304 0 
2 1 0 16.0485 0.1 60.6412 -1.10534 -3.07475 -1.10534 -3.07475 1.78088 0 0.209127 0 
2 1 0 16.0436 0.1 60.6412 -1.10531 -3.07379 -1.10531 -3.07379 1.783 0 0.208952 0 
2 1 0 16.0387 0.1 60.6412 -1.10528 -3.07283 -1.10528 -3.07283 1.78512 0 0.208779 0 
2 1 0 16.0338 0.1 60.6412 -1.10525 -3.07188 -1.10525 -3.07188 1.78723 0 0.208607 0 
2 1 0 16.0288 0.1 60.6412 -1.10523 -3.07094 -1.10523 -3.07094 1.78932 0 0.208437 0 
2 1 0 16.0239 0.1 60.6412 -1.1052 -3.07 -1.1052 -3.07 1.79141 0 0.208269 0 
2 1 0 16.019 0.1 60.6412 -1.10517 -3.06907 -1.10517 -3.06907 1.79349 0 0.208102 0 
2 1 0 16.0141 0.1 60.6412 -1.10515 -3.06814 -1.10515 -3.06814 1.79556 0 0.207936 0 
2 1 0 16.0092 0.1 60.6412 -1.10512 -3.06722 -1.10512 -3.06722 1.79761 0 0.207772 0 
2 1 0 16.0043 0.1 60.6412 -1.10509 -3.06631 -1.10509 -3.06631 1.79966 0 0.20761 0 
2 1 0 15.9994 0.1 60.6412 -1.10506 -3.06539 -1.10506 -3.06539 1.8017 0 0.207449 0 
2 1 0 15.9944 0.1 60.6412 -1.10504 -3.06449 -1.10504 -3.06449 1.80373 0 0.20729 0 
2 1 0 15.9895 0.1 60.6412 -1.10501 -3.06359 -1.10501 -3.06359 1.80575 0 0.207132 0 
2 1 0 15.9846 0.1 60.6412 -1.10498 -3.06269 -1.10498 -3.06269 1.80776 0 0.206975 0 
2 1 0 15.9797 0.1 60.6412 -1.10495 -3.0618 -1.10495 -3.0618 1.80976 0 0.20682 0 
2 1 0 15.9748 0.1 60.6412 -1.10493 -3.06091 -1.10493 -3.06091 1.81175 0 0.206666 0 
2 1 0 15.9698 0.1 60.6412 -1.1049 -3.06003 -1.1049 -3.06003 1.81373 0 0.206514 0 
2 1 0 15.9649 0.1 60.6412 -1.10487 -3.05915 -1.10487 -3.05915 1.8157 0 0.206363 0 
2 1 0 15.96 0.1 60.6412 -1.10484 -3.05828 -1.10484 -3.05828 1.81766 0 0.206214 0 
2 1 0 15.9551 0.1 60.6412 -1.10482 -3.05742 -1.10482 -3.05742 1.81962 0 0.206066 0 
2 1 0 15.9501 0.1 60.6412 -1.10479 -3.05655 -1.10479 -3.05655 1.82157 0 0.205919 0 
2 1 0 15.9452 0.1 60.6412 -1.10476 -3.0557 -1.10476 -3.0557 1.8235 0 0.205773 0 
2 1 0 15.9403 0.1 60.6412 -1.10473 -3.05484 -1.10473 -3.05484 1.82543 0 0.205629 0 
2 1 0 15.9354 0.1 60.6412 -1.1047 -3.054 -1.1047 -3.054 1.82735 0 0.205486 0 
2 1 0 15.9304 0.1 60.6412 -1.10468 -3.05315 -1.10468 -3.05315 1.82926 0 0.205344 0 
2 1 0 15.9255 0.1 60.6412 -1.10465 -3.05232 -1.10465 -3.05232 1.83116 0 0.205204 0 
2 1 0 15.9206 0.1 60.6412 -1.10462 -3.05148 -1.10462 -3.05148 1.83306 0 0.205065 0 
2 1 0 15.9157 0.1 60.6412 -1.10459 -3.05065 -1.10459 -3.05065 1.83494 0 0.204927 0 
2 1 0 15.9107 0.1 60.6412 -1.10456 -3.04983 -1.10456 -3.04983 1.83682 0 0.20479 0 
2 1 0 15.9058 0.1 60.6412 -1.10453 -3.04901 -1.10453 -3.04901 1.83869 0 0.204655 0 
2 1 0 15.9009 0.1 60.6412 -1.10451 -3.04819 -1.10451 -3.04819 1.84055 0 0.204521 0 
2 1 0 15.8959 0.1 60.6412 -1.10448 -3.04738 -1.10448 -3.04738 1.8424 0 0.204388 0 
2 1 0 15.891 0.1 60.6412 -1.10445 -3.04658 -1.10445 -3.04658 1.84424 0 0.204256 0 
2 1 0 15.8861 0.1 60.6412 -1.10442 -3.04577 -1.10442 -3.04577 1.84608 0 0.204125 0 
2 1 0 15.8811 0.1 60.6412 -1.10439 -3.04498 -1.10439 -3.04498 1.8479 0 0.203996 0 
2 1 0 15.8762 0.1 60.6412 -1.10436 -3.04418 -1.10436 -3.04418 1.84972 0 0.203868 0 
2 1 0 15.8712 0.1 60.6412 -1.10433 -3.04339 -1.10433 -3.04339 1.85153 0 0.203741 0 
2 1 0 15.8663 0.1 60.6412 -1.10431 -3.04261 -1.10431 -3.04261 1.85334 0 0.203615 0 
2 1 0 15.8614 0.1 60.6412 -1.10428 -3.04183 -1.10428 -3.04183 1.85513 0 0.20349 0 
2 1 0 15.8564 0.1 60.6412 -1.10425 -3.04105 -1.10425 -3.04105 1.85692 0 0.203366 0 
2 1 0 15.8515 0.1 60.6412 -1.10422 -3.04028 -1.10422 -3.04028 1.8587 0 0.203243 0 
2 1 0 15.8465 0.1 60.6412 -1.10419 -3.03951 -1.10419 -3.03951 1.86047 0 0.203122 0 
2 1 0 15.8416 0.1 60.6412 -1.10416 -3.03875 -1.10416 -3.03875 1.86224 0 0.203001 0 
2 1 0 15.8367 0.1 60.6412 -1.10413 -3.03799 -1.10413 -3.03799 1.86399 0 0.202882 0 
2 1 0 15.8317 0.1 60.6412 -1.1041 -3.03724 -1.1041 -3.03724 1.86574 0 0.202763 0 
2 1 0 15.8268 0.1 60.6412 -1.10407 -3.03649 -1.10407 -3.03649 1.86749 0 0.202646 0 
2 1 0 15.8218 0.1 60.6412 -1.10404 -3.03574 -1.10404 -3.03574 1.86922 0 0.20253 0 
2 1 0 15.8169 0.1 60.6412 -1.10401 -3.035 -1.10401 -3.035 1.87095 0 0.202415 0 
2 1 0 15.8119 0.1 60.6412 -1.10398 -3.03426 -1.10398 -3.03426 1.87266 0 0.2023 0 
2 1 0 15.807 0.1 60.6412 -1.10395 -3.03352 -1.10395 -3.03352 1.87438 0 0.202187 0 
2 1 0 15.8021 0.1 60.6412 -1.10393 -3.03279 -1.10393 -3.03279 1.87608 0 0.202075 0 
2 1 0 15.7971 0.1 60.6412 -1.1039 -3.03207 -1.1039 -3.03207 1.87778 0 0.201964 0 
2 1 0 15.7922 0.1 60.6412 -1.10387 -3.03135 -1.10387 -3.03135 1.87947 0 0.201854 0 
2 1 0 15.7872 0.1 60.6412 -1.10384 -3.03063 -1.10384 -3.03063 1.88115 0 0.201744 0 
2 1 0 15.7823 0.1 60.6412 -1.10381 -3.02991 -1.10381 -3.02991 1.88283 0 0.201636 0 
2 1 0 15.7773 0.1 60.6412 -1.10378 -3.0292 -1.10378 -3.0292 1.88449 0 0.201529 0 
2 1 0 15.7724 0.1 60.6412 -1.10375 -3.0285 -1.10375 -3.0285 1.88616 0 0.201423 0 
2 1 0 15.7674 0.1 60.6412 -1.10372 -3.02779 -1.10372 -3.02779 1.88781 0 0.201317 0 
2 1 0 15.7625 0.1 60.6412 -1.10369 -3.02709 -1.10369 -3.02709 1.88946 0 0.201213 0 
2 1 0 15.7575 0.1 60.6412 -1.10366 -3.0264 -1.10366 -3.0264 1.8911 0 0.20111 0 
2 1 0 15.7526 0.1 60.6412 -1.10363 -3.02571 -1.10363 -3.02571 1.89273 0 0.201007 0 
2 1 0 15.7476 0.1 60.6412 -1.10359 -3.02502 -1.10359 -3.02502 1.89436 0 0.200905 0 
2 1 0 15.7427 0.1 60.6412 -1.10356 -3.02434 -1.10356 -3.02434 1.89598 0 0.200805 0 
2 1 0 15.7377 0.1 60.6412 -1.10353 -3.02366 -1.10353 -3.02366 1.89759 0 0.200705 0 
2 1 0 15.7327 0.1 60.6412 -1.1035 -3.02298 -1.1035 -3.02298 1.89919 0 0.200606 0 
2 1 0 15.7278 0.1 60.6412 -1.10347 -3.02231 -1.10347 -3.02231 1.90079 0 0.200508 0 
2 1 0 15.7228 0.1 60.6412 -1.10344 -3.02164 -1.10344 -3.02164 1.90238 0 0.200411 0 
2 1 0 15.7179 0.1 60.6412 -1.10341 -3.02098 -1.10341 -3.02098 1.90397 0 0.200315 0 
2 1 0 15.7129 0.1 60.6412 -1.10338 -3.02031 -1.10338 -3.02031 1.90555 0 0.20022 0 
2 1 0 15.708 0.1 60.6412 -1.10335 -3.01966 -1.10335 -3.01966 1.90712 0 0.200125 0 
2 1 0 15.703 0.1 60.6412 -1.10332 -3.019 -1.10332 -3.019 1.90868 0 0.200032 0 
2 1 0 15.6981 0.1 60.6412 -1.10329 -3.01835 -1.10329 -3.01835 1.91024 0 0.199939 0 
2 1 0 15.6931 0.1 60.6412 -1.10326 -3.01771 -1.10326 -3.01771 1.9118 0 0.199847 0 
2 1 0 15.6881 0.1 60.6412 -1.10322 -3.01706 -1.10322 -3.01706 1.91334 0 0.199756 0 
2 1 0 15.6832 0.1 60.6412 -1.10319 -3.01642 -1.10319 -3.01642 1.91488 0 0.199666 0 
2 1 0 15.6782 0.1 60.6412 -1.10316 -3.01579 -1.10316 -3.01579 1.91641 0 0.199576 0 
2 1 0 15.6733 0.1 60.6412 -1.10313 -3.01515 -1.10313 -3.01515 1.91794 0 0.199488 0 
2 1 0 15.6683 0.1 60.6412 -1.1031 -3.01453 -1.1031 -3.01453 1.91946 0 0.1994 0 
2 1 0 15.6633 0.1 60.6412 -1.10307 -3.0139 -1.10307 -3.0139 1.92097 0 0.199313 0 
2 1 0 15.6584 0.1 60.6412 -1.10304 -3.01328 -1.10304 -3.01328 1.92248 0 0.199227 0 
2 1 0 15.6534 0.1 60.6412 -1.103 -3.01266 -1.103 -3.01266 1.92398 0 0.199142 0 
2 1 0 15.6485 0.1 60.6412 -1.10297 -3.01204 -1.10297 -3.01204 1.92547 0 0.199057 0 
2 1 0 15.6435 0.1 60.6412 -1.10294 -3.01143 -1.10294 -3.01143 1.92696 0 0.198973 0 
2 1 0 15.6385 0.1 60.6412 -1.10291 -3.01082 -1.10291 -3.01082 1.92844 0 0.19889 0 
2 1 0 15.6336 0.1 60.6412 -1.10288 -3.01022 -1.10288 -3.01022 1.92992 0 0.198808 0 
2 1 0 15.6286 0.1 60.6412 -1.10284 -3.00962 -1.10284 -3.00962 1.93139 0 0.198727 0 
2 1 0 15.6236 0.1 60.6412 -1.10281 -3.00902 -1.10281 -3.00902 1.93285 0 0.198646 0 
2 1 0 15.6187 0.1 60.6412 -1.10278 -3.00842 -1.10278 -3.00842 1.93431 0 0.198566 0 
2 1 0 15.6137 0.1 60.6412 -1.10275 -3.00783 -1.10275 -3.00783 1.93576 0 0.198487 0 
2 1 0 15.6087 0.1 60.6412 -1.10271 -3.00725 -1.10271 -3.00725 1.93721 0 0.198409 0 
2 1 0 15.6038 0.1 60.6412 -1.10268 -3.00666 -1.10268 -3.00666 1.93865 0 0.198331 0 
2 1 0 15.5988 0.1 60.6412 -1.10265 -3.00608 -1.10265 -3.00608 1.94008 0 0.198254 0 
2 1 0 15.5938 0.1 60.6412 -1.10262 -3.0055 -1.10262 -3.0055 1.9415 0 0.198178 0 
2 1 0 15.5889 0.1 60.6412 -1.10258 -3.00493 -1.10258 -3.00493 1.94293 0 0.198103 0 
2 1 0 15.5839 0.1 60.6412 -1.10255 -3.00435 -1.10255 -3.00435 1.94434 0 0.198028 0 
2 1 0 15.5789 0.1 60.6412 -1.10252 -3.00379 -1.10252 -3.00379 1.94575 0 0.197954 0 
2 1 0 15.574 0.1 60.6412 -1.10249 -3.00322 -1.10249 -3.00322 1.94715 0 0.197881 0 
2 1 0 15.569 0.1 60.6412 -1.10245 -3.00266 -1.10245 -3.00266 1.94855 0 0.197809 0 
2 1 0 15.564 0.1 60.6412 -1.10242 -3.0021 -1.10242 -3.0021 1.94994 0 0.197737 0 
2 1 0 15.5591 0.1 60.6412 -1.10239 -3.00154 -1.10239 -3.00154 1.95133 0 0.197666 0 
2 1 0 15.5541 0.1 60.6412 -1.10235 -3.00099 -1.10235 -3.00099 1.95271 0 0.197595 0 
2 1 0 15.5491 0.1 60.6412 -1.10232 -3.00044 -1.10232 -3.00044 1.95408 0 0.197526 0 
2 1 0 15.5442 0.1 60.6412 -1.10229 -2.99989 -1.10229 -2.99989 1.95545 0 0.197457 0 
2 1 0 15.5392 0.1 60.6412 -1.10225 -2.99935 -1.10225 -2.99935 1.95681 0 0.197388 0 
2 1 0 15.5342 0.1 60.6412 -1.10222 -2.99881 -1.10222 -2.99881 1.95816 0 0.197321 0 
2 1 0 15.5292 0.1 60.6412 -1.10218 -2.99827 -1.10218 -2.99827 1.95952 0 0.197254 0 
2 1 0 15.5243 0.1 60.6412 -1.10215 -2.99774 -1.10215 -2.99774 1.96086 0 0.197188 0 
2 1 0 15.5193 0.1 60.6412 -1.10212 -2.99721 -1.10212 -2.99721 1.9622 0 0.197122 0 
2 1 0 15.5143 0.1 60.6412 -1.10208 -2.99668 -1.10208 -2.99668 1.96353 0 0.197057 0 
2 1 0 15.5094 0.1 60.6412 -1.10205 -2.99616 -1.10205 -2.99616 1.96486 0 0.196993 0 
2 1 0 15.5044 0.1 60.6412 -1.10201 -2.99563 -1.10201 -2.99563 1.96618 0 0.196929 0 
2 1 0 15.4994 0.1 60.6412 -1.10198 -2.99512 -1.10198 -2.99512 1.9675 0 0.196866 0 
2 1 0 15.4944 0.1 60.6412 -1.10195 -2.9946 -1.10195 -2.9946 1.96881 0 0.196804 0 
2 1 0 15.4895 0.1 60.6412 -1.10191 -2.99409 -1.10191 -2.99409 1.97012 0 0.196743 0 
2 1 0 15.4845 0.1 60.6412 -1.10188 -2.99358 -1.10188 -2.99358 1.97142 0 0.196682 0 
2 1 0 15.4795 0.1 60.6412 -1.10184 -2.99307 -1.10184 -2.99307 1.97271 0 0.196621 0 
2 1 0 15.4745 0.1 60.6412 -1.10181 -2.99257 -1.10181 -2.99257 1.974 0 0.196562 0 
2 1 0 15.4696 0.1 60.6412 -1.10177 -2.99207 -1.10177 -2.99207 1.97528 0 0.196503 0 
2 1 0 15.4646 0.1 60.6412 -1.10174 -2.99157 -1.10174 -2.99157 1.97656 0 0.196444 0 
2 1 0 15.4596 0.1 60.6412 -1.1017 -2.99107 -1.1017 -2.99107 1.97783 0 0.196386 0 
2 1 0 15.4546 0.1 60.6412 -1.10167 -2.99058 -1.10167 -2.99058 1.9791 0 0.196329 0 
2 1 0 15.4497 0.1 60.6412 -1.10163 -2.99009 -1.10163 -2.99009 1.98036 0 0.196273 0 
2 1 0 15.4447 0.1 60.6412 -1.1016 -2.9896 -1.1016 -2.9896 1.98162 0 0.196217 0 
2 1 0 15.4397 0.1 60.6412 -1.10156 -2.98912 -1.10156 -2.98912 1.98287 0 0.196162 0 
2 1 0 15.4347 0.1 60.6412 -1.10153 -2.98864 -1.10153 -2.98864 1.98411 0 0.196107 0 
2 1 0 15.4298 0.1 60.6412 -1.10149 -2.98816 -1.10149 -2.98816 1.98535 0 0.196053 0 
2 1 0 15.4248 0.1 60.6412 -1.10146 -2.98769 -1.10146 -2.98769 1.98659 0 0.195999 0 
2 1 0 15.4198 0.1 60.6412 -1.10142 -2.98721 -1.10142 -2.98721 1.98781 0 0.195946 0 
2 1 0 15.4148 0.1 60.6412 -1.10138 -2.98674 -1.10138 -2.98674 1.98904 0 0.195894 0 
2 1 0 15.4099 0.1 60.6412 -1.10135 -2.98628 -1.10135 -2.98628 1.99026 0 0.195842 0 
2 1 0 15.4049 0.1 60.6412 -1.10131 -2.98581 -1.10131 -2.98581 1.99147 0 0.195791 0 
2 1 0 15.3999 0.1 60.6412 -1.10128 -2.98535 -1.10128 -2.98535 1.99268 0 0.195741 0 
2 1 0 15.3949 0.1 60.6412 -1.10124 -2.98489 -1.10124 -2.98489 1.99388 0 0.195691 0 
2 1 0 15.3899 0.1 60.6412 -1.1012 -2.98444 -1.1012 -2.98444 1.99508 0 0.195642 0 
2 1 0 15.385 0.1 60.6412 -1.10117 -2.98399 -1.10117 -2.98399 1.99627 0 0.195593 0 
2 1 0 15.38 0.1 60.6412 -1.10113 -2.98354 -1.10113 -2.98354 1.99746 0 0.195545 0 
2 1 0 15.375 0.1 60.6412 -1.10109 -2.98309 -1.10109 -2.98309 1.99864 0 0.195497 0 
2 1 0 15.37 0.1 60.6412 -1.10106 -2.98264 -1.10106 -2.98264 1.99981 0 0.19545 0 
2 1 0 15.365 0.1 60.6412 -1.10102 -2.9822 -1.10102 -2.9822 2.00099 0 0.195404 0 
2 1 0 15.3601 0.1 60.6412 -1.10098 -2.98176 -1.10098 -2.98176 2.00215 0 0.195358 0 
2 1 0 15.3551 0.1 60.6412 -1.10095 -2.98132 -1.10095 -2.98132 2.00331 0 0.195313 0 
2 1 0 15.3501 0.1 60.6412 -1.10091 -2.98089 -1.10091 -2.98089 2.00447 0 0.195268 0 
2 1 0 15.3451 0.1 60.6412 -1.10087 -2.98046 -1.10087 -2.98046 2.00562 0 0.195224 0 
2 1 0 15.3401 0.1 60.6412 -1.10084 -2.98003 -1.10084 -2.98003 2.00676 0 0.19518 0 
2 1 0 15.3352 0.1 60.6412 -1.1008 -2.9796 -1.1008 -2.9796 2.0079 0 0.195137 0 
2 1 0 15.3302 0.1 60.6412 -1.10076 -2.97918 -1.10076 -2.97918 2.00904 0 0.195095 0 
2 1 0 15.3252 0.1 60.6412 -1.10072 -2.97876 -1.10072 -2.97876 2.01017 0 0.195053 0 
2 1 0 15.3202 0.1 60.6412 -1.10069 -2.97834 -1.10069 -2.97834 2.0113 0 0.195011 0 
2 1 0 15.3152 0.1 60.6412 -1.10065 -2.97793 -1.10065 -2.97793 2.01242 0 0.194971 0 
2 1 0 15.3102 0.1 60.6412 -1.10061 -2.97751 -1.10061 -2.97751 2.01353 0 0.19493 0 
2 1 0 15.3053 0.1 60.6412 -1.10057 -2.9771 -1.10057 -2.9771 2.01464 0 0.19489 0 
2 1 0 15.3003 0.1 60.6412 -1.10054 -2.97669 -1.10054 -2.97669 2.01575 0 0.194851 0 
2 1 0 15.2953 0.1 60.6412 -1.1005 -2.97629 -1.1005 -2.97629 2.01685 0 0.194813 0 
2 1 0 15.2903 0.1 60.6412 -1.10046 -2.97588 -1.10046 -2.97588 2.01794 0 0.194774 0 
2 1 0 15.2853 0.1 60.6412 -1.10042 -2.97548 -1.10042 -2.97548 2.01903 0 0.194737 0 
2 1 0 15.2803 0.1 60.6412 -1.10038 -2.97509 -1.10038 -2.97509 2.02012 0 0.1947 0 
2 1 0 15.2754 0.1 60.6412 -1.10034 -2.97469 -1.10034 -2.97469 2.0212 0 0.194663 0 
2 1 0 15.2704 0.1 60.6412 -1.10031 -2.9743 -1.10031 -2.9743 2.02227 0 0.194627 0 
2 1 0 15.2654 0.1 60.6412 -1.10027 -2.97391 -1.10027 -2.97391 2.02334 0 0.194592 0 
2 1 0 15.2604 0.1 60.6412 -1.10023 -2.97352 -1.10023 -2.97352 2.02441 0 0.194557 0 
2 1 0 15.2554 0.1 60.6412 -1.10019 -2.97313 -1.10019 -2.97313 2.02547 0 0.194522 0 
2 1 0 15.2504 0.1 60.6412 -1.10015 -2.97275 -1.10015 -2.97275 2.02652 0 0.194488 0 
2 1 0 15.2454 0.1 60.6412 -1.10011 -2.97237 -1.10011 -2.97237 2.02757 0 0.194455 0 
2 1 0 15.2405 0.1 60.6412 -1.10007 -2.97199 -1.10007 -2.97199 2.02862 0 0.194422 0 
2 1 0 15.2355 0.1 60.6412 -1.10003 -2.97162 -1.10003 -2.97162 2.02966 0 0.194389 0 
2 1 0 15.2305 0.1 60.6412 -1.09999 -2.97124 -1.09999 -2.97124 2.0307 0 0.194357 0 
2 1 0 15.2255 0.1 60.6412 -1.09995 -2.97087 -1.09995 -2.97087 2.03173 0 0.194326 0 
2 1 0 15.2205 0.1 60.6412 -1.09991 -2.9705 -1.09991 -2.9705 2.03276 0 0.194295 0 
2 1 0 15.2155 0.1 60.6412 -1.09987 -2.97014 -1.09987 -2.97014 2.03378 0 0.194265 0 
2 1 0 15.2105 0.1 60.6412 -1.09983 -2.96977 -1.09983 -2.96977 2.03479 0 0.194235 0 
2 1 0 15.2056 0.1 60.6412 -1.09979 -2.96941 -1.09979 -2.96941 2.03581 0 0.194205 0 
2 1 0 15.2006 0.1 60.6412 -1.09975 -2.96905 -1.09975 -2.96905 2.03681 0 0.194176 0 
2 1 0 15.1956 0.1 60.6412 -1.09971 -2.9687 -1.09971 -2.9687 2.03782 0 0.194148 0 
2 1 0 15.1906 0.1 60.6412 -1.09967 -2.96834 -1.09967 -2.96834 2.03881 0 0.19412 0 
2 1 0 15.1856 0.1 60.6412 -1.09963 -2.96799 -1.09963 -2.96799 2.03981 0 0.194092 0 
2 1 0 15.1806 0.1 60.6412 -1.09959 -2.96764 -1.09959 -2.96764 2.04079 0 0.194065 0 
2 1 0 15.1756 0.1 60.6412 -1.09955 -2.96729 -1.09955 -2.96729 2.04178 0 0.194039 0 
2 1 0 15.1706 0.1 60.6412 -1.09951 -2.96695 -1.09951 -2.96695 2.04276 0 0.194013 0 
2 1 0 15.1657 0.1 60.6412 -1.09947 -2.96661 -1.09947 -2.96661 2.04373 0 0.193988 0 
2 1 0 15.1607 0.1 60.6412 -1.09943 -2.96627 -1.09943 -2.96627 2.0447 0 0.193963 0 
2 1 0 15.1557 0.1 60.6412 -1.09939 -2.96593 -1.09939 -2.96593 2.04566 0 0.193938 0 
2 1 0 15.1507 0.1 60.6412 -1.09935 -2.96559 -1.09935 -2.96559 2.04662 0 0.193914 0 
2 1 0 15.1457 0.1 60.6412 -1.09931 -2.96526 -1.09931 -2.96526 2.04758 0 0.19389 0 
2 1 0 15.1407 0.1 60.6412 -1.09927 -2.96493 -1.09927 -2.96493 2.04853 0 0.193867 0 
2 1 0 15.1357 0.1 60.6412 -1.09922 -2.9646 -1.09922 -2.9646 2.04947 0 0.193845 0 
2 1 0 15.1307 0.1 60.6412 -1.09918 -2.96427 -1.09918 -2.96427 2.05042 0 0.193822 0 
2 1 0 15.1257 0.1 60.6412 -1.09914 -2.96395 -1.09914 -2.96395 2.05135 0 0.193801 0 
2 1 0 15.1208 0.1 60.6412 -1.0991 -2.96363 -1.0991 -2.96363 2.05228 0 0.19378 0 
2 1 0 15.1158 0.1 60.6412 -1.09906 -2.96331 -1.09906 -2.96331 2.05321 0 0.193759 0 
2 1 0 15.1108 0.1 60.6412 -1.09902 -2.96299 -1.09902 -2.96299 2.05413 0 0.193739 0 
2 1 0 15.1058 0.1 60.6412 -1.09897 -2.96267 -1.09897 -2.96267 2.05505 0 0.193719 0 
2 1 0 15.1008 0.1 60.6412 -1.09893 -2.96236 -1.09893 -2.96236 2.05596 0 0.193699 0 
2 1 0 15.0958 0.1 60.6412 -1.09889 -2.96205 -1.09889 -2.96205 2.05687 0 0.193681 0 
2 1 0 15.0908 0.1 60.6412 -1.09885 -2.96174 -1.09885 -2.96174 2.05778 0 0.193662 0 
2 1 0 15.0858 0.1 60.6412 -1.0988 -2.96143 -1.0988 -2.96143 2.05868 0 0.193644 0 
2 1 0 15.0808 0.1 60.6412 -1.09876 -2.96113 -1.09876 -2.96113 2.05957 0 0.193627 0 
2 1 0 15.0758 0.1 60.6412 -1.09872 -2.96083 -1.09872 -2.96083 2.06046 0 0.19361 0 
2 1 0 15.0709 0.1 60.6412 -1.09868 -2.96053 -1.09868 -2.96053 2.06135 0 0.193593 0 
2 1 0 15.0659 0.1 60.6412 -1.09863 -2.96023 -1.09863 -2.96023 2.06223 0 0.193577 0 
2 1 0 15.0609 0.1 60.6412 -1.09859 -2.95993 -1.09859 -2.95993 2.0631 0 0.193561 0 
2 1 0 15.0559 0.1 60.6412 -1.09855 -2.95964 -1.09855 -2.95964 2.06398 0 0.193546 0 
2 1 0 15.0509 0.1 60.6412 -1.0985 -2.95935 -1.0985 -2.95935 2.06484 0 0.193531 0 
2 1 0 15.0459 0.1 60.6412 -1.09846 -2.95906 -1.09846 -2.95906 2.06571 0 0.193517 0 
2 1 0 15.0409 0.1 60.6412 -1.09842 -2.95877 -1.09842 -2.95877 2.06656 0 0.193503 0 
2 1 0 15.0359 0.1 60.6412 -1.09837 -2.95849 -1.09837 -2.95849 2.06742 0 0.193489 0 
2 1 0 15.0309 0.1 60.6412 -1.09833 -2.9582 -1.09833 -2.9582 2.06827 0 0.193476 0 
2 1 0 15.0259 0.1 60.6412 -1.09829 -2.95792 -1.09829 -2.95792 2.06911 0 0.193464 0 
2 1 0 15.0209 0.1 60.6412 -1.09824 -2.95764 -1.09824 -2.95764 2.06995 0 0.193452 0 
2 1 0 15.0159 0.1 60.6412 -1.0982 -2.95737 -1.0982 -2.95737 2.07079 0 0.19344 0 
2 1 0 15.011 0.1 60.6412 -1.09815 -2.95709 -1.09815 -2.95709 2.07162 0 0.193429 0 
2 1 0 15.006 0.1 60.6412 -1.09811 -2.95682 -1.09811 -2.95682 2.07244 0 0.193418 0 
2 1 0 15.001 0.1 60.6412 -1.09807 -2.95655 -1.09807 -2.95655 2.07327 0 0.193408 0 
2 1 0 14.996 0.1 60.6412 -1.09802 -2.95628 -1.09802 -2.95628 2.07408 0 0.193398 0 
2 1 0 14.991 0.1 60.6412 -1.09798 -2.95601 -1.09798 -2.95601 2.0749 0 0.193388 0 
2 1 0 14.986 0.1 60.6412 -1.09793 -2.95575 -1.09793 -2.95575 2.07571 0 0.193379 0 
2 1 0 14.981 0.1 60.6412 -1.09789 -2.95548 -1.09789 -2.95548 2.07651 0 0.19337 0 
2 1 0 14.976 0.1 60.6412 -1.09784 -2.95522 -1.09784 -2.95522 2.07731 0 0.193362 0 
2 1 0 14.971 0.1 60.6412 -1.0978 -2.95497 -1.0978 -2.95497 2.07811 0 0.193354 0 
2 1 0 14.966 0.1 60.6412 -1.09775 -2.95471 -1.09775 -2.95471 2.0789 0 0.193347 0 
2 1 0 14.961 0.1 60.6412 -1.09771 -2.95445 -1.09771 -2.95445 2.07968 0 0.19334 0 
2 1 0 14.956 0.1 60.6412 -1.09766 -2.9542 -1.09766 -2.9542 2.08046 0 0.193334 0 
2 1 0 14.951 0.1 60.6412 -1.09761 -2.95395 -1.09761 -2.95395 2.08124 0 0.193328 0 
2 1 0 14.946 0.1 60.6412 -1.09757 -2.9537 -1.09757 -2.9537 2.08202 0 0.193322 0 
2 1 0 14.9411 0.1 60.6412 -1.09752 -2.95346 -1.09752 -2.95346 2.08278 0 0.193317 0 
2 1 0 14.9361 0.1 60.6412 -1.09748 -2.95321 -1.09748 -2.95321 2.08355 0 0.193312 0 
2 1 0 14.9311 0.1 60.6412 -1.09743 -2.95297 -1.09743 -2.95297 2.08431 0 0.193308 0 
2 1 0 14.9261 0.1 60.6412 -1.09739 -2.95273 -1.09739 -2.95273 2.08506 0 0.193304 0 
2 1 0 14.9211 0.1 60.6412 -1.09734 -2.95249 -1.09734 -2.95249 2.08581 0 0.1933 0 
2 1 0 14.9161 0.1 60.6412 -1.09729 -2.95225 -1.09729 -2.95225 2.08656 0 0.193297 0 
2 1 0 14.9111 0.1 60.6412 -1.09725 -2.95202 -1.09725 -2.95202 2.0873 0 0.193294 0 
2 1 0 14.9061 0.1 60.6412 -1.0972 -2.95179 -1.0972 -2.95179 2.08804 0 0.193292 0 
2 1 0 14.9011 0.1 60.6412 -1.09715 -2.95156 -1.09715 -2.95156 2.08878 0 0.19329 0 
2 1 0 14.8961 0.1 60.6412 -1.09711 -2.95133 -1.09711 -2.95133 2.0895 0 0.193289 0 
2 1 0 14.8911 0.1 60.6412 -1.09706 -2.9511 -1.09706 -2.9511 2.09023 0 0.193288 0 
2 1 0 14.8861 0.1 60.6412 -1.09701 -2.95087 -1.09701 -2.95087 2.09095 0 0.193287 0 
2 1 0 14.8811 0.1 60.6412 -1.09696 -2.95065 -1.09696 -2.95065 2.09167 0 0.193287 0 
2 1 0 14.8761 0.1 60.6412 -1.09692 -2.95043 -1.09692 -2.95043 2.09238 0 0.193287 0 
2 1 0 14.8711 0.1 60.6412 -1.09687 -2.95021 -1.09687 -2.95021 2.09308 0 0.193288 0 
2 1 0 14.8661 0.1 60.6412 -1.09682 -2.94999 -1.09682 -2.94999 2.09379 0 0.193289 0 
2 1 0 14.8611 0.1 60.6412 -1.09677 -2.94978 -1.09677 -2.94978 2.09449 0 0.19329 0 
2 1 0 14.8561 0.1 60.6412 -1.09673 -2.94956 -1.09673 -2.94956 2.09518 0 0.193292 0 
2 1 0 14.8512 0.1 60.6412 -1.09668 -2.94935 -1.09668 -2.94935 2.09587 0 0.193294 0 
2 1 0 14.8462 0.1 60.6412 -1.09663 -2.94914 -1.09663 -2.94914 2.09656 0 0.193297 0 
2 1 0 14.8412 0.1 60.6412 -1.09658 -2.94893 -1.09658 -2.94893 2.09724 0 0.1933 0 
2 1 0 14.8362 0.1 60.6412 -1.09653 -2.94873 -1.09653 -2.94873 2.09791 0 0.193304 0 
2 1 0 14.8312 0.1 60.6412 -1.09649 -2.94852 -1.09649 -2.94852 2.09859 0 0.193307 0 
2 1 0 14.8262 0.1 60.6412 -1.09644 -2.94832 -1.09644 -2.94832 2.09926 0 0.193312 0 
2 1 0 14.8212 0.1 60.6412 -1.09639 -2.94812 -1.09639 -2.94812 2.09992 0 0.193316 0 
2 1 0 14.8162 0.1 60.6412 -1.09634 -2.94792 -1.09634 -2.94792 2.10058 0 0.193321 0 
2 1 0 14.8112 0.1 60.6412 -1.09629 -2.94772 -1.09629 -2.94772 2.10124 0 0.193327 0 
2 1 0 14.8062 0.1 60.6412 -1.09624 -2.94753 -1.09624 -2.94753 2.10189 0 0.193333 0 
2 1 0 14.8012 0.1 60.6412 -1.09619 -2.94733 -1.09619 -2.94733 2.10253 0 0.193339 0 
2 1 0 14.7962 0.1 60.6412 -1.09614 -2.94714 -1.09614 -2.94714 2.10318 0 0.193346 0 
2 1 0 14.7912 0.1 60.6412 -1.09609 -2.94695 -1.09609 -2.94695 2.10381 0 0.193353 0 
2 1 0 14.7862 0.1 60.6412 -1.09604 -2.94676 -1.09604 -2.94676 2.10445 0 0.19336 0 
2 1 0 14.7812 0.1 60.6412 -1.09599 -2.94658 -1.09599 -2.94658 2.10508 0 0.193368 0 
2 1 0 14.7762 0.1 60.6412 -1.09594 -2.94639 -1.09594 -2.94639 2.1057 0 0.193377 0 
2 1 0 14.7712 0.1 60.6412 -1.09589 -2.94621 -1.09589 -2.94621 2.10632 0 0.193385 0 
2 1 0 14.7662 0.1 60.6412 -1.09584 -2.94603 -1.09584 -2.94603 2.10694 0 0.193394 0 
2 1 0 14.7612 0.1 60.6412 -1.09579 -2.94585 -1.09579 -2.94585 2.10755 0 0.193404 0 
2 1 0 14.7562 0.1 60.6412 -1.09574 -2.94567 -1.09574 -2.94567 2.10816 0 0.193414 0 
2 1 0 14.7512 0.1 60.6412 -1.09569 -2.94549 -1.09569 -2.94549 2.10877 0 0.193424 0 
2 1 0 14.7462 0.1 60.6412 -1.09564 -2.94532 -1.09564 -2.94532 2.10937 0 0.193435 0 
2 1 0 14.7412 0.1 60.6412 -1.09559 -2.94515 -1.09559 -2.94515 2.10996 0 0.193446 0 
2 1 0 14.7362 0.1 60.6412 -1.09554 -2.94498 -1.09554 -2.94498 2.11055 0 0.193457 0 
2 1 0 14.7312 0.1 60.6412 -1.09549 -2.94481 -1.09549 -2.94481 2.11114 0 0.193469 0 
2 1 0 14.7262 0.1 60.6412 -1.09544 -2.94464 -1.09544 -2.94464 2.11172 0 0.193481 0 
2 1 0 14.7213 0.1 60.6412 -1.09539 -2.94447 -1.09539 -2.94447 2.1123 0 0.193494 0 
2 1 0 14.7163 0.1 60.6412 -1.09534 -2.94431 -1.09534 -2.94431 2.11288 0 0.193507 0 
2 1 0 14.7113 0.1 60.6412 -1.09529 -2.94415 -1.09529 -2.94415 2.11345 0 0.193521 0 
2 1 0 14.7063 0.1 60.6412 -1.09523 -2.94399 -1.09523 -2.94399 2.11401 0 0.193534 0 
2 1 0 14.7013 0.1 60.6412 -1.09518 -2.94383 -1.09518 -2.94383 2.11457 0 0.193549 0 
2 1 0 14.6963 0.1 60.6412 -1.09513 -2.94367 -1.09513 -2.94367 2.11513 0 0.193563 0 
2 1 0 14.6913 0.1 60.6412 -1.09508 -2.94352 -1.09508 -2.94352 2.11568 0 0.193578 0 
2 1 0 14.6863 0.1 60.6412 -1.09503 -2.94336 -1.09503 -2.94336 2.11623 0 0.193593 0 
2 1 0 14.6813 0.1 60.6412 -1.09497 -2.94321 -1.09497 -2.94321 2.11678 0 0.193609 0 
2 1 0 14.6763 0.1 60.6412 -1.09492 -2.94306 -1.09492 -2.94306 2.11732 0 0.193625 0 
2 1 0 14.6713 0.1 60.6412 -1.09487 -2.94291 -1.09487 -2.94291 2.11786 0 0.193642 0 
2 1 0 14.6663 0.1 60.6412 -1.09482 -2.94276 -1.09482 -2.94276 2.11839 0 0.193659 0 
2 1 0 14.6613 0.1 60.6412 -1.09476 -2.94262 -1.09476 -2.94262 2.11892 0 0.193676 0 
2 1 0 14.6563 0.1 60.6412 -1.09471 -2.94248 -1.09471 -2.94248 2.11944 0 0.193694 0 
2 1 0 14.6513 0.1 60.6412 -1.09466 -2.94233 -1.09466 -2.94233 2.11996 0 0.193712 0 
2 1 0 14.6463 0.1 60.6412 -1.0946 -2.94219 -1.0946 -2.94219 2.12047 0 0.19373 0 
2 1 0 14.6413 0.1 60.6412 -1.09455 -2.94205 -1.09455 -2.94205 2.12099 0 0.193749 0 
2 1 0 14.6363 0.1 60.6412 -1.0945 -2.94192 -1.0945 -2.94192 2.12149 0 0.193768 0 
2 1 0 14.6313 0.1 60.6412 -1.09444 -2.94178 -1.09444 -2.94178 2.122 0 0.193788 0 
2 1 0 14.6263 0.1 60.6412 -1.09439 -2.94165 -1.09439 -2.94165 2.12249 0 0.193808 0 
2 1 0 14.6213 0.1 60.6412 -1.09434 -2.94152 -1.09434 -2.94152 2.12299 0 0.193828 0 
2 1 0 14.6163 0.1 60.6412 -1.09428 -2.94138 -1.09428 -2.94138 2.12348 0 0.193849 0 
2 1 0 14.6113 0.1 60.6412 -1.09423 -2.94126 -1.09423 -2.94126 2.12396 0 0.19387 0 
2 1 0 14.6063 0.1 60.6412 -1.09418 -2.94113 -1.09418 -2.94113 2.12445 0 0.193892 0 
2 1 0 14.6013 0.1 60.6412 -1.09412 -2.941 -1.09412 -2.941 2.12492 0 0.193914 0 
2 1 0 14.5963 0.1 60.6412 -1.09407 -2.94088 -1.09407 -2.94088 2.1254 0 0.193936 0 
2 1 0 14.5913 0.1 60.6412 -1.09401 -2.94075 -1.09401 -2.94075 2.12587 0 0.193959 0 
2 1 0 14.5863 0.1 60.6412 -1.09396 -2.94063 -1.09396 -2.94063 2.12633 0 0.193982 0 
2 1 0 14.5813 0.1 60.6412 -1.0939 -2.94051 -1.0939 -2.94051 2.12679 0 0.194005 0 
2 1 0 14.5763 0.1 60.6412 -1.09385 -2.9404 -1.09385 -2.9404 2.12725 0 0.194029 0 
2 1 0 14.5713 0.1 60.6412 -1.09379 -2.94028 -1.09379 -2.94028 2.1277 0 0.194053 0 
2 1 0 14.5663 0.1 60.6412 -1.09374 -2.94016 -1.09374 -2.94016 2.12815 0 0.194078 0 
2 1 0 14.5613 0.1 60.6412 -1.09368 -2.94005 -1.09368 -2.94005 2.12859 0 0.194103 0 
2 1 0 14.5563 0.1 60.6412 -1.09363 -2.93994 -1.09363 -2.93994 2.12903 0 0.194128 0 
2 1 0 14.5513 0.1 60.6412 -1.09357 -2.93983 -1.09357 -2.93983 2.12947 0 0.194154 0 
2 1 0 14.5463 0.1 60.6412 -1.09352 -2.93972 -1.09352 -2.93972 2.1299 0 0.19418 0 
2 1 0 14.5413 0.1 60.6412 -1.09346 -2.93961 -1.09346 -2.93961 2.13033 0 0.194206 0 
2 1 0 14.5363 0.1 60.6412 -1.0934 -2.93951 -1.0934 -2.93951 2.13075 0 0.194233 0 
2 1 0 14.5313 0.1 60.6412 -1.09335 -2.9394 -1.09335 -2.9394 2.13117 0 0.19426 0 
2 1 0 14.5263 0.1 60.6412 -1.09329 -2.9393 -1.09329 -2.9393 2.13159 0 0.194288 0 
2 1 0 14.5213 0.1 60.6412 -1.09323 -2.9392 -1.09323 -2.9392 2.132 0 0.194316 0 
2 1 0 14.5163 0.1 60.6412 -1.09318 -2.9391 -1.09318 -2.9391 2.1324 0 0.194344 0 
2 1 0 14.5113 0.1 60.6412 -1.09312 -2.939 -1.09312 -2.939 2.13281 0 0.194373 0 
2 1 0 14.5063 0.1 60.6412 -1.09306 -2.9389 -1.09306 -2.9389 2.13321 0 0.194402 0 
2 1 0 14.5013 0.1 60.6412 -1.09301 -2.93881 -1.09301 -2.93881 2.1336 0 0.194431 0 
2 1 0 14.4963 0.1 60.6412 -1.09295 -2.93872 -1.09295 -2.93872 2.13399 0 0.194461 0 
2 1 0 14.4913 0.1 60.6412 -1.09289 -2.93862 -1.09289 -2.93862 2.13438 0 0.194492 0 
2 1 0 14.4863 0.1 60.6412 -1.09284 -2.93853 -1.09284 -2.93853 2.13476 0 0.194522 0 
2 1 0 14.4813 0.1 60.6412 -1.09278 -2.93844 -1.09278 -2.93844 2.13514 0 0.194553 0 
2 1 0 14.4763 0.1 60.6412 -1.09272 -2.93836 -1.09272 -2.93836 2.13551 0 0.194585 0 
2 1 0 14.4713 0.1 60.6412 -1.09266 -2.93827 -1.09266 -2.93827 2.13588 0 0.194616 0 
2 1 0 14.4663 0.1 60.6412 -1.09261 -2.93819 -1.09261 -2.93819 2.13624 0 0.194648 0 
2 1 0 14.4613 0.1 60.6412 -1.09255 -2.9381 -1.09255 -2.9381 2.1366 0 0.194681 0 
2 1 0 14.4563 0.1 60.6412 -1.09249 -2.93802 -1.09249 -2.93802 2.13696 0 0.194714 0 
2 1 0 14.4513 0.1 60.6412 -1.09243 -2.93794 -1.09243 -2.93794 2.13731 0 0.194747 0 
2 1 0 14.4464 0.1 60.6412 -1.09237 -2.93786 -1.09237 -2.93786 2.13766 0 0.194781 0 
2 1 0 14.4414 0.1 60.6412 -1.09231 -2.93778 -1.09231 -2.93778 2.13801 0 0.194815 0 
2 1 0 14.4364 0.1 60.6412 -1.09226 -2.93771 -1.09226 -2.93771 2.13835 0 0.194849 0 
2 1 0 14.4314 0.1 60.6412 -1.0922 -2.93763 -1.0922 -2.93763 2.13868 0 0.194884 0 
2 1 0 14.4264 0.1 60.6412 -1.09214 -2.93756 -1.09214 -2.93756 2.13902 0 0.194919 0 
2 1 0 14.4214 0.1 60.6412 -1.09208 -2.93749 -1.09208 -2.93749 2.13934 0 0.194954 0 
2 1 0 14.4164 0.1 60.6412 -1.09202 -2.93742 -1.09202 -2.93742 2.13967 0 0.19499 0 
2 1 0 14.4114 0.1 60.6412 -1.09196 -2.93735 -1.09196 -2.93735 2.13999 0 0.195027 0 
2 1 0 14.4064 0.1 60.6412 -1.0919 -2.93728 -1.0919 -2.93728 2.1403 0 0.195063 0 
2 1 0 14.4014 0.1 60.6412 -1.09184 -2.93722 -1.09184 -2.93722 2.14062 0 0.1951 0 
2 1 0 14.3964 0.1 60.6412 -1.09178 -2.93715 -1.09178 -2.93715 2.14092 0 0.195138 0 
2 1 0 14.3914 0.1 60.6412 -1.09172 -2.93709 -1.09172 -2.93709 2.14123 0 0.195175 0 
2 1 0 14.3864 0.1 60.6412 -1.09166 -2.93703 -1.09166 -2.93703 2.14153 0 0.195213 0 
2 1 0 14.3814 0.1 60.6412 -1.0916 -2.93697 -1.0916 -2.93697 2.14182 0 0.195252 0 
2 1 0 14.3764 0.1 60.6412 -1.09154 -2.93691 -1.09154 -2.93691 2.14211 0 0.195291 0 
2 1 0 14.3714 0.1 60.6412 -1.09148 -2.93685 -1.09148 -2.93685 2.1424 0 0.19533 0 
2 1 0 14.3664 0.1 60.6412 -1.09142 -2.93679 -1.09142 -2.93679 2.14268 0 0.19537 0 
2 1 0 14.3614 0.1 60.6412 -1.09136 -2.93674 -1.09136 -2.93674 2.14296 0 0.19541 0 
2 1 0 14.3564 0.1 60.6412 -1.0913 -2.93668 -1.0913 -2.93668 2.14323 0 0.19545 0 
2 1 0 14.3514 0.1 60.6412 -1.09124 -2.93663 -1.09124 -2.93663 2.1435 0 0.195491 0 
2 1 0 14.3464 0.1 60.6412 -1.09118 -2.93658 -1.09118 -2.93658 2.14377 0 0.195532 0 
2 1 0 14.3414 0.1 60.6412 -1.09112 -2.93653 -1.09112 -2.93653 2.14403 0 0.195574 0 
2 1 0 14.3364 0.1 60.6412 -1.09105 -2.93648 -1.09105 -2.93648 2.14429 0 0.195615 0 
2 1 0 14.3314 0.1 60.6412 -1.09099 -2.93644 -1.09099 -2.93644 2.14454 0 0.195658 0 
2 1 0 14.3264 0.1 60.6412 -1.09093 -2.93639 -1.09093 -2.93639 2.14479 0 0.1957 0 
2 1 0 14.3214 0.1 60.6412 -1.09087 -2.93635 -1.09087 -2.93635 2.14504 0 0.195743 0 
2 1 0 14.3164 0.1 60.6412 -1.09081 -2.93631 -1.09081 -2.93631 2.14528 0 0.195787 0 
2 1 0 14.3114 0.1 60.6412 -1.09074 -2.93626 -1.09074 -2.93626 2.14552 0 0.195831 0 
2 1 0 14.3064 0.1 60.6412 -1.09068 -2.93622 -1.09068 -2.93622 2.14575 0 0.195875 0 
2 1 0 14.3014 0.1 60.6412 -1.09062 -2.93619 -1.09062 -2.93619 2.14598 0 0.195919 0 
2 1 0 14.2964 0.1 60.6412 -1.09056 -2.93615 -1.09056 -2.93615 2.14621 0 0.195964 0 
2 1 0 14.2914 0.1 60.6412 -1.09049 -2.93611 -1.09049 -2.93611 2.14643 0 0.196009 0 
2 1 0 14.2864 0.1 60.6412 -1.09043 -2.93608 -1.09043 -2.93608 2.14664 0 0.196055 0 
2 1 0 14.2814 0.1 60.6412 -1.09037 -2.93604 -1.09037 -2.93604 2.14686 0 0.196101 0 
2 1 0 14.2764 0.1 60.6412 -1.09031 -2.93601 -1.09031 -2.93601 2.14706 0 0.196147 0 
2 1 0 14.2714 0.1 60.6412 -1.09024 -2.93598 -1.09024 -2.93598 2.14727 0 0.196194 0 
2 1 0 14.2664 0.1 60.6412 -1.09018 -2.93595 -1.09018 -2.93595 2.14747 0 0.196241 0 
2 1 0 14.2614 0.1 60.6412 -1.09012 -2.93592 -1.09012 -2.93592 2.14766 0 0.196289 0 
2 1 0 14.2564 0.1 60.6412 -1.09005 -2.9359 -1.09005 -2.9359 2.14786 0 0.196337 0 
2 1 0 14.2514 0.1 60.6412 -1.08999 -2.93587 -1.08999 -2.93587 2.14804 0 0.196385 0 
2 1 0 14.2464 0.1 60.6412 -1.08992 -2.93585 -1.08992 -2.93585 2.14823 0 0.196434 0 
2 1 0 14.2414 0.1 60.6412 -1.08986 -2.93582 -1.08986 -2.93582 2.14841 0 0.196483 0 
2 1 0 14.2364 0.1 60.6412 -1.0898 -2.9358 -1.0898 -2.9358 2.14858 0 0.196532 0 
2 1 0 14.2314 0.1 60.6412 -1.08973 -2.93578 -1.08973 -2.93578 2.14875 0 0.196582 0 
2 1 0 14.2264 0.1 60.6412 -1.08967 -2.93576 -1.08967 -2.93576 2.14892 0 0.196632 0 
2 1 0 14.2214 0.1 60.6412 -1.0896 -2.93575 -1.0896 -2.93575 2.14909 0 0.196683 0 
2 1 0 14.2164 0.1 60.6412 -1.08954 -2.93573 -1.08954 -2.93573 2.14924 0 0.196734 0 
2 1 0 14.2114 0.1 60.6412 -1.08947 -2.93571 -1.08947 -2.93571 2.1494 0 0.196785 0 
2 1 0 14.2064 0.1 60.6412 -1.08941 -2.9357 -1.08941 -2.9357 2.14955 0 0.196837 0 
2 1 0 14.2014 0.1 60.6412 -1.08934 -2.93569 -1.08934 -2.93569 2.1497 0 0.196889 0 
2 1 0 14.1964 0.1 60.6412 -1.08928 -2.93568 -1.08928 -2.93568 2.14984 0 0.196941 0 
2 1 0 14.1914 0.1 60.6412 -1.08921 -2.93567 -1.08921 -2.93567 2.14998 0 0.196994 0 
2 1 0 14.1864 0.1 60.6412 -1.08915 -2.93566 -1.08915 -2.93566 2.15011 0 0.197048 0 
2 1 0 14.1814 0.1 60.6412 -1.08908 -2.93565 -1.08908 -2.93565 2.15024 0 0.197101 0 
2 1 0 14.1764 0.1 60.6412 -1.08902 -2.93564 -1.08902 -2.93564 2.15037 0 0.197155 0 
2 1 0 14.1714 0.1 60.6412 -1.08895 -2.93564 -1.08895 -2.93564 2.15049 0 0.19721 0 
2 1 0 14.1664 0.1 60.6412 -1.08888 -2.93563 -1.08888 -2.93563 2.15061 0 0.197264 0 
2 1 0 14.1614 0.1 60.6412 -1.08882 -2.93563 -1.08882 -2.93563 2.15072 0 0.197319 0 
2 1 0 14.1564 0.1 60.6412 -1.08875 -2.93563 -1.08875 -2.93563 2.15083 0 0.197375 0 
2 1 0 14.1514 0.1 60.6412 -1.08868 -2.93563 -1.08868 -2.93563 2.15094 0 0.197431 0 
2 1 0 14.1464 0.1 60.6412 -1.08862 -2.93563 -1.08862 -2.93563 2.15104 0 0.197487 0 
2 1 0 14.1414 0.1 60.6412 -1.08855 -2.93563 -1.08855 -2.93563 2.15114 0 0.197544 0 
2 1 0 14.1364 0.1 60.6412 -1.08848 -2.93564 -1.08848 -2.93564 2.15123 0 0.197601 0 
2 1 0 14.1314 0.1 60.6412 -1.08842 -2.93564 -1.08842 -2.93564 2.15132 0 0.197658 0 
2 1 0 14.1264 0.1 60.6412 -1.08835 -2.93565 -1.08835 -2.93565 2.1514 0 0.197716 0 
2 1 0 14.1214 0.1 60.6412 -1.08828 -2.93565 -1.08828 -2.93565 2.15148 0 0.197774 0 
2 1 0 14.1164 0.1 60.6412 -1.08821 -2.93566 -1.08821 -2.93566 2.15156 0 0.197833 0 
2 1 0 14.1114 0.1 60.6412 -1.08815 -2.93567 -1.08815 -2.93567 2.15163 0 0.197892 0 
2 1 0 14.1064 0.1 60.6412 -1.08808 -2.93568 -1.08808 -2.93568 2.1517 0 0.197951 0 
2 1 0 14.1014 0.1 60.6412 -1.08801 -2.93569 -1.08801 -2.93569 2.15177 0 0.198011 0 
2 1 0 14.0964 0.1 60.6412 -1.08794 -2.93571 -1.08794 -2.93571 2.15183 0 0.198071 0 
2 1 0 14.0914 0.1 60.6412 -1.08787 -2.93572 -1.08787 -2.93572 2.15188 0 0.198132 0 
2 1 0 14.0864 0.1 60.6412 -1.08781 -2.93574 -1.08781 -2.93574 2.15194 0 0.198192 0 
2 1 0 14.0814 0.1 60.6412 -1.08774 -2.93575 -1.08774 -2.93575 2.15198 0 0.198254 0 
2 1 0 14.0764 0.1 60.6412 -1.08767 -2.93577 -1.08767 -2.93577 2.15203 0 0.198315 0 
2 1 0 14.0714 0.1 60.6412 -1.0876 -2.93579 -1.0876 -2.93579 2.15207 0 0.198377 0 
2 1 0 14.0664 0.1 60.6412 -1.08753 -2.93581 -1.08753 -2.93581 2.1521 0 0.19844 0 
2 1 0 14.0614 0.1 60.6412 -1.08746 -2.93583 -1.08746 -2.93583 2.15213 0 0.198503 0 
2 1 0 14.0564 0.1 60.6412 -1.08739 -2.93585 -1.08739 -2.93585 2.15216 0 0.198566 0 
2 1 0 14.0514 0.1 60.6412 -1.08732 -2.93588 -1.08732 -2.93588 2.15218 0 0.19863 0 
2 1 0 14.0464 0.1 60.6412 -1.08725 -2.9359 -1.08725 -2.9359 2.1522 0 0.198694 0 
2 1 0 14.0414 0.1 60.6412 -1.08718 -2.93593 -1.08718 -2.93593 2.15222 0 0.198758 0 
2 1 0 14.0364 0.1 60.6412 -1.08711 -2.93595 -1.08711 -2.93595 2.15223 0 0.198823 0 
2 1 0 14.0314 0.1 60.6412 -1.08704 -2.93598 -1.08704 -2.93598 2.15224 0 0.198888 0 
2 1 0 14.0264 0.1 60.6412 -1.08697 -2.93601 -1.08697 -2.93601 2.15224 0 0.198954 0 
2 1 0 14.0214 0.1 60.6412 -1.0869 -2.93604 -1.0869 -2.93604 2.15224 0 0.199019 0 
2 1 0 14.0164 0.1 60.6412 -1.08683 -2.93607 -1.08683 -2.93607 2.15223 0 0.199086 0 
2 1 0 14.0114 0.1 60.6412 -1.08676 -2.93611 -1.08676 -2.93611 2.15222 0 0.199153 0 
2 1 0 14.0064 0.1 60.6412 -1.08669 -2.93614 -1.08669 -2.93614 2.15221 0 0.19922 0 
2 1 0 14.0014 0.1 60.6412 -1.08662 -2.93617 -1.08662 -2.93617 2.15219 0 0.199287 0 
2 1 0 13.9964 0.1 60.6412 -1.08655 -2.93621 -1.08655 -2.93621 2.15217 0 0.199355 0 
2 1 0 13.9914 0.1 60.6412 -1.08648 -2.93625 -1.08648 -2.93625 2.15214 0 0.199424 0 
2 1 0 13.9864 0.1 60.6412 -1.08641 -2.93629 -1.08641 -2.93629 2.15211 0 0.199492 0 
2 1 0 13.9814 0.1 60.6412 -1.08633 -2.93633 -1.08633 -2.93633 2.15208 0 0.199561 0 
2 1 0 13.9764 0.1 60.6412 -1.08626 -2.93637 -1.08626 -2.93637 2.15204 0 0.199631 0 
2 1 0 13.9714 0.1 60.6412 -1.08619 -2.93641 -1.08619 -2.93641 2.15199 0 0.199701 0 
2 1 0 13.9664 0.1 60.6412 -1.08612 -2.93645 -1.08612 -2.93645 2.15195 0 0.199771 0 
2 1 0 13.9614 0.1 60.6412 -1.08605 -2.9365 -1.08605 -2.9365 2.1519 0 0.199842 0 
2 1 0 13.9564 0.1 60.6412 -1.08598 -2.93654 -1.08598 -2.93654 2.15184 0 0.199913 0 
2 1 0 13.9514 0.1 60.6412 -1.0859 -2.93659 -1.0859 -2.93659 2.15178 0 0.199984 0 
2 1 0 13.9464 0.1 60.6412 -1.08583 -2.93663 -1.08583 -2.93663 2.15172 0 0.200056 0 
2 1 0 13.9414 0.1 60.6412 -1.08576 -2.93668 -1.08576 -2.93668 2.15165 0 0.200129 0 
2 1 0 13.9364 0.1 60.6412 -1.08568 -2.93673 -1.08568 -2.93673 2.15158 0 0.200201 0 
2 1 0 13.9314 0.1 60.6412 -1.08561 -2.93678 -1.08561 -2.93678 2.1515 0 0.200274 0 
2 1 0 13.9264 0.1 60.6412 -1.08554 -2.93683 -1.08554 -2.93683 2.15142 0 0.200348 0 
2 1 0 13.9214 0.1 60.6412 -1.08547 -2.93689 -1.08547 -2.93689 2.15134 0 0.200422 0 
2 1 0 13.9164 0.1 60.6412 -1.08539 -2.93694 -1.08539 -2.93694 2.15125 0 0.200496 0 
2 1 0 13.9114 0.1 60.6412 -1.08532 -2.93699 -1.08532 -2.93699 2.15116 0 0.200571 0 
2 1 0 13.9064 0.1 60.6412 -1.08525 -2.93705 -1.08525 -2.93705 2.15106 0 0.200646 0 
2 1 0 13.9014 0.1 60.6412 -1.08517 -2.93711 -1.08517 -2.93711 2.15096 0 0.200721 0 
2 1 0 13.8964 0.1 60.6412 -1.0851 -2.93717 -1.0851 -2.93717 2.15086 0 0.200797 0 
2 1 0 13.8914 0.1 60.6412 -1.08502 -2.93722 -1.08502 -2.93722 2.15075 0 0.200874 0 
2 1 0 13.8864 0.1 60.6412 -1.08495 -2.93728 -1.08495 -2.93728 2.15063 0 0.20095 0 
2 1 0 13.8814 0.1 60.6412 -1.08487 -2.93735 -1.08487 -2.93735 2.15052 0 0.201027 0 
2 1 0 13.8764 0.1 60.6412 -1.0848 -2.93741 -1.0848 -2.93741 2.1504 0 0.201105 0 
2 1 0 13.8714 0.1 60.6412 -1.08473 -2.93747 -1.08473 -2.93747 2.15027 0 0.201183 0 
2 1 0 13.8664 0.1 60.6412 -1.08465 -2.93754 -1.08465 -2.93754 2.15014 0 0.201261 0 
2 1 0 13.8614 0.1 60.6412 -1.08458 -2.9376 -1.08458 -2.9376 2.15001 0 0.20134 0 
2 1 0 13.8564 0.1 60.6412 -1.0845 -2.93767 -1.0845 -2.93767 2.14987 0 0.201419 0 
2 1 0 13.8514 0.1 60.6412 -1.08443 -2.93774 -1.08443 -2.93774 2.14973 0 0.201499 0 
2 1 0 13.8464 0.1 60.6412 -1.08435 -2.9378 -1.08435 -2.9378 2.14958 0 0.201579 0 
2 1 0 13.8414 0.1 60.6412 -1.08427 -2.93787 -1.08427 -2.93787 2.14943 0 0.201659 0 
2 1 0 13.8364 0.1 60.6412 -1.0842 -2.93794 -1.0842 -2.93794 2.14927 0 0.20174 0 
2 1 0 13.8314 0.1 60.6412 -1.08412 -2.93802 -1.08412 -2.93802 2.14912 0 0.201821 0 
2 1 0 13.8264 0.1 60.6412 -1.08405 -2.93809 -1.08405 -2.93809 2.14895 0 0.201903 0 
2 1 0 13.8214 0.1 60.6412 -1.08397 -2.93816 -1.08397 -2.93816 2.14879 0 0.201985 0 
2 1 0 13.8164 0.1 60.6412 -1.08389 -2.93824 -1.08389 -2.93824 2.14862 0 0.202067 0 
2 1 0 13.8114 0.1 60.6412 -1.08382 -2.93831 -1.08382 -2.93831 2.14844 0 0.20215 0 
2 1 0 13.8064 0.1 60.6412 -1.08374 -2.93839 -1.08374 -2.93839 2.14826 0 0.202233 0 
2 1 0 13.8014 0.1 60.6412 -1.08367 -2.93847 -1.08367 -2.93847 2.14808 0 0.202317 0 
2 1 0 13.7964 0.1 60.6412 -1.08359 -2.93855 -1.08359 -2.93855 2.14789 0 0.202401 0 
2 1 0 13.7914 0.1 60.6412 -1.08351 -2.93863 -1.08351 -2.93863 2.1477 0 0.202486 0 
2 1 0 13.7864 0.1 60.6412 -1.08343 -2.93871 -1.08343 -2.93871 2.1475 0 0.202571 0 
2 1 0 13.7814 0.1 60.6412 -1.08336 -2.93879 -1.08336 -2.93879 2.1473 0 0.202656 0 
2 1 0 13.7764 0.1 60.6412 -1.08328 -2.93887 -1.08328 -2.93887 2.1471 0 0.202742 0 
2 1 0 13.7714 0.1 60.6412 -1.0832 -2.93896 -1.0832 -2.93896 2.14689 0 0.202828 0 
2 1 0 13.7664 0.1 60.6412 -1.08312 -2.93904 -1.08312 -2.93904 2.14668 0 0.202915 0 
2 1 0 13.7614 0.1 60.6412 -1.08305 -2.93913 -1.08305 -2.93913 2.14646 0 0.203002 0 
2 1 0 13.7564 0.1 60.6412 -1.08297 -2.93921 -1.08297 -2.93921 2.14624 0 0.203089 0 
2 1 0 13.7514 0.1 60.6412 -1.08289 -2.9393 -1.08289 -2.9393 2.14601 0 0.203177 0 
2 1 0 13.7465 0.1 60.6412 -1.08281 -2.93939 -1.08281 -2.93939 2.14578 0 0.203266 0 
2 1 0 13.7415 0.1 60.6412 -1.08273 -2.93948 -1.08273 -2.93948 2.14555 0 0.203354 0 
2 1 0 13.7365 0.1 60.6412 -1.08265 -2.93957 -1.08265 -2.93957 2.14531 0 0.203443 0 
2 1 0 13.7315 0.1 60.6412 -1.08258 -2.93966 -1.08258 -2.93966 2.14507 0 0.203533 0 
2 1 0 13.7265 0.1 60.6412 -1.0825 -2.93976 -1.0825 -2.93976 2.14482 0 0.203623 0 
2 1 0 13.7215 0.1 60.6412 -1.08242 -2.93985 -1.08242 -2.93985 2.14457 0 0.203714 0 
2 1 0 13.7165 0.1 60.6412 -1.08234 -2.93995 -1.08234 -2.93995 2.14432 0 0.203804 0 
2 1 0 13.7115 0.1 60.6412 -1.08226 -2.94004 -1.08226 -2.94004 2.14406 0 0.203896 0 
2 1 0 13.7065 0.1 60.6412 -1.08218 -2.94014 -1.08218 -2.94014 2.1438 0 0.203987 0 
2 1 0 13.7015 0.1 60.6412 -1.0821 -2.94024 -1.0821 -2.94024 2.14353 0 0.20408 0 
2 1 0 13.6965 0.1 60.6412 -1.08202 -2.94033 -1.08202 -2.94033 2.14326 0 0.204172 0 
2 1 0 13.6915 0.1 60.6412 -1.08194 -2.94043 -1.08194 -2.94043 2.14299 0 0.204265 0 
2 1 0 13.6865 0.1 60.6412 -1.08186 -2.94054 -1.08186 -2.94054 2.14271 0 0.204359 0 
2 1 0 13.6815 0.1 60.6412 -1.08178 -2.94064 -1.08178 -2.94064 2.14242 0 0.204453 0 
2 1 0 13.6765 0.1 60.6412 -1.0817 -2.94074 -1.0817 -2.94074 2.14214 0 0.204547 0 
2 1 0 13.6715 0.1 60.6412 -1.08162 -2.94084 -1.08162 -2.94084 2.14184 0 0.204642 0 
2 1 0 13.6665 0.1 60.6412 -1.08154 -2.94095 -1.08154 -2.94095 2.14155 0 0.204737 0 
2 1 0 13.6615 0.1 60.6412 -1.08146 -2.94105 -1.08146 -2.94105 2.14125 0 0.204832 0 
2 1 0 13.6565 0.1 60.6412 -1.08138 -2.94116 -1.08138 -2.94116 2.14094 0 0.204929 0 
2 1 0 13.6515 0.1 60.6412 -1.08129 -2.94127 -1.08129 -2.94127 2.14064 0 0.205025 0 
2 1 0 13.6465 0.1 60.6412 -1.08121 -2.94137 -1.08121 -2.94137 2.14032 0 0.205122 0 
2 1 0 13.6415 0.1 60.6412 -1.08113 -2.94148 -1.08113 -2.94148 2.14001 0 0.205219 0 
2 1 0 13.6365 0.1 60.6412 -1.08105 -2.94159 -1.08105 -2.94159 2.13969 0 0.205317 0 
2 1 0 13.6315 0.1 60.6412 -1.08097 -2.9417 -1.08097 -2.9417 2.13936 0 0.205415 0 
2 1 0 13.6265 0.1 60.6412 -1.08089 -2.94182 -1.08089 -2.94182 2.13903 0 0.205514 0 
2 1 0 13.6215 0.1 60.6412 -1.0808 -2.94193 -1.0808 -2.94193 2.1387 0 0.205613 0 
2 1 0 13.6165 0.1 60.6412 -1.08072 -2.94204 -1.08072 -2.94204 2.13836 0 0.205713 0 
2 1 0 13.6115 0.1 60.6412 -1.08064 -2.94216 -1.08064 -2.94216 2.13802 0 0.205813 0 
2 1 0 13.6065 0.1 60.6412 -1.08056 -2.94227 -1.08056 -2.94227 2.13767 0 0.205913 0 
2 1 0 13.6015 0.1 60.6412 -1.08048 -2.94239 -1.08048 -2.94239 2.13732 0 0.206014 0 
2 1 0 13.5965 0.1 60.6412 -1.08039 -2.94251 -1.08039 -2.94251 2.13697 0 0.206116 0 
2 1 0 13.5915 0.1 60.6412 -1.08031 -2.94263 -1.08031 -2.94263 2.13661 0 0.206218 0 
2 1 0 13.5865 0.1 60.6412 -1.08023 -2.94275 -1.08023 -2.94275 2.13625 0 0.20632 0 
2 1 0 13.5815 0.1 60.6412 -1.08014 -2.94287 -1.08014 -2.94287 2.13588 0 0.206423 0 
2 1 0 13.5765 0.1 60.6412 -1.08006 -2.94299 -1.08006 -2.94299 2.13551 0 0.206526 0 
2 1 0 13.5715 0.1 60.6412 -1.07998 -2.94311 -1.07998 -2.94311 2.13513 0 0.206629 0 
2 1 0 13.5665 0.1 60.6412 -1.07989 -2.94323 -1.07989 -2.94323 2.13475 0 0.206733 0 
2 1 0 13.5615 0.1 60.6412 -1.07981 -2.94336 -1.07981 -2.94336 2.13437 0 0.206838 0 
2 1 0 13.5565 0.1 60.6412 -1.07972 -2.94348 -1.07972 -2.94348 2.13398 0 0.206943 0 
2 1 0 13.5515 0.1 60.6412 -1.07964 -2.94361 -1.07964 -2.94361 2.13359 0 0.207048 0 
2 1 0 13.5465 0.1 60.6412 -1.07956 -2.94373 -1.07956 -2.94373 2.1332 0 0.207154 0 
2 1 0 13.5415 0.1 60.6412 -1.07947 -2.94386 -1.07947 -2.94386 2.13279 0 0.207261 0 
2 1 0 13.5365 0.1 60.6412 -1.07939 -2.94399 -1.07939 -2.94399 2.13239 0 0.207367 0 
2 1 0 13.5315 0.1 60.6412 -1.0793 -2.94412 -1.0793 -2.94412 2.13198 0 0.207475 0 
2 1 0 13.5265 0.1 60.6412 -1.07922 -2.94425 -1.07922 -2.94425 2.13157 0 0.207582 0 
2 1 0 13.5215 0.1 60.6412 -1.07913 -2.94438 -1.07913 -2.94438 2.13115 0 0.207691 0 
2 1 0 13.5165 0.1 60.6412 -1.07905 -2.94451 -1.07905 -2.94451 2.13073 0 0.207799 0 
2 1 0 13.5115 0.1 60.6412 -1.07896 -2.94465 -1.07896 -2.94465 2.13031 0 0.207908 0 
2 1 0 13.5065 0.1 60.6412 -1.07888 -2.94478 -1.07888 -2.94478 2.12988 0 0.208018 0 
2 1 0 13.5015 0.1 60.6412 -1.07879 -2.94491 -1.07879 -2.94491 2.12944 0 0.208128 0 
2 1 0 13.4965 0.1 60.6412 -1.07871 -2.94505 -1.07871 -2.94505 2.129 0 0.208239 0 
2 1 0 13.4916 0.1 60.6412 -1.07862 -2.94519 -1.07862 -2.94519 2.12856 0 0.20835 0 
2 1 0 13.4866 0.1 60.6412 -1.07853 -2.94532 -1.07853 -2.94532 2.12812 0 0.208461 0 
2 1 0 13.4816 0.1 60.6412 -1.07845 -2.94546 -1.07845 -2.94546 2.12767 0 0.208573 0 
2 1 0 13.4766 0.1 60.6412 -1.07836 -2.9456 -1.07836 -2.9456 2.12721 0 0.208685 0 
2 1 0 13.4716 0.1 60.6412 -1.07827 -2.94574 -1.07827 -2.94574 2.12675 0 0.208798 0 
2 1 0 13.4666 0.1 60.6412 -1.07819 -2.94588 -1.07819 -2.94588 2.12629 0 0.208911 0 
2 1 0 13.4616 0.1 60.6412 -1.0781 -2.94602 -1.0781 -2.94602 2.12582 0 0.209025 0 
2 1 0 13.4566 0.1 60.6412 -1.07801 -2.94617 -1.07801 -2.94617 2.12535 0 0.20914 0 
2 1 0 13.4516 0.1 60.6412 -1.07793 -2.94631 -1.07793 -2.94631 2.12488 0 0.209254 0 
2 1 0 13.4466 0.1 60.6412 -1.07784 -2.94645 -1.07784 -2.94645 2.1244 0 0.209369 0 
2 1 0 13.4416 0.1 60.6412 -1.07775 -2.9466 -1.07775 -2.9466 2.12391 0 0.209485 0 
2 1 0 13.4366 0.1 60.6412 -1.07766 -2.94675 -1.07766 -2.94675 2.12342 0 0.209601 0 
2 1 0 13.4316 0.1 60.6412 -1.07758 -2.94689 -1.07758 -2.94689 2.12293 0 0.209718 0 
2 1 0 13.4266 0.1 60.6412 -1.07749 -2.94704 -1.07749 -2.94704 2.12243 0 0.209835 0 
2 1 0 13.4216 0.1 60.6412 -1.0774 -2.94719 -1.0774 -2.94719 2.12193 0 0.209953 0 
2 1 0 13.4166 0.1 60.6412 -1.07731 -2.94734 -1.07731 -2.94734 2.12143 0 0.210071 0 
2 1 0 13.4116 0.1 60.6412 -1.07722 -2.94749 -1.07722 -2.94749 2.12092 0 0.210189 0 
2 1 0 13.4066 0.1 60.6412 -1.07714 -2.94764 -1.07714 -2.94764 2.12041 0 0.210308 0 
2 1 0 13.4016 0.1 60.6412 -1.07705 -2.94779 -1.07705 -2.94779 2.11989 0 0.210428 0 
2 1 0 13.3966 0.1 60.6412 -1.07696 -2.94794 -1.07696 -2.94794 2.11937 0 0.210548 0 
2 1 0 13.3916 0.1 60.6412 -1.07687 -2.9481 -1.07687 -2.9481 2.11884 0 0.210668 0 
2 1 0 13.3866 0.1 60.6412 -1.07678 -2.94825 -1.07678 -2.94825 2.11831 0 0.21079 0 
2 1 0 13.3816 0.1 60.6412 -1.07669 -2.94841 -1.07669 -2.94841 2.11778 0 0.210911 0 
2 1 0 13.3766 0.1 60.6412 -1.0766 -2.94856 -1.0766 -2.94856 2.11724 0 0.211033 0 
2 1 0 13.3716 0.1 60.6412 -1.07651 -2.94872 -1.07651 -2.94872 2.1167 0 0.211155 0 
2 1 0 13.3666 0.1 60.6412 -1.07642 -2.94888 -1.07642 -2.94888 2.11615 0 0.211278 0 
2 1 0 13.3616 0.1 60.6412 -1.07633 -2.94904 -1.07633 -2.94904 2.1156 0 0.211402 0 
2 1 0 13.3566 0.1 60.6412 -1.07624 -2.9492 -1.07624 -2.9492 2.11505 0 0.211526 0 
2 1 0 13.3516 0.1 60.6412 -1.07615 -2.94936 -1.07615 -2.94936 2.11449 0 0.21165 0 
2 1 0 13.3466 0.1 60.6412 -1.07606 -2.94952 -1.07606 -2.94952 2.11392 0 0.211775 0 
2 1 0 13.3416 0.1 60.6412 -1.07597 -2.94968 -1.07597 -2.94968 2.11335 0 0.211901 0 
2 1 0 13.3366 0.1 60.6412 -1.07588 -2.94984 -1.07588 -2.94984 2.11278 0 0.212027 0 
2 1 0 13.3316 0.1 60.6412 -1.07579 -2.95001 -1.07579 -2.95001 2.11221 0 0.212153 0 
2 1 0 13.3267 0.1 60.6412 -1.0757 -2.95017 -1.0757 -2.95017 2.11163 0 0.21228 0 
2 1 0 13.3217 0.1 60.6412 -1.07561 -2.95034 -1.07561 -2.95034 2.11104 0 0.212408 0 
2 1 0 13.3167 0.1 60.6412 -1.07552 -2.9505 -1.07552 -2.9505 2.11045 0 0.212535 0 
2 1 0 13.3117 0.1 60.6412 -1.07543 -2.95067 -1.07543 -2.95067 2.10986 0 0.212664 0 
2 1 0 13.3067 0.1 60.6412 -1.07534 -2.95084 -1.07534 -2.95084 2.10926 0 0.212793 0 
2 1 0 13.3017 0.1 60.6412 -1.07524 -2.95101 -1.07524 -2.95101 2.10866 0 0.212922 0 
2 1 0 13.2967 0.1 60.6412 -1.07515 -2.95117 -1.07515 -2.95117 2.10806 0 0.213052 0 
2 1 0 13.2917 0.1 60.6412 -1.07506 -2.95134 -1.07506 -2.95134 2.10745 0 0.213183 0 
2 1 0 13.2867 0.1 60.6412 -1.07497 -2.95152 -1.07497 -2.95152 2.10684 0 0.213314 0 
2 1 0 13.2817 0.1 60.6412 -1.07488 -2.95169 -1.07488 -2.95169 2.10622 0 0.213445 0 
2 1 0 13.2767 0.1 60.6412 -1.07478 -2.95186 -1.07478 -2.95186 2.1056 0 0.213577 0 
2 1 0 13.2717 0.1 60.6412 -1.07469 -2.95203 -1.07469 -2.95203 2.10497 0 0.21371 0 
2 1 0 13.2667 0.1 60.6412 -1.0746 -2.95221 -1.0746 -2.95221 2.10434 0 0.213843 0 
2 1 0 13.2617 0.1 60.6412 -1.07451 -2.95238 -1.07451 -2.95238 2.1037 0 0.213977 0 
2 1 0 13.2567 0.1 60.6412 -1.07441 -2.95256 -1.07441 -2.95256 2.10307 0 0.214111 0 
2 1 0 13.2517 0.1 60.6412 -1.07432 -2.95273 -1.07432 -2.95273 2.10242 0 0.214245 0 
2 1 0 13.2467 0.1 60.6412 -1.07423 -2.95291 -1.07423 -2.95291 2.10178 0 0.21438 0 
2 1 0 13.2417 0.1 60.6412 -1.07413 -2.95309 -1.07413 -2.95309 2.10112 0 0.214516 0 
2 1 0 13.2367 0.1 60.6412 -1.07404 -2.95327 -1.07404 -2.95327 2.10047 0 0.214652 0 
2 1 0 13.2317 0.1 60.6412 -1.07395 -2.95345 -1.07395 -2.95345 2.09981 0 0.214789 0 
2 1 0 13.2267 0.1 60.6412 -1.07385 -2.95363 -1.07385 -2.95363 2.09915 0 0.214926 0 
2 1 0 13.2217 0.1 60.6412 -1.07376 -2.95381 -1.07376 -2.95381 2.09848 0 0.215064 0 
2 1 0 13.2167 0.1 60.6412 -1.07366 -2.95399 -1.07366 -2.95399 2.09781 0 0.215202 0 
2 1 0 13.2117 0.1 60.6412 -1.07357 -2.95418 -1.07357 -2.95418 2.09713 0 0.215341 0 
2 1 0 13.2067 0.1 60.6412 -1.07347 -2.95436 -1.07347 -2.95436 2.09645 0 0.21548 0 
2 1 0 13.2018 0.1 60.6412 -1.07338 -2.95454 -1.07338 -2.95454 2.09576 0 0.21562 0 
2 1 0 13.1968 0.1 60.6412 -1.07329 -2.95473 -1.07329 -2.95473 2.09508 0 0.215761 0 
2 1 0 13.1918 0.1 60.6412 -1.07319 -2.95491 -1.07319 -2.95491 2.09438 0 0.215902 0 
2 1 0 13.1868 0.1 60.6412 -1.0731 -2.9551 -1.0731 -2.9551 2.09368 0 0.216043 0 
2 1 0 13.1818 0.1 60.6412 -1.073 -2.95529 -1.073 -2.95529 2.09298 0 0.216185 0 
2 1 0 13.1768 0.1 60.6412 -1.0729 -2.95548 -1.0729 -2.95548 2.09228 0 0.216328 0 
2 1 0 13.1718 0.1 60.6412 -1.07281 -2.95567 -1.07281 -2.95567 2.09157 0 0.216471 0 
2 1 0 13.1668 0.1 60.6412 -1.07271 -2.95586 -1.07271 -2.95586 2.09085 0 0.216614 0 
2 1 0 13.1618 0.1 60.6412 -1.07262 -2.95605 -1.07262 -2.95605 2.09014 0 0.216759 0 
2 1 0 13.1568 0.1 60.6412 -1.07252 -2.95624 -1.07252 -2.95624 2.08941 0 0.216903 0 
2 1 0 13.1518 0.1 60.6412 -1.07243 -2.95643 -1.07243 -2.95643 2.08869 0 0.217049 0 
2 1 0 13.1468 0.1 60.6412 -1.07233 -2.95662 -1.07233 -2.95662 2.08796 0 0.217194 0 
2 1 0 13.1418 0.1 60.6412 -1.07223 -2.95682 -1.07223 -2.95682 2.08722 0 0.217341 0 
2 1 0 13.1368 0.1 60.6412 -1.07214 -2.95701 -1.07214 -2.95701 2.08648 0 0.217488 0 
2 1 0 13.1318 0.1 60.6412 -1.07204 -2.95721 -1.07204 -2.95721 2.08574 0 0.217635 0 
2 1 0 13.1268 0.1 60.6412 -1.07194 -2.9574 -1.07194 -2.9574 2.08499 0 0.217783 0 
2 1 0 13.1218 0.1 60.6412 -1.07185 -2.9576 -1.07185 -2.9576 2.08424 0 0.217932 0 
2 1 0 13.1168 0.1 60.6412 -1.07175 -2.9578 -1.07175 -2.9578 2.08349 0 0.218081 0 
2 1 0 13.1118 0.1 60.6412 -1.07165 -2.95799 -1.07165 -2.95799 2.08273 0 0.218231 0 
2 1 0 13.1068 0.1 60.6412 -1.07155 -2.95819 -1.07155 -2.95819 2.08196 0 0.218381 0 
2 1 0 13.1018 0.1 60.6412 -1.07146 -2.95839 -1.07146 -2.95839 2.0812 0 0.218532 0 
2 1 0 13.0968 0.1 60.6412 -1.07136 -2.95859 -1.07136 -2.95859 2.08042 0 0.218683 0 
2 1 0 13.0919 0.1 60.6412 -1.07126 -2.95879 -1.07126 -2.95879 2.07965 0 0.218835 0 
2 1 0 13.0869 0.1 60.6412 -1.07116 -2.959 -1.07116 -2.959 2.07887 0 0.218988 0 
2 1 0 13.0819 0.1 60.6412 -1.07106 -2.9592 -1.07106 -2.9592 2.07808 0 0.219141 0 
2 1 0 13.0769 0.1 60.6412 -1.07096 -2.9594 -1.07096 -2.9594 2.07729 0 0.219294 0 
2 1 0 13.0719 0.1 60.6412 -1.07087 -2.95961 -1.07087 -2.95961 2.0765 0 0.219448 0 
2 1 0 13.0669 0.1 60.6412 -1.07077 -2.95981 -1.07077 -2.95981 2.0757 0 0.219603 0 
2 1 0 13.0619 0.1 60.6412 -1.07067 -2.96002 -1.07067 -2.96002 2.0749 0 0.219759 0 
2 1 0 13.0569 0.1 60.6412 -1.07057 -2.96022 -1.07057 -2.96022 2.0741 0 0.219914 0 
2 1 0 13.0519 0.1 60.6412 -1.07047 -2.96043 -1.07047 -2.96043 2.07329 0 0.220071 0 
2 1 0 13.0469 0.1 60.6412 -1.07037 -2.96064 -1.07037 -2.96064 2.07247 0 0.220228 0 
2 1 0 13.0419 0.1 60.6412 -1.07027 -2.96085 -1.07027 -2.96085 2.07166 0 0.220386 0 
2 1 0 13.0369 0.1 60.6412 -1.07017 -2.96106 -1.07017 -2.96106 2.07083 0 0.220544 0 
2 1 0 13.0319 0.1 60.6412 -1.07007 -2.96127 -1.07007 -2.96127 2.07001 0 0.220703 0 
2 1 0 13.0269 0.1 60.6412 -1.06997 -2.96148 -1.06997 -2.96148 2.06918 0 0.220862 0 
2 1 0 13.0219 0.1 60.6412 -1.06987 -2.96169 -1.06987 -2.96169 2.06834 0 0.221022 0 
2 1 0 13.0169 0.1 60.6412 -1.06977 -2.9619 -1.06977 -2.9619 2.0675 0 0.221182 0 
2 1 0 13.0119 0.1 60.6412 -1.06967 -2.96211 -1.06967 -2.96211 2.06666 0 0.221344 0 
2 1 0 13.0069 0.1 60.6412 -1.06957 -2.96233 -1.06957 -2.96233 2.06582 0 0.221505 0 
2 1 0 13.0019 0.1 60.6412 -1.06947 -2.96254 -1.06947 -2.96254 2.06496 0 0.221668 0 
2 1 0 12.997 0.1 60.6412 -1.06937 -2.96276 -1.06937 -2.96276 2.06411 0 0.22183 0 
2 1 0 12.992 0.1 60.6412 -1.06927 -2.96297 -1.06927 -2.96297 2.06325 0 0.221994 0 
2 1 0 12.987 0.1 60.6412 -1.06917 -2.96319 -1.06917 -2.96319 2.06239 0 0.222158 0 
2 1 0 12.982 0.1 60.6412 -1.06907 -2.96341 -1.06907 -2.96341 2.06152 0 0.222323 0 
2 1 0 12.977 0.1 60.6412 -1.06896 -2.96363 -1.06896 -2.96363 2.06065 0 0.222488 0 
2 1 0 12.972 0.1 60.6412 -1.06886 -2.96384 -1.06886 -2.96384 2.05977 0 0.222654 0 
2 1 0 12.967 0.1 60.6412 -1.06876 -2.96406 -1.06876 -2.96406 2.05889 0 0.22282 0 
2 1 0 12.962 0.1 60.6412 -1.06866 -2.96428 -1.06866 -2.96428 2.05801 0 0.222987 0 
2 1 0 12.957 0.1 60.6412 -1.06856 -2.9645 -1.06856 -2.9645 2.05712 0 0.223155 0 
2 1 0 12.952 0.1 60.6412 -1.06846 -2.96473 -1.06846 -2.96473 2.05623 0 0.223323 0 
2 1 0 12.947 0.1 60.6412 -1.06835 -2.96495 -1.06835 -2.96495 2.05533 0 0.223492 0 
2 1 0 12.942 0.1 60.6412 -1.06825 -2.96517 -1.06825 -2.96517 2.05443 0 0.223662 0 
2 1 0 12.937 0.1 60.6412 -1.06815 -2.9654 -1.06815 -2.9654 2.05353 0 0.223832 0 
2 1 0 12.932 0.1 60.6412 -1.06804 -2.96562 -1.06804 -2.96562 2.05262 0 0.224002 0 
2 1 0 12.927 0.1 60.6412 -1.06794 -2.96585 -1.06794 -2.96585 2.05171 0 0.224174 0 
2 1 0 12.922 0.1 60.6412 -1.06784 -2.96607 -1.06784 -2.96607 2.05079 0 0.224346 0 
2 1 0 12.9171 0.1 60.6412 -1.06774 -2.9663 -1.06774 -2.9663 2.04987 0 0.224518 0 
2 1 0 12.9121 0.1 60.6412 -1.06763 -2.96653 -1.06763 -2.96653 2.04895 0 0.224691 0 
2 1 0 12.9071 0.1 60.6412 -1.06753 -2.96675 -1.06753 -2.96675 2.04802 0 0.224865 0 
2 1 0 12.9021 0.1 60.6412 -1.06742 -2.96698 -1.06742 -2.96698 2.04708 0 0.22504 0 
2 1 0 12.8971 0.1 60.6412 -1.06732 -2.96721 -1.06732 -2.96721 2.04615 0 0.225215 0 
2 1 0 12.8921 0.1 60.6412 -1.06722 -2.96744 -1.06722 -2.96744 2.0452 0 0.22539 0 
2 1 0 12.8871 0.1 60.6412 -1.06711 -2.96767 -1.06711 -2.96767 2.04426 0 0.225567 0 
2 1 0 12.8821 0.1 60.6412 -1.06701 -2.9679 -1.06701 -2.9679 2.04331 0 0.225744 0 
2 1 0 12.8771 0.1 60.6412 -1.0669 -2.96814 -1.0669 -2.96814 2.04236 0 0.225921 0 
2 1 0 12.8721 0.1 60.6412 -1.0668 -2.96837 -1.0668 -2.96837 2.0414 0 0.226099 0 
2 1 0 12.8671 0.1 60.6412 -1.06669 -2.9686 -1.06669 -2.9686 2.04044 0 0.226278 0 
2 1 0 12.8621 0.1 60.6412 -1.06659 -2.96884 -1.06659 -2.96884 2.03947 0 0.226457 0 
2 1 0 12.8571 0.1 60.6412 -1.06648 -2.96907 -1.06648 -2.96907 2.0385 0 0.226638 0 
2 1 0 12.8521 0.1 60.6412 -1.06638 -2.96931 -1.06638 -2.96931 2.03753 0 0.226818 0 
2 1 0 12.8471 0.1 60.6412 -1.06627 -2.96955 -1.06627 -2.96955 2.03655 0 0.227 0 
2 1 0 12.8421 0.1 60.6412 -1.06617 -2.96978 -1.06617 -2.96978 2.03557 0 0.227182 0 
2 1 0 12.8372 0.1 60.6412 -1.06606 -2.97002 -1.06606 -2.97002 2.03458 0 0.227364 0 
2 1 0 12.8322 0.1 60.6412 -1.06596 -2.97026 -1.06596 -2.97026 2.03359 0 0.227547 0 
2 1 0 12.8272 0.1 60.6412 -1.06585 -2.9705 -1.06585 -2.9705 2.0326 0 0.227731 0 
2 1 0 12.8222 0.1 60.6412 -1.06574 -2.97074 -1.06574 -2.97074 2.0316 0 0.227916 0 
2 1 0 12.8172 0.1 60.6412 -1.06564 -2.97098 -1.06564 -2.97098 2.0306 0 0.228101 0 
2 1 0 12.8122 0.1 60.6412 -1.06553 -2.97122 -1.06553 -2.97122 2.02959 0 0.228287 0 
2 1 0 12.8072 0.1 60.6412 -1.06542 -2.97146 -1.06542 -2.97146 2.02858 0 0.228474 0 
2 1 0 12.8022 0.1 60.6412 -1.06532 -2.9717 -1.06532 -2.9717 2.02756 0 0.228661 0 
2 1 0 12.7972 0.1 60.6412 -1.06521 -2.97195 -1.06521 -2.97195 2.02655 0 0.228849 0 
2 1 0 12.7922 0.1 60.6412 -1.0651 -2.97219 -1.0651 -2.97219 2.02552 0 0.229037 0 
2 1 0 12.7872 0.1 60.6412 -1.065 -2.97244 -1.065 -2.97244 2.0245 0 0.229226 0 
2 1 0 12.7822 0.1 60.6412 -1.06489 -2.97268 -1.06489 -2.97268 2.02347 0 0.229416 0 
2 1 0 12.7772 0.1 60.6412 -1.06478 -2.97293 -1.06478 -2.97293 2.02243 0 0.229607 0 
2 1 0 12.7722 0.1 60.6412 -1.06467 -2.97318 -1.06467 -2.97318 2.02139 0 0.229798 0 
2 1 0 12.7673 0.1 60.6412 -1.06457 -2.97342 -1.06457 -2.97342 2.02035 0 0.22999 0 
2 1 0 12.7623 0.1 60.6412 -1.06446 -2.97367 -1.06446 -2.97367 2.0193 0 0.230182 0 
2 1 0 12.7573 0.1 60.6412 -1.06435 -2.97392 -1.06435 -2.97392 2.01825 0 0.230375 0 
2 1 0 12.7523 0.1 60.6412 -1.06424 -2.97417 -1.06424 -2.97417 2.0172 0 0.230569 0 
2 1 0 12.7473 0.1 60.6412 -1.06413 -2.97442 -1.06413 -2.97442 2.01614 0 0.230764 0 
2 1 0 12.7423 0.1 60.6412 -1.06402 -2.97467 -1.06402 -2.97467 2.01508 0 0.230959 0 
2 1 0 12.7373 0.1 60.6412 -1.06392 -2.97492 -1.06392 -2.97492 2.01401 0 0.231155 0 
2 1 0 12.7323 0.1 60.6412 -1.06381 -2.97517 -1.06381 -2.97517 2.01294 0 0.231351 0 
2 1 0 12.7273 0.1 60.6412 -1.0637 -2.97543 -1.0637 -2.97543 2.01186 0 0.231549 0 
2 1 0 12.7223 0.1 60.6412 -1.06359 -2.97568 -1.06359 -2.97568 2.01079 0 0.231746 0 
2 1 0 12.7173 0.1 60.6412 -1.06348 -2.97593 -1.06348 -2.97593 2.0097 0 0.231945 0 
2 1 0 12.7123 0.1 60.6412 -1.06337 -2.97619 -1.06337 -2.97619 2.00862 0 0.232144 0 
2 1 0 12.7073 0.1 60.6412 -1.06326 -2.97645 -1.06326 -2.97645 2.00753 0 0.232344 0 
2 1 0 12.7024 0.1 60.6412 -1.06315 -2.9767 -1.06315 -2.9767 2.00643 0 0.232545 0 
2 1 0 12.6974 0.1 60.6412 -1.06304 -2.97696 -1.06304 -2.97696 2.00533 0 0.232746 0 
2 1 0 12.6924 0.1 60.6412 -1.06293 -2.97722 -1.06293 -2.97722 2.00423 0 0.232949 0 
2 1 0 12.6874 0.1 60.6412 -1.06282 -2.97747 -1.06282 -2.97747 2.00312 0 0.233151 0 
2 1 0 12.6824 0.1 60.6412 -1.06271 -2.97773 -1.06271 -2.97773 2.00201 0 0.233355 0 
2 1 0 12.6774 0.1 60.6412 -1.0626 -2.97799 -1.0626 -2.97799 2.0009 0 0.233559 0 
2 1 0 12.6724 0.1 60.6412 -1.06249 -2.97825 -1.06249 -2.97825 1.99978 0 0.233764 0 
2 1 0 12.6674 0.1 60.6412 -1.06238 -2.97851 -1.06238 -2.97851 1.99866 0 0.233969 0 
2 1 0 12.6624 0.1 60.6412 -1.06227 -2.97878 -1.06227 -2.97878 1.99753 0 0.234176 0 
2 1 0 12.6574 0.1 60.6412 -1.06215 -2.97904 -1.06215 -2.97904 1.9964 0 0.234383 0 
2 1 0 12.6524 0.1 60.6412 -1.06204 -2.9793 -1.06204 -2.9793 1.99526 0 0.23459 0 
2 1 0 12.6474 0.1 60.6412 -1.06193 -2.97956 -1.06193 -2.97956 1.99413 0 0.234799 0 
2 1 0 12.6424 0.1 60.6412 -1.06182 -2.97983 -1.06182 -2.97983 1.99298 0 0.235008 0 
2 1 0 12.6375 0.1 60.6412 -1.06171 -2.98009 -1.06171 -2.98009 1.99184 0 0.235218 0 
2 1 0 12.6325 0.1 60.6412 -1.0616 -2.98036 -1.0616 -2.98036 1.99069 0 0.235429 0 
2 1 0 12.6275 0.1 60.6412 -1.06148 -2.98063 -1.06148 -2.98063 1.98953 0 0.23564 0 
2 1 0 12.6225 0.1 60.6412 -1.06137 -2.98089 -1.06137 -2.98089 1.98837 0 0.235852 0 
2 1 0 12.6175 0.1 60.6412 -1.06126 -2.98116 -1.06126 -2.98116 1.98721 0 0.236065 0 
2 1 0 12.6125 0.1 60.6412 -1.06115 -2.98143 -1.06115 -2.98143 1.98605 0 0.236278 0 
2 1 0 12.6075 0.1 60.6412 -1.06103 -2.9817 -1.06103 -2.9817 1.98488 0 0.236492 0 
2 1 0 12.6025 0.1 60.6412 -1.06092 -2.98197 -1.06092 -2.98197 1.9837 0 0.236707 0 
2 1 0 12.5975 0.1 60.6412 -1.06081 -2.98224 -1.06081 -2.98224 1.98253 0 0.236923 0 
2 1 0 12.5925 0.1 60.6412 -1.06069 -2.98251 -1.06069 -2.98251 1.98134 0 0.23714 0 
2 1 0 12.5875 0.1 60.6412 -1.06058 -2.98278 -1.06058 -2.98278 1.98016 0 0.237357 0 
2 1 0 12.5825 0.1 60.6412 -1.06047 -2.98305 -1.06047 -2.98305 1.97897 0 0.237575 0 
2 1 0 12.5776 0.1 60.6412 -1.06035 -2.98333 -1.06035 -2.98333 1.97778 0 0.237793 0 
2 1 0 12.5726 0.1 60.6412 -1.06024 -2.9836 -1.06024 -2.9836 1.97658 0 0.238013 0 
2 1 0 12.5676 0.1 60.6412 -1.06013 -2.98387 -1.06013 -2.98387 1.97538 0 0.238233 0 
2 1 0 12.5626 0.1 60.6412 -1.06001 -2.98415 -1.06001 -2.98415 1.97417 0 0.238454 0 
2 1 0 12.5576 0.1 60.6412 -1.0599 -2.98442 -1.0599 -2.98442 1.97296 0 0.238676 0 
2 1 0 12.5526 0.1 60.6412 -1.05978 -2.9847 -1.05978 -2.9847 1.97175 0 0.238898 0 
2 1 0 12.5476 0.1 60.6412 -1.05967 -2.98498 -1.05967 -2.98498 1.97054 0 0.239121 0 
2 1 0 12.5426 0.1 60.6412 -1.05955 -2.98525 -1.05955 -2.98525 1.96932 0 0.239345 0 
2 1 0 12.5376 0.1 60.6412 -1.05944 -2.98553 -1.05944 -2.98553 1.96809 0 0.23957 0 
2 1 0 12.5326 0.1 60.6412 -1.05932 -2.98581 -1.05932 -2.98581 1.96686 0 0.239795 0 
2 1 0 12.5276 0.1 60.6412 -1.05921 -2.98609 -1.05921 -2.98609 1.96563 0 0.240021 0 
2 1 0 12.5227 0.1 60.6412 -1.05909 -2.98637 -1.05909 -2.98637 1.9644 0 0.240248 0 
2 1 0 12.5177 0.1 60.6412 -1.05898 -2.98665 -1.05898 -2.98665 1.96316 0 0.240476 0 
2 1 0 12.5127 0.1 60.6412 -1.05886 -2.98693 -1.05886 -2.98693 1.96191 0 0.240705 0 
2 1 0 12.5077 0.1 60.6412 -1.05875 -2.98721 -1.05875 -2.98721 1.96067 0 0.240934 0 
2 1 0 12.5027 0.1 60.6412 -1.05863 -2.9875 -1.05863 -2.9875 1.95941 0 0.241164 0 
2 1 0 12.4977 0.1 60.6412 -1.05851 -2.98778 -1.05851 -2.98778 1.95816 0 0.241395 0 
2 1 0 12.4927 0.1 60.6412 -1.0584 -2.98806 -1.0584 -2.98806 1.9569 0 0.241627 0 
2 1 0 12.4877 0.1 60.6412 -1.05828 -2.98835 -1.05828 -2.98835 1.95564 0 0.241859 0 
2 1 0 12.4827 0.1 60.6412 -1.05816 -2.98863 -1.05816 -2.98863 1.95437 0 0.242092 0 
2 1 0 12.4777 0.1 60.6412 -1.05805 -2.98892 -1.05805 -2.98892 1.9531 0 0.242326 0 
2 1 0 12.4728 0.1 60.6412 -1.05793 -2.98921 -1.05793 -2.98921 1.95183 0 0.242561 0 
2 1 0 12.4678 0.1 60.6412 -1.05781 -2.98949 -1.05781 -2.98949 1.95055 0 0.242797 0 
2 1 0 12.4628 0.1 60.6412 -1.0577 -2.98978 -1.0577 -2.98978 1.94927 0 0.243033 0 
2 1 0 12.4578 0.1 60.6412 -1.05758 -2.99007 -1.05758 -2.99007 1.94798 0 0.24327 0 
2 1 0 12.4528 0.1 60.6412 -1.05746 -2.99036 -1.05746 -2.99036 1.94669 0 0.243508 0 
2 1 0 12.4478 0.1 60.6412 -1.05734 -2.99065 -1.05734 -2.99065 1.9454 0 0.243747 0 
2 1 0 12.4428 0.1 60.6412 -1.05722 -2.99094 -1.05722 -2.99094 1.9441 0 0.243987 0 
2 1 0 12.4378 0.1 60.6412 -1.05711 -2.99123 -1.05711 -2.99123 1.9428 0 0.244227 0 
2 1 0 12.4328 0.1 60.6412 -1.05699 -2.99152 -1.05699 -2.99152 1.9415 0 0.244468 0 
2 1 0 12.4278 0.1 60.6412 -1.05687 -2.99182 -1.05687 -2.99182 1.94019 0 0.24471 0 
2 1 0 12.4228 0.1 60.6412 -1.05675 -2.99211 -1.05675 -2.99211 1.93888 0 0.244953 0 
2 1 0 12.4179 0.1 60.6412 -1.05663 -2.9924 -1.05663 -2.9924 1.93757 0 0.245197 0 
2 1 0 12.4129 0.1 60.6412 -1.05651 -2.9927 -1.05651 -2.9927 1.93625 0 0.245441 0 
2 1 0 12.4079 0.1 60.6412 -1.0564 -2.99299 -1.0564 -2.99299 1.93492 0 0.245687 0 
2 1 0 12.4029 0.1 60.6412 -1.05628 -2.99329 -1.05628 -2.99329 1.9336 0 0.245933 0 
2 1 0 12.3979 0.1 60.6412 -1.05616 -2.99358 -1.05616 -2.99358 1.93227 0 0.24618 0 
2 1 0 12.3929 0.1 60.6412 -1.05604 -2.99388 -1.05604 -2.99388 1.93093 0 0.246427 0 
2 1 0 12.3879 0.1 60.6412 -1.05592 -2.99418 -1.05592 -2.99418 1.9296 0 0.246676 0 
2 1 0 12.3829 0.1 60.6412 -1.0558 -2.99448 -1.0558 -2.99448 1.92825 0 0.246925 0 
2 1 0 12.3779 0.1 60.6412 -1.05568 -2.99477 -1.05568 -2.99477 1.92691 0 0.247176 0 
2 1 0 12.373 0.1 60.6412 -1.05556 -2.99507 -1.05556 -2.99507 1.92556 0 0.247427 0 
2 1 0 12.368 0.1 60.6412 -1.05544 -2.99537 -1.05544 -2.99537 1.92421 0 0.247679 0 
2 1 0 12.363 0.1 60.6412 -1.05532 -2.99568 -1.05532 -2.99568 1.92285 0 0.247932 0 
2 1 0 12.358 0.1 60.6412 -1.0552 -2.99598 -1.0552 -2.99598 1.92149 0 0.248185 0 
2 1 0 12.353 0.1 60.6412 -1.05508 -2.99628 -1.05508 -2.99628 1.92013 0 0.24844 0 
2 1 0 12.348 0.1 60.6412 -1.05495 -2.99658 -1.05495 -2.99658 1.91876 0 0.248695 0 
2 1 0 12.343 0.1 60.6412 -1.05483 -2.99688 -1.05483 -2.99688 1.91739 0 0.248951 0 
2 1 0 12.338 0.1 60.6412 -1.05471 -2.99719 -1.05471 -2.99719 1.91602 0 0.249208 0 
2 1 0 12.333 0.1 60.6412 -1.05459 -2.99749 -1.05459 -2.99749 1.91464 0 0.249466 0 
2 1 0 12.328 0.1 60.6412 -1.05447 -2.9978 -1.05447 -2.9978 1.91326 0 0.249725 0 
2 1 0 12.3231 0.1 60.6412 -1.05435 -2.9981 -1.05435 -2.9981 1.91187 0 0.249985 0 
2 1 0 12.3181 0.1 60.6412 -1.05423 -2.99841 -1.05423 -2.99841 1.91048 0 0.250245 0 
2 1 0 12.3131 0.1 60.6412 -1.0541 -2.99872 -1.0541 -2.99872 1.90909 0 0.250507 0 
2 1 0 12.3081 0.1 60.6412 -1.05398 -2.99903 -1.05398 -2.99903 1.90769 0 0.250769 0 
2 1 0 12.3031 0.1 60.6412 -1.05386 -2.99933 -1.05386 -2.99933 1.90629 0 0.251032 0 
2 1 0 12.2981 0.1 60.6412 -1.05374 -2.99964 -1.05374 -2.99964 1.90489 0 0.251296 0 
2 1 0 12.2931 0.1 60.6412 -1.05361 -2.99995 -1.05361 -2.99995 1.90348 0 0.251561 0 
2 1 0 12.2881 0.1 60.6412 -1.05349 -3.00026 -1.05349 -3.00026 1.90207 0 0.251826 0 
2 1 0 12.2831 0.1 60.6412 -1.05337 -3.00057 -1.05337 -3.00057 1.90066 0 0.252093 0 
2 1 0 12.2782 0.1 60.6412 -1.05325 -3.00089 -1.05325 -3.00089 1.89924 0 0.252361 0 
2 1 0 12.2732 0.1 60.6412 -1.05312 -3.0012 -1.05312 -3.0012 1.89782 0 0.252629 0 
2 1 0 12.2682 0.1 60.6412 -1.053 -3.00151 -1.053 -3.00151 1.89639 0 0.252898 0 
2 1 0 12.2632 0.1 60.6412 -1.05288 -3.00183 -1.05288 -3.00183 1.89497 0 0.253169 0 
2 1 0 12.2582 0.1 60.6412 -1.05275 -3.00214 -1.05275 -3.00214 1.89353 0 0.25344 0 
2 1 0 12.2532 0.1 60.6412 -1.05263 -3.00245 -1.05263 -3.00245 1.8921 0 0.253712 0 
2 1 0 12.2482 0.1 60.6412 -1.0525 -3.00277 -1.0525 -3.00277 1.89066 0 0.253985 0 
2 1 0 12.2432 0.1 60.6412 -1.05238 -3.00309 -1.05238 -3.00309 1.88922 0 0.254258 0 
2 1 0 12.2382 0.1 60.6412 -1.05225 -3.0034 -1.05225 -3.0034 1.88777 0 0.254533 0 
2 1 0 12.2333 0.1 60.6412 -1.05213 -3.00372 -1.05213 -3.00372 1.88632 0 0.254809 0 
2 1 0 12.2283 0.1 60.6412 -1.05201 -3.00404 -1.05201 -3.00404 1.88487 0 0.255085 0 
2 1 0 12.2233 0.1 60.6412 -1.05188 -3.00436 -1.05188 -3.00436 1.88341 0 0.255363 0 
2 1 0 12.2183 0.1 60.6412 -1.05176 -3.00468 -1.05176 -3.00468 1.88195 0 0.255641 0 
2 1 0 12.2133 0.1 60.6412 -1.05163 -3.005 -1.05163 -3.005 1.88049 0 0.25592 0 
2 1 0 12.2083 0.1 60.6412 -1.05151 -3.00532 -1.05151 -3.00532 1.87902 0 0.256201 0 
2 1 0 12.2033 0.1 60.6412 -1.05138 -3.00564 -1.05138 -3.00564 1.87755 0 0.256482 0 
2 1 0 12.1983 0.1 60.6412 -1.05125 -3.00596 -1.05125 -3.00596 1.87608 0 0.256764 0 
2 1 0 12.1934 0.1 60.6412 -1.05113 -3.00628 -1.05113 -3.00628 1.8746 0 0.257047 0 
2 1 0 12.1884 0.1 60.6412 -1.051 -3.00661 -1.051 -3.00661 1.87312 0 0.257331 0 
2 1 0 12.1834 0.1 60.6412 -1.05088 -3.00693 -1.05088 -3.00693 1.87163 0 0.257616 0 
2 1 0 12.1784 0.1 60.6412 -1.05075 -3.00725 -1.05075 -3.00725 1.87015 0 0.257902 0 
2 1 0 12.1734 0.1 60.6412 -1.05062 -3.00758 -1.05062 -3.00758 1.86865 0 0.258189 0 
2 1 0 12.1684 0.1 60.6412 -1.0505 -3.00791 -1.0505 -3.00791 1.86716 0 0.258476 0 
2 1 0 12.1634 0.1 60.6412 -1.05037 -3.00823 -1.05037 -3.00823 1.86566 0 0.258765 0 
2 1 0 12.1584 0.1 60.6412 -1.05024 -3.00856 -1.05024 -3.00856 1.86416 0 0.259055 0 
2 1 0 12.1535 0.1 60.6412 -1.05012 -3.00889 -1.05012 -3.00889 1.86265 0 0.259345 0 
2 1 0 12.1485 0.1 60.6412 -1.04999 -3.00921 -1.04999 -3.00921 1.86115 0 0.259637 0 
2 1 0 12.1435 0.1 60.6412 -1.04986 -3.00954 -1.04986 -3.00954 1.85963 0 0.259929 0 
2 1 0 12.1385 0.1 60.6412 -1.04973 -3.00987 -1.04973 -3.00987 1.85812 0 0.260223 0 
2 1 0 12.1335 0.1 60.6412 -1.04961 -3.0102 -1.04961 -3.0102 1.8566 0 0.260517 0 
2 1 0 12.1285 0.1 60.6412 -1.04948 -3.01053 -1.04948 -3.01053 1.85508 0 0.260813 0 
2 1 0 12.1235 0.1 60.6412 -1.04935 -3.01087 -1.04935 -3.01087 1.85355 0 0.261109 0 
2 1 0 12.1185 0.1 60.6412 -1.04922 -3.0112 -1.04922 -3.0112 1.85203 0 0.261407 0 
2 1 0 12.1136 0.1 60.6412 -1.04909 -3.01153 -1.04909 -3.01153 1.85049 0 0.261705 0 
2 1 0 12.1086 0.1 60.6412 -1.04896 -3.01186 -1.04896 -3.01186 1.84896 0 0.262004 0 
2 1 0 12.1036 0.1 60.6412 -1.04884 -3.0122 -1.04884 -3.0122 1.84742 0 0.262305 0 
2 1 0 12.0986 0.1 60.6412 -1.04871 -3.01253 -1.04871 -3.01253 1.84588 0 0.262606 0 
2 1 0 12.0936 0.1 60.6412 -1.04858 -3.01287 -1.04858 -3.01287 1.84433 0 0.262908 0 
2 1 0 12.0886 0.1 60.6412 -1.04845 -3.0132 -1.04845 -3.0132 1.84278 0 0.263211 0 
2 1 0 12.0836 0.1 60.6412 -1.04832 -3.01354 -1.04832 -3.01354 1.84123 0 0.263516 0 
2 1 0 12.0786 0.1 60.6412 -1.04819 -3.01388 -1.04819 -3.01388 1.83968 0 0.263821 0 
2 1 0 12.0737 0.1 60.6412 -1.04806 -3.01422 -1.04806 -3.01422 1.83812 0 0.264127 0 
2 1 0 12.0687 0.1 60.6412 -1.04793 -3.01456 -1.04793 -3.01456 1.83656 0 0.264435 0 
2 1 0 12.0637 0.1 60.6412 -1.0478 -3.0149 -1.0478 -3.0149 1.83499 0 0.264743 0 
2 1 0 12.0587 0.1 60.6412 -1.04767 -3.01523 -1.04767 -3.01523 1.83342 0 0.265052 0 
2 1 0 12.0537 0.1 60.6412 -1.04754 -3.01558 -1.04754 -3.01558 1.83185 0 0.265363 0 
2 1 0 12.0487 0.1 60.6412 -1.04741 -3.01592 -1.04741 -3.01592 1.83028 0 0.265674 0 
2 1 0 12.0437 0.1 60.6412 -1.04728 -3.01626 -1.04728 -3.01626 1.8287 0 0.265987 0 
2 1 0 12.0388 0.1 60.6412 -1.04715 -3.0166 -1.04715 -3.0166 1.82712 0 0.2663 0 
2 1 0 12.0338 0.1 60.6412 -1.04702 -3.01694 -1.04702 -3.01694 1.82553 0 0.266615 0 
2 1 0 12.0288 0.1 60.6412 -1.04688 -3.01729 -1.04688 -3.01729 1.82395 0 0.26693 0 
2 1 0 12.0238 0.1 60.6412 -1.04675 -3.01763 -1.04675 -3.01763 1.82235 0 0.267247 0 
2 1 0 12.0188 0.1 60.6412 -1.04662 -3.01798 -1.04662 -3.01798 1.82076 0 0.267564 0 
2 1 0 12.0138 0.1 60.6412 -1.04649 -3.01832 -1.04649 -3.01832 1.81916 0 0.267883 0 
2 1 0 12.0088 0.1 60.6412 -1.04636 -3.01867 -1.04636 -3.01867 1.81756 0 0.268202 0 
2 1 0 12.0038 0.1 60.6412 -1.04623 -3.01902 -1.04623 -3.01902 1.81596 0 0.268523 0 
2 1 0 11.9989 0.1 60.6412 -1.04609 -3.01936 -1.04609 -3.01936 1.81435 0 0.268845 0 
2 1 0 11.9939 0.1 60.6412 -1.04596 -3.01971 -1.04596 -3.01971 1.81274 0 0.269168 0 
2 1 0 11.9889 0.1 60.6412 -1.04583 -3.02006 -1.04583 -3.02006 1.81113 0 0.269492 0 
2 1 0 11.9839 0.1 60.6412 -1.0457 -3.02041 -1.0457 -3.02041 1.80951 0 0.269816 0 
2 1 0 11.9789 0.1 60.6412 -1.04556 -3.02076 -1.04556 -3.02076 1.80789 0 0.270143 0 
2 1 0 11.9739 0.1 60.6412 -1.04543 -3.02111 -1.04543 -3.02111 1.80627 0 0.27047 0 
2 1 0 11.9689 0.1 60.6412 -1.0453 -3.02147 -1.0453 -3.02147 1.80465 0 0.270798 0 
2 1 0 11.964 0.1 60.6412 -1.04516 -3.02182 -1.04516 -3.02182 1.80302 0 0.271127 0 
2 1 0 11.959 0.1 60.6412 -1.04503 -3.02217 -1.04503 -3.02217 1.80139 0 0.271457 0 
2 1 0 11.954 0.1 60.6412 -1.0449 -3.02252 -1.0449 -3.02252 1.79975 0 0.271789 0 
2 1 0 11.949 0.1 60.6412 -1.04476 -3.02288 -1.04476 -3.02288 1.79811 0 0.272121 0 
2 1 0 11.944 0.1 60.6412 -1.04463 -3.02323 -1.04463 -3.02323 1.79647 0 0.272455 0 
2 1 0 11.939 0.1 60.6412 -1.04449 -3.02359 -1.04449 -3.02359 1.79483 0 0.272789 0 
2 1 0 11.934 0.1 60.6412 -1.04436 -3.02395 -1.04436 -3.02395 1.79318 0 0.273125 0 
2 1 0 11.9291 0.1 60.6412 -1.04422 -3.0243 -1.04422 -3.0243 1.79153 0 0.273462 0 
2 1 0 11.9241 0.1 60.6412 -1.04409 -3.02466 -1.04409 -3.02466 1.78988 0 0.2738 0 
2 1 0 11.9191 0.1 60.6412 -1.04395 -3.02502 -1.04395 -3.02502 1.78822 0 0.274139 0 
2 1 0 11.9141 0.1 60.6412 -1.04382 -3.02538 -1.04382 -3.02538 1.78656 0 0.274479 0 
2 1 0 11.9091 0.1 60.6412 -1.04368 -3.02574 -1.04368 -3.02574 1.7849 0 0.27482 0 
2 1 0 11.9041 0.1 60.6412 -1.04355 -3.0261 -1.04355 -3.0261 1.78323 0 0.275163 0 
2 1 0 11.8991 0.1 60.6412 -1.04341 -3.02646 -1.04341 -3.02646 1.78156 0 0.275506 0 
2 1 0 11.8942 0.1 60.6412 -1.04328 -3.02682 -1.04328 -3.02682 1.77989 0 0.275851 0 
2 1 0 11.8892 0.1 60.6412 -1.04314 -3.02718 -1.04314 -3.02718 1.77822 0 0.276197 0 
2 1 0 11.8842 0.1 60.6412 -1.043 -3.02754 -1.043 -3.02754 1.77654 0 0.276543 0 
2 1 0 11.8792 0.1 60.6412 -1.04287 -3.02791 -1.04287 -3.02791 1.77486 0 0.276891 0 
2 1 0 11.8742 0.1 60.6412 -1.04273 -3.02827 -1.04273 -3.02827 1.77318 0 0.277241 0 
2 1 0 11.8692 0.1 60.6412 -1.04259 -3.02864 -1.04259 -3.02864 1.77149 0 0.277591 0 
2 1 0 11.8643 0.1 60.6412 -1.04246 -3.029 -1.04246 -3.029 1.7698 0 0.277942 0 
2 1 0 11.8593 0.1 60.6412 -1.04232 -3.02937 -1.04232 -3.02937 1.76811 0 0.278295 0 
2 1 0 11.8543 0.1 60.6412 -1.04218 -3.02974 -1.04218 -3.02974 1.76642 0 0.278649 0 
2 1 0 11.8493 0.1 60.6412 -1.04205 -3.0301 -1.04205 -3.0301 1.76472 0 0.279004 0 
2 1 0 11.8443 0.1 60.6412 -1.04191 -3.03047 -1.04191 -3.03047 1.76302 0 0.27936 0 
2 1 0 11.8393 0.1 60.6412 -1.04177 -3.03084 -1.04177 -3.03084 1.76131 0 0.279717 0 
2 1 0 11.8343 0.1 60.6412 -1.04163 -3.03121 -1.04163 -3.03121 1.75961 0 0.280075 0 
2 1 0 11.8294 0.1 60.6412 -1.04149 -3.03158 -1.04149 -3.03158 1.7579 0 0.280435 0 
2 1 0 11.8244 0.1 60.6412 -1.04136 -3.03195 -1.04136 -3.03195 1.75619 0 0.280796 0 
2 1 0 11.8194 0.1 60.6412 -1.04122 -3.03232 -1.04122 -3.03232 1.75447 0 0.281157 0 
2 1 0 11.8144 0.1 60.6412 -1.04108 -3.03269 -1.04108 -3.03269 1.75275 0 0.28152 0 
2 1 0 11.8094 0.1 60.6412 -1.04094 -3.03307 -1.04094 -3.03307 1.75103 0 0.281885 0 
2 1 0 11.8044 0.1 60.6412 -1.0408 -3.03344 -1.0408 -3.03344 1.74931 0 0.28225 0 
2 1 0 11.7995 0.1 60.6412 -1.04066 -3.03382 -1.04066 -3.03382 1.74758 0 0.282617 0 
2 1 0 11.7945 0.1 60.6412 -1.04052 -3.03419 -1.04052 -3.03419 1.74585 0 0.282985 0 
2 1 0 11.7895 0.1 60.6412 -1.04038 -3.03457 -1.04038 -3.03457 1.74412 0 0.283354 0 
2 1 0 11.7845 0.1 60.6412 -1.04024 -3.03494 -1.04024 -3.03494 1.74239 0 0.283724 0 
2 1 0 11.7795 0.1 60.6412 -1.0401 -3.03532 -1.0401 -3.03532 1.74065 0 0.284096 0 
2 1 0 11.7745 0.1 60.6412 -1.03996 -3.0357 -1.03996 -3.0357 1.73891 0 0.284468 0 
2 1 0 11.7696 0.1 60.6412 -1.03982 -3.03608 -1.03982 -3.03608 1.73717 0 0.284842 0 
2 1 0 11.7646 0.1 60.6412 -1.03968 -3.03646 -1.03968 -3.03646 1.73542 0 0.285217 0 
2 1 0 11.7596 0.1 60.6412 -1.03954 -3.03683 -1.03954 -3.03683 1.73367 0 0.285594 0 
2 1 0 11.7546 0.1 60.6412 -1.0394 -3.03722 -1.0394 -3.03722 1.73192 0 0.285971 0 
2 1 0 11.7496 0.1 60.6412 -1.03926 -3.0376 -1.03926 -3.0376 1.73017 0 0.28635 0 
2 1 0 11.7446 0.1 60.6412 -1.03912 -3.03798 -1.03912 -3.03798 1.72841 0 0.28673 0 
2 1 0 11.7397 0.1 60.6412 -1.03898 -3.03836 -1.03898 -3.03836 1.72665 0 0.287111 0 
2 1 0 11.7347 0.1 60.6412 -1.03884 -3.03874 -1.03884 -3.03874 1.72489 0 0.287494 0 
2 1 0 11.7297 0.1 60.6412 -1.0387 -3.03913 -1.0387 -3.03913 1.72312 0 0.287877 0 
2 1 0 11.7247 0.1 60.6412 -1.03855 -3.03951 -1.03855 -3.03951 1.72136 0 0.288263 0 
2 1 0 11.7197 0.1 60.6412 -1.03841 -3.0399 -1.03841 -3.0399 1.71959 0 0.288649 0 
2 1 0 11.7147 0.1 60.6412 -1.03827 -3.04028 -1.03827 -3.04028 1.71781 0 0.289036 0 
2 1 0 11.7098 0.1 60.6412 -1.03813 -3.04067 -1.03813 -3.04067 1.71604 0 0.289425 0 
2 1 0 11.7048 0.1 60.6412 -1.03798 -3.04106 -1.03798 -3.04106 1.71426 0 0.289815 0 
2 1 0 11.6998 0.1 60.6412 -1.03784 -3.04145 -1.03784 -3.04145 1.71248 0 0.290206 0 
2 1 0 11.6948 0.1 60.6412 -1.0377 -3.04184 -1.0377 -3.04184 1.7107 0 0.290599 0 
2 1 0 11.6898 0.1 60.6412 -1.03755 -3.04222 -1.03755 -3.04222 1.70891 0 0.290993 0 
2 1 0 11.6848 0.1 60.6412 -1.03741 -3.04261 -1.03741 -3.04261 1.70712 0 0.291388 0 
2 1 0 11.6799 0.1 60.6412 -1.03727 -3.04301 -1.03727 -3.04301 1.70533 0 0.291785 0 
2 1 0 11.6749 0.1 60.6412 -1.03712 -3.0434 -1.03712 -3.0434 1.70354 0 0.292182 0 
2 1 0 11.6699 0.1 60.6412 -1.03698 -3.04379 -1.03698 -3.04379 1.70174 0 0.292581 0 
2 1 0 11.6649 0.1 60.6412 -1.03684 -3.04418 -1.03684 -3.04418 1.69994 0 0.292982 0 
2 1 0 11.6599 0.1 60.6412 -1.03669 -3.04458 -1.03669 -3.04458 1.69814 0 0.293383 0 
2 1 0 11.6549 0.1 60.6412 -1.03655 -3.04497 -1.03655 -3.04497 1.69634 0 0.293786 0 
2 1 0 11.65 0.1 60.6412 -1.0364 -3.04537 -1.0364 -3.04537 1.69453 0 0.294191 0 
2 1 0 11.645 0.1 60.6412 -1.03626 -3.04576 -1.03626 -3.04576 1.69272 0 0.294596 0 
2 1 0 11.64 0.1 60.6412 -1.03611 -3.04616 -1.03611 -3.04616 1.69091 0 0.295003 0 
2 1 0 11.635 0.1 60.6412 -1.03597 -3.04656 -1.03597 -3.04656 1.68909 0 0.295412 0 
2 1 0 11.63 0.1 60.6412 -1.03582 -3.04695 -1.03582 -3.04695 1.68728 0 0.295821 0 
2 1 0 11.6251 0.1 60.6412 -1.03568 -3.04735 -1.03568 -3.04735 1.68546 0 0.296232 0 
2 1 0 11.6201 0.1 60.6412 -1.03553 -3.04775 -1.03553 -3.04775 1.68364 0 0.296644 0 
2 1 0 11.6151 0.1 60.6412 -1.03538 -3.04815 -1.03538 -3.04815 1.68181 0 0.297058 0 
2 1 0 11.6101 0.1 60.6412 -1.03524 -3.04855 -1.03524 -3.04855 1.67999 0 0.297473 0 
2 1 0 11.6051 0.1 60.6412 -1.03509 -3.04896 -1.03509 -3.04896 1.67816 0 0.297889 0 
2 1 0 11.6001 0.1 60.6412 -1.03494 -3.04936 -1.03494 -3.04936 1.67633 0 0.298307 0 
2 1 0 11.5952 0.1 60.6412 -1.0348 -3.04976 -1.0348 -3.04976 1.67449 0 0.298726 0 
2 1 0 11.5902 0.1 60.6412 -1.03465 -3.05016 -1.03465 -3.05016 1.67266 0 0.299146 0 
2 1 0 11.5852 0.1 60.6412 -1.0345 -3.05057 -1.0345 -3.05057 1.67082 0 0.299568 0 
2 1 0 11.5802 0.1 60.6412 -1.03436 -3.05097 -1.03436 -3.05097 1.66898 0 0.299991 0 
2 1 0 11.5752 0.1 60.6412 -1.03421 -3.05138 -1.03421 -3.05138 1.66713 0 0.300416 0 
2 1 0 11.5703 0.1 60.6412 -1.03406 -3.05179 -1.03406 -3.05179 1.66529 0 0.300842 0 
2 1 0 11.5653 0.1 60.6412 -1.03391 -3.0522 -1.03391 -3.0522 1.66344 0 0.301269 0 
2 1 0 11.5603 0.1 60.6412 -1.03376 -3.0526 -1.03376 -3.0526 1.66159 0 0.301698 0 
2 1 0 11.5553 0.1 60.6412 -1.03362 -3.05301 -1.03362 -3.05301 1.65974 0 0.302128 0 
2 1 0 11.5503 0.1 60.6412 -1.03347 -3.05342 -1.03347 -3.05342 1.65788 0 0.30256 0 
2 1 0 11.5454 0.1 60.6412 -1.03332 -3.05383 -1.03332 -3.05383 1.65602 0 0.302993 0 
2 1 0 11.5404 0.1 60.6412 -1.03317 -3.05424 -1.03317 -3.05424 1.65416 0 0.303427 0 
2 1 0 11.5354 0.1 60.6412 -1.03302 -3.05466 -1.03302 -3.05466 1.6523 0 0.303863 0 
2 1 0 11.5304 0.1 60.6412 -1.03287 -3.05507 -1.03287 -3.05507 1.65044 0 0.3043 0 
2 1 0 11.5254 0.1 60.6412 -1.03272 -3.05548 -1.03272 -3.05548 1.64857 0 0.304739 0 
2 1 0 11.5204 0.1 60.6412 -1.03257 -3.0559 -1.03257 -3.0559 1.6467 0 0.305179 0 
2 1 0 11.5155 0.1 60.6412 -1.03242 -3.05631 -1.03242 -3.05631 1.64483 0 0.305621 0 
2 1 0 11.5105 0.1 60.6412 -1.03227 -3.05673 -1.03227 -3.05673 1.64295 0 0.306064 0 
2 1 0 11.5055 0.1 60.6412 -1.03212 -3.05714 -1.03212 -3.05714 1.64108 0 0.306508 0 
2 1 0 11.5005 0.1 60.6412 -1.03197 -3.05756 -1.03197 -3.05756 1.6392 0 0.306954 0 
2 1 0 11.4955 0.1 60.6412 -1.03182 -3.05798 -1.03182 -3.05798 1.63732 0 0.307401 0 
2 1 0 11.4906 0.1 60.6412 -1.03167 -3.0584 -1.03167 -3.0584 1.63544 0 0.30785 0 
2 1 0 11.4856 0.1 60.6412 -1.03152 -3.05882 -1.03152 -3.05882 1.63355 0 0.308301 0 
2 1 0 11.4806 0.1 60.6412 -1.03136 -3.05924 -1.03136 -3.05924 1.63166 0 0.308752 0 
2 1 0 11.4756 0.1 60.6412 -1.03121 -3.05966 -1.03121 -3.05966 1.62977 0 0.309206 0 
2 1 0 11.4706 0.1 60.6412 -1.03106 -3.06008 -1.03106 -3.06008 1.62788 0 0.309661 0 
2 1 0 11.4657 0.1 60.6412 -1.03091 -3.06051 -1.03091 -3.06051 1.62599 0 0.310117 0 
2 1 0 11.4607 0.1 60.6412 -1.03076 -3.06093 -1.03076 -3.06093 1.62409 0 0.310575 0 
2 1 0 11.4557 0.1 60.6412 -1.0306 -3.06135 -1.0306 -3.06135 1.62219 0 0.311034 0 
2 1 0 11.4507 0.1 60.6412 -1.03045 -3.06178 -1.03045 -3.06178 1.62029 0 0.311495 0 
2 1 0 11.4457 0.1 60.6412 -1.0303 -3.0622 -1.0303 -3.0622 1.61839 0 0.311957 0 
2 1 0 11.4408 0.1 60.6412 -1.03014 -3.06263 -1.03014 -3.06263 1.61648 0 0.312421 0 
2 1 0 11.4358 0.1 60.6412 -1.02999 -3.06306 -1.02999 -3.06306 1.61458 0 0.312887 0 
2 1 0 11.4308 0.1 60.6412 -1.02984 -3.06349 -1.02984 -3.06349 1.61267 0 0.313354 0 
2 1 0 11.4258 0.1 60.6412 -1.02968 -3.06392 -1.02968 -3.06392 1.61075 0 0.313822 0 
2 1 0 11.4209 0.1 60.6412 -1.02953 -3.06435 -1.02953 -3.06435 1.60884 0 0.314292 0 
2 1 0 11.4159 0.1 60.6412 -1.02938 -3.06478 -1.02938 -3.06478 1.60692 0 0.314764 0 
2 1 0 11.4109 0.1 60.6412 -1.02922 -3.06521 -1.02922 -3.06521 1.60501 0 0.315237 0 
2 1 0 11.4059 0.1 60.6412 -1.02907 -3.06564 -1.02907 -3.06564 1.60309 0 0.315712 0 
2 1 0 11.4009 0.1 60.6412 -1.02891 -3.06607 -1.02891 -3.06607 1.60116 0 0.316188 0 
2 1 0 11.396 0.1 60.6412 -1.02876 -3.06651 -1.02876 -3.06651 1.59924 0 0.316666 0 
2 1 0 11.391 0.1 60.6412 -1.0286 -3.06694 -1.0286 -3.06694 1.59731 0 0.317146 0 
2 1 0 11.386 0.1 60.6412 -1.02844 -3.06738 -1.02844 -3.06738 1.59538 0 0.317627 0 
2 1 0 11.381 0.1 60.6412 -1.02829 -3.06781 -1.02829 -3.06781 1.59345 0 0.318109 0 
2 1 0 11.376 0.1 60.6412 -1.02813 -3.06825 -1.02813 -3.06825 1.59152 0 0.318594 0 
2 1 0 11.3711 0.1 60.6412 -1.02798 -3.06869 -1.02798 -3.06869 1.58958 0 0.31908 0 
2 1 0 11.3661 0.1 60.6412 -1.02782 -3.06913 -1.02782 -3.06913 1.58765 0 0.319567 0 
2 1 0 11.3611 0.1 60.6412 -1.02766 -3.06957 -1.02766 -3.06957 1.58571 0 0.320056 0 
2 1 0 11.3561 0.1 60.6412 -1.0275 -3.07001 -1.0275 -3.07001 1.58377 0 0.320547 0 
2 1 0 11.3512 0.1 60.6412 -1.02735 -3.07045 -1.02735 -3.07045 1.58182 0 0.32104 0 
2 1 0 11.3462 0.1 60.6412 -1.02719 -3.07089 -1.02719 -3.07089 1.57988 0 0.321534 0 
2 1 0 11.3412 0.1 60.6412 -1.02703 -3.07134 -1.02703 -3.07134 1.57793 0 0.32203 0 
2 1 0 11.3362 0.1 60.6412 -1.02687 -3.07178 -1.02687 -3.07178 1.57598 0 0.322527 0 
2 1 0 11.3312 0.1 60.6412 -1.02672 -3.07223 -1.02672 -3.07223 1.57403 0 0.323026 0 
2 1 0 11.3263 0.1 60.6412 -1.02656 -3.07267 -1.02656 -3.07267 1.57207 0 0.323527 0 
2 1 0 11.3213 0.1 60.6412 -1.0264 -3.07312 -1.0264 -3.07312 1.57012 0 0.32403 0 
2 1 0 11.3163 0.1 60.6412 -1.02624 -3.07357 -1.02624 -3.07357 1.56816 0 0.324534 0 
2 1 0 11.3113 0.1 60.6412 -1.02608 -3.07401 -1.02608 -3.07401 1.5662 0 0.32504 0 
2 1 0 11.3064 0.1 60.6412 -1.02592 -3.07446 -1.02592 -3.07446 1.56424 0 0.325547 0 
2 1 0 11.3014 0.1 60.6412 -1.02576 -3.07491 -1.02576 -3.07491 1.56227 0 0.326057 0 
2 1 0 11.2964 0.1 60.6412 -1.0256 -3.07536 -1.0256 -3.07536 1.56031 0 0.326568 0 
2 1 0 11.2914 0.1 60.6412 -1.02544 -3.07582 -1.02544 -3.07582 1.55834 0 0.327081 0 
2 1 0 11.2864 0.1 60.6412 -1.02528 -3.07627 -1.02528 -3.07627 1.55637 0 0.327595 0 
2 1 0 11.2815 0.1 60.6412 -1.02512 -3.07672 -1.02512 -3.07672 1.5544 0 0.328112 0 
2 1 0 11.2765 0.1 60.6412 -1.02496 -3.07718 -1.02496 -3.07718 1.55242 0 0.32863 0 
2 1 0 11.2715 0.1 60.6412 -1.0248 -3.07763 -1.0248 -3.07763 1.55044 0 0.32915 0 
2 1 0 11.2665 0.1 60.6412 -1.02463 -3.07809 -1.02463 -3.07809 1.54847 0 0.329671 0 
2 1 0 11.2616 0.1 60.6412 -1.02447 -3.07855 -1.02447 -3.07855 1.54649 0 0.330195 0 
2 1 0 11.2566 0.1 60.6412 -1.02431 -3.079 -1.02431 -3.079 1.5445 0 0.33072 0 
2 1 0 11.2516 0.1 60.6412 -1.02415 -3.07946 -1.02415 -3.07946 1.54252 0 0.331247 0 
2 1 0 11.2466 0.1 60.6412 -1.02399 -3.07992 -1.02399 -3.07992 1.54053 0 0.331776 0 
2 1 0 11.2417 0.1 60.6412 -1.02382 -3.08039 -1.02382 -3.08039 1.53854 0 0.332307 0 
2 1 0 11.2367 0.1 60.6412 -1.02366 -3.08085 -1.02366 -3.08085 1.53655 0 0.332839 0 
2 1 0 11.2317 0.1 60.6412 -1.0235 -3.08131 -1.0235 -3.08131 1.53456 0 0.333373 0 
2 1 0 11.2267 0.1 60.6412 -1.02333 -3.08177 -1.02333 -3.08177 1.53256 0 0.33391 0 
2 1 0 11.2218 0.1 60.6412 -1.02317 -3.08224 -1.02317 -3.08224 1.53056 0 0.334448 0 
2 1 0 11.2168 0.1 60.6412 -1.023 -3.0827 -1.023 -3.0827 1.52857 0 0.334988 0 
2 1 0 11.2118 0.1 60.6412 -1.02284 -3.08317 -1.02284 -3.08317 1.52656 0 0.33553 0 
2 1 0 11.2068 0.1 60.6412 -1.02267 -3.08364 -1.02267 -3.08364 1.52456 0 0.336074 0 
2 1 0 11.2019 0.1 60.6412 -1.02251 -3.08411 -1.02251 -3.08411 1.52255 0 0.336619 0 
2 1 0 11.1969 0.1 60.6412 -1.02234 -3.08458 -1.02234 -3.08458 1.52055 0 0.337167 0 
2 1 0 11.1919 0.1 60.6412 -1.02218 -3.08505 -1.02218 -3.08505 1.51854 0 0.337717 0 
2 1 0 11.1869 0.1 60.6412 -1.02201 -3.08552 -1.02201 -3.08552 1.51652 0 0.338268 0 
2 1 0 11.182 0.1 60.6412 -1.02185 -3.08599 -1.02185 -3.08599 1.51451 0 0.338822 0 
2 1 0 11.177 0.1 60.6412 -1.02168 -3.08647 -1.02168 -3.08647 1.51249 0 0.339377 0 
2 1 0 11.172 0.1 60.6412 -1.02151 -3.08694 -1.02151 -3.08694 1.51047 0 0.339935 0 
2 1 0 11.167 0.1 60.6412 -1.02134 -3.08742 -1.02134 -3.08742 1.50845 0 0.340494 0 
2 1 0 11.1621 0.1 60.6412 -1.02118 -3.08789 -1.02118 -3.08789 1.50643 0 0.341055 0 
2 1 0 11.1571 0.1 60.6412 -1.02101 -3.08837 -1.02101 -3.08837 1.50441 0 0.341619 0 
2 1 0 11.1521 0.1 60.6412 -1.02084 -3.08885 -1.02084 -3.08885 1.50238 0 0.342185 0 
2 1 0 11.1471 0.1 60.6412 -1.02067 -3.08933 -1.02067 -3.08933 1.50035 0 0.342752 0 
2 1 0 11.1422 0.1 60.6412 -1.0205 -3.08981 -1.0205 -3.08981 1.49832 0 0.343322 0 
2 1 0 11.1372 0.1 60.6412 -1.02034 -3.09029 -1.02034 -3.09029 1.49628 0 0.343893 0 
2 1 0 11.1322 0.1 60.6412 -1.02017 -3.09078 -1.02017 -3.09078 1.49425 0 0.344467 0 
2 1 0 11.1272 0.1 60.6412 -1.02 -3.09126 -1.02 -3.09126 1.49221 0 0.345043 0 
2 1 0 11.1223 0.1 60.6412 -1.01983 -3.09175 -1.01983 -3.09175 1.49017 0 0.345621 0 
2 1 0 11.1173 0.1 60.6412 -1.01966 -3.09223 -1.01966 -3.09223 1.48812 0 0.346202 0 
2 1 0 11.1123 0.1 60.6412 -1.01949 -3.09272 -1.01949 -3.09272 1.48608 0 0.346784 0 
2 1 0 11.1073 0.1 60.6412 -1.01931 -3.09321 -1.01931 -3.09321 1.48403 0 0.347368 0 
2 1 0 11.1024 0.1 60.6412 -1.01914 -3.0937 -1.01914 -3.0937 1.48198 0 0.347955 0 
2 1 0 11.0974 0.1 60.6412 -1.01897 -3.09419 -1.01897 -3.09419 1.47993 0 0.348544 0 
2 1 0 11.0924 0.1 60.6412 -1.0188 -3.09468 -1.0188 -3.09468 1.47787 0 0.349135 0 
2 1 0 11.0875 0.1 60.6412 -1.01863 -3.09517 -1.01863 -3.09517 1.47581 0 0.349729 0 
2 1 0 11.0825 0.1 60.6412 -1.01845 -3.09567 -1.01845 -3.09567 1.47375 0 0.350324 0 
2 1 0 11.0775 0.1 60.6412 -1.01828 -3.09616 -1.01828 -3.09616 1.47169 0 0.350922 0 
2 1 0 11.0725 0.1 60.6412 -1.01811 -3.09666 -1.01811 -3.09666 1.46962 0 0.351523 0 
2 1 0 11.0676 0.1 60.6412 -1.01794 -3.09716 -1.01794 -3.09716 1.46756 0 0.352125 0 
2 1 0 11.0626 0.1 60.6412 -1.01776 -3.09766 -1.01776 -3.09766 1.46549 0 0.35273 0 
2 1 0 11.0576 0.1 60.6412 -1.01759 -3.09816 -1.01759 -3.09816 1.46341 0 0.353338 0 
2 1 0 11.0526 0.1 60.6412 -1.01741 -3.09866 -1.01741 -3.09866 1.46134 0 0.353947 0 
2 1 0 11.0477 0.1 60.6412 -1.01724 -3.09916 -1.01724 -3.09916 1.45926 0 0.354559 0 
2 1 0 11.0427 0.1 60.6412 -1.01706 -3.09967 -1.01706 -3.09967 1.45718 0 0.355174 0 
2 1 0 11.0377 0.1 60.6412 -1.01689 -3.10017 -1.01689 -3.10017 1.45509 0 0.355791 0 
2 1 0 11.0328 0.1 60.6412 -1.01671 -3.10068 -1.01671 -3.10068 1.453 0 0.35641 0 
2 1 0 11.0278 0.1 60.6412 -1.01653 -3.10119 -1.01653 -3.10119 1.45091 0 0.357032 0 
2 1 0 11.0228 0.1 60.6412 -1.01636 -3.10169 -1.01636 -3.10169 1.44882 0 0.357657 0 
2 1 0 11.0179 0.1 60.6412 -1.01618 -3.10221 -1.01618 -3.10221 1.44673 0 0.358284 0 
2 1 0 11.0129 0.1 60.6412 -1.016 -3.10272 -1.016 -3.10272 1.44463 0 0.358914 0 
2 1 0 11.0079 0.1 60.6412 -1.01582 -3.10323 -1.01582 -3.10323 1.44253 0 0.359546 0 
2 1 0 11.0029 0.1 60.6412 -1.01564 -3.10374 -1.01564 -3.10374 1.44042 0 0.360181 0 
2 1 0 10.998 0.1 60.6412 -1.01547 -3.10426 -1.01547 -3.10426 1.43831 0 0.360818 0 
2 1 0 10.993 0.1 60.6412 -1.01529 -3.10478 -1.01529 -3.10478 1.4362 0 0.361459 0 
2 1 0 10.988 0.1 60.6412 -1.01511 -3.1053 -1.01511 -3.1053 1.43409 0 0.362102 0 
2 1 0 10.9831 0.1 60.6412 -1.01493 -3.10582 -1.01493 -3.10582 1.43197 0 0.362747 0 
2 1 0 10.9781 0.1 60.6412 -1.01475 -3.10634 -1.01475 -3.10634 1.42985 0 0.363396 0 
2 1 0 10.9731 0.1 60.6412 -1.01456 -3.10686 -1.01456 -3.10686 1.42772 0 0.364047 0 
2 1 0 10.9682 0.1 60.6412 -1.01438 -3.10738 -1.01438 -3.10738 1.42559 0 0.364702 0 
2 1 0 10.9632 0.1 60.6412 -1.0142 -3.10791 -1.0142 -3.10791 1.42346 0 0.365359 0 
2 1 0 10.9582 0.1 60.6412 -1.01402 -3.10844 -1.01402 -3.10844 1.42132 0 0.366019 0 
2 1 0 10.9532 0.1 60.6412 -1.01384 -3.10897 -1.01384 -3.10897 1.41918 0 0.366682 0 
2 1 0 10.9483 0.1 60.6412 -1.01365 -3.1095 -1.01365 -3.1095 1.41704 0 0.367348 0 
2 1 0 10.9433 0.1 60.6412 -1.01347 -3.11003 -1.01347 -3.11003 1.41489 0 0.368017 0 
2 1 0 10.9383 0.1 60.6412 -1.01329 -3.11056 -1.01329 -3.11056 1.41274 0 0.368689 0 
2 1 0 10.9334 0.1 60.6412 -1.0131 -3.1111 -1.0131 -3.1111 1.41059 0 0.369365 0 
2 1 0 10.9284 0.1 60.6412 -1.01292 -3.11163 -1.01292 -3.11163 1.40843 0 0.370043 0 
2 1 0 10.9234 0.1 60.6412 -1.01273 -3.11217 -1.01273 -3.11217 1.40626 0 0.370725 0 
2 1 0 10.9185 0.1 60.6412 -1.01254 -3.11271 -1.01254 -3.11271 1.40409 0 0.37141 0 
2 1 0 10.9135 0.1 60.6412 -1.01236 -3.11325 -1.01236 -3.11325 1.40192 0 0.372098 0 
2 1 0 10.9085 0.1 60.6412 -1.01217 -3.1138 -1.01217 -3.1138 1.39974 0 0.37279 0 
2 1 0 10.9036 0.1 60.6412 -1.01198 -3.11434 -1.01198 -3.11434 1.39756 0 0.373485 0 
2 1 0 10.8986 0.1 60.6412 -1.0118 -3.11489 -1.0118 -3.11489 1.39537 0 0.374184 0 
2 1 0 10.8936 0.1 60.6412 -1.01161 -3.11544 -1.01161 -3.11544 1.39318 0 0.374886 0 
2 1 0 10.8887 0.1 60.6412 -1.01142 -3.11599 -1.01142 -3.11599 1.39098 0 0.375592 0 
2 1 0 10.8837 0.1 60.6412 -1.01123 -3.11654 -1.01123 -3.11654 1.38878 0 0.376302 0 
2 1 0 10.8787 0.1 60.6412 -1.01104 -3.11709 -1.01104 -3.11709 1.38657 0 0.377015 0 
2 1 0 10.8738 0.1 60.6412 -1.01085 -3.11765 -1.01085 -3.11765 1.38435 0 0.377732 0 
2 1 0 10.8688 0.1 60.6412 -1.01066 -3.11821 -1.01066 -3.11821 1.38213 0 0.378453 0 
2 1 0 10.8638 0.1 60.6412 -1.01047 -3.11877 -1.01047 -3.11877 1.37991 0 0.379178 0 
2 1 0 10.8589 0.1 60.6412 -1.01027 -3.11933 -1.01027 -3.11933 1.37768 0 0.379907 0 
2 1 0 10.8539 0.1 60.6412 -1.01008 -3.11989 -1.01008 -3.11989 1.37544 0 0.38064 0 
2 1 0 10.849 0.1 60.6412 -1.00989 -3.12046 -1.00989 -3.12046 1.37319 0 0.381377 0 
2 1 0 10.844 0.1 60.6412 -1.00969 -3.12103 -1.00969 -3.12103 1.37094 0 0.382119 0 
2 1 0 10.839 0.1 60.6412 -1.0095 -3.1216 -1.0095 -3.1216 1.36869 0 0.382865 0 
2 1 0 10.8341 0.1 60.6412 -1.0093 -3.12217 -1.0093 -3.12217 1.36642 0 0.383615 0 
2 1 0 10.8291 0.1 60.6412 -1.00911 -3.12275 -1.00911 -3.12275 1.36415 0 0.38437 0 
2 1 0 10.8241 0.1 60.6412 -1.00891 -3.12332 -1.00891 -3.12332 1.36187 0 0.385129 0 
2 1 0 10.8192 0.1 60.6412 -1.00871 -3.1239 -1.00871 -3.1239 1.35958 0 0.385894 0 
2 1 0 10.8142 0.1 60.6412 -1.00851 -3.12449 -1.00851 -3.12449 1.35729 0 0.386663 0 
2 1 0 10.8092 0.1 60.6412 -1.00832 -3.12507 -1.00832 -3.12507 1.35498 0 0.387437 0 
2 1 0 10.8043 0.1 60.6412 -1.00812 -3.12566 -1.00812 -3.12566 1.35267 0 0.388216 0 
2 1 0 10.7993 0.1 60.6412 -1.00792 -3.12625 -1.00792 -3.12625 1.35035 0 0.389 0 
2 1 0 10.7944 0.1 60.6412 -1.00772 -3.12684 -1.00772 -3.12684 1.34802 0 0.38979 0 
2 1 0 10.7894 0.1 60.6412 -1.00751 -3.12743 -1.00751 -3.12743 1.34568 0 0.390585 0 
2 1 0 10.7844 0.1 60.6412 -1.00731 -3.12803 -1.00731 -3.12803 1.34333 0 0.391385 0 
2 1 0 10.7795 0.1 60.6412 -1.00711 -3.12863 -1.00711 -3.12863 1.34097 0 0.392192 0 
2 1 0 10.7745 0.1 60.6412 -1.00691 -3.12924 -1.00691 -3.12924 1.3386 0 0.393004 0 
2 1 0 10.7696 0.1 60.6412 -1.0067 -3.12984 -1.0067 -3.12984 1.33622 0 0.393822 0 
2 1 0 10.7646 0.1 60.6412 -1.0065 -3.13045 -1.0065 -3.13045 1.33383 0 0.394647 0 
2 1 0 10.7597 0.1 60.6412 -1.00629 -3.13106 -1.00629 -3.13106 1.33143 0 0.395478 0 
2 1 0 10.7547 0.1 60.6412 -1.00608 -3.13168 -1.00608 -3.13168 1.32901 0 0.396315 0 
2 1 0 10.7497 0.1 60.6412 -1.00588 -3.1323 -1.00588 -3.1323 1.32658 0 0.39716 0 
2 1 0 10.7448 0.1 60.6412 -1.00567 -3.13292 -1.00567 -3.13292 1.32414 0 0.398011 0 
2 1 0 10.7398 0.1 60.6412 -1.00546 -3.13354 -1.00546 -3.13354 1.32169 0 0.398869 0 
2 1 0 10.7349 0.1 60.6412 -1.00525 -3.13417 -1.00525 -3.13417 1.31922 0 0.399735 0 
2 1 0 10.7299 0.1 60.6412 -1.00504 -3.13481 -1.00504 -3.13481 1.31674 0 0.400609 0 
2 1 0 10.725 0.1 60.6412 -1.00482 -3.13544 -1.00482 -3.13544 1.31424 0 0.401491 0 
2 1 0 10.72 0.1 60.6412 -1.00461 -3.13608 -1.00461 -3.13608 1.31173 0 0.40238 0 
2 1 0 10.715 0.1 60.6412 -1.0044 -3.13673 -1.0044 -3.13673 1.3092 0 0.403278 0 
2 1 0 10.7101 0.1 60.6412 -1.00418 -3.13737 -1.00418 -3.13737 1.30665 0 0.404185 0 
2 1 0 10.7051 0.1 60.6412 -1.00396 -3.13803 -1.00396 -3.13803 1.30408 0 0.405101 0 
2 1 0 10.7002 0.1 60.6412 -1.00375 -3.13868 -1.00375 -3.13868 1.3015 0 0.406026 0 
2 1 0 10.6952 0.1 60.6412 -1.00353 -3.13934 -1.00353 -3.13934 1.2989 0 0.406961 0 
2 1 0 10.6903 0.1 60.6412 -1.00331 -3.14001 -1.00331 -3.14001 1.29627 0 0.407907 0 
2 1 0 10.6853 0.1 60.6412 -1.00309 -3.14068 -1.00309 -3.14068 1.29363 0 0.408862 0 
2 1 0 10.6804 0.1 60.6412 -1.00287 -3.14135 -1.00287 -3.14135 1.29096 0 0.409829 0 
2 1 0 10.6754 0.1 60.6412 -1.00264 -3.14204 -1.00264 -3.14204 1.28827 0 0.410807 0 
2 1 0 10.6705 0.1 60.6412 -1.00242 -3.14272 -1.00242 -3.14272 1.28556 0 0.411797 0 
2 1 0 10.6655 0.1 60.6412 -1.00219 -3.14341 -1.00219 -3.14341 1.28282 0 0.412799 0 
2 1 0 10.6606 0.1 60.6412 -1.00196 -3.14411 -1.00196 -3.14411 1.28005 0 0.413814 0 
2 1 0 10.6557 0.1 60.6412 -1.00174 -3.14481 -1.00174 -3.14481 1.27726 0 0.414842 0 
2 1 0 10.6507 0.1 60.6412 -1.00151 -3.14552 -1.00151 -3.14552 1.27443 0 0.415885 0 
2 1 0 10.6458 0.1 60.6412 -1.00127 -3.14624 -1.00127 -3.14624 1.27158 0 0.416942 0 
2 1 0 10.6408 0.1 60.6412 -1.00104 -3.14696 -1.00104 -3.14696 1.26869 0 0.418015 0 
2 1 0 10.6359 0.1 60.6412 -1.00081 -3.14769 -1.00081 -3.14769 1.26577 0 0.419104 0 
2 1 0 10.6309 0.1 60.6412 -1.00057 -3.14842 -1.00057 -3.14842 1.26281 0 0.42021 0 
2 1 0 10.626 0.1 60.6412 -1.00033 -3.14917 -1.00033 -3.14917 1.25981 0 0.421334 0 
2 1 0 10.6211 0.1 60.6412 -1.00009 -3.14992 -1.00009 -3.14992 1.25678 0 0.422476 0 
2 1 0 10.6161 0.1 60.6412 -0.999851 -3.15068 -0.999851 -3.15068 1.2537 0 0.423639 0 
2 1 0 10.6112 0.1 60.6412 -0.999608 -3.15145 -0.999608 -3.15145 1.25057 0 0.424823 0 
2 1 0 10.6063 0.1 60.6412 -0.999362 -3.15223 -0.999362 -3.15223 1.2474 0 0.426029 0 
2 1 0 10.6013 0.1 60.6412 -0.999115 -3.15302 -0.999115 -3.15302 1.24418 0 0.427258 0 
2 1 0 10.5964 0.1 60.6412 -0.998865 -3.15382 -0.998865 -3.15382 1.2409 0 0.428512 0 
2 1 0 10.5915 0.1 60.6412 -0.998613 -3.15462 -0.998613 -3.15462 1.23756 0 0.429794 0 
2 1 0 10.5866 0.1 60.6412 -0.998359 -3.15545 -0.998359 -3.15545 1.23417 0 0.431103 0 
2 1 0 10.5816 0.1 60.6412 -0.998102 -3.15628 -0.998102 -3.15628 1.2307 0 0.432443 0 
2 1 0 10.5767 0.1 60.6412 -0.997842 -3.15712 -0.997842 -3.15712 1.22717 0 0.433815 0 
2 1 0 10.5718 0.1 60.6412 -0.99758 -3.15798 -0.99758 -3.15798 1.22356 0 0.435221 0 
2 1 0 10.5669 0.1 60.6412 -0.997315 -3.15886 -0.997315 -3.15886 1.21987 0 0.436666 0 
2 1 0 10.562 0.1 60.6412 -0.997047 -3.15975 -0.997047 -3.15975 1.21609 0 0.43815 0 
2 1 0 10.5571 0.1 60.6412 -0.996776 -3.16065 -0.996776 -3.16065 1.21221 0 0.439678 0 
2 1 0 10.5521 0.1 60.6412 -0.996501 -3.16158 -0.996501 -3.16158 1.20824 0 0.441253 0 
2 1 0 10.5472 0.1 60.6412 -0.996222 -3.16252 -0.996222 -3.16252 1.20415 0 0.442879 0 
2 1 0 10.5423 0.1 60.6412 -0.99594 -3.16348 -0.99594 -3.16348 1.19993 0 0.444562 0 
2 1 0 10.5375 0.1 60.6412 -0.995653 -3.16447 -0.995653 -3.16447 1.19559 0 0.446306 0 
2 1 0 10.5326 0.1 60.6412 -0.995362 -3.16548 -0.995362 -3.16548 1.1911 0 0.448118 0 
2 1 0 10.5277 0.1 60.6412 -0.995066 -3.16652 -0.995066 -3.16652 1.18644 0 0.450004 0 
2 1 0 10.5228 0.1 60.6412 -0.994765 -3.16758 -0.994765 -3.16758 1.18161 0 0.451974 0 
2 1 0 10.5179 0.1 60.6412 -0.994457 -3.16868 -0.994457 -3.16868 1.17657 0 0.454037 0 
2 1 0 10.5131 0.1 60.6412 -0.994144 -3.16982 -0.994144 -3.16982 1.17131 0 0.456206 0 
2 1 0 10.5082 0.1 60.6412 -0.993823 -3.17099 -0.993823 -3.17099 1.16579 0 0.458493 0 
2 1 0 10.5034 0.1 60.6412 -0.993494 -3.17221 -0.993494 -3.17221 1.15999 0 0.460918 0 
2 1 0 10.4986 0.1 60.6412 -0.993157 -3.17349 -0.993157 -3.17349 1.15384 0 0.4635 0 
2 1 0 10.4938 0.1 60.6412 -0.99281 -3.17482 -0.99281 -3.17482 1.14731 0 0.466267 0 
2 1 0 10.489 0.1 60.6412 -0.992451 -3.17622 -0.992451 -3.17622 1.14032 0 0.469254 0 
2 1 0 10.4842 0.1 60.6412 -0.992079 -3.17771 -0.992079 -3.17771 1.13278 0 0.472505 0 
2 1 0 10.4795 0.1 60.6412 -0.991691 -3.17929 -0.991691 -3.17929 1.12457 0 0.476082 0 
2 1 0 10.4748 0.1 60.6412 -0.991283 -3.18099 -0.991283 -3.18099 1.11551 0 0.480071 0 
2 1 0 10.4702 0.1 60.6412 -0.990852 -3.18285 -0.990852 -3.18285 1.10538 0 0.484595 0 
2 1 0 10.4657 0.1 60.6412 -0.990391 -3.18491 -0.990391 -3.18491 1.0938 0 0.489848 0 
2 1 0 10.4613 0.1 60.6412 -0.989888 -3.18725 -0.989888 -3.18725 1.08016 0 0.496148 0 
2 1 0 10.4571 0.1 60.6412 -0.989326 -3.18999 -0.989326 -3.18999 1.06338 0 0.504078 0 
2 1 0 10.4535 0.1 60.6412 -0.988676 -3.1934 -0.988676 -3.1934 1.04135 0 0.514826 0 
2 1 0 10.4513 0.1 60.6412 -0.987908 -3.19782 -0.987908 -3.19782 1.01028 0 0.53069 0 
2 1 0 10.4512 0.1 60.6412 -0.987688 -3.19919 -0.987688 -3.19919 1 0 0.536138 0 
1 1 0 10.4527 0.1 60.6412 -0.986994 -3.20391 -0.986994 -3.20391 0.961456 0 0.557533 0 
1 1 0 10.456 0.1 60.6412 -0.986513 -3.20766 -0.986513 -3.20766 0.92631 0 0.578531 0 
1 1 0 10.4599 0.1 60.6412 -0.986168 -3.2107 -0.986168 -3.2107 0.893257 0 0.599759 0 
1 1 0 10.4642 0.1 60.6412 -0.985904 -3.21331 -0.985904 -3.21331 0.859674 0 0.622996 0 
1 1 0 10.4686 0.1 60.6412 -0.985694 -3.21562 -0.985694 -3.21562 0.821891 0 0.65143 0 
1 1 0 10.4731 0.1 60.6412 -0.985523 -3.21771 -0.985523 -3.21771 0.76546 0 0.699232 0 
1 1 0 10.4777 0.1 67.4051 -0.985381 -3.21965 -0.985381 -3.21965 0.728305 0.0680865 0.728305 -0.0680865 
1 1 0 10.4824 0.1 45.7554 -0.985261 -3.22146 -0.985261 -3.22146 0.724478 0.100116 0.724478 -0.100116 
1 1 0 10.4871 0.1 37.1758 -0.98516 -3.22317 -0.98516 -3.22317 0.720827 0.123002 0.720827 -0.123002 
1 1 0 10.4918 0.1 32.2776 -0.985074 -3.22479 -0.985074 -3.22479 0.71732 0.141425 0.71732 -0.141425 
1 1 0 10.4966 0.1 29.0133 -0.985002 -3.22634 -0.985002 -3.22634 0.713936 0.157075 0.713936 -0.157075 
1 1 0 10.5013 0.1 26.6394 -0.98494 -3.22783 -0.98494 -3.22783 0.710657 0.170795 0.710657 -0.170795 
1 1 0 10.5061 0.1 24.8127 -0.984888 -3.22927 -0.984888 -3.22927 0.707471 0.183079 0.707471 -0.183079 
1 1 0 10.5109 0.1 23.3504 -0.984845 -3.23065 -0.984845 -3.23065 0.704365 0.194243 0.704365 -0.194243 
1 1 0 10.5158 0.1 22.1449 -0.98481 -3.232 -0.98481 -3.232 0.701332 0.204507 0.701332 -0.204507 
1 1 0 10.5206 0.1 21.1285 -0.984782 -3.23331 -0.984782 -3.23331 0.698363 0.214026 0.698363 -0.214026 
1 1 0 10.5254 0.1 20.2559 -0.98476 -3.23458 -0.98476 -3.23458 0.695452 0.222919 0.695452 -0.222919 
1 1 0 10.5303 0.1 19.4958 -0.984743 -3.23582 -0.984743 -3.23582 0.692594 0.231275 0.692594 -0.231275 
1 1 0 10.5351 0.1 18.8256 -0.984732 -3.23704 -0.984732 -3.23704 0.689784 0.239167 0.689784 -0.239167 
1 1 0 10.54 0.1 18.2287 -0.984726 -3.23823 -0.984726 -3.23823 0.687019 0.246652 0.687019 -0.246652 
1 1 0 10.5448 0.1 17.6924 -0.984724 -3.23939 -0.984724 -3.23939 0.684294 0.253776 0.684294 -0.253776 
1 1 0 10.5497 0.1 17.2069 -0.984726 -3.24053 -0.984726 -3.24053 0.681607 0.260578 0.681607 -0.260578 
1 1 0 10.5546 0.1 16.7645 -0.984732 -3.24166 -0.984732 -3.24166 0.678955 0.267091 0.678955 -0.267091 
1 1 0 10.5594 0.1 16.359 -0.984742 -3.24276 -0.984742 -3.24276 0.676337 0.273342 0.676337 -0.273342 
1 1 0 10.5643 0.1 15.9856 -0.984755 -3.24385 -0.984755 -3.24385 0.673748 0.279356 0.673748 -0.279356 
1 1 0 10.5692 0.1 15.64 -0.984771 -3.24491 -0.984771 -3.24491 0.671189 0.285151 0.671189 -0.285151 
1 1 0 10.5741 0.1 15.3189 -0.98479 -3.24597 -0.98479 -3.24597 0.668657 0.290746 0.668657 -0.290746 
1 1 0 10.579 0.1 15.0194 -0.984812 -3.24701 -0.984812 -3.24701 0.66615 0.296156 0.66615 -0.296156 
1 1 0 10.5839 0.1 14.7392 -0.984836 -3.24803 -0.984836 -3.24803 0.663667 0.301396 0.663667 -0.301396 
1 1 0 10.5888 0.1 14.4763 -0.984863 -3.24904 -0.984863 -3.24904 0.661207 0.306477 0.661207 -0.306477 
1 1 0 10.5937 0.1 14.2288 -0.984893 -3.25004 -0.984893 -3.25004 0.658769 0.311409 0.658769 -0.311409 
1 1 0 10.5986 0.1 13.9953 -0.984924 -3.25103 -0.984924 -3.25103 0.656352 0.316204 0.656352 -0.316204 
1 1 0 10.6035 0.1 13.7745 -0.984958 -3.25201 -0.984958 -3.25201 0.653954 0.320868 0.653954 -0.320868 
1 1 0 10.6084 0.1 13.5652 -0.984994 -3.25297 -0.984994 -3.25297 0.651575 0.32541 0.651575 -0.32541 
1 1 0 10.6133 0.1 13.3664 -0.985032 -3.25393 -0.985032 -3.25393 0.649214 0.329837 0.649214 -0.329837 
1 1 0 10.6182 0.1 13.1773 -0.985072 -3.25487 -0.985072 -3.25487 0.646871 0.334156 0.646871 -0.334156 
1 1 0 10.6231 0.1 12.9971 -0.985113 -3.25581 -0.985113 -3.25581 0.644543 0.338372 0.644543 -0.338372 
1 1 0 10.628 0.1 12.825 -0.985157 -3.25674 -0.985157 -3.25674 0.642232 0.342491 0.642232 -0.342491 
1 1 0 10.6329 0.1 12.6605 -0.985201 -3.25766 -0.985201 -3.25766 0.639936 0.346517 0.639936 -0.346517 
1 1 0 10.6379 0.1 12.5029 -0.985248 -3.25857 -0.985248 -3.25857 0.637655 0.350456 0.637655 -0.350456 
1 1 0 10.6428 0.1 12.3519 -0.985296 -3.25947 -0.985296 -3.25947 0.635387 0.35431 0.635387 -0.35431 
1 1 0 10.6477 0.1 12.2069 -0.985345 -3.26037 -0.985345 -3.26037 0.633134 0.358085 0.633134 -0.358085 
1 1 0 10.6526 0.1 12.0676 -0.985396 -3.26126 -0.985396 -3.26126 0.630894 0.361783 0.630894 -0.361783 
1 1 0 10.6575 0.1 11.9336 -0.985449 -3.26214 -0.985449 -3.26214 0.628666 0.365408 0.628666 -0.365408 
1 1 0 10.6625 0.1 11.8044 -0.985502 -3.26301 -0.985502 -3.26301 0.626451 0.368964 0.626451 -0.368964 
1 1 0 10.6674 0.1 11.6799 -0.985557 -3.26388 -0.985557 -3.26388 0.624248 0.372452 0.624248 -0.372452 
1 1 0 10.6723 0.1 11.5598 -0.985613 -3.26474 -0.985613 -3.26474 0.622056 0.375876 0.622056 -0.375876 
1 1 0 10.6772 0.1 11.4438 -0.98567 -3.2656 -0.98567 -3.2656 0.619876 0.379238 0.619876 -0.379238 
1 1 0 10.6822 0.1 11.3316 -0.985729 -3.26645 -0.985729 -3.26645 0.617707 0.38254 0.617707 -0.38254 
1 1 0 10.6871 0.1 11.2231 -0.985788 -3.26729 -0.985788 -3.26729 0.615548 0.385785 0.615548 -0.385785 
1 1 0 10.692 0.1 11.118 -0.985849 -3.26813 -0.985849 -3.26813 0.6134 0.388974 0.6134 -0.388974 
1 1 0 10.697 0.1 11.0162 -0.985911 -3.26897 -0.985911 -3.26897 0.611262 0.39211 0.611262 -0.39211 
1 1 0 10.7019 0.1 10.9174 -0.985973 -3.26979 -0.985973 -3.26979 0.609133 0.395195 0.609133 -0.395195 
1 1 0 10.7068 0.1 10.8216 -0.986037 -3.27062 -0.986037 -3.27062 0.607015 0.39823 0.607015 -0.39823 
1 1 0 10.7117 0.1 10.7286 -0.986101 -3.27144 -0.986101 -3.27144 0.604905 0.401216 0.604905 -0.401216 
1 1 0 10.7167 0.1 10.6382 -0.986167 -3.27225 -0.986167 -3.27225 0.602805 0.404156 0.602805 -0.404156 
1 1 0 10.7216 0.1 10.5504 -0.986234 -3.27306 -0.986234 -3.27306 0.600714 0.407051 0.600714 -0.407051 
1 1 0 10.7265 0.1 10.4649 -0.986301 -3.27387 -0.986301 -3.27387 0.598632 0.409902 0.598632 -0.409902 
1 1 0 10.7315 0.1 10.3818 -0.986369 -3.27467 -0.986369 -3.27467 0.596558 0.41271 0.596558 -0.41271 
1 1 0 10.7364 0.1 10.3008 -0.986438 -3.27546 -0.986438 -3.27546 0.594493 0.415477 0.594493 -0.415477 
1 1 0 10.7414 0.1 10.2219 -0.986508 -3.27625 -0.986508 -3.27625 0.592435 0.418204 0.592435 -0.418204 
1 1 0 10.7463 0.1 10.145 -0.986579 -3.27704 -0.986579 -3.27704 0.590386 0.420892 0.590386 -0.420892 
1 1 0 10.7512 0.1 10.07 -0.98665 -3.27783 -0.98665 -3.27783 0.588345 0.423542 0.588345 -0.423542 
1 1 0 10.7562 0.1 9.9969 -0.986722 -3.27861 -0.986722 -3.27861 0.586312 0.426155 0.586312 -0.426155 
1 1 0 10.7611 0.1 9.92551 -0.986795 -3.27938 -0.986795 -3.27938 0.584286 0.428733 0.584286 -0.428733 
1 1 0 10.766 0.1 9.85581 -0.986869 -3.28016 -0.986869 -3.28016 0.582267 0.431275 0.582267 -0.431275 
1 1 0 10.771 0.1 9.78773 -0.986943 -3.28093 -0.986943 -3.28093 0.580256 0.433783 0.580256 -0.433783 
1 1 0 10.7759 0.1 9.7212 -0.987018 -3.28169 -0.987018 -3.28169 0.578253 0.436259 0.578253 -0.436259 
1 1 0 10.7809 0.1 9.65617 -0.987093 -3.28246 -0.987093 -3.28246 0.576256 0.438701 0.576256 -0.438701 
1 1 0 10.7858 0.1 9.59257 -0.98717 -3.28322 -0.98717 -3.28322 0.574266 0.441113 0.574266 -0.441113 
1 1 0 10.7907 0.1 9.53036 -0.987247 -3.28397 -0.987247 -3.28397 0.572283 0.443493 0.572283 -0.443493 
1 1 0 10.7957 0.1 9.46948 -0.987324 -3.28472 -0.987324 -3.28472 0.570307 0.445843 0.570307 -0.445843 
1 1 0 10.8006 0.1 9.40989 -0.987402 -3.28547 -0.987402 -3.28547 0.568338 0.448164 0.568338 -0.448164 
1 1 0 10.8056 0.1 9.35154 -0.987481 -3.28622 -0.987481 -3.28622 0.566375 0.450456 0.566375 -0.450456 
1 1 0 10.8105 0.1 9.29438 -0.98756 -3.28697 -0.98756 -3.28697 0.564419 0.45272 0.564419 -0.45272 
1 1 0 10.8155 0.1 9.23838 -0.98764 -3.28771 -0.98764 -3.28771 0.562469 0.454956 0.562469 -0.454956 
1 1 0 10.8204 0.1 9.18349 -0.987721 -3.28844 -0.987721 -3.28844 0.560525 0.457166 0.560525 -0.457166 
1 1 0 10.8254 0.1 9.12968 -0.987802 -3.28918 -0.987802 -3.28918 0.558588 0.459349 0.558588 -0.459349 
1 1 0 10.8303 0.1 9.07691 -0.987883 -3.28991 -0.987883 -3.28991 0.556656 0.461506 0.556656 -0.461506 
1 1 0 10.8352 0.1 9.02515 -0.987965 -3.29064 -0.987965 -3.29064 0.554731 0.463639 0.554731 -0.463639 
1 1 0 10.8402 0.1 8.97436 -0.988048 -3.29137 -0.988048 -3.29137 0.552812 0.465746 0.552812 -0.465746 
1 1 0 10.8451 0.1 8.92452 -0.988131 -3.29209 -0.988131 -3.29209 0.550898 0.467829 0.550898 -0.467829 
1 1 0 10.8501 0.1 8.8756 -0.988214 -3.29282 -0.988214 -3.29282 0.548991 0.469888 0.548991 -0.469888 
1 1 0 10.855 0.1 8.82756 -0.988298 -3.29354 -0.988298 -3.29354 0.547089 0.471924 0.547089 -0.471924 
1 1 0 10.86 0.1 8.78038 -0.988383 -3.29425 -0.988383 -3.29425 0.545193 0.473937 0.545193 -0.473937 
1 1 0 10.8649 0.1 8.73404 -0.988468 -3.29497 -0.988468 -3.29497 0.543302 0.475928 0.543302 -0.475928 
1 1 0 10.8699 0.1 8.6885 -0.988553 -3.29568 -0.988553 -3.29568 0.541418 0.477896 0.541418 -0.477896 
1 1 0 10.8748 0.1 8.64375 -0.988639 -3.29639 -0.988639 -3.29639 0.539538 0.479843 0.539538 -0.479843 
1 1 0 10.8798 0.1 8.59976 -0.988725 -3.2971 -0.988725 -3.2971 0.537664 0.481769 0.537664 -0.481769 
1 1 0 10.8847 0.1 8.55651 -0.988812 -3.2978 -0.988812 -3.2978 0.535796 0.483674 0.535796 -0.483674 
1 1 0 10.8897 0.1 8.51399 -0.988899 -3.29851 -0.988899 -3.29851 0.533933 0.485558 0.533933 -0.485558 
1 1 0 10.8946 0.1 8.47216 -0.988986 -3.29921 -0.988986 -3.29921 0.532075 0.487422 0.532075 -0.487422 
1 1 0 10.8996 0.1 8.43101 -0.989074 -3.29991 -0.989074 -3.29991 0.530223 0.489267 0.530223 -0.489267 
1 1 0 10.9045 0.1 8.39052 -0.989163 -3.30061 -0.989163 -3.30061 0.528375 0.491092 0.528375 -0.491092 
1 1 0 10.9095 0.1 8.35068 -0.989251 -3.3013 -0.989251 -3.3013 0.526533 0.492898 0.526533 -0.492898 
1 1 0 10.9144 0.1 8.31147 -0.989341 -3.30199 -0.989341 -3.30199 0.524696 0.494685 0.524696 -0.494685 
1 1 0 10.9194 0.1 8.27286 -0.98943 -3.30268 -0.98943 -3.30268 0.522864 0.496453 0.522864 -0.496453 
1 1 0 10.9243 0.1 8.23485 -0.98952 -3.30337 -0.98952 -3.30337 0.521037 0.498203 0.521037 -0.498203 
1 1 0 10.9293 0.1 8.19742 -0.98961 -3.30406 -0.98961 -3.30406 0.519215 0.499935 0.519215 -0.499935 
1 1 0 10.9342 0.1 8.16056 -0.989701 -3.30475 -0.989701 -3.30475 0.517398 0.50165 0.517398 -0.50165 
1 1 0 10.9392 0.1 8.12424 -0.989791 -3.30543 -0.989791 -3.30543 0.515586 0.503347 0.515586 -0.503347 
1 1 0 10.9441 0.1 8.08846 -0.989883 -3.30611 -0.989883 -3.30611 0.513779 0.505027 0.513779 -0.505027 
1 1 0 10.9491 0.1 8.0532 -0.989974 -3.30679 -0.989974 -3.30679 0.511976 0.506691 0.511976 -0.506691 
1 1 0 10.954 0.1 8.01846 -0.990066 -3.30747 -0.990066 -3.30747 0.510179 0.508337 0.510179 -0.508337 
1 1 0 10.959 0.1 7.98421 -0.990158 -3.30814 -0.990158 -3.30814 0.508386 0.509968 0.508386 -0.509968 
1 1 0 10.9639 0.1 7.95045 -0.990251 -3.30882 -0.990251 -3.30882 0.506598 0.511582 0.506598 -0.511582 
1 1 0 10.9689 0.1 7.91716 -0.990344 -3.30949 -0.990344 -3.30949 0.504814 0.51318 0.504814 -0.51318 
1 1 0 10.9739 0.1 7.88434 -0.990437 -3.31016 -0.990437 -3.31016 0.503036 0.514763 0.503036 -0.514763 
1 1 0 10.9788 0.1 7.85197 -0.99053 -3.31083 -0.99053 -3.31083 0.501262 0.51633 0.501262 -0.51633 
1 1 0 10.9838 0.1 7.82004 -0.990624 -3.3115 -0.990624 -3.3115 0.499492 0.517882 0.499492 -0.517882 
1 1 0 10.9887 0.1 7.78855 -0.990718 -3.31216 -0.990718 -3.31216 0.497727 0.519419 0.497727 -0.519419 
1 1 0 10.9937 0.1 7.75747 -0.990813 -3.31283 -0.990813 -3.31283 0.495967 0.520941 0.495967 -0.520941 
1 1 0 10.9986 0.1 7.72681 -0.990907 -3.31349 -0.990907 -3.31349 0.494211 0.522449 0.494211 -0.522449 
1 1 0 11.0036 0.1 7.69656 -0.991002 -3.31415 -0.991002 -3.31415 0.49246 0.523942 0.49246 -0.523942 
1 1 0 11.0085 0.1 7.6667 -0.991097 -3.31481 -0.991097 -3.31481 0.490713 0.525421 0.490713 -0.525421 
1 1 0 11.0135 0.1 7.63723 -0.991193 -3.31547 -0.991193 -3.31547 0.48897 0.526886 0.48897 -0.526886 
1 1 0 11.0185 0.1 7.60813 -0.991289 -3.31612 -0.991289 -3.31612 0.487232 0.528337 0.487232 -0.528337 
1 1 0 11.0234 0.1 7.57941 -0.991385 -3.31678 -0.991385 -3.31678 0.485499 0.529775 0.485499 -0.529775 
1 1 0 11.0284 0.1 7.55105 -0.991481 -3.31743 -0.991481 -3.31743 0.483769 0.531199 0.483769 -0.531199 
1 1 0 11.0333 0.1 7.52304 -0.991577 -3.31808 -0.991577 -3.31808 0.482044 0.53261 0.482044 -0.53261 
1 1 0 11.0383 0.1 7.49539 -0.991674 -3.31873 -0.991674 -3.31873 0.480324 0.534007 0.480324 -0.534007 
1 1 0 11.0432 0.1 7.46807 -0.991771 -3.31938 -0.991771 -3.31938 0.478608 0.535392 0.478608 -0.535392 
1 1 0 11.0482 0.1 7.44109 -0.991868 -3.32003 -0.991868 -3.32003 0.476896 0.536764 0.476896 -0.536764 
1 1 0 11.0531 0.1 7.41443 -0.991966 -3.32068 -0.991966 -3.32068 0.475188 0.538123 0.475188 -0.538123 
1 1 0 11.0581 0.1 7.38809 -0.992064 -3.32132 -0.992064 -3.32132 0.473484 0.539469 0.473484 -0.539469 
1 1 0 11.0631 0.1 7.36207 -0.992162 -3.32196 -0.992162 -3.32196 0.471785 0.540804 0.471785 -0.540804 
1 1 0 11.068 0.1 7.33636 -0.99226 -3.3226 -0.99226 -3.3226 0.47009 0.542126 0.47009 -0.542126 
1 1 0 11.073 0.1 7.31095 -0.992358 -3.32325 -0.992358 -3.32325 0.468399 0.543436 0.468399 -0.543436 
1 1 0 11.0779 0.1 7.28583 -0.992457 -3.32388 -0.992457 -3.32388 0.466712 0.544734 0.466712 -0.544734 
1 1 0 11.0829 0.1 7.26101 -0.992556 -3.32452 -0.992556 -3.32452 0.46503 0.54602 0.46503 -0.54602 
1 1 0 11.0879 0.1 7.23647 -0.992655 -3.32516 -0.992655 -3.32516 0.463351 0.547294 0.463351 -0.547294 
1 1 0 11.0928 0.1 7.2122 -0.992754 -3.32579 -0.992754 -3.32579 0.461677 0.548558 0.461677 -0.548558 
1 1 0 11.0978 0.1 7.18822 -0.992854 -3.32643 -0.992854 -3.32643 0.460006 0.549809 0.460006 -0.549809 
1 1 0 11.1027 0.1 7.1645 -0.992953 -3.32706 -0.992953 -3.32706 0.45834 0.55105 0.45834 -0.55105 
1 1 0 11.1077 0.1 7.14105 -0.993053 -3.32769 -0.993053 -3.32769 0.456678 0.552279 0.456678 -0.552279 
1 1 0 11.1126 0.1 7.11786 -0.993153 -3.32832 -0.993153 -3.32832 0.45502 0.553498 0.45502 -0.553498 
1 1 0 11.1176 0.1 7.09492 -0.993254 -3.32895 -0.993254 -3.32895 0.453366 0.554705 0.453366 -0.554705 
1 1 0 11.1226 0.1 7.07223 -0.993354 -3.32958 -0.993354 -3.32958 0.451716 0.555902 0.451716 -0.555902 
1 1 0 11.1275 0.1 7.04979 -0.993455 -3.33021 -0.993455 -3.33021 0.45007 0.557088 0.45007 -0.557088 
1 1 0 11.1325 0.1 7.02759 -0.993556 -3.33083 -0.993556 -3.33083 0.448428 0.558263 0.448428 -0.558263 
1 1 0 11.1374 0.1 7.00563 -0.993657 -3.33146 -0.993657 -3.33146 0.44679 0.559428 0.44679 -0.559428 
1 1 0 11.1424 0.1 6.9839 -0.993758 -3.33208 -0.993758 -3.33208 0.445155 0.560583 0.445155 -0.560583 
1 1 0 11.1474 0.1 6.9624 -0.993859 -3.3327 -0.993859 -3.3327 0.443525 0.561728 0.443525 -0.561728 
1 1 0 11.1523 0.1 6.94112 -0.993961 -3.33332 -0.993961 -3.33332 0.441899 0.562862 0.441899 -0.562862 
1 1 0 11.1573 0.1 6.92007 -0.994063 -3.33394 -0.994063 -3.33394 0.440276 0.563987 0.440276 -0.563987 
1 1 0 11.1622 0.1 6.89923 -0.994165 -3.33456 -0.994165 -3.33456 0.438658 0.565101 0.438658 -0.565101 
1 1 0 11.1672 0.1 6.87861 -0.994267 -3.33518 -0.994267 -3.33518 0.437043 0.566206 0.437043 -0.566206 
1 1 0 11.1722 0.1 6.8582 -0.994369 -3.33579 -0.994369 -3.33579 0.435433 0.567301 0.435433 -0.567301 
1 1 0 11.1771 0.1 6.83799 -0.994472 -3.33641 -0.994472 -3.33641 0.433826 0.568387 0.433826 -0.568387 
1 1 0 11.1821 0.1 6.81799 -0.994574 -3.33702 -0.994574 -3.33702 0.432223 0.569463 0.432223 -0.569463 
1 1 0 11.187 0.1 6.79819 -0.994677 -3.33763 -0.994677 -3.33763 0.430624 0.57053 0.430624 -0.57053 
1 1 0 11.192 0.1 6.77859 -0.99478 -3.33825 -0.99478 -3.33825 0.429029 0.571587 0.429029 -0.571587 
1 1 0 11.197 0.1 6.75918 -0.994883 -3.33886 -0.994883 -3.33886 0.427437 0.572635 0.427437 -0.572635 
1 1 0 11.2019 0.1 6.73996 -0.994986 -3.33947 -0.994986 -3.33947 0.425849 0.573674 0.425849 -0.573674 
1 1 0 11.2069 0.1 6.72093 -0.99509 -3.34008 -0.99509 -3.34008 0.424266 0.574704 0.424266 -0.574704 
1 1 0 11.2119 0.1 6.70208 -0.995193 -3.34068 -0.995193 -3.34068 0.422685 0.575725 0.422685 -0.575725 
1 1 0 11.2168 0.1 6.68342 -0.995297 -3.34129 -0.995297 -3.34129 0.421109 0.576737 0.421109 -0.576737 
1 1 0 11.2218 0.1 6.66493 -0.995401 -3.3419 -0.995401 -3.3419 0.419537 0.577741 0.419537 -0.577741 
1 1 0 11.2267 0.1 6.64662 -0.995505 -3.3425 -0.995505 -3.3425 0.417968 0.578736 0.417968 -0.578736 
1 1 0 11.2317 0.1 6.62849 -0.995609 -3.3431 -0.995609 -3.3431 0.416403 0.579722 0.416403 -0.579722 
1 1 0 11.2367 0.1 6.61052 -0.995713 -3.34371 -0.995713 -3.34371 0.414842 0.580699 0.414842 -0.580699 
1 1 0 11.2416 0.1 6.59273 -0.995818 -3.34431 -0.995818 -3.34431 0.413284 0.581668 0.413284 -0.581668 
1 1 0 11.2466 0.1 6.5751 -0.995922 -3.34491 -0.995922 -3.34491 0.41173 0.582629 0.41173 -0.582629 
1 1 0 11.2516 0.1 6.55763 -0.996027 -3.34551 -0.996027 -3.34551 0.41018 0.583582 0.41018 -0.583582 
1 1 0 11.2565 0.1 6.54032 -0.996132 -3.34611 -0.996132 -3.34611 0.408634 0.584526 0.408634 -0.584526 
1 1 0 11.2615 0.1 6.52318 -0.996237 -3.3467 -0.996237 -3.3467 0.407091 0.585462 0.407091 -0.585462 
1 1 0 11.2664 0.1 6.50618 -0.996342 -3.3473 -0.996342 -3.3473 0.405552 0.58639 0.405552 -0.58639 
1 1 0 11.2714 0.1 6.48935 -0.996447 -3.3479 -0.996447 -3.3479 0.404017 0.58731 0.404017 -0.58731 
1 1 0 11.2764 0.1 6.47266 -0.996553 -3.34849 -0.996553 -3.34849 0.402485 0.588222 0.402485 -0.588222 
1 1 0 11.2813 0.1 6.45613 -0.996658 -3.34909 -0.996658 -3.34909 0.400957 0.589127 0.400957 -0.589127 
1 1 0 11.2863 0.1 6.43974 -0.996764 -3.34968 -0.996764 -3.34968 0.399433 0.590023 0.399433 -0.590023 
1 1 0 11.2913 0.1 6.4235 -0.996869 -3.35027 -0.996869 -3.35027 0.397912 0.590912 0.397912 -0.590912 
1 1 0 11.2962 0.1 6.4074 -0.996975 -3.35086 -0.996975 -3.35086 0.396395 0.591793 0.396395 -0.591793 
1 1 0 11.3012 0.1 6.39144 -0.997081 -3.35145 -0.997081 -3.35145 0.394882 0.592667 0.394882 -0.592667 
1 1 0 11.3062 0.1 6.37562 -0.997187 -3.35204 -0.997187 -3.35204 0.393372 0.593533 0.393372 -0.593533 
1 1 0 11.3111 0.1 6.35994 -0.997293 -3.35263 -0.997293 -3.35263 0.391866 0.594392 0.391866 -0.594392 
1 1 0 11.3161 0.1 6.3444 -0.9974 -3.35322 -0.9974 -3.35322 0.390363 0.595243 0.390363 -0.595243 
1 1 0 11.321 0.1 6.32899 -0.997506 -3.3538 -0.997506 -3.3538 0.388864 0.596087 0.388864 -0.596087 
1 1 0 11.326 0.1 6.31371 -0.997613 -3.35439 -0.997613 -3.35439 0.387369 0.596923 0.387369 -0.596923 
1 1 0 11.331 0.1 6.29856 -0.997719 -3.35497 -0.997719 -3.35497 0.385877 0.597753 0.385877 -0.597753 
1 1 0 11.3359 0.1 6.28354 -0.997826 -3.35556 -0.997826 -3.35556 0.384389 0.598575 0.384389 -0.598575 
1 1 0 11.3409 0.1 6.26865 -0.997933 -3.35614 -0.997933 -3.35614 0.382904 0.599391 0.382904 -0.599391 
1 1 0 11.3459 0.1 6.25388 -0.99804 -3.35672 -0.99804 -3.35672 0.381423 0.600199 0.381423 -0.600199 
1 1 0 11.3508 0.1 6.23923 -0.998147 -3.35731 -0.998147 -3.35731 0.379945 0.601 0.379945 -0.601 
1 1 0 11.3558 0.1 6.22471 -0.998254 -3.35789 -0.998254 -3.35789 0.378472 0.601795 0.378472 -0.601795 
1 1 0 11.3608 0.1 6.21031 -0.998361 -3.35847 -0.998361 -3.35847 0.377001 0.602582 0.377001 -0.602582 
1 1 0 11.3657 0.1 6.19602 -0.998469 -3.35904 -0.998469 -3.35904 0.375534 0.603363 0.375534 -0.603363 
1 1 0 11.3707 0.1 6.18186 -0.998576 -3.35962 -0.998576 -3.35962 0.374071 0.604137 0.374071 -0.604137 
1 1 0 11.3757 0.1 6.1678 -0.998684 -3.3602 -0.998684 -3.3602 0.372611 0.604905 0.372611 -0.604905 
1 1 0 11.3806 0.1 6.15387 -0.998791 -3.36078 -0.998791 -3.36078 0.371155 0.605665 0.371155 -0.605665 
1 1 0 11.3856 0.1 6.14004 -0.998899 -3.36135 -0.998899 -3.36135 0.369702 0.60642 0.369702 -0.60642 
1 1 0 11.3906 0.1 6.12633 -0.999007 -3.36193 -0.999007 -3.36193 0.368253 0.607167 0.368253 -0.607167 
1 1 0 11.3955 0.1 6.11273 -0.999115 -3.3625 -0.999115 -3.3625 0.366807 0.607909 0.366807 -0.607909 
1 1 0 11.4005 0.1 6.09923 -0.999223 -3.36307 -0.999223 -3.36307 0.365365 0.608643 0.365365 -0.608643 
1 1 0 11.4055 0.1 6.08584 -0.999331 -3.36365 -0.999331 -3.36365 0.363927 0.609372 0.363927 -0.609372 
1 1 0 11.4104 0.1 6.07256 -0.999439 -3.36422 -0.999439 -3.36422 0.362491 0.610094 0.362491 -0.610094 
1 1 0 11.4154 0.1 6.05938 -0.999547 -3.36479 -0.999547 -3.36479 0.36106 0.61081 0.36106 -0.61081 
1 1 0 11.4204 0.1 6.04631 -0.999656 -3.36536 -0.999656 -3.36536 0.359631 0.61152 0.359631 -0.61152 
1 1 0 11.4253 0.1 6.03334 -0.999764 -3.36593 -0.999764 -3.36593 0.358207 0.612223 0.358207 -0.612223 
1 1 0 11.4303 0.1 6.02047 -0.999873 -3.3665 -0.999873 -3.3665 0.356785 0.612921 0.356785 -0.612921 
1 1 0 11.4353 0.1 6.0077 -0.999981 -3.36706 -0.999981 -3.36706 0.355368 0.613612 0.355368 -0.613612 
1 1 0 11.4402 0.1 5.99502 -1.00009 -3.36763 -1.00009 -3.36763 0.353953 0.614298 0.353953 -0.614298 
1 1 0 11.4452 0.1 5.98245 -1.0002 -3.3682 -1.0002 -3.3682 0.352542 0.614977 0.352542 -0.614977 
1 1 0 11.4502 0.1 5.96997 -1.00031 -3.36876 -1.00031 -3.36876 0.351135 0.615651 0.351135 -0.615651 
1 1 0 11.4551 0.1 5.95758 -1.00042 -3.36933 -1.00042 -3.36933 0.349731 0.616318 0.349731 -0.616318 
1 1 0 11.4601 0.1 5.94529 -1.00053 -3.36989 -1.00053 -3.36989 0.34833 0.61698 0.34833 -0.61698 
1 1 0 11.4651 0.1 5.9331 -1.00063 -3.37045 -1.00063 -3.37045 0.346933 0.617636 0.346933 -0.617636 
1 1 0 11.47 0.1 5.92099 -1.00074 -3.37102 -1.00074 -3.37102 0.34554 0.618286 0.34554 -0.618286 
1 1 0 11.475 0.1 5.90898 -1.00085 -3.37158 -1.00085 -3.37158 0.344149 0.618931 0.344149 -0.618931 
1 1 0 11.48 0.1 5.89705 -1.00096 -3.37214 -1.00096 -3.37214 0.342763 0.61957 0.342763 -0.61957 
1 1 0 11.4849 0.1 5.88521 -1.00107 -3.3727 -1.00107 -3.3727 0.341379 0.620203 0.341379 -0.620203 
1 1 0 11.4899 0.1 5.87346 -1.00118 -3.37326 -1.00118 -3.37326 0.339999 0.620831 0.339999 -0.620831 
1 1 0 11.4949 0.1 5.8618 -1.00129 -3.37382 -1.00129 -3.37382 0.338623 0.621453 0.338623 -0.621453 
1 1 0 11.4998 0.1 5.85023 -1.0014 -3.37437 -1.0014 -3.37437 0.337249 0.62207 0.337249 -0.62207 
1 1 0 11.5048 0.1 5.83873 -1.00151 -3.37493 -1.00151 -3.37493 0.33588 0.622681 0.33588 -0.622681 
1 1 0 11.5098 0.1 5.82733 -1.00162 -3.37549 -1.00162 -3.37549 0.334513 0.623287 0.334513 -0.623287 
1 1 0 11.5147 0.1 5.816 -1.00173 -3.37604 -1.00173 -3.37604 0.33315 0.623888 0.33315 -0.623888 
1 1 0 11.5197 0.1 5.80476 -1.00184 -3.3766 -1.00184 -3.3766 0.331791 0.624483 0.331791 -0.624483 
1 1 0 11.5247 0.1 5.7936 -1.00195 -3.37715 -1.00195 -3.37715 0.330435 0.625073 0.330435 -0.625073 
1 1 0 11.5296 0.1 5.78251 -1.00206 -3.37771 -1.00206 -3.37771 0.329082 0.625658 0.329082 -0.625658 
1 1 0 11.5346 0.1 5.77151 -1.00217 -3.37826 -1.00217 -3.37826 0.327732 0.626238 0.327732 -0.626238 
1 1 0 11.5396 0.1 5.76059 -1.00228 -3.37881 -1.00228 -3.37881 0.326386 0.626812 0.326386 -0.626812 
1 1 0 11.5445 0.1 5.74974 -1.00239 -3.37936 -1.00239 -3.37936 0.325044 0.627381 0.325044 -0.627381 
1 1 0 11.5495 0.1 5.73897 -1.0025 -3.37991 -1.0025 -3.37991 0.323704 0.627945 0.323704 -0.627945 
1 1 0 11.5545 0.1 5.72828 -1.00261 -3.38046 -1.00261 -3.38046 0.322368 0.628504 0.322368 -0.628504 
1 1 0 11.5594 0.1 5.71766 -1.00272 -3.38101 -1.00272 -3.38101 0.321036 0.629058 0.321036 -0.629058 
1 1 0 11.5644 0.1 5.70712 -1.00283 -3.38156 -1.00283 -3.38156 0.319706 0.629607 0.319706 -0.629607 
1 1 0 11.5694 0.1 5.69665 -1.00294 -3.38211 -1.00294 -3.38211 0.318381 0.630152 0.318381 -0.630152 
1 1 0 11.5743 0.1 5.68625 -1.00305 -3.38266 -1.00305 -3.38266 0.317058 0.630691 0.317058 -0.630691 
1 1 0 11.5793 0.1 5.67592 -1.00316 -3.3832 -1.00316 -3.3832 0.315739 0.631225 0.315739 -0.631225 
1 1 0 11.5843 0.1 5.66567 -1.00327 -3.38375 -1.00327 -3.38375 0.314423 0.631755 0.314423 -0.631755 
1 1 0 11.5893 0.1 5.65549 -1.00338 -3.3843 -1.00338 -3.3843 0.31311 0.63228 0.31311 -0.63228 
1 1 0 11.5942 0.1 5.64538 -1.00349 -3.38484 -1.00349 -3.38484 0.311801 0.632799 0.311801 -0.632799 
1 1 0 11.5992 0.1 5.63533 -1.0036 -3.38538 -1.0036 -3.38538 0.310495 0.633315 0.310495 -0.633315 
1 1 0 11.6042 0.1 5.62536 -1.00372 -3.38593 -1.00372 -3.38593 0.309193 0.633825 0.309193 -0.633825 
1 1 0 11.6091 0.1 5.61545 -1.00383 -3.38647 -1.00383 -3.38647 0.307894 0.634331 0.307894 -0.634331 
1 1 0 11.6141 0.1 5.60561 -1.00394 -3.38701 -1.00394 -3.38701 0.306598 0.634832 0.306598 -0.634832 
1 1 0 11.6191 0.1 5.59584 -1.00405 -3.38755 -1.00405 -3.38755 0.305305 0.635329 0.305305 -0.635329 
1 1 0 11.624 0.1 5.58613 -1.00416 -3.38809 -1.00416 -3.38809 0.304016 0.635821 0.304016 -0.635821 
1 1 0 11.629 0.1 5.57649 -1.00427 -3.38863 -1.00427 -3.38863 0.30273 0.636309 0.30273 -0.636309 
1 1 0 11.634 0.1 5.56691 -1.00438 -3.38917 -1.00438 -3.38917 0.301447 0.636792 0.301447 -0.636792 
1 1 0 11.6389 0.1 5.55739 -1.00449 -3.38971 -1.00449 -3.38971 0.300168 0.63727 0.300168 -0.63727 
1 1 0 11.6439 0.1 5.54794 -1.0046 -3.39025 -1.0046 -3.39025 0.298892 0.637744 0.298892 -0.637744 
1 1 0 11.6489 0.1 5.53855 -1.00472 -3.39079 -1.00472 -3.39079 0.297619 0.638214 0.297619 -0.638214 
1 1 0 11.6539 0.1 5.52923 -1.00483 -3.39132 -1.00483 -3.39132 0.296349 0.638679 0.296349 -0.638679 
1 1 0 11.6588 0.1 5.51997 -1.00494 -3.39186 -1.00494 -3.39186 0.295083 0.63914 0.295083 -0.63914 
1 1 0 11.6638 0.1 5.51076 -1.00505 -3.3924 -1.00505 -3.3924 0.29382 0.639597 0.29382 -0.639597 
1 1 0 11.6688 0.1 5.50162 -1.00516 -3.39293 -1.00516 -3.39293 0.292561 0.640049 0.292561 -0.640049 
1 1 0 11.6737 0.1 5.49254 -1.00527 -3.39346 -1.00527 -3.39346 0.291304 0.640498 0.291304 -0.640498 
1 1 0 11.6787 0.1 5.48351 -1.00538 -3.394 -1.00538 -3.394 0.290051 0.640941 0.290051 -0.640941 
1 1 0 11.6837 0.1 5.47455 -1.0055 -3.39453 -1.0055 -3.39453 0.288802 0.641381 0.288802 -0.641381 
1 1 0 11.6886 0.1 5.46564 -1.00561 -3.39506 -1.00561 -3.39506 0.287555 0.641817 0.287555 -0.641817 
1 1 0 11.6936 0.1 5.45679 -1.00572 -3.39559 -1.00572 -3.39559 0.286312 0.642248 0.286312 -0.642248 
1 1 0 11.6986 0.1 5.448 -1.00583 -3.39613 -1.00583 -3.39613 0.285072 0.642675 0.285072 -0.642675 
1 1 0 11.7036 0.1 5.43926 -1.00594 -3.39666 -1.00594 -3.39666 0.283835 0.643099 0.283835 -0.643099 
1 1 0 11.7085 0.1 5.43058 -1.00605 -3.39719 -1.00605 -3.39719 0.282602 0.643518 0.282602 -0.643518 
1 1 0 11.7135 0.1 5.42196 -1.00617 -3.39772 -1.00617 -3.39772 0.281372 0.643933 0.281372 -0.643933 
1 1 0 11.7185 0.1 5.41339 -1.00628 -3.39824 -1.00628 -3.39824 0.280145 0.644344 0.280145 -0.644344 
1 1 0 11.7234 0.1 5.40487 -1.00639 -3.39877 -1.00639 -3.39877 0.278921 0.644751 0.278921 -0.644751 
1 1 0 11.7284 0.1 5.39641 -1.0065 -3.3993 -1.0065 -3.3993 0.2777 0.645154 0.2777 -0.645154 
1 1 0 11.7334 0.1 5.388 -1.00661 -3.39983 -1.00661 -3.39983 0.276483 0.645553 0.276483 -0.645553 
1 1 0 11.7384 0.1 5.37965 -1.00672 -3.40035 -1.00672 -3.40035 0.275269 0.645949 0.275269 -0.645949 
1 1 0 11.7433 0.1 5.37135 -1.00684 -3.40088 -1.00684 -3.40088 0.274059 0.64634 0.274059 -0.64634 
1 1 0 11.7483 0.1 5.3631 -1.00695 -3.4014 -1.00695 -3.4014 0.272851 0.646728 0.272851 -0.646728 
1 1 0 11.7533 0.1 5.3549 -1.00706 -3.40193 -1.00706 -3.40193 0.271647 0.647112 0.271647 -0.647112 
1 1 0 11.7582 0.1 5.34675 -1.00717 -3.40245 -1.00717 -3.40245 0.270446 0.647492 0.270446 -0.647492 
1 1 0 11.7632 0.1 5.33866 -1.00728 -3.40297 -1.00728 -3.40297 0.269248 0.647868 0.269248 -0.647868 
1 1 0 11.7682 0.1 5.33061 -1.0074 -3.4035 -1.0074 -3.4035 0.268053 0.648241 0.268053 -0.648241 
1 1 0 11.7732 0.1 5.32262 -1.00751 -3.40402 -1.00751 -3.40402 0.266862 0.64861 0.266862 -0.64861 
1 1 0 11.7781 0.1 5.31467 -1.00762 -3.40454 -1.00762 -3.40454 0.265674 0.648975 0.265674 -0.648975 
1 1 0 11.7831 0.1 5.30677 -1.00773 -3.40506 -1.00773 -3.40506 0.264489 0.649337 0.264489 -0.649337 
1 1 0 11.7881 0.1 5.29892 -1.00785 -3.40558 -1.00785 -3.40558 0.263307 0.649694 0.263307 -0.649694 
1 1 0 11.793 0.1 5.29112 -1.00796 -3.4061 -1.00796 -3.4061 0.262129 0.650049 0.262129 -0.650049 
1 1 0 11.798 0.1 5.28337 -1.00807 -3.40662 -1.00807 -3.40662 0.260954 0.650399 0.260954 -0.650399 
1 1 0 11.803 0.1 5.27566 -1.00818 -3.40714 -1.00818 -3.40714 0.259782 0.650747 0.259782 -0.650747 
1 1 0 11.808 0.1 5.26801 -1.00829 -3.40765 -1.00829 -3.40765 0.258613 0.65109 0.258613 -0.65109 
1 1 0 11.8129 0.1 5.26039 -1.00841 -3.40817 -1.00841 -3.40817 0.257447 0.65143 0.257447 -0.65143 
1 1 0 11.8179 0.1 5.25283 -1.00852 -3.40869 -1.00852 -3.40869 0.256285 0.651767 0.256285 -0.651767 
1 1 0 11.8229 0.1 5.24531 -1.00863 -3.4092 -1.00863 -3.4092 0.255125 0.6521 0.255125 -0.6521 
1 1 0 11.8278 0.1 5.23783 -1.00874 -3.40972 -1.00874 -3.40972 0.253969 0.65243 0.253969 -0.65243 
1 1 0 11.8328 0.1 5.23041 -1.00886 -3.41024 -1.00886 -3.41024 0.252816 0.652756 0.252816 -0.652756 
1 1 0 11.8378 0.1 5.22302 -1.00897 -3.41075 -1.00897 -3.41075 0.251667 0.653079 0.251667 -0.653079 
1 1 0 11.8428 0.1 5.21568 -1.00908 -3.41126 -1.00908 -3.41126 0.25052 0.653398 0.25052 -0.653398 
1 1 0 11.8477 0.1 5.20838 -1.00919 -3.41178 -1.00919 -3.41178 0.249377 0.653715 0.249377 -0.653715 
1 1 0 11.8527 0.1 5.20113 -1.00931 -3.41229 -1.00931 -3.41229 0.248237 0.654027 0.248237 -0.654027 
1 1 0 11.8577 0.1 5.19392 -1.00942 -3.4128 -1.00942 -3.4128 0.2471 0.654337 0.2471 -0.654337 
1 1 0 11.8627 0.1 5.18676 -1.00953 -3.41331 -1.00953 -3.41331 0.245966 0.654643 0.245966 -0.654643 
1 1 0 11.8676 0.1 5.17963 -1.00964 -3.41382 -1.00964 -3.41382 0.244835 0.654946 0.244835 -0.654946 
1 1 0 11.8726 0.1 5.17255 -1.00976 -3.41433 -1.00976 -3.41433 0.243708 0.655246 0.243708 -0.655246 
1 1 0 11.8776 0.1 5.16551 -1.00987 -3.41484 -1.00987 -3.41484 0.242584 0.655542 0.242584 -0.655542 
1 1 0 11.8825 0.1 5.15851 -1.00998 -3.41535 -1.00998 -3.41535 0.241463 0.655836 0.241463 -0.655836 
1 1 0 11.8875 0.1 5.15156 -1.0101 -3.41586 -1.0101 -3.41586 0.240345 0.656126 0.240345 -0.656126 
1 1 0 11.8925 0.1 5.14464 -1.01021 -3.41637 -1.01021 -3.41637 0.23923 0.656413 0.23923 -0.656413 
1 1 0 11.8975 0.1 5.13777 -1.01032 -3.41688 -1.01032 -3.41688 0.238118 0.656697 0.238118 -0.656697 
1 1 0 11.9024 0.1 5.13093 -1.01043 -3.41738 -1.01043 -3.41738 0.23701 0.656977 0.23701 -0.656977 
1 1 0 11.9074 0.1 5.12414 -1.01055 -3.41789 -1.01055 -3.41789 0.235904 0.657255 0.235904 -0.657255 
1 1 0 11.9124 0.1 5.11738 -1.01066 -3.41839 -1.01066 -3.41839 0.234802 0.65753 0.234802 -0.65753 
1 1 0 11.9174 0.1 5.11067 -1.01077 -3.4189 -1.01077 -3.4189 0.233703 0.657801 0.233703 -0.657801 
1 1 0 11.9223 0.1 5.10399 -1.01088 -3.4194 -1.01088 -3.4194 0.232607 0.65807 0.232607 -0.65807 
1 1 0 11.9273 0.1 5.09735 -1.011 -3.41991 -1.011 -3.41991 0.231515 0.658335 0.231515 -0.658335 
1 1 0 11.9323 0.1 5.09075 -1.01111 -3.42041 -1.01111 -3.42041 0.230425 0.658598 0.230425 -0.658598 
1 1 0 11.9372 0.1 5.08419 -1.01122 -3.42092 -1.01122 -3.42092 0.229339 0.658857 0.229339 -0.658857 
1 1 0 11.9422 0.1 5.07767 -1.01134 -3.42142 -1.01134 -3.42142 0.228255 0.659114 0.228255 -0.659114 
1 1 0 11.9472 0.1 5.07118 -1.01145 -3.42192 -1.01145 -3.42192 0.227175 0.659367 0.227175 -0.659367 
1 1 0 11.9522 0.1 5.06473 -1.01156 -3.42242 -1.01156 -3.42242 0.226098 0.659618 0.226098 -0.659618 
1 1 0 11.9571 0.1 5.05832 -1.01167 -3.42292 -1.01167 -3.42292 0.225024 0.659866 0.225024 -0.659866 
1 1 0 11.9621 0.1 5.05195 -1.01179 -3.42342 -1.01179 -3.42342 0.223954 0.660111 0.223954 -0.660111 
1 1 0 11.9671 0.1 5.04561 -1.0119 -3.42392 -1.0119 -3.42392 0.222886 0.660353 0.222886 -0.660353 
1 1 0 11.9721 0.1 5.03931 -1.01201 -3.42442 -1.01201 -3.42442 0.221821 0.660592 0.221821 -0.660592 
1 1 0 11.977 0.1 5.03304 -1.01213 -3.42492 -1.01213 -3.42492 0.22076 0.660829 0.22076 -0.660829 
1 1 0 11.982 0.1 5.02681 -1.01224 -3.42542 -1.01224 -3.42542 0.219702 0.661063 0.219702 -0.661063 
1 1 0 11.987 0.1 5.02062 -1.01235 -3.42591 -1.01235 -3.42591 0.218647 0.661293 0.218647 -0.661293 
1 1 0 11.992 0.1 5.01446 -1.01247 -3.42641 -1.01247 -3.42641 0.217595 0.661522 0.217595 -0.661522 
1 1 0 11.9969 0.1 5.00833 -1.01258 -3.42691 -1.01258 -3.42691 0.216546 0.661747 0.216546 -0.661747 
1 1 0 12.0019 0.1 5.00224 -1.01269 -3.4274 -1.01269 -3.4274 0.2155 0.66197 0.2155 -0.66197 
1 1 0 12.0069 0.1 4.99619 -1.0128 -3.4279 -1.0128 -3.4279 0.214457 0.66219 0.214457 -0.66219 
1 1 0 12.0119 0.1 4.99017 -1.01292 -3.42839 -1.01292 -3.42839 0.213418 0.662407 0.213418 -0.662407 
1 1 0 12.0168 0.1 4.98418 -1.01303 -3.42889 -1.01303 -3.42889 0.212381 0.662622 0.212381 -0.662622 
1 1 0 12.0218 0.1 4.97823 -1.01314 -3.42938 -1.01314 -3.42938 0.211348 0.662834 0.211348 -0.662834 
1 1 0 12.0268 0.1 4.97231 -1.01326 -3.42988 -1.01326 -3.42988 0.210317 0.663043 0.210317 -0.663043 
1 1 0 12.0317 0.1 4.96642 -1.01337 -3.43037 -1.01337 -3.43037 0.20929 0.66325 0.20929 -0.66325 
1 1 0 12.0367 0.1 4.96057 -1.01348 -3.43086 -1.01348 -3.43086 0.208266 0.663454 0.208266 -0.663454 
1 1 0 12.0417 0.1 4.95475 -1.0136 -3.43135 -1.0136 -3.43135 0.207245 0.663655 0.207245 -0.663655 
1 1 0 12.0467 0.1 4.94896 -1.01371 -3.43184 -1.01371 -3.43184 0.206227 0.663854 0.206227 -0.663854 
1 1 0 12.0516 0.1 4.94321 -1.01382 -3.43233 -1.01382 -3.43233 0.205212 0.664051 0.205212 -0.664051 
1 1 0 12.0566 0.1 4.93748 -1.01394 -3.43282 -1.01394 -3.43282 0.204201 0.664245 0.204201 -0.664245 
1 1 0 12.0616 0.1 4.93179 -1.01405 -3.43331 -1.01405 -3.43331 0.203192 0.664436 0.203192 -0.664436 
1 1 0 12.0666 0.1 4.92613 -1.01416 -3.4338 -1.01416 -3.4338 0.202186 0.664625 0.202186 -0.664625 
1 1 0 12.0715 0.1 4.9205 -1.01427 -3.43429 -1.01427 -3.43429 0.201184 0.664811 0.201184 -0.664811 
1 1 0 12.0765 0.1 4.91491 -1.01439 -3.43478 -1.01439 -3.43478 0.200185 0.664995 0.200185 -0.664995 
1 1 0 12.0815 0.1 4.90934 -1.0145 -3.43526 -1.0145 -3.43526 0.199188 0.665177 0.199188 -0.665177 
1 1 0 12.0865 0.1 4.90381 -1.01461 -3.43575 -1.01461 -3.43575 0.198195 0.665356 0.198195 -0.665356 
1 1 0 12.0914 0.1 4.8983 -1.01473 -3.43624 -1.01473 -3.43624 0.197205 0.665533 0.197205 -0.665533 
1 1 0 12.0964 0.1 4.89283 -1.01484 -3.43672 -1.01484 -3.43672 0.196218 0.665707 0.196218 -0.665707 
1 1 0 12.1014 0.1 4.88739 -1.01495 -3.43721 -1.01495 -3.43721 0.195234 0.665879 0.195234 -0.665879 
1 1 0 12.1064 0.1 4.88197 -1.01507 -3.43769 -1.01507 -3.43769 0.194253 0.666048 0.194253 -0.666048 
1 1 0 12.1113 0.1 4.87659 -1.01518 -3.43818 -1.01518 -3.43818 0.193275 0.666215 0.193275 -0.666215 
1 1 0 12.1163 0.1 4.87123 -1.01529 -3.43866 -1.01529 -3.43866 0.1923 0.66638 0.1923 -0.66638 
1 1 0 12.1213 0.1 4.86591 -1.01541 -3.43914 -1.01541 -3.43914 0.191328 0.666543 0.191328 -0.666543 
1 1 0 12.1263 0.1 4.86061 -1.01552 -3.43963 -1.01552 -3.43963 0.190359 0.666703 0.190359 -0.666703 
1 1 0 12.1312 0.1 4.85535 -1.01563 -3.44011 -1.01563 -3.44011 0.189394 0.666861 0.189394 -0.666861 
1 1 0 12.1362 0.1 4.85011 -1.01575 -3.44059 -1.01575 -3.44059 0.188431 0.667017 0.188431 -0.667017 
1 1 0 12.1412 0.1 4.8449 -1.01586 -3.44107 -1.01586 -3.44107 0.187472 0.66717 0.187472 -0.66717 
1 1 0 12.1462 0.1 4.83972 -1.01597 -3.44155 -1.01597 -3.44155 0.186515 0.667321 0.186515 -0.667321 
1 1 0 12.1512 0.1 4.83457 -1.01608 -3.44203 -1.01608 -3.44203 0.185562 0.66747 0.185562 -0.66747 
1 1 0 12.1561 0.1 4.82945 -1.0162 -3.44251 -1.0162 -3.44251 0.184611 0.667617 0.184611 -0.667617 
1 1 0 12.1611 0.1 4.82435 -1.01631 -3.44299 -1.01631 -3.44299 0.183664 0.667762 0.183664 -0.667762 
1 1 0 12.1661 0.1 4.81929 -1.01642 -3.44347 -1.01642 -3.44347 0.18272 0.667904 0.18272 -0.667904 
1 1 0 12.1711 0.1 4.81425 -1.01654 -3.44395 -1.01654 -3.44395 0.181778 0.668044 0.181778 -0.668044 
1 1 0 12.176 0.1 4.80923 -1.01665 -3.44442 -1.01665 -3.44442 0.18084 0.668182 0.18084 -0.668182 
1 1 0 12.181 0.1 4.80425 -1.01676 -3.4449 -1.01676 -3.4449 0.179905 0.668318 0.179905 -0.668318 
1 1 0 12.186 0.1 4.79929 -1.01688 -3.44538 -1.01688 -3.44538 0.178973 0.668452 0.178973 -0.668452 
1 1 0 12.191 0.1 4.79436 -1.01699 -3.44585 -1.01699 -3.44585 0.178043 0.668584 0.178043 -0.668584 
1 1 0 12.1959 0.1 4.78946 -1.0171 -3.44633 -1.0171 -3.44633 0.177117 0.668713 0.177117 -0.668713 
1 1 0 12.2009 0.1 4.78458 -1.01722 -3.4468 -1.01722 -3.4468 0.176194 0.668841 0.176194 -0.668841 
1 1 0 12.2059 0.1 4.77973 -1.01733 -3.44728 -1.01733 -3.44728 0.175274 0.668966 0.175274 -0.668966 
1 1 0 12.2109 0.1 4.7749 -1.01744 -3.44775 -1.01744 -3.44775 0.174357 0.66909 0.174357 -0.66909 
1 1 0 12.2158 0.1 4.7701 -1.01756 -3.44823 -1.01756 -3.44823 0.173443 0.669211 0.173443 -0.669211 
1 1 0 12.2208 0.1 4.76533 -1.01767 -3.4487 -1.01767 -3.4487 0.172532 0.669331 0.172532 -0.669331 
1 1 0 12.2258 0.1 4.76059 -1.01778 -3.44917 -1.01778 -3.44917 0.171624 0.669448 0.171624 -0.669448 
1 1 0 12.2308 0.1 4.75587 -1.01789 -3.44964 -1.01789 -3.44964 0.170719 0.669563 0.170719 -0.669563 
1 1 0 12.2357 0.1 4.75117 -1.01801 -3.45011 -1.01801 -3.45011 0.169817 0.669677 0.169817 -0.669677 
1 1 0 12.2407 0.1 4.7465 -1.01812 -3.45058 -1.01812 -3.45058 0.168918 0.669788 0.168918 -0.669788 
1 1 0 12.2457 0.1 4.74186 -1.01823 -3.45105 -1.01823 -3.45105 0.168022 0.669898 0.168022 -0.669898 
1 1 0 12.2507 0.1 4.73724 -1.01835 -3.45152 -1.01835 -3.45152 0.167129 0.670005 0.167129 -0.670005 
1 1 0 12.2556 0.1 4.73264 -1.01846 -3.45199 -1.01846 -3.45199 0.16624 0.670111 0.16624 -0.670111 
1 1 0 12.2606 0.1 4.72807 -1.01857 -3.45246 -1.01857 -3.45246 0.165353 0.670215 0.165353 -0.670215 
1 1 0 12.2656 0.1 4.72353 -1.01869 -3.45293 -1.01869 -3.45293 0.164469 0.670316 0.164469 -0.670316 
1 1 0 12.2706 0.1 4.71901 -1.0188 -3.4534 -1.0188 -3.4534 0.163588 0.670416 0.163588 -0.670416 
1 1 0 12.2756 0.1 4.71451 -1.01891 -3.45386 -1.01891 -3.45386 0.16271 0.670514 0.16271 -0.670514 
1 1 0 12.2805 0.1 4.71004 -1.01903 -3.45433 -1.01903 -3.45433 0.161835 0.67061 0.161835 -0.67061 
1 1 0 12.2855 0.1 4.70559 -1.01914 -3.4548 -1.01914 -3.4548 0.160963 0.670705 0.160963 -0.670705 
1 1 0 12.2905 0.1 4.70117 -1.01925 -3.45526 -1.01925 -3.45526 0.160094 0.670797 0.160094 -0.670797 
1 1 0 12.2955 0.1 4.69677 -1.01936 -3.45573 -1.01936 -3.45573 0.159228 0.670888 0.159228 -0.670888 
1 1 0 12.3004 0.1 4.69239 -1.01948 -3.45619 -1.01948 -3.45619 0.158365 0.670977 0.158365 -0.670977 
1 1 0 12.3054 0.1 4.68804 -1.01959 -3.45666 -1.01959 -3.45666 0.157505 0.671064 0.157505 -0.671064 
1 1 0 12.3104 0.1 4.68371 -1.0197 -3.45712 -1.0197 -3.45712 0.156649 0.671149 0.156649 -0.671149 
1 1 0 12.3154 0.1 4.6794 -1.01982 -3.45758 -1.01982 -3.45758 0.155795 0.671233 0.155795 -0.671233 
1 1 0 12.3204 0.1 4.67512 -1.01993 -3.45805 -1.01993 -3.45805 0.154944 0.671315 0.154944 -0.671315 
1 1 0 12.3253 0.1 4.67086 -1.02004 -3.45851 -1.02004 -3.45851 0.154096 0.671395 0.154096 -0.671395 
1 1 0 12.3303 0.1 4.66662 -1.02016 -3.45897 -1.02016 -3.45897 0.153251 0.671473 0.153251 -0.671473 
1 1 0 12.3353 0.1 4.66241 -1.02027 -3.45943 -1.02027 -3.45943 0.152408 0.67155 0.152408 -0.67155 
1 1 0 12.3403 0.1 4.65822 -1.02038 -3.45989 -1.02038 -3.45989 0.151569 0.671625 0.151569 -0.671625 
1 1 0 12.3452 0.1 4.65405 -1.02049 -3.46035 -1.02049 -3.46035 0.150733 0.671698 0.150733 -0.671698 
1 1 0 12.3502 0.1 4.6499 -1.02061 -3.46081 -1.02061 -3.46081 0.1499 0.671769 0.1499 -0.671769 
1 1 0 12.3552 0.1 4.64578 -1.02072 -3.46127 -1.02072 -3.46127 0.14907 0.671839 0.14907 -0.671839 
1 1 0 12.3602 0.1 4.64168 -1.02083 -3.46173 -1.02083 -3.46173 0.148243 0.671907 0.148243 -0.671907 
1 1 0 12.3651 0.1 4.6376 -1.02095 -3.46219 -1.02095 -3.46219 0.147419 0.671974 0.147419 -0.671974 
1 1 0 12.3701 0.1 4.63354 -1.02106 -3.46264 -1.02106 -3.46264 0.146597 0.672039 0.146597 -0.672039 
1 1 0 12.3751 0.1 4.6295 -1.02117 -3.4631 -1.02117 -3.4631 0.145779 0.672102 0.145779 -0.672102 
1 1 0 12.3801 0.1 4.62549 -1.02129 -3.46356 -1.02129 -3.46356 0.144964 0.672164 0.144964 -0.672164 
1 1 0 12.3851 0.1 4.6215 -1.0214 -3.46401 -1.0214 -3.46401 0.144151 0.672224 0.144151 -0.672224 
1 1 0 12.39 0.1 4.61753 -1.02151 -3.46447 -1.02151 -3.46447 0.143342 0.672282 0.143342 -0.672282 
1 1 0 12.395 0.1 4.61358 -1.02162 -3.46492 -1.02162 -3.46492 0.142535 0.672339 0.142535 -0.672339 
1 1 0 12.4 0.1 4.60965 -1.02174 -3.46538 -1.02174 -3.46538 0.141732 0.672394 0.141732 -0.672394 
1 1 0 12.405 0.1 4.60574 -1.02185 -3.46583 -1.02185 -3.46583 0.140931 0.672448 0.140931 -0.672448 
1 1 0 12.4099 0.1 4.60186 -1.02196 -3.46629 -1.02196 -3.46629 0.140134 0.6725 0.140134 -0.6725 
1 1 0 12.4149 0.1 4.59799 -1.02208 -3.46674 -1.02208 -3.46674 0.139339 0.672551 0.139339 -0.672551 
1 1 0 12.4199 0.1 4.59415 -1.02219 -3.46719 -1.02219 -3.46719 0.138547 0.6726 0.138547 -0.6726 
1 1 0 12.4249 0.1 4.59032 -1.0223 -3.46764 -1.0223 -3.46764 0.137758 0.672648 0.137758 -0.672648 
1 1 0 12.4299 0.1 4.58652 -1.02241 -3.4681 -1.02241 -3.4681 0.136972 0.672694 0.136972 -0.672694 
1 1 0 12.4348 0.1 4.58274 -1.02253 -3.46855 -1.02253 -3.46855 0.13619 0.672739 0.13619 -0.672739 
1 1 0 12.4398 0.1 4.57897 -1.02264 -3.469 -1.02264 -3.469 0.135409 0.672782 0.135409 -0.672782 
1 1 0 12.4448 0.1 4.57523 -1.02275 -3.46945 -1.02275 -3.46945 0.134632 0.672824 0.134632 -0.672824 
1 1 0 12.4498 0.1 4.57151 -1.02286 -3.4699 -1.02286 -3.4699 0.133858 0.672864 0.133858 -0.672864 
1 1 0 12.4548 0.1 4.56781 -1.02298 -3.47035 -1.02298 -3.47035 0.133087 0.672903 0.133087 -0.672903 
1 1 0 12.4597 0.1 4.56413 -1.02309 -3.4708 -1.02309 -3.4708 0.132319 0.67294 0.132319 -0.67294 
1 1 0 12.4647 0.1 4.56047 -1.0232 -3.47124 -1.0232 -3.47124 0.131554 0.672976 0.131554 -0.672976 
1 1 0 12.4697 0.1 4.55683 -1.02332 -3.47169 -1.02332 -3.47169 0.130791 0.673011 0.130791 -0.673011 
1 1 0 12.4747 0.1 4.5532 -1.02343 -3.47214 -1.02343 -3.47214 0.130032 0.673044 0.130032 -0.673044 
1 1 0 12.4796 0.1 4.5496 -1.02354 -3.47258 -1.02354 -3.47258 0.129275 0.673075 0.129275 -0.673075 
1 1 0 12.4846 0.1 4.54602 -1.02365 -3.47303 -1.02365 -3.47303 0.128522 0.673106 0.128522 -0.673106 
1 1 0 12.4896 0.1 4.54246 -1.02377 -3.47348 -1.02377 -3.47348 0.127771 0.673135 0.127771 -0.673135 
1 1 0 12.4946 0.1 4.53891 -1.02388 -3.47392 -1.02388 -3.47392 0.127023 0.673162 0.127023 -0.673162 
1 1 0 12.4996 0.1 4.53539 -1.02399 -3.47437 -1.02399 -3.47437 0.126278 0.673189 0.126278 -0.673189 
1 1 0 12.5045 0.1 4.53188 -1.0241 -3.47481 -1.0241 -3.47481 0.125536 0.673214 0.125536 -0.673214 
1 1 0 12.5095 0.1 4.5284 -1.02422 -3.47525 -1.02422 -3.47525 0.124797 0.673237 0.124797 -0.673237 
1 1 0 12.5145 0.1 4.52493 -1.02433 -3.4757 -1.02433 -3.4757 0.124061 0.67326 0.124061 -0.67326 
1 1 0 12.5195 0.1 4.52148 -1.02444 -3.47614 -1.02444 -3.47614 0.123328 0.67328 0.123328 -0.67328 
1 1 0 12.5245 0.1 4.51805 -1.02455 -3.47658 -1.02455 -3.47658 0.122598 0.6733 0.122598 -0.6733 
1 1 0 12.5294 0.1 4.51464 -1.02467 -3.47702 -1.02467 -3.47702 0.12187 0.673319 0.12187 -0.673319 
1 1 0 12.5344 0.1 4.51125 -1.02478 -3.47746 -1.02478 -3.47746 0.121146 0.673336 0.121146 -0.673336 
1 1 0 12.5394 0.1 4.50787 -1.02489 -3.4779 -1.02489 -3.4779 0.120424 0.673352 0.120424 -0.673352 
1 1 0 12.5444 0.1 4.50452 -1.025 -3.47834 -1.025 -3.47834 0.119705 0.673366 0.119705 -0.673366 
1 1 0 12.5494 0.1 4.50118 -1.02512 -3.47878 -1.02512 -3.47878 0.11899 0.673379 0.11899 -0.673379 
1 1 0 12.5543 0.1 4.49786 -1.02523 -3.47922 -1.02523 -3.47922 0.118277 0.673392 0.118277 -0.673392 
1 1 0 12.5593 0.1 4.49456 -1.02534 -3.47966 -1.02534 -3.47966 0.117567 0.673402 0.117567 -0.673402 
1 1 0 12.5643 0.1 4.49128 -1.02545 -3.4801 -1.02545 -3.4801 0.11686 0.673412 0.11686 -0.673412 
1 1 0 12.5693 0.1 4.48802 -1.02557 -3.48054 -1.02557 -3.48054 0.116155 0.67342 0.116155 -0.67342 
1 1 0 12.5743 0.1 4.48477 -1.02568 -3.48098 -1.02568 -3.48098 0.115454 0.673428 0.115454 -0.673428 
1 1 0 12.5792 0.1 4.48154 -1.02579 -3.48141 -1.02579 -3.48141 0.114756 0.673434 0.114756 -0.673434 
1 1 0 12.5842 0.1 4.47833 -1.0259 -3.48185 -1.0259 -3.48185 0.11406 0.673438 0.11406 -0.673438 
1 1 0 12.5892 0.1 4.47514 -1.02601 -3.48228 -1.02601 -3.48228 0.113367 0.673442 0.113367 -0.673442 
1 1 0 12.5942 0.1 4.47196 -1.02613 -3.48272 -1.02613 -3.48272 0.112678 0.673445 0.112678 -0.673445 
1 1 0 12.5992 0.1 4.46881 -1.02624 -3.48315 -1.02624 -3.48315 0.111991 0.673446 0.111991 -0.673446 
1 1 0 12.6041 0.1 4.46567 -1.02635 -3.48359 -1.02635 -3.48359 0.111307 0.673446 0.111307 -0.673446 
1 1 0 12.6091 0.1 4.46255 -1.02646 -3.48402 -1.02646 -3.48402 0.110626 0.673445 0.110626 -0.673445 
1 1 0 12.6141 0.1 4.45944 -1.02658 -3.48445 -1.02658 -3.48445 0.109947 0.673443 0.109947 -0.673443 
1 1 0 12.6191 0.1 4.45635 -1.02669 -3.48489 -1.02669 -3.48489 0.109272 0.67344 0.109272 -0.67344 
1 1 0 12.6241 0.1 4.45328 -1.0268 -3.48532 -1.0268 -3.48532 0.108599 0.673436 0.108599 -0.673436 
1 1 0 12.629 0.1 4.45023 -1.02691 -3.48575 -1.02691 -3.48575 0.10793 0.67343 0.10793 -0.67343 
1 1 0 12.634 0.1 4.44719 -1.02702 -3.48618 -1.02702 -3.48618 0.107263 0.673424 0.107263 -0.673424 
1 1 0 12.639 0.1 4.44417 -1.02714 -3.48661 -1.02714 -3.48661 0.106599 0.673416 0.106599 -0.673416 
1 1 0 12.644 0.1 4.44117 -1.02725 -3.48704 -1.02725 -3.48704 0.105938 0.673407 0.105938 -0.673407 
1 1 0 12.649 0.1 4.43818 -1.02736 -3.48747 -1.02736 -3.48747 0.10528 0.673397 0.10528 -0.673397 
1 1 0 12.6539 0.1 4.43522 -1.02747 -3.4879 -1.02747 -3.4879 0.104624 0.673387 0.104624 -0.673387 
1 1 0 12.6589 0.1 4.43226 -1.02759 -3.48833 -1.02759 -3.48833 0.103972 0.673375 0.103972 -0.673375 
1 1 0 12.6639 0.1 4.42933 -1.0277 -3.48876 -1.0277 -3.48876 0.103322 0.673362 0.103322 -0.673362 
1 1 0 12.6689 0.1 4.42641 -1.02781 -3.48919 -1.02781 -3.48919 0.102676 0.673348 0.102676 -0.673348 
1 1 0 12.6739 0.1 4.42351 -1.02792 -3.48961 -1.02792 -3.48961 0.102032 0.673333 0.102032 -0.673333 
1 1 0 12.6788 0.1 4.42062 -1.02803 -3.49004 -1.02803 -3.49004 0.101391 0.673317 0.101391 -0.673317 
1 1 0 12.6838 0.1 4.41775 -1.02815 -3.49047 -1.02815 -3.49047 0.100752 0.6733 0.100752 -0.6733 
1 1 0 12.6888 0.1 4.4149 -1.02826 -3.49089 -1.02826 -3.49089 0.100117 0.673282 0.100117 -0.673282 
1 1 0 12.6938 0.1 4.41206 -1.02837 -3.49132 -1.02837 -3.49132 0.0994846 0.673263 0.0994846 -0.673263 
1 1 0 12.6988 0.1 4.40924 -1.02848 -3.49174 -1.02848 -3.49174 0.098855 0.673243 0.098855 -0.673243 
1 1 0 12.7037 0.1 4.40644 -1.02859 -3.49217 -1.02859 -3.49217 0.0982283 0.673222 0.0982283 -0.673222 
1 1 0 12.7087 0.1 4.40365 -1.0287 -3.49259 -1.0287 -3.49259 0.0976043 0.6732 0.0976043 -0.6732 
1 1 0 12.7137 0.1 4.40087 -1.02882 -3.49301 -1.02882 -3.49301 0.0969832 0.673177 0.0969832 -0.673177 
1 1 0 12.7187 0.1 4.39812 -1.02893 -3.49344 -1.02893 -3.49344 0.096365 0.673153 0.096365 -0.673153 
1 1 0 12.7237 0.1 4.39538 -1.02904 -3.49386 -1.02904 -3.49386 0.0957495 0.673128 0.0957495 -0.673128 
1 1 0 12.7286 0.1 4.39265 -1.02915 -3.49428 -1.02915 -3.49428 0.0951369 0.673103 0.0951369 -0.673103 
1 1 0 12.7336 0.1 4.38994 -1.02926 -3.4947 -1.02926 -3.4947 0.0945272 0.673076 0.0945272 -0.673076 
1 1 0 12.7386 0.1 4.38725 -1.02937 -3.49512 -1.02937 -3.49512 0.0939203 0.673048 0.0939203 -0.673048 
1 1 0 12.7436 0.1 4.38457 -1.02949 -3.49554 -1.02949 -3.49554 0.0933163 0.67302 0.0933163 -0.67302 
1 1 0 12.7486 0.1 4.38191 -1.0296 -3.49596 -1.0296 -3.49596 0.092715 0.672991 0.092715 -0.672991 
1 1 0 12.7535 0.1 4.37926 -1.02971 -3.49638 -1.02971 -3.49638 0.0921166 0.67296 0.0921166 -0.67296 
1 1 0 12.7585 0.1 4.37663 -1.02982 -3.4968 -1.02982 -3.4968 0.091521 0.672929 0.091521 -0.672929 
1 1 0 12.7635 0.1 4.37401 -1.02993 -3.49722 -1.02993 -3.49722 0.0909283 0.672897 0.0909283 -0.672897 
1 1 0 12.7685 0.1 4.37141 -1.03004 -3.49764 -1.03004 -3.49764 0.0903383 0.672864 0.0903383 -0.672864 
1 1 0 12.7735 0.1 4.36883 -1.03016 -3.49805 -1.03016 -3.49805 0.0897512 0.67283 0.0897512 -0.67283 
1 1 0 12.7785 0.1 4.36626 -1.03027 -3.49847 -1.03027 -3.49847 0.0891669 0.672795 0.0891669 -0.672795 
1 1 0 12.7834 0.1 4.3637 -1.03038 -3.49889 -1.03038 -3.49889 0.0885854 0.67276 0.0885854 -0.67276 
1 1 0 12.7884 0.1 4.36116 -1.03049 -3.4993 -1.03049 -3.4993 0.0880068 0.672724 0.0880068 -0.672724 
1 1 0 12.7934 0.1 4.35864 -1.0306 -3.49972 -1.0306 -3.49972 0.087431 0.672686 0.087431 -0.672686 
1 1 0 12.7984 0.1 4.35613 -1.03071 -3.50013 -1.03071 -3.50013 0.086858 0.672648 0.086858 -0.672648 
1 1 0 12.8034 0.1 4.35363 -1.03083 -3.50055 -1.03083 -3.50055 0.0862878 0.672609 0.0862878 -0.672609 
1 1 0 12.8083 0.1 4.35115 -1.03094 -3.50096 -1.03094 -3.50096 0.0857204 0.67257 0.0857204 -0.67257 
1 1 0 12.8133 0.1 4.34869 -1.03105 -3.50137 -1.03105 -3.50137 0.0851558 0.672529 0.0851558 -0.672529 
1 1 0 12.8183 0.1 4.34624 -1.03116 -3.50178 -1.03116 -3.50178 0.0845941 0.672488 0.0845941 -0.672488 
1 1 0 12.8233 0.1 4.3438 -1.03127 -3.5022 -1.03127 -3.5022 0.0840351 0.672446 0.0840351 -0.672446 
1 1 0 12.8283 0.1 4.34138 -1.03138 -3.50261 -1.03138 -3.50261 0.0834789 0.672403 0.0834789 -0.672403 
1 1 0 12.8333 0.1 4.33897 -1.03149 -3.50302 -1.03149 -3.50302 0.0829256 0.672359 0.0829256 -0.672359 
1 1 0 12.8382 0.1 4.33658 -1.0316 -3.50343 -1.0316 -3.50343 0.082375 0.672315 0.082375 -0.672315 
1 1 0 12.8432 0.1 4.33421 -1.03172 -3.50384 -1.03172 -3.50384 0.0818274 0.67227 0.0818274 -0.67227 
1 1 0 12.8482 0.1 4.33184 -1.03183 -3.50425 -1.03183 -3.50425 0.0812824 0.672224 0.0812824 -0.672224 
1 1 0 12.8532 0.1 4.32949 -1.03194 -3.50466 -1.03194 -3.50466 0.0807402 0.672177 0.0807402 -0.672177 
1 1 0 12.8582 0.1 4.32716 -1.03205 -3.50507 -1.03205 -3.50507 0.0802008 0.672129 0.0802008 -0.672129 
1 1 0 12.8631 0.1 4.32484 -1.03216 -3.50548 -1.03216 -3.50548 0.0796642 0.672081 0.0796642 -0.672081 
1 1 0 12.8681 0.1 4.32254 -1.03227 -3.50588 -1.03227 -3.50588 0.0791305 0.672032 0.0791305 -0.672032 
1 1 0 12.8731 0.1 4.32024 -1.03238 -3.50629 -1.03238 -3.50629 0.0785995 0.671982 0.0785995 -0.671982 
1 1 0 12.8781 0.1 4.31797 -1.03249 -3.5067 -1.03249 -3.5067 0.0780714 0.671932 0.0780714 -0.671932 
1 1 0 12.8831 0.1 4.3157 -1.0326 -3.5071 -1.0326 -3.5071 0.077546 0.671881 0.077546 -0.671881 
1 1 0 12.8881 0.1 4.31346 -1.03272 -3.50751 -1.03272 -3.50751 0.0770233 0.671829 0.0770233 -0.671829 
1 1 0 12.893 0.1 4.31122 -1.03283 -3.50791 -1.03283 -3.50791 0.0765036 0.671777 0.0765036 -0.671777 
1 1 0 12.898 0.1 4.309 -1.03294 -3.50832 -1.03294 -3.50832 0.0759866 0.671723 0.0759866 -0.671723 
1 1 0 12.903 0.1 4.30679 -1.03305 -3.50872 -1.03305 -3.50872 0.0754723 0.671669 0.0754723 -0.671669 
1 1 0 12.908 0.1 4.3046 -1.03316 -3.50913 -1.03316 -3.50913 0.0749608 0.671615 0.0749608 -0.671615 
1 1 0 12.913 0.1 4.30242 -1.03327 -3.50953 -1.03327 -3.50953 0.0744521 0.67156 0.0744521 -0.67156 
1 1 0 12.9179 0.1 4.30026 -1.03338 -3.50993 -1.03338 -3.50993 0.0739462 0.671504 0.0739462 -0.671504 
1 1 0 12.9229 0.1 4.29811 -1.03349 -3.51033 -1.03349 -3.51033 0.073443 0.671447 0.073443 -0.671447 
1 1 0 12.9279 0.1 4.29597 -1.0336 -3.51074 -1.0336 -3.51074 0.0729427 0.67139 0.0729427 -0.67139 
1 1 0 12.9329 0.1 4.29385 -1.03371 -3.51114 -1.03371 -3.51114 0.0724451 0.671332 0.0724451 -0.671332 
1 1 0 12.9379 0.1 4.29174 -1.03382 -3.51154 -1.03382 -3.51154 0.0719503 0.671273 0.0719503 -0.671273 
1 1 0 12.9429 0.1 4.28964 -1.03393 -3.51194 -1.03393 -3.51194 0.0714583 0.671214 0.0714583 -0.671214 
1 1 0 12.9478 0.1 4.28756 -1.03405 -3.51234 -1.03405 -3.51234 0.070969 0.671154 0.070969 -0.671154 
1 1 0 12.9528 0.1 4.28549 -1.03416 -3.51274 -1.03416 -3.51274 0.0704825 0.671094 0.0704825 -0.671094 
1 1 0 12.9578 0.1 4.28343 -1.03427 -3.51314 -1.03427 -3.51314 0.0699988 0.671033 0.0699988 -0.671033 
1 1 0 12.9628 0.1 4.28139 -1.03438 -3.51353 -1.03438 -3.51353 0.0695178 0.670971 0.0695178 -0.670971 
1 1 0 12.9678 0.1 4.27936 -1.03449 -3.51393 -1.03449 -3.51393 0.0690396 0.670909 0.0690396 -0.670909 
1 1 0 12.9728 0.1 4.27735 -1.0346 -3.51433 -1.0346 -3.51433 0.0685641 0.670846 0.0685641 -0.670846 
1 1 0 12.9777 0.1 4.27534 -1.03471 -3.51472 -1.03471 -3.51472 0.0680915 0.670783 0.0680915 -0.670783 
1 1 0 12.9827 0.1 4.27336 -1.03482 -3.51512 -1.03482 -3.51512 0.0676215 0.670719 0.0676215 -0.670719 
1 1 0 12.9877 0.1 4.27138 -1.03493 -3.51552 -1.03493 -3.51552 0.0671544 0.670654 0.0671544 -0.670654 
1 1 0 12.9927 0.1 4.26942 -1.03504 -3.51591 -1.03504 -3.51591 0.0666899 0.670589 0.0666899 -0.670589 
1 1 0 12.9977 0.1 4.26747 -1.03515 -3.5163 -1.03515 -3.5163 0.0662282 0.670523 0.0662282 -0.670523 
1 1 0 13.0027 0.1 4.26553 -1.03526 -3.5167 -1.03526 -3.5167 0.0657693 0.670457 0.0657693 -0.670457 
1 1 0 13.0076 0.1 4.26361 -1.03537 -3.51709 -1.03537 -3.51709 0.0653132 0.67039 0.0653132 -0.67039 
1 1 0 13.0126 0.1 4.2617 -1.03548 -3.51749 -1.03548 -3.51749 0.0648598 0.670322 0.0648598 -0.670322 
1 1 0 13.0176 0.1 4.2598 -1.03559 -3.51788 -1.03559 -3.51788 0.0644091 0.670254 0.0644091 -0.670254 
1 1 0 13.0226 0.1 4.25792 -1.0357 -3.51827 -1.0357 -3.51827 0.0639613 0.670185 0.0639613 -0.670185 
1 1 0 13.0276 0.1 4.25605 -1.03581 -3.51866 -1.03581 -3.51866 0.063516 0.670116 0.063516 -0.670116 
1 1 0 13.0326 0.1 4.25419 -1.03592 -3.51905 -1.03592 -3.51905 0.0630736 0.670047 0.0630736 -0.670047 
1 1 0 13.0375 0.1 4.25235 -1.03603 -3.51944 -1.03603 -3.51944 0.0626339 0.669976 0.0626339 -0.669976 
1 1 0 13.0425 0.1 4.25052 -1.03614 -3.51983 -1.03614 -3.51983 0.0621971 0.669906 0.0621971 -0.669906 
1 1 0 13.0475 0.1 4.2487 -1.03625 -3.52022 -1.03625 -3.52022 0.0617628 0.669835 0.0617628 -0.669835 
1 1 0 13.0525 0.1 4.24689 -1.03636 -3.52061 -1.03636 -3.52061 0.0613314 0.669763 0.0613314 -0.669763 
1 1 0 13.0575 0.1 4.2451 -1.03647 -3.521 -1.03647 -3.521 0.0609026 0.669691 0.0609026 -0.669691 
1 1 0 13.0625 0.1 4.24332 -1.03658 -3.52139 -1.03658 -3.52139 0.0604767 0.669618 0.0604767 -0.669618 
1 1 0 13.0674 0.1 4.24155 -1.03669 -3.52177 -1.03669 -3.52177 0.0600534 0.669545 0.0600534 -0.669545 
1 1 0 13.0724 0.1 4.23979 -1.0368 -3.52216 -1.0368 -3.52216 0.0596329 0.669471 0.0596329 -0.669471 
1 1 0 13.0774 0.1 4.23805 -1.03691 -3.52255 -1.03691 -3.52255 0.0592151 0.669397 0.0592151 -0.669397 
1 1 0 13.0824 0.1 4.23632 -1.03702 -3.52293 -1.03702 -3.52293 0.0588001 0.669322 0.0588001 -0.669322 
1 1 0 13.0874 0.1 4.2346 -1.03713 -3.52332 -1.03713 -3.52332 0.0583877 0.669247 0.0583877 -0.669247 
1 1 0 13.0924 0.1 4.2329 -1.03724 -3.5237 -1.03724 -3.5237 0.0579781 0.669171 0.0579781 -0.669171 
1 1 0 13.0973 0.1 4.2312 -1.03735 -3.52408 -1.03735 -3.52408 0.0575712 0.669095 0.0575712 -0.669095 
1 1 0 13.1023 0.1 4.22952 -1.03746 -3.52447 -1.03746 -3.52447 0.0571671 0.669018 0.0571671 -0.669018 
1 1 0 13.1073 0.1 4.22786 -1.03757 -3.52485 -1.03757 -3.52485 0.0567657 0.668941 0.0567657 -0.668941 
1 1 0 13.1123 0.1 4.2262 -1.03768 -3.52523 -1.03768 -3.52523 0.056367 0.668864 0.056367 -0.668864 
1 1 0 13.1173 0.1 4.22456 -1.03779 -3.52562 -1.03779 -3.52562 0.055971 0.668786 0.055971 -0.668786 
1 1 0 13.1223 0.1 4.22293 -1.0379 -3.526 -1.0379 -3.526 0.0555778 0.668708 0.0555778 -0.668708 
1 1 0 13.1273 0.1 4.22131 -1.03801 -3.52638 -1.03801 -3.52638 0.0551872 0.668629 0.0551872 -0.668629 
1 1 0 13.1322 0.1 4.2197 -1.03812 -3.52676 -1.03812 -3.52676 0.0547994 0.668549 0.0547994 -0.668549 
1 1 0 13.1372 0.1 4.21811 -1.03823 -3.52714 -1.03823 -3.52714 0.0544142 0.66847 0.0544142 -0.66847 
1 1 0 13.1422 0.1 4.21653 -1.03834 -3.52752 -1.03834 -3.52752 0.0540319 0.66839 0.0540319 -0.66839 
1 1 0 13.1472 0.1 4.21496 -1.03845 -3.5279 -1.03845 -3.5279 0.0536521 0.668309 0.0536521 -0.668309 
1 1 0 13.1522 0.1 4.2134 -1.03856 -3.52827 -1.03856 -3.52827 0.0532752 0.668228 0.0532752 -0.668228 
1 1 0 13.1572 0.1 4.21186 -1.03867 -3.52865 -1.03867 -3.52865 0.0529009 0.668147 0.0529009 -0.668147 
1 1 0 13.1621 0.1 4.21032 -1.03878 -3.52903 -1.03878 -3.52903 0.0525294 0.668065 0.0525294 -0.668065 
1 1 0 13.1671 0.1 4.2088 -1.03889 -3.52941 -1.03889 -3.52941 0.0521605 0.667983 0.0521605 -0.667983 
1 1 0 13.1721 0.1 4.20729 -1.039 -3.52978 -1.039 -3.52978 0.0517944 0.6679 0.0517944 -0.6679 
1 1 0 13.1771 0.1 4.2058 -1.03911 -3.53016 -1.03911 -3.53016 0.0514309 0.667817 0.0514309 -0.667817 
1 1 0 13.1821 0.1 4.20431 -1.03922 -3.53053 -1.03922 -3.53053 0.0510701 0.667734 0.0510701 -0.667734 
1 1 0 13.1871 0.1 4.20284 -1.03933 -3.53091 -1.03933 -3.53091 0.0507121 0.66765 0.0507121 -0.66765 
1 1 0 13.1921 0.1 4.20138 -1.03944 -3.53128 -1.03944 -3.53128 0.0503568 0.667566 0.0503568 -0.667566 
1 1 0 13.197 0.1 4.19993 -1.03955 -3.53166 -1.03955 -3.53166 0.0500041 0.667482 0.0500041 -0.667482 
1 1 0 13.202 0.1 4.19849 -1.03966 -3.53203 -1.03966 -3.53203 0.0496542 0.667397 0.0496542 -0.667397 
1 1 0 13.207 0.1 4.19707 -1.03976 -3.5324 -1.03976 -3.5324 0.049307 0.667312 0.049307 -0.667312 
1 1 0 13.212 0.1 4.19566 -1.03987 -3.53277 -1.03987 -3.53277 0.0489624 0.667226 0.0489624 -0.667226 
1 1 0 13.217 0.1 4.19425 -1.03998 -3.53314 -1.03998 -3.53314 0.0486205 0.66714 0.0486205 -0.66714 
1 1 0 13.222 0.1 4.19287 -1.04009 -3.53352 -1.04009 -3.53352 0.0482814 0.667054 0.0482814 -0.667054 
1 1 0 13.2269 0.1 4.19149 -1.0402 -3.53389 -1.0402 -3.53389 0.0479449 0.666967 0.0479449 -0.666967 
1 1 0 13.2319 0.1 4.19012 -1.04031 -3.53426 -1.04031 -3.53426 0.0476112 0.66688 0.0476112 -0.66688 
1 1 0 13.2369 0.1 4.18877 -1.04042 -3.53462 -1.04042 -3.53462 0.0472801 0.666793 0.0472801 -0.666793 
1 1 0 13.2419 0.1 4.18743 -1.04053 -3.53499 -1.04053 -3.53499 0.0469517 0.666705 0.0469517 -0.666705 
1 1 0 13.2469 0.1 4.18609 -1.04064 -3.53536 -1.04064 -3.53536 0.046626 0.666617 0.046626 -0.666617 
1 1 0 13.2519 0.1 4.18478 -1.04075 -3.53573 -1.04075 -3.53573 0.0463029 0.666529 0.0463029 -0.666529 
1 1 0 13.2569 0.1 4.18347 -1.04086 -3.5361 -1.04086 -3.5361 0.0459826 0.66644 0.0459826 -0.66644 
1 1 0 13.2618 0.1 4.18217 -1.04096 -3.53646 -1.04096 -3.53646 0.0456649 0.666351 0.0456649 -0.666351 
1 1 0 13.2668 0.1 4.18089 -1.04107 -3.53683 -1.04107 -3.53683 0.0453499 0.666262 0.0453499 -0.666262 
1 1 0 13.2718 0.1 4.17962 -1.04118 -3.53719 -1.04118 -3.53719 0.0450376 0.666172 0.0450376 -0.666172 
1 1 0 13.2768 0.1 4.17835 -1.04129 -3.53756 -1.04129 -3.53756 0.044728 0.666082 0.044728 -0.666082 
1 1 0 13.2818 0.1 4.17711 -1.0414 -3.53792 -1.0414 -3.53792 0.044421 0.665992 0.044421 -0.665992 
1 1 0 13.2868 0.1 4.17587 -1.04151 -3.53829 -1.04151 -3.53829 0.0441168 0.665902 0.0441168 -0.665902 
1 1 0 13.2918 0.1 4.17464 -1.04162 -3.53865 -1.04162 -3.53865 0.0438152 0.665811 0.0438152 -0.665811 
1 1 0 13.2967 0.1 4.17343 -1.04173 -3.53901 -1.04173 -3.53901 0.0435163 0.66572 0.0435163 -0.66572 
1 1 0 13.3017 0.1 4.17222 -1.04183 -3.53938 -1.04183 -3.53938 0.04322 0.665628 0.04322 -0.665628 
1 1 0 13.3067 0.1 4.17103 -1.04194 -3.53974 -1.04194 -3.53974 0.0429264 0.665537 0.0429264 -0.665537 
1 1 0 13.3117 0.1 4.16985 -1.04205 -3.5401 -1.04205 -3.5401 0.0426356 0.665444 0.0426356 -0.665444 
1 1 0 13.3167 0.1 4.16868 -1.04216 -3.54046 -1.04216 -3.54046 0.0423473 0.665352 0.0423473 -0.665352 
1 1 0 13.3217 0.1 4.16752 -1.04227 -3.54082 -1.04227 -3.54082 0.0420617 0.66526 0.0420617 -0.66526 
1 1 0 13.3267 0.1 4.16638 -1.04238 -3.54118 -1.04238 -3.54118 0.0417788 0.665167 0.0417788 -0.665167 
1 1 0 13.3316 0.1 4.16524 -1.04249 -3.54154 -1.04249 -3.54154 0.0414986 0.665074 0.0414986 -0.665074 
1 1 0 13.3366 0.1 4.16412 -1.04259 -3.5419 -1.04259 -3.5419 0.041221 0.66498 0.041221 -0.66498 
1 1 0 13.3416 0.1 4.16301 -1.0427 -3.54225 -1.0427 -3.54225 0.0409461 0.664887 0.0409461 -0.664887 
1 1 0 13.3466 0.1 4.16191 -1.04281 -3.54261 -1.04281 -3.54261 0.0406739 0.664793 0.0406739 -0.664793 
1 1 0 13.3516 0.1 4.16082 -1.04292 -3.54297 -1.04292 -3.54297 0.0404043 0.664699 0.0404043 -0.664699 
1 1 0 13.3566 0.1 4.15974 -1.04303 -3.54332 -1.04303 -3.54332 0.0401374 0.664604 0.0401374 -0.664604 
1 1 0 13.3616 0.1 4.15867 -1.04314 -3.54368 -1.04314 -3.54368 0.0398731 0.664509 0.0398731 -0.664509 
1 1 0 13.3665 0.1 4.15761 -1.04324 -3.54403 -1.04324 -3.54403 0.0396114 0.664414 0.0396114 -0.664414 
1 1 0 13.3715 0.1 4.15657 -1.04335 -3.54439 -1.04335 -3.54439 0.0393525 0.664319 0.0393525 -0.664319 
1 1 0 13.3765 0.1 4.15553 -1.04346 -3.54474 -1.04346 -3.54474 0.0390962 0.664224 0.0390962 -0.664224 
1 1 0 13.3815 0.1 4.15451 -1.04357 -3.5451 -1.04357 -3.5451 0.0388426 0.664128 0.0388426 -0.664128 
1 1 0 13.3865 0.1 4.1535 -1.04368 -3.54545 -1.04368 -3.54545 0.0385917 0.664032 0.0385917 -0.664032 
1 1 0 13.3915 0.1 4.1525 -1.04378 -3.5458 -1.04378 -3.5458 0.0383433 0.663936 0.0383433 -0.663936 
1 1 0 13.3965 0.1 4.15151 -1.04389 -3.54615 -1.04389 -3.54615 0.0380977 0.66384 0.0380977 -0.66384 
1 1 0 13.4014 0.1 4.15053 -1.044 -3.5465 -1.044 -3.5465 0.0378545 0.663743 0.0378545 -0.663743 
1 1 0 13.4064 0.1 4.14957 -1.04411 -3.54685 -1.04411 -3.54685 0.0376141 0.663646 0.0376141 -0.663646 
1 1 0 13.4114 0.1 4.14861 -1.04422 -3.5472 -1.04422 -3.5472 0.0373764 0.663549 0.0373764 -0.663549 
1 1 0 13.4164 0.1 4.14767 -1.04432 -3.54755 -1.04432 -3.54755 0.0371413 0.663452 0.0371413 -0.663452 
1 1 0 13.4214 0.1 4.14673 -1.04443 -3.5479 -1.04443 -3.5479 0.0369089 0.663354 0.0369089 -0.663354 
1 1 0 13.4264 0.1 4.14581 -1.04454 -3.54825 -1.04454 -3.54825 0.0366791 0.663257 0.0366791 -0.663257 
1 1 0 13.4314 0.1 4.1449 -1.04465 -3.5486 -1.04465 -3.5486 0.0364519 0.663159 0.0364519 -0.663159 
1 1 0 13.4364 0.1 4.144 -1.04476 -3.54895 -1.04476 -3.54895 0.0362273 0.663061 0.0362273 -0.663061 
1 1 0 13.4413 0.1 4.14311 -1.04486 -3.54929 -1.04486 -3.54929 0.0360055 0.662962 0.0360055 -0.662962 
1 1 0 13.4463 0.1 4.14223 -1.04497 -3.54964 -1.04497 -3.54964 0.0357862 0.662864 0.0357862 -0.662864 
1 1 0 13.4513 0.1 4.14136 -1.04508 -3.54998 -1.04508 -3.54998 0.0355696 0.662765 0.0355696 -0.662765 
1 1 0 13.4563 0.1 4.1405 -1.04519 -3.55033 -1.04519 -3.55033 0.0353557 0.662666 0.0353557 -0.662666 
1 1 0 13.4613 0.1 4.13966 -1.04529 -3.55067 -1.04529 -3.55067 0.0351444 0.662567 0.0351444 -0.662567 
1 1 0 13.4663 0.1 4.13882 -1.0454 -3.55102 -1.0454 -3.55102 0.0349356 0.662468 0.0349356 -0.662468 
1 1 0 13.4713 0.1 4.138 -1.04551 -3.55136 -1.04551 -3.55136 0.0347296 0.662368 0.0347296 -0.662368 
1 1 0 13.4763 0.1 4.13719 -1.04562 -3.5517 -1.04562 -3.5517 0.0345262 0.662268 0.0345262 -0.662268 
1 1 0 13.4812 0.1 4.13638 -1.04573 -3.55205 -1.04573 -3.55205 0.0343253 0.662169 0.0343253 -0.662169 
1 1 0 13.4862 0.1 4.13559 -1.04583 -3.55239 -1.04583 -3.55239 0.0341272 0.662069 0.0341272 -0.662069 
1 1 0 13.4912 0.1 4.13481 -1.04594 -3.55273 -1.04594 -3.55273 0.0339317 0.661968 0.0339317 -0.661968 
1 1 0 13.4962 0.1 4.13404 -1.04605 -3.55307 -1.04605 -3.55307 0.0337388 0.661868 0.0337388 -0.661868 
1 1 0 13.5012 0.1 4.13328 -1.04615 -3.55341 -1.04615 -3.55341 0.0335485 0.661767 0.0335485 -0.661767 
1 1 0 13.5062 0.1 4.13253 -1.04626 -3.55375 -1.04626 -3.55375 0.0333608 0.661666 0.0333608 -0.661666 
1 1 0 13.5112 0.1 4.1318 -1.04637 -3.55409 -1.04637 -3.55409 0.0331758 0.661565 0.0331758 -0.661565 
1 1 0 13.5161 0.1 4.13107 -1.04648 -3.55442 -1.04648 -3.55442 0.0329935 0.661464 0.0329935 -0.661464 
1 1 0 13.5211 0.1 4.13035 -1.04658 -3.55476 -1.04658 -3.55476 0.0328137 0.661363 0.0328137 -0.661363 
1 1 0 13.5261 0.1 4.12965 -1.04669 -3.5551 -1.04669 -3.5551 0.0326365 0.661261 0.0326365 -0.661261 
1 1 0 13.5311 0.1 4.12896 -1.0468 -3.55544 -1.0468 -3.55544 0.032462 0.66116 0.032462 -0.66116 
1 1 0 13.5361 0.1 4.12827 -1.04691 -3.55577 -1.04691 -3.55577 0.0322901 0.661058 0.0322901 -0.661058 
1 1 0 13.5411 0.1 4.1276 -1.04701 -3.55611 -1.04701 -3.55611 0.0321208 0.660956 0.0321208 -0.660956 
1 1 0 13.5461 0.1 4.12694 -1.04712 -3.55644 -1.04712 -3.55644 0.0319542 0.660854 0.0319542 -0.660854 
1 1 0 13.5511 0.1 4.12629 -1.04723 -3.55677 -1.04723 -3.55677 0.0317901 0.660752 0.0317901 -0.660752 
1 1 0 13.556 0.1 4.12565 -1.04733 -3.55711 -1.04733 -3.55711 0.0316287 0.660649 0.0316287 -0.660649 
1 1 0 13.561 0.1 4.12502 -1.04744 -3.55744 -1.04744 -3.55744 0.0314699 0.660547 0.0314699 -0.660547 
1 1 0 13.566 0.1 4.1244 -1.04755 -3.55777 -1.04755 -3.55777 0.0313137 0.660444 0.0313137 -0.660444 
1 1 0 13.571 0.1 4.12379 -1.04765 -3.5581 -1.04765 -3.5581 0.0311601 0.660341 0.0311601 -0.660341 
1 1 0 13.576 0.1 4.12319 -1.04776 -3.55844 -1.04776 -3.55844 0.0310092 0.660238 0.0310092 -0.660238 
1 1 0 13.581 0.1 4.12261 -1.04787 -3.55877 -1.04787 -3.55877 0.0308608 0.660135 0.0308608 -0.660135 
1 1 0 13.586 0.1 4.12203 -1.04797 -3.5591 -1.04797 -3.5591 0.0307151 0.660031 0.0307151 -0.660031 
1 1 0 13.591 0.1 4.12146 -1.04808 -3.55943 -1.04808 -3.55943 0.0305719 0.659928 0.0305719 -0.659928 
1 1 0 13.596 0.1 4.12091 -1.04819 -3.55975 -1.04819 -3.55975 0.0304314 0.659824 0.0304314 -0.659824 
1 1 0 13.6009 0.1 4.12037 -1.04829 -3.56008 -1.04829 -3.56008 0.0302935 0.65972 0.0302935 -0.65972 
1 1 0 13.6059 0.1 4.11983 -1.0484 -3.56041 -1.0484 -3.56041 0.0301582 0.659617 0.0301582 -0.659617 
1 1 0 13.6109 0.1 4.11931 -1.04851 -3.56074 -1.04851 -3.56074 0.0300255 0.659513 0.0300255 -0.659513 
1 1 0 13.6159 0.1 4.1188 -1.04861 -3.56106 -1.04861 -3.56106 0.0298954 0.659408 0.0298954 -0.659408 
1 1 0 13.6209 0.1 4.1183 -1.04872 -3.56139 -1.04872 -3.56139 0.029768 0.659304 0.029768 -0.659304 
1 1 0 13.6259 0.1 4.1178 -1.04883 -3.56171 -1.04883 -3.56171 0.0296431 0.6592 0.0296431 -0.6592 
1 1 0 13.6309 0.1 4.11732 -1.04893 -3.56204 -1.04893 -3.56204 0.0295209 0.659095 0.0295209 -0.659095 
1 1 0 13.6359 0.1 4.11685 -1.04904 -3.56236 -1.04904 -3.56236 0.0294012 0.65899 0.0294012 -0.65899 
1 1 0 13.6408 0.1 4.11639 -1.04915 -3.56269 -1.04915 -3.56269 0.0292841 0.658886 0.0292841 -0.658886 
1 1 0 13.6458 0.1 4.11595 -1.04925 -3.56301 -1.04925 -3.56301 0.0291696 0.658781 0.0291696 -0.658781 
1 1 0 13.6508 0.1 4.11551 -1.04936 -3.56333 -1.04936 -3.56333 0.0290578 0.658676 0.0290578 -0.658676 
1 1 0 13.6558 0.1 4.11508 -1.04947 -3.56365 -1.04947 -3.56365 0.0289485 0.65857 0.0289485 -0.65857 
1 1 0 13.6608 0.1 4.11466 -1.04957 -3.56397 -1.04957 -3.56397 0.0288418 0.658465 0.0288418 -0.658465 
1 1 0 13.6658 0.1 4.11426 -1.04968 -3.56429 -1.04968 -3.56429 0.0287378 0.65836 0.0287378 -0.65836 
1 1 0 13.6708 0.1 4.11386 -1.04978 -3.56461 -1.04978 -3.56461 0.0286363 0.658254 0.0286363 -0.658254 
1 1 0 13.6758 0.1 4.11348 -1.04989 -3.56493 -1.04989 -3.56493 0.0285374 0.658148 0.0285374 -0.658148 
1 1 0 13.6808 0.1 4.1131 -1.05 -3.56525 -1.05 -3.56525 0.0284412 0.658043 0.0284412 -0.658043 
1 1 0 13.6857 0.1 4.11274 -1.0501 -3.56557 -1.0501 -3.56557 0.0283475 0.657937 0.0283475 -0.657937 
1 1 0 13.6907 0.1 4.11239 -1.05021 -3.56589 -1.05021 -3.56589 0.0282565 0.657831 0.0282565 -0.657831 
1 1 0 13.6957 0.1 4.11204 -1.05032 -3.5662 -1.05032 -3.5662 0.0281679 0.657725 0.0281679 -0.657725 
1 1 0 13.7007 0.1 4.11171 -1.05042 -3.56652 -1.05042 -3.56652 0.0280821 0.657618 0.0280821 -0.657618 
1 1 0 13.7057 0.1 4.11139 -1.05053 -3.56684 -1.05053 -3.56684 0.0279987 0.657512 0.0279987 -0.657512 
1 1 0 13.7107 0.1 4.11108 -1.05063 -3.56715 -1.05063 -3.56715 0.027918 0.657406 0.027918 -0.657406 
1 1 0 13.7157 0.1 4.11078 -1.05074 -3.56746 -1.05074 -3.56746 0.0278399 0.657299 0.0278399 -0.657299 
1 1 0 13.7207 0.1 4.11049 -1.05085 -3.56778 -1.05085 -3.56778 0.0277644 0.657192 0.0277644 -0.657192 
1 1 0 13.7257 0.1 4.11021 -1.05095 -3.56809 -1.05095 -3.56809 0.0276914 0.657085 0.0276914 -0.657085 
1 1 0 13.7306 0.1 4.10994 -1.05106 -3.5684 -1.05106 -3.5684 0.027621 0.656979 0.027621 -0.656979 
1 1 0 13.7356 0.1 4.10968 -1.05116 -3.56871 -1.05116 -3.56871 0.0275533 0.656872 0.0275533 -0.656872 
1 1 0 13.7406 0.1 4.10943 -1.05127 -3.56903 -1.05127 -3.56903 0.0274881 0.656764 0.0274881 -0.656764 
1 1 0 13.7456 0.1 4.10919 -1.05137 -3.56934 -1.05137 -3.56934 0.0274256 0.656657 0.0274256 -0.656657 
1 1 0 13.7506 0.1 4.10897 -1.05148 -3.56965 -1.05148 -3.56965 0.0273655 0.65655 0.0273655 -0.65655 
1 1 0 13.7556 0.1 4.10875 -1.05159 -3.56996 -1.05159 -3.56996 0.0273081 0.656442 0.0273081 -0.656442 
1 1 0 13.7606 0.1 4.10855 -1.05169 -3.57026 -1.05169 -3.57026 0.0272533 0.656335 0.0272533 -0.656335 
1 1 0 13.7656 0.1 4.10835 -1.0518 -3.57057 -1.0518 -3.57057 0.027201 0.656227 0.027201 -0.656227 
1 1 0 13.7706 0.1 4.10817 -1.0519 -3.57088 -1.0519 -3.57088 0.0271514 0.65612 0.0271514 -0.65612 
1 1 0 13.7755 0.1 4.10799 -1.05201 -3.57119 -1.05201 -3.57119 0.0271043 0.656012 0.0271043 -0.656012 
1 1 0 13.7805 0.1 4.10783 -1.05211 -3.57149 -1.05211 -3.57149 0.0270598 0.655904 0.0270598 -0.655904 
1 1 0 13.7855 0.1 4.10767 -1.05222 -3.5718 -1.05222 -3.5718 0.0270178 0.655796 0.0270178 -0.655796 
1 1 0 13.7905 0.1 4.10753 -1.05232 -3.5721 -1.05232 -3.5721 0.0269784 0.655688 0.0269784 -0.655688 
1 1 0 13.7955 0.1 4.1074 -1.05243 -3.57241 -1.05243 -3.57241 0.0269417 0.655579 0.0269417 -0.655579 
1 1 0 13.8005 0.1 4.10728 -1.05253 -3.57271 -1.05253 -3.57271 0.0269075 0.655471 0.0269075 -0.655471 
1 1 0 13.8055 0.1 4.10717 -1.05264 -3.57301 -1.05264 -3.57301 0.0268759 0.655363 0.0268759 -0.655363 
1 1 0 13.8105 0.1 4.10707 -1.05274 -3.57332 -1.05274 -3.57332 0.0268469 0.655254 0.0268469 -0.655254 
1 1 0 13.8155 0.1 4.10698 -1.05285 -3.57362 -1.05285 -3.57362 0.0268205 0.655145 0.0268205 -0.655145 
1 1 0 13.8205 0.1 4.1069 -1.05295 -3.57392 -1.05295 -3.57392 0.0267965 0.655037 0.0267965 -0.655037 
1 1 0 13.8254 0.1 4.10683 -1.05306 -3.57422 -1.05306 -3.57422 0.0267752 0.654928 0.0267752 -0.654928 
1 1 0 13.8304 0.1 4.10677 -1.05316 -3.57452 -1.05316 -3.57452 0.0267565 0.654819 0.0267565 -0.654819 
1 1 0 13.8354 0.1 4.10672 -1.05327 -3.57482 -1.05327 -3.57482 0.0267404 0.65471 0.0267404 -0.65471 
1 1 0 13.8404 0.1 4.10668 -1.05337 -3.57512 -1.05337 -3.57512 0.0267268 0.654601 0.0267268 -0.654601 
1 1 0 13.8454 0.1 4.10666 -1.05348 -3.57541 -1.05348 -3.57541 0.0267158 0.654492 0.0267158 -0.654492 
1 1 0 13.8504 0.1 4.10664 -1.05358 -3.57571 -1.05358 -3.57571 0.0267074 0.654382 0.0267074 -0.654382 
1 1 0 13.8554 0.1 4.10664 -1.05369 -3.57601 -1.05369 -3.57601 0.0267015 0.654273 0.0267015 -0.654273 
1 1 0 13.8604 0.1 4.10664 -1.05379 -3.5763 -1.05379 -3.5763 0.0266982 0.654163 0.0266982 -0.654163 
1 1 0 13.8654 0.1 4.10666 -1.0539 -3.5766 -1.0539 -3.5766 0.0266975 0.654054 0.0266975 -0.654054 
1 1 0 13.8704 0.1 4.10668 -1.054 -3.57689 -1.054 -3.57689 0.0266994 0.653944 0.0266994 -0.653944 
1 1 0 13.8753 0.1 4.10672 -1.05411 -3.57719 -1.05411 -3.57719 0.0267038 0.653834 0.0267038 -0.653834 
1 1 0 13.8803 0.1 4.10677 -1.05421 -3.57748 -1.05421 -3.57748 0.0267108 0.653724 0.0267108 -0.653724 
1 1 0 13.8853 0.1 4.10682 -1.05432 -3.57777 -1.05432 -3.57777 0.0267204 0.653614 0.0267204 -0.653614 
1 1 0 13.8903 0.1 4.10689 -1.05442 -3.57807 -1.05442 -3.57807 0.0267325 0.653504 0.0267325 -0.653504 
1 1 0 13.8953 0.1 4.10697 -1.05453 -3.57836 -1.05453 -3.57836 0.0267472 0.653394 0.0267472 -0.653394 
1 1 0 13.9003 0.1 4.10706 -1.05463 -3.57865 -1.05463 -3.57865 0.0267645 0.653284 0.0267645 -0.653284 
1 1 0 13.9053 0.1 4.10716 -1.05474 -3.57894 -1.05474 -3.57894 0.0267844 0.653173 0.0267844 -0.653173 
1 1 0 13.9103 0.1 4.10727 -1.05484 -3.57923 -1.05484 -3.57923 0.0268068 0.653063 0.0268068 -0.653063 
1 1 0 13.9153 0.1 4.10739 -1.05495 -3.57952 -1.05495 -3.57952 0.0268318 0.652952 0.0268318 -0.652952 
1 1 0 13.9203 0.1 4.10752 -1.05505 -3.5798 -1.05505 -3.5798 0.0268593 0.652842 0.0268593 -0.652842 
1 1 0 13.9253 0.1 4.10767 -1.05515 -3.58009 -1.05515 -3.58009 0.0268894 0.652731 0.0268894 -0.652731 
1 1 0 13.9302 0.1 4.10782 -1.05526 -3.58038 -1.05526 -3.58038 0.0269221 0.65262 0.0269221 -0.65262 
1 1 0 13.9352 0.1 4.10798 -1.05536 -3.58066 -1.05536 -3.58066 0.0269573 0.652509 0.0269573 -0.652509 
1 1 0 13.9402 0.1 4.10816 -1.05547 -3.58095 -1.05547 -3.58095 0.0269951 0.652398 0.0269951 -0.652398 
1 1 0 13.9452 0.1 4.10834 -1.05557 -3.58123 -1.05557 -3.58123 0.0270355 0.652287 0.0270355 -0.652287 
1 1 0 13.9502 0.1 4.10854 -1.05568 -3.58152 -1.05568 -3.58152 0.0270784 0.652176 0.0270784 -0.652176 
1 1 0 13.9552 0.1 4.10874 -1.05578 -3.5818 -1.05578 -3.5818 0.0271239 0.652064 0.0271239 -0.652064 
1 1 0 13.9602 0.1 4.10896 -1.05588 -3.58208 -1.05588 -3.58208 0.027172 0.651953 0.027172 -0.651953 
1 1 0 13.9652 0.1 4.10919 -1.05599 -3.58237 -1.05599 -3.58237 0.0272226 0.651841 0.0272226 -0.651841 
1 1 0 13.9702 0.1 4.10943 -1.05609 -3.58265 -1.05609 -3.58265 0.0272758 0.651729 0.0272758 -0.651729 
1 1 0 13.9752 0.1 4.10967 -1.0562 -3.58293 -1.0562 -3.58293 0.0273316 0.651618 0.0273316 -0.651618 
1 1 0 13.9802 0.1 4.10993 -1.0563 -3.58321 -1.0563 -3.58321 0.0273898 0.651506 0.0273898 -0.651506 
1 1 0 13.9851 0.1 4.1102 -1.0564 -3.58349 -1.0564 -3.58349 0.0274507 0.651394 0.0274507 -0.651394 
1 1 0 13.9901 0.1 4.11048 -1.05651 -3.58377 -1.05651 -3.58377 0.0275142 0.651282 0.0275142 -0.651282 
1 1 0 13.9951 0.1 4.11078 -1.05661 -3.58404 -1.05661 -3.58404 0.0275802 0.65117 0.0275802 -0.65117 
1 1 0 14.0001 0.1 4.11108 -1.05672 -3.58432 -1.05672 -3.58432 0.0276487 0.651057 0.0276487 -0.651057 
1 1 0 14.0051 0.1 4.11139 -1.05682 -3.5846 -1.05682 -3.5846 0.0277198 0.650945 0.0277198 -0.650945 
1 1 0 14.0101 0.1 4.11172 -1.05692 -3.58487 -1.05692 -3.58487 0.0277935 0.650832 0.0277935 -0.650832 
1 1 0 14.0151 0.1 4.11205 -1.05703 -3.58515 -1.05703 -3.58515 0.0278698 0.65072 0.0278698 -0.65072 
1 1 0 14.0201 0.1 4.1124 -1.05713 -3.58542 -1.05713 -3.58542 0.0279486 0.650607 0.0279486 -0.650607 
1 1 0 14.0251 0.1 4.11275 -1.05723 -3.5857 -1.05723 -3.5857 0.0280299 0.650494 0.0280299 -0.650494 
1 1 0 14.0301 0.1 4.11312 -1.05734 -3.58597 -1.05734 -3.58597 0.0281139 0.650381 0.0281139 -0.650381 
1 1 0 14.0351 0.1 4.1135 -1.05744 -3.58624 -1.05744 -3.58624 0.0282003 0.650268 0.0282003 -0.650268 
1 1 0 14.04 0.1 4.11388 -1.05754 -3.58651 -1.05754 -3.58651 0.0282894 0.650155 0.0282894 -0.650155 
1 1 0 14.045 0.1 4.11428 -1.05765 -3.58678 -1.05765 -3.58678 0.028381 0.650041 0.028381 -0.650041 
1 1 0 14.05 0.1 4.11469 -1.05775 -3.58705 -1.05775 -3.58705 0.0284751 0.649928 0.0284751 -0.649928 
1 1 0 14.055 0.1 4.11511 -1.05785 -3.58732 -1.05785 -3.58732 0.0285718 0.649814 0.0285718 -0.649814 
1 1 0 14.06 0.1 4.11555 -1.05796 -3.58759 -1.05796 -3.58759 0.0286711 0.649701 0.0286711 -0.649701 
1 1 0 14.065 0.1 4.11599 -1.05806 -3.58786 -1.05806 -3.58786 0.0287729 0.649587 0.0287729 -0.649587 
1 1 0 14.07 0.1 4.11644 -1.05816 -3.58813 -1.05816 -3.58813 0.0288773 0.649473 0.0288773 -0.649473 
1 1 0 14.075 0.1 4.11691 -1.05827 -3.5884 -1.05827 -3.5884 0.0289842 0.649359 0.0289842 -0.649359 
1 1 0 14.08 0.1 4.11738 -1.05837 -3.58866 -1.05837 -3.58866 0.0290938 0.649245 0.0290938 -0.649245 
1 1 0 14.085 0.1 4.11787 -1.05847 -3.58893 -1.05847 -3.58893 0.0292058 0.64913 0.0292058 -0.64913 
1 1 0 14.09 0.1 4.11837 -1.05858 -3.58919 -1.05858 -3.58919 0.0293204 0.649016 0.0293204 -0.649016 
1 1 0 14.095 0.1 4.11887 -1.05868 -3.58945 -1.05868 -3.58945 0.0294376 0.648901 0.0294376 -0.648901 
1 1 0 14.0999 0.1 4.11939 -1.05878 -3.58972 -1.05878 -3.58972 0.0295573 0.648787 0.0295573 -0.648787 
1 1 0 14.1049 0.1 4.11992 -1.05889 -3.58998 -1.05889 -3.58998 0.0296795 0.648672 0.0296795 -0.648672 
1 1 0 14.1099 0.1 4.12046 -1.05899 -3.59024 -1.05899 -3.59024 0.0298045 0.648557 0.0298045 -0.648557 
1 1 0 14.1149 0.1 4.12101 -1.05909 -3.5905 -1.05909 -3.5905 0.0299318 0.648442 0.0299318 -0.648442 
1 1 0 14.1199 0.1 4.12158 -1.0592 -3.59076 -1.0592 -3.59076 0.0300618 0.648327 0.0300618 -0.648327 
1 1 0 14.1249 0.1 4.12215 -1.0593 -3.59102 -1.0593 -3.59102 0.0301943 0.648211 0.0301943 -0.648211 
1 1 0 14.1299 0.1 4.12274 -1.0594 -3.59128 -1.0594 -3.59128 0.0303293 0.648096 0.0303293 -0.648096 
1 1 0 14.1349 0.1 4.12333 -1.0595 -3.59154 -1.0595 -3.59154 0.030467 0.64798 0.030467 -0.64798 
1 1 0 14.1399 0.1 4.12394 -1.05961 -3.5918 -1.05961 -3.5918 0.0306072 0.647864 0.0306072 -0.647864 
1 1 0 14.1449 0.1 4.12456 -1.05971 -3.59205 -1.05971 -3.59205 0.03075 0.647749 0.03075 -0.647749 
1 1 0 14.1499 0.1 4.12519 -1.05981 -3.59231 -1.05981 -3.59231 0.0308953 0.647632 0.0308953 -0.647632 
1 1 0 14.1549 0.1 4.12583 -1.05991 -3.59256 -1.05991 -3.59256 0.0310431 0.647516 0.0310431 -0.647516 
1 1 0 14.1599 0.1 4.12648 -1.06002 -3.59282 -1.06002 -3.59282 0.0311935 0.6474 0.0311935 -0.6474 
1 1 0 14.1648 0.1 4.12714 -1.06012 -3.59307 -1.06012 -3.59307 0.0313464 0.647283 0.0313464 -0.647283 
1 1 0 14.1698 0.1 4.12781 -1.06022 -3.59333 -1.06022 -3.59333 0.031502 0.647167 0.031502 -0.647167 
1 1 0 14.1748 0.1 4.1285 -1.06032 -3.59358 -1.06032 -3.59358 0.03166 0.64705 0.03166 -0.64705 
1 1 0 14.1798 0.1 4.1292 -1.06043 -3.59383 -1.06043 -3.59383 0.0318207 0.646933 0.0318207 -0.646933 
1 1 0 14.1848 0.1 4.1299 -1.06053 -3.59408 -1.06053 -3.59408 0.0319839 0.646816 0.0319839 -0.646816 
1 1 0 14.1898 0.1 4.13062 -1.06063 -3.59433 -1.06063 -3.59433 0.0321496 0.646698 0.0321496 -0.646698 
1 1 0 14.1948 0.1 4.13135 -1.06073 -3.59458 -1.06073 -3.59458 0.032318 0.646581 0.032318 -0.646581 
1 1 0 14.1998 0.1 4.13209 -1.06084 -3.59483 -1.06084 -3.59483 0.0324888 0.646463 0.0324888 -0.646463 
1 1 0 14.2048 0.1 4.13284 -1.06094 -3.59508 -1.06094 -3.59508 0.0326622 0.646345 0.0326622 -0.646345 
1 1 0 14.2098 0.1 4.13361 -1.06104 -3.59532 -1.06104 -3.59532 0.0328382 0.646227 0.0328382 -0.646227 
1 1 0 14.2148 0.1 4.13438 -1.06114 -3.59557 -1.06114 -3.59557 0.0330167 0.646109 0.0330167 -0.646109 
1 1 0 14.2198 0.1 4.13517 -1.06125 -3.59581 -1.06125 -3.59581 0.0331978 0.645991 0.0331978 -0.645991 
1 1 0 14.2248 0.1 4.13597 -1.06135 -3.59606 -1.06135 -3.59606 0.0333815 0.645872 0.0333815 -0.645872 
1 1 0 14.2298 0.1 4.13677 -1.06145 -3.5963 -1.06145 -3.5963 0.0335677 0.645754 0.0335677 -0.645754 
1 1 0 14.2347 0.1 4.1376 -1.06155 -3.59655 -1.06155 -3.59655 0.0337564 0.645635 0.0337564 -0.645635 
1 1 0 14.2397 0.1 4.13843 -1.06165 -3.59679 -1.06165 -3.59679 0.0339478 0.645515 0.0339478 -0.645515 
1 1 0 14.2447 0.1 4.13927 -1.06176 -3.59703 -1.06176 -3.59703 0.0341417 0.645396 0.0341417 -0.645396 
1 1 0 14.2497 0.1 4.14012 -1.06186 -3.59727 -1.06186 -3.59727 0.0343381 0.645277 0.0343381 -0.645277 
1 1 0 14.2547 0.1 4.14099 -1.06196 -3.59751 -1.06196 -3.59751 0.0345371 0.645157 0.0345371 -0.645157 
1 1 0 14.2597 0.1 4.14187 -1.06206 -3.59775 -1.06206 -3.59775 0.0347386 0.645037 0.0347386 -0.645037 
1 1 0 14.2647 0.1 4.14276 -1.06216 -3.59799 -1.06216 -3.59799 0.0349427 0.644917 0.0349427 -0.644917 
1 1 0 14.2697 0.1 4.14366 -1.06226 -3.59823 -1.06226 -3.59823 0.0351495 0.644797 0.0351495 -0.644797 
1 1 0 14.2747 0.1 4.14457 -1.06237 -3.59846 -1.06237 -3.59846 0.0353586 0.644677 0.0353586 -0.644677 
1 1 0 14.2797 0.1 4.14549 -1.06247 -3.5987 -1.06247 -3.5987 0.0355705 0.644556 0.0355705 -0.644556 
1 1 0 14.2847 0.1 4.14643 -1.06257 -3.59893 -1.06257 -3.59893 0.0357848 0.644435 0.0357848 -0.644435 
1 1 0 14.2897 0.1 4.14738 -1.06267 -3.59917 -1.06267 -3.59917 0.0360018 0.644314 0.0360018 -0.644314 
1 1 0 14.2947 0.1 4.14834 -1.06277 -3.5994 -1.06277 -3.5994 0.0362213 0.644193 0.0362213 -0.644193 
1 1 0 14.2997 0.1 4.14931 -1.06287 -3.59964 -1.06287 -3.59964 0.0364433 0.644071 0.0364433 -0.644071 
1 1 0 14.3047 0.1 4.15029 -1.06298 -3.59987 -1.06298 -3.59987 0.0366679 0.64395 0.0366679 -0.64395 
1 1 0 14.3096 0.1 4.15128 -1.06308 -3.6001 -1.06308 -3.6001 0.036895 0.643828 0.036895 -0.643828 
1 1 0 14.3146 0.1 4.15229 -1.06318 -3.60033 -1.06318 -3.60033 0.0371249 0.643706 0.0371249 -0.643706 
1 1 0 14.3196 0.1 4.1533 -1.06328 -3.60056 -1.06328 -3.60056 0.0373572 0.643583 0.0373572 -0.643583 
1 1 0 14.3246 0.1 4.15433 -1.06338 -3.60079 -1.06338 -3.60079 0.037592 0.643461 0.037592 -0.643461 
1 1 0 14.3296 0.1 4.15537 -1.06348 -3.60102 -1.06348 -3.60102 0.0378294 0.643338 0.0378294 -0.643338 
1 1 0 14.3346 0.1 4.15643 -1.06358 -3.60124 -1.06358 -3.60124 0.0380694 0.643215 0.0380694 -0.643215 
1 1 0 14.3396 0.1 4.15749 -1.06368 -3.60147 -1.06368 -3.60147 0.038312 0.643091 0.038312 -0.643091 
1 1 0 14.3446 0.1 4.15857 -1.06379 -3.6017 -1.06379 -3.6017 0.0385571 0.642968 0.0385571 -0.642968 
1 1 0 14.3496 0.1 4.15966 -1.06389 -3.60192 -1.06389 -3.60192 0.0388048 0.642844 0.0388048 -0.642844 
1 1 0 14.3546 0.1 4.16076 -1.06399 -3.60215 -1.06399 -3.60215 0.039055 0.64272 0.039055 -0.64272 
1 1 0 14.3596 0.1 4.16187 -1.06409 -3.60237 -1.06409 -3.60237 0.0393079 0.642596 0.0393079 -0.642596 
1 1 0 14.3646 0.1 4.163 -1.06419 -3.60259 -1.06419 -3.60259 0.0395633 0.642471 0.0395633 -0.642471 
1 1 0 14.3696 0.1 4.16413 -1.06429 -3.60281 -1.06429 -3.60281 0.0398213 0.642346 0.0398213 -0.642346 
1 1 0 14.3746 0.1 4.16528 -1.06439 -3.60303 -1.06439 -3.60303 0.0400818 0.642221 0.0400818 -0.642221 
1 1 0 14.3796 0.1 4.16644 -1.06449 -3.60325 -1.06449 -3.60325 0.0403449 0.642096 0.0403449 -0.642096 
1 1 0 14.3846 0.1 4.16762 -1.06459 -3.60347 -1.06459 -3.60347 0.0406106 0.64197 0.0406106 -0.64197 
1 1 0 14.3895 0.1 4.1688 -1.06469 -3.60369 -1.06469 -3.60369 0.0408788 0.641845 0.0408788 -0.641845 
1 1 0 14.3945 0.1 4.17 -1.0648 -3.60391 -1.0648 -3.60391 0.0411495 0.641718 0.0411495 -0.641718 
1 1 0 14.3995 0.1 4.17121 -1.0649 -3.60413 -1.0649 -3.60413 0.0414229 0.641592 0.0414229 -0.641592 
1 1 0 14.4045 0.1 4.17243 -1.065 -3.60434 -1.065 -3.60434 0.0416989 0.641465 0.0416989 -0.641465 
1 1 0 14.4095 0.1 4.17366 -1.0651 -3.60456 -1.0651 -3.60456 0.0419774 0.641338 0.0419774 -0.641338 
1 1 0 14.4145 0.1 4.17491 -1.0652 -3.60477 -1.0652 -3.60477 0.0422586 0.641211 0.0422586 -0.641211 
1 1 0 14.4195 0.1 4.17617 -1.0653 -3.60499 -1.0653 -3.60499 0.0425422 0.641084 0.0425422 -0.641084 
1 1 0 14.4245 0.1 4.17744 -1.0654 -3.6052 -1.0654 -3.6052 0.0428284 0.640956 0.0428284 -0.640956 
1 1 0 14.4295 0.1 4.17872 -1.0655 -3.60541 -1.0655 -3.60541 0.0431173 0.640828 0.0431173 -0.640828 
1 1 0 14.4345 0.1 4.18002 -1.0656 -3.60562 -1.0656 -3.60562 0.0434087 0.640699 0.0434087 -0.640699 
1 1 0 14.4395 0.1 4.18133 -1.0657 -3.60583 -1.0657 -3.60583 0.0437027 0.64057 0.0437027 -0.64057 
1 1 0 14.4445 0.1 4.18265 -1.0658 -3.60604 -1.0658 -3.60604 0.0439993 0.640441 0.0439993 -0.640441 
1 1 0 14.4495 0.1 4.18398 -1.0659 -3.60625 -1.0659 -3.60625 0.0442984 0.640312 0.0442984 -0.640312 
1 1 0 14.4545 0.1 4.18533 -1.066 -3.60646 -1.066 -3.60646 0.0446002 0.640182 0.0446002 -0.640182 
1 1 0 14.4595 0.1 4.18669 -1.0661 -3.60666 -1.0661 -3.60666 0.0449044 0.640052 0.0449044 -0.640052 
1 1 0 14.4645 0.1 4.18806 -1.0662 -3.60687 -1.0662 -3.60687 0.0452113 0.639922 0.0452113 -0.639922 
1 1 0 14.4695 0.1 4.18944 -1.0663 -3.60707 -1.0663 -3.60707 0.0455208 0.639791 0.0455208 -0.639791 
1 1 0 14.4745 0.1 4.19084 -1.0664 -3.60728 -1.0664 -3.60728 0.0458328 0.63966 0.0458328 -0.63966 
1 1 0 14.4795 0.1 4.19225 -1.0665 -3.60748 -1.0665 -3.60748 0.0461475 0.639529 0.0461475 -0.639529 
1 1 0 14.4844 0.1 4.19367 -1.0666 -3.60768 -1.0666 -3.60768 0.0464647 0.639397 0.0464647 -0.639397 
1 1 0 14.4894 0.1 4.19511 -1.0667 -3.60788 -1.0667 -3.60788 0.0467845 0.639265 0.0467845 -0.639265 
1 1 0 14.4944 0.1 4.19655 -1.0668 -3.60808 -1.0668 -3.60808 0.0471069 0.639133 0.0471069 -0.639133 
1 1 0 14.4994 0.1 4.19801 -1.0669 -3.60828 -1.0669 -3.60828 0.0474318 0.639 0.0474318 -0.639 
1 1 0 14.5044 0.1 4.19949 -1.067 -3.60848 -1.067 -3.60848 0.0477594 0.638867 0.0477594 -0.638867 
1 1 0 14.5094 0.1 4.20098 -1.0671 -3.60868 -1.0671 -3.60868 0.0480896 0.638733 0.0480896 -0.638733 
1 1 0 14.5144 0.1 4.20248 -1.0672 -3.60888 -1.0672 -3.60888 0.0484223 0.638599 0.0484223 -0.638599 
1 1 0 14.5194 0.1 4.20399 -1.0673 -3.60907 -1.0673 -3.60907 0.0487577 0.638465 0.0487577 -0.638465 
1 1 0 14.5244 0.1 4.20551 -1.0674 -3.60927 -1.0674 -3.60927 0.0490957 0.63833 0.0490957 -0.63833 
1 1 0 14.5294 0.1 4.20705 -1.0675 -3.60946 -1.0675 -3.60946 0.0494361 0.638196 0.0494361 -0.638196 
1 1 0 14.5344 0.1 4.20861 -1.0676 -3.60966 -1.0676 -3.60966 0.0497793 0.63806 0.0497793 -0.63806 
1 1 0 14.5394 0.1 4.21017 -1.0677 -3.60985 -1.0677 -3.60985 0.050125 0.637924 0.050125 -0.637924 
1 1 0 14.5444 0.1 4.21175 -1.0678 -3.61004 -1.0678 -3.61004 0.0504733 0.637788 0.0504733 -0.637788 
1 1 0 14.5494 0.1 4.21334 -1.0679 -3.61023 -1.0679 -3.61023 0.0508242 0.637652 0.0508242 -0.637652 
1 1 0 14.5544 0.1 4.21495 -1.068 -3.61042 -1.068 -3.61042 0.0511778 0.637515 0.0511778 -0.637515 
1 1 0 14.5594 0.1 4.21657 -1.0681 -3.61061 -1.0681 -3.61061 0.0515338 0.637377 0.0515338 -0.637377 
1 1 0 14.5644 0.1 4.2182 -1.0682 -3.6108 -1.0682 -3.6108 0.0518926 0.63724 0.0518926 -0.63724 
1 1 0 14.5694 0.1 4.21984 -1.0683 -3.61099 -1.0683 -3.61099 0.0522539 0.637102 0.0522539 -0.637102 
1 1 0 14.5744 0.1 4.2215 -1.0684 -3.61117 -1.0684 -3.61117 0.0526178 0.636963 0.0526178 -0.636963 
1 1 0 14.5794 0.1 4.22318 -1.0685 -3.61136 -1.0685 -3.61136 0.0529844 0.636824 0.0529844 -0.636824 
1 1 0 14.5844 0.1 4.22486 -1.06859 -3.61154 -1.06859 -3.61154 0.0533535 0.636684 0.0533535 -0.636684 
1 1 0 14.5893 0.1 4.22656 -1.06869 -3.61172 -1.06869 -3.61172 0.0537252 0.636545 0.0537252 -0.636545 
1 1 0 14.5943 0.1 4.22828 -1.06879 -3.61191 -1.06879 -3.61191 0.0540996 0.636404 0.0540996 -0.636404 
1 1 0 14.5993 0.1 4.23 -1.06889 -3.61209 -1.06889 -3.61209 0.0544765 0.636263 0.0544765 -0.636263 
1 1 0 14.6043 0.1 4.23175 -1.06899 -3.61227 -1.06899 -3.61227 0.0548561 0.636122 0.0548561 -0.636122 
1 1 0 14.6093 0.1 4.2335 -1.06909 -3.61245 -1.06909 -3.61245 0.0552383 0.63598 0.0552383 -0.63598 
1 1 0 14.6143 0.1 4.23527 -1.06919 -3.61263 -1.06919 -3.61263 0.055623 0.635838 0.055623 -0.635838 
1 1 0 14.6193 0.1 4.23705 -1.06929 -3.61281 -1.06929 -3.61281 0.0560105 0.635696 0.0560105 -0.635696 
1 1 0 14.6243 0.1 4.23885 -1.06939 -3.61298 -1.06939 -3.61298 0.0564005 0.635553 0.0564005 -0.635553 
1 1 0 14.6293 0.1 4.24066 -1.06949 -3.61316 -1.06949 -3.61316 0.0567932 0.635409 0.0567932 -0.635409 
1 1 0 14.6343 0.1 4.24248 -1.06958 -3.61333 -1.06958 -3.61333 0.0571884 0.635265 0.0571884 -0.635265 
1 1 0 14.6393 0.1 4.24432 -1.06968 -3.61351 -1.06968 -3.61351 0.0575863 0.63512 0.0575863 -0.63512 
1 1 0 14.6443 0.1 4.24618 -1.06978 -3.61368 -1.06978 -3.61368 0.0579869 0.634975 0.0579869 -0.634975 
1 1 0 14.6493 0.1 4.24804 -1.06988 -3.61385 -1.06988 -3.61385 0.05839 0.63483 0.05839 -0.63483 
1 1 0 14.6543 0.1 4.24993 -1.06998 -3.61402 -1.06998 -3.61402 0.0587958 0.634684 0.0587958 -0.634684 
1 1 0 14.6593 0.1 4.25182 -1.07008 -3.61419 -1.07008 -3.61419 0.0592042 0.634537 0.0592042 -0.634537 
1 1 0 14.6643 0.1 4.25373 -1.07018 -3.61436 -1.07018 -3.61436 0.0596152 0.63439 0.0596152 -0.63439 
1 1 0 14.6693 0.1 4.25566 -1.07028 -3.61453 -1.07028 -3.61453 0.0600288 0.634243 0.0600288 -0.634243 
1 1 0 14.6743 0.1 4.2576 -1.07037 -3.6147 -1.07037 -3.6147 0.0604451 0.634095 0.0604451 -0.634095 
1 1 0 14.6793 0.1 4.25955 -1.07047 -3.61486 -1.07047 -3.61486 0.060864 0.633946 0.060864 -0.633946 
1 1 0 14.6843 0.1 4.26152 -1.07057 -3.61503 -1.07057 -3.61503 0.0612856 0.633797 0.0612856 -0.633797 
1 1 0 14.6893 0.1 4.2635 -1.07067 -3.61519 -1.07067 -3.61519 0.0617098 0.633647 0.0617098 -0.633647 
1 1 0 14.6943 0.1 4.2655 -1.07077 -3.61536 -1.07077 -3.61536 0.0621366 0.633497 0.0621366 -0.633497 
1 1 0 14.6993 0.1 4.26751 -1.07087 -3.61552 -1.07087 -3.61552 0.0625661 0.633346 0.0625661 -0.633346 
1 1 0 14.7043 0.1 4.26954 -1.07096 -3.61568 -1.07096 -3.61568 0.0629982 0.633194 0.0629982 -0.633194 
1 1 0 14.7093 0.1 4.27158 -1.07106 -3.61584 -1.07106 -3.61584 0.063433 0.633043 0.063433 -0.633043 
1 1 0 14.7143 0.1 4.27364 -1.07116 -3.616 -1.07116 -3.616 0.0638704 0.63289 0.0638704 -0.63289 
1 1 0 14.7192 0.1 4.27571 -1.07126 -3.61616 -1.07126 -3.61616 0.0643104 0.632737 0.0643104 -0.632737 
1 1 0 14.7242 0.1 4.2778 -1.07136 -3.61632 -1.07136 -3.61632 0.0647531 0.632583 0.0647531 -0.632583 
1 1 0 14.7292 0.1 4.2799 -1.07145 -3.61647 -1.07145 -3.61647 0.0651985 0.632429 0.0651985 -0.632429 
1 1 0 14.7342 0.1 4.28202 -1.07155 -3.61663 -1.07155 -3.61663 0.0656465 0.632274 0.0656465 -0.632274 
1 1 0 14.7392 0.1 4.28415 -1.07165 -3.61678 -1.07165 -3.61678 0.0660971 0.632118 0.0660971 -0.632118 
1 1 0 14.7442 0.1 4.2863 -1.07175 -3.61693 -1.07175 -3.61693 0.0665505 0.631962 0.0665505 -0.631962 
1 1 0 14.7492 0.1 4.28847 -1.07185 -3.61709 -1.07185 -3.61709 0.0670064 0.631806 0.0670064 -0.631806 
1 1 0 14.7542 0.1 4.29065 -1.07194 -3.61724 -1.07194 -3.61724 0.0674651 0.631648 0.0674651 -0.631648 
1 1 0 14.7592 0.1 4.29284 -1.07204 -3.61739 -1.07204 -3.61739 0.0679263 0.63149 0.0679263 -0.63149 
1 1 0 14.7642 0.1 4.29505 -1.07214 -3.61754 -1.07214 -3.61754 0.0683903 0.631332 0.0683903 -0.631332 
1 1 0 14.7692 0.1 4.29728 -1.07224 -3.61768 -1.07224 -3.61768 0.0688569 0.631172 0.0688569 -0.631172 
1 1 0 14.7742 0.1 4.29952 -1.07233 -3.61783 -1.07233 -3.61783 0.0693263 0.631012 0.0693263 -0.631012 
1 1 0 14.7792 0.1 4.30177 -1.07243 -3.61798 -1.07243 -3.61798 0.0697982 0.630852 0.0697982 -0.630852 
1 1 0 14.7842 0.1 4.30405 -1.07253 -3.61812 -1.07253 -3.61812 0.0702729 0.630691 0.0702729 -0.630691 
1 1 0 14.7892 0.1 4.30634 -1.07263 -3.61827 -1.07263 -3.61827 0.0707502 0.630529 0.0707502 -0.630529 
1 1 0 14.7942 0.1 4.30864 -1.07273 -3.61841 -1.07273 -3.61841 0.0712302 0.630366 0.0712302 -0.630366 
1 1 0 14.7992 0.1 4.31096 -1.07282 -3.61855 -1.07282 -3.61855 0.0717129 0.630203 0.0717129 -0.630203 
1 1 0 14.8042 0.1 4.3133 -1.07292 -3.61869 -1.07292 -3.61869 0.0721982 0.630039 0.0721982 -0.630039 
1 1 0 14.8092 0.1 4.31565 -1.07302 -3.61883 -1.07302 -3.61883 0.0726863 0.629874 0.0726863 -0.629874 
1 1 0 14.8142 0.1 4.31802 -1.07311 -3.61897 -1.07311 -3.61897 0.0731769 0.629709 0.0731769 -0.629709 
1 1 0 14.8192 0.1 4.32041 -1.07321 -3.61911 -1.07321 -3.61911 0.0736704 0.629543 0.0736704 -0.629543 
1 1 0 14.8242 0.1 4.32281 -1.07331 -3.61924 -1.07331 -3.61924 0.0741665 0.629376 0.0741665 -0.629376 
1 1 0 14.8292 0.1 4.32523 -1.07341 -3.61938 -1.07341 -3.61938 0.0746653 0.629208 0.0746653 -0.629208 
1 1 0 14.8342 0.1 4.32766 -1.0735 -3.61951 -1.0735 -3.61951 0.0751669 0.62904 0.0751669 -0.62904 
1 1 0 14.8392 0.1 4.33011 -1.0736 -3.61965 -1.0736 -3.61965 0.0756711 0.628871 0.0756711 -0.628871 
1 1 0 14.8442 0.1 4.33258 -1.0737 -3.61978 -1.0737 -3.61978 0.076178 0.628702 0.076178 -0.628702 
1 1 0 14.8492 0.1 4.33507 -1.07379 -3.61991 -1.07379 -3.61991 0.0766875 0.628531 0.0766875 -0.628531 
1 1 0 14.8542 0.1 4.33757 -1.07389 -3.62004 -1.07389 -3.62004 0.0771998 0.62836 0.0771998 -0.62836 
1 1 0 14.8592 0.1 4.34009 -1.07399 -3.62017 -1.07399 -3.62017 0.0777149 0.628188 0.0777149 -0.628188 
1 1 0 14.8642 0.1 4.34262 -1.07409 -3.62029 -1.07409 -3.62029 0.0782326 0.628015 0.0782326 -0.628015 
1 1 0 14.8692 0.1 4.34518 -1.07418 -3.62042 -1.07418 -3.62042 0.078753 0.627841 0.078753 -0.627841 
1 1 0 14.8742 0.1 4.34775 -1.07428 -3.62055 -1.07428 -3.62055 0.0792762 0.627667 0.0792762 -0.627667 
1 1 0 14.8792 0.1 4.35034 -1.07438 -3.62067 -1.07438 -3.62067 0.0798021 0.627492 0.0798021 -0.627492 
1 1 0 14.8841 0.1 4.35294 -1.07447 -3.62079 -1.07447 -3.62079 0.0803307 0.627316 0.0803307 -0.627316 
1 1 0 14.8891 0.1 4.35556 -1.07457 -3.62092 -1.07457 -3.62092 0.080862 0.627139 0.080862 -0.627139 
1 1 0 14.8941 0.1 4.3582 -1.07467 -3.62104 -1.07467 -3.62104 0.081396 0.626961 0.081396 -0.626961 
1 1 0 14.8991 0.1 4.36086 -1.07476 -3.62116 -1.07476 -3.62116 0.0819327 0.626783 0.0819327 -0.626783 
1 1 0 14.9041 0.1 4.36353 -1.07486 -3.62128 -1.07486 -3.62128 0.0824723 0.626604 0.0824723 -0.626604 
1 1 0 14.9091 0.1 4.36623 -1.07496 -3.62139 -1.07496 -3.62139 0.0830146 0.626423 0.0830146 -0.626423 
1 1 0 14.9141 0.1 4.36894 -1.07505 -3.62151 -1.07505 -3.62151 0.0835595 0.626242 0.0835595 -0.626242 
1 1 0 14.9191 0.1 4.37166 -1.07515 -3.62162 -1.07515 -3.62162 0.0841072 0.62606 0.0841072 -0.62606 
1 1 0 14.9241 0.1 4.37441 -1.07525 -3.62174 -1.07525 -3.62174 0.0846578 0.625878 0.0846578 -0.625878 
1 1 0 14.9291 0.1 4.37718 -1.07534 -3.62185 -1.07534 -3.62185 0.0852109 0.625694 0.0852109 -0.625694 
1 1 0 14.9341 0.1 4.37996 -1.07544 -3.62196 -1.07544 -3.62196 0.0857668 0.625509 0.0857668 -0.625509 
1 1 0 14.9391 0.1 4.38276 -1.07553 -3.62207 -1.07553 -3.62207 0.0863256 0.625324 0.0863256 -0.625324 
1 1 0 14.9441 0.1 4.38558 -1.07563 -3.62218 -1.07563 -3.62218 0.086887 0.625138 0.086887 -0.625138 
1 1 0 14.9491 0.1 4.38842 -1.07573 -3.62229 -1.07573 -3.62229 0.0874513 0.62495 0.0874513 -0.62495 
1 1 0 14.9541 0.1 4.39127 -1.07582 -3.6224 -1.07582 -3.6224 0.0880183 0.624762 0.0880183 -0.624762 
1 1 0 14.9591 0.1 4.39415 -1.07592 -3.6225 -1.07592 -3.6225 0.0885881 0.624573 0.0885881 -0.624573 
