2 1 0 22.82 0.1 0 -1.29208 -3.69134 -1.29208 -3.69134 1 0 0.980199 0
1 1 0 22.82 0.1 5.33199 -1.29208 -3.69134 -1.29208 -3.69134 0.24075 0.581711 0.24075 -0.581711
1 1 0 22.82 0.1 5.33199 -1.29208 -3.69134 -1.29208 -3.69134 0.24075 0.581711 0.24075 -0.581711
1 1 0 22.82 0.1 5.33199 -1.29208 -3.69134 -1.29208 -3.69134 0.24075 0.581711 0.24075 -0.581711
1 1 0 22.82 0.1 5.33199 -1.29208 -3.69134 -1.29208 -3.69134 0.24075 0.581711 0.24075 -0.581711
1 1 0 22.82 0.1 5.33199 -1.29208 -3.69134 -1.29208 -3.69134 0.24075 0.581711 0.24075 -0.581711
1 1 0 22.82 0.1 5.33199 -1.29208 -3.69134 -1.29208 -3.69134 0.240751 0.581711 0.240751 -0.581711
1 1 0 22.82 0.1 5.33199 -1.29208 -3.69134 -1.29208 -3.69134 0.240751 0.581711 0.240751 -0.581711
1 1 0 22.8199 0.1 5.332 -1.29208 -3.69133 -1.29208 -3.69133 0.240752 0.581711 0.240752 -0.581711
1 1 0 22.8199 0.1 5.33201 -1.29208 -3.69133 -1.29208 -3.69133 0.240753 0.581712 0.240753 -0.581712
1 1 0 22.8198 0.1 5.33202 -1.29208 -3.69133 -1.29208 -3.69133 0.240755 0.581712 0.240755 -0.581712
1 1 0 22.8197 0.1 5.33204 -1.29207 -3.69132 -1.29207 -3.69132 0.240758 0.581713 0.240758 -0.581713
1 1 0 22.8195 0.1 5.33207 -1.29207 -3.69131 -1.29207 -3.69131 0.240763 0.581714 0.240763 -0.581714
1 1 0 22.8192 0.1 5.33211 -1.29207 -3.6913 -1.29207 -3.6913 0.24077 0.581715 0.24077 -0.581715
1 1 0 22.8187 0.1 5.33217 -1.29206 -3.69128 -1.29206 -3.69128 0.24078 0.581718 0.24078 -0.581718
1 1 0 22.8181 0.1 5.33226 -1.29205 -3.69125 -1.29205 -3.69125 0.240795 0.581722 0.240795 -0.581722
1 1 0 22.8171 0.1 5.3324 -1.29204 -3.6912 -1.29204 -3.6912 0.240818 0.581727 0.240818 -0.581727
1 1 0 22.8156 0.1 5.3326 -1.29203 -3.69113 -1.29203 -3.69113 0.240853 0.581735 0.240853 -0.581735
1 1 0 22.8134 0.1 5.33292 -1.292 -3.69103 -1.292 -3.69103 0.240905 0.581748 0.240905 -0.581748
1 1 0 22.8101 0.1 5.33339 -1.29196 -3.69087 -1.29196 -3.69087 0.240983 0.581766 0.240983 -0.581766
1 1 0 22.8051 0.1 5.33409 -1.2919 -3.69064 -1.2919 -3.69064 0.241101 0.581794 0.241101 -0.581794
1 1 0 22.8001 0.1 5.33481 -1.29184 -3.6904 -1.29184 -3.6904 0.24122 0.581821 0.24122 -0.581821
1 1 0 22.7951 0.1 5.33553 -1.29178 -3.69016 -1.29178 -3.69016 0.24134 0.581848 0.24134 -0.581848
1 1 0 22.7901 0.1 5.33625 -1.29172 -3.68993 -1.29172 -3.68993 0.24146 0.581875 0.24146 -0.581875
1 1 0 22.7851 0.1 5.33698 -1.29166 -3.68969 -1.29166 -3.68969 0.241581 0.581902 0.241581 -0.581902
1 1 0 22.7801 0.1 5.33772 -1.2916 -3.68945 -1.2916 -3.68945 0.241702 0.581928 0.241702 -0.581928
1 1 0 22.7751 0.1 5.33845 -1.29154 -3.68922 -1.29154 -3.68922 0.241824 0.581954 0.241824 -0.581954
1 1 0 22.7702 0.1 5.3392 -1.29148 -3.68898 -1.29148 -3.68898 0.241947 0.58198 0.241947 -0.58198
1 1 0 22.7652 0.1 5.33995 -1.29142 -3.68874 -1.29142 -3.68874 0.24207 0.582005 0.24207 -0.582005
1 1 0 22.7602 0.1 5.3407 -1.29136 -3.6885 -1.29136 -3.6885 0.242193 0.58203 0.242193 -0.58203
1 1 0 22.7552 0.1 5.34146 -1.2913 -3.68827 -1.2913 -3.68827 0.242318 0.582055 0.242318 -0.582055
1 1 0 22.7502 0.1 5.34222 -1.29124 -3.68803 -1.29124 -3.68803 0.242443 0.58208 0.242443 -0.58208
1 1 0 22.7452 0.1 5.34299 -1.29118 -3.68779 -1.29118 -3.68779 0.242568 0.582105 0.242568 -0.582105
1 1 0 22.7402 0.1 5.34376 -1.29112 -3.68755 -1.29112 -3.68755 0.242694 0.582129 0.242694 -0.582129
1 1 0 22.7352 0.1 5.34453 -1.29106 -3.68731 -1.29106 -3.68731 0.242821 0.582153 0.242821 -0.582153
1 1 0 22.7302 0.1 5.34531 -1.291 -3.68707 -1.291 -3.68707 0.242948 0.582176 0.242948 -0.582176
1 1 0 22.7252 0.1 5.3461 -1.29094 -3.68683 -1.29094 -3.68683 0.243076 0.5822 0.243076 -0.5822
1 1 0 22.7202 0.1 5.34689 -1.29088 -3.68659 -1.29088 -3.68659 0.243205 0.582223 0.243205 -0.582223
1 1 0 22.7152 0.1 5.34769 -1.29082 -3.68635 -1.29082 -3.68635 0.243334 0.582246 0.243334 -0.582246
1 1 0 22.7102 0.1 5.34849 -1.29076 -3.68611 -1.29076 -3.68611 0.243464 0.582268 0.243464 -0.582268
1 1 0 22.7052 0.1 5.34929 -1.2907 -3.68587 -1.2907 -3.68587 0.243594 0.582291 0.243594 -0.582291
1 1 0 22.7002 0.1 5.3501 -1.29064 -3.68563 -1.29064 -3.68563 0.243725 0.582313 0.243725 -0.582313
1 1 0 22.6952 0.1 5.35092 -1.29058 -3.68539 -1.29058 -3.68539 0.243856 0.582334 0.243856 -0.582334
1 1 0 22.6902 0.1 5.35174 -1.29052 -3.68515 -1.29052 -3.68515 0.243989 0.582356 0.243989 -0.582356
1 1 0 22.6853 0.1 5.35256 -1.29046 -3.68491 -1.29046 -3.68491 0.244121 0.582377 0.244121 -0.582377
1 1 0 22.6803 0.1 5.35339 -1.2904 -3.68467 -1.2904 -3.68467 0.244255 0.582398 0.244255 -0.582398
1 1 0 22.6753 0.1 5.35423 -1.29034 -3.68443 -1.29034 -3.68443 0.244389 0.582419 0.244389 -0.582419
1 1 0 22.6703 0.1 5.35507 -1.29028 -3.68419 -1.29028 -3.68419 0.244523 0.582439 0.244523 -0.582439
1 1 0 22.6653 0.1 5.35591 -1.29022 -3.68395 -1.29022 -3.68395 0.244658 0.582459 0.244658 -0.582459
1 1 0 22.6603 0.1 5.35676 -1.29016 -3.68371 -1.29016 -3.68371 0.244794 0.582479 0.244794 -0.582479
1 1 0 22.6553 0.1 5.35761 -1.2901 -3.68346 -1.2901 -3.68346 0.24493 0.582499 0.24493 -0.582499
1 1 0 22.6503 0.1 5.35847 -1.29004 -3.68322 -1.29004 -3.68322 0.245067 0.582518 0.245067 -0.582518
1 1 0 22.6453 0.1 5.35933 -1.28998 -3.68298 -1.28998 -3.68298 0.245205 0.582537 0.245205 -0.582537
1 1 0 22.6403 0.1 5.3602 -1.28992 -3.68274 -1.28992 -3.68274 0.245343 0.582556 0.245343 -0.582556
1 1 0 22.6353 0.1 5.36107 -1.28986 -3.68249 -1.28986 -3.68249 0.245482 0.582575 0.245482 -0.582575
1 1 0 22.6303 0.1 5.36195 -1.2898 -3.68225 -1.2898 -3.68225 0.245621 0.582593 0.245621 -0.582593
1 1 0 22.6253 0.1 5.36284 -1.28974 -3.68201 -1.28974 -3.68201 0.245761 0.582611 0.245761 -0.582611
1 1 0 22.6203 0.1 5.36372 -1.28968 -3.68176 -1.28968 -3.68176 0.245902 0.582629 0.245902 -0.582629
1 1 0 22.6153 0.1 5.36462 -1.28962 -3.68152 -1.28962 -3.68152 0.246043 0.582646 0.246043 -0.582646
1 1 0 22.6103 0.1 5.36551 -1.28956 -3.68128 -1.28956 -3.68128 0.246185 0.582663 0.246185 -0.582663
1 1 0 22.6054 0.1 5.36642 -1.2895 -3.68103 -1.2895 -3.68103 0.246327 0.58268 0.246327 -0.58268
1 1 0 22.6004 0.1 5.36732 -1.28944 -3.68079 -1.28944 -3.68079 0.24647 0.582697 0.24647 -0.582697
1 1 0 22.5954 0.1 5.36824 -1.28938 -3.68054 -1.28938 -3.68054 0.246613 0.582713 0.246613 -0.582713
1 1 0 22.5904 0.1 5.36915 -1.28932 -3.6803 -1.28932 -3.6803 0.246758 0.582729 0.246758 -0.582729
1 1 0 22.5854 0.1 5.37008 -1.28926 -3.68005 -1.28926 -3.68005 0.246902 0.582745 0.246902 -0.582745
1 1 0 22.5804 0.1 5.371 -1.2892 -3.67981 -1.2892 -3.67981 0.247048 0.58276 0.247048 -0.58276
1 1 0 22.5754 0.1 5.37193 -1.28914 -3.67956 -1.28914 -3.67956 0.247194 0.582775 0.247194 -0.582775
1 1 0 22.5704 0.1 5.37287 -1.28908 -3.67932 -1.28908 -3.67932 0.24734 0.58279 0.24734 -0.58279
1 1 0 22.5654 0.1 5.37381 -1.28902 -3.67907 -1.28902 -3.67907 0.247488 0.582805 0.247488 -0.582805
1 1 0 22.5604 0.1 5.37476 -1.28896 -3.67883 -1.28896 -3.67883 0.247635 0.582819 0.247635 -0.582819
1 1 0 22.5554 0.1 5.37571 -1.2889 -3.67858 -1.2889 -3.67858 0.247784 0.582833 0.247784 -0.582833
1 1 0 22.5504 0.1 5.37667 -1.28883 -3.67834 -1.28883 -3.67834 0.247933 0.582847 0.247933 -0.582847
1 1 0 22.5454 0.1 5.37763 -1.28877 -3.67809 -1.28877 -3.67809 0.248083 0.58286 0.248083 -0.58286
1 1 0 22.5404 0.1 5.3786 -1.28871 -3.67784 -1.28871 -3.67784 0.248233 0.582874 0.248233 -0.582874
1 1 0 22.5354 0.1 5.37957 -1.28865 -3.6776 -1.28865 -3.6776 0.248384 0.582887 0.248384 -0.582887
1 1 0 22.5305 0.1 5.38055 -1.28859 -3.67735 -1.28859 -3.67735 0.248535 0.582899 0.248535 -0.582899
1 1 0 22.5255 0.1 5.38153 -1.28853 -3.6771 -1.28853 -3.6771 0.248687 0.582912 0.248687 -0.582912
1 1 0 22.5205 0.1 5.38252 -1.28847 -3.67685 -1.28847 -3.67685 0.24884 0.582924 0.24884 -0.582924
1 1 0 22.5155 0.1 5.38351 -1.28841 -3.67661 -1.28841 -3.67661 0.248993 0.582935 0.248993 -0.582935
1 1 0 22.5105 0.1 5.38451 -1.28835 -3.67636 -1.28835 -3.67636 0.249147 0.582947 0.249147 -0.582947
1 1 0 22.5055 0.1 5.38551 -1.28829 -3.67611 -1.28829 -3.67611 0.249302 0.582958 0.249302 -0.582958
1 1 0 22.5005 0.1 5.38652 -1.28823 -3.67586 -1.28823 -3.67586 0.249457 0.582969 0.249457 -0.582969
1 1 0 22.4955 0.1 5.38753 -1.28817 -3.67561 -1.28817 -3.67561 0.249613 0.58298 0.249613 -0.58298
1 1 0 22.4905 0.1 5.38855 -1.28811 -3.67537 -1.28811 -3.67537 0.249769 0.58299 0.249769 -0.58299
1 1 0 22.4855 0.1 5.38957 -1.28805 -3.67512 -1.28805 -3.67512 0.249926 0.583 0.249926 -0.583
1 1 0 22.4805 0.1 5.3906 -1.28799 -3.67487 -1.28799 -3.67487 0.250083 0.58301 0.250083 -0.58301
1 1 0 22.4755 0.1 5.39163 -1.28793 -3.67462 -1.28793 -3.67462 0.250242 0.583019 0.250242 -0.583019
1 1 0 22.4705 0.1 5.39267 -1.28787 -3.67437 -1.28787 -3.67437 0.2504 0.583028 0.2504 -0.583028
1 1 0 22.4655 0.1 5.39371 -1.28781 -3.67412 -1.28781 -3.67412 0.25056 0.583037 0.25056 -0.583037
1 1 0 22.4605 0.1 5.39476 -1.28775 -3.67387 -1.28775 -3.67387 0.25072 0.583046 0.25072 -0.583046
1 1 0 22.4555 0.1 5.39581 -1.28769 -3.67362 -1.28769 -3.67362 0.25088 0.583054 0.25088 -0.583054
1 1 0 22.4506 0.1 5.39687 -1.28763 -3.67337 -1.28763 -3.67337 0.251042 0.583062 0.251042 -0.583062
1 1 0 22.4456 0.1 5.39793 -1.28757 -3.67312 -1.28757 -3.67312 0.251204 0.58307 0.251204 -0.58307
1 1 0 22.4406 0.1 5.399 -1.28751 -3.67287 -1.28751 -3.67287 0.251366 0.583077 0.251366 -0.583077
1 1 0 22.4356 0.1 5.40007 -1.28744 -3.67262 -1.28744 -3.67262 0.251529 0.583084 0.251529 -0.583084
1 1 0 22.4306 0.1 5.40115 -1.28738 -3.67237 -1.28738 -3.67237 0.251693 0.583091 0.251693 -0.583091
1 1 0 22.4256 0.1 5.40224 -1.28732 -3.67212 -1.28732 -3.67212 0.251857 0.583097 0.251857 -0.583097
1 1 0 22.4206 0.1 5.40333 -1.28726 -3.67186 -1.28726 -3.67186 0.252022 0.583104 0.252022 -0.583104
1 1 0 22.4156 0.1 5.40442 -1.2872 -3.67161 -1.2872 -3.67161 0.252187 0.583109 0.252187 -0.583109
1 1 0 22.4106 0.1 5.40552 -1.28714 -3.67136 -1.28714 -3.67136 0.252354 0.583115 0.252354 -0.583115
1 1 0 22.4056 0.1 5.40663 -1.28708 -3.67111 -1.28708 -3.67111 0.25252 0.58312 0.25252 -0.58312
1 1 0 22.4006 0.1 5.40774 -1.28702 -3.67086 -1.28702 -3.67086 0.252688 0.583125 0.252688 -0.583125
1 1 0 22.3956 0.1 5.40885 -1.28696 -3.6706 -1.28696 -3.6706 0.252856 0.58313 0.252856 -0.58313
1 1 0 22.3906 0.1 5.40997 -1.2869 -3.67035 -1.2869 -3.67035 0.253024 0.583134 0.253024 -0.583134
1 1 0 22.3856 0.1 5.4111 -1.28684 -3.6701 -1.28684 -3.6701 0.253194 0.583139 0.253194 -0.583139
1 1 0 22.3806 0.1 5.41223 -1.28678 -3.66985 -1.28678 -3.66985 0.253363 0.583142 0.253363 -0.583142
1 1 0 22.3757 0.1 5.41337 -1.28672 -3.66959 -1.28672 -3.66959 0.253534 0.583146 0.253534 -0.583146
1 1 0 22.3707 0.1 5.41451 -1.28666 -3.66934 -1.28666 -3.66934 0.253705 0.583149 0.253705 -0.583149
1 1 0 22.3657 0.1 5.41565 -1.2866 -3.66909 -1.2866 -3.66909 0.253877 0.583152 0.253877 -0.583152
1 1 0 22.3607 0.1 5.41681 -1.28654 -3.66883 -1.28654 -3.66883 0.254049 0.583154 0.254049 -0.583154
1 1 0 22.3557 0.1 5.41796 -1.28647 -3.66858 -1.28647 -3.66858 0.254222 0.583157 0.254222 -0.583157
1 1 0 22.3507 0.1 5.41913 -1.28641 -3.66832 -1.28641 -3.66832 0.254395 0.583159 0.254395 -0.583159
1 1 0 22.3457 0.1 5.42029 -1.28635 -3.66807 -1.28635 -3.66807 0.25457 0.58316 0.25457 -0.58316
1 1 0 22.3407 0.1 5.42147 -1.28629 -3.66781 -1.28629 -3.66781 0.254744 0.583162 0.254744 -0.583162
1 1 0 22.3357 0.1 5.42265 -1.28623 -3.66756 -1.28623 -3.66756 0.25492 0.583163 0.25492 -0.583163
1 1 0 22.3307 0.1 5.42383 -1.28617 -3.6673 -1.28617 -3.6673 0.255096 0.583163 0.255096 -0.583163
1 1 0 22.3257 0.1 5.42502 -1.28611 -3.66705 -1.28611 -3.66705 0.255272 0.583164 0.255272 -0.583164
1 1 0 22.3207 0.1 5.42621 -1.28605 -3.66679 -1.28605 -3.66679 0.25545 0.583164 0.25545 -0.583164
1 1 0 22.3157 0.1 5.42741 -1.28599 -3.66654 -1.28599 -3.66654 0.255628 0.583164 0.255628 -0.583164
1 1 0 22.3107 0.1 5.42862 -1.28593 -3.66628 -1.28593 -3.66628 0.255806 0.583163 0.255806 -0.583163
1 1 0 22.3058 0.1 5.42983 -1.28587 -3.66603 -1.28587 -3.66603 0.255985 0.583162 0.255985 -0.583162
1 1 0 22.3008 0.1 5.43105 -1.28581 -3.66577 -1.28581 -3.66577 0.256165 0.583161 0.256165 -0.583161
1 1 0 22.2958 0.1 5.43227 -1.28575 -3.66551 -1.28575 -3.66551 0.256345 0.583159 0.256345 -0.583159
1 1 0 22.2908 0.1 5.43349 -1.28568 -3.66526 -1.28568 -3.66526 0.256526 0.583158 0.256526 -0.583158
1 1 0 22.2858 0.1 5.43473 -1.28562 -3.665 -1.28562 -3.665 0.256708 0.583156 0.256708 -0.583156
1 1 0 22.2808 0.1 5.43596 -1.28556 -3.66474 -1.28556 -3.66474 0.25689 0.583153 0.25689 -0.583153
1 1 0 22.2758 0.1 5.43721 -1.2855 -3.66449 -1.2855 -3.66449 0.257073 0.58315 0.257073 -0.58315
1 1 0 22.2708 0.1 5.43846 -1.28544 -3.66423 -1.28544 -3.66423 0.257256 0.583147 0.257256 -0.583147
1 1 0 22.2658 0.1 5.43971 -1.28538 -3.66397 -1.28538 -3.66397 0.25744 0.583144 0.25744 -0.583144
1 1 0 22.2608 0.1 5.44097 -1.28532 -3.66371 -1.28532 -3.66371 0.257625 0.58314 0.257625 -0.58314
1 1 0 22.2558 0.1 5.44224 -1.28526 -3.66346 -1.28526 -3.66346 0.25781 0.583136 0.25781 -0.583136
1 1 0 22.2508 0.1 5.44351 -1.2852 -3.6632 -1.2852 -3.6632 0.257996 0.583132 0.257996 -0.583132
1 1 0 22.2458 0.1 5.44478 -1.28514 -3.66294 -1.28514 -3.66294 0.258183 0.583127 0.258183 -0.583127
1 1 0 22.2408 0.1 5.44606 -1.28508 -3.66268 -1.28508 -3.66268 0.25837 0.583122 0.25837 -0.583122
1 1 0 22.2358 0.1 5.44735 -1.28501 -3.66242 -1.28501 -3.66242 0.258558 0.583117 0.258558 -0.583117
1 1 0 22.2309 0.1 5.44864 -1.28495 -3.66216 -1.28495 -3.66216 0.258746 0.583111 0.258746 -0.583111
1 1 0 22.2259 0.1 5.44994 -1.28489 -3.66191 -1.28489 -3.66191 0.258935 0.583105 0.258935 -0.583105
1 1 0 22.2209 0.1 5.45124 -1.28483 -3.66165 -1.28483 -3.66165 0.259125 0.583099 0.259125 -0.583099
1 1 0 22.2159 0.1 5.45255 -1.28477 -3.66139 -1.28477 -3.66139 0.259315 0.583092 0.259315 -0.583092
1 1 0 22.2109 0.1 5.45387 -1.28471 -3.66113 -1.28471 -3.66113 0.259506 0.583085 0.259506 -0.583085
1 1 0 22.2059 0.1 5.45519 -1.28465 -3.66087 -1.28465 -3.66087 0.259698 0.583078 0.259698 -0.583078
1 1 0 22.2009 0.1 5.45651 -1.28459 -3.66061 -1.28459 -3.66061 0.25989 0.58307 0.25989 -0.58307
1 1 0 22.1959 0.1 5.45785 -1.28453 -3.66035 -1.28453 -3.66035 0.260083 0.583062 0.260083 -0.583062
1 1 0 22.1909 0.1 5.45918 -1.28447 -3.66009 -1.28447 -3.66009 0.260276 0.583054 0.260276 -0.583054
1 1 0 22.1859 0.1 5.46053 -1.28441 -3.65983 -1.28441 -3.65983 0.260471 0.583046 0.260471 -0.583046
1 1 0 22.1809 0.1 5.46187 -1.28434 -3.65957 -1.28434 -3.65957 0.260665 0.583037 0.260665 -0.583037
1 1 0 22.1759 0.1 5.46323 -1.28428 -3.6593 -1.28428 -3.6593 0.260861 0.583027 0.260861 -0.583027
1 1 0 22.1709 0.1 5.46459 -1.28422 -3.65904 -1.28422 -3.65904 0.261057 0.583018 0.261057 -0.583018
1 1 0 22.1659 0.1 5.46595 -1.28416 -3.65878 -1.28416 -3.65878 0.261253 0.583008 0.261253 -0.583008
1 1 0 22.161 0.1 5.46732 -1.2841 -3.65852 -1.2841 -3.65852 0.26145 0.582998 0.26145 -0.582998
1 1 0 22.156 0.1 5.4687 -1.28404 -3.65826 -1.28404 -3.65826 0.261648 0.582987 0.261648 -0.582987
1 1 0 22.151 0.1 5.47008 -1.28398 -3.658 -1.28398 -3.658 0.261847 0.582976 0.261847 -0.582976
1 1 0 22.146 0.1 5.47147 -1.28392 -3.65773 -1.28392 -3.65773 0.262046 0.582965 0.262046 -0.582965
1 1 0 22.141 0.1 5.47286 -1.28386 -3.65747 -1.28386 -3.65747 0.262245 0.582953 0.262245 -0.582953
1 1 0 22.136 0.1 5.47426 -1.2838 -3.65721 -1.2838 -3.65721 0.262446 0.582941 0.262446 -0.582941
1 1 0 22.131 0.1 5.47567 -1.28373 -3.65695 -1.28373 -3.65695 0.262647 0.582929 0.262647 -0.582929
1 1 0 22.126 0.1 5.47708 -1.28367 -3.65668 -1.28367 -3.65668 0.262848 0.582916 0.262848 -0.582916
1 1 0 22.121 0.1 5.4785 -1.28361 -3.65642 -1.28361 -3.65642 0.263051 0.582903 0.263051 -0.582903
1 1 0 22.116 0.1 5.47992 -1.28355 -3.65616 -1.28355 -3.65616 0.263253 0.58289 0.263253 -0.58289
1 1 0 22.111 0.1 5.48135 -1.28349 -3.65589 -1.28349 -3.65589 0.263457 0.582876 0.263457 -0.582876
1 1 0 22.106 0.1 5.48278 -1.28343 -3.65563 -1.28343 -3.65563 0.263661 0.582862 0.263661 -0.582862
1 1 0 22.101 0.1 5.48422 -1.28337 -3.65537 -1.28337 -3.65537 0.263866 0.582848 0.263866 -0.582848
1 1 0 22.0961 0.1 5.48567 -1.28331 -3.6551 -1.28331 -3.6551 0.264071 0.582833 0.264071 -0.582833
1 1 0 22.0911 0.1 5.48712 -1.28325 -3.65484 -1.28325 -3.65484 0.264277 0.582818 0.264277 -0.582818
1 1 0 22.0861 0.1 5.48857 -1.28318 -3.65457 -1.28318 -3.65457 0.264484 0.582803 0.264484 -0.582803
1 1 0 22.0811 0.1 5.49004 -1.28312 -3.65431 -1.28312 -3.65431 0.264691 0.582787 0.264691 -0.582787
1 1 0 22.0761 0.1 5.49151 -1.28306 -3.65405 -1.28306 -3.65405 0.264899 0.582771 0.264899 -0.582771
1 1 0 22.0711 0.1 5.49298 -1.283 -3.65378 -1.283 -3.65378 0.265108 0.582754 0.265108 -0.582754
1 1 0 22.0661 0.1 5.49446 -1.28294 -3.65351 -1.28294 -3.65351 0.265317 0.582738 0.265317 -0.582738
1 1 0 22.0611 0.1 5.49595 -1.28288 -3.65325 -1.28288 -3.65325 0.265527 0.582721 0.265527 -0.582721
1 1 0 22.0561 0.1 5.49744 -1.28282 -3.65298 -1.28282 -3.65298 0.265737 0.582703 0.265737 -0.582703
1 1 0 22.0511 0.1 5.49894 -1.28276 -3.65272 -1.28276 -3.65272 0.265948 0.582685 0.265948 -0.582685
1 1 0 22.0461 0.1 5.50044 -1.28269 -3.65245 -1.28269 -3.65245 0.26616 0.582667 0.26616 -0.582667
1 1 0 22.0411 0.1 5.50195 -1.28263 -3.65219 -1.28263 -3.65219 0.266372 0.582648 0.266372 -0.582648
1 1 0 22.0361 0.1 5.50347 -1.28257 -3.65192 -1.28257 -3.65192 0.266585 0.58263 0.266585 -0.58263
1 1 0 22.0311 0.1 5.50499 -1.28251 -3.65165 -1.28251 -3.65165 0.266799 0.58261 0.266799 -0.58261
1 1 0 22.0262 0.1 5.50652 -1.28245 -3.65139 -1.28245 -3.65139 0.267013 0.582591 0.267013 -0.582591
1 1 0 22.0212 0.1 5.50805 -1.28239 -3.65112 -1.28239 -3.65112 0.267228 0.582571 0.267228 -0.582571
1 1 0 22.0162 0.1 5.50959 -1.28233 -3.65085 -1.28233 -3.65085 0.267444 0.58255 0.267444 -0.58255
1 1 0 22.0112 0.1 5.51114 -1.28227 -3.65059 -1.28227 -3.65059 0.26766 0.58253 0.26766 -0.58253
1 1 0 22.0062 0.1 5.51269 -1.2822 -3.65032 -1.2822 -3.65032 0.267877 0.582509 0.267877 -0.582509
1 1 0 22.0012 0.1 5.51425 -1.28214 -3.65005 -1.28214 -3.65005 0.268094 0.582487 0.268094 -0.582487
1 1 0 21.9962 0.1 5.51581 -1.28208 -3.64978 -1.28208 -3.64978 0.268312 0.582465 0.268312 -0.582465
1 1 0 21.9912 0.1 5.51738 -1.28202 -3.64951 -1.28202 -3.64951 0.268531 0.582443 0.268531 -0.582443
1 1 0 21.9862 0.1 5.51896 -1.28196 -3.64925 -1.28196 -3.64925 0.26875 0.582421 0.26875 -0.582421
1 1 0 21.9812 0.1 5.52054 -1.2819 -3.64898 -1.2819 -3.64898 0.26897 0.582398 0.26897 -0.582398
1 1 0 21.9762 0.1 5.52213 -1.28184 -3.64871 -1.28184 -3.64871 0.269191 0.582375 0.269191 -0.582375
1 1 0 21.9712 0.1 5.52373 -1.28178 -3.64844 -1.28178 -3.64844 0.269412 0.582351 0.269412 -0.582351
1 1 0 21.9662 0.1 5.52533 -1.28171 -3.64817 -1.28171 -3.64817 0.269634 0.582327 0.269634 -0.582327
1 1 0 21.9613 0.1 5.52693 -1.28165 -3.6479 -1.28165 -3.6479 0.269857 0.582303 0.269857 -0.582303
1 1 0 21.9563 0.1 5.52855 -1.28159 -3.64763 -1.28159 -3.64763 0.27008 0.582278 0.27008 -0.582278
1 1 0 21.9513 0.1 5.53017 -1.28153 -3.64736 -1.28153 -3.64736 0.270304 0.582253 0.270304 -0.582253
1 1 0 21.9463 0.1 5.53179 -1.28147 -3.64709 -1.28147 -3.64709 0.270528 0.582227 0.270528 -0.582227
1 1 0 21.9413 0.1 5.53342 -1.28141 -3.64682 -1.28141 -3.64682 0.270753 0.582202 0.270753 -0.582202
1 1 0 21.9363 0.1 5.53506 -1.28135 -3.64655 -1.28135 -3.64655 0.270979 0.582175 0.270979 -0.582175
1 1 0 21.9313 0.1 5.5367 -1.28129 -3.64628 -1.28129 -3.64628 0.271205 0.582149 0.271205 -0.582149
1 1 0 21.9263 0.1 5.53835 -1.28122 -3.64601 -1.28122 -3.64601 0.271432 0.582122 0.271432 -0.582122
1 1 0 21.9213 0.1 5.54001 -1.28116 -3.64574 -1.28116 -3.64574 0.27166 0.582094 0.27166 -0.582094
1 1 0 21.9163 0.1 5.54167 -1.2811 -3.64547 -1.2811 -3.64547 0.271888 0.582067 0.271888 -0.582067
1 1 0 21.9113 0.1 5.54334 -1.28104 -3.6452 -1.28104 -3.6452 0.272117 0.582039 0.272117 -0.582039
1 1 0 21.9063 0.1 5.54502 -1.28098 -3.64493 -1.28098 -3.64493 0.272347 0.58201 0.272347 -0.58201
1 1 0 21.9013 0.1 5.5467 -1.28092 -3.64466 -1.28092 -3.64466 0.272577 0.581981 0.272577 -0.581981
1 1 0 21.8964 0.1 5.54839 -1.28086 -3.64438 -1.28086 -3.64438 0.272808 0.581952 0.272808 -0.581952
1 1 0 21.8914 0.1 5.55008 -1.28079 -3.64411 -1.28079 -3.64411 0.273039 0.581923 0.273039 -0.581923
1 1 0 21.8864 0.1 5.55178 -1.28073 -3.64384 -1.28073 -3.64384 0.273272 0.581893 0.273272 -0.581893
1 1 0 21.8814 0.1 5.55349 -1.28067 -3.64357 -1.28067 -3.64357 0.273504 0.581862 0.273504 -0.581862
1 1 0 21.8764 0.1 5.5552 -1.28061 -3.6433 -1.28061 -3.6433 0.273738 0.581831 0.273738 -0.581831
1 1 0 21.8714 0.1 5.55692 -1.28055 -3.64302 -1.28055 -3.64302 0.273972 0.5818 0.273972 -0.5818
1 1 0 21.8664 0.1 5.55865 -1.28049 -3.64275 -1.28049 -3.64275 0.274207 0.581769 0.274207 -0.581769
1 1 0 21.8614 0.1 5.56038 -1.28043 -3.64248 -1.28043 -3.64248 0.274442 0.581737 0.274442 -0.581737
1 1 0 21.8564 0.1 5.56212 -1.28036 -3.6422 -1.28036 -3.6422 0.274678 0.581705 0.274678 -0.581705
1 1 0 21.8514 0.1 5.56386 -1.2803 -3.64193 -1.2803 -3.64193 0.274915 0.581672 0.274915 -0.581672
1 1 0 21.8464 0.1 5.56562 -1.28024 -3.64166 -1.28024 -3.64166 0.275152 0.581639 0.275152 -0.581639
1 1 0 21.8414 0.1 5.56737 -1.28018 -3.64138 -1.28018 -3.64138 0.27539 0.581605 0.27539 -0.581605
1 1 0 21.8364 0.1 5.56914 -1.28012 -3.64111 -1.28012 -3.64111 0.275629 0.581571 0.275629 -0.581571
1 1 0 21.8315 0.1 5.57091 -1.28006 -3.64084 -1.28006 -3.64084 0.275868 0.581537 0.275868 -0.581537
1 1 0 21.8265 0.1 5.57269 -1.28 -3.64056 -1.28 -3.64056 0.276108 0.581502 0.276108 -0.581502
1 1 0 21.8215 0.1 5.57447 -1.27993 -3.64029 -1.27993 -3.64029 0.276348 0.581467 0.276348 -0.581467
1 1 0 21.8165 0.1 5.57626 -1.27987 -3.64001 -1.27987 -3.64001 0.27659 0.581432 0.27659 -0.581432
1 1 0 21.8115 0.1 5.57806 -1.27981 -3.63974 -1.27981 -3.63974 0.276832 0.581396 0.276832 -0.581396
1 1 0 21.8065 0.1 5.57986 -1.27975 -3.63946 -1.27975 -3.63946 0.277074 0.58136 0.277074 -0.58136
1 1 0 21.8015 0.1 5.58167 -1.27969 -3.63919 -1.27969 -3.63919 0.277317 0.581323 0.277317 -0.581323
1 1 0 21.7965 0.1 5.58349 -1.27963 -3.63891 -1.27963 -3.63891 0.277561 0.581286 0.277561 -0.581286
1 1 0 21.7915 0.1 5.58532 -1.27957 -3.63864 -1.27957 -3.63864 0.277805 0.581249 0.277805 -0.581249
1 1 0 21.7865 0.1 5.58715 -1.2795 -3.63836 -1.2795 -3.63836 0.27805 0.581211 0.27805 -0.581211
1 1 0 21.7815 0.1 5.58898 -1.27944 -3.63808 -1.27944 -3.63808 0.278296 0.581173 0.278296 -0.581173
1 1 0 21.7765 0.1 5.59083 -1.27938 -3.63781 -1.27938 -3.63781 0.278543 0.581134 0.278543 -0.581134
1 1 0 21.7716 0.1 5.59268 -1.27932 -3.63753 -1.27932 -3.63753 0.27879 0.581095 0.27879 -0.581095
1 1 0 21.7666 0.1 5.59453 -1.27926 -3.63726 -1.27926 -3.63726 0.279037 0.581055 0.279037 -0.581055
1 1 0 21.7616 0.1 5.5964 -1.2792 -3.63698 -1.2792 -3.63698 0.279286 0.581015 0.279286 -0.581015
1 1 0 21.7566 0.1 5.59827 -1.27913 -3.6367 -1.27913 -3.6367 0.279535 0.580975 0.279535 -0.580975
1 1 0 21.7516 0.1 5.60015 -1.27907 -3.63642 -1.27907 -3.63642 0.279784 0.580934 0.279784 -0.580934
1 1 0 21.7466 0.1 5.60203 -1.27901 -3.63615 -1.27901 -3.63615 0.280035 0.580893 0.280035 -0.580893
1 1 0 21.7416 0.1 5.60392 -1.27895 -3.63587 -1.27895 -3.63587 0.280286 0.580852 0.280286 -0.580852
1 1 0 21.7366 0.1 5.60582 -1.27889 -3.63559 -1.27889 -3.63559 0.280537 0.58081 0.280537 -0.58081
1 1 0 21.7316 0.1 5.60772 -1.27883 -3.63531 -1.27883 -3.63531 0.280789 0.580768 0.280789 -0.580768
1 1 0 21.7266 0.1 5.60964 -1.27877 -3.63504 -1.27877 -3.63504 0.281042 0.580725 0.281042 -0.580725
1 1 0 21.7216 0.1 5.61155 -1.2787 -3.63476 -1.2787 -3.63476 0.281296 0.580682 0.281296 -0.580682
1 1 0 21.7166 0.1 5.61348 -1.27864 -3.63448 -1.27864 -3.63448 0.28155 0.580638 0.28155 -0.580638
1 1 0 21.7116 0.1 5.61541 -1.27858 -3.6342 -1.27858 -3.6342 0.281805 0.580594 0.281805 -0.580594
1 1 0 21.7067 0.1 5.61735 -1.27852 -3.63392 -1.27852 -3.63392 0.282061 0.58055 0.282061 -0.58055
1 1 0 21.7017 0.1 5.6193 -1.27846 -3.63364 -1.27846 -3.63364 0.282317 0.580505 0.282317 -0.580505
1 1 0 21.6967 0.1 5.62125 -1.2784 -3.63336 -1.2784 -3.63336 0.282574 0.580459 0.282574 -0.580459
1 1 0 21.6917 0.1 5.62321 -1.27833 -3.63308 -1.27833 -3.63308 0.282831 0.580414 0.282831 -0.580414
1 1 0 21.6867 0.1 5.62518 -1.27827 -3.6328 -1.27827 -3.6328 0.283089 0.580368 0.283089 -0.580368
1 1 0 21.6817 0.1 5.62715 -1.27821 -3.63252 -1.27821 -3.63252 0.283348 0.580321 0.283348 -0.580321
1 1 0 21.6767 0.1 5.62913 -1.27815 -3.63224 -1.27815 -3.63224 0.283607 0.580274 0.283607 -0.580274
1 1 0 21.6717 0.1 5.63112 -1.27809 -3.63196 -1.27809 -3.63196 0.283868 0.580227 0.283868 -0.580227
1 1 0 21.6667 0.1 5.63311 -1.27803 -3.63168 -1.27803 -3.63168 0.284128 0.580179 0.284128 -0.580179
1 1 0 21.6617 0.1 5.63511 -1.27796 -3.6314 -1.27796 -3.6314 0.28439 0.58013 0.28439 -0.58013
1 1 0 21.6567 0.1 5.63712 -1.2779 -3.63112 -1.2779 -3.63112 0.284652 0.580082 0.284652 -0.580082
1 1 0 21.6517 0.1 5.63914 -1.27784 -3.63084 -1.27784 -3.63084 0.284915 0.580033 0.284915 -0.580033
1 1 0 21.6468 0.1 5.64116 -1.27778 -3.63056 -1.27778 -3.63056 0.285178 0.579983 0.285178 -0.579983
1 1 0 21.6418 0.1 5.64319 -1.27772 -3.63028 -1.27772 -3.63028 0.285442 0.579933 0.285442 -0.579933
1 1 0 21.6368 0.1 5.64523 -1.27766 -3.63 -1.27766 -3.63 0.285707 0.579883 0.285707 -0.579883
1 1 0 21.6318 0.1 5.64727 -1.27759 -3.62972 -1.27759 -3.62972 0.285972 0.579832 0.285972 -0.579832
1 1 0 21.6268 0.1 5.64933 -1.27753 -3.62944 -1.27753 -3.62944 0.286238 0.57978 0.286238 -0.57978
1 1 0 21.6218 0.1 5.65139 -1.27747 -3.62915 -1.27747 -3.62915 0.286505 0.579729 0.286505 -0.579729
1 1 0 21.6168 0.1 5.65345 -1.27741 -3.62887 -1.27741 -3.62887 0.286772 0.579676 0.286772 -0.579676
1 1 0 21.6118 0.1 5.65553 -1.27735 -3.62859 -1.27735 -3.62859 0.28704 0.579624 0.28704 -0.579624
1 1 0 21.6068 0.1 5.65761 -1.27729 -3.62831 -1.27729 -3.62831 0.287309 0.579571 0.287309 -0.579571
1 1 0 21.6018 0.1 5.65969 -1.27722 -3.62802 -1.27722 -3.62802 0.287578 0.579517 0.287578 -0.579517
1 1 0 21.5968 0.1 5.66179 -1.27716 -3.62774 -1.27716 -3.62774 0.287848 0.579463 0.287848 -0.579463
1 1 0 21.5918 0.1 5.66389 -1.2771 -3.62746 -1.2771 -3.62746 0.288119 0.579409 0.288119 -0.579409
1 1 0 21.5869 0.1 5.666 -1.27704 -3.62717 -1.27704 -3.62717 0.28839 0.579354 0.28839 -0.579354
1 1 0 21.5819 0.1 5.66812 -1.27698 -3.62689 -1.27698 -3.62689 0.288662 0.579299 0.288662 -0.579299
1 1 0 21.5769 0.1 5.67025 -1.27692 -3.62661 -1.27692 -3.62661 0.288935 0.579243 0.288935 -0.579243
1 1 0 21.5719 0.1 5.67238 -1.27685 -3.62632 -1.27685 -3.62632 0.289208 0.579187 0.289208 -0.579187
1 1 0 21.5669 0.1 5.67452 -1.27679 -3.62604 -1.27679 -3.62604 0.289482 0.57913 0.289482 -0.57913
1 1 0 21.5619 0.1 5.67666 -1.27673 -3.62575 -1.27673 -3.62575 0.289757 0.579073 0.289757 -0.579073
1 1 0 21.5569 0.1 5.67882 -1.27667 -3.62547 -1.27667 -3.62547 0.290032 0.579015 0.290032 -0.579015
1 1 0 21.5519 0.1 5.68098 -1.27661 -3.62519 -1.27661 -3.62519 0.290308 0.578957 0.290308 -0.578957
1 1 0 21.5469 0.1 5.68315 -1.27655 -3.6249 -1.27655 -3.6249 0.290584 0.578899 0.290584 -0.578899
1 1 0 21.5419 0.1 5.68533 -1.27648 -3.62462 -1.27648 -3.62462 0.290862 0.57884 0.290862 -0.57884
1 1 0 21.5369 0.1 5.68751 -1.27642 -3.62433 -1.27642 -3.62433 0.29114 0.57878 0.29114 -0.57878
1 1 0 21.5319 0.1 5.6897 -1.27636 -3.62405 -1.27636 -3.62405 0.291418 0.578721 0.291418 -0.578721
1 1 0 21.527 0.1 5.6919 -1.2763 -3.62376 -1.2763 -3.62376 0.291698 0.57866 0.291698 -0.57866
1 1 0 21.522 0.1 5.69411 -1.27624 -3.62347 -1.27624 -3.62347 0.291977 0.578599 0.291977 -0.578599
1 1 0 21.517 0.1 5.69633 -1.27617 -3.62319 -1.27617 -3.62319 0.292258 0.578538 0.292258 -0.578538
1 1 0 21.512 0.1 5.69855 -1.27611 -3.6229 -1.27611 -3.6229 0.292539 0.578476 0.292539 -0.578476
1 1 0 21.507 0.1 5.70078 -1.27605 -3.62262 -1.27605 -3.62262 0.292821 0.578414 0.292821 -0.578414
1 1 0 21.502 0.1 5.70302 -1.27599 -3.62233 -1.27599 -3.62233 0.293104 0.578352 0.293104 -0.578352
1 1 0 21.497 0.1 5.70526 -1.27593 -3.62204 -1.27593 -3.62204 0.293387 0.578288 0.293387 -0.578288
1 1 0 21.492 0.1 5.70752 -1.27587 -3.62176 -1.27587 -3.62176 0.293671 0.578225 0.293671 -0.578225
1 1 0 21.487 0.1 5.70978 -1.2758 -3.62147 -1.2758 -3.62147 0.293956 0.578161 0.293956 -0.578161
1 1 0 21.482 0.1 5.71205 -1.27574 -3.62118 -1.27574 -3.62118 0.294241 0.578096 0.294241 -0.578096
1 1 0 21.477 0.1 5.71432 -1.27568 -3.62089 -1.27568 -3.62089 0.294527 0.578031 0.294527 -0.578031
1 1 0 21.4721 0.1 5.71661 -1.27562 -3.62061 -1.27562 -3.62061 0.294813 0.577966 0.294813 -0.577966
1 1 0 21.4671 0.1 5.7189 -1.27556 -3.62032 -1.27556 -3.62032 0.295101 0.5779 0.295101 -0.5779
1 1 0 21.4621 0.1 5.7212 -1.2755 -3.62003 -1.2755 -3.62003 0.295389 0.577833 0.295389 -0.577833
1 1 0 21.4571 0.1 5.72351 -1.27543 -3.61974 -1.27543 -3.61974 0.295677 0.577766 0.295677 -0.577766
1 1 0 21.4521 0.1 5.72583 -1.27537 -3.61945 -1.27537 -3.61945 0.295967 0.577699 0.295967 -0.577699
1 1 0 21.4471 0.1 5.72815 -1.27531 -3.61917 -1.27531 -3.61917 0.296257 0.577631 0.296257 -0.577631
1 1 0 21.4421 0.1 5.73048 -1.27525 -3.61888 -1.27525 -3.61888 0.296547 0.577562 0.296547 -0.577562
1 1 0 21.4371 0.1 5.73282 -1.27519 -3.61859 -1.27519 -3.61859 0.296839 0.577494 0.296839 -0.577494
1 1 0 21.4321 0.1 5.73517 -1.27512 -3.6183 -1.27512 -3.6183 0.29713 0.577424 0.29713 -0.577424
1 1 0 21.4271 0.1 5.73753 -1.27506 -3.61801 -1.27506 -3.61801 0.297423 0.577354 0.297423 -0.577354
1 1 0 21.4221 0.1 5.73989 -1.275 -3.61772 -1.275 -3.61772 0.297716 0.577284 0.297716 -0.577284
1 1 0 21.4171 0.1 5.74226 -1.27494 -3.61743 -1.27494 -3.61743 0.29801 0.577213 0.29801 -0.577213
1 1 0 21.4122 0.1 5.74464 -1.27488 -3.61714 -1.27488 -3.61714 0.298305 0.577142 0.298305 -0.577142
1 1 0 21.4072 0.1 5.74703 -1.27482 -3.61685 -1.27482 -3.61685 0.2986 0.57707 0.2986 -0.57707
1 1 0 21.4022 0.1 5.74943 -1.27475 -3.61656 -1.27475 -3.61656 0.298896 0.576998 0.298896 -0.576998
1 1 0 21.3972 0.1 5.75183 -1.27469 -3.61627 -1.27469 -3.61627 0.299193 0.576925 0.299193 -0.576925
1 1 0 21.3922 0.1 5.75424 -1.27463 -3.61598 -1.27463 -3.61598 0.29949 0.576852 0.29949 -0.576852
1 1 0 21.3872 0.1 5.75667 -1.27457 -3.61569 -1.27457 -3.61569 0.299788 0.576778 0.299788 -0.576778
1 1 0 21.3822 0.1 5.75909 -1.27451 -3.6154 -1.27451 -3.6154 0.300087 0.576703 0.300087 -0.576703
1 1 0 21.3772 0.1 5.76153 -1.27444 -3.61511 -1.27444 -3.61511 0.300387 0.576629 0.300387 -0.576629
1 1 0 21.3722 0.1 5.76398 -1.27438 -3.61482 -1.27438 -3.61482 0.300687 0.576553 0.300687 -0.576553
1 1 0 21.3672 0.1 5.76643 -1.27432 -3.61452 -1.27432 -3.61452 0.300987 0.576477 0.300987 -0.576477
1 1 0 21.3622 0.1 5.76889 -1.27426 -3.61423 -1.27426 -3.61423 0.301289 0.576401 0.301289 -0.576401
1 1 0 21.3573 0.1 5.77137 -1.2742 -3.61394 -1.2742 -3.61394 0.301591 0.576324 0.301591 -0.576324
1 1 0 21.3523 0.1 5.77385 -1.27414 -3.61365 -1.27414 -3.61365 0.301894 0.576247 0.301894 -0.576247
1 1 0 21.3473 0.1 5.77633 -1.27407 -3.61336 -1.27407 -3.61336 0.302197 0.576169 0.302197 -0.576169
1 1 0 21.3423 0.1 5.77883 -1.27401 -3.61306 -1.27401 -3.61306 0.302501 0.576091 0.302501 -0.576091
1 1 0 21.3373 0.1 5.78133 -1.27395 -3.61277 -1.27395 -3.61277 0.302806 0.576012 0.302806 -0.576012
1 1 0 21.3323 0.1 5.78385 -1.27389 -3.61248 -1.27389 -3.61248 0.303111 0.575932 0.303111 -0.575932
1 1 0 21.3273 0.1 5.78637 -1.27383 -3.61218 -1.27383 -3.61218 0.303417 0.575852 0.303417 -0.575852
1 1 0 21.3223 0.1 5.7889 -1.27376 -3.61189 -1.27376 -3.61189 0.303724 0.575772 0.303724 -0.575772
1 1 0 21.3173 0.1 5.79144 -1.2737 -3.6116 -1.2737 -3.6116 0.304032 0.575691 0.304032 -0.575691
1 1 0 21.3123 0.1 5.79398 -1.27364 -3.6113 -1.27364 -3.6113 0.30434 0.57561 0.30434 -0.57561
1 1 0 21.3073 0.1 5.79654 -1.27358 -3.61101 -1.27358 -3.61101 0.304649 0.575528 0.304649 -0.575528
1 1 0 21.3024 0.1 5.7991 -1.27352 -3.61072 -1.27352 -3.61072 0.304958 0.575445 0.304958 -0.575445
1 1 0 21.2974 0.1 5.80168 -1.27346 -3.61042 -1.27346 -3.61042 0.305269 0.575362 0.305269 -0.575362
1 1 0 21.2924 0.1 5.80426 -1.27339 -3.61013 -1.27339 -3.61013 0.305579 0.575278 0.305579 -0.575278
1 1 0 21.2874 0.1 5.80685 -1.27333 -3.60983 -1.27333 -3.60983 0.305891 0.575194 0.305891 -0.575194
1 1 0 21.2824 0.1 5.80945 -1.27327 -3.60954 -1.27327 -3.60954 0.306203 0.57511 0.306203 -0.57511
1 1 0 21.2774 0.1 5.81206 -1.27321 -3.60924 -1.27321 -3.60924 0.306516 0.575024 0.306516 -0.575024
1 1 0 21.2724 0.1 5.81467 -1.27315 -3.60895 -1.27315 -3.60895 0.30683 0.574939 0.30683 -0.574939
1 1 0 21.2674 0.1 5.8173 -1.27308 -3.60865 -1.27308 -3.60865 0.307144 0.574852 0.307144 -0.574852
1 1 0 21.2624 0.1 5.81994 -1.27302 -3.60836 -1.27302 -3.60836 0.307459 0.574766 0.307459 -0.574766
1 1 0 21.2574 0.1 5.82258 -1.27296 -3.60806 -1.27296 -3.60806 0.307775 0.574678 0.307775 -0.574678
1 1 0 21.2524 0.1 5.82523 -1.2729 -3.60777 -1.2729 -3.60777 0.308091 0.574591 0.308091 -0.574591
1 1 0 21.2475 0.1 5.82789 -1.27284 -3.60747 -1.27284 -3.60747 0.308408 0.574502 0.308408 -0.574502
1 1 0 21.2425 0.1 5.83056 -1.27278 -3.60718 -1.27278 -3.60718 0.308726 0.574413 0.308726 -0.574413
1 1 0 21.2375 0.1 5.83324 -1.27271 -3.60688 -1.27271 -3.60688 0.309044 0.574324 0.309044 -0.574324
1 1 0 21.2325 0.1 5.83593 -1.27265 -3.60658 -1.27265 -3.60658 0.309363 0.574234 0.309363 -0.574234
1 1 0 21.2275 0.1 5.83863 -1.27259 -3.60629 -1.27259 -3.60629 0.309683 0.574143 0.309683 -0.574143
1 1 0 21.2225 0.1 5.84133 -1.27253 -3.60599 -1.27253 -3.60599 0.310004 0.574052 0.310004 -0.574052
1 1 0 21.2175 0.1 5.84405 -1.27247 -3.60569 -1.27247 -3.60569 0.310325 0.57396 0.310325 -0.57396
1 1 0 21.2125 0.1 5.84677 -1.2724 -3.60539 -1.2724 -3.60539 0.310646 0.573868 0.310646 -0.573868
1 1 0 21.2075 0.1 5.84951 -1.27234 -3.6051 -1.27234 -3.6051 0.310969 0.573775 0.310969 -0.573775
1 1 0 21.2025 0.1 5.85225 -1.27228 -3.6048 -1.27228 -3.6048 0.311292 0.573682 0.311292 -0.573682
1 1 0 21.1975 0.1 5.855 -1.27222 -3.6045 -1.27222 -3.6045 0.311616 0.573588 0.311616 -0.573588
1 1 0 21.1926 0.1 5.85777 -1.27216 -3.6042 -1.27216 -3.6042 0.311941 0.573493 0.311941 -0.573493
1 1 0 21.1876 0.1 5.86054 -1.2721 -3.60391 -1.2721 -3.60391 0.312266 0.573398 0.312266 -0.573398
1 1 0 21.1826 0.1 5.86332 -1.27203 -3.60361 -1.27203 -3.60361 0.312592 0.573303 0.312592 -0.573303
1 1 0 21.1776 0.1 5.86611 -1.27197 -3.60331 -1.27197 -3.60331 0.312918 0.573207 0.312918 -0.573207
1 1 0 21.1726 0.1 5.86891 -1.27191 -3.60301 -1.27191 -3.60301 0.313246 0.57311 0.313246 -0.57311
1 1 0 21.1676 0.1 5.87171 -1.27185 -3.60271 -1.27185 -3.60271 0.313574 0.573013 0.313574 -0.573013
1 1 0 21.1626 0.1 5.87453 -1.27179 -3.60241 -1.27179 -3.60241 0.313902 0.572915 0.313902 -0.572915
1 1 0 21.1576 0.1 5.87736 -1.27172 -3.60211 -1.27172 -3.60211 0.314232 0.572817 0.314232 -0.572817
1 1 0 21.1526 0.1 5.8802 -1.27166 -3.60181 -1.27166 -3.60181 0.314562 0.572718 0.314562 -0.572718
1 1 0 21.1476 0.1 5.88304 -1.2716 -3.60151 -1.2716 -3.60151 0.314893 0.572618 0.314893 -0.572618
1 1 0 21.1426 0.1 5.8859 -1.27154 -3.60121 -1.27154 -3.60121 0.315224 0.572518 0.315224 -0.572518
1 1 0 21.1377 0.1 5.88876 -1.27148 -3.60091 -1.27148 -3.60091 0.315556 0.572417 0.315556 -0.572417
1 1 0 21.1327 0.1 5.89164 -1.27141 -3.60061 -1.27141 -3.60061 0.315889 0.572316 0.315889 -0.572316
1 1 0 21.1277 0.1 5.89452 -1.27135 -3.60031 -1.27135 -3.60031 0.316223 0.572214 0.316223 -0.572214
1 1 0 21.1227 0.1 5.89742 -1.27129 -3.60001 -1.27129 -3.60001 0.316557 0.572112 0.316557 -0.572112
1 1 0 21.1177 0.1 5.90032 -1.27123 -3.59971 -1.27123 -3.59971 0.316892 0.572008 0.316892 -0.572008
1 1 0 21.1127 0.1 5.90324 -1.27117 -3.59941 -1.27117 -3.59941 0.317227 0.571905 0.317227 -0.571905
1 1 0 21.1077 0.1 5.90616 -1.27111 -3.59911 -1.27111 -3.59911 0.317564 0.571801 0.317564 -0.571801
1 1 0 21.1027 0.1 5.90909 -1.27104 -3.59881 -1.27104 -3.59881 0.317901 0.571696 0.317901 -0.571696
1 1 0 21.0977 0.1 5.91204 -1.27098 -3.59851 -1.27098 -3.59851 0.318238 0.57159 0.318238 -0.57159
1 1 0 21.0927 0.1 5.91499 -1.27092 -3.5982 -1.27092 -3.5982 0.318577 0.571484 0.318577 -0.571484
1 1 0 21.0878 0.1 5.91795 -1.27086 -3.5979 -1.27086 -3.5979 0.318916 0.571378 0.318916 -0.571378
1 1 0 21.0828 0.1 5.92093 -1.2708 -3.5976 -1.2708 -3.5976 0.319256 0.571271 0.319256 -0.571271
1 1 0 21.0778 0.1 5.92391 -1.27073 -3.5973 -1.27073 -3.5973 0.319596 0.571163 0.319596 -0.571163
1 1 0 21.0728 0.1 5.9269 -1.27067 -3.597 -1.27067 -3.597 0.319937 0.571055 0.319937 -0.571055
1 1 0 21.0678 0.1 5.92991 -1.27061 -3.59669 -1.27061 -3.59669 0.320279 0.570946 0.320279 -0.570946
1 1 0 21.0628 0.1 5.93292 -1.27055 -3.59639 -1.27055 -3.59639 0.320622 0.570836 0.320622 -0.570836
1 1 0 21.0578 0.1 5.93594 -1.27049 -3.59609 -1.27049 -3.59609 0.320965 0.570726 0.320965 -0.570726
1 1 0 21.0528 0.1 5.93898 -1.27043 -3.59578 -1.27043 -3.59578 0.321309 0.570615 0.321309 -0.570615
1 1 0 21.0478 0.1 5.94202 -1.27036 -3.59548 -1.27036 -3.59548 0.321653 0.570504 0.321653 -0.570504
1 1 0 21.0428 0.1 5.94508 -1.2703 -3.59518 -1.2703 -3.59518 0.321999 0.570392 0.321999 -0.570392
1 1 0 21.0378 0.1 5.94814 -1.27024 -3.59487 -1.27024 -3.59487 0.322345 0.570279 0.322345 -0.570279
1 1 0 21.0329 0.1 5.95122 -1.27018 -3.59457 -1.27018 -3.59457 0.322691 0.570166 0.322691 -0.570166
1 1 0 21.0279 0.1 5.9543 -1.27012 -3.59426 -1.27012 -3.59426 0.323039 0.570052 0.323039 -0.570052
1 1 0 21.0229 0.1 5.9574 -1.27005 -3.59396 -1.27005 -3.59396 0.323387 0.569938 0.323387 -0.569938
1 1 0 21.0179 0.1 5.9605 -1.26999 -3.59366 -1.26999 -3.59366 0.323736 0.569822 0.323736 -0.569822
1 1 0 21.0129 0.1 5.96362 -1.26993 -3.59335 -1.26993 -3.59335 0.324085 0.569707 0.324085 -0.569707
1 1 0 21.0079 0.1 5.96674 -1.26987 -3.59305 -1.26987 -3.59305 0.324435 0.56959 0.324435 -0.56959
1 1 0 21.0029 0.1 5.96988 -1.26981 -3.59274 -1.26981 -3.59274 0.324786 0.569474 0.324786 -0.569474
1 1 0 20.9979 0.1 5.97303 -1.26975 -3.59244 -1.26975 -3.59244 0.325138 0.569356 0.325138 -0.569356
1 1 0 20.9929 0.1 5.97619 -1.26968 -3.59213 -1.26968 -3.59213 0.32549 0.569238 0.32549 -0.569238
1 1 0 20.9879 0.1 5.97936 -1.26962 -3.59182 -1.26962 -3.59182 0.325843 0.569119 0.325843 -0.569119
1 1 0 20.983 0.1 5.98254 -1.26956 -3.59152 -1.26956 -3.59152 0.326197 0.568999 0.326197 -0.568999
1 1 0 20.978 0.1 5.98573 -1.2695 -3.59121 -1.2695 -3.59121 0.326551 0.568879 0.326551 -0.568879
1 1 0 20.973 0.1 5.98893 -1.26944 -3.59091 -1.26944 -3.59091 0.326907 0.568759 0.326907 -0.568759
1 1 0 20.968 0.1 5.99214 -1.26937 -3.5906 -1.26937 -3.5906 0.327262 0.568637 0.327262 -0.568637
1 1 0 20.963 0.1 5.99536 -1.26931 -3.59029 -1.26931 -3.59029 0.327619 0.568515 0.327619 -0.568515
1 1 0 20.958 0.1 5.9986 -1.26925 -3.58999 -1.26925 -3.58999 0.327976 0.568393 0.327976 -0.568393
1 1 0 20.953 0.1 6.00184 -1.26919 -3.58968 -1.26919 -3.58968 0.328334 0.568269 0.328334 -0.568269
1 1 0 20.948 0.1 6.0051 -1.26913 -3.58937 -1.26913 -3.58937 0.328693 0.568145 0.328693 -0.568145
1 1 0 20.943 0.1 6.00837 -1.26907 -3.58906 -1.26907 -3.58906 0.329052 0.568021 0.329052 -0.568021
1 1 0 20.938 0.1 6.01164 -1.269 -3.58876 -1.269 -3.58876 0.329412 0.567895 0.329412 -0.567895
1 1 0 20.9331 0.1 6.01493 -1.26894 -3.58845 -1.26894 -3.58845 0.329773 0.56777 0.329773 -0.56777
1 1 0 20.9281 0.1 6.01823 -1.26888 -3.58814 -1.26888 -3.58814 0.330134 0.567643 0.330134 -0.567643
1 1 0 20.9231 0.1 6.02154 -1.26882 -3.58783 -1.26882 -3.58783 0.330497 0.567516 0.330497 -0.567516
1 1 0 20.9181 0.1 6.02487 -1.26876 -3.58752 -1.26876 -3.58752 0.330859 0.567388 0.330859 -0.567388
1 1 0 20.9131 0.1 6.0282 -1.2687 -3.58722 -1.2687 -3.58722 0.331223 0.567259 0.331223 -0.567259
1 1 0 20.9081 0.1 6.03154 -1.26863 -3.58691 -1.26863 -3.58691 0.331587 0.56713 0.331587 -0.56713
1 1 0 20.9031 0.1 6.0349 -1.26857 -3.5866 -1.26857 -3.5866 0.331952 0.567 0.331952 -0.567
1 1 0 20.8981 0.1 6.03827 -1.26851 -3.58629 -1.26851 -3.58629 0.332318 0.56687 0.332318 -0.56687
1 1 0 20.8931 0.1 6.04165 -1.26845 -3.58598 -1.26845 -3.58598 0.332684 0.566739 0.332684 -0.566739
1 1 0 20.8881 0.1 6.04504 -1.26839 -3.58567 -1.26839 -3.58567 0.333051 0.566607 0.333051 -0.566607
1 1 0 20.8832 0.1 6.04844 -1.26832 -3.58536 -1.26832 -3.58536 0.333419 0.566474 0.333419 -0.566474
1 1 0 20.8782 0.1 6.05185 -1.26826 -3.58505 -1.26826 -3.58505 0.333788 0.566341 0.333788 -0.566341
1 1 0 20.8732 0.1 6.05528 -1.2682 -3.58474 -1.2682 -3.58474 0.334157 0.566207 0.334157 -0.566207
1 1 0 20.8682 0.1 6.05871 -1.26814 -3.58443 -1.26814 -3.58443 0.334527 0.566073 0.334527 -0.566073
1 1 0 20.8632 0.1 6.06216 -1.26808 -3.58412 -1.26808 -3.58412 0.334898 0.565937 0.334898 -0.565937
1 1 0 20.8582 0.1 6.06562 -1.26802 -3.58381 -1.26802 -3.58381 0.335269 0.565802 0.335269 -0.565802
1 1 0 20.8532 0.1 6.06909 -1.26795 -3.5835 -1.26795 -3.5835 0.335641 0.565665 0.335641 -0.565665
1 1 0 20.8482 0.1 6.07257 -1.26789 -3.58319 -1.26789 -3.58319 0.336014 0.565528 0.336014 -0.565528
1 1 0 20.8432 0.1 6.07607 -1.26783 -3.58288 -1.26783 -3.58288 0.336387 0.56539 0.336387 -0.56539
1 1 0 20.8382 0.1 6.07958 -1.26777 -3.58257 -1.26777 -3.58257 0.336761 0.565251 0.336761 -0.565251
1 1 0 20.8333 0.1 6.0831 -1.26771 -3.58225 -1.26771 -3.58225 0.337136 0.565112 0.337136 -0.565112
1 1 0 20.8283 0.1 6.08663 -1.26765 -3.58194 -1.26765 -3.58194 0.337512 0.564972 0.337512 -0.564972
1 1 0 20.8233 0.1 6.09017 -1.26758 -3.58163 -1.26758 -3.58163 0.337888 0.564831 0.337888 -0.564831
1 1 0 20.8183 0.1 6.09372 -1.26752 -3.58132 -1.26752 -3.58132 0.338265 0.564689 0.338265 -0.564689
1 1 0 20.8133 0.1 6.09729 -1.26746 -3.58101 -1.26746 -3.58101 0.338643 0.564547 0.338643 -0.564547
1 1 0 20.8083 0.1 6.10087 -1.2674 -3.58069 -1.2674 -3.58069 0.339022 0.564404 0.339022 -0.564404
1 1 0 20.8033 0.1 6.10446 -1.26734 -3.58038 -1.26734 -3.58038 0.339401 0.564261 0.339401 -0.564261
1 1 0 20.7983 0.1 6.10807 -1.26728 -3.58007 -1.26728 -3.58007 0.339781 0.564117 0.339781 -0.564117
1 1 0 20.7933 0.1 6.11168 -1.26721 -3.57976 -1.26721 -3.57976 0.340161 0.563972 0.340161 -0.563972
1 1 0 20.7883 0.1 6.11531 -1.26715 -3.57944 -1.26715 -3.57944 0.340543 0.563826 0.340543 -0.563826
1 1 0 20.7834 0.1 6.11895 -1.26709 -3.57913 -1.26709 -3.57913 0.340925 0.56368 0.340925 -0.56368
1 1 0 20.7784 0.1 6.1226 -1.26703 -3.57882 -1.26703 -3.57882 0.341307 0.563532 0.341307 -0.563532
1 1 0 20.7734 0.1 6.12627 -1.26697 -3.5785 -1.26697 -3.5785 0.341691 0.563385 0.341691 -0.563385
1 1 0 20.7684 0.1 6.12995 -1.26691 -3.57819 -1.26691 -3.57819 0.342075 0.563236 0.342075 -0.563236
1 1 0 20.7634 0.1 6.13364 -1.26684 -3.57787 -1.26684 -3.57787 0.34246 0.563087 0.34246 -0.563087
1 1 0 20.7584 0.1 6.13734 -1.26678 -3.57756 -1.26678 -3.57756 0.342846 0.562937 0.342846 -0.562937
1 1 0 20.7534 0.1 6.14106 -1.26672 -3.57725 -1.26672 -3.57725 0.343232 0.562786 0.343232 -0.562786
1 1 0 20.7484 0.1 6.14479 -1.26666 -3.57693 -1.26666 -3.57693 0.343619 0.562635 0.343619 -0.562635
1 1 0 20.7434 0.1 6.14853 -1.2666 -3.57662 -1.2666 -3.57662 0.344007 0.562482 0.344007 -0.562482
1 1 0 20.7384 0.1 6.15228 -1.26654 -3.5763 -1.26654 -3.5763 0.344395 0.562329 0.344395 -0.562329
1 1 0 20.7335 0.1 6.15605 -1.26648 -3.57599 -1.26648 -3.57599 0.344785 0.562176 0.344785 -0.562176
1 1 0 20.7285 0.1 6.15983 -1.26641 -3.57567 -1.26641 -3.57567 0.345175 0.562021 0.345175 -0.562021
1 1 0 20.7235 0.1 6.16363 -1.26635 -3.57535 -1.26635 -3.57535 0.345565 0.561866 0.345565 -0.561866
1 1 0 20.7185 0.1 6.16743 -1.26629 -3.57504 -1.26629 -3.57504 0.345957 0.56171 0.345957 -0.56171
1 1 0 20.7135 0.1 6.17125 -1.26623 -3.57472 -1.26623 -3.57472 0.346349 0.561554 0.346349 -0.561554
1 1 0 20.7085 0.1 6.17508 -1.26617 -3.57441 -1.26617 -3.57441 0.346742 0.561396 0.346742 -0.561396
1 1 0 20.7035 0.1 6.17893 -1.26611 -3.57409 -1.26611 -3.57409 0.347135 0.561238 0.347135 -0.561238
1 1 0 20.6985 0.1 6.18279 -1.26604 -3.57377 -1.26604 -3.57377 0.347529 0.561079 0.347529 -0.561079
1 1 0 20.6935 0.1 6.18666 -1.26598 -3.57346 -1.26598 -3.57346 0.347924 0.560919 0.347924 -0.560919
1 1 0 20.6885 0.1 6.19055 -1.26592 -3.57314 -1.26592 -3.57314 0.34832 0.560759 0.34832 -0.560759
1 1 0 20.6836 0.1 6.19445 -1.26586 -3.57282 -1.26586 -3.57282 0.348716 0.560598 0.348716 -0.560598
1 1 0 20.6786 0.1 6.19836 -1.2658 -3.5725 -1.2658 -3.5725 0.349114 0.560436 0.349114 -0.560436
1 1 0 20.6736 0.1 6.20228 -1.26574 -3.57219 -1.26574 -3.57219 0.349511 0.560273 0.349511 -0.560273
1 1 0 20.6686 0.1 6.20622 -1.26568 -3.57187 -1.26568 -3.57187 0.34991 0.56011 0.34991 -0.56011
1 1 0 20.6636 0.1 6.21018 -1.26561 -3.57155 -1.26561 -3.57155 0.350309 0.559945 0.350309 -0.559945
1 1 0 20.6586 0.1 6.21415 -1.26555 -3.57123 -1.26555 -3.57123 0.350709 0.55978 0.350709 -0.55978
1 1 0 20.6536 0.1 6.21813 -1.26549 -3.57091 -1.26549 -3.57091 0.35111 0.559615 0.35111 -0.559615
1 1 0 20.6486 0.1 6.22212 -1.26543 -3.5706 -1.26543 -3.5706 0.351512 0.559448 0.351512 -0.559448
1 1 0 20.6436 0.1 6.22613 -1.26537 -3.57028 -1.26537 -3.57028 0.351914 0.559281 0.351914 -0.559281
1 1 0 20.6387 0.1 6.23015 -1.26531 -3.56996 -1.26531 -3.56996 0.352317 0.559113 0.352317 -0.559113
1 1 0 20.6337 0.1 6.23419 -1.26525 -3.56964 -1.26525 -3.56964 0.352721 0.558944 0.352721 -0.558944
1 1 0 20.6287 0.1 6.23824 -1.26518 -3.56932 -1.26518 -3.56932 0.353125 0.558774 0.353125 -0.558774
1 1 0 20.6237 0.1 6.2423 -1.26512 -3.569 -1.26512 -3.569 0.35353 0.558604 0.35353 -0.558604
1 1 0 20.6187 0.1 6.24638 -1.26506 -3.56868 -1.26506 -3.56868 0.353936 0.558432 0.353936 -0.558432
1 1 0 20.6137 0.1 6.25047 -1.265 -3.56836 -1.265 -3.56836 0.354342 0.55826 0.354342 -0.55826
1 1 0 20.6087 0.1 6.25458 -1.26494 -3.56804 -1.26494 -3.56804 0.35475 0.558087 0.35475 -0.558087
1 1 0 20.6037 0.1 6.2587 -1.26488 -3.56772 -1.26488 -3.56772 0.355158 0.557914 0.355158 -0.557914
1 1 0 20.5987 0.1 6.26284 -1.26482 -3.5674 -1.26482 -3.5674 0.355567 0.557739 0.355567 -0.557739
1 1 0 20.5938 0.1 6.26699 -1.26475 -3.56708 -1.26475 -3.56708 0.355976 0.557564 0.355976 -0.557564
1 1 0 20.5888 0.1 6.27116 -1.26469 -3.56676 -1.26469 -3.56676 0.356386 0.557388 0.356386 -0.557388
1 1 0 20.5838 0.1 6.27534 -1.26463 -3.56644 -1.26463 -3.56644 0.356797 0.557211 0.356797 -0.557211
1 1 0 20.5788 0.1 6.27953 -1.26457 -3.56612 -1.26457 -3.56612 0.357209 0.557033 0.357209 -0.557033
1 1 0 20.5738 0.1 6.28374 -1.26451 -3.56579 -1.26451 -3.56579 0.357621 0.556854 0.357621 -0.556854
1 1 0 20.5688 0.1 6.28796 -1.26445 -3.56547 -1.26445 -3.56547 0.358034 0.556675 0.358034 -0.556675
1 1 0 20.5638 0.1 6.2922 -1.26439 -3.56515 -1.26439 -3.56515 0.358448 0.556495 0.358448 -0.556495
1 1 0 20.5588 0.1 6.29645 -1.26432 -3.56483 -1.26432 -3.56483 0.358863 0.556314 0.358863 -0.556314
1 1 0 20.5538 0.1 6.30072 -1.26426 -3.56451 -1.26426 -3.56451 0.359278 0.556132 0.359278 -0.556132
1 1 0 20.5488 0.1 6.30501 -1.2642 -3.56418 -1.2642 -3.56418 0.359694 0.555949 0.359694 -0.555949
1 1 0 20.5439 0.1 6.3093 -1.26414 -3.56386 -1.26414 -3.56386 0.360111 0.555766 0.360111 -0.555766
1 1 0 20.5389 0.1 6.31362 -1.26408 -3.56354 -1.26408 -3.56354 0.360529 0.555582 0.360529 -0.555582
1 1 0 20.5339 0.1 6.31795 -1.26402 -3.56322 -1.26402 -3.56322 0.360947 0.555396 0.360947 -0.555396
1 1 0 20.5289 0.1 6.32229 -1.26396 -3.56289 -1.26396 -3.56289 0.361366 0.55521 0.361366 -0.55521
1 1 0 20.5239 0.1 6.32665 -1.2639 -3.56257 -1.2639 -3.56257 0.361786 0.555023 0.361786 -0.555023
1 1 0 20.5189 0.1 6.33103 -1.26383 -3.56225 -1.26383 -3.56225 0.362206 0.554836 0.362206 -0.554836
1 1 0 20.5139 0.1 6.33542 -1.26377 -3.56192 -1.26377 -3.56192 0.362627 0.554647 0.362627 -0.554647
1 1 0 20.5089 0.1 6.33982 -1.26371 -3.5616 -1.26371 -3.5616 0.363049 0.554458 0.363049 -0.554458
1 1 0 20.5039 0.1 6.34424 -1.26365 -3.56127 -1.26365 -3.56127 0.363472 0.554268 0.363472 -0.554268
1 1 0 20.499 0.1 6.34868 -1.26359 -3.56095 -1.26359 -3.56095 0.363895 0.554076 0.363895 -0.554076
1 1 0 20.494 0.1 6.35314 -1.26353 -3.56063 -1.26353 -3.56063 0.36432 0.553885 0.36432 -0.553885
1 1 0 20.489 0.1 6.3576 -1.26347 -3.5603 -1.26347 -3.5603 0.364744 0.553692 0.364744 -0.553692
1 1 0 20.484 0.1 6.36209 -1.26341 -3.55998 -1.26341 -3.55998 0.36517 0.553498 0.36517 -0.553498
1 1 0 20.479 0.1 6.36659 -1.26335 -3.55965 -1.26335 -3.55965 0.365596 0.553303 0.365596 -0.553303
1 1 0 20.474 0.1 6.37111 -1.26328 -3.55933 -1.26328 -3.55933 0.366024 0.553108 0.366024 -0.553108
1 1 0 20.469 0.1 6.37564 -1.26322 -3.559 -1.26322 -3.559 0.366451 0.552912 0.366451 -0.552912
1 1 0 20.464 0.1 6.38019 -1.26316 -3.55867 -1.26316 -3.55867 0.36688 0.552714 0.36688 -0.552714
1 1 0 20.459 0.1 6.38476 -1.2631 -3.55835 -1.2631 -3.55835 0.367309 0.552516 0.367309 -0.552516
1 1 0 20.4541 0.1 6.38934 -1.26304 -3.55802 -1.26304 -3.55802 0.367739 0.552317 0.367739 -0.552317
1 1 0 20.4491 0.1 6.39394 -1.26298 -3.5577 -1.26298 -3.5577 0.36817 0.552118 0.36817 -0.552118
1 1 0 20.4441 0.1 6.39855 -1.26292 -3.55737 -1.26292 -3.55737 0.368602 0.551917 0.368602 -0.551917
1 1 0 20.4391 0.1 6.40318 -1.26286 -3.55704 -1.26286 -3.55704 0.369034 0.551715 0.369034 -0.551715
1 1 0 20.4341 0.1 6.40783 -1.2628 -3.55672 -1.2628 -3.55672 0.369467 0.551513 0.369467 -0.551513
1 1 0 20.4291 0.1 6.4125 -1.26273 -3.55639 -1.26273 -3.55639 0.369901 0.551309 0.369901 -0.551309
1 1 0 20.4241 0.1 6.41718 -1.26267 -3.55606 -1.26267 -3.55606 0.370335 0.551105 0.370335 -0.551105
1 1 0 20.4191 0.1 6.42188 -1.26261 -3.55573 -1.26261 -3.55573 0.37077 0.5509 0.37077 -0.5509
1 1 0 20.4141 0.1 6.42659 -1.26255 -3.55541 -1.26255 -3.55541 0.371206 0.550694 0.371206 -0.550694
1 1 0 20.4092 0.1 6.43133 -1.26249 -3.55508 -1.26249 -3.55508 0.371643 0.550486 0.371643 -0.550486
1 1 0 20.4042 0.1 6.43608 -1.26243 -3.55475 -1.26243 -3.55475 0.372081 0.550279 0.372081 -0.550279
1 1 0 20.3992 0.1 6.44084 -1.26237 -3.55442 -1.26237 -3.55442 0.372519 0.55007 0.372519 -0.55007
1 1 0 20.3942 0.1 6.44563 -1.26231 -3.55409 -1.26231 -3.55409 0.372958 0.54986 0.372958 -0.54986
1 1 0 20.3892 0.1 6.45043 -1.26225 -3.55376 -1.26225 -3.55376 0.373398 0.549649 0.373398 -0.549649
1 1 0 20.3842 0.1 6.45525 -1.26219 -3.55344 -1.26219 -3.55344 0.373838 0.549438 0.373838 -0.549438
1 1 0 20.3792 0.1 6.46008 -1.26212 -3.55311 -1.26212 -3.55311 0.374279 0.549225 0.374279 -0.549225
1 1 0 20.3742 0.1 6.46494 -1.26206 -3.55278 -1.26206 -3.55278 0.374721 0.549011 0.374721 -0.549011
1 1 0 20.3692 0.1 6.46981 -1.262 -3.55245 -1.262 -3.55245 0.375164 0.548797 0.375164 -0.548797
1 1 0 20.3643 0.1 6.4747 -1.26194 -3.55212 -1.26194 -3.55212 0.375607 0.548582 0.375607 -0.548582
1 1 0 20.3593 0.1 6.47961 -1.26188 -3.55179 -1.26188 -3.55179 0.376051 0.548365 0.376051 -0.548365
1 1 0 20.3543 0.1 6.48453 -1.26182 -3.55146 -1.26182 -3.55146 0.376496 0.548148 0.376496 -0.548148
1 1 0 20.3493 0.1 6.48948 -1.26176 -3.55113 -1.26176 -3.55113 0.376942 0.54793 0.376942 -0.54793
1 1 0 20.3443 0.1 6.49444 -1.2617 -3.5508 -1.2617 -3.5508 0.377388 0.547711 0.377388 -0.547711
1 1 0 20.3393 0.1 6.49942 -1.26164 -3.55047 -1.26164 -3.55047 0.377836 0.547491 0.377836 -0.547491
1 1 0 20.3343 0.1 6.50442 -1.26158 -3.55014 -1.26158 -3.55014 0.378283 0.54727 0.378283 -0.54727
1 1 0 20.3293 0.1 6.50943 -1.26152 -3.54981 -1.26152 -3.54981 0.378732 0.547048 0.378732 -0.547048
1 1 0 20.3243 0.1 6.51447 -1.26146 -3.54947 -1.26146 -3.54947 0.379182 0.546825 0.379182 -0.546825
1 1 0 20.3194 0.1 6.51952 -1.2614 -3.54914 -1.2614 -3.54914 0.379632 0.546601 0.379632 -0.546601
1 1 0 20.3144 0.1 6.52459 -1.26133 -3.54881 -1.26133 -3.54881 0.380083 0.546376 0.380083 -0.546376
1 1 0 20.3094 0.1 6.52968 -1.26127 -3.54848 -1.26127 -3.54848 0.380534 0.54615 0.380534 -0.54615
1 1 0 20.3044 0.1 6.53479 -1.26121 -3.54815 -1.26121 -3.54815 0.380987 0.545923 0.380987 -0.545923
1 1 0 20.2994 0.1 6.53992 -1.26115 -3.54782 -1.26115 -3.54782 0.38144 0.545695 0.38144 -0.545695
1 1 0 20.2944 0.1 6.54507 -1.26109 -3.54748 -1.26109 -3.54748 0.381894 0.545466 0.381894 -0.545466
1 1 0 20.2894 0.1 6.55024 -1.26103 -3.54715 -1.26103 -3.54715 0.382348 0.545236 0.382348 -0.545236
1 1 0 20.2844 0.1 6.55542 -1.26097 -3.54682 -1.26097 -3.54682 0.382804 0.545005 0.382804 -0.545005
1 1 0 20.2794 0.1 6.56063 -1.26091 -3.54648 -1.26091 -3.54648 0.38326 0.544774 0.38326 -0.544774
1 1 0 20.2745 0.1 6.56585 -1.26085 -3.54615 -1.26085 -3.54615 0.383717 0.544541 0.383717 -0.544541
1 1 0 20.2695 0.1 6.5711 -1.26079 -3.54582 -1.26079 -3.54582 0.384175 0.544307 0.384175 -0.544307
1 1 0 20.2645 0.1 6.57636 -1.26073 -3.54548 -1.26073 -3.54548 0.384633 0.544072 0.384633 -0.544072
1 1 0 20.2595 0.1 6.58165 -1.26067 -3.54515 -1.26067 -3.54515 0.385092 0.543836 0.385092 -0.543836
1 1 0 20.2545 0.1 6.58695 -1.26061 -3.54482 -1.26061 -3.54482 0.385552 0.5436 0.385552 -0.5436
1 1 0 20.2495 0.1 6.59227 -1.26055 -3.54448 -1.26055 -3.54448 0.386013 0.543362 0.386013 -0.543362
1 1 0 20.2445 0.1 6.59761 -1.26049 -3.54415 -1.26049 -3.54415 0.386474 0.543123 0.386474 -0.543123
1 1 0 20.2395 0.1 6.60298 -1.26043 -3.54381 -1.26043 -3.54381 0.386937 0.542883 0.386937 -0.542883
1 1 0 20.2346 0.1 6.60836 -1.26036 -3.54348 -1.26036 -3.54348 0.3874 0.542642 0.3874 -0.542642
1 1 0 20.2296 0.1 6.61376 -1.2603 -3.54314 -1.2603 -3.54314 0.387863 0.5424 0.387863 -0.5424
1 1 0 20.2246 0.1 6.61919 -1.26024 -3.54281 -1.26024 -3.54281 0.388328 0.542157 0.388328 -0.542157
1 1 0 20.2196 0.1 6.62463 -1.26018 -3.54247 -1.26018 -3.54247 0.388793 0.541913 0.388793 -0.541913
1 1 0 20.2146 0.1 6.6301 -1.26012 -3.54214 -1.26012 -3.54214 0.389259 0.541668 0.389259 -0.541668
1 1 0 20.2096 0.1 6.63558 -1.26006 -3.5418 -1.26006 -3.5418 0.389726 0.541422 0.389726 -0.541422
1 1 0 20.2046 0.1 6.64109 -1.26 -3.54146 -1.26 -3.54146 0.390193 0.541175 0.390193 -0.541175
1 1 0 20.1996 0.1 6.64662 -1.25994 -3.54113 -1.25994 -3.54113 0.390661 0.540927 0.390661 -0.540927
1 1 0 20.1946 0.1 6.65217 -1.25988 -3.54079 -1.25988 -3.54079 0.391131 0.540677 0.391131 -0.540677
1 1 0 20.1897 0.1 6.65774 -1.25982 -3.54046 -1.25982 -3.54046 0.3916 0.540427 0.3916 -0.540427
1 1 0 20.1847 0.1 6.66333 -1.25976 -3.54012 -1.25976 -3.54012 0.392071 0.540176 0.392071 -0.540176
1 1 0 20.1797 0.1 6.66894 -1.2597 -3.53978 -1.2597 -3.53978 0.392542 0.539923 0.392542 -0.539923
1 1 0 20.1747 0.1 6.67457 -1.25964 -3.53944 -1.25964 -3.53944 0.393014 0.53967 0.393014 -0.53967
1 1 0 20.1697 0.1 6.68023 -1.25958 -3.53911 -1.25958 -3.53911 0.393487 0.539415 0.393487 -0.539415
1 1 0 20.1647 0.1 6.6859 -1.25952 -3.53877 -1.25952 -3.53877 0.393961 0.53916 0.393961 -0.53916
1 1 0 20.1597 0.1 6.6916 -1.25946 -3.53843 -1.25946 -3.53843 0.394435 0.538903 0.394435 -0.538903
1 1 0 20.1547 0.1 6.69732 -1.2594 -3.53809 -1.2594 -3.53809 0.39491 0.538645 0.39491 -0.538645
1 1 0 20.1498 0.1 6.70307 -1.25934 -3.53775 -1.25934 -3.53775 0.395386 0.538386 0.395386 -0.538386
1 1 0 20.1448 0.1 6.70883 -1.25928 -3.53742 -1.25928 -3.53742 0.395863 0.538126 0.395863 -0.538126
1 1 0 20.1398 0.1 6.71462 -1.25922 -3.53708 -1.25922 -3.53708 0.39634 0.537865 0.39634 -0.537865
1 1 0 20.1348 0.1 6.72043 -1.25916 -3.53674 -1.25916 -3.53674 0.396818 0.537603 0.396818 -0.537603
1 1 0 20.1298 0.1 6.72626 -1.2591 -3.5364 -1.2591 -3.5364 0.397297 0.537339 0.397297 -0.537339
1 1 0 20.1248 0.1 6.73211 -1.25904 -3.53606 -1.25904 -3.53606 0.397777 0.537075 0.397777 -0.537075
1 1 0 20.1198 0.1 6.73799 -1.25898 -3.53572 -1.25898 -3.53572 0.398257 0.536809 0.398257 -0.536809
1 1 0 20.1148 0.1 6.74389 -1.25892 -3.53538 -1.25892 -3.53538 0.398739 0.536543 0.398739 -0.536543
1 1 0 20.1098 0.1 6.74981 -1.25886 -3.53504 -1.25886 -3.53504 0.399221 0.536275 0.399221 -0.536275
1 1 0 20.1049 0.1 6.75576 -1.2588 -3.5347 -1.2588 -3.5347 0.399703 0.536006 0.399703 -0.536006
1 1 0 20.0999 0.1 6.76173 -1.25874 -3.53436 -1.25874 -3.53436 0.400187 0.535736 0.400187 -0.535736
1 1 0 20.0949 0.1 6.76772 -1.25868 -3.53402 -1.25868 -3.53402 0.400671 0.535465 0.400671 -0.535465
1 1 0 20.0899 0.1 6.77374 -1.25862 -3.53368 -1.25862 -3.53368 0.401156 0.535193 0.401156 -0.535193
1 1 0 20.0849 0.1 6.77978 -1.25856 -3.53334 -1.25856 -3.53334 0.401642 0.534919 0.401642 -0.534919
1 1 0 20.0799 0.1 6.78584 -1.2585 -3.533 -1.2585 -3.533 0.402129 0.534645 0.402129 -0.534645
1 1 0 20.0749 0.1 6.79193 -1.25844 -3.53266 -1.25844 -3.53266 0.402616 0.534369 0.402616 -0.534369
1 1 0 20.0699 0.1 6.79804 -1.25838 -3.53231 -1.25838 -3.53231 0.403104 0.534092 0.403104 -0.534092
1 1 0 20.065 0.1 6.80417 -1.25832 -3.53197 -1.25832 -3.53197 0.403593 0.533814 0.403593 -0.533814
1 1 0 20.06 0.1 6.81033 -1.25826 -3.53163 -1.25826 -3.53163 0.404083 0.533535 0.404083 -0.533535
1 1 0 20.055 0.1 6.81652 -1.2582 -3.53129 -1.2582 -3.53129 0.404573 0.533255 0.404573 -0.533255
1 1 0 20.05 0.1 6.82273 -1.25814 -3.53094 -1.25814 -3.53094 0.405064 0.532973 0.405064 -0.532973
1 1 0 20.045 0.1 6.82896 -1.25808 -3.5306 -1.25808 -3.5306 0.405556 0.53269 0.405556 -0.53269
1 1 0 20.04 0.1 6.83522 -1.25802 -3.53026 -1.25802 -3.53026 0.406049 0.532406 0.406049 -0.532406
1 1 0 20.035 0.1 6.8415 -1.25796 -3.52992 -1.25796 -3.52992 0.406543 0.532121 0.406543 -0.532121
1 1 0 20.03 0.1 6.84781 -1.2579 -3.52957 -1.2579 -3.52957 0.407037 0.531835 0.407037 -0.531835
1 1 0 20.0251 0.1 6.85414 -1.25784 -3.52923 -1.25784 -3.52923 0.407532 0.531548 0.407532 -0.531548
1 1 0 20.0201 0.1 6.8605 -1.25778 -3.52889 -1.25778 -3.52889 0.408028 0.531259 0.408028 -0.531259
1 1 0 20.0151 0.1 6.86688 -1.25772 -3.52854 -1.25772 -3.52854 0.408525 0.530969 0.408525 -0.530969
1 1 0 20.0101 0.1 6.87329 -1.25766 -3.5282 -1.25766 -3.5282 0.409022 0.530678 0.409022 -0.530678
1 1 0 20.0051 0.1 6.87973 -1.2576 -3.52785 -1.2576 -3.52785 0.40952 0.530386 0.40952 -0.530386
1 1 0 20.0001 0.1 6.88619 -1.25754 -3.52751 -1.25754 -3.52751 0.410019 0.530092 0.410019 -0.530092
1 1 0 19.9951 0.1 6.89268 -1.25748 -3.52716 -1.25748 -3.52716 0.410519 0.529798 0.410519 -0.529798
1 1 0 19.9901 0.1 6.89919 -1.25742 -3.52682 -1.25742 -3.52682 0.411019 0.529502 0.411019 -0.529502
1 1 0 19.9851 0.1 6.90573 -1.25736 -3.52647 -1.25736 -3.52647 0.411521 0.529205 0.411521 -0.529205
1 1 0 19.9802 0.1 6.9123 -1.25731 -3.52613 -1.25731 -3.52613 0.412023 0.528906 0.412023 -0.528906
1 1 0 19.9752 0.1 6.91889 -1.25725 -3.52578 -1.25725 -3.52578 0.412526 0.528607 0.412526 -0.528607
1 1 0 19.9702 0.1 6.92551 -1.25719 -3.52544 -1.25719 -3.52544 0.413029 0.528306 0.413029 -0.528306
1 1 0 19.9652 0.1 6.93216 -1.25713 -3.52509 -1.25713 -3.52509 0.413534 0.528004 0.413534 -0.528004
1 1 0 19.9602 0.1 6.93883 -1.25707 -3.52474 -1.25707 -3.52474 0.414039 0.5277 0.414039 -0.5277
1 1 0 19.9552 0.1 6.94553 -1.25701 -3.5244 -1.25701 -3.5244 0.414545 0.527396 0.414545 -0.527396
1 1 0 19.9502 0.1 6.95226 -1.25695 -3.52405 -1.25695 -3.52405 0.415051 0.52709 0.415051 -0.52709
1 1 0 19.9452 0.1 6.95902 -1.25689 -3.5237 -1.25689 -3.5237 0.415559 0.526783 0.415559 -0.526783
1 1 0 19.9403 0.1 6.9658 -1.25683 -3.52336 -1.25683 -3.52336 0.416067 0.526474 0.416067 -0.526474
1 1 0 19.9353 0.1 6.97261 -1.25677 -3.52301 -1.25677 -3.52301 0.416576 0.526165 0.416576 -0.526165
1 1 0 19.9303 0.1 6.97945 -1.25671 -3.52266 -1.25671 -3.52266 0.417086 0.525854 0.417086 -0.525854
1 1 0 19.9253 0.1 6.98632 -1.25665 -3.52231 -1.25665 -3.52231 0.417597 0.525542 0.417597 -0.525542
1 1 0 19.9203 0.1 6.99322 -1.25659 -3.52197 -1.25659 -3.52197 0.418108 0.525228 0.418108 -0.525228
1 1 0 19.9153 0.1 7.00014 -1.25653 -3.52162 -1.25653 -3.52162 0.41862 0.524913 0.41862 -0.524913
1 1 0 19.9103 0.1 7.0071 -1.25648 -3.52127 -1.25648 -3.52127 0.419133 0.524597 0.419133 -0.524597
1 1 0 19.9053 0.1 7.01408 -1.25642 -3.52092 -1.25642 -3.52092 0.419647 0.52428 0.419647 -0.52428
1 1 0 19.9004 0.1 7.02109 -1.25636 -3.52057 -1.25636 -3.52057 0.420161 0.523961 0.420161 -0.523961
1 1 0 19.8954 0.1 7.02814 -1.2563 -3.52022 -1.2563 -3.52022 0.420677 0.523641 0.420677 -0.523641
1 1 0 19.8904 0.1 7.03521 -1.25624 -3.51987 -1.25624 -3.51987 0.421193 0.52332 0.421193 -0.52332
1 1 0 19.8854 0.1 7.04231 -1.25618 -3.51953 -1.25618 -3.51953 0.42171 0.522997 0.42171 -0.522997
1 1 0 19.8804 0.1 7.04944 -1.25612 -3.51918 -1.25612 -3.51918 0.422227 0.522673 0.422227 -0.522673
1 1 0 19.8754 0.1 7.0566 -1.25606 -3.51883 -1.25606 -3.51883 0.422746 0.522348 0.422746 -0.522348
1 1 0 19.8704 0.1 7.06379 -1.256 -3.51848 -1.256 -3.51848 0.423265 0.522021 0.423265 -0.522021
1 1 0 19.8654 0.1 7.07101 -1.25594 -3.51812 -1.25594 -3.51812 0.423785 0.521693 0.423785 -0.521693
1 1 0 19.8605 0.1 7.07826 -1.25589 -3.51777 -1.25589 -3.51777 0.424306 0.521363 0.424306 -0.521363
1 1 0 19.8555 0.1 7.08554 -1.25583 -3.51742 -1.25583 -3.51742 0.424828 0.521033 0.424828 -0.521033
1 1 0 19.8505 0.1 7.09286 -1.25577 -3.51707 -1.25577 -3.51707 0.42535 0.520701 0.42535 -0.520701
1 1 0 19.8455 0.1 7.1002 -1.25571 -3.51672 -1.25571 -3.51672 0.425873 0.520367 0.425873 -0.520367
1 1 0 19.8405 0.1 7.10758 -1.25565 -3.51637 -1.25565 -3.51637 0.426397 0.520032 0.426397 -0.520032
1 1 0 19.8355 0.1 7.11498 -1.25559 -3.51602 -1.25559 -3.51602 0.426922 0.519696 0.426922 -0.519696
1 1 0 19.8305 0.1 7.12242 -1.25553 -3.51567 -1.25553 -3.51567 0.427447 0.519358 0.427447 -0.519358
1 1 0 19.8255 0.1 7.12989 -1.25547 -3.51531 -1.25547 -3.51531 0.427974 0.519019 0.427974 -0.519019
1 1 0 19.8206 0.1 7.13739 -1.25542 -3.51496 -1.25542 -3.51496 0.428501 0.518679 0.428501 -0.518679
1 1 0 19.8156 0.1 7.14493 -1.25536 -3.51461 -1.25536 -3.51461 0.429029 0.518337 0.429029 -0.518337
1 1 0 19.8106 0.1 7.1525 -1.2553 -3.51426 -1.2553 -3.51426 0.429557 0.517994 0.429557 -0.517994
1 1 0 19.8056 0.1 7.1601 -1.25524 -3.5139 -1.25524 -3.5139 0.430087 0.51765 0.430087 -0.51765
1 1 0 19.8006 0.1 7.16773 -1.25518 -3.51355 -1.25518 -3.51355 0.430617 0.517304 0.430617 -0.517304
1 1 0 19.7956 0.1 7.1754 -1.25512 -3.5132 -1.25512 -3.5132 0.431148 0.516956 0.431148 -0.516956
1 1 0 19.7906 0.1 7.1831 -1.25507 -3.51284 -1.25507 -3.51284 0.43168 0.516607 0.43168 -0.516607
1 1 0 19.7857 0.1 7.19083 -1.25501 -3.51249 -1.25501 -3.51249 0.432213 0.516257 0.432213 -0.516257
1 1 0 19.7807 0.1 7.1986 -1.25495 -3.51213 -1.25495 -3.51213 0.432746 0.515905 0.432746 -0.515905
1 1 0 19.7757 0.1 7.2064 -1.25489 -3.51178 -1.25489 -3.51178 0.43328 0.515552 0.43328 -0.515552
1 1 0 19.7707 0.1 7.21423 -1.25483 -3.51143 -1.25483 -3.51143 0.433815 0.515198 0.433815 -0.515198
1 1 0 19.7657 0.1 7.2221 -1.25477 -3.51107 -1.25477 -3.51107 0.434351 0.514841 0.434351 -0.514841
1 1 0 19.7607 0.1 7.23 -1.25472 -3.51072 -1.25472 -3.51072 0.434888 0.514484 0.434888 -0.514484
1 1 0 19.7557 0.1 7.23794 -1.25466 -3.51036 -1.25466 -3.51036 0.435425 0.514125 0.435425 -0.514125
1 1 0 19.7507 0.1 7.24592 -1.2546 -3.51001 -1.2546 -3.51001 0.435964 0.513764 0.435964 -0.513764
1 1 0 19.7458 0.1 7.25392 -1.25454 -3.50965 -1.25454 -3.50965 0.436503 0.513402 0.436503 -0.513402
1 1 0 19.7408 0.1 7.26197 -1.25448 -3.50929 -1.25448 -3.50929 0.437042 0.513039 0.437042 -0.513039
1 1 0 19.7358 0.1 7.27005 -1.25442 -3.50894 -1.25442 -3.50894 0.437583 0.512674 0.437583 -0.512674
1 1 0 19.7308 0.1 7.27817 -1.25437 -3.50858 -1.25437 -3.50858 0.438124 0.512308 0.438124 -0.512308
1 1 0 19.7258 0.1 7.28632 -1.25431 -3.50822 -1.25431 -3.50822 0.438667 0.51194 0.438667 -0.51194
1 1 0 19.7208 0.1 7.29451 -1.25425 -3.50787 -1.25425 -3.50787 0.43921 0.51157 0.43921 -0.51157
1 1 0 19.7158 0.1 7.30273 -1.25419 -3.50751 -1.25419 -3.50751 0.439753 0.511199 0.439753 -0.511199
1 1 0 19.7108 0.1 7.31099 -1.25414 -3.50715 -1.25414 -3.50715 0.440298 0.510827 0.440298 -0.510827
1 1 0 19.7059 0.1 7.31929 -1.25408 -3.5068 -1.25408 -3.5068 0.440843 0.510453 0.440843 -0.510453
1 1 0 19.7009 0.1 7.32763 -1.25402 -3.50644 -1.25402 -3.50644 0.441389 0.510077 0.441389 -0.510077
1 1 0 19.6959 0.1 7.33601 -1.25396 -3.50608 -1.25396 -3.50608 0.441936 0.5097 0.441936 -0.5097
1 1 0 19.6909 0.1 7.34442 -1.2539 -3.50572 -1.2539 -3.50572 0.442484 0.509322 0.442484 -0.509322
1 1 0 19.6859 0.1 7.35287 -1.25385 -3.50536 -1.25385 -3.50536 0.443033 0.508942 0.443033 -0.508942
1 1 0 19.6809 0.1 7.36136 -1.25379 -3.505 -1.25379 -3.505 0.443582 0.50856 0.443582 -0.50856
1 1 0 19.6759 0.1 7.36989 -1.25373 -3.50465 -1.25373 -3.50465 0.444132 0.508177 0.444132 -0.508177
1 1 0 19.671 0.1 7.37845 -1.25367 -3.50429 -1.25367 -3.50429 0.444683 0.507792 0.444683 -0.507792
1 1 0 19.666 0.1 7.38706 -1.25362 -3.50393 -1.25362 -3.50393 0.445235 0.507405 0.445235 -0.507405
1 1 0 19.661 0.1 7.39571 -1.25356 -3.50357 -1.25356 -3.50357 0.445788 0.507017 0.445788 -0.507017
1 1 0 19.656 0.1 7.40439 -1.2535 -3.50321 -1.2535 -3.50321 0.446341 0.506628 0.446341 -0.506628
1 1 0 19.651 0.1 7.41312 -1.25344 -3.50285 -1.25344 -3.50285 0.446895 0.506236 0.446895 -0.506236
1 1 0 19.646 0.1 7.42188 -1.25339 -3.50249 -1.25339 -3.50249 0.44745 0.505844 0.44745 -0.505844
1 1 0 19.641 0.1 7.43069 -1.25333 -3.50213 -1.25333 -3.50213 0.448006 0.505449 0.448006 -0.505449
1 1 0 19.636 0.1 7.43954 -1.25327 -3.50177 -1.25327 -3.50177 0.448563 0.505053 0.448563 -0.505053
1 1 0 19.6311 0.1 7.44842 -1.25321 -3.50141 -1.25321 -3.50141 0.44912 0.504655 0.44912 -0.504655
1 1 0 19.6261 0.1 7.45735 -1.25316 -3.50104 -1.25316 -3.50104 0.449678 0.504256 0.449678 -0.504256
1 1 0 19.6211 0.1 7.46633 -1.2531 -3.50068 -1.2531 -3.50068 0.450238 0.503855 0.450238 -0.503855
1 1 0 19.6161 0.1 7.47534 -1.25304 -3.50032 -1.25304 -3.50032 0.450797 0.503452 0.450797 -0.503452
1 1 0 19.6111 0.1 7.48439 -1.25298 -3.49996 -1.25298 -3.49996 0.451358 0.503048 0.451358 -0.503048
1 1 0 19.6061 0.1 7.49349 -1.25293 -3.4996 -1.25293 -3.4996 0.451919 0.502642 0.451919 -0.502642
1 1 0 19.6011 0.1 7.50263 -1.25287 -3.49923 -1.25287 -3.49923 0.452482 0.502235 0.452482 -0.502235
1 1 0 19.5962 0.1 7.51182 -1.25281 -3.49887 -1.25281 -3.49887 0.453045 0.501825 0.453045 -0.501825
1 1 0 19.5912 0.1 7.52105 -1.25276 -3.49851 -1.25276 -3.49851 0.453609 0.501414 0.453609 -0.501414
1 1 0 19.5862 0.1 7.53032 -1.2527 -3.49815 -1.2527 -3.49815 0.454173 0.501002 0.454173 -0.501002
1 1 0 19.5812 0.1 7.53964 -1.25264 -3.49778 -1.25264 -3.49778 0.454739 0.500588 0.454739 -0.500588
1 1 0 19.5762 0.1 7.549 -1.25259 -3.49742 -1.25259 -3.49742 0.455305 0.500171 0.455305 -0.500171
1 1 0 19.5712 0.1 7.5584 -1.25253 -3.49706 -1.25253 -3.49706 0.455872 0.499754 0.455872 -0.499754
1 1 0 19.5662 0.1 7.56785 -1.25247 -3.49669 -1.25247 -3.49669 0.45644 0.499334 0.45644 -0.499334
1 1 0 19.5612 0.1 7.57735 -1.25242 -3.49633 -1.25242 -3.49633 0.457009 0.498913 0.457009 -0.498913
1 1 0 19.5563 0.1 7.58689 -1.25236 -3.49596 -1.25236 -3.49596 0.457578 0.49849 0.457578 -0.49849
1 1 0 19.5513 0.1 7.59648 -1.2523 -3.4956 -1.2523 -3.4956 0.458149 0.498065 0.458149 -0.498065
1 1 0 19.5463 0.1 7.60611 -1.25225 -3.49523 -1.25225 -3.49523 0.45872 0.497639 0.45872 -0.497639
1 1 0 19.5413 0.1 7.61579 -1.25219 -3.49487 -1.25219 -3.49487 0.459292 0.497211 0.459292 -0.497211
1 1 0 19.5363 0.1 7.62552 -1.25213 -3.4945 -1.25213 -3.4945 0.459865 0.496781 0.459865 -0.496781
1 1 0 19.5313 0.1 7.6353 -1.25208 -3.49414 -1.25208 -3.49414 0.460438 0.496349 0.460438 -0.496349
1 1 0 19.5263 0.1 7.64512 -1.25202 -3.49377 -1.25202 -3.49377 0.461013 0.495916 0.461013 -0.495916
1 1 0 19.5214 0.1 7.65499 -1.25196 -3.4934 -1.25196 -3.4934 0.461588 0.49548 0.461588 -0.49548
1 1 0 19.5164 0.1 7.66491 -1.25191 -3.49304 -1.25191 -3.49304 0.462164 0.495043 0.462164 -0.495043
1 1 0 19.5114 0.1 7.67488 -1.25185 -3.49267 -1.25185 -3.49267 0.462741 0.494604 0.462741 -0.494604
1 1 0 19.5064 0.1 7.6849 -1.25179 -3.4923 -1.25179 -3.4923 0.463319 0.494164 0.463319 -0.494164
1 1 0 19.5014 0.1 7.69496 -1.25174 -3.49194 -1.25174 -3.49194 0.463897 0.493721 0.463897 -0.493721
1 1 0 19.4964 0.1 7.70508 -1.25168 -3.49157 -1.25168 -3.49157 0.464477 0.493277 0.464477 -0.493277
1 1 0 19.4914 0.1 7.71525 -1.25163 -3.4912 -1.25163 -3.4912 0.465057 0.492831 0.465057 -0.492831
1 1 0 19.4865 0.1 7.72547 -1.25157 -3.49083 -1.25157 -3.49083 0.465638 0.492383 0.465638 -0.492383
1 1 0 19.4815 0.1 7.73574 -1.25151 -3.49046 -1.25151 -3.49046 0.466219 0.491933 0.466219 -0.491933
1 1 0 19.4765 0.1 7.74606 -1.25146 -3.4901 -1.25146 -3.4901 0.466802 0.491481 0.466802 -0.491481
1 1 0 19.4715 0.1 7.75643 -1.2514 -3.48973 -1.2514 -3.48973 0.467385 0.491027 0.467385 -0.491027
1 1 0 19.4665 0.1 7.76686 -1.25135 -3.48936 -1.25135 -3.48936 0.46797 0.490572 0.46797 -0.490572
1 1 0 19.4615 0.1 7.77734 -1.25129 -3.48899 -1.25129 -3.48899 0.468555 0.490115 0.468555 -0.490115
1 1 0 19.4565 0.1 7.78787 -1.25123 -3.48862 -1.25123 -3.48862 0.469141 0.489655 0.469141 -0.489655
1 1 0 19.4516 0.1 7.79846 -1.25118 -3.48825 -1.25118 -3.48825 0.469727 0.489194 0.469727 -0.489194
1 1 0 19.4466 0.1 7.80909 -1.25112 -3.48788 -1.25112 -3.48788 0.470315 0.488731 0.470315 -0.488731
1 1 0 19.4416 0.1 7.81979 -1.25107 -3.48751 -1.25107 -3.48751 0.470903 0.488266 0.470903 -0.488266
1 1 0 19.4366 0.1 7.83054 -1.25101 -3.48714 -1.25101 -3.48714 0.471492 0.487799 0.471492 -0.487799
1 1 0 19.4316 0.1 7.84134 -1.25096 -3.48677 -1.25096 -3.48677 0.472082 0.48733 0.472082 -0.48733
1 1 0 19.4266 0.1 7.8522 -1.2509 -3.4864 -1.2509 -3.4864 0.472673 0.486859 0.472673 -0.486859
1 1 0 19.4216 0.1 7.86311 -1.25084 -3.48603 -1.25084 -3.48603 0.473265 0.486387 0.473265 -0.486387
1 1 0 19.4167 0.1 7.87409 -1.25079 -3.48566 -1.25079 -3.48566 0.473857 0.485912 0.473857 -0.485912
1 1 0 19.4117 0.1 7.88511 -1.25073 -3.48528 -1.25073 -3.48528 0.47445 0.485435 0.47445 -0.485435
1 1 0 19.4067 0.1 7.8962 -1.25068 -3.48491 -1.25068 -3.48491 0.475045 0.484956 0.475045 -0.484956
1 1 0 19.4017 0.1 7.90734 -1.25062 -3.48454 -1.25062 -3.48454 0.475639 0.484476 0.475639 -0.484476
1 1 0 19.3967 0.1 7.91855 -1.25057 -3.48417 -1.25057 -3.48417 0.476235 0.483993 0.476235 -0.483993
1 1 0 19.3917 0.1 7.92981 -1.25051 -3.48379 -1.25051 -3.48379 0.476832 0.483508 0.476832 -0.483508
1 1 0 19.3867 0.1 7.94113 -1.25046 -3.48342 -1.25046 -3.48342 0.477429 0.483021 0.477429 -0.483021
1 1 0 19.3818 0.1 7.95251 -1.2504 -3.48305 -1.2504 -3.48305 0.478027 0.482533 0.478027 -0.482533
1 1 0 19.3768 0.1 7.96395 -1.25035 -3.48267 -1.25035 -3.48267 0.478626 0.482042 0.478626 -0.482042
1 1 0 19.3718 0.1 7.97545 -1.25029 -3.4823 -1.25029 -3.4823 0.479226 0.481549 0.479226 -0.481549
1 1 0 19.3668 0.1 7.98702 -1.25024 -3.48193 -1.25024 -3.48193 0.479827 0.481054 0.479827 -0.481054
1 1 0 19.3618 0.1 7.99864 -1.25018 -3.48155 -1.25018 -3.48155 0.480429 0.480557 0.480429 -0.480557
1 1 0 19.3568 0.1 8.01033 -1.25013 -3.48118 -1.25013 -3.48118 0.481031 0.480058 0.481031 -0.480058
1 1 0 19.3518 0.1 8.02208 -1.25007 -3.4808 -1.25007 -3.4808 0.481634 0.479557 0.481634 -0.479557
1 1 0 19.3469 0.1 8.03389 -1.25002 -3.48043 -1.25002 -3.48043 0.482238 0.479053 0.482238 -0.479053
1 1 0 19.3419 0.1 8.04577 -1.24996 -3.48005 -1.24996 -3.48005 0.482843 0.478548 0.482843 -0.478548
1 1 0 19.3369 0.1 8.05771 -1.24991 -3.47968 -1.24991 -3.47968 0.483449 0.47804 0.483449 -0.47804
1 1 0 19.3319 0.1 8.06972 -1.24986 -3.4793 -1.24986 -3.4793 0.484055 0.477531 0.484055 -0.477531
1 1 0 19.3269 0.1 8.08179 -1.2498 -3.47892 -1.2498 -3.47892 0.484663 0.477019 0.484663 -0.477019
1 1 0 19.3219 0.1 8.09393 -1.24975 -3.47855 -1.24975 -3.47855 0.485271 0.476505 0.485271 -0.476505
1 1 0 19.3169 0.1 8.10613 -1.24969 -3.47817 -1.24969 -3.47817 0.48588 0.475989 0.48588 -0.475989
1 1 0 19.312 0.1 8.1184 -1.24964 -3.47779 -1.24964 -3.47779 0.48649 0.47547 0.48649 -0.47547
1 1 0 19.307 0.1 8.13074 -1.24958 -3.47742 -1.24958 -3.47742 0.4871 0.47495 0.4871 -0.47495
1 1 0 19.302 0.1 8.14315 -1.24953 -3.47704 -1.24953 -3.47704 0.487712 0.474427 0.487712 -0.474427
1 1 0 19.297 0.1 8.15562 -1.24948 -3.47666 -1.24948 -3.47666 0.488324 0.473902 0.488324 -0.473902
1 1 0 19.292 0.1 8.16817 -1.24942 -3.47628 -1.24942 -3.47628 0.488937 0.473375 0.488937 -0.473375
1 1 0 19.287 0.1 8.18079 -1.24937 -3.47591 -1.24937 -3.47591 0.489551 0.472846 0.489551 -0.472846
1 1 0 19.282 0.1 8.19347 -1.24931 -3.47553 -1.24931 -3.47553 0.490166 0.472314 0.490166 -0.472314
1 1 0 19.2771 0.1 8.20623 -1.24926 -3.47515 -1.24926 -3.47515 0.490782 0.47178 0.490782 -0.47178
1 1 0 19.2721 0.1 8.21906 -1.24921 -3.47477 -1.24921 -3.47477 0.491398 0.471244 0.491398 -0.471244
1 1 0 19.2671 0.1 8.23197 -1.24915 -3.47439 -1.24915 -3.47439 0.492016 0.470706 0.492016 -0.470706
1 1 0 19.2621 0.1 8.24494 -1.2491 -3.47401 -1.2491 -3.47401 0.492634 0.470165 0.492634 -0.470165
1 1 0 19.2571 0.1 8.25799 -1.24905 -3.47363 -1.24905 -3.47363 0.493253 0.469622 0.493253 -0.469622
1 1 0 19.2521 0.1 8.27112 -1.24899 -3.47325 -1.24899 -3.47325 0.493873 0.469077 0.493873 -0.469077
1 1 0 19.2471 0.1 8.28432 -1.24894 -3.47287 -1.24894 -3.47287 0.494494 0.468529 0.494494 -0.468529
1 1 0 19.2422 0.1 8.29759 -1.24889 -3.47249 -1.24889 -3.47249 0.495115 0.467979 0.495115 -0.467979
1 1 0 19.2372 0.1 8.31094 -1.24883 -3.47211 -1.24883 -3.47211 0.495738 0.467427 0.495738 -0.467427
1 1 0 19.2322 0.1 8.32437 -1.24878 -3.47173 -1.24878 -3.47173 0.496361 0.466872 0.496361 -0.466872
1 1 0 19.2272 0.1 8.33788 -1.24873 -3.47135 -1.24873 -3.47135 0.496985 0.466315 0.496985 -0.466315
1 1 0 19.2222 0.1 8.35147 -1.24867 -3.47096 -1.24867 -3.47096 0.49761 0.465756 0.49761 -0.465756
1 1 0 19.2172 0.1 8.36513 -1.24862 -3.47058 -1.24862 -3.47058 0.498235 0.465194 0.498235 -0.465194
1 1 0 19.2122 0.1 8.37888 -1.24857 -3.4702 -1.24857 -3.4702 0.498862 0.46463 0.498862 -0.46463
1 1 0 19.2073 0.1 8.3927 -1.24851 -3.46982 -1.24851 -3.46982 0.499489 0.464063 0.499489 -0.464063
1 1 0 19.2023 0.1 8.40661 -1.24846 -3.46943 -1.24846 -3.46943 0.500118 0.463494 0.500118 -0.463494
1 1 0 19.1973 0.1 8.4206 -1.24841 -3.46905 -1.24841 -3.46905 0.500747 0.462923 0.500747 -0.462923
1 1 0 19.1923 0.1 8.43468 -1.24835 -3.46867 -1.24835 -3.46867 0.501377 0.462349 0.501377 -0.462349
1 1 0 19.1873 0.1 8.44883 -1.2483 -3.46828 -1.2483 -3.46828 0.502008 0.461772 0.502008 -0.461772
1 1 0 19.1823 0.1 8.46308 -1.24825 -3.4679 -1.24825 -3.4679 0.502639 0.461193 0.502639 -0.461193
1 1 0 19.1774 0.1 8.4774 -1.2482 -3.46751 -1.2482 -3.46751 0.503272 0.460612 0.503272 -0.460612
1 1 0 19.1724 0.1 8.49182 -1.24814 -3.46713 -1.24814 -3.46713 0.503905 0.460028 0.503905 -0.460028
1 1 0 19.1674 0.1 8.50632 -1.24809 -3.46675 -1.24809 -3.46675 0.504539 0.459441 0.504539 -0.459441
1 1 0 19.1624 0.1 8.52091 -1.24804 -3.46636 -1.24804 -3.46636 0.505174 0.458852 0.505174 -0.458852
1 1 0 19.1574 0.1 8.53558 -1.24799 -3.46597 -1.24799 -3.46597 0.50581 0.458261 0.50581 -0.458261
1 1 0 19.1524 0.1 8.55035 -1.24794 -3.46559 -1.24794 -3.46559 0.506447 0.457667 0.506447 -0.457667
1 1 0 19.1474 0.1 8.56521 -1.24788 -3.4652 -1.24788 -3.4652 0.507085 0.45707 0.507085 -0.45707
1 1 0 19.1425 0.1 8.58016 -1.24783 -3.46482 -1.24783 -3.46482 0.507723 0.456471 0.507723 -0.456471
1 1 0 19.1375 0.1 8.5952 -1.24778 -3.46443 -1.24778 -3.46443 0.508362 0.455869 0.508362 -0.455869
1 1 0 19.1325 0.1 8.61033 -1.24773 -3.46404 -1.24773 -3.46404 0.509002 0.455264 0.509002 -0.455264
1 1 0 19.1275 0.1 8.62556 -1.24768 -3.46366 -1.24768 -3.46366 0.509643 0.454657 0.509643 -0.454657
1 1 0 19.1225 0.1 8.64088 -1.24762 -3.46327 -1.24762 -3.46327 0.510285 0.454047 0.510285 -0.454047
1 1 0 19.1175 0.1 8.6563 -1.24757 -3.46288 -1.24757 -3.46288 0.510928 0.453435 0.510928 -0.453435
1 1 0 19.1125 0.1 8.67182 -1.24752 -3.46249 -1.24752 -3.46249 0.511571 0.452819 0.511571 -0.452819
1 1 0 19.1076 0.1 8.68743 -1.24747 -3.4621 -1.24747 -3.4621 0.512216 0.452201 0.512216 -0.452201
1 1 0 19.1026 0.1 8.70315 -1.24742 -3.46171 -1.24742 -3.46171 0.512861 0.451581 0.512861 -0.451581
1 1 0 19.0976 0.1 8.71896 -1.24737 -3.46133 -1.24737 -3.46133 0.513507 0.450957 0.513507 -0.450957
1 1 0 19.0926 0.1 8.73487 -1.24732 -3.46094 -1.24732 -3.46094 0.514154 0.450331 0.514154 -0.450331
1 1 0 19.0876 0.1 8.75089 -1.24726 -3.46055 -1.24726 -3.46055 0.514802 0.449703 0.514802 -0.449703
1 1 0 19.0826 0.1 8.767 -1.24721 -3.46016 -1.24721 -3.46016 0.51545 0.449071 0.51545 -0.449071
1 1 0 19.0777 0.1 8.78323 -1.24716 -3.45977 -1.24716 -3.45977 0.5161 0.448436 0.5161 -0.448436
1 1 0 19.0727 0.1 8.79955 -1.24711 -3.45938 -1.24711 -3.45938 0.51675 0.447799 0.51675 -0.447799
1 1 0 19.0677 0.1 8.81599 -1.24706 -3.45899 -1.24706 -3.45899 0.517401 0.447159 0.517401 -0.447159
1 1 0 19.0627 0.1 8.83253 -1.24701 -3.45859 -1.24701 -3.45859 0.518053 0.446516 0.518053 -0.446516
1 1 0 19.0577 0.1 8.84917 -1.24696 -3.4582 -1.24696 -3.4582 0.518706 0.445871 0.518706 -0.445871
1 1 0 19.0527 0.1 8.86593 -1.24691 -3.45781 -1.24691 -3.45781 0.51936 0.445222 0.51936 -0.445222
1 1 0 19.0478 0.1 8.8828 -1.24686 -3.45742 -1.24686 -3.45742 0.520014 0.44457 0.520014 -0.44457
1 1 0 19.0428 0.1 8.89978 -1.24681 -3.45703 -1.24681 -3.45703 0.52067 0.443916 0.52067 -0.443916
1 1 0 19.0378 0.1 8.91687 -1.24676 -3.45663 -1.24676 -3.45663 0.521326 0.443259 0.521326 -0.443259
1 1 0 19.0328 0.1 8.93408 -1.24671 -3.45624 -1.24671 -3.45624 0.521983 0.442598 0.521983 -0.442598
1 1 0 19.0278 0.1 8.9514 -1.24666 -3.45585 -1.24666 -3.45585 0.522642 0.441935 0.522642 -0.441935
1 1 0 19.0228 0.1 8.96884 -1.24661 -3.45545 -1.24661 -3.45545 0.5233 0.441269 0.5233 -0.441269
1 1 0 19.0178 0.1 8.98639 -1.24656 -3.45506 -1.24656 -3.45506 0.52396 0.4406 0.52396 -0.4406
1 1 0 19.0129 0.1 9.00407 -1.24651 -3.45467 -1.24651 -3.45467 0.524621 0.439927 0.524621 -0.439927
1 1 0 19.0079 0.1 9.02186 -1.24646 -3.45427 -1.24646 -3.45427 0.525282 0.439252 0.525282 -0.439252
1 1 0 19.0029 0.1 9.03978 -1.24641 -3.45388 -1.24641 -3.45388 0.525945 0.438574 0.525945 -0.438574
1 1 0 18.9979 0.1 9.05782 -1.24636 -3.45348 -1.24636 -3.45348 0.526608 0.437892 0.526608 -0.437892
1 1 0 18.9929 0.1 9.07598 -1.24631 -3.45309 -1.24631 -3.45309 0.527272 0.437208 0.527272 -0.437208
1 1 0 18.9879 0.1 9.09427 -1.24626 -3.45269 -1.24626 -3.45269 0.527937 0.43652 0.527937 -0.43652
1 1 0 18.983 0.1 9.11268 -1.24621 -3.45229 -1.24621 -3.45229 0.528603 0.43583 0.528603 -0.43583
1 1 0 18.978 0.1 9.13123 -1.24616 -3.4519 -1.24616 -3.4519 0.529269 0.435136 0.529269 -0.435136
1 1 0 18.973 0.1 9.1499 -1.24611 -3.4515 -1.24611 -3.4515 0.529937 0.434439 0.529937 -0.434439
1 1 0 18.968 0.1 9.16871 -1.24606 -3.4511 -1.24606 -3.4511 0.530605 0.433738 0.530605 -0.433738
1 1 0 18.963 0.1 9.18765 -1.24601 -3.45071 -1.24601 -3.45071 0.531274 0.433035 0.531274 -0.433035
1 1 0 18.958 0.1 9.20672 -1.24596 -3.45031 -1.24596 -3.45031 0.531944 0.432328 0.531944 -0.432328
1 1 0 18.9531 0.1 9.22593 -1.24592 -3.44991 -1.24592 -3.44991 0.532615 0.431618 0.532615 -0.431618
1 1 0 18.9481 0.1 9.24527 -1.24587 -3.44951 -1.24587 -3.44951 0.533287 0.430905 0.533287 -0.430905
1 1 0 18.9431 0.1 9.26476 -1.24582 -3.44911 -1.24582 -3.44911 0.53396 0.430189 0.53396 -0.430189
1 1 0 18.9381 0.1 9.28438 -1.24577 -3.44871 -1.24577 -3.44871 0.534633 0.429469 0.534633 -0.429469
1 1 0 18.9331 0.1 9.30415 -1.24572 -3.44831 -1.24572 -3.44831 0.535308 0.428746 0.535308 -0.428746
1 1 0 18.9281 0.1 9.32406 -1.24567 -3.44792 -1.24567 -3.44792 0.535983 0.42802 0.535983 -0.42802
1 1 0 18.9232 0.1 9.34412 -1.24562 -3.44752 -1.24562 -3.44752 0.536659 0.42729 0.536659 -0.42729
1 1 0 18.9182 0.1 9.36432 -1.24558 -3.44711 -1.24558 -3.44711 0.537336 0.426556 0.537336 -0.426556
1 1 0 18.9132 0.1 9.38467 -1.24553 -3.44671 -1.24553 -3.44671 0.538014 0.42582 0.538014 -0.42582
1 1 0 18.9082 0.1 9.40518 -1.24548 -3.44631 -1.24548 -3.44631 0.538693 0.42508 0.538693 -0.42508
1 1 0 18.9032 0.1 9.42583 -1.24543 -3.44591 -1.24543 -3.44591 0.539373 0.424336 0.539373 -0.424336
1 1 0 18.8982 0.1 9.44664 -1.24539 -3.44551 -1.24539 -3.44551 0.540053 0.423589 0.540053 -0.423589
1 1 0 18.8932 0.1 9.46761 -1.24534 -3.44511 -1.24534 -3.44511 0.540734 0.422839 0.540734 -0.422839
1 1 0 18.8883 0.1 9.48873 -1.24529 -3.44471 -1.24529 -3.44471 0.541417 0.422085 0.541417 -0.422085
1 1 0 18.8833 0.1 9.51002 -1.24524 -3.4443 -1.24524 -3.4443 0.5421 0.421327 0.5421 -0.421327
1 1 0 18.8783 0.1 9.53146 -1.2452 -3.4439 -1.2452 -3.4439 0.542784 0.420566 0.542784 -0.420566
1 1 0 18.8733 0.1 9.55307 -1.24515 -3.4435 -1.24515 -3.4435 0.543469 0.419801 0.543469 -0.419801
1 1 0 18.8683 0.1 9.57485 -1.2451 -3.44309 -1.2451 -3.44309 0.544154 0.419033 0.544154 -0.419033
1 1 0 18.8633 0.1 9.59679 -1.24505 -3.44269 -1.24505 -3.44269 0.544841 0.418261 0.544841 -0.418261
1 1 0 18.8584 0.1 9.61891 -1.24501 -3.44228 -1.24501 -3.44228 0.545528 0.417485 0.545528 -0.417485
1 1 0 18.8534 0.1 9.64119 -1.24496 -3.44188 -1.24496 -3.44188 0.546217 0.416705 0.546217 -0.416705
1 1 0 18.8484 0.1 9.66365 -1.24491 -3.44147 -1.24491 -3.44147 0.546906 0.415922 0.546906 -0.415922
1 1 0 18.8434 0.1 9.68629 -1.24487 -3.44107 -1.24487 -3.44107 0.547596 0.415135 0.547596 -0.415135
1 1 0 18.8384 0.1 9.7091 -1.24482 -3.44066 -1.24482 -3.44066 0.548287 0.414344 0.548287 -0.414344
1 1 0 18.8334 0.1 9.7321 -1.24478 -3.44026 -1.24478 -3.44026 0.548979 0.41355 0.548979 -0.41355
1 1 0 18.8285 0.1 9.75528 -1.24473 -3.43985 -1.24473 -3.43985 0.549672 0.412752 0.549672 -0.412752
1 1 0 18.8235 0.1 9.77864 -1.24468 -3.43944 -1.24468 -3.43944 0.550365 0.411949 0.550365 -0.411949
1 1 0 18.8185 0.1 9.8022 -1.24464 -3.43903 -1.24464 -3.43903 0.55106 0.411143 0.55106 -0.411143
1 1 0 18.8135 0.1 9.82594 -1.24459 -3.43863 -1.24459 -3.43863 0.551755 0.410333 0.551755 -0.410333
1 1 0 18.8085 0.1 9.84988 -1.24455 -3.43822 -1.24455 -3.43822 0.552451 0.409519 0.552451 -0.409519
1 1 0 18.8035 0.1 9.87401 -1.2445 -3.43781 -1.2445 -3.43781 0.553148 0.408701 0.553148 -0.408701
1 1 0 18.7986 0.1 9.89834 -1.24446 -3.4374 -1.24446 -3.4374 0.553846 0.407879 0.553846 -0.407879
1 1 0 18.7936 0.1 9.92287 -1.24441 -3.43699 -1.24441 -3.43699 0.554545 0.407053 0.554545 -0.407053
1 1 0 18.7886 0.1 9.94761 -1.24437 -3.43658 -1.24437 -3.43658 0.555245 0.406223 0.555245 -0.406223
1 1 0 18.7836 0.1 9.97255 -1.24432 -3.43617 -1.24432 -3.43617 0.555946 0.405389 0.555946 -0.405389
1 1 0 18.7786 0.1 9.9977 -1.24428 -3.43576 -1.24428 -3.43576 0.556647 0.40455 0.556647 -0.40455
1 1 0 18.7737 0.1 10.0231 -1.24423 -3.43535 -1.24423 -3.43535 0.557349 0.403708 0.557349 -0.403708
1 1 0 18.7687 0.1 10.0486 -1.24419 -3.43494 -1.24419 -3.43494 0.558053 0.402861 0.558053 -0.402861
1 1 0 18.7637 0.1 10.0744 -1.24414 -3.43453 -1.24414 -3.43453 0.558757 0.402011 0.558757 -0.402011
1 1 0 18.7587 0.1 10.1005 -1.2441 -3.43412 -1.2441 -3.43412 0.559462 0.401155 0.559462 -0.401155
1 1 0 18.7537 0.1 10.1267 -1.24405 -3.43371 -1.24405 -3.43371 0.560168 0.400296 0.560168 -0.400296
1 1 0 18.7487 0.1 10.1532 -1.24401 -3.43329 -1.24401 -3.43329 0.560875 0.399432 0.560875 -0.399432
1 1 0 18.7438 0.1 10.1799 -1.24396 -3.43288 -1.24396 -3.43288 0.561582 0.398564 0.561582 -0.398564
1 1 0 18.7388 0.1 10.2068 -1.24392 -3.43247 -1.24392 -3.43247 0.562291 0.397692 0.562291 -0.397692
1 1 0 18.7338 0.1 10.234 -1.24388 -3.43205 -1.24388 -3.43205 0.563 0.396815 0.563 -0.396815
1 1 0 18.7288 0.1 10.2614 -1.24383 -3.43164 -1.24383 -3.43164 0.563711 0.395934 0.563711 -0.395934
1 1 0 18.7238 0.1 10.289 -1.24379 -3.43122 -1.24379 -3.43122 0.564422 0.395048 0.564422 -0.395048
1 1 0 18.7188 0.1 10.3169 -1.24375 -3.43081 -1.24375 -3.43081 0.565134 0.394157 0.565134 -0.394157
1 1 0 18.7139 0.1 10.3451 -1.2437 -3.43039 -1.2437 -3.43039 0.565847 0.393263 0.565847 -0.393263
1 1 0 18.7089 0.1 10.3735 -1.24366 -3.42998 -1.24366 -3.42998 0.566561 0.392363 0.566561 -0.392363
1 1 0 18.7039 0.1 10.4021 -1.24362 -3.42956 -1.24362 -3.42956 0.567275 0.391459 0.567275 -0.391459
1 1 0 18.6989 0.1 10.431 -1.24358 -3.42915 -1.24358 -3.42915 0.567991 0.39055 0.567991 -0.39055
1 1 0 18.6939 0.1 10.4602 -1.24353 -3.42873 -1.24353 -3.42873 0.568708 0.389637 0.568708 -0.389637
1 1 0 18.6889 0.1 10.4897 -1.24349 -3.42831 -1.24349 -3.42831 0.569425 0.388718 0.569425 -0.388718
1 1 0 18.684 0.1 10.5194 -1.24345 -3.42789 -1.24345 -3.42789 0.570143 0.387795 0.570143 -0.387795
1 1 0 18.679 0.1 10.5494 -1.24341 -3.42748 -1.24341 -3.42748 0.570863 0.386867 0.570863 -0.386867
1 1 0 18.674 0.1 10.5797 -1.24336 -3.42706 -1.24336 -3.42706 0.571583 0.385935 0.571583 -0.385935
1 1 0 18.669 0.1 10.6103 -1.24332 -3.42664 -1.24332 -3.42664 0.572304 0.384997 0.572304 -0.384997
1 1 0 18.664 0.1 10.6412 -1.24328 -3.42622 -1.24328 -3.42622 0.573026 0.384054 0.573026 -0.384054
1 1 0 18.6591 0.1 10.6723 -1.24324 -3.4258 -1.24324 -3.4258 0.573748 0.383107 0.573748 -0.383107
1 1 0 18.6541 0.1 10.7038 -1.2432 -3.42538 -1.2432 -3.42538 0.574472 0.382154 0.574472 -0.382154
1 1 0 18.6491 0.1 10.7356 -1.24316 -3.42496 -1.24316 -3.42496 0.575196 0.381196 0.575196 -0.381196
1 1 0 18.6441 0.1 10.7677 -1.24312 -3.42454 -1.24312 -3.42454 0.575922 0.380234 0.575922 -0.380234
1 1 0 18.6391 0.1 10.8 -1.24307 -3.42412 -1.24307 -3.42412 0.576648 0.379266 0.576648 -0.379266
1 1 0 18.6341 0.1 10.8328 -1.24303 -3.42369 -1.24303 -3.42369 0.577375 0.378292 0.577375 -0.378292
1 1 0 18.6292 0.1 10.8658 -1.24299 -3.42327 -1.24299 -3.42327 0.578104 0.377314 0.578104 -0.377314
1 1 0 18.6242 0.1 10.8992 -1.24295 -3.42285 -1.24295 -3.42285 0.578833 0.37633 0.578833 -0.37633
1 1 0 18.6192 0.1 10.9329 -1.24291 -3.42243 -1.24291 -3.42243 0.579563 0.375341 0.579563 -0.375341
1 1 0 18.6142 0.1 10.9669 -1.24287 -3.422 -1.24287 -3.422 0.580293 0.374346 0.580293 -0.374346
1 1 0 18.6092 0.1 11.0013 -1.24283 -3.42158 -1.24283 -3.42158 0.581025 0.373346 0.581025 -0.373346
1 1 0 18.6043 0.1 11.0361 -1.24279 -3.42115 -1.24279 -3.42115 0.581758 0.372341 0.581758 -0.372341
1 1 0 18.5993 0.1 11.0712 -1.24275 -3.42073 -1.24275 -3.42073 0.582491 0.37133 0.582491 -0.37133
1 1 0 18.5943 0.1 11.1066 -1.24271 -3.4203 -1.24271 -3.4203 0.583225 0.370313 0.583225 -0.370313
1 1 0 18.5893 0.1 11.1425 -1.24267 -3.41988 -1.24267 -3.41988 0.583961 0.369291 0.583961 -0.369291
1 1 0 18.5843 0.1 11.1787 -1.24264 -3.41945 -1.24264 -3.41945 0.584697 0.368263 0.584697 -0.368263
1 1 0 18.5793 0.1 11.2153 -1.2426 -3.41902 -1.2426 -3.41902 0.585434 0.367229 0.585434 -0.367229
1 1 0 18.5744 0.1 11.2523 -1.24256 -3.4186 -1.24256 -3.4186 0.586172 0.366189 0.586172 -0.366189
1 1 0 18.5694 0.1 11.2897 -1.24252 -3.41817 -1.24252 -3.41817 0.586911 0.365144 0.586911 -0.365144
1 1 0 18.5644 0.1 11.3274 -1.24248 -3.41774 -1.24248 -3.41774 0.587651 0.364092 0.587651 -0.364092
1 1 0 18.5594 0.1 11.3656 -1.24244 -3.41731 -1.24244 -3.41731 0.588391 0.363035 0.588391 -0.363035
1 1 0 18.5544 0.1 11.4043 -1.24241 -3.41688 -1.24241 -3.41688 0.589133 0.361971 0.589133 -0.361971
1 1 0 18.5495 0.1 11.4433 -1.24237 -3.41645 -1.24237 -3.41645 0.589875 0.360902 0.589875 -0.360902
1 1 0 18.5445 0.1 11.4828 -1.24233 -3.41602 -1.24233 -3.41602 0.590619 0.359826 0.590619 -0.359826
1 1 0 18.5395 0.1 11.5227 -1.24229 -3.41559 -1.24229 -3.41559 0.591363 0.358744 0.591363 -0.358744
1 1 0 18.5345 0.1 11.5631 -1.24226 -3.41516 -1.24226 -3.41516 0.592108 0.357656 0.592108 -0.357656
1 1 0 18.5295 0.1 11.6039 -1.24222 -3.41473 -1.24222 -3.41473 0.592854 0.356561 0.592854 -0.356561
1 1 0 18.5245 0.1 11.6452 -1.24218 -3.4143 -1.24218 -3.4143 0.593601 0.35546 0.593601 -0.35546
1 1 0 18.5196 0.1 11.687 -1.24215 -3.41387 -1.24215 -3.41387 0.594349 0.354353 0.594349 -0.354353
1 1 0 18.5146 0.1 11.7292 -1.24211 -3.41343 -1.24211 -3.41343 0.595098 0.353239 0.595098 -0.353239
1 1 0 18.5096 0.1 11.772 -1.24207 -3.413 -1.24207 -3.413 0.595848 0.352118 0.595848 -0.352118
1 1 0 18.5046 0.1 11.8152 -1.24204 -3.41257 -1.24204 -3.41257 0.596598 0.350991 0.596598 -0.350991
1 1 0 18.4996 0.1 11.859 -1.242 -3.41213 -1.242 -3.41213 0.59735 0.349856 0.59735 -0.349856
1 1 0 18.4947 0.1 11.9033 -1.24197 -3.4117 -1.24197 -3.4117 0.598102 0.348715 0.598102 -0.348715
1 1 0 18.4897 0.1 11.9481 -1.24193 -3.41126 -1.24193 -3.41126 0.598856 0.347567 0.598856 -0.347567
1 1 0 18.4847 0.1 11.9935 -1.24189 -3.41083 -1.24189 -3.41083 0.59961 0.346412 0.59961 -0.346412
1 1 0 18.4797 0.1 12.0394 -1.24186 -3.41039 -1.24186 -3.41039 0.600365 0.34525 0.600365 -0.34525
1 1 0 18.4747 0.1 12.0859 -1.24183 -3.40995 -1.24183 -3.40995 0.601121 0.344081 0.601121 -0.344081
1 1 0 18.4698 0.1 12.133 -1.24179 -3.40951 -1.24179 -3.40951 0.601878 0.342905 0.601878 -0.342905
1 1 0 18.4648 0.1 12.1806 -1.24176 -3.40908 -1.24176 -3.40908 0.602636 0.341721 0.602636 -0.341721
1 1 0 18.4598 0.1 12.2289 -1.24172 -3.40864 -1.24172 -3.40864 0.603395 0.34053 0.603395 -0.34053
1 1 0 18.4548 0.1 12.2777 -1.24169 -3.4082 -1.24169 -3.4082 0.604154 0.339332 0.604154 -0.339332
1 1 0 18.4498 0.1 12.3272 -1.24166 -3.40776 -1.24166 -3.40776 0.604915 0.338126 0.604915 -0.338126
1 1 0 18.4449 0.1 12.3774 -1.24162 -3.40732 -1.24162 -3.40732 0.605676 0.336912 0.605676 -0.336912
1 1 0 18.4399 0.1 12.4282 -1.24159 -3.40688 -1.24159 -3.40688 0.606439 0.33569 0.606439 -0.33569
1 1 0 18.4349 0.1 12.4796 -1.24156 -3.40644 -1.24156 -3.40644 0.607202 0.334461 0.607202 -0.334461
1 1 0 18.4299 0.1 12.5318 -1.24152 -3.406 -1.24152 -3.406 0.607966 0.333224 0.607966 -0.333224
1 1 0 18.4249 0.1 12.5846 -1.24149 -3.40555 -1.24149 -3.40555 0.608731 0.331979 0.608731 -0.331979
1 1 0 18.42 0.1 12.6382 -1.24146 -3.40511 -1.24146 -3.40511 0.609497 0.330725 0.609497 -0.330725
1 1 0 18.415 0.1 12.6925 -1.24143 -3.40467 -1.24143 -3.40467 0.610264 0.329464 0.610264 -0.329464
1 1 0 18.41 0.1 12.7475 -1.24139 -3.40422 -1.24139 -3.40422 0.611032 0.328194 0.611032 -0.328194
1 1 0 18.405 0.1 12.8033 -1.24136 -3.40378 -1.24136 -3.40378 0.611801 0.326916 0.611801 -0.326916
1 1 0 18.4 0.1 12.8599 -1.24133 -3.40333 -1.24133 -3.40333 0.612571 0.325629 0.612571 -0.325629
1 1 0 18.3951 0.1 12.9172 -1.2413 -3.40289 -1.2413 -3.40289 0.613341 0.324333 0.613341 -0.324333
1 1 0 18.3901 0.1 12.9754 -1.24127 -3.40244 -1.24127 -3.40244 0.614113 0.323029 0.614113 -0.323029
1 1 0 18.3851 0.1 13.0344 -1.24124 -3.40199 -1.24124 -3.40199 0.614885 0.321716 0.614885 -0.321716
1 1 0 18.3801 0.1 13.0943 -1.24121 -3.40155 -1.24121 -3.40155 0.615659 0.320394 0.615659 -0.320394
1 1 0 18.3751 0.1 13.1551 -1.24118 -3.4011 -1.24118 -3.4011 0.616433 0.319063 0.616433 -0.319063
1 1 0 18.3702 0.1 13.2167 -1.24115 -3.40065 -1.24115 -3.40065 0.617208 0.317722 0.617208 -0.317722
1 1 0 18.3652 0.1 13.2793 -1.24112 -3.4002 -1.24112 -3.4002 0.617984 0.316373 0.617984 -0.316373
1 1 0 18.3602 0.1 13.3428 -1.24109 -3.39975 -1.24109 -3.39975 0.618761 0.315013 0.618761 -0.315013
1 1 0 18.3552 0.1 13.4073 -1.24106 -3.3993 -1.24106 -3.3993 0.619539 0.313645 0.619539 -0.313645
1 1 0 18.3502 0.1 13.4728 -1.24103 -3.39885 -1.24103 -3.39885 0.620318 0.312266 0.620318 -0.312266
1 1 0 18.3453 0.1 13.5393 -1.24101 -3.3984 -1.24101 -3.3984 0.621098 0.310878 0.621098 -0.310878
1 1 0 18.3403 0.1 13.6068 -1.24098 -3.39795 -1.24098 -3.39795 0.621879 0.309479 0.621879 -0.309479
1 1 0 18.3353 0.1 13.6754 -1.24095 -3.39749 -1.24095 -3.39749 0.62266 0.308071 0.62266 -0.308071
1 1 0 18.3303 0.1 13.7451 -1.24092 -3.39704 -1.24092 -3.39704 0.623443 0.306652 0.623443 -0.306652
1 1 0 18.3253 0.1 13.8159 -1.2409 -3.39659 -1.2409 -3.39659 0.624226 0.305223 0.624226 -0.305223
1 1 0 18.3204 0.1 13.8879 -1.24087 -3.39613 -1.24087 -3.39613 0.625011 0.303783 0.625011 -0.303783
1 1 0 18.3154 0.1 13.9611 -1.24084 -3.39567 -1.24084 -3.39567 0.625796 0.302332 0.625796 -0.302332
1 1 0 18.3104 0.1 14.0355 -1.24082 -3.39522 -1.24082 -3.39522 0.626582 0.30087 0.626582 -0.30087
1 1 0 18.3054 0.1 14.1112 -1.24079 -3.39476 -1.24079 -3.39476 0.627369 0.299397 0.627369 -0.299397
1 1 0 18.3004 0.1 14.1881 -1.24077 -3.3943 -1.24077 -3.3943 0.628157 0.297913 0.628157 -0.297913
1 1 0 18.2955 0.1 14.2664 -1.24074 -3.39385 -1.24074 -3.39385 0.628946 0.296418 0.628946 -0.296418
1 1 0 18.2905 0.1 14.346 -1.24072 -3.39339 -1.24072 -3.39339 0.629736 0.294911 0.629736 -0.294911
1 1 0 18.2855 0.1 14.4271 -1.24069 -3.39293 -1.24069 -3.39293 0.630527 0.293392 0.630527 -0.293392
1 1 0 18.2805 0.1 14.5095 -1.24067 -3.39247 -1.24067 -3.39247 0.631319 0.291861 0.631319 -0.291861
1 1 0 18.2755 0.1 14.5935 -1.24064 -3.39201 -1.24064 -3.39201 0.632111 0.290317 0.632111 -0.290317
1 1 0 18.2706 0.1 14.679 -1.24062 -3.39155 -1.24062 -3.39155 0.632905 0.288762 0.632905 -0.288762
1 1 0 18.2656 0.1 14.7661 -1.2406 -3.39108 -1.2406 -3.39108 0.6337 0.287194 0.6337 -0.287194
1 1 0 18.2606 0.1 14.8549 -1.24057 -3.39062 -1.24057 -3.39062 0.634495 0.285612 0.634495 -0.285612
1 1 0 18.2556 0.1 14.9453 -1.24055 -3.39016 -1.24055 -3.39016 0.635291 0.284018 0.635291 -0.284018
1 1 0 18.2507 0.1 15.0374 -1.24053 -3.38969 -1.24053 -3.38969 0.636089 0.282411 0.636089 -0.282411
1 1 0 18.2457 0.1 15.1314 -1.24051 -3.38923 -1.24051 -3.38923 0.636887 0.28079 0.636887 -0.28079
1 1 0 18.2407 0.1 15.2271 -1.24049 -3.38876 -1.24049 -3.38876 0.637686 0.279155 0.637686 -0.279155
1 1 0 18.2357 0.1 15.3248 -1.24046 -3.38829 -1.24046 -3.38829 0.638486 0.277506 0.638486 -0.277506
1 1 0 18.2307 0.1 15.4245 -1.24044 -3.38783 -1.24044 -3.38783 0.639287 0.275843 0.639287 -0.275843
1 1 0 18.2258 0.1 15.5262 -1.24042 -3.38736 -1.24042 -3.38736 0.640089 0.274165 0.640089 -0.274165
1 1 0 18.2208 0.1 15.63 -1.2404 -3.38689 -1.2404 -3.38689 0.640892 0.272473 0.640892 -0.272473
1 1 0 18.2158 0.1 15.736 -1.24038 -3.38642 -1.24038 -3.38642 0.641696 0.270765 0.641696 -0.270765
1 1 0 18.2108 0.1 15.8443 -1.24037 -3.38595 -1.24037 -3.38595 0.6425 0.269042 0.6425 -0.269042
1 1 0 18.2059 0.1 15.9549 -1.24035 -3.38548 -1.24035 -3.38548 0.643306 0.267303 0.643306 -0.267303
1 1 0 18.2009 0.1 16.0679 -1.24033 -3.385 -1.24033 -3.385 0.644113 0.265548 0.644113 -0.265548
1 1 0 18.1959 0.1 16.1835 -1.24031 -3.38453 -1.24031 -3.38453 0.64492 0.263777 0.64492 -0.263777
1 1 0 18.1909 0.1 16.3016 -1.24029 -3.38406 -1.24029 -3.38406 0.645729 0.261989 0.645729 -0.261989
1 1 0 18.1859 0.1 16.4225 -1.24028 -3.38358 -1.24028 -3.38358 0.646538 0.260184 0.646538 -0.260184
1 1 0 18.181 0.1 16.5462 -1.24026 -3.38311 -1.24026 -3.38311 0.647348 0.258361 0.647348 -0.258361
1 1 0 18.176 0.1 16.6728 -1.24024 -3.38263 -1.24024 -3.38263 0.648159 0.256521 0.648159 -0.256521
1 1 0 18.171 0.1 16.8024 -1.24023 -3.38215 -1.24023 -3.38215 0.648972 0.254662 0.648972 -0.254662
1 1 0 18.166 0.1 16.9352 -1.24021 -3.38168 -1.24021 -3.38168 0.649785 0.252785 0.649785 -0.252785
1 1 0 18.1611 0.1 17.0713 -1.2402 -3.3812 -1.2402 -3.3812 0.650599 0.250888 0.650599 -0.250888
1 1 0 18.1561 0.1 17.2109 -1.24018 -3.38072 -1.24018 -3.38072 0.651414 0.248973 0.651414 -0.248973
1 1 0 18.1511 0.1 17.3539 -1.24017 -3.38024 -1.24017 -3.38024 0.65223 0.247037 0.65223 -0.247037
1 1 0 18.1461 0.1 17.5008 -1.24015 -3.37975 -1.24015 -3.37975 0.653046 0.245081 0.653046 -0.245081
1 1 0 18.1412 0.1 17.6515 -1.24014 -3.37927 -1.24014 -3.37927 0.653864 0.243103 0.653864 -0.243103
1 1 0 18.1362 0.1 17.8063 -1.24013 -3.37879 -1.24013 -3.37879 0.654683 0.241105 0.654683 -0.241105
1 1 0 18.1312 0.1 17.9653 -1.24012 -3.3783 -1.24012 -3.3783 0.655502 0.239084 0.655502 -0.239084
1 1 0 18.1262 0.1 18.1288 -1.24011 -3.37782 -1.24011 -3.37782 0.656323 0.237041 0.656323 -0.237041
1 1 0 18.1212 0.1 18.2969 -1.24009 -3.37733 -1.24009 -3.37733 0.657144 0.234974 0.657144 -0.234974
1 1 0 18.1163 0.1 18.47 -1.24008 -3.37684 -1.24008 -3.37684 0.657967 0.232883 0.657967 -0.232883
1 1 0 18.1113 0.1 18.6481 -1.24007 -3.37636 -1.24007 -3.37636 0.65879 0.230769 0.65879 -0.230769
1 1 0 18.1063 0.1 18.8316 -1.24006 -3.37587 -1.24006 -3.37587 0.659614 0.228628 0.659614 -0.228628
1 1 0 18.1013 0.1 19.0208 -1.24006 -3.37538 -1.24006 -3.37538 0.66044 0.226462 0.66044 -0.226462
1 1 0 18.0964 0.1 19.2159 -1.24005 -3.37489 -1.24005 -3.37489 0.661266 0.22427 0.661266 -0.22427
1 1 0 18.0914 0.1 19.4173 -1.24004 -3.37439 -1.24004 -3.37439 0.662093 0.222049 0.662093 -0.222049
1 1 0 18.0864 0.1 19.6253 -1.24003 -3.3739 -1.24003 -3.3739 0.662921 0.219801 0.662921 -0.219801
1 1 0 18.0814 0.1 19.8402 -1.24003 -3.3734 -1.24003 -3.3734 0.66375 0.217523 0.66375 -0.217523
1 1 0 18.0765 0.1 20.0626 -1.24002 -3.37291 -1.24002 -3.37291 0.66458 0.215215 0.66458 -0.215215
1 1 0 18.0715 0.1 20.2927 -1.24001 -3.37241 -1.24001 -3.37241 0.665411 0.212876 0.665411 -0.212876
1 1 0 18.0665 0.1 20.5311 -1.24001 -3.37191 -1.24001 -3.37191 0.666242 0.210505 0.666242 -0.210505
1 1 0 18.0615 0.1 20.7782 -1.24001 -3.37142 -1.24001 -3.37142 0.667075 0.208101 0.667075 -0.208101
1 1 0 18.0566 0.1 21.0347 -1.24 -3.37092 -1.24 -3.37092 0.667909 0.205661 0.667909 -0.205661
1 1 0 18.0516 0.1 21.3011 -1.24 -3.37041 -1.24 -3.37041 0.668743 0.203187 0.668743 -0.203187
1 1 0 18.0466 0.1 21.578 -1.24 -3.36991 -1.24 -3.36991 0.669579 0.200675 0.669579 -0.200675
1 1 0 18.0416 0.1 21.8662 -1.23999 -3.36941 -1.23999 -3.36941 0.670415 0.198125 0.670415 -0.198125
1 1 0 18.0367 0.1 22.1665 -1.23999 -3.3689 -1.23999 -3.3689 0.671253 0.195534 0.671253 -0.195534
1 1 0 18.0317 0.1 22.4797 -1.23999 -3.3684 -1.23999 -3.3684 0.672091 0.192902 0.672091 -0.192902
1 1 0 18.0267 0.1 22.8068 -1.23999 -3.36789 -1.23999 -3.36789 0.67293 0.190227 0.67293 -0.190227
1 1 0 18.0217 0.1 23.1488 -1.23999 -3.36738 -1.23999 -3.36738 0.67377 0.187506 0.67377 -0.187506
1 1 0 18.0168 0.1 23.5069 -1.24 -3.36687 -1.24 -3.36687 0.674612 0.184738 0.674612 -0.184738
1 1 0 18.0118 0.1 23.8824 -1.24 -3.36636 -1.24 -3.36636 0.675454 0.181921 0.675454 -0.181921
1 1 0 18.0068 0.1 24.2767 -1.24 -3.36585 -1.24 -3.36585 0.676297 0.179052 0.676297 -0.179052
1 1 0 18.0018 0.1 24.6915 -1.24001 -3.36533 -1.24001 -3.36533 0.677141 0.176128 0.677141 -0.176128
1 1 0 17.9969 0.1 25.1286 -1.24001 -3.36482 -1.24001 -3.36482 0.677985 0.173148 0.677985 -0.173148
1 1 0 17.9919 0.1 25.5901 -1.24002 -3.3643 -1.24002 -3.3643 0.678831 0.170107 0.678831 -0.170107
1 1 0 17.9869 0.1 26.0782 -1.24002 -3.36378 -1.24002 -3.36378 0.679678 0.167003 0.679678 -0.167003
1 1 0 17.982 0.1 26.5958 -1.24003 -3.36326 -1.24003 -3.36326 0.680526 0.163832 0.680526 -0.163832
1 1 0 17.977 0.1 27.1458 -1.24004 -3.36274 -1.24004 -3.36274 0.681374 0.16059 0.681374 -0.16059
1 1 0 17.972 0.1 27.7317 -1.24005 -3.36222 -1.24005 -3.36222 0.682224 0.157272 0.682224 -0.157272
1 1 0 17.967 0.1 28.3577 -1.24006 -3.3617 -1.24006 -3.3617 0.683074 0.153874 0.683074 -0.153874
1 1 0 17.9621 0.1 29.0285 -1.24007 -3.36117 -1.24007 -3.36117 0.683926 0.150391 0.683926 -0.150391
1 1 0 17.9571 0.1 29.7498 -1.24008 -3.36065 -1.24008 -3.36065 0.684778 0.146815 0.684778 -0.146815
1 1 0 17.9521 0.1 30.5281 -1.24009 -3.36012 -1.24009 -3.36012 0.685631 0.143141 0.685631 -0.143141
1 1 0 17.9471 0.1 31.3715 -1.24011 -3.35959 -1.24011 -3.35959 0.686486 0.13936 0.686486 -0.13936
1 1 0 17.9422 0.1 32.2894 -1.24012 -3.35905 -1.24012 -3.35905 0.687341 0.135464 0.687341 -0.135464
1 1 0 17.9372 0.1 33.2935 -1.24014 -3.35852 -1.24014 -3.35852 0.688197 0.131441 0.688197 -0.131441
1 1 0 17.9322 0.1 34.3983 -1.24015 -3.35798 -1.24015 -3.35798 0.689054 0.127281 0.689054 -0.127281
1 1 0 17.9273 0.1 35.6217 -1.24017 -3.35745 -1.24017 -3.35745 0.689912 0.122969 0.689912 -0.122969
1 1 0 17.9223 0.1 36.9864 -1.24019 -3.35691 -1.24019 -3.35691 0.690771 0.118489 0.690771 -0.118489
1 1 0 17.9173 0.1 38.5221 -1.24021 -3.35637 -1.24021 -3.35637 0.691631 0.11382 0.691631 -0.11382
1 1 0 17.9124 0.1 40.2676 -1.24023 -3.35583 -1.24023 -3.35583 0.692492 0.108939 0.692492 -0.108939
1 1 0 17.9074 0.1 42.2753 -1.24025 -3.35528 -1.24025 -3.35528 0.693353 0.103815 0.693353 -0.103815
1 1 0 17.9024 0.1 44.6184 -1.24027 -3.35473 -1.24027 -3.35473 0.694216 0.0984112 0.694216 -0.0984112
1 1 0 17.8974 0.1 47.4016 -1.2403 -3.35419 -1.2403 -3.35419 0.695079 0.0926776 0.695079 -0.0926776
1 1 0 17.8925 0.1 50.7828 -1.24032 -3.35363 -1.24032 -3.35363 0.695944 0.086549 0.695944 -0.086549
1 1 0 17.8875 0.1 55.0114 -1.24035 -3.35308 -1.24035 -3.35308 0.696809 0.0799347 0.696809 -0.0799347
1 1 0 17.8825 0.1 60.5134 -1.24038 -3.35253 -1.24038 -3.35253 0.697676 0.0727021 0.697676 -0.0727021
1 1 0 17.8776 0.1 68.0896 -1.24041 -3.35197 -1.24041 -3.35197 0.698543 0.0646439 0.698543 -0.0646439
1 1 0 17.8726 0.1 79.4874 -1.24044 -3.35141 -1.24044 -3.35141 0.699411 0.0554013 0.699411 -0.0554013
1 1 0 17.8676 0.1 99.595 -1.24047 -3.35085 -1.24047 -3.35085 0.70028 0.0442375 0.70028 -0.0442375
1 1 0 17.8627 0.1 151.923 -1.2405 -3.35028 -1.2405 -3.35028 0.70115 0.0290145 0.70115 -0.0290145
1 1 0 17.8577 0.1 151.923 -1.24054 -3.34972 -1.24054 -3.34972 0.718638 0 0.685405 0
1 1 0 17.8527 0.1 151.923 -1.24058 -3.34915 -1.24058 -3.34915 0.740268 0 0.665519 0
1 1 0 17.8478 0.1 151.923 -1.24061 -3.34858 -1.24061 -3.34858 0.75397 0 0.653563 0
1 1 0 17.8428 0.1 151.923 -1.24065 -3.348 -1.24065 -3.348 0.765028 0 0.644252 0
1 1 0 17.8378 0.1 151.923 -1.2407 -3.34743 -1.2407 -3.34743 0.774622 0 0.636407 0
1 1 0 17.8329 0.1 151.923 -1.24074 -3.34685 -1.24074 -3.34685 0.783253 0 0.629528 0
1 1 0 17.8279 0.1 151.923 -1.24078 -3.34626 -1.24078 -3.34626 0.791187 0 0.623346 0
1 1 0 17.8229 0.1 151.923 -1.24083 -3.34568 -1.24083 -3.34568 0.798589 0 0.617699 0
1 1 0 17.818 0.1 151.923 -1.24088 -3.34509 -1.24088 -3.34509 0.805566 0 0.612479 0
1 1 0 17.813 0.1 151.923 -1.24093 -3.3445 -1.24093 -3.3445 0.812195 0 0.607608 0
1 1 0 17.808 0.1 151.923 -1.24098 -3.3439 -1.24098 -3.3439 0.818532 0 0.603032 0
1 1 0 17.8031 0.1 151.923 -1.24104 -3.3433 -1.24104 -3.3433 0.824618 0 0.598707 0
1 1 0 17.7981 0.1 151.923 -1.2411 -3.3427 -1.2411 -3.3427 0.830488 0 0.594601 0
1 1 0 17.7931 0.1 151.923 -1.24116 -3.34209 -1.24116 -3.34209 0.836168 0 0.590687 0
1 1 0 17.7882 0.1 151.923 -1.24122 -3.34148 -1.24122 -3.34148 0.84168 0 0.586943 0
1 1 0 17.7832 0.1 151.923 -1.24128 -3.34087 -1.24128 -3.34087 0.84704 0 0.583352 0
1 1 0 17.7783 0.1 151.923 -1.24135 -3.34025 -1.24135 -3.34025 0.852265 0 0.579898 0
1 1 0 17.7733 0.1 151.923 -1.24142 -3.33963 -1.24142 -3.33963 0.857367 0 0.576569 0
1 1 0 17.7683 0.1 151.923 -1.24149 -3.33901 -1.24149 -3.33901 0.862356 0 0.573354 0
1 1 0 17.7634 0.1 151.923 -1.24157 -3.33838 -1.24157 -3.33838 0.867242 0 0.570244 0
1 1 0 17.7584 0.1 151.923 -1.24165 -3.33774 -1.24165 -3.33774 0.872034 0 0.56723 0
1 1 0 17.7535 0.1 151.923 -1.24173 -3.3371 -1.24173 -3.3371 0.876738 0 0.564306 0
1 1 0 17.7485 0.1 151.923 -1.24181 -3.33646 -1.24181 -3.33646 0.881361 0 0.561464 0
1 1 0 17.7435 0.1 151.923 -1.2419 -3.3358 -1.2419 -3.3358 0.885908 0 0.5587 0
1 1 0 17.7386 0.1 151.923 -1.24199 -3.33515 -1.24199 -3.33515 0.890385 0 0.556009 0
1 1 0 17.7336 0.1 151.923 -1.24209 -3.33449 -1.24209 -3.33449 0.894795 0 0.553385 0
1 1 0 17.7287 0.1 151.923 -1.24219 -3.33382 -1.24219 -3.33382 0.899143 0 0.550825 0
1 1 0 17.7237 0.1 151.923 -1.24229 -3.33314 -1.24229 -3.33314 0.903432 0 0.548325 0
1 1 0 17.7188 0.1 151.923 -1.2424 -3.33246 -1.2424 -3.33246 0.907666 0 0.545882 0
1 1 0 17.7138 0.1 151.923 -1.24251 -3.33177 -1.24251 -3.33177 0.911848 0 0.543493 0
1 1 0 17.7089 0.1 151.923 -1.24263 -3.33107 -1.24263 -3.33107 0.915981 0 0.541155 0
1 1 0 17.7039 0.1 151.923 -1.24276 -3.33037 -1.24276 -3.33037 0.920066 0 0.538866 0
1 1 0 17.699 0.1 151.923 -1.24289 -3.32965 -1.24289 -3.32965 0.924106 0 0.536623 0
1 1 0 17.694 0.1 151.923 -1.24302 -3.32893 -1.24302 -3.32893 0.928104 0 0.534424 0
1 1 0 17.6891 0.1 151.923 -1.24317 -3.32819 -1.24317 -3.32819 0.932061 0 0.532267 0
1 1 0 17.6842 0.1 151.923 -1.24332 -3.32744 -1.24332 -3.32744 0.935979 0 0.53015 0
1 1 0 17.6792 0.1 151.923 -1.24348 -3.32669 -1.24348 -3.32669 0.939859 0 0.528072 0
1 1 0 17.6743 0.1 151.923 -1.24365 -3.32592 -1.24365 -3.32592 0.943704 0 0.526031 0
1 1 0 17.6693 0.1 151.923 -1.24382 -3.32513 -1.24382 -3.32513 0.947513 0 0.524026 0
1 1 0 17.6644 0.1 151.923 -1.24401 -3.32433 -1.24401 -3.32433 0.95129 0 0.522055 0
1 1 0 17.6595 0.1 151.923 -1.24421 -3.32351 -1.24421 -3.32351 0.955033 0 0.520118 0
1 1 0 17.6546 0.1 151.923 -1.24442 -3.32267 -1.24442 -3.32267 0.958746 0 0.518212 0
1 1 0 17.6496 0.1 151.923 -1.24465 -3.32181 -1.24465 -3.32181 0.962427 0 0.516338 0
1 1 0 17.6447 0.1 151.923 -1.2449 -3.32093 -1.2449 -3.32093 0.966078 0 0.514494 0
1 1 0 17.6398 0.1 151.923 -1.24516 -3.32001 -1.24516 -3.32001 0.969699 0 0.51268 0
1 1 0 17.6349 0.1 151.923 -1.24545 -3.31906 -1.24545 -3.31906 0.97329 0 0.510895 0
1 1 0 17.63 0.1 151.923 -1.24576 -3.31807 -1.24576 -3.31807 0.976851 0 0.509138 0
1 1 0 17.6251 0.1 151.923 -1.24611 -3.31704 -1.24611 -3.31704 0.98038 0 0.507411 0
1 1 0 17.6203 0.1 151.923 -1.2465 -3.31594 -1.2465 -3.31594 0.983875 0 0.505713 0
1 1 0 17.6154 0.1 151.923 -1.24695 -3.31475 -1.24695 -3.31475 0.987333 0 0.504045 0
1 1 0 17.6106 0.1 151.923 -1.24748 -3.31346 -1.24748 -3.31346 0.990744 0 0.502412 0
1 1 0 17.6059 0.1 151.923 -1.24813 -3.31198 -1.24813 -3.31198 0.994089 0 0.500823 0
1 1 0 17.6013 0.1 151.923 -1.24902 -3.31017 -1.24902 -3.31017 0.997306 0 0.499304 0
1 1 0 17.5992 0.1 151.923 -1.24966 -3.309 -1.24966 -3.309 0.998787 0 0.498608 0
1 1 0 17.5983 0.1 151.923 -1.25008 -3.30827 -1.25008 -3.30827 0.999434 0 0.498305 0
1 1 0 17.5976 0.1 151.923 -1.25063 -3.30738 -1.25063 -3.30738 0.999906 0 0.498084 0
2 1 0 22.82 0.1 0 -1.29208 -3.69134 -1.29208 -3.69134 0.372299 0.655331 0.372299 -0.655331
1 1 0 22.82 0.1 5.33199 -1.29208 -3.69134 -1.29208 -3.69134 0.24075 0.581711 0.24075 -0.581711
1 1 0 22.82 0.1 5.33199 -1.29208 -3.69134 -1.29208 -3.69134 0.24075 0.581711 0.24075 -0.581711
1 1 0 22.82 0.1 5.33199 -1.29208 -3.69134 -1.29208 -3.69134 0.24075 0.581711 0.24075 -0.581711
1 1 0 22.82 0.1 5.33199 -1.29208 -3.69134 -1.29208 -3.69134 0.24075 0.581711 0.24075 -0.581711
1 1 0 22.82 0.1 5.33199 -1.29208 -3.69134 -1.29208 -3.69134 0.24075 0.581711 0.24075 -0.581711
1 1 0 22.82 0.1 5.33199 -1.29208 -3.69134 -1.29208 -3.69134 0.24075 0.581711 0.24075 -0.581711
1 1 0 22.82 0.1 5.33198 -1.29208 -3.69134 -1.29208 -3.69134 0.240749 0.581711 0.240749 -0.581711
1 1 0 22.8201 0.1 5.33198 -1.29208 -3.69134 -1.29208 -3.69134 0.240749 0.58171 0.240749 -0.58171
1 1 0 22.8201 0.1 5.33197 -1.29208 -3.69134 -1.29208 -3.69134 0.240748 0.58171 0.240748 -0.58171
1 1 0 22.8202 0.1 5.33197 -1.29208 -3.69135 -1.29208 -3.69135 0.240746 0.58171 0.240746 -0.58171
1 1 0 22.8203 0.1 5.33195 -1.29208 -3.69135 -1.29208 -3.69135 0.240744 0.581709 0.240744 -0.581709
1 1 0 22.8204 0.1 5.33193 -1.29208 -3.69136 -1.29208 -3.69136 0.240741 0.581708 0.240741 -0.581708
1 1 0 22.8206 0.1 5.3319 -1.29209 -3.69137 -1.29209 -3.69137 0.240735 0.581707 0.240735 -0.581707
1 1 0 22.821 0.1 5.33186 -1.29209 -3.69138 -1.29209 -3.69138 0.240728 0.581705 0.240728 -0.581705
1 1 0 22.8214 0.1 5.33179 -1.2921 -3.69141 -1.2921 -3.69141 0.240716 0.581703 0.240716 -0.581703
1 1 0 22.8222 0.1 5.33168 -1.2921 -3.69144 -1.2921 -3.69144 0.240699 0.581698 0.240699 -0.581698
1 1 0 22.8233 0.1 5.33153 -1.29212 -3.69149 -1.29212 -3.69149 0.240673 0.581692 0.240673 -0.581692
1 1 0 22.8249 0.1 5.3313 -1.29214 -3.69157 -1.29214 -3.69157 0.240635 0.581683 0.240635 -0.581683
1 1 0 22.8274 0.1 5.33095 -1.29217 -3.69169 -1.29217 -3.69169 0.240577 0.581668 0.240577 -0.581668
1 1 0 22.8312 0.1 5.33044 -1.29221 -3.69186 -1.29221 -3.69186 0.24049 0.581647 0.24049 -0.581647
1 1 0 22.8362 0.1 5.32975 -1.29227 -3.6921 -1.29227 -3.6921 0.240375 0.581618 0.240375 -0.581618
1 1 0 22.8412 0.1 5.32907 -1.29233 -3.69233 -1.29233 -3.69233 0.24026 0.581589 0.24026 -0.581589
1 1 0 22.8462 0.1 5.32839 -1.29239 -3.69257 -1.29239 -3.69257 0.240146 0.581559 0.240146 -0.581559
1 1 0 22.8511 0.1 5.32772 -1.29245 -3.6928 -1.29245 -3.6928 0.240033 0.58153 0.240033 -0.58153
1 1 0 22.8561 0.1 5.32706 -1.29251 -3.69304 -1.29251 -3.69304 0.23992 0.5815 0.23992 -0.5815
1 1 0 22.8611 0.1 5.32639 -1.29257 -3.69327 -1.29257 -3.69327 0.239807 0.58147 0.239807 -0.58147
1 1 0 22.8661 0.1 5.32573 -1.29263 -3.6935 -1.29263 -3.6935 0.239696 0.581439 0.239696 -0.581439
1 1 0 22.8711 0.1 5.32508 -1.29269 -3.69374 -1.29269 -3.69374 0.239585 0.581408 0.239585 -0.581408
1 1 0 22.8761 0.1 5.32443 -1.29275 -3.69397 -1.29275 -3.69397 0.239474 0.581377 0.239474 -0.581377
1 1 0 22.8811 0.1 5.32379 -1.29281 -3.6942 -1.29281 -3.6942 0.239364 0.581346 0.239364 -0.581346
1 1 0 22.8861 0.1 5.32315 -1.29287 -3.69443 -1.29287 -3.69443 0.239255 0.581315 0.239255 -0.581315
1 1 0 22.8911 0.1 5.32251 -1.29293 -3.69467 -1.29293 -3.69467 0.239146 0.581283 0.239146 -0.581283
1 1 0 22.8961 0.1 5.32188 -1.29299 -3.6949 -1.29299 -3.6949 0.239038 0.581251 0.239038 -0.581251
1 1 0 22.9011 0.1 5.32126 -1.29305 -3.69513 -1.29305 -3.69513 0.23893 0.581219 0.23893 -0.581219
1 1 0 22.9061 0.1 5.32064 -1.29311 -3.69536 -1.29311 -3.69536 0.238823 0.581186 0.238823 -0.581186
1 1 0 22.9111 0.1 5.32002 -1.29317 -3.69559 -1.29317 -3.69559 0.238717 0.581153 0.238717 -0.581153
1 1 0 22.9161 0.1 5.31941 -1.29323 -3.69583 -1.29323 -3.69583 0.238611 0.58112 0.238611 -0.58112
1 1 0 22.9211 0.1 5.3188 -1.29329 -3.69606 -1.29329 -3.69606 0.238506 0.581087 0.238506 -0.581087
1 1 0 22.9261 0.1 5.3182 -1.29334 -3.69629 -1.29334 -3.69629 0.238401 0.581054 0.238401 -0.581054
1 1 0 22.9311 0.1 5.3176 -1.2934 -3.69652 -1.2934 -3.69652 0.238297 0.58102 0.238297 -0.58102
1 1 0 22.936 0.1 5.31701 -1.29346 -3.69675 -1.29346 -3.69675 0.238194 0.580986 0.238194 -0.580986
1 1 0 22.941 0.1 5.31642 -1.29352 -3.69698 -1.29352 -3.69698 0.238091 0.580952 0.238091 -0.580952
1 1 0 22.946 0.1 5.31584 -1.29358 -3.69721 -1.29358 -3.69721 0.237989 0.580917 0.237989 -0.580917
1 1 0 22.951 0.1 5.31526 -1.29364 -3.69744 -1.29364 -3.69744 0.237887 0.580882 0.237887 -0.580882
1 1 0 22.956 0.1 5.31468 -1.2937 -3.69767 -1.2937 -3.69767 0.237786 0.580847 0.237786 -0.580847
1 1 0 22.961 0.1 5.31411 -1.29376 -3.6979 -1.29376 -3.6979 0.237686 0.580812 0.237686 -0.580812
1 1 0 22.966 0.1 5.31354 -1.29382 -3.69813 -1.29382 -3.69813 0.237586 0.580777 0.237586 -0.580777
1 1 0 22.971 0.1 5.31298 -1.29388 -3.69836 -1.29388 -3.69836 0.237486 0.580741 0.237486 -0.580741
1 1 0 22.976 0.1 5.31243 -1.29394 -3.69859 -1.29394 -3.69859 0.237388 0.580705 0.237388 -0.580705
1 1 0 22.981 0.1 5.31187 -1.294 -3.69882 -1.294 -3.69882 0.23729 0.580669 0.23729 -0.580669
1 1 0 22.986 0.1 5.31133 -1.29406 -3.69904 -1.29406 -3.69904 0.237192 0.580632 0.237192 -0.580632
1 1 0 22.991 0.1 5.31078 -1.29412 -3.69927 -1.29412 -3.69927 0.237095 0.580596 0.237095 -0.580596
1 1 0 22.996 0.1 5.31024 -1.29418 -3.6995 -1.29418 -3.6995 0.236999 0.580559 0.236999 -0.580559
1 1 0 23.001 0.1 5.30971 -1.29424 -3.69973 -1.29424 -3.69973 0.236903 0.580521 0.236903 -0.580521
1 1 0 23.006 0.1 5.30918 -1.2943 -3.69996 -1.2943 -3.69996 0.236808 0.580484 0.236808 -0.580484
1 1 0 23.011 0.1 5.30866 -1.29436 -3.70018 -1.29436 -3.70018 0.236713 0.580446 0.236713 -0.580446
1 1 0 23.016 0.1 5.30814 -1.29441 -3.70041 -1.29441 -3.70041 0.236619 0.580408 0.236619 -0.580408
1 1 0 23.021 0.1 5.30762 -1.29447 -3.70064 -1.29447 -3.70064 0.236526 0.58037 0.236526 -0.58037
1 1 0 23.0259 0.1 5.30711 -1.29453 -3.70086 -1.29453 -3.70086 0.236433 0.580332 0.236433 -0.580332
1 1 0 23.0309 0.1 5.3066 -1.29459 -3.70109 -1.29459 -3.70109 0.23634 0.580293 0.23634 -0.580293
1 1 0 23.0359 0.1 5.3061 -1.29465 -3.70132 -1.29465 -3.70132 0.236249 0.580254 0.236249 -0.580254
1 1 0 23.0409 0.1 5.3056 -1.29471 -3.70154 -1.29471 -3.70154 0.236158 0.580215 0.236158 -0.580215
1 1 0 23.0459 0.1 5.30511 -1.29477 -3.70177 -1.29477 -3.70177 0.236067 0.580176 0.236067 -0.580176
1 1 0 23.0509 0.1 5.30462 -1.29483 -3.70199 -1.29483 -3.70199 0.235977 0.580136 0.235977 -0.580136
1 1 0 23.0559 0.1 5.30413 -1.29489 -3.70222 -1.29489 -3.70222 0.235888 0.580096 0.235888 -0.580096
1 1 0 23.0609 0.1 5.30365 -1.29495 -3.70245 -1.29495 -3.70245 0.235799 0.580056 0.235799 -0.580056
1 1 0 23.0659 0.1 5.30318 -1.29501 -3.70267 -1.29501 -3.70267 0.235711 0.580016 0.235711 -0.580016
1 1 0 23.0709 0.1 5.30271 -1.29507 -3.70289 -1.29507 -3.70289 0.235623 0.579975 0.235623 -0.579975
1 1 0 23.0759 0.1 5.30224 -1.29513 -3.70312 -1.29513 -3.70312 0.235536 0.579934 0.235536 -0.579934
1 1 0 23.0809 0.1 5.30178 -1.29519 -3.70334 -1.29519 -3.70334 0.23545 0.579893 0.23545 -0.579893
1 1 0 23.0859 0.1 5.30132 -1.29524 -3.70357 -1.29524 -3.70357 0.235364 0.579852 0.235364 -0.579852
1 1 0 23.0909 0.1 5.30087 -1.2953 -3.70379 -1.2953 -3.70379 0.235279 0.57981 0.235279 -0.57981
1 1 0 23.0959 0.1 5.30042 -1.29536 -3.70402 -1.29536 -3.70402 0.235194 0.579768 0.235194 -0.579768
1 1 0 23.1009 0.1 5.29998 -1.29542 -3.70424 -1.29542 -3.70424 0.23511 0.579726 0.23511 -0.579726
1 1 0 23.1059 0.1 5.29954 -1.29548 -3.70446 -1.29548 -3.70446 0.235026 0.579684 0.235026 -0.579684
1 1 0 23.1109 0.1 5.2991 -1.29554 -3.70469 -1.29554 -3.70469 0.234943 0.579642 0.234943 -0.579642
1 1 0 23.1158 0.1 5.29867 -1.2956 -3.70491 -1.2956 -3.70491 0.234861 0.579599 0.234861 -0.579599
1 1 0 23.1208 0.1 5.29825 -1.29566 -3.70513 -1.29566 -3.70513 0.234779 0.579556 0.234779 -0.579556
1 1 0 23.1258 0.1 5.29782 -1.29572 -3.70535 -1.29572 -3.70535 0.234698 0.579513 0.234698 -0.579513
1 1 0 23.1308 0.1 5.29741 -1.29578 -3.70558 -1.29578 -3.70558 0.234618 0.579469 0.234618 -0.579469
1 1 0 23.1358 0.1 5.29699 -1.29584 -3.7058 -1.29584 -3.7058 0.234538 0.579425 0.234538 -0.579425
1 1 0 23.1408 0.1 5.29659 -1.29589 -3.70602 -1.29589 -3.70602 0.234458 0.579381 0.234458 -0.579381
1 1 0 23.1458 0.1 5.29618 -1.29595 -3.70624 -1.29595 -3.70624 0.234379 0.579337 0.234379 -0.579337
1 1 0 23.1508 0.1 5.29578 -1.29601 -3.70646 -1.29601 -3.70646 0.234301 0.579293 0.234301 -0.579293
1 1 0 23.1558 0.1 5.29539 -1.29607 -3.70668 -1.29607 -3.70668 0.234223 0.579248 0.234223 -0.579248
1 1 0 23.1608 0.1 5.295 -1.29613 -3.7069 -1.29613 -3.7069 0.234146 0.579203 0.234146 -0.579203
1 1 0 23.1658 0.1 5.29461 -1.29619 -3.70713 -1.29619 -3.70713 0.23407 0.579158 0.23407 -0.579158
1 1 0 23.1708 0.1 5.29423 -1.29625 -3.70735 -1.29625 -3.70735 0.233994 0.579113 0.233994 -0.579113
1 1 0 23.1758 0.1 5.29385 -1.29631 -3.70757 -1.29631 -3.70757 0.233918 0.579067 0.233918 -0.579067
1 1 0 23.1808 0.1 5.29348 -1.29637 -3.70779 -1.29637 -3.70779 0.233843 0.579022 0.233843 -0.579022
1 1 0 23.1858 0.1 5.29311 -1.29643 -3.70801 -1.29643 -3.70801 0.233769 0.578975 0.233769 -0.578975
1 1 0 23.1908 0.1 5.29275 -1.29648 -3.70823 -1.29648 -3.70823 0.233696 0.578929 0.233696 -0.578929
1 1 0 23.1958 0.1 5.29239 -1.29654 -3.70845 -1.29654 -3.70845 0.233622 0.578883 0.233622 -0.578883
1 1 0 23.2008 0.1 5.29203 -1.2966 -3.70866 -1.2966 -3.70866 0.23355 0.578836 0.23355 -0.578836
1 1 0 23.2058 0.1 5.29168 -1.29666 -3.70888 -1.29666 -3.70888 0.233478 0.578789 0.233478 -0.578789
1 1 0 23.2108 0.1 5.29134 -1.29672 -3.7091 -1.29672 -3.7091 0.233407 0.578742 0.233407 -0.578742
1 1 0 23.2157 0.1 5.29099 -1.29678 -3.70932 -1.29678 -3.70932 0.233336 0.578694 0.233336 -0.578694
1 1 0 23.2207 0.1 5.29066 -1.29684 -3.70954 -1.29684 -3.70954 0.233266 0.578647 0.233266 -0.578647
1 1 0 23.2257 0.1 5.29032 -1.2969 -3.70976 -1.2969 -3.70976 0.233196 0.578599 0.233196 -0.578599
1 1 0 23.2307 0.1 5.28999 -1.29696 -3.70997 -1.29696 -3.70997 0.233127 0.57855 0.233127 -0.57855
1 1 0 23.2357 0.1 5.28967 -1.29701 -3.71019 -1.29701 -3.71019 0.233059 0.578502 0.233059 -0.578502
1 1 0 23.2407 0.1 5.28935 -1.29707 -3.71041 -1.29707 -3.71041 0.232991 0.578453 0.232991 -0.578453
1 1 0 23.2457 0.1 5.28903 -1.29713 -3.71063 -1.29713 -3.71063 0.232924 0.578405 0.232924 -0.578405
1 1 0 23.2507 0.1 5.28872 -1.29719 -3.71084 -1.29719 -3.71084 0.232857 0.578356 0.232857 -0.578356
1 1 0 23.2557 0.1 5.28842 -1.29725 -3.71106 -1.29725 -3.71106 0.232791 0.578306 0.232791 -0.578306
1 1 0 23.2607 0.1 5.28811 -1.29731 -3.71128 -1.29731 -3.71128 0.232725 0.578257 0.232725 -0.578257
1 1 0 23.2657 0.1 5.28782 -1.29737 -3.71149 -1.29737 -3.71149 0.23266 0.578207 0.23266 -0.578207
1 1 0 23.2707 0.1 5.28752 -1.29743 -3.71171 -1.29743 -3.71171 0.232596 0.578157 0.232596 -0.578157
1 1 0 23.2757 0.1 5.28723 -1.29748 -3.71193 -1.29748 -3.71193 0.232532 0.578107 0.232532 -0.578107
1 1 0 23.2807 0.1 5.28695 -1.29754 -3.71214 -1.29754 -3.71214 0.232469 0.578056 0.232469 -0.578056
1 1 0 23.2857 0.1 5.28667 -1.2976 -3.71236 -1.2976 -3.71236 0.232406 0.578006 0.232406 -0.578006
1 1 0 23.2907 0.1 5.28639 -1.29766 -3.71257 -1.29766 -3.71257 0.232344 0.577955 0.232344 -0.577955
1 1 0 23.2957 0.1 5.28612 -1.29772 -3.71279 -1.29772 -3.71279 0.232282 0.577904 0.232282 -0.577904
1 1 0 23.3007 0.1 5.28585 -1.29778 -3.713 -1.29778 -3.713 0.232221 0.577852 0.232221 -0.577852
1 1 0 23.3057 0.1 5.28559 -1.29784 -3.71322 -1.29784 -3.71322 0.232161 0.5778 0.232161 -0.5778
1 1 0 23.3106 0.1 5.28533 -1.2979 -3.71343 -1.2979 -3.71343 0.232101 0.577749 0.232101 -0.577749
1 1 0 23.3156 0.1 5.28508 -1.29795 -3.71364 -1.29795 -3.71364 0.232042 0.577697 0.232042 -0.577697
1 1 0 23.3206 0.1 5.28483 -1.29801 -3.71386 -1.29801 -3.71386 0.231983 0.577644 0.231983 -0.577644
1 1 0 23.3256 0.1 5.28459 -1.29807 -3.71407 -1.29807 -3.71407 0.231925 0.577592 0.231925 -0.577592
1 1 0 23.3306 0.1 5.28434 -1.29813 -3.71429 -1.29813 -3.71429 0.231868 0.577539 0.231868 -0.577539
1 1 0 23.3356 0.1 5.28411 -1.29819 -3.7145 -1.29819 -3.7145 0.231811 0.577486 0.231811 -0.577486
1 1 0 23.3406 0.1 5.28388 -1.29825 -3.71471 -1.29825 -3.71471 0.231754 0.577433 0.231754 -0.577433
1 1 0 23.3456 0.1 5.28365 -1.29831 -3.71492 -1.29831 -3.71492 0.231698 0.57738 0.231698 -0.57738
1 1 0 23.3506 0.1 5.28342 -1.29836 -3.71514 -1.29836 -3.71514 0.231643 0.577326 0.231643 -0.577326
1 1 0 23.3556 0.1 5.28321 -1.29842 -3.71535 -1.29842 -3.71535 0.231589 0.577272 0.231589 -0.577272
1 1 0 23.3606 0.1 5.28299 -1.29848 -3.71556 -1.29848 -3.71556 0.231534 0.577218 0.231534 -0.577218
1 1 0 23.3656 0.1 5.28278 -1.29854 -3.71577 -1.29854 -3.71577 0.231481 0.577164 0.231481 -0.577164
1 1 0 23.3706 0.1 5.28257 -1.2986 -3.71598 -1.2986 -3.71598 0.231428 0.577109 0.231428 -0.577109
1 1 0 23.3756 0.1 5.28237 -1.29866 -3.7162 -1.29866 -3.7162 0.231376 0.577054 0.231376 -0.577054
1 1 0 23.3806 0.1 5.28218 -1.29871 -3.71641 -1.29871 -3.71641 0.231324 0.576999 0.231324 -0.576999
1 1 0 23.3856 0.1 5.28198 -1.29877 -3.71662 -1.29877 -3.71662 0.231273 0.576944 0.231273 -0.576944
1 1 0 23.3906 0.1 5.28179 -1.29883 -3.71683 -1.29883 -3.71683 0.231222 0.576888 0.231222 -0.576888
1 1 0 23.3956 0.1 5.28161 -1.29889 -3.71704 -1.29889 -3.71704 0.231172 0.576833 0.231172 -0.576833
1 1 0 23.4006 0.1 5.28143 -1.29895 -3.71725 -1.29895 -3.71725 0.231122 0.576777 0.231122 -0.576777
1 1 0 23.4056 0.1 5.28125 -1.29901 -3.71746 -1.29901 -3.71746 0.231073 0.576721 0.231073 -0.576721
1 1 0 23.4106 0.1 5.28108 -1.29907 -3.71767 -1.29907 -3.71767 0.231025 0.576664 0.231025 -0.576664
1 1 0 23.4155 0.1 5.28092 -1.29912 -3.71788 -1.29912 -3.71788 0.230977 0.576608 0.230977 -0.576608
1 1 0 23.4205 0.1 5.28075 -1.29918 -3.71809 -1.29918 -3.71809 0.23093 0.576551 0.23093 -0.576551
1 1 0 23.4255 0.1 5.2806 -1.29924 -3.7183 -1.29924 -3.7183 0.230883 0.576494 0.230883 -0.576494
1 1 0 23.4305 0.1 5.28044 -1.2993 -3.71851 -1.2993 -3.71851 0.230837 0.576437 0.230837 -0.576437
1 1 0 23.4355 0.1 5.28029 -1.29936 -3.71871 -1.29936 -3.71871 0.230792 0.576379 0.230792 -0.576379
1 1 0 23.4405 0.1 5.28015 -1.29941 -3.71892 -1.29941 -3.71892 0.230747 0.576321 0.230747 -0.576321
1 1 0 23.4455 0.1 5.28001 -1.29947 -3.71913 -1.29947 -3.71913 0.230702 0.576264 0.230702 -0.576264
1 1 0 23.4505 0.1 5.27987 -1.29953 -3.71934 -1.29953 -3.71934 0.230659 0.576205 0.230659 -0.576205
1 1 0 23.4555 0.1 5.27974 -1.29959 -3.71955 -1.29959 -3.71955 0.230615 0.576147 0.230615 -0.576147
1 1 0 23.4605 0.1 5.27961 -1.29965 -3.71975 -1.29965 -3.71975 0.230573 0.576088 0.230573 -0.576088
1 1 0 23.4655 0.1 5.27949 -1.29971 -3.71996 -1.29971 -3.71996 0.23053 0.57603 0.23053 -0.57603
1 1 0 23.4705 0.1 5.27937 -1.29976 -3.72017 -1.29976 -3.72017 0.230489 0.575971 0.230489 -0.575971
1 1 0 23.4755 0.1 5.27926 -1.29982 -3.72038 -1.29982 -3.72038 0.230448 0.575911 0.230448 -0.575911
1 1 0 23.4805 0.1 5.27915 -1.29988 -3.72058 -1.29988 -3.72058 0.230408 0.575852 0.230408 -0.575852
1 1 0 23.4855 0.1 5.27904 -1.29994 -3.72079 -1.29994 -3.72079 0.230368 0.575792 0.230368 -0.575792
1 1 0 23.4905 0.1 5.27894 -1.3 -3.72099 -1.3 -3.72099 0.230328 0.575732 0.230328 -0.575732
1 1 0 23.4955 0.1 5.27884 -1.30006 -3.7212 -1.30006 -3.7212 0.23029 0.575672 0.23029 -0.575672
1 1 0 23.5005 0.1 5.27875 -1.30011 -3.72141 -1.30011 -3.72141 0.230252 0.575612 0.230252 -0.575612
1 1 0 23.5055 0.1 5.27866 -1.30017 -3.72161 -1.30017 -3.72161 0.230214 0.575551 0.230214 -0.575551
1 1 0 23.5105 0.1 5.27857 -1.30023 -3.72182 -1.30023 -3.72182 0.230177 0.57549 0.230177 -0.57549
1 1 0 23.5155 0.1 5.2785 -1.30029 -3.72202 -1.30029 -3.72202 0.230141 0.575429 0.230141 -0.575429
1 1 0 23.5205 0.1 5.27842 -1.30035 -3.72223 -1.30035 -3.72223 0.230105 0.575368 0.230105 -0.575368
1 1 0 23.5254 0.1 5.27835 -1.3004 -3.72243 -1.3004 -3.72243 0.230069 0.575306 0.230069 -0.575306
1 1 0 23.5304 0.1 5.27828 -1.30046 -3.72263 -1.30046 -3.72263 0.230035 0.575245 0.230035 -0.575245
1 1 0 23.5354 0.1 5.27822 -1.30052 -3.72284 -1.30052 -3.72284 0.23 0.575183 0.23 -0.575183
1 1 0 23.5404 0.1 5.27816 -1.30058 -3.72304 -1.30058 -3.72304 0.229967 0.57512 0.229967 -0.57512
1 1 0 23.5454 0.1 5.27811 -1.30064 -3.72325 -1.30064 -3.72325 0.229934 0.575058 0.229934 -0.575058
1 1 0 23.5504 0.1 5.27806 -1.30069 -3.72345 -1.30069 -3.72345 0.229901 0.574995 0.229901 -0.574995
1 1 0 23.5554 0.1 5.27801 -1.30075 -3.72365 -1.30075 -3.72365 0.229869 0.574933 0.229869 -0.574933
1 1 0 23.5604 0.1 5.27797 -1.30081 -3.72386 -1.30081 -3.72386 0.229838 0.57487 0.229838 -0.57487
1 1 0 23.5654 0.1 5.27793 -1.30087 -3.72406 -1.30087 -3.72406 0.229807 0.574806 0.229807 -0.574806
1 1 0 23.5704 0.1 5.2779 -1.30093 -3.72426 -1.30093 -3.72426 0.229777 0.574743 0.229777 -0.574743
1 1 0 23.5754 0.1 5.27787 -1.30098 -3.72446 -1.30098 -3.72446 0.229747 0.574679 0.229747 -0.574679
1 1 0 23.5804 0.1 5.27785 -1.30104 -3.72466 -1.30104 -3.72466 0.229718 0.574615 0.229718 -0.574615
1 1 0 23.5854 0.1 5.27783 -1.3011 -3.72487 -1.3011 -3.72487 0.22969 0.574551 0.22969 -0.574551
1 1 0 23.5904 0.1 5.27782 -1.30116 -3.72507 -1.30116 -3.72507 0.229662 0.574487 0.229662 -0.574487
1 1 0 23.5954 0.1 5.27781 -1.30122 -3.72527 -1.30122 -3.72527 0.229634 0.574422 0.229634 -0.574422
1 1 0 23.6004 0.1 5.2778 -1.30127 -3.72547 -1.30127 -3.72547 0.229607 0.574357 0.229607 -0.574357
1 1 0 23.6054 0.1 5.2778 -1.30133 -3.72567 -1.30133 -3.72567 0.229581 0.574292 0.229581 -0.574292
1 1 0 23.6104 0.1 5.2778 -1.30139 -3.72587 -1.30139 -3.72587 0.229555 0.574227 0.229555 -0.574227
1 1 0 23.6154 0.1 5.27781 -1.30145 -3.72607 -1.30145 -3.72607 0.22953 0.574161 0.22953 -0.574161
1 1 0 23.6204 0.1 5.27782 -1.3015 -3.72627 -1.3015 -3.72627 0.229506 0.574096 0.229506 -0.574096
1 1 0 23.6254 0.1 5.27783 -1.30156 -3.72647 -1.30156 -3.72647 0.229482 0.57403 0.229482 -0.57403
1 1 0 23.6304 0.1 5.27785 -1.30162 -3.72667 -1.30162 -3.72667 0.229458 0.573964 0.229458 -0.573964
1 1 0 23.6353 0.1 5.27788 -1.30168 -3.72687 -1.30168 -3.72687 0.229435 0.573897 0.229435 -0.573897
1 1 0 23.6403 0.1 5.27791 -1.30174 -3.72707 -1.30174 -3.72707 0.229413 0.573831 0.229413 -0.573831
1 1 0 23.6453 0.1 5.27794 -1.30179 -3.72727 -1.30179 -3.72727 0.229391 0.573764 0.229391 -0.573764
1 1 0 23.6503 0.1 5.27798 -1.30185 -3.72747 -1.30185 -3.72747 0.22937 0.573697 0.22937 -0.573697
1 1 0 23.6553 0.1 5.27802 -1.30191 -3.72766 -1.30191 -3.72766 0.229349 0.57363 0.229349 -0.57363
1 1 0 23.6603 0.1 5.27806 -1.30197 -3.72786 -1.30197 -3.72786 0.229329 0.573562 0.229329 -0.573562
1 1 0 23.6653 0.1 5.27811 -1.30202 -3.72806 -1.30202 -3.72806 0.22931 0.573494 0.22931 -0.573494
1 1 0 23.6703 0.1 5.27817 -1.30208 -3.72826 -1.30208 -3.72826 0.229291 0.573426 0.229291 -0.573426
1 1 0 23.6753 0.1 5.27823 -1.30214 -3.72846 -1.30214 -3.72846 0.229272 0.573358 0.229272 -0.573358
1 1 0 23.6803 0.1 5.27829 -1.3022 -3.72865 -1.3022 -3.72865 0.229254 0.57329 0.229254 -0.57329
1 1 0 23.6853 0.1 5.27836 -1.30225 -3.72885 -1.30225 -3.72885 0.229237 0.573221 0.229237 -0.573221
1 1 0 23.6903 0.1 5.27843 -1.30231 -3.72905 -1.30231 -3.72905 0.22922 0.573153 0.22922 -0.573153
1 1 0 23.6953 0.1 5.27851 -1.30237 -3.72924 -1.30237 -3.72924 0.229204 0.573084 0.229204 -0.573084
1 1 0 23.7003 0.1 5.27859 -1.30243 -3.72944 -1.30243 -3.72944 0.229189 0.573014 0.229189 -0.573014
1 1 0 23.7053 0.1 5.27867 -1.30249 -3.72963 -1.30249 -3.72963 0.229174 0.572945 0.229174 -0.572945
1 1 0 23.7103 0.1 5.27876 -1.30254 -3.72983 -1.30254 -3.72983 0.229159 0.572875 0.229159 -0.572875
1 1 0 23.7153 0.1 5.27886 -1.3026 -3.73003 -1.3026 -3.73003 0.229145 0.572805 0.229145 -0.572805
1 1 0 23.7203 0.1 5.27895 -1.30266 -3.73022 -1.30266 -3.73022 0.229132 0.572735 0.229132 -0.572735
1 1 0 23.7253 0.1 5.27906 -1.30272 -3.73042 -1.30272 -3.73042 0.229119 0.572665 0.229119 -0.572665
1 1 0 23.7303 0.1 5.27916 -1.30277 -3.73061 -1.30277 -3.73061 0.229107 0.572595 0.229107 -0.572595
1 1 0 23.7353 0.1 5.27927 -1.30283 -3.7308 -1.30283 -3.7308 0.229095 0.572524 0.229095 -0.572524
1 1 0 23.7403 0.1 5.27939 -1.30289 -3.731 -1.30289 -3.731 0.229084 0.572453 0.229084 -0.572453
1 1 0 23.7453 0.1 5.27951 -1.30295 -3.73119 -1.30295 -3.73119 0.229073 0.572382 0.229073 -0.572382
1 1 0 23.7503 0.1 5.27963 -1.303 -3.73139 -1.303 -3.73139 0.229063 0.57231 0.229063 -0.57231
1 1 0 23.7552 0.1 5.27976 -1.30306 -3.73158 -1.30306 -3.73158 0.229054 0.572239 0.229054 -0.572239
1 1 0 23.7602 0.1 5.27989 -1.30312 -3.73177 -1.30312 -3.73177 0.229045 0.572167 0.229045 -0.572167
1 1 0 23.7652 0.1 5.28003 -1.30317 -3.73197 -1.30317 -3.73197 0.229037 0.572095 0.229037 -0.572095
1 1 0 23.7702 0.1 5.28017 -1.30323 -3.73216 -1.30323 -3.73216 0.229029 0.572022 0.229029 -0.572022
1 1 0 23.7752 0.1 5.28032 -1.30329 -3.73235 -1.30329 -3.73235 0.229022 0.57195 0.229022 -0.57195
1 1 0 23.7802 0.1 5.28047 -1.30335 -3.73254 -1.30335 -3.73254 0.229015 0.571877 0.229015 -0.571877
1 1 0 23.7852 0.1 5.28062 -1.3034 -3.73274 -1.3034 -3.73274 0.229009 0.571804 0.229009 -0.571804
1 1 0 23.7902 0.1 5.28078 -1.30346 -3.73293 -1.30346 -3.73293 0.229003 0.571731 0.229003 -0.571731
1 1 0 23.7952 0.1 5.28094 -1.30352 -3.73312 -1.30352 -3.73312 0.228998 0.571658 0.228998 -0.571658
1 1 0 23.8002 0.1 5.28111 -1.30358 -3.73331 -1.30358 -3.73331 0.228994 0.571584 0.228994 -0.571584
1 1 0 23.8052 0.1 5.28128 -1.30363 -3.7335 -1.30363 -3.7335 0.22899 0.57151 0.22899 -0.57151
1 1 0 23.8102 0.1 5.28146 -1.30369 -3.73369 -1.30369 -3.73369 0.228987 0.571436 0.228987 -0.571436
1 1 0 23.8152 0.1 5.28164 -1.30375 -3.73388 -1.30375 -3.73388 0.228984 0.571362 0.228984 -0.571362
1 1 0 23.8202 0.1 5.28183 -1.30381 -3.73407 -1.30381 -3.73407 0.228982 0.571287 0.228982 -0.571287
1 1 0 23.8252 0.1 5.28202 -1.30386 -3.73426 -1.30386 -3.73426 0.22898 0.571213 0.22898 -0.571213
1 1 0 23.8302 0.1 5.28221 -1.30392 -3.73445 -1.30392 -3.73445 0.228979 0.571138 0.228979 -0.571138
1 1 0 23.8352 0.1 5.28241 -1.30398 -3.73464 -1.30398 -3.73464 0.228978 0.571063 0.228978 -0.571063
1 1 0 23.8402 0.1 5.28261 -1.30403 -3.73483 -1.30403 -3.73483 0.228978 0.570987 0.228978 -0.570987
1 1 0 23.8452 0.1 5.28282 -1.30409 -3.73502 -1.30409 -3.73502 0.228979 0.570912 0.228979 -0.570912
1 1 0 23.8502 0.1 5.28303 -1.30415 -3.73521 -1.30415 -3.73521 0.22898 0.570836 0.22898 -0.570836
1 1 0 23.8552 0.1 5.28324 -1.30421 -3.7354 -1.30421 -3.7354 0.228982 0.57076 0.228982 -0.57076
1 1 0 23.8602 0.1 5.28346 -1.30426 -3.73559 -1.30426 -3.73559 0.228984 0.570683 0.228984 -0.570683
1 1 0 23.8652 0.1 5.28369 -1.30432 -3.73578 -1.30432 -3.73578 0.228987 0.570607 0.228987 -0.570607
1 1 0 23.8702 0.1 5.28392 -1.30438 -3.73596 -1.30438 -3.73596 0.22899 0.57053 0.22899 -0.57053
1 1 0 23.8752 0.1 5.28415 -1.30443 -3.73615 -1.30443 -3.73615 0.228994 0.570453 0.228994 -0.570453
1 1 0 23.8802 0.1 5.28439 -1.30449 -3.73634 -1.30449 -3.73634 0.228999 0.570376 0.228999 -0.570376
1 1 0 23.8851 0.1 5.28463 -1.30455 -3.73653 -1.30455 -3.73653 0.229004 0.570299 0.229004 -0.570299
1 1 0 23.8901 0.1 5.28488 -1.30461 -3.73671 -1.30461 -3.73671 0.229009 0.570221 0.229009 -0.570221
1 1 0 23.8951 0.1 5.28513 -1.30466 -3.7369 -1.30466 -3.7369 0.229015 0.570144 0.229015 -0.570144
1 1 0 23.9001 0.1 5.28538 -1.30472 -3.73708 -1.30472 -3.73708 0.229022 0.570066 0.229022 -0.570066
1 1 0 23.9051 0.1 5.28564 -1.30478 -3.73727 -1.30478 -3.73727 0.229029 0.569987 0.229029 -0.569987
1 1 0 23.9101 0.1 5.28591 -1.30483 -3.73746 -1.30483 -3.73746 0.229037 0.569909 0.229037 -0.569909
1 1 0 23.9151 0.1 5.28618 -1.30489 -3.73764 -1.30489 -3.73764 0.229045 0.56983 0.229045 -0.56983
1 1 0 23.9201 0.1 5.28645 -1.30495 -3.73783 -1.30495 -3.73783 0.229054 0.569751 0.229054 -0.569751
1 1 0 23.9251 0.1 5.28673 -1.305 -3.73801 -1.305 -3.73801 0.229064 0.569672 0.229064 -0.569672
1 1 0 23.9301 0.1 5.28701 -1.30506 -3.7382 -1.30506 -3.7382 0.229074 0.569593 0.229074 -0.569593
1 1 0 23.9351 0.1 5.28729 -1.30512 -3.73838 -1.30512 -3.73838 0.229084 0.569513 0.229084 -0.569513
1 1 0 23.9401 0.1 5.28758 -1.30517 -3.73857 -1.30517 -3.73857 0.229095 0.569434 0.229095 -0.569434
1 1 0 23.9451 0.1 5.28788 -1.30523 -3.73875 -1.30523 -3.73875 0.229107 0.569354 0.229107 -0.569354
1 1 0 23.9501 0.1 5.28818 -1.30529 -3.73893 -1.30529 -3.73893 0.229119 0.569273 0.229119 -0.569273
1 1 0 23.9551 0.1 5.28848 -1.30535 -3.73912 -1.30535 -3.73912 0.229132 0.569193 0.229132 -0.569193
1 1 0 23.9601 0.1 5.28879 -1.3054 -3.7393 -1.3054 -3.7393 0.229145 0.569112 0.229145 -0.569112
1 1 0 23.9651 0.1 5.2891 -1.30546 -3.73948 -1.30546 -3.73948 0.229159 0.569032 0.229159 -0.569032
1 1 0 23.9701 0.1 5.28942 -1.30552 -3.73967 -1.30552 -3.73967 0.229173 0.56895 0.229173 -0.56895
1 1 0 23.9751 0.1 5.28974 -1.30557 -3.73985 -1.30557 -3.73985 0.229188 0.568869 0.229188 -0.568869
1 1 0 23.9801 0.1 5.29007 -1.30563 -3.74003 -1.30563 -3.74003 0.229204 0.568788 0.229204 -0.568788
1 1 0 23.9851 0.1 5.2904 -1.30569 -3.74021 -1.30569 -3.74021 0.22922 0.568706 0.22922 -0.568706
1 1 0 23.9901 0.1 5.29073 -1.30574 -3.7404 -1.30574 -3.7404 0.229237 0.568624 0.229237 -0.568624
1 1 0 23.9951 0.1 5.29107 -1.3058 -3.74058 -1.3058 -3.74058 0.229254 0.568542 0.229254 -0.568542
1 1 0 24.0001 0.1 5.29141 -1.30586 -3.74076 -1.30586 -3.74076 0.229271 0.568459 0.229271 -0.568459
1 1 0 24.0051 0.1 5.29176 -1.30591 -3.74094 -1.30591 -3.74094 0.22929 0.568377 0.22929 -0.568377
1 1 0 24.0101 0.1 5.29211 -1.30597 -3.74112 -1.30597 -3.74112 0.229309 0.568294 0.229309 -0.568294
1 1 0 24.0151 0.1 5.29247 -1.30603 -3.7413 -1.30603 -3.7413 0.229328 0.568211 0.229328 -0.568211
1 1 0 24.02 0.1 5.29283 -1.30608 -3.74148 -1.30608 -3.74148 0.229348 0.568127 0.229348 -0.568127
1 1 0 24.025 0.1 5.2932 -1.30614 -3.74166 -1.30614 -3.74166 0.229368 0.568044 0.229368 -0.568044
1 1 0 24.03 0.1 5.29357 -1.3062 -3.74184 -1.3062 -3.74184 0.229389 0.56796 0.229389 -0.56796
1 1 0 24.035 0.1 5.29394 -1.30625 -3.74202 -1.30625 -3.74202 0.229411 0.567876 0.229411 -0.567876
1 1 0 24.04 0.1 5.29432 -1.30631 -3.7422 -1.30631 -3.7422 0.229433 0.567792 0.229433 -0.567792
1 1 0 24.045 0.1 5.29471 -1.30637 -3.74238 -1.30637 -3.74238 0.229456 0.567708 0.229456 -0.567708
1 1 0 24.05 0.1 5.29509 -1.30642 -3.74256 -1.30642 -3.74256 0.229479 0.567623 0.229479 -0.567623
1 1 0 24.055 0.1 5.29549 -1.30648 -3.74273 -1.30648 -3.74273 0.229503 0.567538 0.229503 -0.567538
1 1 0 24.06 0.1 5.29588 -1.30654 -3.74291 -1.30654 -3.74291 0.229527 0.567453 0.229527 -0.567453
1 1 0 24.065 0.1 5.29628 -1.30659 -3.74309 -1.30659 -3.74309 0.229552 0.567368 0.229552 -0.567368
1 1 0 24.07 0.1 5.29669 -1.30665 -3.74327 -1.30665 -3.74327 0.229577 0.567282 0.229577 -0.567282
1 1 0 24.075 0.1 5.2971 -1.30671 -3.74344 -1.30671 -3.74344 0.229603 0.567196 0.229603 -0.567196
1 1 0 24.08 0.1 5.29752 -1.30676 -3.74362 -1.30676 -3.74362 0.22963 0.56711 0.22963 -0.56711
1 1 0 24.085 0.1 5.29794 -1.30682 -3.7438 -1.30682 -3.7438 0.229657 0.567024 0.229657 -0.567024
1 1 0 24.09 0.1 5.29836 -1.30687 -3.74398 -1.30687 -3.74398 0.229685 0.566938 0.229685 -0.566938
1 1 0 24.095 0.1 5.29879 -1.30693 -3.74415 -1.30693 -3.74415 0.229713 0.566851 0.229713 -0.566851
1 1 0 24.1 0.1 5.29922 -1.30699 -3.74433 -1.30699 -3.74433 0.229741 0.566764 0.229741 -0.566764
1 1 0 24.105 0.1 5.29966 -1.30704 -3.7445 -1.30704 -3.7445 0.229771 0.566677 0.229771 -0.566677
1 1 0 24.11 0.1 5.3001 -1.3071 -3.74468 -1.3071 -3.74468 0.229801 0.56659 0.229801 -0.56659
1 1 0 24.115 0.1 5.30055 -1.30716 -3.74485 -1.30716 -3.74485 0.229831 0.566502 0.229831 -0.566502
1 1 0 24.12 0.1 5.301 -1.30721 -3.74503 -1.30721 -3.74503 0.229862 0.566415 0.229862 -0.566415
1 1 0 24.125 0.1 5.30145 -1.30727 -3.7452 -1.30727 -3.7452 0.229893 0.566327 0.229893 -0.566327
1 1 0 24.13 0.1 5.30191 -1.30733 -3.74538 -1.30733 -3.74538 0.229925 0.566238 0.229925 -0.566238
1 1 0 24.135 0.1 5.30238 -1.30738 -3.74555 -1.30738 -3.74555 0.229958 0.56615 0.229958 -0.56615
1 1 0 24.14 0.1 5.30285 -1.30744 -3.74573 -1.30744 -3.74573 0.229991 0.566061 0.229991 -0.566061
1 1 0 24.145 0.1 5.30332 -1.30749 -3.7459 -1.30749 -3.7459 0.230025 0.565972 0.230025 -0.565972
1 1 0 24.15 0.1 5.3038 -1.30755 -3.74607 -1.30755 -3.74607 0.230059 0.565883 0.230059 -0.565883
1 1 0 24.155 0.1 5.30428 -1.30761 -3.74625 -1.30761 -3.74625 0.230094 0.565794 0.230094 -0.565794
1 1 0 24.16 0.1 5.30477 -1.30766 -3.74642 -1.30766 -3.74642 0.230129 0.565704 0.230129 -0.565704
1 1 0 24.1649 0.1 5.30526 -1.30772 -3.74659 -1.30772 -3.74659 0.230165 0.565615 0.230165 -0.565615
1 1 0 24.1699 0.1 5.30576 -1.30778 -3.74676 -1.30778 -3.74676 0.230201 0.565525 0.230201 -0.565525
1 1 0 24.1749 0.1 5.30626 -1.30783 -3.74694 -1.30783 -3.74694 0.230238 0.565434 0.230238 -0.565434
1 1 0 24.1799 0.1 5.30676 -1.30789 -3.74711 -1.30789 -3.74711 0.230276 0.565344 0.230276 -0.565344
1 1 0 24.1849 0.1 5.30727 -1.30794 -3.74728 -1.30794 -3.74728 0.230314 0.565253 0.230314 -0.565253
1 1 0 24.1899 0.1 5.30779 -1.308 -3.74745 -1.308 -3.74745 0.230352 0.565162 0.230352 -0.565162
1 1 0 24.1949 0.1 5.30831 -1.30806 -3.74762 -1.30806 -3.74762 0.230391 0.565071 0.230391 -0.565071
1 1 0 24.1999 0.1 5.30883 -1.30811 -3.74779 -1.30811 -3.74779 0.230431 0.56498 0.230431 -0.56498
1 1 0 24.2049 0.1 5.30936 -1.30817 -3.74796 -1.30817 -3.74796 0.230471 0.564888 0.230471 -0.564888
1 1 0 24.2099 0.1 5.30989 -1.30823 -3.74813 -1.30823 -3.74813 0.230512 0.564796 0.230512 -0.564796
1 1 0 24.2149 0.1 5.31043 -1.30828 -3.7483 -1.30828 -3.7483 0.230553 0.564704 0.230553 -0.564704
1 1 0 24.2199 0.1 5.31097 -1.30834 -3.74847 -1.30834 -3.74847 0.230595 0.564612 0.230595 -0.564612
1 1 0 24.2249 0.1 5.31152 -1.30839 -3.74864 -1.30839 -3.74864 0.230637 0.56452 0.230637 -0.56452
1 1 0 24.2299 0.1 5.31207 -1.30845 -3.74881 -1.30845 -3.74881 0.23068 0.564427 0.23068 -0.564427
1 1 0 24.2349 0.1 5.31262 -1.30851 -3.74898 -1.30851 -3.74898 0.230724 0.564334 0.230724 -0.564334
1 1 0 24.2399 0.1 5.31318 -1.30856 -3.74915 -1.30856 -3.74915 0.230768 0.564241 0.230768 -0.564241
1 1 0 24.2449 0.1 5.31375 -1.30862 -3.74932 -1.30862 -3.74932 0.230813 0.564147 0.230813 -0.564147
1 1 0 24.2499 0.1 5.31432 -1.30867 -3.74948 -1.30867 -3.74948 0.230858 0.564054 0.230858 -0.564054
1 1 0 24.2549 0.1 5.31489 -1.30873 -3.74965 -1.30873 -3.74965 0.230903 0.56396 0.230903 -0.56396
1 1 0 24.2599 0.1 5.31547 -1.30878 -3.74982 -1.30878 -3.74982 0.23095 0.563866 0.23095 -0.563866
1 1 0 24.2649 0.1 5.31605 -1.30884 -3.74999 -1.30884 -3.74999 0.230996 0.563771 0.230996 -0.563771
1 1 0 24.2699 0.1 5.31664 -1.3089 -3.75015 -1.3089 -3.75015 0.231044 0.563677 0.231044 -0.563677
1 1 0 24.2749 0.1 5.31723 -1.30895 -3.75032 -1.30895 -3.75032 0.231091 0.563582 0.231091 -0.563582
1 1 0 24.2799 0.1 5.31783 -1.30901 -3.75049 -1.30901 -3.75049 0.23114 0.563487 0.23114 -0.563487
1 1 0 24.2849 0.1 5.31843 -1.30906 -3.75065 -1.30906 -3.75065 0.231189 0.563392 0.231189 -0.563392
1 1 0 24.2899 0.1 5.31904 -1.30912 -3.75082 -1.30912 -3.75082 0.231238 0.563296 0.231238 -0.563296
1 1 0 24.2949 0.1 5.31965 -1.30918 -3.75098 -1.30918 -3.75098 0.231288 0.5632 0.231288 -0.5632
1 1 0 24.2999 0.1 5.32027 -1.30923 -3.75115 -1.30923 -3.75115 0.231339 0.563104 0.231339 -0.563104
1 1 0 24.3049 0.1 5.32089 -1.30929 -3.75131 -1.30929 -3.75131 0.23139 0.563008 0.23139 -0.563008
1 1 0 24.3099 0.1 5.32151 -1.30934 -3.75148 -1.30934 -3.75148 0.231442 0.562912 0.231442 -0.562912
1 1 0 24.3149 0.1 5.32214 -1.3094 -3.75164 -1.3094 -3.75164 0.231494 0.562815 0.231494 -0.562815
1 1 0 24.3198 0.1 5.32278 -1.30945 -3.75181 -1.30945 -3.75181 0.231547 0.562718 0.231547 -0.562718
1 1 0 24.3248 0.1 5.32342 -1.30951 -3.75197 -1.30951 -3.75197 0.2316 0.562621 0.2316 -0.562621
1 1 0 24.3298 0.1 5.32406 -1.30957 -3.75213 -1.30957 -3.75213 0.231654 0.562524 0.231654 -0.562524
1 1 0 24.3348 0.1 5.32471 -1.30962 -3.7523 -1.30962 -3.7523 0.231708 0.562426 0.231708 -0.562426
1 1 0 24.3398 0.1 5.32536 -1.30968 -3.75246 -1.30968 -3.75246 0.231763 0.562329 0.231763 -0.562329
1 1 0 24.3448 0.1 5.32602 -1.30973 -3.75262 -1.30973 -3.75262 0.231819 0.562231 0.231819 -0.562231
1 1 0 24.3498 0.1 5.32668 -1.30979 -3.75278 -1.30979 -3.75278 0.231874 0.562132 0.231874 -0.562132
1 1 0 24.3548 0.1 5.32735 -1.30984 -3.75295 -1.30984 -3.75295 0.231931 0.562034 0.231931 -0.562034
1 1 0 24.3598 0.1 5.32802 -1.3099 -3.75311 -1.3099 -3.75311 0.231988 0.561935 0.231988 -0.561935
1 1 0 24.3648 0.1 5.3287 -1.30996 -3.75327 -1.30996 -3.75327 0.232046 0.561836 0.232046 -0.561836
1 1 0 24.3698 0.1 5.32938 -1.31001 -3.75343 -1.31001 -3.75343 0.232104 0.561737 0.232104 -0.561737
1 1 0 24.3748 0.1 5.33007 -1.31007 -3.75359 -1.31007 -3.75359 0.232163 0.561637 0.232163 -0.561637
1 1 0 24.3798 0.1 5.33076 -1.31012 -3.75375 -1.31012 -3.75375 0.232222 0.561538 0.232222 -0.561538
1 1 0 24.3848 0.1 5.33145 -1.31018 -3.75391 -1.31018 -3.75391 0.232282 0.561438 0.232282 -0.561438
1 1 0 24.3898 0.1 5.33215 -1.31023 -3.75407 -1.31023 -3.75407 0.232342 0.561338 0.232342 -0.561338
1 1 0 24.3948 0.1 5.33286 -1.31029 -3.75423 -1.31029 -3.75423 0.232403 0.561237 0.232403 -0.561237
1 1 0 24.3998 0.1 5.33357 -1.31034 -3.75439 -1.31034 -3.75439 0.232464 0.561137 0.232464 -0.561137
1 1 0 24.4048 0.1 5.33428 -1.3104 -3.75455 -1.3104 -3.75455 0.232526 0.561036 0.232526 -0.561036
1 1 0 24.4098 0.1 5.335 -1.31046 -3.75471 -1.31046 -3.75471 0.232589 0.560935 0.232589 -0.560935
1 1 0 24.4148 0.1 5.33573 -1.31051 -3.75487 -1.31051 -3.75487 0.232652 0.560834 0.232652 -0.560834
1 1 0 24.4198 0.1 5.33645 -1.31057 -3.75503 -1.31057 -3.75503 0.232716 0.560732 0.232716 -0.560732
1 1 0 24.4248 0.1 5.33719 -1.31062 -3.75519 -1.31062 -3.75519 0.23278 0.56063 0.23278 -0.56063
1 1 0 24.4298 0.1 5.33793 -1.31068 -3.75534 -1.31068 -3.75534 0.232844 0.560528 0.232844 -0.560528
1 1 0 24.4348 0.1 5.33867 -1.31073 -3.7555 -1.31073 -3.7555 0.23291 0.560426 0.23291 -0.560426
1 1 0 24.4398 0.1 5.33942 -1.31079 -3.75566 -1.31079 -3.75566 0.232975 0.560323 0.232975 -0.560323
1 1 0 24.4448 0.1 5.34017 -1.31084 -3.75582 -1.31084 -3.75582 0.233042 0.560221 0.233042 -0.560221
1 1 0 24.4498 0.1 5.34093 -1.3109 -3.75597 -1.3109 -3.75597 0.233109 0.560118 0.233109 -0.560118
1 1 0 24.4548 0.1 5.34169 -1.31095 -3.75613 -1.31095 -3.75613 0.233176 0.560014 0.233176 -0.560014
1 1 0 24.4598 0.1 5.34246 -1.31101 -3.75629 -1.31101 -3.75629 0.233244 0.559911 0.233244 -0.559911
1 1 0 24.4648 0.1 5.34323 -1.31106 -3.75644 -1.31106 -3.75644 0.233312 0.559807 0.233312 -0.559807
1 1 0 24.4698 0.1 5.34401 -1.31112 -3.7566 -1.31112 -3.7566 0.233381 0.559703 0.233381 -0.559703
1 1 0 24.4748 0.1 5.34479 -1.31117 -3.75675 -1.31117 -3.75675 0.233451 0.559599 0.233451 -0.559599
1 1 0 24.4798 0.1 5.34558 -1.31123 -3.75691 -1.31123 -3.75691 0.233521 0.559495 0.233521 -0.559495
1 1 0 24.4848 0.1 5.34637 -1.31129 -3.75706 -1.31129 -3.75706 0.233592 0.55939 0.233592 -0.55939
1 1 0 24.4898 0.1 5.34716 -1.31134 -3.75722 -1.31134 -3.75722 0.233663 0.559285 0.233663 -0.559285
1 1 0 24.4948 0.1 5.34797 -1.3114 -3.75737 -1.3114 -3.75737 0.233735 0.55918 0.233735 -0.55918
1 1 0 24.4997 0.1 5.34877 -1.31145 -3.75752 -1.31145 -3.75752 0.233807 0.559075 0.233807 -0.559075
1 1 0 24.5047 0.1 5.34958 -1.31151 -3.75768 -1.31151 -3.75768 0.23388 0.558969 0.23388 -0.558969
1 1 0 24.5097 0.1 5.3504 -1.31156 -3.75783 -1.31156 -3.75783 0.233953 0.558863 0.233953 -0.558863
1 1 0 24.5147 0.1 5.35122 -1.31162 -3.75798 -1.31162 -3.75798 0.234027 0.558757 0.234027 -0.558757
1 1 0 24.5197 0.1 5.35205 -1.31167 -3.75814 -1.31167 -3.75814 0.234101 0.558651 0.234101 -0.558651
1 1 0 24.5247 0.1 5.35288 -1.31173 -3.75829 -1.31173 -3.75829 0.234176 0.558544 0.234176 -0.558544
1 1 0 24.5297 0.1 5.35371 -1.31178 -3.75844 -1.31178 -3.75844 0.234252 0.558437 0.234252 -0.558437
1 1 0 24.5347 0.1 5.35455 -1.31184 -3.75859 -1.31184 -3.75859 0.234328 0.55833 0.234328 -0.55833
1 1 0 24.5397 0.1 5.3554 -1.31189 -3.75874 -1.31189 -3.75874 0.234404 0.558223 0.234404 -0.558223
1 1 0 24.5447 0.1 5.35625 -1.31195 -3.75889 -1.31195 -3.75889 0.234481 0.558115 0.234481 -0.558115
1 1 0 24.5497 0.1 5.3571 -1.312 -3.75905 -1.312 -3.75905 0.234559 0.558008 0.234559 -0.558008
1 1 0 24.5547 0.1 5.35796 -1.31206 -3.7592 -1.31206 -3.7592 0.234637 0.5579 0.234637 -0.5579
1 1 0 24.5597 0.1 5.35883 -1.31211 -3.75935 -1.31211 -3.75935 0.234716 0.557791 0.234716 -0.557791
1 1 0 24.5647 0.1 5.3597 -1.31217 -3.7595 -1.31217 -3.7595 0.234795 0.557683 0.234795 -0.557683
1 1 0 24.5697 0.1 5.36057 -1.31222 -3.75965 -1.31222 -3.75965 0.234875 0.557574 0.234875 -0.557574
1 1 0 24.5747 0.1 5.36145 -1.31228 -3.7598 -1.31228 -3.7598 0.234956 0.557465 0.234956 -0.557465
1 1 0 24.5797 0.1 5.36234 -1.31233 -3.75994 -1.31233 -3.75994 0.235036 0.557356 0.235036 -0.557356
1 1 0 24.5847 0.1 5.36323 -1.31239 -3.76009 -1.31239 -3.76009 0.235118 0.557246 0.235118 -0.557246
1 1 0 24.5897 0.1 5.36412 -1.31244 -3.76024 -1.31244 -3.76024 0.2352 0.557136 0.2352 -0.557136
1 1 0 24.5947 0.1 5.36502 -1.3125 -3.76039 -1.3125 -3.76039 0.235282 0.557026 0.235282 -0.557026
1 1 0 24.5997 0.1 5.36593 -1.31255 -3.76054 -1.31255 -3.76054 0.235365 0.556916 0.235365 -0.556916
1 1 0 24.6047 0.1 5.36684 -1.31261 -3.76068 -1.31261 -3.76068 0.235449 0.556806 0.235449 -0.556806
1 1 0 24.6097 0.1 5.36775 -1.31266 -3.76083 -1.31266 -3.76083 0.235533 0.556695 0.235533 -0.556695
1 1 0 24.6147 0.1 5.36867 -1.31272 -3.76098 -1.31272 -3.76098 0.235618 0.556584 0.235618 -0.556584
1 1 0 24.6197 0.1 5.3696 -1.31277 -3.76113 -1.31277 -3.76113 0.235703 0.556473 0.235703 -0.556473
1 1 0 24.6247 0.1 5.37053 -1.31282 -3.76127 -1.31282 -3.76127 0.235789 0.556361 0.235789 -0.556361
1 1 0 24.6297 0.1 5.37146 -1.31288 -3.76142 -1.31288 -3.76142 0.235875 0.556249 0.235875 -0.556249
1 1 0 24.6347 0.1 5.3724 -1.31293 -3.76156 -1.31293 -3.76156 0.235962 0.556137 0.235962 -0.556137
1 1 0 24.6397 0.1 5.37335 -1.31299 -3.76171 -1.31299 -3.76171 0.236049 0.556025 0.236049 -0.556025
1 1 0 24.6447 0.1 5.3743 -1.31304 -3.76185 -1.31304 -3.76185 0.236137 0.555912 0.236137 -0.555912
1 1 0 24.6497 0.1 5.37525 -1.3131 -3.762 -1.3131 -3.762 0.236226 0.5558 0.236226 -0.5558
1 1 0 24.6547 0.1 5.37621 -1.31315 -3.76214 -1.31315 -3.76214 0.236315 0.555687 0.236315 -0.555687
1 1 0 24.6597 0.1 5.37718 -1.31321 -3.76229 -1.31321 -3.76229 0.236404 0.555573 0.236404 -0.555573
1 1 0 24.6647 0.1 5.37815 -1.31326 -3.76243 -1.31326 -3.76243 0.236494 0.55546 0.236494 -0.55546
1 1 0 24.6697 0.1 5.37913 -1.31332 -3.76258 -1.31332 -3.76258 0.236585 0.555346 0.236585 -0.555346
1 1 0 24.6747 0.1 5.38011 -1.31337 -3.76272 -1.31337 -3.76272 0.236676 0.555232 0.236676 -0.555232
1 1 0 24.6797 0.1 5.38109 -1.31343 -3.76286 -1.31343 -3.76286 0.236768 0.555118 0.236768 -0.555118
1 1 0 24.6847 0.1 5.38208 -1.31348 -3.763 -1.31348 -3.763 0.23686 0.555003 0.23686 -0.555003
1 1 0 24.6897 0.1 5.38308 -1.31353 -3.76315 -1.31353 -3.76315 0.236952 0.554888 0.236952 -0.554888
1 1 0 24.6947 0.1 5.38408 -1.31359 -3.76329 -1.31359 -3.76329 0.237046 0.554773 0.237046 -0.554773
1 1 0 24.6996 0.1 5.38509 -1.31364 -3.76343 -1.31364 -3.76343 0.23714 0.554658 0.23714 -0.554658
1 1 0 24.7046 0.1 5.3861 -1.3137 -3.76357 -1.3137 -3.76357 0.237234 0.554543 0.237234 -0.554543
1 1 0 24.7096 0.1 5.38712 -1.31375 -3.76371 -1.31375 -3.76371 0.237329 0.554427 0.237329 -0.554427
1 1 0 24.7146 0.1 5.38814 -1.31381 -3.76385 -1.31381 -3.76385 0.237424 0.554311 0.237424 -0.554311
1 1 0 24.7196 0.1 5.38917 -1.31386 -3.76399 -1.31386 -3.76399 0.23752 0.554194 0.23752 -0.554194
1 1 0 24.7246 0.1 5.3902 -1.31392 -3.76414 -1.31392 -3.76414 0.237617 0.554078 0.237617 -0.554078
1 1 0 24.7296 0.1 5.39124 -1.31397 -3.76427 -1.31397 -3.76427 0.237714 0.553961 0.237714 -0.553961
1 1 0 24.7346 0.1 5.39228 -1.31402 -3.76441 -1.31402 -3.76441 0.237811 0.553844 0.237811 -0.553844
1 1 0 24.7396 0.1 5.39333 -1.31408 -3.76455 -1.31408 -3.76455 0.237909 0.553726 0.237909 -0.553726
1 1 0 24.7446 0.1 5.39438 -1.31413 -3.76469 -1.31413 -3.76469 0.238008 0.553609 0.238008 -0.553609
1 1 0 24.7496 0.1 5.39544 -1.31419 -3.76483 -1.31419 -3.76483 0.238107 0.553491 0.238107 -0.553491
1 1 0 24.7546 0.1 5.3965 -1.31424 -3.76497 -1.31424 -3.76497 0.238207 0.553373 0.238207 -0.553373
1 1 0 24.7596 0.1 5.39757 -1.3143 -3.76511 -1.3143 -3.76511 0.238307 0.553254 0.238307 -0.553254
1 1 0 24.7646 0.1 5.39865 -1.31435 -3.76525 -1.31435 -3.76525 0.238408 0.553136 0.238408 -0.553136
1 1 0 24.7696 0.1 5.39973 -1.31441 -3.76538 -1.31441 -3.76538 0.238509 0.553017 0.238509 -0.553017
1 1 0 24.7746 0.1 5.40081 -1.31446 -3.76552 -1.31446 -3.76552 0.238611 0.552898 0.238611 -0.552898
1 1 0 24.7796 0.1 5.4019 -1.31451 -3.76566 -1.31451 -3.76566 0.238714 0.552778 0.238714 -0.552778
1 1 0 24.7846 0.1 5.403 -1.31457 -3.76579 -1.31457 -3.76579 0.238817 0.552658 0.238817 -0.552658
1 1 0 24.7896 0.1 5.4041 -1.31462 -3.76593 -1.31462 -3.76593 0.23892 0.552538 0.23892 -0.552538
1 1 0 24.7946 0.1 5.4052 -1.31468 -3.76606 -1.31468 -3.76606 0.239024 0.552418 0.239024 -0.552418
1 1 0 24.7996 0.1 5.40631 -1.31473 -3.7662 -1.31473 -3.7662 0.239129 0.552298 0.239129 -0.552298
1 1 0 24.8046 0.1 5.40743 -1.31478 -3.76634 -1.31478 -3.76634 0.239234 0.552177 0.239234 -0.552177
1 1 0 24.8096 0.1 5.40855 -1.31484 -3.76647 -1.31484 -3.76647 0.23934 0.552056 0.23934 -0.552056
1 1 0 24.8146 0.1 5.40968 -1.31489 -3.7666 -1.31489 -3.7666 0.239446 0.551935 0.239446 -0.551935
1 1 0 24.8196 0.1 5.41081 -1.31495 -3.76674 -1.31495 -3.76674 0.239552 0.551813 0.239552 -0.551813
1 1 0 24.8246 0.1 5.41195 -1.315 -3.76687 -1.315 -3.76687 0.23966 0.551691 0.23966 -0.551691
1 1 0 24.8296 0.1 5.4131 -1.31505 -3.76701 -1.31505 -3.76701 0.239767 0.551569 0.239767 -0.551569
1 1 0 24.8346 0.1 5.41424 -1.31511 -3.76714 -1.31511 -3.76714 0.239876 0.551447 0.239876 -0.551447
1 1 0 24.8396 0.1 5.4154 -1.31516 -3.76727 -1.31516 -3.76727 0.239985 0.551324 0.239985 -0.551324
1 1 0 24.8446 0.1 5.41656 -1.31522 -3.76741 -1.31522 -3.76741 0.240094 0.551201 0.240094 -0.551201
1 1 0 24.8496 0.1 5.41772 -1.31527 -3.76754 -1.31527 -3.76754 0.240204 0.551078 0.240204 -0.551078
1 1 0 24.8546 0.1 5.41889 -1.31533 -3.76767 -1.31533 -3.76767 0.240314 0.550955 0.240314 -0.550955
1 1 0 24.8596 0.1 5.42007 -1.31538 -3.7678 -1.31538 -3.7678 0.240425 0.550831 0.240425 -0.550831
1 1 0 24.8646 0.1 5.42125 -1.31543 -3.76793 -1.31543 -3.76793 0.240537 0.550707 0.240537 -0.550707
1 1 0 24.8696 0.1 5.42244 -1.31549 -3.76806 -1.31549 -3.76806 0.240649 0.550583 0.240649 -0.550583
1 1 0 24.8746 0.1 5.42363 -1.31554 -3.76819 -1.31554 -3.76819 0.240762 0.550458 0.240762 -0.550458
1 1 0 24.8796 0.1 5.42483 -1.31559 -3.76832 -1.31559 -3.76832 0.240875 0.550333 0.240875 -0.550333
1 1 0 24.8846 0.1 5.42603 -1.31565 -3.76845 -1.31565 -3.76845 0.240989 0.550208 0.240989 -0.550208
1 1 0 24.8896 0.1 5.42724 -1.3157 -3.76858 -1.3157 -3.76858 0.241103 0.550083 0.241103 -0.550083
1 1 0 24.8946 0.1 5.42846 -1.31576 -3.76871 -1.31576 -3.76871 0.241218 0.549957 0.241218 -0.549957
1 1 0 24.8996 0.1 5.42968 -1.31581 -3.76884 -1.31581 -3.76884 0.241333 0.549831 0.241333 -0.549831
1 1 0 24.9046 0.1 5.4309 -1.31586 -3.76897 -1.31586 -3.76897 0.241449 0.549705 0.241449 -0.549705
1 1 0 24.9096 0.1 5.43213 -1.31592 -3.7691 -1.31592 -3.7691 0.241565 0.549579 0.241565 -0.549579
1 1 0 24.9146 0.1 5.43337 -1.31597 -3.76923 -1.31597 -3.76923 0.241682 0.549452 0.241682 -0.549452
1 1 0 24.9196 0.1 5.43461 -1.31603 -3.76936 -1.31603 -3.76936 0.241799 0.549325 0.241799 -0.549325
1 1 0 24.9246 0.1 5.43586 -1.31608 -3.76948 -1.31608 -3.76948 0.241917 0.549198 0.241917 -0.549198
1 1 0 24.9296 0.1 5.43711 -1.31613 -3.76961 -1.31613 -3.76961 0.242036 0.54907 0.242036 -0.54907
1 1 0 24.9346 0.1 5.43837 -1.31619 -3.76974 -1.31619 -3.76974 0.242155 0.548943 0.242155 -0.548943
1 1 0 24.9395 0.1 5.43963 -1.31624 -3.76986 -1.31624 -3.76986 0.242274 0.548815 0.242274 -0.548815
1 1 0 24.9445 0.1 5.4409 -1.31629 -3.76999 -1.31629 -3.76999 0.242395 0.548686 0.242395 -0.548686
1 1 0 24.9495 0.1 5.44218 -1.31635 -3.77011 -1.31635 -3.77011 0.242515 0.548558 0.242515 -0.548558
1 1 0 24.9545 0.1 5.44346 -1.3164 -3.77024 -1.3164 -3.77024 0.242636 0.548429 0.242636 -0.548429
1 1 0 24.9595 0.1 5.44475 -1.31645 -3.77036 -1.31645 -3.77036 0.242758 0.548299 0.242758 -0.548299
1 1 0 24.9645 0.1 5.44604 -1.31651 -3.77049 -1.31651 -3.77049 0.24288 0.54817 0.24288 -0.54817
1 1 0 24.9695 0.1 5.44734 -1.31656 -3.77061 -1.31656 -3.77061 0.243003 0.54804 0.243003 -0.54804
1 1 0 24.9745 0.1 5.44864 -1.31662 -3.77074 -1.31662 -3.77074 0.243127 0.54791 0.243127 -0.54791
1 1 0 24.9795 0.1 5.44995 -1.31667 -3.77086 -1.31667 -3.77086 0.24325 0.54778 0.24325 -0.54778
1 1 0 24.9845 0.1 5.45127 -1.31672 -3.77098 -1.31672 -3.77098 0.243375 0.547649 0.243375 -0.547649
1 1 0 24.9895 0.1 5.45259 -1.31678 -3.77111 -1.31678 -3.77111 0.2435 0.547518 0.2435 -0.547518
1 1 0 24.9945 0.1 5.45392 -1.31683 -3.77123 -1.31683 -3.77123 0.243625 0.547387 0.243625 -0.547387
1 1 0 24.9995 0.1 5.45525 -1.31688 -3.77135 -1.31688 -3.77135 0.243751 0.547256 0.243751 -0.547256
1 1 0 25.0045 0.1 5.45659 -1.31694 -3.77147 -1.31694 -3.77147 0.243878 0.547124 0.243878 -0.547124
1 1 0 25.0095 0.1 5.45793 -1.31699 -3.7716 -1.31699 -3.7716 0.244005 0.546992 0.244005 -0.546992
1 1 0 25.0145 0.1 5.45928 -1.31704 -3.77172 -1.31704 -3.77172 0.244132 0.546859 0.244132 -0.546859
1 1 0 25.0195 0.1 5.46064 -1.3171 -3.77184 -1.3171 -3.77184 0.244261 0.546727 0.244261 -0.546727
1 1 0 25.0245 0.1 5.462 -1.31715 -3.77196 -1.31715 -3.77196 0.244389 0.546594 0.244389 -0.546594
1 1 0 25.0295 0.1 5.46336 -1.3172 -3.77208 -1.3172 -3.77208 0.244519 0.546461 0.244519 -0.546461
1 1 0 25.0345 0.1 5.46474 -1.31726 -3.7722 -1.31726 -3.7722 0.244648 0.546327 0.244648 -0.546327
1 1 0 25.0395 0.1 5.46612 -1.31731 -3.77232 -1.31731 -3.77232 0.244779 0.546194 0.244779 -0.546194
1 1 0 25.0445 0.1 5.4675 -1.31736 -3.77244 -1.31736 -3.77244 0.244909 0.546059 0.244909 -0.546059
1 1 0 25.0495 0.1 5.46889 -1.31742 -3.77256 -1.31742 -3.77256 0.245041 0.545925 0.245041 -0.545925
1 1 0 25.0545 0.1 5.47029 -1.31747 -3.77268 -1.31747 -3.77268 0.245173 0.54579 0.245173 -0.54579
1 1 0 25.0595 0.1 5.47169 -1.31752 -3.77279 -1.31752 -3.77279 0.245305 0.545656 0.245305 -0.545656
1 1 0 25.0645 0.1 5.4731 -1.31758 -3.77291 -1.31758 -3.77291 0.245438 0.54552 0.245438 -0.54552
1 1 0 25.0695 0.1 5.47451 -1.31763 -3.77303 -1.31763 -3.77303 0.245572 0.545385 0.245572 -0.545385
1 1 0 25.0745 0.1 5.47593 -1.31768 -3.77315 -1.31768 -3.77315 0.245706 0.545249 0.245706 -0.545249
1 1 0 25.0795 0.1 5.47736 -1.31774 -3.77326 -1.31774 -3.77326 0.24584 0.545113 0.24584 -0.545113
1 1 0 25.0845 0.1 5.47879 -1.31779 -3.77338 -1.31779 -3.77338 0.245975 0.544977 0.245975 -0.544977
1 1 0 25.0895 0.1 5.48023 -1.31784 -3.7735 -1.31784 -3.7735 0.246111 0.54484 0.246111 -0.54484
1 1 0 25.0945 0.1 5.48167 -1.3179 -3.77361 -1.3179 -3.77361 0.246247 0.544703 0.246247 -0.544703
1 1 0 25.0995 0.1 5.48312 -1.31795 -3.77373 -1.31795 -3.77373 0.246384 0.544566 0.246384 -0.544566
1 1 0 25.1045 0.1 5.48458 -1.318 -3.77384 -1.318 -3.77384 0.246521 0.544428 0.246521 -0.544428
1 1 0 25.1095 0.1 5.48604 -1.31805 -3.77396 -1.31805 -3.77396 0.246659 0.54429 0.246659 -0.54429
1 1 0 25.1145 0.1 5.48751 -1.31811 -3.77407 -1.31811 -3.77407 0.246797 0.544152 0.246797 -0.544152
1 1 0 25.1195 0.1 5.48898 -1.31816 -3.77419 -1.31816 -3.77419 0.246936 0.544014 0.246936 -0.544014
1 1 0 25.1245 0.1 5.49046 -1.31821 -3.7743 -1.31821 -3.7743 0.247076 0.543875 0.247076 -0.543875
1 1 0 25.1295 0.1 5.49194 -1.31827 -3.77441 -1.31827 -3.77441 0.247215 0.543736 0.247215 -0.543736
1 1 0 25.1345 0.1 5.49344 -1.31832 -3.77453 -1.31832 -3.77453 0.247356 0.543596 0.247356 -0.543596
1 1 0 25.1395 0.1 5.49493 -1.31837 -3.77464 -1.31837 -3.77464 0.247497 0.543457 0.247497 -0.543457
1 1 0 25.1445 0.1 5.49644 -1.31843 -3.77475 -1.31843 -3.77475 0.247639 0.543317 0.247639 -0.543317
1 1 0 25.1495 0.1 5.49795 -1.31848 -3.77486 -1.31848 -3.77486 0.247781 0.543176 0.247781 -0.543176
1 1 0 25.1545 0.1 5.49947 -1.31853 -3.77497 -1.31853 -3.77497 0.247923 0.543036 0.247923 -0.543036
1 1 0 25.1595 0.1 5.50099 -1.31858 -3.77508 -1.31858 -3.77508 0.248066 0.542895 0.248066 -0.542895
1 1 0 25.1645 0.1 5.50252 -1.31864 -3.7752 -1.31864 -3.7752 0.24821 0.542754 0.24821 -0.542754
1 1 0 25.1695 0.1 5.50405 -1.31869 -3.77531 -1.31869 -3.77531 0.248354 0.542612 0.248354 -0.542612
1 1 0 25.1745 0.1 5.50559 -1.31874 -3.77542 -1.31874 -3.77542 0.248499 0.54247 0.248499 -0.54247
1 1 0 25.1795 0.1 5.50714 -1.3188 -3.77553 -1.3188 -3.77553 0.248644 0.542328 0.248644 -0.542328
1 1 0 25.1845 0.1 5.50869 -1.31885 -3.77563 -1.31885 -3.77563 0.24879 0.542186 0.24879 -0.542186
1 1 0 25.1895 0.1 5.51025 -1.3189 -3.77574 -1.3189 -3.77574 0.248937 0.542043 0.248937 -0.542043
1 1 0 25.1945 0.1 5.51182 -1.31895 -3.77585 -1.31895 -3.77585 0.249083 0.5419 0.249083 -0.5419
1 1 0 25.1995 0.1 5.51339 -1.31901 -3.77596 -1.31901 -3.77596 0.249231 0.541757 0.249231 -0.541757
1 1 0 25.2045 0.1 5.51497 -1.31906 -3.77607 -1.31906 -3.77607 0.249379 0.541613 0.249379 -0.541613
1 1 0 25.2095 0.1 5.51655 -1.31911 -3.77618 -1.31911 -3.77618 0.249527 0.541469 0.249527 -0.541469
1 1 0 25.2145 0.1 5.51814 -1.31917 -3.77628 -1.31917 -3.77628 0.249676 0.541325 0.249676 -0.541325
1 1 0 25.2195 0.1 5.51974 -1.31922 -3.77639 -1.31922 -3.77639 0.249826 0.54118 0.249826 -0.54118
1 1 0 25.2245 0.1 5.52134 -1.31927 -3.7765 -1.31927 -3.7765 0.249976 0.541035 0.249976 -0.541035
1 1 0 25.2295 0.1 5.52295 -1.31932 -3.7766 -1.31932 -3.7766 0.250127 0.54089 0.250127 -0.54089
1 1 0 25.2345 0.1 5.52457 -1.31938 -3.77671 -1.31938 -3.77671 0.250278 0.540745 0.250278 -0.540745
1 1 0 25.2395 0.1 5.52619 -1.31943 -3.77681 -1.31943 -3.77681 0.25043 0.540599 0.25043 -0.540599
1 1 0 25.2444 0.1 5.52782 -1.31948 -3.77692 -1.31948 -3.77692 0.250582 0.540453 0.250582 -0.540453
1 1 0 25.2494 0.1 5.52946 -1.31953 -3.77702 -1.31953 -3.77702 0.250735 0.540306 0.250735 -0.540306
1 1 0 25.2544 0.1 5.5311 -1.31959 -3.77713 -1.31959 -3.77713 0.250888 0.540159 0.250888 -0.540159
1 1 0 25.2594 0.1 5.53275 -1.31964 -3.77723 -1.31964 -3.77723 0.251042 0.540012 0.251042 -0.540012
1 1 0 25.2644 0.1 5.5344 -1.31969 -3.77734 -1.31969 -3.77734 0.251196 0.539865 0.251196 -0.539865
1 1 0 25.2694 0.1 5.53606 -1.31974 -3.77744 -1.31974 -3.77744 0.251351 0.539717 0.251351 -0.539717
1 1 0 25.2744 0.1 5.53773 -1.3198 -3.77754 -1.3198 -3.77754 0.251507 0.539569 0.251507 -0.539569
1 1 0 25.2794 0.1 5.5394 -1.31985 -3.77764 -1.31985 -3.77764 0.251663 0.539421 0.251663 -0.539421
1 1 0 25.2844 0.1 5.54108 -1.3199 -3.77775 -1.3199 -3.77775 0.251819 0.539272 0.251819 -0.539272
1 1 0 25.2894 0.1 5.54277 -1.31995 -3.77785 -1.31995 -3.77785 0.251976 0.539123 0.251976 -0.539123
1 1 0 25.2944 0.1 5.54447 -1.32001 -3.77795 -1.32001 -3.77795 0.252134 0.538974 0.252134 -0.538974
1 1 0 25.2994 0.1 5.54617 -1.32006 -3.77805 -1.32006 -3.77805 0.252292 0.538824 0.252292 -0.538824
1 1 0 25.3044 0.1 5.54787 -1.32011 -3.77815 -1.32011 -3.77815 0.252451 0.538674 0.252451 -0.538674
1 1 0 25.3094 0.1 5.54959 -1.32016 -3.77825 -1.32016 -3.77825 0.25261 0.538524 0.25261 -0.538524
1 1 0 25.3144 0.1 5.55131 -1.32022 -3.77835 -1.32022 -3.77835 0.25277 0.538373 0.25277 -0.538373
1 1 0 25.3194 0.1 5.55303 -1.32027 -3.77845 -1.32027 -3.77845 0.25293 0.538222 0.25293 -0.538222
1 1 0 25.3244 0.1 5.55476 -1.32032 -3.77855 -1.32032 -3.77855 0.253091 0.538071 0.253091 -0.538071
1 1 0 25.3294 0.1 5.5565 -1.32037 -3.77865 -1.32037 -3.77865 0.253252 0.537919 0.253252 -0.537919
1 1 0 25.3344 0.1 5.55825 -1.32042 -3.77875 -1.32042 -3.77875 0.253414 0.537767 0.253414 -0.537767
1 1 0 25.3394 0.1 5.56 -1.32048 -3.77884 -1.32048 -3.77884 0.253577 0.537615 0.253577 -0.537615
1 1 0 25.3444 0.1 5.56176 -1.32053 -3.77894 -1.32053 -3.77894 0.25374 0.537462 0.25374 -0.537462
1 1 0 25.3494 0.1 5.56353 -1.32058 -3.77904 -1.32058 -3.77904 0.253903 0.537309 0.253903 -0.537309
1 1 0 25.3544 0.1 5.5653 -1.32063 -3.77913 -1.32063 -3.77913 0.254067 0.537156 0.254067 -0.537156
1 1 0 25.3594 0.1 5.56708 -1.32069 -3.77923 -1.32069 -3.77923 0.254232 0.537002 0.254232 -0.537002
1 1 0 25.3644 0.1 5.56887 -1.32074 -3.77933 -1.32074 -3.77933 0.254397 0.536848 0.254397 -0.536848
1 1 0 25.3694 0.1 5.57066 -1.32079 -3.77942 -1.32079 -3.77942 0.254563 0.536694 0.254563 -0.536694
1 1 0 25.3744 0.1 5.57247 -1.32084 -3.77952 -1.32084 -3.77952 0.254729 0.53654 0.254729 -0.53654
1 1 0 25.3794 0.1 5.57427 -1.32089 -3.77961 -1.32089 -3.77961 0.254896 0.536385 0.254896 -0.536385
1 1 0 25.3844 0.1 5.57609 -1.32095 -3.77971 -1.32095 -3.77971 0.255063 0.536229 0.255063 -0.536229
1 1 0 25.3894 0.1 5.57791 -1.321 -3.7798 -1.321 -3.7798 0.255231 0.536074 0.255231 -0.536074
1 1 0 25.3944 0.1 5.57973 -1.32105 -3.77989 -1.32105 -3.77989 0.255399 0.535918 0.255399 -0.535918
1 1 0 25.3994 0.1 5.58157 -1.3211 -3.77999 -1.3211 -3.77999 0.255568 0.535761 0.255568 -0.535761
1 1 0 25.4044 0.1 5.58341 -1.32115 -3.78008 -1.32115 -3.78008 0.255738 0.535605 0.255738 -0.535605
1 1 0 25.4094 0.1 5.58526 -1.32121 -3.78017 -1.32121 -3.78017 0.255908 0.535448 0.255908 -0.535448
1 1 0 25.4144 0.1 5.58712 -1.32126 -3.78027 -1.32126 -3.78027 0.256078 0.53529 0.256078 -0.53529
1 1 0 25.4194 0.1 5.58898 -1.32131 -3.78036 -1.32131 -3.78036 0.256249 0.535133 0.256249 -0.535133
1 1 0 25.4244 0.1 5.59085 -1.32136 -3.78045 -1.32136 -3.78045 0.256421 0.534975 0.256421 -0.534975
1 1 0 25.4294 0.1 5.59272 -1.32141 -3.78054 -1.32141 -3.78054 0.256593 0.534816 0.256593 -0.534816
1 1 0 25.4344 0.1 5.59461 -1.32147 -3.78063 -1.32147 -3.78063 0.256766 0.534658 0.256766 -0.534658
1 1 0 25.4394 0.1 5.5965 -1.32152 -3.78072 -1.32152 -3.78072 0.256939 0.534499 0.256939 -0.534499
1 1 0 25.4444 0.1 5.5984 -1.32157 -3.78081 -1.32157 -3.78081 0.257112 0.534339 0.257112 -0.534339
1 1 0 25.4494 0.1 5.6003 -1.32162 -3.7809 -1.32162 -3.7809 0.257287 0.534179 0.257287 -0.534179
1 1 0 25.4544 0.1 5.60221 -1.32167 -3.78099 -1.32167 -3.78099 0.257462 0.534019 0.257462 -0.534019
1 1 0 25.4594 0.1 5.60413 -1.32172 -3.78108 -1.32172 -3.78108 0.257637 0.533859 0.257637 -0.533859
1 1 0 25.4644 0.1 5.60606 -1.32178 -3.78116 -1.32178 -3.78116 0.257813 0.533698 0.257813 -0.533698
1 1 0 25.4694 0.1 5.60799 -1.32183 -3.78125 -1.32183 -3.78125 0.257989 0.533537 0.257989 -0.533537
1 1 0 25.4744 0.1 5.60993 -1.32188 -3.78134 -1.32188 -3.78134 0.258166 0.533375 0.258166 -0.533375
1 1 0 25.4794 0.1 5.61188 -1.32193 -3.78143 -1.32193 -3.78143 0.258344 0.533213 0.258344 -0.533213
1 1 0 25.4844 0.1 5.61383 -1.32198 -3.78151 -1.32198 -3.78151 0.258522 0.533051 0.258522 -0.533051
1 1 0 25.4894 0.1 5.61579 -1.32203 -3.7816 -1.32203 -3.7816 0.2587 0.532889 0.2587 -0.532889
1 1 0 25.4944 0.1 5.61776 -1.32209 -3.78168 -1.32209 -3.78168 0.258879 0.532726 0.258879 -0.532726
1 1 0 25.4994 0.1 5.61974 -1.32214 -3.78177 -1.32214 -3.78177 0.259059 0.532562 0.259059 -0.532562
1 1 0 25.5044 0.1 5.62172 -1.32219 -3.78186 -1.32219 -3.78186 0.259239 0.532399 0.259239 -0.532399
1 1 0 25.5094 0.1 5.62371 -1.32224 -3.78194 -1.32224 -3.78194 0.25942 0.532235 0.25942 -0.532235
1 1 0 25.5144 0.1 5.62571 -1.32229 -3.78202 -1.32229 -3.78202 0.259601 0.53207 0.259601 -0.53207
1 1 0 25.5194 0.1 5.62772 -1.32234 -3.78211 -1.32234 -3.78211 0.259783 0.531906 0.259783 -0.531906
1 1 0 25.5244 0.1 5.62973 -1.3224 -3.78219 -1.3224 -3.78219 0.259966 0.531741 0.259966 -0.531741
1 1 0 25.5294 0.1 5.63175 -1.32245 -3.78227 -1.32245 -3.78227 0.260148 0.531575 0.260148 -0.531575
1 1 0 25.5344 0.1 5.63378 -1.3225 -3.78236 -1.3225 -3.78236 0.260332 0.531409 0.260332 -0.531409
1 1 0 25.5394 0.1 5.63582 -1.32255 -3.78244 -1.32255 -3.78244 0.260516 0.531243 0.260516 -0.531243
1 1 0 25.5444 0.1 5.63786 -1.3226 -3.78252 -1.3226 -3.78252 0.2607 0.531077 0.2607 -0.531077
1 1 0 25.5494 0.1 5.63991 -1.32265 -3.7826 -1.32265 -3.7826 0.260885 0.53091 0.260885 -0.53091
1 1 0 25.5544 0.1 5.64197 -1.3227 -3.78268 -1.3227 -3.78268 0.261071 0.530743 0.261071 -0.530743
1 1 0 25.5594 0.1 5.64403 -1.32276 -3.78276 -1.32276 -3.78276 0.261257 0.530575 0.261257 -0.530575
1 1 0 25.5644 0.1 5.64611 -1.32281 -3.78284 -1.32281 -3.78284 0.261444 0.530407 0.261444 -0.530407
1 1 0 25.5694 0.1 5.64819 -1.32286 -3.78292 -1.32286 -3.78292 0.261631 0.530238 0.261631 -0.530238
1 1 0 25.5744 0.1 5.65027 -1.32291 -3.783 -1.32291 -3.783 0.261819 0.53007 0.261819 -0.53007
1 1 0 25.5794 0.1 5.65237 -1.32296 -3.78308 -1.32296 -3.78308 0.262007 0.529901 0.262007 -0.529901
1 1 0 25.5844 0.1 5.65447 -1.32301 -3.78316 -1.32301 -3.78316 0.262196 0.529731 0.262196 -0.529731
1 1 0 25.5894 0.1 5.65658 -1.32306 -3.78324 -1.32306 -3.78324 0.262385 0.529561 0.262385 -0.529561
1 1 0 25.5944 0.1 5.6587 -1.32312 -3.78331 -1.32312 -3.78331 0.262575 0.529391 0.262575 -0.529391
1 1 0 25.5994 0.1 5.66083 -1.32317 -3.78339 -1.32317 -3.78339 0.262766 0.52922 0.262766 -0.52922
1 1 0 25.6044 0.1 5.66296 -1.32322 -3.78347 -1.32322 -3.78347 0.262957 0.529049 0.262957 -0.529049
1 1 0 25.6094 0.1 5.6651 -1.32327 -3.78354 -1.32327 -3.78354 0.263148 0.528878 0.263148 -0.528878
1 1 0 25.6144 0.1 5.66725 -1.32332 -3.78362 -1.32332 -3.78362 0.26334 0.528706 0.26334 -0.528706
1 1 0 25.6194 0.1 5.66941 -1.32337 -3.78369 -1.32337 -3.78369 0.263533 0.528534 0.263533 -0.528534
1 1 0 25.6244 0.1 5.67158 -1.32342 -3.78377 -1.32342 -3.78377 0.263726 0.528362 0.263726 -0.528362
1 1 0 25.6294 0.1 5.67375 -1.32347 -3.78384 -1.32347 -3.78384 0.26392 0.528189 0.26392 -0.528189
1 1 0 25.6344 0.1 5.67593 -1.32353 -3.78392 -1.32353 -3.78392 0.264114 0.528015 0.264114 -0.528015
1 1 0 25.6394 0.1 5.67812 -1.32358 -3.78399 -1.32358 -3.78399 0.264309 0.527842 0.264309 -0.527842
1 1 0 25.6444 0.1 5.68032 -1.32363 -3.78407 -1.32363 -3.78407 0.264504 0.527668 0.264504 -0.527668
1 1 0 25.6494 0.1 5.68252 -1.32368 -3.78414 -1.32368 -3.78414 0.2647 0.527493 0.2647 -0.527493
1 1 0 25.6544 0.1 5.68473 -1.32373 -3.78421 -1.32373 -3.78421 0.264896 0.527319 0.264896 -0.527319
1 1 0 25.6594 0.1 5.68695 -1.32378 -3.78428 -1.32378 -3.78428 0.265093 0.527143 0.265093 -0.527143
1 1 0 25.6644 0.1 5.68918 -1.32383 -3.78435 -1.32383 -3.78435 0.265291 0.526968 0.265291 -0.526968
1 1 0 25.6694 0.1 5.69142 -1.32388 -3.78443 -1.32388 -3.78443 0.265489 0.526792 0.265489 -0.526792
1 1 0 25.6744 0.1 5.69366 -1.32393 -3.7845 -1.32393 -3.7845 0.265687 0.526615 0.265687 -0.526615
1 1 0 25.6794 0.1 5.69592 -1.32398 -3.78457 -1.32398 -3.78457 0.265887 0.526439 0.265887 -0.526439
1 1 0 25.6844 0.1 5.69818 -1.32404 -3.78464 -1.32404 -3.78464 0.266086 0.526261 0.266086 -0.526261
1 1 0 25.6894 0.1 5.70044 -1.32409 -3.78471 -1.32409 -3.78471 0.266286 0.526084 0.266286 -0.526084
1 1 0 25.6944 0.1 5.70272 -1.32414 -3.78477 -1.32414 -3.78477 0.266487 0.525906 0.266487 -0.525906
1 1 0 25.6994 0.1 5.70501 -1.32419 -3.78484 -1.32419 -3.78484 0.266688 0.525728 0.266688 -0.525728
1 1 0 25.7044 0.1 5.7073 -1.32424 -3.78491 -1.32424 -3.78491 0.26689 0.525549 0.26689 -0.525549
1 1 0 25.7094 0.1 5.7096 -1.32429 -3.78498 -1.32429 -3.78498 0.267093 0.52537 0.267093 -0.52537
1 1 0 25.7144 0.1 5.71191 -1.32434 -3.78505 -1.32434 -3.78505 0.267296 0.52519 0.267296 -0.52519
1 1 0 25.7194 0.1 5.71423 -1.32439 -3.78511 -1.32439 -3.78511 0.267499 0.52501 0.267499 -0.52501
1 1 0 25.7244 0.1 5.71656 -1.32444 -3.78518 -1.32444 -3.78518 0.267703 0.52483 0.267703 -0.52483
1 1 0 25.7294 0.1 5.71889 -1.32449 -3.78524 -1.32449 -3.78524 0.267908 0.524649 0.267908 -0.524649
1 1 0 25.7343 0.1 5.72123 -1.32454 -3.78531 -1.32454 -3.78531 0.268113 0.524468 0.268113 -0.524468
1 1 0 25.7393 0.1 5.72359 -1.32459 -3.78538 -1.32459 -3.78538 0.268318 0.524286 0.268318 -0.524286
1 1 0 25.7443 0.1 5.72595 -1.32464 -3.78544 -1.32464 -3.78544 0.268524 0.524105 0.268524 -0.524105
1 1 0 25.7493 0.1 5.72831 -1.3247 -3.7855 -1.3247 -3.7855 0.268731 0.523922 0.268731 -0.523922
1 1 0 25.7543 0.1 5.73069 -1.32475 -3.78557 -1.32475 -3.78557 0.268938 0.523739 0.268938 -0.523739
1 1 0 25.7593 0.1 5.73308 -1.3248 -3.78563 -1.3248 -3.78563 0.269146 0.523556 0.269146 -0.523556
1 1 0 25.7643 0.1 5.73547 -1.32485 -3.78569 -1.32485 -3.78569 0.269355 0.523373 0.269355 -0.523373
1 1 0 25.7693 0.1 5.73787 -1.3249 -3.78576 -1.3249 -3.78576 0.269564 0.523189 0.269564 -0.523189
1 1 0 25.7743 0.1 5.74028 -1.32495 -3.78582 -1.32495 -3.78582 0.269773 0.523004 0.269773 -0.523004
1 1 0 25.7793 0.1 5.7427 -1.325 -3.78588 -1.325 -3.78588 0.269983 0.522819 0.269983 -0.522819
1 1 0 25.7843 0.1 5.74513 -1.32505 -3.78594 -1.32505 -3.78594 0.270193 0.522634 0.270193 -0.522634
1 1 0 25.7893 0.1 5.74757 -1.3251 -3.786 -1.3251 -3.786 0.270405 0.522448 0.270405 -0.522448
1 1 0 25.7943 0.1 5.75001 -1.32515 -3.78606 -1.32515 -3.78606 0.270616 0.522262 0.270616 -0.522262
1 1 0 25.7993 0.1 5.75247 -1.3252 -3.78612 -1.3252 -3.78612 0.270828 0.522076 0.270828 -0.522076
1 1 0 25.8043 0.1 5.75493 -1.32525 -3.78618 -1.32525 -3.78618 0.271041 0.521889 0.271041 -0.521889
1 1 0 25.8093 0.1 5.7574 -1.3253 -3.78624 -1.3253 -3.78624 0.271254 0.521702 0.271254 -0.521702
1 1 0 25.8143 0.1 5.75988 -1.32535 -3.7863 -1.32535 -3.7863 0.271468 0.521514 0.271468 -0.521514
1 1 0 25.8193 0.1 5.76237 -1.3254 -3.78635 -1.3254 -3.78635 0.271683 0.521326 0.271683 -0.521326
1 1 0 25.8243 0.1 5.76487 -1.32545 -3.78641 -1.32545 -3.78641 0.271897 0.521137 0.271897 -0.521137
1 1 0 25.8293 0.1 5.76738 -1.3255 -3.78647 -1.3255 -3.78647 0.272113 0.520948 0.272113 -0.520948
1 1 0 25.8343 0.1 5.76989 -1.32555 -3.78652 -1.32555 -3.78652 0.272329 0.520758 0.272329 -0.520758
1 1 0 25.8393 0.1 5.77242 -1.3256 -3.78658 -1.3256 -3.78658 0.272545 0.520569 0.272545 -0.520569
1 1 0 25.8443 0.1 5.77495 -1.32565 -3.78664 -1.32565 -3.78664 0.272763 0.520378 0.272763 -0.520378
1 1 0 25.8493 0.1 5.7775 -1.3257 -3.78669 -1.3257 -3.78669 0.27298 0.520187 0.27298 -0.520187
1 1 0 25.8543 0.1 5.78005 -1.32575 -3.78675 -1.32575 -3.78675 0.273198 0.519996 0.273198 -0.519996
1 1 0 25.8593 0.1 5.78261 -1.3258 -3.7868 -1.3258 -3.7868 0.273417 0.519805 0.273417 -0.519805
1 1 0 25.8643 0.1 5.78518 -1.32585 -3.78685 -1.32585 -3.78685 0.273636 0.519613 0.273636 -0.519613
1 1 0 25.8693 0.1 5.78776 -1.32591 -3.78691 -1.32591 -3.78691 0.273856 0.51942 0.273856 -0.51942
1 1 0 25.8743 0.1 5.79035 -1.32596 -3.78696 -1.32596 -3.78696 0.274077 0.519227 0.274077 -0.519227
1 1 0 25.8793 0.1 5.79294 -1.32601 -3.78701 -1.32601 -3.78701 0.274297 0.519034 0.274297 -0.519034
1 1 0 25.8843 0.1 5.79555 -1.32606 -3.78706 -1.32606 -3.78706 0.274519 0.51884 0.274519 -0.51884
1 1 0 25.8893 0.1 5.79817 -1.32611 -3.78711 -1.32611 -3.78711 0.274741 0.518646 0.274741 -0.518646
1 1 0 25.8943 0.1 5.80079 -1.32616 -3.78717 -1.32616 -3.78717 0.274964 0.518451 0.274964 -0.518451
1 1 0 25.8993 0.1 5.80343 -1.32621 -3.78722 -1.32621 -3.78722 0.275187 0.518256 0.275187 -0.518256
1 1 0 25.9043 0.1 5.80607 -1.32626 -3.78727 -1.32626 -3.78727 0.27541 0.51806 0.27541 -0.51806
1 1 0 25.9093 0.1 5.80872 -1.32631 -3.78731 -1.32631 -3.78731 0.275635 0.517864 0.275635 -0.517864
1 1 0 25.9143 0.1 5.81139 -1.32636 -3.78736 -1.32636 -3.78736 0.275859 0.517668 0.275859 -0.517668
1 1 0 25.9193 0.1 5.81406 -1.32641 -3.78741 -1.32641 -3.78741 0.276085 0.517471 0.276085 -0.517471
1 1 0 25.9243 0.1 5.81674 -1.32646 -3.78746 -1.32646 -3.78746 0.27631 0.517273 0.27631 -0.517273
1 1 0 25.9293 0.1 5.81943 -1.32651 -3.78751 -1.32651 -3.78751 0.276537 0.517076 0.276537 -0.517076
1 1 0 25.9343 0.1 5.82213 -1.32656 -3.78755 -1.32656 -3.78755 0.276764 0.516877 0.276764 -0.516877
1 1 0 25.9393 0.1 5.82484 -1.32661 -3.7876 -1.32661 -3.7876 0.276991 0.516679 0.276991 -0.516679
1 1 0 25.9443 0.1 5.82756 -1.32666 -3.78765 -1.32666 -3.78765 0.277219 0.516479 0.277219 -0.516479
1 1 0 25.9493 0.1 5.83029 -1.32671 -3.78769 -1.32671 -3.78769 0.277448 0.51628 0.277448 -0.51628
1 1 0 25.9543 0.1 5.83303 -1.32675 -3.78774 -1.32675 -3.78774 0.277677 0.51608 0.277677 -0.51608
1 1 0 25.9593 0.1 5.83578 -1.3268 -3.78778 -1.3268 -3.78778 0.277907 0.515879 0.277907 -0.515879
1 1 0 25.9643 0.1 5.83854 -1.32685 -3.78783 -1.32685 -3.78783 0.278137 0.515678 0.278137 -0.515678
1 1 0 25.9693 0.1 5.84131 -1.3269 -3.78787 -1.3269 -3.78787 0.278368 0.515477 0.278368 -0.515477
1 1 0 25.9743 0.1 5.84409 -1.32695 -3.78791 -1.32695 -3.78791 0.278599 0.515275 0.278599 -0.515275
1 1 0 25.9793 0.1 5.84687 -1.327 -3.78795 -1.327 -3.78795 0.278831 0.515072 0.278831 -0.515072
1 1 0 25.9843 0.1 5.84967 -1.32705 -3.788 -1.32705 -3.788 0.279064 0.514869 0.279064 -0.514869
1 1 0 25.9893 0.1 5.85248 -1.3271 -3.78804 -1.3271 -3.78804 0.279297 0.514666 0.279297 -0.514666
1 1 0 25.9943 0.1 5.8553 -1.32715 -3.78808 -1.32715 -3.78808 0.27953 0.514462 0.27953 -0.514462
1 1 0 25.9993 0.1 5.85813 -1.3272 -3.78812 -1.3272 -3.78812 0.279765 0.514258 0.279765 -0.514258
1 1 0 26.0043 0.1 5.86096 -1.32725 -3.78816 -1.32725 -3.78816 0.279999 0.514053 0.279999 -0.514053
1 1 0 26.0093 0.1 5.86381 -1.3273 -3.7882 -1.3273 -3.7882 0.280234 0.513848 0.280234 -0.513848
1 1 0 26.0143 0.1 5.86667 -1.32735 -3.78824 -1.32735 -3.78824 0.28047 0.513642 0.28047 -0.513642
1 1 0 26.0193 0.1 5.86954 -1.3274 -3.78828 -1.3274 -3.78828 0.280707 0.513436 0.280707 -0.513436
1 1 0 26.0243 0.1 5.87242 -1.32745 -3.78832 -1.32745 -3.78832 0.280944 0.513229 0.280944 -0.513229
1 1 0 26.0293 0.1 5.87531 -1.3275 -3.78835 -1.3275 -3.78835 0.281181 0.513022 0.281181 -0.513022
1 1 0 26.0343 0.1 5.8782 -1.32755 -3.78839 -1.32755 -3.78839 0.281419 0.512814 0.281419 -0.512814
1 1 0 26.0393 0.1 5.88111 -1.3276 -3.78843 -1.3276 -3.78843 0.281658 0.512606 0.281658 -0.512606
1 1 0 26.0443 0.1 5.88403 -1.32765 -3.78846 -1.32765 -3.78846 0.281897 0.512398 0.281897 -0.512398
1 1 0 26.0493 0.1 5.88696 -1.3277 -3.7885 -1.3277 -3.7885 0.282136 0.512189 0.282136 -0.512189
1 1 0 26.0543 0.1 5.8899 -1.32775 -3.78853 -1.32775 -3.78853 0.282377 0.511979 0.282377 -0.511979
1 1 0 26.0593 0.1 5.89285 -1.3278 -3.78857 -1.3278 -3.78857 0.282617 0.511769 0.282617 -0.511769
1 1 0 26.0643 0.1 5.89582 -1.32785 -3.7886 -1.32785 -3.7886 0.282859 0.511558 0.282859 -0.511558
1 1 0 26.0693 0.1 5.89879 -1.3279 -3.78864 -1.3279 -3.78864 0.283101 0.511347 0.283101 -0.511347
1 1 0 26.0743 0.1 5.90177 -1.32794 -3.78867 -1.32794 -3.78867 0.283343 0.511136 0.283343 -0.511136
1 1 0 26.0793 0.1 5.90476 -1.32799 -3.7887 -1.32799 -3.7887 0.283586 0.510924 0.283586 -0.510924
1 1 0 26.0843 0.1 5.90777 -1.32804 -3.78873 -1.32804 -3.78873 0.28383 0.510711 0.28383 -0.510711
1 1 0 26.0893 0.1 5.91078 -1.32809 -3.78876 -1.32809 -3.78876 0.284074 0.510498 0.284074 -0.510498
1 1 0 26.0943 0.1 5.91381 -1.32814 -3.7888 -1.32814 -3.7888 0.284318 0.510285 0.284318 -0.510285
1 1 0 26.0993 0.1 5.91684 -1.32819 -3.78883 -1.32819 -3.78883 0.284564 0.510071 0.284564 -0.510071
1 1 0 26.1043 0.1 5.91989 -1.32824 -3.78886 -1.32824 -3.78886 0.284809 0.509856 0.284809 -0.509856
1 1 0 26.1093 0.1 5.92295 -1.32829 -3.78889 -1.32829 -3.78889 0.285056 0.509641 0.285056 -0.509641
1 1 0 26.1143 0.1 5.92601 -1.32834 -3.78891 -1.32834 -3.78891 0.285303 0.509426 0.285303 -0.509426
1 1 0 26.1193 0.1 5.92909 -1.32839 -3.78894 -1.32839 -3.78894 0.28555 0.50921 0.28555 -0.50921
1 1 0 26.1243 0.1 5.93218 -1.32844 -3.78897 -1.32844 -3.78897 0.285798 0.508993 0.285798 -0.508993
1 1 0 26.1293 0.1 5.93528 -1.32849 -3.789 -1.32849 -3.789 0.286047 0.508776 0.286047 -0.508776
1 1 0 26.1343 0.1 5.9384 -1.32853 -3.78902 -1.32853 -3.78902 0.286296 0.508559 0.286296 -0.508559
1 1 0 26.1393 0.1 5.94152 -1.32858 -3.78905 -1.32858 -3.78905 0.286546 0.50834 0.286546 -0.50834
1 1 0 26.1443 0.1 5.94465 -1.32863 -3.78908 -1.32863 -3.78908 0.286796 0.508122 0.286796 -0.508122
1 1 0 26.1493 0.1 5.9478 -1.32868 -3.7891 -1.32868 -3.7891 0.287047 0.507903 0.287047 -0.507903
1 1 0 26.1543 0.1 5.95096 -1.32873 -3.78913 -1.32873 -3.78913 0.287298 0.507683 0.287298 -0.507683
1 1 0 26.1593 0.1 5.95413 -1.32878 -3.78915 -1.32878 -3.78915 0.28755 0.507463 0.28755 -0.507463
1 1 0 26.1643 0.1 5.95731 -1.32883 -3.78917 -1.32883 -3.78917 0.287802 0.507242 0.287802 -0.507242
1 1 0 26.1693 0.1 5.9605 -1.32888 -3.7892 -1.32888 -3.7892 0.288055 0.507021 0.288055 -0.507021
1 1 0 26.1743 0.1 5.9637 -1.32893 -3.78922 -1.32893 -3.78922 0.288309 0.506799 0.288309 -0.506799
1 1 0 26.1793 0.1 5.96691 -1.32898 -3.78924 -1.32898 -3.78924 0.288563 0.506577 0.288563 -0.506577
1 1 0 26.1843 0.1 5.97014 -1.32902 -3.78926 -1.32902 -3.78926 0.288818 0.506354 0.288818 -0.506354
1 1 0 26.1893 0.1 5.97337 -1.32907 -3.78928 -1.32907 -3.78928 0.289073 0.506131 0.289073 -0.506131
1 1 0 26.1943 0.1 5.97662 -1.32912 -3.7893 -1.32912 -3.7893 0.289329 0.505907 0.289329 -0.505907
1 1 0 26.1993 0.1 5.97988 -1.32917 -3.78932 -1.32917 -3.78932 0.289586 0.505683 0.289586 -0.505683
1 1 0 26.2043 0.1 5.98315 -1.32922 -3.78934 -1.32922 -3.78934 0.289843 0.505458 0.289843 -0.505458
1 1 0 26.2093 0.1 5.98644 -1.32927 -3.78936 -1.32927 -3.78936 0.2901 0.505233 0.2901 -0.505233
1 1 0 26.2143 0.1 5.98973 -1.32932 -3.78938 -1.32932 -3.78938 0.290358 0.505007 0.290358 -0.505007
1 1 0 26.2193 0.1 5.99304 -1.32937 -3.7894 -1.32937 -3.7894 0.290617 0.50478 0.290617 -0.50478
1 1 0 26.2243 0.1 5.99636 -1.32941 -3.78942 -1.32941 -3.78942 0.290876 0.504553 0.290876 -0.504553
1 1 0 26.2293 0.1 5.99969 -1.32946 -3.78943 -1.32946 -3.78943 0.291136 0.504325 0.291136 -0.504325
1 1 0 26.2343 0.1 6.00303 -1.32951 -3.78945 -1.32951 -3.78945 0.291396 0.504097 0.291396 -0.504097
1 1 0 26.2393 0.1 6.00639 -1.32956 -3.78946 -1.32956 -3.78946 0.291657 0.503869 0.291657 -0.503869
1 1 0 26.2443 0.1 6.00975 -1.32961 -3.78948 -1.32961 -3.78948 0.291919 0.503639 0.291919 -0.503639
1 1 0 26.2493 0.1 6.01313 -1.32966 -3.78949 -1.32966 -3.78949 0.292181 0.50341 0.292181 -0.50341
1 1 0 26.2543 0.1 6.01653 -1.32971 -3.78951 -1.32971 -3.78951 0.292444 0.503179 0.292444 -0.503179
1 1 0 26.2593 0.1 6.01993 -1.32975 -3.78952 -1.32975 -3.78952 0.292707 0.502948 0.292707 -0.502948
1 1 0 26.2643 0.1 6.02334 -1.3298 -3.78953 -1.3298 -3.78953 0.29297 0.502717 0.29297 -0.502717
1 1 0 26.2693 0.1 6.02677 -1.32985 -3.78954 -1.32985 -3.78954 0.293235 0.502485 0.293235 -0.502485
1 1 0 26.2743 0.1 6.03021 -1.3299 -3.78956 -1.3299 -3.78956 0.2935 0.502252 0.2935 -0.502252
1 1 0 26.2793 0.1 6.03367 -1.32995 -3.78957 -1.32995 -3.78957 0.293765 0.502019 0.293765 -0.502019
1 1 0 26.2843 0.1 6.03713 -1.33 -3.78958 -1.33 -3.78958 0.294031 0.501785 0.294031 -0.501785
1 1 0 26.2893 0.1 6.04061 -1.33005 -3.78959 -1.33005 -3.78959 0.294298 0.501551 0.294298 -0.501551
1 1 0 26.2943 0.1 6.0441 -1.33009 -3.7896 -1.33009 -3.7896 0.294565 0.501316 0.294565 -0.501316
1 1 0 26.2993 0.1 6.0476 -1.33014 -3.7896 -1.33014 -3.7896 0.294833 0.501081 0.294833 -0.501081
1 1 0 26.3043 0.1 6.05112 -1.33019 -3.78961 -1.33019 -3.78961 0.295101 0.500845 0.295101 -0.500845
1 1 0 26.3093 0.1 6.05465 -1.33024 -3.78962 -1.33024 -3.78962 0.29537 0.500608 0.29537 -0.500608
1 1 0 26.3143 0.1 6.05819 -1.33029 -3.78963 -1.33029 -3.78963 0.295639 0.500371 0.295639 -0.500371
1 1 0 26.3193 0.1 6.06174 -1.33034 -3.78963 -1.33034 -3.78963 0.295909 0.500134 0.295909 -0.500134
1 1 0 26.3243 0.1 6.06531 -1.33038 -3.78964 -1.33038 -3.78964 0.29618 0.499895 0.29618 -0.499895
1 1 0 26.3293 0.1 6.06889 -1.33043 -3.78964 -1.33043 -3.78964 0.296451 0.499656 0.296451 -0.499656
1 1 0 26.3343 0.1 6.07248 -1.33048 -3.78965 -1.33048 -3.78965 0.296723 0.499417 0.296723 -0.499417
1 1 0 26.3393 0.1 6.07609 -1.33053 -3.78965 -1.33053 -3.78965 0.296995 0.499177 0.296995 -0.499177
1 1 0 26.3443 0.1 6.07971 -1.33058 -3.78966 -1.33058 -3.78966 0.297268 0.498936 0.297268 -0.498936
1 1 0 26.3493 0.1 6.08334 -1.33062 -3.78966 -1.33062 -3.78966 0.297541 0.498695 0.297541 -0.498695
1 1 0 26.3543 0.1 6.08699 -1.33067 -3.78966 -1.33067 -3.78966 0.297815 0.498453 0.297815 -0.498453
1 1 0 26.3593 0.1 6.09064 -1.33072 -3.78966 -1.33072 -3.78966 0.29809 0.498211 0.29809 -0.498211
1 1 0 26.3643 0.1 6.09432 -1.33077 -3.78966 -1.33077 -3.78966 0.298365 0.497968 0.298365 -0.497968
1 1 0 26.3693 0.1 6.098 -1.33082 -3.78967 -1.33082 -3.78967 0.298641 0.497725 0.298641 -0.497725
1 1 0 26.3743 0.1 6.1017 -1.33086 -3.78966 -1.33086 -3.78966 0.298917 0.49748 0.298917 -0.49748
1 1 0 26.3793 0.1 6.10542 -1.33091 -3.78966 -1.33091 -3.78966 0.299194 0.497236 0.299194 -0.497236
1 1 0 26.3843 0.1 6.10914 -1.33096 -3.78966 -1.33096 -3.78966 0.299472 0.49699 0.299472 -0.49699
1 1 0 26.3893 0.1 6.11288 -1.33101 -3.78966 -1.33101 -3.78966 0.29975 0.496744 0.29975 -0.496744
1 1 0 26.3943 0.1 6.11664 -1.33106 -3.78966 -1.33106 -3.78966 0.300028 0.496498 0.300028 -0.496498
1 1 0 26.3993 0.1 6.1204 -1.3311 -3.78966 -1.3311 -3.78966 0.300307 0.496251 0.300307 -0.496251
1 1 0 26.4043 0.1 6.12418 -1.33115 -3.78965 -1.33115 -3.78965 0.300587 0.496003 0.300587 -0.496003
1 1 0 26.4093 0.1 6.12798 -1.3312 -3.78965 -1.3312 -3.78965 0.300867 0.495754 0.300867 -0.495754
1 1 0 26.4143 0.1 6.13179 -1.33125 -3.78964 -1.33125 -3.78964 0.301148 0.495505 0.301148 -0.495505
1 1 0 26.4193 0.1 6.13561 -1.3313 -3.78964 -1.3313 -3.78964 0.30143 0.495256 0.30143 -0.495256
1 1 0 26.4243 0.1 6.13945 -1.33134 -3.78963 -1.33134 -3.78963 0.301712 0.495005 0.301712 -0.495005
1 1 0 26.4293 0.1 6.1433 -1.33139 -3.78962 -1.33139 -3.78962 0.301994 0.494755 0.301994 -0.494755
1 1 0 26.4343 0.1 6.14717 -1.33144 -3.78962 -1.33144 -3.78962 0.302278 0.494503 0.302278 -0.494503
1 1 0 26.4393 0.1 6.15105 -1.33149 -3.78961 -1.33149 -3.78961 0.302561 0.494251 0.302561 -0.494251
1 1 0 26.4443 0.1 6.15494 -1.33153 -3.7896 -1.33153 -3.7896 0.302846 0.493998 0.302846 -0.493998
1 1 0 26.4493 0.1 6.15885 -1.33158 -3.78959 -1.33158 -3.78959 0.303131 0.493745 0.303131 -0.493745
1 1 0 26.4543 0.1 6.16277 -1.33163 -3.78958 -1.33163 -3.78958 0.303416 0.493491 0.303416 -0.493491
1 1 0 26.4593 0.1 6.16671 -1.33168 -3.78957 -1.33168 -3.78957 0.303702 0.493236 0.303702 -0.493236
1 1 0 26.4643 0.1 6.17066 -1.33173 -3.78956 -1.33173 -3.78956 0.303989 0.492981 0.303989 -0.492981
1 1 0 26.4693 0.1 6.17463 -1.33177 -3.78955 -1.33177 -3.78955 0.304276 0.492725 0.304276 -0.492725
1 1 0 26.4743 0.1 6.17861 -1.33182 -3.78954 -1.33182 -3.78954 0.304564 0.492468 0.304564 -0.492468
1 1 0 26.4793 0.1 6.18261 -1.33187 -3.78952 -1.33187 -3.78952 0.304853 0.492211 0.304853 -0.492211
1 1 0 26.4843 0.1 6.18662 -1.33192 -3.78951 -1.33192 -3.78951 0.305142 0.491953 0.305142 -0.491953
1 1 0 26.4893 0.1 6.19065 -1.33196 -3.7895 -1.33196 -3.7895 0.305431 0.491695 0.305431 -0.491695
1 1 0 26.4943 0.1 6.19469 -1.33201 -3.78948 -1.33201 -3.78948 0.305721 0.491436 0.305721 -0.491436
1 1 0 26.4993 0.1 6.19874 -1.33206 -3.78947 -1.33206 -3.78947 0.306012 0.491176 0.306012 -0.491176
1 1 0 26.5043 0.1 6.20282 -1.33211 -3.78945 -1.33211 -3.78945 0.306303 0.490915 0.306303 -0.490915
1 1 0 26.5093 0.1 6.2069 -1.33215 -3.78943 -1.33215 -3.78943 0.306595 0.490654 0.306595 -0.490654
1 1 0 26.5143 0.1 6.211 -1.3322 -3.78942 -1.3322 -3.78942 0.306888 0.490392 0.306888 -0.490392
1 1 0 26.5193 0.1 6.21512 -1.33225 -3.7894 -1.33225 -3.7894 0.307181 0.49013 0.307181 -0.49013
1 1 0 26.5243 0.1 6.21925 -1.33229 -3.78938 -1.33229 -3.78938 0.307475 0.489867 0.307475 -0.489867
1 1 0 26.5293 0.1 6.2234 -1.33234 -3.78936 -1.33234 -3.78936 0.307769 0.489603 0.307769 -0.489603
1 1 0 26.5343 0.1 6.22757 -1.33239 -3.78934 -1.33239 -3.78934 0.308064 0.489339 0.308064 -0.489339
1 1 0 26.5393 0.1 6.23175 -1.33244 -3.78932 -1.33244 -3.78932 0.308359 0.489074 0.308359 -0.489074
1 1 0 26.5443 0.1 6.23594 -1.33248 -3.7893 -1.33248 -3.7893 0.308655 0.488808 0.308655 -0.488808
1 1 0 26.5493 0.1 6.24015 -1.33253 -3.78928 -1.33253 -3.78928 0.308952 0.488541 0.308952 -0.488541
1 1 0 26.5543 0.1 6.24438 -1.33258 -3.78925 -1.33258 -3.78925 0.309249 0.488274 0.309249 -0.488274
1 1 0 26.5593 0.1 6.24862 -1.33263 -3.78923 -1.33263 -3.78923 0.309547 0.488006 0.309547 -0.488006
1 1 0 26.5643 0.1 6.25288 -1.33267 -3.78921 -1.33267 -3.78921 0.309845 0.487738 0.309845 -0.487738
1 1 0 26.5693 0.1 6.25716 -1.33272 -3.78918 -1.33272 -3.78918 0.310144 0.487469 0.310144 -0.487469
1 1 0 26.5743 0.1 6.26145 -1.33277 -3.78916 -1.33277 -3.78916 0.310444 0.487199 0.310444 -0.487199
1 1 0 26.5793 0.1 6.26576 -1.33281 -3.78913 -1.33281 -3.78913 0.310744 0.486928 0.310744 -0.486928
1 1 0 26.5843 0.1 6.27008 -1.33286 -3.78911 -1.33286 -3.78911 0.311045 0.486657 0.311045 -0.486657
1 1 0 26.5893 0.1 6.27442 -1.33291 -3.78908 -1.33291 -3.78908 0.311346 0.486385 0.311346 -0.486385
1 1 0 26.5943 0.1 6.27878 -1.33296 -3.78905 -1.33296 -3.78905 0.311648 0.486112 0.311648 -0.486112
1 1 0 26.5993 0.1 6.28315 -1.333 -3.78902 -1.333 -3.78902 0.31195 0.485839 0.31195 -0.485839
1 1 0 26.6043 0.1 6.28754 -1.33305 -3.78899 -1.33305 -3.78899 0.312253 0.485565 0.312253 -0.485565
1 1 0 26.6093 0.1 6.29195 -1.3331 -3.78896 -1.3331 -3.78896 0.312557 0.48529 0.312557 -0.48529
1 1 0 26.6143 0.1 6.29638 -1.33314 -3.78893 -1.33314 -3.78893 0.312861 0.485015 0.312861 -0.485015
1 1 0 26.6193 0.1 6.30082 -1.33319 -3.7889 -1.33319 -3.7889 0.313166 0.484739 0.313166 -0.484739
1 1 0 26.6243 0.1 6.30527 -1.33324 -3.78887 -1.33324 -3.78887 0.313472 0.484462 0.313472 -0.484462
1 1 0 26.6293 0.1 6.30975 -1.33328 -3.78884 -1.33328 -3.78884 0.313778 0.484184 0.313778 -0.484184
1 1 0 26.6343 0.1 6.31424 -1.33333 -3.78881 -1.33333 -3.78881 0.314084 0.483906 0.314084 -0.483906
1 1 0 26.6393 0.1 6.31875 -1.33338 -3.78877 -1.33338 -3.78877 0.314392 0.483627 0.314392 -0.483627
1 1 0 26.6443 0.1 6.32328 -1.33342 -3.78874 -1.33342 -3.78874 0.3147 0.483347 0.3147 -0.483347
1 1 0 26.6493 0.1 6.32782 -1.33347 -3.7887 -1.33347 -3.7887 0.315008 0.483066 0.315008 -0.483066
1 1 0 26.6543 0.1 6.33238 -1.33352 -3.78867 -1.33352 -3.78867 0.315317 0.482785 0.315317 -0.482785
1 1 0 26.6593 0.1 6.33696 -1.33356 -3.78863 -1.33356 -3.78863 0.315627 0.482503 0.315627 -0.482503
1 1 0 26.6643 0.1 6.34156 -1.33361 -3.78859 -1.33361 -3.78859 0.315937 0.482221 0.315937 -0.482221
1 1 0 26.6693 0.1 6.34618 -1.33366 -3.78855 -1.33366 -3.78855 0.316248 0.481937 0.316248 -0.481937
1 1 0 26.6743 0.1 6.35081 -1.3337 -3.78852 -1.3337 -3.78852 0.316559 0.481653 0.316559 -0.481653
1 1 0 26.6793 0.1 6.35546 -1.33375 -3.78848 -1.33375 -3.78848 0.316871 0.481368 0.316871 -0.481368
1 1 0 26.6843 0.1 6.36013 -1.3338 -3.78844 -1.3338 -3.78844 0.317184 0.481082 0.317184 -0.481082
1 1 0 26.6893 0.1 6.36482 -1.33384 -3.7884 -1.33384 -3.7884 0.317497 0.480796 0.317497 -0.480796
1 1 0 26.6943 0.1 6.36952 -1.33389 -3.78835 -1.33389 -3.78835 0.317811 0.480509 0.317811 -0.480509
1 1 0 26.6993 0.1 6.37425 -1.33394 -3.78831 -1.33394 -3.78831 0.318125 0.480221 0.318125 -0.480221
1 1 0 26.7043 0.1 6.37899 -1.33398 -3.78827 -1.33398 -3.78827 0.31844 0.479932 0.31844 -0.479932
1 1 0 26.7093 0.1 6.38375 -1.33403 -3.78823 -1.33403 -3.78823 0.318756 0.479643 0.318756 -0.479643
1 1 0 26.7143 0.1 6.38853 -1.33408 -3.78818 -1.33408 -3.78818 0.319072 0.479352 0.319072 -0.479352
1 1 0 26.7193 0.1 6.39333 -1.33412 -3.78814 -1.33412 -3.78814 0.319389 0.479061 0.319389 -0.479061
1 1 0 26.7243 0.1 6.39814 -1.33417 -3.78809 -1.33417 -3.78809 0.319707 0.47877 0.319707 -0.47877
1 1 0 26.7293 0.1 6.40298 -1.33422 -3.78804 -1.33422 -3.78804 0.320025 0.478477 0.320025 -0.478477
1 1 0 26.7343 0.1 6.40783 -1.33426 -3.788 -1.33426 -3.788 0.320343 0.478184 0.320343 -0.478184
1 1 0 26.7393 0.1 6.41271 -1.33431 -3.78795 -1.33431 -3.78795 0.320663 0.47789 0.320663 -0.47789
1 1 0 26.7443 0.1 6.4176 -1.33436 -3.7879 -1.33436 -3.7879 0.320982 0.477595 0.320982 -0.477595
1 1 0 26.7493 0.1 6.42252 -1.3344 -3.78785 -1.3344 -3.78785 0.321303 0.477299 0.321303 -0.477299
1 1 0 26.7543 0.1 6.42745 -1.33445 -3.7878 -1.33445 -3.7878 0.321624 0.477003 0.321624 -0.477003
1 1 0 26.7593 0.1 6.4324 -1.33449 -3.78775 -1.33449 -3.78775 0.321946 0.476706 0.321946 -0.476706
1 1 0 26.7643 0.1 6.43737 -1.33454 -3.7877 -1.33454 -3.7877 0.322268 0.476408 0.322268 -0.476408
1 1 0 26.7693 0.1 6.44236 -1.33459 -3.78765 -1.33459 -3.78765 0.322591 0.476109 0.322591 -0.476109
1 1 0 26.7743 0.1 6.44737 -1.33463 -3.78759 -1.33463 -3.78759 0.322914 0.475809 0.322914 -0.475809
1 1 0 26.7793 0.1 6.4524 -1.33468 -3.78754 -1.33468 -3.78754 0.323238 0.475509 0.323238 -0.475509
1 1 0 26.7843 0.1 6.45746 -1.33472 -3.78749 -1.33472 -3.78749 0.323563 0.475208 0.323563 -0.475208
1 1 0 26.7893 0.1 6.46253 -1.33477 -3.78743 -1.33477 -3.78743 0.323889 0.474906 0.323889 -0.474906
1 1 0 26.7943 0.1 6.46762 -1.33482 -3.78737 -1.33482 -3.78737 0.324215 0.474603 0.324215 -0.474603
1 1 0 26.7993 0.1 6.47273 -1.33486 -3.78732 -1.33486 -3.78732 0.324541 0.474299 0.324541 -0.474299
1 1 0 26.8043 0.1 6.47786 -1.33491 -3.78726 -1.33491 -3.78726 0.324868 0.473995 0.324868 -0.473995
1 1 0 26.8093 0.1 6.48302 -1.33495 -3.7872 -1.33495 -3.7872 0.325196 0.473689 0.325196 -0.473689
1 1 0 26.8143 0.1 6.48819 -1.335 -3.78714 -1.335 -3.78714 0.325525 0.473383 0.325525 -0.473383
1 1 0 26.8193 0.1 6.49338 -1.33505 -3.78708 -1.33505 -3.78708 0.325854 0.473076 0.325854 -0.473076
1 1 0 26.8243 0.1 6.4986 -1.33509 -3.78702 -1.33509 -3.78702 0.326183 0.472769 0.326183 -0.472769
1 1 0 26.8293 0.1 6.50384 -1.33514 -3.78696 -1.33514 -3.78696 0.326514 0.47246 0.326514 -0.47246
1 1 0 26.8343 0.1 6.5091 -1.33518 -3.7869 -1.33518 -3.7869 0.326844 0.47215 0.326844 -0.47215
1 1 0 26.8393 0.1 6.51437 -1.33523 -3.78684 -1.33523 -3.78684 0.327176 0.47184 0.327176 -0.47184
1 1 0 26.8443 0.1 6.51968 -1.33528 -3.78677 -1.33528 -3.78677 0.327508 0.471529 0.327508 -0.471529
1 1 0 26.8493 0.1 6.525 -1.33532 -3.78671 -1.33532 -3.78671 0.327841 0.471217 0.327841 -0.471217
1 1 0 26.8543 0.1 6.53034 -1.33537 -3.78664 -1.33537 -3.78664 0.328174 0.470904 0.328174 -0.470904
1 1 0 26.8593 0.1 6.53571 -1.33541 -3.78658 -1.33541 -3.78658 0.328508 0.470591 0.328508 -0.470591
1 1 0 26.8643 0.1 6.5411 -1.33546 -3.78651 -1.33546 -3.78651 0.328843 0.470276 0.328843 -0.470276
1 1 0 26.8693 0.1 6.54651 -1.3355 -3.78644 -1.3355 -3.78644 0.329178 0.469961 0.329178 -0.469961
1 1 0 26.8743 0.1 6.55194 -1.33555 -3.78637 -1.33555 -3.78637 0.329514 0.469644 0.329514 -0.469644
1 1 0 26.8793 0.1 6.55739 -1.3356 -3.78631 -1.3356 -3.78631 0.32985 0.469327 0.32985 -0.469327
1 1 0 26.8843 0.1 6.56287 -1.33564 -3.78624 -1.33564 -3.78624 0.330187 0.469009 0.330187 -0.469009
1 1 0 26.8893 0.1 6.56837 -1.33569 -3.78617 -1.33569 -3.78617 0.330525 0.46869 0.330525 -0.46869
1 1 0 26.8943 0.1 6.57389 -1.33573 -3.78609 -1.33573 -3.78609 0.330863 0.46837 0.330863 -0.46837
1 1 0 26.8993 0.1 6.57944 -1.33578 -3.78602 -1.33578 -3.78602 0.331202 0.46805 0.331202 -0.46805
1 1 0 26.9043 0.1 6.58501 -1.33582 -3.78595 -1.33582 -3.78595 0.331542 0.467728 0.331542 -0.467728
1 1 0 26.9093 0.1 6.5906 -1.33587 -3.78587 -1.33587 -3.78587 0.331882 0.467406 0.331882 -0.467406
1 1 0 26.9143 0.1 6.59621 -1.33591 -3.7858 -1.33591 -3.7858 0.332223 0.467082 0.332223 -0.467082
1 1 0 26.9193 0.1 6.60185 -1.33596 -3.78572 -1.33596 -3.78572 0.332565 0.466758 0.332565 -0.466758
1 1 0 26.9243 0.1 6.60751 -1.33601 -3.78565 -1.33601 -3.78565 0.332907 0.466433 0.332907 -0.466433
1 1 0 26.9293 0.1 6.61319 -1.33605 -3.78557 -1.33605 -3.78557 0.333249 0.466107 0.333249 -0.466107
1 1 0 26.9343 0.1 6.6189 -1.3361 -3.78549 -1.3361 -3.78549 0.333593 0.46578 0.333593 -0.46578
1 1 0 26.9393 0.1 6.62464 -1.33614 -3.78542 -1.33614 -3.78542 0.333937 0.465452 0.333937 -0.465452
1 1 0 26.9443 0.1 6.63039 -1.33619 -3.78534 -1.33619 -3.78534 0.334281 0.465123 0.334281 -0.465123
1 1 0 26.9493 0.1 6.63617 -1.33623 -3.78526 -1.33623 -3.78526 0.334627 0.464794 0.334627 -0.464794
1 1 0 26.9543 0.1 6.64198 -1.33628 -3.78517 -1.33628 -3.78517 0.334973 0.464463 0.334973 -0.464463
1 1 0 26.9592 0.1 6.64781 -1.33632 -3.78509 -1.33632 -3.78509 0.335319 0.464131 0.335319 -0.464131
1 1 0 26.9642 0.1 6.65366 -1.33637 -3.78501 -1.33637 -3.78501 0.335666 0.463799 0.335666 -0.463799
1 1 0 26.9692 0.1 6.65954 -1.33641 -3.78493 -1.33641 -3.78493 0.336014 0.463466 0.336014 -0.463466
1 1 0 26.9742 0.1 6.66545 -1.33646 -3.78484 -1.33646 -3.78484 0.336362 0.463131 0.336362 -0.463131
1 1 0 26.9792 0.1 6.67138 -1.3365 -3.78476 -1.3365 -3.78476 0.336711 0.462796 0.336711 -0.462796
1 1 0 26.9842 0.1 6.67733 -1.33655 -3.78467 -1.33655 -3.78467 0.337061 0.46246 0.337061 -0.46246
1 1 0 26.9892 0.1 6.68331 -1.33659 -3.78458 -1.33659 -3.78458 0.337412 0.462122 0.337412 -0.462122
1 1 0 26.9942 0.1 6.68932 -1.33664 -3.7845 -1.33664 -3.7845 0.337763 0.461784 0.337763 -0.461784
1 1 0 26.9992 0.1 6.69535 -1.33668 -3.78441 -1.33668 -3.78441 0.338114 0.461445 0.338114 -0.461445
1 1 0 27.0042 0.1 6.7014 -1.33673 -3.78432 -1.33673 -3.78432 0.338466 0.461105 0.338466 -0.461105
1 1 0 27.0092 0.1 6.70749 -1.33677 -3.78423 -1.33677 -3.78423 0.338819 0.460764 0.338819 -0.460764
1 1 0 27.0142 0.1 6.7136 -1.33682 -3.78414 -1.33682 -3.78414 0.339173 0.460422 0.339173 -0.460422
1 1 0 27.0192 0.1 6.71973 -1.33686 -3.78404 -1.33686 -3.78404 0.339527 0.460079 0.339527 -0.460079
1 1 0 27.0242 0.1 6.72589 -1.33691 -3.78395 -1.33691 -3.78395 0.339882 0.459735 0.339882 -0.459735
1 1 0 27.0292 0.1 6.73208 -1.33695 -3.78386 -1.33695 -3.78386 0.340237 0.45939 0.340237 -0.45939
1 1 0 27.0342 0.1 6.7383 -1.337 -3.78376 -1.337 -3.78376 0.340594 0.459044 0.340594 -0.459044
1 1 0 27.0392 0.1 6.74454 -1.33704 -3.78367 -1.33704 -3.78367 0.34095 0.458697 0.34095 -0.458697
1 1 0 27.0442 0.1 6.75081 -1.33709 -3.78357 -1.33709 -3.78357 0.341308 0.458349 0.341308 -0.458349
1 1 0 27.0492 0.1 6.75711 -1.33713 -3.78347 -1.33713 -3.78347 0.341666 0.458 0.341666 -0.458
1 1 0 27.0542 0.1 6.76343 -1.33718 -3.78337 -1.33718 -3.78337 0.342024 0.45765 0.342024 -0.45765
1 1 0 27.0592 0.1 6.76978 -1.33722 -3.78328 -1.33722 -3.78328 0.342384 0.457299 0.342384 -0.457299
1 1 0 27.0642 0.1 6.77616 -1.33727 -3.78318 -1.33727 -3.78318 0.342744 0.456947 0.342744 -0.456947
1 1 0 27.0692 0.1 6.78257 -1.33731 -3.78307 -1.33731 -3.78307 0.343105 0.456594 0.343105 -0.456594
1 1 0 27.0742 0.1 6.78901 -1.33736 -3.78297 -1.33736 -3.78297 0.343466 0.45624 0.343466 -0.45624
1 1 0 27.0792 0.1 6.79547 -1.3374 -3.78287 -1.3374 -3.78287 0.343828 0.455885 0.343828 -0.455885
1 1 0 27.0842 0.1 6.80197 -1.33745 -3.78277 -1.33745 -3.78277 0.34419 0.455529 0.34419 -0.455529
1 1 0 27.0892 0.1 6.80849 -1.33749 -3.78266 -1.33749 -3.78266 0.344554 0.455171 0.344554 -0.455171
1 1 0 27.0942 0.1 6.81504 -1.33754 -3.78256 -1.33754 -3.78256 0.344918 0.454813 0.344918 -0.454813
1 1 0 27.0992 0.1 6.82162 -1.33758 -3.78245 -1.33758 -3.78245 0.345282 0.454454 0.345282 -0.454454
1 1 0 27.1042 0.1 6.82823 -1.33762 -3.78234 -1.33762 -3.78234 0.345647 0.454094 0.345647 -0.454094
1 1 0 27.1092 0.1 6.83487 -1.33767 -3.78224 -1.33767 -3.78224 0.346013 0.453732 0.346013 -0.453732
1 1 0 27.1142 0.1 6.84154 -1.33771 -3.78213 -1.33771 -3.78213 0.34638 0.45337 0.34638 -0.45337
1 1 0 27.1192 0.1 6.84824 -1.33776 -3.78202 -1.33776 -3.78202 0.346747 0.453006 0.346747 -0.453006
1 1 0 27.1242 0.1 6.85497 -1.3378 -3.78191 -1.3378 -3.78191 0.347115 0.452642 0.347115 -0.452642
1 1 0 27.1292 0.1 6.86172 -1.33785 -3.78179 -1.33785 -3.78179 0.347484 0.452276 0.347484 -0.452276
1 1 0 27.1342 0.1 6.86851 -1.33789 -3.78168 -1.33789 -3.78168 0.347853 0.45191 0.347853 -0.45191
1 1 0 27.1392 0.1 6.87533 -1.33793 -3.78157 -1.33793 -3.78157 0.348223 0.451542 0.348223 -0.451542
1 1 0 27.1442 0.1 6.88219 -1.33798 -3.78145 -1.33798 -3.78145 0.348593 0.451173 0.348593 -0.451173
1 1 0 27.1492 0.1 6.88907 -1.33802 -3.78134 -1.33802 -3.78134 0.348964 0.450803 0.348964 -0.450803
1 1 0 27.1542 0.1 6.89598 -1.33807 -3.78122 -1.33807 -3.78122 0.349336 0.450432 0.349336 -0.450432
1 1 0 27.1592 0.1 6.90293 -1.33811 -3.7811 -1.33811 -3.7811 0.349709 0.450059 0.349709 -0.450059
1 1 0 27.1642 0.1 6.9099 -1.33816 -3.78099 -1.33816 -3.78099 0.350082 0.449686 0.350082 -0.449686
1 1 0 27.1692 0.1 6.91691 -1.3382 -3.78087 -1.3382 -3.78087 0.350456 0.449312 0.350456 -0.449312
1 1 0 27.1742 0.1 6.92395 -1.33824 -3.78075 -1.33824 -3.78075 0.35083 0.448936 0.35083 -0.448936
1 1 0 27.1792 0.1 6.93103 -1.33829 -3.78062 -1.33829 -3.78062 0.351206 0.448559 0.351206 -0.448559
1 1 0 27.1842 0.1 6.93813 -1.33833 -3.7805 -1.33833 -3.7805 0.351582 0.448182 0.351582 -0.448182
1 1 0 27.1892 0.1 6.94527 -1.33838 -3.78038 -1.33838 -3.78038 0.351958 0.447803 0.351958 -0.447803
1 1 0 27.1942 0.1 6.95244 -1.33842 -3.78025 -1.33842 -3.78025 0.352335 0.447423 0.352335 -0.447423
1 1 0 27.1992 0.1 6.95965 -1.33846 -3.78013 -1.33846 -3.78013 0.352713 0.447041 0.352713 -0.447041
1 1 0 27.2042 0.1 6.96689 -1.33851 -3.78 -1.33851 -3.78 0.353092 0.446659 0.353092 -0.446659
1 1 0 27.2092 0.1 6.97416 -1.33855 -3.77988 -1.33855 -3.77988 0.353471 0.446275 0.353471 -0.446275
1 1 0 27.2142 0.1 6.98147 -1.3386 -3.77975 -1.3386 -3.77975 0.353851 0.445891 0.353851 -0.445891
1 1 0 27.2192 0.1 6.98881 -1.33864 -3.77962 -1.33864 -3.77962 0.354232 0.445505 0.354232 -0.445505
1 1 0 27.2242 0.1 6.99618 -1.33868 -3.77949 -1.33868 -3.77949 0.354613 0.445118 0.354613 -0.445118
1 1 0 27.2292 0.1 7.00359 -1.33873 -3.77936 -1.33873 -3.77936 0.354995 0.444729 0.354995 -0.444729
1 1 0 27.2342 0.1 7.01104 -1.33877 -3.77923 -1.33877 -3.77923 0.355377 0.44434 0.355377 -0.44434
1 1 0 27.2392 0.1 7.01851 -1.33882 -3.77909 -1.33882 -3.77909 0.355761 0.443949 0.355761 -0.443949
1 1 0 27.2442 0.1 7.02603 -1.33886 -3.77896 -1.33886 -3.77896 0.356145 0.443558 0.356145 -0.443558
1 1 0 27.2492 0.1 7.03358 -1.3389 -3.77882 -1.3389 -3.77882 0.35653 0.443165 0.35653 -0.443165
1 1 0 27.2542 0.1 7.04117 -1.33895 -3.77869 -1.33895 -3.77869 0.356915 0.44277 0.356915 -0.44277
1 1 0 27.2592 0.1 7.04879 -1.33899 -3.77855 -1.33899 -3.77855 0.357301 0.442375 0.357301 -0.442375
1 1 0 27.2642 0.1 7.05645 -1.33903 -3.77841 -1.33903 -3.77841 0.357688 0.441978 0.357688 -0.441978
1 1 0 27.2692 0.1 7.06415 -1.33908 -3.77827 -1.33908 -3.77827 0.358075 0.44158 0.358075 -0.44158
1 1 0 27.2742 0.1 7.07188 -1.33912 -3.77813 -1.33912 -3.77813 0.358463 0.441181 0.358463 -0.441181
1 1 0 27.2792 0.1 7.07965 -1.33916 -3.77799 -1.33916 -3.77799 0.358852 0.440781 0.358852 -0.440781
1 1 0 27.2842 0.1 7.08746 -1.33921 -3.77785 -1.33921 -3.77785 0.359242 0.440379 0.359242 -0.440379
1 1 0 27.2892 0.1 7.0953 -1.33925 -3.77771 -1.33925 -3.77771 0.359632 0.439976 0.359632 -0.439976
1 1 0 27.2941 0.1 7.10319 -1.3393 -3.77756 -1.3393 -3.77756 0.360023 0.439572 0.360023 -0.439572
1 1 0 27.2991 0.1 7.11111 -1.33934 -3.77742 -1.33934 -3.77742 0.360415 0.439167 0.360415 -0.439167
1 1 0 27.3041 0.1 7.11907 -1.33938 -3.77727 -1.33938 -3.77727 0.360807 0.43876 0.360807 -0.43876
1 1 0 27.3091 0.1 7.12707 -1.33943 -3.77712 -1.33943 -3.77712 0.3612 0.438352 0.3612 -0.438352
1 1 0 27.3141 0.1 7.13511 -1.33947 -3.77698 -1.33947 -3.77698 0.361594 0.437943 0.361594 -0.437943
1 1 0 27.3191 0.1 7.14319 -1.33951 -3.77683 -1.33951 -3.77683 0.361988 0.437532 0.361988 -0.437532
1 1 0 27.3241 0.1 7.1513 -1.33956 -3.77668 -1.33956 -3.77668 0.362383 0.43712 0.362383 -0.43712
1 1 0 27.3291 0.1 7.15946 -1.3396 -3.77652 -1.3396 -3.77652 0.362779 0.436707 0.362779 -0.436707
1 1 0 27.3341 0.1 7.16766 -1.33964 -3.77637 -1.33964 -3.77637 0.363175 0.436293 0.363175 -0.436293
1 1 0 27.3391 0.1 7.1759 -1.33969 -3.77622 -1.33969 -3.77622 0.363573 0.435877 0.363573 -0.435877
1 1 0 27.3441 0.1 7.18418 -1.33973 -3.77606 -1.33973 -3.77606 0.363971 0.43546 0.363971 -0.43546
1 1 0 27.3491 0.1 7.1925 -1.33977 -3.77591 -1.33977 -3.77591 0.364369 0.435042 0.364369 -0.435042
1 1 0 27.3541 0.1 7.20086 -1.33981 -3.77575 -1.33981 -3.77575 0.364769 0.434622 0.364769 -0.434622
1 1 0 27.3591 0.1 7.20927 -1.33986 -3.77559 -1.33986 -3.77559 0.365169 0.434201 0.365169 -0.434201
1 1 0 27.3641 0.1 7.21771 -1.3399 -3.77543 -1.3399 -3.77543 0.365569 0.433778 0.365569 -0.433778
1 1 0 27.3691 0.1 7.2262 -1.33994 -3.77527 -1.33994 -3.77527 0.365971 0.433355 0.365971 -0.433355
1 1 0 27.3741 0.1 7.23474 -1.33999 -3.77511 -1.33999 -3.77511 0.366373 0.432929 0.366373 -0.432929
1 1 0 27.3791 0.1 7.24331 -1.34003 -3.77495 -1.34003 -3.77495 0.366776 0.432503 0.366776 -0.432503
1 1 0 27.3841 0.1 7.25193 -1.34007 -3.77478 -1.34007 -3.77478 0.36718 0.432075 0.36718 -0.432075
1 1 0 27.3891 0.1 7.26059 -1.34012 -3.77462 -1.34012 -3.77462 0.367584 0.431646 0.367584 -0.431646
1 1 0 27.3941 0.1 7.2693 -1.34016 -3.77445 -1.34016 -3.77445 0.367989 0.431215 0.367989 -0.431215
1 1 0 27.3991 0.1 7.27805 -1.3402 -3.77429 -1.3402 -3.77429 0.368395 0.430783 0.368395 -0.430783
1 1 0 27.4041 0.1 7.28685 -1.34024 -3.77412 -1.34024 -3.77412 0.368801 0.43035 0.368801 -0.43035
1 1 0 27.4091 0.1 7.29569 -1.34029 -3.77395 -1.34029 -3.77395 0.369208 0.429915 0.369208 -0.429915
1 1 0 27.4141 0.1 7.30458 -1.34033 -3.77378 -1.34033 -3.77378 0.369616 0.429478 0.369616 -0.429478
1 1 0 27.4191 0.1 7.31351 -1.34037 -3.77361 -1.34037 -3.77361 0.370025 0.429041 0.370025 -0.429041
1 1 0 27.4241 0.1 7.32249 -1.34042 -3.77343 -1.34042 -3.77343 0.370434 0.428601 0.370434 -0.428601
1 1 0 27.4291 0.1 7.33152 -1.34046 -3.77326 -1.34046 -3.77326 0.370845 0.428161 0.370845 -0.428161
1 1 0 27.4341 0.1 7.34059 -1.3405 -3.77308 -1.3405 -3.77308 0.371255 0.427719 0.371255 -0.427719
1 1 0 27.4391 0.1 7.34971 -1.34054 -3.77291 -1.34054 -3.77291 0.371667 0.427275 0.371667 -0.427275
1 1 0 27.4441 0.1 7.35888 -1.34059 -3.77273 -1.34059 -3.77273 0.372079 0.42683 0.372079 -0.42683
1 1 0 27.4491 0.1 7.3681 -1.34063 -3.77255 -1.34063 -3.77255 0.372492 0.426384 0.372492 -0.426384
1 1 0 27.4541 0.1 7.37737 -1.34067 -3.77237 -1.34067 -3.77237 0.372906 0.425936 0.372906 -0.425936
1 1 0 27.4591 0.1 7.38668 -1.34071 -3.77219 -1.34071 -3.77219 0.373321 0.425486 0.373321 -0.425486
1 1 0 27.4641 0.1 7.39605 -1.34076 -3.77201 -1.34076 -3.77201 0.373736 0.425035 0.373736 -0.425035
1 1 0 27.469 0.1 7.40546 -1.3408 -3.77182 -1.3408 -3.77182 0.374152 0.424583 0.374152 -0.424583
1 1 0 27.474 0.1 7.41492 -1.34084 -3.77164 -1.34084 -3.77164 0.374569 0.424129 0.374569 -0.424129
1 1 0 27.479 0.1 7.42444 -1.34088 -3.77145 -1.34088 -3.77145 0.374986 0.423673 0.374986 -0.423673
1 1 0 27.484 0.1 7.43401 -1.34093 -3.77127 -1.34093 -3.77127 0.375404 0.423216 0.375404 -0.423216
1 1 0 27.489 0.1 7.44362 -1.34097 -3.77108 -1.34097 -3.77108 0.375823 0.422758 0.375823 -0.422758
1 1 0 27.494 0.1 7.45329 -1.34101 -3.77089 -1.34101 -3.77089 0.376243 0.422298 0.376243 -0.422298
1 1 0 27.499 0.1 7.46301 -1.34105 -3.7707 -1.34105 -3.7707 0.376664 0.421836 0.376664 -0.421836
1 1 0 27.504 0.1 7.47279 -1.3411 -3.77051 -1.3411 -3.77051 0.377085 0.421373 0.377085 -0.421373
1 1 0 27.509 0.1 7.48262 -1.34114 -3.77031 -1.34114 -3.77031 0.377507 0.420908 0.377507 -0.420908
1 1 0 27.514 0.1 7.4925 -1.34118 -3.77012 -1.34118 -3.77012 0.377929 0.420442 0.377929 -0.420442
1 1 0 27.519 0.1 7.50243 -1.34122 -3.76992 -1.34122 -3.76992 0.378353 0.419974 0.378353 -0.419974
1 1 0 27.524 0.1 7.51243 -1.34127 -3.76973 -1.34127 -3.76973 0.378777 0.419504 0.378777 -0.419504
1 1 0 27.529 0.1 7.52247 -1.34131 -3.76953 -1.34131 -3.76953 0.379202 0.419033 0.379202 -0.419033
1 1 0 27.534 0.1 7.53257 -1.34135 -3.76933 -1.34135 -3.76933 0.379628 0.41856 0.379628 -0.41856
1 1 0 27.539 0.1 7.54273 -1.34139 -3.76913 -1.34139 -3.76913 0.380054 0.418086 0.380054 -0.418086
1 1 0 27.544 0.1 7.55294 -1.34143 -3.76893 -1.34143 -3.76893 0.380482 0.41761 0.380482 -0.41761
1 1 0 27.549 0.1 7.56321 -1.34148 -3.76872 -1.34148 -3.76872 0.38091 0.417132 0.38091 -0.417132
1 1 0 27.554 0.1 7.57354 -1.34152 -3.76852 -1.34152 -3.76852 0.381338 0.416653 0.381338 -0.416653
1 1 0 27.559 0.1 7.58393 -1.34156 -3.76831 -1.34156 -3.76831 0.381768 0.416172 0.381768 -0.416172
1 1 0 27.564 0.1 7.59437 -1.3416 -3.7681 -1.3416 -3.7681 0.382198 0.415689 0.382198 -0.415689
1 1 0 27.569 0.1 7.60487 -1.34164 -3.7679 -1.34164 -3.7679 0.382629 0.415204 0.382629 -0.415204
1 1 0 27.574 0.1 7.61544 -1.34169 -3.76769 -1.34169 -3.76769 0.383061 0.414718 0.383061 -0.414718
1 1 0 27.579 0.1 7.62606 -1.34173 -3.76747 -1.34173 -3.76747 0.383494 0.414231 0.383494 -0.414231
1 1 0 27.584 0.1 7.63674 -1.34177 -3.76726 -1.34177 -3.76726 0.383927 0.413741 0.383927 -0.413741
1 1 0 27.5889 0.1 7.64749 -1.34181 -3.76705 -1.34181 -3.76705 0.384361 0.41325 0.384361 -0.41325
1 1 0 27.5939 0.1 7.6583 -1.34185 -3.76683 -1.34185 -3.76683 0.384796 0.412757 0.384796 -0.412757
1 1 0 27.5989 0.1 7.66917 -1.34189 -3.76662 -1.34189 -3.76662 0.385232 0.412262 0.385232 -0.412262
1 1 0 27.6039 0.1 7.6801 -1.34194 -3.7664 -1.34194 -3.7664 0.385669 0.411766 0.385669 -0.411766
1 1 0 27.6089 0.1 7.69109 -1.34198 -3.76618 -1.34198 -3.76618 0.386106 0.411267 0.386106 -0.411267
1 1 0 27.6139 0.1 7.70215 -1.34202 -3.76596 -1.34202 -3.76596 0.386544 0.410767 0.386544 -0.410767
1 1 0 27.6189 0.1 7.71327 -1.34206 -3.76574 -1.34206 -3.76574 0.386983 0.410266 0.386983 -0.410266
1 1 0 27.6239 0.1 7.72446 -1.3421 -3.76551 -1.3421 -3.76551 0.387423 0.409762 0.387423 -0.409762
1 1 0 27.6289 0.1 7.73572 -1.34214 -3.76529 -1.34214 -3.76529 0.387863 0.409257 0.387863 -0.409257
1 1 0 27.6339 0.1 7.74704 -1.34219 -3.76506 -1.34219 -3.76506 0.388304 0.408749 0.388304 -0.408749
1 1 0 27.6389 0.1 7.75843 -1.34223 -3.76484 -1.34223 -3.76484 0.388746 0.40824 0.388746 -0.40824
1 1 0 27.6439 0.1 7.76988 -1.34227 -3.76461 -1.34227 -3.76461 0.389189 0.40773 0.389189 -0.40773
1 1 0 27.6489 0.1 7.78141 -1.34231 -3.76438 -1.34231 -3.76438 0.389633 0.407217 0.389633 -0.407217
1 1 0 27.6539 0.1 7.793 -1.34235 -3.76415 -1.34235 -3.76415 0.390077 0.406702 0.390077 -0.406702
1 1 0 27.6589 0.1 7.80466 -1.34239 -3.76391 -1.34239 -3.76391 0.390522 0.406186 0.390522 -0.406186
1 1 0 27.6639 0.1 7.81639 -1.34243 -3.76368 -1.34243 -3.76368 0.390969 0.405667 0.390969 -0.405667
1 1 0 27.6689 0.1 7.82819 -1.34248 -3.76344 -1.34248 -3.76344 0.391415 0.405147 0.391415 -0.405147
1 1 0 27.6739 0.1 7.84007 -1.34252 -3.76321 -1.34252 -3.76321 0.391863 0.404625 0.391863 -0.404625
1 1 0 27.6789 0.1 7.85202 -1.34256 -3.76297 -1.34256 -3.76297 0.392311 0.404101 0.392311 -0.404101
1 1 0 27.6838 0.1 7.86404 -1.3426 -3.76273 -1.3426 -3.76273 0.392761 0.403575 0.392761 -0.403575
1 1 0 27.6888 0.1 7.87613 -1.34264 -3.76249 -1.34264 -3.76249 0.393211 0.403047 0.393211 -0.403047
1 1 0 27.6938 0.1 7.8883 -1.34268 -3.76224 -1.34268 -3.76224 0.393662 0.402517 0.393662 -0.402517
1 1 0 27.6988 0.1 7.90054 -1.34272 -3.762 -1.34272 -3.762 0.394113 0.401985 0.394113 -0.401985
1 1 0 27.7038 0.1 7.91286 -1.34276 -3.76175 -1.34276 -3.76175 0.394566 0.401451 0.394566 -0.401451
1 1 0 27.7088 0.1 7.92525 -1.34281 -3.76151 -1.34281 -3.76151 0.395019 0.400915 0.395019 -0.400915
1 1 0 27.7138 0.1 7.93772 -1.34285 -3.76126 -1.34285 -3.76126 0.395474 0.400378 0.395474 -0.400378
1 1 0 27.7188 0.1 7.95027 -1.34289 -3.76101 -1.34289 -3.76101 0.395929 0.399838 0.395929 -0.399838
1 1 0 27.7238 0.1 7.9629 -1.34293 -3.76075 -1.34293 -3.76075 0.396384 0.399296 0.396384 -0.399296
1 1 0 27.7288 0.1 7.97561 -1.34297 -3.7605 -1.34297 -3.7605 0.396841 0.398752 0.396841 -0.398752
1 1 0 27.7338 0.1 7.9884 -1.34301 -3.76025 -1.34301 -3.76025 0.397298 0.398206 0.397298 -0.398206
1 1 0 27.7388 0.1 8.00127 -1.34305 -3.75999 -1.34305 -3.75999 0.397757 0.397658 0.397757 -0.397658
1 1 0 27.7438 0.1 8.01422 -1.34309 -3.75973 -1.34309 -3.75973 0.398216 0.397107 0.398216 -0.397107
1 1 0 27.7488 0.1 8.02726 -1.34313 -3.75947 -1.34313 -3.75947 0.398676 0.396555 0.398676 -0.396555
1 1 0 27.7538 0.1 8.04038 -1.34317 -3.75921 -1.34317 -3.75921 0.399137 0.396001 0.399137 -0.396001
1 1 0 27.7587 0.1 8.05358 -1.34321 -3.75895 -1.34321 -3.75895 0.399598 0.395444 0.399598 -0.395444
1 1 0 27.7637 0.1 8.06687 -1.34325 -3.75869 -1.34325 -3.75869 0.400061 0.394885 0.400061 -0.394885
1 1 0 27.7687 0.1 8.08024 -1.3433 -3.75842 -1.3433 -3.75842 0.400524 0.394325 0.400524 -0.394325
1 1 0 27.7737 0.1 8.09371 -1.34334 -3.75815 -1.34334 -3.75815 0.400989 0.393762 0.400989 -0.393762
1 1 0 27.7787 0.1 8.10726 -1.34338 -3.75788 -1.34338 -3.75788 0.401454 0.393196 0.401454 -0.393196
1 1 0 27.7837 0.1 8.1209 -1.34342 -3.75761 -1.34342 -3.75761 0.40192 0.392629 0.40192 -0.392629
1 1 0 27.7887 0.1 8.13463 -1.34346 -3.75734 -1.34346 -3.75734 0.402386 0.392059 0.402386 -0.392059
1 1 0 27.7937 0.1 8.14845 -1.3435 -3.75707 -1.3435 -3.75707 0.402854 0.391488 0.402854 -0.391488
1 1 0 27.7987 0.1 8.16236 -1.34354 -3.75679 -1.34354 -3.75679 0.403322 0.390914 0.403322 -0.390914
1 1 0 27.8037 0.1 8.17636 -1.34358 -3.75652 -1.34358 -3.75652 0.403792 0.390337 0.403792 -0.390337
1 1 0 27.8087 0.1 8.19046 -1.34362 -3.75624 -1.34362 -3.75624 0.404262 0.389759 0.404262 -0.389759
1 1 0 27.8137 0.1 8.20466 -1.34366 -3.75596 -1.34366 -3.75596 0.404733 0.389178 0.404733 -0.389178
1 1 0 27.8187 0.1 8.21894 -1.3437 -3.75568 -1.3437 -3.75568 0.405205 0.388595 0.405205 -0.388595
1 1 0 27.8237 0.1 8.23333 -1.34374 -3.75539 -1.34374 -3.75539 0.405678 0.388009 0.405678 -0.388009
1 1 0 27.8286 0.1 8.24782 -1.34378 -3.75511 -1.34378 -3.75511 0.406152 0.387421 0.406152 -0.387421
1 1 0 27.8336 0.1 8.2624 -1.34382 -3.75482 -1.34382 -3.75482 0.406626 0.386831 0.406626 -0.386831
1 1 0 27.8386 0.1 8.27708 -1.34386 -3.75453 -1.34386 -3.75453 0.407102 0.386238 0.407102 -0.386238
1 1 0 27.8436 0.1 8.29187 -1.3439 -3.75424 -1.3439 -3.75424 0.407578 0.385643 0.407578 -0.385643
1 1 0 27.8486 0.1 8.30676 -1.34394 -3.75395 -1.34394 -3.75395 0.408055 0.385046 0.408055 -0.385046
1 1 0 27.8536 0.1 8.32175 -1.34398 -3.75366 -1.34398 -3.75366 0.408533 0.384446 0.408533 -0.384446
1 1 0 27.8586 0.1 8.33684 -1.34402 -3.75336 -1.34402 -3.75336 0.409012 0.383844 0.409012 -0.383844
1 1 0 27.8636 0.1 8.35204 -1.34406 -3.75306 -1.34406 -3.75306 0.409492 0.383239 0.409492 -0.383239
1 1 0 27.8686 0.1 8.36735 -1.3441 -3.75277 -1.3441 -3.75277 0.409973 0.382632 0.409973 -0.382632
1 1 0 27.8736 0.1 8.38277 -1.34414 -3.75247 -1.34414 -3.75247 0.410455 0.382022 0.410455 -0.382022
1 1 0 27.8786 0.1 8.3983 -1.34418 -3.75216 -1.34418 -3.75216 0.410937 0.38141 0.410937 -0.38141
1 1 0 27.8835 0.1 8.41393 -1.34422 -3.75186 -1.34422 -3.75186 0.411421 0.380795 0.411421 -0.380795
1 1 0 27.8885 0.1 8.42968 -1.34426 -3.75155 -1.34426 -3.75155 0.411905 0.380178 0.411905 -0.380178
1 1 0 27.8935 0.1 8.44554 -1.3443 -3.75125 -1.3443 -3.75125 0.41239 0.379558 0.41239 -0.379558
1 1 0 27.8985 0.1 8.46152 -1.34434 -3.75094 -1.34434 -3.75094 0.412877 0.378936 0.412877 -0.378936
1 1 0 27.9035 0.1 8.47761 -1.34438 -3.75063 -1.34438 -3.75063 0.413364 0.378311 0.413364 -0.378311
1 1 0 27.9085 0.1 8.49382 -1.34442 -3.75031 -1.34442 -3.75031 0.413852 0.377683 0.413852 -0.377683
1 1 0 27.9135 0.1 8.51015 -1.34446 -3.75 -1.34446 -3.75 0.414341 0.377053 0.414341 -0.377053
1 1 0 27.9185 0.1 8.5266 -1.3445 -3.74968 -1.3445 -3.74968 0.414831 0.37642 0.414831 -0.37642
1 1 0 27.9235 0.1 8.54317 -1.34454 -3.74936 -1.34454 -3.74936 0.415321 0.375784 0.415321 -0.375784
1 1 0 27.9285 0.1 8.55987 -1.34458 -3.74904 -1.34458 -3.74904 0.415813 0.375146 0.415813 -0.375146
1 1 0 27.9334 0.1 8.57669 -1.34462 -3.74872 -1.34462 -3.74872 0.416306 0.374505 0.416306 -0.374505
1 1 0 27.9384 0.1 8.59363 -1.34466 -3.7484 -1.34466 -3.7484 0.4168 0.373861 0.4168 -0.373861
1 1 0 27.9434 0.1 8.6107 -1.3447 -3.74807 -1.3447 -3.74807 0.417294 0.373215 0.417294 -0.373215
1 1 0 27.9484 0.1 8.6279 -1.34474 -3.74774 -1.34474 -3.74774 0.41779 0.372565 0.41779 -0.372565
1 1 0 27.9534 0.1 8.64523 -1.34478 -3.74742 -1.34478 -3.74742 0.418286 0.371913 0.418286 -0.371913
1 1 0 27.9584 0.1 8.6627 -1.34482 -3.74708 -1.34482 -3.74708 0.418783 0.371258 0.418783 -0.371258
1 1 0 27.9634 0.1 8.68029 -1.34486 -3.74675 -1.34486 -3.74675 0.419282 0.3706 0.419282 -0.3706
1 1 0 27.9684 0.1 8.69803 -1.3449 -3.74642 -1.3449 -3.74642 0.419781 0.369939 0.419781 -0.369939
1 1 0 27.9734 0.1 8.7159 -1.34494 -3.74608 -1.34494 -3.74608 0.420281 0.369276 0.420281 -0.369276
1 1 0 27.9783 0.1 8.73391 -1.34498 -3.74574 -1.34498 -3.74574 0.420782 0.368609 0.420782 -0.368609
1 1 0 27.9833 0.1 8.75206 -1.34502 -3.7454 -1.34502 -3.7454 0.421284 0.36794 0.421284 -0.36794
1 1 0 27.9883 0.1 8.77035 -1.34506 -3.74505 -1.34506 -3.74505 0.421788 0.367267 0.421788 -0.367267
1 1 0 27.9933 0.1 8.78879 -1.34509 -3.74471 -1.34509 -3.74471 0.422292 0.366592 0.422292 -0.366592
1 1 0 27.9983 0.1 8.80737 -1.34513 -3.74436 -1.34513 -3.74436 0.422797 0.365913 0.422797 -0.365913
1 1 0 28.0033 0.1 8.8261 -1.34517 -3.74401 -1.34517 -3.74401 0.423303 0.365232 0.423303 -0.365232
1 1 0 28.0083 0.1 8.84498 -1.34521 -3.74366 -1.34521 -3.74366 0.42381 0.364547 0.42381 -0.364547
1 1 0 28.0133 0.1 8.86401 -1.34525 -3.74331 -1.34525 -3.74331 0.424318 0.36386 0.424318 -0.36386
1 1 0 28.0182 0.1 8.8832 -1.34529 -3.74295 -1.34529 -3.74295 0.424827 0.363169 0.424827 -0.363169
1 1 0 28.0232 0.1 8.90255 -1.34533 -3.7426 -1.34533 -3.7426 0.425337 0.362475 0.425337 -0.362475
1 1 0 28.0282 0.1 8.92205 -1.34537 -3.74224 -1.34537 -3.74224 0.425848 0.361778 0.425848 -0.361778
1 1 0 28.0332 0.1 8.94171 -1.34541 -3.74188 -1.34541 -3.74188 0.42636 0.361078 0.42636 -0.361078
1 1 0 28.0382 0.1 8.96153 -1.34545 -3.74151 -1.34545 -3.74151 0.426873 0.360374 0.426873 -0.360374
1 1 0 28.0432 0.1 8.98152 -1.34549 -3.74115 -1.34549 -3.74115 0.427387 0.359667 0.427387 -0.359667
1 1 0 28.0482 0.1 9.00167 -1.34552 -3.74078 -1.34552 -3.74078 0.427902 0.358957 0.427902 -0.358957
1 1 0 28.0532 0.1 9.022 -1.34556 -3.74041 -1.34556 -3.74041 0.428418 0.358244 0.428418 -0.358244
1 1 0 28.0581 0.1 9.04249 -1.3456 -3.74004 -1.3456 -3.74004 0.428935 0.357527 0.428935 -0.357527
1 1 0 28.0631 0.1 9.06316 -1.34564 -3.73967 -1.34564 -3.73967 0.429453 0.356807 0.429453 -0.356807
1 1 0 28.0681 0.1 9.08401 -1.34568 -3.73929 -1.34568 -3.73929 0.429972 0.356084 0.429972 -0.356084
1 1 0 28.0731 0.1 9.10503 -1.34572 -3.73891 -1.34572 -3.73891 0.430492 0.355357 0.430492 -0.355357
1 1 0 28.0781 0.1 9.12624 -1.34576 -3.73853 -1.34576 -3.73853 0.431013 0.354627 0.431013 -0.354627
1 1 0 28.0831 0.1 9.14762 -1.3458 -3.73815 -1.3458 -3.73815 0.431535 0.353893 0.431535 -0.353893
1 1 0 28.0881 0.1 9.1692 -1.34583 -3.73776 -1.34583 -3.73776 0.432058 0.353156 0.432058 -0.353156
1 1 0 28.093 0.1 9.19096 -1.34587 -3.73738 -1.34587 -3.73738 0.432582 0.352415 0.432582 -0.352415
1 1 0 28.098 0.1 9.21292 -1.34591 -3.73699 -1.34591 -3.73699 0.433107 0.35167 0.433107 -0.35167
1 1 0 28.103 0.1 9.23507 -1.34595 -3.73659 -1.34595 -3.73659 0.433634 0.350922 0.433634 -0.350922
1 1 0 28.108 0.1 9.25741 -1.34599 -3.7362 -1.34599 -3.7362 0.434161 0.350171 0.434161 -0.350171
1 1 0 28.113 0.1 9.27996 -1.34603 -3.7358 -1.34603 -3.7358 0.434689 0.349415 0.434689 -0.349415
1 1 0 28.118 0.1 9.30271 -1.34607 -3.73541 -1.34607 -3.73541 0.435219 0.348656 0.435219 -0.348656
1 1 0 28.1229 0.1 9.32566 -1.3461 -3.73501 -1.3461 -3.73501 0.435749 0.347894 0.435749 -0.347894
1 1 0 28.1279 0.1 9.34883 -1.34614 -3.7346 -1.34614 -3.7346 0.436281 0.347127 0.436281 -0.347127
1 1 0 28.1329 0.1 9.3722 -1.34618 -3.7342 -1.34618 -3.7342 0.436814 0.346357 0.436814 -0.346357
1 1 0 28.1379 0.1 9.39579 -1.34622 -3.73379 -1.34622 -3.73379 0.437347 0.345582 0.437347 -0.345582
1 1 0 28.1429 0.1 9.4196 -1.34626 -3.73338 -1.34626 -3.73338 0.437882 0.344804 0.437882 -0.344804
1 1 0 28.1479 0.1 9.44363 -1.3463 -3.73297 -1.3463 -3.73297 0.438418 0.344022 0.438418 -0.344022
1 1 0 28.1528 0.1 9.46789 -1.34633 -3.73255 -1.34633 -3.73255 0.438955 0.343236 0.438955 -0.343236
1 1 0 28.1578 0.1 9.49238 -1.34637 -3.73213 -1.34637 -3.73213 0.439493 0.342446 0.439493 -0.342446
1 1 0 28.1628 0.1 9.51709 -1.34641 -3.73171 -1.34641 -3.73171 0.440033 0.341652 0.440033 -0.341652
1 1 0 28.1678 0.1 9.54205 -1.34645 -3.73129 -1.34645 -3.73129 0.440573 0.340854 0.440573 -0.340854
1 1 0 28.1728 0.1 9.56724 -1.34649 -3.73087 -1.34649 -3.73087 0.441114 0.340052 0.441114 -0.340052
1 1 0 28.1777 0.1 9.59268 -1.34652 -3.73044 -1.34652 -3.73044 0.441657 0.339246 0.441657 -0.339246
1 1 0 28.1827 0.1 9.61836 -1.34656 -3.73001 -1.34656 -3.73001 0.442201 0.338435 0.442201 -0.338435
1 1 0 28.1877 0.1 9.6443 -1.3466 -3.72958 -1.3466 -3.72958 0.442745 0.337621 0.442745 -0.337621
1 1 0 28.1927 0.1 9.67049 -1.34664 -3.72914 -1.34664 -3.72914 0.443291 0.336802 0.443291 -0.336802
1 1 0 28.1977 0.1 9.69694 -1.34668 -3.72871 -1.34668 -3.72871 0.443838 0.335978 0.443838 -0.335978
1 1 0 28.2027 0.1 9.72365 -1.34671 -3.72827 -1.34671 -3.72827 0.444387 0.335151 0.444387 -0.335151
1 1 0 28.2076 0.1 9.75063 -1.34675 -3.72782 -1.34675 -3.72782 0.444936 0.334318 0.444936 -0.334318
1 1 0 28.2126 0.1 9.77789 -1.34679 -3.72738 -1.34679 -3.72738 0.445486 0.333482 0.445486 -0.333482
1 1 0 28.2176 0.1 9.80542 -1.34683 -3.72693 -1.34683 -3.72693 0.446038 0.332641 0.446038 -0.332641
1 1 0 28.2226 0.1 9.83323 -1.34687 -3.72648 -1.34687 -3.72648 0.446591 0.331795 0.446591 -0.331795
1 1 0 28.2276 0.1 9.86133 -1.3469 -3.72603 -1.3469 -3.72603 0.447145 0.330945 0.447145 -0.330945
1 1 0 28.2325 0.1 9.88972 -1.34694 -3.72557 -1.34694 -3.72557 0.4477 0.33009 0.4477 -0.33009
1 1 0 28.2375 0.1 9.91841 -1.34698 -3.72511 -1.34698 -3.72511 0.448256 0.329231 0.448256 -0.329231
1 1 0 28.2425 0.1 9.94739 -1.34702 -3.72465 -1.34702 -3.72465 0.448814 0.328366 0.448814 -0.328366
1 1 0 28.2475 0.1 9.97669 -1.34705 -3.72419 -1.34705 -3.72419 0.449372 0.327497 0.449372 -0.327497
1 1 0 28.2524 0.1 10.0063 -1.34709 -3.72372 -1.34709 -3.72372 0.449932 0.326623 0.449932 -0.326623
1 1 0 28.2574 0.1 10.0362 -1.34713 -3.72325 -1.34713 -3.72325 0.450493 0.325745 0.450493 -0.325745
1 1 0 28.2624 0.1 10.0665 -1.34717 -3.72278 -1.34717 -3.72278 0.451056 0.324861 0.451056 -0.324861
1 1 0 28.2674 0.1 10.097 -1.3472 -3.72231 -1.3472 -3.72231 0.451619 0.323972 0.451619 -0.323972
1 1 0 28.2724 0.1 10.1279 -1.34724 -3.72183 -1.34724 -3.72183 0.452184 0.323078 0.452184 -0.323078
1 1 0 28.2773 0.1 10.1592 -1.34728 -3.72135 -1.34728 -3.72135 0.45275 0.322179 0.45275 -0.322179
1 1 0 28.2823 0.1 10.1908 -1.34732 -3.72087 -1.34732 -3.72087 0.453317 0.321275 0.453317 -0.321275
1 1 0 28.2873 0.1 10.2227 -1.34735 -3.72038 -1.34735 -3.72038 0.453885 0.320366 0.453885 -0.320366
1 1 0 28.2923 0.1 10.2551 -1.34739 -3.71989 -1.34739 -3.71989 0.454455 0.319451 0.454455 -0.319451
1 1 0 28.2972 0.1 10.2877 -1.34743 -3.7194 -1.34743 -3.7194 0.455026 0.318531 0.455026 -0.318531
1 1 0 28.3022 0.1 10.3208 -1.34746 -3.7189 -1.34746 -3.7189 0.455598 0.317606 0.455598 -0.317606
1 1 0 28.3072 0.1 10.3542 -1.3475 -3.71841 -1.3475 -3.71841 0.456171 0.316675 0.456171 -0.316675
1 1 0 28.3122 0.1 10.388 -1.34754 -3.71791 -1.34754 -3.71791 0.456746 0.315739 0.456746 -0.315739
1 1 0 28.3171 0.1 10.4222 -1.34758 -3.7174 -1.34758 -3.7174 0.457322 0.314797 0.457322 -0.314797
1 1 0 28.3221 0.1 10.4569 -1.34761 -3.71689 -1.34761 -3.71689 0.457899 0.313849 0.457899 -0.313849
1 1 0 28.3271 0.1 10.4919 -1.34765 -3.71638 -1.34765 -3.71638 0.458478 0.312896 0.458478 -0.312896
1 1 0 28.3321 0.1 10.5273 -1.34769 -3.71587 -1.34769 -3.71587 0.459057 0.311936 0.459057 -0.311936
1 1 0 28.337 0.1 10.5632 -1.34772 -3.71536 -1.34772 -3.71536 0.459639 0.310971 0.459639 -0.310971
1 1 0 28.342 0.1 10.5995 -1.34776 -3.71484 -1.34776 -3.71484 0.460221 0.31 0.460221 -0.31
1 1 0 28.347 0.1 10.6363 -1.3478 -3.71431 -1.3478 -3.71431 0.460805 0.309023 0.460805 -0.309023
1 1 0 28.3519 0.1 10.6735 -1.34783 -3.71379 -1.34783 -3.71379 0.46139 0.30804 0.46139 -0.30804
1 1 0 28.3569 0.1 10.7111 -1.34787 -3.71326 -1.34787 -3.71326 0.461976 0.307051 0.461976 -0.307051
1 1 0 28.3619 0.1 10.7493 -1.34791 -3.71273 -1.34791 -3.71273 0.462564 0.306055 0.462564 -0.306055
1 1 0 28.3669 0.1 10.7879 -1.34794 -3.71219 -1.34794 -3.71219 0.463153 0.305053 0.463153 -0.305053
1 1 0 28.3718 0.1 10.827 -1.34798 -3.71165 -1.34798 -3.71165 0.463743 0.304045 0.463743 -0.304045
1 1 0 28.3768 0.1 10.8666 -1.34802 -3.71111 -1.34802 -3.71111 0.464335 0.30303 0.464335 -0.30303
1 1 0 28.3818 0.1 10.9068 -1.34806 -3.71057 -1.34806 -3.71057 0.464928 0.302009 0.464928 -0.302009
1 1 0 28.3867 0.1 10.9474 -1.34809 -3.71002 -1.34809 -3.71002 0.465522 0.300981 0.465522 -0.300981
1 1 0 28.3917 0.1 10.9886 -1.34813 -3.70947 -1.34813 -3.70947 0.466118 0.299946 0.466118 -0.299946
1 1 0 28.3967 0.1 11.0304 -1.34816 -3.70891 -1.34816 -3.70891 0.466715 0.298904 0.466715 -0.298904
1 1 0 28.4016 0.1 11.0727 -1.3482 -3.70835 -1.3482 -3.70835 0.467314 0.297856 0.467314 -0.297856
1 1 0 28.4066 0.1 11.1155 -1.34824 -3.70779 -1.34824 -3.70779 0.467914 0.2968 0.467914 -0.2968
1 1 0 28.4116 0.1 11.159 -1.34827 -3.70722 -1.34827 -3.70722 0.468515 0.295737 0.468515 -0.295737
1 1 0 28.4166 0.1 11.203 -1.34831 -3.70666 -1.34831 -3.70666 0.469118 0.294667 0.469118 -0.294667
1 1 0 28.4215 0.1 11.2477 -1.34835 -3.70608 -1.34835 -3.70608 0.469722 0.29359 0.469722 -0.29359
1 1 0 28.4265 0.1 11.293 -1.34838 -3.70551 -1.34838 -3.70551 0.470328 0.292505 0.470328 -0.292505
1 1 0 28.4315 0.1 11.3389 -1.34842 -3.70493 -1.34842 -3.70493 0.470935 0.291413 0.470935 -0.291413
1 1 0 28.4364 0.1 11.3855 -1.34846 -3.70434 -1.34846 -3.70434 0.471544 0.290313 0.471544 -0.290313
1 1 0 28.4414 0.1 11.4328 -1.34849 -3.70376 -1.34849 -3.70376 0.472154 0.289205 0.472154 -0.289205
1 1 0 28.4463 0.1 11.4807 -1.34853 -3.70317 -1.34853 -3.70317 0.472765 0.28809 0.472765 -0.28809
1 1 0 28.4513 0.1 11.5294 -1.34856 -3.70257 -1.34856 -3.70257 0.473379 0.286966 0.473379 -0.286966
1 1 0 28.4563 0.1 11.5787 -1.3486 -3.70197 -1.3486 -3.70197 0.473993 0.285835 0.473993 -0.285835
1 1 0 28.4612 0.1 11.6289 -1.34864 -3.70137 -1.34864 -3.70137 0.474609 0.284695 0.474609 -0.284695
1 1 0 28.4662 0.1 11.6797 -1.34867 -3.70076 -1.34867 -3.70076 0.475227 0.283547 0.475227 -0.283547
1 1 0 28.4712 0.1 11.7314 -1.34871 -3.70015 -1.34871 -3.70015 0.475846 0.28239 0.475846 -0.28239
1 1 0 28.4761 0.1 11.7838 -1.34875 -3.69954 -1.34875 -3.69954 0.476466 0.281225 0.476466 -0.281225
1 1 0 28.4811 0.1 11.8371 -1.34878 -3.69892 -1.34878 -3.69892 0.477088 0.280051 0.477088 -0.280051
1 1 0 28.4861 0.1 11.8912 -1.34882 -3.6983 -1.34882 -3.6983 0.477712 0.278868 0.477712 -0.278868
1 1 0 28.491 0.1 11.9461 -1.34885 -3.69768 -1.34885 -3.69768 0.478337 0.277676 0.478337 -0.277676
1 1 0 28.496 0.1 12.002 -1.34889 -3.69705 -1.34889 -3.69705 0.478964 0.276475 0.478964 -0.276475
1 1 0 28.5009 0.1 12.0587 -1.34892 -3.69641 -1.34892 -3.69641 0.479592 0.275265 0.479592 -0.275265
1 1 0 28.5059 0.1 12.1164 -1.34896 -3.69578 -1.34896 -3.69578 0.480222 0.274045 0.480222 -0.274045
1 1 0 28.5108 0.1 12.175 -1.349 -3.69513 -1.349 -3.69513 0.480854 0.272815 0.480854 -0.272815
1 1 0 28.5158 0.1 12.2347 -1.34903 -3.69449 -1.34903 -3.69449 0.481487 0.271576 0.481487 -0.271576
1 1 0 28.5208 0.1 12.2953 -1.34907 -3.69384 -1.34907 -3.69384 0.482122 0.270327 0.482122 -0.270327
1 1 0 28.5257 0.1 12.357 -1.3491 -3.69318 -1.3491 -3.69318 0.482758 0.269068 0.482758 -0.269068
1 1 0 28.5307 0.1 12.4197 -1.34914 -3.69252 -1.34914 -3.69252 0.483396 0.267799 0.483396 -0.267799
1 1 0 28.5356 0.1 12.4835 -1.34918 -3.69186 -1.34918 -3.69186 0.484036 0.266519 0.484036 -0.266519
1 1 0 28.5406 0.1 12.5485 -1.34921 -3.69119 -1.34921 -3.69119 0.484677 0.265228 0.484677 -0.265228
1 1 0 28.5455 0.1 12.6147 -1.34925 -3.69052 -1.34925 -3.69052 0.48532 0.263927 0.48532 -0.263927
1 1 0 28.5505 0.1 12.682 -1.34928 -3.68985 -1.34928 -3.68985 0.485965 0.262614 0.485965 -0.262614
1 1 0 28.5554 0.1 12.7506 -1.34932 -3.68917 -1.34932 -3.68917 0.486612 0.261291 0.486612 -0.261291
1 1 0 28.5604 0.1 12.8204 -1.34935 -3.68848 -1.34935 -3.68848 0.48726 0.259955 0.48726 -0.259955
1 1 0 28.5654 0.1 12.8916 -1.34939 -3.68779 -1.34939 -3.68779 0.48791 0.258609 0.48791 -0.258609
1 1 0 28.5703 0.1 12.9642 -1.34942 -3.6871 -1.34942 -3.6871 0.488561 0.25725 0.488561 -0.25725
1 1 0 28.5753 0.1 13.0381 -1.34946 -3.6864 -1.34946 -3.6864 0.489215 0.255879 0.489215 -0.255879
1 1 0 28.5802 0.1 13.1135 -1.34949 -3.68569 -1.34949 -3.68569 0.48987 0.254496 0.48987 -0.254496
1 1 0 28.5852 0.1 13.1903 -1.34953 -3.68498 -1.34953 -3.68498 0.490527 0.253101 0.490527 -0.253101
1 1 0 28.5901 0.1 13.2687 -1.34957 -3.68427 -1.34957 -3.68427 0.491186 0.251692 0.491186 -0.251692
1 1 0 28.5951 0.1 13.3488 -1.3496 -3.68355 -1.3496 -3.68355 0.491846 0.250271 0.491846 -0.250271
1 1 0 28.6 0.1 13.4304 -1.34964 -3.68283 -1.34964 -3.68283 0.492509 0.248836 0.492509 -0.248836
1 1 0 28.6049 0.1 13.5138 -1.34967 -3.6821 -1.34967 -3.6821 0.493173 0.247388 0.493173 -0.247388
1 1 0 28.6099 0.1 13.5989 -1.34971 -3.68137 -1.34971 -3.68137 0.493839 0.245925 0.493839 -0.245925
1 1 0 28.6148 0.1 13.6859 -1.34974 -3.68063 -1.34974 -3.68063 0.494507 0.244449 0.494507 -0.244449
1 1 0 28.6198 0.1 13.7747 -1.34978 -3.67989 -1.34978 -3.67989 0.495177 0.242958 0.495177 -0.242958
1 1 0 28.6247 0.1 13.8655 -1.34981 -3.67914 -1.34981 -3.67914 0.495849 0.241452 0.495849 -0.241452
1 1 0 28.6297 0.1 13.9584 -1.34985 -3.67839 -1.34985 -3.67839 0.496522 0.239931 0.496522 -0.239931
1 1 0 28.6346 0.1 14.0534 -1.34988 -3.67763 -1.34988 -3.67763 0.497198 0.238395 0.497198 -0.238395
1 1 0 28.6396 0.1 14.1505 -1.34992 -3.67686 -1.34992 -3.67686 0.497876 0.236843 0.497876 -0.236843
1 1 0 28.6445 0.1 14.25 -1.34995 -3.67609 -1.34995 -3.67609 0.498555 0.235274 0.498555 -0.235274
1 1 0 28.6494 0.1 14.3518 -1.34999 -3.67532 -1.34999 -3.67532 0.499237 0.233689 0.499237 -0.233689
1 1 0 28.6544 0.1 14.4561 -1.35002 -3.67454 -1.35002 -3.67454 0.49992 0.232087 0.49992 -0.232087
1 1 0 28.6593 0.1 14.5629 -1.35006 -3.67375 -1.35006 -3.67375 0.500606 0.230468 0.500606 -0.230468
1 1 0 28.6642 0.1 14.6724 -1.35009 -3.67296 -1.35009 -3.67296 0.501293 0.228831 0.501293 -0.228831
1 1 0 28.6692 0.1 14.7847 -1.35013 -3.67216 -1.35013 -3.67216 0.501983 0.227176 0.501983 -0.227176
1 1 0 28.6741 0.1 14.8999 -1.35016 -3.67136 -1.35016 -3.67136 0.502675 0.225502 0.502675 -0.225502
1 1 0 28.679 0.1 15.0182 -1.3502 -3.67055 -1.3502 -3.67055 0.503368 0.223809 0.503368 -0.223809
1 1 0 28.684 0.1 15.1396 -1.35023 -3.66974 -1.35023 -3.66974 0.504064 0.222096 0.504064 -0.222096
1 1 0 28.6889 0.1 15.2643 -1.35027 -3.66892 -1.35027 -3.66892 0.504762 0.220363 0.504762 -0.220363
1 1 0 28.6938 0.1 15.3924 -1.3503 -3.66809 -1.3503 -3.66809 0.505463 0.218609 0.505463 -0.218609
1 1 0 28.6988 0.1 15.5242 -1.35034 -3.66726 -1.35034 -3.66726 0.506165 0.216834 0.506165 -0.216834
1 1 0 28.7037 0.1 15.6597 -1.35037 -3.66642 -1.35037 -3.66642 0.50687 0.215037 0.50687 -0.215037
1 1 0 28.7086 0.1 15.7993 -1.3504 -3.66557 -1.3504 -3.66557 0.507576 0.213218 0.507576 -0.213218
1 1 0 28.7136 0.1 15.943 -1.35044 -3.66472 -1.35044 -3.66472 0.508285 0.211375 0.508285 -0.211375
1 1 0 28.7185 0.1 16.0911 -1.35047 -3.66386 -1.35047 -3.66386 0.508997 0.209509 0.508997 -0.209509
1 1 0 28.7234 0.1 16.2438 -1.35051 -3.663 -1.35051 -3.663 0.50971 0.207618 0.50971 -0.207618
1 1 0 28.7283 0.1 16.4013 -1.35054 -3.66213 -1.35054 -3.66213 0.510426 0.205702 0.510426 -0.205702
1 1 0 28.7333 0.1 16.564 -1.35058 -3.66125 -1.35058 -3.66125 0.511144 0.20376 0.511144 -0.20376
1 1 0 28.7382 0.1 16.732 -1.35061 -3.66037 -1.35061 -3.66037 0.511865 0.20179 0.511865 -0.20179
1 1 0 28.7431 0.1 16.9058 -1.35065 -3.65948 -1.35065 -3.65948 0.512587 0.199793 0.512587 -0.199793
1 1 0 28.748 0.1 17.0855 -1.35068 -3.65858 -1.35068 -3.65858 0.513313 0.197767 0.513313 -0.197767
1 1 0 28.7529 0.1 17.2716 -1.35072 -3.65767 -1.35072 -3.65767 0.51404 0.195712 0.51404 -0.195712
1 1 0 28.7578 0.1 17.4645 -1.35075 -3.65676 -1.35075 -3.65676 0.51477 0.193625 0.51477 -0.193625
1 1 0 28.7628 0.1 17.6646 -1.35079 -3.65584 -1.35079 -3.65584 0.515503 0.191507 0.515503 -0.191507
1 1 0 28.7677 0.1 17.8722 -1.35082 -3.65492 -1.35082 -3.65492 0.516238 0.189356 0.516238 -0.189356
1 1 0 28.7726 0.1 18.088 -1.35085 -3.65399 -1.35085 -3.65399 0.516976 0.18717 0.516976 -0.18717
1 1 0 28.7775 0.1 18.3125 -1.35089 -3.65305 -1.35089 -3.65305 0.517716 0.184949 0.517716 -0.184949
1 1 0 28.7824 0.1 18.5461 -1.35092 -3.6521 -1.35092 -3.6521 0.518459 0.18269 0.518459 -0.18269
1 1 0 28.7873 0.1 18.7897 -1.35096 -3.65114 -1.35096 -3.65114 0.519204 0.180394 0.519204 -0.180394
1 1 0 28.7922 0.1 19.0439 -1.35099 -3.65018 -1.35099 -3.65018 0.519952 0.178057 0.519952 -0.178057
1 1 0 28.7971 0.1 19.3095 -1.35103 -3.64921 -1.35103 -3.64921 0.520703 0.175678 0.520703 -0.175678
1 1 0 28.802 0.1 19.5873 -1.35106 -3.64823 -1.35106 -3.64823 0.521456 0.173256 0.521456 -0.173256
1 1 0 28.8069 0.1 19.8783 -1.3511 -3.64724 -1.3511 -3.64724 0.522212 0.170788 0.522212 -0.170788
1 1 0 28.8118 0.1 20.1837 -1.35113 -3.64625 -1.35113 -3.64625 0.522971 0.168272 0.522971 -0.168272
1 1 0 28.8167 0.1 20.5046 -1.35116 -3.64524 -1.35116 -3.64524 0.523733 0.165706 0.523733 -0.165706
1 1 0 28.8216 0.1 20.8423 -1.3512 -3.64423 -1.3512 -3.64423 0.524497 0.163087 0.524497 -0.163087
1 1 0 28.8265 0.1 21.1984 -1.35123 -3.64321 -1.35123 -3.64321 0.525265 0.160413 0.525265 -0.160413
1 1 0 28.8314 0.1 21.5746 -1.35127 -3.64219 -1.35127 -3.64219 0.526035 0.157681 0.526035 -0.157681
1 1 0 28.8363 0.1 21.9728 -1.3513 -3.64115 -1.3513 -3.64115 0.526808 0.154887 0.526808 -0.154887
1 1 0 28.8412 0.1 22.3953 -1.35134 -3.6401 -1.35134 -3.6401 0.527584 0.152028 0.527584 -0.152028
1 1 0 28.8461 0.1 22.8445 -1.35137 -3.63905 -1.35137 -3.63905 0.528363 0.1491 0.528363 -0.1491
1 1 0 28.851 0.1 23.3236 -1.35141 -3.63798 -1.35141 -3.63798 0.529146 0.146099 0.529146 -0.146099
1 1 0 28.8559 0.1 23.8358 -1.35144 -3.63691 -1.35144 -3.63691 0.529931 0.143019 0.529931 -0.143019
1 1 0 28.8607 0.1 24.3851 -1.35147 -3.63583 -1.35147 -3.63583 0.530719 0.139856 0.530719 -0.139856
1 1 0 28.8656 0.1 24.9764 -1.35151 -3.63474 -1.35151 -3.63474 0.531511 0.136604 0.531511 -0.136604
1 1 0 28.8705 0.1 25.615 -1.35154 -3.63364 -1.35154 -3.63364 0.532306 0.133255 0.532306 -0.133255
1 1 0 28.8754 0.1 26.3076 -1.35158 -3.63252 -1.35158 -3.63252 0.533104 0.129802 0.533104 -0.129802
1 1 0 28.8802 0.1 27.0623 -1.35161 -3.6314 -1.35161 -3.6314 0.533905 0.126236 0.533905 -0.126236
1 1 0 28.8851 0.1 27.8889 -1.35165 -3.63027 -1.35165 -3.63027 0.53471 0.122547 0.53471 -0.122547
1 1 0 28.89 0.1 28.7995 -1.35168 -3.62913 -1.35168 -3.62913 0.535518 0.118724 0.535518 -0.118724
1 1 0 28.8948 0.1 29.8092 -1.35172 -3.62798 -1.35172 -3.62798 0.53633 0.114752 0.53633 -0.114752
1 1 0 28.8997 0.1 30.9374 -1.35175 -3.62682 -1.35175 -3.62682 0.537145 0.110616 0.537145 -0.110616
1 1 0 28.9046 0.1 32.209 -1.35178 -3.62564 -1.35178 -3.62564 0.537964 0.106295 0.537964 -0.106295
1 1 0 28.9094 0.1 33.6571 -1.35182 -3.62446 -1.35182 -3.62446 0.538786 0.101767 0.538786 -0.101767
1 1 0 28.9143 0.1 35.3265 -1.35185 -3.62326 -1.35185 -3.62326 0.539612 0.0970007 0.539612 -0.0970007
1 1 0 28.9191 0.1 37.2795 -1.35189 -3.62206 -1.35189 -3.62206 0.540441 0.0919598 0.540441 -0.0919598
1 1 0 28.924 0.1 39.6064 -1.35192 -3.62084 -1.35192 -3.62084 0.541275 0.0865958 0.541275 -0.0865958
1 1 0 28.9288 0.1 42.4435 -1.35196 -3.61961 -1.35196 -3.61961 0.542112 0.0808437 0.542112 -0.0808437
1 1 0 28.9337 0.1 46.0083 -1.35199 -3.61837 -1.35199 -3.61837 0.542953 0.0746135 0.542953 -0.0746135
1 1 0 28.9385 0.1 50.6755 -1.35203 -3.61711 -1.35203 -3.61711 0.543798 0.0677724 0.543798 -0.0677724
1 1 0 28.9433 0.1 57.1593 -1.35206 -3.61585 -1.35206 -3.61585 0.544647 0.0601121 0.544647 -0.0601121
1 1 0 28.9482 0.1 67.0538 -1.3521 -3.61457 -1.3521 -3.61457 0.5455 0.0512654 0.5455 -0.0512654
1 1 0 28.953 0.1 84.9997 -1.35213 -3.61328 -1.35213 -3.61328 0.546357 0.0404605 0.546357 -0.0404605
1 1 0 28.9578 0.1 135.998 -1.35217 -3.61197 -1.35217 -3.61197 0.547218 0.0252997 0.547218 -0.0252997
1 1 0 28.9627 0.1 135.998 -1.3522 -3.61065 -1.3522 -3.61065 0.529036 0 0.567133 0
1 1 0 28.9675 0.1 135.998 -1.35224 -3.60932 -1.35224 -3.60932 0.511916 0 0.585992 0
1 1 0 28.9723 0.1 135.998 -1.35227 -3.60798 -1.35227 -3.60798 0.500972 0 0.598685 0
1 1 0 28.9771 0.1 135.998 -1.35231 -3.60662 -1.35231 -3.60662 0.492327 0 0.609088 0
1 1 0 28.9819 0.1 135.998 -1.35234 -3.60524 -1.35234 -3.60524 0.484987 0 0.618195 0
1 1 0 28.9867 0.1 135.998 -1.35238 -3.60386 -1.35238 -3.60386 0.478518 0 0.626441 0
1 1 0 28.9915 0.1 135.998 -1.35241 -3.60245 -1.35241 -3.60245 0.472681 0 0.634064 0
1 1 0 28.9963 0.1 135.998 -1.35245 -3.60103 -1.35245 -3.60103 0.467329 0 0.641211 0
1 1 0 29.0011 0.1 135.998 -1.35248 -3.5996 -1.35248 -3.5996 0.462366 0 0.647979 0
1 1 0 29.0059 0.1 135.998 -1.35252 -3.59815 -1.35252 -3.59815 0.457722 0 0.654439 0
1 1 0 29.0107 0.1 135.998 -1.35255 -3.59669 -1.35255 -3.59669 0.453346 0 0.660641 0
1 1 0 29.0154 0.1 135.998 -1.35259 -3.5952 -1.35259 -3.5952 0.449199 0 0.666624 0
1 1 0 29.0202 0.1 135.998 -1.35263 -3.5937 -1.35263 -3.5937 0.445251 0 0.672419 0
1 1 0 29.025 0.1 135.998 -1.35266 -3.59219 -1.35266 -3.59219 0.441477 0 0.678051 0
1 1 0 29.0297 0.1 135.998 -1.3527 -3.59065 -1.3527 -3.59065 0.437857 0 0.683539 0
1 1 0 29.0345 0.1 135.998 -1.35273 -3.5891 -1.35273 -3.5891 0.434375 0 0.688901 0
1 1 0 29.0392 0.1 135.998 -1.35277 -3.58753 -1.35277 -3.58753 0.431018 0 0.69415 0
1 1 0 29.044 0.1 135.998 -1.35281 -3.58594 -1.35281 -3.58594 0.427772 0 0.699299 0
1 1 0 29.0487 0.1 135.998 -1.35284 -3.58434 -1.35284 -3.58434 0.424629 0 0.704358 0
1 1 0 29.0534 0.1 135.998 -1.35288 -3.58271 -1.35288 -3.58271 0.42158 0 0.709335 0
1 1 0 29.0582 0.1 135.998 -1.35292 -3.58106 -1.35292 -3.58106 0.418617 0 0.714239 0
1 1 0 29.0629 0.1 135.998 -1.35295 -3.57939 -1.35295 -3.57939 0.415733 0 0.719076 0
1 1 0 29.0676 0.1 135.998 -1.35299 -3.5777 -1.35299 -3.5777 0.412922 0 0.723853 0
1 1 0 29.0723 0.1 135.998 -1.35303 -3.57599 -1.35303 -3.57599 0.410179 0 0.728576 0
1 1 0 29.077 0.1 135.998 -1.35306 -3.57425 -1.35306 -3.57425 0.4075 0 0.733248 0
1 1 0 29.0816 0.1 135.998 -1.3531 -3.57249 -1.3531 -3.57249 0.404881 0 0.737876 0
1 1 0 29.0863 0.1 135.998 -1.35314 -3.57071 -1.35314 -3.57071 0.402316 0 0.742463 0
1 1 0 29.091 0.1 135.998 -1.35318 -3.56891 -1.35318 -3.56891 0.399803 0 0.747013 0
1 1 0 29.0956 0.1 135.998 -1.35322 -3.56708 -1.35322 -3.56708 0.39734 0 0.751529 0
1 1 0 29.1003 0.1 135.998 -1.35325 -3.56522 -1.35325 -3.56522 0.394922 0 0.756015 0
1 1 0 29.1049 0.1 135.998 -1.35329 -3.56334 -1.35329 -3.56334 0.392547 0 0.760474 0
1 1 0 29.1095 0.1 135.998 -1.35333 -3.56143 -1.35333 -3.56143 0.390213 0 0.764909 0
1 1 0 29.1141 0.1 135.998 -1.35337 -3.5595 -1.35337 -3.5595 0.387917 0 0.769322 0
1 1 0 29.1187 0.1 135.998 -1.35341 -3.55753 -1.35341 -3.55753 0.385657 0 0.773716 0
1 1 0 29.1233 0.1 135.998 -1.35345 -3.55554 -1.35345 -3.55554 0.383432 0 0.778093 0
1 1 0 29.1279 0.1 135.998 -1.35349 -3.55352 -1.35349 -3.55352 0.38124 0 0.782457 0
1 1 0 29.1324 0.1 135.998 -1.35353 -3.55146 -1.35353 -3.55146 0.379078 0 0.786808 0
1 1 0 29.137 0.1 135.998 -1.35357 -3.54937 -1.35357 -3.54937 0.376946 0 0.791149 0
1 1 0 29.1415 0.1 135.998 -1.35361 -3.54725 -1.35361 -3.54725 0.374841 0 0.795483 0
1 1 0 29.146 0.1 135.998 -1.35366 -3.5451 -1.35366 -3.5451 0.372763 0 0.799811 0
1 1 0 29.1505 0.1 135.998 -1.3537 -3.54291 -1.3537 -3.54291 0.37071 0 0.804135 0
1 1 0 29.155 0.1 135.998 -1.35374 -3.54068 -1.35374 -3.54068 0.36868 0 0.808457 0
1 1 0 29.1595 0.1 135.998 -1.35378 -3.53842 -1.35378 -3.53842 0.366673 0 0.812779 0
1 1 0 29.1639 0.1 135.998 -1.35383 -3.53611 -1.35383 -3.53611 0.364687 0 0.817103 0
1 1 0 29.1683 0.1 135.998 -1.35387 -3.53377 -1.35387 -3.53377 0.362721 0 0.821431 0
1 1 0 29.1727 0.1 135.998 -1.35391 -3.53138 -1.35391 -3.53138 0.360775 0 0.825765 0
1 1 0 29.1771 0.1 135.998 -1.35396 -3.52895 -1.35396 -3.52895 0.358847 0 0.830105 0
1 1 0 29.1814 0.1 135.998 -1.354 -3.52648 -1.354 -3.52648 0.356936 0 0.834455 0
1 1 0 29.1857 0.1 135.998 -1.35405 -3.52396 -1.35405 -3.52396 0.355041 0 0.838817 0
1 1 0 29.19 0.1 135.998 -1.3541 -3.52139 -1.3541 -3.52139 0.353161 0 0.843191 0
1 1 0 29.1943 0.1 135.998 -1.35414 -3.51877 -1.35414 -3.51877 0.351297 0 0.847579 0
1 1 0 29.1985 0.1 135.998 -1.35419 -3.51609 -1.35419 -3.51609 0.349446 0 0.851984 0
1 1 0 29.2027 0.1 135.998 -1.35424 -3.51337 -1.35424 -3.51337 0.347607 0 0.856408 0
1 1 0 29.2069 0.1 135.998 -1.35429 -3.51058 -1.35429 -3.51058 0.345782 0 0.860852 0
1 1 0 29.211 0.1 135.998 -1.35434 -3.50774 -1.35434 -3.50774 0.343967 0 0.865318 0
1 1 0 29.215 0.1 135.998 -1.35439 -3.50484 -1.35439 -3.50484 0.342163 0 0.869809 0
1 1 0 29.2191 0.1 135.998 -1.35445 -3.50187 -1.35445 -3.50187 0.34037 0 0.874325 0
1 1 0 29.223 0.1 135.998 -1.3545 -3.49884 -1.3545 -3.49884 0.338585 0 0.878869 0
1 1 0 29.227 0.1 135.998 -1.35456 -3.49573 -1.35456 -3.49573 0.33681 0 0.883443 0
1 1 0 29.2308 0.1 135.998 -1.35461 -3.49256 -1.35461 -3.49256 0.335043 0 0.888048 0
1 1 0 29.2346 0.1 135.998 -1.35467 -3.48931 -1.35467 -3.48931 0.333284 0 0.892687 0
1 1 0 29.2383 0.1 135.998 -1.35473 -3.48598 -1.35473 -3.48598 0.331532 0 0.897361 0
1 1 0 29.242 0.1 135.998 -1.35479 -3.48257 -1.35479 -3.48257 0.329788 0 0.902072 0
1 1 0 29.2456 0.1 135.998 -1.35485 -3.47908 -1.35485 -3.47908 0.328049 0 0.906821 0
1 1 0 29.2491 0.1 135.998 -1.35492 -3.4755 -1.35492 -3.4755 0.326318 0 0.91161 0
1 1 0 29.2525 0.1 135.998 -1.35498 -3.47183 -1.35498 -3.47183 0.324593 0 0.916439 0
1 1 0 29.2558 0.1 135.998 -1.35505 -3.46807 -1.35505 -3.46807 0.322874 0 0.92131 0
1 1 0 29.2589 0.1 135.998 -1.35512 -3.46421 -1.35512 -3.46421 0.321162 0 0.926223 0
1 1 0 29.262 0.1 135.998 -1.35519 -3.46025 -1.35519 -3.46025 0.319458 0 0.931177 0
1 1 0 29.2649 0.1 135.998 -1.35527 -3.45619 -1.35527 -3.45619 0.317761 0 0.936171 0
1 1 0 29.2677 0.1 135.998 -1.35534 -3.45203 -1.35534 -3.45203 0.316072 0 0.941205 0
1 1 0 29.2703 0.1 135.998 -1.35542 -3.44777 -1.35542 -3.44777 0.314394 0 0.946275 0
1 1 0 29.2727 0.1 135.998 -1.3555 -3.4434 -1.3555 -3.4434 0.312726 0 0.951377 0
1 1 0 29.275 0.1 135.998 -1.35559 -3.43894 -1.35559 -3.43894 0.311072 0 0.956507 0
1 1 0 29.277 0.1 135.998 -1.35568 -3.43438 -1.35568 -3.43438 0.309433 0 0.961658 0
1 1 0 29.2789 0.1 135.998 -1.35577 -3.42973 -1.35577 -3.42973 0.307813 0 0.966821 0
1 1 0 29.2805 0.1 135.998 -1.35586 -3.42499 -1.35586 -3.42499 0.306213 0 0.971987 0
1 1 0 29.2818 0.1 135.998 -1.35596 -3.42018 -1.35596 -3.42018 0.304637 0 0.977146 0
1 1 0 29.2829 0.1 135.998 -1.35605 -3.4153 -1.35605 -3.4153 0.303089 0 0.982284 0
1 1 0 29.2838 0.1 135.998 -1.35616 -3.41037 -1.35616 -3.41037 0.301572 0 0.987388 0
1 1 0 29.2843 0.1 135.998 -1.35626 -3.40541 -1.35626 -3.40541 0.30009 0 0.992444 0
1 1 0 29.2846 0.1 135.998 -1.35637 -3.40042 -1.35637 -3.40042 0.298645 0 0.997439 0
1 1 0 29.2846 0.1 135.998 -1.35642 -3.39782 -1.35642 -3.39782 0.297913 0 1 0
2 1 0 29.2845 0.1 135.998 -1.35653 -3.39283 -1.35653 -3.39283 0.296532 0 1.00488 0
2 1 0 29.2841 0.1 135.998 -1.35664 -3.38784 -1.35664 -3.38784 0.295196 0 1.00966 0
2 1 0 29.2834 0.1 135.998 -1.35676 -3.38289 -1.35676 -3.38289 0.293906 0 1.01433 0
2 1 0 29.2825 0.1 135.998 -1.35687 -3.37798 -1.35687 -3.37798 0.292664 0 1.0189 0
2 1 0 29.2813 0.1 135.998 -1.35699 -3.37312 -1.35699 -3.37312 0.29147 0 1.02334 0
2 1 0 29.2799 0.1 135.998 -1.3571 -3.36833 -1.3571 -3.36833 0.290324 0 1.02767 0
2 1 0 29.2782 0.1 135.998 -1.35722 -3.3636 -1.35722 -3.3636 0.289225 0 1.03187 0
2 1 0 29.2764 0.1 135.998 -1.35734 -3.35895 -1.35734 -3.35895 0.288172 0 1.03594 0
2 1 0 29.2744 0.1 135.998 -1.35746 -3.35439 -1.35746 -3.35439 0.287164 0 1.03988 0
2 1 0 29.2722 0.1 135.998 -1.35758 -3.3499 -1.35758 -3.3499 0.2862 0 1.0437 0
2 1 0 29.2698 0.1 135.998 -1.35769 -3.3455 -1.35769 -3.3455 0.285277 0 1.0474 0
2 1 0 29.2673 0.1 135.998 -1.35781 -3.34118 -1.35781 -3.34118 0.284394 0 1.05098 0
2 1 0 29.2646 0.1 135.998 -1.35793 -3.33695 -1.35793 -3.33695 0.283549 0 1.05445 0
2 1 0 29.2618 0.1 135.998 -1.35805 -3.3328 -1.35805 -3.3328 0.282741 0 1.0578 0
2 1 0 29.2589 0.1 135.998 -1.35817 -3.32873 -1.35817 -3.32873 0.281966 0 1.06105 0
2 1 0 29.2559 0.1 135.998 -1.35829 -3.32475 -1.35829 -3.32475 0.281224 0 1.0642 0
2 1 0 29.2528 0.1 135.998 -1.35841 -3.32085 -1.35841 -3.32085 0.280513 0 1.06724 0
2 1 0 29.2496 0.1 135.998 -1.35853 -3.31702 -1.35853 -3.31702 0.279831 0 1.0702 0
2 1 0 29.2463 0.1 135.998 -1.35865 -3.31326 -1.35865 -3.31326 0.279176 0 1.07306 0
2 1 0 29.2429 0.1 135.998 -1.35877 -3.30958 -1.35877 -3.30958 0.278547 0 1.07584 0
2 1 0 29.2394 0.1 135.998 -1.35889 -3.30597 -1.35889 -3.30597 0.277944 0 1.07854 0
2 1 0 29.2359 0.1 135.998 -1.35901 -3.30243 -1.35901 -3.30243 0.277363 0 1.08116 0
2 1 0 29.2323 0.1 135.998 -1.35913 -3.29895 -1.35913 -3.29895 0.276805 0 1.0837 0
2 1 0 29.2287 0.1 135.998 -1.35925 -3.29553 -1.35925 -3.29553 0.276268 0 1.08617 0
2 1 0 29.225 0.1 135.998 -1.35937 -3.29218 -1.35937 -3.29218 0.275751 0 1.08857 0
2 1 0 29.2212 0.1 135.998 -1.35949 -3.28889 -1.35949 -3.28889 0.275253 0 1.09091 0
2 1 0 29.2174 0.1 135.998 -1.35961 -3.28565 -1.35961 -3.28565 0.274772 0 1.09318 0
2 1 0 29.2136 0.1 135.998 -1.35973 -3.28247 -1.35973 -3.28247 0.27431 0 1.0954 0
2 1 0 29.2097 0.1 135.998 -1.35986 -3.27934 -1.35986 -3.27934 0.273863 0 1.09755 0
2 1 0 29.2057 0.1 135.998 -1.35998 -3.27626 -1.35998 -3.27626 0.273432 0 1.09966 0
2 1 0 29.2017 0.1 135.998 -1.3601 -3.27323 -1.3601 -3.27323 0.273016 0 1.1017 0
2 1 0 29.1977 0.1 135.998 -1.36022 -3.27025 -1.36022 -3.27025 0.272615 0 1.1037 0
2 1 0 29.1937 0.1 135.998 -1.36034 -3.26732 -1.36034 -3.26732 0.272227 0 1.10565 0
2 1 0 29.1896 0.1 135.998 -1.36046 -3.26443 -1.36046 -3.26443 0.271852 0 1.10754 0
2 1 0 29.1855 0.1 135.998 -1.36058 -3.26159 -1.36058 -3.26159 0.27149 0 1.1094 0
2 1 0 29.1813 0.1 135.998 -1.36071 -3.25878 -1.36071 -3.25878 0.271139 0 1.11121 0
2 1 0 29.1772 0.1 135.998 -1.36083 -3.25602 -1.36083 -3.25602 0.2708 0 1.11297 0
2 1 0 29.173 0.1 135.998 -1.36095 -3.2533 -1.36095 -3.2533 0.270473 0 1.1147 0
2 1 0 29.1688 0.1 135.998 -1.36107 -3.25062 -1.36107 -3.25062 0.270156 0 1.11638 0
2 1 0 29.1645 0.1 135.998 -1.3612 -3.24797 -1.3612 -3.24797 0.269849 0 1.11803 0
2 1 0 29.1603 0.1 135.998 -1.36132 -3.24537 -1.36132 -3.24537 0.269552 0 1.11964 0
2 1 0 29.156 0.1 135.998 -1.36144 -3.24279 -1.36144 -3.24279 0.269265 0 1.12121 0
2 1 0 29.1517 0.1 135.998 -1.36157 -3.24025 -1.36157 -3.24025 0.268986 0 1.12275 0
2 1 0 29.1473 0.1 135.998 -1.36169 -3.23775 -1.36169 -3.23775 0.268717 0 1.12425 0
2 1 0 29.143 0.1 135.998 -1.36182 -3.23528 -1.36182 -3.23528 0.268456 0 1.12572 0
2 1 0 29.1386 0.1 135.998 -1.36194 -3.23284 -1.36194 -3.23284 0.268204 0 1.12716 0
2 1 0 29.1343 0.1 135.998 -1.36207 -3.23043 -1.36207 -3.23043 0.26796 0 1.12857 0
2 1 0 29.1299 0.1 135.998 -1.36219 -3.22805 -1.36219 -3.22805 0.267723 0 1.12995 0
2 1 0 29.1255 0.1 135.998 -1.36232 -3.2257 -1.36232 -3.2257 0.267494 0 1.13129 0
2 1 0 29.121 0.1 135.998 -1.36244 -3.22338 -1.36244 -3.22338 0.267272 0 1.13261 0
2 1 0 29.1166 0.1 135.998 -1.36257 -3.22109 -1.36257 -3.22109 0.267058 0 1.1339 0
2 1 0 29.1121 0.1 135.998 -1.3627 -3.21882 -1.3627 -3.21882 0.26685 0 1.13517 0
2 1 0 29.1077 0.1 135.998 -1.36282 -3.21658 -1.36282 -3.21658 0.266649 0 1.1364 0
2 1 0 29.1032 0.1 135.998 -1.36295 -3.21437 -1.36295 -3.21437 0.266454 0 1.13761 0
2 1 0 29.0987 0.1 135.998 -1.36308 -3.21218 -1.36308 -3.21218 0.266266 0 1.1388 0
2 1 0 29.0942 0.1 135.998 -1.36321 -3.21002 -1.36321 -3.21002 0.266084 0 1.13996 0
2 1 0 29.0897 0.1 135.998 -1.36334 -3.20789 -1.36334 -3.20789 0.265908 0 1.14109 0
2 1 0 29.0851 0.1 135.998 -1.36347 -3.20578 -1.36347 -3.20578 1.1422 0 0.265738 0
2 1 0 29.0806 0.1 135.998 -1.36359 -3.20369 -1.36359 -3.20369 1.14329 0 0.265574 0
2 1 0 29.076 0.1 135.998 -1.36372 -3.20162 -1.36372 -3.20162 1.14436 0 0.265415 0
2 1 0 29.0715 0.1 135.998 -1.36386 -3.19958 -1.36386 -3.19958 1.1454 0 0.265262 0
2 1 0 29.0669 0.1 135.998 -1.36399 -3.19756 -1.36399 -3.19756 1.14642 0 0.265114 0
2 1 0 29.0623 0.1 135.998 -1.36412 -3.19556 -1.36412 -3.19556 1.14742 0 0.264971 0
2 1 0 29.0577 0.1 135.998 -1.36425 -3.19358 -1.36425 -3.19358 1.1484 0 0.264834 0
2 1 0 29.0531 0.1 135.998 -1.36438 -3.19163 -1.36438 -3.19163 1.14936 0 0.264701 0
2 1 0 29.0485 0.1 135.998 -1.36451 -3.18969 -1.36451 -3.18969 1.15029 0 0.264573 0
2 1 0 29.0439 0.1 135.998 -1.36465 -3.18777 -1.36465 -3.18777 1.15121 0 0.26445 0
2 1 0 29.0393 0.1 135.998 -1.36478 -3.18588 -1.36478 -3.18588 1.15211 0 0.264332 0
2 1 0 29.0346 0.1 135.998 -1.36491 -3.184 -1.36491 -3.184 1.15299 0 0.264218 0
2 1 0 29.03 0.1 135.998 -1.36505 -3.18215 -1.36505 -3.18215 1.15385 0 0.264109 0
2 1 0 29.0254 0.1 135.998 -1.36518 -3.18031 -1.36518 -3.18031 1.15469 0 0.264004 0
2 1 0 29.0207 0.1 135.998 -1.36532 -3.17849 -1.36532 -3.17849 1.15551 0 0.263904 0
2 1 0 29.016 0.1 135.998 -1.36545 -3.17669 -1.36545 -3.17669 1.15631 0 0.263808 0
2 1 0 29.0114 0.1 135.998 -1.36559 -3.17491 -1.36559 -3.17491 1.1571 0 0.263716 0
2 1 0 29.0067 0.1 135.998 -1.36572 -3.17314 -1.36572 -3.17314 1.15787 0 0.263628 0
2 1 0 29.002 0.1 135.998 -1.36586 -3.1714 -1.36586 -3.1714 1.15862 0 0.263544 0
2 1 0 28.9973 0.1 135.998 -1.366 -3.16967 -1.366 -3.16967 1.15935 0 0.263464 0
2 1 0 28.9926 0.1 135.998 -1.36614 -3.16795 -1.36614 -3.16795 1.16007 0 0.263388 0
2 1 0 28.9879 0.1 135.998 -1.36627 -3.16626 -1.36627 -3.16626 1.16077 0 0.263316 0
2 1 0 28.9832 0.1 135.998 -1.36641 -3.16458 -1.36641 -3.16458 1.16145 0 0.263248 0
2 1 0 28.9785 0.1 135.998 -1.36655 -3.16291 -1.36655 -3.16291 1.16212 0 0.263183 0
2 1 0 28.9738 0.1 135.998 -1.36669 -3.16127 -1.36669 -3.16127 1.16277 0 0.263123 0
2 1 0 28.9691 0.1 135.998 -1.36683 -3.15964 -1.36683 -3.15964 1.16341 0 0.263065 0
2 1 0 28.9643 0.1 135.998 -1.36697 -3.15802 -1.36697 -3.15802 1.16403 0 0.263012 0
2 1 0 28.9596 0.1 135.998 -1.36712 -3.15642 -1.36712 -3.15642 1.16463 0 0.262962 0
2 1 0 28.9549 0.1 135.998 -1.36726 -3.15484 -1.36726 -3.15484 1.16522 0 0.262915 0
2 1 0 28.9501 0.1 135.998 -1.3674 -3.15327 -1.3674 -3.15327 1.1658 0 0.262872 0
2 1 0 28.9454 0.1 135.998 -1.36754 -3.15171 -1.36754 -3.15171 1.16636 0 0.262832 0
2 1 0 28.9406 0.1 135.998 -1.36769 -3.15017 -1.36769 -3.15017 1.1669 0 0.262796 0
2 1 0 28.9358 0.1 135.998 -1.36783 -3.14864 -1.36783 -3.14864 1.16743 0 0.262763 0
2 1 0 28.9311 0.1 135.998 -1.36797 -3.14713 -1.36797 -3.14713 1.16794 0 0.262733 0
2 1 0 28.9263 0.1 135.998 -1.36812 -3.14564 -1.36812 -3.14564 1.16845 0 0.262707 0
2 1 0 28.9215 0.1 135.998 -1.36826 -3.14415 -1.36826 -3.14415 1.16893 0 0.262684 0
2 1 0 28.9168 0.1 135.998 -1.36841 -3.14268 -1.36841 -3.14268 1.1694 0 0.262664 0
2 1 0 28.912 0.1 135.998 -1.36856 -3.14123 -1.36856 -3.14123 1.16986 0 0.262647 0
2 1 0 28.9072 0.1 135.998 -1.3687 -3.13979 -1.3687 -3.13979 1.17031 0 0.262633 0
2 1 0 28.9024 0.1 135.998 -1.36885 -3.13836 -1.36885 -3.13836 1.17074 0 0.262622 0
2 1 0 28.8976 0.1 135.998 -1.369 -3.13694 -1.369 -3.13694 1.17116 0 0.262615 0
2 1 0 28.8928 0.1 135.998 -1.36915 -3.13554 -1.36915 -3.13554 1.17156 0 0.26261 0
2 1 0 28.888 0.1 135.998 -1.3693 -3.13415 -1.3693 -3.13415 1.17195 0 0.262609 0
2 1 0 28.8832 0.1 135.998 -1.36945 -3.13278 -1.36945 -3.13278 1.17233 0 0.26261 0
2 1 0 28.8784 0.1 135.998 -1.3696 -3.13141 -1.3696 -3.13141 1.17269 0 0.262615 0
2 1 0 28.8736 0.1 135.998 -1.36975 -3.13006 -1.36975 -3.13006 1.17304 0 0.262622 0
2 1 0 28.8688 0.1 135.998 -1.3699 -3.12873 -1.3699 -3.12873 1.17338 0 0.262632 0
2 1 0 28.864 0.1 135.998 -1.37006 -3.1274 -1.37006 -3.1274 1.1737 0 0.262645 0
2 1 0 28.8591 0.1 135.998 -1.37021 -3.12609 -1.37021 -3.12609 1.17401 0 0.262661 0
2 1 0 28.8543 0.1 135.998 -1.37036 -3.12479 -1.37036 -3.12479 1.17431 0 0.26268 0
2 1 0 28.8495 0.1 135.998 -1.37052 -3.1235 -1.37052 -3.1235 1.1746 0 0.262702 0
2 1 0 28.8447 0.1 135.998 -1.37067 -3.12222 -1.37067 -3.12222 1.17487 0 0.262727 0
2 1 0 28.8398 0.1 135.998 -1.37083 -3.12096 -1.37083 -3.12096 1.17513 0 0.262754 0
2 1 0 28.835 0.1 135.998 -1.37098 -3.11971 -1.37098 -3.11971 1.17538 0 0.262784 0
2 1 0 28.8301 0.1 135.998 -1.37114 -3.11847 -1.37114 -3.11847 1.17562 0 0.262817 0
2 1 0 28.8253 0.1 135.998 -1.3713 -3.11724 -1.3713 -3.11724 1.17584 0 0.262853 0
2 1 0 28.8204 0.1 135.998 -1.37145 -3.11602 -1.37145 -3.11602 1.17605 0 0.262891 0
2 1 0 28.8156 0.1 135.998 -1.37161 -3.11481 -1.37161 -3.11481 1.17625 0 0.262933 0
2 1 0 28.8107 0.1 135.998 -1.37177 -3.11362 -1.37177 -3.11362 1.17644 0 0.262977 0
2 1 0 28.8059 0.1 135.998 -1.37193 -3.11244 -1.37193 -3.11244 1.17661 0 0.263023 0
2 1 0 28.801 0.1 135.998 -1.37209 -3.11126 -1.37209 -3.11126 1.17678 0 0.263073 0
2 1 0 28.7962 0.1 135.998 -1.37225 -3.1101 -1.37225 -3.1101 1.17693 0 0.263125 0
2 1 0 28.7913 0.1 135.998 -1.37241 -3.10895 -1.37241 -3.10895 1.17707 0 0.263179 0
2 1 0 28.7864 0.1 135.998 -1.37258 -3.10782 -1.37258 -3.10782 1.17719 0 0.263237 0
2 1 0 28.7816 0.1 135.998 -1.37274 -3.10669 -1.37274 -3.10669 1.17731 0 0.263297 0
2 1 0 28.7767 0.1 135.998 -1.3729 -3.10557 -1.3729 -3.10557 1.17741 0 0.263359 0
2 1 0 28.7718 0.1 135.998 -1.37307 -3.10447 -1.37307 -3.10447 1.1775 0 0.263425 0
2 1 0 28.767 0.1 135.998 -1.37323 -3.10337 -1.37323 -3.10337 1.17758 0 0.263493 0
2 1 0 28.7621 0.1 135.998 -1.3734 -3.10229 -1.3734 -3.10229 1.17765 0 0.263563 0
2 1 0 28.7572 0.1 135.998 -1.37357 -3.10122 -1.37357 -3.10122 1.1777 0 0.263637 0
2 1 0 28.7523 0.1 135.998 -1.37373 -3.10015 -1.37373 -3.10015 1.17775 0 0.263713 0
2 1 0 28.7474 0.1 135.998 -1.3739 -3.0991 -1.3739 -3.0991 1.17778 0 0.263791 0
2 1 0 28.7425 0.1 135.998 -1.37407 -3.09806 -1.37407 -3.09806 1.1778 0 0.263872 0
2 1 0 28.7376 0.1 135.998 -1.37424 -3.09703 -1.37424 -3.09703 1.17781 0 0.263956 0
2 1 0 28.7328 0.1 135.998 -1.37441 -3.09601 -1.37441 -3.09601 1.17781 0 0.264042 0
2 1 0 28.7279 0.1 135.998 -1.37458 -3.095 -1.37458 -3.095 1.1778 0 0.264131 0
2 1 0 28.723 0.1 135.998 -1.37475 -3.094 -1.37475 -3.094 1.17777 0 0.264223 0
2 1 0 28.7181 0.1 135.998 -1.37493 -3.09301 -1.37493 -3.09301 1.17773 0 0.264317 0
2 1 0 28.7132 0.1 135.998 -1.3751 -3.09203 -1.3751 -3.09203 1.17768 0 0.264414 0
2 1 0 28.7083 0.1 135.998 -1.37527 -3.09107 -1.37527 -3.09107 1.17763 0 0.264513 0
2 1 0 28.7034 0.1 135.998 -1.37545 -3.09011 -1.37545 -3.09011 1.17755 0 0.264615 0
2 1 0 28.6985 0.1 135.998 -1.37562 -3.08916 -1.37562 -3.08916 1.17747 0 0.26472 0
2 1 0 28.6935 0.1 135.998 -1.3758 -3.08822 -1.3758 -3.08822 1.17738 0 0.264827 0
2 1 0 28.6886 0.1 135.998 -1.37598 -3.08729 -1.37598 -3.08729 1.17727 0 0.264937 0
2 1 0 28.6837 0.1 135.998 -1.37615 -3.08638 -1.37615 -3.08638 1.17716 0 0.265049 0
2 1 0 28.6788 0.1 135.998 -1.37633 -3.08547 -1.37633 -3.08547 1.17703 0 0.265165 0
2 1 0 28.6739 0.1 135.998 -1.37651 -3.08457 -1.37651 -3.08457 1.17689 0 0.265282 0
2 1 0 28.669 0.1 135.998 -1.37669 -3.08369 -1.37669 -3.08369 1.17674 0 0.265403 0
2 1 0 28.6641 0.1 135.998 -1.37687 -3.08281 -1.37687 -3.08281 1.17658 0 0.265526 0
2 1 0 28.6591 0.1 135.998 -1.37706 -3.08194 -1.37706 -3.08194 1.1764 0 0.265651 0
2 1 0 28.6542 0.1 135.998 -1.37724 -3.08109 -1.37724 -3.08109 1.17622 0 0.265779 0
2 1 0 28.6493 0.1 135.998 -1.37742 -3.08024 -1.37742 -3.08024 1.17602 0 0.26591 0
2 1 0 28.6444 0.1 135.998 -1.37761 -3.0794 -1.37761 -3.0794 1.17581 0 0.266044 0
2 1 0 28.6394 0.1 135.998 -1.37779 -3.07857 -1.37779 -3.07857 1.17559 0 0.26618 0
2 1 0 28.6345 0.1 135.998 -1.37798 -3.07776 -1.37798 -3.07776 1.17536 0 0.266319 0
2 1 0 28.6296 0.1 135.998 -1.37817 -3.07695 -1.37817 -3.07695 1.17512 0 0.26646 0
2 1 0 28.6246 0.1 135.998 -1.37835 -3.07615 -1.37835 -3.07615 1.17487 0 0.266604 0
2 1 0 28.6197 0.1 135.998 -1.37854 -3.07537 -1.37854 -3.07537 1.17461 0 0.266751 0
2 1 0 28.6148 0.1 135.998 -1.37873 -3.07459 -1.37873 -3.07459 1.17433 0 0.266901 0
2 1 0 28.6098 0.1 135.998 -1.37892 -3.07382 -1.37892 -3.07382 1.17404 0 0.267053 0
2 1 0 28.6049 0.1 135.998 -1.37912 -3.07306 -1.37912 -3.07306 1.17374 0 0.267208 0
2 1 0 28.6 0.1 135.998 -1.37931 -3.07232 -1.37931 -3.07232 1.17343 0 0.267366 0
2 1 0 28.595 0.1 135.998 -1.3795 -3.07158 -1.3795 -3.07158 1.17311 0 0.267526 0
2 1 0 28.5901 0.1 135.998 -1.3797 -3.07085 -1.3797 -3.07085 1.17278 0 0.267689 0
2 1 0 28.5851 0.1 135.998 -1.37989 -3.07014 -1.37989 -3.07014 1.17244 0 0.267855 0
2 1 0 28.5802 0.1 135.998 -1.38009 -3.06943 -1.38009 -3.06943 1.17208 0 0.268024 0
2 1 0 28.5752 0.1 135.998 -1.38029 -3.06873 -1.38029 -3.06873 1.17171 0 0.268195 0
2 1 0 28.5703 0.1 135.998 -1.38049 -3.06804 -1.38049 -3.06804 1.17133 0 0.268369 0
2 1 0 28.5653 0.1 135.998 -1.38069 -3.06737 -1.38069 -3.06737 1.17094 0 0.268546 0
2 1 0 28.5604 0.1 135.998 -1.38089 -3.0667 -1.38089 -3.0667 1.17054 0 0.268726 0
2 1 0 28.5554 0.1 135.998 -1.38109 -3.06604 -1.38109 -3.06604 1.17013 0 0.268909 0
2 1 0 28.5505 0.1 135.998 -1.38129 -3.0654 -1.38129 -3.0654 1.1697 0 0.269095 0
2 1 0 28.5455 0.1 135.998 -1.3815 -3.06476 -1.3815 -3.06476 1.16927 0 0.269283 0
2 1 0 28.5406 0.1 135.998 -1.3817 -3.06413 -1.3817 -3.06413 1.16882 0 0.269474 0
2 1 0 28.5356 0.1 135.998 -1.38191 -3.06351 -1.38191 -3.06351 1.16836 0 0.269669 0
2 1 0 28.5307 0.1 135.998 -1.38212 -3.06291 -1.38212 -3.06291 1.16789 0 0.269866 0
2 1 0 28.5257 0.1 135.998 -1.38233 -3.06231 -1.38233 -3.06231 1.1674 0 0.270066 0
2 1 0 28.5207 0.1 135.998 -1.38254 -3.06173 -1.38254 -3.06173 1.16691 0 0.270269 0
2 1 0 28.5158 0.1 135.998 -1.38275 -3.06115 -1.38275 -3.06115 1.1664 0 0.270475 0
2 1 0 28.5108 0.1 135.998 -1.38296 -3.06059 -1.38296 -3.06059 1.16588 0 0.270684 0
2 1 0 28.5058 0.1 135.998 -1.38317 -3.06003 -1.38317 -3.06003 1.16535 0 0.270896 0
2 1 0 28.5009 0.1 135.998 -1.38339 -3.05949 -1.38339 -3.05949 1.16481 0 0.271111 0
2 1 0 28.4959 0.1 135.998 -1.3836 -3.05895 -1.3836 -3.05895 1.16425 0 0.271329 0
2 1 0 28.4909 0.1 135.998 -1.38382 -3.05843 -1.38382 -3.05843 1.16369 0 0.27155 0
2 1 0 28.486 0.1 135.998 -1.38404 -3.05792 -1.38404 -3.05792 1.16311 0 0.271775 0
2 1 0 28.481 0.1 135.998 -1.38426 -3.05741 -1.38426 -3.05741 1.16252 0 0.272002 0
2 1 0 28.476 0.1 135.998 -1.38448 -3.05692 -1.38448 -3.05692 1.16192 0 0.272232 0
2 1 0 28.4711 0.1 135.998 -1.3847 -3.05644 -1.3847 -3.05644 1.1613 0 0.272466 0
2 1 0 28.4661 0.1 135.998 -1.38492 -3.05597 -1.38492 -3.05597 1.16067 0 0.272703 0
2 1 0 28.4611 0.1 135.998 -1.38515 -3.05551 -1.38515 -3.05551 1.16003 0 0.272943 0
2 1 0 28.4561 0.1 135.998 -1.38538 -3.05507 -1.38538 -3.05507 1.15938 0 0.273187 0
2 1 0 28.4512 0.1 135.998 -1.3856 -3.05463 -1.3856 -3.05463 1.15872 0 0.273433 0
2 1 0 28.4462 0.1 135.998 -1.38583 -3.0542 -1.38583 -3.0542 1.15804 0 0.273683 0
2 1 0 28.4412 0.1 135.998 -1.38606 -3.05379 -1.38606 -3.05379 1.15735 0 0.273936 0
2 1 0 28.4362 0.1 135.998 -1.3863 -3.05339 -1.3863 -3.05339 1.15665 0 0.274193 0
2 1 0 28.4313 0.1 135.998 -1.38653 -3.053 -1.38653 -3.053 1.15594 0 0.274453 0
2 1 0 28.4263 0.1 135.998 -1.38676 -3.05261 -1.38676 -3.05261 1.15521 0 0.274716 0
2 1 0 28.4213 0.1 135.998 -1.387 -3.05225 -1.387 -3.05225 1.15447 0 0.274983 0
2 1 0 28.4163 0.1 135.998 -1.38724 -3.05189 -1.38724 -3.05189 1.15372 0 0.275253 0
2 1 0 28.4113 0.1 135.998 -1.38748 -3.05154 -1.38748 -3.05154 1.15295 0 0.275527 0
2 1 0 28.4063 0.1 135.998 -1.38772 -3.05121 -1.38772 -3.05121 1.15217 0 0.275805 0
2 1 0 28.4014 0.1 135.998 -1.38796 -3.05089 -1.38796 -3.05089 1.15138 0 0.276085 0
2 1 0 28.3964 0.1 135.998 -1.38821 -3.05058 -1.38821 -3.05058 1.15058 0 0.27637 0
2 1 0 28.3914 0.1 135.998 -1.38846 -3.05028 -1.38846 -3.05028 1.14976 0 0.276658 0
2 1 0 28.3864 0.1 135.998 -1.3887 -3.05 -1.3887 -3.05 1.14893 0 0.27695 0
2 1 0 28.3814 0.1 135.998 -1.38895 -3.04973 -1.38895 -3.04973 1.14809 0 0.277246 0
2 1 0 28.3764 0.1 135.998 -1.38921 -3.04947 -1.38921 -3.04947 1.14723 0 0.277545 0
2 1 0 28.3714 0.1 135.998 -1.38946 -3.04922 -1.38946 -3.04922 1.14636 0 0.277848 0
2 1 0 28.3665 0.1 135.998 -1.38971 -3.04899 -1.38971 -3.04899 1.14548 0 0.278155 0
2 1 0 28.3615 0.1 135.998 -1.38997 -3.04876 -1.38997 -3.04876 1.14458 0 0.278466 0
2 1 0 28.3565 0.1 135.998 -1.39023 -3.04856 -1.39023 -3.04856 1.14367 0 0.278781 0
2 1 0 28.3515 0.1 135.998 -1.39049 -3.04836 -1.39049 -3.04836 1.14275 0 0.2791 0
2 1 0 28.3465 0.1 135.998 -1.39076 -3.04818 -1.39076 -3.04818 1.14181 0 0.279423 0
2 1 0 28.3415 0.1 135.998 -1.39102 -3.04801 -1.39102 -3.04801 1.14085 0 0.27975 0
2 1 0 28.3365 0.1 135.998 -1.39129 -3.04786 -1.39129 -3.04786 1.13989 0 0.280081 0
2 1 0 28.3315 0.1 135.998 -1.39156 -3.04772 -1.39156 -3.04772 1.13891 0 0.280416 0
2 1 0 28.3265 0.1 135.998 -1.39183 -3.0476 -1.39183 -3.0476 1.13791 0 0.280755 0
2 1 0 28.3215 0.1 135.998 -1.3921 -3.04749 -1.3921 -3.04749 1.1369 0 0.281099 0
2 1 0 28.3166 0.1 135.998 -1.39238 -3.04739 -1.39238 -3.04739 1.13588 0 0.281447 0
2 1 0 28.3116 0.1 135.998 -1.39266 -3.04731 -1.39266 -3.04731 1.13484 0 0.281799 0
2 1 0 28.3066 0.1 135.998 -1.39294 -3.04725 -1.39294 -3.04725 1.13379 0 0.282156 0
2 1 0 28.3016 0.1 135.998 -1.39322 -3.0472 -1.39322 -3.0472 1.13272 0 0.282517 0
2 1 0 28.2966 0.1 135.998 -1.39351 -3.04716 -1.39351 -3.04716 1.13164 0 0.282882 0
2 1 0 28.2916 0.1 135.998 -1.39379 -3.04715 -1.39379 -3.04715 1.13054 0 0.283253 0
2 1 0 28.2866 0.1 135.998 -1.39409 -3.04714 -1.39409 -3.04714 1.12943 0 0.283628 0
2 1 0 28.2816 0.1 135.998 -1.39438 -3.04716 -1.39438 -3.04716 1.1283 0 0.284007 0
2 1 0 28.2766 0.1 135.998 -1.39467 -3.04719 -1.39467 -3.04719 1.12716 0 0.284392 0
2 1 0 28.2716 0.1 135.998 -1.39497 -3.04724 -1.39497 -3.04724 1.126 0 0.284781 0
2 1 0 28.2666 0.1 135.998 -1.39527 -3.04731 -1.39527 -3.04731 1.12483 0 0.285175 0
2 1 0 28.2616 0.1 135.998 -1.39558 -3.04739 -1.39558 -3.04739 1.12364 0 0.285574 0
2 1 0 28.2567 0.1 135.998 -1.39589 -3.04749 -1.39589 -3.04749 1.12244 0 0.285978 0
2 1 0 28.2517 0.1 135.998 -1.3962 -3.04762 -1.3962 -3.04762 1.12122 0 0.286387 0
2 1 0 28.2467 0.1 135.998 -1.39651 -3.04776 -1.39651 -3.04776 1.11998 0 0.286802 0
2 1 0 28.2417 0.1 135.998 -1.39683 -3.04792 -1.39683 -3.04792 1.11873 0 0.287222 0
2 1 0 28.2367 0.1 135.998 -1.39715 -3.0481 -1.39715 -3.0481 1.11746 0 0.287647 0
2 1 0 28.2317 0.1 135.998 -1.39747 -3.0483 -1.39747 -3.0483 1.11617 0 0.288077 0
2 1 0 28.2267 0.1 135.998 -1.39779 -3.04852 -1.39779 -3.04852 1.11487 0 0.288513 0
2 1 0 28.2218 0.1 135.998 -1.39812 -3.04876 -1.39812 -3.04876 1.11355 0 0.288954 0
2 1 0 28.2168 0.1 135.998 -1.39846 -3.04902 -1.39846 -3.04902 1.11221 0 0.289401 0
2 1 0 28.2118 0.1 135.998 -1.3988 -3.04931 -1.3988 -3.04931 1.11086 0 0.289854 0
2 1 0 28.2068 0.1 135.998 -1.39914 -3.04962 -1.39914 -3.04962 1.10949 0 0.290313 0
2 1 0 28.2018 0.1 135.998 -1.39948 -3.04995 -1.39948 -3.04995 1.1081 0 0.290777 0
2 1 0 28.1969 0.1 135.998 -1.39983 -3.05031 -1.39983 -3.05031 1.1067 0 0.291248 0
2 1 0 28.1919 0.1 135.998 -1.40018 -3.05069 -1.40018 -3.05069 1.10527 0 0.291725 0
2 1 0 28.1869 0.1 135.998 -1.40054 -3.0511 -1.40054 -3.0511 1.10383 0 0.292208 0
2 1 0 28.182 0.1 135.998 -1.4009 -3.05153 -1.4009 -3.05153 1.10237 0 0.292697 0
2 1 0 28.177 0.1 135.998 -1.40127 -3.05199 -1.40127 -3.05199 1.1009 0 0.293192 0
2 1 0 28.172 0.1 135.998 -1.40164 -3.05248 -1.40164 -3.05248 1.0994 0 0.293694 0
2 1 0 28.1671 0.1 135.998 -1.40201 -3.053 -1.40201 -3.053 1.09789 0 0.294203 0
2 1 0 28.1621 0.1 135.998 -1.4024 -3.05354 -1.4024 -3.05354 1.09635 0 0.294718 0
2 1 0 28.1572 0.1 135.998 -1.40278 -3.05412 -1.40278 -3.05412 1.0948 0 0.29524 0
2 1 0 28.1522 0.1 135.998 -1.40317 -3.05473 -1.40317 -3.05473 1.09323 0 0.295768 0
2 1 0 28.1473 0.1 135.998 -1.40357 -3.05537 -1.40357 -3.05537 1.09164 0 0.296304 0
2 1 0 28.1423 0.1 135.998 -1.40397 -3.05605 -1.40397 -3.05605 1.09004 0 0.296847 0
2 1 0 28.1374 0.1 135.998 -1.40438 -3.05676 -1.40438 -3.05676 1.08841 0 0.297397 0
2 1 0 28.1325 0.1 135.998 -1.40479 -3.05751 -1.40479 -3.05751 1.08676 0 0.297955 0
2 1 0 28.1276 0.1 135.998 -1.40521 -3.05829 -1.40521 -3.05829 1.08509 0 0.298519 0
2 1 0 28.1226 0.1 135.998 -1.40564 -3.05911 -1.40564 -3.05911 1.08341 0 0.299092 0
2 1 0 28.1177 0.1 135.998 -1.40607 -3.05998 -1.40607 -3.05998 1.0817 0 0.299671 0
2 1 0 28.1128 0.1 135.998 -1.40651 -3.06089 -1.40651 -3.06089 1.07997 0 0.300259 0
2 1 0 28.1079 0.1 135.998 -1.40696 -3.06184 -1.40696 -3.06184 1.07823 0 0.300854 0
2 1 0 28.1031 0.1 135.998 -1.40742 -3.06284 -1.40742 -3.06284 1.07646 0 0.301457 0
2 1 0 28.0982 0.1 135.998 -1.40788 -3.06388 -1.40788 -3.06388 1.07467 0 0.302068 0
2 1 0 28.0933 0.1 135.998 -1.40835 -3.06498 -1.40835 -3.06498 1.07287 0 0.302688 0
2 1 0 28.0885 0.1 135.998 -1.40883 -3.06612 -1.40883 -3.06612 1.07104 0 0.303315 0
2 1 0 28.0837 0.1 135.998 -1.40932 -3.06733 -1.40932 -3.06733 1.06919 0 0.30395 0
2 1 0 28.0789 0.1 135.998 -1.40982 -3.06859 -1.40982 -3.06859 1.06733 0 0.304593 0
2 1 0 28.0741 0.1 135.998 -1.41033 -3.0699 -1.41033 -3.0699 1.06544 0 0.305245 0
2 1 0 28.0693 0.1 135.998 -1.41084 -3.07129 -1.41084 -3.07129 1.06354 0 0.305905 0
2 1 0 28.0645 0.1 135.998 -1.41137 -3.07274 -1.41137 -3.07274 1.06161 0 0.306572 0
2 1 0 28.0598 0.1 135.998 -1.41191 -3.07425 -1.41191 -3.07425 1.05967 0 0.307248 0
2 1 0 28.0551 0.1 135.998 -1.41246 -3.07584 -1.41246 -3.07584 1.05771 0 0.307932 0
2 1 0 28.0504 0.1 135.998 -1.41302 -3.07751 -1.41302 -3.07751 1.05574 0 0.308623 0
2 1 0 28.0458 0.1 135.998 -1.41359 -3.07926 -1.41359 -3.07926 1.05374 0 0.309322 0
2 1 0 28.0411 0.1 135.998 -1.41418 -3.08109 -1.41418 -3.08109 1.05174 0 0.310028 0
2 1 0 28.0366 0.1 135.998 -1.41478 -3.08301 -1.41478 -3.08301 1.04972 0 0.310741 0
2 1 0 28.032 0.1 135.998 -1.41539 -3.08502 -1.41539 -3.08502 1.04768 0 0.31146 0
2 1 0 28.0275 0.1 135.998 -1.41602 -3.08713 -1.41602 -3.08713 1.04564 0 0.312186 0
2 1 0 28.0231 0.1 135.998 -1.41666 -3.08935 -1.41666 -3.08935 1.04359 0 0.312916 0
2 1 0 28.0187 0.1 135.998 -1.41732 -3.09167 -1.41732 -3.09167 1.04154 0 0.313651 0
2 1 0 28.0144 0.1 135.998 -1.41799 -3.09411 -1.41799 -3.09411 1.03948 0 0.314389 0
2 1 0 28.0102 0.1 135.998 -1.41868 -3.09667 -1.41868 -3.09667 1.03742 0 0.315129 0
2 1 0 28.006 0.1 135.998 -1.41938 -3.09935 -1.41938 -3.09935 1.03537 0 0.31587 0
2 1 0 28.0019 0.1 135.998 -1.4201 -3.10216 -1.4201 -3.10216 1.03333 0 0.31661 0
2 1 0 27.998 0.1 135.998 -1.42084 -3.1051 -1.42084 -3.1051 1.03131 0 0.317347 0
2 1 0 27.9941 0.1 135.998 -1.42159 -3.10818 -1.42159 -3.10818 1.02931 0 0.31808 0
2 1 0 27.9903 0.1 135.998 -1.42236 -3.11139 -1.42236 -3.11139 1.02733 0 0.318806 0
2 1 0 27.9867 0.1 135.998 -1.42314 -3.11475 -1.42314 -3.11475 1.02539 0 0.319522 0
2 1 0 27.9832 0.1 135.998 -1.42393 -3.11825 -1.42393 -3.11825 1.02349 0 0.320226 0
2 1 0 27.9799 0.1 135.998 -1.42474 -3.12189 -1.42474 -3.12189 1.02164 0 0.320915 0
2 1 0 27.9767 0.1 135.998 -1.42556 -3.12567 -1.42556 -3.12567 1.01985 0 0.321586 0
2 1 0 27.9737 0.1 135.998 -1.42638 -3.12959 -1.42638 -3.12959 1.01812 0 0.322237 0
2 1 0 27.9709 0.1 135.998 -1.42722 -3.13363 -1.42722 -3.13363 1.01646 0 0.322863 0
2 1 0 27.9683 0.1 135.998 -1.42806 -3.13779 -1.42806 -3.13779 1.01488 0 0.323464 0
2 1 0 27.9658 0.1 135.998 -1.4289 -3.14207 -1.4289 -3.14207 1.01339 0 0.324037 0
2 1 0 27.9636 0.1 135.998 -1.42974 -3.14644 -1.42974 -3.14644 1.01198 0 0.324579 0
2 1 0 27.9615 0.1 135.998 -1.43059 -3.15091 -1.43059 -3.15091 1.01066 0 0.32509 0
2 1 0 27.9596 0.1 135.998 -1.43143 -3.15547 -1.43143 -3.15547 1.00943 0 0.325569 0
2 1 0 27.9579 0.1 135.998 -1.43226 -3.16009 -1.43226 -3.16009 1.0083 0 0.326014 0
2 1 0 27.9563 0.1 135.998 -1.43309 -3.16477 -1.43309 -3.16477 1.00726 0 0.326427 0
2 1 0 27.955 0.1 135.998 -1.4339 -3.16951 -1.4339 -3.16951 1.0063 0 0.326808 0
2 1 0 27.9538 0.1 135.998 -1.43471 -3.17429 -1.43471 -3.17429 1.00544 0 0.327157 0
2 1 0 27.9527 0.1 135.998 -1.43551 -3.17911 -1.43551 -3.17911 1.00465 0 0.327475 0
2 1 0 27.9517 0.1 135.998 -1.4363 -3.18396 -1.4363 -3.18396 1.00395 0 0.327764 0
2 1 0 27.9509 0.1 135.998 -1.43708 -3.18883 -1.43708 -3.18883 1.00332 0 0.328026 0
2 1 0 27.9502 0.1 135.998 -1.43784 -3.19372 -1.43784 -3.19372 1.00276 0 0.328261 0
2 1 0 27.9496 0.1 135.998 -1.43859 -3.19863 -1.43859 -3.19863 1.00227 0 0.328472 0
2 1 0 27.9492 0.1 135.998 -1.43934 -3.20355 -1.43934 -3.20355 1.00184 0 0.32866 0
2 1 0 27.9487 0.1 135.998 -1.44006 -3.20848 -1.44006 -3.20848 1.00146 0 0.328826 0
2 1 0 27.9484 0.1 135.998 -1.44078 -3.21342 -1.44078 -3.21342 1.00114 0 0.328973 0
2 1 0 27.9482 0.1 135.998 -1.44149 -3.21836 -1.44149 -3.21836 1.00086 0 0.329102 0
2 1 0 27.9479 0.1 135.998 -1.44218 -3.22331 -1.44218 -3.22331 1.00063 0 0.329215 0
2 1 0 27.9478 0.1 135.998 -1.44286 -3.22826 -1.44286 -3.22826 1.00043 0 0.329313 0
2 1 0 27.9477 0.1 135.998 -1.44353 -3.23321 -1.44353 -3.23321 1.00027 0 0.329397 0
2 1 0 27.9476 0.1 135.998 -1.4442 -3.23817 -1.4442 -3.23817 1.00013 0 0.329469 0
2 1 0 27.9476 0.1 135.998 -1.44485 -3.24313 -1.44485 -3.24313 1.00003 0 0.32953 0
1 1 0 27.9476 0.1 135.998 -1.44504 -3.24464 -1.44504 -3.24464 1 0 0.329547 0
1 1 0 27.9476 0.1 135.998 -1.44568 -3.2496 -1.44568 -3.2496 0.999925 0 0.329595 0
1 1 0 27.9477 0.1 135.998 -1.44631 -3.25456 -1.44631 -3.25456 0.99987 0 0.329635 0
1 1 0 27.9477 0.1 135.998 -1.44692 -3.25952 -1.44692 -3.25952 0.999832 0 0.329668 0
1 1 0 27.9478 0.1 135.998 -1.44753 -3.26448 -1.44753 -3.26448 0.999809 0 0.329694 0
1 1 0 27.9479 0.1 135.998 -1.44813 -3.26944 -1.44813 -3.26944 0.999798 0 0.329715 0
1 1 0 27.948 0.1 135.998 -1.44872 -3.27441 -1.44872 -3.27441 0.999797 0 0.329731 0
1 1 0 27.9481 0.1 135.998 -1.4493 -3.27937 -1.4493 -3.27937 0.999803 0 0.329743 0
1 1 0 27.9482 0.1 135.998 -1.44987 -3.28434 -1.44987 -3.28434 0.999816 0 0.329752 0
1 1 0 27.9483 0.1 135.998 -1.45044 -3.28931 -1.45044 -3.28931 0.999833 0 0.329758 0
1 1 0 27.9483 0.1 135.998 -1.451 -3.29427 -1.451 -3.29427 0.999854 0 0.329762 0
1 1 0 27.9484 0.1 135.998 -1.45154 -3.29924 -1.45154 -3.29924 0.999875 0 0.329764 0
1 1 0 27.9485 0.1 135.998 -1.45209 -3.30421 -1.45209 -3.30421 0.999898 0 0.329765 0
1 1 0 27.9486 0.1 135.998 -1.45262 -3.30918 -1.45262 -3.30918 0.999919 0 0.329764 0
1 1 0 27.9487 0.1 135.998 -1.45315 -3.31416 -1.45315 -3.31416 0.99994 0 0.329764 0
1 1 0 27.9487 0.1 135.998 -1.45367 -3.31913 -1.45367 -3.31913 0.999958 0 0.329763 0
1 1 0 27.9488 0.1 135.998 -1.45418 -3.3241 -1.45418 -3.3241 0.999973 0 0.329762 0
1 1 0 27.9488 0.1 135.998 -1.45469 -3.32908 -1.45469 -3.32908 0.999986 0 0.329761 0
1 1 0 27.9488 0.1 135.998 -1.45519 -3.33405 -1.45519 -3.33405 0.999994 0 0.32976 0
1 1 0 27.9489 0.1 135.998 -1.45568 -3.33903 -1.45568 -3.33903 0.999999 0 0.329759 0
1 1 0 27.9489 0.1 135.998 -1.45592 -3.34151 -1.45592 -3.34151 1 0 0.329759 0
1 1 0 27.9489 0.1 135.998 -1.45596 -3.3419 -1.45596 -3.3419 1 0 0.329759 0
1 1 0 27.9489 0.1 135.998 -1.45614 -3.34369 -1.45614 -3.34369 1 0 0.329759 0
1 1 0 27.9489 0.1 135.998 -1.45662 -3.34867 -1.45662 -3.34867 0.999997 0 0.32976 0
1 1 0 27.9488 0.1 135.998 -1.45709 -3.35364 -1.45709 -3.35364 0.999991 0 0.32976 0
1 1 0 27.9488 0.1 135.998 -1.45756 -3.35862 -1.45756 -3.35862 0.999981 0 0.329761 0
1 1 0 27.9488 0.1 135.998 -1.45803 -3.3636 -1.45803 -3.3636 0.999968 0 0.329762 0
1 1 0 27.9487 0.1 135.998 -1.45849 -3.36858 -1.45849 -3.36858 0.999952 0 0.329763 0
1 1 0 27.9487 0.1 135.998 -1.45894 -3.37356 -1.45894 -3.37356 0.999934 0 0.329764 0
1 1 0 27.9486 0.1 135.998 -1.45939 -3.37854 -1.45939 -3.37854 0.999914 0 0.329765 0
1 1 0 27.9485 0.1 135.998 -1.45983 -3.38352 -1.45983 -3.38352 0.999893 0 0.329764 0
1 1 0 27.9484 0.1 135.998 -1.46027 -3.3885 -1.46027 -3.3885 0.999873 0 0.329764 0
1 1 0 27.9483 0.1 135.998 -1.4607 -3.39348 -1.4607 -3.39348 0.999852 0 0.329762 0
1 1 0 27.9483 0.1 135.998 -1.46113 -3.39846 -1.46113 -3.39846 0.999834 0 0.329758 0
1 1 0 27.9482 0.1 135.998 -1.46155 -3.40344 -1.46155 -3.40344 0.999818 0 0.329753 0
1 1 0 27.9481 0.1 135.998 -1.46197 -3.40842 -1.46197 -3.40842 0.999806 0 0.329745 0
1 1 0 27.948 0.1 135.998 -1.46239 -3.4134 -1.46239 -3.4134 0.999798 0 0.329735 0
1 1 0 27.9479 0.1 135.998 -1.4628 -3.41838 -1.4628 -3.41838 0.999796 0 0.329723 0
1 1 0 27.9478 0.1 135.998 -1.46321 -3.42337 -1.46321 -3.42337 0.999801 0 0.329706 0
1 1 0 27.9478 0.1 135.998 -1.46361 -3.42835 -1.46361 -3.42835 0.999815 0 0.329686 0
1 1 0 27.9477 0.1 135.998 -1.46401 -3.43333 -1.46401 -3.43333 0.999838 0 0.329662 0
1 1 0 27.9477 0.1 135.998 -1.46441 -3.43832 -1.46441 -3.43832 0.999872 0 0.329633 0
1 1 0 27.9476 0.1 135.998 -1.4648 -3.4433 -1.4648 -3.4433 0.999919 0 0.329599 0
1 1 0 27.9476 0.1 135.998 -1.46519 -3.44829 -1.46519 -3.44829 0.999979 0 0.32956 0
1 1 0 27.9476 0.1 135.998 -1.46531 -3.44982 -1.46531 -3.44982 1 0 0.329547 0
2 1 0 27.9476 0.1 135.998 -1.4657 -3.4548 -1.4657 -3.4548 1.00008 0 0.329499 0
2 1 0 27.9477 0.1 135.998 -1.46608 -3.45979 -1.46608 -3.45979 1.00018 0 0.329444 0
2 1 0 27.9477 0.1 135.998 -1.46646 -3.46477 -1.46646 -3.46477 1.00029 0 0.329383 0
2 1 0 27.9478 0.1 135.998 -1.46684 -3.46976 -1.46684 -3.46976 1.00043 0 0.329313 0
2 1 0 27.9479 0.1 135.998 -1.46721 -3.47474 -1.46721 -3.47474 1.00058 0 0.329236 0
2 1 0 27.9481 0.1 135.998 -1.46759 -3.47973 -1.46759 -3.47973 1.00076 0 0.329149 0
2 1 0 27.9482 0.1 135.998 -1.46795 -3.48471 -1.46795 -3.48471 1.00097 0 0.329054 0
2 1 0 27.9485 0.1 135.998 -1.46832 -3.48969 -1.46832 -3.48969 1.00119 0 0.328949 0
2 1 0 27.9487 0.1 135.998 -1.46869 -3.49467 -1.46869 -3.49467 1.00145 0 0.328833 0
2 1 0 27.949 0.1 135.998 -1.46905 -3.49965 -1.46905 -3.49965 1.00173 0 0.328707 0
2 1 0 27.9494 0.1 135.998 -1.46941 -3.50462 -1.46941 -3.50462 1.00205 0 0.32857 0
2 1 0 27.9498 0.1 135.998 -1.46977 -3.5096 -1.46977 -3.5096 1.00239 0 0.328422 0
2 1 0 27.9502 0.1 135.998 -1.47012 -3.51456 -1.47012 -3.51456 1.00276 0 0.328261 0
2 1 0 27.9507 0.1 135.998 -1.47048 -3.51952 -1.47048 -3.51952 1.00317 0 0.328089 0
2 1 0 27.9513 0.1 135.998 -1.47083 -3.52448 -1.47083 -3.52448 1.00362 0 0.327903 0
2 1 0 27.9519 0.1 135.998 -1.47118 -3.52943 -1.47118 -3.52943 1.00409 0 0.327705 0
2 1 0 27.9526 0.1 135.998 -1.47153 -3.53437 -1.47153 -3.53437 1.00461 0 0.327494 0
2 1 0 27.9534 0.1 135.998 -1.47188 -3.5393 -1.47188 -3.5393 1.00516 0 0.32727 0
2 1 0 27.9542 0.1 135.998 -1.47222 -3.54422 -1.47222 -3.54422 1.00575 0 0.327032 0
2 1 0 27.9551 0.1 135.998 -1.47256 -3.54913 -1.47256 -3.54913 1.00637 0 0.32678 0
2 1 0 27.956 0.1 135.998 -1.47291 -3.55403 -1.47291 -3.55403 1.00704 0 0.326514 0
2 1 0 27.9571 0.1 135.998 -1.47325 -3.55891 -1.47325 -3.55891 1.00774 0 0.326235 0
2 1 0 27.9582 0.1 135.998 -1.47359 -3.56377 -1.47359 -3.56377 1.00848 0 0.325941 0
2 1 0 27.9593 0.1 135.998 -1.47392 -3.56862 -1.47392 -3.56862 1.00927 0 0.325634 0
2 1 0 27.9606 0.1 135.998 -1.47426 -3.57345 -1.47426 -3.57345 1.01009 0 0.325313 0
2 1 0 27.9619 0.1 135.998 -1.47459 -3.57825 -1.47459 -3.57825 1.01095 0 0.324978 0
2 1 0 27.9634 0.1 135.998 -1.47492 -3.58303 -1.47492 -3.58303 1.01185 0 0.32463 0
2 1 0 27.9649 0.1 135.998 -1.47525 -3.58779 -1.47525 -3.58779 1.01278 0 0.324268 0
2 1 0 27.9664 0.1 135.998 -1.47558 -3.59253 -1.47558 -3.59253 1.01376 0 0.323894 0
2 1 0 27.9681 0.1 135.998 -1.47591 -3.59723 -1.47591 -3.59723 1.01477 0 0.323507 0
2 1 0 27.9698 0.1 135.998 -1.47623 -3.60191 -1.47623 -3.60191 1.01582 0 0.323108 0
2 1 0 27.9717 0.1 135.998 -1.47656 -3.60655 -1.47656 -3.60655 1.0169 0 0.322697 0
2 1 0 27.9736 0.1 135.998 -1.47688 -3.61116 -1.47688 -3.61116 1.01802 0 0.322274 0
2 1 0 27.9756 0.1 135.998 -1.4772 -3.61574 -1.4772 -3.61574 1.01917 0 0.321841 0
2 1 0 27.9776 0.1 135.998 -1.47751 -3.62028 -1.47751 -3.62028 1.02035 0 0.321397 0
2 1 0 27.9798 0.1 135.998 -1.47783 -3.62478 -1.47783 -3.62478 1.02157 0 0.320943 0
2 1 0 27.982 0.1 135.998 -1.47814 -3.62925 -1.47814 -3.62925 1.02281 0 0.32048 0
2 1 0 27.9843 0.1 135.998 -1.47845 -3.63367 -1.47845 -3.63367 1.02408 0 0.320008 0
2 1 0 27.9867 0.1 135.998 -1.47876 -3.63806 -1.47876 -3.63806 1.02537 0 0.319528 0
2 1 0 27.9892 0.1 135.998 -1.47907 -3.6424 -1.47907 -3.6424 1.0267 0 0.31904 0
2 1 0 27.9917 0.1 135.998 -1.47937 -3.6467 -1.47937 -3.6467 1.02804 0 0.318545 0
2 1 0 27.9943 0.1 135.998 -1.47968 -3.65096 -1.47968 -3.65096 1.02941 0 0.318043 0
2 1 0 27.997 0.1 135.998 -1.47998 -3.65518 -1.47998 -3.65518 1.03079 0 0.317536 0
2 1 0 27.9997 0.1 135.998 -1.48028 -3.65935 -1.48028 -3.65935 1.0322 0 0.317023 0
2 1 0 28.0025 0.1 135.998 -1.48057 -3.66347 -1.48057 -3.66347 1.03362 0 0.316506 0
2 1 0 28.0054 0.1 135.998 -1.48087 -3.66756 -1.48087 -3.66756 1.03506 0 0.315984 0
2 1 0 28.0083 0.1 135.998 -1.48116 -3.67159 -1.48116 -3.67159 1.03651 0 0.315458 0
2 1 0 28.0113 0.1 135.998 -1.48145 -3.67559 -1.48145 -3.67559 1.03798 0 0.314929 0
2 1 0 28.0144 0.1 135.998 -1.48174 -3.67953 -1.48174 -3.67953 1.03946 0 0.314397 0
2 1 0 28.0175 0.1 135.998 -1.48202 -3.68343 -1.48202 -3.68343 1.04094 0 0.313863 0
2 1 0 28.0206 0.1 135.998 -1.48231 -3.68729 -1.48231 -3.68729 1.04244 0 0.313327 0
2 1 0 28.0239 0.1 135.998 -1.48259 -3.69111 -1.48259 -3.69111 1.04395 0 0.31279 0
2 1 0 28.0271 0.1 135.998 -1.48287 -3.69488 -1.48287 -3.69488 1.04546 0 0.312251 0
2 1 0 28.0305 0.1 135.998 -1.48315 -3.6986 -1.48315 -3.6986 1.04697 0 0.311712 0
2 1 0 28.0338 0.1 135.998 -1.48342 -3.70228 -1.48342 -3.70228 1.0485 0 0.311173 0
2 1 0 28.0373 0.1 135.998 -1.4837 -3.70592 -1.4837 -3.70592 1.05002 0 0.310633 0
2 1 0 28.0407 0.1 135.998 -1.48397 -3.70952 -1.48397 -3.70952 1.05155 0 0.310094 0
2 1 0 28.0442 0.1 135.998 -1.48424 -3.71307 -1.48424 -3.71307 1.05308 0 0.309556 0
2 1 0 28.0478 0.1 135.998 -1.48451 -3.71659 -1.48451 -3.71659 1.05461 0 0.309019 0
2 1 0 28.0514 0.1 135.998 -1.48478 -3.72006 -1.48478 -3.72006 1.05614 0 0.308482 0
2 1 0 28.055 0.1 135.998 -1.48504 -3.7235 -1.48504 -3.7235 1.05767 0 0.307948 0
2 1 0 28.0586 0.1 135.998 -1.4853 -3.72689 -1.4853 -3.72689 1.05919 0 0.307415 0
2 1 0 28.0623 0.1 135.998 -1.48557 -3.73024 -1.48557 -3.73024 1.06072 0 0.306884 0
2 1 0 28.0661 0.1 135.998 -1.48583 -3.73356 -1.48583 -3.73356 1.06224 0 0.306355 0
2 1 0 28.0698 0.1 135.998 -1.48608 -3.73684 -1.48608 -3.73684 1.06376 0 0.305828 0
2 1 0 28.0736 0.1 135.998 -1.48634 -3.74008 -1.48634 -3.74008 1.06527 0 0.305304 0
2 1 0 28.0775 0.1 135.998 -1.4866 -3.74329 -1.4866 -3.74329 1.06678 0 0.304782 0
2 1 0 28.0813 0.1 135.998 -1.48685 -3.74646 -1.48685 -3.74646 1.06828 0 0.304263 0
2 1 0 28.0852 0.1 135.998 -1.4871 -3.7496 -1.4871 -3.7496 1.06978 0 0.303747 0
2 1 0 28.0891 0.1 135.998 -1.48735 -3.7527 -1.48735 -3.7527 1.07127 0 0.303234 0
2 1 0 28.0931 0.1 135.998 -1.4876 -3.75577 -1.4876 -3.75577 1.07276 0 0.302724 0
2 1 0 28.097 0.1 135.998 -1.48785 -3.7588 -1.48785 -3.7588 1.07424 0 0.302217 0
2 1 0 28.101 0.1 135.998 -1.4881 -3.76181 -1.4881 -3.76181 1.07571 0 0.301714 0
2 1 0 28.105 0.1 135.998 -1.48834 -3.76478 -1.48834 -3.76478 1.07717 0 0.301214 0
2 1 0 28.1091 0.1 135.998 -1.48858 -3.76772 -1.48858 -3.76772 1.07863 0 0.300717 0
2 1 0 28.1131 0.1 135.998 -1.48883 -3.77063 -1.48883 -3.77063 1.08007 0 0.300224 0
2 1 0 28.1172 0.1 135.998 -1.48907 -3.77351 -1.48907 -3.77351 1.08151 0 0.299735 0
2 1 0 28.1213 0.1 135.998 -1.48931 -3.77636 -1.48931 -3.77636 1.08294 0 0.299249 0
2 1 0 28.1254 0.1 135.998 -1.48955 -3.77919 -1.48955 -3.77919 1.08436 0 0.298766 0
2 1 0 28.1296 0.1 135.998 -1.48978 -3.78198 -1.48978 -3.78198 1.08578 0 0.298288 0
2 1 0 28.1337 0.1 135.998 -1.49002 -3.78475 -1.49002 -3.78475 1.08718 0 0.297813 0
2 1 0 28.1379 0.1 135.998 -1.49026 -3.78749 -1.49026 -3.78749 1.08857 0 0.297342 0
2 1 0 28.1421 0.1 135.998 -1.49049 -3.79021 -1.49049 -3.79021 1.08995 0 0.296874 0
2 1 0 28.1463 0.1 135.998 -1.49072 -3.7929 -1.49072 -3.7929 1.09133 0 0.296411 0
2 1 0 28.1505 0.1 135.998 -1.49096 -3.79556 -1.49096 -3.79556 1.09269 0 0.295951 0
2 1 0 28.1548 0.1 135.998 -1.49119 -3.7982 -1.49119 -3.7982 1.09404 0 0.295495 0
2 1 0 28.159 0.1 135.998 -1.49142 -3.80082 -1.49142 -3.80082 1.09539 0 0.295043 0
2 1 0 28.1633 0.1 135.998 -1.49165 -3.80341 -1.49165 -3.80341 1.09672 0 0.294595 0
2 1 0 28.1676 0.1 135.998 -1.49188 -3.80598 -1.49188 -3.80598 1.09804 0 0.294151 0
2 1 0 28.1719 0.1 135.998 -1.4921 -3.80852 -1.4921 -3.80852 1.09935 0 0.29371 0
2 1 0 28.1762 0.1 135.998 -1.49233 -3.81105 -1.49233 -3.81105 1.10065 0 0.293274 0
2 1 0 28.1805 0.1 135.998 -1.49256 -3.81355 -1.49256 -3.81355 1.10194 0 0.292841 0
2 1 0 28.1848 0.1 135.998 -1.49278 -3.81603 -1.49278 -3.81603 1.10322 0 0.292412 0
2 1 0 28.1892 0.1 135.998 -1.49301 -3.81849 -1.49301 -3.81849 1.10449 0 0.291987 0
2 1 0 28.1935 0.1 135.998 -1.49323 -3.82092 -1.49323 -3.82092 1.10575 0 0.291566 0
2 1 0 28.1979 0.1 135.998 -1.49345 -3.82334 -1.49345 -3.82334 1.10699 0 0.291148 0
2 1 0 28.2023 0.1 135.998 -1.49367 -3.82574 -1.49367 -3.82574 1.10823 0 0.290735 0
2 1 0 28.2067 0.1 135.998 -1.4939 -3.82812 -1.4939 -3.82812 1.10945 0 0.290325 0
2 1 0 28.2111 0.1 135.998 -1.49412 -3.83048 -1.49412 -3.83048 1.11067 0 0.289919 0
2 1 0 28.2155 0.1 135.998 -1.49434 -3.83282 -1.49434 -3.83282 1.11187 0 0.289517 0
2 1 0 28.2199 0.1 135.998 -1.49456 -3.83514 -1.49456 -3.83514 1.11306 0 0.289118 0
2 1 0 28.2244 0.1 135.998 -1.49477 -3.83744 -1.49477 -3.83744 1.11424 0 0.288723 0
2 1 0 28.2288 0.1 135.998 -1.49499 -3.83973 -1.49499 -3.83973 1.11541 0 0.288332 0
2 1 0 28.2332 0.1 135.998 -1.49521 -3.842 -1.49521 -3.842 1.11657 0 0.287945 0
2 1 0 28.2377 0.1 135.998 -1.49543 -3.84425 -1.49543 -3.84425 1.11771 0 0.287561 0
2 1 0 28.2422 0.1 135.998 -1.49564 -3.84648 -1.49564 -3.84648 1.11885 0 0.287181 0
2 1 0 28.2467 0.1 135.998 -1.49586 -3.8487 -1.49586 -3.8487 1.11997 0 0.286805 0
2 1 0 28.2511 0.1 135.998 -1.49607 -3.8509 -1.49607 -3.8509 1.12108 0 0.286432 0
2 1 0 28.2556 0.1 135.998 -1.49629 -3.85309 -1.49629 -3.85309 1.12218 0 0.286063 0
2 1 0 28.2601 0.1 135.998 -1.4965 -3.85526 -1.4965 -3.85526 1.12327 0 0.285697 0
2 1 0 28.2646 0.1 135.998 -1.49672 -3.85741 -1.49672 -3.85741 1.12435 0 0.285335 0
2 1 0 28.2691 0.1 135.998 -1.49693 -3.85955 -1.49693 -3.85955 1.12542 0 0.284976 0
2 1 0 28.2737 0.1 135.998 -1.49714 -3.86168 -1.49714 -3.86168 1.12648 0 0.284621 0
2 1 0 28.2782 0.1 135.998 -1.49736 -3.86379 -1.49736 -3.86379 1.12752 0 0.28427 0
2 1 0 28.2827 0.1 135.998 -1.49757 -3.86589 -1.49757 -3.86589 1.12856 0 0.283922 0
2 1 0 28.2873 0.1 135.998 -1.49778 -3.86797 -1.49778 -3.86797 1.12958 0 0.283577 0
2 1 0 28.2918 0.1 135.998 -1.49799 -3.87003 -1.49799 -3.87003 1.13059 0 0.283236 0
2 1 0 28.2964 0.1 135.998 -1.4982 -3.87209 -1.4982 -3.87209 1.13159 0 0.282898 0
2 1 0 28.3009 0.1 135.998 -1.49841 -3.87413 -1.49841 -3.87413 1.13258 0 0.282564 0
2 1 0 28.3055 0.1 135.998 -1.49862 -3.87616 -1.49862 -3.87616 1.13356 0 0.282233 0
2 1 0 28.3101 0.1 135.998 -1.49883 -3.87817 -1.49883 -3.87817 1.13453 0 0.281905 0
2 1 0 28.3146 0.1 135.998 -1.49904 -3.88017 -1.49904 -3.88017 1.13549 0 0.281581 0
2 1 0 28.3192 0.1 135.998 -1.49925 -3.88216 -1.49925 -3.88216 1.13643 0 0.281259 0
2 1 0 28.3238 0.1 135.998 -1.49946 -3.88414 -1.49946 -3.88414 1.13736 0 0.280942 0
2 1 0 28.3284 0.1 135.998 -1.49966 -3.8861 -1.49966 -3.8861 1.13829 0 0.280627 0
2 1 0 28.333 0.1 135.998 -1.49987 -3.88805 -1.49987 -3.88805 1.1392 0 0.280316 0
2 1 0 28.3376 0.1 135.998 -1.50008 -3.88999 -1.50008 -3.88999 1.1401 0 0.280008 0
2 1 0 28.3422 0.1 135.998 -1.50029 -3.89192 -1.50029 -3.89192 1.14099 0 0.279703 0
2 1 0 28.3468 0.1 135.998 -1.50049 -3.89384 -1.50049 -3.89384 1.14187 0 0.279401 0
2 1 0 28.3515 0.1 135.998 -1.5007 -3.89575 -1.5007 -3.89575 1.14274 0 0.279102 0
2 1 0 28.3561 0.1 135.998 -1.50091 -3.89764 -1.50091 -3.89764 1.1436 0 0.278807 0
2 1 0 28.3607 0.1 135.998 -1.50111 -3.89952 -1.50111 -3.89952 1.14444 0 0.278514 0
2 1 0 28.3653 0.1 135.998 -1.50132 -3.9014 -1.50132 -3.9014 1.14528 0 0.278225 0
2 1 0 28.37 0.1 135.998 -1.50152 -3.90326 -1.50152 -3.90326 1.1461 0 0.277939 0
2 1 0 28.3746 0.1 135.998 -1.50173 -3.90511 -1.50173 -3.90511 1.14692 0 0.277655 0
2 1 0 28.3793 0.1 135.998 -1.50193 -3.90695 -1.50193 -3.90695 1.14772 0 0.277375 0
2 1 0 28.3839 0.1 135.998 -1.50214 -3.90878 -1.50214 -3.90878 1.14851 0 0.277098 0
2 1 0 28.3886 0.1 135.998 -1.50234 -3.9106 -1.50234 -3.9106 1.14929 0 0.276824 0
2 1 0 28.3932 0.1 135.998 -1.50255 -3.91241 -1.50255 -3.91241 1.15006 0 0.276553 0
2 1 0 28.3979 0.1 135.998 -1.50275 -3.91421 -1.50275 -3.91421 1.15082 0 0.276284 0
2 1 0 28.4025 0.1 135.998 -1.50296 -3.916 -1.50296 -3.916 1.15157 0 0.276019 0
2 1 0 28.4072 0.1 135.998 -1.50316 -3.91779 -1.50316 -3.91779 1.15231 0 0.275756 0
2 1 0 28.4119 0.1 135.998 -1.50336 -3.91956 -1.50336 -3.91956 1.15304 0 0.275497 0
2 1 0 28.4165 0.1 135.998 -1.50357 -3.92132 -1.50357 -3.92132 1.15375 0 0.27524 0
2 1 0 28.4212 0.1 135.998 -1.50377 -3.92307 -1.50377 -3.92307 1.15446 0 0.274987 0
2 1 0 28.4259 0.1 135.998 -1.50397 -3.92482 -1.50397 -3.92482 1.15516 0 0.274736 0
2 1 0 28.4306 0.1 135.998 -1.50418 -3.92655 -1.50418 -3.92655 1.15584 0 0.274487 0
2 1 0 28.4353 0.1 135.998 -1.50438 -3.92828 -1.50438 -3.92828 1.15652 0 0.274242 0
2 1 0 28.44 0.1 135.998 -1.50458 -3.93 -1.50458 -3.93 1.15718 0 0.274 0
2 1 0 28.4447 0.1 135.998 -1.50479 -3.93171 -1.50479 -3.93171 1.15783 0 0.27376 0
2 1 0 28.4494 0.1 135.998 -1.50499 -3.93341 -1.50499 -3.93341 1.15847 0 0.273523 0
2 1 0 28.4541 0.1 135.998 -1.50519 -3.9351 -1.50519 -3.9351 1.15911 0 0.273289 0
2 1 0 28.4588 0.1 135.998 -1.5054 -3.93679 -1.5054 -3.93679 1.15973 0 0.273058 0
2 1 0 28.4635 0.1 135.998 -1.5056 -3.93846 -1.5056 -3.93846 1.16034 0 0.272829 0
2 1 0 28.4682 0.1 135.998 -1.5058 -3.94013 -1.5058 -3.94013 1.16094 0 0.272603 0
2 1 0 28.4729 0.1 135.998 -1.506 -3.94179 -1.506 -3.94179 1.16153 0 0.27238 0
2 1 0 28.4776 0.1 135.998 -1.50621 -3.94344 -1.50621 -3.94344 1.16211 0 0.272159 0
2 1 0 28.4823 0.1 135.998 -1.50641 -3.94509 -1.50641 -3.94509 1.16268 0 0.271941 0
2 1 0 28.487 0.1 135.998 -1.50661 -3.94672 -1.50661 -3.94672 1.16324 0 0.271726 0
2 1 0 28.4918 0.1 135.998 -1.50681 -3.94835 -1.50681 -3.94835 1.16378 0 0.271513 0
2 1 0 28.4965 0.1 135.998 -1.50702 -3.94997 -1.50702 -3.94997 1.16432 0 0.271303 0
2 1 0 28.5012 0.1 135.998 -1.50722 -3.95159 -1.50722 -3.95159 1.16485 0 0.271096 0
2 1 0 28.506 0.1 135.998 -1.50742 -3.95319 -1.50742 -3.95319 1.16536 0 0.270891 0
2 1 0 28.5107 0.1 135.998 -1.50762 -3.95479 -1.50762 -3.95479 1.16587 0 0.270689 0
2 1 0 28.5154 0.1 135.998 -1.50782 -3.95639 -1.50782 -3.95639 1.16636 0 0.27049 0
2 1 0 28.5202 0.1 135.998 -1.50803 -3.95797 -1.50803 -3.95797 1.16685 0 0.270293 0
2 1 0 28.5249 0.1 135.998 -1.50823 -3.95955 -1.50823 -3.95955 1.16732 0 0.270098 0
2 1 0 28.5296 0.1 135.998 -1.50843 -3.96112 -1.50843 -3.96112 1.16779 0 0.269906 0
2 1 0 28.5344 0.1 135.998 -1.50863 -3.96268 -1.50863 -3.96268 1.16824 0 0.269717 0
2 1 0 28.5391 0.1 135.998 -1.50884 -3.96424 -1.50884 -3.96424 1.16869 0 0.26953 0
2 1 0 28.5439 0.1 135.998 -1.50904 -3.96579 -1.50904 -3.96579 1.16912 0 0.269346 0
2 1 0 28.5486 0.1 135.998 -1.50924 -3.96734 -1.50924 -3.96734 1.16954 0 0.269165 0
2 1 0 28.5534 0.1 135.998 -1.50944 -3.96887 -1.50944 -3.96887 1.16995 0 0.268985 0
2 1 0 28.5581 0.1 135.998 -1.50965 -3.9704 -1.50965 -3.9704 1.17036 0 0.268809 0
2 1 0 28.5629 0.1 135.998 -1.50985 -3.97193 -1.50985 -3.97193 1.17075 0 0.268635 0
2 1 0 28.5677 0.1 135.998 -1.51005 -3.97345 -1.51005 -3.97345 1.17113 0 0.268463 0
2 1 0 28.5724 0.1 135.998 -1.51025 -3.97496 -1.51025 -3.97496 1.1715 0 0.268294 0
2 1 0 28.5772 0.1 135.998 -1.51046 -3.97646 -1.51046 -3.97646 1.17186 0 0.268127 0
2 1 0 28.582 0.1 135.998 -1.51066 -3.97796 -1.51066 -3.97796 1.17221 0 0.267963 0
2 1 0 28.5867 0.1 135.998 -1.51086 -3.97946 -1.51086 -3.97946 1.17255 0 0.267801 0
2 1 0 28.5915 0.1 135.998 -1.51107 -3.98094 -1.51107 -3.98094 1.17288 0 0.267642 0
2 1 0 28.5963 0.1 135.998 -1.51127 -3.98242 -1.51127 -3.98242 1.17319 0 0.267485 0
2 1 0 28.601 0.1 135.998 -1.51147 -3.9839 -1.51147 -3.9839 1.1735 0 0.267331 0
2 1 0 28.6058 0.1 135.998 -1.51168 -3.98537 -1.51168 -3.98537 1.1738 0 0.267179 0
2 1 0 28.6106 0.1 135.998 -1.51188 -3.98683 -1.51188 -3.98683 1.17409 0 0.26703 0
2 1 0 28.6154 0.1 135.998 -1.51209 -3.98829 -1.51209 -3.98829 1.17436 0 0.266883 0
2 1 0 28.6201 0.1 135.998 -1.51229 -3.98974 -1.51229 -3.98974 1.17463 0 0.266738 0
2 1 0 28.6249 0.1 135.998 -1.51249 -3.99119 -1.51249 -3.99119 1.17488 0 0.266596 0
2 1 0 28.6297 0.1 135.998 -1.5127 -3.99263 -1.5127 -3.99263 1.17513 0 0.266456 0
2 1 0 28.6345 0.1 135.998 -1.5129 -3.99406 -1.5129 -3.99406 1.17536 0 0.266319 0
2 1 0 28.6393 0.1 135.998 -1.51311 -3.99549 -1.51311 -3.99549 1.17559 0 0.266184 0
2 1 0 28.6441 0.1 135.998 -1.51331 -3.99691 -1.51331 -3.99691 1.1758 0 0.266052 0
2 1 0 28.6489 0.1 135.998 -1.51352 -3.99833 -1.51352 -3.99833 1.176 0 0.265922 0
2 1 0 28.6537 0.1 135.998 -1.51372 -3.99975 -1.51372 -3.99975 1.1762 0 0.265794 0
2 1 0 28.6584 0.1 135.998 -1.51393 -4.00115 -1.51393 -4.00115 1.17638 0 0.265669 0
2 1 0 28.6632 0.1 135.998 -1.51413 -4.00256 -1.51413 -4.00256 1.17655 0 0.265546 0
2 1 0 28.668 0.1 135.998 -1.51434 -4.00395 -1.51434 -4.00395 1.17671 0 0.265426 0
2 1 0 28.6728 0.1 135.998 -1.51455 -4.00534 -1.51455 -4.00534 1.17686 0 0.265308 0
2 1 0 28.6776 0.1 135.998 -1.51475 -4.00673 -1.51475 -4.00673 1.177 0 0.265192 0
2 1 0 28.6824 0.1 135.998 -1.51496 -4.00811 -1.51496 -4.00811 1.17712 0 0.265079 0
2 1 0 28.6872 0.1 135.998 -1.51516 -4.00949 -1.51516 -4.00949 1.17724 0 0.264969 0
2 1 0 28.692 0.1 135.998 -1.51537 -4.01086 -1.51537 -4.01086 1.17735 0 0.264861 0
2 1 0 28.6968 0.1 135.998 -1.51558 -4.01223 -1.51558 -4.01223 1.17744 0 0.264755 0
2 1 0 28.7017 0.1 135.998 -1.51579 -4.01359 -1.51579 -4.01359 1.17753 0 0.264651 0
2 1 0 28.7065 0.1 135.998 -1.51599 -4.01495 -1.51599 -4.01495 1.1776 0 0.264551 0
2 1 0 28.7113 0.1 135.998 -1.5162 -4.0163 -1.5162 -4.0163 1.17766 0 0.264452 0
2 1 0 28.7161 0.1 135.998 -1.51641 -4.01764 -1.51641 -4.01764 1.17772 0 0.264356 0
2 1 0 28.7209 0.1 135.998 -1.51662 -4.01899 -1.51662 -4.01899 1.17776 0 0.264262 0
2 1 0 28.7257 0.1 135.998 -1.51683 -4.02032 -1.51683 -4.02032 1.17779 0 0.264171 0
2 1 0 28.7305 0.1 135.998 -1.51704 -4.02166 -1.51704 -4.02166 1.1778 0 0.264083 0
2 1 0 28.7353 0.1 135.998 -1.51725 -4.02298 -1.51725 -4.02298 1.17781 0 0.263996 0
2 1 0 28.7402 0.1 135.998 -1.51746 -4.02431 -1.51746 -4.02431 1.17781 0 0.263913 0
2 1 0 28.745 0.1 135.998 -1.51767 -4.02563 -1.51767 -4.02563 1.17779 0 0.263832 0
2 1 0 28.7498 0.1 135.998 -1.51788 -4.02694 -1.51788 -4.02694 1.17777 0 0.263753 0
2 1 0 28.7546 0.1 135.998 -1.51809 -4.02825 -1.51809 -4.02825 1.17773 0 0.263676 0
2 1 0 28.7594 0.1 135.998 -1.5183 -4.02956 -1.5183 -4.02956 1.17768 0 0.263603 0
2 1 0 28.7643 0.1 135.998 -1.51851 -4.03086 -1.51851 -4.03086 1.17762 0 0.263531 0
2 1 0 28.7691 0.1 135.998 -1.51872 -4.03215 -1.51872 -4.03215 1.17755 0 0.263463 0
2 1 0 28.7739 0.1 135.998 -1.51894 -4.03344 -1.51894 -4.03344 1.17746 0 0.263397 0
2 1 0 28.7787 0.1 135.998 -1.51915 -4.03473 -1.51915 -4.03473 1.17737 0 0.263333 0
2 1 0 28.7836 0.1 135.998 -1.51936 -4.03601 -1.51936 -4.03601 1.17726 0 0.263272 0
2 1 0 28.7884 0.1 135.998 -1.51958 -4.03729 -1.51958 -4.03729 1.17714 0 0.263213 0
2 1 0 28.7932 0.1 135.998 -1.51979 -4.03857 -1.51979 -4.03857 1.17701 0 0.263157 0
2 1 0 28.7981 0.1 135.998 -1.52001 -4.03984 -1.52001 -4.03984 1.17687 0 0.263104 0
2 1 0 28.8029 0.1 135.998 -1.52022 -4.0411 -1.52022 -4.0411 1.17672 0 0.263053 0
2 1 0 28.8077 0.1 135.998 -1.52044 -4.04236 -1.52044 -4.04236 1.17655 0 0.263005 0
2 1 0 28.8126 0.1 135.998 -1.52065 -4.04362 -1.52065 -4.04362 1.17637 0 0.26296 0
2 1 0 28.8174 0.1 135.998 -1.52087 -4.04488 -1.52087 -4.04488 1.17618 0 0.262917 0
2 1 0 28.8222 0.1 135.998 -1.52109 -4.04612 -1.52109 -4.04612 1.17598 0 0.262877 0
2 1 0 28.8271 0.1 135.998 -1.5213 -4.04737 -1.5213 -4.04737 1.17576 0 0.26284 0
2 1 0 28.8319 0.1 135.998 -1.52152 -4.04861 -1.52152 -4.04861 1.17553 0 0.262805 0
2 1 0 28.8367 0.1 135.998 -1.52174 -4.04985 -1.52174 -4.04985 1.17529 0 0.262773 0
2 1 0 28.8416 0.1 135.998 -1.52196 -4.05108 -1.52196 -4.05108 1.17504 0 0.262744 0
2 1 0 28.8464 0.1 135.998 -1.52218 -4.05231 -1.52218 -4.05231 1.17477 0 0.262717 0
2 1 0 28.8513 0.1 135.998 -1.5224 -4.05353 -1.5224 -4.05353 1.1745 0 0.262694 0
2 1 0 28.8561 0.1 135.998 -1.52262 -4.05475 -1.52262 -4.05475 1.1742 0 0.262673 0
2 1 0 28.861 0.1 135.998 -1.52284 -4.05597 -1.52284 -4.05597 1.1739 0 0.262655 0
2 1 0 28.8658 0.1 135.998 -1.52306 -4.05718 -1.52306 -4.05718 1.17358 0 0.26264 0
2 1 0 28.8706 0.1 135.998 -1.52328 -4.05839 -1.52328 -4.05839 1.17325 0 0.262628 0
2 1 0 28.8755 0.1 135.998 -1.52351 -4.0596 -1.52351 -4.0596 1.1729 0 0.262619 0
2 1 0 28.8803 0.1 135.998 -1.52373 -4.0608 -1.52373 -4.0608 1.17255 0 0.262612 0
2 1 0 28.8852 0.1 135.998 -1.52395 -4.062 -1.52395 -4.062 1.17217 0 0.262609 0
2 1 0 28.89 0.1 135.998 -1.52418 -4.06319 -1.52418 -4.06319 1.17179 0 0.262609 0
2 1 0 28.8949 0.1 135.998 -1.52441 -4.06438 -1.52441 -4.06438 1.17139 0 0.262612 0
2 1 0 28.8997 0.1 135.998 -1.52463 -4.06556 -1.52463 -4.06556 1.17097 0 0.262618 0
2 1 0 28.9046 0.1 135.998 -1.52486 -4.06675 -1.52486 -4.06675 1.17054 0 0.262627 0
2 1 0 28.9095 0.1 135.998 -1.52509 -4.06792 -1.52509 -4.06792 1.1701 0 0.262639 0
2 1 0 28.9143 0.1 135.998 -1.52532 -4.0691 -1.52532 -4.0691 1.16964 0 0.262655 0
2 1 0 28.9192 0.1 135.998 -1.52554 -4.07027 -1.52554 -4.07027 1.16917 0 0.262673 0
2 1 0 28.924 0.1 135.998 -1.52577 -4.07144 -1.52577 -4.07144 1.16868 0 0.262695 0
2 1 0 28.9289 0.1 135.998 -1.52601 -4.0726 -1.52601 -4.0726 1.16818 0 0.262721 0
2 1 0 28.9337 0.1 135.998 -1.52624 -4.07376 -1.52624 -4.07376 1.16766 0 0.262749 0
2 1 0 28.9386 0.1 135.998 -1.52647 -4.07492 -1.52647 -4.07492 1.16713 0 0.262782 0
2 1 0 28.9435 0.1 135.998 -1.5267 -4.07607 -1.5267 -4.07607 1.16658 0 0.262817 0
2 1 0 28.9483 0.1 135.998 -1.52694 -4.07722 -1.52694 -4.07722 1.16601 0 0.262857 0
2 1 0 28.9532 0.1 135.998 -1.52717 -4.07836 -1.52717 -4.07836 1.16543 0 0.262899 0
2 1 0 28.958 0.1 135.998 -1.52741 -4.0795 -1.52741 -4.0795 1.16483 0 0.262946 0
2 1 0 28.9629 0.1 135.998 -1.52765 -4.08064 -1.52765 -4.08064 1.16421 0 0.262996 0
2 1 0 28.9678 0.1 135.998 -1.52789 -4.08178 -1.52789 -4.08178 1.16358 0 0.26305 0
2 1 0 28.9726 0.1 135.998 -1.52812 -4.08291 -1.52812 -4.08291 1.16293 0 0.263108 0
2 1 0 28.9775 0.1 135.998 -1.52836 -4.08403 -1.52836 -4.08403 1.16226 0 0.26317 0
2 1 0 28.9824 0.1 135.998 -1.52861 -4.08516 -1.52861 -4.08516 1.16157 0 0.263236 0
2 1 0 28.9872 0.1 135.998 -1.52885 -4.08628 -1.52885 -4.08628 1.16087 0 0.263306 0
2 1 0 28.9921 0.1 135.998 -1.52909 -4.08739 -1.52909 -4.08739 1.16015 0 0.26338 0
2 1 0 28.997 0.1 135.998 -1.52934 -4.08851 -1.52934 -4.08851 1.15941 0 0.263458 0
2 1 0 29.0018 0.1 135.998 -1.52958 -4.08962 -1.52958 -4.08962 1.15865 0 0.263541 0
2 1 0 29.0067 0.1 135.998 -1.52983 -4.09072 -1.52983 -4.09072 1.15786 0 0.263628 0
2 1 0 29.0116 0.1 135.998 -1.53008 -4.09183 -1.53008 -4.09183 1.15706 0 0.26372 0
2 1 0 29.0164 0.1 135.998 -1.53033 -4.09292 -1.53033 -4.09292 1.15624 0 0.263816 0
2 1 0 29.0213 0.1 135.998 -1.53058 -4.09402 -1.53058 -4.09402 1.1554 0 0.263917 0
2 1 0 29.0262 0.1 135.998 -1.53083 -4.09511 -1.53083 -4.09511 1.15454 0 0.264023 0
2 1 0 29.0311 0.1 135.998 -1.53108 -4.0962 -1.53108 -4.0962 1.15365 0 0.264133 0
2 1 0 29.0359 0.1 135.998 -1.53134 -4.09729 -1.53134 -4.09729 1.15274 0 0.264249 0
2 1 0 29.0408 0.1 135.998 -1.53159 -4.09837 -1.53159 -4.09837 1.15181 0 0.264371 0
2 1 0 29.0457 0.1 135.998 -1.53185 -4.09945 -1.53185 -4.09945 1.15086 0 0.264497 0
2 1 0 29.0506 0.1 135.998 -1.53211 -4.10052 -1.53211 -4.10052 1.14988 0 0.264629 0
2 1 0 29.0554 0.1 135.998 -1.53237 -4.10159 -1.53237 -4.10159 1.14888 0 0.264767 0
2 1 0 29.0603 0.1 135.998 -1.53264 -4.10266 -1.53264 -4.10266 1.14785 0 0.264911 0
2 1 0 29.0652 0.1 135.998 -1.5329 -4.10373 -1.5329 -4.10373 1.14679 0 0.26506 0
2 1 0 29.0701 0.1 135.998 -1.53317 -4.10479 -1.53317 -4.10479 1.14571 0 0.265216 0
2 1 0 29.075 0.1 135.998 -1.53344 -4.10584 -1.53344 -4.10584 1.14461 0 0.265378 0
2 1 0 29.0798 0.1 135.998 -1.53371 -4.1069 -1.53371 -4.1069 1.14347 0 0.265547 0
2 1 0 29.0847 0.1 135.998 -1.53398 -4.10795 -1.53398 -4.10795 1.1423 0 0.265723 0
2 1 0 29.0896 0.1 135.998 -1.53425 -4.109 -1.53425 -4.109 1.14111 0 0.265906 0
2 1 0 29.0945 0.1 135.998 -1.53453 -4.11004 -1.53453 -4.11004 1.13988 0 0.266096 0
2 1 0 29.0994 0.1 135.998 -1.53481 -4.11108 -1.53481 -4.11108 1.13862 0 0.266294 0
2 1 0 29.1042 0.1 135.998 -1.53509 -4.11212 -1.53509 -4.11212 1.13733 0 0.2665 0
2 1 0 29.1091 0.1 135.998 -1.53537 -4.11315 -1.53537 -4.11315 1.136 0 0.266714 0
2 1 0 29.114 0.1 135.998 -1.53566 -4.11418 -1.53566 -4.11418 1.13464 0 0.266937 0
2 1 0 29.1189 0.1 135.998 -1.53595 -4.11521 -1.53595 -4.11521 1.13323 0 0.267168 0
2 1 0 29.1238 0.1 135.998 -1.53624 -4.11623 -1.53624 -4.11623 1.13179 0 0.267409 0
2 1 0 29.1287 0.1 135.998 -1.53653 -4.11726 -1.53653 -4.11726 1.13031 0 0.26766 0
2 1 0 29.1336 0.1 135.998 -1.53683 -4.11827 -1.53683 -4.11827 1.12879 0 0.267921 0
2 1 0 29.1384 0.1 135.998 -1.53713 -4.11929 -1.53713 -4.11929 1.12723 0 0.268193 0
2 1 0 29.1433 0.1 135.998 -1.53744 -4.1203 -1.53744 -4.1203 1.12561 0 0.268476 0
2 1 0 29.1482 0.1 135.998 -1.53774 -4.1213 -1.53774 -4.1213 1.12395 0 0.26877 0
2 1 0 29.1531 0.1 135.998 -1.53805 -4.12231 -1.53805 -4.12231 1.12224 0 0.269078 0
2 1 0 29.158 0.1 135.998 -1.53837 -4.12331 -1.53837 -4.12331 1.12048 0 0.269398 0
2 1 0 29.1629 0.1 135.998 -1.53869 -4.1243 -1.53869 -4.1243 1.11866 0 0.269733 0
2 1 0 29.1678 0.1 135.998 -1.53901 -4.1253 -1.53901 -4.1253 1.11677 0 0.270083 0
2 1 0 29.1727 0.1 135.998 -1.53934 -4.12629 -1.53934 -4.12629 1.11483 0 0.270448 0
2 1 0 29.1776 0.1 135.998 -1.53967 -4.12727 -1.53967 -4.12727 1.11282 0 0.27083 0
2 1 0 29.1824 0.1 135.998 -1.54001 -4.12826 -1.54001 -4.12826 1.11073 0 0.271231 0
2 1 0 29.1873 0.1 135.998 -1.54036 -4.12924 -1.54036 -4.12924 1.10857 0 0.271651 0
2 1 0 29.1922 0.1 135.998 -1.54071 -4.13021 -1.54071 -4.13021 1.10633 0 0.272092 0
2 1 0 29.1971 0.1 135.998 -1.54107 -4.13119 -1.54107 -4.13119 1.10399 0 0.272556 0
2 1 0 29.202 0.1 135.998 -1.54143 -4.13216 -1.54143 -4.13216 1.10156 0 0.273044 0
2 1 0 29.2069 0.1 135.998 -1.5418 -4.13312 -1.5418 -4.13312 1.09903 0 0.27356 0
2 1 0 29.2118 0.1 135.998 -1.54218 -4.13409 -1.54218 -4.13409 1.09638 0 0.274106 0
2 1 0 29.2167 0.1 135.998 -1.54257 -4.13505 -1.54257 -4.13505 1.09361 0 0.274684 0
2 1 0 29.2216 0.1 135.998 -1.54297 -4.136 -1.54297 -4.136 1.09069 0 0.275299 0
2 1 0 29.2265 0.1 135.998 -1.54339 -4.13696 -1.54339 -4.13696 1.08762 0 0.275956 0
2 1 0 29.2314 0.1 135.998 -1.54381 -4.13791 -1.54381 -4.13791 1.08437 0 0.276659 0
2 1 0 29.2362 0.1 135.998 -1.54425 -4.13886 -1.54425 -4.13886 1.08092 0 0.277415 0
2 1 0 29.2411 0.1 135.998 -1.54471 -4.1398 -1.54471 -4.1398 1.07724 0 0.278234 0
2 1 0 29.246 0.1 135.998 -1.54519 -4.14074 -1.54519 -4.14074 1.07328 0 0.279126 0
2 1 0 29.2509 0.1 135.998 -1.54569 -4.14169 -1.54569 -4.14169 1.069 0 0.280105 0
2 1 0 29.2558 0.1 135.998 -1.54622 -4.14262 -1.54622 -4.14262 1.06433 0 0.281193 0
2 1 0 29.2607 0.1 135.998 -1.54679 -4.14356 -1.54679 -4.14356 1.05915 0 0.282419 0
2 1 0 29.2655 0.1 135.998 -1.54741 -4.1445 -1.54741 -4.1445 1.0533 0 0.283827 0
2 1 0 29.2704 0.1 135.998 -1.5481 -4.14545 -1.5481 -4.14545 1.04652 0 0.285496 0
2 1 0 29.2752 0.1 135.998 -1.5489 -4.1464 -1.5489 -4.1464 1.03827 0 0.287574 0
2 1 0 29.28 0.1 135.998 -1.5499 -4.14737 -1.5499 -4.14737 1.02721 0 0.290445 0
2 1 0 29.2845 0.1 135.998 -1.5518 -4.14845 -1.5518 -4.14845 1.00392 0 0.296799 0
1 1 0 29.2845 0.1 135.998 -1.55241 -4.14856 -1.55241 -4.14856 0.995572 0 0.299183 0
1 1 0 29.2845 0.1 135.998 -1.55242 -4.14856 -1.55242 -4.14856 0.99542 0 0.299227 0
1 1 0 29.2829 0.1 135.998 -1.55334 -4.14849 -1.55334 -4.14849 0.982076 0 0.303151 0
1 1 0 29.2811 0.1 135.998 -1.55384 -4.14832 -1.55384 -4.14832 0.974223 0 0.305527 0
1 1 0 29.2793 0.1 135.998 -1.55422 -4.14812 -1.55422 -4.14812 0.968021 0 0.307439 0
1 1 0 29.2774 0.1 135.998 -1.55454 -4.1479 -1.55454 -4.1479 0.9627 0 0.309104 0
1 1 0 29.2756 0.1 135.998 -1.55481 -4.14768 -1.55481 -4.14768 0.957948 0 0.310612 0
1 1 0 29.2737 0.1 135.998 -1.55505 -4.14746 -1.55505 -4.14746 0.953599 0 0.312007 0
1 1 0 29.2719 0.1 135.998 -1.55527 -4.14723 -1.55527 -4.14723 0.949556 0 0.313319 0
1 1 0 29.2698 0.1 135.998 -1.55549 -4.14697 -1.55549 -4.14697 0.945388 0 0.314686 0
1 1 0 29.2676 0.1 135.998 -1.55571 -4.14669 -1.55571 -4.14669 0.941071 0 0.316117 0
1 1 0 29.2651 0.1 135.998 -1.55593 -4.14638 -1.55593 -4.14638 0.936586 0 0.317621 0
1 1 0 29.2624 0.1 135.998 -1.55616 -4.14603 -1.55616 -4.14603 0.931913 0 0.319206 0
1 1 0 29.2594 0.1 135.998 -1.55639 -4.14565 -1.55639 -4.14565 0.927029 0 0.320883 0
1 1 0 29.2562 0.1 135.998 -1.55662 -4.14523 -1.55662 -4.14523 0.921915 0 0.322662 0
1 1 0 29.2525 0.1 135.998 -1.55686 -4.14476 -1.55686 -4.14476 0.916545 0 0.324555 0
1 1 0 29.2486 0.1 135.998 -1.5571 -4.14425 -1.5571 -4.14425 0.910898 0 0.326574 0
1 1 0 29.2442 0.1 135.998 -1.55734 -4.14368 -1.55734 -4.14368 0.904945 0 0.328733 0
1 1 0 29.2394 0.1 135.998 -1.55758 -4.14306 -1.55758 -4.14306 0.898659 0 0.331049 0
1 1 0 29.2344 0.1 135.998 -1.55782 -4.14242 -1.55782 -4.14242 0.892436 0 0.333379 0
1 1 0 29.2295 0.1 135.998 -1.55803 -4.14178 -1.55803 -4.14178 0.886417 0 0.335667 0
1 1 0 29.2245 0.1 135.998 -1.55823 -4.14114 -1.55823 -4.14114 0.880573 0 0.337922 0
1 1 0 29.2195 0.1 135.998 -1.55842 -4.1405 -1.55842 -4.1405 0.874879 0 0.340151 0
1 1 0 29.2146 0.1 135.998 -1.5586 -4.13986 -1.5586 -4.13986 0.869316 0 0.34236 0
1 1 0 29.2096 0.1 135.998 -1.55876 -4.13923 -1.55876 -4.13923 0.863867 0 0.344554 0
1 1 0 29.2047 0.1 135.998 -1.55892 -4.13859 -1.55892 -4.13859 0.858519 0 0.346738 0
1 1 0 29.1997 0.1 135.998 -1.55907 -4.13796 -1.55907 -4.13796 0.853259 0 0.348914 0
1 1 0 29.1948 0.1 135.998 -1.55921 -4.13732 -1.55921 -4.13732 0.848078 0 0.351086 0
1 1 0 29.1898 0.1 135.998 -1.55934 -4.13669 -1.55934 -4.13669 0.842966 0 0.353257 0
1 1 0 29.1848 0.1 135.998 -1.55947 -4.13606 -1.55947 -4.13606 0.837916 0 0.35543 0
1 1 0 29.1799 0.1 135.998 -1.55959 -4.13543 -1.55959 -4.13543 0.83292 0 0.357608 0
1 1 0 29.1749 0.1 135.998 -1.5597 -4.1348 -1.5597 -4.1348 0.827971 0 0.359792 0
1 1 0 29.17 0.1 135.998 -1.55981 -4.13418 -1.55981 -4.13418 0.823065 0 0.361985 0
1 1 0 29.165 0.1 135.998 -1.55992 -4.13355 -1.55992 -4.13355 0.818195 0 0.364189 0
1 1 0 29.1601 0.1 135.998 -1.56002 -4.13293 -1.56002 -4.13293 0.813356 0 0.366406 0
1 1 0 29.1551 0.1 135.998 -1.56011 -4.13231 -1.56011 -4.13231 0.808545 0 0.368639 0
1 1 0 29.1501 0.1 135.998 -1.5602 -4.13169 -1.5602 -4.13169 0.803756 0 0.370889 0
1 1 0 29.1452 0.1 135.998 -1.56029 -4.13107 -1.56029 -4.13107 0.798986 0 0.373157 0
1 1 0 29.1402 0.1 135.998 -1.56037 -4.13045 -1.56037 -4.13045 0.79423 0 0.375448 0
1 1 0 29.1352 0.1 135.998 -1.56045 -4.12983 -1.56045 -4.12983 0.789484 0 0.377761 0
1 1 0 29.1303 0.1 135.998 -1.56053 -4.12921 -1.56053 -4.12921 0.784746 0 0.3801 0
1 1 0 29.1253 0.1 135.998 -1.5606 -4.1286 -1.5606 -4.1286 0.78001 0 0.382466 0
1 1 0 29.1204 0.1 135.998 -1.56067 -4.12798 -1.56067 -4.12798 0.775274 0 0.384862 0
1 1 0 29.1154 0.1 135.998 -1.56074 -4.12737 -1.56074 -4.12737 0.770534 0 0.387291 0
1 1 0 29.1104 0.1 135.998 -1.56081 -4.12676 -1.56081 -4.12676 0.765786 0 0.389754 0
1 1 0 29.1055 0.1 135.998 -1.56087 -4.12615 -1.56087 -4.12615 0.761026 0 0.392255 0
1 1 0 29.1005 0.1 135.998 -1.56093 -4.12554 -1.56093 -4.12554 0.756251 0 0.394795 0
1 1 0 29.0956 0.1 135.998 -1.56098 -4.12493 -1.56098 -4.12493 0.751457 0 0.397379 0
1 1 0 29.0906 0.1 135.998 -1.56104 -4.12433 -1.56104 -4.12433 0.746638 0 0.400009 0
1 1 0 29.0856 0.1 135.998 -1.56109 -4.12372 -1.56109 -4.12372 0.741793 0 0.402689 0
1 1 0 29.0807 0.1 135.998 -1.56114 -4.12311 -1.56114 -4.12311 0.736914 0 0.405422 0
1 1 0 29.0757 0.1 135.998 -1.56119 -4.12251 -1.56119 -4.12251 0.731998 0 0.408214 0
1 1 0 29.0707 0.1 135.998 -1.56123 -4.12191 -1.56123 -4.12191 0.72704 0 0.411067 0
1 1 0 29.0658 0.1 135.998 -1.56128 -4.12131 -1.56128 -4.12131 0.722033 0 0.413988 0
1 1 0 29.0608 0.1 135.998 -1.56132 -4.12071 -1.56132 -4.12071 0.716972 0 0.416982 0
1 1 0 29.0558 0.1 135.998 -1.56136 -4.12011 -1.56136 -4.12011 0.711849 0 0.420055 0
1 1 0 29.0509 0.1 135.998 -1.5614 -4.11951 -1.5614 -4.11951 0.706658 0 0.423215 0
1 1 0 29.0459 0.1 135.998 -1.56143 -4.11891 -1.56143 -4.11891 0.701388 0 0.426469 0
1 1 0 29.041 0.1 135.998 -1.56147 -4.11832 -1.56147 -4.11832 0.696032 0 0.429826 0
1 1 0 29.036 0.1 135.998 -1.5615 -4.11772 -1.5615 -4.11772 0.690576 0 0.433298 0
1 1 0 29.031 0.1 135.998 -1.56153 -4.11713 -1.56153 -4.11713 0.68501 0 0.436897 0
1 1 0 29.0261 0.1 135.998 -1.56156 -4.11654 -1.56156 -4.11654 0.679317 0 0.440637 0
1 1 0 29.0211 0.1 135.998 -1.56159 -4.11594 -1.56159 -4.11594 0.673479 0 0.444536 0
1 1 0 29.0161 0.1 135.998 -1.56162 -4.11535 -1.56162 -4.11535 0.667476 0 0.448615 0
1 1 0 29.0112 0.1 135.998 -1.56164 -4.11476 -1.56164 -4.11476 0.66128 0 0.4529 0
1 1 0 29.0062 0.1 135.998 -1.56167 -4.11417 -1.56167 -4.11417 0.654858 0 0.457424 0
1 1 0 29.0012 0.1 135.998 -1.56169 -4.11359 -1.56169 -4.11359 0.648169 0 0.462229 0
1 1 0 28.9963 0.1 135.998 -1.56171 -4.113 -1.56171 -4.113 0.641156 0 0.46737 0
1 1 0 28.9913 0.1 135.998 -1.56173 -4.11241 -1.56173 -4.11241 0.633743 0 0.472924 0
1 1 0 28.9863 0.1 135.998 -1.56175 -4.11183 -1.56175 -4.11183 0.625821 0 0.478998 0
1 1 0 28.9814 0.1 135.998 -1.56177 -4.11124 -1.56177 -4.11124 0.617224 0 0.48576 0
1 1 0 28.9764 0.1 135.998 -1.56178 -4.11066 -1.56178 -4.11066 0.607678 0 0.493483 0
1 1 0 28.9714 0.1 135.998 -1.5618 -4.11008 -1.5618 -4.11008 0.596654 0 0.502693 0
1 1 0 28.9665 0.1 135.998 -1.56181 -4.10949 -1.56181 -4.10949 0.582857 0 0.514689 0
1 1 0 28.9615 0.1 135.998 -1.56183 -4.10891 -1.56183 -4.10891 0.558994 0 0.536761 0
1 1 0 28.9565 0.1 114.211 -1.56184 -4.10833 -1.56184 -4.10833 0.546988 0.0301222 0.546988 -0.0301222
1 1 0 28.9516 0.1 78.2478 -1.56185 -4.10776 -1.56185 -4.10776 0.546103 0.0439457 0.546103 -0.0439457
1 1 0 28.9466 0.1 63.3 -1.56186 -4.10718 -1.56186 -4.10718 0.545223 0.0542975 0.545223 -0.0542975
1 1 0 28.9416 0.1 54.6031 -1.56187 -4.1066 -1.56187 -4.1066 0.544348 0.0629161 0.544348 -0.0629161
1 1 0 28.9367 0.1 48.7469 -1.56187 -4.10602 -1.56187 -4.10602 0.543478 0.0704416 0.543478 -0.0704416
1 1 0 28.9317 0.1 44.4615 -1.56188 -4.10545 -1.56188 -4.10545 0.542613 0.0771951 0.542613 -0.0771951
1 1 0 28.9267 0.1 41.1518 -1.56189 -4.10487 -1.56189 -4.10487 0.541752 0.0833653 0.541752 -0.0833653
1 1 0 28.9218 0.1 38.4967 -1.56189 -4.1043 -1.56189 -4.1043 0.540896 0.089074 0.540896 -0.089074
1 1 0 28.9168 0.1 36.3059 -1.56189 -4.10373 -1.56189 -4.10373 0.540044 0.0944057 0.540044 -0.0944057
1 1 0 28.9118 0.1 34.4586 -1.5619 -4.10315 -1.5619 -4.10315 0.539197 0.0994216 0.539197 -0.0994216
1 1 0 28.9069 0.1 32.8737 -1.5619 -4.10258 -1.5619 -4.10258 0.538354 0.104168 0.538354 -0.104168
1 1 0 28.9019 0.1 31.4946 -1.5619 -4.10201 -1.5619 -4.10201 0.537516 0.10868 0.537516 -0.10868
1 1 0 28.8969 0.1 30.2806 -1.5619 -4.10144 -1.5619 -4.10144 0.536681 0.112987 0.536681 -0.112987
1 1 0 28.892 0.1 29.2011 -1.5619 -4.10087 -1.5619 -4.10087 0.535851 0.117112 0.535851 -0.117112
1 1 0 28.887 0.1 28.2332 -1.5619 -4.1003 -1.5619 -4.1003 0.535025 0.121073 0.535025 -0.121073
1 1 0 28.882 0.1 27.359 -1.5619 -4.09974 -1.5619 -4.09974 0.534203 0.124887 0.534203 -0.124887
1 1 0 28.8771 0.1 26.5642 -1.56189 -4.09917 -1.56189 -4.09917 0.533384 0.128567 0.533384 -0.128567
1 1 0 28.8721 0.1 25.8377 -1.56189 -4.0986 -1.56189 -4.0986 0.53257 0.132124 0.53257 -0.132124
1 1 0 28.8671 0.1 25.1702 -1.56188 -4.09804 -1.56188 -4.09804 0.531759 0.13557 0.531759 -0.13557
1 1 0 28.8622 0.1 24.5542 -1.56188 -4.09747 -1.56188 -4.09747 0.530952 0.138911 0.530952 -0.138911
1 1 0 28.8572 0.1 23.9834 -1.56187 -4.09691 -1.56187 -4.09691 0.530148 0.142156 0.530148 -0.142156
1 1 0 28.8522 0.1 23.4525 -1.56186 -4.09635 -1.56186 -4.09635 0.529348 0.145311 0.529348 -0.145311
1 1 0 28.8473 0.1 22.9572 -1.56186 -4.09578 -1.56186 -4.09578 0.528552 0.148383 0.528552 -0.148383
1 1 0 28.8423 0.1 22.4937 -1.56185 -4.09522 -1.56185 -4.09522 0.527759 0.151377 0.527759 -0.151377
1 1 0 28.8373 0.1 22.0587 -1.56184 -4.09466 -1.56184 -4.09466 0.526969 0.154297 0.526969 -0.154297
1 1 0 28.8324 0.1 21.6494 -1.56183 -4.0941 -1.56183 -4.0941 0.526183 0.157149 0.526183 -0.157149
1 1 0 28.8274 0.1 21.2634 -1.56182 -4.09354 -1.56182 -4.09354 0.525401 0.159935 0.525401 -0.159935
1 1 0 28.8224 0.1 20.8986 -1.56181 -4.09298 -1.56181 -4.09298 0.524621 0.162659 0.524621 -0.162659
1 1 0 28.8174 0.1 20.5531 -1.5618 -4.09243 -1.5618 -4.09243 0.523845 0.165325 0.523845 -0.165325
1 1 0 28.8125 0.1 20.2253 -1.56178 -4.09187 -1.56178 -4.09187 0.523072 0.167935 0.523072 -0.167935
1 1 0 28.8075 0.1 19.9137 -1.56177 -4.09131 -1.56177 -4.09131 0.522302 0.170493 0.522302 -0.170493
1 1 0 28.8025 0.1 19.6171 -1.56176 -4.09075 -1.56176 -4.09075 0.521535 0.173 0.521535 -0.173
1 1 0 28.7976 0.1 19.3342 -1.56174 -4.0902 -1.56174 -4.0902 0.520771 0.175459 0.520771 -0.175459
1 1 0 28.7926 0.1 19.0642 -1.56173 -4.08964 -1.56173 -4.08964 0.52001 0.177873 0.52001 -0.177873
1 1 0 28.7876 0.1 18.8059 -1.56171 -4.08909 -1.56171 -4.08909 0.519253 0.180243 0.519253 -0.180243
1 1 0 28.7827 0.1 18.5587 -1.5617 -4.08854 -1.5617 -4.08854 0.518498 0.182571 0.518498 -0.182571
1 1 0 28.7777 0.1 18.3217 -1.56168 -4.08798 -1.56168 -4.08798 0.517746 0.184859 0.517746 -0.184859
1 1 0 28.7727 0.1 18.0942 -1.56166 -4.08743 -1.56166 -4.08743 0.516997 0.187108 0.516997 -0.187108
1 1 0 28.7678 0.1 17.8757 -1.56165 -4.08688 -1.56165 -4.08688 0.51625 0.18932 0.51625 -0.18932
1 1 0 28.7628 0.1 17.6656 -1.56163 -4.08633 -1.56163 -4.08633 0.515507 0.191496 0.515507 -0.191496
1 1 0 28.7578 0.1 17.4633 -1.56161 -4.08578 -1.56161 -4.08578 0.514766 0.193638 0.514766 -0.193638
1 1 0 28.7528 0.1 17.2684 -1.56159 -4.08523 -1.56159 -4.08523 0.514028 0.195747 0.514028 -0.195747
1 1 0 28.7479 0.1 17.0805 -1.56157 -4.08468 -1.56157 -4.08468 0.513293 0.197823 0.513293 -0.197823
1 1 0 28.7429 0.1 16.8991 -1.56155 -4.08413 -1.56155 -4.08413 0.51256 0.199869 0.51256 -0.199869
1 1 0 28.7379 0.1 16.7238 -1.56153 -4.08359 -1.56153 -4.08359 0.51183 0.201886 0.51183 -0.201886
1 1 0 28.733 0.1 16.5544 -1.56151 -4.08304 -1.56151 -4.08304 0.511102 0.203873 0.511102 -0.203873
1 1 0 28.728 0.1 16.3905 -1.56148 -4.08249 -1.56148 -4.08249 0.510377 0.205832 0.510377 -0.205832
1 1 0 28.723 0.1 16.2318 -1.56146 -4.08195 -1.56146 -4.08195 0.509655 0.207765 0.509655 -0.207765
1 1 0 28.7181 0.1 16.0781 -1.56144 -4.0814 -1.56144 -4.0814 0.508935 0.209671 0.508935 -0.209671
1 1 0 28.7131 0.1 15.9291 -1.56141 -4.08086 -1.56141 -4.08086 0.508218 0.211552 0.508218 -0.211552
1 1 0 28.7081 0.1 15.7846 -1.56139 -4.08031 -1.56139 -4.08031 0.507503 0.213408 0.507503 -0.213408
1 1 0 28.7031 0.1 15.6443 -1.56137 -4.07977 -1.56137 -4.07977 0.50679 0.215241 0.50679 -0.215241
1 1 0 28.6982 0.1 15.508 -1.56134 -4.07923 -1.56134 -4.07923 0.50608 0.21705 0.50608 -0.21705
1 1 0 28.6932 0.1 15.3756 -1.56131 -4.07868 -1.56131 -4.07868 0.505372 0.218837 0.505372 -0.218837
1 1 0 28.6882 0.1 15.2469 -1.56129 -4.07814 -1.56129 -4.07814 0.504667 0.220602 0.504667 -0.220602
1 1 0 28.6833 0.1 15.1218 -1.56126 -4.0776 -1.56126 -4.0776 0.503963 0.222345 0.503963 -0.222345
1 1 0 28.6783 0.1 14.9999 -1.56124 -4.07706 -1.56124 -4.07706 0.503263 0.224068 0.503263 -0.224068
1 1 0 28.6733 0.1 14.8813 -1.56121 -4.07652 -1.56121 -4.07652 0.502564 0.225771 0.502564 -0.225771
1 1 0 28.6684 0.1 14.7658 -1.56118 -4.07598 -1.56118 -4.07598 0.501868 0.227454 0.501868 -0.227454
1 1 0 28.6634 0.1 14.6532 -1.56115 -4.07544 -1.56115 -4.07544 0.501173 0.229117 0.501173 -0.229117
1 1 0 28.6584 0.1 14.5434 -1.56112 -4.07491 -1.56112 -4.07491 0.500482 0.230763 0.500482 -0.230763
1 1 0 28.6534 0.1 14.4363 -1.56109 -4.07437 -1.56109 -4.07437 0.499792 0.232389 0.499792 -0.232389
1 1 0 28.6485 0.1 14.3318 -1.56106 -4.07383 -1.56106 -4.07383 0.499104 0.233998 0.499104 -0.233998
1 1 0 28.6435 0.1 14.2298 -1.56103 -4.07329 -1.56103 -4.07329 0.498419 0.23559 0.498419 -0.23559
1 1 0 28.6385 0.1 14.1303 -1.561 -4.07276 -1.561 -4.07276 0.497735 0.237165 0.497735 -0.237165
1 1 0 28.6336 0.1 14.033 -1.56097 -4.07222 -1.56097 -4.07222 0.497054 0.238723 0.497054 -0.238723
1 1 0 28.6286 0.1 13.9379 -1.56094 -4.07169 -1.56094 -4.07169 0.496375 0.240265 0.496375 -0.240265
1 1 0 28.6236 0.1 13.845 -1.56091 -4.07115 -1.56091 -4.07115 0.495698 0.241792 0.495698 -0.241792
1 1 0 28.6186 0.1 13.7541 -1.56088 -4.07062 -1.56088 -4.07062 0.495023 0.243302 0.495023 -0.243302
1 1 0 28.6137 0.1 13.6652 -1.56085 -4.07009 -1.56085 -4.07009 0.49435 0.244798 0.49435 -0.244798
1 1 0 28.6087 0.1 13.5782 -1.56081 -4.06955 -1.56081 -4.06955 0.493679 0.246279 0.493679 -0.246279
1 1 0 28.6037 0.1 13.4931 -1.56078 -4.06902 -1.56078 -4.06902 0.493009 0.247745 0.493009 -0.247745
1 1 0 28.5988 0.1 13.4098 -1.56075 -4.06849 -1.56075 -4.06849 0.492342 0.249198 0.492342 -0.249198
1 1 0 28.5938 0.1 13.3281 -1.56071 -4.06796 -1.56071 -4.06796 0.491677 0.250636 0.491677 -0.250636
1 1 0 28.5888 0.1 13.2482 -1.56068 -4.06743 -1.56068 -4.06743 0.491014 0.252061 0.491014 -0.252061
1 1 0 28.5838 0.1 13.1698 -1.56064 -4.0669 -1.56064 -4.0669 0.490353 0.253472 0.490353 -0.253472
1 1 0 28.5789 0.1 13.093 -1.56061 -4.06637 -1.56061 -4.06637 0.489693 0.254871 0.489693 -0.254871
1 1 0 28.5739 0.1 13.0177 -1.56057 -4.06584 -1.56057 -4.06584 0.489036 0.256256 0.489036 -0.256256
1 1 0 28.5689 0.1 12.9438 -1.56054 -4.06531 -1.56054 -4.06531 0.48838 0.257629 0.48838 -0.257629
1 1 0 28.564 0.1 12.8714 -1.5605 -4.06478 -1.5605 -4.06478 0.487726 0.25899 0.487726 -0.25899
1 1 0 28.559 0.1 12.8003 -1.56047 -4.06425 -1.56047 -4.06425 0.487074 0.260339 0.487074 -0.260339
1 1 0 28.554 0.1 12.7306 -1.56043 -4.06373 -1.56043 -4.06373 0.486424 0.261676 0.486424 -0.261676
1 1 0 28.549 0.1 12.6621 -1.56039 -4.0632 -1.56039 -4.0632 0.485775 0.263001 0.485775 -0.263001
1 1 0 28.5441 0.1 12.5949 -1.56035 -4.06267 -1.56035 -4.06267 0.485129 0.264315 0.485129 -0.264315
1 1 0 28.5391 0.1 12.5288 -1.56032 -4.06215 -1.56032 -4.06215 0.484484 0.265618 0.484484 -0.265618
1 1 0 28.5341 0.1 12.464 -1.56028 -4.06162 -1.56028 -4.06162 0.483841 0.266909 0.483841 -0.266909
1 1 0 28.5292 0.1 12.4003 -1.56024 -4.0611 -1.56024 -4.0611 0.4832 0.26819 0.4832 -0.26819
1 1 0 28.5242 0.1 12.3377 -1.5602 -4.06057 -1.5602 -4.06057 0.48256 0.269461 0.48256 -0.269461
1 1 0 28.5192 0.1 12.2761 -1.56016 -4.06005 -1.56016 -4.06005 0.481922 0.270721 0.481922 -0.270721
1 1 0 28.5142 0.1 12.2157 -1.56012 -4.05953 -1.56012 -4.05953 0.481286 0.27197 0.481286 -0.27197
1 1 0 28.5093 0.1 12.1562 -1.56008 -4.059 -1.56008 -4.059 0.480652 0.27321 0.480652 -0.27321
1 1 0 28.5043 0.1 12.0977 -1.56004 -4.05848 -1.56004 -4.05848 0.480019 0.27444 0.480019 -0.27444
1 1 0 28.4993 0.1 12.0402 -1.56 -4.05796 -1.56 -4.05796 0.479388 0.27566 0.479388 -0.27566
1 1 0 28.4943 0.1 11.9836 -1.55996 -4.05744 -1.55996 -4.05744 0.478758 0.27687 0.478758 -0.27687
1 1 0 28.4894 0.1 11.9279 -1.55992 -4.05692 -1.55992 -4.05692 0.47813 0.278071 0.47813 -0.278071
1 1 0 28.4844 0.1 11.8731 -1.55988 -4.0564 -1.55988 -4.0564 0.477504 0.279263 0.477504 -0.279263
1 1 0 28.4794 0.1 11.8191 -1.55984 -4.05588 -1.55984 -4.05588 0.47688 0.280445 0.47688 -0.280445
1 1 0 28.4745 0.1 11.766 -1.5598 -4.05536 -1.5598 -4.05536 0.476257 0.281619 0.476257 -0.281619
1 1 0 28.4695 0.1 11.7137 -1.55975 -4.05484 -1.55975 -4.05484 0.475635 0.282784 0.475635 -0.282784
1 1 0 28.4645 0.1 11.6623 -1.55971 -4.05432 -1.55971 -4.05432 0.475015 0.28394 0.475015 -0.28394
1 1 0 28.4595 0.1 11.6116 -1.55967 -4.0538 -1.55967 -4.0538 0.474397 0.285087 0.474397 -0.285087
1 1 0 28.4546 0.1 11.5616 -1.55963 -4.05328 -1.55963 -4.05328 0.473781 0.286226 0.473781 -0.286226
1 1 0 28.4496 0.1 11.5124 -1.55958 -4.05277 -1.55958 -4.05277 0.473166 0.287357 0.473166 -0.287357
1 1 0 28.4446 0.1 11.4639 -1.55954 -4.05225 -1.55954 -4.05225 0.472552 0.28848 0.472552 -0.28848
1 1 0 28.4396 0.1 11.4161 -1.55949 -4.05173 -1.55949 -4.05173 0.47194 0.289594 0.47194 -0.289594
1 1 0 28.4347 0.1 11.369 -1.55945 -4.05122 -1.55945 -4.05122 0.471329 0.290701 0.471329 -0.290701
1 1 0 28.4297 0.1 11.3226 -1.55941 -4.0507 -1.55941 -4.0507 0.47072 0.2918 0.47072 -0.2918
1 1 0 28.4247 0.1 11.2768 -1.55936 -4.05019 -1.55936 -4.05019 0.470113 0.292891 0.470113 -0.292891
1 1 0 28.4198 0.1 11.2317 -1.55932 -4.04967 -1.55932 -4.04967 0.469507 0.293974 0.469507 -0.293974
1 1 0 28.4148 0.1 11.1872 -1.55927 -4.04916 -1.55927 -4.04916 0.468903 0.29505 0.468903 -0.29505
1 1 0 28.4098 0.1 11.1433 -1.55922 -4.04864 -1.55922 -4.04864 0.468299 0.296119 0.468299 -0.296119
1 1 0 28.4048 0.1 11.1 -1.55918 -4.04813 -1.55918 -4.04813 0.467698 0.29718 0.467698 -0.29718
1 1 0 28.3999 0.1 11.0573 -1.55913 -4.04762 -1.55913 -4.04762 0.467098 0.298235 0.467098 -0.298235
1 1 0 28.3949 0.1 11.0152 -1.55909 -4.0471 -1.55909 -4.0471 0.466499 0.299282 0.466499 -0.299282
1 1 0 28.3899 0.1 10.9736 -1.55904 -4.04659 -1.55904 -4.04659 0.465902 0.300322 0.465902 -0.300322
1 1 0 28.3849 0.1 10.9326 -1.55899 -4.04608 -1.55899 -4.04608 0.465306 0.301355 0.465306 -0.301355
1 1 0 28.38 0.1 10.8921 -1.55895 -4.04557 -1.55895 -4.04557 0.464712 0.302381 0.464712 -0.302381
1 1 0 28.375 0.1 10.8521 -1.5589 -4.04506 -1.5589 -4.04506 0.464119 0.303401 0.464119 -0.303401
1 1 0 28.37 0.1 10.8127 -1.55885 -4.04455 -1.55885 -4.04455 0.463527 0.304414 0.463527 -0.304414
1 1 0 28.365 0.1 10.7737 -1.5588 -4.04404 -1.5588 -4.04404 0.462937 0.305421 0.462937 -0.305421
1 1 0 28.3601 0.1 10.7352 -1.55875 -4.04353 -1.55875 -4.04353 0.462348 0.306421 0.462348 -0.306421
1 1 0 28.3551 0.1 10.6973 -1.55871 -4.04302 -1.55871 -4.04302 0.461761 0.307414 0.461761 -0.307414
1 1 0 28.3501 0.1 10.6598 -1.55866 -4.04251 -1.55866 -4.04251 0.461175 0.308402 0.461175 -0.308402
1 1 0 28.3451 0.1 10.6227 -1.55861 -4.042 -1.55861 -4.042 0.46059 0.309383 0.46059 -0.309383
1 1 0 28.3402 0.1 10.5861 -1.55856 -4.04149 -1.55856 -4.04149 0.460006 0.310358 0.460006 -0.310358
1 1 0 28.3352 0.1 10.55 -1.55851 -4.04099 -1.55851 -4.04099 0.459424 0.311327 0.459424 -0.311327
1 1 0 28.3302 0.1 10.5142 -1.55846 -4.04048 -1.55846 -4.04048 0.458844 0.31229 0.458844 -0.31229
1 1 0 28.3253 0.1 10.4789 -1.55841 -4.03997 -1.55841 -4.03997 0.458264 0.313247 0.458264 -0.313247
1 1 0 28.3203 0.1 10.4441 -1.55836 -4.03947 -1.55836 -4.03947 0.457686 0.314199 0.457686 -0.314199
1 1 0 28.3153 0.1 10.4096 -1.55831 -4.03896 -1.55831 -4.03896 0.45711 0.315144 0.45711 -0.315144
1 1 0 28.3103 0.1 10.3755 -1.55826 -4.03845 -1.55826 -4.03845 0.456534 0.316084 0.456534 -0.316084
1 1 0 28.3054 0.1 10.3419 -1.55821 -4.03795 -1.55821 -4.03795 0.45596 0.317018 0.45596 -0.317018
1 1 0 28.3004 0.1 10.3086 -1.55816 -4.03744 -1.55816 -4.03744 0.455387 0.317947 0.455387 -0.317947
1 1 0 28.2954 0.1 10.2757 -1.5581 -4.03694 -1.5581 -4.03694 0.454816 0.31887 0.454816 -0.31887
1 1 0 28.2904 0.1 10.2431 -1.55805 -4.03643 -1.55805 -4.03643 0.454246 0.319788 0.454246 -0.319788
1 1 0 28.2855 0.1 10.211 -1.558 -4.03593 -1.558 -4.03593 0.453677 0.3207 0.453677 -0.3207
1 1 0 28.2805 0.1 10.1792 -1.55795 -4.03543 -1.55795 -4.03543 0.453109 0.321607 0.453109 -0.321607
1 1 0 28.2755 0.1 10.1477 -1.5579 -4.03492 -1.5579 -4.03492 0.452542 0.322509 0.452542 -0.322509
1 1 0 28.2705 0.1 10.1166 -1.55784 -4.03442 -1.55784 -4.03442 0.451977 0.323406 0.451977 -0.323406
1 1 0 28.2656 0.1 10.0858 -1.55779 -4.03392 -1.55779 -4.03392 0.451413 0.324297 0.451413 -0.324297
1 1 0 28.2606 0.1 10.0554 -1.55774 -4.03342 -1.55774 -4.03342 0.450851 0.325184 0.450851 -0.325184
1 1 0 28.2556 0.1 10.0253 -1.55769 -4.03292 -1.55769 -4.03292 0.450289 0.326065 0.450289 -0.326065
1 1 0 28.2506 0.1 9.9955 -1.55763 -4.03241 -1.55763 -4.03241 0.449729 0.326941 0.449729 -0.326941
1 1 0 28.2457 0.1 9.96603 -1.55758 -4.03191 -1.55758 -4.03191 0.44917 0.327813 0.44917 -0.327813
1 1 0 28.2407 0.1 9.93687 -1.55752 -4.03141 -1.55752 -4.03141 0.448612 0.32868 0.448612 -0.32868
1 1 0 28.2357 0.1 9.90802 -1.55747 -4.03091 -1.55747 -4.03091 0.448055 0.329541 0.448055 -0.329541
1 1 0 28.2307 0.1 9.87946 -1.55742 -4.03041 -1.55742 -4.03041 0.4475 0.330399 0.4475 -0.330399
1 1 0 28.2258 0.1 9.8512 -1.55736 -4.02991 -1.55736 -4.02991 0.446946 0.331251 0.446946 -0.331251
1 1 0 28.2208 0.1 9.82323 -1.55731 -4.02942 -1.55731 -4.02942 0.446393 0.332099 0.446393 -0.332099
1 1 0 28.2158 0.1 9.79555 -1.55725 -4.02892 -1.55725 -4.02892 0.445841 0.332942 0.445841 -0.332942
1 1 0 28.2108 0.1 9.76815 -1.5572 -4.02842 -1.5572 -4.02842 0.44529 0.33378 0.44529 -0.33378
1 1 0 28.2059 0.1 9.74102 -1.55714 -4.02792 -1.55714 -4.02792 0.444741 0.334615 0.444741 -0.334615
1 1 0 28.2009 0.1 9.71416 -1.55709 -4.02742 -1.55709 -4.02742 0.444192 0.335444 0.444192 -0.335444
1 1 0 28.1959 0.1 9.68757 -1.55703 -4.02693 -1.55703 -4.02693 0.443645 0.336269 0.443645 -0.336269
1 1 0 28.1909 0.1 9.66124 -1.55698 -4.02643 -1.55698 -4.02643 0.443099 0.33709 0.443099 -0.33709
1 1 0 28.186 0.1 9.63518 -1.55692 -4.02593 -1.55692 -4.02593 0.442554 0.337907 0.442554 -0.337907
1 1 0 28.181 0.1 9.60936 -1.55686 -4.02544 -1.55686 -4.02544 0.44201 0.338719 0.44201 -0.338719
1 1 0 28.176 0.1 9.5838 -1.55681 -4.02494 -1.55681 -4.02494 0.441468 0.339527 0.441468 -0.339527
1 1 0 28.171 0.1 9.55848 -1.55675 -4.02445 -1.55675 -4.02445 0.440926 0.340331 0.440926 -0.340331
1 1 0 28.1661 0.1 9.5334 -1.55669 -4.02395 -1.55669 -4.02395 0.440386 0.341131 0.440386 -0.341131
1 1 0 28.1611 0.1 9.50856 -1.55664 -4.02346 -1.55664 -4.02346 0.439847 0.341926 0.439847 -0.341926
1 1 0 28.1561 0.1 9.48396 -1.55658 -4.02296 -1.55658 -4.02296 0.439309 0.342718 0.439309 -0.342718
1 1 0 28.1511 0.1 9.45959 -1.55652 -4.02247 -1.55652 -4.02247 0.438772 0.343505 0.438772 -0.343505
1 1 0 28.1462 0.1 9.43545 -1.55646 -4.02197 -1.55646 -4.02197 0.438236 0.344288 0.438236 -0.344288
1 1 0 28.1412 0.1 9.41153 -1.55641 -4.02148 -1.55641 -4.02148 0.437701 0.345068 0.437701 -0.345068
1 1 0 28.1362 0.1 9.38783 -1.55635 -4.02099 -1.55635 -4.02099 0.437168 0.345843 0.437168 -0.345843
1 1 0 28.1312 0.1 9.36435 -1.55629 -4.02049 -1.55629 -4.02049 0.436635 0.346615 0.436635 -0.346615
1 1 0 28.1263 0.1 9.34108 -1.55623 -4.02 -1.55623 -4.02 0.436104 0.347383 0.436104 -0.347383
1 1 0 28.1213 0.1 9.31802 -1.55617 -4.01951 -1.55617 -4.01951 0.435573 0.348147 0.435573 -0.348147
1 1 0 28.1163 0.1 9.29518 -1.55611 -4.01902 -1.55611 -4.01902 0.435044 0.348907 0.435044 -0.348907
1 1 0 28.1113 0.1 9.27253 -1.55606 -4.01853 -1.55606 -4.01853 0.434516 0.349664 0.434516 -0.349664
1 1 0 28.1064 0.1 9.25009 -1.556 -4.01804 -1.556 -4.01804 0.433989 0.350417 0.433989 -0.350417
1 1 0 28.1014 0.1 9.22785 -1.55594 -4.01754 -1.55594 -4.01754 0.433463 0.351166 0.433463 -0.351166
1 1 0 28.0964 0.1 9.20581 -1.55588 -4.01705 -1.55588 -4.01705 0.432938 0.351911 0.432938 -0.351911
1 1 0 28.0914 0.1 9.18395 -1.55582 -4.01656 -1.55582 -4.01656 0.432414 0.352653 0.432414 -0.352653
1 1 0 28.0865 0.1 9.16229 -1.55576 -4.01607 -1.55576 -4.01607 0.431891 0.353391 0.431891 -0.353391
1 1 0 28.0815 0.1 9.14082 -1.5557 -4.01558 -1.5557 -4.01558 0.431369 0.354126 0.431369 -0.354126
1 1 0 28.0765 0.1 9.11953 -1.55564 -4.0151 -1.55564 -4.0151 0.430848 0.354857 0.430848 -0.354857
1 1 0 28.0715 0.1 9.09842 -1.55558 -4.01461 -1.55558 -4.01461 0.430328 0.355585 0.430328 -0.355585
1 1 0 28.0666 0.1 9.0775 -1.55552 -4.01412 -1.55552 -4.01412 0.42981 0.35631 0.42981 -0.35631
1 1 0 28.0616 0.1 9.05675 -1.55546 -4.01363 -1.55546 -4.01363 0.429292 0.35703 0.429292 -0.35703
1 1 0 28.0566 0.1 9.03617 -1.5554 -4.01314 -1.5554 -4.01314 0.428775 0.357748 0.428775 -0.357748
1 1 0 28.0516 0.1 9.01577 -1.55533 -4.01266 -1.55533 -4.01266 0.42826 0.358462 0.42826 -0.358462
1 1 0 28.0467 0.1 8.99554 -1.55527 -4.01217 -1.55527 -4.01217 0.427745 0.359173 0.427745 -0.359173
1 1 0 28.0417 0.1 8.97548 -1.55521 -4.01168 -1.55521 -4.01168 0.427232 0.359881 0.427232 -0.359881
1 1 0 28.0367 0.1 8.95559 -1.55515 -4.01119 -1.55515 -4.01119 0.426719 0.360585 0.426719 -0.360585
1 1 0 28.0317 0.1 8.93585 -1.55509 -4.01071 -1.55509 -4.01071 0.426208 0.361286 0.426208 -0.361286
1 1 0 28.0267 0.1 8.91628 -1.55503 -4.01022 -1.55503 -4.01022 0.425697 0.361984 0.425697 -0.361984
1 1 0 28.0218 0.1 8.89687 -1.55496 -4.00974 -1.55496 -4.00974 0.425187 0.362678 0.425187 -0.362678
1 1 0 28.0168 0.1 8.87762 -1.5549 -4.00925 -1.5549 -4.00925 0.424679 0.36337 0.424679 -0.36337
1 1 0 28.0118 0.1 8.85852 -1.55484 -4.00877 -1.55484 -4.00877 0.424171 0.364058 0.424171 -0.364058
1 1 0 28.0068 0.1 8.83957 -1.55478 -4.00828 -1.55478 -4.00828 0.423665 0.364743 0.423665 -0.364743
1 1 0 28.0019 0.1 8.82078 -1.55471 -4.0078 -1.55471 -4.0078 0.423159 0.365425 0.423159 -0.365425
1 1 0 27.9969 0.1 8.80213 -1.55465 -4.00731 -1.55465 -4.00731 0.422655 0.366105 0.422655 -0.366105
1 1 0 27.9919 0.1 8.78363 -1.55459 -4.00683 -1.55459 -4.00683 0.422151 0.366781 0.422151 -0.366781
1 1 0 27.9869 0.1 8.76528 -1.55452 -4.00635 -1.55452 -4.00635 0.421648 0.367454 0.421648 -0.367454
1 1 0 27.982 0.1 8.74707 -1.55446 -4.00586 -1.55446 -4.00586 0.421147 0.368124 0.421147 -0.368124
1 1 0 27.977 0.1 8.729 -1.5544 -4.00538 -1.5544 -4.00538 0.420646 0.368791 0.420646 -0.368791
1 1 0 27.972 0.1 8.71107 -1.55433 -4.0049 -1.55433 -4.0049 0.420146 0.369455 0.420146 -0.369455
1 1 0 27.967 0.1 8.69328 -1.55427 -4.00441 -1.55427 -4.00441 0.419648 0.370116 0.419648 -0.370116
1 1 0 27.9621 0.1 8.67563 -1.55421 -4.00393 -1.55421 -4.00393 0.41915 0.370774 0.41915 -0.370774
1 1 0 27.9571 0.1 8.65811 -1.55414 -4.00345 -1.55414 -4.00345 0.418653 0.37143 0.418653 -0.37143
1 1 0 27.9521 0.1 8.64073 -1.55408 -4.00297 -1.55408 -4.00297 0.418157 0.372082 0.418157 -0.372082
1 1 0 27.9471 0.1 8.62347 -1.55401 -4.00249 -1.55401 -4.00249 0.417662 0.372732 0.417662 -0.372732
1 1 0 27.9422 0.1 8.60635 -1.55395 -4.00201 -1.55395 -4.00201 0.417168 0.373379 0.417168 -0.373379
1 1 0 27.9372 0.1 8.58935 -1.55388 -4.00153 -1.55388 -4.00153 0.416675 0.374023 0.416675 -0.374023
1 1 0 27.9322 0.1 8.57248 -1.55382 -4.00105 -1.55382 -4.00105 0.416183 0.374665 0.416183 -0.374665
1 1 0 27.9272 0.1 8.55574 -1.55375 -4.00057 -1.55375 -4.00057 0.415692 0.375304 0.415692 -0.375304
1 1 0 27.9222 0.1 8.53912 -1.55369 -4.00009 -1.55369 -4.00009 0.415202 0.37594 0.415202 -0.37594
1 1 0 27.9173 0.1 8.52262 -1.55362 -3.99961 -1.55362 -3.99961 0.414712 0.376573 0.414712 -0.376573
1 1 0 27.9123 0.1 8.50625 -1.55356 -3.99913 -1.55356 -3.99913 0.414224 0.377204 0.414224 -0.377204
1 1 0 27.9073 0.1 8.48999 -1.55349 -3.99865 -1.55349 -3.99865 0.413737 0.377832 0.413737 -0.377832
1 1 0 27.9023 0.1 8.47385 -1.55343 -3.99817 -1.55343 -3.99817 0.41325 0.378457 0.41325 -0.378457
1 1 0 27.8974 0.1 8.45783 -1.55336 -3.99769 -1.55336 -3.99769 0.412765 0.37908 0.412765 -0.37908
1 1 0 27.8924 0.1 8.44192 -1.55329 -3.99721 -1.55329 -3.99721 0.41228 0.3797 0.41228 -0.3797
1 1 0 27.8874 0.1 8.42613 -1.55323 -3.99674 -1.55323 -3.99674 0.411796 0.380317 0.411796 -0.380317
1 1 0 27.8824 0.1 8.41045 -1.55316 -3.99626 -1.55316 -3.99626 0.411313 0.380932 0.411313 -0.380932
1 1 0 27.8775 0.1 8.39488 -1.5531 -3.99578 -1.5531 -3.99578 0.410831 0.381545 0.410831 -0.381545
1 1 0 27.8725 0.1 8.37942 -1.55303 -3.99531 -1.55303 -3.99531 0.41035 0.382155 0.41035 -0.382155
1 1 0 27.8675 0.1 8.36407 -1.55296 -3.99483 -1.55296 -3.99483 0.40987 0.382762 0.40987 -0.382762
1 1 0 27.8625 0.1 8.34883 -1.55289 -3.99435 -1.55289 -3.99435 0.409391 0.383367 0.409391 -0.383367
1 1 0 27.8576 0.1 8.33369 -1.55283 -3.99388 -1.55283 -3.99388 0.408913 0.383969 0.408913 -0.383969
1 1 0 27.8526 0.1 8.31866 -1.55276 -3.9934 -1.55276 -3.9934 0.408435 0.384569 0.408435 -0.384569
1 1 0 27.8476 0.1 8.30374 -1.55269 -3.99292 -1.55269 -3.99292 0.407959 0.385167 0.407959 -0.385167
1 1 0 27.8426 0.1 8.28891 -1.55263 -3.99245 -1.55263 -3.99245 0.407483 0.385762 0.407483 -0.385762
1 1 0 27.8376 0.1 8.27419 -1.55256 -3.99197 -1.55256 -3.99197 0.407008 0.386355 0.407008 -0.386355
1 1 0 27.8327 0.1 8.25957 -1.55249 -3.9915 -1.55249 -3.9915 0.406534 0.386945 0.406534 -0.386945
1 1 0 27.8277 0.1 8.24505 -1.55242 -3.99103 -1.55242 -3.99103 0.406061 0.387533 0.406061 -0.387533
1 1 0 27.8227 0.1 8.23062 -1.55235 -3.99055 -1.55235 -3.99055 0.405589 0.388119 0.405589 -0.388119
1 1 0 27.8177 0.1 8.2163 -1.55229 -3.99008 -1.55229 -3.99008 0.405118 0.388703 0.405118 -0.388703
1 1 0 27.8128 0.1 8.20207 -1.55222 -3.9896 -1.55222 -3.9896 0.404647 0.389284 0.404647 -0.389284
1 1 0 27.8078 0.1 8.18793 -1.55215 -3.98913 -1.55215 -3.98913 0.404178 0.389862 0.404178 -0.389862
1 1 0 27.8028 0.1 8.17389 -1.55208 -3.98866 -1.55208 -3.98866 0.403709 0.390439 0.403709 -0.390439
1 1 0 27.7978 0.1 8.15995 -1.55201 -3.98818 -1.55201 -3.98818 0.403241 0.391013 0.403241 -0.391013
1 1 0 27.7929 0.1 8.14609 -1.55194 -3.98771 -1.55194 -3.98771 0.402775 0.391585 0.402775 -0.391585
1 1 0 27.7879 0.1 8.13233 -1.55187 -3.98724 -1.55187 -3.98724 0.402308 0.392155 0.402308 -0.392155
1 1 0 27.7829 0.1 8.11866 -1.5518 -3.98677 -1.5518 -3.98677 0.401843 0.392722 0.401843 -0.392722
1 1 0 27.7779 0.1 8.10507 -1.55173 -3.9863 -1.55173 -3.9863 0.401379 0.393287 0.401379 -0.393287
1 1 0 27.7729 0.1 8.09158 -1.55166 -3.98582 -1.55166 -3.98582 0.400915 0.393851 0.400915 -0.393851
1 1 0 27.768 0.1 8.07817 -1.5516 -3.98535 -1.5516 -3.98535 0.400453 0.394411 0.400453 -0.394411
1 1 0 27.763 0.1 8.06485 -1.55153 -3.98488 -1.55153 -3.98488 0.399991 0.39497 0.399991 -0.39497
1 1 0 27.758 0.1 8.05162 -1.55146 -3.98441 -1.55146 -3.98441 0.39953 0.395527 0.39953 -0.395527
1 1 0 27.753 0.1 8.03847 -1.55139 -3.98394 -1.55139 -3.98394 0.39907 0.396081 0.39907 -0.396081
1 1 0 27.7481 0.1 8.0254 -1.55132 -3.98347 -1.55132 -3.98347 0.398611 0.396634 0.398611 -0.396634
1 1 0 27.7431 0.1 8.01242 -1.55125 -3.983 -1.55125 -3.983 0.398152 0.397184 0.398152 -0.397184
1 1 0 27.7381 0.1 7.99952 -1.55117 -3.98253 -1.55117 -3.98253 0.397695 0.397732 0.397695 -0.397732
1 1 0 27.7331 0.1 7.9867 -1.5511 -3.98206 -1.5511 -3.98206 0.397238 0.398278 0.397238 -0.398278
1 1 0 27.7281 0.1 7.97396 -1.55103 -3.98159 -1.55103 -3.98159 0.396782 0.398822 0.396782 -0.398822
1 1 0 27.7232 0.1 7.96131 -1.55096 -3.98112 -1.55096 -3.98112 0.396327 0.399364 0.396327 -0.399364
1 1 0 27.7182 0.1 7.94873 -1.55089 -3.98066 -1.55089 -3.98066 0.395873 0.399904 0.395873 -0.399904
1 1 0 27.7132 0.1 7.93623 -1.55082 -3.98019 -1.55082 -3.98019 0.395419 0.400442 0.395419 -0.400442
1 1 0 27.7082 0.1 7.9238 -1.55075 -3.97972 -1.55075 -3.97972 0.394967 0.400978 0.394967 -0.400978
1 1 0 27.7033 0.1 7.91146 -1.55068 -3.97925 -1.55068 -3.97925 0.394515 0.401512 0.394515 -0.401512
1 1 0 27.6983 0.1 7.89919 -1.55061 -3.97878 -1.55061 -3.97878 0.394064 0.402044 0.394064 -0.402044
1 1 0 27.6933 0.1 7.88699 -1.55054 -3.97832 -1.55054 -3.97832 0.393614 0.402574 0.393614 -0.402574
1 1 0 27.6883 0.1 7.87487 -1.55046 -3.97785 -1.55046 -3.97785 0.393164 0.403102 0.393164 -0.403102
1 1 0 27.6833 0.1 7.86283 -1.55039 -3.97738 -1.55039 -3.97738 0.392716 0.403628 0.392716 -0.403628
1 1 0 27.6784 0.1 7.85086 -1.55032 -3.97692 -1.55032 -3.97692 0.392268 0.404152 0.392268 -0.404152
1 1 0 27.6734 0.1 7.83896 -1.55025 -3.97645 -1.55025 -3.97645 0.391821 0.404674 0.391821 -0.404674
1 1 0 27.6684 0.1 7.82713 -1.55018 -3.97598 -1.55018 -3.97598 0.391375 0.405194 0.391375 -0.405194
1 1 0 27.6634 0.1 7.81537 -1.5501 -3.97552 -1.5501 -3.97552 0.39093 0.405713 0.39093 -0.405713
1 1 0 27.6585 0.1 7.80368 -1.55003 -3.97505 -1.55003 -3.97505 0.390485 0.406229 0.390485 -0.406229
1 1 0 27.6535 0.1 7.79206 -1.54996 -3.97459 -1.54996 -3.97459 0.390042 0.406744 0.390042 -0.406744
1 1 0 27.6485 0.1 7.78052 -1.54989 -3.97412 -1.54989 -3.97412 0.389599 0.407256 0.389599 -0.407256
1 1 0 27.6435 0.1 7.76904 -1.54981 -3.97366 -1.54981 -3.97366 0.389157 0.407767 0.389157 -0.407767
1 1 0 27.6385 0.1 7.75762 -1.54974 -3.97319 -1.54974 -3.97319 0.388715 0.408276 0.388715 -0.408276
1 1 0 27.6336 0.1 7.74628 -1.54967 -3.97273 -1.54967 -3.97273 0.388275 0.408783 0.388275 -0.408783
1 1 0 27.6286 0.1 7.735 -1.54959 -3.97226 -1.54959 -3.97226 0.387835 0.409289 0.387835 -0.409289
1 1 0 27.6236 0.1 7.72379 -1.54952 -3.9718 -1.54952 -3.9718 0.387396 0.409792 0.387396 -0.409792
1 1 0 27.6186 0.1 7.71264 -1.54945 -3.97133 -1.54945 -3.97133 0.386958 0.410294 0.386958 -0.410294
1 1 0 27.6137 0.1 7.70156 -1.54937 -3.97087 -1.54937 -3.97087 0.386521 0.410794 0.386521 -0.410794
1 1 0 27.6087 0.1 7.69054 -1.5493 -3.97041 -1.5493 -3.97041 0.386084 0.411292 0.386084 -0.411292
1 1 0 27.6037 0.1 7.67959 -1.54923 -3.96994 -1.54923 -3.96994 0.385648 0.411789 0.385648 -0.411789
1 1 0 27.5987 0.1 7.6687 -1.54915 -3.96948 -1.54915 -3.96948 0.385213 0.412284 0.385213 -0.412284
1 1 0 27.5937 0.1 7.65787 -1.54908 -3.96902 -1.54908 -3.96902 0.384779 0.412776 0.384779 -0.412776
1 1 0 27.5888 0.1 7.6471 -1.54901 -3.96856 -1.54901 -3.96856 0.384346 0.413268 0.384346 -0.413268
1 1 0 27.5838 0.1 7.63639 -1.54893 -3.9681 -1.54893 -3.9681 0.383913 0.413757 0.383913 -0.413757
1 1 0 27.5788 0.1 7.62575 -1.54886 -3.96763 -1.54886 -3.96763 0.383481 0.414245 0.383481 -0.414245
1 1 0 27.5738 0.1 7.61516 -1.54878 -3.96717 -1.54878 -3.96717 0.38305 0.414731 0.38305 -0.414731
1 1 0 27.5689 0.1 7.60464 -1.54871 -3.96671 -1.54871 -3.96671 0.38262 0.415215 0.38262 -0.415215
1 1 0 27.5639 0.1 7.59417 -1.54863 -3.96625 -1.54863 -3.96625 0.38219 0.415698 0.38219 -0.415698
1 1 0 27.5589 0.1 7.58377 -1.54856 -3.96579 -1.54856 -3.96579 0.381761 0.416179 0.381761 -0.416179
1 1 0 27.5539 0.1 7.57342 -1.54848 -3.96533 -1.54848 -3.96533 0.381333 0.416658 0.381333 -0.416658
1 1 0 27.5489 0.1 7.56313 -1.54841 -3.96487 -1.54841 -3.96487 0.380906 0.417136 0.380906 -0.417136
1 1 0 27.544 0.1 7.55289 -1.54833 -3.96441 -1.54833 -3.96441 0.380479 0.417612 0.380479 -0.417612
1 1 0 27.539 0.1 7.54271 -1.54826 -3.96395 -1.54826 -3.96395 0.380054 0.418086 0.380054 -0.418086
1 1 0 27.534 0.1 7.53259 -1.54818 -3.96349 -1.54818 -3.96349 0.379629 0.418559 0.379629 -0.418559
1 1 0 27.529 0.1 7.52253 -1.54811 -3.96303 -1.54811 -3.96303 0.379204 0.41903 0.379204 -0.41903
1 1 0 27.5241 0.1 7.51252 -1.54803 -3.96257 -1.54803 -3.96257 0.378781 0.4195 0.378781 -0.4195
1 1 0 27.5191 0.1 7.50256 -1.54796 -3.96211 -1.54796 -3.96211 0.378358 0.419968 0.378358 -0.419968
1 1 0 27.5141 0.1 7.49266 -1.54788 -3.96165 -1.54788 -3.96165 0.377936 0.420434 0.377936 -0.420434
1 1 0 27.5091 0.1 7.48281 -1.54781 -3.96119 -1.54781 -3.96119 0.377515 0.420899 0.377515 -0.420899
1 1 0 27.5041 0.1 7.47302 -1.54773 -3.96073 -1.54773 -3.96073 0.377095 0.421362 0.377095 -0.421362
1 1 0 27.4992 0.1 7.46328 -1.54765 -3.96027 -1.54765 -3.96027 0.376675 0.421824 0.376675 -0.421824
1 1 0 27.4942 0.1 7.45359 -1.54758 -3.95982 -1.54758 -3.95982 0.376256 0.422284 0.376256 -0.422284
1 1 0 27.4892 0.1 7.44395 -1.5475 -3.95936 -1.5475 -3.95936 0.375838 0.422742 0.375838 -0.422742
1 1 0 27.4842 0.1 7.43437 -1.54742 -3.9589 -1.54742 -3.9589 0.37542 0.423199 0.37542 -0.423199
1 1 0 27.4792 0.1 7.42483 -1.54735 -3.95844 -1.54735 -3.95844 0.375003 0.423655 0.375003 -0.423655
1 1 0 27.4743 0.1 7.41535 -1.54727 -3.95799 -1.54727 -3.95799 0.374587 0.424109 0.374587 -0.424109
1 1 0 27.4693 0.1 7.40592 -1.54719 -3.95753 -1.54719 -3.95753 0.374172 0.424561 0.374172 -0.424561
1 1 0 27.4643 0.1 7.39653 -1.54712 -3.95707 -1.54712 -3.95707 0.373757 0.425012 0.373757 -0.425012
1 1 0 27.4593 0.1 7.3872 -1.54704 -3.95662 -1.54704 -3.95662 0.373344 0.425461 0.373344 -0.425461
1 1 0 27.4544 0.1 7.37792 -1.54696 -3.95616 -1.54696 -3.95616 0.372931 0.425909 0.372931 -0.425909
1 1 0 27.4494 0.1 7.36868 -1.54689 -3.9557 -1.54689 -3.9557 0.372518 0.426356 0.372518 -0.426356
1 1 0 27.4444 0.1 7.35949 -1.54681 -3.95525 -1.54681 -3.95525 0.372107 0.426801 0.372107 -0.426801
1 1 0 27.4394 0.1 7.35035 -1.54673 -3.95479 -1.54673 -3.95479 0.371696 0.427244 0.371696 -0.427244
1 1 0 27.4344 0.1 7.34126 -1.54665 -3.95434 -1.54665 -3.95434 0.371286 0.427686 0.371286 -0.427686
1 1 0 27.4295 0.1 7.33222 -1.54658 -3.95388 -1.54658 -3.95388 0.370876 0.428127 0.370876 -0.428127
1 1 0 27.4245 0.1 7.32322 -1.5465 -3.95343 -1.5465 -3.95343 0.370468 0.428566 0.370468 -0.428566
1 1 0 27.4195 0.1 7.31427 -1.54642 -3.95297 -1.54642 -3.95297 0.37006 0.429004 0.37006 -0.429004
1 1 0 27.4145 0.1 7.30536 -1.54634 -3.95252 -1.54634 -3.95252 0.369652 0.42944 0.369652 -0.42944
1 1 0 27.4095 0.1 7.2965 -1.54627 -3.95206 -1.54627 -3.95206 0.369246 0.429875 0.369246 -0.429875
1 1 0 27.4046 0.1 7.28769 -1.54619 -3.95161 -1.54619 -3.95161 0.36884 0.430308 0.36884 -0.430308
1 1 0 27.3996 0.1 7.27892 -1.54611 -3.95116 -1.54611 -3.95116 0.368435 0.43074 0.368435 -0.43074
1 1 0 27.3946 0.1 7.2702 -1.54603 -3.9507 -1.54603 -3.9507 0.368031 0.431171 0.368031 -0.431171
1 1 0 27.3896 0.1 7.26152 -1.54595 -3.95025 -1.54595 -3.95025 0.367627 0.4316 0.367627 -0.4316
1 1 0 27.3847 0.1 7.25288 -1.54587 -3.9498 -1.54587 -3.9498 0.367224 0.432028 0.367224 -0.432028
1 1 0 27.3797 0.1 7.24429 -1.5458 -3.94934 -1.5458 -3.94934 0.366822 0.432454 0.366822 -0.432454
1 1 0 27.3747 0.1 7.23574 -1.54572 -3.94889 -1.54572 -3.94889 0.36642 0.43288 0.36642 -0.43288
1 1 0 27.3697 0.1 7.22723 -1.54564 -3.94844 -1.54564 -3.94844 0.366019 0.433303 0.366019 -0.433303
1 1 0 27.3647 0.1 7.21877 -1.54556 -3.94799 -1.54556 -3.94799 0.365619 0.433726 0.365619 -0.433726
1 1 0 27.3598 0.1 7.21035 -1.54548 -3.94753 -1.54548 -3.94753 0.36522 0.434147 0.36522 -0.434147
1 1 0 27.3548 0.1 7.20197 -1.5454 -3.94708 -1.5454 -3.94708 0.364821 0.434566 0.364821 -0.434566
1 1 0 27.3498 0.1 7.19363 -1.54532 -3.94663 -1.54532 -3.94663 0.364423 0.434985 0.364423 -0.434985
1 1 0 27.3448 0.1 7.18534 -1.54524 -3.94618 -1.54524 -3.94618 0.364026 0.435402 0.364026 -0.435402
1 1 0 27.3398 0.1 7.17708 -1.54516 -3.94573 -1.54516 -3.94573 0.363629 0.435818 0.363629 -0.435818
1 1 0 27.3349 0.1 7.16887 -1.54508 -3.94528 -1.54508 -3.94528 0.363234 0.436232 0.363234 -0.436232
1 1 0 27.3299 0.1 7.16069 -1.54501 -3.94482 -1.54501 -3.94482 0.362838 0.436645 0.362838 -0.436645
1 1 0 27.3249 0.1 7.15256 -1.54493 -3.94437 -1.54493 -3.94437 0.362444 0.437057 0.362444 -0.437057
1 1 0 27.3199 0.1 7.14446 -1.54485 -3.94392 -1.54485 -3.94392 0.36205 0.437467 0.36205 -0.437467
1 1 0 27.3149 0.1 7.13641 -1.54477 -3.94347 -1.54477 -3.94347 0.361657 0.437877 0.361657 -0.437877
1 1 0 27.31 0.1 7.12839 -1.54469 -3.94302 -1.54469 -3.94302 0.361265 0.438284 0.361265 -0.438284
1 1 0 27.305 0.1 7.12042 -1.54461 -3.94257 -1.54461 -3.94257 0.360873 0.438691 0.360873 -0.438691
1 1 0 27.3 0.1 7.11248 -1.54453 -3.94212 -1.54453 -3.94212 0.360482 0.439096 0.360482 -0.439096
1 1 0 27.295 0.1 7.10458 -1.54445 -3.94167 -1.54445 -3.94167 0.360092 0.439501 0.360092 -0.439501
1 1 0 27.2901 0.1 7.09672 -1.54437 -3.94122 -1.54437 -3.94122 0.359702 0.439903 0.359702 -0.439903
1 1 0 27.2851 0.1 7.0889 -1.54428 -3.94078 -1.54428 -3.94078 0.359313 0.440305 0.359313 -0.440305
1 1 0 27.2801 0.1 7.08111 -1.5442 -3.94033 -1.5442 -3.94033 0.358925 0.440705 0.358925 -0.440705
1 1 0 27.2751 0.1 7.07336 -1.54412 -3.93988 -1.54412 -3.93988 0.358538 0.441105 0.358538 -0.441105
1 1 0 27.2701 0.1 7.06565 -1.54404 -3.93943 -1.54404 -3.93943 0.358151 0.441502 0.358151 -0.441502
1 1 0 27.2652 0.1 7.05798 -1.54396 -3.93898 -1.54396 -3.93898 0.357765 0.441899 0.357765 -0.441899
1 1 0 27.2602 0.1 7.05034 -1.54388 -3.93853 -1.54388 -3.93853 0.357379 0.442295 0.357379 -0.442295
1 1 0 27.2552 0.1 7.04274 -1.5438 -3.93808 -1.5438 -3.93808 0.356994 0.442689 0.356994 -0.442689
1 1 0 27.2502 0.1 7.03517 -1.54372 -3.93764 -1.54372 -3.93764 0.35661 0.443082 0.35661 -0.443082
1 1 0 27.2452 0.1 7.02764 -1.54364 -3.93719 -1.54364 -3.93719 0.356227 0.443474 0.356227 -0.443474
1 1 0 27.2403 0.1 7.02015 -1.54356 -3.93674 -1.54356 -3.93674 0.355844 0.443864 0.355844 -0.443864
1 1 0 27.2353 0.1 7.01269 -1.54348 -3.93629 -1.54348 -3.93629 0.355462 0.444254 0.355462 -0.444254
1 1 0 27.2303 0.1 7.00526 -1.54339 -3.93585 -1.54339 -3.93585 0.355081 0.444642 0.355081 -0.444642
1 1 0 27.2253 0.1 6.99787 -1.54331 -3.9354 -1.54331 -3.9354 0.3547 0.445029 0.3547 -0.445029
1 1 0 27.2203 0.1 6.99052 -1.54323 -3.93495 -1.54323 -3.93495 0.35432 0.445415 0.35432 -0.445415
1 1 0 27.2154 0.1 6.9832 -1.54315 -3.93451 -1.54315 -3.93451 0.353941 0.4458 0.353941 -0.4458
1 1 0 27.2104 0.1 6.97591 -1.54307 -3.93406 -1.54307 -3.93406 0.353562 0.446183 0.353562 -0.446183
1 1 0 27.2054 0.1 6.96866 -1.54299 -3.93362 -1.54299 -3.93362 0.353184 0.446566 0.353184 -0.446566
1 1 0 27.2004 0.1 6.96144 -1.5429 -3.93317 -1.5429 -3.93317 0.352807 0.446947 0.352807 -0.446947
1 1 0 27.1954 0.1 6.95425 -1.54282 -3.93272 -1.54282 -3.93272 0.35243 0.447327 0.35243 -0.447327
1 1 0 27.1905 0.1 6.9471 -1.54274 -3.93228 -1.54274 -3.93228 0.352054 0.447706 0.352054 -0.447706
1 1 0 27.1855 0.1 6.93998 -1.54266 -3.93183 -1.54266 -3.93183 0.351679 0.448084 0.351679 -0.448084
1 1 0 27.1805 0.1 6.93289 -1.54257 -3.93139 -1.54257 -3.93139 0.351304 0.44846 0.351304 -0.44846
1 1 0 27.1755 0.1 6.92583 -1.54249 -3.93094 -1.54249 -3.93094 0.35093 0.448836 0.35093 -0.448836
1 1 0 27.1705 0.1 6.91881 -1.54241 -3.9305 -1.54241 -3.9305 0.350557 0.44921 0.350557 -0.44921
1 1 0 27.1656 0.1 6.91182 -1.54233 -3.93006 -1.54233 -3.93006 0.350184 0.449584 0.350184 -0.449584
1 1 0 27.1606 0.1 6.90486 -1.54224 -3.92961 -1.54224 -3.92961 0.349812 0.449956 0.349812 -0.449956
1 1 0 27.1556 0.1 6.89793 -1.54216 -3.92917 -1.54216 -3.92917 0.349441 0.450327 0.349441 -0.450327
1 1 0 27.1506 0.1 6.89104 -1.54208 -3.92872 -1.54208 -3.92872 0.34907 0.450697 0.34907 -0.450697
1 1 0 27.1457 0.1 6.88417 -1.542 -3.92828 -1.542 -3.92828 0.3487 0.451066 0.3487 -0.451066
1 1 0 27.1407 0.1 6.87734 -1.54191 -3.92784 -1.54191 -3.92784 0.348331 0.451434 0.348331 -0.451434
1 1 0 27.1357 0.1 6.87053 -1.54183 -3.92739 -1.54183 -3.92739 0.347962 0.451801 0.347962 -0.451801
1 1 0 27.1307 0.1 6.86376 -1.54175 -3.92695 -1.54175 -3.92695 0.347594 0.452166 0.347594 -0.452166
1 1 0 27.1257 0.1 6.85702 -1.54166 -3.92651 -1.54166 -3.92651 0.347227 0.452531 0.347227 -0.452531
1 1 0 27.1208 0.1 6.8503 -1.54158 -3.92606 -1.54158 -3.92606 0.34686 0.452894 0.34686 -0.452894
1 1 0 27.1158 0.1 6.84362 -1.5415 -3.92562 -1.5415 -3.92562 0.346494 0.453257 0.346494 -0.453257
1 1 0 27.1108 0.1 6.83697 -1.54141 -3.92518 -1.54141 -3.92518 0.346129 0.453618 0.346129 -0.453618
1 1 0 27.1058 0.1 6.83035 -1.54133 -3.92474 -1.54133 -3.92474 0.345764 0.453978 0.345764 -0.453978
1 1 0 27.1008 0.1 6.82375 -1.54124 -3.92429 -1.54124 -3.92429 0.3454 0.454338 0.3454 -0.454338
1 1 0 27.0959 0.1 6.81719 -1.54116 -3.92385 -1.54116 -3.92385 0.345037 0.454696 0.345037 -0.454696
1 1 0 27.0909 0.1 6.81065 -1.54108 -3.92341 -1.54108 -3.92341 0.344674 0.455053 0.344674 -0.455053
1 1 0 27.0859 0.1 6.80414 -1.54099 -3.92297 -1.54099 -3.92297 0.344312 0.455409 0.344312 -0.455409
1 1 0 27.0809 0.1 6.79767 -1.54091 -3.92253 -1.54091 -3.92253 0.34395 0.455764 0.34395 -0.455764
1 1 0 27.0759 0.1 6.79122 -1.54082 -3.92209 -1.54082 -3.92209 0.34359 0.456119 0.34359 -0.456119
1 1 0 27.071 0.1 6.78479 -1.54074 -3.92165 -1.54074 -3.92165 0.343229 0.456472 0.343229 -0.456472
1 1 0 27.066 0.1 6.7784 -1.54066 -3.92121 -1.54066 -3.92121 0.34287 0.456824 0.34287 -0.456824
1 1 0 27.061 0.1 6.77204 -1.54057 -3.92076 -1.54057 -3.92076 0.342511 0.457175 0.342511 -0.457175
1 1 0 27.056 0.1 6.7657 -1.54049 -3.92032 -1.54049 -3.92032 0.342153 0.457525 0.342153 -0.457525
1 1 0 27.051 0.1 6.75939 -1.5404 -3.91988 -1.5404 -3.91988 0.341795 0.457874 0.341795 -0.457874
1 1 0 27.0461 0.1 6.7531 -1.54032 -3.91944 -1.54032 -3.91944 0.341438 0.458222 0.341438 -0.458222
1 1 0 27.0411 0.1 6.74685 -1.54023 -3.919 -1.54023 -3.919 0.341082 0.458569 0.341082 -0.458569
1 1 0 27.0361 0.1 6.74062 -1.54015 -3.91856 -1.54015 -3.91856 0.340726 0.458915 0.340726 -0.458915
1 1 0 27.0311 0.1 6.73442 -1.54006 -3.91813 -1.54006 -3.91813 0.340371 0.45926 0.340371 -0.45926
1 1 0 27.0261 0.1 6.72824 -1.53998 -3.91769 -1.53998 -3.91769 0.340017 0.459604 0.340017 -0.459604
1 1 0 27.0212 0.1 6.72209 -1.53989 -3.91725 -1.53989 -3.91725 0.339663 0.459947 0.339663 -0.459947
1 1 0 27.0162 0.1 6.71597 -1.53981 -3.91681 -1.53981 -3.91681 0.33931 0.460289 0.33931 -0.460289
1 1 0 27.0112 0.1 6.70987 -1.53972 -3.91637 -1.53972 -3.91637 0.338958 0.46063 0.338958 -0.46063
1 1 0 27.0062 0.1 6.7038 -1.53964 -3.91593 -1.53964 -3.91593 0.338606 0.46097 0.338606 -0.46097
1 1 0 27.0012 0.1 6.69776 -1.53955 -3.91549 -1.53955 -3.91549 0.338255 0.461309 0.338255 -0.461309
1 1 0 26.9963 0.1 6.69174 -1.53947 -3.91505 -1.53947 -3.91505 0.337904 0.461648 0.337904 -0.461648
1 1 0 26.9913 0.1 6.68575 -1.53938 -3.91462 -1.53938 -3.91462 0.337554 0.461985 0.337554 -0.461985
1 1 0 26.9863 0.1 6.67978 -1.53929 -3.91418 -1.53929 -3.91418 0.337205 0.462321 0.337205 -0.462321
1 1 0 26.9813 0.1 6.67384 -1.53921 -3.91374 -1.53921 -3.91374 0.336856 0.462657 0.336856 -0.462657
1 1 0 26.9763 0.1 6.66792 -1.53912 -3.9133 -1.53912 -3.9133 0.336508 0.462991 0.336508 -0.462991
1 1 0 26.9714 0.1 6.66203 -1.53904 -3.91287 -1.53904 -3.91287 0.336161 0.463325 0.336161 -0.463325
1 1 0 26.9664 0.1 6.65616 -1.53895 -3.91243 -1.53895 -3.91243 0.335814 0.463657 0.335814 -0.463657
1 1 0 26.9614 0.1 6.65032 -1.53886 -3.91199 -1.53886 -3.91199 0.335468 0.463989 0.335468 -0.463989
1 1 0 26.9564 0.1 6.6445 -1.53878 -3.91155 -1.53878 -3.91155 0.335123 0.46432 0.335123 -0.46432
1 1 0 26.9514 0.1 6.63871 -1.53869 -3.91112 -1.53869 -3.91112 0.334778 0.464649 0.334778 -0.464649
1 1 0 26.9465 0.1 6.63294 -1.53861 -3.91068 -1.53861 -3.91068 0.334433 0.464978 0.334433 -0.464978
1 1 0 26.9415 0.1 6.62719 -1.53852 -3.91024 -1.53852 -3.91024 0.33409 0.465306 0.33409 -0.465306
1 1 0 26.9365 0.1 6.62147 -1.53843 -3.90981 -1.53843 -3.90981 0.333747 0.465633 0.333747 -0.465633
1 1 0 26.9315 0.1 6.61577 -1.53835 -3.90937 -1.53835 -3.90937 0.333405 0.465959 0.333405 -0.465959
1 1 0 26.9265 0.1 6.6101 -1.53826 -3.90894 -1.53826 -3.90894 0.333063 0.466284 0.333063 -0.466284
1 1 0 26.9216 0.1 6.60445 -1.53817 -3.9085 -1.53817 -3.9085 0.332722 0.466609 0.332722 -0.466609
1 1 0 26.9166 0.1 6.59882 -1.53809 -3.90807 -1.53809 -3.90807 0.332381 0.466932 0.332381 -0.466932
1 1 0 26.9116 0.1 6.59322 -1.538 -3.90763 -1.538 -3.90763 0.332041 0.467255 0.332041 -0.467255
1 1 0 26.9066 0.1 6.58764 -1.53791 -3.9072 -1.53791 -3.9072 0.331702 0.467576 0.331702 -0.467576
1 1 0 26.9016 0.1 6.58208 -1.53782 -3.90676 -1.53782 -3.90676 0.331364 0.467897 0.331364 -0.467897
1 1 0 26.8967 0.1 6.57654 -1.53774 -3.90633 -1.53774 -3.90633 0.331026 0.468217 0.331026 -0.468217
1 1 0 26.8917 0.1 6.57103 -1.53765 -3.90589 -1.53765 -3.90589 0.330688 0.468536 0.330688 -0.468536
1 1 0 26.8867 0.1 6.56554 -1.53756 -3.90546 -1.53756 -3.90546 0.330351 0.468854 0.330351 -0.468854
1 1 0 26.8817 0.1 6.56007 -1.53748 -3.90502 -1.53748 -3.90502 0.330015 0.469171 0.330015 -0.469171
1 1 0 26.8767 0.1 6.55463 -1.53739 -3.90459 -1.53739 -3.90459 0.32968 0.469488 0.32968 -0.469488
1 1 0 26.8718 0.1 6.54921 -1.5373 -3.90415 -1.5373 -3.90415 0.329345 0.469803 0.329345 -0.469803
1 1 0 26.8668 0.1 6.54381 -1.53721 -3.90372 -1.53721 -3.90372 0.329011 0.470118 0.329011 -0.470118
1 1 0 26.8618 0.1 6.53843 -1.53712 -3.90329 -1.53712 -3.90329 0.328677 0.470432 0.328677 -0.470432
1 1 0 26.8568 0.1 6.53307 -1.53704 -3.90285 -1.53704 -3.90285 0.328344 0.470745 0.328344 -0.470745
1 1 0 26.8518 0.1 6.52774 -1.53695 -3.90242 -1.53695 -3.90242 0.328012 0.471057 0.328012 -0.471057
1 1 0 26.8468 0.1 6.52242 -1.53686 -3.90199 -1.53686 -3.90199 0.32768 0.471368 0.32768 -0.471368
1 1 0 26.8419 0.1 6.51713 -1.53677 -3.90155 -1.53677 -3.90155 0.327349 0.471678 0.327349 -0.471678
1 1 0 26.8369 0.1 6.51186 -1.53668 -3.90112 -1.53668 -3.90112 0.327018 0.471988 0.327018 -0.471988
1 1 0 26.8319 0.1 6.50661 -1.5366 -3.90069 -1.5366 -3.90069 0.326688 0.472297 0.326688 -0.472297
1 1 0 26.8269 0.1 6.50138 -1.53651 -3.90026 -1.53651 -3.90026 0.326359 0.472605 0.326359 -0.472605
1 1 0 26.8219 0.1 6.49617 -1.53642 -3.89982 -1.53642 -3.89982 0.32603 0.472912 0.32603 -0.472912
1 1 0 26.817 0.1 6.49099 -1.53633 -3.89939 -1.53633 -3.89939 0.325702 0.473218 0.325702 -0.473218
1 1 0 26.812 0.1 6.48582 -1.53624 -3.89896 -1.53624 -3.89896 0.325374 0.473523 0.325374 -0.473523
1 1 0 26.807 0.1 6.48068 -1.53615 -3.89853 -1.53615 -3.89853 0.325048 0.473828 0.325048 -0.473828
1 1 0 26.802 0.1 6.47555 -1.53607 -3.8981 -1.53607 -3.8981 0.324721 0.474132 0.324721 -0.474132
1 1 0 26.797 0.1 6.47045 -1.53598 -3.89766 -1.53598 -3.89766 0.324396 0.474435 0.324396 -0.474435
1 1 0 26.7921 0.1 6.46537 -1.53589 -3.89723 -1.53589 -3.89723 0.32407 0.474737 0.32407 -0.474737
1 1 0 26.7871 0.1 6.4603 -1.5358 -3.8968 -1.5358 -3.8968 0.323746 0.475038 0.323746 -0.475038
1 1 0 26.7821 0.1 6.45526 -1.53571 -3.89637 -1.53571 -3.89637 0.323422 0.475339 0.323422 -0.475339
1 1 0 26.7771 0.1 6.45024 -1.53562 -3.89594 -1.53562 -3.89594 0.323099 0.475638 0.323099 -0.475638
1 1 0 26.7721 0.1 6.44523 -1.53553 -3.89551 -1.53553 -3.89551 0.322776 0.475937 0.322776 -0.475937
1 1 0 26.7672 0.1 6.44025 -1.53544 -3.89508 -1.53544 -3.89508 0.322454 0.476235 0.322454 -0.476235
1 1 0 26.7622 0.1 6.43528 -1.53535 -3.89465 -1.53535 -3.89465 0.322133 0.476533 0.322133 -0.476533
1 1 0 26.7572 0.1 6.43034 -1.53526 -3.89422 -1.53526 -3.89422 0.321812 0.476829 0.321812 -0.476829
1 1 0 26.7522 0.1 6.42541 -1.53518 -3.89379 -1.53518 -3.89379 0.321492 0.477125 0.321492 -0.477125
1 1 0 26.7472 0.1 6.42051 -1.53509 -3.89336 -1.53509 -3.89336 0.321172 0.47742 0.321172 -0.47742
1 1 0 26.7423 0.1 6.41562 -1.535 -3.89293 -1.535 -3.89293 0.320853 0.477714 0.320853 -0.477714
1 1 0 26.7373 0.1 6.41076 -1.53491 -3.8925 -1.53491 -3.8925 0.320535 0.478008 0.320535 -0.478008
1 1 0 26.7323 0.1 6.40591 -1.53482 -3.89207 -1.53482 -3.89207 0.320217 0.4783 0.320217 -0.4783
1 1 0 26.7273 0.1 6.40108 -1.53473 -3.89164 -1.53473 -3.89164 0.3199 0.478592 0.3199 -0.478592
1 1 0 26.7223 0.1 6.39627 -1.53464 -3.89121 -1.53464 -3.89121 0.319583 0.478883 0.319583 -0.478883
1 1 0 26.7174 0.1 6.39148 -1.53455 -3.89078 -1.53455 -3.89078 0.319267 0.479174 0.319267 -0.479174
1 1 0 26.7124 0.1 6.3867 -1.53446 -3.89035 -1.53446 -3.89035 0.318951 0.479463 0.318951 -0.479463
1 1 0 26.7074 0.1 6.38195 -1.53437 -3.88993 -1.53437 -3.88993 0.318637 0.479752 0.318637 -0.479752
1 1 0 26.7024 0.1 6.37721 -1.53428 -3.8895 -1.53428 -3.8895 0.318322 0.48004 0.318322 -0.48004
1 1 0 26.6974 0.1 6.3725 -1.53419 -3.88907 -1.53419 -3.88907 0.318009 0.480327 0.318009 -0.480327
1 1 0 26.6924 0.1 6.3678 -1.5341 -3.88864 -1.5341 -3.88864 0.317696 0.480614 0.317696 -0.480614
1 1 0 26.6875 0.1 6.36311 -1.53401 -3.88821 -1.53401 -3.88821 0.317383 0.4809 0.317383 -0.4809
1 1 0 26.6825 0.1 6.35845 -1.53392 -3.88778 -1.53392 -3.88778 0.317071 0.481185 0.317071 -0.481185
1 1 0 26.6775 0.1 6.35381 -1.53383 -3.88736 -1.53383 -3.88736 0.31676 0.481469 0.31676 -0.481469
1 1 0 26.6725 0.1 6.34918 -1.53373 -3.88693 -1.53373 -3.88693 0.31645 0.481753 0.31645 -0.481753
1 1 0 26.6675 0.1 6.34457 -1.53364 -3.8865 -1.53364 -3.8865 0.31614 0.482036 0.31614 -0.482036
1 1 0 26.6626 0.1 6.33998 -1.53355 -3.88607 -1.53355 -3.88607 0.31583 0.482318 0.31583 -0.482318
1 1 0 26.6576 0.1 6.3354 -1.53346 -3.88565 -1.53346 -3.88565 0.315521 0.482599 0.315521 -0.482599
1 1 0 26.6526 0.1 6.33085 -1.53337 -3.88522 -1.53337 -3.88522 0.315213 0.48288 0.315213 -0.48288
1 1 0 26.6476 0.1 6.32631 -1.53328 -3.88479 -1.53328 -3.88479 0.314905 0.48316 0.314905 -0.48316
1 1 0 26.6426 0.1 6.32179 -1.53319 -3.88437 -1.53319 -3.88437 0.314598 0.483439 0.314598 -0.483439
1 1 0 26.6377 0.1 6.31728 -1.5331 -3.88394 -1.5331 -3.88394 0.314292 0.483718 0.314292 -0.483718
1 1 0 26.6327 0.1 6.3128 -1.53301 -3.88351 -1.53301 -3.88351 0.313986 0.483995 0.313986 -0.483995
1 1 0 26.6277 0.1 6.30833 -1.53292 -3.88309 -1.53292 -3.88309 0.31368 0.484272 0.31368 -0.484272
1 1 0 26.6227 0.1 6.30387 -1.53283 -3.88266 -1.53283 -3.88266 0.313376 0.484549 0.313376 -0.484549
1 1 0 26.6177 0.1 6.29944 -1.53273 -3.88224 -1.53273 -3.88224 0.313072 0.484824 0.313072 -0.484824
1 1 0 26.6128 0.1 6.29502 -1.53264 -3.88181 -1.53264 -3.88181 0.312768 0.485099 0.312768 -0.485099
1 1 0 26.6078 0.1 6.29062 -1.53255 -3.88139 -1.53255 -3.88139 0.312465 0.485374 0.312465 -0.485374
1 1 0 26.6028 0.1 6.28623 -1.53246 -3.88096 -1.53246 -3.88096 0.312163 0.485647 0.312163 -0.485647
1 1 0 26.5978 0.1 6.28186 -1.53237 -3.88054 -1.53237 -3.88054 0.311861 0.48592 0.311861 -0.48592
1 1 0 26.5928 0.1 6.27751 -1.53228 -3.88011 -1.53228 -3.88011 0.31156 0.486192 0.31156 -0.486192
1 1 0 26.5878 0.1 6.27317 -1.53218 -3.87969 -1.53218 -3.87969 0.311259 0.486463 0.311259 -0.486463
1 1 0 26.5829 0.1 6.26885 -1.53209 -3.87926 -1.53209 -3.87926 0.310959 0.486734 0.310959 -0.486734
1 1 0 26.5779 0.1 6.26455 -1.532 -3.87884 -1.532 -3.87884 0.31066 0.487004 0.31066 -0.487004
1 1 0 26.5729 0.1 6.26026 -1.53191 -3.87841 -1.53191 -3.87841 0.310361 0.487274 0.310361 -0.487274
1 1 0 26.5679 0.1 6.25599 -1.53182 -3.87799 -1.53182 -3.87799 0.310062 0.487542 0.310062 -0.487542
1 1 0 26.5629 0.1 6.25174 -1.53172 -3.87756 -1.53172 -3.87756 0.309765 0.48781 0.309765 -0.48781
1 1 0 26.558 0.1 6.2475 -1.53163 -3.87714 -1.53163 -3.87714 0.309468 0.488078 0.309468 -0.488078
1 1 0 26.553 0.1 6.24327 -1.53154 -3.87671 -1.53154 -3.87671 0.309171 0.488344 0.309171 -0.488344
1 1 0 26.548 0.1 6.23907 -1.53145 -3.87629 -1.53145 -3.87629 0.308875 0.48861 0.308875 -0.48861
1 1 0 26.543 0.1 6.23487 -1.53135 -3.87587 -1.53135 -3.87587 0.30858 0.488875 0.30858 -0.488875
1 1 0 26.538 0.1 6.2307 -1.53126 -3.87544 -1.53126 -3.87544 0.308285 0.48914 0.308285 -0.48914
1 1 0 26.5331 0.1 6.22654 -1.53117 -3.87502 -1.53117 -3.87502 0.307991 0.489404 0.307991 -0.489404
1 1 0 26.5281 0.1 6.22239 -1.53108 -3.8746 -1.53108 -3.8746 0.307697 0.489667 0.307697 -0.489667
1 1 0 26.5231 0.1 6.21826 -1.53098 -3.87417 -1.53098 -3.87417 0.307404 0.48993 0.307404 -0.48993
1 1 0 26.5181 0.1 6.21415 -1.53089 -3.87375 -1.53089 -3.87375 0.307112 0.490192 0.307112 -0.490192
1 1 0 26.5131 0.1 6.21005 -1.5308 -3.87333 -1.5308 -3.87333 0.30682 0.490453 0.30682 -0.490453
1 1 0 26.5082 0.1 6.20597 -1.53071 -3.87291 -1.53071 -3.87291 0.306529 0.490714 0.306529 -0.490714
1 1 0 26.5032 0.1 6.2019 -1.53061 -3.87248 -1.53061 -3.87248 0.306238 0.490974 0.306238 -0.490974
1 1 0 26.4982 0.1 6.19785 -1.53052 -3.87206 -1.53052 -3.87206 0.305948 0.491233 0.305948 -0.491233
1 1 0 26.4932 0.1 6.19381 -1.53043 -3.87164 -1.53043 -3.87164 0.305658 0.491492 0.305658 -0.491492
1 1 0 26.4882 0.1 6.18978 -1.53033 -3.87122 -1.53033 -3.87122 0.305369 0.49175 0.305369 -0.49175
1 1 0 26.4832 0.1 6.18578 -1.53024 -3.8708 -1.53024 -3.8708 0.305081 0.492007 0.305081 -0.492007
1 1 0 26.4783 0.1 6.18178 -1.53015 -3.87037 -1.53015 -3.87037 0.304793 0.492264 0.304793 -0.492264
1 1 0 26.4733 0.1 6.1778 -1.53005 -3.86995 -1.53005 -3.86995 0.304506 0.49252 0.304506 -0.49252
1 1 0 26.4683 0.1 6.17384 -1.52996 -3.86953 -1.52996 -3.86953 0.304219 0.492776 0.304219 -0.492776
1 1 0 26.4633 0.1 6.16989 -1.52987 -3.86911 -1.52987 -3.86911 0.303933 0.493031 0.303933 -0.493031
1 1 0 26.4583 0.1 6.16595 -1.52977 -3.86869 -1.52977 -3.86869 0.303648 0.493285 0.303648 -0.493285
1 1 0 26.4534 0.1 6.16203 -1.52968 -3.86827 -1.52968 -3.86827 0.303363 0.493539 0.303363 -0.493539
1 1 0 26.4484 0.1 6.15813 -1.52959 -3.86785 -1.52959 -3.86785 0.303078 0.493791 0.303078 -0.493791
1 1 0 26.4434 0.1 6.15424 -1.52949 -3.86743 -1.52949 -3.86743 0.302794 0.494044 0.302794 -0.494044
1 1 0 26.4384 0.1 6.15036 -1.5294 -3.86701 -1.5294 -3.86701 0.302511 0.494296 0.302511 -0.494296
1 1 0 26.4334 0.1 6.1465 -1.5293 -3.86659 -1.5293 -3.86659 0.302229 0.494547 0.302229 -0.494547
1 1 0 26.4284 0.1 6.14265 -1.52921 -3.86617 -1.52921 -3.86617 0.301947 0.494797 0.301947 -0.494797
1 1 0 26.4235 0.1 6.13881 -1.52912 -3.86575 -1.52912 -3.86575 0.301665 0.495047 0.301665 -0.495047
1 1 0 26.4185 0.1 6.13499 -1.52902 -3.86533 -1.52902 -3.86533 0.301384 0.495296 0.301384 -0.495296
1 1 0 26.4135 0.1 6.13118 -1.52893 -3.86491 -1.52893 -3.86491 0.301104 0.495545 0.301104 -0.495545
1 1 0 26.4085 0.1 6.12739 -1.52883 -3.86449 -1.52883 -3.86449 0.300824 0.495793 0.300824 -0.495793
1 1 0 26.4035 0.1 6.12361 -1.52874 -3.86407 -1.52874 -3.86407 0.300545 0.49604 0.300545 -0.49604
1 1 0 26.3986 0.1 6.11985 -1.52865 -3.86365 -1.52865 -3.86365 0.300266 0.496287 0.300266 -0.496287
1 1 0 26.3936 0.1 6.11609 -1.52855 -3.86323 -1.52855 -3.86323 0.299988 0.496533 0.299988 -0.496533
1 1 0 26.3886 0.1 6.11236 -1.52846 -3.86281 -1.52846 -3.86281 0.299711 0.496779 0.299711 -0.496779
1 1 0 26.3836 0.1 6.10863 -1.52836 -3.86239 -1.52836 -3.86239 0.299434 0.497024 0.299434 -0.497024
1 1 0 26.3786 0.1 6.10492 -1.52827 -3.86197 -1.52827 -3.86197 0.299157 0.497268 0.299157 -0.497268
1 1 0 26.3737 0.1 6.10122 -1.52817 -3.86155 -1.52817 -3.86155 0.298881 0.497512 0.298881 -0.497512
1 1 0 26.3687 0.1 6.09754 -1.52808 -3.86113 -1.52808 -3.86113 0.298606 0.497755 0.298606 -0.497755
1 1 0 26.3637 0.1 6.09387 -1.52798 -3.86071 -1.52798 -3.86071 0.298332 0.497998 0.298332 -0.497998
1 1 0 26.3587 0.1 6.09021 -1.52789 -3.8603 -1.52789 -3.8603 0.298057 0.49824 0.298057 -0.49824
1 1 0 26.3537 0.1 6.08657 -1.52779 -3.85988 -1.52779 -3.85988 0.297784 0.498481 0.297784 -0.498481
1 1 0 26.3487 0.1 6.08294 -1.5277 -3.85946 -1.5277 -3.85946 0.297511 0.498722 0.297511 -0.498722
1 1 0 26.3438 0.1 6.07932 -1.5276 -3.85904 -1.5276 -3.85904 0.297239 0.498962 0.297239 -0.498962
1 1 0 26.3388 0.1 6.07571 -1.52751 -3.85862 -1.52751 -3.85862 0.296967 0.499202 0.296967 -0.499202
1 1 0 26.3338 0.1 6.07212 -1.52741 -3.85821 -1.52741 -3.85821 0.296696 0.499441 0.296696 -0.499441
1 1 0 26.3288 0.1 6.06854 -1.52732 -3.85779 -1.52732 -3.85779 0.296425 0.49968 0.296425 -0.49968
1 1 0 26.3238 0.1 6.06498 -1.52722 -3.85737 -1.52722 -3.85737 0.296155 0.499918 0.296155 -0.499918
1 1 0 26.3189 0.1 6.06142 -1.52713 -3.85696 -1.52713 -3.85696 0.295885 0.500155 0.295885 -0.500155
1 1 0 26.3139 0.1 6.05788 -1.52703 -3.85654 -1.52703 -3.85654 0.295616 0.500392 0.295616 -0.500392
1 1 0 26.3089 0.1 6.05436 -1.52694 -3.85612 -1.52694 -3.85612 0.295348 0.500628 0.295348 -0.500628
1 1 0 26.3039 0.1 6.05084 -1.52684 -3.8557 -1.52684 -3.8557 0.29508 0.500863 0.29508 -0.500863
1 1 0 26.2989 0.1 6.04734 -1.52674 -3.85529 -1.52674 -3.85529 0.294813 0.501099 0.294813 -0.501099
1 1 0 26.2939 0.1 6.04385 -1.52665 -3.85487 -1.52665 -3.85487 0.294546 0.501333 0.294546 -0.501333
1 1 0 26.289 0.1 6.04037 -1.52655 -3.85446 -1.52655 -3.85446 0.29428 0.501567 0.29428 -0.501567
1 1 0 26.284 0.1 6.03691 -1.52646 -3.85404 -1.52646 -3.85404 0.294014 0.5018 0.294014 -0.5018
1 1 0 26.279 0.1 6.03346 -1.52636 -3.85362 -1.52636 -3.85362 0.293749 0.502033 0.293749 -0.502033
1 1 0 26.274 0.1 6.03002 -1.52626 -3.85321 -1.52626 -3.85321 0.293485 0.502265 0.293485 -0.502265
1 1 0 26.269 0.1 6.02659 -1.52617 -3.85279 -1.52617 -3.85279 0.293221 0.502497 0.293221 -0.502497
1 1 0 26.2641 0.1 6.02317 -1.52607 -3.85238 -1.52607 -3.85238 0.292957 0.502728 0.292957 -0.502728
1 1 0 26.2591 0.1 6.01977 -1.52598 -3.85196 -1.52598 -3.85196 0.292695 0.502959 0.292695 -0.502959
1 1 0 26.2541 0.1 6.01638 -1.52588 -3.85154 -1.52588 -3.85154 0.292432 0.503189 0.292432 -0.503189
1 1 0 26.2491 0.1 6.013 -1.52578 -3.85113 -1.52578 -3.85113 0.292171 0.503418 0.292171 -0.503418
1 1 0 26.2441 0.1 6.00964 -1.52569 -3.85071 -1.52569 -3.85071 0.29191 0.503647 0.29191 -0.503647
1 1 0 26.2391 0.1 6.00628 -1.52559 -3.8503 -1.52559 -3.8503 0.291649 0.503876 0.291649 -0.503876
1 1 0 26.2342 0.1 6.00294 -1.52549 -3.84988 -1.52549 -3.84988 0.291389 0.504104 0.291389 -0.504104
1 1 0 26.2292 0.1 5.99961 -1.5254 -3.84947 -1.5254 -3.84947 0.29113 0.504331 0.29113 -0.504331
1 1 0 26.2242 0.1 5.99629 -1.5253 -3.84905 -1.5253 -3.84905 0.290871 0.504558 0.290871 -0.504558
1 1 0 26.2192 0.1 5.99298 -1.5252 -3.84864 -1.5252 -3.84864 0.290612 0.504784 0.290612 -0.504784
1 1 0 26.2142 0.1 5.98969 -1.52511 -3.84823 -1.52511 -3.84823 0.290355 0.50501 0.290355 -0.50501
1 1 0 26.2093 0.1 5.9864 -1.52501 -3.84781 -1.52501 -3.84781 0.290098 0.505235 0.290098 -0.505235
1 1 0 26.2043 0.1 5.98313 -1.52491 -3.8474 -1.52491 -3.8474 0.289841 0.505459 0.289841 -0.505459
1 1 0 26.1993 0.1 5.97987 -1.52482 -3.84698 -1.52482 -3.84698 0.289585 0.505684 0.289585 -0.505684
1 1 0 26.1943 0.1 5.97662 -1.52472 -3.84657 -1.52472 -3.84657 0.289329 0.505907 0.289329 -0.505907
1 1 0 26.1893 0.1 5.97339 -1.52462 -3.84616 -1.52462 -3.84616 0.289074 0.50613 0.289074 -0.50613
1 1 0 26.1843 0.1 5.97016 -1.52453 -3.84574 -1.52453 -3.84574 0.28882 0.506353 0.28882 -0.506353
1 1 0 26.1794 0.1 5.96695 -1.52443 -3.84533 -1.52443 -3.84533 0.288566 0.506575 0.288566 -0.506575
1 1 0 26.1744 0.1 5.96375 -1.52433 -3.84492 -1.52433 -3.84492 0.288313 0.506796 0.288313 -0.506796
1 1 0 26.1694 0.1 5.96055 -1.52423 -3.8445 -1.52423 -3.8445 0.28806 0.507017 0.28806 -0.507017
1 1 0 26.1644 0.1 5.95737 -1.52414 -3.84409 -1.52414 -3.84409 0.287808 0.507237 0.287808 -0.507237
1 1 0 26.1594 0.1 5.95421 -1.52404 -3.84368 -1.52404 -3.84368 0.287556 0.507457 0.287556 -0.507457
1 1 0 26.1545 0.1 5.95105 -1.52394 -3.84326 -1.52394 -3.84326 0.287305 0.507677 0.287305 -0.507677
1 1 0 26.1495 0.1 5.9479 -1.52384 -3.84285 -1.52384 -3.84285 0.287055 0.507896 0.287055 -0.507896
1 1 0 26.1445 0.1 5.94477 -1.52375 -3.84244 -1.52375 -3.84244 0.286805 0.508114 0.286805 -0.508114
1 1 0 26.1395 0.1 5.94164 -1.52365 -3.84203 -1.52365 -3.84203 0.286555 0.508332 0.286555 -0.508332
1 1 0 26.1345 0.1 5.93853 -1.52355 -3.84161 -1.52355 -3.84161 0.286307 0.508549 0.286307 -0.508549
1 1 0 26.1295 0.1 5.93543 -1.52345 -3.8412 -1.52345 -3.8412 0.286058 0.508766 0.286058 -0.508766
1 1 0 26.1246 0.1 5.93234 -1.52335 -3.84079 -1.52335 -3.84079 0.285811 0.508982 0.285811 -0.508982
1 1 0 26.1196 0.1 5.92926 -1.52326 -3.84038 -1.52326 -3.84038 0.285563 0.509198 0.285563 -0.509198
1 1 0 26.1146 0.1 5.92619 -1.52316 -3.83997 -1.52316 -3.83997 0.285317 0.509413 0.285317 -0.509413
1 1 0 26.1096 0.1 5.92313 -1.52306 -3.83956 -1.52306 -3.83956 0.285071 0.509628 0.285071 -0.509628
1 1 0 26.1046 0.1 5.92008 -1.52296 -3.83914 -1.52296 -3.83914 0.284825 0.509842 0.284825 -0.509842
1 1 0 26.0997 0.1 5.91705 -1.52286 -3.83873 -1.52286 -3.83873 0.28458 0.510056 0.28458 -0.510056
1 1 0 26.0947 0.1 5.91402 -1.52277 -3.83832 -1.52277 -3.83832 0.284336 0.51027 0.284336 -0.51027
1 1 0 26.0897 0.1 5.91101 -1.52267 -3.83791 -1.52267 -3.83791 0.284092 0.510482 0.284092 -0.510482
1 1 0 26.0847 0.1 5.908 -1.52257 -3.8375 -1.52257 -3.8375 0.283849 0.510695 0.283849 -0.510695
1 1 0 26.0797 0.1 5.90501 -1.52247 -3.83709 -1.52247 -3.83709 0.283606 0.510906 0.283606 -0.510906
1 1 0 26.0747 0.1 5.90202 -1.52237 -3.83668 -1.52237 -3.83668 0.283364 0.511118 0.283364 -0.511118
1 1 0 26.0698 0.1 5.89905 -1.52227 -3.83627 -1.52227 -3.83627 0.283122 0.511329 0.283122 -0.511329
1 1 0 26.0648 0.1 5.89609 -1.52218 -3.83586 -1.52218 -3.83586 0.282881 0.511539 0.282881 -0.511539
1 1 0 26.0598 0.1 5.89314 -1.52208 -3.83545 -1.52208 -3.83545 0.28264 0.511749 0.28264 -0.511749
1 1 0 26.0548 0.1 5.8902 -1.52198 -3.83504 -1.52198 -3.83504 0.2824 0.511958 0.2824 -0.511958
1 1 0 26.0498 0.1 5.88727 -1.52188 -3.83463 -1.52188 -3.83463 0.282161 0.512167 0.282161 -0.512167
1 1 0 26.0448 0.1 5.88434 -1.52178 -3.83422 -1.52178 -3.83422 0.281922 0.512376 0.281922 -0.512376
1 1 0 26.0399 0.1 5.88143 -1.52168 -3.83381 -1.52168 -3.83381 0.281684 0.512583 0.281684 -0.512583
1 1 0 26.0349 0.1 5.87853 -1.52158 -3.8334 -1.52158 -3.8334 0.281446 0.512791 0.281446 -0.512791
1 1 0 26.0299 0.1 5.87564 -1.52148 -3.83299 -1.52148 -3.83299 0.281209 0.512998 0.281209 -0.512998
1 1 0 26.0249 0.1 5.87276 -1.52138 -3.83258 -1.52138 -3.83258 0.280972 0.513204 0.280972 -0.513204
1 1 0 26.0199 0.1 5.86989 -1.52129 -3.83217 -1.52129 -3.83217 0.280736 0.51341 0.280736 -0.51341
1 1 0 26.015 0.1 5.86703 -1.52119 -3.83176 -1.52119 -3.83176 0.2805 0.513616 0.2805 -0.513616
1 1 0 26.01 0.1 5.86419 -1.52109 -3.83135 -1.52109 -3.83135 0.280265 0.513821 0.280265 -0.513821
1 1 0 26.005 0.1 5.86135 -1.52099 -3.83094 -1.52099 -3.83094 0.280031 0.514026 0.280031 -0.514026
1 1 0 26 0.1 5.85852 -1.52089 -3.83053 -1.52089 -3.83053 0.279797 0.51423 0.279797 -0.51423
1 1 0 25.995 0.1 5.8557 -1.52079 -3.83012 -1.52079 -3.83012 0.279563 0.514433 0.279563 -0.514433
1 1 0 25.99 0.1 5.85289 -1.52069 -3.82972 -1.52069 -3.82972 0.279331 0.514636 0.279331 -0.514636
1 1 0 25.9851 0.1 5.85009 -1.52059 -3.82931 -1.52059 -3.82931 0.279098 0.514839 0.279098 -0.514839
1 1 0 25.9801 0.1 5.8473 -1.52049 -3.8289 -1.52049 -3.8289 0.278866 0.515041 0.278866 -0.515041
1 1 0 25.9751 0.1 5.84452 -1.52039 -3.82849 -1.52039 -3.82849 0.278635 0.515243 0.278635 -0.515243
1 1 0 25.9701 0.1 5.84175 -1.52029 -3.82808 -1.52029 -3.82808 0.278405 0.515445 0.278405 -0.515445
1 1 0 25.9651 0.1 5.83899 -1.52019 -3.82767 -1.52019 -3.82767 0.278174 0.515645 0.278174 -0.515645
1 1 0 25.9602 0.1 5.83624 -1.52009 -3.82727 -1.52009 -3.82727 0.277945 0.515846 0.277945 -0.515846
1 1 0 25.9552 0.1 5.83349 -1.51999 -3.82686 -1.51999 -3.82686 0.277716 0.516046 0.277716 -0.516046
1 1 0 25.9502 0.1 5.83076 -1.51989 -3.82645 -1.51989 -3.82645 0.277487 0.516245 0.277487 -0.516245
1 1 0 25.9452 0.1 5.82804 -1.51979 -3.82604 -1.51979 -3.82604 0.277259 0.516444 0.277259 -0.516444
1 1 0 25.9402 0.1 5.82533 -1.51969 -3.82564 -1.51969 -3.82564 0.277032 0.516643 0.277032 -0.516643
1 1 0 25.9352 0.1 5.82263 -1.51959 -3.82523 -1.51959 -3.82523 0.276805 0.516841 0.276805 -0.516841
1 1 0 25.9303 0.1 5.81993 -1.51949 -3.82482 -1.51949 -3.82482 0.276579 0.517039 0.276579 -0.517039
1 1 0 25.9253 0.1 5.81725 -1.51939 -3.82442 -1.51939 -3.82442 0.276353 0.517236 0.276353 -0.517236
1 1 0 25.9203 0.1 5.81457 -1.51929 -3.82401 -1.51929 -3.82401 0.276128 0.517433 0.276128 -0.517433
1 1 0 25.9153 0.1 5.81191 -1.51919 -3.8236 -1.51919 -3.8236 0.275903 0.517629 0.275903 -0.517629
1 1 0 25.9103 0.1 5.80925 -1.51909 -3.8232 -1.51909 -3.8232 0.275679 0.517825 0.275679 -0.517825
1 1 0 25.9053 0.1 5.80661 -1.51899 -3.82279 -1.51899 -3.82279 0.275456 0.518021 0.275456 -0.518021
1 1 0 25.9004 0.1 5.80397 -1.51889 -3.82238 -1.51889 -3.82238 0.275233 0.518216 0.275233 -0.518216
1 1 0 25.8954 0.1 5.80134 -1.51879 -3.82198 -1.51879 -3.82198 0.27501 0.51841 0.27501 -0.51841
1 1 0 25.8904 0.1 5.79873 -1.51869 -3.82157 -1.51869 -3.82157 0.274788 0.518604 0.274788 -0.518604
1 1 0 25.8854 0.1 5.79612 -1.51859 -3.82116 -1.51859 -3.82116 0.274567 0.518798 0.274567 -0.518798
1 1 0 25.8804 0.1 5.79352 -1.51848 -3.82076 -1.51848 -3.82076 0.274346 0.518991 0.274346 -0.518991
1 1 0 25.8754 0.1 5.79093 -1.51838 -3.82035 -1.51838 -3.82035 0.274126 0.519184 0.274126 -0.519184
1 1 0 25.8705 0.1 5.78834 -1.51828 -3.81995 -1.51828 -3.81995 0.273906 0.519376 0.273906 -0.519376
1 1 0 25.8655 0.1 5.78577 -1.51818 -3.81954 -1.51818 -3.81954 0.273687 0.519568 0.273687 -0.519568
1 1 0 25.8605 0.1 5.78321 -1.51808 -3.81914 -1.51808 -3.81914 0.273468 0.51976 0.273468 -0.51976
1 1 0 25.8555 0.1 5.78065 -1.51798 -3.81873 -1.51798 -3.81873 0.27325 0.519951 0.27325 -0.519951
1 1 0 25.8505 0.1 5.77811 -1.51788 -3.81833 -1.51788 -3.81833 0.273033 0.520142 0.273033 -0.520142
1 1 0 25.8456 0.1 5.77557 -1.51778 -3.81792 -1.51778 -3.81792 0.272815 0.520332 0.272815 -0.520332
1 1 0 25.8406 0.1 5.77304 -1.51768 -3.81752 -1.51768 -3.81752 0.272599 0.520522 0.272599 -0.520522
1 1 0 25.8356 0.1 5.77052 -1.51757 -3.81711 -1.51757 -3.81711 0.272383 0.520711 0.272383 -0.520711
1 1 0 25.8306 0.1 5.76802 -1.51747 -3.81671 -1.51747 -3.81671 0.272168 0.5209 0.272168 -0.5209
1 1 0 25.8256 0.1 5.76551 -1.51737 -3.8163 -1.51737 -3.8163 0.271953 0.521088 0.271953 -0.521088
1 1 0 25.8206 0.1 5.76302 -1.51727 -3.8159 -1.51727 -3.8159 0.271738 0.521276 0.271738 -0.521276
1 1 0 25.8157 0.1 5.76054 -1.51717 -3.81549 -1.51717 -3.81549 0.271525 0.521464 0.271525 -0.521464
1 1 0 25.8107 0.1 5.75806 -1.51707 -3.81509 -1.51707 -3.81509 0.271311 0.521651 0.271311 -0.521651
1 1 0 25.8057 0.1 5.7556 -1.51697 -3.81469 -1.51697 -3.81469 0.271099 0.521838 0.271099 -0.521838
1 1 0 25.8007 0.1 5.75314 -1.51686 -3.81428 -1.51686 -3.81428 0.270887 0.522025 0.270887 -0.522025
1 1 0 25.7957 0.1 5.75069 -1.51676 -3.81388 -1.51676 -3.81388 0.270675 0.522211 0.270675 -0.522211
1 1 0 25.7907 0.1 5.74825 -1.51666 -3.81347 -1.51666 -3.81347 0.270464 0.522396 0.270464 -0.522396
1 1 0 25.7858 0.1 5.74582 -1.51656 -3.81307 -1.51656 -3.81307 0.270253 0.522581 0.270253 -0.522581
1 1 0 25.7808 0.1 5.7434 -1.51646 -3.81267 -1.51646 -3.81267 0.270043 0.522766 0.270043 -0.522766
1 1 0 25.7758 0.1 5.74099 -1.51635 -3.81226 -1.51635 -3.81226 0.269834 0.52295 0.269834 -0.52295
1 1 0 25.7708 0.1 5.73858 -1.51625 -3.81186 -1.51625 -3.81186 0.269625 0.523134 0.269625 -0.523134
1 1 0 25.7658 0.1 5.73618 -1.51615 -3.81146 -1.51615 -3.81146 0.269417 0.523318 0.269417 -0.523318
1 1 0 25.7609 0.1 5.7338 -1.51605 -3.81105 -1.51605 -3.81105 0.269209 0.523501 0.269209 -0.523501
1 1 0 25.7559 0.1 5.73142 -1.51595 -3.81065 -1.51595 -3.81065 0.269002 0.523684 0.269002 -0.523684
1 1 0 25.7509 0.1 5.72904 -1.51584 -3.81025 -1.51584 -3.81025 0.268795 0.523866 0.268795 -0.523866
1 1 0 25.7459 0.1 5.72668 -1.51574 -3.80985 -1.51574 -3.80985 0.268589 0.524048 0.268589 -0.524048
1 1 0 25.7409 0.1 5.72433 -1.51564 -3.80944 -1.51564 -3.80944 0.268383 0.524229 0.268383 -0.524229
1 1 0 25.7359 0.1 5.72198 -1.51554 -3.80904 -1.51554 -3.80904 0.268178 0.52441 0.268178 -0.52441
1 1 0 25.731 0.1 5.71964 -1.51543 -3.80864 -1.51543 -3.80864 0.267973 0.524591 0.267973 -0.524591
1 1 0 25.726 0.1 5.71731 -1.51533 -3.80824 -1.51533 -3.80824 0.267769 0.524771 0.267769 -0.524771
1 1 0 25.721 0.1 5.71499 -1.51523 -3.80783 -1.51523 -3.80783 0.267566 0.524951 0.267566 -0.524951
1 1 0 25.716 0.1 5.71268 -1.51513 -3.80743 -1.51513 -3.80743 0.267363 0.525131 0.267363 -0.525131
1 1 0 25.711 0.1 5.71037 -1.51502 -3.80703 -1.51502 -3.80703 0.26716 0.52531 0.26716 -0.52531
1 1 0 25.706 0.1 5.70808 -1.51492 -3.80663 -1.51492 -3.80663 0.266958 0.525489 0.266958 -0.525489
1 1 0 25.7011 0.1 5.70579 -1.51482 -3.80623 -1.51482 -3.80623 0.266757 0.525667 0.266757 -0.525667
1 1 0 25.6961 0.1 5.70351 -1.51471 -3.80583 -1.51471 -3.80583 0.266556 0.525845 0.266556 -0.525845
1 1 0 25.6911 0.1 5.70123 -1.51461 -3.80542 -1.51461 -3.80542 0.266356 0.526022 0.266356 -0.526022
1 1 0 25.6861 0.1 5.69897 -1.51451 -3.80502 -1.51451 -3.80502 0.266156 0.526199 0.266156 -0.526199
1 1 0 25.6811 0.1 5.69671 -1.5144 -3.80462 -1.5144 -3.80462 0.265957 0.526376 0.265957 -0.526376
1 1 0 25.6761 0.1 5.69447 -1.5143 -3.80422 -1.5143 -3.80422 0.265758 0.526552 0.265758 -0.526552
1 1 0 25.6712 0.1 5.69223 -1.5142 -3.80382 -1.5142 -3.80382 0.26556 0.526728 0.26556 -0.526728
1 1 0 25.6662 0.1 5.68999 -1.5141 -3.80342 -1.5141 -3.80342 0.265363 0.526904 0.265363 -0.526904
1 1 0 25.6612 0.1 5.68777 -1.51399 -3.80302 -1.51399 -3.80302 0.265166 0.527079 0.265166 -0.527079
1 1 0 25.6562 0.1 5.68555 -1.51389 -3.80262 -1.51389 -3.80262 0.264969 0.527254 0.264969 -0.527254
1 1 0 25.6512 0.1 5.68334 -1.51379 -3.80222 -1.51379 -3.80222 0.264773 0.527428 0.264773 -0.527428
1 1 0 25.6462 0.1 5.68114 -1.51368 -3.80182 -1.51368 -3.80182 0.264578 0.527602 0.264578 -0.527602
1 1 0 25.6413 0.1 5.67895 -1.51358 -3.80142 -1.51358 -3.80142 0.264383 0.527776 0.264383 -0.527776
1 1 0 25.6363 0.1 5.67677 -1.51347 -3.80102 -1.51347 -3.80102 0.264189 0.527949 0.264189 -0.527949
1 1 0 25.6313 0.1 5.67459 -1.51337 -3.80062 -1.51337 -3.80062 0.263995 0.528122 0.263995 -0.528122
1 1 0 25.6263 0.1 5.67242 -1.51327 -3.80022 -1.51327 -3.80022 0.263801 0.528294 0.263801 -0.528294
1 1 0 25.6213 0.1 5.67026 -1.51316 -3.79982 -1.51316 -3.79982 0.263609 0.528466 0.263609 -0.528466
1 1 0 25.6163 0.1 5.66811 -1.51306 -3.79942 -1.51306 -3.79942 0.263416 0.528638 0.263416 -0.528638
1 1 0 25.6114 0.1 5.66596 -1.51296 -3.79902 -1.51296 -3.79902 0.263225 0.52881 0.263225 -0.52881
1 1 0 25.6064 0.1 5.66382 -1.51285 -3.79862 -1.51285 -3.79862 0.263034 0.52898 0.263034 -0.52898
1 1 0 25.6014 0.1 5.66169 -1.51275 -3.79822 -1.51275 -3.79822 0.262843 0.529151 0.262843 -0.529151
1 1 0 25.5964 0.1 5.65957 -1.51264 -3.79782 -1.51264 -3.79782 0.262653 0.529321 0.262653 -0.529321
1 1 0 25.5914 0.1 5.65746 -1.51254 -3.79742 -1.51254 -3.79742 0.262464 0.529491 0.262464 -0.529491
1 1 0 25.5865 0.1 5.65535 -1.51244 -3.79702 -1.51244 -3.79702 0.262275 0.529661 0.262275 -0.529661
1 1 0 25.5815 0.1 5.65325 -1.51233 -3.79662 -1.51233 -3.79662 0.262086 0.52983 0.262086 -0.52983
1 1 0 25.5765 0.1 5.65116 -1.51223 -3.79622 -1.51223 -3.79622 0.261898 0.529998 0.261898 -0.529998
1 1 0 25.5715 0.1 5.64907 -1.51212 -3.79583 -1.51212 -3.79583 0.261711 0.530167 0.261711 -0.530167
1 1 0 25.5665 0.1 5.647 -1.51202 -3.79543 -1.51202 -3.79543 0.261524 0.530335 0.261524 -0.530335
1 1 0 25.5615 0.1 5.64493 -1.51191 -3.79503 -1.51191 -3.79503 0.261338 0.530502 0.261338 -0.530502
1 1 0 25.5566 0.1 5.64286 -1.51181 -3.79463 -1.51181 -3.79463 0.261152 0.53067 0.261152 -0.53067
1 1 0 25.5516 0.1 5.64081 -1.5117 -3.79423 -1.5117 -3.79423 0.260967 0.530837 0.260967 -0.530837
1 1 0 25.5466 0.1 5.63876 -1.5116 -3.79383 -1.5116 -3.79383 0.260782 0.531003 0.260782 -0.531003
1 1 0 25.5416 0.1 5.63672 -1.5115 -3.79344 -1.5115 -3.79344 0.260598 0.531169 0.260598 -0.531169
1 1 0 25.5366 0.1 5.63469 -1.51139 -3.79304 -1.51139 -3.79304 0.260414 0.531335 0.260414 -0.531335
1 1 0 25.5316 0.1 5.63267 -1.51129 -3.79264 -1.51129 -3.79264 0.260231 0.5315 0.260231 -0.5315
1 1 0 25.5267 0.1 5.63065 -1.51118 -3.79224 -1.51118 -3.79224 0.260049 0.531666 0.260049 -0.531666
1 1 0 25.5217 0.1 5.62864 -1.51108 -3.79184 -1.51108 -3.79184 0.259867 0.53183 0.259867 -0.53183
1 1 0 25.5167 0.1 5.62664 -1.51097 -3.79145 -1.51097 -3.79145 0.259685 0.531995 0.259685 -0.531995
1 1 0 25.5117 0.1 5.62464 -1.51087 -3.79105 -1.51087 -3.79105 0.259504 0.532159 0.259504 -0.532159
1 1 0 25.5067 0.1 5.62265 -1.51076 -3.79065 -1.51076 -3.79065 0.259324 0.532322 0.259324 -0.532322
1 1 0 25.5017 0.1 5.62067 -1.51066 -3.79026 -1.51066 -3.79026 0.259144 0.532486 0.259144 -0.532486
1 1 0 25.4968 0.1 5.6187 -1.51055 -3.78986 -1.51055 -3.78986 0.258964 0.532648 0.258964 -0.532648
1 1 0 25.4918 0.1 5.61673 -1.51045 -3.78946 -1.51045 -3.78946 0.258786 0.532811 0.258786 -0.532811
1 1 0 25.4868 0.1 5.61477 -1.51034 -3.78906 -1.51034 -3.78906 0.258607 0.532973 0.258607 -0.532973
1 1 0 25.4818 0.1 5.61282 -1.51024 -3.78867 -1.51024 -3.78867 0.25843 0.533135 0.25843 -0.533135
1 1 0 25.4768 0.1 5.61088 -1.51013 -3.78827 -1.51013 -3.78827 0.258252 0.533297 0.258252 -0.533297
1 1 0 25.4718 0.1 5.60894 -1.51002 -3.78788 -1.51002 -3.78788 0.258076 0.533458 0.258076 -0.533458
1 1 0 25.4669 0.1 5.60701 -1.50992 -3.78748 -1.50992 -3.78748 0.2579 0.533619 0.2579 -0.533619
1 1 0 25.4619 0.1 5.60508 -1.50981 -3.78708 -1.50981 -3.78708 0.257724 0.533779 0.257724 -0.533779
1 1 0 25.4569 0.1 5.60317 -1.50971 -3.78669 -1.50971 -3.78669 0.257549 0.533939 0.257549 -0.533939
1 1 0 25.4519 0.1 5.60126 -1.5096 -3.78629 -1.5096 -3.78629 0.257374 0.534099 0.257374 -0.534099
1 1 0 25.4469 0.1 5.59936 -1.5095 -3.78589 -1.5095 -3.78589 0.2572 0.534258 0.2572 -0.534258
1 1 0 25.4419 0.1 5.59746 -1.50939 -3.7855 -1.50939 -3.7855 0.257027 0.534418 0.257027 -0.534418
1 1 0 25.437 0.1 5.59557 -1.50929 -3.7851 -1.50929 -3.7851 0.256854 0.534576 0.256854 -0.534576
1 1 0 25.432 0.1 5.59369 -1.50918 -3.78471 -1.50918 -3.78471 0.256682 0.534735 0.256682 -0.534735
1 1 0 25.427 0.1 5.59182 -1.50907 -3.78431 -1.50907 -3.78431 0.25651 0.534893 0.25651 -0.534893
1 1 0 25.422 0.1 5.58995 -1.50897 -3.78392 -1.50897 -3.78392 0.256338 0.53505 0.256338 -0.53505
1 1 0 25.417 0.1 5.58809 -1.50886 -3.78352 -1.50886 -3.78352 0.256168 0.535208 0.256168 -0.535208
1 1 0 25.412 0.1 5.58624 -1.50876 -3.78313 -1.50876 -3.78313 0.255997 0.535365 0.255997 -0.535365
1 1 0 25.4071 0.1 5.58439 -1.50865 -3.78273 -1.50865 -3.78273 0.255828 0.535521 0.255828 -0.535521
1 1 0 25.4021 0.1 5.58255 -1.50854 -3.78234 -1.50854 -3.78234 0.255658 0.535678 0.255658 -0.535678
1 1 0 25.3971 0.1 5.58072 -1.50844 -3.78194 -1.50844 -3.78194 0.25549 0.535834 0.25549 -0.535834
1 1 0 25.3921 0.1 5.57889 -1.50833 -3.78155 -1.50833 -3.78155 0.255322 0.53599 0.255322 -0.53599
1 1 0 25.3871 0.1 5.57707 -1.50822 -3.78115 -1.50822 -3.78115 0.255154 0.536145 0.255154 -0.536145
1 1 0 25.3821 0.1 5.57526 -1.50812 -3.78076 -1.50812 -3.78076 0.254987 0.5363 0.254987 -0.5363
1 1 0 25.3772 0.1 5.57346 -1.50801 -3.78036 -1.50801 -3.78036 0.25482 0.536455 0.25482 -0.536455
1 1 0 25.3722 0.1 5.57166 -1.50791 -3.77997 -1.50791 -3.77997 0.254654 0.536609 0.254654 -0.536609
1 1 0 25.3672 0.1 5.56987 -1.5078 -3.77957 -1.5078 -3.77957 0.254489 0.536763 0.254489 -0.536763
1 1 0 25.3622 0.1 5.56808 -1.50769 -3.77918 -1.50769 -3.77918 0.254324 0.536916 0.254324 -0.536916
1 1 0 25.3572 0.1 5.5663 -1.50759 -3.77879 -1.50759 -3.77879 0.25416 0.53707 0.25416 -0.53707
1 1 0 25.3522 0.1 5.56453 -1.50748 -3.77839 -1.50748 -3.77839 0.253996 0.537223 0.253996 -0.537223
1 1 0 25.3473 0.1 5.56277 -1.50737 -3.778 -1.50737 -3.778 0.253833 0.537375 0.253833 -0.537375
1 1 0 25.3423 0.1 5.56101 -1.50727 -3.77761 -1.50727 -3.77761 0.25367 0.537528 0.25367 -0.537528
1 1 0 25.3373 0.1 5.55926 -1.50716 -3.77721 -1.50716 -3.77721 0.253507 0.53768 0.253507 -0.53768
1 1 0 25.3323 0.1 5.55751 -1.50705 -3.77682 -1.50705 -3.77682 0.253346 0.537832 0.253346 -0.537832
1 1 0 25.3273 0.1 5.55577 -1.50694 -3.77642 -1.50694 -3.77642 0.253185 0.537983 0.253185 -0.537983
1 1 0 25.3223 0.1 5.55404 -1.50684 -3.77603 -1.50684 -3.77603 0.253024 0.538134 0.253024 -0.538134
1 1 0 25.3174 0.1 5.55232 -1.50673 -3.77564 -1.50673 -3.77564 0.252864 0.538285 0.252864 -0.538285
1 1 0 25.3124 0.1 5.5506 -1.50662 -3.77525 -1.50662 -3.77525 0.252704 0.538435 0.252704 -0.538435
1 1 0 25.3074 0.1 5.54889 -1.50652 -3.77485 -1.50652 -3.77485 0.252545 0.538585 0.252545 -0.538585
1 1 0 25.3024 0.1 5.54718 -1.50641 -3.77446 -1.50641 -3.77446 0.252387 0.538735 0.252387 -0.538735
1 1 0 25.2974 0.1 5.54548 -1.5063 -3.77407 -1.5063 -3.77407 0.252229 0.538884 0.252229 -0.538884
1 1 0 25.2924 0.1 5.54379 -1.50619 -3.77367 -1.50619 -3.77367 0.252071 0.539033 0.252071 -0.539033
1 1 0 25.2875 0.1 5.5421 -1.50609 -3.77328 -1.50609 -3.77328 0.251914 0.539182 0.251914 -0.539182
1 1 0 25.2825 0.1 5.54042 -1.50598 -3.77289 -1.50598 -3.77289 0.251758 0.539331 0.251758 -0.539331
1 1 0 25.2775 0.1 5.53875 -1.50587 -3.7725 -1.50587 -3.7725 0.251602 0.539479 0.251602 -0.539479
1 1 0 25.2725 0.1 5.53708 -1.50576 -3.77211 -1.50576 -3.77211 0.251447 0.539626 0.251447 -0.539626
1 1 0 25.2675 0.1 5.53542 -1.50566 -3.77171 -1.50566 -3.77171 0.251292 0.539774 0.251292 -0.539774
1 1 0 25.2625 0.1 5.53377 -1.50555 -3.77132 -1.50555 -3.77132 0.251138 0.539921 0.251138 -0.539921
1 1 0 25.2576 0.1 5.53212 -1.50544 -3.77093 -1.50544 -3.77093 0.250984 0.540068 0.250984 -0.540068
1 1 0 25.2526 0.1 5.53048 -1.50533 -3.77054 -1.50533 -3.77054 0.250831 0.540214 0.250831 -0.540214
1 1 0 25.2476 0.1 5.52885 -1.50523 -3.77015 -1.50523 -3.77015 0.250678 0.540361 0.250678 -0.540361
1 1 0 25.2426 0.1 5.52722 -1.50512 -3.76975 -1.50512 -3.76975 0.250526 0.540507 0.250526 -0.540507
1 1 0 25.2376 0.1 5.5256 -1.50501 -3.76936 -1.50501 -3.76936 0.250374 0.540652 0.250374 -0.540652
1 1 0 25.2326 0.1 5.52398 -1.5049 -3.76897 -1.5049 -3.76897 0.250223 0.540798 0.250223 -0.540798
1 1 0 25.2277 0.1 5.52237 -1.50479 -3.76858 -1.50479 -3.76858 0.250073 0.540942 0.250073 -0.540942
1 1 0 25.2227 0.1 5.52077 -1.50469 -3.76819 -1.50469 -3.76819 0.249923 0.541087 0.249923 -0.541087
1 1 0 25.2177 0.1 5.51918 -1.50458 -3.7678 -1.50458 -3.7678 0.249773 0.541231 0.249773 -0.541231
1 1 0 25.2127 0.1 5.51759 -1.50447 -3.76741 -1.50447 -3.76741 0.249624 0.541376 0.249624 -0.541376
1 1 0 25.2077 0.1 5.516 -1.50436 -3.76702 -1.50436 -3.76702 0.249476 0.541519 0.249476 -0.541519
1 1 0 25.2027 0.1 5.51442 -1.50425 -3.76663 -1.50425 -3.76663 0.249328 0.541663 0.249328 -0.541663
1 1 0 25.1978 0.1 5.51285 -1.50414 -3.76623 -1.50414 -3.76623 0.249181 0.541806 0.249181 -0.541806
1 1 0 25.1928 0.1 5.51129 -1.50404 -3.76584 -1.50404 -3.76584 0.249034 0.541949 0.249034 -0.541949
1 1 0 25.1878 0.1 5.50973 -1.50393 -3.76545 -1.50393 -3.76545 0.248887 0.542091 0.248887 -0.542091
1 1 0 25.1828 0.1 5.50818 -1.50382 -3.76506 -1.50382 -3.76506 0.248742 0.542233 0.248742 -0.542233
1 1 0 25.1778 0.1 5.50663 -1.50371 -3.76467 -1.50371 -3.76467 0.248596 0.542375 0.248596 -0.542375
1 1 0 25.1728 0.1 5.50509 -1.5036 -3.76428 -1.5036 -3.76428 0.248452 0.542517 0.248452 -0.542517
1 1 0 25.1679 0.1 5.50355 -1.50349 -3.76389 -1.50349 -3.76389 0.248308 0.542658 0.248308 -0.542658
1 1 0 25.1629 0.1 5.50203 -1.50338 -3.7635 -1.50338 -3.7635 0.248164 0.542799 0.248164 -0.542799
1 1 0 25.1579 0.1 5.5005 -1.50328 -3.76311 -1.50328 -3.76311 0.248021 0.54294 0.248021 -0.54294
1 1 0 25.1529 0.1 5.49899 -1.50317 -3.76272 -1.50317 -3.76272 0.247878 0.54308 0.247878 -0.54308
1 1 0 25.1479 0.1 5.49748 -1.50306 -3.76233 -1.50306 -3.76233 0.247736 0.54322 0.247736 -0.54322
1 1 0 25.1429 0.1 5.49597 -1.50295 -3.76194 -1.50295 -3.76194 0.247595 0.54336 0.247595 -0.54336
1 1 0 25.138 0.1 5.49448 -1.50284 -3.76156 -1.50284 -3.76156 0.247454 0.543499 0.247454 -0.543499
1 1 0 25.133 0.1 5.49298 -1.50273 -3.76117 -1.50273 -3.76117 0.247313 0.543638 0.247313 -0.543638
1 1 0 25.128 0.1 5.4915 -1.50262 -3.76078 -1.50262 -3.76078 0.247174 0.543777 0.247174 -0.543777
1 1 0 25.123 0.1 5.49002 -1.50251 -3.76039 -1.50251 -3.76039 0.247034 0.543916 0.247034 -0.543916
1 1 0 25.118 0.1 5.48855 -1.5024 -3.76 -1.5024 -3.76 0.246895 0.544054 0.246895 -0.544054
1 1 0 25.113 0.1 5.48708 -1.50229 -3.75961 -1.50229 -3.75961 0.246757 0.544192 0.246757 -0.544192
1 1 0 25.1081 0.1 5.48562 -1.50219 -3.75922 -1.50219 -3.75922 0.246619 0.54433 0.246619 -0.54433
1 1 0 25.1031 0.1 5.48416 -1.50208 -3.75883 -1.50208 -3.75883 0.246482 0.544467 0.246482 -0.544467
1 1 0 25.0981 0.1 5.48271 -1.50197 -3.75844 -1.50197 -3.75844 0.246345 0.544604 0.246345 -0.544604
1 1 0 25.0931 0.1 5.48127 -1.50186 -3.75805 -1.50186 -3.75805 0.246209 0.544741 0.246209 -0.544741
1 1 0 25.0881 0.1 5.47983 -1.50175 -3.75767 -1.50175 -3.75767 0.246074 0.544878 0.246074 -0.544878
1 1 0 25.0831 0.1 5.4784 -1.50164 -3.75728 -1.50164 -3.75728 0.245938 0.545014 0.245938 -0.545014
1 1 0 25.0781 0.1 5.47697 -1.50153 -3.75689 -1.50153 -3.75689 0.245804 0.54515 0.245804 -0.54515
1 1 0 25.0732 0.1 5.47555 -1.50142 -3.7565 -1.50142 -3.7565 0.24567 0.545285 0.24567 -0.545285
1 1 0 25.0682 0.1 5.47414 -1.50131 -3.75611 -1.50131 -3.75611 0.245536 0.545421 0.245536 -0.545421
1 1 0 25.0632 0.1 5.47273 -1.5012 -3.75573 -1.5012 -3.75573 0.245403 0.545556 0.245403 -0.545556
1 1 0 25.0582 0.1 5.47133 -1.50109 -3.75534 -1.50109 -3.75534 0.245271 0.54569 0.245271 -0.54569
1 1 0 25.0532 0.1 5.46993 -1.50098 -3.75495 -1.50098 -3.75495 0.245139 0.545825 0.245139 -0.545825
1 1 0 25.0482 0.1 5.46854 -1.50087 -3.75456 -1.50087 -3.75456 0.245008 0.545959 0.245008 -0.545959
1 1 0 25.0433 0.1 5.46715 -1.50076 -3.75418 -1.50076 -3.75418 0.244877 0.546093 0.244877 -0.546093
1 1 0 25.0383 0.1 5.46578 -1.50065 -3.75379 -1.50065 -3.75379 0.244746 0.546227 0.244746 -0.546227
1 1 0 25.0333 0.1 5.4644 -1.50054 -3.7534 -1.50054 -3.7534 0.244617 0.54636 0.244617 -0.54636
1 1 0 25.0283 0.1 5.46303 -1.50043 -3.75301 -1.50043 -3.75301 0.244487 0.546493 0.244487 -0.546493
1 1 0 25.0233 0.1 5.46167 -1.50032 -3.75263 -1.50032 -3.75263 0.244359 0.546626 0.244359 -0.546626
1 1 0 25.0183 0.1 5.46032 -1.50021 -3.75224 -1.50021 -3.75224 0.24423 0.546758 0.24423 -0.546758
1 1 0 25.0134 0.1 5.45897 -1.5001 -3.75185 -1.5001 -3.75185 0.244103 0.54689 0.244103 -0.54689
1 1 0 25.0084 0.1 5.45762 -1.49999 -3.75147 -1.49999 -3.75147 0.243976 0.547022 0.243976 -0.547022
1 1 0 25.0034 0.1 5.45628 -1.49988 -3.75108 -1.49988 -3.75108 0.243849 0.547154 0.243849 -0.547154
1 1 0 24.9984 0.1 5.45495 -1.49977 -3.75069 -1.49977 -3.75069 0.243723 0.547285 0.243723 -0.547285
1 1 0 24.9934 0.1 5.45362 -1.49966 -3.75031 -1.49966 -3.75031 0.243597 0.547416 0.243597 -0.547416
1 1 0 24.9884 0.1 5.4523 -1.49955 -3.74992 -1.49955 -3.74992 0.243472 0.547547 0.243472 -0.547547
1 1 0 24.9835 0.1 5.45099 -1.49944 -3.74953 -1.49944 -3.74953 0.243348 0.547677 0.243348 -0.547677
1 1 0 24.9785 0.1 5.44967 -1.49933 -3.74915 -1.49933 -3.74915 0.243224 0.547807 0.243224 -0.547807
1 1 0 24.9735 0.1 5.44837 -1.49922 -3.74876 -1.49922 -3.74876 0.243101 0.547937 0.243101 -0.547937
1 1 0 24.9685 0.1 5.44707 -1.4991 -3.74837 -1.4991 -3.74837 0.242978 0.548067 0.242978 -0.548067
1 1 0 24.9635 0.1 5.44578 -1.49899 -3.74799 -1.49899 -3.74799 0.242855 0.548196 0.242855 -0.548196
1 1 0 24.9585 0.1 5.44449 -1.49888 -3.7476 -1.49888 -3.7476 0.242734 0.548325 0.242734 -0.548325
1 1 0 24.9536 0.1 5.44321 -1.49877 -3.74722 -1.49877 -3.74722 0.242612 0.548454 0.242612 -0.548454
1 1 0 24.9486 0.1 5.44193 -1.49866 -3.74683 -1.49866 -3.74683 0.242492 0.548583 0.242492 -0.548583
1 1 0 24.9436 0.1 5.44066 -1.49855 -3.74645 -1.49855 -3.74645 0.242371 0.548711 0.242371 -0.548711
1 1 0 24.9386 0.1 5.4394 -1.49844 -3.74606 -1.49844 -3.74606 0.242252 0.548839 0.242252 -0.548839
1 1 0 24.9336 0.1 5.43814 -1.49833 -3.74568 -1.49833 -3.74568 0.242133 0.548966 0.242133 -0.548966
1 1 0 24.9286 0.1 5.43688 -1.49822 -3.74529 -1.49822 -3.74529 0.242014 0.549094 0.242014 -0.549094
1 1 0 24.9237 0.1 5.43563 -1.49811 -3.74491 -1.49811 -3.74491 0.241896 0.549221 0.241896 -0.549221
1 1 0 24.9187 0.1 5.43439 -1.49799 -3.74452 -1.49799 -3.74452 0.241778 0.549348 0.241778 -0.549348
1 1 0 24.9137 0.1 5.43315 -1.49788 -3.74414 -1.49788 -3.74414 0.241661 0.549474 0.241661 -0.549474
1 1 0 24.9087 0.1 5.43192 -1.49777 -3.74375 -1.49777 -3.74375 0.241545 0.549601 0.241545 -0.549601
1 1 0 24.9037 0.1 5.43069 -1.49766 -3.74337 -1.49766 -3.74337 0.241429 0.549727 0.241429 -0.549727
1 1 0 24.8987 0.1 5.42947 -1.49755 -3.74298 -1.49755 -3.74298 0.241314 0.549852 0.241314 -0.549852
1 1 0 24.8937 0.1 5.42826 -1.49744 -3.7426 -1.49744 -3.7426 0.241199 0.549978 0.241199 -0.549978
1 1 0 24.8888 0.1 5.42705 -1.49733 -3.74221 -1.49733 -3.74221 0.241084 0.550103 0.241084 -0.550103
1 1 0 24.8838 0.1 5.42584 -1.49721 -3.74183 -1.49721 -3.74183 0.240971 0.550228 0.240971 -0.550228
1 1 0 24.8788 0.1 5.42464 -1.4971 -3.74144 -1.4971 -3.74144 0.240857 0.550353 0.240857 -0.550353
1 1 0 24.8738 0.1 5.42345 -1.49699 -3.74106 -1.49699 -3.74106 0.240745 0.550477 0.240745 -0.550477
1 1 0 24.8688 0.1 5.42226 -1.49688 -3.74068 -1.49688 -3.74068 0.240632 0.550601 0.240632 -0.550601
1 1 0 24.8638 0.1 5.42108 -1.49677 -3.74029 -1.49677 -3.74029 0.240521 0.550725 0.240521 -0.550725
1 1 0 24.8589 0.1 5.4199 -1.49666 -3.73991 -1.49666 -3.73991 0.240409 0.550849 0.240409 -0.550849
1 1 0 24.8539 0.1 5.41873 -1.49654 -3.73952 -1.49654 -3.73952 0.240299 0.550972 0.240299 -0.550972
1 1 0 24.8489 0.1 5.41756 -1.49643 -3.73914 -1.49643 -3.73914 0.240189 0.551095 0.240189 -0.551095
1 1 0 24.8439 0.1 5.4164 -1.49632 -3.73876 -1.49632 -3.73876 0.240079 0.551218 0.240079 -0.551218
1 1 0 24.8389 0.1 5.41525 -1.49621 -3.73837 -1.49621 -3.73837 0.23997 0.55134 0.23997 -0.55134
1 1 0 24.8339 0.1 5.4141 -1.4961 -3.73799 -1.4961 -3.73799 0.239862 0.551463 0.239862 -0.551463
1 1 0 24.829 0.1 5.41295 -1.49598 -3.73761 -1.49598 -3.73761 0.239754 0.551585 0.239754 -0.551585
1 1 0 24.824 0.1 5.41181 -1.49587 -3.73722 -1.49587 -3.73722 0.239646 0.551706 0.239646 -0.551706
1 1 0 24.819 0.1 5.41068 -1.49576 -3.73684 -1.49576 -3.73684 0.239539 0.551828 0.239539 -0.551828
1 1 0 24.814 0.1 5.40955 -1.49565 -3.73646 -1.49565 -3.73646 0.239433 0.551949 0.239433 -0.551949
1 1 0 24.809 0.1 5.40842 -1.49553 -3.73607 -1.49553 -3.73607 0.239327 0.55207 0.239327 -0.55207
1 1 0 24.804 0.1 5.40731 -1.49542 -3.73569 -1.49542 -3.73569 0.239222 0.552191 0.239222 -0.552191
1 1 0 24.7991 0.1 5.40619 -1.49531 -3.73531 -1.49531 -3.73531 0.239117 0.552311 0.239117 -0.552311
1 1 0 24.7941 0.1 5.40508 -1.4952 -3.73493 -1.4952 -3.73493 0.239013 0.552431 0.239013 -0.552431
1 1 0 24.7891 0.1 5.40398 -1.49509 -3.73454 -1.49509 -3.73454 0.238909 0.552551 0.238909 -0.552551
1 1 0 24.7841 0.1 5.40288 -1.49497 -3.73416 -1.49497 -3.73416 0.238806 0.552671 0.238806 -0.552671
1 1 0 24.7791 0.1 5.40179 -1.49486 -3.73378 -1.49486 -3.73378 0.238704 0.55279 0.238704 -0.55279
1 1 0 24.7741 0.1 5.40071 -1.49475 -3.7334 -1.49475 -3.7334 0.238601 0.552909 0.238601 -0.552909
1 1 0 24.7691 0.1 5.39962 -1.49463 -3.73301 -1.49463 -3.73301 0.2385 0.553028 0.2385 -0.553028
1 1 0 24.7642 0.1 5.39855 -1.49452 -3.73263 -1.49452 -3.73263 0.238399 0.553147 0.238399 -0.553147
1 1 0 24.7592 0.1 5.39748 -1.49441 -3.73225 -1.49441 -3.73225 0.238298 0.553265 0.238298 -0.553265
1 1 0 24.7542 0.1 5.39641 -1.4943 -3.73187 -1.4943 -3.73187 0.238198 0.553383 0.238198 -0.553383
1 1 0 24.7492 0.1 5.39535 -1.49418 -3.73149 -1.49418 -3.73149 0.238099 0.553501 0.238099 -0.553501
1 1 0 24.7442 0.1 5.3943 -1.49407 -3.7311 -1.49407 -3.7311 0.238 0.553618 0.238 -0.553618
1 1 0 24.7392 0.1 5.39325 -1.49396 -3.73072 -1.49396 -3.73072 0.237902 0.553736 0.237902 -0.553736
1 1 0 24.7343 0.1 5.3922 -1.49384 -3.73034 -1.49384 -3.73034 0.237804 0.553853 0.237804 -0.553853
1 1 0 24.7293 0.1 5.39116 -1.49373 -3.72996 -1.49373 -3.72996 0.237707 0.553969 0.237707 -0.553969
1 1 0 24.7243 0.1 5.39013 -1.49362 -3.72958 -1.49362 -3.72958 0.23761 0.554086 0.23761 -0.554086
1 1 0 24.7193 0.1 5.3891 -1.4935 -3.7292 -1.4935 -3.7292 0.237514 0.554202 0.237514 -0.554202
1 1 0 24.7143 0.1 5.38807 -1.49339 -3.72882 -1.49339 -3.72882 0.237418 0.554318 0.237418 -0.554318
1 1 0 24.7093 0.1 5.38706 -1.49328 -3.72844 -1.49328 -3.72844 0.237323 0.554434 0.237323 -0.554434
1 1 0 24.7044 0.1 5.38604 -1.49316 -3.72805 -1.49316 -3.72805 0.237228 0.554549 0.237228 -0.554549
1 1 0 24.6994 0.1 5.38503 -1.49305 -3.72767 -1.49305 -3.72767 0.237134 0.554665 0.237134 -0.554665
1 1 0 24.6944 0.1 5.38403 -1.49294 -3.72729 -1.49294 -3.72729 0.237041 0.55478 0.237041 -0.55478
1 1 0 24.6894 0.1 5.38303 -1.49282 -3.72691 -1.49282 -3.72691 0.236948 0.554894 0.236948 -0.554894
1 1 0 24.6844 0.1 5.38204 -1.49271 -3.72653 -1.49271 -3.72653 0.236855 0.555009 0.236855 -0.555009
1 1 0 24.6794 0.1 5.38105 -1.4926 -3.72615 -1.4926 -3.72615 0.236763 0.555123 0.236763 -0.555123
1 1 0 24.6744 0.1 5.38007 -1.49248 -3.72577 -1.49248 -3.72577 0.236672 0.555237 0.236672 -0.555237
1 1 0 24.6695 0.1 5.37909 -1.49237 -3.72539 -1.49237 -3.72539 0.236581 0.555351 0.236581 -0.555351
1 1 0 24.6645 0.1 5.37812 -1.49226 -3.72501 -1.49226 -3.72501 0.236491 0.555464 0.236491 -0.555464
1 1 0 24.6595 0.1 5.37715 -1.49214 -3.72463 -1.49214 -3.72463 0.236401 0.555577 0.236401 -0.555577
1 1 0 24.6545 0.1 5.37618 -1.49203 -3.72425 -1.49203 -3.72425 0.236312 0.55569 0.236312 -0.55569
1 1 0 24.6495 0.1 5.37523 -1.49191 -3.72387 -1.49191 -3.72387 0.236223 0.555803 0.236223 -0.555803
1 1 0 24.6445 0.1 5.37427 -1.4918 -3.72349 -1.4918 -3.72349 0.236135 0.555915 0.236135 -0.555915
1 1 0 24.6396 0.1 5.37333 -1.49169 -3.72311 -1.49169 -3.72311 0.236047 0.556028 0.236047 -0.556028
1 1 0 24.6346 0.1 5.37238 -1.49157 -3.72273 -1.49157 -3.72273 0.23596 0.55614 0.23596 -0.55614
1 1 0 24.6296 0.1 5.37145 -1.49146 -3.72235 -1.49146 -3.72235 0.235873 0.556251 0.235873 -0.556251
1 1 0 24.6246 0.1 5.37051 -1.49134 -3.72197 -1.49134 -3.72197 0.235787 0.556363 0.235787 -0.556363
1 1 0 24.6196 0.1 5.36959 -1.49123 -3.72159 -1.49123 -3.72159 0.235702 0.556474 0.235702 -0.556474
1 1 0 24.6146 0.1 5.36866 -1.49111 -3.72121 -1.49111 -3.72121 0.235617 0.556585 0.235617 -0.556585
1 1 0 24.6097 0.1 5.36775 -1.491 -3.72083 -1.491 -3.72083 0.235532 0.556696 0.235532 -0.556696
1 1 0 24.6047 0.1 5.36683 -1.49089 -3.72046 -1.49089 -3.72046 0.235449 0.556806 0.235449 -0.556806
1 1 0 24.5997 0.1 5.36593 -1.49077 -3.72008 -1.49077 -3.72008 0.235365 0.556916 0.235365 -0.556916
1 1 0 24.5947 0.1 5.36502 -1.49066 -3.7197 -1.49066 -3.7197 0.235282 0.557026 0.235282 -0.557026
1 1 0 24.5897 0.1 5.36413 -1.49054 -3.71932 -1.49054 -3.71932 0.2352 0.557136 0.2352 -0.557136
1 1 0 24.5847 0.1 5.36323 -1.49043 -3.71894 -1.49043 -3.71894 0.235118 0.557246 0.235118 -0.557246
1 1 0 24.5797 0.1 5.36235 -1.49031 -3.71856 -1.49031 -3.71856 0.235037 0.557355 0.235037 -0.557355
1 1 0 24.5748 0.1 5.36146 -1.4902 -3.71818 -1.4902 -3.71818 0.234956 0.557464 0.234956 -0.557464
1 1 0 24.5698 0.1 5.36059 -1.49008 -3.7178 -1.49008 -3.7178 0.234876 0.557573 0.234876 -0.557573
1 1 0 24.5648 0.1 5.35971 -1.48997 -3.71743 -1.48997 -3.71743 0.234797 0.557681 0.234797 -0.557681
1 1 0 24.5598 0.1 5.35884 -1.48985 -3.71705 -1.48985 -3.71705 0.234718 0.557789 0.234718 -0.557789
1 1 0 24.5548 0.1 5.35798 -1.48974 -3.71667 -1.48974 -3.71667 0.234639 0.557897 0.234639 -0.557897
1 1 0 24.5498 0.1 5.35712 -1.48962 -3.71629 -1.48962 -3.71629 0.234561 0.558005 0.234561 -0.558005
1 1 0 24.5449 0.1 5.35627 -1.48951 -3.71591 -1.48951 -3.71591 0.234484 0.558113 0.234484 -0.558113
1 1 0 24.5399 0.1 5.35542 -1.48939 -3.71554 -1.48939 -3.71554 0.234407 0.55822 0.234407 -0.55822
1 1 0 24.5349 0.1 5.35458 -1.48928 -3.71516 -1.48928 -3.71516 0.23433 0.558327 0.23433 -0.558327
1 1 0 24.5299 0.1 5.35374 -1.48916 -3.71478 -1.48916 -3.71478 0.234254 0.558434 0.234254 -0.558434
1 1 0 24.5249 0.1 5.35291 -1.48905 -3.7144 -1.48905 -3.7144 0.234179 0.55854 0.234179 -0.55854
1 1 0 24.5199 0.1 5.35208 -1.48893 -3.71403 -1.48893 -3.71403 0.234104 0.558647 0.234104 -0.558647
1 1 0 24.515 0.1 5.35125 -1.48882 -3.71365 -1.48882 -3.71365 0.23403 0.558753 0.23403 -0.558753
1 1 0 24.51 0.1 5.35044 -1.4887 -3.71327 -1.4887 -3.71327 0.233956 0.558859 0.233956 -0.558859
1 1 0 24.505 0.1 5.34962 -1.48859 -3.71289 -1.48859 -3.71289 0.233883 0.558964 0.233883 -0.558964
1 1 0 24.5 0.1 5.34881 -1.48847 -3.71252 -1.48847 -3.71252 0.23381 0.559069 0.23381 -0.559069
1 1 0 24.495 0.1 5.34801 -1.48836 -3.71214 -1.48836 -3.71214 0.233738 0.559175 0.233738 -0.559175
1 1 0 24.49 0.1 5.34721 -1.48824 -3.71176 -1.48824 -3.71176 0.233667 0.559279 0.233667 -0.559279
1 1 0 24.485 0.1 5.34641 -1.48813 -3.71138 -1.48813 -3.71138 0.233596 0.559384 0.233596 -0.559384
1 1 0 24.4801 0.1 5.34562 -1.48801 -3.71101 -1.48801 -3.71101 0.233525 0.559489 0.233525 -0.559489
1 1 0 24.4751 0.1 5.34484 -1.48789 -3.71063 -1.48789 -3.71063 0.233455 0.559593 0.233455 -0.559593
1 1 0 24.4701 0.1 5.34406 -1.48778 -3.71025 -1.48778 -3.71025 0.233386 0.559697 0.233386 -0.559697
1 1 0 24.4651 0.1 5.34328 -1.48766 -3.70988 -1.48766 -3.70988 0.233317 0.5598 0.233317 -0.5598
1 1 0 24.4601 0.1 5.34251 -1.48755 -3.7095 -1.48755 -3.7095 0.233249 0.559904 0.233249 -0.559904
1 1 0 24.4551 0.1 5.34175 -1.48743 -3.70913 -1.48743 -3.70913 0.233181 0.560007 0.233181 -0.560007
1 1 0 24.4502 0.1 5.34099 -1.48731 -3.70875 -1.48731 -3.70875 0.233114 0.56011 0.233114 -0.56011
1 1 0 24.4452 0.1 5.34023 -1.4872 -3.70837 -1.4872 -3.70837 0.233047 0.560213 0.233047 -0.560213
1 1 0 24.4402 0.1 5.33948 -1.48708 -3.708 -1.48708 -3.708 0.232981 0.560315 0.232981 -0.560315
1 1 0 24.4352 0.1 5.33873 -1.48697 -3.70762 -1.48697 -3.70762 0.232915 0.560417 0.232915 -0.560417
1 1 0 24.4302 0.1 5.33799 -1.48685 -3.70725 -1.48685 -3.70725 0.23285 0.560519 0.23285 -0.560519
1 1 0 24.4252 0.1 5.33725 -1.48673 -3.70687 -1.48673 -3.70687 0.232785 0.560621 0.232785 -0.560621
1 1 0 24.4202 0.1 5.33652 -1.48662 -3.70649 -1.48662 -3.70649 0.232721 0.560723 0.232721 -0.560723
1 1 0 24.4153 0.1 5.33579 -1.4865 -3.70612 -1.4865 -3.70612 0.232658 0.560824 0.232658 -0.560824
1 1 0 24.4103 0.1 5.33507 -1.48639 -3.70574 -1.48639 -3.70574 0.232595 0.560925 0.232595 -0.560925
1 1 0 24.4053 0.1 5.33435 -1.48627 -3.70537 -1.48627 -3.70537 0.232533 0.561026 0.232533 -0.561026
1 1 0 24.4003 0.1 5.33364 -1.48615 -3.70499 -1.48615 -3.70499 0.232471 0.561127 0.232471 -0.561127
1 1 0 24.3953 0.1 5.33293 -1.48604 -3.70462 -1.48604 -3.70462 0.232409 0.561227 0.232409 -0.561227
1 1 0 24.3903 0.1 5.33223 -1.48592 -3.70424 -1.48592 -3.70424 0.232349 0.561327 0.232349 -0.561327
1 1 0 24.3854 0.1 5.33153 -1.4858 -3.70387 -1.4858 -3.70387 0.232288 0.561427 0.232288 -0.561427
1 1 0 24.3804 0.1 5.33083 -1.48569 -3.70349 -1.48569 -3.70349 0.232229 0.561527 0.232229 -0.561527
1 1 0 24.3754 0.1 5.33014 -1.48557 -3.70312 -1.48557 -3.70312 0.232169 0.561626 0.232169 -0.561626
1 1 0 24.3704 0.1 5.32946 -1.48545 -3.70274 -1.48545 -3.70274 0.232111 0.561725 0.232111 -0.561725
1 1 0 24.3654 0.1 5.32878 -1.48534 -3.70237 -1.48534 -3.70237 0.232053 0.561824 0.232053 -0.561824
1 1 0 24.3604 0.1 5.3281 -1.48522 -3.70199 -1.48522 -3.70199 0.231995 0.561923 0.231995 -0.561923
1 1 0 24.3554 0.1 5.32743 -1.4851 -3.70162 -1.4851 -3.70162 0.231938 0.562022 0.231938 -0.562022
1 1 0 24.3505 0.1 5.32677 -1.48499 -3.70124 -1.48499 -3.70124 0.231882 0.56212 0.231882 -0.56212
1 1 0 24.3455 0.1 5.3261 -1.48487 -3.70087 -1.48487 -3.70087 0.231826 0.562218 0.231826 -0.562218
1 1 0 24.3405 0.1 5.32545 -1.48475 -3.70049 -1.48475 -3.70049 0.23177 0.562316 0.23177 -0.562316
1 1 0 24.3355 0.1 5.32479 -1.48463 -3.70012 -1.48463 -3.70012 0.231715 0.562413 0.231715 -0.562413
1 1 0 24.3305 0.1 5.32415 -1.48452 -3.69975 -1.48452 -3.69975 0.231661 0.562511 0.231661 -0.562511
1 1 0 24.3255 0.1 5.3235 -1.4844 -3.69937 -1.4844 -3.69937 0.231607 0.562608 0.231607 -0.562608
1 1 0 24.3206 0.1 5.32287 -1.48428 -3.699 -1.48428 -3.699 0.231554 0.562705 0.231554 -0.562705
1 1 0 24.3156 0.1 5.32223 -1.48417 -3.69862 -1.48417 -3.69862 0.231501 0.562801 0.231501 -0.562801
1 1 0 24.3106 0.1 5.3216 -1.48405 -3.69825 -1.48405 -3.69825 0.231449 0.562898 0.231449 -0.562898
1 1 0 24.3056 0.1 5.32098 -1.48393 -3.69788 -1.48393 -3.69788 0.231398 0.562994 0.231398 -0.562994
1 1 0 24.3006 0.1 5.32036 -1.48381 -3.6975 -1.48381 -3.6975 0.231347 0.56309 0.231347 -0.56309
1 1 0 24.2956 0.1 5.31974 -1.4837 -3.69713 -1.4837 -3.69713 0.231296 0.563186 0.231296 -0.563186
1 1 0 24.2906 0.1 5.31913 -1.48358 -3.69676 -1.48358 -3.69676 0.231246 0.563281 0.231246 -0.563281
1 1 0 24.2857 0.1 5.31853 -1.48346 -3.69638 -1.48346 -3.69638 0.231197 0.563377 0.231197 -0.563377
1 1 0 24.2807 0.1 5.31793 -1.48334 -3.69601 -1.48334 -3.69601 0.231148 0.563472 0.231148 -0.563472
1 1 0 24.2757 0.1 5.31733 -1.48323 -3.69564 -1.48323 -3.69564 0.231099 0.563566 0.231099 -0.563566
1 1 0 24.2707 0.1 5.31674 -1.48311 -3.69526 -1.48311 -3.69526 0.231051 0.563661 0.231051 -0.563661
1 1 0 24.2657 0.1 5.31615 -1.48299 -3.69489 -1.48299 -3.69489 0.231004 0.563755 0.231004 -0.563755
1 1 0 24.2607 0.1 5.31557 -1.48287 -3.69452 -1.48287 -3.69452 0.230957 0.56385 0.230957 -0.56385
1 1 0 24.2558 0.1 5.31499 -1.48276 -3.69415 -1.48276 -3.69415 0.230911 0.563943 0.230911 -0.563943
1 1 0 24.2508 0.1 5.31442 -1.48264 -3.69377 -1.48264 -3.69377 0.230866 0.564037 0.230866 -0.564037
1 1 0 24.2458 0.1 5.31385 -1.48252 -3.6934 -1.48252 -3.6934 0.230821 0.564131 0.230821 -0.564131
1 1 0 24.2408 0.1 5.31328 -1.4824 -3.69303 -1.4824 -3.69303 0.230776 0.564224 0.230776 -0.564224
1 1 0 24.2358 0.1 5.31272 -1.48228 -3.69265 -1.48228 -3.69265 0.230732 0.564317 0.230732 -0.564317
1 1 0 24.2308 0.1 5.31217 -1.48217 -3.69228 -1.48217 -3.69228 0.230688 0.56441 0.230688 -0.56441
1 1 0 24.2258 0.1 5.31162 -1.48205 -3.69191 -1.48205 -3.69191 0.230645 0.564502 0.230645 -0.564502
1 1 0 24.2209 0.1 5.31107 -1.48193 -3.69154 -1.48193 -3.69154 0.230603 0.564594 0.230603 -0.564594
1 1 0 24.2159 0.1 5.31053 -1.48181 -3.69117 -1.48181 -3.69117 0.230561 0.564687 0.230561 -0.564687
1 1 0 24.2109 0.1 5.30999 -1.48169 -3.69079 -1.48169 -3.69079 0.23052 0.564778 0.23052 -0.564778
1 1 0 24.2059 0.1 5.30946 -1.48157 -3.69042 -1.48157 -3.69042 0.230479 0.56487 0.230479 -0.56487
1 1 0 24.2009 0.1 5.30893 -1.48146 -3.69005 -1.48146 -3.69005 0.230439 0.564962 0.230439 -0.564962
1 1 0 24.1959 0.1 5.30841 -1.48134 -3.68968 -1.48134 -3.68968 0.230399 0.565053 0.230399 -0.565053
1 1 0 24.191 0.1 5.30789 -1.48122 -3.68931 -1.48122 -3.68931 0.23036 0.565144 0.23036 -0.565144
1 1 0 24.186 0.1 5.30738 -1.4811 -3.68894 -1.4811 -3.68894 0.230322 0.565234 0.230322 -0.565234
1 1 0 24.181 0.1 5.30687 -1.48098 -3.68856 -1.48098 -3.68856 0.230283 0.565325 0.230283 -0.565325
1 1 0 24.176 0.1 5.30636 -1.48086 -3.68819 -1.48086 -3.68819 0.230246 0.565415 0.230246 -0.565415
1 1 0 24.171 0.1 5.30586 -1.48074 -3.68782 -1.48074 -3.68782 0.230209 0.565505 0.230209 -0.565505
1 1 0 24.166 0.1 5.30537 -1.48063 -3.68745 -1.48063 -3.68745 0.230173 0.565595 0.230173 -0.565595
1 1 0 24.161 0.1 5.30487 -1.48051 -3.68708 -1.48051 -3.68708 0.230137 0.565685 0.230137 -0.565685
1 1 0 24.1561 0.1 5.30439 -1.48039 -3.68671 -1.48039 -3.68671 0.230101 0.565774 0.230101 -0.565774
1 1 0 24.1511 0.1 5.30391 -1.48027 -3.68634 -1.48027 -3.68634 0.230067 0.565863 0.230067 -0.565863
1 1 0 24.1461 0.1 5.30343 -1.48015 -3.68597 -1.48015 -3.68597 0.230032 0.565952 0.230032 -0.565952
1 1 0 24.1411 0.1 5.30295 -1.48003 -3.6856 -1.48003 -3.6856 0.229999 0.566041 0.229999 -0.566041
1 1 0 24.1361 0.1 5.30249 -1.47991 -3.68522 -1.47991 -3.68522 0.229965 0.56613 0.229965 -0.56613
1 1 0 24.1311 0.1 5.30202 -1.47979 -3.68485 -1.47979 -3.68485 0.229933 0.566218 0.229933 -0.566218
1 1 0 24.1261 0.1 5.30156 -1.47967 -3.68448 -1.47967 -3.68448 0.229901 0.566306 0.229901 -0.566306
1 1 0 24.1212 0.1 5.30111 -1.47955 -3.68411 -1.47955 -3.68411 0.229869 0.566394 0.229869 -0.566394
1 1 0 24.1162 0.1 5.30065 -1.47944 -3.68374 -1.47944 -3.68374 0.229838 0.566481 0.229838 -0.566481
1 1 0 24.1112 0.1 5.30021 -1.47932 -3.68337 -1.47932 -3.68337 0.229808 0.566569 0.229808 -0.566569
1 1 0 24.1062 0.1 5.29977 -1.4792 -3.683 -1.4792 -3.683 0.229778 0.566656 0.229778 -0.566656
1 1 0 24.1012 0.1 5.29933 -1.47908 -3.68263 -1.47908 -3.68263 0.229749 0.566743 0.229749 -0.566743
1 1 0 24.0962 0.1 5.2989 -1.47896 -3.68226 -1.47896 -3.68226 0.22972 0.566829 0.22972 -0.566829
1 1 0 24.0913 0.1 5.29847 -1.47884 -3.68189 -1.47884 -3.68189 0.229692 0.566916 0.229692 -0.566916
1 1 0 24.0863 0.1 5.29804 -1.47872 -3.68152 -1.47872 -3.68152 0.229664 0.567002 0.229664 -0.567002
1 1 0 24.0813 0.1 5.29762 -1.4786 -3.68115 -1.4786 -3.68115 0.229637 0.567088 0.229637 -0.567088
1 1 0 24.0763 0.1 5.29721 -1.47848 -3.68078 -1.47848 -3.68078 0.22961 0.567174 0.22961 -0.567174
1 1 0 24.0713 0.1 5.2968 -1.47836 -3.68041 -1.47836 -3.68041 0.229584 0.56726 0.229584 -0.56726
1 1 0 24.0663 0.1 5.29639 -1.47824 -3.68004 -1.47824 -3.68004 0.229559 0.567345 0.229559 -0.567345
1 1 0 24.0613 0.1 5.29599 -1.47812 -3.67967 -1.47812 -3.67967 0.229534 0.56743 0.229534 -0.56743
1 1 0 24.0564 0.1 5.29559 -1.478 -3.6793 -1.478 -3.6793 0.229509 0.567515 0.229509 -0.567515
1 1 0 24.0514 0.1 5.2952 -1.47788 -3.67894 -1.47788 -3.67894 0.229485 0.5676 0.229485 -0.5676
1 1 0 24.0464 0.1 5.29481 -1.47776 -3.67857 -1.47776 -3.67857 0.229462 0.567684 0.229462 -0.567684
1 1 0 24.0414 0.1 5.29443 -1.47764 -3.6782 -1.47764 -3.6782 0.229439 0.567769 0.229439 -0.567769
1 1 0 24.0364 0.1 5.29405 -1.47752 -3.67783 -1.47752 -3.67783 0.229417 0.567853 0.229417 -0.567853
1 1 0 24.0314 0.1 5.29367 -1.4774 -3.67746 -1.4774 -3.67746 0.229395 0.567937 0.229395 -0.567937
1 1 0 24.0265 0.1 5.2933 -1.47728 -3.67709 -1.47728 -3.67709 0.229374 0.56802 0.229374 -0.56802
1 1 0 24.0215 0.1 5.29294 -1.47716 -3.67672 -1.47716 -3.67672 0.229354 0.568104 0.229354 -0.568104
1 1 0 24.0165 0.1 5.29257 -1.47704 -3.67635 -1.47704 -3.67635 0.229334 0.568187 0.229334 -0.568187
1 1 0 24.0115 0.1 5.29222 -1.47692 -3.67598 -1.47692 -3.67598 0.229314 0.56827 0.229314 -0.56827
1 1 0 24.0065 0.1 5.29186 -1.4768 -3.67562 -1.4768 -3.67562 0.229295 0.568353 0.229295 -0.568353
1 1 0 24.0015 0.1 5.29152 -1.47668 -3.67525 -1.47668 -3.67525 0.229277 0.568435 0.229277 -0.568435
1 1 0 23.9965 0.1 5.29117 -1.47656 -3.67488 -1.47656 -3.67488 0.229259 0.568517 0.229259 -0.568517
1 1 0 23.9916 0.1 5.29083 -1.47644 -3.67451 -1.47644 -3.67451 0.229242 0.568599 0.229242 -0.568599
1 1 0 23.9866 0.1 5.2905 -1.47632 -3.67414 -1.47632 -3.67414 0.229225 0.568681 0.229225 -0.568681
1 1 0 23.9816 0.1 5.29017 -1.4762 -3.67378 -1.4762 -3.67378 0.229209 0.568763 0.229209 -0.568763
1 1 0 23.9766 0.1 5.28984 -1.47608 -3.67341 -1.47608 -3.67341 0.229193 0.568844 0.229193 -0.568844
1 1 0 23.9716 0.1 5.28952 -1.47596 -3.67304 -1.47596 -3.67304 0.229178 0.568925 0.229178 -0.568925
1 1 0 23.9666 0.1 5.2892 -1.47584 -3.67267 -1.47584 -3.67267 0.229163 0.569006 0.229163 -0.569006
1 1 0 23.9616 0.1 5.28889 -1.47572 -3.6723 -1.47572 -3.6723 0.229149 0.569087 0.229149 -0.569087
1 1 0 23.9567 0.1 5.28858 -1.47559 -3.67194 -1.47559 -3.67194 0.229136 0.569168 0.229136 -0.569168
1 1 0 23.9517 0.1 5.28827 -1.47547 -3.67157 -1.47547 -3.67157 0.229123 0.569248 0.229123 -0.569248
1 1 0 23.9467 0.1 5.28797 -1.47535 -3.6712 -1.47535 -3.6712 0.229111 0.569328 0.229111 -0.569328
1 1 0 23.9417 0.1 5.28768 -1.47523 -3.67083 -1.47523 -3.67083 0.229099 0.569408 0.229099 -0.569408
1 1 0 23.9367 0.1 5.28739 -1.47511 -3.67047 -1.47511 -3.67047 0.229088 0.569488 0.229088 -0.569488
1 1 0 23.9317 0.1 5.2871 -1.47499 -3.6701 -1.47499 -3.6701 0.229077 0.569567 0.229077 -0.569567
1 1 0 23.9268 0.1 5.28682 -1.47487 -3.66973 -1.47487 -3.66973 0.229067 0.569646 0.229067 -0.569646
1 1 0 23.9218 0.1 5.28654 -1.47475 -3.66937 -1.47475 -3.66937 0.229057 0.569725 0.229057 -0.569725
1 1 0 23.9168 0.1 5.28627 -1.47463 -3.669 -1.47463 -3.669 0.229048 0.569804 0.229048 -0.569804
1 1 0 23.9118 0.1 5.286 -1.4745 -3.66863 -1.4745 -3.66863 0.22904 0.569883 0.22904 -0.569883
1 1 0 23.9068 0.1 5.28573 -1.47438 -3.66826 -1.47438 -3.66826 0.229032 0.569961 0.229032 -0.569961
1 1 0 23.9018 0.1 5.28547 -1.47426 -3.6679 -1.47426 -3.6679 0.229024 0.570039 0.229024 -0.570039
1 1 0 23.8968 0.1 5.28521 -1.47414 -3.66753 -1.47414 -3.66753 0.229017 0.570117 0.229017 -0.570117
1 1 0 23.8919 0.1 5.28496 -1.47402 -3.66716 -1.47402 -3.66716 0.229011 0.570195 0.229011 -0.570195
1 1 0 23.8869 0.1 5.28472 -1.4739 -3.6668 -1.4739 -3.6668 0.229005 0.570272 0.229005 -0.570272
1 1 0 23.8819 0.1 5.28447 -1.47378 -3.66643 -1.47378 -3.66643 0.229 0.570349 0.229 -0.570349
1 1 0 23.8769 0.1 5.28423 -1.47365 -3.66607 -1.47365 -3.66607 0.228996 0.570426 0.228996 -0.570426
1 1 0 23.8719 0.1 5.284 -1.47353 -3.6657 -1.47353 -3.6657 0.228992 0.570503 0.228992 -0.570503
1 1 0 23.8669 0.1 5.28377 -1.47341 -3.66533 -1.47341 -3.66533 0.228988 0.57058 0.228988 -0.57058
1 1 0 23.8619 0.1 5.28354 -1.47329 -3.66497 -1.47329 -3.66497 0.228985 0.570656 0.228985 -0.570656
1 1 0 23.857 0.1 5.28332 -1.47317 -3.6646 -1.47317 -3.6646 0.228983 0.570732 0.228983 -0.570732
1 1 0 23.852 0.1 5.28311 -1.47305 -3.66424 -1.47305 -3.66424 0.228981 0.570808 0.228981 -0.570808
1 1 0 23.847 0.1 5.28289 -1.47292 -3.66387 -1.47292 -3.66387 0.228979 0.570884 0.228979 -0.570884
1 1 0 23.842 0.1 5.28269 -1.4728 -3.6635 -1.4728 -3.6635 0.228979 0.57096 0.228979 -0.57096
1 1 0 23.837 0.1 5.28248 -1.47268 -3.66314 -1.47268 -3.66314 0.228978 0.571035 0.228978 -0.571035
1 1 0 23.832 0.1 5.28228 -1.47256 -3.66277 -1.47256 -3.66277 0.228979 0.57111 0.228979 -0.57111
1 1 0 23.8271 0.1 5.28209 -1.47244 -3.66241 -1.47244 -3.66241 0.22898 0.571185 0.22898 -0.571185
1 1 0 23.8221 0.1 5.2819 -1.47231 -3.66204 -1.47231 -3.66204 0.228981 0.571259 0.228981 -0.571259
1 1 0 23.8171 0.1 5.28171 -1.47219 -3.66168 -1.47219 -3.66168 0.228983 0.571334 0.228983 -0.571334
1 1 0 23.8121 0.1 5.28153 -1.47207 -3.66131 -1.47207 -3.66131 0.228986 0.571408 0.228986 -0.571408
1 1 0 23.8071 0.1 5.28135 -1.47195 -3.66095 -1.47195 -3.66095 0.228989 0.571482 0.228989 -0.571482
1 1 0 23.8021 0.1 5.28118 -1.47183 -3.66058 -1.47183 -3.66058 0.228992 0.571556 0.228992 -0.571556
1 1 0 23.7971 0.1 5.28101 -1.4717 -3.66022 -1.4717 -3.66022 0.228997 0.571629 0.228997 -0.571629
1 1 0 23.7922 0.1 5.28084 -1.47158 -3.65985 -1.47158 -3.65985 0.229001 0.571703 0.229001 -0.571703
1 1 0 23.7872 0.1 5.28068 -1.47146 -3.65949 -1.47146 -3.65949 0.229007 0.571776 0.229007 -0.571776
1 1 0 23.7822 0.1 5.28053 -1.47134 -3.65912 -1.47134 -3.65912 0.229013 0.571849 0.229013 -0.571849
1 1 0 23.7772 0.1 5.28038 -1.47121 -3.65876 -1.47121 -3.65876 0.229019 0.571921 0.229019 -0.571921
1 1 0 23.7722 0.1 5.28023 -1.47109 -3.65839 -1.47109 -3.65839 0.229026 0.571994 0.229026 -0.571994
1 1 0 23.7672 0.1 5.28009 -1.47097 -3.65803 -1.47097 -3.65803 0.229034 0.572066 0.229034 -0.572066
1 1 0 23.7622 0.1 5.27995 -1.47085 -3.65766 -1.47085 -3.65766 0.229042 0.572138 0.229042 -0.572138
1 1 0 23.7573 0.1 5.27981 -1.47072 -3.6573 -1.47072 -3.6573 0.22905 0.57221 0.22905 -0.57221
1 1 0 23.7523 0.1 5.27968 -1.4706 -3.65694 -1.4706 -3.65694 0.22906 0.572281 0.22906 -0.572281
1 1 0 23.7473 0.1 5.27956 -1.47048 -3.65657 -1.47048 -3.65657 0.229069 0.572353 0.229069 -0.572353
1 1 0 23.7423 0.1 5.27944 -1.47035 -3.65621 -1.47035 -3.65621 0.22908 0.572424 0.22908 -0.572424
1 1 0 23.7373 0.1 5.27932 -1.47023 -3.65584 -1.47023 -3.65584 0.22909 0.572495 0.22909 -0.572495
1 1 0 23.7323 0.1 5.27921 -1.47011 -3.65548 -1.47011 -3.65548 0.229102 0.572565 0.229102 -0.572565
1 1 0 23.7273 0.1 5.2791 -1.46999 -3.65512 -1.46999 -3.65512 0.229114 0.572636 0.229114 -0.572636
1 1 0 23.7224 0.1 5.279 -1.46986 -3.65475 -1.46986 -3.65475 0.229126 0.572706 0.229126 -0.572706
1 1 0 23.7174 0.1 5.2789 -1.46974 -3.65439 -1.46974 -3.65439 0.22914 0.572776 0.22914 -0.572776
1 1 0 23.7124 0.1 5.2788 -1.46962 -3.65402 -1.46962 -3.65402 0.229153 0.572846 0.229153 -0.572846
1 1 0 23.7074 0.1 5.27871 -1.46949 -3.65366 -1.46949 -3.65366 0.229167 0.572916 0.229167 -0.572916
1 1 0 23.7024 0.1 5.27862 -1.46937 -3.6533 -1.46937 -3.6533 0.229182 0.572985 0.229182 -0.572985
1 1 0 23.6974 0.1 5.27854 -1.46925 -3.65293 -1.46925 -3.65293 0.229198 0.573054 0.229198 -0.573054
1 1 0 23.6925 0.1 5.27846 -1.46912 -3.65257 -1.46912 -3.65257 0.229213 0.573123 0.229213 -0.573123
1 1 0 23.6875 0.1 5.27839 -1.469 -3.65221 -1.469 -3.65221 0.22923 0.573192 0.22923 -0.573192
1 1 0 23.6825 0.1 5.27832 -1.46888 -3.65185 -1.46888 -3.65185 0.229247 0.57326 0.229247 -0.57326
1 1 0 23.6775 0.1 5.27826 -1.46875 -3.65148 -1.46875 -3.65148 0.229264 0.573329 0.229264 -0.573329
1 1 0 23.6725 0.1 5.27819 -1.46863 -3.65112 -1.46863 -3.65112 0.229283 0.573397 0.229283 -0.573397
1 1 0 23.6675 0.1 5.27814 -1.4685 -3.65076 -1.4685 -3.65076 0.229301 0.573465 0.229301 -0.573465
1 1 0 23.6625 0.1 5.27809 -1.46838 -3.65039 -1.46838 -3.65039 0.229321 0.573532 0.229321 -0.573532
1 1 0 23.6576 0.1 5.27804 -1.46826 -3.65003 -1.46826 -3.65003 0.22934 0.5736 0.22934 -0.5736
1 1 0 23.6526 0.1 5.278 -1.46813 -3.64967 -1.46813 -3.64967 0.229361 0.573667 0.229361 -0.573667
1 1 0 23.6476 0.1 5.27796 -1.46801 -3.64931 -1.46801 -3.64931 0.229382 0.573734 0.229382 -0.573734
1 1 0 23.6426 0.1 5.27792 -1.46789 -3.64894 -1.46789 -3.64894 0.229403 0.573801 0.229403 -0.573801
1 1 0 23.6376 0.1 5.27789 -1.46776 -3.64858 -1.46776 -3.64858 0.229425 0.573867 0.229425 -0.573867
1 1 0 23.6326 0.1 5.27786 -1.46764 -3.64822 -1.46764 -3.64822 0.229448 0.573933 0.229448 -0.573933
1 1 0 23.6276 0.1 5.27784 -1.46751 -3.64786 -1.46751 -3.64786 0.229471 0.574 0.229471 -0.574
1 1 0 23.6227 0.1 5.27783 -1.46739 -3.64749 -1.46739 -3.64749 0.229495 0.574065 0.229495 -0.574065
1 1 0 23.6177 0.1 5.27781 -1.46727 -3.64713 -1.46727 -3.64713 0.229519 0.574131 0.229519 -0.574131
1 1 0 23.6127 0.1 5.2778 -1.46714 -3.64677 -1.46714 -3.64677 0.229544 0.574197 0.229544 -0.574197
1 1 0 23.6077 0.1 5.2778 -1.46702 -3.64641 -1.46702 -3.64641 0.229569 0.574262 0.229569 -0.574262
1 1 0 23.6027 0.1 5.2778 -1.46689 -3.64605 -1.46689 -3.64605 0.229595 0.574327 0.229595 -0.574327
1 1 0 23.5977 0.1 5.2778 -1.46677 -3.64569 -1.46677 -3.64569 0.229622 0.574392 0.229622 -0.574392
1 1 0 23.5927 0.1 5.27781 -1.46664 -3.64532 -1.46664 -3.64532 0.229649 0.574456 0.229649 -0.574456
1 1 0 23.5878 0.1 5.27782 -1.46652 -3.64496 -1.46652 -3.64496 0.229676 0.57452 0.229676 -0.57452
1 1 0 23.5828 0.1 5.27784 -1.4664 -3.6446 -1.4664 -3.6446 0.229705 0.574585 0.229705 -0.574585
1 1 0 23.5778 0.1 5.27786 -1.46627 -3.64424 -1.46627 -3.64424 0.229733 0.574648 0.229733 -0.574648
1 1 0 23.5728 0.1 5.27789 -1.46615 -3.64388 -1.46615 -3.64388 0.229763 0.574712 0.229763 -0.574712
1 1 0 23.5678 0.1 5.27792 -1.46602 -3.64352 -1.46602 -3.64352 0.229793 0.574776 0.229793 -0.574776
1 1 0 23.5628 0.1 5.27795 -1.4659 -3.64316 -1.4659 -3.64316 0.229823 0.574839 0.229823 -0.574839
1 1 0 23.5578 0.1 5.27799 -1.46577 -3.6428 -1.46577 -3.6428 0.229854 0.574902 0.229854 -0.574902
1 1 0 23.5529 0.1 5.27803 -1.46565 -3.64243 -1.46565 -3.64243 0.229886 0.574965 0.229886 -0.574965
1 1 0 23.5479 0.1 5.27808 -1.46552 -3.64207 -1.46552 -3.64207 0.229918 0.575027 0.229918 -0.575027
1 1 0 23.5429 0.1 5.27813 -1.4654 -3.64171 -1.4654 -3.64171 0.22995 0.57509 0.22995 -0.57509
1 1 0 23.5379 0.1 5.27819 -1.46527 -3.64135 -1.46527 -3.64135 0.229984 0.575152 0.229984 -0.575152
1 1 0 23.5329 0.1 5.27825 -1.46515 -3.64099 -1.46515 -3.64099 0.230018 0.575214 0.230018 -0.575214
1 1 0 23.5279 0.1 5.27831 -1.46502 -3.64063 -1.46502 -3.64063 0.230052 0.575276 0.230052 -0.575276
1 1 0 23.5229 0.1 5.27838 -1.4649 -3.64027 -1.4649 -3.64027 0.230087 0.575337 0.230087 -0.575337
1 1 0 23.518 0.1 5.27846 -1.46477 -3.63991 -1.46477 -3.63991 0.230122 0.575398 0.230122 -0.575398
1 1 0 23.513 0.1 5.27853 -1.46465 -3.63955 -1.46465 -3.63955 0.230159 0.575459 0.230159 -0.575459
1 1 0 23.508 0.1 5.27862 -1.46452 -3.63919 -1.46452 -3.63919 0.230195 0.57552 0.230195 -0.57552
1 1 0 23.503 0.1 5.2787 -1.4644 -3.63883 -1.4644 -3.63883 0.230232 0.575581 0.230232 -0.575581
1 1 0 23.498 0.1 5.27879 -1.46427 -3.63847 -1.46427 -3.63847 0.23027 0.575641 0.23027 -0.575641
1 1 0 23.493 0.1 5.27889 -1.46415 -3.63811 -1.46415 -3.63811 0.230309 0.575701 0.230309 -0.575701
1 1 0 23.4881 0.1 5.27899 -1.46402 -3.63775 -1.46402 -3.63775 0.230347 0.575761 0.230347 -0.575761
1 1 0 23.4831 0.1 5.27909 -1.4639 -3.63739 -1.4639 -3.63739 0.230387 0.575821 0.230387 -0.575821
1 1 0 23.4781 0.1 5.2792 -1.46377 -3.63703 -1.46377 -3.63703 0.230427 0.57588 0.230427 -0.57588
1 1 0 23.4731 0.1 5.27931 -1.46365 -3.63667 -1.46365 -3.63667 0.230468 0.57594 0.230468 -0.57594
1 1 0 23.4681 0.1 5.27943 -1.46352 -3.63631 -1.46352 -3.63631 0.230509 0.575999 0.230509 -0.575999
1 1 0 23.4631 0.1 5.27955 -1.46339 -3.63595 -1.46339 -3.63595 0.23055 0.576058 0.23055 -0.576058
1 1 0 23.4581 0.1 5.27967 -1.46327 -3.63559 -1.46327 -3.63559 0.230593 0.576116 0.230593 -0.576116
1 1 0 23.4532 0.1 5.2798 -1.46314 -3.63523 -1.46314 -3.63523 0.230636 0.576175 0.230636 -0.576175
1 1 0 23.4482 0.1 5.27994 -1.46302 -3.63487 -1.46302 -3.63487 0.230679 0.576233 0.230679 -0.576233
1 1 0 23.4432 0.1 5.28007 -1.46289 -3.63451 -1.46289 -3.63451 0.230723 0.576291 0.230723 -0.576291
1 1 0 23.4382 0.1 5.28022 -1.46276 -3.63416 -1.46276 -3.63416 0.230768 0.576348 0.230768 -0.576348
1 1 0 23.4332 0.1 5.28036 -1.46264 -3.6338 -1.46264 -3.6338 0.230813 0.576406 0.230813 -0.576406
1 1 0 23.4282 0.1 5.28051 -1.46251 -3.63344 -1.46251 -3.63344 0.230858 0.576463 0.230858 -0.576463
1 1 0 23.4232 0.1 5.28067 -1.46239 -3.63308 -1.46239 -3.63308 0.230905 0.57652 0.230905 -0.57652
1 1 0 23.4183 0.1 5.28083 -1.46226 -3.63272 -1.46226 -3.63272 0.230952 0.576577 0.230952 -0.576577
1 1 0 23.4133 0.1 5.28099 -1.46213 -3.63236 -1.46213 -3.63236 0.230999 0.576634 0.230999 -0.576634
1 1 0 23.4083 0.1 5.28116 -1.46201 -3.632 -1.46201 -3.632 0.231047 0.57669 0.231047 -0.57669
1 1 0 23.4033 0.1 5.28133 -1.46188 -3.63164 -1.46188 -3.63164 0.231095 0.576746 0.231095 -0.576746
1 1 0 23.3983 0.1 5.28151 -1.46176 -3.63129 -1.46176 -3.63129 0.231145 0.576802 0.231145 -0.576802
1 1 0 23.3933 0.1 5.28169 -1.46163 -3.63093 -1.46163 -3.63093 0.231194 0.576858 0.231194 -0.576858
1 1 0 23.3883 0.1 5.28188 -1.4615 -3.63057 -1.4615 -3.63057 0.231245 0.576913 0.231245 -0.576913
1 1 0 23.3834 0.1 5.28207 -1.46138 -3.63021 -1.46138 -3.63021 0.231295 0.576969 0.231295 -0.576969
1 1 0 23.3784 0.1 5.28226 -1.46125 -3.62985 -1.46125 -3.62985 0.231347 0.577024 0.231347 -0.577024
1 1 0 23.3734 0.1 5.28246 -1.46112 -3.62949 -1.46112 -3.62949 0.231399 0.577078 0.231399 -0.577078
1 1 0 23.3684 0.1 5.28266 -1.461 -3.62914 -1.461 -3.62914 0.231451 0.577133 0.231451 -0.577133
1 1 0 23.3634 0.1 5.28287 -1.46087 -3.62878 -1.46087 -3.62878 0.231504 0.577187 0.231504 -0.577187
1 1 0 23.3584 0.1 5.28308 -1.46074 -3.62842 -1.46074 -3.62842 0.231558 0.577241 0.231558 -0.577241
1 1 0 23.3534 0.1 5.2833 -1.46062 -3.62806 -1.46062 -3.62806 0.231612 0.577295 0.231612 -0.577295
1 1 0 23.3485 0.1 5.28352 -1.46049 -3.62771 -1.46049 -3.62771 0.231667 0.577349 0.231667 -0.577349
1 1 0 23.3435 0.1 5.28375 -1.46036 -3.62735 -1.46036 -3.62735 0.231722 0.577402 0.231722 -0.577402
1 1 0 23.3385 0.1 5.28397 -1.46024 -3.62699 -1.46024 -3.62699 0.231778 0.577456 0.231778 -0.577456
1 1 0 23.3335 0.1 5.28421 -1.46011 -3.62663 -1.46011 -3.62663 0.231835 0.577509 0.231835 -0.577509
1 1 0 23.3285 0.1 5.28445 -1.45998 -3.62628 -1.45998 -3.62628 0.231892 0.577561 0.231892 -0.577561
1 1 0 23.3235 0.1 5.28469 -1.45986 -3.62592 -1.45986 -3.62592 0.23195 0.577614 0.23195 -0.577614
1 1 0 23.3185 0.1 5.28493 -1.45973 -3.62556 -1.45973 -3.62556 0.232008 0.577666 0.232008 -0.577666
1 1 0 23.3136 0.1 5.28519 -1.4596 -3.6252 -1.4596 -3.6252 0.232067 0.577718 0.232067 -0.577718
1 1 0 23.3086 0.1 5.28544 -1.45947 -3.62485 -1.45947 -3.62485 0.232126 0.57777 0.232126 -0.57777
1 1 0 23.3036 0.1 5.2857 -1.45935 -3.62449 -1.45935 -3.62449 0.232186 0.577822 0.232186 -0.577822
1 1 0 23.2986 0.1 5.28596 -1.45922 -3.62413 -1.45922 -3.62413 0.232246 0.577873 0.232246 -0.577873
1 1 0 23.2936 0.1 5.28623 -1.45909 -3.62378 -1.45909 -3.62378 0.232307 0.577925 0.232307 -0.577925
1 1 0 23.2886 0.1 5.28651 -1.45897 -3.62342 -1.45897 -3.62342 0.232369 0.577975 0.232369 -0.577975
1 1 0 23.2836 0.1 5.28678 -1.45884 -3.62306 -1.45884 -3.62306 0.232431 0.578026 0.232431 -0.578026
1 1 0 23.2787 0.1 5.28706 -1.45871 -3.62271 -1.45871 -3.62271 0.232494 0.578077 0.232494 -0.578077
1 1 0 23.2737 0.1 5.28735 -1.45858 -3.62235 -1.45858 -3.62235 0.232558 0.578127 0.232558 -0.578127
1 1 0 23.2687 0.1 5.28764 -1.45846 -3.62199 -1.45846 -3.62199 0.232622 0.578177 0.232622 -0.578177
1 1 0 23.2637 0.1 5.28794 -1.45833 -3.62164 -1.45833 -3.62164 0.232686 0.578227 0.232686 -0.578227
1 1 0 23.2587 0.1 5.28823 -1.4582 -3.62128 -1.4582 -3.62128 0.232751 0.578276 0.232751 -0.578276
1 1 0 23.2537 0.1 5.28854 -1.45807 -3.62093 -1.45807 -3.62093 0.232817 0.578326 0.232817 -0.578326
1 1 0 23.2487 0.1 5.28885 -1.45794 -3.62057 -1.45794 -3.62057 0.232883 0.578375 0.232883 -0.578375
1 1 0 23.2438 0.1 5.28916 -1.45782 -3.62021 -1.45782 -3.62021 0.23295 0.578424 0.23295 -0.578424
1 1 0 23.2388 0.1 5.28947 -1.45769 -3.61986 -1.45769 -3.61986 0.233017 0.578472 0.233017 -0.578472
1 1 0 23.2338 0.1 5.2898 -1.45756 -3.6195 -1.45756 -3.6195 0.233085 0.578521 0.233085 -0.578521
1 1 0 23.2288 0.1 5.29012 -1.45743 -3.61915 -1.45743 -3.61915 0.233154 0.578569 0.233154 -0.578569
1 1 0 23.2238 0.1 5.29045 -1.45731 -3.61879 -1.45731 -3.61879 0.233223 0.578617 0.233223 -0.578617
1 1 0 23.2188 0.1 5.29078 -1.45718 -3.61844 -1.45718 -3.61844 0.233293 0.578665 0.233293 -0.578665
1 1 0 23.2138 0.1 5.29112 -1.45705 -3.61808 -1.45705 -3.61808 0.233363 0.578712 0.233363 -0.578712
1 1 0 23.2089 0.1 5.29147 -1.45692 -3.61772 -1.45692 -3.61772 0.233434 0.57876 0.233434 -0.57876
1 1 0 23.2039 0.1 5.29181 -1.45679 -3.61737 -1.45679 -3.61737 0.233505 0.578807 0.233505 -0.578807
1 1 0 23.1989 0.1 5.29216 -1.45666 -3.61701 -1.45666 -3.61701 0.233577 0.578853 0.233577 -0.578853
1 1 0 23.1939 0.1 5.29252 -1.45654 -3.61666 -1.45654 -3.61666 0.23365 0.5789 0.23365 -0.5789
1 1 0 23.1889 0.1 5.29288 -1.45641 -3.6163 -1.45641 -3.6163 0.233723 0.578946 0.233723 -0.578946
1 1 0 23.1839 0.1 5.29325 -1.45628 -3.61595 -1.45628 -3.61595 0.233797 0.578993 0.233797 -0.578993
1 1 0 23.1789 0.1 5.29362 -1.45615 -3.61559 -1.45615 -3.61559 0.233871 0.579038 0.233871 -0.579038
1 1 0 23.174 0.1 5.29399 -1.45602 -3.61524 -1.45602 -3.61524 0.233946 0.579084 0.233946 -0.579084
1 1 0 23.169 0.1 5.29437 -1.45589 -3.61488 -1.45589 -3.61488 0.234021 0.579129 0.234021 -0.579129
1 1 0 23.164 0.1 5.29475 -1.45577 -3.61453 -1.45577 -3.61453 0.234097 0.579175 0.234097 -0.579175
1 1 0 23.159 0.1 5.29514 -1.45564 -3.61418 -1.45564 -3.61418 0.234174 0.57922 0.234174 -0.57922
1 1 0 23.154 0.1 5.29553 -1.45551 -3.61382 -1.45551 -3.61382 0.234251 0.579264 0.234251 -0.579264
1 1 0 23.149 0.1 5.29592 -1.45538 -3.61347 -1.45538 -3.61347 0.234329 0.579309 0.234329 -0.579309
1 1 0 23.144 0.1 5.29632 -1.45525 -3.61311 -1.45525 -3.61311 0.234407 0.579353 0.234407 -0.579353
1 1 0 23.1391 0.1 5.29673 -1.45512 -3.61276 -1.45512 -3.61276 0.234486 0.579397 0.234486 -0.579397
1 1 0 23.1341 0.1 5.29714 -1.45499 -3.6124 -1.45499 -3.6124 0.234566 0.579441 0.234566 -0.579441
1 1 0 23.1291 0.1 5.29755 -1.45486 -3.61205 -1.45486 -3.61205 0.234646 0.579484 0.234646 -0.579484
1 1 0 23.1241 0.1 5.29797 -1.45473 -3.6117 -1.45473 -3.6117 0.234726 0.579528 0.234726 -0.579528
1 1 0 23.1191 0.1 5.29839 -1.45461 -3.61134 -1.45461 -3.61134 0.234808 0.579571 0.234808 -0.579571
1 1 0 23.1141 0.1 5.29882 -1.45448 -3.61099 -1.45448 -3.61099 0.234889 0.579614 0.234889 -0.579614
1 1 0 23.1091 0.1 5.29925 -1.45435 -3.61063 -1.45435 -3.61063 0.234972 0.579656 0.234972 -0.579656
1 1 0 23.1042 0.1 5.29969 -1.45422 -3.61028 -1.45422 -3.61028 0.235055 0.579699 0.235055 -0.579699
1 1 0 23.0992 0.1 5.30013 -1.45409 -3.60993 -1.45409 -3.60993 0.235138 0.579741 0.235138 -0.579741
1 1 0 23.0942 0.1 5.30057 -1.45396 -3.60957 -1.45396 -3.60957 0.235223 0.579783 0.235223 -0.579783
1 1 0 23.0892 0.1 5.30102 -1.45383 -3.60922 -1.45383 -3.60922 0.235307 0.579824 0.235307 -0.579824
1 1 0 23.0842 0.1 5.30147 -1.4537 -3.60887 -1.4537 -3.60887 0.235393 0.579866 0.235393 -0.579866
1 1 0 23.0792 0.1 5.30193 -1.45357 -3.60851 -1.45357 -3.60851 0.235478 0.579907 0.235478 -0.579907
1 1 0 23.0742 0.1 5.3024 -1.45344 -3.60816 -1.45344 -3.60816 0.235565 0.579948 0.235565 -0.579948
1 1 0 23.0693 0.1 5.30286 -1.45331 -3.60781 -1.45331 -3.60781 0.235652 0.579988 0.235652 -0.579988
1 1 0 23.0643 0.1 5.30333 -1.45318 -3.60745 -1.45318 -3.60745 0.23574 0.580029 0.23574 -0.580029
1 1 0 23.0593 0.1 5.30381 -1.45305 -3.6071 -1.45305 -3.6071 0.235828 0.580069 0.235828 -0.580069
1 1 0 23.0543 0.1 5.30429 -1.45292 -3.60675 -1.45292 -3.60675 0.235917 0.580109 0.235917 -0.580109
1 1 0 23.0493 0.1 5.30478 -1.45279 -3.60639 -1.45279 -3.60639 0.236006 0.580149 0.236006 -0.580149
1 1 0 23.0443 0.1 5.30527 -1.45266 -3.60604 -1.45266 -3.60604 0.236096 0.580188 0.236096 -0.580188
1 1 0 23.0393 0.1 5.30576 -1.45253 -3.60569 -1.45253 -3.60569 0.236187 0.580227 0.236187 -0.580227
1 1 0 23.0344 0.1 5.30626 -1.4524 -3.60534 -1.4524 -3.60534 0.236278 0.580266 0.236278 -0.580266
1 1 0 23.0294 0.1 5.30676 -1.45227 -3.60498 -1.45227 -3.60498 0.236369 0.580305 0.236369 -0.580305
1 1 0 23.0244 0.1 5.30727 -1.45214 -3.60463 -1.45214 -3.60463 0.236462 0.580344 0.236462 -0.580344
1 1 0 23.0194 0.1 5.30778 -1.45201 -3.60428 -1.45201 -3.60428 0.236555 0.580382 0.236555 -0.580382
1 1 0 23.0144 0.1 5.3083 -1.45188 -3.60393 -1.45188 -3.60393 0.236648 0.58042 0.236648 -0.58042
1 1 0 23.0094 0.1 5.30882 -1.45175 -3.60357 -1.45175 -3.60357 0.236742 0.580458 0.236742 -0.580458
1 1 0 23.0044 0.1 5.30934 -1.45162 -3.60322 -1.45162 -3.60322 0.236837 0.580495 0.236837 -0.580495
1 1 0 22.9995 0.1 5.30987 -1.45149 -3.60287 -1.45149 -3.60287 0.236932 0.580533 0.236932 -0.580533
1 1 0 22.9945 0.1 5.31041 -1.45136 -3.60252 -1.45136 -3.60252 0.237028 0.58057 0.237028 -0.58057
1 1 0 22.9895 0.1 5.31095 -1.45123 -3.60217 -1.45123 -3.60217 0.237124 0.580607 0.237124 -0.580607
1 1 0 22.9845 0.1 5.31149 -1.4511 -3.60181 -1.4511 -3.60181 0.237221 0.580643 0.237221 -0.580643
1 1 0 22.9795 0.1 5.31204 -1.45097 -3.60146 -1.45097 -3.60146 0.237319 0.58068 0.237319 -0.58068
1 1 0 22.9745 0.1 5.31259 -1.45084 -3.60111 -1.45084 -3.60111 0.237417 0.580716 0.237417 -0.580716
1 1 0 22.9695 0.1 5.31315 -1.45071 -3.60076 -1.45071 -3.60076 0.237516 0.580752 0.237516 -0.580752
1 1 0 22.9646 0.1 5.31371 -1.45058 -3.60041 -1.45058 -3.60041 0.237615 0.580787 0.237615 -0.580787
1 1 0 22.9596 0.1 5.31428 -1.45045 -3.60006 -1.45045 -3.60006 0.237715 0.580822 0.237715 -0.580822
1 1 0 22.9546 0.1 5.31485 -1.45032 -3.5997 -1.45032 -3.5997 0.237815 0.580858 0.237815 -0.580858
1 1 0 22.9496 0.1 5.31542 -1.45019 -3.59935 -1.45019 -3.59935 0.237916 0.580892 0.237916 -0.580892
1 1 0 22.9446 0.1 5.316 -1.45006 -3.599 -1.45006 -3.599 0.238018 0.580927 0.238018 -0.580927
1 1 0 22.9396 0.1 5.31659 -1.44993 -3.59865 -1.44993 -3.59865 0.23812 0.580961 0.23812 -0.580961
1 1 0 22.9346 0.1 5.31718 -1.44979 -3.5983 -1.44979 -3.5983 0.238223 0.580996 0.238223 -0.580996
1 1 0 22.9297 0.1 5.31777 -1.44966 -3.59795 -1.44966 -3.59795 0.238326 0.581029 0.238326 -0.581029
1 1 0 22.9247 0.1 5.31837 -1.44953 -3.5976 -1.44953 -3.5976 0.23843 0.581063 0.23843 -0.581063
1 1 0 22.9197 0.1 5.31897 -1.4494 -3.59725 -1.4494 -3.59725 0.238535 0.581096 0.238535 -0.581096
1 1 0 22.9147 0.1 5.31958 -1.44927 -3.5969 -1.44927 -3.5969 0.23864 0.58113 0.23864 -0.58113
1 1 0 22.9097 0.1 5.32019 -1.44914 -3.59655 -1.44914 -3.59655 0.238746 0.581162 0.238746 -0.581162
1 1 0 22.9047 0.1 5.32081 -1.44901 -3.5962 -1.44901 -3.5962 0.238852 0.581195 0.238852 -0.581195
1 1 0 22.8997 0.1 5.32143 -1.44888 -3.59584 -1.44888 -3.59584 0.238959 0.581227 0.238959 -0.581227
1 1 0 22.8947 0.1 5.32205 -1.44875 -3.59549 -1.44875 -3.59549 0.239067 0.58126 0.239067 -0.58126
1 1 0 22.8898 0.1 5.32268 -1.44861 -3.59514 -1.44861 -3.59514 0.239175 0.581291 0.239175 -0.581291
1 1 0 22.8848 0.1 5.32332 -1.44848 -3.59479 -1.44848 -3.59479 0.239284 0.581323 0.239284 -0.581323
1 1 0 22.8798 0.1 5.32396 -1.44835 -3.59444 -1.44835 -3.59444 0.239393 0.581354 0.239393 -0.581354
1 1 0 22.8748 0.1 5.3246 -1.44822 -3.59409 -1.44822 -3.59409 0.239503 0.581386 0.239503 -0.581386
1 1 0 22.8698 0.1 5.32525 -1.44809 -3.59374 -1.44809 -3.59374 0.239614 0.581416 0.239614 -0.581416
1 1 0 22.8648 0.1 5.3259 -1.44796 -3.59339 -1.44796 -3.59339 0.239725 0.581447 0.239725 -0.581447
1 1 0 22.8598 0.1 5.32656 -1.44782 -3.59304 -1.44782 -3.59304 0.239836 0.581477 0.239836 -0.581477
1 1 0 22.8549 0.1 5.32723 -1.44769 -3.59269 -1.44769 -3.59269 0.239949 0.581507 0.239949 -0.581507
1 1 0 22.8499 0.1 5.32789 -1.44756 -3.59234 -1.44756 -3.59234 0.240061 0.581537 0.240061 -0.581537
1 1 0 22.8449 0.1 5.32856 -1.44743 -3.59199 -1.44743 -3.59199 0.240175 0.581567 0.240175 -0.581567
1 1 0 22.8399 0.1 5.32924 -1.4473 -3.59164 -1.4473 -3.59164 0.240289 0.581596 0.240289 -0.581596
1 1 0 22.8349 0.1 5.32992 -1.44717 -3.5913 -1.44717 -3.5913 0.240404 0.581625 0.240404 -0.581625
1 1 0 22.8299 0.1 5.33061 -1.44703 -3.59095 -1.44703 -3.59095 0.240519 0.581654 0.240519 -0.581654
1 1 0 22.8249 0.1 5.3313 -1.4469 -3.5906 -1.4469 -3.5906 0.240635 0.581683 0.240635 -0.581683
1 1 0 22.82 0.1 5.33199 -1.44677 -3.59025 -1.44677 -3.59025 0.240751 0.581711 0.240751 -0.581711
1 1 0 22.815 0.1 5.33269 -1.44664 -3.5899 -1.44664 -3.5899 0.240868 0.581739 0.240868 -0.581739
1 1 0 22.81 0.1 5.3334 -1.4465 -3.58955 -1.4465 -3.58955 0.240986 0.581767 0.240986 -0.581767
1 1 0 22.805 0.1 5.33411 -1.44637 -3.5892 -1.44637 -3.5892 0.241104 0.581794 0.241104 -0.581794
1 1 0 22.8 0.1 5.33482 -1.44624 -3.58885 -1.44624 -3.58885 0.241223 0.581822 0.241223 -0.581822
1 1 0 22.795 0.1 5.33554 -1.44611 -3.5885 -1.44611 -3.5885 0.241342 0.581849 0.241342 -0.581849
1 1 0 22.79 0.1 5.33626 -1.44598 -3.58815 -1.44598 -3.58815 0.241462 0.581875 0.241462 -0.581875
1 1 0 22.7851 0.1 5.33699 -1.44584 -3.5878 -1.44584 -3.5878 0.241583 0.581902 0.241583 -0.581902
1 1 0 22.7801 0.1 5.33773 -1.44571 -3.58746 -1.44571 -3.58746 0.241704 0.581928 0.241704 -0.581928
1 1 0 22.7751 0.1 5.33846 -1.44558 -3.58711 -1.44558 -3.58711 0.241825 0.581954 0.241825 -0.581954
1 1 0 22.7701 0.1 5.33921 -1.44545 -3.58676 -1.44545 -3.58676 0.241948 0.58198 0.241948 -0.58198
1 1 0 22.7651 0.1 5.33995 -1.44531 -3.58641 -1.44531 -3.58641 0.242071 0.582005 0.242071 -0.582005
1 1 0 22.7601 0.1 5.3407 -1.44518 -3.58606 -1.44518 -3.58606 0.242194 0.582031 0.242194 -0.582031
1 1 0 22.7551 0.1 5.34146 -1.44505 -3.58571 -1.44505 -3.58571 0.242318 0.582056 0.242318 -0.582056
1 1 0 22.7502 0.1 5.34222 -1.44491 -3.58537 -1.44491 -3.58537 0.242443 0.58208 0.242443 -0.58208
1 1 0 22.7452 0.1 5.34299 -1.44478 -3.58502 -1.44478 -3.58502 0.242569 0.582105 0.242569 -0.582105
1 1 0 22.7402 0.1 5.34376 -1.44465 -3.58467 -1.44465 -3.58467 0.242694 0.582129 0.242694 -0.582129
1 1 0 22.7352 0.1 5.34453 -1.44452 -3.58432 -1.44452 -3.58432 0.242821 0.582153 0.242821 -0.582153
1 1 0 22.7302 0.1 5.34531 -1.44438 -3.58397 -1.44438 -3.58397 0.242948 0.582176 0.242948 -0.582176
1 1 0 22.7252 0.1 5.3461 -1.44425 -3.58363 -1.44425 -3.58363 0.243076 0.5822 0.243076 -0.5822
1 1 0 22.7202 0.1 5.34689 -1.44412 -3.58328 -1.44412 -3.58328 0.243204 0.582223 0.243204 -0.582223
1 1 0 22.7153 0.1 5.34768 -1.44398 -3.58293 -1.44398 -3.58293 0.243333 0.582246 0.243333 -0.582246
1 1 0 22.7103 0.1 5.34848 -1.44385 -3.58258 -1.44385 -3.58258 0.243463 0.582268 0.243463 -0.582268
1 1 0 22.7053 0.1 5.34929 -1.44372 -3.58224 -1.44372 -3.58224 0.243593 0.58229 0.243593 -0.58229
1 1 0 22.7003 0.1 5.35009 -1.44358 -3.58189 -1.44358 -3.58189 0.243723 0.582312 0.243723 -0.582312
1 1 0 22.6953 0.1 5.35091 -1.44345 -3.58154 -1.44345 -3.58154 0.243855 0.582334 0.243855 -0.582334
1 1 0 22.6903 0.1 5.35173 -1.44332 -3.58119 -1.44332 -3.58119 0.243987 0.582356 0.243987 -0.582356
1 1 0 22.6853 0.1 5.35255 -1.44318 -3.58085 -1.44318 -3.58085 0.244119 0.582377 0.244119 -0.582377
1 1 0 22.6803 0.1 5.35338 -1.44305 -3.5805 -1.44305 -3.5805 0.244252 0.582398 0.244252 -0.582398
1 1 0 22.6754 0.1 5.35421 -1.44292 -3.58015 -1.44292 -3.58015 0.244386 0.582418 0.244386 -0.582418
1 1 0 22.6704 0.1 5.35505 -1.44278 -3.57981 -1.44278 -3.57981 0.24452 0.582439 0.24452 -0.582439
1 1 0 22.6654 0.1 5.35589 -1.44265 -3.57946 -1.44265 -3.57946 0.244655 0.582459 0.244655 -0.582459
1 1 0 22.6604 0.1 5.35674 -1.44252 -3.57911 -1.44252 -3.57911 0.244791 0.582479 0.244791 -0.582479
1 1 0 22.6554 0.1 5.35759 -1.44238 -3.57877 -1.44238 -3.57877 0.244927 0.582498 0.244927 -0.582498
1 1 0 22.6504 0.1 5.35845 -1.44225 -3.57842 -1.44225 -3.57842 0.245064 0.582518 0.245064 -0.582518
1 1 0 22.6454 0.1 5.35931 -1.44211 -3.57807 -1.44211 -3.57807 0.245201 0.582537 0.245201 -0.582537
1 1 0 22.6405 0.1 5.36018 -1.44198 -3.57773 -1.44198 -3.57773 0.245339 0.582556 0.245339 -0.582556
1 1 0 22.6355 0.1 5.36105 -1.44185 -3.57738 -1.44185 -3.57738 0.245477 0.582574 0.245477 -0.582574
1 1 0 22.6305 0.1 5.36192 -1.44171 -3.57703 -1.44171 -3.57703 0.245616 0.582592 0.245616 -0.582592
1 1 0 22.6255 0.1 5.36281 -1.44158 -3.57669 -1.44158 -3.57669 0.245756 0.58261 0.245756 -0.58261
1 1 0 22.6205 0.1 5.36369 -1.44144 -3.57634 -1.44144 -3.57634 0.245897 0.582628 0.245897 -0.582628
1 1 0 22.6155 0.1 5.36458 -1.44131 -3.57599 -1.44131 -3.57599 0.246037 0.582645 0.246037 -0.582645
1 1 0 22.6105 0.1 5.36548 -1.44117 -3.57565 -1.44117 -3.57565 0.246179 0.582662 0.246179 -0.582662
1 1 0 22.6056 0.1 5.36638 -1.44104 -3.5753 -1.44104 -3.5753 0.246321 0.582679 0.246321 -0.582679
1 1 0 22.6006 0.1 5.36729 -1.44091 -3.57496 -1.44091 -3.57496 0.246464 0.582696 0.246464 -0.582696
1 1 0 22.5956 0.1 5.3682 -1.44077 -3.57461 -1.44077 -3.57461 0.246607 0.582712 0.246607 -0.582712
1 1 0 22.5906 0.1 5.36911 -1.44064 -3.57427 -1.44064 -3.57427 0.246751 0.582728 0.246751 -0.582728
1 1 0 22.5856 0.1 5.37003 -1.4405 -3.57392 -1.4405 -3.57392 0.246896 0.582744 0.246896 -0.582744
1 1 0 22.5806 0.1 5.37096 -1.44037 -3.57357 -1.44037 -3.57357 0.247041 0.582759 0.247041 -0.582759
1 1 0 22.5756 0.1 5.37189 -1.44023 -3.57323 -1.44023 -3.57323 0.247187 0.582775 0.247187 -0.582775
1 1 0 22.5707 0.1 5.37282 -1.4401 -3.57288 -1.4401 -3.57288 0.247333 0.582789 0.247333 -0.582789
1 1 0 22.5657 0.1 5.37376 -1.43996 -3.57254 -1.43996 -3.57254 0.24748 0.582804 0.24748 -0.582804
1 1 0 22.5607 0.1 5.37471 -1.43983 -3.57219 -1.43983 -3.57219 0.247628 0.582818 0.247628 -0.582818
1 1 0 22.5557 0.1 5.37566 -1.43969 -3.57185 -1.43969 -3.57185 0.247776 0.582832 0.247776 -0.582832
1 1 0 22.5507 0.1 5.37662 -1.43956 -3.5715 -1.43956 -3.5715 0.247924 0.582846 0.247924 -0.582846
1 1 0 22.5457 0.1 5.37758 -1.43942 -3.57116 -1.43942 -3.57116 0.248074 0.58286 0.248074 -0.58286
1 1 0 22.5407 0.1 5.37854 -1.43929 -3.57081 -1.43929 -3.57081 0.248224 0.582873 0.248224 -0.582873
1 1 0 22.5357 0.1 5.37951 -1.43915 -3.57047 -1.43915 -3.57047 0.248374 0.582886 0.248374 -0.582886
1 1 0 22.5308 0.1 5.38049 -1.43902 -3.57012 -1.43902 -3.57012 0.248526 0.582898 0.248526 -0.582898
1 1 0 22.5258 0.1 5.38147 -1.43888 -3.56978 -1.43888 -3.56978 0.248678 0.582911 0.248678 -0.582911
1 1 0 22.5208 0.1 5.38245 -1.43875 -3.56943 -1.43875 -3.56943 0.24883 0.582923 0.24883 -0.582923
1 1 0 22.5158 0.1 5.38344 -1.43861 -3.56909 -1.43861 -3.56909 0.248983 0.582935 0.248983 -0.582935
1 1 0 22.5108 0.1 5.38444 -1.43848 -3.56875 -1.43848 -3.56875 0.249137 0.582946 0.249137 -0.582946
1 1 0 22.5058 0.1 5.38544 -1.43834 -3.5684 -1.43834 -3.5684 0.249291 0.582957 0.249291 -0.582957
1 1 0 22.5008 0.1 5.38644 -1.43821 -3.56806 -1.43821 -3.56806 0.249446 0.582968 0.249446 -0.582968
1 1 0 22.4959 0.1 5.38745 -1.43807 -3.56771 -1.43807 -3.56771 0.249601 0.582979 0.249601 -0.582979
1 1 0 22.4909 0.1 5.38847 -1.43794 -3.56737 -1.43794 -3.56737 0.249757 0.582989 0.249757 -0.582989
1 1 0 22.4859 0.1 5.38949 -1.4378 -3.56702 -1.4378 -3.56702 0.249914 0.582999 0.249914 -0.582999
1 1 0 22.4809 0.1 5.39052 -1.43767 -3.56668 -1.43767 -3.56668 0.250071 0.583009 0.250071 -0.583009
1 1 0 22.4759 0.1 5.39155 -1.43753 -3.56634 -1.43753 -3.56634 0.250229 0.583018 0.250229 -0.583018
1 1 0 22.4709 0.1 5.39258 -1.43739 -3.56599 -1.43739 -3.56599 0.250388 0.583028 0.250388 -0.583028
1 1 0 22.4659 0.1 5.39362 -1.43726 -3.56565 -1.43726 -3.56565 0.250547 0.583036 0.250547 -0.583036
1 1 0 22.461 0.1 5.39467 -1.43712 -3.56531 -1.43712 -3.56531 0.250707 0.583045 0.250707 -0.583045
1 1 0 22.456 0.1 5.39572 -1.43699 -3.56496 -1.43699 -3.56496 0.250867 0.583053 0.250867 -0.583053
1 1 0 22.451 0.1 5.39678 -1.43685 -3.56462 -1.43685 -3.56462 0.251028 0.583061 0.251028 -0.583061
1 1 0 22.446 0.1 5.39784 -1.43671 -3.56428 -1.43671 -3.56428 0.251189 0.583069 0.251189 -0.583069
1 1 0 22.441 0.1 5.39891 -1.43658 -3.56393 -1.43658 -3.56393 0.251352 0.583076 0.251352 -0.583076
1 1 0 22.436 0.1 5.39998 -1.43644 -3.56359 -1.43644 -3.56359 0.251514 0.583083 0.251514 -0.583083
1 1 0 22.431 0.1 5.40106 -1.43631 -3.56325 -1.43631 -3.56325 0.251678 0.58309 0.251678 -0.58309
1 1 0 22.426 0.1 5.40214 -1.43617 -3.5629 -1.43617 -3.5629 0.251842 0.583097 0.251842 -0.583097
1 1 0 22.4211 0.1 5.40322 -1.43603 -3.56256 -1.43603 -3.56256 0.252007 0.583103 0.252007 -0.583103
1 1 0 22.4161 0.1 5.40432 -1.4359 -3.56222 -1.4359 -3.56222 0.252172 0.583109 0.252172 -0.583109
1 1 0 22.4111 0.1 5.40541 -1.43576 -3.56187 -1.43576 -3.56187 0.252338 0.583115 0.252338 -0.583115
1 1 0 22.4061 0.1 5.40652 -1.43563 -3.56153 -1.43563 -3.56153 0.252504 0.58312 0.252504 -0.58312
1 1 0 22.4011 0.1 5.40763 -1.43549 -3.56119 -1.43549 -3.56119 0.252671 0.583125 0.252671 -0.583125
1 1 0 22.3961 0.1 5.40874 -1.43535 -3.56085 -1.43535 -3.56085 0.252839 0.58313 0.252839 -0.58313
1 1 0 22.3911 0.1 5.40986 -1.43522 -3.5605 -1.43522 -3.5605 0.253007 0.583134 0.253007 -0.583134
1 1 0 22.3862 0.1 5.41098 -1.43508 -3.56016 -1.43508 -3.56016 0.253176 0.583138 0.253176 -0.583138
1 1 0 22.3812 0.1 5.41211 -1.43494 -3.55982 -1.43494 -3.55982 0.253346 0.583142 0.253346 -0.583142
1 1 0 22.3762 0.1 5.41324 -1.43481 -3.55948 -1.43481 -3.55948 0.253516 0.583145 0.253516 -0.583145
1 1 0 22.3712 0.1 5.41438 -1.43467 -3.55913 -1.43467 -3.55913 0.253687 0.583149 0.253687 -0.583149
1 1 0 22.3662 0.1 5.41553 -1.43453 -3.55879 -1.43453 -3.55879 0.253858 0.583152 0.253858 -0.583152
1 1 0 22.3612 0.1 5.41668 -1.4344 -3.55845 -1.4344 -3.55845 0.25403 0.583154 0.25403 -0.583154
1 1 0 22.3562 0.1 5.41783 -1.43426 -3.55811 -1.43426 -3.55811 0.254203 0.583156 0.254203 -0.583156
1 1 0 22.3513 0.1 5.41899 -1.43412 -3.55777 -1.43412 -3.55777 0.254376 0.583158 0.254376 -0.583158
1 1 0 22.3463 0.1 5.42016 -1.43398 -3.55742 -1.43398 -3.55742 0.25455 0.58316 0.25455 -0.58316
1 1 0 22.3413 0.1 5.42133 -1.43385 -3.55708 -1.43385 -3.55708 0.254724 0.583161 0.254724 -0.583161
1 1 0 22.3363 0.1 5.42251 -1.43371 -3.55674 -1.43371 -3.55674 0.254899 0.583162 0.254899 -0.583162
1 1 0 22.3313 0.1 5.42369 -1.43357 -3.5564 -1.43357 -3.5564 0.255075 0.583163 0.255075 -0.583163
1 1 0 22.3263 0.1 5.42488 -1.43344 -3.55606 -1.43344 -3.55606 0.255251 0.583164 0.255251 -0.583164
1 1 0 22.3213 0.1 5.42607 -1.4333 -3.55572 -1.4333 -3.55572 0.255428 0.583164 0.255428 -0.583164
1 1 0 22.3163 0.1 5.42727 -1.43316 -3.55537 -1.43316 -3.55537 0.255606 0.583164 0.255606 -0.583164
1 1 0 22.3114 0.1 5.42847 -1.43302 -3.55503 -1.43302 -3.55503 0.255784 0.583163 0.255784 -0.583163
1 1 0 22.3064 0.1 5.42968 -1.43289 -3.55469 -1.43289 -3.55469 0.255963 0.583162 0.255963 -0.583162
1 1 0 22.3014 0.1 5.43089 -1.43275 -3.55435 -1.43275 -3.55435 0.256142 0.583161 0.256142 -0.583161
1 1 0 22.2964 0.1 5.43211 -1.43261 -3.55401 -1.43261 -3.55401 0.256322 0.58316 0.256322 -0.58316
1 1 0 22.2914 0.1 5.43334 -1.43247 -3.55367 -1.43247 -3.55367 0.256503 0.583158 0.256503 -0.583158
1 1 0 22.2864 0.1 5.43457 -1.43234 -3.55333 -1.43234 -3.55333 0.256684 0.583156 0.256684 -0.583156
1 1 0 22.2814 0.1 5.4358 -1.4322 -3.55299 -1.4322 -3.55299 0.256866 0.583153 0.256866 -0.583153
1 1 0 22.2765 0.1 5.43704 -1.43206 -3.55265 -1.43206 -3.55265 0.257049 0.583151 0.257049 -0.583151
1 1 0 22.2715 0.1 5.43829 -1.43192 -3.55231 -1.43192 -3.55231 0.257232 0.583148 0.257232 -0.583148
1 1 0 22.2665 0.1 5.43954 -1.43178 -3.55197 -1.43178 -3.55197 0.257415 0.583144 0.257415 -0.583144
1 1 0 22.2615 0.1 5.4408 -1.43165 -3.55162 -1.43165 -3.55162 0.2576 0.583141 0.2576 -0.583141
1 1 0 22.2565 0.1 5.44206 -1.43151 -3.55128 -1.43151 -3.55128 0.257785 0.583137 0.257785 -0.583137
1 1 0 22.2515 0.1 5.44333 -1.43137 -3.55094 -1.43137 -3.55094 0.25797 0.583132 0.25797 -0.583132
1 1 0 22.2465 0.1 5.4446 -1.43123 -3.5506 -1.43123 -3.5506 0.258157 0.583128 0.258157 -0.583128
1 1 0 22.2416 0.1 5.44588 -1.43109 -3.55026 -1.43109 -3.55026 0.258344 0.583123 0.258344 -0.583123
1 1 0 22.2366 0.1 5.44717 -1.43096 -3.54992 -1.43096 -3.54992 0.258531 0.583118 0.258531 -0.583118
1 1 0 22.2316 0.1 5.44846 -1.43082 -3.54958 -1.43082 -3.54958 0.258719 0.583112 0.258719 -0.583112
1 1 0 22.2266 0.1 5.44975 -1.43068 -3.54924 -1.43068 -3.54924 0.258908 0.583106 0.258908 -0.583106
1 1 0 22.2216 0.1 5.45105 -1.43054 -3.5489 -1.43054 -3.5489 0.259097 0.5831 0.259097 -0.5831
1 1 0 22.2166 0.1 5.45236 -1.4304 -3.54856 -1.4304 -3.54856 0.259287 0.583093 0.259287 -0.583093
1 1 0 22.2116 0.1 5.45367 -1.43026 -3.54822 -1.43026 -3.54822 0.259478 0.583086 0.259478 -0.583086
1 1 0 22.2066 0.1 5.45499 -1.43012 -3.54788 -1.43012 -3.54788 0.259669 0.583079 0.259669 -0.583079
1 1 0 22.2017 0.1 5.45631 -1.42999 -3.54755 -1.42999 -3.54755 0.259861 0.583072 0.259861 -0.583072
1 1 0 22.1967 0.1 5.45764 -1.42985 -3.54721 -1.42985 -3.54721 0.260053 0.583064 0.260053 -0.583064
1 1 0 22.1917 0.1 5.45898 -1.42971 -3.54687 -1.42971 -3.54687 0.260247 0.583055 0.260247 -0.583055
1 1 0 22.1867 0.1 5.46032 -1.42957 -3.54653 -1.42957 -3.54653 0.26044 0.583047 0.26044 -0.583047
1 1 0 22.1817 0.1 5.46166 -1.42943 -3.54619 -1.42943 -3.54619 0.260635 0.583038 0.260635 -0.583038
1 1 0 22.1767 0.1 5.46301 -1.42929 -3.54585 -1.42929 -3.54585 0.26083 0.583029 0.26083 -0.583029
1 1 0 22.1717 0.1 5.46437 -1.42915 -3.54551 -1.42915 -3.54551 0.261025 0.583019 0.261025 -0.583019
1 1 0 22.1668 0.1 5.46573 -1.42901 -3.54517 -1.42901 -3.54517 0.261221 0.583009 0.261221 -0.583009
1 1 0 22.1618 0.1 5.4671 -1.42888 -3.54483 -1.42888 -3.54483 0.261418 0.582999 0.261418 -0.582999
1 1 0 22.1568 0.1 5.46848 -1.42874 -3.54449 -1.42874 -3.54449 0.261616 0.582989 0.261616 -0.582989
1 1 0 22.1518 0.1 5.46986 -1.4286 -3.54415 -1.4286 -3.54415 0.261814 0.582978 0.261814 -0.582978
1 1 0 22.1468 0.1 5.47124 -1.42846 -3.54382 -1.42846 -3.54382 0.262013 0.582967 0.262013 -0.582967
1 1 0 22.1418 0.1 5.47263 -1.42832 -3.54348 -1.42832 -3.54348 0.262212 0.582955 0.262212 -0.582955
1 1 0 22.1368 0.1 5.47403 -1.42818 -3.54314 -1.42818 -3.54314 0.262412 0.582943 0.262412 -0.582943
1 1 0 22.1318 0.1 5.47543 -1.42804 -3.5428 -1.42804 -3.5428 0.262613 0.582931 0.262613 -0.582931
1 1 0 22.1269 0.1 5.47684 -1.4279 -3.54246 -1.4279 -3.54246 0.262814 0.582918 0.262814 -0.582918
1 1 0 22.1219 0.1 5.47825 -1.42776 -3.54212 -1.42776 -3.54212 0.263016 0.582905 0.263016 -0.582905
1 1 0 22.1169 0.1 5.47967 -1.42762 -3.54178 -1.42762 -3.54178 0.263218 0.582892 0.263218 -0.582892
1 1 0 22.1119 0.1 5.4811 -1.42748 -3.54145 -1.42748 -3.54145 0.263421 0.582879 0.263421 -0.582879
1 1 0 22.1069 0.1 5.48253 -1.42734 -3.54111 -1.42734 -3.54111 0.263625 0.582865 0.263625 -0.582865
1 1 0 22.1019 0.1 5.48397 -1.4272 -3.54077 -1.4272 -3.54077 0.26383 0.58285 0.26383 -0.58285
1 1 0 22.0969 0.1 5.48541 -1.42706 -3.54043 -1.42706 -3.54043 0.264035 0.582836 0.264035 -0.582836
1 1 0 22.092 0.1 5.48686 -1.42692 -3.54009 -1.42692 -3.54009 0.26424 0.582821 0.26424 -0.582821
1 1 0 22.087 0.1 5.48831 -1.42678 -3.53976 -1.42678 -3.53976 0.264447 0.582806 0.264447 -0.582806
1 1 0 22.082 0.1 5.48977 -1.42664 -3.53942 -1.42664 -3.53942 0.264653 0.58279 0.264653 -0.58279
1 1 0 22.077 0.1 5.49124 -1.4265 -3.53908 -1.4265 -3.53908 0.264861 0.582774 0.264861 -0.582774
1 1 0 22.072 0.1 5.49271 -1.42636 -3.53874 -1.42636 -3.53874 0.265069 0.582758 0.265069 -0.582758
1 1 0 22.067 0.1 5.49419 -1.42622 -3.53841 -1.42622 -3.53841 0.265278 0.582741 0.265278 -0.582741
1 1 0 22.062 0.1 5.49567 -1.42608 -3.53807 -1.42608 -3.53807 0.265488 0.582724 0.265488 -0.582724
1 1 0 22.057 0.1 5.49716 -1.42594 -3.53773 -1.42594 -3.53773 0.265698 0.582706 0.265698 -0.582706
1 1 0 22.0521 0.1 5.49866 -1.4258 -3.5374 -1.4258 -3.5374 0.265908 0.582689 0.265908 -0.582689
1 1 0 22.0471 0.1 5.50016 -1.42566 -3.53706 -1.42566 -3.53706 0.26612 0.58267 0.26612 -0.58267
1 1 0 22.0421 0.1 5.50166 -1.42552 -3.53672 -1.42552 -3.53672 0.266332 0.582652 0.266332 -0.582652
1 1 0 22.0371 0.1 5.50318 -1.42538 -3.53638 -1.42538 -3.53638 0.266544 0.582633 0.266544 -0.582633
1 1 0 22.0321 0.1 5.5047 -1.42524 -3.53605 -1.42524 -3.53605 0.266758 0.582614 0.266758 -0.582614
1 1 0 22.0271 0.1 5.50622 -1.4251 -3.53571 -1.4251 -3.53571 0.266971 0.582594 0.266971 -0.582594
1 1 0 22.0221 0.1 5.50775 -1.42496 -3.53537 -1.42496 -3.53537 0.267186 0.582575 0.267186 -0.582575
1 1 0 22.0172 0.1 5.50929 -1.42482 -3.53504 -1.42482 -3.53504 0.267401 0.582554 0.267401 -0.582554
1 1 0 22.0122 0.1 5.51083 -1.42468 -3.5347 -1.42468 -3.5347 0.267617 0.582534 0.267617 -0.582534
1 1 0 22.0072 0.1 5.51238 -1.42454 -3.53436 -1.42454 -3.53436 0.267833 0.582513 0.267833 -0.582513
1 1 0 22.0022 0.1 5.51394 -1.4244 -3.53403 -1.4244 -3.53403 0.26805 0.582491 0.26805 -0.582491
1 1 0 21.9972 0.1 5.5155 -1.42426 -3.53369 -1.42426 -3.53369 0.268268 0.58247 0.268268 -0.58247
1 1 0 21.9922 0.1 5.51707 -1.42411 -3.53335 -1.42411 -3.53335 0.268486 0.582448 0.268486 -0.582448
1 1 0 21.9872 0.1 5.51864 -1.42397 -3.53302 -1.42397 -3.53302 0.268705 0.582425 0.268705 -0.582425
1 1 0 21.9822 0.1 5.52022 -1.42383 -3.53268 -1.42383 -3.53268 0.268925 0.582403 0.268925 -0.582403
1 1 0 21.9773 0.1 5.5218 -1.42369 -3.53235 -1.42369 -3.53235 0.269145 0.582379 0.269145 -0.582379
1 1 0 21.9723 0.1 5.52339 -1.42355 -3.53201 -1.42355 -3.53201 0.269366 0.582356 0.269366 -0.582356
1 1 0 21.9673 0.1 5.52499 -1.42341 -3.53168 -1.42341 -3.53168 0.269588 0.582332 0.269588 -0.582332
1 1 0 21.9623 0.1 5.5266 -1.42327 -3.53134 -1.42327 -3.53134 0.26981 0.582308 0.26981 -0.582308
1 1 0 21.9573 0.1 5.52821 -1.42313 -3.531 -1.42313 -3.531 0.270033 0.582283 0.270033 -0.582283
1 1 0 21.9523 0.1 5.52982 -1.42299 -3.53067 -1.42299 -3.53067 0.270256 0.582258 0.270256 -0.582258
1 1 0 21.9473 0.1 5.53144 -1.42284 -3.53033 -1.42284 -3.53033 0.27048 0.582233 0.27048 -0.582233
1 1 0 21.9424 0.1 5.53307 -1.4227 -3.53 -1.4227 -3.53 0.270705 0.582207 0.270705 -0.582207
1 1 0 21.9374 0.1 5.53471 -1.42256 -3.52966 -1.42256 -3.52966 0.27093 0.582181 0.27093 -0.582181
1 1 0 21.9324 0.1 5.53635 -1.42242 -3.52933 -1.42242 -3.52933 0.271156 0.582155 0.271156 -0.582155
1 1 0 21.9274 0.1 5.53799 -1.42228 -3.52899 -1.42228 -3.52899 0.271383 0.582128 0.271383 -0.582128
1 1 0 21.9224 0.1 5.53965 -1.42214 -3.52866 -1.42214 -3.52866 0.27161 0.5821 0.27161 -0.5821
1 1 0 21.9174 0.1 5.54131 -1.42199 -3.52832 -1.42199 -3.52832 0.271838 0.582073 0.271838 -0.582073
1 1 0 21.9124 0.1 5.54297 -1.42185 -3.52799 -1.42185 -3.52799 0.272067 0.582045 0.272067 -0.582045
1 1 0 21.9074 0.1 5.54465 -1.42171 -3.52765 -1.42171 -3.52765 0.272296 0.582017 0.272296 -0.582017
1 1 0 21.9025 0.1 5.54632 -1.42157 -3.52732 -1.42157 -3.52732 0.272526 0.581988 0.272526 -0.581988
1 1 0 21.8975 0.1 5.54801 -1.42143 -3.52698 -1.42143 -3.52698 0.272756 0.581959 0.272756 -0.581959
1 1 0 21.8925 0.1 5.5497 -1.42128 -3.52665 -1.42128 -3.52665 0.272987 0.581929 0.272987 -0.581929
1 1 0 21.8875 0.1 5.5514 -1.42114 -3.52631 -1.42114 -3.52631 0.273219 0.581899 0.273219 -0.581899
1 1 0 21.8825 0.1 5.5531 -1.421 -3.52598 -1.421 -3.52598 0.273451 0.581869 0.273451 -0.581869
1 1 0 21.8775 0.1 5.55481 -1.42086 -3.52564 -1.42086 -3.52564 0.273684 0.581838 0.273684 -0.581838
1 1 0 21.8725 0.1 5.55653 -1.42072 -3.52531 -1.42072 -3.52531 0.273918 0.581807 0.273918 -0.581807
1 1 0 21.8676 0.1 5.55825 -1.42057 -3.52498 -1.42057 -3.52498 0.274152 0.581776 0.274152 -0.581776
1 1 0 21.8626 0.1 5.55998 -1.42043 -3.52464 -1.42043 -3.52464 0.274387 0.581744 0.274387 -0.581744
1 1 0 21.8576 0.1 5.56171 -1.42029 -3.52431 -1.42029 -3.52431 0.274623 0.581712 0.274623 -0.581712
1 1 0 21.8526 0.1 5.56345 -1.42015 -3.52397 -1.42015 -3.52397 0.274859 0.581679 0.274859 -0.581679
1 1 0 21.8476 0.1 5.5652 -1.42 -3.52364 -1.42 -3.52364 0.275096 0.581647 0.275096 -0.581647
1 1 0 21.8426 0.1 5.56696 -1.41986 -3.52331 -1.41986 -3.52331 0.275334 0.581613 0.275334 -0.581613
1 1 0 21.8376 0.1 5.56872 -1.41972 -3.52297 -1.41972 -3.52297 0.275572 0.581579 0.275572 -0.581579
1 1 0 21.8326 0.1 5.57049 -1.41958 -3.52264 -1.41958 -3.52264 0.275811 0.581545 0.275811 -0.581545
1 1 0 21.8277 0.1 5.57226 -1.41943 -3.5223 -1.41943 -3.5223 0.27605 0.581511 0.27605 -0.581511
1 1 0 21.8227 0.1 5.57404 -1.41929 -3.52197 -1.41929 -3.52197 0.276291 0.581476 0.276291 -0.581476
1 1 0 21.8177 0.1 5.57583 -1.41915 -3.52164 -1.41915 -3.52164 0.276531 0.581441 0.276531 -0.581441
1 1 0 21.8127 0.1 5.57762 -1.419 -3.5213 -1.419 -3.5213 0.276773 0.581405 0.276773 -0.581405
1 1 0 21.8077 0.1 5.57942 -1.41886 -3.52097 -1.41886 -3.52097 0.277015 0.581369 0.277015 -0.581369
1 1 0 21.8027 0.1 5.58123 -1.41872 -3.52064 -1.41872 -3.52064 0.277258 0.581332 0.277258 -0.581332
1 1 0 21.7977 0.1 5.58305 -1.41857 -3.5203 -1.41857 -3.5203 0.277501 0.581295 0.277501 -0.581295
1 1 0 21.7928 0.1 5.58487 -1.41843 -3.51997 -1.41843 -3.51997 0.277745 0.581258 0.277745 -0.581258
1 1 0 21.7878 0.1 5.58669 -1.41829 -3.51964 -1.41829 -3.51964 0.27799 0.58122 0.27799 -0.58122
1 1 0 21.7828 0.1 5.58853 -1.41814 -3.51931 -1.41814 -3.51931 0.278235 0.581182 0.278235 -0.581182
1 1 0 21.7778 0.1 5.59037 -1.418 -3.51897 -1.418 -3.51897 0.278481 0.581144 0.278481 -0.581144
1 1 0 21.7728 0.1 5.59221 -1.41786 -3.51864 -1.41786 -3.51864 0.278728 0.581105 0.278728 -0.581105
1 1 0 21.7678 0.1 5.59407 -1.41771 -3.51831 -1.41771 -3.51831 0.278975 0.581065 0.278975 -0.581065
1 1 0 21.7628 0.1 5.59593 -1.41757 -3.51797 -1.41757 -3.51797 0.279223 0.581026 0.279223 -0.581026
1 1 0 21.7578 0.1 5.59779 -1.41743 -3.51764 -1.41743 -3.51764 0.279471 0.580985 0.279471 -0.580985
1 1 0 21.7529 0.1 5.59967 -1.41728 -3.51731 -1.41728 -3.51731 0.279721 0.580945 0.279721 -0.580945
1 1 0 21.7479 0.1 5.60155 -1.41714 -3.51698 -1.41714 -3.51698 0.279971 0.580904 0.279971 -0.580904
1 1 0 21.7429 0.1 5.60344 -1.417 -3.51665 -1.417 -3.51665 0.280221 0.580863 0.280221 -0.580863
1 1 0 21.7379 0.1 5.60533 -1.41685 -3.51631 -1.41685 -3.51631 0.280472 0.580821 0.280472 -0.580821
1 1 0 21.7329 0.1 5.60723 -1.41671 -3.51598 -1.41671 -3.51598 0.280724 0.580779 0.280724 -0.580779
1 1 0 21.7279 0.1 5.60914 -1.41656 -3.51565 -1.41656 -3.51565 0.280977 0.580736 0.280977 -0.580736
1 1 0 21.7229 0.1 5.61105 -1.41642 -3.51532 -1.41642 -3.51532 0.28123 0.580693 0.28123 -0.580693
1 1 0 21.7179 0.1 5.61297 -1.41628 -3.51499 -1.41628 -3.51499 0.281483 0.580649 0.281483 -0.580649
1 1 0 21.713 0.1 5.6149 -1.41613 -3.51465 -1.41613 -3.51465 0.281738 0.580606 0.281738 -0.580606
1 1 0 21.708 0.1 5.61684 -1.41599 -3.51432 -1.41599 -3.51432 0.281993 0.580561 0.281993 -0.580561
1 1 0 21.703 0.1 5.61878 -1.41584 -3.51399 -1.41584 -3.51399 0.282249 0.580517 0.282249 -0.580517
1 1 0 21.698 0.1 5.62073 -1.4157 -3.51366 -1.4157 -3.51366 0.282505 0.580471 0.282505 -0.580471
1 1 0 21.693 0.1 5.62269 -1.41556 -3.51333 -1.41556 -3.51333 0.282762 0.580426 0.282762 -0.580426
1 1 0 21.688 0.1 5.62465 -1.41541 -3.513 -1.41541 -3.513 0.28302 0.58038 0.28302 -0.58038
1 1 0 21.683 0.1 5.62662 -1.41527 -3.51266 -1.41527 -3.51266 0.283278 0.580334 0.283278 -0.580334
1 1 0 21.6781 0.1 5.6286 -1.41512 -3.51233 -1.41512 -3.51233 0.283537 0.580287 0.283537 -0.580287
1 1 0 21.6731 0.1 5.63058 -1.41498 -3.512 -1.41498 -3.512 0.283797 0.580239 0.283797 -0.580239
1 1 0 21.6681 0.1 5.63257 -1.41483 -3.51167 -1.41483 -3.51167 0.284057 0.580192 0.284057 -0.580192
1 1 0 21.6631 0.1 5.63457 -1.41469 -3.51134 -1.41469 -3.51134 0.284318 0.580144 0.284318 -0.580144
1 1 0 21.6581 0.1 5.63657 -1.41454 -3.51101 -1.41454 -3.51101 0.28458 0.580095 0.28458 -0.580095
1 1 0 21.6531 0.1 5.63859 -1.4144 -3.51068 -1.4144 -3.51068 0.284842 0.580046 0.284842 -0.580046
1 1 0 21.6481 0.1 5.6406 -1.41425 -3.51035 -1.41425 -3.51035 0.285105 0.579997 0.285105 -0.579997
1 1 0 21.6431 0.1 5.64263 -1.41411 -3.51002 -1.41411 -3.51002 0.285369 0.579947 0.285369 -0.579947
1 1 0 21.6382 0.1 5.64466 -1.41396 -3.50969 -1.41396 -3.50969 0.285633 0.579897 0.285633 -0.579897
1 1 0 21.6332 0.1 5.64671 -1.41382 -3.50936 -1.41382 -3.50936 0.285898 0.579846 0.285898 -0.579846
1 1 0 21.6282 0.1 5.64875 -1.41367 -3.50903 -1.41367 -3.50903 0.286164 0.579795 0.286164 -0.579795
1 1 0 21.6232 0.1 5.65081 -1.41353 -3.5087 -1.41353 -3.5087 0.28643 0.579743 0.28643 -0.579743
1 1 0 21.6182 0.1 5.65287 -1.41338 -3.50837 -1.41338 -3.50837 0.286697 0.579691 0.286697 -0.579691
1 1 0 21.6132 0.1 5.65494 -1.41324 -3.50804 -1.41324 -3.50804 0.286964 0.579639 0.286964 -0.579639
1 1 0 21.6082 0.1 5.65702 -1.41309 -3.50771 -1.41309 -3.50771 0.287233 0.579586 0.287233 -0.579586
1 1 0 21.6032 0.1 5.6591 -1.41295 -3.50738 -1.41295 -3.50738 0.287502 0.579532 0.287502 -0.579532
1 1 0 21.5983 0.1 5.66119 -1.4128 -3.50705 -1.4128 -3.50705 0.287771 0.579479 0.287771 -0.579479
1 1 0 21.5933 0.1 5.66329 -1.41266 -3.50672 -1.41266 -3.50672 0.288041 0.579424 0.288041 -0.579424
1 1 0 21.5883 0.1 5.6654 -1.41251 -3.50639 -1.41251 -3.50639 0.288312 0.57937 0.288312 -0.57937
1 1 0 21.5833 0.1 5.66751 -1.41236 -3.50606 -1.41236 -3.50606 0.288584 0.579315 0.288584 -0.579315
1 1 0 21.5783 0.1 5.66963 -1.41222 -3.50573 -1.41222 -3.50573 0.288856 0.579259 0.288856 -0.579259
1 1 0 21.5733 0.1 5.67176 -1.41207 -3.5054 -1.41207 -3.5054 0.289129 0.579203 0.289129 -0.579203
1 1 0 21.5683 0.1 5.6739 -1.41193 -3.50507 -1.41193 -3.50507 0.289402 0.579146 0.289402 -0.579146
1 1 0 21.5634 0.1 5.67604 -1.41178 -3.50474 -1.41178 -3.50474 0.289677 0.57909 0.289677 -0.57909
1 1 0 21.5584 0.1 5.67819 -1.41164 -3.50441 -1.41164 -3.50441 0.289951 0.579032 0.289951 -0.579032
1 1 0 21.5534 0.1 5.68035 -1.41149 -3.50408 -1.41149 -3.50408 0.290227 0.578974 0.290227 -0.578974
1 1 0 21.5484 0.1 5.68251 -1.41134 -3.50375 -1.41134 -3.50375 0.290503 0.578916 0.290503 -0.578916
1 1 0 21.5434 0.1 5.68468 -1.4112 -3.50342 -1.4112 -3.50342 0.29078 0.578857 0.29078 -0.578857
1 1 0 21.5384 0.1 5.68687 -1.41105 -3.50309 -1.41105 -3.50309 0.291057 0.578798 0.291057 -0.578798
1 1 0 21.5334 0.1 5.68905 -1.4109 -3.50277 -1.4109 -3.50277 0.291336 0.578738 0.291336 -0.578738
1 1 0 21.5284 0.1 5.69125 -1.41076 -3.50244 -1.41076 -3.50244 0.291614 0.578678 0.291614 -0.578678
1 1 0 21.5235 0.1 5.69345 -1.41061 -3.50211 -1.41061 -3.50211 0.291894 0.578618 0.291894 -0.578618
1 1 0 21.5185 0.1 5.69566 -1.41047 -3.50178 -1.41047 -3.50178 0.292174 0.578556 0.292174 -0.578556
1 1 0 21.5135 0.1 5.69788 -1.41032 -3.50145 -1.41032 -3.50145 0.292455 0.578495 0.292455 -0.578495
1 1 0 21.5085 0.1 5.70011 -1.41017 -3.50112 -1.41017 -3.50112 0.292736 0.578433 0.292736 -0.578433
1 1 0 21.5035 0.1 5.70234 -1.41003 -3.50079 -1.41003 -3.50079 0.293018 0.57837 0.293018 -0.57837
1 1 0 21.4985 0.1 5.70458 -1.40988 -3.50047 -1.40988 -3.50047 0.293301 0.578308 0.293301 -0.578308
1 1 0 21.4935 0.1 5.70683 -1.40973 -3.50014 -1.40973 -3.50014 0.293585 0.578244 0.293585 -0.578244
1 1 0 21.4885 0.1 5.70909 -1.40959 -3.49981 -1.40959 -3.49981 0.293869 0.57818 0.293869 -0.57818
1 1 0 21.4836 0.1 5.71135 -1.40944 -3.49948 -1.40944 -3.49948 0.294154 0.578116 0.294154 -0.578116
1 1 0 21.4786 0.1 5.71363 -1.40929 -3.49915 -1.40929 -3.49915 0.294439 0.578051 0.294439 -0.578051
1 1 0 21.4736 0.1 5.71591 -1.40915 -3.49883 -1.40915 -3.49883 0.294725 0.577986 0.294725 -0.577986
1 1 0 21.4686 0.1 5.71819 -1.409 -3.4985 -1.409 -3.4985 0.295012 0.57792 0.295012 -0.57792
1 1 0 21.4636 0.1 5.72049 -1.40885 -3.49817 -1.40885 -3.49817 0.2953 0.577854 0.2953 -0.577854
1 1 0 21.4586 0.1 5.72279 -1.4087 -3.49784 -1.4087 -3.49784 0.295588 0.577787 0.295588 -0.577787
1 1 0 21.4536 0.1 5.72511 -1.40856 -3.49752 -1.40856 -3.49752 0.295877 0.57772 0.295877 -0.57772
1 1 0 21.4486 0.1 5.72743 -1.40841 -3.49719 -1.40841 -3.49719 0.296166 0.577652 0.296166 -0.577652
1 1 0 21.4437 0.1 5.72975 -1.40826 -3.49686 -1.40826 -3.49686 0.296456 0.577584 0.296456 -0.577584
1 1 0 21.4387 0.1 5.73209 -1.40811 -3.49653 -1.40811 -3.49653 0.296747 0.577515 0.296747 -0.577515
1 1 0 21.4337 0.1 5.73443 -1.40797 -3.49621 -1.40797 -3.49621 0.297039 0.577446 0.297039 -0.577446
1 1 0 21.4287 0.1 5.73678 -1.40782 -3.49588 -1.40782 -3.49588 0.297331 0.577376 0.297331 -0.577376
1 1 0 21.4237 0.1 5.73914 -1.40767 -3.49555 -1.40767 -3.49555 0.297624 0.577306 0.297624 -0.577306
1 1 0 21.4187 0.1 5.74151 -1.40752 -3.49523 -1.40752 -3.49523 0.297917 0.577236 0.297917 -0.577236
1 1 0 21.4137 0.1 5.74389 -1.40738 -3.4949 -1.40738 -3.4949 0.298212 0.577165 0.298212 -0.577165
1 1 0 21.4088 0.1 5.74627 -1.40723 -3.49457 -1.40723 -3.49457 0.298506 0.577093 0.298506 -0.577093
1 1 0 21.4038 0.1 5.74866 -1.40708 -3.49425 -1.40708 -3.49425 0.298802 0.577021 0.298802 -0.577021
1 1 0 21.3988 0.1 5.75106 -1.40693 -3.49392 -1.40693 -3.49392 0.299098 0.576948 0.299098 -0.576948
1 1 0 21.3938 0.1 5.75347 -1.40679 -3.49359 -1.40679 -3.49359 0.299395 0.576875 0.299395 -0.576875
1 1 0 21.3888 0.1 5.75589 -1.40664 -3.49327 -1.40664 -3.49327 0.299693 0.576802 0.299693 -0.576802
1 1 0 21.3838 0.1 5.75831 -1.40649 -3.49294 -1.40649 -3.49294 0.299991 0.576727 0.299991 -0.576727
1 1 0 21.3788 0.1 5.76074 -1.40634 -3.49262 -1.40634 -3.49262 0.30029 0.576653 0.30029 -0.576653
1 1 0 21.3738 0.1 5.76319 -1.40619 -3.49229 -1.40619 -3.49229 0.300589 0.576578 0.300589 -0.576578
1 1 0 21.3689 0.1 5.76564 -1.40604 -3.49196 -1.40604 -3.49196 0.30089 0.576502 0.30089 -0.576502
1 1 0 21.3639 0.1 5.76809 -1.4059 -3.49164 -1.4059 -3.49164 0.301191 0.576426 0.301191 -0.576426
1 1 0 21.3589 0.1 5.77056 -1.40575 -3.49131 -1.40575 -3.49131 0.301492 0.576349 0.301492 -0.576349
1 1 0 21.3539 0.1 5.77303 -1.4056 -3.49099 -1.4056 -3.49099 0.301795 0.576272 0.301795 -0.576272
1 1 0 21.3489 0.1 5.77552 -1.40545 -3.49066 -1.40545 -3.49066 0.302098 0.576195 0.302098 -0.576195
1 1 0 21.3439 0.1 5.77801 -1.4053 -3.49033 -1.4053 -3.49033 0.302401 0.576116 0.302401 -0.576116
1 1 0 21.3389 0.1 5.78051 -1.40515 -3.49001 -1.40515 -3.49001 0.302706 0.576038 0.302706 -0.576038
1 1 0 21.3339 0.1 5.78302 -1.405 -3.48968 -1.405 -3.48968 0.303011 0.575959 0.303011 -0.575959
1 1 0 21.329 0.1 5.78553 -1.40486 -3.48936 -1.40486 -3.48936 0.303316 0.575879 0.303316 -0.575879
1 1 0 21.324 0.1 5.78806 -1.40471 -3.48903 -1.40471 -3.48903 0.303623 0.575799 0.303623 -0.575799
1 1 0 21.319 0.1 5.79059 -1.40456 -3.48871 -1.40456 -3.48871 0.30393 0.575718 0.30393 -0.575718
1 1 0 21.314 0.1 5.79314 -1.40441 -3.48838 -1.40441 -3.48838 0.304237 0.575637 0.304237 -0.575637
1 1 0 21.309 0.1 5.79569 -1.40426 -3.48806 -1.40426 -3.48806 0.304546 0.575555 0.304546 -0.575555
1 1 0 21.304 0.1 5.79825 -1.40411 -3.48773 -1.40411 -3.48773 0.304855 0.575473 0.304855 -0.575473
1 1 0 21.299 0.1 5.80081 -1.40396 -3.48741 -1.40396 -3.48741 0.305165 0.57539 0.305165 -0.57539
1 1 0 21.294 0.1 5.80339 -1.40381 -3.48708 -1.40381 -3.48708 0.305475 0.575306 0.305475 -0.575306
1 1 0 21.2891 0.1 5.80598 -1.40366 -3.48676 -1.40366 -3.48676 0.305786 0.575223 0.305786 -0.575223
1 1 0 21.2841 0.1 5.80857 -1.40351 -3.48643 -1.40351 -3.48643 0.306098 0.575138 0.306098 -0.575138
1 1 0 21.2791 0.1 5.81117 -1.40337 -3.48611 -1.40337 -3.48611 0.30641 0.575053 0.30641 -0.575053
1 1 0 21.2741 0.1 5.81379 -1.40322 -3.48578 -1.40322 -3.48578 0.306723 0.574968 0.306723 -0.574968
1 1 0 21.2691 0.1 5.81641 -1.40307 -3.48546 -1.40307 -3.48546 0.307037 0.574882 0.307037 -0.574882
1 1 0 21.2641 0.1 5.81904 -1.40292 -3.48514 -1.40292 -3.48514 0.307352 0.574795 0.307352 -0.574795
1 1 0 21.2591 0.1 5.82168 -1.40277 -3.48481 -1.40277 -3.48481 0.307667 0.574708 0.307667 -0.574708
1 1 0 21.2541 0.1 5.82432 -1.40262 -3.48449 -1.40262 -3.48449 0.307983 0.574621 0.307983 -0.574621
1 1 0 21.2492 0.1 5.82698 -1.40247 -3.48416 -1.40247 -3.48416 0.308299 0.574532 0.308299 -0.574532
1 1 0 21.2442 0.1 5.82965 -1.40232 -3.48384 -1.40232 -3.48384 0.308617 0.574444 0.308617 -0.574444
1 1 0 21.2392 0.1 5.83232 -1.40217 -3.48352 -1.40217 -3.48352 0.308935 0.574354 0.308935 -0.574354
1 1 0 21.2342 0.1 5.835 -1.40202 -3.48319 -1.40202 -3.48319 0.309253 0.574265 0.309253 -0.574265
1 1 0 21.2292 0.1 5.8377 -1.40187 -3.48287 -1.40187 -3.48287 0.309573 0.574174 0.309573 -0.574174
1 1 0 21.2242 0.1 5.8404 -1.40172 -3.48255 -1.40172 -3.48255 0.309893 0.574084 0.309893 -0.574084
1 1 0 21.2192 0.1 5.84311 -1.40157 -3.48222 -1.40157 -3.48222 0.310213 0.573992 0.310213 -0.573992
1 1 0 21.2143 0.1 5.84583 -1.40142 -3.4819 -1.40142 -3.4819 0.310535 0.5739 0.310535 -0.5739
1 1 0 21.2093 0.1 5.84856 -1.40127 -3.48158 -1.40127 -3.48158 0.310857 0.573808 0.310857 -0.573808
1 1 0 21.2043 0.1 5.85129 -1.40112 -3.48125 -1.40112 -3.48125 0.311179 0.573714 0.311179 -0.573714
1 1 0 21.1993 0.1 5.85404 -1.40097 -3.48093 -1.40097 -3.48093 0.311503 0.573621 0.311503 -0.573621
1 1 0 21.1943 0.1 5.8568 -1.40082 -3.48061 -1.40082 -3.48061 0.311827 0.573527 0.311827 -0.573527
1 1 0 21.1893 0.1 5.85956 -1.40067 -3.48028 -1.40067 -3.48028 0.312152 0.573432 0.312152 -0.573432
1 1 0 21.1843 0.1 5.86234 -1.40051 -3.47996 -1.40051 -3.47996 0.312477 0.573337 0.312477 -0.573337
1 1 0 21.1793 0.1 5.86512 -1.40036 -3.47964 -1.40036 -3.47964 0.312803 0.573241 0.312803 -0.573241
1 1 0 21.1744 0.1 5.86792 -1.40021 -3.47932 -1.40021 -3.47932 0.31313 0.573144 0.31313 -0.573144
1 1 0 21.1694 0.1 5.87072 -1.40006 -3.47899 -1.40006 -3.47899 0.313458 0.573047 0.313458 -0.573047
1 1 0 21.1644 0.1 5.87353 -1.39991 -3.47867 -1.39991 -3.47867 0.313786 0.57295 0.313786 -0.57295
1 1 0 21.1594 0.1 5.87635 -1.39976 -3.47835 -1.39976 -3.47835 0.314115 0.572852 0.314115 -0.572852
1 1 0 21.1544 0.1 5.87919 -1.39961 -3.47803 -1.39961 -3.47803 0.314444 0.572753 0.314444 -0.572753
1 1 0 21.1494 0.1 5.88203 -1.39946 -3.4777 -1.39946 -3.4777 0.314775 0.572654 0.314775 -0.572654
1 1 0 21.1444 0.1 5.88488 -1.39931 -3.47738 -1.39931 -3.47738 0.315106 0.572554 0.315106 -0.572554
1 1 0 21.1394 0.1 5.88774 -1.39916 -3.47706 -1.39916 -3.47706 0.315437 0.572453 0.315437 -0.572453
1 1 0 21.1345 0.1 5.89061 -1.39901 -3.47674 -1.39901 -3.47674 0.31577 0.572352 0.31577 -0.572352
1 1 0 21.1295 0.1 5.89349 -1.39885 -3.47642 -1.39885 -3.47642 0.316103 0.572251 0.316103 -0.572251
1 1 0 21.1245 0.1 5.89638 -1.3987 -3.47609 -1.3987 -3.47609 0.316437 0.572148 0.316437 -0.572148
1 1 0 21.1195 0.1 5.89927 -1.39855 -3.47577 -1.39855 -3.47577 0.316771 0.572046 0.316771 -0.572046
1 1 0 21.1145 0.1 5.90218 -1.3984 -3.47545 -1.3984 -3.47545 0.317106 0.571942 0.317106 -0.571942
1 1 0 21.1095 0.1 5.9051 -1.39825 -3.47513 -1.39825 -3.47513 0.317442 0.571838 0.317442 -0.571838
1 1 0 21.1045 0.1 5.90803 -1.3981 -3.47481 -1.3981 -3.47481 0.317779 0.571734 0.317779 -0.571734
1 1 0 21.0995 0.1 5.91097 -1.39794 -3.47449 -1.39794 -3.47449 0.318116 0.571629 0.318116 -0.571629
1 1 0 21.0946 0.1 5.91392 -1.39779 -3.47416 -1.39779 -3.47416 0.318454 0.571523 0.318454 -0.571523
1 1 0 21.0896 0.1 5.91687 -1.39764 -3.47384 -1.39764 -3.47384 0.318792 0.571417 0.318792 -0.571417
1 1 0 21.0846 0.1 5.91984 -1.39749 -3.47352 -1.39749 -3.47352 0.319132 0.57131 0.319132 -0.57131
1 1 0 21.0796 0.1 5.92282 -1.39734 -3.4732 -1.39734 -3.4732 0.319472 0.571202 0.319472 -0.571202
1 1 0 21.0746 0.1 5.92581 -1.39719 -3.47288 -1.39719 -3.47288 0.319812 0.571094 0.319812 -0.571094
1 1 0 21.0696 0.1 5.9288 -1.39703 -3.47256 -1.39703 -3.47256 0.320154 0.570986 0.320154 -0.570986
1 1 0 21.0646 0.1 5.93181 -1.39688 -3.47224 -1.39688 -3.47224 0.320496 0.570876 0.320496 -0.570876
1 1 0 21.0596 0.1 5.93483 -1.39673 -3.47192 -1.39673 -3.47192 0.320838 0.570766 0.320838 -0.570766
1 1 0 21.0547 0.1 5.93786 -1.39658 -3.4716 -1.39658 -3.4716 0.321182 0.570656 0.321182 -0.570656
1 1 0 21.0497 0.1 5.9409 -1.39642 -3.47128 -1.39642 -3.47128 0.321526 0.570545 0.321526 -0.570545
1 1 0 21.0447 0.1 5.94395 -1.39627 -3.47096 -1.39627 -3.47096 0.321871 0.570433 0.321871 -0.570433
1 1 0 21.0397 0.1 5.947 -1.39612 -3.47064 -1.39612 -3.47064 0.322217 0.570321 0.322217 -0.570321
1 1 0 21.0347 0.1 5.95007 -1.39597 -3.47032 -1.39597 -3.47032 0.322563 0.570208 0.322563 -0.570208
1 1 0 21.0297 0.1 5.95315 -1.39581 -3.47 -1.39581 -3.47 0.32291 0.570094 0.32291 -0.570094
1 1 0 21.0247 0.1 5.95624 -1.39566 -3.46968 -1.39566 -3.46968 0.323257 0.56998 0.323257 -0.56998
1 1 0 21.0197 0.1 5.95934 -1.39551 -3.46936 -1.39551 -3.46936 0.323606 0.569865 0.323606 -0.569865
1 1 0 21.0148 0.1 5.96245 -1.39536 -3.46904 -1.39536 -3.46904 0.323955 0.56975 0.323955 -0.56975
1 1 0 21.0098 0.1 5.96558 -1.3952 -3.46872 -1.3952 -3.46872 0.324305 0.569634 0.324305 -0.569634
1 1 0 21.0048 0.1 5.96871 -1.39505 -3.4684 -1.39505 -3.4684 0.324655 0.569517 0.324655 -0.569517
1 1 0 20.9998 0.1 5.97185 -1.3949 -3.46808 -1.3949 -3.46808 0.325006 0.5694 0.325006 -0.5694
1 1 0 20.9948 0.1 5.975 -1.39474 -3.46776 -1.39474 -3.46776 0.325358 0.569282 0.325358 -0.569282
1 1 0 20.9898 0.1 5.97817 -1.39459 -3.46744 -1.39459 -3.46744 0.325711 0.569164 0.325711 -0.569164
1 1 0 20.9848 0.1 5.98134 -1.39444 -3.46712 -1.39444 -3.46712 0.326064 0.569044 0.326064 -0.569044
1 1 0 20.9798 0.1 5.98452 -1.39428 -3.4668 -1.39428 -3.4668 0.326418 0.568925 0.326418 -0.568925
1 1 0 20.9749 0.1 5.98772 -1.39413 -3.46648 -1.39413 -3.46648 0.326772 0.568804 0.326772 -0.568804
1 1 0 20.9699 0.1 5.99093 -1.39398 -3.46616 -1.39398 -3.46616 0.327128 0.568683 0.327128 -0.568683
1 1 0 20.9649 0.1 5.99414 -1.39382 -3.46584 -1.39382 -3.46584 0.327484 0.568561 0.327484 -0.568561
1 1 0 20.9599 0.1 5.99737 -1.39367 -3.46553 -1.39367 -3.46553 0.327841 0.568439 0.327841 -0.568439
1 1 0 20.9549 0.1 6.00061 -1.39352 -3.46521 -1.39352 -3.46521 0.328198 0.568316 0.328198 -0.568316
1 1 0 20.9499 0.1 6.00386 -1.39336 -3.46489 -1.39336 -3.46489 0.328556 0.568193 0.328556 -0.568193
1 1 0 20.9449 0.1 6.00712 -1.39321 -3.46457 -1.39321 -3.46457 0.328915 0.568068 0.328915 -0.568068
1 1 0 20.9399 0.1 6.01039 -1.39306 -3.46425 -1.39306 -3.46425 0.329275 0.567943 0.329275 -0.567943
1 1 0 20.935 0.1 6.01367 -1.3929 -3.46393 -1.3929 -3.46393 0.329635 0.567818 0.329635 -0.567818
1 1 0 20.93 0.1 6.01697 -1.39275 -3.46361 -1.39275 -3.46361 0.329996 0.567692 0.329996 -0.567692
1 1 0 20.925 0.1 6.02027 -1.39259 -3.4633 -1.39259 -3.4633 0.330358 0.567565 0.330358 -0.567565
1 1 0 20.92 0.1 6.02359 -1.39244 -3.46298 -1.39244 -3.46298 0.33072 0.567437 0.33072 -0.567437
1 1 0 20.915 0.1 6.02692 -1.39229 -3.46266 -1.39229 -3.46266 0.331083 0.567309 0.331083 -0.567309
1 1 0 20.91 0.1 6.03026 -1.39213 -3.46234 -1.39213 -3.46234 0.331447 0.56718 0.331447 -0.56718
1 1 0 20.905 0.1 6.03361 -1.39198 -3.46202 -1.39198 -3.46202 0.331812 0.56705 0.331812 -0.56705
1 1 0 20.9 0.1 6.03697 -1.39182 -3.46171 -1.39182 -3.46171 0.332177 0.56692 0.332177 -0.56692
1 1 0 20.8951 0.1 6.04034 -1.39167 -3.46139 -1.39167 -3.46139 0.332543 0.566789 0.332543 -0.566789
1 1 0 20.8901 0.1 6.04372 -1.39151 -3.46107 -1.39151 -3.46107 0.332909 0.566658 0.332909 -0.566658
1 1 0 20.8851 0.1 6.04712 -1.39136 -3.46075 -1.39136 -3.46075 0.333277 0.566526 0.333277 -0.566526
1 1 0 20.8801 0.1 6.05053 -1.3912 -3.46044 -1.3912 -3.46044 0.333645 0.566393 0.333645 -0.566393
1 1 0 20.8751 0.1 6.05394 -1.39105 -3.46012 -1.39105 -3.46012 0.334014 0.566259 0.334014 -0.566259
1 1 0 20.8701 0.1 6.05738 -1.39089 -3.4598 -1.39089 -3.4598 0.334383 0.566125 0.334383 -0.566125
1 1 0 20.8651 0.1 6.06082 -1.39074 -3.45949 -1.39074 -3.45949 0.334753 0.56599 0.334753 -0.56599
1 1 0 20.8601 0.1 6.06427 -1.39058 -3.45917 -1.39058 -3.45917 0.335124 0.565855 0.335124 -0.565855
1 1 0 20.8552 0.1 6.06774 -1.39043 -3.45885 -1.39043 -3.45885 0.335496 0.565718 0.335496 -0.565718
1 1 0 20.8502 0.1 6.07121 -1.39027 -3.45853 -1.39027 -3.45853 0.335868 0.565581 0.335868 -0.565581
1 1 0 20.8452 0.1 6.0747 -1.39012 -3.45822 -1.39012 -3.45822 0.336241 0.565444 0.336241 -0.565444
1 1 0 20.8402 0.1 6.0782 -1.38996 -3.4579 -1.38996 -3.4579 0.336615 0.565305 0.336615 -0.565305
1 1 0 20.8352 0.1 6.08172 -1.38981 -3.45758 -1.38981 -3.45758 0.336989 0.565166 0.336989 -0.565166
1 1 0 20.8302 0.1 6.08524 -1.38965 -3.45727 -1.38965 -3.45727 0.337364 0.565027 0.337364 -0.565027
1 1 0 20.8252 0.1 6.08878 -1.3895 -3.45695 -1.3895 -3.45695 0.33774 0.564886 0.33774 -0.564886
1 1 0 20.8202 0.1 6.09232 -1.38934 -3.45664 -1.38934 -3.45664 0.338117 0.564745 0.338117 -0.564745
1 1 0 20.8153 0.1 6.09589 -1.38919 -3.45632 -1.38919 -3.45632 0.338494 0.564603 0.338494 -0.564603
1 1 0 20.8103 0.1 6.09946 -1.38903 -3.456 -1.38903 -3.456 0.338872 0.564461 0.338872 -0.564461
1 1 0 20.8053 0.1 6.10304 -1.38888 -3.45569 -1.38888 -3.45569 0.339251 0.564318 0.339251 -0.564318
1 1 0 20.8003 0.1 6.10664 -1.38872 -3.45537 -1.38872 -3.45537 0.33963 0.564174 0.33963 -0.564174
1 1 0 20.7953 0.1 6.11025 -1.38856 -3.45506 -1.38856 -3.45506 0.340011 0.564029 0.340011 -0.564029
1 1 0 20.7903 0.1 6.11387 -1.38841 -3.45474 -1.38841 -3.45474 0.340392 0.563884 0.340392 -0.563884
1 1 0 20.7853 0.1 6.11751 -1.38825 -3.45442 -1.38825 -3.45442 0.340773 0.563738 0.340773 -0.563738
1 1 0 20.7803 0.1 6.12115 -1.3881 -3.45411 -1.3881 -3.45411 0.341155 0.563591 0.341155 -0.563591
1 1 0 20.7754 0.1 6.12481 -1.38794 -3.45379 -1.38794 -3.45379 0.341538 0.563443 0.341538 -0.563443
1 1 0 20.7704 0.1 6.12848 -1.38778 -3.45348 -1.38778 -3.45348 0.341922 0.563295 0.341922 -0.563295
1 1 0 20.7654 0.1 6.13217 -1.38763 -3.45316 -1.38763 -3.45316 0.342307 0.563146 0.342307 -0.563146
1 1 0 20.7604 0.1 6.13586 -1.38747 -3.45285 -1.38747 -3.45285 0.342692 0.562997 0.342692 -0.562997
1 1 0 20.7554 0.1 6.13957 -1.38731 -3.45253 -1.38731 -3.45253 0.343078 0.562846 0.343078 -0.562846
1 1 0 20.7504 0.1 6.1433 -1.38716 -3.45222 -1.38716 -3.45222 0.343464 0.562695 0.343464 -0.562695
1 1 0 20.7454 0.1 6.14703 -1.387 -3.4519 -1.387 -3.4519 0.343852 0.562543 0.343852 -0.562543
1 1 0 20.7404 0.1 6.15078 -1.38685 -3.45159 -1.38685 -3.45159 0.34424 0.562391 0.34424 -0.562391
1 1 0 20.7355 0.1 6.15454 -1.38669 -3.45127 -1.38669 -3.45127 0.344629 0.562237 0.344629 -0.562237
1 1 0 20.7305 0.1 6.15831 -1.38653 -3.45096 -1.38653 -3.45096 0.345018 0.562083 0.345018 -0.562083
1 1 0 20.7255 0.1 6.1621 -1.38637 -3.45065 -1.38637 -3.45065 0.345408 0.561929 0.345408 -0.561929
1 1 0 20.7205 0.1 6.1659 -1.38622 -3.45033 -1.38622 -3.45033 0.345799 0.561773 0.345799 -0.561773
1 1 0 20.7155 0.1 6.16971 -1.38606 -3.45002 -1.38606 -3.45002 0.346191 0.561617 0.346191 -0.561617
1 1 0 20.7105 0.1 6.17354 -1.3859 -3.4497 -1.3859 -3.4497 0.346583 0.56146 0.346583 -0.56146
1 1 0 20.7055 0.1 6.17738 -1.38575 -3.44939 -1.38575 -3.44939 0.346976 0.561302 0.346976 -0.561302
1 1 0 20.7005 0.1 6.18123 -1.38559 -3.44908 -1.38559 -3.44908 0.34737 0.561143 0.34737 -0.561143
1 1 0 20.6956 0.1 6.1851 -1.38543 -3.44876 -1.38543 -3.44876 0.347765 0.560984 0.347765 -0.560984
1 1 0 20.6906 0.1 6.18897 -1.38528 -3.44845 -1.38528 -3.44845 0.34816 0.560824 0.34816 -0.560824
1 1 0 20.6856 0.1 6.19287 -1.38512 -3.44813 -1.38512 -3.44813 0.348556 0.560663 0.348556 -0.560663
1 1 0 20.6806 0.1 6.19677 -1.38496 -3.44782 -1.38496 -3.44782 0.348953 0.560502 0.348953 -0.560502
1 1 0 20.6756 0.1 6.20069 -1.3848 -3.44751 -1.3848 -3.44751 0.34935 0.560339 0.34935 -0.560339
1 1 0 20.6706 0.1 6.20462 -1.38465 -3.44719 -1.38465 -3.44719 0.349748 0.560176 0.349748 -0.560176
1 1 0 20.6656 0.1 6.20857 -1.38449 -3.44688 -1.38449 -3.44688 0.350147 0.560012 0.350147 -0.560012
1 1 0 20.6606 0.1 6.21253 -1.38433 -3.44657 -1.38433 -3.44657 0.350547 0.559848 0.350547 -0.559848
1 1 0 20.6557 0.1 6.2165 -1.38417 -3.44625 -1.38417 -3.44625 0.350947 0.559682 0.350947 -0.559682
1 1 0 20.6507 0.1 6.22049 -1.38401 -3.44594 -1.38401 -3.44594 0.351348 0.559516 0.351348 -0.559516
1 1 0 20.6457 0.1 6.22449 -1.38386 -3.44563 -1.38386 -3.44563 0.35175 0.559349 0.35175 -0.559349
1 1 0 20.6407 0.1 6.22851 -1.3837 -3.44532 -1.3837 -3.44532 0.352152 0.559181 0.352152 -0.559181
1 1 0 20.6357 0.1 6.23254 -1.38354 -3.445 -1.38354 -3.445 0.352556 0.559013 0.352556 -0.559013
1 1 0 20.6307 0.1 6.23658 -1.38338 -3.44469 -1.38338 -3.44469 0.35296 0.558843 0.35296 -0.558843
1 1 0 20.6257 0.1 6.24064 -1.38322 -3.44438 -1.38322 -3.44438 0.353364 0.558673 0.353364 -0.558673
1 1 0 20.6207 0.1 6.24471 -1.38306 -3.44407 -1.38306 -3.44407 0.35377 0.558502 0.35377 -0.558502
1 1 0 20.6158 0.1 6.2488 -1.38291 -3.44375 -1.38291 -3.44375 0.354176 0.558331 0.354176 -0.558331
1 1 0 20.6108 0.1 6.2529 -1.38275 -3.44344 -1.38275 -3.44344 0.354583 0.558158 0.354583 -0.558158
1 1 0 20.6058 0.1 6.25701 -1.38259 -3.44313 -1.38259 -3.44313 0.35499 0.557985 0.35499 -0.557985
1 1 0 20.6008 0.1 6.26114 -1.38243 -3.44282 -1.38243 -3.44282 0.355399 0.557811 0.355399 -0.557811
1 1 0 20.5958 0.1 6.26528 -1.38227 -3.44251 -1.38227 -3.44251 0.355808 0.557636 0.355808 -0.557636
1 1 0 20.5908 0.1 6.26944 -1.38211 -3.44219 -1.38211 -3.44219 0.356217 0.55746 0.356217 -0.55746
1 1 0 20.5858 0.1 6.27361 -1.38195 -3.44188 -1.38195 -3.44188 0.356628 0.557284 0.356628 -0.557284
1 1 0 20.5808 0.1 6.2778 -1.3818 -3.44157 -1.3818 -3.44157 0.357039 0.557106 0.357039 -0.557106
1 1 0 20.5759 0.1 6.282 -1.38164 -3.44126 -1.38164 -3.44126 0.357451 0.556928 0.357451 -0.556928
1 1 0 20.5709 0.1 6.28622 -1.38148 -3.44095 -1.38148 -3.44095 0.357864 0.556749 0.357864 -0.556749
1 1 0 20.5659 0.1 6.29045 -1.38132 -3.44064 -1.38132 -3.44064 0.358277 0.556569 0.358277 -0.556569
1 1 0 20.5609 0.1 6.2947 -1.38116 -3.44032 -1.38116 -3.44032 0.358692 0.556389 0.358692 -0.556389
1 1 0 20.5559 0.1 6.29896 -1.381 -3.44001 -1.381 -3.44001 0.359107 0.556207 0.359107 -0.556207
1 1 0 20.5509 0.1 6.30323 -1.38084 -3.4397 -1.38084 -3.4397 0.359522 0.556025 0.359522 -0.556025
1 1 0 20.5459 0.1 6.30752 -1.38068 -3.43939 -1.38068 -3.43939 0.359939 0.555842 0.359939 -0.555842
1 1 0 20.5409 0.1 6.31183 -1.38052 -3.43908 -1.38052 -3.43908 0.360356 0.555658 0.360356 -0.555658
1 1 0 20.5359 0.1 6.31615 -1.38036 -3.43877 -1.38036 -3.43877 0.360773 0.555473 0.360773 -0.555473
1 1 0 20.531 0.1 6.32049 -1.3802 -3.43846 -1.3802 -3.43846 0.361192 0.555288 0.361192 -0.555288
1 1 0 20.526 0.1 6.32484 -1.38004 -3.43815 -1.38004 -3.43815 0.361611 0.555101 0.361611 -0.555101
1 1 0 20.521 0.1 6.32921 -1.37988 -3.43784 -1.37988 -3.43784 0.362031 0.554914 0.362031 -0.554914
1 1 0 20.516 0.1 6.33359 -1.37972 -3.43753 -1.37972 -3.43753 0.362452 0.554726 0.362452 -0.554726
1 1 0 20.511 0.1 6.33799 -1.37956 -3.43722 -1.37956 -3.43722 0.362874 0.554537 0.362874 -0.554537
1 1 0 20.506 0.1 6.3424 -1.3794 -3.43691 -1.3794 -3.43691 0.363296 0.554347 0.363296 -0.554347
1 1 0 20.501 0.1 6.34683 -1.37924 -3.4366 -1.37924 -3.4366 0.363719 0.554156 0.363719 -0.554156
1 1 0 20.496 0.1 6.35128 -1.37908 -3.43629 -1.37908 -3.43629 0.364143 0.553965 0.364143 -0.553965
1 1 0 20.4911 0.1 6.35574 -1.37892 -3.43598 -1.37892 -3.43598 0.364567 0.553772 0.364567 -0.553772
1 1 0 20.4861 0.1 6.36022 -1.37876 -3.43567 -1.37876 -3.43567 0.364992 0.553579 0.364992 -0.553579
1 1 0 20.4811 0.1 6.36471 -1.3786 -3.43536 -1.3786 -3.43536 0.365418 0.553385 0.365418 -0.553385
1 1 0 20.4761 0.1 6.36922 -1.37844 -3.43505 -1.37844 -3.43505 0.365845 0.55319 0.365845 -0.55319
1 1 0 20.4711 0.1 6.37374 -1.37828 -3.43474 -1.37828 -3.43474 0.366273 0.552994 0.366273 -0.552994
1 1 0 20.4661 0.1 6.37829 -1.37812 -3.43443 -1.37812 -3.43443 0.366701 0.552797 0.366701 -0.552797
1 1 0 20.4611 0.1 6.38284 -1.37796 -3.43412 -1.37796 -3.43412 0.36713 0.552599 0.36713 -0.552599
1 1 0 20.4561 0.1 6.38742 -1.3778 -3.43381 -1.3778 -3.43381 0.367559 0.552401 0.367559 -0.552401
1 1 0 20.4512 0.1 6.39201 -1.37764 -3.43351 -1.37764 -3.43351 0.36799 0.552201 0.36799 -0.552201
1 1 0 20.4462 0.1 6.39662 -1.37747 -3.4332 -1.37747 -3.4332 0.368421 0.552001 0.368421 -0.552001
1 1 0 20.4412 0.1 6.40124 -1.37731 -3.43289 -1.37731 -3.43289 0.368853 0.5518 0.368853 -0.5518
1 1 0 20.4362 0.1 6.40588 -1.37715 -3.43258 -1.37715 -3.43258 0.369285 0.551598 0.369285 -0.551598
1 1 0 20.4312 0.1 6.41054 -1.37699 -3.43227 -1.37699 -3.43227 0.369719 0.551395 0.369719 -0.551395
1 1 0 20.4262 0.1 6.41521 -1.37683 -3.43196 -1.37683 -3.43196 0.370153 0.551191 0.370153 -0.551191
1 1 0 20.4212 0.1 6.4199 -1.37667 -3.43165 -1.37667 -3.43165 0.370588 0.550986 0.370588 -0.550986
1 1 0 20.4162 0.1 6.42461 -1.37651 -3.43135 -1.37651 -3.43135 0.371023 0.55078 0.371023 -0.55078
1 1 0 20.4113 0.1 6.42933 -1.37635 -3.43104 -1.37635 -3.43104 0.371459 0.550574 0.371459 -0.550574
1 1 0 20.4063 0.1 6.43408 -1.37618 -3.43073 -1.37618 -3.43073 0.371897 0.550366 0.371897 -0.550366
1 1 0 20.4013 0.1 6.43883 -1.37602 -3.43042 -1.37602 -3.43042 0.372334 0.550158 0.372334 -0.550158
1 1 0 20.3963 0.1 6.44361 -1.37586 -3.43011 -1.37586 -3.43011 0.372773 0.549948 0.372773 -0.549948
1 1 0 20.3913 0.1 6.4484 -1.3757 -3.42981 -1.3757 -3.42981 0.373212 0.549738 0.373212 -0.549738
1 1 0 20.3863 0.1 6.45321 -1.37554 -3.4295 -1.37554 -3.4295 0.373652 0.549527 0.373652 -0.549527
1 1 0 20.3813 0.1 6.45804 -1.37537 -3.42919 -1.37537 -3.42919 0.374093 0.549315 0.374093 -0.549315
1 1 0 20.3763 0.1 6.46289 -1.37521 -3.42888 -1.37521 -3.42888 0.374535 0.549102 0.374535 -0.549102
1 1 0 20.3713 0.1 6.46775 -1.37505 -3.42858 -1.37505 -3.42858 0.374977 0.548888 0.374977 -0.548888
1 1 0 20.3664 0.1 6.47263 -1.37489 -3.42827 -1.37489 -3.42827 0.37542 0.548673 0.37542 -0.548673
1 1 0 20.3614 0.1 6.47753 -1.37473 -3.42796 -1.37473 -3.42796 0.375864 0.548457 0.375864 -0.548457
1 1 0 20.3564 0.1 6.48245 -1.37456 -3.42766 -1.37456 -3.42766 0.376308 0.54824 0.376308 -0.54824
1 1 0 20.3514 0.1 6.48739 -1.3744 -3.42735 -1.3744 -3.42735 0.376754 0.548022 0.376754 -0.548022
1 1 0 20.3464 0.1 6.49234 -1.37424 -3.42704 -1.37424 -3.42704 0.3772 0.547803 0.3772 -0.547803
1 1 0 20.3414 0.1 6.49731 -1.37407 -3.42674 -1.37407 -3.42674 0.377646 0.547584 0.377646 -0.547584
1 1 0 20.3364 0.1 6.5023 -1.37391 -3.42643 -1.37391 -3.42643 0.378094 0.547363 0.378094 -0.547363
1 1 0 20.3314 0.1 6.50731 -1.37375 -3.42612 -1.37375 -3.42612 0.378542 0.547142 0.378542 -0.547142
1 1 0 20.3265 0.1 6.51233 -1.37359 -3.42582 -1.37359 -3.42582 0.378991 0.546919 0.378991 -0.546919
1 1 0 20.3215 0.1 6.51738 -1.37342 -3.42551 -1.37342 -3.42551 0.379441 0.546696 0.379441 -0.546696
1 1 0 20.3165 0.1 6.52244 -1.37326 -3.4252 -1.37326 -3.4252 0.379892 0.546471 0.379892 -0.546471
1 1 0 20.3115 0.1 6.52753 -1.3731 -3.4249 -1.3731 -3.4249 0.380343 0.546246 0.380343 -0.546246
1 1 0 20.3065 0.1 6.53263 -1.37293 -3.42459 -1.37293 -3.42459 0.380795 0.546019 0.380795 -0.546019
1 1 0 20.3015 0.1 6.53775 -1.37277 -3.42429 -1.37277 -3.42429 0.381248 0.545792 0.381248 -0.545792
1 1 0 20.2965 0.1 6.54289 -1.37261 -3.42398 -1.37261 -3.42398 0.381701 0.545563 0.381701 -0.545563
1 1 0 20.2915 0.1 6.54804 -1.37244 -3.42368 -1.37244 -3.42368 0.382155 0.545334 0.382155 -0.545334
1 1 0 20.2866 0.1 6.55322 -1.37228 -3.42337 -1.37228 -3.42337 0.382611 0.545104 0.382611 -0.545104
1 1 0 20.2816 0.1 6.55842 -1.37212 -3.42307 -1.37212 -3.42307 0.383066 0.544872 0.383066 -0.544872
1 1 0 20.2766 0.1 6.56363 -1.37195 -3.42276 -1.37195 -3.42276 0.383523 0.54464 0.383523 -0.54464
1 1 0 20.2716 0.1 6.56887 -1.37179 -3.42245 -1.37179 -3.42245 0.38398 0.544406 0.38398 -0.544406
1 1 0 20.2666 0.1 6.57412 -1.37162 -3.42215 -1.37162 -3.42215 0.384438 0.544172 0.384438 -0.544172
1 1 0 20.2616 0.1 6.5794 -1.37146 -3.42185 -1.37146 -3.42185 0.384897 0.543937 0.384897 -0.543937
1 1 0 20.2566 0.1 6.58469 -1.3713 -3.42154 -1.3713 -3.42154 0.385357 0.5437 0.385357 -0.5437
1 1 0 20.2516 0.1 6.59001 -1.37113 -3.42124 -1.37113 -3.42124 0.385817 0.543463 0.385817 -0.543463
1 1 0 20.2466 0.1 6.59534 -1.37097 -3.42093 -1.37097 -3.42093 0.386278 0.543225 0.386278 -0.543225
1 1 0 20.2417 0.1 6.60069 -1.3708 -3.42063 -1.3708 -3.42063 0.38674 0.542985 0.38674 -0.542985
1 1 0 20.2367 0.1 6.60607 -1.37064 -3.42032 -1.37064 -3.42032 0.387203 0.542745 0.387203 -0.542745
1 1 0 20.2317 0.1 6.61146 -1.37048 -3.42002 -1.37048 -3.42002 0.387666 0.542503 0.387666 -0.542503
1 1 0 20.2267 0.1 6.61688 -1.37031 -3.41971 -1.37031 -3.41971 0.38813 0.542261 0.38813 -0.542261
1 1 0 20.2217 0.1 6.62231 -1.37015 -3.41941 -1.37015 -3.41941 0.388595 0.542017 0.388595 -0.542017
1 1 0 20.2167 0.1 6.62777 -1.36998 -3.41911 -1.36998 -3.41911 0.389061 0.541772 0.389061 -0.541772
1 1 0 20.2117 0.1 6.63325 -1.36982 -3.4188 -1.36982 -3.4188 0.389527 0.541527 0.389527 -0.541527
1 1 0 20.2067 0.1 6.63874 -1.36965 -3.4185 -1.36965 -3.4185 0.389994 0.54128 0.389994 -0.54128
1 1 0 20.2018 0.1 6.64426 -1.36949 -3.4182 -1.36949 -3.4182 0.390462 0.541032 0.390462 -0.541032
1 1 0 20.1968 0.1 6.6498 -1.36932 -3.41789 -1.36932 -3.41789 0.390931 0.540784 0.390931 -0.540784
1 1 0 20.1918 0.1 6.65536 -1.36916 -3.41759 -1.36916 -3.41759 0.3914 0.540534 0.3914 -0.540534
1 1 0 20.1868 0.1 6.66094 -1.36899 -3.41729 -1.36899 -3.41729 0.39187 0.540283 0.39187 -0.540283
1 1 0 20.1818 0.1 6.66655 -1.36883 -3.41698 -1.36883 -3.41698 0.392341 0.540031 0.392341 -0.540031
1 1 0 20.1768 0.1 6.67217 -1.36866 -3.41668 -1.36866 -3.41668 0.392813 0.539778 0.392813 -0.539778
1 1 0 20.1718 0.1 6.67782 -1.36849 -3.41638 -1.36849 -3.41638 0.393286 0.539524 0.393286 -0.539524
1 1 0 20.1668 0.1 6.68348 -1.36833 -3.41607 -1.36833 -3.41607 0.393759 0.539269 0.393759 -0.539269
1 1 0 20.1619 0.1 6.68917 -1.36816 -3.41577 -1.36816 -3.41577 0.394233 0.539012 0.394233 -0.539012
1 1 0 20.1569 0.1 6.69488 -1.368 -3.41547 -1.368 -3.41547 0.394708 0.538755 0.394708 -0.538755
1 1 0 20.1519 0.1 6.70062 -1.36783 -3.41517 -1.36783 -3.41517 0.395183 0.538496 0.395183 -0.538496
1 1 0 20.1469 0.1 6.70637 -1.36767 -3.41487 -1.36767 -3.41487 0.395659 0.538237 0.395659 -0.538237
1 1 0 20.1419 0.1 6.71215 -1.3675 -3.41456 -1.3675 -3.41456 0.396137 0.537976 0.396137 -0.537976
1 1 0 20.1369 0.1 6.71795 -1.36733 -3.41426 -1.36733 -3.41426 0.396614 0.537715 0.396614 -0.537715
1 1 0 20.1319 0.1 6.72377 -1.36717 -3.41396 -1.36717 -3.41396 0.397093 0.537452 0.397093 -0.537452
1 1 0 20.1269 0.1 6.72962 -1.367 -3.41366 -1.367 -3.41366 0.397572 0.537188 0.397572 -0.537188
1 1 0 20.1219 0.1 6.73548 -1.36683 -3.41336 -1.36683 -3.41336 0.398053 0.536923 0.398053 -0.536923
1 1 0 20.117 0.1 6.74137 -1.36667 -3.41305 -1.36667 -3.41305 0.398533 0.536657 0.398533 -0.536657
1 1 0 20.112 0.1 6.74729 -1.3665 -3.41275 -1.3665 -3.41275 0.399015 0.536389 0.399015 -0.536389
1 1 0 20.107 0.1 6.75322 -1.36634 -3.41245 -1.36634 -3.41245 0.399498 0.536121 0.399498 -0.536121
1 1 0 20.102 0.1 6.75918 -1.36617 -3.41215 -1.36617 -3.41215 0.399981 0.535851 0.399981 -0.535851
1 1 0 20.097 0.1 6.76517 -1.366 -3.41185 -1.366 -3.41185 0.400465 0.535581 0.400465 -0.535581
1 1 0 20.092 0.1 6.77117 -1.36583 -3.41155 -1.36583 -3.41155 0.400949 0.535309 0.400949 -0.535309
1 1 0 20.087 0.1 6.7772 -1.36567 -3.41125 -1.36567 -3.41125 0.401435 0.535036 0.401435 -0.535036
1 1 0 20.082 0.1 6.78326 -1.3655 -3.41095 -1.3655 -3.41095 0.401921 0.534762 0.401921 -0.534762
1 1 0 20.0771 0.1 6.78933 -1.36533 -3.41065 -1.36533 -3.41065 0.402408 0.534487 0.402408 -0.534487
1 1 0 20.0721 0.1 6.79543 -1.36517 -3.41035 -1.36517 -3.41035 0.402896 0.53421 0.402896 -0.53421
1 1 0 20.0671 0.1 6.80156 -1.365 -3.41005 -1.365 -3.41005 0.403385 0.533933 0.403385 -0.533933
1 1 0 20.0621 0.1 6.80771 -1.36483 -3.40975 -1.36483 -3.40975 0.403874 0.533654 0.403874 -0.533654
1 1 0 20.0571 0.1 6.81388 -1.36466 -3.40945 -1.36466 -3.40945 0.404364 0.533374 0.404364 -0.533374
1 1 0 20.0521 0.1 6.82008 -1.3645 -3.40915 -1.3645 -3.40915 0.404855 0.533093 0.404855 -0.533093
1 1 0 20.0471 0.1 6.8263 -1.36433 -3.40885 -1.36433 -3.40885 0.405347 0.532811 0.405347 -0.532811
1 1 0 20.0421 0.1 6.83255 -1.36416 -3.40855 -1.36416 -3.40855 0.405839 0.532527 0.405839 -0.532527
1 1 0 20.0371 0.1 6.83882 -1.36399 -3.40825 -1.36399 -3.40825 0.406333 0.532243 0.406333 -0.532243
1 1 0 20.0322 0.1 6.84512 -1.36383 -3.40795 -1.36383 -3.40795 0.406827 0.531957 0.406827 -0.531957
1 1 0 20.0272 0.1 6.85144 -1.36366 -3.40765 -1.36366 -3.40765 0.407321 0.53167 0.407321 -0.53167
1 1 0 20.0222 0.1 6.85779 -1.36349 -3.40735 -1.36349 -3.40735 0.407817 0.531382 0.407817 -0.531382
1 1 0 20.0172 0.1 6.86417 -1.36332 -3.40705 -1.36332 -3.40705 0.408313 0.531093 0.408313 -0.531093
1 1 0 20.0122 0.1 6.87057 -1.36315 -3.40675 -1.36315 -3.40675 0.40881 0.530802 0.40881 -0.530802
1 1 0 20.0072 0.1 6.87699 -1.36298 -3.40645 -1.36298 -3.40645 0.409308 0.53051 0.409308 -0.53051
1 1 0 20.0022 0.1 6.88344 -1.36282 -3.40615 -1.36282 -3.40615 0.409807 0.530217 0.409807 -0.530217
1 1 0 19.9972 0.1 6.88992 -1.36265 -3.40585 -1.36265 -3.40585 0.410306 0.529923 0.410306 -0.529923
1 1 0 19.9923 0.1 6.89642 -1.36248 -3.40555 -1.36248 -3.40555 0.410807 0.529628 0.410807 -0.529628
1 1 0 19.9873 0.1 6.90295 -1.36231 -3.40526 -1.36231 -3.40526 0.411308 0.529331 0.411308 -0.529331
1 1 0 19.9823 0.1 6.90951 -1.36214 -3.40496 -1.36214 -3.40496 0.411809 0.529033 0.411809 -0.529033
1 1 0 19.9773 0.1 6.91609 -1.36197 -3.40466 -1.36197 -3.40466 0.412312 0.528734 0.412312 -0.528734
1 1 0 19.9723 0.1 6.9227 -1.3618 -3.40436 -1.3618 -3.40436 0.412815 0.528434 0.412815 -0.528434
1 1 0 19.9673 0.1 6.92933 -1.36163 -3.40406 -1.36163 -3.40406 0.413319 0.528132 0.413319 -0.528132
1 1 0 19.9623 0.1 6.936 -1.36146 -3.40377 -1.36146 -3.40377 0.413824 0.527829 0.413824 -0.527829
1 1 0 19.9573 0.1 6.94269 -1.36129 -3.40347 -1.36129 -3.40347 0.41433 0.527525 0.41433 -0.527525
1 1 0 19.9523 0.1 6.94941 -1.36113 -3.40317 -1.36113 -3.40317 0.414837 0.52722 0.414837 -0.52722
1 1 0 19.9474 0.1 6.95615 -1.36096 -3.40287 -1.36096 -3.40287 0.415344 0.526913 0.415344 -0.526913
1 1 0 19.9424 0.1 6.96292 -1.36079 -3.40258 -1.36079 -3.40258 0.415852 0.526605 0.415852 -0.526605
1 1 0 19.9374 0.1 6.96973 -1.36062 -3.40228 -1.36062 -3.40228 0.416361 0.526296 0.416361 -0.526296
1 1 0 19.9324 0.1 6.97656 -1.36045 -3.40198 -1.36045 -3.40198 0.41687 0.525986 0.41687 -0.525986
1 1 0 19.9274 0.1 6.98341 -1.36028 -3.40169 -1.36028 -3.40169 0.417381 0.525674 0.417381 -0.525674
1 1 0 19.9224 0.1 6.9903 -1.36011 -3.40139 -1.36011 -3.40139 0.417892 0.525361 0.417892 -0.525361
1 1 0 19.9174 0.1 6.99721 -1.35994 -3.40109 -1.35994 -3.40109 0.418404 0.525047 0.418404 -0.525047
1 1 0 19.9124 0.1 7.00416 -1.35977 -3.4008 -1.35977 -3.4008 0.418916 0.524731 0.418916 -0.524731
1 1 0 19.9075 0.1 7.01113 -1.3596 -3.4005 -1.3596 -3.4005 0.41943 0.524414 0.41943 -0.524414
1 1 0 19.9025 0.1 7.01813 -1.35943 -3.4002 -1.35943 -3.4002 0.419944 0.524096 0.419944 -0.524096
1 1 0 19.8975 0.1 7.02516 -1.35926 -3.39991 -1.35926 -3.39991 0.420459 0.523776 0.420459 -0.523776
1 1 0 19.8925 0.1 7.03222 -1.35908 -3.39961 -1.35908 -3.39961 0.420975 0.523455 0.420975 -0.523455
1 1 0 19.8875 0.1 7.03931 -1.35891 -3.39931 -1.35891 -3.39931 0.421492 0.523133 0.421492 -0.523133
1 1 0 19.8825 0.1 7.04643 -1.35874 -3.39902 -1.35874 -3.39902 0.422009 0.52281 0.422009 -0.52281
1 1 0 19.8775 0.1 7.05358 -1.35857 -3.39872 -1.35857 -3.39872 0.422527 0.522485 0.422527 -0.522485
1 1 0 19.8725 0.1 7.06076 -1.3584 -3.39843 -1.3584 -3.39843 0.423046 0.522159 0.423046 -0.522159
1 1 0 19.8675 0.1 7.06797 -1.35823 -3.39813 -1.35823 -3.39813 0.423566 0.521831 0.423566 -0.521831
1 1 0 19.8626 0.1 7.07521 -1.35806 -3.39784 -1.35806 -3.39784 0.424087 0.521502 0.424087 -0.521502
1 1 0 19.8576 0.1 7.08248 -1.35789 -3.39754 -1.35789 -3.39754 0.424608 0.521172 0.424608 -0.521172
1 1 0 19.8526 0.1 7.08978 -1.35772 -3.39725 -1.35772 -3.39725 0.42513 0.52084 0.42513 -0.52084
1 1 0 19.8476 0.1 7.09711 -1.35755 -3.39695 -1.35755 -3.39695 0.425653 0.520507 0.425653 -0.520507
1 1 0 19.8426 0.1 7.10447 -1.35737 -3.39666 -1.35737 -3.39666 0.426177 0.520173 0.426177 -0.520173
1 1 0 19.8376 0.1 7.11187 -1.3572 -3.39636 -1.3572 -3.39636 0.426701 0.519837 0.426701 -0.519837
1 1 0 19.8326 0.1 7.1193 -1.35703 -3.39607 -1.35703 -3.39607 0.427227 0.5195 0.427227 -0.5195
1 1 0 19.8276 0.1 7.12676 -1.35686 -3.39577 -1.35686 -3.39577 0.427753 0.519162 0.427753 -0.519162
1 1 0 19.8227 0.1 7.13425 -1.35669 -3.39548 -1.35669 -3.39548 0.42828 0.518822 0.42828 -0.518822
1 1 0 19.8177 0.1 7.14177 -1.35651 -3.39519 -1.35651 -3.39519 0.428808 0.518481 0.428808 -0.518481
1 1 0 19.8127 0.1 7.14933 -1.35634 -3.39489 -1.35634 -3.39489 0.429336 0.518138 0.429336 -0.518138
1 1 0 19.8077 0.1 7.15691 -1.35617 -3.3946 -1.35617 -3.3946 0.429865 0.517794 0.429865 -0.517794
1 1 0 19.8027 0.1 7.16453 -1.356 -3.39431 -1.356 -3.39431 0.430395 0.517448 0.430395 -0.517448
1 1 0 19.7977 0.1 7.17219 -1.35583 -3.39401 -1.35583 -3.39401 0.430926 0.517101 0.430926 -0.517101
1 1 0 19.7927 0.1 7.17988 -1.35565 -3.39372 -1.35565 -3.39372 0.431458 0.516753 0.431458 -0.516753
1 1 0 19.7877 0.1 7.1876 -1.35548 -3.39343 -1.35548 -3.39343 0.43199 0.516403 0.43199 -0.516403
1 1 0 19.7827 0.1 7.19535 -1.35531 -3.39313 -1.35531 -3.39313 0.432524 0.516052 0.432524 -0.516052
1 1 0 19.7778 0.1 7.20314 -1.35513 -3.39284 -1.35513 -3.39284 0.433058 0.5157 0.433058 -0.5157
1 1 0 19.7728 0.1 7.21096 -1.35496 -3.39255 -1.35496 -3.39255 0.433593 0.515345 0.433593 -0.515345
1 1 0 19.7678 0.1 7.21882 -1.35479 -3.39225 -1.35479 -3.39225 0.434128 0.51499 0.434128 -0.51499
1 1 0 19.7628 0.1 7.22671 -1.35462 -3.39196 -1.35462 -3.39196 0.434665 0.514633 0.434665 -0.514633
1 1 0 19.7578 0.1 7.23464 -1.35444 -3.39167 -1.35444 -3.39167 0.435202 0.514274 0.435202 -0.514274
1 1 0 19.7528 0.1 7.2426 -1.35427 -3.39138 -1.35427 -3.39138 0.43574 0.513914 0.43574 -0.513914
1 1 0 19.7478 0.1 7.2506 -1.3541 -3.39108 -1.3541 -3.39108 0.436279 0.513553 0.436279 -0.513553
1 1 0 19.7428 0.1 7.25863 -1.35392 -3.39079 -1.35392 -3.39079 0.436818 0.51319 0.436818 -0.51319
1 1 0 19.7378 0.1 7.26669 -1.35375 -3.3905 -1.35375 -3.3905 0.437359 0.512826 0.437359 -0.512826
1 1 0 19.7329 0.1 7.2748 -1.35358 -3.39021 -1.35358 -3.39021 0.4379 0.51246 0.4379 -0.51246
1 1 0 19.7279 0.1 7.28294 -1.3534 -3.38992 -1.3534 -3.38992 0.438442 0.512092 0.438442 -0.512092
1 1 0 19.7229 0.1 7.29111 -1.35323 -3.38963 -1.35323 -3.38963 0.438985 0.511723 0.438985 -0.511723
1 1 0 19.7179 0.1 7.29933 -1.35305 -3.38933 -1.35305 -3.38933 0.439528 0.511353 0.439528 -0.511353
1 1 0 19.7129 0.1 7.30758 -1.35288 -3.38904 -1.35288 -3.38904 0.440073 0.510981 0.440073 -0.510981
1 1 0 19.7079 0.1 7.31586 -1.3527 -3.38875 -1.3527 -3.38875 0.440618 0.510607 0.440618 -0.510607
1 1 0 19.7029 0.1 7.32419 -1.35253 -3.38846 -1.35253 -3.38846 0.441164 0.510232 0.441164 -0.510232
1 1 0 19.6979 0.1 7.33255 -1.35236 -3.38817 -1.35236 -3.38817 0.441711 0.509856 0.441711 -0.509856
1 1 0 19.693 0.1 7.34095 -1.35218 -3.38788 -1.35218 -3.38788 0.442259 0.509478 0.442259 -0.509478
1 1 0 19.688 0.1 7.34939 -1.35201 -3.38759 -1.35201 -3.38759 0.442807 0.509098 0.442807 -0.509098
1 1 0 19.683 0.1 7.35786 -1.35183 -3.3873 -1.35183 -3.3873 0.443356 0.508717 0.443356 -0.508717
1 1 0 19.678 0.1 7.36638 -1.35166 -3.38701 -1.35166 -3.38701 0.443906 0.508334 0.443906 -0.508334
1 1 0 19.673 0.1 7.37493 -1.35148 -3.38672 -1.35148 -3.38672 0.444457 0.50795 0.444457 -0.50795
1 1 0 19.668 0.1 7.38353 -1.35131 -3.38643 -1.35131 -3.38643 0.445009 0.507564 0.445009 -0.507564
1 1 0 19.663 0.1 7.39216 -1.35113 -3.38614 -1.35113 -3.38614 0.445561 0.507176 0.445561 -0.507176
1 1 0 19.658 0.1 7.40083 -1.35096 -3.38585 -1.35096 -3.38585 0.446115 0.506787 0.446115 -0.506787
1 1 0 19.653 0.1 7.40954 -1.35078 -3.38556 -1.35078 -3.38556 0.446669 0.506397 0.446669 -0.506397
1 1 0 19.6481 0.1 7.4183 -1.35061 -3.38527 -1.35061 -3.38527 0.447224 0.506004 0.447224 -0.506004
1 1 0 19.6431 0.1 7.42709 -1.35043 -3.38498 -1.35043 -3.38498 0.447779 0.50561 0.447779 -0.50561
1 1 0 19.6381 0.1 7.43592 -1.35025 -3.38469 -1.35025 -3.38469 0.448336 0.505215 0.448336 -0.505215
1 1 0 19.6331 0.1 7.4448 -1.35008 -3.3844 -1.35008 -3.3844 0.448893 0.504818 0.448893 -0.504818
1 1 0 19.6281 0.1 7.45371 -1.3499 -3.38412 -1.3499 -3.38412 0.449451 0.504419 0.449451 -0.504419
1 1 0 19.6231 0.1 7.46267 -1.34973 -3.38383 -1.34973 -3.38383 0.45001 0.504018 0.45001 -0.504018
1 1 0 19.6181 0.1 7.47167 -1.34955 -3.38354 -1.34955 -3.38354 0.45057 0.503616 0.45057 -0.503616
1 1 0 19.6131 0.1 7.48071 -1.34937 -3.38325 -1.34937 -3.38325 0.45113 0.503212 0.45113 -0.503212
1 1 0 19.6081 0.1 7.4898 -1.3492 -3.38296 -1.3492 -3.38296 0.451692 0.502807 0.451692 -0.502807
1 1 0 19.6032 0.1 7.49893 -1.34902 -3.38267 -1.34902 -3.38267 0.452254 0.5024 0.452254 -0.5024
1 1 0 19.5982 0.1 7.5081 -1.34884 -3.38239 -1.34884 -3.38239 0.452817 0.501991 0.452817 -0.501991
1 1 0 19.5932 0.1 7.51731 -1.34867 -3.3821 -1.34867 -3.3821 0.453381 0.501581 0.453381 -0.501581
1 1 0 19.5882 0.1 7.52657 -1.34849 -3.38181 -1.34849 -3.38181 0.453945 0.501169 0.453945 -0.501169
1 1 0 19.5832 0.1 7.53587 -1.34831 -3.38152 -1.34831 -3.38152 0.454511 0.500755 0.454511 -0.500755
1 1 0 19.5782 0.1 7.54522 -1.34814 -3.38124 -1.34814 -3.38124 0.455077 0.500339 0.455077 -0.500339
1 1 0 19.5732 0.1 7.55461 -1.34796 -3.38095 -1.34796 -3.38095 0.455644 0.499922 0.455644 -0.499922
1 1 0 19.5682 0.1 7.56405 -1.34778 -3.38066 -1.34778 -3.38066 0.456212 0.499503 0.456212 -0.499503
1 1 0 19.5633 0.1 7.57353 -1.34761 -3.38038 -1.34761 -3.38038 0.45678 0.499082 0.45678 -0.499082
1 1 0 19.5583 0.1 7.58306 -1.34743 -3.38009 -1.34743 -3.38009 0.45735 0.49866 0.45735 -0.49866
1 1 0 19.5533 0.1 7.59263 -1.34725 -3.3798 -1.34725 -3.3798 0.45792 0.498236 0.45792 -0.498236
1 1 0 19.5483 0.1 7.60225 -1.34707 -3.37952 -1.34707 -3.37952 0.458491 0.49781 0.458491 -0.49781
1 1 0 19.5433 0.1 7.61192 -1.34689 -3.37923 -1.34689 -3.37923 0.459063 0.497382 0.459063 -0.497382
1 1 0 19.5383 0.1 7.62163 -1.34672 -3.37895 -1.34672 -3.37895 0.459636 0.496953 0.459636 -0.496953
1 1 0 19.5333 0.1 7.63139 -1.34654 -3.37866 -1.34654 -3.37866 0.46021 0.496522 0.46021 -0.496522
1 1 0 19.5283 0.1 7.6412 -1.34636 -3.37837 -1.34636 -3.37837 0.460784 0.496089 0.460784 -0.496089
1 1 0 19.5233 0.1 7.65106 -1.34618 -3.37809 -1.34618 -3.37809 0.461359 0.495654 0.461359 -0.495654
1 1 0 19.5184 0.1 7.66096 -1.346 -3.3778 -1.346 -3.3778 0.461935 0.495217 0.461935 -0.495217
1 1 0 19.5134 0.1 7.67092 -1.34583 -3.37752 -1.34583 -3.37752 0.462512 0.494779 0.462512 -0.494779
1 1 0 19.5084 0.1 7.68092 -1.34565 -3.37723 -1.34565 -3.37723 0.46309 0.494339 0.46309 -0.494339
1 1 0 19.5034 0.1 7.69097 -1.34547 -3.37695 -1.34547 -3.37695 0.463668 0.493897 0.463668 -0.493897
1 1 0 19.4984 0.1 7.70108 -1.34529 -3.37666 -1.34529 -3.37666 0.464247 0.493453 0.464247 -0.493453
1 1 0 19.4934 0.1 7.71123 -1.34511 -3.37638 -1.34511 -3.37638 0.464828 0.493007 0.464828 -0.493007
1 1 0 19.4884 0.1 7.72143 -1.34493 -3.37609 -1.34493 -3.37609 0.465409 0.49256 0.465409 -0.49256
1 1 0 19.4834 0.1 7.73169 -1.34475 -3.37581 -1.34475 -3.37581 0.46599 0.49211 0.46599 -0.49211
1 1 0 19.4784 0.1 7.742 -1.34457 -3.37553 -1.34457 -3.37553 0.466573 0.491659 0.466573 -0.491659
1 1 0 19.4735 0.1 7.75235 -1.34439 -3.37524 -1.34439 -3.37524 0.467156 0.491206 0.467156 -0.491206
1 1 0 19.4685 0.1 7.76276 -1.34421 -3.37496 -1.34421 -3.37496 0.46774 0.490751 0.46774 -0.490751
1 1 0 19.4635 0.1 7.77323 -1.34403 -3.37468 -1.34403 -3.37468 0.468325 0.490294 0.468325 -0.490294
1 1 0 19.4585 0.1 7.78374 -1.34385 -3.37439 -1.34385 -3.37439 0.468911 0.489835 0.468911 -0.489835
1 1 0 19.4535 0.1 7.79431 -1.34367 -3.37411 -1.34367 -3.37411 0.469498 0.489375 0.469498 -0.489375
1 1 0 19.4485 0.1 7.80494 -1.34349 -3.37383 -1.34349 -3.37383 0.470086 0.488912 0.470086 -0.488912
1 1 0 19.4435 0.1 7.81562 -1.34331 -3.37354 -1.34331 -3.37354 0.470674 0.488447 0.470674 -0.488447
1 1 0 19.4385 0.1 7.82635 -1.34313 -3.37326 -1.34313 -3.37326 0.471263 0.487981 0.471263 -0.487981
1 1 0 19.4335 0.1 7.83714 -1.34295 -3.37298 -1.34295 -3.37298 0.471853 0.487513 0.471853 -0.487513
1 1 0 19.4286 0.1 7.84798 -1.34277 -3.3727 -1.34277 -3.3727 0.472444 0.487042 0.472444 -0.487042
1 1 0 19.4236 0.1 7.85888 -1.34259 -3.37241 -1.34259 -3.37241 0.473036 0.48657 0.473036 -0.48657
1 1 0 19.4186 0.1 7.86984 -1.34241 -3.37213 -1.34241 -3.37213 0.473628 0.486096 0.473628 -0.486096
1 1 0 19.4136 0.1 7.88085 -1.34223 -3.37185 -1.34223 -3.37185 0.474221 0.485619 0.474221 -0.485619
1 1 0 19.4086 0.1 7.89192 -1.34205 -3.37157 -1.34205 -3.37157 0.474815 0.485141 0.474815 -0.485141
1 1 0 19.4036 0.1 7.90305 -1.34187 -3.37129 -1.34187 -3.37129 0.47541 0.484661 0.47541 -0.484661
1 1 0 19.3986 0.1 7.91424 -1.34169 -3.371 -1.34169 -3.371 0.476006 0.484179 0.476006 -0.484179
1 1 0 19.3936 0.1 7.92548 -1.34151 -3.37072 -1.34151 -3.37072 0.476603 0.483694 0.476603 -0.483694
1 1 0 19.3886 0.1 7.93679 -1.34132 -3.37044 -1.34132 -3.37044 0.4772 0.483208 0.4772 -0.483208
1 1 0 19.3837 0.1 7.94815 -1.34114 -3.37016 -1.34114 -3.37016 0.477799 0.48272 0.477799 -0.48272
1 1 0 19.3787 0.1 7.95958 -1.34096 -3.36988 -1.34096 -3.36988 0.478398 0.482229 0.478398 -0.482229
1 1 0 19.3737 0.1 7.97106 -1.34078 -3.3696 -1.34078 -3.3696 0.478998 0.481737 0.478998 -0.481737
1 1 0 19.3687 0.1 7.98261 -1.3406 -3.36932 -1.3406 -3.36932 0.479598 0.481243 0.479598 -0.481243
1 1 0 19.3637 0.1 7.99422 -1.34041 -3.36904 -1.34041 -3.36904 0.4802 0.480746 0.4802 -0.480746
1 1 0 19.3587 0.1 8.00589 -1.34023 -3.36876 -1.34023 -3.36876 0.480802 0.480247 0.480802 -0.480247
1 1 0 19.3537 0.1 8.01762 -1.34005 -3.36848 -1.34005 -3.36848 0.481406 0.479747 0.481406 -0.479747
1 1 0 19.3487 0.1 8.02942 -1.33987 -3.3682 -1.33987 -3.3682 0.48201 0.479244 0.48201 -0.479244
1 1 0 19.3437 0.1 8.04128 -1.33968 -3.36792 -1.33968 -3.36792 0.482615 0.478739 0.482615 -0.478739
1 1 0 19.3388 0.1 8.0532 -1.3395 -3.36764 -1.3395 -3.36764 0.48322 0.478232 0.48322 -0.478232
1 1 0 19.3338 0.1 8.06519 -1.33932 -3.36736 -1.33932 -3.36736 0.483827 0.477723 0.483827 -0.477723
1 1 0 19.3288 0.1 8.07725 -1.33914 -3.36708 -1.33914 -3.36708 0.484434 0.477211 0.484434 -0.477211
1 1 0 19.3238 0.1 8.08937 -1.33895 -3.3668 -1.33895 -3.3668 0.485043 0.476698 0.485043 -0.476698
1 1 0 19.3188 0.1 8.10156 -1.33877 -3.36653 -1.33877 -3.36653 0.485652 0.476182 0.485652 -0.476182
1 1 0 19.3138 0.1 8.11381 -1.33859 -3.36625 -1.33859 -3.36625 0.486262 0.475664 0.486262 -0.475664
1 1 0 19.3088 0.1 8.12613 -1.3384 -3.36597 -1.3384 -3.36597 0.486873 0.475144 0.486873 -0.475144
1 1 0 19.3038 0.1 8.13852 -1.33822 -3.36569 -1.33822 -3.36569 0.487484 0.474622 0.487484 -0.474622
1 1 0 19.2988 0.1 8.15098 -1.33804 -3.36541 -1.33804 -3.36541 0.488097 0.474097 0.488097 -0.474097
1 1 0 19.2939 0.1 8.16351 -1.33785 -3.36514 -1.33785 -3.36514 0.48871 0.473571 0.48871 -0.473571
1 1 0 19.2889 0.1 8.17611 -1.33767 -3.36486 -1.33767 -3.36486 0.489324 0.473042 0.489324 -0.473042
1 1 0 19.2839 0.1 8.18878 -1.33748 -3.36458 -1.33748 -3.36458 0.489939 0.472511 0.489939 -0.472511
1 1 0 19.2789 0.1 8.20152 -1.3373 -3.3643 -1.3373 -3.3643 0.490555 0.471977 0.490555 -0.471977
1 1 0 19.2739 0.1 8.21434 -1.33711 -3.36403 -1.33711 -3.36403 0.491172 0.471442 0.491172 -0.471442
1 1 0 19.2689 0.1 8.22722 -1.33693 -3.36375 -1.33693 -3.36375 0.491789 0.470904 0.491789 -0.470904
1 1 0 19.2639 0.1 8.24018 -1.33675 -3.36347 -1.33675 -3.36347 0.492407 0.470363 0.492407 -0.470363
1 1 0 19.2589 0.1 8.25321 -1.33656 -3.3632 -1.33656 -3.3632 0.493027 0.469821 0.493027 -0.469821
1 1 0 19.2539 0.1 8.26632 -1.33638 -3.36292 -1.33638 -3.36292 0.493647 0.469276 0.493647 -0.469276
1 1 0 19.249 0.1 8.2795 -1.33619 -3.36265 -1.33619 -3.36265 0.494267 0.468729 0.494267 -0.468729
1 1 0 19.244 0.1 8.29276 -1.336 -3.36237 -1.336 -3.36237 0.494889 0.468179 0.494889 -0.468179
1 1 0 19.239 0.1 8.30609 -1.33582 -3.36209 -1.33582 -3.36209 0.495512 0.467627 0.495512 -0.467627
1 1 0 19.234 0.1 8.31951 -1.33563 -3.36182 -1.33563 -3.36182 0.496135 0.467073 0.496135 -0.467073
1 1 0 19.229 0.1 8.333 -1.33545 -3.36154 -1.33545 -3.36154 0.496759 0.466517 0.496759 -0.466517
1 1 0 19.224 0.1 8.34656 -1.33526 -3.36127 -1.33526 -3.36127 0.497384 0.465958 0.497384 -0.465958
1 1 0 19.219 0.1 8.36021 -1.33508 -3.36099 -1.33508 -3.36099 0.49801 0.465396 0.49801 -0.465396
1 1 0 19.214 0.1 8.37394 -1.33489 -3.36072 -1.33489 -3.36072 0.498637 0.464833 0.498637 -0.464833
1 1 0 19.209 0.1 8.38775 -1.3347 -3.36044 -1.3347 -3.36044 0.499265 0.464266 0.499265 -0.464266
1 1 0 19.2041 0.1 8.40164 -1.33452 -3.36017 -1.33452 -3.36017 0.499893 0.463698 0.499893 -0.463698
1 1 0 19.1991 0.1 8.41561 -1.33433 -3.3599 -1.33433 -3.3599 0.500523 0.463127 0.500523 -0.463127
1 1 0 19.1941 0.1 8.42966 -1.33414 -3.35962 -1.33414 -3.35962 0.501153 0.462553 0.501153 -0.462553
1 1 0 19.1891 0.1 8.4438 -1.33396 -3.35935 -1.33396 -3.35935 0.501784 0.461977 0.501784 -0.461977
1 1 0 19.1841 0.1 8.45803 -1.33377 -3.35907 -1.33377 -3.35907 0.502416 0.461398 0.502416 -0.461398
1 1 0 19.1791 0.1 8.47234 -1.33358 -3.3588 -1.33358 -3.3588 0.503048 0.460817 0.503048 -0.460817
1 1 0 19.1741 0.1 8.48673 -1.3334 -3.35853 -1.3334 -3.35853 0.503682 0.460234 0.503682 -0.460234
1 1 0 19.1691 0.1 8.50121 -1.33321 -3.35826 -1.33321 -3.35826 0.504316 0.459648 0.504316 -0.459648
1 1 0 19.1641 0.1 8.51578 -1.33302 -3.35798 -1.33302 -3.35798 0.504952 0.459059 0.504952 -0.459059
1 1 0 19.1592 0.1 8.53044 -1.33283 -3.35771 -1.33283 -3.35771 0.505588 0.458468 0.505588 -0.458468
1 1 0 19.1542 0.1 8.54519 -1.33265 -3.35744 -1.33265 -3.35744 0.506225 0.457874 0.506225 -0.457874
1 1 0 19.1492 0.1 8.56003 -1.33246 -3.35717 -1.33246 -3.35717 0.506863 0.457278 0.506863 -0.457278
1 1 0 19.1442 0.1 8.57496 -1.33227 -3.35689 -1.33227 -3.35689 0.507501 0.456679 0.507501 -0.456679
1 1 0 19.1392 0.1 8.58998 -1.33208 -3.35662 -1.33208 -3.35662 0.508141 0.456077 0.508141 -0.456077
1 1 0 19.1342 0.1 8.60509 -1.33189 -3.35635 -1.33189 -3.35635 0.508781 0.455473 0.508781 -0.455473
1 1 0 19.1292 0.1 8.6203 -1.33171 -3.35608 -1.33171 -3.35608 0.509422 0.454866 0.509422 -0.454866
1 1 0 19.1242 0.1 8.63561 -1.33152 -3.35581 -1.33152 -3.35581 0.510064 0.454257 0.510064 -0.454257
1 1 0 19.1192 0.1 8.65101 -1.33133 -3.35554 -1.33133 -3.35554 0.510707 0.453645 0.510707 -0.453645
1 1 0 19.1143 0.1 8.6665 -1.33114 -3.35527 -1.33114 -3.35527 0.511351 0.45303 0.511351 -0.45303
1 1 0 19.1093 0.1 8.6821 -1.33095 -3.355 -1.33095 -3.355 0.511996 0.452412 0.511996 -0.452412
1 1 0 19.1043 0.1 8.69779 -1.33076 -3.35473 -1.33076 -3.35473 0.512641 0.451792 0.512641 -0.451792
1 1 0 19.0993 0.1 8.71358 -1.33057 -3.35446 -1.33057 -3.35446 0.513288 0.451169 0.513288 -0.451169
1 1 0 19.0943 0.1 8.72948 -1.33038 -3.35419 -1.33038 -3.35419 0.513935 0.450544 0.513935 -0.450544
1 1 0 19.0893 0.1 8.74547 -1.33019 -3.35392 -1.33019 -3.35392 0.514583 0.449915 0.514583 -0.449915
1 1 0 19.0843 0.1 8.76157 -1.33 -3.35365 -1.33 -3.35365 0.515232 0.449284 0.515232 -0.449284
1 1 0 19.0793 0.1 8.77777 -1.32981 -3.35338 -1.32981 -3.35338 0.515882 0.44865 0.515882 -0.44865
1 1 0 19.0743 0.1 8.79408 -1.32962 -3.35311 -1.32962 -3.35311 0.516532 0.448013 0.516532 -0.448013
1 1 0 19.0694 0.1 8.81049 -1.32943 -3.35284 -1.32943 -3.35284 0.517184 0.447373 0.517184 -0.447373
1 1 0 19.0644 0.1 8.82701 -1.32924 -3.35257 -1.32924 -3.35257 0.517836 0.446731 0.517836 -0.446731
1 1 0 19.0594 0.1 8.84364 -1.32905 -3.35231 -1.32905 -3.35231 0.518489 0.446085 0.518489 -0.446085
1 1 0 19.0544 0.1 8.86038 -1.32886 -3.35204 -1.32886 -3.35204 0.519144 0.445437 0.519144 -0.445437
1 1 0 19.0494 0.1 8.87722 -1.32867 -3.35177 -1.32867 -3.35177 0.519799 0.444786 0.519799 -0.444786
1 1 0 19.0444 0.1 8.89418 -1.32848 -3.3515 -1.32848 -3.3515 0.520454 0.444132 0.520454 -0.444132
1 1 0 19.0394 0.1 8.91125 -1.32829 -3.35123 -1.32829 -3.35123 0.521111 0.443474 0.521111 -0.443474
1 1 0 19.0344 0.1 8.92844 -1.32809 -3.35097 -1.32809 -3.35097 0.521769 0.442814 0.521769 -0.442814
1 1 0 19.0294 0.1 8.94574 -1.3279 -3.3507 -1.3279 -3.3507 0.522427 0.442152 0.522427 -0.442152
1 1 0 19.0244 0.1 8.96316 -1.32771 -3.35043 -1.32771 -3.35043 0.523086 0.441486 0.523086 -0.441486
1 1 0 19.0195 0.1 8.98069 -1.32752 -3.35017 -1.32752 -3.35017 0.523746 0.440817 0.523746 -0.440817
1 1 0 19.0145 0.1 8.99835 -1.32733 -3.3499 -1.32733 -3.3499 0.524407 0.440145 0.524407 -0.440145
1 1 0 19.0095 0.1 9.01612 -1.32713 -3.34964 -1.32713 -3.34964 0.525069 0.43947 0.525069 -0.43947
1 1 0 19.0045 0.1 9.03401 -1.32694 -3.34937 -1.32694 -3.34937 0.525732 0.438792 0.525732 -0.438792
1 1 0 18.9995 0.1 9.05203 -1.32675 -3.3491 -1.32675 -3.3491 0.526396 0.438111 0.526396 -0.438111
1 1 0 18.9945 0.1 9.07018 -1.32656 -3.34884 -1.32656 -3.34884 0.52706 0.437426 0.52706 -0.437426
1 1 0 18.9895 0.1 9.08844 -1.32636 -3.34857 -1.32636 -3.34857 0.527725 0.436739 0.527725 -0.436739
1 1 0 18.9845 0.1 9.10684 -1.32617 -3.34831 -1.32617 -3.34831 0.528392 0.436049 0.528392 -0.436049
1 1 0 18.9795 0.1 9.12536 -1.32598 -3.34804 -1.32598 -3.34804 0.529059 0.435355 0.529059 -0.435355
1 1 0 18.9746 0.1 9.14401 -1.32578 -3.34778 -1.32578 -3.34778 0.529727 0.434658 0.529727 -0.434658
1 1 0 18.9696 0.1 9.1628 -1.32559 -3.34752 -1.32559 -3.34752 0.530395 0.433958 0.530395 -0.433958
1 1 0 18.9646 0.1 9.18172 -1.3254 -3.34725 -1.3254 -3.34725 0.531065 0.433255 0.531065 -0.433255
1 1 0 18.9596 0.1 9.20077 -1.3252 -3.34699 -1.3252 -3.34699 0.531736 0.432549 0.531736 -0.432549
1 1 0 18.9546 0.1 9.21995 -1.32501 -3.34672 -1.32501 -3.34672 0.532407 0.431839 0.532407 -0.431839
1 1 0 18.9496 0.1 9.23928 -1.32482 -3.34646 -1.32482 -3.34646 0.533079 0.431126 0.533079 -0.431126
1 1 0 18.9446 0.1 9.25874 -1.32462 -3.3462 -1.32462 -3.3462 0.533752 0.43041 0.533752 -0.43041
1 1 0 18.9396 0.1 9.27834 -1.32443 -3.34594 -1.32443 -3.34594 0.534426 0.42969 0.534426 -0.42969
1 1 0 18.9346 0.1 9.29809 -1.32423 -3.34567 -1.32423 -3.34567 0.535101 0.428968 0.535101 -0.428968
1 1 0 18.9297 0.1 9.31798 -1.32404 -3.34541 -1.32404 -3.34541 0.535777 0.428241 0.535777 -0.428241
1 1 0 18.9247 0.1 9.33801 -1.32384 -3.34515 -1.32384 -3.34515 0.536454 0.427512 0.536454 -0.427512
1 1 0 18.9197 0.1 9.35819 -1.32365 -3.34489 -1.32365 -3.34489 0.537131 0.426779 0.537131 -0.426779
1 1 0 18.9147 0.1 9.37852 -1.32345 -3.34463 -1.32345 -3.34463 0.53781 0.426042 0.53781 -0.426042
1 1 0 18.9097 0.1 9.399 -1.32325 -3.34437 -1.32325 -3.34437 0.538489 0.425302 0.538489 -0.425302
1 1 0 18.9047 0.1 9.41964 -1.32306 -3.3441 -1.32306 -3.3441 0.539169 0.424559 0.539169 -0.424559
1 1 0 18.8997 0.1 9.44043 -1.32286 -3.34384 -1.32286 -3.34384 0.53985 0.423812 0.53985 -0.423812
1 1 0 18.8947 0.1 9.46137 -1.32267 -3.34358 -1.32267 -3.34358 0.540532 0.423062 0.540532 -0.423062
1 1 0 18.8897 0.1 9.48247 -1.32247 -3.34332 -1.32247 -3.34332 0.541215 0.422308 0.541215 -0.422308
1 1 0 18.8847 0.1 9.50373 -1.32227 -3.34306 -1.32227 -3.34306 0.541898 0.421551 0.541898 -0.421551
1 1 0 18.8798 0.1 9.52516 -1.32208 -3.3428 -1.32208 -3.3428 0.542583 0.42079 0.542583 -0.42079
1 1 0 18.8748 0.1 9.54674 -1.32188 -3.34255 -1.32188 -3.34255 0.543268 0.420025 0.543268 -0.420025
1 1 0 18.8698 0.1 9.5685 -1.32168 -3.34229 -1.32168 -3.34229 0.543955 0.419257 0.543955 -0.419257
1 1 0 18.8648 0.1 9.59042 -1.32149 -3.34203 -1.32149 -3.34203 0.544642 0.418485 0.544642 -0.418485
1 1 0 18.8598 0.1 9.61251 -1.32129 -3.34177 -1.32129 -3.34177 0.54533 0.417709 0.54533 -0.417709
1 1 0 18.8548 0.1 9.63477 -1.32109 -3.34151 -1.32109 -3.34151 0.546019 0.41693 0.546019 -0.41693
1 1 0 18.8498 0.1 9.65721 -1.32089 -3.34125 -1.32089 -3.34125 0.546709 0.416147 0.546709 -0.416147
1 1 0 18.8448 0.1 9.67982 -1.3207 -3.34099 -1.3207 -3.34099 0.547399 0.41536 0.547399 -0.41536
1 1 0 18.8398 0.1 9.70261 -1.3205 -3.34074 -1.3205 -3.34074 0.548091 0.414569 0.548091 -0.414569
1 1 0 18.8349 0.1 9.72559 -1.3203 -3.34048 -1.3203 -3.34048 0.548783 0.413775 0.548783 -0.413775
1 1 0 18.8299 0.1 9.74874 -1.3201 -3.34022 -1.3201 -3.34022 0.549477 0.412976 0.549477 -0.412976
1 1 0 18.8249 0.1 9.77209 -1.3199 -3.33997 -1.3199 -3.33997 0.550171 0.412174 0.550171 -0.412174
1 1 0 18.8199 0.1 9.79562 -1.3197 -3.33971 -1.3197 -3.33971 0.550866 0.411368 0.550866 -0.411368
1 1 0 18.8149 0.1 9.81934 -1.3195 -3.33945 -1.3195 -3.33945 0.551562 0.410558 0.551562 -0.410558
1 1 0 18.8099 0.1 9.84325 -1.3193 -3.3392 -1.3193 -3.3392 0.552259 0.409744 0.552259 -0.409744
1 1 0 18.8049 0.1 9.86736 -1.3191 -3.33894 -1.3191 -3.33894 0.552957 0.408926 0.552957 -0.408926
1 1 0 18.7999 0.1 9.89167 -1.3189 -3.33869 -1.3189 -3.33869 0.553655 0.408104 0.553655 -0.408104
1 1 0 18.7949 0.1 9.91618 -1.3187 -3.33843 -1.3187 -3.33843 0.554355 0.407278 0.554355 -0.407278
1 1 0 18.7899 0.1 9.94089 -1.3185 -3.33818 -1.3185 -3.33818 0.555055 0.406448 0.555055 -0.406448
1 1 0 18.785 0.1 9.96581 -1.3183 -3.33792 -1.3183 -3.33792 0.555757 0.405614 0.555757 -0.405614
1 1 0 18.78 0.1 9.99093 -1.3181 -3.33767 -1.3181 -3.33767 0.556459 0.404776 0.556459 -0.404776
1 1 0 18.775 0.1 10.0163 -1.3179 -3.33742 -1.3179 -3.33742 0.557162 0.403933 0.557162 -0.403933
1 1 0 18.77 0.1 10.0418 -1.3177 -3.33716 -1.3177 -3.33716 0.557866 0.403087 0.557866 -0.403087
1 1 0 18.765 0.1 10.0676 -1.3175 -3.33691 -1.3175 -3.33691 0.558571 0.402236 0.558571 -0.402236
1 1 0 18.76 0.1 10.0936 -1.3173 -3.33666 -1.3173 -3.33666 0.559276 0.401381 0.559276 -0.401381
1 1 0 18.755 0.1 10.1198 -1.3171 -3.3364 -1.3171 -3.3364 0.559983 0.400521 0.559983 -0.400521
1 1 0 18.75 0.1 10.1462 -1.3169 -3.33615 -1.3169 -3.33615 0.56069 0.399657 0.56069 -0.399657
1 1 0 18.745 0.1 10.1729 -1.31669 -3.3359 -1.31669 -3.3359 0.561399 0.398789 0.561399 -0.398789
1 1 0 18.7401 0.1 10.1998 -1.31649 -3.33565 -1.31649 -3.33565 0.562108 0.397917 0.562108 -0.397917
1 1 0 18.7351 0.1 10.227 -1.31629 -3.3354 -1.31629 -3.3354 0.562818 0.39704 0.562818 -0.39704
1 1 0 18.7301 0.1 10.2544 -1.31609 -3.33515 -1.31609 -3.33515 0.56353 0.396158 0.56353 -0.396158
1 1 0 18.7251 0.1 10.282 -1.31588 -3.33489 -1.31588 -3.33489 0.564242 0.395273 0.564242 -0.395273
1 1 0 18.7201 0.1 10.3099 -1.31568 -3.33464 -1.31568 -3.33464 0.564954 0.394382 0.564954 -0.394382
1 1 0 18.7151 0.1 10.338 -1.31548 -3.33439 -1.31548 -3.33439 0.565668 0.393487 0.565668 -0.393487
1 1 0 18.7101 0.1 10.3664 -1.31527 -3.33414 -1.31527 -3.33414 0.566383 0.392587 0.566383 -0.392587
1 1 0 18.7051 0.1 10.395 -1.31507 -3.33389 -1.31507 -3.33389 0.567098 0.391683 0.567098 -0.391683
1 1 0 18.7001 0.1 10.4239 -1.31487 -3.33365 -1.31487 -3.33365 0.567815 0.390774 0.567815 -0.390774
1 1 0 18.6951 0.1 10.4531 -1.31466 -3.3334 -1.31466 -3.3334 0.568532 0.389861 0.568532 -0.389861
1 1 0 18.6902 0.1 10.4825 -1.31446 -3.33315 -1.31446 -3.33315 0.56925 0.388942 0.56925 -0.388942
1 1 0 18.6852 0.1 10.5122 -1.31425 -3.3329 -1.31425 -3.3329 0.56997 0.388019 0.56997 -0.388019
1 1 0 18.6802 0.1 10.5422 -1.31405 -3.33265 -1.31405 -3.33265 0.57069 0.387091 0.57069 -0.387091
1 1 0 18.6752 0.1 10.5725 -1.31384 -3.3324 -1.31384 -3.3324 0.571411 0.386158 0.571411 -0.386158
1 1 0 18.6702 0.1 10.603 -1.31364 -3.33216 -1.31364 -3.33216 0.572132 0.38522 0.572132 -0.38522
1 1 0 18.6652 0.1 10.6339 -1.31343 -3.33191 -1.31343 -3.33191 0.572855 0.384277 0.572855 -0.384277
1 1 0 18.6602 0.1 10.665 -1.31323 -3.33166 -1.31323 -3.33166 0.573579 0.383329 0.573579 -0.383329
1 1 0 18.6552 0.1 10.6964 -1.31302 -3.33142 -1.31302 -3.33142 0.574303 0.382376 0.574303 -0.382376
1 1 0 18.6502 0.1 10.7282 -1.31282 -3.33117 -1.31282 -3.33117 0.575029 0.381418 0.575029 -0.381418
1 1 0 18.6453 0.1 10.7603 -1.31261 -3.33093 -1.31261 -3.33093 0.575755 0.380455 0.575755 -0.380455
1 1 0 18.6403 0.1 10.7926 -1.3124 -3.33068 -1.3124 -3.33068 0.576482 0.379487 0.576482 -0.379487
1 1 0 18.6353 0.1 10.8253 -1.3122 -3.33044 -1.3122 -3.33044 0.577211 0.378513 0.577211 -0.378513
1 1 0 18.6303 0.1 10.8583 -1.31199 -3.33019 -1.31199 -3.33019 0.57794 0.377535 0.57794 -0.377535
1 1 0 18.6253 0.1 10.8917 -1.31178 -3.32995 -1.31178 -3.32995 0.57867 0.37655 0.57867 -0.37655
1 1 0 18.6203 0.1 10.9254 -1.31157 -3.3297 -1.31157 -3.3297 0.5794 0.375561 0.5794 -0.375561
1 1 0 18.6153 0.1 10.9594 -1.31137 -3.32946 -1.31137 -3.32946 0.580132 0.374566 0.580132 -0.374566
1 1 0 18.6103 0.1 10.9938 -1.31116 -3.32922 -1.31116 -3.32922 0.580865 0.373566 0.580865 -0.373566
1 1 0 18.6053 0.1 11.0285 -1.31095 -3.32897 -1.31095 -3.32897 0.581598 0.37256 0.581598 -0.37256
1 1 0 18.6003 0.1 11.0636 -1.31074 -3.32873 -1.31074 -3.32873 0.582333 0.371548 0.582333 -0.371548
1 1 0 18.5954 0.1 11.099 -1.31053 -3.32849 -1.31053 -3.32849 0.583068 0.370531 0.583068 -0.370531
1 1 0 18.5904 0.1 11.1348 -1.31032 -3.32825 -1.31032 -3.32825 0.583805 0.369508 0.583805 -0.369508
1 1 0 18.5854 0.1 11.171 -1.31011 -3.32801 -1.31011 -3.32801 0.584542 0.36848 0.584542 -0.36848
1 1 0 18.5804 0.1 11.2076 -1.3099 -3.32777 -1.3099 -3.32777 0.58528 0.367446 0.58528 -0.367446
1 1 0 18.5754 0.1 11.2446 -1.30969 -3.32753 -1.30969 -3.32753 0.586019 0.366405 0.586019 -0.366405
1 1 0 18.5704 0.1 11.2819 -1.30948 -3.32729 -1.30948 -3.32729 0.586759 0.365359 0.586759 -0.365359
1 1 0 18.5654 0.1 11.3197 -1.30927 -3.32705 -1.30927 -3.32705 0.5875 0.364308 0.5875 -0.364308
1 1 0 18.5604 0.1 11.3579 -1.30906 -3.32681 -1.30906 -3.32681 0.588241 0.36325 0.588241 -0.36325
1 1 0 18.5554 0.1 11.3965 -1.30885 -3.32657 -1.30885 -3.32657 0.588984 0.362186 0.588984 -0.362186
1 1 0 18.5504 0.1 11.4355 -1.30864 -3.32633 -1.30864 -3.32633 0.589727 0.361115 0.589727 -0.361115
1 1 0 18.5455 0.1 11.475 -1.30843 -3.32609 -1.30843 -3.32609 0.590472 0.360039 0.590472 -0.360039
1 1 0 18.5405 0.1 11.5149 -1.30822 -3.32585 -1.30822 -3.32585 0.591217 0.358956 0.591217 -0.358956
1 1 0 18.5355 0.1 11.5552 -1.30801 -3.32562 -1.30801 -3.32562 0.591964 0.357868 0.591964 -0.357868
1 1 0 18.5305 0.1 11.596 -1.30779 -3.32538 -1.30779 -3.32538 0.592711 0.356772 0.592711 -0.356772
1 1 0 18.5255 0.1 11.6373 -1.30758 -3.32514 -1.30758 -3.32514 0.593459 0.35567 0.593459 -0.35567
1 1 0 18.5205 0.1 11.6791 -1.30737 -3.32491 -1.30737 -3.32491 0.594208 0.354562 0.594208 -0.354562
1 1 0 18.5155 0.1 11.7213 -1.30716 -3.32467 -1.30716 -3.32467 0.594958 0.353447 0.594958 -0.353447
1 1 0 18.5105 0.1 11.764 -1.30694 -3.32443 -1.30694 -3.32443 0.595709 0.352326 0.595709 -0.352326
1 1 0 18.5055 0.1 11.8073 -1.30673 -3.3242 -1.30673 -3.3242 0.596461 0.351198 0.596461 -0.351198
1 1 0 18.5005 0.1 11.851 -1.30652 -3.32397 -1.30652 -3.32397 0.597213 0.350063 0.597213 -0.350063
1 1 0 18.4956 0.1 11.8953 -1.3063 -3.32373 -1.3063 -3.32373 0.597967 0.348921 0.597967 -0.348921
1 1 0 18.4906 0.1 11.9401 -1.30609 -3.3235 -1.30609 -3.3235 0.598721 0.347772 0.598721 -0.347772
1 1 0 18.4856 0.1 11.9854 -1.30587 -3.32326 -1.30587 -3.32326 0.599477 0.346616 0.599477 -0.346616
1 1 0 18.4806 0.1 12.0314 -1.30566 -3.32303 -1.30566 -3.32303 0.600233 0.345454 0.600233 -0.345454
1 1 0 18.4756 0.1 12.0778 -1.30544 -3.3228 -1.30544 -3.3228 0.600991 0.344283 0.600991 -0.344283
1 1 0 18.4706 0.1 12.1249 -1.30523 -3.32257 -1.30523 -3.32257 0.601749 0.343106 0.601749 -0.343106
1 1 0 18.4656 0.1 12.1725 -1.30501 -3.32234 -1.30501 -3.32234 0.602508 0.341922 0.602508 -0.341922
1 1 0 18.4606 0.1 12.2208 -1.30479 -3.3221 -1.30479 -3.3221 0.603268 0.34073 0.603268 -0.34073
1 1 0 18.4556 0.1 12.2696 -1.30458 -3.32187 -1.30458 -3.32187 0.604029 0.33953 0.604029 -0.33953
1 1 0 18.4506 0.1 12.3191 -1.30436 -3.32164 -1.30436 -3.32164 0.604791 0.338323 0.604791 -0.338323
1 1 0 18.4457 0.1 12.3693 -1.30414 -3.32141 -1.30414 -3.32141 0.605554 0.337108 0.605554 -0.337108
1 1 0 18.4407 0.1 12.42 -1.30393 -3.32118 -1.30393 -3.32118 0.606317 0.335886 0.606317 -0.335886
1 1 0 18.4357 0.1 12.4715 -1.30371 -3.32096 -1.30371 -3.32096 0.607082 0.334655 0.607082 -0.334655
1 1 0 18.4307 0.1 12.5236 -1.30349 -3.32073 -1.30349 -3.32073 0.607847 0.333417 0.607847 -0.333417
1 1 0 18.4257 0.1 12.5765 -1.30327 -3.3205 -1.30327 -3.3205 0.608614 0.33217 0.608614 -0.33217
1 1 0 18.4207 0.1 12.63 -1.30305 -3.32027 -1.30305 -3.32027 0.609381 0.330916 0.609381 -0.330916
1 1 0 18.4157 0.1 12.6843 -1.30283 -3.32004 -1.30283 -3.32004 0.61015 0.329653 0.61015 -0.329653
1 1 0 18.4107 0.1 12.7393 -1.30262 -3.31982 -1.30262 -3.31982 0.610919 0.328382 0.610919 -0.328382
1 1 0 18.4057 0.1 12.7951 -1.3024 -3.31959 -1.3024 -3.31959 0.611689 0.327102 0.611689 -0.327102
1 1 0 18.4007 0.1 12.8517 -1.30218 -3.31937 -1.30218 -3.31937 0.61246 0.325814 0.61246 -0.325814
1 1 0 18.3958 0.1 12.9091 -1.30196 -3.31914 -1.30196 -3.31914 0.613232 0.324517 0.613232 -0.324517
1 1 0 18.3908 0.1 12.9672 -1.30173 -3.31892 -1.30173 -3.31892 0.614005 0.323211 0.614005 -0.323211
1 1 0 18.3858 0.1 13.0263 -1.30151 -3.31869 -1.30151 -3.31869 0.614779 0.321897 0.614779 -0.321897
1 1 0 18.3808 0.1 13.0862 -1.30129 -3.31847 -1.30129 -3.31847 0.615554 0.320573 0.615554 -0.320573
1 1 0 18.3758 0.1 13.1469 -1.30107 -3.31825 -1.30107 -3.31825 0.61633 0.319241 0.61633 -0.319241
1 1 0 18.3708 0.1 13.2086 -1.30085 -3.31802 -1.30085 -3.31802 0.617106 0.317899 0.617106 -0.317899
1 1 0 18.3658 0.1 13.2712 -1.30063 -3.3178 -1.30063 -3.3178 0.617884 0.316547 0.617884 -0.316547
1 1 0 18.3608 0.1 13.3347 -1.3004 -3.31758 -1.3004 -3.31758 0.618663 0.315187 0.618663 -0.315187
1 1 0 18.3558 0.1 13.3992 -1.30018 -3.31736 -1.30018 -3.31736 0.619442 0.313816 0.619442 -0.313816
1 1 0 18.3508 0.1 13.4647 -1.29996 -3.31714 -1.29996 -3.31714 0.620222 0.312436 0.620222 -0.312436
1 1 0 18.3459 0.1 13.5312 -1.29973 -3.31692 -1.29973 -3.31692 0.621004 0.311046 0.621004 -0.311046
1 1 0 18.3409 0.1 13.5988 -1.29951 -3.3167 -1.29951 -3.3167 0.621786 0.309645 0.621786 -0.309645
1 1 0 18.3359 0.1 13.6674 -1.29928 -3.31648 -1.29928 -3.31648 0.622569 0.308235 0.622569 -0.308235
1 1 0 18.3309 0.1 13.7371 -1.29906 -3.31626 -1.29906 -3.31626 0.623353 0.306814 0.623353 -0.306814
1 1 0 18.3259 0.1 13.808 -1.29883 -3.31605 -1.29883 -3.31605 0.624139 0.305383 0.624139 -0.305383
1 1 0 18.3209 0.1 13.88 -1.29861 -3.31583 -1.29861 -3.31583 0.624925 0.303941 0.624925 -0.303941
1 1 0 18.3159 0.1 13.9532 -1.29838 -3.31561 -1.29838 -3.31561 0.625711 0.302488 0.625711 -0.302488
1 1 0 18.3109 0.1 14.0276 -1.29816 -3.3154 -1.29816 -3.3154 0.626499 0.301024 0.626499 -0.301024
1 1 0 18.3059 0.1 14.1033 -1.29793 -3.31518 -1.29793 -3.31518 0.627288 0.29955 0.627288 -0.29955
1 1 0 18.3009 0.1 14.1803 -1.2977 -3.31497 -1.2977 -3.31497 0.628078 0.298063 0.628078 -0.298063
1 1 0 18.296 0.1 14.2586 -1.29747 -3.31475 -1.29747 -3.31475 0.628869 0.296566 0.628869 -0.296566
1 1 0 18.291 0.1 14.3383 -1.29725 -3.31454 -1.29725 -3.31454 0.62966 0.295056 0.62966 -0.295056
1 1 0 18.286 0.1 14.4194 -1.29702 -3.31433 -1.29702 -3.31433 0.630453 0.293535 0.630453 -0.293535
1 1 0 18.281 0.1 14.5019 -1.29679 -3.31411 -1.29679 -3.31411 0.631246 0.292001 0.631246 -0.292001
1 1 0 18.276 0.1 14.586 -1.29656 -3.3139 -1.29656 -3.3139 0.632041 0.290456 0.632041 -0.290456
1 1 0 18.271 0.1 14.6716 -1.29633 -3.31369 -1.29633 -3.31369 0.632836 0.288897 0.632836 -0.288897
1 1 0 18.266 0.1 14.7587 -1.2961 -3.31348 -1.2961 -3.31348 0.633632 0.287327 0.633632 -0.287327
1 1 0 18.261 0.1 14.8475 -1.29587 -3.31327 -1.29587 -3.31327 0.63443 0.285743 0.63443 -0.285743
1 1 0 18.256 0.1 14.938 -1.29564 -3.31306 -1.29564 -3.31306 0.635228 0.284146 0.635228 -0.284146
1 1 0 18.251 0.1 15.0302 -1.29541 -3.31285 -1.29541 -3.31285 0.636027 0.282536 0.636027 -0.282536
1 1 0 18.2461 0.1 15.1243 -1.29518 -3.31265 -1.29518 -3.31265 0.636827 0.280912 0.636827 -0.280912
1 1 0 18.2411 0.1 15.2201 -1.29494 -3.31244 -1.29494 -3.31244 0.637628 0.279274 0.637628 -0.279274
1 1 0 18.2361 0.1 15.3179 -1.29471 -3.31223 -1.29471 -3.31223 0.63843 0.277622 0.63843 -0.277622
1 1 0 18.2311 0.1 15.4177 -1.29448 -3.31203 -1.29448 -3.31203 0.639233 0.275956 0.639233 -0.275956
1 1 0 18.2261 0.1 15.5195 -1.29424 -3.31182 -1.29424 -3.31182 0.640037 0.274275 0.640037 -0.274275
1 1 0 18.2211 0.1 15.6235 -1.29401 -3.31162 -1.29401 -3.31162 0.640842 0.272579 0.640842 -0.272579
1 1 0 18.2161 0.1 15.7296 -1.29378 -3.31141 -1.29378 -3.31141 0.641647 0.270868 0.641647 -0.270868
1 1 0 18.2111 0.1 15.838 -1.29354 -3.31121 -1.29354 -3.31121 0.642454 0.269141 0.642454 -0.269141
1 1 0 18.2061 0.1 15.9488 -1.29331 -3.31101 -1.29331 -3.31101 0.643262 0.267399 0.643262 -0.267399
1 1 0 18.2011 0.1 16.0619 -1.29307 -3.31081 -1.29307 -3.31081 0.64407 0.265641 0.64407 -0.265641
1 1 0 18.1961 0.1 16.1777 -1.29283 -3.31061 -1.29283 -3.31061 0.64488 0.263866 0.64488 -0.263866
1 1 0 18.1912 0.1 16.296 -1.2926 -3.31041 -1.2926 -3.31041 0.64569 0.262074 0.64569 -0.262074
1 1 0 18.1862 0.1 16.417 -1.29236 -3.31021 -1.29236 -3.31021 0.646502 0.260265 0.646502 -0.260265
1 1 0 18.1812 0.1 16.5409 -1.29212 -3.31001 -1.29212 -3.31001 0.647314 0.258438 0.647314 -0.258438
1 1 0 18.1762 0.1 16.6677 -1.29188 -3.30981 -1.29188 -3.30981 0.648128 0.256594 0.648128 -0.256594
1 1 0 18.1712 0.1 16.7976 -1.29164 -3.30961 -1.29164 -3.30961 0.648942 0.254731 0.648942 -0.254731
1 1 0 18.1662 0.1 16.9307 -1.2914 -3.30942 -1.2914 -3.30942 0.649757 0.252849 0.649757 -0.252849
1 1 0 18.1612 0.1 17.067 -1.29116 -3.30922 -1.29116 -3.30922 0.650573 0.250948 0.650573 -0.250948
1 1 0 18.1562 0.1 17.2068 -1.29092 -3.30903 -1.29092 -3.30903 0.65139 0.249028 0.65139 -0.249028
1 1 0 18.1512 0.1 17.3502 -1.29068 -3.30884 -1.29068 -3.30884 0.652208 0.247087 0.652208 -0.247087
1 1 0 18.1462 0.1 17.4973 -1.29044 -3.30864 -1.29044 -3.30864 0.653027 0.245126 0.653027 -0.245126
1 1 0 18.1413 0.1 17.6484 -1.2902 -3.30845 -1.2902 -3.30845 0.653847 0.243144 0.653847 -0.243144
1 1 0 18.1363 0.1 17.8035 -1.28996 -3.30826 -1.28996 -3.30826 0.654668 0.24114 0.654668 -0.24114
1 1 0 18.1313 0.1 17.9629 -1.28971 -3.30807 -1.28971 -3.30807 0.65549 0.239114 0.65549 -0.239114
1 1 0 18.1263 0.1 18.1268 -1.28947 -3.30788 -1.28947 -3.30788 0.656313 0.237065 0.656313 -0.237065
1 1 0 18.1213 0.1 18.2954 -1.28922 -3.30769 -1.28922 -3.30769 0.657137 0.234993 0.657137 -0.234993
1 1 0 18.1163 0.1 18.4689 -1.28898 -3.3075 -1.28898 -3.3075 0.657962 0.232897 0.657962 -0.232897
1 1 0 18.1113 0.1 18.6475 -1.28873 -3.30732 -1.28873 -3.30732 0.658787 0.230776 0.658787 -0.230776
1 1 0 18.1063 0.1 18.8315 -1.28849 -3.30713 -1.28849 -3.30713 0.659614 0.228629 0.659614 -0.228629
1 1 0 18.1013 0.1 19.0213 -1.28824 -3.30695 -1.28824 -3.30695 0.660442 0.226457 0.660442 -0.226457
1 1 0 18.0963 0.1 19.217 -1.28799 -3.30676 -1.28799 -3.30676 0.66127 0.224258 0.66127 -0.224258
1 1 0 18.0913 0.1 19.419 -1.28774 -3.30658 -1.28774 -3.30658 0.6621 0.222031 0.6621 -0.222031
1 1 0 18.0864 0.1 19.6277 -1.28749 -3.3064 -1.28749 -3.3064 0.66293 0.219775 0.66293 -0.219775
1 1 0 18.0814 0.1 19.8434 -1.28724 -3.30622 -1.28724 -3.30622 0.663762 0.21749 0.663762 -0.21749
1 1 0 18.0764 0.1 20.0665 -1.28699 -3.30604 -1.28699 -3.30604 0.664594 0.215175 0.664594 -0.215175
1 1 0 18.0714 0.1 20.2975 -1.28674 -3.30586 -1.28674 -3.30586 0.665428 0.212828 0.665428 -0.212828
1 1 0 18.0664 0.1 20.5368 -1.28649 -3.30568 -1.28649 -3.30568 0.666262 0.210449 0.666262 -0.210449
1 1 0 18.0614 0.1 20.785 -1.28624 -3.3055 -1.28624 -3.3055 0.667097 0.208036 0.667097 -0.208036
1 1 0 18.0564 0.1 21.0425 -1.28599 -3.30533 -1.28599 -3.30533 0.667934 0.205588 0.667934 -0.205588
1 1 0 18.0514 0.1 21.3101 -1.28573 -3.30515 -1.28573 -3.30515 0.668771 0.203104 0.668771 -0.203104
1 1 0 18.0464 0.1 21.5883 -1.28548 -3.30498 -1.28548 -3.30498 0.669609 0.200583 0.669609 -0.200583
1 1 0 18.0414 0.1 21.8778 -1.28522 -3.30481 -1.28522 -3.30481 0.670448 0.198023 0.670448 -0.198023
1 1 0 18.0365 0.1 22.1796 -1.28497 -3.30464 -1.28497 -3.30464 0.671288 0.195423 0.671288 -0.195423
1 1 0 18.0315 0.1 22.4944 -1.28471 -3.30447 -1.28471 -3.30447 0.672129 0.19278 0.672129 -0.19278
1 1 0 18.0265 0.1 22.8233 -1.28445 -3.3043 -1.28445 -3.3043 0.672971 0.190094 0.672971 -0.190094
1 1 0 18.0215 0.1 23.1672 -1.2842 -3.30413 -1.2842 -3.30413 0.673814 0.187362 0.673814 -0.187362
1 1 0 18.0165 0.1 23.5274 -1.28394 -3.30396 -1.28394 -3.30396 0.674658 0.184582 0.674658 -0.184582
1 1 0 18.0115 0.1 23.9052 -1.28368 -3.3038 -1.28368 -3.3038 0.675503 0.181753 0.675503 -0.181753
1 1 0 18.0065 0.1 24.3021 -1.28342 -3.30363 -1.28342 -3.30363 0.676349 0.17887 0.676349 -0.17887
1 1 0 18.0015 0.1 24.7197 -1.28315 -3.30347 -1.28315 -3.30347 0.677196 0.175933 0.677196 -0.175933
1 1 0 17.9965 0.1 25.1598 -1.28289 -3.30331 -1.28289 -3.30331 0.678044 0.172939 0.678044 -0.172939
1 1 0 17.9915 0.1 25.6247 -1.28263 -3.30315 -1.28263 -3.30315 0.678893 0.169883 0.678893 -0.169883
1 1 0 17.9865 0.1 26.1167 -1.28236 -3.30299 -1.28236 -3.30299 0.679743 0.166763 0.679743 -0.166763
1 1 0 17.9816 0.1 26.6385 -1.2821 -3.30283 -1.2821 -3.30283 0.680593 0.163575 0.680593 -0.163575
1 1 0 17.9766 0.1 27.1932 -1.28183 -3.30268 -1.28183 -3.30268 0.681445 0.160316 0.681445 -0.160316
1 1 0 17.9716 0.1 27.7845 -1.28157 -3.30252 -1.28157 -3.30252 0.682298 0.15698 0.682298 -0.15698
1 1 0 17.9666 0.1 28.4166 -1.2813 -3.30237 -1.2813 -3.30237 0.683152 0.153562 0.683152 -0.153562
1 1 0 17.9616 0.1 29.0943 -1.28103 -3.30222 -1.28103 -3.30222 0.684006 0.150057 0.684006 -0.150057
1 1 0 17.9566 0.1 29.8235 -1.28076 -3.30207 -1.28076 -3.30207 0.684862 0.14646 0.684862 -0.14646
1 1 0 17.9516 0.1 30.6108 -1.28049 -3.30192 -1.28049 -3.30192 0.685718 0.142761 0.685718 -0.142761
1 1 0 17.9466 0.1 31.4646 -1.28022 -3.30177 -1.28022 -3.30177 0.686576 0.138955 0.686576 -0.138955
1 1 0 17.9416 0.1 32.3947 -1.27994 -3.30163 -1.27994 -3.30163 0.687434 0.13503 0.687434 -0.13503
1 1 0 17.9366 0.1 33.4132 -1.27967 -3.30149 -1.27967 -3.30149 0.688294 0.130978 0.688294 -0.130978
1 1 0 17.9317 0.1 34.5349 -1.27939 -3.30134 -1.27939 -3.30134 0.689154 0.126785 0.689154 -0.126785
1 1 0 17.9267 0.1 35.7786 -1.27912 -3.3012 -1.27912 -3.3012 0.690016 0.122437 0.690016 -0.122437
1 1 0 17.9217 0.1 37.1681 -1.27884 -3.30107 -1.27884 -3.30107 0.690878 0.117917 0.690878 -0.117917
1 1 0 17.9167 0.1 38.7342 -1.27856 -3.30093 -1.27856 -3.30093 0.691742 0.113204 0.691742 -0.113204
1 1 0 17.9117 0.1 40.5178 -1.27828 -3.30079 -1.27828 -3.30079 0.692606 0.108273 0.692606 -0.108273
1 1 0 17.9067 0.1 42.5743 -1.278 -3.30066 -1.278 -3.30066 0.693471 0.103093 0.693471 -0.103093
1 1 0 17.9017 0.1 44.9812 -1.27772 -3.30053 -1.27772 -3.30053 0.694338 0.0976242 0.694338 -0.0976242
1 1 0 17.8967 0.1 47.8506 -1.27743 -3.3004 -1.27743 -3.3004 0.695205 0.0918146 0.695205 -0.0918146
1 1 0 17.8917 0.1 51.3524 -1.27715 -3.30027 -1.27715 -3.30027 0.696073 0.0855951 0.696073 -0.0855951
1 1 0 17.8867 0.1 55.7591 -1.27686 -3.30015 -1.27686 -3.30015 0.696942 0.0788686 0.696942 -0.0788686
1 1 0 17.8817 0.1 61.5421 -1.27657 -3.30003 -1.27657 -3.30003 0.697813 0.0714923 0.697813 -0.0714923
1 1 0 17.8768 0.1 69.6077 -1.27628 -3.29991 -1.27628 -3.29991 0.698684 0.063239 0.698684 -0.063239
1 1 0 17.8718 0.1 82.0033 -1.27599 -3.29979 -1.27599 -3.29979 0.699556 0.0537059 0.699556 -0.0537059
1 1 0 17.8668 0.1 104.832 -1.2757 -3.29967 -1.2757 -3.29967 0.700429 0.0420311 0.700429 -0.0420311
1 1 0 17.8618 0.1 173.441 -1.27541 -3.29956 -1.27541 -3.29956 0.701303 0.025417 0.701303 -0.025417
1 1 0 17.8568 0.1 173.441 -1.27511 -3.29945 -1.27511 -3.29945 0.724029 0 0.680328 0
1 1 0 17.8518 0.1 173.441 -1.27482 -3.29934 -1.27482 -3.29934 0.743102 0 0.663007 0
1 1 0 17.8468 0.1 173.441 -1.27452 -3.29923 -1.27452 -3.29923 0.75621 0 0.651653 0
1 1 0 17.8418 0.1 173.441 -1.27422 -3.29913 -1.27422 -3.29913 0.76698 0 0.642638 0
1 1 0 17.8368 0.1 173.441 -1.27391 -3.29903 -1.27391 -3.29903 0.776401 0 0.634976 0
1 1 0 17.8318 0.1 173.441 -1.27361 -3.29893 -1.27361 -3.29893 0.784915 0 0.628221 0
1 1 0 17.8269 0.1 173.441 -1.2733 -3.29884 -1.2733 -3.29884 0.792767 0 0.622131 0
1 1 0 17.8219 0.1 173.441 -1.273 -3.29874 -1.273 -3.29874 0.800108 0 0.616555 0
1 1 0 17.8169 0.1 173.441 -1.27269 -3.29865 -1.27269 -3.29865 0.807039 0 0.611389 0
1 1 0 17.8119 0.1 173.441 -1.27237 -3.29857 -1.27237 -3.29857 0.813632 0 0.606564 0
1 1 0 17.8069 0.1 173.441 -1.27206 -3.29849 -1.27206 -3.29849 0.819941 0 0.602025 0
1 1 0 17.8019 0.1 173.441 -1.27174 -3.29841 -1.27174 -3.29841 0.826006 0 0.597731 0
1 1 0 17.7969 0.1 173.441 -1.27142 -3.29833 -1.27142 -3.29833 0.83186 0 0.593651 0
1 1 0 17.7919 0.1 173.441 -1.2711 -3.29826 -1.2711 -3.29826 0.837527 0 0.589759 0
1 1 0 17.7869 0.1 173.441 -1.27078 -3.29819 -1.27078 -3.29819 0.843029 0 0.586034 0
1 1 0 17.782 0.1 173.441 -1.27045 -3.29813 -1.27045 -3.29813 0.848384 0 0.582459 0
1 1 0 17.777 0.1 173.441 -1.27012 -3.29807 -1.27012 -3.29807 0.853605 0 0.57902 0
1 1 0 17.772 0.1 173.441 -1.26979 -3.29801 -1.26979 -3.29801 0.858704 0 0.575703 0
1 1 0 17.767 0.1 173.441 -1.26946 -3.29796 -1.26946 -3.29796 0.863694 0 0.572499 0
1 1 0 17.762 0.1 173.441 -1.26912 -3.29791 -1.26912 -3.29791 0.868582 0 0.569398 0
1 1 0 17.757 0.1 173.441 -1.26878 -3.29787 -1.26878 -3.29787 0.873377 0 0.566392 0
1 1 0 17.752 0.1 173.441 -1.26844 -3.29783 -1.26844 -3.29783 0.878085 0 0.563475 0
1 1 0 17.747 0.1 173.441 -1.26809 -3.2978 -1.26809 -3.2978 0.882714 0 0.560639 0
1 1 0 17.7421 0.1 173.441 -1.26774 -3.29778 -1.26774 -3.29778 0.887268 0 0.55788 0
1 1 0 17.7371 0.1 173.441 -1.26738 -3.29776 -1.26738 -3.29776 0.891752 0 0.555192 0
1 1 0 17.7321 0.1 173.441 -1.26702 -3.29774 -1.26702 -3.29774 0.896171 0 0.552572 0
1 1 0 17.7271 0.1 173.441 -1.26666 -3.29774 -1.26666 -3.29774 0.900529 0 0.550015 0
1 1 0 17.7221 0.1 173.441 -1.26629 -3.29774 -1.26629 -3.29774 0.904829 0 0.547517 0
1 1 0 17.7171 0.1 173.441 -1.26592 -3.29774 -1.26592 -3.29774 0.909075 0 0.545075 0
1 1 0 17.7121 0.1 173.441 -1.26554 -3.29776 -1.26554 -3.29776 0.913269 0 0.542687 0
1 1 0 17.7071 0.1 173.441 -1.26515 -3.29778 -1.26515 -3.29778 0.917415 0 0.540349 0
1 1 0 17.7022 0.1 173.441 -1.26477 -3.29781 -1.26477 -3.29781 0.921514 0 0.538059 0
1 1 0 17.6972 0.1 173.441 -1.26437 -3.29785 -1.26437 -3.29785 0.92557 0 0.535815 0
1 1 0 17.6922 0.1 173.441 -1.26397 -3.2979 -1.26397 -3.2979 0.929584 0 0.533615 0
1 1 0 17.6872 0.1 173.441 -1.26356 -3.29797 -1.26356 -3.29797 0.933557 0 0.531456 0
1 1 0 17.6822 0.1 173.441 -1.26314 -3.29804 -1.26314 -3.29804 0.937493 0 0.529337 0
1 1 0 17.6772 0.1 173.441 -1.26271 -3.29813 -1.26271 -3.29813 0.941392 0 0.527256 0
1 1 0 17.6723 0.1 173.441 -1.26228 -3.29823 -1.26228 -3.29823 0.945257 0 0.525212 0
1 1 0 17.6673 0.1 173.441 -1.26183 -3.29835 -1.26183 -3.29835 0.949087 0 0.523203 0
1 1 0 17.6623 0.1 173.441 -1.26138 -3.29848 -1.26138 -3.29848 0.952885 0 0.521228 0
1 1 0 17.6573 0.1 173.441 -1.26091 -3.29863 -1.26091 -3.29863 0.956652 0 0.519285 0
1 1 0 17.6524 0.1 173.441 -1.26042 -3.29881 -1.26042 -3.29881 0.960389 0 0.517374 0
1 1 0 17.6474 0.1 173.441 -1.25992 -3.299 -1.25992 -3.299 0.964096 0 0.515493 0
1 1 0 17.6424 0.1 173.441 -1.25941 -3.29923 -1.25941 -3.29923 0.967775 0 0.513642 0
1 1 0 17.6375 0.1 173.441 -1.25887 -3.29949 -1.25887 -3.29949 0.971425 0 0.51182 0
1 1 0 17.6325 0.1 173.441 -1.2583 -3.29979 -1.2583 -3.29979 0.975047 0 0.510027 0
1 1 0 17.6275 0.1 173.441 -1.2577 -3.30014 -1.2577 -3.30014 0.97864 0 0.508261 0
1 1 0 17.6226 0.1 173.441 -1.25707 -3.30054 -1.25707 -3.30054 0.982205 0 0.506523 0
1 1 0 17.6177 0.1 173.441 -1.25638 -3.30103 -1.25638 -3.30103 0.985737 0 0.504813 0
1 1 0 17.6128 0.1 173.441 -1.25562 -3.30161 -1.25562 -3.30161 0.989234 0 0.503134 0
1 1 0 17.6079 0.1 173.441 -1.25476 -3.30236 -1.25476 -3.30236 0.992683 0 0.501489 0
1 1 0 17.6031 0.1 173.441 -1.25372 -3.30339 -1.25372 -3.30339 0.996051 0 0.499895 0
1 1 0 17.5987 0.1 173.441 -1.25223 -3.30513 -1.25223 -3.30513 0.999167 0 0.49843 0
1 1 0 17.5978 0.1 173.441 -1.25167 -3.30586 -1.25167 -3.30586 0.999755 0 0.498155 0
1 1 0 17.5977 0.1 173.441 -1.25151 -3.30608 -1.25151 -3.30608 0.99986 0 0.498106 0
1 1 0 17.5976 0.1 173.441 -1.25134 -3.30632 -1.25134 -3.30632 0.99994 0 0.498068 0
1 1 0 17.5975 0.1 173.441 -1.25117 -3.30657 -1.25117 -3.30657 0.999988 0 0.498046 0
1 1 0 17.5975 0.1 173.441 -1.25112 -3.30664 -1.25112 -3.30664 0.999994 0 0.498043 0
1 1 0 17.5975 0.1 173.441 -1.25111 -3.30665 -1.25111 -3.30665 0.999995 0 0.498042 0
1 1 0 17.5975 0.1 173.441 -1.2511 -3.30667 -1.2511 -3.30667 0.999996 0 0.498042 0
1 1 0 17.5975 0.1 173.441 -1.2511 -3.30668 -1.2511 -3.30668 0.999997 0 0.498042 0
1 1 0 17.5975 0.1 173.441 -1.25109 -3.30668 -1.25109 -3.30668 0.999997 0 0.498042 0
1 1 0 17.5975 0.1 173.441 -1.25109 -3.30668 -1.25109 -3.30668 0.999997 0 0.498042 0
1 1 0 17.5975 0.1 173.441 -1.25109 -3.30668 -1.25109 -3.30668 0.999997 0 0.498042 0
1 1 0 17.5975 0.1 173.441 -1.25109 -3.30668 -1.25109 -3.30668 0.999997 0 0.498042 0
1 1 0 17.5975 0.1 173.441 -1.25109 -3.30668 -1.25109 -3.30668 0.999997 0 0.498042 0
1 1 0 17.5975 0.1 173.441 -1.25109 -3.30668 -1.25109 -3.30668 0.999997 0 0.498042 0
1 1 0 17.5975 0.1 173.441 -1.25109 -3.30668 -1.25109 -3.30668 0.999997 0 0.498041 0
1 1 0 17.5975 0.1 173.441 -1.25109 -3.30669 -1.25109 -3.30669 0.999997 0 0.498041 0
1 1 0 17.5975 0.1 173.441 -1.25109 -3.30669 -1.25109 -3.30669 0.999997 0 0.498041 0
1 1 0 17.5975 0.1 173.441 -1.25109 -3.30669 -1.25109 -3.30669 0.999998 0 0.498041 0
1 1 0 17.5975 0.1 173.441 -1.25109 -3.30669 -1.25109 -3.30669 0.999998 0 0.498041 0
1 1 0 17.5975 0.1 173.441 -1.25109 -3.30669 -1.25109 -3.30669 0.999998 0 0.498041 0
1 1 0 17.5975 0.1 173.441 -1.25109 -3.30669 -1.25109 -3.30669 0.999998 0 0.498041 0
1 1 0 17.5975 0.1 173.441 -1.25109 -3.30669 -1.25109 -3.30669 0.999998 0 0.498041 0
1 1 0 17.5975 0.1 173.441 -1.25109 -3.30669 -1.25109 -3.30669 0.999998 0 0.498041 0
1 1 0 17.5975 0.1 173.441 -1.25109 -3.30669 -1.25109 -3.30669 0.999998 0 0.498041 0
1 1 0 17.5975 0.1 173.441 -1.25109 -3.30669 -1.25109 -3.30669 0.999998 0 0.498041 0
1 1 0 17.5975 0.1 173.441 -1.25109 -3.30669 -1.25109 -3.30669 0.999998 0 0.498041 0
1 1 0 17.5975 0.1 173.441 -1.25109 -3.30669 -1.25109 -3.30669 0.999998 0 0.498041 0
1 1 0 17.5975 0.1 173.441 -1.25109 -3.30669 -1.25109 -3.30669 0.999998 0 0.498041 0
1 1 0 17.5975 0.1 173.441 -1.25109 -3.30669 -1.25109 -3.30669 0.999998 0 0.498041 0
1 1 0 17.5975 0.1 173.441 -1.25109 -3.30669 -1.25109 -3.30669 0.999998 0 0.498041 0
1 1 0 17.5975 0.1 173.441 -1.25109 -3.30669 -1.25109 -3.30669 0.999998 0 0.498041 0
1 1 0 17.5975 0.1 173.441 -1.25109 -3.30669 -1.25109 -3.30669 0.999998 0 0.498041 0
1 1 0 17.5975 0.1 173.441 -1.25109 -3.30669 -1.25109 -3.30669 0.999998 0 0.498041 0
1 1 0 17.5975 0.1 173.441 -1.25109 -3.30669 -1.25109 -3.30669 0.999998 0 0.498041 0
1 1 0 17.5975 0.1 173.441 -1.25109 -3.30669 -1.25109 -3.30669 0.999998 0 0.498041 0
1 1 0 17.5975 0.1 173.441 -1.25109 -3.30669 -1.25109 -3.30669 0.999998 0 0.498041 0
1 1 0 17.5975 0.1 173.441 -1.25109 -3.30669 -1.25109 -3.30669 0.999998 0 0.498041 0
1 1 0 17.5975 0.1 173.441 -1.25109 -3.30669 -1.25109 -3.30669 0.999998 0 0.498041 0
1 1 0 17.5975 0.1 173.441 -1.25109 -3.30669 -1.25109 -3.30669 0.999998 0 0.498041 0
1 1 0 17.5975 0.1 173.441 -1.25109 -3.30669 -1.25109 -3.30669 0.999998 0 0.498041 0
