2 1 0 8.01 0.110584 0 -0.974166 -5.34197 -0.974166 -5.34197 -0.043842 0.704249 -0.043842 -0.704249 
1 1 0 8.01 0.110584 2.73143 -0.974166 -5.34197 -0.974166 -5.34197 -0.442761 0.49522 -0.442761 -0.49522 
1 1 0 8.01 0.110584 2.73143 -0.974166 -5.34197 -0.974166 -5.34197 -0.442762 0.495219 -0.442762 -0.495219 
1 1 0 8.01 0.110584 2.73143 -0.974166 -5.34197 -0.974166 -5.34197 -0.442762 0.495219 -0.442762 -0.495219 
1 1 0 8.01 0.110584 2.73143 -0.974166 -5.34196 -0.974166 -5.34196 -0.442762 0.495219 -0.442762 -0.495219 
1 1 0 8.00999 0.110584 2.73143 -0.974165 -5.34196 -0.974165 -5.34196 -0.442762 0.495219 -0.442762 -0.495219 
1 1 0 8.00998 0.110584 2.73143 -0.974165 -5.34196 -0.974165 -5.34196 -0.442763 0.495219 -0.442763 -0.495219 
1 1 0 8.00997 0.110584 2.73143 -0.974164 -5.34195 -0.974164 -5.34195 -0.442764 0.495218 -0.442764 -0.495218 
1 1 0 8.00993 0.110584 2.73142 -0.974161 -5.34193 -0.974161 -5.34193 -0.442767 0.495217 -0.442767 -0.495217 
1 1 0 8.00988 0.110584 2.73141 -0.974158 -5.34191 -0.974158 -5.34191 -0.442772 0.495216 -0.442772 -0.495216 
1 1 0 8.0098 0.110584 2.7314 -0.974153 -5.34187 -0.974153 -5.34187 -0.442779 0.495213 -0.442779 -0.495213 
1 1 0 8.00969 0.110584 2.73138 -0.974146 -5.34181 -0.974146 -5.34181 -0.442789 0.49521 -0.442789 -0.49521 
1 1 0 8.00951 0.110584 2.73136 -0.974135 -5.34172 -0.974135 -5.34172 -0.442805 0.495204 -0.442805 -0.495204 
1 1 0 8.00925 0.110584 2.73132 -0.974118 -5.34159 -0.974118 -5.34159 -0.442828 0.495196 -0.442828 -0.495196 
1 1 0 8.00886 0.110584 2.73126 -0.974093 -5.3414 -0.974093 -5.3414 -0.442863 0.495185 -0.442863 -0.495185 
1 1 0 8.00828 0.110584 2.73116 -0.974056 -5.3411 -0.974056 -5.3411 -0.442915 0.495167 -0.442915 -0.495167 
1 1 0 8.0074 0.110584 2.73103 -0.974 -5.34066 -0.974 -5.34066 -0.442993 0.495141 -0.442993 -0.495141 
1 1 0 8.00608 0.110584 2.73083 -0.973916 -5.34 -0.973916 -5.34 -0.44311 0.495102 -0.44311 -0.495102 
1 1 0 8.00411 0.110584 2.73053 -0.97379 -5.33901 -0.97379 -5.33901 -0.443283 0.495045 -0.443283 -0.495045 
1 1 0 8.00114 0.110584 2.73009 -0.9736 -5.33752 -0.9736 -5.33752 -0.443539 0.494962 -0.443539 -0.494962 
1 1 0 7.9967 0.110584 2.72945 -0.973316 -5.33529 -0.973316 -5.33529 -0.443917 0.494844 -0.443917 -0.494844 
1 1 0 7.99223 0.110584 2.72883 -0.973031 -5.33306 -0.973031 -5.33306 -0.444287 0.494733 -0.444287 -0.494733 
1 1 0 7.98777 0.110584 2.72822 -0.972746 -5.33082 -0.972746 -5.33082 -0.444648 0.49463 -0.444648 -0.49463 
1 1 0 7.98331 0.110584 2.72765 -0.97246 -5.32858 -0.97246 -5.32858 -0.445 0.494535 -0.445 -0.494535 
1 1 0 7.97884 0.110584 2.72709 -0.972174 -5.32635 -0.972174 -5.32635 -0.445343 0.494448 -0.445343 -0.494448 
1 1 0 7.97438 0.110584 2.72655 -0.971888 -5.32411 -0.971888 -5.32411 -0.445677 0.494368 -0.445677 -0.494368 
1 1 0 7.96992 0.110584 2.72604 -0.971602 -5.32187 -0.971602 -5.32187 -0.446003 0.494297 -0.446003 -0.494297 
1 1 0 7.96546 0.110584 2.72554 -0.971316 -5.31964 -0.971316 -5.31964 -0.44632 0.494233 -0.44632 -0.494233 
1 1 0 7.96099 0.110584 2.72507 -0.971029 -5.3174 -0.971029 -5.3174 -0.446627 0.494177 -0.446627 -0.494177 
1 1 0 7.95653 0.110584 2.72462 -0.970743 -5.31517 -0.970743 -5.31517 -0.446926 0.494129 -0.446926 -0.494129 
1 1 0 7.95207 0.110584 2.72419 -0.970456 -5.31293 -0.970456 -5.31293 -0.447216 0.494089 -0.447216 -0.494089 
1 1 0 7.9476 0.110584 2.72378 -0.970169 -5.3107 -0.970169 -5.3107 -0.447498 0.494057 -0.447498 -0.494057 
1 1 0 7.94314 0.110584 2.7234 -0.969882 -5.30846 -0.969882 -5.30846 -0.44777 0.494033 -0.44777 -0.494033 
1 1 0 7.93868 0.110584 2.72303 -0.969594 -5.30623 -0.969594 -5.30623 -0.448033 0.494017 -0.448033 -0.494017 
1 1 0 7.93421 0.110584 2.72269 -0.969307 -5.30399 -0.969307 -5.30399 -0.448288 0.494008 -0.448288 -0.494008 
1 1 0 7.92975 0.110584 2.72237 -0.969019 -5.30176 -0.969019 -5.30176 -0.448533 0.494008 -0.448533 -0.494008 
1 1 0 7.92528 0.110584 2.72207 -0.968731 -5.29953 -0.968731 -5.29953 -0.44877 0.494016 -0.44877 -0.494016 
1 1 0 7.92082 0.110584 2.72179 -0.968443 -5.29729 -0.968443 -5.29729 -0.448998 0.494033 -0.448998 -0.494033 
1 1 0 7.91636 0.110584 2.72153 -0.968154 -5.29506 -0.968154 -5.29506 -0.449217 0.494057 -0.449217 -0.494057 
1 1 0 7.91189 0.110584 2.7213 -0.967866 -5.29282 -0.967866 -5.29282 -0.449426 0.494089 -0.449426 -0.494089 
1 1 0 7.90743 0.110584 2.72108 -0.967577 -5.29059 -0.967577 -5.29059 -0.449627 0.494129 -0.449627 -0.494129 
1 1 0 7.90296 0.110584 2.72089 -0.967288 -5.28836 -0.967288 -5.28836 -0.449819 0.494178 -0.449819 -0.494178 
1 1 0 7.8985 0.110584 2.72072 -0.966999 -5.28613 -0.966999 -5.28613 -0.450002 0.494235 -0.450002 -0.494235 
1 1 0 7.89403 0.110584 2.72057 -0.96671 -5.28389 -0.96671 -5.28389 -0.450177 0.494299 -0.450177 -0.494299 
1 1 0 7.88957 0.110584 2.72044 -0.966421 -5.28166 -0.966421 -5.28166 -0.450342 0.494372 -0.450342 -0.494372 
1 1 0 7.8851 0.110584 2.72033 -0.966131 -5.27943 -0.966131 -5.27943 -0.450498 0.494454 -0.450498 -0.494454 
1 1 0 7.88064 0.110584 2.72025 -0.965841 -5.2772 -0.965841 -5.2772 -0.450645 0.494543 -0.450645 -0.494543 
1 1 0 7.87618 0.110584 2.72018 -0.965551 -5.27497 -0.965551 -5.27497 -0.450783 0.494641 -0.450783 -0.494641 
1 1 0 7.87171 0.110584 2.72014 -0.965261 -5.27273 -0.965261 -5.27273 -0.450913 0.494747 -0.450913 -0.494747 
1 1 0 7.86725 0.110584 2.72012 -0.964971 -5.2705 -0.964971 -5.2705 -0.451033 0.494861 -0.451033 -0.494861 
1 1 0 7.86278 0.110584 2.72012 -0.96468 -5.26827 -0.96468 -5.26827 -0.451144 0.494983 -0.451144 -0.494983 
1 1 0 7.85831 0.110584 2.72014 -0.96439 -5.26604 -0.96439 -5.26604 -0.451246 0.495113 -0.451246 -0.495113 
1 1 0 7.85385 0.110584 2.72019 -0.964099 -5.26381 -0.964099 -5.26381 -0.45134 0.495252 -0.45134 -0.495252 
1 1 0 7.84938 0.110584 2.72025 -0.963808 -5.26158 -0.963808 -5.26158 -0.451424 0.495399 -0.451424 -0.495399 
1 1 0 7.84492 0.110584 2.72034 -0.963517 -5.25935 -0.963517 -5.25935 -0.451499 0.495555 -0.451499 -0.495555 
1 1 0 7.84045 0.110584 2.72044 -0.963225 -5.25712 -0.963225 -5.25712 -0.451565 0.495718 -0.451565 -0.495718 
1 1 0 7.83599 0.110584 2.72057 -0.962934 -5.25489 -0.962934 -5.25489 -0.451622 0.49589 -0.451622 -0.49589 
1 1 0 7.83152 0.110584 2.72072 -0.962642 -5.25266 -0.962642 -5.25266 -0.45167 0.49607 -0.45167 -0.49607 
1 1 0 7.82706 0.110584 2.7209 -0.96235 -5.25043 -0.96235 -5.25043 -0.451709 0.496258 -0.451709 -0.496258 
1 1 0 7.82259 0.110584 2.72109 -0.962058 -5.2482 -0.962058 -5.2482 -0.451739 0.496455 -0.451739 -0.496455 
1 1 0 7.81812 0.110584 2.7213 -0.961765 -5.24597 -0.961765 -5.24597 -0.45176 0.49666 -0.45176 -0.49666 
1 1 0 7.81366 0.110584 2.72154 -0.961473 -5.24374 -0.961473 -5.24374 -0.451772 0.496873 -0.451772 -0.496873 
1 1 0 7.80919 0.110584 2.7218 -0.96118 -5.24151 -0.96118 -5.24151 -0.451774 0.497094 -0.451774 -0.497094 
1 1 0 7.80472 0.110584 2.72208 -0.960887 -5.23928 -0.960887 -5.23928 -0.451768 0.497324 -0.451768 -0.497324 
1 1 0 7.80026 0.110584 2.72238 -0.960594 -5.23706 -0.960594 -5.23706 -0.451752 0.497562 -0.451752 -0.497562 
1 1 0 7.79579 0.110584 2.7227 -0.960301 -5.23483 -0.960301 -5.23483 -0.451728 0.497808 -0.451728 -0.497808 
1 1 0 7.79133 0.110584 2.72304 -0.960007 -5.2326 -0.960007 -5.2326 -0.451694 0.498062 -0.451694 -0.498062 
1 1 0 7.78686 0.110584 2.72341 -0.959714 -5.23037 -0.959714 -5.23037 -0.451651 0.498325 -0.451651 -0.498325 
1 1 0 7.78239 0.110584 2.7238 -0.95942 -5.22814 -0.95942 -5.22814 -0.451599 0.498595 -0.451599 -0.498595 
1 1 0 7.77793 0.110584 2.7242 -0.959126 -5.22592 -0.959126 -5.22592 -0.451538 0.498874 -0.451538 -0.498874 
1 1 0 7.77346 0.110584 2.72463 -0.958832 -5.22369 -0.958832 -5.22369 -0.451468 0.499161 -0.451468 -0.499161 
1 1 0 7.76899 0.110584 2.72509 -0.958537 -5.22146 -0.958537 -5.22146 -0.451388 0.499457 -0.451388 -0.499457 
1 1 0 7.76452 0.110584 2.72556 -0.958243 -5.21924 -0.958243 -5.21924 -0.451299 0.49976 -0.451299 -0.49976 
1 1 0 7.76006 0.110584 2.72605 -0.957948 -5.21701 -0.957948 -5.21701 -0.451201 0.500072 -0.451201 -0.500072 
1 1 0 7.75559 0.110584 2.72657 -0.957653 -5.21478 -0.957653 -5.21478 -0.451094 0.500392 -0.451094 -0.500392 
1 1 0 7.75112 0.110584 2.72711 -0.957358 -5.21256 -0.957358 -5.21256 -0.450978 0.50072 -0.450978 -0.50072 
1 1 0 7.74666 0.110584 2.72766 -0.957063 -5.21033 -0.957063 -5.21033 -0.450853 0.501056 -0.450853 -0.501056 
1 1 0 7.74219 0.110584 2.72824 -0.956767 -5.2081 -0.956767 -5.2081 -0.450718 0.5014 -0.450718 -0.5014 
1 1 0 7.73772 0.110584 2.72885 -0.956471 -5.20588 -0.956471 -5.20588 -0.450574 0.501753 -0.450574 -0.501753 
1 1 0 7.73325 0.110584 2.72947 -0.956175 -5.20365 -0.956175 -5.20365 -0.450421 0.502113 -0.450421 -0.502113 
1 1 0 7.72879 0.110584 2.73012 -0.955879 -5.20143 -0.955879 -5.20143 -0.450258 0.502482 -0.450258 -0.502482 
1 1 0 7.72432 0.110584 2.73078 -0.955583 -5.1992 -0.955583 -5.1992 -0.450087 0.502858 -0.450087 -0.502858 
1 1 0 7.71985 0.110584 2.73147 -0.955287 -5.19698 -0.955287 -5.19698 -0.449906 0.503243 -0.449906 -0.503243 
1 1 0 7.71538 0.110584 2.73218 -0.95499 -5.19475 -0.95499 -5.19475 -0.449716 0.503635 -0.449716 -0.503635 
1 1 0 7.71091 0.110584 2.73291 -0.954693 -5.19253 -0.954693 -5.19253 -0.449516 0.504036 -0.449516 -0.504036 
1 1 0 7.70645 0.110584 2.73366 -0.954396 -5.1903 -0.954396 -5.1903 -0.449307 0.504444 -0.449307 -0.504444 
1 1 0 7.70198 0.110584 2.73444 -0.954099 -5.18808 -0.954099 -5.18808 -0.449089 0.504861 -0.449089 -0.504861 
1 1 0 7.69751 0.110584 2.73524 -0.953802 -5.18585 -0.953802 -5.18585 -0.448862 0.505285 -0.448862 -0.505285 
1 1 0 7.69304 0.110584 2.73605 -0.953504 -5.18363 -0.953504 -5.18363 -0.448625 0.505718 -0.448625 -0.505718 
1 1 0 7.68857 0.110584 2.73689 -0.953206 -5.18141 -0.953206 -5.18141 -0.448379 0.506158 -0.448379 -0.506158 
1 1 0 7.68411 0.110584 2.73775 -0.952909 -5.17918 -0.952909 -5.17918 -0.448123 0.506606 -0.448123 -0.506606 
1 1 0 7.67964 0.110584 2.73864 -0.95261 -5.17696 -0.95261 -5.17696 -0.447858 0.507062 -0.447858 -0.507062 
1 1 0 7.67517 0.110584 2.73954 -0.952312 -5.17473 -0.952312 -5.17473 -0.447584 0.507526 -0.447584 -0.507526 
1 1 0 7.6707 0.110584 2.74047 -0.952014 -5.17251 -0.952014 -5.17251 -0.447301 0.507997 -0.447301 -0.507997 
1 1 0 7.66623 0.110584 2.74141 -0.951715 -5.17029 -0.951715 -5.17029 -0.447008 0.508476 -0.447008 -0.508476 
1 1 0 7.66176 0.110584 2.74238 -0.951416 -5.16807 -0.951416 -5.16807 -0.446705 0.508963 -0.446705 -0.508963 
1 1 0 7.65729 0.110584 2.74337 -0.951117 -5.16584 -0.951117 -5.16584 -0.446393 0.509458 -0.446393 -0.509458 
1 1 0 7.65283 0.110584 2.74439 -0.950818 -5.16362 -0.950818 -5.16362 -0.446072 0.50996 -0.446072 -0.50996 
1 1 0 7.64836 0.110584 2.74542 -0.950518 -5.1614 -0.950518 -5.1614 -0.445741 0.51047 -0.445741 -0.51047 
1 1 0 7.64389 0.110584 2.74648 -0.950219 -5.15917 -0.950219 -5.15917 -0.445401 0.510988 -0.445401 -0.510988 
1 1 0 7.63942 0.110584 2.74756 -0.949919 -5.15695 -0.949919 -5.15695 -0.445052 0.511513 -0.445052 -0.511513 
1 1 0 7.63495 0.110584 2.74866 -0.949619 -5.15473 -0.949619 -5.15473 -0.444693 0.512045 -0.444693 -0.512045 
1 1 0 7.63048 0.110584 2.74978 -0.949319 -5.15251 -0.949319 -5.15251 -0.444324 0.512585 -0.444324 -0.512585 
1 1 0 7.62601 0.110584 2.75092 -0.949018 -5.15029 -0.949018 -5.15029 -0.443946 0.513133 -0.443946 -0.513133 
1 1 0 7.62154 0.110584 2.75209 -0.948718 -5.14807 -0.948718 -5.14807 -0.443558 0.513688 -0.443558 -0.513688 
1 1 0 7.61707 0.110584 2.75327 -0.948417 -5.14584 -0.948417 -5.14584 -0.443161 0.514251 -0.443161 -0.514251 
1 1 0 7.6126 0.110584 2.75448 -0.948116 -5.14362 -0.948116 -5.14362 -0.442755 0.51482 -0.442755 -0.51482 
1 1 0 7.60813 0.110584 2.75571 -0.947815 -5.1414 -0.947815 -5.1414 -0.442339 0.515397 -0.442339 -0.515397 
1 1 0 7.60366 0.110584 2.75696 -0.947513 -5.13918 -0.947513 -5.13918 -0.441913 0.515982 -0.441913 -0.515982 
1 1 0 7.59919 0.110584 2.75824 -0.947212 -5.13696 -0.947212 -5.13696 -0.441478 0.516573 -0.441478 -0.516573 
1 1 0 7.59473 0.110584 2.75953 -0.94691 -5.13474 -0.94691 -5.13474 -0.441033 0.517172 -0.441033 -0.517172 
1 1 0 7.59026 0.110584 2.76085 -0.946608 -5.13252 -0.946608 -5.13252 -0.440578 0.517778 -0.440578 -0.517778 
1 1 0 7.58579 0.110584 2.76219 -0.946306 -5.1303 -0.946306 -5.1303 -0.440114 0.518391 -0.440114 -0.518391 
1 1 0 7.58132 0.110584 2.76355 -0.946004 -5.12808 -0.946004 -5.12808 -0.43964 0.519011 -0.43964 -0.519011 
1 1 0 7.57685 0.110584 2.76494 -0.945701 -5.12586 -0.945701 -5.12586 -0.439157 0.519639 -0.439157 -0.519639 
1 1 0 7.57238 0.110584 2.76634 -0.945399 -5.12364 -0.945399 -5.12364 -0.438664 0.520273 -0.438664 -0.520273 
1 1 0 7.56791 0.110584 2.76777 -0.945096 -5.12142 -0.945096 -5.12142 -0.438161 0.520914 -0.438161 -0.520914 
1 1 0 7.56344 0.110584 2.76922 -0.944793 -5.1192 -0.944793 -5.1192 -0.437649 0.521562 -0.437649 -0.521562 
1 1 0 7.55897 0.110584 2.77069 -0.944489 -5.11698 -0.944489 -5.11698 -0.437127 0.522217 -0.437127 -0.522217 
1 1 0 7.5545 0.110584 2.77219 -0.944186 -5.11476 -0.944186 -5.11476 -0.436595 0.522879 -0.436595 -0.522879 
1 1 0 7.55003 0.110584 2.7737 -0.943882 -5.11254 -0.943882 -5.11254 -0.436054 0.523548 -0.436054 -0.523548 
1 1 0 7.54556 0.110584 2.77524 -0.943578 -5.11032 -0.943578 -5.11032 -0.435503 0.524223 -0.435503 -0.524223 
1 1 0 7.54108 0.110584 2.7768 -0.943274 -5.1081 -0.943274 -5.1081 -0.434942 0.524906 -0.434942 -0.524906 
1 1 0 7.53661 0.110584 2.77839 -0.94297 -5.10588 -0.94297 -5.10588 -0.434371 0.525594 -0.434371 -0.525594 
1 1 0 7.53214 0.110584 2.77999 -0.942666 -5.10367 -0.942666 -5.10367 -0.433791 0.52629 -0.433791 -0.52629 
1 1 0 7.52767 0.110584 2.78162 -0.942361 -5.10145 -0.942361 -5.10145 -0.433201 0.526992 -0.433201 -0.526992 
1 1 0 7.5232 0.110584 2.78327 -0.942056 -5.09923 -0.942056 -5.09923 -0.432601 0.5277 -0.432601 -0.5277 
1 1 0 7.51873 0.110584 2.78494 -0.941751 -5.09701 -0.941751 -5.09701 -0.431991 0.528415 -0.431991 -0.528415 
1 1 0 7.51426 0.110584 2.78663 -0.941446 -5.09479 -0.941446 -5.09479 -0.431371 0.529137 -0.431371 -0.529137 
1 1 0 7.50979 0.110584 2.78835 -0.941141 -5.09257 -0.941141 -5.09257 -0.430742 0.529864 -0.430742 -0.529864 
1 1 0 7.50532 0.110584 2.79009 -0.940835 -5.09036 -0.940835 -5.09036 -0.430103 0.530598 -0.430103 -0.530598 
1 1 0 7.50085 0.110584 2.79185 -0.940529 -5.08814 -0.940529 -5.08814 -0.429453 0.531338 -0.429453 -0.531338 
1 1 0 7.49638 0.110584 2.79363 -0.940223 -5.08592 -0.940223 -5.08592 -0.428794 0.532085 -0.428794 -0.532085 
1 1 0 7.49191 0.110584 2.79544 -0.939917 -5.0837 -0.939917 -5.0837 -0.428125 0.532838 -0.428125 -0.532838 
1 1 0 7.48744 0.110584 2.79727 -0.939611 -5.08149 -0.939611 -5.08149 -0.427447 0.533597 -0.427447 -0.533597 
1 1 0 7.48297 0.110584 2.79912 -0.939304 -5.07927 -0.939304 -5.07927 -0.426758 0.534361 -0.426758 -0.534361 
1 1 0 7.47849 0.110584 2.80099 -0.938997 -5.07705 -0.938997 -5.07705 -0.426059 0.535132 -0.426059 -0.535132 
1 1 0 7.47402 0.110584 2.80289 -0.93869 -5.07484 -0.93869 -5.07484 -0.425351 0.535909 -0.425351 -0.535909 
1 1 0 7.46955 0.110584 2.80481 -0.938383 -5.07262 -0.938383 -5.07262 -0.424632 0.536692 -0.424632 -0.536692 
1 1 0 7.46508 0.110584 2.80675 -0.938076 -5.0704 -0.938076 -5.0704 -0.423903 0.53748 -0.423903 -0.53748 
1 1 0 7.46061 0.110584 2.80871 -0.937768 -5.06819 -0.937768 -5.06819 -0.423165 0.538275 -0.423165 -0.538275 
1 1 0 7.45614 0.110584 2.8107 -0.937461 -5.06597 -0.937461 -5.06597 -0.422416 0.539075 -0.422416 -0.539075 
1 1 0 7.45167 0.110584 2.81271 -0.937153 -5.06375 -0.937153 -5.06375 -0.421658 0.539881 -0.421658 -0.539881 
1 1 0 7.44719 0.110584 2.81474 -0.936844 -5.06154 -0.936844 -5.06154 -0.420889 0.540692 -0.420889 -0.540692 
1 1 0 7.44272 0.110584 2.8168 -0.936536 -5.05932 -0.936536 -5.05932 -0.42011 0.541509 -0.42011 -0.541509 
1 1 0 7.43825 0.110584 2.81887 -0.936228 -5.05711 -0.936228 -5.05711 -0.419322 0.542332 -0.419322 -0.542332 
1 1 0 7.43378 0.110584 2.82097 -0.935919 -5.05489 -0.935919 -5.05489 -0.418523 0.54316 -0.418523 -0.54316 
1 1 0 7.42931 0.110584 2.8231 -0.93561 -5.05267 -0.93561 -5.05267 -0.417714 0.543993 -0.417714 -0.543993 
1 1 0 7.42484 0.110584 2.82525 -0.935301 -5.05046 -0.935301 -5.05046 -0.416895 0.544832 -0.416895 -0.544832 
1 1 0 7.42037 0.110584 2.82742 -0.934991 -5.04824 -0.934991 -5.04824 -0.416065 0.545676 -0.416065 -0.545676 
1 1 0 7.41589 0.110584 2.82961 -0.934682 -5.04603 -0.934682 -5.04603 -0.415226 0.546525 -0.415226 -0.546525 
1 1 0 7.41142 0.110584 2.83183 -0.934372 -5.04381 -0.934372 -5.04381 -0.414377 0.547379 -0.414377 -0.547379 
1 1 0 7.40695 0.110584 2.83407 -0.934062 -5.0416 -0.934062 -5.0416 -0.413517 0.548239 -0.413517 -0.548239 
1 1 0 7.40248 0.110584 2.83633 -0.933752 -5.03938 -0.933752 -5.03938 -0.412647 0.549103 -0.412647 -0.549103 
1 1 0 7.39801 0.110584 2.83862 -0.933442 -5.03717 -0.933442 -5.03717 -0.411767 0.549973 -0.411767 -0.549973 
1 1 0 7.39353 0.110584 2.84093 -0.933131 -5.03495 -0.933131 -5.03495 -0.410876 0.550847 -0.410876 -0.550847 
1 1 0 7.38906 0.110584 2.84326 -0.93282 -5.03274 -0.93282 -5.03274 -0.409976 0.551727 -0.409976 -0.551727 
1 1 0 7.38459 0.110584 2.84562 -0.93251 -5.03052 -0.93251 -5.03052 -0.409065 0.552611 -0.409065 -0.552611 
1 1 0 7.38012 0.110584 2.848 -0.932198 -5.02831 -0.932198 -5.02831 -0.408144 0.5535 -0.408144 -0.5535 
1 1 0 7.37565 0.110584 2.8504 -0.931887 -5.0261 -0.931887 -5.0261 -0.407212 0.554394 -0.407212 -0.554394 
1 1 0 7.37117 0.110584 2.85283 -0.931575 -5.02388 -0.931575 -5.02388 -0.406271 0.555292 -0.406271 -0.555292 
1 1 0 7.3667 0.110584 2.85528 -0.931264 -5.02167 -0.931264 -5.02167 -0.405319 0.556194 -0.405319 -0.556194 
1 1 0 7.36223 0.110584 2.85776 -0.930952 -5.01945 -0.930952 -5.01945 -0.404356 0.557102 -0.404356 -0.557102 
1 1 0 7.35776 0.110584 2.86026 -0.93064 -5.01724 -0.93064 -5.01724 -0.403383 0.558013 -0.403383 -0.558013 
1 1 0 7.35328 0.110584 2.86278 -0.930327 -5.01503 -0.930327 -5.01503 -0.4024 0.558929 -0.4024 -0.558929 
1 1 0 7.34881 0.110584 2.86533 -0.930015 -5.01281 -0.930015 -5.01281 -0.401407 0.55985 -0.401407 -0.55985 
1 1 0 7.34434 0.110584 2.8679 -0.929702 -5.0106 -0.929702 -5.0106 -0.400403 0.560774 -0.400403 -0.560774 
1 1 0 7.33987 0.110584 2.87049 -0.929389 -5.00838 -0.929389 -5.00838 -0.399388 0.561703 -0.399388 -0.561703 
1 1 0 7.33539 0.110584 2.87311 -0.929076 -5.00617 -0.929076 -5.00617 -0.398363 0.562636 -0.398363 -0.562636 
1 1 0 7.33092 0.110584 2.87576 -0.928763 -5.00396 -0.928763 -5.00396 -0.397328 0.563573 -0.397328 -0.563573 
1 1 0 7.32645 0.110584 2.87842 -0.928449 -5.00174 -0.928449 -5.00174 -0.396282 0.564514 -0.396282 -0.564514 
1 1 0 7.32198 0.110584 2.88112 -0.928135 -4.99953 -0.928135 -4.99953 -0.395226 0.565459 -0.395226 -0.565459 
1 1 0 7.3175 0.110584 2.88384 -0.927821 -4.99732 -0.927821 -4.99732 -0.394159 0.566408 -0.394159 -0.566408 
1 1 0 7.31303 0.110584 2.88658 -0.927507 -4.99511 -0.927507 -4.99511 -0.393081 0.56736 -0.393081 -0.56736 
1 1 0 7.30856 0.110584 2.88934 -0.927193 -4.99289 -0.927193 -4.99289 -0.391993 0.568316 -0.391993 -0.568316 
1 1 0 7.30409 0.110584 2.89213 -0.926878 -4.99068 -0.926878 -4.99068 -0.390895 0.569276 -0.390895 -0.569276 
1 1 0 7.29961 0.110584 2.89495 -0.926563 -4.98847 -0.926563 -4.98847 -0.389786 0.57024 -0.389786 -0.57024 
1 1 0 7.29514 0.110584 2.89779 -0.926248 -4.98626 -0.926248 -4.98626 -0.388666 0.571207 -0.388666 -0.571207 
1 1 0 7.29067 0.110584 2.90066 -0.925933 -4.98404 -0.925933 -4.98404 -0.387536 0.572177 -0.387536 -0.572177 
1 1 0 7.2862 0.110584 2.90355 -0.925618 -4.98183 -0.925618 -4.98183 -0.386395 0.573151 -0.386395 -0.573151 
1 1 0 7.28172 0.110584 2.90647 -0.925302 -4.97962 -0.925302 -4.97962 -0.385243 0.574128 -0.385243 -0.574128 
1 1 0 7.27725 0.110584 2.90941 -0.924986 -4.97741 -0.924986 -4.97741 -0.38408 0.575108 -0.38408 -0.575108 
1 1 0 7.27278 0.110584 2.91237 -0.92467 -4.97519 -0.92467 -4.97519 -0.382907 0.576092 -0.382907 -0.576092 
1 1 0 7.2683 0.110584 2.91537 -0.924354 -4.97298 -0.924354 -4.97298 -0.381723 0.577079 -0.381723 -0.577079 
1 1 0 7.26383 0.110584 2.91838 -0.924038 -4.97077 -0.924038 -4.97077 -0.380529 0.578068 -0.380529 -0.578068 
1 1 0 7.25936 0.110584 2.92143 -0.923721 -4.96856 -0.923721 -4.96856 -0.379323 0.579061 -0.379323 -0.579061 
1 1 0 7.25488 0.110584 2.9245 -0.923404 -4.96635 -0.923404 -4.96635 -0.378107 0.580057 -0.378107 -0.580057 
1 1 0 7.25041 0.110584 2.92759 -0.923087 -4.96414 -0.923087 -4.96414 -0.37688 0.581055 -0.37688 -0.581055 
1 1 0 7.24594 0.110584 2.93071 -0.92277 -4.96192 -0.92277 -4.96192 -0.375642 0.582056 -0.375642 -0.582056 
1 1 0 7.24147 0.110584 2.93386 -0.922452 -4.95971 -0.922452 -4.95971 -0.374394 0.58306 -0.374394 -0.58306 
1 1 0 7.23699 0.110584 2.93703 -0.922134 -4.9575 -0.922134 -4.9575 -0.373134 0.584067 -0.373134 -0.584067 
1 1 0 7.23252 0.110584 2.94023 -0.921817 -4.95529 -0.921817 -4.95529 -0.371863 0.585076 -0.371863 -0.585076 
1 1 0 7.22805 0.110584 2.94346 -0.921498 -4.95308 -0.921498 -4.95308 -0.370582 0.586087 -0.370582 -0.586087 
1 1 0 7.22357 0.110584 2.94671 -0.92118 -4.95087 -0.92118 -4.95087 -0.36929 0.587101 -0.36929 -0.587101 
1 1 0 7.2191 0.110584 2.94999 -0.920862 -4.94866 -0.920862 -4.94866 -0.367987 0.588117 -0.367987 -0.588117 
1 1 0 7.21463 0.110584 2.9533 -0.920543 -4.94645 -0.920543 -4.94645 -0.366673 0.589136 -0.366673 -0.589136 
1 1 0 7.21015 0.110584 2.95663 -0.920224 -4.94424 -0.920224 -4.94424 -0.365347 0.590157 -0.365347 -0.590157 
1 1 0 7.20568 0.110584 2.95999 -0.919905 -4.94202 -0.919905 -4.94202 -0.364011 0.591179 -0.364011 -0.591179 
1 1 0 7.20121 0.110584 2.96337 -0.919585 -4.93981 -0.919585 -4.93981 -0.362664 0.592204 -0.362664 -0.592204 
1 1 0 7.19673 0.110584 2.96679 -0.919266 -4.9376 -0.919266 -4.9376 -0.361306 0.593231 -0.361306 -0.593231 
1 1 0 7.19226 0.110584 2.97023 -0.918946 -4.93539 -0.918946 -4.93539 -0.359936 0.59426 -0.359936 -0.59426 
1 1 0 7.18779 0.110584 2.9737 -0.918626 -4.93318 -0.918626 -4.93318 -0.358556 0.595291 -0.358556 -0.595291 
1 1 0 7.18331 0.110584 2.97719 -0.918306 -4.93097 -0.918306 -4.93097 -0.357164 0.596323 -0.357164 -0.596323 
1 1 0 7.17884 0.110584 2.98072 -0.917985 -4.92876 -0.917985 -4.92876 -0.355761 0.597357 -0.355761 -0.597357 
1 1 0 7.17437 0.110584 2.98427 -0.917665 -4.92655 -0.917665 -4.92655 -0.354347 0.598393 -0.354347 -0.598393 
1 1 0 7.16989 0.110584 2.98785 -0.917344 -4.92434 -0.917344 -4.92434 -0.352922 0.59943 -0.352922 -0.59943 
1 1 0 7.16542 0.110584 2.99146 -0.917023 -4.92213 -0.917023 -4.92213 -0.351486 0.600469 -0.351486 -0.600469 
1 1 0 7.16095 0.110584 2.99509 -0.916701 -4.91992 -0.916701 -4.91992 -0.350039 0.601509 -0.350039 -0.601509 
1 1 0 7.15647 0.110584 2.99876 -0.91638 -4.91771 -0.91638 -4.91771 -0.34858 0.60255 -0.34858 -0.60255 
1 1 0 7.152 0.110584 3.00245 -0.916058 -4.9155 -0.916058 -4.9155 -0.34711 0.603593 -0.34711 -0.603593 
1 1 0 7.14752 0.110584 3.00617 -0.915736 -4.91329 -0.915736 -4.91329 -0.345628 0.604636 -0.345628 -0.604636 
1 1 0 7.14305 0.110584 3.00992 -0.915414 -4.91108 -0.915414 -4.91108 -0.344136 0.605681 -0.344136 -0.605681 
1 1 0 7.13858 0.110584 3.0137 -0.915092 -4.90887 -0.915092 -4.90887 -0.342632 0.606727 -0.342632 -0.606727 
1 1 0 7.1341 0.110584 3.01751 -0.914769 -4.90666 -0.914769 -4.90666 -0.341116 0.607773 -0.341116 -0.607773 
1 1 0 7.12963 0.110584 3.02135 -0.914446 -4.90445 -0.914446 -4.90445 -0.33959 0.608821 -0.33959 -0.608821 
1 1 0 7.12516 0.110584 3.02522 -0.914123 -4.90224 -0.914123 -4.90224 -0.338051 0.60987 -0.338051 -0.60987 
1 1 0 7.12068 0.110584 3.02912 -0.9138 -4.90003 -0.9138 -4.90003 -0.336502 0.610919 -0.336502 -0.610919 
1 1 0 7.11621 0.110584 3.03304 -0.913477 -4.89782 -0.913477 -4.89782 -0.334941 0.611968 -0.334941 -0.611968 
1 1 0 7.11174 0.110584 3.037 -0.913153 -4.89561 -0.913153 -4.89561 -0.333368 0.613019 -0.333368 -0.613019 
1 1 0 7.10726 0.110584 3.04099 -0.912829 -4.89341 -0.912829 -4.89341 -0.331784 0.614069 -0.331784 -0.614069 
1 1 0 7.10279 0.110584 3.04501 -0.912505 -4.8912 -0.912505 -4.8912 -0.330188 0.61512 -0.330188 -0.61512 
1 1 0 7.09831 0.110584 3.04906 -0.912181 -4.88899 -0.912181 -4.88899 -0.328581 0.616172 -0.328581 -0.616172 
1 1 0 7.09384 0.110584 3.05314 -0.911856 -4.88678 -0.911856 -4.88678 -0.326962 0.617223 -0.326962 -0.617223 
1 1 0 7.08937 0.110584 3.05725 -0.911531 -4.88457 -0.911531 -4.88457 -0.325332 0.618275 -0.325332 -0.618275 
1 1 0 7.08489 0.110584 3.06139 -0.911206 -4.88236 -0.911206 -4.88236 -0.32369 0.619327 -0.32369 -0.619327 
1 1 0 7.08042 0.110584 3.06556 -0.910881 -4.88015 -0.910881 -4.88015 -0.322036 0.620379 -0.322036 -0.620379 
1 1 0 7.07595 0.110584 3.06977 -0.910556 -4.87794 -0.910556 -4.87794 -0.320371 0.621431 -0.320371 -0.621431 
1 1 0 7.07147 0.110584 3.074 -0.91023 -4.87573 -0.91023 -4.87573 -0.318694 0.622482 -0.318694 -0.622482 
1 1 0 7.067 0.110584 3.07827 -0.909904 -4.87352 -0.909904 -4.87352 -0.317005 0.623533 -0.317005 -0.623533 
1 1 0 7.06252 0.110584 3.08257 -0.909578 -4.87132 -0.909578 -4.87132 -0.315304 0.624585 -0.315304 -0.624585 
1 1 0 7.05805 0.110584 3.0869 -0.909252 -4.86911 -0.909252 -4.86911 -0.313592 0.625635 -0.313592 -0.625635 
1 1 0 7.05358 0.110584 3.09127 -0.908925 -4.8669 -0.908925 -4.8669 -0.311868 0.626685 -0.311868 -0.626685 
1 1 0 7.0491 0.110584 3.09567 -0.908599 -4.86469 -0.908599 -4.86469 -0.310132 0.627735 -0.310132 -0.627735 
1 1 0 7.04463 0.110584 3.1001 -0.908272 -4.86248 -0.908272 -4.86248 -0.308384 0.628784 -0.308384 -0.628784 
1 1 0 7.04015 0.110584 3.10456 -0.907944 -4.86027 -0.907944 -4.86027 -0.306624 0.629832 -0.306624 -0.629832 
1 1 0 7.03568 0.110584 3.10906 -0.907617 -4.85806 -0.907617 -4.85806 -0.304853 0.630879 -0.304853 -0.630879 
1 1 0 7.03121 0.110584 3.11359 -0.907289 -4.85585 -0.907289 -4.85585 -0.303069 0.631926 -0.303069 -0.631926 
1 1 0 7.02673 0.110584 3.11815 -0.906961 -4.85365 -0.906961 -4.85365 -0.301273 0.632971 -0.301273 -0.632971 
1 1 0 7.02226 0.110584 3.12275 -0.906633 -4.85144 -0.906633 -4.85144 -0.299466 0.634015 -0.299466 -0.634015 
1 1 0 7.01779 0.110584 3.12739 -0.906305 -4.84923 -0.906305 -4.84923 -0.297646 0.635059 -0.297646 -0.635059 
1 1 0 7.01331 0.110584 3.13206 -0.905977 -4.84702 -0.905977 -4.84702 -0.295814 0.6361 -0.295814 -0.6361 
1 1 0 7.00884 0.110584 3.13676 -0.905648 -4.84481 -0.905648 -4.84481 -0.29397 0.637141 -0.29397 -0.637141 
1 1 0 7.00436 0.110584 3.1415 -0.905319 -4.84261 -0.905319 -4.84261 -0.292114 0.638181 -0.292114 -0.638181 
1 1 0 6.99989 0.110584 3.14627 -0.90499 -4.8404 -0.90499 -4.8404 -0.290246 0.639218 -0.290246 -0.639218 
1 1 0 6.99542 0.110584 3.15108 -0.90466 -4.83819 -0.90466 -4.83819 -0.288366 0.640254 -0.288366 -0.640254 
1 1 0 6.99094 0.110584 3.15593 -0.90433 -4.83598 -0.90433 -4.83598 -0.286474 0.641289 -0.286474 -0.641289 
1 1 0 6.98647 0.110584 3.16081 -0.904 -4.83377 -0.904 -4.83377 -0.284569 0.642321 -0.284569 -0.642321 
1 1 0 6.98199 0.110584 3.16573 -0.90367 -4.83156 -0.90367 -4.83156 -0.282652 0.643352 -0.282652 -0.643352 
1 1 0 6.97752 0.110584 3.17068 -0.90334 -4.82936 -0.90334 -4.82936 -0.280723 0.644381 -0.280723 -0.644381 
1 1 0 6.97305 0.110584 3.17568 -0.903009 -4.82715 -0.903009 -4.82715 -0.278781 0.645408 -0.278781 -0.645408 
1 1 0 6.96857 0.110584 3.18071 -0.902679 -4.82494 -0.902679 -4.82494 -0.276827 0.646433 -0.276827 -0.646433 
1 1 0 6.9641 0.110584 3.18577 -0.902347 -4.82273 -0.902347 -4.82273 -0.274861 0.647456 -0.274861 -0.647456 
1 1 0 6.95963 0.110584 3.19088 -0.902016 -4.82052 -0.902016 -4.82052 -0.272882 0.648476 -0.272882 -0.648476 
1 1 0 6.95515 0.110584 3.19602 -0.901685 -4.81832 -0.901685 -4.81832 -0.270891 0.649494 -0.270891 -0.649494 
1 1 0 6.95068 0.110584 3.2012 -0.901353 -4.81611 -0.901353 -4.81611 -0.268887 0.65051 -0.268887 -0.65051 
1 1 0 6.9462 0.110584 3.20643 -0.901021 -4.8139 -0.901021 -4.8139 -0.266871 0.651523 -0.266871 -0.651523 
1 1 0 6.94173 0.110584 3.21169 -0.900689 -4.81169 -0.900689 -4.81169 -0.264842 0.652533 -0.264842 -0.652533 
1 1 0 6.93726 0.110584 3.21699 -0.900356 -4.80949 -0.900356 -4.80949 -0.262801 0.653541 -0.262801 -0.653541 
1 1 0 6.93278 0.110584 3.22233 -0.900024 -4.80728 -0.900024 -4.80728 -0.260747 0.654545 -0.260747 -0.654545 
1 1 0 6.92831 0.110584 3.22771 -0.899691 -4.80507 -0.899691 -4.80507 -0.25868 0.655547 -0.25868 -0.655547 
1 1 0 6.92383 0.110584 3.23313 -0.899358 -4.80286 -0.899358 -4.80286 -0.256601 0.656546 -0.256601 -0.656546 
1 1 0 6.91936 0.110584 3.23859 -0.899024 -4.80066 -0.899024 -4.80066 -0.254509 0.657542 -0.254509 -0.657542 
1 1 0 6.91489 0.110584 3.24409 -0.898691 -4.79845 -0.898691 -4.79845 -0.252404 0.658534 -0.252404 -0.658534 
1 1 0 6.91041 0.110584 3.24964 -0.898357 -4.79624 -0.898357 -4.79624 -0.250287 0.659523 -0.250287 -0.659523 
1 1 0 6.90594 0.110584 3.25522 -0.898023 -4.79403 -0.898023 -4.79403 -0.248157 0.660509 -0.248157 -0.660509 
1 1 0 6.90147 0.110584 3.26085 -0.897688 -4.79182 -0.897688 -4.79182 -0.246014 0.661492 -0.246014 -0.661492 
1 1 0 6.89699 0.110584 3.26653 -0.897354 -4.78962 -0.897354 -4.78962 -0.243857 0.662471 -0.243857 -0.662471 
1 1 0 6.89252 0.110584 3.27224 -0.897019 -4.78741 -0.897019 -4.78741 -0.241689 0.663446 -0.241689 -0.663446 
1 1 0 6.88804 0.110584 3.278 -0.896684 -4.7852 -0.896684 -4.7852 -0.239507 0.664417 -0.239507 -0.664417 
1 1 0 6.88357 0.110584 3.2838 -0.896349 -4.78299 -0.896349 -4.78299 -0.237312 0.665384 -0.237312 -0.665384 
1 1 0 6.8791 0.110584 3.28965 -0.896013 -4.78079 -0.896013 -4.78079 -0.235104 0.666348 -0.235104 -0.666348 
1 1 0 6.87462 0.110584 3.29554 -0.895677 -4.77858 -0.895677 -4.77858 -0.232883 0.667308 -0.232883 -0.667308 
1 1 0 6.87015 0.110584 3.30148 -0.895341 -4.77637 -0.895341 -4.77637 -0.230649 0.668263 -0.230649 -0.668263 
1 1 0 6.86568 0.110584 3.30747 -0.895005 -4.77417 -0.895005 -4.77417 -0.228401 0.669214 -0.228401 -0.669214 
1 1 0 6.8612 0.110584 3.3135 -0.894669 -4.77196 -0.894669 -4.77196 -0.226141 0.67016 -0.226141 -0.67016 
1 1 0 6.85673 0.110584 3.31957 -0.894332 -4.76975 -0.894332 -4.76975 -0.223867 0.671102 -0.223867 -0.671102 
1 1 0 6.85225 0.110584 3.32569 -0.893995 -4.76754 -0.893995 -4.76754 -0.22158 0.67204 -0.22158 -0.67204 
1 1 0 6.84778 0.110584 3.33187 -0.893658 -4.76534 -0.893658 -4.76534 -0.21928 0.672973 -0.21928 -0.672973 
1 1 0 6.84331 0.110584 3.33809 -0.89332 -4.76313 -0.89332 -4.76313 -0.216966 0.673901 -0.216966 -0.673901 
1 1 0 6.83883 0.110584 3.34435 -0.892983 -4.76092 -0.892983 -4.76092 -0.214639 0.674824 -0.214639 -0.674824 
1 1 0 6.83436 0.110584 3.35067 -0.892645 -4.75871 -0.892645 -4.75871 -0.212299 0.675742 -0.212299 -0.675742 
1 1 0 6.82989 0.110584 3.35703 -0.892306 -4.75651 -0.892306 -4.75651 -0.209945 0.676656 -0.209945 -0.676656 
1 1 0 6.82541 0.110584 3.36345 -0.891968 -4.7543 -0.891968 -4.7543 -0.207578 0.677564 -0.207578 -0.677564 
1 1 0 6.82094 0.110584 3.36992 -0.891629 -4.75209 -0.891629 -4.75209 -0.205197 0.678466 -0.205197 -0.678466 
1 1 0 6.81646 0.110584 3.37644 -0.89129 -4.74988 -0.89129 -4.74988 -0.202802 0.679363 -0.202802 -0.679363 
1 1 0 6.81199 0.110584 3.383 -0.890951 -4.74768 -0.890951 -4.74768 -0.200394 0.680255 -0.200394 -0.680255 
1 1 0 6.80752 0.110584 3.38963 -0.890612 -4.74547 -0.890612 -4.74547 -0.197973 0.681141 -0.197973 -0.681141 
1 1 0 6.80304 0.110584 3.3963 -0.890272 -4.74326 -0.890272 -4.74326 -0.195537 0.682021 -0.195537 -0.682021 
1 1 0 6.79857 0.110584 3.40303 -0.889932 -4.74105 -0.889932 -4.74105 -0.193088 0.682896 -0.193088 -0.682896 
1 1 0 6.7941 0.110584 3.40981 -0.889592 -4.73885 -0.889592 -4.73885 -0.190624 0.683764 -0.190624 -0.683764 
1 1 0 6.78962 0.110584 3.41664 -0.889252 -4.73664 -0.889252 -4.73664 -0.188147 0.684626 -0.188147 -0.684626 
1 1 0 6.78515 0.110584 3.42354 -0.888911 -4.73443 -0.888911 -4.73443 -0.185657 0.685482 -0.185657 -0.685482 
1 1 0 6.78068 0.110584 3.43048 -0.88857 -4.73223 -0.88857 -4.73223 -0.183152 0.686332 -0.183152 -0.686332 
1 1 0 6.7762 0.110584 3.43748 -0.888229 -4.73002 -0.888229 -4.73002 -0.180633 0.687176 -0.180633 -0.687176 
1 1 0 6.77173 0.110584 3.44454 -0.887888 -4.72781 -0.887888 -4.72781 -0.1781 0.688012 -0.1781 -0.688012 
1 1 0 6.76726 0.110584 3.45166 -0.887546 -4.7256 -0.887546 -4.7256 -0.175553 0.688842 -0.175553 -0.688842 
1 1 0 6.76278 0.110584 3.45884 -0.887204 -4.7234 -0.887204 -4.7234 -0.172992 0.689666 -0.172992 -0.689666 
1 1 0 6.75831 0.110584 3.46607 -0.886862 -4.72119 -0.886862 -4.72119 -0.170416 0.690482 -0.170416 -0.690482 
1 1 0 6.75384 0.110584 3.47337 -0.886519 -4.71898 -0.886519 -4.71898 -0.167827 0.691292 -0.167827 -0.691292 
1 1 0 6.74936 0.110584 3.48072 -0.886177 -4.71677 -0.886177 -4.71677 -0.165223 0.692094 -0.165223 -0.692094 
1 1 0 6.74489 0.110584 3.48814 -0.885834 -4.71457 -0.885834 -4.71457 -0.162605 0.692889 -0.162605 -0.692889 
1 1 0 6.74042 0.110584 3.49561 -0.88549 -4.71236 -0.88549 -4.71236 -0.159972 0.693677 -0.159972 -0.693677 
1 1 0 6.73594 0.110584 3.50315 -0.885147 -4.71015 -0.885147 -4.71015 -0.157325 0.694457 -0.157325 -0.694457 
1 1 0 6.73147 0.110584 3.51076 -0.884803 -4.70794 -0.884803 -4.70794 -0.154663 0.695229 -0.154663 -0.695229 
1 1 0 6.727 0.110584 3.51842 -0.884459 -4.70574 -0.884459 -4.70574 -0.151987 0.695993 -0.151987 -0.695993 
1 1 0 6.72252 0.110584 3.52616 -0.884115 -4.70353 -0.884115 -4.70353 -0.149296 0.69675 -0.149296 -0.69675 
1 1 0 6.71805 0.110584 3.53395 -0.883771 -4.70132 -0.883771 -4.70132 -0.14659 0.697499 -0.14659 -0.697499 
1 1 0 6.71358 0.110584 3.54182 -0.883426 -4.69911 -0.883426 -4.69911 -0.14387 0.698239 -0.14387 -0.698239 
1 1 0 6.70911 0.110584 3.54975 -0.883081 -4.69691 -0.883081 -4.69691 -0.141135 0.698971 -0.141135 -0.698971 
1 1 0 6.70463 0.110584 3.55775 -0.882735 -4.6947 -0.882735 -4.6947 -0.138385 0.699695 -0.138385 -0.699695 
1 1 0 6.70016 0.110584 3.56582 -0.88239 -4.69249 -0.88239 -4.69249 -0.13562 0.70041 -0.13562 -0.70041 
1 1 0 6.69569 0.110584 3.57396 -0.882044 -4.69028 -0.882044 -4.69028 -0.13284 0.701116 -0.13284 -0.701116 
1 1 0 6.69121 0.110584 3.58217 -0.881698 -4.68808 -0.881698 -4.68808 -0.130045 0.701814 -0.130045 -0.701814 
1 1 0 6.68674 0.110584 3.59045 -0.881352 -4.68587 -0.881352 -4.68587 -0.127235 0.702502 -0.127235 -0.702502 
1 1 0 6.68227 0.110584 3.5988 -0.881005 -4.68366 -0.881005 -4.68366 -0.12441 0.703181 -0.12441 -0.703181 
1 1 0 6.67779 0.110584 3.60723 -0.880658 -4.68145 -0.880658 -4.68145 -0.12157 0.703851 -0.12157 -0.703851 
1 1 0 6.67332 0.110584 3.61574 -0.880311 -4.67925 -0.880311 -4.67925 -0.118714 0.704512 -0.118714 -0.704512 
1 1 0 6.66885 0.110584 3.62431 -0.879964 -4.67704 -0.879964 -4.67704 -0.115843 0.705163 -0.115843 -0.705163 
1 1 0 6.66438 0.110584 3.63297 -0.879616 -4.67483 -0.879616 -4.67483 -0.112956 0.705804 -0.112956 -0.705804 
1 1 0 6.6599 0.110584 3.6417 -0.879268 -4.67262 -0.879268 -4.67262 -0.110054 0.706435 -0.110054 -0.706435 
1 1 0 6.65543 0.110584 3.65052 -0.87892 -4.67042 -0.87892 -4.67042 -0.107137 0.707057 -0.107137 -0.707057 
1 1 0 6.65096 0.110584 3.65941 -0.878571 -4.66821 -0.878571 -4.66821 -0.104203 0.707668 -0.104203 -0.707668 
1 1 0 6.64649 0.110584 3.66838 -0.878222 -4.666 -0.878222 -4.666 -0.101254 0.708268 -0.101254 -0.708268 
1 1 0 6.64201 0.110584 3.67744 -0.877873 -4.66379 -0.877873 -4.66379 -0.0982894 0.708858 -0.0982894 -0.708858 
1 1 0 6.63754 0.110584 3.68658 -0.877524 -4.66159 -0.877524 -4.66159 -0.0953087 0.709438 -0.0953087 -0.709438 
1 1 0 6.63307 0.110584 3.6958 -0.877174 -4.65938 -0.877174 -4.65938 -0.0923122 0.710006 -0.0923122 -0.710006 
1 1 0 6.6286 0.110584 3.70511 -0.876824 -4.65717 -0.876824 -4.65717 -0.0892995 0.710564 -0.0892995 -0.710564 
1 1 0 6.62412 0.110584 3.71451 -0.876474 -4.65496 -0.876474 -4.65496 -0.0862706 0.711111 -0.0862706 -0.711111 
1 1 0 6.61965 0.110584 3.724 -0.876124 -4.65276 -0.876124 -4.65276 -0.0832258 0.711646 -0.0832258 -0.711646 
1 1 0 6.61518 0.110584 3.73357 -0.875773 -4.65055 -0.875773 -4.65055 -0.0801645 0.712169 -0.0801645 -0.712169 
1 1 0 6.61071 0.110584 3.74324 -0.875422 -4.64834 -0.875422 -4.64834 -0.0770869 0.712681 -0.0770869 -0.712681 
1 1 0 6.60623 0.110584 3.753 -0.875071 -4.64613 -0.875071 -4.64613 -0.0739928 0.713181 -0.0739928 -0.713181 
1 1 0 6.60176 0.110584 3.76285 -0.874719 -4.64392 -0.874719 -4.64392 -0.0708823 0.713669 -0.0708823 -0.713669 
1 1 0 6.59729 0.110584 3.7728 -0.874367 -4.64172 -0.874367 -4.64172 -0.067755 0.714145 -0.067755 -0.714145 
1 1 0 6.59282 0.110584 3.78285 -0.874015 -4.63951 -0.874015 -4.63951 -0.0646112 0.714608 -0.0646112 -0.714608 
1 1 0 6.58834 0.110584 3.79299 -0.873663 -4.6373 -0.873663 -4.6373 -0.0614506 0.715058 -0.0614506 -0.715058 
1 1 0 6.58387 0.110584 3.80324 -0.87331 -4.63509 -0.87331 -4.63509 -0.058273 0.715496 -0.058273 -0.715496 
1 1 0 6.5794 0.110584 3.81359 -0.872957 -4.63288 -0.872957 -4.63288 -0.0550783 0.715921 -0.0550783 -0.715921 
1 1 0 6.57493 0.110584 3.82404 -0.872604 -4.63068 -0.872604 -4.63068 -0.0518667 0.716333 -0.0518667 -0.716333 
1 1 0 6.57046 0.110584 3.83459 -0.87225 -4.62847 -0.87225 -4.62847 -0.0486379 0.716731 -0.0486379 -0.716731 
1 1 0 6.56598 0.110584 3.84526 -0.871896 -4.62626 -0.871896 -4.62626 -0.0453917 0.717115 -0.0453917 -0.717115 
1 1 0 6.56151 0.110584 3.85603 -0.871542 -4.62405 -0.871542 -4.62405 -0.0421283 0.717486 -0.0421283 -0.717486 
1 1 0 6.55704 0.110584 3.86691 -0.871188 -4.62184 -0.871188 -4.62184 -0.0388473 0.717843 -0.0388473 -0.717843 
1 1 0 6.55257 0.110584 3.8779 -0.870833 -4.61964 -0.870833 -4.61964 -0.0355487 0.718186 -0.0355487 -0.718186 
1 1 0 6.5481 0.110584 3.88901 -0.870478 -4.61743 -0.870478 -4.61743 -0.0322324 0.718514 -0.0322324 -0.718514 
1 1 0 6.54362 0.110584 3.90023 -0.870123 -4.61522 -0.870123 -4.61522 -0.0288983 0.718827 -0.0288983 -0.718827 
1 1 0 6.53915 0.110584 3.91158 -0.869767 -4.61301 -0.869767 -4.61301 -0.0255462 0.719126 -0.0255462 -0.719126 
1 1 0 6.53468 0.110584 3.92304 -0.869411 -4.6108 -0.869411 -4.6108 -0.0221762 0.719409 -0.0221762 -0.719409 
1 1 0 6.53021 0.110584 3.93462 -0.869055 -4.6086 -0.869055 -4.6086 -0.0187879 0.719677 -0.0187879 -0.719677 
1 1 0 6.52574 0.110584 3.94633 -0.868698 -4.60639 -0.868698 -4.60639 -0.0153814 0.71993 -0.0153814 -0.71993 
1 1 0 6.52126 0.110584 3.95817 -0.868341 -4.60418 -0.868341 -4.60418 -0.0119565 0.720166 -0.0119565 -0.720166 
1 1 0 6.51679 0.110584 3.97013 -0.867984 -4.60197 -0.867984 -4.60197 -0.00851298 0.720387 -0.00851298 -0.720387 
1 1 0 6.51232 0.110584 3.98223 -0.867627 -4.59976 -0.867627 -4.59976 -0.00505076 0.720591 -0.00505076 -0.720591 
1 1 0 6.50785 0.110584 3.99446 -0.867269 -4.59755 -0.867269 -4.59755 -0.00156982 0.720779 -0.00156982 -0.720779 
1 1 0 6.50338 0.110584 4.00683 -0.866911 -4.59535 -0.866911 -4.59535 0.00193003 0.720949 0.00193003 -0.720949 
1 1 0 6.49891 0.110584 4.01934 -0.866552 -4.59314 -0.866552 -4.59314 0.00544901 0.721103 0.00544901 -0.721103 
1 1 0 6.49444 0.110584 4.03198 -0.866194 -4.59093 -0.866194 -4.59093 0.00898714 0.721239 0.00898714 -0.721239 
1 1 0 6.48996 0.110584 4.04478 -0.865835 -4.58872 -0.865835 -4.58872 0.0125448 0.721358 0.0125448 -0.721358 
1 1 0 6.48549 0.110584 4.05772 -0.865475 -4.58651 -0.865475 -4.58651 0.0161218 0.721459 0.0161218 -0.721459 
1 1 0 6.48102 0.110584 4.07081 -0.865116 -4.5843 -0.865116 -4.5843 0.0197186 0.721541 0.0197186 -0.721541 
1 1 0 6.47655 0.110584 4.08405 -0.864756 -4.58209 -0.864756 -4.58209 0.0233351 0.721605 0.0233351 -0.721605 
1 1 0 6.47208 0.110584 4.09745 -0.864395 -4.57989 -0.864395 -4.57989 0.0269716 0.721651 0.0269716 -0.721651 
1 1 0 6.46761 0.110584 4.11101 -0.864035 -4.57768 -0.864035 -4.57768 0.0306283 0.721677 0.0306283 -0.721677 
1 1 0 6.46314 0.110584 4.12473 -0.863674 -4.57547 -0.863674 -4.57547 0.0343053 0.721683 0.0343053 -0.721683 
1 1 0 6.45866 0.110584 4.13862 -0.863313 -4.57326 -0.863313 -4.57326 0.0380027 0.72167 0.0380027 -0.72167 
1 1 0 6.45419 0.110584 4.15267 -0.862951 -4.57105 -0.862951 -4.57105 0.0417208 0.721637 0.0417208 -0.721637 
1 1 0 6.44972 0.110584 4.1669 -0.862589 -4.56884 -0.862589 -4.56884 0.0454598 0.721583 0.0454598 -0.721583 
1 1 0 6.44525 0.110584 4.18131 -0.862227 -4.56664 -0.862227 -4.56664 0.0492197 0.721509 0.0492197 -0.721509 
1 1 0 6.44078 0.110584 4.1959 -0.861864 -4.56443 -0.861864 -4.56443 0.053001 0.721414 0.053001 -0.721414 
1 1 0 6.43631 0.110584 4.21067 -0.861501 -4.56222 -0.861501 -4.56222 0.0568035 0.721297 0.0568035 -0.721297 
1 1 0 6.43184 0.110584 4.22563 -0.861138 -4.56001 -0.861138 -4.56001 0.0606276 0.721158 0.0606276 -0.721158 
1 1 0 6.42737 0.110584 4.24078 -0.860774 -4.5578 -0.860774 -4.5578 0.0644737 0.720997 0.0644737 -0.720997 
1 1 0 6.4229 0.110584 4.25613 -0.86041 -4.55559 -0.86041 -4.55559 0.0683417 0.720814 0.0683417 -0.720814 
1 1 0 6.41842 0.110584 4.27168 -0.860046 -4.55338 -0.860046 -4.55338 0.072232 0.720607 0.072232 -0.720607 
1 1 0 6.41395 0.110584 4.28744 -0.859682 -4.55118 -0.859682 -4.55118 0.0761448 0.720378 0.0761448 -0.720378 
1 1 0 6.40948 0.110584 4.30341 -0.859317 -4.54897 -0.859317 -4.54897 0.0800802 0.720124 0.0800802 -0.720124 
1 1 0 6.40501 0.110584 4.3196 -0.858951 -4.54676 -0.858951 -4.54676 0.0840385 0.719846 0.0840385 -0.719846 
1 1 0 6.40054 0.110584 4.336 -0.858586 -4.54455 -0.858586 -4.54455 0.08802 0.719544 0.08802 -0.719544 
1 1 0 6.39607 0.110584 4.35264 -0.85822 -4.54234 -0.85822 -4.54234 0.092025 0.719216 0.092025 -0.719216 
1 1 0 6.3916 0.110584 4.3695 -0.857853 -4.54013 -0.857853 -4.54013 0.0960536 0.718863 0.0960536 -0.718863 
1 1 0 6.38713 0.110584 4.3866 -0.857486 -4.53792 -0.857486 -4.53792 0.100106 0.718484 0.100106 -0.718484 
1 1 0 6.38266 0.110584 4.40395 -0.857119 -4.53572 -0.857119 -4.53572 0.104183 0.718078 0.104183 -0.718078 
1 1 0 6.37819 0.110584 4.42155 -0.856752 -4.53351 -0.856752 -4.53351 0.108284 0.717645 0.108284 -0.717645 
1 1 0 6.37372 0.110584 4.4394 -0.856384 -4.5313 -0.856384 -4.5313 0.11241 0.717185 0.11241 -0.717185 
1 1 0 6.36925 0.110584 4.45752 -0.856016 -4.52909 -0.856016 -4.52909 0.116562 0.716697 0.116562 -0.716697 
1 1 0 6.36477 0.110584 4.4759 -0.855647 -4.52688 -0.855647 -4.52688 0.120738 0.71618 0.120738 -0.71618 
1 1 0 6.3603 0.110584 4.49457 -0.855278 -4.52467 -0.855278 -4.52467 0.12494 0.715634 0.12494 -0.715634 
1 1 0 6.35583 0.110584 4.51351 -0.854909 -4.52246 -0.854909 -4.52246 0.129169 0.715058 0.129169 -0.715058 
1 1 0 6.35136 0.110584 4.53275 -0.854539 -4.52026 -0.854539 -4.52026 0.133423 0.714452 0.133423 -0.714452 
1 1 0 6.34689 0.110584 4.5523 -0.854169 -4.51805 -0.854169 -4.51805 0.137705 0.713815 0.137705 -0.713815 
1 1 0 6.34242 0.110584 4.57214 -0.853799 -4.51584 -0.853799 -4.51584 0.142013 0.713146 0.142013 -0.713146 
1 1 0 6.33795 0.110584 4.59231 -0.853428 -4.51363 -0.853428 -4.51363 0.146349 0.712445 0.146349 -0.712445 
1 1 0 6.33348 0.110584 4.61281 -0.853056 -4.51142 -0.853056 -4.51142 0.150713 0.711711 0.150713 -0.711711 
1 1 0 6.32901 0.110584 4.63364 -0.852685 -4.50922 -0.852685 -4.50922 0.155105 0.710944 0.155105 -0.710944 
1 1 0 6.32454 0.110584 4.65481 -0.852313 -4.50701 -0.852313 -4.50701 0.159526 0.710142 0.159526 -0.710142 
1 1 0 6.32007 0.110584 4.67635 -0.85194 -4.5048 -0.85194 -4.5048 0.163976 0.709305 0.163976 -0.709305 
1 1 0 6.3156 0.110584 4.69825 -0.851567 -4.50259 -0.851567 -4.50259 0.168455 0.708432 0.168455 -0.708432 
1 1 0 6.31113 0.110584 4.72053 -0.851194 -4.50038 -0.851194 -4.50038 0.172965 0.707522 0.172965 -0.707522 
1 1 0 6.30666 0.110584 4.7432 -0.85082 -4.49818 -0.85082 -4.49818 0.177505 0.706575 0.177505 -0.706575 
1 1 0 6.30219 0.110584 4.76628 -0.850446 -4.49597 -0.850446 -4.49597 0.182075 0.70559 0.182075 -0.70559 
1 1 0 6.29772 0.110584 4.78977 -0.850072 -4.49376 -0.850072 -4.49376 0.186678 0.704565 0.186678 -0.704565 
1 1 0 6.29325 0.110584 4.81369 -0.849697 -4.49155 -0.849697 -4.49155 0.191312 0.7035 0.191312 -0.7035 
1 1 0 6.28878 0.110584 4.83806 -0.849321 -4.48934 -0.849321 -4.48934 0.195979 0.702393 0.195979 -0.702393 
1 1 0 6.2843 0.110584 4.86288 -0.848945 -4.48714 -0.848945 -4.48714 0.200679 0.701245 0.200679 -0.701245 
1 1 0 6.27983 0.110584 4.88818 -0.848569 -4.48493 -0.848569 -4.48493 0.205413 0.700053 0.205413 -0.700053 
1 1 0 6.27536 0.110584 4.91398 -0.848192 -4.48272 -0.848192 -4.48272 0.210182 0.698817 0.210182 -0.698817 
1 1 0 6.27089 0.110584 4.94028 -0.847815 -4.48052 -0.847815 -4.48052 0.214985 0.697535 0.214985 -0.697535 
1 1 0 6.26642 0.110584 4.96711 -0.847437 -4.47831 -0.847437 -4.47831 0.219824 0.696207 0.219824 -0.696207 
1 1 0 6.26195 0.110584 4.99449 -0.847059 -4.4761 -0.847059 -4.4761 0.224699 0.694831 0.224699 -0.694831 
1 1 0 6.25748 0.110584 5.02244 -0.846681 -4.4739 -0.846681 -4.4739 0.229612 0.693405 0.229612 -0.693405 
1 1 0 6.25301 0.110584 5.05097 -0.846302 -4.47169 -0.846302 -4.47169 0.234563 0.691929 0.234563 -0.691929 
1 1 0 6.24854 0.110584 5.08012 -0.845922 -4.46948 -0.845922 -4.46948 0.239552 0.690401 0.239552 -0.690401 
1 1 0 6.24407 0.110584 5.10991 -0.845542 -4.46728 -0.845542 -4.46728 0.244581 0.688819 0.244581 -0.688819 
1 1 0 6.2396 0.110584 5.14035 -0.845161 -4.46507 -0.845161 -4.46507 0.249651 0.687182 0.249651 -0.687182 
1 1 0 6.23513 0.110584 5.17149 -0.84478 -4.46286 -0.84478 -4.46286 0.254762 0.685489 0.254762 -0.685489 
1 1 0 6.23066 0.110584 5.20335 -0.844399 -4.46066 -0.844399 -4.46066 0.259915 0.683737 0.259915 -0.683737 
1 1 0 6.22618 0.110584 5.23595 -0.844017 -4.45845 -0.844017 -4.45845 0.265112 0.681925 0.265112 -0.681925 
1 1 0 6.22171 0.110584 5.26934 -0.843634 -4.45625 -0.843634 -4.45625 0.270353 0.680051 0.270353 -0.680051 
1 1 0 6.21724 0.110584 5.30354 -0.843251 -4.45404 -0.843251 -4.45404 0.27564 0.678112 0.27564 -0.678112 
1 1 0 6.21277 0.110584 5.3386 -0.842867 -4.45184 -0.842867 -4.45184 0.280974 0.676108 0.280974 -0.676108 
1 1 0 6.2083 0.110584 5.37455 -0.842483 -4.44963 -0.842483 -4.44963 0.286356 0.674034 0.286356 -0.674034 
1 1 0 6.20383 0.110584 5.41144 -0.842098 -4.44743 -0.842098 -4.44743 0.291787 0.67189 0.291787 -0.67189 
1 1 0 6.19936 0.110584 5.4493 -0.841713 -4.44523 -0.841713 -4.44523 0.297268 0.669673 0.297268 -0.669673 
1 1 0 6.19489 0.110584 5.4882 -0.841327 -4.44302 -0.841327 -4.44302 0.302803 0.66738 0.302803 -0.66738 
1 1 0 6.19041 0.110584 5.52817 -0.84094 -4.44082 -0.84094 -4.44082 0.30839 0.665008 0.30839 -0.665008 
1 1 0 6.18594 0.110584 5.56928 -0.840553 -4.43862 -0.840553 -4.43862 0.314033 0.662554 0.314033 -0.662554 
1 1 0 6.18147 0.110584 5.6116 -0.840165 -4.43641 -0.840165 -4.43641 0.319734 0.660015 0.319734 -0.660015 
1 1 0 6.177 0.110584 5.65517 -0.839776 -4.43421 -0.839776 -4.43421 0.325493 0.657388 0.325493 -0.657388 
1 1 0 6.17253 0.110584 5.70008 -0.839387 -4.43201 -0.839387 -4.43201 0.331313 0.654669 0.331313 -0.654669 
1 1 0 6.16805 0.110584 5.74639 -0.838998 -4.42981 -0.838998 -4.42981 0.337196 0.651854 0.337196 -0.651854 
1 1 0 6.16358 0.110584 5.7942 -0.838607 -4.42761 -0.838607 -4.42761 0.343144 0.648939 0.343144 -0.648939 
1 1 0 6.15911 0.110584 5.84359 -0.838216 -4.42541 -0.838216 -4.42541 0.34916 0.64592 0.34916 -0.64592 
1 1 0 6.15463 0.110584 5.89466 -0.837824 -4.42321 -0.837824 -4.42321 0.355247 0.642792 0.355247 -0.642792 
1 1 0 6.15016 0.110584 5.94752 -0.837431 -4.42101 -0.837431 -4.42101 0.361405 0.639549 0.361405 -0.639549 
1 1 0 6.14569 0.110584 6.00228 -0.837038 -4.41881 -0.837038 -4.41881 0.36764 0.636187 0.36764 -0.636187 
1 1 0 6.14121 0.110584 6.05908 -0.836644 -4.41661 -0.836644 -4.41661 0.373954 0.632699 0.373954 -0.632699 
1 1 0 6.13674 0.110584 6.11805 -0.836249 -4.41442 -0.836249 -4.41442 0.380349 0.629079 0.380349 -0.629079 
1 1 0 6.13227 0.110584 6.17936 -0.835853 -4.41222 -0.835853 -4.41222 0.386831 0.625319 0.386831 -0.625319 
1 1 0 6.12779 0.110584 6.24317 -0.835456 -4.41002 -0.835456 -4.41002 0.393402 0.621412 0.393402 -0.621412 
1 1 0 6.12332 0.110584 6.30969 -0.835059 -4.40783 -0.835059 -4.40783 0.400068 0.61735 0.400068 -0.61735 
1 1 0 6.11884 0.110584 6.37912 -0.83466 -4.40564 -0.83466 -4.40564 0.406832 0.613123 0.406832 -0.613123 
1 1 0 6.11437 0.110584 6.45172 -0.834261 -4.40344 -0.834261 -4.40344 0.4137 0.608721 0.4137 -0.608721 
1 1 0 6.10989 0.110584 6.52774 -0.83386 -4.40125 -0.83386 -4.40125 0.420677 0.604133 0.420677 -0.604133 
1 1 0 6.10541 0.110584 6.6075 -0.833459 -4.39906 -0.833459 -4.39906 0.42777 0.599347 0.42777 -0.599347 
1 1 0 6.10094 0.110584 6.69135 -0.833056 -4.39687 -0.833056 -4.39687 0.434985 0.594348 0.434985 -0.594348 
1 1 0 6.09646 0.110584 6.77969 -0.832652 -4.39468 -0.832652 -4.39468 0.442329 0.589122 0.442329 -0.589122 
1 1 0 6.09198 0.110584 6.87297 -0.832247 -4.39249 -0.832247 -4.39249 0.44981 0.58365 0.44981 -0.58365 
1 1 0 6.0875 0.110584 6.97171 -0.831841 -4.39031 -0.831841 -4.39031 0.457438 0.577914 0.457438 -0.577914 
1 1 0 6.08302 0.110584 7.07654 -0.831434 -4.38812 -0.831434 -4.38812 0.465223 0.571892 0.465223 -0.571892 
1 1 0 6.07854 0.110584 7.18817 -0.831025 -4.38594 -0.831025 -4.38594 0.473176 0.565558 0.473176 -0.565558 
1 1 0 6.07406 0.110584 7.30743 -0.830614 -4.38376 -0.830614 -4.38376 0.481311 0.558883 0.481311 -0.558883 
1 1 0 6.06958 0.110584 7.43534 -0.830202 -4.38158 -0.830202 -4.38158 0.489641 0.551834 0.489641 -0.551834 
1 1 0 6.0651 0.110584 7.5731 -0.829789 -4.37941 -0.829789 -4.37941 0.498184 0.544372 0.498184 -0.544372 
1 1 0 6.06061 0.110584 7.72218 -0.829373 -4.37723 -0.829373 -4.37723 0.50696 0.536451 0.50696 -0.536451 
1 1 0 6.05613 0.110584 7.88436 -0.828955 -4.37506 -0.828955 -4.37506 0.51599 0.528017 0.51599 -0.528017 
1 1 0 6.05164 0.110584 8.06191 -0.828536 -4.37289 -0.828536 -4.37289 0.525303 0.519004 0.525303 -0.519004 
1 1 0 6.04716 0.110584 8.25765 -0.828114 -4.37073 -0.828114 -4.37073 0.534928 0.509333 0.534928 -0.509333 
1 1 0 6.04267 0.110584 8.47523 -0.827689 -4.36857 -0.827689 -4.36857 0.544905 0.498906 0.544905 -0.498906 
1 1 0 6.03818 0.110584 8.71948 -0.827261 -4.36641 -0.827261 -4.36641 0.555281 0.4876 0.555281 -0.4876 
1 1 0 6.03368 0.110584 8.9969 -0.82683 -4.36426 -0.82683 -4.36426 0.566112 0.475257 0.566112 -0.475257 
1 1 0 6.02919 0.110584 9.31651 -0.826395 -4.36212 -0.826395 -4.36212 0.577474 0.461669 0.577474 -0.461669 
1 1 0 6.02469 0.110584 9.69138 -0.825956 -4.35998 -0.825956 -4.35998 0.589461 0.446557 0.589461 -0.446557 
1 1 0 6.02019 0.110584 10.1412 -0.825511 -4.35785 -0.825511 -4.35785 0.602202 0.429527 0.602202 -0.429527 
1 1 0 6.01568 0.110584 10.6976 -0.82506 -4.35574 -0.82506 -4.35574 0.615877 0.410001 0.615877 -0.410001 
1 1 0 6.01117 0.110584 11.4154 -0.824601 -4.35363 -0.824601 -4.35363 0.630749 0.387073 0.630749 -0.387073 
1 1 0 6.00665 0.110584 12.4014 -0.82413 -4.35155 -0.82413 -4.35155 0.647236 0.359196 0.647236 -0.359196 
1 1 0 6.00211 0.110584 13.9027 -0.823644 -4.34949 -0.823644 -4.34949 0.666073 0.323345 0.666073 -0.323345 
1 1 0 5.99757 0.110584 16.7022 -0.823133 -4.34748 -0.823133 -4.34748 0.688804 0.272077 0.688804 -0.272077 
1 1 0 5.99298 0.110584 26.5958 -0.822564 -4.34557 -0.822564 -4.34557 0.720204 0.173384 0.720204 -0.173384 
1 1 0 5.99064 0.110584 26.5958 -0.822206 -4.34476 -0.822206 -4.34476 0.845668 0 0.649076 0 
1 1 0 5.99004 0.110584 26.5958 -0.822071 -4.34465 -0.822071 -4.34465 0.936766 0 0.585999 0 
1 1 0 5.9899 0.110584 26.5958 -0.822016 -4.34468 -0.822016 -4.34468 0.97211 0 0.564705 0 
1 1 0 5.98986 0.110584 26.5958 -0.82198 -4.34473 -0.82198 -4.34473 0.997227 0 0.550487 0 
1 1 0 5.98986 0.110584 26.5958 -0.821976 -4.34474 -0.821976 -4.34474 1 0 0.548961 0 
2 1 0 5.98992 0.110584 26.5958 -0.821935 -4.34488 -0.821935 -4.34488 1.03222 0 0.531827 0 
2 1 0 5.99002 0.110584 26.5958 -0.821915 -4.345 -0.821915 -4.345 1.05129 0 0.522176 0 
2 1 0 5.99013 0.110584 26.5958 -0.821901 -4.34511 -0.821901 -4.34511 1.06567 0 0.515123 0 
2 1 0 5.99025 0.110584 26.5958 -0.821892 -4.34521 -0.821892 -4.34521 1.07754 0 0.509445 0 
2 1 0 5.99037 0.110584 26.5958 -0.821886 -4.34531 -0.821886 -4.34531 1.0878 0 0.504636 0 
2 1 0 5.99049 0.110584 26.5958 -0.821881 -4.34541 -0.821881 -4.34541 1.09692 0 0.500435 0 
2 1 0 5.99061 0.110584 26.5958 -0.821877 -4.3455 -0.821877 -4.3455 1.10518 0 0.496688 0 
2 1 0 5.99075 0.110584 26.5958 -0.821874 -4.3456 -0.821874 -4.3456 1.1135 0 0.49297 0 
2 1 0 5.9909 0.110584 26.5958 -0.821873 -4.34572 -0.821873 -4.34572 1.12192 0 0.489268 0 
2 1 0 5.99107 0.110584 26.5958 -0.821872 -4.34584 -0.821872 -4.34584 1.13045 0 0.485568 0 
2 1 0 5.99126 0.110584 26.5958 -0.821872 -4.34597 -0.821872 -4.34597 1.13912 0 0.481861 0 
2 1 0 5.99147 0.110584 26.5958 -0.821874 -4.34611 -0.821874 -4.34611 1.14797 0 0.478139 0 
2 1 0 5.9917 0.110584 26.5958 -0.821877 -4.34626 -0.821877 -4.34626 1.15701 0 0.474394 0 
2 1 0 5.99195 0.110584 26.5958 -0.821881 -4.34643 -0.821881 -4.34643 1.16626 0 0.47062 0 
2 1 0 5.99223 0.110584 26.5958 -0.821887 -4.34662 -0.821887 -4.34662 1.17574 0 0.466813 0 
2 1 0 5.99254 0.110584 26.5958 -0.821894 -4.34682 -0.821894 -4.34682 1.18547 0 0.462967 0 
2 1 0 5.99288 0.110584 26.5958 -0.821904 -4.34703 -0.821904 -4.34703 1.19547 0 0.459078 0 
2 1 0 5.99326 0.110584 26.5958 -0.821916 -4.34727 -0.821916 -4.34727 1.20576 0 0.455144 0 
2 1 0 5.99368 0.110584 26.5958 -0.82193 -4.34753 -0.82193 -4.34753 1.21635 0 0.451162 0 
2 1 0 5.99413 0.110584 26.5958 -0.821947 -4.34781 -0.821947 -4.34781 1.22727 0 0.447129 0 
2 1 0 5.99464 0.110584 26.5958 -0.821967 -4.34812 -0.821967 -4.34812 1.23853 0 0.443042 0 
2 1 0 5.9952 0.110584 26.5958 -0.82199 -4.34846 -0.82199 -4.34846 1.25015 0 0.4389 0 
2 1 0 5.99581 0.110584 26.5958 -0.822017 -4.34883 -0.822017 -4.34883 1.26215 0 0.434701 0 
2 1 0 5.99649 0.110584 26.5958 -0.822048 -4.34923 -0.822048 -4.34923 1.27455 0 0.430444 0 
2 1 0 5.99724 0.110584 26.5958 -0.822084 -4.34967 -0.822084 -4.34967 1.28736 0 0.426127 0 
2 1 0 5.99806 0.110584 26.5958 -0.822125 -4.35016 -0.822125 -4.35016 1.30062 0 0.42175 0 
2 1 0 5.99897 0.110584 26.5958 -0.822172 -4.35069 -0.822172 -4.35069 1.31433 0 0.417313 0 
2 1 0 5.99997 0.110584 26.5958 -0.822225 -4.35126 -0.822225 -4.35126 1.32852 0 0.412813 0 
2 1 0 6.00107 0.110584 26.5958 -0.822285 -4.3519 -0.822285 -4.3519 1.34322 0 0.408252 0 
2 1 0 6.00228 0.110584 26.5958 -0.822353 -4.35259 -0.822353 -4.35259 1.35844 0 0.403628 0 
2 1 0 6.00362 0.110584 26.5958 -0.82243 -4.35335 -0.82243 -4.35335 1.37421 0 0.398942 0 
2 1 0 6.00509 0.110584 26.5958 -0.822516 -4.35418 -0.822516 -4.35418 1.39056 0 0.394194 0 
2 1 0 6.00671 0.110584 26.5958 -0.822613 -4.35509 -0.822613 -4.35509 1.40751 0 0.389383 0 
2 1 0 6.0085 0.110584 26.5958 -0.822722 -4.35609 -0.822722 -4.35609 1.42508 0 0.384511 0 
2 1 0 6.01046 0.110584 26.5958 -0.822844 -4.35719 -0.822844 -4.35719 1.44332 0 0.379578 0 
2 1 0 6.01263 0.110584 26.5958 -0.82298 -4.35839 -0.82298 -4.35839 1.46224 0 0.374584 0 
2 1 0 6.01501 0.110584 26.5958 -0.823132 -4.35971 -0.823132 -4.35971 1.48188 0 0.369529 0 
2 1 0 6.01763 0.110584 26.5958 -0.823303 -4.36115 -0.823303 -4.36115 1.50228 0 0.364415 0 
2 1 0 6.02052 0.110584 26.5958 -0.823492 -4.36273 -0.823492 -4.36273 1.52346 0 0.359243 0 
2 1 0 6.0237 0.110584 26.5958 -0.823704 -4.36447 -0.823704 -4.36447 1.54547 0 0.354012 0 
2 1 0 6.0272 0.110584 26.5958 -0.82394 -4.36637 -0.82394 -4.36637 1.56834 0 0.348725 0 
2 1 0 6.03106 0.110584 26.5958 -0.824202 -4.36846 -0.824202 -4.36846 1.59212 0 0.343382 0 
2 1 0 6.0353 0.110584 26.5958 -0.824493 -4.37075 -0.824493 -4.37075 1.61684 0 0.337985 0 
2 1 0 6.03969 0.110584 26.5958 -0.824797 -4.37312 -0.824797 -4.37312 1.64109 0 0.332842 0 
2 1 0 6.04409 0.110584 26.5958 -0.825104 -4.37548 -0.825104 -4.37548 1.66414 0 0.328082 0 
2 1 0 6.04849 0.110584 26.5958 -0.825413 -4.37783 -0.825413 -4.37783 1.68616 0 0.323652 0 
2 1 0 6.05289 0.110584 26.5958 -0.825725 -4.38018 -0.825725 -4.38018 1.70727 0 0.319506 0 
2 1 0 6.05729 0.110584 26.5958 -0.826037 -4.38253 -0.826037 -4.38253 1.72757 0 0.31561 0 
2 1 0 6.0617 0.110584 26.5958 -0.826352 -4.38488 -0.826352 -4.38488 1.74713 0 0.311934 0 
2 1 0 6.06611 0.110584 26.5958 -0.826668 -4.38722 -0.826668 -4.38722 1.76604 0 0.308454 0 
2 1 0 6.07052 0.110584 26.5958 -0.826985 -4.38956 -0.826985 -4.38956 1.78435 0 0.305151 0 
2 1 0 6.07493 0.110584 26.5958 -0.827303 -4.39189 -0.827303 -4.39189 1.80212 0 0.302005 0 
2 1 0 6.07934 0.110584 26.5958 -0.827622 -4.39422 -0.827622 -4.39422 1.81938 0 0.299004 0 
2 1 0 6.08375 0.110584 26.5958 -0.827942 -4.39655 -0.827942 -4.39655 1.83618 0 0.296133 0 
2 1 0 6.08816 0.110584 26.5958 -0.828263 -4.39888 -0.828263 -4.39888 1.85256 0 0.293382 0 
2 1 0 6.09258 0.110584 26.5958 -0.828585 -4.4012 -0.828585 -4.4012 1.86854 0 0.290741 0 
2 1 0 6.09699 0.110584 26.5958 -0.828908 -4.40353 -0.828908 -4.40353 1.88415 0 0.288201 0 
2 1 0 6.10141 0.110584 26.5958 -0.829231 -4.40585 -0.829231 -4.40585 1.89941 0 0.285755 0 
2 1 0 6.10583 0.110584 26.5958 -0.829555 -4.40817 -0.829555 -4.40817 1.91435 0 0.283396 0 
2 1 0 6.11025 0.110584 26.5958 -0.82988 -4.41049 -0.82988 -4.41049 1.92898 0 0.281118 0 
2 1 0 6.11467 0.110584 26.5958 -0.830205 -4.4128 -0.830205 -4.4128 1.94333 0 0.278915 0 
2 1 0 6.11909 0.110584 26.5958 -0.83053 -4.41511 -0.83053 -4.41511 1.95741 0 0.276783 0 
2 1 0 6.12351 0.110584 26.5958 -0.830856 -4.41743 -0.830856 -4.41743 1.97123 0 0.274716 0 
2 1 0 6.12793 0.110584 26.5958 -0.831182 -4.41974 -0.831182 -4.41974 1.98481 0 0.272712 0 
2 1 0 6.13235 0.110584 26.5958 -0.831509 -4.42205 -0.831509 -4.42205 1.99816 0 0.270766 0 
2 1 0 6.13678 0.110584 26.5958 -0.831836 -4.42435 -0.831836 -4.42435 2.01129 0 0.268876 0 
2 1 0 6.1412 0.110584 26.5958 -0.832164 -4.42666 -0.832164 -4.42666 2.02421 0 0.267037 0 
2 1 0 6.14562 0.110584 26.5958 -0.832492 -4.42897 -0.832492 -4.42897 2.03693 0 0.265248 0 
2 1 0 6.15005 0.110584 26.5958 -0.83282 -4.43127 -0.83282 -4.43127 2.04947 0 0.263505 0 
2 1 0 6.15448 0.110584 26.5958 -0.833148 -4.43357 -0.833148 -4.43357 2.06182 0 0.261806 0 
2 1 0 6.1589 0.110584 26.5958 -0.833477 -4.43587 -0.833477 -4.43587 2.074 0 0.26015 0 
2 1 0 6.16333 0.110584 26.5958 -0.833806 -4.43817 -0.833806 -4.43817 2.08601 0 0.258534 0 
2 1 0 6.16776 0.110584 26.5958 -0.834135 -4.44047 -0.834135 -4.44047 2.09786 0 0.256956 0 
2 1 0 6.17219 0.110584 26.5958 -0.834464 -4.44277 -0.834464 -4.44277 2.10955 0 0.255414 0 
2 1 0 6.17662 0.110584 26.5958 -0.834793 -4.44507 -0.834793 -4.44507 2.1211 0 0.253907 0 
2 1 0 6.18105 0.110584 26.5958 -0.835123 -4.44736 -0.835123 -4.44736 2.1325 0 0.252433 0 
2 1 0 6.18548 0.110584 26.5958 -0.835453 -4.44966 -0.835453 -4.44966 2.14377 0 0.250991 0 
2 1 0 6.18991 0.110584 26.5958 -0.835783 -4.45195 -0.835783 -4.45195 2.1549 0 0.24958 0 
2 1 0 6.19434 0.110584 26.5958 -0.836113 -4.45424 -0.836113 -4.45424 2.16591 0 0.248198 0 
2 1 0 6.19877 0.110584 26.5958 -0.836443 -4.45654 -0.836443 -4.45654 2.17679 0 0.246843 0 
2 1 0 6.2032 0.110584 26.5958 -0.836774 -4.45883 -0.836774 -4.45883 2.18755 0 0.245516 0 
2 1 0 6.20763 0.110584 26.5958 -0.837104 -4.46112 -0.837104 -4.46112 2.19819 0 0.244215 0 
2 1 0 6.21207 0.110584 26.5958 -0.837435 -4.4634 -0.837435 -4.4634 2.20873 0 0.242939 0 
2 1 0 6.2165 0.110584 26.5958 -0.837765 -4.46569 -0.837765 -4.46569 2.21915 0 0.241687 0 
2 1 0 6.22093 0.110584 26.5958 -0.838096 -4.46798 -0.838096 -4.46798 2.22946 0 0.240458 0 
2 1 0 6.22537 0.110584 26.5958 -0.838427 -4.47027 -0.838427 -4.47027 2.23968 0 0.239251 0 
2 1 0 6.2298 0.110584 26.5958 -0.838758 -4.47255 -0.838758 -4.47255 2.24979 0 0.238066 0 
2 1 0 6.23424 0.110584 26.5958 -0.839089 -4.47484 -0.839089 -4.47484 2.2598 0 0.236902 0 
2 1 0 6.23867 0.110584 26.5958 -0.83942 -4.47712 -0.83942 -4.47712 2.26972 0 0.235758 0 
2 1 0 6.24311 0.110584 26.5958 -0.839751 -4.4794 -0.839751 -4.4794 2.27955 0 0.234633 0 
2 1 0 6.24755 0.110584 26.5958 -0.840082 -4.48169 -0.840082 -4.48169 2.28929 0 0.233528 0 
2 1 0 6.25198 0.110584 26.5958 -0.840413 -4.48397 -0.840413 -4.48397 2.29894 0 0.23244 0 
2 1 0 6.25642 0.110584 26.5958 -0.840744 -4.48625 -0.840744 -4.48625 2.3085 0 0.231371 0 
2 1 0 6.26086 0.110584 26.5958 -0.841075 -4.48853 -0.841075 -4.48853 2.31798 0 0.230318 0 
2 1 0 6.26529 0.110584 26.5958 -0.841406 -4.49081 -0.841406 -4.49081 2.32738 0 0.229282 0 
2 1 0 6.26973 0.110584 26.5958 -0.841737 -4.49309 -0.841737 -4.49309 2.3367 0 0.228262 0 
2 1 0 6.27417 0.110584 26.5958 -0.842069 -4.49537 -0.842069 -4.49537 2.34595 0 0.227258 0 
2 1 0 6.27861 0.110584 26.5958 -0.8424 -4.49764 -0.8424 -4.49764 2.35511 0 0.226269 0 
2 1 0 6.28305 0.110584 26.5958 -0.842731 -4.49992 -0.842731 -4.49992 2.3642 0 0.225295 0 
2 1 0 6.28749 0.110584 26.5958 -0.843062 -4.5022 -0.843062 -4.5022 2.37322 0 0.224335 0 
2 1 0 6.29193 0.110584 26.5958 -0.843393 -4.50447 -0.843393 -4.50447 2.38217 0 0.223389 0 
2 1 0 6.29637 0.110584 26.5958 -0.843724 -4.50675 -0.843724 -4.50675 2.39105 0 0.222457 0 
2 1 0 6.30081 0.110584 26.5958 -0.844055 -4.50902 -0.844055 -4.50902 2.39986 0 0.221538 0 
2 1 0 6.30525 0.110584 26.5958 -0.844386 -4.5113 -0.844386 -4.5113 2.4086 0 0.220632 0 
2 1 0 6.30969 0.110584 26.5958 -0.844717 -4.51357 -0.844717 -4.51357 2.41728 0 0.219738 0 
2 1 0 6.31413 0.110584 26.5958 -0.845048 -4.51584 -0.845048 -4.51584 2.42589 0 0.218857 0 
2 1 0 6.31857 0.110584 26.5958 -0.845379 -4.51811 -0.845379 -4.51811 2.43444 0 0.217987 0 
2 1 0 6.32302 0.110584 26.5958 -0.84571 -4.52039 -0.84571 -4.52039 2.44292 0 0.21713 0 
2 1 0 6.32746 0.110584 26.5958 -0.846041 -4.52266 -0.846041 -4.52266 2.45135 0 0.216283 0 
2 1 0 6.3319 0.110584 26.5958 -0.846372 -4.52493 -0.846372 -4.52493 2.45971 0 0.215448 0 
2 1 0 6.33634 0.110584 26.5958 -0.846703 -4.5272 -0.846703 -4.5272 2.46802 0 0.214623 0 
2 1 0 6.34079 0.110584 26.5958 -0.847033 -4.52947 -0.847033 -4.52947 2.47627 0 0.213809 0 
2 1 0 6.34523 0.110584 26.5958 -0.847364 -4.53174 -0.847364 -4.53174 2.48446 0 0.213006 0 
2 1 0 6.34967 0.110584 26.5958 -0.847695 -4.534 -0.847695 -4.534 2.4926 0 0.212212 0 
2 1 0 6.35412 0.110584 26.5958 -0.848025 -4.53627 -0.848025 -4.53627 2.50068 0 0.211428 0 
2 1 0 6.35856 0.110584 26.5958 -0.848356 -4.53854 -0.848356 -4.53854 2.5087 0 0.210654 0 
2 1 0 6.363 0.110584 26.5958 -0.848686 -4.54081 -0.848686 -4.54081 2.51667 0 0.20989 0 
2 1 0 6.36745 0.110584 26.5958 -0.849016 -4.54307 -0.849016 -4.54307 2.52459 0 0.209134 0 
2 1 0 6.37189 0.110584 26.5958 -0.849347 -4.54534 -0.849347 -4.54534 2.53246 0 0.208388 0 
2 1 0 6.37634 0.110584 26.5958 -0.849677 -4.54761 -0.849677 -4.54761 2.54028 0 0.20765 0 
2 1 0 6.38078 0.110584 26.5958 -0.850007 -4.54987 -0.850007 -4.54987 2.54805 0 0.206921 0 
2 1 0 6.38523 0.110584 26.5958 -0.850337 -4.55214 -0.850337 -4.55214 2.55576 0 0.206201 0 
2 1 0 6.38968 0.110584 26.5958 -0.850667 -4.5544 -0.850667 -4.5544 2.56343 0 0.205488 0 
2 1 0 6.39412 0.110584 26.5958 -0.850997 -4.55666 -0.850997 -4.55666 2.57105 0 0.204784 0 
2 1 0 6.39857 0.110584 26.5958 -0.851327 -4.55893 -0.851327 -4.55893 2.57862 0 0.204088 0 
2 1 0 6.40301 0.110584 26.5958 -0.851656 -4.56119 -0.851656 -4.56119 2.58615 0 0.2034 0 
2 1 0 6.40746 0.110584 26.5958 -0.851986 -4.56345 -0.851986 -4.56345 2.59363 0 0.202719 0 
2 1 0 6.41191 0.110584 26.5958 -0.852316 -4.56572 -0.852316 -4.56572 2.60106 0 0.202046 0 
2 1 0 6.41635 0.110584 26.5958 -0.852645 -4.56798 -0.852645 -4.56798 2.60845 0 0.20138 0 
2 1 0 6.4208 0.110584 26.5958 -0.852974 -4.57024 -0.852974 -4.57024 2.61579 0 0.200722 0 
2 1 0 6.42525 0.110584 26.5958 -0.853304 -4.5725 -0.853304 -4.5725 2.62309 0 0.20007 0 
2 1 0 6.4297 0.110584 26.5958 -0.853633 -4.57476 -0.853633 -4.57476 2.63035 0 0.199425 0 
2 1 0 6.43414 0.110584 26.5958 -0.853962 -4.57702 -0.853962 -4.57702 2.63756 0 0.198788 0 
2 1 0 6.43859 0.110584 26.5958 -0.854291 -4.57928 -0.854291 -4.57928 2.64473 0 0.198157 0 
2 1 0 6.44304 0.110584 26.5958 -0.85462 -4.58154 -0.85462 -4.58154 2.65185 0 0.197532 0 
2 1 0 6.44749 0.110584 26.5958 -0.854949 -4.5838 -0.854949 -4.5838 2.65894 0 0.196914 0 
2 1 0 6.45194 0.110584 26.5958 -0.855277 -4.58606 -0.855277 -4.58606 2.66598 0 0.196303 0 
2 1 0 6.45639 0.110584 26.5958 -0.855606 -4.58832 -0.855606 -4.58832 2.67299 0 0.195697 0 
2 1 0 6.46083 0.110584 26.5958 -0.855934 -4.59057 -0.855934 -4.59057 2.67995 0 0.195098 0 
2 1 0 6.46528 0.110584 26.5958 -0.856263 -4.59283 -0.856263 -4.59283 2.68687 0 0.194504 0 
2 1 0 6.46973 0.110584 26.5958 -0.856591 -4.59509 -0.856591 -4.59509 2.69376 0 0.193917 0 
2 1 0 6.47418 0.110584 26.5958 -0.856919 -4.59735 -0.856919 -4.59735 2.7006 0 0.193336 0 
2 1 0 6.47863 0.110584 26.5958 -0.857247 -4.5996 -0.857247 -4.5996 2.70741 0 0.19276 0 
2 1 0 6.48308 0.110584 26.5958 -0.857575 -4.60186 -0.857575 -4.60186 2.71417 0 0.19219 0 
2 1 0 6.48753 0.110584 26.5958 -0.857903 -4.60412 -0.857903 -4.60412 2.7209 0 0.191625 0 
2 1 0 6.49198 0.110584 26.5958 -0.858231 -4.60637 -0.858231 -4.60637 2.7276 0 0.191066 0 
2 1 0 6.49643 0.110584 26.5958 -0.858558 -4.60863 -0.858558 -4.60863 2.73425 0 0.190512 0 
2 1 0 6.50088 0.110584 26.5958 -0.858886 -4.61088 -0.858886 -4.61088 2.74087 0 0.189964 0 
2 1 0 6.50533 0.110584 26.5958 -0.859213 -4.61314 -0.859213 -4.61314 2.74745 0 0.18942 0 
2 1 0 6.50978 0.110584 26.5958 -0.859541 -4.61539 -0.859541 -4.61539 2.75399 0 0.188882 0 
2 1 0 6.51423 0.110584 26.5958 -0.859868 -4.61765 -0.859868 -4.61765 2.7605 0 0.188349 0 
2 1 0 6.51869 0.110584 26.5958 -0.860195 -4.6199 -0.860195 -4.6199 2.76697 0 0.187821 0 
2 1 0 6.52314 0.110584 26.5958 -0.860522 -4.62216 -0.860522 -4.62216 2.77341 0 0.187297 0 
2 1 0 6.52759 0.110584 26.5958 -0.860849 -4.62441 -0.860849 -4.62441 2.77981 0 0.186779 0 
2 1 0 6.53204 0.110584 26.5958 -0.861175 -4.62666 -0.861175 -4.62666 2.78618 0 0.186265 0 
2 1 0 6.53649 0.110584 26.5958 -0.861502 -4.62892 -0.861502 -4.62892 2.79251 0 0.185756 0 
2 1 0 6.54094 0.110584 26.5958 -0.861828 -4.63117 -0.861828 -4.63117 2.79881 0 0.185251 0 
2 1 0 6.5454 0.110584 26.5958 -0.862155 -4.63342 -0.862155 -4.63342 2.80507 0 0.184751 0 
2 1 0 6.54985 0.110584 26.5958 -0.862481 -4.63567 -0.862481 -4.63567 2.8113 0 0.184256 0 
2 1 0 6.5543 0.110584 26.5958 -0.862807 -4.63793 -0.862807 -4.63793 2.8175 0 0.183765 0 
2 1 0 6.55875 0.110584 26.5958 -0.863133 -4.64018 -0.863133 -4.64018 2.82366 0 0.183278 0 
2 1 0 6.5632 0.110584 26.5958 -0.863459 -4.64243 -0.863459 -4.64243 2.82979 0 0.182796 0 
2 1 0 6.56766 0.110584 26.5958 -0.863785 -4.64468 -0.863785 -4.64468 2.83589 0 0.182317 0 
2 1 0 6.57211 0.110584 26.5958 -0.86411 -4.64693 -0.86411 -4.64693 2.84195 0 0.181843 0 
2 1 0 6.57656 0.110584 26.5958 -0.864436 -4.64918 -0.864436 -4.64918 2.84798 0 0.181373 0 
2 1 0 6.58102 0.110584 26.5958 -0.864761 -4.65143 -0.864761 -4.65143 2.85398 0 0.180908 0 
2 1 0 6.58547 0.110584 26.5958 -0.865086 -4.65368 -0.865086 -4.65368 2.85995 0 0.180446 0 
2 1 0 6.58992 0.110584 26.5958 -0.865411 -4.65593 -0.865411 -4.65593 2.86589 0 0.179988 0 
2 1 0 6.59437 0.110584 26.5958 -0.865736 -4.65818 -0.865736 -4.65818 2.87179 0 0.179534 0 
2 1 0 6.59883 0.110584 26.5958 -0.866061 -4.66043 -0.866061 -4.66043 2.87766 0 0.179083 0 
2 1 0 6.60328 0.110584 26.5958 -0.866386 -4.66268 -0.866386 -4.66268 2.88351 0 0.178637 0 
2 1 0 6.60774 0.110584 26.5958 -0.86671 -4.66493 -0.86671 -4.66493 2.88932 0 0.178194 0 
2 1 0 6.61219 0.110584 26.5958 -0.867035 -4.66718 -0.867035 -4.66718 2.8951 0 0.177755 0 
2 1 0 6.61664 0.110584 26.5958 -0.867359 -4.66943 -0.867359 -4.66943 2.90085 0 0.17732 0 
2 1 0 6.6211 0.110584 26.5958 -0.867683 -4.67168 -0.867683 -4.67168 2.90657 0 0.176888 0 
2 1 0 6.62555 0.110584 26.5958 -0.868007 -4.67393 -0.868007 -4.67393 2.91226 0 0.17646 0 
2 1 0 6.63001 0.110584 26.5958 -0.868331 -4.67618 -0.868331 -4.67618 2.91791 0 0.176035 0 
2 1 0 6.63446 0.110584 26.5958 -0.868655 -4.67842 -0.868655 -4.67842 2.92354 0 0.175614 0 
2 1 0 6.63891 0.110584 26.5958 -0.868979 -4.68067 -0.868979 -4.68067 2.92914 0 0.175196 0 
2 1 0 6.64337 0.110584 26.5958 -0.869302 -4.68292 -0.869302 -4.68292 2.93471 0 0.174782 0 
2 1 0 6.64782 0.110584 26.5958 -0.869626 -4.68517 -0.869626 -4.68517 2.94025 0 0.174371 0 
2 1 0 6.65228 0.110584 26.5958 -0.869949 -4.68741 -0.869949 -4.68741 2.94576 0 0.173963 0 
2 1 0 6.65673 0.110584 26.5958 -0.870272 -4.68966 -0.870272 -4.68966 2.95125 0 0.173558 0 
2 1 0 6.66119 0.110584 26.5958 -0.870595 -4.69191 -0.870595 -4.69191 2.9567 0 0.173157 0 
2 1 0 6.66564 0.110584 26.5958 -0.870918 -4.69416 -0.870918 -4.69416 2.96212 0 0.172759 0 
2 1 0 6.6701 0.110584 26.5958 -0.871241 -4.6964 -0.871241 -4.6964 2.96752 0 0.172364 0 
2 1 0 6.67455 0.110584 26.5958 -0.871563 -4.69865 -0.871563 -4.69865 2.97289 0 0.171972 0 
2 1 0 6.67901 0.110584 26.5958 -0.871886 -4.7009 -0.871886 -4.7009 2.97822 0 0.171583 0 
2 1 0 6.68346 0.110584 26.5958 -0.872208 -4.70314 -0.872208 -4.70314 2.98353 0 0.171198 0 
2 1 0 6.68792 0.110584 26.5958 -0.87253 -4.70539 -0.87253 -4.70539 2.98882 0 0.170815 0 
2 1 0 6.69237 0.110584 26.5958 -0.872852 -4.70763 -0.872852 -4.70763 2.99407 0 0.170435 0 
2 1 0 6.69683 0.110584 26.5958 -0.873174 -4.70988 -0.873174 -4.70988 2.9993 0 0.170058 0 
2 1 0 6.70129 0.110584 26.5958 -0.873496 -4.71213 -0.873496 -4.71213 3.0045 0 0.169684 0 
2 1 0 6.70574 0.110584 26.5958 -0.873818 -4.71437 -0.873818 -4.71437 3.00967 0 0.169313 0 
2 1 0 6.7102 0.110584 26.5958 -0.874139 -4.71662 -0.874139 -4.71662 3.01481 0 0.168945 0 
2 1 0 6.71465 0.110584 26.5958 -0.87446 -4.71886 -0.87446 -4.71886 3.01993 0 0.16858 0 
2 1 0 6.71911 0.110584 26.5958 -0.874782 -4.72111 -0.874782 -4.72111 3.02502 0 0.168217 0 
2 1 0 6.72357 0.110584 26.5958 -0.875103 -4.72335 -0.875103 -4.72335 3.03008 0 0.167857 0 
2 1 0 6.72802 0.110584 26.5958 -0.875424 -4.7256 -0.875424 -4.7256 3.03511 0 0.1675 0 
2 1 0 6.73248 0.110584 26.5958 -0.875744 -4.72784 -0.875744 -4.72784 3.04012 0 0.167145 0 
2 1 0 6.73693 0.110584 26.5958 -0.876065 -4.73009 -0.876065 -4.73009 3.0451 0 0.166794 0 
2 1 0 6.74139 0.110584 26.5958 -0.876386 -4.73233 -0.876386 -4.73233 3.05005 0 0.166444 0 
2 1 0 6.74585 0.110584 26.5958 -0.876706 -4.73458 -0.876706 -4.73458 3.05498 0 0.166098 0 
2 1 0 6.7503 0.110584 26.5958 -0.877026 -4.73682 -0.877026 -4.73682 3.05988 0 0.165754 0 
2 1 0 6.75476 0.110584 26.5958 -0.877346 -4.73906 -0.877346 -4.73906 3.06476 0 0.165412 0 
2 1 0 6.75922 0.110584 26.5958 -0.877666 -4.74131 -0.877666 -4.74131 3.06961 0 0.165073 0 
2 1 0 6.76367 0.110584 26.5958 -0.877986 -4.74355 -0.877986 -4.74355 3.07443 0 0.164737 0 
2 1 0 6.76813 0.110584 26.5958 -0.878306 -4.7458 -0.878306 -4.7458 3.07922 0 0.164403 0 
2 1 0 6.77259 0.110584 26.5958 -0.878626 -4.74804 -0.878626 -4.74804 3.08399 0 0.164071 0 
2 1 0 6.77704 0.110584 26.5958 -0.878945 -4.75028 -0.878945 -4.75028 3.08874 0 0.163742 0 
2 1 0 6.7815 0.110584 26.5958 -0.879264 -4.75253 -0.879264 -4.75253 3.09346 0 0.163416 0 
2 1 0 6.78596 0.110584 26.5958 -0.879583 -4.75477 -0.879583 -4.75477 3.09815 0 0.163091 0 
2 1 0 6.79041 0.110584 26.5958 -0.879902 -4.75701 -0.879902 -4.75701 3.10282 0 0.162769 0 
2 1 0 6.79487 0.110584 26.5958 -0.880221 -4.75926 -0.880221 -4.75926 3.10746 0 0.16245 0 
2 1 0 6.79933 0.110584 26.5958 -0.88054 -4.7615 -0.88054 -4.7615 3.11207 0 0.162132 0 
2 1 0 6.80379 0.110584 26.5958 -0.880859 -4.76374 -0.880859 -4.76374 3.11666 0 0.161817 0 
2 1 0 6.80824 0.110584 26.5958 -0.881177 -4.76599 -0.881177 -4.76599 3.12123 0 0.161505 0 
2 1 0 6.8127 0.110584 26.5958 -0.881495 -4.76823 -0.881495 -4.76823 3.12577 0 0.161194 0 
2 1 0 6.81716 0.110584 26.5958 -0.881813 -4.77047 -0.881813 -4.77047 3.13028 0 0.160886 0 
2 1 0 6.82162 0.110584 26.5958 -0.882131 -4.77272 -0.882131 -4.77272 3.13477 0 0.160579 0 
2 1 0 6.82607 0.110584 26.5958 -0.882449 -4.77496 -0.882449 -4.77496 3.13924 0 0.160275 0 
2 1 0 6.83053 0.110584 26.5958 -0.882767 -4.7772 -0.882767 -4.7772 3.14368 0 0.159974 0 
2 1 0 6.83499 0.110584 26.5958 -0.883085 -4.77945 -0.883085 -4.77945 3.14809 0 0.159674 0 
2 1 0 6.83945 0.110584 26.5958 -0.883402 -4.78169 -0.883402 -4.78169 3.15248 0 0.159376 0 
2 1 0 6.8439 0.110584 26.5958 -0.883719 -4.78393 -0.883719 -4.78393 3.15685 0 0.159081 0 
2 1 0 6.84836 0.110584 26.5958 -0.884036 -4.78617 -0.884036 -4.78617 3.16119 0 0.158788 0 
2 1 0 6.85282 0.110584 26.5958 -0.884354 -4.78842 -0.884354 -4.78842 3.16551 0 0.158496 0 
2 1 0 6.85728 0.110584 26.5958 -0.88467 -4.79066 -0.88467 -4.79066 3.1698 0 0.158207 0 
2 1 0 6.86173 0.110584 26.5958 -0.884987 -4.7929 -0.884987 -4.7929 3.17407 0 0.15792 0 
2 1 0 6.86619 0.110584 26.5958 -0.885304 -4.79514 -0.885304 -4.79514 3.17831 0 0.157634 0 
2 1 0 6.87065 0.110584 26.5958 -0.88562 -4.79738 -0.88562 -4.79738 3.18253 0 0.157351 0 
2 1 0 6.87511 0.110584 26.5958 -0.885936 -4.79963 -0.885936 -4.79963 3.18672 0 0.15707 0 
2 1 0 6.87956 0.110584 26.5958 -0.886253 -4.80187 -0.886253 -4.80187 3.1909 0 0.15679 0 
2 1 0 6.88402 0.110584 26.5958 -0.886569 -4.80411 -0.886569 -4.80411 3.19504 0 0.156513 0 
2 1 0 6.88848 0.110584 26.5958 -0.886885 -4.80635 -0.886885 -4.80635 3.19916 0 0.156237 0 
2 1 0 6.89294 0.110584 26.5958 -0.8872 -4.80859 -0.8872 -4.80859 3.20326 0 0.155964 0 
2 1 0 6.8974 0.110584 26.5958 -0.887516 -4.81084 -0.887516 -4.81084 3.20734 0 0.155692 0 
2 1 0 6.90185 0.110584 26.5958 -0.887831 -4.81308 -0.887831 -4.81308 3.21139 0 0.155422 0 
2 1 0 6.90631 0.110584 26.5958 -0.888147 -4.81532 -0.888147 -4.81532 3.21542 0 0.155154 0 
2 1 0 6.91077 0.110584 26.5958 -0.888462 -4.81756 -0.888462 -4.81756 3.21942 0 0.154888 0 
2 1 0 6.91523 0.110584 26.5958 -0.888777 -4.8198 -0.888777 -4.8198 3.2234 0 0.154624 0 
2 1 0 6.91969 0.110584 26.5958 -0.889092 -4.82205 -0.889092 -4.82205 3.22736 0 0.154361 0 
2 1 0 6.92415 0.110584 26.5958 -0.889407 -4.82429 -0.889407 -4.82429 3.23129 0 0.1541 0 
2 1 0 6.9286 0.110584 26.5958 -0.889721 -4.82653 -0.889721 -4.82653 3.2352 0 0.153841 0 
2 1 0 6.93306 0.110584 26.5958 -0.890036 -4.82877 -0.890036 -4.82877 3.23908 0 0.153584 0 
2 1 0 6.93752 0.110584 26.5958 -0.89035 -4.83101 -0.89035 -4.83101 3.24295 0 0.153329 0 
2 1 0 6.94198 0.110584 26.5958 -0.890664 -4.83325 -0.890664 -4.83325 3.24679 0 0.153075 0 
2 1 0 6.94644 0.110584 26.5958 -0.890978 -4.8355 -0.890978 -4.8355 3.2506 0 0.152823 0 
2 1 0 6.9509 0.110584 26.5958 -0.891292 -4.83774 -0.891292 -4.83774 3.2544 0 0.152572 0 
2 1 0 6.95535 0.110584 26.5958 -0.891606 -4.83998 -0.891606 -4.83998 3.25817 0 0.152324 0 
2 1 0 6.95981 0.110584 26.5958 -0.891919 -4.84222 -0.891919 -4.84222 3.26191 0 0.152077 0 
2 1 0 6.96427 0.110584 26.5958 -0.892233 -4.84446 -0.892233 -4.84446 3.26564 0 0.151831 0 
2 1 0 6.96873 0.110584 26.5958 -0.892546 -4.8467 -0.892546 -4.8467 3.26934 0 0.151588 0 
2 1 0 6.97319 0.110584 26.5958 -0.892859 -4.84895 -0.892859 -4.84895 3.27301 0 0.151346 0 
2 1 0 6.97765 0.110584 26.5958 -0.893172 -4.85119 -0.893172 -4.85119 3.27667 0 0.151105 0 
2 1 0 6.9821 0.110584 26.5958 -0.893485 -4.85343 -0.893485 -4.85343 3.2803 0 0.150866 0 
2 1 0 6.98656 0.110584 26.5958 -0.893798 -4.85567 -0.893798 -4.85567 3.28391 0 0.150629 0 
2 1 0 6.99102 0.110584 26.5958 -0.894111 -4.85791 -0.894111 -4.85791 3.2875 0 0.150394 0 
2 1 0 6.99548 0.110584 26.5958 -0.894423 -4.86015 -0.894423 -4.86015 3.29106 0 0.15016 0 
2 1 0 6.99994 0.110584 26.5958 -0.894735 -4.8624 -0.894735 -4.8624 3.2946 0 0.149927 0 
2 1 0 7.0044 0.110584 26.5958 -0.895048 -4.86464 -0.895048 -4.86464 3.29812 0 0.149696 0 
2 1 0 7.00885 0.110584 26.5958 -0.89536 -4.86688 -0.89536 -4.86688 3.30162 0 0.149467 0 
2 1 0 7.01331 0.110584 26.5958 -0.895672 -4.86912 -0.895672 -4.86912 3.30509 0 0.149239 0 
2 1 0 7.01777 0.110584 26.5958 -0.895983 -4.87136 -0.895983 -4.87136 3.30854 0 0.149012 0 
2 1 0 7.02223 0.110584 26.5958 -0.896295 -4.8736 -0.896295 -4.8736 3.31197 0 0.148788 0 
2 1 0 7.02669 0.110584 26.5958 -0.896606 -4.87585 -0.896606 -4.87585 3.31538 0 0.148564 0 
2 1 0 7.03115 0.110584 26.5958 -0.896918 -4.87809 -0.896918 -4.87809 3.31876 0 0.148342 0 
2 1 0 7.03561 0.110584 26.5958 -0.897229 -4.88033 -0.897229 -4.88033 3.32212 0 0.148122 0 
2 1 0 7.04006 0.110584 26.5958 -0.89754 -4.88257 -0.89754 -4.88257 3.32546 0 0.147903 0 
2 1 0 7.04452 0.110584 26.5958 -0.897851 -4.88481 -0.897851 -4.88481 3.32878 0 0.147685 0 
2 1 0 7.04898 0.110584 26.5958 -0.898162 -4.88705 -0.898162 -4.88705 3.33208 0 0.147469 0 
2 1 0 7.05344 0.110584 26.5958 -0.898472 -4.8893 -0.898472 -4.8893 3.33535 0 0.147255 0 
2 1 0 7.0579 0.110584 26.5958 -0.898783 -4.89154 -0.898783 -4.89154 3.3386 0 0.147041 0 
2 1 0 7.06236 0.110584 26.5958 -0.899093 -4.89378 -0.899093 -4.89378 3.34183 0 0.146829 0 
2 1 0 7.06681 0.110584 26.5958 -0.899403 -4.89602 -0.899403 -4.89602 3.34504 0 0.146619 0 
2 1 0 7.07127 0.110584 26.5958 -0.899713 -4.89826 -0.899713 -4.89826 3.34822 0 0.14641 0 
2 1 0 7.07573 0.110584 26.5958 -0.900023 -4.9005 -0.900023 -4.9005 3.35138 0 0.146202 0 
2 1 0 7.08019 0.110584 26.5958 -0.900333 -4.90275 -0.900333 -4.90275 3.35453 0 0.145996 0 
2 1 0 7.08465 0.110584 26.5958 -0.900643 -4.90499 -0.900643 -4.90499 3.35764 0 0.145791 0 
2 1 0 7.08911 0.110584 26.5958 -0.900952 -4.90723 -0.900952 -4.90723 3.36074 0 0.145587 0 
2 1 0 7.09357 0.110584 26.5958 -0.901262 -4.90947 -0.901262 -4.90947 3.36382 0 0.145385 0 
2 1 0 7.09802 0.110584 26.5958 -0.901571 -4.91171 -0.901571 -4.91171 3.36687 0 0.145184 0 
2 1 0 7.10248 0.110584 26.5958 -0.90188 -4.91396 -0.90188 -4.91396 3.36991 0 0.144984 0 
2 1 0 7.10694 0.110584 26.5958 -0.902189 -4.9162 -0.902189 -4.9162 3.37292 0 0.144786 0 
2 1 0 7.1114 0.110584 26.5958 -0.902498 -4.91844 -0.902498 -4.91844 3.37591 0 0.144589 0 
2 1 0 7.11586 0.110584 26.5958 -0.902806 -4.92068 -0.902806 -4.92068 3.37887 0 0.144393 0 
2 1 0 7.12032 0.110584 26.5958 -0.903115 -4.92292 -0.903115 -4.92292 3.38182 0 0.144199 0 
2 1 0 7.12477 0.110584 26.5958 -0.903423 -4.92517 -0.903423 -4.92517 3.38474 0 0.144006 0 
2 1 0 7.12923 0.110584 26.5958 -0.903732 -4.92741 -0.903732 -4.92741 3.38765 0 0.143814 0 
2 1 0 7.13369 0.110584 26.5958 -0.90404 -4.92965 -0.90404 -4.92965 3.39053 0 0.143623 0 
2 1 0 7.13815 0.110584 26.5958 -0.904348 -4.93189 -0.904348 -4.93189 3.39339 0 0.143434 0 
2 1 0 7.14261 0.110584 26.5958 -0.904655 -4.93414 -0.904655 -4.93414 3.39623 0 0.143246 0 
2 1 0 7.14707 0.110584 26.5958 -0.904963 -4.93638 -0.904963 -4.93638 3.39905 0 0.143059 0 
2 1 0 7.15152 0.110584 26.5958 -0.905271 -4.93862 -0.905271 -4.93862 3.40184 0 0.142873 0 
2 1 0 7.15598 0.110584 26.5958 -0.905578 -4.94086 -0.905578 -4.94086 3.40462 0 0.142689 0 
2 1 0 7.16044 0.110584 26.5958 -0.905885 -4.94311 -0.905885 -4.94311 3.40737 0 0.142506 0 
2 1 0 7.1649 0.110584 26.5958 -0.906192 -4.94535 -0.906192 -4.94535 3.4101 0 0.142323 0 
2 1 0 7.16936 0.110584 26.5958 -0.906499 -4.94759 -0.906499 -4.94759 3.41282 0 0.142143 0 
2 1 0 7.17382 0.110584 26.5958 -0.906806 -4.94983 -0.906806 -4.94983 3.41551 0 0.141963 0 
2 1 0 7.17827 0.110584 26.5958 -0.907113 -4.95208 -0.907113 -4.95208 3.41818 0 0.141785 0 
2 1 0 7.18273 0.110584 26.5958 -0.90742 -4.95432 -0.90742 -4.95432 3.42082 0 0.141607 0 
2 1 0 7.18719 0.110584 26.5958 -0.907726 -4.95656 -0.907726 -4.95656 3.42345 0 0.141431 0 
2 1 0 7.19165 0.110584 26.5958 -0.908032 -4.95881 -0.908032 -4.95881 3.42606 0 0.141256 0 
2 1 0 7.19611 0.110584 26.5958 -0.908338 -4.96105 -0.908338 -4.96105 3.42864 0 0.141082 0 
2 1 0 7.20057 0.110584 26.5958 -0.908644 -4.96329 -0.908644 -4.96329 3.43121 0 0.14091 0 
2 1 0 7.20502 0.110584 26.5958 -0.90895 -4.96554 -0.90895 -4.96554 3.43375 0 0.140738 0 
2 1 0 7.20948 0.110584 26.5958 -0.909256 -4.96778 -0.909256 -4.96778 3.43627 0 0.140568 0 
2 1 0 7.21394 0.110584 26.5958 -0.909562 -4.97002 -0.909562 -4.97002 3.43878 0 0.140398 0 
2 1 0 7.2184 0.110584 26.5958 -0.909867 -4.97227 -0.909867 -4.97227 3.44126 0 0.14023 0 
2 1 0 7.22286 0.110584 26.5958 -0.910173 -4.97451 -0.910173 -4.97451 3.44372 0 0.140063 0 
2 1 0 7.22731 0.110584 26.5958 -0.910478 -4.97675 -0.910478 -4.97675 3.44616 0 0.139897 0 
2 1 0 7.23177 0.110584 26.5958 -0.910783 -4.979 -0.910783 -4.979 3.44858 0 0.139732 0 
2 1 0 7.23623 0.110584 26.5958 -0.911088 -4.98124 -0.911088 -4.98124 3.45097 0 0.139568 0 
2 1 0 7.24069 0.110584 26.5958 -0.911392 -4.98348 -0.911392 -4.98348 3.45335 0 0.139406 0 
2 1 0 7.24514 0.110584 26.5958 -0.911697 -4.98573 -0.911697 -4.98573 3.45571 0 0.139244 0 
2 1 0 7.2496 0.110584 26.5958 -0.912002 -4.98797 -0.912002 -4.98797 3.45804 0 0.139084 0 
2 1 0 7.25406 0.110584 26.5958 -0.912306 -4.99022 -0.912306 -4.99022 3.46036 0 0.138924 0 
2 1 0 7.25852 0.110584 26.5958 -0.91261 -4.99246 -0.91261 -4.99246 3.46265 0 0.138766 0 
2 1 0 7.26298 0.110584 26.5958 -0.912914 -4.9947 -0.912914 -4.9947 3.46493 0 0.138608 0 
2 1 0 7.26743 0.110584 26.5958 -0.913218 -4.99695 -0.913218 -4.99695 3.46718 0 0.138452 0 
2 1 0 7.27189 0.110584 26.5958 -0.913522 -4.99919 -0.913522 -4.99919 3.46942 0 0.138297 0 
2 1 0 7.27635 0.110584 26.5958 -0.913826 -5.00144 -0.913826 -5.00144 3.47163 0 0.138142 0 
2 1 0 7.28081 0.110584 26.5958 -0.914129 -5.00368 -0.914129 -5.00368 3.47382 0 0.137989 0 
2 1 0 7.28526 0.110584 26.5958 -0.914433 -5.00593 -0.914433 -5.00593 3.47599 0 0.137837 0 
2 1 0 7.28972 0.110584 26.5958 -0.914736 -5.00817 -0.914736 -5.00817 3.47815 0 0.137686 0 
2 1 0 7.29418 0.110584 26.5958 -0.915039 -5.01041 -0.915039 -5.01041 3.48028 0 0.137536 0 
2 1 0 7.29864 0.110584 26.5958 -0.915342 -5.01266 -0.915342 -5.01266 3.48239 0 0.137387 0 
2 1 0 7.30309 0.110584 26.5958 -0.915645 -5.0149 -0.915645 -5.0149 3.48448 0 0.137238 0 
2 1 0 7.30755 0.110584 26.5958 -0.915948 -5.01715 -0.915948 -5.01715 3.48655 0 0.137091 0 
2 1 0 7.31201 0.110584 26.5958 -0.91625 -5.01939 -0.91625 -5.01939 3.4886 0 0.136945 0 
2 1 0 7.31647 0.110584 26.5958 -0.916553 -5.02164 -0.916553 -5.02164 3.49063 0 0.1368 0 
2 1 0 7.32092 0.110584 26.5958 -0.916855 -5.02388 -0.916855 -5.02388 3.49264 0 0.136656 0 
2 1 0 7.32538 0.110584 26.5958 -0.917158 -5.02613 -0.917158 -5.02613 3.49463 0 0.136512 0 
2 1 0 7.32984 0.110584 26.5958 -0.91746 -5.02838 -0.91746 -5.02838 3.4966 0 0.13637 0 
2 1 0 7.3343 0.110584 26.5958 -0.917762 -5.03062 -0.917762 -5.03062 3.49855 0 0.136229 0 
2 1 0 7.33875 0.110584 26.5958 -0.918063 -5.03287 -0.918063 -5.03287 3.50048 0 0.136089 0 
2 1 0 7.34321 0.110584 26.5958 -0.918365 -5.03511 -0.918365 -5.03511 3.50239 0 0.135949 0 
2 1 0 7.34767 0.110584 26.5958 -0.918667 -5.03736 -0.918667 -5.03736 3.50428 0 0.135811 0 
2 1 0 7.35212 0.110584 26.5958 -0.918968 -5.0396 -0.918968 -5.0396 3.50615 0 0.135673 0 
2 1 0 7.35658 0.110584 26.5958 -0.919269 -5.04185 -0.919269 -5.04185 3.508 0 0.135537 0 
2 1 0 7.36104 0.110584 26.5958 -0.91957 -5.0441 -0.91957 -5.0441 3.50983 0 0.135401 0 
2 1 0 7.36549 0.110584 26.5958 -0.919871 -5.04634 -0.919871 -5.04634 3.51164 0 0.135266 0 
2 1 0 7.36995 0.110584 26.5958 -0.920172 -5.04859 -0.920172 -5.04859 3.51343 0 0.135133 0 
2 1 0 7.37441 0.110584 26.5958 -0.920473 -5.05084 -0.920473 -5.05084 3.5152 0 0.135 0 
2 1 0 7.37886 0.110584 26.5958 -0.920774 -5.05308 -0.920774 -5.05308 3.51695 0 0.134868 0 
2 1 0 7.38332 0.110584 26.5958 -0.921074 -5.05533 -0.921074 -5.05533 3.51868 0 0.134737 0 
2 1 0 7.38778 0.110584 26.5958 -0.921374 -5.05757 -0.921374 -5.05757 3.52039 0 0.134607 0 
2 1 0 7.39223 0.110584 26.5958 -0.921675 -5.05982 -0.921675 -5.05982 3.52208 0 0.134478 0 
2 1 0 7.39669 0.110584 26.5958 -0.921975 -5.06207 -0.921975 -5.06207 3.52375 0 0.134349 0 
2 1 0 7.40115 0.110584 26.5958 -0.922275 -5.06432 -0.922275 -5.06432 3.5254 0 0.134222 0 
2 1 0 7.4056 0.110584 26.5958 -0.922574 -5.06656 -0.922574 -5.06656 3.52703 0 0.134096 0 
2 1 0 7.41006 0.110584 26.5958 -0.922874 -5.06881 -0.922874 -5.06881 3.52864 0 0.13397 0 
2 1 0 7.41452 0.110584 26.5958 -0.923174 -5.07106 -0.923174 -5.07106 3.53023 0 0.133845 0 
2 1 0 7.41897 0.110584 26.5958 -0.923473 -5.07331 -0.923473 -5.07331 3.53181 0 0.133721 0 
2 1 0 7.42343 0.110584 26.5958 -0.923772 -5.07555 -0.923772 -5.07555 3.53336 0 0.133598 0 
2 1 0 7.42789 0.110584 26.5958 -0.924072 -5.0778 -0.924072 -5.0778 3.53489 0 0.133476 0 
2 1 0 7.43234 0.110584 26.5958 -0.924371 -5.08005 -0.924371 -5.08005 3.5364 0 0.133355 0 
2 1 0 7.4368 0.110584 26.5958 -0.92467 -5.0823 -0.92467 -5.0823 3.5379 0 0.133235 0 
2 1 0 7.44125 0.110584 26.5958 -0.924968 -5.08454 -0.924968 -5.08454 3.53937 0 0.133115 0 
2 1 0 7.44571 0.110584 26.5958 -0.925267 -5.08679 -0.925267 -5.08679 3.54083 0 0.132997 0 
2 1 0 7.45017 0.110584 26.5958 -0.925565 -5.08904 -0.925565 -5.08904 3.54226 0 0.132879 0 
2 1 0 7.45462 0.110584 26.5958 -0.925864 -5.09129 -0.925864 -5.09129 3.54368 0 0.132762 0 
2 1 0 7.45908 0.110584 26.5958 -0.926162 -5.09354 -0.926162 -5.09354 3.54507 0 0.132646 0 
2 1 0 7.46353 0.110584 26.5958 -0.92646 -5.09579 -0.92646 -5.09579 3.54645 0 0.13253 0 
2 1 0 7.46799 0.110584 26.5958 -0.926758 -5.09803 -0.926758 -5.09803 3.54781 0 0.132416 0 
2 1 0 7.47245 0.110584 26.5958 -0.927056 -5.10028 -0.927056 -5.10028 3.54915 0 0.132302 0 
2 1 0 7.4769 0.110584 26.5958 -0.927354 -5.10253 -0.927354 -5.10253 3.55046 0 0.13219 0 
2 1 0 7.48136 0.110584 26.5958 -0.927651 -5.10478 -0.927651 -5.10478 3.55176 0 0.132078 0 
2 1 0 7.48581 0.110584 26.5958 -0.927949 -5.10703 -0.927949 -5.10703 3.55304 0 0.131966 0 
2 1 0 7.49027 0.110584 26.5958 -0.928246 -5.10928 -0.928246 -5.10928 3.5543 0 0.131856 0 
2 1 0 7.49472 0.110584 26.5958 -0.928543 -5.11153 -0.928543 -5.11153 3.55555 0 0.131747 0 
2 1 0 7.49918 0.110584 26.5958 -0.928841 -5.11378 -0.928841 -5.11378 3.55677 0 0.131638 0 
2 1 0 7.50364 0.110584 26.5958 -0.929138 -5.11603 -0.929138 -5.11603 3.55797 0 0.13153 0 
2 1 0 7.50809 0.110584 26.5958 -0.929434 -5.11828 -0.929434 -5.11828 3.55915 0 0.131423 0 
2 1 0 7.51255 0.110584 26.5958 -0.929731 -5.12053 -0.929731 -5.12053 3.56032 0 0.131317 0 
2 1 0 7.517 0.110584 26.5958 -0.930028 -5.12278 -0.930028 -5.12278 3.56146 0 0.131211 0 
2 1 0 7.52146 0.110584 26.5958 -0.930324 -5.12503 -0.930324 -5.12503 3.56259 0 0.131106 0 
2 1 0 7.52591 0.110584 26.5958 -0.930621 -5.12728 -0.930621 -5.12728 3.56369 0 0.131003 0 
2 1 0 7.53037 0.110584 26.5958 -0.930917 -5.12953 -0.930917 -5.12953 3.56478 0 0.1309 0 
2 1 0 7.53482 0.110584 26.5958 -0.931213 -5.13178 -0.931213 -5.13178 3.56585 0 0.130797 0 
2 1 0 7.53928 0.110584 26.5958 -0.931509 -5.13403 -0.931509 -5.13403 3.5669 0 0.130696 0 
2 1 0 7.54373 0.110584 26.5958 -0.931805 -5.13628 -0.931805 -5.13628 3.56793 0 0.130595 0 
2 1 0 7.54819 0.110584 26.5958 -0.9321 -5.13853 -0.9321 -5.13853 3.56894 0 0.130495 0 
2 1 0 7.55264 0.110584 26.5958 -0.932396 -5.14078 -0.932396 -5.14078 3.56993 0 0.130396 0 
2 1 0 7.5571 0.110584 26.5958 -0.932691 -5.14303 -0.932691 -5.14303 3.57091 0 0.130297 0 
2 1 0 7.56155 0.110584 26.5958 -0.932987 -5.14529 -0.932987 -5.14529 3.57186 0 0.1302 0 
2 1 0 7.56601 0.110584 26.5958 -0.933282 -5.14754 -0.933282 -5.14754 3.57279 0 0.130103 0 
2 1 0 7.57046 0.110584 26.5958 -0.933577 -5.14979 -0.933577 -5.14979 3.57371 0 0.130007 0 
2 1 0 7.57491 0.110584 26.5958 -0.933872 -5.15204 -0.933872 -5.15204 3.57461 0 0.129911 0 
2 1 0 7.57937 0.110584 26.5958 -0.934167 -5.15429 -0.934167 -5.15429 3.57548 0 0.129817 0 
2 1 0 7.58382 0.110584 26.5958 -0.934461 -5.15654 -0.934461 -5.15654 3.57634 0 0.129723 0 
2 1 0 7.58828 0.110584 26.5958 -0.934756 -5.1588 -0.934756 -5.1588 3.57718 0 0.12963 0 
2 1 0 7.59273 0.110584 26.5958 -0.93505 -5.16105 -0.93505 -5.16105 3.578 0 0.129537 0 
2 1 0 7.59719 0.110584 26.5958 -0.935345 -5.1633 -0.935345 -5.1633 3.57881 0 0.129446 0 
2 1 0 7.60164 0.110584 26.5958 -0.935639 -5.16555 -0.935639 -5.16555 3.57959 0 0.129355 0 
2 1 0 7.60609 0.110584 26.5958 -0.935933 -5.16781 -0.935933 -5.16781 3.58035 0 0.129265 0 
2 1 0 7.61055 0.110584 26.5958 -0.936227 -5.17006 -0.936227 -5.17006 3.5811 0 0.129175 0 
2 1 0 7.615 0.110584 26.5958 -0.936521 -5.17231 -0.936521 -5.17231 3.58183 0 0.129087 0 
2 1 0 7.61946 0.110584 26.5958 -0.936815 -5.17456 -0.936815 -5.17456 3.58253 0 0.128999 0 
2 1 0 7.62391 0.110584 26.5958 -0.937108 -5.17682 -0.937108 -5.17682 3.58322 0 0.128911 0 
2 1 0 7.62836 0.110584 26.5958 -0.937402 -5.17907 -0.937402 -5.17907 3.58389 0 0.128825 0 
2 1 0 7.63282 0.110584 26.5958 -0.937695 -5.18132 -0.937695 -5.18132 3.58455 0 0.128739 0 
2 1 0 7.63727 0.110584 26.5958 -0.937988 -5.18358 -0.937988 -5.18358 3.58518 0 0.128654 0 
2 1 0 7.64173 0.110584 26.5958 -0.938281 -5.18583 -0.938281 -5.18583 3.58579 0 0.12857 0 
2 1 0 7.64618 0.110584 26.5958 -0.938574 -5.18809 -0.938574 -5.18809 3.58639 0 0.128486 0 
2 1 0 7.65063 0.110584 26.5958 -0.938867 -5.19034 -0.938867 -5.19034 3.58696 0 0.128404 0 
2 1 0 7.65509 0.110584 26.5958 -0.93916 -5.19259 -0.93916 -5.19259 3.58752 0 0.128321 0 
2 1 0 7.65954 0.110584 26.5958 -0.939453 -5.19485 -0.939453 -5.19485 3.58806 0 0.12824 0 
2 1 0 7.66399 0.110584 26.5958 -0.939745 -5.1971 -0.939745 -5.1971 3.58858 0 0.128159 0 
2 1 0 7.66845 0.110584 26.5958 -0.940037 -5.19936 -0.940037 -5.19936 3.58908 0 0.128079 0 
2 1 0 7.6729 0.110584 26.5958 -0.94033 -5.20161 -0.94033 -5.20161 3.58957 0 0.128 0 
2 1 0 7.67735 0.110584 26.5958 -0.940622 -5.20387 -0.940622 -5.20387 3.59003 0 0.127921 0 
2 1 0 7.68181 0.110584 26.5958 -0.940914 -5.20612 -0.940914 -5.20612 3.59048 0 0.127844 0 
2 1 0 7.68626 0.110584 26.5958 -0.941206 -5.20838 -0.941206 -5.20838 3.59091 0 0.127766 0 
2 1 0 7.69071 0.110584 26.5958 -0.941498 -5.21063 -0.941498 -5.21063 3.59132 0 0.12769 0 
2 1 0 7.69516 0.110584 26.5958 -0.941789 -5.21289 -0.941789 -5.21289 3.59171 0 0.127614 0 
2 1 0 7.69962 0.110584 26.5958 -0.942081 -5.21514 -0.942081 -5.21514 3.59208 0 0.127539 0 
2 1 0 7.70407 0.110584 26.5958 -0.942372 -5.2174 -0.942372 -5.2174 3.59243 0 0.127465 0 
2 1 0 7.70852 0.110584 26.5958 -0.942664 -5.21965 -0.942664 -5.21965 3.59277 0 0.127391 0 
2 1 0 7.71298 0.110584 26.5958 -0.942955 -5.22191 -0.942955 -5.22191 3.59308 0 0.127318 0 
2 1 0 7.71743 0.110584 26.5958 -0.943246 -5.22417 -0.943246 -5.22417 3.59338 0 0.127246 0 
2 1 0 7.72188 0.110584 26.5958 -0.943537 -5.22642 -0.943537 -5.22642 3.59366 0 0.127174 0 
2 1 0 7.72633 0.110584 26.5958 -0.943828 -5.22868 -0.943828 -5.22868 3.59392 0 0.127103 0 
2 1 0 7.73079 0.110584 26.5958 -0.944118 -5.23093 -0.944118 -5.23093 3.59416 0 0.127033 0 
2 1 0 7.73524 0.110584 26.5958 -0.944409 -5.23319 -0.944409 -5.23319 3.59439 0 0.126963 0 
2 1 0 7.73969 0.110584 26.5958 -0.944699 -5.23545 -0.944699 -5.23545 3.59459 0 0.126894 0 
2 1 0 7.74414 0.110584 26.5958 -0.94499 -5.2377 -0.94499 -5.2377 3.59478 0 0.126826 0 
2 1 0 7.74859 0.110584 26.5958 -0.94528 -5.23996 -0.94528 -5.23996 3.59495 0 0.126758 0 
2 1 0 7.75305 0.110584 26.5958 -0.94557 -5.24222 -0.94557 -5.24222 3.5951 0 0.126692 0 
2 1 0 7.7575 0.110584 26.5958 -0.94586 -5.24448 -0.94586 -5.24448 3.59523 0 0.126625 0 
2 1 0 7.76195 0.110584 26.5958 -0.94615 -5.24673 -0.94615 -5.24673 3.59534 0 0.12656 0 
2 1 0 7.7664 0.110584 26.5958 -0.94644 -5.24899 -0.94644 -5.24899 3.59544 0 0.126495 0 
2 1 0 7.77085 0.110584 26.5958 -0.94673 -5.25125 -0.94673 -5.25125 3.59551 0 0.126431 0 
2 1 0 7.77531 0.110584 26.5958 -0.947019 -5.25351 -0.947019 -5.25351 3.59557 0 0.126367 0 
2 1 0 7.77976 0.110584 26.5958 -0.947309 -5.25577 -0.947309 -5.25577 3.59561 0 0.126304 0 
2 1 0 7.78421 0.110584 26.5958 -0.947598 -5.25802 -0.947598 -5.25802 3.59563 0 0.126242 0 
2 1 0 7.78866 0.110584 26.5958 -0.947887 -5.26028 -0.947887 -5.26028 3.59564 0 0.126181 0 
2 1 0 7.79311 0.110584 26.5958 -0.948176 -5.26254 -0.948176 -5.26254 3.59562 0 0.12612 0 
2 1 0 7.79756 0.110584 26.5958 -0.948465 -5.2648 -0.948465 -5.2648 3.59559 0 0.12606 0 
2 1 0 7.80201 0.110584 26.5958 -0.948754 -5.26706 -0.948754 -5.26706 3.59554 0 0.126 0 
2 1 0 7.80647 0.110584 26.5958 -0.949043 -5.26932 -0.949043 -5.26932 3.59547 0 0.125941 0 
2 1 0 7.81092 0.110584 26.5958 -0.949331 -5.27158 -0.949331 -5.27158 3.59538 0 0.125883 0 
2 1 0 7.81537 0.110584 26.5958 -0.94962 -5.27384 -0.94962 -5.27384 3.59527 0 0.125825 0 
2 1 0 7.81982 0.110584 26.5958 -0.949908 -5.27609 -0.949908 -5.27609 3.59515 0 0.125768 0 
2 1 0 7.82427 0.110584 26.5958 -0.950197 -5.27835 -0.950197 -5.27835 3.59501 0 0.125712 0 
2 1 0 7.82872 0.110584 26.5958 -0.950485 -5.28061 -0.950485 -5.28061 3.59484 0 0.125657 0 
2 1 0 7.83317 0.110584 26.5958 -0.950773 -5.28287 -0.950773 -5.28287 3.59467 0 0.125602 0 
2 1 0 7.83762 0.110584 26.5958 -0.951061 -5.28513 -0.951061 -5.28513 3.59447 0 0.125547 0 
2 1 0 7.84207 0.110584 26.5958 -0.951349 -5.28739 -0.951349 -5.28739 3.59425 0 0.125494 0 
2 1 0 7.84652 0.110584 26.5958 -0.951636 -5.28965 -0.951636 -5.28965 3.59402 0 0.125441 0 
2 1 0 7.85097 0.110584 26.5958 -0.951924 -5.29191 -0.951924 -5.29191 3.59377 0 0.125388 0 
2 1 0 7.85543 0.110584 26.5958 -0.952212 -5.29418 -0.952212 -5.29418 3.5935 0 0.125337 0 
2 1 0 7.85988 0.110584 26.5958 -0.952499 -5.29644 -0.952499 -5.29644 3.59321 0 0.125285 0 
2 1 0 7.86433 0.110584 26.5958 -0.952786 -5.2987 -0.952786 -5.2987 3.5929 0 0.125235 0 
2 1 0 7.86878 0.110584 26.5958 -0.953073 -5.30096 -0.953073 -5.30096 3.59258 0 0.125185 0 
2 1 0 7.87323 0.110584 26.5958 -0.953361 -5.30322 -0.953361 -5.30322 3.59223 0 0.125136 0 
2 1 0 7.87768 0.110584 26.5958 -0.953648 -5.30548 -0.953648 -5.30548 3.59187 0 0.125088 0 
2 1 0 7.88213 0.110584 26.5958 -0.953934 -5.30774 -0.953934 -5.30774 3.59149 0 0.12504 0 
2 1 0 7.88658 0.110584 26.5958 -0.954221 -5.31 -0.954221 -5.31 3.59109 0 0.124993 0 
2 1 0 7.89103 0.110584 26.5958 -0.954508 -5.31227 -0.954508 -5.31227 3.59068 0 0.124946 0 
2 1 0 7.89548 0.110584 26.5958 -0.954794 -5.31453 -0.954794 -5.31453 3.59024 0 0.1249 0 
2 1 0 7.89993 0.110584 26.5958 -0.955081 -5.31679 -0.955081 -5.31679 3.58979 0 0.124855 0 
2 1 0 7.90438 0.110584 26.5958 -0.955367 -5.31905 -0.955367 -5.31905 3.58932 0 0.12481 0 
2 1 0 7.90883 0.110584 26.5958 -0.955653 -5.32131 -0.955653 -5.32131 3.58883 0 0.124766 0 
2 1 0 7.91328 0.110584 26.5958 -0.955939 -5.32358 -0.955939 -5.32358 3.58833 0 0.124723 0 
2 1 0 7.91773 0.110584 26.5958 -0.956225 -5.32584 -0.956225 -5.32584 3.5878 0 0.12468 0 
2 1 0 7.92218 0.110584 26.5958 -0.956511 -5.3281 -0.956511 -5.3281 3.58726 0 0.124638 0 
2 1 0 7.92662 0.110584 26.5958 -0.956797 -5.33036 -0.956797 -5.33036 3.5867 0 0.124596 0 
2 1 0 7.93107 0.110584 26.5958 -0.957083 -5.33263 -0.957083 -5.33263 3.58612 0 0.124556 0 
2 1 0 7.93552 0.110584 26.5958 -0.957368 -5.33489 -0.957368 -5.33489 3.58553 0 0.124515 0 
2 1 0 7.93997 0.110584 26.5958 -0.957654 -5.33715 -0.957654 -5.33715 3.58491 0 0.124476 0 
2 1 0 7.94442 0.110584 26.5958 -0.957939 -5.33942 -0.957939 -5.33942 3.58428 0 0.124437 0 
2 1 0 7.94887 0.110584 26.5958 -0.958224 -5.34168 -0.958224 -5.34168 3.58363 0 0.124399 0 
2 1 0 7.95332 0.110584 26.5958 -0.958509 -5.34395 -0.958509 -5.34395 3.58296 0 0.124361 0 
2 1 0 7.95777 0.110584 26.5958 -0.958794 -5.34621 -0.958794 -5.34621 3.58227 0 0.124324 0 
2 1 0 7.96222 0.110584 26.5958 -0.959079 -5.34847 -0.959079 -5.34847 3.58157 0 0.124288 0 
2 1 0 7.96667 0.110584 26.5958 -0.959364 -5.35074 -0.959364 -5.35074 3.58084 0 0.124252 0 
2 1 0 7.97112 0.110584 26.5958 -0.959649 -5.353 -0.959649 -5.353 3.5801 0 0.124217 0 
2 1 0 7.97556 0.110584 26.5958 -0.959933 -5.35527 -0.959933 -5.35527 3.57934 0 0.124182 0 
2 1 0 7.98001 0.110584 26.5958 -0.960218 -5.35753 -0.960218 -5.35753 3.57857 0 0.124148 0 
2 1 0 7.98446 0.110584 26.5958 -0.960502 -5.3598 -0.960502 -5.3598 3.57777 0 0.124115 0 
2 1 0 7.98891 0.110584 26.5958 -0.960786 -5.36206 -0.960786 -5.36206 3.57696 0 0.124082 0 
2 1 0 7.99336 0.110584 26.5958 -0.961071 -5.36433 -0.961071 -5.36433 3.57613 0 0.12405 0 
2 1 0 7.99781 0.110584 26.5958 -0.961355 -5.36659 -0.961355 -5.36659 3.57528 0 0.124019 0 
2 1 0 8.00225 0.110584 26.5958 -0.961639 -5.36886 -0.961639 -5.36886 3.57441 0 0.123988 0 
2 1 0 8.0067 0.110584 26.5958 -0.961923 -5.37112 -0.961923 -5.37112 3.57352 0 0.123958 0 
2 1 0 8.01115 0.110584 26.5958 -0.962206 -5.37339 -0.962206 -5.37339 3.57262 0 0.123929 0 
2 1 0 8.0156 0.110584 26.5958 -0.96249 -5.37565 -0.96249 -5.37565 3.5717 0 0.1239 0 
2 1 0 8.02005 0.110584 26.5958 -0.962774 -5.37792 -0.962774 -5.37792 3.57076 0 0.123872 0 
2 1 0 8.02449 0.110584 26.5958 -0.963057 -5.38019 -0.963057 -5.38019 3.5698 0 0.123844 0 
2 1 0 8.02894 0.110584 26.5958 -0.96334 -5.38245 -0.96334 -5.38245 3.56882 0 0.123817 0 
2 1 0 8.03339 0.110584 26.5958 -0.963624 -5.38472 -0.963624 -5.38472 3.56783 0 0.123791 0 
2 1 0 8.03784 0.110584 26.5958 -0.963907 -5.38699 -0.963907 -5.38699 3.56682 0 0.123765 0 
2 1 0 8.04229 0.110584 26.5958 -0.96419 -5.38925 -0.96419 -5.38925 3.56579 0 0.12374 0 
2 1 0 8.04673 0.110584 26.5958 -0.964473 -5.39152 -0.964473 -5.39152 3.56474 0 0.123716 0 
2 1 0 8.05118 0.110584 26.5958 -0.964756 -5.39379 -0.964756 -5.39379 3.56368 0 0.123692 0 
2 1 0 8.05563 0.110584 26.5958 -0.965038 -5.39605 -0.965038 -5.39605 3.56259 0 0.123669 0 
2 1 0 8.06008 0.110584 26.5958 -0.965321 -5.39832 -0.965321 -5.39832 3.56149 0 0.123646 0 
2 1 0 8.06452 0.110584 26.5958 -0.965604 -5.40059 -0.965604 -5.40059 3.56037 0 0.123624 0 
2 1 0 8.06897 0.110584 26.5958 -0.965886 -5.40286 -0.965886 -5.40286 3.55923 0 0.123603 0 
2 1 0 8.07342 0.110584 26.5958 -0.966168 -5.40512 -0.966168 -5.40512 3.55807 0 0.123583 0 
2 1 0 8.07786 0.110584 26.5958 -0.966451 -5.40739 -0.966451 -5.40739 3.5569 0 0.123563 0 
2 1 0 8.08231 0.110584 26.5958 -0.966733 -5.40966 -0.966733 -5.40966 3.55571 0 0.123543 0 
2 1 0 8.08676 0.110584 26.5958 -0.967015 -5.41193 -0.967015 -5.41193 3.5545 0 0.123524 0 
2 1 0 8.09121 0.110584 26.5958 -0.967297 -5.4142 -0.967297 -5.4142 3.55327 0 0.123506 0 
2 1 0 8.09565 0.110584 26.5958 -0.967579 -5.41646 -0.967579 -5.41646 3.55202 0 0.123489 0 
2 1 0 8.1001 0.110584 26.5958 -0.96786 -5.41873 -0.96786 -5.41873 3.55076 0 0.123472 0 
2 1 0 8.10455 0.110584 26.5958 -0.968142 -5.421 -0.968142 -5.421 3.54947 0 0.123456 0 
2 1 0 8.10899 0.110584 26.5958 -0.968424 -5.42327 -0.968424 -5.42327 3.54817 0 0.12344 0 
2 1 0 8.11344 0.110584 26.5958 -0.968705 -5.42554 -0.968705 -5.42554 3.54685 0 0.123425 0 
2 1 0 8.11789 0.110584 26.5958 -0.968987 -5.42781 -0.968987 -5.42781 3.54552 0 0.123411 0 
2 1 0 8.12233 0.110584 26.5958 -0.969268 -5.43008 -0.969268 -5.43008 3.54416 0 0.123398 0 
2 1 0 8.12678 0.110584 26.5958 -0.969549 -5.43235 -0.969549 -5.43235 3.54279 0 0.123385 0 
2 1 0 8.13123 0.110584 26.5958 -0.96983 -5.43462 -0.96983 -5.43462 3.5414 0 0.123372 0 
2 1 0 8.13567 0.110584 26.5958 -0.970111 -5.43689 -0.970111 -5.43689 3.53999 0 0.123361 0 
2 1 0 8.14012 0.110584 26.5958 -0.970392 -5.43916 -0.970392 -5.43916 3.53856 0 0.123349 0 
2 1 0 8.14456 0.110584 26.5958 -0.970673 -5.44143 -0.970673 -5.44143 3.53711 0 0.123339 0 
2 1 0 8.14901 0.110584 26.5958 -0.970953 -5.4437 -0.970953 -5.4437 3.53565 0 0.123329 0 
2 1 0 8.15346 0.110584 26.5958 -0.971234 -5.44597 -0.971234 -5.44597 3.53417 0 0.12332 0 
2 1 0 8.1579 0.110584 26.5958 -0.971515 -5.44824 -0.971515 -5.44824 3.53267 0 0.123312 0 
2 1 0 8.16235 0.110584 26.5958 -0.971795 -5.45051 -0.971795 -5.45051 3.53115 0 0.123304 0 
2 1 0 8.16679 0.110584 26.5958 -0.972075 -5.45278 -0.972075 -5.45278 3.52961 0 0.123297 0 
2 1 0 8.17124 0.110584 26.5958 -0.972356 -5.45505 -0.972356 -5.45505 3.52806 0 0.12329 0 
2 1 0 8.17569 0.110584 26.5958 -0.972636 -5.45732 -0.972636 -5.45732 3.52648 0 0.123284 0 
2 1 0 8.18013 0.110584 26.5958 -0.972916 -5.45959 -0.972916 -5.45959 3.52489 0 0.123279 0 
2 1 0 8.18458 0.110584 26.5958 -0.973196 -5.46186 -0.973196 -5.46186 3.52328 0 0.123274 0 
2 1 0 8.18902 0.110584 26.5958 -0.973476 -5.46413 -0.973476 -5.46413 3.52165 0 0.12327 0 
2 1 0 8.19347 0.110584 26.5958 -0.973755 -5.46641 -0.973755 -5.46641 3.52001 0 0.123267 0 
2 1 0 8.19791 0.110584 26.5958 -0.974035 -5.46868 -0.974035 -5.46868 3.51834 0 0.123265 0 
2 1 0 8.20236 0.110584 26.5958 -0.974315 -5.47095 -0.974315 -5.47095 3.51666 0 0.123263 0 
2 1 0 8.2068 0.110584 26.5958 -0.974594 -5.47322 -0.974594 -5.47322 3.51496 0 0.123261 0 
2 1 0 8.21125 0.110584 26.5958 -0.974874 -5.47549 -0.974874 -5.47549 3.51324 0 0.123261 0 
2 1 0 8.21569 0.110584 26.5958 -0.975153 -5.47777 -0.975153 -5.47777 3.5115 0 0.123261 0 
2 1 0 8.22014 0.110584 26.5958 -0.975432 -5.48004 -0.975432 -5.48004 3.50974 0 0.123261 0 
2 1 0 8.22458 0.110584 26.5958 -0.975711 -5.48231 -0.975711 -5.48231 3.50797 0 0.123263 0 
2 1 0 8.22903 0.110584 26.5958 -0.97599 -5.48458 -0.97599 -5.48458 3.50618 0 0.123265 0 
2 1 0 8.23347 0.110584 26.5958 -0.976269 -5.48686 -0.976269 -5.48686 3.50437 0 0.123267 0 
2 1 0 8.23792 0.110584 26.5958 -0.976548 -5.48913 -0.976548 -5.48913 3.50254 0 0.123271 0 
2 1 0 8.24236 0.110584 26.5958 -0.976827 -5.4914 -0.976827 -5.4914 3.50069 0 0.123275 0 
2 1 0 8.24681 0.110584 26.5958 -0.977106 -5.49367 -0.977106 -5.49367 3.49882 0 0.123279 0 
2 1 0 8.25125 0.110584 26.5958 -0.977384 -5.49595 -0.977384 -5.49595 3.49694 0 0.123285 0 
2 1 0 8.2557 0.110584 26.5958 -0.977663 -5.49822 -0.977663 -5.49822 3.49503 0 0.123291 0 
2 1 0 8.26014 0.110584 26.5958 -0.977941 -5.50049 -0.977941 -5.50049 3.49311 0 0.123298 0 
2 1 0 8.26459 0.110584 26.5958 -0.978219 -5.50277 -0.978219 -5.50277 3.49117 0 0.123305 0 
2 1 0 8.26903 0.110584 26.5958 -0.978498 -5.50504 -0.978498 -5.50504 3.48921 0 0.123313 0 
2 1 0 8.27348 0.110584 26.5958 -0.978776 -5.50732 -0.978776 -5.50732 3.48724 0 0.123322 0 
2 1 0 8.27792 0.110584 26.5958 -0.979054 -5.50959 -0.979054 -5.50959 3.48524 0 0.123331 0 
2 1 0 8.28236 0.110584 26.5958 -0.979332 -5.51186 -0.979332 -5.51186 3.48323 0 0.123341 0 
2 1 0 8.28681 0.110584 26.5958 -0.97961 -5.51414 -0.97961 -5.51414 3.48119 0 0.123352 0 
2 1 0 8.29125 0.110584 26.5958 -0.979888 -5.51641 -0.979888 -5.51641 3.47914 0 0.123364 0 
2 1 0 8.2957 0.110584 26.5958 -0.980165 -5.51869 -0.980165 -5.51869 3.47707 0 0.123376 0 
2 1 0 8.30014 0.110584 26.5958 -0.980443 -5.52096 -0.980443 -5.52096 3.47498 0 0.123389 0 
2 1 0 8.30458 0.110584 26.5958 -0.980721 -5.52324 -0.980721 -5.52324 3.47287 0 0.123402 0 
2 1 0 8.30903 0.110584 26.5958 -0.980998 -5.52551 -0.980998 -5.52551 3.47075 0 0.123417 0 
2 1 0 8.31347 0.110584 26.5958 -0.981276 -5.52779 -0.981276 -5.52779 3.4686 0 0.123432 0 
2 1 0 8.31792 0.110584 26.5958 -0.981553 -5.53006 -0.981553 -5.53006 3.46644 0 0.123447 0 
2 1 0 8.32236 0.110584 26.5958 -0.98183 -5.53234 -0.98183 -5.53234 3.46426 0 0.123464 0 
2 1 0 8.3268 0.110584 26.5958 -0.982107 -5.53461 -0.982107 -5.53461 3.46206 0 0.123481 0 
2 1 0 8.33125 0.110584 26.5958 -0.982384 -5.53689 -0.982384 -5.53689 3.45984 0 0.123499 0 
2 1 0 8.33569 0.110584 26.5958 -0.982661 -5.53916 -0.982661 -5.53916 3.4576 0 0.123517 0 
2 1 0 8.34013 0.110584 26.5958 -0.982938 -5.54144 -0.982938 -5.54144 3.45534 0 0.123536 0 
2 1 0 8.34458 0.110584 26.5958 -0.983215 -5.54371 -0.983215 -5.54371 3.45306 0 0.123556 0 
2 1 0 8.34902 0.110584 26.5958 -0.983492 -5.54599 -0.983492 -5.54599 3.45077 0 0.123577 0 
2 1 0 8.35346 0.110584 26.5958 -0.983768 -5.54826 -0.983768 -5.54826 3.44845 0 0.123599 0 
2 1 0 8.35791 0.110584 26.5958 -0.984045 -5.55054 -0.984045 -5.55054 3.44612 0 0.123621 0 
2 1 0 8.36235 0.110584 26.5958 -0.984322 -5.55282 -0.984322 -5.55282 3.44377 0 0.123644 0 
2 1 0 8.36679 0.110584 26.5958 -0.984598 -5.55509 -0.984598 -5.55509 3.4414 0 0.123667 0 
2 1 0 8.37124 0.110584 26.5958 -0.984874 -5.55737 -0.984874 -5.55737 3.43901 0 0.123692 0 
2 1 0 8.37568 0.110584 26.5958 -0.985151 -5.55965 -0.985151 -5.55965 3.4366 0 0.123717 0 
2 1 0 8.38012 0.110584 26.5958 -0.985427 -5.56192 -0.985427 -5.56192 3.43417 0 0.123742 0 
2 1 0 8.38457 0.110584 26.5958 -0.985703 -5.5642 -0.985703 -5.5642 3.43172 0 0.123769 0 
2 1 0 8.38901 0.110584 26.5958 -0.985979 -5.56648 -0.985979 -5.56648 3.42925 0 0.123796 0 
2 1 0 8.39345 0.110584 26.5958 -0.986255 -5.56875 -0.986255 -5.56875 3.42677 0 0.123824 0 
2 1 0 8.39789 0.110584 26.5958 -0.986531 -5.57103 -0.986531 -5.57103 3.42426 0 0.123853 0 
2 1 0 8.40234 0.110584 26.5958 -0.986807 -5.57331 -0.986807 -5.57331 3.42174 0 0.123883 0 
2 1 0 8.40678 0.110584 26.5958 -0.987082 -5.57558 -0.987082 -5.57558 3.41919 0 0.123913 0 
2 1 0 8.41122 0.110584 26.5958 -0.987358 -5.57786 -0.987358 -5.57786 3.41663 0 0.123944 0 
2 1 0 8.41567 0.110584 26.5958 -0.987634 -5.58014 -0.987634 -5.58014 3.41405 0 0.123976 0 
2 1 0 8.42011 0.110584 26.5958 -0.987909 -5.58242 -0.987909 -5.58242 3.41145 0 0.124009 0 
2 1 0 8.42455 0.110584 26.5958 -0.988184 -5.58469 -0.988184 -5.58469 3.40883 0 0.124042 0 
2 1 0 8.42899 0.110584 26.5958 -0.98846 -5.58697 -0.98846 -5.58697 3.40618 0 0.124076 0 
2 1 0 8.43344 0.110584 26.5958 -0.988735 -5.58925 -0.988735 -5.58925 3.40352 0 0.124111 0 
2 1 0 8.43788 0.110584 26.5958 -0.98901 -5.59153 -0.98901 -5.59153 3.40084 0 0.124147 0 
2 1 0 8.44232 0.110584 26.5958 -0.989285 -5.59381 -0.989285 -5.59381 3.39815 0 0.124184 0 
2 1 0 8.44676 0.110584 26.5958 -0.989561 -5.59608 -0.989561 -5.59608 3.39543 0 0.124221 0 
2 1 0 8.45121 0.110584 26.5958 -0.989835 -5.59836 -0.989835 -5.59836 3.39269 0 0.124259 0 
2 1 0 8.45565 0.110584 26.5958 -0.99011 -5.60064 -0.99011 -5.60064 3.38993 0 0.124298 0 
2 1 0 8.46009 0.110584 26.5958 -0.990385 -5.60292 -0.990385 -5.60292 3.38715 0 0.124338 0 
2 1 0 8.46453 0.110584 26.5958 -0.99066 -5.6052 -0.99066 -5.6052 3.38435 0 0.124379 0 
2 1 0 8.46897 0.110584 26.5958 -0.990935 -5.60748 -0.990935 -5.60748 3.38154 0 0.12442 0 
2 1 0 8.47342 0.110584 26.5958 -0.991209 -5.60975 -0.991209 -5.60975 3.3787 0 0.124462 0 
2 1 0 8.47786 0.110584 26.5958 -0.991484 -5.61203 -0.991484 -5.61203 3.37584 0 0.124505 0 
2 1 0 8.4823 0.110584 26.5958 -0.991758 -5.61431 -0.991758 -5.61431 3.37296 0 0.124549 0 
2 1 0 8.48674 0.110584 26.5958 -0.992033 -5.61659 -0.992033 -5.61659 3.37007 0 0.124594 0 
2 1 0 8.49118 0.110584 26.5958 -0.992307 -5.61887 -0.992307 -5.61887 3.36715 0 0.124639 0 
2 1 0 8.49563 0.110584 26.5958 -0.992581 -5.62115 -0.992581 -5.62115 3.36421 0 0.124686 0 
2 1 0 8.50007 0.110584 26.5958 -0.992856 -5.62343 -0.992856 -5.62343 3.36125 0 0.124733 0 
2 1 0 8.50451 0.110584 26.5958 -0.99313 -5.62571 -0.99313 -5.62571 3.35827 0 0.124781 0 
2 1 0 8.50895 0.110584 26.5958 -0.993404 -5.62799 -0.993404 -5.62799 3.35528 0 0.12483 0 
2 1 0 8.51339 0.110584 26.5958 -0.993678 -5.63027 -0.993678 -5.63027 3.35226 0 0.12488 0 
2 1 0 8.51784 0.110584 26.5958 -0.993952 -5.63255 -0.993952 -5.63255 3.34922 0 0.12493 0 
2 1 0 8.52228 0.110584 26.5958 -0.994226 -5.63483 -0.994226 -5.63483 3.34616 0 0.124982 0 
2 1 0 8.52672 0.110584 26.5958 -0.994499 -5.63711 -0.994499 -5.63711 3.34308 0 0.125034 0 
2 1 0 8.53116 0.110584 26.5958 -0.994773 -5.63939 -0.994773 -5.63939 3.33998 0 0.125088 0 
2 1 0 8.5356 0.110584 26.5958 -0.995047 -5.64167 -0.995047 -5.64167 3.33686 0 0.125142 0 
2 1 0 8.54004 0.110584 26.5958 -0.99532 -5.64394 -0.99532 -5.64394 3.33372 0 0.125197 0 
2 1 0 8.54448 0.110584 26.5958 -0.995594 -5.64622 -0.995594 -5.64622 3.33056 0 0.125253 0 
2 1 0 8.54893 0.110584 26.5958 -0.995867 -5.6485 -0.995867 -5.6485 3.32737 0 0.12531 0 
2 1 0 8.55337 0.110584 26.5958 -0.996141 -5.65079 -0.996141 -5.65079 3.32417 0 0.125367 0 
2 1 0 8.55781 0.110584 26.5958 -0.996414 -5.65307 -0.996414 -5.65307 3.32095 0 0.125426 0 
2 1 0 8.56225 0.110584 26.5958 -0.996688 -5.65535 -0.996688 -5.65535 3.3177 0 0.125486 0 
2 1 0 8.56669 0.110584 26.5958 -0.996961 -5.65763 -0.996961 -5.65763 3.31443 0 0.125546 0 
2 1 0 8.57113 0.110584 26.5958 -0.997234 -5.65991 -0.997234 -5.65991 3.31115 0 0.125608 0 
2 1 0 8.57557 0.110584 26.5958 -0.997507 -5.66219 -0.997507 -5.66219 3.30784 0 0.12567 0 
2 1 0 8.58002 0.110584 26.5958 -0.99778 -5.66447 -0.99778 -5.66447 3.30451 0 0.125734 0 
2 1 0 8.58446 0.110584 26.5958 -0.998053 -5.66675 -0.998053 -5.66675 3.30116 0 0.125798 0 
2 1 0 8.5889 0.110584 26.5958 -0.998326 -5.66903 -0.998326 -5.66903 3.29779 0 0.125863 0 
2 1 0 8.59334 0.110584 26.5958 -0.998599 -5.67131 -0.998599 -5.67131 3.29439 0 0.125929 0 
2 1 0 8.59778 0.110584 26.5958 -0.998872 -5.67359 -0.998872 -5.67359 3.29098 0 0.125997 0 
2 1 0 8.60222 0.110584 26.5958 -0.999144 -5.67587 -0.999144 -5.67587 3.28754 0 0.126065 0 
2 1 0 8.60666 0.110584 26.5958 -0.999417 -5.67815 -0.999417 -5.67815 3.28408 0 0.126134 0 
2 1 0 8.6111 0.110584 26.5958 -0.99969 -5.68043 -0.99969 -5.68043 3.28061 0 0.126204 0 
2 1 0 8.61554 0.110584 26.5958 -0.999962 -5.68271 -0.999962 -5.68271 3.2771 0 0.126275 0 
2 1 0 8.61999 0.110584 26.5958 -1.00023 -5.68499 -1.00023 -5.68499 3.27358 0 0.126348 0 
2 1 0 8.62443 0.110584 26.5958 -1.00051 -5.68728 -1.00051 -5.68728 3.27004 0 0.126421 0 
2 1 0 8.62887 0.110584 26.5958 -1.00078 -5.68956 -1.00078 -5.68956 3.26647 0 0.126495 0 
2 1 0 8.63331 0.110584 26.5958 -1.00105 -5.69184 -1.00105 -5.69184 3.26288 0 0.12657 0 
2 1 0 8.63775 0.110584 26.5958 -1.00132 -5.69412 -1.00132 -5.69412 3.25927 0 0.126647 0 
2 1 0 8.64219 0.110584 26.5958 -1.0016 -5.6964 -1.0016 -5.6964 3.25564 0 0.126724 0 
2 1 0 8.64663 0.110584 26.5958 -1.00187 -5.69868 -1.00187 -5.69868 3.25198 0 0.126803 0 
2 1 0 8.65107 0.110584 26.5958 -1.00214 -5.70096 -1.00214 -5.70096 3.24831 0 0.126882 0 
2 1 0 8.65551 0.110584 26.5958 -1.00241 -5.70324 -1.00241 -5.70324 3.24461 0 0.126963 0 
2 1 0 8.65995 0.110584 26.5958 -1.00269 -5.70553 -1.00269 -5.70553 3.24088 0 0.127044 0 
2 1 0 8.6644 0.110584 26.5958 -1.00296 -5.70781 -1.00296 -5.70781 3.23714 0 0.127127 0 
2 1 0 8.66884 0.110584 26.5958 -1.00323 -5.71009 -1.00323 -5.71009 3.23337 0 0.127211 0 
2 1 0 8.67328 0.110584 26.5958 -1.0035 -5.71237 -1.0035 -5.71237 3.22958 0 0.127296 0 
2 1 0 8.67772 0.110584 26.5958 -1.00377 -5.71465 -1.00377 -5.71465 3.22577 0 0.127382 0 
2 1 0 8.68216 0.110584 26.5958 -1.00404 -5.71693 -1.00404 -5.71693 3.22193 0 0.127469 0 
2 1 0 8.6866 0.110584 26.5958 -1.00432 -5.71921 -1.00432 -5.71921 3.21807 0 0.127557 0 
2 1 0 8.69104 0.110584 26.5958 -1.00459 -5.7215 -1.00459 -5.7215 3.21419 0 0.127647 0 
2 1 0 8.69548 0.110584 26.5958 -1.00486 -5.72378 -1.00486 -5.72378 3.21029 0 0.127738 0 
2 1 0 8.69992 0.110584 26.5958 -1.00513 -5.72606 -1.00513 -5.72606 3.20636 0 0.127829 0 
2 1 0 8.70436 0.110584 26.5958 -1.0054 -5.72834 -1.0054 -5.72834 3.2024 0 0.127922 0 
2 1 0 8.7088 0.110584 26.5958 -1.00567 -5.73062 -1.00567 -5.73062 3.19843 0 0.128017 0 
2 1 0 8.71324 0.110584 26.5958 -1.00595 -5.7329 -1.00595 -5.7329 3.19443 0 0.128112 0 
2 1 0 8.71768 0.110584 26.5958 -1.00622 -5.73519 -1.00622 -5.73519 3.19041 0 0.128209 0 
2 1 0 8.72213 0.110584 26.5958 -1.00649 -5.73747 -1.00649 -5.73747 3.18636 0 0.128306 0 
2 1 0 8.72657 0.110584 26.5958 -1.00676 -5.73975 -1.00676 -5.73975 3.18229 0 0.128405 0 
2 1 0 8.73101 0.110584 26.5958 -1.00703 -5.74203 -1.00703 -5.74203 3.17819 0 0.128506 0 
2 1 0 8.73545 0.110584 26.5958 -1.0073 -5.74431 -1.0073 -5.74431 3.17408 0 0.128607 0 
2 1 0 8.73989 0.110584 26.5958 -1.00757 -5.74659 -1.00757 -5.74659 3.16993 0 0.12871 0 
2 1 0 8.74433 0.110584 26.5958 -1.00784 -5.74888 -1.00784 -5.74888 3.16576 0 0.128814 0 
2 1 0 8.74877 0.110584 26.5958 -1.00812 -5.75116 -1.00812 -5.75116 3.16157 0 0.128919 0 
2 1 0 8.75321 0.110584 26.5958 -1.00839 -5.75344 -1.00839 -5.75344 3.15736 0 0.129026 0 
2 1 0 8.75765 0.110584 26.5958 -1.00866 -5.75572 -1.00866 -5.75572 3.15311 0 0.129134 0 
2 1 0 8.76209 0.110584 26.5958 -1.00893 -5.758 -1.00893 -5.758 3.14885 0 0.129243 0 
2 1 0 8.76653 0.110584 26.5958 -1.0092 -5.76029 -1.0092 -5.76029 3.14456 0 0.129354 0 
2 1 0 8.77097 0.110584 26.5958 -1.00947 -5.76257 -1.00947 -5.76257 3.14024 0 0.129466 0 
2 1 0 8.77541 0.110584 26.5958 -1.00974 -5.76485 -1.00974 -5.76485 3.1359 0 0.129579 0 
2 1 0 8.77985 0.110584 26.5958 -1.01001 -5.76713 -1.01001 -5.76713 3.13153 0 0.129694 0 
2 1 0 8.7843 0.110584 26.5958 -1.01028 -5.76941 -1.01028 -5.76941 3.12714 0 0.12981 0 
2 1 0 8.78874 0.110584 26.5958 -1.01055 -5.77169 -1.01055 -5.77169 3.12272 0 0.129928 0 
2 1 0 8.79318 0.110584 26.5958 -1.01082 -5.77398 -1.01082 -5.77398 3.11828 0 0.130047 0 
2 1 0 8.79762 0.110584 26.5958 -1.0111 -5.77626 -1.0111 -5.77626 3.11381 0 0.130167 0 
2 1 0 8.80206 0.110584 26.5958 -1.01137 -5.77854 -1.01137 -5.77854 3.10931 0 0.130289 0 
2 1 0 8.8065 0.110584 26.5958 -1.01164 -5.78082 -1.01164 -5.78082 3.10479 0 0.130413 0 
2 1 0 8.81094 0.110584 26.5958 -1.01191 -5.7831 -1.01191 -5.7831 3.10024 0 0.130538 0 
2 1 0 8.81538 0.110584 26.5958 -1.01218 -5.78538 -1.01218 -5.78538 3.09566 0 0.130664 0 
2 1 0 8.81982 0.110584 26.5958 -1.01245 -5.78767 -1.01245 -5.78767 3.09106 0 0.130792 0 
2 1 0 8.82426 0.110584 26.5958 -1.01272 -5.78995 -1.01272 -5.78995 3.08643 0 0.130921 0 
2 1 0 8.8287 0.110584 26.5958 -1.01299 -5.79223 -1.01299 -5.79223 3.08178 0 0.131052 0 
2 1 0 8.83314 0.110584 26.5958 -1.01326 -5.79451 -1.01326 -5.79451 3.0771 0 0.131185 0 
2 1 0 8.83759 0.110584 26.5958 -1.01353 -5.79679 -1.01353 -5.79679 3.07239 0 0.131319 0 
2 1 0 8.84203 0.110584 26.5958 -1.0138 -5.79907 -1.0138 -5.79907 3.06765 0 0.131455 0 
2 1 0 8.84647 0.110584 26.5958 -1.01407 -5.80135 -1.01407 -5.80135 3.06288 0 0.131592 0 
2 1 0 8.85091 0.110584 26.5958 -1.01434 -5.80364 -1.01434 -5.80364 3.05809 0 0.131731 0 
2 1 0 8.85535 0.110584 26.5958 -1.01461 -5.80592 -1.01461 -5.80592 3.05327 0 0.131872 0 
2 1 0 8.85979 0.110584 26.5958 -1.01488 -5.8082 -1.01488 -5.8082 3.04842 0 0.132014 0 
2 1 0 8.86423 0.110584 26.5958 -1.01515 -5.81048 -1.01515 -5.81048 3.04354 0 0.132158 0 
2 1 0 8.86867 0.110584 26.5958 -1.01542 -5.81276 -1.01542 -5.81276 3.03864 0 0.132304 0 
2 1 0 8.87311 0.110584 26.5958 -1.01569 -5.81504 -1.01569 -5.81504 3.0337 0 0.132451 0 
2 1 0 8.87756 0.110584 26.5958 -1.01596 -5.81732 -1.01596 -5.81732 3.02874 0 0.132601 0 
2 1 0 8.882 0.110584 26.5958 -1.01623 -5.8196 -1.01623 -5.8196 3.02374 0 0.132752 0 
2 1 0 8.88644 0.110584 26.5958 -1.0165 -5.82188 -1.0165 -5.82188 3.01872 0 0.132904 0 
2 1 0 8.89088 0.110584 26.5958 -1.01677 -5.82416 -1.01677 -5.82416 3.01367 0 0.133059 0 
2 1 0 8.89532 0.110584 26.5958 -1.01704 -5.82644 -1.01704 -5.82644 3.00859 0 0.133216 0 
2 1 0 8.89976 0.110584 26.5958 -1.01731 -5.82872 -1.01731 -5.82872 3.00348 0 0.133374 0 
2 1 0 8.9042 0.110584 26.5958 -1.01758 -5.831 -1.01758 -5.831 2.99833 0 0.133534 0 
2 1 0 8.90865 0.110584 26.5958 -1.01785 -5.83329 -1.01785 -5.83329 2.99316 0 0.133697 0 
2 1 0 8.91309 0.110584 26.5958 -1.01813 -5.83557 -1.01813 -5.83557 2.98796 0 0.133861 0 
2 1 0 8.91753 0.110584 26.5958 -1.0184 -5.83785 -1.0184 -5.83785 2.98273 0 0.134027 0 
2 1 0 8.92197 0.110584 26.5958 -1.01867 -5.84013 -1.01867 -5.84013 2.97746 0 0.134195 0 
2 1 0 8.92641 0.110584 26.5958 -1.01894 -5.84241 -1.01894 -5.84241 2.97217 0 0.134365 0 
2 1 0 8.93085 0.110584 26.5958 -1.01921 -5.84469 -1.01921 -5.84469 2.96684 0 0.134538 0 
2 1 0 8.9353 0.110584 26.5958 -1.01948 -5.84697 -1.01948 -5.84697 2.96148 0 0.134712 0 
2 1 0 8.93974 0.110584 26.5958 -1.01975 -5.84925 -1.01975 -5.84925 2.95609 0 0.134888 0 
2 1 0 8.94418 0.110584 26.5958 -1.02002 -5.85152 -1.02002 -5.85152 2.95067 0 0.135067 0 
2 1 0 8.94862 0.110584 26.5958 -1.02029 -5.8538 -1.02029 -5.8538 2.94521 0 0.135248 0 
2 1 0 8.95306 0.110584 26.5958 -1.02056 -5.85608 -1.02056 -5.85608 2.93972 0 0.135431 0 
2 1 0 8.95751 0.110584 26.5958 -1.02083 -5.85836 -1.02083 -5.85836 2.9342 0 0.135616 0 
2 1 0 8.96195 0.110584 26.5958 -1.0211 -5.86064 -1.0211 -5.86064 2.92864 0 0.135803 0 
2 1 0 8.96639 0.110584 26.5958 -1.02137 -5.86292 -1.02137 -5.86292 2.92305 0 0.135993 0 
2 1 0 8.97083 0.110584 26.5958 -1.02164 -5.8652 -1.02164 -5.8652 2.91743 0 0.136185 0 
2 1 0 8.97527 0.110584 26.5958 -1.02191 -5.86748 -1.02191 -5.86748 2.91177 0 0.13638 0 
2 1 0 8.97972 0.110584 26.5958 -1.02218 -5.86976 -1.02218 -5.86976 2.90608 0 0.136576 0 
2 1 0 8.98416 0.110584 26.5958 -1.02245 -5.87203 -1.02245 -5.87203 2.90036 0 0.136776 0 
2 1 0 8.9886 0.110584 26.5958 -1.02272 -5.87431 -1.02272 -5.87431 2.89459 0 0.136977 0 
2 1 0 8.99304 0.110584 26.5958 -1.02299 -5.87659 -1.02299 -5.87659 2.8888 0 0.137181 0 
2 1 0 8.99749 0.110584 26.5958 -1.02326 -5.87887 -1.02326 -5.87887 2.88296 0 0.137388 0 
2 1 0 9.00193 0.110584 26.5958 -1.02353 -5.88115 -1.02353 -5.88115 2.8771 0 0.137598 0 
2 1 0 9.00637 0.110584 26.5958 -1.0238 -5.88342 -1.0238 -5.88342 2.87119 0 0.137809 0 
2 1 0 9.01082 0.110584 26.5958 -1.02407 -5.8857 -1.02407 -5.8857 2.86525 0 0.138024 0 
2 1 0 9.01526 0.110584 26.5958 -1.02434 -5.88798 -1.02434 -5.88798 2.85927 0 0.138241 0 
2 1 0 9.0197 0.110584 26.5958 -1.02461 -5.89026 -1.02461 -5.89026 2.85325 0 0.138461 0 
2 1 0 9.02415 0.110584 26.5958 -1.02488 -5.89253 -1.02488 -5.89253 2.8472 0 0.138684 0 
2 1 0 9.02859 0.110584 26.5958 -1.02515 -5.89481 -1.02515 -5.89481 2.8411 0 0.13891 0 
2 1 0 9.03303 0.110584 26.5958 -1.02542 -5.89709 -1.02542 -5.89709 2.83497 0 0.139138 0 
2 1 0 9.03748 0.110584 26.5958 -1.02569 -5.89936 -1.02569 -5.89936 2.8288 0 0.13937 0 
2 1 0 9.04192 0.110584 26.5958 -1.02596 -5.90164 -1.02596 -5.90164 2.82259 0 0.139604 0 
2 1 0 9.04636 0.110584 26.5958 -1.02623 -5.90391 -1.02623 -5.90391 2.81634 0 0.139842 0 
2 1 0 9.05081 0.110584 26.5958 -1.0265 -5.90619 -1.0265 -5.90619 2.81005 0 0.140082 0 
2 1 0 9.05525 0.110584 26.5958 -1.02677 -5.90847 -1.02677 -5.90847 2.80372 0 0.140326 0 
2 1 0 9.0597 0.110584 26.5958 -1.02704 -5.91074 -1.02704 -5.91074 2.79735 0 0.140573 0 
2 1 0 9.06414 0.110584 26.5958 -1.02731 -5.91302 -1.02731 -5.91302 2.79094 0 0.140823 0 
2 1 0 9.06858 0.110584 26.5958 -1.02758 -5.91529 -1.02758 -5.91529 2.78448 0 0.141077 0 
2 1 0 9.07303 0.110584 26.5958 -1.02785 -5.91756 -1.02785 -5.91756 2.77798 0 0.141333 0 
2 1 0 9.07747 0.110584 26.5958 -1.02812 -5.91984 -1.02812 -5.91984 2.77144 0 0.141594 0 
2 1 0 9.08192 0.110584 26.5958 -1.02839 -5.92211 -1.02839 -5.92211 2.76486 0 0.141857 0 
2 1 0 9.08636 0.110584 26.5958 -1.02866 -5.92439 -1.02866 -5.92439 2.75823 0 0.142124 0 
2 1 0 9.09081 0.110584 26.5958 -1.02893 -5.92666 -1.02893 -5.92666 2.75155 0 0.142395 0 
2 1 0 9.09525 0.110584 26.5958 -1.0292 -5.92893 -1.0292 -5.92893 2.74484 0 0.14267 0 
2 1 0 9.0997 0.110584 26.5958 -1.02948 -5.93121 -1.02948 -5.93121 2.73807 0 0.142948 0 
2 1 0 9.10414 0.110584 26.5958 -1.02975 -5.93348 -1.02975 -5.93348 2.73126 0 0.14323 0 
2 1 0 9.10859 0.110584 26.5958 -1.03002 -5.93575 -1.03002 -5.93575 2.72441 0 0.143516 0 
2 1 0 9.11304 0.110584 26.5958 -1.03029 -5.93802 -1.03029 -5.93802 2.7175 0 0.143806 0 
2 1 0 9.11748 0.110584 26.5958 -1.03056 -5.94029 -1.03056 -5.94029 2.71055 0 0.1441 0 
2 1 0 9.12193 0.110584 26.5958 -1.03083 -5.94257 -1.03083 -5.94257 2.70355 0 0.144398 0 
2 1 0 9.12637 0.110584 26.5958 -1.0311 -5.94484 -1.0311 -5.94484 2.6965 0 0.1447 0 
2 1 0 9.13082 0.110584 26.5958 -1.03137 -5.94711 -1.03137 -5.94711 2.6894 0 0.145006 0 
2 1 0 9.13527 0.110584 26.5958 -1.03164 -5.94938 -1.03164 -5.94938 2.68225 0 0.145317 0 
2 1 0 9.13971 0.110584 26.5958 -1.03191 -5.95165 -1.03191 -5.95165 2.67505 0 0.145633 0 
2 1 0 9.14416 0.110584 26.5958 -1.03219 -5.95392 -1.03219 -5.95392 2.6678 0 0.145952 0 
2 1 0 9.14861 0.110584 26.5958 -1.03246 -5.95619 -1.03246 -5.95619 2.66049 0 0.146277 0 
2 1 0 9.15305 0.110584 26.5958 -1.03273 -5.95846 -1.03273 -5.95846 2.65313 0 0.146606 0 
2 1 0 9.1575 0.110584 26.5958 -1.033 -5.96073 -1.033 -5.96073 2.64572 0 0.14694 0 
2 1 0 9.16195 0.110584 26.5958 -1.03327 -5.96299 -1.03327 -5.96299 2.63825 0 0.147279 0 
2 1 0 9.1664 0.110584 26.5958 -1.03354 -5.96526 -1.03354 -5.96526 2.63073 0 0.147624 0 
2 1 0 9.17085 0.110584 26.5958 -1.03382 -5.96753 -1.03382 -5.96753 2.62315 0 0.147973 0 
2 1 0 9.17529 0.110584 26.5958 -1.03409 -5.9698 -1.03409 -5.9698 2.61551 0 0.148328 0 
2 1 0 9.17974 0.110584 26.5958 -1.03436 -5.97206 -1.03436 -5.97206 2.60781 0 0.148688 0 
2 1 0 9.18419 0.110584 26.5958 -1.03463 -5.97433 -1.03463 -5.97433 2.60006 0 0.149053 0 
2 1 0 9.18864 0.110584 26.5958 -1.0349 -5.97659 -1.0349 -5.97659 2.59224 0 0.149424 0 
2 1 0 9.19309 0.110584 26.5958 -1.03518 -5.97886 -1.03518 -5.97886 2.58436 0 0.149801 0 
2 1 0 9.19754 0.110584 26.5958 -1.03545 -5.98113 -1.03545 -5.98113 2.57642 0 0.150184 0 
2 1 0 9.20199 0.110584 26.5958 -1.03572 -5.98339 -1.03572 -5.98339 2.56842 0 0.150573 0 
2 1 0 9.20644 0.110584 26.5958 -1.03599 -5.98565 -1.03599 -5.98565 2.56036 0 0.150969 0 
2 1 0 9.21089 0.110584 26.5958 -1.03627 -5.98792 -1.03627 -5.98792 2.55222 0 0.15137 0 
2 1 0 9.21534 0.110584 26.5958 -1.03654 -5.99018 -1.03654 -5.99018 2.54403 0 0.151779 0 
2 1 0 9.21979 0.110584 26.5958 -1.03681 -5.99244 -1.03681 -5.99244 2.53576 0 0.152194 0 
2 1 0 9.22424 0.110584 26.5958 -1.03709 -5.9947 -1.03709 -5.9947 2.52743 0 0.152615 0 
2 1 0 9.22869 0.110584 26.5958 -1.03736 -5.99697 -1.03736 -5.99697 2.51902 0 0.153044 0 
2 1 0 9.23314 0.110584 26.5958 -1.03763 -5.99923 -1.03763 -5.99923 2.51055 0 0.15348 0 
2 1 0 9.23759 0.110584 26.5958 -1.03791 -6.00149 -1.03791 -6.00149 2.502 0 0.153924 0 
2 1 0 9.24204 0.110584 26.5958 -1.03818 -6.00375 -1.03818 -6.00375 2.49337 0 0.154375 0 
2 1 0 9.2465 0.110584 26.5958 -1.03845 -6.006 -1.03845 -6.006 2.48468 0 0.154834 0 
2 1 0 9.25095 0.110584 26.5958 -1.03873 -6.00826 -1.03873 -6.00826 2.4759 0 0.155301 0 
2 1 0 9.2554 0.110584 26.5958 -1.039 -6.01052 -1.039 -6.01052 2.46705 0 0.155776 0 
2 1 0 9.25985 0.110584 26.5958 -1.03928 -6.01278 -1.03928 -6.01278 2.45811 0 0.15626 0 
2 1 0 9.26431 0.110584 26.5958 -1.03955 -6.01503 -1.03955 -6.01503 2.4491 0 0.156753 0 
2 1 0 9.26876 0.110584 26.5958 -1.03982 -6.01729 -1.03982 -6.01729 2.44 0 0.157254 0 
2 1 0 9.27322 0.110584 26.5958 -1.0401 -6.01955 -1.0401 -6.01955 2.43081 0 0.157765 0 
2 1 0 9.27767 0.110584 26.5958 -1.04037 -6.0218 -1.04037 -6.0218 2.42154 0 0.158286 0 
2 1 0 9.28213 0.110584 26.5958 -1.04065 -6.02405 -1.04065 -6.02405 2.41218 0 0.158816 0 
2 1 0 9.28658 0.110584 26.5958 -1.04093 -6.02631 -1.04093 -6.02631 2.40273 0 0.159357 0 
2 1 0 9.29104 0.110584 26.5958 -1.0412 -6.02856 -1.0412 -6.02856 2.39318 0 0.159908 0 
2 1 0 9.29549 0.110584 26.5958 -1.04148 -6.03081 -1.04148 -6.03081 2.38354 0 0.16047 0 
2 1 0 9.29995 0.110584 26.5958 -1.04175 -6.03306 -1.04175 -6.03306 2.37381 0 0.161043 0 
2 1 0 9.30441 0.110584 26.5958 -1.04203 -6.03531 -1.04203 -6.03531 2.36397 0 0.161627 0 
2 1 0 9.30886 0.110584 26.5958 -1.04231 -6.03756 -1.04231 -6.03756 2.35403 0 0.162224 0 
2 1 0 9.31332 0.110584 26.5958 -1.04258 -6.03981 -1.04258 -6.03981 2.34398 0 0.162833 0 
2 1 0 9.31778 0.110584 26.5958 -1.04286 -6.04205 -1.04286 -6.04205 2.33383 0 0.163455 0 
2 1 0 9.32224 0.110584 26.5958 -1.04314 -6.0443 -1.04314 -6.0443 2.32357 0 0.164089 0 
2 1 0 9.3267 0.110584 26.5958 -1.04341 -6.04654 -1.04341 -6.04654 2.31319 0 0.164738 0 
2 1 0 9.33116 0.110584 26.5958 -1.04369 -6.04879 -1.04369 -6.04879 2.30269 0 0.165401 0 
2 1 0 9.33562 0.110584 26.5958 -1.04397 -6.05103 -1.04397 -6.05103 2.29208 0 0.166079 0 
2 1 0 9.34008 0.110584 26.5958 -1.04425 -6.05327 -1.04425 -6.05327 2.28134 0 0.166772 0 
2 1 0 9.34454 0.110584 26.5958 -1.04453 -6.05551 -1.04453 -6.05551 2.27048 0 0.16748 0 
2 1 0 9.349 0.110584 26.5958 -1.04481 -6.05775 -1.04481 -6.05775 2.25949 0 0.168206 0 
2 1 0 9.35346 0.110584 26.5958 -1.04509 -6.05999 -1.04509 -6.05999 2.24836 0 0.168948 0 
2 1 0 9.35792 0.110584 26.5958 -1.04536 -6.06223 -1.04536 -6.06223 2.23709 0 0.169709 0 
2 1 0 9.36239 0.110584 26.5958 -1.04564 -6.06447 -1.04564 -6.06447 2.22568 0 0.170488 0 
2 1 0 9.36685 0.110584 26.5958 -1.04593 -6.0667 -1.04593 -6.0667 2.21412 0 0.171286 0 
2 1 0 9.37132 0.110584 26.5958 -1.04621 -6.06893 -1.04621 -6.06893 2.20241 0 0.172105 0 
2 1 0 9.37578 0.110584 26.5958 -1.04649 -6.07117 -1.04649 -6.07117 2.19054 0 0.172945 0 
2 1 0 9.38025 0.110584 26.5958 -1.04677 -6.0734 -1.04677 -6.0734 2.17851 0 0.173807 0 
2 1 0 9.38471 0.110584 26.5958 -1.04705 -6.07562 -1.04705 -6.07562 2.16631 0 0.174692 0 
2 1 0 9.38918 0.110584 26.5958 -1.04733 -6.07785 -1.04733 -6.07785 2.15393 0 0.175602 0 
2 1 0 9.39365 0.110584 26.5958 -1.04762 -6.08008 -1.04762 -6.08008 2.14138 0 0.176537 0 
2 1 0 9.39812 0.110584 26.5958 -1.0479 -6.0823 -1.0479 -6.0823 2.12863 0 0.177499 0 
2 1 0 9.40259 0.110584 26.5958 -1.04818 -6.08453 -1.04818 -6.08453 2.11568 0 0.178489 0 
2 1 0 9.40706 0.110584 26.5958 -1.04847 -6.08675 -1.04847 -6.08675 2.10254 0 0.179509 0 
2 1 0 9.41153 0.110584 26.5958 -1.04875 -6.08896 -1.04875 -6.08896 2.08917 0 0.18056 0 
2 1 0 9.416 0.110584 26.5958 -1.04904 -6.09118 -1.04904 -6.09118 2.07559 0 0.181644 0 
2 1 0 9.42048 0.110584 26.5958 -1.04933 -6.0934 -1.04933 -6.0934 2.06177 0 0.182763 0 
2 1 0 9.42495 0.110584 26.5958 -1.04961 -6.09561 -1.04961 -6.09561 2.04771 0 0.183919 0 
2 1 0 9.42943 0.110584 26.5958 -1.0499 -6.09782 -1.0499 -6.09782 2.03339 0 0.185114 0 
2 1 0 9.4339 0.110584 26.5958 -1.05019 -6.10003 -1.05019 -6.10003 2.01881 0 0.18635 0 
2 1 0 9.43838 0.110584 26.5958 -1.05048 -6.10223 -1.05048 -6.10223 2.00394 0 0.187631 0 
2 1 0 9.44286 0.110584 26.5958 -1.05077 -6.10444 -1.05077 -6.10444 1.98878 0 0.188959 0 
2 1 0 9.44734 0.110584 26.5958 -1.05106 -6.10664 -1.05106 -6.10664 1.97331 0 0.190337 0 
2 1 0 9.45182 0.110584 26.5958 -1.05135 -6.10883 -1.05135 -6.10883 1.9575 0 0.19177 0 
2 1 0 9.45631 0.110584 26.5958 -1.05164 -6.11103 -1.05164 -6.11103 1.94135 0 0.193261 0 
2 1 0 9.46079 0.110584 26.5958 -1.05194 -6.11322 -1.05194 -6.11322 1.92482 0 0.194814 0 
2 1 0 9.46528 0.110584 26.5958 -1.05223 -6.11541 -1.05223 -6.11541 1.9079 0 0.196435 0 
2 1 0 9.46977 0.110584 26.5958 -1.05253 -6.11759 -1.05253 -6.11759 1.89055 0 0.198129 0 
2 1 0 9.47426 0.110584 26.5958 -1.05282 -6.11977 -1.05282 -6.11977 1.87276 0 0.199902 0 
2 1 0 9.47875 0.110584 26.5958 -1.05312 -6.12194 -1.05312 -6.12194 1.85447 0 0.201763 0 
2 1 0 9.48324 0.110584 26.5958 -1.05342 -6.12412 -1.05342 -6.12412 1.83567 0 0.203718 0 
2 1 0 9.48774 0.110584 26.5958 -1.05372 -6.12628 -1.05372 -6.12628 1.81629 0 0.205778 0 
2 1 0 9.49224 0.110584 26.5958 -1.05403 -6.12844 -1.05403 -6.12844 1.7963 0 0.207953 0 
2 1 0 9.49674 0.110584 26.5958 -1.05433 -6.1306 -1.05433 -6.1306 1.77564 0 0.210257 0 
2 1 0 9.50124 0.110584 26.5958 -1.05464 -6.13275 -1.05464 -6.13275 1.75424 0 0.212705 0 
2 1 0 9.50575 0.110584 26.5958 -1.05495 -6.13489 -1.05495 -6.13489 1.73202 0 0.215314 0 
2 1 0 9.51026 0.110584 26.5958 -1.05526 -6.13702 -1.05526 -6.13702 1.7089 0 0.218106 0 
2 1 0 9.51478 0.110584 26.5958 -1.05558 -6.13915 -1.05558 -6.13915 1.68475 0 0.221109 0 
2 1 0 9.51929 0.110584 26.5958 -1.05589 -6.14127 -1.05589 -6.14127 1.65945 0 0.224354 0 
2 1 0 9.52382 0.110584 26.5958 -1.05621 -6.14337 -1.05621 -6.14337 1.63284 0 0.227883 0 
2 1 0 9.52835 0.110584 26.5958 -1.05654 -6.14546 -1.05654 -6.14546 1.60469 0 0.231749 0 
2 1 0 9.53288 0.110584 26.5958 -1.05687 -6.14754 -1.05687 -6.14754 1.57475 0 0.236022 0 
2 1 0 9.53743 0.110584 26.5958 -1.05721 -6.1496 -1.05721 -6.1496 1.54265 0 0.240797 0 
2 1 0 9.54198 0.110584 26.5958 -1.05755 -6.15164 -1.05755 -6.15164 1.50789 0 0.246207 0 
2 1 0 9.54654 0.110584 26.5958 -1.0579 -6.15365 -1.0579 -6.15365 1.46976 0 0.252448 0 
2 1 0 9.55112 0.110584 26.5958 -1.05826 -6.15563 -1.05826 -6.15563 1.42717 0 0.25983 0 
2 1 0 9.55572 0.110584 26.5958 -1.05864 -6.15756 -1.05864 -6.15756 1.37826 0 0.268891 0 
2 1 0 9.56034 0.110584 26.5958 -1.05905 -6.15941 -1.05905 -6.15941 1.31949 0 0.280698 0 
2 1 0 9.56502 0.110584 26.5958 -1.05949 -6.16113 -1.05949 -6.16113 1.24198 0 0.298029 0 
2 1 0 9.56983 0.110584 26.5958 -1.0601 -6.16234 -1.0601 -6.16234 1.09721 0 0.337115 0 
2 1 0 9.57044 0.110584 26.5958 -1.06023 -6.16225 -1.06023 -6.16225 1.05002 0 0.352229 0 
2 1 0 9.57063 0.110584 26.5958 -1.06033 -6.16203 -1.06033 -6.16203 1.01002 0 0.366156 0 
1 1 0 9.57064 0.110584 26.5958 -1.06035 -6.16195 -1.06035 -6.16195 1 0 0.369822 0 
1 1 0 9.57056 0.110584 26.5958 -1.06041 -6.16166 -1.06041 -6.16166 0.967249 0 0.382339 0 
1 1 0 9.57041 0.110584 26.5958 -1.06044 -6.16139 -1.06044 -6.16139 0.942559 0 0.392354 0 
1 1 0 9.57022 0.110584 26.5958 -1.06047 -6.16114 -1.06047 -6.16114 0.921932 0 0.401136 0 
1 1 0 9.57001 0.110584 26.5958 -1.06049 -6.16091 -1.06049 -6.16091 0.903682 0 0.409241 0 
1 1 0 9.5698 0.110584 26.5958 -1.06051 -6.16068 -1.06051 -6.16068 0.886975 0 0.416956 0 
1 1 0 9.56957 0.110584 26.5958 -1.06052 -6.16046 -1.06052 -6.16046 0.87133 0 0.424449 0 
1 1 0 9.56935 0.110584 26.5958 -1.06054 -6.16025 -1.06054 -6.16025 0.856437 0 0.431838 0 
1 1 0 9.56912 0.110584 26.5958 -1.06055 -6.16004 -1.06055 -6.16004 0.842079 0 0.43921 0 
1 1 0 9.56886 0.110584 26.5958 -1.06055 -6.15981 -1.06055 -6.15981 0.826703 0 0.447388 0 
1 1 0 9.56857 0.110584 26.5958 -1.06056 -6.15957 -1.06056 -6.15957 0.810086 0 0.456576 0 
1 1 0 9.56825 0.110584 26.5958 -1.06057 -6.1593 -1.06057 -6.1593 0.79192 0 0.467063 0 
1 1 0 9.56789 0.110584 26.5958 -1.06058 -6.15902 -1.06058 -6.15902 0.771742 0 0.479291 0 
1 1 0 9.5675 0.110584 26.5958 -1.06058 -6.1587 -1.06058 -6.1587 0.748792 0 0.493999 0 
1 1 0 9.56706 0.110584 26.5958 -1.06058 -6.15837 -1.06058 -6.15837 0.721607 0 0.512631 0 
1 1 0 9.56657 0.110584 26.5958 -1.06059 -6.158 -1.06059 -6.158 0.686408 0 0.538943 0 
1 1 0 9.56603 0.110584 256.265 -1.06059 -6.1576 -1.06059 -6.1576 0.608056 0.0149115 0.608056 -0.0149115 
1 1 0 9.56544 0.110584 48.9296 -1.06058 -6.15717 -1.06058 -6.15717 0.603248 0.0778934 0.603248 -0.0778934 
1 1 0 9.56478 0.110584 34.544 -1.06058 -6.1567 -1.06058 -6.1567 0.598242 0.11003 0.598242 -0.11003 
1 1 0 9.56405 0.110584 27.9799 -1.06057 -6.15618 -1.06057 -6.15618 0.593026 0.135455 0.593026 -0.135455 
1 1 0 9.56324 0.110584 23.995 -1.06056 -6.15562 -1.06056 -6.15562 0.587587 0.157478 0.587587 -0.157478 
1 1 0 9.56235 0.110584 21.2346 -1.06055 -6.15501 -1.06055 -6.15501 0.581914 0.177392 0.581914 -0.177392 
1 1 0 9.56137 0.110584 19.1694 -1.06053 -6.15435 -1.06053 -6.15435 0.575993 0.195859 0.575993 -0.195859 
1 1 0 9.56029 0.110584 17.5438 -1.06051 -6.15362 -1.06051 -6.15362 0.569813 0.213272 0.569813 -0.213272 
1 1 0 9.55909 0.110584 16.2174 -1.06049 -6.15283 -1.06049 -6.15283 0.563358 0.229883 0.563358 -0.229883 
1 1 0 9.55776 0.110584 15.1058 -1.06046 -6.15197 -1.06046 -6.15197 0.556614 0.245867 0.556614 -0.245867 
1 1 0 9.5563 0.110584 14.1545 -1.06043 -6.15103 -1.06043 -6.15103 0.549567 0.261349 0.549567 -0.261349 
1 1 0 9.55469 0.110584 13.3269 -1.06038 -6.15 -1.06038 -6.15 0.542201 0.276422 0.542201 -0.276422 
1 1 0 9.55292 0.110584 12.597 -1.06034 -6.14888 -1.06034 -6.14888 0.5345 0.291155 0.5345 -0.291155 
1 1 0 9.55096 0.110584 11.9462 -1.06028 -6.14765 -1.06028 -6.14765 0.526448 0.305603 0.526448 -0.305603 
1 1 0 9.5488 0.110584 11.3603 -1.06021 -6.1463 -1.06021 -6.1463 0.518026 0.319807 0.518026 -0.319807 
1 1 0 9.54642 0.110584 10.8286 -1.06014 -6.14484 -1.06014 -6.14484 0.509217 0.333799 0.509217 -0.333799 
1 1 0 9.54379 0.110584 10.3427 -1.06005 -6.14323 -1.06005 -6.14323 0.500002 0.347604 0.500002 -0.347604 
1 1 0 9.5409 0.110584 9.89597 -1.05995 -6.14148 -1.05995 -6.14148 0.490361 0.361241 0.490361 -0.361241 
1 1 0 9.53771 0.110584 9.4831 -1.05984 -6.13956 -1.05984 -6.13956 0.480274 0.374722 0.480274 -0.374722 
1 1 0 9.5342 0.110584 9.09971 -1.05972 -6.13745 -1.05972 -6.13745 0.469719 0.388057 0.469719 -0.388057 
1 1 0 9.53032 0.110584 8.74221 -1.05957 -6.13515 -1.05957 -6.13515 0.458675 0.40125 0.458675 -0.40125 
1 1 0 9.52606 0.110584 8.4076 -1.05941 -6.13263 -1.05941 -6.13263 0.447119 0.414303 0.447119 -0.414303 
1 1 0 9.52175 0.110584 8.11768 -1.05924 -6.13011 -1.05924 -6.13011 0.436008 0.426191 0.436008 -0.426191 
1 1 0 9.51743 0.110584 7.86494 -1.05907 -6.12759 -1.05907 -6.12759 0.425376 0.437008 0.425376 -0.437008 
1 1 0 9.51311 0.110584 7.64182 -1.0589 -6.12508 -1.0589 -6.12508 0.415169 0.446919 0.415169 -0.446919 
1 1 0 9.50879 0.110584 7.44277 -1.05872 -6.12257 -1.05872 -6.12257 0.405341 0.456051 0.405341 -0.456051 
1 1 0 9.50446 0.110584 7.2636 -1.05854 -6.12008 -1.05854 -6.12008 0.395854 0.464505 0.395854 -0.464505 
1 1 0 9.50012 0.110584 7.10109 -1.05836 -6.11759 -1.05836 -6.11759 0.386676 0.472366 0.386676 -0.472366 
1 1 0 9.49579 0.110584 6.9527 -1.05818 -6.11511 -1.05818 -6.11511 0.37778 0.479701 0.37778 -0.479701 
1 1 0 9.49145 0.110584 6.81642 -1.05799 -6.11263 -1.05799 -6.11263 0.369143 0.486568 0.369143 -0.486568 
1 1 0 9.4871 0.110584 6.69062 -1.0578 -6.11016 -1.0578 -6.11016 0.360744 0.493013 0.360744 -0.493013 
1 1 0 9.48276 0.110584 6.57397 -1.05761 -6.1077 -1.05761 -6.1077 0.352565 0.499079 0.352565 -0.499079 
1 1 0 9.47841 0.110584 6.46536 -1.05742 -6.10524 -1.05742 -6.10524 0.344592 0.5048 0.344592 -0.5048 
1 1 0 9.47406 0.110584 6.36387 -1.05723 -6.10278 -1.05723 -6.10278 0.336811 0.510206 0.336811 -0.510206 
1 1 0 9.46971 0.110584 6.26871 -1.05703 -6.10032 -1.05703 -6.10032 0.329208 0.515325 0.329208 -0.515325 
1 1 0 9.46535 0.110584 6.17922 -1.05684 -6.09788 -1.05684 -6.09788 0.321773 0.520178 0.321773 -0.520178 
1 1 0 9.461 0.110584 6.09483 -1.05664 -6.09543 -1.05664 -6.09543 0.314496 0.524787 0.314496 -0.524787 
1 1 0 9.45664 0.110584 6.01506 -1.05644 -6.09299 -1.05644 -6.09299 0.307368 0.529169 0.307368 -0.529169 
1 1 0 9.45228 0.110584 5.93946 -1.05625 -6.09055 -1.05625 -6.09055 0.300381 0.533341 0.300381 -0.533341 
1 1 0 9.44792 0.110584 5.86769 -1.05604 -6.08811 -1.05604 -6.08811 0.293527 0.537317 0.293527 -0.537317 
1 1 0 9.44355 0.110584 5.7994 -1.05584 -6.08568 -1.05584 -6.08568 0.2868 0.54111 0.2868 -0.54111 
1 1 0 9.43919 0.110584 5.7343 -1.05564 -6.08325 -1.05564 -6.08325 0.280194 0.544732 0.280194 -0.544732 
1 1 0 9.43482 0.110584 5.67215 -1.05544 -6.08082 -1.05544 -6.08082 0.273702 0.548194 0.273702 -0.548194 
1 1 0 9.43045 0.110584 5.61272 -1.05523 -6.0784 -1.05523 -6.0784 0.26732 0.551504 0.26732 -0.551504 
1 1 0 9.42608 0.110584 5.5558 -1.05503 -6.07598 -1.05503 -6.07598 0.261043 0.554673 0.261043 -0.554673 
1 1 0 9.42171 0.110584 5.50121 -1.05482 -6.07356 -1.05482 -6.07356 0.254865 0.557707 0.254865 -0.557707 
1 1 0 9.41734 0.110584 5.44879 -1.05462 -6.07114 -1.05462 -6.07114 0.248784 0.560614 0.248784 -0.560614 
1 1 0 9.41297 0.110584 5.39839 -1.05441 -6.06872 -1.05441 -6.06872 0.242795 0.563401 0.242795 -0.563401 
1 1 0 9.40859 0.110584 5.34987 -1.0542 -6.06631 -1.0542 -6.06631 0.236894 0.566074 0.236894 -0.566074 
1 1 0 9.40422 0.110584 5.30312 -1.05399 -6.0639 -1.05399 -6.0639 0.231078 0.568639 0.231078 -0.568639 
1 1 0 9.39984 0.110584 5.25802 -1.05378 -6.06149 -1.05378 -6.06149 0.225345 0.571101 0.225345 -0.571101 
1 1 0 9.39546 0.110584 5.21448 -1.05357 -6.05909 -1.05357 -6.05909 0.21969 0.573465 0.21969 -0.573465 
1 1 0 9.39108 0.110584 5.1724 -1.05336 -6.05668 -1.05336 -6.05668 0.214111 0.575736 0.214111 -0.575736 
1 1 0 9.3867 0.110584 5.13169 -1.05315 -6.05428 -1.05315 -6.05428 0.208606 0.577917 0.208606 -0.577917 
1 1 0 9.38232 0.110584 5.09228 -1.05294 -6.05188 -1.05294 -6.05188 0.203172 0.580014 0.203172 -0.580014 
1 1 0 9.37794 0.110584 5.0541 -1.05273 -6.04948 -1.05273 -6.04948 0.197807 0.582028 0.197807 -0.582028 
1 1 0 9.37356 0.110584 5.01709 -1.05251 -6.04708 -1.05251 -6.04708 0.192508 0.583965 0.192508 -0.583965 
1 1 0 9.36918 0.110584 4.98117 -1.0523 -6.04469 -1.0523 -6.04469 0.187274 0.585827 0.187274 -0.585827 
1 1 0 9.36479 0.110584 4.94629 -1.05208 -6.04229 -1.05208 -6.04229 0.182103 0.587617 0.182103 -0.587617 
1 1 0 9.36041 0.110584 4.91241 -1.05187 -6.0399 -1.05187 -6.0399 0.176991 0.589339 0.176991 -0.589339 
1 1 0 9.35602 0.110584 4.87947 -1.05165 -6.03751 -1.05165 -6.03751 0.171939 0.590994 0.171939 -0.590994 
1 1 0 9.35163 0.110584 4.84742 -1.05144 -6.03512 -1.05144 -6.03512 0.166944 0.592585 0.166944 -0.592585 
1 1 0 9.34725 0.110584 4.81623 -1.05122 -6.03273 -1.05122 -6.03273 0.162005 0.594116 0.162005 -0.594116 
1 1 0 9.34286 0.110584 4.78585 -1.051 -6.03035 -1.051 -6.03035 0.15712 0.595587 0.15712 -0.595587 
1 1 0 9.33847 0.110584 4.75625 -1.05078 -6.02796 -1.05078 -6.02796 0.152287 0.597001 0.152287 -0.597001 
1 1 0 9.33408 0.110584 4.7274 -1.05057 -6.02558 -1.05057 -6.02558 0.147505 0.59836 0.147505 -0.59836 
1 1 0 9.32969 0.110584 4.69926 -1.05035 -6.0232 -1.05035 -6.0232 0.142774 0.599667 0.142774 -0.599667 
1 1 0 9.3253 0.110584 4.67179 -1.05013 -6.02082 -1.05013 -6.02082 0.138091 0.600922 0.138091 -0.600922 
1 1 0 9.3209 0.110584 4.64498 -1.04991 -6.01844 -1.04991 -6.01844 0.133455 0.602128 0.133455 -0.602128 
1 1 0 9.31651 0.110584 4.61879 -1.04969 -6.01606 -1.04969 -6.01606 0.128866 0.603286 0.128866 -0.603286 
1 1 0 9.31212 0.110584 4.59321 -1.04947 -6.01368 -1.04947 -6.01368 0.124322 0.604398 0.124322 -0.604398 
1 1 0 9.30772 0.110584 4.5682 -1.04925 -6.01131 -1.04925 -6.01131 0.119822 0.605465 0.119822 -0.605465 
1 1 0 9.30333 0.110584 4.54374 -1.04903 -6.00893 -1.04903 -6.00893 0.115366 0.606488 0.115366 -0.606488 
1 1 0 9.29893 0.110584 4.51981 -1.0488 -6.00656 -1.0488 -6.00656 0.110951 0.60747 0.110951 -0.60747 
1 1 0 9.29454 0.110584 4.4964 -1.04858 -6.00419 -1.04858 -6.00419 0.106578 0.608411 0.106578 -0.608411 
1 1 0 9.29014 0.110584 4.47348 -1.04836 -6.00182 -1.04836 -6.00182 0.102245 0.609312 0.102245 -0.609312 
1 1 0 9.28574 0.110584 4.45103 -1.04814 -5.99945 -1.04814 -5.99945 0.0979517 0.610175 0.0979517 -0.610175 
1 1 0 9.28135 0.110584 4.42905 -1.04791 -5.99708 -1.04791 -5.99708 0.093697 0.611001 0.093697 -0.611001 
1 1 0 9.27695 0.110584 4.4075 -1.04769 -5.99471 -1.04769 -5.99471 0.08948 0.611791 0.08948 -0.611791 
1 1 0 9.27255 0.110584 4.38638 -1.04746 -5.99234 -1.04746 -5.99234 0.0853001 0.612546 0.0853001 -0.612546 
1 1 0 9.26815 0.110584 4.36567 -1.04724 -5.98998 -1.04724 -5.98998 0.0811566 0.613266 0.0811566 -0.613266 
1 1 0 9.26375 0.110584 4.34536 -1.04701 -5.98762 -1.04701 -5.98762 0.0770487 0.613953 0.0770487 -0.613953 
1 1 0 9.25935 0.110584 4.32543 -1.04679 -5.98525 -1.04679 -5.98525 0.0729758 0.614609 0.0729758 -0.614609 
1 1 0 9.25495 0.110584 4.30588 -1.04656 -5.98289 -1.04656 -5.98289 0.0689372 0.615232 0.0689372 -0.615232 
1 1 0 9.25054 0.110584 4.28668 -1.04634 -5.98053 -1.04634 -5.98053 0.0649321 0.615825 0.0649321 -0.615825 
1 1 0 9.24614 0.110584 4.26784 -1.04611 -5.97817 -1.04611 -5.97817 0.0609601 0.616389 0.0609601 -0.616389 
1 1 0 9.24174 0.110584 4.24933 -1.04588 -5.97581 -1.04588 -5.97581 0.0570206 0.616923 0.0570206 -0.616923 
1 1 0 9.23734 0.110584 4.23114 -1.04566 -5.97345 -1.04566 -5.97345 0.0531128 0.617429 0.0531128 -0.617429 
1 1 0 9.23293 0.110584 4.21328 -1.04543 -5.9711 -1.04543 -5.9711 0.0492363 0.617908 0.0492363 -0.617908 
1 1 0 9.22853 0.110584 4.19572 -1.0452 -5.96874 -1.0452 -5.96874 0.0453907 0.618359 0.0453907 -0.618359 
1 1 0 9.22412 0.110584 4.17846 -1.04497 -5.96639 -1.04497 -5.96639 0.0415752 0.618785 0.0415752 -0.618785 
1 1 0 9.21972 0.110584 4.16149 -1.04474 -5.96403 -1.04474 -5.96403 0.0377894 0.619185 0.0377894 -0.619185 
1 1 0 9.21531 0.110584 4.1448 -1.04451 -5.96168 -1.04451 -5.96168 0.0340329 0.61956 0.0340329 -0.61956 
1 1 0 9.21091 0.110584 4.12838 -1.04429 -5.95933 -1.04429 -5.95933 0.0303051 0.619911 0.0303051 -0.619911 
1 1 0 9.2065 0.110584 4.11223 -1.04406 -5.95697 -1.04406 -5.95697 0.0266056 0.620238 0.0266056 -0.620238 
1 1 0 9.20209 0.110584 4.09634 -1.04383 -5.95462 -1.04383 -5.95462 0.0229339 0.620542 0.0229339 -0.620542 
1 1 0 9.19769 0.110584 4.08069 -1.0436 -5.95227 -1.0436 -5.95227 0.0192897 0.620823 0.0192897 -0.620823 
1 1 0 9.19328 0.110584 4.06529 -1.04337 -5.94993 -1.04337 -5.94993 0.0156725 0.621083 0.0156725 -0.621083 
1 1 0 9.18887 0.110584 4.05013 -1.04313 -5.94758 -1.04313 -5.94758 0.0120818 0.62132 0.0120818 -0.62132 
1 1 0 9.18446 0.110584 4.0352 -1.0429 -5.94523 -1.0429 -5.94523 0.00851736 0.621537 0.00851736 -0.621537 
1 1 0 9.18005 0.110584 4.0205 -1.04267 -5.94288 -1.04267 -5.94288 0.00497863 0.621733 0.00497863 -0.621733 
1 1 0 9.17564 0.110584 4.00601 -1.04244 -5.94054 -1.04244 -5.94054 0.00146531 0.621908 0.00146531 -0.621908 
1 1 0 9.17123 0.110584 3.99174 -1.04221 -5.93819 -1.04221 -5.93819 -0.00202278 0.622064 -0.00202278 -0.622064 
1 1 0 9.16682 0.110584 3.97767 -1.04198 -5.93585 -1.04198 -5.93585 -0.00548633 0.622201 -0.00548633 -0.622201 
1 1 0 9.16241 0.110584 3.96381 -1.04174 -5.93351 -1.04174 -5.93351 -0.00892547 0.622319 -0.00892547 -0.622319 
1 1 0 9.158 0.110584 3.95015 -1.04151 -5.93116 -1.04151 -5.93116 -0.0123406 0.622418 -0.0123406 -0.622418 
1 1 0 9.15359 0.110584 3.93668 -1.04128 -5.92882 -1.04128 -5.92882 -0.0157319 0.622499 -0.0157319 -0.622499 
1 1 0 9.14918 0.110584 3.9234 -1.04104 -5.92648 -1.04104 -5.92648 -0.0190999 0.622563 -0.0190999 -0.622563 
1 1 0 9.14476 0.110584 3.9103 -1.04081 -5.92414 -1.04081 -5.92414 -0.0224449 0.622609 -0.0224449 -0.622609 
1 1 0 9.14035 0.110584 3.89738 -1.04058 -5.9218 -1.04058 -5.9218 -0.025767 0.622639 -0.025767 -0.622639 
1 1 0 9.13594 0.110584 3.88464 -1.04034 -5.91946 -1.04034 -5.91946 -0.0290666 0.622651 -0.0290666 -0.622651 
1 1 0 9.13152 0.110584 3.87207 -1.04011 -5.91713 -1.04011 -5.91713 -0.0323441 0.622648 -0.0323441 -0.622648 
1 1 0 9.12711 0.110584 3.85966 -1.03987 -5.91479 -1.03987 -5.91479 -0.0355996 0.622628 -0.0355996 -0.622628 
1 1 0 9.12269 0.110584 3.84742 -1.03964 -5.91245 -1.03964 -5.91245 -0.0388336 0.622593 -0.0388336 -0.622593 
1 1 0 9.11828 0.110584 3.83534 -1.0394 -5.91012 -1.0394 -5.91012 -0.042046 0.622543 -0.042046 -0.622543 
1 1 0 9.11386 0.110584 3.82342 -1.03916 -5.90778 -1.03916 -5.90778 -0.0452374 0.622478 -0.0452374 -0.622478 
1 1 0 9.10945 0.110584 3.81165 -1.03893 -5.90545 -1.03893 -5.90545 -0.0484079 0.622398 -0.0484079 -0.622398 
1 1 0 9.10503 0.110584 3.80003 -1.03869 -5.90312 -1.03869 -5.90312 -0.0515576 0.622304 -0.0515576 -0.622304 
1 1 0 9.10062 0.110584 3.78855 -1.03846 -5.90078 -1.03846 -5.90078 -0.0546871 0.622195 -0.0546871 -0.622195 
1 1 0 9.0962 0.110584 3.77722 -1.03822 -5.89845 -1.03822 -5.89845 -0.0577964 0.622073 -0.0577964 -0.622073 
1 1 0 9.09178 0.110584 3.76603 -1.03798 -5.89612 -1.03798 -5.89612 -0.0608857 0.621938 -0.0608857 -0.621938 
1 1 0 9.08737 0.110584 3.75498 -1.03774 -5.89379 -1.03774 -5.89379 -0.0639553 0.621789 -0.0639553 -0.621789 
1 1 0 9.08295 0.110584 3.74406 -1.03751 -5.89146 -1.03751 -5.89146 -0.0670054 0.621627 -0.0670054 -0.621627 
1 1 0 9.07853 0.110584 3.73328 -1.03727 -5.88913 -1.03727 -5.88913 -0.0700362 0.621452 -0.0700362 -0.621452 
1 1 0 9.07411 0.110584 3.72262 -1.03703 -5.8868 -1.03703 -5.8868 -0.073048 0.621264 -0.073048 -0.621264 
1 1 0 9.06969 0.110584 3.71209 -1.03679 -5.88447 -1.03679 -5.88447 -0.0760409 0.621065 -0.0760409 -0.621065 
1 1 0 9.06528 0.110584 3.70169 -1.03655 -5.88215 -1.03655 -5.88215 -0.0790151 0.620853 -0.0790151 -0.620853 
1 1 0 9.06086 0.110584 3.6914 -1.03632 -5.87982 -1.03632 -5.87982 -0.0819708 0.62063 -0.0819708 -0.62063 
1 1 0 9.05644 0.110584 3.68124 -1.03608 -5.87749 -1.03608 -5.87749 -0.0849082 0.620395 -0.0849082 -0.620395 
1 1 0 9.05202 0.110584 3.67119 -1.03584 -5.87517 -1.03584 -5.87517 -0.0878274 0.620149 -0.0878274 -0.620149 
1 1 0 9.0476 0.110584 3.66126 -1.0356 -5.87284 -1.0356 -5.87284 -0.0907288 0.619891 -0.0907288 -0.619891 
1 1 0 9.04318 0.110584 3.65144 -1.03536 -5.87052 -1.03536 -5.87052 -0.0936124 0.619623 -0.0936124 -0.619623 
1 1 0 9.03875 0.110584 3.64173 -1.03512 -5.8682 -1.03512 -5.8682 -0.0964784 0.619344 -0.0964784 -0.619344 
1 1 0 9.03433 0.110584 3.63213 -1.03488 -5.86587 -1.03488 -5.86587 -0.099327 0.619054 -0.099327 -0.619054 
1 1 0 9.02991 0.110584 3.62264 -1.03464 -5.86355 -1.03464 -5.86355 -0.102158 0.618754 -0.102158 -0.618754 
1 1 0 9.02549 0.110584 3.61325 -1.0344 -5.86123 -1.0344 -5.86123 -0.104973 0.618444 -0.104973 -0.618444 
1 1 0 9.02107 0.110584 3.60396 -1.03415 -5.85891 -1.03415 -5.85891 -0.10777 0.618124 -0.10777 -0.618124 
1 1 0 9.01665 0.110584 3.59478 -1.03391 -5.85659 -1.03391 -5.85659 -0.11055 0.617794 -0.11055 -0.617794 
1 1 0 9.01222 0.110584 3.58569 -1.03367 -5.85427 -1.03367 -5.85427 -0.113314 0.617455 -0.113314 -0.617455 
1 1 0 9.0078 0.110584 3.5767 -1.03343 -5.85195 -1.03343 -5.85195 -0.116062 0.617106 -0.116062 -0.617106 
1 1 0 9.00338 0.110584 3.56781 -1.03319 -5.84963 -1.03319 -5.84963 -0.118793 0.616748 -0.118793 -0.616748 
1 1 0 8.99895 0.110584 3.55901 -1.03295 -5.84731 -1.03295 -5.84731 -0.121508 0.616381 -0.121508 -0.616381 
1 1 0 8.99453 0.110584 3.5503 -1.0327 -5.845 -1.0327 -5.845 -0.124207 0.616005 -0.124207 -0.616005 
1 1 0 8.99011 0.110584 3.54169 -1.03246 -5.84268 -1.03246 -5.84268 -0.12689 0.615621 -0.12689 -0.615621 
1 1 0 8.98568 0.110584 3.53316 -1.03222 -5.84036 -1.03222 -5.84036 -0.129557 0.615228 -0.129557 -0.615228 
1 1 0 8.98126 0.110584 3.52472 -1.03197 -5.83805 -1.03197 -5.83805 -0.132208 0.614826 -0.132208 -0.614826 
1 1 0 8.97683 0.110584 3.51637 -1.03173 -5.83573 -1.03173 -5.83573 -0.134844 0.614416 -0.134844 -0.614416 
1 1 0 8.97241 0.110584 3.5081 -1.03149 -5.83342 -1.03149 -5.83342 -0.137465 0.613998 -0.137465 -0.613998 
1 1 0 8.96798 0.110584 3.49992 -1.03124 -5.8311 -1.03124 -5.8311 -0.14007 0.613573 -0.14007 -0.613573 
1 1 0 8.96355 0.110584 3.49182 -1.031 -5.82879 -1.031 -5.82879 -0.14266 0.613139 -0.14266 -0.613139 
1 1 0 8.95913 0.110584 3.4838 -1.03076 -5.82648 -1.03076 -5.82648 -0.145236 0.612698 -0.145236 -0.612698 
1 1 0 8.9547 0.110584 3.47586 -1.03051 -5.82416 -1.03051 -5.82416 -0.147796 0.61225 -0.147796 -0.61225 
1 1 0 8.95028 0.110584 3.468 -1.03027 -5.82185 -1.03027 -5.82185 -0.150341 0.611794 -0.150341 -0.611794 
1 1 0 8.94585 0.110584 3.46022 -1.03002 -5.81954 -1.03002 -5.81954 -0.152872 0.61133 -0.152872 -0.61133 
1 1 0 8.94142 0.110584 3.45251 -1.02978 -5.81723 -1.02978 -5.81723 -0.155388 0.61086 -0.155388 -0.61086 
1 1 0 8.93699 0.110584 3.44488 -1.02953 -5.81492 -1.02953 -5.81492 -0.15789 0.610383 -0.15789 -0.610383 
1 1 0 8.93257 0.110584 3.43732 -1.02928 -5.81261 -1.02928 -5.81261 -0.160377 0.609899 -0.160377 -0.609899 
1 1 0 8.92814 0.110584 3.42983 -1.02904 -5.8103 -1.02904 -5.8103 -0.162851 0.609409 -0.162851 -0.609409 
1 1 0 8.92371 0.110584 3.42242 -1.02879 -5.80799 -1.02879 -5.80799 -0.16531 0.608912 -0.16531 -0.608912 
1 1 0 8.91928 0.110584 3.41508 -1.02855 -5.80568 -1.02855 -5.80568 -0.167754 0.608409 -0.167754 -0.608409 
1 1 0 8.91485 0.110584 3.4078 -1.0283 -5.80338 -1.0283 -5.80338 -0.170185 0.607899 -0.170185 -0.607899 
1 1 0 8.91042 0.110584 3.4006 -1.02805 -5.80107 -1.02805 -5.80107 -0.172602 0.607383 -0.172602 -0.607383 
1 1 0 8.90599 0.110584 3.39346 -1.02781 -5.79876 -1.02781 -5.79876 -0.175006 0.606861 -0.175006 -0.606861 
1 1 0 8.90156 0.110584 3.38639 -1.02756 -5.79646 -1.02756 -5.79646 -0.177395 0.606333 -0.177395 -0.606333 
1 1 0 8.89713 0.110584 3.37938 -1.02731 -5.79415 -1.02731 -5.79415 -0.179771 0.6058 -0.179771 -0.6058 
1 1 0 8.8927 0.110584 3.37244 -1.02706 -5.79185 -1.02706 -5.79185 -0.182134 0.605261 -0.182134 -0.605261 
1 1 0 8.88827 0.110584 3.36557 -1.02682 -5.78954 -1.02682 -5.78954 -0.184483 0.604716 -0.184483 -0.604716 
1 1 0 8.88384 0.110584 3.35876 -1.02657 -5.78724 -1.02657 -5.78724 -0.186819 0.604166 -0.186819 -0.604166 
1 1 0 8.87941 0.110584 3.35201 -1.02632 -5.78493 -1.02632 -5.78493 -0.189141 0.60361 -0.189141 -0.60361 
1 1 0 8.87498 0.110584 3.34532 -1.02607 -5.78263 -1.02607 -5.78263 -0.191451 0.60305 -0.191451 -0.60305 
1 1 0 8.87055 0.110584 3.33869 -1.02582 -5.78033 -1.02582 -5.78033 -0.193747 0.602484 -0.193747 -0.602484 
1 1 0 8.86612 0.110584 3.33212 -1.02557 -5.77803 -1.02557 -5.77803 -0.19603 0.601913 -0.19603 -0.601913 
1 1 0 8.86169 0.110584 3.32561 -1.02533 -5.77572 -1.02533 -5.77572 -0.198301 0.601337 -0.198301 -0.601337 
1 1 0 8.85726 0.110584 3.31916 -1.02508 -5.77342 -1.02508 -5.77342 -0.200559 0.600757 -0.200559 -0.600757 
1 1 0 8.85282 0.110584 3.31276 -1.02483 -5.77112 -1.02483 -5.77112 -0.202803 0.600172 -0.202803 -0.600172 
1 1 0 8.84839 0.110584 3.30643 -1.02458 -5.76882 -1.02458 -5.76882 -0.205035 0.599582 -0.205035 -0.599582 
1 1 0 8.84396 0.110584 3.30015 -1.02433 -5.76652 -1.02433 -5.76652 -0.207255 0.598988 -0.207255 -0.598988 
1 1 0 8.83953 0.110584 3.29392 -1.02408 -5.76422 -1.02408 -5.76422 -0.209462 0.59839 -0.209462 -0.59839 
1 1 0 8.83509 0.110584 3.28775 -1.02383 -5.76192 -1.02383 -5.76192 -0.211656 0.597787 -0.211656 -0.597787 
1 1 0 8.83066 0.110584 3.28163 -1.02358 -5.75963 -1.02358 -5.75963 -0.213838 0.59718 -0.213838 -0.59718 
1 1 0 8.82623 0.110584 3.27557 -1.02333 -5.75733 -1.02333 -5.75733 -0.216008 0.596569 -0.216008 -0.596569 
1 1 0 8.82179 0.110584 3.26956 -1.02307 -5.75503 -1.02307 -5.75503 -0.218166 0.595954 -0.218166 -0.595954 
1 1 0 8.81736 0.110584 3.2636 -1.02282 -5.75273 -1.02282 -5.75273 -0.220311 0.595335 -0.220311 -0.595335 
1 1 0 8.81292 0.110584 3.25769 -1.02257 -5.75044 -1.02257 -5.75044 -0.222444 0.594713 -0.222444 -0.594713 
1 1 0 8.80849 0.110584 3.25184 -1.02232 -5.74814 -1.02232 -5.74814 -0.224565 0.594087 -0.224565 -0.594087 
1 1 0 8.80405 0.110584 3.24603 -1.02207 -5.74585 -1.02207 -5.74585 -0.226674 0.593457 -0.226674 -0.593457 
1 1 0 8.79962 0.110584 3.24028 -1.02182 -5.74355 -1.02182 -5.74355 -0.228771 0.592823 -0.228771 -0.592823 
1 1 0 8.79518 0.110584 3.23457 -1.02157 -5.74126 -1.02157 -5.74126 -0.230857 0.592187 -0.230857 -0.592187 
1 1 0 8.79075 0.110584 3.22891 -1.02131 -5.73896 -1.02131 -5.73896 -0.23293 0.591547 -0.23293 -0.591547 
1 1 0 8.78631 0.110584 3.2233 -1.02106 -5.73667 -1.02106 -5.73667 -0.234991 0.590904 -0.234991 -0.590904 
1 1 0 8.78188 0.110584 3.21774 -1.02081 -5.73437 -1.02081 -5.73437 -0.237041 0.590257 -0.237041 -0.590257 
1 1 0 8.77744 0.110584 3.21222 -1.02055 -5.73208 -1.02055 -5.73208 -0.23908 0.589608 -0.23908 -0.589608 
1 1 0 8.773 0.110584 3.20675 -1.0203 -5.72979 -1.0203 -5.72979 -0.241106 0.588956 -0.241106 -0.588956 
1 1 0 8.76857 0.110584 3.20133 -1.02005 -5.7275 -1.02005 -5.7275 -0.243121 0.5883 -0.243121 -0.5883 
1 1 0 8.76413 0.110584 3.19595 -1.01979 -5.7252 -1.01979 -5.7252 -0.245125 0.587642 -0.245125 -0.587642 
1 1 0 8.75969 0.110584 3.19062 -1.01954 -5.72291 -1.01954 -5.72291 -0.247117 0.586982 -0.247117 -0.586982 
1 1 0 8.75526 0.110584 3.18533 -1.01929 -5.72062 -1.01929 -5.72062 -0.249098 0.586319 -0.249098 -0.586319 
1 1 0 8.75082 0.110584 3.18008 -1.01903 -5.71833 -1.01903 -5.71833 -0.251067 0.585653 -0.251067 -0.585653 
1 1 0 8.74638 0.110584 3.17488 -1.01878 -5.71604 -1.01878 -5.71604 -0.253025 0.584985 -0.253025 -0.584985 
1 1 0 8.74194 0.110584 3.16972 -1.01852 -5.71375 -1.01852 -5.71375 -0.254972 0.584314 -0.254972 -0.584314 
1 1 0 8.73751 0.110584 3.16461 -1.01827 -5.71146 -1.01827 -5.71146 -0.256908 0.583641 -0.256908 -0.583641 
1 1 0 8.73307 0.110584 3.15953 -1.01801 -5.70918 -1.01801 -5.70918 -0.258833 0.582966 -0.258833 -0.582966 
1 1 0 8.72863 0.110584 3.1545 -1.01776 -5.70689 -1.01776 -5.70689 -0.260746 0.582289 -0.260746 -0.582289 
1 1 0 8.72419 0.110584 3.14951 -1.0175 -5.7046 -1.0175 -5.7046 -0.262648 0.58161 -0.262648 -0.58161 
1 1 0 8.71975 0.110584 3.14456 -1.01725 -5.70231 -1.01725 -5.70231 -0.26454 0.580929 -0.26454 -0.580929 
1 1 0 8.71531 0.110584 3.13966 -1.01699 -5.70003 -1.01699 -5.70003 -0.26642 0.580246 -0.26642 -0.580246 
1 1 0 8.71087 0.110584 3.13479 -1.01674 -5.69774 -1.01674 -5.69774 -0.26829 0.579562 -0.26829 -0.579562 
1 1 0 8.70644 0.110584 3.12996 -1.01648 -5.69545 -1.01648 -5.69545 -0.270148 0.578875 -0.270148 -0.578875 
1 1 0 8.702 0.110584 3.12517 -1.01623 -5.69317 -1.01623 -5.69317 -0.271996 0.578187 -0.271996 -0.578187 
1 1 0 8.69756 0.110584 3.12042 -1.01597 -5.69088 -1.01597 -5.69088 -0.273833 0.577498 -0.273833 -0.577498 
1 1 0 8.69312 0.110584 3.11571 -1.01571 -5.6886 -1.01571 -5.6886 -0.27566 0.576807 -0.27566 -0.576807 
1 1 0 8.68868 0.110584 3.11104 -1.01546 -5.68631 -1.01546 -5.68631 -0.277475 0.576114 -0.277475 -0.576114 
1 1 0 8.68424 0.110584 3.10641 -1.0152 -5.68403 -1.0152 -5.68403 -0.27928 0.575421 -0.27928 -0.575421 
1 1 0 8.67979 0.110584 3.10181 -1.01494 -5.68174 -1.01494 -5.68174 -0.281074 0.574726 -0.281074 -0.574726 
1 1 0 8.67535 0.110584 3.09725 -1.01468 -5.67946 -1.01468 -5.67946 -0.282858 0.57403 -0.282858 -0.57403 
1 1 0 8.67091 0.110584 3.09273 -1.01443 -5.67718 -1.01443 -5.67718 -0.284631 0.573333 -0.284631 -0.573333 
1 1 0 8.66647 0.110584 3.08824 -1.01417 -5.6749 -1.01417 -5.6749 -0.286394 0.572635 -0.286394 -0.572635 
1 1 0 8.66203 0.110584 3.08379 -1.01391 -5.67261 -1.01391 -5.67261 -0.288146 0.571935 -0.288146 -0.571935 
1 1 0 8.65759 0.110584 3.07938 -1.01365 -5.67033 -1.01365 -5.67033 -0.289888 0.571235 -0.289888 -0.571235 
1 1 0 8.65315 0.110584 3.075 -1.01339 -5.66805 -1.01339 -5.66805 -0.291619 0.570535 -0.291619 -0.570535 
1 1 0 8.64871 0.110584 3.07066 -1.01314 -5.66577 -1.01314 -5.66577 -0.29334 0.569833 -0.29334 -0.569833 
1 1 0 8.64426 0.110584 3.06635 -1.01288 -5.66349 -1.01288 -5.66349 -0.295051 0.569131 -0.295051 -0.569131 
1 1 0 8.63982 0.110584 3.06208 -1.01262 -5.66121 -1.01262 -5.66121 -0.296751 0.568429 -0.296751 -0.568429 
1 1 0 8.63538 0.110584 3.05785 -1.01236 -5.65893 -1.01236 -5.65893 -0.298441 0.567725 -0.298441 -0.567725 
1 1 0 8.63094 0.110584 3.05364 -1.0121 -5.65665 -1.0121 -5.65665 -0.300121 0.567022 -0.300121 -0.567022 
1 1 0 8.62649 0.110584 3.04948 -1.01184 -5.65437 -1.01184 -5.65437 -0.30179 0.566318 -0.30179 -0.566318 
1 1 0 8.62205 0.110584 3.04534 -1.01158 -5.65209 -1.01158 -5.65209 -0.303449 0.565614 -0.303449 -0.565614 
1 1 0 8.61761 0.110584 3.04124 -1.01132 -5.64981 -1.01132 -5.64981 -0.305099 0.564909 -0.305099 -0.564909 
1 1 0 8.61316 0.110584 3.03717 -1.01106 -5.64754 -1.01106 -5.64754 -0.306738 0.564205 -0.306738 -0.564205 
1 1 0 8.60872 0.110584 3.03314 -1.0108 -5.64526 -1.0108 -5.64526 -0.308367 0.563501 -0.308367 -0.563501 
1 1 0 8.60428 0.110584 3.02914 -1.01054 -5.64298 -1.01054 -5.64298 -0.309986 0.562796 -0.309986 -0.562796 
1 1 0 8.59983 0.110584 3.02517 -1.01028 -5.6407 -1.01028 -5.6407 -0.311595 0.562092 -0.311595 -0.562092 
1 1 0 8.59539 0.110584 3.02123 -1.01002 -5.63843 -1.01002 -5.63843 -0.313194 0.561387 -0.313194 -0.561387 
1 1 0 8.59094 0.110584 3.01732 -1.00976 -5.63615 -1.00976 -5.63615 -0.314783 0.560683 -0.314783 -0.560683 
1 1 0 8.5865 0.110584 3.01345 -1.0095 -5.63388 -1.0095 -5.63388 -0.316362 0.55998 -0.316362 -0.55998 
1 1 0 8.58206 0.110584 3.00961 -1.00924 -5.6316 -1.00924 -5.6316 -0.317931 0.559276 -0.317931 -0.559276 
1 1 0 8.57761 0.110584 3.0058 -1.00897 -5.62933 -1.00897 -5.62933 -0.31949 0.558573 -0.31949 -0.558573 
1 1 0 8.57317 0.110584 3.00202 -1.00871 -5.62705 -1.00871 -5.62705 -0.321039 0.557871 -0.321039 -0.557871 
1 1 0 8.56872 0.110584 2.99827 -1.00845 -5.62478 -1.00845 -5.62478 -0.322579 0.557169 -0.322579 -0.557169 
1 1 0 8.56428 0.110584 2.99455 -1.00819 -5.6225 -1.00819 -5.6225 -0.324109 0.556468 -0.324109 -0.556468 
1 1 0 8.55983 0.110584 2.99087 -1.00793 -5.62023 -1.00793 -5.62023 -0.325629 0.555768 -0.325629 -0.555768 
1 1 0 8.55538 0.110584 2.98721 -1.00766 -5.61796 -1.00766 -5.61796 -0.327139 0.555068 -0.327139 -0.555068 
1 1 0 8.55094 0.110584 2.98359 -1.0074 -5.61568 -1.0074 -5.61568 -0.328639 0.554369 -0.328639 -0.554369 
1 1 0 8.54649 0.110584 2.97999 -1.00714 -5.61341 -1.00714 -5.61341 -0.33013 0.553671 -0.33013 -0.553671 
1 1 0 8.54205 0.110584 2.97642 -1.00688 -5.61114 -1.00688 -5.61114 -0.331611 0.552974 -0.331611 -0.552974 
1 1 0 8.5376 0.110584 2.97289 -1.00661 -5.60887 -1.00661 -5.60887 -0.333082 0.552278 -0.333082 -0.552278 
1 1 0 8.53315 0.110584 2.96938 -1.00635 -5.6066 -1.00635 -5.6066 -0.334544 0.551584 -0.334544 -0.551584 
1 1 0 8.52871 0.110584 2.9659 -1.00608 -5.60432 -1.00608 -5.60432 -0.335996 0.55089 -0.335996 -0.55089 
1 1 0 8.52426 0.110584 2.96245 -1.00582 -5.60205 -1.00582 -5.60205 -0.337438 0.550198 -0.337438 -0.550198 
1 1 0 8.51981 0.110584 2.95903 -1.00556 -5.59978 -1.00556 -5.59978 -0.338871 0.549507 -0.338871 -0.549507 
1 1 0 8.51537 0.110584 2.95564 -1.00529 -5.59751 -1.00529 -5.59751 -0.340295 0.548817 -0.340295 -0.548817 
1 1 0 8.51092 0.110584 2.95228 -1.00503 -5.59524 -1.00503 -5.59524 -0.341708 0.548129 -0.341708 -0.548129 
1 1 0 8.50647 0.110584 2.94894 -1.00476 -5.59297 -1.00476 -5.59297 -0.343112 0.547443 -0.343112 -0.547443 
1 1 0 8.50202 0.110584 2.94564 -1.0045 -5.5907 -1.0045 -5.5907 -0.344507 0.546758 -0.344507 -0.546758 
1 1 0 8.49758 0.110584 2.94236 -1.00424 -5.58844 -1.00424 -5.58844 -0.345893 0.546074 -0.345893 -0.546074 
1 1 0 8.49313 0.110584 2.93911 -1.00397 -5.58617 -1.00397 -5.58617 -0.347268 0.545393 -0.347268 -0.545393 
1 1 0 8.48868 0.110584 2.93588 -1.0037 -5.5839 -1.0037 -5.5839 -0.348635 0.544713 -0.348635 -0.544713 
1 1 0 8.48423 0.110584 2.93269 -1.00344 -5.58163 -1.00344 -5.58163 -0.349992 0.544035 -0.349992 -0.544035 
1 1 0 8.47978 0.110584 2.92952 -1.00317 -5.57936 -1.00317 -5.57936 -0.351339 0.543359 -0.351339 -0.543359 
1 1 0 8.47533 0.110584 2.92638 -1.00291 -5.5771 -1.00291 -5.5771 -0.352677 0.542685 -0.352677 -0.542685 
1 1 0 8.47089 0.110584 2.92327 -1.00264 -5.57483 -1.00264 -5.57483 -0.354006 0.542013 -0.354006 -0.542013 
1 1 0 8.46644 0.110584 2.92018 -1.00238 -5.57256 -1.00238 -5.57256 -0.355325 0.541343 -0.355325 -0.541343 
1 1 0 8.46199 0.110584 2.91712 -1.00211 -5.5703 -1.00211 -5.5703 -0.356635 0.540675 -0.356635 -0.540675 
1 1 0 8.45754 0.110584 2.91409 -1.00184 -5.56803 -1.00184 -5.56803 -0.357936 0.54001 -0.357936 -0.54001 
1 1 0 8.45309 0.110584 2.91108 -1.00158 -5.56577 -1.00158 -5.56577 -0.359227 0.539347 -0.359227 -0.539347 
1 1 0 8.44864 0.110584 2.90811 -1.00131 -5.5635 -1.00131 -5.5635 -0.36051 0.538686 -0.36051 -0.538686 
1 1 0 8.44419 0.110584 2.90515 -1.00104 -5.56124 -1.00104 -5.56124 -0.361782 0.538028 -0.361782 -0.538028 
1 1 0 8.43974 0.110584 2.90223 -1.00078 -5.55897 -1.00078 -5.55897 -0.363046 0.537373 -0.363046 -0.537373 
1 1 0 8.43529 0.110584 2.89932 -1.00051 -5.55671 -1.00051 -5.55671 -0.3643 0.536719 -0.3643 -0.536719 
1 1 0 8.43084 0.110584 2.89645 -1.00024 -5.55445 -1.00024 -5.55445 -0.365545 0.536069 -0.365545 -0.536069 
1 1 0 8.42639 0.110584 2.8936 -0.999973 -5.55218 -0.999973 -5.55218 -0.366781 0.535421 -0.366781 -0.535421 
1 1 0 8.42194 0.110584 2.89078 -0.999705 -5.54992 -0.999705 -5.54992 -0.368008 0.534776 -0.368008 -0.534776 
1 1 0 8.41749 0.110584 2.88798 -0.999437 -5.54766 -0.999437 -5.54766 -0.369225 0.534134 -0.369225 -0.534134 
1 1 0 8.41304 0.110584 2.88521 -0.999169 -5.54539 -0.999169 -5.54539 -0.370433 0.533495 -0.370433 -0.533495 
1 1 0 8.40859 0.110584 2.88246 -0.9989 -5.54313 -0.9989 -5.54313 -0.371633 0.532858 -0.371633 -0.532858 
1 1 0 8.40414 0.110584 2.87974 -0.998632 -5.54087 -0.998632 -5.54087 -0.372822 0.532225 -0.372822 -0.532225 
1 1 0 8.39968 0.110584 2.87705 -0.998363 -5.53861 -0.998363 -5.53861 -0.374003 0.531595 -0.374003 -0.531595 
1 1 0 8.39523 0.110584 2.87438 -0.998094 -5.53635 -0.998094 -5.53635 -0.375175 0.530968 -0.375175 -0.530968 
1 1 0 8.39078 0.110584 2.87173 -0.997825 -5.53409 -0.997825 -5.53409 -0.376338 0.530344 -0.376338 -0.530344 
1 1 0 8.38633 0.110584 2.86911 -0.997555 -5.53183 -0.997555 -5.53183 -0.377491 0.529724 -0.377491 -0.529724 
1 1 0 8.38188 0.110584 2.86652 -0.997286 -5.52957 -0.997286 -5.52957 -0.378635 0.529106 -0.378635 -0.529106 
1 1 0 8.37743 0.110584 2.86395 -0.997016 -5.52731 -0.997016 -5.52731 -0.379771 0.528493 -0.379771 -0.528493 
1 1 0 8.37297 0.110584 2.8614 -0.996746 -5.52505 -0.996746 -5.52505 -0.380897 0.527882 -0.380897 -0.527882 
1 1 0 8.36852 0.110584 2.85888 -0.996476 -5.52279 -0.996476 -5.52279 -0.382014 0.527275 -0.382014 -0.527275 
1 1 0 8.36407 0.110584 2.85638 -0.996206 -5.52053 -0.996206 -5.52053 -0.383122 0.526672 -0.383122 -0.526672 
1 1 0 8.35962 0.110584 2.85391 -0.995935 -5.51827 -0.995935 -5.51827 -0.384221 0.526073 -0.384221 -0.526073 
1 1 0 8.35516 0.110584 2.85146 -0.995665 -5.51601 -0.995665 -5.51601 -0.385311 0.525477 -0.385311 -0.525477 
1 1 0 8.35071 0.110584 2.84904 -0.995394 -5.51375 -0.995394 -5.51375 -0.386392 0.524885 -0.386392 -0.524885 
1 1 0 8.34626 0.110584 2.84664 -0.995123 -5.51149 -0.995123 -5.51149 -0.387464 0.524297 -0.387464 -0.524297 
1 1 0 8.34181 0.110584 2.84426 -0.994852 -5.50924 -0.994852 -5.50924 -0.388527 0.523712 -0.388527 -0.523712 
1 1 0 8.33735 0.110584 2.84191 -0.99458 -5.50698 -0.99458 -5.50698 -0.389581 0.523132 -0.389581 -0.523132 
1 1 0 8.3329 0.110584 2.83958 -0.994309 -5.50472 -0.994309 -5.50472 -0.390626 0.522556 -0.390626 -0.522556 
1 1 0 8.32845 0.110584 2.83728 -0.994037 -5.50247 -0.994037 -5.50247 -0.391662 0.521984 -0.391662 -0.521984 
1 1 0 8.32399 0.110584 2.835 -0.993765 -5.50021 -0.993765 -5.50021 -0.392689 0.521416 -0.392689 -0.521416 
1 1 0 8.31954 0.110584 2.83274 -0.993493 -5.49795 -0.993493 -5.49795 -0.393707 0.520852 -0.393707 -0.520852 
1 1 0 8.31508 0.110584 2.83051 -0.993221 -5.4957 -0.993221 -5.4957 -0.394717 0.520292 -0.394717 -0.520292 
1 1 0 8.31063 0.110584 2.8283 -0.992949 -5.49344 -0.992949 -5.49344 -0.395717 0.519737 -0.395717 -0.519737 
1 1 0 8.30618 0.110584 2.82612 -0.992676 -5.49119 -0.992676 -5.49119 -0.396708 0.519186 -0.396708 -0.519186 
1 1 0 8.30172 0.110584 2.82395 -0.992403 -5.48893 -0.992403 -5.48893 -0.397691 0.518639 -0.397691 -0.518639 
1 1 0 8.29727 0.110584 2.82182 -0.99213 -5.48668 -0.99213 -5.48668 -0.398664 0.518098 -0.398664 -0.518098 
1 1 0 8.29281 0.110584 2.8197 -0.991857 -5.48442 -0.991857 -5.48442 -0.399629 0.51756 -0.399629 -0.51756 
1 1 0 8.28836 0.110584 2.81761 -0.991584 -5.48217 -0.991584 -5.48217 -0.400584 0.517027 -0.400584 -0.517027 
1 1 0 8.2839 0.110584 2.81554 -0.99131 -5.47991 -0.99131 -5.47991 -0.401531 0.5165 -0.401531 -0.5165 
1 1 0 8.27945 0.110584 2.8135 -0.991037 -5.47766 -0.991037 -5.47766 -0.402469 0.515976 -0.402469 -0.515976 
1 1 0 8.27499 0.110584 2.81147 -0.990763 -5.47541 -0.990763 -5.47541 -0.403398 0.515458 -0.403398 -0.515458 
1 1 0 8.27054 0.110584 2.80947 -0.990489 -5.47315 -0.990489 -5.47315 -0.404318 0.514944 -0.404318 -0.514944 
1 1 0 8.26608 0.110584 2.8075 -0.990215 -5.4709 -0.990215 -5.4709 -0.405229 0.514435 -0.405229 -0.514435 
1 1 0 8.26163 0.110584 2.80554 -0.98994 -5.46865 -0.98994 -5.46865 -0.406131 0.513932 -0.406131 -0.513932 
1 1 0 8.25717 0.110584 2.80361 -0.989666 -5.4664 -0.989666 -5.4664 -0.407024 0.513433 -0.407024 -0.513433 
1 1 0 8.25272 0.110584 2.80171 -0.989391 -5.46415 -0.989391 -5.46415 -0.407909 0.512939 -0.407909 -0.512939 
1 1 0 8.24826 0.110584 2.79982 -0.989116 -5.46189 -0.989116 -5.46189 -0.408785 0.512451 -0.408785 -0.512451 
1 1 0 8.2438 0.110584 2.79796 -0.988841 -5.45964 -0.988841 -5.45964 -0.409652 0.511967 -0.409652 -0.511967 
1 1 0 8.23935 0.110584 2.79612 -0.988566 -5.45739 -0.988566 -5.45739 -0.41051 0.511489 -0.41051 -0.511489 
1 1 0 8.23489 0.110584 2.79431 -0.98829 -5.45514 -0.98829 -5.45514 -0.411359 0.511017 -0.411359 -0.511017 
1 1 0 8.23043 0.110584 2.79251 -0.988015 -5.45289 -0.988015 -5.45289 -0.412199 0.510549 -0.412199 -0.510549 
1 1 0 8.22598 0.110584 2.79074 -0.987739 -5.45064 -0.987739 -5.45064 -0.413031 0.510087 -0.413031 -0.510087 
1 1 0 8.22152 0.110584 2.78899 -0.987463 -5.44839 -0.987463 -5.44839 -0.413853 0.509631 -0.413853 -0.509631 
1 1 0 8.21706 0.110584 2.78727 -0.987187 -5.44614 -0.987187 -5.44614 -0.414667 0.50918 -0.414667 -0.50918 
1 1 0 8.21261 0.110584 2.78556 -0.98691 -5.44389 -0.98691 -5.44389 -0.415472 0.508735 -0.415472 -0.508735 
1 1 0 8.20815 0.110584 2.78388 -0.986634 -5.44164 -0.986634 -5.44164 -0.416268 0.508295 -0.416268 -0.508295 
1 1 0 8.20369 0.110584 2.78222 -0.986357 -5.43939 -0.986357 -5.43939 -0.417056 0.507861 -0.417056 -0.507861 
1 1 0 8.19924 0.110584 2.78059 -0.98608 -5.43715 -0.98608 -5.43715 -0.417834 0.507433 -0.417834 -0.507433 
1 1 0 8.19478 0.110584 2.77897 -0.985803 -5.4349 -0.985803 -5.4349 -0.418604 0.50701 -0.418604 -0.50701 
1 1 0 8.19032 0.110584 2.77738 -0.985526 -5.43265 -0.985526 -5.43265 -0.419365 0.506593 -0.419365 -0.506593 
1 1 0 8.18586 0.110584 2.77581 -0.985248 -5.4304 -0.985248 -5.4304 -0.420117 0.506183 -0.420117 -0.506183 
1 1 0 8.18141 0.110584 2.77427 -0.984971 -5.42815 -0.984971 -5.42815 -0.42086 0.505778 -0.42086 -0.505778 
1 1 0 8.17695 0.110584 2.77274 -0.984693 -5.42591 -0.984693 -5.42591 -0.421595 0.505379 -0.421595 -0.505379 
1 1 0 8.17249 0.110584 2.77124 -0.984415 -5.42366 -0.984415 -5.42366 -0.42232 0.504987 -0.42232 -0.504987 
1 1 0 8.16803 0.110584 2.76976 -0.984137 -5.42141 -0.984137 -5.42141 -0.423037 0.5046 -0.423037 -0.5046 
1 1 0 8.16357 0.110584 2.7683 -0.983858 -5.41917 -0.983858 -5.41917 -0.423745 0.50422 -0.423745 -0.50422 
1 1 0 8.15912 0.110584 2.76687 -0.98358 -5.41692 -0.98358 -5.41692 -0.424445 0.503845 -0.424445 -0.503845 
1 1 0 8.15466 0.110584 2.76545 -0.983301 -5.41467 -0.983301 -5.41467 -0.425135 0.503478 -0.425135 -0.503478 
1 1 0 8.1502 0.110584 2.76406 -0.983022 -5.41243 -0.983022 -5.41243 -0.425817 0.503116 -0.425817 -0.503116 
1 1 0 8.14574 0.110584 2.76269 -0.982743 -5.41018 -0.982743 -5.41018 -0.42649 0.502761 -0.42649 -0.502761 
1 1 0 8.14128 0.110584 2.76134 -0.982464 -5.40794 -0.982464 -5.40794 -0.427154 0.502412 -0.427154 -0.502412 
1 1 0 8.13682 0.110584 2.76002 -0.982185 -5.40569 -0.982185 -5.40569 -0.427809 0.502069 -0.427809 -0.502069 
1 1 0 8.13236 0.110584 2.75871 -0.981905 -5.40345 -0.981905 -5.40345 -0.428456 0.501733 -0.428456 -0.501733 
1 1 0 8.1279 0.110584 2.75743 -0.981625 -5.4012 -0.981625 -5.4012 -0.429094 0.501404 -0.429094 -0.501404 
1 1 0 8.12344 0.110584 2.75617 -0.981345 -5.39896 -0.981345 -5.39896 -0.429723 0.501081 -0.429723 -0.501081 
1 1 0 8.11899 0.110584 2.75493 -0.981065 -5.39672 -0.981065 -5.39672 -0.430343 0.500765 -0.430343 -0.500765 
1 1 0 8.11453 0.110584 2.75371 -0.980785 -5.39447 -0.980785 -5.39447 -0.430954 0.500456 -0.430954 -0.500456 
1 1 0 8.11007 0.110584 2.75252 -0.980505 -5.39223 -0.980505 -5.39223 -0.431557 0.500153 -0.431557 -0.500153 
1 1 0 8.10561 0.110584 2.75135 -0.980224 -5.38998 -0.980224 -5.38998 -0.432151 0.499857 -0.432151 -0.499857 
1 1 0 8.10115 0.110584 2.7502 -0.979943 -5.38774 -0.979943 -5.38774 -0.432736 0.499568 -0.432736 -0.499568 
1 1 0 8.09669 0.110584 2.74907 -0.979662 -5.3855 -0.979662 -5.3855 -0.433312 0.499286 -0.433312 -0.499286 
1 1 0 8.09223 0.110584 2.74796 -0.979381 -5.38326 -0.979381 -5.38326 -0.433879 0.49901 -0.433879 -0.49901 
1 1 0 8.08777 0.110584 2.74687 -0.9791 -5.38101 -0.9791 -5.38101 -0.434438 0.498742 -0.434438 -0.498742 
1 1 0 8.08331 0.110584 2.74581 -0.978818 -5.37877 -0.978818 -5.37877 -0.434988 0.49848 -0.434988 -0.49848 
1 1 0 8.07885 0.110584 2.74477 -0.978536 -5.37653 -0.978536 -5.37653 -0.435529 0.498226 -0.435529 -0.498226 
1 1 0 8.07438 0.110584 2.74375 -0.978254 -5.37429 -0.978254 -5.37429 -0.436061 0.497978 -0.436061 -0.497978 
1 1 0 8.06992 0.110584 2.74275 -0.977972 -5.37205 -0.977972 -5.37205 -0.436585 0.497738 -0.436585 -0.497738 
1 1 0 8.06546 0.110584 2.74177 -0.97769 -5.36981 -0.97769 -5.36981 -0.437099 0.497505 -0.437099 -0.497505 
1 1 0 8.061 0.110584 2.74082 -0.977408 -5.36757 -0.977408 -5.36757 -0.437605 0.497279 -0.437605 -0.497279 
1 1 0 8.05654 0.110584 2.73988 -0.977125 -5.36533 -0.977125 -5.36533 -0.438102 0.497061 -0.438102 -0.497061 
1 1 0 8.05208 0.110584 2.73897 -0.976842 -5.36309 -0.976842 -5.36309 -0.43859 0.496849 -0.43859 -0.496849 
1 1 0 8.04762 0.110584 2.73808 -0.976559 -5.36085 -0.976559 -5.36085 -0.43907 0.496645 -0.43907 -0.496645 
1 1 0 8.04316 0.110584 2.73721 -0.976276 -5.35861 -0.976276 -5.35861 -0.43954 0.496448 -0.43954 -0.496448 
1 1 0 8.0387 0.110584 2.73636 -0.975993 -5.35637 -0.975993 -5.35637 -0.440002 0.496259 -0.440002 -0.496259 
1 1 0 8.03424 0.110584 2.73554 -0.975709 -5.35413 -0.975709 -5.35413 -0.440455 0.496077 -0.440455 -0.496077 
1 1 0 8.02977 0.110584 2.73474 -0.975425 -5.35189 -0.975425 -5.35189 -0.440899 0.495903 -0.440899 -0.495903 
1 1 0 8.02531 0.110584 2.73395 -0.975141 -5.34965 -0.975141 -5.34965 -0.441335 0.495735 -0.441335 -0.495735 
1 1 0 8.02085 0.110584 2.73319 -0.974857 -5.34741 -0.974857 -5.34741 -0.441761 0.495576 -0.441761 -0.495576 
1 1 0 8.01639 0.110584 2.73245 -0.974573 -5.34517 -0.974573 -5.34517 -0.442179 0.495424 -0.442179 -0.495424 
1 1 0 8.01193 0.110584 2.73174 -0.974289 -5.34293 -0.974289 -5.34293 -0.442588 0.495279 -0.442588 -0.495279 
1 1 0 8.00746 0.110584 2.73104 -0.974004 -5.34069 -0.974004 -5.34069 -0.442988 0.495143 -0.442988 -0.495143 
1 1 0 8.003 0.110584 2.73037 -0.973719 -5.33846 -0.973719 -5.33846 -0.443379 0.495013 -0.443379 -0.495013 
1 1 0 7.99854 0.110584 2.72971 -0.973434 -5.33622 -0.973434 -5.33622 -0.443761 0.494892 -0.443761 -0.494892 
1 1 0 7.99408 0.110584 2.72908 -0.973149 -5.33398 -0.973149 -5.33398 -0.444135 0.494778 -0.444135 -0.494778 
1 1 0 7.98961 0.110584 2.72847 -0.972864 -5.33175 -0.972864 -5.33175 -0.444499 0.494672 -0.444499 -0.494672 
1 1 0 7.98515 0.110584 2.72788 -0.972578 -5.32951 -0.972578 -5.32951 -0.444855 0.494574 -0.444855 -0.494574 
1 1 0 7.98069 0.110584 2.72732 -0.972293 -5.32727 -0.972293 -5.32727 -0.445202 0.494483 -0.445202 -0.494483 
1 1 0 7.97623 0.110584 2.72677 -0.972007 -5.32504 -0.972007 -5.32504 -0.44554 0.4944 -0.44554 -0.4944 
1 1 0 7.97176 0.110584 2.72625 -0.971721 -5.3228 -0.971721 -5.3228 -0.445869 0.494325 -0.445869 -0.494325 
1 1 0 7.9673 0.110584 2.72574 -0.971434 -5.32056 -0.971434 -5.32056 -0.44619 0.494258 -0.44619 -0.494258 
1 1 0 7.96284 0.110584 2.72526 -0.971148 -5.31833 -0.971148 -5.31833 -0.446501 0.494199 -0.446501 -0.494199 
1 1 0 7.95837 0.110584 2.7248 -0.970861 -5.31609 -0.970861 -5.31609 -0.446804 0.494148 -0.446804 -0.494148 
1 1 0 7.95391 0.110584 2.72437 -0.970575 -5.31386 -0.970575 -5.31386 -0.447098 0.494104 -0.447098 -0.494104 
1 1 0 7.94945 0.110584 2.72395 -0.970288 -5.31162 -0.970288 -5.31162 -0.447382 0.494069 -0.447382 -0.494069 
1 1 0 7.94498 0.110584 2.72355 -0.97 -5.30939 -0.97 -5.30939 -0.447658 0.494042 -0.447658 -0.494042 
1 1 0 7.94052 0.110584 2.72318 -0.969713 -5.30715 -0.969713 -5.30715 -0.447926 0.494022 -0.447926 -0.494022 
1 1 0 7.93606 0.110584 2.72283 -0.969426 -5.30492 -0.969426 -5.30492 -0.448184 0.494011 -0.448184 -0.494011 
1 1 0 7.93159 0.110584 2.7225 -0.969138 -5.30268 -0.969138 -5.30268 -0.448433 0.494007 -0.448433 -0.494007 
1 1 0 7.92713 0.110584 2.72219 -0.96885 -5.30045 -0.96885 -5.30045 -0.448673 0.494012 -0.448673 -0.494012 
1 1 0 7.92267 0.110584 2.7219 -0.968562 -5.29821 -0.968562 -5.29821 -0.448905 0.494025 -0.448905 -0.494025 
1 1 0 7.9182 0.110584 2.72164 -0.968274 -5.29598 -0.968274 -5.29598 -0.449127 0.494046 -0.449127 -0.494046 
1 1 0 7.91374 0.110584 2.72139 -0.967985 -5.29375 -0.967985 -5.29375 -0.449341 0.494074 -0.449341 -0.494074 
1 1 0 7.90927 0.110584 2.72117 -0.967697 -5.29151 -0.967697 -5.29151 -0.449545 0.494112 -0.449545 -0.494112 
1 1 0 7.90481 0.110584 2.72097 -0.967408 -5.28928 -0.967408 -5.28928 -0.449741 0.494157 -0.449741 -0.494157 
1 1 0 7.90034 0.110584 2.72079 -0.967119 -5.28705 -0.967119 -5.28705 -0.449928 0.49421 -0.449928 -0.49421 
1 1 0 7.89588 0.110584 2.72063 -0.96683 -5.28482 -0.96683 -5.28482 -0.450106 0.494271 -0.450106 -0.494271 
1 1 0 7.89142 0.110584 2.72049 -0.96654 -5.28258 -0.96654 -5.28258 -0.450275 0.494341 -0.450275 -0.494341 
1 1 0 7.88695 0.110584 2.72037 -0.966251 -5.28035 -0.966251 -5.28035 -0.450434 0.494419 -0.450434 -0.494419 
1 1 0 7.88249 0.110584 2.72028 -0.965961 -5.27812 -0.965961 -5.27812 -0.450585 0.494505 -0.450585 -0.494505 
1 1 0 7.87802 0.110584 2.72021 -0.965671 -5.27589 -0.965671 -5.27589 -0.450727 0.494599 -0.450727 -0.494599 
1 1 0 7.87356 0.110584 2.72016 -0.965381 -5.27366 -0.965381 -5.27366 -0.45086 0.494702 -0.45086 -0.494702 
1 1 0 7.86909 0.110584 2.72013 -0.965091 -5.27142 -0.965091 -5.27142 -0.450984 0.494813 -0.450984 -0.494813 
1 1 0 7.86463 0.110584 2.72012 -0.964801 -5.26919 -0.964801 -5.26919 -0.451099 0.494931 -0.451099 -0.494931 
1 1 0 7.86016 0.110584 2.72013 -0.96451 -5.26696 -0.96451 -5.26696 -0.451205 0.495059 -0.451205 -0.495059 
1 1 0 7.8557 0.110584 2.72016 -0.964219 -5.26473 -0.964219 -5.26473 -0.451302 0.495194 -0.451302 -0.495194 
1 1 0 7.85123 0.110584 2.72022 -0.963928 -5.2625 -0.963928 -5.2625 -0.45139 0.495338 -0.45139 -0.495338 
1 1 0 7.84676 0.110584 2.7203 -0.963637 -5.26027 -0.963637 -5.26027 -0.451469 0.49549 -0.451469 -0.49549 
1 1 0 7.8423 0.110584 2.7204 -0.963346 -5.25804 -0.963346 -5.25804 -0.451539 0.49565 -0.451539 -0.49565 
1 1 0 7.83783 0.110584 2.72052 -0.963054 -5.25581 -0.963054 -5.25581 -0.4516 0.495818 -0.4516 -0.495818 
1 1 0 7.83337 0.110584 2.72066 -0.962762 -5.25358 -0.962762 -5.25358 -0.451651 0.495995 -0.451651 -0.495995 
1 1 0 7.8289 0.110584 2.72082 -0.96247 -5.25135 -0.96247 -5.25135 -0.451694 0.496179 -0.451694 -0.496179 
1 1 0 7.82444 0.110584 2.72101 -0.962178 -5.24912 -0.962178 -5.24912 -0.451728 0.496373 -0.451728 -0.496373 
1 1 0 7.81997 0.110584 2.72121 -0.961886 -5.24689 -0.961886 -5.24689 -0.451752 0.496574 -0.451752 -0.496574 
1 1 0 7.8155 0.110584 2.72144 -0.961594 -5.24466 -0.961594 -5.24466 -0.451768 0.496784 -0.451768 -0.496784 
1 1 0 7.81104 0.110584 2.72169 -0.961301 -5.24243 -0.961301 -5.24243 -0.451774 0.497002 -0.451774 -0.497002 
1 1 0 7.80657 0.110584 2.72196 -0.961008 -5.24021 -0.961008 -5.24021 -0.451772 0.497228 -0.451772 -0.497228 
1 1 0 7.8021 0.110584 2.72225 -0.960715 -5.23798 -0.960715 -5.23798 -0.45176 0.497462 -0.45176 -0.497462 
1 1 0 7.79764 0.110584 2.72256 -0.960422 -5.23575 -0.960422 -5.23575 -0.451739 0.497705 -0.451739 -0.497705 
1 1 0 7.79317 0.110584 2.7229 -0.960129 -5.23352 -0.960129 -5.23352 -0.451709 0.497956 -0.451709 -0.497956 
1 1 0 7.78871 0.110584 2.72326 -0.959835 -5.23129 -0.959835 -5.23129 -0.45167 0.498215 -0.45167 -0.498215 
1 1 0 7.78424 0.110584 2.72363 -0.959541 -5.22907 -0.959541 -5.22907 -0.451622 0.498482 -0.451622 -0.498482 
1 1 0 7.77977 0.110584 2.72403 -0.959247 -5.22684 -0.959247 -5.22684 -0.451564 0.498758 -0.451564 -0.498758 
1 1 0 7.77531 0.110584 2.72445 -0.958953 -5.22461 -0.958953 -5.22461 -0.451498 0.499042 -0.451498 -0.499042 
1 1 0 7.77084 0.110584 2.7249 -0.958659 -5.22238 -0.958659 -5.22238 -0.451422 0.499334 -0.451422 -0.499334 
1 1 0 7.76637 0.110584 2.72536 -0.958364 -5.22016 -0.958364 -5.22016 -0.451337 0.499634 -0.451337 -0.499634 
1 1 0 7.7619 0.110584 2.72585 -0.95807 -5.21793 -0.95807 -5.21793 -0.451243 0.499942 -0.451243 -0.499942 
1 1 0 7.75744 0.110584 2.72635 -0.957775 -5.2157 -0.957775 -5.2157 -0.45114 0.500259 -0.45114 -0.500259 
1 1 0 7.75297 0.110584 2.72688 -0.95748 -5.21348 -0.95748 -5.21348 -0.451027 0.500583 -0.451027 -0.500583 
1 1 0 7.7485 0.110584 2.72743 -0.957185 -5.21125 -0.957185 -5.21125 -0.450906 0.500916 -0.450906 -0.500916 
1 1 0 7.74404 0.110584 2.728 -0.956889 -5.20902 -0.956889 -5.20902 -0.450775 0.501257 -0.450775 -0.501257 
1 1 0 7.73957 0.110584 2.7286 -0.956594 -5.2068 -0.956594 -5.2068 -0.450635 0.501606 -0.450635 -0.501606 
1 1 0 7.7351 0.110584 2.72921 -0.956298 -5.20457 -0.956298 -5.20457 -0.450485 0.501963 -0.450485 -0.501963 
1 1 0 7.73063 0.110584 2.72985 -0.956002 -5.20235 -0.956002 -5.20235 -0.450327 0.502328 -0.450327 -0.502328 
1 1 0 7.72617 0.110584 2.7305 -0.955706 -5.20012 -0.955706 -5.20012 -0.450159 0.502702 -0.450159 -0.502702 
1 1 0 7.7217 0.110584 2.73118 -0.955409 -5.1979 -0.955409 -5.1979 -0.449982 0.503083 -0.449982 -0.503083 
1 1 0 7.71723 0.110584 2.73188 -0.955113 -5.19567 -0.955113 -5.19567 -0.449795 0.503472 -0.449795 -0.503472 
1 1 0 7.71276 0.110584 2.73261 -0.954816 -5.19345 -0.954816 -5.19345 -0.4496 0.503869 -0.4496 -0.503869 
1 1 0 7.70829 0.110584 2.73335 -0.954519 -5.19122 -0.954519 -5.19122 -0.449395 0.504275 -0.449395 -0.504275 
1 1 0 7.70383 0.110584 2.73412 -0.954222 -5.189 -0.954222 -5.189 -0.44918 0.504688 -0.44918 -0.504688 
1 1 0 7.69936 0.110584 2.7349 -0.953925 -5.18677 -0.953925 -5.18677 -0.448957 0.505109 -0.448957 -0.505109 
1 1 0 7.69489 0.110584 2.73571 -0.953627 -5.18455 -0.953627 -5.18455 -0.448724 0.505538 -0.448724 -0.505538 
1 1 0 7.69042 0.110584 2.73654 -0.95333 -5.18232 -0.95333 -5.18232 -0.448482 0.505975 -0.448482 -0.505975 
1 1 0 7.68595 0.110584 2.7374 -0.953032 -5.1801 -0.953032 -5.1801 -0.44823 0.50642 -0.44823 -0.50642 
1 1 0 7.68148 0.110584 2.73827 -0.952734 -5.17788 -0.952734 -5.17788 -0.447969 0.506872 -0.447969 -0.506872 
1 1 0 7.67702 0.110584 2.73916 -0.952435 -5.17565 -0.952435 -5.17565 -0.447699 0.507333 -0.447699 -0.507333 
1 1 0 7.67255 0.110584 2.74008 -0.952137 -5.17343 -0.952137 -5.17343 -0.447419 0.507801 -0.447419 -0.507801 
1 1 0 7.66808 0.110584 2.74102 -0.951838 -5.17121 -0.951838 -5.17121 -0.44713 0.508277 -0.44713 -0.508277 
1 1 0 7.66361 0.110584 2.74198 -0.95154 -5.16898 -0.95154 -5.16898 -0.446831 0.508761 -0.446831 -0.508761 
1 1 0 7.65914 0.110584 2.74296 -0.951241 -5.16676 -0.951241 -5.16676 -0.446523 0.509252 -0.446523 -0.509252 
1 1 0 7.65467 0.110584 2.74397 -0.950941 -5.16454 -0.950941 -5.16454 -0.446206 0.509752 -0.446206 -0.509752 
1 1 0 7.6502 0.110584 2.74499 -0.950642 -5.16232 -0.950642 -5.16232 -0.445879 0.510258 -0.445879 -0.510258 
1 1 0 7.64574 0.110584 2.74604 -0.950343 -5.16009 -0.950343 -5.16009 -0.445543 0.510773 -0.445543 -0.510773 
1 1 0 7.64127 0.110584 2.74711 -0.950043 -5.15787 -0.950043 -5.15787 -0.445197 0.511295 -0.445197 -0.511295 
1 1 0 7.6368 0.110584 2.7482 -0.949743 -5.15565 -0.949743 -5.15565 -0.444842 0.511824 -0.444842 -0.511824 
1 1 0 7.63233 0.110584 2.74931 -0.949443 -5.15343 -0.949443 -5.15343 -0.444478 0.512361 -0.444478 -0.512361 
1 1 0 7.62786 0.110584 2.75045 -0.949142 -5.15121 -0.949142 -5.15121 -0.444103 0.512906 -0.444103 -0.512906 
1 1 0 7.62339 0.110584 2.7516 -0.948842 -5.14898 -0.948842 -5.14898 -0.44372 0.513458 -0.44372 -0.513458 
1 1 0 7.61892 0.110584 2.75278 -0.948541 -5.14676 -0.948541 -5.14676 -0.443327 0.514017 -0.443327 -0.514017 
1 1 0 7.61445 0.110584 2.75398 -0.94824 -5.14454 -0.94824 -5.14454 -0.442924 0.514584 -0.442924 -0.514584 
1 1 0 7.60998 0.110584 2.7552 -0.947939 -5.14232 -0.947939 -5.14232 -0.442512 0.515158 -0.442512 -0.515158 
1 1 0 7.60551 0.110584 2.75644 -0.947638 -5.1401 -0.947638 -5.1401 -0.44209 0.515739 -0.44209 -0.515739 
1 1 0 7.60104 0.110584 2.75771 -0.947336 -5.13788 -0.947336 -5.13788 -0.441659 0.516328 -0.441659 -0.516328 
1 1 0 7.59657 0.110584 2.759 -0.947035 -5.13566 -0.947035 -5.13566 -0.441218 0.516924 -0.441218 -0.516924 
1 1 0 7.5921 0.110584 2.76031 -0.946733 -5.13344 -0.946733 -5.13344 -0.440767 0.517527 -0.440767 -0.517527 
1 1 0 7.58763 0.110584 2.76164 -0.946431 -5.13122 -0.946431 -5.13122 -0.440307 0.518137 -0.440307 -0.518137 
1 1 0 7.58316 0.110584 2.76299 -0.946129 -5.129 -0.946129 -5.129 -0.439837 0.518754 -0.439837 -0.518754 
1 1 0 7.57869 0.110584 2.76436 -0.945826 -5.12678 -0.945826 -5.12678 -0.439358 0.519379 -0.439358 -0.519379 
1 1 0 7.57422 0.110584 2.76576 -0.945524 -5.12456 -0.945524 -5.12456 -0.438869 0.52001 -0.438869 -0.52001 
1 1 0 7.56975 0.110584 2.76718 -0.945221 -5.12234 -0.945221 -5.12234 -0.43837 0.520648 -0.43837 -0.520648 
1 1 0 7.56528 0.110584 2.76862 -0.944918 -5.12012 -0.944918 -5.12012 -0.437862 0.521294 -0.437862 -0.521294 
1 1 0 7.56081 0.110584 2.77008 -0.944615 -5.1179 -0.944615 -5.1179 -0.437344 0.521946 -0.437344 -0.521946 
1 1 0 7.55634 0.110584 2.77157 -0.944311 -5.11568 -0.944311 -5.11568 -0.436816 0.522605 -0.436816 -0.522605 
1 1 0 7.55187 0.110584 2.77308 -0.944008 -5.11346 -0.944008 -5.11346 -0.436279 0.523271 -0.436279 -0.523271 
1 1 0 7.5474 0.110584 2.7746 -0.943704 -5.11124 -0.943704 -5.11124 -0.435732 0.523943 -0.435732 -0.523943 
1 1 0 7.54293 0.110584 2.77616 -0.9434 -5.10902 -0.9434 -5.10902 -0.435175 0.524623 -0.435175 -0.524623 
1 1 0 7.53846 0.110584 2.77773 -0.943096 -5.1068 -0.943096 -5.1068 -0.434608 0.525309 -0.434608 -0.525309 
1 1 0 7.53399 0.110584 2.77932 -0.942792 -5.10458 -0.942792 -5.10458 -0.434032 0.526001 -0.434032 -0.526001 
1 1 0 7.52952 0.110584 2.78094 -0.942487 -5.10236 -0.942487 -5.10236 -0.433446 0.526701 -0.433446 -0.526701 
1 1 0 7.52505 0.110584 2.78258 -0.942182 -5.10015 -0.942182 -5.10015 -0.43285 0.527406 -0.43285 -0.527406 
1 1 0 7.52058 0.110584 2.78425 -0.941877 -5.09793 -0.941877 -5.09793 -0.432244 0.528119 -0.432244 -0.528119 
1 1 0 7.51611 0.110584 2.78593 -0.941572 -5.09571 -0.941572 -5.09571 -0.431629 0.528838 -0.431629 -0.528838 
1 1 0 7.51164 0.110584 2.78764 -0.941267 -5.09349 -0.941267 -5.09349 -0.431003 0.529563 -0.431003 -0.529563 
1 1 0 7.50717 0.110584 2.78937 -0.940961 -5.09127 -0.940961 -5.09127 -0.430368 0.530294 -0.430368 -0.530294 
1 1 0 7.5027 0.110584 2.79112 -0.940656 -5.08906 -0.940656 -5.08906 -0.429723 0.531032 -0.429723 -0.531032 
1 1 0 7.49823 0.110584 2.79289 -0.94035 -5.08684 -0.94035 -5.08684 -0.429068 0.531776 -0.429068 -0.531776 
1 1 0 7.49376 0.110584 2.79469 -0.940044 -5.08462 -0.940044 -5.08462 -0.428403 0.532526 -0.428403 -0.532526 
1 1 0 7.48928 0.110584 2.79651 -0.939737 -5.0824 -0.939737 -5.0824 -0.427728 0.533282 -0.427728 -0.533282 
1 1 0 7.48481 0.110584 2.79835 -0.939431 -5.08019 -0.939431 -5.08019 -0.427044 0.534045 -0.427044 -0.534045 
1 1 0 7.48034 0.110584 2.80021 -0.939124 -5.07797 -0.939124 -5.07797 -0.426349 0.534813 -0.426349 -0.534813 
1 1 0 7.47587 0.110584 2.8021 -0.938817 -5.07575 -0.938817 -5.07575 -0.425645 0.535587 -0.425645 -0.535587 
1 1 0 7.4714 0.110584 2.80401 -0.93851 -5.07354 -0.93851 -5.07354 -0.42493 0.536368 -0.42493 -0.536368 
1 1 0 7.46693 0.110584 2.80594 -0.938203 -5.07132 -0.938203 -5.07132 -0.424206 0.537154 -0.424206 -0.537154 
1 1 0 7.46246 0.110584 2.8079 -0.937895 -5.0691 -0.937895 -5.0691 -0.423471 0.537946 -0.423471 -0.537946 
1 1 0 7.45799 0.110584 2.80987 -0.937588 -5.06689 -0.937588 -5.06689 -0.422727 0.538743 -0.422727 -0.538743 
1 1 0 7.45351 0.110584 2.81187 -0.93728 -5.06467 -0.93728 -5.06467 -0.421972 0.539547 -0.421972 -0.539547 
1 1 0 7.44904 0.110584 2.8139 -0.936972 -5.06245 -0.936972 -5.06245 -0.421208 0.540356 -0.421208 -0.540356 
1 1 0 7.44457 0.110584 2.81594 -0.936664 -5.06024 -0.936664 -5.06024 -0.420434 0.541171 -0.420434 -0.541171 
1 1 0 7.4401 0.110584 2.81801 -0.936355 -5.05802 -0.936355 -5.05802 -0.419649 0.541991 -0.419649 -0.541991 
1 1 0 7.43563 0.110584 2.8201 -0.936046 -5.05581 -0.936046 -5.05581 -0.418854 0.542817 -0.418854 -0.542817 
1 1 0 7.43116 0.110584 2.82222 -0.935738 -5.05359 -0.935738 -5.05359 -0.418049 0.543648 -0.418049 -0.543648 
1 1 0 7.42669 0.110584 2.82436 -0.935429 -5.05137 -0.935429 -5.05137 -0.417235 0.544484 -0.417235 -0.544484 
1 1 0 7.42221 0.110584 2.82652 -0.935119 -5.04916 -0.935119 -5.04916 -0.416409 0.545326 -0.416409 -0.545326 
1 1 0 7.41774 0.110584 2.8287 -0.93481 -5.04694 -0.93481 -5.04694 -0.415574 0.546173 -0.415574 -0.546173 
1 1 0 7.41327 0.110584 2.83091 -0.9345 -5.04473 -0.9345 -5.04473 -0.414729 0.547026 -0.414729 -0.547026 
1 1 0 7.4088 0.110584 2.83314 -0.93419 -5.04251 -0.93419 -5.04251 -0.413874 0.547883 -0.413874 -0.547883 
1 1 0 7.40433 0.110584 2.83539 -0.93388 -5.0403 -0.93388 -5.0403 -0.413008 0.548746 -0.413008 -0.548746 
1 1 0 7.39985 0.110584 2.83767 -0.93357 -5.03808 -0.93357 -5.03808 -0.412132 0.549613 -0.412132 -0.549613 
1 1 0 7.39538 0.110584 2.83997 -0.93326 -5.03587 -0.93326 -5.03587 -0.411246 0.550485 -0.411246 -0.550485 
1 1 0 7.39091 0.110584 2.84229 -0.932949 -5.03365 -0.932949 -5.03365 -0.410349 0.551363 -0.410349 -0.551363 
1 1 0 7.38644 0.110584 2.84464 -0.932638 -5.03144 -0.932638 -5.03144 -0.409443 0.552245 -0.409443 -0.552245 
1 1 0 7.38197 0.110584 2.84701 -0.932327 -5.02922 -0.932327 -5.02922 -0.408526 0.553132 -0.408526 -0.553132 
1 1 0 7.37749 0.110584 2.8494 -0.932016 -5.02701 -0.932016 -5.02701 -0.407599 0.554023 -0.407599 -0.554023 
1 1 0 7.37302 0.110584 2.85182 -0.931704 -5.0248 -0.931704 -5.0248 -0.406661 0.55492 -0.406661 -0.55492 
1 1 0 7.36855 0.110584 2.85426 -0.931393 -5.02258 -0.931393 -5.02258 -0.405714 0.555821 -0.405714 -0.555821 
1 1 0 7.36408 0.110584 2.85673 -0.931081 -5.02037 -0.931081 -5.02037 -0.404755 0.556726 -0.404755 -0.556726 
1 1 0 7.35961 0.110584 2.85922 -0.930769 -5.01815 -0.930769 -5.01815 -0.403787 0.557636 -0.403787 -0.557636 
1 1 0 7.35513 0.110584 2.86173 -0.930456 -5.01594 -0.930456 -5.01594 -0.402808 0.55855 -0.402808 -0.55855 
1 1 0 7.35066 0.110584 2.86427 -0.930144 -5.01373 -0.930144 -5.01373 -0.401819 0.559469 -0.401819 -0.559469 
1 1 0 7.34619 0.110584 2.86683 -0.929831 -5.01151 -0.929831 -5.01151 -0.400819 0.560392 -0.400819 -0.560392 
1 1 0 7.34172 0.110584 2.86942 -0.929518 -5.0093 -0.929518 -5.0093 -0.399809 0.561319 -0.399809 -0.561319 
1 1 0 7.33724 0.110584 2.87203 -0.929205 -5.00709 -0.929205 -5.00709 -0.398788 0.56225 -0.398788 -0.56225 
1 1 0 7.33277 0.110584 2.87466 -0.928892 -5.00487 -0.928892 -5.00487 -0.397757 0.563185 -0.397757 -0.563185 
1 1 0 7.3283 0.110584 2.87732 -0.928579 -5.00266 -0.928579 -5.00266 -0.396716 0.564125 -0.396716 -0.564125 
1 1 0 7.32383 0.110584 2.88 -0.928265 -5.00045 -0.928265 -5.00045 -0.395664 0.565068 -0.395664 -0.565068 
1 1 0 7.31935 0.110584 2.88271 -0.927951 -4.99823 -0.927951 -4.99823 -0.394601 0.566015 -0.394601 -0.566015 
1 1 0 7.31488 0.110584 2.88544 -0.927637 -4.99602 -0.927637 -4.99602 -0.393528 0.566966 -0.393528 -0.566966 
1 1 0 7.31041 0.110584 2.8882 -0.927323 -4.99381 -0.927323 -4.99381 -0.392445 0.56792 -0.392445 -0.56792 
1 1 0 7.30594 0.110584 2.89098 -0.927008 -4.9916 -0.927008 -4.9916 -0.39135 0.568879 -0.39135 -0.568879 
1 1 0 7.30146 0.110584 2.89378 -0.926693 -4.98938 -0.926693 -4.98938 -0.390245 0.569841 -0.390245 -0.569841 
1 1 0 7.29699 0.110584 2.89661 -0.926379 -4.98717 -0.926379 -4.98717 -0.38913 0.570807 -0.38913 -0.570807 
1 1 0 7.29252 0.110584 2.89947 -0.926063 -4.98496 -0.926063 -4.98496 -0.388004 0.571775 -0.388004 -0.571775 
1 1 0 7.28804 0.110584 2.90235 -0.925748 -4.98275 -0.925748 -4.98275 -0.386867 0.572748 -0.386867 -0.572748 
1 1 0 7.28357 0.110584 2.90526 -0.925433 -4.98053 -0.925433 -4.98053 -0.38572 0.573724 -0.38572 -0.573724 
1 1 0 7.2791 0.110584 2.90819 -0.925117 -4.97832 -0.925117 -4.97832 -0.384562 0.574703 -0.384562 -0.574703 
1 1 0 7.27463 0.110584 2.91114 -0.924801 -4.97611 -0.924801 -4.97611 -0.383393 0.575685 -0.383393 -0.575685 
1 1 0 7.27015 0.110584 2.91413 -0.924485 -4.9739 -0.924485 -4.9739 -0.382214 0.57667 -0.382214 -0.57667 
1 1 0 7.26568 0.110584 2.91713 -0.924168 -4.97169 -0.924168 -4.97169 -0.381024 0.577659 -0.381024 -0.577659 
1 1 0 7.26121 0.110584 2.92017 -0.923852 -4.96947 -0.923852 -4.96947 -0.379823 0.57865 -0.379823 -0.57865 
1 1 0 7.25673 0.110584 2.92322 -0.923535 -4.96726 -0.923535 -4.96726 -0.378611 0.579645 -0.378611 -0.579645 
1 1 0 7.25226 0.110584 2.92631 -0.923218 -4.96505 -0.923218 -4.96505 -0.377389 0.580642 -0.377389 -0.580642 
1 1 0 7.24779 0.110584 2.92942 -0.922901 -4.96284 -0.922901 -4.96284 -0.376155 0.581642 -0.376155 -0.581642 
1 1 0 7.24331 0.110584 2.93256 -0.922583 -4.96063 -0.922583 -4.96063 -0.374911 0.582645 -0.374911 -0.582645 
1 1 0 7.23884 0.110584 2.93572 -0.922266 -4.95842 -0.922266 -4.95842 -0.373656 0.58365 -0.373656 -0.58365 
1 1 0 7.23437 0.110584 2.93891 -0.921948 -4.9562 -0.921948 -4.9562 -0.37239 0.584658 -0.37239 -0.584658 
1 1 0 7.2299 0.110584 2.94212 -0.92163 -4.95399 -0.92163 -4.95399 -0.371113 0.585669 -0.371113 -0.585669 
1 1 0 7.22542 0.110584 2.94536 -0.921312 -4.95178 -0.921312 -4.95178 -0.369825 0.586682 -0.369825 -0.586682 
1 1 0 7.22095 0.110584 2.94863 -0.920993 -4.94957 -0.920993 -4.94957 -0.368527 0.587697 -0.368527 -0.587697 
1 1 0 7.21648 0.110584 2.95193 -0.920675 -4.94736 -0.920675 -4.94736 -0.367217 0.588715 -0.367217 -0.588715 
1 1 0 7.212 0.110584 2.95525 -0.920356 -4.94515 -0.920356 -4.94515 -0.365896 0.589735 -0.365896 -0.589735 
1 1 0 7.20753 0.110584 2.9586 -0.920037 -4.94294 -0.920037 -4.94294 -0.364565 0.590756 -0.364565 -0.590756 
1 1 0 7.20306 0.110584 2.96197 -0.919717 -4.94073 -0.919717 -4.94073 -0.363222 0.59178 -0.363222 -0.59178 
1 1 0 7.19858 0.110584 2.96537 -0.919398 -4.93852 -0.919398 -4.93852 -0.361868 0.592807 -0.361868 -0.592807 
1 1 0 7.19411 0.110584 2.9688 -0.919078 -4.93631 -0.919078 -4.93631 -0.360504 0.593835 -0.360504 -0.593835 
1 1 0 7.18964 0.110584 2.97226 -0.918758 -4.9341 -0.918758 -4.9341 -0.359128 0.594864 -0.359128 -0.594864 
1 1 0 7.18516 0.110584 2.97574 -0.918438 -4.93189 -0.918438 -4.93189 -0.357741 0.595896 -0.357741 -0.595896 
1 1 0 7.18069 0.110584 2.97926 -0.918118 -4.92968 -0.918118 -4.92968 -0.356343 0.596929 -0.356343 -0.596929 
1 1 0 7.17622 0.110584 2.9828 -0.917797 -4.92746 -0.917797 -4.92746 -0.354933 0.597964 -0.354933 -0.597964 
1 1 0 7.17174 0.110584 2.98637 -0.917476 -4.92525 -0.917476 -4.92525 -0.353513 0.599001 -0.353513 -0.599001 
1 1 0 7.16727 0.110584 2.98996 -0.917155 -4.92304 -0.917155 -4.92304 -0.352081 0.600039 -0.352081 -0.600039 
1 1 0 7.16279 0.110584 2.99359 -0.916834 -4.92083 -0.916834 -4.92083 -0.350638 0.601079 -0.350638 -0.601079 
1 1 0 7.15832 0.110584 2.99724 -0.916513 -4.91862 -0.916513 -4.91862 -0.349184 0.602119 -0.349184 -0.602119 
1 1 0 7.15385 0.110584 3.00092 -0.916191 -4.91641 -0.916191 -4.91641 -0.347719 0.603161 -0.347719 -0.603161 
1 1 0 7.14937 0.110584 3.00463 -0.915869 -4.9142 -0.915869 -4.9142 -0.346242 0.604205 -0.346242 -0.604205 
1 1 0 7.1449 0.110584 3.00837 -0.915547 -4.91199 -0.915547 -4.91199 -0.344754 0.605249 -0.344754 -0.605249 
1 1 0 7.14043 0.110584 3.01214 -0.915225 -4.90978 -0.915225 -4.90978 -0.343255 0.606294 -0.343255 -0.606294 
1 1 0 7.13595 0.110584 3.01593 -0.914903 -4.90758 -0.914903 -4.90758 -0.341744 0.607341 -0.341744 -0.607341 
1 1 0 7.13148 0.110584 3.01976 -0.91458 -4.90537 -0.91458 -4.90537 -0.340222 0.608388 -0.340222 -0.608388 
1 1 0 7.12701 0.110584 3.02362 -0.914257 -4.90316 -0.914257 -4.90316 -0.338689 0.609436 -0.338689 -0.609436 
1 1 0 7.12253 0.110584 3.0275 -0.913934 -4.90095 -0.913934 -4.90095 -0.337144 0.610485 -0.337144 -0.610485 
1 1 0 7.11806 0.110584 3.03142 -0.91361 -4.89874 -0.91361 -4.89874 -0.335587 0.611534 -0.335587 -0.611534 
1 1 0 7.11358 0.110584 3.03536 -0.913287 -4.89653 -0.913287 -4.89653 -0.33402 0.612584 -0.33402 -0.612584 
1 1 0 7.10911 0.110584 3.03934 -0.912963 -4.89432 -0.912963 -4.89432 -0.33244 0.613635 -0.33244 -0.613635 
1 1 0 7.10464 0.110584 3.04334 -0.912639 -4.89211 -0.912639 -4.89211 -0.330849 0.614686 -0.330849 -0.614686 
1 1 0 7.10016 0.110584 3.04738 -0.912315 -4.8899 -0.912315 -4.8899 -0.329247 0.615737 -0.329247 -0.615737 
1 1 0 7.09569 0.110584 3.05145 -0.91199 -4.88769 -0.91199 -4.88769 -0.327633 0.616789 -0.327633 -0.616789 
1 1 0 7.09122 0.110584 3.05554 -0.911666 -4.88548 -0.911666 -4.88548 -0.326007 0.61784 -0.326007 -0.61784 
1 1 0 7.08674 0.110584 3.05967 -0.911341 -4.88327 -0.911341 -4.88327 -0.32437 0.618892 -0.32437 -0.618892 
1 1 0 7.08227 0.110584 3.06383 -0.911016 -4.88106 -0.911016 -4.88106 -0.322721 0.619944 -0.322721 -0.619944 
2 1 0 8.01 0.110584 0 -0.907286 -6.17667 -0.907286 -6.17667 -0.322721 0.619944 -0.322721 -0.619944 
1 1 0 8.01 0.110584 2.73143 -0.907286 -6.17667 -0.907286 -6.17667 -0.442761 0.495219 -0.442761 -0.495219 
1 1 0 8.01 0.110584 2.73143 -0.907286 -6.17667 -0.907286 -6.17667 -0.442762 0.495219 -0.442762 -0.495219 
1 1 0 8.01 0.110584 2.73143 -0.907286 -6.17667 -0.907286 -6.17667 -0.442761 0.49522 -0.442761 -0.49522 
1 1 0 8.01 0.110584 2.73143 -0.907286 -6.17667 -0.907286 -6.17667 -0.442762 0.495219 -0.442762 -0.495219 
1 1 0 8.01 0.110584 2.73143 -0.907286 -6.17667 -0.907286 -6.17667 -0.442762 0.495219 -0.442762 -0.495219 
1 1 0 8.00999 0.110584 2.73143 -0.907286 -6.17666 -0.907286 -6.17666 -0.442762 0.495219 -0.442762 -0.495219 
1 1 0 8.00998 0.110584 2.73143 -0.907285 -6.17666 -0.907285 -6.17666 -0.442763 0.495219 -0.442763 -0.495219 
1 1 0 8.00997 0.110584 2.73143 -0.907284 -6.17665 -0.907284 -6.17665 -0.442764 0.495218 -0.442764 -0.495218 
1 1 0 8.00993 0.110584 2.73142 -0.907283 -6.17663 -0.907283 -6.17663 -0.442767 0.495217 -0.442767 -0.495217 
1 1 0 8.00988 0.110584 2.73141 -0.90728 -6.1766 -0.90728 -6.1766 -0.442772 0.495216 -0.442772 -0.495216 
1 1 0 8.00981 0.110584 2.7314 -0.907276 -6.17656 -0.907276 -6.17656 -0.442778 0.495214 -0.442778 -0.495214 
1 1 0 8.0097 0.110584 2.73139 -0.90727 -6.17649 -0.90727 -6.17649 -0.442788 0.49521 -0.442788 -0.49521 
1 1 0 8.00953 0.110584 2.73136 -0.907261 -6.17639 -0.907261 -6.17639 -0.442803 0.495205 -0.442803 -0.495205 
1 1 0 8.00928 0.110584 2.73132 -0.907248 -6.17624 -0.907248 -6.17624 -0.442826 0.495197 -0.442826 -0.495197 
1 1 0 8.0089 0.110584 2.73126 -0.907228 -6.17602 -0.907228 -6.17602 -0.44286 0.495186 -0.44286 -0.495186 
1 1 0 8.00834 0.110584 2.73117 -0.907197 -6.17569 -0.907197 -6.17569 -0.44291 0.495169 -0.44291 -0.495169 
1 1 0 8.00749 0.110584 2.73104 -0.907152 -6.17519 -0.907152 -6.17519 -0.442985 0.495143 -0.442985 -0.495143 
1 1 0 8.00622 0.110584 2.73085 -0.907084 -6.17444 -0.907084 -6.17444 -0.443097 0.495106 -0.443097 -0.495106 
1 1 0 8.00432 0.110584 2.73056 -0.906982 -6.17331 -0.906982 -6.17331 -0.443264 0.495051 -0.443264 -0.495051 
1 1 0 8.00146 0.110584 2.73014 -0.906829 -6.17162 -0.906829 -6.17162 -0.443512 0.49497 -0.443512 -0.49497 
1 1 0 7.99718 0.110584 2.72952 -0.9066 -6.16909 -0.9066 -6.16909 -0.443876 0.494856 -0.443876 -0.494856 
1 1 0 7.99288 0.110584 2.72891 -0.90637 -6.16655 -0.90637 -6.16655 -0.444233 0.494749 -0.444233 -0.494749 
1 1 0 7.98858 0.110584 2.72833 -0.906139 -6.16401 -0.906139 -6.16401 -0.444583 0.494648 -0.444583 -0.494648 
1 1 0 7.98428 0.110584 2.72777 -0.905908 -6.16147 -0.905908 -6.16147 -0.444924 0.494555 -0.444924 -0.494555 
1 1 0 7.97998 0.110584 2.72723 -0.905678 -6.15892 -0.905678 -6.15892 -0.445256 0.494469 -0.445256 -0.494469 
1 1 0 7.97568 0.110584 2.72671 -0.905447 -6.15638 -0.905447 -6.15638 -0.445581 0.494391 -0.445581 -0.494391 
1 1 0 7.97138 0.110584 2.7262 -0.905216 -6.15384 -0.905216 -6.15384 -0.445897 0.494319 -0.445897 -0.494319 
1 1 0 7.96709 0.110584 2.72572 -0.904984 -6.15129 -0.904984 -6.15129 -0.446205 0.494255 -0.446205 -0.494255 
1 1 0 7.96279 0.110584 2.72526 -0.904753 -6.14875 -0.904753 -6.14875 -0.446505 0.494198 -0.446505 -0.494198 
1 1 0 7.95849 0.110584 2.72482 -0.904521 -6.1462 -0.904521 -6.1462 -0.446796 0.494149 -0.446796 -0.494149 
1 1 0 7.95419 0.110584 2.72439 -0.90429 -6.14366 -0.90429 -6.14366 -0.447079 0.494107 -0.447079 -0.494107 
1 1 0 7.9499 0.110584 2.72399 -0.904058 -6.14111 -0.904058 -6.14111 -0.447354 0.494072 -0.447354 -0.494072 
1 1 0 7.9456 0.110584 2.72361 -0.903826 -6.13857 -0.903826 -6.13857 -0.447621 0.494045 -0.447621 -0.494045 
1 1 0 7.9413 0.110584 2.72325 -0.903594 -6.13602 -0.903594 -6.13602 -0.447879 0.494025 -0.447879 -0.494025 
1 1 0 7.93701 0.110584 2.7229 -0.903361 -6.13347 -0.903361 -6.13347 -0.448129 0.494013 -0.448129 -0.494013 
1 1 0 7.93271 0.110584 2.72258 -0.903129 -6.13092 -0.903129 -6.13092 -0.448371 0.494008 -0.448371 -0.494008 
1 1 0 7.92841 0.110584 2.72228 -0.902897 -6.12838 -0.902897 -6.12838 -0.448605 0.49401 -0.448605 -0.49401 
1 1 0 7.92412 0.110584 2.72199 -0.902664 -6.12583 -0.902664 -6.12583 -0.44883 0.49402 -0.44883 -0.49402 
1 1 0 7.91982 0.110584 2.72173 -0.902431 -6.12328 -0.902431 -6.12328 -0.449047 0.494037 -0.449047 -0.494037 
1 1 0 7.91553 0.110584 2.72149 -0.902198 -6.12073 -0.902198 -6.12073 -0.449256 0.494062 -0.449256 -0.494062 
1 1 0 7.91123 0.110584 2.72126 -0.901965 -6.11818 -0.901965 -6.11818 -0.449457 0.494094 -0.449457 -0.494094 
1 1 0 7.90694 0.110584 2.72106 -0.901732 -6.11563 -0.901732 -6.11563 -0.449649 0.494134 -0.449649 -0.494134 
1 1 0 7.90264 0.110584 2.72088 -0.901498 -6.11308 -0.901498 -6.11308 -0.449833 0.494182 -0.449833 -0.494182 
1 1 0 7.89835 0.110584 2.72071 -0.901265 -6.11053 -0.901265 -6.11053 -0.450008 0.494237 -0.450008 -0.494237 
1 1 0 7.89405 0.110584 2.72057 -0.901031 -6.10798 -0.901031 -6.10798 -0.450176 0.494299 -0.450176 -0.494299 
1 1 0 7.88976 0.110584 2.72045 -0.900797 -6.10543 -0.900797 -6.10543 -0.450335 0.494369 -0.450335 -0.494369 
1 1 0 7.88547 0.110584 2.72034 -0.900563 -6.10288 -0.900563 -6.10288 -0.450486 0.494447 -0.450486 -0.494447 
1 1 0 7.88117 0.110584 2.72026 -0.900329 -6.10033 -0.900329 -6.10033 -0.450628 0.494532 -0.450628 -0.494532 
1 1 0 7.87688 0.110584 2.72019 -0.900095 -6.09778 -0.900095 -6.09778 -0.450762 0.494625 -0.450762 -0.494625 
1 1 0 7.87259 0.110584 2.72015 -0.89986 -6.09522 -0.89986 -6.09522 -0.450888 0.494725 -0.450888 -0.494725 
1 1 0 7.8683 0.110584 2.72012 -0.899626 -6.09267 -0.899626 -6.09267 -0.451005 0.494833 -0.451005 -0.494833 
1 1 0 7.864 0.110584 2.72012 -0.899391 -6.09012 -0.899391 -6.09012 -0.451115 0.494949 -0.451115 -0.494949 
1 1 0 7.85971 0.110584 2.72013 -0.899156 -6.08756 -0.899156 -6.08756 -0.451215 0.495072 -0.451215 -0.495072 
1 1 0 7.85542 0.110584 2.72017 -0.898921 -6.08501 -0.898921 -6.08501 -0.451308 0.495203 -0.451308 -0.495203 
1 1 0 7.85113 0.110584 2.72022 -0.898686 -6.08245 -0.898686 -6.08245 -0.451392 0.495341 -0.451392 -0.495341 
1 1 0 7.84684 0.110584 2.7203 -0.89845 -6.0799 -0.89845 -6.0799 -0.451468 0.495487 -0.451468 -0.495487 
1 1 0 7.84254 0.110584 2.72039 -0.898215 -6.07734 -0.898215 -6.07734 -0.451535 0.495641 -0.451535 -0.495641 
1 1 0 7.83825 0.110584 2.7205 -0.897979 -6.07479 -0.897979 -6.07479 -0.451594 0.495802 -0.451594 -0.495802 
1 1 0 7.83396 0.110584 2.72064 -0.897744 -6.07223 -0.897744 -6.07223 -0.451645 0.495971 -0.451645 -0.495971 
1 1 0 7.82967 0.110584 2.72079 -0.897508 -6.06967 -0.897508 -6.06967 -0.451687 0.496147 -0.451687 -0.496147 
1 1 0 7.82538 0.110584 2.72097 -0.897272 -6.06712 -0.897272 -6.06712 -0.451721 0.496331 -0.451721 -0.496331 
1 1 0 7.82109 0.110584 2.72116 -0.897035 -6.06456 -0.897035 -6.06456 -0.451747 0.496523 -0.451747 -0.496523 
1 1 0 7.8168 0.110584 2.72137 -0.896799 -6.062 -0.896799 -6.062 -0.451764 0.496722 -0.451764 -0.496722 
1 1 0 7.81251 0.110584 2.7216 -0.896563 -6.05944 -0.896563 -6.05944 -0.451773 0.496929 -0.451773 -0.496929 
1 1 0 7.80822 0.110584 2.72186 -0.896326 -6.05689 -0.896326 -6.05689 -0.451774 0.497143 -0.451774 -0.497143 
1 1 0 7.80393 0.110584 2.72213 -0.896089 -6.05433 -0.896089 -6.05433 -0.451766 0.497365 -0.451766 -0.497365 
1 1 0 7.79965 0.110584 2.72242 -0.895852 -6.05177 -0.895852 -6.05177 -0.45175 0.497595 -0.45175 -0.497595 
1 1 0 7.79536 0.110584 2.72273 -0.895615 -6.04921 -0.895615 -6.04921 -0.451725 0.497832 -0.451725 -0.497832 
1 1 0 7.79107 0.110584 2.72306 -0.895378 -6.04665 -0.895378 -6.04665 -0.451692 0.498077 -0.451692 -0.498077 
1 1 0 7.78678 0.110584 2.72342 -0.895141 -6.04409 -0.895141 -6.04409 -0.45165 0.498329 -0.45165 -0.498329 
1 1 0 7.78249 0.110584 2.72379 -0.894903 -6.04153 -0.894903 -6.04153 -0.4516 0.498589 -0.4516 -0.498589 
1 1 0 7.77821 0.110584 2.72418 -0.894666 -6.03897 -0.894666 -6.03897 -0.451542 0.498856 -0.451542 -0.498856 
1 1 0 7.77392 0.110584 2.72459 -0.894428 -6.0364 -0.894428 -6.0364 -0.451475 0.499132 -0.451475 -0.499132 
1 1 0 7.76963 0.110584 2.72502 -0.89419 -6.03384 -0.89419 -6.03384 -0.4514 0.499414 -0.4514 -0.499414 
1 1 0 7.76534 0.110584 2.72547 -0.893952 -6.03128 -0.893952 -6.03128 -0.451316 0.499704 -0.451316 -0.499704 
1 1 0 7.76106 0.110584 2.72594 -0.893713 -6.02872 -0.893713 -6.02872 -0.451224 0.500002 -0.451224 -0.500002 
1 1 0 7.75677 0.110584 2.72643 -0.893475 -6.02615 -0.893475 -6.02615 -0.451124 0.500307 -0.451124 -0.500307 
1 1 0 7.75248 0.110584 2.72694 -0.893236 -6.02359 -0.893236 -6.02359 -0.451015 0.500619 -0.451015 -0.500619 
1 1 0 7.7482 0.110584 2.72747 -0.892998 -6.02103 -0.892998 -6.02103 -0.450897 0.500939 -0.450897 -0.500939 
1 1 0 7.74391 0.110584 2.72802 -0.892759 -6.01846 -0.892759 -6.01846 -0.450771 0.501267 -0.450771 -0.501267 
1 1 0 7.73963 0.110584 2.72859 -0.89252 -6.0159 -0.89252 -6.0159 -0.450637 0.501601 -0.450637 -0.501601 
1 1 0 7.73534 0.110584 2.72918 -0.892281 -6.01333 -0.892281 -6.01333 -0.450494 0.501944 -0.450494 -0.501944 
1 1 0 7.73106 0.110584 2.72978 -0.892041 -6.01076 -0.892041 -6.01076 -0.450342 0.502293 -0.450342 -0.502293 
1 1 0 7.72677 0.110584 2.73041 -0.891802 -6.0082 -0.891802 -6.0082 -0.450182 0.50265 -0.450182 -0.50265 
1 1 0 7.72249 0.110584 2.73106 -0.891562 -6.00563 -0.891562 -6.00563 -0.450014 0.503015 -0.450014 -0.503015 
1 1 0 7.7182 0.110584 2.73173 -0.891323 -6.00307 -0.891323 -6.00307 -0.449837 0.503386 -0.449837 -0.503386 
1 1 0 7.71392 0.110584 2.73242 -0.891083 -6.0005 -0.891083 -6.0005 -0.449651 0.503765 -0.449651 -0.503765 
1 1 0 7.70964 0.110584 2.73312 -0.890843 -5.99793 -0.890843 -5.99793 -0.449457 0.504152 -0.449457 -0.504152 
1 1 0 7.70535 0.110584 2.73385 -0.890603 -5.99536 -0.890603 -5.99536 -0.449255 0.504546 -0.449255 -0.504546 
1 1 0 7.70107 0.110584 2.7346 -0.890362 -5.99279 -0.890362 -5.99279 -0.449044 0.504947 -0.449044 -0.504947 
1 1 0 7.69679 0.110584 2.73537 -0.890122 -5.99023 -0.890122 -5.99023 -0.448824 0.505355 -0.448824 -0.505355 
1 1 0 7.6925 0.110584 2.73615 -0.889881 -5.98766 -0.889881 -5.98766 -0.448596 0.50577 -0.448596 -0.50577 
1 1 0 7.68822 0.110584 2.73696 -0.88964 -5.98509 -0.88964 -5.98509 -0.448359 0.506193 -0.448359 -0.506193 
1 1 0 7.68394 0.110584 2.73779 -0.8894 -5.98252 -0.8894 -5.98252 -0.448114 0.506623 -0.448114 -0.506623 
1 1 0 7.67966 0.110584 2.73863 -0.889158 -5.97995 -0.889158 -5.97995 -0.44786 0.50706 -0.44786 -0.50706 
1 1 0 7.67538 0.110584 2.7395 -0.888917 -5.97738 -0.888917 -5.97738 -0.447597 0.507504 -0.447597 -0.507504 
1 1 0 7.6711 0.110584 2.74038 -0.888676 -5.9748 -0.888676 -5.9748 -0.447326 0.507955 -0.447326 -0.507955 
1 1 0 7.66681 0.110584 2.74129 -0.888434 -5.97223 -0.888434 -5.97223 -0.447046 0.508414 -0.447046 -0.508414 
1 1 0 7.66253 0.110584 2.74222 -0.888193 -5.96966 -0.888193 -5.96966 -0.446758 0.508879 -0.446758 -0.508879 
1 1 0 7.65825 0.110584 2.74316 -0.887951 -5.96709 -0.887951 -5.96709 -0.446461 0.509351 -0.446461 -0.509351 
1 1 0 7.65397 0.110584 2.74413 -0.887709 -5.96452 -0.887709 -5.96452 -0.446155 0.509831 -0.446155 -0.509831 
1 1 0 7.64969 0.110584 2.74511 -0.887467 -5.96194 -0.887467 -5.96194 -0.445841 0.510317 -0.445841 -0.510317 
1 1 0 7.64541 0.110584 2.74612 -0.887225 -5.95937 -0.887225 -5.95937 -0.445518 0.51081 -0.445518 -0.51081 
1 1 0 7.64113 0.110584 2.74714 -0.886982 -5.95679 -0.886982 -5.95679 -0.445187 0.511311 -0.445187 -0.511311 
1 1 0 7.63685 0.110584 2.74818 -0.88674 -5.95422 -0.88674 -5.95422 -0.444847 0.511818 -0.444847 -0.511818 
1 1 0 7.63257 0.110584 2.74925 -0.886497 -5.95164 -0.886497 -5.95164 -0.444498 0.512332 -0.444498 -0.512332 
1 1 0 7.6283 0.110584 2.75033 -0.886254 -5.94907 -0.886254 -5.94907 -0.44414 0.512852 -0.44414 -0.512852 
1 1 0 7.62402 0.110584 2.75144 -0.886011 -5.94649 -0.886011 -5.94649 -0.443774 0.51338 -0.443774 -0.51338 
1 1 0 7.61974 0.110584 2.75256 -0.885768 -5.94392 -0.885768 -5.94392 -0.443399 0.513914 -0.443399 -0.513914 
1 1 0 7.61546 0.110584 2.75371 -0.885524 -5.94134 -0.885524 -5.94134 -0.443016 0.514455 -0.443016 -0.514455 
1 1 0 7.61118 0.110584 2.75487 -0.885281 -5.93876 -0.885281 -5.93876 -0.442623 0.515003 -0.442623 -0.515003 
1 1 0 7.6069 0.110584 2.75605 -0.885037 -5.93619 -0.885037 -5.93619 -0.442222 0.515557 -0.442222 -0.515557 
1 1 0 7.60263 0.110584 2.75726 -0.884794 -5.93361 -0.884794 -5.93361 -0.441813 0.516118 -0.441813 -0.516118 
1 1 0 7.59835 0.110584 2.75848 -0.88455 -5.93103 -0.88455 -5.93103 -0.441394 0.516686 -0.441394 -0.516686 
1 1 0 7.59407 0.110584 2.75973 -0.884306 -5.92845 -0.884306 -5.92845 -0.440967 0.51726 -0.440967 -0.51726 
1 1 0 7.5898 0.110584 2.76099 -0.884061 -5.92587 -0.884061 -5.92587 -0.440531 0.517841 -0.440531 -0.517841 
1 1 0 7.58552 0.110584 2.76227 -0.883817 -5.92329 -0.883817 -5.92329 -0.440086 0.518428 -0.440086 -0.518428 
1 1 0 7.58124 0.110584 2.76358 -0.883572 -5.92071 -0.883572 -5.92071 -0.439633 0.519021 -0.439633 -0.519021 
1 1 0 7.57697 0.110584 2.7649 -0.883328 -5.91813 -0.883328 -5.91813 -0.43917 0.519621 -0.43917 -0.519621 
1 1 0 7.57269 0.110584 2.76624 -0.883083 -5.91555 -0.883083 -5.91555 -0.438699 0.520228 -0.438699 -0.520228 
1 1 0 7.56842 0.110584 2.76761 -0.882838 -5.91297 -0.882838 -5.91297 -0.438219 0.52084 -0.438219 -0.52084 
1 1 0 7.56414 0.110584 2.76899 -0.882593 -5.91039 -0.882593 -5.91039 -0.437731 0.521459 -0.437731 -0.521459 
1 1 0 7.55987 0.110584 2.7704 -0.882348 -5.90781 -0.882348 -5.90781 -0.437233 0.522085 -0.437233 -0.522085 
1 1 0 7.55559 0.110584 2.77182 -0.882102 -5.90523 -0.882102 -5.90523 -0.436727 0.522716 -0.436727 -0.522716 
1 1 0 7.55132 0.110584 2.77326 -0.881857 -5.90264 -0.881857 -5.90264 -0.436212 0.523354 -0.436212 -0.523354 
1 1 0 7.54705 0.110584 2.77473 -0.881611 -5.90006 -0.881611 -5.90006 -0.435688 0.523998 -0.435688 -0.523998 
1 1 0 7.54277 0.110584 2.77621 -0.881365 -5.89748 -0.881365 -5.89748 -0.435155 0.524647 -0.435155 -0.524647 
1 1 0 7.5385 0.110584 2.77772 -0.881119 -5.89489 -0.881119 -5.89489 -0.434613 0.525303 -0.434613 -0.525303 
1 1 0 7.53422 0.110584 2.77924 -0.880873 -5.89231 -0.880873 -5.89231 -0.434062 0.525965 -0.434062 -0.525965 
1 1 0 7.52995 0.110584 2.78079 -0.880626 -5.88972 -0.880626 -5.88972 -0.433503 0.526633 -0.433503 -0.526633 
1 1 0 7.52568 0.110584 2.78235 -0.88038 -5.88714 -0.88038 -5.88714 -0.432934 0.527307 -0.432934 -0.527307 
1 1 0 7.52141 0.110584 2.78394 -0.880133 -5.88455 -0.880133 -5.88455 -0.432357 0.527986 -0.432357 -0.527986 
1 1 0 7.51714 0.110584 2.78554 -0.879886 -5.88197 -0.879886 -5.88197 -0.431771 0.528672 -0.431771 -0.528672 
1 1 0 7.51286 0.110584 2.78717 -0.879639 -5.87938 -0.879639 -5.87938 -0.431175 0.529363 -0.431175 -0.529363 
1 1 0 7.50859 0.110584 2.78881 -0.879392 -5.87679 -0.879392 -5.87679 -0.430571 0.53006 -0.430571 -0.53006 
1 1 0 7.50432 0.110584 2.79048 -0.879145 -5.8742 -0.879145 -5.8742 -0.429958 0.530763 -0.429958 -0.530763 
1 1 0 7.50005 0.110584 2.79217 -0.878898 -5.87162 -0.878898 -5.87162 -0.429336 0.531472 -0.429336 -0.531472 
1 1 0 7.49578 0.110584 2.79387 -0.87865 -5.86903 -0.87865 -5.86903 -0.428705 0.532186 -0.428705 -0.532186 
1 1 0 7.49151 0.110584 2.7956 -0.878402 -5.86644 -0.878402 -5.86644 -0.428065 0.532905 -0.428065 -0.532905 
1 1 0 7.48724 0.110584 2.79735 -0.878154 -5.86385 -0.878154 -5.86385 -0.427416 0.53363 -0.427416 -0.53363 
1 1 0 7.48297 0.110584 2.79912 -0.877906 -5.86126 -0.877906 -5.86126 -0.426758 0.534361 -0.426758 -0.534361 
1 1 0 7.4787 0.110584 2.8009 -0.877658 -5.85867 -0.877658 -5.85867 -0.426091 0.535097 -0.426091 -0.535097 
1 1 0 7.47443 0.110584 2.80271 -0.87741 -5.85608 -0.87741 -5.85608 -0.425415 0.535838 -0.425415 -0.535838 
1 1 0 7.47016 0.110584 2.80454 -0.877161 -5.85349 -0.877161 -5.85349 -0.42473 0.536585 -0.42473 -0.536585 
1 1 0 7.46589 0.110584 2.80639 -0.876913 -5.8509 -0.876913 -5.8509 -0.424036 0.537337 -0.424036 -0.537337 
1 1 0 7.46162 0.110584 2.80826 -0.876664 -5.84831 -0.876664 -5.84831 -0.423333 0.538094 -0.423333 -0.538094 
1 1 0 7.45735 0.110584 2.81016 -0.876415 -5.84571 -0.876415 -5.84571 -0.422621 0.538857 -0.422621 -0.538857 
1 1 0 7.45309 0.110584 2.81207 -0.876166 -5.84312 -0.876166 -5.84312 -0.4219 0.539624 -0.4219 -0.539624 
1 1 0 7.44882 0.110584 2.814 -0.875917 -5.84053 -0.875917 -5.84053 -0.421169 0.540397 -0.421169 -0.540397 
1 1 0 7.44455 0.110584 2.81595 -0.875667 -5.83793 -0.875667 -5.83793 -0.42043 0.541175 -0.42043 -0.541175 
1 1 0 7.44028 0.110584 2.81793 -0.875418 -5.83534 -0.875418 -5.83534 -0.419681 0.541957 -0.419681 -0.541957 
1 1 0 7.43602 0.110584 2.81992 -0.875168 -5.83275 -0.875168 -5.83275 -0.418924 0.542745 -0.418924 -0.542745 
1 1 0 7.43175 0.110584 2.82194 -0.874918 -5.83015 -0.874918 -5.83015 -0.418157 0.543537 -0.418157 -0.543537 
1 1 0 7.42748 0.110584 2.82397 -0.874668 -5.82756 -0.874668 -5.82756 -0.417381 0.544335 -0.417381 -0.544335 
1 1 0 7.42322 0.110584 2.82603 -0.874418 -5.82496 -0.874418 -5.82496 -0.416596 0.545137 -0.416596 -0.545137 
1 1 0 7.41895 0.110584 2.82811 -0.874167 -5.82236 -0.874167 -5.82236 -0.415801 0.545943 -0.415801 -0.545943 
1 1 0 7.41469 0.110584 2.83021 -0.873917 -5.81977 -0.873917 -5.81977 -0.414998 0.546755 -0.414998 -0.546755 
1 1 0 7.41042 0.110584 2.83233 -0.873666 -5.81717 -0.873666 -5.81717 -0.414185 0.547571 -0.414185 -0.547571 
1 1 0 7.40616 0.110584 2.83447 -0.873415 -5.81457 -0.873415 -5.81457 -0.413363 0.548392 -0.413363 -0.548392 
1 1 0 7.40189 0.110584 2.83663 -0.873164 -5.81197 -0.873164 -5.81197 -0.412532 0.549217 -0.412532 -0.549217 
1 1 0 7.39763 0.110584 2.83881 -0.872913 -5.80937 -0.872913 -5.80937 -0.411692 0.550046 -0.411692 -0.550046 
1 1 0 7.39336 0.110584 2.84101 -0.872662 -5.80678 -0.872662 -5.80678 -0.410843 0.550881 -0.410843 -0.550881 
1 1 0 7.3891 0.110584 2.84324 -0.872411 -5.80418 -0.872411 -5.80418 -0.409984 0.551719 -0.409984 -0.551719 
1 1 0 7.38484 0.110584 2.84549 -0.872159 -5.80158 -0.872159 -5.80158 -0.409116 0.552562 -0.409116 -0.552562 
1 1 0 7.38057 0.110584 2.84775 -0.871907 -5.79898 -0.871907 -5.79898 -0.408238 0.553409 -0.408238 -0.553409 
1 1 0 7.37631 0.110584 2.85004 -0.871655 -5.79637 -0.871655 -5.79637 -0.407352 0.55426 -0.407352 -0.55426 
1 1 0 7.37205 0.110584 2.85235 -0.871403 -5.79377 -0.871403 -5.79377 -0.406456 0.555115 -0.406456 -0.555115 
1 1 0 7.36779 0.110584 2.85468 -0.871151 -5.79117 -0.871151 -5.79117 -0.405551 0.555975 -0.405551 -0.555975 
1 1 0 7.36352 0.110584 2.85704 -0.870899 -5.78857 -0.870899 -5.78857 -0.404636 0.556838 -0.404636 -0.556838 
1 1 0 7.35926 0.110584 2.85941 -0.870646 -5.78597 -0.870646 -5.78597 -0.403712 0.557706 -0.403712 -0.557706 
1 1 0 7.355 0.110584 2.86181 -0.870393 -5.78336 -0.870393 -5.78336 -0.402779 0.558577 -0.402779 -0.558577 
1 1 0 7.35074 0.110584 2.86422 -0.870141 -5.78076 -0.870141 -5.78076 -0.401836 0.559452 -0.401836 -0.559452 
1 1 0 7.34648 0.110584 2.86666 -0.869888 -5.77815 -0.869888 -5.77815 -0.400884 0.560331 -0.400884 -0.560331 
1 1 0 7.34222 0.110584 2.86913 -0.869634 -5.77555 -0.869634 -5.77555 -0.399923 0.561214 -0.399923 -0.561214 
1 1 0 7.33796 0.110584 2.87161 -0.869381 -5.77294 -0.869381 -5.77294 -0.398952 0.562101 -0.398952 -0.562101 
1 1 0 7.3337 0.110584 2.87411 -0.869128 -5.77034 -0.869128 -5.77034 -0.397972 0.562991 -0.397972 -0.562991 
1 1 0 7.32944 0.110584 2.87664 -0.868874 -5.76773 -0.868874 -5.76773 -0.396983 0.563884 -0.396983 -0.563884 
1 1 0 7.32518 0.110584 2.87919 -0.86862 -5.76513 -0.86862 -5.76513 -0.395983 0.564782 -0.395983 -0.564782 
1 1 0 7.32092 0.110584 2.88176 -0.868366 -5.76252 -0.868366 -5.76252 -0.394975 0.565682 -0.394975 -0.565682 
1 1 0 7.31666 0.110584 2.88435 -0.868112 -5.75991 -0.868112 -5.75991 -0.393957 0.566586 -0.393957 -0.566586 
1 1 0 7.3124 0.110584 2.88696 -0.867858 -5.7573 -0.867858 -5.7573 -0.392929 0.567494 -0.392929 -0.567494 
1 1 0 7.30815 0.110584 2.8896 -0.867604 -5.75469 -0.867604 -5.75469 -0.391893 0.568405 -0.391893 -0.568405 
1 1 0 7.30389 0.110584 2.89226 -0.867349 -5.75209 -0.867349 -5.75209 -0.390846 0.569319 -0.390846 -0.569319 
1 1 0 7.29963 0.110584 2.89494 -0.867094 -5.74948 -0.867094 -5.74948 -0.38979 0.570236 -0.38979 -0.570236 
1 1 0 7.29537 0.110584 2.89764 -0.866839 -5.74687 -0.866839 -5.74687 -0.388725 0.571156 -0.388725 -0.571156 
1 1 0 7.29112 0.110584 2.90037 -0.866584 -5.74426 -0.866584 -5.74426 -0.38765 0.572079 -0.38765 -0.572079 
1 1 0 7.28686 0.110584 2.90312 -0.866329 -5.74164 -0.866329 -5.74164 -0.386565 0.573006 -0.386565 -0.573006 
1 1 0 7.28261 0.110584 2.90589 -0.866074 -5.73903 -0.866074 -5.73903 -0.385471 0.573935 -0.385471 -0.573935 
1 1 0 7.27835 0.110584 2.90868 -0.865818 -5.73642 -0.865818 -5.73642 -0.384367 0.574867 -0.384367 -0.574867 
1 1 0 7.27409 0.110584 2.9115 -0.865563 -5.73381 -0.865563 -5.73381 -0.383254 0.575802 -0.383254 -0.575802 
1 1 0 7.26984 0.110584 2.91434 -0.865307 -5.7312 -0.865307 -5.7312 -0.382131 0.57674 -0.382131 -0.57674 
1 1 0 7.26558 0.110584 2.9172 -0.865051 -5.72858 -0.865051 -5.72858 -0.380998 0.57768 -0.380998 -0.57768 
1 1 0 7.26133 0.110584 2.92008 -0.864794 -5.72597 -0.864794 -5.72597 -0.379856 0.578623 -0.379856 -0.578623 
1 1 0 7.25708 0.110584 2.92299 -0.864538 -5.72335 -0.864538 -5.72335 -0.378704 0.579569 -0.378704 -0.579569 
1 1 0 7.25282 0.110584 2.92592 -0.864282 -5.72074 -0.864282 -5.72074 -0.377542 0.580517 -0.377542 -0.580517 
1 1 0 7.24857 0.110584 2.92887 -0.864025 -5.71812 -0.864025 -5.71812 -0.376371 0.581467 -0.376371 -0.581467 
1 1 0 7.24431 0.110584 2.93185 -0.863768 -5.71551 -0.863768 -5.71551 -0.37519 0.58242 -0.37519 -0.58242 
1 1 0 7.24006 0.110584 2.93485 -0.863511 -5.71289 -0.863511 -5.71289 -0.373999 0.583376 -0.373999 -0.583376 
1 1 0 7.23581 0.110584 2.93788 -0.863254 -5.71027 -0.863254 -5.71027 -0.372799 0.584333 -0.372799 -0.584333 
1 1 0 7.23156 0.110584 2.94092 -0.862997 -5.70766 -0.862997 -5.70766 -0.371589 0.585293 -0.371589 -0.585293 
1 1 0 7.2273 0.110584 2.944 -0.862739 -5.70504 -0.862739 -5.70504 -0.370369 0.586255 -0.370369 -0.586255 
1 1 0 7.22305 0.110584 2.94709 -0.862482 -5.70242 -0.862482 -5.70242 -0.369139 0.587219 -0.369139 -0.587219 
1 1 0 7.2188 0.110584 2.95021 -0.862224 -5.6998 -0.862224 -5.6998 -0.3679 0.588185 -0.3679 -0.588185 
1 1 0 7.21455 0.110584 2.95335 -0.861966 -5.69718 -0.861966 -5.69718 -0.36665 0.589153 -0.36665 -0.589153 
1 1 0 7.2103 0.110584 2.95652 -0.861708 -5.69456 -0.861708 -5.69456 -0.365391 0.590123 -0.365391 -0.590123 
1 1 0 7.20605 0.110584 2.95971 -0.86145 -5.69194 -0.86145 -5.69194 -0.364122 0.591095 -0.364122 -0.591095 
1 1 0 7.2018 0.110584 2.96292 -0.861191 -5.68932 -0.861191 -5.68932 -0.362843 0.592068 -0.362843 -0.592068 
1 1 0 7.19755 0.110584 2.96616 -0.860933 -5.6867 -0.860933 -5.6867 -0.361555 0.593044 -0.361555 -0.593044 
1 1 0 7.1933 0.110584 2.96943 -0.860674 -5.68407 -0.860674 -5.68407 -0.360256 0.59402 -0.360256 -0.59402 
1 1 0 7.18905 0.110584 2.97271 -0.860415 -5.68145 -0.860415 -5.68145 -0.358947 0.594999 -0.358947 -0.594999 
1 1 0 7.1848 0.110584 2.97602 -0.860156 -5.67883 -0.860156 -5.67883 -0.357629 0.595979 -0.357629 -0.595979 
1 1 0 7.18056 0.110584 2.97936 -0.859897 -5.6762 -0.859897 -5.6762 -0.356301 0.59696 -0.356301 -0.59696 
1 1 0 7.17631 0.110584 2.98272 -0.859638 -5.67358 -0.859638 -5.67358 -0.354962 0.597943 -0.354962 -0.597943 
1 1 0 7.17206 0.110584 2.98611 -0.859378 -5.67095 -0.859378 -5.67095 -0.353614 0.598927 -0.353614 -0.598927 
1 1 0 7.16781 0.110584 2.98952 -0.859118 -5.66833 -0.859118 -5.66833 -0.352256 0.599913 -0.352256 -0.599913 
1 1 0 7.16357 0.110584 2.99296 -0.858859 -5.6657 -0.858859 -5.6657 -0.350888 0.600899 -0.350888 -0.600899 
1 1 0 7.15932 0.110584 2.99642 -0.858599 -5.66308 -0.858599 -5.66308 -0.34951 0.601887 -0.34951 -0.601887 
1 1 0 7.15507 0.110584 2.99991 -0.858338 -5.66045 -0.858338 -5.66045 -0.348121 0.602876 -0.348121 -0.602876 
1 1 0 7.15083 0.110584 3.00342 -0.858078 -5.65782 -0.858078 -5.65782 -0.346723 0.603866 -0.346723 -0.603866 
1 1 0 7.14658 0.110584 3.00696 -0.857818 -5.65519 -0.857818 -5.65519 -0.345315 0.604856 -0.345315 -0.604856 
1 1 0 7.14234 0.110584 3.01053 -0.857557 -5.65256 -0.857557 -5.65256 -0.343896 0.605848 -0.343896 -0.605848 
1 1 0 7.13809 0.110584 3.01412 -0.857296 -5.64993 -0.857296 -5.64993 -0.342468 0.60684 -0.342468 -0.60684 
1 1 0 7.13385 0.110584 3.01773 -0.857035 -5.6473 -0.857035 -5.6473 -0.341029 0.607834 -0.341029 -0.607834 
1 1 0 7.1296 0.110584 3.02137 -0.856774 -5.64467 -0.856774 -5.64467 -0.33958 0.608827 -0.33958 -0.608827 
1 1 0 7.12536 0.110584 3.02504 -0.856513 -5.64204 -0.856513 -5.64204 -0.338121 0.609822 -0.338121 -0.609822 
1 1 0 7.12112 0.110584 3.02874 -0.856251 -5.63941 -0.856251 -5.63941 -0.336652 0.610817 -0.336652 -0.610817 
1 1 0 7.11687 0.110584 3.03246 -0.855989 -5.63678 -0.855989 -5.63678 -0.335173 0.611813 -0.335173 -0.611813 
1 1 0 7.11263 0.110584 3.03621 -0.855728 -5.63414 -0.855728 -5.63414 -0.333684 0.612808 -0.333684 -0.612808 
1 1 0 7.10839 0.110584 3.03998 -0.855466 -5.63151 -0.855466 -5.63151 -0.332184 0.613805 -0.332184 -0.613805 
1 1 0 7.10415 0.110584 3.04378 -0.855204 -5.62888 -0.855204 -5.62888 -0.330674 0.614801 -0.330674 -0.614801 
1 1 0 7.09991 0.110584 3.04761 -0.854941 -5.62624 -0.854941 -5.62624 -0.329154 0.615798 -0.329154 -0.615798 
1 1 0 7.09566 0.110584 3.05147 -0.854679 -5.62361 -0.854679 -5.62361 -0.327624 0.616795 -0.327624 -0.616795 
1 1 0 7.09142 0.110584 3.05535 -0.854416 -5.62097 -0.854416 -5.62097 -0.326083 0.617792 -0.326083 -0.617792 
1 1 0 7.08718 0.110584 3.05926 -0.854153 -5.61834 -0.854153 -5.61834 -0.324532 0.618789 -0.324532 -0.618789 
1 1 0 7.08294 0.110584 3.0632 -0.85389 -5.6157 -0.85389 -5.6157 -0.322971 0.619785 -0.322971 -0.619785 
1 1 0 7.0787 0.110584 3.06717 -0.853627 -5.61306 -0.853627 -5.61306 -0.321399 0.620782 -0.321399 -0.620782 
1 1 0 7.07446 0.110584 3.07116 -0.853364 -5.61042 -0.853364 -5.61042 -0.319817 0.621779 -0.319817 -0.621779 
1 1 0 7.07023 0.110584 3.07519 -0.853101 -5.60778 -0.853101 -5.60778 -0.318225 0.622775 -0.318225 -0.622775 
1 1 0 7.06599 0.110584 3.07924 -0.852837 -5.60514 -0.852837 -5.60514 -0.316622 0.623771 -0.316622 -0.623771 
1 1 0 7.06175 0.110584 3.08332 -0.852573 -5.6025 -0.852573 -5.6025 -0.315009 0.624766 -0.315009 -0.624766 
1 1 0 7.05751 0.110584 3.08743 -0.852309 -5.59986 -0.852309 -5.59986 -0.313385 0.625762 -0.313385 -0.625762 
1 1 0 7.05327 0.110584 3.09156 -0.852045 -5.59722 -0.852045 -5.59722 -0.311751 0.626756 -0.311751 -0.626756 
1 1 0 7.04904 0.110584 3.09573 -0.851781 -5.59458 -0.851781 -5.59458 -0.310107 0.62775 -0.310107 -0.62775 
1 1 0 7.0448 0.110584 3.09993 -0.851517 -5.59194 -0.851517 -5.59194 -0.308452 0.628743 -0.308452 -0.628743 
1 1 0 7.04056 0.110584 3.10415 -0.851252 -5.5893 -0.851252 -5.5893 -0.306786 0.629736 -0.306786 -0.629736 
1 1 0 7.03633 0.110584 3.1084 -0.850987 -5.58665 -0.850987 -5.58665 -0.30511 0.630727 -0.30511 -0.630727 
1 1 0 7.03209 0.110584 3.11269 -0.850722 -5.58401 -0.850722 -5.58401 -0.303423 0.631718 -0.303423 -0.631718 
1 1 0 7.02786 0.110584 3.117 -0.850457 -5.58136 -0.850457 -5.58136 -0.301726 0.632708 -0.301726 -0.632708 
1 1 0 7.02362 0.110584 3.12135 -0.850192 -5.57872 -0.850192 -5.57872 -0.300018 0.633697 -0.300018 -0.633697 
1 1 0 7.01939 0.110584 3.12572 -0.849926 -5.57607 -0.849926 -5.57607 -0.2983 0.634684 -0.2983 -0.634684 
1 1 0 7.01516 0.110584 3.13013 -0.849661 -5.57342 -0.849661 -5.57342 -0.296571 0.635671 -0.296571 -0.635671 
1 1 0 7.01092 0.110584 3.13456 -0.849395 -5.57078 -0.849395 -5.57078 -0.294831 0.636656 -0.294831 -0.636656 
1 1 0 7.00669 0.110584 3.13903 -0.849129 -5.56813 -0.849129 -5.56813 -0.293081 0.63764 -0.293081 -0.63764 
1 1 0 7.00246 0.110584 3.14353 -0.848863 -5.56548 -0.848863 -5.56548 -0.29132 0.638623 -0.29132 -0.638623 
1 1 0 6.99823 0.110584 3.14806 -0.848597 -5.56283 -0.848597 -5.56283 -0.289549 0.639604 -0.289549 -0.639604 
1 1 0 6.99399 0.110584 3.15262 -0.84833 -5.56018 -0.84833 -5.56018 -0.287766 0.640583 -0.287766 -0.640583 
1 1 0 6.98976 0.110584 3.15721 -0.848064 -5.55753 -0.848064 -5.55753 -0.285973 0.641561 -0.285973 -0.641561 
1 1 0 6.98553 0.110584 3.16184 -0.847797 -5.55488 -0.847797 -5.55488 -0.284169 0.642537 -0.284169 -0.642537 
1 1 0 6.9813 0.110584 3.16649 -0.84753 -5.55223 -0.84753 -5.55223 -0.282354 0.643512 -0.282354 -0.643512 
1 1 0 6.97707 0.110584 3.17118 -0.847263 -5.54957 -0.847263 -5.54957 -0.280529 0.644484 -0.280529 -0.644484 
1 1 0 6.97284 0.110584 3.1759 -0.846996 -5.54692 -0.846996 -5.54692 -0.278692 0.645455 -0.278692 -0.645455 
1 1 0 6.96861 0.110584 3.18066 -0.846728 -5.54427 -0.846728 -5.54427 -0.276845 0.646424 -0.276845 -0.646424 
1 1 0 6.96438 0.110584 3.18545 -0.846461 -5.54161 -0.846461 -5.54161 -0.274987 0.647391 -0.274987 -0.647391 
1 1 0 6.96016 0.110584 3.19027 -0.846193 -5.53896 -0.846193 -5.53896 -0.273118 0.648355 -0.273118 -0.648355 
1 1 0 6.95593 0.110584 3.19512 -0.845925 -5.5363 -0.845925 -5.5363 -0.271238 0.649317 -0.271238 -0.649317 
1 1 0 6.9517 0.110584 3.20001 -0.845657 -5.53365 -0.845657 -5.53365 -0.269347 0.650277 -0.269347 -0.650277 
1 1 0 6.94747 0.110584 3.20494 -0.845389 -5.53099 -0.845389 -5.53099 -0.267445 0.651235 -0.267445 -0.651235 
1 1 0 6.94325 0.110584 3.2099 -0.84512 -5.52833 -0.84512 -5.52833 -0.265532 0.65219 -0.265532 -0.65219 
1 1 0 6.93902 0.110584 3.21489 -0.844852 -5.52567 -0.844852 -5.52567 -0.263608 0.653143 -0.263608 -0.653143 
1 1 0 6.9348 0.110584 3.21992 -0.844583 -5.52301 -0.844583 -5.52301 -0.261674 0.654093 -0.261674 -0.654093 
1 1 0 6.93057 0.110584 3.22498 -0.844314 -5.52035 -0.844314 -5.52035 -0.259727 0.655041 -0.259727 -0.655041 
1 1 0 6.92635 0.110584 3.23008 -0.844045 -5.51769 -0.844045 -5.51769 -0.25777 0.655986 -0.25777 -0.655986 
1 1 0 6.92212 0.110584 3.23521 -0.843776 -5.51503 -0.843776 -5.51503 -0.255802 0.656927 -0.255802 -0.656927 
1 1 0 6.9179 0.110584 3.24038 -0.843506 -5.51237 -0.843506 -5.51237 -0.253823 0.657866 -0.253823 -0.657866 
1 1 0 6.91368 0.110584 3.24559 -0.843236 -5.5097 -0.843236 -5.5097 -0.251832 0.658802 -0.251832 -0.658802 
1 1 0 6.90945 0.110584 3.25083 -0.842967 -5.50704 -0.842967 -5.50704 -0.249831 0.659735 -0.249831 -0.659735 
1 1 0 6.90523 0.110584 3.25611 -0.842697 -5.50438 -0.842697 -5.50438 -0.247818 0.660665 -0.247818 -0.660665 
1 1 0 6.90101 0.110584 3.26143 -0.842427 -5.50171 -0.842427 -5.50171 -0.245794 0.661592 -0.245794 -0.661592 
1 1 0 6.89679 0.110584 3.26679 -0.842156 -5.49905 -0.842156 -5.49905 -0.243758 0.662515 -0.243758 -0.662515 
1 1 0 6.89257 0.110584 3.27218 -0.841886 -5.49638 -0.841886 -5.49638 -0.241712 0.663435 -0.241712 -0.663435 
1 1 0 6.88834 0.110584 3.27761 -0.841615 -5.49371 -0.841615 -5.49371 -0.239654 0.664352 -0.239654 -0.664352 
1 1 0 6.88412 0.110584 3.28308 -0.841344 -5.49104 -0.841344 -5.49104 -0.237585 0.665265 -0.237585 -0.665265 
1 1 0 6.87991 0.110584 3.28859 -0.841073 -5.48838 -0.841073 -5.48838 -0.235504 0.666174 -0.235504 -0.666174 
1 1 0 6.87569 0.110584 3.29414 -0.840802 -5.48571 -0.840802 -5.48571 -0.233412 0.66708 -0.233412 -0.66708 
1 1 0 6.87147 0.110584 3.29973 -0.840531 -5.48304 -0.840531 -5.48304 -0.231309 0.667981 -0.231309 -0.667981 
1 1 0 6.86725 0.110584 3.30535 -0.840259 -5.48037 -0.840259 -5.48037 -0.229194 0.66888 -0.229194 -0.66888 
1 1 0 6.86303 0.110584 3.31102 -0.839988 -5.47769 -0.839988 -5.47769 -0.227067 0.669773 -0.227067 -0.669773 
1 1 0 6.85881 0.110584 3.31673 -0.839716 -5.47502 -0.839716 -5.47502 -0.22493 0.670663 -0.22493 -0.670663 
1 1 0 6.8546 0.110584 3.32248 -0.839444 -5.47235 -0.839444 -5.47235 -0.22278 0.671549 -0.22278 -0.671549 
1 1 0 6.85038 0.110584 3.32827 -0.839172 -5.46967 -0.839172 -5.46967 -0.220619 0.672431 -0.220619 -0.672431 
1 1 0 6.84617 0.110584 3.3341 -0.838899 -5.467 -0.838899 -5.467 -0.218447 0.673308 -0.218447 -0.673308 
1 1 0 6.84195 0.110584 3.33998 -0.838627 -5.46432 -0.838627 -5.46432 -0.216263 0.674181 -0.216263 -0.674181 
1 1 0 6.83774 0.110584 3.3459 -0.838354 -5.46165 -0.838354 -5.46165 -0.214067 0.67505 -0.214067 -0.67505 
1 1 0 6.83352 0.110584 3.35186 -0.838081 -5.45897 -0.838081 -5.45897 -0.21186 0.675914 -0.21186 -0.675914 
1 1 0 6.82931 0.110584 3.35786 -0.837808 -5.45629 -0.837808 -5.45629 -0.209641 0.676773 -0.209641 -0.676773 
1 1 0 6.8251 0.110584 3.36391 -0.837535 -5.45361 -0.837535 -5.45361 -0.20741 0.677627 -0.20741 -0.677627 
1 1 0 6.82088 0.110584 3.37 -0.837262 -5.45093 -0.837262 -5.45093 -0.205167 0.678477 -0.205167 -0.678477 
1 1 0 6.81667 0.110584 3.37613 -0.836988 -5.44825 -0.836988 -5.44825 -0.202913 0.679322 -0.202913 -0.679322 
1 1 0 6.81246 0.110584 3.38231 -0.836714 -5.44557 -0.836714 -5.44557 -0.200647 0.680162 -0.200647 -0.680162 
1 1 0 6.80825 0.110584 3.38854 -0.836441 -5.44289 -0.836441 -5.44289 -0.198369 0.680997 -0.198369 -0.680997 
1 1 0 6.80404 0.110584 3.39481 -0.836167 -5.44021 -0.836167 -5.44021 -0.196079 0.681826 -0.196079 -0.681826 
1 1 0 6.79983 0.110584 3.40113 -0.835892 -5.43753 -0.835892 -5.43753 -0.193777 0.68265 -0.193777 -0.68265 
1 1 0 6.79562 0.110584 3.4075 -0.835618 -5.43484 -0.835618 -5.43484 -0.191464 0.683469 -0.191464 -0.683469 
1 1 0 6.79141 0.110584 3.41391 -0.835343 -5.43216 -0.835343 -5.43216 -0.189138 0.684283 -0.189138 -0.684283 
1 1 0 6.7872 0.110584 3.42037 -0.835069 -5.42947 -0.835069 -5.42947 -0.1868 0.685091 -0.1868 -0.685091 
1 1 0 6.78299 0.110584 3.42688 -0.834794 -5.42678 -0.834794 -5.42678 -0.18445 0.685893 -0.18445 -0.685893 
1 1 0 6.77879 0.110584 3.43343 -0.834518 -5.4241 -0.834518 -5.4241 -0.182089 0.686689 -0.182089 -0.686689 
1 1 0 6.77458 0.110584 3.44004 -0.834243 -5.42141 -0.834243 -5.42141 -0.179715 0.68748 -0.179715 -0.68748 
1 1 0 6.77037 0.110584 3.4467 -0.833968 -5.41872 -0.833968 -5.41872 -0.177329 0.688265 -0.177329 -0.688265 
1 1 0 6.76617 0.110584 3.4534 -0.833692 -5.41603 -0.833692 -5.41603 -0.174931 0.689044 -0.174931 -0.689044 
1 1 0 6.76196 0.110584 3.46016 -0.833416 -5.41334 -0.833416 -5.41334 -0.17252 0.689816 -0.17252 -0.689816 
1 1 0 6.75776 0.110584 3.46697 -0.83314 -5.41064 -0.83314 -5.41064 -0.170098 0.690582 -0.170098 -0.690582 
1 1 0 6.75355 0.110584 3.47383 -0.832864 -5.40795 -0.832864 -5.40795 -0.167663 0.691343 -0.167663 -0.691343 
1 1 0 6.74935 0.110584 3.48074 -0.832588 -5.40526 -0.832588 -5.40526 -0.165216 0.692096 -0.165216 -0.692096 
1 1 0 6.74515 0.110584 3.48771 -0.832311 -5.40256 -0.832311 -5.40256 -0.162756 0.692843 -0.162756 -0.692843 
1 1 0 6.74095 0.110584 3.49473 -0.832035 -5.39987 -0.832035 -5.39987 -0.160284 0.693584 -0.160284 -0.693584 
1 1 0 6.73675 0.110584 3.5018 -0.831758 -5.39717 -0.831758 -5.39717 -0.1578 0.694317 -0.1578 -0.694317 
1 1 0 6.73254 0.110584 3.50893 -0.831481 -5.39447 -0.831481 -5.39447 -0.155303 0.695044 -0.155303 -0.695044 
1 1 0 6.72834 0.110584 3.51611 -0.831204 -5.39178 -0.831204 -5.39178 -0.152794 0.695764 -0.152794 -0.695764 
1 1 0 6.72414 0.110584 3.52335 -0.830926 -5.38908 -0.830926 -5.38908 -0.150272 0.696477 -0.150272 -0.696477 
1 1 0 6.71994 0.110584 3.53065 -0.830649 -5.38638 -0.830649 -5.38638 -0.147737 0.697183 -0.147737 -0.697183 
1 1 0 6.71575 0.110584 3.538 -0.830371 -5.38368 -0.830371 -5.38368 -0.14519 0.697881 -0.14519 -0.697881 
1 1 0 6.71155 0.110584 3.54541 -0.830093 -5.38097 -0.830093 -5.38097 -0.142631 0.698572 -0.142631 -0.698572 
1 1 0 6.70735 0.110584 3.55288 -0.829815 -5.37827 -0.829815 -5.37827 -0.140058 0.699256 -0.140058 -0.699256 
1 1 0 6.70315 0.110584 3.56041 -0.829537 -5.37557 -0.829537 -5.37557 -0.137473 0.699932 -0.137473 -0.699932 
1 1 0 6.69896 0.110584 3.568 -0.829258 -5.37286 -0.829258 -5.37286 -0.134875 0.7006 -0.134875 -0.7006 
1 1 0 6.69476 0.110584 3.57565 -0.82898 -5.37016 -0.82898 -5.37016 -0.132264 0.701261 -0.132264 -0.701261 
1 1 0 6.69057 0.110584 3.58336 -0.828701 -5.36745 -0.828701 -5.36745 -0.129641 0.701914 -0.129641 -0.701914 
1 1 0 6.68637 0.110584 3.59113 -0.828422 -5.36474 -0.828422 -5.36474 -0.127004 0.702558 -0.127004 -0.702558 
1 1 0 6.68218 0.110584 3.59897 -0.828143 -5.36203 -0.828143 -5.36203 -0.124355 0.703195 -0.124355 -0.703195 
1 1 0 6.67799 0.110584 3.60687 -0.827863 -5.35932 -0.827863 -5.35932 -0.121692 0.703823 -0.121692 -0.703823 
1 1 0 6.6738 0.110584 3.61483 -0.827584 -5.35661 -0.827584 -5.35661 -0.119017 0.704442 -0.119017 -0.704442 
1 1 0 6.6696 0.110584 3.62286 -0.827304 -5.3539 -0.827304 -5.3539 -0.116328 0.705054 -0.116328 -0.705054 
1 1 0 6.66541 0.110584 3.63096 -0.827024 -5.35119 -0.827024 -5.35119 -0.113627 0.705656 -0.113627 -0.705656 
1 1 0 6.66122 0.110584 3.63912 -0.826744 -5.34848 -0.826744 -5.34848 -0.110911 0.70625 -0.110911 -0.70625 
1 1 0 6.65703 0.110584 3.64735 -0.826464 -5.34576 -0.826464 -5.34576 -0.108183 0.706835 -0.108183 -0.706835 
1 1 0 6.65284 0.110584 3.65565 -0.826184 -5.34305 -0.826184 -5.34305 -0.105442 0.707411 -0.105442 -0.707411 
1 1 0 6.64866 0.110584 3.66402 -0.825903 -5.34033 -0.825903 -5.34033 -0.102687 0.707978 -0.102687 -0.707978 
1 1 0 6.64447 0.110584 3.67246 -0.825622 -5.33761 -0.825622 -5.33761 -0.0999189 0.708536 -0.0999189 -0.708536 
1 1 0 6.64028 0.110584 3.68097 -0.825342 -5.33489 -0.825342 -5.33489 -0.0971371 0.709084 -0.0971371 -0.709084 
1 1 0 6.6361 0.110584 3.68955 -0.82506 -5.33217 -0.82506 -5.33217 -0.0943421 0.709623 -0.0943421 -0.709623 
1 1 0 6.63191 0.110584 3.69821 -0.824779 -5.32945 -0.824779 -5.32945 -0.0915335 0.710152 -0.0915335 -0.710152 
1 1 0 6.62772 0.110584 3.70694 -0.824498 -5.32673 -0.824498 -5.32673 -0.0887111 0.710671 -0.0887111 -0.710671 
1 1 0 6.62354 0.110584 3.71574 -0.824216 -5.32401 -0.824216 -5.32401 -0.0858753 0.711181 -0.0858753 -0.711181 
1 1 0 6.61936 0.110584 3.72462 -0.823934 -5.32128 -0.823934 -5.32128 -0.0830256 0.71168 -0.0830256 -0.71168 
1 1 0 6.61517 0.110584 3.73358 -0.823652 -5.31856 -0.823652 -5.31856 -0.0801624 0.712169 -0.0801624 -0.712169 
1 1 0 6.61099 0.110584 3.74262 -0.82337 -5.31583 -0.82337 -5.31583 -0.0772849 0.712649 -0.0772849 -0.712649 
1 1 0 6.60681 0.110584 3.75173 -0.823088 -5.31311 -0.823088 -5.31311 -0.0743941 0.713117 -0.0743941 -0.713117 
1 1 0 6.60263 0.110584 3.76093 -0.822805 -5.31038 -0.822805 -5.31038 -0.0714889 0.713575 -0.0714889 -0.713575 
1 1 0 6.59845 0.110584 3.77021 -0.822522 -5.30765 -0.822522 -5.30765 -0.0685699 0.714022 -0.0685699 -0.714022 
1 1 0 6.59427 0.110584 3.77957 -0.82224 -5.30492 -0.82224 -5.30492 -0.0656368 0.714458 -0.0656368 -0.714458 
1 1 0 6.59009 0.110584 3.78901 -0.821957 -5.30219 -0.821957 -5.30219 -0.0626896 0.714883 -0.0626896 -0.714883 
1 1 0 6.58592 0.110584 3.79854 -0.821673 -5.29945 -0.821673 -5.29945 -0.0597283 0.715297 -0.0597283 -0.715297 
1 1 0 6.58174 0.110584 3.80816 -0.82139 -5.29672 -0.82139 -5.29672 -0.0567526 0.7157 -0.0567526 -0.7157 
1 1 0 6.57756 0.110584 3.81786 -0.821106 -5.29398 -0.821106 -5.29398 -0.0537627 0.716091 -0.0537627 -0.716091 
1 1 0 6.57339 0.110584 3.82766 -0.820822 -5.29125 -0.820822 -5.29125 -0.0507583 0.716471 -0.0507583 -0.716471 
1 1 0 6.56922 0.110584 3.83754 -0.820538 -5.28851 -0.820538 -5.28851 -0.0477395 0.716839 -0.0477395 -0.716839 
1 1 0 6.56504 0.110584 3.84751 -0.820254 -5.28577 -0.820254 -5.28577 -0.0447061 0.717195 -0.0447061 -0.717195 
1 1 0 6.56087 0.110584 3.85758 -0.81997 -5.28303 -0.81997 -5.28303 -0.0416582 0.717538 -0.0416582 -0.717538 
1 1 0 6.5567 0.110584 3.86774 -0.819685 -5.28029 -0.819685 -5.28029 -0.0385956 0.71787 -0.0385956 -0.71787 
1 1 0 6.55253 0.110584 3.878 -0.819401 -5.27755 -0.819401 -5.27755 -0.0355183 0.718189 -0.0355183 -0.718189 
1 1 0 6.54836 0.110584 3.88836 -0.819116 -5.2748 -0.819116 -5.2748 -0.0324262 0.718495 -0.0324262 -0.718495 
1 1 0 6.54419 0.110584 3.89881 -0.818831 -5.27206 -0.818831 -5.27206 -0.0293192 0.718788 -0.0293192 -0.718788 
1 1 0 6.54002 0.110584 3.90937 -0.818545 -5.26931 -0.818545 -5.26931 -0.0261972 0.719069 -0.0261972 -0.719069 
1 1 0 6.53585 0.110584 3.92003 -0.81826 -5.26656 -0.81826 -5.26656 -0.0230601 0.719336 -0.0230601 -0.719336 
1 1 0 6.53168 0.110584 3.93079 -0.817974 -5.26381 -0.817974 -5.26381 -0.019908 0.71959 -0.019908 -0.71959 
1 1 0 6.52752 0.110584 3.94165 -0.817689 -5.26106 -0.817689 -5.26106 -0.0167406 0.719831 -0.0167406 -0.719831 
1 1 0 6.52335 0.110584 3.95263 -0.817403 -5.25831 -0.817403 -5.25831 -0.013558 0.720058 -0.013558 -0.720058 
1 1 0 6.51919 0.110584 3.96371 -0.817116 -5.25556 -0.817116 -5.25556 -0.0103599 0.720271 -0.0103599 -0.720271 
1 1 0 6.51503 0.110584 3.9749 -0.81683 -5.25281 -0.81683 -5.25281 -0.00714629 0.72047 -0.00714629 -0.72047 
1 1 0 6.51086 0.110584 3.98621 -0.816543 -5.25005 -0.816543 -5.25005 -0.0039173 0.720654 -0.0039173 -0.720654 
1 1 0 6.5067 0.110584 3.99763 -0.816257 -5.24729 -0.816257 -5.24729 -0.000672601 0.720824 -0.000672601 -0.720824 
1 1 0 6.50254 0.110584 4.00916 -0.81597 -5.24454 -0.81597 -5.24454 0.00258793 0.72098 0.00258793 -0.72098 
1 1 0 6.49838 0.110584 4.02082 -0.815683 -5.24178 -0.815683 -5.24178 0.00586421 0.72112 0.00586421 -0.72112 
1 1 0 6.49422 0.110584 4.03259 -0.815395 -5.23902 -0.815395 -5.23902 0.00915642 0.721246 0.00915642 -0.721246 
1 1 0 6.49006 0.110584 4.04449 -0.815108 -5.23625 -0.815108 -5.23625 0.0124647 0.721356 0.0124647 -0.721356 
1 1 0 6.48591 0.110584 4.05651 -0.81482 -5.23349 -0.81482 -5.23349 0.0157889 0.72145 0.0157889 -0.72145 
1 1 0 6.48175 0.110584 4.06866 -0.814533 -5.23073 -0.814533 -5.23073 0.0191297 0.721529 0.0191297 -0.721529 
1 1 0 6.4776 0.110584 4.08093 -0.814244 -5.22796 -0.814244 -5.22796 0.0224865 0.721592 0.0224865 -0.721592 
1 1 0 6.47344 0.110584 4.09334 -0.813956 -5.22519 -0.813956 -5.22519 0.02586 0.721639 0.02586 -0.721639 
1 1 0 6.46929 0.110584 4.10589 -0.813668 -5.22242 -0.813668 -5.22242 0.02925 0.721669 0.02925 -0.721669 
1 1 0 6.46514 0.110584 4.11856 -0.813379 -5.21965 -0.813379 -5.21965 0.0326567 0.721683 0.0326567 -0.721683 
1 1 0 6.46099 0.110584 4.13138 -0.813091 -5.21688 -0.813091 -5.21688 0.0360799 0.721679 0.0360799 -0.721679 
1 1 0 6.45684 0.110584 4.14434 -0.812802 -5.2141 -0.812802 -5.2141 0.0395204 0.721659 0.0395204 -0.721659 
1 1 0 6.45269 0.110584 4.15744 -0.812512 -5.21133 -0.812512 -5.21133 0.0429776 0.721621 0.0429776 -0.721621 
1 1 0 6.44854 0.110584 4.17069 -0.812223 -5.20855 -0.812223 -5.20855 0.046452 0.721566 0.046452 -0.721566 
1 1 0 6.44439 0.110584 4.18409 -0.811934 -5.20577 -0.811934 -5.20577 0.0499438 0.721493 0.0499438 -0.721493 
1 1 0 6.44025 0.110584 4.19765 -0.811644 -5.20299 -0.811644 -5.20299 0.0534528 0.721401 0.0534528 -0.721401 
1 1 0 6.4361 0.110584 4.21135 -0.811354 -5.20021 -0.811354 -5.20021 0.0569797 0.721291 0.0569797 -0.721291 
1 1 0 6.43196 0.110584 4.22522 -0.811064 -5.19743 -0.811064 -5.19743 0.0605239 0.721162 0.0605239 -0.721162 
1 1 0 6.42782 0.110584 4.23925 -0.810774 -5.19464 -0.810774 -5.19464 0.064086 0.721014 0.064086 -0.721014 
1 1 0 6.42367 0.110584 4.25344 -0.810483 -5.19186 -0.810483 -5.19186 0.0676661 0.720847 0.0676661 -0.720847 
1 1 0 6.41953 0.110584 4.2678 -0.810193 -5.18907 -0.810193 -5.18907 0.0712644 0.720661 0.0712644 -0.720661 
1 1 0 6.4154 0.110584 4.28234 -0.809902 -5.18628 -0.809902 -5.18628 0.0748807 0.720454 0.0748807 -0.720454 
1 1 0 6.41126 0.110584 4.29705 -0.809611 -5.18349 -0.809611 -5.18349 0.0785155 0.720227 0.0785155 -0.720227 
1 1 0 6.40712 0.110584 4.31194 -0.809319 -5.1807 -0.809319 -5.1807 0.0821689 0.71998 0.0821689 -0.71998 
1 1 0 6.40298 0.110584 4.32701 -0.809028 -5.1779 -0.809028 -5.1779 0.085841 0.719712 0.085841 -0.719712 
1 1 0 6.39885 0.110584 4.34227 -0.808736 -5.1751 -0.808736 -5.1751 0.0895319 0.719423 0.0895319 -0.719423 
1 1 0 6.39472 0.110584 4.35772 -0.808445 -5.17231 -0.808445 -5.17231 0.0932419 0.719112 0.0932419 -0.719112 
1 1 0 6.39058 0.110584 4.37336 -0.808153 -5.16951 -0.808153 -5.16951 0.0969711 0.718779 0.0969711 -0.718779 
1 1 0 6.38645 0.110584 4.3892 -0.807861 -5.1667 -0.807861 -5.1667 0.10072 0.718424 0.10072 -0.718424 
1 1 0 6.38232 0.110584 4.40525 -0.807568 -5.1639 -0.807568 -5.1639 0.104488 0.718047 0.104488 -0.718047 
1 1 0 6.3782 0.110584 4.42151 -0.807276 -5.16109 -0.807276 -5.16109 0.108276 0.717646 0.108276 -0.717646 
1 1 0 6.37407 0.110584 4.43798 -0.806983 -5.15829 -0.806983 -5.15829 0.112084 0.717223 0.112084 -0.717223 
1 1 0 6.36994 0.110584 4.45467 -0.80669 -5.15548 -0.80669 -5.15548 0.115912 0.716775 0.115912 -0.716775 
1 1 0 6.36582 0.110584 4.47158 -0.806397 -5.15267 -0.806397 -5.15267 0.11976 0.716303 0.11976 -0.716303 
1 1 0 6.3617 0.110584 4.48873 -0.806104 -5.14985 -0.806104 -5.14985 0.123629 0.715807 0.123629 -0.715807 
1 1 0 6.35757 0.110584 4.5061 -0.80581 -5.14704 -0.80581 -5.14704 0.127519 0.715286 0.127519 -0.715286 
1 1 0 6.35345 0.110584 4.52372 -0.805516 -5.14422 -0.805516 -5.14422 0.13143 0.714739 0.13143 -0.714739 
1 1 0 6.34934 0.110584 4.54158 -0.805222 -5.1414 -0.805222 -5.1414 0.135362 0.714167 0.135362 -0.714167 
1 1 0 6.34522 0.110584 4.5597 -0.804928 -5.13858 -0.804928 -5.13858 0.139316 0.713568 0.139316 -0.713568 
1 1 0 6.3411 0.110584 4.57807 -0.804634 -5.13576 -0.804634 -5.13576 0.143291 0.712942 0.143291 -0.712942 
1 1 0 6.33699 0.110584 4.59671 -0.80434 -5.13293 -0.80434 -5.13293 0.147288 0.71229 0.147288 -0.71229 
1 1 0 6.33287 0.110584 4.61562 -0.804045 -5.1301 -0.804045 -5.1301 0.151308 0.711609 0.151308 -0.711609 
1 1 0 6.32876 0.110584 4.6348 -0.80375 -5.12727 -0.80375 -5.12727 0.15535 0.7109 0.15535 -0.7109 
1 1 0 6.32465 0.110584 4.65428 -0.803455 -5.12444 -0.803455 -5.12444 0.159415 0.710162 0.159415 -0.710162 
1 1 0 6.32054 0.110584 4.67405 -0.80316 -5.12161 -0.80316 -5.12161 0.163502 0.709395 0.163502 -0.709395 
1 1 0 6.31644 0.110584 4.69412 -0.802864 -5.11877 -0.802864 -5.11877 0.167614 0.708598 0.167614 -0.708598 
1 1 0 6.31233 0.110584 4.7145 -0.802569 -5.11593 -0.802569 -5.11593 0.171749 0.707771 0.171749 -0.707771 
1 1 0 6.30823 0.110584 4.7352 -0.802273 -5.11309 -0.802273 -5.11309 0.175907 0.706912 0.175907 -0.706912 
1 1 0 6.30412 0.110584 4.75623 -0.801977 -5.11025 -0.801977 -5.11025 0.18009 0.706022 0.18009 -0.706022 
1 1 0 6.30002 0.110584 4.77759 -0.801681 -5.1074 -0.801681 -5.1074 0.184298 0.705099 0.184298 -0.705099 
1 1 0 6.29593 0.110584 4.7993 -0.801384 -5.10455 -0.801384 -5.10455 0.188531 0.704143 0.188531 -0.704143 
1 1 0 6.29183 0.110584 4.82137 -0.801088 -5.1017 -0.801088 -5.1017 0.192789 0.703153 0.192789 -0.703153 
1 1 0 6.28773 0.110584 4.84381 -0.800791 -5.09885 -0.800791 -5.09885 0.197072 0.702129 0.197072 -0.702129 
1 1 0 6.28364 0.110584 4.86662 -0.800494 -5.096 -0.800494 -5.096 0.201382 0.70107 0.201382 -0.70107 
1 1 0 6.27955 0.110584 4.88982 -0.800196 -5.09314 -0.800196 -5.09314 0.205718 0.699975 0.205718 -0.699975 
1 1 0 6.27546 0.110584 4.91343 -0.799899 -5.09028 -0.799899 -5.09028 0.210081 0.698843 0.210081 -0.698843 
1 1 0 6.27137 0.110584 4.93745 -0.799601 -5.08741 -0.799601 -5.08741 0.214472 0.697674 0.214472 -0.697674 
1 1 0 6.26728 0.110584 4.9619 -0.799304 -5.08455 -0.799304 -5.08455 0.21889 0.696466 0.21889 -0.696466 
1 1 0 6.2632 0.110584 4.9868 -0.799006 -5.08168 -0.799006 -5.08168 0.223336 0.69522 0.223336 -0.69522 
1 1 0 6.25912 0.110584 5.01215 -0.798707 -5.07881 -0.798707 -5.07881 0.227811 0.693932 0.227811 -0.693932 
1 1 0 6.25504 0.110584 5.03797 -0.798409 -5.07593 -0.798409 -5.07593 0.232315 0.692604 0.232315 -0.692604 
1 1 0 6.25096 0.110584 5.06428 -0.79811 -5.07306 -0.79811 -5.07306 0.236849 0.691234 0.236849 -0.691234 
1 1 0 6.24688 0.110584 5.09109 -0.797811 -5.07017 -0.797811 -5.07017 0.241413 0.689821 0.241413 -0.689821 
1 1 0 6.24281 0.110584 5.11843 -0.797512 -5.06729 -0.797512 -5.06729 0.246007 0.688363 0.246007 -0.688363 
1 1 0 6.23874 0.110584 5.1463 -0.797213 -5.06441 -0.797213 -5.06441 0.250633 0.68686 0.250633 -0.68686 
1 1 0 6.23467 0.110584 5.17474 -0.796914 -5.06152 -0.796914 -5.06152 0.255291 0.685311 0.255291 -0.685311 
1 1 0 6.2306 0.110584 5.20376 -0.796614 -5.05862 -0.796614 -5.05862 0.259981 0.683714 0.259981 -0.683714 
1 1 0 6.22653 0.110584 5.23338 -0.796314 -5.05573 -0.796314 -5.05573 0.264705 0.682069 0.264705 -0.682069 
1 1 0 6.22247 0.110584 5.26363 -0.796014 -5.05283 -0.796014 -5.05283 0.269462 0.680373 0.269462 -0.680373 
1 1 0 6.21841 0.110584 5.29452 -0.795714 -5.04993 -0.795714 -5.04993 0.274254 0.678625 0.274254 -0.678625 
1 1 0 6.21435 0.110584 5.3261 -0.795413 -5.04702 -0.795413 -5.04702 0.279082 0.676825 0.279082 -0.676825 
1 1 0 6.2103 0.110584 5.35837 -0.795113 -5.04411 -0.795113 -5.04411 0.283945 0.674969 0.283945 -0.674969 
1 1 0 6.20625 0.110584 5.39138 -0.794812 -5.0412 -0.794812 -5.0412 0.288845 0.673058 0.288845 -0.673058 
1 1 0 6.2022 0.110584 5.42515 -0.794511 -5.03828 -0.794511 -5.03828 0.293783 0.671089 0.293783 -0.671089 
1 1 0 6.19815 0.110584 5.45971 -0.794209 -5.03536 -0.794209 -5.03536 0.29876 0.669061 0.29876 -0.669061 
1 1 0 6.1941 0.110584 5.49511 -0.793908 -5.03244 -0.793908 -5.03244 0.303776 0.666971 0.303776 -0.666971 
1 1 0 6.19006 0.110584 5.53136 -0.793606 -5.02951 -0.793606 -5.02951 0.308832 0.664818 0.308832 -0.664818 
1 1 0 6.18602 0.110584 5.56853 -0.793304 -5.02658 -0.793304 -5.02658 0.31393 0.662599 0.31393 -0.662599 
1 1 0 6.18199 0.110584 5.60663 -0.793002 -5.02364 -0.793002 -5.02364 0.319071 0.660313 0.319071 -0.660313 
1 1 0 6.17795 0.110584 5.64573 -0.7927 -5.0207 -0.7927 -5.0207 0.324255 0.657958 0.324255 -0.657958 
1 1 0 6.17393 0.110584 5.68587 -0.792397 -5.01775 -0.792397 -5.01775 0.329484 0.65553 0.329484 -0.65553 
1 1 0 6.1699 0.110584 5.7271 -0.792094 -5.01481 -0.792094 -5.01481 0.33476 0.653028 0.33476 -0.653028 
1 1 0 6.16588 0.110584 5.76946 -0.791791 -5.01185 -0.791791 -5.01185 0.340083 0.650448 0.340083 -0.650448 
1 1 0 6.16186 0.110584 5.81303 -0.791488 -5.00889 -0.791488 -5.00889 0.345454 0.647789 0.345454 -0.647789 
1 1 0 6.15784 0.110584 5.85787 -0.791185 -5.00593 -0.791185 -5.00593 0.350876 0.645046 0.350876 -0.645046 
1 1 0 6.15383 0.110584 5.90404 -0.790881 -5.00296 -0.790881 -5.00296 0.35635 0.642217 0.35635 -0.642217 
1 1 0 6.14982 0.110584 5.95162 -0.790577 -4.99999 -0.790577 -4.99999 0.361877 0.639298 0.361877 -0.639298 
1 1 0 6.14582 0.110584 6.00068 -0.790273 -4.99701 -0.790273 -4.99701 0.36746 0.636285 0.36746 -0.636285 
1 1 0 6.14182 0.110584 6.05131 -0.789969 -4.99403 -0.789969 -4.99403 0.3731 0.633176 0.3731 -0.633176 
1 1 0 6.13782 0.110584 6.10361 -0.789664 -4.99104 -0.789664 -4.99104 0.378798 0.629965 0.378798 -0.629965 
1 1 0 6.13383 0.110584 6.15768 -0.789359 -4.98804 -0.789359 -4.98804 0.384558 0.626648 0.384558 -0.626648 
1 1 0 6.12984 0.110584 6.21363 -0.789054 -4.98504 -0.789054 -4.98504 0.390382 0.62322 0.390382 -0.62322 
1 1 0 6.12586 0.110584 6.27157 -0.788749 -4.98203 -0.788749 -4.98203 0.396271 0.619676 0.396271 -0.619676 
1 1 0 6.12188 0.110584 6.33165 -0.788443 -4.97902 -0.788443 -4.97902 0.402228 0.616011 0.402228 -0.616011 
1 1 0 6.11791 0.110584 6.394 -0.788138 -4.976 -0.788138 -4.976 0.408257 0.612219 0.408257 -0.612219 
1 1 0 6.11394 0.110584 6.4588 -0.787832 -4.97297 -0.787832 -4.97297 0.41436 0.608292 0.41436 -0.608292 
1 1 0 6.10998 0.110584 6.52621 -0.787526 -4.96994 -0.787526 -4.96994 0.420539 0.604225 0.420539 -0.604225 
1 1 0 6.10602 0.110584 6.59644 -0.787219 -4.96689 -0.787219 -4.96689 0.4268 0.600009 0.4268 -0.600009 
1 1 0 6.10207 0.110584 6.6697 -0.786913 -4.96384 -0.786913 -4.96384 0.433145 0.595635 0.433145 -0.595635 
1 1 0 6.09813 0.110584 6.74624 -0.786606 -4.96079 -0.786606 -4.96079 0.439578 0.591096 0.439578 -0.591096 
1 1 0 6.09419 0.110584 6.82632 -0.786299 -4.95772 -0.786299 -4.95772 0.446103 0.58638 0.446103 -0.58638 
1 1 0 6.09026 0.110584 6.91027 -0.785991 -4.95465 -0.785991 -4.95465 0.452726 0.581476 0.452726 -0.581476 
1 1 0 6.08633 0.110584 6.99842 -0.785683 -4.95156 -0.785683 -4.95156 0.459452 0.576373 0.459452 -0.576373 
1 1 0 6.08242 0.110584 7.09118 -0.785376 -4.94847 -0.785376 -4.94847 0.466285 0.571057 0.466285 -0.571057 
1 1 0 6.07851 0.110584 7.18898 -0.785067 -4.94536 -0.785067 -4.94536 0.473233 0.565512 0.473233 -0.565512 
1 1 0 6.07461 0.110584 7.29235 -0.784759 -4.94225 -0.784759 -4.94225 0.480302 0.559722 0.480302 -0.559722 
1 1 0 6.07072 0.110584 7.40188 -0.78445 -4.93912 -0.78445 -4.93912 0.4875 0.553667 0.4875 -0.553667 
1 1 0 6.06684 0.110584 7.51825 -0.784142 -4.93598 -0.784142 -4.93598 0.494834 0.547327 0.494834 -0.547327 
1 1 0 6.06297 0.110584 7.64228 -0.783832 -4.93283 -0.783832 -4.93283 0.502315 0.540676 0.502315 -0.540676 
1 1 0 6.05911 0.110584 7.77491 -0.783523 -4.92967 -0.783523 -4.92967 0.509953 0.533688 0.509953 -0.533688 
1 1 0 6.05527 0.110584 7.91726 -0.783213 -4.92649 -0.783213 -4.92649 0.517759 0.52633 0.517759 -0.52633 
1 1 0 6.05143 0.110584 8.07068 -0.782903 -4.9233 -0.782903 -4.9233 0.525748 0.518565 0.525748 -0.518565 
1 1 0 6.04761 0.110584 8.23679 -0.782593 -4.92008 -0.782593 -4.92008 0.533933 0.51035 0.533933 -0.51035 
1 1 0 6.04381 0.110584 8.4176 -0.782283 -4.91685 -0.782283 -4.91685 0.542333 0.501635 0.542333 -0.501635 
1 1 0 6.04002 0.110584 8.61556 -0.781972 -4.91361 -0.781972 -4.91361 0.550967 0.49236 0.550967 -0.49236 
1 1 0 6.03625 0.110584 8.83378 -0.781661 -4.91033 -0.781661 -4.91033 0.55986 0.482451 0.55986 -0.482451 
1 1 0 6.0325 0.110584 9.07624 -0.781349 -4.90704 -0.781349 -4.90704 0.569039 0.471822 0.569039 -0.471822 
1 1 0 6.02878 0.110584 9.3481 -0.781038 -4.90372 -0.781038 -4.90372 0.578537 0.460362 0.578537 -0.460362 
1 1 0 6.02508 0.110584 9.65626 -0.780726 -4.90037 -0.780726 -4.90037 0.588394 0.447936 0.588394 -0.447936 
1 1 0 6.02141 0.110584 10.0101 -0.780413 -4.89699 -0.780413 -4.89699 0.598659 0.434369 0.598659 -0.434369 
1 1 0 6.01777 0.110584 10.4231 -0.780101 -4.89357 -0.780101 -4.89357 0.609392 0.419432 0.609392 -0.419432 
1 1 0 6.01418 0.110584 10.9146 -0.779788 -4.89011 -0.779788 -4.89011 0.620672 0.402814 0.620672 -0.402814 
1 1 0 6.01063 0.110584 11.5149 -0.779475 -4.8866 -0.779475 -4.8866 0.6326 0.384082 0.6326 -0.384082 
1 1 0 6.00715 0.110584 12.2734 -0.779162 -4.88303 -0.779162 -4.88303 0.645311 0.362603 0.645311 -0.362603 
1 1 0 6.00374 0.110584 13.2785 -0.778849 -4.87938 -0.778849 -4.87938 0.658996 0.337392 0.658996 -0.337392 
1 1 0 6.00043 0.110584 14.7084 -0.778536 -4.87565 -0.778536 -4.87565 0.673934 0.306787 0.673934 -0.306787 
1 1 0 5.99726 0.110584 16.9955 -0.778224 -4.8718 -0.778224 -4.8718 0.690567 0.267605 0.690567 -0.267605 
1 1 0 5.9943 0.110584 21.6179 -0.777914 -4.86778 -0.777914 -4.86778 0.709658 0.212272 0.709658 -0.212272 
1 1 0 5.99171 0.110584 42.4783 -0.777609 -4.86351 -0.777609 -4.86351 0.732744 0.109181 0.732744 -0.109181 
1 1 0 5.98998 0.110584 42.4783 -0.777324 -4.85883 -0.777324 -4.85883 0.578416 0 0.949055 0 
1 1 0 5.98986 0.110584 42.4783 -0.777259 -4.85749 -0.777259 -4.85749 0.548961 0 1 0 
2 1 0 5.99254 0.110584 42.4783 -0.77719 -4.85327 -0.77719 -4.85327 0.462951 0 1.18551 0 
2 1 0 5.99744 0.110584 42.4783 -0.777364 -4.8523 -0.777364 -4.8523 0.425003 0 1.29074 0 
2 1 0 6.00243 0.110584 42.4783 -0.777595 -4.85255 -0.777595 -4.85255 0.403089 0 1.36024 0 
2 1 0 6.00737 0.110584 42.4783 -0.777848 -4.85332 -0.777848 -4.85332 0.387552 0 1.41407 0 
2 1 0 6.01225 0.110584 42.4783 -0.77811 -4.85438 -0.77811 -4.85438 0.375435 0 1.45898 0 
2 1 0 6.01708 0.110584 42.4783 -0.778379 -4.85563 -0.778379 -4.85563 0.365462 0 1.49806 0 
2 1 0 6.02187 0.110584 42.4783 -0.778652 -4.85702 -0.778652 -4.85702 0.356966 0 1.53297 0 
2 1 0 6.02664 0.110584 42.4783 -0.778929 -4.85852 -0.778929 -4.85852 0.349551 0 1.56473 0 
2 1 0 6.03137 0.110584 42.4783 -0.779207 -4.8601 -0.779207 -4.8601 0.342964 0 1.59401 0 
2 1 0 6.03609 0.110584 42.4783 -0.779487 -4.86174 -0.779487 -4.86174 0.337032 0 1.62128 0 
2 1 0 6.04078 0.110584 42.4783 -0.779769 -4.86345 -0.779769 -4.86345 0.331633 0 1.64688 0 
2 1 0 6.04545 0.110584 42.4783 -0.780052 -4.8652 -0.780052 -4.8652 0.326676 0 1.67107 0 
2 1 0 6.05011 0.110584 42.4783 -0.780336 -4.86699 -0.780336 -4.86699 0.322091 0 1.69405 0 
2 1 0 6.05476 0.110584 42.4783 -0.78062 -4.86882 -0.78062 -4.86882 0.317825 0 1.71597 0 
2 1 0 6.05939 0.110584 42.4783 -0.780906 -4.87068 -0.780906 -4.87068 0.313835 0 1.73696 0 
2 1 0 6.06401 0.110584 42.4783 -0.781191 -4.87257 -0.781191 -4.87257 0.310085 0 1.75713 0 
2 1 0 6.06862 0.110584 42.4783 -0.781478 -4.87448 -0.781478 -4.87448 0.306549 0 1.77656 0 
2 1 0 6.07322 0.110584 42.4783 -0.781764 -4.87642 -0.781764 -4.87642 0.303202 0 1.79532 0 
2 1 0 6.07781 0.110584 42.4783 -0.782051 -4.87837 -0.782051 -4.87837 0.300024 0 1.81348 0 
2 1 0 6.0824 0.110584 42.4783 -0.782339 -4.88035 -0.782339 -4.88035 0.296999 0 1.83108 0 
2 1 0 6.08697 0.110584 42.4783 -0.782626 -4.88235 -0.782626 -4.88235 0.294113 0 1.84819 0 
2 1 0 6.09154 0.110584 42.4783 -0.782914 -4.88436 -0.782914 -4.88436 0.291352 0 1.86482 0 
2 1 0 6.0961 0.110584 42.4783 -0.783202 -4.88639 -0.783202 -4.88639 0.288706 0 1.88103 0 
2 1 0 6.10066 0.110584 42.4783 -0.78349 -4.88843 -0.78349 -4.88843 0.286165 0 1.89683 0 
2 1 0 6.10521 0.110584 42.4783 -0.783778 -4.89048 -0.783778 -4.89048 0.283722 0 1.91227 0 
2 1 0 6.10975 0.110584 42.4783 -0.784067 -4.89255 -0.784067 -4.89255 0.281369 0 1.92736 0 
2 1 0 6.11429 0.110584 42.4783 -0.784355 -4.89463 -0.784355 -4.89463 0.2791 0 1.94212 0 
2 1 0 6.11882 0.110584 42.4783 -0.784643 -4.89672 -0.784643 -4.89672 0.276908 0 1.95658 0 
2 1 0 6.12335 0.110584 42.4783 -0.784932 -4.89882 -0.784932 -4.89882 0.274788 0 1.97075 0 
2 1 0 6.12788 0.110584 42.4783 -0.785221 -4.90092 -0.785221 -4.90092 0.272736 0 1.98465 0 
2 1 0 6.1324 0.110584 42.4783 -0.785509 -4.90304 -0.785509 -4.90304 0.270748 0 1.99829 0 
2 1 0 6.13691 0.110584 42.4783 -0.785798 -4.90517 -0.785798 -4.90517 0.268818 0 2.01169 0 
2 1 0 6.14142 0.110584 42.4783 -0.786086 -4.90731 -0.786086 -4.90731 0.266945 0 2.02486 0 
2 1 0 6.14593 0.110584 42.4783 -0.786375 -4.90945 -0.786375 -4.90945 0.265125 0 2.03781 0 
2 1 0 6.15044 0.110584 42.4783 -0.786664 -4.9116 -0.786664 -4.9116 0.263355 0 2.05055 0 
2 1 0 6.15494 0.110584 42.4783 -0.786952 -4.91376 -0.786952 -4.91376 0.261632 0 2.0631 0 
2 1 0 6.15944 0.110584 42.4783 -0.787241 -4.91592 -0.787241 -4.91592 0.259954 0 2.07545 0 
2 1 0 6.16393 0.110584 42.4783 -0.787529 -4.91809 -0.787529 -4.91809 0.258318 0 2.08762 0 
2 1 0 6.16842 0.110584 42.4783 -0.787818 -4.92027 -0.787818 -4.92027 0.256722 0 2.09962 0 
2 1 0 6.17291 0.110584 42.4783 -0.788106 -4.92245 -0.788106 -4.92245 0.255165 0 2.11145 0 
2 1 0 6.1774 0.110584 42.4783 -0.788395 -4.92464 -0.788395 -4.92464 0.253644 0 2.12312 0 
2 1 0 6.18188 0.110584 42.4783 -0.788683 -4.92684 -0.788683 -4.92684 0.252159 0 2.13464 0 
2 1 0 6.18636 0.110584 42.4783 -0.788971 -4.92904 -0.788971 -4.92904 0.250707 0 2.14601 0 
2 1 0 6.19084 0.110584 42.4783 -0.789259 -4.93124 -0.789259 -4.93124 0.249286 0 2.15723 0 
2 1 0 6.19532 0.110584 42.4783 -0.789547 -4.93345 -0.789547 -4.93345 0.247896 0 2.16832 0 
2 1 0 6.19979 0.110584 42.4783 -0.789835 -4.93567 -0.789835 -4.93567 0.246536 0 2.17928 0 
2 1 0 6.20426 0.110584 42.4783 -0.790123 -4.93788 -0.790123 -4.93788 0.245203 0 2.1901 0 
2 1 0 6.20873 0.110584 42.4783 -0.790411 -4.94011 -0.790411 -4.94011 0.243897 0 2.20081 0 
2 1 0 6.2132 0.110584 42.4783 -0.790699 -4.94234 -0.790699 -4.94234 0.242618 0 2.21139 0 
2 1 0 6.21766 0.110584 42.4783 -0.790986 -4.94457 -0.790986 -4.94457 0.241363 0 2.22186 0 
2 1 0 6.22212 0.110584 42.4783 -0.791274 -4.9468 -0.791274 -4.9468 0.240132 0 2.23221 0 
2 1 0 6.22659 0.110584 42.4783 -0.791561 -4.94904 -0.791561 -4.94904 0.238924 0 2.24246 0 
2 1 0 6.23104 0.110584 42.4783 -0.791849 -4.95129 -0.791849 -4.95129 0.237738 0 2.2526 0 
2 1 0 6.2355 0.110584 42.4783 -0.792136 -4.95354 -0.792136 -4.95354 0.236574 0 2.26264 0 
2 1 0 6.23996 0.110584 42.4783 -0.792423 -4.95579 -0.792423 -4.95579 0.235431 0 2.27257 0 
2 1 0 6.24441 0.110584 42.4783 -0.79271 -4.95804 -0.79271 -4.95804 0.234307 0 2.28241 0 
2 1 0 6.24886 0.110584 42.4783 -0.792997 -4.9603 -0.792997 -4.9603 0.233203 0 2.29216 0 
2 1 0 6.25331 0.110584 42.4783 -0.793284 -4.96256 -0.793284 -4.96256 0.232118 0 2.30181 0 
2 1 0 6.25776 0.110584 42.4783 -0.79357 -4.96483 -0.79357 -4.96483 0.231051 0 2.31138 0 
2 1 0 6.26221 0.110584 42.4783 -0.793857 -4.96709 -0.793857 -4.96709 0.230001 0 2.32085 0 
2 1 0 6.26665 0.110584 42.4783 -0.794143 -4.96936 -0.794143 -4.96936 0.228968 0 2.33025 0 
2 1 0 6.2711 0.110584 42.4783 -0.794429 -4.97164 -0.794429 -4.97164 0.227952 0 2.33955 0 
2 1 0 6.27554 0.110584 42.4783 -0.794716 -4.97391 -0.794716 -4.97391 0.226951 0 2.34878 0 
2 1 0 6.27998 0.110584 42.4783 -0.795002 -4.97619 -0.795002 -4.97619 0.225966 0 2.35793 0 
2 1 0 6.28442 0.110584 42.4783 -0.795288 -4.97847 -0.795288 -4.97847 0.224996 0 2.367 0 
2 1 0 6.28886 0.110584 42.4783 -0.795573 -4.98076 -0.795573 -4.98076 0.224041 0 2.37599 0 
2 1 0 6.2933 0.110584 42.4783 -0.795859 -4.98304 -0.795859 -4.98304 0.2231 0 2.38491 0 
2 1 0 6.29773 0.110584 42.4783 -0.796144 -4.98533 -0.796144 -4.98533 0.222173 0 2.39376 0 
2 1 0 6.30217 0.110584 42.4783 -0.79643 -4.98763 -0.79643 -4.98763 0.221259 0 2.40254 0 
2 1 0 6.3066 0.110584 42.4783 -0.796715 -4.98992 -0.796715 -4.98992 0.220358 0 2.41125 0 
2 1 0 6.31103 0.110584 42.4783 -0.797 -4.99222 -0.797 -4.99222 0.21947 0 2.41989 0 
2 1 0 6.31546 0.110584 42.4783 -0.797285 -4.99452 -0.797285 -4.99452 0.218595 0 2.42846 0 
2 1 0 6.31989 0.110584 42.4783 -0.79757 -4.99682 -0.79757 -4.99682 0.217731 0 2.43697 0 
2 1 0 6.32432 0.110584 42.4783 -0.797855 -4.99912 -0.797855 -4.99912 0.216879 0 2.44541 0 
2 1 0 6.32875 0.110584 42.4783 -0.798139 -5.00143 -0.798139 -5.00143 0.216039 0 2.45379 0 
2 1 0 6.33318 0.110584 42.4783 -0.798424 -5.00373 -0.798424 -5.00373 0.21521 0 2.46211 0 
2 1 0 6.3376 0.110584 42.4783 -0.798708 -5.00604 -0.798708 -5.00604 0.214391 0 2.47036 0 
2 1 0 6.34203 0.110584 42.4783 -0.798992 -5.00835 -0.798992 -5.00835 0.213584 0 2.47856 0 
2 1 0 6.34645 0.110584 42.4783 -0.799276 -5.01067 -0.799276 -5.01067 0.212787 0 2.4867 0 
2 1 0 6.35087 0.110584 42.4783 -0.79956 -5.01298 -0.79956 -5.01298 0.212 0 2.49478 0 
2 1 0 6.35529 0.110584 42.4783 -0.799844 -5.0153 -0.799844 -5.0153 0.211222 0 2.50281 0 
2 1 0 6.35971 0.110584 42.4783 -0.800127 -5.01762 -0.800127 -5.01762 0.210455 0 2.51078 0 
2 1 0 6.36413 0.110584 42.4783 -0.800411 -5.01994 -0.800411 -5.01994 0.209697 0 2.51869 0 
2 1 0 6.36855 0.110584 42.4783 -0.800694 -5.02227 -0.800694 -5.02227 0.208948 0 2.52655 0 
2 1 0 6.37297 0.110584 42.4783 -0.800977 -5.02459 -0.800977 -5.02459 0.208208 0 2.53436 0 
2 1 0 6.37739 0.110584 42.4783 -0.80126 -5.02692 -0.80126 -5.02692 0.207478 0 2.54212 0 
2 1 0 6.3818 0.110584 42.4783 -0.801543 -5.02924 -0.801543 -5.02924 0.206755 0 2.54982 0 
2 1 0 6.38622 0.110584 42.4783 -0.801826 -5.03157 -0.801826 -5.03157 0.206042 0 2.55747 0 
2 1 0 6.39063 0.110584 42.4783 -0.802109 -5.03391 -0.802109 -5.03391 0.205336 0 2.56507 0 
2 1 0 6.39504 0.110584 42.4783 -0.802391 -5.03624 -0.802391 -5.03624 0.204639 0 2.57263 0 
2 1 0 6.39946 0.110584 42.4783 -0.802673 -5.03857 -0.802673 -5.03857 0.20395 0 2.58013 0 
2 1 0 6.40387 0.110584 42.4783 -0.802955 -5.04091 -0.802955 -5.04091 0.203268 0 2.58759 0 
2 1 0 6.40828 0.110584 42.4783 -0.803237 -5.04325 -0.803237 -5.04325 0.202595 0 2.595 0 
2 1 0 6.41269 0.110584 42.4783 -0.803519 -5.04559 -0.803519 -5.04559 0.201928 0 2.60236 0 
2 1 0 6.4171 0.110584 42.4783 -0.803801 -5.04793 -0.803801 -5.04793 0.201269 0 2.60968 0 
2 1 0 6.42151 0.110584 42.4783 -0.804082 -5.05027 -0.804082 -5.05027 0.200618 0 2.61695 0 
2 1 0 6.42591 0.110584 42.4783 -0.804364 -5.05262 -0.804364 -5.05262 0.199973 0 2.62418 0 
2 1 0 6.43032 0.110584 42.4783 -0.804645 -5.05496 -0.804645 -5.05496 0.199335 0 2.63136 0 
2 1 0 6.43473 0.110584 42.4783 -0.804926 -5.05731 -0.804926 -5.05731 0.198705 0 2.6385 0 
2 1 0 6.43913 0.110584 42.4783 -0.805207 -5.05966 -0.805207 -5.05966 0.19808 0 2.6456 0 
2 1 0 6.44354 0.110584 42.4783 -0.805488 -5.062 -0.805488 -5.062 0.197463 0 2.65265 0 
2 1 0 6.44794 0.110584 42.4783 -0.805768 -5.06436 -0.805768 -5.06436 0.196852 0 2.65966 0 
2 1 0 6.45234 0.110584 42.4783 -0.806049 -5.06671 -0.806049 -5.06671 0.196247 0 2.66663 0 
2 1 0 6.45675 0.110584 42.4783 -0.806329 -5.06906 -0.806329 -5.06906 0.195648 0 2.67356 0 
2 1 0 6.46115 0.110584 42.4783 -0.806609 -5.07142 -0.806609 -5.07142 0.195056 0 2.68044 0 
2 1 0 6.46555 0.110584 42.4783 -0.806889 -5.07377 -0.806889 -5.07377 0.194469 0 2.68729 0 
2 1 0 6.46995 0.110584 42.4783 -0.807169 -5.07613 -0.807169 -5.07613 0.193888 0 2.69409 0 
2 1 0 6.47435 0.110584 42.4783 -0.807449 -5.07849 -0.807449 -5.07849 0.193314 0 2.70086 0 
2 1 0 6.47875 0.110584 42.4783 -0.807728 -5.08085 -0.807728 -5.08085 0.192745 0 2.70759 0 
2 1 0 6.48315 0.110584 42.4783 -0.808008 -5.08321 -0.808008 -5.08321 0.192181 0 2.71428 0 
2 1 0 6.48755 0.110584 42.4783 -0.808287 -5.08557 -0.808287 -5.08557 0.191623 0 2.72093 0 
2 1 0 6.49194 0.110584 42.4783 -0.808566 -5.08793 -0.808566 -5.08793 0.191071 0 2.72754 0 
2 1 0 6.49634 0.110584 42.4783 -0.808845 -5.0903 -0.808845 -5.0903 0.190523 0 2.73411 0 
2 1 0 6.50074 0.110584 42.4783 -0.809124 -5.09266 -0.809124 -5.09266 0.189981 0 2.74065 0 
2 1 0 6.50513 0.110584 42.4783 -0.809402 -5.09503 -0.809402 -5.09503 0.189445 0 2.74715 0 
2 1 0 6.50953 0.110584 42.4783 -0.809681 -5.0974 -0.809681 -5.0974 0.188913 0 2.75362 0 
2 1 0 6.51392 0.110584 42.4783 -0.809959 -5.09977 -0.809959 -5.09977 0.188386 0 2.76004 0 
2 1 0 6.51832 0.110584 42.4783 -0.810237 -5.10214 -0.810237 -5.10214 0.187864 0 2.76644 0 
2 1 0 6.52271 0.110584 42.4783 -0.810515 -5.10451 -0.810515 -5.10451 0.187347 0 2.77279 0 
2 1 0 6.5271 0.110584 42.4783 -0.810793 -5.10688 -0.810793 -5.10688 0.186835 0 2.77911 0 
2 1 0 6.53149 0.110584 42.4783 -0.811071 -5.10925 -0.811071 -5.10925 0.186328 0 2.7854 0 
2 1 0 6.53589 0.110584 42.4783 -0.811348 -5.11163 -0.811348 -5.11163 0.185825 0 2.79165 0 
2 1 0 6.54028 0.110584 42.4783 -0.811626 -5.114 -0.811626 -5.114 0.185327 0 2.79787 0 
2 1 0 6.54467 0.110584 42.4783 -0.811903 -5.11638 -0.811903 -5.11638 0.184833 0 2.80405 0 
2 1 0 6.54906 0.110584 42.4783 -0.81218 -5.11876 -0.81218 -5.11876 0.184344 0 2.8102 0 
2 1 0 6.55345 0.110584 42.4783 -0.812457 -5.12113 -0.812457 -5.12113 0.183859 0 2.81631 0 
2 1 0 6.55784 0.110584 42.4783 -0.812733 -5.12351 -0.812733 -5.12351 0.183378 0 2.82239 0 
2 1 0 6.56222 0.110584 42.4783 -0.81301 -5.12589 -0.81301 -5.12589 0.182901 0 2.82844 0 
2 1 0 6.56661 0.110584 42.4783 -0.813286 -5.12827 -0.813286 -5.12827 0.182429 0 2.83446 0 
2 1 0 6.571 0.110584 42.4783 -0.813563 -5.13066 -0.813563 -5.13066 0.181961 0 2.84044 0 
2 1 0 6.57539 0.110584 42.4783 -0.813839 -5.13304 -0.813839 -5.13304 0.181497 0 2.84639 0 
2 1 0 6.57977 0.110584 42.4783 -0.814115 -5.13542 -0.814115 -5.13542 0.181037 0 2.85231 0 
2 1 0 6.58416 0.110584 42.4783 -0.814391 -5.13781 -0.814391 -5.13781 0.180581 0 2.8582 0 
2 1 0 6.58854 0.110584 42.4783 -0.814666 -5.14019 -0.814666 -5.14019 0.180129 0 2.86405 0 
2 1 0 6.59293 0.110584 42.4783 -0.814942 -5.14258 -0.814942 -5.14258 0.179681 0 2.86988 0 
2 1 0 6.59731 0.110584 42.4783 -0.815217 -5.14497 -0.815217 -5.14497 0.179236 0 2.87567 0 
2 1 0 6.6017 0.110584 42.4783 -0.815492 -5.14736 -0.815492 -5.14736 0.178795 0 2.88143 0 
2 1 0 6.60608 0.110584 42.4783 -0.815767 -5.14975 -0.815767 -5.14975 0.178358 0 2.88716 0 
2 1 0 6.61046 0.110584 42.4783 -0.816042 -5.15214 -0.816042 -5.15214 0.177925 0 2.89286 0 
2 1 0 6.61485 0.110584 42.4783 -0.816317 -5.15453 -0.816317 -5.15453 0.177495 0 2.89853 0 
2 1 0 6.61923 0.110584 42.4783 -0.816591 -5.15692 -0.816591 -5.15692 0.177069 0 2.90417 0 
2 1 0 6.62361 0.110584 42.4783 -0.816866 -5.15931 -0.816866 -5.15931 0.176646 0 2.90978 0 
2 1 0 6.62799 0.110584 42.4783 -0.81714 -5.16171 -0.81714 -5.16171 0.176227 0 2.91536 0 
2 1 0 6.63237 0.110584 42.4783 -0.817414 -5.1641 -0.817414 -5.1641 0.175811 0 2.92091 0 
2 1 0 6.63675 0.110584 42.4783 -0.817688 -5.1665 -0.817688 -5.1665 0.175399 0 2.92643 0 
2 1 0 6.64113 0.110584 42.4783 -0.817962 -5.16889 -0.817962 -5.16889 0.174989 0 2.93192 0 
2 1 0 6.64551 0.110584 42.4783 -0.818235 -5.17129 -0.818235 -5.17129 0.174584 0 2.93738 0 
2 1 0 6.64989 0.110584 42.4783 -0.818509 -5.17369 -0.818509 -5.17369 0.174181 0 2.94281 0 
2 1 0 6.65427 0.110584 42.4783 -0.818782 -5.17609 -0.818782 -5.17609 0.173782 0 2.94822 0 
2 1 0 6.65865 0.110584 42.4783 -0.819055 -5.17849 -0.819055 -5.17849 0.173386 0 2.95359 0 
2 1 0 6.66302 0.110584 42.4783 -0.819328 -5.18089 -0.819328 -5.18089 0.172993 0 2.95894 0 
2 1 0 6.6674 0.110584 42.4783 -0.819601 -5.18329 -0.819601 -5.18329 0.172603 0 2.96426 0 
2 1 0 6.67178 0.110584 42.4783 -0.819873 -5.18569 -0.819873 -5.18569 0.172216 0 2.96955 0 
2 1 0 6.67615 0.110584 42.4783 -0.820146 -5.18809 -0.820146 -5.18809 0.171832 0 2.97481 0 
2 1 0 6.68053 0.110584 42.4783 -0.820418 -5.1905 -0.820418 -5.1905 0.171451 0 2.98004 0 
2 1 0 6.68491 0.110584 42.4783 -0.82069 -5.1929 -0.82069 -5.1929 0.171073 0 2.98525 0 
2 1 0 6.68928 0.110584 42.4783 -0.820962 -5.19531 -0.820962 -5.19531 0.170698 0 2.99043 0 
2 1 0 6.69366 0.110584 42.4783 -0.821234 -5.19771 -0.821234 -5.19771 0.170326 0 2.99558 0 
2 1 0 6.69803 0.110584 42.4783 -0.821506 -5.20012 -0.821506 -5.20012 0.169957 0 3.0007 0 
2 1 0 6.7024 0.110584 42.4783 -0.821778 -5.20253 -0.821778 -5.20253 0.169591 0 3.0058 0 
2 1 0 6.70678 0.110584 42.4783 -0.822049 -5.20493 -0.822049 -5.20493 0.169227 0 3.01087 0 
2 1 0 6.71115 0.110584 42.4783 -0.82232 -5.20734 -0.82232 -5.20734 0.168867 0 3.01591 0 
2 1 0 6.71552 0.110584 42.4783 -0.822591 -5.20975 -0.822591 -5.20975 0.168509 0 3.02092 0 
2 1 0 6.7199 0.110584 42.4783 -0.822862 -5.21216 -0.822862 -5.21216 0.168153 0 3.02591 0 
2 1 0 6.72427 0.110584 42.4783 -0.823133 -5.21457 -0.823133 -5.21457 0.167801 0 3.03087 0 
2 1 0 6.72864 0.110584 42.4783 -0.823403 -5.21699 -0.823403 -5.21699 0.167451 0 3.03581 0 
2 1 0 6.73301 0.110584 42.4783 -0.823674 -5.2194 -0.823674 -5.2194 0.167103 0 3.04072 0 
2 1 0 6.73738 0.110584 42.4783 -0.823944 -5.22181 -0.823944 -5.22181 0.166758 0 3.0456 0 
2 1 0 6.74175 0.110584 42.4783 -0.824214 -5.22423 -0.824214 -5.22423 0.166416 0 3.05045 0 
2 1 0 6.74612 0.110584 42.4783 -0.824484 -5.22664 -0.824484 -5.22664 0.166077 0 3.05528 0 
2 1 0 6.75049 0.110584 42.4783 -0.824754 -5.22906 -0.824754 -5.22906 0.165739 0 3.06009 0 
2 1 0 6.75486 0.110584 42.4783 -0.825024 -5.23147 -0.825024 -5.23147 0.165405 0 3.06487 0 
2 1 0 6.75923 0.110584 42.4783 -0.825293 -5.23389 -0.825293 -5.23389 0.165072 0 3.06962 0 
2 1 0 6.7636 0.110584 42.4783 -0.825563 -5.23631 -0.825563 -5.23631 0.164743 0 3.07435 0 
2 1 0 6.76797 0.110584 42.4783 -0.825832 -5.23872 -0.825832 -5.23872 0.164415 0 3.07905 0 
2 1 0 6.77233 0.110584 42.4783 -0.826101 -5.24114 -0.826101 -5.24114 0.16409 0 3.08372 0 
2 1 0 6.7767 0.110584 42.4783 -0.82637 -5.24356 -0.82637 -5.24356 0.163768 0 3.08837 0 
2 1 0 6.78107 0.110584 42.4783 -0.826638 -5.24598 -0.826638 -5.24598 0.163447 0 3.093 0 
2 1 0 6.78543 0.110584 42.4783 -0.826907 -5.2484 -0.826907 -5.2484 0.163129 0 3.0976 0 
2 1 0 6.7898 0.110584 42.4783 -0.827175 -5.25082 -0.827175 -5.25082 0.162814 0 3.10218 0 
2 1 0 6.79417 0.110584 42.4783 -0.827444 -5.25325 -0.827444 -5.25325 0.1625 0 3.10673 0 
2 1 0 6.79853 0.110584 42.4783 -0.827712 -5.25567 -0.827712 -5.25567 0.162189 0 3.11125 0 
2 1 0 6.8029 0.110584 42.4783 -0.82798 -5.25809 -0.82798 -5.25809 0.16188 0 3.11575 0 
2 1 0 6.80726 0.110584 42.4783 -0.828247 -5.26052 -0.828247 -5.26052 0.161573 0 3.12023 0 
2 1 0 6.81163 0.110584 42.4783 -0.828515 -5.26294 -0.828515 -5.26294 0.161269 0 3.12468 0 
2 1 0 6.81599 0.110584 42.4783 -0.828783 -5.26537 -0.828783 -5.26537 0.160966 0 3.1291 0 
2 1 0 6.82035 0.110584 42.4783 -0.82905 -5.26779 -0.82905 -5.26779 0.160666 0 3.13351 0 
2 1 0 6.82472 0.110584 42.4783 -0.829317 -5.27022 -0.829317 -5.27022 0.160368 0 3.13788 0 
2 1 0 6.82908 0.110584 42.4783 -0.829584 -5.27265 -0.829584 -5.27265 0.160072 0 3.14224 0 
2 1 0 6.83344 0.110584 42.4783 -0.829851 -5.27508 -0.829851 -5.27508 0.159778 0 3.14657 0 
2 1 0 6.83781 0.110584 42.4783 -0.830118 -5.2775 -0.830118 -5.2775 0.159486 0 3.15087 0 
2 1 0 6.84217 0.110584 42.4783 -0.830384 -5.27993 -0.830384 -5.27993 0.159196 0 3.15515 0 
2 1 0 6.84653 0.110584 42.4783 -0.83065 -5.28236 -0.83065 -5.28236 0.158908 0 3.15941 0 
2 1 0 6.85089 0.110584 42.4783 -0.830917 -5.28479 -0.830917 -5.28479 0.158622 0 3.16364 0 
2 1 0 6.85525 0.110584 42.4783 -0.831183 -5.28723 -0.831183 -5.28723 0.158338 0 3.16785 0 
2 1 0 6.85961 0.110584 42.4783 -0.831449 -5.28966 -0.831449 -5.28966 0.158056 0 3.17204 0 
2 1 0 6.86397 0.110584 42.4783 -0.831714 -5.29209 -0.831714 -5.29209 0.157776 0 3.1762 0 
2 1 0 6.86833 0.110584 42.4783 -0.83198 -5.29452 -0.83198 -5.29452 0.157498 0 3.18034 0 
2 1 0 6.87269 0.110584 42.4783 -0.832246 -5.29696 -0.832246 -5.29696 0.157222 0 3.18446 0 
2 1 0 6.87705 0.110584 42.4783 -0.832511 -5.29939 -0.832511 -5.29939 0.156948 0 3.18855 0 
2 1 0 6.88141 0.110584 42.4783 -0.832776 -5.30183 -0.832776 -5.30183 0.156675 0 3.19262 0 
2 1 0 6.88577 0.110584 42.4783 -0.833041 -5.30426 -0.833041 -5.30426 0.156405 0 3.19666 0 
2 1 0 6.89013 0.110584 42.4783 -0.833306 -5.3067 -0.833306 -5.3067 0.156136 0 3.20068 0 
2 1 0 6.89449 0.110584 42.4783 -0.83357 -5.30913 -0.83357 -5.30913 0.155869 0 3.20468 0 
2 1 0 6.89884 0.110584 42.4783 -0.833835 -5.31157 -0.833835 -5.31157 0.155604 0 3.20866 0 
2 1 0 6.9032 0.110584 42.4783 -0.834099 -5.31401 -0.834099 -5.31401 0.155341 0 3.21261 0 
2 1 0 6.90756 0.110584 42.4783 -0.834364 -5.31645 -0.834364 -5.31645 0.15508 0 3.21654 0 
2 1 0 6.91191 0.110584 42.4783 -0.834628 -5.31889 -0.834628 -5.31889 0.15482 0 3.22044 0 
2 1 0 6.91627 0.110584 42.4783 -0.834892 -5.32133 -0.834892 -5.32133 0.154562 0 3.22433 0 
2 1 0 6.92063 0.110584 42.4783 -0.835155 -5.32377 -0.835155 -5.32377 0.154306 0 3.22819 0 
2 1 0 6.92498 0.110584 42.4783 -0.835419 -5.32621 -0.835419 -5.32621 0.154052 0 3.23202 0 
2 1 0 6.92934 0.110584 42.4783 -0.835682 -5.32865 -0.835682 -5.32865 0.153799 0 3.23584 0 
2 1 0 6.93369 0.110584 42.4783 -0.835946 -5.33109 -0.835946 -5.33109 0.153548 0 3.23963 0 
2 1 0 6.93805 0.110584 42.4783 -0.836209 -5.33354 -0.836209 -5.33354 0.153298 0 3.2434 0 
2 1 0 6.9424 0.110584 42.4783 -0.836472 -5.33598 -0.836472 -5.33598 0.153051 0 3.24715 0 
2 1 0 6.94676 0.110584 42.4783 -0.836735 -5.33842 -0.836735 -5.33842 0.152805 0 3.25087 0 
2 1 0 6.95111 0.110584 42.4783 -0.836997 -5.34087 -0.836997 -5.34087 0.15256 0 3.25458 0 
2 1 0 6.95546 0.110584 42.4783 -0.83726 -5.34331 -0.83726 -5.34331 0.152318 0 3.25826 0 
2 1 0 6.95982 0.110584 42.4783 -0.837522 -5.34576 -0.837522 -5.34576 0.152077 0 3.26192 0 
2 1 0 6.96417 0.110584 42.4783 -0.837784 -5.34821 -0.837784 -5.34821 0.151837 0 3.26555 0 
2 1 0 6.96852 0.110584 42.4783 -0.838046 -5.35065 -0.838046 -5.35065 0.151599 0 3.26917 0 
2 1 0 6.97287 0.110584 42.4783 -0.838308 -5.3531 -0.838308 -5.3531 0.151363 0 3.27276 0 
2 1 0 6.97723 0.110584 42.4783 -0.83857 -5.35555 -0.83857 -5.35555 0.151128 0 3.27633 0 
2 1 0 6.98158 0.110584 42.4783 -0.838832 -5.358 -0.838832 -5.358 0.150895 0 3.27987 0 
2 1 0 6.98593 0.110584 42.4783 -0.839093 -5.36045 -0.839093 -5.36045 0.150663 0 3.2834 0 
2 1 0 6.99028 0.110584 42.4783 -0.839355 -5.3629 -0.839355 -5.3629 0.150433 0 3.2869 0 
2 1 0 6.99463 0.110584 42.4783 -0.839616 -5.36535 -0.839616 -5.36535 0.150204 0 3.29038 0 
2 1 0 6.99898 0.110584 42.4783 -0.839877 -5.3678 -0.839877 -5.3678 0.149977 0 3.29384 0 
2 1 0 7.00333 0.110584 42.4783 -0.840138 -5.37025 -0.840138 -5.37025 0.149751 0 3.29728 0 
2 1 0 7.00768 0.110584 42.4783 -0.840398 -5.3727 -0.840398 -5.3727 0.149527 0 3.3007 0 
2 1 0 7.01203 0.110584 42.4783 -0.840659 -5.37515 -0.840659 -5.37515 0.149304 0 3.30409 0 
2 1 0 7.01638 0.110584 42.4783 -0.840919 -5.37761 -0.840919 -5.37761 0.149083 0 3.30747 0 
2 1 0 7.02073 0.110584 42.4783 -0.841179 -5.38006 -0.841179 -5.38006 0.148863 0 3.31082 0 
2 1 0 7.02507 0.110584 42.4783 -0.84144 -5.38252 -0.84144 -5.38252 0.148645 0 3.31415 0 
2 1 0 7.02942 0.110584 42.4783 -0.8417 -5.38497 -0.8417 -5.38497 0.148428 0 3.31746 0 
2 1 0 7.03377 0.110584 42.4783 -0.841959 -5.38743 -0.841959 -5.38743 0.148212 0 3.32074 0 
2 1 0 7.03812 0.110584 42.4783 -0.842219 -5.38988 -0.842219 -5.38988 0.147998 0 3.32401 0 
2 1 0 7.04246 0.110584 42.4783 -0.842479 -5.39234 -0.842479 -5.39234 0.147786 0 3.32725 0 
2 1 0 7.04681 0.110584 42.4783 -0.842738 -5.3948 -0.842738 -5.3948 0.147574 0 3.33047 0 
2 1 0 7.05116 0.110584 42.4783 -0.842997 -5.39725 -0.842997 -5.39725 0.147364 0 3.33368 0 
2 1 0 7.0555 0.110584 42.4783 -0.843256 -5.39971 -0.843256 -5.39971 0.147156 0 3.33686 0 
2 1 0 7.05985 0.110584 42.4783 -0.843515 -5.40217 -0.843515 -5.40217 0.146948 0 3.34002 0 
2 1 0 7.0642 0.110584 42.4783 -0.843774 -5.40463 -0.843774 -5.40463 0.146743 0 3.34315 0 
2 1 0 7.06854 0.110584 42.4783 -0.844032 -5.40709 -0.844032 -5.40709 0.146538 0 3.34627 0 
2 1 0 7.07289 0.110584 42.4783 -0.844291 -5.40955 -0.844291 -5.40955 0.146335 0 3.34937 0 
2 1 0 7.07723 0.110584 42.4783 -0.844549 -5.41201 -0.844549 -5.41201 0.146133 0 3.35244 0 
2 1 0 7.08157 0.110584 42.4783 -0.844807 -5.41448 -0.844807 -5.41448 0.145932 0 3.3555 0 
2 1 0 7.08592 0.110584 42.4783 -0.845065 -5.41694 -0.845065 -5.41694 0.145733 0 3.35853 0 
2 1 0 7.09026 0.110584 42.4783 -0.845323 -5.4194 -0.845323 -5.4194 0.145535 0 3.36154 0 
2 1 0 7.09461 0.110584 42.4783 -0.845581 -5.42186 -0.845581 -5.42186 0.145338 0 3.36453 0 
2 1 0 7.09895 0.110584 42.4783 -0.845838 -5.42433 -0.845838 -5.42433 0.145143 0 3.3675 0 
2 1 0 7.10329 0.110584 42.4783 -0.846096 -5.42679 -0.846096 -5.42679 0.144948 0 3.37045 0 
2 1 0 7.10763 0.110584 42.4783 -0.846353 -5.42926 -0.846353 -5.42926 0.144756 0 3.37338 0 
2 1 0 7.11198 0.110584 42.4783 -0.84661 -5.43172 -0.84661 -5.43172 0.144564 0 3.37629 0 
2 1 0 7.11632 0.110584 42.4783 -0.846867 -5.43419 -0.846867 -5.43419 0.144373 0 3.37918 0 
2 1 0 7.12066 0.110584 42.4783 -0.847124 -5.43666 -0.847124 -5.43666 0.144184 0 3.38205 0 
2 1 0 7.125 0.110584 42.4783 -0.847381 -5.43912 -0.847381 -5.43912 0.143996 0 3.38489 0 
2 1 0 7.12934 0.110584 42.4783 -0.847637 -5.44159 -0.847637 -5.44159 0.143809 0 3.38772 0 
2 1 0 7.13368 0.110584 42.4783 -0.847893 -5.44406 -0.847893 -5.44406 0.143624 0 3.39052 0 
2 1 0 7.13802 0.110584 42.4783 -0.84815 -5.44653 -0.84815 -5.44653 0.143439 0 3.39331 0 
2 1 0 7.14236 0.110584 42.4783 -0.848406 -5.449 -0.848406 -5.449 0.143256 0 3.39607 0 
2 1 0 7.1467 0.110584 42.4783 -0.848662 -5.45147 -0.848662 -5.45147 0.143074 0 3.39882 0 
2 1 0 7.15104 0.110584 42.4783 -0.848918 -5.45394 -0.848918 -5.45394 0.142893 0 3.40154 0 
2 1 0 7.15538 0.110584 42.4783 -0.849173 -5.45641 -0.849173 -5.45641 0.142714 0 3.40424 0 
2 1 0 7.15972 0.110584 42.4783 -0.849429 -5.45888 -0.849429 -5.45888 0.142535 0 3.40693 0 
2 1 0 7.16406 0.110584 42.4783 -0.849684 -5.46135 -0.849684 -5.46135 0.142358 0 3.40959 0 
2 1 0 7.1684 0.110584 42.4783 -0.849939 -5.46383 -0.849939 -5.46383 0.142182 0 3.41223 0 
2 1 0 7.17273 0.110584 42.4783 -0.850194 -5.4663 -0.850194 -5.4663 0.142006 0 3.41486 0 
2 1 0 7.17707 0.110584 42.4783 -0.850449 -5.46877 -0.850449 -5.46877 0.141833 0 3.41746 0 
2 1 0 7.18141 0.110584 42.4783 -0.850704 -5.47125 -0.850704 -5.47125 0.14166 0 3.42004 0 
2 1 0 7.18575 0.110584 42.4783 -0.850959 -5.47372 -0.850959 -5.47372 0.141488 0 3.4226 0 
2 1 0 7.19008 0.110584 42.4783 -0.851213 -5.4762 -0.851213 -5.4762 0.141317 0 3.42515 0 
2 1 0 7.19442 0.110584 42.4783 -0.851467 -5.47868 -0.851467 -5.47868 0.141148 0 3.42767 0 
2 1 0 7.19876 0.110584 42.4783 -0.851721 -5.48115 -0.851721 -5.48115 0.140979 0 3.43017 0 
2 1 0 7.20309 0.110584 42.4783 -0.851975 -5.48363 -0.851975 -5.48363 0.140812 0 3.43265 0 
2 1 0 7.20743 0.110584 42.4783 -0.852229 -5.48611 -0.852229 -5.48611 0.140646 0 3.43511 0 
2 1 0 7.21176 0.110584 42.4783 -0.852483 -5.48858 -0.852483 -5.48858 0.140481 0 3.43756 0 
2 1 0 7.2161 0.110584 42.4783 -0.852737 -5.49106 -0.852737 -5.49106 0.140317 0 3.43998 0 
2 1 0 7.22043 0.110584 42.4783 -0.85299 -5.49354 -0.85299 -5.49354 0.140154 0 3.44238 0 
2 1 0 7.22477 0.110584 42.4783 -0.853243 -5.49602 -0.853243 -5.49602 0.139992 0 3.44477 0 
2 1 0 7.2291 0.110584 42.4783 -0.853497 -5.4985 -0.853497 -5.4985 0.139831 0 3.44713 0 
2 1 0 7.23343 0.110584 42.4783 -0.85375 -5.50098 -0.85375 -5.50098 0.139671 0 3.44947 0 
2 1 0 7.23777 0.110584 42.4783 -0.854003 -5.50347 -0.854003 -5.50347 0.139512 0 3.4518 0 
2 1 0 7.2421 0.110584 42.4783 -0.854255 -5.50595 -0.854255 -5.50595 0.139354 0 3.4541 0 
2 1 0 7.24643 0.110584 42.4783 -0.854508 -5.50843 -0.854508 -5.50843 0.139198 0 3.45638 0 
2 1 0 7.25077 0.110584 42.4783 -0.85476 -5.51091 -0.85476 -5.51091 0.139042 0 3.45865 0 
2 1 0 7.2551 0.110584 42.4783 -0.855013 -5.5134 -0.855013 -5.5134 0.138887 0 3.46089 0 
2 1 0 7.25943 0.110584 42.4783 -0.855265 -5.51588 -0.855265 -5.51588 0.138733 0 3.46312 0 
2 1 0 7.26376 0.110584 42.4783 -0.855517 -5.51837 -0.855517 -5.51837 0.138581 0 3.46533 0 
2 1 0 7.26809 0.110584 42.4783 -0.855769 -5.52085 -0.855769 -5.52085 0.138429 0 3.46751 0 
2 1 0 7.27242 0.110584 42.4783 -0.85602 -5.52334 -0.85602 -5.52334 0.138278 0 3.46968 0 
2 1 0 7.27675 0.110584 42.4783 -0.856272 -5.52582 -0.856272 -5.52582 0.138128 0 3.47183 0 
2 1 0 7.28108 0.110584 42.4783 -0.856523 -5.52831 -0.856523 -5.52831 0.13798 0 3.47396 0 
2 1 0 7.28541 0.110584 42.4783 -0.856775 -5.5308 -0.856775 -5.5308 0.137832 0 3.47607 0 
2 1 0 7.28974 0.110584 42.4783 -0.857026 -5.53329 -0.857026 -5.53329 0.137685 0 3.47816 0 
2 1 0 7.29407 0.110584 42.4783 -0.857277 -5.53577 -0.857277 -5.53577 0.137539 0 3.48023 0 
2 1 0 7.2984 0.110584 42.4783 -0.857528 -5.53826 -0.857528 -5.53826 0.137394 0 3.48228 0 
2 1 0 7.30273 0.110584 42.4783 -0.857778 -5.54075 -0.857778 -5.54075 0.13725 0 3.48431 0 
2 1 0 7.30706 0.110584 42.4783 -0.858029 -5.54324 -0.858029 -5.54324 0.137107 0 3.48632 0 
2 1 0 7.31139 0.110584 42.4783 -0.858279 -5.54573 -0.858279 -5.54573 0.136965 0 3.48832 0 
2 1 0 7.31572 0.110584 42.4783 -0.85853 -5.54823 -0.85853 -5.54823 0.136824 0 3.49029 0 
2 1 0 7.32004 0.110584 42.4783 -0.85878 -5.55072 -0.85878 -5.55072 0.136684 0 3.49225 0 
2 1 0 7.32437 0.110584 42.4783 -0.85903 -5.55321 -0.85903 -5.55321 0.136545 0 3.49418 0 
2 1 0 7.3287 0.110584 42.4783 -0.85928 -5.5557 -0.85928 -5.5557 0.136406 0 3.4961 0 
2 1 0 7.33302 0.110584 42.4783 -0.859529 -5.5582 -0.859529 -5.5582 0.136269 0 3.498 0 
2 1 0 7.33735 0.110584 42.4783 -0.859779 -5.56069 -0.859779 -5.56069 0.136133 0 3.49988 0 
2 1 0 7.34168 0.110584 42.4783 -0.860029 -5.56318 -0.860029 -5.56318 0.135997 0 3.50173 0 
2 1 0 7.346 0.110584 42.4783 -0.860278 -5.56568 -0.860278 -5.56568 0.135862 0 3.50358 0 
2 1 0 7.35033 0.110584 42.4783 -0.860527 -5.56817 -0.860527 -5.56817 0.135729 0 3.5054 0 
2 1 0 7.35465 0.110584 42.4783 -0.860776 -5.57067 -0.860776 -5.57067 0.135596 0 3.5072 0 
2 1 0 7.35898 0.110584 42.4783 -0.861025 -5.57317 -0.861025 -5.57317 0.135464 0 3.50898 0 
2 1 0 7.3633 0.110584 42.4783 -0.861274 -5.57566 -0.861274 -5.57566 0.135333 0 3.51075 0 
2 1 0 7.36763 0.110584 42.4783 -0.861522 -5.57816 -0.861522 -5.57816 0.135202 0 3.5125 0 
2 1 0 7.37195 0.110584 42.4783 -0.861771 -5.58066 -0.861771 -5.58066 0.135073 0 3.51422 0 
2 1 0 7.37628 0.110584 42.4783 -0.862019 -5.58316 -0.862019 -5.58316 0.134945 0 3.51593 0 
2 1 0 7.3806 0.110584 42.4783 -0.862267 -5.58566 -0.862267 -5.58566 0.134817 0 3.51762 0 
2 1 0 7.38492 0.110584 42.4783 -0.862515 -5.58816 -0.862515 -5.58816 0.13469 0 3.51929 0 
2 1 0 7.38924 0.110584 42.4783 -0.862763 -5.59066 -0.862763 -5.59066 0.134564 0 3.52094 0 
2 1 0 7.39357 0.110584 42.4783 -0.863011 -5.59316 -0.863011 -5.59316 0.134439 0 3.52258 0 
2 1 0 7.39789 0.110584 42.4783 -0.863259 -5.59566 -0.863259 -5.59566 0.134315 0 3.52419 0 
2 1 0 7.40221 0.110584 42.4783 -0.863506 -5.59816 -0.863506 -5.59816 0.134192 0 3.52579 0 
2 1 0 7.40653 0.110584 42.4783 -0.863754 -5.60067 -0.863754 -5.60067 0.134069 0 3.52737 0 
2 1 0 7.41085 0.110584 42.4783 -0.864001 -5.60317 -0.864001 -5.60317 0.133948 0 3.52893 0 
2 1 0 7.41518 0.110584 42.4783 -0.864248 -5.60567 -0.864248 -5.60567 0.133827 0 3.53047 0 
2 1 0 7.4195 0.110584 42.4783 -0.864495 -5.60818 -0.864495 -5.60818 0.133707 0 3.53199 0 
2 1 0 7.42382 0.110584 42.4783 -0.864742 -5.61068 -0.864742 -5.61068 0.133588 0 3.53349 0 
2 1 0 7.42814 0.110584 42.4783 -0.864988 -5.61319 -0.864988 -5.61319 0.133469 0 3.53498 0 
2 1 0 7.43246 0.110584 42.4783 -0.865235 -5.61569 -0.865235 -5.61569 0.133352 0 3.53644 0 
2 1 0 7.43678 0.110584 42.4783 -0.865481 -5.6182 -0.865481 -5.6182 0.133235 0 3.53789 0 
2 1 0 7.44109 0.110584 42.4783 -0.865727 -5.62071 -0.865727 -5.62071 0.133119 0 3.53932 0 
2 1 0 7.44541 0.110584 42.4783 -0.865974 -5.62321 -0.865974 -5.62321 0.133004 0 3.54073 0 
2 1 0 7.44973 0.110584 42.4783 -0.86622 -5.62572 -0.86622 -5.62572 0.13289 0 3.54212 0 
2 1 0 7.45405 0.110584 42.4783 -0.866465 -5.62823 -0.866465 -5.62823 0.132777 0 3.5435 0 
2 1 0 7.45837 0.110584 42.4783 -0.866711 -5.63074 -0.866711 -5.63074 0.132664 0 3.54485 0 
2 1 0 7.46269 0.110584 42.4783 -0.866957 -5.63325 -0.866957 -5.63325 0.132552 0 3.54619 0 
2 1 0 7.467 0.110584 42.4783 -0.867202 -5.63576 -0.867202 -5.63576 0.132441 0 3.54751 0 
2 1 0 7.47132 0.110584 42.4783 -0.867447 -5.63827 -0.867447 -5.63827 0.132331 0 3.54881 0 
2 1 0 7.47564 0.110584 42.4783 -0.867693 -5.64078 -0.867693 -5.64078 0.132221 0 3.55009 0 
2 1 0 7.47995 0.110584 42.4783 -0.867938 -5.64329 -0.867938 -5.64329 0.132113 0 3.55136 0 
2 1 0 7.48427 0.110584 42.4783 -0.868183 -5.6458 -0.868183 -5.6458 0.132005 0 3.5526 0 
2 1 0 7.48858 0.110584 42.4783 -0.868427 -5.64832 -0.868427 -5.64832 0.131898 0 3.55383 0 
2 1 0 7.4929 0.110584 42.4783 -0.868672 -5.65083 -0.868672 -5.65083 0.131791 0 3.55504 0 
2 1 0 7.49722 0.110584 42.4783 -0.868916 -5.65334 -0.868916 -5.65334 0.131686 0 3.55623 0 
2 1 0 7.50153 0.110584 42.4783 -0.869161 -5.65586 -0.869161 -5.65586 0.131581 0 3.5574 0 
2 1 0 7.50584 0.110584 42.4783 -0.869405 -5.65837 -0.869405 -5.65837 0.131477 0 3.55856 0 
2 1 0 7.51016 0.110584 42.4783 -0.869649 -5.66089 -0.869649 -5.66089 0.131373 0 3.5597 0 
2 1 0 7.51447 0.110584 42.4783 -0.869893 -5.66341 -0.869893 -5.66341 0.131271 0 3.56081 0 
2 1 0 7.51879 0.110584 42.4783 -0.870137 -5.66592 -0.870137 -5.66592 0.131169 0 3.56192 0 
2 1 0 7.5231 0.110584 42.4783 -0.870381 -5.66844 -0.870381 -5.66844 0.131068 0 3.563 0 
2 1 0 7.52741 0.110584 42.4783 -0.870624 -5.67096 -0.870624 -5.67096 0.130968 0 3.56406 0 
2 1 0 7.53173 0.110584 42.4783 -0.870867 -5.67348 -0.870867 -5.67348 0.130868 0 3.56511 0 
2 1 0 7.53604 0.110584 42.4783 -0.871111 -5.67599 -0.871111 -5.67599 0.130769 0 3.56614 0 
2 1 0 7.54035 0.110584 42.4783 -0.871354 -5.67851 -0.871354 -5.67851 0.130671 0 3.56715 0 
2 1 0 7.54466 0.110584 42.4783 -0.871597 -5.68103 -0.871597 -5.68103 0.130574 0 3.56814 0 
2 1 0 7.54897 0.110584 42.4783 -0.87184 -5.68355 -0.87184 -5.68355 0.130477 0 3.56912 0 
2 1 0 7.55328 0.110584 42.4783 -0.872083 -5.68608 -0.872083 -5.68608 0.130381 0 3.57007 0 
2 1 0 7.55759 0.110584 42.4783 -0.872325 -5.6886 -0.872325 -5.6886 0.130286 0 3.57101 0 
2 1 0 7.5619 0.110584 42.4783 -0.872568 -5.69112 -0.872568 -5.69112 0.130192 0 3.57193 0 
2 1 0 7.56621 0.110584 42.4783 -0.87281 -5.69364 -0.87281 -5.69364 0.130098 0 3.57284 0 
2 1 0 7.57052 0.110584 42.4783 -0.873052 -5.69617 -0.873052 -5.69617 0.130005 0 3.57372 0 
2 1 0 7.57483 0.110584 42.4783 -0.873294 -5.69869 -0.873294 -5.69869 0.129913 0 3.57459 0 
2 1 0 7.57914 0.110584 42.4783 -0.873536 -5.70121 -0.873536 -5.70121 0.129821 0 3.57544 0 
2 1 0 7.58345 0.110584 42.4783 -0.873778 -5.70374 -0.873778 -5.70374 0.12973 0 3.57627 0 
2 1 0 7.58776 0.110584 42.4783 -0.87402 -5.70626 -0.87402 -5.70626 0.12964 0 3.57709 0 
2 1 0 7.59207 0.110584 42.4783 -0.874261 -5.70879 -0.874261 -5.70879 0.129551 0 3.57788 0 
2 1 0 7.59638 0.110584 42.4783 -0.874503 -5.71132 -0.874503 -5.71132 0.129462 0 3.57866 0 
2 1 0 7.60068 0.110584 42.4783 -0.874744 -5.71384 -0.874744 -5.71384 0.129374 0 3.57942 0 
2 1 0 7.60499 0.110584 42.4783 -0.874985 -5.71637 -0.874985 -5.71637 0.129287 0 3.58017 0 
2 1 0 7.6093 0.110584 42.4783 -0.875226 -5.7189 -0.875226 -5.7189 0.1292 0 3.58089 0 
2 1 0 7.61361 0.110584 42.4783 -0.875467 -5.72143 -0.875467 -5.72143 0.129114 0 3.5816 0 
2 1 0 7.61791 0.110584 42.4783 -0.875708 -5.72396 -0.875708 -5.72396 0.129029 0 3.58229 0 
2 1 0 7.62222 0.110584 42.4783 -0.875948 -5.72649 -0.875948 -5.72649 0.128944 0 3.58296 0 
2 1 0 7.62652 0.110584 42.4783 -0.876189 -5.72902 -0.876189 -5.72902 0.128861 0 3.58362 0 
2 1 0 7.63083 0.110584 42.4783 -0.876429 -5.73155 -0.876429 -5.73155 0.128777 0 3.58426 0 
2 1 0 7.63513 0.110584 42.4783 -0.87667 -5.73408 -0.87667 -5.73408 0.128695 0 3.58488 0 
2 1 0 7.63944 0.110584 42.4783 -0.87691 -5.73661 -0.87691 -5.73661 0.128613 0 3.58548 0 
2 1 0 7.64374 0.110584 42.4783 -0.87715 -5.73914 -0.87715 -5.73914 0.128532 0 3.58606 0 
2 1 0 7.64805 0.110584 42.4783 -0.87739 -5.74168 -0.87739 -5.74168 0.128452 0 3.58663 0 
2 1 0 7.65235 0.110584 42.4783 -0.877629 -5.74421 -0.877629 -5.74421 0.128372 0 3.58718 0 
2 1 0 7.65665 0.110584 42.4783 -0.877869 -5.74675 -0.877869 -5.74675 0.128293 0 3.58771 0 
2 1 0 7.66096 0.110584 42.4783 -0.878108 -5.74928 -0.878108 -5.74928 0.128214 0 3.58823 0 
2 1 0 7.66526 0.110584 42.4783 -0.878348 -5.75182 -0.878348 -5.75182 0.128136 0 3.58873 0 
2 1 0 7.66956 0.110584 42.4783 -0.878587 -5.75435 -0.878587 -5.75435 0.128059 0 3.58921 0 
2 1 0 7.67387 0.110584 42.4783 -0.878826 -5.75689 -0.878826 -5.75689 0.127983 0 3.58967 0 
2 1 0 7.67817 0.110584 42.4783 -0.879065 -5.75943 -0.879065 -5.75943 0.127907 0 3.59012 0 
2 1 0 7.68247 0.110584 42.4783 -0.879304 -5.76196 -0.879304 -5.76196 0.127832 0 3.59054 0 
2 1 0 7.68677 0.110584 42.4783 -0.879542 -5.7645 -0.879542 -5.7645 0.127758 0 3.59095 0 
2 1 0 7.69107 0.110584 42.4783 -0.879781 -5.76704 -0.879781 -5.76704 0.127684 0 3.59135 0 
2 1 0 7.69537 0.110584 42.4783 -0.880019 -5.76958 -0.880019 -5.76958 0.127611 0 3.59172 0 
2 1 0 7.69967 0.110584 42.4783 -0.880258 -5.77212 -0.880258 -5.77212 0.127538 0 3.59208 0 
2 1 0 7.70397 0.110584 42.4783 -0.880496 -5.77466 -0.880496 -5.77466 0.127466 0 3.59242 0 
2 1 0 7.70827 0.110584 42.4783 -0.880734 -5.7772 -0.880734 -5.7772 0.127395 0 3.59275 0 
2 1 0 7.71257 0.110584 42.4783 -0.880972 -5.77974 -0.880972 -5.77974 0.127324 0 3.59305 0 
2 1 0 7.71687 0.110584 42.4783 -0.88121 -5.78228 -0.88121 -5.78228 0.127255 0 3.59334 0 
2 1 0 7.72117 0.110584 42.4783 -0.881447 -5.78483 -0.881447 -5.78483 0.127185 0 3.59362 0 
2 1 0 7.72547 0.110584 42.4783 -0.881685 -5.78737 -0.881685 -5.78737 0.127117 0 3.59387 0 
2 1 0 7.72976 0.110584 42.4783 -0.881922 -5.78991 -0.881922 -5.78991 0.127049 0 3.59411 0 
2 1 0 7.73406 0.110584 42.4783 -0.88216 -5.79246 -0.88216 -5.79246 0.126981 0 3.59433 0 
2 1 0 7.73836 0.110584 42.4783 -0.882397 -5.795 -0.882397 -5.795 0.126915 0 3.59453 0 
2 1 0 7.74266 0.110584 42.4783 -0.882634 -5.79755 -0.882634 -5.79755 0.126849 0 3.59472 0 
2 1 0 7.74695 0.110584 42.4783 -0.882871 -5.80009 -0.882871 -5.80009 0.126783 0 3.59489 0 
2 1 0 7.75125 0.110584 42.4783 -0.883108 -5.80264 -0.883108 -5.80264 0.126718 0 3.59504 0 
2 1 0 7.75555 0.110584 42.4783 -0.883344 -5.80519 -0.883344 -5.80519 0.126654 0 3.59517 0 
2 1 0 7.75984 0.110584 42.4783 -0.883581 -5.80774 -0.883581 -5.80774 0.126591 0 3.59529 0 
2 1 0 7.76414 0.110584 42.4783 -0.883817 -5.81028 -0.883817 -5.81028 0.126528 0 3.59539 0 
2 1 0 7.76843 0.110584 42.4783 -0.884054 -5.81283 -0.884054 -5.81283 0.126466 0 3.59547 0 
2 1 0 7.77273 0.110584 42.4783 -0.88429 -5.81538 -0.88429 -5.81538 0.126404 0 3.59554 0 
2 1 0 7.77702 0.110584 42.4783 -0.884526 -5.81793 -0.884526 -5.81793 0.126343 0 3.59559 0 
2 1 0 7.78132 0.110584 42.4783 -0.884762 -5.82048 -0.884762 -5.82048 0.126283 0 3.59562 0 
2 1 0 7.78561 0.110584 42.4783 -0.884998 -5.82303 -0.884998 -5.82303 0.126223 0 3.59564 0 
2 1 0 7.7899 0.110584 42.4783 -0.885233 -5.82559 -0.885233 -5.82559 0.126164 0 3.59564 0 
2 1 0 7.7942 0.110584 42.4783 -0.885469 -5.82814 -0.885469 -5.82814 0.126105 0 3.59562 0 
2 1 0 7.79849 0.110584 42.4783 -0.885704 -5.83069 -0.885704 -5.83069 0.126047 0 3.59558 0 
2 1 0 7.80278 0.110584 42.4783 -0.885939 -5.83325 -0.885939 -5.83325 0.12599 0 3.59553 0 
2 1 0 7.80707 0.110584 42.4783 -0.886175 -5.8358 -0.886175 -5.8358 0.125933 0 3.59546 0 
2 1 0 7.81136 0.110584 42.4783 -0.88641 -5.83835 -0.88641 -5.83835 0.125877 0 3.59537 0 
2 1 0 7.81566 0.110584 42.4783 -0.886645 -5.84091 -0.886645 -5.84091 0.125822 0 3.59527 0 
2 1 0 7.81995 0.110584 42.4783 -0.886879 -5.84346 -0.886879 -5.84346 0.125767 0 3.59514 0 
2 1 0 7.82424 0.110584 42.4783 -0.887114 -5.84602 -0.887114 -5.84602 0.125713 0 3.59501 0 
2 1 0 7.82853 0.110584 42.4783 -0.887349 -5.84858 -0.887349 -5.84858 0.125659 0 3.59485 0 
2 1 0 7.83282 0.110584 42.4783 -0.887583 -5.85114 -0.887583 -5.85114 0.125606 0 3.59468 0 
2 1 0 7.83711 0.110584 42.4783 -0.887817 -5.85369 -0.887817 -5.85369 0.125554 0 3.59449 0 
2 1 0 7.8414 0.110584 42.4783 -0.888052 -5.85625 -0.888052 -5.85625 0.125502 0 3.59429 0 
2 1 0 7.84569 0.110584 42.4783 -0.888286 -5.85881 -0.888286 -5.85881 0.125451 0 3.59406 0 
2 1 0 7.84997 0.110584 42.4783 -0.88852 -5.86137 -0.88852 -5.86137 0.1254 0 3.59382 0 
2 1 0 7.85426 0.110584 42.4783 -0.888753 -5.86393 -0.888753 -5.86393 0.12535 0 3.59357 0 
2 1 0 7.85855 0.110584 42.4783 -0.888987 -5.86649 -0.888987 -5.86649 0.125301 0 3.59329 0 
2 1 0 7.86284 0.110584 42.4783 -0.889221 -5.86905 -0.889221 -5.86905 0.125252 0 3.593 0 
2 1 0 7.86713 0.110584 42.4783 -0.889454 -5.87162 -0.889454 -5.87162 0.125204 0 3.5927 0 
2 1 0 7.87141 0.110584 42.4783 -0.889688 -5.87418 -0.889688 -5.87418 0.125156 0 3.59237 0 
2 1 0 7.8757 0.110584 42.4783 -0.889921 -5.87674 -0.889921 -5.87674 0.125109 0 3.59203 0 
2 1 0 7.87999 0.110584 42.4783 -0.890154 -5.87931 -0.890154 -5.87931 0.125063 0 3.59168 0 
2 1 0 7.88427 0.110584 42.4783 -0.890387 -5.88187 -0.890387 -5.88187 0.125017 0 3.5913 0 
2 1 0 7.88856 0.110584 42.4783 -0.89062 -5.88443 -0.89062 -5.88443 0.124972 0 3.59091 0 
2 1 0 7.89284 0.110584 42.4783 -0.890852 -5.887 -0.890852 -5.887 0.124927 0 3.5905 0 
2 1 0 7.89713 0.110584 42.4783 -0.891085 -5.88957 -0.891085 -5.88957 0.124883 0 3.59008 0 
2 1 0 7.90141 0.110584 42.4783 -0.891318 -5.89213 -0.891318 -5.89213 0.12484 0 3.58964 0 
2 1 0 7.9057 0.110584 42.4783 -0.89155 -5.8947 -0.89155 -5.8947 0.124797 0 3.58918 0 
2 1 0 7.90998 0.110584 42.4783 -0.891782 -5.89727 -0.891782 -5.89727 0.124755 0 3.58871 0 
2 1 0 7.91426 0.110584 42.4783 -0.892014 -5.89984 -0.892014 -5.89984 0.124713 0 3.58821 0 
2 1 0 7.91855 0.110584 42.4783 -0.892246 -5.90241 -0.892246 -5.90241 0.124672 0 3.58771 0 
2 1 0 7.92283 0.110584 42.4783 -0.892478 -5.90498 -0.892478 -5.90498 0.124632 0 3.58718 0 
2 1 0 7.92711 0.110584 42.4783 -0.89271 -5.90755 -0.89271 -5.90755 0.124592 0 3.58664 0 
2 1 0 7.93139 0.110584 42.4783 -0.892942 -5.91012 -0.892942 -5.91012 0.124553 0 3.58608 0 
2 1 0 7.93568 0.110584 42.4783 -0.893173 -5.91269 -0.893173 -5.91269 0.124514 0 3.58551 0 
2 1 0 7.93996 0.110584 42.4783 -0.893405 -5.91526 -0.893405 -5.91526 0.124476 0 3.58491 0 
2 1 0 7.94424 0.110584 42.4783 -0.893636 -5.91783 -0.893636 -5.91783 0.124438 0 3.58431 0 
2 1 0 7.94852 0.110584 42.4783 -0.893867 -5.92041 -0.893867 -5.92041 0.124402 0 3.58368 0 
2 1 0 7.9528 0.110584 42.4783 -0.894098 -5.92298 -0.894098 -5.92298 0.124365 0 3.58304 0 
2 1 0 7.95708 0.110584 42.4783 -0.894329 -5.92555 -0.894329 -5.92555 0.12433 0 3.58238 0 
2 1 0 7.96136 0.110584 42.4783 -0.89456 -5.92813 -0.89456 -5.92813 0.124294 0 3.5817 0 
2 1 0 7.96564 0.110584 42.4783 -0.894791 -5.9307 -0.894791 -5.9307 0.12426 0 3.58101 0 
2 1 0 7.96992 0.110584 42.4783 -0.895021 -5.93328 -0.895021 -5.93328 0.124226 0 3.5803 0 
2 1 0 7.9742 0.110584 42.4783 -0.895252 -5.93586 -0.895252 -5.93586 0.124193 0 3.57958 0 
2 1 0 7.97848 0.110584 42.4783 -0.895482 -5.93843 -0.895482 -5.93843 0.12416 0 3.57884 0 
2 1 0 7.98275 0.110584 42.4783 -0.895713 -5.94101 -0.895713 -5.94101 0.124128 0 3.57808 0 
2 1 0 7.98703 0.110584 42.4783 -0.895943 -5.94359 -0.895943 -5.94359 0.124096 0 3.5773 0 
2 1 0 7.99131 0.110584 42.4783 -0.896173 -5.94617 -0.896173 -5.94617 0.124065 0 3.57651 0 
2 1 0 7.99559 0.110584 42.4783 -0.896403 -5.94875 -0.896403 -5.94875 0.124035 0 3.5757 0 
2 1 0 7.99986 0.110584 42.4783 -0.896632 -5.95133 -0.896632 -5.95133 0.124005 0 3.57488 0 
2 1 0 8.00414 0.110584 42.4783 -0.896862 -5.95391 -0.896862 -5.95391 0.123975 0 3.57404 0 
2 1 0 8.00841 0.110584 42.4783 -0.897092 -5.95649 -0.897092 -5.95649 0.123947 0 3.57318 0 
2 1 0 8.01269 0.110584 42.4783 -0.897321 -5.95908 -0.897321 -5.95908 0.123919 0 3.5723 0 
2 1 0 8.01697 0.110584 42.4783 -0.89755 -5.96166 -0.89755 -5.96166 0.123891 0 3.57141 0 
2 1 0 8.02124 0.110584 42.4783 -0.89778 -5.96424 -0.89778 -5.96424 0.123864 0 3.5705 0 
2 1 0 8.02551 0.110584 42.4783 -0.898009 -5.96683 -0.898009 -5.96683 0.123838 0 3.56958 0 
2 1 0 8.02979 0.110584 42.4783 -0.898238 -5.96941 -0.898238 -5.96941 0.123812 0 3.56864 0 
2 1 0 8.03406 0.110584 42.4783 -0.898467 -5.972 -0.898467 -5.972 0.123787 0 3.56768 0 
2 1 0 8.03834 0.110584 42.4783 -0.898695 -5.97458 -0.898695 -5.97458 0.123762 0 3.5667 0 
2 1 0 8.04261 0.110584 42.4783 -0.898924 -5.97717 -0.898924 -5.97717 0.123738 0 3.56571 0 
2 1 0 8.04688 0.110584 42.4783 -0.899153 -5.97975 -0.899153 -5.97975 0.123715 0 3.56471 0 
2 1 0 8.05115 0.110584 42.4783 -0.899381 -5.98234 -0.899381 -5.98234 0.123692 0 3.56368 0 
2 1 0 8.05543 0.110584 42.4783 -0.899609 -5.98493 -0.899609 -5.98493 0.12367 0 3.56264 0 
2 1 0 8.0597 0.110584 42.4783 -0.899837 -5.98752 -0.899837 -5.98752 0.123648 0 3.56158 0 
2 1 0 8.06397 0.110584 42.4783 -0.900066 -5.99011 -0.900066 -5.99011 0.123627 0 3.56051 0 
2 1 0 8.06824 0.110584 42.4783 -0.900294 -5.9927 -0.900294 -5.9927 0.123607 0 3.55942 0 
2 1 0 8.07251 0.110584 42.4783 -0.900521 -5.99529 -0.900521 -5.99529 0.123587 0 3.55831 0 
2 1 0 8.07678 0.110584 42.4783 -0.900749 -5.99788 -0.900749 -5.99788 0.123567 0 3.55719 0 
2 1 0 8.08105 0.110584 42.4783 -0.900977 -6.00047 -0.900977 -6.00047 0.123549 0 3.55605 0 
2 1 0 8.08532 0.110584 42.4783 -0.901204 -6.00306 -0.901204 -6.00306 0.12353 0 3.55489 0 
2 1 0 8.08959 0.110584 42.4783 -0.901432 -6.00566 -0.901432 -6.00566 0.123513 0 3.55372 0 
2 1 0 8.09386 0.110584 42.4783 -0.901659 -6.00825 -0.901659 -6.00825 0.123496 0 3.55253 0 
2 1 0 8.09812 0.110584 42.4783 -0.901886 -6.01085 -0.901886 -6.01085 0.12348 0 3.55132 0 
2 1 0 8.10239 0.110584 42.4783 -0.902113 -6.01344 -0.902113 -6.01344 0.123464 0 3.5501 0 
2 1 0 8.10666 0.110584 42.4783 -0.90234 -6.01604 -0.90234 -6.01604 0.123448 0 3.54886 0 
2 1 0 8.11093 0.110584 42.4783 -0.902567 -6.01863 -0.902567 -6.01863 0.123434 0 3.5476 0 
2 1 0 8.11519 0.110584 42.4783 -0.902794 -6.02123 -0.902794 -6.02123 0.12342 0 3.54633 0 
2 1 0 8.11946 0.110584 42.4783 -0.90302 -6.02383 -0.90302 -6.02383 0.123406 0 3.54504 0 
2 1 0 8.12373 0.110584 42.4783 -0.903247 -6.02642 -0.903247 -6.02642 0.123393 0 3.54373 0 
2 1 0 8.12799 0.110584 42.4783 -0.903473 -6.02902 -0.903473 -6.02902 0.123381 0 3.54241 0 
2 1 0 8.13226 0.110584 42.4783 -0.9037 -6.03162 -0.9037 -6.03162 0.123369 0 3.54107 0 
2 1 0 8.13652 0.110584 42.4783 -0.903926 -6.03422 -0.903926 -6.03422 0.123358 0 3.53971 0 
2 1 0 8.14079 0.110584 42.4783 -0.904152 -6.03682 -0.904152 -6.03682 0.123348 0 3.53834 0 
2 1 0 8.14505 0.110584 42.4783 -0.904378 -6.03942 -0.904378 -6.03942 0.123338 0 3.53695 0 
2 1 0 8.14931 0.110584 42.4783 -0.904604 -6.04203 -0.904604 -6.04203 0.123329 0 3.53555 0 
2 1 0 8.15358 0.110584 42.4783 -0.904829 -6.04463 -0.904829 -6.04463 0.12332 0 3.53413 0 
2 1 0 8.15784 0.110584 42.4783 -0.905055 -6.04723 -0.905055 -6.04723 0.123312 0 3.53269 0 
2 1 0 8.1621 0.110584 42.4783 -0.90528 -6.04984 -0.90528 -6.04984 0.123304 0 3.53123 0 
2 1 0 8.16637 0.110584 42.4783 -0.905506 -6.05244 -0.905506 -6.05244 0.123297 0 3.52976 0 
2 1 0 8.17063 0.110584 42.4783 -0.905731 -6.05504 -0.905731 -6.05504 0.123291 0 3.52827 0 
2 1 0 8.17489 0.110584 42.4783 -0.905956 -6.05765 -0.905956 -6.05765 0.123285 0 3.52677 0 
2 1 0 8.17915 0.110584 42.4783 -0.906181 -6.06026 -0.906181 -6.06026 0.12328 0 3.52524 0 
2 1 0 8.18341 0.110584 42.4783 -0.906406 -6.06286 -0.906406 -6.06286 0.123276 0 3.5237 0 
2 1 0 8.18767 0.110584 42.4783 -0.906631 -6.06547 -0.906631 -6.06547 0.123272 0 3.52215 0 
2 1 0 8.19193 0.110584 42.4783 -0.906856 -6.06808 -0.906856 -6.06808 0.123268 0 3.52058 0 
2 1 0 8.19619 0.110584 42.4783 -0.907081 -6.07069 -0.907081 -6.07069 0.123266 0 3.51899 0 
2 1 0 8.20045 0.110584 42.4783 -0.907305 -6.0733 -0.907305 -6.0733 0.123263 0 3.51738 0 
2 1 0 8.20471 0.110584 42.4783 -0.90753 -6.07591 -0.90753 -6.07591 0.123262 0 3.51576 0 
2 1 0 8.20897 0.110584 42.4783 -0.907754 -6.07852 -0.907754 -6.07852 0.123261 0 3.51412 0 
2 1 0 8.21322 0.110584 42.4783 -0.907978 -6.08113 -0.907978 -6.08113 0.123261 0 3.51247 0 
2 1 0 8.21748 0.110584 42.4783 -0.908202 -6.08374 -0.908202 -6.08374 0.123261 0 3.5108 0 
2 1 0 8.22174 0.110584 42.4783 -0.908426 -6.08635 -0.908426 -6.08635 0.123262 0 3.50911 0 
2 1 0 8.226 0.110584 42.4783 -0.90865 -6.08897 -0.90865 -6.08897 0.123263 0 3.5074 0 
2 1 0 8.23025 0.110584 42.4783 -0.908874 -6.09158 -0.908874 -6.09158 0.123265 0 3.50568 0 
2 1 0 8.23451 0.110584 42.4783 -0.909098 -6.0942 -0.909098 -6.0942 0.123268 0 3.50394 0 
2 1 0 8.23876 0.110584 42.4783 -0.909321 -6.09681 -0.909321 -6.09681 0.123271 0 3.50219 0 
2 1 0 8.24302 0.110584 42.4783 -0.909545 -6.09943 -0.909545 -6.09943 0.123275 0 3.50041 0 
2 1 0 8.24727 0.110584 42.4783 -0.909768 -6.10204 -0.909768 -6.10204 0.12328 0 3.49863 0 
2 1 0 8.25153 0.110584 42.4783 -0.909992 -6.10466 -0.909992 -6.10466 0.123285 0 3.49682 0 
2 1 0 8.25578 0.110584 42.4783 -0.910215 -6.10728 -0.910215 -6.10728 0.123291 0 3.495 0 
2 1 0 8.26004 0.110584 42.4783 -0.910438 -6.1099 -0.910438 -6.1099 0.123297 0 3.49316 0 
2 1 0 8.26429 0.110584 42.4783 -0.910661 -6.11252 -0.910661 -6.11252 0.123304 0 3.4913 0 
2 1 0 8.26854 0.110584 42.4783 -0.910884 -6.11513 -0.910884 -6.11513 0.123312 0 3.48943 0 
2 1 0 8.2728 0.110584 42.4783 -0.911106 -6.11776 -0.911106 -6.11776 0.12332 0 3.48754 0 
2 1 0 8.27705 0.110584 42.4783 -0.911329 -6.12038 -0.911329 -6.12038 0.123329 0 3.48563 0 
2 1 0 8.2813 0.110584 42.4783 -0.911552 -6.123 -0.911552 -6.123 0.123339 0 3.48371 0 
2 1 0 8.28555 0.110584 42.4783 -0.911774 -6.12562 -0.911774 -6.12562 0.123349 0 3.48177 0 
2 1 0 8.2898 0.110584 42.4783 -0.911996 -6.12824 -0.911996 -6.12824 0.12336 0 3.47981 0 
2 1 0 8.29405 0.110584 42.4783 -0.912219 -6.13087 -0.912219 -6.13087 0.123371 0 3.47784 0 
2 1 0 8.2983 0.110584 42.4783 -0.912441 -6.13349 -0.912441 -6.13349 0.123383 0 3.47585 0 
2 1 0 8.30255 0.110584 42.4783 -0.912663 -6.13612 -0.912663 -6.13612 0.123396 0 3.47384 0 
2 1 0 8.3068 0.110584 42.4783 -0.912885 -6.13874 -0.912885 -6.13874 0.123409 0 3.47182 0 
2 1 0 8.31105 0.110584 42.4783 -0.913106 -6.14137 -0.913106 -6.14137 0.123423 0 3.46977 0 
2 1 0 8.3153 0.110584 42.4783 -0.913328 -6.144 -0.913328 -6.144 0.123438 0 3.46772 0 
2 1 0 8.31955 0.110584 42.4783 -0.91355 -6.14662 -0.91355 -6.14662 0.123453 0 3.46564 0 
2 1 0 8.32379 0.110584 42.4783 -0.913771 -6.14925 -0.913771 -6.14925 0.123469 0 3.46355 0 
2 1 0 8.32804 0.110584 42.4783 -0.913993 -6.15188 -0.913993 -6.15188 0.123486 0 3.46144 0 
2 1 0 8.33229 0.110584 42.4783 -0.914214 -6.15451 -0.914214 -6.15451 0.123503 0 3.45931 0 
2 1 0 8.33654 0.110584 42.4783 -0.914435 -6.15714 -0.914435 -6.15714 0.123521 0 3.45717 0 
2 1 0 8.34078 0.110584 42.4783 -0.914656 -6.15977 -0.914656 -6.15977 0.123539 0 3.45501 0 
2 1 0 8.34503 0.110584 42.4783 -0.914877 -6.1624 -0.914877 -6.1624 0.123559 0 3.45283 0 
2 1 0 8.34927 0.110584 42.4783 -0.915098 -6.16504 -0.915098 -6.16504 0.123578 0 3.45064 0 
2 1 0 8.35352 0.110584 42.4783 -0.915319 -6.16767 -0.915319 -6.16767 0.123599 0 3.44843 0 
2 1 0 8.35776 0.110584 42.4783 -0.91554 -6.1703 -0.91554 -6.1703 0.12362 0 3.4462 0 
2 1 0 8.36201 0.110584 42.4783 -0.91576 -6.17294 -0.91576 -6.17294 0.123642 0 3.44395 0 
2 1 0 8.36625 0.110584 42.4783 -0.915981 -6.17557 -0.915981 -6.17557 0.123664 0 3.44169 0 
2 1 0 8.37049 0.110584 42.4783 -0.916201 -6.17821 -0.916201 -6.17821 0.123687 0 3.43941 0 
2 1 0 8.37473 0.110584 42.4783 -0.916422 -6.18084 -0.916422 -6.18084 0.123711 0 3.43711 0 
2 1 0 8.37898 0.110584 42.4783 -0.916642 -6.18348 -0.916642 -6.18348 0.123736 0 3.4348 0 
2 1 0 8.38322 0.110584 42.4783 -0.916862 -6.18612 -0.916862 -6.18612 0.123761 0 3.43247 0 
2 1 0 8.38746 0.110584 42.4783 -0.917082 -6.18876 -0.917082 -6.18876 0.123787 0 3.43012 0 
2 1 0 8.3917 0.110584 42.4783 -0.917302 -6.1914 -0.917302 -6.1914 0.123813 0 3.42775 0 
2 1 0 8.39594 0.110584 42.4783 -0.917522 -6.19404 -0.917522 -6.19404 0.12384 0 3.42537 0 
2 1 0 8.40018 0.110584 42.4783 -0.917741 -6.19668 -0.917741 -6.19668 0.123868 0 3.42297 0 
2 1 0 8.40442 0.110584 42.4783 -0.917961 -6.19932 -0.917961 -6.19932 0.123897 0 3.42055 0 
2 1 0 8.40866 0.110584 42.4783 -0.918181 -6.20196 -0.918181 -6.20196 0.123926 0 3.41811 0 
2 1 0 8.4129 0.110584 42.4783 -0.9184 -6.2046 -0.9184 -6.2046 0.123956 0 3.41566 0 
2 1 0 8.41714 0.110584 42.4783 -0.918619 -6.20725 -0.918619 -6.20725 0.123987 0 3.41319 0 
2 1 0 8.42138 0.110584 42.4783 -0.918839 -6.20989 -0.918839 -6.20989 0.124018 0 3.4107 0 
2 1 0 8.42561 0.110584 42.4783 -0.919058 -6.21254 -0.919058 -6.21254 0.12405 0 3.4082 0 
2 1 0 8.42985 0.110584 42.4783 -0.919277 -6.21518 -0.919277 -6.21518 0.124083 0 3.40567 0 
2 1 0 8.43409 0.110584 42.4783 -0.919496 -6.21783 -0.919496 -6.21783 0.124117 0 3.40313 0 
2 1 0 8.43832 0.110584 42.4783 -0.919715 -6.22047 -0.919715 -6.22047 0.124151 0 3.40058 0 
2 1 0 8.44256 0.110584 42.4783 -0.919933 -6.22312 -0.919933 -6.22312 0.124186 0 3.398 0 
2 1 0 8.44679 0.110584 42.4783 -0.920152 -6.22577 -0.920152 -6.22577 0.124221 0 3.39541 0 
2 1 0 8.45103 0.110584 42.4783 -0.92037 -6.22842 -0.92037 -6.22842 0.124258 0 3.3928 0 
2 1 0 8.45526 0.110584 42.4783 -0.920589 -6.23107 -0.920589 -6.23107 0.124295 0 3.39017 0 
2 1 0 8.4595 0.110584 42.4783 -0.920807 -6.23372 -0.920807 -6.23372 0.124333 0 3.38752 0 
2 1 0 8.46373 0.110584 42.4783 -0.921026 -6.23637 -0.921026 -6.23637 0.124371 0 3.38486 0 
2 1 0 8.46796 0.110584 42.4783 -0.921244 -6.23902 -0.921244 -6.23902 0.124411 0 3.38218 0 
2 1 0 8.4722 0.110584 42.4783 -0.921462 -6.24168 -0.921462 -6.24168 0.124451 0 3.37948 0 
2 1 0 8.47643 0.110584 42.4783 -0.92168 -6.24433 -0.92168 -6.24433 0.124491 0 3.37676 0 
2 1 0 8.48066 0.110584 42.4783 -0.921898 -6.24698 -0.921898 -6.24698 0.124533 0 3.37403 0 
2 1 0 8.48489 0.110584 42.4783 -0.922116 -6.24964 -0.922116 -6.24964 0.124575 0 3.37127 0 
2 1 0 8.48912 0.110584 42.4783 -0.922333 -6.25229 -0.922333 -6.25229 0.124618 0 3.3685 0 
2 1 0 8.49335 0.110584 42.4783 -0.922551 -6.25495 -0.922551 -6.25495 0.124662 0 3.36572 0 
2 1 0 8.49758 0.110584 42.4783 -0.922768 -6.25761 -0.922768 -6.25761 0.124706 0 3.36291 0 
2 1 0 8.50181 0.110584 42.4783 -0.922986 -6.26026 -0.922986 -6.26026 0.124752 0 3.36008 0 
2 1 0 8.50604 0.110584 42.4783 -0.923203 -6.26292 -0.923203 -6.26292 0.124798 0 3.35724 0 
2 1 0 8.51027 0.110584 42.4783 -0.92342 -6.26558 -0.92342 -6.26558 0.124845 0 3.35438 0 
2 1 0 8.5145 0.110584 42.4783 -0.923637 -6.26824 -0.923637 -6.26824 0.124892 0 3.3515 0 
2 1 0 8.51873 0.110584 42.4783 -0.923855 -6.2709 -0.923855 -6.2709 0.124941 0 3.34861 0 
2 1 0 8.52296 0.110584 42.4783 -0.924071 -6.27356 -0.924071 -6.27356 0.12499 0 3.34569 0 
2 1 0 8.52718 0.110584 42.4783 -0.924288 -6.27623 -0.924288 -6.27623 0.12504 0 3.34276 0 
2 1 0 8.53141 0.110584 42.4783 -0.924505 -6.27889 -0.924505 -6.27889 0.125091 0 3.33981 0 
2 1 0 8.53563 0.110584 42.4783 -0.924722 -6.28155 -0.924722 -6.28155 0.125142 0 3.33684 0 
2 1 0 8.53986 0.110584 42.4783 -0.924938 -6.28422 -0.924938 -6.28422 0.125195 0 3.33385 0 
2 1 0 8.54408 0.110584 42.4783 -0.925155 -6.28688 -0.925155 -6.28688 0.125248 0 3.33084 0 
2 1 0 8.54831 0.110584 42.4783 -0.925371 -6.28955 -0.925371 -6.28955 0.125302 0 3.32782 0 
2 1 0 8.55253 0.110584 42.4783 -0.925588 -6.29222 -0.925588 -6.29222 0.125357 0 3.32477 0 
2 1 0 8.55676 0.110584 42.4783 -0.925804 -6.29488 -0.925804 -6.29488 0.125412 0 3.32171 0 
2 1 0 8.56098 0.110584 42.4783 -0.92602 -6.29755 -0.92602 -6.29755 0.125469 0 3.31863 0 
2 1 0 8.5652 0.110584 42.4783 -0.926236 -6.30022 -0.926236 -6.30022 0.125526 0 3.31553 0 
2 1 0 8.56942 0.110584 42.4783 -0.926452 -6.30289 -0.926452 -6.30289 0.125584 0 3.31241 0 
2 1 0 8.57365 0.110584 42.4783 -0.926668 -6.30556 -0.926668 -6.30556 0.125643 0 3.30928 0 
2 1 0 8.57787 0.110584 42.4783 -0.926884 -6.30823 -0.926884 -6.30823 0.125703 0 3.30612 0 
2 1 0 8.58209 0.110584 42.4783 -0.927099 -6.3109 -0.927099 -6.3109 0.125763 0 3.30295 0 
2 1 0 8.58631 0.110584 42.4783 -0.927315 -6.31358 -0.927315 -6.31358 0.125825 0 3.29976 0 
2 1 0 8.59053 0.110584 42.4783 -0.927531 -6.31625 -0.927531 -6.31625 0.125887 0 3.29654 0 
2 1 0 8.59475 0.110584 42.4783 -0.927746 -6.31892 -0.927746 -6.31892 0.125951 0 3.29331 0 
2 1 0 8.59897 0.110584 42.4783 -0.927961 -6.3216 -0.927961 -6.3216 0.126015 0 3.29006 0 
2 1 0 8.60318 0.110584 42.4783 -0.928177 -6.32427 -0.928177 -6.32427 0.12608 0 3.28679 0 
2 1 0 8.6074 0.110584 42.4783 -0.928392 -6.32695 -0.928392 -6.32695 0.126146 0 3.28351 0 
2 1 0 8.61162 0.110584 42.4783 -0.928607 -6.32963 -0.928607 -6.32963 0.126212 0 3.2802 0 
2 1 0 8.61584 0.110584 42.4783 -0.928822 -6.33231 -0.928822 -6.33231 0.12628 0 3.27687 0 
2 1 0 8.62005 0.110584 42.4783 -0.929037 -6.33499 -0.929037 -6.33499 0.126349 0 3.27353 0 
2 1 0 8.62427 0.110584 42.4783 -0.929252 -6.33767 -0.929252 -6.33767 0.126418 0 3.27016 0 
2 1 0 8.62848 0.110584 42.4783 -0.929466 -6.34035 -0.929466 -6.34035 0.126489 0 3.26678 0 
2 1 0 8.6327 0.110584 42.4783 -0.929681 -6.34303 -0.929681 -6.34303 0.12656 0 3.26338 0 
2 1 0 8.63691 0.110584 42.4783 -0.929896 -6.34571 -0.929896 -6.34571 0.126632 0 3.25995 0 
2 1 0 8.64113 0.110584 42.4783 -0.93011 -6.34839 -0.93011 -6.34839 0.126705 0 3.25651 0 
2 1 0 8.64534 0.110584 42.4783 -0.930324 -6.35108 -0.930324 -6.35108 0.12678 0 3.25305 0 
2 1 0 8.64955 0.110584 42.4783 -0.930539 -6.35376 -0.930539 -6.35376 0.126855 0 3.24957 0 
2 1 0 8.65376 0.110584 42.4783 -0.930753 -6.35645 -0.930753 -6.35645 0.126931 0 3.24607 0 
2 1 0 8.65798 0.110584 42.4783 -0.930967 -6.35913 -0.930967 -6.35913 0.127008 0 3.24255 0 
2 1 0 8.66219 0.110584 42.4783 -0.931181 -6.36182 -0.931181 -6.36182 0.127086 0 3.239 0 
2 1 0 8.6664 0.110584 42.4783 -0.931395 -6.36451 -0.931395 -6.36451 0.127165 0 3.23544 0 
2 1 0 8.67061 0.110584 42.4783 -0.931609 -6.3672 -0.931609 -6.3672 0.127245 0 3.23186 0 
2 1 0 8.67482 0.110584 42.4783 -0.931823 -6.36989 -0.931823 -6.36989 0.127326 0 3.22826 0 
2 1 0 8.67903 0.110584 42.4783 -0.932037 -6.37258 -0.932037 -6.37258 0.127407 0 3.22464 0 
2 1 0 8.68323 0.110584 42.4783 -0.93225 -6.37527 -0.93225 -6.37527 0.12749 0 3.221 0 
2 1 0 8.68744 0.110584 42.4783 -0.932464 -6.37796 -0.932464 -6.37796 0.127574 0 3.21734 0 
2 1 0 8.69165 0.110584 42.4783 -0.932677 -6.38065 -0.932677 -6.38065 0.127659 0 3.21366 0 
2 1 0 8.69586 0.110584 42.4783 -0.932891 -6.38335 -0.932891 -6.38335 0.127745 0 3.20995 0 
2 1 0 8.70006 0.110584 42.4783 -0.933104 -6.38604 -0.933104 -6.38604 0.127832 0 3.20623 0 
2 1 0 8.70427 0.110584 42.4783 -0.933317 -6.38874 -0.933317 -6.38874 0.12792 0 3.20249 0 
2 1 0 8.70847 0.110584 42.4783 -0.93353 -6.39143 -0.93353 -6.39143 0.12801 0 3.19872 0 
2 1 0 8.71268 0.110584 42.4783 -0.933743 -6.39413 -0.933743 -6.39413 0.1281 0 3.19494 0 
2 1 0 8.71688 0.110584 42.4783 -0.933956 -6.39683 -0.933956 -6.39683 0.128191 0 3.19113 0 
2 1 0 8.72109 0.110584 42.4783 -0.934169 -6.39953 -0.934169 -6.39953 0.128283 0 3.18731 0 
2 1 0 8.72529 0.110584 42.4783 -0.934382 -6.40223 -0.934382 -6.40223 0.128377 0 3.18346 0 
2 1 0 8.72949 0.110584 42.4783 -0.934595 -6.40493 -0.934595 -6.40493 0.128471 0 3.17959 0 
2 1 0 8.7337 0.110584 42.4783 -0.934808 -6.40763 -0.934808 -6.40763 0.128567 0 3.1757 0 
2 1 0 8.7379 0.110584 42.4783 -0.93502 -6.41033 -0.93502 -6.41033 0.128664 0 3.17179 0 
2 1 0 8.7421 0.110584 42.4783 -0.935233 -6.41303 -0.935233 -6.41303 0.128762 0 3.16786 0 
2 1 0 8.7463 0.110584 42.4783 -0.935445 -6.41574 -0.935445 -6.41574 0.128861 0 3.16391 0 
2 1 0 8.7505 0.110584 42.4783 -0.935657 -6.41844 -0.935657 -6.41844 0.128961 0 3.15993 0 
2 1 0 8.7547 0.110584 42.4783 -0.93587 -6.42115 -0.93587 -6.42115 0.129062 0 3.15594 0 
2 1 0 8.7589 0.110584 42.4783 -0.936082 -6.42385 -0.936082 -6.42385 0.129165 0 3.15192 0 
2 1 0 8.76309 0.110584 42.4783 -0.936294 -6.42656 -0.936294 -6.42656 0.129268 0 3.14788 0 
2 1 0 8.76729 0.110584 42.4783 -0.936506 -6.42927 -0.936506 -6.42927 0.129373 0 3.14382 0 
2 1 0 8.77149 0.110584 42.4783 -0.936718 -6.43198 -0.936718 -6.43198 0.129479 0 3.13974 0 
2 1 0 8.77569 0.110584 42.4783 -0.93693 -6.43469 -0.93693 -6.43469 0.129586 0 3.13563 0 
2 1 0 8.77988 0.110584 42.4783 -0.937142 -6.4374 -0.937142 -6.4374 0.129695 0 3.13151 0 
2 1 0 8.78408 0.110584 42.4783 -0.937354 -6.44011 -0.937354 -6.44011 0.129805 0 3.12736 0 
2 1 0 8.78827 0.110584 42.4783 -0.937565 -6.44282 -0.937565 -6.44282 0.129916 0 3.12318 0 
2 1 0 8.79247 0.110584 42.4783 -0.937777 -6.44554 -0.937777 -6.44554 0.130028 0 3.11899 0 
2 1 0 8.79666 0.110584 42.4783 -0.937988 -6.44825 -0.937988 -6.44825 0.130141 0 3.11477 0 
2 1 0 8.80085 0.110584 42.4783 -0.9382 -6.45097 -0.9382 -6.45097 0.130256 0 3.11053 0 
2 1 0 8.80504 0.110584 42.4783 -0.938411 -6.45369 -0.938411 -6.45369 0.130372 0 3.10627 0 
2 1 0 8.80924 0.110584 42.4783 -0.938622 -6.4564 -0.938622 -6.4564 0.130489 0 3.10199 0 
2 1 0 8.81343 0.110584 42.4783 -0.938834 -6.45912 -0.938834 -6.45912 0.130608 0 3.09768 0 
2 1 0 8.81762 0.110584 42.4783 -0.939045 -6.46184 -0.939045 -6.46184 0.130728 0 3.09335 0 
2 1 0 8.82181 0.110584 42.4783 -0.939256 -6.46456 -0.939256 -6.46456 0.130849 0 3.089 0 
2 1 0 8.826 0.110584 42.4783 -0.939467 -6.46728 -0.939467 -6.46728 0.130972 0 3.08462 0 
2 1 0 8.83019 0.110584 42.4783 -0.939678 -6.47 -0.939678 -6.47 0.131096 0 3.08022 0 
2 1 0 8.83437 0.110584 42.4783 -0.939889 -6.47273 -0.939889 -6.47273 0.131222 0 3.07579 0 
2 1 0 8.83856 0.110584 42.4783 -0.940099 -6.47545 -0.940099 -6.47545 0.131349 0 3.07135 0 
2 1 0 8.84275 0.110584 42.4783 -0.94031 -6.47818 -0.94031 -6.47818 0.131477 0 3.06688 0 
2 1 0 8.84693 0.110584 42.4783 -0.940521 -6.4809 -0.940521 -6.4809 0.131606 0 3.06238 0 
2 1 0 8.85112 0.110584 42.4783 -0.940731 -6.48363 -0.940731 -6.48363 0.131738 0 3.05786 0 
2 1 0 8.8553 0.110584 42.4783 -0.940942 -6.48636 -0.940942 -6.48636 0.13187 0 3.05332 0 
2 1 0 8.85949 0.110584 42.4783 -0.941152 -6.48909 -0.941152 -6.48909 0.132004 0 3.04875 0 
2 1 0 8.86367 0.110584 42.4783 -0.941363 -6.49182 -0.941363 -6.49182 0.13214 0 3.04416 0 
2 1 0 8.86786 0.110584 42.4783 -0.941573 -6.49455 -0.941573 -6.49455 0.132277 0 3.03954 0 
2 1 0 8.87204 0.110584 42.4783 -0.941783 -6.49728 -0.941783 -6.49728 0.132415 0 3.0349 0 
2 1 0 8.87622 0.110584 42.4783 -0.941993 -6.50001 -0.941993 -6.50001 0.132555 0 3.03023 0 
2 1 0 8.8804 0.110584 42.4783 -0.942203 -6.50275 -0.942203 -6.50275 0.132697 0 3.02554 0 
2 1 0 8.88458 0.110584 42.4783 -0.942413 -6.50548 -0.942413 -6.50548 0.13284 0 3.02082 0 
2 1 0 8.88876 0.110584 42.4783 -0.942623 -6.50822 -0.942623 -6.50822 0.132985 0 3.01608 0 
2 1 0 8.89294 0.110584 42.4783 -0.942833 -6.51095 -0.942833 -6.51095 0.133132 0 3.01132 0 
2 1 0 8.89712 0.110584 42.4783 -0.943043 -6.51369 -0.943043 -6.51369 0.13328 0 3.00652 0 
2 1 0 8.9013 0.110584 42.4783 -0.943253 -6.51643 -0.943253 -6.51643 0.133429 0 3.0017 0 
2 1 0 8.90547 0.110584 42.4783 -0.943462 -6.51917 -0.943462 -6.51917 0.133581 0 2.99686 0 
2 1 0 8.90965 0.110584 42.4783 -0.943672 -6.52191 -0.943672 -6.52191 0.133734 0 2.99199 0 
2 1 0 8.91383 0.110584 42.4783 -0.943882 -6.52465 -0.943882 -6.52465 0.133888 0 2.98709 0 
2 1 0 8.918 0.110584 42.4783 -0.944091 -6.5274 -0.944091 -6.5274 0.134045 0 2.98217 0 
2 1 0 8.92217 0.110584 42.4783 -0.944301 -6.53014 -0.944301 -6.53014 0.134203 0 2.97722 0 
2 1 0 8.92635 0.110584 42.4783 -0.94451 -6.53289 -0.94451 -6.53289 0.134363 0 2.97224 0 
2 1 0 8.93052 0.110584 42.4783 -0.944719 -6.53563 -0.944719 -6.53563 0.134525 0 2.96724 0 
2 1 0 8.93469 0.110584 42.4783 -0.944928 -6.53838 -0.944928 -6.53838 0.134688 0 2.96221 0 
2 1 0 8.93886 0.110584 42.4783 -0.945138 -6.54113 -0.945138 -6.54113 0.134854 0 2.95715 0 
2 1 0 8.94304 0.110584 42.4783 -0.945347 -6.54388 -0.945347 -6.54388 0.135021 0 2.95206 0 
2 1 0 8.94721 0.110584 42.4783 -0.945556 -6.54663 -0.945556 -6.54663 0.13519 0 2.94695 0 
2 1 0 8.95137 0.110584 42.4783 -0.945765 -6.54938 -0.945765 -6.54938 0.135361 0 2.94181 0 
2 1 0 8.95554 0.110584 42.4783 -0.945974 -6.55214 -0.945974 -6.55214 0.135534 0 2.93664 0 
2 1 0 8.95971 0.110584 42.4783 -0.946183 -6.55489 -0.946183 -6.55489 0.135709 0 2.93144 0 
2 1 0 8.96388 0.110584 42.4783 -0.946391 -6.55765 -0.946391 -6.55765 0.135885 0 2.92622 0 
2 1 0 8.96804 0.110584 42.4783 -0.9466 -6.5604 -0.9466 -6.5604 0.136064 0 2.92096 0 
2 1 0 8.97221 0.110584 42.4783 -0.946809 -6.56316 -0.946809 -6.56316 0.136245 0 2.91568 0 
2 1 0 8.97637 0.110584 42.4783 -0.947017 -6.56592 -0.947017 -6.56592 0.136428 0 2.91037 0 
2 1 0 8.98054 0.110584 42.4783 -0.947226 -6.56868 -0.947226 -6.56868 0.136613 0 2.90503 0 
2 1 0 8.9847 0.110584 42.4783 -0.947435 -6.57144 -0.947435 -6.57144 0.1368 0 2.89965 0 
2 1 0 8.98886 0.110584 42.4783 -0.947643 -6.5742 -0.947643 -6.5742 0.136989 0 2.89425 0 
2 1 0 8.99303 0.110584 42.4783 -0.947851 -6.57697 -0.947851 -6.57697 0.137181 0 2.88882 0 
2 1 0 8.99719 0.110584 42.4783 -0.94806 -6.57973 -0.94806 -6.57973 0.137374 0 2.88336 0 
2 1 0 9.00135 0.110584 42.4783 -0.948268 -6.5825 -0.948268 -6.5825 0.13757 0 2.87787 0 
2 1 0 9.00551 0.110584 42.4783 -0.948476 -6.58526 -0.948476 -6.58526 0.137768 0 2.87235 0 
2 1 0 9.00967 0.110584 42.4783 -0.948684 -6.58803 -0.948684 -6.58803 0.137968 0 2.86679 0 
2 1 0 9.01382 0.110584 42.4783 -0.948893 -6.5908 -0.948893 -6.5908 0.138171 0 2.86121 0 
2 1 0 9.01798 0.110584 42.4783 -0.949101 -6.59357 -0.949101 -6.59357 0.138376 0 2.85559 0 
2 1 0 9.02214 0.110584 42.4783 -0.949309 -6.59634 -0.949309 -6.59634 0.138583 0 2.84994 0 
2 1 0 9.02629 0.110584 42.4783 -0.949517 -6.59912 -0.949517 -6.59912 0.138793 0 2.84426 0 
2 1 0 9.03045 0.110584 42.4783 -0.949725 -6.60189 -0.949725 -6.60189 0.139005 0 2.83855 0 
2 1 0 9.0346 0.110584 42.4783 -0.949932 -6.60467 -0.949932 -6.60467 0.13922 0 2.8328 0 
2 1 0 9.03875 0.110584 42.4783 -0.95014 -6.60744 -0.95014 -6.60744 0.139437 0 2.82702 0 
2 1 0 9.0429 0.110584 42.4783 -0.950348 -6.61022 -0.950348 -6.61022 0.139657 0 2.82121 0 
2 1 0 9.04705 0.110584 42.4783 -0.950556 -6.613 -0.950556 -6.613 0.139879 0 2.81537 0 
2 1 0 9.0512 0.110584 42.4783 -0.950763 -6.61578 -0.950763 -6.61578 0.140104 0 2.80949 0 
2 1 0 9.05535 0.110584 42.4783 -0.950971 -6.61857 -0.950971 -6.61857 0.140332 0 2.80358 0 
2 1 0 9.0595 0.110584 42.4783 -0.951179 -6.62135 -0.951179 -6.62135 0.140562 0 2.79763 0 
2 1 0 9.06365 0.110584 42.4783 -0.951386 -6.62413 -0.951386 -6.62413 0.140795 0 2.79165 0 
2 1 0 9.0678 0.110584 42.4783 -0.951594 -6.62692 -0.951594 -6.62692 0.141031 0 2.78563 0 
2 1 0 9.07194 0.110584 42.4783 -0.951801 -6.62971 -0.951801 -6.62971 0.14127 0 2.77958 0 
2 1 0 9.07609 0.110584 42.4783 -0.952008 -6.6325 -0.952008 -6.6325 0.141512 0 2.77349 0 
2 1 0 9.08023 0.110584 42.4783 -0.952216 -6.63529 -0.952216 -6.63529 0.141757 0 2.76736 0 
2 1 0 9.08437 0.110584 42.4783 -0.952423 -6.63808 -0.952423 -6.63808 0.142004 0 2.7612 0 
2 1 0 9.08851 0.110584 42.4783 -0.95263 -6.64087 -0.95263 -6.64087 0.142255 0 2.755 0 
2 1 0 9.09266 0.110584 42.4783 -0.952837 -6.64367 -0.952837 -6.64367 0.142509 0 2.74877 0 
2 1 0 9.0968 0.110584 42.4783 -0.953045 -6.64646 -0.953045 -6.64646 0.142766 0 2.7425 0 
2 1 0 9.10093 0.110584 42.4783 -0.953252 -6.64926 -0.953252 -6.64926 0.143026 0 2.73619 0 
2 1 0 9.10507 0.110584 42.4783 -0.953459 -6.65206 -0.953459 -6.65206 0.143289 0 2.72984 0 
2 1 0 9.10921 0.110584 42.4783 -0.953666 -6.65486 -0.953666 -6.65486 0.143556 0 2.72345 0 
2 1 0 9.11334 0.110584 42.4783 -0.953873 -6.65766 -0.953873 -6.65766 0.143826 0 2.71702 0 
2 1 0 9.11748 0.110584 42.4783 -0.95408 -6.66047 -0.95408 -6.66047 0.1441 0 2.71055 0 
2 1 0 9.12161 0.110584 42.4783 -0.954287 -6.66327 -0.954287 -6.66327 0.144376 0 2.70405 0 
2 1 0 9.12575 0.110584 42.4783 -0.954494 -6.66608 -0.954494 -6.66608 0.144657 0 2.6975 0 
2 1 0 9.12988 0.110584 42.4783 -0.9547 -6.66889 -0.9547 -6.66889 0.144941 0 2.69091 0 
2 1 0 9.13401 0.110584 42.4783 -0.954907 -6.6717 -0.954907 -6.6717 0.145229 0 2.68428 0 
2 1 0 9.13814 0.110584 42.4783 -0.955114 -6.67451 -0.955114 -6.67451 0.14552 0 2.6776 0 
2 1 0 9.14227 0.110584 42.4783 -0.955321 -6.67732 -0.955321 -6.67732 0.145816 0 2.67089 0 
2 1 0 9.14639 0.110584 42.4783 -0.955528 -6.68013 -0.955528 -6.68013 0.146115 0 2.66413 0 
2 1 0 9.15052 0.110584 42.4783 -0.955734 -6.68295 -0.955734 -6.68295 0.146418 0 2.65733 0 
2 1 0 9.15465 0.110584 42.4783 -0.955941 -6.68577 -0.955941 -6.68577 0.146725 0 2.65048 0 
2 1 0 9.15877 0.110584 42.4783 -0.956147 -6.68859 -0.956147 -6.68859 0.147037 0 2.64359 0 
2 1 0 9.16289 0.110584 42.4783 -0.956354 -6.69141 -0.956354 -6.69141 0.147352 0 2.63666 0 
2 1 0 9.16702 0.110584 42.4783 -0.956561 -6.69423 -0.956561 -6.69423 0.147672 0 2.62968 0 
2 1 0 9.17114 0.110584 42.4783 -0.956767 -6.69706 -0.956767 -6.69706 0.147996 0 2.62265 0 
2 1 0 9.17526 0.110584 42.4783 -0.956974 -6.69988 -0.956974 -6.69988 0.148325 0 2.61557 0 
2 1 0 9.17937 0.110584 42.4783 -0.95718 -6.70271 -0.95718 -6.70271 0.148658 0 2.60845 0 
2 1 0 9.18349 0.110584 42.4783 -0.957387 -6.70554 -0.957387 -6.70554 0.148995 0 2.60128 0 
2 1 0 9.18761 0.110584 42.4783 -0.957593 -6.70837 -0.957593 -6.70837 0.149338 0 2.59406 0 
2 1 0 9.19172 0.110584 42.4783 -0.9578 -6.7112 -0.9578 -6.7112 0.149685 0 2.58679 0 
2 1 0 9.19583 0.110584 42.4783 -0.958006 -6.71404 -0.958006 -6.71404 0.150037 0 2.57947 0 
2 1 0 9.19995 0.110584 42.4783 -0.958212 -6.71688 -0.958212 -6.71688 0.150394 0 2.5721 0 
2 1 0 9.20406 0.110584 42.4783 -0.958419 -6.71972 -0.958419 -6.71972 0.150757 0 2.56468 0 
2 1 0 9.20817 0.110584 42.4783 -0.958625 -6.72256 -0.958625 -6.72256 0.151124 0 2.5572 0 
2 1 0 9.21227 0.110584 42.4783 -0.958831 -6.7254 -0.958831 -6.7254 0.151497 0 2.54968 0 
2 1 0 9.21638 0.110584 42.4783 -0.959038 -6.72824 -0.959038 -6.72824 0.151875 0 2.54209 0 
2 1 0 9.22049 0.110584 42.4783 -0.959244 -6.73109 -0.959244 -6.73109 0.152259 0 2.53446 0 
2 1 0 9.22459 0.110584 42.4783 -0.95945 -6.73394 -0.95945 -6.73394 0.152649 0 2.52676 0 
2 1 0 9.22869 0.110584 42.4783 -0.959656 -6.73679 -0.959656 -6.73679 0.153044 0 2.51901 0 
2 1 0 9.23279 0.110584 42.4783 -0.959863 -6.73964 -0.959863 -6.73964 0.153446 0 2.51121 0 
2 1 0 9.23689 0.110584 42.4783 -0.960069 -6.7425 -0.960069 -6.7425 0.153854 0 2.50334 0 
2 1 0 9.24099 0.110584 42.4783 -0.960275 -6.74536 -0.960275 -6.74536 0.154267 0 2.49542 0 
2 1 0 9.24509 0.110584 42.4783 -0.960481 -6.74821 -0.960481 -6.74821 0.154688 0 2.48744 0 
2 1 0 9.24918 0.110584 42.4783 -0.960688 -6.75108 -0.960688 -6.75108 0.155115 0 2.47939 0 
2 1 0 9.25328 0.110584 42.4783 -0.960894 -6.75394 -0.960894 -6.75394 0.155548 0 2.47128 0 
2 1 0 9.25737 0.110584 42.4783 -0.9611 -6.75681 -0.9611 -6.75681 0.155989 0 2.46311 0 
2 1 0 9.26146 0.110584 42.4783 -0.961306 -6.75967 -0.961306 -6.75967 0.156436 0 2.45487 0 
2 1 0 9.26555 0.110584 42.4783 -0.961512 -6.76254 -0.961512 -6.76254 0.156891 0 2.44657 0 
2 1 0 9.26964 0.110584 42.4783 -0.961719 -6.76542 -0.961719 -6.76542 0.157354 0 2.4382 0 
2 1 0 9.27372 0.110584 42.4783 -0.961925 -6.76829 -0.961925 -6.76829 0.157824 0 2.42977 0 
2 1 0 9.2778 0.110584 42.4783 -0.962131 -6.77117 -0.962131 -6.77117 0.158302 0 2.42126 0 
2 1 0 9.28189 0.110584 42.4783 -0.962337 -6.77405 -0.962337 -6.77405 0.158787 0 2.41269 0 
2 1 0 9.28597 0.110584 42.4783 -0.962544 -6.77693 -0.962544 -6.77693 0.159282 0 2.40404 0 
2 1 0 9.29004 0.110584 42.4783 -0.96275 -6.77982 -0.96275 -6.77982 0.159784 0 2.39532 0 
2 1 0 9.29412 0.110584 42.4783 -0.962956 -6.78271 -0.962956 -6.78271 0.160296 0 2.38652 0 
2 1 0 9.2982 0.110584 42.4783 -0.963162 -6.7856 -0.963162 -6.7856 0.160816 0 2.37765 0 
2 1 0 9.30227 0.110584 42.4783 -0.963369 -6.78849 -0.963369 -6.78849 0.161346 0 2.3687 0 
2 1 0 9.30634 0.110584 42.4783 -0.963575 -6.79138 -0.963575 -6.79138 0.161885 0 2.35967 0 
2 1 0 9.31041 0.110584 42.4783 -0.963781 -6.79428 -0.963781 -6.79428 0.162434 0 2.35056 0 
2 1 0 9.31448 0.110584 42.4783 -0.963988 -6.79718 -0.963988 -6.79718 0.162993 0 2.34136 0 
2 1 0 9.31854 0.110584 42.4783 -0.964194 -6.80009 -0.964194 -6.80009 0.163562 0 2.33208 0 
2 1 0 9.3226 0.110584 42.4783 -0.964401 -6.803 -0.964401 -6.803 0.164142 0 2.32272 0 
2 1 0 9.32666 0.110584 42.4783 -0.964607 -6.80591 -0.964607 -6.80591 0.164733 0 2.31326 0 
2 1 0 9.33072 0.110584 42.4783 -0.964814 -6.80882 -0.964814 -6.80882 0.165336 0 2.30372 0 
2 1 0 9.33478 0.110584 42.4783 -0.96502 -6.81174 -0.96502 -6.81174 0.16595 0 2.29408 0 
2 1 0 9.33883 0.110584 42.4783 -0.965227 -6.81466 -0.965227 -6.81466 0.166577 0 2.28435 0 
2 1 0 9.34288 0.110584 42.4783 -0.965433 -6.81758 -0.965433 -6.81758 0.167216 0 2.27452 0 
2 1 0 9.34693 0.110584 42.4783 -0.96564 -6.82051 -0.96564 -6.82051 0.167868 0 2.2646 0 
2 1 0 9.35098 0.110584 42.4783 -0.965847 -6.82343 -0.965847 -6.82343 0.168533 0 2.25457 0 
2 1 0 9.35502 0.110584 42.4783 -0.966054 -6.82637 -0.966054 -6.82637 0.169212 0 2.24443 0 
2 1 0 9.35906 0.110584 42.4783 -0.96626 -6.8293 -0.96626 -6.8293 0.169906 0 2.23419 0 
2 1 0 9.3631 0.110584 42.4783 -0.966467 -6.83225 -0.966467 -6.83225 0.170614 0 2.22384 0 
2 1 0 9.36714 0.110584 42.4783 -0.966674 -6.83519 -0.966674 -6.83519 0.171338 0 2.21337 0 
2 1 0 9.37117 0.110584 42.4783 -0.966881 -6.83814 -0.966881 -6.83814 0.172078 0 2.20279 0 
2 1 0 9.3752 0.110584 42.4783 -0.967088 -6.84109 -0.967088 -6.84109 0.172835 0 2.19209 0 
2 1 0 9.37923 0.110584 42.4783 -0.967296 -6.84404 -0.967296 -6.84404 0.173609 0 2.18127 0 
2 1 0 9.38325 0.110584 42.4783 -0.967503 -6.847 -0.967503 -6.847 0.174401 0 2.17032 0 
2 1 0 9.38728 0.110584 42.4783 -0.96771 -6.84997 -0.96771 -6.84997 0.175211 0 2.15924 0 
2 1 0 9.39129 0.110584 42.4783 -0.967918 -6.85294 -0.967918 -6.85294 0.176041 0 2.14802 0 
2 1 0 9.39531 0.110584 42.4783 -0.968125 -6.85591 -0.968125 -6.85591 0.176891 0 2.13667 0 
2 1 0 9.39932 0.110584 42.4783 -0.968333 -6.85889 -0.968333 -6.85889 0.177763 0 2.12517 0 
2 1 0 9.40333 0.110584 42.4783 -0.96854 -6.86187 -0.96854 -6.86187 0.178656 0 2.11353 0 
2 1 0 9.40733 0.110584 42.4783 -0.968748 -6.86486 -0.968748 -6.86486 0.179572 0 2.10173 0 
2 1 0 9.41133 0.110584 42.4783 -0.968956 -6.86785 -0.968956 -6.86785 0.180513 0 2.08977 0 
2 1 0 9.41533 0.110584 42.4783 -0.969164 -6.87085 -0.969164 -6.87085 0.181478 0 2.07765 0 
2 1 0 9.41932 0.110584 42.4783 -0.969372 -6.87385 -0.969372 -6.87385 0.18247 0 2.06536 0 
2 1 0 9.42331 0.110584 42.4783 -0.969581 -6.87686 -0.969581 -6.87686 0.18349 0 2.0529 0 
2 1 0 9.42729 0.110584 42.4783 -0.969789 -6.87987 -0.969789 -6.87987 0.184539 0 2.04025 0 
2 1 0 9.43127 0.110584 42.4783 -0.969998 -6.88289 -0.969998 -6.88289 0.185618 0 2.02741 0 
2 1 0 9.43525 0.110584 42.4783 -0.970207 -6.88592 -0.970207 -6.88592 0.18673 0 2.01438 0 
2 1 0 9.43922 0.110584 42.4783 -0.970416 -6.88895 -0.970416 -6.88895 0.187875 0 2.00113 0 
2 1 0 9.44318 0.110584 42.4783 -0.970625 -6.89199 -0.970625 -6.89199 0.189056 0 1.98768 0 
2 1 0 9.44714 0.110584 42.4783 -0.970834 -6.89503 -0.970834 -6.89503 0.190275 0 1.974 0 
2 1 0 9.4511 0.110584 42.4783 -0.971044 -6.89809 -0.971044 -6.89809 0.191534 0 1.96008 0 
2 1 0 9.45505 0.110584 42.4783 -0.971253 -6.90115 -0.971253 -6.90115 0.192836 0 1.94593 0 
2 1 0 9.45899 0.110584 42.4783 -0.971463 -6.90421 -0.971463 -6.90421 0.194182 0 1.93151 0 
2 1 0 9.46293 0.110584 42.4783 -0.971674 -6.90729 -0.971674 -6.90729 0.195576 0 1.91682 0 
2 1 0 9.46686 0.110584 42.4783 -0.971884 -6.91037 -0.971884 -6.91037 0.197022 0 1.90185 0 
2 1 0 9.47078 0.110584 42.4783 -0.972095 -6.91347 -0.972095 -6.91347 0.198521 0 1.88658 0 
2 1 0 9.47469 0.110584 42.4783 -0.972306 -6.91657 -0.972306 -6.91657 0.20008 0 1.871 0 
2 1 0 9.4786 0.110584 42.4783 -0.972517 -6.91968 -0.972517 -6.91968 0.2017 0 1.85508 0 
2 1 0 9.4825 0.110584 42.4783 -0.972729 -6.9228 -0.972729 -6.9228 0.203389 0 1.83881 0 
2 1 0 9.48639 0.110584 42.4783 -0.972941 -6.92594 -0.972941 -6.92594 0.205149 0 1.82216 0 
2 1 0 9.49027 0.110584 42.4783 -0.973153 -6.92908 -0.973153 -6.92908 0.206989 0 1.80511 0 
2 1 0 9.49414 0.110584 42.4783 -0.973366 -6.93224 -0.973366 -6.93224 0.208913 0 1.78763 0 
2 1 0 9.49801 0.110584 42.4783 -0.97358 -6.93541 -0.97358 -6.93541 0.21093 0 1.7697 0 
2 1 0 9.50186 0.110584 42.4783 -0.973793 -6.93859 -0.973793 -6.93859 0.213049 0 1.75127 0 
2 1 0 9.50569 0.110584 42.4783 -0.974007 -6.94179 -0.974007 -6.94179 0.215279 0 1.73231 0 
2 1 0 9.50952 0.110584 42.4783 -0.974222 -6.945 -0.974222 -6.945 0.217632 0 1.71278 0 
2 1 0 9.51333 0.110584 42.4783 -0.974438 -6.94824 -0.974438 -6.94824 0.22012 0 1.69262 0 
2 1 0 9.51712 0.110584 42.4783 -0.974654 -6.95149 -0.974654 -6.95149 0.22276 0 1.67178 0 
2 1 0 9.5209 0.110584 42.4783 -0.97487 -6.95476 -0.97487 -6.95476 0.225569 0 1.65018 0 
2 1 0 9.52465 0.110584 42.4783 -0.975088 -6.95805 -0.975088 -6.95805 0.22857 0 1.62776 0 
2 1 0 9.52839 0.110584 42.4783 -0.975306 -6.96136 -0.975306 -6.96136 0.231788 0 1.60442 0 
2 1 0 9.5321 0.110584 42.4783 -0.975525 -6.9647 -0.975525 -6.9647 0.235255 0 1.58004 0 
2 1 0 9.53579 0.110584 42.4783 -0.975746 -6.96808 -0.975746 -6.96808 0.239011 0 1.55449 0 
2 1 0 9.53944 0.110584 42.4783 -0.975967 -6.97148 -0.975967 -6.97148 0.243106 0 1.52761 0 
2 1 0 9.54306 0.110584 42.4783 -0.97619 -6.97492 -0.97619 -6.97492 0.247604 0 1.49917 0 
2 1 0 9.54664 0.110584 42.4783 -0.976414 -6.97841 -0.976414 -6.97841 0.252588 0 1.46892 0 
2 1 0 9.55016 0.110584 42.4783 -0.976641 -6.98195 -0.976641 -6.98195 0.258173 0 1.4365 0 
2 1 0 9.55363 0.110584 42.4783 -0.976869 -6.98555 -0.976869 -6.98555 0.264518 0 1.40142 0 
2 1 0 9.55701 0.110584 42.4783 -0.9771 -6.98922 -0.9771 -6.98922 0.271854 0 1.36301 0 
2 1 0 9.56029 0.110584 42.4783 -0.977334 -6.99299 -0.977334 -6.99299 0.280542 0 1.32023 0 
2 1 0 9.56343 0.110584 42.4783 -0.977573 -6.99688 -0.977573 -6.99688 0.291183 0 1.27146 0 
2 1 0 9.56634 0.110584 42.4783 -0.977816 -7.00093 -0.977816 -7.00093 0.304898 0 1.21378 0 
2 1 0 9.56887 0.110584 42.4783 -0.978067 -7.00524 -0.978067 -7.00524 0.324176 0 1.14118 0 
2 1 0 9.57053 0.110584 42.4783 -0.978326 -7.00995 -0.978326 -7.00995 0.356454 0 1.03755 0 
2 1 0 9.57064 0.110584 42.4783 -0.978394 -7.01127 -0.978394 -7.01127 0.369822 0 1 0 
1 1 0 9.56815 0.110584 42.4783 -0.978577 -7.0156 -0.978577 -7.0156 0.470269 0 0.786529 0 
1 1 0 9.5633 0.110584 24.2273 -0.978571 -7.01682 -0.978571 -7.01682 0.587979 0.156001 0.587979 -0.156001 
1 1 0 9.55831 0.110584 15.5255 -0.978497 -7.01673 -0.978497 -7.01673 0.559327 0.239586 0.559327 -0.239586 
1 1 0 9.55335 0.110584 12.7598 -0.978395 -7.01608 -0.978395 -7.01608 0.53633 0.287741 0.53633 -0.287741 
1 1 0 9.54845 0.110584 11.2744 -0.978278 -7.01511 -0.978278 -7.01511 0.516684 0.321993 0.516684 -0.321993 
1 1 0 9.54359 0.110584 10.308 -0.978151 -7.01393 -0.978151 -7.01393 0.499297 0.348628 0.499297 -0.348628 
1 1 0 9.53877 0.110584 9.61203 -0.978017 -7.01261 -0.978017 -7.01261 0.483557 0.370417 0.483557 -0.370417 
1 1 0 9.53398 0.110584 9.07804 -0.977877 -7.01117 -0.977877 -7.01117 0.469085 0.388836 0.469085 -0.388836 
1 1 0 9.52922 0.110584 8.65029 -0.977734 -7.00965 -0.977734 -7.00965 0.455626 0.404767 0.455626 -0.404767 
1 1 0 9.52448 0.110584 8.29678 -0.977586 -7.00805 -0.977586 -7.00805 0.443 0.418782 0.443 -0.418782 
1 1 0 9.51977 0.110584 7.99763 -0.977436 -7.0064 -0.977436 -7.0064 0.431075 0.431275 0.431075 -0.431275 
1 1 0 9.51507 0.110584 7.73975 -0.977284 -7.00469 -0.977284 -7.00469 0.41975 0.442527 0.41975 -0.442527 
1 1 0 9.51039 0.110584 7.51411 -0.977129 -7.00294 -0.977129 -7.00294 0.408946 0.452746 0.408946 -0.452746 
1 1 0 9.50573 0.110584 7.31425 -0.976973 -7.00115 -0.976973 -7.00115 0.398601 0.462093 0.398601 -0.462093 
1 1 0 9.50107 0.110584 7.13541 -0.976815 -6.99932 -0.976815 -6.99932 0.388662 0.470691 0.388662 -0.470691 
1 1 0 9.49643 0.110584 6.97399 -0.976655 -6.99747 -0.976655 -6.99747 0.379088 0.47864 0.379088 -0.47864 
1 1 0 9.4918 0.110584 6.82721 -0.976494 -6.99558 -0.976494 -6.99558 0.369843 0.48602 0.369843 -0.48602 
1 1 0 9.48719 0.110584 6.69287 -0.976332 -6.99368 -0.976332 -6.99368 0.360898 0.492897 0.360898 -0.492897 
1 1 0 9.48258 0.110584 6.56924 -0.976169 -6.99174 -0.976169 -6.99174 0.352225 0.499327 0.352225 -0.499327 
1 1 0 9.47798 0.110584 6.45488 -0.976004 -6.98979 -0.976004 -6.98979 0.343804 0.505356 0.343804 -0.505356 
1 1 0 9.47338 0.110584 6.34864 -0.975839 -6.98782 -0.975839 -6.98782 0.335615 0.511022 0.335615 -0.511022 
1 1 0 9.4688 0.110584 6.24955 -0.975673 -6.98583 -0.975673 -6.98583 0.32764 0.51636 0.32764 -0.51636 
1 1 0 9.46422 0.110584 6.1568 -0.975506 -6.98383 -0.975506 -6.98383 0.319865 0.521399 0.319865 -0.521399 
1 1 0 9.45965 0.110584 6.0697 -0.975338 -6.98181 -0.975338 -6.98181 0.312277 0.526165 0.312277 -0.526165 
1 1 0 9.45509 0.110584 5.98767 -0.975169 -6.97978 -0.975169 -6.97978 0.304863 0.530678 0.304863 -0.530678 
1 1 0 9.45053 0.110584 5.91021 -0.975 -6.97773 -0.975 -6.97773 0.297614 0.53496 0.297614 -0.53496 
1 1 0 9.44597 0.110584 5.83689 -0.97483 -6.97567 -0.97483 -6.97567 0.290519 0.539027 0.290519 -0.539027 
1 1 0 9.44143 0.110584 5.76732 -0.974659 -6.97359 -0.974659 -6.97359 0.283569 0.542895 0.283569 -0.542895 
1 1 0 9.43689 0.110584 5.70118 -0.974488 -6.97151 -0.974488 -6.97151 0.276757 0.546577 0.276757 -0.546577 
1 1 0 9.43235 0.110584 5.63819 -0.974316 -6.96942 -0.974316 -6.96942 0.270076 0.550086 0.270076 -0.550086 
1 1 0 9.42782 0.110584 5.57808 -0.974143 -6.96731 -0.974143 -6.96731 0.26352 0.553433 0.26352 -0.553433 
1 1 0 9.42329 0.110584 5.52063 -0.97397 -6.9652 -0.97397 -6.9652 0.257081 0.556628 0.257081 -0.556628 
1 1 0 9.41876 0.110584 5.46563 -0.973797 -6.96308 -0.973797 -6.96308 0.250754 0.559681 0.250754 -0.559681 
1 1 0 9.41425 0.110584 5.41291 -0.973623 -6.96094 -0.973623 -6.96094 0.244535 0.562599 0.244535 -0.562599 
1 1 0 9.40973 0.110584 5.3623 -0.973448 -6.95881 -0.973448 -6.95881 0.238419 0.56539 0.238419 -0.56539 
1 1 0 9.40522 0.110584 5.31365 -0.973273 -6.95666 -0.973273 -6.95666 0.2324 0.568062 0.2324 -0.568062 
1 1 0 9.40071 0.110584 5.26684 -0.973098 -6.9545 -0.973098 -6.9545 0.226476 0.57062 0.226476 -0.57062 
1 1 0 9.3962 0.110584 5.22175 -0.972922 -6.95234 -0.972922 -6.95234 0.220642 0.573071 0.220642 -0.573071 
1 1 0 9.3917 0.110584 5.17826 -0.972746 -6.95017 -0.972746 -6.95017 0.214895 0.57542 0.214895 -0.57542 
1 1 0 9.38721 0.110584 5.13628 -0.972569 -6.94799 -0.972569 -6.94799 0.209232 0.577672 0.209232 -0.577672 
1 1 0 9.38271 0.110584 5.09571 -0.972392 -6.94581 -0.972392 -6.94581 0.203649 0.579832 0.203649 -0.579832 
1 1 0 9.37822 0.110584 5.05648 -0.972214 -6.94362 -0.972214 -6.94362 0.198144 0.581904 0.198144 -0.581904 
1 1 0 9.37373 0.110584 5.0185 -0.972036 -6.94143 -0.972036 -6.94143 0.192713 0.583891 0.192713 -0.583891 
1 1 0 9.36924 0.110584 4.98171 -0.971858 -6.93923 -0.971858 -6.93923 0.187354 0.585799 0.187354 -0.585799 
1 1 0 9.36476 0.110584 4.94605 -0.97168 -6.93702 -0.97168 -6.93702 0.182066 0.58763 0.182066 -0.58763 
1 1 0 9.36028 0.110584 4.91144 -0.971501 -6.93481 -0.971501 -6.93481 0.176845 0.589388 0.176845 -0.589388 
1 1 0 9.3558 0.110584 4.87785 -0.971321 -6.93259 -0.971321 -6.93259 0.171689 0.591075 0.171689 -0.591075 
1 1 0 9.35133 0.110584 4.84521 -0.971142 -6.93037 -0.971142 -6.93037 0.166596 0.592695 0.166596 -0.592695 
1 1 0 9.34685 0.110584 4.81347 -0.970962 -6.92814 -0.970962 -6.92814 0.161565 0.59425 0.161565 -0.59425 
1 1 0 9.34238 0.110584 4.78261 -0.970781 -6.92591 -0.970781 -6.92591 0.156593 0.595743 0.156593 -0.595743 
1 1 0 9.33791 0.110584 4.75257 -0.970601 -6.92368 -0.970601 -6.92368 0.15168 0.597176 0.15168 -0.597176 
1 1 0 9.33345 0.110584 4.72331 -0.97042 -6.92144 -0.97042 -6.92144 0.146822 0.598551 0.146822 -0.598551 
1 1 0 9.32898 0.110584 4.69481 -0.970239 -6.91919 -0.970239 -6.91919 0.142019 0.599872 0.142019 -0.599872 
1 1 0 9.32452 0.110584 4.66701 -0.970057 -6.91694 -0.970057 -6.91694 0.137269 0.601138 0.137269 -0.601138 
1 1 0 9.32006 0.110584 4.63991 -0.969875 -6.91469 -0.969875 -6.91469 0.132571 0.602354 0.132571 -0.602354 
1 1 0 9.3156 0.110584 4.61346 -0.969693 -6.91243 -0.969693 -6.91243 0.127924 0.603519 0.127924 -0.603519 
1 1 0 9.31115 0.110584 4.58764 -0.969511 -6.91017 -0.969511 -6.91017 0.123325 0.604637 0.123325 -0.604637 
1 1 0 9.30669 0.110584 4.56241 -0.969328 -6.90791 -0.969328 -6.90791 0.118774 0.605709 0.118774 -0.605709 
1 1 0 9.30224 0.110584 4.53777 -0.969145 -6.90564 -0.969145 -6.90564 0.11427 0.606735 0.11427 -0.606735 
1 1 0 9.29779 0.110584 4.51368 -0.968962 -6.90337 -0.968962 -6.90337 0.109811 0.607718 0.109811 -0.607718 
1 1 0 9.29334 0.110584 4.49012 -0.968779 -6.90109 -0.968779 -6.90109 0.105397 0.60866 0.105397 -0.60866 
1 1 0 9.2889 0.110584 4.46708 -0.968595 -6.89881 -0.968595 -6.89881 0.101026 0.609561 0.101026 -0.609561 
1 1 0 9.28445 0.110584 4.44452 -0.968411 -6.89653 -0.968411 -6.89653 0.0966971 0.610422 0.0966971 -0.610422 
1 1 0 9.28001 0.110584 4.42244 -0.968227 -6.89424 -0.968227 -6.89424 0.0924099 0.611245 0.0924099 -0.611245 
1 1 0 9.27557 0.110584 4.40082 -0.968042 -6.89196 -0.968042 -6.89196 0.0881632 0.612032 0.0881632 -0.612032 
1 1 0 9.27113 0.110584 4.37964 -0.967857 -6.88966 -0.967857 -6.88966 0.0839561 0.612782 0.0839561 -0.612782 
1 1 0 9.26669 0.110584 4.35888 -0.967672 -6.88737 -0.967672 -6.88737 0.0797879 0.613498 0.0797879 -0.613498 
1 1 0 9.26225 0.110584 4.33853 -0.967487 -6.88507 -0.967487 -6.88507 0.0756577 0.61418 0.0756577 -0.61418 
1 1 0 9.25781 0.110584 4.31858 -0.967302 -6.88277 -0.967302 -6.88277 0.0715646 0.614829 0.0715646 -0.614829 
1 1 0 9.25338 0.110584 4.29901 -0.967116 -6.88047 -0.967116 -6.88047 0.0675079 0.615447 0.0675079 -0.615447 
1 1 0 9.24895 0.110584 4.2798 -0.96693 -6.87816 -0.96693 -6.87816 0.063487 0.616033 0.063487 -0.616033 
1 1 0 9.24452 0.110584 4.26096 -0.966744 -6.87585 -0.966744 -6.87585 0.059501 0.616589 0.059501 -0.616589 
1 1 0 9.24009 0.110584 4.24246 -0.966558 -6.87354 -0.966558 -6.87354 0.0555494 0.617116 0.0555494 -0.617116 
1 1 0 9.23566 0.110584 4.2243 -0.966371 -6.87123 -0.966371 -6.87123 0.0516314 0.617615 0.0516314 -0.617615 
1 1 0 9.23123 0.110584 4.20646 -0.966184 -6.86891 -0.966184 -6.86891 0.0477464 0.618085 0.0477464 -0.618085 
1 1 0 9.2268 0.110584 4.18893 -0.965997 -6.86659 -0.965997 -6.86659 0.0438939 0.618529 0.0438939 -0.618529 
1 1 0 9.22238 0.110584 4.17171 -0.96581 -6.86427 -0.96581 -6.86427 0.0400733 0.618946 0.0400733 -0.618946 
1 1 0 9.21796 0.110584 4.15478 -0.965622 -6.86195 -0.965622 -6.86195 0.0362839 0.619338 0.0362839 -0.619338 
1 1 0 9.21354 0.110584 4.13814 -0.965435 -6.85962 -0.965435 -6.85962 0.0325253 0.619705 0.0325253 -0.619705 
1 1 0 9.20911 0.110584 4.12178 -0.965247 -6.85729 -0.965247 -6.85729 0.0287969 0.620047 0.0287969 -0.620047 
1 1 0 9.20469 0.110584 4.10569 -0.965058 -6.85496 -0.965058 -6.85496 0.025098 0.620365 0.025098 -0.620365 
1 1 0 9.20028 0.110584 4.08986 -0.96487 -6.85263 -0.96487 -6.85263 0.0214284 0.620661 0.0214284 -0.620661 
1 1 0 9.19586 0.110584 4.07428 -0.964682 -6.8503 -0.964682 -6.8503 0.0177876 0.620933 0.0177876 -0.620933 
1 1 0 9.19144 0.110584 4.05895 -0.964493 -6.84796 -0.964493 -6.84796 0.0141749 0.621184 0.0141749 -0.621184 
1 1 0 9.18703 0.110584 4.04387 -0.964304 -6.84562 -0.964304 -6.84562 0.01059 0.621413 0.01059 -0.621413 
1 1 0 9.18261 0.110584 4.02902 -0.964115 -6.84328 -0.964115 -6.84328 0.00703246 0.621621 0.00703246 -0.621621 
1 1 0 9.1782 0.110584 4.01439 -0.963925 -6.84093 -0.963925 -6.84093 0.00350175 0.621809 0.00350175 -0.621809 
1 1 0 9.17379 0.110584 3.99999 -0.963736 -6.83859 -0.963736 -6.83859 -2.40766e-06 0.621976 -2.40766e-06 -0.621976 
1 1 0 9.16938 0.110584 3.9858 -0.963546 -6.83624 -0.963546 -6.83624 -0.00348052 0.622124 -0.00348052 -0.622124 
1 1 0 9.16497 0.110584 3.97183 -0.963356 -6.83389 -0.963356 -6.83389 -0.0069328 0.622253 -0.0069328 -0.622253 
1 1 0 9.16056 0.110584 3.95806 -0.963166 -6.83154 -0.963166 -6.83154 -0.0103599 0.622363 -0.0103599 -0.622363 
1 1 0 9.15615 0.110584 3.94449 -0.962975 -6.82919 -0.962975 -6.82919 -0.013762 0.622454 -0.013762 -0.622454 
1 1 0 9.15175 0.110584 3.93111 -0.962785 -6.82683 -0.962785 -6.82683 -0.0171395 0.622528 -0.0171395 -0.622528 
1 1 0 9.14734 0.110584 3.91793 -0.962594 -6.82448 -0.962594 -6.82448 -0.0204928 0.622584 -0.0204928 -0.622584 
1 1 0 9.14294 0.110584 3.90493 -0.962403 -6.82212 -0.962403 -6.82212 -0.0238223 0.622623 -0.0238223 -0.622623 
1 1 0 9.13853 0.110584 3.89211 -0.962212 -6.81976 -0.962212 -6.81976 -0.0271279 0.622646 -0.0271279 -0.622646 
1 1 0 9.13413 0.110584 3.87947 -0.962021 -6.8174 -0.962021 -6.8174 -0.0304106 0.622652 -0.0304106 -0.622652 
1 1 0 9.12973 0.110584 3.867 -0.961829 -6.81503 -0.961829 -6.81503 -0.0336701 0.622642 -0.0336701 -0.622642 
1 1 0 9.12533 0.110584 3.8547 -0.961637 -6.81267 -0.961637 -6.81267 -0.0369072 0.622616 -0.0369072 -0.622616 
1 1 0 9.12093 0.110584 3.84257 -0.961445 -6.8103 -0.961445 -6.8103 -0.0401217 0.622575 -0.0401217 -0.622575 
1 1 0 9.11653 0.110584 3.8306 -0.961253 -6.80793 -0.961253 -6.80793 -0.0433143 0.622519 -0.0433143 -0.622519 
1 1 0 9.11213 0.110584 3.81878 -0.961061 -6.80556 -0.961061 -6.80556 -0.0464852 0.622448 -0.0464852 -0.622448 
1 1 0 9.10773 0.110584 3.80712 -0.960869 -6.80319 -0.960869 -6.80319 -0.0496344 0.622363 -0.0496344 -0.622363 
1 1 0 9.10334 0.110584 3.7956 -0.960676 -6.80081 -0.960676 -6.80081 -0.0527625 0.622264 -0.0527625 -0.622264 
1 1 0 9.09894 0.110584 3.78424 -0.960483 -6.79844 -0.960483 -6.79844 -0.0558696 0.622151 -0.0558696 -0.622151 
1 1 0 9.09455 0.110584 3.77302 -0.96029 -6.79606 -0.96029 -6.79606 -0.058956 0.622024 -0.058956 -0.622024 
1 1 0 9.09015 0.110584 3.76194 -0.960097 -6.79368 -0.960097 -6.79368 -0.062022 0.621884 -0.062022 -0.621884 
1 1 0 9.08576 0.110584 3.75099 -0.959904 -6.7913 -0.959904 -6.7913 -0.0650676 0.621731 -0.0650676 -0.621731 
1 1 0 9.08137 0.110584 3.74019 -0.95971 -6.78892 -0.95971 -6.78892 -0.0680933 0.621565 -0.0680933 -0.621565 
1 1 0 9.07697 0.110584 3.72951 -0.959517 -6.78654 -0.959517 -6.78654 -0.0710992 0.621387 -0.0710992 -0.621387 
1 1 0 9.07258 0.110584 3.71896 -0.959323 -6.78416 -0.959323 -6.78416 -0.0740856 0.621197 -0.0740856 -0.621197 
1 1 0 9.06819 0.110584 3.70855 -0.959129 -6.78177 -0.959129 -6.78177 -0.0770527 0.620995 -0.0770527 -0.620995 
1 1 0 9.0638 0.110584 3.69825 -0.958934 -6.77939 -0.958934 -6.77939 -0.0800008 0.62078 -0.0800008 -0.62078 
1 1 0 9.05942 0.110584 3.68808 -0.95874 -6.777 -0.95874 -6.777 -0.0829298 0.620555 -0.0829298 -0.620555 
1 1 0 9.05503 0.110584 3.67802 -0.958545 -6.77461 -0.958545 -6.77461 -0.0858403 0.620318 -0.0858403 -0.620318 
1 1 0 9.05064 0.110584 3.66809 -0.958351 -6.77222 -0.958351 -6.77222 -0.0887321 0.62007 -0.0887321 -0.62007 
1 1 0 9.04625 0.110584 3.65827 -0.958156 -6.76983 -0.958156 -6.76983 -0.0916058 0.619811 -0.0916058 -0.619811 
1 1 0 9.04187 0.110584 3.64856 -0.957961 -6.76743 -0.957961 -6.76743 -0.0944612 0.619541 -0.0944612 -0.619541 
1 1 0 9.03748 0.110584 3.63896 -0.957766 -6.76504 -0.957766 -6.76504 -0.0972988 0.619262 -0.0972988 -0.619262 
1 1 0 9.0331 0.110584 3.62947 -0.95757 -6.76264 -0.95757 -6.76264 -0.100119 0.618971 -0.100119 -0.618971 
1 1 0 9.02872 0.110584 3.62009 -0.957375 -6.76024 -0.957375 -6.76024 -0.102921 0.618671 -0.102921 -0.618671 
1 1 0 9.02433 0.110584 3.61081 -0.957179 -6.75785 -0.957179 -6.75785 -0.105706 0.618361 -0.105706 -0.618361 
1 1 0 9.01995 0.110584 3.60163 -0.956983 -6.75545 -0.956983 -6.75545 -0.108474 0.618042 -0.108474 -0.618042 
1 1 0 9.01557 0.110584 3.59256 -0.956787 -6.75304 -0.956787 -6.75304 -0.111224 0.617712 -0.111224 -0.617712 
1 1 0 9.01119 0.110584 3.58358 -0.956591 -6.75064 -0.956591 -6.75064 -0.113958 0.617374 -0.113958 -0.617374 
1 1 0 9.00681 0.110584 3.5747 -0.956394 -6.74824 -0.956394 -6.74824 -0.116675 0.617027 -0.116675 -0.617027 
1 1 0 9.00243 0.110584 3.56591 -0.956198 -6.74584 -0.956198 -6.74584 -0.119376 0.61667 -0.119376 -0.61667 
1 1 0 8.99805 0.110584 3.55722 -0.956001 -6.74343 -0.956001 -6.74343 -0.12206 0.616305 -0.12206 -0.616305 
1 1 0 8.99367 0.110584 3.54863 -0.955804 -6.74102 -0.955804 -6.74102 -0.124728 0.615931 -0.124728 -0.615931 
1 1 0 8.9893 0.110584 3.54012 -0.955607 -6.73861 -0.955607 -6.73861 -0.127379 0.615549 -0.127379 -0.615549 
1 1 0 8.98492 0.110584 3.5317 -0.95541 -6.73621 -0.95541 -6.73621 -0.130015 0.615159 -0.130015 -0.615159 
1 1 0 8.98054 0.110584 3.52337 -0.955212 -6.7338 -0.955212 -6.7338 -0.132635 0.61476 -0.132635 -0.61476 
1 1 0 8.97617 0.110584 3.51512 -0.955015 -6.73138 -0.955015 -6.73138 -0.135239 0.614354 -0.135239 -0.614354 
1 1 0 8.97179 0.110584 3.50696 -0.954817 -6.72897 -0.954817 -6.72897 -0.137828 0.61394 -0.137828 -0.61394 
1 1 0 8.96742 0.110584 3.49888 -0.954619 -6.72656 -0.954619 -6.72656 -0.140401 0.613518 -0.140401 -0.613518 
1 1 0 8.96304 0.110584 3.49089 -0.954421 -6.72414 -0.954421 -6.72414 -0.142959 0.613089 -0.142959 -0.613089 
1 1 0 8.95867 0.110584 3.48297 -0.954223 -6.72173 -0.954223 -6.72173 -0.145502 0.612652 -0.145502 -0.612652 
1 1 0 8.9543 0.110584 3.47514 -0.954024 -6.71931 -0.954024 -6.71931 -0.14803 0.612208 -0.14803 -0.612208 
1 1 0 8.94992 0.110584 3.46738 -0.953826 -6.71689 -0.953826 -6.71689 -0.150543 0.611757 -0.150543 -0.611757 
1 1 0 8.94555 0.110584 3.4597 -0.953627 -6.71448 -0.953627 -6.71448 -0.153041 0.611299 -0.153041 -0.611299 
1 1 0 8.94118 0.110584 3.45209 -0.953428 -6.71206 -0.953428 -6.71206 -0.155524 0.610835 -0.155524 -0.610835 
1 1 0 8.93681 0.110584 3.44456 -0.953229 -6.70964 -0.953229 -6.70964 -0.157993 0.610364 -0.157993 -0.610364 
1 1 0 8.93244 0.110584 3.43711 -0.95303 -6.70721 -0.95303 -6.70721 -0.160447 0.609886 -0.160447 -0.609886 
1 1 0 8.92807 0.110584 3.42972 -0.952831 -6.70479 -0.952831 -6.70479 -0.162887 0.609402 -0.162887 -0.609402 
1 1 0 8.9237 0.110584 3.42241 -0.952632 -6.70237 -0.952632 -6.70237 -0.165313 0.608911 -0.165313 -0.608911 
1 1 0 8.91934 0.110584 3.41516 -0.952432 -6.69994 -0.952432 -6.69994 -0.167725 0.608415 -0.167725 -0.608415 
1 1 0 8.91497 0.110584 3.40799 -0.952232 -6.69752 -0.952232 -6.69752 -0.170123 0.607912 -0.170123 -0.607912 
1 1 0 8.9106 0.110584 3.40088 -0.952032 -6.69509 -0.952032 -6.69509 -0.172506 0.607404 -0.172506 -0.607404 
1 1 0 8.90623 0.110584 3.39384 -0.951832 -6.69266 -0.951832 -6.69266 -0.174876 0.606889 -0.174876 -0.606889 
1 1 0 8.90187 0.110584 3.38687 -0.951632 -6.69023 -0.951632 -6.69023 -0.177232 0.60637 -0.177232 -0.60637 
1 1 0 8.8975 0.110584 3.37996 -0.951432 -6.68781 -0.951432 -6.68781 -0.179575 0.605844 -0.179575 -0.605844 
1 1 0 8.89314 0.110584 3.37312 -0.951231 -6.68538 -0.951231 -6.68538 -0.181904 0.605313 -0.181904 -0.605313 
1 1 0 8.88877 0.110584 3.36634 -0.95103 -6.68294 -0.95103 -6.68294 -0.18422 0.604777 -0.18422 -0.604777 
1 1 0 8.88441 0.110584 3.35962 -0.950829 -6.68051 -0.950829 -6.68051 -0.186522 0.604236 -0.186522 -0.604236 
1 1 0 8.88004 0.110584 3.35296 -0.950628 -6.67808 -0.950628 -6.67808 -0.188811 0.60369 -0.188811 -0.60369 
1 1 0 8.87568 0.110584 3.34637 -0.950427 -6.67565 -0.950427 -6.67565 -0.191087 0.603138 -0.191087 -0.603138 
1 1 0 8.87132 0.110584 3.33983 -0.950226 -6.67321 -0.950226 -6.67321 -0.19335 0.602582 -0.19335 -0.602582 
1 1 0 8.86696 0.110584 3.33336 -0.950024 -6.67078 -0.950024 -6.67078 -0.1956 0.602021 -0.1956 -0.602021 
1 1 0 8.8626 0.110584 3.32694 -0.949823 -6.66834 -0.949823 -6.66834 -0.197837 0.601456 -0.197837 -0.601456 
1 1 0 8.85823 0.110584 3.32058 -0.949621 -6.6659 -0.949621 -6.6659 -0.200061 0.600885 -0.200061 -0.600885 
1 1 0 8.85387 0.110584 3.31427 -0.949419 -6.66346 -0.949419 -6.66346 -0.202272 0.600311 -0.202272 -0.600311 
1 1 0 8.84951 0.110584 3.30803 -0.949217 -6.66102 -0.949217 -6.66102 -0.204471 0.599732 -0.204471 -0.599732 
1 1 0 8.84515 0.110584 3.30184 -0.949015 -6.65858 -0.949015 -6.65858 -0.206657 0.599149 -0.206657 -0.599149 
1 1 0 8.84079 0.110584 3.2957 -0.948812 -6.65614 -0.948812 -6.65614 -0.208831 0.598561 -0.208831 -0.598561 
1 1 0 8.83644 0.110584 3.28962 -0.94861 -6.6537 -0.94861 -6.6537 -0.210992 0.59797 -0.210992 -0.59797 
1 1 0 8.83208 0.110584 3.28359 -0.948407 -6.65126 -0.948407 -6.65126 -0.213141 0.597375 -0.213141 -0.597375 
1 1 0 8.82772 0.110584 3.27761 -0.948204 -6.64882 -0.948204 -6.64882 -0.215278 0.596775 -0.215278 -0.596775 
1 1 0 8.82336 0.110584 3.27168 -0.948001 -6.64637 -0.948001 -6.64637 -0.217402 0.596172 -0.217402 -0.596172 
1 1 0 8.81901 0.110584 3.26581 -0.947798 -6.64393 -0.947798 -6.64393 -0.219515 0.595566 -0.219515 -0.595566 
1 1 0 8.81465 0.110584 3.25999 -0.947595 -6.64148 -0.947595 -6.64148 -0.221615 0.594956 -0.221615 -0.594956 
1 1 0 8.81029 0.110584 3.25422 -0.947392 -6.63904 -0.947392 -6.63904 -0.223703 0.594342 -0.223703 -0.594342 
1 1 0 8.80594 0.110584 3.24849 -0.947188 -6.63659 -0.947188 -6.63659 -0.22578 0.593725 -0.22578 -0.593725 
1 1 0 8.80158 0.110584 3.24282 -0.946984 -6.63414 -0.946984 -6.63414 -0.227844 0.593104 -0.227844 -0.593104 
1 1 0 8.79723 0.110584 3.23719 -0.94678 -6.63169 -0.94678 -6.63169 -0.229897 0.592481 -0.229897 -0.592481 
1 1 0 8.79287 0.110584 3.23162 -0.946576 -6.62924 -0.946576 -6.62924 -0.231938 0.591854 -0.231938 -0.591854 
1 1 0 8.78852 0.110584 3.22609 -0.946372 -6.62679 -0.946372 -6.62679 -0.233967 0.591224 -0.233967 -0.591224 
1 1 0 8.78417 0.110584 3.2206 -0.946168 -6.62434 -0.946168 -6.62434 -0.235985 0.590591 -0.235985 -0.590591 
1 1 0 8.77981 0.110584 3.21516 -0.945963 -6.62189 -0.945963 -6.62189 -0.237991 0.589956 -0.237991 -0.589956 
1 1 0 8.77546 0.110584 3.20977 -0.945759 -6.61944 -0.945759 -6.61944 -0.239985 0.589317 -0.239985 -0.589317 
1 1 0 8.77111 0.110584 3.20443 -0.945554 -6.61699 -0.945554 -6.61699 -0.241969 0.588676 -0.241969 -0.588676 
1 1 0 8.76676 0.110584 3.19913 -0.945349 -6.61453 -0.945349 -6.61453 -0.24394 0.588032 -0.24394 -0.588032 
1 1 0 8.76241 0.110584 3.19387 -0.945144 -6.61208 -0.945144 -6.61208 -0.245901 0.587386 -0.245901 -0.587386 
1 1 0 8.75806 0.110584 3.18866 -0.944939 -6.60962 -0.944939 -6.60962 -0.24785 0.586737 -0.24785 -0.586737 
1 1 0 8.7537 0.110584 3.18349 -0.944734 -6.60717 -0.944734 -6.60717 -0.249788 0.586086 -0.249788 -0.586086 
1 1 0 8.74935 0.110584 3.17836 -0.944528 -6.60471 -0.944528 -6.60471 -0.251715 0.585433 -0.251715 -0.585433 
1 1 0 8.74501 0.110584 3.17328 -0.944322 -6.60225 -0.944322 -6.60225 -0.253631 0.584777 -0.253631 -0.584777 
1 1 0 8.74066 0.110584 3.16823 -0.944117 -6.5998 -0.944117 -6.5998 -0.255536 0.584119 -0.255536 -0.584119 
1 1 0 8.73631 0.110584 3.16323 -0.943911 -6.59734 -0.943911 -6.59734 -0.257429 0.583459 -0.257429 -0.583459 
1 1 0 8.73196 0.110584 3.15827 -0.943705 -6.59488 -0.943705 -6.59488 -0.259312 0.582797 -0.259312 -0.582797 
1 1 0 8.72761 0.110584 3.15335 -0.943498 -6.59242 -0.943498 -6.59242 -0.261184 0.582134 -0.261184 -0.582134 
1 1 0 8.72326 0.110584 3.14847 -0.943292 -6.58996 -0.943292 -6.58996 -0.263045 0.581468 -0.263045 -0.581468 
1 1 0 8.71892 0.110584 3.14364 -0.943086 -6.5875 -0.943086 -6.5875 -0.264895 0.580801 -0.264895 -0.580801 
1 1 0 8.71457 0.110584 3.13884 -0.942879 -6.58503 -0.942879 -6.58503 -0.266735 0.580132 -0.266735 -0.580132 
1 1 0 8.71022 0.110584 3.13408 -0.942672 -6.58257 -0.942672 -6.58257 -0.268564 0.579461 -0.268564 -0.579461 
1 1 0 8.70588 0.110584 3.12935 -0.942465 -6.58011 -0.942465 -6.58011 -0.270382 0.578789 -0.270382 -0.578789 
1 1 0 8.70153 0.110584 3.12467 -0.942258 -6.57764 -0.942258 -6.57764 -0.27219 0.578115 -0.27219 -0.578115 
1 1 0 8.69718 0.110584 3.12003 -0.942051 -6.57518 -0.942051 -6.57518 -0.273986 0.57744 -0.273986 -0.57744 
1 1 0 8.69284 0.110584 3.11542 -0.941843 -6.57271 -0.941843 -6.57271 -0.275773 0.576764 -0.275773 -0.576764 
1 1 0 8.6885 0.110584 3.11085 -0.941636 -6.57025 -0.941636 -6.57025 -0.277549 0.576086 -0.277549 -0.576086 
1 1 0 8.68415 0.110584 3.10632 -0.941428 -6.56778 -0.941428 -6.56778 -0.279314 0.575408 -0.279314 -0.575408 
1 1 0 8.67981 0.110584 3.10182 -0.94122 -6.56531 -0.94122 -6.56531 -0.28107 0.574728 -0.28107 -0.574728 
1 1 0 8.67546 0.110584 3.09736 -0.941012 -6.56285 -0.941012 -6.56285 -0.282814 0.574047 -0.282814 -0.574047 
1 1 0 8.67112 0.110584 3.09294 -0.940804 -6.56038 -0.940804 -6.56038 -0.284549 0.573365 -0.284549 -0.573365 
1 1 0 8.66678 0.110584 3.08855 -0.940596 -6.55791 -0.940596 -6.55791 -0.286273 0.572683 -0.286273 -0.572683 
1 1 0 8.66243 0.110584 3.0842 -0.940388 -6.55544 -0.940388 -6.55544 -0.287987 0.571999 -0.287987 -0.571999 
1 1 0 8.65809 0.110584 3.07988 -0.940179 -6.55297 -0.940179 -6.55297 -0.289691 0.571315 -0.289691 -0.571315 
1 1 0 8.65375 0.110584 3.0756 -0.93997 -6.5505 -0.93997 -6.5505 -0.291384 0.57063 -0.291384 -0.57063 
1 1 0 8.64941 0.110584 3.07135 -0.939762 -6.54803 -0.939762 -6.54803 -0.293068 0.569945 -0.293068 -0.569945 
1 1 0 8.64507 0.110584 3.06713 -0.939553 -6.54555 -0.939553 -6.54555 -0.294741 0.569259 -0.294741 -0.569259 
1 1 0 8.64073 0.110584 3.06295 -0.939344 -6.54308 -0.939344 -6.54308 -0.296405 0.568572 -0.296405 -0.568572 
1 1 0 8.63639 0.110584 3.05881 -0.939134 -6.54061 -0.939134 -6.54061 -0.298058 0.567885 -0.298058 -0.567885 
1 1 0 8.63205 0.110584 3.05469 -0.938925 -6.53813 -0.938925 -6.53813 -0.299701 0.567198 -0.299701 -0.567198 
1 1 0 8.62771 0.110584 3.05061 -0.938715 -6.53566 -0.938715 -6.53566 -0.301335 0.56651 -0.301335 -0.56651 
1 1 0 8.62337 0.110584 3.04656 -0.938506 -6.53318 -0.938506 -6.53318 -0.302958 0.565823 -0.302958 -0.565823 
1 1 0 8.61903 0.110584 3.04255 -0.938296 -6.53071 -0.938296 -6.53071 -0.304572 0.565135 -0.304572 -0.565135 
1 1 0 8.61469 0.110584 3.03857 -0.938086 -6.52823 -0.938086 -6.52823 -0.306176 0.564447 -0.306176 -0.564447 
1 1 0 8.61035 0.110584 3.03462 -0.937876 -6.52575 -0.937876 -6.52575 -0.307769 0.56376 -0.307769 -0.56376 
1 1 0 8.60602 0.110584 3.0307 -0.937665 -6.52328 -0.937665 -6.52328 -0.309354 0.563072 -0.309354 -0.563072 
1 1 0 8.60168 0.110584 3.02681 -0.937455 -6.5208 -0.937455 -6.5208 -0.310928 0.562384 -0.310928 -0.562384 
1 1 0 8.59734 0.110584 3.02295 -0.937245 -6.51832 -0.937245 -6.51832 -0.312493 0.561697 -0.312493 -0.561697 
1 1 0 8.593 0.110584 3.01913 -0.937034 -6.51584 -0.937034 -6.51584 -0.314048 0.56101 -0.314048 -0.56101 
1 1 0 8.58867 0.110584 3.01534 -0.936823 -6.51336 -0.936823 -6.51336 -0.315593 0.560323 -0.315593 -0.560323 
1 1 0 8.58433 0.110584 3.01157 -0.936612 -6.51088 -0.936612 -6.51088 -0.317129 0.559636 -0.317129 -0.559636 
1 1 0 8.57999 0.110584 3.00784 -0.936401 -6.5084 -0.936401 -6.5084 -0.318655 0.55895 -0.318655 -0.55895 
1 1 0 8.57566 0.110584 3.00414 -0.93619 -6.50592 -0.93619 -6.50592 -0.320172 0.558265 -0.320172 -0.558265 
1 1 0 8.57132 0.110584 3.00046 -0.935978 -6.50344 -0.935978 -6.50344 -0.321679 0.55758 -0.321679 -0.55758 
1 1 0 8.56699 0.110584 2.99682 -0.935767 -6.50095 -0.935767 -6.50095 -0.323176 0.556896 -0.323176 -0.556896 
1 1 0 8.56265 0.110584 2.99321 -0.935555 -6.49847 -0.935555 -6.49847 -0.324664 0.556212 -0.324664 -0.556212 
1 1 0 8.55832 0.110584 2.98962 -0.935343 -6.49599 -0.935343 -6.49599 -0.326143 0.55553 -0.326143 -0.55553 
1 1 0 8.55399 0.110584 2.98607 -0.935131 -6.4935 -0.935131 -6.4935 -0.327612 0.554848 -0.327612 -0.554848 
1 1 0 8.54965 0.110584 2.98254 -0.934919 -6.49102 -0.934919 -6.49102 -0.329071 0.554167 -0.329071 -0.554167 
1 1 0 8.54532 0.110584 2.97905 -0.934707 -6.48853 -0.934707 -6.48853 -0.330522 0.553487 -0.330522 -0.553487 
1 1 0 8.54099 0.110584 2.97558 -0.934494 -6.48605 -0.934494 -6.48605 -0.331963 0.552808 -0.331963 -0.552808 
1 1 0 8.53665 0.110584 2.97214 -0.934282 -6.48356 -0.934282 -6.48356 -0.333394 0.55213 -0.333394 -0.55213 
1 1 0 8.53232 0.110584 2.96873 -0.934069 -6.48107 -0.934069 -6.48107 -0.334817 0.551454 -0.334817 -0.551454 
1 1 0 8.52799 0.110584 2.96534 -0.933856 -6.47859 -0.933856 -6.47859 -0.33623 0.550778 -0.33623 -0.550778 
1 1 0 8.52366 0.110584 2.96199 -0.933644 -6.4761 -0.933644 -6.4761 -0.337633 0.550104 -0.337633 -0.550104 
1 1 0 8.51932 0.110584 2.95866 -0.93343 -6.47361 -0.93343 -6.47361 -0.339028 0.549431 -0.339028 -0.549431 
1 1 0 8.51499 0.110584 2.95536 -0.933217 -6.47112 -0.933217 -6.47112 -0.340413 0.54876 -0.340413 -0.54876 
1 1 0 8.51066 0.110584 2.95209 -0.933004 -6.46863 -0.933004 -6.46863 -0.341789 0.54809 -0.341789 -0.54809 
1 1 0 8.50633 0.110584 2.94884 -0.93279 -6.46614 -0.93279 -6.46614 -0.343156 0.547421 -0.343156 -0.547421 
1 1 0 8.502 0.110584 2.94562 -0.932577 -6.46365 -0.932577 -6.46365 -0.344514 0.546754 -0.344514 -0.546754 
1 1 0 8.49767 0.110584 2.94243 -0.932363 -6.46116 -0.932363 -6.46116 -0.345863 0.546089 -0.345863 -0.546089 
1 1 0 8.49334 0.110584 2.93926 -0.932149 -6.45867 -0.932149 -6.45867 -0.347202 0.545426 -0.347202 -0.545426 
1 1 0 8.48901 0.110584 2.93613 -0.931935 -6.45617 -0.931935 -6.45617 -0.348533 0.544764 -0.348533 -0.544764 
1 1 0 8.48468 0.110584 2.93301 -0.931721 -6.45368 -0.931721 -6.45368 -0.349854 0.544104 -0.349854 -0.544104 
1 1 0 8.48036 0.110584 2.92993 -0.931506 -6.45119 -0.931506 -6.45119 -0.351166 0.543446 -0.351166 -0.543446 
1 1 0 8.47603 0.110584 2.92687 -0.931292 -6.4487 -0.931292 -6.4487 -0.352469 0.54279 -0.352469 -0.54279 
1 1 0 8.4717 0.110584 2.92384 -0.931077 -6.4462 -0.931077 -6.4462 -0.353764 0.542136 -0.353764 -0.542136 
1 1 0 8.46737 0.110584 2.92083 -0.930862 -6.44371 -0.930862 -6.44371 -0.355049 0.541484 -0.355049 -0.541484 
1 1 0 8.46304 0.110584 2.91785 -0.930647 -6.44121 -0.930647 -6.44121 -0.356325 0.540834 -0.356325 -0.540834 
1 1 0 8.45872 0.110584 2.91489 -0.930432 -6.43872 -0.930432 -6.43872 -0.357593 0.540186 -0.357593 -0.540186 
1 1 0 8.45439 0.110584 2.91196 -0.930217 -6.43622 -0.930217 -6.43622 -0.358851 0.539541 -0.358851 -0.539541 
1 1 0 8.45006 0.110584 2.90905 -0.930002 -6.43372 -0.930002 -6.43372 -0.360101 0.538897 -0.360101 -0.538897 
1 1 0 8.44574 0.110584 2.90618 -0.929786 -6.43123 -0.929786 -6.43123 -0.361341 0.538257 -0.361341 -0.538257 
1 1 0 8.44141 0.110584 2.90332 -0.92957 -6.42873 -0.92957 -6.42873 -0.362573 0.537618 -0.362573 -0.537618 
1 1 0 8.43708 0.110584 2.90049 -0.929355 -6.42623 -0.929355 -6.42623 -0.363796 0.536982 -0.363796 -0.536982 
1 1 0 8.43276 0.110584 2.89769 -0.929139 -6.42373 -0.929139 -6.42373 -0.36501 0.536349 -0.36501 -0.536349 
1 1 0 8.42843 0.110584 2.89491 -0.928923 -6.42123 -0.928923 -6.42123 -0.366215 0.535718 -0.366215 -0.535718 
1 1 0 8.42411 0.110584 2.89215 -0.928706 -6.41873 -0.928706 -6.41873 -0.367411 0.53509 -0.367411 -0.53509 
1 1 0 8.41978 0.110584 2.88942 -0.92849 -6.41623 -0.92849 -6.41623 -0.368599 0.534465 -0.368599 -0.534465 
1 1 0 8.41546 0.110584 2.88671 -0.928274 -6.41373 -0.928274 -6.41373 -0.369777 0.533842 -0.369777 -0.533842 
1 1 0 8.41113 0.110584 2.88403 -0.928057 -6.41123 -0.928057 -6.41123 -0.370947 0.533222 -0.370947 -0.533222 
1 1 0 8.40681 0.110584 2.88138 -0.92784 -6.40873 -0.92784 -6.40873 -0.372108 0.532605 -0.372108 -0.532605 
1 1 0 8.40249 0.110584 2.87874 -0.927623 -6.40623 -0.927623 -6.40623 -0.373261 0.531991 -0.373261 -0.531991 
1 1 0 8.39816 0.110584 2.87613 -0.927406 -6.40373 -0.927406 -6.40373 -0.374405 0.53138 -0.374405 -0.53138 
1 1 0 8.39384 0.110584 2.87355 -0.927189 -6.40122 -0.927189 -6.40122 -0.37554 0.530772 -0.37554 -0.530772 
1 1 0 8.38952 0.110584 2.87099 -0.926972 -6.39872 -0.926972 -6.39872 -0.376666 0.530168 -0.376666 -0.530168 
1 1 0 8.38519 0.110584 2.86845 -0.926754 -6.39622 -0.926754 -6.39622 -0.377784 0.529566 -0.377784 -0.529566 
1 1 0 8.38087 0.110584 2.86593 -0.926537 -6.39371 -0.926537 -6.39371 -0.378893 0.528967 -0.378893 -0.528967 
1 1 0 8.37655 0.110584 2.86344 -0.926319 -6.39121 -0.926319 -6.39121 -0.379993 0.528372 -0.379993 -0.528372 
1 1 0 8.37223 0.110584 2.86098 -0.926101 -6.3887 -0.926101 -6.3887 -0.381084 0.527781 -0.381084 -0.527781 
1 1 0 8.36791 0.110584 2.85853 -0.925883 -6.3862 -0.925883 -6.3862 -0.382167 0.527192 -0.382167 -0.527192 
1 1 0 8.36359 0.110584 2.85611 -0.925665 -6.38369 -0.925665 -6.38369 -0.383242 0.526607 -0.383242 -0.526607 
1 1 0 8.35927 0.110584 2.85371 -0.925446 -6.38118 -0.925446 -6.38118 -0.384307 0.526026 -0.384307 -0.526026 
1 1 0 8.35495 0.110584 2.85134 -0.925228 -6.37868 -0.925228 -6.37868 -0.385365 0.525448 -0.385365 -0.525448 
1 1 0 8.35062 0.110584 2.84899 -0.925009 -6.37617 -0.925009 -6.37617 -0.386413 0.524873 -0.386413 -0.524873 
1 1 0 8.3463 0.110584 2.84666 -0.924791 -6.37366 -0.924791 -6.37366 -0.387453 0.524303 -0.387453 -0.524303 
1 1 0 8.34198 0.110584 2.84436 -0.924572 -6.37115 -0.924572 -6.37115 -0.388485 0.523736 -0.388485 -0.523736 
1 1 0 8.33767 0.110584 2.84207 -0.924353 -6.36865 -0.924353 -6.36865 -0.389507 0.523173 -0.389507 -0.523173 
1 1 0 8.33335 0.110584 2.83981 -0.924134 -6.36614 -0.924134 -6.36614 -0.390522 0.522614 -0.390522 -0.522614 
1 1 0 8.32903 0.110584 2.83758 -0.923914 -6.36363 -0.923914 -6.36363 -0.391527 0.522058 -0.391527 -0.522058 
1 1 0 8.32471 0.110584 2.83536 -0.923695 -6.36112 -0.923695 -6.36112 -0.392525 0.521507 -0.392525 -0.521507 
1 1 0 8.32039 0.110584 2.83317 -0.923475 -6.35861 -0.923475 -6.35861 -0.393513 0.520959 -0.393513 -0.520959 
1 1 0 8.31607 0.110584 2.831 -0.923255 -6.35609 -0.923255 -6.35609 -0.394494 0.520416 -0.394494 -0.520416 
1 1 0 8.31175 0.110584 2.82886 -0.923036 -6.35358 -0.923036 -6.35358 -0.395465 0.519877 -0.395465 -0.519877 
1 1 0 8.30744 0.110584 2.82673 -0.922816 -6.35107 -0.922816 -6.35107 -0.396429 0.519341 -0.396429 -0.519341 
1 1 0 8.30312 0.110584 2.82463 -0.922595 -6.34856 -0.922595 -6.34856 -0.397383 0.51881 -0.397383 -0.51881 
1 1 0 8.2988 0.110584 2.82255 -0.922375 -6.34605 -0.922375 -6.34605 -0.39833 0.518284 -0.39833 -0.518284 
1 1 0 8.29448 0.110584 2.82049 -0.922155 -6.34353 -0.922155 -6.34353 -0.399267 0.517761 -0.399267 -0.517761 
1 1 0 8.29017 0.110584 2.81846 -0.921934 -6.34102 -0.921934 -6.34102 -0.400197 0.517244 -0.400197 -0.517244 
1 1 0 8.28585 0.110584 2.81644 -0.921713 -6.33851 -0.921713 -6.33851 -0.401118 0.51673 -0.401118 -0.51673 
1 1 0 8.28154 0.110584 2.81445 -0.921493 -6.33599 -0.921493 -6.33599 -0.40203 0.516221 -0.40203 -0.516221 
1 1 0 8.27722 0.110584 2.81248 -0.921272 -6.33348 -0.921272 -6.33348 -0.402934 0.515716 -0.402934 -0.515716 
1 1 0 8.2729 0.110584 2.81053 -0.92105 -6.33096 -0.92105 -6.33096 -0.40383 0.515216 -0.40383 -0.515216 
1 1 0 8.26859 0.110584 2.80861 -0.920829 -6.32845 -0.920829 -6.32845 -0.404717 0.514721 -0.404717 -0.514721 
1 1 0 8.26427 0.110584 2.8067 -0.920608 -6.32593 -0.920608 -6.32593 -0.405596 0.51423 -0.405596 -0.51423 
1 1 0 8.25996 0.110584 2.80482 -0.920386 -6.32341 -0.920386 -6.32341 -0.406466 0.513744 -0.406466 -0.513744 
1 1 0 8.25564 0.110584 2.80296 -0.920164 -6.3209 -0.920164 -6.3209 -0.407328 0.513263 -0.407328 -0.513263 
1 1 0 8.25133 0.110584 2.80112 -0.919943 -6.31838 -0.919943 -6.31838 -0.408182 0.512787 -0.408182 -0.512787 
1 1 0 8.24702 0.110584 2.7993 -0.919721 -6.31586 -0.919721 -6.31586 -0.409028 0.512315 -0.409028 -0.512315 
1 1 0 8.2427 0.110584 2.7975 -0.919498 -6.31334 -0.919498 -6.31334 -0.409864 0.511849 -0.409864 -0.511849 
1 1 0 8.23839 0.110584 2.79573 -0.919276 -6.31082 -0.919276 -6.31082 -0.410693 0.511387 -0.410693 -0.511387 
1 1 0 8.23408 0.110584 2.79398 -0.919054 -6.3083 -0.919054 -6.3083 -0.411513 0.510931 -0.411513 -0.510931 
1 1 0 8.22976 0.110584 2.79224 -0.918831 -6.30578 -0.918831 -6.30578 -0.412325 0.510479 -0.412325 -0.510479 
1 1 0 8.22545 0.110584 2.79053 -0.918609 -6.30326 -0.918609 -6.30326 -0.413128 0.510033 -0.413128 -0.510033 
1 1 0 8.22114 0.110584 2.78884 -0.918386 -6.30074 -0.918386 -6.30074 -0.413924 0.509592 -0.413924 -0.509592 
1 1 0 8.21683 0.110584 2.78718 -0.918163 -6.29822 -0.918163 -6.29822 -0.414711 0.509156 -0.414711 -0.509156 
1 1 0 8.21251 0.110584 2.78553 -0.91794 -6.2957 -0.91794 -6.2957 -0.415489 0.508725 -0.415489 -0.508725 
1 1 0 8.2082 0.110584 2.7839 -0.917716 -6.29318 -0.917716 -6.29318 -0.416259 0.5083 -0.416259 -0.5083 
1 1 0 8.20389 0.110584 2.7823 -0.917493 -6.29066 -0.917493 -6.29066 -0.417021 0.50788 -0.417021 -0.50788 
1 1 0 8.19958 0.110584 2.78071 -0.917269 -6.28814 -0.917269 -6.28814 -0.417775 0.507465 -0.417775 -0.507465 
1 1 0 8.19527 0.110584 2.77915 -0.917046 -6.28561 -0.917046 -6.28561 -0.41852 0.507056 -0.41852 -0.507056 
1 1 0 8.19096 0.110584 2.77761 -0.916822 -6.28309 -0.916822 -6.28309 -0.419257 0.506653 -0.419257 -0.506653 
1 1 0 8.18665 0.110584 2.77609 -0.916598 -6.28057 -0.916598 -6.28057 -0.419985 0.506254 -0.419985 -0.506254 
1 1 0 8.18234 0.110584 2.77459 -0.916374 -6.27804 -0.916374 -6.27804 -0.420706 0.505862 -0.420706 -0.505862 
1 1 0 8.17803 0.110584 2.77311 -0.91615 -6.27552 -0.91615 -6.27552 -0.421418 0.505475 -0.421418 -0.505475 
1 1 0 8.17372 0.110584 2.77165 -0.915925 -6.27299 -0.915925 -6.27299 -0.422122 0.505094 -0.422122 -0.505094 
1 1 0 8.16941 0.110584 2.77021 -0.915701 -6.27047 -0.915701 -6.27047 -0.422817 0.504719 -0.422817 -0.504719 
1 1 0 8.1651 0.110584 2.7688 -0.915476 -6.26794 -0.915476 -6.26794 -0.423504 0.504349 -0.423504 -0.504349 
1 1 0 8.16079 0.110584 2.7674 -0.915251 -6.26541 -0.915251 -6.26541 -0.424183 0.503985 -0.424183 -0.503985 
1 1 0 8.15648 0.110584 2.76603 -0.915026 -6.26289 -0.915026 -6.26289 -0.424854 0.503627 -0.424854 -0.503627 
1 1 0 8.15217 0.110584 2.76467 -0.914801 -6.26036 -0.914801 -6.26036 -0.425516 0.503275 -0.425516 -0.503275 
1 1 0 8.14786 0.110584 2.76334 -0.914576 -6.25783 -0.914576 -6.25783 -0.42617 0.502929 -0.42617 -0.502929 
1 1 0 8.14356 0.110584 2.76203 -0.91435 -6.2553 -0.91435 -6.2553 -0.426816 0.502589 -0.426816 -0.502589 
1 1 0 8.13925 0.110584 2.76073 -0.914125 -6.25278 -0.914125 -6.25278 -0.427454 0.502255 -0.427454 -0.502255 
1 1 0 8.13494 0.110584 2.75946 -0.913899 -6.25025 -0.913899 -6.25025 -0.428083 0.501926 -0.428083 -0.501926 
1 1 0 8.13063 0.110584 2.75821 -0.913673 -6.24772 -0.913673 -6.24772 -0.428704 0.501605 -0.428704 -0.501605 
1 1 0 8.12633 0.110584 2.75698 -0.913448 -6.24519 -0.913448 -6.24519 -0.429317 0.501289 -0.429317 -0.501289 
1 1 0 8.12202 0.110584 2.75577 -0.913221 -6.24266 -0.913221 -6.24266 -0.429922 0.500979 -0.429922 -0.500979 
1 1 0 8.11771 0.110584 2.75458 -0.912995 -6.24013 -0.912995 -6.24013 -0.430518 0.500676 -0.430518 -0.500676 
1 1 0 8.11341 0.110584 2.75341 -0.912769 -6.2376 -0.912769 -6.2376 -0.431106 0.500379 -0.431106 -0.500379 
1 1 0 8.1091 0.110584 2.75226 -0.912542 -6.23507 -0.912542 -6.23507 -0.431686 0.500088 -0.431686 -0.500088 
1 1 0 8.10479 0.110584 2.75114 -0.912316 -6.23254 -0.912316 -6.23254 -0.432258 0.499804 -0.432258 -0.499804 
1 1 0 8.10049 0.110584 2.75003 -0.912089 -6.23 -0.912089 -6.23 -0.432821 0.499526 -0.432821 -0.499526 
1 1 0 8.09618 0.110584 2.74894 -0.911862 -6.22747 -0.911862 -6.22747 -0.433376 0.499254 -0.433376 -0.499254 
1 1 0 8.09188 0.110584 2.74787 -0.911635 -6.22494 -0.911635 -6.22494 -0.433923 0.498989 -0.433923 -0.498989 
1 1 0 8.08757 0.110584 2.74683 -0.911408 -6.22241 -0.911408 -6.22241 -0.434462 0.49873 -0.434462 -0.49873 
1 1 0 8.08327 0.110584 2.7458 -0.91118 -6.21987 -0.91118 -6.21987 -0.434992 0.498478 -0.434992 -0.498478 
1 1 0 8.07896 0.110584 2.7448 -0.910953 -6.21734 -0.910953 -6.21734 -0.435515 0.498233 -0.435515 -0.498233 
1 1 0 8.07466 0.110584 2.74381 -0.910725 -6.2148 -0.910725 -6.2148 -0.436028 0.497994 -0.436028 -0.497994 
1 1 0 8.07036 0.110584 2.74284 -0.910497 -6.21227 -0.910497 -6.21227 -0.436534 0.497761 -0.436534 -0.497761 
1 1 0 8.06605 0.110584 2.7419 -0.910269 -6.20973 -0.910269 -6.20973 -0.437032 0.497536 -0.437032 -0.497536 
1 1 0 8.06175 0.110584 2.74097 -0.910041 -6.2072 -0.910041 -6.2072 -0.437521 0.497317 -0.437521 -0.497317 
1 1 0 8.05745 0.110584 2.74007 -0.909813 -6.20466 -0.909813 -6.20466 -0.438002 0.497105 -0.438002 -0.497105 
1 1 0 8.05314 0.110584 2.73919 -0.909585 -6.20213 -0.909585 -6.20213 -0.438475 0.496899 -0.438475 -0.496899 
1 1 0 8.04884 0.110584 2.73832 -0.909356 -6.19959 -0.909356 -6.19959 -0.438939 0.4967 -0.438939 -0.4967 
1 1 0 8.04454 0.110584 2.73748 -0.909127 -6.19705 -0.909127 -6.19705 -0.439396 0.496508 -0.439396 -0.496508 
1 1 0 8.04024 0.110584 2.73665 -0.908899 -6.19452 -0.908899 -6.19452 -0.439844 0.496323 -0.439844 -0.496323 
1 1 0 8.03593 0.110584 2.73585 -0.90867 -6.19198 -0.90867 -6.19198 -0.440284 0.496146 -0.440284 -0.496146 
1 1 0 8.03163 0.110584 2.73507 -0.90844 -6.18944 -0.90844 -6.18944 -0.440715 0.495974 -0.440715 -0.495974 
1 1 0 8.02733 0.110584 2.7343 -0.908211 -6.1869 -0.908211 -6.1869 -0.441139 0.49581 -0.441139 -0.49581 
1 1 0 8.02303 0.110584 2.73356 -0.907982 -6.18436 -0.907982 -6.18436 -0.441554 0.495653 -0.441554 -0.495653 
1 1 0 8.01873 0.110584 2.73284 -0.907752 -6.18182 -0.907752 -6.18182 -0.441961 0.495503 -0.441961 -0.495503 
1 1 0 8.01443 0.110584 2.73213 -0.907523 -6.17928 -0.907523 -6.17928 -0.44236 0.495359 -0.44236 -0.495359 
1 1 0 8.01013 0.110584 2.73145 -0.907293 -6.17674 -0.907293 -6.17674 -0.44275 0.495223 -0.44275 -0.495223 
1 1 0 8.00583 0.110584 2.73079 -0.907063 -6.1742 -0.907063 -6.1742 -0.443132 0.495094 -0.443132 -0.495094 
1 1 0 8.00153 0.110584 2.73015 -0.906833 -6.17166 -0.906833 -6.17166 -0.443506 0.494972 -0.443506 -0.494972 
1 1 0 7.99723 0.110584 2.72952 -0.906603 -6.16912 -0.906603 -6.16912 -0.443872 0.494858 -0.443872 -0.494858 
1 1 0 7.99293 0.110584 2.72892 -0.906372 -6.16658 -0.906372 -6.16658 -0.44423 0.49475 -0.44423 -0.49475 
1 1 0 7.98863 0.110584 2.72834 -0.906142 -6.16404 -0.906142 -6.16404 -0.444579 0.494649 -0.444579 -0.494649 
1 1 0 7.98433 0.110584 2.72778 -0.905911 -6.16149 -0.905911 -6.16149 -0.44492 0.494556 -0.44492 -0.494556 
1 1 0 7.98003 0.110584 2.72723 -0.90568 -6.15895 -0.90568 -6.15895 -0.445253 0.49447 -0.445253 -0.49447 
1 1 0 7.97573 0.110584 2.72671 -0.905449 -6.15641 -0.905449 -6.15641 -0.445577 0.494391 -0.445577 -0.494391 
1 1 0 7.97143 0.110584 2.72621 -0.905218 -6.15386 -0.905218 -6.15386 -0.445894 0.49432 -0.445894 -0.49432 
1 1 0 7.96713 0.110584 2.72573 -0.904987 -6.15132 -0.904987 -6.15132 -0.446202 0.494256 -0.446202 -0.494256 
1 1 0 7.96284 0.110584 2.72526 -0.904755 -6.14878 -0.904755 -6.14878 -0.446501 0.494199 -0.446501 -0.494199 
1 1 0 7.95854 0.110584 2.72482 -0.904524 -6.14623 -0.904524 -6.14623 -0.446793 0.494149 -0.446793 -0.494149 
1 1 0 7.95424 0.110584 2.7244 -0.904292 -6.14368 -0.904292 -6.14368 -0.447076 0.494107 -0.447076 -0.494107 
1 1 0 7.94994 0.110584 2.724 -0.90406 -6.14114 -0.90406 -6.14114 -0.447351 0.494073 -0.447351 -0.494073 
1 1 0 7.94565 0.110584 2.72361 -0.903828 -6.13859 -0.903828 -6.13859 -0.447618 0.494045 -0.447618 -0.494045 
1 1 0 7.94135 0.110584 2.72325 -0.903596 -6.13605 -0.903596 -6.13605 -0.447877 0.494025 -0.447877 -0.494025 
1 1 0 7.93705 0.110584 2.72291 -0.903364 -6.1335 -0.903364 -6.1335 -0.448127 0.494013 -0.448127 -0.494013 
1 1 0 7.93276 0.110584 2.72258 -0.903132 -6.13095 -0.903132 -6.13095 -0.448369 0.494008 -0.448369 -0.494008 
1 1 0 7.92846 0.110584 2.72228 -0.902899 -6.12841 -0.902899 -6.12841 -0.448603 0.49401 -0.448603 -0.49401 
1 1 0 7.92417 0.110584 2.722 -0.902666 -6.12586 -0.902666 -6.12586 -0.448828 0.49402 -0.448828 -0.49402 
1 1 0 7.91987 0.110584 2.72173 -0.902434 -6.12331 -0.902434 -6.12331 -0.449045 0.494037 -0.449045 -0.494037 
1 1 0 7.91558 0.110584 2.72149 -0.902201 -6.12076 -0.902201 -6.12076 -0.449254 0.494062 -0.449254 -0.494062 
1 1 0 7.91128 0.110584 2.72127 -0.901967 -6.11821 -0.901967 -6.11821 -0.449455 0.494094 -0.449455 -0.494094 
1 1 0 7.90699 0.110584 2.72106 -0.901734 -6.11566 -0.901734 -6.11566 -0.449647 0.494134 -0.449647 -0.494134 
1 1 0 7.90269 0.110584 2.72088 -0.901501 -6.11311 -0.901501 -6.11311 -0.449831 0.494181 -0.449831 -0.494181 
1 1 0 7.8984 0.110584 2.72072 -0.901267 -6.11056 -0.901267 -6.11056 -0.450007 0.494236 -0.450007 -0.494236 
1 1 0 7.8941 0.110584 2.72057 -0.901033 -6.10801 -0.901033 -6.10801 -0.450174 0.494298 -0.450174 -0.494298 
1 1 0 7.88981 0.110584 2.72045 -0.9008 -6.10546 -0.9008 -6.10546 -0.450333 0.494368 -0.450333 -0.494368 
1 1 0 7.88551 0.110584 2.72034 -0.900566 -6.10291 -0.900566 -6.10291 -0.450484 0.494446 -0.450484 -0.494446 
1 1 0 7.88122 0.110584 2.72026 -0.900331 -6.10036 -0.900331 -6.10036 -0.450626 0.494531 -0.450626 -0.494531 
1 1 0 7.87693 0.110584 2.72019 -0.900097 -6.0978 -0.900097 -6.0978 -0.450761 0.494624 -0.450761 -0.494624 
1 1 0 7.87264 0.110584 2.72015 -0.899863 -6.09525 -0.899863 -6.09525 -0.450887 0.494724 -0.450887 -0.494724 
1 1 0 7.86834 0.110584 2.72012 -0.899628 -6.0927 -0.899628 -6.0927 -0.451004 0.494832 -0.451004 -0.494832 
1 1 0 7.86405 0.110584 2.72012 -0.899393 -6.09014 -0.899393 -6.09014 -0.451113 0.494947 -0.451113 -0.494947 
1 1 0 7.85976 0.110584 2.72013 -0.899159 -6.08759 -0.899159 -6.08759 -0.451214 0.49507 -0.451214 -0.49507 
1 1 0 7.85547 0.110584 2.72017 -0.898924 -6.08504 -0.898924 -6.08504 -0.451307 0.495201 -0.451307 -0.495201 
1 1 0 7.85117 0.110584 2.72022 -0.898688 -6.08248 -0.898688 -6.08248 -0.451391 0.495339 -0.451391 -0.495339 
1 1 0 7.84688 0.110584 2.7203 -0.898453 -6.07993 -0.898453 -6.07993 -0.451467 0.495485 -0.451467 -0.495485 
1 1 0 7.84259 0.110584 2.72039 -0.898218 -6.07737 -0.898218 -6.07737 -0.451534 0.495639 -0.451534 -0.495639 
1 1 0 7.8383 0.110584 2.7205 -0.897982 -6.07482 -0.897982 -6.07482 -0.451594 0.4958 -0.451594 -0.4958 
1 1 0 7.83401 0.110584 2.72064 -0.897746 -6.07226 -0.897746 -6.07226 -0.451645 0.495969 -0.451645 -0.495969 
1 1 0 7.82972 0.110584 2.72079 -0.89751 -6.0697 -0.89751 -6.0697 -0.451687 0.496145 -0.451687 -0.496145 
1 1 0 7.82543 0.110584 2.72096 -0.897274 -6.06715 -0.897274 -6.06715 -0.451721 0.496329 -0.451721 -0.496329 
1 1 0 7.82114 0.110584 2.72116 -0.897038 -6.06459 -0.897038 -6.06459 -0.451747 0.496521 -0.451747 -0.496521 
1 1 0 7.81685 0.110584 2.72137 -0.896802 -6.06203 -0.896802 -6.06203 -0.451764 0.49672 -0.451764 -0.49672 
1 1 0 7.81256 0.110584 2.7216 -0.896565 -6.05947 -0.896565 -6.05947 -0.451773 0.496926 -0.451773 -0.496926 
1 1 0 7.80827 0.110584 2.72185 -0.896329 -6.05691 -0.896329 -6.05691 -0.451774 0.497141 -0.451774 -0.497141 
1 1 0 7.80398 0.110584 2.72213 -0.896092 -6.05436 -0.896092 -6.05436 -0.451766 0.497363 -0.451766 -0.497363 
1 1 0 7.79969 0.110584 2.72242 -0.895855 -6.0518 -0.895855 -6.0518 -0.45175 0.497592 -0.45175 -0.497592 
1 1 0 7.7954 0.110584 2.72273 -0.895618 -6.04924 -0.895618 -6.04924 -0.451725 0.497829 -0.451725 -0.497829 
1 1 0 7.79112 0.110584 2.72306 -0.895381 -6.04668 -0.895381 -6.04668 -0.451692 0.498074 -0.451692 -0.498074 
1 1 0 7.78683 0.110584 2.72341 -0.895143 -6.04412 -0.895143 -6.04412 -0.451651 0.498326 -0.451651 -0.498326 
1 1 0 7.78254 0.110584 2.72378 -0.894906 -6.04155 -0.894906 -6.04155 -0.451601 0.498586 -0.451601 -0.498586 
1 1 0 7.77825 0.110584 2.72417 -0.894668 -6.03899 -0.894668 -6.03899 -0.451543 0.498854 -0.451543 -0.498854 
1 1 0 7.77397 0.110584 2.72458 -0.89443 -6.03643 -0.89443 -6.03643 -0.451476 0.499128 -0.451476 -0.499128 
1 1 0 7.76968 0.110584 2.72501 -0.894192 -6.03387 -0.894192 -6.03387 -0.451401 0.499411 -0.451401 -0.499411 
1 1 0 7.76539 0.110584 2.72546 -0.893954 -6.03131 -0.893954 -6.03131 -0.451317 0.499701 -0.451317 -0.499701 
1 1 0 7.7611 0.110584 2.72593 -0.893716 -6.02874 -0.893716 -6.02874 -0.451225 0.499998 -0.451225 -0.499998 
1 1 0 7.75682 0.110584 2.72642 -0.893478 -6.02618 -0.893478 -6.02618 -0.451125 0.500303 -0.451125 -0.500303 
1 1 0 7.75253 0.110584 2.72693 -0.893239 -6.02362 -0.893239 -6.02362 -0.451016 0.500616 -0.451016 -0.500616 
1 1 0 7.74825 0.110584 2.72746 -0.893 -6.02105 -0.893 -6.02105 -0.450898 0.500935 -0.450898 -0.500935 
1 1 0 7.74396 0.110584 2.72801 -0.892762 -6.01849 -0.892762 -6.01849 -0.450773 0.501263 -0.450773 -0.501263 
1 1 0 7.73968 0.110584 2.72858 -0.892523 -6.01592 -0.892523 -6.01592 -0.450638 0.501598 -0.450638 -0.501598 
1 1 0 7.73539 0.110584 2.72917 -0.892283 -6.01336 -0.892283 -6.01336 -0.450495 0.50194 -0.450495 -0.50194 
1 1 0 7.73111 0.110584 2.72978 -0.892044 -6.01079 -0.892044 -6.01079 -0.450344 0.502289 -0.450344 -0.502289 
1 1 0 7.72682 0.110584 2.73041 -0.891805 -6.00823 -0.891805 -6.00823 -0.450184 0.502646 -0.450184 -0.502646 
1 1 0 7.72254 0.110584 2.73105 -0.891565 -6.00566 -0.891565 -6.00566 -0.450016 0.503011 -0.450016 -0.503011 
1 1 0 7.71825 0.110584 2.73172 -0.891325 -6.00309 -0.891325 -6.00309 -0.449839 0.503382 -0.449839 -0.503382 
1 1 0 7.71397 0.110584 2.73241 -0.891086 -6.00053 -0.891086 -6.00053 -0.449653 0.503761 -0.449653 -0.503761 
1 1 0 7.70968 0.110584 2.73312 -0.890845 -5.99796 -0.890845 -5.99796 -0.44946 0.504148 -0.44946 -0.504148 
1 1 0 7.7054 0.110584 2.73384 -0.890605 -5.99539 -0.890605 -5.99539 -0.449257 0.504541 -0.449257 -0.504541 
1 1 0 7.70112 0.110584 2.73459 -0.890365 -5.99282 -0.890365 -5.99282 -0.449046 0.504942 -0.449046 -0.504942 
1 1 0 7.69683 0.110584 2.73536 -0.890125 -5.99025 -0.890125 -5.99025 -0.448826 0.50535 -0.448826 -0.50535 
1 1 0 7.69255 0.110584 2.73614 -0.889884 -5.98768 -0.889884 -5.98768 -0.448598 0.505766 -0.448598 -0.505766 
1 1 0 7.68827 0.110584 2.73695 -0.889643 -5.98512 -0.889643 -5.98512 -0.448362 0.506188 -0.448362 -0.506188 
1 1 0 7.68399 0.110584 2.73778 -0.889402 -5.98255 -0.889402 -5.98255 -0.448116 0.506618 -0.448116 -0.506618 
1 1 0 7.67971 0.110584 2.73862 -0.889161 -5.97997 -0.889161 -5.97997 -0.447862 0.507055 -0.447862 -0.507055 
1 1 0 7.67542 0.110584 2.73949 -0.88892 -5.9774 -0.88892 -5.9774 -0.4476 0.507499 -0.4476 -0.507499 
1 1 0 7.67114 0.110584 2.74037 -0.888679 -5.97483 -0.888679 -5.97483 -0.447329 0.50795 -0.447329 -0.50795 
1 1 0 7.66686 0.110584 2.74128 -0.888437 -5.97226 -0.888437 -5.97226 -0.44705 0.508408 -0.44705 -0.508408 
1 1 0 7.66258 0.110584 2.7422 -0.888195 -5.96969 -0.888195 -5.96969 -0.446761 0.508874 -0.446761 -0.508874 
1 1 0 7.6583 0.110584 2.74315 -0.887954 -5.96712 -0.887954 -5.96712 -0.446464 0.509346 -0.446464 -0.509346 
1 1 0 7.65402 0.110584 2.74411 -0.887712 -5.96454 -0.887712 -5.96454 -0.446159 0.509825 -0.446159 -0.509825 
1 1 0 7.64974 0.110584 2.7451 -0.887469 -5.96197 -0.887469 -5.96197 -0.445845 0.510312 -0.445845 -0.510312 
1 1 0 7.64546 0.110584 2.7461 -0.887227 -5.9594 -0.887227 -5.9594 -0.445522 0.510805 -0.445522 -0.510805 
1 1 0 7.64118 0.110584 2.74713 -0.886985 -5.95682 -0.886985 -5.95682 -0.445191 0.511305 -0.445191 -0.511305 
1 1 0 7.6369 0.110584 2.74817 -0.886742 -5.95425 -0.886742 -5.95425 -0.444851 0.511812 -0.444851 -0.511812 
1 1 0 7.63262 0.110584 2.74924 -0.8865 -5.95167 -0.8865 -5.95167 -0.444502 0.512326 -0.444502 -0.512326 
1 1 0 7.62834 0.110584 2.75032 -0.886257 -5.9491 -0.886257 -5.9491 -0.444144 0.512846 -0.444144 -0.512846 
1 1 0 7.62406 0.110584 2.75143 -0.886014 -5.94652 -0.886014 -5.94652 -0.443778 0.513374 -0.443778 -0.513374 
1 1 0 7.61979 0.110584 2.75255 -0.88577 -5.94395 -0.88577 -5.94395 -0.443403 0.513908 -0.443403 -0.513908 
1 1 0 7.61551 0.110584 2.75369 -0.885527 -5.94137 -0.885527 -5.94137 -0.44302 0.514449 -0.44302 -0.514449 
1 1 0 7.61123 0.110584 2.75486 -0.885284 -5.93879 -0.885284 -5.93879 -0.442628 0.514997 -0.442628 -0.514997 
1 1 0 7.60695 0.110584 2.75604 -0.88504 -5.93622 -0.88504 -5.93622 -0.442227 0.515551 -0.442227 -0.515551 
1 1 0 7.60267 0.110584 2.75724 -0.884796 -5.93364 -0.884796 -5.93364 -0.441817 0.516112 -0.441817 -0.516112 
1 1 0 7.5984 0.110584 2.75847 -0.884552 -5.93106 -0.884552 -5.93106 -0.441399 0.51668 -0.441399 -0.51668 
1 1 0 7.59412 0.110584 2.75971 -0.884308 -5.92848 -0.884308 -5.92848 -0.440972 0.517254 -0.440972 -0.517254 
1 1 0 7.58984 0.110584 2.76098 -0.884064 -5.9259 -0.884064 -5.9259 -0.440536 0.517834 -0.440536 -0.517834 
1 1 0 7.58557 0.110584 2.76226 -0.88382 -5.92332 -0.88382 -5.92332 -0.440091 0.518421 -0.440091 -0.518421 
1 1 0 7.58129 0.110584 2.76356 -0.883575 -5.92074 -0.883575 -5.92074 -0.439638 0.519015 -0.439638 -0.519015 
1 1 0 7.57702 0.110584 2.76489 -0.88333 -5.91816 -0.88333 -5.91816 -0.439175 0.519615 -0.439175 -0.519615 
1 1 0 7.57274 0.110584 2.76623 -0.883086 -5.91558 -0.883086 -5.91558 -0.438704 0.520221 -0.438704 -0.520221 
1 1 0 7.56846 0.110584 2.76759 -0.882841 -5.913 -0.882841 -5.913 -0.438225 0.520834 -0.438225 -0.520834 
1 1 0 7.56419 0.110584 2.76898 -0.882596 -5.91042 -0.882596 -5.91042 -0.437736 0.521453 -0.437736 -0.521453 
1 1 0 7.55992 0.110584 2.77038 -0.88235 -5.90784 -0.88235 -5.90784 -0.437239 0.522078 -0.437239 -0.522078 
1 1 0 7.55564 0.110584 2.7718 -0.882105 -5.90525 -0.882105 -5.90525 -0.436732 0.522709 -0.436732 -0.522709 
1 1 0 7.55137 0.110584 2.77325 -0.881859 -5.90267 -0.881859 -5.90267 -0.436217 0.523347 -0.436217 -0.523347 
1 1 0 7.54709 0.110584 2.77471 -0.881614 -5.90009 -0.881614 -5.90009 -0.435693 0.52399 -0.435693 -0.52399 
1 1 0 7.54282 0.110584 2.7762 -0.881368 -5.89751 -0.881368 -5.89751 -0.435161 0.52464 -0.435161 -0.52464 
1 1 0 7.53855 0.110584 2.7777 -0.881122 -5.89492 -0.881122 -5.89492 -0.434619 0.525296 -0.434619 -0.525296 
1 1 0 7.53427 0.110584 2.77922 -0.880875 -5.89234 -0.880875 -5.89234 -0.434068 0.525958 -0.434068 -0.525958 
1 1 0 7.53 0.110584 2.78077 -0.880629 -5.88975 -0.880629 -5.88975 -0.433509 0.526626 -0.433509 -0.526626 
1 1 0 7.52573 0.110584 2.78233 -0.880383 -5.88717 -0.880383 -5.88717 -0.432941 0.527299 -0.432941 -0.527299 
1 1 0 7.52145 0.110584 2.78392 -0.880136 -5.88458 -0.880136 -5.88458 -0.432363 0.527979 -0.432363 -0.527979 
1 1 0 7.51718 0.110584 2.78552 -0.879889 -5.88199 -0.879889 -5.88199 -0.431777 0.528664 -0.431777 -0.528664 
1 1 0 7.51291 0.110584 2.78715 -0.879642 -5.87941 -0.879642 -5.87941 -0.431182 0.529356 -0.431182 -0.529356 
1 1 0 7.50864 0.110584 2.7888 -0.879395 -5.87682 -0.879395 -5.87682 -0.430578 0.530053 -0.430578 -0.530053 
1 1 0 7.50437 0.110584 2.79046 -0.879148 -5.87423 -0.879148 -5.87423 -0.429965 0.530755 -0.429965 -0.530755 
1 1 0 7.5001 0.110584 2.79215 -0.8789 -5.87165 -0.8789 -5.87165 -0.429343 0.531464 -0.429343 -0.531464 
1 1 0 7.49583 0.110584 2.79385 -0.878653 -5.86906 -0.878653 -5.86906 -0.428712 0.532178 -0.428712 -0.532178 
1 1 0 7.49156 0.110584 2.79558 -0.878405 -5.86647 -0.878405 -5.86647 -0.428072 0.532897 -0.428072 -0.532897 
1 1 0 7.48729 0.110584 2.79733 -0.878157 -5.86388 -0.878157 -5.86388 -0.427424 0.533622 -0.427424 -0.533622 
1 1 0 7.48302 0.110584 2.7991 -0.877909 -5.86129 -0.877909 -5.86129 -0.426766 0.534353 -0.426766 -0.534353 
1 1 0 7.47875 0.110584 2.80088 -0.877661 -5.8587 -0.877661 -5.8587 -0.426099 0.535089 -0.426099 -0.535089 
1 1 0 7.47448 0.110584 2.80269 -0.877413 -5.85611 -0.877413 -5.85611 -0.425423 0.53583 -0.425423 -0.53583 
1 1 0 7.47021 0.110584 2.80452 -0.877164 -5.85352 -0.877164 -5.85352 -0.424738 0.536577 -0.424738 -0.536577 
1 1 0 7.46594 0.110584 2.80637 -0.876915 -5.85093 -0.876915 -5.85093 -0.424044 0.537329 -0.424044 -0.537329 
1 1 0 7.46167 0.110584 2.80824 -0.876667 -5.84833 -0.876667 -5.84833 -0.423341 0.538086 -0.423341 -0.538086 
1 1 0 7.4574 0.110584 2.81013 -0.876418 -5.84574 -0.876418 -5.84574 -0.422629 0.538848 -0.422629 -0.538848 
1 1 0 7.45313 0.110584 2.81205 -0.876169 -5.84315 -0.876169 -5.84315 -0.421908 0.539616 -0.421908 -0.539616 
1 1 0 7.44887 0.110584 2.81398 -0.875919 -5.84056 -0.875919 -5.84056 -0.421177 0.540388 -0.421177 -0.540388 
1 1 0 7.4446 0.110584 2.81593 -0.87567 -5.83796 -0.87567 -5.83796 -0.420438 0.541166 -0.420438 -0.541166 
1 1 0 7.44033 0.110584 2.8179 -0.87542 -5.83537 -0.87542 -5.83537 -0.41969 0.541948 -0.41969 -0.541948 
1 1 0 7.43606 0.110584 2.8199 -0.875171 -5.83277 -0.875171 -5.83277 -0.418932 0.542736 -0.418932 -0.542736 
1 1 0 7.4318 0.110584 2.82191 -0.874921 -5.83018 -0.874921 -5.83018 -0.418165 0.543528 -0.418165 -0.543528 
1 1 0 7.42753 0.110584 2.82395 -0.874671 -5.82758 -0.874671 -5.82758 -0.41739 0.544326 -0.41739 -0.544326 
1 1 0 7.42327 0.110584 2.82601 -0.87442 -5.82499 -0.87442 -5.82499 -0.416605 0.545128 -0.416605 -0.545128 
1 1 0 7.419 0.110584 2.82808 -0.87417 -5.82239 -0.87417 -5.82239 -0.41581 0.545935 -0.41581 -0.545935 
1 1 0 7.41473 0.110584 2.83018 -0.87392 -5.81979 -0.87392 -5.81979 -0.415007 0.546746 -0.415007 -0.546746 
1 1 0 7.41047 0.110584 2.8323 -0.873669 -5.8172 -0.873669 -5.8172 -0.414194 0.547562 -0.414194 -0.547562 
1 1 0 7.4062 0.110584 2.83444 -0.873418 -5.8146 -0.873418 -5.8146 -0.413373 0.548383 -0.413373 -0.548383 
1 1 0 7.40194 0.110584 2.8366 -0.873167 -5.812 -0.873167 -5.812 -0.412542 0.549208 -0.412542 -0.549208 
1 1 0 7.39768 0.110584 2.83879 -0.872916 -5.8094 -0.872916 -5.8094 -0.411701 0.550037 -0.411701 -0.550037 
1 1 0 7.39341 0.110584 2.84099 -0.872665 -5.8068 -0.872665 -5.8068 -0.410852 0.550872 -0.410852 -0.550872 
1 1 0 7.38915 0.110584 2.84322 -0.872413 -5.8042 -0.872413 -5.8042 -0.409993 0.55171 -0.409993 -0.55171 
2 1 0 8.01 0.110584 0 -0.850434 -5.52888 -0.850434 -5.52888 -0.409993 0.55171 -0.409993 -0.55171 
1 1 0 8.01 0.110584 2.73143 -0.850434 -5.52888 -0.850434 -5.52888 -0.442761 0.49522 -0.442761 -0.49522 
1 1 0 8.01 0.110584 2.73143 -0.850434 -5.52888 -0.850434 -5.52888 -0.442761 0.495219 -0.442761 -0.495219 
1 1 0 8.01 0.110584 2.73143 -0.850434 -5.52888 -0.850434 -5.52888 -0.442762 0.495219 -0.442762 -0.495219 
1 1 0 8.01 0.110584 2.73143 -0.850434 -5.52888 -0.850434 -5.52888 -0.442762 0.495219 -0.442762 -0.495219 
1 1 0 8.01 0.110584 2.73143 -0.850434 -5.52888 -0.850434 -5.52888 -0.442762 0.495219 -0.442762 -0.495219 
1 1 0 8.00999 0.110584 2.73143 -0.850433 -5.52888 -0.850433 -5.52888 -0.442762 0.495219 -0.442762 -0.495219 
1 1 0 8.00998 0.110584 2.73143 -0.850433 -5.52887 -0.850433 -5.52887 -0.442763 0.495219 -0.442763 -0.495219 
1 1 0 8.00997 0.110584 2.73143 -0.850432 -5.52886 -0.850432 -5.52886 -0.442765 0.495218 -0.442765 -0.495218 
1 1 0 8.00994 0.110584 2.73142 -0.850431 -5.52885 -0.850431 -5.52885 -0.442767 0.495218 -0.442767 -0.495218 
1 1 0 8.0099 0.110584 2.73142 -0.850429 -5.52883 -0.850429 -5.52883 -0.44277 0.495216 -0.44277 -0.495216 
1 1 0 8.00984 0.110584 2.73141 -0.850426 -5.52881 -0.850426 -5.52881 -0.442776 0.495215 -0.442776 -0.495215 
1 1 0 8.00975 0.110584 2.73139 -0.850422 -5.52876 -0.850422 -5.52876 -0.442784 0.495212 -0.442784 -0.495212 
1 1 0 8.00962 0.110584 2.73137 -0.850416 -5.5287 -0.850416 -5.5287 -0.442795 0.495208 -0.442795 -0.495208 
1 1 0 8.00942 0.110584 2.73134 -0.850407 -5.52861 -0.850407 -5.52861 -0.442813 0.495202 -0.442813 -0.495202 
1 1 0 8.00913 0.110584 2.7313 -0.850394 -5.52847 -0.850394 -5.52847 -0.44284 0.495193 -0.44284 -0.495193 
1 1 0 8.00868 0.110584 2.73123 -0.850373 -5.52826 -0.850373 -5.52826 -0.442879 0.495179 -0.442879 -0.495179 
1 1 0 8.00801 0.110584 2.73112 -0.850343 -5.52795 -0.850343 -5.52795 -0.442939 0.495159 -0.442939 -0.495159 
1 1 0 8.00701 0.110584 2.73097 -0.850297 -5.52748 -0.850297 -5.52748 -0.443028 0.495129 -0.443028 -0.495129 
1 1 0 8.00551 0.110584 2.73074 -0.850228 -5.52678 -0.850228 -5.52678 -0.443161 0.495085 -0.443161 -0.495085 
1 1 0 8.00325 0.110584 2.7304 -0.850124 -5.52573 -0.850124 -5.52573 -0.443357 0.49502 -0.443357 -0.49502 
1 1 0 8.00077 0.110584 2.73004 -0.85001 -5.52457 -0.85001 -5.52457 -0.443571 0.494952 -0.443571 -0.494952 
1 1 0 7.99804 0.110584 2.72964 -0.849885 -5.5233 -0.849885 -5.5233 -0.443803 0.494879 -0.443803 -0.494879 
1 1 0 7.99504 0.110584 2.72922 -0.849747 -5.52189 -0.849747 -5.52189 -0.444055 0.494802 -0.444055 -0.494802 
1 1 0 7.99174 0.110584 2.72876 -0.849595 -5.52035 -0.849595 -5.52035 -0.444327 0.494721 -0.444327 -0.494721 
1 1 0 7.98811 0.110584 2.72827 -0.849428 -5.51865 -0.849428 -5.51865 -0.444621 0.494638 -0.444621 -0.494638 
1 1 0 7.98411 0.110584 2.72775 -0.849245 -5.51678 -0.849245 -5.51678 -0.444937 0.494552 -0.444937 -0.494552 
1 1 0 7.97972 0.110584 2.7272 -0.849042 -5.51473 -0.849042 -5.51473 -0.445276 0.494464 -0.445276 -0.494464 
1 1 0 7.9752 0.110584 2.72665 -0.848834 -5.51261 -0.848834 -5.51261 -0.445617 0.494382 -0.445617 -0.494382 
1 1 0 7.97068 0.110584 2.72612 -0.848625 -5.51049 -0.848625 -5.51049 -0.445948 0.494308 -0.445948 -0.494308 
1 1 0 7.96615 0.110584 2.72562 -0.848416 -5.50836 -0.848416 -5.50836 -0.446271 0.494243 -0.446271 -0.494243 
1 1 0 7.96163 0.110584 2.72514 -0.848207 -5.50624 -0.848207 -5.50624 -0.446584 0.494185 -0.446584 -0.494185 
1 1 0 7.95711 0.110584 2.72468 -0.847998 -5.50412 -0.847998 -5.50412 -0.446888 0.494135 -0.446888 -0.494135 
1 1 0 7.95259 0.110584 2.72424 -0.847789 -5.50199 -0.847789 -5.50199 -0.447183 0.494093 -0.447183 -0.494093 
1 1 0 7.94807 0.110584 2.72383 -0.84758 -5.49986 -0.84758 -5.49986 -0.447469 0.49406 -0.447469 -0.49406 
1 1 0 7.94355 0.110584 2.72343 -0.84737 -5.49774 -0.84737 -5.49774 -0.447745 0.494034 -0.447745 -0.494034 
1 1 0 7.93903 0.110584 2.72306 -0.84716 -5.49561 -0.84716 -5.49561 -0.448013 0.494018 -0.448013 -0.494018 
1 1 0 7.93451 0.110584 2.72271 -0.846951 -5.49348 -0.846951 -5.49348 -0.448271 0.494009 -0.448271 -0.494009 
1 1 0 7.92999 0.110584 2.72239 -0.846741 -5.49135 -0.846741 -5.49135 -0.44852 0.494008 -0.44852 -0.494008 
1 1 0 7.92548 0.110584 2.72208 -0.846531 -5.48921 -0.846531 -5.48921 -0.44876 0.494016 -0.44876 -0.494016 
1 1 0 7.92096 0.110584 2.7218 -0.846321 -5.48708 -0.846321 -5.48708 -0.448991 0.494032 -0.448991 -0.494032 
1 1 0 7.91644 0.110584 2.72154 -0.84611 -5.48495 -0.84611 -5.48495 -0.449212 0.494056 -0.449212 -0.494056 
1 1 0 7.91193 0.110584 2.7213 -0.8459 -5.48281 -0.8459 -5.48281 -0.449425 0.494089 -0.449425 -0.494089 
1 1 0 7.90741 0.110584 2.72108 -0.845689 -5.48067 -0.845689 -5.48067 -0.449628 0.494129 -0.449628 -0.494129 
1 1 0 7.90289 0.110584 2.72089 -0.845478 -5.47854 -0.845478 -5.47854 -0.449822 0.494179 -0.449822 -0.494179 
1 1 0 7.89838 0.110584 2.72071 -0.845267 -5.4764 -0.845267 -5.4764 -0.450007 0.494236 -0.450007 -0.494236 
1 1 0 7.89387 0.110584 2.72056 -0.845056 -5.47426 -0.845056 -5.47426 -0.450183 0.494302 -0.450183 -0.494302 
1 1 0 7.88935 0.110584 2.72043 -0.844845 -5.47212 -0.844845 -5.47212 -0.45035 0.494376 -0.45035 -0.494376 
1 1 0 7.88484 0.110584 2.72033 -0.844634 -5.46997 -0.844634 -5.46997 -0.450507 0.494459 -0.450507 -0.494459 
1 1 0 7.88033 0.110584 2.72024 -0.844423 -5.46783 -0.844423 -5.46783 -0.450655 0.49455 -0.450655 -0.49455 
1 1 0 7.87582 0.110584 2.72018 -0.844211 -5.46569 -0.844211 -5.46569 -0.450794 0.494649 -0.450794 -0.494649 
1 1 0 7.8713 0.110584 2.72014 -0.843999 -5.46354 -0.843999 -5.46354 -0.450924 0.494757 -0.450924 -0.494757 
1 1 0 7.86679 0.110584 2.72012 -0.843787 -5.46139 -0.843787 -5.46139 -0.451045 0.494873 -0.451045 -0.494873 
1 1 0 7.86228 0.110584 2.72012 -0.843575 -5.45925 -0.843575 -5.45925 -0.451156 0.494997 -0.451156 -0.494997 
1 1 0 7.85777 0.110584 2.72015 -0.843363 -5.4571 -0.843363 -5.4571 -0.451258 0.49513 -0.451258 -0.49513 
1 1 0 7.85326 0.110584 2.72019 -0.843151 -5.45495 -0.843151 -5.45495 -0.451351 0.495271 -0.451351 -0.495271 
1 1 0 7.84875 0.110584 2.72026 -0.842938 -5.4528 -0.842938 -5.4528 -0.451435 0.495421 -0.451435 -0.495421 
1 1 0 7.84425 0.110584 2.72035 -0.842726 -5.45065 -0.842726 -5.45065 -0.451509 0.495579 -0.451509 -0.495579 
1 1 0 7.83974 0.110584 2.72046 -0.842513 -5.44849 -0.842513 -5.44849 -0.451575 0.495745 -0.451575 -0.495745 
1 1 0 7.83523 0.110584 2.7206 -0.8423 -5.44634 -0.8423 -5.44634 -0.451631 0.49592 -0.451631 -0.49592 
1 1 0 7.83073 0.110584 2.72075 -0.842087 -5.44418 -0.842087 -5.44418 -0.451678 0.496103 -0.451678 -0.496103 
1 1 0 7.82622 0.110584 2.72093 -0.841874 -5.44203 -0.841874 -5.44203 -0.451715 0.496295 -0.451715 -0.496295 
1 1 0 7.82171 0.110584 2.72113 -0.841661 -5.43987 -0.841661 -5.43987 -0.451744 0.496495 -0.451744 -0.496495 
1 1 0 7.81721 0.110584 2.72135 -0.841448 -5.43771 -0.841448 -5.43771 -0.451763 0.496702 -0.451763 -0.496702 
1 1 0 7.8127 0.110584 2.72159 -0.841234 -5.43555 -0.841234 -5.43555 -0.451773 0.496919 -0.451773 -0.496919 
1 1 0 7.8082 0.110584 2.72186 -0.84102 -5.43339 -0.84102 -5.43339 -0.451774 0.497144 -0.451774 -0.497144 
1 1 0 7.8037 0.110584 2.72214 -0.840806 -5.43123 -0.840806 -5.43123 -0.451765 0.497378 -0.451765 -0.497378 
1 1 0 7.79919 0.110584 2.72245 -0.840593 -5.42907 -0.840593 -5.42907 -0.451747 0.49762 -0.451747 -0.49762 
1 1 0 7.79469 0.110584 2.72278 -0.840378 -5.4269 -0.840378 -5.4269 -0.45172 0.49787 -0.45172 -0.49787 
1 1 0 7.79019 0.110584 2.72313 -0.840164 -5.42474 -0.840164 -5.42474 -0.451684 0.498128 -0.451684 -0.498128 
1 1 0 7.78569 0.110584 2.72351 -0.83995 -5.42257 -0.83995 -5.42257 -0.451638 0.498395 -0.451638 -0.498395 
1 1 0 7.78119 0.110584 2.7239 -0.839735 -5.42041 -0.839735 -5.42041 -0.451583 0.49867 -0.451583 -0.49867 
1 1 0 7.77669 0.110584 2.72432 -0.839521 -5.41824 -0.839521 -5.41824 -0.451519 0.498953 -0.451519 -0.498953 
1 1 0 7.77219 0.110584 2.72476 -0.839306 -5.41607 -0.839306 -5.41607 -0.451446 0.499245 -0.451446 -0.499245 
1 1 0 7.76769 0.110584 2.72522 -0.839091 -5.4139 -0.839091 -5.4139 -0.451363 0.499545 -0.451363 -0.499545 
1 1 0 7.76319 0.110584 2.7257 -0.838876 -5.41173 -0.838876 -5.41173 -0.451271 0.499853 -0.451271 -0.499853 
1 1 0 7.75869 0.110584 2.72621 -0.83866 -5.40956 -0.83866 -5.40956 -0.45117 0.500169 -0.45117 -0.500169 
1 1 0 7.75419 0.110584 2.72673 -0.838445 -5.40738 -0.838445 -5.40738 -0.451059 0.500493 -0.451059 -0.500493 
1 1 0 7.74969 0.110584 2.72728 -0.83823 -5.40521 -0.83823 -5.40521 -0.450939 0.500826 -0.450939 -0.500826 
1 1 0 7.7452 0.110584 2.72785 -0.838014 -5.40303 -0.838014 -5.40303 -0.45081 0.501168 -0.45081 -0.501168 
1 1 0 7.7407 0.110584 2.72844 -0.837798 -5.40086 -0.837798 -5.40086 -0.450671 0.501517 -0.450671 -0.501517 
1 1 0 7.73621 0.110584 2.72906 -0.837582 -5.39868 -0.837582 -5.39868 -0.450523 0.501874 -0.450523 -0.501874 
1 1 0 7.73171 0.110584 2.72969 -0.837366 -5.3965 -0.837366 -5.3965 -0.450366 0.502239 -0.450366 -0.502239 
1 1 0 7.72722 0.110584 2.73035 -0.83715 -5.39432 -0.83715 -5.39432 -0.450199 0.502613 -0.450199 -0.502613 
1 1 0 7.72272 0.110584 2.73103 -0.836933 -5.39214 -0.836933 -5.39214 -0.450023 0.502995 -0.450023 -0.502995 
1 1 0 7.71823 0.110584 2.73173 -0.836717 -5.38996 -0.836717 -5.38996 -0.449838 0.503384 -0.449838 -0.503384 
1 1 0 7.71374 0.110584 2.73245 -0.8365 -5.38777 -0.8365 -5.38777 -0.449643 0.503782 -0.449643 -0.503782 
1 1 0 7.70924 0.110584 2.73319 -0.836283 -5.38559 -0.836283 -5.38559 -0.449439 0.504188 -0.449439 -0.504188 
1 1 0 7.70475 0.110584 2.73396 -0.836066 -5.3834 -0.836066 -5.3834 -0.449225 0.504602 -0.449225 -0.504602 
1 1 0 7.70026 0.110584 2.73474 -0.835849 -5.38122 -0.835849 -5.38122 -0.449003 0.505024 -0.449003 -0.505024 
1 1 0 7.69577 0.110584 2.73555 -0.835632 -5.37903 -0.835632 -5.37903 -0.448771 0.505453 -0.448771 -0.505453 
1 1 0 7.69128 0.110584 2.73638 -0.835415 -5.37684 -0.835415 -5.37684 -0.448529 0.505891 -0.448529 -0.505891 
1 1 0 7.68679 0.110584 2.73723 -0.835197 -5.37465 -0.835197 -5.37465 -0.448278 0.506336 -0.448278 -0.506336 
1 1 0 7.6823 0.110584 2.73811 -0.83498 -5.37246 -0.83498 -5.37246 -0.448017 0.50679 -0.448017 -0.50679 
1 1 0 7.67781 0.110584 2.739 -0.834762 -5.37027 -0.834762 -5.37027 -0.447747 0.507251 -0.447747 -0.507251 
1 1 0 7.67332 0.110584 2.73992 -0.834544 -5.36808 -0.834544 -5.36808 -0.447468 0.507719 -0.447468 -0.507719 
1 1 0 7.66883 0.110584 2.74086 -0.834326 -5.36589 -0.834326 -5.36589 -0.447179 0.508197 -0.447179 -0.508197 
1 1 0 7.66435 0.110584 2.74182 -0.834108 -5.36369 -0.834108 -5.36369 -0.446881 0.508681 -0.446881 -0.508681 
1 1 0 7.65986 0.110584 2.7428 -0.833889 -5.3615 -0.833889 -5.3615 -0.446573 0.509173 -0.446573 -0.509173 
1 1 0 7.65537 0.110584 2.74381 -0.833671 -5.3593 -0.833671 -5.3593 -0.446256 0.509673 -0.446256 -0.509673 
1 1 0 7.65089 0.110584 2.74483 -0.833452 -5.3571 -0.833452 -5.3571 -0.44593 0.510181 -0.44593 -0.510181 
1 1 0 7.6464 0.110584 2.74588 -0.833233 -5.3549 -0.833233 -5.3549 -0.445594 0.510696 -0.445594 -0.510696 
1 1 0 7.64192 0.110584 2.74695 -0.833014 -5.3527 -0.833014 -5.3527 -0.445248 0.511218 -0.445248 -0.511218 
1 1 0 7.63743 0.110584 2.74804 -0.832795 -5.3505 -0.832795 -5.3505 -0.444893 0.511748 -0.444893 -0.511748 
1 1 0 7.63295 0.110584 2.74916 -0.832576 -5.3483 -0.832576 -5.3483 -0.444529 0.512286 -0.444529 -0.512286 
1 1 0 7.62847 0.110584 2.75029 -0.832357 -5.3461 -0.832357 -5.3461 -0.444155 0.512831 -0.444155 -0.512831 
1 1 0 7.62398 0.110584 2.75145 -0.832137 -5.34389 -0.832137 -5.34389 -0.443771 0.513384 -0.443771 -0.513384 
1 1 0 7.6195 0.110584 2.75262 -0.831917 -5.34169 -0.831917 -5.34169 -0.443378 0.513944 -0.443378 -0.513944 
1 1 0 7.61502 0.110584 2.75382 -0.831698 -5.33948 -0.831698 -5.33948 -0.442976 0.514511 -0.442976 -0.514511 
1 1 0 7.61054 0.110584 2.75505 -0.831478 -5.33727 -0.831478 -5.33727 -0.442564 0.515086 -0.442564 -0.515086 
1 1 0 7.60606 0.110584 2.75629 -0.831258 -5.33507 -0.831258 -5.33507 -0.442142 0.515668 -0.442142 -0.515668 
1 1 0 7.60158 0.110584 2.75756 -0.831037 -5.33286 -0.831037 -5.33286 -0.441711 0.516257 -0.441711 -0.516257 
1 1 0 7.5971 0.110584 2.75884 -0.830817 -5.33065 -0.830817 -5.33065 -0.44127 0.516853 -0.44127 -0.516853 
1 1 0 7.59262 0.110584 2.76015 -0.830596 -5.32844 -0.830596 -5.32844 -0.44082 0.517457 -0.44082 -0.517457 
1 1 0 7.58814 0.110584 2.76148 -0.830376 -5.32622 -0.830376 -5.32622 -0.44036 0.518067 -0.44036 -0.518067 
1 1 0 7.58366 0.110584 2.76284 -0.830155 -5.32401 -0.830155 -5.32401 -0.43989 0.518685 -0.43989 -0.518685 
1 1 0 7.57919 0.110584 2.76421 -0.829934 -5.32179 -0.829934 -5.32179 -0.439411 0.51931 -0.439411 -0.51931 
1 1 0 7.57471 0.110584 2.76561 -0.829713 -5.31958 -0.829713 -5.31958 -0.438923 0.519941 -0.438923 -0.519941 
1 1 0 7.57023 0.110584 2.76703 -0.829492 -5.31736 -0.829492 -5.31736 -0.438424 0.52058 -0.438424 -0.52058 
1 1 0 7.56576 0.110584 2.76847 -0.82927 -5.31514 -0.82927 -5.31514 -0.437916 0.521225 -0.437916 -0.521225 
1 1 0 7.56128 0.110584 2.76993 -0.829049 -5.31293 -0.829049 -5.31293 -0.437399 0.521877 -0.437399 -0.521877 
1 1 0 7.55681 0.110584 2.77141 -0.828827 -5.31071 -0.828827 -5.31071 -0.436871 0.522536 -0.436871 -0.522536 
1 1 0 7.55233 0.110584 2.77292 -0.828605 -5.30848 -0.828605 -5.30848 -0.436335 0.523202 -0.436335 -0.523202 
1 1 0 7.54786 0.110584 2.77445 -0.828383 -5.30626 -0.828383 -5.30626 -0.435788 0.523875 -0.435788 -0.523875 
1 1 0 7.54339 0.110584 2.776 -0.828161 -5.30404 -0.828161 -5.30404 -0.435232 0.524553 -0.435232 -0.524553 
1 1 0 7.53891 0.110584 2.77757 -0.827939 -5.30181 -0.827939 -5.30181 -0.434666 0.525239 -0.434666 -0.525239 
1 1 0 7.53444 0.110584 2.77916 -0.827716 -5.29959 -0.827716 -5.29959 -0.43409 0.525932 -0.43409 -0.525932 
1 1 0 7.52997 0.110584 2.78078 -0.827494 -5.29736 -0.827494 -5.29736 -0.433505 0.52663 -0.433505 -0.52663 
1 1 0 7.5255 0.110584 2.78242 -0.827271 -5.29514 -0.827271 -5.29514 -0.43291 0.527335 -0.43291 -0.527335 
1 1 0 7.52103 0.110584 2.78408 -0.827048 -5.29291 -0.827048 -5.29291 -0.432305 0.528047 -0.432305 -0.528047 
1 1 0 7.51656 0.110584 2.78576 -0.826825 -5.29068 -0.826825 -5.29068 -0.431691 0.528765 -0.431691 -0.528765 
1 1 0 7.51209 0.110584 2.78746 -0.826602 -5.28845 -0.826602 -5.28845 -0.431067 0.529489 -0.431067 -0.529489 
1 1 0 7.50762 0.110584 2.78919 -0.826379 -5.28622 -0.826379 -5.28622 -0.430433 0.53022 -0.430433 -0.53022 
1 1 0 7.50315 0.110584 2.79094 -0.826156 -5.28398 -0.826156 -5.28398 -0.429789 0.530956 -0.429789 -0.530956 
1 1 0 7.49869 0.110584 2.79271 -0.825932 -5.28175 -0.825932 -5.28175 -0.429136 0.531699 -0.429136 -0.531699 
1 1 0 7.49422 0.110584 2.7945 -0.825708 -5.27951 -0.825708 -5.27951 -0.428472 0.532448 -0.428472 -0.532448 
1 1 0 7.48975 0.110584 2.79632 -0.825484 -5.27728 -0.825484 -5.27728 -0.427799 0.533203 -0.427799 -0.533203 
1 1 0 7.48529 0.110584 2.79815 -0.82526 -5.27504 -0.82526 -5.27504 -0.427117 0.533964 -0.427117 -0.533964 
1 1 0 7.48082 0.110584 2.80001 -0.825036 -5.2728 -0.825036 -5.2728 -0.426424 0.53473 -0.426424 -0.53473 
1 1 0 7.47635 0.110584 2.8019 -0.824812 -5.27056 -0.824812 -5.27056 -0.425722 0.535503 -0.425722 -0.535503 
1 1 0 7.47189 0.110584 2.8038 -0.824587 -5.26832 -0.824587 -5.26832 -0.425009 0.536282 -0.425009 -0.536282 
1 1 0 7.46743 0.110584 2.80573 -0.824363 -5.26608 -0.824363 -5.26608 -0.424287 0.537066 -0.424287 -0.537066 
1 1 0 7.46296 0.110584 2.80767 -0.824138 -5.26384 -0.824138 -5.26384 -0.423555 0.537856 -0.423555 -0.537856 
1 1 0 7.4585 0.110584 2.80965 -0.823913 -5.2616 -0.823913 -5.2616 -0.422813 0.538651 -0.422813 -0.538651 
1 1 0 7.45404 0.110584 2.81164 -0.823688 -5.25935 -0.823688 -5.25935 -0.422061 0.539453 -0.422061 -0.539453 
1 1 0 7.44958 0.110584 2.81365 -0.823463 -5.25711 -0.823463 -5.25711 -0.4213 0.540259 -0.4213 -0.540259 
1 1 0 7.44512 0.110584 2.81569 -0.823238 -5.25486 -0.823238 -5.25486 -0.420528 0.541071 -0.420528 -0.541071 
1 1 0 7.44066 0.110584 2.81775 -0.823012 -5.25261 -0.823012 -5.25261 -0.419747 0.541889 -0.419747 -0.541889 
1 1 0 7.4362 0.110584 2.81984 -0.822787 -5.25036 -0.822787 -5.25036 -0.418955 0.542712 -0.418955 -0.542712 
1 1 0 7.43174 0.110584 2.82194 -0.822561 -5.24811 -0.822561 -5.24811 -0.418154 0.54354 -0.418154 -0.54354 
1 1 0 7.42728 0.110584 2.82407 -0.822335 -5.24586 -0.822335 -5.24586 -0.417343 0.544374 -0.417343 -0.544374 
1 1 0 7.42282 0.110584 2.82622 -0.822109 -5.24361 -0.822109 -5.24361 -0.416522 0.545212 -0.416522 -0.545212 
1 1 0 7.41836 0.110584 2.8284 -0.821883 -5.24136 -0.821883 -5.24136 -0.41569 0.546056 -0.41569 -0.546056 
1 1 0 7.4139 0.110584 2.83059 -0.821656 -5.2391 -0.821656 -5.2391 -0.414849 0.546905 -0.414849 -0.546905 
1 1 0 7.40945 0.110584 2.83281 -0.82143 -5.23685 -0.82143 -5.23685 -0.413998 0.547758 -0.413998 -0.547758 
1 1 0 7.40499 0.110584 2.83506 -0.821203 -5.23459 -0.821203 -5.23459 -0.413137 0.548617 -0.413137 -0.548617 
1 1 0 7.40053 0.110584 2.83732 -0.820976 -5.23233 -0.820976 -5.23233 -0.412266 0.549481 -0.412266 -0.549481 
1 1 0 7.39608 0.110584 2.83961 -0.82075 -5.23007 -0.82075 -5.23007 -0.411385 0.550349 -0.411385 -0.550349 
1 1 0 7.39163 0.110584 2.84192 -0.820522 -5.22781 -0.820522 -5.22781 -0.410493 0.551222 -0.410493 -0.551222 
1 1 0 7.38717 0.110584 2.84425 -0.820295 -5.22555 -0.820295 -5.22555 -0.409592 0.5521 -0.409592 -0.5521 
1 1 0 7.38272 0.110584 2.84661 -0.820068 -5.22329 -0.820068 -5.22329 -0.408681 0.552982 -0.408681 -0.552982 
1 1 0 7.37827 0.110584 2.84899 -0.81984 -5.22103 -0.81984 -5.22103 -0.407759 0.553869 -0.407759 -0.553869 
1 1 0 7.37381 0.110584 2.85139 -0.819613 -5.21876 -0.819613 -5.21876 -0.406828 0.554761 -0.406828 -0.554761 
1 1 0 7.36936 0.110584 2.85382 -0.819385 -5.2165 -0.819385 -5.2165 -0.405886 0.555657 -0.405886 -0.555657 
1 1 0 7.36491 0.110584 2.85627 -0.819157 -5.21423 -0.819157 -5.21423 -0.404935 0.556557 -0.404935 -0.556557 
1 1 0 7.36046 0.110584 2.85874 -0.818929 -5.21197 -0.818929 -5.21197 -0.403973 0.557462 -0.403973 -0.557462 
1 1 0 7.35601 0.110584 2.86124 -0.818701 -5.2097 -0.818701 -5.2097 -0.403001 0.558371 -0.403001 -0.558371 
1 1 0 7.35156 0.110584 2.86376 -0.818472 -5.20743 -0.818472 -5.20743 -0.402019 0.559284 -0.402019 -0.559284 
1 1 0 7.34711 0.110584 2.8663 -0.818244 -5.20516 -0.818244 -5.20516 -0.401026 0.560201 -0.401026 -0.560201 
1 1 0 7.34266 0.110584 2.86887 -0.818015 -5.20288 -0.818015 -5.20288 -0.400024 0.561122 -0.400024 -0.561122 
1 1 0 7.33822 0.110584 2.87146 -0.817786 -5.20061 -0.817786 -5.20061 -0.399011 0.562047 -0.399011 -0.562047 
1 1 0 7.33377 0.110584 2.87407 -0.817557 -5.19834 -0.817557 -5.19834 -0.397988 0.562976 -0.397988 -0.562976 
1 1 0 7.32932 0.110584 2.87671 -0.817328 -5.19606 -0.817328 -5.19606 -0.396955 0.563909 -0.396955 -0.563909 
1 1 0 7.32488 0.110584 2.87937 -0.817099 -5.19379 -0.817099 -5.19379 -0.395912 0.564846 -0.395912 -0.564846 
1 1 0 7.32043 0.110584 2.88205 -0.816869 -5.19151 -0.816869 -5.19151 -0.394858 0.565786 -0.394858 -0.565786 
1 1 0 7.31599 0.110584 2.88476 -0.81664 -5.18923 -0.81664 -5.18923 -0.393795 0.56673 -0.393795 -0.56673 
1 1 0 7.31154 0.110584 2.88749 -0.81641 -5.18695 -0.81641 -5.18695 -0.392721 0.567678 -0.392721 -0.567678 
1 1 0 7.3071 0.110584 2.89025 -0.81618 -5.18467 -0.81618 -5.18467 -0.391636 0.568629 -0.391636 -0.568629 
1 1 0 7.30266 0.110584 2.89303 -0.81595 -5.18239 -0.81595 -5.18239 -0.390541 0.569584 -0.390541 -0.569584 
1 1 0 7.29821 0.110584 2.89584 -0.81572 -5.1801 -0.81572 -5.1801 -0.389437 0.570542 -0.389437 -0.570542 
1 1 0 7.29377 0.110584 2.89867 -0.815489 -5.17782 -0.815489 -5.17782 -0.388321 0.571503 -0.388321 -0.571503 
1 1 0 7.28933 0.110584 2.90152 -0.815259 -5.17553 -0.815259 -5.17553 -0.387196 0.572468 -0.387196 -0.572468 
1 1 0 7.28489 0.110584 2.9044 -0.815028 -5.17325 -0.815028 -5.17325 -0.38606 0.573435 -0.38606 -0.573435 
1 1 0 7.28045 0.110584 2.9073 -0.814797 -5.17096 -0.814797 -5.17096 -0.384913 0.574406 -0.384913 -0.574406 
1 1 0 7.27601 0.110584 2.91023 -0.814567 -5.16867 -0.814567 -5.16867 -0.383757 0.57538 -0.383757 -0.57538 
1 1 0 7.27157 0.110584 2.91318 -0.814335 -5.16638 -0.814335 -5.16638 -0.38259 0.576357 -0.38259 -0.576357 
1 1 0 7.26714 0.110584 2.91615 -0.814104 -5.16409 -0.814104 -5.16409 -0.381412 0.577337 -0.381412 -0.577337 
1 1 0 7.2627 0.110584 2.91915 -0.813873 -5.1618 -0.813873 -5.1618 -0.380224 0.578319 -0.380224 -0.578319 
1 1 0 7.25826 0.110584 2.92218 -0.813641 -5.1595 -0.813641 -5.1595 -0.379026 0.579305 -0.379026 -0.579305 
1 1 0 7.25382 0.110584 2.92523 -0.81341 -5.15721 -0.81341 -5.15721 -0.377817 0.580293 -0.377817 -0.580293 
1 1 0 7.24939 0.110584 2.9283 -0.813178 -5.15491 -0.813178 -5.15491 -0.376598 0.581284 -0.376598 -0.581284 
1 1 0 7.24495 0.110584 2.9314 -0.812946 -5.15262 -0.812946 -5.15262 -0.375368 0.582277 -0.375368 -0.582277 
1 1 0 7.24052 0.110584 2.93453 -0.812714 -5.15032 -0.812714 -5.15032 -0.374128 0.583273 -0.374128 -0.583273 
1 1 0 7.23608 0.110584 2.93768 -0.812481 -5.14802 -0.812481 -5.14802 -0.372877 0.584271 -0.372877 -0.584271 
1 1 0 7.23165 0.110584 2.94086 -0.812249 -5.14572 -0.812249 -5.14572 -0.371616 0.585272 -0.371616 -0.585272 
1 1 0 7.22722 0.110584 2.94406 -0.812017 -5.14342 -0.812017 -5.14342 -0.370344 0.586275 -0.370344 -0.586275 
1 1 0 7.22279 0.110584 2.94728 -0.811784 -5.14111 -0.811784 -5.14111 -0.369062 0.587279 -0.369062 -0.587279 
1 1 0 7.21836 0.110584 2.95054 -0.811551 -5.13881 -0.811551 -5.13881 -0.367769 0.588286 -0.367769 -0.588286 
1 1 0 7.21392 0.110584 2.95382 -0.811318 -5.13651 -0.811318 -5.13651 -0.366465 0.589296 -0.366465 -0.589296 
1 1 0 7.20949 0.110584 2.95712 -0.811085 -5.1342 -0.811085 -5.1342 -0.365151 0.590307 -0.365151 -0.590307 
1 1 0 7.20506 0.110584 2.96045 -0.810851 -5.13189 -0.810851 -5.13189 -0.363827 0.59132 -0.363827 -0.59132 
1 1 0 7.20064 0.110584 2.96381 -0.810618 -5.12958 -0.810618 -5.12958 -0.362491 0.592335 -0.362491 -0.592335 
1 1 0 7.19621 0.110584 2.96719 -0.810384 -5.12727 -0.810384 -5.12727 -0.361145 0.593352 -0.361145 -0.593352 
1 1 0 7.19178 0.110584 2.9706 -0.810151 -5.12496 -0.810151 -5.12496 -0.359789 0.594371 -0.359789 -0.594371 
1 1 0 7.18735 0.110584 2.97404 -0.809917 -5.12265 -0.809917 -5.12265 -0.358421 0.595391 -0.358421 -0.595391 
1 1 0 7.18293 0.110584 2.9775 -0.809683 -5.12034 -0.809683 -5.12034 -0.357043 0.596412 -0.357043 -0.596412 
1 1 0 7.1785 0.110584 2.98099 -0.809448 -5.11802 -0.809448 -5.11802 -0.355655 0.597435 -0.355655 -0.597435 
1 1 0 7.17408 0.110584 2.9845 -0.809214 -5.11571 -0.809214 -5.11571 -0.354255 0.59846 -0.354255 -0.59846 
1 1 0 7.16965 0.110584 2.98804 -0.80898 -5.11339 -0.80898 -5.11339 -0.352845 0.599486 -0.352845 -0.599486 
1 1 0 7.16523 0.110584 2.99161 -0.808745 -5.11107 -0.808745 -5.11107 -0.351424 0.600513 -0.351424 -0.600513 
1 1 0 7.1608 0.110584 2.99521 -0.80851 -5.10875 -0.80851 -5.10875 -0.349993 0.601542 -0.349993 -0.601542 
1 1 0 7.15638 0.110584 2.99883 -0.808275 -5.10643 -0.808275 -5.10643 -0.34855 0.602571 -0.34855 -0.602571 
1 1 0 7.15196 0.110584 3.00248 -0.80804 -5.10411 -0.80804 -5.10411 -0.347097 0.603602 -0.347097 -0.603602 
1 1 0 7.14754 0.110584 3.00616 -0.807805 -5.10179 -0.807805 -5.10179 -0.345633 0.604633 -0.345633 -0.604633 
1 1 0 7.14312 0.110584 3.00987 -0.807569 -5.09946 -0.807569 -5.09946 -0.344158 0.605666 -0.344158 -0.605666 
1 1 0 7.1387 0.110584 3.0136 -0.807334 -5.09714 -0.807334 -5.09714 -0.342672 0.606699 -0.342672 -0.606699 
1 1 0 7.13428 0.110584 3.01736 -0.807098 -5.09481 -0.807098 -5.09481 -0.341175 0.607733 -0.341175 -0.607733 
1 1 0 7.12986 0.110584 3.02115 -0.806862 -5.09248 -0.806862 -5.09248 -0.339668 0.608768 -0.339668 -0.608768 
1 1 0 7.12544 0.110584 3.02497 -0.806626 -5.09015 -0.806626 -5.09015 -0.338149 0.609803 -0.338149 -0.609803 
1 1 0 7.12102 0.110584 3.02882 -0.80639 -5.08782 -0.80639 -5.08782 -0.33662 0.610839 -0.33662 -0.610839 
1 1 0 7.11661 0.110584 3.03269 -0.806154 -5.08549 -0.806154 -5.08549 -0.33508 0.611875 -0.33508 -0.611875 
1 1 0 7.11219 0.110584 3.0366 -0.805917 -5.08316 -0.805917 -5.08316 -0.333528 0.612912 -0.333528 -0.612912 
1 1 0 7.10778 0.110584 3.04053 -0.805681 -5.08082 -0.805681 -5.08082 -0.331966 0.613949 -0.331966 -0.613949 
1 1 0 7.10336 0.110584 3.04449 -0.805444 -5.07849 -0.805444 -5.07849 -0.330393 0.614986 -0.330393 -0.614986 
1 1 0 7.09895 0.110584 3.04848 -0.805207 -5.07615 -0.805207 -5.07615 -0.328809 0.616023 -0.328809 -0.616023 
1 1 0 7.09453 0.110584 3.0525 -0.80497 -5.07381 -0.80497 -5.07381 -0.327214 0.617061 -0.327214 -0.617061 
1 1 0 7.09012 0.110584 3.05655 -0.804733 -5.07147 -0.804733 -5.07147 -0.325607 0.618098 -0.325607 -0.618098 
1 1 0 7.08571 0.110584 3.06063 -0.804496 -5.06913 -0.804496 -5.06913 -0.32399 0.619135 -0.32399 -0.619135 
1 1 0 7.0813 0.110584 3.06474 -0.804258 -5.06679 -0.804258 -5.06679 -0.322362 0.620173 -0.322362 -0.620173 
1 1 0 7.07689 0.110584 3.06888 -0.80402 -5.06445 -0.80402 -5.06445 -0.320722 0.621209 -0.320722 -0.621209 
1 1 0 7.07248 0.110584 3.07305 -0.803783 -5.0621 -0.803783 -5.0621 -0.319072 0.622246 -0.319072 -0.622246 
1 1 0 7.06807 0.110584 3.07725 -0.803545 -5.05976 -0.803545 -5.05976 -0.31741 0.623282 -0.31741 -0.623282 
1 1 0 7.06366 0.110584 3.08148 -0.803306 -5.05741 -0.803306 -5.05741 -0.315737 0.624318 -0.315737 -0.624318 
1 1 0 7.05925 0.110584 3.08574 -0.803068 -5.05506 -0.803068 -5.05506 -0.314053 0.625353 -0.314053 -0.625353 
1 1 0 7.05484 0.110584 3.09003 -0.80283 -5.05271 -0.80283 -5.05271 -0.312357 0.626388 -0.312357 -0.626388 
1 1 0 7.05044 0.110584 3.09435 -0.802591 -5.05036 -0.802591 -5.05036 -0.310651 0.627422 -0.310651 -0.627422 
1 1 0 7.04603 0.110584 3.0987 -0.802353 -5.04801 -0.802353 -5.04801 -0.308933 0.628455 -0.308933 -0.628455 
1 1 0 7.04163 0.110584 3.10309 -0.802114 -5.04566 -0.802114 -5.04566 -0.307205 0.629487 -0.307205 -0.629487 
1 1 0 7.03722 0.110584 3.1075 -0.801875 -5.0433 -0.801875 -5.0433 -0.305464 0.630518 -0.305464 -0.630518 
1 1 0 7.03282 0.110584 3.11195 -0.801636 -5.04095 -0.801636 -5.04095 -0.303713 0.631549 -0.303713 -0.631549 
1 1 0 7.02842 0.110584 3.11643 -0.801396 -5.03859 -0.801396 -5.03859 -0.30195 0.632578 -0.30195 -0.632578 
1 1 0 7.02401 0.110584 3.12095 -0.801157 -5.03623 -0.801157 -5.03623 -0.300176 0.633606 -0.300176 -0.633606 
1 1 0 7.01961 0.110584 3.12549 -0.800917 -5.03387 -0.800917 -5.03387 -0.29839 0.634633 -0.29839 -0.634633 
1 1 0 7.01521 0.110584 3.13007 -0.800677 -5.03151 -0.800677 -5.03151 -0.296594 0.635658 -0.296594 -0.635658 
1 1 0 7.01081 0.110584 3.13468 -0.800438 -5.02915 -0.800438 -5.02915 -0.294785 0.636682 -0.294785 -0.636682 
1 1 0 7.00641 0.110584 3.13932 -0.800197 -5.02678 -0.800197 -5.02678 -0.292966 0.637705 -0.292966 -0.637705 
1 1 0 7.00201 0.110584 3.144 -0.799957 -5.02442 -0.799957 -5.02442 -0.291135 0.638726 -0.291135 -0.638726 
1 1 0 6.99762 0.110584 3.14871 -0.799717 -5.02205 -0.799717 -5.02205 -0.289292 0.639745 -0.289292 -0.639745 
1 1 0 6.99322 0.110584 3.15346 -0.799476 -5.01968 -0.799476 -5.01968 -0.287438 0.640763 -0.287438 -0.640763 
1 1 0 6.98882 0.110584 3.15824 -0.799236 -5.01731 -0.799236 -5.01731 -0.285573 0.641778 -0.285573 -0.641778 
1 1 0 6.98443 0.110584 3.16305 -0.798995 -5.01494 -0.798995 -5.01494 -0.283696 0.642792 -0.283696 -0.642792 
1 1 0 6.98003 0.110584 3.1679 -0.798754 -5.01257 -0.798754 -5.01257 -0.281807 0.643804 -0.281807 -0.643804 
1 1 0 6.97564 0.110584 3.17278 -0.798513 -5.0102 -0.798513 -5.0102 -0.279907 0.644814 -0.279907 -0.644814 
1 1 0 6.97124 0.110584 3.1777 -0.798272 -5.00782 -0.798272 -5.00782 -0.277996 0.645821 -0.277996 -0.645821 
1 1 0 6.96685 0.110584 3.18265 -0.79803 -5.00544 -0.79803 -5.00544 -0.276073 0.646827 -0.276073 -0.646827 
1 1 0 6.96246 0.110584 3.18764 -0.797789 -5.00307 -0.797789 -5.00307 -0.274138 0.64783 -0.274138 -0.64783 
1 1 0 6.95807 0.110584 3.19266 -0.797547 -5.00069 -0.797547 -5.00069 -0.272191 0.64883 -0.272191 -0.64883 
1 1 0 6.95368 0.110584 3.19772 -0.797305 -4.99831 -0.797305 -4.99831 -0.270233 0.649829 -0.270233 -0.649829 
1 1 0 6.94929 0.110584 3.20282 -0.797063 -4.99592 -0.797063 -4.99592 -0.268263 0.650824 -0.268263 -0.650824 
1 1 0 6.9449 0.110584 3.20795 -0.796821 -4.99354 -0.796821 -4.99354 -0.266282 0.651817 -0.266282 -0.651817 
1 1 0 6.94051 0.110584 3.21312 -0.796579 -4.99116 -0.796579 -4.99116 -0.264289 0.652807 -0.264289 -0.652807 
1 1 0 6.93613 0.110584 3.21833 -0.796336 -4.98877 -0.796336 -4.98877 -0.262284 0.653794 -0.262284 -0.653794 
1 1 0 6.93174 0.110584 3.22358 -0.796093 -4.98638 -0.796093 -4.98638 -0.260267 0.654779 -0.260267 -0.654779 
1 1 0 6.92735 0.110584 3.22886 -0.795851 -4.98399 -0.795851 -4.98399 -0.258238 0.65576 -0.258238 -0.65576 
1 1 0 6.92297 0.110584 3.23418 -0.795608 -4.9816 -0.795608 -4.9816 -0.256198 0.656739 -0.256198 -0.656739 
1 1 0 6.91859 0.110584 3.23954 -0.795365 -4.97921 -0.795365 -4.97921 -0.254146 0.657714 -0.254146 -0.657714 
1 1 0 6.9142 0.110584 3.24494 -0.795122 -4.97682 -0.795122 -4.97682 -0.252082 0.658686 -0.252082 -0.658686 
1 1 0 6.90982 0.110584 3.25037 -0.794878 -4.97442 -0.794878 -4.97442 -0.250006 0.659654 -0.250006 -0.659654 
1 1 0 6.90544 0.110584 3.25585 -0.794635 -4.97202 -0.794635 -4.97202 -0.247918 0.660619 -0.247918 -0.660619 
1 1 0 6.90106 0.110584 3.26137 -0.794391 -4.96963 -0.794391 -4.96963 -0.245818 0.661581 -0.245818 -0.661581 
1 1 0 6.89668 0.110584 3.26692 -0.794147 -4.96723 -0.794147 -4.96723 -0.243706 0.662539 -0.243706 -0.662539 
1 1 0 6.8923 0.110584 3.27252 -0.793903 -4.96483 -0.793903 -4.96483 -0.241583 0.663493 -0.241583 -0.663493 
1 1 0 6.88792 0.110584 3.27816 -0.793659 -4.96242 -0.793659 -4.96242 -0.239447 0.664443 -0.239447 -0.664443 
1 1 0 6.88354 0.110584 3.28384 -0.793415 -4.96002 -0.793415 -4.96002 -0.237299 0.66539 -0.237299 -0.66539 
1 1 0 6.87917 0.110584 3.28956 -0.79317 -4.95761 -0.79317 -4.95761 -0.235139 0.666333 -0.235139 -0.666333 
1 1 0 6.87479 0.110584 3.29532 -0.792926 -4.95521 -0.792926 -4.95521 -0.232967 0.667271 -0.232967 -0.667271 
1 1 0 6.87042 0.110584 3.30112 -0.792681 -4.9528 -0.792681 -4.9528 -0.230783 0.668205 -0.230783 -0.668205 
1 1 0 6.86604 0.110584 3.30697 -0.792436 -4.95039 -0.792436 -4.95039 -0.228587 0.669136 -0.228587 -0.669136 
1 1 0 6.86167 0.110584 3.31286 -0.792191 -4.94798 -0.792191 -4.94798 -0.226379 0.670061 -0.226379 -0.670061 
1 1 0 6.8573 0.110584 3.31879 -0.791946 -4.94556 -0.791946 -4.94556 -0.224158 0.670983 -0.224158 -0.670983 
1 1 0 6.85293 0.110584 3.32477 -0.791701 -4.94315 -0.791701 -4.94315 -0.221925 0.671899 -0.221925 -0.671899 
1 1 0 6.84856 0.110584 3.33079 -0.791455 -4.94073 -0.791455 -4.94073 -0.21968 0.672811 -0.21968 -0.672811 
1 1 0 6.84419 0.110584 3.33686 -0.79121 -4.93831 -0.79121 -4.93831 -0.217423 0.673719 -0.217423 -0.673719 
1 1 0 6.83982 0.110584 3.34297 -0.790964 -4.93589 -0.790964 -4.93589 -0.215153 0.674621 -0.215153 -0.674621 
1 1 0 6.83545 0.110584 3.34912 -0.790718 -4.93347 -0.790718 -4.93347 -0.212871 0.675519 -0.212871 -0.675519 
1 1 0 6.83108 0.110584 3.35533 -0.790472 -4.93105 -0.790472 -4.93105 -0.210577 0.676411 -0.210577 -0.676411 
1 1 0 6.82672 0.110584 3.36157 -0.790226 -4.92863 -0.790226 -4.92863 -0.20827 0.677299 -0.20827 -0.677299 
1 1 0 6.82235 0.110584 3.36787 -0.78998 -4.9262 -0.78998 -4.9262 -0.205951 0.678182 -0.205951 -0.678182 
1 1 0 6.81799 0.110584 3.37421 -0.789733 -4.92377 -0.789733 -4.92377 -0.203619 0.679058 -0.203619 -0.679058 
1 1 0 6.81362 0.110584 3.3806 -0.789486 -4.92134 -0.789486 -4.92134 -0.201275 0.67993 -0.201275 -0.67993 
1 1 0 6.80926 0.110584 3.38704 -0.78924 -4.91891 -0.78924 -4.91891 -0.198918 0.680796 -0.198918 -0.680796 
1 1 0 6.8049 0.110584 3.39352 -0.788993 -4.91648 -0.788993 -4.91648 -0.196549 0.681657 -0.196549 -0.681657 
1 1 0 6.80054 0.110584 3.40006 -0.788746 -4.91405 -0.788746 -4.91405 -0.194168 0.682511 -0.194168 -0.682511 
1 1 0 6.79618 0.110584 3.40664 -0.788498 -4.91161 -0.788498 -4.91161 -0.191773 0.68336 -0.191773 -0.68336 
1 1 0 6.79182 0.110584 3.41328 -0.788251 -4.90917 -0.788251 -4.90917 -0.189366 0.684203 -0.189366 -0.684203 
1 1 0 6.78746 0.110584 3.41996 -0.788003 -4.90673 -0.788003 -4.90673 -0.186947 0.68504 -0.186947 -0.68504 
1 1 0 6.78311 0.110584 3.4267 -0.787756 -4.90429 -0.787756 -4.90429 -0.184514 0.685871 -0.184514 -0.685871 
1 1 0 6.77875 0.110584 3.43349 -0.787508 -4.90185 -0.787508 -4.90185 -0.182069 0.686696 -0.182069 -0.686696 
1 1 0 6.7744 0.110584 3.44033 -0.78726 -4.89941 -0.78726 -4.89941 -0.179612 0.687514 -0.179612 -0.687514 
1 1 0 6.77004 0.110584 3.44722 -0.787012 -4.89696 -0.787012 -4.89696 -0.177141 0.688326 -0.177141 -0.688326 
1 1 0 6.76569 0.110584 3.45417 -0.786764 -4.89451 -0.786764 -4.89451 -0.174658 0.689132 -0.174658 -0.689132 
1 1 0 6.76134 0.110584 3.46117 -0.786515 -4.89206 -0.786515 -4.89206 -0.172161 0.689931 -0.172161 -0.689931 
1 1 0 6.75699 0.110584 3.46822 -0.786267 -4.88961 -0.786267 -4.88961 -0.169652 0.690722 -0.169652 -0.690722 
1 1 0 6.75264 0.110584 3.47533 -0.786018 -4.88716 -0.786018 -4.88716 -0.16713 0.691507 -0.16713 -0.691507 
1 1 0 6.74829 0.110584 3.4825 -0.785769 -4.88471 -0.785769 -4.88471 -0.164595 0.692286 -0.164595 -0.692286 
1 1 0 6.74394 0.110584 3.48972 -0.78552 -4.88225 -0.78552 -4.88225 -0.162047 0.693057 -0.162047 -0.693057 
1 1 0 6.73959 0.110584 3.497 -0.785271 -4.87979 -0.785271 -4.87979 -0.159486 0.693821 -0.159486 -0.693821 
1 1 0 6.73525 0.110584 3.50433 -0.785022 -4.87733 -0.785022 -4.87733 -0.156912 0.694577 -0.156912 -0.694577 
1 1 0 6.7309 0.110584 3.51173 -0.784772 -4.87487 -0.784772 -4.87487 -0.154324 0.695326 -0.154324 -0.695326 
1 1 0 6.72656 0.110584 3.51918 -0.784523 -4.87241 -0.784523 -4.87241 -0.151724 0.696068 -0.151724 -0.696068 
1 1 0 6.72222 0.110584 3.52669 -0.784273 -4.86994 -0.784273 -4.86994 -0.14911 0.696802 -0.14911 -0.696802 
1 1 0 6.71788 0.110584 3.53426 -0.784023 -4.86747 -0.784023 -4.86747 -0.146484 0.697528 -0.146484 -0.697528 
1 1 0 6.71353 0.110584 3.5419 -0.783773 -4.865 -0.783773 -4.865 -0.143843 0.698246 -0.143843 -0.698246 
1 1 0 6.7092 0.110584 3.54959 -0.783523 -4.86253 -0.783523 -4.86253 -0.14119 0.698957 -0.14119 -0.698957 
1 1 0 6.70486 0.110584 3.55735 -0.783272 -4.86006 -0.783272 -4.86006 -0.138523 0.699659 -0.138523 -0.699659 
1 1 0 6.70052 0.110584 3.56517 -0.783022 -4.85758 -0.783022 -4.85758 -0.135843 0.700353 -0.135843 -0.700353 
1 1 0 6.69618 0.110584 3.57305 -0.782771 -4.85511 -0.782771 -4.85511 -0.13315 0.701038 -0.13315 -0.701038 
1 1 0 6.69185 0.110584 3.581 -0.782521 -4.85263 -0.782521 -4.85263 -0.130443 0.701715 -0.130443 -0.701715 
1 1 0 6.68751 0.110584 3.58901 -0.78227 -4.85015 -0.78227 -4.85015 -0.127722 0.702384 -0.127722 -0.702384 
1 1 0 6.68318 0.110584 3.59709 -0.782019 -4.84767 -0.782019 -4.84767 -0.124988 0.703043 -0.124988 -0.703043 
1 1 0 6.67885 0.110584 3.60524 -0.781767 -4.84518 -0.781767 -4.84518 -0.12224 0.703694 -0.12224 -0.703694 
1 1 0 6.67452 0.110584 3.61346 -0.781516 -4.8427 -0.781516 -4.8427 -0.119479 0.704336 -0.119479 -0.704336 
1 1 0 6.67019 0.110584 3.62174 -0.781265 -4.84021 -0.781265 -4.84021 -0.116704 0.704969 -0.116704 -0.704969 
1 1 0 6.66586 0.110584 3.63009 -0.781013 -4.83772 -0.781013 -4.83772 -0.113915 0.705592 -0.113915 -0.705592 
1 1 0 6.66153 0.110584 3.63851 -0.780761 -4.83523 -0.780761 -4.83523 -0.111113 0.706206 -0.111113 -0.706206 
1 1 0 6.65721 0.110584 3.64701 -0.780509 -4.83273 -0.780509 -4.83273 -0.108297 0.706811 -0.108297 -0.706811 
1 1 0 6.65288 0.110584 3.65558 -0.780257 -4.83024 -0.780257 -4.83024 -0.105467 0.707406 -0.105467 -0.707406 
1 1 0 6.64856 0.110584 3.66422 -0.780005 -4.82774 -0.780005 -4.82774 -0.102622 0.707991 -0.102622 -0.707991 
1 1 0 6.64424 0.110584 3.67293 -0.779753 -4.82524 -0.779753 -4.82524 -0.0997644 0.708567 -0.0997644 -0.708567 
1 1 0 6.63991 0.110584 3.68172 -0.7795 -4.82273 -0.7795 -4.82273 -0.0968925 0.709132 -0.0968925 -0.709132 
1 1 0 6.63559 0.110584 3.69058 -0.779248 -4.82023 -0.779248 -4.82023 -0.0940062 0.709687 -0.0940062 -0.709687 
1 1 0 6.63127 0.110584 3.69952 -0.778995 -4.81772 -0.778995 -4.81772 -0.0911061 0.710231 -0.0911061 -0.710231 
1 1 0 6.62696 0.110584 3.70855 -0.778742 -4.81521 -0.778742 -4.81521 -0.0881917 0.710766 -0.0881917 -0.710766 
1 1 0 6.62264 0.110584 3.71764 -0.778489 -4.8127 -0.778489 -4.8127 -0.0852631 0.711289 -0.0852631 -0.711289 
1 1 0 6.61833 0.110584 3.72682 -0.778236 -4.81019 -0.778236 -4.81019 -0.0823203 0.711802 -0.0823203 -0.711802 
1 1 0 6.61401 0.110584 3.73609 -0.777982 -4.80768 -0.777982 -4.80768 -0.0793631 0.712304 -0.0793631 -0.712304 
1 1 0 6.6097 0.110584 3.74543 -0.777729 -4.80516 -0.777729 -4.80516 -0.0763916 0.712795 -0.0763916 -0.712795 
1 1 0 6.60539 0.110584 3.75486 -0.777475 -4.80264 -0.777475 -4.80264 -0.0734055 0.713274 -0.0734055 -0.713274 
1 1 0 6.60108 0.110584 3.76437 -0.777222 -4.80012 -0.777222 -4.80012 -0.0704049 0.713742 -0.0704049 -0.713742 
1 1 0 6.59677 0.110584 3.77397 -0.776968 -4.79759 -0.776968 -4.79759 -0.06739 0.714199 -0.06739 -0.714199 
1 1 0 6.59246 0.110584 3.78365 -0.776714 -4.79507 -0.776714 -4.79507 -0.0643603 0.714644 -0.0643603 -0.714644 
1 1 0 6.58815 0.110584 3.79343 -0.77646 -4.79254 -0.77646 -4.79254 -0.061316 0.715077 -0.061316 -0.715077 
1 1 0 6.58385 0.110584 3.80329 -0.776205 -4.79001 -0.776205 -4.79001 -0.058257 0.715498 -0.058257 -0.715498 
1 1 0 6.57955 0.110584 3.81325 -0.775951 -4.78748 -0.775951 -4.78748 -0.0551831 0.715907 -0.0551831 -0.715907 
1 1 0 6.57524 0.110584 3.8233 -0.775696 -4.78494 -0.775696 -4.78494 -0.0520944 0.716304 -0.0520944 -0.716304 
1 1 0 6.57094 0.110584 3.83344 -0.775442 -4.7824 -0.775442 -4.7824 -0.0489908 0.716688 -0.0489908 -0.716688 
1 1 0 6.56664 0.110584 3.84367 -0.775187 -4.77986 -0.775187 -4.77986 -0.0458722 0.717059 -0.0458722 -0.717059 
1 1 0 6.56235 0.110584 3.85401 -0.774932 -4.77732 -0.774932 -4.77732 -0.0427385 0.717418 -0.0427385 -0.717418 
1 1 0 6.55805 0.110584 3.86444 -0.774677 -4.77478 -0.774677 -4.77478 -0.0395897 0.717764 -0.0395897 -0.717764 
1 1 0 6.55375 0.110584 3.87497 -0.774421 -4.77223 -0.774421 -4.77223 -0.0364258 0.718096 -0.0364258 -0.718096 
1 1 0 6.54946 0.110584 3.88561 -0.774166 -4.76968 -0.774166 -4.76968 -0.0332466 0.718415 -0.0332466 -0.718415 
1 1 0 6.54517 0.110584 3.89634 -0.77391 -4.76713 -0.77391 -4.76713 -0.0300521 0.71872 -0.0300521 -0.71872 
1 1 0 6.54088 0.110584 3.90718 -0.773655 -4.76458 -0.773655 -4.76458 -0.0268419 0.719012 -0.0268419 -0.719012 
1 1 0 6.53659 0.110584 3.91813 -0.773399 -4.76202 -0.773399 -4.76202 -0.0236165 0.71929 -0.0236165 -0.71929 
1 1 0 6.5323 0.110584 3.92919 -0.773143 -4.75946 -0.773143 -4.75946 -0.0203753 0.719554 -0.0203753 -0.719554 
1 1 0 6.52801 0.110584 3.94035 -0.772887 -4.7569 -0.772887 -4.7569 -0.0171188 0.719803 -0.0171188 -0.719803 
1 1 0 6.52373 0.110584 3.95163 -0.772631 -4.75433 -0.772631 -4.75433 -0.0138464 0.720038 -0.0138464 -0.720038 
1 1 0 6.51945 0.110584 3.96302 -0.772374 -4.75177 -0.772374 -4.75177 -0.0105581 0.720258 -0.0105581 -0.720258 
1 1 0 6.51516 0.110584 3.97452 -0.772118 -4.7492 -0.772118 -4.7492 -0.00725411 0.720463 -0.00725411 -0.720463 
1 1 0 6.51088 0.110584 3.98615 -0.771861 -4.74663 -0.771861 -4.74663 -0.00393421 0.720653 -0.00393421 -0.720653 
1 1 0 6.50661 0.110584 3.99789 -0.771605 -4.74405 -0.771605 -4.74405 -0.000598151 0.720828 -0.000598151 -0.720828 
1 1 0 6.50233 0.110584 4.00975 -0.771348 -4.74147 -0.771348 -4.74147 0.00275405 0.720987 0.00275405 -0.720987 
1 1 0 6.49805 0.110584 4.02174 -0.771091 -4.73889 -0.771091 -4.73889 0.00612238 0.721131 0.00612238 -0.721131 
1 1 0 6.49378 0.110584 4.03385 -0.770834 -4.73631 -0.770834 -4.73631 0.00950707 0.721258 0.00950707 -0.721258 
1 1 0 6.48951 0.110584 4.04609 -0.770577 -4.73373 -0.770577 -4.73373 0.0129084 0.721369 0.0129084 -0.721369 
1 1 0 6.48524 0.110584 4.05846 -0.770319 -4.73114 -0.770319 -4.73114 0.0163261 0.721464 0.0163261 -0.721464 
1 1 0 6.48097 0.110584 4.07096 -0.770062 -4.72855 -0.770062 -4.72855 0.0197602 0.721542 0.0197602 -0.721542 
1 1 0 6.4767 0.110584 4.08359 -0.769804 -4.72595 -0.769804 -4.72595 0.0232112 0.721603 0.0232112 -0.721603 
1 1 0 6.47244 0.110584 4.09637 -0.769546 -4.72336 -0.769546 -4.72336 0.0266789 0.721648 0.0266789 -0.721648 
1 1 0 6.46817 0.110584 4.10928 -0.769288 -4.72076 -0.769288 -4.72076 0.0301635 0.721674 0.0301635 -0.721674 
1 1 0 6.46391 0.110584 4.12233 -0.76903 -4.71815 -0.76903 -4.71815 0.0336654 0.721684 0.0336654 -0.721684 
1 1 0 6.45965 0.110584 4.13553 -0.768772 -4.71555 -0.768772 -4.71555 0.0371841 0.721675 0.0371841 -0.721675 
1 1 0 6.45539 0.110584 4.14888 -0.768514 -4.71294 -0.768514 -4.71294 0.0407202 0.721648 0.0407202 -0.721648 
1 1 0 6.45114 0.110584 4.16238 -0.768256 -4.71033 -0.768256 -4.71033 0.0442735 0.721603 0.0442735 -0.721603 
1 1 0 6.44688 0.110584 4.17603 -0.767997 -4.70772 -0.767997 -4.70772 0.0478442 0.721539 0.0478442 -0.721539 
1 1 0 6.44263 0.110584 4.18983 -0.767739 -4.7051 -0.767739 -4.7051 0.0514326 0.721456 0.0514326 -0.721456 
1 1 0 6.43838 0.110584 4.2038 -0.76748 -4.70248 -0.76748 -4.70248 0.0550388 0.721354 0.0550388 -0.721354 
1 1 0 6.43413 0.110584 4.21793 -0.767221 -4.69986 -0.767221 -4.69986 0.0586628 0.721232 0.0586628 -0.721232 
1 1 0 6.42988 0.110584 4.23222 -0.766962 -4.69723 -0.766962 -4.69723 0.0623047 0.721091 0.0623047 -0.721091 
1 1 0 6.42564 0.110584 4.24668 -0.766703 -4.6946 -0.766703 -4.6946 0.0659646 0.720929 0.0659646 -0.720929 
1 1 0 6.4214 0.110584 4.26132 -0.766444 -4.69197 -0.766444 -4.69197 0.0696429 0.720747 0.0696429 -0.720747 
1 1 0 6.41716 0.110584 4.27613 -0.766184 -4.68933 -0.766184 -4.68933 0.0733394 0.720545 0.0733394 -0.720545 
1 1 0 6.41292 0.110584 4.29112 -0.765925 -4.68669 -0.765925 -4.68669 0.0770544 0.720321 0.0770544 -0.720321 
1 1 0 6.40868 0.110584 4.3063 -0.765665 -4.68405 -0.765665 -4.68405 0.080788 0.720076 0.080788 -0.720076 
1 1 0 6.40445 0.110584 4.32166 -0.765406 -4.6814 -0.765406 -4.6814 0.0845406 0.719809 0.0845406 -0.719809 
1 1 0 6.40021 0.110584 4.33721 -0.765146 -4.67875 -0.765146 -4.67875 0.0883121 0.719521 0.0883121 -0.719521 
1 1 0 6.39598 0.110584 4.35296 -0.764886 -4.6761 -0.764886 -4.6761 0.0921025 0.719209 0.0921025 -0.719209 
1 1 0 6.39176 0.110584 4.36891 -0.764626 -4.67345 -0.764626 -4.67345 0.0959123 0.718876 0.0959123 -0.718876 
1 1 0 6.38753 0.110584 4.38506 -0.764366 -4.67079 -0.764366 -4.67079 0.0997415 0.718519 0.0997415 -0.718519 
1 1 0 6.38331 0.110584 4.40142 -0.764106 -4.66812 -0.764106 -4.66812 0.10359 0.718139 0.10359 -0.718139 
1 1 0 6.37908 0.110584 4.41799 -0.763845 -4.66546 -0.763845 -4.66546 0.107459 0.717734 0.107459 -0.717734 
1 1 0 6.37487 0.110584 4.43479 -0.763585 -4.66278 -0.763585 -4.66278 0.111347 0.717306 0.111347 -0.717306 
1 1 0 6.37065 0.110584 4.4518 -0.763324 -4.66011 -0.763324 -4.66011 0.115256 0.716853 0.115256 -0.716853 
1 1 0 6.36643 0.110584 4.46905 -0.763064 -4.65743 -0.763064 -4.65743 0.119185 0.716375 0.119185 -0.716375 
1 1 0 6.36222 0.110584 4.48653 -0.762803 -4.65475 -0.762803 -4.65475 0.123134 0.715872 0.123134 -0.715872 
1 1 0 6.35801 0.110584 4.50424 -0.762542 -4.65207 -0.762542 -4.65207 0.127105 0.715343 0.127105 -0.715343 
1 1 0 6.35381 0.110584 4.52221 -0.762281 -4.64938 -0.762281 -4.64938 0.131096 0.714787 0.131096 -0.714787 
1 1 0 6.3496 0.110584 4.54042 -0.76202 -4.64668 -0.76202 -4.64668 0.135108 0.714205 0.135108 -0.714205 
1 1 0 6.3454 0.110584 4.55889 -0.761759 -4.64399 -0.761759 -4.64399 0.139141 0.713595 0.139141 -0.713595 
1 1 0 6.3412 0.110584 4.57763 -0.761498 -4.64129 -0.761498 -4.64129 0.143196 0.712958 0.143196 -0.712958 
1 1 0 6.337 0.110584 4.59663 -0.761236 -4.63858 -0.761236 -4.63858 0.147273 0.712292 0.147273 -0.712292 
1 1 0 6.33281 0.110584 4.61592 -0.760975 -4.63587 -0.760975 -4.63587 0.151372 0.711598 0.151372 -0.711598 
1 1 0 6.32862 0.110584 4.63549 -0.760713 -4.63316 -0.760713 -4.63316 0.155493 0.710875 0.155493 -0.710875 
1 1 0 6.32443 0.110584 4.65535 -0.760452 -4.63044 -0.760452 -4.63044 0.159637 0.710121 0.159637 -0.710121 
1 1 0 6.32024 0.110584 4.67551 -0.76019 -4.62772 -0.76019 -4.62772 0.163803 0.709338 0.163803 -0.709338 
1 1 0 6.31606 0.110584 4.69598 -0.759928 -4.62499 -0.759928 -4.62499 0.167992 0.708524 0.167992 -0.708524 
1 1 0 6.31188 0.110584 4.71676 -0.759666 -4.62226 -0.759666 -4.62226 0.172205 0.707678 0.172205 -0.707678 
1 1 0 6.3077 0.110584 4.73787 -0.759404 -4.61952 -0.759404 -4.61952 0.176441 0.7068 0.176441 -0.7068 
1 1 0 6.30353 0.110584 4.75932 -0.759142 -4.61679 -0.759142 -4.61679 0.180702 0.705889 0.180702 -0.705889 
1 1 0 6.29936 0.110584 4.7811 -0.75888 -4.61404 -0.75888 -4.61404 0.184986 0.704945 0.184986 -0.704945 
1 1 0 6.29519 0.110584 4.80324 -0.758618 -4.61129 -0.758618 -4.61129 0.189295 0.703968 0.189295 -0.703968 
1 1 0 6.29102 0.110584 4.82575 -0.758356 -4.60854 -0.758356 -4.60854 0.193628 0.702955 0.193628 -0.702955 
1 1 0 6.28686 0.110584 4.84863 -0.758093 -4.60578 -0.758093 -4.60578 0.197987 0.701907 0.197987 -0.701907 
1 1 0 6.2827 0.110584 4.87189 -0.757831 -4.60301 -0.757831 -4.60301 0.202371 0.700823 0.202371 -0.700823 
1 1 0 6.27855 0.110584 4.89555 -0.757568 -4.60025 -0.757568 -4.60025 0.206782 0.699702 0.206782 -0.699702 
1 1 0 6.2744 0.110584 4.91963 -0.757306 -4.59747 -0.757306 -4.59747 0.211218 0.698544 0.211218 -0.698544 
1 1 0 6.27025 0.110584 4.94412 -0.757043 -4.59469 -0.757043 -4.59469 0.215681 0.697347 0.215681 -0.697347 
1 1 0 6.2661 0.110584 4.96905 -0.75678 -4.59191 -0.75678 -4.59191 0.220171 0.69611 0.220171 -0.69611 
1 1 0 6.26196 0.110584 4.99443 -0.756518 -4.58912 -0.756518 -4.58912 0.224688 0.694834 0.224688 -0.694834 
1 1 0 6.25782 0.110584 5.02027 -0.756255 -4.58632 -0.756255 -4.58632 0.229233 0.693517 0.229233 -0.693517 
1 1 0 6.25369 0.110584 5.04659 -0.755992 -4.58352 -0.755992 -4.58352 0.233807 0.692157 0.233807 -0.692157 
1 1 0 6.24956 0.110584 5.07341 -0.755729 -4.58072 -0.755729 -4.58072 0.238409 0.690755 0.238409 -0.690755 
1 1 0 6.24543 0.110584 5.10074 -0.755466 -4.57791 -0.755466 -4.57791 0.243041 0.689308 0.243041 -0.689308 
1 1 0 6.24131 0.110584 5.12859 -0.755203 -4.57509 -0.755203 -4.57509 0.247702 0.687817 0.247702 -0.687817 
1 1 0 6.23719 0.110584 5.157 -0.75494 -4.57226 -0.75494 -4.57226 0.252393 0.686279 0.252393 -0.686279 
1 1 0 6.23308 0.110584 5.18598 -0.754677 -4.56943 -0.754677 -4.56943 0.257115 0.684695 0.257115 -0.684695 
1 1 0 6.22897 0.110584 5.21554 -0.754414 -4.5666 -0.754414 -4.5666 0.261868 0.683062 0.261868 -0.683062 
1 1 0 6.22487 0.110584 5.24572 -0.754151 -4.56376 -0.754151 -4.56376 0.266653 0.681379 0.266653 -0.681379 
1 1 0 6.22077 0.110584 5.27652 -0.753887 -4.56091 -0.753887 -4.56091 0.271471 0.679645 0.271471 -0.679645 
1 1 0 6.21667 0.110584 5.30799 -0.753624 -4.55805 -0.753624 -4.55805 0.276322 0.677859 0.276322 -0.677859 
1 1 0 6.21258 0.110584 5.34014 -0.753361 -4.55519 -0.753361 -4.55519 0.281206 0.676019 0.281206 -0.676019 
1 1 0 6.20849 0.110584 5.37299 -0.753098 -4.55232 -0.753098 -4.55232 0.286125 0.674124 0.286125 -0.674124 
1 1 0 6.20441 0.110584 5.40659 -0.752834 -4.54945 -0.752834 -4.54945 0.291078 0.672173 0.291078 -0.672173 
1 1 0 6.20033 0.110584 5.44096 -0.752571 -4.54656 -0.752571 -4.54656 0.296068 0.670163 0.296068 -0.670163 
1 1 0 6.19626 0.110584 5.47612 -0.752308 -4.54367 -0.752308 -4.54367 0.301095 0.668093 0.301095 -0.668093 
1 1 0 6.19219 0.110584 5.51212 -0.752045 -4.54078 -0.752045 -4.54078 0.306159 0.665962 0.306159 -0.665962 
1 1 0 6.18813 0.110584 5.54899 -0.751781 -4.53787 -0.751781 -4.53787 0.311261 0.663767 0.311261 -0.663767 
1 1 0 6.18408 0.110584 5.58677 -0.751518 -4.53496 -0.751518 -4.53496 0.316402 0.661506 0.316402 -0.661506 
1 1 0 6.18003 0.110584 5.6255 -0.751255 -4.53204 -0.751255 -4.53204 0.321583 0.659178 0.321583 -0.659178 
1 1 0 6.17598 0.110584 5.66522 -0.750992 -4.52911 -0.750992 -4.52911 0.326806 0.65678 0.326806 -0.65678 
1 1 0 6.17195 0.110584 5.70598 -0.750728 -4.52617 -0.750728 -4.52617 0.33207 0.65431 0.33207 -0.65431 
1 1 0 6.16792 0.110584 5.74783 -0.750465 -4.52323 -0.750465 -4.52323 0.337377 0.651766 0.337377 -0.651766 
1 1 0 6.16389 0.110584 5.79083 -0.750202 -4.52027 -0.750202 -4.52027 0.342729 0.649145 0.342729 -0.649145 
1 1 0 6.15987 0.110584 5.83502 -0.749939 -4.51731 -0.749939 -4.51731 0.348126 0.646444 0.348126 -0.646444 
1 1 0 6.15586 0.110584 5.88048 -0.749676 -4.51433 -0.749676 -4.51433 0.35357 0.643661 0.35357 -0.643661 
1 1 0 6.15186 0.110584 5.92726 -0.749413 -4.51135 -0.749413 -4.51135 0.359062 0.640792 0.359062 -0.640792 
1 1 0 6.14786 0.110584 5.97544 -0.74915 -4.50836 -0.74915 -4.50836 0.364603 0.637835 0.364603 -0.637835 
1 1 0 6.14387 0.110584 6.0251 -0.748888 -4.50536 -0.748888 -4.50536 0.370196 0.634785 0.370196 -0.634785 
1 1 0 6.13989 0.110584 6.07632 -0.748625 -4.50234 -0.748625 -4.50234 0.37584 0.63164 0.37584 -0.63164 
1 1 0 6.13591 0.110584 6.12918 -0.748363 -4.49932 -0.748363 -4.49932 0.381538 0.628396 0.381538 -0.628396 
1 1 0 6.13195 0.110584 6.18378 -0.7481 -4.49629 -0.7481 -4.49629 0.387292 0.625048 0.387292 -0.625048 
1 1 0 6.12799 0.110584 6.24024 -0.747838 -4.49324 -0.747838 -4.49324 0.393104 0.621591 0.393104 -0.621591 
1 1 0 6.12405 0.110584 6.29866 -0.747576 -4.49018 -0.747576 -4.49018 0.398975 0.618022 0.398975 -0.618022 
1 1 0 6.12011 0.110584 6.35917 -0.747314 -4.48711 -0.747314 -4.48711 0.404908 0.614336 0.404908 -0.614336 
1 1 0 6.11618 0.110584 6.42191 -0.747052 -4.48403 -0.747052 -4.48403 0.410905 0.610526 0.410905 -0.610526 
1 1 0 6.11226 0.110584 6.48702 -0.74679 -4.48094 -0.74679 -4.48094 0.416967 0.606587 0.416967 -0.606587 
1 1 0 6.10835 0.110584 6.55468 -0.746529 -4.47783 -0.746529 -4.47783 0.423099 0.602513 0.423099 -0.602513 
1 1 0 6.10446 0.110584 6.62507 -0.746268 -4.47471 -0.746268 -4.47471 0.429302 0.598297 0.429302 -0.598297 
1 1 0 6.10057 0.110584 6.69838 -0.746007 -4.47157 -0.746007 -4.47157 0.435578 0.593931 0.435578 -0.593931 
1 1 0 6.0967 0.110584 6.77484 -0.745746 -4.46842 -0.745746 -4.46842 0.441932 0.589407 0.441932 -0.589407 
1 1 0 6.09284 0.110584 6.85471 -0.745486 -4.46525 -0.745486 -4.46525 0.448367 0.584717 0.448367 -0.584717 
1 1 0 6.08899 0.110584 6.93825 -0.745226 -4.46207 -0.745226 -4.46207 0.454886 0.579851 0.454886 -0.579851 
1 1 0 6.08516 0.110584 7.02578 -0.744966 -4.45887 -0.744966 -4.45887 0.461493 0.574799 0.461493 -0.574799 
1 1 0 6.08134 0.110584 7.11766 -0.744707 -4.45565 -0.744707 -4.45565 0.468192 0.569549 0.468192 -0.569549 
1 1 0 6.07754 0.110584 7.21426 -0.744448 -4.45241 -0.744448 -4.45241 0.474988 0.564089 0.474988 -0.564089 
1 1 0 6.07375 0.110584 7.31605 -0.744189 -4.44916 -0.744189 -4.44916 0.481885 0.558404 0.481885 -0.558404 
1 1 0 6.06998 0.110584 7.42354 -0.743931 -4.44588 -0.743931 -4.44588 0.488889 0.552479 0.488889 -0.552479 
1 1 0 6.06623 0.110584 7.53732 -0.743673 -4.44259 -0.743673 -4.44259 0.496006 0.546297 0.496006 -0.546297 
1 1 0 6.0625 0.110584 7.65805 -0.743417 -4.43927 -0.743417 -4.43927 0.503243 0.539839 0.503243 -0.539839 
1 1 0 6.05879 0.110584 7.78653 -0.74316 -4.43593 -0.74316 -4.43593 0.510605 0.533082 0.510605 -0.533082 
1 1 0 6.0551 0.110584 7.92367 -0.742904 -4.43256 -0.742904 -4.43256 0.518102 0.526002 0.518102 -0.526002 
1 1 0 6.05144 0.110584 8.07055 -0.74265 -4.42917 -0.74265 -4.42917 0.525741 0.518571 0.525741 -0.518571 
1 1 0 6.0478 0.110584 8.22844 -0.742395 -4.42575 -0.742395 -4.42575 0.533532 0.510759 0.533532 -0.510759 
1 1 0 6.04419 0.110584 8.39887 -0.742142 -4.4223 -0.742142 -4.4223 0.541486 0.502527 0.541486 -0.502527 
1 1 0 6.04061 0.110584 8.58369 -0.74189 -4.41882 -0.74189 -4.41882 0.549615 0.493835 0.549615 -0.493835 
1 1 0 6.03706 0.110584 8.78514 -0.741639 -4.4153 -0.741639 -4.4153 0.557932 0.484632 0.557932 -0.484632 
1 1 0 6.03354 0.110584 9.006 -0.741389 -4.41175 -0.741389 -4.41175 0.566452 0.474861 0.566452 -0.474861 
1 1 0 6.03007 0.110584 9.24974 -0.74114 -4.40817 -0.74114 -4.40817 0.575192 0.464454 0.575192 -0.464454 
1 1 0 6.02664 0.110584 9.52078 -0.740893 -4.40454 -0.740893 -4.40454 0.584173 0.453327 0.584173 -0.453327 
1 1 0 6.02326 0.110584 9.82485 -0.740648 -4.40086 -0.740648 -4.40086 0.593416 0.441382 0.593416 -0.441382 
1 1 0 6.01993 0.110584 10.1695 -0.740405 -4.39714 -0.740405 -4.39714 0.60295 0.428494 0.60295 -0.428494 
1 1 0 6.01666 0.110584 10.5649 -0.740164 -4.39336 -0.740164 -4.39336 0.612803 0.414511 0.612803 -0.414511 
1 1 0 6.01346 0.110584 11.0253 -0.739926 -4.38953 -0.739926 -4.38953 0.623014 0.399235 0.623014 -0.399235 
1 1 0 6.01034 0.110584 11.5711 -0.739691 -4.38563 -0.739691 -4.38563 0.633625 0.38241 0.633625 -0.38241 
1 1 0 6.00731 0.110584 12.2329 -0.73946 -4.38166 -0.73946 -4.38166 0.64469 0.363692 0.64469 -0.363692 
1 1 0 6.00439 0.110584 13.0593 -0.739233 -4.37761 -0.739233 -4.37761 0.656272 0.342604 0.656272 -0.342604 
1 1 0 6.00159 0.110584 14.1325 -0.739011 -4.37347 -0.739011 -4.37347 0.668451 0.31845 0.668451 -0.31845 
1 1 0 5.99895 0.110584 15.6061 -0.738796 -4.36923 -0.738796 -4.36923 0.681324 0.290158 0.681324 -0.290158 
1 1 0 5.9965 0.110584 17.809 -0.73859 -4.36488 -0.73859 -4.36488 0.695016 0.255917 0.695016 -0.255917 
1 1 0 5.99429 0.110584 21.6274 -0.738395 -4.36039 -0.738395 -4.36039 0.709686 0.212181 0.709686 -0.212181 
1 1 0 5.9924 0.110584 30.8884 -0.738214 -4.35577 -0.738214 -4.35577 0.725531 0.149654 0.725531 -0.149654 
1 1 0 5.99093 0.110584 30.8884 -0.738054 -4.35099 -0.738054 -4.35099 0.689339 0 0.796247 0 
1 1 0 5.99003 0.110584 30.8884 -0.737923 -4.34608 -0.737923 -4.34608 0.58484 0 0.938624 0 
2 1 0 5.98986 0.110584 30.8884 -0.737861 -4.34296 -0.737861 -4.34296 0.548961 0 1 0 
2 1 0 5.99037 0.110584 30.8884 -0.737806 -4.33799 -0.737806 -4.33799 0.50441 0 1.08829 0 
2 1 0 5.99204 0.110584 30.8884 -0.737819 -4.33327 -0.737819 -4.33327 0.469378 0 1.16933 0 
2 1 0 5.99484 0.110584 30.8884 -0.737902 -4.32914 -0.737902 -4.32914 0.441491 0 1.24286 0 
2 1 0 5.99852 0.110584 30.8884 -0.738046 -4.32575 -0.738046 -4.32575 0.419459 0 1.30766 0 
2 1 0 6.00275 0.110584 30.8884 -0.738232 -4.3231 -0.738232 -4.3231 0.401936 0 1.36409 0 
2 1 0 6.00731 0.110584 30.8884 -0.738445 -4.32105 -0.738445 -4.32105 0.38771 0 1.41349 0 
2 1 0 6.01205 0.110584 30.8884 -0.738676 -4.31947 -0.738676 -4.31947 0.375876 0 1.4573 0 
2 1 0 6.0169 0.110584 30.8884 -0.738918 -4.31828 -0.738918 -4.31828 0.365806 0 1.49668 0 
2 1 0 6.02181 0.110584 30.8884 -0.739169 -4.31738 -0.739169 -4.31738 0.35707 0 1.53253 0 
2 1 0 6.02676 0.110584 30.8884 -0.739426 -4.31672 -0.739426 -4.31672 0.349368 0 1.56552 0 
2 1 0 6.03173 0.110584 30.8884 -0.739687 -4.31627 -0.739687 -4.31627 0.342489 0 1.59616 0 
2 1 0 6.03672 0.110584 30.8884 -0.739952 -4.31598 -0.739952 -4.31598 0.336277 0 1.62482 0 
2 1 0 6.04171 0.110584 30.8884 -0.740218 -4.31584 -0.740218 -4.31584 0.330615 0 1.6518 0 
2 1 0 6.0467 0.110584 30.8884 -0.740487 -4.31582 -0.740487 -4.31582 0.325415 0 1.67734 0 
2 1 0 6.05169 0.110584 30.8884 -0.740757 -4.31591 -0.740757 -4.31591 0.320607 0 1.70162 0 
2 1 0 6.05668 0.110584 30.8884 -0.741028 -4.31609 -0.741028 -4.31609 0.316136 0 1.7248 0 
2 1 0 6.06167 0.110584 30.8884 -0.7413 -4.31635 -0.7413 -4.31635 0.311959 0 1.747 0 
2 1 0 6.06665 0.110584 30.8884 -0.741573 -4.31669 -0.741573 -4.31669 0.308038 0 1.76833 0 
2 1 0 6.07163 0.110584 30.8884 -0.741846 -4.3171 -0.741846 -4.3171 0.304344 0 1.78888 0 
2 1 0 6.0766 0.110584 30.8884 -0.74212 -4.31757 -0.74212 -4.31757 0.300852 0 1.80872 0 
2 1 0 6.08156 0.110584 30.8884 -0.742395 -4.3181 -0.742395 -4.3181 0.297541 0 1.82791 0 
2 1 0 6.08652 0.110584 30.8884 -0.742669 -4.31868 -0.742669 -4.31868 0.294393 0 1.84651 0 
2 1 0 6.09147 0.110584 30.8884 -0.742944 -4.3193 -0.742944 -4.3193 0.291392 0 1.86458 0 
2 1 0 6.09642 0.110584 30.8884 -0.743219 -4.31997 -0.743219 -4.31997 0.288525 0 1.88214 0 
2 1 0 6.10136 0.110584 30.8884 -0.743494 -4.32068 -0.743494 -4.32068 0.285781 0 1.89924 0 
2 1 0 6.1063 0.110584 30.8884 -0.743769 -4.32143 -0.743769 -4.32143 0.28315 0 1.91592 0 
2 1 0 6.11123 0.110584 30.8884 -0.744045 -4.32221 -0.744045 -4.32221 0.280622 0 1.9322 0 
2 1 0 6.11615 0.110584 30.8884 -0.74432 -4.32303 -0.74432 -4.32303 0.278189 0 1.9481 0 
2 1 0 6.12107 0.110584 30.8884 -0.744595 -4.32388 -0.744595 -4.32388 0.275846 0 1.96365 0 
2 1 0 6.12599 0.110584 30.8884 -0.74487 -4.32475 -0.74487 -4.32475 0.273584 0 1.97888 0 
2 1 0 6.1309 0.110584 30.8884 -0.745145 -4.32566 -0.745145 -4.32566 0.2714 0 1.9938 0 
2 1 0 6.1358 0.110584 30.8884 -0.745421 -4.32659 -0.745421 -4.32659 0.269287 0 2.00842 0 
2 1 0 6.1407 0.110584 30.8884 -0.745696 -4.32754 -0.745696 -4.32754 0.267241 0 2.02277 0 
2 1 0 6.1456 0.110584 30.8884 -0.745971 -4.32852 -0.745971 -4.32852 0.265258 0 2.03686 0 
2 1 0 6.15049 0.110584 30.8884 -0.746245 -4.32952 -0.746245 -4.32952 0.263334 0 2.05071 0 
2 1 0 6.15538 0.110584 30.8884 -0.74652 -4.33054 -0.74652 -4.33054 0.261466 0 2.06431 0 
2 1 0 6.16026 0.110584 30.8884 -0.746795 -4.33158 -0.746795 -4.33158 0.25965 0 2.0777 0 
2 1 0 6.16514 0.110584 30.8884 -0.747069 -4.33264 -0.747069 -4.33264 0.257885 0 2.09087 0 
2 1 0 6.17001 0.110584 30.8884 -0.747343 -4.33372 -0.747343 -4.33372 0.256166 0 2.10383 0 
2 1 0 6.17488 0.110584 30.8884 -0.747617 -4.33482 -0.747617 -4.33482 0.254492 0 2.1166 0 
2 1 0 6.17975 0.110584 30.8884 -0.747891 -4.33593 -0.747891 -4.33593 0.252861 0 2.12918 0 
2 1 0 6.18461 0.110584 30.8884 -0.748165 -4.33706 -0.748165 -4.33706 0.251269 0 2.14159 0 
2 1 0 6.18947 0.110584 30.8884 -0.748439 -4.33821 -0.748439 -4.33821 0.249717 0 2.15382 0 
2 1 0 6.19433 0.110584 30.8884 -0.748712 -4.33937 -0.748712 -4.33937 0.2482 0 2.16589 0 
2 1 0 6.19918 0.110584 30.8884 -0.748986 -4.34055 -0.748986 -4.34055 0.246719 0 2.17779 0 
2 1 0 6.20403 0.110584 30.8884 -0.749259 -4.34174 -0.749259 -4.34174 0.245271 0 2.18955 0 
2 1 0 6.20887 0.110584 30.8884 -0.749532 -4.34294 -0.749532 -4.34294 0.243856 0 2.20115 0 
2 1 0 6.21372 0.110584 30.8884 -0.749805 -4.34416 -0.749805 -4.34416 0.24247 0 2.21262 0 
2 1 0 6.21856 0.110584 30.8884 -0.750077 -4.34538 -0.750077 -4.34538 0.241114 0 2.22394 0 
2 1 0 6.22339 0.110584 30.8884 -0.75035 -4.34662 -0.75035 -4.34662 0.239786 0 2.23514 0 
2 1 0 6.22822 0.110584 30.8884 -0.750622 -4.34788 -0.750622 -4.34788 0.238486 0 2.2462 0 
2 1 0 6.23305 0.110584 30.8884 -0.750894 -4.34914 -0.750894 -4.34914 0.237211 0 2.25714 0 
2 1 0 6.23788 0.110584 30.8884 -0.751166 -4.35042 -0.751166 -4.35042 0.235961 0 2.26796 0 
2 1 0 6.24271 0.110584 30.8884 -0.751437 -4.3517 -0.751437 -4.3517 0.234735 0 2.27866 0 
2 1 0 6.24753 0.110584 30.8884 -0.751709 -4.353 -0.751709 -4.353 0.233532 0 2.28925 0 
2 1 0 6.25235 0.110584 30.8884 -0.75198 -4.3543 -0.75198 -4.3543 0.232352 0 2.29973 0 
2 1 0 6.25716 0.110584 30.8884 -0.752251 -4.35562 -0.752251 -4.35562 0.231193 0 2.3101 0 
2 1 0 6.26198 0.110584 30.8884 -0.752522 -4.35694 -0.752522 -4.35694 0.230055 0 2.32036 0 
2 1 0 6.26679 0.110584 30.8884 -0.752793 -4.35828 -0.752793 -4.35828 0.228937 0 2.33053 0 
2 1 0 6.2716 0.110584 30.8884 -0.753063 -4.35962 -0.753063 -4.35962 0.227839 0 2.34059 0 
2 1 0 6.2764 0.110584 30.8884 -0.753333 -4.36097 -0.753333 -4.36097 0.226759 0 2.35056 0 
2 1 0 6.28121 0.110584 30.8884 -0.753603 -4.36233 -0.753603 -4.36233 0.225698 0 2.36044 0 
2 1 0 6.28601 0.110584 30.8884 -0.753873 -4.3637 -0.753873 -4.3637 0.224654 0 2.37022 0 
2 1 0 6.29081 0.110584 30.8884 -0.754143 -4.36508 -0.754143 -4.36508 0.223627 0 2.37991 0 
2 1 0 6.2956 0.110584 30.8884 -0.754412 -4.36647 -0.754412 -4.36647 0.222617 0 2.38952 0 
2 1 0 6.3004 0.110584 30.8884 -0.754682 -4.36786 -0.754682 -4.36786 0.221622 0 2.39904 0 
2 1 0 6.30519 0.110584 30.8884 -0.754951 -4.36926 -0.754951 -4.36926 0.220644 0 2.40848 0 
2 1 0 6.30998 0.110584 30.8884 -0.75522 -4.37067 -0.75522 -4.37067 0.21968 0 2.41784 0 
2 1 0 6.31477 0.110584 30.8884 -0.755488 -4.37208 -0.755488 -4.37208 0.218732 0 2.42712 0 
2 1 0 6.31955 0.110584 30.8884 -0.755757 -4.3735 -0.755757 -4.3735 0.217797 0 2.43631 0 
2 1 0 6.32434 0.110584 30.8884 -0.756025 -4.37493 -0.756025 -4.37493 0.216876 0 2.44544 0 
2 1 0 6.32912 0.110584 30.8884 -0.756293 -4.37637 -0.756293 -4.37637 0.215969 0 2.45448 0 
2 1 0 6.3339 0.110584 30.8884 -0.756561 -4.37781 -0.756561 -4.37781 0.215075 0 2.46346 0 
2 1 0 6.33868 0.110584 30.8884 -0.756828 -4.37926 -0.756828 -4.37926 0.214194 0 2.47236 0 
2 1 0 6.34345 0.110584 30.8884 -0.757096 -4.38071 -0.757096 -4.38071 0.213326 0 2.48119 0 
2 1 0 6.34823 0.110584 30.8884 -0.757363 -4.38218 -0.757363 -4.38218 0.212469 0 2.48996 0 
2 1 0 6.353 0.110584 30.8884 -0.75763 -4.38364 -0.75763 -4.38364 0.211624 0 2.49865 0 
2 1 0 6.35777 0.110584 30.8884 -0.757897 -4.38512 -0.757897 -4.38512 0.210791 0 2.50728 0 
2 1 0 6.36254 0.110584 30.8884 -0.758163 -4.38659 -0.758163 -4.38659 0.209969 0 2.51584 0 
2 1 0 6.36731 0.110584 30.8884 -0.75843 -4.38808 -0.75843 -4.38808 0.209158 0 2.52434 0 
2 1 0 6.37207 0.110584 30.8884 -0.758696 -4.38957 -0.758696 -4.38957 0.208358 0 2.53278 0 
2 1 0 6.37684 0.110584 30.8884 -0.758962 -4.39107 -0.758962 -4.39107 0.207568 0 2.54115 0 
2 1 0 6.3816 0.110584 30.8884 -0.759227 -4.39257 -0.759227 -4.39257 0.206789 0 2.54946 0 
2 1 0 6.38636 0.110584 30.8884 -0.759493 -4.39407 -0.759493 -4.39407 0.206019 0 2.55771 0 
2 1 0 6.39112 0.110584 30.8884 -0.759758 -4.39559 -0.759758 -4.39559 0.205259 0 2.56591 0 
2 1 0 6.39587 0.110584 30.8884 -0.760023 -4.3971 -0.760023 -4.3971 0.204509 0 2.57404 0 
2 1 0 6.40063 0.110584 30.8884 -0.760288 -4.39863 -0.760288 -4.39863 0.203768 0 2.58212 0 
2 1 0 6.40538 0.110584 30.8884 -0.760553 -4.40015 -0.760553 -4.40015 0.203036 0 2.59014 0 
2 1 0 6.41013 0.110584 30.8884 -0.760818 -4.40168 -0.760818 -4.40168 0.202313 0 2.5981 0 
2 1 0 6.41489 0.110584 30.8884 -0.761082 -4.40322 -0.761082 -4.40322 0.201599 0 2.60601 0 
2 1 0 6.41963 0.110584 30.8884 -0.761346 -4.40476 -0.761346 -4.40476 0.200894 0 2.61387 0 
2 1 0 6.42438 0.110584 30.8884 -0.76161 -4.40631 -0.76161 -4.40631 0.200196 0 2.62167 0 
2 1 0 6.42913 0.110584 30.8884 -0.761874 -4.40786 -0.761874 -4.40786 0.199507 0 2.62942 0 
2 1 0 6.43387 0.110584 30.8884 -0.762137 -4.40941 -0.762137 -4.40941 0.198826 0 2.63712 0 
2 1 0 6.43862 0.110584 30.8884 -0.7624 -4.41097 -0.7624 -4.41097 0.198153 0 2.64477 0 
2 1 0 6.44336 0.110584 30.8884 -0.762664 -4.41254 -0.762664 -4.41254 0.197488 0 2.65236 0 
2 1 0 6.4481 0.110584 30.8884 -0.762926 -4.41411 -0.762926 -4.41411 0.19683 0 2.65991 0 
2 1 0 6.45284 0.110584 30.8884 -0.763189 -4.41568 -0.763189 -4.41568 0.196179 0 2.66741 0 
2 1 0 6.45757 0.110584 30.8884 -0.763452 -4.41726 -0.763452 -4.41726 0.195536 0 2.67485 0 
2 1 0 6.46231 0.110584 30.8884 -0.763714 -4.41884 -0.763714 -4.41884 0.1949 0 2.68225 0 
2 1 0 6.46705 0.110584 30.8884 -0.763976 -4.42042 -0.763976 -4.42042 0.194271 0 2.68961 0 
2 1 0 6.47178 0.110584 30.8884 -0.764238 -4.42201 -0.764238 -4.42201 0.193649 0 2.69691 0 
2 1 0 6.47651 0.110584 30.8884 -0.7645 -4.4236 -0.7645 -4.4236 0.193033 0 2.70417 0 
2 1 0 6.48124 0.110584 30.8884 -0.764761 -4.4252 -0.764761 -4.4252 0.192425 0 2.71138 0 
2 1 0 6.48597 0.110584 30.8884 -0.765022 -4.4268 -0.765022 -4.4268 0.191822 0 2.71855 0 
2 1 0 6.4907 0.110584 30.8884 -0.765283 -4.4284 -0.765283 -4.4284 0.191226 0 2.72567 0 
2 1 0 6.49543 0.110584 30.8884 -0.765544 -4.43001 -0.765544 -4.43001 0.190636 0 2.73275 0 
2 1 0 6.50015 0.110584 30.8884 -0.765805 -4.43162 -0.765805 -4.43162 0.190053 0 2.73979 0 
2 1 0 6.50488 0.110584 30.8884 -0.766065 -4.43324 -0.766065 -4.43324 0.189475 0 2.74678 0 
2 1 0 6.5096 0.110584 30.8884 -0.766326 -4.43486 -0.766326 -4.43486 0.188904 0 2.75373 0 
2 1 0 6.51432 0.110584 30.8884 -0.766586 -4.43648 -0.766586 -4.43648 0.188338 0 2.76063 0 
2 1 0 6.51905 0.110584 30.8884 -0.766846 -4.43811 -0.766846 -4.43811 0.187778 0 2.76749 0 
2 1 0 6.52377 0.110584 30.8884 -0.767105 -4.43974 -0.767105 -4.43974 0.187224 0 2.77432 0 
2 1 0 6.52848 0.110584 30.8884 -0.767365 -4.44137 -0.767365 -4.44137 0.186675 0 2.78109 0 
2 1 0 6.5332 0.110584 30.8884 -0.767624 -4.443 -0.767624 -4.443 0.186132 0 2.78783 0 
2 1 0 6.53792 0.110584 30.8884 -0.767883 -4.44464 -0.767883 -4.44464 0.185594 0 2.79453 0 
2 1 0 6.54263 0.110584 30.8884 -0.768142 -4.44629 -0.768142 -4.44629 0.185061 0 2.80119 0 
2 1 0 6.54735 0.110584 30.8884 -0.768401 -4.44793 -0.768401 -4.44793 0.184534 0 2.80781 0 
2 1 0 6.55206 0.110584 30.8884 -0.768659 -4.44958 -0.768659 -4.44958 0.184011 0 2.81439 0 
2 1 0 6.55677 0.110584 30.8884 -0.768917 -4.45123 -0.768917 -4.45123 0.183494 0 2.82093 0 
2 1 0 6.56148 0.110584 30.8884 -0.769175 -4.45289 -0.769175 -4.45289 0.182982 0 2.82743 0 
2 1 0 6.56619 0.110584 30.8884 -0.769433 -4.45455 -0.769433 -4.45455 0.182474 0 2.83389 0 
2 1 0 6.5709 0.110584 30.8884 -0.769691 -4.45621 -0.769691 -4.45621 0.181972 0 2.84031 0 
2 1 0 6.57561 0.110584 30.8884 -0.769948 -4.45788 -0.769948 -4.45788 0.181474 0 2.8467 0 
2 1 0 6.58032 0.110584 30.8884 -0.770206 -4.45954 -0.770206 -4.45954 0.18098 0 2.85304 0 
2 1 0 6.58502 0.110584 30.8884 -0.770463 -4.46121 -0.770463 -4.46121 0.180492 0 2.85935 0 
2 1 0 6.58973 0.110584 30.8884 -0.77072 -4.46289 -0.77072 -4.46289 0.180008 0 2.86563 0 
2 1 0 6.59443 0.110584 30.8884 -0.770976 -4.46456 -0.770976 -4.46456 0.179528 0 2.87186 0 
2 1 0 6.59913 0.110584 30.8884 -0.771233 -4.46624 -0.771233 -4.46624 0.179053 0 2.87806 0 
2 1 0 6.60383 0.110584 30.8884 -0.771489 -4.46793 -0.771489 -4.46793 0.178582 0 2.88423 0 
2 1 0 6.60853 0.110584 30.8884 -0.771745 -4.46961 -0.771745 -4.46961 0.178115 0 2.89036 0 
2 1 0 6.61323 0.110584 30.8884 -0.772001 -4.4713 -0.772001 -4.4713 0.177653 0 2.89645 0 
2 1 0 6.61793 0.110584 30.8884 -0.772257 -4.47299 -0.772257 -4.47299 0.177195 0 2.90251 0 
2 1 0 6.62263 0.110584 30.8884 -0.772513 -4.47469 -0.772513 -4.47469 0.17674 0 2.90853 0 
2 1 0 6.62733 0.110584 30.8884 -0.772768 -4.47638 -0.772768 -4.47638 0.17629 0 2.91451 0 
2 1 0 6.63202 0.110584 30.8884 -0.773023 -4.47808 -0.773023 -4.47808 0.175844 0 2.92047 0 
2 1 0 6.63672 0.110584 30.8884 -0.773278 -4.47978 -0.773278 -4.47978 0.175402 0 2.92638 0 
2 1 0 6.64141 0.110584 30.8884 -0.773533 -4.48149 -0.773533 -4.48149 0.174964 0 2.93227 0 
2 1 0 6.6461 0.110584 30.8884 -0.773787 -4.48319 -0.773787 -4.48319 0.174529 0 2.93812 0 
2 1 0 6.65079 0.110584 30.8884 -0.774042 -4.4849 -0.774042 -4.4849 0.174098 0 2.94393 0 
2 1 0 6.65548 0.110584 30.8884 -0.774296 -4.48662 -0.774296 -4.48662 0.173671 0 2.94971 0 
2 1 0 6.66017 0.110584 30.8884 -0.77455 -4.48833 -0.77455 -4.48833 0.173248 0 2.95546 0 
2 1 0 6.66486 0.110584 30.8884 -0.774804 -4.49005 -0.774804 -4.49005 0.172828 0 2.96118 0 
2 1 0 6.66955 0.110584 30.8884 -0.775057 -4.49177 -0.775057 -4.49177 0.172412 0 2.96686 0 
2 1 0 6.67424 0.110584 30.8884 -0.775311 -4.49349 -0.775311 -4.49349 0.172 0 2.97251 0 
2 1 0 6.67892 0.110584 30.8884 -0.775564 -4.49522 -0.775564 -4.49522 0.171591 0 2.97812 0 
2 1 0 6.68361 0.110584 30.8884 -0.775817 -4.49694 -0.775817 -4.49694 0.171185 0 2.98371 0 
2 1 0 6.68829 0.110584 30.8884 -0.77607 -4.49867 -0.77607 -4.49867 0.170783 0 2.98926 0 
2 1 0 6.69298 0.110584 30.8884 -0.776323 -4.50041 -0.776323 -4.50041 0.170384 0 2.99478 0 
2 1 0 6.69766 0.110584 30.8884 -0.776575 -4.50214 -0.776575 -4.50214 0.169988 0 3.00027 0 
2 1 0 6.70234 0.110584 30.8884 -0.776827 -4.50388 -0.776827 -4.50388 0.169596 0 3.00572 0 
2 1 0 6.70702 0.110584 30.8884 -0.777079 -4.50562 -0.777079 -4.50562 0.169207 0 3.01115 0 
2 1 0 6.7117 0.110584 30.8884 -0.777331 -4.50736 -0.777331 -4.50736 0.168821 0 3.01654 0 
2 1 0 6.71638 0.110584 30.8884 -0.777583 -4.5091 -0.777583 -4.5091 0.168439 0 3.0219 0 
2 1 0 6.72106 0.110584 30.8884 -0.777835 -4.51085 -0.777835 -4.51085 0.168059 0 3.02724 0 
2 1 0 6.72574 0.110584 30.8884 -0.778086 -4.5126 -0.778086 -4.5126 0.167683 0 3.03254 0 
2 1 0 6.73042 0.110584 30.8884 -0.778337 -4.51435 -0.778337 -4.51435 0.167309 0 3.0378 0 
2 1 0 6.73509 0.110584 30.8884 -0.778588 -4.5161 -0.778588 -4.5161 0.166939 0 3.04304 0 
2 1 0 6.73977 0.110584 30.8884 -0.778839 -4.51786 -0.778839 -4.51786 0.166571 0 3.04825 0 
2 1 0 6.74444 0.110584 30.8884 -0.779089 -4.51962 -0.779089 -4.51962 0.166207 0 3.05343 0 
2 1 0 6.74911 0.110584 30.8884 -0.77934 -4.52138 -0.77934 -4.52138 0.165845 0 3.05858 0 
2 1 0 6.75379 0.110584 30.8884 -0.77959 -4.52314 -0.77959 -4.52314 0.165487 0 3.06369 0 
2 1 0 6.75846 0.110584 30.8884 -0.77984 -4.5249 -0.77984 -4.5249 0.165131 0 3.06878 0 
2 1 0 6.76313 0.110584 30.8884 -0.78009 -4.52667 -0.78009 -4.52667 0.164778 0 3.07384 0 
2 1 0 6.7678 0.110584 30.8884 -0.780339 -4.52844 -0.780339 -4.52844 0.164428 0 3.07887 0 
2 1 0 6.77247 0.110584 30.8884 -0.780589 -4.53021 -0.780589 -4.53021 0.16408 0 3.08387 0 
2 1 0 6.77714 0.110584 30.8884 -0.780838 -4.53198 -0.780838 -4.53198 0.163736 0 3.08884 0 
2 1 0 6.7818 0.110584 30.8884 -0.781087 -4.53376 -0.781087 -4.53376 0.163394 0 3.09378 0 
2 1 0 6.78647 0.110584 30.8884 -0.781336 -4.53553 -0.781336 -4.53553 0.163054 0 3.09869 0 
2 1 0 6.79114 0.110584 30.8884 -0.781585 -4.53731 -0.781585 -4.53731 0.162717 0 3.10357 0 
2 1 0 6.7958 0.110584 30.8884 -0.781833 -4.53909 -0.781833 -4.53909 0.162383 0 3.10842 0 
2 1 0 6.80047 0.110584 30.8884 -0.782082 -4.54088 -0.782082 -4.54088 0.162052 0 3.11325 0 
2 1 0 6.80513 0.110584 30.8884 -0.78233 -4.54266 -0.78233 -4.54266 0.161723 0 3.11804 0 
2 1 0 6.80979 0.110584 30.8884 -0.782578 -4.54445 -0.782578 -4.54445 0.161396 0 3.12281 0 
2 1 0 6.81446 0.110584 30.8884 -0.782826 -4.54624 -0.782826 -4.54624 0.161072 0 3.12755 0 
2 1 0 6.81912 0.110584 30.8884 -0.783073 -4.54803 -0.783073 -4.54803 0.160751 0 3.13226 0 
2 1 0 6.82378 0.110584 30.8884 -0.783321 -4.54982 -0.783321 -4.54982 0.160432 0 3.13694 0 
2 1 0 6.82844 0.110584 30.8884 -0.783568 -4.55162 -0.783568 -4.55162 0.160115 0 3.1416 0 
2 1 0 6.8331 0.110584 30.8884 -0.783815 -4.55342 -0.783815 -4.55342 0.159801 0 3.14622 0 
2 1 0 6.83776 0.110584 30.8884 -0.784062 -4.55522 -0.784062 -4.55522 0.159489 0 3.15082 0 
2 1 0 6.84241 0.110584 30.8884 -0.784309 -4.55702 -0.784309 -4.55702 0.159179 0 3.15539 0 
2 1 0 6.84707 0.110584 30.8884 -0.784555 -4.55882 -0.784555 -4.55882 0.158872 0 3.15994 0 
2 1 0 6.85173 0.110584 30.8884 -0.784802 -4.56063 -0.784802 -4.56063 0.158567 0 3.16445 0 
2 1 0 6.85638 0.110584 30.8884 -0.785048 -4.56243 -0.785048 -4.56243 0.158265 0 3.16894 0 
2 1 0 6.86104 0.110584 30.8884 -0.785294 -4.56424 -0.785294 -4.56424 0.157964 0 3.1734 0 
2 1 0 6.86569 0.110584 30.8884 -0.78554 -4.56605 -0.78554 -4.56605 0.157666 0 3.17784 0 
2 1 0 6.87034 0.110584 30.8884 -0.785785 -4.56787 -0.785785 -4.56787 0.15737 0 3.18224 0 
2 1 0 6.875 0.110584 30.8884 -0.786031 -4.56968 -0.786031 -4.56968 0.157077 0 3.18662 0 
2 1 0 6.87965 0.110584 30.8884 -0.786276 -4.5715 -0.786276 -4.5715 0.156785 0 3.19097 0 
2 1 0 6.8843 0.110584 30.8884 -0.786521 -4.57332 -0.786521 -4.57332 0.156496 0 3.1953 0 
2 1 0 6.88895 0.110584 30.8884 -0.786766 -4.57514 -0.786766 -4.57514 0.156209 0 3.1996 0 
2 1 0 6.8936 0.110584 30.8884 -0.787011 -4.57696 -0.787011 -4.57696 0.155923 0 3.20387 0 
2 1 0 6.89825 0.110584 30.8884 -0.787255 -4.57878 -0.787255 -4.57878 0.15564 0 3.20811 0 
2 1 0 6.9029 0.110584 30.8884 -0.787499 -4.58061 -0.787499 -4.58061 0.155359 0 3.21233 0 
2 1 0 6.90754 0.110584 30.8884 -0.787744 -4.58244 -0.787744 -4.58244 0.155081 0 3.21652 0 
2 1 0 6.91219 0.110584 30.8884 -0.787988 -4.58427 -0.787988 -4.58427 0.154804 0 3.22069 0 
2 1 0 6.91684 0.110584 30.8884 -0.788231 -4.5861 -0.788231 -4.5861 0.154529 0 3.22483 0 
2 1 0 6.92148 0.110584 30.8884 -0.788475 -4.58793 -0.788475 -4.58793 0.154256 0 3.22894 0 
2 1 0 6.92613 0.110584 30.8884 -0.788719 -4.58977 -0.788719 -4.58977 0.153985 0 3.23303 0 
2 1 0 6.93077 0.110584 30.8884 -0.788962 -4.5916 -0.788962 -4.5916 0.153716 0 3.23709 0 
2 1 0 6.93542 0.110584 30.8884 -0.789205 -4.59344 -0.789205 -4.59344 0.153449 0 3.24113 0 
2 1 0 6.94006 0.110584 30.8884 -0.789448 -4.59528 -0.789448 -4.59528 0.153184 0 3.24514 0 
2 1 0 6.9447 0.110584 30.8884 -0.789691 -4.59712 -0.789691 -4.59712 0.152921 0 3.24912 0 
2 1 0 6.94934 0.110584 30.8884 -0.789933 -4.59897 -0.789933 -4.59897 0.152659 0 3.25308 0 
2 1 0 6.95398 0.110584 30.8884 -0.790176 -4.60081 -0.790176 -4.60081 0.1524 0 3.25701 0 
2 1 0 6.95862 0.110584 30.8884 -0.790418 -4.60266 -0.790418 -4.60266 0.152142 0 3.26091 0 
2 1 0 6.96326 0.110584 30.8884 -0.79066 -4.60451 -0.79066 -4.60451 0.151887 0 3.2648 0 
2 1 0 6.9679 0.110584 30.8884 -0.790902 -4.60636 -0.790902 -4.60636 0.151633 0 3.26865 0 
2 1 0 6.97254 0.110584 30.8884 -0.791143 -4.60821 -0.791143 -4.60821 0.151381 0 3.27248 0 
2 1 0 6.97718 0.110584 30.8884 -0.791385 -4.61006 -0.791385 -4.61006 0.151131 0 3.27629 0 
2 1 0 6.98181 0.110584 30.8884 -0.791626 -4.61192 -0.791626 -4.61192 0.150882 0 3.28006 0 
2 1 0 6.98645 0.110584 30.8884 -0.791867 -4.61378 -0.791867 -4.61378 0.150635 0 3.28382 0 
2 1 0 6.99108 0.110584 30.8884 -0.792108 -4.61564 -0.792108 -4.61564 0.15039 0 3.28755 0 
2 1 0 6.99572 0.110584 30.8884 -0.792349 -4.6175 -0.792349 -4.6175 0.150147 0 3.29125 0 
2 1 0 7.00035 0.110584 30.8884 -0.79259 -4.61936 -0.79259 -4.61936 0.149906 0 3.29493 0 
2 1 0 7.00499 0.110584 30.8884 -0.79283 -4.62122 -0.79283 -4.62122 0.149666 0 3.29859 0 
2 1 0 7.00962 0.110584 30.8884 -0.793071 -4.62309 -0.793071 -4.62309 0.149428 0 3.30221 0 
2 1 0 7.01425 0.110584 30.8884 -0.793311 -4.62496 -0.793311 -4.62496 0.149191 0 3.30582 0 
2 1 0 7.01888 0.110584 30.8884 -0.793551 -4.62682 -0.793551 -4.62682 0.148956 0 3.3094 0 
2 1 0 7.02351 0.110584 30.8884 -0.793791 -4.6287 -0.793791 -4.6287 0.148723 0 3.31295 0 
2 1 0 7.02814 0.110584 30.8884 -0.79403 -4.63057 -0.79403 -4.63057 0.148492 0 3.31648 0 
2 1 0 7.03277 0.110584 30.8884 -0.79427 -4.63244 -0.79427 -4.63244 0.148262 0 3.31999 0 
2 1 0 7.0374 0.110584 30.8884 -0.794509 -4.63432 -0.794509 -4.63432 0.148033 0 3.32347 0 
2 1 0 7.04203 0.110584 30.8884 -0.794748 -4.63619 -0.794748 -4.63619 0.147807 0 3.32693 0 
2 1 0 7.04666 0.110584 30.8884 -0.794987 -4.63807 -0.794987 -4.63807 0.147582 0 3.33036 0 
2 1 0 7.05128 0.110584 30.8884 -0.795226 -4.63995 -0.795226 -4.63995 0.147358 0 3.33377 0 
2 1 0 7.05591 0.110584 30.8884 -0.795464 -4.64184 -0.795464 -4.64184 0.147136 0 3.33715 0 
2 1 0 7.06053 0.110584 30.8884 -0.795703 -4.64372 -0.795703 -4.64372 0.146916 0 3.34051 0 
2 1 0 7.06516 0.110584 30.8884 -0.795941 -4.6456 -0.795941 -4.6456 0.146697 0 3.34385 0 
2 1 0 7.06978 0.110584 30.8884 -0.796179 -4.64749 -0.796179 -4.64749 0.14648 0 3.34716 0 
2 1 0 7.07441 0.110584 30.8884 -0.796417 -4.64938 -0.796417 -4.64938 0.146264 0 3.35045 0 
2 1 0 7.07903 0.110584 30.8884 -0.796655 -4.65127 -0.796655 -4.65127 0.14605 0 3.35371 0 
2 1 0 7.08365 0.110584 30.8884 -0.796892 -4.65316 -0.796892 -4.65316 0.145837 0 3.35695 0 
2 1 0 7.08827 0.110584 30.8884 -0.797129 -4.65505 -0.797129 -4.65505 0.145625 0 3.36017 0 
2 1 0 7.0929 0.110584 30.8884 -0.797367 -4.65695 -0.797367 -4.65695 0.145415 0 3.36336 0 
2 1 0 7.09752 0.110584 30.8884 -0.797604 -4.65884 -0.797604 -4.65884 0.145207 0 3.36653 0 
2 1 0 7.10214 0.110584 30.8884 -0.797841 -4.66074 -0.797841 -4.66074 0.145 0 3.36967 0 
2 1 0 7.10675 0.110584 30.8884 -0.798077 -4.66264 -0.798077 -4.66264 0.144794 0 3.37279 0 
2 1 0 7.11137 0.110584 30.8884 -0.798314 -4.66454 -0.798314 -4.66454 0.14459 0 3.37589 0 
2 1 0 7.11599 0.110584 30.8884 -0.79855 -4.66644 -0.79855 -4.66644 0.144388 0 3.37896 0 
2 1 0 7.12061 0.110584 30.8884 -0.798786 -4.66835 -0.798786 -4.66835 0.144186 0 3.38201 0 
2 1 0 7.12523 0.110584 30.8884 -0.799022 -4.67025 -0.799022 -4.67025 0.143986 0 3.38504 0 
2 1 0 7.12984 0.110584 30.8884 -0.799258 -4.67216 -0.799258 -4.67216 0.143788 0 3.38804 0 
2 1 0 7.13446 0.110584 30.8884 -0.799494 -4.67407 -0.799494 -4.67407 0.143591 0 3.39102 0 
2 1 0 7.13907 0.110584 30.8884 -0.799729 -4.67598 -0.799729 -4.67598 0.143395 0 3.39398 0 
2 1 0 7.14369 0.110584 30.8884 -0.799965 -4.67789 -0.799965 -4.67789 0.143201 0 3.39691 0 
2 1 0 7.1483 0.110584 30.8884 -0.8002 -4.6798 -0.8002 -4.6798 0.143007 0 3.39982 0 
2 1 0 7.15291 0.110584 30.8884 -0.800435 -4.68172 -0.800435 -4.68172 0.142816 0 3.40271 0 
2 1 0 7.15752 0.110584 30.8884 -0.80067 -4.68363 -0.80067 -4.68363 0.142625 0 3.40557 0 
2 1 0 7.16214 0.110584 30.8884 -0.800905 -4.68555 -0.800905 -4.68555 0.142436 0 3.40841 0 
2 1 0 7.16675 0.110584 30.8884 -0.801139 -4.68747 -0.801139 -4.68747 0.142248 0 3.41123 0 
2 1 0 7.17136 0.110584 30.8884 -0.801373 -4.68939 -0.801373 -4.68939 0.142062 0 3.41403 0 
2 1 0 7.17597 0.110584 30.8884 -0.801608 -4.69131 -0.801608 -4.69131 0.141877 0 3.4168 0 
2 1 0 7.18058 0.110584 30.8884 -0.801842 -4.69324 -0.801842 -4.69324 0.141693 0 3.41955 0 
2 1 0 7.18519 0.110584 30.8884 -0.802075 -4.69516 -0.802075 -4.69516 0.14151 0 3.42227 0 
2 1 0 7.18979 0.110584 30.8884 -0.802309 -4.69709 -0.802309 -4.69709 0.141329 0 3.42498 0 
2 1 0 7.1944 0.110584 30.8884 -0.802543 -4.69901 -0.802543 -4.69901 0.141149 0 3.42766 0 
2 1 0 7.19901 0.110584 30.8884 -0.802776 -4.70094 -0.802776 -4.70094 0.14097 0 3.43031 0 
2 1 0 7.20361 0.110584 30.8884 -0.803009 -4.70288 -0.803009 -4.70288 0.140792 0 3.43295 0 
2 1 0 7.20822 0.110584 30.8884 -0.803242 -4.70481 -0.803242 -4.70481 0.140616 0 3.43556 0 
2 1 0 7.21283 0.110584 30.8884 -0.803475 -4.70674 -0.803475 -4.70674 0.14044 0 3.43815 0 
2 1 0 7.21743 0.110584 30.8884 -0.803708 -4.70868 -0.803708 -4.70868 0.140266 0 3.44072 0 
2 1 0 7.22203 0.110584 30.8884 -0.80394 -4.71061 -0.80394 -4.71061 0.140094 0 3.44327 0 
2 1 0 7.22664 0.110584 30.8884 -0.804173 -4.71255 -0.804173 -4.71255 0.139922 0 3.44579 0 
2 1 0 7.23124 0.110584 30.8884 -0.804405 -4.71449 -0.804405 -4.71449 0.139752 0 3.44829 0 
2 1 0 7.23584 0.110584 30.8884 -0.804637 -4.71643 -0.804637 -4.71643 0.139583 0 3.45077 0 
2 1 0 7.24044 0.110584 30.8884 -0.804869 -4.71837 -0.804869 -4.71837 0.139415 0 3.45322 0 
2 1 0 7.24504 0.110584 30.8884 -0.805101 -4.72032 -0.805101 -4.72032 0.139248 0 3.45565 0 
2 1 0 7.24964 0.110584 30.8884 -0.805332 -4.72226 -0.805332 -4.72226 0.139082 0 3.45806 0 
2 1 0 7.25424 0.110584 30.8884 -0.805563 -4.72421 -0.805563 -4.72421 0.138918 0 3.46045 0 
2 1 0 7.25884 0.110584 30.8884 -0.805795 -4.72616 -0.805795 -4.72616 0.138754 0 3.46282 0 
2 1 0 7.26344 0.110584 30.8884 -0.806026 -4.72811 -0.806026 -4.72811 0.138592 0 3.46516 0 
2 1 0 7.26804 0.110584 30.8884 -0.806257 -4.73006 -0.806257 -4.73006 0.138431 0 3.46749 0 
2 1 0 7.27264 0.110584 30.8884 -0.806487 -4.73201 -0.806487 -4.73201 0.138271 0 3.46979 0 
2 1 0 7.27723 0.110584 30.8884 -0.806718 -4.73397 -0.806718 -4.73397 0.138112 0 3.47206 0 
2 1 0 7.28183 0.110584 30.8884 -0.806948 -4.73592 -0.806948 -4.73592 0.137954 0 3.47432 0 
2 1 0 7.28642 0.110584 30.8884 -0.807179 -4.73788 -0.807179 -4.73788 0.137798 0 3.47656 0 
2 1 0 7.29102 0.110584 30.8884 -0.807409 -4.73984 -0.807409 -4.73984 0.137642 0 3.47877 0 
2 1 0 7.29561 0.110584 30.8884 -0.807639 -4.7418 -0.807639 -4.7418 0.137488 0 3.48096 0 
2 1 0 7.30021 0.110584 30.8884 -0.807868 -4.74376 -0.807868 -4.74376 0.137334 0 3.48313 0 
2 1 0 7.3048 0.110584 30.8884 -0.808098 -4.74572 -0.808098 -4.74572 0.137182 0 3.48527 0 
2 1 0 7.30939 0.110584 30.8884 -0.808328 -4.74768 -0.808328 -4.74768 0.137031 0 3.4874 0 
2 1 0 7.31398 0.110584 30.8884 -0.808557 -4.74965 -0.808557 -4.74965 0.136881 0 3.4895 0 
2 1 0 7.31858 0.110584 30.8884 -0.808786 -4.75162 -0.808786 -4.75162 0.136732 0 3.49158 0 
2 1 0 7.32317 0.110584 30.8884 -0.809015 -4.75358 -0.809015 -4.75358 0.136583 0 3.49364 0 
2 1 0 7.32776 0.110584 30.8884 -0.809244 -4.75555 -0.809244 -4.75555 0.136437 0 3.49568 0 
2 1 0 7.33235 0.110584 30.8884 -0.809472 -4.75752 -0.809472 -4.75752 0.136291 0 3.4977 0 
2 1 0 7.33693 0.110584 30.8884 -0.809701 -4.7595 -0.809701 -4.7595 0.136146 0 3.49969 0 
2 1 0 7.34152 0.110584 30.8884 -0.809929 -4.76147 -0.809929 -4.76147 0.136002 0 3.50167 0 
2 1 0 7.34611 0.110584 30.8884 -0.810157 -4.76344 -0.810157 -4.76344 0.135859 0 3.50362 0 
2 1 0 7.3507 0.110584 30.8884 -0.810385 -4.76542 -0.810385 -4.76542 0.135717 0 3.50555 0 
2 1 0 7.35528 0.110584 30.8884 -0.810613 -4.7674 -0.810613 -4.7674 0.135576 0 3.50746 0 
2 1 0 7.35987 0.110584 30.8884 -0.810841 -4.76938 -0.810841 -4.76938 0.135437 0 3.50935 0 
2 1 0 7.36446 0.110584 30.8884 -0.811069 -4.77136 -0.811069 -4.77136 0.135298 0 3.51122 0 
2 1 0 7.36904 0.110584 30.8884 -0.811296 -4.77334 -0.811296 -4.77334 0.13516 0 3.51306 0 
2 1 0 7.37362 0.110584 30.8884 -0.811523 -4.77532 -0.811523 -4.77532 0.135023 0 3.51489 0 
2 1 0 7.37821 0.110584 30.8884 -0.81175 -4.77731 -0.81175 -4.77731 0.134887 0 3.51669 0 
2 1 0 7.38279 0.110584 30.8884 -0.811977 -4.7793 -0.811977 -4.7793 0.134753 0 3.51847 0 
2 1 0 7.38737 0.110584 30.8884 -0.812204 -4.78128 -0.812204 -4.78128 0.134619 0 3.52023 0 
2 1 0 7.39195 0.110584 30.8884 -0.81243 -4.78327 -0.81243 -4.78327 0.134486 0 3.52197 0 
2 1 0 7.39654 0.110584 30.8884 -0.812657 -4.78526 -0.812657 -4.78526 0.134354 0 3.52369 0 
2 1 0 7.40112 0.110584 30.8884 -0.812883 -4.78725 -0.812883 -4.78725 0.134223 0 3.52539 0 
2 1 0 7.4057 0.110584 30.8884 -0.813109 -4.78925 -0.813109 -4.78925 0.134093 0 3.52706 0 
2 1 0 7.41028 0.110584 30.8884 -0.813335 -4.79124 -0.813335 -4.79124 0.133964 0 3.52872 0 
2 1 0 7.41485 0.110584 30.8884 -0.813561 -4.79324 -0.813561 -4.79324 0.133836 0 3.53035 0 
2 1 0 7.41943 0.110584 30.8884 -0.813787 -4.79523 -0.813787 -4.79523 0.133709 0 3.53197 0 
2 1 0 7.42401 0.110584 30.8884 -0.814012 -4.79723 -0.814012 -4.79723 0.133582 0 3.53356 0 
2 1 0 7.42859 0.110584 30.8884 -0.814238 -4.79923 -0.814238 -4.79923 0.133457 0 3.53513 0 
2 1 0 7.43316 0.110584 30.8884 -0.814463 -4.80123 -0.814463 -4.80123 0.133333 0 3.53668 0 
2 1 0 7.43774 0.110584 30.8884 -0.814688 -4.80324 -0.814688 -4.80324 0.133209 0 3.53821 0 
2 1 0 7.44232 0.110584 30.8884 -0.814913 -4.80524 -0.814913 -4.80524 0.133087 0 3.53972 0 
2 1 0 7.44689 0.110584 30.8884 -0.815137 -4.80725 -0.815137 -4.80725 0.132965 0 3.54121 0 
2 1 0 7.45146 0.110584 30.8884 -0.815362 -4.80925 -0.815362 -4.80925 0.132845 0 3.54268 0 
2 1 0 7.45604 0.110584 30.8884 -0.815586 -4.81126 -0.815586 -4.81126 0.132725 0 3.54412 0 
2 1 0 7.46061 0.110584 30.8884 -0.815811 -4.81327 -0.815811 -4.81327 0.132606 0 3.54555 0 
2 1 0 7.46518 0.110584 30.8884 -0.816035 -4.81528 -0.816035 -4.81528 0.132488 0 3.54696 0 
2 1 0 7.46976 0.110584 30.8884 -0.816259 -4.81729 -0.816259 -4.81729 0.132371 0 3.54834 0 
2 1 0 7.47433 0.110584 30.8884 -0.816483 -4.81931 -0.816483 -4.81931 0.132255 0 3.5497 0 
2 1 0 7.4789 0.110584 30.8884 -0.816706 -4.82132 -0.816706 -4.82132 0.132139 0 3.55105 0 
2 1 0 7.48347 0.110584 30.8884 -0.81693 -4.82334 -0.81693 -4.82334 0.132025 0 3.55237 0 
2 1 0 7.48804 0.110584 30.8884 -0.817153 -4.82535 -0.817153 -4.82535 0.131911 0 3.55367 0 
2 1 0 7.49261 0.110584 30.8884 -0.817376 -4.82737 -0.817376 -4.82737 0.131799 0 3.55496 0 
2 1 0 7.49717 0.110584 30.8884 -0.817599 -4.82939 -0.817599 -4.82939 0.131687 0 3.55622 0 
2 1 0 7.50174 0.110584 30.8884 -0.817822 -4.83142 -0.817822 -4.83142 0.131576 0 3.55746 0 
2 1 0 7.50631 0.110584 30.8884 -0.818045 -4.83344 -0.818045 -4.83344 0.131466 0 3.55868 0 
2 1 0 7.51087 0.110584 30.8884 -0.818268 -4.83546 -0.818268 -4.83546 0.131356 0 3.55988 0 
2 1 0 7.51544 0.110584 30.8884 -0.81849 -4.83749 -0.81849 -4.83749 0.131248 0 3.56106 0 
2 1 0 7.52001 0.110584 30.8884 -0.818712 -4.83952 -0.818712 -4.83952 0.13114 0 3.56222 0 
2 1 0 7.52457 0.110584 30.8884 -0.818934 -4.84154 -0.818934 -4.84154 0.131034 0 3.56336 0 
2 1 0 7.52913 0.110584 30.8884 -0.819156 -4.84357 -0.819156 -4.84357 0.130928 0 3.56448 0 
2 1 0 7.5337 0.110584 30.8884 -0.819378 -4.8456 -0.819378 -4.8456 0.130823 0 3.56558 0 
2 1 0 7.53826 0.110584 30.8884 -0.8196 -4.84764 -0.8196 -4.84764 0.130719 0 3.56666 0 
2 1 0 7.54282 0.110584 30.8884 -0.819822 -4.84967 -0.819822 -4.84967 0.130615 0 3.56772 0 
2 1 0 7.54739 0.110584 30.8884 -0.820043 -4.85171 -0.820043 -4.85171 0.130513 0 3.56876 0 
2 1 0 7.55195 0.110584 30.8884 -0.820264 -4.85374 -0.820264 -4.85374 0.130411 0 3.56978 0 
2 1 0 7.55651 0.110584 30.8884 -0.820485 -4.85578 -0.820485 -4.85578 0.13031 0 3.57078 0 
2 1 0 7.56107 0.110584 30.8884 -0.820706 -4.85782 -0.820706 -4.85782 0.13021 0 3.57176 0 
2 1 0 7.56563 0.110584 30.8884 -0.820927 -4.85986 -0.820927 -4.85986 0.130111 0 3.57271 0 
2 1 0 7.57019 0.110584 30.8884 -0.821148 -4.8619 -0.821148 -4.8619 0.130012 0 3.57365 0 
2 1 0 7.57474 0.110584 30.8884 -0.821368 -4.86394 -0.821368 -4.86394 0.129915 0 3.57457 0 
2 1 0 7.5793 0.110584 30.8884 -0.821588 -4.86599 -0.821588 -4.86599 0.129818 0 3.57547 0 
2 1 0 7.58386 0.110584 30.8884 -0.821809 -4.86803 -0.821809 -4.86803 0.129722 0 3.57635 0 
2 1 0 7.58841 0.110584 30.8884 -0.822029 -4.87008 -0.822029 -4.87008 0.129627 0 3.57721 0 
2 1 0 7.59297 0.110584 30.8884 -0.822248 -4.87213 -0.822248 -4.87213 0.129532 0 3.57805 0 
2 1 0 7.59753 0.110584 30.8884 -0.822468 -4.87418 -0.822468 -4.87418 0.129439 0 3.57887 0 
2 1 0 7.60208 0.110584 30.8884 -0.822688 -4.87623 -0.822688 -4.87623 0.129346 0 3.57967 0 
2 1 0 7.60663 0.110584 30.8884 -0.822907 -4.87828 -0.822907 -4.87828 0.129254 0 3.58045 0 
2 1 0 7.61119 0.110584 30.8884 -0.823127 -4.88034 -0.823127 -4.88034 0.129162 0 3.58121 0 
2 1 0 7.61574 0.110584 30.8884 -0.823346 -4.88239 -0.823346 -4.88239 0.129072 0 3.58195 0 
2 1 0 7.62029 0.110584 30.8884 -0.823565 -4.88445 -0.823565 -4.88445 0.128982 0 3.58267 0 
2 1 0 7.62484 0.110584 30.8884 -0.823784 -4.8865 -0.823784 -4.8865 0.128893 0 3.58337 0 
2 1 0 7.6294 0.110584 30.8884 -0.824002 -4.88856 -0.824002 -4.88856 0.128805 0 3.58405 0 
2 1 0 7.63395 0.110584 30.8884 -0.824221 -4.89062 -0.824221 -4.89062 0.128718 0 3.58471 0 
2 1 0 7.6385 0.110584 30.8884 -0.824439 -4.89269 -0.824439 -4.89269 0.128631 0 3.58535 0 
2 1 0 7.64305 0.110584 30.8884 -0.824657 -4.89475 -0.824657 -4.89475 0.128545 0 3.58597 0 
2 1 0 7.64759 0.110584 30.8884 -0.824876 -4.89681 -0.824876 -4.89681 0.12846 0 3.58657 0 
2 1 0 7.65214 0.110584 30.8884 -0.825094 -4.89888 -0.825094 -4.89888 0.128376 0 3.58716 0 
2 1 0 7.65669 0.110584 30.8884 -0.825311 -4.90095 -0.825311 -4.90095 0.128292 0 3.58772 0 
2 1 0 7.66124 0.110584 30.8884 -0.825529 -4.90301 -0.825529 -4.90301 0.128209 0 3.58826 0 
2 1 0 7.66578 0.110584 30.8884 -0.825747 -4.90508 -0.825747 -4.90508 0.128127 0 3.58879 0 
2 1 0 7.67033 0.110584 30.8884 -0.825964 -4.90716 -0.825964 -4.90716 0.128046 0 3.58929 0 
2 1 0 7.67487 0.110584 30.8884 -0.826181 -4.90923 -0.826181 -4.90923 0.127965 0 3.58978 0 
2 1 0 7.67942 0.110584 30.8884 -0.826398 -4.9113 -0.826398 -4.9113 0.127885 0 3.59024 0 
2 1 0 7.68396 0.110584 30.8884 -0.826615 -4.91338 -0.826615 -4.91338 0.127806 0 3.59069 0 
2 1 0 7.68851 0.110584 30.8884 -0.826832 -4.91545 -0.826832 -4.91545 0.127728 0 3.59112 0 
2 1 0 7.69305 0.110584 30.8884 -0.827049 -4.91753 -0.827049 -4.91753 0.12765 0 3.59152 0 
2 1 0 7.69759 0.110584 30.8884 -0.827265 -4.91961 -0.827265 -4.91961 0.127573 0 3.59191 0 
2 1 0 7.70213 0.110584 30.8884 -0.827482 -4.92169 -0.827482 -4.92169 0.127497 0 3.59228 0 
2 1 0 7.70667 0.110584 30.8884 -0.827698 -4.92377 -0.827698 -4.92377 0.127421 0 3.59263 0 
2 1 0 7.71121 0.110584 30.8884 -0.827914 -4.92585 -0.827914 -4.92585 0.127347 0 3.59296 0 
2 1 0 7.71575 0.110584 30.8884 -0.82813 -4.92794 -0.82813 -4.92794 0.127273 0 3.59327 0 
2 1 0 7.72029 0.110584 30.8884 -0.828346 -4.93002 -0.828346 -4.93002 0.127199 0 3.59356 0 
2 1 0 7.72483 0.110584 30.8884 -0.828561 -4.93211 -0.828561 -4.93211 0.127127 0 3.59383 0 
2 1 0 7.72937 0.110584 30.8884 -0.828777 -4.9342 -0.828777 -4.9342 0.127055 0 3.59409 0 
2 1 0 7.73391 0.110584 30.8884 -0.828992 -4.93629 -0.828992 -4.93629 0.126984 0 3.59432 0 
2 1 0 7.73844 0.110584 30.8884 -0.829207 -4.93838 -0.829207 -4.93838 0.126913 0 3.59454 0 
2 1 0 7.74298 0.110584 30.8884 -0.829423 -4.94047 -0.829423 -4.94047 0.126844 0 3.59473 0 
2 1 0 7.74751 0.110584 30.8884 -0.829637 -4.94257 -0.829637 -4.94257 0.126775 0 3.59491 0 
2 1 0 7.75205 0.110584 30.8884 -0.829852 -4.94466 -0.829852 -4.94466 0.126706 0 3.59507 0 
2 1 0 7.75658 0.110584 30.8884 -0.830067 -4.94676 -0.830067 -4.94676 0.126639 0 3.5952 0 
2 1 0 7.76112 0.110584 30.8884 -0.830281 -4.94886 -0.830281 -4.94886 0.126572 0 3.59532 0 
2 1 0 7.76565 0.110584 30.8884 -0.830496 -4.95095 -0.830496 -4.95095 0.126506 0 3.59542 0 
2 1 0 7.77018 0.110584 30.8884 -0.83071 -4.95306 -0.83071 -4.95306 0.12644 0 3.5955 0 
2 1 0 7.77471 0.110584 30.8884 -0.830924 -4.95516 -0.830924 -4.95516 0.126376 0 3.59557 0 
2 1 0 7.77925 0.110584 30.8884 -0.831138 -4.95726 -0.831138 -4.95726 0.126312 0 3.59561 0 
2 1 0 7.78378 0.110584 30.8884 -0.831352 -4.95936 -0.831352 -4.95936 0.126248 0 3.59563 0 
2 1 0 7.78831 0.110584 30.8884 -0.831566 -4.96147 -0.831566 -4.96147 0.126186 0 3.59564 0 
2 1 0 7.79283 0.110584 30.8884 -0.831779 -4.96358 -0.831779 -4.96358 0.126124 0 3.59562 0 
2 1 0 7.79736 0.110584 30.8884 -0.831992 -4.96569 -0.831992 -4.96569 0.126062 0 3.59559 0 
2 1 0 7.80189 0.110584 30.8884 -0.832206 -4.9678 -0.832206 -4.9678 0.126002 0 3.59554 0 
2 1 0 7.80642 0.110584 30.8884 -0.832419 -4.96991 -0.832419 -4.96991 0.125942 0 3.59547 0 
2 1 0 7.81095 0.110584 30.8884 -0.832632 -4.97202 -0.832632 -4.97202 0.125883 0 3.59538 0 
2 1 0 7.81547 0.110584 30.8884 -0.832845 -4.97413 -0.832845 -4.97413 0.125824 0 3.59527 0 
2 1 0 7.82 0.110584 30.8884 -0.833057 -4.97625 -0.833057 -4.97625 0.125766 0 3.59514 0 
2 1 0 7.82452 0.110584 30.8884 -0.83327 -4.97836 -0.83327 -4.97836 0.125709 0 3.595 0 
2 1 0 7.82905 0.110584 30.8884 -0.833482 -4.98048 -0.833482 -4.98048 0.125653 0 3.59483 0 
2 1 0 7.83357 0.110584 30.8884 -0.833694 -4.9826 -0.833694 -4.9826 0.125597 0 3.59465 0 
2 1 0 7.83809 0.110584 30.8884 -0.833907 -4.98472 -0.833907 -4.98472 0.125542 0 3.59445 0 
2 1 0 7.84262 0.110584 30.8884 -0.834119 -4.98684 -0.834119 -4.98684 0.125487 0 3.59422 0 
2 1 0 7.84714 0.110584 30.8884 -0.83433 -4.98897 -0.83433 -4.98897 0.125433 0 3.59398 0 
2 1 0 7.85166 0.110584 30.8884 -0.834542 -4.99109 -0.834542 -4.99109 0.12538 0 3.59373 0 
2 1 0 7.85618 0.110584 30.8884 -0.834754 -4.99322 -0.834754 -4.99322 0.125328 0 3.59345 0 
2 1 0 7.8607 0.110584 30.8884 -0.834965 -4.99534 -0.834965 -4.99534 0.125276 0 3.59315 0 
2 1 0 7.86522 0.110584 30.8884 -0.835176 -4.99747 -0.835176 -4.99747 0.125225 0 3.59284 0 
2 1 0 7.86974 0.110584 30.8884 -0.835388 -4.9996 -0.835388 -4.9996 0.125175 0 3.5925 0 
2 1 0 7.87426 0.110584 30.8884 -0.835599 -5.00173 -0.835599 -5.00173 0.125125 0 3.59215 0 
2 1 0 7.87877 0.110584 30.8884 -0.83581 -5.00387 -0.83581 -5.00387 0.125076 0 3.59178 0 
2 1 0 7.88329 0.110584 30.8884 -0.83602 -5.006 -0.83602 -5.006 0.125027 0 3.59139 0 
2 1 0 7.88781 0.110584 30.8884 -0.836231 -5.00813 -0.836231 -5.00813 0.12498 0 3.59098 0 
2 1 0 7.89232 0.110584 30.8884 -0.836441 -5.01027 -0.836441 -5.01027 0.124933 0 3.59055 0 
2 1 0 7.89684 0.110584 30.8884 -0.836652 -5.01241 -0.836652 -5.01241 0.124886 0 3.59011 0 
2 1 0 7.90135 0.110584 30.8884 -0.836862 -5.01455 -0.836862 -5.01455 0.12484 0 3.58964 0 
2 1 0 7.90587 0.110584 30.8884 -0.837072 -5.01669 -0.837072 -5.01669 0.124795 0 3.58916 0 
2 1 0 7.91038 0.110584 30.8884 -0.837282 -5.01883 -0.837282 -5.01883 0.124751 0 3.58866 0 
2 1 0 7.91489 0.110584 30.8884 -0.837492 -5.02097 -0.837492 -5.02097 0.124707 0 3.58814 0 
2 1 0 7.9194 0.110584 30.8884 -0.837701 -5.02312 -0.837701 -5.02312 0.124664 0 3.5876 0 
2 1 0 7.92391 0.110584 30.8884 -0.837911 -5.02527 -0.837911 -5.02527 0.124622 0 3.58705 0 
2 1 0 7.92842 0.110584 30.8884 -0.83812 -5.02741 -0.83812 -5.02741 0.12458 0 3.58647 0 
2 1 0 7.93293 0.110584 30.8884 -0.838329 -5.02956 -0.838329 -5.02956 0.124539 0 3.58588 0 
2 1 0 7.93744 0.110584 30.8884 -0.838539 -5.03171 -0.838539 -5.03171 0.124498 0 3.58526 0 
2 1 0 7.94195 0.110584 30.8884 -0.838748 -5.03386 -0.838748 -5.03386 0.124458 0 3.58463 0 
2 1 0 7.94646 0.110584 30.8884 -0.838956 -5.03602 -0.838956 -5.03602 0.124419 0 3.58398 0 
2 1 0 7.95097 0.110584 30.8884 -0.839165 -5.03817 -0.839165 -5.03817 0.124381 0 3.58331 0 
2 1 0 7.95547 0.110584 30.8884 -0.839374 -5.04033 -0.839374 -5.04033 0.124343 0 3.58263 0 
2 1 0 7.95998 0.110584 30.8884 -0.839582 -5.04248 -0.839582 -5.04248 0.124306 0 3.58192 0 
2 1 0 7.96449 0.110584 30.8884 -0.83979 -5.04464 -0.83979 -5.04464 0.124269 0 3.5812 0 
2 1 0 7.96899 0.110584 30.8884 -0.839999 -5.0468 -0.839999 -5.0468 0.124233 0 3.58046 0 
2 1 0 7.97349 0.110584 30.8884 -0.840207 -5.04896 -0.840207 -5.04896 0.124198 0 3.5797 0 
2 1 0 7.978 0.110584 30.8884 -0.840414 -5.05113 -0.840414 -5.05113 0.124163 0 3.57892 0 
2 1 0 7.9825 0.110584 30.8884 -0.840622 -5.05329 -0.840622 -5.05329 0.12413 0 3.57812 0 
2 1 0 7.987 0.110584 30.8884 -0.84083 -5.05545 -0.84083 -5.05545 0.124096 0 3.57731 0 
2 1 0 7.9915 0.110584 30.8884 -0.841037 -5.05762 -0.841037 -5.05762 0.124064 0 3.57647 0 
2 1 0 7.996 0.110584 30.8884 -0.841245 -5.05979 -0.841245 -5.05979 0.124032 0 3.57562 0 
2 1 0 8.0005 0.110584 30.8884 -0.841452 -5.06196 -0.841452 -5.06196 0.124 0 3.57475 0 
2 1 0 8.005 0.110584 30.8884 -0.841659 -5.06413 -0.841659 -5.06413 0.12397 0 3.57386 0 
2 1 0 8.0095 0.110584 30.8884 -0.841866 -5.0663 -0.841866 -5.0663 0.12394 0 3.57296 0 
2 1 0 8.014 0.110584 30.8884 -0.842073 -5.06847 -0.842073 -5.06847 0.12391 0 3.57203 0 
2 1 0 8.0185 0.110584 30.8884 -0.84228 -5.07065 -0.84228 -5.07065 0.123881 0 3.57109 0 
2 1 0 8.023 0.110584 30.8884 -0.842486 -5.07283 -0.842486 -5.07283 0.123853 0 3.57013 0 
2 1 0 8.02749 0.110584 30.8884 -0.842693 -5.075 -0.842693 -5.075 0.123826 0 3.56915 0 
2 1 0 8.03199 0.110584 30.8884 -0.842899 -5.07718 -0.842899 -5.07718 0.123799 0 3.56815 0 
2 1 0 8.03648 0.110584 30.8884 -0.843105 -5.07936 -0.843105 -5.07936 0.123773 0 3.56713 0 
2 1 0 8.04098 0.110584 30.8884 -0.843311 -5.08154 -0.843311 -5.08154 0.123747 0 3.56609 0 
2 1 0 8.04547 0.110584 30.8884 -0.843517 -5.08373 -0.843517 -5.08373 0.123723 0 3.56504 0 
2 1 0 8.04996 0.110584 30.8884 -0.843723 -5.08591 -0.843723 -5.08591 0.123698 0 3.56397 0 
2 1 0 8.05445 0.110584 30.8884 -0.843929 -5.0881 -0.843929 -5.0881 0.123675 0 3.56288 0 
2 1 0 8.05895 0.110584 30.8884 -0.844134 -5.09029 -0.844134 -5.09029 0.123652 0 3.56177 0 
2 1 0 8.06344 0.110584 30.8884 -0.844339 -5.09247 -0.844339 -5.09247 0.12363 0 3.56064 0 
2 1 0 8.06793 0.110584 30.8884 -0.844545 -5.09467 -0.844545 -5.09467 0.123608 0 3.5595 0 
2 1 0 8.07242 0.110584 30.8884 -0.84475 -5.09686 -0.84475 -5.09686 0.123587 0 3.55834 0 
2 1 0 8.0769 0.110584 30.8884 -0.844955 -5.09905 -0.844955 -5.09905 0.123567 0 3.55715 0 
2 1 0 8.08139 0.110584 30.8884 -0.84516 -5.10124 -0.84516 -5.10124 0.123547 0 3.55596 0 
2 1 0 8.08588 0.110584 30.8884 -0.845364 -5.10344 -0.845364 -5.10344 0.123528 0 3.55474 0 
2 1 0 8.09037 0.110584 30.8884 -0.845569 -5.10564 -0.845569 -5.10564 0.12351 0 3.5535 0 
2 1 0 8.09485 0.110584 30.8884 -0.845774 -5.10784 -0.845774 -5.10784 0.123492 0 3.55225 0 
2 1 0 8.09934 0.110584 30.8884 -0.845978 -5.11004 -0.845978 -5.11004 0.123475 0 3.55097 0 
2 1 0 8.10382 0.110584 30.8884 -0.846182 -5.11224 -0.846182 -5.11224 0.123459 0 3.54968 0 
2 1 0 8.10831 0.110584 30.8884 -0.846386 -5.11444 -0.846386 -5.11444 0.123443 0 3.54838 0 
2 1 0 8.11279 0.110584 30.8884 -0.84659 -5.11664 -0.84659 -5.11664 0.123428 0 3.54705 0 
2 1 0 8.11727 0.110584 30.8884 -0.846794 -5.11885 -0.846794 -5.11885 0.123413 0 3.5457 0 
2 1 0 8.12175 0.110584 30.8884 -0.846998 -5.12106 -0.846998 -5.12106 0.123399 0 3.54434 0 
2 1 0 8.12624 0.110584 30.8884 -0.847201 -5.12327 -0.847201 -5.12327 0.123386 0 3.54296 0 
2 1 0 8.13072 0.110584 30.8884 -0.847405 -5.12548 -0.847405 -5.12548 0.123374 0 3.54156 0 
2 1 0 8.1352 0.110584 30.8884 -0.847608 -5.12769 -0.847608 -5.12769 0.123362 0 3.54014 0 
2 1 0 8.13967 0.110584 30.8884 -0.847811 -5.1299 -0.847811 -5.1299 0.123351 0 3.5387 0 
2 1 0 8.14415 0.110584 30.8884 -0.848014 -5.13211 -0.848014 -5.13211 0.12334 0 3.53725 0 
2 1 0 8.14863 0.110584 30.8884 -0.848217 -5.13433 -0.848217 -5.13433 0.12333 0 3.53577 0 
2 1 0 8.15311 0.110584 30.8884 -0.84842 -5.13655 -0.84842 -5.13655 0.123321 0 3.53428 0 
2 1 0 8.15758 0.110584 30.8884 -0.848623 -5.13877 -0.848623 -5.13877 0.123312 0 3.53277 0 
2 1 0 8.16206 0.110584 30.8884 -0.848825 -5.14099 -0.848825 -5.14099 0.123304 0 3.53125 0 
2 1 0 8.16653 0.110584 30.8884 -0.849028 -5.14321 -0.849028 -5.14321 0.123297 0 3.5297 0 
2 1 0 8.17101 0.110584 30.8884 -0.84923 -5.14543 -0.84923 -5.14543 0.12329 0 3.52814 0 
2 1 0 8.17548 0.110584 30.8884 -0.849432 -5.14765 -0.849432 -5.14765 0.123285 0 3.52655 0 
2 1 0 8.17995 0.110584 30.8884 -0.849634 -5.14988 -0.849634 -5.14988 0.123279 0 3.52495 0 
2 1 0 8.18443 0.110584 30.8884 -0.849836 -5.15211 -0.849836 -5.15211 0.123275 0 3.52333 0 
2 1 0 8.1889 0.110584 30.8884 -0.850038 -5.15434 -0.850038 -5.15434 0.123271 0 3.5217 0 
2 1 0 8.19337 0.110584 30.8884 -0.85024 -5.15657 -0.85024 -5.15657 0.123267 0 3.52004 0 
2 1 0 8.19784 0.110584 30.8884 -0.850441 -5.1588 -0.850441 -5.1588 0.123265 0 3.51837 0 
2 1 0 8.20231 0.110584 30.8884 -0.850643 -5.16103 -0.850643 -5.16103 0.123263 0 3.51668 0 
2 1 0 8.20678 0.110584 30.8884 -0.850844 -5.16327 -0.850844 -5.16327 0.123261 0 3.51497 0 
2 1 0 8.21124 0.110584 30.8884 -0.851045 -5.1655 -0.851045 -5.1655 0.123261 0 3.51324 0 
2 1 0 8.21571 0.110584 30.8884 -0.851246 -5.16774 -0.851246 -5.16774 0.123261 0 3.51149 0 
2 1 0 8.22018 0.110584 30.8884 -0.851447 -5.16998 -0.851447 -5.16998 0.123261 0 3.50973 0 
2 1 0 8.22464 0.110584 30.8884 -0.851648 -5.17222 -0.851648 -5.17222 0.123263 0 3.50795 0 
2 1 0 8.22911 0.110584 30.8884 -0.851849 -5.17446 -0.851849 -5.17446 0.123265 0 3.50615 0 
2 1 0 8.23357 0.110584 30.8884 -0.852049 -5.1767 -0.852049 -5.1767 0.123267 0 3.50433 0 
2 1 0 8.23803 0.110584 30.8884 -0.85225 -5.17895 -0.85225 -5.17895 0.123271 0 3.50249 0 
2 1 0 8.2425 0.110584 30.8884 -0.85245 -5.18119 -0.85245 -5.18119 0.123275 0 3.50063 0 
2 1 0 8.24696 0.110584 30.8884 -0.85265 -5.18344 -0.85265 -5.18344 0.12328 0 3.49876 0 
2 1 0 8.25142 0.110584 30.8884 -0.85285 -5.18569 -0.85285 -5.18569 0.123285 0 3.49687 0 
2 1 0 8.25588 0.110584 30.8884 -0.85305 -5.18794 -0.85305 -5.18794 0.123291 0 3.49496 0 
2 1 0 8.26034 0.110584 30.8884 -0.85325 -5.19019 -0.85325 -5.19019 0.123298 0 3.49303 0 
2 1 0 8.2648 0.110584 30.8884 -0.853449 -5.19245 -0.853449 -5.19245 0.123305 0 3.49108 0 
2 1 0 8.26926 0.110584 30.8884 -0.853649 -5.1947 -0.853649 -5.1947 0.123313 0 3.48911 0 
2 1 0 8.27371 0.110584 30.8884 -0.853848 -5.19696 -0.853848 -5.19696 0.123322 0 3.48713 0 
2 1 0 8.27817 0.110584 30.8884 -0.854048 -5.19922 -0.854048 -5.19922 0.123332 0 3.48513 0 
2 1 0 8.28263 0.110584 30.8884 -0.854247 -5.20148 -0.854247 -5.20148 0.123342 0 3.48311 0 
2 1 0 8.28708 0.110584 30.8884 -0.854446 -5.20374 -0.854446 -5.20374 0.123353 0 3.48107 0 
2 1 0 8.29154 0.110584 30.8884 -0.854645 -5.206 -0.854645 -5.206 0.123364 0 3.47901 0 
2 1 0 8.29599 0.110584 30.8884 -0.854844 -5.20827 -0.854844 -5.20827 0.123377 0 3.47693 0 
2 1 0 8.30044 0.110584 30.8884 -0.855043 -5.21053 -0.855043 -5.21053 0.12339 0 3.47484 0 
2 1 0 8.30489 0.110584 30.8884 -0.855241 -5.2128 -0.855241 -5.2128 0.123403 0 3.47273 0 
2 1 0 8.30934 0.110584 30.8884 -0.85544 -5.21507 -0.85544 -5.21507 0.123418 0 3.4706 0 
2 1 0 8.3138 0.110584 30.8884 -0.855638 -5.21734 -0.855638 -5.21734 0.123433 0 3.46845 0 
2 1 0 8.31824 0.110584 30.8884 -0.855836 -5.21961 -0.855836 -5.21961 0.123449 0 3.46628 0 
2 1 0 8.32269 0.110584 30.8884 -0.856034 -5.22188 -0.856034 -5.22188 0.123465 0 3.46409 0 
2 1 0 8.32714 0.110584 30.8884 -0.856232 -5.22416 -0.856232 -5.22416 0.123482 0 3.46189 0 
2 1 0 8.33159 0.110584 30.8884 -0.85643 -5.22643 -0.85643 -5.22643 0.1235 0 3.45966 0 
2 1 0 8.33604 0.110584 30.8884 -0.856628 -5.22871 -0.856628 -5.22871 0.123519 0 3.45742 0 
2 1 0 8.34048 0.110584 30.8884 -0.856825 -5.23099 -0.856825 -5.23099 0.123538 0 3.45516 0 
2 1 0 8.34493 0.110584 30.8884 -0.857023 -5.23327 -0.857023 -5.23327 0.123558 0 3.45288 0 
2 1 0 8.34937 0.110584 30.8884 -0.85722 -5.23555 -0.85722 -5.23555 0.123579 0 3.45059 0 
2 1 0 8.35381 0.110584 30.8884 -0.857418 -5.23784 -0.857418 -5.23784 0.1236 0 3.44827 0 
2 1 0 8.35826 0.110584 30.8884 -0.857615 -5.24012 -0.857615 -5.24012 0.123622 0 3.44594 0 
2 1 0 8.3627 0.110584 30.8884 -0.857812 -5.24241 -0.857812 -5.24241 0.123645 0 3.44358 0 
2 1 0 8.36714 0.110584 30.8884 -0.858009 -5.2447 -0.858009 -5.2447 0.123669 0 3.44121 0 
2 1 0 8.37158 0.110584 30.8884 -0.858205 -5.24699 -0.858205 -5.24699 0.123693 0 3.43882 0 
2 1 0 8.37602 0.110584 30.8884 -0.858402 -5.24928 -0.858402 -5.24928 0.123719 0 3.43641 0 
2 1 0 8.38046 0.110584 30.8884 -0.858599 -5.25158 -0.858599 -5.25158 0.123744 0 3.43398 0 
2 1 0 8.3849 0.110584 30.8884 -0.858795 -5.25387 -0.858795 -5.25387 0.123771 0 3.43154 0 
2 1 0 8.38933 0.110584 30.8884 -0.858991 -5.25617 -0.858991 -5.25617 0.123798 0 3.42907 0 
2 1 0 8.39377 0.110584 30.8884 -0.859187 -5.25847 -0.859187 -5.25847 0.123826 0 3.42659 0 
2 1 0 8.3982 0.110584 30.8884 -0.859383 -5.26077 -0.859383 -5.26077 0.123855 0 3.42409 0 
2 1 0 8.40264 0.110584 30.8884 -0.859579 -5.26307 -0.859579 -5.26307 0.123885 0 3.42157 0 
2 1 0 8.40707 0.110584 30.8884 -0.859775 -5.26537 -0.859775 -5.26537 0.123915 0 3.41903 0 
2 1 0 8.41151 0.110584 30.8884 -0.859971 -5.26767 -0.859971 -5.26767 0.123946 0 3.41647 0 
2 1 0 8.41594 0.110584 30.8884 -0.860167 -5.26998 -0.860167 -5.26998 0.123978 0 3.41389 0 
2 1 0 8.42037 0.110584 30.8884 -0.860362 -5.27229 -0.860362 -5.27229 0.124011 0 3.41129 0 
2 1 0 8.4248 0.110584 30.8884 -0.860557 -5.2746 -0.860557 -5.2746 0.124044 0 3.40868 0 
2 1 0 8.42923 0.110584 30.8884 -0.860753 -5.27691 -0.860753 -5.27691 0.124078 0 3.40604 0 
2 1 0 8.43366 0.110584 30.8884 -0.860948 -5.27922 -0.860948 -5.27922 0.124113 0 3.40339 0 
2 1 0 8.43809 0.110584 30.8884 -0.861143 -5.28154 -0.861143 -5.28154 0.124149 0 3.40072 0 
2 1 0 8.44251 0.110584 30.8884 -0.861338 -5.28385 -0.861338 -5.28385 0.124185 0 3.39803 0 
2 1 0 8.44694 0.110584 30.8884 -0.861532 -5.28617 -0.861532 -5.28617 0.124223 0 3.39532 0 
2 1 0 8.45136 0.110584 30.8884 -0.861727 -5.28849 -0.861727 -5.28849 0.124261 0 3.39259 0 
2 1 0 8.45579 0.110584 30.8884 -0.861922 -5.29081 -0.861922 -5.29081 0.1243 0 3.38984 0 
2 1 0 8.46021 0.110584 30.8884 -0.862116 -5.29313 -0.862116 -5.29313 0.124339 0 3.38707 0 
2 1 0 8.46464 0.110584 30.8884 -0.86231 -5.29546 -0.86231 -5.29546 0.12438 0 3.38429 0 
2 1 0 8.46906 0.110584 30.8884 -0.862504 -5.29778 -0.862504 -5.29778 0.124421 0 3.38148 0 
2 1 0 8.47348 0.110584 30.8884 -0.862699 -5.30011 -0.862699 -5.30011 0.124463 0 3.37866 0 
2 1 0 8.4779 0.110584 30.8884 -0.862892 -5.30244 -0.862892 -5.30244 0.124506 0 3.37581 0 
2 1 0 8.48232 0.110584 30.8884 -0.863086 -5.30477 -0.863086 -5.30477 0.124549 0 3.37295 0 
2 1 0 8.48674 0.110584 30.8884 -0.86328 -5.3071 -0.86328 -5.3071 0.124594 0 3.37007 0 
2 1 0 8.49115 0.110584 30.8884 -0.863474 -5.30943 -0.863474 -5.30943 0.124639 0 3.36717 0 
2 1 0 8.49557 0.110584 30.8884 -0.863667 -5.31177 -0.863667 -5.31177 0.124685 0 3.36425 0 
2 1 0 8.49999 0.110584 30.8884 -0.863861 -5.31411 -0.863861 -5.31411 0.124732 0 3.36131 0 
2 1 0 8.5044 0.110584 30.8884 -0.864054 -5.31645 -0.864054 -5.31645 0.12478 0 3.35835 0 
2 1 0 8.50882 0.110584 30.8884 -0.864247 -5.31879 -0.864247 -5.31879 0.124828 0 3.35537 0 
2 1 0 8.51323 0.110584 30.8884 -0.86444 -5.32113 -0.86444 -5.32113 0.124878 0 3.35237 0 
2 1 0 8.51764 0.110584 30.8884 -0.864633 -5.32347 -0.864633 -5.32347 0.124928 0 3.34935 0 
2 1 0 8.52205 0.110584 30.8884 -0.864826 -5.32582 -0.864826 -5.32582 0.124979 0 3.34632 0 
2 1 0 8.52646 0.110584 30.8884 -0.865018 -5.32817 -0.865018 -5.32817 0.125031 0 3.34326 0 
2 1 0 8.53087 0.110584 30.8884 -0.865211 -5.33052 -0.865211 -5.33052 0.125084 0 3.34018 0 
2 1 0 8.53528 0.110584 30.8884 -0.865403 -5.33287 -0.865403 -5.33287 0.125138 0 3.33709 0 
2 1 0 8.53969 0.110584 30.8884 -0.865596 -5.33522 -0.865596 -5.33522 0.125192 0 3.33397 0 
2 1 0 8.5441 0.110584 30.8884 -0.865788 -5.33757 -0.865788 -5.33757 0.125248 0 3.33083 0 
2 1 0 8.5485 0.110584 30.8884 -0.86598 -5.33993 -0.86598 -5.33993 0.125304 0 3.32768 0 
2 1 0 8.55291 0.110584 30.8884 -0.866172 -5.34229 -0.866172 -5.34229 0.125361 0 3.3245 0 
2 1 0 8.55731 0.110584 30.8884 -0.866364 -5.34465 -0.866364 -5.34465 0.12542 0 3.32131 0 
2 1 0 8.56171 0.110584 30.8884 -0.866556 -5.34701 -0.866556 -5.34701 0.125478 0 3.31809 0 
2 1 0 8.56612 0.110584 30.8884 -0.866748 -5.34937 -0.866748 -5.34937 0.125538 0 3.31486 0 
2 1 0 8.57052 0.110584 30.8884 -0.866939 -5.35174 -0.866939 -5.35174 0.125599 0 3.3116 0 
2 1 0 8.57492 0.110584 30.8884 -0.867131 -5.3541 -0.867131 -5.3541 0.125661 0 3.30833 0 
2 1 0 8.57932 0.110584 30.8884 -0.867322 -5.35647 -0.867322 -5.35647 0.125724 0 3.30503 0 
2 1 0 8.58371 0.110584 30.8884 -0.867513 -5.35884 -0.867513 -5.35884 0.125787 0 3.30172 0 
2 1 0 8.58811 0.110584 30.8884 -0.867704 -5.36121 -0.867704 -5.36121 0.125852 0 3.29838 0 
2 1 0 8.59251 0.110584 30.8884 -0.867895 -5.36359 -0.867895 -5.36359 0.125917 0 3.29503 0 
2 1 0 8.5969 0.110584 30.8884 -0.868086 -5.36596 -0.868086 -5.36596 0.125983 0 3.29165 0 
2 1 0 8.6013 0.110584 30.8884 -0.868277 -5.36834 -0.868277 -5.36834 0.126051 0 3.28826 0 
2 1 0 8.60569 0.110584 30.8884 -0.868468 -5.37072 -0.868468 -5.37072 0.126119 0 3.28484 0 
2 1 0 8.61008 0.110584 30.8884 -0.868658 -5.3731 -0.868658 -5.3731 0.126188 0 3.28141 0 
2 1 0 8.61448 0.110584 30.8884 -0.868849 -5.37548 -0.868849 -5.37548 0.126258 0 3.27795 0 
2 1 0 8.61887 0.110584 30.8884 -0.869039 -5.37787 -0.869039 -5.37787 0.126329 0 3.27447 0 
2 1 0 8.62326 0.110584 30.8884 -0.869229 -5.38025 -0.869229 -5.38025 0.126402 0 3.27097 0 
2 1 0 8.62765 0.110584 30.8884 -0.869419 -5.38264 -0.869419 -5.38264 0.126475 0 3.26745 0 
2 1 0 8.63203 0.110584 30.8884 -0.869609 -5.38503 -0.869609 -5.38503 0.126549 0 3.26391 0 
2 1 0 8.63642 0.110584 30.8884 -0.869799 -5.38742 -0.869799 -5.38742 0.126624 0 3.26035 0 
2 1 0 8.64081 0.110584 30.8884 -0.869989 -5.38982 -0.869989 -5.38982 0.1267 0 3.25677 0 
2 1 0 8.64519 0.110584 30.8884 -0.870179 -5.39221 -0.870179 -5.39221 0.126777 0 3.25317 0 
2 1 0 8.64957 0.110584 30.8884 -0.870368 -5.39461 -0.870368 -5.39461 0.126855 0 3.24955 0 
2 1 0 8.65396 0.110584 30.8884 -0.870558 -5.39701 -0.870558 -5.39701 0.126934 0 3.24591 0 
2 1 0 8.65834 0.110584 30.8884 -0.870747 -5.39941 -0.870747 -5.39941 0.127014 0 3.24224 0 
2 1 0 8.66272 0.110584 30.8884 -0.870936 -5.40181 -0.870936 -5.40181 0.127096 0 3.23856 0 
2 1 0 8.6671 0.110584 30.8884 -0.871125 -5.40422 -0.871125 -5.40422 0.127178 0 3.23485 0 
2 1 0 8.67148 0.110584 30.8884 -0.871314 -5.40663 -0.871314 -5.40663 0.127261 0 3.23112 0 
2 1 0 8.67585 0.110584 30.8884 -0.871503 -5.40903 -0.871503 -5.40903 0.127346 0 3.22737 0 
2 1 0 8.68023 0.110584 30.8884 -0.871692 -5.41145 -0.871692 -5.41145 0.127431 0 3.2236 0 
2 1 0 8.68461 0.110584 30.8884 -0.871881 -5.41386 -0.871881 -5.41386 0.127518 0 3.21981 0 
2 1 0 8.68898 0.110584 30.8884 -0.872069 -5.41627 -0.872069 -5.41627 0.127605 0 3.21599 0 
2 1 0 8.69335 0.110584 30.8884 -0.872258 -5.41869 -0.872258 -5.41869 0.127694 0 3.21216 0 
2 1 0 8.69773 0.110584 30.8884 -0.872446 -5.42111 -0.872446 -5.42111 0.127784 0 3.2083 0 
2 1 0 8.7021 0.110584 30.8884 -0.872634 -5.42353 -0.872634 -5.42353 0.127875 0 3.20442 0 
2 1 0 8.70647 0.110584 30.8884 -0.872823 -5.42595 -0.872823 -5.42595 0.127967 0 3.20052 0 
2 1 0 8.71084 0.110584 30.8884 -0.873011 -5.42837 -0.873011 -5.42837 0.12806 0 3.1966 0 
2 1 0 8.7152 0.110584 30.8884 -0.873199 -5.4308 -0.873199 -5.4308 0.128154 0 3.19266 0 
2 1 0 8.71957 0.110584 30.8884 -0.873386 -5.43323 -0.873386 -5.43323 0.12825 0 3.18869 0 
2 1 0 8.72394 0.110584 30.8884 -0.873574 -5.43566 -0.873574 -5.43566 0.128347 0 3.1847 0 
2 1 0 8.7283 0.110584 30.8884 -0.873762 -5.43809 -0.873762 -5.43809 0.128444 0 3.18069 0 
2 1 0 8.73266 0.110584 30.8884 -0.873949 -5.44053 -0.873949 -5.44053 0.128543 0 3.17666 0 
2 1 0 8.73703 0.110584 30.8884 -0.874137 -5.44296 -0.874137 -5.44296 0.128644 0 3.17261 0 
2 1 0 8.74139 0.110584 30.8884 -0.874324 -5.4454 -0.874324 -5.4454 0.128745 0 3.16853 0 
2 1 0 8.74575 0.110584 30.8884 -0.874511 -5.44784 -0.874511 -5.44784 0.128848 0 3.16443 0 
2 1 0 8.75011 0.110584 30.8884 -0.874698 -5.45028 -0.874698 -5.45028 0.128951 0 3.16031 0 
2 1 0 8.75446 0.110584 30.8884 -0.874885 -5.45273 -0.874885 -5.45273 0.129056 0 3.15616 0 
2 1 0 8.75882 0.110584 30.8884 -0.875072 -5.45517 -0.875072 -5.45517 0.129163 0 3.15199 0 
2 1 0 8.76318 0.110584 30.8884 -0.875259 -5.45762 -0.875259 -5.45762 0.12927 0 3.1478 0 
2 1 0 8.76753 0.110584 30.8884 -0.875446 -5.46007 -0.875446 -5.46007 0.129379 0 3.14359 0 
2 1 0 8.77188 0.110584 30.8884 -0.875632 -5.46253 -0.875632 -5.46253 0.129489 0 3.13935 0 
2 1 0 8.77623 0.110584 30.8884 -0.875819 -5.46498 -0.875819 -5.46498 0.129601 0 3.13509 0 
2 1 0 8.78059 0.110584 30.8884 -0.876005 -5.46744 -0.876005 -5.46744 0.129713 0 3.13081 0 
2 1 0 8.78493 0.110584 30.8884 -0.876191 -5.4699 -0.876191 -5.4699 0.129827 0 3.1265 0 
2 1 0 8.78928 0.110584 30.8884 -0.876377 -5.47236 -0.876377 -5.47236 0.129943 0 3.12217 0 
2 1 0 8.79363 0.110584 30.8884 -0.876563 -5.47482 -0.876563 -5.47482 0.130059 0 3.11782 0 
2 1 0 8.79798 0.110584 30.8884 -0.876749 -5.47729 -0.876749 -5.47729 0.130177 0 3.11344 0 
2 1 0 8.80232 0.110584 30.8884 -0.876935 -5.47976 -0.876935 -5.47976 0.130297 0 3.10904 0 
2 1 0 8.80666 0.110584 30.8884 -0.877121 -5.48222 -0.877121 -5.48222 0.130417 0 3.10462 0 
2 1 0 8.81101 0.110584 30.8884 -0.877306 -5.4847 -0.877306 -5.4847 0.130539 0 3.10017 0 
2 1 0 8.81535 0.110584 30.8884 -0.877492 -5.48717 -0.877492 -5.48717 0.130663 0 3.0957 0 
2 1 0 8.81969 0.110584 30.8884 -0.877677 -5.48965 -0.877677 -5.48965 0.130788 0 3.0912 0 
2 1 0 8.82403 0.110584 30.8884 -0.877863 -5.49213 -0.877863 -5.49213 0.130914 0 3.08668 0 
2 1 0 8.82836 0.110584 30.8884 -0.878048 -5.49461 -0.878048 -5.49461 0.131042 0 3.08214 0 
2 1 0 8.8327 0.110584 30.8884 -0.878233 -5.49709 -0.878233 -5.49709 0.131171 0 3.07757 0 
2 1 0 8.83703 0.110584 30.8884 -0.878418 -5.49957 -0.878418 -5.49957 0.131302 0 3.07297 0 
2 1 0 8.84137 0.110584 30.8884 -0.878603 -5.50206 -0.878603 -5.50206 0.131434 0 3.06835 0 
2 1 0 8.8457 0.110584 30.8884 -0.878788 -5.50455 -0.878788 -5.50455 0.131568 0 3.06371 0 
2 1 0 8.85003 0.110584 30.8884 -0.878972 -5.50704 -0.878972 -5.50704 0.131703 0 3.05904 0 
2 1 0 8.85436 0.110584 30.8884 -0.879157 -5.50954 -0.879157 -5.50954 0.13184 0 3.05435 0 
2 1 0 8.85869 0.110584 30.8884 -0.879342 -5.51203 -0.879342 -5.51203 0.131978 0 3.04963 0 
2 1 0 8.86301 0.110584 30.8884 -0.879526 -5.51453 -0.879526 -5.51453 0.132118 0 3.04488 0 
2 1 0 8.86734 0.110584 30.8884 -0.87971 -5.51703 -0.87971 -5.51703 0.13226 0 3.04011 0 
2 1 0 8.87166 0.110584 30.8884 -0.879894 -5.51954 -0.879894 -5.51954 0.132403 0 3.03532 0 
2 1 0 8.87599 0.110584 30.8884 -0.880078 -5.52204 -0.880078 -5.52204 0.132548 0 3.03049 0 
2 1 0 8.88031 0.110584 30.8884 -0.880262 -5.52455 -0.880262 -5.52455 0.132694 0 3.02565 0 
2 1 0 8.88463 0.110584 30.8884 -0.880446 -5.52706 -0.880446 -5.52706 0.132842 0 3.02077 0 
2 1 0 8.88895 0.110584 30.8884 -0.88063 -5.52958 -0.88063 -5.52958 0.132992 0 3.01587 0 
2 1 0 8.89326 0.110584 30.8884 -0.880814 -5.53209 -0.880814 -5.53209 0.133143 0 3.01094 0 
2 1 0 8.89758 0.110584 30.8884 -0.880997 -5.53461 -0.880997 -5.53461 0.133296 0 3.00599 0 
2 1 0 8.90189 0.110584 30.8884 -0.881181 -5.53713 -0.881181 -5.53713 0.133451 0 3.00101 0 
2 1 0 8.90621 0.110584 30.8884 -0.881364 -5.53965 -0.881364 -5.53965 0.133607 0 2.99601 0 
2 1 0 8.91052 0.110584 30.8884 -0.881547 -5.54218 -0.881547 -5.54218 0.133766 0 2.99097 0 
2 1 0 8.91483 0.110584 30.8884 -0.881731 -5.54471 -0.881731 -5.54471 0.133926 0 2.98591 0 
2 1 0 8.91914 0.110584 30.8884 -0.881914 -5.54724 -0.881914 -5.54724 0.134088 0 2.98082 0 
2 1 0 8.92345 0.110584 30.8884 -0.882097 -5.54977 -0.882097 -5.54977 0.134252 0 2.97571 0 
2 1 0 8.92775 0.110584 30.8884 -0.88228 -5.5523 -0.88228 -5.5523 0.134417 0 2.97056 0 
2 1 0 8.93206 0.110584 30.8884 -0.882462 -5.55484 -0.882462 -5.55484 0.134585 0 2.96539 0 
2 1 0 8.93636 0.110584 30.8884 -0.882645 -5.55738 -0.882645 -5.55738 0.134754 0 2.96019 0 
2 1 0 8.94066 0.110584 30.8884 -0.882828 -5.55992 -0.882828 -5.55992 0.134925 0 2.95497 0 
2 1 0 8.94496 0.110584 30.8884 -0.88301 -5.56247 -0.88301 -5.56247 0.135099 0 2.94971 0 
2 1 0 8.94926 0.110584 30.8884 -0.883192 -5.56502 -0.883192 -5.56502 0.135274 0 2.94442 0 
2 1 0 8.95355 0.110584 30.8884 -0.883375 -5.56757 -0.883375 -5.56757 0.135451 0 2.93911 0 
2 1 0 8.95785 0.110584 30.8884 -0.883557 -5.57012 -0.883557 -5.57012 0.13563 0 2.93377 0 
2 1 0 8.96214 0.110584 30.8884 -0.883739 -5.57268 -0.883739 -5.57268 0.135812 0 2.9284 0 
2 1 0 8.96643 0.110584 30.8884 -0.883921 -5.57523 -0.883921 -5.57523 0.135995 0 2.923 0 
2 1 0 8.97073 0.110584 30.8884 -0.884103 -5.5778 -0.884103 -5.5778 0.13618 0 2.91757 0 
2 1 0 8.97501 0.110584 30.8884 -0.884285 -5.58036 -0.884285 -5.58036 0.136368 0 2.91211 0 
2 1 0 8.9793 0.110584 30.8884 -0.884466 -5.58293 -0.884466 -5.58293 0.136558 0 2.90662 0 
2 1 0 8.98359 0.110584 30.8884 -0.884648 -5.5855 -0.884648 -5.5855 0.13675 0 2.9011 0 
2 1 0 8.98787 0.110584 30.8884 -0.884829 -5.58807 -0.884829 -5.58807 0.136944 0 2.89555 0 
2 1 0 8.99215 0.110584 30.8884 -0.885011 -5.59064 -0.885011 -5.59064 0.13714 0 2.88996 0 
2 1 0 8.99643 0.110584 30.8884 -0.885192 -5.59322 -0.885192 -5.59322 0.137339 0 2.88435 0 
2 1 0 9.00071 0.110584 30.8884 -0.885373 -5.5958 -0.885373 -5.5958 0.13754 0 2.87871 0 
2 1 0 9.00499 0.110584 30.8884 -0.885554 -5.59838 -0.885554 -5.59838 0.137743 0 2.87303 0 
2 1 0 9.00927 0.110584 30.8884 -0.885735 -5.60097 -0.885735 -5.60097 0.137949 0 2.86733 0 
2 1 0 9.01354 0.110584 30.8884 -0.885916 -5.60356 -0.885916 -5.60356 0.138157 0 2.86159 0 
2 1 0 9.01781 0.110584 30.8884 -0.886097 -5.60615 -0.886097 -5.60615 0.138367 0 2.85582 0 
2 1 0 9.02208 0.110584 30.8884 -0.886278 -5.60875 -0.886278 -5.60875 0.13858 0 2.85002 0 
2 1 0 9.02635 0.110584 30.8884 -0.886458 -5.61134 -0.886458 -5.61134 0.138796 0 2.84418 0 
2 1 0 9.03062 0.110584 30.8884 -0.886639 -5.61394 -0.886639 -5.61394 0.139014 0 2.83831 0 
2 1 0 9.03488 0.110584 30.8884 -0.886819 -5.61655 -0.886819 -5.61655 0.139234 0 2.83241 0 
2 1 0 9.03914 0.110584 30.8884 -0.887 -5.61915 -0.887 -5.61915 0.139458 0 2.82648 0 
2 1 0 9.0434 0.110584 30.8884 -0.88718 -5.62176 -0.88718 -5.62176 0.139683 0 2.82051 0 
2 1 0 9.04766 0.110584 30.8884 -0.88736 -5.62438 -0.88736 -5.62438 0.139912 0 2.81451 0 
2 1 0 9.05192 0.110584 30.8884 -0.88754 -5.62699 -0.88754 -5.62699 0.140143 0 2.80847 0 
2 1 0 9.05618 0.110584 30.8884 -0.88772 -5.62961 -0.88772 -5.62961 0.140377 0 2.8024 0 
2 1 0 9.06043 0.110584 30.8884 -0.8879 -5.63223 -0.8879 -5.63223 0.140614 0 2.79629 0 
2 1 0 9.06468 0.110584 30.8884 -0.88808 -5.63486 -0.88808 -5.63486 0.140854 0 2.79015 0 
2 1 0 9.06893 0.110584 30.8884 -0.888259 -5.63749 -0.888259 -5.63749 0.141097 0 2.78397 0 
2 1 0 9.07318 0.110584 30.8884 -0.888439 -5.64012 -0.888439 -5.64012 0.141342 0 2.77776 0 
2 1 0 9.07743 0.110584 30.8884 -0.888618 -5.64275 -0.888618 -5.64275 0.141591 0 2.77151 0 
2 1 0 9.08167 0.110584 30.8884 -0.888798 -5.64539 -0.888798 -5.64539 0.141842 0 2.76523 0 
2 1 0 9.08591 0.110584 30.8884 -0.888977 -5.64803 -0.888977 -5.64803 0.142097 0 2.7589 0 
2 1 0 9.09015 0.110584 30.8884 -0.889156 -5.65068 -0.889156 -5.65068 0.142355 0 2.75255 0 
2 1 0 9.09439 0.110584 30.8884 -0.889335 -5.65332 -0.889335 -5.65332 0.142616 0 2.74615 0 
2 1 0 9.09862 0.110584 30.8884 -0.889514 -5.65597 -0.889514 -5.65597 0.14288 0 2.73971 0 
2 1 0 9.10286 0.110584 30.8884 -0.889693 -5.65863 -0.889693 -5.65863 0.143148 0 2.73324 0 
2 1 0 9.10709 0.110584 30.8884 -0.889872 -5.66129 -0.889872 -5.66129 0.143419 0 2.72673 0 
2 1 0 9.11132 0.110584 30.8884 -0.890051 -5.66395 -0.890051 -5.66395 0.143693 0 2.72018 0 
2 1 0 9.11554 0.110584 30.8884 -0.890229 -5.66661 -0.890229 -5.66661 0.143971 0 2.71359 0 
2 1 0 9.11977 0.110584 30.8884 -0.890408 -5.66928 -0.890408 -5.66928 0.144252 0 2.70696 0 
2 1 0 9.12399 0.110584 30.8884 -0.890586 -5.67195 -0.890586 -5.67195 0.144537 0 2.70028 0 
2 1 0 9.12821 0.110584 30.8884 -0.890765 -5.67463 -0.890765 -5.67463 0.144826 0 2.69357 0 
2 1 0 9.13243 0.110584 30.8884 -0.890943 -5.67731 -0.890943 -5.67731 0.145118 0 2.68682 0 
2 1 0 9.13664 0.110584 30.8884 -0.891121 -5.67999 -0.891121 -5.67999 0.145414 0 2.68002 0 
2 1 0 9.14086 0.110584 30.8884 -0.891299 -5.68268 -0.891299 -5.68268 0.145714 0 2.67319 0 
2 1 0 9.14507 0.110584 30.8884 -0.891477 -5.68537 -0.891477 -5.68537 0.146018 0 2.66631 0 
2 1 0 9.14928 0.110584 30.8884 -0.891655 -5.68806 -0.891655 -5.68806 0.146326 0 2.65939 0 
2 1 0 9.15348 0.110584 30.8884 -0.891833 -5.69076 -0.891833 -5.69076 0.146638 0 2.65242 0 
2 1 0 9.15769 0.110584 30.8884 -0.89201 -5.69346 -0.89201 -5.69346 0.146954 0 2.64541 0 
2 1 0 9.16189 0.110584 30.8884 -0.892188 -5.69617 -0.892188 -5.69617 0.147275 0 2.63836 0 
2 1 0 9.16608 0.110584 30.8884 -0.892365 -5.69888 -0.892365 -5.69888 0.147599 0 2.63126 0 
2 1 0 9.17028 0.110584 30.8884 -0.892543 -5.70159 -0.892543 -5.70159 0.147928 0 2.62411 0 
2 1 0 9.17447 0.110584 30.8884 -0.89272 -5.70431 -0.89272 -5.70431 0.148262 0 2.61692 0 
2 1 0 9.17866 0.110584 30.8884 -0.892897 -5.70703 -0.892897 -5.70703 0.1486 0 2.60968 0 
2 1 0 9.18285 0.110584 30.8884 -0.893075 -5.70976 -0.893075 -5.70976 0.148943 0 2.60239 0 
2 1 0 9.18704 0.110584 30.8884 -0.893252 -5.71249 -0.893252 -5.71249 0.14929 0 2.59506 0 
2 1 0 9.19122 0.110584 30.8884 -0.893429 -5.71522 -0.893429 -5.71522 0.149642 0 2.58768 0 
2 1 0 9.1954 0.110584 30.8884 -0.893605 -5.71796 -0.893605 -5.71796 0.15 0 2.58025 0 
2 1 0 9.19958 0.110584 30.8884 -0.893782 -5.7207 -0.893782 -5.7207 0.150362 0 2.57276 0 
2 1 0 9.20375 0.110584 30.8884 -0.893959 -5.72345 -0.893959 -5.72345 0.150729 0 2.56523 0 
2 1 0 9.20792 0.110584 30.8884 -0.894135 -5.7262 -0.894135 -5.7262 0.151102 0 2.55765 0 
2 1 0 9.21209 0.110584 30.8884 -0.894312 -5.72896 -0.894312 -5.72896 0.15148 0 2.55001 0 
2 1 0 9.21626 0.110584 30.8884 -0.894488 -5.73172 -0.894488 -5.73172 0.151864 0 2.54233 0 
2 1 0 9.22042 0.110584 30.8884 -0.894665 -5.73448 -0.894665 -5.73448 0.152253 0 2.53458 0 
2 1 0 9.22458 0.110584 30.8884 -0.894841 -5.73725 -0.894841 -5.73725 0.152648 0 2.52679 0 
2 1 0 9.22873 0.110584 30.8884 -0.895017 -5.74002 -0.895017 -5.74002 0.153048 0 2.51894 0 
2 1 0 9.23289 0.110584 30.8884 -0.895193 -5.7428 -0.895193 -5.7428 0.153455 0 2.51103 0 
2 1 0 9.23704 0.110584 30.8884 -0.895369 -5.74559 -0.895369 -5.74559 0.153868 0 2.50307 0 
2 1 0 9.24118 0.110584 30.8884 -0.895545 -5.74838 -0.895545 -5.74838 0.154287 0 2.49505 0 
2 1 0 9.24533 0.110584 30.8884 -0.89572 -5.75117 -0.89572 -5.75117 0.154712 0 2.48697 0 
2 1 0 9.24947 0.110584 30.8884 -0.895896 -5.75397 -0.895896 -5.75397 0.155144 0 2.47883 0 
2 1 0 9.2536 0.110584 30.8884 -0.896072 -5.75677 -0.896072 -5.75677 0.155583 0 2.47063 0 
2 1 0 9.25774 0.110584 30.8884 -0.896247 -5.75958 -0.896247 -5.75958 0.156029 0 2.46237 0 
2 1 0 9.26186 0.110584 30.8884 -0.896422 -5.76239 -0.896422 -5.76239 0.156481 0 2.45405 0 
2 1 0 9.26599 0.110584 30.8884 -0.896598 -5.76521 -0.896598 -5.76521 0.156941 0 2.44567 0 
2 1 0 9.27011 0.110584 30.8884 -0.896773 -5.76804 -0.896773 -5.76804 0.157408 0 2.43722 0 
2 1 0 9.27423 0.110584 30.8884 -0.896948 -5.77087 -0.896948 -5.77087 0.157883 0 2.42871 0 
2 1 0 9.27835 0.110584 30.8884 -0.897123 -5.7737 -0.897123 -5.7737 0.158366 0 2.42013 0 
2 1 0 9.28246 0.110584 30.8884 -0.897298 -5.77654 -0.897298 -5.77654 0.158856 0 2.41148 0 
2 1 0 9.28656 0.110584 30.8884 -0.897473 -5.77939 -0.897473 -5.77939 0.159355 0 2.40276 0 
2 1 0 9.29067 0.110584 30.8884 -0.897648 -5.78224 -0.897648 -5.78224 0.159862 0 2.39398 0 
2 1 0 9.29477 0.110584 30.8884 -0.897822 -5.7851 -0.897822 -5.7851 0.160377 0 2.38512 0 
2 1 0 9.29886 0.110584 30.8884 -0.897997 -5.78796 -0.897997 -5.78796 0.160902 0 2.37619 0 
2 1 0 9.30295 0.110584 30.8884 -0.898171 -5.79083 -0.898171 -5.79083 0.161435 0 2.36719 0 
2 1 0 9.30704 0.110584 30.8884 -0.898346 -5.79371 -0.898346 -5.79371 0.161978 0 2.35811 0 
2 1 0 9.31112 0.110584 30.8884 -0.89852 -5.79659 -0.89852 -5.79659 0.162531 0 2.34895 0 
2 1 0 9.3152 0.110584 30.8884 -0.898694 -5.79948 -0.898694 -5.79948 0.163093 0 2.33972 0 
2 1 0 9.31927 0.110584 30.8884 -0.898868 -5.80237 -0.898868 -5.80237 0.163666 0 2.33041 0 
2 1 0 9.32334 0.110584 30.8884 -0.899042 -5.80528 -0.899042 -5.80528 0.164248 0 2.32101 0 
2 1 0 9.3274 0.110584 30.8884 -0.899216 -5.80818 -0.899216 -5.80818 0.164842 0 2.31153 0 
2 1 0 9.33146 0.110584 30.8884 -0.89939 -5.8111 -0.89939 -5.8111 0.165447 0 2.30197 0 
2 1 0 9.33551 0.110584 30.8884 -0.899563 -5.81402 -0.899563 -5.81402 0.166063 0 2.29232 0 
2 1 0 9.33956 0.110584 30.8884 -0.899737 -5.81695 -0.899737 -5.81695 0.166691 0 2.28259 0 
2 1 0 9.34361 0.110584 30.8884 -0.899911 -5.81989 -0.899911 -5.81989 0.167331 0 2.27276 0 
2 1 0 9.34764 0.110584 30.8884 -0.900084 -5.82283 -0.900084 -5.82283 0.167984 0 2.26284 0 
2 1 0 9.35168 0.110584 30.8884 -0.900257 -5.82578 -0.900257 -5.82578 0.168649 0 2.25282 0 
2 1 0 9.3557 0.110584 30.8884 -0.90043 -5.82874 -0.90043 -5.82874 0.169328 0 2.24271 0 
2 1 0 9.35973 0.110584 30.8884 -0.900604 -5.8317 -0.900604 -5.8317 0.170021 0 2.2325 0 
2 1 0 9.36374 0.110584 30.8884 -0.900777 -5.83468 -0.900777 -5.83468 0.170728 0 2.22219 0 
2 1 0 9.36775 0.110584 30.8884 -0.900949 -5.83766 -0.900949 -5.83766 0.17145 0 2.21178 0 
2 1 0 9.37175 0.110584 30.8884 -0.901122 -5.84065 -0.901122 -5.84065 0.172187 0 2.20125 0 
2 1 0 9.37575 0.110584 30.8884 -0.901295 -5.84365 -0.901295 -5.84365 0.172939 0 2.19062 0 
2 1 0 9.37974 0.110584 30.8884 -0.901468 -5.84666 -0.901468 -5.84666 0.173709 0 2.17988 0 
2 1 0 9.38373 0.110584 30.8884 -0.90164 -5.84967 -0.90164 -5.84967 0.174495 0 2.16902 0 
2 1 0 9.3877 0.110584 30.8884 -0.901813 -5.8527 -0.901813 -5.8527 0.175299 0 2.15805 0 
2 1 0 9.39167 0.110584 30.8884 -0.901985 -5.85573 -0.901985 -5.85573 0.176121 0 2.14695 0 
2 1 0 9.39564 0.110584 30.8884 -0.902157 -5.85878 -0.902157 -5.85878 0.176962 0 2.13573 0 
2 1 0 9.39959 0.110584 30.8884 -0.902329 -5.86183 -0.902329 -5.86183 0.177823 0 2.12438 0 
2 1 0 9.40354 0.110584 30.8884 -0.902501 -5.86489 -0.902501 -5.86489 0.178704 0 2.1129 0 
2 1 0 9.40748 0.110584 30.8884 -0.902673 -5.86797 -0.902673 -5.86797 0.179607 0 2.10128 0 
2 1 0 9.41141 0.110584 30.8884 -0.902845 -5.87105 -0.902845 -5.87105 0.180532 0 2.08953 0 
2 1 0 9.41534 0.110584 30.8884 -0.903016 -5.87414 -0.903016 -5.87414 0.18148 0 2.07763 0 
2 1 0 9.41925 0.110584 30.8884 -0.903188 -5.87725 -0.903188 -5.87725 0.182453 0 2.06558 0 
2 1 0 9.42316 0.110584 30.8884 -0.903359 -5.88037 -0.903359 -5.88037 0.183451 0 2.05338 0 
2 1 0 9.42705 0.110584 30.8884 -0.90353 -5.8835 -0.90353 -5.8835 0.184475 0 2.04102 0 
2 1 0 9.43094 0.110584 30.8884 -0.903702 -5.88664 -0.903702 -5.88664 0.185527 0 2.02849 0 
2 1 0 9.43482 0.110584 30.8884 -0.903873 -5.88979 -0.903873 -5.88979 0.186608 0 2.0158 0 
2 1 0 9.43869 0.110584 30.8884 -0.904044 -5.89295 -0.904044 -5.89295 0.187719 0 2.00293 0 
2 1 0 9.44254 0.110584 30.8884 -0.904214 -5.89613 -0.904214 -5.89613 0.188862 0 1.98987 0 
2 1 0 9.44639 0.110584 30.8884 -0.904385 -5.89932 -0.904385 -5.89932 0.190039 0 1.97663 0 
2 1 0 9.45022 0.110584 30.8884 -0.904555 -5.90253 -0.904555 -5.90253 0.191251 0 1.9632 0 
2 1 0 9.45404 0.110584 30.8884 -0.904726 -5.90575 -0.904726 -5.90575 0.1925 0 1.94955 0 
2 1 0 9.45785 0.110584 30.8884 -0.904896 -5.90898 -0.904896 -5.90898 0.193788 0 1.9357 0 
2 1 0 9.46165 0.110584 30.8884 -0.905066 -5.91223 -0.905066 -5.91223 0.195118 0 1.92163 0 
2 1 0 9.46543 0.110584 30.8884 -0.905236 -5.9155 -0.905236 -5.9155 0.196491 0 1.90732 0 
2 1 0 9.4692 0.110584 30.8884 -0.905406 -5.91878 -0.905406 -5.91878 0.19791 0 1.89278 0 
2 1 0 9.47295 0.110584 30.8884 -0.905575 -5.92208 -0.905575 -5.92208 0.199378 0 1.87798 0 
2 1 0 9.47669 0.110584 30.8884 -0.905745 -5.9254 -0.905745 -5.9254 0.200899 0 1.86292 0 
2 1 0 9.48041 0.110584 30.8884 -0.905914 -5.92873 -0.905914 -5.92873 0.202474 0 1.84758 0 
2 1 0 9.48411 0.110584 30.8884 -0.906083 -5.93209 -0.906083 -5.93209 0.204109 0 1.83196 0 
2 1 0 9.4878 0.110584 30.8884 -0.906252 -5.93546 -0.906252 -5.93546 0.205807 0 1.81603 0 
2 1 0 9.49147 0.110584 30.8884 -0.90642 -5.93886 -0.90642 -5.93886 0.207572 0 1.79978 0 
2 1 0 9.49511 0.110584 30.8884 -0.906589 -5.94227 -0.906589 -5.94227 0.209409 0 1.78319 0 
2 1 0 9.49874 0.110584 30.8884 -0.906757 -5.94571 -0.906757 -5.94571 0.211324 0 1.76624 0 
2 1 0 9.50234 0.110584 30.8884 -0.906925 -5.94918 -0.906925 -5.94918 0.213323 0 1.74892 0 
2 1 0 9.50592 0.110584 30.8884 -0.907092 -5.95267 -0.907092 -5.95267 0.215413 0 1.73119 0 
2 1 0 9.50947 0.110584 30.8884 -0.90726 -5.95618 -0.90726 -5.95618 0.217601 0 1.71303 0 
2 1 0 9.51299 0.110584 30.8884 -0.907426 -5.95972 -0.907426 -5.95972 0.219895 0 1.69442 0 
2 1 0 9.51648 0.110584 30.8884 -0.907593 -5.9633 -0.907593 -5.9633 0.222306 0 1.67532 0 
2 1 0 9.51995 0.110584 30.8884 -0.907759 -5.9669 -0.907759 -5.9669 0.224844 0 1.6557 0 
2 1 0 9.52337 0.110584 30.8884 -0.907925 -5.97054 -0.907925 -5.97054 0.227522 0 1.63552 0 
2 1 0 9.52676 0.110584 30.8884 -0.908091 -5.97421 -0.908091 -5.97421 0.230355 0 1.61473 0 
2 1 0 9.53011 0.110584 30.8884 -0.908256 -5.97792 -0.908256 -5.97792 0.233358 0 1.59328 0 
2 1 0 9.53341 0.110584 30.8884 -0.90842 -5.98167 -0.90842 -5.98167 0.236553 0 1.57111 0 
2 1 0 9.53667 0.110584 30.8884 -0.908584 -5.98546 -0.908584 -5.98546 0.239961 0 1.54817 0 
2 1 0 9.53987 0.110584 30.8884 -0.908747 -5.9893 -0.908747 -5.9893 0.24361 0 1.52436 0 
2 1 0 9.54301 0.110584 30.8884 -0.908909 -5.99319 -0.908909 -5.99319 0.247534 0 1.49961 0 
2 1 0 9.54608 0.110584 30.8884 -0.90907 -5.99713 -0.90907 -5.99713 0.25177 0 1.4738 0 
2 1 0 9.54907 0.110584 30.8884 -0.90923 -6.00113 -0.90923 -6.00113 0.256367 0 1.44682 0 
2 1 0 9.55198 0.110584 30.8884 -0.909389 -6.0052 -0.909389 -6.0052 0.261386 0 1.41852 0 
2 1 0 9.55479 0.110584 30.8884 -0.909546 -6.00933 -0.909546 -6.00933 0.2669 0 1.38871 0 
2 1 0 9.55749 0.110584 30.8884 -0.909702 -6.01354 -0.909702 -6.01354 0.273006 0 1.35717 0 
2 1 0 9.56005 0.110584 30.8884 -0.909855 -6.01783 -0.909855 -6.01783 0.279828 0 1.32364 0 
2 1 0 9.56245 0.110584 30.8884 -0.910006 -6.02221 -0.910006 -6.02221 0.287531 0 1.28777 0 
2 1 0 9.56465 0.110584 30.8884 -0.910153 -6.0267 -0.910153 -6.0267 0.296341 0 1.24912 0 
2 1 0 9.56662 0.110584 30.8884 -0.910295 -6.03129 -0.910295 -6.03129 0.306569 0 1.20711 0 
2 1 0 9.5683 0.110584 30.8884 -0.910431 -6.036 -0.910431 -6.036 0.31867 0 1.161 0 
2 1 0 9.5696 0.110584 30.8884 -0.910559 -6.04083 -0.910559 -6.04083 0.333321 0 1.10974 0 
2 1 0 9.57042 0.110584 30.8884 -0.910676 -6.04576 -0.910676 -6.04576 0.35158 0 1.05196 0 
2 1 0 9.57064 0.110584 30.8884 -0.910757 -6.04973 -0.910757 -6.04973 0.369822 0 1 0 
1 1 0 9.57025 0.110584 30.8884 -0.910841 -6.05471 -0.910841 -6.05471 0.399887 0 0.92481 0 
1 1 0 9.56897 0.110584 30.8884 -0.910896 -6.05955 -0.910896 -6.05955 0.443839 0 0.833305 0 
1 1 0 9.56676 0.110584 30.8884 -0.910919 -6.06403 -0.910919 -6.06403 0.527866 0 0.700799 0 
1 1 0 9.5637 0.110584 25.9712 -0.910908 -6.06799 -0.910908 -6.06799 0.590594 0.145736 0.590594 -0.145736 
1 1 0 9.55998 0.110584 17.1636 -0.910867 -6.07133 -0.910867 -6.07133 0.568112 0.217789 0.568112 -0.217789 
1 1 0 9.5558 0.110584 13.8748 -0.910801 -6.07408 -0.910801 -6.07408 0.547221 0.266263 0.547221 -0.266263 
1 1 0 9.55133 0.110584 12.059 -0.910717 -6.07631 -0.910717 -6.07631 0.527934 0.303003 0.527934 -0.303003 
1 1 0 9.54667 0.110584 10.8793 -0.91062 -6.07811 -0.91062 -6.07811 0.510112 0.332415 0.510112 -0.332415 
1 1 0 9.54188 0.110584 10.0386 -0.910512 -6.07956 -0.910512 -6.07956 0.493573 0.356784 0.493573 -0.356784 
1 1 0 9.53702 0.110584 9.40196 -0.910397 -6.08071 -0.910397 -6.08071 0.478142 0.377477 0.478142 -0.377477 
1 1 0 9.5321 0.110584 8.89879 -0.910275 -6.08161 -0.910275 -6.08161 0.463667 0.395379 0.463667 -0.395379 
1 1 0 9.52715 0.110584 8.48819 -0.910148 -6.0823 -0.910148 -6.0823 0.450019 0.411095 0.450019 -0.411095 
1 1 0 9.52218 0.110584 8.14478 -0.910017 -6.08282 -0.910017 -6.08282 0.437093 0.425056 0.437093 -0.425056 
1 1 0 9.51719 0.110584 7.85186 -0.909882 -6.08318 -0.909882 -6.08318 0.4248 0.43758 0.4248 -0.43758 
1 1 0 9.5122 0.110584 7.59802 -0.909745 -6.08341 -0.909745 -6.08341 0.413067 0.448905 0.413067 -0.448905 
1 1 0 9.5072 0.110584 7.37512 -0.909605 -6.08352 -0.909605 -6.08352 0.401833 0.459217 0.401833 -0.459217 
1 1 0 9.5022 0.110584 7.17724 -0.909463 -6.08352 -0.909463 -6.08352 0.391047 0.46866 0.391047 -0.46866 
1 1 0 9.49721 0.110584 6.99989 -0.909319 -6.08343 -0.909319 -6.08343 0.380665 0.477352 0.380665 -0.477352 
1 1 0 9.49221 0.110584 6.83967 -0.909174 -6.08325 -0.909174 -6.08325 0.370649 0.485388 0.370649 -0.485388 
1 1 0 9.48722 0.110584 6.69389 -0.909027 -6.083 -0.909027 -6.083 0.360967 0.492845 0.360967 -0.492845 
1 1 0 9.48223 0.110584 6.56045 -0.908878 -6.08268 -0.908878 -6.08268 0.351592 0.499788 0.351592 -0.499788 
1 1 0 9.47725 0.110584 6.43763 -0.908729 -6.0823 -0.908729 -6.0823 0.342499 0.506272 0.342499 -0.506272 
1 1 0 9.47227 0.110584 6.32405 -0.908578 -6.08185 -0.908578 -6.08185 0.333667 0.512342 0.333667 -0.512342 
1 1 0 9.4673 0.110584 6.21855 -0.908427 -6.08136 -0.908427 -6.08136 0.325076 0.51804 0.325076 -0.51804 
1 1 0 9.46233 0.110584 6.12019 -0.908274 -6.08081 -0.908274 -6.08081 0.31671 0.523399 0.31671 -0.523399 
1 1 0 9.45737 0.110584 6.02815 -0.908121 -6.08021 -0.908121 -6.08021 0.308555 0.528448 0.308555 -0.528448 
1 1 0 9.45241 0.110584 5.94175 -0.907966 -6.07957 -0.907966 -6.07957 0.300596 0.533214 0.300596 -0.533214 
1 1 0 9.44746 0.110584 5.86043 -0.907811 -6.0789 -0.907811 -6.0789 0.292822 0.53772 0.292822 -0.53772 
1 1 0 9.44252 0.110584 5.78367 -0.907656 -6.07818 -0.907656 -6.07818 0.285222 0.541985 0.285222 -0.541985 
1 1 0 9.43758 0.110584 5.71104 -0.907499 -6.07742 -0.907499 -6.07742 0.277785 0.546028 0.277785 -0.546028 
1 1 0 9.43264 0.110584 5.64217 -0.907342 -6.07664 -0.907342 -6.07664 0.270504 0.549864 0.270504 -0.549864 
1 1 0 9.42771 0.110584 5.57672 -0.907185 -6.07582 -0.907185 -6.07582 0.263369 0.553508 0.263369 -0.553508 
1 1 0 9.42279 0.110584 5.51441 -0.907027 -6.07497 -0.907027 -6.07497 0.256374 0.556973 0.256374 -0.556973 
1 1 0 9.41787 0.110584 5.45499 -0.906868 -6.07409 -0.906868 -6.07409 0.249511 0.56027 0.249511 -0.56027 
1 1 0 9.41295 0.110584 5.39821 -0.906709 -6.07318 -0.906709 -6.07318 0.242774 0.56341 0.242774 -0.56341 
1 1 0 9.40804 0.110584 5.34389 -0.90655 -6.07225 -0.90655 -6.07225 0.236158 0.566403 0.236158 -0.566403 
1 1 0 9.40314 0.110584 5.29184 -0.90639 -6.07129 -0.90639 -6.07129 0.229656 0.569256 0.229656 -0.569256 
1 1 0 9.39824 0.110584 5.2419 -0.906229 -6.07031 -0.906229 -6.07031 0.223264 0.571978 0.223264 -0.571978 
1 1 0 9.39334 0.110584 5.19391 -0.906068 -6.06931 -0.906068 -6.06931 0.216978 0.574577 0.216978 -0.574577 
1 1 0 9.38845 0.110584 5.14776 -0.905907 -6.06829 -0.905907 -6.06829 0.210792 0.577058 0.210792 -0.577058 
1 1 0 9.38356 0.110584 5.10331 -0.905745 -6.06724 -0.905745 -6.06724 0.204703 0.579429 0.204703 -0.579429 
1 1 0 9.37868 0.110584 5.06046 -0.905583 -6.06617 -0.905583 -6.06617 0.198707 0.581694 0.198707 -0.581694 
1 1 0 9.3738 0.110584 5.01911 -0.905421 -6.06509 -0.905421 -6.06509 0.192801 0.58386 0.192801 -0.58386 
1 1 0 9.36893 0.110584 4.97917 -0.905258 -6.06399 -0.905258 -6.06399 0.186981 0.58593 0.186981 -0.58593 
1 1 0 9.36406 0.110584 4.94056 -0.905095 -6.06287 -0.905095 -6.06287 0.181244 0.58791 0.181244 -0.58791 
1 1 0 9.35919 0.110584 4.9032 -0.904932 -6.06173 -0.904932 -6.06173 0.175588 0.589803 0.175588 -0.589803 
1 1 0 9.35433 0.110584 4.86702 -0.904768 -6.06057 -0.904768 -6.06057 0.170009 0.591614 0.170009 -0.591614 
1 1 0 9.34947 0.110584 4.83195 -0.904604 -6.0594 -0.904604 -6.0594 0.164505 0.593347 0.164505 -0.593347 
1 1 0 9.34462 0.110584 4.79794 -0.90444 -6.05822 -0.90444 -6.05822 0.159073 0.595004 0.159073 -0.595004 
1 1 0 9.33977 0.110584 4.76493 -0.904275 -6.05702 -0.904275 -6.05702 0.153712 0.596588 0.153712 -0.596588 
1 1 0 9.33492 0.110584 4.73288 -0.90411 -6.0558 -0.90411 -6.0558 0.148418 0.598104 0.148418 -0.598104 
1 1 0 9.33008 0.110584 4.70172 -0.903945 -6.05457 -0.903945 -6.05457 0.14319 0.599553 0.14319 -0.599553 
1 1 0 9.32524 0.110584 4.67142 -0.903779 -6.05333 -0.903779 -6.05333 0.138027 0.600939 0.138027 -0.600939 
1 1 0 9.3204 0.110584 4.64194 -0.903613 -6.05207 -0.903613 -6.05207 0.132925 0.602263 0.132925 -0.602263 
1 1 0 9.31556 0.110584 4.61324 -0.903447 -6.05081 -0.903447 -6.05081 0.127884 0.603529 0.127884 -0.603529 
1 1 0 9.31073 0.110584 4.58527 -0.903281 -6.04953 -0.903281 -6.04953 0.122901 0.604738 0.122901 -0.604738 
1 1 0 9.30591 0.110584 4.55802 -0.903115 -6.04823 -0.903115 -6.04823 0.117976 0.605893 0.117976 -0.605893 
1 1 0 9.30108 0.110584 4.53145 -0.902948 -6.04693 -0.902948 -6.04693 0.113106 0.606995 0.113106 -0.606995 
1 1 0 9.29626 0.110584 4.50553 -0.902781 -6.04561 -0.902781 -6.04561 0.10829 0.608046 0.10829 -0.608046 
1 1 0 9.29144 0.110584 4.48023 -0.902614 -6.04429 -0.902614 -6.04429 0.103526 0.609049 0.103526 -0.609049 
1 1 0 9.28663 0.110584 4.45552 -0.902446 -6.04295 -0.902446 -6.04295 0.0988143 0.610005 0.0988143 -0.610005 
1 1 0 9.28182 0.110584 4.43139 -0.902278 -6.0416 -0.902278 -6.0416 0.0941521 0.610914 0.0941521 -0.610914 
1 1 0 9.27701 0.110584 4.4078 -0.90211 -6.04024 -0.90211 -6.04024 0.0895389 0.61178 0.0895389 -0.61178 
1 1 0 9.2722 0.110584 4.38474 -0.901942 -6.03888 -0.901942 -6.03888 0.0849733 0.612604 0.0849733 -0.612604 
1 1 0 9.2674 0.110584 4.36218 -0.901774 -6.0375 -0.901774 -6.0375 0.0804545 0.613386 0.0804545 -0.613386 
1 1 0 9.2626 0.110584 4.34011 -0.901605 -6.03611 -0.901605 -6.03611 0.0759808 0.614128 0.0759808 -0.614128 
1 1 0 9.2578 0.110584 4.31851 -0.901436 -6.03471 -0.901436 -6.03471 0.0715518 0.614831 0.0715518 -0.614831 
1 1 0 9.253 0.110584 4.29737 -0.901267 -6.03331 -0.901267 -6.03331 0.0671661 0.615498 0.0671661 -0.615498 
1 1 0 9.24821 0.110584 4.27665 -0.901098 -6.03189 -0.901098 -6.03189 0.0628231 0.616127 0.0628231 -0.616127 
1 1 0 9.24342 0.110584 4.25636 -0.900929 -6.03047 -0.900929 -6.03047 0.0585215 0.616722 0.0585215 -0.616722 
1 1 0 9.23863 0.110584 4.23647 -0.900759 -6.02904 -0.900759 -6.02904 0.0542608 0.617283 0.0542608 -0.617283 
1 1 0 9.23385 0.110584 4.21697 -0.900589 -6.0276 -0.900589 -6.0276 0.0500398 0.61781 0.0500398 -0.61781 
1 1 0 9.22907 0.110584 4.19784 -0.900419 -6.02615 -0.900419 -6.02615 0.045858 0.618306 0.045858 -0.618306 
1 1 0 9.22429 0.110584 4.17909 -0.900249 -6.0247 -0.900249 -6.0247 0.0417146 0.61877 0.0417146 -0.61877 
1 1 0 9.21951 0.110584 4.16068 -0.900078 -6.02323 -0.900078 -6.02323 0.0376086 0.619203 0.0376086 -0.619203 
1 1 0 9.21473 0.110584 4.14262 -0.899908 -6.02176 -0.899908 -6.02176 0.0335395 0.619608 0.0335395 -0.619608 
1 1 0 9.20996 0.110584 4.12488 -0.899737 -6.02028 -0.899737 -6.02028 0.0295063 0.619983 0.0295063 -0.619983 
1 1 0 9.20519 0.110584 4.10747 -0.899566 -6.0188 -0.899566 -6.0188 0.0255086 0.620331 0.0255086 -0.620331 
1 1 0 9.20042 0.110584 4.09036 -0.899395 -6.01731 -0.899395 -6.01731 0.0215458 0.620651 0.0215458 -0.620651 
1 1 0 9.19565 0.110584 4.07356 -0.899223 -6.01581 -0.899223 -6.01581 0.0176172 0.620946 0.0176172 -0.620946 
1 1 0 9.19089 0.110584 4.05704 -0.899052 -6.0143 -0.899052 -6.0143 0.0137219 0.621214 0.0137219 -0.621214 
1 1 0 9.18612 0.110584 4.04081 -0.89888 -6.01279 -0.89888 -6.01279 0.00985968 0.621457 0.00985968 -0.621457 
1 1 0 9.18136 0.110584 4.02485 -0.898708 -6.01127 -0.898708 -6.01127 0.00602975 0.621676 0.00602975 -0.621676 
1 1 0 9.17661 0.110584 4.00916 -0.898536 -6.00974 -0.898536 -6.00974 0.00223179 0.621871 0.00223179 -0.621871 
1 1 0 9.17185 0.110584 3.99373 -0.898363 -6.00821 -0.898363 -6.00821 -0.00153501 0.622044 -0.00153501 -0.622044 
1 1 0 9.1671 0.110584 3.97854 -0.898191 -6.00667 -0.898191 -6.00667 -0.00527104 0.622193 -0.00527104 -0.622193 
1 1 0 9.16234 0.110584 3.9636 -0.898018 -6.00512 -0.898018 -6.00512 -0.00897687 0.62232 -0.00897687 -0.62232 
1 1 0 9.15759 0.110584 3.9489 -0.897845 -6.00357 -0.897845 -6.00357 -0.0126527 0.622426 -0.0126527 -0.622426 
1 1 0 9.15285 0.110584 3.93443 -0.897672 -6.00201 -0.897672 -6.00201 -0.0162995 0.622511 -0.0162995 -0.622511 
1 1 0 9.1481 0.110584 3.92019 -0.897499 -6.00045 -0.897499 -6.00045 -0.0199173 0.622576 -0.0199173 -0.622576 
1 1 0 9.14336 0.110584 3.90616 -0.897326 -5.99888 -0.897326 -5.99888 -0.0235068 0.62262 -0.0235068 -0.62262 
1 1 0 9.13861 0.110584 3.89234 -0.897152 -5.99731 -0.897152 -5.99731 -0.0270682 0.622646 -0.0270682 -0.622646 
1 1 0 9.13387 0.110584 3.87874 -0.896979 -5.99573 -0.896979 -5.99573 -0.0306022 0.622652 -0.0306022 -0.622652 
1 1 0 9.12913 0.110584 3.86533 -0.896805 -5.99414 -0.896805 -5.99414 -0.034109 0.622639 -0.034109 -0.622639 
1 1 0 9.1244 0.110584 3.85212 -0.896631 -5.99255 -0.896631 -5.99255 -0.0375889 0.622609 -0.0375889 -0.622609 
1 1 0 9.11966 0.110584 3.83911 -0.896457 -5.99095 -0.896457 -5.99095 -0.0410427 0.622561 -0.0410427 -0.622561 
1 1 0 9.11493 0.110584 3.82628 -0.896282 -5.98935 -0.896282 -5.98935 -0.0444703 0.622495 -0.0444703 -0.622495 
1 1 0 9.1102 0.110584 3.81363 -0.896108 -5.98774 -0.896108 -5.98774 -0.0478725 0.622413 -0.0478725 -0.622413 
1 1 0 9.10547 0.110584 3.80116 -0.895933 -5.98613 -0.895933 -5.98613 -0.0512492 0.622314 -0.0512492 -0.622314 
1 1 0 9.10074 0.110584 3.78887 -0.895758 -5.98452 -0.895758 -5.98452 -0.054601 0.622199 -0.054601 -0.622199 
1 1 0 9.09601 0.110584 3.77675 -0.895583 -5.98289 -0.895583 -5.98289 -0.0579282 0.622068 -0.0579282 -0.622068 
1 1 0 9.09129 0.110584 3.76479 -0.895408 -5.98127 -0.895408 -5.98127 -0.0612312 0.621921 -0.0612312 -0.621921 
1 1 0 9.08656 0.110584 3.75299 -0.895233 -5.97964 -0.895233 -5.97964 -0.0645104 0.62176 -0.0645104 -0.62176 
1 1 0 9.08184 0.110584 3.74135 -0.895057 -5.978 -0.895057 -5.978 -0.0677658 0.621584 -0.0677658 -0.621584 
1 1 0 9.07712 0.110584 3.72987 -0.894882 -5.97636 -0.894882 -5.97636 -0.0709979 0.621393 -0.0709979 -0.621393 
1 1 0 9.0724 0.110584 3.71854 -0.894706 -5.97471 -0.894706 -5.97471 -0.0742069 0.621189 -0.0742069 -0.621189 
1 1 0 9.06769 0.110584 3.70735 -0.89453 -5.97306 -0.89453 -5.97306 -0.0773931 0.62097 -0.0773931 -0.62097 
1 1 0 9.06297 0.110584 3.69632 -0.894354 -5.97141 -0.894354 -5.97141 -0.080557 0.620738 -0.080557 -0.620738 
1 1 0 9.05826 0.110584 3.68542 -0.894177 -5.96975 -0.894177 -5.96975 -0.0836985 0.620493 -0.0836985 -0.620493 
1 1 0 9.05355 0.110584 3.67466 -0.894001 -5.96809 -0.894001 -5.96809 -0.0868181 0.620235 -0.0868181 -0.620235 
1 1 0 9.04884 0.110584 3.66404 -0.893824 -5.96642 -0.893824 -5.96642 -0.089916 0.619965 -0.089916 -0.619965 
1 1 0 9.04413 0.110584 3.65355 -0.893648 -5.96475 -0.893648 -5.96475 -0.0929925 0.619682 -0.0929925 -0.619682 
1 1 0 9.03942 0.110584 3.64319 -0.893471 -5.96307 -0.893471 -5.96307 -0.0960478 0.619386 -0.0960478 -0.619386 
1 1 0 9.03471 0.110584 3.63295 -0.893294 -5.96139 -0.893294 -5.96139 -0.0990821 0.61908 -0.0990821 -0.61908 
1 1 0 9.03001 0.110584 3.62285 -0.893117 -5.95971 -0.893117 -5.95971 -0.102096 0.618761 -0.102096 -0.618761 
1 1 0 9.02531 0.110584 3.61286 -0.892939 -5.95802 -0.892939 -5.95802 -0.105089 0.618431 -0.105089 -0.618431 
1 1 0 9.02061 0.110584 3.60299 -0.892762 -5.95633 -0.892762 -5.95633 -0.108062 0.61809 -0.108062 -0.61809 
1 1 0 9.01591 0.110584 3.59325 -0.892584 -5.95463 -0.892584 -5.95463 -0.111015 0.617738 -0.111015 -0.617738 
1 1 0 9.01121 0.110584 3.58361 -0.892406 -5.95293 -0.892406 -5.95293 -0.113948 0.617376 -0.113948 -0.617376 
1 1 0 9.00651 0.110584 3.57409 -0.892228 -5.95123 -0.892228 -5.95123 -0.116861 0.617003 -0.116861 -0.617003 
1 1 0 9.00181 0.110584 3.56468 -0.89205 -5.94952 -0.89205 -5.94952 -0.119755 0.616619 -0.119755 -0.616619 
1 1 0 8.99712 0.110584 3.55538 -0.891872 -5.94781 -0.891872 -5.94781 -0.12263 0.616226 -0.12263 -0.616226 
1 1 0 8.99242 0.110584 3.54619 -0.891694 -5.9461 -0.891694 -5.9461 -0.125485 0.615823 -0.125485 -0.615823 
1 1 0 8.98773 0.110584 3.5371 -0.891515 -5.94438 -0.891515 -5.94438 -0.128322 0.615411 -0.128322 -0.615411 
1 1 0 8.98304 0.110584 3.52812 -0.891337 -5.94266 -0.891337 -5.94266 -0.13114 0.614989 -0.13114 -0.614989 
1 1 0 8.97835 0.110584 3.51923 -0.891158 -5.94093 -0.891158 -5.94093 -0.13394 0.614558 -0.13394 -0.614558 
1 1 0 8.97366 0.110584 3.51045 -0.890979 -5.9392 -0.890979 -5.9392 -0.136721 0.614118 -0.136721 -0.614118 
1 1 0 8.96898 0.110584 3.50176 -0.8908 -5.93747 -0.8908 -5.93747 -0.139485 0.613669 -0.139485 -0.613669 
1 1 0 8.96429 0.110584 3.49316 -0.89062 -5.93573 -0.89062 -5.93573 -0.14223 0.613212 -0.14223 -0.613212 
1 1 0 8.95961 0.110584 3.48467 -0.890441 -5.93399 -0.890441 -5.93399 -0.144957 0.612746 -0.144957 -0.612746 
1 1 0 8.95493 0.110584 3.47626 -0.890261 -5.93225 -0.890261 -5.93225 -0.147667 0.612272 -0.147667 -0.612272 
1 1 0 8.95024 0.110584 3.46794 -0.890082 -5.9305 -0.890082 -5.9305 -0.15036 0.61179 -0.15036 -0.61179 
1 1 0 8.94556 0.110584 3.45972 -0.889902 -5.92875 -0.889902 -5.92875 -0.153035 0.6113 -0.153035 -0.6113 
1 1 0 8.94088 0.110584 3.45158 -0.889722 -5.927 -0.889722 -5.927 -0.155693 0.610803 -0.155693 -0.610803 
1 1 0 8.93621 0.110584 3.44353 -0.889542 -5.92525 -0.889542 -5.92525 -0.158334 0.610298 -0.158334 -0.610298 
1 1 0 8.93153 0.110584 3.43556 -0.889362 -5.92349 -0.889362 -5.92349 -0.160958 0.609785 -0.160958 -0.609785 
1 1 0 8.92685 0.110584 3.42767 -0.889181 -5.92172 -0.889181 -5.92172 -0.163565 0.609265 -0.163565 -0.609265 
1 1 0 8.92218 0.110584 3.41987 -0.889001 -5.91996 -0.889001 -5.91996 -0.166156 0.608739 -0.166156 -0.608739 
1 1 0 8.91751 0.110584 3.41215 -0.88882 -5.91819 -0.88882 -5.91819 -0.168731 0.608205 -0.168731 -0.608205 
1 1 0 8.91283 0.110584 3.40451 -0.888639 -5.91642 -0.888639 -5.91642 -0.171289 0.607664 -0.171289 -0.607664 
1 1 0 8.90816 0.110584 3.39695 -0.888458 -5.91464 -0.888458 -5.91464 -0.173831 0.607117 -0.173831 -0.607117 
1 1 0 8.90349 0.110584 3.38946 -0.888277 -5.91286 -0.888277 -5.91286 -0.176357 0.606564 -0.176357 -0.606564 
1 1 0 8.89882 0.110584 3.38205 -0.888096 -5.91108 -0.888096 -5.91108 -0.178867 0.606004 -0.178867 -0.606004 
1 1 0 8.89416 0.110584 3.37471 -0.887914 -5.9093 -0.887914 -5.9093 -0.181361 0.605438 -0.181361 -0.605438 
1 1 0 8.88949 0.110584 3.36745 -0.887733 -5.90751 -0.887733 -5.90751 -0.18384 0.604866 -0.18384 -0.604866 
1 1 0 8.88483 0.110584 3.36026 -0.887551 -5.90572 -0.887551 -5.90572 -0.186303 0.604288 -0.186303 -0.604288 
1 1 0 8.88016 0.110584 3.35314 -0.887369 -5.90393 -0.887369 -5.90393 -0.18875 0.603704 -0.18875 -0.603704 
1 1 0 8.8755 0.110584 3.34609 -0.887187 -5.90214 -0.887187 -5.90214 -0.191183 0.603115 -0.191183 -0.603115 
1 1 0 8.87084 0.110584 3.33911 -0.887005 -5.90034 -0.887005 -5.90034 -0.1936 0.60252 -0.1936 -0.60252 
1 1 0 8.86618 0.110584 3.3322 -0.886823 -5.89854 -0.886823 -5.89854 -0.196002 0.60192 -0.196002 -0.60192 
1 1 0 8.86152 0.110584 3.32536 -0.886641 -5.89673 -0.886641 -5.89673 -0.198388 0.601315 -0.198388 -0.601315 
1 1 0 8.85686 0.110584 3.31858 -0.886458 -5.89493 -0.886458 -5.89493 -0.200761 0.600704 -0.200761 -0.600704 
1 1 0 8.8522 0.110584 3.31187 -0.886275 -5.89312 -0.886275 -5.89312 -0.203118 0.600089 -0.203118 -0.600089 
1 1 0 8.84754 0.110584 3.30522 -0.886093 -5.8913 -0.886093 -5.8913 -0.205461 0.599469 -0.205461 -0.599469 
1 1 0 8.84289 0.110584 3.29864 -0.88591 -5.88949 -0.88591 -5.88949 -0.207789 0.598844 -0.207789 -0.598844 
1 1 0 8.83823 0.110584 3.29212 -0.885727 -5.88767 -0.885727 -5.88767 -0.210103 0.598214 -0.210103 -0.598214 
1 1 0 8.83358 0.110584 3.28566 -0.885543 -5.88585 -0.885543 -5.88585 -0.212402 0.59758 -0.212402 -0.59758 
1 1 0 8.82893 0.110584 3.27926 -0.88536 -5.88403 -0.88536 -5.88403 -0.214687 0.596942 -0.214687 -0.596942 
1 1 0 8.82428 0.110584 3.27292 -0.885177 -5.8822 -0.885177 -5.8822 -0.216958 0.596299 -0.216958 -0.596299 
1 1 0 8.81963 0.110584 3.26664 -0.884993 -5.88038 -0.884993 -5.88038 -0.219215 0.595652 -0.219215 -0.595652 
1 1 0 8.81498 0.110584 3.26042 -0.884809 -5.87855 -0.884809 -5.87855 -0.221458 0.595001 -0.221458 -0.595001 
1 1 0 8.81033 0.110584 3.25426 -0.884625 -5.87671 -0.884625 -5.87671 -0.223687 0.594347 -0.223687 -0.594347 
1 1 0 8.80568 0.110584 3.24816 -0.884441 -5.87488 -0.884441 -5.87488 -0.225902 0.593688 -0.225902 -0.593688 
1 1 0 8.80103 0.110584 3.24211 -0.884257 -5.87304 -0.884257 -5.87304 -0.228103 0.593026 -0.228103 -0.593026 
1 1 0 8.79639 0.110584 3.23611 -0.884073 -5.8712 -0.884073 -5.8712 -0.230291 0.59236 -0.230291 -0.59236 
1 1 0 8.79174 0.110584 3.23018 -0.883888 -5.86936 -0.883888 -5.86936 -0.232465 0.591691 -0.232465 -0.591691 
1 1 0 8.7871 0.110584 3.22429 -0.883704 -5.86751 -0.883704 -5.86751 -0.234626 0.591018 -0.234626 -0.591018 
1 1 0 8.78246 0.110584 3.21846 -0.883519 -5.86567 -0.883519 -5.86567 -0.236773 0.590342 -0.236773 -0.590342 
1 1 0 8.77782 0.110584 3.21269 -0.883334 -5.86382 -0.883334 -5.86382 -0.238907 0.589663 -0.238907 -0.589663 
1 1 0 8.77318 0.110584 3.20696 -0.883149 -5.86196 -0.883149 -5.86196 -0.241028 0.588981 -0.241028 -0.588981 
1 1 0 8.76854 0.110584 3.20129 -0.882964 -5.86011 -0.882964 -5.86011 -0.243135 0.588296 -0.243135 -0.588296 
1 1 0 8.7639 0.110584 3.19567 -0.882779 -5.85825 -0.882779 -5.85825 -0.24523 0.587608 -0.24523 -0.587608 
1 1 0 8.75926 0.110584 3.1901 -0.882593 -5.85639 -0.882593 -5.85639 -0.247311 0.586917 -0.247311 -0.586917 
1 1 0 8.75462 0.110584 3.18458 -0.882408 -5.85453 -0.882408 -5.85453 -0.24938 0.586224 -0.24938 -0.586224 
1 1 0 8.74999 0.110584 3.1791 -0.882222 -5.85267 -0.882222 -5.85267 -0.251435 0.585528 -0.251435 -0.585528 
1 1 0 8.74535 0.110584 3.17368 -0.882036 -5.8508 -0.882036 -5.8508 -0.253478 0.584829 -0.253478 -0.584829 
1 1 0 8.74072 0.110584 3.16831 -0.88185 -5.84893 -0.88185 -5.84893 -0.255508 0.584129 -0.255508 -0.584129 
1 1 0 8.73609 0.110584 3.16298 -0.881664 -5.84706 -0.881664 -5.84706 -0.257525 0.583425 -0.257525 -0.583425 
1 1 0 8.73145 0.110584 3.1577 -0.881478 -5.84519 -0.881478 -5.84519 -0.25953 0.58272 -0.25953 -0.58272 
1 1 0 8.72682 0.110584 3.15247 -0.881292 -5.84331 -0.881292 -5.84331 -0.261522 0.582013 -0.261522 -0.582013 
1 1 0 8.72219 0.110584 3.14728 -0.881105 -5.84144 -0.881105 -5.84144 -0.263502 0.581304 -0.263502 -0.581304 
1 1 0 8.71756 0.110584 3.14214 -0.880919 -5.83956 -0.880919 -5.83956 -0.265469 0.580592 -0.265469 -0.580592 
1 1 0 8.71293 0.110584 3.13704 -0.880732 -5.83768 -0.880732 -5.83768 -0.267424 0.579879 -0.267424 -0.579879 
1 1 0 8.70831 0.110584 3.13199 -0.880545 -5.83579 -0.880545 -5.83579 -0.269367 0.579165 -0.269367 -0.579165 
1 1 0 8.70368 0.110584 3.12698 -0.880358 -5.83391 -0.880358 -5.83391 -0.271297 0.578448 -0.271297 -0.578448 
1 1 0 8.69905 0.110584 3.12202 -0.880171 -5.83202 -0.880171 -5.83202 -0.273215 0.57773 -0.273215 -0.57773 
1 1 0 8.69443 0.110584 3.1171 -0.879983 -5.83013 -0.879983 -5.83013 -0.275121 0.577011 -0.275121 -0.577011 
1 1 0 8.6898 0.110584 3.11222 -0.879796 -5.82824 -0.879796 -5.82824 -0.277015 0.57629 -0.277015 -0.57629 
1 1 0 8.68518 0.110584 3.10739 -0.879608 -5.82634 -0.879608 -5.82634 -0.278897 0.575568 -0.278897 -0.575568 
1 1 0 8.68056 0.110584 3.10259 -0.879421 -5.82445 -0.879421 -5.82445 -0.280767 0.574845 -0.280767 -0.574845 
1 1 0 8.67593 0.110584 3.09784 -0.879233 -5.82255 -0.879233 -5.82255 -0.282626 0.574121 -0.282626 -0.574121 
1 1 0 8.67131 0.110584 3.09313 -0.879045 -5.82065 -0.879045 -5.82065 -0.284472 0.573396 -0.284472 -0.573396 
1 1 0 8.66669 0.110584 3.08846 -0.878857 -5.81875 -0.878857 -5.81875 -0.286306 0.572669 -0.286306 -0.572669 
1 1 0 8.66207 0.110584 3.08384 -0.878669 -5.81684 -0.878669 -5.81684 -0.288129 0.571942 -0.288129 -0.571942 
1 1 0 8.65746 0.110584 3.07925 -0.87848 -5.81494 -0.87848 -5.81494 -0.28994 0.571214 -0.28994 -0.571214 
1 1 0 8.65284 0.110584 3.0747 -0.878292 -5.81303 -0.878292 -5.81303 -0.291739 0.570486 -0.291739 -0.570486 
1 1 0 8.64822 0.110584 3.07019 -0.878103 -5.81112 -0.878103 -5.81112 -0.293527 0.569757 -0.293527 -0.569757 
1 1 0 8.6436 0.110584 3.06572 -0.877914 -5.8092 -0.877914 -5.8092 -0.295303 0.569027 -0.295303 -0.569027 
1 1 0 8.63899 0.110584 3.06129 -0.877725 -5.80729 -0.877725 -5.80729 -0.297068 0.568297 -0.297068 -0.568297 
1 1 0 8.63438 0.110584 3.05689 -0.877536 -5.80537 -0.877536 -5.80537 -0.298821 0.567566 -0.298821 -0.567566 
1 1 0 8.62976 0.110584 3.05254 -0.877347 -5.80346 -0.877347 -5.80346 -0.300563 0.566836 -0.300563 -0.566836 
1 1 0 8.62515 0.110584 3.04822 -0.877158 -5.80154 -0.877158 -5.80154 -0.302293 0.566105 -0.302293 -0.566105 
1 1 0 8.62054 0.110584 3.04394 -0.876968 -5.79962 -0.876968 -5.79962 -0.304013 0.565374 -0.304013 -0.565374 
1 1 0 8.61593 0.110584 3.0397 -0.876779 -5.79769 -0.876779 -5.79769 -0.30572 0.564643 -0.30572 -0.564643 
1 1 0 8.61131 0.110584 3.03549 -0.876589 -5.79577 -0.876589 -5.79577 -0.307417 0.563912 -0.307417 -0.563912 
1 1 0 8.60671 0.110584 3.03132 -0.876399 -5.79384 -0.876399 -5.79384 -0.309102 0.563181 -0.309102 -0.563181 
1 1 0 8.6021 0.110584 3.02718 -0.876209 -5.79191 -0.876209 -5.79191 -0.310777 0.562451 -0.310777 -0.562451 
1 1 0 8.59749 0.110584 3.02308 -0.876019 -5.78998 -0.876019 -5.78998 -0.31244 0.56172 -0.31244 -0.56172 
1 1 0 8.59288 0.110584 3.01902 -0.875829 -5.78805 -0.875829 -5.78805 -0.314092 0.56099 -0.314092 -0.56099 
1 1 0 8.58827 0.110584 3.01499 -0.875638 -5.78611 -0.875638 -5.78611 -0.315733 0.560261 -0.315733 -0.560261 
1 1 0 8.58367 0.110584 3.011 -0.875448 -5.78417 -0.875448 -5.78417 -0.317363 0.559532 -0.317363 -0.559532 
1 1 0 8.57906 0.110584 3.00704 -0.875257 -5.78224 -0.875257 -5.78224 -0.318982 0.558803 -0.318982 -0.558803 
1 1 0 8.57446 0.110584 3.00312 -0.875067 -5.7803 -0.875067 -5.7803 -0.32059 0.558075 -0.32059 -0.558075 
1 1 0 8.56986 0.110584 2.99923 -0.874876 -5.77835 -0.874876 -5.77835 -0.322187 0.557348 -0.322187 -0.557348 
1 1 0 8.56525 0.110584 2.99537 -0.874685 -5.77641 -0.874685 -5.77641 -0.323773 0.556622 -0.323773 -0.556622 
1 1 0 8.56065 0.110584 2.99155 -0.874493 -5.77447 -0.874493 -5.77447 -0.325349 0.555897 -0.325349 -0.555897 
1 1 0 8.55605 0.110584 2.98776 -0.874302 -5.77252 -0.874302 -5.77252 -0.326914 0.555172 -0.326914 -0.555172 
1 1 0 8.55145 0.110584 2.984 -0.874111 -5.77057 -0.874111 -5.77057 -0.328467 0.554449 -0.328467 -0.554449 
1 1 0 8.54685 0.110584 2.98028 -0.873919 -5.76862 -0.873919 -5.76862 -0.330011 0.553727 -0.330011 -0.553727 
1 1 0 8.54225 0.110584 2.97659 -0.873727 -5.76667 -0.873727 -5.76667 -0.331543 0.553006 -0.331543 -0.553006 
1 1 0 8.53765 0.110584 2.97293 -0.873535 -5.76471 -0.873535 -5.76471 -0.333065 0.552286 -0.333065 -0.552286 
1 1 0 8.53305 0.110584 2.9693 -0.873343 -5.76276 -0.873343 -5.76276 -0.334577 0.551568 -0.334577 -0.551568 
1 1 0 8.52846 0.110584 2.96571 -0.873151 -5.7608 -0.873151 -5.7608 -0.336077 0.550851 -0.336077 -0.550851 
1 1 0 8.52386 0.110584 2.96214 -0.872959 -5.75884 -0.872959 -5.75884 -0.337568 0.550136 -0.337568 -0.550136 
1 1 0 8.51926 0.110584 2.95861 -0.872767 -5.75688 -0.872767 -5.75688 -0.339047 0.549422 -0.339047 -0.549422 
1 1 0 8.51467 0.110584 2.95511 -0.872574 -5.75492 -0.872574 -5.75492 -0.340517 0.548709 -0.340517 -0.548709 
1 1 0 8.51008 0.110584 2.95164 -0.872381 -5.75295 -0.872381 -5.75295 -0.341975 0.547999 -0.341975 -0.547999 
1 1 0 8.50548 0.110584 2.94821 -0.872189 -5.75099 -0.872189 -5.75099 -0.343423 0.54729 -0.343423 -0.54729 
1 1 0 8.50089 0.110584 2.9448 -0.871996 -5.74902 -0.871996 -5.74902 -0.344861 0.546583 -0.344861 -0.546583 
1 1 0 8.4963 0.110584 2.94142 -0.871803 -5.74705 -0.871803 -5.74705 -0.346289 0.545878 -0.346289 -0.545878 
1 1 0 8.49171 0.110584 2.93807 -0.87161 -5.74508 -0.87161 -5.74508 -0.347706 0.545175 -0.347706 -0.545175 
1 1 0 8.48712 0.110584 2.93476 -0.871416 -5.74311 -0.871416 -5.74311 -0.349113 0.544475 -0.349113 -0.544475 
1 1 0 8.48253 0.110584 2.93147 -0.871223 -5.74114 -0.871223 -5.74114 -0.350509 0.543776 -0.350509 -0.543776 
1 1 0 8.47794 0.110584 2.92822 -0.871029 -5.73916 -0.871029 -5.73916 -0.351895 0.543079 -0.351895 -0.543079 
1 1 0 8.47335 0.110584 2.92499 -0.870835 -5.73718 -0.870835 -5.73718 -0.353272 0.542385 -0.353272 -0.542385 
1 1 0 8.46876 0.110584 2.92179 -0.870642 -5.73521 -0.870642 -5.73521 -0.354637 0.541693 -0.354637 -0.541693 
1 1 0 8.46417 0.110584 2.91862 -0.870448 -5.73323 -0.870448 -5.73323 -0.355993 0.541003 -0.355993 -0.541003 
1 1 0 8.45959 0.110584 2.91548 -0.870253 -5.73124 -0.870253 -5.73124 -0.357338 0.540316 -0.357338 -0.540316 
1 1 0 8.455 0.110584 2.91237 -0.870059 -5.72926 -0.870059 -5.72926 -0.358673 0.539632 -0.358673 -0.539632 
1 1 0 8.45042 0.110584 2.90929 -0.869865 -5.72728 -0.869865 -5.72728 -0.359999 0.53895 -0.359999 -0.53895 
1 1 0 8.44583 0.110584 2.90624 -0.86967 -5.72529 -0.86967 -5.72529 -0.361314 0.538271 -0.361314 -0.538271 
1 1 0 8.44125 0.110584 2.90321 -0.869476 -5.7233 -0.869476 -5.7233 -0.362619 0.537595 -0.362619 -0.537595 
1 1 0 8.43666 0.110584 2.90022 -0.869281 -5.72131 -0.869281 -5.72131 -0.363914 0.536921 -0.363914 -0.536921 
1 1 0 8.43208 0.110584 2.89725 -0.869086 -5.71932 -0.869086 -5.71932 -0.365198 0.53625 -0.365198 -0.53625 
1 1 0 8.4275 0.110584 2.89431 -0.868891 -5.71733 -0.868891 -5.71733 -0.366473 0.535583 -0.366473 -0.535583 
1 1 0 8.42292 0.110584 2.8914 -0.868696 -5.71533 -0.868696 -5.71533 -0.367738 0.534918 -0.367738 -0.534918 
1 1 0 8.41834 0.110584 2.88851 -0.8685 -5.71334 -0.8685 -5.71334 -0.368993 0.534257 -0.368993 -0.534257 
1 1 0 8.41376 0.110584 2.88566 -0.868305 -5.71134 -0.868305 -5.71134 -0.370238 0.533598 -0.370238 -0.533598 
1 1 0 8.40918 0.110584 2.88283 -0.868109 -5.70934 -0.868109 -5.70934 -0.371473 0.532943 -0.371473 -0.532943 
1 1 0 8.4046 0.110584 2.88003 -0.867913 -5.70734 -0.867913 -5.70734 -0.372698 0.532291 -0.372698 -0.532291 
1 1 0 8.40002 0.110584 2.87725 -0.867718 -5.70534 -0.867718 -5.70534 -0.373913 0.531643 -0.373913 -0.531643 
1 1 0 8.39545 0.110584 2.8745 -0.867522 -5.70334 -0.867522 -5.70334 -0.375119 0.530998 -0.375119 -0.530998 
1 1 0 8.39087 0.110584 2.87178 -0.867326 -5.70134 -0.867326 -5.70134 -0.376314 0.530357 -0.376314 -0.530357 
1 1 0 8.38629 0.110584 2.86909 -0.867129 -5.69933 -0.867129 -5.69933 -0.3775 0.529719 -0.3775 -0.529719 
1 1 0 8.38172 0.110584 2.86642 -0.866933 -5.69732 -0.866933 -5.69732 -0.378676 0.529085 -0.378676 -0.529085 
1 1 0 8.37715 0.110584 2.86378 -0.866736 -5.69531 -0.866736 -5.69531 -0.379842 0.528454 -0.379842 -0.528454 
1 1 0 8.37257 0.110584 2.86117 -0.86654 -5.6933 -0.86654 -5.6933 -0.380998 0.527827 -0.380998 -0.527827 
1 1 0 8.368 0.110584 2.85858 -0.866343 -5.69129 -0.866343 -5.69129 -0.382145 0.527204 -0.382145 -0.527204 
1 1 0 8.36343 0.110584 2.85602 -0.866146 -5.68928 -0.866146 -5.68928 -0.383282 0.526586 -0.383282 -0.526586 
1 1 0 8.35885 0.110584 2.85349 -0.865949 -5.68726 -0.865949 -5.68726 -0.384409 0.525971 -0.384409 -0.525971 
1 1 0 8.35428 0.110584 2.85098 -0.865752 -5.68525 -0.865752 -5.68525 -0.385526 0.52536 -0.385526 -0.52536 
1 1 0 8.34971 0.110584 2.8485 -0.865554 -5.68323 -0.865554 -5.68323 -0.386634 0.524753 -0.386634 -0.524753 
1 1 0 8.34514 0.110584 2.84604 -0.865357 -5.68121 -0.865357 -5.68121 -0.387732 0.52415 -0.387732 -0.52415 
1 1 0 8.34057 0.110584 2.84361 -0.865159 -5.67919 -0.865159 -5.67919 -0.38882 0.523551 -0.38882 -0.523551 
1 1 0 8.336 0.110584 2.8412 -0.864962 -5.67717 -0.864962 -5.67717 -0.389899 0.522957 -0.389899 -0.522957 
1 1 0 8.33143 0.110584 2.83882 -0.864764 -5.67515 -0.864764 -5.67515 -0.390968 0.522367 -0.390968 -0.522367 
1 1 0 8.32687 0.110584 2.83647 -0.864566 -5.67312 -0.864566 -5.67312 -0.392027 0.521782 -0.392027 -0.521782 
1 1 0 8.3223 0.110584 2.83414 -0.864367 -5.6711 -0.864367 -5.6711 -0.393077 0.521201 -0.393077 -0.521201 
1 1 0 8.31773 0.110584 2.83183 -0.864169 -5.66907 -0.864169 -5.66907 -0.394117 0.520624 -0.394117 -0.520624 
1 1 0 8.31317 0.110584 2.82956 -0.863971 -5.66704 -0.863971 -5.66704 -0.395148 0.520053 -0.395148 -0.520053 
1 1 0 8.3086 0.110584 2.8273 -0.863772 -5.66501 -0.863772 -5.66501 -0.396169 0.519486 -0.396169 -0.519486 
1 1 0 8.30404 0.110584 2.82508 -0.863574 -5.66298 -0.863574 -5.66298 -0.397181 0.518923 -0.397181 -0.518923 
1 1 0 8.29947 0.110584 2.82287 -0.863375 -5.66095 -0.863375 -5.66095 -0.398183 0.518365 -0.398183 -0.518365 
1 1 0 8.29491 0.110584 2.82069 -0.863176 -5.65891 -0.863176 -5.65891 -0.399175 0.517813 -0.399175 -0.517813 
1 1 0 8.29035 0.110584 2.81854 -0.862977 -5.65688 -0.862977 -5.65688 -0.400158 0.517265 -0.400158 -0.517265 
1 1 0 8.28579 0.110584 2.81641 -0.862778 -5.65484 -0.862778 -5.65484 -0.401132 0.516722 -0.401132 -0.516722 
1 1 0 8.28123 0.110584 2.81431 -0.862578 -5.6528 -0.862578 -5.6528 -0.402096 0.516184 -0.402096 -0.516184 
1 1 0 8.27666 0.110584 2.81223 -0.862379 -5.65076 -0.862379 -5.65076 -0.40305 0.515651 -0.40305 -0.515651 
1 1 0 8.2721 0.110584 2.81017 -0.862179 -5.64872 -0.862179 -5.64872 -0.403995 0.515124 -0.403995 -0.515124 
1 1 0 8.26754 0.110584 2.80814 -0.861979 -5.64668 -0.861979 -5.64668 -0.404931 0.514602 -0.404931 -0.514602 
1 1 0 8.26299 0.110584 2.80614 -0.861779 -5.64464 -0.861779 -5.64464 -0.405857 0.514085 -0.405857 -0.514085 
1 1 0 8.25843 0.110584 2.80416 -0.861579 -5.64259 -0.861579 -5.64259 -0.406774 0.513573 -0.406774 -0.513573 
1 1 0 8.25387 0.110584 2.8022 -0.861379 -5.64055 -0.861379 -5.64055 -0.407681 0.513067 -0.407681 -0.513067 
1 1 0 8.24931 0.110584 2.80027 -0.861179 -5.6385 -0.861179 -5.6385 -0.408579 0.512565 -0.408579 -0.512565 
1 1 0 8.24475 0.110584 2.79836 -0.860979 -5.63645 -0.860979 -5.63645 -0.409467 0.51207 -0.409467 -0.51207 
1 1 0 8.2402 0.110584 2.79647 -0.860778 -5.6344 -0.860778 -5.6344 -0.410346 0.51158 -0.410346 -0.51158 
1 1 0 8.23564 0.110584 2.79461 -0.860577 -5.63235 -0.860577 -5.63235 -0.411216 0.511096 -0.411216 -0.511096 
1 1 0 8.23109 0.110584 2.79277 -0.860376 -5.6303 -0.860376 -5.6303 -0.412076 0.510618 -0.412076 -0.510618 
1 1 0 8.22653 0.110584 2.79096 -0.860175 -5.62825 -0.860175 -5.62825 -0.412927 0.510145 -0.412927 -0.510145 
1 1 0 8.22198 0.110584 2.78917 -0.859974 -5.62619 -0.859974 -5.62619 -0.413769 0.509677 -0.413769 -0.509677 
1 1 0 8.21743 0.110584 2.78741 -0.859773 -5.62413 -0.859773 -5.62413 -0.414601 0.509216 -0.414601 -0.509216 
1 1 0 8.21287 0.110584 2.78567 -0.859572 -5.62208 -0.859572 -5.62208 -0.415424 0.508761 -0.415424 -0.508761 
1 1 0 8.20832 0.110584 2.78395 -0.85937 -5.62002 -0.85937 -5.62002 -0.416238 0.508312 -0.416238 -0.508312 
1 1 0 8.20377 0.110584 2.78225 -0.859169 -5.61796 -0.859169 -5.61796 -0.417042 0.507868 -0.417042 -0.507868 
1 1 0 8.19922 0.110584 2.78058 -0.858967 -5.6159 -0.858967 -5.6159 -0.417837 0.507431 -0.417837 -0.507431 
1 1 0 8.19467 0.110584 2.77894 -0.858765 -5.61383 -0.858765 -5.61383 -0.418623 0.507 -0.418623 -0.507 
1 1 0 8.19012 0.110584 2.77731 -0.858563 -5.61177 -0.858563 -5.61177 -0.419399 0.506575 -0.419399 -0.506575 
1 1 0 8.18557 0.110584 2.77571 -0.858361 -5.60971 -0.858361 -5.60971 -0.420166 0.506156 -0.420166 -0.506156 
1 1 0 8.18102 0.110584 2.77413 -0.858158 -5.60764 -0.858158 -5.60764 -0.420924 0.505743 -0.420924 -0.505743 
1 1 0 8.17647 0.110584 2.77258 -0.857956 -5.60557 -0.857956 -5.60557 -0.421672 0.505337 -0.421672 -0.505337 
1 1 0 8.17193 0.110584 2.77105 -0.857753 -5.6035 -0.857753 -5.6035 -0.422412 0.504937 -0.422412 -0.504937 
1 1 0 8.16738 0.110584 2.76954 -0.857551 -5.60143 -0.857551 -5.60143 -0.423141 0.504544 -0.423141 -0.504544 
1 1 0 8.16283 0.110584 2.76806 -0.857348 -5.59936 -0.857348 -5.59936 -0.423862 0.504157 -0.423862 -0.504157 
1 1 0 8.15829 0.110584 2.7666 -0.857145 -5.59729 -0.857145 -5.59729 -0.424574 0.503777 -0.424574 -0.503777 
1 1 0 8.15374 0.110584 2.76516 -0.856942 -5.59522 -0.856942 -5.59522 -0.425276 0.503403 -0.425276 -0.503403 
1 1 0 8.1492 0.110584 2.76375 -0.856738 -5.59314 -0.856738 -5.59314 -0.425969 0.503036 -0.425969 -0.503036 
1 1 0 8.14465 0.110584 2.76236 -0.856535 -5.59106 -0.856535 -5.59106 -0.426652 0.502675 -0.426652 -0.502675 
1 1 0 8.14011 0.110584 2.76099 -0.856331 -5.58899 -0.856331 -5.58899 -0.427327 0.502321 -0.427327 -0.502321 
1 1 0 8.13557 0.110584 2.75965 -0.856128 -5.58691 -0.856128 -5.58691 -0.427992 0.501974 -0.427992 -0.501974 
1 1 0 8.13103 0.110584 2.75832 -0.855924 -5.58483 -0.855924 -5.58483 -0.428648 0.501634 -0.428648 -0.501634 
1 1 0 8.12648 0.110584 2.75703 -0.85572 -5.58275 -0.85572 -5.58275 -0.429295 0.501301 -0.429295 -0.501301 
1 1 0 8.12194 0.110584 2.75575 -0.855516 -5.58066 -0.855516 -5.58066 -0.429933 0.500974 -0.429933 -0.500974 
1 1 0 8.1174 0.110584 2.7545 -0.855312 -5.57858 -0.855312 -5.57858 -0.430561 0.500654 -0.430561 -0.500654 
1 1 0 8.11286 0.110584 2.75327 -0.855107 -5.5765 -0.855107 -5.5765 -0.43118 0.500342 -0.43118 -0.500342 
1 1 0 8.10832 0.110584 2.75206 -0.854903 -5.57441 -0.854903 -5.57441 -0.43179 0.500036 -0.43179 -0.500036 
1 1 0 8.10378 0.110584 2.75087 -0.854698 -5.57232 -0.854698 -5.57232 -0.432391 0.499738 -0.432391 -0.499738 
1 1 0 8.09925 0.110584 2.74971 -0.854493 -5.57024 -0.854493 -5.57024 -0.432982 0.499447 -0.432982 -0.499447 
1 1 0 8.09471 0.110584 2.74857 -0.854288 -5.56815 -0.854288 -5.56815 -0.433565 0.499162 -0.433565 -0.499162 
1 1 0 8.09017 0.110584 2.74746 -0.854083 -5.56606 -0.854083 -5.56606 -0.434138 0.498886 -0.434138 -0.498886 
1 1 0 8.08563 0.110584 2.74636 -0.853878 -5.56396 -0.853878 -5.56396 -0.434702 0.498616 -0.434702 -0.498616 
1 1 0 8.0811 0.110584 2.74529 -0.853673 -5.56187 -0.853673 -5.56187 -0.435257 0.498353 -0.435257 -0.498353 
1 1 0 8.07656 0.110584 2.74424 -0.853467 -5.55978 -0.853467 -5.55978 -0.435802 0.498098 -0.435802 -0.498098 
1 1 0 8.07203 0.110584 2.74322 -0.853262 -5.55768 -0.853262 -5.55768 -0.436339 0.497851 -0.436339 -0.497851 
1 1 0 8.06749 0.110584 2.74221 -0.853056 -5.55558 -0.853056 -5.55558 -0.436866 0.49761 -0.436866 -0.49761 
1 1 0 8.06296 0.110584 2.74123 -0.85285 -5.55349 -0.85285 -5.55349 -0.437384 0.497377 -0.437384 -0.497377 
1 1 0 8.05842 0.110584 2.74027 -0.852644 -5.55139 -0.852644 -5.55139 -0.437893 0.497152 -0.437893 -0.497152 
1 1 0 8.05389 0.110584 2.73934 -0.852438 -5.54929 -0.852438 -5.54929 -0.438393 0.496934 -0.438393 -0.496934 
1 1 0 8.04936 0.110584 2.73843 -0.852232 -5.54719 -0.852232 -5.54719 -0.438884 0.496724 -0.438884 -0.496724 
1 1 0 8.04483 0.110584 2.73753 -0.852025 -5.54508 -0.852025 -5.54508 -0.439365 0.496521 -0.439365 -0.496521 
1 1 0 8.0403 0.110584 2.73667 -0.851819 -5.54298 -0.851819 -5.54298 -0.439838 0.496326 -0.439838 -0.496326 
1 1 0 8.03577 0.110584 2.73582 -0.851612 -5.54088 -0.851612 -5.54088 -0.440301 0.496139 -0.440301 -0.496139 
1 1 0 8.03124 0.110584 2.735 -0.851405 -5.53877 -0.851405 -5.53877 -0.440755 0.495959 -0.440755 -0.495959 
1 1 0 8.02671 0.110584 2.73419 -0.851198 -5.53666 -0.851198 -5.53666 -0.4412 0.495787 -0.4412 -0.495787 
1 1 0 8.02218 0.110584 2.73342 -0.850991 -5.53455 -0.850991 -5.53455 -0.441635 0.495622 -0.441635 -0.495622 
1 1 0 8.01765 0.110584 2.73266 -0.850784 -5.53245 -0.850784 -5.53245 -0.442062 0.495466 -0.442062 -0.495466 
1 1 0 8.01312 0.110584 2.73193 -0.850577 -5.53033 -0.850577 -5.53033 -0.442479 0.495317 -0.442479 -0.495317 
1 1 0 8.00859 0.110584 2.73121 -0.850369 -5.52822 -0.850369 -5.52822 -0.442887 0.495176 -0.442887 -0.495176 
1 1 0 8.00407 0.110584 2.73052 -0.850162 -5.52611 -0.850162 -5.52611 -0.443286 0.495044 -0.443286 -0.495044 
1 1 0 7.99954 0.110584 2.72986 -0.849954 -5.524 -0.849954 -5.524 -0.443676 0.494919 -0.443676 -0.494919 
1 1 0 7.99501 0.110584 2.72921 -0.849746 -5.52188 -0.849746 -5.52188 -0.444057 0.494801 -0.444057 -0.494801 
1 1 0 7.99049 0.110584 2.72859 -0.849538 -5.51977 -0.849538 -5.51977 -0.444429 0.494692 -0.444429 -0.494692 
1 1 0 7.98596 0.110584 2.72799 -0.84933 -5.51765 -0.84933 -5.51765 -0.444791 0.494591 -0.444791 -0.494591 
1 1 0 7.98144 0.110584 2.72741 -0.849121 -5.51553 -0.849121 -5.51553 -0.445145 0.494498 -0.445145 -0.494498 
1 1 0 7.97692 0.110584 2.72685 -0.848913 -5.51341 -0.848913 -5.51341 -0.445489 0.494412 -0.445489 -0.494412 
1 1 0 7.97239 0.110584 2.72632 -0.848704 -5.51129 -0.848704 -5.51129 -0.445824 0.494336 -0.445824 -0.494336 
1 1 0 7.96787 0.110584 2.72581 -0.848495 -5.50917 -0.848495 -5.50917 -0.44615 0.494266 -0.44615 -0.494266 
1 1 0 7.96335 0.110584 2.72532 -0.848287 -5.50705 -0.848287 -5.50705 -0.446466 0.494206 -0.446466 -0.494206 
1 1 0 7.95883 0.110584 2.72485 -0.848077 -5.50492 -0.848077 -5.50492 -0.446774 0.494153 -0.446774 -0.494153 
1 1 0 7.9543 0.110584 2.7244 -0.847868 -5.5028 -0.847868 -5.5028 -0.447072 0.494108 -0.447072 -0.494108 
1 1 0 7.94978 0.110584 2.72398 -0.847659 -5.50067 -0.847659 -5.50067 -0.447361 0.494071 -0.447361 -0.494071 
1 1 0 7.94526 0.110584 2.72358 -0.84745 -5.49854 -0.84745 -5.49854 -0.447642 0.494043 -0.447642 -0.494043 
1 1 0 7.94074 0.110584 2.7232 -0.84724 -5.49641 -0.84724 -5.49641 -0.447912 0.494023 -0.447912 -0.494023 
1 1 0 7.93623 0.110584 2.72284 -0.84703 -5.49428 -0.84703 -5.49428 -0.448174 0.494011 -0.448174 -0.494011 
1 1 0 7.93171 0.110584 2.72251 -0.84682 -5.49215 -0.84682 -5.49215 -0.448427 0.494008 -0.448427 -0.494008 
1 1 0 7.92719 0.110584 2.72219 -0.84661 -5.49002 -0.84661 -5.49002 -0.44867 0.494012 -0.44867 -0.494012 
1 1 0 7.92267 0.110584 2.7219 -0.8464 -5.48789 -0.8464 -5.48789 -0.448905 0.494025 -0.448905 -0.494025 
1 1 0 7.91815 0.110584 2.72163 -0.84619 -5.48576 -0.84619 -5.48576 -0.449129 0.494046 -0.449129 -0.494046 
1 1 0 7.91364 0.110584 2.72139 -0.84598 -5.48362 -0.84598 -5.48362 -0.449345 0.494075 -0.449345 -0.494075 
1 1 0 7.90912 0.110584 2.72116 -0.845769 -5.48148 -0.845769 -5.48148 -0.449552 0.494113 -0.449552 -0.494113 
1 1 0 7.90461 0.110584 2.72096 -0.845558 -5.47935 -0.845558 -5.47935 -0.44975 0.494159 -0.44975 -0.494159 
1 1 0 7.90009 0.110584 2.72078 -0.845347 -5.47721 -0.845347 -5.47721 -0.449938 0.494213 -0.449938 -0.494213 
1 1 0 7.89558 0.110584 2.72062 -0.845137 -5.47507 -0.845137 -5.47507 -0.450117 0.494276 -0.450117 -0.494276 
1 1 0 7.89106 0.110584 2.72048 -0.844925 -5.47293 -0.844925 -5.47293 -0.450287 0.494347 -0.450287 -0.494347 
1 1 0 7.88655 0.110584 2.72037 -0.844714 -5.47079 -0.844714 -5.47079 -0.450448 0.494427 -0.450448 -0.494427 
1 1 0 7.88204 0.110584 2.72027 -0.844503 -5.46864 -0.844503 -5.46864 -0.4506 0.494514 -0.4506 -0.494514 
1 1 0 7.87753 0.110584 2.7202 -0.844291 -5.4665 -0.844291 -5.4665 -0.450743 0.49461 -0.450743 -0.49461 
1 1 0 7.87302 0.110584 2.72015 -0.84408 -5.46435 -0.84408 -5.46435 -0.450876 0.494715 -0.450876 -0.494715 
1 1 0 7.8685 0.110584 2.72012 -0.843868 -5.46221 -0.843868 -5.46221 -0.451 0.494828 -0.451 -0.494828 
1 1 0 7.86399 0.110584 2.72012 -0.843656 -5.46006 -0.843656 -5.46006 -0.451115 0.494949 -0.451115 -0.494949 
1 1 0 7.85948 0.110584 2.72013 -0.843444 -5.45791 -0.843444 -5.45791 -0.45122 0.495078 -0.45122 -0.495078 
1 1 0 7.85497 0.110584 2.72017 -0.843231 -5.45576 -0.843231 -5.45576 -0.451317 0.495217 -0.451317 -0.495217 
1 1 0 7.85047 0.110584 2.72023 -0.843019 -5.45361 -0.843019 -5.45361 -0.451404 0.495363 -0.451404 -0.495363 
1 1 0 7.84596 0.110584 2.72031 -0.842807 -5.45146 -0.842807 -5.45146 -0.451482 0.495518 -0.451482 -0.495518 
1 1 0 7.84145 0.110584 2.72042 -0.842594 -5.44931 -0.842594 -5.44931 -0.451551 0.495681 -0.451551 -0.495681 
1 1 0 7.83694 0.110584 2.72054 -0.842381 -5.44716 -0.842381 -5.44716 -0.451611 0.495852 -0.451611 -0.495852 
1 1 0 7.83243 0.110584 2.72069 -0.842168 -5.445 -0.842168 -5.445 -0.451661 0.496033 -0.451661 -0.496033 
1 1 0 7.82793 0.110584 2.72086 -0.841955 -5.44285 -0.841955 -5.44285 -0.451702 0.496221 -0.451702 -0.496221 
1 1 0 7.82342 0.110584 2.72105 -0.841742 -5.44069 -0.841742 -5.44069 -0.451734 0.496418 -0.451734 -0.496418 
1 1 0 7.81892 0.110584 2.72126 -0.841529 -5.43853 -0.841529 -5.43853 -0.451757 0.496622 -0.451757 -0.496622 
1 1 0 7.81441 0.110584 2.7215 -0.841315 -5.43637 -0.841315 -5.43637 -0.45177 0.496836 -0.45177 -0.496836 
1 1 0 7.80991 0.110584 2.72176 -0.841101 -5.43421 -0.841101 -5.43421 -0.451774 0.497058 -0.451774 -0.497058 
1 1 0 7.8054 0.110584 2.72203 -0.840888 -5.43205 -0.840888 -5.43205 -0.45177 0.497288 -0.45177 -0.497288 
1 1 0 7.8009 0.110584 2.72233 -0.840674 -5.42989 -0.840674 -5.42989 -0.451755 0.497527 -0.451755 -0.497527 
1 1 0 7.7964 0.110584 2.72266 -0.84046 -5.42772 -0.84046 -5.42772 -0.451732 0.497774 -0.451732 -0.497774 
1 1 0 7.7919 0.110584 2.723 -0.840245 -5.42556 -0.840245 -5.42556 -0.451699 0.498029 -0.451699 -0.498029 
1 1 0 7.78739 0.110584 2.72336 -0.840031 -5.42339 -0.840031 -5.42339 -0.451657 0.498293 -0.451657 -0.498293 
1 1 0 7.78289 0.110584 2.72375 -0.839817 -5.42123 -0.839817 -5.42123 -0.451605 0.498564 -0.451605 -0.498564 
1 1 0 7.77839 0.110584 2.72416 -0.839602 -5.41906 -0.839602 -5.41906 -0.451545 0.498845 -0.451545 -0.498845 
1 1 0 7.77389 0.110584 2.72459 -0.839387 -5.41689 -0.839387 -5.41689 -0.451475 0.499133 -0.451475 -0.499133 
1 1 0 7.76939 0.110584 2.72504 -0.839172 -5.41472 -0.839172 -5.41472 -0.451396 0.49943 -0.451396 -0.49943 
1 1 0 7.76489 0.110584 2.72552 -0.838957 -5.41255 -0.838957 -5.41255 -0.451307 0.499735 -0.451307 -0.499735 
1 1 0 7.7604 0.110584 2.72601 -0.838742 -5.41038 -0.838742 -5.41038 -0.451209 0.500048 -0.451209 -0.500048 
1 1 0 7.7559 0.110584 2.72653 -0.838527 -5.40821 -0.838527 -5.40821 -0.451102 0.50037 -0.451102 -0.50037 
1 1 0 7.7514 0.110584 2.72707 -0.838311 -5.40603 -0.838311 -5.40603 -0.450986 0.500699 -0.450986 -0.500699 
1 1 0 7.7469 0.110584 2.72763 -0.838096 -5.40386 -0.838096 -5.40386 -0.45086 0.501037 -0.45086 -0.501037 
1 1 0 7.74241 0.110584 2.72822 -0.83788 -5.40168 -0.83788 -5.40168 -0.450725 0.501383 -0.450725 -0.501383 
1 1 0 7.73791 0.110584 2.72882 -0.837664 -5.3995 -0.837664 -5.3995 -0.45058 0.501738 -0.45058 -0.501738 
1 1 0 7.73342 0.110584 2.72945 -0.837448 -5.39733 -0.837448 -5.39733 -0.450427 0.5021 -0.450427 -0.5021 
1 1 0 7.72892 0.110584 2.7301 -0.837232 -5.39515 -0.837232 -5.39515 -0.450263 0.502471 -0.450263 -0.502471 
1 1 0 7.72443 0.110584 2.73077 -0.837016 -5.39297 -0.837016 -5.39297 -0.450091 0.502849 -0.450091 -0.502849 
1 1 0 7.71993 0.110584 2.73146 -0.836799 -5.39078 -0.836799 -5.39078 -0.449909 0.503236 -0.449909 -0.503236 
1 1 0 7.71544 0.110584 2.73217 -0.836582 -5.3886 -0.836582 -5.3886 -0.449718 0.50363 -0.449718 -0.50363 
1 1 0 7.71095 0.110584 2.73291 -0.836366 -5.38642 -0.836366 -5.38642 -0.449517 0.504033 -0.449517 -0.504033 
1 1 0 7.70645 0.110584 2.73366 -0.836149 -5.38423 -0.836149 -5.38423 -0.449308 0.504444 -0.449308 -0.504444 
1 1 0 7.70196 0.110584 2.73444 -0.835932 -5.38205 -0.835932 -5.38205 -0.449088 0.504863 -0.449088 -0.504863 
1 1 0 7.69747 0.110584 2.73524 -0.835715 -5.37986 -0.835715 -5.37986 -0.44886 0.505289 -0.44886 -0.505289 
1 1 0 7.69298 0.110584 2.73606 -0.835497 -5.37767 -0.835497 -5.37767 -0.448622 0.505724 -0.448622 -0.505724 
1 1 0 7.68849 0.110584 2.73691 -0.83528 -5.37548 -0.83528 -5.37548 -0.448374 0.506166 -0.448374 -0.506166 
1 1 0 7.684 0.110584 2.73777 -0.835062 -5.37329 -0.835062 -5.37329 -0.448117 0.506617 -0.448117 -0.506617 
1 1 0 7.67951 0.110584 2.73866 -0.834844 -5.3711 -0.834844 -5.3711 -0.447851 0.507075 -0.447851 -0.507075 
1 1 0 7.67502 0.110584 2.73957 -0.834627 -5.36891 -0.834627 -5.36891 -0.447575 0.507541 -0.447575 -0.507541 
1 1 0 7.67054 0.110584 2.7405 -0.834409 -5.36672 -0.834409 -5.36672 -0.44729 0.508015 -0.44729 -0.508015 
1 1 0 7.66605 0.110584 2.74145 -0.83419 -5.36452 -0.83419 -5.36452 -0.446995 0.508496 -0.446995 -0.508496 
1 1 0 7.66156 0.110584 2.74243 -0.833972 -5.36233 -0.833972 -5.36233 -0.446691 0.508986 -0.446691 -0.508986 
1 1 0 7.65707 0.110584 2.74342 -0.833754 -5.36013 -0.833754 -5.36013 -0.446378 0.509482 -0.446378 -0.509482 
1 1 0 7.65259 0.110584 2.74444 -0.833535 -5.35794 -0.833535 -5.35794 -0.446055 0.509987 -0.446055 -0.509987 
1 1 0 7.6481 0.110584 2.74548 -0.833316 -5.35574 -0.833316 -5.35574 -0.445722 0.510499 -0.445722 -0.510499 
1 1 0 7.64362 0.110584 2.74654 -0.833097 -5.35354 -0.833097 -5.35354 -0.44538 0.511019 -0.44538 -0.511019 
1 1 0 7.63913 0.110584 2.74763 -0.832878 -5.35134 -0.832878 -5.35134 -0.445029 0.511547 -0.445029 -0.511547 
1 1 0 7.63465 0.110584 2.74873 -0.832659 -5.34914 -0.832659 -5.34914 -0.444668 0.512082 -0.444668 -0.512082 
1 1 0 7.63017 0.110584 2.74986 -0.83244 -5.34693 -0.83244 -5.34693 -0.444298 0.512624 -0.444298 -0.512624 
1 1 0 7.62568 0.110584 2.75101 -0.83222 -5.34473 -0.83222 -5.34473 -0.443918 0.513174 -0.443918 -0.513174 
1 1 0 7.6212 0.110584 2.75218 -0.832001 -5.34252 -0.832001 -5.34252 -0.443529 0.513731 -0.443529 -0.513731 
1 1 0 7.61672 0.110584 2.75337 -0.831781 -5.34032 -0.831781 -5.34032 -0.443129 0.514295 -0.443129 -0.514295 
1 1 0 7.61224 0.110584 2.75458 -0.831561 -5.33811 -0.831561 -5.33811 -0.442721 0.514867 -0.442721 -0.514867 
1 1 0 7.60776 0.110584 2.75582 -0.831341 -5.3359 -0.831341 -5.3359 -0.442303 0.515446 -0.442303 -0.515446 
1 1 0 7.60328 0.110584 2.75707 -0.831121 -5.3337 -0.831121 -5.3337 -0.441875 0.516033 -0.441875 -0.516033 
1 1 0 7.5988 0.110584 2.75835 -0.830901 -5.33149 -0.830901 -5.33149 -0.441438 0.516626 -0.441438 -0.516626 
1 1 0 7.59432 0.110584 2.75965 -0.83068 -5.32927 -0.83068 -5.32927 -0.440992 0.517227 -0.440992 -0.517227 
1 1 0 7.58984 0.110584 2.76098 -0.830459 -5.32706 -0.830459 -5.32706 -0.440535 0.517835 -0.440535 -0.517835 
1 1 0 7.58536 0.110584 2.76232 -0.830239 -5.32485 -0.830239 -5.32485 -0.440069 0.51845 -0.440069 -0.51845 
1 1 0 7.58088 0.110584 2.76369 -0.830018 -5.32263 -0.830018 -5.32263 -0.439594 0.519072 -0.439594 -0.519072 
1 1 0 7.57641 0.110584 2.76508 -0.829797 -5.32042 -0.829797 -5.32042 -0.439109 0.519701 -0.439109 -0.519701 
1 1 0 7.57193 0.110584 2.76649 -0.829576 -5.3182 -0.829576 -5.3182 -0.438614 0.520336 -0.438614 -0.520336 
1 1 0 7.56745 0.110584 2.76792 -0.829354 -5.31599 -0.829354 -5.31599 -0.43811 0.520979 -0.43811 -0.520979 
1 1 0 7.56298 0.110584 2.76937 -0.829133 -5.31377 -0.829133 -5.31377 -0.437596 0.521629 -0.437596 -0.521629 
1 1 0 7.5585 0.110584 2.77085 -0.828911 -5.31155 -0.828911 -5.31155 -0.437072 0.522286 -0.437072 -0.522286 
1 1 0 7.55403 0.110584 2.77235 -0.828689 -5.30933 -0.828689 -5.30933 -0.436539 0.522949 -0.436539 -0.522949 
1 1 0 7.54956 0.110584 2.77386 -0.828467 -5.30711 -0.828467 -5.30711 -0.435997 0.523618 -0.435997 -0.523618 
1 1 0 7.54508 0.110584 2.77541 -0.828245 -5.30488 -0.828245 -5.30488 -0.435444 0.524295 -0.435444 -0.524295 
1 1 0 7.54061 0.110584 2.77697 -0.828023 -5.30266 -0.828023 -5.30266 -0.434882 0.524978 -0.434882 -0.524978 
1 1 0 7.53614 0.110584 2.77856 -0.827801 -5.30043 -0.827801 -5.30043 -0.43431 0.525668 -0.43431 -0.525668 
1 1 0 7.53167 0.110584 2.78016 -0.827578 -5.29821 -0.827578 -5.29821 -0.433728 0.526364 -0.433728 -0.526364 
1 1 0 7.5272 0.110584 2.78179 -0.827356 -5.29598 -0.827356 -5.29598 -0.433137 0.527067 -0.433137 -0.527067 
1 1 0 7.52272 0.110584 2.78345 -0.827133 -5.29375 -0.827133 -5.29375 -0.432536 0.527776 -0.432536 -0.527776 
1 1 0 7.51825 0.110584 2.78512 -0.82691 -5.29152 -0.82691 -5.29152 -0.431925 0.528492 -0.431925 -0.528492 
1 1 0 7.51379 0.110584 2.78681 -0.826687 -5.28929 -0.826687 -5.28929 -0.431305 0.529214 -0.431305 -0.529214 
1 1 0 7.50932 0.110584 2.78853 -0.826464 -5.28706 -0.826464 -5.28706 -0.430674 0.529942 -0.430674 -0.529942 
1 1 0 7.50485 0.110584 2.79027 -0.82624 -5.28483 -0.82624 -5.28483 -0.430035 0.530676 -0.430035 -0.530676 
1 1 0 7.50038 0.110584 2.79204 -0.826017 -5.2826 -0.826017 -5.2826 -0.429385 0.531417 -0.429385 -0.531417 
1 1 0 7.49591 0.110584 2.79382 -0.825793 -5.28036 -0.825793 -5.28036 -0.428725 0.532163 -0.428725 -0.532163 
1 1 0 7.49145 0.110584 2.79563 -0.825569 -5.27813 -0.825569 -5.27813 -0.428056 0.532916 -0.428056 -0.532916 
1 1 0 7.48698 0.110584 2.79745 -0.825345 -5.27589 -0.825345 -5.27589 -0.427377 0.533675 -0.427377 -0.533675 
1 1 0 7.48251 0.110584 2.79931 -0.825121 -5.27365 -0.825121 -5.27365 -0.426688 0.534439 -0.426688 -0.534439 
1 1 0 7.47805 0.110584 2.80118 -0.824897 -5.27141 -0.824897 -5.27141 -0.425989 0.535209 -0.425989 -0.535209 
1 1 0 7.47358 0.110584 2.80307 -0.824673 -5.26917 -0.824673 -5.26917 -0.42528 0.535986 -0.42528 -0.535986 
1 1 0 7.46912 0.110584 2.80499 -0.824448 -5.26693 -0.824448 -5.26693 -0.424562 0.536768 -0.424562 -0.536768 
1 1 0 7.46466 0.110584 2.80693 -0.824223 -5.26469 -0.824223 -5.26469 -0.423834 0.537555 -0.423834 -0.537555 
1 1 0 7.46019 0.110584 2.8089 -0.823999 -5.26245 -0.823999 -5.26245 -0.423096 0.538349 -0.423096 -0.538349 
1 1 0 7.45573 0.110584 2.81088 -0.823774 -5.2602 -0.823774 -5.2602 -0.422348 0.539148 -0.422348 -0.539148 
1 1 0 7.45127 0.110584 2.81289 -0.823549 -5.25796 -0.823549 -5.25796 -0.42159 0.539953 -0.42159 -0.539953 
1 1 0 7.44681 0.110584 2.81492 -0.823323 -5.25571 -0.823323 -5.25571 -0.420822 0.540763 -0.420822 -0.540763 
1 1 0 7.44235 0.110584 2.81697 -0.823098 -5.25346 -0.823098 -5.25346 -0.420044 0.541578 -0.420044 -0.541578 
1 1 0 7.43789 0.110584 2.81904 -0.822872 -5.25122 -0.822872 -5.25122 -0.419257 0.542399 -0.419257 -0.542399 
1 1 0 7.43343 0.110584 2.82114 -0.822647 -5.24897 -0.822647 -5.24897 -0.418459 0.543225 -0.418459 -0.543225 
1 1 0 7.42897 0.110584 2.82326 -0.822421 -5.24672 -0.822421 -5.24672 -0.417652 0.544057 -0.417652 -0.544057 
1 1 0 7.42451 0.110584 2.8254 -0.822195 -5.24446 -0.822195 -5.24446 -0.416834 0.544893 -0.416834 -0.544893 
1 1 0 7.42005 0.110584 2.82757 -0.821969 -5.24221 -0.821969 -5.24221 -0.416007 0.545735 -0.416007 -0.545735 
1 1 0 7.41559 0.110584 2.82976 -0.821742 -5.23996 -0.821742 -5.23996 -0.41517 0.546582 -0.41517 -0.546582 
1 1 0 7.41114 0.110584 2.83197 -0.821516 -5.2377 -0.821516 -5.2377 -0.414322 0.547434 -0.414322 -0.547434 
1 1 0 7.40668 0.110584 2.8342 -0.821289 -5.23545 -0.821289 -5.23545 -0.413465 0.548291 -0.413465 -0.548291 
1 1 0 7.40223 0.110584 2.83646 -0.821063 -5.23319 -0.821063 -5.23319 -0.412597 0.549153 -0.412597 -0.549153 
1 1 0 7.39777 0.110584 2.83874 -0.820836 -5.23093 -0.820836 -5.23093 -0.41172 0.550019 -0.41172 -0.550019 
1 1 0 7.39332 0.110584 2.84104 -0.820609 -5.22867 -0.820609 -5.22867 -0.410833 0.55089 -0.410833 -0.55089 
1 1 0 7.38886 0.110584 2.84337 -0.820381 -5.22641 -0.820381 -5.22641 -0.409935 0.551766 -0.409935 -0.551766 
1 1 0 7.38441 0.110584 2.84571 -0.820154 -5.22415 -0.820154 -5.22415 -0.409028 0.552647 -0.409028 -0.552647 
1 1 0 7.37995 0.110584 2.84808 -0.819927 -5.22189 -0.819927 -5.22189 -0.40811 0.553532 -0.40811 -0.553532 
1 1 0 7.3755 0.110584 2.85048 -0.819699 -5.21962 -0.819699 -5.21962 -0.407182 0.554422 -0.407182 -0.554422 
1 1 0 7.37105 0.110584 2.8529 -0.819471 -5.21736 -0.819471 -5.21736 -0.406245 0.555316 -0.406245 -0.555316 
1 1 0 7.3666 0.110584 2.85534 -0.819243 -5.21509 -0.819243 -5.21509 -0.405297 0.556215 -0.405297 -0.556215 
1 1 0 7.36215 0.110584 2.8578 -0.819015 -5.21283 -0.819015 -5.21283 -0.404339 0.557118 -0.404339 -0.557118 
1 1 0 7.3577 0.110584 2.86029 -0.818787 -5.21056 -0.818787 -5.21056 -0.403371 0.558025 -0.403371 -0.558025 
1 1 0 7.35325 0.110584 2.8628 -0.818559 -5.20829 -0.818559 -5.20829 -0.402392 0.558937 -0.402392 -0.558937 
1 1 0 7.3488 0.110584 2.86533 -0.81833 -5.20602 -0.81833 -5.20602 -0.401404 0.559852 -0.401404 -0.559852 
1 1 0 7.34435 0.110584 2.86789 -0.818102 -5.20375 -0.818102 -5.20375 -0.400405 0.560772 -0.400405 -0.560772 
1 1 0 7.3399 0.110584 2.87047 -0.817873 -5.20147 -0.817873 -5.20147 -0.399397 0.561696 -0.399397 -0.561696 
1 1 0 7.33546 0.110584 2.87308 -0.817644 -5.1992 -0.817644 -5.1992 -0.398378 0.562623 -0.398378 -0.562623 
1 1 0 7.33101 0.110584 2.8757 -0.817415 -5.19693 -0.817415 -5.19693 -0.397348 0.563555 -0.397348 -0.563555 
1 1 0 7.32656 0.110584 2.87836 -0.817186 -5.19465 -0.817186 -5.19465 -0.396309 0.56449 -0.396309 -0.56449 
1 1 0 7.32212 0.110584 2.88103 -0.816956 -5.19237 -0.816956 -5.19237 -0.395259 0.565429 -0.395259 -0.565429 
1 1 0 7.31767 0.110584 2.88373 -0.816727 -5.19009 -0.816727 -5.19009 -0.394199 0.566372 -0.394199 -0.566372 
1 1 0 7.31323 0.110584 2.88646 -0.816497 -5.18781 -0.816497 -5.18781 -0.393129 0.567318 -0.393129 -0.567318 
1 1 0 7.30879 0.110584 2.8892 -0.816267 -5.18553 -0.816267 -5.18553 -0.392049 0.568268 -0.392049 -0.568268 
1 1 0 7.30434 0.110584 2.89197 -0.816037 -5.18325 -0.816037 -5.18325 -0.390958 0.569221 -0.390958 -0.569221 
1 1 0 7.2999 0.110584 2.89477 -0.815807 -5.18097 -0.815807 -5.18097 -0.389857 0.570178 -0.389857 -0.570178 
1 1 0 7.29546 0.110584 2.89759 -0.815577 -5.17869 -0.815577 -5.17869 -0.388746 0.571138 -0.388746 -0.571138 
1 1 0 7.29102 0.110584 2.90043 -0.815346 -5.1764 -0.815346 -5.1764 -0.387624 0.572102 -0.387624 -0.572102 
1 1 0 7.28658 0.110584 2.9033 -0.815116 -5.17411 -0.815116 -5.17411 -0.386492 0.573068 -0.386492 -0.573068 
1 1 0 7.28214 0.110584 2.90619 -0.814885 -5.17183 -0.814885 -5.17183 -0.38535 0.574038 -0.38535 -0.574038 
1 1 0 7.2777 0.110584 2.90911 -0.814654 -5.16954 -0.814654 -5.16954 -0.384197 0.57501 -0.384197 -0.57501 
1 1 0 7.27326 0.110584 2.91205 -0.814423 -5.16725 -0.814423 -5.16725 -0.383034 0.575986 -0.383034 -0.575986 
1 1 0 7.26882 0.110584 2.91502 -0.814192 -5.16496 -0.814192 -5.16496 -0.38186 0.576965 -0.38186 -0.576965 
1 1 0 7.26438 0.110584 2.91801 -0.813961 -5.16267 -0.813961 -5.16267 -0.380676 0.577946 -0.380676 -0.577946 
1 1 0 7.25994 0.110584 2.92103 -0.813729 -5.16037 -0.813729 -5.16037 -0.379482 0.578931 -0.379482 -0.578931 
1 1 0 7.25551 0.110584 2.92407 -0.813498 -5.15808 -0.813498 -5.15808 -0.378277 0.579918 -0.378277 -0.579918 
1 1 0 7.25107 0.110584 2.92713 -0.813266 -5.15578 -0.813266 -5.15578 -0.377062 0.580908 -0.377062 -0.580908 
1 1 0 7.24664 0.110584 2.93022 -0.813034 -5.15349 -0.813034 -5.15349 -0.375836 0.5819 -0.375836 -0.5819 
1 1 0 7.2422 0.110584 2.93334 -0.812802 -5.15119 -0.812802 -5.15119 -0.3746 0.582895 -0.3746 -0.582895 
1 1 0 7.23777 0.110584 2.93648 -0.81257 -5.14889 -0.81257 -5.14889 -0.373353 0.583892 -0.373353 -0.583892 
1 1 0 7.23333 0.110584 2.93965 -0.812337 -5.14659 -0.812337 -5.14659 -0.372096 0.584892 -0.372096 -0.584892 
1 1 0 7.2289 0.110584 2.94284 -0.812105 -5.14429 -0.812105 -5.14429 -0.370828 0.585894 -0.370828 -0.585894 
1 1 0 7.22447 0.110584 2.94606 -0.811872 -5.14199 -0.811872 -5.14199 -0.36955 0.586898 -0.36955 -0.586898 
1 1 0 7.22004 0.110584 2.9493 -0.811639 -5.13969 -0.811639 -5.13969 -0.368261 0.587904 -0.368261 -0.587904 
1 1 0 7.21561 0.110584 2.95257 -0.811406 -5.13738 -0.811406 -5.13738 -0.366961 0.588913 -0.366961 -0.588913 
1 1 0 7.21117 0.110584 2.95586 -0.811173 -5.13507 -0.811173 -5.13507 -0.365651 0.589923 -0.365651 -0.589923 
1 1 0 7.20675 0.110584 2.95918 -0.81094 -5.13277 -0.81094 -5.13277 -0.36433 0.590936 -0.36433 -0.590936 
1 1 0 7.20232 0.110584 2.96253 -0.810707 -5.13046 -0.810707 -5.13046 -0.362999 0.59195 -0.362999 -0.59195 
1 1 0 7.19789 0.110584 2.9659 -0.810473 -5.12815 -0.810473 -5.12815 -0.361657 0.592966 -0.361657 -0.592966 
1 1 0 7.19346 0.110584 2.9693 -0.810239 -5.12584 -0.810239 -5.12584 -0.360305 0.593984 -0.360305 -0.593984 
1 1 0 7.18903 0.110584 2.97273 -0.810005 -5.12353 -0.810005 -5.12353 -0.358941 0.595004 -0.358941 -0.595004 
1 1 0 7.18461 0.110584 2.97618 -0.809771 -5.12121 -0.809771 -5.12121 -0.357568 0.596024 -0.357568 -0.596024 
1 1 0 7.18018 0.110584 2.97966 -0.809537 -5.1189 -0.809537 -5.1189 -0.356183 0.597047 -0.356183 -0.597047 
1 1 0 7.17575 0.110584 2.98316 -0.809303 -5.11659 -0.809303 -5.11659 -0.354787 0.598071 -0.354787 -0.598071 
1 1 0 7.17133 0.110584 2.9867 -0.809069 -5.11427 -0.809069 -5.11427 -0.353381 0.599097 -0.353381 -0.599097 
1 1 0 7.1669 0.110584 2.99026 -0.808834 -5.11195 -0.808834 -5.11195 -0.351965 0.600123 -0.351965 -0.600123 
1 1 0 7.16248 0.110584 2.99384 -0.808599 -5.10963 -0.808599 -5.10963 -0.350537 0.601151 -0.350537 -0.601151 
1 1 0 7.15806 0.110584 2.99745 -0.808364 -5.10731 -0.808364 -5.10731 -0.349099 0.60218 -0.349099 -0.60218 
1 1 0 7.15364 0.110584 3.0011 -0.808129 -5.10499 -0.808129 -5.10499 -0.347649 0.603211 -0.347649 -0.603211 
1 1 0 7.14921 0.110584 3.00476 -0.807894 -5.10267 -0.807894 -5.10267 -0.346189 0.604242 -0.346189 -0.604242 
1 1 0 7.14479 0.110584 3.00846 -0.807659 -5.10034 -0.807659 -5.10034 -0.344719 0.605274 -0.344719 -0.605274 
1 1 0 7.14037 0.110584 3.01218 -0.807423 -5.09802 -0.807423 -5.09802 -0.343237 0.606307 -0.343237 -0.606307 
1 1 0 7.13595 0.110584 3.01593 -0.807188 -5.09569 -0.807188 -5.09569 -0.341745 0.607341 -0.341745 -0.607341 
1 1 0 7.13153 0.110584 3.01971 -0.806952 -5.09337 -0.806952 -5.09337 -0.340241 0.608375 -0.340241 -0.608375 
1 1 0 7.12712 0.110584 3.02352 -0.806716 -5.09104 -0.806716 -5.09104 -0.338727 0.60941 -0.338727 -0.60941 
1 1 0 7.1227 0.110584 3.02736 -0.80648 -5.08871 -0.80648 -5.08871 -0.337202 0.610446 -0.337202 -0.610446 
1 1 0 7.11828 0.110584 3.03122 -0.806244 -5.08638 -0.806244 -5.08638 -0.335665 0.611482 -0.335665 -0.611482 
1 1 0 7.11387 0.110584 3.03511 -0.806007 -5.08404 -0.806007 -5.08404 -0.334118 0.612518 -0.334118 -0.612518 
1 1 0 7.10945 0.110584 3.03903 -0.805771 -5.08171 -0.805771 -5.08171 -0.33256 0.613555 -0.33256 -0.613555 
1 1 0 7.10504 0.110584 3.04299 -0.805534 -5.07937 -0.805534 -5.07937 -0.330991 0.614592 -0.330991 -0.614592 
1 1 0 7.10062 0.110584 3.04697 -0.805297 -5.07704 -0.805297 -5.07704 -0.329411 0.61563 -0.329411 -0.61563 
2 1 0 8.01 0.110584 0 -0.807226 -3.46362 -0.807226 -3.46362 -0.329411 0.61563 -0.329411 -0.61563 
1 1 0 8.01 0.110584 2.73143 -0.807226 -3.46362 -0.807226 -3.46362 -0.442761 0.49522 -0.442761 -0.49522 
1 1 0 8.01 0.110584 2.73143 -0.807226 -3.46362 -0.807226 -3.46362 -0.442761 0.495219 -0.442761 -0.495219 
1 1 0 8.01 0.110584 2.73143 -0.807226 -3.46362 -0.807226 -3.46362 -0.442762 0.495219 -0.442762 -0.495219 
1 1 0 8.01 0.110584 2.73143 -0.807226 -3.46362 -0.807226 -3.46362 -0.442762 0.495219 -0.442762 -0.495219 
1 1 0 8.01 0.110584 2.73143 -0.807226 -3.46362 -0.807226 -3.46362 -0.442762 0.495219 -0.442762 -0.495219 
1 1 0 8.00999 0.110584 2.73143 -0.807226 -3.46362 -0.807226 -3.46362 -0.442762 0.495219 -0.442762 -0.495219 
1 1 0 8.00998 0.110584 2.73143 -0.807226 -3.46362 -0.807226 -3.46362 -0.442763 0.495219 -0.442763 -0.495219 
1 1 0 8.00997 0.110584 2.73143 -0.807225 -3.46362 -0.807225 -3.46362 -0.442764 0.495218 -0.442764 -0.495218 
1 1 0 8.00995 0.110584 2.73142 -0.807224 -3.46362 -0.807224 -3.46362 -0.442766 0.495218 -0.442766 -0.495218 
1 1 0 8.00991 0.110584 2.73142 -0.807223 -3.46361 -0.807223 -3.46361 -0.442769 0.495217 -0.442769 -0.495217 
1 1 0 8.00986 0.110584 2.73141 -0.807221 -3.46361 -0.807221 -3.46361 -0.442773 0.495216 -0.442773 -0.495216 
1 1 0 8.00979 0.110584 2.7314 -0.807219 -3.4636 -0.807219 -3.4636 -0.44278 0.495213 -0.44278 -0.495213 
1 1 0 8.00968 0.110584 2.73138 -0.807214 -3.46359 -0.807214 -3.46359 -0.44279 0.49521 -0.44279 -0.49521 
1 1 0 8.00952 0.110584 2.73136 -0.807208 -3.46357 -0.807208 -3.46357 -0.442804 0.495204 -0.442804 -0.495204 
1 1 0 8.00928 0.110584 2.73132 -0.807199 -3.46354 -0.807199 -3.46354 -0.442826 0.495197 -0.442826 -0.495197 
1 1 0 8.00891 0.110584 2.73126 -0.807185 -3.46349 -0.807185 -3.46349 -0.442859 0.495186 -0.442859 -0.495186 
1 1 0 8.00836 0.110584 2.73118 -0.807164 -3.46343 -0.807164 -3.46343 -0.442908 0.49517 -0.442908 -0.49517 
1 1 0 8.00754 0.110584 2.73105 -0.807133 -3.46333 -0.807133 -3.46333 -0.442981 0.495145 -0.442981 -0.495145 
1 1 0 8.0063 0.110584 2.73086 -0.807086 -3.46318 -0.807086 -3.46318 -0.44309 0.495108 -0.44309 -0.495108 
1 1 0 8.00445 0.110584 2.73058 -0.807015 -3.46296 -0.807015 -3.46296 -0.443253 0.495054 -0.443253 -0.495054 
1 1 0 8.00241 0.110584 2.73028 -0.806937 -3.46271 -0.806937 -3.46271 -0.44343 0.494997 -0.44343 -0.494997 
1 1 0 8.00017 0.110584 2.72995 -0.806852 -3.46244 -0.806852 -3.46244 -0.443623 0.494935 -0.443623 -0.494935 
1 1 0 7.9977 0.110584 2.72959 -0.806758 -3.46214 -0.806758 -3.46214 -0.443832 0.49487 -0.443832 -0.49487 
1 1 0 7.99499 0.110584 2.72921 -0.806654 -3.46182 -0.806654 -3.46182 -0.444059 0.494801 -0.444059 -0.494801 
1 1 0 7.992 0.110584 2.72879 -0.80654 -3.46145 -0.80654 -3.46145 -0.444305 0.494728 -0.444305 -0.494728 
1 1 0 7.98872 0.110584 2.72835 -0.806415 -3.46105 -0.806415 -3.46105 -0.444572 0.494652 -0.444572 -0.494652 
1 1 0 7.98511 0.110584 2.72788 -0.806277 -3.46061 -0.806277 -3.46061 -0.444859 0.494573 -0.444859 -0.494573 
1 1 0 7.98113 0.110584 2.72737 -0.806125 -3.46013 -0.806125 -3.46013 -0.445168 0.494492 -0.445168 -0.494492 
1 1 0 7.97676 0.110584 2.72683 -0.805958 -3.45959 -0.805958 -3.45959 -0.4455 0.49441 -0.4455 -0.49441 
1 1 0 7.97196 0.110584 2.72627 -0.805775 -3.459 -0.805775 -3.459 -0.445855 0.494329 -0.445855 -0.494329 
1 1 0 7.967 0.110584 2.72571 -0.805585 -3.45839 -0.805585 -3.45839 -0.446211 0.494254 -0.446211 -0.494254 
1 1 0 7.96204 0.110584 2.72518 -0.805395 -3.45778 -0.805395 -3.45778 -0.446556 0.49419 -0.446556 -0.49419 
1 1 0 7.95708 0.110584 2.72467 -0.805205 -3.45716 -0.805205 -3.45716 -0.44689 0.494134 -0.44689 -0.494134 
1 1 0 7.95212 0.110584 2.7242 -0.805014 -3.45654 -0.805014 -3.45654 -0.447213 0.494089 -0.447213 -0.494089 
1 1 0 7.94717 0.110584 2.72375 -0.804824 -3.45592 -0.804824 -3.45592 -0.447525 0.494054 -0.447525 -0.494054 
1 1 0 7.94221 0.110584 2.72332 -0.804634 -3.4553 -0.804634 -3.4553 -0.447826 0.494028 -0.447826 -0.494028 
1 1 0 7.93725 0.110584 2.72292 -0.804443 -3.45468 -0.804443 -3.45468 -0.448116 0.494013 -0.448116 -0.494013 
1 1 0 7.93229 0.110584 2.72255 -0.804252 -3.45405 -0.804252 -3.45405 -0.448394 0.494007 -0.448394 -0.494007 
1 1 0 7.92734 0.110584 2.7222 -0.804062 -3.45342 -0.804062 -3.45342 -0.448662 0.494012 -0.448662 -0.494012 
1 1 0 7.92238 0.110584 2.72189 -0.803871 -3.45279 -0.803871 -3.45279 -0.448919 0.494026 -0.448919 -0.494026 
1 1 0 7.91743 0.110584 2.72159 -0.80368 -3.45216 -0.80368 -3.45216 -0.449165 0.49405 -0.449165 -0.49405 
1 1 0 7.91247 0.110584 2.72133 -0.803488 -3.45152 -0.803488 -3.45152 -0.4494 0.494085 -0.4494 -0.494085 
1 1 0 7.90751 0.110584 2.72109 -0.803297 -3.45088 -0.803297 -3.45088 -0.449624 0.494129 -0.449624 -0.494129 
1 1 0 7.90256 0.110584 2.72087 -0.803106 -3.45025 -0.803106 -3.45025 -0.449836 0.494183 -0.449836 -0.494183 
1 1 0 7.8976 0.110584 2.72069 -0.802914 -3.4496 -0.802914 -3.4496 -0.450038 0.494247 -0.450038 -0.494247 
1 1 0 7.89265 0.110584 2.72053 -0.802722 -3.44896 -0.802722 -3.44896 -0.450229 0.494321 -0.450229 -0.494321 
1 1 0 7.88769 0.110584 2.72039 -0.80253 -3.44832 -0.80253 -3.44832 -0.450408 0.494406 -0.450408 -0.494406 
1 1 0 7.88274 0.110584 2.72029 -0.802339 -3.44767 -0.802339 -3.44767 -0.450577 0.4945 -0.450577 -0.4945 
1 1 0 7.87779 0.110584 2.7202 -0.802146 -3.44702 -0.802146 -3.44702 -0.450734 0.494605 -0.450734 -0.494605 
1 1 0 7.87283 0.110584 2.72015 -0.801954 -3.44637 -0.801954 -3.44637 -0.450881 0.494719 -0.450881 -0.494719 
1 1 0 7.86788 0.110584 2.72012 -0.801762 -3.44571 -0.801762 -3.44571 -0.451016 0.494844 -0.451016 -0.494844 
1 1 0 7.86293 0.110584 2.72012 -0.801569 -3.44506 -0.801569 -3.44506 -0.45114 0.494979 -0.45114 -0.494979 
1 1 0 7.85797 0.110584 2.72014 -0.801377 -3.4444 -0.801377 -3.4444 -0.451254 0.495124 -0.451254 -0.495124 
1 1 0 7.85302 0.110584 2.7202 -0.801184 -3.44374 -0.801184 -3.44374 -0.451356 0.495279 -0.451356 -0.495279 
1 1 0 7.84807 0.110584 2.72027 -0.800991 -3.44308 -0.800991 -3.44308 -0.451447 0.495444 -0.451447 -0.495444 
1 1 0 7.84312 0.110584 2.72038 -0.800798 -3.44242 -0.800798 -3.44242 -0.451527 0.49562 -0.451527 -0.49562 
1 1 0 7.83816 0.110584 2.72051 -0.800605 -3.44175 -0.800605 -3.44175 -0.451595 0.495805 -0.451595 -0.495805 
1 1 0 7.83321 0.110584 2.72066 -0.800412 -3.44108 -0.800412 -3.44108 -0.451653 0.496001 -0.451653 -0.496001 
1 1 0 7.82826 0.110584 2.72085 -0.800219 -3.44041 -0.800219 -3.44041 -0.4517 0.496206 -0.4517 -0.496206 
1 1 0 7.82331 0.110584 2.72106 -0.800025 -3.43974 -0.800025 -3.43974 -0.451735 0.496423 -0.451735 -0.496423 
1 1 0 7.81836 0.110584 2.72129 -0.799832 -3.43907 -0.799832 -3.43907 -0.451759 0.496649 -0.451759 -0.496649 
1 1 0 7.81341 0.110584 2.72155 -0.799638 -3.43839 -0.799638 -3.43839 -0.451772 0.496885 -0.451772 -0.496885 
1 1 0 7.80846 0.110584 2.72184 -0.799444 -3.43772 -0.799444 -3.43772 -0.451774 0.497131 -0.451774 -0.497131 
1 1 0 7.80351 0.110584 2.72216 -0.799251 -3.43704 -0.799251 -3.43704 -0.451765 0.497388 -0.451765 -0.497388 
1 1 0 7.79856 0.110584 2.7225 -0.799056 -3.43636 -0.799056 -3.43636 -0.451744 0.497654 -0.451744 -0.497654 
1 1 0 7.79361 0.110584 2.72286 -0.798862 -3.43567 -0.798862 -3.43567 -0.451712 0.49793 -0.451712 -0.49793 
1 1 0 7.78866 0.110584 2.72326 -0.798668 -3.43499 -0.798668 -3.43499 -0.45167 0.498217 -0.45167 -0.498217 
1 1 0 7.78371 0.110584 2.72368 -0.798474 -3.4343 -0.798474 -3.4343 -0.451615 0.498514 -0.451615 -0.498514 
1 1 0 7.77877 0.110584 2.72413 -0.798279 -3.43361 -0.798279 -3.43361 -0.45155 0.498821 -0.45155 -0.498821 
1 1 0 7.77382 0.110584 2.7246 -0.798084 -3.43292 -0.798084 -3.43292 -0.451473 0.499138 -0.451473 -0.499138 
1 1 0 7.76887 0.110584 2.7251 -0.79789 -3.43223 -0.79789 -3.43223 -0.451386 0.499465 -0.451386 -0.499465 
1 1 0 7.76392 0.110584 2.72562 -0.797695 -3.43153 -0.797695 -3.43153 -0.451287 0.499802 -0.451287 -0.499802 
1 1 0 7.75897 0.110584 2.72618 -0.7975 -3.43083 -0.7975 -3.43083 -0.451176 0.500149 -0.451176 -0.500149 
1 1 0 7.75403 0.110584 2.72675 -0.797304 -3.43014 -0.797304 -3.43014 -0.451055 0.500506 -0.451055 -0.500506 
1 1 0 7.74908 0.110584 2.72736 -0.797109 -3.42943 -0.797109 -3.42943 -0.450922 0.500873 -0.450922 -0.500873 
1 1 0 7.74413 0.110584 2.72799 -0.796914 -3.42873 -0.796914 -3.42873 -0.450778 0.50125 -0.450778 -0.50125 
1 1 0 7.73919 0.110584 2.72865 -0.796718 -3.42803 -0.796718 -3.42803 -0.450622 0.501636 -0.450622 -0.501636 
1 1 0 7.73424 0.110584 2.72933 -0.796523 -3.42732 -0.796523 -3.42732 -0.450456 0.502033 -0.450456 -0.502033 
1 1 0 7.7293 0.110584 2.73004 -0.796327 -3.42661 -0.796327 -3.42661 -0.450277 0.502439 -0.450277 -0.502439 
1 1 0 7.72435 0.110584 2.73078 -0.796131 -3.4259 -0.796131 -3.4259 -0.450088 0.502856 -0.450088 -0.502856 
1 1 0 7.71941 0.110584 2.73154 -0.795935 -3.42519 -0.795935 -3.42519 -0.449887 0.503281 -0.449887 -0.503281 
1 1 0 7.71446 0.110584 2.73233 -0.795739 -3.42447 -0.795739 -3.42447 -0.449675 0.503718 -0.449675 -0.503718 
1 1 0 7.70952 0.110584 2.73315 -0.795542 -3.42376 -0.795542 -3.42376 -0.449452 0.504163 -0.449452 -0.504163 
1 1 0 7.70457 0.110584 2.73399 -0.795346 -3.42304 -0.795346 -3.42304 -0.449217 0.504618 -0.449217 -0.504618 
1 1 0 7.69963 0.110584 2.73486 -0.795149 -3.42232 -0.795149 -3.42232 -0.448971 0.505083 -0.448971 -0.505083 
1 1 0 7.69468 0.110584 2.73575 -0.794953 -3.4216 -0.794953 -3.4216 -0.448713 0.505558 -0.448713 -0.505558 
1 1 0 7.68974 0.110584 2.73667 -0.794756 -3.42087 -0.794756 -3.42087 -0.448444 0.506042 -0.448444 -0.506042 
1 1 0 7.6848 0.110584 2.73762 -0.794559 -3.42015 -0.794559 -3.42015 -0.448163 0.506536 -0.448163 -0.506536 
1 1 0 7.67985 0.110584 2.73859 -0.794362 -3.41942 -0.794362 -3.41942 -0.447871 0.50704 -0.447871 -0.50704 
1 1 0 7.67491 0.110584 2.73959 -0.794165 -3.41869 -0.794165 -3.41869 -0.447568 0.507553 -0.447568 -0.507553 
1 1 0 7.66997 0.110584 2.74062 -0.793968 -3.41796 -0.793968 -3.41796 -0.447253 0.508075 -0.447253 -0.508075 
1 1 0 7.66503 0.110584 2.74167 -0.79377 -3.41723 -0.79377 -3.41723 -0.446927 0.508607 -0.446927 -0.508607 
1 1 0 7.66009 0.110584 2.74275 -0.793573 -3.41649 -0.793573 -3.41649 -0.446589 0.509148 -0.446589 -0.509148 
1 1 0 7.65514 0.110584 2.74386 -0.793375 -3.41576 -0.793375 -3.41576 -0.44624 0.509699 -0.44624 -0.509699 
1 1 0 7.6502 0.110584 2.74499 -0.793178 -3.41502 -0.793178 -3.41502 -0.445879 0.510259 -0.445879 -0.510259 
1 1 0 7.64526 0.110584 2.74615 -0.79298 -3.41428 -0.79298 -3.41428 -0.445507 0.510827 -0.445507 -0.510827 
1 1 0 7.64032 0.110584 2.74734 -0.792782 -3.41353 -0.792782 -3.41353 -0.445123 0.511406 -0.445123 -0.511406 
1 1 0 7.63538 0.110584 2.74855 -0.792584 -3.41279 -0.792584 -3.41279 -0.444728 0.511994 -0.444728 -0.511994 
1 1 0 7.63044 0.110584 2.74979 -0.792385 -3.41204 -0.792385 -3.41204 -0.444321 0.51259 -0.444321 -0.51259 
1 1 0 7.6255 0.110584 2.75105 -0.792187 -3.4113 -0.792187 -3.4113 -0.443902 0.513196 -0.443902 -0.513196 
1 1 0 7.62056 0.110584 2.75234 -0.791989 -3.41055 -0.791989 -3.41055 -0.443472 0.51381 -0.443472 -0.51381 
1 1 0 7.61562 0.110584 2.75366 -0.79179 -3.40979 -0.79179 -3.40979 -0.443031 0.514434 -0.443031 -0.514434 
1 1 0 7.61068 0.110584 2.75501 -0.791591 -3.40904 -0.791591 -3.40904 -0.442577 0.515067 -0.442577 -0.515067 
1 1 0 7.60575 0.110584 2.75638 -0.791392 -3.40829 -0.791392 -3.40829 -0.442112 0.515709 -0.442112 -0.515709 
1 1 0 7.60081 0.110584 2.75778 -0.791193 -3.40753 -0.791193 -3.40753 -0.441636 0.516359 -0.441636 -0.516359 
1 1 0 7.59587 0.110584 2.7592 -0.790994 -3.40677 -0.790994 -3.40677 -0.441147 0.517018 -0.441147 -0.517018 
1 1 0 7.59093 0.110584 2.76065 -0.790795 -3.40601 -0.790795 -3.40601 -0.440647 0.517686 -0.440647 -0.517686 
1 1 0 7.58599 0.110584 2.76213 -0.790596 -3.40525 -0.790596 -3.40525 -0.440136 0.518363 -0.440136 -0.518363 
1 1 0 7.58106 0.110584 2.76363 -0.790396 -3.40448 -0.790396 -3.40448 -0.439613 0.519048 -0.439613 -0.519048 
1 1 0 7.57612 0.110584 2.76517 -0.790197 -3.40371 -0.790197 -3.40371 -0.439078 0.519741 -0.439078 -0.519741 
1 1 0 7.57118 0.110584 2.76672 -0.789997 -3.40295 -0.789997 -3.40295 -0.438531 0.520444 -0.438531 -0.520444 
1 1 0 7.56625 0.110584 2.76831 -0.789797 -3.40218 -0.789797 -3.40218 -0.437972 0.521154 -0.437972 -0.521154 
1 1 0 7.56131 0.110584 2.76992 -0.789597 -3.4014 -0.789597 -3.4014 -0.437402 0.521873 -0.437402 -0.521873 
1 1 0 7.55638 0.110584 2.77156 -0.789397 -3.40063 -0.789397 -3.40063 -0.43682 0.5226 -0.43682 -0.5226 
1 1 0 7.55144 0.110584 2.77322 -0.789197 -3.39986 -0.789197 -3.39986 -0.436226 0.523336 -0.436226 -0.523336 
1 1 0 7.5465 0.110584 2.77491 -0.788997 -3.39908 -0.788997 -3.39908 -0.435621 0.524079 -0.435621 -0.524079 
1 1 0 7.54157 0.110584 2.77663 -0.788796 -3.3983 -0.788796 -3.3983 -0.435003 0.524831 -0.435003 -0.524831 
1 1 0 7.53664 0.110584 2.77838 -0.788596 -3.39752 -0.788596 -3.39752 -0.434374 0.525591 -0.434374 -0.525591 
1 1 0 7.5317 0.110584 2.78015 -0.788395 -3.39673 -0.788395 -3.39673 -0.433733 0.526359 -0.433733 -0.526359 
1 1 0 7.52677 0.110584 2.78195 -0.788194 -3.39595 -0.788194 -3.39595 -0.43308 0.527135 -0.43308 -0.527135 
1 1 0 7.52183 0.110584 2.78378 -0.787993 -3.39516 -0.787993 -3.39516 -0.432415 0.527919 -0.432415 -0.527919 
1 1 0 7.5169 0.110584 2.78563 -0.787792 -3.39438 -0.787792 -3.39438 -0.431738 0.52871 -0.431738 -0.52871 
1 1 0 7.51197 0.110584 2.78751 -0.787591 -3.39359 -0.787591 -3.39359 -0.431049 0.529509 -0.431049 -0.529509 
1 1 0 7.50703 0.110584 2.78942 -0.78739 -3.39279 -0.78739 -3.39279 -0.430349 0.530316 -0.430349 -0.530316 
1 1 0 7.5021 0.110584 2.79135 -0.787189 -3.392 -0.787189 -3.392 -0.429636 0.53113 -0.429636 -0.53113 
1 1 0 7.49717 0.110584 2.79331 -0.786987 -3.39121 -0.786987 -3.39121 -0.428912 0.531952 -0.428912 -0.531952 
1 1 0 7.49224 0.110584 2.7953 -0.786785 -3.39041 -0.786785 -3.39041 -0.428175 0.532782 -0.428175 -0.532782 
1 1 0 7.48731 0.110584 2.79732 -0.786584 -3.38961 -0.786584 -3.38961 -0.427427 0.533619 -0.427427 -0.533619 
1 1 0 7.48237 0.110584 2.79936 -0.786382 -3.38881 -0.786382 -3.38881 -0.426666 0.534463 -0.426666 -0.534463 
1 1 0 7.47744 0.110584 2.80143 -0.78618 -3.38801 -0.78618 -3.38801 -0.425894 0.535315 -0.425894 -0.535315 
1 1 0 7.47251 0.110584 2.80353 -0.785978 -3.3872 -0.785978 -3.3872 -0.425109 0.536173 -0.425109 -0.536173 
1 1 0 7.46758 0.110584 2.80566 -0.785776 -3.3864 -0.785776 -3.3864 -0.424312 0.537038 -0.424312 -0.537038 
1 1 0 7.46265 0.110584 2.80781 -0.785573 -3.38559 -0.785573 -3.38559 -0.423504 0.537911 -0.423504 -0.537911 
1 1 0 7.45772 0.110584 2.80999 -0.785371 -3.38478 -0.785371 -3.38478 -0.422683 0.538791 -0.422683 -0.538791 
1 1 0 7.45279 0.110584 2.8122 -0.785168 -3.38397 -0.785168 -3.38397 -0.42185 0.539677 -0.42185 -0.539677 
1 1 0 7.44786 0.110584 2.81444 -0.784965 -3.38315 -0.784965 -3.38315 -0.421005 0.540571 -0.421005 -0.540571 
1 1 0 7.44293 0.110584 2.8167 -0.784763 -3.38234 -0.784763 -3.38234 -0.420147 0.54147 -0.420147 -0.54147 
1 1 0 7.43801 0.110584 2.81899 -0.78456 -3.38152 -0.78456 -3.38152 -0.419278 0.542377 -0.419278 -0.542377 
1 1 0 7.43308 0.110584 2.82131 -0.784357 -3.3807 -0.784357 -3.3807 -0.418396 0.54329 -0.418396 -0.54329 
1 1 0 7.42815 0.110584 2.82365 -0.784154 -3.37988 -0.784154 -3.37988 -0.417502 0.54421 -0.417502 -0.54421 
1 1 0 7.42322 0.110584 2.82603 -0.78395 -3.37906 -0.78395 -3.37906 -0.416596 0.545136 -0.416596 -0.545136 
1 1 0 7.41829 0.110584 2.82843 -0.783747 -3.37824 -0.783747 -3.37824 -0.415678 0.546068 -0.415678 -0.546068 
1 1 0 7.41337 0.110584 2.83086 -0.783543 -3.37741 -0.783543 -3.37741 -0.414747 0.547007 -0.414747 -0.547007 
1 1 0 7.40844 0.110584 2.83332 -0.78334 -3.37658 -0.78334 -3.37658 -0.413805 0.547952 -0.413805 -0.547952 
1 1 0 7.40351 0.110584 2.8358 -0.783136 -3.37575 -0.783136 -3.37575 -0.412849 0.548903 -0.412849 -0.548903 
1 1 0 7.39859 0.110584 2.83832 -0.782932 -3.37492 -0.782932 -3.37492 -0.411882 0.54986 -0.411882 -0.54986 
1 1 0 7.39366 0.110584 2.84086 -0.782728 -3.37409 -0.782728 -3.37409 -0.410902 0.550822 -0.410902 -0.550822 
1 1 0 7.38874 0.110584 2.84343 -0.782524 -3.37325 -0.782524 -3.37325 -0.40991 0.551791 -0.40991 -0.551791 
1 1 0 7.38381 0.110584 2.84603 -0.78232 -3.37242 -0.78232 -3.37242 -0.408905 0.552765 -0.408905 -0.552765 
1 1 0 7.37889 0.110584 2.84866 -0.782115 -3.37158 -0.782115 -3.37158 -0.407888 0.553746 -0.407888 -0.553746 
1 1 0 7.37396 0.110584 2.85131 -0.781911 -3.37074 -0.781911 -3.37074 -0.406859 0.554731 -0.406859 -0.554731 
1 1 0 7.36904 0.110584 2.854 -0.781706 -3.3699 -0.781706 -3.3699 -0.405817 0.555723 -0.405817 -0.555723 
1 1 0 7.36411 0.110584 2.85671 -0.781502 -3.36905 -0.781502 -3.36905 -0.404763 0.556719 -0.404763 -0.556719 
1 1 0 7.35919 0.110584 2.85945 -0.781297 -3.36821 -0.781297 -3.36821 -0.403696 0.557721 -0.403696 -0.557721 
1 1 0 7.35427 0.110584 2.86222 -0.781092 -3.36736 -0.781092 -3.36736 -0.402617 0.558728 -0.402617 -0.558728 
1 1 0 7.34934 0.110584 2.86502 -0.780887 -3.36651 -0.780887 -3.36651 -0.401525 0.559741 -0.401525 -0.559741 
1 1 0 7.34442 0.110584 2.86785 -0.780682 -3.36566 -0.780682 -3.36566 -0.400421 0.560758 -0.400421 -0.560758 
1 1 0 7.3395 0.110584 2.87071 -0.780476 -3.36481 -0.780476 -3.36481 -0.399304 0.56178 -0.399304 -0.56178 
1 1 0 7.33457 0.110584 2.8736 -0.780271 -3.36395 -0.780271 -3.36395 -0.398174 0.562807 -0.398174 -0.562807 
1 1 0 7.32965 0.110584 2.87651 -0.780066 -3.3631 -0.780066 -3.3631 -0.397032 0.56384 -0.397032 -0.56384 
1 1 0 7.32473 0.110584 2.87946 -0.77986 -3.36224 -0.77986 -3.36224 -0.395877 0.564877 -0.395877 -0.564877 
1 1 0 7.31981 0.110584 2.88243 -0.779654 -3.36138 -0.779654 -3.36138 -0.39471 0.565918 -0.39471 -0.565918 
1 1 0 7.31489 0.110584 2.88544 -0.779448 -3.36052 -0.779448 -3.36052 -0.39353 0.566964 -0.39353 -0.566964 
1 1 0 7.30997 0.110584 2.88847 -0.779242 -3.35966 -0.779242 -3.35966 -0.392337 0.568015 -0.392337 -0.568015 
1 1 0 7.30505 0.110584 2.89153 -0.779036 -3.35879 -0.779036 -3.35879 -0.391132 0.569069 -0.391132 -0.569069 
1 1 0 7.30013 0.110584 2.89463 -0.77883 -3.35793 -0.77883 -3.35793 -0.389914 0.570129 -0.389914 -0.570129 
1 1 0 7.29521 0.110584 2.89775 -0.778624 -3.35706 -0.778624 -3.35706 -0.388683 0.571192 -0.388683 -0.571192 
1 1 0 7.29029 0.110584 2.9009 -0.778417 -3.35619 -0.778417 -3.35619 -0.387439 0.572259 -0.387439 -0.572259 
1 1 0 7.28537 0.110584 2.90409 -0.778211 -3.35531 -0.778211 -3.35531 -0.386183 0.573331 -0.386183 -0.573331 
1 1 0 7.28045 0.110584 2.9073 -0.778004 -3.35444 -0.778004 -3.35444 -0.384914 0.574406 -0.384914 -0.574406 
1 1 0 7.27553 0.110584 2.91054 -0.777797 -3.35356 -0.777797 -3.35356 -0.383631 0.575486 -0.383631 -0.575486 
1 1 0 7.27061 0.110584 2.91382 -0.777591 -3.35269 -0.777591 -3.35269 -0.382336 0.576568 -0.382336 -0.576568 
1 1 0 7.2657 0.110584 2.91712 -0.777384 -3.35181 -0.777384 -3.35181 -0.381028 0.577655 -0.381028 -0.577655 
1 1 0 7.26078 0.110584 2.92046 -0.777177 -3.35093 -0.777177 -3.35093 -0.379708 0.578745 -0.379708 -0.578745 
1 1 0 7.25586 0.110584 2.92382 -0.776969 -3.35004 -0.776969 -3.35004 -0.378374 0.579839 -0.378374 -0.579839 
1 1 0 7.25095 0.110584 2.92722 -0.776762 -3.34916 -0.776762 -3.34916 -0.377027 0.580936 -0.377027 -0.580936 
1 1 0 7.24603 0.110584 2.93065 -0.776555 -3.34827 -0.776555 -3.34827 -0.375668 0.582036 -0.375668 -0.582036 
1 1 0 7.24111 0.110584 2.93411 -0.776347 -3.34739 -0.776347 -3.34739 -0.374295 0.583139 -0.374295 -0.583139 
1 1 0 7.2362 0.110584 2.9376 -0.776139 -3.3465 -0.776139 -3.3465 -0.372909 0.584246 -0.372909 -0.584246 
1 1 0 7.23128 0.110584 2.94112 -0.775932 -3.3456 -0.775932 -3.3456 -0.37151 0.585355 -0.37151 -0.585355 
1 1 0 7.22637 0.110584 2.94468 -0.775724 -3.34471 -0.775724 -3.34471 -0.370098 0.586468 -0.370098 -0.586468 
1 1 0 7.22145 0.110584 2.94826 -0.775516 -3.34381 -0.775516 -3.34381 -0.368674 0.587583 -0.368674 -0.587583 
1 1 0 7.21654 0.110584 2.95188 -0.775308 -3.34292 -0.775308 -3.34292 -0.367235 0.5887 -0.367235 -0.5887 
1 1 0 7.21162 0.110584 2.95553 -0.775099 -3.34202 -0.775099 -3.34202 -0.365784 0.58982 -0.365784 -0.58982 
1 1 0 7.20671 0.110584 2.95921 -0.774891 -3.34112 -0.774891 -3.34112 -0.36432 0.590944 -0.36432 -0.590944 
1 1 0 7.2018 0.110584 2.96293 -0.774683 -3.34021 -0.774683 -3.34021 -0.362842 0.592069 -0.362842 -0.592069 
1 1 0 7.19688 0.110584 2.96667 -0.774474 -3.33931 -0.774474 -3.33931 -0.361351 0.593197 -0.361351 -0.593197 
1 1 0 7.19197 0.110584 2.97045 -0.774266 -3.3384 -0.774266 -3.3384 -0.359847 0.594326 -0.359847 -0.594326 
1 1 0 7.18706 0.110584 2.97426 -0.774057 -3.3375 -0.774057 -3.3375 -0.35833 0.595458 -0.35833 -0.595458 
1 1 0 7.18215 0.110584 2.97811 -0.773848 -3.33659 -0.773848 -3.33659 -0.356799 0.596592 -0.356799 -0.596592 
1 1 0 7.17723 0.110584 2.98199 -0.773639 -3.33567 -0.773639 -3.33567 -0.355255 0.597728 -0.355255 -0.597728 
1 1 0 7.17232 0.110584 2.9859 -0.77343 -3.33476 -0.77343 -3.33476 -0.353698 0.598866 -0.353698 -0.598866 
1 1 0 7.16741 0.110584 2.98985 -0.773221 -3.33385 -0.773221 -3.33385 -0.352127 0.600006 -0.352127 -0.600006 
1 1 0 7.1625 0.110584 2.99382 -0.773012 -3.33293 -0.773012 -3.33293 -0.350543 0.601147 -0.350543 -0.601147 
1 1 0 7.15759 0.110584 2.99784 -0.772802 -3.33201 -0.772802 -3.33201 -0.348946 0.602289 -0.348946 -0.602289 
1 1 0 7.15268 0.110584 3.00188 -0.772593 -3.33109 -0.772593 -3.33109 -0.347335 0.603433 -0.347335 -0.603433 
1 1 0 7.14777 0.110584 3.00597 -0.772383 -3.33017 -0.772383 -3.33017 -0.34571 0.604579 -0.34571 -0.604579 
1 1 0 7.14286 0.110584 3.01008 -0.772173 -3.32924 -0.772173 -3.32924 -0.344072 0.605725 -0.344072 -0.605725 
1 1 0 7.13795 0.110584 3.01423 -0.771964 -3.32832 -0.771964 -3.32832 -0.342421 0.606873 -0.342421 -0.606873 
1 1 0 7.13304 0.110584 3.01842 -0.771754 -3.32739 -0.771754 -3.32739 -0.340756 0.608022 -0.340756 -0.608022 
1 1 0 7.12814 0.110584 3.02264 -0.771544 -3.32646 -0.771544 -3.32646 -0.339077 0.609171 -0.339077 -0.609171 
1 1 0 7.12323 0.110584 3.0269 -0.771333 -3.32553 -0.771333 -3.32553 -0.337385 0.610322 -0.337385 -0.610322 
1 1 0 7.11832 0.110584 3.03119 -0.771123 -3.32459 -0.771123 -3.32459 -0.335679 0.611473 -0.335679 -0.611473 
1 1 0 7.11341 0.110584 3.03551 -0.770913 -3.32366 -0.770913 -3.32366 -0.333959 0.612625 -0.333959 -0.612625 
1 1 0 7.10851 0.110584 3.03988 -0.770702 -3.32272 -0.770702 -3.32272 -0.332226 0.613777 -0.332226 -0.613777 
1 1 0 7.1036 0.110584 3.04428 -0.770492 -3.32178 -0.770492 -3.32178 -0.330479 0.614929 -0.330479 -0.614929 
1 1 0 7.09869 0.110584 3.04871 -0.770281 -3.32084 -0.770281 -3.32084 -0.328718 0.616082 -0.328718 -0.616082 
1 1 0 7.09379 0.110584 3.05318 -0.770071 -3.3199 -0.770071 -3.3199 -0.326943 0.617236 -0.326943 -0.617236 
1 1 0 7.08888 0.110584 3.05769 -0.76986 -3.31895 -0.76986 -3.31895 -0.325155 0.618389 -0.325155 -0.618389 
1 1 0 7.08398 0.110584 3.06224 -0.769649 -3.31801 -0.769649 -3.31801 -0.323353 0.619542 -0.323353 -0.619542 
1 1 0 7.07907 0.110584 3.06682 -0.769438 -3.31706 -0.769438 -3.31706 -0.321536 0.620696 -0.321536 -0.620696 
1 1 0 7.07417 0.110584 3.07144 -0.769227 -3.31611 -0.769227 -3.31611 -0.319706 0.621848 -0.319706 -0.621848 
1 1 0 7.06926 0.110584 3.0761 -0.769015 -3.31515 -0.769015 -3.31515 -0.317862 0.623001 -0.317862 -0.623001 
1 1 0 7.06436 0.110584 3.0808 -0.768804 -3.3142 -0.768804 -3.3142 -0.316004 0.624153 -0.316004 -0.624153 
1 1 0 7.05946 0.110584 3.08554 -0.768592 -3.31324 -0.768592 -3.31324 -0.314132 0.625305 -0.314132 -0.625305 
1 1 0 7.05456 0.110584 3.09031 -0.768381 -3.31229 -0.768381 -3.31229 -0.312246 0.626455 -0.312246 -0.626455 
1 1 0 7.04965 0.110584 3.09512 -0.768169 -3.31133 -0.768169 -3.31133 -0.310346 0.627606 -0.310346 -0.627606 
1 1 0 7.04475 0.110584 3.09997 -0.767958 -3.31036 -0.767958 -3.31036 -0.308432 0.628755 -0.308432 -0.628755 
1 1 0 7.03985 0.110584 3.10487 -0.767746 -3.3094 -0.767746 -3.3094 -0.306503 0.629903 -0.306503 -0.629903 
1 1 0 7.03495 0.110584 3.1098 -0.767534 -3.30844 -0.767534 -3.30844 -0.304561 0.631051 -0.304561 -0.631051 
1 1 0 7.03005 0.110584 3.11477 -0.767322 -3.30747 -0.767322 -3.30747 -0.302604 0.632197 -0.302604 -0.632197 
1 1 0 7.02515 0.110584 3.11978 -0.76711 -3.3065 -0.76711 -3.3065 -0.300633 0.633342 -0.300633 -0.633342 
1 1 0 7.02025 0.110584 3.12484 -0.766897 -3.30553 -0.766897 -3.30553 -0.298648 0.634485 -0.298648 -0.634485 
1 1 0 7.01535 0.110584 3.12993 -0.766685 -3.30455 -0.766685 -3.30455 -0.296649 0.635627 -0.296649 -0.635627 
1 1 0 7.01045 0.110584 3.13506 -0.766473 -3.30358 -0.766473 -3.30358 -0.294635 0.636767 -0.294635 -0.636767 
1 1 0 7.00555 0.110584 3.14024 -0.76626 -3.3026 -0.76626 -3.3026 -0.292607 0.637906 -0.292607 -0.637906 
1 1 0 7.00065 0.110584 3.14546 -0.766048 -3.30162 -0.766048 -3.30162 -0.290564 0.639042 -0.290564 -0.639042 
1 1 0 6.99575 0.110584 3.15072 -0.765835 -3.30064 -0.765835 -3.30064 -0.288507 0.640176 -0.288507 -0.640176 
1 1 0 6.99085 0.110584 3.15602 -0.765622 -3.29966 -0.765622 -3.29966 -0.286436 0.641309 -0.286436 -0.641309 
1 1 0 6.98596 0.110584 3.16137 -0.765409 -3.29867 -0.765409 -3.29867 -0.28435 0.64244 -0.28435 -0.64244 
1 1 0 6.98106 0.110584 3.16676 -0.765196 -3.29769 -0.765196 -3.29769 -0.28225 0.643568 -0.28225 -0.643568 
1 1 0 6.97616 0.110584 3.17219 -0.764983 -3.2967 -0.764983 -3.2967 -0.280135 0.644693 -0.280135 -0.644693 
1 1 0 6.97127 0.110584 3.17767 -0.76477 -3.29571 -0.76477 -3.29571 -0.278005 0.645817 -0.278005 -0.645817 
1 1 0 6.96637 0.110584 3.18319 -0.764557 -3.29471 -0.764557 -3.29471 -0.275861 0.646937 -0.275861 -0.646937 
1 1 0 6.96147 0.110584 3.18876 -0.764343 -3.29372 -0.764343 -3.29372 -0.273702 0.648054 -0.273702 -0.648054 
1 1 0 6.95658 0.110584 3.19437 -0.76413 -3.29272 -0.76413 -3.29272 -0.271528 0.649169 -0.271528 -0.649169 
1 1 0 6.95169 0.110584 3.20003 -0.763916 -3.29172 -0.763916 -3.29172 -0.26934 0.650281 -0.26934 -0.650281 
1 1 0 6.94679 0.110584 3.20574 -0.763703 -3.29072 -0.763703 -3.29072 -0.267137 0.65139 -0.267137 -0.65139 
1 1 0 6.9419 0.110584 3.21149 -0.763489 -3.28972 -0.763489 -3.28972 -0.264919 0.652495 -0.264919 -0.652495 
1 1 0 6.937 0.110584 3.21729 -0.763275 -3.28872 -0.763275 -3.28872 -0.262686 0.653597 -0.262686 -0.653597 
1 1 0 6.93211 0.110584 3.22313 -0.763061 -3.28771 -0.763061 -3.28771 -0.260438 0.654696 -0.260438 -0.654696 
1 1 0 6.92722 0.110584 3.22902 -0.762848 -3.2867 -0.762848 -3.2867 -0.258175 0.655791 -0.258175 -0.655791 
1 1 0 6.92233 0.110584 3.23496 -0.762633 -3.28569 -0.762633 -3.28569 -0.255898 0.656882 -0.255898 -0.656882 
1 1 0 6.91744 0.110584 3.24095 -0.762419 -3.28468 -0.762419 -3.28468 -0.253605 0.657969 -0.253605 -0.657969 
1 1 0 6.91254 0.110584 3.24699 -0.762205 -3.28366 -0.762205 -3.28366 -0.251297 0.659053 -0.251297 -0.659053 
1 1 0 6.90765 0.110584 3.25308 -0.761991 -3.28264 -0.761991 -3.28264 -0.248975 0.660132 -0.248975 -0.660132 
1 1 0 6.90276 0.110584 3.25922 -0.761777 -3.28162 -0.761777 -3.28162 -0.246637 0.661207 -0.246637 -0.661207 
1 1 0 6.89787 0.110584 3.26541 -0.761562 -3.2806 -0.761562 -3.2806 -0.244283 0.662278 -0.244283 -0.662278 
1 1 0 6.89298 0.110584 3.27164 -0.761348 -3.27958 -0.761348 -3.27958 -0.241915 0.663344 -0.241915 -0.663344 
1 1 0 6.88809 0.110584 3.27794 -0.761133 -3.27855 -0.761133 -3.27855 -0.239531 0.664406 -0.239531 -0.664406 
1 1 0 6.88321 0.110584 3.28428 -0.760918 -3.27753 -0.760918 -3.27753 -0.237132 0.665463 -0.237132 -0.665463 
1 1 0 6.87832 0.110584 3.29067 -0.760703 -3.2765 -0.760703 -3.2765 -0.234718 0.666515 -0.234718 -0.666515 
1 1 0 6.87343 0.110584 3.29712 -0.760489 -3.27546 -0.760489 -3.27546 -0.232289 0.667563 -0.232289 -0.667563 
1 1 0 6.86854 0.110584 3.30362 -0.760274 -3.27443 -0.760274 -3.27443 -0.229843 0.668605 -0.229843 -0.668605 
1 1 0 6.86366 0.110584 3.31018 -0.760059 -3.27339 -0.760059 -3.27339 -0.227383 0.669641 -0.227383 -0.669641 
1 1 0 6.85877 0.110584 3.31679 -0.759844 -3.27236 -0.759844 -3.27236 -0.224907 0.670673 -0.224907 -0.670673 
1 1 0 6.85388 0.110584 3.32346 -0.759628 -3.27132 -0.759628 -3.27132 -0.222415 0.671699 -0.222415 -0.671699 
1 1 0 6.849 0.110584 3.33018 -0.759413 -3.27027 -0.759413 -3.27027 -0.219908 0.672719 -0.219908 -0.672719 
1 1 0 6.84411 0.110584 3.33696 -0.759198 -3.26923 -0.759198 -3.26923 -0.217385 0.673734 -0.217385 -0.673734 
1 1 0 6.83923 0.110584 3.34379 -0.758983 -3.26818 -0.758983 -3.26818 -0.214846 0.674742 -0.214846 -0.674742 
1 1 0 6.83435 0.110584 3.35069 -0.758767 -3.26713 -0.758767 -3.26713 -0.212292 0.675745 -0.212292 -0.675745 
1 1 0 6.82946 0.110584 3.35764 -0.758552 -3.26608 -0.758552 -3.26608 -0.209721 0.676742 -0.209721 -0.676742 
1 1 0 6.82458 0.110584 3.36465 -0.758336 -3.26503 -0.758336 -3.26503 -0.207135 0.677732 -0.207135 -0.677732 
1 1 0 6.8197 0.110584 3.37172 -0.75812 -3.26397 -0.75812 -3.26397 -0.204533 0.678716 -0.204533 -0.678716 
1 1 0 6.81481 0.110584 3.37885 -0.757905 -3.26291 -0.757905 -3.26291 -0.201916 0.679693 -0.201916 -0.679693 
1 1 0 6.80993 0.110584 3.38604 -0.757689 -3.26185 -0.757689 -3.26185 -0.199282 0.680663 -0.199282 -0.680663 
1 1 0 6.80505 0.110584 3.3933 -0.757473 -3.26079 -0.757473 -3.26079 -0.196632 0.681627 -0.196632 -0.681627 
1 1 0 6.80017 0.110584 3.40061 -0.757257 -3.25973 -0.757257 -3.25973 -0.193965 0.682583 -0.193965 -0.682583 
1 1 0 6.79529 0.110584 3.40799 -0.757041 -3.25866 -0.757041 -3.25866 -0.191283 0.683533 -0.191283 -0.683533 
1 1 0 6.79041 0.110584 3.41544 -0.756825 -3.25759 -0.756825 -3.25759 -0.188585 0.684475 -0.188585 -0.684475 
1 1 0 6.78553 0.110584 3.42294 -0.756609 -3.25652 -0.756609 -3.25652 -0.18587 0.685409 -0.18587 -0.685409 
1 1 0 6.78065 0.110584 3.43052 -0.756393 -3.25544 -0.756393 -3.25544 -0.183139 0.686337 -0.183139 -0.686337 
1 1 0 6.77578 0.110584 3.43816 -0.756177 -3.25437 -0.756177 -3.25437 -0.180391 0.687256 -0.180391 -0.687256 
1 1 0 6.7709 0.110584 3.44586 -0.75596 -3.25329 -0.75596 -3.25329 -0.177628 0.688167 -0.177628 -0.688167 
1 1 0 6.76602 0.110584 3.45364 -0.755744 -3.25221 -0.755744 -3.25221 -0.174847 0.68907 -0.174847 -0.68907 
1 1 0 6.76115 0.110584 3.46148 -0.755528 -3.25112 -0.755528 -3.25112 -0.17205 0.689965 -0.17205 -0.689965 
1 1 0 6.75627 0.110584 3.46939 -0.755311 -3.25004 -0.755311 -3.25004 -0.169237 0.690853 -0.169237 -0.690853 
1 1 0 6.75139 0.110584 3.47737 -0.755095 -3.24895 -0.755095 -3.24895 -0.166407 0.691731 -0.166407 -0.691731 
1 1 0 6.74652 0.110584 3.48543 -0.754878 -3.24786 -0.754878 -3.24786 -0.16356 0.6926 -0.16356 -0.6926 
1 1 0 6.74165 0.110584 3.49355 -0.754661 -3.24677 -0.754661 -3.24677 -0.160696 0.693461 -0.160696 -0.693461 
1 1 0 6.73677 0.110584 3.50175 -0.754445 -3.24567 -0.754445 -3.24567 -0.157816 0.694313 -0.157816 -0.694313 
1 1 0 6.7319 0.110584 3.51003 -0.754228 -3.24457 -0.754228 -3.24457 -0.154918 0.695155 -0.154918 -0.695155 
1 1 0 6.72703 0.110584 3.51838 -0.754011 -3.24347 -0.754011 -3.24347 -0.152004 0.695989 -0.152004 -0.695989 
1 1 0 6.72215 0.110584 3.5268 -0.753794 -3.24237 -0.753794 -3.24237 -0.149072 0.696812 -0.149072 -0.696812 
1 1 0 6.71728 0.110584 3.5353 -0.753578 -3.24126 -0.753578 -3.24126 -0.146124 0.697626 -0.146124 -0.697626 
1 1 0 6.71241 0.110584 3.54388 -0.753361 -3.24016 -0.753361 -3.24016 -0.143158 0.698431 -0.143158 -0.698431 
1 1 0 6.70754 0.110584 3.55254 -0.753144 -3.23905 -0.753144 -3.23905 -0.140175 0.699225 -0.140175 -0.699225 
1 1 0 6.70267 0.110584 3.56128 -0.752927 -3.23793 -0.752927 -3.23793 -0.137175 0.700009 -0.137175 -0.700009 
1 1 0 6.6978 0.110584 3.5701 -0.75271 -3.23682 -0.75271 -3.23682 -0.134157 0.700783 -0.134157 -0.700783 
1 1 0 6.69293 0.110584 3.579 -0.752493 -3.2357 -0.752493 -3.2357 -0.131122 0.701546 -0.131122 -0.701546 
1 1 0 6.68807 0.110584 3.58799 -0.752275 -3.23458 -0.752275 -3.23458 -0.12807 0.702299 -0.12807 -0.702299 
1 1 0 6.6832 0.110584 3.59706 -0.752058 -3.23345 -0.752058 -3.23345 -0.125 0.703041 -0.125 -0.703041 
1 1 0 6.67833 0.110584 3.60622 -0.751841 -3.23233 -0.751841 -3.23233 -0.121912 0.703771 -0.121912 -0.703771 
1 1 0 6.67347 0.110584 3.61546 -0.751624 -3.2312 -0.751624 -3.2312 -0.118806 0.704491 -0.118806 -0.704491 
1 1 0 6.6686 0.110584 3.62479 -0.751407 -3.23007 -0.751407 -3.23007 -0.115683 0.705199 -0.115683 -0.705199 
1 1 0 6.66374 0.110584 3.63422 -0.751189 -3.22893 -0.751189 -3.22893 -0.112542 0.705895 -0.112542 -0.705895 
1 1 0 6.65887 0.110584 3.64373 -0.750972 -3.2278 -0.750972 -3.2278 -0.109383 0.706579 -0.109383 -0.706579 
1 1 0 6.65401 0.110584 3.65334 -0.750755 -3.22666 -0.750755 -3.22666 -0.106205 0.707252 -0.106205 -0.707252 
1 1 0 6.64915 0.110584 3.66304 -0.750537 -3.22551 -0.750537 -3.22551 -0.10301 0.707912 -0.10301 -0.707912 
1 1 0 6.64428 0.110584 3.67283 -0.75032 -3.22437 -0.75032 -3.22437 -0.0997964 0.70856 -0.0997964 -0.70856 
1 1 0 6.63942 0.110584 3.68272 -0.750103 -3.22322 -0.750103 -3.22322 -0.0965645 0.709195 -0.0965645 -0.709195 
1 1 0 6.63456 0.110584 3.69271 -0.749885 -3.22207 -0.749885 -3.22207 -0.093314 0.709818 -0.093314 -0.709818 
1 1 0 6.6297 0.110584 3.7028 -0.749668 -3.22092 -0.749668 -3.22092 -0.0900454 0.710427 -0.0900454 -0.710427 
1 1 0 6.62484 0.110584 3.713 -0.74945 -3.21976 -0.74945 -3.21976 -0.0867582 0.711023 -0.0867582 -0.711023 
1 1 0 6.61998 0.110584 3.72329 -0.749233 -3.2186 -0.749233 -3.2186 -0.0834519 0.711606 -0.0834519 -0.711606 
1 1 0 6.61512 0.110584 3.73369 -0.749015 -3.21744 -0.749015 -3.21744 -0.0801273 0.712176 -0.0801273 -0.712176 
1 1 0 6.61027 0.110584 3.74419 -0.748798 -3.21627 -0.748798 -3.21627 -0.0767837 0.712731 -0.0767837 -0.712731 
1 1 0 6.60541 0.110584 3.75481 -0.74858 -3.2151 -0.74858 -3.2151 -0.0734211 0.713272 -0.0734211 -0.713272 
1 1 0 6.60055 0.110584 3.76553 -0.748363 -3.21393 -0.748363 -3.21393 -0.0700397 0.713798 -0.0700397 -0.713798 
1 1 0 6.5957 0.110584 3.77636 -0.748145 -3.21276 -0.748145 -3.21276 -0.0666392 0.714311 -0.0666392 -0.714311 
1 1 0 6.59084 0.110584 3.78731 -0.747927 -3.21158 -0.747927 -3.21158 -0.0632192 0.714808 -0.0632192 -0.714808 
1 1 0 6.58599 0.110584 3.79838 -0.74771 -3.2104 -0.74771 -3.2104 -0.05978 0.71529 -0.05978 -0.71529 
1 1 0 6.58114 0.110584 3.80956 -0.747492 -3.20922 -0.747492 -3.20922 -0.0563215 0.715757 -0.0563215 -0.715757 
1 1 0 6.57628 0.110584 3.82086 -0.747275 -3.20803 -0.747275 -3.20803 -0.0528431 0.716209 -0.0528431 -0.716209 
1 1 0 6.57143 0.110584 3.83228 -0.747057 -3.20684 -0.747057 -3.20684 -0.0493454 0.716645 -0.0493454 -0.716645 
1 1 0 6.56658 0.110584 3.84382 -0.74684 -3.20565 -0.74684 -3.20565 -0.0458278 0.717065 -0.0458278 -0.717065 
1 1 0 6.56173 0.110584 3.85549 -0.746622 -3.20445 -0.746622 -3.20445 -0.0422902 0.717468 -0.0422902 -0.717468 
1 1 0 6.55688 0.110584 3.86729 -0.746405 -3.20325 -0.746405 -3.20325 -0.0387327 0.717855 -0.0387327 -0.717855 
1 1 0 6.55204 0.110584 3.87922 -0.746187 -3.20205 -0.746187 -3.20205 -0.035155 0.718225 -0.035155 -0.718225 
1 1 0 6.54719 0.110584 3.89128 -0.74597 -3.20084 -0.74597 -3.20084 -0.0315572 0.718578 -0.0315572 -0.718578 
1 1 0 6.54234 0.110584 3.90347 -0.745752 -3.19963 -0.745752 -3.19963 -0.027939 0.718914 -0.027939 -0.718914 
1 1 0 6.5375 0.110584 3.91581 -0.745535 -3.19842 -0.745535 -3.19842 -0.0243001 0.719232 -0.0243001 -0.719232 
1 1 0 6.53265 0.110584 3.92828 -0.745317 -3.1972 -0.745317 -3.1972 -0.0206407 0.719533 -0.0206407 -0.719533 
1 1 0 6.52781 0.110584 3.9409 -0.7451 -3.19598 -0.7451 -3.19598 -0.0169606 0.719815 -0.0169606 -0.719815 
1 1 0 6.52296 0.110584 3.95366 -0.744883 -3.19476 -0.744883 -3.19476 -0.0132597 0.720078 -0.0132597 -0.720078 
1 1 0 6.51812 0.110584 3.96657 -0.744665 -3.19353 -0.744665 -3.19353 -0.00953742 0.720323 -0.00953742 -0.720323 
1 1 0 6.51328 0.110584 3.97963 -0.744448 -3.1923 -0.744448 -3.1923 -0.00579419 0.720549 -0.00579419 -0.720549 
1 1 0 6.50844 0.110584 3.99284 -0.744231 -3.19107 -0.744231 -3.19107 -0.00202979 0.720755 -0.00202979 -0.720755 
1 1 0 6.5036 0.110584 4.00621 -0.744014 -3.18983 -0.744014 -3.18983 0.00175629 0.720942 0.00175629 -0.720942 
1 1 0 6.49876 0.110584 4.01975 -0.743797 -3.18859 -0.743797 -3.18859 0.00556408 0.721108 0.00556408 -0.721108 
1 1 0 6.49392 0.110584 4.03344 -0.743579 -3.18735 -0.743579 -3.18735 0.0093934 0.721254 0.0093934 -0.721254 
1 1 0 6.48909 0.110584 4.0473 -0.743362 -3.1861 -0.743362 -3.1861 0.0132448 0.721379 0.0132448 -0.721379 
1 1 0 6.48425 0.110584 4.06133 -0.743145 -3.18484 -0.743145 -3.18484 0.0171181 0.721484 0.0171181 -0.721484 
1 1 0 6.47942 0.110584 4.07554 -0.742928 -3.18359 -0.742928 -3.18359 0.021014 0.721567 0.021014 -0.721567 
1 1 0 6.47458 0.110584 4.08992 -0.742712 -3.18233 -0.742712 -3.18233 0.0249321 0.721628 0.0249321 -0.721628 
1 1 0 6.46975 0.110584 4.10449 -0.742495 -3.18106 -0.742495 -3.18106 0.0288727 0.721666 0.0288727 -0.721666 
1 1 0 6.46492 0.110584 4.11924 -0.742278 -3.17979 -0.742278 -3.17979 0.0328365 0.721683 0.0328365 -0.721683 
1 1 0 6.46009 0.110584 4.13417 -0.742061 -3.17852 -0.742061 -3.17852 0.0368232 0.721677 0.0368232 -0.721677 
1 1 0 6.45526 0.110584 4.14931 -0.741845 -3.17725 -0.741845 -3.17725 0.0408329 0.721647 0.0408329 -0.721647 
1 1 0 6.45043 0.110584 4.16463 -0.741628 -3.17596 -0.741628 -3.17596 0.0448657 0.721593 0.0448657 -0.721593 
1 1 0 6.4456 0.110584 4.18017 -0.741412 -3.17468 -0.741412 -3.17468 0.0489225 0.721516 0.0489225 -0.721516 
1 1 0 6.44078 0.110584 4.1959 -0.741195 -3.17339 -0.741195 -3.17339 0.0530032 0.721414 0.0530032 -0.721414 
1 1 0 6.43595 0.110584 4.21185 -0.740979 -3.1721 -0.740979 -3.1721 0.0571075 0.721287 0.0571075 -0.721287 
1 1 0 6.43113 0.110584 4.22802 -0.740763 -3.1708 -0.740763 -3.1708 0.0612361 0.721134 0.0612361 -0.721134 
1 1 0 6.42631 0.110584 4.2444 -0.740547 -3.1695 -0.740547 -3.1695 0.0653891 0.720956 0.0653891 -0.720956 
1 1 0 6.42148 0.110584 4.26102 -0.740331 -3.16819 -0.740331 -3.16819 0.0695669 0.720751 0.0695669 -0.720751 
1 1 0 6.41666 0.110584 4.27786 -0.740115 -3.16688 -0.740115 -3.16688 0.0737695 0.72052 0.0737695 -0.72052 
1 1 0 6.41185 0.110584 4.29494 -0.7399 -3.16556 -0.7399 -3.16556 0.0779972 0.720261 0.0779972 -0.720261 
1 1 0 6.40703 0.110584 4.31227 -0.739684 -3.16424 -0.739684 -3.16424 0.0822503 0.719974 0.0822503 -0.719974 
1 1 0 6.40221 0.110584 4.32984 -0.739469 -3.16291 -0.739469 -3.16291 0.0865291 0.719659 0.0865291 -0.719659 
1 1 0 6.3974 0.110584 4.34767 -0.739253 -3.16158 -0.739253 -3.16158 0.0908339 0.719316 0.0908339 -0.719316 
1 1 0 6.39258 0.110584 4.36577 -0.739038 -3.16025 -0.739038 -3.16025 0.0951644 0.718943 0.0951644 -0.718943 
1 1 0 6.38777 0.110584 4.38413 -0.738823 -3.15891 -0.738823 -3.15891 0.0995217 0.71854 0.0995217 -0.71854 
1 1 0 6.38296 0.110584 4.40277 -0.738608 -3.15756 -0.738608 -3.15756 0.103906 0.718107 0.103906 -0.718107 
1 1 0 6.37815 0.110584 4.42169 -0.738393 -3.15621 -0.738393 -3.15621 0.108317 0.717642 0.108317 -0.717642 
1 1 0 6.37334 0.110584 4.4409 -0.738179 -3.15485 -0.738179 -3.15485 0.112755 0.717145 0.112755 -0.717145 
1 1 0 6.36854 0.110584 4.46041 -0.737964 -3.15349 -0.737964 -3.15349 0.117221 0.716617 0.117221 -0.716617 
1 1 0 6.36373 0.110584 4.48023 -0.73775 -3.15213 -0.73775 -3.15213 0.121715 0.716055 0.121715 -0.716055 
1 1 0 6.35893 0.110584 4.50036 -0.737536 -3.15075 -0.737536 -3.15075 0.126238 0.71546 0.126238 -0.71546 
1 1 0 6.35413 0.110584 4.52082 -0.737322 -3.14938 -0.737322 -3.14938 0.130789 0.71483 0.130789 -0.71483 
1 1 0 6.34933 0.110584 4.54161 -0.737109 -3.14799 -0.737109 -3.14799 0.135369 0.714166 0.135369 -0.714166 
1 1 0 6.34453 0.110584 4.56275 -0.736895 -3.1466 -0.736895 -3.1466 0.139978 0.713465 0.139978 -0.713465 
1 1 0 6.33973 0.110584 4.58424 -0.736682 -3.14521 -0.736682 -3.14521 0.144618 0.712728 0.144618 -0.712728 
1 1 0 6.33494 0.110584 4.60609 -0.736469 -3.14381 -0.736469 -3.14381 0.149287 0.711954 0.149287 -0.711954 
1 1 0 6.33015 0.110584 4.62832 -0.736256 -3.1424 -0.736256 -3.1424 0.153987 0.711142 0.153987 -0.711142 
1 1 0 6.32535 0.110584 4.65093 -0.736044 -3.14098 -0.736044 -3.14098 0.158718 0.710291 0.158718 -0.710291 
1 1 0 6.32056 0.110584 4.67394 -0.735831 -3.13956 -0.735831 -3.13956 0.163481 0.709399 0.163481 -0.709399 
1 1 0 6.31578 0.110584 4.69737 -0.735619 -3.13814 -0.735619 -3.13814 0.168275 0.708468 0.168275 -0.708468 
1 1 0 6.31099 0.110584 4.72121 -0.735408 -3.1367 -0.735408 -3.1367 0.173102 0.707494 0.173102 -0.707494 
1 1 0 6.30621 0.110584 4.7455 -0.735196 -3.13526 -0.735196 -3.13526 0.177962 0.706478 0.177962 -0.706478 
1 1 0 6.30143 0.110584 4.77024 -0.734985 -3.13382 -0.734985 -3.13382 0.182855 0.705418 0.182855 -0.705418 
1 1 0 6.29665 0.110584 4.79545 -0.734774 -3.13236 -0.734774 -3.13236 0.187782 0.704314 0.187782 -0.704314 
1 1 0 6.29187 0.110584 4.82114 -0.734563 -3.1309 -0.734563 -3.1309 0.192744 0.703164 0.192744 -0.703164 
1 1 0 6.2871 0.110584 4.84733 -0.734353 -3.12943 -0.734353 -3.12943 0.197741 0.701967 0.197741 -0.701967 
1 1 0 6.28232 0.110584 4.87403 -0.734143 -3.12796 -0.734143 -3.12796 0.202773 0.700722 0.202773 -0.700722 
1 1 0 6.27755 0.110584 4.90128 -0.733933 -3.12647 -0.733933 -3.12647 0.207841 0.699428 0.207841 -0.699428 
1 1 0 6.27279 0.110584 4.92908 -0.733724 -3.12498 -0.733724 -3.12498 0.212947 0.698084 0.212947 -0.698084 
1 1 0 6.26802 0.110584 4.95746 -0.733515 -3.12348 -0.733515 -3.12348 0.21809 0.696687 0.21809 -0.696687 
1 1 0 6.26326 0.110584 4.98643 -0.733307 -3.12197 -0.733307 -3.12197 0.223271 0.695238 0.223271 -0.695238 
1 1 0 6.2585 0.110584 5.01603 -0.733098 -3.12046 -0.733098 -3.12046 0.228491 0.693734 0.228491 -0.693734 
1 1 0 6.25374 0.110584 5.04627 -0.732891 -3.11893 -0.732891 -3.11893 0.233751 0.692174 0.233751 -0.692174 
1 1 0 6.24899 0.110584 5.07718 -0.732683 -3.1174 -0.732683 -3.1174 0.239052 0.690556 0.239052 -0.690556 
1 1 0 6.24423 0.110584 5.10879 -0.732477 -3.11586 -0.732477 -3.11586 0.244394 0.688879 0.244394 -0.688879 
1 1 0 6.23949 0.110584 5.14112 -0.73227 -3.1143 -0.73227 -3.1143 0.249778 0.687141 0.249778 -0.687141 
1 1 0 6.23474 0.110584 5.17422 -0.732064 -3.11274 -0.732064 -3.11274 0.255206 0.68534 0.255206 -0.68534 
1 1 0 6.23 0.110584 5.2081 -0.731859 -3.11117 -0.731859 -3.11117 0.260677 0.683474 0.260677 -0.683474 
1 1 0 6.22526 0.110584 5.2428 -0.731654 -3.10959 -0.731654 -3.10959 0.266194 0.681542 0.266194 -0.681542 
1 1 0 6.22052 0.110584 5.27836 -0.731449 -3.108 -0.731449 -3.108 0.271756 0.679541 0.271756 -0.679541 
1 1 0 6.21579 0.110584 5.31483 -0.731246 -3.1064 -0.731246 -3.1064 0.277366 0.677469 0.277366 -0.677469 
1 1 0 6.21106 0.110584 5.35223 -0.731042 -3.10479 -0.731042 -3.10479 0.283024 0.675324 0.283024 -0.675324 
1 1 0 6.20634 0.110584 5.39062 -0.73084 -3.10316 -0.73084 -3.10316 0.288732 0.673103 0.288732 -0.673103 
1 1 0 6.20162 0.110584 5.43003 -0.730638 -3.10153 -0.730638 -3.10153 0.294491 0.670803 0.294491 -0.670803 
1 1 0 6.1969 0.110584 5.47054 -0.730436 -3.09988 -0.730436 -3.09988 0.300302 0.668423 0.300302 -0.668423 
1 1 0 6.19219 0.110584 5.51217 -0.730236 -3.09822 -0.730236 -3.09822 0.306166 0.665959 0.306166 -0.665959 
1 1 0 6.18748 0.110584 5.55501 -0.730036 -3.09655 -0.730036 -3.09655 0.312086 0.663408 0.312086 -0.663408 
1 1 0 6.18278 0.110584 5.5991 -0.729837 -3.09486 -0.729837 -3.09486 0.318062 0.660766 0.318062 -0.660766 
1 1 0 6.17808 0.110584 5.64452 -0.729638 -3.09317 -0.729638 -3.09317 0.324096 0.658031 0.324096 -0.658031 
1 1 0 6.17338 0.110584 5.69134 -0.72944 -3.09145 -0.72944 -3.09145 0.33019 0.655199 0.33019 -0.655199 
1 1 0 6.1687 0.110584 5.73964 -0.729244 -3.08973 -0.729244 -3.08973 0.336346 0.652265 0.336346 -0.652265 
1 1 0 6.16401 0.110584 5.7895 -0.729048 -3.08799 -0.729048 -3.08799 0.342566 0.649226 0.342566 -0.649226 
1 1 0 6.15934 0.110584 5.84103 -0.728853 -3.08623 -0.728853 -3.08623 0.348852 0.646077 0.348852 -0.646077 
1 1 0 6.15466 0.110584 5.89431 -0.728659 -3.08446 -0.728659 -3.08446 0.355205 0.642813 0.355205 -0.642813 
1 1 0 6.15 0.110584 5.94946 -0.728466 -3.08267 -0.728466 -3.08267 0.36163 0.63943 0.36163 -0.63943 
1 1 0 6.14534 0.110584 6.00661 -0.728274 -3.08086 -0.728274 -3.08086 0.368127 0.635921 0.368127 -0.635921 
1 1 0 6.14069 0.110584 6.06588 -0.728083 -3.07904 -0.728083 -3.07904 0.3747 0.632281 0.3747 -0.632281 
1 1 0 6.13604 0.110584 6.12742 -0.727893 -3.0772 -0.727893 -3.0772 0.381351 0.628503 0.381351 -0.628503 
1 1 0 6.13141 0.110584 6.19139 -0.727705 -3.07534 -0.727705 -3.07534 0.388084 0.624581 0.388084 -0.624581 
1 1 0 6.12678 0.110584 6.25797 -0.727518 -3.07345 -0.727518 -3.07345 0.394902 0.620507 0.394902 -0.620507 
1 1 0 6.12216 0.110584 6.32736 -0.727332 -3.07155 -0.727332 -3.07155 0.401807 0.616273 0.401807 -0.616273 
1 1 0 6.11755 0.110584 6.39976 -0.727147 -3.06963 -0.727147 -3.06963 0.408806 0.611869 0.408806 -0.611869 
1 1 0 6.11295 0.110584 6.47543 -0.726965 -3.06768 -0.726965 -3.06768 0.4159 0.607287 0.4159 -0.607287 
1 1 0 6.10835 0.110584 6.55464 -0.726783 -3.06571 -0.726783 -3.06571 0.423095 0.602515 0.423095 -0.602515 
1 1 0 6.10377 0.110584 6.63769 -0.726604 -3.06371 -0.726604 -3.06371 0.430396 0.597543 0.430396 -0.597543 
1 1 0 6.09921 0.110584 6.72494 -0.726426 -3.06169 -0.726426 -3.06169 0.437807 0.592356 0.437807 -0.592356 
1 1 0 6.09465 0.110584 6.81676 -0.72625 -3.05964 -0.72625 -3.05964 0.445334 0.586941 0.445334 -0.586941 
1 1 0 6.09011 0.110584 6.9136 -0.726077 -3.05756 -0.726077 -3.05756 0.452984 0.581283 0.452984 -0.581283 
1 1 0 6.08558 0.110584 7.01597 -0.725905 -3.05544 -0.725905 -3.05544 0.460763 0.575363 0.460763 -0.575363 
1 1 0 6.08106 0.110584 7.12446 -0.725736 -3.0533 -0.725736 -3.0533 0.468679 0.569163 0.468679 -0.569163 
1 1 0 6.07657 0.110584 7.23975 -0.725569 -3.05112 -0.725569 -3.05112 0.47674 0.562659 0.47674 -0.562659 
1 1 0 6.07209 0.110584 7.36262 -0.725405 -3.0489 -0.725405 -3.0489 0.484954 0.555828 0.484954 -0.555828 
1 1 0 6.06763 0.110584 7.494 -0.725244 -3.04665 -0.725244 -3.04665 0.493331 0.54864 0.493331 -0.54864 
1 1 0 6.06319 0.110584 7.63497 -0.725086 -3.04435 -0.725086 -3.04435 0.501884 0.541065 0.501884 -0.541065 
1 1 0 6.05878 0.110584 7.78685 -0.724932 -3.042 -0.724932 -3.042 0.510623 0.533065 0.510623 -0.533065 
1 1 0 6.05439 0.110584 7.9512 -0.724781 -3.03961 -0.724781 -3.03961 0.519564 0.524597 0.519564 -0.524597 
1 1 0 6.05003 0.110584 8.12991 -0.724634 -3.03716 -0.724634 -3.03716 0.52872 0.515613 0.52872 -0.515613 
1 1 0 6.04571 0.110584 8.32534 -0.724492 -3.03466 -0.724492 -3.03466 0.538111 0.506053 0.538111 -0.506053 
1 1 0 6.04142 0.110584 8.54039 -0.724354 -3.0321 -0.724354 -3.0321 0.547755 0.49585 0.547755 -0.49585 
1 1 0 6.03716 0.110584 8.77873 -0.724222 -3.02947 -0.724222 -3.02947 0.557675 0.48492 0.557675 -0.48492 
1 1 0 6.03296 0.110584 9.0451 -0.724096 -3.02677 -0.724096 -3.02677 0.567899 0.473165 0.567899 -0.473165 
1 1 0 6.02881 0.110584 9.34564 -0.723977 -3.02398 -0.723977 -3.02398 0.578455 0.460464 0.578455 -0.460464 
1 1 0 6.02472 0.110584 9.68865 -0.723865 -3.02111 -0.723865 -3.02111 0.589378 0.446664 0.589378 -0.446664 
1 1 0 6.0207 0.110584 10.0854 -0.723762 -3.01814 -0.723762 -3.01814 0.600711 0.431575 0.600711 -0.431575 
1 1 0 6.01676 0.110584 10.552 -0.723668 -3.01506 -0.723668 -3.01506 0.6125 0.414952 0.6125 -0.414952 
1 1 0 6.01292 0.110584 11.112 -0.723586 -3.01186 -0.723586 -3.01186 0.624802 0.396471 0.624802 -0.396471 
1 1 0 6.0092 0.110584 11.8015 -0.723517 -3.00851 -0.723517 -3.00851 0.637683 0.375693 0.637683 -0.375693 
1 1 0 6.00563 0.110584 12.6795 -0.723464 -3.00502 -0.723464 -3.00502 0.651224 0.352001 0.651224 -0.352001 
1 1 0 6.00224 0.110584 13.8502 -0.72343 -3.00134 -0.72343 -3.00134 0.665513 0.324484 0.665513 -0.324484 
1 1 0 5.99908 0.110584 15.5182 -0.723418 -2.99747 -0.723418 -2.99747 0.680655 0.29171 0.680655 -0.29171 
1 1 0 5.99621 0.110584 18.1609 -0.723433 -2.99337 -0.723433 -2.99337 0.696761 0.251162 0.696761 -0.251162 
1 1 0 5.99373 0.110584 23.2784 -0.723482 -2.98903 -0.723482 -2.98903 0.713929 0.19752 0.713929 -0.19752 
1 1 0 5.99176 0.110584 41.1474 -0.723572 -2.98444 -0.723572 -2.98444 0.732211 0.112685 0.732211 -0.112685 
1 1 0 5.99042 0.110584 41.1474 -0.723709 -2.97962 -0.723709 -2.97962 0.877629 0 0.625455 0 
1 1 0 5.98987 0.110584 41.1474 -0.723898 -2.97465 -0.723898 -2.97465 0.987255 0 0.556046 0 
1 1 0 5.98986 0.110584 41.1474 -0.723928 -2.97396 -0.723928 -2.97396 1 0 0.548961 0 
2 1 0 5.9903 0.110584 41.1474 -0.724176 -2.96899 -0.724176 -2.96899 1.08266 0 0.507035 0 
2 1 0 5.99162 0.110584 41.1474 -0.724466 -2.96417 -0.724466 -2.96417 1.15386 0 0.475692 0 
2 1 0 5.99368 0.110584 41.1474 -0.724787 -2.95963 -0.724787 -2.95963 1.21641 0 0.451141 0 
2 1 0 5.99634 0.110584 41.1474 -0.725128 -2.95541 -0.725128 -2.95541 1.27185 0 0.431363 0 
2 1 0 5.99946 0.110584 41.1474 -0.72548 -2.95152 -0.72548 -2.95152 1.3214 0 0.415058 0 
2 1 0 6.00292 0.110584 41.1474 -0.725838 -2.94793 -0.725838 -2.94793 1.36611 0 0.401337 0 
2 1 0 6.00665 0.110584 41.1474 -0.726198 -2.94461 -0.726198 -2.94461 1.40682 0 0.389577 0 
2 1 0 6.01056 0.110584 41.1474 -0.726558 -2.94152 -0.726558 -2.94152 1.44422 0 0.379336 0 
2 1 0 6.01464 0.110584 41.1474 -0.726918 -2.93864 -0.726918 -2.93864 1.47887 0 0.370296 0 
2 1 0 6.01883 0.110584 41.1474 -0.727276 -2.93594 -0.727276 -2.93594 1.51119 0 0.362223 0 
2 1 0 6.02312 0.110584 41.1474 -0.727632 -2.9334 -0.727632 -2.9334 1.54152 0 0.354941 0 
2 1 0 6.02749 0.110584 41.1474 -0.727986 -2.93099 -0.727986 -2.93099 1.57013 0 0.348317 0 
2 1 0 6.03192 0.110584 41.1474 -0.728338 -2.92871 -0.728338 -2.92871 1.59726 0 0.342245 0 
2 1 0 6.03641 0.110584 41.1474 -0.728687 -2.92653 -0.728687 -2.92653 1.62309 0 0.336645 0 
2 1 0 6.04094 0.110584 41.1474 -0.729034 -2.92446 -0.729034 -2.92446 1.64776 0 0.331451 0 
2 1 0 6.04552 0.110584 41.1474 -0.729379 -2.92247 -0.729379 -2.92247 1.6714 0 0.32661 0 
2 1 0 6.05013 0.110584 41.1474 -0.729722 -2.92056 -0.729722 -2.92056 1.69412 0 0.322077 0 
2 1 0 6.05477 0.110584 41.1474 -0.730063 -2.91873 -0.730063 -2.91873 1.71601 0 0.317817 0 
2 1 0 6.05943 0.110584 41.1474 -0.730401 -2.91696 -0.730401 -2.91696 1.73715 0 0.3138 0 
2 1 0 6.06412 0.110584 41.1474 -0.730738 -2.91526 -0.730738 -2.91526 1.7576 0 0.31 0 
2 1 0 6.06883 0.110584 41.1474 -0.731073 -2.91361 -0.731073 -2.91361 1.77742 0 0.306394 0 
2 1 0 6.07356 0.110584 41.1474 -0.731406 -2.91201 -0.731406 -2.91201 1.79666 0 0.302965 0 
2 1 0 6.0783 0.110584 41.1474 -0.731738 -2.91047 -0.731738 -2.91047 1.81537 0 0.299696 0 
2 1 0 6.08306 0.110584 41.1474 -0.732068 -2.90897 -0.732068 -2.90897 1.83359 0 0.296574 0 
2 1 0 6.08783 0.110584 41.1474 -0.732396 -2.90751 -0.732396 -2.90751 1.85134 0 0.293585 0 
2 1 0 6.09262 0.110584 41.1474 -0.732723 -2.9061 -0.732723 -2.9061 1.86867 0 0.290719 0 
2 1 0 6.09741 0.110584 41.1474 -0.733048 -2.90472 -0.733048 -2.90472 1.8856 0 0.287966 0 
2 1 0 6.10222 0.110584 41.1474 -0.733372 -2.90338 -0.733372 -2.90338 1.90216 0 0.285318 0 
2 1 0 6.10703 0.110584 41.1474 -0.733694 -2.90207 -0.733694 -2.90207 1.91837 0 0.282768 0 
2 1 0 6.11186 0.110584 41.1474 -0.734015 -2.9008 -0.734015 -2.9008 1.93424 0 0.280307 0 
2 1 0 6.11669 0.110584 41.1474 -0.734334 -2.89955 -0.734334 -2.89955 1.9498 0 0.277931 0 
2 1 0 6.12153 0.110584 41.1474 -0.734653 -2.89833 -0.734653 -2.89833 1.96507 0 0.275634 0 
2 1 0 6.12637 0.110584 41.1474 -0.73497 -2.89715 -0.73497 -2.89715 1.98006 0 0.273411 0 
2 1 0 6.13123 0.110584 41.1474 -0.735286 -2.89598 -0.735286 -2.89598 1.99478 0 0.271257 0 
2 1 0 6.13608 0.110584 41.1474 -0.7356 -2.89485 -0.7356 -2.89485 2.00925 0 0.269168 0 
2 1 0 6.14095 0.110584 41.1474 -0.735914 -2.89373 -0.735914 -2.89373 2.02349 0 0.26714 0 
2 1 0 6.14582 0.110584 41.1474 -0.736226 -2.89264 -0.736226 -2.89264 2.03749 0 0.26517 0 
2 1 0 6.15069 0.110584 41.1474 -0.736538 -2.89157 -0.736538 -2.89157 2.05127 0 0.263255 0 
2 1 0 6.15557 0.110584 41.1474 -0.736848 -2.89053 -0.736848 -2.89053 2.06485 0 0.261393 0 
2 1 0 6.16046 0.110584 41.1474 -0.737157 -2.8895 -0.737157 -2.8895 2.07823 0 0.259579 0 
2 1 0 6.16534 0.110584 41.1474 -0.737465 -2.88849 -0.737465 -2.88849 2.09142 0 0.257811 0 
2 1 0 6.17024 0.110584 41.1474 -0.737772 -2.8875 -0.737772 -2.8875 2.10442 0 0.256089 0 
2 1 0 6.17513 0.110584 41.1474 -0.738078 -2.88653 -0.738078 -2.88653 2.11724 0 0.254408 0 
2 1 0 6.18003 0.110584 41.1474 -0.738383 -2.88558 -0.738383 -2.88558 2.1299 0 0.252768 0 
2 1 0 6.18493 0.110584 41.1474 -0.738688 -2.88464 -0.738688 -2.88464 2.1424 0 0.251166 0 
2 1 0 6.18984 0.110584 41.1474 -0.738991 -2.88372 -0.738991 -2.88372 2.15473 0 0.249602 0 
2 1 0 6.19475 0.110584 41.1474 -0.739293 -2.88282 -0.739293 -2.88282 2.16692 0 0.248072 0 
2 1 0 6.19966 0.110584 41.1474 -0.739595 -2.88193 -0.739595 -2.88193 2.17895 0 0.246575 0 
2 1 0 6.20457 0.110584 41.1474 -0.739895 -2.88106 -0.739895 -2.88106 2.19085 0 0.245112 0 
2 1 0 6.20949 0.110584 41.1474 -0.740195 -2.8802 -0.740195 -2.8802 2.20261 0 0.243679 0 
2 1 0 6.21441 0.110584 41.1474 -0.740494 -2.87935 -0.740494 -2.87935 2.21424 0 0.242275 0 
2 1 0 6.21933 0.110584 41.1474 -0.740792 -2.87852 -0.740792 -2.87852 2.22574 0 0.240901 0 
2 1 0 6.22425 0.110584 41.1474 -0.741089 -2.8777 -0.741089 -2.8777 2.23711 0 0.239553 0 
2 1 0 6.22918 0.110584 41.1474 -0.741385 -2.87689 -0.741385 -2.87689 2.24836 0 0.238232 0 
2 1 0 6.2341 0.110584 41.1474 -0.741681 -2.8761 -0.741681 -2.8761 2.2595 0 0.236937 0 
2 1 0 6.23903 0.110584 41.1474 -0.741976 -2.87532 -0.741976 -2.87532 2.27052 0 0.235666 0 
2 1 0 6.24397 0.110584 41.1474 -0.742269 -2.87455 -0.742269 -2.87455 2.28144 0 0.234419 0 
2 1 0 6.2489 0.110584 41.1474 -0.742563 -2.87379 -0.742563 -2.87379 2.29224 0 0.233194 0 
2 1 0 6.25383 0.110584 41.1474 -0.742855 -2.87304 -0.742855 -2.87304 2.30294 0 0.231992 0 
2 1 0 6.25877 0.110584 41.1474 -0.743147 -2.8723 -0.743147 -2.8723 2.31354 0 0.230811 0 
2 1 0 6.26371 0.110584 41.1474 -0.743438 -2.87158 -0.743438 -2.87158 2.32403 0 0.22965 0 
2 1 0 6.26865 0.110584 41.1474 -0.743728 -2.87086 -0.743728 -2.87086 2.33443 0 0.22851 0 
2 1 0 6.27359 0.110584 41.1474 -0.744017 -2.87016 -0.744017 -2.87016 2.34474 0 0.227388 0 
2 1 0 6.27853 0.110584 41.1474 -0.744306 -2.86946 -0.744306 -2.86946 2.35495 0 0.226286 0 
2 1 0 6.28348 0.110584 41.1474 -0.744594 -2.86878 -0.744594 -2.86878 2.36508 0 0.225201 0 
2 1 0 6.28842 0.110584 41.1474 -0.744882 -2.8681 -0.744882 -2.8681 2.37511 0 0.224135 0 
2 1 0 6.29337 0.110584 41.1474 -0.745168 -2.86743 -0.745168 -2.86743 2.38506 0 0.223085 0 
2 1 0 6.29832 0.110584 41.1474 -0.745454 -2.86677 -0.745454 -2.86677 2.39492 0 0.222052 0 
2 1 0 6.30327 0.110584 41.1474 -0.74574 -2.86612 -0.74574 -2.86612 2.40471 0 0.221034 0 
2 1 0 6.30822 0.110584 41.1474 -0.746024 -2.86548 -0.746024 -2.86548 2.41441 0 0.220033 0 
2 1 0 6.31317 0.110584 41.1474 -0.746308 -2.86485 -0.746308 -2.86485 2.42403 0 0.219046 0 
2 1 0 6.31812 0.110584 41.1474 -0.746592 -2.86423 -0.746592 -2.86423 2.43357 0 0.218075 0 
2 1 0 6.32308 0.110584 41.1474 -0.746874 -2.86361 -0.746874 -2.86361 2.44304 0 0.217118 0 
2 1 0 6.32803 0.110584 41.1474 -0.747156 -2.863 -0.747156 -2.863 2.45243 0 0.216174 0 
2 1 0 6.33299 0.110584 41.1474 -0.747438 -2.86241 -0.747438 -2.86241 2.46175 0 0.215245 0 
2 1 0 6.33795 0.110584 41.1474 -0.747718 -2.86181 -0.747718 -2.86181 2.471 0 0.214329 0 
2 1 0 6.3429 0.110584 41.1474 -0.747999 -2.86123 -0.747999 -2.86123 2.48018 0 0.213425 0 
2 1 0 6.34786 0.110584 41.1474 -0.748278 -2.86065 -0.748278 -2.86065 2.48929 0 0.212534 0 
2 1 0 6.35282 0.110584 41.1474 -0.748557 -2.86008 -0.748557 -2.86008 2.49833 0 0.211656 0 
2 1 0 6.35778 0.110584 41.1474 -0.748835 -2.85952 -0.748835 -2.85952 2.5073 0 0.210789 0 
2 1 0 6.36274 0.110584 41.1474 -0.749113 -2.85897 -0.749113 -2.85897 2.51621 0 0.209934 0 
2 1 0 6.36771 0.110584 41.1474 -0.74939 -2.85842 -0.74939 -2.85842 2.52505 0 0.209091 0 
2 1 0 6.37267 0.110584 41.1474 -0.749667 -2.85788 -0.749667 -2.85788 2.53383 0 0.208259 0 
2 1 0 6.37763 0.110584 41.1474 -0.749943 -2.85734 -0.749943 -2.85734 2.54254 0 0.207437 0 
2 1 0 6.3826 0.110584 41.1474 -0.750218 -2.85681 -0.750218 -2.85681 2.5512 0 0.206626 0 
2 1 0 6.38756 0.110584 41.1474 -0.750493 -2.85629 -0.750493 -2.85629 2.55979 0 0.205826 0 
2 1 0 6.39253 0.110584 41.1474 -0.750767 -2.85578 -0.750767 -2.85578 2.56833 0 0.205036 0 
2 1 0 6.39749 0.110584 41.1474 -0.75104 -2.85527 -0.75104 -2.85527 2.5768 0 0.204256 0 
2 1 0 6.40246 0.110584 41.1474 -0.751313 -2.85477 -0.751313 -2.85477 2.58522 0 0.203485 0 
2 1 0 6.40743 0.110584 41.1474 -0.751586 -2.85427 -0.751586 -2.85427 2.59358 0 0.202724 0 
2 1 0 6.4124 0.110584 41.1474 -0.751858 -2.85378 -0.751858 -2.85378 2.60188 0 0.201972 0 
2 1 0 6.41737 0.110584 41.1474 -0.752129 -2.8533 -0.752129 -2.8533 2.61012 0 0.20123 0 
2 1 0 6.42234 0.110584 41.1474 -0.7524 -2.85282 -0.7524 -2.85282 2.61832 0 0.200496 0 
2 1 0 6.42731 0.110584 41.1474 -0.75267 -2.85234 -0.75267 -2.85234 2.62645 0 0.199771 0 
2 1 0 6.43228 0.110584 41.1474 -0.75294 -2.85188 -0.75294 -2.85188 2.63454 0 0.199055 0 
2 1 0 6.43725 0.110584 41.1474 -0.753209 -2.85142 -0.753209 -2.85142 2.64257 0 0.198346 0 
2 1 0 6.44222 0.110584 41.1474 -0.753478 -2.85096 -0.753478 -2.85096 2.65054 0 0.197647 0 
2 1 0 6.44719 0.110584 41.1474 -0.753746 -2.85051 -0.753746 -2.85051 2.65847 0 0.196955 0 
2 1 0 6.45217 0.110584 41.1474 -0.754014 -2.85007 -0.754014 -2.85007 2.66635 0 0.196271 0 
2 1 0 6.45714 0.110584 41.1474 -0.754281 -2.84963 -0.754281 -2.84963 2.67417 0 0.195595 0 
2 1 0 6.46211 0.110584 41.1474 -0.754547 -2.84919 -0.754547 -2.84919 2.68195 0 0.194927 0 
2 1 0 6.46709 0.110584 41.1474 -0.754813 -2.84876 -0.754813 -2.84876 2.68967 0 0.194266 0 
2 1 0 6.47206 0.110584 41.1474 -0.755079 -2.84834 -0.755079 -2.84834 2.69735 0 0.193612 0 
2 1 0 6.47704 0.110584 41.1474 -0.755344 -2.84792 -0.755344 -2.84792 2.70498 0 0.192965 0 
2 1 0 6.48201 0.110584 41.1474 -0.755608 -2.84751 -0.755608 -2.84751 2.71256 0 0.192326 0 
2 1 0 6.48699 0.110584 41.1474 -0.755872 -2.8471 -0.755872 -2.8471 2.72009 0 0.191693 0 
2 1 0 6.49197 0.110584 41.1474 -0.756136 -2.8467 -0.756136 -2.8467 2.72757 0 0.191068 0 
2 1 0 6.49694 0.110584 41.1474 -0.756398 -2.8463 -0.756398 -2.8463 2.73501 0 0.190449 0 
2 1 0 6.50192 0.110584 41.1474 -0.756661 -2.84591 -0.756661 -2.84591 2.74241 0 0.189836 0 
2 1 0 6.5069 0.110584 41.1474 -0.756923 -2.84552 -0.756923 -2.84552 2.74976 0 0.18923 0 
2 1 0 6.51188 0.110584 41.1474 -0.757184 -2.84513 -0.757184 -2.84513 2.75706 0 0.18863 0 
2 1 0 6.51686 0.110584 41.1474 -0.757445 -2.84475 -0.757445 -2.84475 2.76432 0 0.188037 0 
2 1 0 6.52184 0.110584 41.1474 -0.757706 -2.84438 -0.757706 -2.84438 2.77153 0 0.18745 0 
2 1 0 6.52682 0.110584 41.1474 -0.757966 -2.84401 -0.757966 -2.84401 2.7787 0 0.186868 0 
2 1 0 6.5318 0.110584 41.1474 -0.758225 -2.84364 -0.758225 -2.84364 2.78583 0 0.186293 0 
2 1 0 6.53678 0.110584 41.1474 -0.758484 -2.84328 -0.758484 -2.84328 2.79291 0 0.185724 0 
2 1 0 6.54176 0.110584 41.1474 -0.758743 -2.84292 -0.758743 -2.84292 2.79995 0 0.18516 0 
2 1 0 6.54674 0.110584 41.1474 -0.759001 -2.84257 -0.759001 -2.84257 2.80695 0 0.184602 0 
2 1 0 6.55172 0.110584 41.1474 -0.759258 -2.84222 -0.759258 -2.84222 2.81391 0 0.184049 0 
2 1 0 6.5567 0.110584 41.1474 -0.759516 -2.84188 -0.759516 -2.84188 2.82082 0 0.183502 0 
2 1 0 6.56168 0.110584 41.1474 -0.759772 -2.84154 -0.759772 -2.84154 2.8277 0 0.18296 0 
2 1 0 6.56666 0.110584 41.1474 -0.760028 -2.84121 -0.760028 -2.84121 2.83453 0 0.182424 0 
2 1 0 6.57165 0.110584 41.1474 -0.760284 -2.84087 -0.760284 -2.84087 2.84132 0 0.181893 0 
2 1 0 6.57663 0.110584 41.1474 -0.760539 -2.84055 -0.760539 -2.84055 2.84807 0 0.181366 0 
2 1 0 6.58161 0.110584 41.1474 -0.760794 -2.84022 -0.760794 -2.84022 2.85478 0 0.180845 0 
2 1 0 6.5866 0.110584 41.1474 -0.761048 -2.83991 -0.761048 -2.83991 2.86146 0 0.180329 0 
2 1 0 6.59158 0.110584 41.1474 -0.761302 -2.83959 -0.761302 -2.83959 2.86809 0 0.179818 0 
2 1 0 6.59656 0.110584 41.1474 -0.761556 -2.83928 -0.761556 -2.83928 2.87468 0 0.179312 0 
2 1 0 6.60155 0.110584 41.1474 -0.761808 -2.83897 -0.761808 -2.83897 2.88123 0 0.17881 0 
2 1 0 6.60653 0.110584 41.1474 -0.762061 -2.83867 -0.762061 -2.83867 2.88775 0 0.178314 0 
2 1 0 6.61152 0.110584 41.1474 -0.762313 -2.83837 -0.762313 -2.83837 2.89423 0 0.177821 0 
2 1 0 6.6165 0.110584 41.1474 -0.762565 -2.83808 -0.762565 -2.83808 2.90067 0 0.177334 0 
2 1 0 6.62149 0.110584 41.1474 -0.762816 -2.83779 -0.762816 -2.83779 2.90707 0 0.176851 0 
2 1 0 6.62647 0.110584 41.1474 -0.763066 -2.8375 -0.763066 -2.8375 2.91343 0 0.176372 0 
2 1 0 6.63146 0.110584 41.1474 -0.763317 -2.83722 -0.763317 -2.83722 2.91975 0 0.175898 0 
2 1 0 6.63644 0.110584 41.1474 -0.763566 -2.83694 -0.763566 -2.83694 2.92604 0 0.175427 0 
2 1 0 6.64143 0.110584 41.1474 -0.763816 -2.83666 -0.763816 -2.83666 2.93229 0 0.174962 0 
2 1 0 6.64642 0.110584 41.1474 -0.764065 -2.83639 -0.764065 -2.83639 2.93851 0 0.1745 0 
2 1 0 6.6514 0.110584 41.1474 -0.764313 -2.83612 -0.764313 -2.83612 2.94468 0 0.174043 0 
2 1 0 6.65639 0.110584 41.1474 -0.764561 -2.83586 -0.764561 -2.83586 2.95083 0 0.173589 0 
2 1 0 6.66138 0.110584 41.1474 -0.764809 -2.8356 -0.764809 -2.8356 2.95693 0 0.17314 0 
2 1 0 6.66636 0.110584 41.1474 -0.765056 -2.83534 -0.765056 -2.83534 2.963 0 0.172695 0 
2 1 0 6.67135 0.110584 41.1474 -0.765303 -2.83508 -0.765303 -2.83508 2.96903 0 0.172253 0 
2 1 0 6.67634 0.110584 41.1474 -0.765549 -2.83483 -0.765549 -2.83483 2.97503 0 0.171816 0 
2 1 0 6.68133 0.110584 41.1474 -0.765795 -2.83459 -0.765795 -2.83459 2.98099 0 0.171382 0 
2 1 0 6.68631 0.110584 41.1474 -0.76604 -2.83434 -0.76604 -2.83434 2.98692 0 0.170952 0 
2 1 0 6.6913 0.110584 41.1474 -0.766285 -2.8341 -0.766285 -2.8341 2.99281 0 0.170526 0 
2 1 0 6.69629 0.110584 41.1474 -0.76653 -2.83387 -0.76653 -2.83387 2.99867 0 0.170104 0 
2 1 0 6.70128 0.110584 41.1474 -0.766774 -2.83363 -0.766774 -2.83363 3.00449 0 0.169685 0 
2 1 0 6.70627 0.110584 41.1474 -0.767018 -2.83341 -0.767018 -2.83341 3.01028 0 0.16927 0 
2 1 0 6.71126 0.110584 41.1474 -0.767261 -2.83318 -0.767261 -2.83318 3.01603 0 0.168858 0 
2 1 0 6.71625 0.110584 41.1474 -0.767504 -2.83296 -0.767504 -2.83296 3.02175 0 0.16845 0 
2 1 0 6.72124 0.110584 41.1474 -0.767746 -2.83274 -0.767746 -2.83274 3.02743 0 0.168045 0 
2 1 0 6.72623 0.110584 41.1474 -0.767988 -2.83252 -0.767988 -2.83252 3.03309 0 0.167644 0 
2 1 0 6.73122 0.110584 41.1474 -0.76823 -2.83231 -0.76823 -2.83231 3.0387 0 0.167246 0 
2 1 0 6.73621 0.110584 41.1474 -0.768471 -2.8321 -0.768471 -2.8321 3.04429 0 0.166851 0 
2 1 0 6.7412 0.110584 41.1474 -0.768712 -2.83189 -0.768712 -2.83189 3.04984 0 0.16646 0 
2 1 0 6.74619 0.110584 41.1474 -0.768953 -2.83169 -0.768953 -2.83169 3.05536 0 0.166072 0 
2 1 0 6.75118 0.110584 41.1474 -0.769193 -2.83149 -0.769193 -2.83149 3.06084 0 0.165687 0 
2 1 0 6.75617 0.110584 41.1474 -0.769432 -2.83129 -0.769432 -2.83129 3.06629 0 0.165305 0 
2 1 0 6.76116 0.110584 41.1474 -0.769671 -2.8311 -0.769671 -2.8311 3.07171 0 0.164927 0 
2 1 0 6.76615 0.110584 41.1474 -0.76991 -2.83091 -0.76991 -2.83091 3.07709 0 0.164551 0 
2 1 0 6.77114 0.110584 41.1474 -0.770149 -2.83072 -0.770149 -2.83072 3.08245 0 0.164179 0 
2 1 0 6.77613 0.110584 41.1474 -0.770387 -2.83054 -0.770387 -2.83054 3.08777 0 0.16381 0 
2 1 0 6.78112 0.110584 41.1474 -0.770624 -2.83036 -0.770624 -2.83036 3.09306 0 0.163443 0 
2 1 0 6.78611 0.110584 41.1474 -0.770861 -2.83018 -0.770861 -2.83018 3.09831 0 0.16308 0 
2 1 0 6.7911 0.110584 41.1474 -0.771098 -2.83001 -0.771098 -2.83001 3.10353 0 0.16272 0 
2 1 0 6.79609 0.110584 41.1474 -0.771334 -2.82984 -0.771334 -2.82984 3.10873 0 0.162362 0 
2 1 0 6.80109 0.110584 41.1474 -0.77157 -2.82967 -0.77157 -2.82967 3.11389 0 0.162008 0 
2 1 0 6.80608 0.110584 41.1474 -0.771806 -2.82951 -0.771806 -2.82951 3.11901 0 0.161656 0 
2 1 0 6.81107 0.110584 41.1474 -0.772041 -2.82934 -0.772041 -2.82934 3.12411 0 0.161307 0 
2 1 0 6.81606 0.110584 41.1474 -0.772276 -2.82919 -0.772276 -2.82919 3.12918 0 0.160961 0 
2 1 0 6.82105 0.110584 41.1474 -0.77251 -2.82903 -0.77251 -2.82903 3.13421 0 0.160618 0 
2 1 0 6.82605 0.110584 41.1474 -0.772744 -2.82888 -0.772744 -2.82888 3.13921 0 0.160277 0 
2 1 0 6.83104 0.110584 41.1474 -0.772978 -2.82873 -0.772978 -2.82873 3.14418 0 0.159939 0 
2 1 0 6.83603 0.110584 41.1474 -0.773211 -2.82858 -0.773211 -2.82858 3.14912 0 0.159604 0 
2 1 0 6.84102 0.110584 41.1474 -0.773444 -2.82844 -0.773444 -2.82844 3.15403 0 0.159272 0 
2 1 0 6.84602 0.110584 41.1474 -0.773676 -2.8283 -0.773676 -2.8283 3.15891 0 0.158942 0 
2 1 0 6.85101 0.110584 41.1474 -0.773909 -2.82816 -0.773909 -2.82816 3.16376 0 0.158614 0 
2 1 0 6.856 0.110584 41.1474 -0.77414 -2.82802 -0.77414 -2.82802 3.16857 0 0.15829 0 
2 1 0 6.86099 0.110584 41.1474 -0.774372 -2.82789 -0.774372 -2.82789 3.17336 0 0.157967 0 
2 1 0 6.86599 0.110584 41.1474 -0.774602 -2.82776 -0.774602 -2.82776 3.17812 0 0.157647 0 
2 1 0 6.87098 0.110584 41.1474 -0.774833 -2.82764 -0.774833 -2.82764 3.18284 0 0.15733 0 
2 1 0 6.87597 0.110584 41.1474 -0.775063 -2.82751 -0.775063 -2.82751 3.18754 0 0.157015 0 
2 1 0 6.88097 0.110584 41.1474 -0.775293 -2.82739 -0.775293 -2.82739 3.1922 0 0.156703 0 
2 1 0 6.88596 0.110584 41.1474 -0.775522 -2.82728 -0.775522 -2.82728 3.19684 0 0.156393 0 
2 1 0 6.89095 0.110584 41.1474 -0.775751 -2.82716 -0.775751 -2.82716 3.20144 0 0.156085 0 
2 1 0 6.89595 0.110584 41.1474 -0.77598 -2.82705 -0.77598 -2.82705 3.20601 0 0.15578 0 
2 1 0 6.90094 0.110584 41.1474 -0.776208 -2.82694 -0.776208 -2.82694 3.21056 0 0.155477 0 
2 1 0 6.90593 0.110584 41.1474 -0.776436 -2.82683 -0.776436 -2.82683 3.21507 0 0.155177 0 
2 1 0 6.91093 0.110584 41.1474 -0.776663 -2.82673 -0.776663 -2.82673 3.21956 0 0.154879 0 
2 1 0 6.91592 0.110584 41.1474 -0.776891 -2.82663 -0.776891 -2.82663 3.22402 0 0.154583 0 
2 1 0 6.92092 0.110584 41.1474 -0.777117 -2.82653 -0.777117 -2.82653 3.22844 0 0.154289 0 
2 1 0 6.92591 0.110584 41.1474 -0.777344 -2.82644 -0.777344 -2.82644 3.23284 0 0.153998 0 
2 1 0 6.9309 0.110584 41.1474 -0.77757 -2.82635 -0.77757 -2.82635 3.23721 0 0.153708 0 
2 1 0 6.9359 0.110584 41.1474 -0.777795 -2.82626 -0.777795 -2.82626 3.24154 0 0.153421 0 
2 1 0 6.94089 0.110584 41.1474 -0.778021 -2.82617 -0.778021 -2.82617 3.24585 0 0.153137 0 
2 1 0 6.94589 0.110584 41.1474 -0.778246 -2.82609 -0.778246 -2.82609 3.25013 0 0.152854 0 
2 1 0 6.95088 0.110584 41.1474 -0.77847 -2.82601 -0.77847 -2.82601 3.25438 0 0.152573 0 
2 1 0 6.95587 0.110584 41.1474 -0.778694 -2.82593 -0.778694 -2.82593 3.2586 0 0.152295 0 
2 1 0 6.96087 0.110584 41.1474 -0.778918 -2.82585 -0.778918 -2.82585 3.2628 0 0.152018 0 
2 1 0 6.96586 0.110584 41.1474 -0.779141 -2.82578 -0.779141 -2.82578 3.26696 0 0.151744 0 
2 1 0 6.97086 0.110584 41.1474 -0.779364 -2.82571 -0.779364 -2.82571 3.2711 0 0.151472 0 
2 1 0 6.97585 0.110584 41.1474 -0.779587 -2.82564 -0.779587 -2.82564 3.2752 0 0.151202 0 
2 1 0 6.98085 0.110584 41.1474 -0.77981 -2.82558 -0.77981 -2.82558 3.27928 0 0.150934 0 
2 1 0 6.98584 0.110584 41.1474 -0.780032 -2.82552 -0.780032 -2.82552 3.28333 0 0.150667 0 
2 1 0 6.99084 0.110584 41.1474 -0.780253 -2.82546 -0.780253 -2.82546 3.28735 0 0.150403 0 
2 1 0 6.99583 0.110584 41.1474 -0.780474 -2.8254 -0.780474 -2.8254 3.29134 0 0.150141 0 
2 1 0 7.00083 0.110584 41.1474 -0.780695 -2.82535 -0.780695 -2.82535 3.29531 0 0.149881 0 
2 1 0 7.00582 0.110584 41.1474 -0.780916 -2.8253 -0.780916 -2.8253 3.29924 0 0.149623 0 
2 1 0 7.01082 0.110584 41.1474 -0.781136 -2.82525 -0.781136 -2.82525 3.30315 0 0.149366 0 
2 1 0 7.01581 0.110584 41.1474 -0.781356 -2.8252 -0.781356 -2.8252 3.30703 0 0.149112 0 
2 1 0 7.02081 0.110584 41.1474 -0.781575 -2.82516 -0.781575 -2.82516 3.31088 0 0.148859 0 
2 1 0 7.0258 0.110584 41.1474 -0.781794 -2.82512 -0.781794 -2.82512 3.3147 0 0.148608 0 
2 1 0 7.0308 0.110584 41.1474 -0.782013 -2.82508 -0.782013 -2.82508 3.3185 0 0.14836 0 
2 1 0 7.03579 0.110584 41.1474 -0.782232 -2.82505 -0.782232 -2.82505 3.32226 0 0.148113 0 
2 1 0 7.04079 0.110584 41.1474 -0.78245 -2.82501 -0.78245 -2.82501 3.326 0 0.147868 0 
2 1 0 7.04578 0.110584 41.1474 -0.782667 -2.82498 -0.782667 -2.82498 3.32971 0 0.147624 0 
2 1 0 7.05078 0.110584 41.1474 -0.782885 -2.82496 -0.782885 -2.82496 3.3334 0 0.147383 0 
2 1 0 7.05577 0.110584 41.1474 -0.783102 -2.82493 -0.783102 -2.82493 3.33705 0 0.147143 0 
2 1 0 7.06077 0.110584 41.1474 -0.783318 -2.82491 -0.783318 -2.82491 3.34068 0 0.146905 0 
2 1 0 7.06576 0.110584 41.1474 -0.783535 -2.82489 -0.783535 -2.82489 3.34428 0 0.146669 0 
2 1 0 7.07076 0.110584 41.1474 -0.783751 -2.82487 -0.783751 -2.82487 3.34785 0 0.146434 0 
2 1 0 7.07575 0.110584 41.1474 -0.783966 -2.82486 -0.783966 -2.82486 3.3514 0 0.146201 0 
2 1 0 7.08075 0.110584 41.1474 -0.784181 -2.82485 -0.784181 -2.82485 3.35492 0 0.14597 0 
2 1 0 7.08574 0.110584 41.1474 -0.784396 -2.82484 -0.784396 -2.82484 3.35841 0 0.145741 0 
2 1 0 7.09074 0.110584 41.1474 -0.784611 -2.82483 -0.784611 -2.82483 3.36187 0 0.145513 0 
2 1 0 7.09573 0.110584 41.1474 -0.784825 -2.82483 -0.784825 -2.82483 3.36531 0 0.145287 0 
2 1 0 7.10073 0.110584 41.1474 -0.785039 -2.82483 -0.785039 -2.82483 3.36872 0 0.145063 0 
2 1 0 7.10573 0.110584 41.1474 -0.785253 -2.82483 -0.785253 -2.82483 3.3721 0 0.14484 0 
2 1 0 7.11072 0.110584 41.1474 -0.785466 -2.82483 -0.785466 -2.82483 3.37545 0 0.144619 0 
2 1 0 7.11572 0.110584 41.1474 -0.785679 -2.82484 -0.785679 -2.82484 3.37878 0 0.1444 0 
2 1 0 7.12071 0.110584 41.1474 -0.785891 -2.82485 -0.785891 -2.82485 3.38208 0 0.144182 0 
2 1 0 7.12571 0.110584 41.1474 -0.786103 -2.82486 -0.786103 -2.82486 3.38535 0 0.143966 0 
2 1 0 7.1307 0.110584 41.1474 -0.786315 -2.82487 -0.786315 -2.82487 3.3886 0 0.143751 0 
2 1 0 7.1357 0.110584 41.1474 -0.786527 -2.82489 -0.786527 -2.82489 3.39182 0 0.143538 0 
2 1 0 7.14069 0.110584 41.1474 -0.786738 -2.82491 -0.786738 -2.82491 3.39501 0 0.143326 0 
2 1 0 7.14569 0.110584 41.1474 -0.786949 -2.82493 -0.786949 -2.82493 3.39818 0 0.143117 0 
2 1 0 7.15068 0.110584 41.1474 -0.787159 -2.82496 -0.787159 -2.82496 3.40132 0 0.142908 0 
2 1 0 7.15568 0.110584 41.1474 -0.787369 -2.82498 -0.787369 -2.82498 3.40443 0 0.142701 0 
2 1 0 7.16068 0.110584 41.1474 -0.787579 -2.82501 -0.787579 -2.82501 3.40752 0 0.142496 0 
2 1 0 7.16567 0.110584 41.1474 -0.787789 -2.82504 -0.787789 -2.82504 3.41058 0 0.142292 0 
2 1 0 7.17067 0.110584 41.1474 -0.787998 -2.82508 -0.787998 -2.82508 3.41361 0 0.14209 0 
2 1 0 7.17566 0.110584 41.1474 -0.788207 -2.82512 -0.788207 -2.82512 3.41662 0 0.141889 0 
2 1 0 7.18066 0.110584 41.1474 -0.788415 -2.82515 -0.788415 -2.82515 3.41959 0 0.14169 0 
2 1 0 7.18565 0.110584 41.1474 -0.788623 -2.8252 -0.788623 -2.8252 3.42255 0 0.141492 0 
2 1 0 7.19065 0.110584 41.1474 -0.788831 -2.82524 -0.788831 -2.82524 3.42548 0 0.141295 0 
2 1 0 7.19564 0.110584 41.1474 -0.789039 -2.82529 -0.789039 -2.82529 3.42838 0 0.1411 0 
2 1 0 7.20064 0.110584 41.1474 -0.789246 -2.82534 -0.789246 -2.82534 3.43125 0 0.140907 0 
2 1 0 7.20564 0.110584 41.1474 -0.789452 -2.82539 -0.789452 -2.82539 3.4341 0 0.140714 0 
2 1 0 7.21063 0.110584 41.1474 -0.789659 -2.82544 -0.789659 -2.82544 3.43692 0 0.140524 0 
2 1 0 7.21563 0.110584 41.1474 -0.789865 -2.8255 -0.789865 -2.8255 3.43972 0 0.140334 0 
2 1 0 7.22062 0.110584 41.1474 -0.790071 -2.82556 -0.790071 -2.82556 3.44249 0 0.140147 0 
2 1 0 7.22562 0.110584 41.1474 -0.790277 -2.82562 -0.790277 -2.82562 3.44523 0 0.13996 0 
2 1 0 7.23061 0.110584 41.1474 -0.790482 -2.82569 -0.790482 -2.82569 3.44795 0 0.139775 0 
2 1 0 7.23561 0.110584 41.1474 -0.790687 -2.82575 -0.790687 -2.82575 3.45064 0 0.139591 0 
2 1 0 7.2406 0.110584 41.1474 -0.790891 -2.82582 -0.790891 -2.82582 3.45331 0 0.139409 0 
2 1 0 7.2456 0.110584 41.1474 -0.791095 -2.8259 -0.791095 -2.8259 3.45595 0 0.139228 0 
2 1 0 7.25059 0.110584 41.1474 -0.791299 -2.82597 -0.791299 -2.82597 3.45856 0 0.139048 0 
2 1 0 7.25559 0.110584 41.1474 -0.791503 -2.82605 -0.791503 -2.82605 3.46115 0 0.13887 0 
2 1 0 7.26058 0.110584 41.1474 -0.791706 -2.82613 -0.791706 -2.82613 3.46371 0 0.138693 0 
2 1 0 7.26558 0.110584 41.1474 -0.791909 -2.82621 -0.791909 -2.82621 3.46625 0 0.138517 0 
2 1 0 7.27057 0.110584 41.1474 -0.792112 -2.82629 -0.792112 -2.82629 3.46876 0 0.138342 0 
2 1 0 7.27557 0.110584 41.1474 -0.792314 -2.82638 -0.792314 -2.82638 3.47124 0 0.138169 0 
2 1 0 7.28056 0.110584 41.1474 -0.792516 -2.82647 -0.792516 -2.82647 3.4737 0 0.137997 0 
2 1 0 7.28556 0.110584 41.1474 -0.792718 -2.82656 -0.792718 -2.82656 3.47614 0 0.137827 0 
2 1 0 7.29055 0.110584 41.1474 -0.792919 -2.82666 -0.792919 -2.82666 3.47855 0 0.137658 0 
2 1 0 7.29555 0.110584 41.1474 -0.79312 -2.82675 -0.79312 -2.82675 3.48093 0 0.13749 0 
2 1 0 7.30054 0.110584 41.1474 -0.793321 -2.82685 -0.793321 -2.82685 3.48329 0 0.137323 0 
2 1 0 7.30554 0.110584 41.1474 -0.793521 -2.82695 -0.793521 -2.82695 3.48562 0 0.137158 0 
2 1 0 7.31053 0.110584 41.1474 -0.793721 -2.82706 -0.793721 -2.82706 3.48792 0 0.136993 0 
2 1 0 7.31553 0.110584 41.1474 -0.793921 -2.82716 -0.793921 -2.82716 3.49021 0 0.13683 0 
2 1 0 7.32052 0.110584 41.1474 -0.79412 -2.82727 -0.79412 -2.82727 3.49246 0 0.136669 0 
2 1 0 7.32552 0.110584 41.1474 -0.794319 -2.82739 -0.794319 -2.82739 3.49469 0 0.136508 0 
2 1 0 7.33051 0.110584 41.1474 -0.794518 -2.8275 -0.794518 -2.8275 3.4969 0 0.136349 0 
2 1 0 7.33551 0.110584 41.1474 -0.794717 -2.82762 -0.794717 -2.82762 3.49908 0 0.136191 0 
2 1 0 7.3405 0.110584 41.1474 -0.794915 -2.82774 -0.794915 -2.82774 3.50123 0 0.136034 0 
2 1 0 7.3455 0.110584 41.1474 -0.795113 -2.82786 -0.795113 -2.82786 3.50336 0 0.135878 0 
2 1 0 7.35049 0.110584 41.1474 -0.79531 -2.82798 -0.79531 -2.82798 3.50547 0 0.135723 0 
2 1 0 7.35549 0.110584 41.1474 -0.795508 -2.82811 -0.795508 -2.82811 3.50755 0 0.13557 0 
2 1 0 7.36048 0.110584 41.1474 -0.795705 -2.82824 -0.795705 -2.82824 3.5096 0 0.135418 0 
2 1 0 7.36548 0.110584 41.1474 -0.795901 -2.82837 -0.795901 -2.82837 3.51163 0 0.135267 0 
2 1 0 7.37047 0.110584 41.1474 -0.796098 -2.8285 -0.796098 -2.8285 3.51363 0 0.135117 0 
2 1 0 7.37546 0.110584 41.1474 -0.796294 -2.82864 -0.796294 -2.82864 3.51561 0 0.134969 0 
2 1 0 7.38046 0.110584 41.1474 -0.796489 -2.82878 -0.796489 -2.82878 3.51757 0 0.134821 0 
2 1 0 7.38545 0.110584 41.1474 -0.796685 -2.82892 -0.796685 -2.82892 3.5195 0 0.134675 0 
2 1 0 7.39045 0.110584 41.1474 -0.79688 -2.82906 -0.79688 -2.82906 3.5214 0 0.134529 0 
2 1 0 7.39544 0.110584 41.1474 -0.797075 -2.82921 -0.797075 -2.82921 3.52328 0 0.134385 0 
2 1 0 7.40044 0.110584 41.1474 -0.797269 -2.82936 -0.797269 -2.82936 3.52514 0 0.134242 0 
2 1 0 7.40543 0.110584 41.1474 -0.797463 -2.82951 -0.797463 -2.82951 3.52697 0 0.134101 0 
2 1 0 7.41042 0.110584 41.1474 -0.797657 -2.82966 -0.797657 -2.82966 3.52877 0 0.13396 0 
2 1 0 7.41542 0.110584 41.1474 -0.797851 -2.82982 -0.797851 -2.82982 3.53055 0 0.13382 0 
2 1 0 7.42041 0.110584 41.1474 -0.798044 -2.82998 -0.798044 -2.82998 3.53231 0 0.133682 0 
2 1 0 7.4254 0.110584 41.1474 -0.798237 -2.83014 -0.798237 -2.83014 3.53404 0 0.133544 0 
2 1 0 7.4304 0.110584 41.1474 -0.79843 -2.8303 -0.79843 -2.8303 3.53575 0 0.133408 0 
2 1 0 7.43539 0.110584 41.1474 -0.798622 -2.83047 -0.798622 -2.83047 3.53743 0 0.133273 0 
2 1 0 7.44038 0.110584 41.1474 -0.798814 -2.83064 -0.798814 -2.83064 3.53909 0 0.133138 0 
2 1 0 7.44538 0.110584 41.1474 -0.799006 -2.83081 -0.799006 -2.83081 3.54072 0 0.133005 0 
2 1 0 7.45037 0.110584 41.1474 -0.799197 -2.83098 -0.799197 -2.83098 3.54233 0 0.132873 0 
2 1 0 7.45536 0.110584 41.1474 -0.799389 -2.83116 -0.799389 -2.83116 3.54391 0 0.132742 0 
2 1 0 7.46036 0.110584 41.1474 -0.79958 -2.83134 -0.79958 -2.83134 3.54547 0 0.132612 0 
2 1 0 7.46535 0.110584 41.1474 -0.79977 -2.83152 -0.79977 -2.83152 3.54701 0 0.132484 0 
2 1 0 7.47034 0.110584 41.1474 -0.79996 -2.8317 -0.79996 -2.8317 3.54852 0 0.132356 0 
2 1 0 7.47534 0.110584 41.1474 -0.80015 -2.83189 -0.80015 -2.83189 3.55 0 0.132229 0 
2 1 0 7.48033 0.110584 41.1474 -0.80034 -2.83207 -0.80034 -2.83207 3.55147 0 0.132103 0 
2 1 0 7.48532 0.110584 41.1474 -0.80053 -2.83227 -0.80053 -2.83227 3.5529 0 0.131979 0 
2 1 0 7.49032 0.110584 41.1474 -0.800719 -2.83246 -0.800719 -2.83246 3.55432 0 0.131855 0 
2 1 0 7.49531 0.110584 41.1474 -0.800908 -2.83265 -0.800908 -2.83265 3.55571 0 0.131732 0 
2 1 0 7.5003 0.110584 41.1474 -0.801096 -2.83285 -0.801096 -2.83285 3.55707 0 0.131611 0 
2 1 0 7.50529 0.110584 41.1474 -0.801284 -2.83305 -0.801284 -2.83305 3.55841 0 0.13149 0 
2 1 0 7.51029 0.110584 41.1474 -0.801472 -2.83326 -0.801472 -2.83326 3.55973 0 0.13137 0 
2 1 0 7.51528 0.110584 41.1474 -0.80166 -2.83346 -0.80166 -2.83346 3.56102 0 0.131252 0 
2 1 0 7.52027 0.110584 41.1474 -0.801847 -2.83367 -0.801847 -2.83367 3.56229 0 0.131134 0 
2 1 0 7.52526 0.110584 41.1474 -0.802034 -2.83388 -0.802034 -2.83388 3.56353 0 0.131018 0 
2 1 0 7.53025 0.110584 41.1474 -0.802221 -2.8341 -0.802221 -2.8341 3.56475 0 0.130902 0 
2 1 0 7.53525 0.110584 41.1474 -0.802408 -2.83431 -0.802408 -2.83431 3.56595 0 0.130787 0 
2 1 0 7.54024 0.110584 41.1474 -0.802594 -2.83453 -0.802594 -2.83453 3.56712 0 0.130674 0 
2 1 0 7.54523 0.110584 41.1474 -0.80278 -2.83475 -0.80278 -2.83475 3.56827 0 0.130561 0 
2 1 0 7.55022 0.110584 41.1474 -0.802965 -2.83497 -0.802965 -2.83497 3.5694 0 0.13045 0 
2 1 0 7.55521 0.110584 41.1474 -0.803151 -2.8352 -0.803151 -2.8352 3.5705 0 0.130339 0 
2 1 0 7.5602 0.110584 41.1474 -0.803336 -2.83543 -0.803336 -2.83543 3.57157 0 0.130229 0 
2 1 0 7.56519 0.110584 41.1474 -0.803521 -2.83566 -0.803521 -2.83566 3.57263 0 0.13012 0 
2 1 0 7.57019 0.110584 41.1474 -0.803705 -2.83589 -0.803705 -2.83589 3.57365 0 0.130012 0 
2 1 0 7.57518 0.110584 41.1474 -0.803889 -2.83613 -0.803889 -2.83613 3.57466 0 0.129906 0 
2 1 0 7.58017 0.110584 41.1474 -0.804073 -2.83637 -0.804073 -2.83637 3.57564 0 0.1298 0 
2 1 0 7.58516 0.110584 41.1474 -0.804257 -2.83661 -0.804257 -2.83661 3.5766 0 0.129695 0 
2 1 0 7.59015 0.110584 41.1474 -0.80444 -2.83685 -0.80444 -2.83685 3.57753 0 0.129591 0 
2 1 0 7.59514 0.110584 41.1474 -0.804623 -2.8371 -0.804623 -2.8371 3.57844 0 0.129488 0 
2 1 0 7.60013 0.110584 41.1474 -0.804806 -2.83735 -0.804806 -2.83735 3.57933 0 0.129385 0 
2 1 0 7.60512 0.110584 41.1474 -0.804989 -2.8376 -0.804989 -2.8376 3.58019 0 0.129284 0 
2 1 0 7.61011 0.110584 41.1474 -0.805171 -2.83785 -0.805171 -2.83785 3.58103 0 0.129184 0 
2 1 0 7.6151 0.110584 41.1474 -0.805353 -2.83811 -0.805353 -2.83811 3.58184 0 0.129085 0 
2 1 0 7.62009 0.110584 41.1474 -0.805534 -2.83837 -0.805534 -2.83837 3.58263 0 0.128986 0 
2 1 0 7.62508 0.110584 41.1474 -0.805716 -2.83863 -0.805716 -2.83863 3.5834 0 0.128889 0 
2 1 0 7.63007 0.110584 41.1474 -0.805897 -2.83889 -0.805897 -2.83889 3.58415 0 0.128792 0 
2 1 0 7.63506 0.110584 41.1474 -0.806078 -2.83916 -0.806078 -2.83916 3.58487 0 0.128696 0 
2 1 0 7.64005 0.110584 41.1474 -0.806258 -2.83943 -0.806258 -2.83943 3.58556 0 0.128602 0 
2 1 0 7.64504 0.110584 41.1474 -0.806439 -2.8397 -0.806439 -2.8397 3.58624 0 0.128508 0 
2 1 0 7.65003 0.110584 41.1474 -0.806619 -2.83997 -0.806619 -2.83997 3.58689 0 0.128415 0 
2 1 0 7.65502 0.110584 41.1474 -0.806798 -2.84025 -0.806798 -2.84025 3.58751 0 0.128323 0 
2 1 0 7.66001 0.110584 41.1474 -0.806978 -2.84053 -0.806978 -2.84053 3.58812 0 0.128231 0 
2 1 0 7.665 0.110584 41.1474 -0.807157 -2.84081 -0.807157 -2.84081 3.5887 0 0.128141 0 
2 1 0 7.66998 0.110584 41.1474 -0.807336 -2.84109 -0.807336 -2.84109 3.58925 0 0.128052 0 
2 1 0 7.67497 0.110584 41.1474 -0.807514 -2.84138 -0.807514 -2.84138 3.58979 0 0.127963 0 
2 1 0 7.67996 0.110584 41.1474 -0.807693 -2.84167 -0.807693 -2.84167 3.5903 0 0.127876 0 
2 1 0 7.68495 0.110584 41.1474 -0.807871 -2.84196 -0.807871 -2.84196 3.59078 0 0.127789 0 
2 1 0 7.68994 0.110584 41.1474 -0.808049 -2.84225 -0.808049 -2.84225 3.59125 0 0.127703 0 
2 1 0 7.69493 0.110584 41.1474 -0.808226 -2.84255 -0.808226 -2.84255 3.59169 0 0.127618 0 
2 1 0 7.69991 0.110584 41.1474 -0.808404 -2.84285 -0.808404 -2.84285 3.5921 0 0.127534 0 
2 1 0 7.7049 0.110584 41.1474 -0.808581 -2.84315 -0.808581 -2.84315 3.59249 0 0.127451 0 
2 1 0 7.70989 0.110584 41.1474 -0.808757 -2.84346 -0.808757 -2.84346 3.59286 0 0.127368 0 
2 1 0 7.71488 0.110584 41.1474 -0.808934 -2.84377 -0.808934 -2.84377 3.59321 0 0.127287 0 
2 1 0 7.71986 0.110584 41.1474 -0.80911 -2.84408 -0.80911 -2.84408 3.59354 0 0.127206 0 
2 1 0 7.72485 0.110584 41.1474 -0.809286 -2.84439 -0.809286 -2.84439 3.59384 0 0.127126 0 
2 1 0 7.72984 0.110584 41.1474 -0.809462 -2.8447 -0.809462 -2.8447 3.59411 0 0.127048 0 
2 1 0 7.73482 0.110584 41.1474 -0.809637 -2.84502 -0.809637 -2.84502 3.59437 0 0.12697 0 
2 1 0 7.73981 0.110584 41.1474 -0.809812 -2.84534 -0.809812 -2.84534 3.5946 0 0.126892 0 
2 1 0 7.7448 0.110584 41.1474 -0.809987 -2.84566 -0.809987 -2.84566 3.5948 0 0.126816 0 
2 1 0 7.74978 0.110584 41.1474 -0.810162 -2.84599 -0.810162 -2.84599 3.59499 0 0.12674 0 
2 1 0 7.75477 0.110584 41.1474 -0.810336 -2.84632 -0.810336 -2.84632 3.59515 0 0.126666 0 
2 1 0 7.75976 0.110584 41.1474 -0.81051 -2.84665 -0.81051 -2.84665 3.59529 0 0.126592 0 
2 1 0 7.76474 0.110584 41.1474 -0.810684 -2.84698 -0.810684 -2.84698 3.5954 0 0.126519 0 
2 1 0 7.76973 0.110584 41.1474 -0.810857 -2.84732 -0.810857 -2.84732 3.5955 0 0.126447 0 
2 1 0 7.77471 0.110584 41.1474 -0.811031 -2.84766 -0.811031 -2.84766 3.59557 0 0.126376 0 
2 1 0 7.7797 0.110584 41.1474 -0.811204 -2.848 -0.811204 -2.848 3.59561 0 0.126305 0 
2 1 0 7.78468 0.110584 41.1474 -0.811376 -2.84834 -0.811376 -2.84834 3.59564 0 0.126236 0 
2 1 0 7.78967 0.110584 41.1474 -0.811549 -2.84869 -0.811549 -2.84869 3.59564 0 0.126167 0 
2 1 0 7.79465 0.110584 41.1474 -0.811721 -2.84904 -0.811721 -2.84904 3.59561 0 0.126099 0 
2 1 0 7.79964 0.110584 41.1474 -0.811893 -2.84939 -0.811893 -2.84939 3.59557 0 0.126032 0 
2 1 0 7.80462 0.110584 41.1474 -0.812065 -2.84975 -0.812065 -2.84975 3.5955 0 0.125965 0 
2 1 0 7.80961 0.110584 41.1474 -0.812236 -2.8501 -0.812236 -2.8501 3.59541 0 0.1259 0 
2 1 0 7.81459 0.110584 41.1474 -0.812407 -2.85046 -0.812407 -2.85046 3.59529 0 0.125835 0 
2 1 0 7.81957 0.110584 41.1474 -0.812578 -2.85083 -0.812578 -2.85083 3.59516 0 0.125772 0 
2 1 0 7.82456 0.110584 41.1474 -0.812749 -2.85119 -0.812749 -2.85119 3.595 0 0.125709 0 
2 1 0 7.82954 0.110584 41.1474 -0.812919 -2.85156 -0.812919 -2.85156 3.59481 0 0.125646 0 
2 1 0 7.83452 0.110584 41.1474 -0.81309 -2.85193 -0.81309 -2.85193 3.59461 0 0.125585 0 
2 1 0 7.83951 0.110584 41.1474 -0.81326 -2.8523 -0.81326 -2.8523 3.59438 0 0.125525 0 
2 1 0 7.84449 0.110584 41.1474 -0.813429 -2.85268 -0.813429 -2.85268 3.59413 0 0.125465 0 
2 1 0 7.84947 0.110584 41.1474 -0.813599 -2.85306 -0.813599 -2.85306 3.59385 0 0.125406 0 
2 1 0 7.85446 0.110584 41.1474 -0.813768 -2.85344 -0.813768 -2.85344 3.59356 0 0.125348 0 
2 1 0 7.85944 0.110584 41.1474 -0.813937 -2.85383 -0.813937 -2.85383 3.59324 0 0.12529 0 
2 1 0 7.86442 0.110584 41.1474 -0.814105 -2.85421 -0.814105 -2.85421 3.59289 0 0.125234 0 
2 1 0 7.8694 0.110584 41.1474 -0.814274 -2.8546 -0.814274 -2.8546 3.59253 0 0.125178 0 
2 1 0 7.87438 0.110584 41.1474 -0.814442 -2.85499 -0.814442 -2.85499 3.59214 0 0.125123 0 
2 1 0 7.87937 0.110584 41.1474 -0.81461 -2.85539 -0.81461 -2.85539 3.59173 0 0.125069 0 
2 1 0 7.88435 0.110584 41.1474 -0.814777 -2.85579 -0.814777 -2.85579 3.5913 0 0.125016 0 
2 1 0 7.88933 0.110584 41.1474 -0.814945 -2.85619 -0.814945 -2.85619 3.59084 0 0.124964 0 
2 1 0 7.89431 0.110584 41.1474 -0.815112 -2.85659 -0.815112 -2.85659 3.59036 0 0.124912 0 
2 1 0 7.89929 0.110584 41.1474 -0.815279 -2.857 -0.815279 -2.857 3.58986 0 0.124861 0 
2 1 0 7.90427 0.110584 41.1474 -0.815445 -2.85741 -0.815445 -2.85741 3.58933 0 0.124811 0 
2 1 0 7.90925 0.110584 41.1474 -0.815612 -2.85782 -0.815612 -2.85782 3.58879 0 0.124762 0 
2 1 0 7.91423 0.110584 41.1474 -0.815778 -2.85823 -0.815778 -2.85823 3.58822 0 0.124714 0 
2 1 0 7.91921 0.110584 41.1474 -0.815944 -2.85865 -0.815944 -2.85865 3.58763 0 0.124666 0 
2 1 0 7.92419 0.110584 41.1474 -0.816109 -2.85907 -0.816109 -2.85907 3.58701 0 0.124619 0 
2 1 0 7.92917 0.110584 41.1474 -0.816275 -2.85949 -0.816275 -2.85949 3.58637 0 0.124573 0 
2 1 0 7.93415 0.110584 41.1474 -0.81644 -2.85992 -0.81644 -2.85992 3.58571 0 0.124528 0 
2 1 0 7.93913 0.110584 41.1474 -0.816605 -2.86035 -0.816605 -2.86035 3.58503 0 0.124483 0 
2 1 0 7.94411 0.110584 41.1474 -0.81677 -2.86078 -0.81677 -2.86078 3.58432 0 0.12444 0 
2 1 0 7.94908 0.110584 41.1474 -0.816934 -2.86121 -0.816934 -2.86121 3.5836 0 0.124397 0 
2 1 0 7.95406 0.110584 41.1474 -0.817098 -2.86165 -0.817098 -2.86165 3.58285 0 0.124355 0 
2 1 0 7.95904 0.110584 41.1474 -0.817262 -2.86209 -0.817262 -2.86209 3.58207 0 0.124313 0 
2 1 0 7.96402 0.110584 41.1474 -0.817426 -2.86253 -0.817426 -2.86253 3.58128 0 0.124273 0 
2 1 0 7.969 0.110584 41.1474 -0.817589 -2.86298 -0.817589 -2.86298 3.58046 0 0.124233 0 
2 1 0 7.97397 0.110584 41.1474 -0.817752 -2.86343 -0.817752 -2.86343 3.57962 0 0.124194 0 
2 1 0 7.97895 0.110584 41.1474 -0.817915 -2.86388 -0.817915 -2.86388 3.57875 0 0.124156 0 
2 1 0 7.98393 0.110584 41.1474 -0.818078 -2.86433 -0.818078 -2.86433 3.57787 0 0.124119 0 
2 1 0 7.9889 0.110584 41.1474 -0.818241 -2.86479 -0.818241 -2.86479 3.57696 0 0.124082 0 
2 1 0 7.99388 0.110584 41.1474 -0.818403 -2.86525 -0.818403 -2.86525 3.57603 0 0.124047 0 
2 1 0 7.99885 0.110584 41.1474 -0.818565 -2.86571 -0.818565 -2.86571 3.57507 0 0.124012 0 
2 1 0 8.00383 0.110584 41.1474 -0.818727 -2.86617 -0.818727 -2.86617 3.5741 0 0.123978 0 
2 1 0 8.00881 0.110584 41.1474 -0.818888 -2.86664 -0.818888 -2.86664 3.5731 0 0.123944 0 
2 1 0 8.01378 0.110584 41.1474 -0.819049 -2.86711 -0.819049 -2.86711 3.57208 0 0.123912 0 
2 1 0 8.01876 0.110584 41.1474 -0.819211 -2.86759 -0.819211 -2.86759 3.57103 0 0.12388 0 
2 1 0 8.02373 0.110584 41.1474 -0.819371 -2.86806 -0.819371 -2.86806 3.56997 0 0.123849 0 
2 1 0 8.02871 0.110584 41.1474 -0.819532 -2.86854 -0.819532 -2.86854 3.56888 0 0.123819 0 
2 1 0 8.03368 0.110584 41.1474 -0.819692 -2.86903 -0.819692 -2.86903 3.56777 0 0.123789 0 
2 1 0 8.03865 0.110584 41.1474 -0.819852 -2.86951 -0.819852 -2.86951 3.56663 0 0.123761 0 
2 1 0 8.04363 0.110584 41.1474 -0.820012 -2.87 -0.820012 -2.87 3.56548 0 0.123733 0 
2 1 0 8.0486 0.110584 41.1474 -0.820172 -2.87049 -0.820172 -2.87049 3.5643 0 0.123706 0 
2 1 0 8.05357 0.110584 41.1474 -0.820331 -2.87099 -0.820331 -2.87099 3.56309 0 0.123679 0 
2 1 0 8.05855 0.110584 41.1474 -0.820491 -2.87148 -0.820491 -2.87148 3.56187 0 0.123654 0 
2 1 0 8.06352 0.110584 41.1474 -0.820649 -2.87198 -0.820649 -2.87198 3.56062 0 0.123629 0 
2 1 0 8.06849 0.110584 41.1474 -0.820808 -2.87249 -0.820808 -2.87249 3.55935 0 0.123605 0 
2 1 0 8.07346 0.110584 41.1474 -0.820967 -2.87299 -0.820967 -2.87299 3.55806 0 0.123582 0 
2 1 0 8.07843 0.110584 41.1474 -0.821125 -2.8735 -0.821125 -2.8735 3.55675 0 0.12356 0 
2 1 0 8.0834 0.110584 41.1474 -0.821283 -2.87401 -0.821283 -2.87401 3.55541 0 0.123538 0 
2 1 0 8.08838 0.110584 41.1474 -0.821441 -2.87453 -0.821441 -2.87453 3.55405 0 0.123518 0 
2 1 0 8.09335 0.110584 41.1474 -0.821598 -2.87505 -0.821598 -2.87505 3.55267 0 0.123498 0 
2 1 0 8.09832 0.110584 41.1474 -0.821756 -2.87557 -0.821756 -2.87557 3.55127 0 0.123479 0 
2 1 0 8.10329 0.110584 41.1474 -0.821913 -2.87609 -0.821913 -2.87609 3.54984 0 0.12346 0 
2 1 0 8.10826 0.110584 41.1474 -0.82207 -2.87662 -0.82207 -2.87662 3.54839 0 0.123443 0 
2 1 0 8.11322 0.110584 41.1474 -0.822226 -2.87715 -0.822226 -2.87715 3.54692 0 0.123426 0 
2 1 0 8.11819 0.110584 41.1474 -0.822383 -2.87768 -0.822383 -2.87768 3.54542 0 0.12341 0 
2 1 0 8.12316 0.110584 41.1474 -0.822539 -2.87822 -0.822539 -2.87822 3.54391 0 0.123395 0 
2 1 0 8.12813 0.110584 41.1474 -0.822695 -2.87876 -0.822695 -2.87876 3.54237 0 0.123381 0 
2 1 0 8.1331 0.110584 41.1474 -0.822851 -2.8793 -0.822851 -2.8793 3.5408 0 0.123367 0 
2 1 0 8.13807 0.110584 41.1474 -0.823006 -2.87985 -0.823006 -2.87985 3.53922 0 0.123355 0 
2 1 0 8.14303 0.110584 41.1474 -0.823162 -2.8804 -0.823162 -2.8804 3.53761 0 0.123343 0 
2 1 0 8.148 0.110584 41.1474 -0.823317 -2.88095 -0.823317 -2.88095 3.53598 0 0.123331 0 
2 1 0 8.15297 0.110584 41.1474 -0.823472 -2.8815 -0.823472 -2.8815 3.53433 0 0.123321 0 
2 1 0 8.15793 0.110584 41.1474 -0.823626 -2.88206 -0.823626 -2.88206 3.53265 0 0.123312 0 
2 1 0 8.1629 0.110584 41.1474 -0.823781 -2.88262 -0.823781 -2.88262 3.53096 0 0.123303 0 
2 1 0 8.16787 0.110584 41.1474 -0.823935 -2.88318 -0.823935 -2.88318 3.52924 0 0.123295 0 
2 1 0 8.17283 0.110584 41.1474 -0.824089 -2.88375 -0.824089 -2.88375 3.52749 0 0.123288 0 
2 1 0 8.1778 0.110584 41.1474 -0.824242 -2.88432 -0.824242 -2.88432 3.52573 0 0.123282 0 
2 1 0 8.18276 0.110584 41.1474 -0.824396 -2.88489 -0.824396 -2.88489 3.52394 0 0.123276 0 
2 1 0 8.18773 0.110584 41.1474 -0.824549 -2.88547 -0.824549 -2.88547 3.52213 0 0.123272 0 
2 1 0 8.19269 0.110584 41.1474 -0.824702 -2.88605 -0.824702 -2.88605 3.5203 0 0.123268 0 
2 1 0 8.19765 0.110584 41.1474 -0.824855 -2.88663 -0.824855 -2.88663 3.51844 0 0.123265 0 
2 1 0 8.20262 0.110584 41.1474 -0.825008 -2.88722 -0.825008 -2.88722 3.51656 0 0.123263 0 
2 1 0 8.20758 0.110584 41.1474 -0.82516 -2.88781 -0.82516 -2.88781 3.51466 0 0.123261 0 
2 1 0 8.21254 0.110584 41.1474 -0.825313 -2.8884 -0.825313 -2.8884 3.51273 0 0.123261 0 
2 1 0 8.2175 0.110584 41.1474 -0.825465 -2.889 -0.825465 -2.889 3.51079 0 0.123261 0 
2 1 0 8.22247 0.110584 41.1474 -0.825616 -2.8896 -0.825616 -2.8896 3.50882 0 0.123262 0 
2 1 0 8.22743 0.110584 41.1474 -0.825768 -2.8902 -0.825768 -2.8902 3.50683 0 0.123264 0 
2 1 0 8.23239 0.110584 41.1474 -0.825919 -2.8908 -0.825919 -2.8908 3.50481 0 0.123267 0 
2 1 0 8.23735 0.110584 41.1474 -0.826071 -2.89141 -0.826071 -2.89141 3.50277 0 0.12327 0 
2 1 0 8.24231 0.110584 41.1474 -0.826221 -2.89202 -0.826221 -2.89202 3.50071 0 0.123275 0 
2 1 0 8.24727 0.110584 41.1474 -0.826372 -2.89264 -0.826372 -2.89264 3.49863 0 0.12328 0 
2 1 0 8.25223 0.110584 41.1474 -0.826523 -2.89326 -0.826523 -2.89326 3.49652 0 0.123286 0 
2 1 0 8.25719 0.110584 41.1474 -0.826673 -2.89388 -0.826673 -2.89388 3.49439 0 0.123293 0 
2 1 0 8.26214 0.110584 41.1474 -0.826823 -2.8945 -0.826823 -2.8945 3.49224 0 0.123301 0 
2 1 0 8.2671 0.110584 41.1474 -0.826973 -2.89513 -0.826973 -2.89513 3.49006 0 0.123309 0 
2 1 0 8.27206 0.110584 41.1474 -0.827123 -2.89576 -0.827123 -2.89576 3.48787 0 0.123319 0 
2 1 0 8.27702 0.110584 41.1474 -0.827272 -2.8964 -0.827272 -2.8964 3.48565 0 0.123329 0 
2 1 0 8.28197 0.110584 41.1474 -0.827421 -2.89703 -0.827421 -2.89703 3.4834 0 0.12334 0 
2 1 0 8.28693 0.110584 41.1474 -0.82757 -2.89767 -0.82757 -2.89767 3.48114 0 0.123352 0 
2 1 0 8.29189 0.110584 41.1474 -0.827719 -2.89832 -0.827719 -2.89832 3.47885 0 0.123365 0 
2 1 0 8.29684 0.110584 41.1474 -0.827868 -2.89897 -0.827868 -2.89897 3.47653 0 0.123379 0 
2 1 0 8.3018 0.110584 41.1474 -0.828016 -2.89962 -0.828016 -2.89962 3.4742 0 0.123394 0 
2 1 0 8.30675 0.110584 41.1474 -0.828164 -2.90027 -0.828164 -2.90027 3.47184 0 0.123409 0 
2 1 0 8.31171 0.110584 41.1474 -0.828312 -2.90093 -0.828312 -2.90093 3.46946 0 0.123426 0 
2 1 0 8.31666 0.110584 41.1474 -0.82846 -2.90159 -0.82846 -2.90159 3.46705 0 0.123443 0 
2 1 0 8.32161 0.110584 41.1474 -0.828608 -2.90226 -0.828608 -2.90226 3.46462 0 0.123461 0 
2 1 0 8.32657 0.110584 41.1474 -0.828755 -2.90293 -0.828755 -2.90293 3.46217 0 0.12348 0 
2 1 0 8.33152 0.110584 41.1474 -0.828902 -2.9036 -0.828902 -2.9036 3.4597 0 0.1235 0 
2 1 0 8.33647 0.110584 41.1474 -0.829049 -2.90427 -0.829049 -2.90427 3.4572 0 0.123521 0 
2 1 0 8.34142 0.110584 41.1474 -0.829196 -2.90495 -0.829196 -2.90495 3.45468 0 0.123542 0 
2 1 0 8.34637 0.110584 41.1474 -0.829343 -2.90563 -0.829343 -2.90563 3.45214 0 0.123565 0 
2 1 0 8.35133 0.110584 41.1474 -0.829489 -2.90632 -0.829489 -2.90632 3.44957 0 0.123588 0 
2 1 0 8.35628 0.110584 41.1474 -0.829635 -2.90701 -0.829635 -2.90701 3.44698 0 0.123613 0 
2 1 0 8.36123 0.110584 41.1474 -0.829781 -2.9077 -0.829781 -2.9077 3.44437 0 0.123638 0 
2 1 0 8.36617 0.110584 41.1474 -0.829927 -2.9084 -0.829927 -2.9084 3.44173 0 0.123664 0 
2 1 0 8.37112 0.110584 41.1474 -0.830072 -2.90909 -0.830072 -2.90909 3.43907 0 0.123691 0 
2 1 0 8.37607 0.110584 41.1474 -0.830218 -2.9098 -0.830218 -2.9098 3.43638 0 0.123719 0 
2 1 0 8.38102 0.110584 41.1474 -0.830363 -2.9105 -0.830363 -2.9105 3.43368 0 0.123748 0 
2 1 0 8.38597 0.110584 41.1474 -0.830508 -2.91121 -0.830508 -2.91121 3.43095 0 0.123778 0 
2 1 0 8.39091 0.110584 41.1474 -0.830653 -2.91193 -0.830653 -2.91193 3.42819 0 0.123808 0 
2 1 0 8.39586 0.110584 41.1474 -0.830797 -2.91265 -0.830797 -2.91265 3.42541 0 0.12384 0 
2 1 0 8.4008 0.110584 41.1474 -0.830942 -2.91337 -0.830942 -2.91337 3.42261 0 0.123873 0 
2 1 0 8.40575 0.110584 41.1474 -0.831086 -2.91409 -0.831086 -2.91409 3.41979 0 0.123906 0 
2 1 0 8.41069 0.110584 41.1474 -0.83123 -2.91482 -0.83123 -2.91482 3.41694 0 0.123941 0 
2 1 0 8.41564 0.110584 41.1474 -0.831373 -2.91555 -0.831373 -2.91555 3.41406 0 0.123976 0 
2 1 0 8.42058 0.110584 41.1474 -0.831517 -2.91629 -0.831517 -2.91629 3.41117 0 0.124012 0 
2 1 0 8.42553 0.110584 41.1474 -0.83166 -2.91702 -0.83166 -2.91702 3.40825 0 0.12405 0 
2 1 0 8.43047 0.110584 41.1474 -0.831804 -2.91777 -0.831804 -2.91777 3.4053 0 0.124088 0 
2 1 0 8.43541 0.110584 41.1474 -0.831947 -2.91851 -0.831947 -2.91851 3.40234 0 0.124127 0 
2 1 0 8.44035 0.110584 41.1474 -0.832089 -2.91926 -0.832089 -2.91926 3.39934 0 0.124167 0 
2 1 0 8.44529 0.110584 41.1474 -0.832232 -2.92002 -0.832232 -2.92002 3.39633 0 0.124209 0 
2 1 0 8.45023 0.110584 41.1474 -0.832374 -2.92077 -0.832374 -2.92077 3.39329 0 0.124251 0 
2 1 0 8.45517 0.110584 41.1474 -0.832517 -2.92154 -0.832517 -2.92154 3.39023 0 0.124294 0 
2 1 0 8.46011 0.110584 41.1474 -0.832659 -2.9223 -0.832659 -2.9223 3.38714 0 0.124338 0 
2 1 0 8.46505 0.110584 41.1474 -0.8328 -2.92307 -0.8328 -2.92307 3.38403 0 0.124383 0 
2 1 0 8.46999 0.110584 41.1474 -0.832942 -2.92384 -0.832942 -2.92384 3.38089 0 0.12443 0 
2 1 0 8.47492 0.110584 41.1474 -0.833083 -2.92462 -0.833083 -2.92462 3.37773 0 0.124477 0 
2 1 0 8.47986 0.110584 41.1474 -0.833225 -2.9254 -0.833225 -2.9254 3.37455 0 0.124525 0 
2 1 0 8.4848 0.110584 41.1474 -0.833366 -2.92618 -0.833366 -2.92618 3.37134 0 0.124574 0 
2 1 0 8.48973 0.110584 41.1474 -0.833507 -2.92697 -0.833507 -2.92697 3.3681 0 0.124624 0 
2 1 0 8.49467 0.110584 41.1474 -0.833647 -2.92776 -0.833647 -2.92776 3.36485 0 0.124676 0 
2 1 0 8.4996 0.110584 41.1474 -0.833788 -2.92855 -0.833788 -2.92855 3.36156 0 0.124728 0 
2 1 0 8.50454 0.110584 41.1474 -0.833928 -2.92935 -0.833928 -2.92935 3.35826 0 0.124781 0 
2 1 0 8.50947 0.110584 41.1474 -0.834068 -2.93016 -0.834068 -2.93016 3.35493 0 0.124836 0 
2 1 0 8.5144 0.110584 41.1474 -0.834208 -2.93096 -0.834208 -2.93096 3.35157 0 0.124891 0 
2 1 0 8.51933 0.110584 41.1474 -0.834348 -2.93177 -0.834348 -2.93177 3.34819 0 0.124948 0 
2 1 0 8.52426 0.110584 41.1474 -0.834487 -2.93259 -0.834487 -2.93259 3.34478 0 0.125005 0 
2 1 0 8.5292 0.110584 41.1474 -0.834627 -2.93341 -0.834627 -2.93341 3.34135 0 0.125064 0 
2 1 0 8.53413 0.110584 41.1474 -0.834766 -2.93423 -0.834766 -2.93423 3.3379 0 0.125124 0 
2 1 0 8.53905 0.110584 41.1474 -0.834905 -2.93506 -0.834905 -2.93506 3.33442 0 0.125184 0 
2 1 0 8.54398 0.110584 41.1474 -0.835044 -2.93589 -0.835044 -2.93589 3.33091 0 0.125246 0 
2 1 0 8.54891 0.110584 41.1474 -0.835183 -2.93672 -0.835183 -2.93672 3.32738 0 0.12531 0 
2 1 0 8.55384 0.110584 41.1474 -0.835321 -2.93756 -0.835321 -2.93756 3.32383 0 0.125374 0 
2 1 0 8.55876 0.110584 41.1474 -0.835459 -2.9384 -0.835459 -2.9384 3.32025 0 0.125439 0 
2 1 0 8.56369 0.110584 41.1474 -0.835597 -2.93925 -0.835597 -2.93925 3.31664 0 0.125505 0 
2 1 0 8.56862 0.110584 41.1474 -0.835735 -2.9401 -0.835735 -2.9401 3.31301 0 0.125573 0 
2 1 0 8.57354 0.110584 41.1474 -0.835873 -2.94096 -0.835873 -2.94096 3.30936 0 0.125642 0 
2 1 0 8.57846 0.110584 41.1474 -0.83601 -2.94182 -0.83601 -2.94182 3.30567 0 0.125711 0 
2 1 0 8.58339 0.110584 41.1474 -0.836148 -2.94268 -0.836148 -2.94268 3.30197 0 0.125782 0 
2 1 0 8.58831 0.110584 41.1474 -0.836285 -2.94355 -0.836285 -2.94355 3.29823 0 0.125854 0 
2 1 0 8.59323 0.110584 41.1474 -0.836422 -2.94442 -0.836422 -2.94442 3.29448 0 0.125928 0 
2 1 0 8.59815 0.110584 41.1474 -0.836559 -2.94529 -0.836559 -2.94529 3.29069 0 0.126002 0 
2 1 0 8.60307 0.110584 41.1474 -0.836695 -2.94617 -0.836695 -2.94617 3.28688 0 0.126078 0 
2 1 0 8.60799 0.110584 41.1474 -0.836832 -2.94706 -0.836832 -2.94706 3.28305 0 0.126155 0 
2 1 0 8.61291 0.110584 41.1474 -0.836968 -2.94795 -0.836968 -2.94795 3.27918 0 0.126233 0 
2 1 0 8.61783 0.110584 41.1474 -0.837104 -2.94884 -0.837104 -2.94884 3.2753 0 0.126312 0 
2 1 0 8.62274 0.110584 41.1474 -0.83724 -2.94974 -0.83724 -2.94974 3.27138 0 0.126393 0 
2 1 0 8.62766 0.110584 41.1474 -0.837376 -2.95064 -0.837376 -2.95064 3.26744 0 0.126475 0 
2 1 0 8.63258 0.110584 41.1474 -0.837511 -2.95154 -0.837511 -2.95154 3.26348 0 0.126558 0 
2 1 0 8.63749 0.110584 41.1474 -0.837647 -2.95245 -0.837647 -2.95245 3.25948 0 0.126642 0 
2 1 0 8.6424 0.110584 41.1474 -0.837782 -2.95337 -0.837782 -2.95337 3.25546 0 0.126728 0 
2 1 0 8.64732 0.110584 41.1474 -0.837917 -2.95429 -0.837917 -2.95429 3.25142 0 0.126815 0 
2 1 0 8.65223 0.110584 41.1474 -0.838052 -2.95521 -0.838052 -2.95521 3.24734 0 0.126903 0 
2 1 0 8.65714 0.110584 41.1474 -0.838187 -2.95614 -0.838187 -2.95614 3.24324 0 0.126992 0 
2 1 0 8.66205 0.110584 41.1474 -0.838321 -2.95707 -0.838321 -2.95707 3.23912 0 0.127083 0 
2 1 0 8.66696 0.110584 41.1474 -0.838456 -2.95801 -0.838456 -2.95801 3.23496 0 0.127175 0 
2 1 0 8.67187 0.110584 41.1474 -0.83859 -2.95895 -0.83859 -2.95895 3.23078 0 0.127269 0 
2 1 0 8.67678 0.110584 41.1474 -0.838724 -2.95989 -0.838724 -2.95989 3.22658 0 0.127364 0 
2 1 0 8.68168 0.110584 41.1474 -0.838857 -2.96084 -0.838857 -2.96084 3.22234 0 0.12746 0 
2 1 0 8.68659 0.110584 41.1474 -0.838991 -2.9618 -0.838991 -2.9618 3.21808 0 0.127557 0 
2 1 0 8.6915 0.110584 41.1474 -0.839125 -2.96276 -0.839125 -2.96276 3.21379 0 0.127656 0 
2 1 0 8.6964 0.110584 41.1474 -0.839258 -2.96372 -0.839258 -2.96372 3.20947 0 0.127756 0 
2 1 0 8.7013 0.110584 41.1474 -0.839391 -2.96469 -0.839391 -2.96469 3.20513 0 0.127858 0 
2 1 0 8.70621 0.110584 41.1474 -0.839524 -2.96566 -0.839524 -2.96566 3.20076 0 0.127961 0 
2 1 0 8.71111 0.110584 41.1474 -0.839657 -2.96664 -0.839657 -2.96664 3.19636 0 0.128066 0 
2 1 0 8.71601 0.110584 41.1474 -0.839789 -2.96762 -0.839789 -2.96762 3.19193 0 0.128172 0 
2 1 0 8.72091 0.110584 41.1474 -0.839922 -2.96861 -0.839922 -2.96861 3.18747 0 0.128279 0 
2 1 0 8.72581 0.110584 41.1474 -0.840054 -2.9696 -0.840054 -2.9696 3.18299 0 0.128388 0 
2 1 0 8.73071 0.110584 41.1474 -0.840186 -2.97059 -0.840186 -2.97059 3.17847 0 0.128499 0 
2 1 0 8.7356 0.110584 41.1474 -0.840318 -2.9716 -0.840318 -2.9716 3.17393 0 0.128611 0 
2 1 0 8.7405 0.110584 41.1474 -0.84045 -2.9726 -0.84045 -2.9726 3.16936 0 0.128724 0 
2 1 0 8.74539 0.110584 41.1474 -0.840581 -2.97361 -0.840581 -2.97361 3.16476 0 0.128839 0 
2 1 0 8.75029 0.110584 41.1474 -0.840713 -2.97463 -0.840713 -2.97463 3.16013 0 0.128956 0 
2 1 0 8.75518 0.110584 41.1474 -0.840844 -2.97565 -0.840844 -2.97565 3.15548 0 0.129074 0 
2 1 0 8.76007 0.110584 41.1474 -0.840975 -2.97667 -0.840975 -2.97667 3.15079 0 0.129193 0 
2 1 0 8.76496 0.110584 41.1474 -0.841106 -2.97771 -0.841106 -2.97771 3.14608 0 0.129315 0 
2 1 0 8.76985 0.110584 41.1474 -0.841237 -2.97874 -0.841237 -2.97874 3.14133 0 0.129438 0 
2 1 0 8.77474 0.110584 41.1474 -0.841367 -2.97978 -0.841367 -2.97978 3.13656 0 0.129562 0 
2 1 0 8.77963 0.110584 41.1474 -0.841498 -2.98083 -0.841498 -2.98083 3.13175 0 0.129688 0 
2 1 0 8.78452 0.110584 41.1474 -0.841628 -2.98188 -0.841628 -2.98188 3.12692 0 0.129816 0 
2 1 0 8.7894 0.110584 41.1474 -0.841758 -2.98293 -0.841758 -2.98293 3.12206 0 0.129946 0 
2 1 0 8.79429 0.110584 41.1474 -0.841888 -2.98399 -0.841888 -2.98399 3.11716 0 0.130077 0 
2 1 0 8.79917 0.110584 41.1474 -0.842018 -2.98506 -0.842018 -2.98506 3.11224 0 0.13021 0 
2 1 0 8.80405 0.110584 41.1474 -0.842147 -2.98613 -0.842147 -2.98613 3.10728 0 0.130345 0 
2 1 0 8.80893 0.110584 41.1474 -0.842277 -2.98721 -0.842277 -2.98721 3.1023 0 0.130481 0 
2 1 0 8.81381 0.110584 41.1474 -0.842406 -2.98829 -0.842406 -2.98829 3.09728 0 0.130619 0 
2 1 0 8.81869 0.110584 41.1474 -0.842535 -2.98937 -0.842535 -2.98937 3.09224 0 0.130759 0 
2 1 0 8.82357 0.110584 41.1474 -0.842664 -2.99047 -0.842664 -2.99047 3.08716 0 0.130901 0 
2 1 0 8.82845 0.110584 41.1474 -0.842793 -2.99156 -0.842793 -2.99156 3.08205 0 0.131044 0 
2 1 0 8.83332 0.110584 41.1474 -0.842922 -2.99267 -0.842922 -2.99267 3.07691 0 0.13119 0 
2 1 0 8.8382 0.110584 41.1474 -0.84305 -2.99377 -0.84305 -2.99377 3.07174 0 0.131337 0 
2 1 0 8.84307 0.110584 41.1474 -0.843178 -2.99489 -0.843178 -2.99489 3.06653 0 0.131487 0 
2 1 0 8.84794 0.110584 41.1474 -0.843306 -2.99601 -0.843306 -2.99601 3.0613 0 0.131638 0 
2 1 0 8.85281 0.110584 41.1474 -0.843434 -2.99713 -0.843434 -2.99713 3.05603 0 0.131791 0 
2 1 0 8.85768 0.110584 41.1474 -0.843562 -2.99826 -0.843562 -2.99826 3.05073 0 0.131946 0 
2 1 0 8.86255 0.110584 41.1474 -0.84369 -2.9994 -0.84369 -2.9994 3.0454 0 0.132103 0 
2 1 0 8.86741 0.110584 41.1474 -0.843817 -3.00054 -0.843817 -3.00054 3.04003 0 0.132262 0 
2 1 0 8.87228 0.110584 41.1474 -0.843945 -3.00169 -0.843945 -3.00169 3.03463 0 0.132423 0 
2 1 0 8.87714 0.110584 41.1474 -0.844072 -3.00284 -0.844072 -3.00284 3.0292 0 0.132587 0 
2 1 0 8.882 0.110584 41.1474 -0.844199 -3.004 -0.844199 -3.004 3.02374 0 0.132752 0 
2 1 0 8.88687 0.110584 41.1474 -0.844325 -3.00516 -0.844325 -3.00516 3.01824 0 0.132919 0 
2 1 0 8.89172 0.110584 41.1474 -0.844452 -3.00633 -0.844452 -3.00633 3.0127 0 0.133089 0 
2 1 0 8.89658 0.110584 41.1474 -0.844579 -3.0075 -0.844579 -3.0075 3.00714 0 0.13326 0 
2 1 0 8.90144 0.110584 41.1474 -0.844705 -3.00869 -0.844705 -3.00869 3.00154 0 0.133434 0 
2 1 0 8.9063 0.110584 41.1474 -0.844831 -3.00987 -0.844831 -3.00987 2.9959 0 0.133611 0 
2 1 0 8.91115 0.110584 41.1474 -0.844957 -3.01107 -0.844957 -3.01107 2.99023 0 0.133789 0 
2 1 0 8.916 0.110584 41.1474 -0.845083 -3.01227 -0.845083 -3.01227 2.98453 0 0.13397 0 
2 1 0 8.92085 0.110584 41.1474 -0.845209 -3.01347 -0.845209 -3.01347 2.97879 0 0.134153 0 
2 1 0 8.9257 0.110584 41.1474 -0.845334 -3.01468 -0.845334 -3.01468 2.97301 0 0.134338 0 
2 1 0 8.93055 0.110584 41.1474 -0.845459 -3.0159 -0.845459 -3.0159 2.9672 0 0.134526 0 
2 1 0 8.9354 0.110584 41.1474 -0.845585 -3.01712 -0.845585 -3.01712 2.96136 0 0.134716 0 
2 1 0 8.94024 0.110584 41.1474 -0.84571 -3.01835 -0.84571 -3.01835 2.95548 0 0.134909 0 
2 1 0 8.94508 0.110584 41.1474 -0.845835 -3.01959 -0.845835 -3.01959 2.94956 0 0.135104 0 
2 1 0 8.94993 0.110584 41.1474 -0.845959 -3.02083 -0.845959 -3.02083 2.9436 0 0.135301 0 
2 1 0 8.95477 0.110584 41.1474 -0.846084 -3.02208 -0.846084 -3.02208 2.93761 0 0.135501 0 
2 1 0 8.9596 0.110584 41.1474 -0.846208 -3.02333 -0.846208 -3.02333 2.93158 0 0.135704 0 
2 1 0 8.96444 0.110584 41.1474 -0.846332 -3.02459 -0.846332 -3.02459 2.92551 0 0.13591 0 
2 1 0 8.96928 0.110584 41.1474 -0.846457 -3.02586 -0.846457 -3.02586 2.9194 0 0.136118 0 
2 1 0 8.97411 0.110584 41.1474 -0.84658 -3.02714 -0.84658 -3.02714 2.91326 0 0.136328 0 
2 1 0 8.97894 0.110584 41.1474 -0.846704 -3.02842 -0.846704 -3.02842 2.90708 0 0.136542 0 
2 1 0 8.98377 0.110584 41.1474 -0.846828 -3.02971 -0.846828 -3.02971 2.90086 0 0.136758 0 
2 1 0 8.9886 0.110584 41.1474 -0.846951 -3.031 -0.846951 -3.031 2.8946 0 0.136977 0 
2 1 0 8.99343 0.110584 41.1474 -0.847075 -3.0323 -0.847075 -3.0323 2.8883 0 0.137199 0 
2 1 0 8.99825 0.110584 41.1474 -0.847198 -3.03361 -0.847198 -3.03361 2.88196 0 0.137424 0 
2 1 0 9.00307 0.110584 41.1474 -0.847321 -3.03492 -0.847321 -3.03492 2.87558 0 0.137652 0 
2 1 0 9.00789 0.110584 41.1474 -0.847443 -3.03624 -0.847443 -3.03624 2.86916 0 0.137883 0 
2 1 0 9.01271 0.110584 41.1474 -0.847566 -3.03757 -0.847566 -3.03757 2.8627 0 0.138116 0 
2 1 0 9.01753 0.110584 41.1474 -0.847688 -3.03891 -0.847688 -3.03891 2.8562 0 0.138353 0 
2 1 0 9.02234 0.110584 41.1474 -0.847811 -3.04025 -0.847811 -3.04025 2.84966 0 0.138594 0 
2 1 0 9.02716 0.110584 41.1474 -0.847933 -3.0416 -0.847933 -3.0416 2.84307 0 0.138837 0 
2 1 0 9.03197 0.110584 41.1474 -0.848055 -3.04296 -0.848055 -3.04296 2.83645 0 0.139083 0 
2 1 0 9.03678 0.110584 41.1474 -0.848177 -3.04432 -0.848177 -3.04432 2.82978 0 0.139333 0 
2 1 0 9.04158 0.110584 41.1474 -0.848298 -3.04569 -0.848298 -3.04569 2.82307 0 0.139587 0 
2 1 0 9.04639 0.110584 41.1474 -0.84842 -3.04707 -0.84842 -3.04707 2.81631 0 0.139843 0 
2 1 0 9.05119 0.110584 41.1474 -0.848541 -3.04846 -0.848541 -3.04846 2.80951 0 0.140103 0 
2 1 0 9.05599 0.110584 41.1474 -0.848662 -3.04985 -0.848662 -3.04985 2.80267 0 0.140367 0 
2 1 0 9.06079 0.110584 41.1474 -0.848783 -3.05125 -0.848783 -3.05125 2.79578 0 0.140634 0 
2 1 0 9.06558 0.110584 41.1474 -0.848904 -3.05266 -0.848904 -3.05266 2.78884 0 0.140905 0 
2 1 0 9.07038 0.110584 41.1474 -0.849025 -3.05408 -0.849025 -3.05408 2.78187 0 0.14118 0 
2 1 0 9.07517 0.110584 41.1474 -0.849145 -3.0555 -0.849145 -3.0555 2.77484 0 0.141458 0 
2 1 0 9.07996 0.110584 41.1474 -0.849265 -3.05694 -0.849265 -3.05694 2.76777 0 0.14174 0 
2 1 0 9.08474 0.110584 41.1474 -0.849386 -3.05838 -0.849386 -3.05838 2.76065 0 0.142027 0 
2 1 0 9.08953 0.110584 41.1474 -0.849506 -3.05982 -0.849506 -3.05982 2.75348 0 0.142317 0 
2 1 0 9.09431 0.110584 41.1474 -0.849625 -3.06128 -0.849625 -3.06128 2.74627 0 0.142611 0 
2 1 0 9.09909 0.110584 41.1474 -0.849745 -3.06275 -0.849745 -3.06275 2.739 0 0.142909 0 
2 1 0 9.10387 0.110584 41.1474 -0.849865 -3.06422 -0.849865 -3.06422 2.73169 0 0.143212 0 
2 1 0 9.10864 0.110584 41.1474 -0.849984 -3.0657 -0.849984 -3.0657 2.72433 0 0.143519 0 
2 1 0 9.11341 0.110584 41.1474 -0.850103 -3.06719 -0.850103 -3.06719 2.71692 0 0.14383 0 
2 1 0 9.11818 0.110584 41.1474 -0.850222 -3.06869 -0.850222 -3.06869 2.70945 0 0.144146 0 
2 1 0 9.12295 0.110584 41.1474 -0.850341 -3.0702 -0.850341 -3.0702 2.70194 0 0.144466 0 
2 1 0 9.12771 0.110584 41.1474 -0.850459 -3.07171 -0.850459 -3.07171 2.69437 0 0.144791 0 
2 1 0 9.13247 0.110584 41.1474 -0.850578 -3.07324 -0.850578 -3.07324 2.68675 0 0.145121 0 
2 1 0 9.13723 0.110584 41.1474 -0.850696 -3.07477 -0.850696 -3.07477 2.67908 0 0.145456 0 
2 1 0 9.14198 0.110584 41.1474 -0.850814 -3.07631 -0.850814 -3.07631 2.67136 0 0.145795 0 
2 1 0 9.14673 0.110584 41.1474 -0.850932 -3.07786 -0.850932 -3.07786 2.66358 0 0.14614 0 
2 1 0 9.15148 0.110584 41.1474 -0.85105 -3.07942 -0.85105 -3.07942 2.65574 0 0.146489 0 
2 1 0 9.15623 0.110584 41.1474 -0.851168 -3.08099 -0.851168 -3.08099 2.64785 0 0.146844 0 
2 1 0 9.16097 0.110584 41.1474 -0.851285 -3.08257 -0.851285 -3.08257 2.6399 0 0.147205 0 
2 1 0 9.16571 0.110584 41.1474 -0.851402 -3.08416 -0.851402 -3.08416 2.63189 0 0.14757 0 
2 1 0 9.17045 0.110584 41.1474 -0.851519 -3.08576 -0.851519 -3.08576 2.62383 0 0.147941 0 
2 1 0 9.17518 0.110584 41.1474 -0.851636 -3.08737 -0.851636 -3.08737 2.6157 0 0.148318 0 
2 1 0 9.17991 0.110584 41.1474 -0.851753 -3.08899 -0.851753 -3.08899 2.60752 0 0.148701 0 
2 1 0 9.18463 0.110584 41.1474 -0.851869 -3.09061 -0.851869 -3.09061 2.59928 0 0.14909 0 
2 1 0 9.18936 0.110584 41.1474 -0.851985 -3.09225 -0.851985 -3.09225 2.59097 0 0.149485 0 
2 1 0 9.19408 0.110584 41.1474 -0.852102 -3.0939 -0.852102 -3.0939 2.58261 0 0.149886 0 
2 1 0 9.19879 0.110584 41.1474 -0.852218 -3.09556 -0.852218 -3.09556 2.57418 0 0.150293 0 
2 1 0 9.2035 0.110584 41.1474 -0.852333 -3.09723 -0.852333 -3.09723 2.56568 0 0.150707 0 
2 1 0 9.20821 0.110584 41.1474 -0.852449 -3.09891 -0.852449 -3.09891 2.55712 0 0.151128 0 
2 1 0 9.21292 0.110584 41.1474 -0.852564 -3.1006 -0.852564 -3.1006 2.5485 0 0.151556 0 
2 1 0 9.21762 0.110584 41.1474 -0.852679 -3.1023 -0.852679 -3.1023 2.5398 0 0.15199 0 
2 1 0 9.22231 0.110584 41.1474 -0.852794 -3.10401 -0.852794 -3.10401 2.53104 0 0.152432 0 
2 1 0 9.227 0.110584 41.1474 -0.852909 -3.10574 -0.852909 -3.10574 2.52221 0 0.152881 0 
2 1 0 9.23169 0.110584 41.1474 -0.853023 -3.10747 -0.853023 -3.10747 2.51331 0 0.153337 0 
2 1 0 9.23638 0.110584 41.1474 -0.853138 -3.10922 -0.853138 -3.10922 2.50434 0 0.153802 0 
2 1 0 9.24105 0.110584 41.1474 -0.853252 -3.11098 -0.853252 -3.11098 2.4953 0 0.154274 0 
2 1 0 9.24573 0.110584 41.1474 -0.853366 -3.11275 -0.853366 -3.11275 2.48618 0 0.154754 0 
2 1 0 9.2504 0.110584 41.1474 -0.85348 -3.11453 -0.85348 -3.11453 2.47699 0 0.155243 0 
2 1 0 9.25507 0.110584 41.1474 -0.853593 -3.11632 -0.853593 -3.11632 2.46772 0 0.15574 0 
2 1 0 9.25973 0.110584 41.1474 -0.853706 -3.11813 -0.853706 -3.11813 2.45837 0 0.156246 0 
2 1 0 9.26438 0.110584 41.1474 -0.853819 -3.11995 -0.853819 -3.11995 2.44895 0 0.156761 0 
2 1 0 9.26903 0.110584 41.1474 -0.853932 -3.12178 -0.853932 -3.12178 2.43944 0 0.157285 0 
2 1 0 9.27368 0.110584 41.1474 -0.854045 -3.12362 -0.854045 -3.12362 2.42985 0 0.157819 0 
2 1 0 9.27832 0.110584 41.1474 -0.854157 -3.12548 -0.854157 -3.12548 2.42018 0 0.158362 0 
2 1 0 9.28295 0.110584 41.1474 -0.854269 -3.12735 -0.854269 -3.12735 2.41043 0 0.158916 0 
2 1 0 9.28758 0.110584 41.1474 -0.854381 -3.12924 -0.854381 -3.12924 2.40059 0 0.15948 0 
2 1 0 9.29221 0.110584 41.1474 -0.854493 -3.13114 -0.854493 -3.13114 2.39066 0 0.160055 0 
2 1 0 9.29683 0.110584 41.1474 -0.854604 -3.13305 -0.854604 -3.13305 2.38064 0 0.16064 0 
2 1 0 9.30144 0.110584 41.1474 -0.854715 -3.13498 -0.854715 -3.13498 2.37053 0 0.161237 0 
2 1 0 9.30605 0.110584 41.1474 -0.854826 -3.13692 -0.854826 -3.13692 2.36032 0 0.161845 0 
2 1 0 9.31065 0.110584 41.1474 -0.854937 -3.13888 -0.854937 -3.13888 2.35002 0 0.162466 0 
2 1 0 9.31524 0.110584 41.1474 -0.855047 -3.14085 -0.855047 -3.14085 2.33963 0 0.163099 0 
2 1 0 9.31983 0.110584 41.1474 -0.855158 -3.14283 -0.855158 -3.14283 2.32913 0 0.163745 0 
2 1 0 9.32441 0.110584 41.1474 -0.855267 -3.14484 -0.855267 -3.14484 2.31853 0 0.164403 0 
2 1 0 9.32898 0.110584 41.1474 -0.855377 -3.14685 -0.855377 -3.14685 2.30783 0 0.165076 0 
2 1 0 9.33355 0.110584 41.1474 -0.855486 -3.14889 -0.855486 -3.14889 2.29702 0 0.165762 0 
2 1 0 9.3381 0.110584 41.1474 -0.855595 -3.15094 -0.855595 -3.15094 2.28611 0 0.166463 0 
2 1 0 9.34266 0.110584 41.1474 -0.855704 -3.15301 -0.855704 -3.15301 2.27508 0 0.167179 0 
2 1 0 9.3472 0.110584 41.1474 -0.855813 -3.15509 -0.855813 -3.15509 2.26394 0 0.167911 0 
2 1 0 9.35173 0.110584 41.1474 -0.855921 -3.15719 -0.855921 -3.15719 2.25268 0 0.168659 0 
2 1 0 9.35626 0.110584 41.1474 -0.856028 -3.15931 -0.856028 -3.15931 2.2413 0 0.169423 0 
2 1 0 9.36078 0.110584 41.1474 -0.856136 -3.16145 -0.856136 -3.16145 2.22981 0 0.170205 0 
2 1 0 9.36529 0.110584 41.1474 -0.856243 -3.16361 -0.856243 -3.16361 2.21818 0 0.171005 0 
2 1 0 9.36979 0.110584 41.1474 -0.85635 -3.16579 -0.85635 -3.16579 2.20643 0 0.171823 0 
2 1 0 9.37428 0.110584 41.1474 -0.856456 -3.16798 -0.856456 -3.16798 2.19455 0 0.17266 0 
2 1 0 9.37876 0.110584 41.1474 -0.856562 -3.1702 -0.856562 -3.1702 2.18253 0 0.173518 0 
2 1 0 9.38323 0.110584 41.1474 -0.856668 -3.17243 -0.856668 -3.17243 2.17038 0 0.174396 0 
2 1 0 9.38769 0.110584 41.1474 -0.856774 -3.17469 -0.856774 -3.17469 2.15808 0 0.175296 0 
2 1 0 9.39214 0.110584 41.1474 -0.856879 -3.17697 -0.856879 -3.17697 2.14563 0 0.176219 0 
2 1 0 9.39658 0.110584 41.1474 -0.856983 -3.17927 -0.856983 -3.17927 2.13303 0 0.177165 0 
2 1 0 9.40101 0.110584 41.1474 -0.857087 -3.18159 -0.857087 -3.18159 2.12028 0 0.178136 0 
2 1 0 9.40542 0.110584 41.1474 -0.857191 -3.18393 -0.857191 -3.18393 2.10737 0 0.179133 0 
2 1 0 9.40983 0.110584 41.1474 -0.857294 -3.1863 -0.857294 -3.1863 2.09429 0 0.180156 0 
2 1 0 9.41422 0.110584 41.1474 -0.857397 -3.18869 -0.857397 -3.18869 2.08105 0 0.181207 0 
2 1 0 9.41859 0.110584 41.1474 -0.8575 -3.19111 -0.8575 -3.19111 2.06762 0 0.182287 0 
2 1 0 9.42295 0.110584 41.1474 -0.857601 -3.19355 -0.857601 -3.19355 2.05402 0 0.183398 0 
2 1 0 9.4273 0.110584 41.1474 -0.857703 -3.19602 -0.857703 -3.19602 2.04023 0 0.18454 0 
2 1 0 9.43163 0.110584 41.1474 -0.857804 -3.19852 -0.857804 -3.19852 2.02625 0 0.185717 0 
2 1 0 9.43595 0.110584 41.1474 -0.857904 -3.20104 -0.857904 -3.20104 2.01207 0 0.186929 0 
2 1 0 9.44024 0.110584 41.1474 -0.858004 -3.20359 -0.858004 -3.20359 1.99768 0 0.188177 0 
2 1 0 9.44453 0.110584 41.1474 -0.858103 -3.20617 -0.858103 -3.20617 1.98307 0 0.189465 0 
2 1 0 9.44879 0.110584 41.1474 -0.858202 -3.20879 -0.858202 -3.20879 1.96824 0 0.190794 0 
2 1 0 9.45303 0.110584 41.1474 -0.858299 -3.21143 -0.858299 -3.21143 1.95318 0 0.192166 0 
2 1 0 9.45726 0.110584 41.1474 -0.858397 -3.2141 -0.858397 -3.2141 1.93788 0 0.193584 0 
2 1 0 9.46146 0.110584 41.1474 -0.858493 -3.21681 -0.858493 -3.21681 1.92234 0 0.19505 0 
2 1 0 9.46564 0.110584 41.1474 -0.858589 -3.21955 -0.858589 -3.21955 1.90653 0 0.196568 0 
2 1 0 9.46979 0.110584 41.1474 -0.858684 -3.22233 -0.858684 -3.22233 1.89045 0 0.198139 0 
2 1 0 9.47393 0.110584 41.1474 -0.858778 -3.22515 -0.858778 -3.22515 1.87409 0 0.199769 0 
2 1 0 9.47803 0.110584 41.1474 -0.858872 -3.228 -0.858872 -3.228 1.85743 0 0.201459 0 
2 1 0 9.48211 0.110584 41.1474 -0.858964 -3.23089 -0.858964 -3.23089 1.84047 0 0.203215 0 
2 1 0 9.48616 0.110584 41.1474 -0.859056 -3.23382 -0.859056 -3.23382 1.82318 0 0.205041 0 
2 1 0 9.49017 0.110584 41.1474 -0.859146 -3.2368 -0.859146 -3.2368 1.80555 0 0.20694 0 
2 1 0 9.49416 0.110584 41.1474 -0.859236 -3.23982 -0.859236 -3.23982 1.78757 0 0.20892 0 
2 1 0 9.49811 0.110584 41.1474 -0.859324 -3.24288 -0.859324 -3.24288 1.76922 0 0.210985 0 
2 1 0 9.50202 0.110584 41.1474 -0.859411 -3.246 -0.859411 -3.246 1.75048 0 0.213141 0 
2 1 0 9.50589 0.110584 41.1474 -0.859497 -3.24916 -0.859497 -3.24916 1.73132 0 0.215397 0 
2 1 0 9.50972 0.110584 41.1474 -0.859582 -3.25238 -0.859582 -3.25238 1.71173 0 0.217759 0 
2 1 0 9.5135 0.110584 41.1474 -0.859665 -3.25565 -0.859665 -3.25565 1.69168 0 0.220237 0 
2 1 0 9.51723 0.110584 41.1474 -0.859747 -3.25897 -0.859747 -3.25897 1.67115 0 0.222841 0 
2 1 0 9.52091 0.110584 41.1474 -0.859826 -3.26236 -0.859826 -3.26236 1.6501 0 0.225581 0 
2 1 0 9.52453 0.110584 41.1474 -0.859905 -3.2658 -0.859905 -3.2658 1.6285 0 0.22847 0 
2 1 0 9.52809 0.110584 41.1474 -0.859981 -3.26931 -0.859981 -3.26931 1.60632 0 0.231522 0 
2 1 0 9.53158 0.110584 41.1474 -0.860055 -3.27289 -0.860055 -3.27289 1.58353 0 0.234752 0 
2 1 0 9.535 0.110584 41.1474 -0.860127 -3.27654 -0.860127 -3.27654 1.56007 0 0.23818 0 
2 1 0 9.53834 0.110584 41.1474 -0.860196 -3.28026 -0.860196 -3.28026 1.53591 0 0.241826 0 
2 1 0 9.54159 0.110584 41.1474 -0.860263 -3.28406 -0.860263 -3.28406 1.51099 0 0.245713 0 
2 1 0 9.54474 0.110584 41.1474 -0.860326 -3.28794 -0.860326 -3.28794 1.48527 0 0.249869 0 
2 1 0 9.54779 0.110584 41.1474 -0.860387 -3.29191 -0.860387 -3.29191 1.45867 0 0.254327 0 
2 1 0 9.55072 0.110584 41.1474 -0.860444 -3.29596 -0.860444 -3.29596 1.43114 0 0.259122 0 
2 1 0 9.55352 0.110584 41.1474 -0.860497 -3.3001 -0.860497 -3.3001 1.4026 0 0.264299 0 
2 1 0 9.55617 0.110584 41.1474 -0.860546 -3.30434 -0.860546 -3.30434 1.37298 0 0.269909 0 
2 1 0 9.55867 0.110584 41.1474 -0.86059 -3.30867 -0.86059 -3.30867 1.34219 0 0.276012 0 
2 1 0 9.56099 0.110584 41.1474 -0.860629 -3.3131 -0.860629 -3.3131 1.31012 0 0.28268 0 
2 1 0 9.56312 0.110584 41.1474 -0.860662 -3.31762 -0.860662 -3.31762 1.27669 0 0.29 0 
2 1 0 9.56503 0.110584 41.1474 -0.860689 -3.32224 -0.860689 -3.32224 1.24178 0 0.298077 0 
2 1 0 9.5667 0.110584 41.1474 -0.860709 -3.32695 -0.860709 -3.32695 1.20526 0 0.307038 0 
2 1 0 9.56811 0.110584 41.1474 -0.860721 -3.33175 -0.860721 -3.33175 1.16699 0 0.317042 0 
2 1 0 9.56923 0.110584 41.1474 -0.860726 -3.33662 -0.860726 -3.33662 1.12682 0 0.32829 0 
2 1 0 9.57004 0.110584 41.1474 -0.860721 -3.34156 -0.860721 -3.34156 1.08454 0 0.341042 0 
2 1 0 9.57051 0.110584 41.1474 -0.860707 -3.34654 -0.860707 -3.34654 1.0399 0 0.355648 0 
1 1 0 9.57064 0.110584 41.1474 -0.860688 -3.35077 -0.860688 -3.35077 1 0 0.369822 0 
1 1 0 9.57046 0.110584 41.1474 -0.860656 -3.35576 -0.860656 -3.35576 0.949821 0 0.389354 0 
1 1 0 9.56991 0.110584 41.1474 -0.860614 -3.36073 -0.860614 -3.36073 0.895357 0 0.413049 0 
1 1 0 9.56899 0.110584 41.1474 -0.860562 -3.36565 -0.860562 -3.36565 0.834455 0 0.443227 0 
1 1 0 9.56771 0.110584 41.1474 -0.8605 -3.37048 -0.8605 -3.37048 0.761274 0 0.485889 0 
1 1 0 9.56609 0.110584 41.1474 -0.86043 -3.37521 -0.86043 -3.37521 0.626406 0 0.590595 0 
1 1 0 9.56414 0.110584 28.5861 -0.860351 -3.37981 -0.860351 -3.37981 0.593661 0.132628 0.593661 -0.132628 
1 1 0 9.5619 0.110584 20.1804 -0.860264 -3.38428 -0.860264 -3.38428 0.579116 0.186369 0.579116 -0.186369 
1 1 0 9.55938 0.110584 16.5081 -0.86017 -3.3886 -0.86017 -3.3886 0.564904 0.226031 0.564904 -0.226031 
1 1 0 9.55662 0.110584 14.3399 -0.860071 -3.39277 -0.860071 -3.39277 0.551049 0.258186 0.551049 -0.258186 
1 1 0 9.55364 0.110584 12.8733 -0.859965 -3.39678 -0.859965 -3.39678 0.537565 0.285406 0.537565 -0.285406 
1 1 0 9.55046 0.110584 11.7999 -0.859855 -3.40064 -0.859855 -3.40064 0.524459 0.309037 0.524459 -0.309037 
1 1 0 9.54711 0.110584 10.9727 -0.859741 -3.40435 -0.859741 -3.40435 0.511727 0.329897 0.511727 -0.329897 
1 1 0 9.54361 0.110584 10.3112 -0.859622 -3.40791 -0.859622 -3.40791 0.499362 0.348534 0.499362 -0.348534 
1 1 0 9.53997 0.110584 9.76758 -0.859501 -3.41134 -0.859501 -3.41134 0.487355 0.365339 0.487355 -0.365339 
1 1 0 9.53621 0.110584 9.31106 -0.859376 -3.41463 -0.859376 -3.41463 0.47569 0.380606 0.47569 -0.380606 
1 1 0 9.53234 0.110584 8.92101 -0.859249 -3.4178 -0.859249 -3.4178 0.464355 0.394557 0.464355 -0.394557 
1 1 0 9.52838 0.110584 8.583 -0.85912 -3.42085 -0.85912 -3.42085 0.453334 0.407374 0.453334 -0.407374 
1 1 0 9.52433 0.110584 8.28658 -0.858989 -3.42379 -0.858989 -3.42379 0.442613 0.419199 0.442613 -0.419199 
1 1 0 9.52021 0.110584 8.02398 -0.858856 -3.42662 -0.858856 -3.42662 0.432175 0.430151 0.432175 -0.430151 
1 1 0 9.51603 0.110584 7.78931 -0.858721 -3.42934 -0.858721 -3.42934 0.422007 0.440329 0.422007 -0.440329 
1 1 0 9.51178 0.110584 7.578 -0.858585 -3.43197 -0.858585 -3.43197 0.412096 0.449817 0.412096 -0.449817 
1 1 0 9.50747 0.110584 7.38645 -0.858447 -3.43452 -0.858447 -3.43452 0.402427 0.458684 0.402427 -0.458684 
1 1 0 9.50312 0.110584 7.21178 -0.858309 -3.43697 -0.858309 -3.43697 0.392989 0.466992 0.392989 -0.466992 
1 1 0 9.49872 0.110584 7.05166 -0.858169 -3.43935 -0.858169 -3.43935 0.383769 0.474793 0.383769 -0.474793 
1 1 0 9.49428 0.110584 6.90418 -0.858028 -3.44164 -0.858028 -3.44164 0.374758 0.482132 0.374758 -0.482132 
1 1 0 9.48981 0.110584 6.76776 -0.857887 -3.44387 -0.857887 -3.44387 0.365944 0.489049 0.365944 -0.489049 
1 1 0 9.4853 0.110584 6.64109 -0.857744 -3.44602 -0.857744 -3.44602 0.357318 0.495579 0.357318 -0.495579 
1 1 0 9.48076 0.110584 6.52305 -0.857601 -3.44811 -0.857601 -3.44811 0.348871 0.501753 0.348871 -0.501753 
1 1 0 9.47619 0.110584 6.4127 -0.857457 -3.45014 -0.857457 -3.45014 0.340596 0.507598 0.340596 -0.507598 
1 1 0 9.4716 0.110584 6.30923 -0.857313 -3.45211 -0.857313 -3.45211 0.332483 0.51314 0.332483 -0.51314 
1 1 0 9.46698 0.110584 6.21195 -0.857167 -3.45402 -0.857167 -3.45402 0.324525 0.518399 0.324525 -0.518399 
1 1 0 9.46234 0.110584 6.12026 -0.857022 -3.45588 -0.857022 -3.45588 0.316717 0.523395 0.316717 -0.523395 
1 1 0 9.45768 0.110584 6.03364 -0.856876 -3.45768 -0.856876 -3.45768 0.30905 0.528146 0.30905 -0.528146 
1 1 0 9.453 0.110584 5.95162 -0.856729 -3.45943 -0.856729 -3.45943 0.30152 0.532669 0.30152 -0.532669 
1 1 0 9.4483 0.110584 5.87382 -0.856582 -3.46114 -0.856582 -3.46114 0.294121 0.536977 0.294121 -0.536977 
1 1 0 9.44358 0.110584 5.79987 -0.856434 -3.4628 -0.856434 -3.4628 0.286848 0.541084 0.286848 -0.541084 
1 1 0 9.43885 0.110584 5.72946 -0.856286 -3.46442 -0.856286 -3.46442 0.279695 0.545002 0.279695 -0.545002 
1 1 0 9.43411 0.110584 5.66231 -0.856137 -3.46599 -0.856137 -3.46599 0.272658 0.548742 0.272658 -0.548742 
1 1 0 9.42935 0.110584 5.59818 -0.855988 -3.46752 -0.855988 -3.46752 0.265732 0.552314 0.265732 -0.552314 
1 1 0 9.42459 0.110584 5.53683 -0.855839 -3.46902 -0.855839 -3.46902 0.258914 0.555728 0.258914 -0.555728 
1 1 0 9.4198 0.110584 5.47807 -0.85569 -3.47047 -0.85569 -3.47047 0.252199 0.558991 0.252199 -0.558991 
1 1 0 9.41501 0.110584 5.42171 -0.85554 -3.47189 -0.85554 -3.47189 0.245584 0.562112 0.245584 -0.562112 
1 1 0 9.41021 0.110584 5.36759 -0.855389 -3.47328 -0.855389 -3.47328 0.239065 0.565099 0.239065 -0.565099 
1 1 0 9.4054 0.110584 5.31557 -0.855239 -3.47463 -0.855239 -3.47463 0.23264 0.567957 0.23264 -0.567957 
1 1 0 9.40058 0.110584 5.26551 -0.855088 -3.47595 -0.855088 -3.47595 0.226305 0.570693 0.226305 -0.570693 
1 1 0 9.39575 0.110584 5.21727 -0.854937 -3.47723 -0.854937 -3.47723 0.220056 0.573314 0.220056 -0.573314 
1 1 0 9.39091 0.110584 5.17076 -0.854786 -3.47849 -0.854786 -3.47849 0.213892 0.575823 0.213892 -0.575823 
1 1 0 9.38607 0.110584 5.12587 -0.854634 -3.47972 -0.854634 -3.47972 0.20781 0.578228 0.20781 -0.578228 
1 1 0 9.38121 0.110584 5.0825 -0.854482 -3.48091 -0.854482 -3.48091 0.201807 0.580531 0.201807 -0.580531 
1 1 0 9.37636 0.110584 5.04057 -0.85433 -3.48208 -0.85433 -3.48208 0.195881 0.582738 0.195881 -0.582738 
1 1 0 9.37149 0.110584 4.99999 -0.854177 -3.48323 -0.854177 -3.48323 0.190029 0.584853 0.190029 -0.584853 
1 1 0 9.36662 0.110584 4.9607 -0.854025 -3.48434 -0.854025 -3.48434 0.18425 0.58688 0.18425 -0.58688 
1 1 0 9.36174 0.110584 4.92262 -0.853872 -3.48543 -0.853872 -3.48543 0.178541 0.588822 0.178541 -0.588822 
1 1 0 9.35686 0.110584 4.88569 -0.853719 -3.4865 -0.853719 -3.4865 0.1729 0.590682 0.1729 -0.590682 
1 1 0 9.35197 0.110584 4.84985 -0.853565 -3.48754 -0.853565 -3.48754 0.167326 0.592465 0.167326 -0.592465 
1 1 0 9.34708 0.110584 4.81505 -0.853412 -3.48856 -0.853412 -3.48856 0.161817 0.594173 0.161817 -0.594173 
1 1 0 9.34218 0.110584 4.78124 -0.853258 -3.48955 -0.853258 -3.48955 0.15637 0.595809 0.15637 -0.595809 
1 1 0 9.33728 0.110584 4.74836 -0.853104 -3.49052 -0.853104 -3.49052 0.150986 0.597375 0.150986 -0.597375 
1 1 0 9.33237 0.110584 4.71638 -0.85295 -3.49147 -0.85295 -3.49147 0.145661 0.598874 0.145661 -0.598874 
1 1 0 9.32746 0.110584 4.68525 -0.852796 -3.4924 -0.852796 -3.4924 0.140394 0.60031 0.140394 -0.60031 
1 1 0 9.32255 0.110584 4.65494 -0.852641 -3.49331 -0.852641 -3.49331 0.135184 0.601682 0.135184 -0.601682 
1 1 0 9.31763 0.110584 4.6254 -0.852487 -3.4942 -0.852487 -3.4942 0.13003 0.602995 0.13003 -0.602995 
1 1 0 9.31271 0.110584 4.59661 -0.852332 -3.49507 -0.852332 -3.49507 0.12493 0.604251 0.12493 -0.604251 
1 1 0 9.30778 0.110584 4.56853 -0.852177 -3.49592 -0.852177 -3.49592 0.119883 0.605451 0.119883 -0.605451 
1 1 0 9.30285 0.110584 4.54114 -0.852021 -3.49675 -0.852021 -3.49675 0.114888 0.606596 0.114888 -0.606596 
1 1 0 9.29792 0.110584 4.51439 -0.851866 -3.49756 -0.851866 -3.49756 0.109944 0.60769 0.109944 -0.60769 
1 1 0 9.29299 0.110584 4.48828 -0.85171 -3.49836 -0.85171 -3.49836 0.105049 0.608733 0.105049 -0.608733 
1 1 0 9.28805 0.110584 4.46276 -0.851554 -3.49914 -0.851554 -3.49914 0.100202 0.609727 0.100202 -0.609727 
1 1 0 9.28311 0.110584 4.43783 -0.851398 -3.4999 -0.851398 -3.4999 0.0954033 0.610674 0.0954033 -0.610674 
1 1 0 9.27817 0.110584 4.41346 -0.851242 -3.50064 -0.851242 -3.50064 0.0906505 0.611575 0.0906505 -0.611575 
1 1 0 9.27323 0.110584 4.38961 -0.851086 -3.50137 -0.851086 -3.50137 0.0859432 0.612432 0.0859432 -0.612432 
1 1 0 9.26828 0.110584 4.36629 -0.85093 -3.50208 -0.85093 -3.50208 0.0812806 0.613245 0.0812806 -0.613245 
1 1 0 9.26333 0.110584 4.34346 -0.850773 -3.50277 -0.850773 -3.50277 0.0766615 0.614017 0.0766615 -0.614017 
1 1 0 9.25838 0.110584 4.3211 -0.850616 -3.50345 -0.850616 -3.50345 0.0720853 0.614748 0.0720853 -0.614748 
1 1 0 9.25343 0.110584 4.29921 -0.850459 -3.50412 -0.850459 -3.50412 0.067551 0.61544 0.067551 -0.61544 
1 1 0 9.24847 0.110584 4.27777 -0.850302 -3.50477 -0.850302 -3.50477 0.0630579 0.616094 0.0630579 -0.616094 
1 1 0 9.24352 0.110584 4.25675 -0.850145 -3.5054 -0.850145 -3.5054 0.0586052 0.616711 0.0586052 -0.616711 
1 1 0 9.23856 0.110584 4.23615 -0.849987 -3.50602 -0.849987 -3.50602 0.0541918 0.617292 0.0541918 -0.617292 
1 1 0 9.2336 0.110584 4.21595 -0.84983 -3.50663 -0.84983 -3.50663 0.0498178 0.617837 0.0498178 -0.617837 
1 1 0 9.22863 0.110584 4.19613 -0.849672 -3.50722 -0.849672 -3.50722 0.0454817 0.618349 0.0454817 -0.618349 
1 1 0 9.22367 0.110584 4.1767 -0.849514 -3.5078 -0.849514 -3.5078 0.0411833 0.618827 0.0411833 -0.618827 
1 1 0 9.2187 0.110584 4.15762 -0.849356 -3.50837 -0.849356 -3.50837 0.0369218 0.619274 0.0369218 -0.619274 
1 1 0 9.21374 0.110584 4.1389 -0.849198 -3.50892 -0.849198 -3.50892 0.0326964 0.619688 0.0326964 -0.619688 
1 1 0 9.20877 0.110584 4.12051 -0.84904 -3.50946 -0.84904 -3.50946 0.0285068 0.620073 0.0285068 -0.620073 
1 1 0 9.2038 0.110584 4.10246 -0.848881 -3.50999 -0.848881 -3.50999 0.0243522 0.620427 0.0243522 -0.620427 
1 1 0 9.19883 0.110584 4.08472 -0.848722 -3.5105 -0.848722 -3.5105 0.0202321 0.620752 0.0202321 -0.620752 
1 1 0 9.19386 0.110584 4.0673 -0.848564 -3.511 -0.848564 -3.511 0.0161459 0.62105 0.0161459 -0.62105 
1 1 0 9.18888 0.110584 4.05018 -0.848405 -3.5115 -0.848405 -3.5115 0.0120931 0.621319 0.0120931 -0.621319 
1 1 0 9.18391 0.110584 4.03335 -0.848246 -3.51197 -0.848246 -3.51197 0.00807326 0.621563 0.00807326 -0.621563 
1 1 0 9.17893 0.110584 4.0168 -0.848086 -3.51244 -0.848086 -3.51244 0.00408546 0.621779 0.00408546 -0.621779 
1 1 0 9.17396 0.110584 4.00053 -0.847927 -3.5129 -0.847927 -3.5129 0.000129828 0.62197 0.000129828 -0.62197 
1 1 0 9.16898 0.110584 3.98453 -0.847768 -3.51334 -0.847768 -3.51334 -0.00379476 0.622137 -0.00379476 -0.622137 
1 1 0 9.164 0.110584 3.96879 -0.847608 -3.51378 -0.847608 -3.51378 -0.00768833 0.622278 -0.00768833 -0.622278 
1 1 0 9.15902 0.110584 3.9533 -0.847448 -3.5142 -0.847448 -3.5142 -0.0115514 0.622396 -0.0115514 -0.622396 
1 1 0 9.15404 0.110584 3.93805 -0.847288 -3.51461 -0.847288 -3.51461 -0.0153845 0.622492 -0.0153845 -0.622492 
1 1 0 9.14906 0.110584 3.92305 -0.847128 -3.51501 -0.847128 -3.51501 -0.019188 0.622564 -0.019188 -0.622564 
1 1 0 9.14408 0.110584 3.90828 -0.846968 -3.51541 -0.846968 -3.51541 -0.0229624 0.622615 -0.0229624 -0.622615 
1 1 0 9.13909 0.110584 3.89374 -0.846808 -3.51579 -0.846808 -3.51579 -0.0267079 0.622644 -0.0267079 -0.622644 
1 1 0 9.13411 0.110584 3.87942 -0.846647 -3.51616 -0.846647 -3.51616 -0.0304251 0.622652 -0.0304251 -0.622652 
1 1 0 9.12913 0.110584 3.86531 -0.846487 -3.51652 -0.846487 -3.51652 -0.0341143 0.622639 -0.0341143 -0.622639 
1 1 0 9.12414 0.110584 3.85142 -0.846326 -3.51687 -0.846326 -3.51687 -0.037776 0.622607 -0.037776 -0.622607 
1 1 0 9.11916 0.110584 3.83773 -0.846165 -3.51721 -0.846165 -3.51721 -0.0414103 0.622554 -0.0414103 -0.622554 
1 1 0 9.11417 0.110584 3.82424 -0.846004 -3.51754 -0.846004 -3.51754 -0.0450179 0.622483 -0.0450179 -0.622483 
1 1 0 9.10918 0.110584 3.81094 -0.845843 -3.51787 -0.845843 -3.51787 -0.0485988 0.622393 -0.0485988 -0.622393 
1 1 0 9.10419 0.110584 3.79784 -0.845681 -3.51818 -0.845681 -3.51818 -0.0521535 0.622284 -0.0521535 -0.622284 
1 1 0 9.09921 0.110584 3.78492 -0.84552 -3.51848 -0.84552 -3.51848 -0.0556823 0.622158 -0.0556823 -0.622158 
1 1 0 9.09422 0.110584 3.77218 -0.845358 -3.51878 -0.845358 -3.51878 -0.0591856 0.622014 -0.0591856 -0.622014 
1 1 0 9.08923 0.110584 3.75963 -0.845197 -3.51907 -0.845197 -3.51907 -0.0626636 0.621853 -0.0626636 -0.621853 
1 1 0 9.08424 0.110584 3.74724 -0.845035 -3.51934 -0.845035 -3.51934 -0.0661166 0.621675 -0.0661166 -0.621675 
1 1 0 9.07925 0.110584 3.73502 -0.844873 -3.51961 -0.844873 -3.51961 -0.0695451 0.621481 -0.0695451 -0.621481 
1 1 0 9.07426 0.110584 3.72297 -0.844711 -3.51987 -0.844711 -3.51987 -0.072949 0.621271 -0.072949 -0.621271 
1 1 0 9.06927 0.110584 3.71108 -0.844549 -3.52012 -0.844549 -3.52012 -0.0763288 0.621045 -0.0763288 -0.621045 
1 1 0 9.06428 0.110584 3.69935 -0.844386 -3.52037 -0.844386 -3.52037 -0.0796849 0.620804 -0.0796849 -0.620804 
1 1 0 9.05928 0.110584 3.68777 -0.844224 -3.5206 -0.844224 -3.5206 -0.0830175 0.620548 -0.0830175 -0.620548 
1 1 0 9.05429 0.110584 3.67635 -0.844061 -3.52083 -0.844061 -3.52083 -0.0863269 0.620277 -0.0863269 -0.620277 
1 1 0 9.0493 0.110584 3.66507 -0.843898 -3.52105 -0.843898 -3.52105 -0.0896131 0.619992 -0.0896131 -0.619992 
1 1 0 9.04431 0.110584 3.65394 -0.843736 -3.52126 -0.843736 -3.52126 -0.0928766 0.619693 -0.0928766 -0.619693 
1 1 0 9.03931 0.110584 3.64295 -0.843573 -3.52146 -0.843573 -3.52146 -0.0961175 0.619379 -0.0961175 -0.619379 
1 1 0 9.03432 0.110584 3.6321 -0.843409 -3.52166 -0.843409 -3.52166 -0.0993359 0.619053 -0.0993359 -0.619053 
1 1 0 9.02933 0.110584 3.62139 -0.843246 -3.52185 -0.843246 -3.52185 -0.102533 0.618713 -0.102533 -0.618713 
1 1 0 9.02433 0.110584 3.6108 -0.843083 -3.52203 -0.843083 -3.52203 -0.105707 0.618361 -0.105707 -0.618361 
1 1 0 9.01934 0.110584 3.60035 -0.842919 -3.5222 -0.842919 -3.5222 -0.10886 0.617996 -0.10886 -0.617996 
1 1 0 9.01434 0.110584 3.59003 -0.842756 -3.52236 -0.842756 -3.52236 -0.111992 0.617619 -0.111992 -0.617619 
1 1 0 9.00935 0.110584 3.57983 -0.842592 -3.52252 -0.842592 -3.52252 -0.115102 0.617229 -0.115102 -0.617229 
1 1 0 9.00435 0.110584 3.56976 -0.842428 -3.52267 -0.842428 -3.52267 -0.118192 0.616828 -0.118192 -0.616828 
1 1 0 8.99936 0.110584 3.55981 -0.842264 -3.52282 -0.842264 -3.52282 -0.12126 0.616415 -0.12126 -0.616415 
1 1 0 8.99436 0.110584 3.54997 -0.8421 -3.52295 -0.8421 -3.52295 -0.124308 0.615991 -0.124308 -0.615991 
1 1 0 8.98937 0.110584 3.54026 -0.841935 -3.52308 -0.841935 -3.52308 -0.127336 0.615555 -0.127336 -0.615555 
1 1 0 8.98437 0.110584 3.53065 -0.841771 -3.52321 -0.841771 -3.52321 -0.130344 0.615109 -0.130344 -0.615109 
1 1 0 8.97937 0.110584 3.52116 -0.841606 -3.52332 -0.841606 -3.52332 -0.133331 0.614653 -0.133331 -0.614653 
1 1 0 8.97438 0.110584 3.51178 -0.841442 -3.52343 -0.841442 -3.52343 -0.136298 0.614186 -0.136298 -0.614186 
1 1 0 8.96938 0.110584 3.5025 -0.841277 -3.52353 -0.841277 -3.52353 -0.139246 0.613709 -0.139246 -0.613709 
1 1 0 8.96439 0.110584 3.49334 -0.841112 -3.52363 -0.841112 -3.52363 -0.142175 0.613221 -0.142175 -0.613221 
1 1 0 8.95939 0.110584 3.48427 -0.840947 -3.52372 -0.840947 -3.52372 -0.145084 0.612724 -0.145084 -0.612724 
1 1 0 8.95439 0.110584 3.47531 -0.840782 -3.5238 -0.840782 -3.5238 -0.147974 0.612218 -0.147974 -0.612218 
1 1 0 8.9494 0.110584 3.46645 -0.840616 -3.52387 -0.840616 -3.52387 -0.150845 0.611702 -0.150845 -0.611702 
1 1 0 8.9444 0.110584 3.45769 -0.840451 -3.52394 -0.840451 -3.52394 -0.153697 0.611177 -0.153697 -0.611177 
1 1 0 8.9394 0.110584 3.44902 -0.840285 -3.52401 -0.840285 -3.52401 -0.156531 0.610644 -0.156531 -0.610644 
1 1 0 8.93441 0.110584 3.44045 -0.840119 -3.52406 -0.840119 -3.52406 -0.159346 0.610101 -0.159346 -0.610101 
1 1 0 8.92941 0.110584 3.43197 -0.839954 -3.52412 -0.839954 -3.52412 -0.162142 0.60955 -0.162142 -0.60955 
1 1 0 8.92441 0.110584 3.42359 -0.839788 -3.52416 -0.839788 -3.52416 -0.164921 0.608991 -0.164921 -0.608991 
1 1 0 8.91941 0.110584 3.4153 -0.839622 -3.5242 -0.839622 -3.5242 -0.167681 0.608424 -0.167681 -0.608424 
1 1 0 8.91442 0.110584 3.40709 -0.839455 -3.52423 -0.839455 -3.52423 -0.170423 0.607848 -0.170423 -0.607848 
1 1 0 8.90942 0.110584 3.39897 -0.839289 -3.52426 -0.839289 -3.52426 -0.173148 0.607265 -0.173148 -0.607265 
1 1 0 8.90442 0.110584 3.39094 -0.839123 -3.52428 -0.839123 -3.52428 -0.175855 0.606675 -0.175855 -0.606675 
1 1 0 8.89943 0.110584 3.383 -0.838956 -3.52429 -0.838956 -3.52429 -0.178544 0.606077 -0.178544 -0.606077 
1 1 0 8.89443 0.110584 3.37514 -0.838789 -3.5243 -0.838789 -3.5243 -0.181216 0.605471 -0.181216 -0.605471 
1 1 0 8.88943 0.110584 3.36736 -0.838622 -3.52431 -0.838622 -3.52431 -0.183871 0.604859 -0.183871 -0.604859 
1 1 0 8.88443 0.110584 3.35966 -0.838455 -3.5243 -0.838455 -3.5243 -0.186508 0.604239 -0.186508 -0.604239 
1 1 0 8.87944 0.110584 3.35204 -0.838288 -3.5243 -0.838288 -3.5243 -0.189129 0.603613 -0.189129 -0.603613 
1 1 0 8.87444 0.110584 3.3445 -0.838121 -3.52428 -0.838121 -3.52428 -0.191733 0.60298 -0.191733 -0.60298 
1 1 0 8.86944 0.110584 3.33704 -0.837954 -3.52426 -0.837954 -3.52426 -0.194319 0.602341 -0.194319 -0.602341 
1 1 0 8.86445 0.110584 3.32965 -0.837786 -3.52424 -0.837786 -3.52424 -0.196889 0.601696 -0.196889 -0.601696 
1 1 0 8.85945 0.110584 3.32234 -0.837619 -3.52421 -0.837619 -3.52421 -0.199443 0.601045 -0.199443 -0.601045 
1 1 0 8.85445 0.110584 3.31511 -0.837451 -3.52417 -0.837451 -3.52417 -0.20198 0.600387 -0.20198 -0.600387 
1 1 0 8.84945 0.110584 3.30794 -0.837283 -3.52413 -0.837283 -3.52413 -0.204501 0.599724 -0.204501 -0.599724 
1 1 0 8.84446 0.110584 3.30085 -0.837115 -3.52409 -0.837115 -3.52409 -0.207006 0.599055 -0.207006 -0.599055 
1 1 0 8.83946 0.110584 3.29383 -0.836947 -3.52404 -0.836947 -3.52404 -0.209494 0.598381 -0.209494 -0.598381 
1 1 0 8.83446 0.110584 3.28688 -0.836779 -3.52398 -0.836779 -3.52398 -0.211966 0.597701 -0.211966 -0.597701 
1 1 0 8.82947 0.110584 3.28 -0.83661 -3.52392 -0.83661 -3.52392 -0.214423 0.597016 -0.214423 -0.597016 
1 1 0 8.82447 0.110584 3.27319 -0.836442 -3.52385 -0.836442 -3.52385 -0.216863 0.596326 -0.216863 -0.596326 
1 1 0 8.81947 0.110584 3.26644 -0.836273 -3.52378 -0.836273 -3.52378 -0.219289 0.595631 -0.219289 -0.595631 
1 1 0 8.81448 0.110584 3.25976 -0.836105 -3.5237 -0.836105 -3.5237 -0.221698 0.594931 -0.221698 -0.594931 
1 1 0 8.80948 0.110584 3.25314 -0.835936 -3.52362 -0.835936 -3.52362 -0.224091 0.594227 -0.224091 -0.594227 
1 1 0 8.80448 0.110584 3.24659 -0.835767 -3.52353 -0.835767 -3.52353 -0.22647 0.593518 -0.22647 -0.593518 
1 1 0 8.79949 0.110584 3.24011 -0.835598 -3.52344 -0.835598 -3.52344 -0.228833 0.592805 -0.228833 -0.592805 
1 1 0 8.79449 0.110584 3.23368 -0.835429 -3.52335 -0.835429 -3.52335 -0.231181 0.592087 -0.231181 -0.592087 
1 1 0 8.7895 0.110584 3.22732 -0.835259 -3.52325 -0.835259 -3.52325 -0.233513 0.591366 -0.233513 -0.591366 
1 1 0 8.7845 0.110584 3.22102 -0.83509 -3.52314 -0.83509 -3.52314 -0.235831 0.59064 -0.235831 -0.59064 
1 1 0 8.7795 0.110584 3.21478 -0.83492 -3.52303 -0.83492 -3.52303 -0.238133 0.58991 -0.238133 -0.58991 
1 1 0 8.77451 0.110584 3.2086 -0.83475 -3.52291 -0.83475 -3.52291 -0.240421 0.589177 -0.240421 -0.589177 
1 1 0 8.76951 0.110584 3.20248 -0.834581 -3.52279 -0.834581 -3.52279 -0.242693 0.58844 -0.242693 -0.58844 
1 1 0 8.76452 0.110584 3.19641 -0.834411 -3.52267 -0.834411 -3.52267 -0.244951 0.5877 -0.244951 -0.5877 
1 1 0 8.75952 0.110584 3.19041 -0.83424 -3.52254 -0.83424 -3.52254 -0.247194 0.586956 -0.247194 -0.586956 
1 1 0 8.75453 0.110584 3.18446 -0.83407 -3.5224 -0.83407 -3.5224 -0.249423 0.586209 -0.249423 -0.586209 
1 1 0 8.74953 0.110584 3.17857 -0.8339 -3.52226 -0.8339 -3.52226 -0.251637 0.585459 -0.251637 -0.585459 
1 1 0 8.74454 0.110584 3.17273 -0.833729 -3.52212 -0.833729 -3.52212 -0.253837 0.584706 -0.253837 -0.584706 
1 1 0 8.73954 0.110584 3.16695 -0.833559 -3.52197 -0.833559 -3.52197 -0.256022 0.58395 -0.256022 -0.58395 
1 1 0 8.73455 0.110584 3.16122 -0.833388 -3.52182 -0.833388 -3.52182 -0.258193 0.583191 -0.258193 -0.583191 
1 1 0 8.72955 0.110584 3.15554 -0.833217 -3.52166 -0.833217 -3.52166 -0.26035 0.58243 -0.26035 -0.58243 
1 1 0 8.72456 0.110584 3.14992 -0.833046 -3.5215 -0.833046 -3.5215 -0.262492 0.581666 -0.262492 -0.581666 
1 1 0 8.71956 0.110584 3.14435 -0.832875 -3.52134 -0.832875 -3.52134 -0.26462 0.5809 -0.26462 -0.5809 
1 1 0 8.71457 0.110584 3.13884 -0.832704 -3.52117 -0.832704 -3.52117 -0.266735 0.580131 -0.266735 -0.580131 
1 1 0 8.70957 0.110584 3.13337 -0.832533 -3.52099 -0.832533 -3.52099 -0.268835 0.579361 -0.268835 -0.579361 
1 1 0 8.70458 0.110584 3.12796 -0.832361 -3.52082 -0.832361 -3.52082 -0.270922 0.578588 -0.270922 -0.578588 
1 1 0 8.69959 0.110584 3.12259 -0.83219 -3.52063 -0.83219 -3.52063 -0.272994 0.577814 -0.272994 -0.577814 
1 1 0 8.69459 0.110584 3.11728 -0.832018 -3.52045 -0.832018 -3.52045 -0.275053 0.577037 -0.275053 -0.577037 
1 1 0 8.6896 0.110584 3.11201 -0.831846 -3.52026 -0.831846 -3.52026 -0.277098 0.576259 -0.277098 -0.576259 
1 1 0 8.68461 0.110584 3.10679 -0.831674 -3.52006 -0.831674 -3.52006 -0.279129 0.575479 -0.279129 -0.575479 
1 1 0 8.67961 0.110584 3.10162 -0.831502 -3.51986 -0.831502 -3.51986 -0.281147 0.574697 -0.281147 -0.574697 
1 1 0 8.67462 0.110584 3.0965 -0.83133 -3.51966 -0.83133 -3.51966 -0.283152 0.573915 -0.283152 -0.573915 
1 1 0 8.66963 0.110584 3.09143 -0.831158 -3.51945 -0.831158 -3.51945 -0.285142 0.573131 -0.285142 -0.573131 
1 1 0 8.66464 0.110584 3.0864 -0.830985 -3.51924 -0.830985 -3.51924 -0.28712 0.572346 -0.28712 -0.572346 
1 1 0 8.65964 0.110584 3.08142 -0.830813 -3.51902 -0.830813 -3.51902 -0.289084 0.571559 -0.289084 -0.571559 
1 1 0 8.65465 0.110584 3.07648 -0.83064 -3.5188 -0.83064 -3.5188 -0.291034 0.570772 -0.291034 -0.570772 
1 1 0 8.64966 0.110584 3.07159 -0.830467 -3.51858 -0.830467 -3.51858 -0.292972 0.569984 -0.292972 -0.569984 
1 1 0 8.64467 0.110584 3.06674 -0.830294 -3.51835 -0.830294 -3.51835 -0.294896 0.569195 -0.294896 -0.569195 
1 1 0 8.63968 0.110584 3.06194 -0.830121 -3.51812 -0.830121 -3.51812 -0.296806 0.568406 -0.296806 -0.568406 
1 1 0 8.63468 0.110584 3.05719 -0.829948 -3.51789 -0.829948 -3.51789 -0.298704 0.567615 -0.298704 -0.567615 
1 1 0 8.62969 0.110584 3.05247 -0.829775 -3.51765 -0.829775 -3.51765 -0.300589 0.566825 -0.300589 -0.566825 
1 1 0 8.6247 0.110584 3.0478 -0.829601 -3.51741 -0.829601 -3.51741 -0.302461 0.566034 -0.302461 -0.566034 
1 1 0 8.61971 0.110584 3.04318 -0.829428 -3.51716 -0.829428 -3.51716 -0.304319 0.565243 -0.304319 -0.565243 
1 1 0 8.61472 0.110584 3.03859 -0.829254 -3.51691 -0.829254 -3.51691 -0.306165 0.564452 -0.306165 -0.564452 
1 1 0 8.60973 0.110584 3.03405 -0.82908 -3.51665 -0.82908 -3.51665 -0.307998 0.563661 -0.307998 -0.563661 
1 1 0 8.60474 0.110584 3.02955 -0.828906 -3.5164 -0.828906 -3.5164 -0.309818 0.56287 -0.309818 -0.56287 
1 1 0 8.59975 0.110584 3.02509 -0.828732 -3.51614 -0.828732 -3.51614 -0.311625 0.562078 -0.311625 -0.562078 
1 1 0 8.59476 0.110584 3.02067 -0.828558 -3.51587 -0.828558 -3.51587 -0.313419 0.561287 -0.313419 -0.561287 
1 1 0 8.58977 0.110584 3.0163 -0.828384 -3.5156 -0.828384 -3.5156 -0.315201 0.560497 -0.315201 -0.560497 
1 1 0 8.58478 0.110584 3.01196 -0.828209 -3.51533 -0.828209 -3.51533 -0.31697 0.559708 -0.31697 -0.559708 
1 1 0 8.57979 0.110584 3.00766 -0.828035 -3.51505 -0.828035 -3.51505 -0.318727 0.558918 -0.318727 -0.558918 
1 1 0 8.5748 0.110584 3.00341 -0.82786 -3.51477 -0.82786 -3.51477 -0.32047 0.55813 -0.32047 -0.55813 
1 1 0 8.56981 0.110584 2.99919 -0.827685 -3.51449 -0.827685 -3.51449 -0.322202 0.557341 -0.322202 -0.557341 
1 1 0 8.56482 0.110584 2.99501 -0.82751 -3.5142 -0.82751 -3.5142 -0.32392 0.556555 -0.32392 -0.556555 
1 1 0 8.55984 0.110584 2.99087 -0.827335 -3.51391 -0.827335 -3.51391 -0.325627 0.555768 -0.325627 -0.555768 
1 1 0 8.55485 0.110584 2.98677 -0.82716 -3.51362 -0.82716 -3.51362 -0.32732 0.554983 -0.32732 -0.554983 
1 1 0 8.54986 0.110584 2.98271 -0.826985 -3.51332 -0.826985 -3.51332 -0.329002 0.5542 -0.329002 -0.5542 
1 1 0 8.54487 0.110584 2.97869 -0.826809 -3.51302 -0.826809 -3.51302 -0.330671 0.553417 -0.330671 -0.553417 
1 1 0 8.53988 0.110584 2.9747 -0.826634 -3.51272 -0.826634 -3.51272 -0.332328 0.552635 -0.332328 -0.552635 
1 1 0 8.5349 0.110584 2.97075 -0.826458 -3.51241 -0.826458 -3.51241 -0.333972 0.551855 -0.333972 -0.551855 
1 1 0 8.52991 0.110584 2.96684 -0.826282 -3.5121 -0.826282 -3.5121 -0.335604 0.551077 -0.335604 -0.551077 
1 1 0 8.52492 0.110584 2.96296 -0.826106 -3.51178 -0.826106 -3.51178 -0.337224 0.550301 -0.337224 -0.550301 
1 1 0 8.51994 0.110584 2.95913 -0.82593 -3.51146 -0.82593 -3.51146 -0.338832 0.549526 -0.338832 -0.549526 
1 1 0 8.51495 0.110584 2.95532 -0.825754 -3.51114 -0.825754 -3.51114 -0.340428 0.548753 -0.340428 -0.548753 
1 1 0 8.50996 0.110584 2.95156 -0.825578 -3.51082 -0.825578 -3.51082 -0.342011 0.547981 -0.342011 -0.547981 
1 1 0 8.50498 0.110584 2.94783 -0.825402 -3.51049 -0.825402 -3.51049 -0.343582 0.547212 -0.343582 -0.547212 
1 1 0 8.49999 0.110584 2.94413 -0.825225 -3.51016 -0.825225 -3.51016 -0.345142 0.546445 -0.345142 -0.546445 
1 1 0 8.495 0.110584 2.94048 -0.825048 -3.50982 -0.825048 -3.50982 -0.346689 0.54568 -0.346689 -0.54568 
1 1 0 8.49002 0.110584 2.93685 -0.824872 -3.50949 -0.824872 -3.50949 -0.348224 0.544918 -0.348224 -0.544918 
1 1 0 8.48503 0.110584 2.93326 -0.824695 -3.50915 -0.824695 -3.50915 -0.349747 0.544157 -0.349747 -0.544157 
1 1 0 8.48005 0.110584 2.92971 -0.824518 -3.5088 -0.824518 -3.5088 -0.351259 0.543399 -0.351259 -0.543399 
1 1 0 8.47506 0.110584 2.92619 -0.824341 -3.50845 -0.824341 -3.50845 -0.352758 0.542644 -0.352758 -0.542644 
1 1 0 8.47008 0.110584 2.92271 -0.824163 -3.5081 -0.824163 -3.5081 -0.354245 0.541892 -0.354245 -0.541892 
1 1 0 8.4651 0.110584 2.91926 -0.823986 -3.50775 -0.823986 -3.50775 -0.355721 0.541142 -0.355721 -0.541142 
1 1 0 8.46011 0.110584 2.91584 -0.823808 -3.50739 -0.823808 -3.50739 -0.357185 0.540395 -0.357185 -0.540395 
1 1 0 8.45513 0.110584 2.91246 -0.823631 -3.50703 -0.823631 -3.50703 -0.358637 0.539651 -0.358637 -0.539651 
1 1 0 8.45014 0.110584 2.90911 -0.823453 -3.50667 -0.823453 -3.50667 -0.360077 0.53891 -0.360077 -0.53891 
1 1 0 8.44516 0.110584 2.90579 -0.823275 -3.5063 -0.823275 -3.5063 -0.361505 0.538171 -0.361505 -0.538171 
1 1 0 8.44018 0.110584 2.90251 -0.823097 -3.50593 -0.823097 -3.50593 -0.362922 0.537437 -0.362922 -0.537437 
1 1 0 8.43519 0.110584 2.89926 -0.822919 -3.50556 -0.822919 -3.50556 -0.364327 0.536705 -0.364327 -0.536705 
1 1 0 8.43021 0.110584 2.89605 -0.822741 -3.50518 -0.822741 -3.50518 -0.36572 0.535977 -0.36572 -0.535977 
1 1 0 8.42523 0.110584 2.89286 -0.822562 -3.5048 -0.822562 -3.5048 -0.367102 0.535253 -0.367102 -0.535253 
1 1 0 8.42025 0.110584 2.88971 -0.822384 -3.50442 -0.822384 -3.50442 -0.368471 0.534531 -0.368471 -0.534531 
1 1 0 8.41527 0.110584 2.88659 -0.822205 -3.50404 -0.822205 -3.50404 -0.36983 0.533814 -0.36983 -0.533814 
1 1 0 8.41028 0.110584 2.88351 -0.822026 -3.50365 -0.822026 -3.50365 -0.371176 0.533101 -0.371176 -0.533101 
1 1 0 8.4053 0.110584 2.88045 -0.821847 -3.50326 -0.821847 -3.50326 -0.372512 0.532391 -0.372512 -0.532391 
1 1 0 8.40032 0.110584 2.87743 -0.821668 -3.50286 -0.821668 -3.50286 -0.373835 0.531685 -0.373835 -0.531685 
1 1 0 8.39534 0.110584 2.87444 -0.821489 -3.50247 -0.821489 -3.50247 -0.375147 0.530983 -0.375147 -0.530983 
1 1 0 8.39036 0.110584 2.87148 -0.82131 -3.50207 -0.82131 -3.50207 -0.376448 0.530285 -0.376448 -0.530285 
1 1 0 8.38538 0.110584 2.86856 -0.821131 -3.50166 -0.821131 -3.50166 -0.377736 0.529592 -0.377736 -0.529592 
1 1 0 8.3804 0.110584 2.86566 -0.820951 -3.50126 -0.820951 -3.50126 -0.379014 0.528902 -0.379014 -0.528902 
1 1 0 8.37542 0.110584 2.86279 -0.820772 -3.50085 -0.820772 -3.50085 -0.38028 0.528217 -0.38028 -0.528217 
1 1 0 8.37044 0.110584 2.85996 -0.820592 -3.50044 -0.820592 -3.50044 -0.381534 0.527536 -0.381534 -0.527536 
1 1 0 8.36546 0.110584 2.85716 -0.820412 -3.50002 -0.820412 -3.50002 -0.382777 0.52686 -0.382777 -0.52686 
1 1 0 8.36048 0.110584 2.85439 -0.820232 -3.49961 -0.820232 -3.49961 -0.384009 0.526189 -0.384009 -0.526189 
1 1 0 8.3555 0.110584 2.85164 -0.820052 -3.49919 -0.820052 -3.49919 -0.385229 0.525522 -0.385229 -0.525522 
1 1 0 8.35052 0.110584 2.84893 -0.819872 -3.49876 -0.819872 -3.49876 -0.386438 0.52486 -0.386438 -0.52486 
1 1 0 8.34554 0.110584 2.84625 -0.819691 -3.49834 -0.819691 -3.49834 -0.387636 0.524203 -0.387636 -0.524203 
1 1 0 8.34056 0.110584 2.8436 -0.819511 -3.49791 -0.819511 -3.49791 -0.388822 0.523551 -0.388822 -0.523551 
1 1 0 8.33559 0.110584 2.84098 -0.81933 -3.49748 -0.81933 -3.49748 -0.389997 0.522903 -0.389997 -0.522903 
1 1 0 8.33061 0.110584 2.83839 -0.819149 -3.49704 -0.819149 -3.49704 -0.39116 0.522261 -0.39116 -0.522261 
1 1 0 8.32563 0.110584 2.83584 -0.818969 -3.49661 -0.818969 -3.49661 -0.392312 0.521624 -0.392312 -0.521624 
1 1 0 8.32065 0.110584 2.83331 -0.818788 -3.49617 -0.818788 -3.49617 -0.393453 0.520993 -0.393453 -0.520993 
1 1 0 8.31568 0.110584 2.83081 -0.818606 -3.49572 -0.818606 -3.49572 -0.394583 0.520366 -0.394583 -0.520366 
1 1 0 8.3107 0.110584 2.82834 -0.818425 -3.49528 -0.818425 -3.49528 -0.395701 0.519745 -0.395701 -0.519745 
1 1 0 8.30572 0.110584 2.82589 -0.818244 -3.49483 -0.818244 -3.49483 -0.396808 0.51913 -0.396808 -0.51913 
1 1 0 8.30075 0.110584 2.82348 -0.818062 -3.49438 -0.818062 -3.49438 -0.397904 0.518521 -0.397904 -0.518521 
1 1 0 8.29577 0.110584 2.8211 -0.817881 -3.49393 -0.817881 -3.49393 -0.398989 0.517917 -0.398989 -0.517917 
1 1 0 8.2908 0.110584 2.81875 -0.817699 -3.49347 -0.817699 -3.49347 -0.400062 0.517318 -0.400062 -0.517318 
1 1 0 8.28582 0.110584 2.81643 -0.817517 -3.49301 -0.817517 -3.49301 -0.401125 0.516726 -0.401125 -0.516726 
1 1 0 8.28084 0.110584 2.81413 -0.817335 -3.49255 -0.817335 -3.49255 -0.402176 0.51614 -0.402176 -0.51614 
1 1 0 8.27587 0.110584 2.81187 -0.817153 -3.49209 -0.817153 -3.49209 -0.403216 0.515559 -0.403216 -0.515559 
1 1 0 8.27089 0.110584 2.80963 -0.816971 -3.49162 -0.816971 -3.49162 -0.404244 0.514985 -0.404244 -0.514985 
1 1 0 8.26592 0.110584 2.80743 -0.816789 -3.49115 -0.816789 -3.49115 -0.405262 0.514417 -0.405262 -0.514417 
1 1 0 8.26095 0.110584 2.80525 -0.816606 -3.49068 -0.816606 -3.49068 -0.406268 0.513855 -0.406268 -0.513855 
1 1 0 8.25597 0.110584 2.8031 -0.816423 -3.4902 -0.816423 -3.4902 -0.407264 0.513299 -0.407264 -0.513299 
1 1 0 8.251 0.110584 2.80098 -0.816241 -3.48973 -0.816241 -3.48973 -0.408248 0.51275 -0.408248 -0.51275 
1 1 0 8.24602 0.110584 2.79889 -0.816058 -3.48925 -0.816058 -3.48925 -0.409221 0.512208 -0.409221 -0.512208 
1 1 0 8.24105 0.110584 2.79682 -0.815875 -3.48876 -0.815875 -3.48876 -0.410183 0.511672 -0.410183 -0.511672 
1 1 0 8.23608 0.110584 2.79479 -0.815692 -3.48828 -0.815692 -3.48828 -0.411133 0.511142 -0.411133 -0.511142 
1 1 0 8.2311 0.110584 2.79278 -0.815509 -3.48779 -0.815509 -3.48779 -0.412073 0.510619 -0.412073 -0.510619 
1 1 0 8.22613 0.110584 2.7908 -0.815325 -3.4873 -0.815325 -3.4873 -0.413002 0.510103 -0.413002 -0.510103 
1 1 0 8.22116 0.110584 2.78885 -0.815142 -3.48681 -0.815142 -3.48681 -0.41392 0.509594 -0.41392 -0.509594 
1 1 0 8.21619 0.110584 2.78693 -0.814958 -3.48631 -0.814958 -3.48631 -0.414826 0.509092 -0.414826 -0.509092 
1 1 0 8.21122 0.110584 2.78504 -0.814774 -3.48581 -0.814774 -3.48581 -0.415722 0.508597 -0.415722 -0.508597 
1 1 0 8.20624 0.110584 2.78317 -0.814591 -3.48531 -0.814591 -3.48531 -0.416606 0.508109 -0.416606 -0.508109 
1 1 0 8.20127 0.110584 2.78133 -0.814407 -3.48481 -0.814407 -3.48481 -0.417479 0.507628 -0.417479 -0.507628 
1 1 0 8.1963 0.110584 2.77952 -0.814223 -3.48431 -0.814223 -3.48431 -0.418342 0.507154 -0.418342 -0.507154 
1 1 0 8.19133 0.110584 2.77774 -0.814038 -3.4838 -0.814038 -3.4838 -0.419193 0.506688 -0.419193 -0.506688 
1 1 0 8.18636 0.110584 2.77599 -0.813854 -3.48329 -0.813854 -3.48329 -0.420033 0.506229 -0.420033 -0.506229 
1 1 0 8.18139 0.110584 2.77426 -0.81367 -3.48277 -0.81367 -3.48277 -0.420863 0.505777 -0.420863 -0.505777 
1 1 0 8.17642 0.110584 2.77256 -0.813485 -3.48226 -0.813485 -3.48226 -0.421681 0.505333 -0.421681 -0.505333 
1 1 0 8.17145 0.110584 2.77089 -0.8133 -3.48174 -0.8133 -3.48174 -0.422488 0.504896 -0.422488 -0.504896 
1 1 0 8.16648 0.110584 2.76925 -0.813115 -3.48122 -0.813115 -3.48122 -0.423285 0.504467 -0.423285 -0.504467 
1 1 0 8.16151 0.110584 2.76763 -0.81293 -3.4807 -0.81293 -3.4807 -0.42407 0.504046 -0.42407 -0.504046 
1 1 0 8.15654 0.110584 2.76605 -0.812745 -3.48017 -0.812745 -3.48017 -0.424844 0.503632 -0.424844 -0.503632 
1 1 0 8.15158 0.110584 2.76449 -0.81256 -3.47965 -0.81256 -3.47965 -0.425607 0.503227 -0.425607 -0.503227 
1 1 0 8.14661 0.110584 2.76295 -0.812375 -3.47912 -0.812375 -3.47912 -0.42636 0.502829 -0.42636 -0.502829 
1 1 0 8.14164 0.110584 2.76145 -0.812189 -3.47858 -0.812189 -3.47858 -0.427101 0.50244 -0.427101 -0.50244 
1 1 0 8.13667 0.110584 2.75997 -0.812004 -3.47805 -0.812004 -3.47805 -0.427831 0.502058 -0.427831 -0.502058 
1 1 0 8.1317 0.110584 2.75852 -0.811818 -3.47751 -0.811818 -3.47751 -0.428551 0.501684 -0.428551 -0.501684 
1 1 0 8.12674 0.110584 2.7571 -0.811632 -3.47697 -0.811632 -3.47697 -0.429259 0.501319 -0.429259 -0.501319 
1 1 0 8.12177 0.110584 2.7557 -0.811446 -3.47643 -0.811446 -3.47643 -0.429957 0.500962 -0.429957 -0.500962 
1 1 0 8.1168 0.110584 2.75433 -0.81126 -3.47589 -0.81126 -3.47589 -0.430643 0.500613 -0.430643 -0.500613 
1 1 0 8.11184 0.110584 2.75299 -0.811074 -3.47534 -0.811074 -3.47534 -0.431319 0.500272 -0.431319 -0.500272 
1 1 0 8.10687 0.110584 2.75168 -0.810888 -3.47479 -0.810888 -3.47479 -0.431983 0.49994 -0.431983 -0.49994 
1 1 0 8.1019 0.110584 2.75039 -0.810701 -3.47424 -0.810701 -3.47424 -0.432637 0.499616 -0.432637 -0.499616 
1 1 0 8.09694 0.110584 2.74913 -0.810515 -3.47369 -0.810515 -3.47369 -0.43328 0.499301 -0.43328 -0.499301 
1 1 0 8.09197 0.110584 2.7479 -0.810328 -3.47313 -0.810328 -3.47313 -0.433911 0.498995 -0.433911 -0.498995 
1 1 0 8.08701 0.110584 2.74669 -0.810141 -3.47257 -0.810141 -3.47257 -0.434532 0.498697 -0.434532 -0.498697 
1 1 0 8.08204 0.110584 2.74551 -0.809954 -3.47201 -0.809954 -3.47201 -0.435142 0.498407 -0.435142 -0.498407 
1 1 0 8.07708 0.110584 2.74436 -0.809767 -3.47145 -0.809767 -3.47145 -0.435741 0.498127 -0.435741 -0.498127 
1 1 0 8.07211 0.110584 2.74324 -0.80958 -3.47089 -0.80958 -3.47089 -0.436329 0.497855 -0.436329 -0.497855 
1 1 0 8.06715 0.110584 2.74214 -0.809393 -3.47032 -0.809393 -3.47032 -0.436906 0.497593 -0.436906 -0.497593 
1 1 0 8.06218 0.110584 2.74107 -0.809205 -3.46975 -0.809205 -3.46975 -0.437472 0.497339 -0.437472 -0.497339 
1 1 0 8.05722 0.110584 2.74002 -0.809018 -3.46918 -0.809018 -3.46918 -0.438027 0.497094 -0.438027 -0.497094 
1 1 0 8.05226 0.110584 2.73901 -0.80883 -3.4686 -0.80883 -3.4686 -0.438571 0.496857 -0.438571 -0.496857 
1 1 0 8.04729 0.110584 2.73802 -0.808642 -3.46803 -0.808642 -3.46803 -0.439104 0.496631 -0.439104 -0.496631 
1 1 0 8.04233 0.110584 2.73705 -0.808454 -3.46745 -0.808454 -3.46745 -0.439627 0.496413 -0.439627 -0.496413 
1 1 0 8.03737 0.110584 2.73612 -0.808266 -3.46687 -0.808266 -3.46687 -0.440138 0.496205 -0.440138 -0.496205 
1 1 0 8.03241 0.110584 2.73521 -0.808078 -3.46628 -0.808078 -3.46628 -0.440638 0.496005 -0.440638 -0.496005 
1 1 0 8.02744 0.110584 2.73432 -0.80789 -3.4657 -0.80789 -3.4657 -0.441128 0.495814 -0.441128 -0.495814 
1 1 0 8.02248 0.110584 2.73347 -0.807701 -3.46511 -0.807701 -3.46511 -0.441606 0.495633 -0.441606 -0.495633 
1 1 0 8.01752 0.110584 2.73264 -0.807513 -3.46452 -0.807513 -3.46452 -0.442073 0.495462 -0.442073 -0.495462 
1 1 0 8.01256 0.110584 2.73184 -0.807324 -3.46393 -0.807324 -3.46393 -0.44253 0.4953 -0.44253 -0.4953 
1 1 0 8.0076 0.110584 2.73106 -0.807135 -3.46334 -0.807135 -3.46334 -0.442976 0.495147 -0.442976 -0.495147 
1 1 0 8.00264 0.110584 2.73031 -0.806946 -3.46274 -0.806946 -3.46274 -0.44341 0.495003 -0.44341 -0.495003 
1 1 0 7.99768 0.110584 2.72959 -0.806757 -3.46214 -0.806757 -3.46214 -0.443834 0.49487 -0.443834 -0.49487 
1 1 0 7.99272 0.110584 2.72889 -0.806568 -3.46154 -0.806568 -3.46154 -0.444247 0.494745 -0.444247 -0.494745 
1 1 0 7.98776 0.110584 2.72822 -0.806378 -3.46094 -0.806378 -3.46094 -0.444649 0.49463 -0.444649 -0.49463 
1 1 0 7.9828 0.110584 2.72758 -0.806189 -3.46033 -0.806189 -3.46033 -0.445039 0.494525 -0.445039 -0.494525 
1 1 0 7.97784 0.110584 2.72696 -0.805999 -3.45973 -0.805999 -3.45973 -0.445419 0.494429 -0.445419 -0.494429 
1 1 0 7.97288 0.110584 2.72638 -0.80581 -3.45912 -0.80581 -3.45912 -0.445788 0.494343 -0.445788 -0.494343 
1 1 0 7.96792 0.110584 2.72581 -0.80562 -3.45851 -0.80562 -3.45851 -0.446146 0.494267 -0.446146 -0.494267 
1 1 0 7.96296 0.110584 2.72528 -0.80543 -3.45789 -0.80543 -3.45789 -0.446493 0.494201 -0.446493 -0.494201 
1 1 0 7.958 0.110584 2.72477 -0.80524 -3.45728 -0.80524 -3.45728 -0.446829 0.494144 -0.446829 -0.494144 
1 1 0 7.95305 0.110584 2.72428 -0.80505 -3.45666 -0.80505 -3.45666 -0.447154 0.494097 -0.447154 -0.494097 
1 1 0 7.94809 0.110584 2.72383 -0.80486 -3.45604 -0.80486 -3.45604 -0.447468 0.49406 -0.447468 -0.49406 
1 1 0 7.94313 0.110584 2.7234 -0.804669 -3.45542 -0.804669 -3.45542 -0.44777 0.494032 -0.44777 -0.494032 
1 1 0 7.93817 0.110584 2.72299 -0.804479 -3.45479 -0.804479 -3.45479 -0.448063 0.494015 -0.448063 -0.494015 
1 1 0 7.93322 0.110584 2.72262 -0.804288 -3.45417 -0.804288 -3.45417 -0.448343 0.494008 -0.448343 -0.494008 
1 1 0 7.92826 0.110584 2.72227 -0.804097 -3.45354 -0.804097 -3.45354 -0.448613 0.49401 -0.448613 -0.49401 
1 1 0 7.9233 0.110584 2.72194 -0.803906 -3.45291 -0.803906 -3.45291 -0.448872 0.494022 -0.448872 -0.494022 
1 1 0 7.91835 0.110584 2.72164 -0.803715 -3.45227 -0.803715 -3.45227 -0.44912 0.494045 -0.44912 -0.494045 
1 1 0 7.91339 0.110584 2.72137 -0.803524 -3.45164 -0.803524 -3.45164 -0.449357 0.494077 -0.449357 -0.494077 
1 1 0 7.90844 0.110584 2.72113 -0.803333 -3.451 -0.803333 -3.451 -0.449583 0.494119 -0.449583 -0.494119 
1 1 0 7.90348 0.110584 2.72091 -0.803141 -3.45036 -0.803141 -3.45036 -0.449798 0.494172 -0.449798 -0.494172 
1 1 0 7.89853 0.110584 2.72072 -0.80295 -3.44972 -0.80295 -3.44972 -0.450001 0.494234 -0.450001 -0.494234 
1 1 0 7.89357 0.110584 2.72055 -0.802758 -3.44908 -0.802758 -3.44908 -0.450194 0.494307 -0.450194 -0.494307 
1 1 0 7.88862 0.110584 2.72042 -0.802566 -3.44844 -0.802566 -3.44844 -0.450376 0.494389 -0.450376 -0.494389 
1 1 0 7.88366 0.110584 2.7203 -0.802374 -3.44779 -0.802374 -3.44779 -0.450546 0.494482 -0.450546 -0.494482 
1 1 0 7.87871 0.110584 2.72022 -0.802182 -3.44714 -0.802182 -3.44714 -0.450706 0.494584 -0.450706 -0.494584 
1 1 0 7.87375 0.110584 2.72016 -0.80199 -3.44649 -0.80199 -3.44649 -0.450854 0.494697 -0.450854 -0.494697 
1 1 0 7.8688 0.110584 2.72012 -0.801798 -3.44584 -0.801798 -3.44584 -0.450992 0.49482 -0.450992 -0.49482 
1 1 0 7.86385 0.110584 2.72012 -0.801605 -3.44518 -0.801605 -3.44518 -0.451118 0.494953 -0.451118 -0.494953 
1 1 0 7.85889 0.110584 2.72014 -0.801413 -3.44452 -0.801413 -3.44452 -0.451234 0.495096 -0.451234 -0.495096 
1 1 0 7.85394 0.110584 2.72018 -0.80122 -3.44387 -0.80122 -3.44387 -0.451338 0.49525 -0.451338 -0.49525 
1 1 0 7.84899 0.110584 2.72026 -0.801027 -3.4432 -0.801027 -3.4432 -0.451431 0.495413 -0.451431 -0.495413 
1 1 0 7.84404 0.110584 2.72036 -0.800834 -3.44254 -0.800834 -3.44254 -0.451513 0.495586 -0.451513 -0.495586 
1 1 0 7.83909 0.110584 2.72048 -0.800641 -3.44188 -0.800641 -3.44188 -0.451583 0.49577 -0.451583 -0.49577 
1 1 0 7.83413 0.110584 2.72063 -0.800448 -3.44121 -0.800448 -3.44121 -0.451643 0.495964 -0.451643 -0.495964 
1 1 0 7.82918 0.110584 2.72081 -0.800255 -3.44054 -0.800255 -3.44054 -0.451692 0.496167 -0.451692 -0.496167 
1 1 0 7.82423 0.110584 2.72101 -0.800061 -3.43987 -0.800061 -3.43987 -0.451729 0.496381 -0.451729 -0.496381 
1 1 0 7.81928 0.110584 2.72125 -0.799868 -3.43919 -0.799868 -3.43919 -0.451755 0.496606 -0.451755 -0.496606 
1 1 0 7.81433 0.110584 2.7215 -0.799674 -3.43852 -0.799674 -3.43852 -0.45177 0.49684 -0.45177 -0.49684 
1 1 0 7.80938 0.110584 2.72179 -0.799481 -3.43784 -0.799481 -3.43784 -0.451774 0.497085 -0.451774 -0.497085 
1 1 0 7.80443 0.110584 2.7221 -0.799287 -3.43716 -0.799287 -3.43716 -0.451767 0.497339 -0.451767 -0.497339 
1 1 0 7.79948 0.110584 2.72243 -0.799093 -3.43648 -0.799093 -3.43648 -0.451749 0.497604 -0.451749 -0.497604 
1 1 0 7.79453 0.110584 2.7228 -0.798898 -3.4358 -0.798898 -3.4358 -0.451719 0.497879 -0.451719 -0.497879 
1 1 0 7.78958 0.110584 2.72318 -0.798704 -3.43511 -0.798704 -3.43511 -0.451678 0.498163 -0.451678 -0.498163 
1 1 0 7.78463 0.110584 2.7236 -0.79851 -3.43443 -0.79851 -3.43443 -0.451626 0.498458 -0.451626 -0.498458 
1 1 0 7.77969 0.110584 2.72404 -0.798315 -3.43374 -0.798315 -3.43374 -0.451563 0.498763 -0.451563 -0.498763 
1 1 0 7.77474 0.110584 2.72451 -0.798121 -3.43305 -0.798121 -3.43305 -0.451489 0.499078 -0.451489 -0.499078 
1 1 0 7.76979 0.110584 2.725 -0.797926 -3.43236 -0.797926 -3.43236 -0.451403 0.499403 -0.451403 -0.499403 
1 1 0 7.76484 0.110584 2.72552 -0.797731 -3.43166 -0.797731 -3.43166 -0.451306 0.499738 -0.451306 -0.499738 
1 1 0 7.75989 0.110584 2.72607 -0.797536 -3.43096 -0.797536 -3.43096 -0.451198 0.500084 -0.451198 -0.500084 
1 1 0 7.75495 0.110584 2.72664 -0.797341 -3.43027 -0.797341 -3.43027 -0.451078 0.500439 -0.451078 -0.500439 
1 1 0 7.75 0.110584 2.72724 -0.797145 -3.42956 -0.797145 -3.42956 -0.450947 0.500804 -0.450947 -0.500804 
1 1 0 7.74505 0.110584 2.72787 -0.79695 -3.42886 -0.79695 -3.42886 -0.450805 0.501178 -0.450805 -0.501178 
1 1 0 7.74011 0.110584 2.72852 -0.796755 -3.42816 -0.796755 -3.42816 -0.450652 0.501563 -0.450652 -0.501563 
1 1 0 7.73516 0.110584 2.7292 -0.796559 -3.42745 -0.796559 -3.42745 -0.450487 0.501958 -0.450487 -0.501958 
1 1 0 7.73022 0.110584 2.72991 -0.796363 -3.42674 -0.796363 -3.42674 -0.450311 0.502363 -0.450311 -0.502363 
1 1 0 7.72527 0.110584 2.73064 -0.796167 -3.42603 -0.796167 -3.42603 -0.450124 0.502777 -0.450124 -0.502777 
1 1 0 7.72032 0.110584 2.7314 -0.795971 -3.42532 -0.795971 -3.42532 -0.449925 0.503202 -0.449925 -0.503202 
1 1 0 7.71538 0.110584 2.73218 -0.795775 -3.42461 -0.795775 -3.42461 -0.449715 0.503636 -0.449715 -0.503636 
1 1 0 7.71044 0.110584 2.73299 -0.795579 -3.42389 -0.795579 -3.42389 -0.449494 0.504079 -0.449494 -0.504079 
1 1 0 7.70549 0.110584 2.73383 -0.795383 -3.42317 -0.795383 -3.42317 -0.449261 0.504533 -0.449261 -0.504533 
1 1 0 7.70055 0.110584 2.73469 -0.795186 -3.42245 -0.795186 -3.42245 -0.449017 0.504996 -0.449017 -0.504996 
1 1 0 7.6956 0.110584 2.73558 -0.794989 -3.42173 -0.794989 -3.42173 -0.448762 0.505469 -0.448762 -0.505469 
1 1 0 7.69066 0.110584 2.7365 -0.794793 -3.42101 -0.794793 -3.42101 -0.448495 0.505952 -0.448495 -0.505952 
1 1 0 7.68572 0.110584 2.73744 -0.794596 -3.42028 -0.794596 -3.42028 -0.448216 0.506444 -0.448216 -0.506444 
1 1 0 7.68077 0.110584 2.73841 -0.794399 -3.41956 -0.794399 -3.41956 -0.447927 0.506945 -0.447927 -0.506945 
1 1 0 7.67583 0.110584 2.73941 -0.794202 -3.41883 -0.794202 -3.41883 -0.447625 0.507457 -0.447625 -0.507457 
1 1 0 7.67089 0.110584 2.74043 -0.794004 -3.4181 -0.794004 -3.4181 -0.447313 0.507977 -0.447313 -0.507977 
1 1 0 7.66595 0.110584 2.74148 -0.793807 -3.41736 -0.793807 -3.41736 -0.446989 0.508507 -0.446989 -0.508507 
1 1 0 7.661 0.110584 2.74255 -0.79361 -3.41663 -0.79361 -3.41663 -0.446653 0.509047 -0.446653 -0.509047 
1 1 0 7.65606 0.110584 2.74365 -0.793412 -3.41589 -0.793412 -3.41589 -0.446306 0.509595 -0.446306 -0.509595 
1 1 0 7.65112 0.110584 2.74478 -0.793214 -3.41515 -0.793214 -3.41515 -0.445947 0.510154 -0.445947 -0.510154 
1 1 0 7.64618 0.110584 2.74593 -0.793016 -3.41441 -0.793016 -3.41441 -0.445577 0.510721 -0.445577 -0.510721 
1 1 0 7.64124 0.110584 2.74711 -0.792819 -3.41367 -0.792819 -3.41367 -0.445195 0.511298 -0.445195 -0.511298 
1 1 0 7.6363 0.110584 2.74832 -0.79262 -3.41293 -0.79262 -3.41293 -0.444802 0.511884 -0.444802 -0.511884 
1 1 0 7.63136 0.110584 2.74955 -0.792422 -3.41218 -0.792422 -3.41218 -0.444397 0.512479 -0.444397 -0.512479 
1 1 0 7.62642 0.110584 2.75081 -0.792224 -3.41143 -0.792224 -3.41143 -0.443981 0.513082 -0.443981 -0.513082 
1 1 0 7.62148 0.110584 2.7521 -0.792025 -3.41069 -0.792025 -3.41069 -0.443553 0.513696 -0.443553 -0.513696 
1 1 0 7.61654 0.110584 2.75342 -0.791827 -3.40993 -0.791827 -3.40993 -0.443113 0.514319 -0.443113 -0.514319 
1 1 0 7.6116 0.110584 2.75475 -0.791628 -3.40918 -0.791628 -3.40918 -0.442662 0.514949 -0.442662 -0.514949 
1 1 0 7.60666 0.110584 2.75612 -0.791429 -3.40843 -0.791429 -3.40843 -0.4422 0.515589 -0.4422 -0.515589 
1 1 0 7.60173 0.110584 2.75751 -0.79123 -3.40767 -0.79123 -3.40767 -0.441725 0.516237 -0.441725 -0.516237 
1 1 0 7.59679 0.110584 2.75893 -0.791031 -3.40691 -0.791031 -3.40691 -0.441239 0.516895 -0.441239 -0.516895 
1 1 0 7.59185 0.110584 2.76038 -0.790832 -3.40615 -0.790832 -3.40615 -0.440741 0.517561 -0.440741 -0.517561 
1 1 0 7.58691 0.110584 2.76185 -0.790633 -3.40539 -0.790633 -3.40539 -0.440232 0.518236 -0.440232 -0.518236 
1 1 0 7.58197 0.110584 2.76335 -0.790433 -3.40462 -0.790433 -3.40462 -0.439711 0.51892 -0.439711 -0.51892 
1 1 0 7.57704 0.110584 2.76488 -0.790234 -3.40386 -0.790234 -3.40386 -0.439178 0.519611 -0.439178 -0.519611 
1 1 0 7.5721 0.110584 2.76643 -0.790034 -3.40309 -0.790034 -3.40309 -0.438633 0.520312 -0.438633 -0.520312 
1 1 0 7.56716 0.110584 2.76801 -0.789834 -3.40232 -0.789834 -3.40232 -0.438077 0.521021 -0.438077 -0.521021 
1 1 0 7.56223 0.110584 2.76962 -0.789634 -3.40155 -0.789634 -3.40155 -0.437509 0.521738 -0.437509 -0.521738 
1 1 0 7.55729 0.110584 2.77125 -0.789434 -3.40077 -0.789434 -3.40077 -0.436929 0.522464 -0.436929 -0.522464 
1 1 0 7.55236 0.110584 2.77291 -0.789234 -3.4 -0.789234 -3.4 -0.436337 0.523198 -0.436337 -0.523198 
1 1 0 7.54742 0.110584 2.7746 -0.789034 -3.39922 -0.789034 -3.39922 -0.435734 0.523941 -0.435734 -0.523941 
1 1 0 7.54249 0.110584 2.77631 -0.788834 -3.39844 -0.788834 -3.39844 -0.435119 0.524691 -0.435119 -0.524691 
1 1 0 7.53755 0.110584 2.77805 -0.788633 -3.39766 -0.788633 -3.39766 -0.434492 0.525449 -0.434492 -0.525449 
1 1 0 7.53262 0.110584 2.77982 -0.788432 -3.39688 -0.788432 -3.39688 -0.433853 0.526215 -0.433853 -0.526215 
1 1 0 7.52768 0.110584 2.78161 -0.788232 -3.3961 -0.788232 -3.3961 -0.433202 0.52699 -0.433202 -0.52699 
1 1 0 7.52275 0.110584 2.78344 -0.788031 -3.39531 -0.788031 -3.39531 -0.432539 0.527772 -0.432539 -0.527772 
1 1 0 7.51782 0.110584 2.78528 -0.78783 -3.39452 -0.78783 -3.39452 -0.431865 0.528562 -0.431865 -0.528562 
1 1 0 7.51288 0.110584 2.78716 -0.787629 -3.39373 -0.787629 -3.39373 -0.431178 0.52936 -0.431178 -0.52936 
1 1 0 7.50795 0.110584 2.78906 -0.787427 -3.39294 -0.787427 -3.39294 -0.43048 0.530165 -0.43048 -0.530165 
1 1 0 7.50302 0.110584 2.79099 -0.787226 -3.39215 -0.787226 -3.39215 -0.42977 0.530978 -0.42977 -0.530978 
1 1 0 7.49809 0.110584 2.79295 -0.787025 -3.39135 -0.787025 -3.39135 -0.429047 0.531799 -0.429047 -0.531799 
1 1 0 7.49315 0.110584 2.79493 -0.786823 -3.39056 -0.786823 -3.39056 -0.428313 0.532627 -0.428313 -0.532627 
1 1 0 7.48822 0.110584 2.79694 -0.786621 -3.38976 -0.786621 -3.38976 -0.427567 0.533462 -0.427567 -0.533462 
1 1 0 7.48329 0.110584 2.79898 -0.786419 -3.38896 -0.786419 -3.38896 -0.426808 0.534305 -0.426808 -0.534305 
1 1 0 7.47836 0.110584 2.80105 -0.786217 -3.38816 -0.786217 -3.38816 -0.426038 0.535156 -0.426038 -0.535156 
1 1 0 7.47343 0.110584 2.80314 -0.786015 -3.38735 -0.786015 -3.38735 -0.425256 0.536012 -0.425256 -0.536012 
1 1 0 7.4685 0.110584 2.80526 -0.785813 -3.38655 -0.785813 -3.38655 -0.424461 0.536877 -0.424461 -0.536877 
1 1 0 7.46357 0.110584 2.80741 -0.785611 -3.38574 -0.785611 -3.38574 -0.423655 0.537748 -0.423655 -0.537748 
1 1 0 7.45864 0.110584 2.80958 -0.785408 -3.38493 -0.785408 -3.38493 -0.422836 0.538627 -0.422836 -0.538627 
1 1 0 7.45371 0.110584 2.81179 -0.785206 -3.38412 -0.785206 -3.38412 -0.422006 0.539512 -0.422006 -0.539512 
1 1 0 7.44878 0.110584 2.81402 -0.785003 -3.3833 -0.785003 -3.3833 -0.421163 0.540404 -0.421163 -0.540404 
1 1 0 7.44385 0.110584 2.81627 -0.7848 -3.38249 -0.7848 -3.38249 -0.420308 0.541303 -0.420308 -0.541303 
1 1 0 7.43892 0.110584 2.81856 -0.784597 -3.38167 -0.784597 -3.38167 -0.41944 0.542208 -0.41944 -0.542208 
1 1 0 7.43399 0.110584 2.82087 -0.784394 -3.38085 -0.784394 -3.38085 -0.418561 0.54312 -0.418561 -0.54312 
1 1 0 7.42907 0.110584 2.82322 -0.784191 -3.38003 -0.784191 -3.38003 -0.41767 0.544038 -0.41767 -0.544038 
1 1 0 7.42414 0.110584 2.82558 -0.783988 -3.37921 -0.783988 -3.37921 -0.416766 0.544963 -0.416766 -0.544963 
1 1 0 7.41921 0.110584 2.82798 -0.783785 -3.37839 -0.783785 -3.37839 -0.41585 0.545895 -0.41585 -0.545895 
1 1 0 7.41428 0.110584 2.83041 -0.783581 -3.37756 -0.783581 -3.37756 -0.414921 0.546832 -0.414921 -0.546832 
1 1 0 7.40936 0.110584 2.83286 -0.783378 -3.37674 -0.783378 -3.37674 -0.413981 0.547776 -0.413981 -0.547776 
1 1 0 7.40443 0.110584 2.83534 -0.783174 -3.37591 -0.783174 -3.37591 -0.413028 0.548725 -0.413028 -0.548725 
1 1 0 7.3995 0.110584 2.83785 -0.78297 -3.37508 -0.78297 -3.37508 -0.412063 0.549681 -0.412063 -0.549681 
1 1 0 7.39458 0.110584 2.84039 -0.782766 -3.37424 -0.782766 -3.37424 -0.411085 0.550643 -0.411085 -0.550643 
1 1 0 7.38965 0.110584 2.84295 -0.782562 -3.37341 -0.782562 -3.37341 -0.410095 0.55161 -0.410095 -0.55161 
1 1 0 7.38473 0.110584 2.84554 -0.782358 -3.37257 -0.782358 -3.37257 -0.409093 0.552584 -0.409093 -0.552584 
1 1 0 7.3798 0.110584 2.84817 -0.782153 -3.37174 -0.782153 -3.37174 -0.408078 0.553563 -0.408078 -0.553563 
1 1 0 7.37488 0.110584 2.85082 -0.781949 -3.3709 -0.781949 -3.3709 -0.407051 0.554547 -0.407051 -0.554547 
1 1 0 7.36995 0.110584 2.8535 -0.781744 -3.37005 -0.781744 -3.37005 -0.406012 0.555538 -0.406012 -0.555538 
1 1 0 7.36503 0.110584 2.8562 -0.78154 -3.36921 -0.78154 -3.36921 -0.40496 0.556533 -0.40496 -0.556533 
1 1 0 7.3601 0.110584 2.85894 -0.781335 -3.36837 -0.781335 -3.36837 -0.403895 0.557534 -0.403895 -0.557534 
1 1 0 7.35518 0.110584 2.86171 -0.78113 -3.36752 -0.78113 -3.36752 -0.402818 0.55854 -0.402818 -0.55854 
1 1 0 7.35026 0.110584 2.8645 -0.780925 -3.36667 -0.780925 -3.36667 -0.401729 0.559552 -0.401729 -0.559552 
1 1 0 7.34533 0.110584 2.86732 -0.78072 -3.36582 -0.78072 -3.36582 -0.400627 0.560569 -0.400627 -0.560569 
1 1 0 7.34041 0.110584 2.87018 -0.780515 -3.36497 -0.780515 -3.36497 -0.399512 0.56159 -0.399512 -0.56159 
1 1 0 7.33549 0.110584 2.87306 -0.780309 -3.36411 -0.780309 -3.36411 -0.398385 0.562616 -0.398385 -0.562616 
1 1 0 7.33057 0.110584 2.87597 -0.780104 -3.36326 -0.780104 -3.36326 -0.397246 0.563647 -0.397246 -0.563647 
1 1 0 7.32565 0.110584 2.87891 -0.779898 -3.3624 -0.779898 -3.3624 -0.396093 0.564684 -0.396093 -0.564684 
1 1 0 7.32073 0.110584 2.88188 -0.779692 -3.36154 -0.779692 -3.36154 -0.394928 0.565724 -0.394928 -0.565724 
1 1 0 7.3158 0.110584 2.88487 -0.779487 -3.36068 -0.779487 -3.36068 -0.39375 0.566769 -0.39375 -0.566769 
1 1 0 7.31088 0.110584 2.8879 -0.779281 -3.35982 -0.779281 -3.35982 -0.39256 0.567819 -0.39256 -0.567819 
1 1 0 7.30596 0.110584 2.89096 -0.779075 -3.35895 -0.779075 -3.35895 -0.391357 0.568873 -0.391357 -0.568873 
1 1 0 7.30104 0.110584 2.89405 -0.778868 -3.35809 -0.778868 -3.35809 -0.390141 0.569931 -0.390141 -0.569931 
1 1 0 7.29612 0.110584 2.89717 -0.778662 -3.35722 -0.778662 -3.35722 -0.388913 0.570994 -0.388913 -0.570994 
1 1 0 7.2912 0.110584 2.90031 -0.778456 -3.35635 -0.778456 -3.35635 -0.387671 0.572061 -0.387671 -0.572061 
1 1 0 7.28628 0.110584 2.90349 -0.778249 -3.35548 -0.778249 -3.35548 -0.386417 0.573132 -0.386417 -0.573132 
1 1 0 7.28137 0.110584 2.9067 -0.778043 -3.3546 -0.778043 -3.3546 -0.38515 0.574206 -0.38515 -0.574206 
1 1 0 7.27645 0.110584 2.90994 -0.777836 -3.35373 -0.777836 -3.35373 -0.383871 0.575285 -0.383871 -0.575285 
1 1 0 7.27153 0.110584 2.91321 -0.777629 -3.35285 -0.777629 -3.35285 -0.382578 0.576367 -0.382578 -0.576367 
1 1 0 7.26661 0.110584 2.9165 -0.777422 -3.35197 -0.777422 -3.35197 -0.381272 0.577453 -0.381272 -0.577453 
1 1 0 7.26169 0.110584 2.91983 -0.777215 -3.35109 -0.777215 -3.35109 -0.379954 0.578542 -0.379954 -0.578542 
1 1 0 7.25678 0.110584 2.92319 -0.777008 -3.35021 -0.777008 -3.35021 -0.378623 0.579635 -0.378623 -0.579635 
1 1 0 7.25186 0.110584 2.92659 -0.776801 -3.34932 -0.776801 -3.34932 -0.377278 0.580732 -0.377278 -0.580732 
1 1 0 7.24694 0.110584 2.93001 -0.776593 -3.34844 -0.776593 -3.34844 -0.375921 0.581831 -0.375921 -0.581831 
1 1 0 7.24203 0.110584 2.93346 -0.776386 -3.34755 -0.776386 -3.34755 -0.374551 0.582934 -0.374551 -0.582934 
1 1 0 7.23711 0.110584 2.93695 -0.776178 -3.34666 -0.776178 -3.34666 -0.373168 0.58404 -0.373168 -0.58404 
1 1 0 7.2322 0.110584 2.94046 -0.77597 -3.34577 -0.77597 -3.34577 -0.371771 0.585149 -0.371771 -0.585149 
1 1 0 7.22728 0.110584 2.94401 -0.775762 -3.34488 -0.775762 -3.34488 -0.370362 0.586261 -0.370362 -0.586261 
1 1 0 7.22237 0.110584 2.94759 -0.775554 -3.34398 -0.775554 -3.34398 -0.368939 0.587375 -0.368939 -0.587375 
1 1 0 7.21745 0.110584 2.9512 -0.775346 -3.34308 -0.775346 -3.34308 -0.367504 0.588492 -0.367504 -0.588492 
1 1 0 7.21254 0.110584 2.95485 -0.775138 -3.34219 -0.775138 -3.34219 -0.366055 0.589612 -0.366055 -0.589612 
1 1 0 7.20762 0.110584 2.95852 -0.77493 -3.34129 -0.77493 -3.34129 -0.364593 0.590734 -0.364593 -0.590734 
1 1 0 7.20271 0.110584 2.96223 -0.774722 -3.34038 -0.774722 -3.34038 -0.363118 0.59186 -0.363118 -0.59186 
1 1 0 7.1978 0.110584 2.96597 -0.774513 -3.33948 -0.774513 -3.33948 -0.36163 0.592987 -0.36163 -0.592987 
1 1 0 7.19288 0.110584 2.96975 -0.774304 -3.33857 -0.774304 -3.33857 -0.360128 0.594116 -0.360128 -0.594116 
1 1 0 7.18797 0.110584 2.97355 -0.774096 -3.33767 -0.774096 -3.33767 -0.358613 0.595248 -0.358613 -0.595248 
1 1 0 7.18306 0.110584 2.97739 -0.773887 -3.33676 -0.773887 -3.33676 -0.357085 0.596381 -0.357085 -0.596381 
1 1 0 7.17815 0.110584 2.98126 -0.773678 -3.33584 -0.773678 -3.33584 -0.355543 0.597517 -0.355543 -0.597517 
1 1 0 7.17324 0.110584 2.98517 -0.773469 -3.33493 -0.773469 -3.33493 -0.353989 0.598655 -0.353989 -0.598655 
2 1 0 8.01 0.110584 0 -1.04455 -3.02495 -1.04455 -3.02495 -0.353989 0.598655 -0.353989 -0.598655 
1 1 0 8.01 0.110584 2.73143 -1.04455 -3.02495 -1.04455 -3.02495 -0.442761 0.495219 -0.442761 -0.495219 
1 1 0 8.01 0.110584 2.73143 -1.04455 -3.02495 -1.04455 -3.02495 -0.442761 0.495219 -0.442761 -0.495219 
1 1 0 8.01 0.110584 2.73143 -1.04455 -3.02495 -1.04455 -3.02495 -0.442762 0.49522 -0.442762 -0.49522 
1 1 0 8.01 0.110584 2.73143 -1.04455 -3.02495 -1.04455 -3.02495 -0.442762 0.495219 -0.442762 -0.495219 
1 1 0 8.01 0.110584 2.73143 -1.04455 -3.02495 -1.04455 -3.02495 -0.442762 0.495219 -0.442762 -0.495219 
1 1 0 8.00999 0.110584 2.73143 -1.04455 -3.02495 -1.04455 -3.02495 -0.442762 0.495219 -0.442762 -0.495219 
1 1 0 8.00998 0.110584 2.73143 -1.04455 -3.02494 -1.04455 -3.02494 -0.442763 0.495219 -0.442763 -0.495219 
1 1 0 8.00997 0.110584 2.73143 -1.04455 -3.02494 -1.04455 -3.02494 -0.442764 0.495218 -0.442764 -0.495218 
1 1 0 8.00995 0.110584 2.73142 -1.04455 -3.02494 -1.04455 -3.02494 -0.442766 0.495218 -0.442766 -0.495218 
1 1 0 8.00991 0.110584 2.73142 -1.04455 -3.02493 -1.04455 -3.02493 -0.442769 0.495217 -0.442769 -0.495217 
1 1 0 8.00987 0.110584 2.73141 -1.04454 -3.02492 -1.04454 -3.02492 -0.442773 0.495215 -0.442773 -0.495215 
1 1 0 8.00979 0.110584 2.7314 -1.04454 -3.02491 -1.04454 -3.02491 -0.44278 0.495213 -0.44278 -0.495213 
1 1 0 8.00969 0.110584 2.73138 -1.04453 -3.02489 -1.04453 -3.02489 -0.442789 0.49521 -0.442789 -0.49521 
1 1 0 8.00953 0.110584 2.73136 -1.04451 -3.02487 -1.04451 -3.02487 -0.442804 0.495205 -0.442804 -0.495205 
1 1 0 8.00928 0.110584 2.73132 -1.04449 -3.02482 -1.04449 -3.02482 -0.442826 0.495197 -0.442826 -0.495197 
1 1 0 8.00892 0.110584 2.73126 -1.04446 -3.02476 -1.04446 -3.02476 -0.442858 0.495187 -0.442858 -0.495187 
1 1 0 8.00838 0.110584 2.73118 -1.04442 -3.02467 -1.04442 -3.02467 -0.442906 0.49517 -0.442906 -0.49517 
1 1 0 8.00756 0.110584 2.73105 -1.04435 -3.02453 -1.04435 -3.02453 -0.442979 0.495146 -0.442979 -0.495146 
1 1 0 8.00634 0.110584 2.73087 -1.04425 -3.02432 -1.04425 -3.02432 -0.443087 0.495109 -0.443087 -0.495109 
1 1 0 8.0045 0.110584 2.73059 -1.0441 -3.024 -1.0441 -3.024 -0.443248 0.495056 -0.443248 -0.495056 
1 1 0 8.00248 0.110584 2.73029 -1.04393 -3.02366 -1.04393 -3.02366 -0.443424 0.494999 -0.443424 -0.494999 
1 1 0 8.00026 0.110584 2.72996 -1.04375 -3.02328 -1.04375 -3.02328 -0.443614 0.494938 -0.443614 -0.494938 
1 1 0 7.99782 0.110584 2.72961 -1.04354 -3.02286 -1.04354 -3.02286 -0.443822 0.494873 -0.443822 -0.494873 
1 1 0 7.99513 0.110584 2.72923 -1.04332 -3.0224 -1.04332 -3.0224 -0.444047 0.494804 -0.444047 -0.494804 
1 1 0 7.99218 0.110584 2.72882 -1.04307 -3.02189 -1.04307 -3.02189 -0.444291 0.494732 -0.444291 -0.494732 
1 1 0 7.98893 0.110584 2.72838 -1.0428 -3.02134 -1.0428 -3.02134 -0.444555 0.494657 -0.444555 -0.494657 
1 1 0 7.98535 0.110584 2.72791 -1.0425 -3.02073 -1.0425 -3.02073 -0.44484 0.494578 -0.44484 -0.494578 
1 1 0 7.98141 0.110584 2.72741 -1.04218 -3.02006 -1.04218 -3.02006 -0.445146 0.494497 -0.445146 -0.494497 
1 1 0 7.97708 0.110584 2.72687 -1.04182 -3.01933 -1.04182 -3.01933 -0.445476 0.494416 -0.445476 -0.494416 
1 1 0 7.97232 0.110584 2.72631 -1.04142 -3.01852 -1.04142 -3.01852 -0.445829 0.494334 -0.445829 -0.494334 
1 1 0 7.96741 0.110584 2.72576 -1.04101 -3.01769 -1.04101 -3.01769 -0.446182 0.49426 -0.446182 -0.49426 
1 1 0 7.9625 0.110584 2.72523 -1.0406 -3.01686 -1.0406 -3.01686 -0.446525 0.494195 -0.446525 -0.494195 
1 1 0 7.95758 0.110584 2.72472 -1.04019 -3.01603 -1.04019 -3.01603 -0.446857 0.49414 -0.446857 -0.49414 
1 1 0 7.95267 0.110584 2.72425 -1.03978 -3.01521 -1.03978 -3.01521 -0.447178 0.494094 -0.447178 -0.494094 
1 1 0 7.94775 0.110584 2.7238 -1.03937 -3.01438 -1.03937 -3.01438 -0.447488 0.494058 -0.447488 -0.494058 
1 1 0 7.94284 0.110584 2.72337 -1.03896 -3.01356 -1.03896 -3.01356 -0.447788 0.494031 -0.447788 -0.494031 
1 1 0 7.93792 0.110584 2.72297 -1.03854 -3.01274 -1.03854 -3.01274 -0.448077 0.494015 -0.448077 -0.494015 
1 1 0 7.93301 0.110584 2.7226 -1.03813 -3.01192 -1.03813 -3.01192 -0.448355 0.494008 -0.448355 -0.494008 
1 1 0 7.92809 0.110584 2.72225 -1.03772 -3.0111 -1.03772 -3.0111 -0.448622 0.49401 -0.448622 -0.49401 
1 1 0 7.92318 0.110584 2.72193 -1.03731 -3.01029 -1.03731 -3.01029 -0.448879 0.494023 -0.448879 -0.494023 
1 1 0 7.91826 0.110584 2.72164 -1.0369 -3.00947 -1.0369 -3.00947 -0.449124 0.494045 -0.449124 -0.494045 
1 1 0 7.91334 0.110584 2.72137 -1.03648 -3.00866 -1.03648 -3.00866 -0.449359 0.494078 -0.449359 -0.494078 
1 1 0 7.90843 0.110584 2.72113 -1.03607 -3.00785 -1.03607 -3.00785 -0.449583 0.49412 -0.449583 -0.49412 
1 1 0 7.90351 0.110584 2.72091 -1.03566 -3.00704 -1.03566 -3.00704 -0.449796 0.494172 -0.449796 -0.494172 
1 1 0 7.89859 0.110584 2.72072 -1.03525 -3.00623 -1.03525 -3.00623 -0.449999 0.494233 -0.449999 -0.494233 
1 1 0 7.89368 0.110584 2.72056 -1.03483 -3.00543 -1.03483 -3.00543 -0.45019 0.494305 -0.45019 -0.494305 
1 1 0 7.88876 0.110584 2.72042 -1.03442 -3.00462 -1.03442 -3.00462 -0.450371 0.494387 -0.450371 -0.494387 
1 1 0 7.88384 0.110584 2.72031 -1.034 -3.00382 -1.034 -3.00382 -0.450541 0.494478 -0.450541 -0.494478 
1 1 0 7.87892 0.110584 2.72022 -1.03359 -3.00302 -1.03359 -3.00302 -0.450699 0.49458 -0.450699 -0.49458 
1 1 0 7.87401 0.110584 2.72016 -1.03318 -3.00222 -1.03318 -3.00222 -0.450847 0.494691 -0.450847 -0.494691 
1 1 0 7.86909 0.110584 2.72013 -1.03276 -3.00142 -1.03276 -3.00142 -0.450984 0.494813 -0.450984 -0.494813 
1 1 0 7.86417 0.110584 2.72012 -1.03235 -3.00063 -1.03235 -3.00063 -0.45111 0.494944 -0.45111 -0.494944 
1 1 0 7.85925 0.110584 2.72014 -1.03193 -2.99983 -1.03193 -2.99983 -0.451226 0.495085 -0.451226 -0.495085 
1 1 0 7.85433 0.110584 2.72018 -1.03152 -2.99904 -1.03152 -2.99904 -0.45133 0.495237 -0.45133 -0.495237 
1 1 0 7.84941 0.110584 2.72025 -1.0311 -2.99825 -1.0311 -2.99825 -0.451423 0.495398 -0.451423 -0.495398 
1 1 0 7.84449 0.110584 2.72035 -1.03068 -2.99746 -1.03068 -2.99746 -0.451506 0.49557 -0.451506 -0.49557 
1 1 0 7.83957 0.110584 2.72047 -1.03027 -2.99667 -1.03027 -2.99667 -0.451577 0.495751 -0.451577 -0.495751 
1 1 0 7.83465 0.110584 2.72062 -1.02985 -2.99589 -1.02985 -2.99589 -0.451637 0.495943 -0.451637 -0.495943 
1 1 0 7.82973 0.110584 2.72079 -1.02944 -2.9951 -1.02944 -2.9951 -0.451687 0.496145 -0.451687 -0.496145 
1 1 0 7.82481 0.110584 2.72099 -1.02902 -2.99432 -1.02902 -2.99432 -0.451725 0.496357 -0.451725 -0.496357 
1 1 0 7.81989 0.110584 2.72122 -1.0286 -2.99354 -1.0286 -2.99354 -0.451753 0.496578 -0.451753 -0.496578 
1 1 0 7.81497 0.110584 2.72147 -1.02819 -2.99276 -1.02819 -2.99276 -0.451769 0.496809 -0.451769 -0.496809 
1 1 0 7.81005 0.110584 2.72175 -1.02777 -2.99198 -1.02777 -2.99198 -0.451775 0.497051 -0.451775 -0.497051 
1 1 0 7.80512 0.110584 2.72205 -1.02735 -2.9912 -1.02735 -2.9912 -0.451769 0.497303 -0.451769 -0.497303 
1 1 0 7.8002 0.110584 2.72238 -1.02693 -2.99043 -1.02693 -2.99043 -0.451752 0.497565 -0.451752 -0.497565 
1 1 0 7.79528 0.110584 2.72274 -1.02651 -2.98966 -1.02651 -2.98966 -0.451724 0.497837 -0.451724 -0.497837 
1 1 0 7.79036 0.110584 2.72312 -1.0261 -2.98889 -1.0261 -2.98889 -0.451685 0.498118 -0.451685 -0.498118 
1 1 0 7.78543 0.110584 2.72353 -1.02568 -2.98812 -1.02568 -2.98812 -0.451635 0.49841 -0.451635 -0.49841 
1 1 0 7.78051 0.110584 2.72397 -1.02526 -2.98735 -1.02526 -2.98735 -0.451574 0.498712 -0.451574 -0.498712 
1 1 0 7.77559 0.110584 2.72443 -1.02484 -2.98658 -1.02484 -2.98658 -0.451502 0.499024 -0.451502 -0.499024 
1 1 0 7.77066 0.110584 2.72491 -1.02442 -2.98582 -1.02442 -2.98582 -0.451419 0.499345 -0.451419 -0.499345 
1 1 0 7.76574 0.110584 2.72543 -1.024 -2.98506 -1.024 -2.98506 -0.451324 0.499677 -0.451324 -0.499677 
1 1 0 7.76082 0.110584 2.72597 -1.02358 -2.98429 -1.02358 -2.98429 -0.451219 0.500018 -0.451219 -0.500018 
1 1 0 7.75589 0.110584 2.72653 -1.02316 -2.98353 -1.02316 -2.98353 -0.451102 0.50037 -0.451102 -0.50037 
1 1 0 7.75097 0.110584 2.72712 -1.02274 -2.98278 -1.02274 -2.98278 -0.450974 0.500731 -0.450974 -0.500731 
1 1 0 7.74604 0.110584 2.72774 -1.02232 -2.98202 -1.02232 -2.98202 -0.450835 0.501103 -0.450835 -0.501103 
1 1 0 7.74112 0.110584 2.72839 -1.0219 -2.98127 -1.0219 -2.98127 -0.450684 0.501484 -0.450684 -0.501484 
1 1 0 7.73619 0.110584 2.72906 -1.02148 -2.98051 -1.02148 -2.98051 -0.450523 0.501875 -0.450523 -0.501875 
1 1 0 7.73127 0.110584 2.72975 -1.02106 -2.97976 -1.02106 -2.97976 -0.45035 0.502276 -0.45035 -0.502276 
1 1 0 7.72634 0.110584 2.73048 -1.02064 -2.97901 -1.02064 -2.97901 -0.450166 0.502686 -0.450166 -0.502686 
1 1 0 7.72142 0.110584 2.73123 -1.02021 -2.97826 -1.02021 -2.97826 -0.44997 0.503107 -0.44997 -0.503107 
1 1 0 7.71649 0.110584 2.732 -1.01979 -2.97752 -1.01979 -2.97752 -0.449764 0.503537 -0.449764 -0.503537 
1 1 0 7.71157 0.110584 2.7328 -1.01937 -2.97677 -1.01937 -2.97677 -0.449546 0.503977 -0.449546 -0.503977 
1 1 0 7.70664 0.110584 2.73363 -1.01895 -2.97603 -1.01895 -2.97603 -0.449316 0.504427 -0.449316 -0.504427 
1 1 0 7.70171 0.110584 2.73449 -1.01852 -2.97529 -1.01852 -2.97529 -0.449076 0.504886 -0.449076 -0.504886 
1 1 0 7.69679 0.110584 2.73537 -1.0181 -2.97455 -1.0181 -2.97455 -0.448824 0.505355 -0.448824 -0.505355 
1 1 0 7.69186 0.110584 2.73627 -1.01768 -2.97381 -1.01768 -2.97381 -0.448561 0.505834 -0.448561 -0.505834 
1 1 0 7.68693 0.110584 2.73721 -1.01725 -2.97307 -1.01725 -2.97307 -0.448286 0.506322 -0.448286 -0.506322 
1 1 0 7.682 0.110584 2.73817 -1.01683 -2.97234 -1.01683 -2.97234 -0.448 0.506819 -0.448 -0.506819 
1 1 0 7.67708 0.110584 2.73915 -1.01641 -2.9716 -1.01641 -2.9716 -0.447702 0.507327 -0.447702 -0.507327 
1 1 0 7.67215 0.110584 2.74016 -1.01598 -2.97087 -1.01598 -2.97087 -0.447394 0.507843 -0.447394 -0.507843 
1 1 0 7.66722 0.110584 2.7412 -1.01556 -2.97014 -1.01556 -2.97014 -0.447073 0.508369 -0.447073 -0.508369 
1 1 0 7.66229 0.110584 2.74227 -1.01513 -2.96941 -1.01513 -2.96941 -0.446741 0.508905 -0.446741 -0.508905 
1 1 0 7.65736 0.110584 2.74336 -1.01471 -2.96869 -1.01471 -2.96869 -0.446398 0.50945 -0.446398 -0.50945 
1 1 0 7.65243 0.110584 2.74448 -1.01428 -2.96796 -1.01428 -2.96796 -0.446044 0.510004 -0.446044 -0.510004 
1 1 0 7.64751 0.110584 2.74562 -1.01386 -2.96724 -1.01386 -2.96724 -0.445677 0.510568 -0.445677 -0.510568 
1 1 0 7.64258 0.110584 2.74679 -1.01343 -2.96651 -1.01343 -2.96651 -0.4453 0.511141 -0.4453 -0.511141 
1 1 0 7.63765 0.110584 2.74799 -1.01301 -2.96579 -1.01301 -2.96579 -0.44491 0.511723 -0.44491 -0.511723 
1 1 0 7.63272 0.110584 2.74921 -1.01258 -2.96507 -1.01258 -2.96507 -0.44451 0.512314 -0.44451 -0.512314 
1 1 0 7.62779 0.110584 2.75046 -1.01216 -2.96436 -1.01216 -2.96436 -0.444097 0.512915 -0.444097 -0.512915 
1 1 0 7.62286 0.110584 2.75174 -1.01173 -2.96364 -1.01173 -2.96364 -0.443673 0.513524 -0.443673 -0.513524 
1 1 0 7.61793 0.110584 2.75304 -1.0113 -2.96293 -1.0113 -2.96293 -0.443238 0.514142 -0.443238 -0.514142 
1 1 0 7.613 0.110584 2.75437 -1.01088 -2.96222 -1.01088 -2.96222 -0.442791 0.51477 -0.442791 -0.51477 
1 1 0 7.60807 0.110584 2.75573 -1.01045 -2.96151 -1.01045 -2.96151 -0.442332 0.515406 -0.442332 -0.515406 
1 1 0 7.60313 0.110584 2.75711 -1.01002 -2.9608 -1.01002 -2.9608 -0.441862 0.516052 -0.441862 -0.516052 
1 1 0 7.5982 0.110584 2.75852 -1.00959 -2.96009 -1.00959 -2.96009 -0.44138 0.516705 -0.44138 -0.516705 
1 1 0 7.59327 0.110584 2.75996 -1.00916 -2.95938 -1.00916 -2.95938 -0.440886 0.517368 -0.440886 -0.517368 
1 1 0 7.58834 0.110584 2.76142 -1.00874 -2.95868 -1.00874 -2.95868 -0.44038 0.51804 -0.44038 -0.51804 
1 1 0 7.58341 0.110584 2.76291 -1.00831 -2.95798 -1.00831 -2.95798 -0.439863 0.51872 -0.439863 -0.51872 
1 1 0 7.57848 0.110584 2.76443 -1.00788 -2.95728 -1.00788 -2.95728 -0.439334 0.519409 -0.439334 -0.519409 
1 1 0 7.57354 0.110584 2.76597 -1.00745 -2.95658 -1.00745 -2.95658 -0.438794 0.520106 -0.438794 -0.520106 
1 1 0 7.56861 0.110584 2.76755 -1.00702 -2.95588 -1.00702 -2.95588 -0.438241 0.520813 -0.438241 -0.520813 
1 1 0 7.56368 0.110584 2.76914 -1.00659 -2.95518 -1.00659 -2.95518 -0.437677 0.521527 -0.437677 -0.521527 
1 1 0 7.55875 0.110584 2.77077 -1.00616 -2.95449 -1.00616 -2.95449 -0.437101 0.52225 -0.437101 -0.52225 
1 1 0 7.55381 0.110584 2.77242 -1.00573 -2.9538 -1.00573 -2.9538 -0.436513 0.522981 -0.436513 -0.522981 
1 1 0 7.54888 0.110584 2.7741 -1.0053 -2.95311 -1.0053 -2.95311 -0.435913 0.52372 -0.435913 -0.52372 
1 1 0 7.54395 0.110584 2.7758 -1.00487 -2.95242 -1.00487 -2.95242 -0.435302 0.524468 -0.435302 -0.524468 
1 1 0 7.53901 0.110584 2.77753 -1.00444 -2.95173 -1.00444 -2.95173 -0.434678 0.525224 -0.434678 -0.525224 
1 1 0 7.53408 0.110584 2.77929 -1.00401 -2.95104 -1.00401 -2.95104 -0.434043 0.525988 -0.434043 -0.525988 
1 1 0 7.52914 0.110584 2.78108 -1.00358 -2.95036 -1.00358 -2.95036 -0.433396 0.52676 -0.433396 -0.52676 
1 1 0 7.52421 0.110584 2.78289 -1.00315 -2.94968 -1.00315 -2.94968 -0.432737 0.52754 -0.432737 -0.52754 
1 1 0 7.51928 0.110584 2.78473 -1.00272 -2.949 -1.00272 -2.949 -0.432065 0.528328 -0.432065 -0.528328 
1 1 0 7.51434 0.110584 2.7866 -1.00228 -2.94832 -1.00228 -2.94832 -0.431382 0.529124 -0.431382 -0.529124 
1 1 0 7.50941 0.110584 2.7885 -1.00185 -2.94764 -1.00185 -2.94764 -0.430687 0.529927 -0.430687 -0.529927 
1 1 0 7.50447 0.110584 2.79042 -1.00142 -2.94696 -1.00142 -2.94696 -0.42998 0.530738 -0.42998 -0.530738 
1 1 0 7.49954 0.110584 2.79237 -1.00099 -2.94629 -1.00099 -2.94629 -0.429261 0.531557 -0.429261 -0.531557 
1 1 0 7.4946 0.110584 2.79435 -1.00055 -2.94562 -1.00055 -2.94562 -0.428529 0.532384 -0.428529 -0.532384 
1 1 0 7.48966 0.110584 2.79635 -1.00012 -2.94495 -1.00012 -2.94495 -0.427786 0.533218 -0.427786 -0.533218 
1 1 0 7.48473 0.110584 2.79838 -0.999688 -2.94428 -0.999688 -2.94428 -0.427031 0.534059 -0.427031 -0.534059 
1 1 0 7.47979 0.110584 2.80045 -0.999255 -2.94361 -0.999255 -2.94361 -0.426263 0.534908 -0.426263 -0.534908 
1 1 0 7.47486 0.110584 2.80253 -0.998821 -2.94294 -0.998821 -2.94294 -0.425483 0.535764 -0.425483 -0.535764 
1 1 0 7.46992 0.110584 2.80465 -0.998387 -2.94228 -0.998387 -2.94228 -0.424691 0.536627 -0.424691 -0.536627 
1 1 0 7.46498 0.110584 2.80679 -0.997952 -2.94162 -0.997952 -2.94162 -0.423887 0.537498 -0.423887 -0.537498 
1 1 0 7.46004 0.110584 2.80896 -0.997518 -2.94095 -0.997518 -2.94095 -0.423071 0.538376 -0.423071 -0.538376 
1 1 0 7.45511 0.110584 2.81116 -0.997083 -2.9403 -0.997083 -2.9403 -0.422242 0.53926 -0.422242 -0.53926 
1 1 0 7.45017 0.110584 2.81339 -0.996648 -2.93964 -0.996648 -2.93964 -0.421402 0.540152 -0.421402 -0.540152 
1 1 0 7.44523 0.110584 2.81564 -0.996213 -2.93898 -0.996213 -2.93898 -0.420548 0.54105 -0.420548 -0.54105 
1 1 0 7.44029 0.110584 2.81792 -0.995777 -2.93833 -0.995777 -2.93833 -0.419683 0.541955 -0.419683 -0.541955 
1 1 0 7.43536 0.110584 2.82023 -0.995341 -2.93767 -0.995341 -2.93767 -0.418806 0.542867 -0.418806 -0.542867 
1 1 0 7.43042 0.110584 2.82257 -0.994905 -2.93702 -0.994905 -2.93702 -0.417915 0.543786 -0.417915 -0.543786 
1 1 0 7.42548 0.110584 2.82494 -0.994469 -2.93637 -0.994469 -2.93637 -0.417013 0.544711 -0.417013 -0.544711 
1 1 0 7.42054 0.110584 2.82733 -0.994032 -2.93573 -0.994032 -2.93573 -0.416098 0.545642 -0.416098 -0.545642 
1 1 0 7.4156 0.110584 2.82975 -0.993596 -2.93508 -0.993596 -2.93508 -0.415171 0.54658 -0.415171 -0.54658 
1 1 0 7.41066 0.110584 2.83221 -0.993158 -2.93444 -0.993158 -2.93444 -0.414231 0.547525 -0.414231 -0.547525 
1 1 0 7.40572 0.110584 2.83469 -0.992721 -2.93379 -0.992721 -2.93379 -0.413279 0.548476 -0.413279 -0.548476 
1 1 0 7.40078 0.110584 2.83719 -0.992284 -2.93315 -0.992284 -2.93315 -0.412315 0.549432 -0.412315 -0.549432 
1 1 0 7.39585 0.110584 2.83973 -0.991846 -2.93251 -0.991846 -2.93251 -0.411338 0.550395 -0.411338 -0.550395 
1 1 0 7.39091 0.110584 2.8423 -0.991408 -2.93188 -0.991408 -2.93188 -0.410348 0.551364 -0.410348 -0.551364 
1 1 0 7.38597 0.110584 2.84489 -0.99097 -2.93124 -0.99097 -2.93124 -0.409346 0.552339 -0.409346 -0.552339 
1 1 0 7.38103 0.110584 2.84751 -0.990531 -2.93061 -0.990531 -2.93061 -0.408332 0.553319 -0.408332 -0.553319 
1 1 0 7.37608 0.110584 2.85016 -0.990092 -2.92997 -0.990092 -2.92997 -0.407304 0.554305 -0.407304 -0.554305 
1 1 0 7.37114 0.110584 2.85285 -0.989653 -2.92934 -0.989653 -2.92934 -0.406264 0.555298 -0.406264 -0.555298 
1 1 0 7.3662 0.110584 2.85556 -0.989214 -2.92871 -0.989214 -2.92871 -0.405212 0.556295 -0.405212 -0.556295 
1 1 0 7.36126 0.110584 2.85829 -0.988774 -2.92809 -0.988774 -2.92809 -0.404147 0.557298 -0.404147 -0.557298 
1 1 0 7.35632 0.110584 2.86106 -0.988334 -2.92746 -0.988334 -2.92746 -0.403069 0.558307 -0.403069 -0.558307 
1 1 0 7.35138 0.110584 2.86386 -0.987894 -2.92684 -0.987894 -2.92684 -0.401978 0.559321 -0.401978 -0.559321 
1 1 0 7.34644 0.110584 2.86669 -0.987454 -2.92621 -0.987454 -2.92621 -0.400875 0.56034 -0.400875 -0.56034 
1 1 0 7.3415 0.110584 2.86954 -0.987014 -2.92559 -0.987014 -2.92559 -0.399759 0.561364 -0.399759 -0.561364 
1 1 0 7.33655 0.110584 2.87243 -0.986573 -2.92497 -0.986573 -2.92497 -0.39863 0.562394 -0.39863 -0.562394 
1 1 0 7.33161 0.110584 2.87535 -0.986132 -2.92436 -0.986132 -2.92436 -0.397488 0.563428 -0.397488 -0.563428 
1 1 0 7.32667 0.110584 2.87829 -0.98569 -2.92374 -0.98569 -2.92374 -0.396334 0.564468 -0.396334 -0.564468 
1 1 0 7.32173 0.110584 2.88127 -0.985249 -2.92313 -0.985249 -2.92313 -0.395166 0.565512 -0.395166 -0.565512 
1 1 0 7.31679 0.110584 2.88427 -0.984807 -2.92252 -0.984807 -2.92252 -0.393986 0.566561 -0.393986 -0.566561 
1 1 0 7.31184 0.110584 2.88731 -0.984365 -2.92191 -0.984365 -2.92191 -0.392793 0.567614 -0.392793 -0.567614 
1 1 0 7.3069 0.110584 2.89038 -0.983923 -2.9213 -0.983923 -2.9213 -0.391587 0.568672 -0.391587 -0.568672 
1 1 0 7.30196 0.110584 2.89347 -0.98348 -2.92069 -0.98348 -2.92069 -0.390368 0.569735 -0.390368 -0.569735 
1 1 0 7.29701 0.110584 2.8966 -0.983037 -2.92009 -0.983037 -2.92009 -0.389136 0.570802 -0.389136 -0.570802 
1 1 0 7.29207 0.110584 2.89976 -0.982594 -2.91948 -0.982594 -2.91948 -0.387891 0.571873 -0.387891 -0.571873 
1 1 0 7.28712 0.110584 2.90295 -0.982151 -2.91888 -0.982151 -2.91888 -0.386632 0.572948 -0.386632 -0.572948 
1 1 0 7.28218 0.110584 2.90616 -0.981707 -2.91828 -0.981707 -2.91828 -0.385361 0.574028 -0.385361 -0.574028 
1 1 0 7.27724 0.110584 2.90942 -0.981263 -2.91768 -0.981263 -2.91768 -0.384077 0.575111 -0.384077 -0.575111 
1 1 0 7.27229 0.110584 2.9127 -0.980819 -2.91709 -0.980819 -2.91709 -0.382779 0.576199 -0.382779 -0.576199 
1 1 0 7.26735 0.110584 2.91601 -0.980375 -2.91649 -0.980375 -2.91649 -0.381469 0.57729 -0.381469 -0.57729 
1 1 0 7.2624 0.110584 2.91935 -0.97993 -2.9159 -0.97993 -2.9159 -0.380145 0.578385 -0.380145 -0.578385 
1 1 0 7.25746 0.110584 2.92273 -0.979485 -2.91531 -0.979485 -2.91531 -0.378808 0.579484 -0.378808 -0.579484 
1 1 0 7.25251 0.110584 2.92613 -0.97904 -2.91472 -0.97904 -2.91472 -0.377458 0.580586 -0.377458 -0.580586 
1 1 0 7.24757 0.110584 2.92957 -0.978595 -2.91413 -0.978595 -2.91413 -0.376094 0.581691 -0.376094 -0.581691 
1 1 0 7.24262 0.110584 2.93304 -0.978149 -2.91355 -0.978149 -2.91355 -0.374717 0.5828 -0.374717 -0.5828 
1 1 0 7.23768 0.110584 2.93655 -0.977703 -2.91296 -0.977703 -2.91296 -0.373327 0.583913 -0.373327 -0.583913 
1 1 0 7.23273 0.110584 2.94008 -0.977257 -2.91238 -0.977257 -2.91238 -0.371924 0.585028 -0.371924 -0.585028 
1 1 0 7.22778 0.110584 2.94365 -0.97681 -2.9118 -0.97681 -2.9118 -0.370507 0.586146 -0.370507 -0.586146 
1 1 0 7.22284 0.110584 2.94725 -0.976364 -2.91122 -0.976364 -2.91122 -0.369077 0.587268 -0.369077 -0.587268 
1 1 0 7.21789 0.110584 2.95088 -0.975917 -2.91064 -0.975917 -2.91064 -0.367633 0.588392 -0.367633 -0.588392 
1 1 0 7.21294 0.110584 2.95454 -0.975469 -2.91007 -0.975469 -2.91007 -0.366176 0.589519 -0.366176 -0.589519 
1 1 0 7.208 0.110584 2.95824 -0.975022 -2.90949 -0.975022 -2.90949 -0.364705 0.590649 -0.364705 -0.590649 
1 1 0 7.20305 0.110584 2.96197 -0.974574 -2.90892 -0.974574 -2.90892 -0.363221 0.591782 -0.363221 -0.591782 
1 1 0 7.1981 0.110584 2.96574 -0.974126 -2.90835 -0.974126 -2.90835 -0.361723 0.592916 -0.361723 -0.592916 
1 1 0 7.19316 0.110584 2.96954 -0.973678 -2.90778 -0.973678 -2.90778 -0.360212 0.594054 -0.360212 -0.594054 
1 1 0 7.18821 0.110584 2.97337 -0.973229 -2.90722 -0.973229 -2.90722 -0.358687 0.595193 -0.358687 -0.595193 
1 1 0 7.18326 0.110584 2.97723 -0.972781 -2.90665 -0.972781 -2.90665 -0.357148 0.596335 -0.357148 -0.596335 
1 1 0 7.17831 0.110584 2.98113 -0.972332 -2.90609 -0.972332 -2.90609 -0.355596 0.597479 -0.355596 -0.597479 
1 1 0 7.17337 0.110584 2.98507 -0.971882 -2.90553 -0.971882 -2.90553 -0.35403 0.598625 -0.35403 -0.598625 
1 1 0 7.16842 0.110584 2.98904 -0.971433 -2.90497 -0.971433 -2.90497 -0.35245 0.599772 -0.35245 -0.599772 
1 1 0 7.16347 0.110584 2.99304 -0.970983 -2.90441 -0.970983 -2.90441 -0.350856 0.600922 -0.350856 -0.600922 
1 1 0 7.15852 0.110584 2.99708 -0.970533 -2.90386 -0.970533 -2.90386 -0.349249 0.602073 -0.349249 -0.602073 
1 1 0 7.15357 0.110584 3.00115 -0.970082 -2.90331 -0.970082 -2.90331 -0.347628 0.603226 -0.347628 -0.603226 
1 1 0 7.14862 0.110584 3.00526 -0.969632 -2.90275 -0.969632 -2.90275 -0.345993 0.60438 -0.345993 -0.60438 
1 1 0 7.14367 0.110584 3.0094 -0.969181 -2.9022 -0.969181 -2.9022 -0.344344 0.605536 -0.344344 -0.605536 
1 1 0 7.13872 0.110584 3.01358 -0.96873 -2.90166 -0.96873 -2.90166 -0.342681 0.606692 -0.342681 -0.606692 
1 1 0 7.13377 0.110584 3.01779 -0.968278 -2.90111 -0.968278 -2.90111 -0.341004 0.607851 -0.341004 -0.607851 
1 1 0 7.12882 0.110584 3.02205 -0.967827 -2.90057 -0.967827 -2.90057 -0.339313 0.60901 -0.339313 -0.60901 
1 1 0 7.12387 0.110584 3.02633 -0.967375 -2.90002 -0.967375 -2.90002 -0.337608 0.61017 -0.337608 -0.61017 
1 1 0 7.11892 0.110584 3.03066 -0.966922 -2.89948 -0.966922 -2.89948 -0.335889 0.611331 -0.335889 -0.611331 
1 1 0 7.11397 0.110584 3.03502 -0.96647 -2.89894 -0.96647 -2.89894 -0.334156 0.612493 -0.334156 -0.612493 
1 1 0 7.10902 0.110584 3.03942 -0.966017 -2.89841 -0.966017 -2.89841 -0.332409 0.613655 -0.332409 -0.613655 
1 1 0 7.10407 0.110584 3.04385 -0.965564 -2.89787 -0.965564 -2.89787 -0.330648 0.614818 -0.330648 -0.614818 
1 1 0 7.09912 0.110584 3.04832 -0.965111 -2.89734 -0.965111 -2.89734 -0.328872 0.615982 -0.328872 -0.615982 
1 1 0 7.09417 0.110584 3.05283 -0.964657 -2.89681 -0.964657 -2.89681 -0.327082 0.617146 -0.327082 -0.617146 
1 1 0 7.08922 0.110584 3.05738 -0.964204 -2.89628 -0.964204 -2.89628 -0.325278 0.618309 -0.325278 -0.618309 
1 1 0 7.08427 0.110584 3.06197 -0.963749 -2.89575 -0.963749 -2.89575 -0.32346 0.619474 -0.32346 -0.619474 
1 1 0 7.07932 0.110584 3.06659 -0.963295 -2.89522 -0.963295 -2.89522 -0.321627 0.620638 -0.321627 -0.620638 
1 1 0 7.07437 0.110584 3.07126 -0.96284 -2.8947 -0.96284 -2.8947 -0.31978 0.621802 -0.31978 -0.621802 
1 1 0 7.06941 0.110584 3.07596 -0.962386 -2.89418 -0.962386 -2.89418 -0.317919 0.622966 -0.317919 -0.622966 
1 1 0 7.06446 0.110584 3.0807 -0.96193 -2.89366 -0.96193 -2.89366 -0.316042 0.624129 -0.316042 -0.624129 
1 1 0 7.05951 0.110584 3.08549 -0.961475 -2.89314 -0.961475 -2.89314 -0.314152 0.625293 -0.314152 -0.625293 
1 1 0 7.05456 0.110584 3.09031 -0.961019 -2.89263 -0.961019 -2.89263 -0.312247 0.626455 -0.312247 -0.626455 
1 1 0 7.0496 0.110584 3.09517 -0.960563 -2.89211 -0.960563 -2.89211 -0.310327 0.627617 -0.310327 -0.627617 
1 1 0 7.04465 0.110584 3.10007 -0.960107 -2.8916 -0.960107 -2.8916 -0.308393 0.628778 -0.308393 -0.628778 
1 1 0 7.0397 0.110584 3.10502 -0.959651 -2.89109 -0.959651 -2.89109 -0.306444 0.629938 -0.306444 -0.629938 
1 1 0 7.03475 0.110584 3.11 -0.959194 -2.89058 -0.959194 -2.89058 -0.304481 0.631098 -0.304481 -0.631098 
1 1 0 7.02979 0.110584 3.11503 -0.958737 -2.89007 -0.958737 -2.89007 -0.302502 0.632256 -0.302502 -0.632256 
1 1 0 7.02484 0.110584 3.1201 -0.958279 -2.88957 -0.958279 -2.88957 -0.300509 0.633413 -0.300509 -0.633413 
1 1 0 7.01989 0.110584 3.12521 -0.957822 -2.88907 -0.957822 -2.88907 -0.298502 0.634569 -0.298502 -0.634569 
1 1 0 7.01493 0.110584 3.13036 -0.957364 -2.88857 -0.957364 -2.88857 -0.296479 0.635723 -0.296479 -0.635723 
1 1 0 7.00998 0.110584 3.13556 -0.956906 -2.88807 -0.956906 -2.88807 -0.294442 0.636876 -0.294442 -0.636876 
1 1 0 7.00502 0.110584 3.1408 -0.956447 -2.88757 -0.956447 -2.88757 -0.292389 0.638027 -0.292389 -0.638027 
1 1 0 7.00007 0.110584 3.14608 -0.955989 -2.88708 -0.955989 -2.88708 -0.290322 0.639176 -0.290322 -0.639176 
1 1 0 6.99512 0.110584 3.15141 -0.95553 -2.88658 -0.95553 -2.88658 -0.288239 0.640324 -0.288239 -0.640324 
1 1 0 6.99016 0.110584 3.15678 -0.95507 -2.88609 -0.95507 -2.88609 -0.286142 0.641469 -0.286142 -0.641469 
1 1 0 6.98521 0.110584 3.16219 -0.954611 -2.88561 -0.954611 -2.88561 -0.284029 0.642613 -0.284029 -0.642613 
1 1 0 6.98025 0.110584 3.16766 -0.954151 -2.88512 -0.954151 -2.88512 -0.281901 0.643754 -0.281901 -0.643754 
1 1 0 6.9753 0.110584 3.17316 -0.953691 -2.88463 -0.953691 -2.88463 -0.279759 0.644892 -0.279759 -0.644892 
1 1 0 6.97034 0.110584 3.17871 -0.953231 -2.88415 -0.953231 -2.88415 -0.277601 0.646028 -0.277601 -0.646028 
1 1 0 6.96538 0.110584 3.18431 -0.95277 -2.88367 -0.95277 -2.88367 -0.275427 0.647162 -0.275427 -0.647162 
1 1 0 6.96043 0.110584 3.18996 -0.952309 -2.88319 -0.952309 -2.88319 -0.273239 0.648293 -0.273239 -0.648293 
1 1 0 6.95547 0.110584 3.19565 -0.951848 -2.88272 -0.951848 -2.88272 -0.271035 0.649421 -0.271035 -0.649421 
1 1 0 6.95052 0.110584 3.20139 -0.951386 -2.88224 -0.951386 -2.88224 -0.268815 0.650546 -0.268815 -0.650546 
1 1 0 6.94556 0.110584 3.20718 -0.950925 -2.88177 -0.950925 -2.88177 -0.26658 0.651668 -0.26658 -0.651668 
1 1 0 6.9406 0.110584 3.21301 -0.950463 -2.8813 -0.950463 -2.8813 -0.26433 0.652787 -0.26433 -0.652787 
1 1 0 6.93565 0.110584 3.2189 -0.95 -2.88083 -0.95 -2.88083 -0.262064 0.653902 -0.262064 -0.653902 
1 1 0 6.93069 0.110584 3.22484 -0.949538 -2.88036 -0.949538 -2.88036 -0.259783 0.655014 -0.259783 -0.655014 
1 1 0 6.92573 0.110584 3.23082 -0.949075 -2.8799 -0.949075 -2.8799 -0.257486 0.656122 -0.257486 -0.656122 
1 1 0 6.92078 0.110584 3.23685 -0.948612 -2.87944 -0.948612 -2.87944 -0.255173 0.657227 -0.255173 -0.657227 
1 1 0 6.91582 0.110584 3.24294 -0.948148 -2.87898 -0.948148 -2.87898 -0.252845 0.658327 -0.252845 -0.658327 
1 1 0 6.91086 0.110584 3.24908 -0.947685 -2.87852 -0.947685 -2.87852 -0.250501 0.659424 -0.250501 -0.659424 
1 1 0 6.90591 0.110584 3.25527 -0.947221 -2.87807 -0.947221 -2.87807 -0.248141 0.660517 -0.248141 -0.660517 
1 1 0 6.90095 0.110584 3.26151 -0.946756 -2.87761 -0.946756 -2.87761 -0.245765 0.661605 -0.245765 -0.661605 
1 1 0 6.89599 0.110584 3.2678 -0.946292 -2.87716 -0.946292 -2.87716 -0.243373 0.662689 -0.243373 -0.662689 
1 1 0 6.89103 0.110584 3.27415 -0.945827 -2.87671 -0.945827 -2.87671 -0.240965 0.663769 -0.240965 -0.663769 
1 1 0 6.88607 0.110584 3.28055 -0.945362 -2.87627 -0.945362 -2.87627 -0.238542 0.664844 -0.238542 -0.664844 
1 1 0 6.88112 0.110584 3.28701 -0.944896 -2.87582 -0.944896 -2.87582 -0.236102 0.665913 -0.236102 -0.665913 
1 1 0 6.87616 0.110584 3.29352 -0.944431 -2.87538 -0.944431 -2.87538 -0.233646 0.666979 -0.233646 -0.666979 
1 1 0 6.8712 0.110584 3.30009 -0.943965 -2.87494 -0.943965 -2.87494 -0.231174 0.668039 -0.231174 -0.668039 
1 1 0 6.86624 0.110584 3.30671 -0.943498 -2.8745 -0.943498 -2.8745 -0.228685 0.669094 -0.228685 -0.669094 
1 1 0 6.86128 0.110584 3.31339 -0.943032 -2.87406 -0.943032 -2.87406 -0.226181 0.670144 -0.226181 -0.670144 
1 1 0 6.85632 0.110584 3.32013 -0.942565 -2.87363 -0.942565 -2.87363 -0.22366 0.671188 -0.22366 -0.671188 
1 1 0 6.85136 0.110584 3.32692 -0.942098 -2.8732 -0.942098 -2.8732 -0.221122 0.672227 -0.221122 -0.672227 
1 1 0 6.8464 0.110584 3.33378 -0.941631 -2.87277 -0.941631 -2.87277 -0.218569 0.673259 -0.218569 -0.673259 
1 1 0 6.84144 0.110584 3.34069 -0.941163 -2.87234 -0.941163 -2.87234 -0.215998 0.674286 -0.215998 -0.674286 
1 1 0 6.83648 0.110584 3.34767 -0.940695 -2.87192 -0.940695 -2.87192 -0.213411 0.675307 -0.213411 -0.675307 
1 1 0 6.83152 0.110584 3.3547 -0.940227 -2.87149 -0.940227 -2.87149 -0.210808 0.676322 -0.210808 -0.676322 
1 1 0 6.82656 0.110584 3.3618 -0.939758 -2.87107 -0.939758 -2.87107 -0.208188 0.677331 -0.208188 -0.677331 
1 1 0 6.8216 0.110584 3.36896 -0.939289 -2.87065 -0.939289 -2.87065 -0.205551 0.678333 -0.205551 -0.678333 
1 1 0 6.81664 0.110584 3.37618 -0.93882 -2.87024 -0.93882 -2.87024 -0.202897 0.679328 -0.202897 -0.679328 
1 1 0 6.81168 0.110584 3.38346 -0.938351 -2.86983 -0.938351 -2.86983 -0.200226 0.680317 -0.200226 -0.680317 
1 1 0 6.80672 0.110584 3.39081 -0.937881 -2.86941 -0.937881 -2.86941 -0.197539 0.681298 -0.197539 -0.681298 
1 1 0 6.80176 0.110584 3.39823 -0.937411 -2.86901 -0.937411 -2.86901 -0.194834 0.682273 -0.194834 -0.682273 
1 1 0 6.7968 0.110584 3.40571 -0.93694 -2.8686 -0.93694 -2.8686 -0.192113 0.683241 -0.192113 -0.683241 
1 1 0 6.79184 0.110584 3.41326 -0.93647 -2.86819 -0.93647 -2.86819 -0.189374 0.684201 -0.189374 -0.684201 
1 1 0 6.78687 0.110584 3.42087 -0.935999 -2.86779 -0.935999 -2.86779 -0.186618 0.685153 -0.186618 -0.685153 
1 1 0 6.78191 0.110584 3.42856 -0.935528 -2.86739 -0.935528 -2.86739 -0.183845 0.686098 -0.183845 -0.686098 
1 1 0 6.77695 0.110584 3.43631 -0.935056 -2.867 -0.935056 -2.867 -0.181054 0.687035 -0.181054 -0.687035 
1 1 0 6.77199 0.110584 3.44413 -0.934584 -2.8666 -0.934584 -2.8666 -0.178247 0.687964 -0.178247 -0.687964 
1 1 0 6.76703 0.110584 3.45203 -0.934112 -2.86621 -0.934112 -2.86621 -0.175421 0.688885 -0.175421 -0.688885 
1 1 0 6.76206 0.110584 3.46 -0.93364 -2.86582 -0.93364 -2.86582 -0.172579 0.689798 -0.172579 -0.689798 
1 1 0 6.7571 0.110584 3.46804 -0.933167 -2.86543 -0.933167 -2.86543 -0.169718 0.690702 -0.169718 -0.690702 
1 1 0 6.75214 0.110584 3.47615 -0.932694 -2.86505 -0.932694 -2.86505 -0.16684 0.691597 -0.16684 -0.691597 
1 1 0 6.74718 0.110584 3.48434 -0.932221 -2.86466 -0.932221 -2.86466 -0.163944 0.692484 -0.163944 -0.692484 
1 1 0 6.74221 0.110584 3.4926 -0.931747 -2.86428 -0.931747 -2.86428 -0.161031 0.693361 -0.161031 -0.693361 
1 1 0 6.73725 0.110584 3.50095 -0.931274 -2.86391 -0.931274 -2.86391 -0.158099 0.69423 -0.158099 -0.69423 
1 1 0 6.73229 0.110584 3.50937 -0.930799 -2.86353 -0.930799 -2.86353 -0.15515 0.695089 -0.15515 -0.695089 
1 1 0 6.72732 0.110584 3.51786 -0.930325 -2.86316 -0.930325 -2.86316 -0.152182 0.695938 -0.152182 -0.695938 
1 1 0 6.72236 0.110584 3.52644 -0.92985 -2.86279 -0.92985 -2.86279 -0.149196 0.696778 -0.149196 -0.696778 
1 1 0 6.7174 0.110584 3.5351 -0.929375 -2.86242 -0.929375 -2.86242 -0.146193 0.697608 -0.146193 -0.697608 
1 1 0 6.71243 0.110584 3.54385 -0.9289 -2.86206 -0.9289 -2.86206 -0.143171 0.698427 -0.143171 -0.698427 
1 1 0 6.70747 0.110584 3.55267 -0.928424 -2.86169 -0.928424 -2.86169 -0.14013 0.699237 -0.14013 -0.699237 
1 1 0 6.7025 0.110584 3.56158 -0.927948 -2.86133 -0.927948 -2.86133 -0.137071 0.700036 -0.137071 -0.700036 
1 1 0 6.69754 0.110584 3.57058 -0.927472 -2.86098 -0.927472 -2.86098 -0.133993 0.700825 -0.133993 -0.700825 
1 1 0 6.69257 0.110584 3.57966 -0.926995 -2.86062 -0.926995 -2.86062 -0.130898 0.701602 -0.130898 -0.701602 
1 1 0 6.68761 0.110584 3.58884 -0.926518 -2.86027 -0.926518 -2.86027 -0.127783 0.702369 -0.127783 -0.702369 
1 1 0 6.68264 0.110584 3.5981 -0.926041 -2.85992 -0.926041 -2.85992 -0.124649 0.703124 -0.124649 -0.703124 
1 1 0 6.67768 0.110584 3.60745 -0.925563 -2.85957 -0.925563 -2.85957 -0.121496 0.703868 -0.121496 -0.703868 
1 1 0 6.67271 0.110584 3.6169 -0.925086 -2.85923 -0.925086 -2.85923 -0.118325 0.704601 -0.118325 -0.704601 
1 1 0 6.66775 0.110584 3.62644 -0.924607 -2.85889 -0.924607 -2.85889 -0.115135 0.705321 -0.115135 -0.705321 
1 1 0 6.66278 0.110584 3.63607 -0.924129 -2.85855 -0.924129 -2.85855 -0.111925 0.70603 -0.111925 -0.70603 
1 1 0 6.65782 0.110584 3.6458 -0.92365 -2.85822 -0.92365 -2.85822 -0.108696 0.706726 -0.108696 -0.706726 
1 1 0 6.65285 0.110584 3.65563 -0.923171 -2.85788 -0.923171 -2.85788 -0.105447 0.70741 -0.105447 -0.70741 
1 1 0 6.64789 0.110584 3.66556 -0.922692 -2.85755 -0.922692 -2.85755 -0.102179 0.708081 -0.102179 -0.708081 
1 1 0 6.64292 0.110584 3.6756 -0.922212 -2.85723 -0.922212 -2.85723 -0.0988919 0.70874 -0.0988919 -0.70874 
1 1 0 6.63795 0.110584 3.68573 -0.921732 -2.8569 -0.921732 -2.8569 -0.0955848 0.709385 -0.0955848 -0.709385 
1 1 0 6.63299 0.110584 3.69597 -0.921252 -2.85658 -0.921252 -2.85658 -0.092258 0.710017 -0.092258 -0.710017 
1 1 0 6.62802 0.110584 3.70632 -0.920771 -2.85626 -0.920771 -2.85626 -0.0889111 0.710635 -0.0889111 -0.710635 
1 1 0 6.62305 0.110584 3.71677 -0.92029 -2.85594 -0.92029 -2.85594 -0.0855442 0.711239 -0.0855442 -0.711239 
1 1 0 6.61809 0.110584 3.72733 -0.919809 -2.85563 -0.919809 -2.85563 -0.0821573 0.71183 -0.0821573 -0.71183 
1 1 0 6.61312 0.110584 3.73801 -0.919328 -2.85532 -0.919328 -2.85532 -0.0787503 0.712406 -0.0787503 -0.712406 
1 1 0 6.60815 0.110584 3.7488 -0.918846 -2.85501 -0.918846 -2.85501 -0.0753227 0.712968 -0.0753227 -0.712968 
1 1 0 6.60319 0.110584 3.75971 -0.918363 -2.85471 -0.918363 -2.85471 -0.0718747 0.713515 -0.0718747 -0.713515 
1 1 0 6.59822 0.110584 3.77073 -0.917881 -2.85441 -0.917881 -2.85441 -0.0684061 0.714047 -0.0684061 -0.714047 
1 1 0 6.59325 0.110584 3.78187 -0.917398 -2.85411 -0.917398 -2.85411 -0.0649167 0.714563 -0.0649167 -0.714563 
1 1 0 6.58828 0.110584 3.79314 -0.916915 -2.85381 -0.916915 -2.85381 -0.0614066 0.715064 -0.0614066 -0.715064 
1 1 0 6.58331 0.110584 3.80453 -0.916432 -2.85352 -0.916432 -2.85352 -0.0578755 0.71555 -0.0578755 -0.71555 
1 1 0 6.57835 0.110584 3.81604 -0.915948 -2.85323 -0.915948 -2.85323 -0.0543232 0.716019 -0.0543232 -0.716019 
1 1 0 6.57338 0.110584 3.82768 -0.915464 -2.85295 -0.915464 -2.85295 -0.0507497 0.716472 -0.0507497 -0.716472 
1 1 0 6.56841 0.110584 3.83946 -0.914979 -2.85266 -0.914979 -2.85266 -0.0471548 0.716908 -0.0471548 -0.716908 
1 1 0 6.56344 0.110584 3.85137 -0.914494 -2.85238 -0.914494 -2.85238 -0.0435383 0.717328 -0.0435383 -0.717328 
1 1 0 6.55847 0.110584 3.86341 -0.914009 -2.85211 -0.914009 -2.85211 -0.0399002 0.71773 -0.0399002 -0.71773 
1 1 0 6.5535 0.110584 3.87559 -0.913524 -2.85183 -0.913524 -2.85183 -0.0362404 0.718115 -0.0362404 -0.718115 
1 1 0 6.54853 0.110584 3.88791 -0.913038 -2.85156 -0.913038 -2.85156 -0.0325585 0.718482 -0.0325585 -0.718482 
1 1 0 6.54356 0.110584 3.90038 -0.912552 -2.8513 -0.912552 -2.8513 -0.0288544 0.718831 -0.0288544 -0.718831 
1 1 0 6.5386 0.110584 3.91299 -0.912066 -2.85103 -0.912066 -2.85103 -0.0251282 0.719162 -0.0251282 -0.719162 
1 1 0 6.53363 0.110584 3.92576 -0.911579 -2.85077 -0.911579 -2.85077 -0.0213793 0.719474 -0.0213793 -0.719474 
1 1 0 6.52866 0.110584 3.93867 -0.911092 -2.85052 -0.911092 -2.85052 -0.0176081 0.719766 -0.0176081 -0.719766 
1 1 0 6.52369 0.110584 3.95174 -0.910605 -2.85026 -0.910605 -2.85026 -0.013814 0.72004 -0.013814 -0.72004 
1 1 0 6.51872 0.110584 3.96497 -0.910117 -2.85001 -0.910117 -2.85001 -0.00999681 0.720294 -0.00999681 -0.720294 
1 1 0 6.51375 0.110584 3.97836 -0.909629 -2.84977 -0.909629 -2.84977 -0.00615663 0.720528 -0.00615663 -0.720528 
1 1 0 6.50878 0.110584 3.99191 -0.909141 -2.84952 -0.909141 -2.84952 -0.00229312 0.720741 -0.00229312 -0.720741 
1 1 0 6.50381 0.110584 4.00564 -0.908652 -2.84928 -0.908652 -2.84928 0.00159391 0.720934 0.00159391 -0.720934 
1 1 0 6.49884 0.110584 4.01953 -0.908163 -2.84905 -0.908163 -2.84905 0.00550467 0.721105 0.00550467 -0.721105 
1 1 0 6.49387 0.110584 4.0336 -0.907674 -2.84881 -0.907674 -2.84881 0.00943938 0.721256 0.00943938 -0.721256 
1 1 0 6.48889 0.110584 4.04786 -0.907184 -2.84859 -0.907184 -2.84859 0.013398 0.721384 0.013398 -0.721384 
1 1 0 6.48392 0.110584 4.06229 -0.906694 -2.84836 -0.906694 -2.84836 0.017381 0.72149 0.017381 -0.72149 
1 1 0 6.47895 0.110584 4.07691 -0.906204 -2.84814 -0.906204 -2.84814 0.0213884 0.721573 0.0213884 -0.721573 
1 1 0 6.47398 0.110584 4.09172 -0.905713 -2.84792 -0.905713 -2.84792 0.0254207 0.721634 0.0254207 -0.721634 
1 1 0 6.46901 0.110584 4.10673 -0.905222 -2.84771 -0.905222 -2.84771 0.0294779 0.721671 0.0294779 -0.721671 
1 1 0 6.46404 0.110584 4.12194 -0.904731 -2.8475 -0.904731 -2.8475 0.0335603 0.721684 0.0335603 -0.721684 
1 1 0 6.45907 0.110584 4.13735 -0.904239 -2.84729 -0.904239 -2.84729 0.037668 0.721672 0.037668 -0.721672 
1 1 0 6.4541 0.110584 4.15298 -0.903747 -2.84709 -0.903747 -2.84709 0.0418015 0.721636 0.0418015 -0.721636 
1 1 0 6.44912 0.110584 4.16882 -0.903254 -2.84689 -0.903254 -2.84689 0.0459609 0.721575 0.0459609 -0.721575 
1 1 0 6.44415 0.110584 4.18487 -0.902762 -2.84669 -0.902762 -2.84669 0.0501463 0.721488 0.0501463 -0.721488 
1 1 0 6.43918 0.110584 4.20116 -0.902269 -2.8465 -0.902269 -2.8465 0.0543583 0.721374 0.0543583 -0.721374 
1 1 0 6.43421 0.110584 4.21767 -0.901775 -2.84632 -0.901775 -2.84632 0.0585968 0.721234 0.0585968 -0.721234 
1 1 0 6.42924 0.110584 4.23442 -0.901281 -2.84614 -0.901281 -2.84614 0.0628625 0.721067 0.0628625 -0.721067 
1 1 0 6.42426 0.110584 4.25141 -0.900787 -2.84596 -0.900787 -2.84596 0.0671553 0.720872 0.0671553 -0.720872 
1 1 0 6.41929 0.110584 4.26865 -0.900293 -2.84578 -0.900293 -2.84578 0.0714756 0.720649 0.0714756 -0.720649 
1 1 0 6.41432 0.110584 4.28614 -0.899798 -2.84561 -0.899798 -2.84561 0.0758241 0.720397 0.0758241 -0.720397 
1 1 0 6.40935 0.110584 4.3039 -0.899303 -2.84545 -0.899303 -2.84545 0.0802005 0.720116 0.0802005 -0.720116 
1 1 0 6.40437 0.110584 4.32192 -0.898807 -2.84529 -0.898807 -2.84529 0.0846054 0.719804 0.0846054 -0.719804 
1 1 0 6.3994 0.110584 4.34022 -0.898311 -2.84513 -0.898311 -2.84513 0.0890392 0.719462 0.0890392 -0.719462 
1 1 0 6.39443 0.110584 4.3588 -0.897815 -2.84498 -0.897815 -2.84498 0.0935021 0.719089 0.0935021 -0.719089 
1 1 0 6.38945 0.110584 4.37767 -0.897319 -2.84483 -0.897319 -2.84483 0.0979947 0.718684 0.0979947 -0.718684 
1 1 0 6.38448 0.110584 4.39684 -0.896822 -2.84469 -0.896822 -2.84469 0.102517 0.718247 0.102517 -0.718247 
1 1 0 6.37951 0.110584 4.41632 -0.896324 -2.84455 -0.896324 -2.84455 0.10707 0.717776 0.10707 -0.717776 
1 1 0 6.37453 0.110584 4.43611 -0.895827 -2.84442 -0.895827 -2.84442 0.111653 0.717271 0.111653 -0.717271 
1 1 0 6.36956 0.110584 4.45623 -0.895329 -2.84429 -0.895329 -2.84429 0.116268 0.716732 0.116268 -0.716732 
1 1 0 6.36459 0.110584 4.47668 -0.89483 -2.84417 -0.89483 -2.84417 0.120914 0.716158 0.120914 -0.716158 
1 1 0 6.35961 0.110584 4.49747 -0.894331 -2.84405 -0.894331 -2.84405 0.125592 0.715547 0.125592 -0.715547 
1 1 0 6.35464 0.110584 4.51862 -0.893832 -2.84394 -0.893832 -2.84394 0.130302 0.714899 0.130302 -0.714899 
1 1 0 6.34967 0.110584 4.54013 -0.893333 -2.84383 -0.893333 -2.84383 0.135045 0.714214 0.135045 -0.714214 
1 1 0 6.34469 0.110584 4.56202 -0.892833 -2.84372 -0.892833 -2.84372 0.139821 0.71349 0.139821 -0.71349 
1 1 0 6.33972 0.110584 4.5843 -0.892333 -2.84363 -0.892333 -2.84363 0.144632 0.712726 0.144632 -0.712726 
1 1 0 6.33474 0.110584 4.60698 -0.891832 -2.84353 -0.891832 -2.84353 0.149477 0.711922 0.149477 -0.711922 
1 1 0 6.32977 0.110584 4.63007 -0.891331 -2.84345 -0.891331 -2.84345 0.154356 0.711077 0.154356 -0.711077 
1 1 0 6.3248 0.110584 4.65359 -0.89083 -2.84337 -0.89083 -2.84337 0.159271 0.710189 0.159271 -0.710189 
1 1 0 6.31982 0.110584 4.67755 -0.890328 -2.84329 -0.890328 -2.84329 0.164222 0.709258 0.164222 -0.709258 
1 1 0 6.31485 0.110584 4.70196 -0.889826 -2.84322 -0.889826 -2.84322 0.16921 0.708282 0.16921 -0.708282 
1 1 0 6.30987 0.110584 4.72685 -0.889324 -2.84316 -0.889324 -2.84316 0.174235 0.707261 0.174235 -0.707261 
1 1 0 6.3049 0.110584 4.75223 -0.888821 -2.8431 -0.888821 -2.8431 0.179298 0.706192 0.179298 -0.706192 
1 1 0 6.29993 0.110584 4.77811 -0.888318 -2.84305 -0.888318 -2.84305 0.1844 0.705076 0.1844 -0.705076 
1 1 0 6.29495 0.110584 4.80452 -0.887814 -2.843 -0.887814 -2.843 0.189541 0.703911 0.189541 -0.703911 
1 1 0 6.28998 0.110584 4.83147 -0.88731 -2.84296 -0.88731 -2.84296 0.194722 0.702695 0.194722 -0.702695 
1 1 0 6.285 0.110584 4.85898 -0.886806 -2.84293 -0.886806 -2.84293 0.199944 0.701427 0.199944 -0.701427 
1 1 0 6.28003 0.110584 4.88708 -0.886301 -2.8429 -0.886301 -2.8429 0.205208 0.700106 0.205208 -0.700106 
1 1 0 6.27505 0.110584 4.91579 -0.885796 -2.84288 -0.885796 -2.84288 0.210514 0.69873 0.210514 -0.69873 
1 1 0 6.27008 0.110584 4.94513 -0.88529 -2.84287 -0.88529 -2.84287 0.215863 0.697297 0.215863 -0.697297 
1 1 0 6.2651 0.110584 4.97512 -0.884784 -2.84286 -0.884784 -2.84286 0.221257 0.695806 0.221257 -0.695806 
1 1 0 6.26013 0.110584 5.00581 -0.884278 -2.84286 -0.884278 -2.84286 0.226696 0.694256 0.226696 -0.694256 
1 1 0 6.25516 0.110584 5.0372 -0.883771 -2.84287 -0.883771 -2.84287 0.232182 0.692644 0.232182 -0.692644 
1 1 0 6.25018 0.110584 5.06934 -0.883264 -2.84289 -0.883264 -2.84289 0.237715 0.690968 0.237715 -0.690968 
1 1 0 6.24521 0.110584 5.10226 -0.882756 -2.84291 -0.882756 -2.84291 0.243296 0.689227 0.243296 -0.689227 
1 1 0 6.24023 0.110584 5.13598 -0.882248 -2.84294 -0.882248 -2.84294 0.248927 0.687419 0.248927 -0.687419 
1 1 0 6.23526 0.110584 5.17055 -0.88174 -2.84298 -0.88174 -2.84298 0.254609 0.68554 0.254609 -0.68554 
1 1 0 6.23029 0.110584 5.20602 -0.881231 -2.84303 -0.881231 -2.84303 0.260344 0.683589 0.260344 -0.683589 
1 1 0 6.22531 0.110584 5.24241 -0.880722 -2.84309 -0.880722 -2.84309 0.266131 0.681564 0.266131 -0.681564 
1 1 0 6.22034 0.110584 5.27977 -0.880213 -2.84315 -0.880213 -2.84315 0.271974 0.679461 0.271974 -0.679461 
1 1 0 6.21537 0.110584 5.31816 -0.879703 -2.84323 -0.879703 -2.84323 0.277874 0.677279 0.277874 -0.677279 
1 1 0 6.21039 0.110584 5.35761 -0.879192 -2.84331 -0.879192 -2.84331 0.283831 0.675013 0.283831 -0.675013 
1 1 0 6.20542 0.110584 5.3982 -0.878681 -2.8434 -0.878681 -2.8434 0.289849 0.672661 0.289849 -0.672661 
1 1 0 6.20045 0.110584 5.43998 -0.87817 -2.8435 -0.87817 -2.8435 0.295928 0.67022 0.295928 -0.67022 
1 1 0 6.19547 0.110584 5.48302 -0.877658 -2.84362 -0.877658 -2.84362 0.302071 0.667686 0.302071 -0.667686 
1 1 0 6.1905 0.110584 5.52737 -0.877146 -2.84374 -0.877146 -2.84374 0.30828 0.665055 0.30828 -0.665055 
1 1 0 6.18553 0.110584 5.57313 -0.876634 -2.84387 -0.876634 -2.84387 0.314556 0.662324 0.314556 -0.662324 
1 1 0 6.18056 0.110584 5.62037 -0.87612 -2.84402 -0.87612 -2.84402 0.320903 0.659487 0.320903 -0.659487 
1 1 0 6.17559 0.110584 5.66918 -0.875607 -2.84417 -0.875607 -2.84417 0.327322 0.65654 0.327322 -0.65654 
1 1 0 6.17062 0.110584 5.71967 -0.875093 -2.84434 -0.875093 -2.84434 0.333816 0.653479 0.333816 -0.653479 
1 1 0 6.16565 0.110584 5.77192 -0.874579 -2.84452 -0.874579 -2.84452 0.340389 0.650298 0.340389 -0.650298 
1 1 0 6.16068 0.110584 5.82608 -0.874064 -2.84471 -0.874064 -2.84471 0.347042 0.646991 0.347042 -0.646991 
1 1 0 6.15571 0.110584 5.88225 -0.873549 -2.84491 -0.873549 -2.84491 0.35378 0.643552 0.35378 -0.643552 
1 1 0 6.15074 0.110584 5.94059 -0.873033 -2.84513 -0.873033 -2.84513 0.360606 0.639975 0.360606 -0.639975 
1 1 0 6.14577 0.110584 6.00124 -0.872517 -2.84536 -0.872517 -2.84536 0.367523 0.636251 0.367523 -0.636251 
1 1 0 6.1408 0.110584 6.06439 -0.872 -2.84561 -0.872 -2.84561 0.374536 0.632373 0.374536 -0.632373 
1 1 0 6.13584 0.110584 6.13022 -0.871483 -2.84587 -0.871483 -2.84587 0.38165 0.628332 0.38165 -0.628332 
1 1 0 6.13087 0.110584 6.19895 -0.870966 -2.84615 -0.870966 -2.84615 0.388868 0.624118 0.388868 -0.624118 
1 1 0 6.12591 0.110584 6.27083 -0.870448 -2.84645 -0.870448 -2.84645 0.396196 0.619722 0.396196 -0.619722 
1 1 0 6.12094 0.110584 6.34611 -0.869929 -2.84676 -0.869929 -2.84676 0.40364 0.615131 0.40364 -0.615131 
1 1 0 6.11598 0.110584 6.4251 -0.86941 -2.84709 -0.86941 -2.84709 0.411206 0.610333 0.411206 -0.610333 
1 1 0 6.11102 0.110584 6.50816 -0.86889 -2.84744 -0.86889 -2.84744 0.418901 0.605312 0.418901 -0.605312 
1 1 0 6.10606 0.110584 6.59567 -0.86837 -2.84781 -0.86837 -2.84781 0.426732 0.600055 0.426732 -0.600055 
1 1 0 6.10111 0.110584 6.68809 -0.86785 -2.84821 -0.86785 -2.84821 0.434708 0.594542 0.434708 -0.594542 
1 1 0 6.09615 0.110584 6.78594 -0.867329 -2.84862 -0.867329 -2.84862 0.442839 0.588753 0.442839 -0.588753 
1 1 0 6.0912 0.110584 6.88982 -0.866808 -2.84906 -0.866808 -2.84906 0.451133 0.582667 0.451133 -0.582667 
1 1 0 6.08625 0.110584 7.00045 -0.866286 -2.84953 -0.866286 -2.84953 0.459603 0.576257 0.459603 -0.576257 
1 1 0 6.0813 0.110584 7.11865 -0.865763 -2.85003 -0.865763 -2.85003 0.468263 0.569493 0.468263 -0.569493 
1 1 0 6.07635 0.110584 7.24541 -0.86524 -2.85055 -0.86524 -2.85055 0.477126 0.562342 0.477126 -0.562342 
1 1 0 6.07141 0.110584 7.38192 -0.864717 -2.85111 -0.864717 -2.85111 0.48621 0.554764 0.48621 -0.554764 
1 1 0 6.06648 0.110584 7.52961 -0.864193 -2.8517 -0.864193 -2.8517 0.495534 0.546713 0.495534 -0.546713 
1 1 0 6.06154 0.110584 7.69025 -0.863668 -2.85233 -0.863668 -2.85233 0.50512 0.538134 0.50512 -0.538134 
1 1 0 6.05662 0.110584 7.86602 -0.863143 -2.85301 -0.863143 -2.85301 0.514995 0.528961 0.514995 -0.528961 
1 1 0 6.0517 0.110584 8.05966 -0.862618 -2.85373 -0.862618 -2.85373 0.525188 0.519117 0.525188 -0.519117 
1 1 0 6.04679 0.110584 8.27471 -0.862092 -2.8545 -0.862092 -2.8545 0.535737 0.508503 0.535737 -0.508503 
1 1 0 6.04188 0.110584 8.51578 -0.861566 -2.85533 -0.861566 -2.85533 0.546686 0.497001 0.546686 -0.497001 
1 1 0 6.03699 0.110584 8.78904 -0.861039 -2.85623 -0.861039 -2.85623 0.558088 0.484456 0.558088 -0.484456 
1 1 0 6.03212 0.110584 9.10298 -0.860513 -2.85719 -0.860513 -2.85719 0.570009 0.470673 0.570009 -0.470673 
1 1 0 6.02726 0.110584 9.46967 -0.859986 -2.85825 -0.859986 -2.85825 0.582535 0.45539 0.582535 -0.45539 
1 1 0 6.02242 0.110584 9.90696 -0.85946 -2.85941 -0.85946 -2.85941 0.595774 0.43825 0.595774 -0.43825 
1 1 0 6.01762 0.110584 10.4427 -0.858934 -2.86069 -0.858934 -2.86069 0.609872 0.418745 0.609872 -0.418745 
1 1 0 6.01285 0.110584 11.1231 -0.85841 -2.86212 -0.85841 -2.86212 0.625029 0.396119 0.625029 -0.396119 
1 1 0 6.00815 0.110584 12.0327 -0.857888 -2.86374 -0.857888 -2.86374 0.64153 0.36917 0.64153 -0.36917 
1 1 0 6.00355 0.110584 13.3461 -0.857371 -2.86561 -0.857371 -2.86561 0.65981 0.335814 0.65981 -0.335814 
1 1 0 5.9991 0.110584 15.5062 -0.856863 -2.86784 -0.856863 -2.86784 0.680563 0.291923 0.680563 -0.291923 
1 1 0 5.99495 0.110584 20.1518 -0.856377 -2.87059 -0.856377 -2.87059 0.704986 0.227221 0.704986 -0.227221 
1 1 0 5.99151 0.110584 50.492 -0.855948 -2.87419 -0.855948 -2.87419 0.735113 0.091952 0.735113 -0.091952 
1 1 0 5.98986 0.110584 50.492 -0.855685 -2.8789 -0.855685 -2.8789 0.98934 0 0.554875 0 
1 1 0 5.98986 0.110584 50.492 -0.855678 -2.87922 -0.855678 -2.87922 1 0 0.548961 0 
2 1 0 5.9912 0.110584 50.492 -0.855724 -2.88403 -0.855724 -2.88403 1.1365 0 0.482975 0 
2 1 0 5.99419 0.110584 50.492 -0.855957 -2.88804 -0.855957 -2.88804 1.22844 0 0.446699 0 
2 1 0 5.99786 0.110584 50.492 -0.856274 -2.89141 -0.856274 -2.89141 1.29746 0 0.422786 0 
2 1 0 6.00188 0.110584 50.492 -0.856634 -2.89437 -0.856634 -2.89437 1.35344 0 0.405137 0 
2 1 0 6.00609 0.110584 50.492 -0.857019 -2.89704 -0.857019 -2.89704 1.4011 0 0.39119 0 
2 1 0 6.01043 0.110584 50.492 -0.857421 -2.89949 -0.857421 -2.89949 1.44298 0 0.379669 0 
2 1 0 6.01485 0.110584 50.492 -0.857835 -2.90178 -0.857835 -2.90178 1.4806 0 0.369856 0 
2 1 0 6.01934 0.110584 50.492 -0.858258 -2.90394 -0.858258 -2.90394 1.51493 0 0.361309 0 
2 1 0 6.02388 0.110584 50.492 -0.858688 -2.906 -0.858688 -2.906 1.54664 0 0.353738 0 
2 1 0 6.02845 0.110584 50.492 -0.859123 -2.90796 -0.859123 -2.90796 1.57621 0 0.34694 0 
2 1 0 6.03306 0.110584 50.492 -0.859562 -2.90985 -0.859562 -2.90985 1.60398 0 0.340772 0 
2 1 0 6.0377 0.110584 50.492 -0.860005 -2.91168 -0.860005 -2.91168 1.63023 0 0.335127 0 
2 1 0 6.04235 0.110584 50.492 -0.860451 -2.91344 -0.860451 -2.91344 1.65517 0 0.32992 0 
2 1 0 6.04703 0.110584 50.492 -0.860899 -2.91516 -0.860899 -2.91516 1.67896 0 0.32509 0 
2 1 0 6.05172 0.110584 50.492 -0.86135 -2.91683 -0.86135 -2.91683 1.70174 0 0.320584 0 
2 1 0 6.05642 0.110584 50.492 -0.861802 -2.91846 -0.861802 -2.91846 1.72362 0 0.316361 0 
2 1 0 6.06114 0.110584 50.492 -0.862256 -2.92005 -0.862256 -2.92005 1.7447 0 0.312388 0 
2 1 0 6.06587 0.110584 50.492 -0.862712 -2.92161 -0.862712 -2.92161 1.76505 0 0.308636 0 
2 1 0 6.07061 0.110584 50.492 -0.863169 -2.92314 -0.863169 -2.92314 1.78474 0 0.305082 0 
2 1 0 6.07536 0.110584 50.492 -0.863626 -2.92464 -0.863626 -2.92464 1.80383 0 0.301705 0 
2 1 0 6.08011 0.110584 50.492 -0.864085 -2.92612 -0.864085 -2.92612 1.82237 0 0.29849 0 
2 1 0 6.08488 0.110584 50.492 -0.864545 -2.92757 -0.864545 -2.92757 1.8404 0 0.29542 0 
2 1 0 6.08964 0.110584 50.492 -0.865005 -2.929 -0.865005 -2.929 1.85797 0 0.292483 0 
2 1 0 6.09442 0.110584 50.492 -0.865466 -2.9304 -0.865466 -2.9304 1.8751 0 0.289669 0 
2 1 0 6.0992 0.110584 50.492 -0.865928 -2.93179 -0.865928 -2.93179 1.89182 0 0.286967 0 
2 1 0 6.10399 0.110584 50.492 -0.86639 -2.93316 -0.86639 -2.93316 1.90816 0 0.284368 0 
2 1 0 6.10878 0.110584 50.492 -0.866853 -2.93451 -0.866853 -2.93451 1.92416 0 0.281866 0 
2 1 0 6.11357 0.110584 50.492 -0.867316 -2.93585 -0.867316 -2.93585 1.93981 0 0.279452 0 
2 1 0 6.11837 0.110584 50.492 -0.867779 -2.93717 -0.867779 -2.93717 1.95516 0 0.277121 0 
2 1 0 6.12318 0.110584 50.492 -0.868243 -2.93848 -0.868243 -2.93848 1.97021 0 0.274868 0 
2 1 0 6.12799 0.110584 50.492 -0.868707 -2.93977 -0.868707 -2.93977 1.98498 0 0.272687 0 
2 1 0 6.1328 0.110584 50.492 -0.869171 -2.94106 -0.869171 -2.94106 1.99949 0 0.270574 0 
2 1 0 6.13761 0.110584 50.492 -0.869635 -2.94232 -0.869635 -2.94232 2.01374 0 0.268525 0 
2 1 0 6.14243 0.110584 50.492 -0.8701 -2.94358 -0.8701 -2.94358 2.02776 0 0.266536 0 
2 1 0 6.14725 0.110584 50.492 -0.870565 -2.94483 -0.870565 -2.94483 2.04155 0 0.264603 0 
2 1 0 6.15207 0.110584 50.492 -0.87103 -2.94606 -0.87103 -2.94606 2.05513 0 0.262724 0 
2 1 0 6.1569 0.110584 50.492 -0.871495 -2.94729 -0.871495 -2.94729 2.06849 0 0.260896 0 
2 1 0 6.16172 0.110584 50.492 -0.87196 -2.9485 -0.87196 -2.9485 2.08166 0 0.259116 0 
2 1 0 6.16655 0.110584 50.492 -0.872425 -2.94971 -0.872425 -2.94971 2.09465 0 0.257382 0 
2 1 0 6.17139 0.110584 50.492 -0.87289 -2.95091 -0.87289 -2.95091 2.10745 0 0.25569 0 
2 1 0 6.17622 0.110584 50.492 -0.873356 -2.9521 -0.873356 -2.9521 2.12007 0 0.25404 0 
2 1 0 6.18106 0.110584 50.492 -0.873821 -2.95328 -0.873821 -2.95328 2.13253 0 0.25243 0 
2 1 0 6.18589 0.110584 50.492 -0.874286 -2.95445 -0.874286 -2.95445 2.14483 0 0.250857 0 
2 1 0 6.19073 0.110584 50.492 -0.874752 -2.95562 -0.874752 -2.95562 2.15697 0 0.24932 0 
2 1 0 6.19557 0.110584 50.492 -0.875217 -2.95678 -0.875217 -2.95678 2.16896 0 0.247817 0 
2 1 0 6.20042 0.110584 50.492 -0.875682 -2.95793 -0.875682 -2.95793 2.18081 0 0.246347 0 
2 1 0 6.20526 0.110584 50.492 -0.876147 -2.95907 -0.876147 -2.95907 2.19252 0 0.244908 0 
2 1 0 6.21011 0.110584 50.492 -0.876613 -2.96021 -0.876613 -2.96021 2.20409 0 0.2435 0 
2 1 0 6.21496 0.110584 50.492 -0.877078 -2.96134 -0.877078 -2.96134 2.21553 0 0.24212 0 
2 1 0 6.21981 0.110584 50.492 -0.877543 -2.96247 -0.877543 -2.96247 2.22685 0 0.240768 0 
2 1 0 6.22466 0.110584 50.492 -0.878008 -2.96359 -0.878008 -2.96359 2.23804 0 0.239443 0 
2 1 0 6.22951 0.110584 50.492 -0.878472 -2.96471 -0.878472 -2.96471 2.24912 0 0.238144 0 
2 1 0 6.23436 0.110584 50.492 -0.878937 -2.96582 -0.878937 -2.96582 2.26008 0 0.23687 0 
2 1 0 6.23922 0.110584 50.492 -0.879402 -2.96692 -0.879402 -2.96692 2.27093 0 0.235619 0 
2 1 0 6.24407 0.110584 50.492 -0.879866 -2.96802 -0.879866 -2.96802 2.28167 0 0.234392 0 
2 1 0 6.24893 0.110584 50.492 -0.880331 -2.96911 -0.880331 -2.96911 2.2923 0 0.233187 0 
2 1 0 6.25379 0.110584 50.492 -0.880795 -2.9702 -0.880795 -2.9702 2.30284 0 0.232003 0 
2 1 0 6.25864 0.110584 50.492 -0.881259 -2.97129 -0.881259 -2.97129 2.31327 0 0.230841 0 
2 1 0 6.2635 0.110584 50.492 -0.881723 -2.97237 -0.881723 -2.97237 2.3236 0 0.229698 0 
2 1 0 6.26836 0.110584 50.492 -0.882187 -2.97345 -0.882187 -2.97345 2.33384 0 0.228575 0 
2 1 0 6.27323 0.110584 50.492 -0.882651 -2.97452 -0.882651 -2.97452 2.34398 0 0.22747 0 
2 1 0 6.27809 0.110584 50.492 -0.883114 -2.97559 -0.883114 -2.97559 2.35404 0 0.226384 0 
2 1 0 6.28295 0.110584 50.492 -0.883578 -2.97665 -0.883578 -2.97665 2.36401 0 0.225316 0 
2 1 0 6.28782 0.110584 50.492 -0.884041 -2.97771 -0.884041 -2.97771 2.37389 0 0.224265 0 
2 1 0 6.29268 0.110584 50.492 -0.884504 -2.97877 -0.884504 -2.97877 2.38368 0 0.22323 0 
2 1 0 6.29755 0.110584 50.492 -0.884967 -2.97982 -0.884967 -2.97982 2.39339 0 0.222211 0 
2 1 0 6.30241 0.110584 50.492 -0.88543 -2.98087 -0.88543 -2.98087 2.40302 0 0.221209 0 
2 1 0 6.30728 0.110584 50.492 -0.885893 -2.98192 -0.885893 -2.98192 2.41258 0 0.220221 0 
2 1 0 6.31215 0.110584 50.492 -0.886355 -2.98296 -0.886355 -2.98296 2.42205 0 0.219249 0 
2 1 0 6.31702 0.110584 50.492 -0.886817 -2.984 -0.886817 -2.984 2.43145 0 0.21829 0 
2 1 0 6.32189 0.110584 50.492 -0.887279 -2.98504 -0.887279 -2.98504 2.44077 0 0.217346 0 
2 1 0 6.32676 0.110584 50.492 -0.887741 -2.98607 -0.887741 -2.98607 2.45002 0 0.216416 0 
2 1 0 6.33163 0.110584 50.492 -0.888203 -2.9871 -0.888203 -2.9871 2.4592 0 0.215499 0 
2 1 0 6.3365 0.110584 50.492 -0.888665 -2.98813 -0.888665 -2.98813 2.46831 0 0.214594 0 
2 1 0 6.34137 0.110584 50.492 -0.889126 -2.98915 -0.889126 -2.98915 2.47735 0 0.213703 0 
2 1 0 6.34624 0.110584 50.492 -0.889587 -2.99018 -0.889587 -2.99018 2.48632 0 0.212823 0 
2 1 0 6.35112 0.110584 50.492 -0.890048 -2.9912 -0.890048 -2.9912 2.49523 0 0.211956 0 
2 1 0 6.35599 0.110584 50.492 -0.890509 -2.99221 -0.890509 -2.99221 2.50407 0 0.211101 0 
2 1 0 6.36087 0.110584 50.492 -0.890969 -2.99323 -0.890969 -2.99323 2.51285 0 0.210256 0 
2 1 0 6.36574 0.110584 50.492 -0.89143 -2.99424 -0.89143 -2.99424 2.52156 0 0.209423 0 
2 1 0 6.37062 0.110584 50.492 -0.89189 -2.99525 -0.89189 -2.99525 2.53021 0 0.208601 0 
2 1 0 6.37549 0.110584 50.492 -0.89235 -2.99626 -0.89235 -2.99626 2.5388 0 0.20779 0 
2 1 0 6.38037 0.110584 50.492 -0.89281 -2.99726 -0.89281 -2.99726 2.54732 0 0.206989 0 
2 1 0 6.38525 0.110584 50.492 -0.893269 -2.99826 -0.893269 -2.99826 2.55579 0 0.206198 0 
2 1 0 6.39012 0.110584 50.492 -0.893728 -2.99926 -0.893728 -2.99926 2.5642 0 0.205417 0 
2 1 0 6.395 0.110584 50.492 -0.894188 -3.00026 -0.894188 -3.00026 2.57255 0 0.204646 0 
2 1 0 6.39988 0.110584 50.492 -0.894646 -3.00126 -0.894646 -3.00126 2.58085 0 0.203884 0 
2 1 0 6.40476 0.110584 50.492 -0.895105 -3.00225 -0.895105 -3.00225 2.58909 0 0.203132 0 
2 1 0 6.40964 0.110584 50.492 -0.895564 -3.00324 -0.895564 -3.00324 2.59727 0 0.202389 0 
2 1 0 6.41452 0.110584 50.492 -0.896022 -3.00423 -0.896022 -3.00423 2.6054 0 0.201654 0 
2 1 0 6.4194 0.110584 50.492 -0.89648 -3.00522 -0.89648 -3.00522 2.61348 0 0.200929 0 
2 1 0 6.42428 0.110584 50.492 -0.896938 -3.00621 -0.896938 -3.00621 2.6215 0 0.200212 0 
2 1 0 6.42916 0.110584 50.492 -0.897395 -3.00719 -0.897395 -3.00719 2.62947 0 0.199503 0 
2 1 0 6.43404 0.110584 50.492 -0.897853 -3.00818 -0.897853 -3.00818 2.63739 0 0.198803 0 
2 1 0 6.43892 0.110584 50.492 -0.89831 -3.00916 -0.89831 -3.00916 2.64525 0 0.19811 0 
2 1 0 6.4438 0.110584 50.492 -0.898767 -3.01014 -0.898767 -3.01014 2.65307 0 0.197426 0 
2 1 0 6.44868 0.110584 50.492 -0.899224 -3.01111 -0.899224 -3.01111 2.66084 0 0.196749 0 
2 1 0 6.45357 0.110584 50.492 -0.89968 -3.01209 -0.89968 -3.01209 2.66855 0 0.19608 0 
2 1 0 6.45845 0.110584 50.492 -0.900136 -3.01306 -0.900136 -3.01306 2.67622 0 0.195418 0 
2 1 0 6.46333 0.110584 50.492 -0.900592 -3.01404 -0.900592 -3.01404 2.68384 0 0.194764 0 
2 1 0 6.46822 0.110584 50.492 -0.901048 -3.01501 -0.901048 -3.01501 2.69141 0 0.194117 0 
2 1 0 6.4731 0.110584 50.492 -0.901504 -3.01598 -0.901504 -3.01598 2.69894 0 0.193477 0 
2 1 0 6.47798 0.110584 50.492 -0.901959 -3.01695 -0.901959 -3.01695 2.70642 0 0.192843 0 
2 1 0 6.48287 0.110584 50.492 -0.902414 -3.01792 -0.902414 -3.01792 2.71385 0 0.192217 0 
2 1 0 6.48775 0.110584 50.492 -0.902869 -3.01888 -0.902869 -3.01888 2.72124 0 0.191597 0 
2 1 0 6.49264 0.110584 50.492 -0.903324 -3.01985 -0.903324 -3.01985 2.72858 0 0.190984 0 
2 1 0 6.49752 0.110584 50.492 -0.903779 -3.02081 -0.903779 -3.02081 2.73587 0 0.190377 0 
2 1 0 6.50241 0.110584 50.492 -0.904233 -3.02177 -0.904233 -3.02177 2.74313 0 0.189777 0 
2 1 0 6.50729 0.110584 50.492 -0.904687 -3.02273 -0.904687 -3.02273 2.75034 0 0.189182 0 
2 1 0 6.51218 0.110584 50.492 -0.905141 -3.02369 -0.905141 -3.02369 2.7575 0 0.188594 0 
2 1 0 6.51707 0.110584 50.492 -0.905594 -3.02465 -0.905594 -3.02465 2.76462 0 0.188012 0 
2 1 0 6.52195 0.110584 50.492 -0.906048 -3.02561 -0.906048 -3.02561 2.7717 0 0.187436 0 
2 1 0 6.52684 0.110584 50.492 -0.906501 -3.02656 -0.906501 -3.02656 2.77874 0 0.186866 0 
2 1 0 6.53173 0.110584 50.492 -0.906954 -3.02752 -0.906954 -3.02752 2.78573 0 0.186301 0 
2 1 0 6.53661 0.110584 50.492 -0.907406 -3.02847 -0.907406 -3.02847 2.79268 0 0.185742 0 
2 1 0 6.5415 0.110584 50.492 -0.907859 -3.02942 -0.907859 -3.02942 2.79959 0 0.185188 0 
2 1 0 6.54639 0.110584 50.492 -0.908311 -3.03037 -0.908311 -3.03037 2.80646 0 0.18464 0 
2 1 0 6.55128 0.110584 50.492 -0.908763 -3.03132 -0.908763 -3.03132 2.81329 0 0.184098 0 
2 1 0 6.55617 0.110584 50.492 -0.909214 -3.03227 -0.909214 -3.03227 2.82008 0 0.18356 0 
2 1 0 6.56105 0.110584 50.492 -0.909666 -3.03322 -0.909666 -3.03322 2.82683 0 0.183028 0 
2 1 0 6.56594 0.110584 50.492 -0.910117 -3.03417 -0.910117 -3.03417 2.83354 0 0.182501 0 
2 1 0 6.57083 0.110584 50.492 -0.910568 -3.03511 -0.910568 -3.03511 2.84021 0 0.181979 0 
2 1 0 6.57572 0.110584 50.492 -0.911019 -3.03606 -0.911019 -3.03606 2.84685 0 0.181462 0 
2 1 0 6.58061 0.110584 50.492 -0.91147 -3.037 -0.91147 -3.037 2.85344 0 0.18095 0 
2 1 0 6.5855 0.110584 50.492 -0.91192 -3.03795 -0.91192 -3.03795 2.85999 0 0.180442 0 
2 1 0 6.59039 0.110584 50.492 -0.91237 -3.03889 -0.91237 -3.03889 2.86651 0 0.17994 0 
2 1 0 6.59528 0.110584 50.492 -0.91282 -3.03983 -0.91282 -3.03983 2.87299 0 0.179442 0 
2 1 0 6.60017 0.110584 50.492 -0.913269 -3.04077 -0.913269 -3.04077 2.87943 0 0.178949 0 
2 1 0 6.60506 0.110584 50.492 -0.913719 -3.04171 -0.913719 -3.04171 2.88583 0 0.17846 0 
2 1 0 6.60995 0.110584 50.492 -0.914168 -3.04265 -0.914168 -3.04265 2.8922 0 0.177976 0 
2 1 0 6.61484 0.110584 50.492 -0.914617 -3.04359 -0.914617 -3.04359 2.89852 0 0.177496 0 
2 1 0 6.61973 0.110584 50.492 -0.915066 -3.04453 -0.915066 -3.04453 2.90482 0 0.17702 0 
2 1 0 6.62462 0.110584 50.492 -0.915514 -3.04547 -0.915514 -3.04547 2.91107 0 0.176549 0 
2 1 0 6.62951 0.110584 50.492 -0.915962 -3.0464 -0.915962 -3.0464 2.91729 0 0.176082 0 
2 1 0 6.6344 0.110584 50.492 -0.91641 -3.04734 -0.91641 -3.04734 2.92347 0 0.175619 0 
2 1 0 6.6393 0.110584 50.492 -0.916858 -3.04827 -0.916858 -3.04827 2.92962 0 0.175161 0 
2 1 0 6.64419 0.110584 50.492 -0.917306 -3.04921 -0.917306 -3.04921 2.93573 0 0.174706 0 
2 1 0 6.64908 0.110584 50.492 -0.917753 -3.05014 -0.917753 -3.05014 2.94181 0 0.174255 0 
2 1 0 6.65397 0.110584 50.492 -0.9182 -3.05107 -0.9182 -3.05107 2.94785 0 0.173809 0 
2 1 0 6.65886 0.110584 50.492 -0.918647 -3.052 -0.918647 -3.052 2.95386 0 0.173366 0 
2 1 0 6.66375 0.110584 50.492 -0.919094 -3.05294 -0.919094 -3.05294 2.95983 0 0.172927 0 
2 1 0 6.66865 0.110584 50.492 -0.91954 -3.05387 -0.91954 -3.05387 2.96577 0 0.172492 0 
2 1 0 6.67354 0.110584 50.492 -0.919986 -3.0548 -0.919986 -3.0548 2.97167 0 0.172061 0 
2 1 0 6.67843 0.110584 50.492 -0.920432 -3.05573 -0.920432 -3.05573 2.97754 0 0.171633 0 
2 1 0 6.68332 0.110584 50.492 -0.920878 -3.05666 -0.920878 -3.05666 2.98337 0 0.17121 0 
2 1 0 6.68822 0.110584 50.492 -0.921323 -3.05758 -0.921323 -3.05758 2.98917 0 0.170789 0 
2 1 0 6.69311 0.110584 50.492 -0.921769 -3.05851 -0.921769 -3.05851 2.99494 0 0.170373 0 
2 1 0 6.698 0.110584 50.492 -0.922214 -3.05944 -0.922214 -3.05944 3.00067 0 0.169959 0 
2 1 0 6.7029 0.110584 50.492 -0.922658 -3.06037 -0.922658 -3.06037 3.00637 0 0.16955 0 
2 1 0 6.70779 0.110584 50.492 -0.923103 -3.06129 -0.923103 -3.06129 3.01204 0 0.169144 0 
2 1 0 6.71268 0.110584 50.492 -0.923547 -3.06222 -0.923547 -3.06222 3.01767 0 0.168741 0 
2 1 0 6.71758 0.110584 50.492 -0.923991 -3.06314 -0.923991 -3.06314 3.02327 0 0.168341 0 
2 1 0 6.72247 0.110584 50.492 -0.924435 -3.06407 -0.924435 -3.06407 3.02884 0 0.167945 0 
2 1 0 6.72736 0.110584 50.492 -0.924879 -3.06499 -0.924879 -3.06499 3.03437 0 0.167552 0 
2 1 0 6.73226 0.110584 50.492 -0.925322 -3.06591 -0.925322 -3.06591 3.03987 0 0.167163 0 
2 1 0 6.73715 0.110584 50.492 -0.925765 -3.06684 -0.925765 -3.06684 3.04534 0 0.166776 0 
2 1 0 6.74205 0.110584 50.492 -0.926208 -3.06776 -0.926208 -3.06776 3.05078 0 0.166393 0 
2 1 0 6.74694 0.110584 50.492 -0.926651 -3.06868 -0.926651 -3.06868 3.05619 0 0.166013 0 
2 1 0 6.75184 0.110584 50.492 -0.927093 -3.0696 -0.927093 -3.0696 3.06156 0 0.165636 0 
2 1 0 6.75673 0.110584 50.492 -0.927536 -3.07052 -0.927536 -3.07052 3.0669 0 0.165262 0 
2 1 0 6.76162 0.110584 50.492 -0.927978 -3.07145 -0.927978 -3.07145 3.07221 0 0.164891 0 
2 1 0 6.76652 0.110584 50.492 -0.92842 -3.07237 -0.92842 -3.07237 3.07749 0 0.164523 0 
2 1 0 6.77141 0.110584 50.492 -0.928861 -3.07329 -0.928861 -3.07329 3.08274 0 0.164158 0 
2 1 0 6.77631 0.110584 50.492 -0.929302 -3.07421 -0.929302 -3.07421 3.08796 0 0.163796 0 
2 1 0 6.7812 0.110584 50.492 -0.929744 -3.07512 -0.929744 -3.07512 3.09314 0 0.163437 0 
2 1 0 6.7861 0.110584 50.492 -0.930185 -3.07604 -0.930185 -3.07604 3.0983 0 0.163081 0 
2 1 0 6.79099 0.110584 50.492 -0.930625 -3.07696 -0.930625 -3.07696 3.10342 0 0.162728 0 
2 1 0 6.79589 0.110584 50.492 -0.931066 -3.07788 -0.931066 -3.07788 3.10851 0 0.162377 0 
2 1 0 6.80078 0.110584 50.492 -0.931506 -3.0788 -0.931506 -3.0788 3.11358 0 0.162029 0 
2 1 0 6.80568 0.110584 50.492 -0.931946 -3.07971 -0.931946 -3.07971 3.11861 0 0.161684 0 
2 1 0 6.81058 0.110584 50.492 -0.932386 -3.08063 -0.932386 -3.08063 3.12361 0 0.161342 0 
2 1 0 6.81547 0.110584 50.492 -0.932825 -3.08155 -0.932825 -3.08155 3.12858 0 0.161002 0 
2 1 0 6.82037 0.110584 50.492 -0.933264 -3.08246 -0.933264 -3.08246 3.13352 0 0.160665 0 
2 1 0 6.82526 0.110584 50.492 -0.933704 -3.08338 -0.933704 -3.08338 3.13843 0 0.160331 0 
2 1 0 6.83016 0.110584 50.492 -0.934142 -3.0843 -0.934142 -3.0843 3.14331 0 0.159999 0 
2 1 0 6.83505 0.110584 50.492 -0.934581 -3.08521 -0.934581 -3.08521 3.14816 0 0.15967 0 
2 1 0 6.83995 0.110584 50.492 -0.935019 -3.08613 -0.935019 -3.08613 3.15298 0 0.159343 0 
2 1 0 6.84485 0.110584 50.492 -0.935458 -3.08704 -0.935458 -3.08704 3.15777 0 0.159019 0 
2 1 0 6.84974 0.110584 50.492 -0.935896 -3.08795 -0.935896 -3.08795 3.16253 0 0.158697 0 
2 1 0 6.85464 0.110584 50.492 -0.936333 -3.08887 -0.936333 -3.08887 3.16726 0 0.158378 0 
2 1 0 6.85953 0.110584 50.492 -0.936771 -3.08978 -0.936771 -3.08978 3.17197 0 0.158061 0 
2 1 0 6.86443 0.110584 50.492 -0.937208 -3.0907 -0.937208 -3.0907 3.17664 0 0.157747 0 
2 1 0 6.86933 0.110584 50.492 -0.937645 -3.09161 -0.937645 -3.09161 3.18128 0 0.157435 0 
2 1 0 6.87422 0.110584 50.492 -0.938082 -3.09252 -0.938082 -3.09252 3.1859 0 0.157125 0 
2 1 0 6.87912 0.110584 50.492 -0.938519 -3.09343 -0.938519 -3.09343 3.19048 0 0.156818 0 
2 1 0 6.88402 0.110584 50.492 -0.938955 -3.09435 -0.938955 -3.09435 3.19504 0 0.156513 0 
2 1 0 6.88891 0.110584 50.492 -0.939392 -3.09526 -0.939392 -3.09526 3.19956 0 0.156211 0 
2 1 0 6.89381 0.110584 50.492 -0.939828 -3.09617 -0.939828 -3.09617 3.20406 0 0.155911 0 
2 1 0 6.89871 0.110584 50.492 -0.940263 -3.09708 -0.940263 -3.09708 3.20853 0 0.155613 0 
2 1 0 6.9036 0.110584 50.492 -0.940699 -3.09799 -0.940699 -3.09799 3.21297 0 0.155317 0 
2 1 0 6.9085 0.110584 50.492 -0.941134 -3.09891 -0.941134 -3.09891 3.21738 0 0.155023 0 
2 1 0 6.9134 0.110584 50.492 -0.941569 -3.09982 -0.941569 -3.09982 3.22177 0 0.154732 0 
2 1 0 6.9183 0.110584 50.492 -0.942004 -3.10073 -0.942004 -3.10073 3.22612 0 0.154443 0 
2 1 0 6.92319 0.110584 50.492 -0.942439 -3.10164 -0.942439 -3.10164 3.23045 0 0.154156 0 
2 1 0 6.92809 0.110584 50.492 -0.942873 -3.10255 -0.942873 -3.10255 3.23475 0 0.153871 0 
2 1 0 6.93299 0.110584 50.492 -0.943308 -3.10346 -0.943308 -3.10346 3.23902 0 0.153588 0 
2 1 0 6.93788 0.110584 50.492 -0.943742 -3.10437 -0.943742 -3.10437 3.24326 0 0.153308 0 
2 1 0 6.94278 0.110584 50.492 -0.944175 -3.10528 -0.944175 -3.10528 3.24748 0 0.153029 0 
2 1 0 6.94768 0.110584 50.492 -0.944609 -3.10619 -0.944609 -3.10619 3.25166 0 0.152753 0 
2 1 0 6.95258 0.110584 50.492 -0.945042 -3.1071 -0.945042 -3.1071 3.25582 0 0.152478 0 
2 1 0 6.95747 0.110584 50.492 -0.945476 -3.10801 -0.945476 -3.10801 3.25995 0 0.152206 0 
2 1 0 6.96237 0.110584 50.492 -0.945909 -3.10892 -0.945909 -3.10892 3.26405 0 0.151936 0 
2 1 0 6.96727 0.110584 50.492 -0.946341 -3.10982 -0.946341 -3.10982 3.26813 0 0.151667 0 
2 1 0 6.97217 0.110584 50.492 -0.946774 -3.11073 -0.946774 -3.11073 3.27218 0 0.151401 0 
2 1 0 6.97707 0.110584 50.492 -0.947206 -3.11164 -0.947206 -3.11164 3.2762 0 0.151136 0 
2 1 0 6.98196 0.110584 50.492 -0.947638 -3.11255 -0.947638 -3.11255 3.28019 0 0.150874 0 
2 1 0 6.98686 0.110584 50.492 -0.94807 -3.11346 -0.94807 -3.11346 3.28415 0 0.150613 0 
2 1 0 6.99176 0.110584 50.492 -0.948502 -3.11437 -0.948502 -3.11437 3.28809 0 0.150355 0 
2 1 0 6.99666 0.110584 50.492 -0.948933 -3.11527 -0.948933 -3.11527 3.292 0 0.150098 0 
2 1 0 7.00155 0.110584 50.492 -0.949364 -3.11618 -0.949364 -3.11618 3.29588 0 0.149843 0 
2 1 0 7.00645 0.110584 50.492 -0.949795 -3.11709 -0.949795 -3.11709 3.29974 0 0.14959 0 
2 1 0 7.01135 0.110584 50.492 -0.950226 -3.118 -0.950226 -3.118 3.30357 0 0.149339 0 
2 1 0 7.01625 0.110584 50.492 -0.950657 -3.1189 -0.950657 -3.1189 3.30737 0 0.14909 0 
2 1 0 7.02115 0.110584 50.492 -0.951087 -3.11981 -0.951087 -3.11981 3.31114 0 0.148842 0 
2 1 0 7.02605 0.110584 50.492 -0.951518 -3.12072 -0.951518 -3.12072 3.31489 0 0.148596 0 
2 1 0 7.03094 0.110584 50.492 -0.951948 -3.12162 -0.951948 -3.12162 3.31861 0 0.148352 0 
2 1 0 7.03584 0.110584 50.492 -0.952377 -3.12253 -0.952377 -3.12253 3.3223 0 0.14811 0 
2 1 0 7.04074 0.110584 50.492 -0.952807 -3.12344 -0.952807 -3.12344 3.32597 0 0.14787 0 
2 1 0 7.04564 0.110584 50.492 -0.953236 -3.12434 -0.953236 -3.12434 3.32961 0 0.147631 0 
2 1 0 7.05054 0.110584 50.492 -0.953665 -3.12525 -0.953665 -3.12525 3.33322 0 0.147394 0 
2 1 0 7.05544 0.110584 50.492 -0.954094 -3.12616 -0.954094 -3.12616 3.33681 0 0.147159 0 
2 1 0 7.06033 0.110584 50.492 -0.954523 -3.12706 -0.954523 -3.12706 3.34037 0 0.146925 0 
2 1 0 7.06523 0.110584 50.492 -0.954952 -3.12797 -0.954952 -3.12797 3.3439 0 0.146694 0 
2 1 0 7.07013 0.110584 50.492 -0.95538 -3.12887 -0.95538 -3.12887 3.34741 0 0.146463 0 
2 1 0 7.07503 0.110584 50.492 -0.955808 -3.12978 -0.955808 -3.12978 3.35089 0 0.146235 0 
2 1 0 7.07993 0.110584 50.492 -0.956236 -3.13068 -0.956236 -3.13068 3.35434 0 0.146008 0 
2 1 0 7.08483 0.110584 50.492 -0.956664 -3.13159 -0.956664 -3.13159 3.35777 0 0.145783 0 
2 1 0 7.08973 0.110584 50.492 -0.957091 -3.1325 -0.957091 -3.1325 3.36117 0 0.145559 0 
2 1 0 7.09462 0.110584 50.492 -0.957518 -3.1334 -0.957518 -3.1334 3.36455 0 0.145337 0 
2 1 0 7.09952 0.110584 50.492 -0.957946 -3.13431 -0.957946 -3.13431 3.36789 0 0.145117 0 
2 1 0 7.10442 0.110584 50.492 -0.958372 -3.13521 -0.958372 -3.13521 3.37122 0 0.144898 0 
2 1 0 7.10932 0.110584 50.492 -0.958799 -3.13612 -0.958799 -3.13612 3.37451 0 0.144681 0 
2 1 0 7.11422 0.110584 50.492 -0.959226 -3.13702 -0.959226 -3.13702 3.37779 0 0.144465 0 
2 1 0 7.11912 0.110584 50.492 -0.959652 -3.13793 -0.959652 -3.13793 3.38103 0 0.144251 0 
2 1 0 7.12402 0.110584 50.492 -0.960078 -3.13883 -0.960078 -3.13883 3.38425 0 0.144039 0 
2 1 0 7.12892 0.110584 50.492 -0.960504 -3.13973 -0.960504 -3.13973 3.38744 0 0.143828 0 
2 1 0 7.13382 0.110584 50.492 -0.96093 -3.14064 -0.96093 -3.14064 3.39061 0 0.143618 0 
2 1 0 7.13871 0.110584 50.492 -0.961355 -3.14154 -0.961355 -3.14154 3.39375 0 0.14341 0 
2 1 0 7.14361 0.110584 50.492 -0.96178 -3.14245 -0.96178 -3.14245 3.39687 0 0.143204 0 
2 1 0 7.14851 0.110584 50.492 -0.962205 -3.14335 -0.962205 -3.14335 3.39996 0 0.142999 0 
2 1 0 7.15341 0.110584 50.492 -0.96263 -3.14426 -0.96263 -3.14426 3.40302 0 0.142795 0 
2 1 0 7.15831 0.110584 50.492 -0.963055 -3.14516 -0.963055 -3.14516 3.40606 0 0.142593 0 
2 1 0 7.16321 0.110584 50.492 -0.963479 -3.14606 -0.963479 -3.14606 3.40907 0 0.142392 0 
2 1 0 7.16811 0.110584 50.492 -0.963904 -3.14697 -0.963904 -3.14697 3.41206 0 0.142193 0 
2 1 0 7.17301 0.110584 50.492 -0.964328 -3.14787 -0.964328 -3.14787 3.41502 0 0.141995 0 
2 1 0 7.17791 0.110584 50.492 -0.964752 -3.14878 -0.964752 -3.14878 3.41796 0 0.141799 0 
2 1 0 7.18281 0.110584 50.492 -0.965175 -3.14968 -0.965175 -3.14968 3.42087 0 0.141604 0 
2 1 0 7.18771 0.110584 50.492 -0.965599 -3.15058 -0.965599 -3.15058 3.42375 0 0.141411 0 
2 1 0 7.19261 0.110584 50.492 -0.966022 -3.15149 -0.966022 -3.15149 3.42662 0 0.141219 0 
2 1 0 7.19751 0.110584 50.492 -0.966445 -3.15239 -0.966445 -3.15239 3.42945 0 0.141028 0 
2 1 0 7.20241 0.110584 50.492 -0.966868 -3.15329 -0.966868 -3.15329 3.43226 0 0.140839 0 
2 1 0 7.20731 0.110584 50.492 -0.967291 -3.1542 -0.967291 -3.1542 3.43505 0 0.140651 0 
2 1 0 7.2122 0.110584 50.492 -0.967713 -3.1551 -0.967713 -3.1551 3.4378 0 0.140464 0 
2 1 0 7.2171 0.110584 50.492 -0.968136 -3.156 -0.968136 -3.156 3.44054 0 0.140279 0 
2 1 0 7.222 0.110584 50.492 -0.968558 -3.15691 -0.968558 -3.15691 3.44325 0 0.140095 0 
2 1 0 7.2269 0.110584 50.492 -0.96898 -3.15781 -0.96898 -3.15781 3.44593 0 0.139912 0 
2 1 0 7.2318 0.110584 50.492 -0.969402 -3.15871 -0.969402 -3.15871 3.44859 0 0.139731 0 
2 1 0 7.2367 0.110584 50.492 -0.969823 -3.15962 -0.969823 -3.15962 3.45123 0 0.139551 0 
2 1 0 7.2416 0.110584 50.492 -0.970244 -3.16052 -0.970244 -3.16052 3.45384 0 0.139372 0 
2 1 0 7.2465 0.110584 50.492 -0.970666 -3.16142 -0.970666 -3.16142 3.45642 0 0.139195 0 
2 1 0 7.2514 0.110584 50.492 -0.971087 -3.16233 -0.971087 -3.16233 3.45898 0 0.139019 0 
2 1 0 7.2563 0.110584 50.492 -0.971507 -3.16323 -0.971507 -3.16323 3.46152 0 0.138844 0 
2 1 0 7.2612 0.110584 50.492 -0.971928 -3.16413 -0.971928 -3.16413 3.46403 0 0.138671 0 
2 1 0 7.2661 0.110584 50.492 -0.972348 -3.16503 -0.972348 -3.16503 3.46651 0 0.138499 0 
2 1 0 7.271 0.110584 50.492 -0.972769 -3.16594 -0.972769 -3.16594 3.46897 0 0.138328 0 
2 1 0 7.2759 0.110584 50.492 -0.973189 -3.16684 -0.973189 -3.16684 3.47141 0 0.138158 0 
2 1 0 7.2808 0.110584 50.492 -0.973608 -3.16774 -0.973608 -3.16774 3.47382 0 0.137989 0 
2 1 0 7.2857 0.110584 50.492 -0.974028 -3.16865 -0.974028 -3.16865 3.47621 0 0.137822 0 
2 1 0 7.2906 0.110584 50.492 -0.974448 -3.16955 -0.974448 -3.16955 3.47857 0 0.137656 0 
2 1 0 7.2955 0.110584 50.492 -0.974867 -3.17045 -0.974867 -3.17045 3.48091 0 0.137491 0 
2 1 0 7.3004 0.110584 50.492 -0.975286 -3.17135 -0.975286 -3.17135 3.48322 0 0.137328 0 
2 1 0 7.3053 0.110584 50.492 -0.975705 -3.17225 -0.975705 -3.17225 3.48551 0 0.137165 0 
2 1 0 7.3102 0.110584 50.492 -0.976124 -3.17316 -0.976124 -3.17316 3.48777 0 0.137004 0 
2 1 0 7.3151 0.110584 50.492 -0.976542 -3.17406 -0.976542 -3.17406 3.49001 0 0.136844 0 
2 1 0 7.32 0.110584 50.492 -0.97696 -3.17496 -0.97696 -3.17496 3.49223 0 0.136685 0 
2 1 0 7.3249 0.110584 50.492 -0.977379 -3.17586 -0.977379 -3.17586 3.49442 0 0.136528 0 
2 1 0 7.3298 0.110584 50.492 -0.977797 -3.17677 -0.977797 -3.17677 3.49658 0 0.136371 0 
2 1 0 7.3347 0.110584 50.492 -0.978214 -3.17767 -0.978214 -3.17767 3.49873 0 0.136216 0 
2 1 0 7.3396 0.110584 50.492 -0.978632 -3.17857 -0.978632 -3.17857 3.50084 0 0.136062 0 
2 1 0 7.3445 0.110584 50.492 -0.979049 -3.17947 -0.979049 -3.17947 3.50294 0 0.135909 0 
2 1 0 7.3494 0.110584 50.492 -0.979467 -3.18037 -0.979467 -3.18037 3.50501 0 0.135757 0 
2 1 0 7.3543 0.110584 50.492 -0.979884 -3.18128 -0.979884 -3.18128 3.50705 0 0.135606 0 
2 1 0 7.3592 0.110584 50.492 -0.980301 -3.18218 -0.980301 -3.18218 3.50908 0 0.135457 0 
2 1 0 7.3641 0.110584 50.492 -0.980717 -3.18308 -0.980717 -3.18308 3.51107 0 0.135308 0 
2 1 0 7.369 0.110584 50.492 -0.981134 -3.18398 -0.981134 -3.18398 3.51305 0 0.135161 0 
2 1 0 7.3739 0.110584 50.492 -0.98155 -3.18488 -0.98155 -3.18488 3.515 0 0.135015 0 
2 1 0 7.3788 0.110584 50.492 -0.981966 -3.18578 -0.981966 -3.18578 3.51692 0 0.13487 0 
2 1 0 7.3837 0.110584 50.492 -0.982382 -3.18668 -0.982382 -3.18668 3.51882 0 0.134726 0 
2 1 0 7.38861 0.110584 50.492 -0.982798 -3.18759 -0.982798 -3.18759 3.5207 0 0.134583 0 
2 1 0 7.39351 0.110584 50.492 -0.983214 -3.18849 -0.983214 -3.18849 3.52256 0 0.134441 0 
2 1 0 7.39841 0.110584 50.492 -0.983629 -3.18939 -0.983629 -3.18939 3.52439 0 0.1343 0 
2 1 0 7.40331 0.110584 50.492 -0.984044 -3.19029 -0.984044 -3.19029 3.52619 0 0.134161 0 
2 1 0 7.40821 0.110584 50.492 -0.98446 -3.19119 -0.98446 -3.19119 3.52797 0 0.134022 0 
2 1 0 7.41311 0.110584 50.492 -0.984874 -3.19209 -0.984874 -3.19209 3.52973 0 0.133885 0 
2 1 0 7.41801 0.110584 50.492 -0.985289 -3.19299 -0.985289 -3.19299 3.53147 0 0.133748 0 
2 1 0 7.42291 0.110584 50.492 -0.985704 -3.1939 -0.985704 -3.1939 3.53318 0 0.133613 0 
2 1 0 7.42781 0.110584 50.492 -0.986118 -3.1948 -0.986118 -3.1948 3.53486 0 0.133478 0 
2 1 0 7.43271 0.110584 50.492 -0.986532 -3.1957 -0.986532 -3.1957 3.53653 0 0.133345 0 
2 1 0 7.43761 0.110584 50.492 -0.986946 -3.1966 -0.986946 -3.1966 3.53817 0 0.133213 0 
2 1 0 7.44251 0.110584 50.492 -0.98736 -3.1975 -0.98736 -3.1975 3.53978 0 0.133082 0 
2 1 0 7.44741 0.110584 50.492 -0.987774 -3.1984 -0.987774 -3.1984 3.54138 0 0.132951 0 
2 1 0 7.45231 0.110584 50.492 -0.988187 -3.1993 -0.988187 -3.1993 3.54295 0 0.132822 0 
2 1 0 7.45721 0.110584 50.492 -0.988601 -3.2002 -0.988601 -3.2002 3.54449 0 0.132694 0 
2 1 0 7.46211 0.110584 50.492 -0.989014 -3.2011 -0.989014 -3.2011 3.54601 0 0.132567 0 
2 1 0 7.46702 0.110584 50.492 -0.989427 -3.202 -0.989427 -3.202 3.54751 0 0.132441 0 
2 1 0 7.47192 0.110584 50.492 -0.98984 -3.2029 -0.98984 -3.2029 3.54899 0 0.132316 0 
2 1 0 7.47682 0.110584 50.492 -0.990252 -3.2038 -0.990252 -3.2038 3.55044 0 0.132192 0 
2 1 0 7.48172 0.110584 50.492 -0.990665 -3.2047 -0.990665 -3.2047 3.55187 0 0.132069 0 
2 1 0 7.48662 0.110584 50.492 -0.991077 -3.20561 -0.991077 -3.20561 3.55327 0 0.131946 0 
2 1 0 7.49152 0.110584 50.492 -0.991489 -3.20651 -0.991489 -3.20651 3.55465 0 0.131825 0 
2 1 0 7.49642 0.110584 50.492 -0.991901 -3.20741 -0.991901 -3.20741 3.55601 0 0.131705 0 
2 1 0 7.50132 0.110584 50.492 -0.992313 -3.20831 -0.992313 -3.20831 3.55735 0 0.131586 0 
2 1 0 7.50622 0.110584 50.492 -0.992725 -3.20921 -0.992725 -3.20921 3.55866 0 0.131468 0 
2 1 0 7.51112 0.110584 50.492 -0.993136 -3.21011 -0.993136 -3.21011 3.55995 0 0.13135 0 
2 1 0 7.51603 0.110584 50.492 -0.993547 -3.21101 -0.993547 -3.21101 3.56121 0 0.131234 0 
2 1 0 7.52093 0.110584 50.492 -0.993959 -3.21191 -0.993959 -3.21191 3.56246 0 0.131119 0 
2 1 0 7.52583 0.110584 50.492 -0.99437 -3.21281 -0.99437 -3.21281 3.56367 0 0.131004 0 
2 1 0 7.53073 0.110584 50.492 -0.99478 -3.21371 -0.99478 -3.21371 3.56487 0 0.130891 0 
2 1 0 7.53563 0.110584 50.492 -0.995191 -3.21461 -0.995191 -3.21461 3.56604 0 0.130779 0 
2 1 0 7.54053 0.110584 50.492 -0.995601 -3.21551 -0.995601 -3.21551 3.56719 0 0.130667 0 
2 1 0 7.54543 0.110584 50.492 -0.996012 -3.21641 -0.996012 -3.21641 3.56832 0 0.130557 0 
2 1 0 7.55033 0.110584 50.492 -0.996422 -3.21731 -0.996422 -3.21731 3.56942 0 0.130447 0 
2 1 0 7.55524 0.110584 50.492 -0.996832 -3.2182 -0.996832 -3.2182 3.5705 0 0.130338 0 
2 1 0 7.56014 0.110584 50.492 -0.997242 -3.2191 -0.997242 -3.2191 3.57156 0 0.130231 0 
2 1 0 7.56504 0.110584 50.492 -0.997651 -3.22 -0.997651 -3.22 3.57259 0 0.130124 0 
2 1 0 7.56994 0.110584 50.492 -0.998061 -3.2209 -0.998061 -3.2209 3.5736 0 0.130018 0 
2 1 0 7.57484 0.110584 50.492 -0.99847 -3.2218 -0.99847 -3.2218 3.57459 0 0.129913 0 
2 1 0 7.57974 0.110584 50.492 -0.998879 -3.2227 -0.998879 -3.2227 3.57556 0 0.129809 0 
2 1 0 7.58464 0.110584 50.492 -0.999288 -3.2236 -0.999288 -3.2236 3.5765 0 0.129706 0 
2 1 0 7.58955 0.110584 50.492 -0.999697 -3.2245 -0.999697 -3.2245 3.57742 0 0.129603 0 
2 1 0 7.59445 0.110584 50.492 -1.00011 -3.2254 -1.00011 -3.2254 3.57832 0 0.129502 0 
2 1 0 7.59935 0.110584 50.492 -1.00051 -3.2263 -1.00051 -3.2263 3.57919 0 0.129401 0 
2 1 0 7.60425 0.110584 50.492 -1.00092 -3.2272 -1.00092 -3.2272 3.58004 0 0.129302 0 
2 1 0 7.60915 0.110584 50.492 -1.00133 -3.22809 -1.00133 -3.22809 3.58087 0 0.129203 0 
2 1 0 7.61405 0.110584 50.492 -1.00174 -3.22899 -1.00174 -3.22899 3.58167 0 0.129105 0 
2 1 0 7.61895 0.110584 50.492 -1.00215 -3.22989 -1.00215 -3.22989 3.58246 0 0.129008 0 
2 1 0 7.62386 0.110584 50.492 -1.00255 -3.23079 -1.00255 -3.23079 3.58322 0 0.128912 0 
2 1 0 7.62876 0.110584 50.492 -1.00296 -3.23169 -1.00296 -3.23169 3.58395 0 0.128817 0 
2 1 0 7.63366 0.110584 50.492 -1.00337 -3.23259 -1.00337 -3.23259 3.58467 0 0.128723 0 
2 1 0 7.63856 0.110584 50.492 -1.00378 -3.23348 -1.00378 -3.23348 3.58536 0 0.12863 0 
2 1 0 7.64346 0.110584 50.492 -1.00418 -3.23438 -1.00418 -3.23438 3.58603 0 0.128537 0 
2 1 0 7.64837 0.110584 50.492 -1.00459 -3.23528 -1.00459 -3.23528 3.58667 0 0.128446 0 
2 1 0 7.65327 0.110584 50.492 -1.005 -3.23618 -1.005 -3.23618 3.5873 0 0.128355 0 
2 1 0 7.65817 0.110584 50.492 -1.0054 -3.23707 -1.0054 -3.23707 3.5879 0 0.128265 0 
2 1 0 7.66307 0.110584 50.492 -1.00581 -3.23797 -1.00581 -3.23797 3.58848 0 0.128176 0 
2 1 0 7.66797 0.110584 50.492 -1.00622 -3.23887 -1.00622 -3.23887 3.58903 0 0.128088 0 
2 1 0 7.67288 0.110584 50.492 -1.00662 -3.23977 -1.00662 -3.23977 3.58957 0 0.128 0 
2 1 0 7.67778 0.110584 50.492 -1.00703 -3.24066 -1.00703 -3.24066 3.59008 0 0.127914 0 
2 1 0 7.68268 0.110584 50.492 -1.00743 -3.24156 -1.00743 -3.24156 3.59056 0 0.127828 0 
2 1 0 7.68758 0.110584 50.492 -1.00784 -3.24246 -1.00784 -3.24246 3.59103 0 0.127744 0 
2 1 0 7.69248 0.110584 50.492 -1.00825 -3.24336 -1.00825 -3.24336 3.59147 0 0.12766 0 
2 1 0 7.69739 0.110584 50.492 -1.00865 -3.24425 -1.00865 -3.24425 3.59189 0 0.127577 0 
2 1 0 7.70229 0.110584 50.492 -1.00906 -3.24515 -1.00906 -3.24515 3.59229 0 0.127494 0 
2 1 0 7.70719 0.110584 50.492 -1.00946 -3.24605 -1.00946 -3.24605 3.59267 0 0.127413 0 
2 1 0 7.71209 0.110584 50.492 -1.00987 -3.24694 -1.00987 -3.24694 3.59302 0 0.127332 0 
2 1 0 7.717 0.110584 50.492 -1.01027 -3.24784 -1.01027 -3.24784 3.59335 0 0.127253 0 
2 1 0 7.7219 0.110584 50.492 -1.01068 -3.24873 -1.01068 -3.24873 3.59366 0 0.127174 0 
2 1 0 7.7268 0.110584 50.492 -1.01108 -3.24963 -1.01108 -3.24963 3.59395 0 0.127096 0 
2 1 0 7.7317 0.110584 50.492 -1.01149 -3.25053 -1.01149 -3.25053 3.59421 0 0.127018 0 
2 1 0 7.7366 0.110584 50.492 -1.01189 -3.25142 -1.01189 -3.25142 3.59445 0 0.126942 0 
2 1 0 7.74151 0.110584 50.492 -1.01229 -3.25232 -1.01229 -3.25232 3.59467 0 0.126866 0 
2 1 0 7.74641 0.110584 50.492 -1.0127 -3.25321 -1.0127 -3.25321 3.59487 0 0.126792 0 
2 1 0 7.75131 0.110584 50.492 -1.0131 -3.25411 -1.0131 -3.25411 3.59504 0 0.126717 0 
2 1 0 7.75621 0.110584 50.492 -1.0135 -3.255 -1.0135 -3.255 3.59519 0 0.126644 0 
2 1 0 7.76112 0.110584 50.492 -1.01391 -3.2559 -1.01391 -3.2559 3.59532 0 0.126572 0 
2 1 0 7.76602 0.110584 50.492 -1.01431 -3.25679 -1.01431 -3.25679 3.59543 0 0.126501 0 
2 1 0 7.77092 0.110584 50.492 -1.01471 -3.25769 -1.01471 -3.25769 3.59552 0 0.12643 0 
2 1 0 7.77583 0.110584 50.492 -1.01512 -3.25858 -1.01512 -3.25858 3.59558 0 0.12636 0 
2 1 0 7.78073 0.110584 50.492 -1.01552 -3.25948 -1.01552 -3.25948 3.59562 0 0.126291 0 
2 1 0 7.78563 0.110584 50.492 -1.01592 -3.26037 -1.01592 -3.26037 3.59564 0 0.126222 0 
2 1 0 7.79053 0.110584 50.492 -1.01633 -3.26127 -1.01633 -3.26127 3.59563 0 0.126155 0 
2 1 0 7.79544 0.110584 50.492 -1.01673 -3.26216 -1.01673 -3.26216 3.59561 0 0.126088 0 
2 1 0 7.80034 0.110584 50.492 -1.01713 -3.26305 -1.01713 -3.26305 3.59556 0 0.126022 0 
2 1 0 7.80524 0.110584 50.492 -1.01753 -3.26395 -1.01753 -3.26395 3.59549 0 0.125957 0 
2 1 0 7.81015 0.110584 50.492 -1.01794 -3.26484 -1.01794 -3.26484 3.5954 0 0.125893 0 
2 1 0 7.81505 0.110584 50.492 -1.01834 -3.26574 -1.01834 -3.26574 3.59528 0 0.125829 0 
2 1 0 7.81995 0.110584 50.492 -1.01874 -3.26663 -1.01874 -3.26663 3.59514 0 0.125767 0 
2 1 0 7.82486 0.110584 50.492 -1.01914 -3.26752 -1.01914 -3.26752 3.59499 0 0.125705 0 
2 1 0 7.82976 0.110584 50.492 -1.01954 -3.26841 -1.01954 -3.26841 3.5948 0 0.125644 0 
2 1 0 7.83466 0.110584 50.492 -1.01994 -3.26931 -1.01994 -3.26931 3.5946 0 0.125583 0 
2 1 0 7.83957 0.110584 50.492 -1.02034 -3.2702 -1.02034 -3.2702 3.59438 0 0.125524 0 
2 1 0 7.84447 0.110584 50.492 -1.02075 -3.27109 -1.02075 -3.27109 3.59413 0 0.125465 0 
2 1 0 7.84937 0.110584 50.492 -1.02115 -3.27198 -1.02115 -3.27198 3.59386 0 0.125407 0 
2 1 0 7.85428 0.110584 50.492 -1.02155 -3.27288 -1.02155 -3.27288 3.59357 0 0.12535 0 
2 1 0 7.85918 0.110584 50.492 -1.02195 -3.27377 -1.02195 -3.27377 3.59325 0 0.125293 0 
2 1 0 7.86408 0.110584 50.492 -1.02235 -3.27466 -1.02235 -3.27466 3.59292 0 0.125238 0 
2 1 0 7.86899 0.110584 50.492 -1.02275 -3.27555 -1.02275 -3.27555 3.59256 0 0.125183 0 
2 1 0 7.87389 0.110584 50.492 -1.02315 -3.27644 -1.02315 -3.27644 3.59218 0 0.125129 0 
2 1 0 7.87879 0.110584 50.492 -1.02355 -3.27733 -1.02355 -3.27733 3.59178 0 0.125076 0 
2 1 0 7.8837 0.110584 50.492 -1.02395 -3.27822 -1.02395 -3.27822 3.59135 0 0.125023 0 
2 1 0 7.8886 0.110584 50.492 -1.02435 -3.27911 -1.02435 -3.27911 3.59091 0 0.124971 0 
2 1 0 7.89351 0.110584 50.492 -1.02475 -3.28 -1.02475 -3.28 3.59044 0 0.12492 0 
2 1 0 7.89841 0.110584 50.492 -1.02515 -3.28089 -1.02515 -3.28089 3.58995 0 0.12487 0 
2 1 0 7.90331 0.110584 50.492 -1.02555 -3.28178 -1.02555 -3.28178 3.58944 0 0.124821 0 
2 1 0 7.90822 0.110584 50.492 -1.02595 -3.28267 -1.02595 -3.28267 3.5889 0 0.124772 0 
2 1 0 7.91312 0.110584 50.492 -1.02635 -3.28356 -1.02635 -3.28356 3.58835 0 0.124724 0 
2 1 0 7.91802 0.110584 50.492 -1.02675 -3.28445 -1.02675 -3.28445 3.58777 0 0.124677 0 
2 1 0 7.92293 0.110584 50.492 -1.02715 -3.28534 -1.02715 -3.28534 3.58717 0 0.124631 0 
2 1 0 7.92783 0.110584 50.492 -1.02754 -3.28623 -1.02754 -3.28623 3.58655 0 0.124585 0 
2 1 0 7.93274 0.110584 50.492 -1.02794 -3.28712 -1.02794 -3.28712 3.5859 0 0.12454 0 
2 1 0 7.93764 0.110584 50.492 -1.02834 -3.28801 -1.02834 -3.28801 3.58524 0 0.124496 0 
2 1 0 7.94255 0.110584 50.492 -1.02874 -3.28889 -1.02874 -3.28889 3.58455 0 0.124453 0 
2 1 0 7.94745 0.110584 50.492 -1.02914 -3.28978 -1.02914 -3.28978 3.58384 0 0.124411 0 
2 1 0 7.95236 0.110584 50.492 -1.02954 -3.29067 -1.02954 -3.29067 3.58311 0 0.124369 0 
2 1 0 7.95726 0.110584 50.492 -1.02993 -3.29156 -1.02993 -3.29156 3.58235 0 0.124328 0 
2 1 0 7.96216 0.110584 50.492 -1.03033 -3.29244 -1.03033 -3.29244 3.58158 0 0.124288 0 
2 1 0 7.96707 0.110584 50.492 -1.03073 -3.29333 -1.03073 -3.29333 3.58078 0 0.124248 0 
2 1 0 7.97197 0.110584 50.492 -1.03113 -3.29422 -1.03113 -3.29422 3.57996 0 0.12421 0 
2 1 0 7.97688 0.110584 50.492 -1.03153 -3.2951 -1.03153 -3.2951 3.57912 0 0.124172 0 
2 1 0 7.98178 0.110584 50.492 -1.03192 -3.29599 -1.03192 -3.29599 3.57825 0 0.124135 0 
2 1 0 7.98669 0.110584 50.492 -1.03232 -3.29688 -1.03232 -3.29688 3.57737 0 0.124099 0 
2 1 0 7.99159 0.110584 50.492 -1.03272 -3.29776 -1.03272 -3.29776 3.57646 0 0.124063 0 
2 1 0 7.9965 0.110584 50.492 -1.03311 -3.29865 -1.03311 -3.29865 3.57553 0 0.124028 0 
2 1 0 8.0014 0.110584 50.492 -1.03351 -3.29953 -1.03351 -3.29953 3.57458 0 0.123994 0 
2 1 0 8.00631 0.110584 50.492 -1.03391 -3.30042 -1.03391 -3.30042 3.5736 0 0.123961 0 
2 1 0 8.01121 0.110584 50.492 -1.03431 -3.3013 -1.03431 -3.3013 3.57261 0 0.123928 0 
2 1 0 8.01612 0.110584 50.492 -1.0347 -3.30218 -1.0347 -3.30218 3.57159 0 0.123897 0 
2 1 0 8.02102 0.110584 50.492 -1.0351 -3.30307 -1.0351 -3.30307 3.57055 0 0.123866 0 
2 1 0 8.02593 0.110584 50.492 -1.03549 -3.30395 -1.03549 -3.30395 3.56949 0 0.123835 0 
2 1 0 8.03083 0.110584 50.492 -1.03589 -3.30483 -1.03589 -3.30483 3.5684 0 0.123806 0 
2 1 0 8.03574 0.110584 50.492 -1.03629 -3.30572 -1.03629 -3.30572 3.5673 0 0.123777 0 
2 1 0 8.04065 0.110584 50.492 -1.03668 -3.3066 -1.03668 -3.3066 3.56617 0 0.123749 0 
2 1 0 8.04555 0.110584 50.492 -1.03708 -3.30748 -1.03708 -3.30748 3.56502 0 0.123722 0 
2 1 0 8.05046 0.110584 50.492 -1.03747 -3.30836 -1.03747 -3.30836 3.56385 0 0.123696 0 
2 1 0 8.05536 0.110584 50.492 -1.03787 -3.30924 -1.03787 -3.30924 3.56266 0 0.12367 0 
2 1 0 8.06027 0.110584 50.492 -1.03827 -3.31012 -1.03827 -3.31012 3.56144 0 0.123645 0 
2 1 0 8.06517 0.110584 50.492 -1.03866 -3.31101 -1.03866 -3.31101 3.5602 0 0.123621 0 
2 1 0 8.07008 0.110584 50.492 -1.03906 -3.31189 -1.03906 -3.31189 3.55894 0 0.123598 0 
2 1 0 8.07499 0.110584 50.492 -1.03945 -3.31277 -1.03945 -3.31277 3.55766 0 0.123575 0 
2 1 0 8.07989 0.110584 50.492 -1.03985 -3.31365 -1.03985 -3.31365 3.55636 0 0.123554 0 
2 1 0 8.0848 0.110584 50.492 -1.04024 -3.31453 -1.04024 -3.31453 3.55503 0 0.123533 0 
2 1 0 8.0897 0.110584 50.492 -1.04064 -3.3154 -1.04064 -3.3154 3.55368 0 0.123512 0 
2 1 0 8.09461 0.110584 50.492 -1.04103 -3.31628 -1.04103 -3.31628 3.55232 0 0.123493 0 
2 1 0 8.09952 0.110584 50.492 -1.04143 -3.31716 -1.04143 -3.31716 3.55092 0 0.123474 0 
2 1 0 8.10442 0.110584 50.492 -1.04182 -3.31804 -1.04182 -3.31804 3.54951 0 0.123456 0 
2 1 0 8.10933 0.110584 50.492 -1.04222 -3.31892 -1.04222 -3.31892 3.54807 0 0.123439 0 
2 1 0 8.11424 0.110584 50.492 -1.04261 -3.31979 -1.04261 -3.31979 3.54662 0 0.123423 0 
2 1 0 8.11914 0.110584 50.492 -1.043 -3.32067 -1.043 -3.32067 3.54513 0 0.123407 0 
2 1 0 8.12405 0.110584 50.492 -1.0434 -3.32155 -1.0434 -3.32155 3.54363 0 0.123393 0 
2 1 0 8.12896 0.110584 50.492 -1.04379 -3.32242 -1.04379 -3.32242 3.54211 0 0.123378 0 
2 1 0 8.13386 0.110584 50.492 -1.04419 -3.3233 -1.04419 -3.3233 3.54056 0 0.123365 0 
2 1 0 8.13877 0.110584 50.492 -1.04458 -3.32417 -1.04458 -3.32417 3.53899 0 0.123353 0 
2 1 0 8.14368 0.110584 50.492 -1.04497 -3.32505 -1.04497 -3.32505 3.5374 0 0.123341 0 
2 1 0 8.14859 0.110584 50.492 -1.04537 -3.32592 -1.04537 -3.32592 3.53579 0 0.12333 0 
2 1 0 8.15349 0.110584 50.492 -1.04576 -3.3268 -1.04576 -3.3268 3.53415 0 0.12332 0 
2 1 0 8.1584 0.110584 50.492 -1.04615 -3.32767 -1.04615 -3.32767 3.5325 0 0.123311 0 
2 1 0 8.16331 0.110584 50.492 -1.04655 -3.32854 -1.04655 -3.32854 3.53082 0 0.123302 0 
2 1 0 8.16822 0.110584 50.492 -1.04694 -3.32942 -1.04694 -3.32942 3.52911 0 0.123295 0 
2 1 0 8.17312 0.110584 50.492 -1.04733 -3.33029 -1.04733 -3.33029 3.52739 0 0.123288 0 
2 1 0 8.17803 0.110584 50.492 -1.04773 -3.33116 -1.04773 -3.33116 3.52564 0 0.123281 0 
2 1 0 8.18294 0.110584 50.492 -1.04812 -3.33203 -1.04812 -3.33203 3.52388 0 0.123276 0 
2 1 0 8.18785 0.110584 50.492 -1.04851 -3.3329 -1.04851 -3.3329 3.52208 0 0.123272 0 
2 1 0 8.19275 0.110584 50.492 -1.0489 -3.33378 -1.0489 -3.33378 3.52027 0 0.123268 0 
2 1 0 8.19766 0.110584 50.492 -1.0493 -3.33465 -1.0493 -3.33465 3.51844 0 0.123265 0 
2 1 0 8.20257 0.110584 50.492 -1.04969 -3.33551 -1.04969 -3.33551 3.51658 0 0.123263 0 
2 1 0 8.20748 0.110584 50.492 -1.05008 -3.33638 -1.05008 -3.33638 3.5147 0 0.123261 0 
2 1 0 8.21239 0.110584 50.492 -1.05047 -3.33725 -1.05047 -3.33725 3.51279 0 0.123261 0 
2 1 0 8.2173 0.110584 50.492 -1.05087 -3.33812 -1.05087 -3.33812 3.51087 0 0.123261 0 
2 1 0 8.2222 0.110584 50.492 -1.05126 -3.33899 -1.05126 -3.33899 3.50892 0 0.123262 0 
2 1 0 8.22711 0.110584 50.492 -1.05165 -3.33986 -1.05165 -3.33986 3.50695 0 0.123264 0 
2 1 0 8.23202 0.110584 50.492 -1.05204 -3.34072 -1.05204 -3.34072 3.50496 0 0.123266 0 
2 1 0 8.23693 0.110584 50.492 -1.05243 -3.34159 -1.05243 -3.34159 3.50295 0 0.12327 0 
2 1 0 8.24184 0.110584 50.492 -1.05283 -3.34246 -1.05283 -3.34246 3.50091 0 0.123274 0 
2 1 0 8.24675 0.110584 50.492 -1.05322 -3.34332 -1.05322 -3.34332 3.49885 0 0.123279 0 
2 1 0 8.25166 0.110584 50.492 -1.05361 -3.34419 -1.05361 -3.34419 3.49677 0 0.123285 0 
2 1 0 8.25657 0.110584 50.492 -1.054 -3.34505 -1.054 -3.34505 3.49466 0 0.123292 0 
2 1 0 8.26148 0.110584 50.492 -1.05439 -3.34591 -1.05439 -3.34591 3.49253 0 0.1233 0 
2 1 0 8.26638 0.110584 50.492 -1.05478 -3.34678 -1.05478 -3.34678 3.49038 0 0.123308 0 
2 1 0 8.27129 0.110584 50.492 -1.05517 -3.34764 -1.05517 -3.34764 3.48821 0 0.123317 0 
2 1 0 8.2762 0.110584 50.492 -1.05557 -3.3485 -1.05557 -3.3485 3.48601 0 0.123327 0 
2 1 0 8.28111 0.110584 50.492 -1.05596 -3.34936 -1.05596 -3.34936 3.48379 0 0.123338 0 
2 1 0 8.28602 0.110584 50.492 -1.05635 -3.35022 -1.05635 -3.35022 3.48155 0 0.12335 0 
2 1 0 8.29093 0.110584 50.492 -1.05674 -3.35108 -1.05674 -3.35108 3.47929 0 0.123363 0 
2 1 0 8.29584 0.110584 50.492 -1.05713 -3.35194 -1.05713 -3.35194 3.477 0 0.123376 0 
2 1 0 8.30075 0.110584 50.492 -1.05752 -3.3528 -1.05752 -3.3528 3.47469 0 0.123391 0 
2 1 0 8.30566 0.110584 50.492 -1.05791 -3.35366 -1.05791 -3.35366 3.47236 0 0.123406 0 
2 1 0 8.31057 0.110584 50.492 -1.0583 -3.35452 -1.0583 -3.35452 3.47 0 0.123422 0 
2 1 0 8.31548 0.110584 50.492 -1.05869 -3.35538 -1.05869 -3.35538 3.46763 0 0.123439 0 
2 1 0 8.32039 0.110584 50.492 -1.05908 -3.35623 -1.05908 -3.35623 3.46523 0 0.123456 0 
2 1 0 8.32531 0.110584 50.492 -1.05947 -3.35709 -1.05947 -3.35709 3.4628 0 0.123475 0 
2 1 0 8.33022 0.110584 50.492 -1.05986 -3.35795 -1.05986 -3.35795 3.46035 0 0.123494 0 
2 1 0 8.33513 0.110584 50.492 -1.06025 -3.3588 -1.06025 -3.3588 3.45788 0 0.123515 0 
2 1 0 8.34004 0.110584 50.492 -1.06064 -3.35966 -1.06064 -3.35966 3.45539 0 0.123536 0 
2 1 0 8.34495 0.110584 50.492 -1.06103 -3.36051 -1.06103 -3.36051 3.45287 0 0.123558 0 
2 1 0 8.34986 0.110584 50.492 -1.06142 -3.36136 -1.06142 -3.36136 3.45033 0 0.123581 0 
2 1 0 8.35477 0.110584 50.492 -1.06181 -3.36222 -1.06181 -3.36222 3.44777 0 0.123605 0 
2 1 0 8.35968 0.110584 50.492 -1.0622 -3.36307 -1.0622 -3.36307 3.44518 0 0.12363 0 
2 1 0 8.36459 0.110584 50.492 -1.06259 -3.36392 -1.06259 -3.36392 3.44257 0 0.123655 0 
2 1 0 8.36951 0.110584 50.492 -1.06298 -3.36477 -1.06298 -3.36477 3.43994 0 0.123682 0 
2 1 0 8.37442 0.110584 50.492 -1.06337 -3.36562 -1.06337 -3.36562 3.43728 0 0.123709 0 
2 1 0 8.37933 0.110584 50.492 -1.06376 -3.36647 -1.06376 -3.36647 3.4346 0 0.123738 0 
2 1 0 8.38424 0.110584 50.492 -1.06415 -3.36732 -1.06415 -3.36732 3.4319 0 0.123767 0 
2 1 0 8.38915 0.110584 50.492 -1.06454 -3.36817 -1.06454 -3.36817 3.42917 0 0.123797 0 
2 1 0 8.39407 0.110584 50.492 -1.06493 -3.36901 -1.06493 -3.36901 3.42642 0 0.123828 0 
2 1 0 8.39898 0.110584 50.492 -1.06531 -3.36986 -1.06531 -3.36986 3.42365 0 0.12386 0 
2 1 0 8.40389 0.110584 50.492 -1.0657 -3.3707 -1.0657 -3.3707 3.42085 0 0.123893 0 
2 1 0 8.4088 0.110584 50.492 -1.06609 -3.37155 -1.06609 -3.37155 3.41803 0 0.123927 0 
2 1 0 8.41372 0.110584 50.492 -1.06648 -3.37239 -1.06648 -3.37239 3.41518 0 0.123962 0 
2 1 0 8.41863 0.110584 50.492 -1.06687 -3.37324 -1.06687 -3.37324 3.41231 0 0.123998 0 
2 1 0 8.42354 0.110584 50.492 -1.06726 -3.37408 -1.06726 -3.37408 3.40942 0 0.124035 0 
2 1 0 8.42846 0.110584 50.492 -1.06765 -3.37492 -1.06765 -3.37492 3.40651 0 0.124072 0 
2 1 0 8.43337 0.110584 50.492 -1.06804 -3.37576 -1.06804 -3.37576 3.40356 0 0.124111 0 
2 1 0 8.43828 0.110584 50.492 -1.06842 -3.3766 -1.06842 -3.3766 3.4006 0 0.124151 0 
2 1 0 8.4432 0.110584 50.492 -1.06881 -3.37744 -1.06881 -3.37744 3.39761 0 0.124191 0 
2 1 0 8.44811 0.110584 50.492 -1.0692 -3.37828 -1.0692 -3.37828 3.3946 0 0.124233 0 
2 1 0 8.45302 0.110584 50.492 -1.06959 -3.37912 -1.06959 -3.37912 3.39156 0 0.124275 0 
2 1 0 8.45794 0.110584 50.492 -1.06998 -3.37996 -1.06998 -3.37996 3.3885 0 0.124319 0 
2 1 0 8.46285 0.110584 50.492 -1.07036 -3.38079 -1.07036 -3.38079 3.38541 0 0.124363 0 
2 1 0 8.46777 0.110584 50.492 -1.07075 -3.38163 -1.07075 -3.38163 3.3823 0 0.124409 0 
2 1 0 8.47268 0.110584 50.492 -1.07114 -3.38247 -1.07114 -3.38247 3.37917 0 0.124455 0 
2 1 0 8.4776 0.110584 50.492 -1.07153 -3.3833 -1.07153 -3.3833 3.37601 0 0.124503 0 
2 1 0 8.48251 0.110584 50.492 -1.07192 -3.38413 -1.07192 -3.38413 3.37283 0 0.124551 0 
2 1 0 8.48743 0.110584 50.492 -1.0723 -3.38497 -1.0723 -3.38497 3.36962 0 0.124601 0 
2 1 0 8.49234 0.110584 50.492 -1.07269 -3.3858 -1.07269 -3.3858 3.36638 0 0.124651 0 
2 1 0 8.49726 0.110584 50.492 -1.07308 -3.38663 -1.07308 -3.38663 3.36313 0 0.124703 0 
2 1 0 8.50217 0.110584 50.492 -1.07347 -3.38746 -1.07347 -3.38746 3.35984 0 0.124756 0 
2 1 0 8.50709 0.110584 50.492 -1.07386 -3.38829 -1.07386 -3.38829 3.35654 0 0.124809 0 
2 1 0 8.512 0.110584 50.492 -1.07424 -3.38911 -1.07424 -3.38911 3.3532 0 0.124864 0 
2 1 0 8.51692 0.110584 50.492 -1.07463 -3.38994 -1.07463 -3.38994 3.34985 0 0.12492 0 
2 1 0 8.52184 0.110584 50.492 -1.07502 -3.39077 -1.07502 -3.39077 3.34646 0 0.124977 0 
2 1 0 8.52675 0.110584 50.492 -1.0754 -3.39159 -1.0754 -3.39159 3.34306 0 0.125035 0 
2 1 0 8.53167 0.110584 50.492 -1.07579 -3.39242 -1.07579 -3.39242 3.33962 0 0.125094 0 
2 1 0 8.53658 0.110584 50.492 -1.07618 -3.39324 -1.07618 -3.39324 3.33617 0 0.125154 0 
2 1 0 8.5415 0.110584 50.492 -1.07657 -3.39406 -1.07657 -3.39406 3.33268 0 0.125215 0 
2 1 0 8.54642 0.110584 50.492 -1.07695 -3.39488 -1.07695 -3.39488 3.32917 0 0.125277 0 
2 1 0 8.55133 0.110584 50.492 -1.07734 -3.3957 -1.07734 -3.3957 3.32564 0 0.125341 0 
2 1 0 8.55625 0.110584 50.492 -1.07773 -3.39652 -1.07773 -3.39652 3.32208 0 0.125405 0 
2 1 0 8.56117 0.110584 50.492 -1.07811 -3.39734 -1.07811 -3.39734 3.31849 0 0.125471 0 
2 1 0 8.56609 0.110584 50.492 -1.0785 -3.39816 -1.0785 -3.39816 3.31488 0 0.125538 0 
2 1 0 8.571 0.110584 50.492 -1.07889 -3.39898 -1.07889 -3.39898 3.31124 0 0.125606 0 
2 1 0 8.57592 0.110584 50.492 -1.07928 -3.39979 -1.07928 -3.39979 3.30758 0 0.125675 0 
2 1 0 8.58084 0.110584 50.492 -1.07966 -3.40061 -1.07966 -3.40061 3.30389 0 0.125745 0 
2 1 0 8.58576 0.110584 50.492 -1.08005 -3.40142 -1.08005 -3.40142 3.30017 0 0.125817 0 
2 1 0 8.59068 0.110584 50.492 -1.08044 -3.40223 -1.08044 -3.40223 3.29643 0 0.12589 0 
2 1 0 8.5956 0.110584 50.492 -1.08082 -3.40304 -1.08082 -3.40304 3.29266 0 0.125963 0 
2 1 0 8.60051 0.110584 50.492 -1.08121 -3.40385 -1.08121 -3.40385 3.28887 0 0.126039 0 
2 1 0 8.60543 0.110584 50.492 -1.0816 -3.40466 -1.0816 -3.40466 3.28504 0 0.126115 0 
2 1 0 8.61035 0.110584 50.492 -1.08198 -3.40547 -1.08198 -3.40547 3.2812 0 0.126192 0 
2 1 0 8.61527 0.110584 50.492 -1.08237 -3.40628 -1.08237 -3.40628 3.27732 0 0.126271 0 
2 1 0 8.62019 0.110584 50.492 -1.08275 -3.40708 -1.08275 -3.40708 3.27342 0 0.126351 0 
2 1 0 8.62511 0.110584 50.492 -1.08314 -3.40789 -1.08314 -3.40789 3.26949 0 0.126432 0 
2 1 0 8.63003 0.110584 50.492 -1.08353 -3.40869 -1.08353 -3.40869 3.26553 0 0.126515 0 
2 1 0 8.63495 0.110584 50.492 -1.08391 -3.40949 -1.08391 -3.40949 3.26155 0 0.126599 0 
2 1 0 8.63987 0.110584 50.492 -1.0843 -3.41029 -1.0843 -3.41029 3.25754 0 0.126684 0 
2 1 0 8.64479 0.110584 50.492 -1.08469 -3.41109 -1.08469 -3.41109 3.2535 0 0.12677 0 
2 1 0 8.64971 0.110584 50.492 -1.08507 -3.41189 -1.08507 -3.41189 3.24943 0 0.126858 0 
2 1 0 8.65463 0.110584 50.492 -1.08546 -3.41269 -1.08546 -3.41269 3.24534 0 0.126947 0 
2 1 0 8.65955 0.110584 50.492 -1.08584 -3.41349 -1.08584 -3.41349 3.24122 0 0.127037 0 
2 1 0 8.66448 0.110584 50.492 -1.08623 -3.41428 -1.08623 -3.41428 3.23707 0 0.127129 0 
2 1 0 8.6694 0.110584 50.492 -1.08662 -3.41508 -1.08662 -3.41508 3.23289 0 0.127222 0 
2 1 0 8.67432 0.110584 50.492 -1.087 -3.41587 -1.087 -3.41587 3.22869 0 0.127316 0 
2 1 0 8.67924 0.110584 50.492 -1.08739 -3.41666 -1.08739 -3.41666 3.22446 0 0.127412 0 
2 1 0 8.68416 0.110584 50.492 -1.08778 -3.41745 -1.08778 -3.41745 3.22019 0 0.127509 0 
2 1 0 8.68908 0.110584 50.492 -1.08816 -3.41824 -1.08816 -3.41824 3.2159 0 0.127607 0 
2 1 0 8.69401 0.110584 50.492 -1.08855 -3.41903 -1.08855 -3.41903 3.21158 0 0.127707 0 
2 1 0 8.69893 0.110584 50.492 -1.08893 -3.41981 -1.08893 -3.41981 3.20724 0 0.127809 0 
2 1 0 8.70385 0.110584 50.492 -1.08932 -3.4206 -1.08932 -3.4206 3.20286 0 0.127912 0 
2 1 0 8.70878 0.110584 50.492 -1.08971 -3.42138 -1.08971 -3.42138 3.19845 0 0.128016 0 
2 1 0 8.7137 0.110584 50.492 -1.09009 -3.42216 -1.09009 -3.42216 3.19402 0 0.128122 0 
2 1 0 8.71862 0.110584 50.492 -1.09048 -3.42294 -1.09048 -3.42294 3.18955 0 0.128229 0 
2 1 0 8.72355 0.110584 50.492 -1.09086 -3.42372 -1.09086 -3.42372 3.18506 0 0.128338 0 
2 1 0 8.72847 0.110584 50.492 -1.09125 -3.4245 -1.09125 -3.4245 3.18054 0 0.128448 0 
2 1 0 8.7334 0.110584 50.492 -1.09163 -3.42527 -1.09163 -3.42527 3.17598 0 0.12856 0 
2 1 0 8.73832 0.110584 50.492 -1.09202 -3.42605 -1.09202 -3.42605 3.1714 0 0.128673 0 
2 1 0 8.74324 0.110584 50.492 -1.09241 -3.42682 -1.09241 -3.42682 3.16678 0 0.128789 0 
2 1 0 8.74817 0.110584 50.492 -1.09279 -3.42759 -1.09279 -3.42759 3.16214 0 0.128905 0 
2 1 0 8.75309 0.110584 50.492 -1.09318 -3.42837 -1.09318 -3.42837 3.15747 0 0.129023 0 
2 1 0 8.75802 0.110584 50.492 -1.09356 -3.42913 -1.09356 -3.42913 3.15276 0 0.129143 0 
2 1 0 8.76295 0.110584 50.492 -1.09395 -3.4299 -1.09395 -3.4299 3.14802 0 0.129265 0 
2 1 0 8.76787 0.110584 50.492 -1.09433 -3.43067 -1.09433 -3.43067 3.14326 0 0.129388 0 
2 1 0 8.7728 0.110584 50.492 -1.09472 -3.43143 -1.09472 -3.43143 3.13846 0 0.129513 0 
2 1 0 8.77772 0.110584 50.492 -1.09511 -3.43219 -1.09511 -3.43219 3.13363 0 0.129639 0 
2 1 0 8.78265 0.110584 50.492 -1.09549 -3.43295 -1.09549 -3.43295 3.12877 0 0.129767 0 
2 1 0 8.78758 0.110584 50.492 -1.09588 -3.43371 -1.09588 -3.43371 3.12388 0 0.129897 0 
2 1 0 8.79251 0.110584 50.492 -1.09626 -3.43447 -1.09626 -3.43447 3.11895 0 0.130029 0 
2 1 0 8.79743 0.110584 50.492 -1.09665 -3.43523 -1.09665 -3.43523 3.11399 0 0.130162 0 
2 1 0 8.80236 0.110584 50.492 -1.09703 -3.43598 -1.09703 -3.43598 3.109 0 0.130298 0 
2 1 0 8.80729 0.110584 50.492 -1.09742 -3.43673 -1.09742 -3.43673 3.10398 0 0.130435 0 
2 1 0 8.81222 0.110584 50.492 -1.09781 -3.43749 -1.09781 -3.43749 3.09893 0 0.130574 0 
2 1 0 8.81715 0.110584 50.492 -1.09819 -3.43823 -1.09819 -3.43823 3.09384 0 0.130715 0 
2 1 0 8.82207 0.110584 50.492 -1.09858 -3.43898 -1.09858 -3.43898 3.08872 0 0.130857 0 
2 1 0 8.827 0.110584 50.492 -1.09896 -3.43973 -1.09896 -3.43973 3.08356 0 0.131002 0 
2 1 0 8.83193 0.110584 50.492 -1.09935 -3.44047 -1.09935 -3.44047 3.07838 0 0.131148 0 
2 1 0 8.83686 0.110584 50.492 -1.09974 -3.44121 -1.09974 -3.44121 3.07316 0 0.131297 0 
2 1 0 8.84179 0.110584 50.492 -1.10012 -3.44195 -1.10012 -3.44195 3.0679 0 0.131447 0 
2 1 0 8.84672 0.110584 50.492 -1.10051 -3.44269 -1.10051 -3.44269 3.06261 0 0.1316 0 
2 1 0 8.85165 0.110584 50.492 -1.10089 -3.44343 -1.10089 -3.44343 3.05728 0 0.131754 0 
2 1 0 8.85658 0.110584 50.492 -1.10128 -3.44416 -1.10128 -3.44416 3.05193 0 0.131911 0 
2 1 0 8.86151 0.110584 50.492 -1.10166 -3.4449 -1.10166 -3.4449 3.04653 0 0.13207 0 
2 1 0 8.86644 0.110584 50.492 -1.10205 -3.44563 -1.10205 -3.44563 3.0411 0 0.13223 0 
2 1 0 8.87138 0.110584 50.492 -1.10244 -3.44636 -1.10244 -3.44636 3.03564 0 0.132393 0 
2 1 0 8.87631 0.110584 50.492 -1.10282 -3.44708 -1.10282 -3.44708 3.03013 0 0.132558 0 
2 1 0 8.88124 0.110584 50.492 -1.10321 -3.44781 -1.10321 -3.44781 3.0246 0 0.132726 0 
2 1 0 8.88617 0.110584 50.492 -1.10359 -3.44853 -1.10359 -3.44853 3.01902 0 0.132895 0 
2 1 0 8.89111 0.110584 50.492 -1.10398 -3.44925 -1.10398 -3.44925 3.01341 0 0.133067 0 
2 1 0 8.89604 0.110584 50.492 -1.10437 -3.44997 -1.10437 -3.44997 3.00776 0 0.133241 0 
2 1 0 8.90097 0.110584 50.492 -1.10475 -3.45068 -1.10475 -3.45068 3.00208 0 0.133418 0 
2 1 0 8.90591 0.110584 50.492 -1.10514 -3.4514 -1.10514 -3.4514 2.99636 0 0.133596 0 
2 1 0 8.91084 0.110584 50.492 -1.10552 -3.45211 -1.10552 -3.45211 2.9906 0 0.133778 0 
2 1 0 8.91577 0.110584 50.492 -1.10591 -3.45282 -1.10591 -3.45282 2.9848 0 0.133961 0 
2 1 0 8.92071 0.110584 50.492 -1.1063 -3.45353 -1.1063 -3.45353 2.97896 0 0.134147 0 
2 1 0 8.92564 0.110584 50.492 -1.10668 -3.45423 -1.10668 -3.45423 2.97309 0 0.134336 0 
2 1 0 8.93058 0.110584 50.492 -1.10707 -3.45494 -1.10707 -3.45494 2.96717 0 0.134527 0 
2 1 0 8.93551 0.110584 50.492 -1.10746 -3.45564 -1.10746 -3.45564 2.96122 0 0.134721 0 
2 1 0 8.94045 0.110584 50.492 -1.10784 -3.45634 -1.10784 -3.45634 2.95522 0 0.134917 0 
2 1 0 8.94539 0.110584 50.492 -1.10823 -3.45703 -1.10823 -3.45703 2.94919 0 0.135116 0 
2 1 0 8.95032 0.110584 50.492 -1.10861 -3.45773 -1.10861 -3.45773 2.94311 0 0.135318 0 
2 1 0 8.95526 0.110584 50.492 -1.109 -3.45842 -1.109 -3.45842 2.93699 0 0.135522 0 
2 1 0 8.9602 0.110584 50.492 -1.10939 -3.45911 -1.10939 -3.45911 2.93084 0 0.135729 0 
2 1 0 8.96513 0.110584 50.492 -1.10977 -3.45979 -1.10977 -3.45979 2.92464 0 0.135939 0 
2 1 0 8.97007 0.110584 50.492 -1.11016 -3.46048 -1.11016 -3.46048 2.9184 0 0.136152 0 
2 1 0 8.97501 0.110584 50.492 -1.11055 -3.46116 -1.11055 -3.46116 2.91211 0 0.136368 0 
2 1 0 8.97995 0.110584 50.492 -1.11093 -3.46183 -1.11093 -3.46183 2.90578 0 0.136587 0 
2 1 0 8.98489 0.110584 50.492 -1.11132 -3.46251 -1.11132 -3.46251 2.89941 0 0.136808 0 
2 1 0 8.98983 0.110584 50.492 -1.11171 -3.46318 -1.11171 -3.46318 2.893 0 0.137033 0 
2 1 0 8.99477 0.110584 50.492 -1.11209 -3.46385 -1.11209 -3.46385 2.88654 0 0.137261 0 
2 1 0 8.99971 0.110584 50.492 -1.11248 -3.46452 -1.11248 -3.46452 2.88004 0 0.137492 0 
2 1 0 9.00465 0.110584 50.492 -1.11287 -3.46519 -1.11287 -3.46519 2.87349 0 0.137727 0 
2 1 0 9.00959 0.110584 50.492 -1.11326 -3.46585 -1.11326 -3.46585 2.86689 0 0.137964 0 
2 1 0 9.01453 0.110584 50.492 -1.11364 -3.46651 -1.11364 -3.46651 2.86025 0 0.138205 0 
2 1 0 9.01947 0.110584 50.492 -1.11403 -3.46716 -1.11403 -3.46716 2.85357 0 0.13845 0 
2 1 0 9.02441 0.110584 50.492 -1.11442 -3.46782 -1.11442 -3.46782 2.84683 0 0.138698 0 
2 1 0 9.02936 0.110584 50.492 -1.11481 -3.46847 -1.11481 -3.46847 2.84005 0 0.138949 0 
2 1 0 9.0343 0.110584 50.492 -1.11519 -3.46912 -1.11519 -3.46912 2.83322 0 0.139204 0 
2 1 0 9.03924 0.110584 50.492 -1.11558 -3.46976 -1.11558 -3.46976 2.82634 0 0.139463 0 
2 1 0 9.04419 0.110584 50.492 -1.11597 -3.4704 -1.11597 -3.4704 2.81941 0 0.139725 0 
2 1 0 9.04913 0.110584 50.492 -1.11636 -3.47104 -1.11636 -3.47104 2.81243 0 0.139991 0 
2 1 0 9.05407 0.110584 50.492 -1.11674 -3.47167 -1.11674 -3.47167 2.8054 0 0.140261 0 
2 1 0 9.05902 0.110584 50.492 -1.11713 -3.47231 -1.11713 -3.47231 2.79832 0 0.140535 0 
2 1 0 9.06396 0.110584 50.492 -1.11752 -3.47293 -1.11752 -3.47293 2.79119 0 0.140813 0 
2 1 0 9.06891 0.110584 50.492 -1.11791 -3.47356 -1.11791 -3.47356 2.78401 0 0.141095 0 
2 1 0 9.07386 0.110584 50.492 -1.1183 -3.47418 -1.1183 -3.47418 2.77677 0 0.141381 0 
2 1 0 9.0788 0.110584 50.492 -1.11869 -3.4748 -1.11869 -3.4748 2.76948 0 0.141672 0 
2 1 0 9.08375 0.110584 50.492 -1.11907 -3.47541 -1.11907 -3.47541 2.76213 0 0.141967 0 
2 1 0 9.0887 0.110584 50.492 -1.11946 -3.47602 -1.11946 -3.47602 2.75473 0 0.142266 0 
2 1 0 9.09364 0.110584 50.492 -1.11985 -3.47663 -1.11985 -3.47663 2.74728 0 0.14257 0 
2 1 0 9.09859 0.110584 50.492 -1.12024 -3.47723 -1.12024 -3.47723 2.73976 0 0.142878 0 
2 1 0 9.10354 0.110584 50.492 -1.12063 -3.47783 -1.12063 -3.47783 2.73219 0 0.143191 0 
2 1 0 9.10849 0.110584 50.492 -1.12102 -3.47843 -1.12102 -3.47843 2.72456 0 0.143509 0 
2 1 0 9.11344 0.110584 50.492 -1.12141 -3.47902 -1.12141 -3.47902 2.71687 0 0.143832 0 
2 1 0 9.11839 0.110584 50.492 -1.1218 -3.47961 -1.1218 -3.47961 2.70913 0 0.14416 0 
2 1 0 9.12334 0.110584 50.492 -1.12219 -3.48019 -1.12219 -3.48019 2.70132 0 0.144493 0 
2 1 0 9.12829 0.110584 50.492 -1.12258 -3.48077 -1.12258 -3.48077 2.69345 0 0.144831 0 
2 1 0 9.13324 0.110584 50.492 -1.12297 -3.48135 -1.12297 -3.48135 2.68551 0 0.145175 0 
2 1 0 9.13819 0.110584 50.492 -1.12336 -3.48192 -1.12336 -3.48192 2.67752 0 0.145524 0 
2 1 0 9.14315 0.110584 50.492 -1.12375 -3.48249 -1.12375 -3.48249 2.66946 0 0.145879 0 
2 1 0 9.1481 0.110584 50.492 -1.12414 -3.48305 -1.12414 -3.48305 2.66133 0 0.14624 0 
2 1 0 9.15305 0.110584 50.492 -1.12453 -3.48361 -1.12453 -3.48361 2.65314 0 0.146606 0 
2 1 0 9.15801 0.110584 50.492 -1.12492 -3.48417 -1.12492 -3.48417 2.64487 0 0.146979 0 
2 1 0 9.16296 0.110584 50.492 -1.12531 -3.48471 -1.12531 -3.48471 2.63655 0 0.147357 0 
2 1 0 9.16791 0.110584 50.492 -1.1257 -3.48526 -1.1257 -3.48526 2.62815 0 0.147742 0 
2 1 0 9.17287 0.110584 50.492 -1.12609 -3.4858 -1.12609 -3.4858 2.61968 0 0.148134 0 
2 1 0 9.17783 0.110584 50.492 -1.12648 -3.48633 -1.12648 -3.48633 2.61113 0 0.148532 0 
2 1 0 9.18278 0.110584 50.492 -1.12688 -3.48687 -1.12688 -3.48687 2.60252 0 0.148937 0 
2 1 0 9.18774 0.110584 50.492 -1.12727 -3.48739 -1.12727 -3.48739 2.59383 0 0.149349 0 
2 1 0 9.1927 0.110584 50.492 -1.12766 -3.48791 -1.12766 -3.48791 2.58506 0 0.149768 0 
2 1 0 9.19765 0.110584 50.492 -1.12805 -3.48843 -1.12805 -3.48843 2.57621 0 0.150195 0 
2 1 0 9.20261 0.110584 50.492 -1.12844 -3.48893 -1.12844 -3.48893 2.56729 0 0.150629 0 
2 1 0 9.20757 0.110584 50.492 -1.12884 -3.48944 -1.12884 -3.48944 2.55829 0 0.151071 0 
2 1 0 9.21253 0.110584 50.492 -1.12923 -3.48994 -1.12923 -3.48994 2.5492 0 0.15152 0 
2 1 0 9.21749 0.110584 50.492 -1.12962 -3.49043 -1.12962 -3.49043 2.54003 0 0.151979 0 
2 1 0 9.22245 0.110584 50.492 -1.13002 -3.49092 -1.13002 -3.49092 2.53078 0 0.152445 0 
2 1 0 9.22741 0.110584 50.492 -1.13041 -3.4914 -1.13041 -3.4914 2.52144 0 0.15292 0 
2 1 0 9.23238 0.110584 50.492 -1.1308 -3.49187 -1.1308 -3.49187 2.51201 0 0.153405 0 
2 1 0 9.23734 0.110584 50.492 -1.1312 -3.49234 -1.1312 -3.49234 2.50249 0 0.153898 0 
2 1 0 9.2423 0.110584 50.492 -1.13159 -3.4928 -1.13159 -3.4928 2.49288 0 0.154401 0 
2 1 0 9.24726 0.110584 50.492 -1.13199 -3.49326 -1.13199 -3.49326 2.48317 0 0.154914 0 
2 1 0 9.25223 0.110584 50.492 -1.13238 -3.49371 -1.13238 -3.49371 2.47337 0 0.155436 0 
2 1 0 9.25719 0.110584 50.492 -1.13278 -3.49415 -1.13278 -3.49415 2.46346 0 0.15597 0 
2 1 0 9.26216 0.110584 50.492 -1.13317 -3.49459 -1.13317 -3.49459 2.45346 0 0.156514 0 
2 1 0 9.26712 0.110584 50.492 -1.13357 -3.49502 -1.13357 -3.49502 2.44335 0 0.157069 0 
2 1 0 9.27209 0.110584 50.492 -1.13396 -3.49544 -1.13396 -3.49544 2.43314 0 0.157635 0 
2 1 0 9.27706 0.110584 50.492 -1.13436 -3.49585 -1.13436 -3.49585 2.42282 0 0.158214 0 
2 1 0 9.28203 0.110584 50.492 -1.13476 -3.49626 -1.13476 -3.49626 2.41239 0 0.158804 0 
2 1 0 9.28699 0.110584 50.492 -1.13515 -3.49666 -1.13515 -3.49666 2.40185 0 0.159407 0 
2 1 0 9.29196 0.110584 50.492 -1.13555 -3.49705 -1.13555 -3.49705 2.39119 0 0.160024 0 
2 1 0 9.29693 0.110584 50.492 -1.13595 -3.49743 -1.13595 -3.49743 2.38041 0 0.160653 0 
2 1 0 9.3019 0.110584 50.492 -1.13635 -3.4978 -1.13635 -3.4978 2.36951 0 0.161297 0 
2 1 0 9.30687 0.110584 50.492 -1.13675 -3.49817 -1.13675 -3.49817 2.35848 0 0.161956 0 
2 1 0 9.31184 0.110584 50.492 -1.13715 -3.49852 -1.13715 -3.49852 2.34732 0 0.16263 0 
2 1 0 9.31682 0.110584 50.492 -1.13754 -3.49887 -1.13754 -3.49887 2.33603 0 0.163319 0 
2 1 0 9.32179 0.110584 50.492 -1.13794 -3.49921 -1.13794 -3.49921 2.3246 0 0.164025 0 
2 1 0 9.32676 0.110584 50.492 -1.13834 -3.49954 -1.13834 -3.49954 2.31304 0 0.164748 0 
2 1 0 9.33174 0.110584 50.492 -1.13875 -3.49985 -1.13875 -3.49985 2.30132 0 0.165488 0 
2 1 0 9.33671 0.110584 50.492 -1.13915 -3.50016 -1.13915 -3.50016 2.28946 0 0.166247 0 
2 1 0 9.34168 0.110584 50.492 -1.13955 -3.50046 -1.13955 -3.50046 2.27744 0 0.167025 0 
2 1 0 9.34666 0.110584 50.492 -1.13995 -3.50074 -1.13995 -3.50074 2.26527 0 0.167823 0 
2 1 0 9.35164 0.110584 50.492 -1.14035 -3.50102 -1.14035 -3.50102 2.25293 0 0.168642 0 
2 1 0 9.35661 0.110584 50.492 -1.14076 -3.50128 -1.14076 -3.50128 2.24041 0 0.169483 0 
2 1 0 9.36159 0.110584 50.492 -1.14116 -3.50153 -1.14116 -3.50153 2.22773 0 0.170347 0 
2 1 0 9.36657 0.110584 50.492 -1.14156 -3.50177 -1.14156 -3.50177 2.21486 0 0.171235 0 
2 1 0 9.37155 0.110584 50.492 -1.14197 -3.502 -1.14197 -3.502 2.2018 0 0.172148 0 
2 1 0 9.37653 0.110584 50.492 -1.14237 -3.50221 -1.14237 -3.50221 2.18855 0 0.173087 0 
2 1 0 9.38151 0.110584 50.492 -1.14278 -3.50241 -1.14278 -3.50241 2.17509 0 0.174054 0 
2 1 0 9.38649 0.110584 50.492 -1.14319 -3.50259 -1.14319 -3.50259 2.16142 0 0.17505 0 
2 1 0 9.39147 0.110584 50.492 -1.14359 -3.50276 -1.14359 -3.50276 2.14754 0 0.176077 0 
2 1 0 9.39645 0.110584 50.492 -1.144 -3.50291 -1.144 -3.50291 2.13342 0 0.177136 0 
2 1 0 9.40143 0.110584 50.492 -1.14441 -3.50305 -1.14441 -3.50305 2.11906 0 0.17823 0 
2 1 0 9.40641 0.110584 50.492 -1.14482 -3.50317 -1.14482 -3.50317 2.10446 0 0.179359 0 
2 1 0 9.41139 0.110584 50.492 -1.14523 -3.50327 -1.14523 -3.50327 2.08959 0 0.180527 0 
2 1 0 9.41637 0.110584 50.492 -1.14564 -3.50335 -1.14564 -3.50335 2.07445 0 0.181736 0 
2 1 0 9.42136 0.110584 50.492 -1.14605 -3.50341 -1.14605 -3.50341 2.05902 0 0.182987 0 
2 1 0 9.42634 0.110584 50.492 -1.14647 -3.50346 -1.14647 -3.50346 2.04329 0 0.184285 0 
2 1 0 9.43132 0.110584 50.492 -1.14688 -3.50348 -1.14688 -3.50348 2.02725 0 0.185632 0 
2 1 0 9.43631 0.110584 50.492 -1.14729 -3.50348 -1.14729 -3.50348 2.01087 0 0.187031 0 
2 1 0 9.44129 0.110584 50.492 -1.14771 -3.50345 -1.14771 -3.50345 1.99414 0 0.188487 0 
2 1 0 9.44627 0.110584 50.492 -1.14813 -3.5034 -1.14813 -3.5034 1.97704 0 0.190003 0 
2 1 0 9.45125 0.110584 50.492 -1.14855 -3.50333 -1.14855 -3.50333 1.95954 0 0.191584 0 
2 1 0 9.45623 0.110584 50.492 -1.14896 -3.50322 -1.14896 -3.50322 1.94161 0 0.193236 0 
2 1 0 9.46121 0.110584 50.492 -1.14938 -3.50309 -1.14938 -3.50309 1.92324 0 0.194964 0 
2 1 0 9.46619 0.110584 50.492 -1.14981 -3.50292 -1.14981 -3.50292 1.9044 0 0.196774 0 
2 1 0 9.47117 0.110584 50.492 -1.15023 -3.50272 -1.15023 -3.50272 1.88503 0 0.198675 0 
2 1 0 9.47615 0.110584 50.492 -1.15065 -3.50248 -1.15065 -3.50248 1.86512 0 0.200675 0 
2 1 0 9.48112 0.110584 50.492 -1.15108 -3.5022 -1.15108 -3.5022 1.84461 0 0.202783 0 
2 1 0 9.48609 0.110584 50.492 -1.15151 -3.50188 -1.15151 -3.50188 1.82345 0 0.205012 0 
2 1 0 9.49106 0.110584 50.492 -1.15194 -3.50152 -1.15194 -3.50152 1.80159 0 0.207373 0 
2 1 0 9.49603 0.110584 50.492 -1.15237 -3.5011 -1.15237 -3.5011 1.77896 0 0.209883 0 
2 1 0 9.50098 0.110584 50.492 -1.1528 -3.50063 -1.1528 -3.50063 1.75549 0 0.21256 0 
2 1 0 9.50594 0.110584 50.492 -1.15324 -3.5001 -1.15324 -3.5001 1.73108 0 0.215426 0 
2 1 0 9.51088 0.110584 50.492 -1.15368 -3.4995 -1.15368 -3.4995 1.70564 0 0.218506 0 
2 1 0 9.51582 0.110584 50.492 -1.15412 -3.49883 -1.15412 -3.49883 1.67903 0 0.221834 0 
2 1 0 9.52074 0.110584 50.492 -1.15456 -3.49807 -1.15456 -3.49807 1.65111 0 0.225448 0 
2 1 0 9.52565 0.110584 50.492 -1.15501 -3.49722 -1.15501 -3.49722 1.62168 0 0.229399 0 
2 1 0 9.53053 0.110584 50.492 -1.15546 -3.49626 -1.15546 -3.49626 1.59052 0 0.233751 0 
2 1 0 9.53539 0.110584 50.492 -1.15591 -3.49516 -1.15591 -3.49516 1.55733 0 0.238588 0 
2 1 0 9.54021 0.110584 50.492 -1.15637 -3.49392 -1.15637 -3.49392 1.52173 0 0.244021 0 
2 1 0 9.54498 0.110584 50.492 -1.15683 -3.4925 -1.15683 -3.4925 1.48322 0 0.250206 0 
2 1 0 9.54968 0.110584 50.492 -1.1573 -3.49086 -1.1573 -3.49086 1.44111 0 0.257363 0 
2 1 0 9.55427 0.110584 50.492 -1.15777 -3.48893 -1.15777 -3.48893 1.39445 0 0.265818 0 
2 1 0 9.55869 0.110584 50.492 -1.15824 -3.48665 -1.15824 -3.48665 1.34187 0 0.276076 0 
2 1 0 9.56284 0.110584 50.492 -1.15871 -3.48389 -1.15871 -3.48389 1.28139 0 0.288949 0 
2 1 0 9.56649 0.110584 50.492 -1.15917 -3.48051 -1.15917 -3.48051 1.2103 0 0.305767 0 
2 1 0 9.56925 0.110584 50.492 -1.15959 -3.47636 -1.15959 -3.47636 1.126 0 0.328526 0 
2 1 0 9.57057 0.110584 50.492 -1.15992 -3.47155 -1.15992 -3.47155 1.02922 0 0.359335 0 
1 1 0 9.57064 0.110584 50.492 -1.15999 -3.47011 -1.15999 -3.47011 1 0 0.369823 0 
1 1 0 9.5699 0.110584 50.492 -1.16016 -3.46517 -1.16016 -3.46517 0.894582 0 0.413408 0 
1 1 0 9.568 0.110584 50.492 -1.16021 -3.46055 -1.16021 -3.46055 0.778019 0 0.475419 0 
1 1 0 9.56538 0.110584 46.9344 -1.16019 -3.45629 -1.16019 -3.45629 0.602816 0.0811855 0.602816 -0.0811855 
1 1 0 9.5623 0.110584 21.1075 -1.16011 -3.45235 -1.16011 -3.45235 0.581598 0.178429 0.581598 -0.178429 
1 1 0 9.55892 0.110584 16.0578 -1.16 -3.44867 -1.16 -3.44867 0.562473 0.232053 0.562473 -0.232053 
1 1 0 9.55532 0.110584 13.6241 -1.15986 -3.44521 -1.15986 -3.44521 0.544998 0.270821 0.544998 -0.270821 
1 1 0 9.55156 0.110584 12.1301 -1.1597 -3.44191 -1.1597 -3.44191 0.528851 0.301386 0.528851 -0.301386 
1 1 0 9.54767 0.110584 11.0958 -1.15952 -3.43877 -1.15952 -3.43877 0.513796 0.326629 0.513796 -0.326629 
1 1 0 9.54369 0.110584 10.3257 -1.15933 -3.43575 -1.15933 -3.43575 0.499657 0.348107 0.499657 -0.348107 
1 1 0 9.53963 0.110584 9.72347 -1.15912 -3.43284 -1.15912 -3.43284 0.486295 0.366767 0.486295 -0.366767 
1 1 0 9.53551 0.110584 9.2357 -1.15891 -3.43001 -1.15891 -3.43001 0.473606 0.383234 0.473606 -0.383234 
1 1 0 9.53134 0.110584 8.82995 -1.15868 -3.42727 -1.15868 -3.42727 0.461503 0.397942 0.461503 -0.397942 
1 1 0 9.52711 0.110584 8.48534 -1.15845 -3.42461 -1.15845 -3.42461 0.449918 0.411208 0.449918 -0.411208 
1 1 0 9.52285 0.110584 8.18775 -1.15822 -3.42201 -1.15822 -3.42201 0.438794 0.423267 0.438794 -0.423267 
1 1 0 9.51855 0.110584 7.92722 -1.15797 -3.41947 -1.15797 -3.41947 0.428084 0.434303 0.428084 -0.434303 
1 1 0 9.51422 0.110584 7.69652 -1.15773 -3.41698 -1.15773 -3.41698 0.417748 0.444458 0.417748 -0.444458 
1 1 0 9.50986 0.110584 7.49025 -1.15747 -3.41454 -1.15747 -3.41454 0.407751 0.453848 0.407751 -0.453848 
1 1 0 9.50548 0.110584 7.3043 -1.15722 -3.41215 -1.15722 -3.41215 0.398065 0.462565 0.398065 -0.462565 
1 1 0 9.50107 0.110584 7.13546 -1.15696 -3.40979 -1.15696 -3.40979 0.388665 0.470688 0.388665 -0.470688 
1 1 0 9.49665 0.110584 6.9812 -1.15669 -3.40748 -1.15669 -3.40748 0.379528 0.478281 0.379528 -0.478281 
1 1 0 9.49221 0.110584 6.83946 -1.15643 -3.4052 -1.15643 -3.4052 0.370636 0.485398 0.370636 -0.485398 
1 1 0 9.48775 0.110584 6.70861 -1.15616 -3.40296 -1.15616 -3.40296 0.36197 0.492086 0.36197 -0.492086 
1 1 0 9.48327 0.110584 6.58726 -1.15588 -3.40075 -1.15588 -3.40075 0.353517 0.498384 0.353517 -0.498384 
1 1 0 9.47878 0.110584 6.47429 -1.15561 -3.39857 -1.15561 -3.39857 0.345261 0.504327 0.345261 -0.504327 
1 1 0 9.47428 0.110584 6.36874 -1.15533 -3.39641 -1.15533 -3.39641 0.337192 0.509946 0.337192 -0.509946 
1 1 0 9.46976 0.110584 6.26981 -1.15505 -3.39428 -1.15505 -3.39428 0.329298 0.515265 0.329298 -0.515265 
1 1 0 9.46523 0.110584 6.17681 -1.15476 -3.39218 -1.15476 -3.39218 0.321569 0.520309 0.321569 -0.520309 
1 1 0 9.46069 0.110584 6.08914 -1.15448 -3.3901 -1.15448 -3.3901 0.313996 0.525099 0.313996 -0.525099 
1 1 0 9.45615 0.110584 6.0063 -1.15419 -3.38805 -1.15419 -3.38805 0.306571 0.529651 0.306571 -0.529651 
1 1 0 9.45159 0.110584 5.92784 -1.1539 -3.38601 -1.1539 -3.38601 0.299286 0.533984 0.299286 -0.533984 
1 1 0 9.44702 0.110584 5.85338 -1.15361 -3.384 -1.15361 -3.384 0.292135 0.538111 0.292135 -0.538111 
1 1 0 9.44244 0.110584 5.78257 -1.15332 -3.38201 -1.15332 -3.38201 0.285111 0.542046 0.285111 -0.542046 
1 1 0 9.43786 0.110584 5.71511 -1.15302 -3.38003 -1.15302 -3.38003 0.278208 0.545801 0.278208 -0.545801 
1 1 0 9.43327 0.110584 5.65073 -1.15273 -3.37807 -1.15273 -3.37807 0.271422 0.549388 0.271422 -0.549388 
1 1 0 9.42867 0.110584 5.58919 -1.15243 -3.37613 -1.15243 -3.37613 0.264746 0.552814 0.264746 -0.552814 
1 1 0 9.42406 0.110584 5.53029 -1.15213 -3.37421 -1.15213 -3.37421 0.258176 0.556091 0.258176 -0.556091 
1 1 0 9.41945 0.110584 5.47383 -1.15183 -3.3723 -1.15183 -3.3723 0.251708 0.559226 0.251708 -0.559226 
1 1 0 9.41483 0.110584 5.41964 -1.15153 -3.37041 -1.15153 -3.37041 0.245338 0.562227 0.245338 -0.562227 
1 1 0 9.41021 0.110584 5.36757 -1.15123 -3.36854 -1.15123 -3.36854 0.239063 0.5651 0.239063 -0.5651 
1 1 0 9.40558 0.110584 5.31747 -1.15092 -3.36667 -1.15092 -3.36667 0.232877 0.567853 0.232877 -0.567853 
1 1 0 9.40094 0.110584 5.26922 -1.15062 -3.36483 -1.15062 -3.36483 0.22678 0.570491 0.22678 -0.570491 
1 1 0 9.3963 0.110584 5.22269 -1.15031 -3.36299 -1.15031 -3.36299 0.220766 0.57302 0.220766 -0.57302 
1 1 0 9.39165 0.110584 5.17779 -1.15 -3.36117 -1.15 -3.36117 0.214833 0.575445 0.214833 -0.575445 
1 1 0 9.387 0.110584 5.13442 -1.14969 -3.35936 -1.14969 -3.35936 0.208979 0.577771 0.208979 -0.577771 
1 1 0 9.38235 0.110584 5.09249 -1.14938 -3.35757 -1.14938 -3.35757 0.203201 0.580002 0.203201 -0.580002 
1 1 0 9.37769 0.110584 5.05192 -1.14907 -3.35578 -1.14907 -3.35578 0.197497 0.582143 0.197497 -0.582143 
1 1 0 9.37302 0.110584 5.01262 -1.14876 -3.35401 -1.14876 -3.35401 0.191863 0.584197 0.191863 -0.584197 
1 1 0 9.36835 0.110584 4.97454 -1.14845 -3.35225 -1.14845 -3.35225 0.186299 0.586169 0.186299 -0.586169 
1 1 0 9.36368 0.110584 4.93761 -1.14813 -3.3505 -1.14813 -3.3505 0.180801 0.58806 0.180801 -0.58806 
1 1 0 9.359 0.110584 4.90177 -1.14782 -3.34876 -1.14782 -3.34876 0.175369 0.589875 0.175369 -0.589875 
1 1 0 9.35432 0.110584 4.86696 -1.1475 -3.34703 -1.1475 -3.34703 0.169999 0.591617 0.169999 -0.591617 
1 1 0 9.34964 0.110584 4.83313 -1.14719 -3.34531 -1.14719 -3.34531 0.164691 0.593289 0.164691 -0.593289 
1 1 0 9.34495 0.110584 4.80024 -1.14687 -3.3436 -1.14687 -3.3436 0.159442 0.594893 0.159442 -0.594893 
1 1 0 9.34026 0.110584 4.76823 -1.14655 -3.3419 -1.14655 -3.3419 0.154251 0.596431 0.154251 -0.596431 
1 1 0 9.33556 0.110584 4.73708 -1.14623 -3.34021 -1.14623 -3.34021 0.149117 0.597907 0.149117 -0.597907 
1 1 0 9.33086 0.110584 4.70674 -1.14591 -3.33853 -1.14591 -3.33853 0.144038 0.599322 0.144038 -0.599322 
1 1 0 9.32616 0.110584 4.67717 -1.14559 -3.33686 -1.14559 -3.33686 0.139012 0.600678 0.139012 -0.600678 
1 1 0 9.32146 0.110584 4.64834 -1.14527 -3.33519 -1.14527 -3.33519 0.134039 0.601978 0.134039 -0.601978 
1 1 0 9.31675 0.110584 4.62021 -1.14495 -3.33354 -1.14495 -3.33354 0.129117 0.603224 0.129117 -0.603224 
1 1 0 9.31204 0.110584 4.59277 -1.14463 -3.33189 -1.14463 -3.33189 0.124244 0.604417 0.124244 -0.604417 
1 1 0 9.30733 0.110584 4.56598 -1.1443 -3.33026 -1.1443 -3.33026 0.11942 0.605558 0.11942 -0.605558 
1 1 0 9.30261 0.110584 4.53981 -1.14398 -3.32863 -1.14398 -3.32863 0.114644 0.606651 0.114644 -0.606651 
1 1 0 9.29789 0.110584 4.51423 -1.14365 -3.32701 -1.14365 -3.32701 0.109914 0.607696 0.109914 -0.607696 
1 1 0 9.29317 0.110584 4.48924 -1.14333 -3.32539 -1.14333 -3.32539 0.105229 0.608695 0.105229 -0.608695 
1 1 0 9.28845 0.110584 4.46479 -1.143 -3.32379 -1.143 -3.32379 0.100589 0.609649 0.100589 -0.609649 
1 1 0 9.28372 0.110584 4.44088 -1.14267 -3.32219 -1.14267 -3.32219 0.0959925 0.61056 0.0959925 -0.61056 
1 1 0 9.27899 0.110584 4.41747 -1.14235 -3.3206 -1.14235 -3.3206 0.0914382 0.611428 0.0914382 -0.611428 
1 1 0 9.27426 0.110584 4.39456 -1.14202 -3.31901 -1.14202 -3.31901 0.0869256 0.612256 0.0869256 -0.612256 
1 1 0 9.26953 0.110584 4.37213 -1.14169 -3.31743 -1.14169 -3.31743 0.0824539 0.613044 0.0824539 -0.613044 
1 1 0 9.26479 0.110584 4.35015 -1.14136 -3.31586 -1.14136 -3.31586 0.078022 0.613793 0.078022 -0.613793 
1 1 0 9.26006 0.110584 4.32862 -1.14103 -3.3143 -1.14103 -3.3143 0.0736295 0.614505 0.0736295 -0.614505 
1 1 0 9.25532 0.110584 4.30751 -1.1407 -3.31274 -1.1407 -3.31274 0.0692753 0.615181 0.0692753 -0.615181 
1 1 0 9.25057 0.110584 4.28681 -1.14037 -3.31119 -1.14037 -3.31119 0.0649589 0.615822 0.0649589 -0.615822 
1 1 0 9.24583 0.110584 4.26651 -1.14004 -3.30965 -1.14004 -3.30965 0.0606795 0.616428 0.0606795 -0.616428 
1 1 0 9.24108 0.110584 4.2466 -1.1397 -3.30811 -1.1397 -3.30811 0.0564364 0.617 0.0564364 -0.617 
1 1 0 9.23634 0.110584 4.22706 -1.13937 -3.30658 -1.13937 -3.30658 0.052229 0.61754 0.052229 -0.61754 
1 1 0 9.23159 0.110584 4.20787 -1.13904 -3.30506 -1.13904 -3.30506 0.0480566 0.618049 0.0480566 -0.618049 
1 1 0 9.22683 0.110584 4.18904 -1.1387 -3.30354 -1.1387 -3.30354 0.0439186 0.618526 0.0439186 -0.618526 
1 1 0 9.22208 0.110584 4.17055 -1.13837 -3.30203 -1.13837 -3.30203 0.0398145 0.618974 0.0398145 -0.618974 
1 1 0 9.21732 0.110584 4.15238 -1.13803 -3.30052 -1.13803 -3.30052 0.0357435 0.619392 0.0357435 -0.619392 
1 1 0 9.21257 0.110584 4.13453 -1.1377 -3.29902 -1.1377 -3.29902 0.0317053 0.619782 0.0317053 -0.619782 
1 1 0 9.20781 0.110584 4.11699 -1.13736 -3.29753 -1.13736 -3.29753 0.0276993 0.620144 0.0276993 -0.620144 
1 1 0 9.20305 0.110584 4.09975 -1.13702 -3.29604 -1.13702 -3.29604 0.0237249 0.620478 0.0237249 -0.620478 
1 1 0 9.19828 0.110584 4.0828 -1.13669 -3.29455 -1.13669 -3.29455 0.0197817 0.620787 0.0197817 -0.620787 
1 1 0 9.19352 0.110584 4.06613 -1.13635 -3.29307 -1.13635 -3.29307 0.015869 0.621069 0.015869 -0.621069 
1 1 0 9.18875 0.110584 4.04973 -1.13601 -3.2916 -1.13601 -3.2916 0.0119865 0.621326 0.0119865 -0.621326 
1 1 0 9.18398 0.110584 4.0336 -1.13567 -3.29013 -1.13567 -3.29013 0.0081337 0.621559 0.0081337 -0.621559 
1 1 0 9.17921 0.110584 4.01773 -1.13533 -3.28867 -1.13533 -3.28867 0.00431015 0.621767 0.00431015 -0.621767 
1 1 0 9.17444 0.110584 4.00211 -1.13499 -3.28721 -1.13499 -3.28721 0.000515448 0.621952 0.000515448 -0.621952 
1 1 0 9.16967 0.110584 3.98674 -1.13465 -3.28576 -1.13465 -3.28576 -0.00325083 0.622115 -0.00325083 -0.622115 
1 1 0 9.1649 0.110584 3.9716 -1.13431 -3.28432 -1.13431 -3.28432 -0.00698909 0.622255 -0.00698909 -0.622255 
1 1 0 9.16012 0.110584 3.9567 -1.13397 -3.28287 -1.13397 -3.28287 -0.0106998 0.622373 -0.0106998 -0.622373 
1 1 0 9.15535 0.110584 3.94202 -1.13363 -3.28144 -1.13363 -3.28144 -0.0143834 0.622469 -0.0143834 -0.622469 
1 1 0 9.15057 0.110584 3.92756 -1.13329 -3.28 -1.13329 -3.28 -0.01804 0.622545 -0.01804 -0.622545 
1 1 0 9.14579 0.110584 3.91332 -1.13294 -3.27858 -1.13294 -3.27858 -0.0216703 0.6226 -0.0216703 -0.6226 
1 1 0 9.14101 0.110584 3.89929 -1.1326 -3.27716 -1.1326 -3.27716 -0.0252744 0.622635 -0.0252744 -0.622635 
1 1 0 9.13622 0.110584 3.88546 -1.13226 -3.27574 -1.13226 -3.27574 -0.0288528 0.622651 -0.0288528 -0.622651 
1 1 0 9.13144 0.110584 3.87183 -1.13191 -3.27432 -1.13191 -3.27432 -0.0324057 0.622648 -0.0324057 -0.622648 
1 1 0 9.12665 0.110584 3.8584 -1.13157 -3.27292 -1.13157 -3.27292 -0.0359335 0.622626 -0.0359335 -0.622626 
1 1 0 9.12187 0.110584 3.84515 -1.13123 -3.27151 -1.13123 -3.27151 -0.0394366 0.622585 -0.0394366 -0.622585 
1 1 0 9.11708 0.110584 3.83209 -1.13088 -3.27011 -1.13088 -3.27011 -0.0429152 0.622527 -0.0429152 -0.622527 
1 1 0 9.11229 0.110584 3.81921 -1.13053 -3.26872 -1.13053 -3.26872 -0.0463696 0.622451 -0.0463696 -0.622451 
1 1 0 9.1075 0.110584 3.8065 -1.13019 -3.26733 -1.13019 -3.26733 -0.0498001 0.622358 -0.0498001 -0.622358 
1 1 0 9.10271 0.110584 3.79397 -1.12984 -3.26594 -1.12984 -3.26594 -0.0532071 0.622248 -0.0532071 -0.622248 
1 1 0 9.09792 0.110584 3.78161 -1.1295 -3.26456 -1.1295 -3.26456 -0.0565907 0.622122 -0.0565907 -0.622122 
1 1 0 9.09312 0.110584 3.76941 -1.12915 -3.26318 -1.12915 -3.26318 -0.0599514 0.62198 -0.0599514 -0.62198 
1 1 0 9.08833 0.110584 3.75738 -1.1288 -3.26181 -1.1288 -3.26181 -0.0632891 0.621822 -0.0632891 -0.621822 
1 1 0 9.08353 0.110584 3.7455 -1.12845 -3.26044 -1.12845 -3.26044 -0.0666045 0.621649 -0.0666045 -0.621649 
1 1 0 9.07873 0.110584 3.73377 -1.1281 -3.25907 -1.1281 -3.25907 -0.0698976 0.62146 -0.0698976 -0.62146 
1 1 0 9.07394 0.110584 3.7222 -1.12776 -3.25771 -1.12776 -3.25771 -0.0731687 0.621257 -0.0731687 -0.621257 
1 1 0 9.06914 0.110584 3.71077 -1.12741 -3.25636 -1.12741 -3.25636 -0.076418 0.621039 -0.076418 -0.621039 
1 1 0 9.06433 0.110584 3.69949 -1.12706 -3.255 -1.12706 -3.255 -0.0796457 0.620807 -0.0796457 -0.620807 
1 1 0 9.05953 0.110584 3.68835 -1.12671 -3.25366 -1.12671 -3.25366 -0.0828522 0.620561 -0.0828522 -0.620561 
1 1 0 9.05473 0.110584 3.67735 -1.12636 -3.25231 -1.12636 -3.25231 -0.0860376 0.620301 -0.0860376 -0.620301 
1 1 0 9.04993 0.110584 3.66648 -1.12601 -3.25097 -1.12601 -3.25097 -0.089202 0.620028 -0.089202 -0.620028 
1 1 0 9.04512 0.110584 3.65575 -1.12566 -3.24963 -1.12566 -3.24963 -0.092346 0.619742 -0.092346 -0.619742 
1 1 0 9.04031 0.110584 3.64514 -1.1253 -3.2483 -1.1253 -3.2483 -0.0954694 0.619443 -0.0954694 -0.619443 
1 1 0 9.03551 0.110584 3.63467 -1.12495 -3.24697 -1.12495 -3.24697 -0.0985726 0.619132 -0.0985726 -0.619132 
1 1 0 9.0307 0.110584 3.62432 -1.1246 -3.24564 -1.1246 -3.24564 -0.101656 0.618808 -0.101656 -0.618808 
1 1 0 9.02589 0.110584 3.61409 -1.12425 -3.24432 -1.12425 -3.24432 -0.104719 0.618473 -0.104719 -0.618473 
1 1 0 9.02108 0.110584 3.60398 -1.1239 -3.243 -1.1239 -3.243 -0.107763 0.618125 -0.107763 -0.618125 
1 1 0 9.01627 0.110584 3.594 -1.12354 -3.24169 -1.12354 -3.24169 -0.110787 0.617766 -0.110787 -0.617766 
1 1 0 9.01146 0.110584 3.58412 -1.12319 -3.24038 -1.12319 -3.24038 -0.113792 0.617395 -0.113792 -0.617395 
1 1 0 9.00664 0.110584 3.57436 -1.12283 -3.23907 -1.12283 -3.23907 -0.116778 0.617013 -0.116778 -0.617013 
1 1 0 9.00183 0.110584 3.56472 -1.12248 -3.23777 -1.12248 -3.23777 -0.119745 0.616621 -0.119745 -0.616621 
1 1 0 8.99701 0.110584 3.55518 -1.12213 -3.23647 -1.12213 -3.23647 -0.122693 0.616217 -0.122693 -0.616217 
1 1 0 8.9922 0.110584 3.54575 -1.12177 -3.23517 -1.12177 -3.23517 -0.125623 0.615803 -0.125623 -0.615803 
1 1 0 8.98738 0.110584 3.53643 -1.12142 -3.23388 -1.12142 -3.23388 -0.128534 0.61538 -0.128534 -0.61538 
1 1 0 8.98256 0.110584 3.52721 -1.12106 -3.23259 -1.12106 -3.23259 -0.131427 0.614945 -0.131427 -0.614945 
1 1 0 8.97775 0.110584 3.51809 -1.1207 -3.2313 -1.1207 -3.2313 -0.134301 0.614502 -0.134301 -0.614502 
1 1 0 8.97293 0.110584 3.50907 -1.12035 -3.23002 -1.12035 -3.23002 -0.137158 0.614048 -0.137158 -0.614048 
1 1 0 8.96811 0.110584 3.50015 -1.11999 -3.22874 -1.11999 -3.22874 -0.139997 0.613585 -0.139997 -0.613585 
1 1 0 8.96328 0.110584 3.49133 -1.11963 -3.22746 -1.11963 -3.22746 -0.142818 0.613113 -0.142818 -0.613113 
1 1 0 8.95846 0.110584 3.4826 -1.11928 -3.22619 -1.11928 -3.22619 -0.145622 0.612631 -0.145622 -0.612631 
1 1 0 8.95364 0.110584 3.47397 -1.11892 -3.22492 -1.11892 -3.22492 -0.148409 0.612141 -0.148409 -0.612141 
1 1 0 8.94882 0.110584 3.46542 -1.11856 -3.22366 -1.11856 -3.22366 -0.151178 0.611642 -0.151178 -0.611642 
1 1 0 8.94399 0.110584 3.45697 -1.1182 -3.22239 -1.1182 -3.22239 -0.15393 0.611134 -0.15393 -0.611134 
1 1 0 8.93917 0.110584 3.44861 -1.11784 -3.22113 -1.11784 -3.22113 -0.156665 0.610618 -0.156665 -0.610618 
1 1 0 8.93434 0.110584 3.44034 -1.11749 -3.21988 -1.11749 -3.21988 -0.159383 0.610094 -0.159383 -0.610094 
1 1 0 8.92951 0.110584 3.43215 -1.11713 -3.21862 -1.11713 -3.21862 -0.162085 0.609562 -0.162085 -0.609562 
1 1 0 8.92468 0.110584 3.42404 -1.11677 -3.21737 -1.11677 -3.21737 -0.16477 0.609022 -0.16477 -0.609022 
1 1 0 8.91986 0.110584 3.41602 -1.11641 -3.21613 -1.11641 -3.21613 -0.167438 0.608474 -0.167438 -0.608474 
1 1 0 8.91503 0.110584 3.40809 -1.11605 -3.21488 -1.11605 -3.21488 -0.17009 0.607919 -0.17009 -0.607919 
1 1 0 8.9102 0.110584 3.40023 -1.11569 -3.21364 -1.11569 -3.21364 -0.172726 0.607356 -0.172726 -0.607356 
1 1 0 8.90537 0.110584 3.39245 -1.11532 -3.2124 -1.11532 -3.2124 -0.175346 0.606787 -0.175346 -0.606787 
1 1 0 8.90053 0.110584 3.38475 -1.11496 -3.21117 -1.11496 -3.21117 -0.17795 0.60621 -0.17795 -0.60621 
1 1 0 8.8957 0.110584 3.37713 -1.1146 -3.20994 -1.1146 -3.20994 -0.180538 0.605626 -0.180538 -0.605626 
1 1 0 8.89087 0.110584 3.36959 -1.11424 -3.20871 -1.11424 -3.20871 -0.18311 0.605035 -0.18311 -0.605035 
1 1 0 8.88603 0.110584 3.36212 -1.11388 -3.20748 -1.11388 -3.20748 -0.185666 0.604438 -0.185666 -0.604438 
1 1 0 8.8812 0.110584 3.35472 -1.11352 -3.20626 -1.11352 -3.20626 -0.188207 0.603835 -0.188207 -0.603835 
1 1 0 8.87636 0.110584 3.3474 -1.11315 -3.20504 -1.11315 -3.20504 -0.190732 0.603225 -0.190732 -0.603225 
1 1 0 8.87153 0.110584 3.34014 -1.11279 -3.20383 -1.11279 -3.20383 -0.193242 0.602609 -0.193242 -0.602609 
1 1 0 8.86669 0.110584 3.33296 -1.11243 -3.20261 -1.11243 -3.20261 -0.195737 0.601987 -0.195737 -0.601987 
1 1 0 8.86185 0.110584 3.32585 -1.11206 -3.2014 -1.11206 -3.2014 -0.198216 0.601359 -0.198216 -0.601359 
1 1 0 8.85701 0.110584 3.31881 -1.1117 -3.20019 -1.1117 -3.20019 -0.200681 0.600725 -0.200681 -0.600725 
1 1 0 8.85218 0.110584 3.31184 -1.11133 -3.19899 -1.11133 -3.19899 -0.20313 0.600086 -0.20313 -0.600086 
1 1 0 8.84734 0.110584 3.30493 -1.11097 -3.19779 -1.11097 -3.19779 -0.205565 0.599441 -0.205565 -0.599441 
1 1 0 8.8425 0.110584 3.29809 -1.11061 -3.19659 -1.11061 -3.19659 -0.207984 0.598791 -0.207984 -0.598791 
1 1 0 8.83766 0.110584 3.29131 -1.11024 -3.19539 -1.11024 -3.19539 -0.210389 0.598136 -0.210389 -0.598136 
1 1 0 8.83281 0.110584 3.2846 -1.10987 -3.1942 -1.10987 -3.1942 -0.212779 0.597475 -0.212779 -0.597475 
1 1 0 8.82797 0.110584 3.27795 -1.10951 -3.19301 -1.10951 -3.19301 -0.215155 0.59681 -0.215155 -0.59681 
1 1 0 8.82313 0.110584 3.27137 -1.10914 -3.19182 -1.10914 -3.19182 -0.217516 0.59614 -0.217516 -0.59614 
1 1 0 8.81828 0.110584 3.26484 -1.10878 -3.19063 -1.10878 -3.19063 -0.219863 0.595465 -0.219863 -0.595465 
1 1 0 8.81344 0.110584 3.25838 -1.10841 -3.18945 -1.10841 -3.18945 -0.222196 0.594785 -0.222196 -0.594785 
1 1 0 8.8086 0.110584 3.25198 -1.10804 -3.18827 -1.10804 -3.18827 -0.224514 0.594101 -0.224514 -0.594101 
1 1 0 8.80375 0.110584 3.24564 -1.10768 -3.18709 -1.10768 -3.18709 -0.226818 0.593413 -0.226818 -0.593413 
1 1 0 8.7989 0.110584 3.23935 -1.10731 -3.18592 -1.10731 -3.18592 -0.229108 0.592721 -0.229108 -0.592721 
1 1 0 8.79406 0.110584 3.23313 -1.10694 -3.18475 -1.10694 -3.18475 -0.231384 0.592024 -0.231384 -0.592024 
1 1 0 8.78921 0.110584 3.22696 -1.10657 -3.18358 -1.10657 -3.18358 -0.233647 0.591324 -0.233647 -0.591324 
1 1 0 8.78436 0.110584 3.22085 -1.1062 -3.18241 -1.1062 -3.18241 -0.235895 0.59062 -0.235895 -0.59062 
1 1 0 8.77951 0.110584 3.21479 -1.10584 -3.18125 -1.10584 -3.18125 -0.238129 0.589912 -0.238129 -0.589912 
1 1 0 8.77466 0.110584 3.20879 -1.10547 -3.18008 -1.10547 -3.18008 -0.24035 0.5892 -0.24035 -0.5892 
1 1 0 8.76981 0.110584 3.20284 -1.1051 -3.17893 -1.1051 -3.17893 -0.242557 0.588485 -0.242557 -0.588485 
1 1 0 8.76496 0.110584 3.19695 -1.10473 -3.17777 -1.10473 -3.17777 -0.24475 0.587766 -0.24475 -0.587766 
1 1 0 8.76011 0.110584 3.19112 -1.10436 -3.17662 -1.10436 -3.17662 -0.24693 0.587044 -0.24693 -0.587044 
1 1 0 8.75526 0.110584 3.18533 -1.10399 -3.17547 -1.10399 -3.17547 -0.249096 0.586319 -0.249096 -0.586319 
1 1 0 8.75041 0.110584 3.1796 -1.10362 -3.17432 -1.10362 -3.17432 -0.25125 0.585591 -0.25125 -0.585591 
1 1 0 8.74556 0.110584 3.17392 -1.10325 -3.17317 -1.10325 -3.17317 -0.253389 0.58486 -0.253389 -0.58486 
1 1 0 8.7407 0.110584 3.16829 -1.10288 -3.17203 -1.10288 -3.17203 -0.255515 0.584126 -0.255515 -0.584126 
1 1 0 8.73585 0.110584 3.16271 -1.10251 -3.17089 -1.10251 -3.17089 -0.257629 0.583389 -0.257629 -0.583389 
1 1 0 8.73099 0.110584 3.15718 -1.10213 -3.16975 -1.10213 -3.16975 -0.259729 0.58265 -0.259729 -0.58265 
1 1 0 8.72614 0.110584 3.1517 -1.10176 -3.16861 -1.10176 -3.16861 -0.261815 0.581908 -0.261815 -0.581908 
1 1 0 8.72128 0.110584 3.14627 -1.10139 -3.16748 -1.10139 -3.16748 -0.263889 0.581164 -0.263889 -0.581164 
1 1 0 8.71643 0.110584 3.14088 -1.10102 -3.16635 -1.10102 -3.16635 -0.26595 0.580418 -0.26595 -0.580418 
1 1 0 8.71157 0.110584 3.13555 -1.10065 -3.16522 -1.10065 -3.16522 -0.267998 0.579669 -0.267998 -0.579669 
1 1 0 8.70671 0.110584 3.13026 -1.10027 -3.1641 -1.10027 -3.1641 -0.270033 0.578918 -0.270033 -0.578918 
1 1 0 8.70185 0.110584 3.12502 -1.0999 -3.16297 -1.0999 -3.16297 -0.272055 0.578165 -0.272055 -0.578165 
1 1 0 8.697 0.110584 3.11983 -1.09953 -3.16185 -1.09953 -3.16185 -0.274064 0.577411 -0.274064 -0.577411 
1 1 0 8.69214 0.110584 3.11468 -1.09915 -3.16073 -1.09915 -3.16073 -0.276061 0.576654 -0.276061 -0.576654 
1 1 0 8.68728 0.110584 3.10958 -1.09878 -3.15962 -1.09878 -3.15962 -0.278045 0.575896 -0.278045 -0.575896 
1 1 0 8.68242 0.110584 3.10452 -1.0984 -3.1585 -1.0984 -3.1585 -0.280016 0.575136 -0.280016 -0.575136 
1 1 0 8.67756 0.110584 3.09951 -1.09803 -3.15739 -1.09803 -3.15739 -0.281974 0.574375 -0.281974 -0.574375 
1 1 0 8.6727 0.110584 3.09454 -1.09766 -3.15628 -1.09766 -3.15628 -0.283921 0.573613 -0.283921 -0.573613 
1 1 0 8.66783 0.110584 3.08961 -1.09728 -3.15518 -1.09728 -3.15518 -0.285854 0.572849 -0.285854 -0.572849 
1 1 0 8.66297 0.110584 3.08473 -1.0969 -3.15407 -1.0969 -3.15407 -0.287775 0.572084 -0.287775 -0.572084 
1 1 0 8.65811 0.110584 3.0799 -1.09653 -3.15297 -1.09653 -3.15297 -0.289684 0.571317 -0.289684 -0.571317 
1 1 0 8.65325 0.110584 3.0751 -1.09615 -3.15187 -1.09615 -3.15187 -0.29158 0.57055 -0.29158 -0.57055 
1 1 0 8.64838 0.110584 3.07035 -1.09578 -3.15077 -1.09578 -3.15077 -0.293464 0.569782 -0.293464 -0.569782 
1 1 0 8.64352 0.110584 3.06564 -1.0954 -3.14968 -1.0954 -3.14968 -0.295336 0.569014 -0.295336 -0.569014 
1 1 0 8.63865 0.110584 3.06097 -1.09502 -3.14858 -1.09502 -3.14858 -0.297196 0.568244 -0.297196 -0.568244 
1 1 0 8.63379 0.110584 3.05634 -1.09465 -3.14749 -1.09465 -3.14749 -0.299043 0.567474 -0.299043 -0.567474 
1 1 0 8.62892 0.110584 3.05175 -1.09427 -3.14641 -1.09427 -3.14641 -0.300878 0.566703 -0.300878 -0.566703 
1 1 0 8.62406 0.110584 3.0472 -1.09389 -3.14532 -1.09389 -3.14532 -0.302701 0.565932 -0.302701 -0.565932 
1 1 0 8.61919 0.110584 3.0427 -1.09352 -3.14424 -1.09352 -3.14424 -0.304512 0.565161 -0.304512 -0.565161 
1 1 0 8.61432 0.110584 3.03823 -1.09314 -3.14316 -1.09314 -3.14316 -0.306311 0.564389 -0.306311 -0.564389 
1 1 0 8.60946 0.110584 3.0338 -1.09276 -3.14208 -1.09276 -3.14208 -0.308098 0.563617 -0.308098 -0.563617 
1 1 0 8.60459 0.110584 3.02942 -1.09238 -3.141 -1.09238 -3.141 -0.309872 0.562846 -0.309872 -0.562846 
1 1 0 8.59972 0.110584 3.02507 -1.092 -3.13993 -1.092 -3.13993 -0.311635 0.562074 -0.311635 -0.562074 
1 1 0 8.59485 0.110584 3.02076 -1.09162 -3.13885 -1.09162 -3.13885 -0.313386 0.561303 -0.313386 -0.561303 
1 1 0 8.58998 0.110584 3.01648 -1.09124 -3.13778 -1.09124 -3.13778 -0.315126 0.560531 -0.315126 -0.560531 
1 1 0 8.58511 0.110584 3.01225 -1.09087 -3.13672 -1.09087 -3.13672 -0.316853 0.55976 -0.316853 -0.55976 
1 1 0 8.58024 0.110584 3.00805 -1.09049 -3.13565 -1.09049 -3.13565 -0.318568 0.55899 -0.318568 -0.55899 
1 1 0 8.57537 0.110584 3.00389 -1.09011 -3.13459 -1.09011 -3.13459 -0.320272 0.55822 -0.320272 -0.55822 
1 1 0 8.5705 0.110584 2.99977 -1.08973 -3.13353 -1.08973 -3.13353 -0.321964 0.55745 -0.321964 -0.55745 
1 1 0 8.56563 0.110584 2.99568 -1.08934 -3.13247 -1.08934 -3.13247 -0.323644 0.556681 -0.323644 -0.556681 
1 1 0 8.56076 0.110584 2.99163 -1.08896 -3.13141 -1.08896 -3.13141 -0.325313 0.555913 -0.325313 -0.555913 
1 1 0 8.55588 0.110584 2.98762 -1.08858 -3.13035 -1.08858 -3.13035 -0.32697 0.555146 -0.32697 -0.555146 
1 1 0 8.55101 0.110584 2.98364 -1.0882 -3.1293 -1.0882 -3.1293 -0.328615 0.55438 -0.328615 -0.55438 
1 1 0 8.54614 0.110584 2.9797 -1.08782 -3.12825 -1.08782 -3.12825 -0.330249 0.553615 -0.330249 -0.553615 
1 1 0 8.54126 0.110584 2.9758 -1.08744 -3.1272 -1.08744 -3.1272 -0.331871 0.552851 -0.331871 -0.552851 
1 1 0 8.53639 0.110584 2.97193 -1.08706 -3.12616 -1.08706 -3.12616 -0.333481 0.552089 -0.333481 -0.552089 
1 1 0 8.53151 0.110584 2.96809 -1.08667 -3.12511 -1.08667 -3.12511 -0.335081 0.551327 -0.335081 -0.551327 
1 1 0 8.52664 0.110584 2.96429 -1.08629 -3.12407 -1.08629 -3.12407 -0.336668 0.550568 -0.336668 -0.550568 
1 1 0 8.52176 0.110584 2.96053 -1.08591 -3.12303 -1.08591 -3.12303 -0.338244 0.54981 -0.338244 -0.54981 
1 1 0 8.51689 0.110584 2.9568 -1.08553 -3.12199 -1.08553 -3.12199 -0.339809 0.549053 -0.339809 -0.549053 
1 1 0 8.51201 0.110584 2.9531 -1.08514 -3.12096 -1.08514 -3.12096 -0.341362 0.548298 -0.341362 -0.548298 
1 1 0 8.50713 0.110584 2.94944 -1.08476 -3.11992 -1.08476 -3.11992 -0.342904 0.547545 -0.342904 -0.547545 
1 1 0 8.50226 0.110584 2.94581 -1.08438 -3.11889 -1.08438 -3.11889 -0.344435 0.546793 -0.344435 -0.546793 
1 1 0 8.49738 0.110584 2.94221 -1.08399 -3.11786 -1.08399 -3.11786 -0.345954 0.546044 -0.345954 -0.546044 
1 1 0 8.4925 0.110584 2.93865 -1.08361 -3.11684 -1.08361 -3.11684 -0.347462 0.545297 -0.347462 -0.545297 
1 1 0 8.48762 0.110584 2.93512 -1.08322 -3.11581 -1.08322 -3.11581 -0.348958 0.544551 -0.348958 -0.544551 
1 1 0 8.48274 0.110584 2.93163 -1.08284 -3.11479 -1.08284 -3.11479 -0.350444 0.543808 -0.350444 -0.543808 
1 1 0 8.47786 0.110584 2.92816 -1.08245 -3.11377 -1.08245 -3.11377 -0.351918 0.543068 -0.351918 -0.543068 
1 1 0 8.47298 0.110584 2.92473 -1.08207 -3.11275 -1.08207 -3.11275 -0.353381 0.54233 -0.353381 -0.54233 
1 1 0 8.4681 0.110584 2.92133 -1.08168 -3.11173 -1.08168 -3.11173 -0.354832 0.541594 -0.354832 -0.541594 
1 1 0 8.46322 0.110584 2.91797 -1.0813 -3.11072 -1.0813 -3.11072 -0.356273 0.54086 -0.356273 -0.54086 
1 1 0 8.45834 0.110584 2.91464 -1.08091 -3.1097 -1.08091 -3.1097 -0.357702 0.54013 -0.357702 -0.54013 
1 1 0 8.45346 0.110584 2.91133 -1.08052 -3.10869 -1.08052 -3.10869 -0.35912 0.539402 -0.35912 -0.539402 
1 1 0 8.44858 0.110584 2.90806 -1.08014 -3.10768 -1.08014 -3.10768 -0.360527 0.538677 -0.360527 -0.538677 
1 1 0 8.44369 0.110584 2.90483 -1.07975 -3.10668 -1.07975 -3.10668 -0.361923 0.537955 -0.361923 -0.537955 
1 1 0 8.43881 0.110584 2.90162 -1.07936 -3.10567 -1.07936 -3.10567 -0.363308 0.537236 -0.363308 -0.537236 
1 1 0 8.43393 0.110584 2.89844 -1.07898 -3.10467 -1.07898 -3.10467 -0.364682 0.53652 -0.364682 -0.53652 
1 1 0 8.42905 0.110584 2.8953 -1.07859 -3.10367 -1.07859 -3.10367 -0.366045 0.535807 -0.366045 -0.535807 
1 1 0 8.42416 0.110584 2.89219 -1.0782 -3.10267 -1.0782 -3.10267 -0.367396 0.535098 -0.367396 -0.535098 
1 1 0 8.41928 0.110584 2.8891 -1.07781 -3.10167 -1.07781 -3.10167 -0.368737 0.534392 -0.368737 -0.534392 
1 1 0 8.41439 0.110584 2.88605 -1.07743 -3.10068 -1.07743 -3.10068 -0.370066 0.533689 -0.370066 -0.533689 
1 1 0 8.40951 0.110584 2.88303 -1.07704 -3.09968 -1.07704 -3.09968 -0.371385 0.53299 -0.371385 -0.53299 
1 1 0 8.40462 0.110584 2.88004 -1.07665 -3.09869 -1.07665 -3.09869 -0.372693 0.532294 -0.372693 -0.532294 
1 1 0 8.39974 0.110584 2.87708 -1.07626 -3.0977 -1.07626 -3.0977 -0.373989 0.531603 -0.373989 -0.531603 
1 1 0 8.39485 0.110584 2.87415 -1.07587 -3.09672 -1.07587 -3.09672 -0.375275 0.530914 -0.375275 -0.530914 
1 1 0 8.38996 0.110584 2.87125 -1.07548 -3.09573 -1.07548 -3.09573 -0.37655 0.53023 -0.37655 -0.53023 
1 1 0 8.38508 0.110584 2.86838 -1.07509 -3.09475 -1.07509 -3.09475 -0.377814 0.52955 -0.377814 -0.52955 
1 1 0 8.38019 0.110584 2.86554 -1.0747 -3.09377 -1.0747 -3.09377 -0.379067 0.528873 -0.379067 -0.528873 
1 1 0 8.3753 0.110584 2.86273 -1.07431 -3.09279 -1.07431 -3.09279 -0.380309 0.528201 -0.380309 -0.528201 
1 1 0 8.37041 0.110584 2.85995 -1.07392 -3.09181 -1.07392 -3.09181 -0.38154 0.527533 -0.38154 -0.527533 
1 1 0 8.36553 0.110584 2.85719 -1.07353 -3.09083 -1.07353 -3.09083 -0.382761 0.526869 -0.382761 -0.526869 
1 1 0 8.36064 0.110584 2.85447 -1.07314 -3.08986 -1.07314 -3.08986 -0.38397 0.52621 -0.38397 -0.52621 
1 1 0 8.35575 0.110584 2.85178 -1.07275 -3.08889 -1.07275 -3.08889 -0.385169 0.525555 -0.385169 -0.525555 
1 1 0 8.35086 0.110584 2.84912 -1.07236 -3.08792 -1.07236 -3.08792 -0.386357 0.524904 -0.386357 -0.524904 
1 1 0 8.34597 0.110584 2.84648 -1.07197 -3.08695 -1.07197 -3.08695 -0.387534 0.524259 -0.387534 -0.524259 
1 1 0 8.34108 0.110584 2.84388 -1.07157 -3.08599 -1.07157 -3.08599 -0.3887 0.523618 -0.3887 -0.523618 
1 1 0 8.33619 0.110584 2.8413 -1.07118 -3.08502 -1.07118 -3.08502 -0.389855 0.522981 -0.389855 -0.522981 
1 1 0 8.3313 0.110584 2.83875 -1.07079 -3.08406 -1.07079 -3.08406 -0.391 0.52235 -0.391 -0.52235 
1 1 0 8.32641 0.110584 2.83623 -1.0704 -3.0831 -1.0704 -3.0831 -0.392134 0.521723 -0.392134 -0.521723 
1 1 0 8.32151 0.110584 2.83374 -1.07 -3.08214 -1.07 -3.08214 -0.393257 0.521102 -0.393257 -0.521102 
1 1 0 8.31662 0.110584 2.83128 -1.06961 -3.08119 -1.06961 -3.08119 -0.394369 0.520485 -0.394369 -0.520485 
1 1 0 8.31173 0.110584 2.82884 -1.06922 -3.08023 -1.06922 -3.08023 -0.395471 0.519874 -0.395471 -0.519874 
1 1 0 8.30684 0.110584 2.82644 -1.06882 -3.07928 -1.06882 -3.07928 -0.396561 0.519267 -0.396561 -0.519267 
1 1 0 8.30195 0.110584 2.82406 -1.06843 -3.07833 -1.06843 -3.07833 -0.397641 0.518667 -0.397641 -0.518667 
1 1 0 8.29705 0.110584 2.82171 -1.06804 -3.07738 -1.06804 -3.07738 -0.398711 0.518071 -0.398711 -0.518071 
1 1 0 8.29216 0.110584 2.81939 -1.06764 -3.07643 -1.06764 -3.07643 -0.399769 0.517482 -0.399769 -0.517482 
1 1 0 8.28726 0.110584 2.8171 -1.06725 -3.07549 -1.06725 -3.07549 -0.400817 0.516898 -0.400817 -0.516898 
1 1 0 8.28237 0.110584 2.81483 -1.06685 -3.07454 -1.06685 -3.07454 -0.401855 0.516319 -0.401855 -0.516319 
1 1 0 8.27748 0.110584 2.8126 -1.06646 -3.0736 -1.06646 -3.0736 -0.402881 0.515746 -0.402881 -0.515746 
1 1 0 8.27258 0.110584 2.81039 -1.06606 -3.07266 -1.06606 -3.07266 -0.403897 0.515179 -0.403897 -0.515179 
1 1 0 8.26769 0.110584 2.80821 -1.06567 -3.07172 -1.06567 -3.07172 -0.404902 0.514618 -0.404902 -0.514618 
1 1 0 8.26279 0.110584 2.80605 -1.06527 -3.07079 -1.06527 -3.07079 -0.405897 0.514062 -0.405897 -0.514062 
1 1 0 8.25789 0.110584 2.80393 -1.06488 -3.06985 -1.06488 -3.06985 -0.40688 0.513513 -0.40688 -0.513513 
1 1 0 8.253 0.110584 2.80183 -1.06448 -3.06892 -1.06448 -3.06892 -0.407853 0.51297 -0.407853 -0.51297 
1 1 0 8.2481 0.110584 2.79976 -1.06408 -3.06799 -1.06408 -3.06799 -0.408816 0.512433 -0.408816 -0.512433 
1 1 0 8.2432 0.110584 2.79771 -1.06369 -3.06706 -1.06369 -3.06706 -0.409768 0.511903 -0.409768 -0.511903 
1 1 0 8.23831 0.110584 2.7957 -1.06329 -3.06613 -1.06329 -3.06613 -0.410709 0.511378 -0.410709 -0.511378 
1 1 0 8.23341 0.110584 2.79371 -1.06289 -3.06521 -1.06289 -3.06521 -0.411639 0.51086 -0.411639 -0.51086 
1 1 0 8.22851 0.110584 2.79175 -1.0625 -3.06429 -1.0625 -3.06429 -0.412559 0.510349 -0.412559 -0.510349 
1 1 0 8.22361 0.110584 2.78981 -1.0621 -3.06336 -1.0621 -3.06336 -0.413468 0.509844 -0.413468 -0.509844 
1 1 0 8.21871 0.110584 2.7879 -1.0617 -3.06245 -1.0617 -3.06245 -0.414367 0.509346 -0.414367 -0.509346 
1 1 0 8.21382 0.110584 2.78602 -1.0613 -3.06153 -1.0613 -3.06153 -0.415255 0.508855 -0.415255 -0.508855 
1 1 0 8.20892 0.110584 2.78417 -1.0609 -3.06061 -1.0609 -3.06061 -0.416132 0.50837 -0.416132 -0.50837 
1 1 0 8.20402 0.110584 2.78234 -1.06051 -3.0597 -1.06051 -3.0597 -0.416999 0.507892 -0.416999 -0.507892 
1 1 0 8.19912 0.110584 2.78054 -1.06011 -3.05878 -1.06011 -3.05878 -0.417855 0.507421 -0.417855 -0.507421 
1 1 0 8.19422 0.110584 2.77877 -1.05971 -3.05787 -1.05971 -3.05787 -0.418701 0.506957 -0.418701 -0.506957 
1 1 0 8.18932 0.110584 2.77703 -1.05931 -3.05697 -1.05931 -3.05697 -0.419535 0.5065 -0.419535 -0.5065 
1 1 0 8.18442 0.110584 2.77531 -1.05891 -3.05606 -1.05891 -3.05606 -0.420359 0.506051 -0.420359 -0.506051 
1 1 0 8.17951 0.110584 2.77362 -1.05851 -3.05515 -1.05851 -3.05515 -0.421173 0.505608 -0.421173 -0.505608 
1 1 0 8.17461 0.110584 2.77195 -1.05811 -3.05425 -1.05811 -3.05425 -0.421976 0.505173 -0.421976 -0.505173 
1 1 0 8.16971 0.110584 2.77031 -1.05771 -3.05335 -1.05771 -3.05335 -0.422768 0.504745 -0.422768 -0.504745 
1 1 0 8.16481 0.110584 2.7687 -1.05731 -3.05245 -1.05731 -3.05245 -0.42355 0.504324 -0.42355 -0.504324 
1 1 0 8.15991 0.110584 2.76712 -1.05691 -3.05155 -1.05691 -3.05155 -0.424321 0.503912 -0.424321 -0.503912 
1 1 0 8.155 0.110584 2.76556 -1.05651 -3.05065 -1.05651 -3.05065 -0.425082 0.503506 -0.425082 -0.503506 
1 1 0 8.1501 0.110584 2.76403 -1.05611 -3.04976 -1.05611 -3.04976 -0.425832 0.503108 -0.425832 -0.503108 
1 1 0 8.1452 0.110584 2.76252 -1.0557 -3.04887 -1.0557 -3.04887 -0.426571 0.502718 -0.426571 -0.502718 
1 1 0 8.14029 0.110584 2.76105 -1.0553 -3.04797 -1.0553 -3.04797 -0.4273 0.502335 -0.4273 -0.502335 
1 1 0 8.13539 0.110584 2.75959 -1.0549 -3.04708 -1.0549 -3.04708 -0.428018 0.501961 -0.428018 -0.501961 
1 1 0 8.13049 0.110584 2.75817 -1.0545 -3.0462 -1.0545 -3.0462 -0.428725 0.501594 -0.428725 -0.501594 
1 1 0 8.12558 0.110584 2.75677 -1.0541 -3.04531 -1.0541 -3.04531 -0.429422 0.501235 -0.429422 -0.501235 
1 1 0 8.12068 0.110584 2.7554 -1.05369 -3.04443 -1.05369 -3.04443 -0.430109 0.500884 -0.430109 -0.500884 
1 1 0 8.11577 0.110584 2.75405 -1.05329 -3.04354 -1.05329 -3.04354 -0.430784 0.500541 -0.430784 -0.500541 
1 1 0 8.11087 0.110584 2.75273 -1.05289 -3.04266 -1.05289 -3.04266 -0.431449 0.500207 -0.431449 -0.500207 
1 1 0 8.10596 0.110584 2.75144 -1.05249 -3.04178 -1.05249 -3.04178 -0.432104 0.49988 -0.432104 -0.49988 
1 1 0 8.10106 0.110584 2.75017 -1.05208 -3.04091 -1.05208 -3.04091 -0.432747 0.499562 -0.432747 -0.499562 
1 1 0 8.09615 0.110584 2.74893 -1.05168 -3.04003 -1.05168 -3.04003 -0.433381 0.499252 -0.433381 -0.499252 
1 1 0 8.09124 0.110584 2.74772 -1.05127 -3.03916 -1.05127 -3.03916 -0.434003 0.49895 -0.434003 -0.49895 
1 1 0 8.08634 0.110584 2.74653 -1.05087 -3.03829 -1.05087 -3.03829 -0.434615 0.498657 -0.434615 -0.498657 
1 1 0 8.08143 0.110584 2.74537 -1.05047 -3.03742 -1.05047 -3.03742 -0.435216 0.498372 -0.435216 -0.498372 
1 1 0 8.07652 0.110584 2.74423 -1.05006 -3.03655 -1.05006 -3.03655 -0.435807 0.498096 -0.435807 -0.498096 
1 1 0 8.07161 0.110584 2.74312 -1.04966 -3.03568 -1.04966 -3.03568 -0.436387 0.497828 -0.436387 -0.497828 
1 1 0 8.06671 0.110584 2.74204 -1.04925 -3.03482 -1.04925 -3.03482 -0.436957 0.49757 -0.436957 -0.49757 
1 1 0 8.0618 0.110584 2.74099 -1.04885 -3.03395 -1.04885 -3.03395 -0.437515 0.497319 -0.437515 -0.497319 
1 1 0 8.05689 0.110584 2.73996 -1.04844 -3.03309 -1.04844 -3.03309 -0.438064 0.497078 -0.438064 -0.497078 
1 1 0 8.05198 0.110584 2.73895 -1.04803 -3.03223 -1.04803 -3.03223 -0.438601 0.496845 -0.438601 -0.496845 
1 1 0 8.04707 0.110584 2.73797 -1.04763 -3.03137 -1.04763 -3.03137 -0.439128 0.496621 -0.439128 -0.496621 
1 1 0 8.04216 0.110584 2.73702 -1.04722 -3.03052 -1.04722 -3.03052 -0.439644 0.496406 -0.439644 -0.496406 
1 1 0 8.03725 0.110584 2.7361 -1.04681 -3.02966 -1.04681 -3.02966 -0.44015 0.4962 -0.44015 -0.4962 
1 1 0 8.03234 0.110584 2.7352 -1.04641 -3.02881 -1.04641 -3.02881 -0.440644 0.496002 -0.440644 -0.496002 
1 1 0 8.02743 0.110584 2.73432 -1.046 -3.02796 -1.046 -3.02796 -0.441129 0.495814 -0.441129 -0.495814 
1 1 0 8.02252 0.110584 2.73347 -1.04559 -3.02711 -1.04559 -3.02711 -0.441602 0.495635 -0.441602 -0.495635 
1 1 0 8.01761 0.110584 2.73265 -1.04519 -3.02626 -1.04519 -3.02626 -0.442065 0.495465 -0.442065 -0.495465 
1 1 0 8.0127 0.110584 2.73186 -1.04478 -3.02541 -1.04478 -3.02541 -0.442517 0.495304 -0.442517 -0.495304 
1 1 0 8.00779 0.110584 2.73109 -1.04437 -3.02457 -1.04437 -3.02457 -0.442959 0.495153 -0.442959 -0.495153 
1 1 0 8.00288 0.110584 2.73035 -1.04396 -3.02372 -1.04396 -3.02372 -0.44339 0.49501 -0.44339 -0.49501 
1 1 0 7.99797 0.110584 2.72963 -1.04355 -3.02288 -1.04355 -3.02288 -0.44381 0.494877 -0.44381 -0.494877 
1 1 0 7.99305 0.110584 2.72894 -1.04315 -3.02204 -1.04315 -3.02204 -0.444219 0.494753 -0.444219 -0.494753 
1 1 0 7.98814 0.110584 2.72827 -1.04274 -3.02121 -1.04274 -3.02121 -0.444618 0.494639 -0.444618 -0.494639 
1 1 0 7.98323 0.110584 2.72764 -1.04233 -3.02037 -1.04233 -3.02037 -0.445006 0.494534 -0.445006 -0.494534 
1 1 0 7.97832 0.110584 2.72702 -1.04192 -3.01953 -1.04192 -3.01953 -0.445383 0.494438 -0.445383 -0.494438 
1 1 0 7.9734 0.110584 2.72644 -1.04151 -3.0187 -1.04151 -3.0187 -0.44575 0.494352 -0.44575 -0.494352 
1 1 0 7.96849 0.110584 2.72588 -1.0411 -3.01787 -1.0411 -3.01787 -0.446105 0.494275 -0.446105 -0.494275 
1 1 0 7.96358 0.110584 2.72534 -1.04069 -3.01704 -1.04069 -3.01704 -0.44645 0.494208 -0.44645 -0.494208 
1 1 0 7.95866 0.110584 2.72483 -1.04028 -3.01621 -1.04028 -3.01621 -0.446785 0.494151 -0.446785 -0.494151 
1 1 0 7.95375 0.110584 2.72435 -1.03987 -3.01539 -1.03987 -3.01539 -0.447108 0.494103 -0.447108 -0.494103 
1 1 0 7.94883 0.110584 2.72389 -1.03946 -3.01456 -1.03946 -3.01456 -0.447421 0.494065 -0.447421 -0.494065 
1 1 0 7.94392 0.110584 2.72346 -1.03905 -3.01374 -1.03905 -3.01374 -0.447723 0.494036 -0.447723 -0.494036 
1 1 0 7.939 0.110584 2.72306 -1.03863 -3.01292 -1.03863 -3.01292 -0.448014 0.494018 -0.448014 -0.494018 
1 1 0 7.93409 0.110584 2.72268 -1.03822 -3.0121 -1.03822 -3.0121 -0.448295 0.494008 -0.448295 -0.494008 
1 1 0 7.92917 0.110584 2.72233 -1.03781 -3.01128 -1.03781 -3.01128 -0.448564 0.494009 -0.448564 -0.494009 
1 1 0 7.92426 0.110584 2.722 -1.0374 -3.01047 -1.0374 -3.01047 -0.448823 0.494019 -0.448823 -0.494019 
1 1 0 7.91934 0.110584 2.7217 -1.03699 -3.00965 -1.03699 -3.00965 -0.449071 0.494039 -0.449071 -0.494039 
1 1 0 7.91443 0.110584 2.72143 -1.03657 -3.00884 -1.03657 -3.00884 -0.449308 0.49407 -0.449308 -0.49407 
1 1 0 7.90951 0.110584 2.72118 -1.03616 -3.00803 -1.03616 -3.00803 -0.449535 0.49411 -0.449535 -0.49411 
1 1 0 7.90459 0.110584 2.72096 -1.03575 -3.00722 -1.03575 -3.00722 -0.44975 0.494159 -0.44975 -0.494159 
1 1 0 7.89968 0.110584 2.72076 -1.03534 -3.00641 -1.03534 -3.00641 -0.449955 0.494219 -0.449955 -0.494219 
1 1 0 7.89476 0.110584 2.72059 -1.03492 -3.0056 -1.03492 -3.0056 -0.450149 0.494288 -0.450149 -0.494288 
1 1 0 7.88984 0.110584 2.72045 -1.03451 -3.0048 -1.03451 -3.0048 -0.450332 0.494368 -0.450332 -0.494368 
1 1 0 7.88492 0.110584 2.72033 -1.0341 -3.004 -1.0341 -3.004 -0.450504 0.494457 -0.450504 -0.494457 
1 1 0 7.88001 0.110584 2.72024 -1.03368 -3.00319 -1.03368 -3.00319 -0.450665 0.494557 -0.450665 -0.494557 
1 1 0 7.87509 0.110584 2.72017 -1.03327 -3.0024 -1.03327 -3.0024 -0.450816 0.494666 -0.450816 -0.494666 
1 1 0 7.87017 0.110584 2.72013 -1.03285 -3.0016 -1.03285 -3.0016 -0.450955 0.494785 -0.450955 -0.494785 
1 1 0 7.86525 0.110584 2.72012 -1.03244 -3.0008 -1.03244 -3.0008 -0.451084 0.494914 -0.451084 -0.494914 
1 1 0 7.86033 0.110584 2.72013 -1.03202 -3.00001 -1.03202 -3.00001 -0.451201 0.495054 -0.451201 -0.495054 
1 1 0 7.85541 0.110584 2.72017 -1.03161 -2.99921 -1.03161 -2.99921 -0.451308 0.495203 -0.451308 -0.495203 
1 1 0 7.85049 0.110584 2.72023 -1.03119 -2.99842 -1.03119 -2.99842 -0.451404 0.495362 -0.451404 -0.495362 
1 1 0 7.84557 0.110584 2.72032 -1.03078 -2.99763 -1.03078 -2.99763 -0.451488 0.495531 -0.451488 -0.495531 
1 1 0 7.84065 0.110584 2.72044 -1.03036 -2.99685 -1.03036 -2.99685 -0.451562 0.495711 -0.451562 -0.495711 
1 1 0 7.83573 0.110584 2.72058 -1.02994 -2.99606 -1.02994 -2.99606 -0.451625 0.4959 -0.451625 -0.4959 
1 1 0 7.83081 0.110584 2.72075 -1.02953 -2.99527 -1.02953 -2.99527 -0.451677 0.496099 -0.451677 -0.496099 
1 1 0 7.82589 0.110584 2.72094 -1.02911 -2.99449 -1.02911 -2.99449 -0.451718 0.496309 -0.451718 -0.496309 
1 1 0 7.82097 0.110584 2.72116 -1.02869 -2.99371 -1.02869 -2.99371 -0.451748 0.496528 -0.451748 -0.496528 
1 1 0 7.81605 0.110584 2.72141 -1.02828 -2.99293 -1.02828 -2.99293 -0.451767 0.496758 -0.451767 -0.496758 
1 1 0 7.81113 0.110584 2.72168 -1.02786 -2.99215 -1.02786 -2.99215 -0.451774 0.496997 -0.451774 -0.496997 
1 1 0 7.80621 0.110584 2.72198 -1.02744 -2.99138 -1.02744 -2.99138 -0.451771 0.497247 -0.451771 -0.497247 
1 1 0 7.80128 0.110584 2.72231 -1.02702 -2.9906 -1.02702 -2.9906 -0.451757 0.497506 -0.451757 -0.497506 
1 1 0 7.79636 0.110584 2.72266 -1.02661 -2.98983 -1.02661 -2.98983 -0.451731 0.497776 -0.451731 -0.497776 
1 1 0 7.79144 0.110584 2.72303 -1.02619 -2.98906 -1.02619 -2.98906 -0.451695 0.498055 -0.451695 -0.498055 
1 1 0 7.78652 0.110584 2.72344 -1.02577 -2.98829 -1.02577 -2.98829 -0.451647 0.498345 -0.451647 -0.498345 
1 1 0 7.78159 0.110584 2.72387 -1.02535 -2.98752 -1.02535 -2.98752 -0.451589 0.498645 -0.451589 -0.498645 
1 1 0 7.77667 0.110584 2.72432 -1.02493 -2.98675 -1.02493 -2.98675 -0.451519 0.498954 -0.451519 -0.498954 
1 1 0 7.77175 0.110584 2.7248 -1.02451 -2.98599 -1.02451 -2.98599 -0.451438 0.499274 -0.451438 -0.499274 
1 1 0 7.76682 0.110584 2.72531 -1.02409 -2.98522 -1.02409 -2.98522 -0.451346 0.499603 -0.451346 -0.499603 
1 1 0 7.7619 0.110584 2.72585 -1.02367 -2.98446 -1.02367 -2.98446 -0.451243 0.499942 -0.451243 -0.499942 
1 1 0 7.75698 0.110584 2.72641 -1.02325 -2.9837 -1.02325 -2.9837 -0.451129 0.500292 -0.451129 -0.500292 
1 1 0 7.75205 0.110584 2.72699 -1.02283 -2.98294 -1.02283 -2.98294 -0.451003 0.500651 -0.451003 -0.500651 
1 1 0 7.74713 0.110584 2.7276 -1.02241 -2.98219 -1.02241 -2.98219 -0.450866 0.50102 -0.450866 -0.50102 
1 1 0 7.7422 0.110584 2.72824 -1.02199 -2.98143 -1.02199 -2.98143 -0.450718 0.501399 -0.450718 -0.501399 
1 1 0 7.73728 0.110584 2.72891 -1.02157 -2.98068 -1.02157 -2.98068 -0.450559 0.501788 -0.450559 -0.501788 
1 1 0 7.73235 0.110584 2.7296 -1.02115 -2.97993 -1.02115 -2.97993 -0.450389 0.502187 -0.450389 -0.502187 
1 1 0 7.72743 0.110584 2.73032 -1.02073 -2.97918 -1.02073 -2.97918 -0.450207 0.502595 -0.450207 -0.502595 
1 1 0 7.7225 0.110584 2.73106 -1.02031 -2.97843 -1.02031 -2.97843 -0.450014 0.503014 -0.450014 -0.503014 
1 1 0 7.71758 0.110584 2.73183 -1.01988 -2.97768 -1.01988 -2.97768 -0.44981 0.503441 -0.44981 -0.503441 
1 1 0 7.71265 0.110584 2.73263 -1.01946 -2.97694 -1.01946 -2.97694 -0.449595 0.50388 -0.449595 -0.50388 
1 1 0 7.70772 0.110584 2.73345 -1.01904 -2.97619 -1.01904 -2.97619 -0.449368 0.504327 -0.449368 -0.504327 
1 1 0 7.7028 0.110584 2.7343 -1.01862 -2.97545 -1.01862 -2.97545 -0.44913 0.504784 -0.44913 -0.504784 
1 1 0 7.69787 0.110584 2.73517 -1.01819 -2.97471 -1.01819 -2.97471 -0.44888 0.505251 -0.44888 -0.505251 
1 1 0 7.69294 0.110584 2.73607 -1.01777 -2.97397 -1.01777 -2.97397 -0.448619 0.505728 -0.448619 -0.505728 
1 1 0 7.68802 0.110584 2.737 -1.01735 -2.97323 -1.01735 -2.97323 -0.448347 0.506213 -0.448347 -0.506213 
1 1 0 7.68309 0.110584 2.73795 -1.01692 -2.9725 -1.01692 -2.9725 -0.448064 0.506709 -0.448064 -0.506709 
1 1 0 7.67816 0.110584 2.73893 -1.0165 -2.97176 -1.0165 -2.97176 -0.447769 0.507214 -0.447769 -0.507214 
1 1 0 7.67323 0.110584 2.73994 -1.01608 -2.97103 -1.01608 -2.97103 -0.447462 0.507729 -0.447462 -0.507729 
1 1 0 7.6683 0.110584 2.74097 -1.01565 -2.9703 -1.01565 -2.9703 -0.447145 0.508253 -0.447145 -0.508253 
1 1 0 7.66338 0.110584 2.74203 -1.01523 -2.96957 -1.01523 -2.96957 -0.446815 0.508787 -0.446815 -0.508787 
1 1 0 7.65845 0.110584 2.74312 -1.0148 -2.96884 -1.0148 -2.96884 -0.446475 0.509329 -0.446475 -0.509329 
1 1 0 7.65352 0.110584 2.74423 -1.01438 -2.96812 -1.01438 -2.96812 -0.446123 0.509882 -0.446123 -0.509882 
1 1 0 7.64859 0.110584 2.74537 -1.01395 -2.9674 -1.01395 -2.9674 -0.445759 0.510443 -0.445759 -0.510443 
1 1 0 7.64366 0.110584 2.74653 -1.01353 -2.96667 -1.01353 -2.96667 -0.445384 0.511014 -0.445384 -0.511014 
1 1 0 7.63873 0.110584 2.74772 -1.0131 -2.96595 -1.0131 -2.96595 -0.444997 0.511594 -0.444997 -0.511594 
1 1 0 7.6338 0.110584 2.74894 -1.01268 -2.96523 -1.01268 -2.96523 -0.444599 0.512183 -0.444599 -0.512183 
1 1 0 7.62887 0.110584 2.75019 -1.01225 -2.96452 -1.01225 -2.96452 -0.444189 0.512782 -0.444189 -0.512782 
1 1 0 7.62394 0.110584 2.75146 -1.01182 -2.9638 -1.01182 -2.9638 -0.443768 0.513389 -0.443768 -0.513389 
1 1 0 7.61901 0.110584 2.75275 -1.0114 -2.96309 -1.0114 -2.96309 -0.443335 0.514005 -0.443335 -0.514005 
1 1 0 7.61408 0.110584 2.75408 -1.01097 -2.96237 -1.01097 -2.96237 -0.44289 0.514631 -0.44289 -0.514631 
1 1 0 7.60915 0.110584 2.75543 -1.01054 -2.96166 -1.01054 -2.96166 -0.442434 0.515265 -0.442434 -0.515265 
1 1 0 7.60422 0.110584 2.75681 -1.01011 -2.96095 -1.01011 -2.96095 -0.441966 0.515909 -0.441966 -0.515909 
1 1 0 7.59929 0.110584 2.75821 -1.00969 -2.96024 -1.00969 -2.96024 -0.441487 0.516561 -0.441487 -0.516561 
1 1 0 7.59436 0.110584 2.75964 -1.00926 -2.95954 -1.00926 -2.95954 -0.440995 0.517222 -0.440995 -0.517222 
1 1 0 7.58943 0.110584 2.7611 -1.00883 -2.95883 -1.00883 -2.95883 -0.440493 0.517891 -0.440493 -0.517891 
1 1 0 7.58449 0.110584 2.76258 -1.0084 -2.95813 -1.0084 -2.95813 -0.439978 0.51857 -0.439978 -0.51857 
1 1 0 7.57956 0.110584 2.7641 -1.00797 -2.95743 -1.00797 -2.95743 -0.439452 0.519257 -0.439452 -0.519257 
1 1 0 7.57463 0.110584 2.76563 -1.00754 -2.95673 -1.00754 -2.95673 -0.438914 0.519952 -0.438914 -0.519952 
1 1 0 7.5697 0.110584 2.7672 -1.00712 -2.95603 -1.00712 -2.95603 -0.438364 0.520656 -0.438364 -0.520656 
1 1 0 7.56476 0.110584 2.76879 -1.00669 -2.95534 -1.00669 -2.95534 -0.437802 0.521369 -0.437802 -0.521369 
1 1 0 7.55983 0.110584 2.77041 -1.00626 -2.95464 -1.00626 -2.95464 -0.437229 0.52209 -0.437229 -0.52209 
1 1 0 7.5549 0.110584 2.77205 -1.00583 -2.95395 -1.00583 -2.95395 -0.436644 0.522819 -0.436644 -0.522819 
1 1 0 7.54996 0.110584 2.77373 -1.0054 -2.95326 -1.0054 -2.95326 -0.436046 0.523557 -0.436046 -0.523557 
1 1 0 7.54503 0.110584 2.77543 -1.00497 -2.95257 -1.00497 -2.95257 -0.435437 0.524303 -0.435437 -0.524303 
1 1 0 7.5401 0.110584 2.77715 -1.00454 -2.95188 -1.00454 -2.95188 -0.434817 0.525057 -0.434817 -0.525057 
1 1 0 7.53516 0.110584 2.7789 -1.00411 -2.9512 -1.00411 -2.9512 -0.434184 0.52582 -0.434184 -0.52582 
1 1 0 7.53023 0.110584 2.78069 -1.00367 -2.95051 -1.00367 -2.95051 -0.433539 0.52659 -0.433539 -0.52659 
1 1 0 7.5253 0.110584 2.78249 -1.00324 -2.94983 -1.00324 -2.94983 -0.432883 0.527368 -0.432883 -0.527368 
1 1 0 7.52036 0.110584 2.78433 -1.00281 -2.94915 -1.00281 -2.94915 -0.432214 0.528154 -0.432214 -0.528154 
1 1 0 7.51543 0.110584 2.78619 -1.00238 -2.94847 -1.00238 -2.94847 -0.431534 0.528948 -0.431534 -0.528948 
1 1 0 7.51049 0.110584 2.78808 -1.00195 -2.94779 -1.00195 -2.94779 -0.430841 0.52975 -0.430841 -0.52975 
1 1 0 7.50556 0.110584 2.79 -1.00152 -2.94711 -1.00152 -2.94711 -0.430137 0.530559 -0.430137 -0.530559 
1 1 0 7.50062 0.110584 2.79194 -1.00108 -2.94644 -1.00108 -2.94644 -0.42942 0.531377 -0.42942 -0.531377 
1 1 0 7.49568 0.110584 2.79391 -1.00065 -2.94576 -1.00065 -2.94576 -0.428691 0.532201 -0.428691 -0.532201 
1 1 0 7.49075 0.110584 2.79591 -1.00022 -2.94509 -1.00022 -2.94509 -0.427951 0.533034 -0.427951 -0.533034 
1 1 0 7.48581 0.110584 2.79794 -0.999783 -2.94442 -0.999783 -2.94442 -0.427198 0.533874 -0.427198 -0.533874 
1 1 0 7.48088 0.110584 2.79999 -0.99935 -2.94376 -0.99935 -2.94376 -0.426433 0.534721 -0.426433 -0.534721 
1 1 0 7.47594 0.110584 2.80207 -0.998916 -2.94309 -0.998916 -2.94309 -0.425656 0.535575 -0.425656 -0.535575 
1 1 0 7.471 0.110584 2.80418 -0.998482 -2.94242 -0.998482 -2.94242 -0.424866 0.536437 -0.424866 -0.536437 
1 1 0 7.46607 0.110584 2.80632 -0.998048 -2.94176 -0.998048 -2.94176 -0.424065 0.537306 -0.424065 -0.537306 
1 1 0 7.46113 0.110584 2.80848 -0.997613 -2.9411 -0.997613 -2.9411 -0.423251 0.538182 -0.423251 -0.538182 
1 1 0 7.45619 0.110584 2.81067 -0.997179 -2.94044 -0.997179 -2.94044 -0.422426 0.539065 -0.422426 -0.539065 
1 1 0 7.45126 0.110584 2.81289 -0.996744 -2.93978 -0.996744 -2.93978 -0.421588 0.539955 -0.421588 -0.539955 
1 1 0 7.44632 0.110584 2.81514 -0.996308 -2.93913 -0.996308 -2.93913 -0.420737 0.540852 -0.420737 -0.540852 
1 1 0 7.44138 0.110584 2.81742 -0.995873 -2.93847 -0.995873 -2.93847 -0.419874 0.541756 -0.419874 -0.541756 
1 1 0 7.43644 0.110584 2.81972 -0.995437 -2.93782 -0.995437 -2.93782 -0.419 0.542666 -0.419 -0.542666 
1 1 0 7.4315 0.110584 2.82205 -0.995001 -2.93717 -0.995001 -2.93717 -0.418112 0.543583 -0.418112 -0.543583 
1 1 0 7.42657 0.110584 2.82441 -0.994565 -2.93652 -0.994565 -2.93652 -0.417213 0.544507 -0.417213 -0.544507 
1 1 0 7.42163 0.110584 2.8268 -0.994128 -2.93587 -0.994128 -2.93587 -0.416301 0.545437 -0.416301 -0.545437 
1 1 0 7.41669 0.110584 2.82922 -0.993692 -2.93522 -0.993692 -2.93522 -0.415376 0.546374 -0.415376 -0.546374 
1 1 0 7.41175 0.110584 2.83166 -0.993255 -2.93458 -0.993255 -2.93458 -0.414439 0.547316 -0.414439 -0.547316 
1 1 0 7.40681 0.110584 2.83414 -0.992817 -2.93393 -0.992817 -2.93393 -0.41349 0.548266 -0.41349 -0.548266 
1 1 0 7.40187 0.110584 2.83664 -0.99238 -2.93329 -0.99238 -2.93329 -0.412528 0.549221 -0.412528 -0.549221 
1 1 0 7.39693 0.110584 2.83917 -0.991942 -2.93265 -0.991942 -2.93265 -0.411554 0.550183 -0.411554 -0.550183 
1 1 0 7.39199 0.110584 2.84173 -0.991504 -2.93202 -0.991504 -2.93202 -0.410567 0.55115 -0.410567 -0.55115 
1 1 0 7.38705 0.110584 2.84432 -0.991066 -2.93138 -0.991066 -2.93138 -0.409568 0.552124 -0.409568 -0.552124 
1 1 0 7.38211 0.110584 2.84693 -0.990627 -2.93075 -0.990627 -2.93075 -0.408556 0.553103 -0.408556 -0.553103 
1 1 0 7.37717 0.110584 2.84958 -0.990189 -2.93011 -0.990189 -2.93011 -0.407531 0.554088 -0.407531 -0.554088 
1 1 0 7.37223 0.110584 2.85225 -0.98975 -2.92948 -0.98975 -2.92948 -0.406494 0.555079 -0.406494 -0.555079 
1 1 0 7.36729 0.110584 2.85496 -0.98931 -2.92885 -0.98931 -2.92885 -0.405445 0.556075 -0.405445 -0.556075 
1 1 0 7.36235 0.110584 2.85769 -0.988871 -2.92822 -0.988871 -2.92822 -0.404382 0.557077 -0.404382 -0.557077 
1 1 0 7.35741 0.110584 2.86045 -0.988431 -2.9276 -0.988431 -2.9276 -0.403307 0.558085 -0.403307 -0.558085 
1 1 0 7.35247 0.110584 2.86324 -0.987991 -2.92697 -0.987991 -2.92697 -0.402219 0.559097 -0.402219 -0.559097 
1 1 0 7.34753 0.110584 2.86606 -0.987551 -2.92635 -0.987551 -2.92635 -0.401119 0.560115 -0.401119 -0.560115 
1 1 0 7.34258 0.110584 2.86891 -0.98711 -2.92573 -0.98711 -2.92573 -0.400006 0.561139 -0.400006 -0.561139 
1 1 0 7.33764 0.110584 2.87179 -0.98667 -2.92511 -0.98667 -2.92511 -0.398879 0.562167 -0.398879 -0.562167 
1 1 0 7.3327 0.110584 2.8747 -0.986229 -2.92449 -0.986229 -2.92449 -0.397741 0.5632 -0.397741 -0.5632 
1 1 0 7.32776 0.110584 2.87764 -0.985787 -2.92388 -0.985787 -2.92388 -0.396589 0.564239 -0.396589 -0.564239 
1 1 0 7.32281 0.110584 2.88061 -0.985346 -2.92326 -0.985346 -2.92326 -0.395424 0.565282 -0.395424 -0.565282 
1 1 0 7.31787 0.110584 2.88361 -0.984904 -2.92265 -0.984904 -2.92265 -0.394247 0.566329 -0.394247 -0.566329 
1 1 0 7.31293 0.110584 2.88664 -0.984462 -2.92204 -0.984462 -2.92204 -0.393057 0.567382 -0.393057 -0.567382 
1 1 0 7.30799 0.110584 2.8897 -0.98402 -2.92143 -0.98402 -2.92143 -0.391853 0.568439 -0.391853 -0.568439 
1 1 0 7.30304 0.110584 2.89279 -0.983577 -2.92082 -0.983577 -2.92082 -0.390637 0.569501 -0.390637 -0.569501 
1 1 0 7.2981 0.110584 2.89591 -0.983134 -2.92022 -0.983134 -2.92022 -0.389408 0.570567 -0.389408 -0.570567 
1 1 0 7.29316 0.110584 2.89906 -0.982691 -2.91962 -0.982691 -2.91962 -0.388165 0.571637 -0.388165 -0.571637 
1 1 0 7.28821 0.110584 2.90224 -0.982248 -2.91901 -0.982248 -2.91901 -0.38691 0.572712 -0.38691 -0.572712 
1 1 0 7.28327 0.110584 2.90545 -0.981805 -2.91841 -0.981805 -2.91841 -0.385642 0.57379 -0.385642 -0.57379 
1 1 0 7.27832 0.110584 2.9087 -0.981361 -2.91781 -0.981361 -2.91781 -0.38436 0.574873 -0.38436 -0.574873 
1 1 0 7.27338 0.110584 2.91197 -0.980917 -2.91722 -0.980917 -2.91722 -0.383066 0.575959 -0.383066 -0.575959 
1 1 0 7.26844 0.110584 2.91528 -0.980472 -2.91662 -0.980472 -2.91662 -0.381758 0.57705 -0.381758 -0.57705 
1 1 0 7.26349 0.110584 2.91861 -0.980028 -2.91603 -0.980028 -2.91603 -0.380437 0.578144 -0.380437 -0.578144 
1 1 0 7.25855 0.110584 2.92198 -0.979583 -2.91544 -0.979583 -2.91544 -0.379103 0.579241 -0.379103 -0.579241 
1 1 0 7.2536 0.110584 2.92538 -0.979138 -2.91485 -0.979138 -2.91485 -0.377756 0.580343 -0.377756 -0.580343 
1 1 0 7.24865 0.110584 2.92881 -0.978693 -2.91426 -0.978693 -2.91426 -0.376395 0.581448 -0.376395 -0.581448 
1 1 0 7.24371 0.110584 2.93228 -0.978247 -2.91367 -0.978247 -2.91367 -0.375021 0.582556 -0.375021 -0.582556 
1 1 0 7.23876 0.110584 2.93577 -0.977801 -2.91309 -0.977801 -2.91309 -0.373634 0.583668 -0.373634 -0.583668 
1 1 0 7.23382 0.110584 2.9393 -0.977355 -2.91251 -0.977355 -2.91251 -0.372234 0.584782 -0.372234 -0.584782 
1 1 0 7.22887 0.110584 2.94286 -0.976909 -2.91193 -0.976909 -2.91193 -0.37082 0.5859 -0.37082 -0.5859 
1 1 0 7.22393 0.110584 2.94645 -0.976462 -2.91135 -0.976462 -2.91135 -0.369392 0.587021 -0.369392 -0.587021 
1 1 0 7.21898 0.110584 2.95008 -0.976015 -2.91077 -0.976015 -2.91077 -0.367951 0.588145 -0.367951 -0.588145 
1 1 0 7.21403 0.110584 2.95374 -0.975568 -2.91019 -0.975568 -2.91019 -0.366497 0.589271 -0.366497 -0.589271 
1 1 0 7.20909 0.110584 2.95743 -0.97512 -2.90962 -0.97512 -2.90962 -0.36503 0.5904 -0.36503 -0.5904 
1 1 0 7.20414 0.110584 2.96115 -0.974673 -2.90905 -0.974673 -2.90905 -0.363548 0.591532 -0.363548 -0.591532 
1 1 0 7.19919 0.110584 2.96491 -0.974225 -2.90848 -0.974225 -2.90848 -0.362054 0.592667 -0.362054 -0.592667 
1 1 0 7.19424 0.110584 2.9687 -0.973777 -2.90791 -0.973777 -2.90791 -0.360545 0.593803 -0.360545 -0.593803 
1 1 0 7.1893 0.110584 2.97252 -0.973328 -2.90734 -0.973328 -2.90734 -0.359023 0.594942 -0.359023 -0.594942 
1 1 0 7.18435 0.110584 2.97638 -0.972879 -2.90678 -0.972879 -2.90678 -0.357488 0.596084 -0.357488 -0.596084 
1 1 0 7.1794 0.110584 2.98027 -0.97243 -2.90621 -0.97243 -2.90621 -0.355938 0.597227 -0.355938 -0.597227 
1 1 0 7.17445 0.110584 2.9842 -0.971981 -2.90565 -0.971981 -2.90565 -0.354375 0.598372 -0.354375 -0.598372 
1 1 0 7.16951 0.110584 2.98816 -0.971532 -2.90509 -0.971532 -2.90509 -0.352799 0.59952 -0.352799 -0.59952 
1 1 0 7.16456 0.110584 2.99216 -0.971082 -2.90454 -0.971082 -2.90454 -0.351208 0.600669 -0.351208 -0.600669 
1 1 0 7.15961 0.110584 2.99618 -0.970632 -2.90398 -0.970632 -2.90398 -0.349604 0.601819 -0.349604 -0.601819 
1 1 0 7.15466 0.110584 3.00025 -0.970181 -2.90343 -0.970181 -2.90343 -0.347986 0.602972 -0.347986 -0.602972 
1 1 0 7.14971 0.110584 3.00435 -0.969731 -2.90287 -0.969731 -2.90287 -0.346354 0.604126 -0.346354 -0.604126 
1 1 0 7.14476 0.110584 3.00849 -0.96928 -2.90232 -0.96928 -2.90232 -0.344708 0.605282 -0.344708 -0.605282 
1 1 0 7.13981 0.110584 3.01266 -0.968829 -2.90178 -0.968829 -2.90178 -0.343048 0.606438 -0.343048 -0.606438 
1 1 0 7.13486 0.110584 3.01686 -0.968378 -2.90123 -0.968378 -2.90123 -0.341374 0.607596 -0.341374 -0.607596 
1 1 0 7.12991 0.110584 3.02111 -0.967926 -2.90068 -0.967926 -2.90068 -0.339686 0.608755 -0.339686 -0.608755 
