"","matrix","time","row","col","value"
"1","N",6083,0,0,8614092.63294341
"2","S",6083,0,0,4822501.56399985
"3","I",6083,0,0,287.102203974215
"4","R",6083,0,0,3792437.2086239
"5","D",6083,0,0,145187.631383467
"6","beta_trend",6083,0,0,1.2652436438308
"7","beta_trend",6083,1,0,1.26563211787425
"8","beta_trend",6083,2,0,1.26599146588224
"9","beta_trend",6083,3,0,1.26632205850508
"10","beta_trend",6083,4,0,1.26662428003232
"11","beta_trend",6083,5,0,1.26689852811
"12","beta_trend",6083,6,0,1.26714521344601
"13","beta_trend",6083,7,0,1.26736475950379
"14","beta_trend",6083,8,0,1.26755760218445
"15","beta_trend",6083,9,0,1.26772418949762
"16","beta_trend",6083,10,0,1.26786498122122
"17","beta_trend",6083,11,0,1.26798044855031
"18","beta_trend",6083,12,0,1.26807107373535
"19","beta_trend",6083,13,0,1.26813734971015
"20","beta_trend",6083,14,0,1.26817977970962
"21","beta_trend",6083,15,0,1.2681988768778
"22","beta_trend",6083,16,0,1.26819516386628
"23","beta_trend",6083,17,0,1.26816917242345
"24","beta_trend",6083,18,0,1.26812144297478
"25","beta_trend",6083,19,0,1.26805252419453
"26","beta_trend",6083,20,0,1.2679629725692
"27","beta_trend",6083,21,0,1.26785335195304
"28","beta_trend",6083,22,0,1.26772423311599
"29","beta_trend",6083,23,0,1.26757619328441
"30","beta_trend",6083,24,0,1.267409815675
"31","beta_trend",6083,25,0,1.26722568902219
"32","beta_trend",6083,26,0,1.26702440709955
"33","beta_trend",6083,27,0,1.26680656823547
"34","beta_trend",6083,28,0,1.26657277482359
"35","beta_trend",6083,29,0,1.26632363282838
"36","beta_trend",6083,30,0,1.26605975128627
"37","beta_trend",6083,31,0,1.2657817418028
"38","beta_trend",6083,32,0,1.26549021804619
"39","beta_trend",6083,33,0,1.26518579523778
"40","beta_trend",6083,34,0,1.26486908963978
"41","beta_trend",6083,35,0,1.2645407180408
"42","beta_trend",6083,36,0,1.26420129723961
"43","beta_trend",6083,37,0,1.26385144352756
"44","beta_trend",6083,38,0,1.2634917721702
"45","beta_trend",6083,39,0,1.2631228968885
"46","beta_trend",6083,40,0,1.26274542934015
"47","beta_trend",6083,41,0,1.26235997860146
"48","beta_trend",6083,42,0,1.2619671506503
"49","beta_trend",6083,43,0,1.26156754785062
"50","beta_trend",6083,44,0,1.26116176843886
"51","beta_trend",6083,45,0,1.26075040601304
"52","beta_trend",6083,46,0,1.26033404902467
"53","beta_trend",6083,47,0,1.25991328027421
"54","beta_trend",6083,48,0,1.25948867641049
"55","beta_trend",6083,49,0,1.25906080743449
"56","beta_trend",6083,50,0,1.25863023620813
"57","beta_trend",6083,51,0,1.25819751796837
"58","beta_trend",6083,52,0,1.25776319984725
"59","beta_trend",6083,53,0,1.25732782039823
"60","beta_trend",6083,54,0,1.25689190912936
"61","beta_trend",6083,55,0,1.25645598604375
"62","beta_trend",6083,56,0,1.25602056118775
"63","beta_trend",6083,57,0,1.25558613420742
"64","beta_trend",6083,58,0,1.25515319391353
"65","beta_trend",6083,59,0,1.25472221785582
"66","beta_trend",6083,60,0,1.25429367190665
"67","beta_trend",6083,61,0,1.25386800985479
"68","beta_trend",6083,62,0,1.25344567300946
"69","beta_trend",6083,63,0,1.25302708981538
"70","beta_trend",6083,64,0,1.25261267547887
"71","beta_trend",6083,65,0,1.25220283160574
"72","beta_trend",6083,66,0,1.25179794585116
"73","beta_trend",6083,67,0,1.25139839158197
"74","beta_trend",6083,68,0,1.25100452755174
"75","beta_trend",6083,69,0,1.25061669758905
"76","beta_trend",6083,70,0,1.25023523029928
"77","beta_trend",6083,71,0,1.2498604387802
"78","beta_trend",6083,72,0,1.24949262035183
"79","beta_trend",6083,73,0,1.24913205630071
"80","beta_trend",6083,74,0,1.24877901163908
"81","beta_trend",6083,75,0,1.24841828529989
"82","beta_trend",6083,76,0,1.24808029583152
"83","beta_trend",6083,77,0,1.24775048998431
"84","beta_trend",6083,78,0,1.24742906431429
"85","beta_trend",6083,79,0,1.24711619808406
"86","beta_trend",6083,80,0,1.2468120531149
"87","beta_trend",6083,81,0,1.24651677365549
"88","beta_trend",6083,82,0,1.24623048626726
"89","beta_trend",6083,83,0,1.2459532997267
"90","beta_trend",6083,84,0,1.24568530494476
"91","beta_trend",6083,85,0,1.24542657490341
"92","beta_trend",6083,86,0,1.24517716460956
"93","beta_trend",6083,87,0,1.24493711106649
"94","beta_trend",6083,88,0,1.24470643326273
"95","beta_trend",6083,89,0,1.24448513217868
"96","beta_trend",6083,90,0,1.24427319081088
"97","beta_trend",6083,91,0,1.24407057421402
"98","beta_trend",6083,92,0,1.24387722956078
"99","beta_trend",6083,93,0,1.24369308621936
"100","beta_trend",6083,94,0,1.24351805584894
"101","beta_trend",6083,95,0,1.24335203251273
"102","beta_trend",6083,96,0,1.24319489280888
"103","beta_trend",6083,97,0,1.24304649601902
"104","beta_trend",6083,98,0,1.2429066842743
"105","beta_trend",6083,99,0,1.24277528273908
"106","beta_trend",6083,100,0,1.24265209981185
"107","beta_trend",6083,101,0,1.24253692734352
"108","beta_trend",6083,102,0,1.24242954087279
"109","beta_trend",6083,103,0,1.2423296998784
"110","beta_trend",6083,104,0,1.24223714804827
"111","beta_trend",6083,105,0,1.24215161356509
"112","beta_trend",6083,106,0,1.24207280940833
"113","beta_trend",6083,107,0,1.24200043367238
"114","beta_trend",6083,108,0,1.24193416990049
"115","beta_trend",6083,109,0,1.24187368743439
"116","beta_trend",6083,110,0,1.24181864177921
"117","beta_trend",6083,111,0,1.24176867498338
"118","beta_trend",6083,112,0,1.24172341603331
"119","beta_trend",6083,113,0,1.24168248126239
"120","beta_trend",6083,114,0,1.24164547477403
"121","beta_trend",6083,115,0,1.24161198887841
"122","beta_trend",6083,116,0,1.24158160454244
"123","beta_trend",6083,117,0,1.24155389185269
"124","beta_trend",6083,118,0,1.24152841049078
"125","beta_trend",6083,119,0,1.24150471022085
"126","beta_trend",6083,120,0,1.24148233138862
"127","beta_trend",6083,121,0,1.24146080543174
"128","beta_trend",6083,122,0,1.24143965540076
"129","beta_trend",6083,123,0,1.24141839649039
"130","beta_trend",6083,124,0,1.24139653658058
"131","beta_trend",6083,125,0,1.24137357678679
"132","beta_trend",6083,126,0,1.24134901201907
"133","beta_trend",6083,127,0,1.24132233154937
"134","beta_trend",6083,128,0,1.2412930195866
"135","beta_trend",6083,129,0,1.24126055585875
"136","beta_trend",6083,130,0,1.24122441620181
"137","beta_trend",6083,131,0,1.24118407315462
"138","beta_trend",6083,132,0,1.24113899655926
"139","beta_trend",6083,133,0,1.24108865416637
"140","beta_trend",6083,134,0,1.24103251224488
"141","beta_trend",6083,135,0,1.24097003619537
"142","beta_trend",6083,136,0,1.24090069116672
"143","beta_trend",6083,137,0,1.24082394267526
"144","beta_trend",6083,138,0,1.2407392572259
"145","beta_trend",6083,139,0,1.24064610293464
"146","beta_trend",6083,140,0,1.24054395015176
"147","beta_trend",6083,141,0,1.24043227208524
"148","beta_trend",6083,142,0,1.24031054542357
"149","beta_trend",6083,143,0,1.24017825095755
"150","beta_trend",6083,144,0,1.2400348742003
"151","beta_trend",6083,145,0,1.23987990600498
"152","beta_trend",6083,146,0,1.23971284317945
"153","beta_trend",6083,147,0,1.23953318909738
"154","beta_trend",6083,148,0,1.23934045430521
"155","beta_trend",6083,149,0,1.23913415712414
"156","beta_trend",6083,150,0,1.2389138242468
"157","beta_trend",6083,151,0,1.2386789913278
"158","beta_trend",6083,152,0,1.23842920356758
"159","beta_trend",6083,153,0,1.23816401628907
"160","beta_trend",6083,154,0,1.2378829955064
"161","beta_trend",6083,155,0,1.23758571848517
"162","beta_trend",6083,156,0,1.2372717742937
"163","beta_trend",6083,157,0,1.23694076434458
"164","beta_trend",6083,158,0,1.23659230292603
"165","beta_trend",6083,159,0,1.23622601772253
"166","beta_trend",6083,160,0,1.23584155032405
"167","beta_trend",6083,161,0,1.23543855672345
"168","beta_trend",6083,162,0,1.23501670780144
"169","beta_trend",6083,163,0,1.23457568979859
"170","beta_trend",6083,164,0,1.23411520477393
"171","beta_trend",6083,165,0,1.23363497104945
"172","beta_trend",6083,166,0,1.23313472364035
"173","beta_trend",6083,167,0,1.23261421467011
"174","beta_trend",6083,168,0,1.23207321377039
"175","beta_trend",6083,169,0,1.23151150846486
"176","beta_trend",6083,170,0,1.23092890453687
"177","beta_trend",6083,171,0,1.23032522638034
"178","beta_trend",6083,172,0,1.22972208150034
"179","beta_trend",6083,173,0,1.22907680655189
"180","beta_trend",6083,174,0,1.22841008899974
"181","beta_trend",6083,175,0,1.22772183260343
"182","beta_trend",6083,176,0,1.22701196128839
"183","beta_trend",6083,177,0,1.22628041939063
"184","beta_trend",6083,178,0,1.22552717188221
"185","beta_trend",6083,179,0,1.22475220457725
"186","beta_trend",6083,180,0,1.22395552431818
"187","beta_trend",6083,181,0,1.22313715914197
"188","beta_trend",6083,182,0,1.22229715842619
"189","beta_trend",6083,183,0,1.22143559301445
"190","beta_trend",6083,184,0,1.22055255532141
"191","beta_trend",6083,185,0,1.21964815941676
"192","beta_trend",6083,186,0,1.2187225410883
"193","beta_trend",6083,187,0,1.21777585788398
"194","beta_trend",6083,188,0,1.2168082891325
"195","beta_trend",6083,189,0,1.21582003594279
"196","beta_trend",6083,190,0,1.21481132118197
"197","beta_trend",6083,191,0,1.21378238943186
"198","beta_trend",6083,192,0,1.21273350692404
"199","beta_trend",6083,193,0,1.21166496145337
"200","beta_trend",6083,194,0,1.21057706227008
"201","beta_trend",6083,195,0,1.20947013995029
"202","beta_trend",6083,196,0,1.20834454624526
"203","beta_trend",6083,197,0,1.20720065390923
"204","beta_trend",6083,198,0,1.206038856506
"205","beta_trend",6083,199,0,1.20485956819449
"206","beta_trend",6083,200,0,1.20366322349323
"207","beta_trend",6083,201,0,1.20245027702405
"208","beta_trend",6083,202,0,1.20122120323513
"209","beta_trend",6083,203,0,1.19997649610365
"210","beta_trend",6083,204,0,1.19871666881816
"211","beta_trend",6083,205,0,1.19744225344097
"212","beta_trend",6083,206,0,1.19615380055088
"213","beta_trend",6083,207,0,1.19485187886642
"214","beta_trend",6083,208,0,1.19353707485
"215","beta_trend",6083,209,0,1.19220999229318
"216","beta_trend",6083,210,0,1.19087125188357
"217","beta_trend",6083,211,0,1.18952149075354
"218","beta_trend",6083,212,0,1.1881613620112
"219","beta_trend",6083,213,0,1.18679153425409
"220","beta_trend",6083,214,0,1.18541269106593
"221","beta_trend",6083,215,0,1.18402553049684
"222","beta_trend",6083,216,0,1.18263076452759
"223","beta_trend",6083,217,0,1.18122911851825
"224","beta_trend",6083,218,0,1.17982133064169
"225","beta_trend",6083,219,0,1.17840815130261
"226","beta_trend",6083,220,0,1.17699034254238
"227","beta_trend",6083,221,0,1.17556867743038
"228","beta_trend",6083,222,0,1.17414393944236
"229","beta_trend",6083,223,0,1.17271692182631
"230","beta_trend",6083,224,0,1.17128842695645
"231","beta_trend",6083,225,0,1.16985926567599
"232","beta_trend",6083,226,0,1.16843025662912
"233","beta_trend",6083,227,0,1.16700222558292
"234","beta_trend",6083,228,0,1.1655760047399
"235","beta_trend",6083,229,0,1.16415243204154
"236","beta_trend",6083,230,0,1.16273235046374
"237","beta_trend",6083,231,0,1.16131660730471
"238","beta_trend",6083,232,0,1.1599060534659
"239","beta_trend",6083,233,0,1.15850154272679
"240","beta_trend",6083,234,0,1.15710393101402
"241","beta_trend",6083,235,0,1.15571407566575
"242","beta_trend",6083,236,0,1.15433283469173
"243","beta_trend",6083,237,0,1.15296106602992
"244","beta_trend",6083,238,0,1.15159962680033
"245","beta_trend",6083,239,0,1.15024937255665
"246","beta_trend",6083,240,0,1.14891115653661
"247","beta_trend",6083,241,0,1.14758582891152
"248","beta_trend",6083,242,0,1.14627423603589
"249","beta_trend",6083,243,0,1.14497721969772
"250","beta_trend",6083,244,0,1.14369561637028
"251","beta_trend",6083,245,0,1.14243025646592
"252","beta_trend",6083,246,0,1.14118196359285
"253","beta_trend",6083,247,0,1.13995155381531
"254","beta_trend",6083,248,0,1.13873983491813
"255","beta_trend",6083,249,0,1.13754760567619
"256","beta_trend",6083,250,0,1.13637565512947
"257","beta_trend",6083,251,0,1.13522476186451
"258","beta_trend",6083,252,0,1.13409569330288
"259","beta_trend",6083,253,0,1.13298920499733
"260","beta_trend",6083,254,0,1.13190603993636
"261","beta_trend",6083,255,0,1.13084692785779
"262","beta_trend",6083,256,0,1.12981258457206
"263","beta_trend",6083,257,0,1.12880371129593
"264","beta_trend",6083,258,0,1.12782099399709
"265","beta_trend",6083,259,0,1.12686510275047
"266","beta_trend",6083,260,0,1.12593669110681
"267","beta_trend",6083,261,0,1.12503639547402
"268","beta_trend",6083,262,0,1.12416483451207
"269","beta_trend",6083,263,0,1.12332260854193
"270","beta_trend",6083,264,0,1.12251029896905
"271","beta_trend",6083,265,0,1.12172846772211
"272","beta_trend",6083,266,0,1.12097765670743
"273","beta_trend",6083,267,0,1.12025838727969
"274","beta_trend",6083,268,0,1.11957936519222
"275","beta_trend",6083,269,0,1.11892503666636
"276","beta_trend",6083,270,0,1.11830370190038
"277","beta_trend",6083,271,0,1.1177157957597
"278","beta_trend",6083,272,0,1.1171617301977
"279","beta_trend",6083,273,0,1.11664189383505
"280","beta_trend",6083,274,0,1.11615665155853
"281","beta_trend",6083,275,0,1.11570634413983
"282","beta_trend",6083,276,0,1.11529128787466
"283","beta_trend",6083,277,0,1.11491177424247
"284","beta_trend",6083,278,0,1.11456806958727
"285","beta_trend",6083,279,0,1.11426041481972
"286","beta_trend",6083,280,0,1.11398902514083
"287","beta_trend",6083,281,0,1.11375408978763
"288","beta_trend",6083,282,0,1.11355577180091
"289","beta_trend",6083,283,0,1.11339420781545
"290","beta_trend",6083,284,0,1.11326950787278
"291","beta_trend",6083,285,0,1.11318175525675
"292","beta_trend",6083,286,0,1.11313100635215
"293","beta_trend",6083,287,0,1.11311729052633
"294","beta_trend",6083,288,0,1.11314061003416
"295","beta_trend",6083,289,0,1.11320093994628
"296","beta_trend",6083,290,0,1.11329822810085
"297","beta_trend",6083,291,0,1.11343239507872
"298","beta_trend",6083,292,0,1.11360333420218
"299","beta_trend",6083,293,0,1.11381091155723
"300","beta_trend",6083,294,0,1.11405496603942
"301","beta_trend",6083,295,0,1.11433530942312
"302","beta_trend",6083,296,0,1.11465172645438
"303","beta_trend",6083,297,0,1.11500397496704
"304","beta_trend",6083,298,0,1.11539178602218
"305","beta_trend",6083,299,0,1.11581486407075
"306","beta_trend",6083,300,0,1.11627288713918
"307","beta_trend",6083,301,0,1.11676550703792
"308","beta_trend",6083,302,0,1.11729234959256
"309","beta_trend",6083,303,0,1.11785301489751
"310","beta_trend",6083,304,0,1.11844707759188
"311","beta_trend",6083,305,0,1.11907408715733
"312","beta_trend",6083,306,0,1.11973356823773
"313","beta_trend",6083,307,0,1.12042502098015
"314","beta_trend",6083,308,0,1.12114792139704
"315","beta_trend",6083,309,0,1.12190172174922
"316","beta_trend",6083,310,0,1.12268585094924
"317","beta_trend",6083,311,0,1.1234997149849
"318","beta_trend",6083,312,0,1.12434269736239
"319","beta_trend",6083,313,0,1.12521415956881
"320","beta_trend",6083,314,0,1.12611344155343
"321","beta_trend",6083,315,0,1.12703986222745
"322","beta_trend",6083,316,0,1.12799271998174
"323","beta_trend",6083,317,0,1.12897129322196
"324","beta_trend",6083,318,0,1.12997484092081
"325","beta_trend",6083,319,0,1.13100260318668
"326","beta_trend",6083,320,0,1.13205380184829
"327","beta_trend",6083,321,0,1.1331276410548
"328","beta_trend",6083,322,0,1.13422330789071
"329","beta_trend",6083,323,0,1.13533997300521
"330","beta_trend",6083,324,0,1.13647679125512
"331","beta_trend",6083,325,0,1.13763290236116
"332","beta_trend",6083,326,0,1.1388074315766
"333","beta_trend",6083,327,0,1.13999949036795
"334","beta_trend",6083,328,0,1.14120817710699
"335","beta_trend",6083,329,0,1.14243257777339
"336","beta_trend",6083,330,0,1.14367176666748
"337","beta_trend",6083,331,0,1.14492480713236
"338","beta_trend",6083,332,0,1.14619075228479
"339","beta_trend",6083,333,0,1.14746864575409
"340","beta_trend",6083,334,0,1.14875752242854
"341","beta_trend",6083,335,0,1.15005640920843
"342","beta_trend",6083,336,0,1.15136432576522
"343","beta_trend",6083,337,0,1.15268028530598
"344","beta_trend",6083,338,0,1.1540032953426
"345","beta_trend",6083,339,0,1.15533235846493
"346","beta_trend",6083,340,0,1.15666647311715
"347","beta_trend",6083,341,0,1.15800463437682
"348","beta_trend",6083,342,0,1.15934583473575
"349","beta_trend",6083,343,0,1.16068906488209
"350","beta_trend",6083,344,0,1.16203331448286
"351","beta_trend",6083,345,0,1.16337757296635
"352","beta_trend",6083,346,0,1.16472083030352
"353","beta_trend",6083,347,0,1.16606207778785
"354","beta_trend",6083,348,0,1.16740030881293
"355","beta_trend",6083,349,0,1.16873451964697
"356","beta_trend",6083,350,0,1.17006371020378
"357","beta_trend",6083,351,0,1.1713868848093
"358","beta_trend",6083,352,0,1.17270305296316
"359","beta_trend",6083,353,0,1.17401123009458
"360","beta_trend",6083,354,0,1.17531043831194
"361","beta_trend",6083,355,0,1.17659970714527
"362","beta_trend",6083,356,0,1.17787807428129
"363","beta_trend",6083,357,0,1.17914458628996
"364","beta_trend",6083,358,0,1.18039829934236
"365","beta_trend",6083,359,0,1.18163827991891
"366","beta_trend",6083,360,0,1.18286360550753
"367","beta_trend",6083,361,0,1.18407336529117
"368","beta_trend",6083,362,0,1.18526666082391
"369","beta_trend",6083,363,0,1.18644260669535
"370","beta_trend",6083,364,0,1.18760033118253
"371","beta_trend",6083,365,0,1.18873166767381
"372","beta_trend",6083,366,0,1.18985005547461
"373","beta_trend",6083,367,0,1.19094768054589
"374","beta_trend",6083,368,0,1.19202373157444
"375","beta_trend",6083,369,0,1.19307741396746
"376","beta_trend",6083,370,0,1.19410795041835
"377","beta_trend",6083,371,0,1.19511458145664
"378","beta_trend",6083,372,0,1.19609656598147
"379","beta_trend",6083,373,0,1.19705318177844
"380","beta_trend",6083,374,0,1.19798372601904
"381","beta_trend",6083,375,0,1.19888751574272
"382","beta_trend",6083,376,0,1.19976388832087
"383","beta_trend",6083,377,0,1.20061220190253
"384","beta_trend",6083,378,0,1.20143183584153
"385","beta_trend",6083,379,0,1.20222219110456
"386","beta_trend",6083,380,0,1.20298269066011
"387","beta_trend",6083,381,0,1.20371277984781
"388","beta_trend",6083,382,0,1.20441192672802
"389","beta_trend",6083,383,0,1.20507962241143
"390","beta_trend",6083,384,0,1.20571538136834
"391","beta_trend",6083,385,0,1.20631874171756
"392","beta_trend",6083,386,0,1.20688926549471
"393","beta_trend",6083,387,0,1.20742653889966
"394","beta_trend",6083,388,0,1.20793017252316
"395","beta_trend",6083,389,0,1.20839980155232
"396","beta_trend",6083,390,0,1.20883508595503
"397","beta_trend",6083,391,0,1.20923571064314
"398","beta_trend",6083,392,0,1.20960138561434
"399","beta_trend",6083,393,0,1.20993184607275
"400","beta_trend",6083,394,0,1.21022685252813
"401","beta_trend",6083,395,0,1.21048619087382
"402","beta_trend",6083,396,0,1.21070967244327
"403","beta_trend",6083,397,0,1.21089713404534
"404","beta_trend",6083,398,0,1.2110484379784
"405","beta_trend",6083,399,0,1.2111634720232
"406","beta_trend",6083,400,0,1.2112421494148
"407","beta_trend",6083,401,0,1.21128440879346
"408","beta_trend",6083,402,0,1.21129021413481
"409","beta_trend",6083,403,0,1.21125955465936
"410","beta_trend",6083,404,0,1.2111924447215
"411","beta_trend",6083,405,0,1.21108892367823
"412","beta_trend",6083,406,0,1.21094905573787
"413","beta_trend",6083,407,0,1.21077292978884
"414","beta_trend",6083,408,0,1.21051462954863
"415","beta_trend",6083,409,0,1.21026838768483
"416","beta_trend",6083,410,0,1.20998621518008
"417","beta_trend",6083,411,0,1.20966830090573
"418","beta_trend",6083,412,0,1.20931485714599
"419","beta_trend",6083,413,0,1.20892611931747
"420","beta_trend",6083,414,0,1.2085023456706
"421","beta_trend",6083,415,0,1.2080438169736
"422","beta_trend",6083,416,0,1.20755083617923
"423","beta_trend",6083,417,0,1.20702372807467
"424","beta_trend",6083,418,0,1.20646283891505
"425","beta_trend",6083,419,0,1.20586853604087
"426","beta_trend",6083,420,0,1.20524120748
"427","beta_trend",6083,421,0,1.20458126153429
"428","beta_trend",6083,422,0,1.20388912635172
"429","beta_trend",6083,423,0,1.20316524948407
"430","beta_trend",6083,424,0,1.20241009743099
"431","beta_trend",6083,425,0,1.20162415517062
"432","beta_trend",6083,426,0,1.20080792567747
"433","beta_trend",6083,427,0,1.19996192942793
"434","beta_trend",6083,428,0,1.19908670389398
"435","beta_trend",6083,429,0,1.19818280302553
"436","beta_trend",6083,430,0,1.19725079672206
"437","beta_trend",6083,431,0,1.19629127029387
"438","beta_trend",6083,432,0,1.19530482391367
"439","beta_trend",6083,433,0,1.19429207205894
"440","beta_trend",6083,434,0,1.1932536429456
"441","beta_trend",6083,435,0,1.19219017795364
"442","beta_trend",6083,436,0,1.19110233104505
"443","beta_trend",6083,437,0,1.18999076817488
"444","beta_trend",6083,438,0,1.18885616669572
"445","beta_trend",6083,439,0,1.18769921475638
"446","beta_trend",6083,440,0,1.18652061069513
"447","beta_trend",6083,441,0,1.18532106242827
"448","beta_trend",6083,442,0,1.18410128683436
"449","beta_trend",6083,443,0,1.18286200913492
"450","beta_trend",6083,444,0,1.18160396227193
"451","beta_trend",6083,445,0,1.18032788628289
"452","beta_trend",6083,446,0,1.17903452767379
"453","beta_trend",6083,447,0,1.17772463879081
"454","beta_trend",6083,448,0,1.17639897719103
"455","beta_trend",6083,449,0,1.17505830501286
"456","beta_trend",6083,450,0,1.1737033883468
"457","beta_trend",6083,451,0,1.17233499660681
"458","beta_trend",6083,452,0,1.17095390190314
"459","beta_trend",6083,453,0,1.16956087841696
"460","beta_trend",6083,454,0,1.16815670177737
"461","beta_trend",6083,455,0,1.16674214844129
"462","beta_trend",6083,456,0,1.16531799507684
"463","beta_trend",6083,457,0,1.16388501795055
"464","beta_trend",6083,458,0,1.16244399231908
"465","beta_trend",6083,459,0,1.16099569182582
"466","beta_trend",6083,460,0,1.15954088790294
"467","beta_trend",6083,461,0,1.15809777540333
"468","beta_trend",6083,462,0,1.15663307086964
"469","beta_trend",6083,463,0,1.15516419300641
"470","beta_trend",6083,464,0,1.15369189996406
"471","beta_trend",6083,465,0,1.15221694484215
"472","beta_trend",6083,466,0,1.15074007513528
"473","beta_trend",6083,467,0,1.14926203218764
"474","beta_trend",6083,468,0,1.14778355065649
"475","beta_trend",6083,469,0,1.14630535798504
"476","beta_trend",6083,470,0,1.14482817388517
"477","beta_trend",6083,471,0,1.14335270983028
"478","beta_trend",6083,472,0,1.1418796685586
"479","beta_trend",6083,473,0,1.14040974358747
"480","beta_trend",6083,474,0,1.13894361873871
"481","beta_trend",6083,475,0,1.13748196767559
"482","beta_trend",6083,476,0,1.13602545345161
"483","beta_trend",6083,477,0,1.13457472807137
"484","beta_trend",6083,478,0,1.13313043206393
"485","beta_trend",6083,479,0,1.13169319406874
"486","beta_trend",6083,480,0,1.13026363043465
"487","beta_trend",6083,481,0,1.12884234483193
"488","beta_trend",6083,482,0,1.12742992787787
"489","beta_trend",6083,483,0,1.12602695677584
"490","beta_trend",6083,484,0,1.12463399496829
"491","beta_trend",6083,485,0,1.12325159180371
"492","beta_trend",6083,486,0,1.12188028221775
"493","beta_trend",6083,487,0,1.12052058642869
"494","beta_trend",6083,488,0,1.11917300964744
"495","beta_trend",6083,489,0,1.11783804180206
"496","beta_trend",6083,490,0,1.11651615727705
"497","beta_trend",6083,491,0,1.11520781466748
"498","beta_trend",6083,492,0,1.113913456548
"499","beta_trend",6083,493,0,1.11263350925683
"500","beta_trend",6083,494,0,1.11136838269484
"501","beta_trend",6083,495,0,1.11011847013962
"502","beta_trend",6083,496,0,1.10888414807478
"503","beta_trend",6083,497,0,1.10766577603432
"504","beta_trend",6083,498,0,1.10646369646212
"505","beta_trend",6083,499,0,1.10527823458658
"506","beta_trend",6083,500,0,1.10410969831041
"507","beta_trend",6083,501,0,1.10295837811538
"508","beta_trend",6083,502,0,1.10182454698219
"509","beta_trend",6083,503,0,1.10070846032521
"510","beta_trend",6083,504,0,1.09961035594216
"511","beta_trend",6083,505,0,1.09854637473939
"512","beta_trend",6083,506,0,1.09748417275986
"513","beta_trend",6083,507,0,1.09644059006561
"514","beta_trend",6083,508,0,1.09541579261101
"515","beta_trend",6083,509,0,1.09440992874438
"516","beta_trend",6083,510,0,1.09342312924319
"517","beta_trend",6083,511,0,1.09245550736342
"518","beta_trend",6083,512,0,1.09150715890269
"519","beta_trend",6083,513,0,1.09057816227718
"520","beta_trend",6083,514,0,1.08966857861205
"521","beta_trend",6083,515,0,1.08877845184514
"522","beta_trend",6083,516,0,1.08790780884379
"523","beta_trend",6083,517,0,1.0870566595346
"524","beta_trend",6083,518,0,1.08622499704575
"525","beta_trend",6083,519,0,1.08541279786183
"526","beta_trend",6083,520,0,1.08462002199081
"527","beta_trend",6083,521,0,1.08384661314291
"528","beta_trend",6083,522,0,1.0830924989212
"529","beta_trend",6083,523,0,1.08235759102352
"530","beta_trend",6083,524,0,1.08164178545557
"531","beta_trend",6083,525,0,1.08094496275481
"532","beta_trend",6083,526,0,1.08026698822494
"533","beta_trend",6083,527,0,1.07960771218059
"534","beta_trend",6083,528,0,1.07896697020201
"535","beta_trend",6083,529,0,1.07834458339938
"536","beta_trend",6083,530,0,1.07774035868647
"537","beta_trend",6083,531,0,1.07715408906331
"538","beta_trend",6083,532,0,1.07658555390759
"539","beta_trend",6083,533,0,1.0760345192744
"540","beta_trend",6083,534,0,1.07550073820407
"541","beta_trend",6083,535,0,1.07498395103773
"542","beta_trend",6083,536,0,1.07448388574017
"543","beta_trend",6083,537,0,1.0740002582299
"544","beta_trend",6083,538,0,1.07353277271579
"545","beta_trend",6083,539,0,1.07308112204021
"546","beta_trend",6083,540,0,1.07264498802806
"547","beta_trend",6083,541,0,1.07222404184163
"548","beta_trend",6083,542,0,1.07181794434073
"549","beta_trend",6083,543,0,1.07142634644783
"550","beta_trend",6083,544,0,1.07104888951788
"551","beta_trend",6083,545,0,1.07068520571244
"552","beta_trend",6083,546,0,1.07033491837775
"553","beta_trend",6083,547,0,1.06999764242644
"554","beta_trend",6083,548,0,1.06967298472259
"555","beta_trend",6083,549,0,1.06936054446959
"556","beta_trend",6083,550,0,1.06905991360077
"557","beta_trend",6083,551,0,1.06877067717213
"558","beta_trend",6083,552,0,1.06849241375714
"559","beta_trend",6083,553,0,1.06822469584304
"560","beta_trend",6083,554,0,1.06796709022846
"561","beta_trend",6083,555,0,1.06771915842193
"562","beta_trend",6083,556,0,1.06748045704106
"563","beta_trend",6083,557,0,1.06725053821195
"564","beta_trend",6083,558,0,1.06703462894033
"565","beta_trend",6083,559,0,1.0668211772422
"566","beta_trend",6083,560,0,1.06661515288143
"567","beta_trend",6083,561,0,1.06641609446768
"568","beta_trend",6083,562,0,1.06622353812682
"569","beta_trend",6083,563,0,1.06603701789618
"570","beta_trend",6083,564,0,1.0658560661179
"571","beta_trend",6083,565,0,1.0656802138303
"572","beta_trend",6083,566,0,1.06550899115672
"573","beta_trend",6083,567,0,1.06534192769181
"574","beta_trend",6083,568,0,1.06517855288479
"575","beta_trend",6083,569,0,1.06501839641961
"576","beta_trend",6083,570,0,1.06486098859156
"577","beta_trend",6083,571,0,1.06470586068023
"578","beta_trend",6083,572,0,1.06455254531854
"579","beta_trend",6083,573,0,1.0644005768575
"580","beta_trend",6083,574,0,1.06424949172662
"581","beta_trend",6083,575,0,1.06409882878968
"582","beta_trend",6083,576,0,1.06394812969556
"583","beta_trend",6083,577,0,1.06379693922407
"584","beta_trend",6083,578,0,1.06364480562644
"585","beta_trend",6083,579,0,1.06349128096038
"586","beta_trend",6083,580,0,1.06333592141944
"587","beta_trend",6083,581,0,1.06317828765649
"588","beta_trend",6083,582,0,1.06301794510121
"589","beta_trend",6083,583,0,1.06285446427133
"590","beta_trend",6083,584,0,1.06268742107755
"591","beta_trend",6083,585,0,1.0625163971219
"592","beta_trend",6083,586,0,1.06234097998939
"593","beta_trend",6083,587,0,1.06216076353294
"594","beta_trend",6083,588,0,1.0619753481513
"595","beta_trend",6083,589,0,1.06178434105985
"596","beta_trend",6083,590,0,1.06158735655426
"597","beta_trend",6083,591,0,1.06138401626687
"598","beta_trend",6083,592,0,1.06117394941552
"599","beta_trend",6083,593,0,1.06095679304499
"600","beta_trend",6083,594,0,1.06073219226078
"601","beta_trend",6083,595,0,1.06049980045518
"602","beta_trend",6083,596,0,1.06025927952555
"603","beta_trend",6083,597,0,1.06001030008484
"604","beta_trend",6083,598,0,1.05975254166407
"605","beta_trend",6083,599,0,1.05948569290697
"606","beta_trend",6083,600,0,1.05920945175648
"607","beta_trend",6083,601,0,1.05886633365032
"608","beta_trend",6083,602,0,1.05857296868564
"609","beta_trend",6083,603,0,1.0582692566444
"610","beta_trend",6083,604,0,1.05795493854639
"611","beta_trend",6083,605,0,1.05762976536948
"612","beta_trend",6083,606,0,1.05729349819235
"613","beta_trend",6083,607,0,1.05694590832888
"614","beta_trend",6083,608,0,1.05658677745422
"615","beta_trend",6083,609,0,1.05621589772244
"616","beta_trend",6083,610,0,1.05583307187595
"617","beta_trend",6083,611,0,1.05543811334654
"618","beta_trend",6083,612,0,1.0550308463482
"619","beta_trend",6083,613,0,1.05461110596167
"620","beta_trend",6083,614,0,1.05417873821073
"621","beta_trend",6083,615,0,1.0537336001304
"622","beta_trend",6083,616,0,1.0532755598269
"623","beta_trend",6083,617,0,1.05280449652966
"624","beta_trend",6083,618,0,1.05232030063516
"625","beta_trend",6083,619,0,1.05182287374291
"626","beta_trend",6083,620,0,1.05131212868346
"627","beta_trend",6083,621,0,1.05078798953863
"628","beta_trend",6083,622,0,1.05025039165389
"629","beta_trend",6083,623,0,1.04969928164313
"630","beta_trend",6083,624,0,1.04913461738576
"631","beta_trend",6083,625,0,1.04855636801631
"632","beta_trend",6083,626,0,1.04796451390658
"633","beta_trend",6083,627,0,1.04735904664044
"634","beta_trend",6083,628,0,1.04673996898135
"635","beta_trend",6083,629,0,1.04610729483272
"636","beta_trend",6083,630,0,1.04546104919128
"637","beta_trend",6083,631,0,1.04480126809335
"638","beta_trend",6083,632,0,1.04412799855437
"639","beta_trend",6083,633,0,1.04344129850165
"640","beta_trend",6083,634,0,1.04274123670045
"641","beta_trend",6083,635,0,1.04202789267359
"642","beta_trend",6083,636,0,1.04130135661461
"643","beta_trend",6083,637,0,1.04056172929462
"644","beta_trend",6083,638,0,1.03980912196309
"645","beta_trend",6083,639,0,1.03904365624241
"646","beta_trend",6083,640,0,1.03826546401668
"647","beta_trend",6083,641,0,1.03747468731465
"648","beta_trend",6083,642,0,1.03667147818692
"649","beta_trend",6083,643,0,1.03585599857767
"650","beta_trend",6083,644,0,1.03502842019095
"651","beta_trend",6083,645,0,1.03418892435166
"652","beta_trend",6083,646,0,1.03333770186139
"653","beta_trend",6083,647,0,1.03247495284924
"654","beta_trend",6083,648,0,1.03160088661772
"655","beta_trend",6083,649,0,1.03071572148395
"656","beta_trend",6083,650,0,1.02981968461616
"657","beta_trend",6083,651,0,1.02891301186577
"658","beta_trend",6083,652,0,1.0279959475951
"659","beta_trend",6083,653,0,1.02706874450086
"660","beta_trend",6083,654,0,1.02612380420857
"661","beta_trend",6083,655,0,1.02517675145298
"662","beta_trend",6083,656,0,1.024220350374
"663","beta_trend",6083,657,0,1.02325488452141
"664","beta_trend",6083,658,0,1.02228064481466
"665","beta_trend",6083,659,0,1.02129792934314
"666","beta_trend",6083,660,0,1.02030704316325
"667","beta_trend",6083,661,0,1.01930829809232
"668","beta_trend",6083,662,0,1.01830201249948
"669","beta_trend",6083,663,0,1.01728851109378
"670","beta_trend",6083,664,0,1.01626812470946
"671","beta_trend",6083,665,0,1.01524119008873
"672","beta_trend",6083,666,0,1.01420804966206
"673","beta_trend",6083,667,0,1.01316905132617
"674","beta_trend",6083,668,0,1.01212454821978
"675","beta_trend",6083,669,0,1.01107489849744
"676","beta_trend",6083,670,0,1.01002046510132
"677","beta_trend",6083,671,0,1.00896161553129
"678","beta_trend",6083,672,0,1.00789872161331
"679","beta_trend",6083,673,0,1.00683215926637
"680","beta_trend",6083,674,0,1.00576230826799
"681","beta_trend",6083,675,0,1.00468955201848
"682","beta_trend",6083,676,0,1.00361427730406
"683","beta_trend",6083,677,0,1.00253687405904
"684","beta_trend",6083,678,0,1.00145773512706
"685","beta_trend",6083,679,0,1.00037725602164
"686","beta_trend",6083,680,0,0.9992958346861
"687","beta_trend",6083,681,0,0.998213871252962
"688","beta_trend",6083,682,0,0.997131767803029
"689","beta_trend",6083,683,0,0.996049928124192
"690","beta_trend",6083,684,0,0.994968757470122
"691","beta_trend",6083,685,0,0.993888662318963
"692","beta_trend",6083,686,0,0.992810050132142
"693","beta_trend",6083,687,0,0.991733329113414
"694","beta_trend",6083,688,0,0.990658907968271
"695","beta_trend",6083,689,0,0.989587195663815
"696","beta_trend",6083,690,0,0.988518601189221
"697","beta_trend",6083,691,0,0.987453533316905
"698","beta_trend",6083,692,0,0.986392400364508
"699","beta_trend",6083,693,0,0.985335609957806
"700","beta_trend",6083,694,0,0.98428356879466
"701","beta_trend",6083,695,0,0.983236682410118
"702","beta_trend",6083,696,0,0.982195354942772
"703","beta_trend",6083,697,0,0.981159988902484
"704","beta_trend",6083,698,0,0.980168311160877
"705","beta_trend",6083,699,0,0.979144415368825
"706","beta_trend",6083,700,0,0.978127745842297
"707","beta_trend",6083,701,0,0.977118693548386
"708","beta_trend",6083,702,0,0.976117646788185
"709","beta_trend",6083,703,0,0.975124990971592
"710","beta_trend",6083,704,0,0.974141108394315
"711","beta_trend",6083,705,0,0.97316637801714
"712","beta_trend",6083,706,0,0.972201175247578
"713","beta_trend",6083,707,0,0.971245871723977
"714","beta_trend",6083,708,0,0.97030083510219
"715","beta_trend",6083,709,0,0.969366428844893
"716","beta_trend",6083,710,0,0.96844301201364
"717","beta_trend",6083,711,0,0.967530939063741
"718","beta_trend",6083,712,0,0.966630559642062
"719","beta_trend",6083,713,0,0.965742218387816
"720","beta_trend",6083,714,0,0.964866254736439
"721","beta_trend",6083,715,0,0.964003002726635
"722","beta_trend",6083,716,0,0.963152790810663
"723","beta_trend",6083,717,0,0.962315941667959
"724","beta_trend",6083,718,0,0.961492772022159
"725","beta_trend",6083,719,0,0.960683592461607
"726","beta_trend",6083,720,0,0.959888707263425
"727","beta_trend",6083,721,0,0.959108414221214
"728","beta_trend",6083,722,0,0.958343004476463
"729","beta_trend",6083,723,0,0.957592762353739
"730","beta_trend",6083,724,0,0.95685796519972
"731","beta_trend",6083,725,0,0.956138883226149
"732","beta_trend",6083,726,0,0.955435779356766
"733","beta_trend",6083,727,0,0.954748909078296
"734","beta_trend",6083,728,0,0.954078520295539
"735","beta_trend",6083,729,0,0.953424853190638
"736","beta_trend",6083,730,0,0.952788140086583
"737","beta_trend",6083,731,0,0.952168605315
"738","beta_trend",6083,732,0,0.951566465088292
"739","beta_trend",6083,733,0,0.950981927376182
"740","beta_trend",6083,734,0,0.950415191786712
"741","beta_trend",6083,735,0,0.949866449451744
"742","beta_trend",6083,736,0,0.949335882917029
"743","beta_trend",6083,737,0,0.948823666036864
"744","beta_trend",6083,738,0,0.948329963873409
"745","beta_trend",6083,739,0,0.94785493260069
"746","beta_trend",6083,740,0,0.947398719413339
"747","beta_trend",6083,741,0,0.946961462440105
"748","beta_trend",6083,742,0,0.946543290662174
"749","beta_trend",6083,743,0,0.946144323836338
"750","beta_trend",6083,744,0,0.945764672423041
"751","beta_trend",6083,745,0,0.945404437519331
"752","beta_trend",6083,746,0,0.945063710796757
"753","beta_trend",6083,747,0,0.944742574444224
"754","beta_trend",6083,748,0,0.944441101115843
"755","beta_trend",6083,749,0,0.94415935388379
"756","beta_trend",6083,750,0,0.943897386196191
"757","beta_trend",6083,751,0,0.943668510479861
"758","beta_trend",6083,752,0,0.943446834880963
"759","beta_trend",6083,753,0,0.943245067639841
"760","beta_trend",6083,754,0,0.943063224464574
"761","beta_trend",6083,755,0,0.942901311344642
"762","beta_trend",6083,756,0,0.942759324540607
"763","beta_trend",6083,757,0,0.942637250578944
"764","beta_trend",6083,758,0,0.942535066252007
"765","beta_trend",6083,759,0,0.94245273862314
"766","beta_trend",6083,760,0,0.942390225036922
"767","beta_trend",6083,761,0,0.942347473134542
"768","beta_trend",6083,762,0,0.942324420874296
"769","beta_trend",6083,763,0,0.942320996557191
"770","beta_trend",6083,764,0,0.94233711885765
"771","beta_trend",6083,765,0,0.942372696859287
"772","beta_trend",6083,766,0,0.94242763009575
"773","beta_trend",6083,767,0,0.942501808596595
"774","beta_trend",6083,768,0,0.942595112938177
"775","beta_trend",6083,769,0,0.942707414299522
"776","beta_trend",6083,770,0,0.942838574523159
"777","beta_trend",6083,771,0,0.942988446180873
"778","beta_trend",6083,772,0,0.943156872644345
"779","beta_trend",6083,773,0,0.94334368816064
"780","beta_trend",6083,774,0,0.943548717932513
"781","beta_trend",6083,775,0,0.943771778203467
"782","beta_trend",6083,776,0,0.944012676347547
"783","beta_trend",6083,777,0,0.944271210963792
"784","beta_trend",6083,778,0,0.944547171975322
"785","beta_trend",6083,779,0,0.944840340732976
"786","beta_trend",6083,780,0,0.945150490123479
"787","beta_trend",6083,781,0,0.945477384682047
"788","beta_trend",6083,782,0,0.945820780709393
"789","beta_trend",6083,783,0,0.946180426393055
"790","beta_trend",6083,784,0,0.946556061932988
"791","beta_trend",6083,785,0,0.946947419671348
"792","beta_trend",6083,786,0,0.947354224226398
"793","beta_trend",6083,787,0,0.94777619263046
"794","beta_trend",6083,788,0,0.948213034471842
"795","beta_trend",6083,789,0,0.948664452040657
"796","beta_trend",6083,790,0,0.949130140478455
"797","beta_trend",6083,791,0,0.949609787931587
"798","beta_trend",6083,792,0,0.950103075708215
"799","beta_trend",6083,793,0,0.950609678438878
"800","beta_trend",6083,794,0,0.951069641947404
"801","beta_trend",6083,795,0,0.951604508822536
"802","beta_trend",6083,796,0,0.952151565603108
"803","beta_trend",6083,797,0,0.952710466234851
"804","beta_trend",6083,798,0,0.953280858680263
"805","beta_trend",6083,799,0,0.953862385103821
"806","beta_trend",6083,800,0,0.954454682059934
"807","beta_trend",6083,801,0,0.95505738068353
"808","beta_trend",6083,802,0,0.9556701068832
"809","beta_trend",6083,803,0,0.956292481536772
"810","beta_trend",6083,804,0,0.956924120689231
"811","beta_trend",6083,805,0,0.957564635752859
"812","beta_trend",6083,806,0,0.958213633709514
"813","beta_trend",6083,807,0,0.958870717314912
"814","beta_trend",6083,808,0,0.959535485304822
"815","beta_trend",6083,809,0,0.960207532603059
"816","beta_trend",6083,810,0,0.960886450531155
"817","beta_trend",6083,811,0,0.961571827019608
"818","beta_trend",6083,812,0,0.962263246820581
"819","beta_trend",6083,813,0,0.962960291721951
"820","beta_trend",6083,814,0,0.96366254076258
"821","beta_trend",6083,815,0,0.964369570448697
"822","beta_trend",6083,816,0,0.965080954971276
"823","beta_trend",6083,817,0,0.965796266424287
"824","beta_trend",6083,818,0,0.966515075023706
"825","beta_trend",6083,819,0,0.967236949327165
"826","beta_trend",6083,820,0,0.96796145645412
"827","beta_trend",6083,821,0,0.968688162306424
"828","beta_trend",6083,822,0,0.969416631789177
"829","beta_trend",6083,823,0,0.970146429031747
"830","beta_trend",6083,824,0,0.970877117608821
"831","beta_trend",6083,825,0,0.971608260761398
"832","beta_trend",6083,826,0,0.972339421617568
"833","beta_trend",6083,827,0,0.973070163412996
"834","beta_trend",6083,828,0,0.973800049710955
"835","beta_trend",6083,829,0,0.974528644621829
"836","beta_trend",6083,830,0,0.975255513021932
"837","beta_trend",6083,831,0,0.975980220771551
"838","beta_trend",6083,832,0,0.976702334932084
"839","beta_trend",6083,833,0,0.977421423982172
"840","beta_trend",6083,834,0,0.978137058032682
"841","beta_trend",6083,835,0,0.978848809040466
"842","beta_trend",6083,836,0,0.979556251020749
"843","beta_trend",6083,837,0,0.980258960258056
"844","beta_trend",6083,838,0,0.980956515515554
"845","beta_trend",6083,839,0,0.981648498242711
"846","beta_trend",6083,840,0,0.982334492781159
"847","beta_trend",6083,841,0,0.98301408656865
"848","beta_trend",6083,842,0,0.983686870341008
"849","beta_trend",6083,843,0,0.984352438331967
"850","beta_trend",6083,844,0,0.985010388470803
"851","beta_trend",6083,845,0,0.985660322577639
"852","beta_trend",6083,846,0,0.986301846556354
"853","beta_trend",6083,847,0,0.986925146546928
"854","beta_trend",6083,848,0,0.987548250495766
"855","beta_trend",6083,849,0,0.988161769505697
"856","beta_trend",6083,850,0,0.988765326925336
"857","beta_trend",6083,851,0,0.989358551083456
"858","beta_trend",6083,852,0,0.989941075464496
"859","beta_trend",6083,853,0,0.990512538880994
"860","beta_trend",6083,854,0,0.991072585642863
"861","beta_trend",6083,855,0,0.99162086572342
"862","beta_trend",6083,856,0,0.9921570349221
"863","beta_trend",6083,857,0,0.992680755023774
"864","beta_trend",6083,858,0,0.99319169395459
"865","beta_trend",6083,859,0,0.993689525934278
"866","beta_trend",6083,860,0,0.994173931624842
"867","beta_trend",6083,861,0,0.994644598275565
"868","beta_trend",6083,862,0,0.99510121986428
"869","beta_trend",6083,863,0,0.995543497234824
"870","beta_trend",6083,864,0,0.995971138230638
"871","beta_trend",6083,865,0,0.996383857824428
"872","beta_trend",6083,866,0,0.996781378243865
"873","beta_trend",6083,867,0,0.99716342909324
"874","beta_trend",6083,868,0,0.997529747471044
"875","beta_trend",6083,869,0,0.997880078083428
"876","beta_trend",6083,870,0,0.998214173353484
"877","beta_trend",6083,871,0,0.998531793526311
"878","beta_trend",6083,872,0,0.998832706769842
"879","beta_trend",6083,873,0,0.999116689271367
"880","beta_trend",6083,874,0,0.999383525329744
"881","beta_trend",6083,875,0,0.999633007443253
"882","beta_trend",6083,876,0,0.999864936393072
"883","beta_trend",6083,877,0,1.00007912132233
"884","beta_trend",6083,878,0,1.00027537981077
"885","beta_trend",6083,879,0,1.00045353794488
"886","beta_trend",6083,880,0,1.00061343038365
"887","beta_trend",6083,881,0,1.00075490041977
"888","beta_trend",6083,882,0,1.00087780003637
"889","beta_trend",6083,883,0,1.00098198995921
"890","beta_trend",6083,884,0,1.00106733970441
"891","beta_trend",6083,885,0,1.00113372762161
"892","beta_trend",6083,886,0,1.00118104093259
"893","beta_trend",6083,887,0,1.00120917576543
"894","beta_trend",6083,888,0,1.00121803718407
"895","beta_trend",6083,889,0,1.00120753921342
"896","beta_trend",6083,890,0,1.00117760485986
"897","beta_trend",6083,891,0,1.00114309295954
"898","beta_trend",6083,892,0,1.00107343011097
"899","beta_trend",6083,893,0,1.00098418166478
"900","beta_trend",6083,894,0,1.00087530557521
"901","beta_trend",6083,895,0,1.00074676885341
"902","beta_trend",6083,896,0,1.0005985475598
"903","beta_trend",6083,897,0,1.00043062679214
"904","beta_trend",6083,898,0,1.00024300066918
"905","beta_trend",6083,899,0,1.00003567231011
"906","beta_trend",6083,900,0,0.999808653809563
"907","beta_trend",6083,901,0,0.999561966208482
"908","beta_trend",6083,902,0,0.999295639460679
"909","beta_trend",6083,903,0,0.999009712395229
"910","beta_trend",6083,904,0,0.998704232674688
"911","beta_trend",6083,905,0,0.99837925674918
"912","beta_trend",6083,906,0,0.998034849806402
"913","beta_trend",6083,907,0,0.997671085717573
"914","beta_trend",6083,908,0,0.997288046979372
"915","beta_trend",6083,909,0,0.996885824651925
"916","beta_trend",6083,910,0,0.996464518292851
"917","beta_trend",6083,911,0,0.996024235887453
"918","beta_trend",6083,912,0,0.995565093775074
"919","beta_trend",6083,913,0,0.995087216571676
"920","beta_trend",6083,914,0,0.994590737088697
"921","beta_trend",6083,915,0,0.994075796248233
"922","beta_trend",6083,916,0,0.993542542994595
"923","beta_trend",6083,917,0,0.99299113420231
"924","beta_trend",6083,918,0,0.992421734580598
"925","beta_trend",6083,919,0,0.99183451657441
"926","beta_trend",6083,920,0,0.991229660262059
"927","beta_trend",6083,921,0,0.990607353249524
"928","beta_trend",6083,922,0,0.989967790561471
"929","beta_trend",6083,923,0,0.989311174529062
"930","beta_trend",6083,924,0,0.988637714674615
"931","beta_trend",6083,925,0,0.987947627593167
"932","beta_trend",6083,926,0,0.987241136831018
"933","beta_trend",6083,927,0,0.986518472761311
"934","beta_trend",6083,928,0,0.985779872456718
"935","beta_trend",6083,929,0,0.985025579559295
"936","beta_trend",6083,930,0,0.984255844147577
"937","beta_trend",6083,931,0,0.983470922600983
"938","beta_trend",6083,932,0,0.982671077461584
"939","beta_trend",6083,933,0,0.98185657729333
"940","beta_trend",6083,934,0,0.981027696538774
"941","beta_trend",6083,935,0,0.980184715373398
"942","beta_trend",6083,936,0,0.979327919557573
"943","beta_trend",6083,937,0,0.978457600286264
"944","beta_trend",6083,938,0,0.977574054036521
"945","beta_trend",6083,939,0,0.97667758241284
"946","beta_trend",6083,940,0,0.975768491990477
"947","beta_trend",6083,941,0,0.974847094156765
"948","beta_trend",6083,942,0,0.973913704950531
"949","beta_trend",6083,943,0,0.972968644899669
"950","beta_trend",6083,944,0,0.972016349504369
"951","beta_trend",6083,945,0,0.97104911589592
"952","beta_trend",6083,946,0,0.97007120654067
"953","beta_trend",6083,947,0,0.969082958597928
"954","beta_trend",6083,948,0,0.96808471289142
"955","beta_trend",6083,949,0,0.967076813737823
"956","beta_trend",6083,950,0,0.966059608774014
"957","beta_trend",6083,951,0,0.965033448783083
"958","beta_trend",6083,952,0,0.963998687519215
"959","beta_trend",6083,953,0,0.962955681531488
"960","beta_trend",6083,954,0,0.961904789986693
"961","beta_trend",6083,955,0,0.960846374491234
"962","beta_trend",6083,956,0,0.959780798912187
"963","beta_trend",6083,957,0,0.95870842919761
"964","beta_trend",6083,958,0,0.95762963319616
"965","beta_trend",6083,959,0,0.956544780476117
"966","beta_trend",6083,960,0,0.955454242143872
"967","beta_trend",6083,961,0,0.954358390661974
"968","beta_trend",6083,962,0,0.953257599666805
"969","beta_trend",6083,963,0,0.952152243785962
"970","beta_trend",6083,964,0,0.95104269845543
"971","beta_trend",6083,965,0,0.949929339736611
"972","beta_trend",6083,966,0,0.948812544133308
"973","beta_trend",6083,967,0,0.947692688408723
"974","beta_trend",6083,968,0,0.946570149402557
"975","beta_trend",6083,969,0,0.945445303848288
"976","beta_trend",6083,970,0,0.94431852819071
"977","beta_trend",6083,971,0,0.943190198403803
"978","beta_trend",6083,972,0,0.942060689809022
"979","beta_trend",6083,973,0,0.940930376894073
"980","beta_trend",6083,974,0,0.939799633132267
"981","beta_trend",6083,975,0,0.938668830802521
"982","beta_trend",6083,976,0,0.937538340810085
"983","beta_trend",6083,977,0,0.936408532508082
"984","beta_trend",6083,978,0,0.935279773519924
"985","beta_trend",6083,979,0,0.934152429562702
"986","beta_trend",6083,980,0,0.933026864271608
"987","beta_trend",6083,981,0,0.931903439025484
"988","beta_trend",6083,982,0,0.930782512773563
"989","beta_trend",6083,983,0,0.929664441863487
"990","beta_trend",6083,984,0,0.928549579870683
"991","beta_trend",6083,985,0,0.92743827742916
"992","beta_trend",6083,986,0,0.92633088206382
"993","beta_trend",6083,987,0,0.925227738024355
"994","beta_trend",6083,988,0,0.924109043926308
"995","beta_trend",6083,989,0,0.923016313994409
"996","beta_trend",6083,990,0,0.921928809329467
"997","beta_trend",6083,991,0,0.920846860935266
"998","beta_trend",6083,992,0,0.919770795682116
"999","beta_trend",6083,993,0,0.918700936153658
"1000","beta_trend",6083,994,0,0.91763760049573
"1001","beta_trend",6083,995,0,0.916581102267378
"1002","beta_trend",6083,996,0,0.915531750294086
"1003","beta_trend",6083,997,0,0.914489848523286
"1004","beta_trend",6083,998,0,0.913455695882248
"1005","beta_trend",6083,999,0,0.912429586138403
"1006","beta_trend",6083,1000,0,0.911411807762173
"1007","beta_trend",6083,1001,0,0.910402643792401
"1008","beta_trend",6083,1002,0,0.909402371704426
"1009","beta_trend",6083,1003,0,0.908411263280892
"1010","beta_trend",6083,1004,0,0.90742958448536
"1011","beta_trend",6083,1005,0,0.906457595338782
"1012","beta_trend",6083,1006,0,0.905495549798922
"1013","beta_trend",6083,1007,0,0.904543695642784
"1014","beta_trend",6083,1008,0,0.903602274352105
"1015","beta_trend",6083,1009,0,0.902671521002003
"1016","beta_trend",6083,1010,0,0.901751664152821
"1017","beta_trend",6083,1011,0,0.900842925745251
"1018","beta_trend",6083,1012,0,0.89994552099879
"1019","beta_trend",6083,1013,0,0.899059658313587
"1020","beta_trend",6083,1014,0,0.898185539175764
"1021","beta_trend",6083,1015,0,0.897323358066241
"1022","beta_trend",6083,1016,0,0.896473302373148
"1023","beta_trend",6083,1017,0,0.89563555230787
"1024","beta_trend",6083,1018,0,0.894810280824783
"1025","beta_trend",6083,1019,0,0.893997653544741
"1026","beta_trend",6083,1020,0,0.893197828682357
"1027","beta_trend",6083,1021,0,0.892410956977139
"1028","beta_trend",6083,1022,0,0.891637181628532
"1029","beta_trend",6083,1023,0,0.890876638234908
"1030","beta_trend",6083,1024,0,0.890129454736551
"1031","beta_trend",6083,1025,0,0.889395751362695
"1032","beta_trend",6083,1026,0,0.888675640582642
"1033","beta_trend",6083,1027,0,0.887969227061014
"1034","beta_trend",6083,1028,0,0.887276607617173
"1035","beta_trend",6083,1029,0,0.886597871188846
"1036","beta_trend",6083,1030,0,0.885933098800002
"1037","beta_trend",6083,1031,0,0.885282363533
"1038","beta_trend",6083,1032,0,0.884645730505047
"1039","beta_trend",6083,1033,0,0.884023256849001
"1040","beta_trend",6083,1034,0,0.88341499169854
"1041","beta_trend",6083,1035,0,0.882820976177721
"1042","beta_trend",6083,1036,0,0.882241243394962
"1043","beta_trend",6083,1037,0,0.881675818441454
"1044","beta_trend",6083,1038,0,0.881124718394039
"1045","beta_trend",6083,1039,0,0.880587952322549
"1046","beta_trend",6083,1040,0,0.88006419459626
"1047","beta_trend",6083,1041,0,0.879556030508053
"1048","beta_trend",6083,1042,0,0.879062177040428
"1049","beta_trend",6083,1043,0,0.878582611290398
"1050","beta_trend",6083,1044,0,0.878117302448144
"1051","beta_trend",6083,1045,0,0.877666211831259
"1052","beta_trend",6083,1046,0,0.877229292923506
"1053","beta_trend",6083,1047,0,0.87680649141807
"1054","beta_trend",6083,1048,0,0.876397745265327
"1055","beta_trend",6083,1049,0,0.876002984725082
"1056","beta_trend",6083,1050,0,0.875622132423292
"1057","beta_trend",6083,1051,0,0.875255103413246
"1058","beta_trend",6083,1052,0,0.874901805241184
"1059","beta_trend",6083,1053,0,0.874562138016326
"1060","beta_trend",6083,1054,0,0.87423599448531
"1061","beta_trend",6083,1055,0,0.873923260110974
"1062","beta_trend",6083,1056,0,0.873623813155491
"1063","beta_trend",6083,1057,0,0.873337524767788
"1064","beta_trend",6083,1058,0,0.873064259075241
"1065","beta_trend",6083,1059,0,0.872803873279579
"1066","beta_trend",6083,1060,0,0.872556217756985
"1067","beta_trend",6083,1061,0,0.872321136162315
"1068","beta_trend",6083,1062,0,0.872098465537413
"1069","beta_trend",6083,1063,0,0.871888036423455
"1070","beta_trend",6083,1064,0,0.871689672977268
"1071","beta_trend",6083,1065,0,0.871503193091576
"1072","beta_trend",6083,1066,0,0.871328408519097
"1073","beta_trend",6083,1067,0,0.871165125000443
"1074","beta_trend",6083,1068,0,0.871013142395735
"1075","beta_trend",6083,1069,0,0.870872254819891
"1076","beta_trend",6083,1070,0,0.870742250781482
"1077","beta_trend",6083,1071,0,0.87062291332511
"1078","beta_trend",6083,1072,0,0.870514020177206
"1079","beta_trend",6083,1073,0,0.870415343895177
"1080","beta_trend",6083,1074,0,0.870326652019822
"1081","beta_trend",6083,1075,0,0.870247707230914
"1082","beta_trend",6083,1076,0,0.870178267505873
"1083","beta_trend",6083,1077,0,0.87011808628143
"1084","beta_trend",6083,1078,0,0.870066912618187
"1085","beta_trend",6083,1079,0,0.870024491367977
"1086","beta_trend",6083,1080,0,0.869990563343919
"1087","beta_trend",6083,1081,0,0.86996486549307
"1088","beta_trend",6083,1082,0,0.869947131071563
"1089","beta_trend",6083,1083,0,0.869937089822128
"1090","beta_trend",6083,1084,0,0.869926506144166
"1091","beta_trend",6083,1085,0,0.869931379720214
"1092","beta_trend",6083,1086,0,0.869943101632151
"1093","beta_trend",6083,1087,0,0.86996138997117
"1094","beta_trend",6083,1088,0,0.86998596021313
"1095","beta_trend",6083,1089,0,0.870016525408665
"1096","beta_trend",6083,1090,0,0.870052796374829
"1097","beta_trend",6083,1091,0,0.870094481888173
"1098","beta_trend",6083,1092,0,0.870141288879092
"1099","beta_trend",6083,1093,0,0.870192922627361
"1100","beta_trend",6083,1094,0,0.870249086958681
"1101","beta_trend",6083,1095,0,0.870309484442149
"1102","beta_trend",6083,1096,0,0.870373816588484
"1103","beta_trend",6083,1097,0,0.870441784048908
"1104","beta_trend",6083,1098,0,0.870513086814516
"1105","beta_trend",6083,1099,0,0.870587424416022
"1106","beta_trend",6083,1100,0,0.870664496123742
"1107","beta_trend",6083,1101,0,0.870744001147662
"1108","beta_trend",6083,1102,0,0.870825638837477
"1109","beta_trend",6083,1103,0,0.870909108882433
"1110","beta_trend",6083,1104,0,0.870994111510862
"1111","beta_trend",6083,1105,0,0.871080347689257
"1112","beta_trend",6083,1106,0,0.871167519320736
"1113","beta_trend",6083,1107,0,0.871255329442783
"1114","beta_trend",6083,1108,0,0.871343482424099
"1115","beta_trend",6083,1109,0,0.87143168416044
"1116","beta_trend",6083,1110,0,0.871519642269295
"1117","beta_trend",6083,1111,0,0.871607066283269
"1118","beta_trend",6083,1112,0,0.871693667842025
"1119","beta_trend",6083,1113,0,0.87177916088266
"1120","beta_trend",6083,1114,0,0.87186326182836
"1121","beta_trend",6083,1115,0,0.871945689775211
"1122","beta_trend",6083,1116,0,0.87202616667703
"1123","beta_trend",6083,1117,0,0.872104417528063
"1124","beta_trend",6083,1118,0,0.87218017054345
"1125","beta_trend",6083,1119,0,0.872253157337284
"1126","beta_trend",6083,1120,0,0.87232311309817
"1127","beta_trend",6083,1121,0,0.87238977676213
"1128","beta_trend",6083,1122,0,0.872452891182737
"1129","beta_trend",6083,1123,0,0.87251220329835
"1130","beta_trend",6083,1124,0,0.872567464296325
"1131","beta_trend",6083,1125,0,0.872618429774081
"1132","beta_trend",6083,1126,0,0.872664859896902
"1133","beta_trend",6083,1127,0,0.872706519552352
"1134","beta_trend",6083,1128,0,0.872743178501195
"1135","beta_trend",6083,1129,0,0.872774611524702
"1136","beta_trend",6083,1130,0,0.872800598568236
"1137","beta_trend",6083,1131,0,0.87282092488101
"1138","beta_trend",6083,1132,0,0.872835381151905
"1139","beta_trend",6083,1133,0,0.872843763641256
"1140","beta_trend",6083,1134,0,0.872845874308502
"1141","beta_trend",6083,1135,0,0.8728415209356
"1142","beta_trend",6083,1136,0,0.87283051724612
"1143","beta_trend",6083,1137,0,0.872810064305267
"1144","beta_trend",6083,1138,0,0.872785104806609
"1145","beta_trend",6083,1139,0,0.872752967691682
"1146","beta_trend",6083,1140,0,0.872713491339329
"1147","beta_trend",6083,1141,0,0.872666520589679
"1148","beta_trend",6083,1142,0,0.872611906835266
"1149","beta_trend",6083,1143,0,0.87254950810727
"1150","beta_trend",6083,1144,0,0.872479189156796
"1151","beta_trend",6083,1145,0,0.872400821531155
"1152","beta_trend",6083,1146,0,0.872314283645068
"1153","beta_trend",6083,1147,0,0.87221946084675
"1154","beta_trend",6083,1148,0,0.872116245478838
"1155","beta_trend",6083,1149,0,0.872004536934083
"1156","beta_trend",6083,1150,0,0.871884241705814
"1157","beta_trend",6083,1151,0,0.87175527343309
"1158","beta_trend",6083,1152,0,0.871617552940551
"1159","beta_trend",6083,1153,0,0.8714710082729
"1160","beta_trend",6083,1154,0,0.871315574724032
"1161","beta_trend",6083,1155,0,0.87115119486076
"1162","beta_trend",6083,1156,0,0.87097781854114
"1163","beta_trend",6083,1157,0,0.870795402927387
"1164","beta_trend",6083,1158,0,0.870603912493357
"1165","beta_trend",6083,1159,0,0.870403319026625
"1166","beta_trend",6083,1160,0,0.870193601625131
"1167","beta_trend",6083,1161,0,0.869974746688423
"1168","beta_trend",6083,1162,0,0.869746747903504
"1169","beta_trend",6083,1163,0,0.869509606225291
"1170","beta_trend",6083,1164,0,0.869263329851724
"1171","beta_trend",6083,1165,0,0.86900793419353
"1172","beta_trend",6083,1166,0,0.868743441838696
"1173","beta_trend",6083,1167,0,0.868469882511664
"1174","beta_trend",6083,1168,0,0.868187293027294
"1175","beta_trend",6083,1169,0,0.867895717239651
"1176","beta_trend",6083,1170,0,0.86759520598564
"1177","beta_trend",6083,1171,0,0.867285817023557
"1178","beta_trend",6083,1172,0,0.866967614966614
"1179","beta_trend",6083,1173,0,0.866640671211482
"1180","beta_trend",6083,1174,0,0.866305063861934
"1181","beta_trend",6083,1175,0,0.865960877647646
"1182","beta_trend",6083,1176,0,0.865608203838227
"1183","beta_trend",6083,1177,0,0.865247140152567
"1184","beta_trend",6083,1178,0,0.864877790663564
"1185","beta_trend",6083,1179,0,0.864500265698332
"1186","beta_trend",6083,1180,0,0.864114681733964
"1187","beta_trend",6083,1181,0,0.863727954953602
"1188","beta_trend",6083,1182,0,0.863326325438968
"1189","beta_trend",6083,1183,0,0.862917034801616
"1190","beta_trend",6083,1184,0,0.862500222491157
"1191","beta_trend",6083,1185,0,0.862076033540999
"1192","beta_trend",6083,1186,0,0.861644618438906
"1193","beta_trend",6083,1187,0,0.861206132993852
"1194","beta_trend",6083,1188,0,0.860760738199263
"1195","beta_trend",6083,1189,0,0.860308600092794
"1196","beta_trend",6083,1190,0,0.859849889612728
"1197","beta_trend",6083,1191,0,0.859384782451149
"1198","beta_trend",6083,1192,0,0.858913458903986
"1199","beta_trend",6083,1193,0,0.858436103718084
"1200","beta_trend",6083,1194,0,0.857952905935397
"1201","beta_trend",6083,1195,0,0.857464058734475
"1202","beta_trend",6083,1196,0,0.856969759269336
"1203","beta_trend",6083,1197,0,0.856470208505898
"1204","beta_trend",6083,1198,0,0.855965611056079
"1205","beta_trend",6083,1199,0,0.855456175009716
"1206","beta_trend",6083,1200,0,0.854942111764452
"1207","beta_trend",6083,1201,0,0.854423635853711
"1208","beta_trend",6083,1202,0,0.853900964772929
"1209","beta_trend",6083,1203,0,0.853374318804167
"1210","beta_trend",6083,1204,0,0.852843920839261
"1211","beta_trend",6083,1205,0,0.852309996201656
"1212","beta_trend",6083,1206,0,0.851772772467061
"1213","beta_trend",6083,1207,0,0.85123247928309
"1214","beta_trend",6083,1208,0,0.850689348188017
"1215","beta_trend",6083,1209,0,0.850143612428817
"1216","beta_trend",6083,1210,0,0.849595506778614
"1217","beta_trend",6083,1211,0,0.849045267353717
"1218","beta_trend",6083,1212,0,0.848493131430361
"1219","beta_trend",6083,1213,0,0.847939337261327
"1220","beta_trend",6083,1214,0,0.847384123892576
"1221","beta_trend",6083,1215,0,0.846827730980048
"1222","beta_trend",6083,1216,0,0.846270398606773
"1223","beta_trend",6083,1217,0,0.845712367100443
"1224","beta_trend",6083,1218,0,0.845153876851587
"1225","beta_trend",6083,1219,0,0.844595168132496
"1226","beta_trend",6083,1220,0,0.844036480917045
"1227","beta_trend",6083,1221,0,0.843478054701541
"1228","beta_trend",6083,1222,0,0.842920128326757
"1229","beta_trend",6083,1223,0,0.842362939801276
"1230","beta_trend",6083,1224,0,0.841806726126292
"1231","beta_trend",6083,1225,0,0.841251723121995
"1232","beta_trend",6083,1226,0,0.840698165255688
"1233","beta_trend",6083,1227,0,0.840146285471747
"1234","beta_trend",6083,1228,0,0.839596315023581
"1235","beta_trend",6083,1229,0,0.839048483307694
"1236","beta_trend",6083,1230,0,0.838503017699991
"1237","beta_trend",6083,1231,0,0.837960143394445
"1238","beta_trend",6083,1232,0,0.837420083244243
"1239","beta_trend",6083,1233,0,0.836883057605539
"1240","beta_trend",6083,1234,0,0.836347466210616
"1241","beta_trend",6083,1235,0,0.835817076230303
"1242","beta_trend",6083,1236,0,0.835290361695121
"1243","beta_trend",6083,1237,0,0.834767531319566
"1244","beta_trend",6083,1238,0,0.83424879057731
"1245","beta_trend",6083,1239,0,0.833734341562674
"1246","beta_trend",6083,1240,0,0.833224382855446
"1247","beta_trend",6083,1241,0,0.832719109389128
"1248","beta_trend",6083,1242,0,0.832218712322704
"1249","beta_trend",6083,1243,0,0.831723378916007
"1250","beta_trend",6083,1244,0,0.831233292408784
"1251","beta_trend",6083,1245,0,0.830748631903527
"1252","beta_trend",6083,1246,0,0.830269572252143
"1253","beta_trend",6083,1247,0,0.829796283946541
"1254","beta_trend",6083,1248,0,0.829328933013209
"1255","beta_trend",6083,1249,0,0.828867680911825
"1256","beta_trend",6083,1250,0,0.828412684437988
"1257","beta_trend",6083,1251,0,0.827964095630108
"1258","beta_trend",6083,1252,0,0.82752206168051
"1259","beta_trend",6083,1253,0,0.827086724850807
"1260","beta_trend",6083,1254,0,0.82665822239158
"1261","beta_trend",6083,1255,0,0.82623668646641
"1262","beta_trend",6083,1256,0,0.825822244080295
"1263","beta_trend",6083,1257,0,0.825415017012486
"1264","beta_trend",6083,1258,0,0.825015121753771
"1265","beta_trend",6083,1259,0,0.824622669448232
"1266","beta_trend",6083,1260,0,0.824237765839494
"1267","beta_trend",6083,1261,0,0.823860511221482
"1268","beta_trend",6083,1262,0,0.823491000393695
"1269","beta_trend",6083,1263,0,0.823129322621024
"1270","beta_trend",6083,1264,0,0.822775561598084
"1271","beta_trend",6083,1265,0,0.822429795418096
"1272","beta_trend",6083,1266,0,0.822092096546291
"1273","beta_trend",6083,1267,0,0.821762531797841
"1274","beta_trend",6083,1268,0,0.821441162320303
"1275","beta_trend",6083,1269,0,0.821128043580553
"1276","beta_trend",6083,1270,0,0.820823225356208
"1277","beta_trend",6083,1271,0,0.82052675173149
"1278","beta_trend",6083,1272,0,0.820238661097532
"1279","beta_trend",6083,1273,0,0.819958986157067
"1280","beta_trend",6083,1274,0,0.819687753933497
"1281","beta_trend",6083,1275,0,0.819424985784276
"1282","beta_trend",6083,1276,0,0.819170697418584
"1283","beta_trend",6083,1277,0,0.818907916813475
"1284","beta_trend",6083,1278,0,0.818671364220649
"1285","beta_trend",6083,1279,0,0.818443273346075
"1286","beta_trend",6083,1280,0,0.818223638810066
"1287","beta_trend",6083,1281,0,0.818012449690259
"1288","beta_trend",6083,1282,0,0.817809689565453
"1289","beta_trend",6083,1283,0,0.817615336563316
"1290","beta_trend",6083,1284,0,0.817429363411879
"1291","beta_trend",6083,1285,0,0.817251737494773
"1292","beta_trend",6083,1286,0,0.817082420910112
"1293","beta_trend",6083,1287,0,0.816921370532967
"1294","beta_trend",6083,1288,0,0.816768538081347
"1295","beta_trend",6083,1289,0,0.816623870185607
"1296","beta_trend",6083,1290,0,0.816487308461209
"1297","beta_trend",6083,1291,0,0.816358789584735
"1298","beta_trend",6083,1292,0,0.816238245373092
"1299","beta_trend",6083,1293,0,0.816125602865799
"1300","beta_trend",6083,1294,0,0.816020784410272
"1301","beta_trend",6083,1295,0,0.815923707750025
"1302","beta_trend",6083,1296,0,0.815834286115674
"1303","beta_trend",6083,1297,0,0.815752428318669
"1304","beta_trend",6083,1298,0,0.815678038847642
"1305","beta_trend",6083,1299,0,0.815611017967279
"1306","beta_trend",6083,1300,0,0.815551261819615
"1307","beta_trend",6083,1301,0,0.81549866252765
"1308","beta_trend",6083,1302,0,0.815453108301184
"1309","beta_trend",6083,1303,0,0.815414483544767
"1310","beta_trend",6083,1304,0,0.815382668967658
"1311","beta_trend",6083,1305,0,0.815357541695693
"1312","beta_trend",6083,1306,0,0.815338975384951
"1313","beta_trend",6083,1307,0,0.815326840337108
"1314","beta_trend",6083,1308,0,0.815321003616379
"1315","beta_trend",6083,1309,0,0.815321329167941
"1316","beta_trend",6083,1310,0,0.815327677937719
"1317","beta_trend",6083,1311,0,0.815339907993432
"1318","beta_trend",6083,1312,0,0.815357874646798
"1319","beta_trend",6083,1313,0,0.815381430576775
"1320","beta_trend",6083,1314,0,0.815410425953741
"1321","beta_trend",6083,1315,0,0.815444708564503
"1322","beta_trend",6083,1316,0,0.815484123938018
"1323","beta_trend",6083,1317,0,0.815528515471729
"1324","beta_trend",6083,1318,0,0.815577724558411
"1325","beta_trend",6083,1319,0,0.815631590713404
"1326","beta_trend",6083,1320,0,0.815689951702146
"1327","beta_trend",6083,1321,0,0.815752643667889
"1328","beta_trend",6083,1322,0,0.815819501259498
"1329","beta_trend",6083,1323,0,0.815890357759233
"1330","beta_trend",6083,1324,0,0.8159650452104
"1331","beta_trend",6083,1325,0,0.816043394544787
"1332","beta_trend",6083,1326,0,0.81612523570977
"1333","beta_trend",6083,1327,0,0.816210397795001
"1334","beta_trend",6083,1328,0,0.816298709158567
"1335","beta_trend",6083,1329,0,0.816389997552548
"1336","beta_trend",6083,1330,0,0.816489717028757
"1337","beta_trend",6083,1331,0,0.8165867002774
"1338","beta_trend",6083,1332,0,0.816686152692042
"1339","beta_trend",6083,1333,0,0.816787901297512
"1340","beta_trend",6083,1334,0,0.81689177314489
"1341","beta_trend",6083,1335,0,0.816997595432008
"1342","beta_trend",6083,1336,0,0.817105195622721
"1343","beta_trend",6083,1337,0,0.817214401564878
"1344","beta_trend",6083,1338,0,0.817325041606902
"1345","beta_trend",6083,1339,0,0.817436944712914
"1346","beta_trend",6083,1340,0,0.817549940576318
"1347","beta_trend",6083,1341,0,0.81766385973177
"1348","beta_trend",6083,1342,0,0.817778533665474
"1349","beta_trend",6083,1343,0,0.817893794923723
"1350","beta_trend",6083,1344,0,0.818009477219625
"1351","beta_trend",6083,1345,0,0.818125415537954
"1352","beta_trend",6083,1346,0,0.81824144623805
"1353","beta_trend",6083,1347,0,0.818357407154727
"1354","beta_trend",6083,1348,0,0.818473137697124
"1355","beta_trend",6083,1349,0,0.818588478945439
"1356","beta_trend",6083,1350,0,0.818703273745505
"1357","beta_trend",6083,1351,0,0.818817366801152
"1358","beta_trend",6083,1352,0,0.818930604764315
"1359","beta_trend",6083,1353,0,0.81904283632283
"1360","beta_trend",6083,1354,0,0.819153912285894
"1361","beta_trend",6083,1355,0,0.819263685667138
"1362","beta_trend",6083,1356,0,0.81937201176528
"1363","beta_trend",6083,1357,0,0.819478748242325
"1364","beta_trend",6083,1358,0,0.819583755199278
"1365","beta_trend",6083,1359,0,0.819686895249346
"1366","beta_trend",6083,1360,0,0.819788033588594
"1367","beta_trend",6083,1361,0,0.819887038064044
"1368","beta_trend",6083,1362,0,0.81998377923918
"1369","beta_trend",6083,1363,0,0.820078130456858
"1370","beta_trend",6083,1364,0,0.820169967899585
"1371","beta_trend",6083,1365,0,0.820259170647173
"1372","beta_trend",6083,1366,0,0.820345620731745
"1373","beta_trend",6083,1367,0,0.82042920319008
"1374","beta_trend",6083,1368,0,0.820509806113307
"1375","beta_trend",6083,1369,0,0.820587320693926
"1376","beta_trend",6083,1370,0,0.820661641270169
"1377","beta_trend",6083,1371,0,0.82073266536769
"1378","beta_trend",6083,1372,0,0.820800293738594
"1379","beta_trend",6083,1373,0,0.820864430397808
"1380","beta_trend",6083,1374,0,0.82091968148724
"1381","beta_trend",6083,1375,0,0.820976794860035
"1382","beta_trend",6083,1376,0,0.821030138596544
"1383","beta_trend",6083,1377,0,0.82107963046348
"1384","beta_trend",6083,1378,0,0.821125191618453
"1385","beta_trend",6083,1379,0,0.821166746631096
"1386","beta_trend",6083,1380,0,0.821204223501618
"1387","beta_trend",6083,1381,0,0.821237553676799
"1388","beta_trend",6083,1382,0,0.821266672063465
"1389","beta_trend",6083,1383,0,0.821291517039448
"1390","beta_trend",6083,1384,0,0.821312030462078
"1391","beta_trend",6083,1385,0,0.82132815767423
"1392","beta_trend",6083,1386,0,0.821339847507949
"1393","beta_trend",6083,1387,0,0.8213470522857
"1394","beta_trend",6083,1388,0,0.821349727819262
"1395","beta_trend",6083,1389,0,0.821347833406313
"1396","beta_trend",6083,1390,0,0.821341331824738
"1397","beta_trend",6083,1391,0,0.821330189324701
"1398","beta_trend",6083,1392,0,0.821314375618516
"1399","beta_trend",6083,1393,0,0.821293863868362
"1400","beta_trend",6083,1394,0,0.821268630671883
"1401","beta_trend",6083,1395,0,0.821238656045721
"1402","beta_trend",6083,1396,0,0.821203923407012
"1403","beta_trend",6083,1397,0,0.821164419552912
"1404","beta_trend",6083,1398,0,0.821120134638178
"1405","beta_trend",6083,1399,0,0.821071062150867
"1406","beta_trend",6083,1400,0,0.821017198886192
"1407","beta_trend",6083,1401,0,0.820958544918589
"1408","beta_trend",6083,1402,0,0.820895103572043
"1409","beta_trend",6083,1403,0,0.820826881388718
"1410","beta_trend",6083,1404,0,0.820753888095952
"1411","beta_trend",6083,1405,0,0.820676136571666
"1412","beta_trend",6083,1406,0,0.820593642808226
"1413","beta_trend",6083,1407,0,0.820506425874826
"1414","beta_trend",6083,1408,0,0.820414507878446
"1415","beta_trend",6083,1409,0,0.820317913923418
"1416","beta_trend",6083,1410,0,0.820216672069674
"1417","beta_trend",6083,1411,0,0.820110813289723
"1418","beta_trend",6083,1412,0,0.820000371424403
"1419","beta_trend",6083,1413,0,0.819885383137475
"1420","beta_trend",6083,1414,0,0.819765887869103
"1421","beta_trend",6083,1415,0,0.819641927788268
"1422","beta_trend",6083,1416,0,0.819513547744198
"1423","beta_trend",6083,1417,0,0.819380795216822
"1424","beta_trend",6083,1418,0,0.819243720266347
"1425","beta_trend",6083,1419,0,0.81910237548198
"1426","beta_trend",6083,1420,0,0.818956815929861
"1427","beta_trend",6083,1421,0,0.818807099100256
"1428","beta_trend",6083,1422,0,0.818653284854066
"1429","beta_trend",6083,1423,0,0.81849543536869
"1430","beta_trend",6083,1424,0,0.818333615083321
"1431","beta_trend",6083,1425,0,0.81816789064369
"1432","beta_trend",6083,1426,0,0.817998330846337
"1433","beta_trend",6083,1427,0,0.817805958624117
"1434","beta_trend",6083,1428,0,0.817628065953497
"1435","beta_trend",6083,1429,0,0.817446518597277
"1436","beta_trend",6083,1430,0,0.817261391849597
"1437","beta_trend",6083,1431,0,0.817072762814011
"1438","beta_trend",6083,1432,0,0.816880710343973
"1439","beta_trend",6083,1433,0,0.816685314983121
"1440","beta_trend",6083,1434,0,0.816486658905394
"1441","beta_trend",6083,1435,0,0.816284825855033
"1442","beta_trend",6083,1436,0,0.816079901086508
"1443","beta_trend",6083,1437,0,0.815871971304397
"1444","beta_trend",6083,1438,0,0.81566112460328
"1445","beta_trend",6083,1439,0,0.815447450407667
"1446","beta_trend",6083,1440,0,0.815231039412007
"1447","beta_trend",6083,1441,0,0.815011983520814
"1448","beta_trend",6083,1442,0,0.81479037578894
"1449","beta_trend",6083,1443,0,0.814566310362043
"1450","beta_trend",6083,1444,0,0.814339882417261
"1451","beta_trend",6083,1445,0,0.814111188104154
"1452","beta_trend",6083,1446,0,0.813880324485918
"1453","beta_trend",6083,1447,0,0.813647389480917
"1454","beta_trend",6083,1448,0,0.813412481804558
"1455","beta_trend",6083,1449,0,0.813175700911539
"1456","beta_trend",6083,1450,0,0.812937146938491
"1457","beta_trend",6083,1451,0,0.812696920647049
"1458","beta_trend",6083,1452,0,0.81245512336737
"1459","beta_trend",6083,1453,0,0.812211856942121
"1460","beta_trend",6083,1454,0,0.81196722367097
"1461","beta_trend",6083,1455,0,0.811721326255581
"1462","beta_trend",6083,1456,0,0.81147426774516
"1463","beta_trend",6083,1457,0,0.811226151482545
"1464","beta_trend",6083,1458,0,0.810977081050878
"1465","beta_trend",6083,1459,0,0.810727160220863
"1466","beta_trend",6083,1460,0,0.810476492898633
"1467","beta_trend",6083,1461,0,0.810225183074238
"1468","beta_trend",6083,1462,0,0.809973334770766
"1469","beta_trend",6083,1463,0,0.809721051994116
"1470","beta_trend",6083,1464,0,0.809468438683423
"1471","beta_trend",6083,1465,0,0.80921559866216
"1472","beta_trend",6083,1466,0,0.808962635589914
"1473","beta_trend",6083,1467,0,0.808709652914846
"1474","beta_trend",6083,1468,0,0.808456753826857
"1475","beta_trend",6083,1469,0,0.80820404121144
"1476","beta_trend",6083,1470,0,0.807959309556737
"1477","beta_trend",6083,1471,0,0.807706936723701
"1478","beta_trend",6083,1472,0,0.807455071026395
"1479","beta_trend",6083,1473,0,0.807203813122493
"1480","beta_trend",6083,1474,0,0.806953263165767
"1481","beta_trend",6083,1475,0,0.806703520763555
"1482","beta_trend",6083,1476,0,0.806454684934964
"1483","beta_trend",6083,1477,0,0.806206854069808
"1484","beta_trend",6083,1478,0,0.805960125888287
"1485","beta_trend",6083,1479,0,0.80571459740139
"1486","beta_trend",6083,1480,0,0.805470364872032
"1487","beta_trend",6083,1481,0,0.805227523776912
"1488","beta_trend",6083,1482,0,0.804986168769093
"1489","beta_trend",6083,1483,0,0.804746393641293
"1490","beta_trend",6083,1484,0,0.804508291289881
"1491","beta_trend",6083,1485,0,0.804271953679579
"1492","beta_trend",6083,1486,0,0.804037471808847
"1493","beta_trend",6083,1487,0,0.803804935675963
"1494","beta_trend",6083,1488,0,0.803574434245768
"1495","beta_trend",6083,1489,0,0.803346055417087
"1496","beta_trend",6083,1490,0,0.803119885990796
"1497","beta_trend",6083,1491,0,0.80289601163855
"1498","beta_trend",6083,1492,0,0.802674516872132
"1499","beta_trend",6083,1493,0,0.802455485013435
"1500","beta_trend",6083,1494,0,0.802238998165064
"1501","beta_trend",6083,1495,0,0.802025137181528
"1502","beta_trend",6083,1496,0,0.801813981641031
"1503","beta_trend",6083,1497,0,0.801605609817843
"1504","beta_trend",6083,1498,0,0.801400098655234
"1505","beta_trend",6083,1499,0,0.801197523738962
"1506","beta_trend",6083,1500,0,0.800997959271308
"1507","beta_trend",6083,1501,0,0.800801478045633
"1508","beta_trend",6083,1502,0,0.800608151421455
"1509","beta_trend",6083,1503,0,0.800418049300033
"1510","beta_trend",6083,1504,0,0.800231240100428
"1511","beta_trend",6083,1505,0,0.800047790736062
"1512","beta_trend",6083,1506,0,0.799867766591719
"1513","beta_trend",6083,1507,0,0.799691231501017
"1514","beta_trend",6083,1508,0,0.799518247724303
"1515","beta_trend",6083,1509,0,0.799348875926985
"1516","beta_trend",6083,1510,0,0.799183175158273
"1517","beta_trend",6083,1511,0,0.799021202830319
"1518","beta_trend",6083,1512,0,0.798863014697751
"1519","beta_trend",6083,1513,0,0.798708664837577
"1520","beta_trend",6083,1514,0,0.798558205629463
"1521","beta_trend",6083,1515,0,0.798411687736351
"1522","beta_trend",6083,1516,0,0.798269160085434
"1523","beta_trend",6083,1517,0,0.798130669849453
"1524","beta_trend",6083,1518,0,0.797996262428316
"1525","beta_trend",6083,1519,0,0.79786598143103
"1526","beta_trend",6083,1520,0,0.79773986865793
"1527","beta_trend",6083,1521,0,0.797617964083205
"1528","beta_trend",6083,1522,0,0.797500305837698
"1529","beta_trend",6083,1523,0,0.797388754534081
"1530","beta_trend",6083,1524,0,0.797279779975788
"1531","beta_trend",6083,1525,0,0.797175158566592
"1532","beta_trend",6083,1526,0,0.797074921045558
"1533","beta_trend",6083,1527,0,0.796979096231896
"1534","beta_trend",6083,1528,0,0.796887711009483
"1535","beta_trend",6083,1529,0,0.796800790311619
"1536","beta_trend",6083,1530,0,0.796718357106019
"1537","beta_trend",6083,1531,0,0.79664043238004
"1538","beta_trend",6083,1532,0,0.79656703512612
"1539","beta_trend",6083,1533,0,0.796498182327457
"1540","beta_trend",6083,1534,0,0.796433888943898
"1541","beta_trend",6083,1535,0,0.79637416789805
"1542","beta_trend",6083,1536,0,0.796319030061615
"1543","beta_trend",6083,1537,0,0.796268484241931
"1544","beta_trend",6083,1538,0,0.796222537168747
"1545","beta_trend",6083,1539,0,0.796181193481207
"1546","beta_trend",6083,1540,0,0.796144455715058
"1547","beta_trend",6083,1541,0,0.796112324290085
"1548","beta_trend",6083,1542,0,0.796084797497774
"1549","beta_trend",6083,1543,0,0.796061871489199
"1550","beta_trend",6083,1544,0,0.796043540263156
"1551","beta_trend",6083,1545,0,0.796029795654528
"1552","beta_trend",6083,1546,0,0.796020627322906
"1553","beta_trend",6083,1547,0,0.796016022741459
"1554","beta_trend",6083,1548,0,0.796015967186069
"1555","beta_trend",6083,1549,0,0.796020443724732
"1556","beta_trend",6083,1550,0,0.796029433207245
"1557","beta_trend",6083,1551,0,0.796042914255175
"1558","beta_trend",6083,1552,0,0.796060863252129
"1559","beta_trend",6083,1553,0,0.79608325433434
"1560","beta_trend",6083,1554,0,0.796110059381566
"1561","beta_trend",6083,1555,0,0.796141248008328
"1562","beta_trend",6083,1556,0,0.796176787555498
"1563","beta_trend",6083,1557,0,0.796216643082244
"1564","beta_trend",6083,1558,0,0.796260777358354
"1565","beta_trend",6083,1559,0,0.796309150856949
"1566","beta_trend",6083,1560,0,0.796361721747606
"1567","beta_trend",6083,1561,0,0.796418445889899
"1568","beta_trend",6083,1562,0,0.796479276827386
"1569","beta_trend",6083,1563,0,0.796544165782051
"1570","beta_trend",6083,1564,0,0.796613061649219
"1571","beta_trend",6083,1565,0,0.796685910992973
"1572","beta_trend",6083,1566,0,0.796762658042079
"1573","beta_trend",6083,1567,0,0.796830805355548
"1574","beta_trend",6083,1568,0,0.796915722220631
"1575","beta_trend",6083,1569,0,0.797004332277458
"1576","beta_trend",6083,1570,0,0.797096571297721
"1577","beta_trend",6083,1571,0,0.797192372672431
"1578","beta_trend",6083,1572,0,0.797291667412472
"1579","beta_trend",6083,1573,0,0.79739438414977
"1580","beta_trend",6083,1574,0,0.797500449139134
"1581","beta_trend",6083,1575,0,0.797609786260753
"1582","beta_trend",6083,1576,0,0.797722317023419
"1583","beta_trend",6083,1577,0,0.79783796056845
"1584","beta_trend",6083,1578,0,0.797956633674386
"1585","beta_trend",6083,1579,0,0.798078250762446
"1586","beta_trend",6083,1580,0,0.798202723902791
"1587","beta_trend",6083,1581,0,0.798329962821611
"1588","beta_trend",6083,1582,0,0.798459874909063
"1589","beta_trend",6083,1583,0,0.798592365228084
"1590","beta_trend",6083,1584,0,0.79872733652411
"1591","beta_trend",6083,1585,0,0.798864689235712
"1592","beta_trend",6083,1586,0,0.799004321506195
"1593","beta_trend",6083,1587,0,0.799146129196168
"1594","beta_trend",6083,1588,0,0.799290005897117
"1595","beta_trend",6083,1589,0,0.799435842946007
"1596","beta_trend",6083,1590,0,0.799583529440937
"1597","beta_trend",6083,1591,0,0.79973295225787
"1598","beta_trend",6083,1592,0,0.79988399606847
"1599","beta_trend",6083,1593,0,0.800036543359055
"1600","beta_trend",6083,1594,0,0.800190474450711
"1601","beta_trend",6083,1595,0,0.800345667520571
"1602","beta_trend",6083,1596,0,0.800501998624296
"1603","beta_trend",6083,1597,0,0.800659341719772
"1604","beta_trend",6083,1598,0,0.800817568692047
"1605","beta_trend",6083,1599,0,0.800976549379537
"1606","beta_trend",6083,1600,0,0.801136151601506
"1607","beta_trend",6083,1601,0,0.801296241186863
"1608","beta_trend",6083,1602,0,0.801456682004276
"1609","beta_trend",6083,1603,0,0.801617335993626
"1610","beta_trend",6083,1604,0,0.801778063198837
"1611","beta_trend",6083,1605,0,0.801938721802073
"1612","beta_trend",6083,1606,0,0.802099168159337
"1613","beta_trend",6083,1607,0,0.802259256837486
"1614","beta_trend",6083,1608,0,0.802418840652673
"1615","beta_trend",6083,1609,0,0.802577770710227
"1616","beta_trend",6083,1610,0,0.802735896446002
"1617","beta_trend",6083,1611,0,0.80289306566918
"1618","beta_trend",6083,1612,0,0.803049124606568
"1619","beta_trend",6083,1613,0,0.803203917948376
"1620","beta_trend",6083,1614,0,0.803357288895505
"1621","beta_trend",6083,1615,0,0.803509079208332
"1622","beta_trend",6083,1616,0,0.803659129257025
"1623","beta_trend",6083,1617,0,0.803807278073365
"1624","beta_trend",6083,1618,0,0.803953363404106
"1625","beta_trend",6083,1619,0,0.804097221765857
"1626","beta_trend",6083,1620,0,0.804232270737245
"1627","beta_trend",6083,1621,0,0.804370884597823
"1628","beta_trend",6083,1622,0,0.804506761403929
"1629","beta_trend",6083,1623,0,0.804639732811887
"1630","beta_trend",6083,1624,0,0.804769629525993
"1631","beta_trend",6083,1625,0,0.804896281361937
"1632","beta_trend",6083,1626,0,0.805019517311718
"1633","beta_trend",6083,1627,0,0.805139165610057
"1634","beta_trend",6083,1628,0,0.805255053802278
"1635","beta_trend",6083,1629,0,0.805367008813668
"1636","beta_trend",6083,1630,0,0.805474857020286
"1637","beta_trend",6083,1631,0,0.805578424321217
"1638","beta_trend",6083,1632,0,0.805677536212251
"1639","beta_trend",6083,1633,0,0.805772017860967
"1640","beta_trend",6083,1634,0,0.805861694183213
"1641","beta_trend",6083,1635,0,0.805946389920945
"1642","beta_trend",6083,1636,0,0.806025929721417
"1643","beta_trend",6083,1637,0,0.806100138217693
"1644","beta_trend",6083,1638,0,0.806168840110452
"1645","beta_trend",6083,1639,0,0.806231860251061
"1646","beta_trend",6083,1640,0,0.80628902372589
"1647","beta_trend",6083,1641,0,0.806340155941833
"1648","beta_trend",6083,1642,0,0.806385082713001
"1649","beta_trend",6083,1643,0,0.806423630348565
"1650","beta_trend",6083,1644,0,0.806455625741697
"1651","beta_trend",6083,1645,0,0.806480896459579
"1652","beta_trend",6083,1646,0,0.806499270834444
"1653","beta_trend",6083,1647,0,0.806510578055603
"1654","beta_trend",6083,1648,0,0.806514648262413
"1655","beta_trend",6083,1649,0,0.806511312638152
"1656","beta_trend",6083,1650,0,0.80650040350474
"1657","beta_trend",6083,1651,0,0.806481754418277
"1658","beta_trend",6083,1652,0,0.806455200265325
"1659","beta_trend",6083,1653,0,0.806420577359911
"1660","beta_trend",6083,1654,0,0.806377723541175
"1661","beta_trend",6083,1655,0,0.806326478271619
"1662","beta_trend",6083,1656,0,0.806266682735904
"1663","beta_trend",6083,1657,0,0.806198179940134
"1664","beta_trend",6083,1658,0,0.806120814811564
"1665","beta_trend",6083,1659,0,0.80603443429869
"1666","beta_trend",6083,1660,0,0.805938887471631
"1667","beta_trend",6083,1661,0,0.80583402562277
"1668","beta_trend",6083,1662,0,0.805719702367568
"1669","beta_trend",6083,1663,0,0.805605036977221
"1670","beta_trend",6083,1664,0,0.805470951693888
"1671","beta_trend",6083,1665,0,0.805326997996199
"1672","beta_trend",6083,1666,0,0.805173039123705
"1673","beta_trend",6083,1667,0,0.805008941168243
"1674","beta_trend",6083,1668,0,0.804834573173612
"1675","beta_trend",6083,1669,0,0.804649807234972
"1676","beta_trend",6083,1670,0,0.804454518597891
"1677","beta_trend",6083,1671,0,0.804248585756967
"1678","beta_trend",6083,1672,0,0.804031890553954
"1679","beta_trend",6083,1673,0,0.8038043182753
"1680","beta_trend",6083,1674,0,0.803565757749047
"1681","beta_trend",6083,1675,0,0.803316101440984
"1682","beta_trend",6083,1676,0,0.803055245550003
"1683","beta_trend",6083,1677,0,0.802783090102557
"1684","beta_trend",6083,1678,0,0.802499539046155
"1685","beta_trend",6083,1679,0,0.802204500341813
"1686","beta_trend",6083,1680,0,0.801897886055369
"1687","beta_trend",6083,1681,0,0.8015796124476
"1688","beta_trend",6083,1682,0,0.801249600063042
"1689","beta_trend",6083,1683,0,0.800907773817449
"1690","beta_trend",6083,1684,0,0.8005540630838
"1691","beta_trend",6083,1685,0,0.80018840177677
"1692","beta_trend",6083,1686,0,0.799810728435605
"1693","beta_trend",6083,1687,0,0.799420986305289
"1694","beta_trend",6083,1688,0,0.799019123415952
"1695","beta_trend",6083,1689,0,0.798605092660425
"1696","beta_trend",6083,1690,0,0.798178851869858
"1697","beta_trend",6083,1691,0,0.797740363887339
"1698","beta_trend",6083,1692,0,0.797289596639417
"1699","beta_trend",6083,1693,0,0.796826523205468
"1700","beta_trend",6083,1694,0,0.796351121884809
"1701","beta_trend",6083,1695,0,0.795863376261501
"1702","beta_trend",6083,1696,0,0.795363275266758
"1703","beta_trend",6083,1697,0,0.794850813238884
"1704","beta_trend",6083,1698,0,0.794325989980676
"1705","beta_trend",6083,1699,0,0.793788810814202
"1706","beta_trend",6083,1700,0,0.793239286632909
"1707","beta_trend",6083,1701,0,0.792677433950969
"1708","beta_trend",6083,1702,0,0.792103274949801
"1709","beta_trend",6083,1703,0,0.791516837521713
"1710","beta_trend",6083,1704,0,0.790918155310585
"1711","beta_trend",6083,1705,0,0.790307267749531
"1712","beta_trend",6083,1706,0,0.78968422009549
"1713","beta_trend",6083,1707,0,0.789049063460674
"1714","beta_trend",6083,1708,0,0.788401854840814
"1715","beta_trend",6083,1709,0,0.787742657140161
"1716","beta_trend",6083,1710,0,0.787071539193173
"1717","beta_trend",6083,1711,0,0.786388575782839
"1718","beta_trend",6083,1712,0,0.785693847655604
"1719","beta_trend",6083,1713,0,0.784987441532822
"1720","beta_trend",6083,1714,0,0.784269450118717
"1721","beta_trend",6083,1715,0,0.783539972104788
"1722","beta_trend",6083,1716,0,0.782785290842655
"1723","beta_trend",6083,1717,0,0.782032522475895
"1724","beta_trend",6083,1718,0,0.781268571797707
"1725","beta_trend",6083,1719,0,0.78049356029732
"1726","beta_trend",6083,1720,0,0.779707615376949
"1727","beta_trend",6083,1721,0,0.778910870332779
"1728","beta_trend",6083,1722,0,0.778103464332113
"1729","beta_trend",6083,1723,0,0.777285542386692
"1730","beta_trend",6083,1724,0,0.776457255322155
"1731","beta_trend",6083,1725,0,0.775618759743614
"1732","beta_trend",6083,1726,0,0.774770217997352
"1733","beta_trend",6083,1727,0,0.773911798128604
"1734","beta_trend",6083,1728,0,0.773043673835445
"1735","beta_trend",6083,1729,0,0.772166024418749
"1736","beta_trend",6083,1730,0,0.771279034728244
"1737","beta_trend",6083,1731,0,0.770382895104643
"1738","beta_trend",6083,1732,0,0.769477801317871
"1739","beta_trend",6083,1733,0,0.768563954501389
"1740","beta_trend",6083,1734,0,0.767641561082626
"1741","beta_trend",6083,1735,0,0.766710832709537
"1742","beta_trend",6083,1736,0,0.7657719861733
"1743","beta_trend",6083,1737,0,0.764825243327173
"1744","beta_trend",6083,1738,0,0.763870831001547
"1745","beta_trend",6083,1739,0,0.762908980915202
"1746","beta_trend",6083,1740,0,0.761939929582815
"1747","beta_trend",6083,1741,0,0.760963918218746
"1748","beta_trend",6083,1742,0,0.75998119263714
"1749","beta_trend",6083,1743,0,0.75899200314839
"1750","beta_trend",6083,1744,0,0.757996604451996
"1751","beta_trend",6083,1745,0,0.75699525552588
"1752","beta_trend",6083,1746,0,0.755988219512202
"1753","beta_trend",6083,1747,0,0.75497576359972
"1754","beta_trend",6083,1748,0,0.753958158902776
"1755","beta_trend",6083,1749,0,0.752935680336947
"1756","beta_trend",6083,1750,0,0.751908606491429
"1757","beta_trend",6083,1751,0,0.750877219498227
"1758","beta_trend",6083,1752,0,0.749841804898225
"1759","beta_trend",6083,1753,0,0.748802651504185
"1760","beta_trend",6083,1754,0,0.747760051260783
"1761","beta_trend",6083,1755,0,0.746714299101738
"1762","beta_trend",6083,1756,0,0.745665692804127
"1763","beta_trend",6083,1757,0,0.74461453283996
"1764","beta_trend",6083,1758,0,0.743561122225125
"1765","beta_trend",6083,1759,0,0.742505766365759
"1766","beta_trend",6083,1760,0,0.741444902559051
"1767","beta_trend",6083,1761,0,0.740386752648662
"1768","beta_trend",6083,1762,0,0.739327579278366
"1769","beta_trend",6083,1763,0,0.738267696115602
"1770","beta_trend",6083,1764,0,0.737207418404607
"1771","beta_trend",6083,1765,0,0.73614706279986
"1772","beta_trend",6083,1766,0,0.735086947197661
"1773","beta_trend",6083,1767,0,0.734027390565963
"1774","beta_trend",6083,1768,0,0.732968712772566
"1775","beta_trend",6083,1769,0,0.731911234411789
"1776","beta_trend",6083,1770,0,0.730855276629733
"1777","beta_trend",6083,1771,0,0.729801160948254
"1778","beta_trend",6083,1772,0,0.728749209087767
"1779","beta_trend",6083,1773,0,0.727699742789009
"1780","beta_trend",6083,1774,0,0.726653083633861
"1781","beta_trend",6083,1775,0,0.725609552865387
"1782","beta_trend",6083,1776,0,0.724569471207186
"1783","beta_trend",6083,1777,0,0.723533158682197
"1784","beta_trend",6083,1778,0,0.722500934431088
"1785","beta_trend",6083,1779,0,0.721473116530348
"1786","beta_trend",6083,1780,0,0.720450021810222
"1787","beta_trend",6083,1781,0,0.719431965672611
"1788","beta_trend",6083,1782,0,0.718419261909069
"1789","beta_trend",6083,1783,0,0.717412222519043
"1790","beta_trend",6083,1784,0,0.716411157528461
"1791","beta_trend",6083,1785,0,0.715416374808828
"1792","beta_trend",6083,1786,0,0.714428179896948
"1793","beta_trend",6083,1787,0,0.713446875815403
"1794","beta_trend",6083,1788,0,0.712472762893931
"1795","beta_trend",6083,1789,0,0.711506138591831
"1796","beta_trend",6083,1790,0,0.710547297321523
"1797","beta_trend",6083,1791,0,0.709596530273402
"1798","beta_trend",6083,1792,0,0.708654125242113
"1799","beta_trend",6083,1793,0,0.707720366454379
"1800","beta_trend",6083,1794,0,0.70679553439851
"1801","beta_trend",6083,1795,0,0.705879905655731
"1802","beta_trend",6083,1796,0,0.704973752733435
"1803","beta_trend",6083,1797,0,0.704077343900519
"1804","beta_trend",6083,1798,0,0.703190943024901
"1805","beta_trend",6083,1799,0,0.702314809413361
"1806","beta_trend",6083,1800,0,0.701449197653814
"1807","beta_trend",6083,1801,0,0.700594357460147
"1808","beta_trend",6083,1802,0,0.699750533519742
"1809","beta_trend",6083,1803,0,0.698917965343789
"1810","beta_trend",6083,1804,0,0.698096887120514
"1811","beta_trend",6083,1805,0,0.697287527571441
"1812","beta_trend",6083,1806,0,0.696490109810785
"1813","beta_trend",6083,1807,0,0.695704851208102
"1814","beta_trend",6083,1808,0,0.694931963254289
"1815","beta_trend",6083,1809,0,0.694171651431048
"1816","beta_trend",6083,1810,0,0.693424115083914
"1817","beta_trend",6083,1811,0,0.692689547298943
"1818","beta_trend",6083,1812,0,0.691968134783159
"1819","beta_trend",6083,1813,0,0.691256986696326
"1820","beta_trend",6083,1814,0,0.690562277340077
"1821","beta_trend",6083,1815,0,0.689881237823509
"1822","beta_trend",6083,1816,0,0.689214027971882
"1823","beta_trend",6083,1817,0,0.68856080068402
"1824","beta_trend",6083,1818,0,0.68792170183688
"1825","beta_trend",6083,1819,0,0.687296870194465
"1826","beta_trend",6083,1820,0,0.686686437321163
"1827","beta_trend",6083,1821,0,0.686090527499558
"1828","beta_trend",6083,1822,0,0.685509257652804
"1829","beta_trend",6083,1823,0,0.684942737271604
"1830","beta_trend",6083,1824,0,0.684391068345862
"1831","beta_trend",6083,1825,0,0.683854345301057
"1832","beta_trend",6083,1826,0,0.68333265493939
"1833","beta_trend",6083,1827,0,0.682826076385757
"1834","beta_trend",6083,1828,0,0.682334681038584
"1835","beta_trend",6083,1829,0,0.681858532525555
"1836","beta_trend",6083,1830,0,0.681397686664297
"1837","beta_trend",6083,1831,0,0.680952191428013
"1838","beta_trend",6083,1832,0,0.680522086916127
"1839","beta_trend",6083,1833,0,0.68010740532994
"1840","beta_trend",6083,1834,0,0.679708170953329
"1841","beta_trend",6083,1835,0,0.679324400138496
"1842","beta_trend",6083,1836,0,0.678956101296784
"1843","beta_trend",6083,1837,0,0.678603274894571
"1844","beta_trend",6083,1838,0,0.678265913454229
"1845","beta_trend",6083,1839,0,0.677944001560171
"1846","beta_trend",6083,1840,0,0.677637515869953
"1847","beta_trend",6083,1841,0,0.677346425130458
"1848","beta_trend",6083,1842,0,0.677070690199107
"1849","beta_trend",6083,1843,0,0.67681026407012
"1850","beta_trend",6083,1844,0,0.676565091905779
"1851","beta_trend",6083,1845,0,0.676335111072678
"1852","beta_trend",6083,1846,0,0.676120251182942
"1853","beta_trend",6083,1847,0,0.675920434140354
"1854","beta_trend",6083,1848,0,0.675735574191393
"1855","beta_trend",6083,1849,0,0.675565577981105
"1856","beta_trend",6083,1850,0,0.675410344613787
"1857","beta_trend",6083,1851,0,0.675269765718435
"1858","beta_trend",6083,1852,0,0.675143725518888
"1859","beta_trend",6083,1853,0,0.67503210090864
"1860","beta_trend",6083,1854,0,0.674934761530231
"1861","beta_trend",6083,1855,0,0.674851569859184
"1862","beta_trend",6083,1856,0,0.674783690982716
"1863","beta_trend",6083,1857,0,0.674728295989628
"1864","beta_trend",6083,1858,0,0.674686596465207
"1865","beta_trend",6083,1859,0,0.674658427048757
"1866","beta_trend",6083,1860,0,0.674643615701323
"1867","beta_trend",6083,1861,0,0.674641983815224
"1868","beta_trend",6083,1862,0,0.674653346327598
"1869","beta_trend",6083,1863,0,0.674677511837875
"1870","beta_trend",6083,1864,0,0.674714282729086
"1871","beta_trend",6083,1865,0,0.674763455292909
"1872","beta_trend",6083,1866,0,0.674824819858373
"1873","beta_trend",6083,1867,0,0.6748981609241
"1874","beta_trend",6083,1868,0,0.674983257294007
"1875","beta_trend",6083,1869,0,0.675079882216352
"1876","beta_trend",6083,1870,0,0.675187803526013
"1877","beta_trend",6083,1871,0,0.675306783789921
"1878","beta_trend",6083,1872,0,0.675436580455498
"1879","beta_trend",6083,1873,0,0.675576946002028
"1880","beta_trend",6083,1874,0,0.675727628094819
"1881","beta_trend",6083,1875,0,0.675888369742056
"1882","beta_trend",6083,1876,0,0.67605890945423
"1883","beta_trend",6083,1877,0,0.676238981406013
"1884","beta_trend",6083,1878,0,0.676428315600475
"1885","beta_trend",6083,1879,0,0.676626638035511
"1886","beta_trend",6083,1880,0,0.676833670872366
"1887","beta_trend",6083,1881,0,0.677049132606122
"1888","beta_trend",6083,1882,0,0.677272738238044
"1889","beta_trend",6083,1883,0,0.677504199449637
"1890","beta_trend",6083,1884,0,0.677743224778306
"1891","beta_trend",6083,1885,0,0.677989519794487
"1892","beta_trend",6083,1886,0,0.678242787280127
"1893","beta_trend",6083,1887,0,0.678502727408371
"1894","beta_trend",6083,1888,0,0.678769037924355
"1895","beta_trend",6083,1889,0,0.679041414326954
"1896","beta_trend",6083,1890,0,0.679319550051374
"1897","beta_trend",6083,1891,0,0.679603136652444
"1898","beta_trend",6083,1892,0,0.679891863988507
"1899","beta_trend",6083,1893,0,0.68018542040575
"1900","beta_trend",6083,1894,0,0.680483492922879
"1901","beta_trend",6083,1895,0,0.680785767415991
"1902","beta_trend",6083,1896,0,0.681091928803523
"1903","beta_trend",6083,1897,0,0.681401661231161
"1904","beta_trend",6083,1898,0,0.681714648256577
"1905","beta_trend",6083,1899,0,0.682030573033875
"1906","beta_trend",6083,1900,0,0.682349118497617
"1907","beta_trend",6083,1901,0,0.682669967546323
"1908","beta_trend",6083,1902,0,0.682992803225307
"1909","beta_trend",6083,1903,0,0.683317308908747
"1910","beta_trend",6083,1904,0,0.683643168480859
"1911","beta_trend",6083,1905,0,0.683970066516067
"1912","beta_trend",6083,1906,0,0.684297688458054
"1913","beta_trend",6083,1907,0,0.684625720797577
"1914","beta_trend",6083,1908,0,0.684953851248942
"1915","beta_trend",6083,1909,0,0.685251818545081
"1916","beta_trend",6083,1910,0,0.685577833222623
"1917","beta_trend",6083,1911,0,0.685902958198716
"1918","beta_trend",6083,1912,0,0.686226885381106
"1919","beta_trend",6083,1913,0,0.686549308668939
"1920","beta_trend",6083,1914,0,0.686869924115941
"1921","beta_trend",6083,1915,0,0.687188430091443
"1922","beta_trend",6083,1916,0,0.687504527439163
"1923","beta_trend",6083,1917,0,0.687817919633644
"1924","beta_trend",6083,1918,0,0.688128312934263
"1925","beta_trend",6083,1919,0,0.688435416536718
"1926","beta_trend",6083,1920,0,0.688738942721902
"1927","beta_trend",6083,1921,0,0.689038607002092
"1928","beta_trend",6083,1922,0,0.689334128264358
"1929","beta_trend",6083,1923,0,0.689625228911119
"1930","beta_trend",6083,1924,0,0.689911634997773
"1931","beta_trend",6083,1925,0,0.690193076367319
"1932","beta_trend",6083,1926,0,0.690469286781906
"1933","beta_trend",6083,1927,0,0.690740004051241
"1934","beta_trend",6083,1928,0,0.691004970157783
"1935","beta_trend",6083,1929,0,0.69126393137867
"1936","beta_trend",6083,1930,0,0.691516638404315
"1937","beta_trend",6083,1931,0,0.69176284645361
"1938","beta_trend",6083,1932,0,0.692002315385688
"1939","beta_trend",6083,1933,0,0.692234809808197
"1940","beta_trend",6083,1934,0,0.692460099182018
"1941","beta_trend",6083,1935,0,0.692677957922413
"1942","beta_trend",6083,1936,0,0.69288816549652
"1943","beta_trend",6083,1937,0,0.693090506517198
"1944","beta_trend",6083,1938,0,0.693284770833148
"1945","beta_trend",6083,1939,0,0.693470753615303
"1946","beta_trend",6083,1940,0,0.693648255439436
"1947","beta_trend",6083,1941,0,0.693817082364969
"1948","beta_trend",6083,1942,0,0.69397704600996
"1949","beta_trend",6083,1943,0,0.694127963622231
"1950","beta_trend",6083,1944,0,0.69426965814663
"1951","beta_trend",6083,1945,0,0.694401958288411
"1952","beta_trend",6083,1946,0,0.694524698572701
"1953","beta_trend",6083,1947,0,0.694637719400066
"1954","beta_trend",6083,1948,0,0.69474086709815
"1955","beta_trend",6083,1949,0,0.694833993969385
"1956","beta_trend",6083,1950,0,0.694916958334771
"1957","beta_trend",6083,1951,0,0.694989624573728
"1958","beta_trend",6083,1952,0,0.695051863160016
"1959","beta_trend",6083,1953,0,0.695106026952603
"1960","beta_trend",6083,1954,0,0.695146936511922
"1961","beta_trend",6083,1955,0,0.695177071313483
"1962","beta_trend",6083,1956,0,0.695196326307403
"1963","beta_trend",6083,1957,0,0.695204602665674
"1964","beta_trend",6083,1958,0,0.695201807794465
"1965","beta_trend",6083,1959,0,0.695187855342584
"1966","beta_trend",6083,1960,0,0.695162665206121
"1967","beta_trend",6083,1961,0,0.695126163529298
"1968","beta_trend",6083,1962,0,0.695078282701545
"1969","beta_trend",6083,1963,0,0.695018961350842
"1970","beta_trend",6083,1964,0,0.694948144333338
"1971","beta_trend",6083,1965,0,0.694865782719307
"1972","beta_trend",6083,1966,0,0.694771833775443
"1973","beta_trend",6083,1967,0,0.694666260943554
"1974","beta_trend",6083,1968,0,0.694549033815686
"1975","beta_trend",6083,1969,0,0.694420128105713
"1976","beta_trend",6083,1970,0,0.694279525617437
"1977","beta_trend",6083,1971,0,0.694127214209243
"1978","beta_trend",6083,1972,0,0.693963187755353
"1979","beta_trend",6083,1973,0,0.693787446103728
"1980","beta_trend",6083,1974,0,0.693599995030657
"1981","beta_trend",6083,1975,0,0.693400846192097
"1982","beta_trend",6083,1976,0,0.693190017071807
"1983","beta_trend",6083,1977,0,0.692967530926325
"1984","beta_trend",6083,1978,0,0.692733416726852
"1985","beta_trend",6083,1979,0,0.692487709098093
"1986","beta_trend",6083,1980,0,0.692230448254107
"1987","beta_trend",6083,1981,0,0.691961679931237
"1988","beta_trend",6083,1982,0,0.691681455318166
"1989","beta_trend",6083,1983,0,0.691389830983161
"1990","beta_trend",6083,1984,0,0.691086868798579
"1991","beta_trend",6083,1985,0,0.690772635862678
"1992","beta_trend",6083,1986,0,0.690447204418814
"1993","beta_trend",6083,1987,0,0.690110651772069
"1994","beta_trend",6083,1988,0,0.689763060203398
"1995","beta_trend",6083,1989,0,0.689404516881339
"1996","beta_trend",6083,1990,0,0.689035113771369
"1997","beta_trend",6083,1991,0,0.688654947542958
"1998","beta_trend",6083,1992,0,0.688264119474403
"1999","beta_trend",6083,1993,0,0.687862735355502
"2000","beta_trend",6083,1994,0,0.68745090538814
"2001","beta_trend",6083,1995,0,0.687028744084853
"2002","beta_trend",6083,1996,0,0.686596370165447
"2003","beta_trend",6083,1997,0,0.686153906451733
"2004","beta_trend",6083,1998,0,0.685701479760458
"2005","beta_trend",6083,1999,0,0.685239220794499
"2006","beta_trend",6083,2000,0,0.684767264032384
"2007","beta_trend",6083,2001,0,0.684285747616233
"2008","beta_trend",6083,2002,0,0.683794813238164
"2009","beta_trend",6083,2003,0,0.683294606025257
"2010","beta_trend",6083,2004,0,0.682785274423139
"2011","beta_trend",6083,2005,0,0.682266970078265
"2012","beta_trend",6083,2006,0,0.681744264559466
"2013","beta_trend",6083,2007,0,0.681208685277407
"2014","beta_trend",6083,2008,0,0.680664615033471
"2015","beta_trend",6083,2009,0,0.680112217434292
"2016","beta_trend",6083,2010,0,0.679551658694994
"2017","beta_trend",6083,2011,0,0.678983107515614
"2018","beta_trend",6083,2012,0,0.678406734956735
"2019","beta_trend",6083,2013,0,0.677822714314417
"2020","beta_trend",6083,2014,0,0.677231220994483
"2021","beta_trend",6083,2015,0,0.676632432386248
"2022","beta_trend",6083,2016,0,0.676026527735751
"2023","beta_trend",6083,2017,0,0.675413688018561
"2024","beta_trend",6083,2018,0,0.674794095812249
"2025","beta_trend",6083,2019,0,0.674167935168568
"2026","beta_trend",6083,2020,0,0.673535391485437
"2027","beta_trend",6083,2021,0,0.672896651378792
"2028","beta_trend",6083,2022,0,0.672251902554365
"2029","beta_trend",6083,2023,0,0.671601333679486
"2030","beta_trend",6083,2024,0,0.670945134254947
"2031","beta_trend",6083,2025,0,0.670283494487026
"2032","beta_trend",6083,2026,0,0.669616605159728
"2033","beta_trend",6083,2027,0,0.668944657507304
"2034","beta_trend",6083,2028,0,0.668267843087143
"2035","beta_trend",6083,2029,0,0.667586353653073
"2036","beta_trend",6083,2030,0,0.666900381029163
"2037","beta_trend",6083,2031,0,0.666210116984092
"2038","beta_trend",6083,2032,0,0.665515753106133
"2039","beta_trend",6083,2033,0,0.664817480678844
"2040","beta_trend",6083,2034,0,0.664115490557514
"2041","beta_trend",6083,2035,0,0.663409973046444
"2042","beta_trend",6083,2036,0,0.662701117777115
"2043","beta_trend",6083,2037,0,0.661989113587317
"2044","beta_trend",6083,2038,0,0.661274148401303
"2045","beta_trend",6083,2039,0,0.660556409111029
"2046","beta_trend",6083,2040,0,0.659836081458544
"2047","beta_trend",6083,2041,0,0.659113349919595
"2048","beta_trend",6083,2042,0,0.65838839758851
"2049","beta_trend",6083,2043,0,0.657661406064414
"2050","beta_trend",6083,2044,0,0.656932555338852
"2051","beta_trend",6083,2045,0,0.656202023684867
"2052","beta_trend",6083,2046,0,0.6554699875476
"2053","beta_trend",6083,2047,0,0.654736621436471
"2054","beta_trend",6083,2048,0,0.654002097819002
"2055","beta_trend",6083,2049,0,0.653268309909318
"2056","beta_trend",6083,2050,0,0.652531903780094
"2057","beta_trend",6083,2051,0,0.651794847456783
"2058","beta_trend",6083,2052,0,0.651057304086359
"2059","beta_trend",6083,2053,0,0.650319434274201
"2060","beta_trend",6083,2054,0,0.649581395988792
"2061","beta_trend",6083,2055,0,0.64884334446847
"2062","beta_trend",6083,2056,0,0.648105432130255
"2063","beta_trend",6083,2057,0,0.647367808480836
"2064","beta_trend",6083,2058,0,0.646630620029743
"2065","beta_trend",6083,2059,0,0.64589401020477
"2066","beta_trend",6083,2060,0,0.645158119269697
"2067","beta_trend",6083,2061,0,0.644423084244356
"2068","beta_trend",6083,2062,0,0.643689038827093
"2069","beta_trend",6083,2063,0,0.642956113319678
"2070","beta_trend",6083,2064,0,0.642224434554698
"2071","beta_trend",6083,2065,0,0.64149412582549
"2072","beta_trend",6083,2066,0,0.640765306818661
"2073","beta_trend",6083,2067,0,0.640038093549218
"2074","beta_trend",6083,2068,0,0.639312598298384
"2075","beta_trend",6083,2069,0,0.638588929554117
"2076","beta_trend",6083,2070,0,0.637867191954374
"2077","beta_trend",6083,2071,0,0.637147486233179
"2078","beta_trend",6083,2072,0,0.636429909169512
"2079","beta_trend",6083,2073,0,0.635714553539072
"2080","beta_trend",6083,2074,0,0.635001508068944
"2081","beta_trend",6083,2075,0,0.634290857395199
"2082","beta_trend",6083,2076,0,0.633582682023482
"2083","beta_trend",6083,2077,0,0.632877058292597
"2084","beta_trend",6083,2078,0,0.632174058341133
"2085","beta_trend",6083,2079,0,0.631473750077166
"2086","beta_trend",6083,2080,0,0.630776197151052
"2087","beta_trend",6083,2081,0,0.630081458931351
"2088","beta_trend",6083,2082,0,0.629389590483903
"2089","beta_trend",6083,2083,0,0.628700642554084
"2090","beta_trend",6083,2084,0,0.628014661552259
"2091","beta_trend",6083,2085,0,0.627331689542466
"2092","beta_trend",6083,2086,0,0.626651764234331
"2093","beta_trend",6083,2087,0,0.625974918978262
"2094","beta_trend",6083,2088,0,0.625301182763912
"2095","beta_trend",6083,2089,0,0.624630580221938
"2096","beta_trend",6083,2090,0,0.623963131629077
"2097","beta_trend",6083,2091,0,0.623298852916538
"2098","beta_trend",6083,2092,0,0.622637755681727
"2099","beta_trend",6083,2093,0,0.621979847203316
"2100","beta_trend",6083,2094,0,0.62132513045966
"2101","beta_trend",6083,2095,0,0.620673604150565
"2102","beta_trend",6083,2096,0,0.620025262722419
"2103","beta_trend",6083,2097,0,0.61938009639667
"2104","beta_trend",6083,2098,0,0.618738091201679
"2105","beta_trend",6083,2099,0,0.61809922900791
"2106","beta_trend",6083,2100,0,0.617463487566486
"2107","beta_trend",6083,2101,0,0.61683084055108
"2108","beta_trend",6083,2102,0,0.616161172769636
"2109","beta_trend",6083,2103,0,0.615532771153184
"2110","beta_trend",6083,2104,0,0.614907280611897
"2111","beta_trend",6083,2105,0,0.614284655735094
"2112","beta_trend",6083,2106,0,0.613664847172567
"2113","beta_trend",6083,2107,0,0.613047801692263
"2114","beta_trend",6083,2108,0,0.612433462241075
"2115","beta_trend",6083,2109,0,0.611821768008746
"2116","beta_trend",6083,2110,0,0.611212654494838
"2117","beta_trend",6083,2111,0,0.610606053578752
"2118","beta_trend",6083,2112,0,0.610001893592739
"2119","beta_trend",6083,2113,0,0.609400099397906
"2120","beta_trend",6083,2114,0,0.608800592463139
"2121","beta_trend",6083,2115,0,0.608203290946933
"2122","beta_trend",6083,2116,0,0.607608109782073
"2123","beta_trend",6083,2117,0,0.60701496076312
"2124","beta_trend",6083,2118,0,0.606423752636667
"2125","beta_trend",6083,2119,0,0.605834391194299
"2126","beta_trend",6083,2120,0,0.605246779368219
"2127","beta_trend",6083,2121,0,0.604660817329482
"2128","beta_trend",6083,2122,0,0.604076402588775
"2129","beta_trend",6083,2123,0,0.603493430099692
"2130","beta_trend",6083,2124,0,0.602911792364437
"2131","beta_trend",6083,2125,0,0.602331379541897
"2132","beta_trend",6083,2126,0,0.601752079558009
"2133","beta_trend",6083,2127,0,0.601173778218371
"2134","beta_trend",6083,2128,0,0.600596359323001
"2135","beta_trend",6083,2129,0,0.6000197047832
"2136","beta_trend",6083,2130,0,0.599443694740411
"2137","beta_trend",6083,2131,0,0.598868207687036
"2138","beta_trend",6083,2132,0,0.598293120589089
"2139","beta_trend",6083,2133,0,0.59771830901064
"2140","beta_trend",6083,2134,0,0.597143647239943
"2141","beta_trend",6083,2135,0,0.596569008417164
"2142","beta_trend",6083,2136,0,0.595994264663638
"2143","beta_trend",6083,2137,0,0.595419287212545
"2144","beta_trend",6083,2138,0,0.594843946540916
"2145","beta_trend",6083,2139,0,0.594268112502887
"2146","beta_trend",6083,2140,0,0.593691654464094
"2147","beta_trend",6083,2141,0,0.593114441437109
"2148","beta_trend",6083,2142,0,0.592536342217828
"2149","beta_trend",6083,2143,0,0.591957225522699
"2150","beta_trend",6083,2144,0,0.59137696012669
"2151","beta_trend",6083,2145,0,0.590795415001895
"2152","beta_trend",6083,2146,0,0.590207115825209
"2153","beta_trend",6083,2147,0,0.589622856292261
"2154","beta_trend",6083,2148,0,0.589036916583076
"2155","beta_trend",6083,2149,0,0.588449168245397
"2156","beta_trend",6083,2150,0,0.587859483708537
"2157","beta_trend",6083,2151,0,0.587267736423975
"2158","beta_trend",6083,2152,0,0.586673801005808
"2159","beta_trend",6083,2153,0,0.586077553370925
"2160","beta_trend",6083,2154,0,0.585478870878802
"2161","beta_trend",6083,2155,0,0.584877632470787
"2162","beta_trend",6083,2156,0,0.584273718808772
"2163","beta_trend",6083,2157,0,0.583667012413119
"2164","beta_trend",6083,2158,0,0.58305739779973
"2165","beta_trend",6083,2159,0,0.582444761616135
"2166","beta_trend",6083,2160,0,0.581828992776479
"2167","beta_trend",6083,2161,0,0.5812099825953
"2168","beta_trend",6083,2162,0,0.580587624919947
"2169","beta_trend",6083,2163,0,0.579961816261551
"2170","beta_trend",6083,2164,0,0.57933245592441
"2171","beta_trend",6083,2165,0,0.578699446133659
"2172","beta_trend",6083,2166,0,0.578062692161131
"2173","beta_trend",6083,2167,0,0.57742210244926
"2174","beta_trend",6083,2168,0,0.576777588732922
"2175","beta_trend",6083,2169,0,0.576129066159096
"2176","beta_trend",6083,2170,0,0.575476453404211
"2177","beta_trend",6083,2171,0,0.57481967278908
"2178","beta_trend",6083,2172,0,0.574158650391288
"2179","beta_trend",6083,2173,0,0.57349331615493
"2180","beta_trend",6083,2174,0,0.572823603997576
"2181","beta_trend",6083,2175,0,0.572149451914348
"2182","beta_trend",6083,2176,0,0.571470802079005
"2183","beta_trend",6083,2177,0,0.570787600941917
"2184","beta_trend",6083,2178,0,0.570099799324824
"2185","beta_trend",6083,2179,0,0.569407352512267
"2186","beta_trend",6083,2180,0,0.568710220339586
"2187","beta_trend",6083,2181,0,0.56800836727739
"2188","beta_trend",6083,2182,0,0.56730176251238
"2189","beta_trend",6083,2183,0,0.566590380024444
"2190","beta_trend",6083,2184,0,0.565874198659912
"2191","beta_trend",6083,2185,0,0.565153202200883
"2192","beta_trend",6083,2186,0,0.564427379430533
"2193","beta_trend",6083,2187,0,0.563696724194306
"2194","beta_trend",6083,2188,0,0.56296123545691
"2195","beta_trend",6083,2189,0,0.562220917355033
"2196","beta_trend",6083,2190,0,0.561475779245685
"2197","beta_trend",6083,2191,0,0.560725835750113
"2198","beta_trend",6083,2192,0,0.559971106793182
"2199","beta_trend",6083,2193,0,0.559211617638183
"2200","beta_trend",6083,2194,0,0.558447398916974
"2201","beta_trend",6083,2195,0,0.557678486655406
"2202","beta_trend",6083,2196,0,0.556904922293965
"2203","beta_trend",6083,2197,0,0.556126752703571
"2204","beta_trend",6083,2198,0,0.555344030196492
"2205","beta_trend",6083,2199,0,0.554558815091496
"2206","beta_trend",6083,2200,0,0.553767257709739
"2207","beta_trend",6083,2201,0,0.552971341036157
"2208","beta_trend",6083,2202,0,0.552171139320212
"2209","beta_trend",6083,2203,0,0.551366732238309
"2210","beta_trend",6083,2204,0,0.550558204874656
"2211","beta_trend",6083,2205,0,0.549745647696975
"2212","beta_trend",6083,2206,0,0.548929156527051
"2213","beta_trend",6083,2207,0,0.548108832506093
"2214","beta_trend",6083,2208,0,0.547284782054912
"2215","beta_trend",6083,2209,0,0.546457116828894
"2216","beta_trend",6083,2210,0,0.545625953667781
"2217","beta_trend",6083,2211,0,0.544791414540254
"2218","beta_trend",6083,2212,0,0.54395362648333
"2219","beta_trend",6083,2213,0,0.543112721536587
"2220","beta_trend",6083,2214,0,0.542268836671239
"2221","beta_trend",6083,2215,0,0.541422113714068
"2222","beta_trend",6083,2216,0,0.540572699266268
"2223","beta_trend",6083,2217,0,0.53972074461721
"2224","beta_trend",6083,2218,0,0.538866405653176
"2225","beta_trend",6083,2219,0,0.538009842761108
"2226","beta_trend",6083,2220,0,0.537151220727415
"2227","beta_trend",6083,2221,0,0.536290708631896
"2228","beta_trend",6083,2222,0,0.535428479736828
"2229","beta_trend",6083,2223,0,0.534564711371294
"2230","beta_trend",6083,2224,0,0.533699584810818
"2231","beta_trend",6083,2225,0,0.532833285152367
"2232","beta_trend",6083,2226,0,0.531966001184814
"2233","beta_trend",6083,2227,0,0.531097925254938
"2234","beta_trend",6083,2228,0,0.530229253129052
"2235","beta_trend",6083,2229,0,0.529360183850349
"2236","beta_trend",6083,2230,0,0.528490919592063
"2237","beta_trend",6083,2231,0,0.527621665506554
"2238","beta_trend",6083,2232,0,0.52675262957042
"2239","beta_trend",6083,2233,0,0.525884022425747
"2240","beta_trend",6083,2234,0,0.525016057217616
"2241","beta_trend",6083,2235,0,0.524148949427989
"2242","beta_trend",6083,2236,0,0.523282916706096
"2243","beta_trend",6083,2237,0,0.522418178695458
"2244","beta_trend",6083,2238,0,0.521554956857677
"2245","beta_trend",6083,2239,0,0.520693474293133
"2246","beta_trend",6083,2240,0,0.519833955558729
"2247","beta_trend",6083,2241,0,0.518976626482835
"2248","beta_trend",6083,2242,0,0.518139843466977
"2249","beta_trend",6083,2243,0,0.517286773458812
"2250","beta_trend",6083,2244,0,0.516436609967536
"2251","beta_trend",6083,2245,0,0.515589580681227
"2252","beta_trend",6083,2246,0,0.514745913645806
"2253","beta_trend",6083,2247,0,0.513905837064851
"2254","beta_trend",6083,2248,0,0.51306957909779
"2255","beta_trend",6083,2249,0,0.512237367656633
"2256","beta_trend",6083,2250,0,0.511409430201431
"2257","beta_trend",6083,2251,0,0.510585993534637
"2258","beta_trend",6083,2252,0,0.509767283594546
"2259","beta_trend",6083,2253,0,0.508953525248004
"2260","beta_trend",6083,2254,0,0.508144942082573
"2261","beta_trend",6083,2255,0,0.507341756198339
"2262","beta_trend",6083,2256,0,0.506544187999545
"2263","beta_trend",6083,2257,0,0.505752455986266
"2264","beta_trend",6083,2258,0,0.504966776546283
"2265","beta_trend",6083,2259,0,0.504187363747391
"2266","beta_trend",6083,2260,0,0.503414429130305
"2267","beta_trend",6083,2261,0,0.502648181502383
"2268","beta_trend",6083,2262,0,0.501888826732354
"2269","beta_trend",6083,2263,0,0.501136567546254
"2270","beta_trend",6083,2264,0,0.500391603324764
"2271","beta_trend",6083,2265,0,0.499654129902164
"2272","beta_trend",6083,2266,0,0.498924339367088
"2273","beta_trend",6083,2267,0,0.498202419865285
"2274","beta_trend",6083,2268,0,0.497488555404588
"2275","beta_trend",6083,2269,0,0.496782925662293
"2276","beta_trend",6083,2270,0,0.496085705795136
"2277","beta_trend",6083,2271,0,0.495397066252074
"2278","beta_trend",6083,2272,0,0.49471717259007
"2279","beta_trend",6083,2273,0,0.494046185293065
"2280","beta_trend",6083,2274,0,0.493384259594339
"2281","beta_trend",6083,2275,0,0.492731545302457
"2282","beta_trend",6083,2276,0,0.492088186630976
"2283","beta_trend",6083,2277,0,0.49145432203212
"2284","beta_trend",6083,2278,0,0.490830084034588
"2285","beta_trend",6083,2279,0,0.490215599085699
"2286","beta_trend",6083,2280,0,0.489610987398036
"2287","beta_trend",6083,2281,0,0.489016362800777
"2288","beta_trend",6083,2282,0,0.48843183259589
"2289","beta_trend",6083,2283,0,0.487857497419351
"2290","beta_trend",6083,2284,0,0.487293451107562
"2291","beta_trend",6083,2285,0,0.486739780569136
"2292","beta_trend",6083,2286,0,0.486196565662194
"2293","beta_trend",6083,2287,0,0.48566387907735
"2294","beta_trend",6083,2288,0,0.485141786226517
"2295","beta_trend",6083,2289,0,0.484630345137694
"2296","beta_trend",6083,2290,0,0.484129606355871
"2297","beta_trend",6083,2291,0,0.483639612850191
"2298","beta_trend",6083,2292,0,0.483160399927502
"2299","beta_trend",6083,2293,0,0.482691995152424
"2300","beta_trend",6083,2294,0,0.482234418274064
"2301","beta_trend",6083,2295,0,0.481754052332983
"2302","beta_trend",6083,2296,0,0.481316608027931
"2303","beta_trend",6083,2297,0,0.480889935895019
"2304","beta_trend",6083,2298,0,0.480474021089048
"2305","beta_trend",6083,2299,0,0.480068840584484
"2306","beta_trend",6083,2300,0,0.479674363140873
"2307","beta_trend",6083,2301,0,0.479290549275495
"2308","beta_trend",6083,2302,0,0.478917351243332
"2309","beta_trend",6083,2303,0,0.478554713024417
"2310","beta_trend",6083,2304,0,0.478202570318619
"2311","beta_trend",6083,2305,0,0.477860850547919
"2312","beta_trend",6083,2306,0,0.477529472866226
"2313","beta_trend",6083,2307,0,0.477208348176765
"2314","beta_trend",6083,2308,0,0.476897379157076
"2315","beta_trend",6083,2309,0,0.476596460291643
"2316","beta_trend",6083,2310,0,0.476305477912174
"2317","beta_trend",6083,2311,0,0.476024310245539
"2318","beta_trend",6083,2312,0,0.475752827469376
"2319","beta_trend",6083,2313,0,0.475490891775349
"2320","beta_trend",6083,2314,0,0.475238357440059
"2321","beta_trend",6083,2315,0,0.474995070903574
"2322","beta_trend",6083,2316,0,0.474760870855568
"2323","beta_trend",6083,2317,0,0.47453558832902
"2324","beta_trend",6083,2318,0,0.474319046801441
"2325","beta_trend",6083,2319,0,0.474111062303569
"2326","beta_trend",6083,2320,0,0.473911443535495
"2327","beta_trend",6083,2321,0,0.473719991990125
"2328","beta_trend",6083,2322,0,0.473536502083939
"2329","beta_trend",6083,2323,0,0.473360761294942
"2330","beta_trend",6083,2324,0,0.473192550307739
"2331","beta_trend",6083,2325,0,0.473031643165618
"2332","beta_trend",6083,2326,0,0.472877807429573
"2333","beta_trend",6083,2327,0,0.472730804344114
"2334","beta_trend",6083,2328,0,0.472590389009795
"2335","beta_trend",6083,2329,0,0.472456310562295
"2336","beta_trend",6083,2330,0,0.472328312357953
"2337","beta_trend",6083,2331,0,0.472206132165605
"2338","beta_trend",6083,2332,0,0.472089502364576
"2339","beta_trend",6083,2333,0,0.471978150148687
"2340","beta_trend",6083,2334,0,0.471871797736116
"2341","beta_trend",6083,2335,0,0.471770162584942
"2342","beta_trend",6083,2336,0,0.471672957614208
"2343","beta_trend",6083,2337,0,0.471579891430333
"2344","beta_trend",6083,2338,0,0.471490668558669
"2345","beta_trend",6083,2339,0,0.471403249671433
"2346","beta_trend",6083,2340,0,0.47132088891286
"2347","beta_trend",6083,2341,0,0.471241459709349
"2348","beta_trend",6083,2342,0,0.471164652801739
"2349","beta_trend",6083,2343,0,0.471090156073535
"2350","beta_trend",6083,2344,0,0.471017654809422
"2351","beta_trend",6083,2345,0,0.470946831957487
"2352","beta_trend",6083,2346,0,0.470877368394935
"2353","beta_trend",6083,2347,0,0.470808943197066
"2354","beta_trend",6083,2348,0,0.470741233909276
"2355","beta_trend",6083,2349,0,0.470673916821848
"2356","beta_trend",6083,2350,0,0.470606667247283
"2357","beta_trend",6083,2351,0,0.470539159799931
"2358","beta_trend",6083,2352,0,0.470471068677671
"2359","beta_trend",6083,2353,0,0.470402067945386
"2360","beta_trend",6083,2354,0,0.470331831819971
"2361","beta_trend",6083,2355,0,0.470260034956633
"2362","beta_trend",6083,2356,0,0.470186352736195
"2363","beta_trend",6083,2357,0,0.470110461553168
"2364","beta_trend",6083,2358,0,0.470032039104303
"2365","beta_trend",6083,2359,0,0.469950764677373
"2366","beta_trend",6083,2360,0,0.4698663194399
"2367","beta_trend",6083,2361,0,0.469778386727574
"2368","beta_trend",6083,2362,0,0.469686652332077
"2369","beta_trend",6083,2363,0,0.469590804788053
"2370","beta_trend",6083,2364,0,0.469490535658944
"2371","beta_trend",6083,2365,0,0.469385539821421
"2372","beta_trend",6083,2366,0,0.469275515748141
"2373","beta_trend",6083,2367,0,0.469160165788559
"2374","beta_trend",6083,2368,0,0.469039196447514
"2375","beta_trend",6083,2369,0,0.468912318661335
"2376","beta_trend",6083,2370,0,0.468779248071181
"2377","beta_trend",6083,2371,0,0.468639705293362
"2378","beta_trend",6083,2372,0,0.468493416186367
"2379","beta_trend",6083,2373,0,0.468340112114335
"2380","beta_trend",6083,2374,0,0.468179530206717
"2381","beta_trend",6083,2375,0,0.468011413613852
"2382","beta_trend",6083,2376,0,0.46783551175823
"2383","beta_trend",6083,2377,0,0.467651580581152
"2384","beta_trend",6083,2378,0,0.467459382784574
"2385","beta_trend",6083,2379,0,0.467258688067862
"2386","beta_trend",6083,2380,0,0.467049273359237
"2387","beta_trend",6083,2381,0,0.46683092304165
"2388","beta_trend",6083,2382,0,0.466603429172879
"2389","beta_trend",6083,2383,0,0.4663665916996
"2390","beta_trend",6083,2384,0,0.466120218665216
"2391","beta_trend",6083,2385,0,0.465864126411226
"2392","beta_trend",6083,2386,0,0.465598139771921
"2393","beta_trend",6083,2387,0,0.465322092262198
"2394","beta_trend",6083,2388,0,0.465035826258288
"2395","beta_trend",6083,2389,0,0.464739193171213
"2396","beta_trend",6083,2390,0,0.464432053612769
"2397","beta_trend",6083,2391,0,0.464114277553867
"2398","beta_trend",6083,2392,0,0.463780758550455
"2399","beta_trend",6083,2393,0,0.463441127920699
"2400","beta_trend",6083,2394,0,0.463090518348106
"2401","beta_trend",6083,2395,0,0.462728838260393
"2402","beta_trend",6083,2396,0,0.462356006100418
"2403","beta_trend",6083,2397,0,0.461971950434681
"2404","beta_trend",6083,2398,0,0.461576610053086
"2405","beta_trend",6083,2399,0,0.461169934059839
"2406","beta_trend",6083,2400,0,0.460751881955365
"2407","beta_trend",6083,2401,0,0.460322423709137
"2408","beta_trend",6083,2402,0,0.459881539823326
"2409","beta_trend",6083,2403,0,0.459429221387167
"2410","beta_trend",6083,2404,0,0.458965470121977
"2411","beta_trend",6083,2405,0,0.458490298416736
"2412","beta_trend",6083,2406,0,0.458003729354182
"2413","beta_trend",6083,2407,0,0.457505796727353
"2414","beta_trend",6083,2408,0,0.456996545046545
"2415","beta_trend",6083,2409,0,0.456476029536627
"2416","beta_trend",6083,2410,0,0.455944316124714
"2417","beta_trend",6083,2411,0,0.455401481418158
"2418","beta_trend",6083,2412,0,0.454847612672858
"2419","beta_trend",6083,2413,0,0.454282807751887
"2420","beta_trend",6083,2414,0,0.453707175074453
"2421","beta_trend",6083,2415,0,0.453120833555201
"2422","beta_trend",6083,2416,0,0.452523912533896
"2423","beta_trend",6083,2417,0,0.451916551695524
"2424","beta_trend",6083,2418,0,0.451298900980852
"2425","beta_trend",6083,2419,0,0.450671120487513
"2426","beta_trend",6083,2420,0,0.450033380361675
"2427","beta_trend",6083,2421,0,0.44938586068038
"2428","beta_trend",6083,2422,0,0.448728751324628
"2429","beta_trend",6083,2423,0,0.448062251843302
"2430","beta_trend",6083,2424,0,0.447386571308049
"2431","beta_trend",6083,2425,0,0.446701928159213
"2432","beta_trend",6083,2426,0,0.446008550042952
"2433","beta_trend",6083,2427,0,0.445306673639674
"2434","beta_trend",6083,2428,0,0.444596544483913
"2435","beta_trend",6083,2429,0,0.443878416775817
"2436","beta_trend",6083,2430,0,0.443152553184385
"2437","beta_trend",6083,2431,0,0.442419224642629
"2438","beta_trend",6083,2432,0,0.441678710134831
"2439","beta_trend",6083,2433,0,0.440931296476072
"2440","beta_trend",6083,2434,0,0.440177278084235
"2441","beta_trend",6083,2435,0,0.439423091358591
"2442","beta_trend",6083,2436,0,0.438656504674536
"2443","beta_trend",6083,2437,0,0.437884251117234
"2444","beta_trend",6083,2438,0,0.43710665264399
"2445","beta_trend",6083,2439,0,0.436324037585391
"2446","beta_trend",6083,2440,0,0.435536740375948
"2447","beta_trend",6083,2441,0,0.434745101278772
"2448","beta_trend",6083,2442,0,0.43394946610449
"2449","beta_trend",6083,2443,0,0.433150185924686
"2450","beta_trend",6083,2444,0,0.432347616780109
"2451","beta_trend",6083,2445,0,0.431542119383906
"2452","beta_trend",6083,2446,0,0.430734058820164
"2453","beta_trend",6083,2447,0,0.429923804238029
"2454","beta_trend",6083,2448,0,0.42911172854167
"2455","beta_trend",6083,2449,0,0.42829820807639
"2456","beta_trend",6083,2450,0,0.427483622311157
"2457","beta_trend",6083,2451,0,0.426668353517861
"2458","beta_trend",6083,2452,0,0.42585278644757
"2459","beta_trend",6083,2453,0,0.425037308004112
"2460","beta_trend",6083,2454,0,0.424222306915264
"2461","beta_trend",6083,2455,0,0.423408173401867
"2462","beta_trend",6083,2456,0,0.422595298845159
"2463","beta_trend",6083,2457,0,0.421784075452656
"2464","beta_trend",6083,2458,0,0.420974895922881
"2465","beta_trend",6083,2459,0,0.420168153109249
"2466","beta_trend",6083,2460,0,0.41936423968344
"2467","beta_trend",6083,2461,0,0.418563547798563
"2468","beta_trend",6083,2462,0,0.417766468752434
"2469","beta_trend",6083,2463,0,0.416973392651279
"2470","beta_trend",6083,2464,0,0.416184708074189
"2471","beta_trend",6083,2465,0,0.415400801738634
"2472","beta_trend",6083,2466,0,0.414622058167365
"2473","beta_trend",6083,2467,0,0.413848859357002
"2474","beta_trend",6083,2468,0,0.413081584448643
"2475","beta_trend",6083,2469,0,0.412320609400793
"2476","beta_trend",6083,2470,0,0.411566306664929
"2477","beta_trend",6083,2471,0,0.410819044864007
"2478","beta_trend",6083,2472,0,0.410079188474232
"2479","beta_trend",6083,2473,0,0.409347097510367
"2480","beta_trend",6083,2474,0,0.408623127214918
"2481","beta_trend",6083,2475,0,0.407907627751458
"2482","beta_trend",6083,2476,0,0.407200943902409
"2483","beta_trend",6083,2477,0,0.40650341477156
"2484","beta_trend",6083,2478,0,0.405815373491612
"2485","beta_trend",6083,2479,0,0.405137146937027
"2486","beta_trend",6083,2480,0,0.404469055442464
"2487","beta_trend",6083,2481,0,0.403811412527063
"2488","beta_trend",6083,2482,0,0.403164524624854
"2489","beta_trend",6083,2483,0,0.402528690821548
"2490","beta_trend",6083,2484,0,0.40190420259796
"2491","beta_trend",6083,2485,0,0.401291343580318
"2492","beta_trend",6083,2486,0,0.400690389297696
"2493","beta_trend",6083,2487,0,0.40010160694681
"2494","beta_trend",6083,2488,0,0.399500462221921
"2495","beta_trend",6083,2489,0,0.398935647338067
"2496","beta_trend",6083,2490,0,0.398383704006319
"2497","beta_trend",6083,2491,0,0.397844861878943
"2498","beta_trend",6083,2492,0,0.397319341142832
"2499","beta_trend",6083,2493,0,0.396807352330494
"2500","beta_trend",6083,2494,0,0.396309096139786
"2501","beta_trend",6083,2495,0,0.39582476326254
"2502","beta_trend",6083,2496,0,0.395354534222258
"2503","beta_trend",6083,2497,0,0.394898579221031
"2504","beta_trend",6083,2498,0,0.394457057995823
"2505","beta_trend",6083,2499,0,0.394030119684256
"2506","beta_trend",6083,2500,0,0.393617902700036
"2507","beta_trend",6083,2501,0,0.39322053461812
"2508","beta_trend",6083,2502,0,0.392838132069749
"2509","beta_trend",6083,2503,0,0.392470800647432
"2510","beta_trend",6083,2504,0,0.392118634819989
"2511","beta_trend",6083,2505,0,0.391781717857709
"2512","beta_trend",6083,2506,0,0.391460121767721
"2513","beta_trend",6083,2507,0,0.391153907239608
"2514","beta_trend",6083,2508,0,0.39086312360134
"2515","beta_trend",6083,2509,0,0.390587808785555
"2516","beta_trend",6083,2510,0,0.390327989306209
"2517","beta_trend",6083,2511,0,0.390083680245636
"2518","beta_trend",6083,2512,0,0.389854885252006
"2519","beta_trend",6083,2513,0,0.389641596547199
"2520","beta_trend",6083,2514,0,0.389443794945072
"2521","beta_trend",6083,2515,0,0.389261449880096
"2522","beta_trend",6083,2516,0,0.389094519446351
"2523","beta_trend",6083,2517,0,0.388942950446816
"2524","beta_trend",6083,2518,0,0.388806678452914
"2525","beta_trend",6083,2519,0,0.388685627874251
"2526","beta_trend",6083,2520,0,0.388579712038476
"2527","beta_trend",6083,2521,0,0.388488833281182
"2528","beta_trend",6083,2522,0,0.388412883045754
"2529","beta_trend",6083,2523,0,0.388351741993074
"2530","beta_trend",6083,2524,0,0.388305280120956
"2531","beta_trend",6083,2525,0,0.388273356893211
"2532","beta_trend",6083,2526,0,0.388255821378199
"2533","beta_trend",6083,2527,0,0.388252512396738
"2534","beta_trend",6083,2528,0,0.38826325867922
"2535","beta_trend",6083,2529,0,0.388287879031773
"2536","beta_trend",6083,2530,0,0.388326182511321
"2537","beta_trend",6083,2531,0,0.388377968609349
"2538","beta_trend",6083,2532,0,0.388456266698281
"2539","beta_trend",6083,2533,0,0.388533793034444
"2540","beta_trend",6083,2534,0,0.388624169650228
"2541","beta_trend",6083,2535,0,0.388727158809942
"2542","beta_trend",6083,2536,0,0.388842514290828
"2543","beta_trend",6083,2537,0,0.388969981613841
"2544","beta_trend",6083,2538,0,0.389109298281748
"2545","beta_trend",6083,2539,0,0.3892601940243
"2546","beta_trend",6083,2540,0,0.389422391050236
"2547","beta_trend",6083,2541,0,0.38959560430587
"2548","beta_trend",6083,2542,0,0.389779541740015
"2549","beta_trend",6083,2543,0,0.389973904574967
"2550","beta_trend",6083,2544,0,0.390178387583299
"2551","beta_trend",6083,2545,0,0.390392679370183
"2552","beta_trend",6083,2546,0,0.390616462660966
"2553","beta_trend",6083,2547,0,0.390849414593719
"2554","beta_trend",6083,2548,0,0.391091207016475
"2555","beta_trend",6083,2549,0,0.391341506788858
"2556","beta_trend",6083,2550,0,0.391599976087818
"2557","beta_trend",6083,2551,0,0.391866272717168
"2558","beta_trend",6083,2552,0,0.392140050420625
"2559","beta_trend",6083,2553,0,0.392420959198045
"2560","beta_trend",6083,2554,0,0.392708645624555
"2561","beta_trend",6083,2555,0,0.39300275317226
"2562","beta_trend",6083,2556,0,0.393302922534226
"2563","beta_trend",6083,2557,0,0.393608791950417
"2564","beta_trend",6083,2558,0,0.393919997535272
"2565","beta_trend",6083,2559,0,0.394236173606613
"2566","beta_trend",6083,2560,0,0.394556953015556
"2567","beta_trend",6083,2561,0,0.39488196747712
"2568","beta_trend",6083,2562,0,0.395210847901208
"2569","beta_trend",6083,2563,0,0.395543224723645
"2570","beta_trend",6083,2564,0,0.395878728236958
"2571","beta_trend",6083,2565,0,0.396216988920577
"2572","beta_trend",6083,2566,0,0.396557637770153
"2573","beta_trend",6083,2567,0,0.396900306625666
"2574","beta_trend",6083,2568,0,0.39724462849802
"2575","beta_trend",6083,2569,0,0.397590237893813
"2576","beta_trend",6083,2570,0,0.397936771137972
"2577","beta_trend",6083,2571,0,0.398283866693957
"2578","beta_trend",6083,2572,0,0.398631165481218
"2579","beta_trend",6083,2573,0,0.398978311189621
"2580","beta_trend",6083,2574,0,0.399324950590541
"2581","beta_trend",6083,2575,0,0.399670733844331
"2582","beta_trend",6083,2576,0,0.400015314803875
"2583","beta_trend",6083,2577,0,0.400358351313964
"2584","beta_trend",6083,2578,0,0.400699505506184
"2585","beta_trend",6083,2579,0,0.401038444089074
"2586","beta_trend",6083,2580,0,0.401374838633265
"2587","beta_trend",6083,2581,0,0.401708365851355
"2588","beta_trend",6083,2582,0,0.402038707872248
"2589","beta_trend",6083,2583,0,0.402365552509717
"2590","beta_trend",6083,2584,0,0.402688593524945
"2591","beta_trend",6083,2585,0,0.402991427906615
"2592","beta_trend",6083,2586,0,0.403305226194817
"2593","beta_trend",6083,2587,0,0.403614308135357
"2594","beta_trend",6083,2588,0,0.403918392470442
"2595","beta_trend",6083,2589,0,0.404217205055454
"2596","beta_trend",6083,2590,0,0.404510479079004
"2597","beta_trend",6083,2591,0,0.404797955275389
"2598","beta_trend",6083,2592,0,0.4050793821293
"2599","beta_trend",6083,2593,0,0.405354516072558
"2600","beta_trend",6083,2594,0,0.405623121672756
"2601","beta_trend",6083,2595,0,0.405884971813599
"2602","beta_trend",6083,2596,0,0.406139847866825
"2603","beta_trend",6083,2597,0,0.406387539855534
"2604","beta_trend",6083,2598,0,0.406627846608814
"2605","beta_trend",6083,2599,0,0.406860575907508
"2606","beta_trend",6083,2600,0,0.407085544621035
"2607","beta_trend",6083,2601,0,0.407302578835132
"2608","beta_trend",6083,2602,0,0.407511513970428
"2609","beta_trend",6083,2603,0,0.407712194891757
"2610","beta_trend",6083,2604,0,0.407904476008129
"2611","beta_trend",6083,2605,0,0.40808822136329
"2612","beta_trend",6083,2606,0,0.408263304716803
"2613","beta_trend",6083,2607,0,0.408429609615604
"2614","beta_trend",6083,2608,0,0.408587029455985
"2615","beta_trend",6083,2609,0,0.408735467535974
"2616","beta_trend",6083,2610,0,0.408874837098085
"2617","beta_trend",6083,2611,0,0.409005061362429
"2618","beta_trend",6083,2612,0,0.409126073550173
"2619","beta_trend",6083,2613,0,0.409237816897364
"2620","beta_trend",6083,2614,0,0.409340244659116
"2621","beta_trend",6083,2615,0,0.409433320104205
"2622","beta_trend",6083,2616,0,0.409517016500085
"2623","beta_trend",6083,2617,0,0.409591317088383
"2624","beta_trend",6083,2618,0,0.409656215050915
"2625","beta_trend",6083,2619,0,0.409711713466294
"2626","beta_trend",6083,2620,0,0.409757825257192
"2627","beta_trend",6083,2621,0,0.409794573128341
"2628","beta_trend",6083,2622,0,0.409821989495364
"2629","beta_trend",6083,2623,0,0.409840116404521
"2630","beta_trend",6083,2624,0,0.409849005443496
"2631","beta_trend",6083,2625,0,0.409848717643325
"2632","beta_trend",6083,2626,0,0.409839323371592
"2633","beta_trend",6083,2627,0,0.409820902217027
"2634","beta_trend",6083,2628,0,0.409796491066431
"2635","beta_trend",6083,2629,0,0.409760160798233
"2636","beta_trend",6083,2630,0,0.409715101927159
"2637","beta_trend",6083,2631,0,0.409661429390322
"2638","beta_trend",6083,2632,0,0.409599266653019
"2639","beta_trend",6083,2633,0,0.409528745544687
"2640","beta_trend",6083,2634,0,0.409450006087415
"2641","beta_trend",6083,2635,0,0.409363196317201
"2642","beta_trend",6083,2636,0,0.409268472098141
"2643","beta_trend",6083,2637,0,0.409165996929773
"2644","beta_trend",6083,2638,0,0.409055941747775
"2645","beta_trend",6083,2639,0,0.408938484718237
"2646","beta_trend",6083,2640,0,0.408813811025732
"2647","beta_trend",6083,2641,0,0.408682112655413
"2648","beta_trend",6083,2642,0,0.408543588169371
"2649","beta_trend",6083,2643,0,0.408398442477489
"2650","beta_trend",6083,2644,0,0.408246886603043
"2651","beta_trend",6083,2645,0,0.408089137443289
"2652","beta_trend",6083,2646,0,0.407925417525291
"2653","beta_trend",6083,2647,0,0.407755954757256
"2654","beta_trend",6083,2648,0,0.407580982175617
"2655","beta_trend",6083,2649,0,0.407400737688142
"2656","beta_trend",6083,2650,0,0.407215463813333
"2657","beta_trend",6083,2651,0,0.407025407416378
"2658","beta_trend",6083,2652,0,0.406830819441932
"2659","beta_trend",6083,2653,0,0.406631954644
"2660","beta_trend",6083,2654,0,0.406429071313204
"2661","beta_trend",6083,2655,0,0.406222431001695
"2662","beta_trend",6083,2656,0,0.406012298246011
"2663","beta_trend",6083,2657,0,0.405798940288144
"2664","beta_trend",6083,2658,0,0.405582626795102
"2665","beta_trend",6083,2659,0,0.405363629577257
"2666","beta_trend",6083,2660,0,0.405142222305742
"2667","beta_trend",6083,2661,0,0.404918680229195
"2668","beta_trend",6083,2662,0,0.404693279890129
"2669","beta_trend",6083,2663,0,0.404466298841198
"2670","beta_trend",6083,2664,0,0.404238015361655
"2671","beta_trend",6083,2665,0,0.404008708174264
"2672","beta_trend",6083,2666,0,0.403778656162967
"2673","beta_trend",6083,2667,0,0.403548138091547
"2674","beta_trend",6083,2668,0,0.4033174323236
"2675","beta_trend",6083,2669,0,0.403086816544059
"2676","beta_trend",6083,2670,0,0.402856567482549
"2677","beta_trend",6083,2671,0,0.402626960638841
"2678","beta_trend",6083,2672,0,0.402398270010668
"2679","beta_trend",6083,2673,0,0.402170767824158
"2680","beta_trend",6083,2674,0,0.401944724267147
"2681","beta_trend",6083,2675,0,0.401720407225619
"2682","beta_trend",6083,2676,0,0.401498082023522
"2683","beta_trend",6083,2677,0,0.401278011166219
"2684","beta_trend",6083,2678,0,0.401060454087783
"2685","beta_trend",6083,2679,0,0.400845666902404
"2686","beta_trend",6083,2680,0,0.400633902160122
"2687","beta_trend",6083,2681,0,0.400406526526961
"2688","beta_trend",6083,2682,0,0.400200677866709
"2689","beta_trend",6083,2683,0,0.39999854765152
"2690","beta_trend",6083,2684,0,0.39980037028893
"2691","beta_trend",6083,2685,0,0.399606375416326
"2692","beta_trend",6083,2686,0,0.399416787685275
"2693","beta_trend",6083,2687,0,0.399231826551583
"2694","beta_trend",6083,2688,0,0.399051706071267
"2695","beta_trend",6083,2689,0,0.398876634702618
"2696","beta_trend",6083,2690,0,0.398706815114524
"2697","beta_trend",6083,2691,0,0.398542444001209
"2698","beta_trend",6083,2692,0,0.398383711903555
"2699","beta_trend",6083,2693,0,0.398230803037148
"2700","beta_trend",6083,2694,0,0.398083895127181
"2701","beta_trend",6083,2695,0,0.397943159250365
"2702","beta_trend",6083,2696,0,0.397808759683961
"2703","beta_trend",6083,2697,0,0.397680853762056
"2704","beta_trend",6083,2698,0,0.397559591739185
"2705","beta_trend",6083,2699,0,0.397445116661422
"2706","beta_trend",6083,2700,0,0.397337564245012
"2707","beta_trend",6083,2701,0,0.39723706276264
"2708","beta_trend",6083,2702,0,0.397143732937427
"2709","beta_trend",6083,2703,0,0.397057687844705
"2710","beta_trend",6083,2704,0,0.396979032821643
"2711","beta_trend",6083,2705,0,0.396907865384789
"2712","beta_trend",6083,2706,0,0.396844275155551
"2713","beta_trend",6083,2707,0,0.396788343793681
"2714","beta_trend",6083,2708,0,0.396740144938777
"2715","beta_trend",6083,2709,0,0.39669974415983
"2716","beta_trend",6083,2710,0,0.396667198912831
"2717","beta_trend",6083,2711,0,0.396642558506447
"2718","beta_trend",6083,2712,0,0.396625864075753
"2719","beta_trend",6083,2713,0,0.396617148564033
"2720","beta_trend",6083,2714,0,0.396616436712606
"2721","beta_trend",6083,2715,0,0.396623745058673
"2722","beta_trend",6083,2716,0,0.396639081941136
"2723","beta_trend",6083,2717,0,0.396662447514361
"2724","beta_trend",6083,2718,0,0.396693833769833
"2725","beta_trend",6083,2719,0,0.396733224565632
"2726","beta_trend",6083,2720,0,0.396780595663699
"2727","beta_trend",6083,2721,0,0.396835914774783
"2728","beta_trend",6083,2722,0,0.396899141611018
"2729","beta_trend",6083,2723,0,0.396970227946038
"2730","beta_trend",6083,2724,0,0.397049117682528
"2731","beta_trend",6083,2725,0,0.397164559676776
"2732","beta_trend",6083,2726,0,0.397257581253749
"2733","beta_trend",6083,2727,0,0.39735824505622
"2734","beta_trend",6083,2728,0,0.397466462211811
"2735","beta_trend",6083,2729,0,0.397582136500039
"2736","beta_trend",6083,2730,0,0.397705164459657
"2737","beta_trend",6083,2731,0,0.39783543550269
"2738","beta_trend",6083,2732,0,0.397972832035002
"2739","beta_trend",6083,2733,0,0.398117229583253
"2740","beta_trend",6083,2734,0,0.398268496928093
"2741","beta_trend",6083,2735,0,0.398426496243415
"2742","beta_trend",6083,2736,0,0.398591083241529
"2743","beta_trend",6083,2737,0,0.398762107324048
"2744","beta_trend",6083,2738,0,0.398939411738348
"2745","beta_trend",6083,2739,0,0.399122833739392
"2746","beta_trend",6083,2740,0,0.399312204756751
"2747","beta_trend",6083,2741,0,0.399507350566623
"2748","beta_trend",6083,2742,0,0.399708091468665
"2749","beta_trend",6083,2743,0,0.399914242467431
"2750","beta_trend",6083,2744,0,0.400125613458229
"2751","beta_trend",6083,2745,0,0.400342009417183
"2752","beta_trend",6083,2746,0,0.400563230595305
"2753","beta_trend",6083,2747,0,0.400789072716349
"2754","beta_trend",6083,2748,0,0.401019327178266
"2755","beta_trend",6083,2749,0,0.401253781258013
"2756","beta_trend",6083,2750,0,0.401492218319526
"2757","beta_trend",6083,2751,0,0.401734418024624
"2758","beta_trend",6083,2752,0,0.401980156546636
"2759","beta_trend",6083,2753,0,0.402229206786521
"2760","beta_trend",6083,2754,0,0.402481338591265
"2761","beta_trend",6083,2755,0,0.40273631897433
"2762","beta_trend",6083,2756,0,0.402993912337938
"2763","beta_trend",6083,2757,0,0.403253880696953
"2764","beta_trend",6083,2758,0,0.403515983904151
"2765","beta_trend",6083,2759,0,0.40377997987665
"2766","beta_trend",6083,2760,0,0.404045624823266
"2767","beta_trend",6083,2761,0,0.404312673472592
"2768","beta_trend",6083,2762,0,0.40458087930156
"2769","beta_trend",6083,2763,0,0.404849994764268
"2770","beta_trend",6083,2764,0,0.405119771520861
"2771","beta_trend",6083,2765,0,0.405389960666235
"2772","beta_trend",6083,2766,0,0.405660312958351
"2773","beta_trend",6083,2767,0,0.405930579045947
"2774","beta_trend",6083,2768,0,0.406200509695425
"2775","beta_trend",6083,2769,0,0.406469856016715
"2776","beta_trend",6083,2770,0,0.406738369687887
"2777","beta_trend",6083,2771,0,0.407005803178326
"2778","beta_trend",6083,2772,0,0.40727190997025
"2779","beta_trend",6083,2773,0,0.407536444778374
"2780","beta_trend",6083,2774,0,0.407799163767531
"2781","beta_trend",6083,2775,0,0.408059824768036
"2782","beta_trend",6083,2776,0,0.408318187488625
"2783","beta_trend",6083,2777,0,0.408574013726764
"2784","beta_trend",6083,2778,0,0.4088072404395
"2785","beta_trend",6083,2779,0,0.409056374990245
"2786","beta_trend",6083,2780,0,0.409302233357238
"2787","beta_trend",6083,2781,0,0.409544586129197
"2788","beta_trend",6083,2782,0,0.409783206929701
"2789","beta_trend",6083,2783,0,0.410017872606056
"2790","beta_trend",6083,2784,0,0.410248363414292
"2791","beta_trend",6083,2785,0,0.410474463200119
"2792","beta_trend",6083,2786,0,0.410695959575713
"2793","beta_trend",6083,2787,0,0.410912644092171
"2794","beta_trend",6083,2788,0,0.411124312407513
"2795","beta_trend",6083,2789,0,0.411330764450075
"2796","beta_trend",6083,2790,0,0.411531804577194
"2797","beta_trend",6083,2791,0,0.411727241729037
"2798","beta_trend",6083,2792,0,0.41191688957747
"2799","beta_trend",6083,2793,0,0.412100566669851
"2800","beta_trend",6083,2794,0,0.412278096567646
"2801","beta_trend",6083,2795,0,0.412449307979768
"2802","beta_trend",6083,2796,0,0.412614034890534
"2803","beta_trend",6083,2797,0,0.412772116682165
"2804","beta_trend",6083,2798,0,0.412923398251747
"2805","beta_trend",6083,2799,0,0.413067730122565
"2806","beta_trend",6083,2800,0,0.413204968549752
"2807","beta_trend",6083,2801,0,0.413334975620177
"2808","beta_trend",6083,2802,0,0.413457619346533
"2809","beta_trend",6083,2803,0,0.413572773755549
"2810","beta_trend",6083,2804,0,0.413680318970304
"2811","beta_trend",6083,2805,0,0.413780141286577
"2812","beta_trend",6083,2806,0,0.413872133243233
"2813","beta_trend",6083,2807,0,0.413956193686581
"2814","beta_trend",6083,2808,0,0.414032227828712
"2815","beta_trend",6083,2809,0,0.414100147299785
"2816","beta_trend",6083,2810,0,0.414159870194258
"2817","beta_trend",6083,2811,0,0.414211321111061
"2818","beta_trend",6083,2812,0,0.414254431187704
"2819","beta_trend",6083,2813,0,0.414289138128351
"2820","beta_trend",6083,2814,0,0.414315386225843
"2821","beta_trend",6083,2815,0,0.414333126377721
"2822","beta_trend",6083,2816,0,0.41434231609625
"2823","beta_trend",6083,2817,0,0.414342919512493
"2824","beta_trend",6083,2818,0,0.414334907374464
"2825","beta_trend",6083,2819,0,0.414318257039401
"2826","beta_trend",6083,2820,0,0.414292952460215
"2827","beta_trend",6083,2821,0,0.414254725752324
"2828","beta_trend",6083,2822,0,0.414212279111992
"2829","beta_trend",6083,2823,0,0.414161161543954
"2830","beta_trend",6083,2824,0,0.414101383444493
"2831","beta_trend",6083,2825,0,0.414032961641082
"2832","beta_trend",6083,2826,0,0.413955919345521
"2833","beta_trend",6083,2827,0,0.413870286101731
"2834","beta_trend",6083,2828,0,0.413776097728263
"2835","beta_trend",6083,2829,0,0.413673396255639
"2836","beta_trend",6083,2830,0,0.413562229858599
"2837","beta_trend",6083,2831,0,0.413442652783378
"2838","beta_trend",6083,2832,0,0.413314725270097
"2839","beta_trend",6083,2833,0,0.413178513470397
"2840","beta_trend",6083,2834,0,0.413034089360406
"2841","beta_trend",6083,2835,0,0.412881530649181
"2842","beta_trend",6083,2836,0,0.412720920682723
"2843","beta_trend",6083,2837,0,0.412552348343701
"2844","beta_trend",6083,2838,0,0.412375907947006
"2845","beta_trend",6083,2839,0,0.41219169913127
"2846","beta_trend",6083,2840,0,0.411999826746472
"2847","beta_trend",6083,2841,0,0.411800400737781
"2848","beta_trend",6083,2842,0,0.41159353602576
"2849","beta_trend",6083,2843,0,0.411379352383078
"2850","beta_trend",6083,2844,0,0.411157974307874
"2851","beta_trend",6083,2845,0,0.41092953089391
"2852","beta_trend",6083,2846,0,0.410694155697668
"2853","beta_trend",6083,2847,0,0.410451986602536
"2854","beta_trend",6083,2848,0,0.410203165680227
"2855","beta_trend",6083,2849,0,0.409947839049598
"2856","beta_trend",6083,2850,0,0.409686156732996
"2857","beta_trend",6083,2851,0,0.409418272510319
"2858","beta_trend",6083,2852,0,0.409144343770909
"2859","beta_trend",6083,2853,0,0.408864531363464
"2860","beta_trend",6083,2854,0,0.408578999444111
"2861","beta_trend",6083,2855,0,0.408287915322788
"2862","beta_trend",6083,2856,0,0.407991449308114
"2863","beta_trend",6083,2857,0,0.407689774550888
"2864","beta_trend",6083,2858,0,0.407383066886374
"2865","beta_trend",6083,2859,0,0.407071504675538
"2866","beta_trend",6083,2860,0,0.406755268645385
"2867","beta_trend",6083,2861,0,0.406434541728562
"2868","beta_trend",6083,2862,0,0.406109508902367
"2869","beta_trend",6083,2863,0,0.405780357027336
"2870","beta_trend",6083,2864,0,0.405447274685549
"2871","beta_trend",6083,2865,0,0.405110452018819
"2872","beta_trend",6083,2866,0,0.404770080566903
"2873","beta_trend",6083,2867,0,0.404426353105893
"2874","beta_trend",6083,2868,0,0.404079463486941
"2875","beta_trend",6083,2869,0,0.403729606475451
"2876","beta_trend",6083,2870,0,0.403376977590894
"2877","beta_trend",6083,2871,0,0.40302177294739
"2878","beta_trend",6083,2872,0,0.402664189095192
"2879","beta_trend",6083,2873,0,0.402304422863219
"2880","beta_trend",6083,2874,0,0.401922519241421
"2881","beta_trend",6083,2875,0,0.401558049378341
"2882","beta_trend",6083,2876,0,0.40119194728947
"2883","beta_trend",6083,2877,0,0.400824407727761
"2884","beta_trend",6083,2878,0,0.400455624896742
"2885","beta_trend",6083,2879,0,0.40008579230008
"2886","beta_trend",6083,2880,0,0.399715102593047
"2887","beta_trend",6083,2881,0,0.399343747435989
"2888","beta_trend",6083,2882,0,0.398971917349936
"2889","beta_trend",6083,2883,0,0.39859980157444
"2890","beta_trend",6083,2884,0,0.398227587927768
"2891","beta_trend",6083,2885,0,0.397855462669544
"2892","beta_trend",6083,2886,0,0.397483610365947
"2893","beta_trend",6083,2887,0,0.397112213757557
"2894","beta_trend",6083,2888,0,0.396741453629954
"2895","beta_trend",6083,2889,0,0.396371508687147
"2896","beta_trend",6083,2890,0,0.396002555427934
"2897","beta_trend",6083,2891,0,0.395634768025267
"2898","beta_trend",6083,2892,0,0.395268318208709
"2899","beta_trend",6083,2893,0,0.39490337515005
"2900","beta_trend",6083,2894,0,0.394540105352167
"2901","beta_trend",6083,2895,0,0.39417867254119
"2902","beta_trend",6083,2896,0,0.393819237562031
"2903","beta_trend",6083,2897,0,0.393461958277356
"2904","beta_trend",6083,2898,0,0.39310698947004
"2905","beta_trend",6083,2899,0,0.392754482749165
"2906","beta_trend",6083,2900,0,0.392404586459612
"2907","beta_trend",6083,2901,0,0.39205744559529
"2908","beta_trend",6083,2902,0,0.39171320171604
"2909","beta_trend",6083,2903,0,0.391371992868263
"2910","beta_trend",6083,2904,0,0.39103395350929
"2911","beta_trend",6083,2905,0,0.390699214435538
"2912","beta_trend",6083,2906,0,0.390367902714469
"2913","beta_trend",6083,2907,0,0.390040141620378
"2914","beta_trend",6083,2908,0,0.389716050574025
"2915","beta_trend",6083,2909,0,0.38939574508613
"2916","beta_trend",6083,2910,0,0.389079336704737
"2917","beta_trend",6083,2911,0,0.38876693296646
"2918","beta_trend",6083,2912,0,0.388458637351601
"2919","beta_trend",6083,2913,0,0.388154549243158
"2920","beta_trend",6083,2914,0,0.387854763889703
"2921","beta_trend",6083,2915,0,0.387559372372129
"2922","beta_trend",6083,2916,0,0.387268461574255
"2923","beta_trend",6083,2917,0,0.386982114157275
"2924","beta_trend",6083,2918,0,0.386739137073943
"2925","beta_trend",6083,2919,0,0.386460433052186
"2926","beta_trend",6083,2920,0,0.386186586831371
"2927","beta_trend",6083,2921,0,0.385917661164937
"2928","beta_trend",6083,2922,0,0.385653714616408
"2929","beta_trend",6083,2923,0,0.385394801552966
"2930","beta_trend",6083,2924,0,0.385140972142759
"2931","beta_trend",6083,2925,0,0.384892272355922
"2932","beta_trend",6083,2926,0,0.384648743969235
"2933","beta_trend",6083,2927,0,0.384410424574402
"2934","beta_trend",6083,2928,0,0.384177347589879
"2935","beta_trend",6083,2929,0,0.383949542276194
"2936","beta_trend",6083,2930,0,0.383727033754727
"2937","beta_trend",6083,2931,0,0.383509843029864
"2938","beta_trend",6083,2932,0,0.383297987014474
"2939","beta_trend",6083,2933,0,0.383091478558656
"2940","beta_trend",6083,2934,0,0.382890326481671
"2941","beta_trend",6083,2935,0,0.382694535607005
"2942","beta_trend",6083,2936,0,0.382504106800491
"2943","beta_trend",6083,2937,0,0.38231903701141
"2944","beta_trend",6083,2938,0,0.382139319316512
"2945","beta_trend",6083,2939,0,0.381964942966866
"2946","beta_trend",6083,2940,0,0.381795893437475
"2947","beta_trend",6083,2941,0,0.381632152479567
"2948","beta_trend",6083,2942,0,0.381473698175494
"2949","beta_trend",6083,2943,0,0.381320504996143
"2950","beta_trend",6083,2944,0,0.381172543860795
"2951","beta_trend",6083,2945,0,0.381029782199325
"2952","beta_trend",6083,2946,0,0.380892184016684
"2953","beta_trend",6083,2947,0,0.380759709959558
"2954","beta_trend",6083,2948,0,0.380632317385127
"2955","beta_trend",6083,2949,0,0.380509960431832
"2956","beta_trend",6083,2950,0,0.380392590092066
"2957","beta_trend",6083,2951,0,0.380280154286704
"2958","beta_trend",6083,2952,0,0.380172597941369
"2959","beta_trend",6083,2953,0,0.380069863064362
"2960","beta_trend",6083,2954,0,0.379971888826153
"2961","beta_trend",6083,2955,0,0.379878611640358
"2962","beta_trend",6083,2956,0,0.379789965246092
"2963","beta_trend",6083,2957,0,0.379705880791628
"2964","beta_trend",6083,2958,0,0.379626286919259
"2965","beta_trend",6083,2959,0,0.379551109851285
"2966","beta_trend",6083,2960,0,0.379480273477019
"2967","beta_trend",6083,2961,0,0.379413699440744
"2968","beta_trend",6083,2962,0,0.379351307230515
"2969","beta_trend",6083,2963,0,0.379293014267729
"2970","beta_trend",6083,2964,0,0.379238735997365
"2971","beta_trend",6083,2965,0,0.379188385978829
"2972","beta_trend",6083,2966,0,0.379141875977279
"2973","beta_trend",6083,2967,0,0.379099116055398
"2974","beta_trend",6083,2968,0,0.379060014665473
"2975","beta_trend",6083,2969,0,0.379024478741751
"2976","beta_trend",6083,2970,0,0.378992413792943
"2977","beta_trend",6083,2971,0,0.378948320651434
"2978","beta_trend",6083,2972,0,0.378922199169554
"2979","beta_trend",6083,2973,0,0.37889922672239
"2980","beta_trend",6083,2974,0,0.378879302792552
"2981","beta_trend",6083,2975,0,0.37886232585297
"2982","beta_trend",6083,2976,0,0.378848193457217
"2983","beta_trend",6083,2977,0,0.378836802329425
"2984","beta_trend",6083,2978,0,0.378828048453707
"2985","beta_trend",6083,2979,0,0.378821827163023
"2986","beta_trend",6083,2980,0,0.378818033227421
"2987","beta_trend",6083,2981,0,0.378816560941575
"2988","beta_trend",6083,2982,0,0.378817304211571
"2989","beta_trend",6083,2983,0,0.378820156640856
"2990","beta_trend",6083,2984,0,0.378825011615306
"2991","beta_trend",6083,2985,0,0.378831762387346
"2992","beta_trend",6083,2986,0,0.378840302159053
"2993","beta_trend",6083,2987,0,0.3788505241642
"2994","beta_trend",6083,2988,0,0.378862321749184
"2995","beta_trend",6083,2989,0,0.378875588452766
"2996","beta_trend",6083,2990,0,0.378890218084603
"2997","beta_trend",6083,2991,0,0.378906104802495
"2998","beta_trend",6083,2992,0,0.378923143188312
"2999","beta_trend",6083,2993,0,0.378941228322557
"3000","beta_trend",6083,2994,0,0.378960255857521
"3001","beta_trend",6083,2995,0,0.378980122088978
"3002","beta_trend",6083,2996,0,0.379000724026398
"3003","beta_trend",6083,2997,0,0.379021959461633
"3004","beta_trend",6083,2998,0,0.379043727036032
"3005","beta_trend",6083,2999,0,0.379065926305969
"3006","beta_trend",6083,3000,0,0.379088457806738
"3007","beta_trend",6083,3001,0,0.379111223114801
"3008","beta_trend",6083,3002,0,0.379134124908343
"3009","beta_trend",6083,3003,0,0.379157067026127
"3010","beta_trend",6083,3004,0,0.379179954524619
"3011","beta_trend",6083,3005,0,0.37920269373336
"3012","beta_trend",6083,3006,0,0.379225192308567
"3013","beta_trend",6083,3007,0,0.379247359284953
"3014","beta_trend",6083,3008,0,0.379269105125746
"3015","beta_trend",6083,3009,0,0.379290341770888
"3016","beta_trend",6083,3010,0,0.379310982683414
"3017","beta_trend",6083,3011,0,0.379330942894004
"3018","beta_trend",6083,3012,0,0.379350139043681
"3019","beta_trend",6083,3013,0,0.379368489424679
"3020","beta_trend",6083,3014,0,0.37938591401945
"3021","beta_trend",6083,3015,0,0.379400481219167
"3022","beta_trend",6083,3016,0,0.379415903265967
"3023","beta_trend",6083,3017,0,0.37943016652523
"3024","beta_trend",6083,3018,0,0.379443198229764
"3025","beta_trend",6083,3019,0,0.379454927464969
"3026","beta_trend",6083,3020,0,0.379465285196948
"3027","beta_trend",6083,3021,0,0.379474204298811
"3028","beta_trend",6083,3022,0,0.379481619575152
"3029","beta_trend",6083,3023,0,0.379487467784725
"3030","beta_trend",6083,3024,0,0.379491687661332
"3031","beta_trend",6083,3025,0,0.37949421993294
"3032","beta_trend",6083,3026,0,0.379495007339034
"3033","beta_trend",6083,3027,0,0.379493994646237
"3034","beta_trend",6083,3028,0,0.379491128662206
"3035","beta_trend",6083,3029,0,0.379486358247834
"3036","beta_trend",6083,3030,0,0.379479634327766
"3037","beta_trend",6083,3031,0,0.379470909899275
"3038","beta_trend",6083,3032,0,0.379460140039495
"3039","beta_trend",6083,3033,0,0.379447281911058
"3040","beta_trend",6083,3034,0,0.379432294766157
"3041","beta_trend",6083,3035,0,0.379415139949048
"3042","beta_trend",6083,3036,0,0.379395780897045
"3043","beta_trend",6083,3037,0,0.379374183140014
"3044","beta_trend",6083,3038,0,0.379350314298416
"3045","beta_trend",6083,3039,0,0.379324144079911
"3046","beta_trend",6083,3040,0,0.379295644274574
"3047","beta_trend",6083,3041,0,0.379264788748742
"3048","beta_trend",6083,3042,0,0.379231553437537
"3049","beta_trend",6083,3043,0,0.379195916336086
"3050","beta_trend",6083,3044,0,0.379157857489488
"3051","beta_trend",6083,3045,0,0.379117358981552
"3052","beta_trend",6083,3046,0,0.379074404922347
"3053","beta_trend",6083,3047,0,0.379028981434602
"3054","beta_trend",6083,3048,0,0.378981076638988
"3055","beta_trend",6083,3049,0,0.378930680638325
"3056","beta_trend",6083,3050,0,0.378877785500747
"3057","beta_trend",6083,3051,0,0.378822385241869
"3058","beta_trend",6083,3052,0,0.378764475805985
"3059","beta_trend",6083,3053,0,0.378704055046347
"3060","beta_trend",6083,3054,0,0.378641122704553
"3061","beta_trend",6083,3055,0,0.378575680389092
"3062","beta_trend",6083,3056,0,0.378507731553076
"3063","beta_trend",6083,3057,0,0.378437281471206
"3064","beta_trend",6083,3058,0,0.378364337216005
"3065","beta_trend",6083,3059,0,0.378288907633362
"3066","beta_trend",6083,3060,0,0.378211003317419
"3067","beta_trend",6083,3061,0,0.37813063658485
"3068","beta_trend",6083,3062,0,0.378047821448555
"3069","beta_trend",6083,3063,0,0.377962573590825
"3070","beta_trend",6083,3064,0,0.377874910336004
"3071","beta_trend",6083,3065,0,0.377784850622689
"3072","beta_trend",6083,3066,0,0.377692414975509
"3073","beta_trend",6083,3067,0,0.377567972771332
"3074","beta_trend",6083,3068,0,0.37746948486621
"3075","beta_trend",6083,3069,0,0.377368632296093
"3076","beta_trend",6083,3070,0,0.377265439223792
"3077","beta_trend",6083,3071,0,0.377159931161927
"3078","beta_trend",6083,3072,0,0.37705213493993
"3079","beta_trend",6083,3073,0,0.376942078670789
"3080","beta_trend",6083,3074,0,0.376829791717565
"3081","beta_trend",6083,3075,0,0.376715304659714
"3082","beta_trend",6083,3076,0,0.37659864925925
"3083","beta_trend",6083,3077,0,0.37647985842677
"3084","beta_trend",6083,3078,0,0.376358966187382
"3085","beta_trend",6083,3079,0,0.376236007646553
"3086","beta_trend",6083,3080,0,0.376111018955915
"3087","beta_trend",6083,3081,0,0.375984037279053
"3088","beta_trend",6083,3082,0,0.3758551007573
"3089","beta_trend",6083,3083,0,0.375724248475564
"3090","beta_trend",6083,3084,0,0.375591520428223
"3091","beta_trend",6083,3085,0,0.375456957485099
"3092","beta_trend",6083,3086,0,0.375320601357542
"3093","beta_trend",6083,3087,0,0.375182494564641
"3094","beta_trend",6083,3088,0,0.375042680399602
"3095","beta_trend",6083,3089,0,0.374901202896284
"3096","beta_trend",6083,3090,0,0.374758106795946
"3097","beta_trend",6083,3091,0,0.374613437514199
"3098","beta_trend",6083,3092,0,0.374467241108198
"3099","beta_trend",6083,3093,0,0.374319564244085
"3100","beta_trend",6083,3094,0,0.374170454164704
"3101","beta_trend",6083,3095,0,0.374019958657598
"3102","beta_trend",6083,3096,0,0.373868126023313
"3103","beta_trend",6083,3097,0,0.373715005044017
"3104","beta_trend",6083,3098,0,0.373560644952447
"3105","beta_trend",6083,3099,0,0.373405095401204
"3106","beta_trend",6083,3100,0,0.373248406432401
"3107","beta_trend",6083,3101,0,0.373090628447682
"3108","beta_trend",6083,3102,0,0.372931812178615
"3109","beta_trend",6083,3103,0,0.372772008657476
"3110","beta_trend",6083,3104,0,0.372611269188427
"3111","beta_trend",6083,3105,0,0.372449645319105
"3112","beta_trend",6083,3106,0,0.372287188812615
"3113","beta_trend",6083,3107,0,0.372123951619949
"3114","beta_trend",6083,3108,0,0.371959985852829
"3115","beta_trend",6083,3109,0,0.371795343756975
"3116","beta_trend",6083,3110,0,0.371630077685817
"3117","beta_trend",6083,3111,0,0.37149687114602
"3118","beta_trend",6083,3112,0,0.371329070206151
"3119","beta_trend",6083,3113,0,0.371160863365995
"3120","beta_trend",6083,3114,0,0.370992300765557
"3121","beta_trend",6083,3115,0,0.370823432614951
"3122","beta_trend",6083,3116,0,0.370654309167884
"3123","beta_trend",6083,3117,0,0.370484980695662
"3124","beta_trend",6083,3118,0,0.370315497461723
"3125","beta_trend",6083,3119,0,0.370145909696695
"3126","beta_trend",6083,3120,0,0.369976267573961
"3127","beta_trend",6083,3121,0,0.369806621185752
"3128","beta_trend",6083,3122,0,0.36963702051973
"3129","beta_trend",6083,3123,0,0.369467515436087
"3130","beta_trend",6083,3124,0,0.36929815564513
"3131","beta_trend",6083,3125,0,0.369128990685356
"3132","beta_trend",6083,3126,0,0.368960069902016
"3133","beta_trend",6083,3127,0,0.368791442426142
"3134","beta_trend",6083,3128,0,0.368623157154048
"3135","beta_trend",6083,3129,0,0.368455262727287
"3136","beta_trend",6083,3130,0,0.368287807513055
"3137","beta_trend",6083,3131,0,0.368120839585036
"3138","beta_trend",6083,3132,0,0.367954406704685
"3139","beta_trend",6083,3133,0,0.367788556302916
"3140","beta_trend",6083,3134,0,0.367623335462224
"3141","beta_trend",6083,3135,0,0.367458790899188
"3142","beta_trend",6083,3136,0,0.367294968947376
"3143","beta_trend",6083,3137,0,0.367131915540634
"3144","beta_trend",6083,3138,0,0.366969676196732
"3145","beta_trend",6083,3139,0,0.366808296001388
"3146","beta_trend",6083,3140,0,0.366647819592621
"3147","beta_trend",6083,3141,0,0.366488291145461
"3148","beta_trend",6083,3142,0,0.36632975435697
"3149","beta_trend",6083,3143,0,0.366172252431589
"3150","beta_trend",6083,3144,0,0.366015828066785
"3151","beta_trend",6083,3145,0,0.365860523438994
"3152","beta_trend",6083,3146,0,0.365706380189845
"3153","beta_trend",6083,3147,0,0.365553439412657
"3154","beta_trend",6083,3148,0,0.365401741639197
"3155","beta_trend",6083,3149,0,0.365251326826682
"3156","beta_trend",6083,3150,0,0.365102234345033
"3157","beta_trend",6083,3151,0,0.364954502964345
"3158","beta_trend",6083,3152,0,0.364808170842581
"3159","beta_trend",6083,3153,0,0.364663275513475
"3160","beta_trend",6083,3154,0,0.364519853874629
"3161","beta_trend",6083,3155,0,0.364377942175803
"3162","beta_trend",6083,3156,0,0.364237576007379
"3163","beta_trend",6083,3157,0,0.364098790288998
"3164","beta_trend",6083,3158,0,0.363961619258357
"3165","beta_trend",6083,3159,0,0.363826096460152
"3166","beta_trend",6083,3160,0,0.363692254735176
"3167","beta_trend",6083,3161,0,0.36356012620954
"3168","beta_trend",6083,3162,0,0.363429742284027
"3169","beta_trend",6083,3163,0,0.363301133623568
"3170","beta_trend",6083,3164,0,0.36316093528497
"3171","beta_trend",6083,3165,0,0.363035348858953
"3172","beta_trend",6083,3166,0,0.362911598349337
"3173","beta_trend",6083,3167,0,0.362789710287372
"3174","beta_trend",6083,3168,0,0.362669710376971
"3175","beta_trend",6083,3169,0,0.362551623483434
"3176","beta_trend",6083,3170,0,0.362435473622208
"3177","beta_trend",6083,3171,0,0.362321283947693
"3178","beta_trend",6083,3172,0,0.362209076742077
"3179","beta_trend",6083,3173,0,0.362098873404205
"3180","beta_trend",6083,3174,0,0.361990694438473
"3181","beta_trend",6083,3175,0,0.361884559443751
"3182","beta_trend",6083,3176,0,0.361780487102323
"3183","beta_trend",6083,3177,0,0.361678495168854
"3184","beta_trend",6083,3178,0,0.361578600459377
"3185","beta_trend",6083,3179,0,0.361480818840295
"3186","beta_trend",6083,3180,0,0.361385165217413
"3187","beta_trend",6083,3181,0,0.361291653524982
"3188","beta_trend",6083,3182,0,0.361200296714773
"3189","beta_trend",6083,3183,0,0.361111106745171
"3190","beta_trend",6083,3184,0,0.361024094570301
"3191","beta_trend",6083,3185,0,0.360939270129177
"3192","beta_trend",6083,3186,0,0.360856642334895
"3193","beta_trend",6083,3187,0,0.360776219063857
"3194","beta_trend",6083,3188,0,0.36069800714504
"3195","beta_trend",6083,3189,0,0.36062201234932
"3196","beta_trend",6083,3190,0,0.36054823937884
"3197","beta_trend",6083,3191,0,0.360476691856452
"3198","beta_trend",6083,3192,0,0.360407372315219
"3199","beta_trend",6083,3193,0,0.360340282187998
"3200","beta_trend",6083,3194,0,0.36027542179711
"3201","beta_trend",6083,3195,0,0.3602127903441
"3202","beta_trend",6083,3196,0,0.360152385899607
"3203","beta_trend",6083,3197,0,0.360094205393343
"3204","beta_trend",6083,3198,0,0.3600382446042
"3205","beta_trend",6083,3199,0,0.359984498150496
"3206","beta_trend",6083,3200,0,0.359932959480361
"3207","beta_trend",6083,3201,0,0.359883620862297
"3208","beta_trend",6083,3202,0,0.359836473375894
"3209","beta_trend",6083,3203,0,0.359791506902754
"3210","beta_trend",6083,3204,0,0.359748710117593
"3211","beta_trend",6083,3205,0,0.359708070479582
"3212","beta_trend",6083,3206,0,0.359669574223896
"3213","beta_trend",6083,3207,0,0.359633206353529
"3214","beta_trend",6083,3208,0,0.359603584877205
"3215","beta_trend",6083,3209,0,0.359571218468912
"3216","beta_trend",6083,3210,0,0.359540936614501
"3217","beta_trend",6083,3211,0,0.359512718970988
"3218","beta_trend",6083,3212,0,0.359486543938942
"3219","beta_trend",6083,3213,0,0.359462388655692
"3220","beta_trend",6083,3214,0,0.359440228988919
"3221","beta_trend",6083,3215,0,0.359420039530634
"3222","beta_trend",6083,3216,0,0.359401793591579
"3223","beta_trend",6083,3217,0,0.35938546319605
"3224","beta_trend",6083,3218,0,0.359371019077177
"3225","beta_trend",6083,3219,0,0.359358430672668
"3226","beta_trend",6083,3220,0,0.359347666121054
"3227","beta_trend",6083,3221,0,0.359338692258426
"3228","beta_trend",6083,3222,0,0.359331474615716
"3229","beta_trend",6083,3223,0,0.359325977416521
"3230","beta_trend",6083,3224,0,0.359322163575492
"3231","beta_trend",6083,3225,0,0.359319994697319
"3232","beta_trend",6083,3226,0,0.359319431076323
"3233","beta_trend",6083,3227,0,0.359320431696673
"3234","beta_trend",6083,3228,0,0.359322954233263
"3235","beta_trend",6083,3229,0,0.359326955053249
"3236","beta_trend",6083,3230,0,0.359332389218281
"3237","beta_trend",6083,3231,0,0.359339210487448
"3238","beta_trend",6083,3232,0,0.359347371320951
"3239","beta_trend",6083,3233,0,0.359356822884525
"3240","beta_trend",6083,3234,0,0.359367515054635
"3241","beta_trend",6083,3235,0,0.359379396424466
"3242","beta_trend",6083,3236,0,0.35939241431071
"3243","beta_trend",6083,3237,0,0.359406514761195
"3244","beta_trend",6083,3238,0,0.359421642563357
"3245","beta_trend",6083,3239,0,0.359437741253577
"3246","beta_trend",6083,3240,0,0.359454753127404
"3247","beta_trend",6083,3241,0,0.359472619250682
"3248","beta_trend",6083,3242,0,0.359491279471595
"3249","beta_trend",6083,3243,0,0.359510672433651
"3250","beta_trend",6083,3244,0,0.359530735589622
"3251","beta_trend",6083,3245,0,0.359551405216445
"3252","beta_trend",6083,3246,0,0.359572616431125
"3253","beta_trend",6083,3247,0,0.359594303207625
"3254","beta_trend",6083,3248,0,0.359616398394774
"3255","beta_trend",6083,3249,0,0.359638833735215
"3256","beta_trend",6083,3250,0,0.359661539885382
"3257","beta_trend",6083,3251,0,0.35968444643654
"3258","beta_trend",6083,3252,0,0.359707481936897
"3259","beta_trend",6083,3253,0,0.359730573914783
"3260","beta_trend",6083,3254,0,0.359753648902929
"3261","beta_trend",6083,3255,0,0.359776632463844
"3262","beta_trend",6083,3256,0,0.359799449216295
"3263","beta_trend",6083,3257,0,0.359822022862907
"3264","beta_trend",6083,3258,0,0.359844276218891
"3265","beta_trend",6083,3259,0,0.359866131241894
"3266","beta_trend",6083,3260,0,0.359887509062991
"3267","beta_trend",6083,3261,0,0.359870675868234
"3268","beta_trend",6083,3262,0,0.359889126339632
"3269","beta_trend",6083,3263,0,0.35990678315407
"3270","beta_trend",6083,3264,0,0.359923561425336
"3271","beta_trend",6083,3265,0,0.359939375499781
"3272","beta_trend",6083,3266,0,0.359954138990448
"3273","beta_trend",6083,3267,0,0.359967764812232
"3274","beta_trend",6083,3268,0,0.359980165218092
"3275","beta_trend",6083,3269,0,0.359991251836285
"3276","beta_trend",6083,3270,0,0.360000935708627
"3277","beta_trend",6083,3271,0,0.360009127329778
"3278","beta_trend",6083,3272,0,0.360015736687526
"3279","beta_trend",6083,3273,0,0.360020673304073
"3280","beta_trend",6083,3274,0,0.36002384627831
"3281","beta_trend",6083,3275,0,0.360025164329057
"3282","beta_trend",6083,3276,0,0.360024535839277
"3283","beta_trend",6083,3277,0,0.360021868901219
"3284","beta_trend",6083,3278,0,0.360017071362498
"3285","beta_trend",6083,3279,0,0.360010050873088
"3286","beta_trend",6083,3280,0,0.3600007149332
"3287","beta_trend",6083,3281,0,0.359988970942036
"3288","beta_trend",6083,3282,0,0.359974726247396
"3289","beta_trend",6083,3283,0,0.359957888196111
"3290","beta_trend",6083,3284,0,0.35993836418528
"3291","beta_trend",6083,3285,0,0.359916061714291
"3292","beta_trend",6083,3286,0,0.359890888437593
"3293","beta_trend",6083,3287,0,0.359862752218195
"3294","beta_trend",6083,3288,0,0.359831561181866
"3295","beta_trend",6083,3289,0,0.359797223772001
"3296","beta_trend",6083,3290,0,0.359759648805127
"3297","beta_trend",6083,3291,0,0.359718745527013
"3298","beta_trend",6083,3292,0,0.359674423669354
"3299","beta_trend",6083,3293,0,0.359626593506992
"3300","beta_trend",6083,3294,0,0.35957516591564
"3301","beta_trend",6083,3295,0,0.359520052430077
"3302","beta_trend",6083,3296,0,0.359461165302763
"3303","beta_trend",6083,3297,0,0.35939841756285
"3304","beta_trend",6083,3298,0,0.359331723075541
"3305","beta_trend",6083,3299,0,0.35926099660176
"3306","beta_trend",6083,3300,0,0.359186153858084
"3307","beta_trend",6083,3301,0,0.359107111576906
"3308","beta_trend",6083,3302,0,0.359023787566776
"3309","beta_trend",6083,3303,0,0.358936100772874
"3310","beta_trend",6083,3304,0,0.358868132416241
"3311","beta_trend",6083,3305,0,0.358770412470571
"3312","beta_trend",6083,3306,0,0.358668138880051
"3313","beta_trend",6083,3307,0,0.358561233973222
"3314","beta_trend",6083,3308,0,0.358449621582623
"3315","beta_trend",6083,3309,0,0.358333227102957
"3316","beta_trend",6083,3310,0,0.358211977549129
"3317","beta_trend",6083,3311,0,0.358085801614084
"3318","beta_trend",6083,3312,0,0.357954629726402
"3319","beta_trend",6083,3313,0,0.357818394107602
"3320","beta_trend",6083,3314,0,0.357677028829084
"3321","beta_trend",6083,3315,0,0.357530469868674
"3322","beta_trend",6083,3316,0,0.357378655166704
"3323","beta_trend",6083,3317,0,0.357221524681575
"3324","beta_trend",6083,3318,0,0.357059020444757
"3325","beta_trend",6083,3319,0,0.356891086615148
"3326","beta_trend",6083,3320,0,0.356717669532769
"3327","beta_trend",6083,3321,0,0.3565387177717
"3328","beta_trend",6083,3322,0,0.356354182192242
"3329","beta_trend",6083,3323,0,0.356164015992212
"3330","beta_trend",6083,3324,0,0.355968174757339
"3331","beta_trend",6083,3325,0,0.355766616510699
"3332","beta_trend",6083,3326,0,0.355559301761123
"3333","beta_trend",6083,3327,0,0.355346193550543
"3334","beta_trend",6083,3328,0,0.355127257500195
"3335","beta_trend",6083,3329,0,0.354902461855649
"3336","beta_trend",6083,3330,0,0.354671777530591
"3337","beta_trend",6083,3331,0,0.354435178149314
"3338","beta_trend",6083,3332,0,0.354192640087863
"3339","beta_trend",6083,3333,0,0.353944142513776
"3340","beta_trend",6083,3334,0,0.353689667424372
"3341","beta_trend",6083,3335,0,0.353429199683534
"3342","beta_trend",6083,3336,0,0.353162727056933
"3343","beta_trend",6083,3337,0,0.352890240245645
"3344","beta_trend",6083,3338,0,0.352611732918112
"3345","beta_trend",6083,3339,0,0.352327201740392
"3346","beta_trend",6083,3340,0,0.352036646404662
"3347","beta_trend",6083,3341,0,0.351740069655912
"3348","beta_trend",6083,3342,0,0.351437477316799
"3349","beta_trend",6083,3343,0,0.351128878310606
"3350","beta_trend",6083,3344,0,0.350814284682266
"3351","beta_trend",6083,3345,0,0.350493711617413
"3352","beta_trend",6083,3346,0,0.350167177459411
"3353","beta_trend",6083,3347,0,0.349834703724329
"3354","beta_trend",6083,3348,0,0.349496315113823
"3355","beta_trend",6083,3349,0,0.34915203952588
"3356","beta_trend",6083,3350,0,0.348801908063402
"3357","beta_trend",6083,3351,0,0.34844595504059
"3358","beta_trend",6083,3352,0,0.348084217987096
"3359","beta_trend",6083,3353,0,0.347716737649912
"3360","beta_trend",6083,3354,0,0.347343557992974
"3361","beta_trend",6083,3355,0,0.346964726194447
"3362","beta_trend",6083,3356,0,0.346580292641674
"3363","beta_trend",6083,3357,0,0.346172707446314
"3364","beta_trend",6083,3358,0,0.345776423000327
"3365","beta_trend",6083,3359,0,0.345374671869216
"3366","beta_trend",6083,3360,0,0.344967515749616
"3367","beta_trend",6083,3361,0,0.344555019433099
"3368","beta_trend",6083,3362,0,0.344137250784911
"3369","beta_trend",6083,3363,0,0.343714280720209
"3370","beta_trend",6083,3364,0,0.343286183177781
"3371","beta_trend",6083,3365,0,0.34285303509125
"3372","beta_trend",6083,3366,0,0.34241491635775
"3373","beta_trend",6083,3367,0,0.341971909804076
"3374","beta_trend",6083,3368,0,0.341524101150308
"3375","beta_trend",6083,3369,0,0.341071578970912
"3376","beta_trend",6083,3370,0,0.34061443465332
"3377","beta_trend",6083,3371,0,0.340152762353999
"3378","beta_trend",6083,3372,0,0.339686658952019
"3379","beta_trend",6083,3373,0,0.339216224000131
"3380","beta_trend",6083,3374,0,0.338741559673367
"3381","beta_trend",6083,3375,0,0.338262770715185
"3382","beta_trend",6083,3376,0,0.337779964381179
"3383","beta_trend",6083,3377,0,0.337293250380363
"3384","beta_trend",6083,3378,0,0.336802740814073
"3385","beta_trend",6083,3379,0,0.336308550112499
"3386","beta_trend",6083,3380,0,0.335810794968885
"3387","beta_trend",6083,3381,0,0.335309594271426
"3388","beta_trend",6083,3382,0,0.334805069032893
"3389","beta_trend",6083,3383,0,0.334297342318034
"3390","beta_trend",6083,3384,0,0.333786539168778
"3391","beta_trend",6083,3385,0,0.333272786527291
"3392","beta_trend",6083,3386,0,0.332756213156932
"3393","beta_trend",6083,3387,0,0.332236949561143
"3394","beta_trend",6083,3388,0,0.331715127900341
"3395","beta_trend",6083,3389,0,0.331190881906841
"3396","beta_trend",6083,3390,0,0.330664346797894
"3397","beta_trend",6083,3391,0,0.33013565918686
"3398","beta_trend",6083,3392,0,0.329604956992613
"3399","beta_trend",6083,3393,0,0.329072379347206
"3400","beta_trend",6083,3394,0,0.328538066501883
"3401","beta_trend",6083,3395,0,0.328002159731492
"3402","beta_trend",6083,3396,0,0.327464801237367
"3403","beta_trend",6083,3397,0,0.326926134048756
"3404","beta_trend",6083,3398,0,0.326386301922862
"3405","beta_trend",6083,3399,0,0.325845449243565
"3406","beta_trend",6083,3400,0,0.325303720918919
"3407","beta_trend",6083,3401,0,0.324776293978924
"3408","beta_trend",6083,3402,0,0.324232584666715
"3409","beta_trend",6083,3403,0,0.323688464524082
"3410","beta_trend",6083,3404,0,0.323144078403868
"3411","beta_trend",6083,3405,0,0.322599571195184
"3412","beta_trend",6083,3406,0,0.322055087713846
"3413","beta_trend",6083,3407,0,0.321510772592196
"3414","beta_trend",6083,3408,0,0.320966770168399
"3415","beta_trend",6083,3409,0,0.320423224375296
"3416","beta_trend",6083,3410,0,0.319880278628927
"3417","beta_trend",6083,3411,0,0.319338075716786
"3418","beta_trend",6083,3412,0,0.318796757685933
"3419","beta_trend",6083,3413,0,0.318256465731035
"3420","beta_trend",6083,3414,0,0.317717340082445
"3421","beta_trend",6083,3415,0,0.317179519894408
"3422","beta_trend",6083,3416,0,0.316643143133501
"3423","beta_trend",6083,3417,0,0.316108346467395
"3424","beta_trend",6083,3418,0,0.315575265154052
"3425","beta_trend",6083,3419,0,0.315044032931439
"3426","beta_trend",6083,3420,0,0.314514781907877
"3427","beta_trend",6083,3421,0,0.313987642453115
"3428","beta_trend",6083,3422,0,0.313462743090231
"3429","beta_trend",6083,3423,0,0.312940210388469
"3430","beta_trend",6083,3424,0,0.312420168857104
"3431","beta_trend",6083,3425,0,0.31190274084044
"3432","beta_trend",6083,3426,0,0.311388046414045
"3433","beta_trend",6083,3427,0,0.310876203282317
"3434","beta_trend",6083,3428,0,0.310367326677493
"3435","beta_trend",6083,3429,0,0.309861529260189
"3436","beta_trend",6083,3430,0,0.309358921021578
"3437","beta_trend",6083,3431,0,0.308859609187306
"3438","beta_trend",6083,3432,0,0.308363698123239
"3439","beta_trend",6083,3433,0,0.307871289243146
"3440","beta_trend",6083,3434,0,0.307382480918405
"3441","beta_trend",6083,3435,0,0.306897368389839
"3442","beta_trend",6083,3436,0,0.30641604368177
"3443","beta_trend",6083,3437,0,0.305938595518383
"3444","beta_trend",6083,3438,0,0.3054651092425
"3445","beta_trend",6083,3439,0,0.304995666736843
"3446","beta_trend",6083,3440,0,0.304530346347887
"3447","beta_trend",6083,3441,0,0.304069222812382
"3448","beta_trend",6083,3442,0,0.303612367186635
"3449","beta_trend",6083,3443,0,0.303159846778632
"3450","beta_trend",6083,3444,0,0.302711725083089
"3451","beta_trend",6083,3445,0,0.302268061719496
"3452","beta_trend",6083,3446,0,0.301828912373258
"3453","beta_trend",6083,3447,0,0.301394328739979
"3454","beta_trend",6083,3448,0,0.300964358472989
"3455","beta_trend",6083,3449,0,0.300539045134167
"3456","beta_trend",6083,3450,0,0.300118428148135
"3457","beta_trend",6083,3451,0,0.299702542759889
"3458","beta_trend",6083,3452,0,0.299291419995937
"3459","beta_trend",6083,3453,0,0.298885086628983
"3460","beta_trend",6083,3454,0,0.298447484411938
"3461","beta_trend",6083,3455,0,0.298049132016781
"3462","beta_trend",6083,3456,0,0.297655551424307
"3463","beta_trend",6083,3457,0,0.297266749194382
"3464","beta_trend",6083,3458,0,0.29688272740355
"3465","beta_trend",6083,3459,0,0.296503483628614
"3466","beta_trend",6083,3460,0,0.296129010934021
"3467","beta_trend",6083,3461,0,0.295759297863073
"3468","beta_trend",6083,3462,0,0.295394328433025
"3469","beta_trend",6083,3463,0,0.295034082134055
"3470","beta_trend",6083,3464,0,0.294678533932168
"3471","beta_trend",6083,3465,0,0.294327654276034
"3472","beta_trend",6083,3466,0,0.293981409107783
"3473","beta_trend",6083,3467,0,0.293639759877766
"3474","beta_trend",6083,3468,0,0.293302663563298
"3475","beta_trend",6083,3469,0,0.292970072691388
"3476","beta_trend",6083,3470,0,0.292641935365447
"3477","beta_trend",6083,3471,0,0.292318195295997
"3478","beta_trend",6083,3472,0,0.291998791835339
"3479","beta_trend",6083,3473,0,0.291683660016218
"3480","beta_trend",6083,3474,0,0.291372730594425
"3481","beta_trend",6083,3475,0,0.291065930095351
"3482","beta_trend",6083,3476,0,0.290763180864467
"3483","beta_trend",6083,3477,0,0.290464401121692
"3484","beta_trend",6083,3478,0,0.290169505019639
"3485","beta_trend",6083,3479,0,0.289878402705696
"3486","beta_trend",6083,3480,0,0.28959100038791
"3487","beta_trend",6083,3481,0,0.289307200404633
"3488","beta_trend",6083,3482,0,0.289026901297896
"3489","beta_trend",6083,3483,0,0.288749997890442
"3490","beta_trend",6083,3484,0,0.288476381366404
"3491","beta_trend",6083,3485,0,0.288205939355526
"3492","beta_trend",6083,3486,0,0.287938556020918
"3493","beta_trend",6083,3487,0,0.287674112150249
"3494","beta_trend",6083,3488,0,0.287412485250327
"3495","beta_trend",6083,3489,0,0.287153549644993
"3496","beta_trend",6083,3490,0,0.286897176576267
"3497","beta_trend",6083,3491,0,0.286643234308652
"3498","beta_trend",6083,3492,0,0.286391588236536
"3499","beta_trend",6083,3493,0,0.286142100994595
"3500","beta_trend",6083,3494,0,0.285894632571126
"3501","beta_trend",6083,3495,0,0.285649040424205
"3502","beta_trend",6083,3496,0,0.285405179600591
"3503","beta_trend",6083,3497,0,0.28518138305905
"3504","beta_trend",6083,3498,0,0.284939723223382
"3505","beta_trend",6083,3499,0,0.284699380929146
"3506","beta_trend",6083,3500,0,0.284460201465753
"3507","beta_trend",6083,3501,0,0.284222028392875
"3508","beta_trend",6083,3502,0,0.28398470367208
"3509","beta_trend",6083,3503,0,0.283748067800525
"3510","beta_trend",6083,3504,0,0.283511959946601
"3511","beta_trend",6083,3505,0,0.283276218087414
"3512","beta_trend",6083,3506,0,0.283040679147979
"3513","beta_trend",6083,3507,0,0.282805179142001
"3514","beta_trend",6083,3508,0,0.282569553314134
"3515","beta_trend",6083,3509,0,0.282333636283578
"3516","beta_trend",6083,3510,0,0.282097262188891
"3517","beta_trend",6083,3511,0,0.281860264833893
"3518","beta_trend",6083,3512,0,0.28162247783453
"3519","beta_trend",6083,3513,0,0.28138373476655
"3520","beta_trend",6083,3514,0,0.281143869313892
"3521","beta_trend",6083,3515,0,0.280902715417613
"3522","beta_trend",6083,3516,0,0.280660107425258
"3523","beta_trend",6083,3517,0,0.280415880240501
"3524","beta_trend",6083,3518,0,0.280169869472944
"3525","beta_trend",6083,3519,0,0.279921911587931
"3526","beta_trend",6083,3520,0,0.279671844056235
"3527","beta_trend",6083,3521,0,0.279419505503476
"3528","beta_trend",6083,3522,0,0.279164735859147
"3529","beta_trend",6083,3523,0,0.278907376505092
"3530","beta_trend",6083,3524,0,0.278647270423307
"3531","beta_trend",6083,3525,0,0.278384262342924
"3532","beta_trend",6083,3526,0,0.278118198886236
"3533","beta_trend",6083,3527,0,0.277848928713634
"3534","beta_trend",6083,3528,0,0.277576302667304
"3535","beta_trend",6083,3529,0,0.277300173913566
"3536","beta_trend",6083,3530,0,0.277020398083704
"3537","beta_trend",6083,3531,0,0.27673683341316
"3538","beta_trend",6083,3532,0,0.27644934087896
"3539","beta_trend",6083,3533,0,0.276157784335229
"3540","beta_trend",6083,3534,0,0.275862030646683
"3541","beta_trend",6083,3535,0,0.275561949819949
"3542","beta_trend",6083,3536,0,0.275257415132599
"3543","beta_trend",6083,3537,0,0.27494830325977
"3544","beta_trend",6083,3538,0,0.274634494398233
"3545","beta_trend",6083,3539,0,0.274315872387819
"3546","beta_trend",6083,3540,0,0.273992324830046
"3547","beta_trend",6083,3541,0,0.273663743203857
"3548","beta_trend",6083,3542,0,0.273330022978348
"3549","beta_trend",6083,3543,0,0.272991063722364
"3550","beta_trend",6083,3544,0,0.272646769210863
"3551","beta_trend",6083,3545,0,0.272297047527945
"3552","beta_trend",6083,3546,0,0.27194181116643
"3553","beta_trend",6083,3547,0,0.271580977123896
"3554","beta_trend",6083,3548,0,0.271214466995069
"3555","beta_trend",6083,3549,0,0.270842207060487
"3556","beta_trend",6083,3550,0,0.270439531859193
"3557","beta_trend",6083,3551,0,0.270054436529654
"3558","beta_trend",6083,3552,0,0.269663349897229
"3559","beta_trend",6083,3553,0,0.269266215796477
"3560","beta_trend",6083,3554,0,0.268862983057642
"3561","beta_trend",6083,3555,0,0.26845360556864
"3562","beta_trend",6083,3556,0,0.268038042332686
"3563","beta_trend",6083,3557,0,0.267616257521494
"3564","beta_trend",6083,3558,0,0.26718822052398
"3565","beta_trend",6083,3559,0,0.26675390599042
"3566","beta_trend",6083,3560,0,0.266313293872
"3567","beta_trend",6083,3561,0,0.265866369455719
"3568","beta_trend",6083,3562,0,0.265413123394588
"3569","beta_trend",6083,3563,0,0.264953551733103
"3570","beta_trend",6083,3564,0,0.264487655927934
"3571","beta_trend",6083,3565,0,0.264015442863812
"3572","beta_trend",6083,3566,0,0.263536924864592
"3573","beta_trend",6083,3567,0,0.263052119699451
"3574","beta_trend",6083,3568,0,0.262561050584225
"3575","beta_trend",6083,3569,0,0.262063746177856
"3576","beta_trend",6083,3570,0,0.261560240573947
"3577","beta_trend",6083,3571,0,0.261050573287428
"3578","beta_trend",6083,3572,0,0.260534789236312
"3579","beta_trend",6083,3573,0,0.260012938718585
"3580","beta_trend",6083,3574,0,0.259485077384195
"3581","beta_trend",6083,3575,0,0.258951266202192
"3582","beta_trend",6083,3576,0,0.258411571423024
"3583","beta_trend",6083,3577,0,0.257866064536012
"3584","beta_trend",6083,3578,0,0.257314822222037
"3585","beta_trend",6083,3579,0,0.256757926301478
"3586","beta_trend",6083,3580,0,0.256195463677428
"3587","beta_trend",6083,3581,0,0.255627526274246
"3588","beta_trend",6083,3582,0,0.255054210971483
"3589","beta_trend",6083,3583,0,0.254475619533236
"3590","beta_trend",6083,3584,0,0.253891858532991
"3591","beta_trend",6083,3585,0,0.253303039274016
"3592","beta_trend",6083,3586,0,0.252709277705371
"3593","beta_trend",6083,3587,0,0.252110694333598
"3594","beta_trend",6083,3588,0,0.251507414130176
"3595","beta_trend",6083,3589,0,0.250899566434819
"3596","beta_trend",6083,3590,0,0.250287284854692
"3597","beta_trend",6083,3591,0,0.249670707159642
"3598","beta_trend",6083,3592,0,0.249049975173533
"3599","beta_trend",6083,3593,0,0.248425234661772
"3600","beta_trend",6083,3594,0,0.247815223127496
"3601","beta_trend",6083,3595,0,0.247182094575411
"3602","beta_trend",6083,3596,0,0.246545451864352
"3603","beta_trend",6083,3597,0,0.245905453963052
"3604","beta_trend",6083,3598,0,0.245262263215962
"3605","beta_trend",6083,3599,0,0.244616045208531
"3606","beta_trend",6083,3600,0,0.243966968629514
"3607","beta_trend",6083,3601,0,0.243315205130414
"3608","beta_trend",6083,3602,0,0.242660929182194
"3609","beta_trend",6083,3603,0,0.242004317929379
"3610","beta_trend",6083,3604,0,0.241345551041687
"3611","beta_trend",6083,3605,0,0.24068481056332
"3612","beta_trend",6083,3606,0,0.240022280760052
"3613","beta_trend",6083,3607,0,0.23935814796425
"3614","beta_trend",6083,3608,0,0.238692600417977
"3615","beta_trend",6083,3609,0,0.23802582811431
"3616","beta_trend",6083,3610,0,0.237358022637025
"3617","beta_trend",6083,3611,0,0.236689376998799
"3618","beta_trend",6083,3612,0,0.236020085478074
"3619","beta_trend",6083,3613,0,0.235350343454724
"3620","beta_trend",6083,3614,0,0.234680347244705
"3621","beta_trend",6083,3615,0,0.234010293933802
"3622","beta_trend",6083,3616,0,0.233340381210667
"3623","beta_trend",6083,3617,0,0.232670807199274
"3624","beta_trend",6083,3618,0,0.23200177029096
"3625","beta_trend",6083,3619,0,0.231333468976213
"3626","beta_trend",6083,3620,0,0.230666101676348
"3627","beta_trend",6083,3621,0,0.229999866575247
"3628","beta_trend",6083,3622,0,0.22933496145131
"3629","beta_trend",6083,3623,0,0.228671583509781
"3630","beta_trend",6083,3624,0,0.228009929215596
"3631","beta_trend",6083,3625,0,0.227350194126929
"3632","beta_trend",6083,3626,0,0.22669257272957
"3633","beta_trend",6083,3627,0,0.226037258272315
"3634","beta_trend",6083,3628,0,0.225384442603508
"3635","beta_trend",6083,3629,0,0.22473431600889
"3636","beta_trend",6083,3630,0,0.224087067050923
"3637","beta_trend",6083,3631,0,0.223442882409723
"3638","beta_trend",6083,3632,0,0.222801946725765
"3639","beta_trend",6083,3633,0,0.222164442444509
"3640","beta_trend",6083,3634,0,0.221530549663091
"3641","beta_trend",6083,3635,0,0.220900445979225
"3642","beta_trend",6083,3636,0,0.220274306342467
"3643","beta_trend",6083,3637,0,0.219652302907974
"3644","beta_trend",6083,3638,0,0.219034604892905
"3645","beta_trend",6083,3639,0,0.218421378435599
"3646","beta_trend",6083,3640,0,0.217812786457663
"3647","beta_trend",6083,3641,0,0.217208988529106
"3648","beta_trend",6083,3642,0,0.216610140736651
"3649","beta_trend",6083,3643,0,0.216016395555337
"3650","beta_trend",6083,3644,0,0.215427901723555
"3651","beta_trend",6083,3645,0,0.214844804121627
"3652","beta_trend",6083,3646,0,0.214267243654043
"3653","beta_trend",6083,3647,0,0.213657115837717
"3654","beta_trend",6083,3648,0,0.213089275240484
"3655","beta_trend",6083,3649,0,0.212527293088296
"3656","beta_trend",6083,3650,0,0.211971290188123
"3657","beta_trend",6083,3651,0,0.211421382726208
"3658","beta_trend",6083,3652,0,0.210877682170727
"3659","beta_trend",6083,3653,0,0.210340295178734
"3660","beta_trend",6083,3654,0,0.209809323507449
"3661","beta_trend",6083,3655,0,0.209284863929999
"3662","beta_trend",6083,3656,0,0.208767008155665
"3663","beta_trend",6083,3657,0,0.208255842754721
"3664","beta_trend",6083,3658,0,0.207751449087922
"3665","beta_trend",6083,3659,0,0.207253903240713
"3666","beta_trend",6083,3660,0,0.206763275962214
"3667","beta_trend",6083,3661,0,0.206279632609034
"3668","beta_trend",6083,3662,0,0.205803033093955
"3669","beta_trend",6083,3663,0,0.205333531839554
"3670","beta_trend",6083,3664,0,0.204871177736771
"3671","beta_trend",6083,3665,0,0.204416014108482
"3672","beta_trend",6083,3666,0,0.203968078678098
"3673","beta_trend",6083,3667,0,0.203527403543212
"3674","beta_trend",6083,3668,0,0.203094015154319
"3675","beta_trend",6083,3669,0,0.202667934298621
"3676","beta_trend",6083,3670,0,0.202249176088931
"3677","beta_trend",6083,3671,0,0.201837749957679
"3678","beta_trend",6083,3672,0,0.201433659656013
"3679","beta_trend",6083,3673,0,0.201036903258008
"3680","beta_trend",6083,3674,0,0.200647473169956
"3681","beta_trend",6083,3675,0,0.200265356144733
"3682","beta_trend",6083,3676,0,0.199890533301214
"3683","beta_trend",6083,3677,0,0.199522980148732
"3684","beta_trend",6083,3678,0,0.199162666616518
"3685","beta_trend",6083,3679,0,0.198809557088129
"3686","beta_trend",6083,3680,0,0.198463610440789
"3687","beta_trend",6083,3681,0,0.198124780089622
"3688","beta_trend",6083,3682,0,0.197793014036725
"3689","beta_trend",6083,3683,0,0.197468254925017
"3690","beta_trend",6083,3684,0,0.197150440096824
"3691","beta_trend",6083,3685,0,0.196839501657129
"3692","beta_trend",6083,3686,0,0.196535366541415
"3693","beta_trend",6083,3687,0,0.196237956588043
"3694","beta_trend",6083,3688,0,0.195947188615085
"3695","beta_trend",6083,3689,0,0.195662974501533
"3696","beta_trend",6083,3690,0,0.195405029372759
"3697","beta_trend",6083,3691,0,0.19513276286563
"3698","beta_trend",6083,3692,0,0.19486679387096
"3699","beta_trend",6083,3693,0,0.194607013958806
"3700","beta_trend",6083,3694,0,0.194353310281643
"3701","beta_trend",6083,3695,0,0.194105565678203
"3702","beta_trend",6083,3696,0,0.193863658781064
"3703","beta_trend",6083,3697,0,0.193627464127903
"3704","beta_trend",6083,3698,0,0.193396852276284
"3705","beta_trend",6083,3699,0,0.193171689921868
"3706","beta_trend",6083,3700,0,0.192951840019924
"3707","beta_trend",6083,3701,0,0.192737161910025
"3708","beta_trend",6083,3702,0,0.192527511443798
"3709","beta_trend",6083,3703,0,0.192322741115591
"3710","beta_trend",6083,3704,0,0.192122700195951
"3711","beta_trend",6083,3705,0,0.191927234867751
"3712","beta_trend",6083,3706,0,0.191736188364854
"3713","beta_trend",6083,3707,0,0.191549401113161
"3714","beta_trend",6083,3708,0,0.191366710873912
"3715","beta_trend",6083,3709,0,0.191187952889098
"3716","beta_trend",6083,3710,0,0.191012960028837
"3717","beta_trend",6083,3711,0,0.190841562940573
"3718","beta_trend",6083,3712,0,0.190673590199955
"3719","beta_trend",6083,3713,0,0.190508868463241
"3720","beta_trend",6083,3714,0,0.190347222621083
"3721","beta_trend",6083,3715,0,0.190188475953551
"3722","beta_trend",6083,3716,0,0.190032450286235
"3723","beta_trend",6083,3717,0,0.189878966147279
"3724","beta_trend",6083,3718,0,0.189727842925199
"3725","beta_trend",6083,3719,0,0.189578899027332
"3726","beta_trend",6083,3720,0,0.189431952038761
"3727","beta_trend",6083,3721,0,0.189286818881572
"3728","beta_trend",6083,3722,0,0.189143315974285
"3729","beta_trend",6083,3723,0,0.189001259391314
"3730","beta_trend",6083,3724,0,0.188860465022297
"3731","beta_trend",6083,3725,0,0.188720748731161
"3732","beta_trend",6083,3726,0,0.188581926514756
"3733","beta_trend",6083,3727,0,0.188443814660919
"3734","beta_trend",6083,3728,0,0.188306229905827
"3735","beta_trend",6083,3729,0,0.188168989590476
"3736","beta_trend",6083,3730,0,0.188031911816156
"3737","beta_trend",6083,3731,0,0.18789481559878
"3738","beta_trend",6083,3732,0,0.18775752102191
"3739","beta_trend",6083,3733,0,0.187619849388356
"3740","beta_trend",6083,3734,0,0.18748162337021
"3741","beta_trend",6083,3735,0,0.187342667157163
"3742","beta_trend",6083,3736,0,0.187202806602995
"3743","beta_trend",6083,3737,0,0.187061869370086
"3744","beta_trend",6083,3738,0,0.186919685071832
"3745","beta_trend",6083,3739,0,0.18677608541284
"3746","beta_trend",6083,3740,0,0.186630904326767
"3747","beta_trend",6083,3741,0,0.186483978111698
"3748","beta_trend",6083,3742,0,0.186335145562931
"3749","beta_trend",6083,3743,0,0.186155286486026
"3750","beta_trend",6083,3744,0,0.186000833132264
"3751","beta_trend",6083,3745,0,0.185843948057705
"3752","beta_trend",6083,3746,0,0.185684478965221
"3753","beta_trend",6083,3747,0,0.185522276588582
"3754","beta_trend",6083,3748,0,0.185357194804524
"3755","beta_trend",6083,3749,0,0.185189090741414
"3756","beta_trend",6083,3750,0,0.185017824884425
"3757","beta_trend",6083,3751,0,0.18484326117713
"3758","beta_trend",6083,3752,0,0.184665267119423
"3759","beta_trend",6083,3753,0,0.18448371386171
"3760","beta_trend",6083,3754,0,0.184298476295256
"3761","beta_trend",6083,3755,0,0.184109433138654
"3762","beta_trend",6083,3756,0,0.183916467020323
"3763","beta_trend",6083,3757,0,0.183719464556974
"3764","beta_trend",6083,3758,0,0.183518316428003
"3765","beta_trend",6083,3759,0,0.183312917445724
"3766","beta_trend",6083,3760,0,0.183103166621419
"3767","beta_trend",6083,3761,0,0.182888967227145
"3768","beta_trend",6083,3762,0,0.182670226853258
"3769","beta_trend",6083,3763,0,0.182446857461609
"3770","beta_trend",6083,3764,0,0.182218775434403
"3771","beta_trend",6083,3765,0,0.181985901618653
"3772","beta_trend",6083,3766,0,0.181748161366248
"3773","beta_trend",6083,3767,0,0.181505484569573
"3774","beta_trend",6083,3768,0,0.181257805692708
"3775","beta_trend",6083,3769,0,0.181005063798155
"3776","beta_trend",6083,3770,0,0.180747202569119
"3777","beta_trend",6083,3771,0,0.180484170327319
"3778","beta_trend",6083,3772,0,0.180215920046352
"3779","beta_trend",6083,3773,0,0.179942409360591
"3780","beta_trend",6083,3774,0,0.179663600569661
"3781","beta_trend",6083,3775,0,0.179379460638478
"3782","beta_trend",6083,3776,0,0.179089961192902
"3783","beta_trend",6083,3777,0,0.178795078510997
"3784","beta_trend",6083,3778,0,0.178494793509954
"3785","beta_trend",6083,3779,0,0.178189091728705
"3786","beta_trend",6083,3780,0,0.177877963306248
"3787","beta_trend",6083,3781,0,0.177561402955756
"3788","beta_trend",6083,3782,0,0.177239409934486
"3789","beta_trend",6083,3783,0,0.17691198800956
"3790","beta_trend",6083,3784,0,0.176579145419664
"3791","beta_trend",6083,3785,0,0.176240894832725
"3792","beta_trend",6083,3786,0,0.175897253299623
"3793","beta_trend",6083,3787,0,0.175562745083541
"3794","beta_trend",6083,3788,0,0.175207747665851
"3795","beta_trend",6083,3789,0,0.174847463221668
"3796","beta_trend",6083,3790,0,0.174481924728889
"3797","beta_trend",6083,3791,0,0.174111169298922
"3798","beta_trend",6083,3792,0,0.173735238106871
"3799","beta_trend",6083,3793,0,0.173354176318337
"3800","beta_trend",6083,3794,0,0.172968033012922
"3801","beta_trend",6083,3795,0,0.172576861104538
"3802","beta_trend",6083,3796,0,0.172180717258601
"3803","beta_trend",6083,3797,0,0.17177966180622
"3804","beta_trend",6083,3798,0,0.171373758655489
"3805","beta_trend",6083,3799,0,0.170963075199957
"3806","beta_trend",6083,3800,0,0.170547682224424
"3807","beta_trend",6083,3801,0,0.170127653808131
"3808","beta_trend",6083,3802,0,0.169703067225488
"3809","beta_trend",6083,3803,0,0.169274002844428
"3810","beta_trend",6083,3804,0,0.168840544022525
"3811","beta_trend",6083,3805,0,0.168402777000972
"3812","beta_trend",6083,3806,0,0.167960790796551
"3813","beta_trend",6083,3807,0,0.167514677091721
"3814","beta_trend",6083,3808,0,0.167064530122922
"3815","beta_trend",6083,3809,0,0.16661044656725
"3816","beta_trend",6083,3810,0,0.166152525427602
"3817","beta_trend",6083,3811,0,0.165690867916437
"3818","beta_trend",6083,3812,0,0.165225577338262
"3819","beta_trend",6083,3813,0,0.164756758970986
"3820","beta_trend",6083,3814,0,0.164284519946259
"3821","beta_trend",6083,3815,0,0.163808969128937
"3822","beta_trend",6083,3816,0,0.163330216995794
"3823","beta_trend",6083,3817,0,0.162848375513607
"3824","beta_trend",6083,3818,0,0.162363558016764
"3825","beta_trend",6083,3819,0,0.161875879084498
"3826","beta_trend",6083,3820,0,0.161385454417903
"3827","beta_trend",6083,3821,0,0.160892400716841
"3828","beta_trend",6083,3822,0,0.160396835556885
"3829","beta_trend",6083,3823,0,0.159898877266419
"3830","beta_trend",6083,3824,0,0.159398644804025
"3831","beta_trend",6083,3825,0,0.158896257636288
"3832","beta_trend",6083,3826,0,0.158391835616142
"3833","beta_trend",6083,3827,0,0.157885498861883
"3834","beta_trend",6083,3828,0,0.157377367636979
"3835","beta_trend",6083,3829,0,0.156867562230794
"3836","beta_trend",6083,3830,0,0.156356202840353
"3837","beta_trend",6083,3831,0,0.155843409453269
"3838","beta_trend",6083,3832,0,0.155329301731941
"3839","beta_trend",6083,3833,0,0.154813998899163
"3840","beta_trend",6083,3834,0,0.154297619625231
"3841","beta_trend",6083,3835,0,0.153780281916684
"3842","beta_trend",6083,3836,0,0.153262103006782
"3843","beta_trend",6083,3837,0,0.152743199247828
"3844","beta_trend",6083,3838,0,0.15222368600545
"3845","beta_trend",6083,3839,0,0.151703677554933
"3846","beta_trend",6083,3840,0,0.151151900229301
"3847","beta_trend",6083,3841,0,0.1506297940919
"3848","beta_trend",6083,3842,0,0.15010746528241
"3849","beta_trend",6083,3843,0,0.149585020182603
"3850","beta_trend",6083,3844,0,0.149062563505634
"3851","beta_trend",6083,3845,0,0.148540198203655
"3852","beta_trend",6083,3846,0,0.148018025378067
"3853","beta_trend",6083,3847,0,0.147496144192482
"3854","beta_trend",6083,3848,0,0.146974651788468
"3855","beta_trend",6083,3849,0,0.14645364320417
"3856","beta_trend",6083,3850,0,0.145933211295849
"3857","beta_trend",6083,3851,0,0.145413446662434
"3858","beta_trend",6083,3852,0,0.144894437573141
"3859","beta_trend",6083,3853,0,0.144376269898209
"3860","beta_trend",6083,3854,0,0.143859027042828
"3861","beta_trend",6083,3855,0,0.143342789884308
"3862","beta_trend",6083,3856,0,0.142827636712526
"3863","beta_trend",6083,3857,0,0.142313643173715
"3864","beta_trend",6083,3858,0,0.141800882217632
"3865","beta_trend",6083,3859,0,0.141289424048136
"3866","beta_trend",6083,3860,0,0.140779336077225
"3867","beta_trend",6083,3861,0,0.140270682882553
"3868","beta_trend",6083,3862,0,0.139763526168458
"3869","beta_trend",6083,3863,0,0.139257924730532
"3870","beta_trend",6083,3864,0,0.13875393442374
"3871","beta_trend",6083,3865,0,0.138251608134117
"3872","beta_trend",6083,3866,0,0.137750995754048
"3873","beta_trend",6083,3867,0,0.137252144161143
"3874","beta_trend",6083,3868,0,0.136755097200715
"3875","beta_trend",6083,3869,0,0.136259895671857
"3876","beta_trend",6083,3870,0,0.135766577317116
"3877","beta_trend",6083,3871,0,0.135275176815762
"3878","beta_trend",6083,3872,0,0.134785725780644
"3879","beta_trend",6083,3873,0,0.134298252758609
"3880","beta_trend",6083,3874,0,0.13381278323448
"3881","beta_trend",6083,3875,0,0.133329339638557
"3882","beta_trend",6083,3876,0,0.132847941357639
"3883","beta_trend",6083,3877,0,0.132368604749512
"3884","beta_trend",6083,3878,0,0.131891343160893
"3885","beta_trend",6083,3879,0,0.131416166948789
"3886","beta_trend",6083,3880,0,0.130943083505222
"3887","beta_trend",6083,3881,0,0.130472097285298
"3888","beta_trend",6083,3882,0,0.130003209838555
"3889","beta_trend",6083,3883,0,0.1295656922511
"3890","beta_trend",6083,3884,0,0.129099700520406
"3891","beta_trend",6083,3885,0,0.128635849472427
"3892","beta_trend",6083,3886,0,0.128174127271193
"3893","beta_trend",6083,3887,0,0.127714519457571
"3894","beta_trend",6083,3888,0,0.127257008996644
"3895","beta_trend",6083,3889,0,0.126801576328065
"3896","beta_trend",6083,3890,0,0.126348199419294
"3897","beta_trend",6083,3891,0,0.125896853821656
"3898","beta_trend",6083,3892,0,0.12544751272914
"3899","beta_trend",6083,3893,0,0.125000147039861
"3900","beta_trend",6083,3894,0,0.124554725420113
"3901","beta_trend",6083,3895,0,0.124111214370911
"3902","beta_trend",6083,3896,0,0.123669578296964
"3903","beta_trend",6083,3897,0,0.123229779577967
"3904","beta_trend",6083,3898,0,0.122791778642134
"3905","beta_trend",6083,3899,0,0.122355534041893
"3906","beta_trend",6083,3900,0,0.121921002531623
"3907","beta_trend",6083,3901,0,0.121488139147364
"3908","beta_trend",6083,3902,0,0.121056897288399
"3909","beta_trend",6083,3903,0,0.120627228800594
"3910","beta_trend",6083,3904,0,0.120199084061421
"3911","beta_trend",6083,3905,0,0.119772412066555
"3912","beta_trend",6083,3906,0,0.119347160517936
"3913","beta_trend",6083,3907,0,0.118923275913207
"3914","beta_trend",6083,3908,0,0.118500703636419
"3915","beta_trend",6083,3909,0,0.1180793880499
"3916","beta_trend",6083,3910,0,0.117659272587185
"3917","beta_trend",6083,3911,0,0.117240299846903
"3918","beta_trend",6083,3912,0,0.116822411687512
"3919","beta_trend",6083,3913,0,0.116405549322783
"3920","beta_trend",6083,3914,0,0.115989653417921
"3921","beta_trend",6083,3915,0,0.115574664186221
"3922","beta_trend",6083,3916,0,0.115160521486153
"3923","beta_trend",6083,3917,0,0.11474716491877
"3924","beta_trend",6083,3918,0,0.114334533925329
"3925","beta_trend",6083,3919,0,0.113922567885029
"3926","beta_trend",6083,3920,0,0.113511206212757
"3927","beta_trend",6083,3921,0,0.11310038845673
"3928","beta_trend",6083,3922,0,0.112690054395944
"3929","beta_trend",6083,3923,0,0.112280144137319
"3930","beta_trend",6083,3924,0,0.111870598212434
"3931","beta_trend",6083,3925,0,0.111461357673764
"3932","beta_trend",6083,3926,0,0.111052364190305
"3933","beta_trend",6083,3927,0,0.110643560142497
"3934","beta_trend",6083,3928,0,0.110234888716347
"3935","beta_trend",6083,3929,0,0.10982629399665
"3936","beta_trend",6083,3930,0,0.109417721059224
"3937","beta_trend",6083,3931,0,0.109009116062052
"3938","beta_trend",6083,3932,0,0.108600426335254
"3939","beta_trend",6083,3933,0,0.108191600469789
"3940","beta_trend",6083,3934,0,0.107782588404801
"3941","beta_trend",6083,3935,0,0.107373341513528
"3942","beta_trend",6083,3936,0,0.106924464343179
"3943","beta_trend",6083,3937,0,0.10651279386002
"3944","beta_trend",6083,3938,0,0.106100673231218
"3945","beta_trend",6083,3939,0,0.105688057194905
"3946","beta_trend",6083,3940,0,0.105274902209331
"3947","beta_trend",6083,3941,0,0.104861166524477
"3948","beta_trend",6083,3942,0,0.104446810251584
"3949","beta_trend",6083,3943,0,0.104031795430505
"3950","beta_trend",6083,3944,0,0.103616086094835
"3951","beta_trend",6083,3945,0,0.103199648334736
"3952","beta_trend",6083,3946,0,0.102782450357403
"3953","beta_trend",6083,3947,0,0.102364462545111
"3954","beta_trend",6083,3948,0,0.101945657510782
"3955","beta_trend",6083,3949,0,0.101526010151017
"3956","beta_trend",6083,3950,0,0.101105497696551
"3957","beta_trend",6083,3951,0,0.100684099760067
"3958","beta_trend",6083,3952,0,0.100261798381333
"3959","beta_trend",6083,3953,0,0.0998385780696215
"3960","beta_trend",6083,3954,0,0.0994144258433625
"3961","beta_trend",6083,3955,0,0.0989893312669979
"3962","beta_trend",6083,3956,0,0.0985632864850051
"3963","beta_trend",6083,3957,0,0.0981362862530549
"3964","beta_trend",6083,3958,0,0.0977083279662796
"3965","beta_trend",6083,3959,0,0.0972794116846221
"3966","beta_trend",6083,3960,0,0.0968495401552507
"3967","beta_trend",6083,3961,0,0.0964187188320137
"3968","beta_trend",6083,3962,0,0.0959869558919234
"3969","beta_trend",6083,3963,0,0.095554262248657
"3970","beta_trend",6083,3964,0,0.0951206515630612
"3971","beta_trend",6083,3965,0,0.0946861402506599
"3972","beta_trend",6083,3966,0,0.0942507474861562
"3973","beta_trend",6083,3967,0,0.0938144952049343
"3974","beta_trend",6083,3968,0,0.0933774081015605
"3975","beta_trend",6083,3969,0,0.09293951362529
"3976","beta_trend",6083,3970,0,0.0925008419725915
"3977","beta_trend",6083,3971,0,0.0920614260766979
"3978","beta_trend",6083,3972,0,0.0916213015942022
"3979","beta_trend",6083,3973,0,0.0911805068887117
"3980","beta_trend",6083,3974,0,0.0907390830115895
"3981","beta_trend",6083,3975,0,0.0902970736797976
"3982","beta_trend",6083,3976,0,0.0898545252508768
"3983","beta_trend",6083,3977,0,0.0894114866950888
"3984","beta_trend",6083,3978,0,0.0889680095647531
"3985","beta_trend",6083,3979,0,0.0885241479608169
"3986","beta_trend",6083,3980,0,0.0880926246898416
"3987","beta_trend",6083,3981,0,0.0876476054525379
"3988","beta_trend",6083,3982,0,0.0872024025275457
"3989","beta_trend",6083,3983,0,0.086757078892099
"3990","beta_trend",6083,3984,0,0.086311699898764
"3991","beta_trend",6083,3985,0,0.0858663332251529
"3992","beta_trend",6083,3986,0,0.085421048821222
"3993","beta_trend",6083,3987,0,0.084975918854205
"3994","beta_trend",6083,3988,0,0.0845310176512387
"3995","beta_trend",6083,3989,0,0.0840864216397423
"3996","beta_trend",6083,3990,0,0.0836422092856076
"3997","beta_trend",6083,3991,0,0.083198461029266
"3998","beta_trend",6083,3992,0,0.0827552592196951
"3999","beta_trend",6083,3993,0,0.0823126880464344
"4000","beta_trend",6083,3994,0,0.0818708334696752
"4001","beta_trend",6083,3995,0,0.0814297831484974
"4002","beta_trend",6083,3996,0,0.0809896263673254
"4003","beta_trend",6083,3997,0,0.0805504539606752
"4004","beta_trend",6083,3998,0,0.0801123582362681
"4005","beta_trend",6083,3999,0,0.079675432896588
"4006","beta_trend",6083,4000,0,0.0792397729589609
"4007","beta_trend",6083,4001,0,0.078805474674233
"4008","beta_trend",6083,4002,0,0.0783726354441304
"4009","beta_trend",6083,4003,0,0.0779413537373795
"4010","beta_trend",6083,4004,0,0.0775117290046724
"4011","beta_trend",6083,4005,0,0.0770838615925586
"4012","beta_trend",6083,4006,0,0.0766578526563488
"4013","beta_trend",6083,4007,0,0.0762338040721122
"4014","beta_trend",6083,4008,0,0.0758118183478589
"4015","beta_trend",6083,4009,0,0.0753919985339858
"4016","beta_trend",6083,4010,0,0.0749744481330782
"4017","beta_trend",6083,4011,0,0.0745592710091509
"4018","beta_trend",6083,4012,0,0.0741465712964183
"4019","beta_trend",6083,4013,0,0.0737364533076763
"4020","beta_trend",6083,4014,0,0.0733290214423907
"4021","beta_trend",6083,4015,0,0.0729243800945717
"4022","beta_trend",6083,4016,0,0.0725226335605279
"4023","beta_trend",6083,4017,0,0.0721238859465847
"4024","beta_trend",6083,4018,0,0.0717282410768538
"4025","beta_trend",6083,4019,0,0.0713358024011423
"4026","beta_trend",6083,4020,0,0.0709466729030866
"4027","beta_trend",6083,4021,0,0.0705609550085977
"4028","beta_trend",6083,4022,0,0.0701787504947023
"4029","beta_trend",6083,4023,0,0.069800160398868
"4030","beta_trend",6083,4024,0,0.069425284928892
"4031","beta_trend",6083,4025,0,0.0690542233734399
"4032","beta_trend",6083,4026,0,0.0686870740133183
"4033","beta_trend",6083,4027,0,0.0683239340335577
"4034","beta_trend",6083,4028,0,0.0679648994363934
"4035","beta_trend",6083,4029,0,0.0676100649552184
"4036","beta_trend",6083,4030,0,0.0672595239695897
"4037","beta_trend",6083,4031,0,0.0669133684213651
"4038","beta_trend",6083,4032,0,0.0665716887320459
"4039","beta_trend",6083,4033,0,0.0661988091160539
"4040","beta_trend",6083,4034,0,0.0658646989128852
"4041","beta_trend",6083,4035,0,0.0655352543901712
"4042","beta_trend",6083,4036,0,0.0652105561924046
"4043","beta_trend",6083,4037,0,0.0648906829435328
"4044","beta_trend",6083,4038,0,0.0645757111694916
"4045","beta_trend",6083,4039,0,0.0642657152223357
"4046","beta_trend",6083,4040,0,0.0639607672060324
"4047","beta_trend",6083,4041,0,0.0636609369039735
"4048","beta_trend",6083,4042,0,0.0633662917082679
"4049","beta_trend",6083,4043,0,0.0630768965508679
"4050","beta_trend",6083,4044,0,0.0627928138365862
"4051","beta_trend",6083,4045,0,0.0625141033780563
"4052","beta_trend",6083,4046,0,0.0622408223326837
"4053","beta_trend",6083,4047,0,0.06197302514164
"4054","beta_trend",6083,4048,0,0.0617107634709461
"4055","beta_trend",6083,4049,0,0.0614540861546857
"4056","beta_trend",6083,4050,0,0.0612030391403966
"4057","beta_trend",6083,4051,0,0.060957665436675
"4058","beta_trend",6083,4052,0,0.0607180050630356
"4059","beta_trend",6083,4053,0,0.0604840950020591
"4060","beta_trend",6083,4054,0,0.0602559691538642
"4061","beta_trend",6083,4055,0,0.0600336582929354
"4062","beta_trend",6083,4056,0,0.0598171900273329
"4063","beta_trend",6083,4057,0,0.0596065887603169
"4064","beta_trend",6083,4058,0,0.0594018756544066
"4065","beta_trend",6083,4059,0,0.0592030685978995
"4066","beta_trend",6083,4060,0,0.0590101821738703
"4067","beta_trend",6083,4061,0,0.0588232276316689
"4068","beta_trend",6083,4062,0,0.0586422128609325
"4069","beta_trend",6083,4063,0,0.0584671423681256
"4070","beta_trend",6083,4064,0,0.0582980172556207
"4071","beta_trend",6083,4065,0,0.0581348352033282
"4072","beta_trend",6083,4066,0,0.0579775904528846
"4073","beta_trend",6083,4067,0,0.0578262737944002
"4074","beta_trend",6083,4068,0,0.0576808725557728
"4075","beta_trend",6083,4069,0,0.0575413705945691
"4076","beta_trend",6083,4070,0,0.0574077482924671
"4077","beta_trend",6083,4071,0,0.0572799825522624
"4078","beta_trend",6083,4072,0,0.0571580467974284
"4079","beta_trend",6083,4073,0,0.0570419109742247
"4080","beta_trend",6083,4074,0,0.0569315415563447
"4081","beta_trend",6083,4075,0,0.0568269015520891
"4082","beta_trend",6083,4076,0,0.0567636353463369
"4083","beta_trend",6083,4077,0,0.0566687508402113
"4084","beta_trend",6083,4078,0,0.0565795303082153
"4085","beta_trend",6083,4079,0,0.0564959204100793
"4086","beta_trend",6083,4080,0,0.0564178645085224
"4087","beta_trend",6083,4081,0,0.0563453026880956
"4088","beta_trend",6083,4082,0,0.0562781717765046
"4089","beta_trend",6083,4083,0,0.0562164053683891
"4090","beta_trend",6083,4084,0,0.0561599338515235
"4091","beta_trend",6083,4085,0,0.0561086844354103
"4092","beta_trend",6083,4086,0,0.0560625811822333
"4093","beta_trend",6083,4087,0,0.0560215450401335
"4094","beta_trend",6083,4088,0,0.0559854938787741
"4095","beta_trend",6083,4089,0,0.055954342527155
"4096","beta_trend",6083,4090,0,0.0559280028136391
"4097","beta_trend",6083,4091,0,0.0559063836081484
"4098","beta_trend",6083,4092,0,0.0558893908664908
"4099","beta_trend",6083,4093,0,0.0558769276767729
"4100","beta_trend",6083,4094,0,0.0558688943078551
"4101","beta_trend",6083,4095,0,0.0558651882598042
"4102","beta_trend",6083,4096,0,0.055865704316297
"4103","beta_trend",6083,4097,0,0.055870334598929
"4104","beta_trend",6083,4098,0,0.0558789686233778
"4105","beta_trend",6083,4099,0,0.0558914933573739
"4106","beta_trend",6083,4100,0,0.0559077932804289
"4107","beta_trend",6083,4101,0,0.0559277504452698
"4108","beta_trend",6083,4102,0,0.055951244540927
"4109","beta_trend",6083,4103,0,0.055978152957428
"4110","beta_trend",6083,4104,0,0.0560083508520375
"4111","beta_trend",6083,4105,0,0.0560417112169973
"4112","beta_trend",6083,4106,0,0.0560781049487068
"4113","beta_trend",6083,4107,0,0.0561174009182935
"4114","beta_trend",6083,4108,0,0.0561594660435167
"4115","beta_trend",6083,4109,0,0.0562041653619496
"4116","beta_trend",6083,4110,0,0.0562513621053842
"4117","beta_trend",6083,4111,0,0.056300917775405
"4118","beta_trend",6083,4112,0,0.0563526922200726
"4119","beta_trend",6083,4113,0,0.0564065437116643
"4120","beta_trend",6083,4114,0,0.0564623290254122
"4121","beta_trend",6083,4115,0,0.0565199035191851
"4122","beta_trend",6083,4116,0,0.0565791212140576
"4123","beta_trend",6083,4117,0,0.0566398348757087
"4124","beta_trend",6083,4118,0,0.0567018960965942
"4125","beta_trend",6083,4119,0,0.0567651553788385
"4126","beta_trend",6083,4120,0,0.0568294622177884
"4127","beta_trend",6083,4121,0,0.0568946651861719
"4128","beta_trend",6083,4122,0,0.0569606120188104
"4129","beta_trend",6083,4123,0,0.057027149697825
"4130","beta_trend",6083,4124,0,0.0570941245382856
"4131","beta_trend",6083,4125,0,0.0571613822742455
"4132","beta_trend",6083,4126,0,0.05722876814511
"4133","beta_trend",6083,4127,0,0.0572961269822836
"4134","beta_trend",6083,4128,0,0.0573633032960442
"4135","beta_trend",6083,4129,0,0.0573985105230388
"4136","beta_trend",6083,4130,0,0.0574633959088574
"4137","beta_trend",6083,4131,0,0.0575275678217997
"4138","beta_trend",6083,4132,0,0.0575908677865794
"4139","beta_trend",6083,4133,0,0.0576531373469811
"4140","beta_trend",6083,4134,0,0.057714218149825
"4141","beta_trend",6083,4135,0,0.0577739520287165
"4142","beta_trend",6083,4136,0,0.0578321810875274
"4143","beta_trend",6083,4137,0,0.0578887477835583
"4144","beta_trend",6083,4138,0,0.057943495010338
"4145","beta_trend",6083,4139,0,0.0579962661800119
"4146","beta_trend",6083,4140,0,0.0580469053052672
"4147","beta_trend",6083,4141,0,0.0580952570807579
"4148","beta_trend",6083,4142,0,0.0581411669639782
"4149","beta_trend",6083,4143,0,0.058184481255542
"4150","beta_trend",6083,4144,0,0.0582250471788271
"4151","beta_trend",6083,4145,0,0.0582627129589414
"4152","beta_trend",6083,4146,0,0.0582973279009659
"4153","beta_trend",6083,4147,0,0.058328742467443
"4154","beta_trend",6083,4148,0,0.0583568083550612
"4155","beta_trend",6083,4149,0,0.0583813785705039
"4156","beta_trend",6083,4150,0,0.0584023075054242
"4157","beta_trend",6083,4151,0,0.0584194510105074
"4158","beta_trend",6083,4152,0,0.0584326664685884
"4159","beta_trend",6083,4153,0,0.0584418128667884
"4160","beta_trend",6083,4154,0,0.0584467508676365
"4161","beta_trend",6083,4155,0,0.0584473428791483
"4162","beta_trend",6083,4156,0,0.0584434531238247
"4163","beta_trend",6083,4157,0,0.0584349477065454
"4164","beta_trend",6083,4158,0,0.058421694681326
"4165","beta_trend",6083,4159,0,0.0584035641169104
"4166","beta_trend",6083,4160,0,0.0583804281611726
"4167","beta_trend",6083,4161,0,0.0583521611043014
"4168","beta_trend",6083,4162,0,0.0583186394407428
"4169","beta_trend",6083,4163,0,0.0582797419298772
"4170","beta_trend",6083,4164,0,0.0582353496554074
"4171","beta_trend",6083,4165,0,0.0581853460834371
"4172","beta_trend",6083,4166,0,0.0581296171192162
"4173","beta_trend",6083,4167,0,0.0580680511625379
"4174","beta_trend",6083,4168,0,0.0580005391617633
"4175","beta_trend",6083,4169,0,0.0579269746664604
"4176","beta_trend",6083,4170,0,0.0578472538786386
"4177","beta_trend",6083,4171,0,0.0577612757025625
"4178","beta_trend",6083,4172,0,0.0576689417931309
"4179","beta_trend",6083,4173,0,0.0575868742425106
"4180","beta_trend",6083,4174,0,0.0574808047078861
"4181","beta_trend",6083,4175,0,0.0573681324672696
"4182","beta_trend",6083,4176,0,0.0572487694058598
"4183","beta_trend",6083,4177,0,0.05712263042424
"4184","beta_trend",6083,4178,0,0.0569896334764086
"4185","beta_trend",6083,4179,0,0.0568496996063393
"4186","beta_trend",6083,4180,0,0.0567027529830652
"4187","beta_trend",6083,4181,0,0.0565487209342761
"4188","beta_trend",6083,4182,0,0.0563875339784248
"4189","beta_trend",6083,4183,0,0.0562191258553362
"4190","beta_trend",6083,4184,0,0.0560434335553133
"4191","beta_trend",6083,4185,0,0.0558603973467379
"4192","beta_trend",6083,4186,0,0.055669960802159
"4193","beta_trend",6083,4187,0,0.0554720708228739
"4194","beta_trend",6083,4188,0,0.0552666776619893
"4195","beta_trend",6083,4189,0,0.0550537349459737
"4196","beta_trend",6083,4190,0,0.0548331996946898
"4197","beta_trend",6083,4191,0,0.054605032339917
"4198","beta_trend",6083,4192,0,0.0543691967423575
"4199","beta_trend",6083,4193,0,0.0541256602071353
"4200","beta_trend",6083,4194,0,0.0538743934977817
"4201","beta_trend",6083,4195,0,0.0536153708487233
"4202","beta_trend",6083,4196,0,0.0533485699762625
"4203","beta_trend",6083,4197,0,0.0530739720880673
"4204","beta_trend",6083,4198,0,0.0527915618911681
"4205","beta_trend",6083,4199,0,0.0525013275984707
"4206","beta_trend",6083,4200,0,0.0522032609337935
"4207","beta_trend",6083,4201,0,0.0518973571354301
"4208","beta_trend",6083,4202,0,0.051583614958254
"4209","beta_trend",6083,4203,0,0.0512620366743671
"4210","beta_trend",6083,4204,0,0.0509326280723019
"4211","beta_trend",6083,4205,0,0.0505953984547904
"4212","beta_trend",6083,4206,0,0.0502503606351065
"4213","beta_trend",6083,4207,0,0.0498975309319922
"4214","beta_trend",6083,4208,0,0.049536929163183
"4215","beta_trend",6083,4209,0,0.0491685786375379
"4216","beta_trend",6083,4210,0,0.0487925061457913
"4217","beta_trend",6083,4211,0,0.0484087419499372
"4218","beta_trend",6083,4212,0,0.0480173197712574
"4219","beta_trend",6083,4213,0,0.0476182767770126
"4220","beta_trend",6083,4214,0,0.0472116535657999
"4221","beta_trend",6083,4215,0,0.0467974941516067
"4222","beta_trend",6083,4216,0,0.046375845946558
"4223","beta_trend",6083,4217,0,0.0459467597423873
"4224","beta_trend",6083,4218,0,0.0455102896906391
"4225","beta_trend",6083,4219,0,0.0450664932816188
"4226","beta_trend",6083,4220,0,0.0446154313221114
"4227","beta_trend",6083,4221,0,0.0441571679118808
"4228","beta_trend",6083,4222,0,0.04369177041897
"4229","beta_trend",6083,4223,0,0.0432193094538169
"4230","beta_trend",6083,4224,0,0.0427398588422094
"4231","beta_trend",6083,4225,0,0.04225349559709
"4232","beta_trend",6083,4226,0,0.0417228897603553
"4233","beta_trend",6083,4227,0,0.0412212218937735
"4234","beta_trend",6083,4228,0,0.040712816433508
"4235","beta_trend",6083,4229,0,0.0401977598067371
"4236","beta_trend",6083,4230,0,0.039676141357719
"4237","beta_trend",6083,4231,0,0.039148053309391
"4238","beta_trend",6083,4232,0,0.0386135907238524
"4239","beta_trend",6083,4233,0,0.0380728514617564
"4240","beta_trend",6083,4234,0,0.0375259361406243
"4241","beta_trend",6083,4235,0,0.0369729480921044
"4242","beta_trend",6083,4236,0,0.0364139933181931
"4243","beta_trend",6083,4237,0,0.0358491804464414
"4244","beta_trend",6083,4238,0,0.0352786206841633
"4245","beta_trend",6083,4239,0,0.0347024277716691
"4246","beta_trend",6083,4240,0,0.0341207179345433
"4247","beta_trend",6083,4241,0,0.0335336098349885
"4248","beta_trend",6083,4242,0,0.0329412245222572
"4249","beta_trend",6083,4243,0,0.0323436853821906
"4250","beta_trend",6083,4244,0,0.0317411180858888
"4251","beta_trend",6083,4245,0,0.0311336505375351
"4252","beta_trend",6083,4246,0,0.0305214128213936
"4253","beta_trend",6083,4247,0,0.0299045371480033
"4254","beta_trend",6083,4248,0,0.0292831577995966
"4255","beta_trend",6083,4249,0,0.0286574110747565
"4256","beta_trend",6083,4250,0,0.0280274352323441
"4257","beta_trend",6083,4251,0,0.0273933704347149
"4258","beta_trend",6083,4252,0,0.0267553586902504
"4259","beta_trend",6083,4253,0,0.0261135437952259
"4260","beta_trend",6083,4254,0,0.0254680712750434
"4261","beta_trend",6083,4255,0,0.0248190883248496
"4262","beta_trend",6083,4256,0,0.0241667437495677
"4263","beta_trend",6083,4257,0,0.0235111879033633
"4264","beta_trend",6083,4258,0,0.0228525726285749
"4265","beta_trend",6083,4259,0,0.0221910511941299
"4266","beta_trend",6083,4260,0,0.021526778233475
"4267","beta_trend",6083,4261,0,0.0208599096820443
"4268","beta_trend",6083,4262,0,0.020190602714293
"4269","beta_trend",6083,4263,0,0.0195190156803217
"4270","beta_trend",6083,4264,0,0.0188453080421186
"4271","beta_trend",6083,4265,0,0.0181696403094459
"4272","beta_trend",6083,4266,0,0.0174921739753958
"4273","beta_trend",6083,4267,0,0.0168130714516467
"4274","beta_trend",6083,4268,0,0.0161324960034427
"4275","beta_trend",6083,4269,0,0.0154849526503745
"4276","beta_trend",6083,4270,0,0.0148004053132377
"4277","beta_trend",6083,4271,0,0.0141149430245454
"4278","beta_trend",6083,4272,0,0.0134287292995182
"4279","beta_trend",6083,4273,0,0.0127419282701982
"4280","beta_trend",6083,4274,0,0.0120547046163372
"4281","beta_trend",6083,4275,0,0.0113672234962916
"4282","beta_trend",6083,4276,0,0.0106796504779487
"4283","beta_trend",6083,4277,0,0.00999215146971033
"4284","beta_trend",6083,4278,0,0.0093048926515632
"4285","beta_trend",6083,4279,0,0.00861804040626002
"4286","beta_trend",6083,4280,0,0.00793176125063888
"4287","beta_trend",6083,4281,0,0.00724622176710776
"4288","beta_trend",6083,4282,0,0.00656158853532196
"4289","beta_trend",6083,4283,0,0.00587802806407922
"4290","beta_trend",6083,4284,0,0.00519570672346248
"4291","beta_trend",6083,4285,0,0.00451479067725435
"4292","beta_trend",6083,4286,0,0.00383544581565309
"4293","beta_trend",6083,4287,0,0.00315783768831546
"4294","beta_trend",6083,4288,0,0.00248213143775378
"4295","beta_trend",6083,4289,0,0.00180849173311504
"4296","beta_trend",6083,4290,0,0.0011370827043693
"4297","beta_trend",6083,4291,0,0.000468067876932432
"4298","beta_trend",6083,4292,0,-0.000198389893245388
"4299","beta_trend",6083,4293,0,-0.000862128484105495
"4300","beta_trend",6083,4294,0,-0.00152298657138583
"4301","beta_trend",6083,4295,0,-0.0021808036919837
"4302","beta_trend",6083,4296,0,-0.00283542030674966
"4303","beta_trend",6083,4297,0,-0.00348667786268175
"4304","beta_trend",6083,4298,0,-0.00413441885449828
"4305","beta_trend",6083,4299,0,-0.00477848688556082
"4306","beta_trend",6083,4300,0,-0.00541872672811894
"4307","beta_trend",6083,4301,0,-0.00605498438285579
"4308","beta_trend",6083,4302,0,-0.00668710713770415
"4309","beta_trend",6083,4303,0,-0.00731494362590923
"4310","beta_trend",6083,4304,0,-0.00793834388331327
"4311","beta_trend",6083,4305,0,-0.0085571594048347
"4312","beta_trend",6083,4306,0,-0.00917124320012108
"4313","beta_trend",6083,4307,0,-0.00978044984834447
"4314","beta_trend",6083,4308,0,-0.0103846355521221
"4315","beta_trend",6083,4309,0,-0.0109836581905344
"4316","beta_trend",6083,4310,0,-0.0115773773712162
"4317","beta_trend",6083,4311,0,-0.0121656544814983
"4318","beta_trend",6083,4312,0,-0.0127483527385792
"4319","beta_trend",6083,4313,0,-0.0133253372386996
"4320","beta_trend",6083,4314,0,-0.0138964750052991
"4321","beta_trend",6083,4315,0,-0.0144616350361357
"4322","beta_trend",6083,4316,0,-0.0150206883493419
"4323","beta_trend",6083,4317,0,-0.0155735080284001
"4324","beta_trend",6083,4318,0,-0.0161199692660144
"4325","beta_trend",6083,4319,0,-0.0166599494068603
"4326","beta_trend",6083,4320,0,-0.0171933279891887
"4327","beta_trend",6083,4321,0,-0.0177199867852711
"4328","beta_trend",6083,4322,0,-0.0182843529147284
"4329","beta_trend",6083,4323,0,-0.0187992808044077
"4330","beta_trend",6083,4324,0,-0.0193072373535161
"4331","beta_trend",6083,4325,0,-0.0198081172750423
"4332","beta_trend",6083,4326,0,-0.0203018178350483
"4333","beta_trend",6083,4327,0,-0.0207882388902479
"4334","beta_trend",6083,4328,0,-0.0212672829244281
"4335","beta_trend",6083,4329,0,-0.0217388550836997
"4336","beta_trend",6083,4330,0,-0.022202863210567
"4337","beta_trend",6083,4331,0,-0.0226592178768056
"4338","beta_trend",6083,4332,0,-0.023107832415136
"4339","beta_trend",6083,4333,0,-0.0235486229496831
"4340","beta_trend",6083,4334,0,-0.0239815084252137
"4341","beta_trend",6083,4335,0,-0.0244064106351427
"4342","beta_trend",6083,4336,0,-0.0248232542482978
"4343","beta_trend",6083,4337,0,-0.0252319668344376
"4344","beta_trend",6083,4338,0,-0.0256324788885154
"4345","beta_trend",6083,4339,0,-0.0260247238536827
"4346","beta_trend",6083,4340,0,-0.0264086381430255
"4347","beta_trend",6083,4341,0,-0.0267841611600296
"4348","beta_trend",6083,4342,0,-0.027151235317772
"4349","beta_trend",6083,4343,0,-0.0275098060568306
"4350","beta_trend",6083,4344,0,-0.0278598218619153
"4351","beta_trend",6083,4345,0,-0.0282012342772104
"4352","beta_trend",6083,4346,0,-0.0285339979204354
"4353","beta_trend",6083,4347,0,-0.0288580704956166
"4354","beta_trend",6083,4348,0,-0.0291734128045703
"4355","beta_trend",6083,4349,0,-0.0294799887571024
"4356","beta_trend",6083,4350,0,-0.0297777653799188
"4357","beta_trend",6083,4351,0,-0.0300667128242522
"4358","beta_trend",6083,4352,0,-0.0303468043722083
"4359","beta_trend",6083,4353,0,-0.0306180164418299
"4360","beta_trend",6083,4354,0,-0.0308803285908891
"4361","beta_trend",6083,4355,0,-0.0311337235194037
"4362","beta_trend",6083,4356,0,-0.0313781870708888
"4363","beta_trend",6083,4357,0,-0.0316137082323485
"4364","beta_trend",6083,4358,0,-0.0318402791330088
"4365","beta_trend",6083,4359,0,-0.032057895041803
"4366","beta_trend",6083,4360,0,-0.0322665543636167
"4367","beta_trend",6083,4361,0,-0.0324662586342968
"4368","beta_trend",6083,4362,0,-0.0326570125144353
"4369","beta_trend",6083,4363,0,-0.0328388237819369
"4370","beta_trend",6083,4364,0,-0.0330117033233773
"4371","beta_trend",6083,4365,0,-0.0331756651241665
"4372","beta_trend",6083,4366,0,-0.033307266763248
"4373","beta_trend",6083,4367,0,-0.0334544861890651
"4374","beta_trend",6083,4368,0,-0.0335928046802794
"4375","beta_trend",6083,4369,0,-0.0337222502166561
"4376","beta_trend",6083,4370,0,-0.0338428537471523
"4377","beta_trend",6083,4371,0,-0.0339546491752091
"4378","beta_trend",6083,4372,0,-0.0340576733428711
"4379","beta_trend",6083,4373,0,-0.0341519660137445
"4380","beta_trend",6083,4374,0,-0.0342375698548139
"4381","beta_trend",6083,4375,0,-0.0343145304171285
"4382","beta_trend",6083,4376,0,-0.0343828961153811
"4383","beta_trend",6083,4377,0,-0.0344427182063888
"4384","beta_trend",6083,4378,0,-0.0344940507664963
"4385","beta_trend",6083,4379,0,-0.0345369506679202
"4386","beta_trend",6083,4380,0,-0.0345714775540475
"4387","beta_trend",6083,4381,0,-0.0345976938137116
"4388","beta_trend",6083,4382,0,-0.0346156645544566
"4389","beta_trend",6083,4383,0,-0.0346254575748176
"4390","beta_trend",6083,4384,0,-0.034627143335625
"4391","beta_trend",6083,4385,0,-0.0346207949303612
"4392","beta_trend",6083,4386,0,-0.0346064880545813
"4393","beta_trend",6083,4387,0,-0.0345843009744221
"4394","beta_trend",6083,4388,0,-0.0345543144942138
"4395","beta_trend",6083,4389,0,-0.034516611923219
"4396","beta_trend",6083,4390,0,-0.0344712790415147
"4397","beta_trend",6083,4391,0,-0.0344184040650378
"4398","beta_trend",6083,4392,0,-0.0343580776098142
"4399","beta_trend",6083,4393,0,-0.0342903926553939
"4400","beta_trend",6083,4394,0,-0.0342154445075045
"4401","beta_trend",6083,4395,0,-0.0341333307599521
"4402","beta_trend",6083,4396,0,-0.0340441512557838
"4403","beta_trend",6083,4397,0,-0.0339480080477331
"4404","beta_trend",6083,4398,0,-0.0338450053579683
"4405","beta_trend",6083,4399,0,-0.0337352495371644
"4406","beta_trend",6083,4400,0,-0.033618849022917
"4407","beta_trend",6083,4401,0,-0.0334959142975201
"4408","beta_trend",6083,4402,0,-0.033366557845125
"4409","beta_trend",6083,4403,0,-0.0332308941083019
"4410","beta_trend",6083,4404,0,-0.0330890394440242
"4411","beta_trend",6083,4405,0,-0.0329411120790911
"4412","beta_trend",6083,4406,0,-0.0327872320650157
"4413","beta_trend",6083,4407,0,-0.0326275212323875
"4414","beta_trend",6083,4408,0,-0.0324621031447386
"4415","beta_trend",6083,4409,0,-0.0322911030519235
"4416","beta_trend",6083,4410,0,-0.03211464784304
"4417","beta_trend",6083,4411,0,-0.0319328659989009
"4418","beta_trend",6083,4412,0,-0.0317458875440837
"4419","beta_trend",6083,4413,0,-0.0315538439985686
"4420","beta_trend",6083,4414,0,-0.0313568683289875
"4421","beta_trend",6083,4415,0,-0.0311550948995022
"4422","beta_trend",6083,4416,0,-0.0309486594223248
"4423","beta_trend",6083,4417,0,-0.0307376989079027
"4424","beta_trend",6083,4418,0,-0.0305223516147822
"4425","beta_trend",6083,4419,0,-0.0303284325231923
"4426","beta_trend",6083,4420,0,-0.030105913864615
"4427","beta_trend",6083,4421,0,-0.0298794815518288
"4428","beta_trend",6083,4422,0,-0.0296492804091221
"4429","beta_trend",6083,4423,0,-0.0294154563312813
"4430","beta_trend",6083,4424,0,-0.029178156234441
"4431","beta_trend",6083,4425,0,-0.0289375280067944
"4432","beta_trend",6083,4426,0,-0.0286937204591854
"4433","beta_trend",6083,4427,0,-0.0284468832755954
"4434","beta_trend",6083,4428,0,-0.0281971669635415
"4435","beta_trend",6083,4429,0,-0.0279447228044011
"4436","beta_trend",6083,4430,0,-0.0276897028036792
"4437","beta_trend",6083,4431,0,-0.0274322596412305
"4438","beta_trend",6083,4432,0,-0.0271725466214555
"4439","beta_trend",6083,4433,0,-0.0269107176234775
"4440","beta_trend",6083,4434,0,-0.0266469270513233
"4441","beta_trend",6083,4435,0,-0.0263813297841138
"4442","beta_trend",6083,4436,0,-0.0261140811262797
"4443","beta_trend",6083,4437,0,-0.0258453367578199
"4444","beta_trend",6083,4438,0,-0.0255752526846063
"4445","beta_trend",6083,4439,0,-0.0253039851887558
"4446","beta_trend",6083,4440,0,-0.0250316907790762
"4447","beta_trend",6083,4441,0,-0.0247585261416001
"4448","beta_trend",6083,4442,0,-0.0244846480902164
"4449","beta_trend",6083,4443,0,-0.0242102135174126
"4450","beta_trend",6083,4444,0,-0.0239353793451363
"4451","beta_trend",6083,4445,0,-0.0236603024757873
"4452","beta_trend",6083,4446,0,-0.0233851397433515
"4453","beta_trend",6083,4447,0,-0.0231100478646842
"4454","beta_trend",6083,4448,0,-0.022835183390953
"4455","beta_trend",6083,4449,0,-0.0225607026592518
"4456","beta_trend",6083,4450,0,-0.0222867617443906
"4457","beta_trend",6083,4451,0,-0.0220135164108732
"4458","beta_trend",6083,4452,0,-0.0217411220650687
"4459","beta_trend",6083,4453,0,-0.0214697337075878
"4460","beta_trend",6083,4454,0,-0.0211995058858672
"4461","beta_trend",6083,4455,0,-0.0209305926469749
"4462","beta_trend",6083,4456,0,-0.0206631474906385
"4463","beta_trend",6083,4457,0,-0.020397323322508
"4464","beta_trend",6083,4458,0,-0.0201332724076545
"4465","beta_trend",6083,4459,0,-0.0198711463243185
"4466","beta_trend",6083,4460,0,-0.0196110959179062
"4467","beta_trend",6083,4461,0,-0.019353271255246
"4468","beta_trend",6083,4462,0,-0.0190612674788808
"4469","beta_trend",6083,4463,0,-0.0188099577903708
"4470","beta_trend",6083,4464,0,-0.0185612511221552
"4471","beta_trend",6083,4465,0,-0.0183152966448958
"4472","beta_trend",6083,4466,0,-0.0180722424286459
"4473","beta_trend",6083,4467,0,-0.0178322354019776
"4474","beta_trend",6083,4468,0,-0.0175954213113098
"4475","beta_trend",6083,4469,0,-0.0173619446804419
"4476","beta_trend",6083,4470,0,-0.0171319487703054
"4477","beta_trend",6083,4471,0,-0.0169055755389311
"4478","beta_trend",6083,4472,0,-0.016682965601644
"4479","beta_trend",6083,4473,0,-0.0164642581914901
"4480","beta_trend",6083,4474,0,-0.0162495911198981
"4481","beta_trend",6083,4475,0,-0.0160391007375833
"4482","beta_trend",6083,4476,0,-0.0158329218957003
"4483","beta_trend",6083,4477,0,-0.0156311879072452
"4484","beta_trend",6083,4478,0,-0.0154340305087154
"4485","beta_trend",6083,4479,0,-0.0152415798220321
"4486","beta_trend",6083,4480,0,-0.0150539643167269
"4487","beta_trend",6083,4481,0,-0.0148713107723983
"4488","beta_trend",6083,4482,0,-0.014693744241446
"4489","beta_trend",6083,4483,0,-0.014521388012079
"4490","beta_trend",6083,4484,0,-0.0143543635716116
"4491","beta_trend",6083,4485,0,-0.0141927905700419
"4492","beta_trend",6083,4486,0,-0.0140367867839232
"4493","beta_trend",6083,4487,0,-0.0138864680805293
"4494","beta_trend",6083,4488,0,-0.0137419483823165
"4495","beta_trend",6083,4489,0,-0.0136033396316902
"4496","beta_trend",6083,4490,0,-0.013470751756074
"4497","beta_trend",6083,4491,0,-0.0133442926332876
"4498","beta_trend",6083,4492,0,-0.0132240680572385
"4499","beta_trend",6083,4493,0,-0.013110181703929
"4500","beta_trend",6083,4494,0,-0.0130027350977803
"4501","beta_trend",6083,4495,0,-0.012901827578281
"4502","beta_trend",6083,4496,0,-0.0128075562669597
"4503","beta_trend",6083,4497,0,-0.0127200160346881
"4504","beta_trend",6083,4498,0,-0.0126392994693136
"4505","beta_trend",6083,4499,0,-0.0125654968436307
"4506","beta_trend",6083,4500,0,-0.0124986960836878
"4507","beta_trend",6083,4501,0,-0.0124389827374384
"4508","beta_trend",6083,4502,0,-0.012386439943736
"4509","beta_trend",6083,4503,0,-0.0123411484016789
"4510","beta_trend",6083,4504,0,-0.0123031863403049
"4511","beta_trend",6083,4505,0,-0.0122726294886442
"4512","beta_trend",6083,4506,0,-0.0122495510461272
"4513","beta_trend",6083,4507,0,-0.0122340216533583
"4514","beta_trend",6083,4508,0,-0.0122261093632513
"4515","beta_trend",6083,4509,0,-0.0122258796125377
"4516","beta_trend",6083,4510,0,-0.012233395193644
"4517","beta_trend",6083,4511,0,-0.012248716226948
"4518","beta_trend",6083,4512,0,-0.0122719001334136
"4519","beta_trend",6083,4513,0,-0.01230300160761
"4520","beta_trend",6083,4514,0,-0.0123420725911181
"4521","beta_trend",6083,4515,0,-0.012442095841804
"4522","beta_trend",6083,4516,0,-0.0124996919865916
"4523","beta_trend",6083,4517,0,-0.0125655028809788
"4524","beta_trend",6083,4518,0,-0.0126395735050657
"4525","beta_trend",6083,4519,0,-0.0127219461193773
"4526","beta_trend",6083,4520,0,-0.012812660246015
"4527","beta_trend",6083,4521,0,-0.0129117526503809
"4528","beta_trend",6083,4522,0,-0.0130192573234742
"4529","beta_trend",6083,4523,0,-0.0131352054647735
"4530","beta_trend",6083,4524,0,-0.0132596254657076
"4531","beta_trend",6083,4525,0,-0.0133925428937273
"4532","beta_trend",6083,4526,0,-0.0135339804769843
"4533","beta_trend",6083,4527,0,-0.0136839580896277
"4534","beta_trend",6083,4528,0,-0.0138424927377212
"4535","beta_trend",6083,4529,0,-0.014009598545798
"4536","beta_trend",6083,4530,0,-0.0141852867440544
"4537","beta_trend",6083,4531,0,-0.0143695656561971
"4538","beta_trend",6083,4532,0,-0.014562440687947
"4539","beta_trend",6083,4533,0,-0.0147639143162158
"4540","beta_trend",6083,4534,0,-0.0149739860789595
"4541","beta_trend",6083,4535,0,-0.0151926525657191
"4542","beta_trend",6083,4536,0,-0.0154199074088601
"4543","beta_trend",6083,4537,0,-0.0156557412755188
"4544","beta_trend",6083,4538,0,-0.0159001418602652
"4545","beta_trend",6083,4539,0,-0.0161530938784941
"4546","beta_trend",6083,4540,0,-0.0164145790605511
"4547","beta_trend",6083,4541,0,-0.0166845761466079
"4548","beta_trend",6083,4542,0,-0.0169630608822928
"4549","beta_trend",6083,4543,0,-0.0172500060150912
"4550","beta_trend",6083,4544,0,-0.0175453812915226
"4551","beta_trend",6083,4545,0,-0.0178491534551061
"4552","beta_trend",6083,4546,0,-0.0181612862451261
"4553","beta_trend",6083,4547,0,-0.0184817403962074
"4554","beta_trend",6083,4548,0,-0.0188104736387114
"4555","beta_trend",6083,4549,0,-0.0191474406999619
"4556","beta_trend",6083,4550,0,-0.0194925933063169
"4557","beta_trend",6083,4551,0,-0.0198458801860889
"4558","beta_trend",6083,4552,0,-0.0202072470733334
"4559","beta_trend",6083,4553,0,-0.0205766367125104
"4560","beta_trend",6083,4554,0,-0.0209539888640323
"4561","beta_trend",6083,4555,0,-0.0213392403107091
"4562","beta_trend",6083,4556,0,-0.0217323248651019
"4563","beta_trend",6083,4557,0,-0.0221331733777951
"4564","beta_trend",6083,4558,0,-0.022541713746599
"4565","beta_trend",6083,4559,0,-0.0229301290044149
"4566","beta_trend",6083,4560,0,-0.0233550533211254
"4567","beta_trend",6083,4561,0,-0.0237873839983606
"4568","beta_trend",6083,4562,0,-0.0242270392681937
"4569","beta_trend",6083,4563,0,-0.0246739343959648
"4570","beta_trend",6083,4564,0,-0.0251279816977473
"4571","beta_trend",6083,4565,0,-0.0255890905587521
"4572","beta_trend",6083,4566,0,-0.0260571674526765
"4573","beta_trend",6083,4567,0,-0.0265321159620121
"4574","beta_trend",6083,4568,0,-0.0270138367993239
"4575","beta_trend",6083,4569,0,-0.0275022278295107
"4576","beta_trend",6083,4570,0,-0.0279971840930583
"4577","beta_trend",6083,4571,0,-0.0284985978302966
"4578","beta_trend",6083,4572,0,-0.0290063585066734
"4579","beta_trend",6083,4573,0,-0.0295203528390505
"4580","beta_trend",6083,4574,0,-0.0300404648230399
"4581","beta_trend",6083,4575,0,-0.0305665757613821
"4582","beta_trend",6083,4576,0,-0.031098564293381
"4583","beta_trend",6083,4577,0,-0.0316363064254059
"4584","beta_trend",6083,4578,0,-0.0321796755624649
"4585","beta_trend",6083,4579,0,-0.0327285425408609
"4586","beta_trend",6083,4580,0,-0.0332827756619418
"4587","beta_trend",6083,4581,0,-0.0338422407269455
"4588","beta_trend",6083,4582,0,-0.0344068010729545
"4589","beta_trend",6083,4583,0,-0.0349763176099617
"4590","beta_trend",6083,4584,0,-0.0355506488590585
"4591","beta_trend",6083,4585,0,-0.0361296509917461
"4592","beta_trend",6083,4586,0,-0.0367131778703818
"4593","beta_trend",6083,4587,0,-0.0373010810897588
"4594","beta_trend",6083,4588,0,-0.0378932100198306
"4595","beta_trend",6083,4589,0,-0.0384894118495784
"4596","beta_trend",6083,4590,0,-0.0390895316320268
"4597","beta_trend",6083,4591,0,-0.0396934123304135
"4598","beta_trend",6083,4592,0,-0.0403008948655103
"4599","beta_trend",6083,4593,0,-0.0409118181640993
"4600","beta_trend",6083,4594,0,-0.0415260192086059
"4601","beta_trend",6083,4595,0,-0.0421433330878868
"4602","beta_trend",6083,4596,0,-0.0427635930491741
"4603","beta_trend",6083,4597,0,-0.0433866305511718
"4604","beta_trend",6083,4598,0,-0.0440122753183058
"4605","beta_trend",6083,4599,0,-0.0446403553961217
"4606","beta_trend",6083,4600,0,-0.0452706972078282
"4607","beta_trend",6083,4601,0,-0.04590312561198
"4608","beta_trend",6083,4602,0,-0.0465374639612971
"4609","beta_trend",6083,4603,0,-0.0471735341626131
"4610","beta_trend",6083,4604,0,-0.0478111567379431
"4611","beta_trend",6083,4605,0,-0.0484501508866668
"4612","beta_trend",6083,4606,0,-0.0490903345488169
"4613","beta_trend",6083,4607,0,-0.0497315244694593
"4614","beta_trend",6083,4608,0,-0.0503735362641597
"4615","beta_trend",6083,4609,0,-0.0510161844855195
"4616","beta_trend",6083,4610,0,-0.0516592826907717
"4617","beta_trend",6083,4611,0,-0.0523026435104216
"4618","beta_trend",6083,4612,0,-0.0529674213748951
"4619","beta_trend",6083,4613,0,-0.0536117251691401
"4620","beta_trend",6083,4614,0,-0.0542557673193005
"4621","beta_trend",6083,4615,0,-0.0548993591858522
"4622","beta_trend",6083,4616,0,-0.0555423116251504
"4623","beta_trend",6083,4617,0,-0.0561844350661186
"4624","beta_trend",6083,4618,0,-0.0568255395879099
"4625","beta_trend",6083,4619,0,-0.0574654349985274
"4626","beta_trend",6083,4620,0,-0.0581039309143737
"4627","beta_trend",6083,4621,0,-0.0587408368407102
"4628","beta_trend",6083,4622,0,-0.0593759622529961
"4629","beta_trend",6083,4623,0,-0.0600091166790871
"4630","beta_trend",6083,4624,0,-0.0606401097822603
"4631","beta_trend",6083,4625,0,-0.061268751445042
"4632","beta_trend",6083,4626,0,-0.0618948518538014
"4633","beta_trend",6083,4627,0,-0.0625182215840874
"4634","beta_trend",6083,4628,0,-0.0631386716866694
"4635","beta_trend",6083,4629,0,-0.0637560137742514
"4636","beta_trend",6083,4630,0,-0.064370060108823
"4637","beta_trend",6083,4631,0,-0.064980623689614
"4638","beta_trend",6083,4632,0,-0.0655875183416109
"4639","beta_trend",6083,4633,0,-0.0661905588046
"4640","beta_trend",6083,4634,0,-0.0667895608226967
"4641","beta_trend",6083,4635,0,-0.0673843412343174
"4642","beta_trend",6083,4636,0,-0.0679747180625546
"4643","beta_trend",6083,4637,0,-0.0685605106059105
"4644","beta_trend",6083,4638,0,-0.0691415395293441
"4645","beta_trend",6083,4639,0,-0.0697176269555851
"4646","beta_trend",6083,4640,0,-0.0702885965566685
"4647","beta_trend",6083,4641,0,-0.0708542736456407
"4648","beta_trend",6083,4642,0,-0.0714144852683898
"4649","beta_trend",6083,4643,0,-0.0719690602955434
"4650","beta_trend",6083,4644,0,-0.0725178295143893
"4651","beta_trend",6083,4645,0,-0.0730606257207616
"4652","beta_trend",6083,4646,0,-0.073597283810838
"4653","beta_trend",6083,4647,0,-0.0741276408727952
"4654","beta_trend",6083,4648,0,-0.0746515362782663
"4655","beta_trend",6083,4649,0,-0.0751688117735375
"4656","beta_trend",6083,4650,0,-0.0756793115704345
"4657","beta_trend",6083,4651,0,-0.0761828824368317
"4658","beta_trend",6083,4652,0,-0.0766793737867276
"4659","beta_trend",6083,4653,0,-0.077168637769824
"4660","beta_trend",6083,4654,0,-0.0776505293605481
"4661","beta_trend",6083,4655,0,-0.0780947752646585
"4662","beta_trend",6083,4656,0,-0.0785628311523762
"4663","beta_trend",6083,4657,0,-0.0790230415272893
"4664","beta_trend",6083,4658,0,-0.0794752757397711
"4665","beta_trend",6083,4659,0,-0.0799194063192173
"4666","beta_trend",6083,4660,0,-0.0803553090610171
"4667","beta_trend",6083,4661,0,-0.0807828631124341
"4668","beta_trend",6083,4662,0,-0.0812019510573312
"4669","beta_trend",6083,4663,0,-0.0816124589996727
"4670","beta_trend",6083,4664,0,-0.0820142766457367
"4671","beta_trend",6083,4665,0,-0.0824072973849703
"4672","beta_trend",6083,4666,0,-0.0827914183694191
"4673","beta_trend",6083,4667,0,-0.0831665405916632
"4674","beta_trend",6083,4668,0,-0.0835325689611917
"4675","beta_trend",6083,4669,0,-0.0838894123791462
"4676","beta_trend",6083,4670,0,-0.084236983811365
"4677","beta_trend",6083,4671,0,-0.0845752003596573
"4678","beta_trend",6083,4672,0,-0.0849039833312428
"4679","beta_trend",6083,4673,0,-0.0852232583062812
"4680","beta_trend",6083,4674,0,-0.0855329552034296
"4681","beta_trend",6083,4675,0,-0.0858330083433529
"4682","beta_trend",6083,4676,0,-0.0861233565101246
"4683","beta_trend",6083,4677,0,-0.0864039430104445
"4684","beta_trend",6083,4678,0,-0.0866747157306089
"4685","beta_trend",6083,4679,0,-0.086935627191164
"4686","beta_trend",6083,4680,0,-0.0871866345991791
"4687","beta_trend",6083,4681,0,-0.0874276998980661
"4688","beta_trend",6083,4682,0,-0.0876587898148888
"4689","beta_trend",6083,4683,0,-0.0878798759050899
"4690","beta_trend",6083,4684,0,-0.0880909345945741
"4691","beta_trend",6083,4685,0,-0.088291947219085
"4692","beta_trend",6083,4686,0,-0.0884829000608132
"4693","beta_trend",6083,4687,0,-0.0886637843821702
"4694","beta_trend",6083,4688,0,-0.0888345964566756
"4695","beta_trend",6083,4689,0,-0.0889953375968914
"4696","beta_trend",6083,4690,0,-0.0891460141793485
"4697","beta_trend",6083,4691,0,-0.0892866376664097
"4698","beta_trend",6083,4692,0,-0.089417224625013
"4699","beta_trend",6083,4693,0,-0.0895377967422418
"4700","beta_trend",6083,4694,0,-0.0896483808376679
"4701","beta_trend",6083,4695,0,-0.0897490088724224
"4702","beta_trend",6083,4696,0,-0.0898397179549387
"4703","beta_trend",6083,4697,0,-0.0899205503433259
"4704","beta_trend",6083,4698,0,-0.089991553444325
"4705","beta_trend",6083,4699,0,-0.0900527798088052
"4706","beta_trend",6083,4700,0,-0.0901042871237592
"4707","beta_trend",6083,4701,0,-0.0901461382007583
"4708","beta_trend",6083,4702,0,-0.0901784009608293
"4709","beta_trend",6083,4703,0,-0.0902011484157212
"4710","beta_trend",6083,4704,0,-0.0902144586455256
"4711","beta_trend",6083,4705,0,-0.0902184147726215
"4712","beta_trend",6083,4706,0,-0.0902131049319188
"4713","beta_trend",6083,4707,0,-0.0901986222373743
"4714","beta_trend",6083,4708,0,-0.0902325625866501
"4715","beta_trend",6083,4709,0,-0.090202685547276
"4716","beta_trend",6083,4710,0,-0.0901640598583031
"4717","beta_trend",6083,4711,0,-0.0901168028216404
"4718","beta_trend",6083,4712,0,-0.0900610366685494
"4719","beta_trend",6083,4713,0,-0.0899968885092089
"4720","beta_trend",6083,4714,0,-0.0899244902786095
"4721","beta_trend",6083,4715,0,-0.0898439786787818
"4722","beta_trend",6083,4716,0,-0.0897554951173617
"4723","beta_trend",6083,4717,0,-0.089659185642495
"4724","beta_trend",6083,4718,0,-0.0895552008740946
"4725","beta_trend",6083,4719,0,-0.0894436959314614
"4726","beta_trend",6083,4720,0,-0.089324830357282
"4727","beta_trend",6083,4721,0,-0.0891987680380264
"4728","beta_trend",6083,4722,0,-0.0890656771207614
"4729","beta_trend",6083,4723,0,-0.0889257299264113
"4730","beta_trend",6083,4724,0,-0.0887791028594899
"4731","beta_trend",6083,4725,0,-0.0886259763143366
"4732","beta_trend",6083,4726,0,-0.0884665345778914
"4733","beta_trend",6083,4727,0,-0.0883009657290494
"4734","beta_trend",6083,4728,0,-0.0881294615346315
"4735","beta_trend",6083,4729,0,-0.0879522173420216
"4736","beta_trend",6083,4730,0,-0.0877694319685146
"4737","beta_trend",6083,4731,0,-0.0875813075874305
"4738","beta_trend",6083,4732,0,-0.0873880496110451
"4739","beta_trend",6083,4733,0,-0.0871898665704005
"4740","beta_trend",6083,4734,0,-0.0869869699920531
"4741","beta_trend",6083,4735,0,-0.0867795742718281
"4742","beta_trend",6083,4736,0,-0.086567896545644
"4743","beta_trend",6083,4737,0,-0.0863521565574823
"4744","beta_trend",6083,4738,0,-0.0861325765245771
"4745","beta_trend",6083,4739,0,-0.0859093809999013
"4746","beta_trend",6083,4740,0,-0.0856827967320308
"4747","beta_trend",6083,4741,0,-0.0854530525224719
"4748","beta_trend",6083,4742,0,-0.0852203790805389
"4749","beta_trend",6083,4743,0,-0.0849850088758749
"4750","beta_trend",6083,4744,0,-0.0847471759887034
"4751","beta_trend",6083,4745,0,-0.0845071159579155
"4752","beta_trend",6083,4746,0,-0.0842650656270854
"4753","beta_trend",6083,4747,0,-0.0840212629885213
"4754","beta_trend",6083,4748,0,-0.083775947025454
"4755","beta_trend",6083,4749,0,-0.0835293575524725
"4756","beta_trend",6083,4750,0,-0.0832817350543174
"4757","beta_trend",6083,4751,0,-0.0830333205231453
"4758","beta_trend",6083,4752,0,-0.0827465015508934
"4759","beta_trend",6083,4753,0,-0.0824989029598133
"4760","beta_trend",6083,4754,0,-0.082251166346997
"4761","beta_trend",6083,4755,0,-0.0820035358552186
"4762","beta_trend",6083,4756,0,-0.0817562552008537
"4763","beta_trend",6083,4757,0,-0.081509567507834
"4764","beta_trend",6083,4758,0,-0.0812637151408306
"4765","beta_trend",6083,4759,0,-0.0810189395378093
"4766","beta_trend",6083,4760,0,-0.0807754810420817
"4767","beta_trend",6083,4761,0,-0.0805335787339985
"4768","beta_trend",6083,4762,0,-0.0802934702624164
"4769","beta_trend",6083,4763,0,-0.0800553916760818
"4770","beta_trend",6083,4764,0,-0.0798195772550691
"4771","beta_trend",6083,4765,0,-0.0795862593424186
"4772","beta_trend",6083,4766,0,-0.0793556681761161
"4773","beta_trend",6083,4767,0,-0.0791280317215552
"4774","beta_trend",6083,4768,0,-0.0789035755046331
"4775","beta_trend",6083,4769,0,-0.0786825224456182
"4776","beta_trend",6083,4770,0,-0.078465092693942
"4777","beta_trend",6083,4771,0,-0.0782515034640573
"4778","beta_trend",6083,4772,0,-0.0780419688725121
"4779","beta_trend",6083,4773,0,-0.0778366997763832
"4780","beta_trend",6083,4774,0,-0.0776359036132198
"4781","beta_trend",6083,4775,0,-0.0774397842426415
"4782","beta_trend",6083,4776,0,-0.0772485417897367
"4783","beta_trend",6083,4777,0,-0.0770623724904099
"4784","beta_trend",6083,4778,0,-0.0768814685388198
"4785","beta_trend",6083,4779,0,-0.0767060179370589
"4786","beta_trend",6083,4780,0,-0.076536204347209
"4787","beta_trend",6083,4781,0,-0.0763722069459254
"4788","beta_trend",6083,4782,0,-0.076214200281686
"4789","beta_trend",6083,4783,0,-0.0760623541348451
"4790","beta_trend",6083,4784,0,-0.075916833380636
"4791","beta_trend",6083,4785,0,-0.0757777978552532
"4792","beta_trend",6083,4786,0,-0.075645402225155
"4793","beta_trend",6083,4787,0,-0.0755197958597181
"4794","beta_trend",6083,4788,0,-0.0754011227073765
"4795","beta_trend",6083,4789,0,-0.0752895211753731
"4796","beta_trend",6083,4790,0,-0.0751851240132536
"4797","beta_trend",6083,4791,0,-0.0750880582002245
"4798","beta_trend",6083,4792,0,-0.0749984448365013
"4799","beta_trend",6083,4793,0,-0.0749163990387615
"4800","beta_trend",6083,4794,0,-0.0748420298398229
"4801","beta_trend",6083,4795,0,-0.0747754400926598
"4802","beta_trend",6083,4796,0,-0.0747167263788651
"4803","beta_trend",6083,4797,0,-0.0746659789216693
"4804","beta_trend",6083,4798,0,-0.0746232815036166
"4805","beta_trend",6083,4799,0,-0.0745887113890004
"4806","beta_trend",6083,4800,0,-0.074562339251152
"4807","beta_trend",6083,4801,0,-0.0745442291046796
"4808","beta_trend",6083,4802,0,-0.0745344382427413
"4809","beta_trend",6083,4803,0,-0.0745330171794375
"4810","beta_trend",6083,4804,0,-0.074540009597409
"4811","beta_trend",6083,4805,0,-0.0745766997140459
"4812","beta_trend",6083,4806,0,-0.0746016015277103
"4813","beta_trend",6083,4807,0,-0.0746350489661444
"4814","beta_trend",6083,4808,0,-0.0746770596918068
"4815","beta_trend",6083,4809,0,-0.0747276444182479
"4816","beta_trend",6083,4810,0,-0.074786806892479
"4817","beta_trend",6083,4811,0,-0.074854543883038
"4818","beta_trend",6083,4812,0,-0.0749308451737986
"4819","beta_trend",6083,4813,0,-0.0750156935635605
"4820","beta_trend",6083,4814,0,-0.0751090648714554
"4821","beta_trend",6083,4815,0,-0.0752109279481991
"4822","beta_trend",6083,4816,0,-0.0753212446932111
"4823","beta_trend",6083,4817,0,-0.0754399700776229
"4824","beta_trend",6083,4818,0,-0.0755670521731864
"4825","beta_trend",6083,4819,0,-0.0757024321870899
"4826","beta_trend",6083,4820,0,-0.0758460445026861
"4827","beta_trend",6083,4821,0,-0.0759978167261246
"4828","beta_trend",6083,4822,0,-0.0761576697388863
"4829","beta_trend",6083,4823,0,-0.0763255177561962
"4830","beta_trend",6083,4824,0,-0.0765012683913057
"4831","beta_trend",6083,4825,0,-0.0766848227256065
"4832","beta_trend",6083,4826,0,-0.0768760753845542
"4833","beta_trend",6083,4827,0,-0.0770749146193604
"4834","beta_trend",6083,4828,0,-0.0772812223944086
"4835","beta_trend",6083,4829,0,-0.0774948744803493
"4836","beta_trend",6083,4830,0,-0.0777157405528183
"4837","beta_trend",6083,4831,0,-0.0779436842967154
"4838","beta_trend",6083,4832,0,-0.0781785635159845
"4839","beta_trend",6083,4833,0,-0.0784202302488166
"4840","beta_trend",6083,4834,0,-0.078668530888204
"4841","beta_trend",6083,4835,0,-0.0789233063077615
"4842","beta_trend",6083,4836,0,-0.0791843919927246
"4843","beta_trend",6083,4837,0,-0.0794516181760373
"4844","beta_trend",6083,4838,0,-0.0797248099794228
"4845","beta_trend",6083,4839,0,-0.0800037875593407
"4846","beta_trend",6083,4840,0,-0.0802883662577139
"4847","beta_trend",6083,4841,0,-0.0805783567573173
"4848","beta_trend",6083,4842,0,-0.0808735652417033
"4849","beta_trend",6083,4843,0,-0.0811737935595437
"4850","beta_trend",6083,4844,0,-0.0814788393932528
"4851","beta_trend",6083,4845,0,-0.0817884964317631
"4852","beta_trend",6083,4846,0,-0.0821025545473081
"4853","beta_trend",6083,4847,0,-0.0824207999760743
"4854","beta_trend",6083,4848,0,-0.0827085337298904
"4855","beta_trend",6083,4849,0,-0.0830360235049643
"4856","beta_trend",6083,4850,0,-0.0833669754223421
"4857","beta_trend",6083,4851,0,-0.0837011655694657
"4858","beta_trend",6083,4852,0,-0.0840383672618733
"4859","beta_trend",6083,4853,0,-0.084378351246797
"4860","beta_trend",6083,4854,0,-0.0847208859094128
"4861","beta_trend",6083,4855,0,-0.0850657374815629
"4862","beta_trend",6083,4856,0,-0.085412670252777
"4863","beta_trend",6083,4857,0,-0.0857614467834061
"4864","beta_trend",6083,4858,0,-0.086111828119688
"4865","beta_trend",6083,4859,0,-0.0864635740105513
"4866","beta_trend",6083,4860,0,-0.0868164431259731
"4867","beta_trend",6083,4861,0,-0.0871701932766914
"4868","beta_trend",6083,4862,0,-0.08752458163508
"4869","beta_trend",6083,4863,0,-0.0878793649569847
"4870","beta_trend",6083,4864,0,-0.0882342998043227
"4871","beta_trend",6083,4865,0,-0.0885891427682407
"4872","beta_trend",6083,4866,0,-0.0889436506926296
"4873","beta_trend",6083,4867,0,-0.0892975808977872
"4874","beta_trend",6083,4868,0,-0.0896506914040248
"4875","beta_trend",6083,4869,0,-0.0900027411550086
"4876","beta_trend",6083,4870,0,-0.0903534902406232
"4877","beta_trend",6083,4871,0,-0.0907027001191547
"4878","beta_trend",6083,4872,0,-0.0910501338385741
"4879","beta_trend",6083,4873,0,-0.0913955562567162
"4880","beta_trend",6083,4874,0,-0.091738734260142
"4881","beta_trend",6083,4875,0,-0.0920794369814696
"4882","beta_trend",6083,4876,0,-0.0924174360149697
"4883","beta_trend",6083,4877,0,-0.0927525056302093
"4884","beta_trend",6083,4878,0,-0.0930844229835374
"4885","beta_trend",6083,4879,0,-0.093412968327203
"4886","beta_trend",6083,4880,0,-0.0937379252158992
"4887","beta_trend",6083,4881,0,-0.0940590807105252
"4888","beta_trend",6083,4882,0,-0.0943762255789639
"4889","beta_trend",6083,4883,0,-0.0946891544936708
"4890","beta_trend",6083,4884,0,-0.0949976662258739
"4891","beta_trend",6083,4885,0,-0.0953015638361857
"4892","beta_trend",6083,4886,0,-0.095600654861433
"4893","beta_trend",6083,4887,0,-0.0958947514975067
"4894","beta_trend",6083,4888,0,-0.0961836707780458
"4895","beta_trend",6083,4889,0,-0.0964672347487645
"4896","beta_trend",6083,4890,0,-0.0967452706372391
"4897","beta_trend",6083,4891,0,-0.0970176110179727
"4898","beta_trend",6083,4892,0,-0.0972840939725624
"4899","beta_trend",6083,4893,0,-0.0975445632447914
"4900","beta_trend",6083,4894,0,-0.0977988683904818
"4901","beta_trend",6083,4895,0,-0.0980468649219369
"4902","beta_trend",6083,4896,0,-0.0982884144468152
"4903","beta_trend",6083,4897,0,-0.0985233848012808
"4904","beta_trend",6083,4898,0,-0.0987516501772734
"4905","beta_trend",6083,4899,0,-0.0989730912437561
"4906","beta_trend",6083,4900,0,-0.099187595261798
"4907","beta_trend",6083,4901,0,-0.099448663089008
"4908","beta_trend",6083,4902,0,-0.0996514548058204
"4909","beta_trend",6083,4903,0,-0.0998471194642153
"4910","beta_trend",6083,4904,0,-0.100035576083377
"4911","beta_trend",6083,4905,0,-0.100216750915582
"4912","beta_trend",6083,4906,0,-0.100390577527031
"4913","beta_trend",6083,4907,0,-0.100556996871819
"4914","beta_trend",6083,4908,0,-0.100715957358977
"4915","beta_trend",6083,4909,0,-0.100867414912475
"4916","beta_trend",6083,4910,0,-0.10101133302412
"4917","beta_trend",6083,4911,0,-0.101147682799279
"4918","beta_trend",6083,4912,0,-0.101276442995346
"4919","beta_trend",6083,4913,0,-0.101397600052911
"4920","beta_trend",6083,4914,0,-0.101511148119564
"4921","beta_trend",6083,4915,0,-0.101617089066305
"4922","beta_trend",6083,4916,0,-0.101715432496504
"4923","beta_trend",6083,4917,0,-0.101806195747386
"4924","beta_trend",6083,4918,0,-0.101889403884031
"4925","beta_trend",6083,4919,0,-0.10196508968585
"4926","beta_trend",6083,4920,0,-0.102033293625543
"4927","beta_trend",6083,4921,0,-0.102094063840529
"4928","beta_trend",6083,4922,0,-0.102147456096861
"4929","beta_trend",6083,4923,0,-0.102193533745634
"4930","beta_trend",6083,4924,0,-0.102232367671901
"4931","beta_trend",6083,4925,0,-0.102264036236138
"4932","beta_trend",6083,4926,0,-0.102288625208282
"4933","beta_trend",6083,4927,0,-0.102306227694387
"4934","beta_trend",6083,4928,0,-0.102316944055951
"4935","beta_trend",6083,4929,0,-0.102320881821968
"4936","beta_trend",6083,4930,0,-0.102318155593772
"4937","beta_trend",6083,4931,0,-0.102308886942744
"4938","beta_trend",6083,4932,0,-0.102293204300958
"4939","beta_trend",6083,4933,0,-0.102271242844858
"4940","beta_trend",6083,4934,0,-0.102243144372062
"4941","beta_trend",6083,4935,0,-0.102209057171378
"4942","beta_trend",6083,4936,0,-0.102169135886159
"4943","beta_trend",6083,4937,0,-0.102123541371101
"4944","beta_trend",6083,4938,0,-0.102072440542609
"4945","beta_trend",6083,4939,0,-0.102016006222855
"4946","beta_trend",6083,4940,0,-0.101954416977668
"4947","beta_trend",6083,4941,0,-0.101887856948395
"4948","beta_trend",6083,4942,0,-0.101816515677881
"4949","beta_trend",6083,4943,0,-0.101740587930721
"4950","beta_trend",6083,4944,0,-0.101660273507949
"4951","beta_trend",6083,4945,0,-0.101545216467722
"4952","beta_trend",6083,4946,0,-0.101458100076735
"4953","beta_trend",6083,4947,0,-0.101367167906959
"4954","beta_trend",6083,4948,0,-0.101272640185957
"4955","beta_trend",6083,4949,0,-0.101174741091913
"4956","beta_trend",6083,4950,0,-0.101073698541307
"4957","beta_trend",6083,4951,0,-0.100969743972227
"4958","beta_trend",6083,4952,0,-0.100863112123521
"4959","beta_trend",6083,4953,0,-0.100754040810005
"4960","beta_trend",6083,4954,0,-0.10064277069393
"4961","beta_trend",6083,4955,0,-0.100529545052936
"4962","beta_trend",6083,4956,0,-0.100414609544715
"4963","beta_trend",6083,4957,0,-0.100298211968602
"4964","beta_trend",6083,4958,0,-0.100180602024334
"4965","beta_trend",6083,4959,0,-0.1000620310682
"4966","beta_trend",6083,4960,0,-0.0999427518668268
"4967","beta_trend",6083,4961,0,-0.0998230183488362
"4968","beta_trend",6083,4962,0,-0.0997030853546137
"4969","beta_trend",6083,4963,0,-0.0995832083844371
"4970","beta_trend",6083,4964,0,-0.0994636433452091
"4971","beta_trend",6083,4965,0,-0.0993446462960407
"4972","beta_trend",6083,4966,0,-0.0992264731929405
"4973","beta_trend",6083,4967,0,-0.0991093796328548
"4974","beta_trend",6083,4968,0,-0.0989936205973189
"4975","beta_trend",6083,4969,0,-0.0988794501959649
"4976","beta_trend",6083,4970,0,-0.0987671214101471
"4977","beta_trend",6083,4971,0,-0.0986568858369371
"4978","beta_trend",6083,4972,0,-0.0985489934337415
"4979","beta_trend",6083,4973,0,-0.0984436922638019
"4980","beta_trend",6083,4974,0,-0.0983412282428257
"4981","beta_trend",6083,4975,0,-0.0982418448870083
"4982","beta_trend",6083,4976,0,-0.0981457830626919
"4983","beta_trend",6083,4977,0,-0.0980532807379202
"4984","beta_trend",6083,4978,0,-0.0979645727361333
"4985","beta_trend",6083,4979,0,-0.0978798904922576
"4986","beta_trend",6083,4980,0,-0.0977994618114295
"4987","beta_trend",6083,4981,0,-0.0977235106306074
"4988","beta_trend",6083,4982,0,-0.0976522567833055
"4989","beta_trend",6083,4983,0,-0.0975859157676947
"4990","beta_trend",6083,4984,0,-0.0975246985183041
"4991","beta_trend",6083,4985,0,-0.0974688111815593
"4992","beta_trend",6083,4986,0,-0.0974184548953835
"4993","beta_trend",6083,4987,0,-0.0973738255730936
"4994","beta_trend",6083,4988,0,-0.0973351136918069
"4995","beta_trend",6083,4989,0,-0.0973025040855847
"4996","beta_trend",6083,4990,0,-0.0972761757435189
"4997","beta_trend",6083,4991,0,-0.0972563016129759
"4998","beta_trend",6083,4992,0,-0.0972430484082019
"4999","beta_trend",6083,4993,0,-0.0972365764244878
"5000","beta_trend",6083,4994,0,-0.0972370393580878
"5001","beta_trend",6083,4995,0,-0.0972445841320826
"5002","beta_trend",6083,4996,0,-0.0972593507283674
"5003","beta_trend",6083,4997,0,-0.0972814720259459
"5004","beta_trend",6083,4998,0,-0.0973417316967489
"5005","beta_trend",6083,4999,0,-0.0973803445437147
"5006","beta_trend",6083,5000,0,-0.0974267279733353
"5007","beta_trend",6083,5001,0,-0.0974809874552138
"5008","beta_trend",6083,5002,0,-0.097543220740324
"5009","beta_trend",6083,5003,0,-0.0976135177435651
"5010","beta_trend",6083,5004,0,-0.0976919604337675
"5011","beta_trend",6083,5005,0,-0.0977786227312745
"5012","beta_trend",6083,5006,0,-0.0978735704132168
"5013","beta_trend",6083,5007,0,-0.0979768610265951
"5014","beta_trend",6083,5008,0,-0.0980885438092692
"5015","beta_trend",6083,5009,0,-0.098208659618949
"5016","beta_trend",6083,5010,0,-0.0983372408702788
"5017","beta_trend",6083,5011,0,-0.0984743114800908
"5018","beta_trend",6083,5012,0,-0.0986198868208981
"5019","beta_trend",6083,5013,0,-0.0987739736826939
"5020","beta_trend",6083,5014,0,-0.0989365702431108
"5021","beta_trend",6083,5015,0,-0.0991076660459821
"5022","beta_trend",6083,5016,0,-0.0992872419883507
"5023","beta_trend",6083,5017,0,-0.0994752703159498
"5024","beta_trend",6083,5018,0,-0.0996717146271777
"5025","beta_trend",6083,5019,0,-0.0998765298855819
"5026","beta_trend",6083,5020,0,-0.100089662440851
"5027","beta_trend",6083,5021,0,-0.100311050058319
"5028","beta_trend",6083,5022,0,-0.100540621956957
"5029","beta_trend",6083,5023,0,-0.100778298855841
"5030","beta_trend",6083,5024,0,-0.101023993029059
"5031","beta_trend",6083,5025,0,-0.101277608369029
"5032","beta_trend",6083,5026,0,-0.101539040458155
"5033","beta_trend",6083,5027,0,-0.101808176648805
"5034","beta_trend",6083,5028,0,-0.102084896151504
"5035","beta_trend",6083,5029,0,-0.102369070131302
"5036","beta_trend",6083,5030,0,-0.10266056181222
"5037","beta_trend",6083,5031,0,-0.102959226589686
"5038","beta_trend",6083,5032,0,-0.103264912150864
"5039","beta_trend",6083,5033,0,-0.103577458602776
"5040","beta_trend",6083,5034,0,-0.103896698608093
"5041","beta_trend",6083,5035,0,-0.104222457528484
"5042","beta_trend",6083,5036,0,-0.104554553575379
"5043","beta_trend",6083,5037,0,-0.104892797968025
"5044","beta_trend",6083,5038,0,-0.105236995098684
"5045","beta_trend",6083,5039,0,-0.105586942704807
"5046","beta_trend",6083,5040,0,-0.105942432048052
"5047","beta_trend",6083,5041,0,-0.106303248099949
"5048","beta_trend",6083,5042,0,-0.106634547591227
"5049","beta_trend",6083,5043,0,-0.107006882107808
"5050","beta_trend",6083,5044,0,-0.107383797965393
"5051","beta_trend",6083,5045,0,-0.107765059505445
"5052","beta_trend",6083,5046,0,-0.108150425708117
"5053","beta_trend",6083,5047,0,-0.108539650417088
"5054","beta_trend",6083,5048,0,-0.108932482569623
"5055","beta_trend",6083,5049,0,-0.109328666431638
"5056","beta_trend",6083,5050,0,-0.109727941837539
"5057","beta_trend",6083,5051,0,-0.110130044434622
"5058","beta_trend",6083,5052,0,-0.110534705931794
"5059","beta_trend",6083,5053,0,-0.110941654352383
"5060","beta_trend",6083,5054,0,-0.111350614290786
"5061","beta_trend",6083,5055,0,-0.111761307172727
"5062","beta_trend",6083,5056,0,-0.112173451518861
"5063","beta_trend",6083,5057,0,-0.112586763211475
"5064","beta_trend",6083,5058,0,-0.11300095576403
"5065","beta_trend",6083,5059,0,-0.113415740593283
"5066","beta_trend",6083,5060,0,-0.113830827293726
"5067","beta_trend",6083,5061,0,-0.114245923914077
"5068","beta_trend",6083,5062,0,-0.114660737235548
"5069","beta_trend",6083,5063,0,-0.115074973051629
"5070","beta_trend",6083,5064,0,-0.115488336449108
"5071","beta_trend",6083,5065,0,-0.115900532090049
"5072","beta_trend",6083,5066,0,-0.116311264494465
"5073","beta_trend",6083,5067,0,-0.116720238323391
"5074","beta_trend",6083,5068,0,-0.117127158662096
"5075","beta_trend",6083,5069,0,-0.117531731303142
"5076","beta_trend",6083,5070,0,-0.117933663029014
"5077","beta_trend",6083,5071,0,-0.11833266189405
"5078","beta_trend",6083,5072,0,-0.118728437505375
"5079","beta_trend",6083,5073,0,-0.119120701302584
"5080","beta_trend",6083,5074,0,-0.119509166835868
"5081","beta_trend",6083,5075,0,-0.119893550042331
"5082","beta_trend",6083,5076,0,-0.120273569520216
"5083","beta_trend",6083,5077,0,-0.120648946800747
"5084","beta_trend",6083,5078,0,-0.121019406617352
"5085","beta_trend",6083,5079,0,-0.121384677171961
"5086","beta_trend",6083,5080,0,-0.12174449039814
"5087","beta_trend",6083,5081,0,-0.122098582220776
"5088","beta_trend",6083,5082,0,-0.122446692812066
"5089","beta_trend",6083,5083,0,-0.122788566843543
"5090","beta_trend",6083,5084,0,-0.123123953733896
"5091","beta_trend",6083,5085,0,-0.123452607892315
"5092","beta_trend",6083,5086,0,-0.123774288957137
"5093","beta_trend",6083,5087,0,-0.124088762029528
"5094","beta_trend",6083,5088,0,-0.124395797901986
"5095","beta_trend",6083,5089,0,-0.124695173281415
"5096","beta_trend",6083,5090,0,-0.12498667100655
"5097","beta_trend",6083,5091,0,-0.125270080259507
"5098","beta_trend",6083,5092,0,-0.12554519677125
"5099","beta_trend",6083,5093,0,-0.125811823020751
"5100","beta_trend",6083,5094,0,-0.126117322542668
"5101","beta_trend",6083,5095,0,-0.126368597782434
"5102","beta_trend",6083,5096,0,-0.126610928051598
"5103","beta_trend",6083,5097,0,-0.126844148555106
"5104","beta_trend",6083,5098,0,-0.127068102284638
"5105","beta_trend",6083,5099,0,-0.127282640180695
"5106","beta_trend",6083,5100,0,-0.127487621287211
"5107","beta_trend",6083,5101,0,-0.127682912898559
"5108","beta_trend",6083,5102,0,-0.127868390698789
"5109","beta_trend",6083,5103,0,-0.128043938892954
"5110","beta_trend",6083,5104,0,-0.128209450330404
"5111","beta_trend",6083,5105,0,-0.128364826619919
"5112","beta_trend",6083,5106,0,-0.128509978236562
"5113","beta_trend",6083,5107,0,-0.128644824620145
"5114","beta_trend",6083,5108,0,-0.128769294265211
"5115","beta_trend",6083,5109,0,-0.128883324802446
"5116","beta_trend",6083,5110,0,-0.12898686307142
"5117","beta_trend",6083,5111,0,-0.129079865184607
"5118","beta_trend",6083,5112,0,-0.129162296582594
"5119","beta_trend",6083,5113,0,-0.129234132080449
"5120","beta_trend",6083,5114,0,-0.129295355905169
"5121","beta_trend",6083,5115,0,-0.129345961724202
"5122","beta_trend",6083,5116,0,-0.129385952664979
"5123","beta_trend",6083,5117,0,-0.129415341325469
"5124","beta_trend",6083,5118,0,-0.129434149775709
"5125","beta_trend",6083,5119,0,-0.12944240955034
"5126","beta_trend",6083,5120,0,-0.129440161632121
"5127","beta_trend",6083,5121,0,-0.129427456426469
"5128","beta_trend",6083,5122,0,-0.129404353727013
"5129","beta_trend",6083,5123,0,-0.129370922672225
"5130","beta_trend",6083,5124,0,-0.129327241693152
"5131","beta_trend",6083,5125,0,-0.129273398452295
"5132","beta_trend",6083,5126,0,-0.129209489773715
"5133","beta_trend",6083,5127,0,-0.129135621564401
"5134","beta_trend",6083,5128,0,-0.129051908727008
"5135","beta_trend",6083,5129,0,-0.128958475064026
"5136","beta_trend",6083,5130,0,-0.128855453173486
"5137","beta_trend",6083,5131,0,-0.128742984336293
"5138","beta_trend",6083,5132,0,-0.128621218395306
"5139","beta_trend",6083,5133,0,-0.128490313626278
"5140","beta_trend",6083,5134,0,-0.128350436600779
"5141","beta_trend",6083,5135,0,-0.128201762041234
"5142","beta_trend",6083,5136,0,-0.12804447266823
"5143","beta_trend",6083,5137,0,-0.127878759040219
"5144","beta_trend",6083,5138,0,-0.127661597888606
"5145","beta_trend",6083,5139,0,-0.127481550953586
"5146","beta_trend",6083,5140,0,-0.127293616451998
"5147","beta_trend",6083,5141,0,-0.127098017710444
"5148","beta_trend",6083,5142,0,-0.126894984868194
"5149","beta_trend",6083,5143,0,-0.126684754678682
"5150","beta_trend",6083,5144,0,-0.126467570304541
"5151","beta_trend",6083,5145,0,-0.126243681106382
"5152","beta_trend",6083,5146,0,-0.126013342425527
"5153","beta_trend",6083,5147,0,-0.125776815360906
"5154","beta_trend",6083,5148,0,-0.125534366540358
"5155","beta_trend",6083,5149,0,-0.12528626788654
"5156","beta_trend",6083,5150,0,-0.125032796377706
"5157","beta_trend",6083,5151,0,-0.124774233803562
"5158","beta_trend",6083,5152,0,-0.124510866516464
"5159","beta_trend",6083,5153,0,-0.124242985178189
"5160","beta_trend",6083,5154,0,-0.123970884502548
"5161","beta_trend",6083,5155,0,-0.123694862994064
"5162","beta_trend",6083,5156,0,-0.123415222683013
"5163","beta_trend",6083,5157,0,-0.123132268857051
"5164","beta_trend",6083,5158,0,-0.122846309789713
"5165","beta_trend",6083,5159,0,-0.12255765646605
"5166","beta_trend",6083,5160,0,-0.122266622305657
"5167","beta_trend",6083,5161,0,-0.121973522883382
"5168","beta_trend",6083,5162,0,-0.121678675647974
"5169","beta_trend",6083,5163,0,-0.121382399638958
"5170","beta_trend",6083,5164,0,-0.121085015201997
"5171","beta_trend",6083,5165,0,-0.120786843703031
"5172","beta_trend",6083,5166,0,-0.120488207241466
"5173","beta_trend",6083,5167,0,-0.120189428362689
"5174","beta_trend",6083,5168,0,-0.119890829770186
"5175","beta_trend",6083,5169,0,-0.119592734037552
"5176","beta_trend",6083,5170,0,-0.119295463320652
"5177","beta_trend",6083,5171,0,-0.118999339070224
"5178","beta_trend",6083,5172,0,-0.118704681745204
"5179","beta_trend",6083,5173,0,-0.118411810527026
"5180","beta_trend",6083,5174,0,-0.118121043035194
"5181","beta_trend",6083,5175,0,-0.117832695044388
"5182","beta_trend",6083,5176,0,-0.117547080203366
"5183","beta_trend",6083,5177,0,-0.117264509755942
"5184","beta_trend",6083,5178,0,-0.116985292264298
"5185","beta_trend",6083,5179,0,-0.116709733334894
"5186","beta_trend",6083,5180,0,-0.116438135347226
"5187","beta_trend",6083,5181,0,-0.116170797185702
"5188","beta_trend",6083,5182,0,-0.115908013974876
"5189","beta_trend",6083,5183,0,-0.115650076818294
"5190","beta_trend",6083,5184,0,-0.115397272541186
"5191","beta_trend",6083,5185,0,-0.11514988343726
"5192","beta_trend",6083,5186,0,-0.114908187019813
"5193","beta_trend",6083,5187,0,-0.114672455777407
"5194","beta_trend",6083,5188,0,-0.114442956934316
"5195","beta_trend",6083,5189,0,-0.114219952215984
"5196","beta_trend",6083,5190,0,-0.114003697619688
"5197","beta_trend",6083,5191,0,-0.113825405204835
"5198","beta_trend",6083,5192,0,-0.113624821685824
"5199","beta_trend",6083,5193,0,-0.113431781705846
"5200","beta_trend",6083,5194,0,-0.113246518680623
"5201","beta_trend",6083,5195,0,-0.11306925932979
"5202","beta_trend",6083,5196,0,-0.112900223486099
"5203","beta_trend",6083,5197,0,-0.112739623911272
"5204","beta_trend",6083,5198,0,-0.112587666118627
"5205","beta_trend",6083,5199,0,-0.112444548202673
"5206","beta_trend",6083,5200,0,-0.112310460675796
"5207","beta_trend",6083,5201,0,-0.112185586312186
"5208","beta_trend",6083,5202,0,-0.112070099999159
"5209","beta_trend",6083,5203,0,-0.111964168595969
"5210","beta_trend",6083,5204,0,-0.11186795080026
"5211","beta_trend",6083,5205,0,-0.111781597022254
"5212","beta_trend",6083,5206,0,-0.111705249266786
"5213","beta_trend",6083,5207,0,-0.111639041023272
"5214","beta_trend",6083,5208,0,-0.111583097163719
"5215","beta_trend",6083,5209,0,-0.111537533848829
"5216","beta_trend",6083,5210,0,-0.111502458442298
"5217","beta_trend",6083,5211,0,-0.111477969433345
"5218","beta_trend",6083,5212,0,-0.111464156367552
"5219","beta_trend",6083,5213,0,-0.111461099786039
"5220","beta_trend",6083,5214,0,-0.111468871173028
"5221","beta_trend",6083,5215,0,-0.111487532911819
"5222","beta_trend",6083,5216,0,-0.111517138249201
"5223","beta_trend",6083,5217,0,-0.111557731268306
"5224","beta_trend",6083,5218,0,-0.111609346869919
"5225","beta_trend",6083,5219,0,-0.111672010762227
"5226","beta_trend",6083,5220,0,-0.111745739459018
"5227","beta_trend",6083,5221,0,-0.111830540286271
"5228","beta_trend",6083,5222,0,-0.11192641139715
"5229","beta_trend",6083,5223,0,-0.112033341795333
"5230","beta_trend",6083,5224,0,-0.112151311366643
"5231","beta_trend",6083,5225,0,-0.112280290918929
"5232","beta_trend",6083,5226,0,-0.112420242230127
"5233","beta_trend",6083,5227,0,-0.112571118104435
"5234","beta_trend",6083,5228,0,-0.112732862436527
"5235","beta_trend",6083,5229,0,-0.112905410283713
"5236","beta_trend",6083,5230,0,-0.113088687945961
"5237","beta_trend",6083,5231,0,-0.113282613053663
"5238","beta_trend",6083,5232,0,-0.113487094663059
"5239","beta_trend",6083,5233,0,-0.113702033359187
"5240","beta_trend",6083,5234,0,-0.113927321366234
"5241","beta_trend",6083,5235,0,-0.114138978146411
"5242","beta_trend",6083,5236,0,-0.114385666067315
"5243","beta_trend",6083,5237,0,-0.11464228657414
"5244","beta_trend",6083,5238,0,-0.114908701449408
"5245","beta_trend",6083,5239,0,-0.115184764708708
"5246","beta_trend",6083,5240,0,-0.115470322754637
"5247","beta_trend",6083,5241,0,-0.115765214537049
"5248","beta_trend",6083,5242,0,-0.116069271719407
"5249","beta_trend",6083,5243,0,-0.116382318851095
"5250","beta_trend",6083,5244,0,-0.116704173545466
"5251","beta_trend",6083,5245,0,-0.117034646663468
"5252","beta_trend",6083,5246,0,-0.117373542502634
"5253","beta_trend",6083,5247,0,-0.117720658991242
"5254","beta_trend",6083,5248,0,-0.118075787887441
"5255","beta_trend",6083,5249,0,-0.118438714983129
"5256","beta_trend",6083,5250,0,-0.118809220312375
"5257","beta_trend",6083,5251,0,-0.119187078364163
"5258","beta_trend",6083,5252,0,-0.119572058299242
"5259","beta_trend",6083,5253,0,-0.119963924170845
"5260","beta_trend",6083,5254,0,-0.120362435149071
"5261","beta_trend",6083,5255,0,-0.120767345748674
"5262","beta_trend",6083,5256,0,-0.121178406060045
"5263","beta_trend",6083,5257,0,-0.121595361983137
"5264","beta_trend",6083,5258,0,-0.122017955464103
"5265","beta_trend",6083,5259,0,-0.122445924734402
"5266","beta_trend",6083,5260,0,-0.122879004552134
"5267","beta_trend",6083,5261,0,-0.123316926445355
"5268","beta_trend",6083,5262,0,-0.123759418957135
"5269","beta_trend",6083,5263,0,-0.1242062078921
"5270","beta_trend",6083,5264,0,-0.124657016564225
"5271","beta_trend",6083,5265,0,-0.125111566045621
"5272","beta_trend",6083,5266,0,-0.125569575416075
"5273","beta_trend",6083,5267,0,-0.126030762013086
"5274","beta_trend",6083,5268,0,-0.126494841682162
"5275","beta_trend",6083,5269,0,-0.126961529027119
"5276","beta_trend",6083,5270,0,-0.127430537660145
"5277","beta_trend",6083,5271,0,-0.127901580451376
"5278","beta_trend",6083,5272,0,-0.128374369777749
"5279","beta_trend",6083,5273,0,-0.128848617770882
"5280","beta_trend",6083,5274,0,-0.129324036563741
"5281","beta_trend",6083,5275,0,-0.129800338535863
"5282","beta_trend",6083,5276,0,-0.130277236556887
"5283","beta_trend",6083,5277,0,-0.13075444422817
"5284","beta_trend",6083,5278,0,-0.131231676122243
"5285","beta_trend",6083,5279,0,-0.131708648019901
"5286","beta_trend",6083,5280,0,-0.132185077144673
"5287","beta_trend",6083,5281,0,-0.132660682394475
"5288","beta_trend",6083,5282,0,-0.133135184570211
"5289","beta_trend",6083,5283,0,-0.133608306601118
"5290","beta_trend",6083,5284,0,-0.134079773766638
"5291","beta_trend",6083,5285,0,-0.134549313914615
"5292","beta_trend",6083,5286,0,-0.135016657675607
"5293","beta_trend",6083,5287,0,-0.135481538673127
"5294","beta_trend",6083,5288,0,-0.135998218160048
"5295","beta_trend",6083,5289,0,-0.136459897220348
"5296","beta_trend",6083,5290,0,-0.136918443297687
"5297","beta_trend",6083,5291,0,-0.137373608409063
"5298","beta_trend",6083,5292,0,-0.137825148711499
"5299","beta_trend",6083,5293,0,-0.138272824689366
"5300","beta_trend",6083,5294,0,-0.138716401336557
"5301","beta_trend",6083,5295,0,-0.139155648333324
"5302","beta_trend",6083,5296,0,-0.139590340217668
"5303","beta_trend",6083,5297,0,-0.140020256551126
"5304","beta_trend",6083,5298,0,-0.140445182078809
"5305","beta_trend",6083,5299,0,-0.140864906883602
"5306","beta_trend",6083,5300,0,-0.141279226534359
"5307","beta_trend",6083,5301,0,-0.141687942228018
"5308","beta_trend",6083,5302,0,-0.142090860925502
"5309","beta_trend",6083,5303,0,-0.142487795481329
"5310","beta_trend",6083,5304,0,-0.142878564766816
"5311","beta_trend",6083,5305,0,-0.143262993786802
"5312","beta_trend",6083,5306,0,-0.143640913789808
"5313","beta_trend",6083,5307,0,-0.14401216237157
"5314","beta_trend",6083,5308,0,-0.144376583571857
"5315","beta_trend",6083,5309,0,-0.144734027964544
"5316","beta_trend",6083,5310,0,-0.145084352740869
"5317","beta_trend",6083,5311,0,-0.14542742178583
"5318","beta_trend",6083,5312,0,-0.145763105747708
"5319","beta_trend",6083,5313,0,-0.146091282100651
"5320","beta_trend",6083,5314,0,-0.146411835200325
"5321","beta_trend",6083,5315,0,-0.146724656332608
"5322","beta_trend",6083,5316,0,-0.147029643755315
"5323","beta_trend",6083,5317,0,-0.14732670273295
"5324","beta_trend",6083,5318,0,-0.147615745564512
"5325","beta_trend",6083,5319,0,-0.147896691604337
"5326","beta_trend",6083,5320,0,-0.148169467276021
"5327","beta_trend",6083,5321,0,-0.148434006079446
"5328","beta_trend",6083,5322,0,-0.148690248590928
"5329","beta_trend",6083,5323,0,-0.148938142456553
"5330","beta_trend",6083,5324,0,-0.149177642378727
"5331","beta_trend",6083,5325,0,-0.149408710096006
"5332","beta_trend",6083,5326,0,-0.149631314356266
"5333","beta_trend",6083,5327,0,-0.149845430883273
"5334","beta_trend",6083,5328,0,-0.150051042336744
"5335","beta_trend",6083,5329,0,-0.150248138265952
"5336","beta_trend",6083,5330,0,-0.150436715056996
"5337","beta_trend",6083,5331,0,-0.150565191324473
"5338","beta_trend",6083,5332,0,-0.150739028961889
"5339","beta_trend",6083,5333,0,-0.150904281204464
"5340","beta_trend",6083,5334,0,-0.151060974911426
"5341","beta_trend",6083,5335,0,-0.151209143285417
"5342","beta_trend",6083,5336,0,-0.151348825788343
"5343","beta_trend",6083,5337,0,-0.151480068051494
"5344","beta_trend",6083,5338,0,-0.151602921780099
"5345","beta_trend",6083,5339,0,-0.151717444652428
"5346","beta_trend",6083,5340,0,-0.151823700213596
"5347","beta_trend",6083,5341,0,-0.151921757764226
"5348","beta_trend",6083,5342,0,-0.152011692244107
"5349","beta_trend",6083,5343,0,-0.152093584111013
"5350","beta_trend",6083,5344,0,-0.152167519214847
"5351","beta_trend",6083,5345,0,-0.152233588667265
"5352","beta_trend",6083,5346,0,-0.152291888706962
"5353","beta_trend",6083,5347,0,-0.152342520560774
"5354","beta_trend",6083,5348,0,-0.15238559030079
"5355","beta_trend",6083,5349,0,-0.152421208697641
"5356","beta_trend",6083,5350,0,-0.152449491070143
"5357","beta_trend",6083,5351,0,-0.152470557131496
"5358","beta_trend",6083,5352,0,-0.152484530832201
"5359","beta_trend",6083,5353,0,-0.152491540199903
"5360","beta_trend",6083,5354,0,-0.152491717176338
"5361","beta_trend",6083,5355,0,-0.152485197451586
"5362","beta_trend",6083,5356,0,-0.152472120295808
"5363","beta_trend",6083,5357,0,-0.152452628388687
"5364","beta_trend",6083,5358,0,-0.15242686764674
"5365","beta_trend",6083,5359,0,-0.152394987048722
"5366","beta_trend",6083,5360,0,-0.152357138459309
"5367","beta_trend",6083,5361,0,-0.152313476451256
"5368","beta_trend",6083,5362,0,-0.152264158126237
"5369","beta_trend",6083,5363,0,-0.152209342934558
"5370","beta_trend",6083,5364,0,-0.152149192493952
"5371","beta_trend",6083,5365,0,-0.15208387040764
"5372","beta_trend",6083,5366,0,-0.152013542081865
"5373","beta_trend",6083,5367,0,-0.151938374543102
"5374","beta_trend",6083,5368,0,-0.151858536255124
"5375","beta_trend",6083,5369,0,-0.151774196936133
"5376","beta_trend",6083,5370,0,-0.151685527376144
"5377","beta_trend",6083,5371,0,-0.151592699254814
"5378","beta_trend",6083,5372,0,-0.151495884959909
"5379","beta_trend",6083,5373,0,-0.151395257406593
"5380","beta_trend",6083,5374,0,-0.151290989857734
"5381","beta_trend",6083,5375,0,-0.151183255745399
"5382","beta_trend",6083,5376,0,-0.151072228493725
"5383","beta_trend",6083,5377,0,-0.150958081343357
"5384","beta_trend",6083,5378,0,-0.1508409871776
"5385","beta_trend",6083,5379,0,-0.150721118350488
"5386","beta_trend",6083,5380,0,-0.150598646516928
"5387","beta_trend",6083,5381,0,-0.150473742465072
"5388","beta_trend",6083,5382,0,-0.150346575951102
"5389","beta_trend",6083,5383,0,-0.15021731553658
"5390","beta_trend",6083,5384,0,-0.150109308388213
"5391","beta_trend",6083,5385,0,-0.14997742864593
"5392","beta_trend",6083,5386,0,-0.14984399836739
"5393","beta_trend",6083,5387,0,-0.14970918164783
"5394","beta_trend",6083,5388,0,-0.149573140688305
"5395","beta_trend",6083,5389,0,-0.149436035653848
"5396","beta_trend",6083,5390,0,-0.149298024535251
"5397","beta_trend",6083,5391,0,-0.149159263014591
"5398","beta_trend",6083,5392,0,-0.149019904334638
"5399","beta_trend",6083,5393,0,-0.148880099172239
"5400","beta_trend",6083,5394,0,-0.148739995515802
"5401","beta_trend",6083,5395,0,-0.148599738546989
"5402","beta_trend",6083,5396,0,-0.148459470526702
"5403","beta_trend",6083,5397,0,-0.148319330685476
"5404","beta_trend",6083,5398,0,-0.148179455118347
"5405","beta_trend",6083,5399,0,-0.148039976684302
"5406","beta_trend",6083,5400,0,-0.147901024910372
"5407","beta_trend",6083,5401,0,-0.147762725900442
"5408","beta_trend",6083,5402,0,-0.147625202248858
"5409","beta_trend",6083,5403,0,-0.147488572958874
"5410","beta_trend",6083,5404,0,-0.147352953366006
"5411","beta_trend",6083,5405,0,-0.147218455066341
"5412","beta_trend",6083,5406,0,-0.147085185849839
"5413","beta_trend",6083,5407,0,-0.14695324963867
"5414","beta_trend",6083,5408,0,-0.146822746430619
"5415","beta_trend",6083,5409,0,-0.14669377224758
"5416","beta_trend",6083,5410,0,-0.146566419089166
"5417","beta_trend",6083,5411,0,-0.146440774891436
"5418","beta_trend",6083,5412,0,-0.146316923490761
"5419","beta_trend",6083,5413,0,-0.146194944592832
"5420","beta_trend",6083,5414,0,-0.146074913746785
"5421","beta_trend",6083,5415,0,-0.14595690232446
"5422","beta_trend",6083,5416,0,-0.145840977504765
"5423","beta_trend",6083,5417,0,-0.145727202263125
"5424","beta_trend",6083,5418,0,-0.145615635365989
"5425","beta_trend",6083,5419,0,-0.145506331370365
"5426","beta_trend",6083,5420,0,-0.145399340628346
"5427","beta_trend",6083,5421,0,-0.145294709296577
"5428","beta_trend",6083,5422,0,-0.145192479350626
"5429","beta_trend",6083,5423,0,-0.145092688604182
"5430","beta_trend",6083,5424,0,-0.144995370733055
"5431","beta_trend",6083,5425,0,-0.144900555303874
"5432","beta_trend",6083,5426,0,-0.144808267807447
"5433","beta_trend",6083,5427,0,-0.144718529696682
"5434","beta_trend",6083,5428,0,-0.144611435624427
"5435","beta_trend",6083,5429,0,-0.144527727413329
"5436","beta_trend",6083,5430,0,-0.144446572070804
"5437","beta_trend",6083,5431,0,-0.144367976830299
"5438","beta_trend",6083,5432,0,-0.144291945089056
"5439","beta_trend",6083,5433,0,-0.144218476473396
"5440","beta_trend",6083,5434,0,-0.144147566907864
"5441","beta_trend",6083,5435,0,-0.144079208688128
"5442","beta_trend",6083,5436,0,-0.144013390557514
"5443","beta_trend",6083,5437,0,-0.143950097787065
"5444","beta_trend",6083,5438,0,-0.143889312258997
"5445","beta_trend",6083,5439,0,-0.143831012553426
"5446","beta_trend",6083,5440,0,-0.143775174038247
"5447","beta_trend",6083,5441,0,-0.143721768962019
"5448","beta_trend",6083,5442,0,-0.143670766549733
"5449","beta_trend",6083,5443,0,-0.143622133101318
"5450","beta_trend",6083,5444,0,-0.143575832092749
"5451","beta_trend",6083,5445,0,-0.143531824279609
"5452","beta_trend",6083,5446,0,-0.143490067802962
"5453","beta_trend",6083,5447,0,-0.143450518297398
"5454","beta_trend",6083,5448,0,-0.143413129001075
"5455","beta_trend",6083,5449,0,-0.143377850867642
"5456","beta_trend",6083,5450,0,-0.143344632679853
"5457","beta_trend",6083,5451,0,-0.143313421164747
"5458","beta_trend",6083,5452,0,-0.143284161110214
"5459","beta_trend",6083,5453,0,-0.143256795482815
"5460","beta_trend",6083,5454,0,-0.143231265546663
"5461","beta_trend",6083,5455,0,-0.143207510983244
"5462","beta_trend",6083,5456,0,-0.143185470011984
"5463","beta_trend",6083,5457,0,-0.143165079511429
"5464","beta_trend",6083,5458,0,-0.143146275140853
"5465","beta_trend",6083,5459,0,-0.143128991462159
"5466","beta_trend",6083,5460,0,-0.143113162061877
"5467","beta_trend",6083,5461,0,-0.143098719673144
"5468","beta_trend",6083,5462,0,-0.143085596297461
"5469","beta_trend",6083,5463,0,-0.143073723326097
"5470","beta_trend",6083,5464,0,-0.14306303166097
"5471","beta_trend",6083,5465,0,-0.143053451834848
"5472","beta_trend",6083,5466,0,-0.143044914130716
"5473","beta_trend",6083,5467,0,-0.143037348700147
"5474","beta_trend",6083,5468,0,-0.143030685680536
"5475","beta_trend",6083,5469,0,-0.143024855311028
"5476","beta_trend",6083,5470,0,-0.143019788047003
"5477","beta_trend",6083,5471,0,-0.143015414672966
"5478","beta_trend",6083,5472,0,-0.14301166641369
"5479","beta_trend",6083,5473,0,-0.143008475043476
"5480","beta_trend",6083,5474,0,-0.143005772993382
"5481","beta_trend",6083,5475,0,-0.143003493456291
"5482","beta_trend",6083,5476,0,-0.143001570489666
"5483","beta_trend",6083,5477,0,-0.142999939115881
"5484","beta_trend",6083,5478,0,-0.142998535419974
"5485","beta_trend",6083,5479,0,-0.142997296644714
"5486","beta_trend",6083,5480,0,-0.142996161282847
"5487","beta_trend",6083,5481,0,-0.143063539580892
"5488","beta_trend",6083,5482,0,-0.14306558399114
"5489","beta_trend",6083,5483,0,-0.143067692478056
"5490","beta_trend",6083,5484,0,-0.143069814933335
"5491","beta_trend",6083,5485,0,-0.143071903119125
"5492","beta_trend",6083,5486,0,-0.143073910747787
"5493","beta_trend",6083,5487,0,-0.143075793558277
"5494","beta_trend",6083,5488,0,-0.143077509389051
"5495","beta_trend",6083,5489,0,-0.143079018247404
"5496","beta_trend",6083,5490,0,-0.143080282375176
"5497","beta_trend",6083,5491,0,-0.14308126631074
"5498","beta_trend",6083,5492,0,-0.143081936947211
"5499","beta_trend",6083,5493,0,-0.143082263586792
"5500","beta_trend",6083,5494,0,-0.143082217991221
"5501","beta_trend",6083,5495,0,-0.143081774428248
"5502","beta_trend",6083,5496,0,-0.143080909714086
"5503","beta_trend",6083,5497,0,-0.143079603251805
"5504","beta_trend",6083,5498,0,-0.14307783706562
"5505","beta_trend",6083,5499,0,-0.143075595831032
"5506","beta_trend",6083,5500,0,-0.143072866900802
"5507","beta_trend",6083,5501,0,-0.143069640326724
"5508","beta_trend",6083,5502,0,-0.143065908877178
"5509","beta_trend",6083,5503,0,-0.143061668050451
"5510","beta_trend",6083,5504,0,-0.143056916083816
"5511","beta_trend",6083,5505,0,-0.143051653958354
"5512","beta_trend",6083,5506,0,-0.14304588539953
"5513","beta_trend",6083,5507,0,-0.143039616873531
"5514","beta_trend",6083,5508,0,-0.143032857579364
"5515","beta_trend",6083,5509,0,-0.143025619436735
"5516","beta_trend",6083,5510,0,-0.14301791706974
"5517","beta_trend",6083,5511,0,-0.143009767786376
"5518","beta_trend",6083,5512,0,-0.14300119155392
"5519","beta_trend",6083,5513,0,-0.1429922109702
"5520","beta_trend",6083,5514,0,-0.142982851230809
"5521","beta_trend",6083,5515,0,-0.142973140092296
"5522","beta_trend",6083,5516,0,-0.142963107831403
"5523","beta_trend",6083,5517,0,-0.142952787200382
"5524","beta_trend",6083,5518,0,-0.142942213378475
"5525","beta_trend",6083,5519,0,-0.142931423919606
"5526","beta_trend",6083,5520,0,-0.142920458696358
"5527","beta_trend",6083,5521,0,-0.142909359840321
"5528","beta_trend",6083,5522,0,-0.142898171678878
"5529","beta_trend",6083,5523,0,-0.14288694066851
"5530","beta_trend",6083,5524,0,-0.142819441243076
"5531","beta_trend",6083,5525,0,-0.142810762240992
"5532","beta_trend",6083,5526,0,-0.142802087316351
"5533","beta_trend",6083,5527,0,-0.142793474827529
"5534","beta_trend",6083,5528,0,-0.142784984729355
"5535","beta_trend",6083,5529,0,-0.142776678492521
"5536","beta_trend",6083,5530,0,-0.142768619020082
"5537","beta_trend",6083,5531,0,-0.142760870561154
"5538","beta_trend",6083,5532,0,-0.142753498621934
"5539","beta_trend",6083,5533,0,-0.142746569874162
"5540","beta_trend",6083,5534,0,-0.142740152061163
"5541","beta_trend",6083,5535,0,-0.142734313901586
"5542","beta_trend",6083,5536,0,-0.142729124990985
"5543","beta_trend",6083,5537,0,-0.142724655701372
"5544","beta_trend",6083,5538,0,-0.142720977078877
"5545","beta_trend",6083,5539,0,-0.142718160739665
"5546","beta_trend",6083,5540,0,-0.142716278764246
"5547","beta_trend",6083,5541,0,-0.142715403590318
"5548","beta_trend",6083,5542,0,-0.142715607904306
"5549","beta_trend",6083,5543,0,-0.142716964531725
"5550","beta_trend",6083,5544,0,-0.14271954632653
"5551","beta_trend",6083,5545,0,-0.142723426059598
"5552","beta_trend",6083,5546,0,-0.142728676306501
"5553","beta_trend",6083,5547,0,-0.142735369334714
"5554","beta_trend",6083,5548,0,-0.142743576990411
"5555","beta_trend",6083,5549,0,-0.142753370585018
"5556","beta_trend",6083,5550,0,-0.142764820781661
"5557","beta_trend",6083,5551,0,-0.142777997481675
"5558","beta_trend",6083,5552,0,-0.142792969711322
"5559","beta_trend",6083,5553,0,-0.142809805508878
"5560","beta_trend",6083,5554,0,-0.142828571812241
"5561","beta_trend",6083,5555,0,-0.14284933434722
"5562","beta_trend",6083,5556,0,-0.14287215751665
"5563","beta_trend",6083,5557,0,-0.14289710429049
"5564","beta_trend",6083,5558,0,-0.14292423609706
"5565","beta_trend",6083,5559,0,-0.142953612715564
"5566","beta_trend",6083,5560,0,-0.142985292170042
"5567","beta_trend",6083,5561,0,-0.143019330624918
"5568","beta_trend",6083,5562,0,-0.143055782282267
"5569","beta_trend",6083,5563,0,-0.143094699280962
"5570","beta_trend",6083,5564,0,-0.143136131597838
"5571","beta_trend",6083,5565,0,-0.143180126951013
"5572","beta_trend",6083,5566,0,-0.143226730705503
"5573","beta_trend",6083,5567,0,-0.143275985781272
"5574","beta_trend",6083,5568,0,-0.143327932563838
"5575","beta_trend",6083,5569,0,-0.143382608817583
"5576","beta_trend",6083,5570,0,-0.143440049601874
"5577","beta_trend",6083,5571,0,-0.143500287190133
"5578","beta_trend",6083,5572,0,-0.143563350991972
"5579","beta_trend",6083,5573,0,-0.143629267478508
"5580","beta_trend",6083,5574,0,-0.143698060110973
"5581","beta_trend",6083,5575,0,-0.143769749272734
"5582","beta_trend",6083,5576,0,-0.143844352204814
"5583","beta_trend",6083,5577,0,-0.143929811894834
"5584","beta_trend",6083,5578,0,-0.144010646709583
"5585","beta_trend",6083,5579,0,-0.144094443460387
"5586","beta_trend",6083,5580,0,-0.144181206891943
"5587","beta_trend",6083,5581,0,-0.144270938364279
"5588","beta_trend",6083,5582,0,-0.144363635812142
"5589","beta_trend",6083,5583,0,-0.144459293708528
"5590","beta_trend",6083,5584,0,-0.144557903032444
"5591","beta_trend",6083,5585,0,-0.144659451240965
"5592","beta_trend",6083,5586,0,-0.144763922245639
"5593","beta_trend",6083,5587,0,-0.144871296393307
"5594","beta_trend",6083,5588,0,-0.144981550451384
"5595","beta_trend",6083,5589,0,-0.145094657597639
"5596","beta_trend",6083,5590,0,-0.145210587414532
"5597","beta_trend",6083,5591,0,-0.145329305888128
"5598","beta_trend",6083,5592,0,-0.145450775411618
"5599","beta_trend",6083,5593,0,-0.145574954793484
"5600","beta_trend",6083,5594,0,-0.145701799270311
"5601","beta_trend",6083,5595,0,-0.145831260524269
"5602","beta_trend",6083,5596,0,-0.145963286705268
"5603","beta_trend",6083,5597,0,-0.146097822457789
"5604","beta_trend",6083,5598,0,-0.146234808952387
"5605","beta_trend",6083,5599,0,-0.146374183921856
"5606","beta_trend",6083,5600,0,-0.146515881702039
"5607","beta_trend",6083,5601,0,-0.146659833277268
"5608","beta_trend",6083,5602,0,-0.146805966330397
"5609","beta_trend",6083,5603,0,-0.146954205297406
"5610","beta_trend",6083,5604,0,-0.147104471426533
"5611","beta_trend",6083,5605,0,-0.147256682841885
"5612","beta_trend",6083,5606,0,-0.14741075461149
"5613","beta_trend",6083,5607,0,-0.147566598819727
"5614","beta_trend",6083,5608,0,-0.147724124644074
"5615","beta_trend",6083,5609,0,-0.147883238436108
"5616","beta_trend",6083,5610,0,-0.14804384380669
"5617","beta_trend",6083,5611,0,-0.148205841715251
"5618","beta_trend",6083,5612,0,-0.1483691305631
"5619","beta_trend",6083,5613,0,-0.148533606290667
"5620","beta_trend",6083,5614,0,-0.148699162478586
"5621","beta_trend",6083,5615,0,-0.14886569045252
"5622","beta_trend",6083,5616,0,-0.149033079391631
"5623","beta_trend",6083,5617,0,-0.149201216440574
"5624","beta_trend",6083,5618,0,-0.149369986824912
"5625","beta_trend",6083,5619,0,-0.149539273969837
"5626","beta_trend",6083,5620,0,-0.149708959622063
"5627","beta_trend",6083,5621,0,-0.14985900455505
"5628","beta_trend",6083,5622,0,-0.150030008830132
"5629","beta_trend",6083,5623,0,-0.150201010966406
"5630","beta_trend",6083,5624,0,-0.150371888738194
"5631","beta_trend",6083,5625,0,-0.150542518840402
"5632","beta_trend",6083,5626,0,-0.150712777028438
"5633","beta_trend",6083,5627,0,-0.150882538260286
"5634","beta_trend",6083,5628,0,-0.151051676840572
"5635","beta_trend",6083,5629,0,-0.151220066566481
"5636","beta_trend",6083,5630,0,-0.151387580875338
"5637","beta_trend",6083,5631,0,-0.151554092993716
"5638","beta_trend",6083,5632,0,-0.15171947608789
"5639","beta_trend",6083,5633,0,-0.151883603415463
"5640","beta_trend",6083,5634,0,-0.152046348478015
"5641","beta_trend",6083,5635,0,-0.152207585174568
"5642","beta_trend",6083,5636,0,-0.152367187955715
"5643","beta_trend",6083,5637,0,-0.152525031978229
"5644","beta_trend",6083,5638,0,-0.152680993259962
"5645","beta_trend",6083,5639,0,-0.152834948834861
"5646","beta_trend",6083,5640,0,-0.152986776907916
"5647","beta_trend",6083,5641,0,-0.153136357009851
"5648","beta_trend",6083,5642,0,-0.153283570151371
"5649","beta_trend",6083,5643,0,-0.153428298976792
"5650","beta_trend",6083,5644,0,-0.153570427916837
"5651","beta_trend",6083,5645,0,-0.153709843340445
"5652","beta_trend",6083,5646,0,-0.153846433705377
"5653","beta_trend",6083,5647,0,-0.153980089707442
"5654","beta_trend",6083,5648,0,-0.154110704428157
"5655","beta_trend",6083,5649,0,-0.154238173480642
"5656","beta_trend",6083,5650,0,-0.154362395153573
"5657","beta_trend",6083,5651,0,-0.154483270553005
"5658","beta_trend",6083,5652,0,-0.154600703741871
"5659","beta_trend",6083,5653,0,-0.154714601876981
"5660","beta_trend",6083,5654,0,-0.154824875343332
"5661","beta_trend",6083,5655,0,-0.154931437885555
"5662","beta_trend",6083,5656,0,-0.155034206736309
"5663","beta_trend",6083,5657,0,-0.15513310274145
"5664","beta_trend",6083,5658,0,-0.155228050481802
"5665","beta_trend",6083,5659,0,-0.155318978391352
"5666","beta_trend",6083,5660,0,-0.1554058188717
"5667","beta_trend",6083,5661,0,-0.155488508402597
"5668","beta_trend",6083,5662,0,-0.155566987648408
"5669","beta_trend",6083,5663,0,-0.155641201560334
"5670","beta_trend",6083,5664,0,-0.155711099474244
"5671","beta_trend",6083,5665,0,-0.155776635203947
"5672","beta_trend",6083,5666,0,-0.155837767129779
"5673","beta_trend",6083,5667,0,-0.155894458282332
"5674","beta_trend",6083,5668,0,-0.155946676421194
"5675","beta_trend",6083,5669,0,-0.155994394108578
"5676","beta_trend",6083,5670,0,-0.156037588777669
"5677","beta_trend",6083,5671,0,-0.15607624279561
"5678","beta_trend",6083,5672,0,-0.156110343520952
"5679","beta_trend",6083,5673,0,-0.156139883355494
"5680","beta_trend",6083,5674,0,-0.156252085885846
"5681","beta_trend",6083,5675,0,-0.156276517461089
"5682","beta_trend",6083,5676,0,-0.156296570368426
"5683","beta_trend",6083,5677,0,-0.156312264641179
"5684","beta_trend",6083,5678,0,-0.156323625788916
"5685","beta_trend",6083,5679,0,-0.156330684822019
"5686","beta_trend",6083,5680,0,-0.156333478270192
"5687","beta_trend",6083,5681,0,-0.156332048194847
"5688","beta_trend",6083,5682,0,-0.156326442195303
"5689","beta_trend",6083,5683,0,-0.156316713408741
"5690","beta_trend",6083,5684,0,-0.156302920503879
"5691","beta_trend",6083,5685,0,-0.15628512766831
"5692","beta_trend",6083,5686,0,-0.156263404589482
"5693","beta_trend",6083,5687,0,-0.156237826429282
"5694","beta_trend",6083,5688,0,-0.156208473792213
"5695","beta_trend",6083,5689,0,-0.156175432687142
"5696","beta_trend",6083,5690,0,-0.156138794482621
"5697","beta_trend",6083,5691,0,-0.156098655855772
"5698","beta_trend",6083,5692,0,-0.156055118734748
"5699","beta_trend",6083,5693,0,-0.156008290234792
"5700","beta_trend",6083,5694,0,-0.155958282587903
"5701","beta_trend",6083,5695,0,-0.155905213066147
"5702","beta_trend",6083,5696,0,-0.155849203898645
"5703","beta_trend",6083,5697,0,-0.155790382182291
"5704","beta_trend",6083,5698,0,-0.155728879786237
"5705","beta_trend",6083,5699,0,-0.155664833250212
"5706","beta_trend",6083,5700,0,-0.155598383676744
"5707","beta_trend",6083,5701,0,-0.155529676617347
"5708","beta_trend",6083,5702,0,-0.155458861952765
"5709","beta_trend",6083,5703,0,-0.155386093767346
"5710","beta_trend",6083,5704,0,-0.155311530217656
"5711","beta_trend",6083,5705,0,-0.155235333395426
"5712","beta_trend",6083,5706,0,-0.155157669184934
"5713","beta_trend",6083,5707,0,-0.15507870711495
"5714","beta_trend",6083,5708,0,-0.154998620205361
"5715","beta_trend",6083,5709,0,-0.154917584808596
"5716","beta_trend",6083,5710,0,-0.154835780445999
"5717","beta_trend",6083,5711,0,-0.15475338963929
"5718","beta_trend",6083,5712,0,-0.154670597737248
"5719","beta_trend",6083,5713,0,-0.154587592737789
"5720","beta_trend",6083,5714,0,-0.154504565105593
"5721","beta_trend",6083,5715,0,-0.154421707585438
"5722","beta_trend",6083,5716,0,-0.154339215011429
"5723","beta_trend",6083,5717,0,-0.154204591933605
"5724","beta_trend",6083,5718,0,-0.154125752540481
"5725","beta_trend",6083,5719,0,-0.154047775340674
"5726","beta_trend",6083,5720,0,-0.153970865396999
"5727","beta_trend",6083,5721,0,-0.153895228711802
"5728","beta_trend",6083,5722,0,-0.153821072020085
"5729","beta_trend",6083,5723,0,-0.153748602579745
"5730","beta_trend",6083,5724,0,-0.153678027959147
"5731","beta_trend",6083,5725,0,-0.153609555822242
"5732","beta_trend",6083,5726,0,-0.153543393711471
"5733","beta_trend",6083,5727,0,-0.153479748828663
"5734","beta_trend",6083,5728,0,-0.153418827814179
"5735","beta_trend",6083,5729,0,-0.153360836524524
"5736","beta_trend",6083,5730,0,-0.153305979808682
"5737","beta_trend",6083,5731,0,-0.15325446128339
"5738","beta_trend",6083,5732,0,-0.153206483107626
"5739","beta_trend",6083,5733,0,-0.153162245756537
"5740","beta_trend",6083,5734,0,-0.153121947795064
"5741","beta_trend",6083,5735,0,-0.153085785651517
"5742","beta_trend",6083,5736,0,-0.153053953391348
"5743","beta_trend",6083,5737,0,-0.153026642491376
"5744","beta_trend",6083,5738,0,-0.153004041614732
"5745","beta_trend",6083,5739,0,-0.152986336386765
"5746","beta_trend",6083,5740,0,-0.152973709172167
"5747","beta_trend",6083,5741,0,-0.152966338853591
"5748","beta_trend",6083,5742,0,-0.152964400612004
"5749","beta_trend",6083,5743,0,-0.152968065709028
"5750","beta_trend",6083,5744,0,-0.15297750127155
"5751","beta_trend",6083,5745,0,-0.15299287007883
"5752","beta_trend",6083,5746,0,-0.153014330352378
"5753","beta_trend",6083,5747,0,-0.153042035548851
"5754","beta_trend",6083,5748,0,-0.153076134156217
"5755","beta_trend",6083,5749,0,-0.153116769493447
"5756","beta_trend",6083,5750,0,-0.153164079513968
"5757","beta_trend",6083,5751,0,-0.153218196613142
"5758","beta_trend",6083,5752,0,-0.153279247439992
"5759","beta_trend",6083,5753,0,-0.153347352713434
"5760","beta_trend",6083,5754,0,-0.153422627043246
"5761","beta_trend",6083,5755,0,-0.153505178756001
"5762","beta_trend",6083,5756,0,-0.153595109726201
"5763","beta_trend",6083,5757,0,-0.153692515212832
"5764","beta_trend",6083,5758,0,-0.153797483701573
"5765","beta_trend",6083,5759,0,-0.153910096752852
"5766","beta_trend",6083,5760,0,-0.154030428855992
"5767","beta_trend",6083,5761,0,-0.154158547289621
"5768","beta_trend",6083,5762,0,-0.154294511988574
"5769","beta_trend",6083,5763,0,-0.154438375417466
"5770","beta_trend",6083,5764,0,-0.154590182451134
"5771","beta_trend",6083,5765,0,-0.154749970262125
"5772","beta_trend",6083,5766,0,-0.154917768215413
"5773","beta_trend",6083,5767,0,-0.155093597770513
"5774","beta_trend",6083,5768,0,-0.155277472391154
"5775","beta_trend",6083,5769,0,-0.155469397462672
"5776","beta_trend",6083,5770,0,-0.155669370217269
"5777","beta_trend",6083,5771,0,-0.155877379667278
"5778","beta_trend",6083,5772,0,-0.156093406546579
"5779","beta_trend",6083,5773,0,-0.156317423260272
"5780","beta_trend",6083,5774,0,-0.156549393842754
"5781","beta_trend",6083,5775,0,-0.156789273924279
"5782","beta_trend",6083,5776,0,-0.157037010706128
"5783","beta_trend",6083,5777,0,-0.157292542944469
"5784","beta_trend",6083,5778,0,-0.157555800942997
"5785","beta_trend",6083,5779,0,-0.157826706554421
"5786","beta_trend",6083,5780,0,-0.158105173190882
"5787","beta_trend",6083,5781,0,-0.158391105843336
"5788","beta_trend",6083,5782,0,-0.158684401109978
"5789","beta_trend",6083,5783,0,-0.158984947233715
"5790","beta_trend",6083,5784,0,-0.159292624148746
"5791","beta_trend",6083,5785,0,-0.159607303536251
"5792","beta_trend",6083,5786,0,-0.159928848889203
"5793","beta_trend",6083,5787,0,-0.160257115586309
"5794","beta_trend",6083,5788,0,-0.160591950975066
"5795","beta_trend",6083,5789,0,-0.16093319446391
"5796","beta_trend",6083,5790,0,-0.161280677623434
"5797","beta_trend",6083,5791,0,-0.161634224296643
"5798","beta_trend",6083,5792,0,-0.161993650718174
"5799","beta_trend",6083,5793,0,-0.162358765642446
"5800","beta_trend",6083,5794,0,-0.162729370480663
"5801","beta_trend",6083,5795,0,-0.163105259446587
"5802","beta_trend",6083,5796,0,-0.163486219710995
"5803","beta_trend",6083,5797,0,-0.163872031564722
"5804","beta_trend",6083,5798,0,-0.164262468590182
"5805","beta_trend",6083,5799,0,-0.164657297841253
"5806","beta_trend",6083,5800,0,-0.16505628003138
"5807","beta_trend",6083,5801,0,-0.165459169729783
"5808","beta_trend",6083,5802,0,-0.165865715565603
"5809","beta_trend",6083,5803,0,-0.166275660439841
"5810","beta_trend",6083,5804,0,-0.166688741744915
"5811","beta_trend",6083,5805,0,-0.167104691591663
"5812","beta_trend",6083,5806,0,-0.167523237043613
"5813","beta_trend",6083,5807,0,-0.16794410035831
"5814","beta_trend",6083,5808,0,-0.168366999235517
"5815","beta_trend",6083,5809,0,-0.168791647072063
"5816","beta_trend",6083,5810,0,-0.169217753223123
"5817","beta_trend",6083,5811,0,-0.169645023269707
"5818","beta_trend",6083,5812,0,-0.170073159292106
"5819","beta_trend",6083,5813,0,-0.170501860149069
"5820","beta_trend",6083,5814,0,-0.17090195595004
"5821","beta_trend",6083,5815,0,-0.171332150239542
"5822","beta_trend",6083,5816,0,-0.171761935762988
"5823","beta_trend",6083,5817,0,-0.17219100351015
"5824","beta_trend",6083,5818,0,-0.172619042644351
"5825","beta_trend",6083,5819,0,-0.173045740812969
"5826","beta_trend",6083,5820,0,-0.173470784461667
"5827","beta_trend",6083,5821,0,-0.173893859152045
"5828","beta_trend",6083,5822,0,-0.17431464988242
"5829","beta_trend",6083,5823,0,-0.174732841411417
"5830","beta_trend",6083,5824,0,-0.175148118584052
"5831","beta_trend",6083,5825,0,-0.175560166659991
"5832","beta_trend",6083,5826,0,-0.175968671643659
"5833","beta_trend",6083,5827,0,-0.176373320615866
"5834","beta_trend",6083,5828,0,-0.176773802066613
"5835","beta_trend",6083,5829,0,-0.17716980622875
"5836","beta_trend",6083,5830,0,-0.177561025412136
"5837","beta_trend",6083,5831,0,-0.17794715433796
"5838","beta_trend",6083,5832,0,-0.178327890472866
"5839","beta_trend",6083,5833,0,-0.178702934362557
"5840","beta_trend",6083,5834,0,-0.179071989964497
"5841","beta_trend",6083,5835,0,-0.179434764979376
"5842","beta_trend",6083,5836,0,-0.179790971180977
"5843","beta_trend",6083,5837,0,-0.180140324744095
"5844","beta_trend",6083,5838,0,-0.180482546570143
"5845","beta_trend",6083,5839,0,-0.18081736261009
"5846","beta_trend",6083,5840,0,-0.181144504184394
"5847","beta_trend",6083,5841,0,-0.181463708299535
"5848","beta_trend",6083,5842,0,-0.181774717960837
"5849","beta_trend",6083,5843,0,-0.182077282481195
"5850","beta_trend",6083,5844,0,-0.182371157785368
"5851","beta_trend",6083,5845,0,-0.182656106709484
"5852","beta_trend",6083,5846,0,-0.182931899295413
"5853","beta_trend",6083,5847,0,-0.183198313079665
"5854","beta_trend",6083,5848,0,-0.183455133376459
"5855","beta_trend",6083,5849,0,-0.183702153554647
"5856","beta_trend",6083,5850,0,-0.183939175308138
"5857","beta_trend",6083,5851,0,-0.184166008919502
"5858","beta_trend",6083,5852,0,-0.184382473516437
"5859","beta_trend",6083,5853,0,-0.184588397320759
"5860","beta_trend",6083,5854,0,-0.184783617889623
"5861","beta_trend",6083,5855,0,-0.184967982348647
"5862","beta_trend",6083,5856,0,-0.185141347616652
"5863","beta_trend",6083,5857,0,-0.185303580621715
"5864","beta_trend",6083,5858,0,-0.185454558508241
"5865","beta_trend",6083,5859,0,-0.185594168834786
"5866","beta_trend",6083,5860,0,-0.185722309762338
"5867","beta_trend",6083,5861,0,-0.185838890232809
"5868","beta_trend",6083,5862,0,-0.185943830137465
"5869","beta_trend",6083,5863,0,-0.18603706047505
"5870","beta_trend",6083,5864,0,-0.186118523499365
"5871","beta_trend",6083,5865,0,-0.186188172856063
"5872","beta_trend",6083,5866,0,-0.186245973708443
"5873","beta_trend",6083,5867,0,-0.186291902852033
"5874","beta_trend",6083,5868,0,-0.186325948817751
"5875","beta_trend",6083,5869,0,-0.186348111963456
"5876","beta_trend",6083,5870,0,-0.186358404553708
"5877","beta_trend",6083,5871,0,-0.186356850827561
"5878","beta_trend",6083,5872,0,-0.186343487054239
"5879","beta_trend",6083,5873,0,-0.186318361576527
"5880","beta_trend",6083,5874,0,-0.186281534841765
"5881","beta_trend",6083,5875,0,-0.186233079420294
"5882","beta_trend",6083,5876,0,-0.186173080011255
"5883","beta_trend",6083,5877,0,-0.186101633435639
"5884","beta_trend",6083,5878,0,-0.186018848616489
"5885","beta_trend",6083,5879,0,-0.185924846546184
"5886","beta_trend",6083,5880,0,-0.185819760240739
"5887","beta_trend",6083,5881,0,-0.185703734681069
"5888","beta_trend",6083,5882,0,-0.185576926741175
"5889","beta_trend",6083,5883,0,-0.185439505103226
"5890","beta_trend",6083,5884,0,-0.185291650159532
"5891","beta_trend",6083,5885,0,-0.185133553901394
"5892","beta_trend",6083,5886,0,-0.184965419794858
"5893","beta_trend",6083,5887,0,-0.184787462643385
"5894","beta_trend",6083,5888,0,-0.184599908437493
"5895","beta_trend",6083,5889,0,-0.184402994191408
"5896","beta_trend",6083,5890,0,-0.184196967766805
"5897","beta_trend",6083,5891,0,-0.183982087683703
"5898","beta_trend",6083,5892,0,-0.183758622918627
"5899","beta_trend",6083,5893,0,-0.183526852690123
"5900","beta_trend",6083,5894,0,-0.183287066231762
"5901","beta_trend",6083,5895,0,-0.183039562552753
"5902","beta_trend",6083,5896,0,-0.18278465018633
"5903","beta_trend",6083,5897,0,-0.182522646926046
"5904","beta_trend",6083,5898,0,-0.182253879550175
"5905","beta_trend",6083,5899,0,-0.181978683534385
"5906","beta_trend",6083,5900,0,-0.181697402752897
"5907","beta_trend",6083,5901,0,-0.181410389168325
"5908","beta_trend",6083,5902,0,-0.18111800251044
"5909","beta_trend",6083,5903,0,-0.180820609944077
"5910","beta_trend",6083,5904,0,-0.180518585726443
"5911","beta_trend",6083,5905,0,-0.180212310854083
"5912","beta_trend",6083,5906,0,-0.179902172699776
"5913","beta_trend",6083,5907,0,-0.179588564639652
"5914","beta_trend",6083,5908,0,-0.179271885670811
"5915","beta_trend",6083,5909,0,-0.178952540019765
"5916","beta_trend",6083,5910,0,-0.178583992511241
"5917","beta_trend",6083,5911,0,-0.178262621929596
"5918","beta_trend",6083,5912,0,-0.177939737542032
"5919","beta_trend",6083,5913,0,-0.177615763837996
"5920","beta_trend",6083,5914,0,-0.177291128327035
"5921","beta_trend",6083,5915,0,-0.176966261103309
"5922","beta_trend",6083,5916,0,-0.176641594403231
"5923","beta_trend",6083,5917,0,-0.176317562156639
"5924","beta_trend",6083,5918,0,-0.17599459953188
"5925","beta_trend",6083,5919,0,-0.175673142475223
"5926","beta_trend",6083,5920,0,-0.175353627245015
"5927","beta_trend",6083,5921,0,-0.175036489940988
"5928","beta_trend",6083,5922,0,-0.17472216602916
"5929","beta_trend",6083,5923,0,-0.174411089862746
"5930","beta_trend",6083,5924,0,-0.174103694199541
"5931","beta_trend",6083,5925,0,-0.173800409716199
"5932","beta_trend",6083,5926,0,-0.173501664519874
"5933","beta_trend",6083,5927,0,-0.173207883657672
"5934","beta_trend",6083,5928,0,-0.172919488624376
"5935","beta_trend",6083,5929,0,-0.172636896868911
"5936","beta_trend",6083,5930,0,-0.172360521300016
"5937","beta_trend",6083,5931,0,-0.172090769791588
"5938","beta_trend",6083,5932,0,-0.171828044688191
"5939","beta_trend",6083,5933,0,-0.171572742311175
"5940","beta_trend",6083,5934,0,-0.171325252465923
"5941","beta_trend",6083,5935,0,-0.171085957950666
"5942","beta_trend",6083,5936,0,-0.170855234067376
"5943","beta_trend",6083,5937,0,-0.170633448135205
"5944","beta_trend",6083,5938,0,-0.17042095900695
"5945","beta_trend",6083,5939,0,-0.17021811658903
"5946","beta_trend",6083,5940,0,-0.170025261365447
"5947","beta_trend",6083,5941,0,-0.169842723926219
"5948","beta_trend",6083,5942,0,-0.169670824500751
"5949","beta_trend",6083,5943,0,-0.169509872496621
"5950","beta_trend",6083,5944,0,-0.169360166044249
"5951","beta_trend",6083,5945,0,-0.169221991547928
"5952","beta_trend",6083,5946,0,-0.169095623243655
"5953","beta_trend",6083,5947,0,-0.168981322764253
"5954","beta_trend",6083,5948,0,-0.168879338712205
"5955","beta_trend",6083,5949,0,-0.168789906240676
"5956","beta_trend",6083,5950,0,-0.168713246643149
"5957","beta_trend",6083,5951,0,-0.168649566952119
"5958","beta_trend",6083,5952,0,-0.168599059547269
"5959","beta_trend",6083,5953,0,-0.168561901773563
"5960","beta_trend",6083,5954,0,-0.16853825556965
"5961","beta_trend",6083,5955,0,-0.168528267107015
"5962","beta_trend",6083,5956,0,-0.168532066440245
"5963","beta_trend",6083,5957,0,-0.168549767168827
"5964","beta_trend",6083,5958,0,-0.168581466110841
"5965","beta_trend",6083,5959,0,-0.168627242988925
"5966","beta_trend",6083,5960,0,-0.168687160128878
"5967","beta_trend",6083,5961,0,-0.168761262171241
"5968","beta_trend",6083,5962,0,-0.168849575796207
"5969","beta_trend",6083,5963,0,-0.168952109462179
"5970","beta_trend",6083,5964,0,-0.169068853158302
"5971","beta_trend",6083,5965,0,-0.169199778171267
"5972","beta_trend",6083,5966,0,-0.169344836866684
"5973","beta_trend",6083,5967,0,-0.169503962485305
"5974","beta_trend",6083,5968,0,-0.169677068954356
"5975","beta_trend",6083,5969,0,-0.169864050714251
"5976","beta_trend",6083,5970,0,-0.170064782560907
"5977","beta_trend",6083,5971,0,-0.170279119503907
"5978","beta_trend",6083,5972,0,-0.170506896640702
"5979","beta_trend",6083,5973,0,-0.170747929047081
"5980","beta_trend",6083,5974,0,-0.171002011684064
"5981","beta_trend",6083,5975,0,-0.171268919321403
"5982","beta_trend",6083,5976,0,-0.171548406477852
"5983","beta_trend",6083,5977,0,-0.171840207378324
"5984","beta_trend",6083,5978,0,-0.172144035928086
"5985","beta_trend",6083,5979,0,-0.172459585704081
"5986","beta_trend",6083,5980,0,-0.172786529963483
"5987","beta_trend",6083,5981,0,-0.173124521669552
"5988","beta_trend",6083,5982,0,-0.173473193534868
"5989","beta_trend",6083,5983,0,-0.173832158081971
"5990","beta_trend",6083,5984,0,-0.174201007721448
"5991","beta_trend",6083,5985,0,-0.174579314847482
"5992","beta_trend",6083,5986,0,-0.17496663195086
"5993","beta_trend",6083,5987,0,-0.175362491749416
"5994","beta_trend",6083,5988,0,-0.175766407335882
"5995","beta_trend",6083,5989,0,-0.176177872343096
"5996","beta_trend",6083,5990,0,-0.176596361126498
"5997","beta_trend",6083,5991,0,-0.177021328963829
"5998","beta_trend",6083,5992,0,-0.177452212271946
"5999","beta_trend",6083,5993,0,-0.17788842884062
"6000","beta_trend",6083,5994,0,-0.178329378083207
"6001","beta_trend",6083,5995,0,-0.178774441304024
"6002","beta_trend",6083,5996,0,-0.179222981982295
"6003","beta_trend",6083,5997,0,-0.179674346072454
"6004","beta_trend",6083,5998,0,-0.180127862320653
"6005","beta_trend",6083,5999,0,-0.180582842597226
"6006","beta_trend",6083,6000,0,-0.18103858224492
"6007","beta_trend",6083,6001,0,-0.181494360442631
"6008","beta_trend",6083,6002,0,-0.181949440584402
"6009","beta_trend",6083,6003,0,-0.182403070673419
"6010","beta_trend",6083,6004,0,-0.182854483730712
"6011","beta_trend",6083,6005,0,-0.183302898218277
"6012","beta_trend",6083,6006,0,-0.183747518476299
"6013","beta_trend",6083,6007,0,-0.184158257466311
"6014","beta_trend",6083,6008,0,-0.18459414480983
"6015","beta_trend",6083,6009,0,-0.185023716317243
"6016","beta_trend",6083,6010,0,-0.185446126633765
"6017","beta_trend",6083,6011,0,-0.185860518590227
"6018","beta_trend",6083,6012,0,-0.186266023720303
"6019","beta_trend",6083,6013,0,-0.186661762789258
"6020","beta_trend",6083,6014,0,-0.187046846333783
"6021","beta_trend",6083,6015,0,-0.187420375212523
"6022","beta_trend",6083,6016,0,-0.187781441166858
"6023","beta_trend",6083,6017,0,-0.188129127391501
"6024","beta_trend",6083,6018,0,-0.18846250911447
"6025","beta_trend",6083,6019,0,-0.188780654185978
"6026","beta_trend",6083,6020,0,-0.189082623675772
"6027","beta_trend",6083,6021,0,-0.189367472478448
"6028","beta_trend",6083,6022,0,-0.189634249926271
"6029","beta_trend",6083,6023,0,-0.189882000409003
"6030","beta_trend",6083,6024,0,-0.190109764000238
"6031","beta_trend",6083,6025,0,-0.190316577089763
"6032","beta_trend",6083,6026,0,-0.190501473021419
"6033","beta_trend",6083,6027,0,-0.190663482735958
"6034","beta_trend",6083,6028,0,-0.190801635418378
"6035","beta_trend",6083,6029,0,-0.190914959149209
"6036","beta_trend",6083,6030,0,-0.191002481559231
"6037","beta_trend",6083,6031,0,-0.191063230487097
"6038","beta_trend",6083,6032,0,-0.191096234639309
"6039","beta_trend",6083,6033,0,-0.191100524252042
"6040","beta_trend",6083,6034,0,-0.191075131754253
"6041","beta_trend",6083,6035,0,-0.19101909243156
"6042","beta_trend",6083,6036,0,-0.190931445090322
"6043","beta_trend",6083,6037,0,-0.19081123272142
"6044","beta_trend",6083,6038,0,-0.190657503163162
"6045","beta_trend",6083,6039,0,-0.190469309762799
"6046","beta_trend",6083,6040,0,-0.190245712036103
"6047","beta_trend",6083,6041,0,-0.189985776324474
"6048","beta_trend",6083,6042,0,-0.189688576449045
"6049","beta_trend",6083,6043,0,-0.189353194361247
"6050","beta_trend",6083,6044,0,-0.188978720789317
"6051","beta_trend",6083,6045,0,-0.188564255880215
"6052","beta_trend",6083,6046,0,-0.188108909836438
"6053","beta_trend",6083,6047,0,-0.187611803547206
"6054","beta_trend",6083,6048,0,-0.187072069213527
"6055","beta_trend",6083,6049,0,-0.186488850966612
"6056","beta_trend",6083,6050,0,-0.185861305479174
"6057","beta_trend",6083,6051,0,-0.18518860256908
"6058","beta_trend",6083,6052,0,-0.184469925794912
"6059","beta_trend",6083,6053,0,-0.183704473042925
"6060","beta_trend",6083,6054,0,-0.182891457104962
"6061","beta_trend",6083,6055,0,-0.18203010624684
"6062","beta_trend",6083,6056,0,-0.181119664766767
"6063","beta_trend",6083,6057,0,-0.180159393543357
"6064","beta_trend",6083,6058,0,-0.179148570572783
"6065","beta_trend",6083,6059,0,-0.178086491494672
"6066","beta_trend",6083,6060,0,-0.176972470106311
"6067","beta_trend",6083,6061,0,-0.175805838864771
"6068","beta_trend",6083,6062,0,-0.174585949376548
"6069","beta_trend",6083,6063,0,-0.173312172874357
"6070","beta_trend",6083,6064,0,-0.171983900680693
"6071","beta_trend",6083,6065,0,-0.170600544657815
"6072","beta_trend",6083,6066,0,-0.169161537643802
"6073","beta_trend",6083,6067,0,-0.16766633387436
"6074","beta_trend",6083,6068,0,-0.166114409390048
"6075","beta_trend",6083,6069,0,-0.164505262428632
"6076","beta_trend",6083,6070,0,-0.162838413802259
"6077","beta_trend",6083,6071,0,-0.161113407259197
"6078","beta_trend",6083,6072,0,-0.159329809829855
"6079","beta_trend",6083,6073,0,-0.15748721215684
"6080","beta_trend",6083,6074,0,-0.155585228808827
"6081","beta_trend",6083,6075,0,-0.153623498578004
"6082","beta_trend",6083,6076,0,-0.151601684760896
"6083","beta_trend",6083,6077,0,-0.149519475422377
"6084","beta_trend",6083,6078,0,-0.147376583642689
"6085","beta_trend",6083,6079,0,-0.145172747747314
"6086","beta_trend",6083,6080,0,-0.142907731519537
"6087","beta_trend",6083,6081,0,-0.140581324395595
"6088","model_pop",6083,0,0,8615225.87482773
"6089","infection",6083,0,0,132.707983682
"6090","mu_S",6083,0,0,633.404524441957
"6091","mu_I",6083,0,0,0.0378224639733539
"6092","mu_R",6083,0,0,498.155178793116
"6093","weekly",6083,0,0,24.2035424761649
"6094","weekly",6083,1,0,22.5114789726734
"6095","weekly",6083,2,0,21.0442289865603
"6096","weekly",6083,3,0,19.7817909771869
"6097","weekly",6083,4,0,18.6992224921226
"6098","weekly",6083,5,0,17.7707908134926
"6099","weekly",6083,6,0,16.9728048730165
"6100","weekly",6083,7,0,16.285558394629
"6101","weekly",6083,8,0,15.694535615321
"6102","weekly",6083,9,0,15.1909309055617
"6103","weekly",6083,10,0,14.771524976142
"6104","weekly",6083,11,0,14.4380038410212
"6105","weekly",6083,12,0,14.195863399826
"6106","weekly",6083,13,0,14.0530737223009
"6107","weekly",6083,14,0,14.0186598466301
"6108","weekly",6083,15,0,14.1012939164818
"6109","weekly",6083,16,0,14.3079150864953
"6110","weekly",6083,17,0,14.6423385118835
"6111","weekly",6083,18,0,15.1038181663736
"6112","weekly",6083,19,0,15.6856083428397
"6113","weekly",6083,20,0,16.3737168475424
"6114","weekly",6083,21,0,17.1462155278467
"6115","weekly",6083,22,0,17.9735901843799
"6116","weekly",6083,23,0,18.8205709444097
"6117","weekly",6083,24,0,19.6496108362962
"6118","weekly",6083,25,0,20.4256921803573
"6119","weekly",6083,26,0,21.1215899379436
"6120","weekly",6083,27,0,21.7223582824757
"6121","weekly",6083,28,0,22.2278497437689
"6122","weekly",6083,29,0,22.6525628172229
"6123","weekly",6083,30,0,23.0228484542436
"6124","weekly",6083,31,0,23.3721641746657
"6125","weekly",6083,32,0,23.7353870118719
"6126","weekly",6083,33,0,24.1431290927104
"6127","weekly",6083,34,0,24.6166924264465
"6128","weekly",6083,35,0,25.1639888157981
"6129","weekly",6083,36,0,25.7766211877954
"6130","weekly",6083,37,0,26.4284223704718
"6131","weekly",6083,38,0,27.0759729165286
"6132","weekly",6083,39,0,27.6617530413023
"6133","weekly",6083,40,0,28.1203776980495
"6134","weekly",6083,41,0,28.3876766592056
"6135","weekly",6083,42,0,28.4113265334731
"6136","weekly",6083,43,0,28.1607438222389
"6137","weekly",6083,44,0,27.6335903099252
"6138","weekly",6083,45,0,26.8569134549361
"6139","weekly",6083,46,0,25.8825119298889
"6140","weekly",6083,47,0,24.7779119135769
"6141","weekly",6083,48,0,23.61553932367
"6142","weekly",6083,49,0,22.4628025950565
"6143","weekly",6083,50,0,21.3749794952603
"6144","weekly",6083,51,0,20.3915759459444
"6145","weekly",6083,52,0,19.5357788245342
"6146","weekly",6083,53,0,18.8160790214743
"6147","weekly",6083,54,0,18.2290947880963
"6148","weekly",6083,55,0,17.7628807017097
"6149","weekly",6083,56,0,17.4003315942887
"6150","weekly",6083,57,0,17.1225198730106
"6151","weekly",6083,58,0,16.9118769786755
"6152","weekly",6083,59,0,16.7550742333858
"6153","weekly",6083,60,0,16.6453626358239
"6154","weekly",6083,61,0,16.5840955014548
"6155","weekly",6083,62,0,16.5812428580452
"6156","weekly",6083,63,0,16.6548968767411
"6157","weekly",6083,64,0,16.8299772265507
"6158","weekly",6083,65,0,17.1364667934411
"6159","weekly",6083,66,0,17.607476510367
"6160","weekly",6083,67,0,18.277265074576
"6161","weekly",6083,68,0,19.1791039384732
"6162","weekly",6083,69,0,20.3426886964078
"6163","weekly",6083,70,0,21.79075930145
"6164","weekly",6083,71,0,23.5347842522915
"6165","weekly",6083,72,0,25.5700232723714
"6166","weekly",6083,73,0,27.8709524191961
"6167","weekly",6083,74,0,30.3887047120547
"6168","weekly",6083,75,0,33.0523482212184
"6169","weekly",6083,76,0,35.7759126594108
"6170","weekly",6083,77,0,38.4706191520957
"6171","weekly",6083,78,0,41.0601429699918
"6172","weekly",6083,79,0,43.4957664882861
"6173","weekly",6083,80,0,45.7667536000959
"6174","weekly",6083,81,0,47.9031078021014
"6175","weekly",6083,82,0,49.9700960570565
"6176","weekly",6083,83,0,52.0561460302456
"6177","weekly",6083,84,0,54.2568578448208
"6178","weekly",6083,85,0,56.6577093301498
"6179","weekly",6083,86,0,59.3171466820336
"6180","weekly",6083,87,0,62.2510193659659
"6181","weekly",6083,88,0,65.4193983697583
"6182","weekly",6083,89,0,68.7178186171031
"6183","weekly",6083,90,0,71.9763541542575
"6184","weekly",6083,91,0,74.9705485834788
"6185","weekly",6083,92,0,77.4468195673007
"6186","weekly",6083,93,0,79.1609489836542
"6187","weekly",6083,94,0,79.9226414381828
"6188","weekly",6083,95,0,79.6345618034443
"6189","weekly",6083,96,0,78.3138183819578
"6190","weekly",6083,97,0,76.0887906321655
"6191","weekly",6083,98,0,73.1725805187334
"6192","weekly",6083,99,0,69.8220514431323
"6193","weekly",6083,100,0,66.2947734226873
"6194","weekly",6083,101,0,62.8143431137082
"6195","weekly",6083,102,0,59.5494503645577
"6196","weekly",6083,103,0,56.6067390997432
"6197","weekly",6083,104,0,54.0341208069835
"6198","weekly",6083,105,0,51.830268465128
"6199","weekly",6083,106,0,49.9568330819275
"6200","weekly",6083,107,0,48.3513654646995
"6201","weekly",6083,108,0,46.9400976538063
"6202","weekly",6083,109,0,45.6502153613255
"6203","weekly",6083,110,0,44.4210659835221
"6204","weekly",6083,111,0,43.2132613967806
"6205","weekly",6083,112,0,42.0143533505966
"6206","weekly",6083,113,0,40.8400614743687
"6207","weekly",6083,114,0,39.7309430661248
"6208","weekly",6083,115,0,38.7455315508118
"6209","weekly",6083,116,0,37.9517760989997
"6210","weekly",6083,117,0,37.4186981957937
"6211","weekly",6083,118,0,37.2095509194914
"6212","weekly",6083,119,0,37.3767832846606
"6213","weekly",6083,120,0,37.9582421705813
"6214","weekly",6083,121,0,38.9736310942985
"6215","weekly",6083,122,0,40.4204229864795
"6216","weekly",6083,123,0,42.2691520100925
"6217","weekly",6083,124,0,44.4591054655621
"6218","weekly",6083,125,0,46.8965503090649
"6219","weekly",6083,126,0,49.4582106237049
"6220","weekly",6083,127,0,52.0021406464239
"6221","weekly",6083,128,0,54.3860981498319
"6222","weekly",6083,129,0,56.4904787352243
"6223","weekly",6083,130,0,58.2401735963458
"6224","weekly",6083,131,0,59.6189718721398
"6225","weekly",6083,132,0,60.6720954705643
"6226","weekly",6083,133,0,61.4963078260616
"6227","weekly",6083,134,0,62.2208154384489
"6228","weekly",6083,135,0,62.9840922466183
"6229","weekly",6083,136,0,63.9112985627626
"6230","weekly",6083,137,0,65.0950098260964
"6231","weekly",6083,138,0,66.5799743227462
"6232","weekly",6083,139,0,68.3517241535828
"6233","weekly",6083,140,0,70.3294217104558
"6234","weekly",6083,141,0,72.364867656418
"6235","weekly",6083,142,0,74.251022303255
"6236","weekly",6083,143,0,75.7432942951946
"6237","weekly",6083,144,0,76.59415741271
"6238","weekly",6083,145,0,76.5965504713677
"6239","weekly",6083,146,0,75.6260412304264
"6240","weekly",6083,147,0,73.6691777202377
"6241","weekly",6083,148,0,70.8282805432473
"6242","weekly",6083,149,0,67.3006534918159
"6243","weekly",6083,150,0,63.3391305157038
"6244","weekly",6083,151,0,59.2064879936988
"6245","weekly",6083,152,0,55.1361593781157
"6246","weekly",6083,153,0,51.3069512013535
"6247","weekly",6083,154,0,47.8332767336105
"6248","weekly",6083,155,0,44.7677832544905
"6249","weekly",6083,156,0,42.1114140126256
"6250","weekly",6083,157,0,39.8264742157498
"6251","weekly",6083,158,0,37.8499256896648
"6252","weekly",6083,159,0,36.1057661175191
"6253","weekly",6083,160,0,34.5163010998722
"6254","weekly",6083,161,0,33.0122555977332
"6255","weekly",6083,162,0,31.5412501906349
"6256","weekly",6083,163,0,30.0736642549173
"6257","weekly",6083,164,0,28.6048097384009
"6258","weekly",6083,165,0,27.1528908311011
"6259","weekly",6083,166,0,25.753260642934
"6260","weekly",6083,167,0,24.4505003257536
"6261","weekly",6083,168,0,23.2903091344306
"6262","weekly",6083,169,0,22.3128941621508
"6263","weekly",6083,170,0,21.5487000051207
"6264","weekly",6083,171,0,21.016376190656
"6265","weekly",6083,172,0,20.7223292541876
"6266","weekly",6083,173,0,20.6606358067856
"6267","weekly",6083,174,0,20.8130996840637
"6268","weekly",6083,175,0,21.1493505545332
"6269","weekly",6083,176,0,21.6270611723885
"6270","weekly",6083,177,0,22.1934944562881
"6271","weekly",6083,178,0,22.7892231346132
"6272","weekly",6083,179,0,23.3544356863549
"6273","weekly",6083,180,0,23.8372428552311
"6274","weekly",6083,181,0,24.2022787436308
"6275","weekly",6083,182,0,24.4372471664465
"6276","weekly",6083,183,0,24.55537773986
"6277","weekly",6083,184,0,24.5930037106846
"6278","weekly",6083,185,0,24.6030543479364
"6279","weekly",6083,186,0,24.6463613373571
"6280","weekly",6083,187,0,24.7828300289411
"6281","weekly",6083,188,0,25.0638314291991
"6282","weekly",6083,189,0,25.5261618048844
"6283","weekly",6083,190,0,26.1871711421836
"6284","weekly",6083,191,0,27.0405230850156
"6285","weekly",6083,192,0,28.0525593248358
"6286","weekly",6083,193,0,29.160184825716
"6287","weekly",6083,194,0,30.2721268806508
"6288","weekly",6083,195,0,31.2757287869917
"6289","weekly",6083,196,0,32.0505100249948
"6290","weekly",6083,197,0,32.4874005456168
"6291","weekly",6083,198,0,32.5095807928492
"6292","weekly",6083,199,0,32.0888291823358
"6293","weekly",6083,200,0,31.2517623720105
"6294","weekly",6083,201,0,30.0736277412598
"6295","weekly",6083,202,0,28.6618476967515
"6296","weekly",6083,203,0,27.1349148556392
"6297","weekly",6083,204,0,25.6028836019113
"6298","weekly",6083,205,0,24.153765912055
"6299","weekly",6083,206,0,22.8471336727107
"6300","weekly",6083,207,0,21.7137793577804
"6301","weekly",6083,208,0,20.7591949743128
"6302","weekly",6083,209,0,19.9687770390337
"6303","weekly",6083,210,0,19.3134564798875
"6304","weekly",6083,211,0,18.7552827644649
"6305","weekly",6083,212,0,18.2529830147178
"6306","weekly",6083,213,0,17.7675490045267
"6307","weekly",6083,214,0,17.2675754371357
"6308","weekly",6083,215,0,16.7336423838378
"6309","weekly",6083,216,0,16.1608271781188
"6310","weekly",6083,217,0,15.5586692624738
"6311","weekly",6083,218,0,14.9485617290293
"6312","weekly",6083,219,0,14.3593025927094
"6313","weekly",6083,220,0,13.8220170422228
"6314","weekly",6083,221,0,13.3656366259484
"6315","weekly",6083,222,0,13.0136650708419
"6316","weekly",6083,223,0,12.7823546180925
"6317","weekly",6083,224,0,12.6799524685166
"6318","weekly",6083,225,0,12.7065072992536
"6319","weekly",6083,226,0,12.8538449754942
"6320","weekly",6083,227,0,13.1056267349632
"6321","weekly",6083,228,0,13.4377524109377
"6322","weekly",6083,229,0,13.819616402986
"6323","weekly",6083,230,0,14.2167224044542
"6324","weekly",6083,231,0,14.5948273477952
"6325","weekly",6083,232,0,14.9251697079144
"6326","weekly",6083,233,0,15.1896897643874
"6327","weekly",6083,234,0,15.3848324037926
"6328","weekly",6083,235,0,15.5227939162614
"6329","weekly",6083,236,0,15.6298688788793
"6330","weekly",6083,237,0,15.7424785682551
"6331","weekly",6083,238,0,15.9020439642936
"6332","weekly",6083,239,0,16.1498585139689
"6333","weekly",6083,240,0,16.5226251788699
"6334","weekly",6083,241,0,17.0486842861164
"6335","weekly",6083,242,0,17.7445160904963
"6336","weekly",6083,243,0,18.6110619660913
"6337","weekly",6083,244,0,19.6298190764101
"6338","weekly",6083,245,0,20.7594305790963
"6339","weekly",6083,246,0,21.9343568851828
"6340","weekly",6083,247,0,23.0677145469235
"6341","weekly",6083,248,0,24.0599434791857
"6342","weekly",6083,249,0,24.8132772401405
"6343","weekly",6083,250,0,25.2494088481308
"6344","weekly",6083,251,0,25.3254876806259
"6345","weekly",6083,252,0,25.0431617890099
"6346","weekly",6083,253,0,24.4474782680318
"6347","weekly",6083,254,0,23.6161879082611
"6348","weekly",6083,255,0,22.6433781071519
"6349","weekly",6083,256,0,21.6226775054402
"6350","weekly",6083,257,0,20.6342387562217
"6351","weekly",6083,258,0,19.7373573025743
"6352","weekly",6083,259,0,18.9683479430787
"6353","weekly",6083,260,0,18.3420641377688
"6354","weekly",6083,261,0,17.8552986988198
"6355","weekly",6083,262,0,17.4908359627225
"6356","weekly",6083,263,0,17.2216262094371
"6357","weekly",6083,264,0,17.0150589850691
"6358","weekly",6083,265,0,16.837459882443
"6359","weekly",6083,266,0,16.6587402194091
"6360","weekly",6083,267,0,16.4567513822221
"6361","weekly",6083,268,0,16.2206081683798
"6362","weekly",6083,269,0,15.9521364198008
"6363","weekly",6083,270,0,15.6651578478049
"6364","weekly",6083,271,0,15.3828337837003
"6365","weekly",6083,272,0,15.1337275161986
"6366","weekly",6083,273,0,14.9476338162131
"6367","weekly",6083,274,0,14.8519523400082
"6368","weekly",6083,275,0,14.8689840567567
"6369","weekly",6083,276,0,15.0141094392675
"6370","weekly",6083,277,0,15.2945698737494
"6371","weekly",6083,278,0,15.7085878147373
"6372","weekly",6083,279,0,16.244784705892
"6373","weekly",6083,280,0,16.8821738746592
"6374","weekly",6083,281,0,17.5912609067127
"6375","weekly",6083,282,0,18.3368071334753
"6376","weekly",6083,283,0,19.0824854341154
"6377","weekly",6083,284,0,19.7970123102059
"6378","weekly",6083,285,0,20.4606169658127
"6379","weekly",6083,286,0,21.0702877056428
"6380","weekly",6083,287,0,21.6424181323182
"6381","weekly",6083,288,0,22.2122445412551
"6382","weekly",6083,289,0,22.8304493744945
"6383","weekly",6083,290,0,23.5579982058352
"6384","weekly",6083,291,0,24.4603617501962
"6385","weekly",6083,292,0,25.6017885679339
"6386","weekly",6083,293,0,27.0395576090814
"6387","weekly",6083,294,0,28.8175513182559
"6388","weekly",6083,295,0,30.958375225795
"6389","weekly",6083,296,0,33.4538085402601
"6390","weekly",6083,297,0,36.2546404319874
"6391","weekly",6083,298,0,39.2626860753444
"6392","weekly",6083,299,0,42.3292926854865
"6393","weekly",6083,300,0,45.2648107576115
"6394","weekly",6083,301,0,47.8612559941976
"6395","weekly",6083,302,0,49.9256912708788
"6396","weekly",6083,303,0,51.316465740023
"6397","weekly",6083,304,0,51.971402149582
"6398","weekly",6083,305,0,51.9187091595395
"6399","weekly",6083,306,0,51.2675087689804
"6400","weekly",6083,307,0,50.1822647467707
"6401","weekly",6083,308,0,48.8502296990428
"6402","weekly",6083,309,0,47.4513599519396
"6403","weekly",6083,310,0,46.136850658766
"6404","weekly",6083,311,0,45.0180005021084
"6405","weekly",6083,312,0,44.1637445220658
"6406","weekly",6083,313,0,43.6037968672408
"6407","weekly",6083,314,0,43.3346145592604
"6408","weekly",6083,315,0,43.3264844284222
"6409","weekly",6083,316,0,43.5311519031729
"6410","weekly",6083,317,0,43.8900600337311
"6411","weekly",6083,318,0,44.343288333188
"6412","weekly",6083,319,0,44.8387961265362
"6413","weekly",6083,320,0,45.3409212524693
"6414","weekly",6083,321,0,45.8366842723444
"6415","weekly",6083,322,0,46.3386059865843
"6416","weekly",6083,323,0,46.8834675363014
"6417","weekly",6083,324,0,47.5274111107647
"6418","weekly",6083,325,0,48.3385430496273
"6419","weekly",6083,326,0,49.3884473030703
"6420","weekly",6083,327,0,50.7437421092818
"6421","weekly",6083,328,0,52.4582850524039
"6422","weekly",6083,329,0,54.5662116963758
"6423","weekly",6083,330,0,57.0759436100634
"6424","weekly",6083,331,0,59.9656774994037
"6425","weekly",6083,332,0,63.1814872303203
"6426","weekly",6083,333,0,66.6396543089722
"6427","weekly",6083,334,0,70.2347259483267
"6428","weekly",6083,335,0,73.8537588380314
"6429","weekly",6083,336,0,77.39533413973
"6430","weekly",6083,337,0,80.7898781069944
"6431","weekly",6083,338,0,84.0165936608792
"6432","weekly",6083,339,0,87.1126801959963
"6433","weekly",6083,340,0,90.1724773863698
"6434","weekly",6083,341,0,93.3368109167768
"6435","weekly",6083,342,0,96.7748820233046
"6436","weekly",6083,343,0,100.661686497981
"6437","weekly",6083,344,0,105.153213039537
"6438","weekly",6083,345,0,110.360372125795
"6439","weekly",6083,346,0,116.321856289689
"6440","weekly",6083,347,0,122.976823171788
"6441","weekly",6083,348,0,130.140706406577
"6442","weekly",6083,349,0,137.490957476608
"6443","weekly",6083,350,0,144.572351942263
"6444","weekly",6083,351,0,150.83107385487
"6445","weekly",6083,352,0,155.680939217125
"6446","weekly",6083,353,0,158.594063141511
"6447","weekly",6083,354,0,159.196051599516
"6448","weekly",6083,355,0,157.339063110605
"6449","weekly",6083,356,0,153.130045210666
"6450","weekly",6083,357,0,146.905662103431
"6451","weekly",6083,358,0,139.163305929189
"6452","weekly",6083,359,0,130.470520753772
"6453","weekly",6083,360,0,121.377992644597
"6454","weekly",6083,361,0,112.354722510698
"6455","weekly",6083,362,0,103.753060802235
"6456","weekly",6083,363,0,95.801384738028
"6457","weekly",6083,364,0,88.6164749442887
"6458","weekly",6083,365,0,82.2262470460264
"6459","weekly",6083,366,0,76.5958342109971
"6460","weekly",6083,367,0,71.6516117166448
"6461","weekly",6083,368,0,67.3009480891706
"6462","weekly",6083,369,0,63.447672801396
"6463","weekly",6083,370,0,60.0030388276227
"6464","weekly",6083,371,0,56.8927531802801
"6465","weekly",6083,372,0,54.0605295429741
"6466","weekly",6083,373,0,51.468608767007
"6467","weekly",6083,374,0,49.0957855460947
"6468","weekly",6083,375,0,46.9336414755981
"6469","weekly",6083,376,0,44.9818149985967
"6470","weekly",6083,377,0,43.2431461179494
"6471","weekly",6083,378,0,41.7193927060634
"6472","weekly",6083,379,0,40.407974089916
"6473","weekly",6083,380,0,39.2999430755135
"6474","weekly",6083,381,0,38.3791948052785
"6475","weekly",6083,382,0,37.6228188835448
"6476","weekly",6083,383,0,37.0024683260999
"6477","weekly",6083,384,0,36.4866029144068
"6478","weekly",6083,385,0,36.0434147068663
"6479","weekly",6083,386,0,35.6441397526869
"6480","weekly",6083,387,0,35.2663283021357
"6481","weekly",6083,388,0,34.8965502478277
"6482","weekly",6083,389,0,34.5320247326963
"6483","weekly",6083,390,0,34.1808191832006
"6484","weekly",6083,391,0,33.8605347277535
"6485","weekly",6083,392,0,33.5956932013214
"6486","weekly",6083,393,0,33.4142587218139
"6487","weekly",6083,394,0,33.343794079301
"6488","weekly",6083,395,0,33.4076702091188
"6489","weekly",6083,396,0,33.621583494114
"6490","weekly",6083,397,0,33.9904878383077
"6491","weekly",6083,398,0,34.5059986118322
"6492","weekly",6083,399,0,35.1444084226714
"6493","weekly",6083,400,0,35.8656430411665
"6494","weekly",6083,401,0,36.6136913022656
"6495","weekly",6083,402,0,37.3191321793493
"6496","weekly",6083,403,0,37.9042173925991
"6497","weekly",6083,404,0,38.2904742308292
"6498","weekly",6083,405,0,38.4080363741778
"6499","weekly",6083,406,0,38.2051306615995
"6500","weekly",6083,407,0,37.6556955176929
"6501","weekly",6083,408,0,36.7629229264312
"6502","weekly",6083,409,0,35.5591810994483
"6503","weekly",6083,410,0,34.100568030397
"6504","weekly",6083,411,0,32.4576523230171
"6505","weekly",6083,412,0,30.7062496199032
"6506","weekly",6083,413,0,28.9186756575291
"6507","weekly",6083,414,0,27.1572689346613
"6508","weekly",6083,415,0,25.4707453067022
"6509","weekly",6083,416,0,23.893204757107
"6510","weekly",6083,417,0,22.4451487072074
"6511","weekly",6083,418,0,21.1357142856978
"6512","weekly",6083,419,0,19.9654093866884
"6513","weekly",6083,420,0,18.9288232060499
"6514","weekly",6083,421,0,18.0169952044635
"6515","weekly",6083,422,0,17.2192964563146
"6516","weekly",6083,423,0,16.5247940548725
"6517","weekly",6083,424,0,15.9231375818963
"6518","weekly",6083,425,0,15.4050410926866
"6519","weekly",6083,426,0,14.9624483328626
"6520","weekly",6083,427,0,14.588472150157
"6521","weekly",6083,428,0,14.2771959177226
"6522","weekly",6083,429,0,14.0234170548865
"6523","weekly",6083,430,0,13.8224011712919
"6524","weekly",6083,431,0,13.669700653616
"6525","weekly",6083,432,0,13.5610744450969
"6526","weekly",6083,433,0,13.4925270636049
"6527","weekly",6083,434,0,13.4604652322778
"6528","weekly",6083,435,0,13.461950832836
"6529","weekly",6083,436,0,13.4950110075624
"6530","weekly",6083,437,0,13.5589528397431
"6531","weekly",6083,438,0,13.6546241739889
"6532","weekly",6083,439,0,13.7845658789483
"6533","weekly",6083,440,0,13.9530139541421
"6534","weekly",6083,441,0,14.1657291696756
"6535","weekly",6083,442,0,14.4296521169599
"6536","weekly",6083,443,0,14.7523972865638
"6537","weekly",6083,444,0,15.1416080377858
"6538","weekly",6083,445,0,15.6041959008362
"6539","weekly",6083,446,0,16.1454871491915
"6540","weekly",6083,447,0,16.7683036351918
"6541","weekly",6083,448,0,17.4720193969624
"6542","weekly",6083,449,0,18.2516616850335
"6543","weekly",6083,450,0,19.0971608739601
"6544","weekly",6083,451,0,19.9928872781857
"6545","weekly",6083,452,0,20.9176278502528
"6546","weekly",6083,453,0,21.8451351520598
"6547","weekly",6083,454,0,22.745314776148
"6548","weekly",6083,455,0,23.5860100351711
"6549","weekly",6083,456,0,24.3352169010686
"6550","weekly",6083,457,0,24.9634543368302
"6551","weekly",6083,458,0,25.4459628044679
"6552","weekly",6083,459,0,25.7644290175776
"6553","weekly",6083,460,0,25.9080333641505
"6554","weekly",6083,461,0,25.8738953987631
"6555","weekly",6083,462,0,25.6664404272306
"6556","weekly",6083,463,0,25.2965406709773
"6557","weekly",6083,464,0,24.7806468176823
"6558","weekly",6083,465,0,24.1394038284634
"6559","weekly",6083,466,0,23.3964101523306
"6560","weekly",6083,467,0,22.5770436718085
"6561","weekly",6083,468,0,21.7073630404157
"6562","weekly",6083,469,0,20.8130753925034
"6563","weekly",6083,470,0,19.918569999536
"6564","weekly",6083,471,0,19.0460393850444
"6565","weekly",6083,472,0,18.2147289514323
"6566","weekly",6083,473,0,17.4403617627613
"6567","weekly",6083,474,0,16.7347735929798
"6568","weekly",6083,475,0,16.1057699456869
"6569","weekly",6083,476,0,15.5571916493391
"6570","weekly",6083,477,0,15.0891588439408
"6571","weekly",6083,478,0,14.6984602714183
"6572","weekly",6083,479,0,14.3790648833383
"6573","weekly",6083,480,0,14.1247484849919
"6574","weekly",6083,481,0,13.9258503719575
"6575","weekly",6083,482,0,13.7708107916587
"6576","weekly",6083,483,0,13.6493396624319
"6577","weekly",6083,484,0,13.5529001384348
"6578","weekly",6083,485,0,13.4755023285506
"6579","weekly",6083,486,0,13.4144539953377
"6580","weekly",6083,487,0,13.3708587204637
"6581","weekly",6083,488,0,13.3497423251138
"6582","weekly",6083,489,0,13.3597755084738
"6583","weekly",6083,490,0,13.4126428273594
"6584","weekly",6083,491,0,13.5221652866894
"6585","weekly",6083,492,0,13.703299523997
"6586","weekly",6083,493,0,13.9711099672859
"6587","weekly",6083,494,0,14.339757341786
"6588","weekly",6083,495,0,14.8214932114715
"6589","weekly",6083,496,0,15.4256215423957
"6590","weekly",6083,497,0,16.157402183766
"6591","weekly",6083,498,0,17.0169322722722
"6592","weekly",6083,499,0,17.9981382542428
"6593","weekly",6083,500,0,19.0881136966018
"6594","weekly",6083,501,0,20.2671004267868
"6595","weekly",6083,502,0,21.5093820993752
"6596","weekly",6083,503,0,22.7852074023285
"6597","weekly",6083,504,0,24.0635975969381
"6598","weekly",6083,505,0,25.3156890031642
"6599","weekly",6083,506,0,26.5175584251592
"6600","weekly",6083,507,0,27.6522770893462
"6601","weekly",6083,508,0,28.7106978674055
"6602","weekly",6083,509,0,29.6902795933092
"6603","weekly",6083,510,0,30.5925582675409
"6604","weekly",6083,511,0,31.4197115547395
"6605","weekly",6083,512,0,32.1709426022499
"6606","weekly",6083,513,0,32.8394426135128
"6607","weekly",6083,514,0,33.4106099853743
"6608","weekly",6083,515,0,33.8620374364873
"6609","weekly",6083,516,0,34.1655283697291
"6610","weekly",6083,517,0,34.291053763267
"6611","weekly",6083,518,0,34.2121216777559
"6612","weekly",6083,519,0,33.9115841443454
"6613","weekly",6083,520,0,33.3866071001576
"6614","weekly",6083,521,0,32.6515499690759
"6615","weekly",6083,522,0,31.7379247136269
"6616","weekly",6083,523,0,30.6913385076805
"6617","weekly",6083,524,0,29.5661145982886
"6618","weekly",6083,525,0,28.4188318712731
"6619","weekly",6083,526,0,27.3021366110079
"6620","weekly",6083,527,0,26.2598752408521
"6621","weekly",6083,528,0,25.324062855696
"6622","weekly",6083,529,0,24.5136814477191
"6623","weekly",6083,530,0,23.8349688933049
"6624","weekly",6083,531,0,23.2827659253962
"6625","weekly",6083,532,0,22.8425759131751
"6626","weekly",6083,533,0,22.4931491351963
"6627","weekly",6083,534,0,22.2095176287112
"6628","weekly",6083,535,0,21.966406934167
"6629","weekly",6083,536,0,21.7418287819164
"6630","weekly",6083,537,0,21.5204747738462
"6631","weekly",6083,538,0,21.2963950664089
"6632","weekly",6083,539,0,21.0744655717899
"6633","weekly",6083,540,0,20.8703633738005
"6634","weekly",6083,541,0,20.7091195577777
"6635","weekly",6083,542,0,20.6226568073325
"6636","weekly",6083,543,0,20.6468978587145
"6637","weekly",6083,544,0,20.8189808231655
"6638","weekly",6083,545,0,21.1748788871482
"6639","weekly",6083,546,0,21.7474119690196
"6640","weekly",6083,547,0,22.5643867137733
"6641","weekly",6083,548,0,23.6465039724353
"6642","weekly",6083,549,0,25.0047754855768
"6643","weekly",6083,550,0,26.637493855018
"6644","weekly",6083,551,0,28.5272508356938
"6645","weekly",6083,552,0,30.6389738544458
"6646","weekly",6083,553,0,32.9202387374244
"6647","weekly",6083,554,0,35.3049678746029
"6648","weekly",6083,555,0,37.720882347774
"6649","weekly",6083,556,0,40.099853820062
"6650","weekly",6083,557,0,42.3890389343615
"6651","weekly",6083,558,0,44.560058891082
"6652","weekly",6083,559,0,46.6134279697508
"6653","weekly",6083,560,0,48.577232831969
"6654","weekly",6083,561,0,50.5003675291482
"6655","weekly",6083,562,0,52.4414585721934
"6656","weekly",6083,563,0,54.4557495502959
"6657","weekly",6083,564,0,56.5817530057502
"6658","weekly",6083,565,0,58.8291719447225
"6659","weekly",6083,566,0,61.1694298004659
"6660","weekly",6083,567,0,63.5303613772048
"6661","weekly",6083,568,0,65.7969881267418
"6662","weekly",6083,569,0,67.8202784782516
"6663","weekly",6083,570,0,69.4347639453263
"6664","weekly",6083,571,0,70.4836020512812
"6665","weekly",6083,572,0,70.846687068879
"6666","weekly",6083,573,0,70.4650552841267
"6667","weekly",6083,574,0,69.3546427385554
"6668","weekly",6083,575,0,67.6051031833194
"6669","weekly",6083,576,0,65.3640053167328
"6670","weekly",6083,577,0,62.8112209838728
"6671","weekly",6083,578,0,60.1306654524269
"6672","weekly",6083,579,0,57.4860077785634
"6673","weekly",6083,580,0,55.0043267345827
"6674","weekly",6083,581,0,52.768540477613
"6675","weekly",6083,582,0,50.817149470513
"6676","weekly",6083,583,0,49.1489298442793
"6677","weekly",6083,584,0,47.7305453369117
"6678","weekly",6083,585,0,46.5057503389326
"6679","weekly",6083,586,0,45.4056160143919
"6680","weekly",6083,587,0,44.3594887525287
"6681","weekly",6083,588,0,43.3060381991891
"6682","weekly",6083,589,0,42.2031559482784
"6683","weekly",6083,590,0,41.0350355257724
"6684","weekly",6083,591,0,39.8149202227905
"6685","weekly",6083,592,0,38.5828907946852
"6686","weekly",6083,593,0,37.3993745066
"6687","weekly",6083,594,0,36.336188125606
"6688","weekly",6083,595,0,35.4673456392702
"6689","weekly",6083,596,0,34.8614235395944
"6690","weekly",6083,597,0,34.5762770367364
"6691","weekly",6083,598,0,34.6558439768996
"6692","weekly",6083,599,0,35.1280829192729
"6693","weekly",6083,600,0,36.0029588403922
"6694","weekly",6083,601,0,37.2692426507056
"6695","weekly",6083,602,0,38.8924134111621
"6696","weekly",6083,603,0,40.8121578350328
"6697","weekly",6083,604,0,42.9412322750468
"6698","weekly",6083,605,0,45.1706627259919
"6699","weekly",6083,606,0,47.380448656575
"6700","weekly",6083,607,0,49.4557772695516
"6701","weekly",6083,608,0,51.3057828527162
"6702","weekly",6083,609,0,52.8800861623349
"6703","weekly",6083,610,0,54.1783017737034
"6704","weekly",6083,611,0,55.2496825587768
"6705","weekly",6083,612,0,56.1831724718504
"6706","weekly",6083,613,0,57.0908098206055
"6707","weekly",6083,614,0,58.0884871345952
"6708","weekly",6083,615,0,59.2774115352986
"6709","weekly",6083,616,0,60.728047161494
"6710","weekly",6083,617,0,62.466976461943
"6711","weekly",6083,618,0,64.4667653034812
"6712","weekly",6083,619,0,66.6396939270999
"6713","weekly",6083,620,0,68.8376121675683
"6714","weekly",6083,621,0,70.8611812247145
"6715","weekly",6083,622,0,72.481179984512
"6716","weekly",6083,623,0,73.4716214259752
"6717","weekly",6083,624,0,73.6496195383806
"6718","weekly",6083,625,0,72.9123488808182
"6719","weekly",6083,626,0,71.2599298285859
"6720","weekly",6083,627,0,68.7964342589403
"6721","weekly",6083,628,0,65.7084628901466
"6722","weekly",6083,629,0,62.2283879497154
"6723","weekly",6083,630,0,58.5935898338321
"6724","weekly",6083,631,0,55.0122494516108
"6725","weekly",6083,632,0,51.6418010001726
"6726","weekly",6083,633,0,48.5808598886433
"6727","weekly",6083,634,0,45.8717233724456
"6728","weekly",6083,635,0,43.5092609682579
"6729","weekly",6083,636,0,41.4526054021408
"6730","weekly",6083,637,0,39.6375056555335
"6731","weekly",6083,638,0,37.9885045903175
"6732","weekly",6083,639,0,36.4306255418305
"6733","weekly",6083,640,0,34.9001328432932
"6734","weekly",6083,641,0,33.3534048384463
"6735","weekly",6083,642,0,31.772524816628
"6736","weekly",6083,643,0,30.1663787691468
"6737","weekly",6083,644,0,28.5669612908896
"6738","weekly",6083,645,0,27.0218861241119
"6739","weekly",6083,646,0,25.5851355390914
"6740","weekly",6083,647,0,24.3083383944213
"6741","weekly",6083,648,0,23.2342650507744
"6742","weekly",6083,649,0,22.3931466899376
"6743","weekly",6083,650,0,21.8014095155304
"6744","weekly",6083,651,0,21.4618460162819
"6745","weekly",6083,652,0,21.3642214204192
"6746","weekly",6083,653,0,21.4857079734829
"6747","weekly",6083,654,0,21.7911109481101
"6748","weekly",6083,655,0,22.2335838257641
"6749","weekly",6083,656,0,22.7566587623151
"6750","weekly",6083,657,0,23.2984647417034
"6751","weekly",6083,658,0,23.798540783162
"6752","weekly",6083,659,0,24.2063539788505
"6753","weekly",6083,660,0,24.4896770448504
"6754","weekly",6083,661,0,24.6404609962701
"6755","weekly",6083,662,0,24.6763405853708
"6756","weekly",6083,663,0,24.6372773591975
"6757","weekly",6083,664,0,24.5784054177238
"6758","weekly",6083,665,0,24.5611103143201
"6759","weekly",6083,666,0,24.6443526791263
"6760","weekly",6083,667,0,24.877445566086
"6761","weekly",6083,668,0,25.2944744437264
"6762","weekly",6083,669,0,25.9098616028241
"6763","weekly",6083,670,0,26.7145133649974
"6764","weekly",6083,671,0,27.6725468596887
"6765","weekly",6083,672,0,28.7195363582105
"6766","weekly",6083,673,0,29.7641094511418
"6767","weekly",6083,674,0,30.6949630122945
"6768","weekly",6083,675,0,31.3943945269057
"6769","weekly",6083,676,0,31.7571463294444
"6770","weekly",6083,677,0,31.7105010542218
"6771","weekly",6083,678,0,31.2297005615437
"6772","weekly",6083,679,0,30.3433600843091
"6773","weekly",6083,680,0,29.1268080687805
"6774","weekly",6083,681,0,27.685673618962
"6775","weekly",6083,682,0,26.1352472200415
"6776","weekly",6083,683,0,24.5816542764987
"6777","weekly",6083,684,0,23.1089292283214
"6778","weekly",6083,685,0,21.7731523895636
"6779","weekly",6083,686,0,20.6024677578243
"6780","weekly",6083,687,0,19.6007818708349
"6781","weekly",6083,688,0,18.7531095963204
"6782","weekly",6083,689,0,18.0312949403997
"6783","weekly",6083,690,0,17.3996145934252
"6784","weekly",6083,691,0,16.8202201179265
"6785","weekly",6083,692,0,16.2583983128789
"6786","weekly",6083,693,0,15.6873429965453
"6787","weekly",6083,694,0,15.0917898250336
"6788","weekly",6083,695,0,14.4697561052344
"6789","weekly",6083,696,0,13.8319175755969
"6790","weekly",6083,697,0,13.1987698255034
"6791","weekly",6083,698,0,12.5964634891352
"6792","weekly",6083,699,0,12.0520502638756
"6793","weekly",6083,700,0,11.5896877111518
"6794","weekly",6083,701,0,11.2282947448257
"6795","weekly",6083,702,0,10.9801917335171
"6796","weekly",6083,703,0,10.8507524405504
"6797","weekly",6083,704,0,10.8384719981368
"6798","weekly",6083,705,0,10.9350980299387
"6799","weekly",6083,706,0,11.1257538274003
"6800","weekly",6083,707,0,11.3892900165229
"6801","weekly",6083,708,0,11.6993130238698
"6802","weekly",6083,709,0,12.0263393492714
"6803","weekly",6083,710,0,12.3412422810979
"6804","weekly",6083,711,0,12.6196358813686
"6805","weekly",6083,712,0,12.8462864106223
"6806","weekly",6083,713,0,13.0183613718327
"6807","weekly",6083,714,0,13.1465441173532
"6808","weekly",6083,715,0,13.2537093647625
"6809","weekly",6083,716,0,13.3716405631894
"6810","weekly",6083,717,0,13.5367667883656
"6811","weekly",6083,718,0,13.7858886012727
"6812","weekly",6083,719,0,14.1524344502723
"6813","weekly",6083,720,0,14.6632262940111
"6814","weekly",6083,721,0,15.3353316228895
"6815","weekly",6083,722,0,16.1725274163837
"6816","weekly",6083,723,0,17.1612630827221
"6817","weekly",6083,724,0,18.2667337209314
"6818","weekly",6083,725,0,19.4305621288331
"6819","weekly",6083,726,0,20.5722246388177
"6820","weekly",6083,727,0,21.5961605601151
"6821","weekly",6083,728,0,22.4050307825128
"6822","weekly",6083,729,0,22.9170287943962
"6823","weekly",6083,730,0,23.0826159733988
"6824","weekly",6083,731,0,22.8951620867774
"6825","weekly",6083,732,0,22.3916851997965
"6826","weekly",6083,733,0,21.6435707247729
"6827","weekly",6083,734,0,20.7408272439206
"6828","weekly",6083,735,0,19.7751751564901
"6829","weekly",6083,736,0,18.8265021710213
"6830","weekly",6083,737,0,17.9549010170776
"6831","weekly",6083,738,0,17.1981299824256
"6832","weekly",6083,739,0,16.5729295717647
"6833","weekly",6083,740,0,16.0783688061347
"6834","weekly",6083,741,0,15.6998863627123
"6835","weekly",6083,742,0,15.4134041388788
"6836","weekly",6083,743,0,15.1894348423375
"6837","weekly",6083,744,0,14.9973024093742
"6838","weekly",6083,745,0,14.8094487542912
"6839","weekly",6083,746,0,14.6054597180264
"6840","weekly",6083,747,0,14.3751443709807
"6841","weekly",6083,748,0,14.1199725904444
"6842","weekly",6083,749,0,13.8525029405246
"6843","weekly",6083,750,0,13.5939884119398
"6844","weekly",6083,751,0,13.3708992125576
"6845","weekly",6083,752,0,13.2110843420596
"6846","weekly",6083,753,0,13.1405263010529
"6847","weekly",6083,754,0,13.1810338284304
"6848","weekly",6083,755,0,13.3485950461218
"6849","weekly",6083,756,0,13.6522590231143
"6850","weekly",6083,757,0,14.0932123150706
"6851","weekly",6083,758,0,14.6639756408658
"6852","weekly",6083,759,0,15.3479772874744
"6853","weekly",6083,760,0,16.1200619234041
"6854","weekly",6083,761,0,16.9485947336216
"6855","weekly",6083,762,0,17.7995739893886
"6856","weekly",6083,763,0,18.6425500148689
"6857","weekly",6083,764,0,19.4573644199954
"6858","weekly",6083,765,0,20.2401587296408
"6859","weekly",6083,766,0,21.0071229742534
"6860","weekly",6083,767,0,21.7951328508134
"6861","weekly",6083,768,0,22.6594271378344
"6862","weekly",6083,769,0,23.6692623872186
"6863","weekly",6083,770,0,24.9026448481382
"6864","weekly",6083,771,0,26.440742089344
"6865","weekly",6083,772,0,28.3617136732464
"6866","weekly",6083,773,0,30.7329084179364
"6867","weekly",6083,774,0,33.6000817567328
"6868","weekly",6083,775,0,36.9728613805491
"6869","weekly",6083,776,0,40.8073972984857
"6870","weekly",6083,777,0,44.9899045527745
"6871","weekly",6083,778,0,49.3278272205098
"6872","weekly",6083,779,0,53.5568116464383
"6873","weekly",6083,780,0,57.369337802691
"6874","weekly",6083,781,0,60.4637463128493
"6875","weekly",6083,782,0,62.6026839344449
"6876","weekly",6083,783,0,63.6629425376304
"6877","weekly",6083,784,0,63.6594780167543
"6878","weekly",6083,785,0,62.7358457773771
"6879","weekly",6083,786,0,61.1263952509871
"6880","weekly",6083,787,0,59.1050449234754
"6881","weekly",6083,788,0,56.9370018490772
"6882","weekly",6083,789,0,54.8444365108553
"6883","weekly",6083,790,0,52.9893253504524
"6884","weekly",6083,791,0,51.4706314951327
"6885","weekly",6083,792,0,50.3304513023213
"6886","weekly",6083,793,0,49.5642885068082
"6887","weekly",6083,794,0,49.1316372645924
"6888","weekly",6083,795,0,48.9686655661026
"6889","weekly",6083,796,0,48.9995014287342
"6890","weekly",6083,797,0,49.1464870702148
"6891","weekly",6083,798,0,49.34261467939
"6892","weekly",6083,799,0,49.5420619286124
"6893","weekly",6083,800,0,49.7277905386072
"6894","weekly",6083,801,0,49.9146220132498
"6895","weekly",6083,802,0,50.1471652403743
"6896","weekly",6083,803,0,50.4932629823306
"6897","weekly",6083,804,0,51.0346096758512
"6898","weekly",6083,805,0,51.8564383665289
"6899","weekly",6083,806,0,53.0376937199944
"6900","weekly",6083,807,0,54.6422964849917
"6901","weekly",6083,808,0,56.7114721770959
"6902","weekly",6083,809,0,59.2570255692226
"6903","weekly",6083,810,0,62.2559729315799
"6904","weekly",6083,811,0,65.647867994332
"6905","weekly",6083,812,0,69.3369752374201
"6906","weekly",6083,813,0,73.2015051705494
"6907","weekly",6083,814,0,77.1109130445402
"6908","weekly",6083,815,0,80.9498019200546
"6909","weekly",6083,816,0,84.6441117934955
"6910","weekly",6083,817,0,88.1834542479846
"6911","weekly",6083,818,0,91.6338617434667
"6912","weekly",6083,819,0,95.1379017911277
"6913","weekly",6083,820,0,98.9027305916679
"6914","weekly",6083,821,0,103.17931953715
"6915","weekly",6083,822,0,108.236503189422
"6916","weekly",6083,823,0,114.33173955727
"6917","weekly",6083,824,0,121.677802854007
"6918","weekly",6083,825,0,130.402831953179
"6919","weekly",6083,826,0,140.50193698248
"6920","weekly",6083,827,0,151.783084913244
"6921","weekly",6083,828,0,163.818183967367
"6922","weekly",6083,829,0,175.919750305678
"6923","weekly",6083,830,0,187.16868890186
"6924","weekly",6083,831,0,196.512266443275
"6925","weekly",6083,832,0,202.929391353522
"6926","weekly",6083,833,0,205.628680649399
"6927","weekly",6083,834,0,204.220007916858
"6928","weekly",6083,835,0,198.800136227856
"6929","weekly",6083,836,0,189.922370890217
"6930","weekly",6083,837,0,178.464439576437
"6931","weekly",6083,838,0,165.443959683762
"6932","weekly",6083,839,0,151.840363130188
"6933","weekly",6083,840,0,138.466577157302
"6934","weekly",6083,841,0,125.906554687095
"6935","weekly",6083,842,0,114.510903170376
"6936","weekly",6083,843,0,104.430452786291
"6937","weekly",6083,844,0,95.6665428533306
"6938","weekly",6083,845,0,88.1222626667222
"6939","weekly",6083,846,0,81.6462773822859
"6940","weekly",6083,847,0,76.0662944222349
"6941","weekly",6083,848,0,71.2134334632719
"6942","weekly",6083,849,0,66.938096372367
"6943","weekly",6083,850,0,63.1190566271907
"6944","weekly",6083,851,0,59.6677660989953
"6945","weekly",6083,852,0,56.5278402668264
"6946","weekly",6083,853,0,53.6707283759388
"6947","weekly",6083,854,0,51.0886637103176
"6948","weekly",6083,855,0,48.7862716384334
"6949","weekly",6083,856,0,46.7722447138294
"6950","weekly",6083,857,0,45.0522093654508
"6951","weekly",6083,858,0,43.6234284619059
"6952","weekly",6083,859,0,42.4715185428868
"6953","weekly",6083,860,0,41.5690798469514
"6954","weekly",6083,861,0,40.8760884685762
"6955","weekly",6083,862,0,40.3419998092504
"6956","weekly",6083,863,0,39.9095984432497
"6957","weekly",6083,864,0,39.52053970423
"6958","weekly",6083,865,0,39.1221875688134
"6959","weekly",6083,866,0,38.6748394400274
"6960","weekly",6083,867,0,38.1579751957543
"6961","weekly",6083,868,0,37.5740691164392
"6962","weekly",6083,869,0,36.9489365373811
"6963","weekly",6083,870,0,36.3284627027169
"6964","weekly",6083,871,0,35.7725249998693
"6965","weekly",6083,872,0,35.3475394460766
"6966","weekly",6083,873,0,35.1190797534873
"6967","weekly",6083,874,0,35.1454842878229
"6968","weekly",6083,875,0,35.4725835734862
"6969","weekly",6083,876,0,36.129017564177
"6970","weekly",6083,877,0,37.121347781751
"6971","weekly",6083,878,0,38.4284404123173
"6972","weekly",6083,879,0,39.9954040484008
"6973","weekly",6083,880,0,41.7285651328712
"6974","weekly",6083,881,0,43.4941904899897
"6975","weekly",6083,882,0,45.1242773328995
"6976","weekly",6083,883,0,46.4319445374567
"6977","weekly",6083,884,0,47.2363176609942
"6978","weekly",6083,885,0,47.3928065509099
"6979","weekly",6083,886,0,46.8210454678992
"6980","weekly",6083,887,0,45.5217408072131
"6981","weekly",6083,888,0,43.5765094078379
"6982","weekly",6083,889,0,41.1305637512778
"6983","weekly",6083,890,0,38.3639989626026
"6984","weekly",6083,891,0,35.4607063659641
"6985","weekly",6083,892,0,32.5824273273684
"6986","weekly",6083,893,0,29.8533575603869
"6987","weekly",6083,894,0,27.3555640290069
"6988","weekly",6083,895,0,25.1320336578938
"6989","weekly",6083,896,0,23.1944428243805
"6990","weekly",6083,897,0,21.532349288078
"6991","weekly",6083,898,0,20.1217570938752
"6992","weekly",6083,899,0,18.9320908302761
"6993","weekly",6083,900,0,17.931374510692
"6994","weekly",6083,901,0,17.0897929853309
"6995","weekly",6083,902,0,16.3819208650457
"6996","weekly",6083,903,0,15.7878724748734
"6997","weekly",6083,904,0,15.293565488595
"6998","weekly",6083,905,0,14.8902582014707
"6999","weekly",6083,906,0,14.5735244267853
"7000","weekly",6083,907,0,14.3418488614479
"7001","weekly",6083,908,0,14.1950322718767
"7002","weekly",6083,909,0,14.1325779538311
"7003","weekly",6083,910,0,14.1521983966013
"7004","weekly",6083,911,0,14.2485571696088
"7005","weekly",6083,912,0,14.4123655591538
"7006","weekly",6083,913,0,14.6299867771813
"7007","weekly",6083,914,0,14.8837358687088
"7008","weekly",6083,915,0,15.1530523167312
"7009","weekly",6083,916,0,15.41661579832
"7010","weekly",6083,917,0,15.6552577067632
"7011","weekly",6083,918,0,15.8552401508568
"7012","weekly",6083,919,0,16.0112444545157
"7013","weekly",6083,920,0,16.1283660087865
"7014","weekly",6083,921,0,16.2226216436102
"7015","weekly",6083,922,0,16.3198822106133
"7016","weekly",6083,923,0,16.4535740972206
"7017","weekly",6083,924,0,16.6617533166791
"7018","weekly",6083,925,0,16.9841368247507
"7019","weekly",6083,926,0,17.4594083227857
"7020","weekly",6083,927,0,18.1227342407728
"7021","weekly",6083,928,0,19.0030911501963
"7022","weekly",6083,929,0,20.1198507076479
"7023","weekly",6083,930,0,21.4781845269827
"7024","weekly",6083,931,0,23.0632986659111
"7025","weekly",6083,932,0,24.834288746235
"7026","weekly",6083,933,0,26.719387688674
"7027","weekly",6083,934,0,28.6151900789919
"7028","weekly",6083,935,0,30.3924879306142
"7029","weekly",6083,936,0,31.9100817484723
"7030","weekly",6083,937,0,33.0352965021229
"7031","weekly",6083,938,0,33.6668089648738
"7032","weekly",6083,939,0,33.7533901694478
"7033","weekly",6083,940,0,33.3027017483037
"7034","weekly",6083,941,0,32.3774808089947
"7035","weekly",6083,942,0,31.0808285934982
"7036","weekly",6083,943,0,29.5357088604287
"7037","weekly",6083,944,0,27.8646996753523
"7038","weekly",6083,945,0,26.1746369369575
"7039","weekly",6083,946,0,24.5480933315121
"7040","weekly",6083,947,0,23.0412539782265
"7041","weekly",6083,948,0,21.686631400582
"7042","weekly",6083,949,0,20.4978079270877
"7043","weekly",6083,950,0,19.474604741903
"7044","weekly",6083,951,0,18.6087612666888
"7045","weekly",6083,952,0,17.8885355989987
"7046","weekly",6083,953,0,17.301846543829
"7047","weekly",6083,954,0,16.83842852003
"7048","weekly",6083,955,0,16.4910531262722
"7049","weekly",6083,956,0,16.2559303921516
"7050","weekly",6083,957,0,16.1324230349055
"7051","weekly",6083,958,0,16.1222122678882
"7052","weekly",6083,959,0,16.2280459711619
"7053","weekly",6083,960,0,16.452181529974
"7054","weekly",6083,961,0,16.79462002746
"7055","weekly",6083,962,0,17.2512399694388
"7056","weekly",6083,963,0,17.812000672966
"7057","weekly",6083,964,0,18.4595026508323
"7058","weekly",6083,965,0,19.1683331248205
"7059","weekly",6083,966,0,19.9057127362685
"7060","weekly",6083,967,0,20.6338886691738
"7061","weekly",6083,968,0,21.3144049902112
"7062","weekly",6083,969,0,21.9138354804963
"7063","weekly",6083,970,0,22.4099523077457
"7064","weekly",6083,971,0,22.7969106916426
"7065","weekly",6083,972,0,23.0881164529783
"7066","weekly",6083,973,0,23.3160624221346
"7067","weekly",6083,974,0,23.5293325645689
"7068","weekly",6083,975,0,23.7877625806213
"7069","weekly",6083,976,0,24.1570609523769
"7070","weekly",6083,977,0,24.7039423800234
"7071","weekly",6083,978,0,25.4921848428639
"7072","weekly",6083,979,0,26.5792982214698
"7073","weekly",6083,980,0,28.0129582222071
"7074","weekly",6083,981,0,29.8261822693239
"7075","weekly",6083,982,0,32.0304944941454
"7076","weekly",6083,983,0,34.6070978590069
"7077","weekly",6083,984,0,37.497323459771
"7078","weekly",6083,985,0,40.5951342407425
"7079","weekly",6083,986,0,43.7456444246054
"7080","weekly",6083,987,0,46.7535889229548
"7081","weekly",6083,988,0,49.4033812017733
"7082","weekly",6083,989,0,51.4898580615263
"7083","weekly",6083,990,0,52.8518248259861
"7084","weekly",6083,991,0,53.3990742028182
"7085","weekly",6083,992,0,53.1261662624893
"7086","weekly",6083,993,0,52.1081404068318
"7087","weekly",6083,994,0,50.4808453435617
"7088","weekly",6083,995,0,48.4128600739059
"7089","weekly",6083,996,0,46.0772422441005
"7090","weekly",6083,997,0,43.6294535336638
"7091","weekly",6083,998,0,41.1943775599721
"7092","weekly",6083,999,0,38.8621471606457
"7093","weekly",6083,1000,0,36.690559737086
"7094","weekly",6083,1001,0,34.7113077274043
"7095","weekly",6083,1002,0,32.9376205934095
"7096","weekly",6083,1003,0,31.371585988134
"7097","weekly",6083,1004,0,30.010217162795
"7098","weekly",6083,1005,0,28.849872493869
"7099","weekly",6083,1006,0,27.8889699355568
"7100","weekly",6083,1007,0,27.1291747311698
"7101","weekly",6083,1008,0,26.5753496068428
"7102","weekly",6083,1009,0,26.234581803561
"7103","weekly",6083,1010,0,26.1145539598656
"7104","weekly",6083,1011,0,26.221431012149
"7105","weekly",6083,1012,0,26.5573382372895
"7106","weekly",6083,1013,0,27.1174663289712
"7107","weekly",6083,1014,0,27.8869158054804
"7108","weekly",6083,1015,0,28.8376161309352
"7109","weekly",6083,1016,0,29.9259978836344
"7110","weekly",6083,1017,0,31.0924435797278
"7111","weekly",6083,1018,0,32.263683329089
"7112","weekly",6083,1019,0,33.3589866195834
"7113","weekly",6083,1020,0,34.3000908598551
"7114","weekly",6083,1021,0,35.0234534412011
"7115","weekly",6083,1022,0,35.4921389781302
"7116","weekly",6083,1023,0,35.7041626904902
"7117","weekly",6083,1024,0,35.6948648929319
"7118","weekly",6083,1025,0,35.5327138382418
"7119","weekly",6083,1026,0,35.310013103619
"7120","weekly",6083,1027,0,35.1313474992203
"7121","weekly",6083,1028,0,35.1026912478483
"7122","weekly",6083,1029,0,35.3230754580945
"7123","weekly",6083,1030,0,35.8792053421566
"7124","weekly",6083,1031,0,36.8421090118864
"7125","weekly",6083,1032,0,38.2641928697922
"7126","weekly",6083,1033,0,40.1750705178783
"7127","weekly",6083,1034,0,42.5751587353443
"7128","weekly",6083,1035,0,45.4271980650446
"7129","weekly",6083,1036,0,48.6474089594776
"7130","weekly",6083,1037,0,52.0995904169613
"7131","weekly",6083,1038,0,55.5964330477218
"7132","weekly",6083,1039,0,58.9117735348991
"7133","weekly",6083,1040,0,61.8049404233607
"7134","weekly",6083,1041,0,64.0537574771515
"7135","weekly",6083,1042,0,65.4889913444422
"7136","weekly",6083,1043,0,66.0208472318336
"7137","weekly",6083,1044,0,65.6496604504719
"7138","weekly",6083,1045,0,64.45855490135
"7139","weekly",6083,1046,0,62.5914578631418
"7140","weekly",6083,1047,0,60.2238957301161
"7141","weekly",6083,1048,0,57.5346550718023
"7142","weekly",6083,1049,0,54.6842111270162
"7143","weekly",6083,1050,0,51.8024284510539
"7144","weekly",6083,1051,0,48.9850314341238
"7145","weekly",6083,1052,0,46.2965674119332
"7146","weekly",6083,1053,0,43.7770865350249
"7147","weekly",6083,1054,0,41.4500027788818
"7148","weekly",6083,1055,0,39.3294541177675
"7149","weekly",6083,1056,0,37.4260847704718
"7150","weekly",6083,1057,0,35.750795925378
"7151","weekly",6083,1058,0,34.3165443509643
"7152","weekly",6083,1059,0,33.1385439964215
"7153","weekly",6083,1060,0,32.2333588735492
"7154","weekly",6083,1061,0,31.6173405496083
"7155","weekly",6083,1062,0,31.3046992169038
"7156","weekly",6083,1063,0,31.3052776375916
"7157","weekly",6083,1064,0,31.6219171412959
"7158","weekly",6083,1065,0,32.2472573530686
"7159","weekly",6083,1066,0,33.1599672447919
"7160","weekly",6083,1067,0,34.3207911237041
"7161","weekly",6083,1068,0,35.6693572494987
"7162","weekly",6083,1069,0,37.1232626224883
"7163","weekly",6083,1070,0,38.5811967193804
"7164","weekly",6083,1071,0,39.9314201936213
"7165","weekly",6083,1072,0,41.0655572431642
"7166","weekly",6083,1073,0,41.8956343467507
"7167","weekly",6083,1074,0,42.3704181036446
"7168","weekly",6083,1075,0,42.4864509016188
"7169","weekly",6083,1076,0,42.2904156849399
"7170","weekly",6083,1077,0,41.8722333457263
"7171","weekly",6083,1078,0,41.3513200180023
"7172","weekly",6083,1079,0,40.8602582789244
"7173","weekly",6083,1080,0,40.5300604315416
"7174","weekly",6083,1081,0,40.4795821484004
"7175","weekly",6083,1082,0,40.8094880260032
"7176","weekly",6083,1083,0,41.5994367012026
"7177","weekly",6083,1084,0,42.9062211074415
"7178","weekly",6083,1085,0,44.761175534004
"7179","weekly",6083,1086,0,47.1651141552502
"7180","weekly",6083,1087,0,50.0807748804145
"7181","weekly",6083,1088,0,53.4248749100952
"7182","weekly",6083,1089,0,57.0625673990799
"7183","weekly",6083,1090,0,60.8084663714835
"7184","weekly",6083,1091,0,64.4378042005847
"7185","weekly",6083,1092,0,67.7088662917886
"7186","weekly",6083,1093,0,70.3939147956262
"7187","weekly",6083,1094,0,72.311888234879
"7188","weekly",6083,1095,0,73.3542964039298
"7189","weekly",6083,1096,0,73.4972316428393
"7190","weekly",6083,1097,0,72.7968419414829
"7191","weekly",6083,1098,0,71.3708963853205
"7192","weekly",6083,1099,0,69.3728260774587
"7193","weekly",6083,1100,0,66.9655332216789
"7194","weekly",6083,1101,0,64.3006090945855
"7195","weekly",6083,1102,0,61.5057074430442
"7196","weekly",6083,1103,0,58.6800728638627
"7197","weekly",6083,1104,0,55.8964288169591
"7198","weekly",6083,1105,0,53.2067158360587
"7199","weekly",6083,1106,0,50.6492613126902
"7200","weekly",6083,1107,0,48.2554934823056
"7201","weekly",6083,1108,0,46.0550066813375
"7202","weekly",6083,1109,0,44.0784763324991
"7203","weekly",6083,1110,0,42.3585070612244
"7204","weekly",6083,1111,0,40.9288956850505
"7205","weekly",6083,1112,0,39.8229475275439
"7206","weekly",6083,1113,0,39.0713967863776
"7207","weekly",6083,1114,0,38.7002151854613
"7208","weekly",6083,1115,0,38.728266953709
"7209","weekly",6083,1116,0,39.1645180035121
"7210","weekly",6083,1117,0,40.0044510789812
"7211","weekly",6083,1118,0,41.2255577875476
"7212","weekly",6083,1119,0,42.782300804618
"7213","weekly",6083,1120,0,44.6017028318529
"7214","weekly",6083,1121,0,46.5815096539227
"7215","weekly",6083,1122,0,48.5932925734087
"7216","weekly",6083,1123,0,50.4923997955921
"7217","weekly",6083,1124,0,52.1350152356899
"7218","weekly",6083,1125,0,53.3999810541864
"7219","weekly",6083,1126,0,54.2104871175761
"7220","weekly",6083,1127,0,54.5496347133812
"7221","weekly",6083,1128,0,54.4651940475378
"7222","weekly",6083,1129,0,54.062286325905
"7223","weekly",6083,1130,0,53.486661884468
"7224","weekly",6083,1131,0,52.9038289584423
"7225","weekly",6083,1132,0,52.4794869981488
"7226","weekly",6083,1133,0,52.3648620894091
"7227","weekly",6083,1134,0,52.6878576517774
"7228","weekly",6083,1135,0,53.5486727089956
"7229","weekly",6083,1136,0,55.017382722217
"7230","weekly",6083,1137,0,57.1309831689796
"7231","weekly",6083,1138,0,59.8883249725113
"7232","weekly",6083,1139,0,63.2428310146352
"7233","weekly",6083,1140,0,67.0946911945503
"7234","weekly",6083,1141,0,71.2859092282524
"7235","weekly",6083,1142,0,75.6024294713134
"7236","weekly",6083,1143,0,79.7869831932767
"7237","weekly",6083,1144,0,83.5637310350285
"7238","weekly",6083,1145,0,86.6717375054504
"7239","weekly",6083,1146,0,88.9003271726178
"7240","weekly",6083,1147,0,90.1174614962001
"7241","weekly",6083,1148,0,90.2837299744133
"7242","weekly",6083,1149,0,89.4489591467282
"7243","weekly",6083,1150,0,87.7338194838303
"7244","weekly",6083,1151,0,85.3027872145103
"7245","weekly",6083,1152,0,82.3360116255353
"7246","weekly",6083,1153,0,79.006195464186
"7247","weekly",6083,1154,0,75.4637366643656
"7248","weekly",6083,1155,0,71.8304925981283
"7249","weekly",6083,1156,0,68.200503299493
"7250","weekly",6083,1157,0,64.6450846112421
"7251","weekly",6083,1158,0,61.2196740715299
"7252","weekly",6083,1159,0,57.9703344313821
"7253","weekly",6083,1160,0,54.9385850530889
"7254","weekly",6083,1161,0,52.1640224323928
"7255","weekly",6083,1162,0,49.6848571491428
"7256","weekly",6083,1163,0,47.5369303998814
"7257","weekly",6083,1164,0,45.751925866447
"7258","weekly",6083,1165,0,44.3553807302451
"7259","weekly",6083,1166,0,43.3648149687942
"7260","weekly",6083,1167,0,42.7879762831435
"7261","weekly",6083,1168,0,42.6209731984782
"7262","weekly",6083,1169,0,42.8460372286572
"7263","weekly",6083,1170,0,43.4288585527174
"7264","weekly",6083,1171,0,44.3158602094409
"7265","weekly",6083,1172,0,45.4323211734445
"7266","weekly",6083,1173,0,46.6827407919773
"7267","weekly",6083,1174,0,47.9549747847122
"7268","weekly",6083,1175,0,49.129173284935
"7269","weekly",6083,1176,0,50.0912925542943
"7270","weekly",6083,1177,0,50.7491941378976
"7271","weekly",6083,1178,0,51.0477847324946
"7272","weekly",6083,1179,0,50.9791526050685
"7273","weekly",6083,1180,0,50.5847288831428
"7274","weekly",6083,1181,0,49.948923221491
"7275","weekly",6083,1182,0,49.1859610966494
"7276","weekly",6083,1183,0,48.4239428687142
"7277","weekly",6083,1184,0,47.7899212666816
"7278","weekly",6083,1185,0,47.3982456399317
"7279","weekly",6083,1186,0,47.3432115541073
"7280","weekly",6083,1187,0,47.6951641183987
"7281","weekly",6083,1188,0,48.4984452978533
"7282","weekly",6083,1189,0,49.7695564492969
"7283","weekly",6083,1190,0,51.4945194003885
"7284","weekly",6083,1191,0,53.6254114674448
"7285","weekly",6083,1192,0,56.0771621302556
"7286","weekly",6083,1193,0,58.7266305939847
"7287","weekly",6083,1194,0,61.4163590968092
"7288","weekly",6083,1195,0,63.9648473272609
"7289","weekly",6083,1196,0,66.1835809674667
"7290","weekly",6083,1197,0,67.8987199752082
"7291","weekly",6083,1198,0,68.9731871191179
"7292","weekly",6083,1199,0,69.3239606333518
"7293","weekly",6083,1200,0,68.9303100371326
"7294","weekly",6083,1201,0,67.8312724206917
"7295","weekly",6083,1202,0,66.1137747967587
"7296","weekly",6083,1203,0,63.895172025892
"7297","weekly",6083,1204,0,61.3047809420386
"7298","weekly",6083,1205,0,58.4682563876122
"7299","weekly",6083,1206,0,55.4970069907868
"7300","weekly",6083,1207,0,52.4830832542648
"7301","weekly",6083,1208,0,49.4986555224459
"7302","weekly",6083,1209,0,46.5985294655402
"7303","weekly",6083,1210,0,43.8241056062107
"7304","weekly",6083,1211,0,41.2074213917949
"7305","weekly",6083,1212,0,38.7743854459914
"7306","weekly",6083,1213,0,36.5468478989133
"7307","weekly",6083,1214,0,34.5435142920978
"7308","weekly",6083,1215,0,32.779962452063
"7309","weekly",6083,1216,0,31.2681348649203
"7310","weekly",6083,1217,0,30.0156409425981
"7311","weekly",6083,1218,0,29.0250775834429
"7312","weekly",6083,1219,0,28.2934292091231
"7313","weekly",6083,1220,0,27.8115023331411
"7314","weekly",6083,1221,0,27.5633257955778
"7315","weekly",6083,1222,0,27.5255182652545
"7316","weekly",6083,1223,0,27.6667719428078
"7317","weekly",6083,1224,0,27.9477792563557
"7318","weekly",6083,1225,0,28.3220643162858
"7319","weekly",6083,1226,0,28.7381827958816
"7320","weekly",6083,1227,0,29.1435458344422
"7321","weekly",6083,1228,0,29.48969279632
"7322","weekly",6083,1229,0,29.7382838898993
"7323","weekly",6083,1230,0,29.8666192815435
"7324","weekly",6083,1231,0,29.8713609147671
"7325","weekly",6083,1232,0,29.7694731270312
"7326","weekly",6083,1233,0,29.5961255176881
"7327","weekly",6083,1234,0,29.4001399507106
"7328","weekly",6083,1235,0,29.2380776397622
"7329","weekly",6083,1236,0,29.1682945073553
"7330","weekly",6083,1237,0,29.2459030248574
"7331","weekly",6083,1238,0,29.5189522805085
"7332","weekly",6083,1239,0,30.0257073069588
"7333","weekly",6083,1240,0,30.7925076705287
"7334","weekly",6083,1241,0,31.8316414569199
"7335","weekly",6083,1242,0,33.1388803610025
"7336","weekly",6083,1243,0,34.6907299478844
"7337","weekly",6083,1244,0,36.4419552994004
"7338","weekly",6083,1245,0,38.3244028422851
"7339","weekly",6083,1246,0,40.2483642351654
"7340","weekly",6083,1247,0,42.1075223206717
"7341","weekly",6083,1248,0,43.7877834613682
"7342","weekly",6083,1249,0,45.179153447978
"7343","weekly",6083,1250,0,46.1886337089745
"7344","weekly",6083,1251,0,46.7514178123965
"7345","weekly",6083,1252,0,46.8378479930543
"7346","weekly",6083,1253,0,46.4546656321181
"7347","weekly",6083,1254,0,45.6406514818009
"7348","weekly",6083,1255,0,44.4581776643608
"7349","weekly",6083,1256,0,42.9829743814189
"7350","weekly",6083,1257,0,41.2943854767509
"7351","weekly",6083,1258,0,39.4677367068289
"7352","weekly",6083,1259,0,37.569537693329
"7353","weekly",6083,1260,0,35.655426276302
"7354","weekly",6083,1261,0,33.7702406771932
"7355","weekly",6083,1262,0,31.949389411333
"7356","weekly",6083,1263,0,30.2207271633524
"7357","weekly",6083,1264,0,28.6063909882214
"7358","weekly",6083,1265,0,27.1242328696608
"7359","weekly",6083,1266,0,25.7887208000247
"7360","weekly",6083,1267,0,24.6113676310197
"7361","weekly",6083,1268,0,23.6008190212597
"7362","weekly",6083,1269,0,22.7627472748936
"7363","weekly",6083,1270,0,22.0996633765171
"7364","weekly",6083,1271,0,21.6107056680776
"7365","weekly",6083,1272,0,21.2914198468497
"7366","weekly",6083,1273,0,21.1335319515565
"7367","weekly",6083,1274,0,21.1247411887161
"7368","weekly",6083,1275,0,21.2486158340907
"7369","weekly",6083,1276,0,21.4847424248728
"7370","weekly",6083,1277,0,21.8092278926415
"7371","weekly",6083,1278,0,22.1961257914154
"7372","weekly",6083,1279,0,22.6194046922974
"7373","weekly",6083,1280,0,23.0553636473196
"7374","weekly",6083,1281,0,23.4856844640308
"7375","weekly",6083,1282,0,23.9002474867812
"7376","weekly",6083,1283,0,24.2992610444708
"7377","weekly",6083,1284,0,24.6942658034604
"7378","weekly",6083,1285,0,25.1078297984568
"7379","weekly",6083,1286,0,25.5720562295537
"7380","weekly",6083,1287,0,26.1262624135124
"7381","weekly",6083,1288,0,26.8142663710387
"7382","weekly",6083,1289,0,27.6816224225331
"7383","weekly",6083,1290,0,28.7729350488153
"7384","weekly",6083,1291,0,30.1291446880568
"7385","weekly",6083,1292,0,31.7845122921353
"7386","weekly",6083,1293,0,33.7629993432201
"7387","weekly",6083,1294,0,36.0738843882573
"7388","weekly",6083,1295,0,38.7067807164713
"7389","weekly",6083,1296,0,41.6266814863193
"7390","weekly",6083,1297,0,44.7701499476752
"7391","weekly",6083,1298,0,48.0441086770952
"7392","weekly",6083,1299,0,51.3286379041965
"7393","weekly",6083,1300,0,54.4846018331518
"7394","weekly",6083,1301,0,57.3658050325612
"7395","weekly",6083,1302,0,59.8340298683397
"7396","weekly",6083,1303,0,61.7742206576295
"7397","weekly",6083,1304,0,63.1067505400279
"7398","weekly",6083,1305,0,63.7943440356394
"7399","weekly",6083,1306,0,63.8426228472526
"7400","weekly",6083,1307,0,63.2948599654774
"7401","weekly",6083,1308,0,62.2227815924489
"7402","weekly",6083,1309,0,60.7157865269837
"7403","weekly",6083,1310,0,58.8707395017846
"7404","weekly",6083,1311,0,56.7837893156102
"7405","weekly",6083,1312,0,54.5448102882874
"7406","weekly",6083,1313,0,52.2343487308754
"7407","weekly",6083,1314,0,49.9225178100241
"7408","weekly",6083,1315,0,47.6691349033208
"7409","weekly",6083,1316,0,45.5244629003428
"7410","weekly",6083,1317,0,43.5300996728474
"7411","weekly",6083,1318,0,41.7197664428604
"7412","weekly",6083,1319,0,40.1199134759299
"7413","weekly",6083,1320,0,38.750162121054
"7414","weekly",6083,1321,0,37.6236373633583
"7415","weekly",6083,1322,0,36.7472364491623
"7416","weekly",6083,1323,0,36.1218563641887
"7417","weekly",6083,1324,0,35.7425922849725
"7418","weekly",6083,1325,0,35.5989358434672
"7419","weekly",6083,1326,0,35.675046838769
"7420","weekly",6083,1327,0,35.9502310630924
"7421","weekly",6083,1328,0,36.3998047654532
"7422","weekly",6083,1329,0,36.9965321627242
"7423","weekly",6083,1330,0,37.7128108245597
"7424","weekly",6083,1331,0,38.5234042476004
"7425","weekly",6083,1332,0,39.4087315084907
"7426","weekly",6083,1333,0,40.3583569327457
"7427","weekly",6083,1334,0,41.373950438996
"7428","weekly",6083,1335,0,42.4714064494328
"7429","weekly",6083,1336,0,43.6817583859738
"7430","weekly",6083,1337,0,45.0508050949429
"7431","weekly",6083,1338,0,46.6375962443271
"7432","weekly",6083,1339,0,48.5120518330805
"7433","weekly",6083,1340,0,50.7519659776517
"7434","weekly",6083,1341,0,53.4394787404235
"7435","weekly",6083,1342,0,56.6568575471247
"7436","weekly",6083,1343,0,60.4812073897119
"7437","weekly",6083,1344,0,64.9776288497815
"7438","weekly",6083,1345,0,70.1904576405068
"7439","weekly",6083,1346,0,76.1326156608266
"7440","weekly",6083,1347,0,82.7737938304417
"7441","weekly",6083,1348,0,90.0290844649717
"7442","weekly",6083,1349,0,97.7505583464808
"7443","weekly",6083,1350,0,105.724776416042
"7444","weekly",6083,1351,0,113.678938751895
"7445","weekly",6083,1352,0,121.297063457248
"7446","weekly",6083,1353,0,128.245387579584
"7447","weekly",6083,1354,0,134.203682419655
"7448","weekly",6083,1355,0,138.897261631842
"7449","weekly",6083,1356,0,142.123920566853
"7450","weekly",6083,1357,0,143.771160257536
"7451","weekly",6083,1358,0,143.821425210575
"7452","weekly",6083,1359,0,142.345845294134
"7453","weekly",6083,1360,0,139.489193373884
"7454","weekly",6083,1361,0,135.449879479493
"7455","weekly",6083,1362,0,130.458741061142
"7456","weekly",6083,1363,0,124.759506126582
"7457","weekly",6083,1364,0,118.592606977647
"7458","weekly",6083,1365,0,112.182935340665
"7459","weekly",6083,1366,0,105.731385734223
"7460","weekly",6083,1367,0,99.4096647727201
"7461","weekly",6083,1368,0,93.3577537581223
"7462","weekly",6083,1369,0,87.6834640955567
"7463","weekly",6083,1370,0,82.4636088991465
"7464","weekly",6083,1371,0,77.7463733387267
"7465","weekly",6083,1372,0,73.5544958073151
"7466","weekly",6083,1373,0,69.8888960943805
"7467","weekly",6083,1374,0,66.7323810191883
"7468","weekly",6083,1375,0,64.0534028658367
"7469","weekly",6083,1376,0,61.8094894704554
"7470","weekly",6083,1377,0,59.9503578999211
"7471","weekly",6083,1378,0,58.4210529519551
"7472","weekly",6083,1379,0,57.1650600219291
"7473","weekly",6083,1380,0,56.1275495538503
"7474","weekly",6083,1381,0,55.2587552629629
"7475","weekly",6083,1382,0,54.5173322440751
"7476","weekly",6083,1383,0,53.8733874396348
"7477","weekly",6083,1384,0,53.3107858084913
"7478","weekly",6083,1385,0,52.8283598207126
"7479","weekly",6083,1386,0,52.439797932806
"7480","weekly",6083,1387,0,52.1722193860769
"7481","weekly",6083,1388,0,52.0636795972168
"7482","weekly",6083,1389,0,52.1600086117542
"7483","weekly",6083,1390,0,52.5114117401317
"7484","weekly",6083,1391,0,53.1691557491868
"7485","weekly",6083,1392,0,54.1824726952254
"7486","weekly",6083,1393,0,55.5956080747201
"7487","weekly",6083,1394,0,57.4447896675192
"7488","weekly",6083,1395,0,59.7548476101219
"7489","weekly",6083,1396,0,62.5352985110949
"7490","weekly",6083,1397,0,65.7759150238053
"7491","weekly",6083,1398,0,69.442108910036
"7492","weekly",6083,1399,0,73.470800690855
"7493","weekly",6083,1400,0,77.7677392442856
"7494","weekly",6083,1401,0,82.2073544313826
"7495","weekly",6083,1402,0,86.6360700240039
"7496","weekly",6083,1403,0,90.8795293855874
"7497","weekly",6083,1404,0,94.7534562302681
"7498","weekly",6083,1405,0,98.077066435173
"7499","weekly",6083,1406,0,100.687308582339
"7500","weekly",6083,1407,0,102.451953821444
"7501","weekly",6083,1408,0,103.279766087646
"7502","weekly",6083,1409,0,103.126580693825
"7503","weekly",6083,1410,0,101.996894529198
"7504","weekly",6083,1411,0,99.9412861831443
"7505","weekly",6083,1412,0,97.0504702278849
"7506","weekly",6083,1413,0,93.446998055726
"7507","weekly",6083,1414,0,89.275606689429
"7508","weekly",6083,1415,0,84.6930953753472
"7509","weekly",6083,1416,0,79.8584722617161
"7510","weekly",6083,1417,0,74.9240025460604
"7511","weekly",6083,1418,0,70.0276738315661
"7512","weekly",6083,1419,0,65.2875761285104
"7513","weekly",6083,1420,0,60.7983390271547
"7514","weekly",6083,1421,0,56.6296763856371
"7515","weekly",6083,1422,0,52.8268799741709
"7516","weekly",6083,1423,0,49.412835631214
"7517","weekly",6083,1424,0,46.3910527576736
"7518","weekly",6083,1425,0,43.7491977350001
"7519","weekly",6083,1426,0,41.4627078165213
"7520","weekly",6083,1427,0,39.498016274476
"7521","weekly",6083,1428,0,37.8160357758024
"7522","weekly",6083,1429,0,36.3748894538658
"7523","weekly",6083,1430,0,35.1320563284025
"7524","weekly",6083,1431,0,34.0469175239923
"7525","weekly",6083,1432,0,33.0829675030836
"7526","weekly",6083,1433,0,32.2098250632844
"7527","weekly",6083,1434,0,31.4048922627771
"7528","weekly",6083,1435,0,30.6544607197211
"7529","weekly",6083,1436,0,29.9540862954163
"7530","weekly",6083,1437,0,29.3081486113661
"7531","weekly",6083,1438,0,28.7286539176494
"7532","weekly",6083,1439,0,28.2334796458745
"7533","weekly",6083,1440,0,27.8443468535406
"7534","weekly",6083,1441,0,27.5848139404043
"7535","weekly",6083,1442,0,27.4785145655187
"7536","weekly",6083,1443,0,27.5477447193844
"7537","weekly",6083,1444,0,27.8123797597364
"7538","weekly",6083,1445,0,28.2890076979747
"7539","weekly",6083,1446,0,28.9901205534989
"7540","weekly",6083,1447,0,29.9232153014309
"7541","weekly",6083,1448,0,31.0897121920934
"7542","weekly",6083,1449,0,32.4836867836493
"7543","weekly",6083,1450,0,34.0905149373502
"7544","weekly",6083,1451,0,35.885626367337
"7545","weekly",6083,1452,0,37.8336293271786
"7546","weekly",6083,1453,0,39.888085712053
"7547","weekly",6083,1454,0,41.9921699054903
"7548","weekly",6083,1455,0,44.0803394210525
"7549","weekly",6083,1456,0,46.0810025617393
"7550","weekly",6083,1457,0,47.9200229496491
"7551","weekly",6083,1458,0,49.5247883039556
"7552","weekly",6083,1459,0,50.8285124045069
"7553","weekly",6083,1460,0,51.7744331108042
"7554","weekly",6083,1461,0,52.3195944495528
"7555","weekly",6083,1462,0,52.4379305892217
"7556","weekly",6083,1463,0,52.1223893883798
"7557","weekly",6083,1464,0,51.3858510383943
"7558","weekly",6083,1465,0,50.2606404726466
"7559","weekly",6083,1466,0,48.7965312031738
"7560","weekly",6083,1467,0,47.0573051369938
"7561","weekly",6083,1468,0,45.1161462819364
"7562","weekly",6083,1469,0,43.0503524843443
"7563","weekly",6083,1470,0,40.936698582751
"7564","weekly",6083,1471,0,38.8455647047231
"7565","weekly",6083,1472,0,36.8366050002369
"7566","weekly",6083,1473,0,34.9574783515272
"7567","weekly",6083,1474,0,33.243023261588
"7568","weekly",6083,1475,0,31.7152245904144
"7569","weekly",6083,1476,0,30.3841797841815
"7570","weekly",6083,1477,0,29.24963173797
"7571","weekly",6083,1478,0,28.3027421474908
"7572","weekly",6083,1479,0,27.5279009078004
"7573","weekly",6083,1480,0,26.9044870002981
"7574","weekly",6083,1481,0,26.4085891387876
"7575","weekly",6083,1482,0,26.0147407415498
"7576","weekly",6083,1483,0,25.6977156447902
"7577","weekly",6083,1484,0,25.4343747439852
"7578","weekly",6083,1485,0,25.2054706544222
"7579","weekly",6083,1486,0,24.997240107994
"7580","weekly",6083,1487,0,24.8025768412917
"7581","weekly",6083,1488,0,24.6216044297616
"7582","weekly",6083,1489,0,24.4615587722001
"7583","weekly",6083,1490,0,24.3360174021655
"7584","weekly",6083,1491,0,24.2636347302978
"7585","weekly",6083,1492,0,24.266617886773
"7586","weekly",6083,1493,0,24.3691854259087
"7587","weekly",6083,1494,0,24.5961953794176
"7588","weekly",6083,1495,0,24.9720351783762
"7589","weekly",6083,1496,0,25.5197662633946
"7590","weekly",6083,1497,0,26.2604376524541
"7591","weekly",6083,1498,0,27.2124398952728
"7592","weekly",6083,1499,0,28.3907660943805
"7593","weekly",6083,1500,0,29.8060744319519
"7594","weekly",6083,1501,0,31.4634980308911
"7595","weekly",6083,1502,0,33.3612137754171
"7596","weekly",6083,1503,0,35.4888533005505
"7597","weekly",6083,1504,0,37.825908594823
"7598","weekly",6083,1505,0,40.3403437506786
"7599","weekly",6083,1506,0,42.9876661385497
"7600","weekly",6083,1507,0,45.7107283384466
"7601","weekly",6083,1508,0,48.440520732911
"7602","weekly",6083,1509,0,51.0981674496434
"7603","weekly",6083,1510,0,53.5982479182712
"7604","weekly",6083,1511,0,55.8534258757063
"7605","weekly",6083,1512,0,57.7801767072233
"7606","weekly",6083,1513,0,59.305177088645
"7607","weekly",6083,1514,0,60.3716952239847
"7608","weekly",6083,1515,0,60.9451552774553
"7609","weekly",6083,1516,0,61.0170146704986
"7610","weekly",6083,1517,0,60.6062395171903
"7611","weekly",6083,1518,0,59.7579969879589
"7612","weekly",6083,1519,0,58.5396458526011
"7613","weekly",6083,1520,0,57.0345854014304
"7614","weekly",6083,1521,0,55.3348876666714
"7615","weekly",6083,1522,0,53.5337886432317
"7616","weekly",6083,1523,0,51.7189476801723
"7617","weekly",6083,1524,0,49.9674647987558
"7618","weekly",6083,1525,0,48.3425837216128
"7619","weekly",6083,1526,0,46.8920455409534
"7620","weekly",6083,1527,0,45.6481305083653
"7621","weekly",6083,1528,0,44.6286612899421
"7622","weekly",6083,1529,0,43.8386131779771
"7623","weekly",6083,1530,0,43.2720031076315
"7624","weekly",6083,1531,0,42.9138673706402
"7625","weekly",6083,1532,0,42.7422686288264
"7626","weekly",6083,1533,0,42.7303625622371
"7627","weekly",6083,1534,0,42.8485850991783
"7628","weekly",6083,1535,0,43.0669909009594
"7629","weekly",6083,1536,0,43.3576971200455
"7630","weekly",6083,1537,0,43.697291908451
"7631","weekly",6083,1538,0,44.0689906868574
"7632","weekly",6083,1539,0,44.4642972246729
"7633","weekly",6083,1540,0,44.8839677297437
"7634","weekly",6083,1541,0,45.3381773356305
"7635","weekly",6083,1542,0,45.8459203610546
"7636","weekly",6083,1543,0,46.4337982423167
"7637","weekly",6083,1544,0,47.1344265485895
"7638","weekly",6083,1545,0,47.9847067322771
"7639","weekly",6083,1546,0,49.0241622772373
"7640","weekly",6083,1547,0,50.2934519510236
"7641","weekly",6083,1548,0,51.8330705224871
"7642","weekly",6083,1549,0,53.6821521994643
"7643","weekly",6083,1550,0,55.8772189982265
"7644","weekly",6083,1551,0,58.4506725282117
"7645","weekly",6083,1552,0,61.4288166024489
"7646","weekly",6083,1553,0,64.8292236189736
"7647","weekly",6083,1554,0,68.6573274712136
"7648","weekly",6083,1555,0,72.9022512036026
"7649","weekly",6083,1556,0,77.5320694945549
"7650","weekly",6083,1557,0,82.4889653736464
"7651","weekly",6083,1558,0,87.6850457073597
"7652","weekly",6083,1559,0,92.9998733438551
"7653","weekly",6083,1560,0,98.2809561575559
"7654","weekly",6083,1561,0,103.348376037015
"7655","weekly",6083,1562,0,108.004325453352
"7656","weekly",6083,1563,0,112.047500620669
"7657","weekly",6083,1564,0,115.291173526581
"7658","weekly",6083,1565,0,117.582594309089
"7659","weekly",6083,1566,0,118.820544326125
"7660","weekly",6083,1567,0,118.967416472151
"7661","weekly",6083,1568,0,118.054610270498
"7662","weekly",6083,1569,0,116.178469561972
"7663","weekly",6083,1570,0,113.48766756292
"7664","weekly",6083,1571,0,110.166133298742
"7665","weekly",6083,1572,0,106.41338596266
"7666","weekly",6083,1573,0,102.425914689957
"7667","weekly",6083,1574,0,98.3821124396636
"7668","weekly",6083,1575,0,94.4321073055326
"7669","weekly",6083,1576,0,90.6926679361059
"7670","weekly",6083,1577,0,87.2464852514677
"7671","weekly",6083,1578,0,84.1446712972829
"7672","weekly",6083,1579,0,81.4112341301079
"7673","weekly",6083,1580,0,79.0484621590876
"7674","weekly",6083,1581,0,77.0424405393132
"7675","weekly",6083,1582,0,75.3682131175592
"7676","weekly",6083,1583,0,73.9943312011455
"7677","weekly",6083,1584,0,72.8866755834897
"7678","weekly",6083,1585,0,72.0115131084895
"7679","weekly",6083,1586,0,71.3377813765401
"7680","weekly",6083,1587,0,70.8386141136143
"7681","weekly",6083,1588,0,70.492145844968
"7682","weekly",6083,1589,0,70.2816752906656
"7683","weekly",6083,1590,0,70.1953172080975
"7684","weekly",6083,1591,0,70.2253191792115
"7685","weekly",6083,1592,0,70.3672484261042
"7686","weekly",6083,1593,0,70.6192534512811
"7687","weekly",6083,1594,0,70.9815723540669
"7688","weekly",6083,1595,0,71.4563973619224
"7689","weekly",6083,1596,0,72.0481221935624
"7690","weekly",6083,1597,0,72.7639075214393
"7691","weekly",6083,1598,0,73.614413746458
"7692","weekly",6083,1599,0,74.614482873003
"7693","weekly",6083,1600,0,75.7835130072635
"7694","weekly",6083,1601,0,77.1452649421408
"7695","weekly",6083,1602,0,78.7268683470611
"7696","weekly",6083,1603,0,80.5568471689767
"7697","weekly",6083,1604,0,82.6620507404878
"7698","weekly",6083,1605,0,85.063455842741
"7699","weekly",6083,1606,0,87.7709056027816
"7700","weekly",6083,1607,0,90.7769978977449
"7701","weekly",6083,1608,0,94.0505591452384
"7702","weekly",6083,1609,0,97.5304553745809
"7703","weekly",6083,1610,0,101.120874905508
"7704","weekly",6083,1611,0,104.689568324888
"7705","weekly",6083,1612,0,108.070674404764
"7706","weekly",6083,1613,0,111.073473346842
"7707","weekly",6083,1614,0,113.497520155302
"7708","weekly",6083,1615,0,115.153137419606
"7709","weekly",6083,1616,0,115.884501953798
"7710","weekly",6083,1617,0,115.591137173556
"7711","weekly",6083,1618,0,114.243190282286
"7712","weekly",6083,1619,0,111.886833970464
"7713","weekly",6083,1620,0,108.63819538911
"7714","weekly",6083,1621,0,104.667705173502
"7715","weekly",6083,1622,0,100.177761278115
"7716","weekly",6083,1623,0,95.3784461566393
"7717","weekly",6083,1624,0,90.4664057758055
"7718","weekly",6083,1625,0,85.6093423511193
"7719","weekly",6083,1626,0,80.9374069309706
"7720","weekly",6083,1627,0,76.5410329681035
"7721","weekly",6083,1628,0,72.473825381443
"7722","weekly",6083,1629,0,68.7585572460521
"7723","weekly",6083,1630,0,65.3946526355576
"7724","weekly",6083,1631,0,62.3659040866478
"7725","weekly",6083,1632,0,59.6475169481564
"7726","weekly",6083,1633,0,57.2119724031072
"7727","weekly",6083,1634,0,55.0334524200589
"7728","weekly",6083,1635,0,53.0907423703611
"7729","weekly",6083,1636,0,51.3686566024553
"7730","weekly",6083,1637,0,49.8581437575194
"7731","weekly",6083,1638,0,48.5553251636447
"7732","weekly",6083,1639,0,47.4597881887894
"7733","weekly",6083,1640,0,46.5724821377225
"7734","weekly",6083,1641,0,45.8935439633206
"7735","weekly",6083,1642,0,45.420327823289
"7736","weekly",6083,1643,0,45.1458497389831
"7737","weekly",6083,1644,0,45.0578076152306
"7738","weekly",6083,1645,0,45.1383052351594
"7739","weekly",6083,1646,0,45.3643853820977
"7740","weekly",6083,1647,0,45.7094364633958
"7741","weekly",6083,1648,0,46.1454520662228
"7742","weekly",6083,1649,0,46.645982880611
"7743","weekly",6083,1650,0,47.1894445799262
"7744","weekly",6083,1651,0,47.7622845247679
"7745","weekly",6083,1652,0,48.3614305686933
"7746","weekly",6083,1653,0,48.9954963732453
"7747","weekly",6083,1654,0,49.6844020277349
"7748","weekly",6083,1655,0,50.4573323929653
"7749","weekly",6083,1656,0,51.3492098397837
"7750","weekly",6083,1657,0,52.3960237959254
"7751","weekly",6083,1658,0,53.6294084036927
"7752","weekly",6083,1659,0,55.0708291571354
"7753","weekly",6083,1660,0,56.7257145144831
"7754","weekly",6083,1661,0,58.5779391696851
"7755","weekly",6083,1662,0,60.5852779130946
"7756","weekly",6083,1663,0,62.6768485498469
"7757","weekly",6083,1664,0,64.753417005486
"7758","weekly",6083,1665,0,66.6921761344129
"7759","weekly",6083,1666,0,68.3567366583884
"7760","weekly",6083,1667,0,69.6115255038458
"7761","weekly",6083,1668,0,70.3390747753729
"7762","weekly",6083,1669,0,70.45689301932
"7763","weekly",6083,1670,0,69.9300971804623
"7764","weekly",6083,1671,0,68.7766222232312
"7765","weekly",6083,1672,0,67.0636402052041
"7766","weekly",6083,1673,0,64.8961713492608
"7767","weekly",6083,1674,0,62.4008376589627
"7768","weekly",6083,1675,0,59.7085819157801
"7769","weekly",6083,1676,0,56.9397876062867
"7770","weekly",6083,1677,0,54.1939700445364
"7771","weekly",6083,1678,0,51.5447000323038
"7772","weekly",6083,1679,0,49.0392239344073
"7773","weekly",6083,1680,0,46.7014990356256
"7774","weekly",6083,1681,0,44.5373427267768
"7775","weekly",6083,1682,0,42.5404614828003
"7776","weekly",6083,1683,0,40.6983835889114
"7777","weekly",6083,1684,0,38.997645832118
"7778","weekly",6083,1685,0,37.4277859296417
"7779","weekly",6083,1686,0,35.9838794178795
"7780","weekly",6083,1687,0,34.6675519138953
"7781","weekly",6083,1688,0,33.4865973105771
"7782","weekly",6083,1689,0,32.4535110351862
"7783","weekly",6083,1690,0,31.5833585788932
"7784","weekly",6083,1691,0,30.8914099752001
"7785","weekly",6083,1692,0,30.3908844985272
"7786","weekly",6083,1693,0,30.0910087003867
"7787","weekly",6083,1694,0,29.9954562021885
"7788","weekly",6083,1695,0,30.1011627195694
"7789","weekly",6083,1696,0,30.397519399834
"7790","weekly",6083,1697,0,30.8660299051262
"7791","weekly",6083,1698,0,31.4806262585043
"7792","weekly",6083,1699,0,32.2089074291289
"7793","weekly",6083,1700,0,33.0145231877977
"7794","weekly",6083,1701,0,33.8607326677011
"7795","weekly",6083,1702,0,34.7148426355416
"7796","weekly",6083,1703,0,35.5528721204319
"7797","weekly",6083,1704,0,36.3635471435409
"7798","weekly",6083,1705,0,37.1507341038377
"7799","weekly",6083,1706,0,37.9337078572571
"7800","weekly",6083,1707,0,38.745122300199
"7801","weekly",6083,1708,0,39.6270185528847
"7802","weekly",6083,1709,0,40.6254907256516
"7803","weekly",6083,1710,0,41.7846594070434
"7804","weekly",6083,1711,0,43.14044171758
"7805","weekly",6083,1712,0,44.7144092196249
"7806","weekly",6083,1713,0,46.5079566684872
"7807","weekly",6083,1714,0,48.4971649025538
"7808","weekly",6083,1715,0,50.6291131096077
"7809","weekly",6083,1716,0,52.8206785304792
"7810","weekly",6083,1717,0,54.9617846395413
"7811","weekly",6083,1718,0,56.9235363243642
"7812","weekly",6083,1719,0,58.5712397566385
"7813","weekly",6083,1720,0,59.7815231327986
"7814","weekly",6083,1721,0,60.4598717734189
"7815","weekly",6083,1722,0,60.5546770009241
"7816","weekly",6083,1723,0,60.0642153856897
"7817","weekly",6083,1724,0,59.0347862349299
"7818","weekly",6083,1725,0,57.550734526114
"7819","weekly",6083,1726,0,55.7192428516137
"7820","weekly",6083,1727,0,53.6537747381517
"7821","weekly",6083,1728,0,51.4597001287329
"7822","weekly",6083,1729,0,49.2243492225389
"7823","weekly",6083,1730,0,47.0122059380228
"7824","weekly",6083,1731,0,44.8647261008591
"7825","weekly",6083,1732,0,42.8035848516738
"7826","weekly",6083,1733,0,40.8359681754519
"7827","weekly",6083,1734,0,38.9606331994291
"7828","weekly",6083,1735,0,37.1736913396453
"7829","weekly",6083,1736,0,35.4733239691268
"7830","weekly",6083,1737,0,33.8629092437041
"7831","weekly",6083,1738,0,32.3523376671656
"7832","weekly",6083,1739,0,30.9576153700327
"7833","weekly",6083,1740,0,29.6991448612534
"7834","weekly",6083,1741,0,28.5992561059684
"7835","weekly",6083,1742,0,27.6795813715144
"7836","weekly",6083,1743,0,26.9587296951358
"7837","weekly",6083,1744,0,26.4504865093331
"7838","weekly",6083,1745,0,26.162535818381
"7839","weekly",6083,1746,0,26.0955587555509
"7840","weekly",6083,1747,0,26.2425452498137
"7841","weekly",6083,1748,0,26.588260145043
"7842","weekly",6083,1749,0,27.1089876603946
"7843","weekly",6083,1750,0,27.7728660127759
"7844","weekly",6083,1751,0,28.5412273790425
"7845","weekly",6083,1752,0,29.3712910541217
"7846","weekly",6083,1753,0,30.2202759956417
"7847","weekly",6083,1754,0,31.0505470484786
"7848","weekly",6083,1755,0,31.8349374033569
"7849","weekly",6083,1756,0,32.5611103584233
"7850","weekly",6083,1757,0,33.2339030297881
"7851","weekly",6083,1758,0,33.8750442759774
"7852","weekly",6083,1759,0,34.5202841416613
"7853","weekly",6083,1760,0,35.2144574188569
"7854","weekly",6083,1761,0,36.0056877169991
"7855","weekly",6083,1762,0,36.939140817849
"7856","weekly",6083,1763,0,38.050829367945
"7857","weekly",6083,1764,0,39.3621082372119
"7858","weekly",6083,1765,0,40.8746344300162
"7859","weekly",6083,1766,0,42.5661223780189
"7860","weekly",6083,1767,0,44.3875145713682
"7861","weekly",6083,1768,0,46.2626013534755
"7862","weekly",6083,1769,0,48.0913073779957
"7863","weekly",6083,1770,0,49.7575340190961
"7864","weekly",6083,1771,0,51.141471335417
"7865","weekly",6083,1772,0,52.1348440506845
"7866","weekly",6083,1773,0,52.6561630474607
"7867","weekly",6083,1774,0,52.6624146799877
"7868","weekly",6083,1775,0,52.1542146267311
"7869","weekly",6083,1776,0,51.1731950982794
"7870","weekly",6083,1777,0,49.7926038960723
"7871","weekly",6083,1778,0,48.1038570018427
"7872","weekly",6083,1779,0,46.2024627344363
"7873","weekly",6083,1780,0,44.1762581177027
"7874","weekly",6083,1781,0,42.0976959892723
"7875","weekly",6083,1782,0,40.0205901617883
"7876","weekly",6083,1783,0,37.9807095128635
"7877","weekly",6083,1784,0,35.999071028622
"7878","weekly",6083,1785,0,34.0866507226601
"7879","weekly",6083,1786,0,32.2493547589402
"7880","weekly",6083,1787,0,30.4923386226146
"7881","weekly",6083,1788,0,28.8230610273749
"7882","weekly",6083,1789,0,27.2527861630224
"7883","weekly",6083,1790,0,25.7965789627488
"7884","weekly",6083,1791,0,24.4721250791481
"7885","weekly",6083,1792,0,23.2978866474732
"7886","weekly",6083,1793,0,22.2911317995895
"7887","weekly",6083,1794,0,21.4662548862398
"7888","weekly",6083,1795,0,20.8335929705499
"7889","weekly",6083,1796,0,20.3987265337782
"7890","weekly",6083,1797,0,20.1621025702043
"7891","weekly",6083,1798,0,20.1187756171421
"7892","weekly",6083,1799,0,20.258127337409
"7893","weekly",6083,1800,0,20.5635694850935
"7894","weekly",6083,1801,0,21.0124110024044
"7895","weekly",6083,1802,0,21.5762164471817
"7896","weekly",6083,1803,0,22.2220308044925
"7897","weekly",6083,1804,0,22.9147357394249
"7898","weekly",6083,1805,0,23.6205189940083
"7899","weekly",6083,1806,0,24.3110447248764
"7900","weekly",6083,1807,0,24.9675522280013
"7901","weekly",6083,1808,0,25.5839556302963
"7902","weekly",6083,1809,0,26.1681723941438
"7903","weekly",6083,1810,0,26.7413347279944
"7904","weekly",6083,1811,0,27.3350579251564
"7905","weekly",6083,1812,0,27.9873334761796
"7906","weekly",6083,1813,0,28.7377574938146
"7907","weekly",6083,1814,0,29.6226017579174
"7908","weekly",6083,1815,0,30.6701029580436
"7909","weekly",6083,1816,0,31.8960650950467
"7910","weekly",6083,1817,0,33.2997550627333
"7911","weekly",6083,1818,0,34.8603877126152
"7912","weekly",6083,1819,0,36.5347689834161
"7913","weekly",6083,1820,0,38.2570248027623
"7914","weekly",6083,1821,0,39.9414584343613
"7915","weekly",6083,1822,0,41.4892440593831
"7916","weekly",6083,1823,0,42.7987981342158
"7917","weekly",6083,1824,0,43.778454910178
"7918","weekly",6083,1825,0,44.3589687679923
"7919","weekly",6083,1826,0,44.5029334632854
"7920","weekly",6083,1827,0,44.2087887946836
"7921","weekly",6083,1828,0,43.5085493601509
"7922","weekly",6083,1829,0,42.4601577559952
"7923","weekly",6083,1830,0,41.1367166364507
"7924","weekly",6083,1831,0,39.6153235030797
"7925","weekly",6083,1832,0,37.9678063539614
"7926","weekly",6083,1833,0,36.2546912848047
"7927","weekly",6083,1834,0,34.5226846078585
"7928","weekly",6083,1835,0,32.8051497350389
"7929","weekly",6083,1836,0,31.124650679456
"7930","weekly",6083,1837,0,29.4965147970215
"7931","weekly",6083,1838,0,27.9324550925958
"7932","weekly",6083,1839,0,26.4435678847367
"7933","weekly",6083,1840,0,25.0422855485522
"7934","weekly",6083,1841,0,23.7431448924908
"7935","weekly",6083,1842,0,22.5625108412205
"7936","weekly",6083,1843,0,21.5175882882177
"7937","weekly",6083,1844,0,20.6251339341543
"7938","weekly",6083,1845,0,19.9002344787295
"7939","weekly",6083,1846,0,19.3553777625639
"7940","weekly",6083,1847,0,18.9998682631704
"7941","weekly",6083,1848,0,18.8394904294546
"7942","weekly",6083,1849,0,18.8762467155757
"7943","weekly",6083,1850,0,19.1080083376437
"7944","weekly",6083,1851,0,19.5280083967227
"7945","weekly",6083,1852,0,20.1242550788156
"7946","weekly",6083,1853,0,20.8791090852028
"7947","weekly",6083,1854,0,21.7694007292303
"7948","weekly",6083,1855,0,22.7674930599605
"7949","weekly",6083,1856,0,23.8435906421073
"7950","weekly",6083,1857,0,24.9691991084837
"7951","weekly",6083,1858,0,26.121419576215
"7952","weekly",6083,1859,0,27.287312917877
"7953","weekly",6083,1860,0,28.4673048767727
"7954","weekly",6083,1861,0,29.6769383499195
"7955","weekly",6083,1862,0,30.9465658927802
"7956","weekly",6083,1863,0,32.3190604598058
"7957","weekly",6083,1864,0,33.8459562259668
"7958","weekly",6083,1865,0,35.5825148648728
"7959","weekly",6083,1866,0,37.5820663908526
"7960","weekly",6083,1867,0,39.8897360278061
"7961","weekly",6083,1868,0,42.535524211693
"7962","weekly",6083,1869,0,45.5268113544444
"7963","weekly",6083,1870,0,48.8407810653298
"7964","weekly",6083,1871,0,52.4179316681693
"7965","weekly",6083,1872,0,56.1585475744068
"7966","weekly",6083,1873,0,59.9243481842714
"7967","weekly",6083,1874,0,63.5471024113067
"7968","weekly",6083,1875,0,66.8445668460772
"7969","weekly",6083,1876,0,69.6419063355279
"7970","weekly",6083,1877,0,71.7945563825779
"7971","weekly",6083,1878,0,73.2073203976033
"7972","weekly",6083,1879,0,73.8450935152068
"7973","weekly",6083,1880,0,73.7328969877708
"7974","weekly",6083,1881,0,72.9459767612134
"7975","weekly",6083,1882,0,71.5933036617207
"7976","weekly",6083,1883,0,69.7989930491021
"7977","weekly",6083,1884,0,67.6857758574188
"7978","weekly",6083,1885,0,65.3632059250667
"7979","weekly",6083,1886,0,62.92154015915
"7980","weekly",6083,1887,0,60.4307879800035
"7981","weekly",6083,1888,0,57.9435621361336
"7982","weekly",6083,1889,0,55.4999987412739
"7983","weekly",6083,1890,0,53.1332569927181
"7984","weekly",6083,1891,0,50.8743224326463
"7985","weekly",6083,1892,0,48.7553039251943
"7986","weekly",6083,1893,0,46.8109642123018
"7987","weekly",6083,1894,0,45.0786362500367
"7988","weekly",6083,1895,0,43.596992461491
"7989","weekly",6083,1896,0,42.4042624436988
"7990","weekly",6083,1897,0,41.5364287289849
"7991","weekly",6083,1898,0,41.0257204820373
"7992","weekly",6083,1899,0,40.8994624565094
"7993","weekly",6083,1900,0,41.1791177362902
"7994","weekly",6083,1901,0,41.8792595362174
"7995","weekly",6083,1902,0,43.0062534076278
"7996","weekly",6083,1903,0,44.5566233639693
"7997","weekly",6083,1904,0,46.5153763085254
"7998","weekly",6083,1905,0,48.8548934651044
"7999","weekly",6083,1906,0,51.535248195607
"8000","weekly",6083,1907,0,54.5068329644419
"8001","weekly",6083,1908,0,57.7158565600112
"8002","weekly",6083,1909,0,61.1121062517341
"8003","weekly",6083,1910,0,64.6598606805346
"8004","weekly",6083,1911,0,68.3480792572809
"8005","weekly",6083,1912,0,72.1975329865527
"8006","weekly",6083,1913,0,76.2656452706869
"8007","weekly",6083,1914,0,80.6462810054363
"8008","weekly",6083,1915,0,85.4648705736327
"8009","weekly",6083,1916,0,90.8693799972389
"8010","weekly",6083,1917,0,97.0176826262177
"8011","weekly",6083,1918,0,104.061508896586
"8012","weekly",6083,1919,0,112.126707256131
"8013","weekly",6083,1920,0,121.28952280806
"8014","weekly",6083,1921,0,131.549425456556
"8015","weekly",6083,1922,0,142.800897592577
"8016","weekly",6083,1923,0,154.809272814411
"8017","weekly",6083,1924,0,167.198309272411
"8018","weekly",6083,1925,0,179.458177856373
"8019","weekly",6083,1926,0,190.980332707375
"8020","weekly",6083,1927,0,201.119606039851
"8021","weekly",6083,1928,0,209.275081338346
"8022","weekly",6083,1929,0,214.973196942592
"8023","weekly",6083,1930,0,217.933172350546
"8024","weekly",6083,1931,0,218.098599156903
"8025","weekly",6083,1932,0,215.628824527274
"8026","weekly",6083,1933,0,210.855439387495
"8027","weekly",6083,1934,0,204.217928453247
"8028","weekly",6083,1935,0,196.195442723983
"8029","weekly",6083,1936,0,187.248872667929
"8030","weekly",6083,1937,0,177.781344606439
"8031","weekly",6083,1938,0,168.118858282251
"8032","weekly",6083,1939,0,158.508057189378
"8033","weekly",6083,1940,0,149.125752082502
"8034","weekly",6083,1941,0,140.0944629882
"8035","weekly",6083,1942,0,131.499151624506
"8036","weekly",6083,1943,0,123.401774897298
"8037","weekly",6083,1944,0,115.8518227038
"8038","weekly",6083,1945,0,108.892345420812
"8039","weekly",6083,1946,0,102.561990997478
"8040","weekly",6083,1947,0,96.8941869517585
"8041","weekly",6083,1948,0,91.9148032943194
"8042","weekly",6083,1949,0,87.6394745871803
"8043","weekly",6083,1950,0,84.0713714867161
"8044","weekly",6083,1951,0,81.1997626546363
"8045","weekly",6083,1952,0,78.9993520857824
"8046","weekly",6083,1953,0,77.430244491843
"8047","weekly",6083,1954,0,76.4382666054298
"8048","weekly",6083,1955,0,75.955859366426
"8049","weekly",6083,1956,0,75.9038385072927
"8050","weekly",6083,1957,0,76.1943315491953
"8051","weekly",6083,1958,0,76.7354517464701
"8052","weekly",6083,1959,0,77.4378210099967
"8053","weekly",6083,1960,0,78.2225547594135
"8054","weekly",6083,1961,0,79.029701245061
"8055","weekly",6083,1962,0,79.8256582363683
"8056","weekly",6083,1963,0,80.6080069011805
"8057","weekly",6083,1964,0,81.4066072982969
"8058","weekly",6083,1965,0,82.2805767711252
"8059","weekly",6083,1966,0,83.3116244428529
"8060","weekly",6083,1967,0,84.5948086587305
"8061","weekly",6083,1968,0,86.227920726611
"8062","weekly",6083,1969,0,88.3004051672178
"8063","weekly",6083,1970,0,90.8822280762543
"8064","weekly",6083,1971,0,94.0127089273446
"8065","weekly",6083,1972,0,97.6893045175675
"8066","weekly",6083,1973,0,101.856813386577
"8067","weekly",6083,1974,0,106.3984031609
"8068","weekly",6083,1975,0,111.130971250925
"8069","weekly",6083,1976,0,115.80811751193
"8070","weekly",6083,1977,0,120.133789871368
"8071","weekly",6083,1978,0,123.78795297521
"8072","weekly",6083,1979,0,126.462452674925
"8073","weekly",6083,1980,0,127.901460778798
"8074","weekly",6083,1981,0,127.938037708256
"8075","weekly",6083,1982,0,126.518006738945
"8076","weekly",6083,1983,0,123.70511968933
"8077","weekly",6083,1984,0,119.666555729622
"8078","weekly",6083,1985,0,114.643129406788
"8079","weekly",6083,1986,0,108.912105356561
"8080","weekly",6083,1987,0,102.751136912033
"8081","weekly",6083,1988,0,96.4098675404384
"8082","weekly",6083,1989,0,90.0924276371516
"8083","weekly",6083,1990,0,83.9508451122092
"8084","weekly",6083,1991,0,78.0871935981268
"8085","weekly",6083,1992,0,72.5639188486821
"8086","weekly",6083,1993,0,67.4090907287609
"8087","weekly",6083,1994,0,62.6275475318544
"8088","weekly",6083,1995,0,58.2131506451842
"8089","weekly",6083,1996,0,54.1552875544003
"8090","weekly",6083,1997,0,50.4428899978084
"8091","weekly",6083,1998,0,47.0664593675465
"8092","weekly",6083,1999,0,44.0183863133861
"8093","weekly",6083,2000,0,41.292107411442
"8094","weekly",6083,2001,0,38.8806869554537
"8095","weekly",6083,2002,0,36.7753232457908
"8096","weekly",6083,2003,0,34.9641180581239
"8097","weekly",6083,2004,0,33.4312754804851
"8098","weekly",6083,2005,0,32.1567615960957
"8099","weekly",6083,2006,0,31.1163936430676
"8100","weekly",6083,2007,0,30.2822836814885
"8101","weekly",6083,2008,0,29.6236641904397
"8102","weekly",6083,2009,0,29.1081141185859
"8103","weekly",6083,2010,0,28.7031744368869
"8104","weekly",6083,2011,0,28.3783555487316
"8105","weekly",6083,2012,0,28.1073910071718
"8106","weekly",6083,2013,0,27.8704717779183
"8107","weekly",6083,2014,0,27.6560997441848
"8108","weekly",6083,2015,0,27.4621910851129
"8109","weekly",6083,2016,0,27.2961648602795
"8110","weekly",6083,2017,0,27.1739459273958
"8111","weekly",6083,2018,0,27.1180262256821
"8112","weekly",6083,2019,0,27.1548829652602
"8113","weekly",6083,2020,0,27.312091690299
"8114","weekly",6083,2021,0,27.6153947738057
"8115","weekly",6083,2022,0,28.0858411208465
"8116","weekly",6083,2023,0,28.7369771192025
"8117","weekly",6083,2024,0,29.5720152892172
"8118","weekly",6083,2025,0,30.58098252544
"8119","weekly",6083,2026,0,31.7380610751425
"8120","weekly",6083,2027,0,32.9996386344865
"8121","weekly",6083,2028,0,34.3038762428478
"8122","weekly",6083,2029,0,35.5727275372337
"8123","weekly",6083,2030,0,36.7171315000742
"8124","weekly",6083,2031,0,37.6454591911461
"8125","weekly",6083,2032,0,38.2743095413898
"8126","weekly",6083,2033,0,38.5397354813467
"8127","weekly",6083,2034,0,38.4063964153029
"8128","weekly",6083,2035,0,37.8723484322982
"8129","weekly",6083,2036,0,36.9682419023011
"8130","weekly",6083,2037,0,35.7512270346197
"8131","weekly",6083,2038,0,34.2952601853031
"8132","weekly",6083,2039,0,32.6802316766407
"8133","weekly",6083,2040,0,30.9822218999907
"8134","weekly",6083,2041,0,29.2664405695832
"8135","weekly",6083,2042,0,27.5834225448198
"8136","weekly",6083,2043,0,25.9682185886923
"8137","weekly",6083,2044,0,24.4418191430159
"8138","weekly",6083,2045,0,23.0139393022837
"8139","weekly",6083,2046,0,21.68632476333
"8140","weekly",6083,2047,0,20.4559679715894
"8141","weekly",6083,2048,0,19.3178569653246
"8142","weekly",6083,2049,0,18.2670481129608
"8143","weekly",6083,2050,0,17.2999078493303
"8144","weekly",6083,2051,0,16.414660461538
"8145","weekly",6083,2052,0,15.6113458804466
"8146","weekly",6083,2053,0,14.8912795869255
"8147","weekly",6083,2054,0,14.2562950660213
"8148","weekly",6083,2055,0,13.7079331054993
"8149","weekly",6083,2056,0,13.2467182021646
"8150","weekly",6083,2057,0,12.8716039365536
"8151","weekly",6083,2058,0,12.5796174551506
"8152","weekly",6083,2059,0,12.3657022627594
"8153","weekly",6083,2060,0,12.2227521370369
"8154","weekly",6083,2061,0,12.141840136057
"8155","weekly",6083,2062,0,12.1126609165512
"8156","weekly",6083,2063,0,12.1242054913309
"8157","weekly",6083,2064,0,12.1656632416561
"8158","weekly",6083,2065,0,12.2274953145534
"8159","weekly",6083,2066,0,12.3025595606305
"8160","weekly",6083,2067,0,12.3871148220205
"8161","weekly",6083,2068,0,12.4815185461921
"8162","weekly",6083,2069,0,12.5904709928582
"8163","weekly",6083,2070,0,12.7227433398948
"8164","weekly",6083,2071,0,12.8904252915236
"8165","weekly",6083,2072,0,13.1078017165564
"8166","weekly",6083,2073,0,13.3899901634577
"8167","weekly",6083,2074,0,13.7514395725448
"8168","weekly",6083,2075,0,14.2043285462278
"8169","weekly",6083,2076,0,14.7568477451277
"8170","weekly",6083,2077,0,15.411344719847
"8171","weekly",6083,2078,0,16.1623780823138
"8172","weekly",6083,2079,0,16.9948757972015
"8173","weekly",6083,2080,0,17.8827902500925
"8174","weekly",6083,2081,0,18.7888192909741
"8175","weekly",6083,2082,0,19.6658096685424
"8176","weekly",6083,2083,0,20.4602669788146
"8177","weekly",6083,2084,0,21.1179186764493
"8178","weekly",6083,2085,0,21.5906032252242
"8179","weekly",6083,2086,0,21.8431306516577
"8180","weekly",6083,2087,0,21.8584858413233
"8181","weekly",6083,2088,0,21.6400314052153
"8182","weekly",6083,2089,0,21.2101649140241
"8183","weekly",6083,2090,0,20.6058870149864
"8184","weekly",6083,2091,0,19.8725317782228
"8185","weekly",6083,2092,0,19.0572109142813
"8186","weekly",6083,2093,0,18.2032993368339
"8187","weekly",6083,2094,0,17.3467368169222
"8188","weekly",6083,2095,0,16.5143141223816
"8189","weekly",6083,2096,0,15.723662780103
"8190","weekly",6083,2097,0,14.9844349991326
"8191","weekly",6083,2098,0,14.3001441783126
"8192","weekly",6083,2099,0,13.6702373592707
"8193","weekly",6083,2100,0,13.092065156452
"8194","weekly",6083,2101,0,12.5625361258135
"8195","weekly",6083,2102,0,12.0792234512628
"8196","weekly",6083,2103,0,11.6413426825457
"8197","weekly",6083,2104,0,11.2500040371524
"8198","weekly",6083,2105,0,10.9078473809786
"8199","weekly",6083,2106,0,10.6187265857297
"8200","weekly",6083,2107,0,10.3871079858945
"8201","weekly",6083,2108,0,10.217419386885
"8202","weekly",6083,2109,0,10.1134367642371
"8203","weekly",6083,2110,0,10.077756114566
"8204","weekly",6083,2111,0,10.1113659552357
"8205","weekly",6083,2112,0,10.2133235273795
"8206","weekly",6083,2113,0,10.3805480589363
"8207","weekly",6083,2114,0,10.6077709550009
"8208","weekly",6083,2115,0,10.8877106945147
"8209","weekly",6083,2116,0,11.2115502652887
"8210","weekly",6083,2117,0,11.5697699105367
"8211","weekly",6083,2118,0,11.9533212087263
"8212","weekly",6083,2119,0,12.3550318798079
"8213","weekly",6083,2120,0,12.7710353803268
"8214","weekly",6083,2121,0,13.2019653597963
"8215","weekly",6083,2122,0,13.6536713505338
"8216","weekly",6083,2123,0,14.1372978791333
"8217","weekly",6083,2124,0,14.6686901346111
"8218","weekly",6083,2125,0,15.2671935362741
"8219","weekly",6083,2126,0,15.9539601989818
"8220","weekly",6083,2127,0,16.7498529929871
"8221","weekly",6083,2128,0,17.6729760075832
"8222","weekly",6083,2129,0,18.7358133987582
"8223","weekly",6083,2130,0,19.9419876187603
"8224","weekly",6083,2131,0,21.2827976579574
"8225","weekly",6083,2132,0,22.7339732948167
"8226","weekly",6083,2133,0,24.2534228510631
"8227","weekly",6083,2134,0,25.7810193924379
"8228","weekly",6083,2135,0,27.2414622233628
"8229","weekly",6083,2136,0,28.5507852072769
"8230","weekly",6083,2137,0,29.6261335789313
"8231","weekly",6083,2138,0,30.3972381500353
"8232","weekly",6083,2139,0,30.8170699946204
"8233","weekly",6083,2140,0,30.8689802471927
"8234","weekly",6083,2141,0,30.5684476991155
"8235","weekly",6083,2142,0,29.9591093615163
"8236","weekly",6083,2143,0,29.1043868225388
"8237","weekly",6083,2144,0,28.0770710441866
"8238","weekly",6083,2145,0,26.9493597465625
"8239","weekly",6083,2146,0,25.785169989409
"8240","weekly",6083,2147,0,24.635625563169
"8241","weekly",6083,2148,0,23.5375289352669
"8242","weekly",6083,2149,0,22.514162051375
"8243","weekly",6083,2150,0,21.5776354824629
"8244","weekly",6083,2151,0,20.7319167825772
"8245","weekly",6083,2152,0,19.9759567220608
"8246","weekly",6083,2153,0,19.3065141516417
"8247","weekly",6083,2154,0,18.7204427963297
"8248","weekly",6083,2155,0,18.216321627071
"8249","weekly",6083,2156,0,17.7954005356733
"8250","weekly",6083,2157,0,17.4619085029408
"8251","weekly",6083,2158,0,17.2228331720253
"8252","weekly",6083,2159,0,17.08731908747
"8253","weekly",6083,2160,0,17.065836755035
"8254","weekly",6083,2161,0,17.1692456176388
"8255","weekly",6083,2162,0,17.4078238949151
"8256","weekly",6083,2163,0,17.790289451339
"8257","weekly",6083,2164,0,18.3228121938882
"8258","weekly",6083,2165,0,19.0080364604219
"8259","weekly",6083,2166,0,19.8441941723286
"8260","weekly",6083,2167,0,20.8244809244352
"8261","weekly",6083,2168,0,21.9369531820121
"8262","weekly",6083,2169,0,23.1652365685877
"8263","weekly",6083,2170,0,24.4902651552256
"8264","weekly",6083,2171,0,25.8930786628625
"8265","weekly",6083,2172,0,27.3584194079594
"8266","weekly",6083,2173,0,28.8785816090967
"8267","weekly",6083,2174,0,30.4567872496118
"8268","weekly",6083,2175,0,32.1093783401739
"8269","weekly",6083,2176,0,33.8663234247797
"8270","weekly",6083,2177,0,35.7698412793543
"8271","weekly",6083,2178,0,37.8712071606424
"8272","weekly",6083,2179,0,40.225920743891
"8273","weekly",6083,2180,0,42.88736846346
"8274","weekly",6083,2181,0,45.8990009195404
"8275","weekly",6083,2182,0,49.2850341916201
"8276","weekly",6083,2183,0,53.0399473222933
"8277","weekly",6083,2184,0,57.1176943726314
"8278","weekly",6083,2185,0,61.4225288479938
"8279","weekly",6083,2186,0,65.8043592074973
"8280","weekly",6083,2187,0,70.0620637514512
"8281","weekly",6083,2188,0,73.9575251703645
"8282","weekly",6083,2189,0,77.2408863106539
"8283","weekly",6083,2190,0,79.6839789710211
"8284","weekly",6083,2191,0,81.1152604142844
"8285","weekly",6083,2192,0,81.4476662441157
"8286","weekly",6083,2193,0,80.6918814099336
"8287","weekly",6083,2194,0,78.95158312688
"8288","weekly",6083,2195,0,76.4025970164221
"8289","weekly",6083,2196,0,73.2623116829491
"8290","weekly",6083,2197,0,69.7574285678857
"8291","weekly",6083,2198,0,66.0969587498839
"8292","weekly",6083,2199,0,62.4543341187527
"8293","weekly",6083,2200,0,58.9595951077354
"8294","weekly",6083,2201,0,55.6996273241966
"8295","weekly",6083,2202,0,52.7237448270607
"8296","weekly",6083,2203,0,50.0522128237208
"8297","weekly",6083,2204,0,47.6853250056884
"8298","weekly",6083,2205,0,45.6117385536345
"8299","weekly",6083,2206,0,43.8153472899285
"8300","weekly",6083,2207,0,42.2804187666479
"8301","weekly",6083,2208,0,40.9949914000026
"8302","weekly",6083,2209,0,39.9526841900952
"8303","weekly",6083,2210,0,39.153164175892
"8304","weekly",6083,2211,0,38.6015675885137
"8305","weekly",6083,2212,0,38.3071805937507
"8306","weekly",6083,2213,0,38.2816520074557
"8307","weekly",6083,2214,0,38.5369426100951
"8308","weekly",6083,2215,0,39.0831392310938
"8309","weekly",6083,2216,0,39.9262119818304
"8310","weekly",6083,2217,0,41.0658018662361
"8311","weekly",6083,2218,0,42.4932077622361
"8312","weekly",6083,2219,0,44.1898812298459
"8313","weekly",6083,2220,0,46.1268839508848
"8314","weekly",6083,2221,0,48.2658342536888
"8315","weekly",6083,2222,0,50.5617765391798
"8316","weekly",6083,2223,0,52.9680954342039
"8317","weekly",6083,2224,0,55.4430933462863
"8318","weekly",6083,2225,0,57.9572909218405
"8319","weekly",6083,2226,0,60.5001029015402
"8320","weekly",6083,2227,0,63.084473764713
"8321","weekly",6083,2228,0,65.7483844826493
"8322","weekly",6083,2229,0,68.5527389290801
"8323","weekly",6083,2230,0,71.5757549285045
"8324","weekly",6083,2231,0,74.9043772445293
"8325","weekly",6083,2232,0,78.6232951201528
"8326","weekly",6083,2233,0,82.8019786088844
"8327","weekly",6083,2234,0,87.4799953814654
"8328","weekly",6083,2235,0,92.6510351415636
"8329","weekly",6083,2236,0,98.24678001336
"8330","weekly",6083,2237,0,104.123035756144
"8331","weekly",6083,2238,0,110.052062811956
"8332","weekly",6083,2239,0,115.726097729435
"8333","weekly",6083,2240,0,120.776636793511
"8334","weekly",6083,2241,0,124.811328404714
"8335","weekly",6083,2242,0,127.465835210154
"8336","weekly",6083,2243,0,128.459438317339
"8337","weekly",6083,2244,0,127.643760556341
"8338","weekly",6083,2245,0,125.031452120049
"8339","weekly",6083,2246,0,120.794014162646
"8340","weekly",6083,2247,0,115.231462484298
"8341","weekly",6083,2248,0,108.722153788447
"8342","weekly",6083,2249,0,101.666268213186
"8343","weekly",6083,2250,0,94.4359646813828
"8344","weekly",6083,2251,0,87.3407512640697
"8345","weekly",6083,2252,0,80.6107168561575
"8346","weekly",6083,2253,0,74.395359666989
"8347","weekly",6083,2254,0,68.7732806991553
"8348","weekly",6083,2255,0,63.7673082837864
"8349","weekly",6083,2256,0,59.3608808922727
"8350","weekly",6083,2257,0,55.5130356325972
"8351","weekly",6083,2258,0,52.1706336036295
"8352","weekly",6083,2259,0,49.2774824698572
"8353","weekly",6083,2260,0,46.780554633835
"8354","weekly",6083,2261,0,44.6337232172373
"8355","weekly",6083,2262,0,42.7994873640564
"8356","weekly",6083,2263,0,41.24913866313
"8357","weekly",6083,2264,0,39.961786406333
"8358","weekly",6083,2265,0,38.9226247328479
"8359","weekly",6083,2266,0,38.1207835691603
"8360","weekly",6083,2267,0,37.5470520441595
"8361","weekly",6083,2268,0,37.1917029783363
"8362","weekly",6083,2269,0,37.0425952146761
"8363","weekly",6083,2270,0,37.0837026692316
"8364","weekly",6083,2271,0,37.2942199828249
"8365","weekly",6083,2272,0,37.648411303875
"8366","weekly",6083,2273,0,38.1163699367899
"8367","weekly",6083,2274,0,38.6658033954882
"8368","weekly",6083,2275,0,39.2648225772864
"8369","weekly",6083,2276,0,39.8854994205612
"8370","weekly",6083,2277,0,40.5077142616065
"8371","weekly",6083,2278,0,41.1226292589126
"8372","weekly",6083,2279,0,41.7350871700328
"8373","weekly",6083,2280,0,42.3643881914031
"8374","weekly",6083,2281,0,43.0432032203098
"8375","weekly",6083,2282,0,43.8147278864344
"8376","weekly",6083,2283,0,44.728434205972
"8377","weekly",6083,2284,0,45.834847855047
"8378","weekly",6083,2285,0,47.179671753096
"8379","weekly",6083,2286,0,48.7973845271626
"8380","weekly",6083,2287,0,50.70431218062
"8381","weekly",6083,2288,0,52.8912501726591
"8382","weekly",6083,2289,0,55.3160969001037
"8383","weekly",6083,2290,0,57.8976396304788
"8384","weekly",6083,2291,0,60.5124411266152
"8385","weekly",6083,2292,0,62.9973452503473
"8386","weekly",6083,2293,0,65.1599450990907
"8387","weekly",6083,2294,0,66.7979951312009
"8388","weekly",6083,2295,0,67.7256393929856
"8389","weekly",6083,2296,0,67.8038674049749
"8390","weekly",6083,2297,0,66.9656437986414
"8391","weekly",6083,2298,0,65.2285600222676
"8392","weekly",6083,2299,0,62.6933864520397
"8393","weekly",6083,2300,0,59.5267952044378
"8394","weekly",6083,2301,0,55.9336644499854
"8395","weekly",6083,2302,0,52.1264140778221
"8396","weekly",6083,2303,0,48.2984988780081
"8397","weekly",6083,2304,0,44.6066111311666
"8398","weekly",6083,2305,0,41.1628136174259
"8399","weekly",6083,2306,0,38.0350652660563
"8400","weekly",6083,2307,0,35.2533300373034
"8401","weekly",6083,2308,0,32.8183165485971
"8402","weekly",6083,2309,0,30.7105502337945
"8403","weekly",6083,2310,0,28.8984425447561
"8404","weekly",6083,2311,0,27.3448011977598
"8405","weekly",6083,2312,0,26.0117221872933
"8406","weekly",6083,2313,0,24.8640381018049
"8407","weekly",6083,2314,0,23.8715472184995
"8408","weekly",6083,2315,0,23.0102136548812
"8409","weekly",6083,2316,0,22.2624865190446
"8410","weekly",6083,2317,0,21.6168740072317
"8411","weekly",6083,2318,0,21.0669293771207
"8412","weekly",6083,2319,0,20.6098391913547
"8413","weekly",6083,2320,0,20.2448246963322
"8414","weekly",6083,2321,0,19.9715599274205
"8415","weekly",6083,2322,0,19.7887775841082
"8416","weekly",6083,2323,0,19.6931911227584
"8417","weekly",6083,2324,0,19.6788256271684
"8418","weekly",6083,2325,0,19.7368281828531
"8419","weekly",6083,2326,0,19.8558136461361
"8420","weekly",6083,2327,0,20.0227756427048
"8421","weekly",6083,2328,0,20.2245362979302
"8422","weekly",6083,2329,0,20.4496152750944
"8423","weekly",6083,2330,0,20.6902859317197
"8424","weekly",6083,2331,0,20.9444931899488
"8425","weekly",6083,2332,0,21.2172805659648
"8426","weekly",6083,2333,0,21.5214403807477
"8427","weekly",6083,2334,0,21.8772484264919
"8428","weekly",6083,2335,0,22.3113171131845
"8429","weekly",6083,2336,0,22.8547262166103
"8430","weekly",6083,2337,0,23.5406138588733
"8431","weekly",6083,2338,0,24.4013260916399
"8432","weekly",6083,2339,0,25.4650319973443
"8433","weekly",6083,2340,0,26.7518219849881
"8434","weekly",6083,2341,0,28.2689035305375
"8435","weekly",6083,2342,0,30.0049356330128
"8436","weekly",6083,2343,0,31.9242819726205
"8437","weekly",6083,2344,0,33.9622172093368
"8438","weekly",6083,2345,0,36.0230527855456
"8439","weekly",6083,2346,0,37.9834149458911
"8440","weekly",6083,2347,0,39.7023740706063
"8441","weekly",6083,2348,0,41.0384703063755
"8442","weekly",6083,2349,0,41.8711740725412
"8443","weekly",6083,2350,0,42.12192029164
"8444","weekly",6083,2351,0,41.7688729763759
"8445","weekly",6083,2352,0,40.850885275795
"8446","weekly",6083,2353,0,39.4594321267068
"8447","weekly",6083,2354,0,37.7211526249157
"8448","weekly",6083,2355,0,35.7762658743886
"8449","weekly",6083,2356,0,33.7584963703703
"8450","weekly",6083,2357,0,31.7805042300315
"8451","weekly",6083,2358,0,29.9262947064126
"8452","weekly",6083,2359,0,28.2498890283896
"8453","weekly",6083,2360,0,26.7783431639109
"8454","weekly",6083,2361,0,25.5170205200848
"8455","weekly",6083,2362,0,24.4554856606555
"8456","weekly",6083,2363,0,23.5730512736482
"8457","weekly",6083,2364,0,22.8435753622034
"8458","weekly",6083,2365,0,22.2394423445076
"8459","weekly",6083,2366,0,21.7347770437918
"8460","weekly",6083,2367,0,21.3079130350816
"8461","weekly",6083,2368,0,20.9430654479511
"8462","weekly",6083,2369,0,20.6311247437407
"8463","weekly",6083,2370,0,20.3695313791395
"8464","weekly",6083,2371,0,20.1613001363294
"8465","weekly",6083,2372,0,20.0133886668336
"8466","weekly",6083,2373,0,19.9346923936537
"8467","weekly",6083,2374,0,19.9339667115564
"8468","weekly",6083,2375,0,20.0179347468511
"8469","weekly",6083,2376,0,20.1897702300193
"8470","weekly",6083,2377,0,20.4480895560264
"8471","weekly",6083,2378,0,20.7865645909624
"8472","weekly",6083,2379,0,21.1942675634346
"8473","weekly",6083,2380,0,21.6568456522364
"8474","weekly",6083,2381,0,22.1585538543295
"8475","weekly",6083,2382,0,22.6850293311145
"8476","weekly",6083,2383,0,23.2264913996187
"8477","weekly",6083,2384,0,23.7808688518417
"8478","weekly",6083,2385,0,24.3562809731229
"8479","weekly",6083,2386,0,24.9723902188707
"8480","weekly",6083,2387,0,25.6603856569564
"8481","weekly",6083,2388,0,26.4616470292094
"8482","weekly",6083,2389,0,27.4253437927837
"8483","weekly",6083,2390,0,28.6052423827787
"8484","weekly",6083,2391,0,30.055818019624
"8485","weekly",6083,2392,0,31.8274749657285
"8486","weekly",6083,2393,0,33.9604602208565
"8487","weekly",6083,2394,0,36.4769951655762
"8488","weekly",6083,2395,0,39.3715470023453
"8489","weekly",6083,2396,0,42.6000771549006
"8490","weekly",6083,2397,0,46.0703934652993
"8491","weekly",6083,2398,0,49.6371619836136
"8492","weekly",6083,2399,0,53.1058421830821
"8493","weekly",6083,2400,0,56.2488831527444
"8494","weekly",6083,2401,0,58.8344001193327
"8495","weekly",6083,2402,0,60.6628167102899
"8496","weekly",6083,2403,0,61.6025709645328
"8497","weekly",6083,2404,0,61.61448219679
"8498","weekly",6083,2405,0,60.7572180471616
"8499","weekly",6083,2406,0,59.1725619728968
"8500","weekly",6083,2407,0,57.055874423022
"8501","weekly",6083,2408,0,54.6211008741811
"8502","weekly",6083,2409,0,52.0695268031413
"8503","weekly",6083,2410,0,49.5681515594624
"8504","weekly",6083,2411,0,47.2392581220483
"8505","weekly",6083,2412,0,45.159445252124
"8506","weekly",6083,2413,0,43.3648852094921
"8507","weekly",6083,2414,0,41.8596346250415
"8508","weekly",6083,2415,0,40.6247241898527
"8509","weekly",6083,2416,0,39.6267851555749
"8510","weekly",6083,2417,0,38.8257226186106
"8511","weekly",6083,2418,0,38.1812985066063
"8512","weekly",6083,2419,0,37.6585239374981
"8513","weekly",6083,2420,0,37.2316572784475
"8514","weekly",6083,2421,0,36.8865378646005
"8515","weekly",6083,2422,0,36.6210633511946
"8516","weekly",6083,2423,0,36.4438425891276
"8517","weekly",6083,2424,0,36.3713357763918
"8518","weekly",6083,2425,0,36.424008940754
"8519","weekly",6083,2426,0,36.6221024240367
"8520","weekly",6083,2427,0,36.9815478540695
"8521","weekly",6083,2428,0,37.5104399982956
"8522","weekly",6083,2429,0,38.2063717229175
"8523","weekly",6083,2430,0,39.0549257559469
"8524","weekly",6083,2431,0,40.0296673374833
"8525","weekly",6083,2432,0,41.0940085498733
"8526","weekly",6083,2433,0,42.2051987172308
"8527","weekly",6083,2434,0,43.3203529580787
"8528","weekly",6083,2435,0,44.40396119855
"8529","weekly",6083,2436,0,45.4353863036231
"8530","weekly",6083,2437,0,46.4151928823267
"8531","weekly",6083,2438,0,47.3689004467451
"8532","weekly",6083,2439,0,48.3469728268828
"8533","weekly",6083,2440,0,49.4214060919185
"8534","weekly",6083,2441,0,50.6796094995079
"8535","weekly",6083,2442,0,52.2166299567616
"8536","weekly",6083,2443,0,54.1265197991597
"8537","weekly",6083,2444,0,56.493051363097
"8538","weekly",6083,2445,0,59.3793870477384
"8539","weekly",6083,2446,0,62.8160952133767
"8540","weekly",6083,2447,0,66.7873572824174
"8541","weekly",6083,2448,0,71.2164733836689
"8542","weekly",6083,2449,0,75.9536899124942
"8543","weekly",6083,2450,0,80.771339440078
"8544","weekly",6083,2451,0,85.3721875006886
"8545","weekly",6083,2452,0,89.4154013740044
"8546","weekly",6083,2453,0,92.5599823416414
"8547","weekly",6083,2454,0,94.5187374776433
"8548","weekly",6083,2455,0,95.109740477681
"8549","weekly",6083,2456,0,94.2903289670357
"8550","weekly",6083,2457,0,92.1630079876049
"8551","weekly",6083,2458,0,88.951786288133
"8552","weekly",6083,2459,0,84.9571606141835
"8553","weekly",6083,2460,0,80.503644016615
"8554","weekly",6083,2461,0,75.8934178411437
"8555","weekly",6083,2462,0,71.3747642139351
"8556","weekly",6083,2463,0,67.1275759734417
"8557","weekly",6083,2464,0,63.2631678561738
"8558","weekly",6083,2465,0,59.8334685718291
"8559","weekly",6083,2466,0,56.8446822407568
"8560","weekly",6083,2467,0,54.271753647452
"8561","weekly",6083,2468,0,52.0715480576036
"8562","weekly",6083,2469,0,50.1938398432249
"8563","weekly",6083,2470,0,48.5898653542972
"8564","weekly",6083,2471,0,47.2184439784614
"8565","weekly",6083,2472,0,46.049718846727
"8566","weekly",6083,2473,0,45.0666007042746
"8567","weekly",6083,2474,0,44.2641060435271
"8568","weekly",6083,2475,0,43.6469506953727
"8569","weekly",6083,2476,0,43.2259160569374
"8570","weekly",6083,2477,0,43.0135715164506
"8571","weekly",6083,2478,0,43.0198915322107
"8572","weekly",6083,2479,0,43.2481931675429
"8573","weekly",6083,2480,0,43.691719763694
"8574","weekly",6083,2481,0,44.331175205516
"8575","weekly",6083,2482,0,45.1335806412098
"8576","weekly",6083,2483,0,46.0529171373928
"8577","weekly",6083,2484,0,47.0330111658841
"8578","weekly",6083,2485,0,48.0128868570901
"8579","weekly",6083,2486,0,48.9342954144668
"8580","weekly",6083,2487,0,49.7504324588226
"8581","weekly",6083,2488,0,50.4339577723294
"8582","weekly",6083,2489,0,50.983520674039
"8583","weekly",6083,2490,0,51.426000042411
"8584","weekly",6083,2491,0,51.8138251013152
"8585","weekly",6083,2492,0,52.2192127782473
"8586","weekly",6083,2493,0,52.7255665997363
"8587","weekly",6083,2494,0,53.417821467563
"8588","weekly",6083,2495,0,54.3729027308291
"8589","weekly",6083,2496,0,55.6508037494932
"8590","weekly",6083,2497,0,57.2862017144507
"8591","weekly",6083,2498,0,59.2803528321383
"8592","weekly",6083,2499,0,61.5933942784322
"8593","weekly",6083,2500,0,64.1380798678147
"8594","weekly",6083,2501,0,66.7770985461684
"8595","weekly",6083,2502,0,69.3269300449901
"8596","weekly",6083,2503,0,71.5709846476384
"8597","weekly",6083,2504,0,73.2830016922817
"8598","weekly",6083,2505,0,74.2584091167228
"8599","weekly",6083,2506,0,74.3476120482956
"8600","weekly",6083,2507,0,73.4827910983586
"8601","weekly",6083,2508,0,71.6903991462459
"8602","weekly",6083,2509,0,69.0854575531703
"8603","weekly",6083,2510,0,65.849447488843
"8604","weekly",6083,2511,0,62.198484816603
"8605","weekly",6083,2512,0,58.3504667788511
"8606","weekly",6083,2513,0,54.4985603216919
"8607","weekly",6083,2514,0,50.7948879732285
"8608","weekly",6083,2515,0,47.3450626862032
"8609","weekly",6083,2516,0,44.2107583034958
"8610","weekly",6083,2517,0,41.4172593419498
"8611","weekly",6083,2518,0,38.9631815758912
"8612","weekly",6083,2519,0,36.8300759708218
"8613","weekly",6083,2520,0,34.9907247510127
"8614","weekly",6083,2521,0,33.4156359299377
"8615","weekly",6083,2522,0,32.0776614395581
"8616","weekly",6083,2523,0,30.9548670045479
"8617","weekly",6083,2524,0,30.0318673377333
"8618","weekly",6083,2525,0,29.2998818380001
"8619","weekly",6083,2526,0,28.7557937190722
"8620","weekly",6083,2527,0,28.4005058739567
"8621","weekly",6083,2528,0,28.2368669973948
"8622","weekly",6083,2529,0,28.267391390822
"8623","weekly",6083,2530,0,28.4919363021036
"8624","weekly",6083,2531,0,28.9054660965339
"8625","weekly",6083,2532,0,29.4961384833878
"8626","weekly",6083,2533,0,30.2436108639959
"8627","weekly",6083,2534,0,31.1183394421823
"8628","weekly",6083,2535,0,32.0823204876942
"8629","weekly",6083,2536,0,33.0912397135107
"8630","weekly",6083,2537,0,34.0985325893416
"8631","weekly",6083,2538,0,35.0609760332009
"8632","weekly",6083,2539,0,35.9449764867459
"8633","weekly",6083,2540,0,36.7322971685935
"8634","weekly",6083,2541,0,37.4238894196606
"8635","weekly",6083,2542,0,38.0408590416191
"8636","weekly",6083,2543,0,38.6222968389338
"8637","weekly",6083,2544,0,39.2204485157999
"8638","weekly",6083,2545,0,39.8941874381853
"8639","weekly",6083,2546,0,40.7018256305455
"8640","weekly",6083,2547,0,41.6940124555986
"8641","weekly",6083,2548,0,42.9070480274677
"8642","weekly",6083,2549,0,44.3566395264643
"8643","weekly",6083,2550,0,46.0321395488281
"8644","weekly",6083,2551,0,47.8916762845038
"8645","weekly",6083,2552,0,49.8592045615515
"8646","weekly",6083,2553,0,51.8250996297866
"8647","weekly",6083,2554,0,53.6520817097626
"8648","weekly",6083,2555,0,55.1876050613646
"8649","weekly",6083,2556,0,56.2822255708015
"8650","weekly",6083,2557,0,56.8112306771509
"8651","weekly",6083,2558,0,56.6948694069142
"8652","weekly",6083,2559,0,55.9119382700155
"8653","weekly",6083,2560,0,54.5028763034352
"8654","weekly",6083,2561,0,52.5615370758896
"8655","weekly",6083,2562,0,50.2181754895428
"8656","weekly",6083,2563,0,47.6184568074677
"8657","weekly",6083,2564,0,44.903650311986
"8658","weekly",6083,2565,0,42.1958037370496
"8659","weekly",6083,2566,0,39.5895157864579
"8660","weekly",6083,2567,0,37.1499291374348
"8661","weekly",6083,2568,0,34.9153507641167
"8662","weekly",6083,2569,0,32.9025498414703
"8663","weekly",6083,2570,0,31.11302778151
"8664","weekly",6083,2571,0,29.5390577174257
"8665","weekly",6083,2572,0,28.1687957218383
"8666","weekly",6083,2573,0,26.9901528061309
"8667","weekly",6083,2574,0,25.9933698590903
"8668","weekly",6083,2575,0,25.1723903560778
"8669","weekly",6083,2576,0,24.5252145805134
"8670","weekly",6083,2577,0,24.0534638938116
"8671","weekly",6083,2578,0,23.7613884535676
"8672","weekly",6083,2579,0,23.6545183081471
"8673","weekly",6083,2580,0,23.7380971388338
"8674","weekly",6083,2581,0,24.0153745459975
"8675","weekly",6083,2582,0,24.4857988471631
"8676","weekly",6083,2583,0,25.1431763739529
"8677","weekly",6083,2584,0,25.9739570532984
"8678","weekly",6083,2585,0,26.9558324097161
"8679","weekly",6083,2586,0,28.0575617999566
"8680","weekly",6083,2587,0,29.2399946423684
"8681","weekly",6083,2588,0,30.4586249184504
"8682","weekly",6083,2589,0,31.6683049404237
"8683","weekly",6083,2590,0,32.8291668492457
"8684","weekly",6083,2591,0,33.9128128663433
"8685","weekly",6083,2592,0,34.9074169804517
"8686","weekly",6083,2593,0,35.8204929011554
"8687","weekly",6083,2594,0,36.6786203858646
"8688","weekly",6083,2595,0,37.5241747172986
"8689","weekly",6083,2596,0,38.4097555915796
"8690","weekly",6083,2597,0,39.3913153750764
"8691","weekly",6083,2598,0,40.5208933942049
"8692","weekly",6083,2599,0,41.8395235667849
"8693","weekly",6083,2600,0,43.3705472251313
"8694","weekly",6083,2601,0,45.1134539507184
"8695","weekly",6083,2602,0,47.0385958527622
"8696","weekly",6083,2603,0,49.0836207594257
"8697","weekly",6083,2604,0,51.1530252908997
"8698","weekly",6083,2605,0,53.1224817411276
"8699","weekly",6083,2606,0,54.8491585934971
"8700","weekly",6083,2607,0,56.1879323489993
"8701","weekly",6083,2608,0,57.0114010697725
"8702","weekly",6083,2609,0,57.2296900114452
"8703","weekly",6083,2610,0,56.8051763492404
"8704","weekly",6083,2611,0,55.75814229963
"8705","weekly",6083,2612,0,54.1618627419084
"8706","weekly",6083,2613,0,52.1287434657424
"8707","weekly",6083,2614,0,49.7915163145808
"8708","weekly",6083,2615,0,47.2842659349553
"8709","weekly",6083,2616,0,44.727178105124
"8710","weekly",6083,2617,0,42.2170581555692
"8711","weekly",6083,2618,0,39.8237754683505
"8712","weekly",6083,2619,0,37.5914802673069
"8713","weekly",6083,2620,0,35.542894333601
"8714","weekly",6083,2621,0,33.6850353096088
"8715","weekly",6083,2622,0,32.0151049187407
"8716","weekly",6083,2623,0,30.5257095787383
"8717","weekly",6083,2624,0,29.2089557486761
"8718","weekly",6083,2625,0,28.0592394336127
"8719","weekly",6083,2626,0,27.0747473144875
"8720","weekly",6083,2627,0,26.2578289734811
"8721","weekly",6083,2628,0,25.6145223036438
"8722","weekly",6083,2629,0,25.1533896467008
"8723","weekly",6083,2630,0,24.8841072154901
"8724","weekly",6083,2631,0,24.8159639925434
"8725","weekly",6083,2632,0,24.9561945256428
"8726","weekly",6083,2633,0,25.3083011769049
"8727","weekly",6083,2634,0,25.87032102175
"8728","weekly",6083,2635,0,26.6331003664382
"8729","weekly",6083,2636,0,27.5787857062533
"8730","weekly",6083,2637,0,28.6799220565154
"8731","weekly",6083,2638,0,29.8996885194938
"8732","weekly",6083,2639,0,31.1937933001027
"8733","weekly",6083,2640,0,32.514309322476
"8734","weekly",6083,2641,0,33.8152486488834
"8735","weekly",6083,2642,0,35.0590685612115
"8736","weekly",6083,2643,0,36.2228089892742
"8737","weekly",6083,2644,0,37.3024284137355
"8738","weekly",6083,2645,0,38.3142483994015
"8739","weekly",6083,2646,0,39.2931235880387
"8740","weekly",6083,2647,0,40.2877284401329
"8741","weekly",6083,2648,0,41.3538782303949
"8742","weekly",6083,2649,0,42.5469175496983
"8743","weekly",6083,2650,0,43.9139767583256
"8744","weekly",6083,2651,0,45.4865405931778
"8745","weekly",6083,2652,0,47.2735511980864
"8746","weekly",6083,2653,0,49.2553511500155
"8747","weekly",6083,2654,0,51.3791749709344
"8748","weekly",6083,2655,0,53.5574539091031
"8749","weekly",6083,2656,0,55.6705797618197
"8750","weekly",6083,2657,0,57.5755753327976
"8751","weekly",6083,2658,0,59.1210505551571
"8752","weekly",6083,2659,0,60.1669563943869
"8753","weekly",6083,2660,0,60.6055751730746
"8754","weekly",6083,2661,0,60.3788755728892
"8755","weekly",6083,2662,0,59.4876694757986
"8756","weekly",6083,2663,0,57.9900961469393
"8757","weekly",6083,2664,0,55.9900618225511
"8758","weekly",6083,2665,0,53.6190619492263
"8759","weekly",6083,2666,0,51.016189608461
"8760","weekly",6083,2667,0,48.3107555107999
"8761","weekly",6083,2668,0,45.6103133465513
"8762","weekly",6083,2669,0,42.9948981533817
"8763","weekly",6083,2670,0,40.5167018637003
"8764","weekly",6083,2671,0,38.2036185028264
"8765","weekly",6083,2672,0,36.064901680802
"8766","weekly",6083,2673,0,34.0974583697534
"8767","weekly",6083,2674,0,32.2917641736858
"8768","weekly",6083,2675,0,30.6367476540036
"8769","weekly",6083,2676,0,29.1232924781943
"8770","weekly",6083,2677,0,27.746252676603
"8771","weekly",6083,2678,0,26.5050705224276
"8772","weekly",6083,2679,0,25.4032466786011
"8773","weekly",6083,2680,0,24.447020633248
"8774","weekly",6083,2681,0,23.6435588634195
"8775","weekly",6083,2682,0,22.999366286138
"8776","weekly",6083,2683,0,22.5186663558416
"8777","weekly",6083,2684,0,22.2018832336616
"8778","weekly",6083,2685,0,22.04468385379
"8779","weekly",6083,2686,0,22.0371931721456
"8780","weekly",6083,2687,0,22.1635072396311
"8781","weekly",6083,2688,0,22.4016245751991
"8782","weekly",6083,2689,0,22.7240040654724
"8783","weekly",6083,2690,0,23.0989806326834
"8784","weekly",6083,2691,0,23.4931747853116
"8785","weekly",6083,2692,0,23.874803260609
"8786","weekly",6083,2693,0,24.217484246401
"8787","weekly",6083,2694,0,24.5038473005698
"8788","weekly",6083,2695,0,24.7281448018766
"8789","weekly",6083,2696,0,24.8972076028149
"8790","weekly",6083,2697,0,25.029466308697
"8791","weekly",6083,2698,0,25.1522273407609
"8792","weekly",6083,2699,0,25.297760463116
"8793","weekly",6083,2700,0,25.4988903197082
"8794","weekly",6083,2701,0,25.7846800225234
"8795","weekly",6083,2702,0,26.1765538433538
"8796","weekly",6083,2703,0,26.6849784979422
"8797","weekly",6083,2704,0,27.3067299037357
"8798","weekly",6083,2705,0,28.0228614526131
"8799","weekly",6083,2706,0,28.7977193590195
"8800","weekly",6083,2707,0,29.5795988668542
"8801","weekly",6083,2708,0,30.3037265996682
"8802","weekly",6083,2709,0,30.8980172588199
"8803","weekly",6083,2710,0,31.2914137084299
"8804","weekly",6083,2711,0,31.4237027485651
"8805","weekly",6083,2712,0,31.2548523953446
"8806","weekly",6083,2713,0,30.7715879956086
"8807","weekly",6083,2714,0,29.9894102471444
"8808","weekly",6083,2715,0,28.9494758704677
"8809","weekly",6083,2716,0,27.7112358161976
"8810","weekly",6083,2717,0,26.3428361015976
"8811","weekly",6083,2718,0,24.9116167492903
"8812","weekly",6083,2719,0,23.4765867485548
"8813","weekly",6083,2720,0,22.0838430564181
"8814","weekly",6083,2721,0,20.7649758772604
"8815","weekly",6083,2722,0,19.537869566906
"8816","weekly",6083,2723,0,18.4090470816736
"8817","weekly",6083,2724,0,17.3767406035622
"8818","weekly",6083,2725,0,16.4341987070511
"8819","weekly",6083,2726,0,15.5723278207151
"8820","weekly",6083,2727,0,14.7820570182375
"8821","weekly",6083,2728,0,14.0562173219514
"8822","weekly",6083,2729,0,13.3903359786927
"8823","weekly",6083,2730,0,12.782867992617
"8824","weekly",6083,2731,0,12.2348469540739
"8825","weekly",6083,2732,0,11.7491277455993
"8826","weekly",6083,2733,0,11.3294226143917
"8827","weekly",6083,2734,0,10.979317897596
"8828","weekly",6083,2735,0,10.7014078534412
"8829","weekly",6083,2736,0,10.496615779266
"8830","weekly",6083,2737,0,10.3637164863758
"8831","weekly",6083,2738,0,10.2990467852942
"8832","weekly",6083,2739,0,10.2963965472009
"8833","weekly",6083,2740,0,10.3471021980513
"8834","weekly",6083,2741,0,10.4403964511876
"8835","weekly",6083,2742,0,10.5640778170637
"8836","weekly",6083,2743,0,10.7055308765557
"8837","weekly",6083,2744,0,10.8530487408279
"8838","weekly",6083,2745,0,10.9973013460258
"8839","weekly",6083,2746,0,11.1326983775507
"8840","weekly",6083,2747,0,11.2583615229669
"8841","weekly",6083,2748,0,11.3784760815033
"8842","weekly",6083,2749,0,11.5019252476341
"8843","weekly",6083,2750,0,11.6412705583934
"8844","weekly",6083,2751,0,11.81126382394
"8845","weekly",6083,2752,0,12.0271151514753
"8846","weekly",6083,2753,0,12.3026974561071
"8847","weekly",6083,2754,0,12.6487794705463
"8848","weekly",6083,2755,0,13.0713043355063
"8849","weekly",6083,2756,0,13.569719543666
"8850","weekly",6083,2757,0,14.1354405362799
"8851","weekly",6083,2758,0,14.7506823202275
"8852","weekly",6083,2759,0,15.3880666654732
"8853","weekly",6083,2760,0,16.0115127633326
"8854","weekly",6083,2761,0,16.5788362385647
"8855","weekly",6083,2762,0,17.0461420828651
"8856","weekly",6083,2763,0,17.3735369099013
"8857","weekly",6083,2764,0,17.5310891910194
"8858","weekly",6083,2765,0,17.5036169502855
"8859","weekly",6083,2766,0,17.2930174052162
"8860","weekly",6083,2767,0,16.9174960466335
"8861","weekly",6083,2768,0,16.4079604849685
"8862","weekly",6083,2769,0,15.802628565536
"8863","weekly",6083,2770,0,15.1412493692187
"8864","weekly",6083,2771,0,14.4601784530823
"8865","weekly",6083,2772,0,13.7890517468331
"8866","weekly",6083,2773,0,13.1492334725335
"8867","weekly",6083,2774,0,12.5537859006727
"8868","weekly",6083,2775,0,12.0085053114308
"8869","weekly",6083,2776,0,11.5135560234921
"8870","weekly",6083,2777,0,11.0653261031403
"8871","weekly",6083,2778,0,10.6581908965745
"8872","weekly",6083,2779,0,10.286223277144
"8873","weekly",6083,2780,0,9.94446291262284
"8874","weekly",6083,2781,0,9.62968477842514
"8875","weekly",6083,2782,0,9.3408786184882
"8876","weekly",6083,2783,0,9.07924265421752
"8877","weekly",6083,2784,0,8.84781160371494
"8878","weekly",6083,2785,0,8.65083292647614
"8879","weekly",6083,2786,0,8.49302600625379
"8880","weekly",6083,2787,0,8.37884784524795
"8881","weekly",6083,2788,0,8.31185363414988
"8882","weekly",6083,2789,0,8.29419852419232
"8883","weekly",6083,2790,0,8.32629568553239
"8884","weekly",6083,2791,0,8.40663532169128
"8885","weekly",6083,2792,0,8.53177855686226
"8886","weekly",6083,2793,0,8.69655772067199
"8887","weekly",6083,2794,0,8.89452354065725
"8888","weekly",6083,2795,0,9.11866417364217
"8889","weekly",6083,2796,0,9.36237381353567
"8890","weekly",6083,2797,0,9.62057807245583
"8891","weekly",6083,2798,0,9.89085365628125
"8892","weekly",6083,2799,0,10.1743425246386
"8893","weekly",6083,2800,0,10.4762782209145
"8894","weekly",6083,2801,0,10.8060128291108
"8895","weekly",6083,2802,0,11.1765285906295
"8896","weekly",6083,2803,0,11.6034966938023
"8897","weekly",6083,2804,0,12.1039743528527
"8898","weekly",6083,2805,0,12.6948042572913
"8899","weekly",6083,2806,0,13.3907227895834
"8900","weekly",6083,2807,0,14.2021410626912
"8901","weekly",6083,2808,0,15.1325865394756
"8902","weekly",6083,2809,0,16.1759204840782
"8903","weekly",6083,2810,0,17.3136827313574
"8904","weekly",6083,2811,0,18.5132100719493
"8905","weekly",6083,2812,0,19.7274072182336
"8906","weekly",6083,2813,0,20.8970445089217
"8907","weekly",6083,2814,0,21.9560566060827
"8908","weekly",6083,2815,0,22.8395023417106
"8909","weekly",6083,2816,0,23.4928372770955
"8910","weekly",6083,2817,0,23.8803796709835
"8911","weekly",6083,2818,0,23.9907588437345
"8912","weekly",6083,2819,0,23.8378881193494
"8913","weekly",6083,2820,0,23.4573360495851
"8914","weekly",6083,2821,0,22.8992707431025
"8915","weekly",6083,2822,0,22.2201053638564
"8916","weekly",6083,2823,0,21.4746394131507
"8917","weekly",6083,2824,0,20.7101118973515
"8918","weekly",6083,2825,0,19.9628889331361
"8919","weekly",6083,2826,0,19.2574626387213
"8920","weekly",6083,2827,0,18.6072430736094
"8921","weekly",6083,2828,0,18.0164817830955
"8922","weekly",6083,2829,0,17.4827541529376
"8923","weekly",6083,2830,0,16.9995792313421
"8924","weekly",6083,2831,0,16.5588869084022
"8925","weekly",6083,2832,0,16.1531261546334
"8926","weekly",6083,2833,0,15.776858701458
"8927","weekly",6083,2834,0,15.4277304162533
"8928","weekly",6083,2835,0,15.106779995127
"8929","weekly",6083,2836,0,14.8181319967698
"8930","weekly",6083,2837,0,14.5682083850261
"8931","weekly",6083,2838,0,14.364651987984
"8932","weekly",6083,2839,0,14.2151686330617
"8933","weekly",6083,2840,0,14.1264639191941
"8934","weekly",6083,2841,0,14.1033949485281
"8935","weekly",6083,2842,0,14.1484022992518
"8936","weekly",6083,2843,0,14.2612516809459
"8937","weekly",6083,2844,0,14.4391021563642
"8938","weekly",6083,2845,0,14.6769181216368
"8939","weekly",6083,2846,0,14.9682368502108
"8940","weekly",6083,2847,0,15.3062753836712
"8941","weekly",6083,2848,0,15.6853043297306
"8942","weekly",6083,2849,0,16.1021433088172
"8943","weekly",6083,2850,0,16.5575699299661
"8944","weekly",6083,2851,0,17.0574111180904
"8945","weekly",6083,2852,0,17.6131186663988
"8946","weekly",6083,2853,0,18.2417104880878
"8947","weekly",6083,2854,0,18.9650511790969
"8948","weekly",6083,2855,0,19.8085082013422
"8949","weekly",6083,2856,0,20.7990261894593
"8950","weekly",6083,2857,0,21.9626160383632
"8951","weekly",6083,2858,0,23.3211963428184
"8952","weekly",6083,2859,0,24.8887153108808
"8953","weekly",6083,2860,0,26.6665895775222
"8954","weekly",6083,2861,0,28.6387697394093
"8955","weekly",6083,2862,0,30.7671725810651
"8956","weekly",6083,2863,0,32.9887038156594
"8957","weekly",6083,2864,0,35.2154154811578
"8958","weekly",6083,2865,0,37.3392100578203
"8959","weekly",6083,2866,0,39.2416946309968
"8960","weekly",6083,2867,0,40.808340294956
"8961","weekly",6083,2868,0,41.9444440906373
"8962","weekly",6083,2869,0,42.5892502594215
"8963","weekly",6083,2870,0,42.7246291613992
"8964","weekly",6083,2871,0,42.3761034881027
"8965","weekly",6083,2872,0,41.6062396851194
"8966","weekly",6083,2873,0,40.5025462616759
"8967","weekly",6083,2874,0,39.1630263552361
"8968","weekly",6083,2875,0,37.6833523450186
"8969","weekly",6083,2876,0,36.1469920817326
"8970","weekly",6083,2877,0,34.6192207477579
"8971","weekly",6083,2878,0,33.1455942656467
"8972","weekly",6083,2879,0,31.753241583021
"8973","weekly",6083,2880,0,30.4540567666845
"8974","weekly",6083,2881,0,29.2487455706869
"8975","weekly",6083,2882,0,28.1309824945347
"8976","weekly",6083,2883,0,27.0911929489521
"8977","weekly",6083,2884,0,26.1196327565995
"8978","weekly",6083,2885,0,25.2085837264458
"8979","weekly",6083,2886,0,24.3535972221725
"8980","weekly",6083,2887,0,23.5538246267533
"8981","weekly",6083,2888,0,22.8115774344915
"8982","weekly",6083,2889,0,22.1313434665353
"8983","weekly",6083,2890,0,21.5185287331406
"8984","weekly",6083,2891,0,20.9781868541759
"8985","weekly",6083,2892,0,20.5139471822331
"8986","weekly",6083,2893,0,20.1272795770346
"8987","weekly",6083,2894,0,19.8171612985316
"8988","weekly",6083,2895,0,19.5801549114403
"8989","weekly",6083,2896,0,19.4108681646321
"8990","weekly",6083,2897,0,19.3027403276355
"8991","weekly",6083,2898,0,19.2490743359958
"8992","weekly",6083,2899,0,19.2442049018427
"8993","weekly",6083,2900,0,19.2846631371358
"8994","weekly",6083,2901,0,19.3701798575057
"8995","weekly",6083,2902,0,19.5043758037064
"8996","weekly",6083,2903,0,19.6950235881231
"8997","weekly",6083,2904,0,19.9538260989793
"8998","weekly",6083,2905,0,20.2957200160163
"8999","weekly",6083,2906,0,20.7377579169697
"9000","weekly",6083,2907,0,21.2976331322134
"9001","weekly",6083,2908,0,21.9918897925527
"9002","weekly",6083,2909,0,22.8338265151106
"9003","weekly",6083,2910,0,23.8310885083047
"9004","weekly",6083,2911,0,24.9829841703613
"9005","weekly",6083,2912,0,26.2776821438165
"9006","weekly",6083,2913,0,27.6896412611532
"9007","weekly",6083,2914,0,29.1778565827117
"9008","weekly",6083,2915,0,30.6856797021755
"9009","weekly",6083,2916,0,32.142966020212
"9010","weekly",6083,2917,0,33.4710030608694
"9011","weekly",6083,2918,0,34.5903684285004
"9012","weekly",6083,2919,0,35.4294942309498
"9013","weekly",6083,2920,0,35.9337911751791
"9014","weekly",6083,2921,0,36.0734135760576
"9015","weekly",6083,2922,0,35.846369085004
"9016","weekly",6083,2923,0,35.2775210842519
"9017","weekly",6083,2924,0,34.4135741951904
"9018","weekly",6083,2925,0,33.3154144904111
"9019","weekly",6083,2926,0,32.049622420207
"9020","weekly",6083,2927,0,30.6808366309269
"9021","weekly",6083,2928,0,29.2660899612965
"9022","weekly",6083,2929,0,27.8515445880621
"9023","weekly",6083,2930,0,26.4714650980604
"9024","weekly",6083,2931,0,25.1489154203737
"9025","weekly",6083,2932,0,23.8975243752066
"9026","weekly",6083,2933,0,22.7237393972464
"9027","weekly",6083,2934,0,21.6291181637062
"9028","weekly",6083,2935,0,20.6123366883257
"9029","weekly",6083,2936,0,19.6707468387613
"9030","weekly",6083,2937,0,18.8014303689706
"9031","weekly",6083,2938,0,18.0017729415413
"9032","weekly",6083,2939,0,17.2696379350236
"9033","weekly",6083,2940,0,16.6032524906914
"9034","weekly",6083,2941,0,16.0009292127943
"9035","weekly",6083,2942,0,15.4607392222679
"9036","weekly",6083,2943,0,14.9802309717488
"9037","weekly",6083,2944,0,14.5562608420587
"9038","weekly",6083,2945,0,14.1849720963364
"9039","weekly",6083,2946,0,13.8619321661536
"9040","weekly",6083,2947,0,13.5824157258903
"9041","weekly",6083,2948,0,13.3418020485697
"9042","weekly",6083,2949,0,13.1360391334019
"9043","weekly",6083,2950,0,12.9621148567676
"9044","weekly",6083,2951,0,12.8184694570664
"9045","weekly",6083,2952,0,12.7052871255582
"9046","weekly",6083,2953,0,12.6246188983205
"9047","weekly",6083,2954,0,12.5803125745151
"9048","weekly",6083,2955,0,12.5777524061123
"9049","weekly",6083,2956,0,12.6234341827367
"9050","weekly",6083,2957,0,12.724413562697
"9051","weekly",6083,2958,0,12.8876646830468
"9052","weekly",6083,2959,0,13.1193752568506
"9053","weekly",6083,2960,0,13.424191099024
"9054","weekly",6083,2961,0,13.8044168041524
"9055","weekly",6083,2962,0,14.2591883206333
"9056","weekly",6083,2963,0,14.7836612805404
"9057","weekly",6083,2964,0,15.3683032274275
"9058","weekly",6083,2965,0,15.9984271027206
"9059","weekly",6083,2966,0,16.6541383397125
"9060","weekly",6083,2967,0,17.3108653501986
"9061","weekly",6083,2968,0,17.9405837801751
"9062","weekly",6083,2969,0,18.5137245903461
"9063","weekly",6083,2970,0,19.0015951639944
"9064","weekly",6083,2971,0,19.378929474391
"9065","weekly",6083,2972,0,19.6263687721366
"9066","weekly",6083,2973,0,19.7321870117594
"9067","weekly",6083,2974,0,19.6929572042282
"9068","weekly",6083,2975,0,19.513356744661
"9069","weekly",6083,2976,0,19.2050176949851
"9070","weekly",6083,2977,0,18.7847693487711
"9071","weekly",6083,2978,0,18.2726369824086
"9072","weekly",6083,2979,0,17.6899340373784
"9073","weekly",6083,2980,0,17.0576884069014
"9074","weekly",6083,2981,0,16.3955192824506
"9075","weekly",6083,2982,0,15.720967714893
"9076","weekly",6083,2983,0,15.0492054398928
"9077","weekly",6083,2984,0,14.393009469728
"9078","weekly",6083,2985,0,13.7628885482845
"9079","weekly",6083,2986,0,13.167269430327
"9080","weekly",6083,2987,0,12.6126827990811
"9081","weekly",6083,2988,0,12.1039198302751
"9082","weekly",6083,2989,0,11.6441544721747
"9083","weekly",6083,2990,0,11.2350411809894
"9084","weekly",6083,2991,0,10.8768041291769
"9085","weekly",6083,2992,0,10.5683345965517
"9086","weekly",6083,2993,0,10.3073114195286
"9087","weekly",6083,2994,0,10.0903571204981
"9088","weekly",6083,2995,0,9.91324020823231
"9089","weekly",6083,2996,0,9.77113121985167
"9090","weekly",6083,2997,0,9.65891472846852
"9091","weekly",6083,2998,0,9.5715505216649
"9092","weekly",6083,2999,0,9.50446469929011
"9093","weekly",6083,3000,0,9.45393786692875
"9094","weekly",6083,3001,0,9.41744700979325
"9095","weekly",6083,3002,0,9.39391451523989
"9096","weekly",6083,3003,0,9.38382506306516
"9097","weekly",6083,3004,0,9.38918828379246
"9098","weekly",6083,3005,0,9.41334803466452
"9099","weekly",6083,3006,0,9.46066134395369
"9100","weekly",6083,3007,0,9.53608529159101
"9101","weekly",6083,3008,0,9.64471494936151
"9102","weekly",6083,3009,0,9.79131071164738
"9103","weekly",6083,3010,0,9.97984308945888
"9104","weekly",6083,3011,0,10.2130729397468
"9105","weekly",6083,3012,0,10.4921798605355
"9106","weekly",6083,3013,0,10.8164530995564
"9107","weekly",6083,3014,0,11.1830663900473
"9108","weekly",6083,3015,0,11.5869504906877
"9109","weekly",6083,3016,0,12.0208574822609
"9110","weekly",6083,3017,0,12.4755693636107
"9111","weekly",6083,3018,0,12.940250047177
"9112","weekly",6083,3019,0,13.4029953937861
"9113","weekly",6083,3020,0,13.851462638253
"9114","weekly",6083,3021,0,14.273512164742
"9115","weekly",6083,3022,0,14.6577745009854
"9116","weekly",6083,3023,0,14.9940739539888
"9117","weekly",6083,3024,0,15.2736791915522
"9118","weekly",6083,3025,0,15.4893991263234
"9119","weekly",6083,3026,0,15.6355845929793
"9120","weekly",6083,3027,0,15.7081188036245
"9121","weekly",6083,3028,0,15.7044746013999
"9122","weekly",6083,3029,0,15.6238845082553
"9123","weekly",6083,3030,0,15.4676189602324
"9124","weekly",6083,3031,0,15.2393134187441
"9125","weekly",6083,3032,0,14.9452431690443
"9126","weekly",6083,3033,0,14.5944303108554
"9127","weekly",6083,3034,0,14.1984882415709
"9128","weekly",6083,3035,0,13.7712000490719
"9129","weekly",6083,3036,0,13.327794864992
"9130","weekly",6083,3037,0,12.8838474242511
"9131","weekly",6083,3038,0,12.4543815386423
"9132","weekly",6083,3039,0,12.0530682272947
"9133","weekly",6083,3040,0,11.6914852311311
"9134","weekly",6083,3041,0,11.37863717656
"9135","weekly",6083,3042,0,11.1207259253279
"9136","weekly",6083,3043,0,10.9211300854658
"9137","weekly",6083,3044,0,10.7805391961156
"9138","weekly",6083,3045,0,10.6971942533855
"9139","weekly",6083,3046,0,10.6672058626282
"9140","weekly",6083,3047,0,10.6849441997911
"9141","weekly",6083,3048,0,10.7435107237834
"9142","weekly",6083,3049,0,10.8353025272809
"9143","weekly",6083,3050,0,10.95266372482
"9144","weekly",6083,3051,0,11.0885882429866
"9145","weekly",6083,3052,0,11.2374049148784
"9146","weekly",6083,3053,0,11.395352374253
"9147","weekly",6083,3054,0,11.5609495508106
"9148","weekly",6083,3055,0,11.7350919232704
"9149","weekly",6083,3056,0,11.9208483921684
"9150","weekly",6083,3057,0,12.1229850344971
"9151","weekly",6083,3058,0,12.3472846510122
"9152","weekly",6083,3059,0,12.5997545519785
"9153","weekly",6083,3060,0,12.8858179704839
"9154","weekly",6083,3061,0,13.2095732191665
"9155","weekly",6083,3062,0,13.5731887275615
"9156","weekly",6083,3063,0,13.97648856249
"9157","weekly",6083,3064,0,14.4167732059286
"9158","weekly",6083,3065,0,14.8889094360929
"9159","weekly",6083,3066,0,15.3857033044624
"9160","weekly",6083,3067,0,15.898414299998
"9161","weekly",6083,3068,0,16.4178139251162
"9162","weekly",6083,3069,0,16.9351056707237
"9163","weekly",6083,3070,0,17.4424995150621
"9164","weekly",6083,3071,0,17.933885491293
"9165","weekly",6083,3072,0,18.4050078318396
"9166","weekly",6083,3073,0,18.8531909801677
"9167","weekly",6083,3074,0,19.2766476394609
"9168","weekly",6083,3075,0,19.6734899526637
"9169","weekly",6083,3076,0,20.0406355814775
"9170","weekly",6083,3077,0,20.3728397183731
"9171","weekly",6083,3078,0,20.6620881902636
"9172","weekly",6083,3079,0,20.8975547415757
"9173","weekly",6083,3080,0,21.0662549589179
"9174","weekly",6083,3081,0,21.1544177918549
"9175","weekly",6083,3082,0,21.1494485564035
"9176","weekly",6083,3083,0,21.0421972546028
"9177","weekly",6083,3084,0,20.8291161606467
"9178","weekly",6083,3085,0,20.5138442099415
"9179","weekly",6083,3086,0,20.107832053458
"9180","weekly",6083,3087,0,19.6298184055631
"9181","weekly",6083,3088,0,19.1042335496604
"9182","weekly",6083,3089,0,18.5588702590758
"9183","weekly",6083,3090,0,18.0222614594677
"9184","weekly",6083,3091,0,17.5212414011476
"9185","weekly",6083,3092,0,17.0790407164895
"9186","weekly",6083,3093,0,16.7140598525148
"9187","weekly",6083,3094,0,16.4392973313079
"9188","weekly",6083,3095,0,16.2622942915768
"9189","weekly",6083,3096,0,16.1854213535553
"9190","weekly",6083,3097,0,16.2063644833106
"9191","weekly",6083,3098,0,16.318732952248
"9192","weekly",6083,3099,0,16.5127811101265
"9193","weekly",6083,3100,0,16.7762786934327
"9194","weekly",6083,3101,0,17.0955650787801
"9195","weekly",6083,3102,0,17.4567792231683
"9196","weekly",6083,3103,0,17.8471833129006
"9197","weekly",6083,3104,0,18.2564224139496
"9198","weekly",6083,3105,0,18.67751750756
"9199","weekly",6083,3106,0,19.1073991938028
"9200","weekly",6083,3107,0,19.5468573711405
"9201","weekly",6083,3108,0,19.9998884605156
"9202","weekly",6083,3109,0,20.4725325864565
"9203","weekly",6083,3110,0,20.9713774327683
"9204","weekly",6083,3111,0,21.5021171771805
"9205","weekly",6083,3112,0,22.0677195859898
"9206","weekly",6083,3113,0,22.6672283027874
"9207","weekly",6083,3114,0,23.2954089886771
"9208","weekly",6083,3115,0,23.9425102324894
"9209","weekly",6083,3116,0,24.5949021909764
"9210","weekly",6083,3117,0,25.2364180849545
"9211","weekly",6083,3118,0,25.8502706046856
"9212","weekly",6083,3119,0,26.4212761119124
"9213","weekly",6083,3120,0,26.9380034362985
"9214","weekly",6083,3121,0,27.3944195794757
"9215","weekly",6083,3122,0,27.7906647963246
"9216","weekly",6083,3123,0,28.1327507345268
"9217","weekly",6083,3124,0,28.4311936015001
"9218","weekly",6083,3125,0,28.6988038883574
"9219","weekly",6083,3126,0,28.9479983317869
"9220","weekly",6083,3127,0,29.1880555825192
"9221","weekly",6083,3128,0,29.4227191806131
"9222","weekly",6083,3129,0,29.6484951300954
"9223","weekly",6083,3130,0,29.8539261378464
"9224","weekly",6083,3131,0,30.020054657507
"9225","weekly",6083,3132,0,30.1221888924629
"9226","weekly",6083,3133,0,30.1329261443461
"9227","weekly",6083,3134,0,30.0261524697416
"9228","weekly",6083,3135,0,29.7814609039342
"9229","weekly",6083,3136,0,29.3882021167956
"9230","weekly",6083,3137,0,28.848316848831
"9231","weekly",6083,3138,0,28.1772799354367
"9232","weekly",6083,3139,0,27.4028977291746
"9233","weekly",6083,3140,0,26.5622271685716
"9234","weekly",6083,3141,0,25.6972898363456
"9235","weekly",6083,3142,0,24.8505232010066
"9236","weekly",6083,3143,0,24.0607912963169
"9237","weekly",6083,3144,0,23.3604728181235
"9238","weekly",6083,3145,0,22.773805696721
"9239","weekly",6083,3146,0,22.3163562863483
"9240","weekly",6083,3147,0,21.9953157539712
"9241","weekly",6083,3148,0,21.8103065670148
"9242","weekly",6083,3149,0,21.7544619626424
"9243","weekly",6083,3150,0,21.8156586386613
"9244","weekly",6083,3151,0,21.9778816685139
"9245","weekly",6083,3152,0,22.2227443506854
"9246","weekly",6083,3153,0,22.5311625566537
"9247","weekly",6083,3154,0,22.8851067330252
"9248","weekly",6083,3155,0,23.2692599393486
"9249","weekly",6083,3156,0,23.6723421411152
"9250","weekly",6083,3157,0,24.0878568195185
"9251","weekly",6083,3158,0,24.514088407057
"9252","weekly",6083,3159,0,24.9533091774792
"9253","weekly",6083,3160,0,25.4103008144448
"9254","weekly",6083,3161,0,25.8904161392857
"9255","weekly",6083,3162,0,26.3974754958035
"9256","weekly",6083,3163,0,26.9318099460361
"9257","weekly",6083,3164,0,27.4886736444314
"9258","weekly",6083,3165,0,28.0575572199596
"9259","weekly",6083,3166,0,28.6222905884497
"9260","weekly",6083,3167,0,29.1620155601559
"9261","weekly",6083,3168,0,29.6533486697008
"9262","weekly",6083,3169,0,30.0732721609384
"9263","weekly",6083,3170,0,30.4023925536749
"9264","weekly",6083,3171,0,30.6279812820576
"9265","weekly",6083,3172,0,30.7461684373848
"9266","weekly",6083,3173,0,30.7627859774511
"9267","weekly",6083,3174,0,30.6926342130027
"9268","weekly",6083,3175,0,30.5572914618533
"9269","weekly",6083,3176,0,30.3818868115632
"9270","weekly",6083,3177,0,30.1914192701952
"9271","weekly",6083,3178,0,30.0072074496711
"9272","weekly",6083,3179,0,29.8439346031519
"9273","weekly",6083,3180,0,29.7075923888478
"9274","weekly",6083,3181,0,29.5944922639464
"9275","weekly",6083,3182,0,29.4914338327653
"9276","weekly",6083,3183,0,29.377074465534
"9277","weekly",6083,3184,0,29.224482623802
"9278","weekly",6083,3185,0,29.004728440661
"9279","weekly",6083,3186,0,28.6911559886066
"9280","weekly",6083,3187,0,28.2637393414625
"9281","weekly",6083,3188,0,27.7127505253011
"9282","weekly",6083,3189,0,27.0409749567334
"9283","weekly",6083,3190,0,26.263958049065
"9284","weekly",6083,3191,0,25.408209488116
"9285","weekly",6083,3192,0,24.5077825892658
"9286","weekly",6083,3193,0,23.6000046674162
"9287","weekly",6083,3194,0,22.721237980295
"9288","weekly",6083,3195,0,21.9033929432626
"9289","weekly",6083,3196,0,21.1715951350634
"9290","weekly",6083,3197,0,20.5430666187895
"9291","weekly",6083,3198,0,20.0270335043024
"9292","weekly",6083,3199,0,19.625362065126
"9293","weekly",6083,3200,0,19.3336380258843
"9294","weekly",6083,3201,0,19.1424849549658
"9295","weekly",6083,3202,0,19.0390099018405
"9296","weekly",6083,3203,0,19.0083247612638
"9297","weekly",6083,3204,0,19.0351018224319
"9298","weekly",6083,3205,0,19.1050877808593
"9299","weekly",6083,3206,0,19.2064475687221
"9300","weekly",6083,3207,0,19.3307715562405
"9301","weekly",6083,3208,0,19.4736023724545
"9302","weekly",6083,3209,0,19.6343056583428
"9303","weekly",6083,3210,0,19.8153715197404
"9304","weekly",6083,3211,0,20.021237403882
"9305","weekly",6083,3212,0,20.2567163078638
"9306","weekly",6083,3213,0,20.5253280835459
"9307","weekly",6083,3214,0,20.8277386273257
"9308","weekly",6083,3215,0,21.1605173090065
"9309","weekly",6083,3216,0,21.5154015212902
"9310","weekly",6083,3217,0,21.8792308638222
"9311","weekly",6083,3218,0,22.2346683130017
"9312","weekly",6083,3219,0,22.5617404324876
"9313","weekly",6083,3220,0,22.84009121079
"9314","weekly",6083,3221,0,23.0516692397068
"9315","weekly",6083,3222,0,23.1834040964895
"9316","weekly",6083,3223,0,23.2293438005145
"9317","weekly",6083,3224,0,23.191777767177
"9318","weekly",6083,3225,0,23.0810673914093
"9319","weekly",6083,3226,0,22.9141945361043
"9320","weekly",6083,3227,0,22.7123189766135
"9321","weekly",6083,3228,0,22.4978154004202
"9322","weekly",6083,3229,0,22.2912941696413
"9323","weekly",6083,3230,0,22.1090181032196
"9324","weekly",6083,3231,0,21.9609757197031
"9325","weekly",6083,3232,0,21.8497316508729
"9326","weekly",6083,3233,0,21.7700911645079
"9327","weekly",6083,3234,0,21.7095892496582
"9328","weekly",6083,3235,0,21.64981099125
"9329","weekly",6083,3236,0,21.568519545981
"9330","weekly",6083,3237,0,21.4424734193017
"9331","weekly",6083,3238,0,21.250654828269
"9332","weekly",6083,3239,0,20.977452741703
"9333","weekly",6083,3240,0,20.6152310307079
"9334","weekly",6083,3241,0,20.1657456129324
"9335","weekly",6083,3242,0,19.6400851528742
"9336","weekly",6083,3243,0,19.0571473103191
"9337","weekly",6083,3244,0,18.4410095787025
"9338","weekly",6083,3245,0,17.8177831733483
"9339","weekly",6083,3246,0,17.2125773871958
"9340","weekly",6083,3247,0,16.647063389566
"9341","weekly",6083,3248,0,16.1378914603847
"9342","weekly",6083,3249,0,15.6959832632856
"9343","weekly",6083,3250,0,15.3265616225544
"9344","weekly",6083,3251,0,15.0297162179486
"9345","weekly",6083,3252,0,14.8013151066552
"9346","weekly",6083,3253,0,14.6341197711008
"9347","weekly",6083,3254,0,14.5190077284351
"9348","weekly",6083,3255,0,14.4462286587805
"9349","weekly",6083,3256,0,14.4066137349873
"9350","weekly",6083,3257,0,14.3926361102494
"9351","weekly",6083,3258,0,14.399204728601
"9352","weekly",6083,3259,0,14.4240830198978
"9353","weekly",6083,3260,0,14.4678659751371
"9354","weekly",6083,3261,0,14.5333897795354
"9355","weekly",6083,3262,0,14.6251364292111
"9356","weekly",6083,3263,0,14.7481517695414
"9357","weekly",6083,3264,0,14.9066089561966
"9358","weekly",6083,3265,0,15.1027789570508
"9359","weekly",6083,3266,0,15.3360578299034
"9360","weekly",6083,3267,0,15.6022911064501
"9361","weekly",6083,3268,0,15.8935084187833
"9362","weekly",6083,3269,0,16.1981702146877
"9363","weekly",6083,3270,0,16.5019950981659
"9364","weekly",6083,3271,0,16.7893634384091
"9365","weekly",6083,3272,0,17.0451776226982
"9366","weekly",6083,3273,0,17.2569242457976
"9367","weekly",6083,3274,0,17.4165752489353
"9368","weekly",6083,3275,0,17.5219365679077
"9369","weekly",6083,3276,0,17.577135352185
"9370","weekly",6083,3277,0,17.5921167596243
"9371","weekly",6083,3278,0,17.5812404407479
"9372","weekly",6083,3279,0,17.5612484739977
"9373","weekly",6083,3280,0,17.548963816429
"9374","weekly",6083,3281,0,17.5590602645534
"9375","weekly",6083,3282,0,17.6021556839405
"9376","weekly",6083,3283,0,17.6833757398126
"9377","weekly",6083,3284,0,17.8014630840917
"9378","weekly",6083,3285,0,17.9484855314076
"9379","weekly",6083,3286,0,18.1102110506617
"9380","weekly",6083,3287,0,18.2672276534431
"9381","weekly",6083,3288,0,18.3968465980724
"9382","weekly",6083,3289,0,18.4757091825013
"9383","weekly",6083,3290,0,18.4828312913596
"9384","weekly",6083,3291,0,18.4026242239925
"9385","weekly",6083,3292,0,18.2273154339928
"9386","weekly",6083,3293,0,17.9582385508402
"9387","weekly",6083,3294,0,17.6056884720456
"9388","weekly",6083,3295,0,17.1873804268253
"9389","weekly",6083,3296,0,16.7258852709783
"9390","weekly",6083,3297,0,16.2456268007518
"9391","weekly",6083,3298,0,15.7700361638563
"9392","weekly",6083,3299,0,15.3192989657691
"9393","weekly",6083,3300,0,14.9089243515627
"9394","weekly",6083,3301,0,14.5491446595988
"9395","weekly",6083,3302,0,14.2450071540661
"9396","weekly",6083,3303,0,13.9969701759692
"9397","weekly",6083,3304,0,13.8019121478719
"9398","weekly",6083,3305,0,13.6540618557483
"9399","weekly",6083,3306,0,13.5461937445798
"9400","weekly",6083,3307,0,13.470975836477
"9401","weekly",6083,3308,0,13.4219411776285
"9402","weekly",6083,3309,0,13.394336222118
"9403","weekly",6083,3310,0,13.3856568874326
"9404","weekly",6083,3311,0,13.395803824591
"9405","weekly",6083,3312,0,13.4268399032007
"9406","weekly",6083,3313,0,13.4823930662824
"9407","weekly",6083,3314,0,13.5667989735375
"9408","weekly",6083,3315,0,13.6841075985576
"9409","weekly",6083,3316,0,13.8370843329467
"9410","weekly",6083,3317,0,14.0263272894081
"9411","weekly",6083,3318,0,14.2496098910051
"9412","weekly",6083,3319,0,14.501548221946
"9413","weekly",6083,3320,0,14.7736827257904
"9414","weekly",6083,3321,0,15.0550409443968
"9415","weekly",6083,3322,0,15.3331967875711
"9416","weekly",6083,3323,0,15.5957554335473
"9417","weekly",6083,3324,0,15.8320831143064
"9418","weekly",6083,3325,0,16.0350005512009
"9419","weekly",6083,3326,0,16.202111213177
"9420","weekly",6083,3327,0,16.3364737661323
"9421","weekly",6083,3328,0,16.4464529700927
"9422","weekly",6083,3329,0,16.5447571231343
"9423","weekly",6083,3330,0,16.6468320544809
"9424","weekly",6083,3331,0,16.7688776600407
"9425","weekly",6083,3332,0,16.9257623328594
"9426","weekly",6083,3333,0,17.1290530252154
"9427","weekly",6083,3334,0,17.3852999334922
"9428","weekly",6083,3335,0,17.6946622330288
"9429","weekly",6083,3336,0,18.0499618266185
"9430","weekly",6083,3337,0,18.436300930276
"9431","weekly",6083,3338,0,18.8314401613025
"9432","weekly",6083,3339,0,19.2071493278199
"9433","weekly",6083,3340,0,19.5316564280947
"9434","weekly",6083,3341,0,19.7731055201148
"9435","weekly",6083,3342,0,19.9036259518762
"9436","weekly",6083,3343,0,19.9033180493861
"9437","weekly",6083,3344,0,19.7633147326706
"9438","weekly",6083,3345,0,19.4871921863523
"9439","weekly",6083,3346,0,19.0903778962092
"9440","weekly",6083,3347,0,18.5977169464459
"9441","weekly",6083,3348,0,18.0398125895008
"9442","weekly",6083,3349,0,17.4489878755994
"9443","weekly",6083,3350,0,16.8556512792129
"9444","weekly",6083,3351,0,16.2856269903132
"9445","weekly",6083,3352,0,15.7586430127558
"9446","weekly",6083,3353,0,15.2878874622402
"9447","weekly",6083,3354,0,14.8803932743904
"9448","weekly",6083,3355,0,14.5379585681949
"9449","weekly",6083,3356,0,14.2583457640721
"9450","weekly",6083,3357,0,14.0365193362522
"9451","weekly",6083,3358,0,13.8659934514435
"9452","weekly",6083,3359,0,13.7399550033151
"9453","weekly",6083,3360,0,13.6520913936547
"9454","weekly",6083,3361,0,13.5973021295504
"9455","weekly",6083,3362,0,13.5720551955164
"9456","weekly",6083,3363,0,13.574413186172
"9457","weekly",6083,3364,0,13.6037438586354
"9458","weekly",6083,3365,0,13.6601707395457
"9459","weekly",6083,3366,0,13.7438545008481
"9460","weekly",6083,3367,0,13.8542184619291
"9461","weekly",6083,3368,0,13.9892406999134
"9462","weekly",6083,3369,0,14.1449334570207
"9463","weekly",6083,3370,0,14.3151198460255
"9464","weekly",6083,3371,0,14.4915960555663
"9465","weekly",6083,3372,0,14.6647278237797
"9466","weekly",6083,3373,0,14.8244666339015
"9467","weekly",6083,3374,0,14.9616855794156
"9468","weekly",6083,3375,0,15.0696430240059
"9469","weekly",6083,3376,0,15.1453134994954
"9470","weekly",6083,3377,0,15.1903122024087
"9471","weekly",6083,3378,0,15.2112001451897
"9472","weekly",6083,3379,0,15.2190810791508
"9473","weekly",6083,3380,0,15.2285492585215
"9474","weekly",6083,3381,0,15.2561669752758
"9475","weekly",6083,3382,0,15.3187031895795
"9476","weekly",6083,3383,0,15.4313415124197
"9477","weekly",6083,3384,0,15.6059924952278
"9478","weekly",6083,3385,0,15.8497660553257
"9479","weekly",6083,3386,0,16.1636182647489
"9480","weekly",6083,3387,0,16.5412083968404
"9481","weekly",6083,3388,0,16.9680861926463
"9482","weekly",6083,3389,0,17.4214453919267
"9483","weekly",6083,3390,0,17.8707702262909
"9484","weekly",6083,3391,0,18.2796938737447
"9485","weekly",6083,3392,0,18.6092202625005
"9486","weekly",6083,3393,0,18.8221233981021
"9487","weekly",6083,3394,0,18.8879094695731
"9488","weekly",6083,3395,0,18.7873701381031
"9489","weekly",6083,3396,0,18.5156582464406
"9490","weekly",6083,3397,0,18.0830866036704
"9491","weekly",6083,3398,0,17.5134292388684
"9492","weekly",6083,3399,0,16.8401772982033
"9493","weekly",6083,3400,0,16.101702133572
"9494","weekly",6083,3401,0,15.3364862488233
"9495","weekly",6083,3402,0,14.5790883184236
"9496","weekly",6083,3403,0,13.8576458204188
"9497","weekly",6083,3404,0,13.1929303602665
"9498","weekly",6083,3405,0,12.5984144607501
"9499","weekly",6083,3406,0,12.0811867217126
"9500","weekly",6083,3407,0,11.6432542323892
"9501","weekly",6083,3408,0,11.2829232699587
"9502","weekly",6083,3409,0,10.9960618933837
"9503","weekly",6083,3410,0,10.7771446101251
"9504","weekly",6083,3411,0,10.6200445895374
"9505","weekly",6083,3412,0,10.5185745671333
"9506","weekly",6083,3413,0,10.4667933103046
"9507","weekly",6083,3414,0,10.4591011474258
"9508","weekly",6083,3415,0,10.4901537999394
"9509","weekly",6083,3416,0,10.5546328827913
"9510","weekly",6083,3417,0,10.6469247292844
"9511","weekly",6083,3418,0,10.760774920258
"9512","weekly",6083,3419,0,10.8890006236907
"9513","weekly",6083,3420,0,11.0233516555745
"9514","weekly",6083,3421,0,11.1546076691011
"9515","weekly",6083,3422,0,11.2729760780348
"9516","weekly",6083,3423,0,11.3688083063171
"9517","weekly",6083,3424,0,11.4335823451984
"9518","weekly",6083,3425,0,11.461019738781
"9519","weekly",6083,3426,0,11.448138481006
"9520","weekly",6083,3427,0,11.3960179360874
"9521","weekly",6083,3428,0,11.3100875406235
"9522","weekly",6083,3429,0,11.1998460523901
"9523","weekly",6083,3430,0,11.0780448958103
"9524","weekly",6083,3431,0,10.9594837478362
"9525","weekly",6083,3432,0,10.8596284991072
"9526","weekly",6083,3433,0,10.7932532872073
"9527","weekly",6083,3434,0,10.7732411683246
"9528","weekly",6083,3435,0,10.8095855223655
"9529","weekly",6083,3436,0,10.908555298869
"9530","weekly",6083,3437,0,11.0719515817182
"9531","weekly",6083,3438,0,11.2964045862609
"9532","weekly",6083,3439,0,11.5727363061742
"9533","weekly",6083,3440,0,11.885525795049
"9534","weekly",6083,3441,0,12.2131260756869
"9535","weekly",6083,3442,0,12.5284426865401
"9536","weekly",6083,3443,0,12.8007367499231
"9537","weekly",6083,3444,0,12.9985220952658
"9538","weekly",6083,3445,0,13.0933023341349
"9539","weekly",6083,3446,0,13.0635331777448
"9540","weekly",6083,3447,0,12.8979512407968
"9541","weekly",6083,3448,0,12.5974283588876
"9542","weekly",6083,3449,0,12.1748372263683
"9543","weekly",6083,3450,0,11.6529494920687
"9544","weekly",6083,3451,0,11.0609208902169
"9545","weekly",6083,3452,0,10.4302391321398
"9546","weekly",6083,3453,0,9.79101887033903
"9547","weekly",6083,3454,0,9.16919291723752
"9548","weekly",6083,3455,0,8.58517971381661
"9549","weekly",6083,3456,0,8.05350196972722
"9550","weekly",6083,3457,0,7.58311610671808
"9551","weekly",6083,3458,0,7.17846759688109
"9552","weekly",6083,3459,0,6.84062893604278
"9553","weekly",6083,3460,0,6.56837949549663
"9554","weekly",6083,3461,0,6.35909955273382
"9555","weekly",6083,3462,0,6.20942767849192
"9556","weekly",6083,3463,0,6.11567966526491
"9557","weekly",6083,3464,0,6.07405228167772
"9558","weekly",6083,3465,0,6.08064469278906
"9559","weekly",6083,3466,0,6.13133293250576
"9560","weekly",6083,3467,0,6.2215351286286
"9561","weekly",6083,3468,0,6.34591163106961
"9562","weekly",6083,3469,0,6.49805641069543
"9563","weekly",6083,3470,0,6.67025240298244
"9564","weekly",6083,3471,0,6.85337824031012
"9565","weekly",6083,3472,0,7.03705750356312
"9566","weekly",6083,3473,0,7.21012275473913
"9567","weekly",6083,3474,0,7.36141657709959
"9568","weekly",6083,3475,0,7.48087182629388
"9569","weekly",6083,3476,0,7.56071993752266
"9570","weekly",6083,3477,0,7.59660093364073
"9571","weekly",6083,3478,0,7.5883274214284
"9572","weekly",6083,3479,0,7.5401090803789
"9573","weekly",6083,3480,0,7.46016576720285
"9574","weekly",6083,3481,0,7.35980646079406
"9575","weekly",6083,3482,0,7.25217290458386
"9576","weekly",6083,3483,0,7.15089772743522
"9577","weekly",6083,3484,0,7.0688958427927
"9578","weekly",6083,3485,0,7.01741780815064
"9579","weekly",6083,3486,0,7.00538596496335
"9580","weekly",6083,3487,0,7.03894795422093
"9581","weekly",6083,3488,0,7.12114130548434
"9582","weekly",6083,3489,0,7.2515729656443
"9583","weekly",6083,3490,0,7.42607176364982
"9584","weekly",6083,3491,0,7.63635535447975
"9585","weekly",6083,3492,0,7.86984551139176
"9586","weekly",6083,3493,0,8.10983821892296
"9587","weekly",6083,3494,0,8.33625210099854
"9588","weekly",6083,3495,0,8.5271068168513
"9589","weekly",6083,3496,0,8.66071093763458
"9590","weekly",6083,3497,0,8.7183365400997
"9591","weekly",6083,3498,0,8.68674357686541
"9592","weekly",6083,3499,0,8.56015714278328
"9593","weekly",6083,3500,0,8.34119510665187
"9594","weekly",6083,3501,0,8.0403272669937
"9595","weekly",6083,3502,0,7.67416179526481
"9596","weekly",6083,3503,0,7.26296779696713
"9597","weekly",6083,3504,0,6.82802284459467
"9598","weekly",6083,3505,0,6.38931831083028
"9599","weekly",6083,3506,0,5.96395923141972
"9600","weekly",6083,3507,0,5.56535739282845
"9601","weekly",6083,3508,0,5.2031224736711
"9602","weekly",6083,3509,0,4.88344892748864
"9603","weekly",6083,3510,0,4.60977398962132
"9604","weekly",6083,3511,0,4.38351675352897
"9605","weekly",6083,3512,0,4.20476658517146
"9606","weekly",6083,3513,0,4.07284626821638
"9607","weekly",6083,3514,0,3.98671828239458
"9608","weekly",6083,3515,0,3.94522856536787
"9609","weekly",6083,3516,0,3.94719400853501
"9610","weekly",6083,3517,0,3.99134336758289
"9611","weekly",6083,3518,0,4.07612240509479
"9612","weekly",6083,3519,0,4.19937876280164
"9613","weekly",6083,3520,0,4.35795512702316
"9614","weekly",6083,3521,0,4.54724335018545
"9615","weekly",6083,3522,0,4.76078565890202
"9616","weekly",6083,3523,0,4.9900434036681
"9617","weekly",6083,3524,0,5.22447249482502
"9618","weekly",6083,3525,0,5.4520263466984
"9619","weekly",6083,3526,0,5.66013500798726
"9620","weekly",6083,3527,0,5.83708498306805
"9621","weekly",6083,3528,0,5.97357919364003
"9622","weekly",6083,3529,0,6.06414738294552
"9623","weekly",6083,3530,0,6.10806257644435
"9624","weekly",6083,3531,0,6.10952456499217
"9625","weekly",6083,3532,0,6.07706661670818
"9626","weekly",6083,3533,0,6.02235018752981
"9627","weekly",6083,3534,0,5.95865083040553
"9628","weekly",6083,3535,0,5.89936058604508
"9629","weekly",6083,3536,0,5.85674823977752
"9630","weekly",6083,3537,0,5.84108126317733
"9631","weekly",6083,3538,0,5.86008308079909
"9632","weekly",6083,3539,0,5.91861841321224
"9633","weekly",6083,3540,0,6.01848134075408
"9634","weekly",6083,3541,0,6.15819704806199
"9635","weekly",6083,3542,0,6.33282004937064
"9636","weekly",6083,3543,0,6.53379666456021
"9637","weekly",6083,3544,0,6.74903278847341
"9638","weekly",6083,3545,0,6.96334181135171
"9639","weekly",6083,3546,0,7.15941565178218
"9640","weekly",6083,3547,0,7.31935195549158
"9641","weekly",6083,3548,0,7.42660003417404
"9642","weekly",6083,3549,0,7.46801103834878
"9643","weekly",6083,3550,0,7.43552684102906
"9644","weekly",6083,3551,0,7.32728085294366
"9645","weekly",6083,3552,0,7.14766241793404
"9646","weekly",6083,3553,0,6.90635477326578
"9647","weekly",6083,3554,0,6.61681066977326
"9648","weekly",6083,3555,0,6.29438788001426
"9649","weekly",6083,3556,0,5.95457960193744
"9650","weekly",6083,3557,0,5.61152956291335
"9651","weekly",6083,3558,0,5.27730487700319
"9652","weekly",6083,3559,0,4.96163416138734
"9653","weekly",6083,3560,0,4.67180312765413
"9654","weekly",6083,3561,0,4.41291464146343
"9655","weekly",6083,3562,0,4.18835772690363
"9656","weekly",6083,3563,0,4.00027831218904
"9657","weekly",6083,3564,0,3.84999854685157
"9658","weekly",6083,3565,0,3.73835341428639
"9659","weekly",6083,3566,0,3.66593050601659
"9660","weekly",6083,3567,0,3.63320738211041
"9661","weekly",6083,3568,0,3.64058220037259
"9662","weekly",6083,3569,0,3.68829076757538
"9663","weekly",6083,3570,0,3.77620142768137
"9664","weekly",6083,3571,0,3.90348348530824
"9665","weekly",6083,3572,0,4.06816053361399
"9666","weekly",6083,3573,0,4.26659111582558
"9667","weekly",6083,3574,0,4.49296515225433
"9668","weekly",6083,3575,0,4.73895633799839
"9669","weekly",6083,3576,0,4.99370732004172
"9670","weekly",6083,3577,0,5.24431577743962
"9671","weekly",6083,3578,0,5.47690865898039
"9672","weekly",6083,3579,0,5.67823590472108
"9673","weekly",6083,3580,0,5.83752302068751
"9674","weekly",6083,3581,0,5.94817179799429
"9675","weekly",6083,3582,0,6.00887301826151
"9676","weekly",6083,3583,0,6.02383044594899
"9677","weekly",6083,3584,0,6.00204868987203
"9678","weekly",6083,3585,0,5.9559020542074
"9679","weekly",6083,3586,0,5.8993664617883
"9680","weekly",6083,3587,0,5.84630805280176
"9681","weekly",6083,3588,0,5.80910423683235
"9682","weekly",6083,3589,0,5.79770067086793
"9683","weekly",6083,3590,0,5.81905864519649
"9684","weekly",6083,3591,0,5.87686787813436
"9685","weekly",6083,3592,0,5.97139733735821
"9686","weekly",6083,3593,0,6.09941257719765
"9687","weekly",6083,3594,0,6.25420291061164
"9688","weekly",6083,3595,0,6.42568938824115
"9689","weekly",6083,3596,0,6.60090098599903
"9690","weekly",6083,3597,0,6.76494559389539
"9691","weekly",6083,3598,0,6.90234728928772
"9692","weekly",6083,3599,0,6.99875473752036
"9693","weekly",6083,3600,0,7.04271423374303
"9694","weekly",6083,3601,0,7.02713847914129
"9695","weekly",6083,3602,0,6.95012820986449
"9696","weekly",6083,3603,0,6.81495598677429
"9697","weekly",6083,3604,0,6.62924566402216
"9698","weekly",6083,3605,0,6.40358782754629
"9699","weekly",6083,3606,0,6.14994366979226
"9700","weekly",6083,3607,0,5.88018005809863
"9701","weekly",6083,3608,0,5.60497439681785
"9702","weekly",6083,3609,0,5.33318652946036
"9703","weekly",6083,3610,0,5.07167034002487
"9704","weekly",6083,3611,0,4.82541976796347
"9705","weekly",6083,3612,0,4.59791620186297
"9706","weekly",6083,3613,0,4.39155378603027
"9707","weekly",6083,3614,0,4.20804866671097
"9708","weekly",6083,3615,0,4.04877332519391
"9709","weekly",6083,3616,0,3.91498896499979
"9710","weekly",6083,3617,0,3.80797293680371
"9711","weekly",6083,3618,0,3.72905266028829
"9712","weekly",6083,3619,0,3.67956247227266
"9713","weekly",6083,3620,0,3.66073689016048
"9714","weekly",6083,3621,0,3.67354613507632
"9715","weekly",6083,3622,0,3.71847199258627
"9716","weekly",6083,3623,0,3.79521958931582
"9717","weekly",6083,3624,0,3.90236863616155
"9718","weekly",6083,3625,0,4.03698968645767
"9719","weekly",6083,3626,0,4.19428658578545
"9720","weekly",6083,3627,0,4.36736815611948
"9721","weekly",6083,3628,0,4.5472835956316
"9722","weekly",6083,3629,0,4.72345283816685
"9723","weekly",6083,3630,0,4.88456258756923
"9724","weekly",6083,3631,0,5.01987637122511
"9725","weekly",6083,3632,0,5.12075168656884
"9726","weekly",6083,3633,0,5.18203136054217
"9727","weekly",6083,3634,0,5.20294924988411
"9728","weekly",6083,3635,0,5.1872968217649
"9729","weekly",6083,3636,0,5.14280575382872
"9730","weekly",6083,3637,0,5.0799250160926
"9731","weekly",6083,3638,0,5.01031366275856
"9732","weekly",6083,3639,0,4.94538351224037
"9733","weekly",6083,3640,0,4.89512702473439
"9734","weekly",6083,3641,0,4.86731889162911
"9735","weekly",6083,3642,0,4.86705336527666
"9736","weekly",6083,3643,0,4.89651433913969
"9737","weekly",6083,3644,0,4.95487832475919
"9738","weekly",6083,3645,0,5.03830390048097
"9739","weekly",6083,3646,0,5.14003580628196
"9740","weekly",6083,3647,0,5.25066800494096
"9741","weekly",6083,3648,0,5.35886424817727
"9742","weekly",6083,3649,0,5.45238561421866
"9743","weekly",6083,3650,0,5.51937138091307
"9744","weekly",6083,3651,0,5.54992321849568
"9745","weekly",6083,3652,0,5.53750390457571
"9746","weekly",6083,3653,0,5.47985578837688
"9747","weekly",6083,3654,0,5.37919539833092
"9748","weekly",6083,3655,0,5.24163629091345
"9749","weekly",6083,3656,0,5.07600845085108
"9750","weekly",6083,3657,0,4.8923893419269
"9751","weekly",6083,3658,0,4.70068882158375
"9752","weekly",6083,3659,0,4.50954845934757
"9753","weekly",6083,3660,0,4.32568010344403
"9754","weekly",6083,3661,0,4.15364014424267
"9755","weekly",6083,3662,0,3.99595289886929
"9756","weekly",6083,3663,0,3.85346563169151
"9757","weekly",6083,3664,0,3.72582415948273
"9758","weekly",6083,3665,0,3.61198090127436
"9759","weekly",6083,3666,0,3.51067095538019
"9760","weekly",6083,3667,0,3.42080991549301
"9761","weekly",6083,3668,0,3.34178075415548
"9762","weekly",6083,3669,0,3.27359029953368
"9763","weekly",6083,3670,0,3.21689126989804
"9764","weekly",6083,3671,0,3.17288246715907
"9765","weekly",6083,3672,0,3.14311344569433
"9766","weekly",6083,3673,0,3.12922644862556
"9767","weekly",6083,3674,0,3.13266620173818
"9768","weekly",6083,3675,0,3.1543801278458
"9769","weekly",6083,3676,0,3.19452378808637
"9770","weekly",6083,3677,0,3.25218548864359
"9771","weekly",6083,3678,0,3.32515399967087
"9772","weekly",6083,3679,0,3.40977296695928
"9773","weekly",6083,3680,0,3.50094687606907
"9774","weekly",6083,3681,0,3.59237216171459
"9775","weekly",6083,3682,0,3.67704700783361
"9776","weekly",6083,3683,0,3.74805492337327
"9777","weekly",6083,3684,0,3.79952795716235
"9778","weekly",6083,3685,0,3.82760565070203
"9779","weekly",6083,3686,0,3.83115977348643
"9780","weekly",6083,3687,0,3.81208740008879
"9781","weekly",6083,3688,0,3.77508594511892
"9782","weekly",6083,3689,0,3.72697105770931
"9783","weekly",6083,3690,0,3.67573286607512
"9784","weekly",6083,3691,0,3.62949438611395
"9785","weekly",6083,3692,0,3.5956330250192
"9786","weekly",6083,3693,0,3.58015419830917
"9787","weekly",6083,3694,0,3.58724010214792
"9788","weekly",6083,3695,0,3.61897192831384
"9789","weekly",6083,3696,0,3.67513780581066
"9790","weekly",6083,3697,0,3.75309042294975
"9791","weekly",6083,3698,0,3.84768190261093
"9792","weekly",6083,3699,0,3.95136885804823
"9793","weekly",6083,3700,0,4.05461683720932
"9794","weekly",6083,3701,0,4.14671028323937
"9795","weekly",6083,3702,0,4.21697579842294
"9796","weekly",6083,3703,0,4.25627027379232
"9797","weekly",6083,3704,0,4.25843067729147
"9798","weekly",6083,3705,0,4.22131134298979
"9799","weekly",6083,3706,0,4.14710616448428
"9800","weekly",6083,3707,0,4.04185633090674
"9801","weekly",6083,3708,0,3.91429341357434
"9802","weekly",6083,3709,0,3.77434975851793
"9803","weekly",6083,3710,0,3.63171110171243
"9804","weekly",6083,3711,0,3.49469576578122
"9805","weekly",6083,3712,0,3.369587348192
"9806","weekly",6083,3713,0,3.26040175693925
"9807","weekly",6083,3714,0,3.16898330298136
"9808","weekly",6083,3715,0,3.0953067872033
"9809","weekly",6083,3716,0,3.03788337940932
"9810","weekly",6083,3717,0,2.99421160123893
"9811","weekly",6083,3718,0,2.96124566072831
"9812","weekly",6083,3719,0,2.93586292030523
"9813","weekly",6083,3720,0,2.91530594229698
"9814","weekly",6083,3721,0,2.89755908906227
"9815","weekly",6083,3722,0,2.88160988039454
"9816","weekly",6083,3723,0,2.8675519010576
"9817","weekly",6083,3724,0,2.85651067903382
"9818","weekly",6083,3725,0,2.85040803434094
"9819","weekly",6083,3726,0,2.85160987704876
"9820","weekly",6083,3727,0,2.86251603611163
"9821","weekly",6083,3728,0,2.88514623939409
"9822","weekly",6083,3729,0,2.92076120770071
"9823","weekly",6083,3730,0,2.96954393398482
"9824","weekly",6083,3731,0,3.03036329353927
"9825","weekly",6083,3732,0,3.10065240276163
"9826","weekly",6083,3733,0,3.17645043233642
"9827","weekly",6083,3734,0,3.25266390136676
"9828","weekly",6083,3735,0,3.32358468486927
"9829","weekly",6083,3736,0,3.38364739151439
"9830","weekly",6083,3737,0,3.42832688600174
"9831","weekly",6083,3738,0,3.45499826336163
"9832","weekly",6083,3739,0,3.46354904506006
"9833","weekly",6083,3740,0,3.45657658739947
"9834","weekly",6083,3741,0,3.43911596338148
"9835","weekly",6083,3742,0,3.4179786190798
"9836","weekly",6083,3743,0,3.40085597947473
"9837","weekly",6083,3744,0,3.39547403759207
"9838","weekly",6083,3745,0,3.40882758170483
"9839","weekly",6083,3746,0,3.44653862001724
"9840","weekly",6083,3747,0,3.51241231663153
"9841","weekly",6083,3748,0,3.60802586723003
"9842","weekly",6083,3749,0,3.73231230062083
"9843","weekly",6083,3750,0,3.88114886853145
"9844","weekly",6083,3751,0,4.04706051043468
"9845","weekly",6083,3752,0,4.21924495432177
"9846","weekly",6083,3753,0,4.38416427213815
"9847","weekly",6083,3754,0,4.52687197737396
"9848","weekly",6083,3755,0,4.63303135920432
"9849","weekly",6083,3756,0,4.69128090943559
"9850","weekly",6083,3757,0,4.69535130407894
"9851","weekly",6083,3758,0,4.64529413334094
"9852","weekly",6083,3759,0,4.54741893778555
"9853","weekly",6083,3760,0,4.41296545328805
"9854","weekly",6083,3761,0,4.25595274128136
"9855","weekly",6083,3762,0,4.09084817793337
"9856","weekly",6083,3763,0,3.93062499968801
"9857","weekly",6083,3764,0,3.78551801285357
"9858","weekly",6083,3765,0,3.66250110123656
"9859","weekly",6083,3766,0,3.56531938636908
"9860","weekly",6083,3767,0,3.49484654940898
"9861","weekly",6083,3768,0,3.44958395132562
"9862","weekly",6083,3769,0,3.42619978816947
"9863","weekly",6083,3770,0,3.42008412984433
"9864","weekly",6083,3771,0,3.4259400650335
"9865","weekly",6083,3772,0,3.43842731165932
"9866","weekly",6083,3773,0,3.452834551048
"9867","weekly",6083,3774,0,3.46570371725829
"9868","weekly",6083,3775,0,3.47529436243349
"9869","weekly",6083,3776,0,3.48178336943965
"9870","weekly",6083,3777,0,3.48714800612652
"9871","weekly",6083,3778,0,3.49475687154336
"9872","weekly",6083,3779,0,3.50875891168835
"9873","weekly",6083,3780,0,3.53338851683657
"9874","weekly",6083,3781,0,3.57229078700766
"9875","weekly",6083,3782,0,3.62793363587116
"9876","weekly",6083,3783,0,3.70113951779786
"9877","weekly",6083,3784,0,3.79075922115589
"9878","weekly",6083,3785,0,3.89352675835835
"9879","weekly",6083,3786,0,4.00416310556466
"9880","weekly",6083,3787,0,4.11582480813377
"9881","weekly",6083,3788,0,4.22088539760443
"9882","weekly",6083,3789,0,4.31208369223168
"9883","weekly",6083,3790,0,4.3838708330004
"9884","weekly",6083,3791,0,4.43359358506859
"9885","weekly",6083,3792,0,4.46226736760582
"9886","weekly",6083,3793,0,4.4747089665907
"9887","weekly",6083,3794,0,4.47900309634861
"9888","weekly",6083,3795,0,4.48547206856892
"9889","weekly",6083,3796,0,4.50542702031089
"9890","weekly",6083,3797,0,4.54996050029877
"9891","weekly",6083,3798,0,4.62892140616896
"9892","weekly",6083,3799,0,4.75006534103886
"9893","weekly",6083,3800,0,4.91826783138094
"9894","weekly",6083,3801,0,5.13466912665172
"9895","weekly",6083,3802,0,5.3957016558561
"9896","weekly",6083,3803,0,5.69212273295852
"9897","weekly",6083,3804,0,6.0083924101782
"9898","weekly",6083,3805,0,6.32291055651149
"9899","weekly",6083,3806,0,6.60962692511384
"9900","weekly",6083,3807,0,6.84124431965756
"9901","weekly",6083,3808,0,6.99364966206485
"9902","weekly",6083,3809,0,7.05054221540922
"9903","weekly",6083,3810,0,7.0068557865452
"9904","weekly",6083,3811,0,6.86980077959015
"9905","weekly",6083,3812,0,6.65716322272783
"9906","weekly",6083,3813,0,6.39349354489241
"9907","weekly",6083,3814,0,6.10547618719283
"9908","weekly",6083,3815,0,5.81780532642733
"9909","weekly",6083,3816,0,5.55040684467531
"9910","weekly",6083,3817,0,5.317193992174
"9911","weekly",6083,3818,0,5.12605218452518
"9912","weekly",6083,3819,0,4.97955389184062
"9913","weekly",6083,3820,0,4.87596091951127
"9914","weekly",6083,3821,0,4.81025065275026
"9915","weekly",6083,3822,0,4.77508715109434
"9916","weekly",6083,3823,0,4.76177654165076
"9917","weekly",6083,3824,0,4.76127370615723
"9918","weekly",6083,3825,0,4.76525322816451
"9919","weekly",6083,3826,0,4.76715919087292
"9920","weekly",6083,3827,0,4.76306173155899
"9921","weekly",6083,3828,0,4.7521272173035
"9922","weekly",6083,3829,0,4.73657626405475
"9923","weekly",6083,3830,0,4.72113363313838
"9924","weekly",6083,3831,0,4.71210425696336
"9925","weekly",6083,3832,0,4.71628019001218
"9926","weekly",6083,3833,0,4.73987213510554
"9927","weekly",6083,3834,0,4.78759063201142
"9928","weekly",6083,3835,0,4.86192538627074
"9929","weekly",6083,3836,0,4.9626300833479
"9930","weekly",6083,3837,0,5.08643125434173
"9931","weekly",6083,3838,0,5.22702875075629
"9932","weekly",6083,3839,0,5.37550273124361
"9933","weekly",6083,3840,0,5.52119959381525
"9934","weekly",6083,3841,0,5.65326451117289
"9935","weekly",6083,3842,0,5.76248386796215
"9936","weekly",6083,3843,0,5.84306994307553
"9937","weekly",6083,3844,0,5.89411640443723
"9938","weekly",6083,3845,0,5.9201801342715
"9939","weekly",6083,3846,0,5.93086749856593
"9940","weekly",6083,3847,0,5.9395756656304
"9941","weekly",6083,3848,0,5.96176439465489
"9942","weekly",6083,3849,0,6.01317379582906
"9943","weekly",6083,3850,0,6.10826541492133
"9944","weekly",6083,3851,0,6.25894201546907
"9945","weekly",6083,3852,0,6.47341181684169
"9946","weekly",6083,3853,0,6.7549891412782
"9947","weekly",6083,3854,0,7.10070094934781
"9948","weekly",6083,3855,0,7.49979261707631
"9949","weekly",6083,3856,0,7.93254869157681
"9950","weekly",6083,3857,0,8.37015206305659
"9951","weekly",6083,3858,0,8.77640786010306
"9952","weekly",6083,3859,0,9.1118474136747
"9953","weekly",6083,3860,0,9.33993065229151
"9954","weekly",6083,3861,0,9.43401949477266
"9955","weekly",6083,3862,0,9.38304767146474
"9956","weekly",6083,3863,0,9.19392183143646
"9957","weekly",6083,3864,0,8.88977527944371
"9958","weekly",6083,3865,0,8.50474659437896
"9959","weekly",6083,3866,0,8.0771358141792
"9960","weekly",6083,3867,0,7.64303316210862
"9961","weekly",6083,3868,0,7.2318704330537
"9962","weekly",6083,3869,0,6.86433234621654
"9963","weekly",6083,3870,0,6.55223857608507
"9964","weekly",6083,3871,0,6.29963684614631
"9965","weekly",6083,3872,0,6.10439119246439
"9966","weekly",6083,3873,0,5.9598100798903
"9967","weekly",6083,3874,0,5.85614384055953
"9968","weekly",6083,3875,0,5.78197378685581
"9969","weekly",6083,3876,0,5.7255769574549
"9970","weekly",6083,3877,0,5.67629593840684
"9971","weekly",6083,3878,0,5.62582519691205
"9972","weekly",6083,3879,0,5.56921859865543
"9973","weekly",6083,3880,0,5.50539715605555
"9974","weekly",6083,3881,0,5.43702060653595
"9975","weekly",6083,3882,0,5.3697478446702
"9976","weekly",6083,3883,0,5.31110237006214
"9977","weekly",6083,3884,0,5.26907784180366
"9978","weekly",6083,3885,0,5.25089318034588
"9979","weekly",6083,3886,0,5.26203380251536
"9980","weekly",6083,3887,0,5.30545708411955
"9981","weekly",6083,3888,0,5.38107665147982
"9982","weekly",6083,3889,0,5.48547868357855
"9983","weekly",6083,3890,0,5.61191710754065
"9984","weekly",6083,3891,0,5.75070112379035
"9985","weekly",6083,3892,0,5.89010593594867
"9986","weekly",6083,3893,0,6.01785958511755
"9987","weekly",6083,3894,0,6.12307990642148
"9988","weekly",6083,3895,0,6.19831510662334
"9989","weekly",6083,3896,0,6.24119290104136
"9990","weekly",6083,3897,0,6.25521470289095
"9991","weekly",6083,3898,0,6.24946567046572
"9992","weekly",6083,3899,0,6.2373503021372
"9993","weekly",6083,3900,0,6.23473966983147
"9994","weekly",6083,3901,0,6.25800112631987
"9995","weekly",6083,3902,0,6.32226007658755
"9996","weekly",6083,3903,0,6.440008769423
"9997","weekly",6083,3904,0,6.61995816606213
"9998","weekly",6083,3905,0,6.86592364564422
"9999","weekly",6083,3906,0,7.17558557927259
"10000","weekly",6083,3907,0,7.53916573905735
"10001","weekly",6083,3908,0,7.93836206066771
"10002","weekly",6083,3909,0,8.34618309474899
"10003","weekly",6083,3910,0,8.72844776554848
"10004","weekly",6083,3911,0,9.04747147363378
"10005","weekly",6083,3912,0,9.26776236717706
"10006","weekly",6083,3913,0,9.36258903078851
"10007","weekly",6083,3914,0,9.31953464326216
"10008","weekly",6083,3915,0,9.14315331491525
"10009","weekly",6083,3916,0,8.85376254894072
"10010","weekly",6083,3917,0,8.4828312684549
"10011","weekly",6083,3918,0,8.06659629041678
"10012","weekly",6083,3919,0,7.63988418222289
"10013","weekly",6083,3920,0,7.23160363471834
"10014","weekly",6083,3921,0,6.86244788896875
"10015","weekly",6083,3922,0,6.54453447976266
"10016","weekly",6083,3923,0,6.2823055711342
"10017","weekly",6083,3924,0,6.0740053432819
"10018","weekly",6083,3925,0,5.91327184106922
"10019","weekly",6083,3926,0,5.7906514488277
"10020","weekly",6083,3927,0,5.69503013245412
"10021","weekly",6083,3928,0,5.61503805409302
"10022","weekly",6083,3929,0,5.54043711762642
"10023","weekly",6083,3930,0,5.46339226522832
"10024","weekly",6083,3931,0,5.37943204649491
"10025","weekly",6083,3932,0,5.28788967401488
"10026","weekly",6083,3933,0,5.19170789801865
"10027","weekly",6083,3934,0,5.09665341017535
"10028","weekly",6083,3935,0,5.01013987633632
"10029","weekly",6083,3936,0,4.93988482852001
"10030","weekly",6083,3937,0,4.89281643024879
"10031","weekly",6083,3938,0,4.87414130038815
"10032","weekly",6083,3939,0,4.88660009246087
"10033","weekly",6083,3940,0,4.93009164126124
"10034","weekly",6083,3941,0,5.00145961128874
"10035","weekly",6083,3942,0,5.09450927210855
"10036","weekly",6083,3943,0,5.20034613070311
"10037","weekly",6083,3944,0,5.30815542768687
"10038","weekly",6083,3945,0,5.40648510819301
"10039","weekly",6083,3946,0,5.48494476804626
"10040","weekly",6083,3947,0,5.53603529126849
"10041","weekly",6083,3948,0,5.55667627917137
"10042","weekly",6083,3949,0,5.54900268200436
"10043","weekly",6083,3950,0,5.5201920348336
"10044","weekly",6083,3951,0,5.48138501125504
"10045","weekly",6083,3952,0,5.44602811563527
"10046","weekly",6083,3953,0,5.42807246890152
"10047","weekly",6083,3954,0,5.44037868166924
"10048","weekly",6083,3955,0,5.49347782260156
"10049","weekly",6083,3956,0,5.59463732142467
"10050","weekly",6083,3957,0,5.74706932436675
"10051","weekly",6083,3958,0,5.9491359636304
"10052","weekly",6083,3959,0,6.19354298606049
"10053","weekly",6083,3960,0,6.46672743686941
"10054","weekly",6083,3961,0,6.74885814095614
"10055","weekly",6083,3962,0,7.0149618225696
"10056","weekly",6083,3963,0,7.23753388677142
"10057","weekly",6083,3964,0,7.39053374383366
"10058","weekly",6083,3965,0,7.45401709922589
"10059","weekly",6083,3966,0,7.41813417570665
"10060","weekly",6083,3967,0,7.28518136512139
"10061","weekly",6083,3968,0,7.06897343389574
"10062","weekly",6083,3969,0,6.79176203734824
"10063","weekly",6083,3970,0,6.47976565160207
"10064","weekly",6083,3971,0,6.1586821541423
"10065","weekly",6083,3972,0,5.85026534894132
"10066","weekly",6083,3973,0,5.57042986480519
"10067","weekly",6083,3974,0,5.32876678308821
"10068","weekly",6083,3975,0,5.12903046290739
"10069","weekly",6083,3976,0,4.97011603898136
"10070","weekly",6083,3977,0,4.8471931257227
"10071","weekly",6083,3978,0,4.75284137227573
"10072","weekly",6083,3979,0,4.67817233077949
"10073","weekly",6083,3980,0,4.61399359526695
"10074","weekly",6083,3981,0,4.55192883519339
"10075","weekly",6083,3982,0,4.4855092834332
"10076","weekly",6083,3983,0,4.4110575558152
"10077","weekly",6083,3984,0,4.32807473320281
"10078","weekly",6083,3985,0,4.23910775501281
"10079","weekly",6083,3986,0,4.14910578867421
"10080","weekly",6083,3987,0,4.06443244573893
"10081","weekly",6083,3988,0,3.99176798842382
"10082","weekly",6083,3989,0,3.9371111697983
"10083","weekly",6083,3990,0,3.90500171619351
"10084","weekly",6083,3991,0,3.89798615197651
"10085","weekly",6083,3992,0,3.91628908217535
"10086","weekly",6083,3993,0,3.95764874547604
"10087","weekly",6083,3994,0,4.01731949509121
"10088","weekly",6083,3995,0,4.08830369234784
"10089","weekly",6083,3996,0,4.1619101575634
"10090","weekly",6083,3997,0,4.22870802905527
"10091","weekly",6083,3998,0,4.27983821413363
"10092","weekly",6083,3999,0,4.3084865148121
"10093","weekly",6083,4000,0,4.31118556251749
"10094","weekly",6083,4001,0,4.28858426911756
"10095","weekly",6083,4002,0,4.24544826569036
"10096","weekly",6083,4003,0,4.18989156742464
"10097","weekly",6083,4004,0,4.13207582695759
"10098","weekly",6083,4005,0,4.0827350084146
"10099","weekly",6083,4006,0,4.05184665383422
"10100","weekly",6083,4007,0,4.0476209371991
"10101","weekly",6083,4008,0,4.07580706034787
"10102","weekly",6083,4009,0,4.13920370474807
"10103","weekly",6083,4010,0,4.23724349160329
"10104","weekly",6083,4011,0,4.36559636227321
"10105","weekly",6083,4012,0,4.51587199492496
"10106","weekly",6083,4013,0,4.67564549192321
"10107","weekly",6083,4014,0,4.82911238574889
"10108","weekly",6083,4015,0,4.95861913822591
"10109","weekly",6083,4016,0,5.04706814768724
"10110","weekly",6083,4017,0,5.0808110855869
"10111","weekly",6083,4018,0,5.05229179142043
"10112","weekly",6083,4019,0,4.96160374156898
"10113","weekly",6083,4020,0,4.81641147832852
"10114","weekly",6083,4021,0,4.6302518779994
"10115","weekly",6083,4022,0,4.41979350266047
"10116","weekly",6083,4023,0,4.20190636895131
"10117","weekly",6083,4024,0,3.99128681913135
"10118","weekly",6083,4025,0,3.79902191992733
"10119","weekly",6083,4026,0,3.63209067363641
"10120","weekly",6083,4027,0,3.49355361633934
"10121","weekly",6083,4028,0,3.38312141879578
"10122","weekly",6083,4029,0,3.29786420855089
"10123","weekly",6083,4030,0,3.23294282058487
"10124","weekly",6083,4031,0,3.18234327426762
"10125","weekly",6083,4032,0,3.1396402498649
"10126","weekly",6083,4033,0,3.09877481652074
"10127","weekly",6083,4034,0,3.05488706706092
"10128","weekly",6083,4035,0,3.00497206370346
"10129","weekly",6083,4036,0,2.94821829121793
"10130","weekly",6083,4037,0,2.88603923693881
"10131","weekly",6083,4038,0,2.82170030937414
"10132","weekly",6083,4039,0,2.75966213509673
"10133","weekly",6083,4040,0,2.7048041774251
"10134","weekly",6083,4041,0,2.66169071444892
"10135","weekly",6083,4042,0,2.63398352763033
"10136","weekly",6083,4043,0,2.62402990975534
"10137","weekly",6083,4044,0,2.63259943187586
"10138","weekly",6083,4045,0,2.65872911069891
"10139","weekly",6083,4046,0,2.69966281819507
"10140","weekly",6083,4047,0,2.75091859389795
"10141","weekly",6083,4048,0,2.80655860461411
"10142","weekly",6083,4049,0,2.85973997128895
"10143","weekly",6083,4050,0,2.90356877731392
"10144","weekly",6083,4051,0,2.93216835986823
"10145","weekly",6083,4052,0,2.94174814666621
"10146","weekly",6083,4053,0,2.93138970271684
"10147","weekly",6083,4054,0,2.90330940007698
"10148","weekly",6083,4055,0,2.86251210578484
"10149","weekly",6083,4056,0,2.8159479732858
"10150","weekly",6083,4057,0,2.77142611774616
"10151","weekly",6083,4058,0,2.73656113550533
"10152","weekly",6083,4059,0,2.71793922648067
"10153","weekly",6083,4060,0,2.72055340535007
"10154","weekly",6083,4061,0,2.74744355565053
"10155","weekly",6083,4062,0,2.79943002265645
"10156","weekly",6083,4063,0,2.87485631482559
"10157","weekly",6083,4064,0,2.96934029733529
"10158","weekly",6083,4065,0,3.07564332621405
"10159","weekly",6083,4066,0,3.18385951110395
"10160","weekly",6083,4067,0,3.28214637833298
"10161","weekly",6083,4068,0,3.35811180525343
"10162","weekly",6083,4069,0,3.40073387220036
"10163","weekly",6083,4070,0,3.40240001602797
"10164","weekly",6083,4071,0,3.36046598228859
"10165","weekly",6083,4072,0,3.27779896586435
"10166","weekly",6083,4073,0,3.16209933845676
"10167","weekly",6083,4074,0,3.02423671484576
"10168","weekly",6083,4075,0,2.87615647679195
"10169","weekly",6083,4076,0,2.72898303729016
"10170","weekly",6083,4077,0,2.5916457848798
"10171","weekly",6083,4078,0,2.47025665623369
"10172","weekly",6083,4079,0,2.36801866668975
"10173","weekly",6083,4080,0,2.28568342968356
"10174","weekly",6083,4081,0,2.2220156918047
"10175","weekly",6083,4082,0,2.1742019065714
"10176","weekly",6083,4083,0,2.13836742800777
"10177","weekly",6083,4084,0,2.11010635865387
"10178","weekly",6083,4085,0,2.08503411128186
"10179","weekly",6083,4086,0,2.05935574282194
"10180","weekly",6083,4087,0,2.03038804899552
"10181","weekly",6083,4088,0,1.99693540221779
"10182","weekly",6083,4089,0,1.95942470573937
"10183","weekly",6083,4090,0,1.91975898586679
"10184","weekly",6083,4091,0,1.88092864770442
"10185","weekly",6083,4092,0,1.84648445530911
"10186","weekly",6083,4093,0,1.81999584333971
"10187","weekly",6083,4094,0,1.80458866854315
"10188","weekly",6083,4095,0,1.80260049534263
"10189","weekly",6083,4096,0,1.81534043498687
"10190","weekly",6083,4097,0,1.84291721723275
"10191","weekly",6083,4098,0,1.88411017370527
"10192","weekly",6083,4099,0,1.93629531629267
"10193","weekly",6083,4100,0,1.99548461497761
"10194","weekly",6083,4101,0,2.05656586165424
"10195","weekly",6083,4102,0,2.11381667316891
"10196","weekly",6083,4103,0,2.16169414101751
"10197","weekly",6083,4104,0,2.19578537356574
"10198","weekly",6083,4105,0,2.2136944901431
"10199","weekly",6083,4106,0,2.21560640211101
"10200","weekly",6083,4107,0,2.20434685432701
"10201","weekly",6083,4108,0,2.18492573010735
"10202","weekly",6083,4109,0,2.16372236167081
"10203","weekly",6083,4110,0,2.14755995565793
"10204","weekly",6083,4111,0,2.14288790078717
"10205","weekly",6083,4112,0,2.15518012442044
"10206","weekly",6083,4113,0,2.18853313673753
"10207","weekly",6083,4114,0,2.24536636905395
"10208","weekly",6083,4115,0,2.32611487191753
"10209","weekly",6083,4116,0,2.42885810302687
"10210","weekly",6083,4117,0,2.5489314495062
"10211","weekly",6083,4118,0,2.67869010355207
"10212","weekly",6083,4119,0,2.80768875667127
"10213","weekly",6083,4120,0,2.92353590321727
"10214","weekly",6083,4121,0,3.01351850634092
"10215","weekly",6083,4122,0,3.06678093553637
"10216","weekly",6083,4123,0,3.07650621942594
"10217","weekly",6083,4124,0,3.04139128813404
"10218","weekly",6083,4125,0,2.9658788870438
"10219","weekly",6083,4126,0,2.85906207875814
"10220","weekly",6083,4127,0,2.73267401108751
"10221","weekly",6083,4128,0,2.59884787409101
"10222","weekly",6083,4129,0,2.46825169195654
"10223","weekly",6083,4130,0,2.34901071322383
"10224","weekly",6083,4131,0,2.24631791730644
"10225","weekly",6083,4132,0,2.16254094542819
"10226","weekly",6083,4133,0,2.09766837669304
"10227","weekly",6083,4134,0,2.04982682838454
"10228","weekly",6083,4135,0,2.01579934364418
"10229","weekly",6083,4136,0,1.99153740835027
"10230","weekly",6083,4137,0,1.97269507939927
"10231","weekly",6083,4138,0,1.9551992911147
"10232","weekly",6083,4139,0,1.93582089073607
"10233","weekly",6083,4140,0,1.91265756217763
"10234","weekly",6083,4141,0,1.88541833142517
"10235","weekly",6083,4142,0,1.85543112168671
"10236","weekly",6083,4143,0,1.82537049506209
"10237","weekly",6083,4144,0,1.79878470653784
"10238","weekly",6083,4145,0,1.77954721308197
"10239","weekly",6083,4146,0,1.7713482347317
"10240","weekly",6083,4147,0,1.77728978250525
"10241","weekly",6083,4148,0,1.79958549857838
"10242","weekly",6083,4149,0,1.83932598857791
"10243","weekly",6083,4150,0,1.8962673258502
"10244","weekly",6083,4151,0,1.96863473785925
"10245","weekly",6083,4152,0,2.05299177908455
"10246","weekly",6083,4153,0,2.1442830322485
"10247","weekly",6083,4154,0,2.23618138607708
"10248","weekly",6083,4155,0,2.32182508328697
"10249","weekly",6083,4156,0,2.39490408345591
"10250","weekly",6083,4157,0,2.45088750225841
"10251","weekly",6083,4158,0,2.48805996368174
"10252","weekly",6083,4159,0,2.50804321019677
"10253","weekly",6083,4160,0,2.51564244026667
"10254","weekly",6083,4161,0,2.51809823009535
"10255","weekly",6083,4162,0,2.52401453029597
"10256","weekly",6083,4163,0,2.54227740591159
"10257","weekly",6083,4164,0,2.58117803468485
"10258","weekly",6083,4165,0,2.64778358160402
"10259","weekly",6083,4166,0,2.74745184453786
"10260","weekly",6083,4167,0,2.88331756184925
"10261","weekly",6083,4168,0,3.05560790421441
"10262","weekly",6083,4169,0,3.26076752162771
"10263","weekly",6083,4170,0,3.49057074871962
"10264","weekly",6083,4171,0,3.73162024244084
"10265","weekly",6083,4172,0,3.96577214202262
"10266","weekly",6083,4173,0,4.17195806754171
"10267","weekly",6083,4174,0,4.32937124549062
"10268","weekly",6083,4175,0,4.42147665374796
"10269","weekly",6083,4176,0,4.4396548550576
"10270","weekly",6083,4177,0,4.38509817235172
"10271","weekly",6083,4178,0,4.26831033884082
"10272","weekly",6083,4179,0,4.10643472484662
"10273","weekly",6083,4180,0,3.91945548853255
"10274","weekly",6083,4181,0,3.7265413448913
"10275","weekly",6083,4182,0,3.54344175415463
"10276","weekly",6083,4183,0,3.38122740964172
"10277","weekly",6083,4184,0,3.24615639407421
"10278","weekly",6083,4185,0,3.14022437506355
"10279","weekly",6083,4186,0,3.06199264543829
"10280","weekly",6083,4187,0,3.00745183971594
"10281","weekly",6083,4188,0,2.97085140299168
"10282","weekly",6083,4189,0,2.94553111368441
"10283","weekly",6083,4190,0,2.92480637028348
"10284","weekly",6083,4191,0,2.90289713369566
"10285","weekly",6083,4192,0,2.8757942301454
"10286","weekly",6083,4193,0,2.84188753049239
"10287","weekly",6083,4194,0,2.80219065939309
"10288","weekly",6083,4195,0,2.76009576537763
"10289","weekly",6083,4196,0,2.72073330546846
"10290","weekly",6083,4197,0,2.69012080910034
"10291","weekly",6083,4198,0,2.67430728039471
"10292","weekly",6083,4199,0,2.67865631513996
"10293","weekly",6083,4200,0,2.70730743661989
"10294","weekly",6083,4201,0,2.76276927514118
"10295","weekly",6083,4202,0,2.84556838162825
"10296","weekly",6083,4203,0,2.95391302823555
"10297","weekly",6083,4204,0,3.08341748439125
"10298","weekly",6083,4205,0,3.22703478945186
"10299","weekly",6083,4206,0,3.37541263893945
"10300","weekly",6083,4207,0,3.51785658425069
"10301","weekly",6083,4208,0,3.64391939772759
"10302","weekly",6083,4209,0,3.74536727930536
"10303","weekly",6083,4210,0,3.81802521410282
"10304","weekly",6083,4211,0,3.86293595947791
"10305","weekly",6083,4212,0,3.88646381441504
"10306","weekly",6083,4213,0,3.89935618930031
"10307","weekly",6083,4214,0,3.91513633375871
"10308","weekly",6083,4215,0,3.94834879785776
"10309","weekly",6083,4216,0,4.0130676854169
"10310","weekly",6083,4217,0,4.12180808946141
"10311","weekly",6083,4218,0,4.28470911903423
"10312","weekly",6083,4219,0,4.50869769408018
"10313","weekly",6083,4220,0,4.79634315462317
"10314","weekly",6083,4221,0,5.14428000725457
"10315","weekly",6083,4222,0,5.54139695753111
"10316","weekly",6083,4223,0,5.96740865529864
"10317","weekly",6083,4224,0,6.39278580056271
"10318","weekly",6083,4225,0,6.78104668759624
"10319","weekly",6083,4226,0,7.09378287673462
"10320","weekly",6083,4227,0,7.29791932340595
"10321","weekly",6083,4228,0,7.37294777866919
"10322","weekly",6083,4229,0,7.31555441359524
"10323","weekly",6083,4230,0,7.14012050698511
"10324","weekly",6083,4231,0,6.87477842046064
"10325","weekly",6083,4232,0,6.55472270696191
"10326","weekly",6083,4233,0,6.21519929316128
"10327","weekly",6083,4234,0,5.88615331912297
"10328","weekly",6083,4235,0,5.58937651719316
"10329","weekly",6083,4236,0,5.33791432512226
"10330","weekly",6083,4237,0,5.13692930171965
"10331","weekly",6083,4238,0,4.98519298972678
"10332","weekly",6083,4239,0,4.87666336630355
"10333","weekly",6083,4240,0,4.80194808912347
"10334","weekly",6083,4241,0,4.74969568234519
"10335","weekly",6083,4242,0,4.70803633736796
"10336","weekly",6083,4243,0,4.66611994185951
"10337","weekly",6083,4244,0,4.6156332558312
"10338","weekly",6083,4245,0,4.55202259399812
"10339","weekly",6083,4246,0,4.47510812134715
"10340","weekly",6083,4247,0,4.38889940522495
"10341","weekly",6083,4248,0,4.30065930393175
"10342","weekly",6083,4249,0,4.21948974108091
"10343","weekly",6083,4250,0,4.15481091631227
"10344","weekly",6083,4251,0,4.1150414487056
"10345","weekly",6083,4252,0,4.10662154312013
"10346","weekly",6083,4253,0,4.13335624174215
"10347","weekly",6083,4254,0,4.19597016405896
"10348","weekly",6083,4255,0,4.29178497416433
"10349","weekly",6083,4256,0,4.41453442792408
"10350","weekly",6083,4257,0,4.55446558195399
"10351","weekly",6083,4258,0,4.69896451124805
"10352","weekly",6083,4259,0,4.83391204156214
"10353","weekly",6083,4260,0,4.94577400540584
"10354","weekly",6083,4261,0,5.02410279857577
"10355","weekly",6083,4262,0,5.06382435717387
"10356","weekly",6083,4263,0,5.06660630210536
"10357","weekly",6083,4264,0,5.04085527660209
"10358","weekly",6083,4265,0,5.00037826193147
"10359","weekly",6083,4266,0,4.96220452463604
"10360","weekly",6083,4267,0,4.94425727296039
"10361","weekly",6083,4268,0,4.96342209022259
"10362","weekly",6083,4269,0,5.03424923092825
"10363","weekly",6083,4270,0,5.16798879212001
"10364","weekly",6083,4271,0,5.37178746776772
"10365","weekly",6083,4272,0,5.64768565204577
"10366","weekly",6083,4273,0,5.99105087015778
"10367","weekly",6083,4274,0,6.3887840428215
"10368","weekly",6083,4275,0,6.81790169791202
"10369","weekly",6083,4276,0,7.2455336143903
"10370","weekly",6083,4277,0,7.63142613435048
"10371","weekly",6083,4278,0,7.93345451864298
"10372","weekly",6083,4279,0,8.1154068732576
"10373","weekly",6083,4280,0,8.15490912875975
"10374","weekly",6083,4281,0,8.04869992836029
"10375","weekly",6083,4282,0,7.81318631052272
"10376","weekly",6083,4283,0,7.48009230507887
"10377","weekly",6083,4284,0,7.08898220976698
"10378","weekly",6083,4285,0,6.67937355808681
"10379","weekly",6083,4286,0,6.28470734064467
"10380","weekly",6083,4287,0,5.92916423184215
"10381","weekly",6083,4288,0,5.62706744630123
"10382","weekly",6083,4289,0,5.383943621855
"10383","weekly",6083,4290,0,5.19826906718663
"10384","weekly",6083,4291,0,5.06325297016883
"10385","weekly",6083,4292,0,4.96841210676939
"10386","weekly",6083,4293,0,4.90098906165804
"10387","weekly",6083,4294,0,4.84738551912596
"10388","weekly",6083,4295,0,4.79472543785232
"10389","weekly",6083,4296,0,4.73248430050444
"10390","weekly",6083,4297,0,4.65392100560712
"10391","weekly",6083,4298,0,4.55694981763372
"10392","weekly",6083,4299,0,4.44417199480813
"10393","weekly",6083,4300,0,4.32202929109917
"10394","weekly",6083,4301,0,4.19932105398038
"10395","weekly",6083,4302,0,4.08549535414204
"10396","weekly",6083,4303,0,3.98910927088582
"10397","weekly",6083,4304,0,3.91669399486273
"10398","weekly",6083,4305,0,3.8720654322824
"10399","weekly",6083,4306,0,3.85599040560191
"10400","weekly",6083,4307,0,3.86609467107337
"10401","weekly",6083,4308,0,3.89696467056638
"10402","weekly",6083,4309,0,3.94049662802718
"10403","weekly",6083,4310,0,3.98661741477554
"10404","weekly",6083,4311,0,4.02448111079866
"10405","weekly",6083,4312,0,4.04410582373384
"10406","weekly",6083,4313,0,4.03819396553445
"10407","weekly",6083,4314,0,4.00368595123291
"10408","weekly",6083,4315,0,3.94256778567797
"10409","weekly",6083,4316,0,3.86165282866568
"10410","weekly",6083,4317,0,3.77141175360885
"10411","weekly",6083,4318,0,3.68424742325442
"10412","weekly",6083,4319,0,3.61273376364261
"10413","weekly",6083,4320,0,3.56822007952724
"10414","weekly",6083,4321,0,3.55994259542786
"10415","weekly",6083,4322,0,3.59449415287236
"10416","weekly",6083,4323,0,3.67554074645159
"10417","weekly",6083,4324,0,3.80335549911251
"10418","weekly",6083,4325,0,3.97403237727121
"10419","weekly",6083,4326,0,4.17864947678754
"10420","weekly",6083,4327,0,4.40260321754613
"10421","weekly",6083,4328,0,4.62573740349035
"10422","weekly",6083,4329,0,4.82388430519495
"10423","weekly",6083,4330,0,4.97210377422743
"10424","weekly",6083,4331,0,5.04920446584583
"10425","weekly",6083,4332,0,5.04233376652701
"10426","weekly",6083,4333,0,4.9500286753464
"10427","weekly",6083,4334,0,4.7825130551355
"10428","weekly",6083,4335,0,4.5591049513605
"10429","weekly",6083,4336,0,4.30375832895515
"10430","weekly",6083,4337,0,4.04034078479162
"10431","weekly",6083,4338,0,3.78901073886664
"10432","weekly",6083,4339,0,3.56430516214459
"10433","weekly",6083,4340,0,3.37479254385107
"10434","weekly",6083,4341,0,3.2237287494645
"10435","weekly",6083,4342,0,3.11011369567132
"10436","weekly",6083,4343,0,3.02974275054294
"10437","weekly",6083,4344,0,2.97609837798518
"10438","weekly",6083,4345,0,2.94112172158202
"10439","weekly",6083,4346,0,2.91599456127733
"10440","weekly",6083,4347,0,2.89204140310176
"10441","weekly",6083,4348,0,2.86175204592291
"10442","weekly",6083,4349,0,2.81978027345031
"10443","weekly",6083,4350,0,2.7636729698861
"10444","weekly",6083,4351,0,2.694095746323
"10445","weekly",6083,4352,0,2.6144585267175
"10446","weekly",6083,4353,0,2.53004236530978
"10447","weekly",6083,4354,0,2.44688180391677
"10448","weekly",6083,4355,0,2.37069110004813
"10449","weekly",6083,4356,0,2.30604016646976
"10450","weekly",6083,4357,0,2.25585219493951
"10451","weekly",6083,4358,0,2.22118506085826
"10452","weekly",6083,4359,0,2.20121459284564
"10453","weekly",6083,4360,0,2.19335792330094
"10454","weekly",6083,4361,0,2.19352874581818
"10455","weekly",6083,4362,0,2.19656300486531
"10456","weekly",6083,4363,0,2.19685776796541
"10457","weekly",6083,4364,0,2.1892101537378
"10458","weekly",6083,4365,0,2.16974140351522
"10459","weekly",6083,4366,0,2.13670551555697
"10460","weekly",6083,4367,0,2.09090029235813
"10461","weekly",6083,4368,0,2.03559124146705
"10462","weekly",6083,4369,0,1.9759664630983
"10463","weekly",6083,4370,0,1.9182540847105
"10464","weekly",6083,4371,0,1.86881307905423
"10465","weekly",6083,4372,0,1.8334021595947
"10466","weekly",6083,4373,0,1.81671609461773
"10467","weekly",6083,4374,0,1.82214529628982
"10468","weekly",6083,4375,0,1.85163232134073
"10469","weekly",6083,4376,0,1.90548791849869
"10470","weekly",6083,4377,0,1.98208273330238
"10471","weekly",6083,4378,0,2.07743354150443
"10472","weekly",6083,4379,0,2.18483490368817
"10473","weekly",6083,4380,0,2.29480964000686
"10474","weekly",6083,4381,0,2.39569408560055
"10475","weekly",6083,4382,0,2.47505349555286
"10476","weekly",6083,4383,0,2.52180996735115
"10477","weekly",6083,4384,0,2.52856245692237
"10478","weekly",6083,4385,0,2.49331846242421
"10479","weekly",6083,4386,0,2.41996056289645
"10480","weekly",6083,4387,0,2.31724922321155
"10481","weekly",6083,4388,0,2.19675913345418
"10482","weekly",6083,4389,0,2.07051272847457
"10483","weekly",6083,4390,0,1.94903749861987
"10484","weekly",6083,4391,0,1.84023437427823
"10485","weekly",6083,4392,0,1.74905188567936
"10486","weekly",6083,4393,0,1.67771216036635
"10487","weekly",6083,4394,0,1.62618231718079
"10488","weekly",6083,4395,0,1.59266638505505
"10489","weekly",6083,4396,0,1.57402093042037
"10490","weekly",6083,4397,0,1.5661084560561
"10491","weekly",6083,4398,0,1.56416407832876
"10492","weekly",6083,4399,0,1.56325275512063
"10493","weekly",6083,4400,0,1.55884028493892
"10494","weekly",6083,4401,0,1.54741361259948
"10495","weekly",6083,4402,0,1.52700773434481
"10496","weekly",6083,4403,0,1.49747664862662
"10497","weekly",6083,4404,0,1.46040782667114
"10498","weekly",6083,4405,0,1.41869829315692
"10499","weekly",6083,4406,0,1.3759227351693
"10500","weekly",6083,4407,0,1.33567207551096
"10501","weekly",6083,4408,0,1.30100998486159
"10502","weekly",6083,4409,0,1.27411659472273
"10503","weekly",6083,4410,0,1.25611219563871
"10504","weekly",6083,4411,0,1.24701309611555
"10505","weekly",6083,4412,0,1.2457736559445
"10506","weekly",6083,4413,0,1.25039812992327
"10507","weekly",6083,4414,0,1.25813969122828
"10508","weekly",6083,4415,0,1.2658186397457
"10509","weekly",6083,4416,0,1.27027188663487
"10510","weekly",6083,4417,0,1.26889198285062
"10511","weekly",6083,4418,0,1.260149220936
"10512","weekly",6083,4419,0,1.24394662521081
"10513","weekly",6083,4420,0,1.22172239964129
"10514","weekly",6083,4421,0,1.19623200019123
"10515","weekly",6083,4422,0,1.17108767581522
"10516","weekly",6083,4423,0,1.1502389581874
"10517","weekly",6083,4424,0,1.13750592200086
"10518","weekly",6083,4425,0,1.13625109032728
"10519","weekly",6083,4426,0,1.14918497853796
"10520","weekly",6083,4427,0,1.17823696657433
"10521","weekly",6083,4428,0,1.22440021130024
"10522","weekly",6083,4429,0,1.28747917531291
"10523","weekly",6083,4430,0,1.36572682464612
"10524","weekly",6083,4431,0,1.45544879956287
"10525","weekly",6083,4432,0,1.55075510931783
"10526","weekly",6083,4433,0,1.64371082733851
"10527","weekly",6083,4434,0,1.72510620590765
"10528","weekly",6083,4435,0,1.78588020801544
"10529","weekly",6083,4436,0,1.81892172206426
"10530","weekly",6083,4437,0,1.8206923569378
"10531","weekly",6083,4438,0,1.79206531791715
"10532","weekly",6083,4439,0,1.73804616380949
"10533","weekly",6083,4440,0,1.6665032490564
"10534","weekly",6083,4441,0,1.5864154692099
"10535","weekly",6083,4442,0,1.50623657889082
"10536","weekly",6083,4443,0,1.43278329441091
"10537","weekly",6083,4444,0,1.37074903966277
"10538","weekly",6083,4445,0,1.3227072134614
"10539","weekly",6083,4446,0,1.2893770764058
"10540","weekly",6083,4447,0,1.26995891239494
"10541","weekly",6083,4448,0,1.26243728760164
"10542","weekly",6083,4449,0,1.26384455576772
"10543","weekly",6083,4450,0,1.27053795524989
"10544","weekly",6083,4451,0,1.27855767367873
"10545","weekly",6083,4452,0,1.28409763178206
"10546","weekly",6083,4453,0,1.28404886822682
"10547","weekly",6083,4454,0,1.2765010043222
"10548","weekly",6083,4455,0,1.26105497253593
"10549","weekly",6083,4456,0,1.23883890762227
"10550","weekly",6083,4457,0,1.21221652434906
"10551","weekly",6083,4458,0,1.18428223222145
"10552","weekly",6083,4459,0,1.15829376498004
"10553","weekly",6083,4460,0,1.13717894232832
"10554","weekly",6083,4461,0,1.12318962838617
"10555","weekly",6083,4462,0,1.11771484097699
"10556","weekly",6083,4463,0,1.12117767171003
"10557","weekly",6083,4464,0,1.13301917351782
"10558","weekly",6083,4465,0,1.15175174520118
"10559","weekly",6083,4466,0,1.17505683007766
"10560","weekly",6083,4467,0,1.20000695897033
"10561","weekly",6083,4468,0,1.22343822961557
"10562","weekly",6083,4469,0,1.24246208896511
"10563","weekly",6083,4470,0,1.25503404345363
"10564","weekly",6083,4471,0,1.260438091791
"10565","weekly",6083,4472,0,1.25954162294511
"10566","weekly",6083,4473,0,1.25474268663675
"10567","weekly",6083,4474,0,1.24964094388997
"10568","weekly",6083,4475,0,1.24855582480086
"10569","weekly",6083,4476,0,1.25604170741281
"10570","weekly",6083,4477,0,1.27650397794787
"10571","weekly",6083,4478,0,1.31393468609895
"10572","weekly",6083,4479,0,1.37170609179884
"10573","weekly",6083,4480,0,1.45231491292361
"10574","weekly",6083,4481,0,1.55697226035409
"10575","weekly",6083,4482,0,1.68498961170553
"10576","weekly",6083,4483,0,1.83302353590261
"10577","weekly",6083,4484,0,1.99440076737665
"10578","weekly",6083,4485,0,2.15889902444906
"10579","weekly",6083,4486,0,2.31340145875583
"10580","weekly",6083,4487,0,2.44365478018881
"10581","weekly",6083,4488,0,2.53691998519935
"10582","weekly",6083,4489,0,2.58478498648037
"10583","weekly",6083,4490,0,2.58513978560222
"10584","weekly",6083,4491,0,2.54254800631315
"10585","weekly",6083,4492,0,2.46690994259552
"10586","weekly",6083,4493,0,2.37101249166881
"10587","weekly",6083,4494,0,2.26789384169388
"10588","weekly",6083,4495,0,2.16879704582971
"10589","weekly",6083,4496,0,2.08204736353946
"10590","weekly",6083,4497,0,2.01276641496224
"10591","weekly",6083,4498,0,1.96311686732224
"10592","weekly",6083,4499,0,1.93276493434678
"10593","weekly",6083,4500,0,1.91936483728932
"10594","weekly",6083,4501,0,1.91901139830588
"10595","weekly",6083,4502,0,1.92670978690148
"10596","weekly",6083,4503,0,1.9369447233621
"10597","weekly",6083,4504,0,1.94438986040768
"10598","weekly",6083,4505,0,1.94470205891412
"10599","weekly",6083,4506,0,1.93524380747112
"10600","weekly",6083,4507,0,1.91553305223351
"10601","weekly",6083,4508,0,1.88727329831454
"10602","weekly",6083,4509,0,1.85395097144647
"10603","weekly",6083,4510,0,1.82013120592455
"10604","weekly",6083,4511,0,1.79066062404308
"10605","weekly",6083,4512,0,1.76996552516357
"10606","weekly",6083,4513,0,1.76154535225942
"10607","weekly",6083,4514,0,1.7676636207907
"10608","weekly",6083,4515,0,1.78915885518654
"10609","weekly",6083,4516,0,1.82539965695469
"10610","weekly",6083,4517,0,1.87426831322955
"10611","weekly",6083,4518,0,1.93221119741793
"10612","weekly",6083,4519,0,1.99454454600345
"10613","weekly",6083,4520,0,2.05601274326909
"10614","weekly",6083,4521,0,2.11162216600496
"10615","weekly",6083,4522,0,2.15762989394716
"10616","weekly",6083,4523,0,2.19245280622272
"10617","weekly",6083,4524,0,2.21723473432939
"10618","weekly",6083,4525,0,2.23590588895604
"10619","weekly",6083,4526,0,2.25475084583741
"10620","weekly",6083,4527,0,2.28167009606841
"10621","weekly",6083,4528,0,2.32538445619866
"10622","weekly",6083,4529,0,2.39476813931833
"10623","weekly",6083,4530,0,2.49835248565068
"10624","weekly",6083,4531,0,2.64389227380161
"10625","weekly",6083,4532,0,2.83778770576464
"10626","weekly",6083,4533,0,3.08413972237031
"10627","weekly",6083,4534,0,3.38330779064563
"10628","weekly",6083,4535,0,3.73006153467577
"10629","weekly",6083,4536,0,4.11176660397905
"10630","weekly",6083,4537,0,4.50742580968654
"10631","weekly",6083,4538,0,4.88857768266462
"10632","weekly",6083,4539,0,5.22274079584167
"10633","weekly",6083,4540,0,5.47916193527635
"10634","weekly",6083,4541,0,5.63539758205297
"10635","weekly",6083,4542,0,5.6824638992257
"10636","weekly",6083,4543,0,5.6265925692278
"10637","weekly",6083,4544,0,5.48700967076002
"10638","weekly",6083,4545,0,5.29081198960193
"10639","weekly",6083,4546,0,5.0669729373476
"10640","weekly",6083,4547,0,4.84136114662397
"10641","weekly",6083,4548,0,4.63374821664183
"10642","weekly",6083,4549,0,4.45679623360047
"10643","weekly",6083,4550,0,4.31642901693704
"10644","weekly",6083,4551,0,4.21288746385835
"10645","weekly",6083,4552,0,4.14197686896659
"10646","weekly",6083,4553,0,4.09630253753858
"10647","weekly",6083,4554,0,4.06650491457549
"10648","weekly",6083,4555,0,4.04258046034374
"10649","weekly",6083,4556,0,4.0153096987633
"10650","weekly",6083,4557,0,3.97766527842032
"10651","weekly",6083,4558,0,3.92593609984033
"10652","weekly",6083,4559,0,3.86030270243646
"10653","weekly",6083,4560,0,3.7845900732209
"10654","weekly",6083,4561,0,3.70539603865473
"10655","weekly",6083,4562,0,3.63085212733131
"10656","weekly",6083,4563,0,3.56923077159445
"10657","weekly",6083,4564,0,3.5277892651211
"10658","weekly",6083,4565,0,3.51194860233227
"10659","weekly",6083,4566,0,3.52478640279151
"10660","weekly",6083,4567,0,3.56675041309791
"10661","weekly",6083,4568,0,3.63551738808746
"10662","weekly",6083,4569,0,3.72600521956338
"10663","weekly",6083,4570,0,3.83064300223486
"10664","weekly",6083,4571,0,3.94005352479871
"10665","weekly",6083,4572,0,4.04425242790603
"10666","weekly",6083,4573,0,4.1343023807276
"10667","weekly",6083,4574,0,4.20413232577266
"10668","weekly",6083,4575,0,4.25206141464878
"10669","weekly",6083,4576,0,4.28157965571154
"10670","weekly",6083,4577,0,4.3011664445803
"10671","weekly",6083,4578,0,4.32326933532022
"10672","weekly",6083,4579,0,4.36283427893068
"10673","weekly",6083,4580,0,4.43583715386922
"10674","weekly",6083,4581,0,4.55810821874184
"10675","weekly",6083,4582,0,4.74447102236445
"10676","weekly",6083,4583,0,5.00796575046843
"10677","weekly",6083,4584,0,5.35878388778656
"10678","weekly",6083,4585,0,5.80255184724228
"10679","weekly",6083,4586,0,6.33779808136751
"10680","weekly",6083,4587,0,6.95284878322855
"10681","weekly",6083,4588,0,7.62299065999105
"10682","weekly",6083,4589,0,8.30932578403736
"10683","weekly",6083,4590,0,8.96092788892565
"10684","weekly",6083,4591,0,9.52124501360231
"10685","weekly",6083,4592,0,9.9380772470322
"10686","weekly",6083,4593,0,10.174502536247
"10687","weekly",6083,4594,0,10.2170180075627
"10688","weekly",6083,4595,0,10.0778624545201
"10689","weekly",6083,4596,0,9.79081467955257
"10690","weekly",6083,4597,0,9.4023902741028
"10691","weekly",6083,4598,0,8.96179100743029
"10692","weekly",6083,4599,0,8.51264072090271
"10693","weekly",6083,4600,0,8.08806501101935
"10694","weekly",6083,4601,0,7.70947060670005
"10695","weekly",6083,4602,0,7.38655417476548
"10696","weekly",6083,4603,0,7.11949173326138
"10697","weekly",6083,4604,0,6.90176366065862
"10698","weekly",6083,4605,0,6.72243539456395
"10699","weekly",6083,4606,0,6.56839237661916
"10700","weekly",6083,4607,0,6.42648635825026
"10701","weekly",6083,4608,0,6.28552227438195
"10702","weekly",6083,4609,0,6.13789366211859
"10703","weekly",6083,4610,0,5.9805940175429
"10704","weekly",6083,4611,0,5.81538348193862
"10705","weekly",6083,4612,0,5.64804885303602
"10706","weekly",6083,4613,0,5.48708308732603
"10707","weekly",6083,4614,0,5.34199859944056
"10708","weekly",6083,4615,0,5.22166014104732
"10709","weekly",6083,4616,0,5.13303803413874
"10710","weekly",6083,4617,0,5.080345838418
"10711","weekly",6083,4618,0,5.06454150821082
"10712","weekly",6083,4619,0,5.08310314765549
"10713","weekly",6083,4620,0,5.130042022618
"10714","weekly",6083,4621,0,5.19621181912953
"10715","weekly",6083,4622,0,5.27004786836915
"10716","weekly",6083,4623,0,5.33885721376282
"10717","weekly",6083,4624,0,5.39064346364466
"10718","weekly",6083,4625,0,5.41621696070069
"10719","weekly",6083,4626,0,5.41111705906224
"10720","weekly",6083,4627,0,5.37680336079211
"10721","weekly",6083,4628,0,5.32074451426161
"10722","weekly",6083,4629,0,5.25539518354344
"10723","weekly",6083,4630,0,5.1964242773538
"10724","weekly",6083,4631,0,5.16074736314476
"10725","weekly",6083,4632,0,5.16484483834938
"10726","weekly",6083,4633,0,5.22358603056637
"10727","weekly",6083,4634,0,5.34947728752741
"10728","weekly",6083,4635,0,5.55203756029368
"10729","weekly",6083,4636,0,5.83693838992622
"10730","weekly",6083,4637,0,6.20463641427341
"10731","weekly",6083,4638,0,6.648470495129
"10732","weekly",6083,4639,0,7.15257588005625
"10733","weekly",6083,4640,0,7.6904116315709
"10734","weekly",6083,4641,0,8.22501773686963
"10735","weekly",6083,4642,0,8.71202546692803
"10736","weekly",6083,4643,0,9.10570756348898
"10737","weekly",6083,4644,0,9.36707063674112
"10738","weekly",6083,4645,0,9.47173539086361
"10739","weekly",6083,4646,0,9.41493234131485
"10740","weekly",6083,4647,0,9.2118166568689
"10741","weekly",6083,4648,0,8.89311422532774
"10742","weekly",6083,4649,0,8.49785027117468
"10743","weekly",6083,4650,0,8.06566720083356
"10744","weekly",6083,4651,0,7.63080551227904
"10745","weekly",6083,4652,0,7.21870524281985
"10746","weekly",6083,4653,0,6.84509987052297
"10747","weekly",6083,4654,0,6.51686326350318
"10748","weekly",6083,4655,0,6.23382052147645
"10749","weekly",6083,4656,0,5.99070973094786
"10750","weekly",6083,4657,0,5.77921611833153
"10751","weekly",6083,4658,0,5.58992123123608
"10752","weekly",6083,4659,0,5.41388770754565
"10753","weekly",6083,4660,0,5.24400607863208
"10754","weekly",6083,4661,0,5.07593474144232
"10755","weekly",6083,4662,0,4.90850993138156
"10756","weekly",6083,4663,0,4.74357042071642
"10757","weekly",6083,4664,0,4.58526407479076
"10758","weekly",6083,4665,0,4.43902146516484
"10759","weekly",6083,4666,0,4.31043631400098
"10760","weekly",6083,4667,0,4.20426231779857
"10761","weekly",6083,4668,0,4.12364719450125
"10762","weekly",6083,4669,0,4.06962973799091
"10763","weekly",6083,4670,0,4.04086944236769
"10764","weekly",6083,4671,0,4.0335780166788
"10765","weekly",6083,4672,0,4.04166434891522
"10766","weekly",6083,4673,0,4.05715414194856
"10767","weekly",6083,4674,0,4.07095943044988
"10768","weekly",6083,4675,0,4.07401769745047
"10769","weekly",6083,4676,0,4.05869258579332
"10770","weekly",6083,4677,0,4.02017342927866
"10771","weekly",6083,4678,0,3.95751410783851
"10772","weekly",6083,4679,0,3.8739930340962
"10773","weekly",6083,4680,0,3.77666895915172
"10774","weekly",6083,4681,0,3.6752716882911
"10775","weekly",6083,4682,0,3.58077086426783
"10776","weekly",6083,4683,0,3.50401184143266
"10777","weekly",6083,4684,0,3.45469176754705
"10778","weekly",6083,4685,0,3.44075086666271
"10779","weekly",6083,4686,0,3.46807370171882
"10780","weekly",6083,4687,0,3.54029728868045
"10781","weekly",6083,4688,0,3.65852227751748
"10782","weekly",6083,4689,0,3.82080578466412
"10783","weekly",6083,4690,0,4.02145935947192
"10784","weekly",6083,4691,0,4.25035860753269
"10785","weekly",6083,4692,0,4.49264576518908
"10786","weekly",6083,4693,0,4.72928797357599
"10787","weekly",6083,4694,0,4.93883692106465
"10788","weekly",6083,4695,0,5.10036637424491
"10789","weekly",6083,4696,0,5.1970328160387
"10790","weekly",6083,4697,0,5.21926489015459
"10791","weekly",6083,4698,0,5.16653213274549
"10792","weekly",6083,4699,0,5.04708490939811
"10793","weekly",6083,4700,0,4.87580067783711
"10794","weekly",6083,4701,0,4.67092386848526
"10795","weekly",6083,4702,0,4.45073003892321
"10796","weekly",6083,4703,0,4.23093727297965
"10797","weekly",6083,4704,0,4.02323574878392
"10798","weekly",6083,4705,0,3.83487840314046
"10799","weekly",6083,4706,0,3.6690339858178
"10800","weekly",6083,4707,0,3.52556208972237
"10801","weekly",6083,4708,0,3.40190870390506
"10802","weekly",6083,4709,0,3.2941397461982
"10803","weekly",6083,4710,0,3.1978284350771
"10804","weekly",6083,4711,0,3.10876880510477
"10805","weekly",6083,4712,0,3.02366761519806
"10806","weekly",6083,4713,0,2.9405903754523
"10807","weekly",6083,4714,0,2.8591469002713
"10808","weekly",6083,4715,0,2.7803956985008
"10809","weekly",6083,4716,0,2.70650243689306
"10810","weekly",6083,4717,0,2.6402385753172
"10811","weekly",6083,4718,0,2.58442816036404
"10812","weekly",6083,4719,0,2.54143643501448
"10813","weekly",6083,4720,0,2.51275586610427
"10814","weekly",6083,4721,0,2.49870621057926
"10815","weekly",6083,4722,0,2.49824484621058
"10816","weekly",6083,4723,0,2.50888887263136
"10817","weekly",6083,4724,0,2.52677412287449
"10818","weekly",6083,4725,0,2.5468996053678
"10819","weekly",6083,4726,0,2.56360554284765
"10820","weekly",6083,4727,0,2.57129098198493
"10821","weekly",6083,4728,0,2.56529367572512
"10822","weekly",6083,4729,0,2.54276002600091
"10823","weekly",6083,4730,0,2.50327825799468
"10824","weekly",6083,4731,0,2.44908003008459
"10825","weekly",6083,4732,0,2.38473903143313
"10826","weekly",6083,4733,0,2.31645869629574
"10827","weekly",6083,4734,0,2.25116497903946
"10828","weekly",6083,4735,0,2.19564656101284
"10829","weekly",6083,4736,0,2.1559133483097
"10830","weekly",6083,4737,0,2.13682343429537
"10831","weekly",6083,4738,0,2.14191930205561
"10832","weekly",6083,4739,0,2.17335441644536
"10833","weekly",6083,4740,0,2.23178949806606
"10834","weekly",6083,4741,0,2.31618308497127
"10835","weekly",6083,4742,0,2.42347870903905
"10836","weekly",6083,4743,0,2.54828590343823
"10837","weekly",6083,4744,0,2.68274104804732
"10838","weekly",6083,4745,0,2.8167773327441
"10839","weekly",6083,4746,0,2.93898237773101
"10840","weekly",6083,4747,0,3.0380509175593
"10841","weekly",6083,4748,0,3.10458579784608
"10842","weekly",6083,4749,0,3.13277718867175
"10843","weekly",6083,4750,0,3.12143638799898
"10844","weekly",6083,4751,0,3.0740431525046
"10845","weekly",6083,4752,0,2.99783840525197
"10846","weekly",6083,4753,0,2.90218801764422
"10847","weekly",6083,4754,0,2.796859924827
"10848","weekly",6083,4755,0,2.69063922369969
"10849","weekly",6083,4756,0,2.59037907168386
"10850","weekly",6083,4757,0,2.50062190298922
"10851","weekly",6083,4758,0,2.42364483143319
"10852","weekly",6083,4759,0,2.35976957093226
"10853","weekly",6083,4760,0,2.30780460496317
"10854","weekly",6083,4761,0,2.26554012598353
"10855","weekly",6083,4762,0,2.23025622454588
"10856","weekly",6083,4763,0,2.19921975652687
"10857","weekly",6083,4764,0,2.17013797230902
"10858","weekly",6083,4765,0,2.14152123202803
"10859","weekly",6083,4766,0,2.11290135898162
"10860","weekly",6083,4767,0,2.08486788542359
"10861","weekly",6083,4768,0,2.0589196527435
"10862","weekly",6083,4769,0,2.03716927752248
"10863","weekly",6083,4770,0,2.02196459102561
"10864","weekly",6083,4771,0,2.01549382900703
"10865","weekly",6083,4772,0,2.01942327743745
"10866","weekly",6083,4773,0,2.03459100762848
"10867","weekly",6083,4774,0,2.06076393424883
"10868","weekly",6083,4775,0,2.09646718390286
"10869","weekly",6083,4776,0,2.13891376988613
"10870","weekly",6083,4777,0,2.18408717247075
"10871","weekly",6083,4778,0,2.22703996516066
"10872","weekly",6083,4779,0,2.26244743622374
"10873","weekly",6083,4780,0,2.28538683790248
"10874","weekly",6083,4781,0,2.29221587174106
"10875","weekly",6083,4782,0,2.28134181490168
"10876","weekly",6083,4783,0,2.25365871549002
"10877","weekly",6083,4784,0,2.21251187913003
"10878","weekly",6083,4785,0,2.16320029768394
"10879","weekly",6083,4786,0,2.1121770577447
"10880","weekly",6083,4787,0,2.0661822433467
"10881","weekly",6083,4788,0,2.03151478024665
"10882","weekly",6083,4789,0,2.01354822682333
"10883","weekly",6083,4790,0,2.01647915146896
"10884","weekly",6083,4791,0,2.0432148486143
"10885","weekly",6083,4792,0,2.0952802967513
"10886","weekly",6083,4793,0,2.17264876232366
"10887","weekly",6083,4794,0,2.2734631948988
"10888","weekly",6083,4795,0,2.39370263068122
"10889","weekly",6083,4796,0,2.52694097167114
"10890","weekly",6083,4797,0,2.66441269987263
"10891","weekly",6083,4798,0,2.79559459883603
"10892","weekly",6083,4799,0,2.90939409626299
"10893","weekly",6083,4800,0,2.99580997688463
"10894","weekly",6083,4801,0,3.04768316910486
"10895","weekly",6083,4802,0,3.06202084911638
"10896","weekly",6083,4803,0,3.04046198452124
"10897","weekly",6083,4804,0,2.98874246224295
"10898","weekly",6083,4805,0,2.91535294763162
"10899","weekly",6083,4806,0,2.82990212083678
"10900","weekly",6083,4807,0,2.74156570067862
"10901","weekly",6083,4808,0,2.65793475304963
"10902","weekly",6083,4809,0,2.58444065862568
"10903","weekly",6083,4810,0,2.5242179154593
"10904","weekly",6083,4811,0,2.4782750797749
"10905","weekly",6083,4812,0,2.44583969877567
"10906","weekly",6083,4813,0,2.42479074830771
"10907","weekly",6083,4814,0,2.41214181817486
"10908","weekly",6083,4815,0,2.40456294463365
"10909","weekly",6083,4816,0,2.39892058030819
"10910","weekly",6083,4817,0,2.39278695938992
"10911","weekly",6083,4818,0,2.38484338801936
"10912","weekly",6083,4819,0,2.37509888681234
"10913","weekly",6083,4820,0,2.36487580943503
"10914","weekly",6083,4821,0,2.35656765141175
"10915","weekly",6083,4822,0,2.35322675248608
"10916","weekly",6083,4823,0,2.35806707417942
"10917","weekly",6083,4824,0,2.37396104756044
"10918","weekly",6083,4825,0,2.40298016302404
"10919","weekly",6083,4826,0,2.44599818927236
"10920","weekly",6083,4827,0,2.50236381040304
"10921","weekly",6083,4828,0,2.56966503031435
"10922","weekly",6083,4829,0,2.64364452700829
"10923","weekly",6083,4830,0,2.71836162370164
"10924","weekly",6083,4831,0,2.78670058085117
"10925","weekly",6083,4832,0,2.84126687984099
"10926","weekly",6083,4833,0,2.87558779207757
"10927","weekly",6083,4834,0,2.88537989204633
"10928","weekly",6083,4835,0,2.86954383904231
"10929","weekly",6083,4836,0,2.83057398279198
"10930","weekly",6083,4837,0,2.77424393765978
"10931","weekly",6083,4838,0,2.70867604232626
"10932","weekly",6083,4839,0,2.64309812750435
"10933","weekly",6083,4840,0,2.58664165087976
"10934","weekly",6083,4841,0,2.54743621154921
"10935","weekly",6083,4842,0,2.532080037985
"10936","weekly",6083,4843,0,2.54540628334507
"10937","weekly",6083,4844,0,2.59037867371808
"10938","weekly",6083,4845,0,2.66794822720112
"10939","weekly",6083,4846,0,2.7767688097083
"10940","weekly",6083,4847,0,2.91278118433547
"10941","weekly",6083,4848,0,3.06883467288571
"10942","weekly",6083,4849,0,3.23451859041234
"10943","weekly",6083,4850,0,3.39663471258245
"10944","weekly",6083,4851,0,3.54054708738113
"10945","weekly",6083,4852,0,3.65223996923305
"10946","weekly",6083,4853,0,3.72077095371787
"10947","weekly",6083,4854,0,3.74039623182034
"10948","weekly",6083,4855,0,3.71165983899846
"10949","weekly",6083,4856,0,3.64107078386587
"10950","weekly",6083,4857,0,3.53951185950427
"10951","weekly",6083,4858,0,3.41995406823116
"10952","weekly",6083,4859,0,3.29518331048894
"10953","weekly",6083,4860,0,3.17607299980591
"10954","weekly",6083,4861,0,3.0706147235469
"10955","weekly",6083,4862,0,2.98363481555134
"10956","weekly",6083,4863,0,2.91698080836795
"10957","weekly",6083,4864,0,2.86995783046586
"10958","weekly",6083,4865,0,2.8398713816714
"10959","weekly",6083,4866,0,2.82262228467152
"10960","weekly",6083,4867,0,2.81335551189841
"10961","weekly",6083,4868,0,2.80716822628165
"10962","weekly",6083,4869,0,2.79984093856183
"10963","weekly",6083,4870,0,2.78849781377357
"10964","weekly",6083,4871,0,2.77206700952956
"10965","weekly",6083,4872,0,2.75142952997703
"10966","weekly",6083,4873,0,2.72921658077394
"10967","weekly",6083,4874,0,2.70930898681399
"10968","weekly",6083,4875,0,2.69616189433145
"10969","weekly",6083,4876,0,2.69409302409622
"10970","weekly",6083,4877,0,2.70663565344876
"10971","weekly",6083,4878,0,2.73599848768208
"10972","weekly",6083,4879,0,2.78263079712633
"10973","weekly",6083,4880,0,2.84488713703468
"10974","weekly",6083,4881,0,2.91882420069305
"10975","weekly",6083,4882,0,2.9982228250301
"10976","weekly",6083,4883,0,3.0749718931329
"10977","weekly",6083,4884,0,3.1399303782382
"10978","weekly",6083,4885,0,3.18426656344673
"10979","weekly",6083,4886,0,3.20107564079808
"10980","weekly",6083,4887,0,3.1868823558616
"10981","weekly",6083,4888,0,3.14256696330267
"10982","weekly",6083,4889,0,3.07339157513343
"10983","weekly",6083,4890,0,2.98811193500296
"10984","weekly",6083,4891,0,2.89748296356993
"10985","weekly",6083,4892,0,2.81263540333021
"10986","weekly",6083,4893,0,2.74374610959785
"10987","weekly",6083,4894,0,2.69921029760735
"10988","weekly",6083,4895,0,2.68528268381488
"10989","weekly",6083,4896,0,2.7059932606644
"10990","weekly",6083,4897,0,2.7630996996304
"10991","weekly",6083,4898,0,2.85589510359569
"10992","weekly",6083,4899,0,2.98081389357685
"10993","weekly",6083,4900,0,3.13094125039061
"10994","weekly",6083,4901,0,3.29565838517738
"10995","weekly",6083,4902,0,3.46096419604146
"10996","weekly",6083,4903,0,3.6106440529984
"10997","weekly",6083,4904,0,3.7283573942259
"10998","weekly",6083,4905,0,3.80050750076771
"10999","weekly",6083,4906,0,3.81896725526894
"11000","weekly",6083,4907,0,3.7827741324727
"11001","weekly",6083,4908,0,3.69816820917185
"11002","weekly",6083,4909,0,3.57697639919934
"11003","weekly",6083,4910,0,3.43396222434239
"11004","weekly",6083,4911,0,3.28403427448939
"11005","weekly",6083,4912,0,3.14005428098608
"11006","weekly",6083,4913,0,3.01158207017579
"11007","weekly",6083,4914,0,2.90449931198964
"11008","weekly",6083,4915,0,2.82123403894366
"11009","weekly",6083,4916,0,2.7612833812891
"11010","weekly",6083,4917,0,2.72182897487073
"11011","weekly",6083,4918,0,2.69836665614275
"11012","weekly",6083,4919,0,2.68536402584868
"11013","weekly",6083,4920,0,2.67698571566143
"11014","weekly",6083,4921,0,2.66788686122163
"11015","weekly",6083,4922,0,2.65399752731901
"11016","weekly",6083,4923,0,2.63315196617623
"11017","weekly",6083,4924,0,2.60540465125814
"11018","weekly",6083,4925,0,2.57293995030341
"11019","weekly",6083,4926,0,2.53959815966664
"11020","weekly",6083,4927,0,2.51014853303786
"11021","weekly",6083,4928,0,2.48948638240108
"11022","weekly",6083,4929,0,2.48190226129373
"11023","weekly",6083,4930,0,2.49049602565356
"11024","weekly",6083,4931,0,2.51673574961023
"11025","weekly",6083,4932,0,2.5601294649241
"11026","weekly",6083,4933,0,2.61799928671098
"11027","weekly",6083,4934,0,2.68540909627336
"11028","weekly",6083,4935,0,2.75536367317545
"11029","weekly",6083,4936,0,2.81942021430586
"11030","weekly",6083,4937,0,2.86878646072
"11031","weekly",6083,4938,0,2.89581123105017
"11032","weekly",6083,4939,0,2.89555764861871
"11033","weekly",6083,4940,0,2.86700499642757
"11034","weekly",6083,4941,0,2.81346926389961
"11035","weekly",6083,4942,0,2.74208588118199
"11036","weekly",6083,4943,0,2.66254327932256
"11037","weekly",6083,4944,0,2.58550566408667
"11038","weekly",6083,4945,0,2.52120914289844
"11039","weekly",6083,4946,0,2.47846125310753
"11040","weekly",6083,4947,0,2.46417231450323
"11041","weekly",6083,4948,0,2.48325387778459
"11042","weekly",6083,4949,0,2.53855952795129
"11043","weekly",6083,4950,0,2.63071405803203
"11044","weekly",6083,4951,0,2.75769830250647
"11045","weekly",6083,4952,0,2.91423410872812
"11046","weekly",6083,4953,0,3.0912033560744
"11047","weekly",6083,4954,0,3.27550337699358
"11048","weekly",6083,4955,0,3.45079240819905
"11049","weekly",6083,4956,0,3.59940116180223
"11050","weekly",6083,4957,0,3.70524862705497
"11051","weekly",6083,4958,0,3.75705169641878
"11052","weekly",6083,4959,0,3.75077459358727
"11053","weekly",6083,4960,0,3.69040808384307
"11054","weekly",6083,4961,0,3.58679787893197
"11055","weekly",6083,4962,0,3.4550152409065
"11056","weekly",6083,4963,0,3.31124066919438
"11057","weekly",6083,4964,0,3.17010104117799
"11058","weekly",6083,4965,0,3.04298911828664
"11059","weekly",6083,4966,0,2.93740700825583
"11060","weekly",6083,4967,0,2.85705915937433
"11061","weekly",6083,4968,0,2.80233571134158
"11062","weekly",6083,4969,0,2.77091897200444
"11063","weekly",6083,4970,0,2.75839766376885
"11064","weekly",6083,4971,0,2.75889944992377
"11065","weekly",6083,4972,0,2.76580994160031
"11066","weekly",6083,4973,0,2.77262078618514
"11067","weekly",6083,4974,0,2.77385941197281
"11068","weekly",6083,4975,0,2.76594741019653
"11069","weekly",6083,4976,0,2.74777801072923
"11070","weekly",6083,4977,0,2.72084195973002
"11071","weekly",6083,4978,0,2.68885837774724
"11072","weekly",6083,4979,0,2.6570197698602
"11073","weekly",6083,4980,0,2.63105888210703
"11074","weekly",6083,4981,0,2.61634690067149
"11075","weekly",6083,4982,0,2.61715491334326
"11076","weekly",6083,4983,0,2.63611052464694
"11077","weekly",6083,4984,0,2.67381554871099
"11078","weekly",6083,4985,0,2.72858692627051
"11079","weekly",6083,4986,0,2.79633573640604
"11080","weekly",6083,4987,0,2.87067594798282
"11081","weekly",6083,4988,0,2.94340541373822
"11082","weekly",6083,4989,0,3.0054729830299
"11083","weekly",6083,4990,0,3.04840782043175
"11084","weekly",6083,4991,0,3.06597056330065
"11085","weekly",6083,4992,0,3.05559528968297
"11086","weekly",6083,4993,0,3.01915946925874
"11087","weekly",6083,4994,0,2.96281143126544
"11088","weekly",6083,4995,0,2.89592660890776
"11089","weekly",6083,4996,0,2.82957245985745
"11090","weekly",6083,4997,0,2.77497387168114
"11091","weekly",6083,4998,0,2.74233088581241
"11092","weekly",6083,4999,0,2.74020128350821
"11093","weekly",6083,5000,0,2.77522754156962
"11094","weekly",6083,5001,0,2.85196203485248
"11095","weekly",6083,5002,0,2.97263607534114
"11096","weekly",6083,5003,0,3.13661473587854
"11097","weekly",6083,5004,0,3.33955154017895
"11098","weekly",6083,5005,0,3.57245983983739
"11099","weekly",6083,5006,0,3.82115423979121
"11100","weekly",6083,5007,0,4.0666569758032
"11101","weekly",6083,5008,0,4.2870555165282
"11102","weekly",6083,5009,0,4.46083836481557
"11103","weekly",6083,5010,0,4.57103049432044
"11104","weekly",6083,5011,0,4.6088574033347
"11105","weekly",6083,5012,0,4.57561369138421
"11106","weekly",6083,5013,0,4.48204597760923
"11107","weekly",6083,5014,0,4.34556229651207
"11108","weekly",6083,5015,0,4.18637075889274
"11109","weekly",6083,5016,0,4.02382537414087
"11110","weekly",6083,5017,0,3.87385105263093
"11111","weekly",6083,5018,0,3.74768945857068
"11112","weekly",6083,5019,0,3.65171372759505
"11113","weekly",6083,5020,0,3.58786855224753
"11114","weekly",6083,5021,0,3.554352594394
"11115","weekly",6083,5022,0,3.54634046540014
"11116","weekly",6083,5023,0,3.55672491106088
"11117","weekly",6083,5024,0,3.57696647569537
"11118","weekly",6083,5025,0,3.59813642711379
"11119","weekly",6083,5026,0,3.61213853035588
"11120","weekly",6083,5027,0,3.61294621432899
"11121","weekly",6083,5028,0,3.5975776037958
"11122","weekly",6083,5029,0,3.56653129789629
"11123","weekly",6083,5030,0,3.5235424489365
"11124","weekly",6083,5031,0,3.47473040476325
"11125","weekly",6083,5032,0,3.42738636475406
"11126","weekly",6083,5033,0,3.38870761430007
"11127","weekly",6083,5034,0,3.36471670225728
"11128","weekly",6083,5035,0,3.35947192719323
"11129","weekly",6083,5036,0,3.37456120963907
"11130","weekly",6083,5037,0,3.40882713522296
"11131","weekly",6083,5038,0,3.45830204291269
"11132","weekly",6083,5039,0,3.51640506164404
"11133","weekly",6083,5040,0,3.5745124736568
"11134","weekly",6083,5041,0,3.62300039033289
"11135","weekly",6083,5042,0,3.65276990420534
"11136","weekly",6083,5043,0,3.65691239686566
"11137","weekly",6083,5044,0,3.63225330878049
"11138","weekly",6083,5045,0,3.58030831287033
"11139","weekly",6083,5046,0,3.50719515717356
"11140","weekly",6083,5047,0,3.42264805739978
"11141","weekly",6083,5048,0,3.33845115604345
"11142","weekly",6083,5049,0,3.26678789252765
"11143","weekly",6083,5050,0,3.21892035467317
"11144","weekly",6083,5051,0,3.20437577561825
"11145","weekly",6083,5052,0,3.23056521892431
"11146","weekly",6083,5053,0,3.30259804488742
"11147","weekly",6083,5054,0,3.42301974003203
"11148","weekly",6083,5055,0,3.59127617246122
"11149","weekly",6083,5056,0,3.80287004911224
"11150","weekly",6083,5057,0,4.04840291690198
"11151","weekly",6083,5058,0,4.31294390297262
"11152","weekly",6083,5059,0,4.57633260620059
"11153","weekly",6083,5060,0,4.81495359973633
"11154","weekly",6083,5061,0,5.00509619966033
"11155","weekly",6083,5062,0,5.12730408235802
"11156","weekly",6083,5063,0,5.17045628844062
"11157","weekly",6083,5064,0,5.13415054621873
"11158","weekly",6083,5065,0,5.02850479749031
"11159","weekly",6083,5066,0,4.87151058332529
"11160","weekly",6083,5067,0,4.68498545975308
"11161","weekly",6083,5068,0,4.49049673459376
"11162","weekly",6083,5069,0,4.30630555844982
"11163","weekly",6083,5070,0,4.14573107953765
"11164","weekly",6083,5071,0,4.01675953913946
"11165","weekly",6083,5072,0,3.92244338392629
"11166","weekly",6083,5073,0,3.86164526929497
"11167","weekly",6083,5074,0,3.82985370617826
"11168","weekly",6083,5075,0,3.81999586388702
"11169","weekly",6083,5076,0,3.82330893821199
"11170","weekly",6083,5077,0,3.83036346876179
"11171","weekly",6083,5078,0,3.83225957790273
"11172","weekly",6083,5079,0,3.82187960745068
"11173","weekly",6083,5080,0,3.79495260104886
"11174","weekly",6083,5081,0,3.75064963512705
"11175","weekly",6083,5082,0,3.69152515527094
"11176","weekly",6083,5083,0,3.62281287962105
"11177","weekly",6083,5084,0,3.55127899823128
"11178","weekly",6083,5085,0,3.48393509475864
"11179","weekly",6083,5086,0,3.42688538244693
"11180","weekly",6083,5087,0,3.38446845515864
"11181","weekly",6083,5088,0,3.35872924505384
"11182","weekly",6083,5089,0,3.34918334681424
"11183","weekly",6083,5090,0,3.35283168000751
"11184","weekly",6083,5091,0,3.36442637484288
"11185","weekly",6083,5092,0,3.3770334252913
"11186","weekly",6083,5093,0,3.38293627474923
"11187","weekly",6083,5094,0,3.374810169189
"11188","weekly",6083,5095,0,3.3471537384612
"11189","weekly",6083,5096,0,3.29748743184609
"11190","weekly",6083,5097,0,3.22697523148963
"11191","weekly",6083,5098,0,3.1404321147711
"11192","weekly",6083,5099,0,3.04557265053154
"11193","weekly",6083,5100,0,2.95178574923193
"11194","weekly",6083,5101,0,2.86881024864851
"11195","weekly",6083,5102,0,2.80564231760218
"11196","weekly",6083,5103,0,2.76983699758421
"11197","weekly",6083,5104,0,2.7671719895734
"11198","weekly",6083,5105,0,2.80150699036312
"11199","weekly",6083,5106,0,2.87463105126517
"11200","weekly",6083,5107,0,2.98593704792438
"11201","weekly",6083,5108,0,3.13187642351841
"11202","weekly",6083,5109,0,3.30530934387934
"11203","weekly",6083,5110,0,3.49504455187707
"11204","weekly",6083,5111,0,3.68599390005693
"11205","weekly",6083,5112,0,3.86034532217309
"11206","weekly",6083,5113,0,3.99989466174156
"11207","weekly",6083,5114,0,4.08919318835251
"11208","weekly",6083,5115,0,4.11866648416617
"11209","weekly",6083,5116,0,4.0866552235384
"11210","weekly",6083,5117,0,3.99962484918069
"11211","weekly",6083,5118,0,3.87048651080113
"11212","weekly",6083,5119,0,3.71568549482618
"11213","weekly",6083,5120,0,3.55205951849348
"11214","weekly",6083,5121,0,3.39432760473574
"11215","weekly",6083,5122,0,3.25361105511547
"11216","weekly",6083,5123,0,3.136960897682
"11217","weekly",6083,5124,0,3.04762858073809
"11218","weekly",6083,5125,0,2.98559394461336
"11219","weekly",6083,5126,0,2.94817465930828
"11220","weekly",6083,5127,0,2.93065518169897
"11221","weekly",6083,5128,0,2.92690969907562
"11222","weekly",6083,5129,0,2.93009133895976
"11223","weekly",6083,5130,0,2.9334323873627
"11224","weekly",6083,5131,0,2.93111712651444
"11225","weekly",6083,5132,0,2.91909228055738
"11226","weekly",6083,5133,0,2.89562570565613
"11227","weekly",6083,5134,0,2.86145283756196
"11228","weekly",6083,5135,0,2.81945941125741
"11229","weekly",6083,5136,0,2.77398686335073
"11230","weekly",6083,5137,0,2.72994524409296
"11231","weekly",6083,5138,0,2.69196135064703
"11232","weekly",6083,5139,0,2.66360629358678
"11233","weekly",6083,5140,0,2.64689902207465
"11234","weekly",6083,5141,0,2.64207873586565
"11235","weekly",6083,5142,0,2.64749821060104
"11236","weekly",6083,5143,0,2.65974117457517
"11237","weekly",6083,5144,0,2.67396458421717
"11238","weekly",6083,5145,0,2.6845012572594
"11239","weekly",6083,5146,0,2.68571681386675
"11240","weekly",6083,5147,0,2.67302386014489
"11241","weekly",6083,5148,0,2.64385208007297
"11242","weekly",6083,5149,0,2.5983185392397
"11243","weekly",6083,5150,0,2.5393914602173
"11244","weekly",6083,5151,0,2.47249264584389
"11245","weekly",6083,5152,0,2.4046713327989
"11246","weekly",6083,5153,0,2.34360983100487
"11247","weekly",6083,5154,0,2.29672842504806
"11248","weekly",6083,5155,0,2.27055488861515
"11249","weekly",6083,5156,0,2.2703775310074
"11250","weekly",6083,5157,0,2.30007990449667
"11251","weekly",6083,5158,0,2.36199904367095
"11252","weekly",6083,5159,0,2.4566624694271
"11253","weekly",6083,5160,0,2.58233169140294
"11254","weekly",6083,5161,0,2.73439995344961
"11255","weekly",6083,5162,0,2.90484224361717
"11256","weekly",6083,5163,0,3.08205369990901
"11257","weekly",6083,5164,0,3.2514581408177
"11258","weekly",6083,5165,0,3.39712837504339
"11259","weekly",6083,5166,0,3.50430326387868
"11260","weekly",6083,5167,0,3.56222626392264
"11261","weekly",6083,5168,0,3.56641780500649
"11262","weekly",6083,5169,0,3.51957056444371
"11263","weekly",6083,5170,0,3.43074946795241
"11264","weekly",6083,5171,0,3.31323411987978
"11265","weekly",6083,5172,0,3.18179596826667
"11266","weekly",6083,5173,0,3.05024443217553
"11267","weekly",6083,5174,0,2.92976962419925
"11268","weekly",6083,5175,0,2.8281928882061
"11269","weekly",6083,5176,0,2.74993086684844
"11270","weekly",6083,5177,0,2.69636468973476
"11271","weekly",6083,5178,0,2.66635560797295
"11272","weekly",6083,5179,0,2.65676841587992
"11273","weekly",6083,5180,0,2.66298052473576
"11274","weekly",6083,5181,0,2.67942580275121
"11275","weekly",6083,5182,0,2.70022911814158
"11276","weekly",6083,5183,0,2.71993613758241
"11277","weekly",6083,5184,0,2.73426057575853
"11278","weekly",6083,5185,0,2.74070201278664
"11279","weekly",6083,5186,0,2.73887510102941
"11280","weekly",6083,5187,0,2.73045204379014
"11281","weekly",6083,5188,0,2.71872941483161
"11282","weekly",6083,5189,0,2.70793378099916
"11283","weekly",6083,5190,0,2.70243017235771
"11284","weekly",6083,5191,0,2.70595918732579
"11285","weekly",6083,5192,0,2.7210756179702
"11286","weekly",6083,5193,0,2.7487158269505
"11287","weekly",6083,5194,0,2.78789599554148
"11288","weekly",6083,5195,0,2.83566119748866
"11289","weekly",6083,5196,0,2.88725064706523
"11290","weekly",6083,5197,0,2.93656705424655
"11291","weekly",6083,5198,0,2.97698934894288
"11292","weekly",6083,5199,0,3.00247627685894
"11293","weekly",6083,5200,0,3.00877616388607
"11294","weekly",6083,5201,0,2.99445051883231
"11295","weekly",6083,5202,0,2.96141290245578
"11296","weekly",6083,5203,0,2.91481364550418
"11297","weekly",6083,5204,0,2.86231868667528
"11298","weekly",6083,5205,0,2.81302863269229
"11299","weekly",6083,5206,0,2.77636254846584
"11300","weekly",6083,5207,0,2.76116376524442
"11301","weekly",6083,5208,0,2.77512590045808
"11302","weekly",6083,5209,0,2.82447240536567
"11303","weekly",6083,5210,0,2.91371715132846
"11304","weekly",6083,5211,0,3.04531081399182
"11305","weekly",6083,5212,0,3.21903549230774
"11306","weekly",6083,5213,0,3.43113985753735
"11307","weekly",6083,5214,0,3.67339740693569
"11308","weekly",6083,5215,0,3.93248329940252
"11309","weekly",6083,5216,0,4.1902091994998
"11310","weekly",6083,5217,0,4.42509310733294
"11311","weekly",6083,5218,0,4.61536853498546
"11312","weekly",6083,5219,0,4.7429131771205
"11313","weekly",6083,5220,0,4.79698738822481
"11314","weekly",6083,5221,0,4.77650547251687
"11315","weekly",6083,5222,0,4.69002004805952
"11316","weekly",6083,5223,0,4.55348550435156
"11317","weekly",6083,5224,0,4.38668785715709
"11318","weekly",6083,5225,0,4.20955407927977
"11319","weekly",6083,5226,0,4.03930778749054
"11320","weekly",6083,5227,0,3.88888160247006
"11321","weekly",6083,5228,0,3.76647465353017
"11322","weekly",6083,5229,0,3.67587235593237
"11323","weekly",6083,5230,0,3.61712307127891
"11324","weekly",6083,5231,0,3.58729833705002
"11325","weekly",6083,5232,0,3.58123339668964
"11326","weekly",6083,5233,0,3.59226901453803
"11327","weekly",6083,5234,0,3.61306102096569
"11328","weekly",6083,5235,0,3.63651002323604
"11329","weekly",6083,5236,0,3.65666820309707
"11330","weekly",6083,5237,0,3.66957965568872
"11331","weekly",6083,5238,0,3.67386206390802
"11332","weekly",6083,5239,0,3.67077372939093
"11333","weekly",6083,5240,0,3.66382122717914
"11334","weekly",6083,5241,0,3.65798561679549
"11335","weekly",6083,5242,0,3.65875107698957
"11336","weekly",6083,5243,0,3.67112555255881
"11337","weekly",6083,5244,0,3.69878709799377
"11338","weekly",6083,5245,0,3.74341844941955
"11339","weekly",6083,5246,0,3.80425029018079
"11340","weekly",6083,5247,0,3.8778394695546
"11341","weekly",6083,5248,0,3.95814856150537
"11342","weekly",6083,5249,0,4.03702833110583
"11343","weekly",6083,5250,0,4.1051859605941
"11344","weekly",6083,5251,0,4.15361630887492
"11345","weekly",6083,5252,0,4.17529456174816
"11346","weekly",6083,5253,0,4.16675168758957
"11347","weekly",6083,5254,0,4.12908972546575
"11348","weekly",6083,5255,0,4.06811743340222
"11349","weekly",6083,5256,0,3.99356954504037
"11350","weekly",6083,5257,0,3.91768067944213
"11351","weekly",6083,5258,0,3.8535609349492
"11352","weekly",6083,5259,0,3.81378868292086
"11353","weekly",6083,5260,0,3.80944170086877
"11354","weekly",6083,5261,0,3.84954702638788
"11355","weekly",6083,5262,0,3.94074986097985
"11356","weekly",6083,5263,0,4.08693385886727
"11357","weekly",6083,5264,0,4.28857213107403
"11358","weekly",6083,5265,0,4.54173580408678
"11359","weekly",6083,5266,0,4.83691808837466
"11360","weekly",6083,5267,0,5.15810839191545
"11361","weekly",6083,5268,0,5.48277654949925
"11362","weekly",6083,5269,0,5.78343769200728
"11363","weekly",6083,5270,0,6.03110448885127
"11364","weekly",6083,5271,0,6.20019592021708
"11365","weekly",6083,5272,0,6.27364642723114
"11366","weekly",6083,5273,0,6.24653956861584
"11367","weekly",6083,5274,0,6.1269487257523
"11368","weekly",6083,5275,0,5.93371310958173
"11369","weekly",6083,5276,0,5.69204800538137
"11370","weekly",6083,5277,0,5.42854522640118
"11371","weekly",6083,5278,0,5.16700239988859
"11372","weekly",6083,5279,0,4.9258591895632
"11373","weekly",6083,5280,0,4.7172754095518
"11374","weekly",6083,5281,0,4.54740890266839
"11375","weekly",6083,5282,0,4.41732849151595
"11376","weekly",6083,5283,0,4.32412368853693
"11377","weekly",6083,5284,0,4.26198819102137
"11378","weekly",6083,5285,0,4.22323746306938
"11379","weekly",6083,5286,0,4.19931337845628
"11380","weekly",6083,5287,0,4.18182273235288
"11381","weekly",6083,5288,0,4.1635277296009
"11382","weekly",6083,5289,0,4.13936213031411
"11383","weekly",6083,5290,0,4.10704053050722
"11384","weekly",6083,5291,0,4.06710181789822
"11385","weekly",6083,5292,0,4.02258791844361
"11386","weekly",6083,5293,0,3.97825090208789
"11387","weekly",6083,5294,0,3.93952654342866
"11388","weekly",6083,5295,0,3.91148520019487
"11389","weekly",6083,5296,0,3.89792076943559
"11390","weekly",6083,5297,0,3.90066033156472
"11391","weekly",6083,5298,0,3.91911918824189
"11392","weekly",6083,5299,0,3.95011403862736
"11393","weekly",6083,5300,0,3.98797401727643
"11394","weekly",6083,5301,0,4.02502111237845
"11395","weekly",6083,5302,0,4.05248249217402
"11396","weekly",6083,5303,0,4.06181382175419
"11397","weekly",6083,5304,0,4.04626034665853
"11398","weekly",6083,5305,0,4.00232225560467
"11399","weekly",6083,5306,0,3.93072048263275
"11400","weekly",6083,5307,0,3.83655440909206
"11401","weekly",6083,5308,0,3.7285919766291
"11402","weekly",6083,5309,0,3.61792319538654
"11403","weekly",6083,5310,0,3.51639281155076
"11404","weekly",6083,5311,0,3.43522264788044
"11405","weekly",6083,5312,0,3.38406610634411
"11406","weekly",6083,5313,0,3.37051115286886
"11407","weekly",6083,5314,0,3.39986953843618
"11408","weekly",6083,5315,0,3.47501362630283
"11409","weekly",6083,5316,0,3.59605053637642
"11410","weekly",6083,5317,0,3.75973601918668
"11411","weekly",6083,5318,0,3.95870605335222
"11412","weekly",6083,5319,0,4.18081410916056
"11413","weekly",6083,5320,0,4.40904424709151
"11414","weekly",6083,5321,0,4.62251390420715
"11415","weekly",6083,5322,0,4.79886352299945
"11416","weekly",6083,5323,0,4.91782365538529
"11417","weekly",6083,5324,0,4.96512276493013
"11418","weekly",6083,5325,0,4.9354996244947
"11419","weekly",6083,5326,0,4.83373187933466
"11420","weekly",6083,5327,0,4.67330217018025
"11421","weekly",6083,5328,0,4.47323139506625
"11422","weekly",6083,5329,0,4.25421451753937
"11423","weekly",6083,5330,0,4.03522097083624
"11424","weekly",6083,5331,0,3.83131728263106
"11425","weekly",6083,5332,0,3.65265775640728
"11426","weekly",6083,5333,0,3.5045946209575
"11427","weekly",6083,5334,0,3.38843475739122
"11428","weekly",6083,5335,0,3.30225661813165
"11429","weekly",6083,5336,0,3.24176570036798
"11430","weekly",6083,5337,0,3.20108447069651
"11431","weekly",6083,5338,0,3.17351244145539
"11432","weekly",6083,5339,0,3.15230453110416
"11433","weekly",6083,5340,0,3.13146547923679
"11434","weekly",6083,5341,0,3.10648107898305
"11435","weekly",6083,5342,0,3.0748504344665
"11436","weekly",6083,5343,0,3.03628617155482
"11437","weekly",6083,5344,0,2.99251957674278
"11438","weekly",6083,5345,0,2.94675413938239
"11439","weekly",6083,5346,0,2.90290170663502
"11440","weekly",6083,5347,0,2.86476999212755
"11441","weekly",6083,5348,0,2.8353435730678
"11442","weekly",6083,5349,0,2.81624093427672
"11443","weekly",6083,5350,0,2.80737620085711
"11444","weekly",6083,5351,0,2.80683112706174
"11445","weekly",6083,5352,0,2.81095119114616
"11446","weekly",6083,5353,0,2.81469788536197
"11447","weekly",6083,5354,0,2.81228591056424
"11448","weekly",6083,5355,0,2.79808422183851
"11449","weekly",6083,5356,0,2.76766456014593
"11450","weekly",6083,5357,0,2.71877800297807
"11451","weekly",6083,5358,0,2.65199306205614
"11452","weekly",6083,5359,0,2.57078991271555
"11453","weekly",6083,5360,0,2.48107003924088
"11454","weekly",6083,5361,0,2.3902364729438
"11455","weekly",6083,5362,0,2.30612762717647
"11456","weekly",6083,5363,0,2.23608751868596
"11457","weekly",6083,5364,0,2.18634243257111
"11458","weekly",6083,5365,0,2.16169929128955
"11459","weekly",6083,5366,0,2.16545737735578
"11460","weekly",6083,5367,0,2.19937076047063
"11461","weekly",6083,5368,0,2.26351466079359
"11462","weekly",6083,5369,0,2.35597904090537
"11463","weekly",6083,5370,0,2.47242135449778
"11464","weekly",6083,5371,0,2.60564115495072
"11465","weekly",6083,5372,0,2.74545833599404
"11466","weekly",6083,5373,0,2.87921993102646
"11467","weekly",6083,5374,0,2.99315041274531
"11468","weekly",6083,5375,0,3.07446709350916
"11469","weekly",6083,5376,0,3.11379260229296
"11470","weekly",6083,5377,0,3.10711791279027
"11471","weekly",6083,5378,0,3.05661241384223
"11472","weekly",6083,5379,0,2.96998102933867
"11473","weekly",6083,5380,0,2.85863047518069
"11474","weekly",6083,5381,0,2.73531475654454
"11475","weekly",6083,5382,0,2.6119878491445
"11476","weekly",6083,5383,0,2.49833889969159
"11477","weekly",6083,5384,0,2.40111181762768
"11478","weekly",6083,5385,0,2.32409742911113
"11479","weekly",6083,5386,0,2.26846506833681
"11480","weekly",6083,5387,0,2.23320536589017
"11481","weekly",6083,5388,0,2.21561258847942
"11482","weekly",6083,5389,0,2.21173027253826
"11483","weekly",6083,5390,0,2.21680990830646
"11484","weekly",6083,5391,0,2.22583061960177
"11485","weekly",6083,5392,0,2.23408902197843
"11486","weekly",6083,5393,0,2.23780217271997
"11487","weekly",6083,5394,0,2.23460853419965
"11488","weekly",6083,5395,0,2.22383820946561
"11489","weekly",6083,5396,0,2.20646978711011
"11490","weekly",6083,5397,0,2.18477874729433
"11491","weekly",6083,5398,0,2.16176880334388
"11492","weekly",6083,5399,0,2.14052281781915
"11493","weekly",6083,5400,0,2.12360143460683
"11494","weekly",6083,5401,0,2.11257355392445
"11495","weekly",6083,5402,0,2.10771539158304
"11496","weekly",6083,5403,0,2.10788846100331
"11497","weekly",6083,5404,0,2.11060580133926
"11498","weekly",6083,5405,0,2.11230530912871
"11499","weekly",6083,5406,0,2.10884471493773
"11500","weekly",6083,5407,0,2.09619492711499
"11501","weekly",6083,5408,0,2.07123747933656
"11502","weekly",6083,5409,0,2.03249653548119
"11503","weekly",6083,5410,0,1.98060471718782
"11504","weekly",6083,5411,0,1.91835305903805
"11505","weekly",6083,5412,0,1.85030297195772
"11506","weekly",6083,5413,0,1.78208533694851
"11507","weekly",6083,5414,0,1.71960375411436
"11508","weekly",6083,5415,0,1.66835270388401
"11509","weekly",6083,5416,0,1.63297192091704
"11510","weekly",6083,5417,0,1.61704058843316
"11511","weekly",6083,5418,0,1.62302376702428
"11512","weekly",6083,5419,0,1.65224573973683
"11513","weekly",6083,5420,0,1.70477991673397
"11514","weekly",6083,5421,0,1.77920030240784
"11515","weekly",6083,5422,0,1.87222401800682
"11516","weekly",6083,5423,0,1.97837563542998
"11517","weekly",6083,5424,0,2.08989510752144
"11518","weekly",6083,5425,0,2.19714068924077
"11519","weekly",6083,5426,0,2.28964647065732
"11520","weekly",6083,5427,0,2.35776092787273
"11521","weekly",6083,5428,0,2.39450301611214
"11522","weekly",6083,5429,0,2.39701247654739
"11523","weekly",6083,5430,0,2.36712093051756
"11524","weekly",6083,5431,0,2.31084042572184
"11525","weekly",6083,5432,0,2.23693592153722
"11526","weekly",6083,5433,0,2.15514502488077
"11527","weekly",6083,5434,0,2.0745774153329
"11528","weekly",6083,5435,0,2.00263392808847
"11529","weekly",6083,5436,0,1.9445120478631
"11530","weekly",6083,5437,0,1.90316458794405
"11531","weekly",6083,5438,0,1.87951032491401
"11532","weekly",6083,5439,0,1.87272866853164
"11533","weekly",6083,5440,0,1.88055395428091
"11534","weekly",6083,5441,0,1.89956793288002
"11535","weekly",6083,5442,0,1.92553878162289
"11536","weekly",6083,5443,0,1.953858805442
"11537","weekly",6083,5444,0,1.98009121260839
"11538","weekly",6083,5445,0,2.0005669441307
"11539","weekly",6083,5446,0,2.01290988302208
"11540","weekly",6083,5447,0,2.01635044076829
"11541","weekly",6083,5448,0,2.01173162524356
"11542","weekly",6083,5449,0,2.00120143868844
"11543","weekly",6083,5450,0,1.98767705497448
"11544","weekly",6083,5451,0,1.97421711016796
"11545","weekly",6083,5452,0,1.9634336939489
"11546","weekly",6083,5453,0,1.95703255428816
"11547","weekly",6083,5454,0,1.95552103046793
"11548","weekly",6083,5455,0,1.95809343655128
"11549","weekly",6083,5456,0,1.9626984045608
"11550","weekly",6083,5457,0,1.96629867999582
"11551","weekly",6083,5458,0,1.96532883745385
"11552","weekly",6083,5459,0,1.95632310307701
"11553","weekly",6083,5460,0,1.93662505812244
"11554","weekly",6083,5461,0,1.90502924719476
"11555","weekly",6083,5462,0,1.86218275153078
"11556","weekly",6083,5463,0,1.81062297461904
"11557","weekly",6083,5464,0,1.75443853248726
"11558","weekly",6083,5465,0,1.69866370383534
"11559","weekly",6083,5466,0,1.64859119048924
"11560","weekly",6083,5467,0,1.60917941393564
"11561","weekly",6083,5468,0,1.58465362060815
"11562","weekly",6083,5469,0,1.57830098489649
"11563","weekly",6083,5470,0,1.59238403310883
"11564","weekly",6083,5471,0,1.62806675510365
"11565","weekly",6083,5472,0,1.68526416126406
"11566","weekly",6083,5473,0,1.76237949117785
"11567","weekly",6083,5474,0,1.85597342345864
"11568","weekly",6083,5475,0,1.96050163471955
"11569","weekly",6083,5476,0,2.06833052827278
"11570","weekly",6083,5477,0,2.17024617179413
"11571","weekly",6083,5478,0,2.25655993600958
"11572","weekly",6083,5479,0,2.31868493312504
"11573","weekly",6083,5480,0,2.3507958779519
"11574","weekly",6083,5481,0,2.35100628351211
"11575","weekly",6083,5482,0,2.32178104578634
"11576","weekly",6083,5483,0,2.26928660244448
"11577","weekly",6083,5484,0,2.20193843918969
"11578","weekly",6083,5485,0,2.12881603901042
"11579","weekly",6083,5486,0,2.05826119944686
"11580","weekly",6083,5487,0,1.99696092677186
"11581","weekly",6083,5488,0,1.94954269501613
"11582","weekly",6083,5489,0,1.9185502200562
"11583","weekly",6083,5490,0,1.90462190654944
"11584","weekly",6083,5491,0,1.90673454952776
"11585","weekly",6083,5492,0,1.92245236490271
"11586","weekly",6083,5493,0,1.94819376536179
"11587","weekly",6083,5494,0,1.97956867323956
"11588","weekly",6083,5495,0,2.01183464139467
"11589","weekly",6083,5496,0,2.04047206582618
"11590","weekly",6083,5497,0,2.06180670991307
"11591","weekly",6083,5498,0,2.07354725641198
"11592","weekly",6083,5499,0,2.07509369269246
"11593","weekly",6083,5500,0,2.06752423022408
"11594","weekly",6083,5501,0,2.05326364212669
"11595","weekly",6083,5502,0,2.03552844104706
"11596","weekly",6083,5503,0,2.01769214874366
"11597","weekly",6083,5504,0,2.00270420106244
"11598","weekly",6083,5505,0,1.99264790429152
"11599","weekly",6083,5506,0,1.98846934491303
"11600","weekly",6083,5507,0,1.98987540820963
"11601","weekly",6083,5508,0,1.99539117858512
"11602","weekly",6083,5509,0,2.00257384823635
"11603","weekly",6083,5510,0,2.00838280285825
"11604","weekly",6083,5511,0,2.00968806355377
"11605","weekly",6083,5512,0,2.00385922321584
"11606","weekly",6083,5513,0,1.98932999477256
"11607","weekly",6083,5514,0,1.96600805773051
"11608","weekly",6083,5515,0,1.93542112788418
"11609","weekly",6083,5516,0,1.90056015725713
"11610","weekly",6083,5517,0,1.86547139898175
"11611","weekly",6083,5518,0,1.83471758523956
"11612","weekly",6083,5519,0,1.81284341521678
"11613","weekly",6083,5520,0,1.80394113771035
"11614","weekly",6083,5521,0,1.81134444903
"11615","weekly",6083,5522,0,1.83741726563312
"11616","weekly",6083,5523,0,1.88337221040274
"11617","weekly",6083,5524,0,1.94908651386504
"11618","weekly",6083,5525,0,2.03279472744907
"11619","weekly",6083,5526,0,2.13083218847169
"11620","weekly",6083,5527,0,2.23755740150227
"11621","weekly",6083,5528,0,2.34548614363302
"11622","weekly",6083,5529,0,2.44589333981276
"11623","weekly",6083,5530,0,2.52989633622929
"11624","weekly",6083,5531,0,2.58987007514224
"11625","weekly",6083,5532,0,2.62085287916125
"11626","weekly",6083,5533,0,2.62151935667498
"11627","weekly",6083,5534,0,2.5943991948152
"11628","weekly",6083,5535,0,2.54527804005193
"11629","weekly",6083,5536,0,2.48200057662325
"11630","weekly",6083,5537,0,2.41306262041326
"11631","weekly",6083,5538,0,2.34636518283514
"11632","weekly",6083,5539,0,2.28835369096487
"11633","weekly",6083,5540,0,2.24358210657374
"11634","weekly",6083,5541,0,2.21461134427227
"11635","weekly",6083,5542,0,2.20210662923637
"11636","weekly",6083,5543,0,2.20502390933689
"11637","weekly",6083,5544,0,2.22083508645301
"11638","weekly",6083,5545,0,2.24580077308929
"11639","weekly",6083,5546,0,2.27533255590242
"11640","weekly",6083,5547,0,2.30448097607587
"11641","weekly",6083,5548,0,2.32854095008224
"11642","weekly",6083,5549,0,2.3437004116422
"11643","weekly",6083,5550,0,2.34760261615156
"11644","weekly",6083,5551,0,2.33968143755919
"11645","weekly",6083,5552,0,2.32117696394562
"11646","weekly",6083,5553,0,2.29482891116641
"11647","weekly",6083,5554,0,2.26433666484081
"11648","weekly",6083,5555,0,2.23372649415978
"11649","weekly",6083,5556,0,2.20676239414024
"11650","weekly",6083,5557,0,2.18649085436482
"11651","weekly",6083,5558,0,2.17495170581969
"11652","weekly",6083,5559,0,2.17304389356286
"11653","weekly",6083,5560,0,2.18051815437502
"11654","weekly",6083,5561,0,2.19607403199188
"11655","weekly",6083,5562,0,2.21755313462927
"11656","weekly",6083,5563,0,2.24222927371738
"11657","weekly",6083,5564,0,2.26718912052456
"11658","weekly",6083,5565,0,2.28977328413748
"11659","weekly",6083,5566,0,2.30801672584494
"11660","weekly",6083,5567,0,2.32100591633935
"11661","weekly",6083,5568,0,2.32907370320754
"11662","weekly",6083,5569,0,2.33378594339592
"11663","weekly",6083,5570,0,2.3377252369537
"11664","weekly",6083,5571,0,2.34412479633465
"11665","weekly",6083,5572,0,2.35642990778433
"11666","weekly",6083,5573,0,2.37785903087934
"11667","weekly",6083,5574,0,2.41089266096242
"11668","weekly",6083,5575,0,2.45716356401681
"11669","weekly",6083,5576,0,2.51715597632574
"11670","weekly",6083,5577,0,2.58985639584716
"11671","weekly",6083,5578,0,2.67266378304339
"11672","weekly",6083,5579,0,2.76140265152208
"11673","weekly",6083,5580,0,2.85051958670374
"11674","weekly",6083,5581,0,2.93356622540159
"11675","weekly",6083,5582,0,3.00394708383828
"11676","weekly",6083,5583,0,3.05585548843374
"11677","weekly",6083,5584,0,3.08521844161442
"11678","weekly",6083,5585,0,3.09042014402803
"11679","weekly",6083,5586,0,3.07260490552289
"11680","weekly",6083,5587,0,3.03547320864163
"11681","weekly",6083,5588,0,2.98463439196348
"11682","weekly",6083,5589,0,2.92669915559236
"11683","weekly",6083,5590,0,2.86833644993021
"11684","weekly",6083,5591,0,2.8154779028846
"11685","weekly",6083,5592,0,2.77276370296022
"11686","weekly",6083,5593,0,2.7432344230474
"11687","weekly",6083,5594,0,2.72821775166085
"11688","weekly",6083,5595,0,2.72734732096433
"11689","weekly",6083,5596,0,2.73867273918586
"11690","weekly",6083,5597,0,2.75885586801451
"11691","weekly",6083,5598,0,2.7834775162919
"11692","weekly",6083,5599,0,2.80748433156987
"11693","weekly",6083,5600,0,2.82577956106979
"11694","weekly",6083,5601,0,2.83390855725156
"11695","weekly",6083,5602,0,2.82873086995096
"11696","weekly",6083,5603,0,2.80893579355325
"11697","weekly",6083,5604,0,2.77527264159289
"11698","weekly",6083,5605,0,2.73043422741466
"11699","weekly",6083,5606,0,2.67862727885949
"11700","weekly",6083,5607,0,2.62494574702578
"11701","weekly",6083,5608,0,2.57469824072905
"11702","weekly",6083,5609,0,2.53282070899149
"11703","weekly",6083,5610,0,2.50344813556876
"11704","weekly",6083,5611,0,2.4896548029501
"11705","weekly",6083,5612,0,2.49332700608647
"11706","weekly",6083,5613,0,2.51511600727099
"11707","weekly",6083,5614,0,2.55442997417413
"11708","weekly",6083,5615,0,2.6094512869895
"11709","weekly",6083,5616,0,2.67719711206155
"11710","weekly",6083,5617,0,2.75366394160665
"11711","weekly",6083,5618,0,2.83410011904198
"11712","weekly",6083,5619,0,2.91342799304402
"11713","weekly",6083,5620,0,2.98679183729109
"11714","weekly",6083,5621,0,3.05017000302905
"11715","weekly",6083,5622,0,3.10086599213537
"11716","weekly",6083,5623,0,3.13783914688975
"11717","weekly",6083,5624,0,3.16179479009588
"11718","weekly",6083,5625,0,3.17493441025726
"11719","weekly",6083,5626,0,3.18049371254165
"11720","weekly",6083,5627,0,3.18215809905087
"11721","weekly",6083,5628,0,3.18347050587181
"11722","weekly",6083,5629,0,3.18732299128897
"11723","weekly",6083,5630,0,3.19558615059941
"11724","weekly",6083,5631,0,3.20889767233166
"11725","weekly",6083,5632,0,3.22661277581938
"11726","weekly",6083,5633,0,3.24691355542745
"11727","weekly",6083,5634,0,3.267072433664
"11728","weekly",6083,5635,0,3.28385640124907
"11729","weekly",6083,5636,0,3.29403754230589
"11730","weekly",6083,5637,0,3.29494458268164
"11731","weekly",6083,5638,0,3.28496231857571
"11732","weekly",6083,5639,0,3.263877429883
"11733","weekly",6083,5640,0,3.23299172319821
"11734","weekly",6083,5641,0,3.19497485872125
"11735","weekly",6083,5642,0,3.15349066373892
"11736","weekly",6083,5643,0,3.11268017772818
"11737","weekly",6083,5644,0,3.07660303104785
"11738","weekly",6083,5645,0,3.04872458294267
"11739","weekly",6083,5646,0,3.0315023388539
"11740","weekly",6083,5647,0,3.02609083030256
"11741","weekly",6083,5648,0,3.03216486811289
"11742","weekly",6083,5649,0,3.04786229759338
"11743","weekly",6083,5650,0,3.06986339387367
"11744","weekly",6083,5651,0,3.09364070967422
"11745","weekly",6083,5652,0,3.11391297643422
"11746","weekly",6083,5653,0,3.12530593181145
"11747","weekly",6083,5654,0,3.12316103337798
"11748","weekly",6083,5655,0,3.10435897560092
"11749","weekly",6083,5656,0,3.06797467177967
"11750","weekly",6083,5657,0,3.01558987161843
"11751","weekly",6083,5658,0,2.95117060144548
"11752","weekly",6083,5659,0,2.8805422540463
"11753","weekly",6083,5660,0,2.81061038686312
"11754","weekly",6083,5661,0,2.74852860171814
"11755","weekly",6083,5662,0,2.70098844010499
"11756","weekly",6083,5663,0,2.67372249456821
"11757","weekly",6083,5664,0,2.67121489072451
"11758","weekly",6083,5665,0,2.6965420730703
"11759","weekly",6083,5666,0,2.75124059419613
"11760","weekly",6083,5667,0,2.83511776229716
"11761","weekly",6083,5668,0,2.94597641739529
"11762","weekly",6083,5669,0,3.07930426008534
"11763","weekly",6083,5670,0,3.22806323741679
"11764","weekly",6083,5671,0,3.38277620979352
"11765","weekly",6083,5672,0,3.53210586385103
"11766","weekly",6083,5673,0,3.66401929967105
"11767","weekly",6083,5674,0,3.76735494454624
"11768","weekly",6083,5675,0,3.83376171844429
"11769","weekly",6083,5676,0,3.8591635056946
"11770","weekly",6083,5677,0,3.84427643736126
"11771","weekly",6083,5678,0,3.79436607944081
"11772","weekly",6083,5679,0,3.71806747672963
"11773","weekly",6083,5680,0,3.62572184388409
"11774","weekly",6083,5681,0,3.52769191790139
"11775","weekly",6083,5682,0,3.43301711603999
"11776","weekly",6083,5683,0,3.34857534550247
"11777","weekly",6083,5684,0,3.27873709308915
"11778","weekly",6083,5685,0,3.22539418426459
"11779","weekly",6083,5686,0,3.18822771124542
"11780","weekly",6083,5687,0,3.16511627586442
"11781","weekly",6083,5688,0,3.15263595018769
"11782","weekly",6083,5689,0,3.14663541794289
"11783","weekly",6083,5690,0,3.14286908315262
"11784","weekly",6083,5691,0,3.13764169800561
"11785","weekly",6083,5692,0,3.12838007727987
"11786","weekly",6083,5693,0,3.11402743621147
"11787","weekly",6083,5694,0,3.09517345950007
"11788","weekly",6083,5695,0,3.07388831462595
"11789","weekly",6083,5696,0,3.05329971053288
"11790","weekly",6083,5697,0,3.03700766642578
"11791","weekly",6083,5698,0,3.02845031084144
"11792","weekly",6083,5699,0,3.03031572079635
"11793","weekly",6083,5700,0,3.04405843032873
"11794","weekly",6083,5701,0,3.06954932759982
"11795","weekly",6083,5702,0,3.10488022200298
"11796","weekly",6083,5703,0,3.14635908123455
"11797","weekly",6083,5704,0,3.18875213066349
"11798","weekly",6083,5705,0,3.22582808966399
"11799","weekly",6083,5706,0,3.25121386768296
"11800","weekly",6083,5707,0,3.25947596144397
"11801","weekly",6083,5708,0,3.24722719856072
"11802","weekly",6083,5709,0,3.2139838761359
"11803","weekly",6083,5710,0,3.16252265172079
"11804","weekly",6083,5711,0,3.09862404674641
"11805","weekly",6083,5712,0,3.03028696068213
"11806","weekly",6083,5713,0,2.96666080871364
"11807","weekly",6083,5714,0,2.91699135419913
"11808","weekly",6083,5715,0,2.88980114404694
"11809","weekly",6083,5716,0,2.89237792222411
"11810","weekly",6083,5717,0,2.93053537321975
"11811","weekly",6083,5718,0,3.00833963754121
"11812","weekly",6083,5719,0,3.12780112877954
"11813","weekly",6083,5720,0,3.28841088814079
"11814","weekly",6083,5721,0,3.48633229144616
"11815","weekly",6083,5722,0,3.7135569966922
"11816","weekly",6083,5723,0,3.95733984117396
"11817","weekly",6083,5724,0,4.20039499559789
"11818","weekly",6083,5725,0,4.42229024067638
"11819","weekly",6083,5726,0,4.60216049902374
"11820","weekly",6083,5727,0,4.72231446759542
"11821","weekly",6083,5728,0,4.77176479517948
"11822","weekly",6083,5729,0,4.74851369234966
"11823","weekly",6083,5730,0,4.65977823964204
"11824","weekly",6083,5731,0,4.52011218186817
"11825","weekly",6083,5732,0,4.34815692677512
"11826","weekly",6083,5733,0,4.16312551833107
"11827","weekly",6083,5734,0,3.98196933971485
"11828","weekly",6083,5735,0,3.81769483481185
"11829","weekly",6083,5736,0,3.67880060788593
"11830","weekly",6083,5737,0,3.56950836870237
"11831","weekly",6083,5738,0,3.49040308059193
"11832","weekly",6083,5739,0,3.43919774974347
"11833","weekly",6083,5740,0,3.41148855499341
"11834","weekly",6083,5741,0,3.40148746475461
"11835","weekly",6083,5742,0,3.40277450517169
"11836","weekly",6083,5743,0,3.40909648753586
"11837","weekly",6083,5744,0,3.41517478012247
"11838","weekly",6083,5745,0,3.41741173906485
"11839","weekly",6083,5746,0,3.41434898055741
"11840","weekly",6083,5747,0,3.40675924389507
"11841","weekly",6083,5748,0,3.39734014956048
"11842","weekly",6083,5749,0,3.39008183902479
"11843","weekly",6083,5750,0,3.38945172933745
"11844","weekly",6083,5751,0,3.39955135414493
"11845","weekly",6083,5752,0,3.42336190724745
"11846","weekly",6083,5753,0,3.46214145136764
"11847","weekly",6083,5754,0,3.51500366904656
"11848","weekly",6083,5755,0,3.57871220057132
"11849","weekly",6083,5756,0,3.64775587769691
"11850","weekly",6083,5757,0,3.71479560734588
"11851","weekly",6083,5758,0,3.77155134937493
"11852","weekly",6083,5759,0,3.81009972636821
"11853","weekly",6083,5760,0,3.82439282405539
"11854","weekly",6083,5761,0,3.81165455983137
"11855","weekly",6083,5762,0,3.77326026558876
"11856","weekly",6083,5763,0,3.71482228895184
"11857","weekly",6083,5764,0,3.6454606129264
"11858","weekly",6083,5765,0,3.57651117505156
"11859","weekly",6083,5766,0,3.52007633671747
"11860","weekly",6083,5767,0,3.48778668243904
"11861","weekly",6083,5768,0,3.48996331196395
"11862","weekly",6083,5769,0,3.53515005347435
"11863","weekly",6083,5770,0,3.62982075082255
"11864","weekly",6083,5771,0,3.77800328511512
"11865","weekly",6083,5772,0,3.9806032156921
"11866","weekly",6083,5773,0,4.23434753340553
"11867","weekly",6083,5774,0,4.53049503118382
"11868","weekly",6083,5775,0,4.85374503600178
"11869","weekly",6083,5776,0,5.18202795551042
"11870","weekly",6083,5777,0,5.48790637805359
"11871","weekly",6083,5778,0,5.74197093670955
"11872","weekly",6083,5779,0,5.91785383693059
"11873","weekly",6083,5780,0,5.99758672330063
"11874","weekly",6083,5781,0,5.97552868889761
"11875","weekly",6083,5782,0,5.85941612411989
"11876","weekly",6083,5783,0,5.66817830759101
"11877","weekly",6083,5784,0,5.4274282559054
"11878","weekly",6083,5785,0,5.16427187019144
"11879","weekly",6083,5786,0,4.90297401190037
"11880","weekly",6083,5787,0,4.66231697928743
"11881","weekly",6083,5788,0,4.45468670400442
"11882","weekly",6083,5789,0,4.28640840336448
"11883","weekly",6083,5790,0,4.15872356668115
"11884","weekly",6083,5791,0,4.06893812413909
"11885","weekly",6083,5792,0,4.01150415377924
"11886","weekly",6083,5793,0,3.97899626198341
"11887","weekly",6083,5794,0,3.96304873860208
"11888","weekly",6083,5795,0,3.95532223992632
"11889","weekly",6083,5796,0,3.94849442591658
"11890","weekly",6083,5797,0,3.93716711350135
"11891","weekly",6083,5798,0,3.91851365572074
"11892","weekly",6083,5799,0,3.89250077059842
"11893","weekly",6083,5800,0,3.86161347149755
"11894","weekly",6083,5801,0,3.83014610016835
"11895","weekly",6083,5802,0,3.80323025980033
"11896","weekly",6083,5803,0,3.78580510584288
"11897","weekly",6083,5804,0,3.78169676792459
"11898","weekly",6083,5805,0,3.79290070963907
"11899","weekly",6083,5806,0,3.81910186819732
"11900","weekly",6083,5807,0,3.85745107132243
"11901","weekly",6083,5808,0,3.90263890469214
"11902","weekly",6083,5809,0,3.94733806670411
"11903","weekly",6083,5810,0,3.98307735344861
"11904","weekly",6083,5811,0,4.00153020085418
"11905","weekly",6083,5812,0,3.99605170084396
"11906","weekly",6083,5813,0,3.96313865543925
"11907","weekly",6083,5814,0,3.90343870560173
"11908","weekly",6083,5815,0,3.82189683933393
"11909","weekly",6083,5816,0,3.7271034604928
"11910","weekly",6083,5817,0,3.63005543244071
"11911","weekly",6083,5818,0,3.54260685676127
"11912","weekly",6083,5819,0,3.47611552526359
"11913","weekly",6083,5820,0,3.44049735859153
"11914","weekly",6083,5821,0,3.44370460530627
"11915","weekly",6083,5822,0,3.49146502185613
"11916","weekly",6083,5823,0,3.58704083680641
"11917","weekly",6083,5824,0,3.73079384848825
"11918","weekly",6083,5825,0,3.91946056918823
"11919","weekly",6083,5826,0,4.14523117078352
"11920","weekly",6083,5827,0,4.39495923736831
"11921","weekly",6083,5828,0,4.65003520360915
"11922","weekly",6083,5829,0,4.88750556152081
"11923","weekly",6083,5830,0,5.08277005210402
"11924","weekly",6083,5831,0,5.21360656965408
"11925","weekly",6083,5832,0,5.26455700164661
"11926","weekly",6083,5833,0,5.23026247118833
"11927","weekly",6083,5834,0,5.11652683021384
"11928","weekly",6083,5835,0,4.93871635635151
"11929","weekly",6083,5836,0,4.71813876696979
"11930","weekly",6083,5837,0,4.47771032317542
"11931","weekly",6083,5838,0,4.23821533840965
"11932","weekly",6083,5839,0,4.01592892286135
"11933","weekly",6083,5840,0,3.8217063897755
"11934","weekly",6083,5841,0,3.66117902385304
"11935","weekly",6083,5842,0,3.5355485418404
"11936","weekly",6083,5843,0,3.4425649192126
"11937","weekly",6083,5844,0,3.37746245000744
"11938","weekly",6083,5845,0,3.33380311704241
"11939","weekly",6083,5846,0,3.30427650394267
"11940","weekly",6083,5847,0,3.28151873883326
"11941","weekly",6083,5848,0,3.2589565780072
"11942","weekly",6083,5849,0,3.23159581099753
"11943","weekly",6083,5850,0,3.1966070983035
"11944","weekly",6083,5851,0,3.15356075961608
"11945","weekly",6083,5852,0,3.10423576415633
"11946","weekly",6083,5853,0,3.05204483715352
"11947","weekly",6083,5854,0,3.00121957052033
"11948","weekly",6083,5855,0,2.9559403899766
"11949","weekly",6083,5856,0,2.91956856733304
"11950","weekly",6083,5857,0,2.89407096416107
"11951","weekly",6083,5858,0,2.87966555834282
"11952","weekly",6083,5859,0,2.87468607479241
"11953","weekly",6083,5860,0,2.87566990868072
"11954","weekly",6083,5861,0,2.87769416350056
"11955","weekly",6083,5862,0,2.87498780735768
"11956","weekly",6083,5863,0,2.86180687416345
"11957","weekly",6083,5864,0,2.83347125566797
"11958","weekly",6083,5865,0,2.78735884447815
"11959","weekly",6083,5866,0,2.72359666659031
"11960","weekly",6083,5867,0,2.64523390776594
"11961","weekly",6083,5868,0,2.55783245834755
"11962","weekly",6083,5869,0,2.46860335752717
"11963","weekly",6083,5870,0,2.38535557908472
"11964","weekly",6083,5871,0,2.31554069212871
"11965","weekly",6083,5872,0,2.26557841731119
"11966","weekly",6083,5873,0,2.2404978928389
"11967","weekly",6083,5874,0,2.24380130210193
"11968","weekly",6083,5875,0,2.27739364121226
"11969","weekly",6083,5876,0,2.341430838831
"11970","weekly",6083,5877,0,2.43400470228516
"11971","weekly",6083,5878,0,2.55069164637825
"11972","weekly",6083,5879,0,2.68412544036983
"11973","weekly",6083,5880,0,2.82387744216248
"11974","weekly",6083,5881,0,2.95697555175866
"11975","weekly",6083,5882,0,3.06928575015627
"11976","weekly",6083,5883,0,3.1476837254304
"11977","weekly",6083,5884,0,3.18254355998943
"11978","weekly",6083,5885,0,3.16977662587306
"11979","weekly",6083,5886,0,3.11168722022558
"11980","weekly",6083,5887,0,3.01632118644193
"11981","weekly",6083,5888,0,2.89556788105983
"11982","weekly",6083,5889,0,2.76270888789441
"11983","weekly",6083,5890,0,2.63017678420874
"11984","weekly",6083,5891,0,2.50802785647102
"11985","weekly",6083,5892,0,2.40325224451954
"11986","weekly",6083,5893,0,2.31975160815637
"11987","weekly",6083,5894,0,2.25869873102056
"11988","weekly",6083,5895,0,2.21902913189842
"11989","weekly",6083,5896,0,2.19792404925101
"11990","weekly",6083,5897,0,2.19125629070913
"11991","weekly",6083,5898,0,2.19404302287148
"11992","weekly",6083,5899,0,2.20096562532126
"11993","weekly",6083,5900,0,2.20697825992829
"11994","weekly",6083,5901,0,2.20795411706786
"11995","weekly",6083,5902,0,2.20124860730721
"11996","weekly",6083,5903,0,2.18603369931225
"11997","weekly",6083,5904,0,2.163299730164
"11998","weekly",6083,5905,0,2.13551557477331
"11999","weekly",6083,5906,0,2.10603857593378
"12000","weekly",6083,5907,0,2.07842342348886
"12001","weekly",6083,5908,0,2.05577427736716
"12002","weekly",6083,5909,0,2.04023399468861
"12003","weekly",6083,5910,0,2.03266627943958
"12004","weekly",6083,5911,0,2.03244563765475
"12005","weekly",6083,5912,0,2.03745904532843
"12006","weekly",6083,5913,0,2.04433195540332
"12007","weekly",6083,5914,0,2.04880280155339
"12008","weekly",6083,5915,0,2.04634394968161
"12009","weekly",6083,5916,0,2.03295729824458
"12010","weekly",6083,5917,0,2.00600622230559
"12011","weekly",6083,5918,0,1.96487661777064
"12012","weekly",6083,5919,0,1.91126474249177
"12013","weekly",6083,5920,0,1.84899055995629
"12014","weekly",6083,5921,0,1.78339532174869
"12015","weekly",6083,5922,0,1.72052054357482
"12016","weekly",6083,5923,0,1.66631135993521
"12017","weekly",6083,5924,0,1.6260265619203
"12018","weekly",6083,5925,0,1.60391571273794
"12019","weekly",6083,5926,0,1.60310631556786
"12020","weekly",6083,5927,0,1.62557597173145
"12021","weekly",6083,5928,0,1.67207658404368
"12022","weekly",6083,5929,0,1.7419198534335
"12023","weekly",6083,5930,0,1.83261294741533
"12024","weekly",6083,5931,0,1.93943994221627
"12025","weekly",6083,5932,0,2.05519826814998
"12026","weekly",6083,5933,0,2.17037307901774
"12027","weekly",6083,5934,0,2.27399496745784
"12028","weekly",6083,5935,0,2.35522420113557
"12029","weekly",6083,5936,0,2.40537199602113
"12030","weekly",6083,5937,0,2.41976382941357
"12031","weekly",6083,5938,0,2.39878111702274
"12032","weekly",6083,5939,0,2.34768635689397
"12033","weekly",6083,5940,0,2.27532124423306
"12034","weekly",6083,5941,0,2.19219000943122
"12035","weekly",6083,5942,0,2.10857544947066
"12036","weekly",6083,5943,0,2.03316389326937
"12037","weekly",6083,5944,0,1.97233893815428
"12038","weekly",6083,5945,0,1.93003384376061
"12039","weekly",6083,5946,0,1.90790929968352
"12040","weekly",6083,5947,0,1.90563949666102
"12041","weekly",6083,5948,0,1.92118318751454
"12042","weekly",6083,5949,0,1.9510251392785
"12043","weekly",6083,5950,0,1.99045467018732
"12044","weekly",6083,5951,0,2.03397689101985
"12045","weekly",6083,5952,0,2.0759172772523
"12046","weekly",6083,5953,0,2.11118942755274
"12047","weekly",6083,5954,0,2.13608617993305
"12048","weekly",6083,5955,0,2.14888449356658
"12049","weekly",6083,5956,0,2.15007405291544
"12050","weekly",6083,5957,0,2.14213058521273
"12051","weekly",6083,5958,0,2.12890302861342
"12052","weekly",6083,5959,0,2.11479234549915
"12053","weekly",6083,5960,0,2.10392211819999
"12054","weekly",6083,5961,0,2.09944644043571
"12055","weekly",6083,5962,0,2.10305820239591
"12056","weekly",6083,5963,0,2.1147015953029
"12057","weekly",6083,5964,0,2.13248053242569
"12058","weekly",6083,5965,0,2.15278039890109
"12059","weekly",6083,5966,0,2.17065096550505
"12060","weekly",6083,5967,0,2.18049282761058
"12061","weekly",6083,5968,0,2.1770212231495
"12062","weekly",6083,5969,0,2.15635906727402
"12063","weekly",6083,5970,0,2.11699292395497
"12064","weekly",6083,5971,0,2.06029472572845
"12065","weekly",6083,5972,0,1.99042061591172
"12066","weekly",6083,5973,0,1.91361450069235
"12067","weekly",6083,5974,0,1.83715743734501
"12068","weekly",6083,5975,0,1.76829948130762
"12069","weekly",6083,5976,0,1.71344905250589
"12070","weekly",6083,5977,0,1.67773157727788
"12071","weekly",6083,5978,0,1.66486080165487
"12072","weekly",6083,5979,0,1.67716365633532
"12073","weekly",6083,5980,0,1.71558102717972
"12074","weekly",6083,5981,0,1.77951518338523
"12075","weekly",6083,5982,0,1.86648773626075
"12076","weekly",6083,5983,0,1.97169517489965
"12077","weekly",6083,5984,0,2.08768273456371
"12078","weekly",6083,5985,0,2.20445411495166
"12079","weekly",6083,5986,0,2.31031417328632
"12080","weekly",6083,5987,0,2.39353375919745
"12081","weekly",6083,5988,0,2.44455329823541
"12082","weekly",6083,5989,0,2.45807519598748
"12083","weekly",6083,5990,0,2.43428397012758
"12084","weekly",6083,5991,0,2.37871544138761
"12085","weekly",6083,5992,0,2.30084824221558
"12086","weekly",6083,5993,0,2.21198888556683
"12087","weekly",6083,5994,0,2.12318932911148
"12088","weekly",6083,5995,0,2.04374178455328
"12089","weekly",6083,5996,0,1.98042829311453
"12090","weekly",6083,5997,0,1.93739041860681
"12091","weekly",6083,5998,0,1.91634544517729
"12092","weekly",6083,5999,0,1.91689870189293
"12093","weekly",6083,6000,0,1.93681324089994
"12094","weekly",6083,6001,0,1.97222617361695
"12095","weekly",6083,6002,0,2.01789847880718
"12096","weekly",6083,6003,0,2.06762344687013
"12097","weekly",6083,6004,0,2.11488150671357
"12098","weekly",6083,6005,0,2.15372031231527
"12099","weekly",6083,6006,0,2.17969932648703
"12100","weekly",6083,6007,0,2.1906572895241
"12101","weekly",6083,6008,0,2.18699211074272
"12102","weekly",6083,6009,0,2.17142605746631
"12103","weekly",6083,6010,0,2.14833208097843
"12104","weekly",6083,6011,0,2.12275656755082
"12105","weekly",6083,6012,0,2.09945757273817
"12106","weekly",6083,6013,0,2.08212324121268
"12107","weekly",6083,6014,0,2.07284394366434
"12108","weekly",6083,6015,0,2.07183073225315
"12109","weekly",6083,6016,0,2.0773506774276
"12110","weekly",6083,6017,0,2.08587674249429
"12111","weekly",6083,6018,0,2.09248854251928
"12112","weekly",6083,6019,0,2.09156510632602
"12113","weekly",6083,6020,0,2.07775007750024
"12114","weekly",6083,6021,0,2.04704960630625
"12115","weekly",6083,6022,0,1.99779982821201
"12116","weekly",6083,6023,0,1.93120109531446
"12117","weekly",6083,6024,0,1.8512193421775
"12118","weekly",6083,6025,0,1.76387459848775
"12119","weekly",6083,6026,0,1.67616066915798
"12120","weekly",6083,6027,0,1.59494532056851
"12121","weekly",6083,6028,0,1.52614135545446
"12122","weekly",6083,6029,0,1.47427128534764
"12123","weekly",6083,6030,0,1.44237427774351
"12124","weekly",6083,6031,0,1.43209958073567
"12125","weekly",6083,6032,0,1.44381376184174
"12126","weekly",6083,6033,0,1.47659759942326
"12127","weekly",6083,6034,0,1.52809286644333
"12128","weekly",6083,6035,0,1.5942597456451
"12129","weekly",6083,6036,0,1.66920517015387
"12130","weekly",6083,6037,0,1.7453090089839
"12131","weekly",6083,6038,0,1.81385650084121
"12132","weekly",6083,6039,0,1.86623677355237
"12133","weekly",6083,6040,0,1.8955068771902
"12134","weekly",6083,6041,0,1.89786625222769
"12135","weekly",6083,6042,0,1.87350908014923
"12136","weekly",6083,6043,0,1.82651764794718
"12137","weekly",6083,6044,0,1.76384545330075
"12138","weekly",6083,6045,0,1.69379129668232
"12139","weekly",6083,6046,0,1.62448987099924
"12140","weekly",6083,6047,0,1.56281256602961
"12141","weekly",6083,6048,0,1.51381279708585
"12142","weekly",6083,6049,0,1.48062440587091
"12143","weekly",6083,6050,0,1.46461692044977
"12144","weekly",6083,6051,0,1.46562356155482
"12145","weekly",6083,6052,0,1.48213589959778
"12146","weekly",6083,6053,0,1.51145168987568
"12147","weekly",6083,6054,0,1.5498356417811
"12148","weekly",6083,6055,0,1.59278594498755
"12149","weekly",6083,6056,0,1.63547930802451
"12150","weekly",6083,6057,0,1.6733942454739
"12151","weekly",6083,6058,0,1.70301128944266
"12152","weekly",6083,6059,0,1.72240973010776
"12153","weekly",6083,6060,0,1.73157470277511
"12154","weekly",6083,6061,0,1.73231121784193
"12155","weekly",6083,6062,0,1.72779405722395
"12156","weekly",6083,6063,0,1.72189415962202
"12157","weekly",6083,6064,0,1.71846032596659
"12158","weekly",6083,6065,0,1.72069686601753
"12159","weekly",6083,6066,0,1.73070292687044
"12160","weekly",6083,6067,0,1.74917669955175
"12161","weekly",6083,6068,0,1.77526637082337
"12162","weekly",6083,6069,0,1.80656903394265
"12163","weekly",6083,6070,0,1.83931519035832
"12164","weekly",6083,6071,0,1.86879528645659
"12165","weekly",6083,6072,0,1.89005475654267
"12166","weekly",6083,6073,0,1.89879627735354
"12167","weekly",6083,6074,0,1.89231223895331
"12168","weekly",6083,6075,0,1.87019260259694
"12169","weekly",6083,6076,0,1.83457909914432
"12170","weekly",6083,6077,0,1.78987897126353
"12171","weekly",6083,6078,0,1.74204610422021
"12172","weekly",6083,6079,0,1.69768012786517
"12173","weekly",6083,6080,0,1.66321338826674
"12174","weekly",6083,6081,0,1.64435862473329
"12175","infects",6083,0,0,398.939321309483
"12176","infects",6083,1,0,374.133210392328
"12177","infects",6083,2,0,352.314856501468
"12178","infects",6083,3,0,333.671609063923
"12179","infects",6083,4,0,318.282506404238
"12180","infects",6083,5,0,306.168244082524
"12181","infects",6083,6,0,297.326479484085
"12182","infects",6083,7,0,291.754243243227
"12183","infects",6083,8,0,289.459443232983
"12184","infects",6083,9,0,290.462875445952
"12185","infects",6083,10,0,294.791150524206
"12186","infects",6083,11,0,302.459953134852
"12187","infects",6083,12,0,313.446530531447
"12188","infects",6083,13,0,327.650742545423
"12189","infects",6083,14,0,344.845903570003
"12190","infects",6083,15,0,364.62438095283
"12191","infects",6083,16,0,386.348351741233
"12192","infects",6083,17,0,409.122074947727
"12193","infects",6083,18,0,431.80584546168
"12194","infects",6083,19,0,453.089624104085
"12195","infects",6083,20,0,471.632841516224
"12196","infects",6083,21,0,486.256097546519
"12197","infects",6083,22,0,496.146391603945
"12198","infects",6083,23,0,501.02141649591
"12199","infects",6083,24,0,501.201543142092
"12200","infects",6083,25,0,497.563573832246
"12201","infects",6083,26,0,491.388742185866
"12202","infects",6083,27,0,484.150839972133
"12203","infects",6083,28,0,477.303155528032
"12204","infects",6083,29,0,472.111477124062
"12205","infects",6083,30,0,469.554002670827
"12206","infects",6083,31,0,470.282239103645
"12207","infects",6083,32,0,474.620786639432
"12208","infects",6083,33,0,482.581264938313
"12209","infects",6083,34,0,493.873245024221
"12210","infects",6083,35,0,507.907413808494
"12211","infects",6083,36,0,523.798581224889
"12212","infects",6083,37,0,540.398511871938
"12213","infects",6083,38,0,556.30332534312
"12214","infects",6083,39,0,570.024158146497
"12215","infects",6083,40,0,580.106245545407
"12216","infects",6083,41,0,585.324979023682
"12217","infects",6083,42,0,584.865784577118
"12218","infects",6083,43,0,578.449143606511
"12219","infects",6083,44,0,566.363484859233
"12220","infects",6083,45,0,549.39454613509
"12221","infects",6083,46,0,528.67153245474
"12222","infects",6083,47,0,505.473913584983
"12223","infects",6083,48,0,481.048467081884
"12224","infects",6083,49,0,456.474242215973
"12225","infects",6083,50,0,432.59171423
"12226","infects",6083,51,0,409.991895996002
"12227","infects",6083,52,0,389.048435898312
"12228","infects",6083,53,0,369.972116965922
"12229","infects",6083,54,0,352.87010590938
"12230","infects",6083,55,0,337.798078415617
"12231","infects",6083,56,0,324.799151638894
"12232","infects",6083,57,0,313.928037647884
"12233","infects",6083,58,0,305.261727192808
"12234","infects",6083,59,0,298.899516406926
"12235","infects",6083,60,0,294.95555418894
"12236","infects",6083,61,0,293.546538599184
"12237","infects",6083,62,0,294.776003364489
"12238","infects",6083,63,0,298.715223286254
"12239","infects",6083,64,0,305.379671022462
"12240","infects",6083,65,0,314.699760898924
"12241","infects",6083,66,0,326.485827242378
"12242","infects",6083,67,0,340.390191963018
"12243","infects",6083,68,0,355.873604688377
"12244","infects",6083,69,0,372.188299271271
"12245","infects",6083,70,0,388.393291210936
"12246","infects",6083,71,0,403.416288043297
"12247","infects",6083,72,0,416.167904782033
"12248","infects",6083,73,0,425.697497283874
"12249","infects",6083,74,0,431.360287076762
"12250","infects",6083,75,0,432.951582908589
"12251","infects",6083,76,0,430.765351400086
"12252","infects",6083,77,0,425.554563503463
"12253","infects",6083,78,0,418.40258391745
"12254","infects",6083,79,0,410.543497243242
"12255","infects",6083,80,0,403.18097101269
"12256","infects",6083,81,0,397.346171352259
"12257","infects",6083,82,0,393.812845814646
"12258","infects",6083,83,0,393.064635972499
"12259","infects",6083,84,0,395.295763114186
"12260","infects",6083,85,0,400.424297076838
"12261","infects",6083,86,0,408.104410016958
"12262","infects",6083,87,0,417.735323038421
"12263","infects",6083,88,0,428.475538591845
"12264","infects",6083,89,0,439.277966461406
"12265","infects",6083,90,0,448.94133666349
"12266","infects",6083,91,0,456.299949084999
"12267","infects",6083,92,0,460.281763261484
"12268","infects",6083,93,0,460.126513390165
"12269","infects",6083,94,0,455.505011100521
"12270","infects",6083,95,0,446.577584502364
"12271","infects",6083,96,0,433.957643965443
"12272","infects",6083,97,0,418.58814187468
"12273","infects",6083,98,0,401.566567128014
"12274","infects",6083,99,0,383.96686030641
"12275","infects",6083,100,0,366.699975611482
"12276","infects",6083,101,0,350.434891114746
"12277","infects",6083,102,0,335.579963719345
"12278","infects",6083,103,0,322.30973521814
"12279","infects",6083,104,0,310.617531343784
"12280","infects",6083,105,0,300.376985044505
"12281","infects",6083,106,0,291.401440569198
"12282","infects",6083,107,0,283.495429657334
"12283","infects",6083,108,0,276.495506667267
"12284","infects",6083,109,0,270.298924957495
"12285","infects",6083,110,0,264.879036366728
"12286","infects",6083,111,0,260.28695793066
"12287","infects",6083,112,0,256.640403529531
"12288","infects",6083,113,0,254.102288018972
"12289","infects",6083,114,0,252.852990430758
"12290","infects",6083,115,0,253.06033602093
"12291","infects",6083,116,0,254.850337269519
"12292","infects",6083,117,0,258.280121467639
"12293","infects",6083,118,0,263.313247489135
"12294","infects",6083,119,0,269.797647303379
"12295","infects",6083,120,0,277.448067906047
"12296","infects",6083,121,0,285.837737917227
"12297","infects",6083,122,0,294.406829225592
"12298","infects",6083,123,0,302.496236488835
"12299","infects",6083,124,0,309.412215799373
"12300","infects",6083,125,0,314.5194420664
"12301","infects",6083,126,0,317.348413346297
"12302","infects",6083,127,0,317.692334758402
"12303","infects",6083,128,0,315.664923637282
"12304","infects",6083,129,0,311.698398142034
"12305","infects",6083,130,0,306.478919276494
"12306","infects",6083,131,0,300.837228529844
"12307","infects",6083,132,0,295.625173129569
"12308","infects",6083,133,0,291.614743004496
"12309","infects",6083,134,0,289.401457457466
"12310","infects",6083,135,0,289.399159962106
"12311","infects",6083,136,0,291.809284337043
"12312","infects",6083,137,0,296.624035793493
"12313","infects",6083,138,0,303.624607079963
"12314","infects",6083,139,0,312.37552087707
"12315","infects",6083,140,0,322.221732580772
"12316","infects",6083,141,0,332.303124631827
"12317","infects",6083,142,0,341.604068392268
"12318","infects",6083,143,0,349.050685462106
"12319","infects",6083,144,0,353.653853093183
"12320","infects",6083,145,0,354.674805181606
"12321","infects",6083,146,0,351.77112323351
"12322","infects",6083,147,0,345.07568334473
"12323","infects",6083,148,0,335.177018248133
"12324","infects",6083,149,0,323.002393345498
"12325","infects",6083,150,0,309.639185744272
"12326","infects",6083,151,0,296.148379346829
"12327","infects",6083,152,0,283.418339719182
"12328","infects",6083,153,0,272.083813199753
"12329","infects",6083,154,0,262.508713939564
"12330","infects",6083,155,0,254.813979379932
"12331","infects",6083,156,0,248.927559920664
"12332","infects",6083,157,0,244.639022738426
"12333","infects",6083,158,0,241.650215368018
"12334","infects",6083,159,0,239.620364603007
"12335","infects",6083,160,0,238.207661682959
"12336","infects",6083,161,0,237.108947782809
"12337","infects",6083,162,0,236.096135493309
"12338","infects",6083,163,0,235.044886444731
"12339","infects",6083,164,0,233.94956737753
"12340","infects",6083,165,0,232.919888786955
"12341","infects",6083,166,0,232.158586270399
"12342","infects",6083,167,0,231.924259746809
"12343","infects",6083,168,0,232.4867531132
"12344","infects",6083,169,0,234.082819130872
"12345","infects",6083,170,0,236.877556676026
"12346","infects",6083,171,0,240.933925428398
"12347","infects",6083,172,0,246.190529525736
"12348","infects",6083,173,0,252.447995187553
"12349","infects",6083,174,0,259.36648258561
"12350","infects",6083,175,0,266.479737418556
"12351","infects",6083,176,0,273.232363919229
"12352","infects",6083,177,0,279.044434972697
"12353","infects",6083,178,0,283.400099645116
"12354","infects",6083,179,0,285.946046186457
"12355","infects",6083,180,0,286.576172824579
"12356","infects",6083,181,0,285.476703192148
"12357","infects",6083,182,0,283.114973581675
"12358","infects",6083,183,0,280.172927372213
"12359","infects",6083,184,0,277.444735459942
"12360","infects",6083,185,0,275.727519761109
"12361","infects",6083,186,0,275.720684422991
"12362","infects",6083,187,0,278.000630763249
"12363","infects",6083,188,0,282.94066534643
"12364","infects",6083,189,0,290.71811646034
"12365","infects",6083,190,0,301.287295553215
"12366","infects",6083,191,0,314.348656528297
"12367","infects",6083,192,0,329.311579838087
"12368","infects",6083,193,0,345.267541560706
"12369","infects",6083,194,0,361.001641868593
"12370","infects",6083,195,0,375.073258410644
"12371","infects",6083,196,0,385.98417170801
"12372","infects",6083,197,0,392.422224177873
"12373","infects",6083,198,0,393.528312196047
"12374","infects",6083,199,0,389.104368614634
"12375","infects",6083,200,0,379.682929750342
"12376","infects",6083,201,0,366.422983429615
"12377","infects",6083,202,0,350.863592649141
"12378","infects",6083,203,0,334.619925480528
"12379","infects",6083,204,0,319.117043957532
"12380","infects",6083,205,0,305.42440951768
"12381","infects",6083,206,0,294.203228584367
"12382","infects",6083,207,0,285.738589369533
"12383","infects",6083,208,0,280.013459234691
"12384","infects",6083,209,0,276.78889381124
"12385","infects",6083,210,0,275.671873070898
"12386","infects",6083,211,0,276.168858264103
"12387","infects",6083,212,0,277.732583118635
"12388","infects",6083,213,0,279.81143697424
"12389","infects",6083,214,0,281.906519829251
"12390","infects",6083,215,0,283.633277979762
"12391","infects",6083,216,0,284.776524007809
"12392","infects",6083,217,0,285.323704854857
"12393","infects",6083,218,0,285.464252921852
"12394","infects",6083,219,0,285.552107161348
"12395","infects",6083,220,0,286.039690948503
"12396","infects",6083,221,0,287.399126166944
"12397","infects",6083,222,0,290.046894717563
"12398","infects",6083,223,0,294.282506218353
"12399","infects",6083,224,0,300.244233991454
"12400","infects",6083,225,0,307.880151305946
"12401","infects",6083,226,0,316.932792304419
"12402","infects",6083,227,0,326.940037585545
"12403","infects",6083,228,0,337.260220426313
"12404","infects",6083,229,0,347.131784459608
"12405","infects",6083,230,0,355.779932801702
"12406","infects",6083,231,0,362.526094879713
"12407","infects",6083,232,0,366.963496983329
"12408","infects",6083,233,0,369.052794594642
"12409","infects",6083,234,0,369.175347534519
"12410","infects",6083,235,0,368.097045717774
"12411","infects",6083,236,0,366.856587427886
"12412","infects",6083,237,0,366.613459525907
"12413","infects",6083,238,0,368.498945201216
"12414","infects",6083,239,0,373.501151172934
"12415","infects",6083,240,0,382.391200683867
"12416","infects",6083,241,0,395.6758492274
"12417","infects",6083,242,0,413.551450070242
"12418","infects",6083,243,0,435.838076154025
"12419","infects",6083,244,0,461.888647743184
"12420","infects",6083,245,0,490.492362611208
"12421","infects",6083,246,0,519.818977064506
"12422","infects",6083,247,0,547.47018860006
"12423","infects",6083,248,0,570.700284975541
"12424","infects",6083,249,0,586.824855055224
"12425","infects",6083,250,0,593.75466501161
"12426","infects",6083,251,0,590.50368877659
"12427","infects",6083,252,0,577.482100211454
"12428","infects",6083,253,0,556.440718383392
"12429","infects",6083,254,0,530.070478770362
"12430","infects",6083,255,0,501.404566456088
"12431","infects",6083,256,0,473.236434556145
"12432","infects",6083,257,0,447.723304154326
"12433","infects",6083,258,0,426.234273232656
"12434","infects",6083,259,0,409.398209880397
"12435","infects",6083,260,0,397.257447054763
"12436","infects",6083,261,0,389.440824447842
"12437","infects",6083,262,0,385.306800481846
"12438","infects",6083,263,0,384.045857554437
"12439","infects",6083,264,0,384.756074708295
"12440","infects",6083,265,0,386.513726363845
"12441","infects",6083,266,0,388.455236079298
"12442","infects",6083,267,0,389.872748426686
"12443","infects",6083,268,0,390.309174904844
"12444","infects",6083,269,0,389.627274317925
"12445","infects",6083,270,0,388.027670267536
"12446","infects",6083,271,0,386.004156368653
"12447","infects",6083,272,0,384.245168819291
"12448","infects",6083,273,0,383.507148932611
"12449","infects",6083,274,0,384.490096737187
"12450","infects",6083,275,0,387.737191959533
"12451","infects",6083,276,0,393.565767479379
"12452","infects",6083,277,0,402.025212980322
"12453","infects",6083,278,0,412.874224920951
"12454","infects",6083,279,0,425.575334242014
"12455","infects",6083,280,0,439.314569795671
"12456","infects",6083,281,0,453.061981103258
"12457","infects",6083,282,0,465.687941836265
"12458","infects",6083,283,0,476.119825763763
"12459","infects",6083,284,0,483.608002324023
"12460","infects",6083,285,0,487.840050859724
"12461","infects",6083,286,0,489.101756449408
"12462","infects",6083,287,0,488.265284343111
"12463","infects",6083,288,0,486.664520434902
"12464","infects",6083,289,0,485.888631331741
"12465","infects",6083,290,0,487.558204985663
"12466","infects",6083,291,0,493.139848472861
"12467","infects",6083,292,0,503.822488522689
"12468","infects",6083,293,0,520.442156874904
"12469","infects",6083,294,0,543.419731973497
"12470","infects",6083,295,0,572.675320278109
"12471","infects",6083,296,0,607.502102270695
"12472","infects",6083,297,0,646.416418419454
"12473","infects",6083,298,0,687.042569493517
"12474","infects",6083,299,0,726.127198657817
"12475","infects",6083,300,0,759.786094943331
"12476","infects",6083,301,0,784.03857235165
"12477","infects",6083,302,0,795.571803740865
"12478","infects",6083,303,0,792.535334978081
"12479","infects",6083,304,0,775.077657227155
"12480","infects",6083,305,0,745.384967135026
"12481","infects",6083,306,0,707.173934357137
"12482","infects",6083,307,0,664.825545690304
"12483","infects",6083,308,0,622.483197601571
"12484","infects",6083,309,0,583.401259489256
"12485","infects",6083,310,0,549.66773785358
"12486","infects",6083,311,0,522.25235414384
"12487","infects",6083,312,0,501.238506867822
"12488","infects",6083,313,0,486.098558067341
"12489","infects",6083,314,0,475.926832790363
"12490","infects",6083,315,0,469.60608104832
"12491","infects",6083,316,0,465.923771704755
"12492","infects",6083,317,0,463.668995768284
"12493","infects",6083,318,0,461.734546718389
"12494","infects",6083,319,0,459.230373726235
"12495","infects",6083,320,0,455.593197614
"12496","infects",6083,321,0,450.662426051214
"12497","infects",6083,322,0,444.692752341363
"12498","infects",6083,323,0,438.290638036892
"12499","infects",6083,324,0,432.287483476673
"12500","infects",6083,325,0,427.582938096782
"12501","infects",6083,326,0,425.010394888329
"12502","infects",6083,327,0,425.172925535651
"12503","infects",6083,328,0,428.441800428036
"12504","infects",6083,329,0,434.877055559164
"12505","infects",6083,330,0,444.220524561086
"12506","infects",6083,331,0,455.894319535816
"12507","infects",6083,332,0,469.020136146659
"12508","infects",6083,333,0,482.476205339271
"12509","infects",6083,334,0,495.010573243909
"12510","infects",6083,335,0,505.417185360552
"12511","infects",6083,336,0,512.755576408516
"12512","infects",6083,337,0,516.565378909161
"12513","infects",6083,338,0,517.010367784088
"12514","infects",6083,339,0,514.898491228861
"12515","infects",6083,340,0,511.56478682683
"12516","infects",6083,341,0,508.654228280157
"12517","infects",6083,342,0,507.873631553325
"12518","infects",6083,343,0,510.778830160655
"12519","infects",6083,344,0,518.630741314065
"12520","infects",6083,345,0,532.313124285701
"12521","infects",6083,346,0,552.277113213155
"12522","infects",6083,347,0,578.472924534868
"12523","infects",6083,348,0,610.246211761065
"12524","infects",6083,349,0,646.209076305392
"12525","infects",6083,350,0,684.135872314566
"12526","infects",6083,351,0,720.969583815607
"12527","infects",6083,352,0,753.035340744728
"12528","infects",6083,353,0,776.518826320449
"12529","infects",6083,354,0,788.168116694269
"12530","infects",6083,355,0,786.046141383686
"12531","infects",6083,356,0,770.070406723597
"12532","infects",6083,357,0,742.105785013613
"12533","infects",6083,358,0,705.541401742049
"12534","infects",6083,359,0,664.502129986175
"12535","infects",6083,360,0,622.987564887745
"12536","infects",6083,361,0,584.216940899695
"12537","infects",6083,362,0,550.317745571707
"12538","infects",6083,363,0,522.331873149665
"12539","infects",6083,364,0,500.415032653011
"12540","infects",6083,365,0,484.095309492947
"12541","infects",6083,366,0,472.50342108573
"12542","infects",6083,367,0,464.544971493776
"12543","infects",6083,368,0,459.025581217034
"12544","infects",6083,369,0,454.756002954351
"12545","infects",6083,370,0,450.659418997152
"12546","infects",6083,371,0,445.885731495154
"12547","infects",6083,372,0,439.917416772663
"12548","infects",6083,373,0,432.638101005048
"12549","infects",6083,374,0,424.336432228974
"12550","infects",6083,375,0,415.635229983282
"12551","infects",6083,376,0,407.361133848326
"12552","infects",6083,377,0,400.389407811
"12553","infects",6083,378,0,395.501894869966
"12554","infects",6083,379,0,393.263812347007
"12555","infects",6083,380,0,394.03316619941
"12556","infects",6083,381,0,397.841464856759
"12557","infects",6083,382,0,404.440575431343
"12558","infects",6083,383,0,413.294626786721
"12559","infects",6083,384,0,423.598525488133
"12560","infects",6083,385,0,434.325997350829
"12561","infects",6083,386,0,444.324834037972
"12562","infects",6083,387,0,452.467626930527
"12563","infects",6083,388,0,457.844350472735
"12564","infects",6083,389,0,459.956272288498
"12565","infects",6083,390,0,458.853472089397
"12566","infects",6083,391,0,455.165124044943
"12567","infects",6083,392,0,450.005297622719
"12568","infects",6083,393,0,444.782433393683
"12569","infects",6083,394,0,440.973076320571
"12570","infects",6083,395,0,439.922500932955
"12571","infects",6083,396,0,442.708588006049
"12572","infects",6083,397,0,450.068777354604
"12573","infects",6083,398,0,462.363034043834
"12574","infects",6083,399,0,479.538736295886
"12575","infects",6083,400,0,501.075416532237
"12576","infects",6083,401,0,525.911972122387
"12577","infects",6083,402,0,552.388719010022
"12578","infects",6083,403,0,578.262243541705
"12579","infects",6083,404,0,600.858962789545
"12580","infects",6083,405,0,617.407889764845
"12581","infects",6083,406,0,625.527380346466
"12582","infects",6083,407,0,623.752387198473
"12583","infects",6083,408,0,611.924927748853
"12584","infects",6083,409,0,591.283926361654
"12585","infects",6083,410,0,564.196153608805
"12586","infects",6083,411,0,533.618391755832
"12587","infects",6083,412,0,502.485688656156
"12588","infects",6083,413,0,473.2227444019
"12589","infects",6083,414,0,447.487311313456
"12590","infects",6083,415,0,426.141484780889
"12591","infects",6083,416,0,409.372100579828
"12592","infects",6083,417,0,396.866787106368
"12593","infects",6083,418,0,387.980081017766
"12594","infects",6083,419,0,381.863908586805
"12595","infects",6083,420,0,377.567871262044
"12596","infects",6083,421,0,374.12772645301
"12597","infects",6083,422,0,370.657965441797
"12598","infects",6083,423,0,366.460161795736
"12599","infects",6083,424,0,361.084352689518
"12600","infects",6083,425,0,354.43631834582
"12601","infects",6083,426,0,346.758400882113
"12602","infects",6083,427,0,338.578791969597
"12603","infects",6083,428,0,330.602425254852
"12604","infects",6083,429,0,323.578979892961
"12605","infects",6083,430,0,318.181311349868
"12606","infects",6083,431,0,314.917089161283
"12607","infects",6083,432,0,314.079134222898
"12608","infects",6083,433,0,315.725855533806
"12609","infects",6083,434,0,319.678358223463
"12610","infects",6083,435,0,325.525343577725
"12611","infects",6083,436,0,332.636803840765
"12612","infects",6083,437,0,340.197229401304
"12613","infects",6083,438,0,347.273271812
"12614","infects",6083,439,0,352.92544442658
"12615","infects",6083,440,0,356.357485873371
"12616","infects",6083,441,0,357.075125694054
"12617","infects",6083,442,0,355.009102649495
"12618","infects",6083,443,0,350.557939554667
"12619","infects",6083,444,0,344.529231338953
"12620","infects",6083,445,0,337.994974646907
"12621","infects",6083,446,0,332.107157015935
"12622","infects",6083,447,0,327.927565305436
"12623","infects",6083,448,0,326.30844556862
"12624","infects",6083,449,0,327.831066737094
"12625","infects",6083,450,0,332.784488417058
"12626","infects",6083,451,0,341.157239940321
"12627","infects",6083,452,0,352.620697473902
"12628","infects",6083,453,0,366.499361135893
"12629","infects",6083,454,0,381.74353232109
"12630","infects",6083,455,0,396.937734424817
"12631","infects",6083,456,0,410.385903270401
"12632","infects",6083,457,0,420.302806624437
"12633","infects",6083,458,0,425.105019677662
"12634","infects",6083,459,0,423.741750128943
"12635","infects",6083,460,0,415.961353664218
"12636","infects",6083,461,0,402.406565630657
"12637","infects",6083,462,0,384.485961755731
"12638","infects",6083,463,0,364.059078184412
"12639","infects",6083,464,0,343.047223939631
"12640","infects",6083,465,0,323.098270579541
"12641","infects",6083,466,0,305.388735054147
"12642","infects",6083,467,0,290.575621066594
"12643","infects",6083,468,0,278.85601942868
"12644","infects",6083,469,0,270.074749121798
"12645","infects",6083,470,0,263.833228105178
"12646","infects",6083,471,0,259.577912712069
"12647","infects",6083,472,0,256.668444106204
"12648","infects",6083,473,0,254.436995515746
"12649","infects",6083,474,0,252.25076262791
"12650","infects",6083,475,0,249.581839988507
"12651","infects",6083,476,0,246.067294360965
"12652","infects",6083,477,0,241.598469666782
"12653","infects",6083,478,0,236.290942436703
"12654","infects",6083,479,0,230.484385440408
"12655","infects",6083,480,0,224.666551078859
"12656","infects",6083,481,0,219.380712011846
"12657","infects",6083,482,0,215.135200813692
"12658","infects",6083,483,0,212.334341494747
"12659","infects",6083,484,0,211.237754093511
"12660","infects",6083,485,0,211.943284008123
"12661","infects",6083,486,0,214.383212541901
"12662","infects",6083,487,0,218.3251499199
"12663","infects",6083,488,0,223.375792683772
"12664","infects",6083,489,0,228.993787422109
"12665","infects",6083,490,0,234.523399664258
"12666","infects",6083,491,0,239.26005303386
"12667","infects",6083,492,0,242.549929847161
"12668","infects",6083,493,0,243.909942533092
"12669","infects",6083,494,0,243.137895896964
"12670","infects",6083,495,0,240.375705619572
"12671","infects",6083,496,0,236.098907992612
"12672","infects",6083,497,0,231.031523953733
"12673","infects",6083,498,0,226.013700114269
"12674","infects",6083,499,0,221.864435683449
"12675","infects",6083,500,0,219.275643827226
"12676","infects",6083,501,0,218.752721843227
"12677","infects",6083,502,0,220.594269722986
"12678","infects",6083,503,0,224.890707240498
"12679","infects",6083,504,0,231.521490795168
"12680","infects",6083,505,0,240.140295760019
"12681","infects",6083,506,0,250.151895657269
"12682","infects",6083,507,0,260.699080886931
"12683","infects",6083,508,0,270.688230319858
"12684","infects",6083,509,0,278.881980750143
"12685","infects",6083,510,0,284.070675208021
"12686","infects",6083,511,0,285.300475498122
"12687","infects",6083,512,0,282.097089513891
"12688","infects",6083,513,0,274.603388061512
"12689","infects",6083,514,0,263.567743551433
"12690","infects",6083,515,0,250.176576242462
"12691","infects",6083,516,0,235.789909637107
"12692","infects",6083,517,0,221.673848387178
"12693","infects",6083,518,0,208.810379226436
"12694","infects",6083,519,0,197.826031268289
"12695","infects",6083,520,0,188.974467741854
"12696","infects",6083,521,0,182.249395199805
"12697","infects",6083,522,0,177.431044236708
"12698","infects",6083,523,0,174.173859273237
"12699","infects",6083,524,0,172.058800453827
"12700","infects",6083,525,0,170.627749655819
"12701","infects",6083,526,0,169.425154616721
"12702","infects",6083,527,0,168.045529905815
"12703","infects",6083,528,0,166.184766420792
"12704","infects",6083,529,0,163.686076653677
"12705","infects",6083,530,0,160.566526929867
"12706","infects",6083,531,0,157.012550937566
"12707","infects",6083,532,0,153.3423304191
"12708","infects",6083,533,0,149.944797733694
"12709","infects",6083,534,0,147.212631540889
"12710","infects",6083,535,0,145.48590102739
"12711","infects",6083,536,0,145.015188424082
"12712","infects",6083,537,0,145.943260454136
"12713","infects",6083,538,0,148.297905493104
"12714","infects",6083,539,0,151.987767939426
"12715","infects",6083,540,0,156.797161398595
"12716","infects",6083,541,0,162.382550921282
"12717","infects",6083,542,0,168.279846808066
"12718","infects",6083,543,0,173.934859013708
"12719","infects",6083,544,0,178.766254265079
"12720","infects",6083,545,0,182.259574522919
"12721","infects",6083,546,0,184.074676121874
"12722","infects",6083,547,0,184.134983270849
"12723","infects",6083,548,0,182.665228125526
"12724","infects",6083,549,0,180.159940018329
"12725","infects",6083,550,0,177.291817850675
"12726","infects",6083,551,0,174.792263125959
"12727","infects",6083,552,0,173.342373269275
"12728","infects",6083,553,0,173.49979809273
"12729","infects",6083,554,0,175.665009136104
"12730","infects",6083,555,0,180.07265674751
"12731","infects",6083,556,0,186.787054206926
"12732","infects",6083,557,0,195.685241563011
"12733","infects",6083,558,0,206.422662721797
"12734","infects",6083,559,0,218.391459755418
"12735","infects",6083,560,0,230.69644936429
"12736","infects",6083,561,0,242.18389573675
"12737","infects",6083,562,0,251.554992162274
"12738","infects",6083,563,0,257.571663649932
"12739","infects",6083,564,0,259.318424582545
"12740","infects",6083,565,0,256.439311182804
"12741","infects",6083,566,0,249.254331841869
"12742","infects",6083,567,0,238.696506715405
"12743","infects",6083,568,0,226.086081251227
"12744","infects",6083,569,0,212.828830036334
"12745","infects",6083,570,0,200.147297094505
"12746","infects",6083,571,0,188.919453396567
"12747","infects",6083,572,0,179.630102198432
"12748","infects",6083,573,0,172.448783025244
"12749","infects",6083,574,0,167.271706105224
"12750","infects",6083,575,0,163.829747792515
"12751","infects",6083,576,0,161.747298437708
"12752","infects",6083,577,0,160.589208863414
"12753","infects",6083,578,0,159.900549854383
"12754","infects",6083,579,0,159.249554682761
"12755","infects",6083,580,0,158.277764453075
"12756","infects",6083,581,0,156.752009165013
"12757","infects",6083,582,0,154.604952706353
"12758","infects",6083,583,0,151.949183480748
"12759","infects",6083,584,0,149.056467131502
"12760","infects",6083,585,0,146.306143870553
"12761","infects",6083,586,0,144.117957282179
"12762","infects",6083,587,0,142.888322413902
"12763","infects",6083,588,0,142.943596169391
"12764","infects",6083,589,0,144.513422290733
"12765","infects",6083,590,0,147.717993780451
"12766","infects",6083,591,0,152.55938092037
"12767","infects",6083,592,0,158.909582285192
"12768","infects",6083,593,0,166.494865768831
"12769","infects",6083,594,0,174.884598348565
"12770","infects",6083,595,0,183.499978375483
"12771","infects",6083,596,0,191.659926810448
"12772","infects",6083,597,0,198.673791722321
"12773","infects",6083,598,0,203.972341733167
"12774","infects",6083,599,0,207.245559145581
"12775","infects",6083,600,0,208.541020292279
"12776","infects",6083,601,0,208.283201642327
"12777","infects",6083,602,0,207.203361832956
"12778","infects",6083,603,0,206.206659224417
"12779","infects",6083,604,0,206.225595097126
"12780","infects",6083,605,0,208.104293920562
"12781","infects",6083,606,0,212.53267095221
"12782","infects",6083,607,0,220.020702792091
"12783","infects",6083,608,0,230.885570012965
"12784","infects",6083,609,0,245.222865115092
"12785","infects",6083,610,0,262.844285520896
"12786","infects",6083,611,0,283.184024991133
"12787","infects",6083,612,0,305.201566963542
"12788","infects",6083,613,0,327.334955397455
"12789","infects",6083,614,0,347.573768031543
"12790","infects",6083,615,0,363.705616441656
"12791","infects",6083,616,0,373.737536898523
"12792","infects",6083,617,0,376.349993477686
"12793","infects",6083,618,0,371.308942674507
"12794","infects",6083,619,0,359.546123599069
"12795","infects",6083,620,0,342.928465219769
"12796","infects",6083,621,0,323.779407801127
"12797","infects",6083,622,0,304.350890505577
"12798","infects",6083,623,0,286.429885756116
"12799","infects",6083,624,0,271.164325048457
"12800","infects",6083,625,0,259.082738081416
"12801","infects",6083,626,0,250.221928495324
"12802","infects",6083,627,0,244.278060078101
"12803","infects",6083,628,0,240.73195913494
"12804","infects",6083,629,0,238.937861914862
"12805","infects",6083,630,0,238.189007139455
"12806","infects",6083,631,0,237.780505192032
"12807","infects",6083,632,0,237.083318838139
"12808","infects",6083,633,0,235.628463721846
"12809","infects",6083,634,0,233.184676480693
"12810","infects",6083,635,0,229.804020956075
"12811","infects",6083,636,0,225.814590630456
"12812","infects",6083,637,0,221.757101366496
"12813","infects",6083,638,0,218.283582753469
"12814","infects",6083,639,0,216.049001737302
"12815","infects",6083,640,0,215.623538517279
"12816","infects",6083,641,0,217.437824986213
"12817","infects",6083,642,0,221.756009539227
"12818","infects",6083,643,0,228.661313018831
"12819","infects",6083,644,0,238.039213171324
"12820","infects",6083,645,0,249.552667293919
"12821","infects",6083,646,0,262.617677777599
"12822","infects",6083,647,0,276.40111954252
"12823","infects",6083,648,0,289.869967440583
"12824","infects",6083,649,0,301.914656349432
"12825","infects",6083,650,0,311.544720209579
"12826","infects",6083,651,0,318.117233746753
"12827","infects",6083,652,0,321.526577593499
"12828","infects",6083,653,0,322.281910434503
"12829","infects",6083,654,0,321.437170673224
"12830","infects",6083,655,0,320.400142659735
"12831","infects",6083,656,0,320.695088153865
"12832","infects",6083,657,0,323.758977640546
"12833","infects",6083,658,0,330.81589569208
"12834","infects",6083,659,0,342.824302918475
"12835","infects",6083,660,0,360.455679825661
"12836","infects",6083,661,0,384.052934473208
"12837","infects",6083,662,0,413.530099923438
"12838","infects",6083,663,0,448.204630657176
"12839","infects",6083,664,0,486.596313233263
"12840","infects",6083,665,0,526.277577171034
"12841","infects",6083,666,0,563.901756836542
"12842","infects",6083,667,0,595.533577142265
"12843","infects",6083,668,0,617.322090578825
"12844","infects",6083,669,0,626.364495760154
"12845","infects",6083,670,0,621.605935785012
"12846","infects",6083,671,0,604.097784382721
"12847","infects",6083,672,0,576.808576901688
"12848","infects",6083,673,0,543.814348977226
"12849","infects",6083,674,0,509.300086037725
"12850","infects",6083,675,0,476.738695475833
"12851","infects",6083,676,0,448.468002649311
"12852","infects",6083,677,0,425.662153130068
"12853","infects",6083,678,0,408.547434658102
"12854","infects",6083,679,0,396.690295296217
"12855","infects",6083,680,0,389.24524914006
"12856","infects",6083,681,0,385.127391851677
"12857","infects",6083,682,0,383.127917882037
"12858","infects",6083,683,0,382.011598838777
"12859","infects",6083,684,0,380.628798266585
"12860","infects",6083,685,0,378.051133271529
"12861","infects",6083,686,0,373.710471650355
"12862","infects",6083,687,0,367.499247808359
"12863","infects",6083,688,0,359.789328708831
"12864","infects",6083,689,0,351.351050116153
"12865","infects",6083,690,0,343.19220176255
"12866","infects",6083,691,0,336.366649580343
"12867","infects",6083,692,0,331.806602318054
"12868","infects",6083,693,0,330.211252714722
"12869","infects",6083,694,0,331.993375484851
"12870","infects",6083,695,0,337.262804430653
"12871","infects",6083,696,0,345.820847944234
"12872","infects",6083,697,0,357.15095330392
"12873","infects",6083,698,0,370.410679817778
"12874","infects",6083,699,0,384.44947438761
"12875","infects",6083,700,0,397.886973956716
"12876","infects",6083,701,0,409.278844054831
"12877","infects",6083,702,0,417.366711001308
"12878","infects",6083,703,0,421.362454057757
"12879","infects",6083,704,0,421.177970717788
"12880","infects",6083,705,0,417.509315944391
"12881","infects",6083,706,0,411.732447597999
"12882","infects",6083,707,0,405.645805089457
"12883","infects",6083,708,0,401.156362637471
"12884","infects",6083,709,0,400.013588684957
"12885","infects",6083,710,0,403.650588979597
"12886","infects",6083,711,0,413.127266371369
"12887","infects",6083,712,0,429.139794551921
"12888","infects",6083,713,0,451.93975445465
"12889","infects",6083,714,0,481.328011336549
"12890","infects",6083,715,0,516.445572640995
"12891","infects",6083,716,0,555.581122368391
"12892","infects",6083,717,0,596.017792752527
"12893","infects",6083,718,0,634.065448798708
"12894","infects",6083,719,0,665.414101262274
"12895","infects",6083,720,0,685.857432443962
"12896","infects",6083,721,0,692.25879091277
"12897","infects",6083,722,0,683.440939727611
"12898","infects",6083,723,0,660.613381690536
"12899","infects",6083,724,0,627.104712350912
"12900","infects",6083,725,0,587.485599194108
"12901","infects",6083,726,0,546.450354177649
"12902","infects",6083,727,0,507.887180497303
"12903","infects",6083,728,0,474.396118923676
"12904","infects",6083,729,0,447.259010622972
"12905","infects",6083,730,0,426.692671869376
"12906","infects",6083,731,0,412.18531701891
"12907","infects",6083,732,0,402.782887902438
"12908","infects",6083,733,0,397.281216115187
"12909","infects",6083,734,0,394.343661722164
"12910","infects",6083,735,0,392.590213553104
"12911","infects",6083,736,0,390.700143728423
"12912","infects",6083,737,0,387.546750694035
"12913","infects",6083,738,0,382.349992314424
"12914","infects",6083,739,0,374.804184961734
"12915","infects",6083,740,0,365.128828771961
"12916","infects",6083,741,0,354.010108162681
"12917","infects",6083,742,0,342.441633669669
"12918","infects",6083,743,0,331.512865003232
"12919","infects",6083,744,0,322.208951321849
"12920","infects",6083,745,0,315.269637437089
"12921","infects",6083,746,0,311.121036522182
"12922","infects",6083,747,0,309.864125095861
"12923","infects",6083,748,0,311.291879727453
"12924","infects",6083,749,0,314.913710812909
"12925","infects",6083,750,0,319.982983285162
"12926","infects",6083,751,0,325.540725050115
"12927","infects",6083,752,0,330.497527844082
"12928","infects",6083,753,0,333.770023530965
"12929","infects",6083,754,0,334.466356513992
"12930","infects",6083,755,0,332.083266085491
"12931","infects",6083,756,0,326.65238655046
"12932","infects",6083,757,0,318.77511456784
"12933","infects",6083,758,0,309.521785014045
"12934","infects",6083,759,0,300.226206385796
"12935","infects",6083,760,0,292.248399657762
"12936","infects",6083,761,0,286.781411158345
"12937","infects",6083,762,0,284.743786699998
"12938","infects",6083,763,0,286.75230398376
"12939","infects",6083,764,0,293.136399372117
"12940","infects",6083,765,0,303.931615354458
"12941","infects",6083,766,0,318.906982410307
"12942","infects",6083,767,0,337.414185106842
"12943","infects",6083,768,0,358.327755533252
"12944","infects",6083,769,0,379.959384562254
"12945","infects",6083,770,0,400.086134569549
"12946","infects",6083,771,0,416.160025022655
"12947","infects",6083,772,0,425.726697633215
"12948","infects",6083,773,0,426.98136834743
"12949","infects",6083,774,0,419.28128494534
"12950","infects",6083,775,0,403.392608318293
"12951","infects",6083,776,0,381.333727712946
"12952","infects",6083,777,0,355.859062397805
"12953","infects",6083,778,0,329.79493109027
"12954","infects",6083,779,0,305.482029412162
"12955","infects",6083,780,0,284.483116983682
"12956","infects",6083,781,0,267.563434669308
"12957","infects",6083,782,0,254.84446171587
"12958","infects",6083,783,0,246.009161483818
"12959","infects",6083,784,0,240.475414375969
"12960","infects",6083,785,0,237.50861986271
"12961","infects",6083,786,0,236.284804260344
"12962","infects",6083,787,0,235.933685835615
"12963","infects",6083,788,0,235.590953046508
"12964","infects",6083,789,0,234.476291972395
"12965","infects",6083,790,0,231.993339069498
"12966","infects",6083,791,0,227.826706333277
"12967","infects",6083,792,0,221.999648696367
"12968","infects",6083,793,0,214.862669117786
"12969","infects",6083,794,0,207.008081586436
"12970","infects",6083,795,0,199.135622012585
"12971","infects",6083,796,0,191.911943266326
"12972","infects",6083,797,0,185.862659112033
"12973","infects",6083,798,0,181.314781485016
"12974","infects",6083,799,0,178.384464717509
"12975","infects",6083,800,0,176.992190189082
"12976","infects",6083,801,0,176.888035167292
"12977","infects",6083,802,0,177.678910760734
"12978","infects",6083,803,0,178.860586784909
"12979","infects",6083,804,0,179.864117837421
"12980","infects",6083,805,0,180.125355621712
"12981","infects",6083,806,0,179.176638545022
"12982","infects",6083,807,0,176.744506442785
"12983","infects",6083,808,0,172.824215162212
"12984","infects",6083,809,0,167.705621191662
"12985","infects",6083,810,0,161.908791233445
"12986","infects",6083,811,0,156.107191115639
"12987","infects",6083,812,0,150.991758121101
"12988","infects",6083,813,0,147.172339272418
"12989","infects",6083,814,0,145.119061732113
"12990","infects",6083,815,0,145.146873549757
"12991","infects",6083,816,0,147.424990943895
"12992","infects",6083,817,0,151.987209153443
"12993","infects",6083,818,0,158.724372285383
"12994","infects",6083,819,0,167.351972205404
"12995","infects",6083,820,0,177.360392918272
"12996","infects",6083,821,0,187.970992457672
"12997","infects",6083,822,0,198.134695837383
"12998","infects",6083,823,0,206.612912345508
"12999","infects",6083,824,0,212.162165719202
"13000","infects",6083,825,0,213.799256314583
"13001","infects",6083,826,0,211.068035394462
"13002","infects",6083,827,0,204.197774664318
"13003","infects",6083,828,0,194.070522818443
"13004","infects",6083,829,0,181.998037132612
"13005","infects",6083,830,0,169.398813061916
"13006","infects",6083,831,0,157.502846747878
"13007","infects",6083,832,0,147.176664001317
"13008","infects",6083,833,0,138.887539398236
"13009","infects",6083,834,0,132.765322480402
"13010","infects",6083,835,0,128.70054810102
"13011","infects",6083,836,0,126.432139631426
"13012","infects",6083,837,0,125.605199032655
"13013","infects",6083,838,0,125.801831391262
"13014","infects",6083,839,0,126.559783511224
"13015","infects",6083,840,0,127.395901288039
"13016","infects",6083,841,0,127.846286220098
"13017","infects",6083,842,0,127.524435459683
"13018","infects",6083,843,0,126.185570628512
"13019","infects",6083,844,0,123.775459676449
"13020","infects",6083,845,0,120.441931235209
"13021","infects",6083,846,0,116.499496269669
"13022","infects",6083,847,0,112.356549596877
"13023","infects",6083,848,0,108.429437282588
"13024","infects",6083,849,0,105.069624377879
"13025","infects",6083,850,0,102.519644424364
"13026","infects",6083,851,0,100.898605195083
"13027","infects",6083,852,0,100.207648812617
"13028","infects",6083,853,0,100.343718289008
"13029","infects",6083,854,0,101.114511760903
"13030","infects",6083,855,0,102.254388866407
"13031","infects",6083,856,0,103.446362168672
"13032","infects",6083,857,0,104.356599202528
"13033","infects",6083,858,0,104.683909089693
"13034","infects",6083,859,0,104.218298834046
"13035","infects",6083,860,0,102.89353057494
"13036","infects",6083,861,0,100.814606739204
"13037","infects",6083,862,0,98.2436084086723
"13038","infects",6083,863,0,95.5638454989413
"13039","infects",6083,864,0,93.1955699694062
"13040","infects",6083,865,0,91.5404500270355
"13041","infects",6083,866,0,90.9358881815406
"13042","infects",6083,867,0,91.6372640204964
"13043","infects",6083,868,0,93.8179256276835
"13044","infects",6083,869,0,97.5724587685825
"13045","infects",6083,870,0,102.909673172396
"13046","infects",6083,871,0,109.727650144777
"13047","infects",6083,872,0,117.772113998145
"13048","infects",6083,873,0,126.590567683203
"13049","infects",6083,874,0,135.506636507895
"13050","infects",6083,875,0,143.646830664233
"13051","infects",6083,876,0,150.046267872879
"13052","infects",6083,877,0,153.832958877761
"13053","infects",6083,878,0,154.446455451813
"13054","infects",6083,879,0,151.809398270491
"13055","infects",6083,880,0,146.371400012782
"13056","infects",6083,881,0,138.995869683146
"13057","infects",6083,882,0,130.73512933275
"13058","infects",6083,883,0,122.588058022424
"13059","infects",6083,884,0,115.327082495527
"13060","infects",6083,885,0,109.430799059501
"13061","infects",6083,886,0,105.104637672328
"13062","infects",6083,887,0,102.345187325424
"13063","infects",6083,888,0,101.007371749533
"13064","infects",6083,889,0,100.852806935943
"13065","infects",6083,890,0,101.576951530991
"13066","infects",6083,891,0,102.824722157421
"13067","infects",6083,892,0,104.20836189588
"13068","infects",6083,893,0,105.338865879358
"13069","infects",6083,894,0,105.874409194167
"13070","infects",6083,895,0,105.578046991298
"13071","infects",6083,896,0,104.36699450455
"13072","infects",6083,897,0,102.333223124191
"13073","infects",6083,898,0,99.7235553812923
"13074","infects",6083,899,0,96.8836894909608
"13075","infects",6083,900,0,94.1852947341002
"13076","infects",6083,901,0,91.9596785097842
"13077","infects",6083,902,0,90.4540477656779
"13078","infects",6083,903,0,89.813347186645
"13079","infects",6083,904,0,90.0803371316671
"13080","infects",6083,905,0,91.2072922332873
"13081","infects",6083,906,0,93.0502474452133
"13082","infects",6083,907,0,95.3961536401723
"13083","infects",6083,908,0,97.9640320790135
"13084","infects",6083,909,0,100.432341172
"13085","infects",6083,910,0,102.481519364243
"13086","infects",6083,911,0,103.85225916527
"13087","infects",6083,912,0,104.407258082347
"13088","infects",6083,913,0,104.176659162415
"13089","infects",6083,914,0,103.368847958663
"13090","infects",6083,915,0,102.340479871312
"13091","infects",6083,916,0,101.536690069001
"13092","infects",6083,917,0,101.424021189436
"13093","infects",6083,918,0,102.437712052513
"13094","infects",6083,919,0,104.953277984551
"13095","infects",6083,920,0,109.277757213933
"13096","infects",6083,921,0,115.646134529915
"13097","infects",6083,922,0,124.206053557604
"13098","infects",6083,923,0,134.977978217914
"13099","infects",6083,924,0,147.78714184437
"13100","infects",6083,925,0,162.178041865166
"13101","infects",6083,926,0,177.341467733079
"13102","infects",6083,927,0,192.102501121028
"13103","infects",6083,928,0,205.021782811729
"13104","infects",6083,929,0,214.634542259816
"13105","infects",6083,930,0,219.788432145687
"13106","infects",6083,931,0,219.968664552037
"13107","infects",6083,932,0,215.469522385759
"13108","infects",6083,933,0,207.323492699574
"13109","infects",6083,934,0,197.013408374523
"13110","infects",6083,935,0,186.095038108821
"13111","infects",6083,936,0,175.879978445189
"13112","infects",6083,937,0,167.268100872726
"13113","infects",6083,938,0,160.730181536237
"13114","infects",6083,939,0,156.382891473936
"13115","infects",6083,940,0,154.089390782395
"13116","infects",6083,941,0,153.542615620506
"13117","infects",6083,942,0,154.319117563344
"13118","infects",6083,943,0,155.913192650303
"13119","infects",6083,944,0,157.770096698854
"13120","infects",6083,945,0,159.334962337027
"13121","infects",6083,946,0,160.123168541892
"13122","infects",6083,947,0,159.802094189877
"13123","infects",6083,948,0,158.260155181214
"13124","infects",6083,949,0,155.635393231122
"13125","infects",6083,950,0,152.287528543096
"13126","infects",6083,951,0,148.719748783918
"13127","infects",6083,952,0,145.47670570166
"13128","infects",6083,953,0,143.051134805532
"13129","infects",6083,954,0,141.821152643967
"13130","infects",6083,955,0,142.022211990599
"13131","infects",6083,956,0,143.743326085345
"13132","infects",6083,957,0,146.932768746311
"13133","infects",6083,958,0,151.394049866564
"13134","infects",6083,959,0,156.822560376761
"13135","infects",6083,960,0,162.77496484819
"13136","infects",6083,961,0,168.727444437401
"13137","infects",6083,962,0,174.136402639322
"13138","infects",6083,963,0,178.536213911431
"13139","infects",6083,964,0,181.65005564027
"13140","infects",6083,965,0,183.48032024415
"13141","infects",6083,966,0,184.344564779447
"13142","infects",6083,967,0,184.841509186905
"13143","infects",6083,968,0,185.760849059988
"13144","infects",6083,969,0,187.973001877083
"13145","infects",6083,970,0,192.336731997977
"13146","infects",6083,971,0,199.644523729928
"13147","infects",6083,972,0,210.600130358897
"13148","infects",6083,973,0,225.803287196954
"13149","infects",6083,974,0,245.709240705684
"13150","infects",6083,975,0,270.535246175579
"13151","infects",6083,976,0,300.101766452566
"13152","infects",6083,977,0,333.624799374828
"13153","infects",6083,978,0,369.518550086981
"13154","infects",6083,979,0,405.314345578935
"13155","infects",6083,980,0,437.822284239433
"13156","infects",6083,981,0,463.614608209245
"13157","infects",6083,982,0,479.775007235597
"13158","infects",6083,983,0,484.684178991976
"13159","infects",6083,984,0,478.515353154994
"13160","infects",6083,985,0,463.197693319771
"13161","infects",6083,986,0,441.851551847406
"13162","infects",6083,987,0,417.951327852255
"13163","infects",6083,988,0,394.56115276056
"13164","infects",6083,989,0,373.880206601339
"13165","infects",6083,990,0,357.136983447064
"13166","infects",6083,991,0,344.723209391806
"13167","infects",6083,992,0,336.418536302596
"13168","infects",6083,993,0,331.599591062107
"13169","infects",6083,994,0,329.393443269374
"13170","infects",6083,995,0,328.78586167217
"13171","infects",6083,996,0,328.715977217648
"13172","infects",6083,997,0,328.184893312303
"13173","infects",6083,998,0,326.385074877368
"13174","infects",6083,999,0,322.830596888858
"13175","infects",6083,1000,0,317.448901530579
"13176","infects",6083,1001,0,310.595183776445
"13177","infects",6083,1002,0,302.985594080587
"13178","infects",6083,1003,0,295.505587711399
"13179","infects",6083,1004,0,289.093147905609
"13180","infects",6083,1005,0,284.555192155806
"13181","infects",6083,1006,0,282.480192262375
"13182","infects",6083,1007,0,283.197535485041
"13183","infects",6083,1008,0,286.771854573371
"13184","infects",6083,1009,0,293.009689044929
"13185","infects",6083,1010,0,301.466299586344
"13186","infects",6083,1011,0,311.456912627864
"13187","infects",6083,1012,0,322.090992690065
"13188","infects",6083,1013,0,332.353206268952
"13189","infects",6083,1014,0,341.245100162554
"13190","infects",6083,1015,0,347.976419215008
"13191","infects",6083,1016,0,352.16299261895
"13192","infects",6083,1017,0,353.967412073262
"13193","infects",6083,1018,0,354.127550520078
"13194","infects",6083,1019,0,353.858845514301
"13195","infects",6083,1020,0,354.668545649408
"13196","infects",6083,1021,0,358.152233132797
"13197","infects",6083,1022,0,365.836303687819
"13198","infects",6083,1023,0,379.092269215951
"13199","infects",6083,1024,0,399.104230402932
"13200","infects",6083,1025,0,426.841111759893
"13201","infects",6083,1026,0,462.977754583038
"13202","infects",6083,1027,0,507.721535562374
"13203","infects",6083,1028,0,560.532160641282
"13204","infects",6083,1029,0,619.774377798509
"13205","infects",6083,1030,0,682.415484933838
"13206","infects",6083,1031,0,743.950358341391
"13207","infects",6083,1032,0,798.754377814745
"13208","infects",6083,1033,0,840.965372727266
"13209","infects",6083,1034,0,865.763111430942
"13210","infects",6083,1035,0,870.642721931615
"13211","infects",6083,1036,0,856.154810293315
"13212","infects",6083,1037,0,825.754737560724
"13213","infects",6083,1038,0,784.809597558653
"13214","infects",6083,1039,0,739.198544519694
"13215","infects",6083,1040,0,694.060792462243
"13216","infects",6083,1041,0,653.05983771829
"13217","infects",6083,1042,0,618.219123133864
"13218","infects",6083,1043,0,590.153377777801
"13219","infects",6083,1044,0,568.48618096148
"13220","infects",6083,1045,0,552.171361891676
"13221","infects",6083,1046,0,539.798463997287
"13222","infects",6083,1047,0,529.839733277547
"13223","infects",6083,1048,0,520.818183566083
"13224","infects",6083,1049,0,511.469534028867
"13225","infects",6083,1050,0,500.89703506303
"13226","infects",6083,1051,0,488.692433343983
"13227","infects",6083,1052,0,474.984203307715
"13228","infects",6083,1053,0,460.385960959329
"13229","infects",6083,1054,0,445.849806444767
"13230","infects",6083,1055,0,432.450931903883
"13231","infects",6083,1056,0,421.23201271964
"13232","infects",6083,1057,0,412.984957730596
"13233","infects",6083,1058,0,408.19841550223
"13234","infects",6083,1059,0,407.017272666364
"13235","infects",6083,1060,0,409.244012873094
"13236","infects",6083,1061,0,414.35389099563
"13237","infects",6083,1062,0,421.518782948615
"13238","infects",6083,1063,0,429.651817208095
"13239","infects",6083,1064,0,437.495215010067
"13240","infects",6083,1065,0,443.769776916312
"13241","infects",6083,1066,0,447.383056991026
"13242","infects",6083,1067,0,447.659850292872
"13243","infects",6083,1068,0,444.529408467971
"13244","infects",6083,1069,0,438.600022061076
"13245","infects",6083,1070,0,431.084552171785
"13246","infects",6083,1071,0,423.59810083525
"13247","infects",6083,1072,0,417.899303362406
"13248","infects",6083,1073,0,415.659954516855
"13249","infects",6083,1074,0,418.318663846986
"13250","infects",6083,1075,0,427.024083114113
"13251","infects",6083,1076,0,442.630594258304
"13252","infects",6083,1077,0,465.690745763847
"13253","infects",6083,1078,0,496.394339386755
"13254","infects",6083,1079,0,534.426747923234
"13255","infects",6083,1080,0,578.754135409492
"13256","infects",6083,1081,0,627.389636770463
"13257","infects",6083,1082,0,677.246255512565
"13258","infects",6083,1083,0,724.217495285664
"13259","infects",6083,1084,0,763.607191726817
"13260","infects",6083,1085,0,790.922747295798
"13261","infects",6083,1086,0,802.86535642766
"13262","infects",6083,1087,0,798.185204359375
"13263","infects",6083,1088,0,778.044435895456
"13264","infects",6083,1089,0,745.707436600115
"13265","infects",6083,1090,0,705.675173613045
"13266","infects",6083,1091,0,662.615079886786
"13267","infects",6083,1092,0,620.470402230163
"13268","infects",6083,1093,0,581.974596415561
"13269","infects",6083,1094,0,548.578959084821
"13270","infects",6083,1095,0,497.810027799811
"13271","infects",6083,1096,0,479.178790714152
"13272","infects",6083,1097,0,463.693201687138
"13273","infects",6083,1098,0,450.185893888641
"13274","infects",6083,1099,0,437.636428497595
"13275","infects",6083,1100,0,425.225336492598
"13276","infects",6083,1101,0,412.438928184933
"13277","infects",6083,1102,0,399.119316600316
"13278","infects",6083,1103,0,385.457590862841
"13279","infects",6083,1104,0,371.925254891933
"13280","infects",6083,1105,0,359.157791478377
"13281","infects",6083,1106,0,347.819464042401
"13282","infects",6083,1107,0,338.481362011972
"13283","infects",6083,1108,0,331.534320475285
"13284","infects",6083,1109,0,327.141756885102
"13285","infects",6083,1110,0,325.224155059586
"13286","infects",6083,1111,0,325.462748952969
"13287","infects",6083,1112,0,327.314877484077
"13288","infects",6083,1113,0,330.043133633968
"13289","infects",6083,1114,0,332.768844953014
"13290","infects",6083,1115,0,334.562008319315
"13291","infects",6083,1116,0,334.570975549549
"13292","infects",6083,1117,0,332.176672320386
"13293","infects",6083,1118,0,327.135162351575
"13294","infects",6083,1119,0,319.661602559619
"13295","infects",6083,1120,0,310.419285707698
"13296","infects",6083,1121,0,300.409555165154
"13297","infects",6083,1122,0,290.796827710309
"13298","infects",6083,1123,0,282.725999722691
"13299","infects",6083,1124,0,277.184343889275
"13300","infects",6083,1125,0,274.931969816908
"13301","infects",6083,1126,0,276.491929788714
"13302","infects",6083,1127,0,282.169600332658
"13303","infects",6083,1128,0,292.066818595885
"13304","infects",6083,1129,0,306.065587727165
"13305","infects",6083,1130,0,323.772594867237
"13306","infects",6083,1131,0,344.435420466893
"13307","infects",6083,1132,0,366.862415440097
"13308","infects",6083,1133,0,389.39693408374
"13309","infects",6083,1134,0,410.003190365192
"13310","infects",6083,1135,0,426.501635028148
"13311","infects",6083,1136,0,436.938991491264
"13312","infects",6083,1137,0,440.00543426188
"13313","infects",6083,1138,0,435.357457270435
"13314","infects",6083,1139,0,423.713439493343
"13315","infects",6083,1140,0,406.671630297413
"13316","infects",6083,1141,0,386.316854845205
"13317","infects",6083,1142,0,364.763868399337
"13318","infects",6083,1143,0,343.7872354061
"13319","infects",6083,1144,0,324.62125700994
"13320","infects",6083,1145,0,307.929524488687
"13321","infects",6083,1146,0,293.888793157669
"13322","infects",6083,1147,0,282.320681073937
"13323","infects",6083,1148,0,272.823484464191
"13324","infects",6083,1149,0,264.883069338016
"13325","infects",6083,1150,0,257.943483156182
"13326","infects",6083,1151,0,251.543069240907
"13327","infects",6083,1152,0,245.28625010875
"13328","infects",6083,1153,0,238.939554383646
"13329","infects",6083,1154,0,232.443092227431
"13330","infects",6083,1155,0,225.90531134999
"13331","infects",6083,1156,0,219.568611034763
"13332","infects",6083,1157,0,213.752917295491
"13333","infects",6083,1158,0,208.790529682545
"13334","infects",6083,1159,0,204.966329498537
"13335","infects",6083,1160,0,202.472733215654
"13336","infects",6083,1161,0,201.381712705282
"13337","infects",6083,1162,0,201.630789967915
"13338","infects",6083,1163,0,203.018605147341
"13339","infects",6083,1164,0,205.208414491659
"13340","infects",6083,1165,0,207.742676731072
"13341","infects",6083,1166,0,210.075728092647
"13342","infects",6083,1167,0,211.631364144202
"13343","infects",6083,1168,0,211.885918870593
"13344","infects",6083,1169,0,210.465776626017
"13345","infects",6083,1170,0,207.235758367928
"13346","infects",6083,1171,0,202.349159234033
"13347","infects",6083,1172,0,196.237788498105
"13348","infects",6083,1173,0,189.540599755094
"13349","infects",6083,1174,0,182.992927011297
"13350","infects",6083,1175,0,177.311933464397
"13351","infects",6083,1176,0,173.110321207945
"13352","infects",6083,1177,0,170.853163014264
"13353","infects",6083,1178,0,170.852729672829
"13354","infects",6083,1179,0,173.283248984277
"13355","infects",6083,1180,0,178.195036627571
"13356","infects",6083,1181,0,185.512980783661
"13357","infects",6083,1182,0,195.013845094736
"13358","infects",6083,1183,0,206.287599086347
"13359","infects",6083,1184,0,218.698818154959
"13360","infects",6083,1185,0,231.373372298757
"13361","infects",6083,1186,0,243.23886695027
"13362","infects",6083,1187,0,253.138417676769
"13363","infects",6083,1188,0,260.012772621198
"13364","infects",6083,1189,0,263.111174877643
"13365","infects",6083,1190,0,262.163860819727
"13366","infects",6083,1191,0,257.449290904508
"13367","infects",6083,1192,0,249.724749412045
"13368","infects",6083,1193,0,240.043914507992
"13369","infects",6083,1194,0,229.539812243177
"13370","infects",6083,1195,0,219.18132398134
"13371","infects",6083,1196,0,209.709360136584
"13372","infects",6083,1197,0,201.562309538332
"13373","infects",6083,1198,0,194.908804055135
"13374","infects",6083,1199,0,189.704797032231
"13375","infects",6083,1200,0,185.757819956454
"13376","infects",6083,1201,0,182.785655550173
"13377","infects",6083,1202,0,180.467032374579
"13378","infects",6083,1203,0,178.486847012094
"13379","infects",6083,1204,0,176.577811014806
"13380","infects",6083,1205,0,174.556812294336
"13381","infects",6083,1206,0,172.350665270826
"13382","infects",6083,1207,0,170.004866042143
"13383","infects",6083,1208,0,167.671666444898
"13384","infects",6083,1209,0,165.579207543038
"13385","infects",6083,1210,0,163.988812575823
"13386","infects",6083,1211,0,163.149967599419
"13387","infects",6083,1212,0,163.260955180924
"13388","infects",6083,1213,0,164.438896124119
"13389","infects",6083,1214,0,166.698787266119
"13390","infects",6083,1215,0,169.939312768989
"13391","infects",6083,1216,0,173.9345542211
"13392","infects",6083,1217,0,178.334390110536
"13393","infects",6083,1218,0,182.680300267357
"13394","infects",6083,1219,0,186.444748697174
"13395","infects",6083,1220,0,189.098728243677
"13396","infects",6083,1221,0,190.202469723379
"13397","infects",6083,1222,0,189.501279663594
"13398","infects",6083,1223,0,186.998496129273
"13399","infects",6083,1224,0,182.97836647167
"13400","infects",6083,1225,0,177.96649299824
"13401","infects",6083,1226,0,172.638766275544
"13402","infects",6083,1227,0,167.70902872747
"13403","infects",6083,1228,0,163.830272560654
"13404","infects",6083,1229,0,161.532574276089
"13405","infects",6083,1230,0,161.201477583945
"13406","infects",6083,1231,0,163.084125728502
"13407","infects",6083,1232,0,167.303456965063
"13408","infects",6083,1233,0,173.863013402954
"13409","infects",6083,1234,0,182.632703601159
"13410","infects",6083,1235,0,193.31589222332
"13411","infects",6083,1236,0,205.408872599571
"13412","infects",6083,1237,0,218.173886409281
"13413","infects",6083,1238,0,230.653281317975
"13414","infects",6083,1239,0,241.749455766189
"13415","infects",6083,1240,0,250.377546674538
"13416","infects",6083,1241,0,255.666479579345
"13417","infects",6083,1242,0,257.151579860711
"13418","infects",6083,1243,0,254.889023244756
"13419","infects",6083,1244,0,249.443638434689
"13420","infects",6083,1245,0,241.750883662469
"13421","infects",6083,1246,0,232.904343772912
"13422","infects",6083,1247,0,223.935642625873
"13423","infects",6083,1248,0,215.687408726715
"13424","infects",6083,1249,0,208.707328209293
"13425","infects",6083,1250,0,203.269023795263
"13426","infects",6083,1251,0,199.40999167842
"13427","infects",6083,1252,0,196.98845150024
"13428","infects",6083,1253,0,195.738407813948
"13429","infects",6083,1254,0,195.318817224477
"13430","infects",6083,1255,0,195.359772650086
"13431","infects",6083,1256,0,195.509676680556
"13432","infects",6083,1257,0,195.483675627386
"13433","infects",6083,1258,0,195.107842519515
"13434","infects",6083,1259,0,194.349403886792
"13435","infects",6083,1260,0,193.323569250045
"13436","infects",6083,1261,0,192.272927421464
"13437","infects",6083,1262,0,191.52353774262
"13438","infects",6083,1263,0,191.428478626367
"13439","infects",6083,1264,0,192.311276499724
"13440","infects",6083,1265,0,194.418007016753
"13441","infects",6083,1266,0,197.880741417557
"13442","infects",6083,1267,0,202.690267784501
"13443","infects",6083,1268,0,208.675278329015
"13444","infects",6083,1269,0,215.488817888436
"13445","infects",6083,1270,0,222.60894533072
"13446","infects",6083,1271,0,229.365909156852
"13447","infects",6083,1272,0,235.008431904485
"13448","infects",6083,1273,0,238.813266462077
"13449","infects",6083,1274,0,240.224764335579
"13450","infects",6083,1275,0,238.990819558197
"13451","infects",6083,1276,0,235.250101831287
"13452","infects",6083,1277,0,229.534162895554
"13453","infects",6083,1278,0,222.677535275685
"13454","infects",6083,1279,0,215.665387017808
"13455","infects",6083,1280,0,209.470871394973
"13456","infects",6083,1281,0,204.930595026929
"13457","infects",6083,1282,0,202.681460535026
"13458","infects",6083,1283,0,203.15226766878
"13459","infects",6083,1284,0,206.584191747671
"13460","infects",6083,1285,0,213.0507063983
"13461","infects",6083,1286,0,222.455796747912
"13462","infects",6083,1287,0,234.503130350014
"13463","infects",6083,1288,0,248.644288792286
"13464","infects",6083,1289,0,264.029574181229
"13465","infects",6083,1290,0,279.508288476977
"13466","infects",6083,1291,0,293.658570187393
"13467","infects",6083,1292,0,305.0083778242
"13468","infects",6083,1293,0,312.265720244537
"13469","infects",6083,1294,0,314.609303502037
"13470","infects",6083,1295,0,311.898743664055
"13471","infects",6083,1296,0,304.722016338043
"13472","infects",6083,1297,0,294.252404649106
"13473","infects",6083,1298,0,281.967826833296
"13474","infects",6083,1299,0,269.337571727037
"13475","infects",6083,1300,0,257.576903499221
"13476","infects",6083,1301,0,247.520407453399
"13477","infects",6083,1302,0,239.60724722007
"13478","infects",6083,1303,0,233.93688068184
"13479","infects",6083,1304,0,230.349998937684
"13480","infects",6083,1305,0,228.505425439533
"13481","infects",6083,1306,0,227.94387006051
"13482","infects",6083,1307,0,228.143502583119
"13483","infects",6083,1308,0,228.576873179062
"13484","infects",6083,1309,0,228.774747858927
"13485","infects",6083,1310,0,228.393271681346
"13486","infects",6083,1311,0,227.27143560718
"13487","infects",6083,1312,0,225.461585013324
"13488","infects",6083,1313,0,223.220222985562
"13489","infects",6083,1314,0,220.95845471861
"13490","infects",6083,1315,0,219.164934370925
"13491","infects",6083,1316,0,218.321638294572
"13492","infects",6083,1317,0,218.830557227415
"13493","infects",6083,1318,0,220.959983147248
"13494","infects",6083,1319,0,224.808834152456
"13495","infects",6083,1320,0,230.282193746923
"13496","infects",6083,1321,0,237.073193454118
"13497","infects",6083,1322,0,244.654102535113
"13498","infects",6083,1323,0,252.289070104748
"13499","infects",6083,1324,0,259.086938505233
"13500","infects",6083,1325,0,264.108959614166
"13501","infects",6083,1326,0,266.529284380526
"13502","infects",6083,1327,0,265.818650332147
"13503","infects",6083,1328,0,261.896456672697
"13504","infects",6083,1329,0,255.191723546738
"13505","infects",6083,1330,0,246.580284231807
"13506","infects",6083,1331,0,237.214851908767
"13507","infects",6083,1332,0,228.308822841738
"13508","infects",6083,1333,0,220.947186904004
"13509","infects",6083,1334,0,215.973649536407
"13510","infects",6083,1335,0,213.960816581873
"13511","infects",6083,1336,0,215.235648212982
"13512","infects",6083,1337,0,219.919358043328
"13513","infects",6083,1338,0,227.947614684182
"13514","infects",6083,1339,0,239.053787228065
"13515","infects",6083,1340,0,252.717482992991
"13516","infects",6083,1341,0,268.09998957102
"13517","infects",6083,1342,0,284.005919105032
"13518","infects",6083,1343,0,298.902879010179
"13519","infects",6083,1344,0,311.138443431702
"13520","infects",6083,1345,0,319.13658090568
"13521","infects",6083,1346,0,321.784435541297
"13522","infects",6083,1347,0,318.715039442865
"13523","infects",6083,1348,0,310.427276395216
"13524","infects",6083,1349,0,298.169777302951
"13525","infects",6083,1350,0,283.628319172817
"13526","infects",6083,1351,0,268.54020079349
"13527","infects",6083,1352,0,254.372557180154
"13528","infects",6083,1353,0,242.145989598611
"13529","infects",6083,1354,0,232.406207641101
"13530","infects",6083,1355,0,225.292683767749
"13531","infects",6083,1356,0,220.642222556006
"13532","infects",6083,1357,0,218.084622876105
"13533","infects",6083,1358,0,217.115369968064
"13534","infects",6083,1359,0,217.151200423801
"13535","infects",6083,1360,0,217.58313137975
"13536","infects",6083,1361,0,217.838997688198
"13537","infects",6083,1362,0,217.457086784549
"13538","infects",6083,1363,0,216.159174124459
"13539","infects",6083,1364,0,213.90184202407
"13540","infects",6083,1365,0,210.885627163034
"13541","infects",6083,1366,0,207.513836664043
"13542","infects",6083,1367,0,204.311069432754
"13543","infects",6083,1368,0,201.82531479415
"13544","infects",6083,1369,0,200.539266314119
"13545","infects",6083,1370,0,200.80650512385
"13546","infects",6083,1371,0,202.813865891203
"13547","infects",6083,1372,0,206.561169426169
"13548","infects",6083,1373,0,211.84810699913
"13549","infects",6083,1374,0,218.264767158882
"13550","infects",6083,1375,0,225.193184365291
"13551","infects",6083,1376,0,231.836956838576
"13552","infects",6083,1377,0,237.298314607717
"13553","infects",6083,1378,0,240.711567754242
"13554","infects",6083,1379,0,241.417679307684
"13555","infects",6083,1380,0,239.135200530141
"13556","infects",6083,1381,0,234.065821192167
"13557","infects",6083,1382,0,226.885585036569
"13558","infects",6083,1383,0,218.616194697479
"13559","infects",6083,1384,0,210.422425594944
"13560","infects",6083,1385,0,203.409780193697
"13561","infects",6083,1386,0,198.484947756612
"13562","infects",6083,1387,0,196.308648127971
"13563","infects",6083,1388,0,197.283502017273
"13564","infects",6083,1389,0,201.629166356807
"13565","infects",6083,1390,0,209.389138744195
"13566","infects",6083,1391,0,220.426341356229
"13567","infects",6083,1392,0,234.371450140103
"13568","infects",6083,1393,0,250.543478734045
"13569","infects",6083,1394,0,267.878232035232
"13570","infects",6083,1395,0,284.917846126751
"13571","infects",6083,1396,0,299.917610000291
"13572","infects",6083,1397,0,311.099112661329
"13573","infects",6083,1398,0,317.016312252652
"13574","infects",6083,1399,0,316.925623240859
"13575","infects",6083,1400,0,311.01141270908
"13576","infects",6083,1401,0,300.357221180969
"13577","infects",6083,1402,0,286.663194156395
"13578","infects",6083,1403,0,271.826117808218
"13579","infects",6083,1404,0,257.545470384884
"13580","infects",6083,1405,0,245.075326235704
"13581","infects",6083,1406,0,235.150891588655
"13582","infects",6083,1407,0,228.042980897887
"13583","infects",6083,1408,0,223.66735417924
"13584","infects",6083,1409,0,221.691857025328
"13585","infects",6083,1410,0,221.616384986449
"13586","infects",6083,1411,0,222.828645321161
"13587","infects",6083,1412,0,224.653179144668
"13588","infects",6083,1413,0,226.411802089154
"13589","infects",6083,1414,0,227.503702552102
"13590","infects",6083,1415,0,227.497234424397
"13591","infects",6083,1416,0,226.210091736666
"13592","infects",6083,1417,0,223.748836200764
"13593","infects",6083,1418,0,220.488253711544
"13594","infects",6083,1419,0,216.992629458168
"13595","infects",6083,1420,0,213.902964950112
"13596","infects",6083,1421,0,211.823661939605
"13597","infects",6083,1422,0,211.23494527364
"13598","infects",6083,1423,0,212.439908810393
"13599","infects",6083,1424,0,215.53903651128
"13600","infects",6083,1425,0,220.418547107711
"13601","infects",6083,1426,0,226.743238125295
"13602","infects",6083,1427,0,233.955783580087
"13603","infects",6083,1428,0,241.296649184844
"13604","infects",6083,1429,0,247.865329489093
"13605","infects",6083,1430,0,252.738207641355
"13606","infects",6083,1431,0,255.13787304534
"13607","infects",6083,1432,0,254.618285219739
"13608","infects",6083,1433,0,251.205585429899
"13609","infects",6083,1434,0,245.435563039856
"13610","infects",6083,1435,0,238.264029848141
"13611","infects",6083,1436,0,230.880131300302
"13612","infects",6083,1437,0,224.492728425903
"13613","infects",6083,1438,0,220.161896658668
"13614","infects",6083,1439,0,218.713750795272
"13615","infects",6083,1440,0,220.722513137951
"13616","infects",6083,1441,0,226.575582248288
"13617","infects",6083,1442,0,236.455208492392
"13618","infects",6083,1443,0,250.354660193634
"13619","infects",6083,1444,0,268.01086490459
"13620","infects",6083,1445,0,288.800578582947
"13621","infects",6083,1446,0,311.629052263736
"13622","infects",6083,1447,0,334.872095522658
"13623","infects",6083,1448,0,356.446748741574
"13624","infects",6083,1449,0,374.067256710457
"13625","infects",6083,1450,0,385.676647919228
"13626","infects",6083,1451,0,389.945056989235
"13627","infects",6083,1452,0,386.649539091542
"13628","infects",6083,1453,0,376.762801290983
"13629","infects",6083,1454,0,362.196941976071
"13630","infects",6083,1455,0,345.308030314128
"13631","infects",6083,1456,0,328.364604729521
"13632","infects",6083,1457,0,313.161952799948
"13633","infects",6083,1458,0,300.857634673916
"13634","infects",6083,1459,0,291.993769353079
"13635","infects",6083,1460,0,286.617265351505
"13636","infects",6083,1461,0,284.415563361881
"13637","infects",6083,1462,0,284.823760828998
"13638","infects",6083,1463,0,287.09808604641
"13639","infects",6083,1464,0,290.374817775928
"13640","infects",6083,1465,0,293.740332193683
"13641","infects",6083,1466,0,296.329091404427
"13642","infects",6083,1467,0,297.446599135888
"13643","infects",6083,1468,0,296.691621238711
"13644","infects",6083,1469,0,294.037883148043
"13645","infects",6083,1470,0,289.840458486093
"13646","infects",6083,1471,0,284.757037207432
"13647","infects",6083,1472,0,279.606766749743
"13648","infects",6083,1473,0,275.210700855467
"13649","infects",6083,1474,0,272.256685921761
"13650","infects",6083,1475,0,271.211626165799
"13651","infects",6083,1476,0,272.280024811391
"13652","infects",6083,1477,0,275.393171490939
"13653","infects",6083,1478,0,280.213298204615
"13654","infects",6083,1479,0,286.147859629441
"13655","infects",6083,1480,0,292.383085711829
"13656","infects",6083,1481,0,297.954896898135
"13657","infects",6083,1482,0,301.872288152547
"13658","infects",6083,1483,0,303.290136707419
"13659","infects",6083,1484,0,301.712342147316
"13660","infects",6083,1485,0,297.095020851105
"13661","infects",6083,1486,0,289.961727471361
"13662","infects",6083,1487,0,281.288257608484
"13663","infects",6083,1488,0,272.32774880845
"13664","infects",6083,1489,0,264.387801966757
"13665","infects",6083,1490,0,258.64256342086
"13666","infects",6083,1491,0,256.0257718972
"13667","infects",6083,1492,0,257.206035084633
"13668","infects",6083,1493,0,262.610936325121
"13669","infects",6083,1494,0,272.454834901482
"13670","infects",6083,1495,0,286.73343953291
"13671","infects",6083,1496,0,305.167207303794
"13672","infects",6083,1497,0,327.099294265647
"13673","infects",6083,1498,0,351.380693150687
"13674","infects",6083,1499,0,376.3027073395
"13675","infects",6083,1500,0,399.65398326549
"13676","infects",6083,1501,0,418.965635271177
"13677","infects",6083,1502,0,431.946477511127
"13678","infects",6083,1503,0,437.010743098572
"13679","infects",6083,1504,0,433.713639057352
"13680","infects",6083,1505,0,422.904798199318
"13681","infects",6083,1506,0,406.515823938073
"13682","infects",6083,1507,0,387.063727932787
"13683","infects",6083,1508,0,367.072515559756
"13684","infects",6083,1509,0,348.617876892149
"13685","infects",6083,1510,0,333.101185332642
"13686","infects",6083,1511,0,321.238199936271
"13687","infects",6083,1512,0,313.17558666281
"13688","infects",6083,1513,0,308.642312371252
"13689","infects",6083,1514,0,307.078081765427
"13690","infects",6083,1515,0,307.723564262273
"13691","infects",6083,1516,0,309.686815186884
"13692","infects",6083,1517,0,312.011559659766
"13693","infects",6083,1518,0,313.767859348491
"13694","infects",6083,1519,0,314.168527988521
"13695","infects",6083,1520,0,312.692372953107
"13696","infects",6083,1521,0,309.178277468084
"13697","infects",6083,1522,0,303.853150775159
"13698","infects",6083,1523,0,297.275883884599
"13699","infects",6083,1524,0,290.210378887558
"13700","infects",6083,1525,0,283.466391305073
"13701","infects",6083,1526,0,277.753196073487
"13702","infects",6083,1527,0,273.576863285593
"13703","infects",6083,1528,0,271.18861748583
"13704","infects",6083,1529,0,270.573588756108
"13705","infects",6083,1530,0,271.463921899788
"13706","infects",6083,1531,0,273.366441109321
"13707","infects",6083,1532,0,275.60617734793
"13708","infects",6083,1533,0,277.395347304992
"13709","infects",6083,1534,0,277.936830183762
"13710","infects",6083,1535,0,276.559367393904
"13711","infects",6083,1536,0,272.845142605455
"13712","infects",6083,1537,0,266.802879238471
"13713","infects",6083,1538,0,258.826975605677
"13714","infects",6083,1539,0,249.686231776716
"13715","infects",6083,1540,0,240.374508784938
"13716","infects",6083,1541,0,231.93661101372
"13717","infects",6083,1542,0,225.315966562747
"13718","infects",6083,1543,0,221.262187670882
"13719","infects",6083,1544,0,220.303926539449
"13720","infects",6083,1545,0,222.764694412412
"13721","infects",6083,1546,0,228.787811850858
"13722","infects",6083,1547,0,238.340978371602
"13723","infects",6083,1548,0,251.184597331463
"13724","infects",6083,1549,0,266.805592002539
"13725","infects",6083,1550,0,284.33801992736
"13726","infects",6083,1551,0,302.511562813095
"13727","infects",6083,1552,0,319.68229870393
"13728","infects",6083,1553,0,333.993925297285
"13729","infects",6083,1554,0,343.679089396708
"13730","infects",6083,1555,0,347.44264547941
"13731","infects",6083,1556,0,344.802148324879
"13732","infects",6083,1557,0,336.243882204028
"13733","infects",6083,1558,0,323.114323876509
"13734","infects",6083,1559,0,307.282417012114
"13735","infects",6083,1560,0,290.707403981975
"13736","infects",6083,1561,0,275.069019129658
"13737","infects",6083,1562,0,261.558158624991
"13738","infects",6083,1563,0,250.836653091554
"13739","infects",6083,1564,0,243.10972876153
"13740","infects",6083,1565,0,238.241001332412
"13741","infects",6083,1566,0,235.862394815143
"13742","infects",6083,1567,0,235.449359420563
"13743","infects",6083,1568,0,236.371669649201
"13744","infects",6083,1569,0,237.940137235181
"13745","infects",6083,1570,0,239.463174324012
"13746","infects",6083,1571,0,240.321147852734
"13747","infects",6083,1572,0,240.051585425726
"13748","infects",6083,1573,0,238.424446608076
"13749","infects",6083,1574,0,235.481220628571
"13750","infects",6083,1575,0,231.519353579671
"13751","infects",6083,1576,0,227.022128330796
"13752","infects",6083,1577,0,222.553973510088
"13753","infects",6083,1578,0,218.651293662917
"13754","infects",6083,1579,0,215.734758375656
"13755","infects",6083,1580,0,214.06606104768
"13756","infects",6083,1581,0,213.685168498523
"13757","infects",6083,1582,0,214.464943507577
"13758","infects",6083,1583,0,216.092213747139
"13759","infects",6083,1584,0,218.102442426478
"13760","infects",6083,1585,0,219.925611481393
"13761","infects",6083,1586,0,220.957457021858
"13762","infects",6083,1587,0,220.656552467219
"13763","infects",6083,1588,0,218.654462832365
"13764","infects",6083,1589,0,214.851918273945
"13765","infects",6083,1590,0,209.468198690684
"13766","infects",6083,1591,0,203.021151429437
"13767","infects",6083,1592,0,196.239878979284
"13768","infects",6083,1593,0,189.938779355983
"13769","infects",6083,1594,0,184.894729651339
"13770","infects",6083,1595,0,181.761554347993
"13771","infects",6083,1596,0,181.033724615545
"13772","infects",6083,1597,0,183.048227888127
"13773","infects",6083,1598,0,188.000530768702
"13774","infects",6083,1599,0,195.94995146457
"13775","infects",6083,1600,0,206.797921043168
"13776","infects",6083,1601,0,220.235302405861
"13777","infects",6083,1602,0,235.670290621679
"13778","infects",6083,1603,0,252.165575078427
"13779","infects",6083,1604,0,268.42851120032
"13780","infects",6083,1605,0,282.901239490651
"13781","infects",6083,1606,0,293.976258506149
"13782","infects",6083,1607,0,300.312294071403
"13783","infects",6083,1608,0,301.162303833471
"13784","infects",6083,1609,0,296.588793173856
"13785","infects",6083,1610,0,287.467538561797
"13786","infects",6083,1611,0,275.267944990211
"13787","infects",6083,1612,0,261.697551949802
"13788","infects",6083,1613,0,248.347456308122
"13789","infects",6083,1614,0,236.449609914832
"13790","infects",6083,1615,0,226.784409636732
"13791","infects",6083,1616,0,219.708984189952
"13792","infects",6083,1617,0,215.24602859284
"13793","infects",6083,1618,0,213.180014864779
"13794","infects",6083,1619,0,213.13254063052
"13795","infects",6083,1620,0,214.613465040235
"13796","infects",6083,1621,0,217.059583597435
"13797","infects",6083,1622,0,219.87668113133
"13798","infects",6083,1623,0,222.495989089279
"13799","infects",6083,1624,0,224.445088932095
"13800","infects",6083,1625,0,225.420488616247
"13801","infects",6083,1626,0,225.34044255024
"13802","infects",6083,1627,0,224.357626651117
"13803","infects",6083,1628,0,222.823124662587
"13804","infects",6083,1629,0,221.210321486931
"13805","infects",6083,1630,0,220.020409679993
"13806","infects",6083,1631,0,219.693539579891
"13807","infects",6083,1632,0,220.541584605735
"13808","infects",6083,1633,0,222.697323223065
"13809","infects",6083,1634,0,226.12687487947
"13810","infects",6083,1635,0,230.581050425959
"13811","infects",6083,1636,0,235.630563325755
"13812","infects",6083,1637,0,240.691021952915
"13813","infects",6083,1638,0,245.084054280597
"13814","infects",6083,1639,0,248.134862281083
"13815","infects",6083,1640,0,249.298821476727
"13816","infects",6083,1641,0,248.291471853474
"13817","infects",6083,1642,0,245.182860593545
"13818","infects",6083,1643,0,240.419972823595
"13819","infects",6083,1644,0,234.763772656875
"13820","infects",6083,1645,0,229.160606185352
"13821","infects",6083,1646,0,224.592711761625
"13822","infects",6083,1647,0,221.95482514175
"13823","infects",6083,1648,0,221.983800390899
"13824","infects",6083,1649,0,225.239524828887
"13825","infects",6083,1650,0,232.113676348572
"13826","infects",6083,1651,0,242.835405393978
"13827","infects",6083,1652,0,257.448233173203
"13828","infects",6083,1653,0,275.745564903942
"13829","infects",6083,1654,0,297.170434281331
"13830","infects",6083,1655,0,320.707809022283
"13831","infects",6083,1656,0,344.822080029465
"13832","infects",6083,1657,0,367.507672630416
"13833","infects",6083,1658,0,386.508819092015
"13834","infects",6083,1659,0,399.710562496143
"13835","infects",6083,1660,0,405.615607564311
"13836","infects",6083,1661,0,403.744553506048
"13837","infects",6083,1662,0,394.790173668206
"13838","infects",6083,1663,0,380.446484231097
"13839","infects",6083,1664,0,362.977615616962
"13840","infects",6083,1665,0,344.700625258955
"13841","infects",6083,1666,0,327.565393219083
"13842","infects",6083,1667,0,312.933314852587
"13843","infects",6083,1668,0,301.550691496982
"13844","infects",6083,1669,0,293.645020863264
"13845","infects",6083,1670,0,289.061542469033
"13846","infects",6083,1671,0,287.3850124986
"13847","infects",6083,1672,0,288.027854553335
"13848","infects",6083,1673,0,290.292464490949
"13849","infects",6083,1674,0,293.427038348077
"13850","infects",6083,1675,0,296.692250268551
"13851","infects",6083,1676,0,299.444636743118
"13852","infects",6083,1677,0,301.235991593084
"13853","infects",6083,1678,0,301.854141150839
"13854","infects",6083,1679,0,301.400583503194
"13855","infects",6083,1680,0,300.238212886039
"13856","infects",6083,1681,0,298.917480989744
"13857","infects",6083,1682,0,298.064059889531
"13858","infects",6083,1683,0,298.262923759355
"13859","infects",6083,1684,0,299.962005910315
"13860","infects",6083,1685,0,303.405174736567
"13861","infects",6083,1686,0,308.592425447928
"13862","infects",6083,1687,0,315.261183956825
"13863","infects",6083,1688,0,322.887104998661
"13864","infects",6083,1689,0,330.711572304969
"13865","infects",6083,1690,0,337.809669629544
"13866","infects",6083,1691,0,343.210027890585
"13867","infects",6083,1692,0,346.062900996564
"13868","infects",6083,1693,0,345.827978781343
"13869","infects",6083,1694,0,342.430491310803
"13870","infects",6083,1695,0,336.329573689677
"13871","infects",6083,1696,0,328.46672809033
"13872","infects",6083,1697,0,320.107164517059
"13873","infects",6083,1698,0,312.628866168181
"13874","infects",6083,1699,0,307.328844913593
"13875","infects",6083,1700,0,305.296438310923
"13876","infects",6083,1701,0,307.364443285902
"13877","infects",6083,1702,0,314.113432131731
"13878","infects",6083,1703,0,325.887609460806
"13879","infects",6083,1704,0,342.783167616866
"13880","infects",6083,1705,0,364.585761098346
"13881","infects",6083,1706,0,390.656786693125
"13882","infects",6083,1707,0,419.796698176476
"13883","infects",6083,1708,0,450.145206030879
"13884","infects",6083,1709,0,479.20276379285
"13885","infects",6083,1710,0,504.054302915206
"13886","infects",6083,1711,0,521.822524575695
"13887","infects",6083,1712,0,530.274076228056
"13888","infects",6083,1713,0,528.390954004189
"13889","infects",6083,1714,0,516.677513458166
"13890","infects",6083,1715,0,497.054640209955
"13891","infects",6083,1716,0,472.369897375644
"13892","infects",6083,1717,0,445.720594281082
"13893","infects",6083,1718,0,419.841686494406
"13894","infects",6083,1719,0,396.73284164751
"13895","infects",6083,1720,0,377.559389609842
"13896","infects",6083,1721,0,362.751459435424
"13897","infects",6083,1722,0,352.189051567401
"13898","infects",6083,1723,0,345.385242794746
"13899","infects",6083,1724,0,341.627113206229
"13900","infects",6083,1725,0,340.073902224245
"13901","infects",6083,1726,0,339.832427653393
"13902","infects",6083,1727,0,340.031917237895
"13903","infects",6083,1728,0,339.909791195442
"13904","infects",6083,1729,0,338.903319002332
"13905","infects",6083,1730,0,336.705054390636
"13906","infects",6083,1731,0,333.378704513782
"13907","infects",6083,1732,0,329.2334419622
"13908","infects",6083,1733,0,324.805366285533
"13909","infects",6083,1734,0,320.727043876582
"13910","infects",6083,1735,0,317.602532134633
"13911","infects",6083,1736,0,315.90162298245
"13912","infects",6083,1737,0,315.886931992367
"13913","infects",6083,1738,0,317.573801205176
"13914","infects",6083,1739,0,320.716313786119
"13915","infects",6083,1740,0,324.814927850621
"13916","infects",6083,1741,0,329.148895032977
"13917","infects",6083,1742,0,332.843438945669
"13918","infects",6083,1743,0,334.981140595835
"13919","infects",6083,1744,0,334.755177034514
"13920","infects",6083,1745,0,331.640792574159
"13921","infects",6083,1746,0,325.540246255913
"13922","infects",6083,1747,0,316.850107504762
"13923","infects",6083,1748,0,306.418586326513
"13924","infects",6083,1749,0,295.400318723418
"13925","infects",6083,1750,0,285.056441237135
"13926","infects",6083,1751,0,276.56538667028
"13927","infects",6083,1752,0,270.895349610463
"13928","infects",6083,1753,0,268.754050628153
"13929","infects",6083,1754,0,270.596741668812
"13930","infects",6083,1755,0,276.655087602872
"13931","infects",6083,1756,0,286.950237939607
"13932","infects",6083,1757,0,301.266800304577
"13933","infects",6083,1758,0,319.083755490928
"13934","infects",6083,1759,0,339.480556476381
"13935","infects",6083,1760,0,361.060230345561
"13936","infects",6083,1761,0,381.950617348979
"13937","infects",6083,1762,0,399.946500488913
"13938","infects",6083,1763,0,412.822655739447
"13939","infects",6083,1764,0,418.776322279649
"13940","infects",6083,1765,0,416.872419786615
"13941","infects",6083,1766,0,407.319453601143
"13942","infects",6083,1767,0,391.445886660955
"13943","infects",6083,1768,0,371.370239917097
"13944","infects",6083,1769,0,349.493722562362
"13945","infects",6083,1770,0,328.007320388895
"13946","infects",6083,1771,0,308.564654827031
"13947","infects",6083,1772,0,292.169145040293
"13948","infects",6083,1773,0,279.248826609897
"13949","infects",6083,1774,0,269.725816639092
"13950","infects",6083,1775,0,263.262347671747
"13951","infects",6083,1776,0,259.318024419643
"13952","infects",6083,1777,0,257.244644845006
"13953","infects",6083,1778,0,256.344893969433
"13954","infects",6083,1779,0,255.926742888247
"13955","infects",6083,1780,0,255.365448563897
"13956","infects",6083,1781,0,254.172777432423
"13957","infects",6083,1782,0,252.060455932365
"13958","infects",6083,1783,0,248.977913968919
"13959","infects",6083,1784,0,245.107534715384
"13960","infects",6083,1785,0,240.813405691176
"13961","infects",6083,1786,0,236.555671397829
"13962","infects",6083,1787,0,232.793300792594
"13963","infects",6083,1788,0,229.898163991397
"13964","infects",6083,1789,0,228.094387689517
"13965","infects",6083,1790,0,227.425635714429
"13966","infects",6083,1791,0,227.745787550727
"13967","infects",6083,1792,0,228.728077654051
"13968","infects",6083,1793,0,229.892265727867
"13969","infects",6083,1794,0,230.654347749393
"13970","infects",6083,1795,0,230.403873212386
"13971","infects",6083,1796,0,228.607086444621
"13972","infects",6083,1797,0,224.920740426967
"13973","infects",6083,1798,0,219.287634808216
"13974","infects",6083,1799,0,211.980340876825
"13975","infects",6083,1800,0,203.571456161091
"13976","infects",6083,1801,0,194.834886931291
"13977","infects",6083,1802,0,186.610012492022
"13978","infects",6083,1803,0,179.673170575466
"13979","infects",6083,1804,0,174.651754604781
"13980","infects",6083,1805,0,171.992362894651
"13981","infects",6083,1806,0,171.97049070827
"13982","infects",6083,1807,0,174.716356748635
"13983","infects",6083,1808,0,180.231664254005
"13984","infects",6083,1809,0,188.380975986973
"13985","infects",6083,1810,0,198.853888314351
"13986","infects",6083,1811,0,211.10801557511
"13987","infects",6083,1812,0,224.317300336291
"13988","infects",6083,1813,0,237.36267456692
"13989","infects",6083,1814,0,248.90506171591
"13990","infects",6083,1815,0,257.563651756544
"13991","infects",6083,1816,0,262.18076037153
"13992","infects",6083,1817,0,262.101241814707
"13993","infects",6083,1818,0,257.361098585331
"13994","infects",6083,1819,0,248.698335186941
"13995","infects",6083,1820,0,237.370969784216
"13996","infects",6083,1821,0,224.853022777845
"13997","infects",6083,1822,0,212.525427808789
"13998","infects",6083,1823,0,201.460420090005
"13999","infects",6083,1824,0,192.336582448992
"14000","infects",6083,1825,0,185.461434427791
"14001","infects",6083,1826,0,180.84439546247
"14002","infects",6083,1827,0,178.302328692132
"14003","infects",6083,1828,0,177.501908122448
"14004","infects",6083,1829,0,178.021331656747
"14005","infects",6083,1830,0,179.380336792847
"14006","infects",6083,1831,0,181.074315507587
"14007","infects",6083,1832,0,182.618954296236
"14008","infects",6083,1833,0,183.606355053485
"14009","infects",6083,1834,0,183.763037728833
"14010","infects",6083,1835,0,182.992801124165
"14011","infects",6083,1836,0,181.387687912573
"14012","infects",6083,1837,0,179.199442081272
"14013","infects",6083,1838,0,176.777727126958
"14014","infects",6083,1839,0,174.492525777347
"14015","infects",6083,1840,0,172.660829826609
"14016","infects",6083,1841,0,171.491860253749
"14017","infects",6083,1842,0,171.055607853582
"14018","infects",6083,1843,0,171.272379171386
"14019","infects",6083,1844,0,171.919294227431
"14020","infects",6083,1845,0,172.652387284196
"14021","infects",6083,1846,0,173.046605713521
"14022","infects",6083,1847,0,172.656600929993
"14023","infects",6083,1848,0,171.096231899578
"14024","infects",6083,1849,0,168.124797486197
"14025","infects",6083,1850,0,163.717909834416
"14026","infects",6083,1851,0,158.097985308577
"14027","infects",6083,1852,0,151.708914919984
"14028","infects",6083,1853,0,145.139564634837
"14029","infects",6083,1854,0,139.02114093682
"14030","infects",6083,1855,0,133.93212161914
"14031","infects",6083,1856,0,130.336615575534
"14032","infects",6083,1857,0,128.563542439658
"14033","infects",6083,1858,0,128.816128084107
"14034","infects",6083,1859,0,131.192047767244
"14035","infects",6083,1860,0,135.695256210213
"14036","infects",6083,1861,0,142.227556311473
"14037","infects",6083,1862,0,150.557535005
"14038","infects",6083,1863,0,160.275084633879
"14039","infects",6083,1864,0,170.750923998365
"14040","infects",6083,1865,0,181.13012286466
"14041","infects",6083,1866,0,190.39049307488
"14042","infects",6083,1867,0,197.482618696583
"14043","infects",6083,1868,0,201.535189168185
"14044","infects",6083,1869,0,202.068107803078
"14045","infects",6083,1870,0,199.136655218956
"14046","infects",6083,1871,0,193.315086254637
"14047","infects",6083,1872,0,185.575328621743
"14048","infects",6083,1873,0,177.040761785702
"14049","infects",6083,1874,0,168.757804124428
"14050","infects",6083,1875,0,161.538215445144
"14051","infects",6083,1876,0,155.899321677576
"14052","infects",6083,1877,0,152.081998320523
"14053","infects",6083,1878,0,150.106614967102
"14054","infects",6083,1879,0,149.832068470553
"14055","infects",6083,1880,0,151.000086924798
"14056","infects",6083,1881,0,153.263523515637
"14057","infects",6083,1882,0,156.20777904578
"14058","infects",6083,1883,0,159.377677703948
"14059","infects",6083,1884,0,162.318739726866
"14060","infects",6083,1885,0,164.633433840075
"14061","infects",6083,1886,0,166.042468232584
"14062","infects",6083,1887,0,166.433248706521
"14063","infects",6083,1888,0,165.877306349375
"14064","infects",6083,1889,0,164.607497505083
"14065","infects",6083,1890,0,162.960170892776
"14066","infects",6083,1891,0,161.299529464088
"14067","infects",6083,1892,0,159.944852528333
"14068","infects",6083,1893,0,159.115673170649
"14069","infects",6083,1894,0,158.900402895783
"14070","infects",6083,1895,0,159.246368566546
"14071","infects",6083,1896,0,159.96696777951
"14072","infects",6083,1897,0,160.763837935981
"14073","infects",6083,1898,0,161.265194457616
"14074","infects",6083,1899,0,161.082082493061
"14075","infects",6083,1900,0,159.879983497839
"14076","infects",6083,1901,0,157.454777735647
"14077","infects",6083,1902,0,153.793780241646
"14078","infects",6083,1903,0,149.100734139711
"14079","infects",6083,1904,0,143.772458677274
"14080","infects",6083,1905,0,138.332100748667
"14081","infects",6083,1906,0,133.340790223046
"14082","infects",6083,1907,0,129.316112255733
"14083","infects",6083,1908,0,126.678689574117
"14084","infects",6083,1909,0,125.732528757577
"14085","infects",6083,1910,0,126.669924591257
"14086","infects",6083,1911,0,129.584227780943
"14087","infects",6083,1912,0,134.474574586255
"14088","infects",6083,1913,0,141.232960231997
"14089","infects",6083,1914,0,149.612886941525
"14090","infects",6083,1915,0,159.188851109966
"14091","infects",6083,1916,0,169.326218535721
"14092","infects",6083,1917,0,179.188648322371
"14093","infects",6083,1918,0,187.809043736418
"14094","infects",6083,1919,0,194.233365097182
"14095","infects",6083,1920,0,197.714329860587
"14096","infects",6083,1921,0,197.896950747538
"14097","infects",6083,1922,0,194.923296340494
"14098","infects",6083,1923,0,189.391283915872
"14099","infects",6083,1924,0,182.262799779537
"14100","infects",6083,1925,0,174.570131168134
"14101","infects",6083,1926,0,167.259906972795
"14102","infects",6083,1927,0,161.053349189244
"14103","infects",6083,1928,0,156.402321719261
"14104","infects",6083,1929,0,153.509615098609
"14105","infects",6083,1930,0,152.378092784662
"14106","infects",6083,1931,0,152.859884752634
"14107","infects",6083,1932,0,154.692184350773
"14108","infects",6083,1933,0,157.520523961194
"14109","infects",6083,1934,0,160.919062099432
"14110","infects",6083,1935,0,164.419524363137
"14111","infects",6083,1936,0,167.556484162259
"14112","infects",6083,1937,0,169.927928138823
"14113","infects",6083,1938,0,171.259507497551
"14114","infects",6083,1939,0,171.453503229111
"14115","infects",6083,1940,0,170.60426676546
"14116","infects",6083,1941,0,168.971981551544
"14117","infects",6083,1942,0,166.921510766402
"14118","infects",6083,1943,0,164.844877644059
"14119","infects",6083,1944,0,163.08860720637
"14120","infects",6083,1945,0,161.900802180098
"14121","infects",6083,1946,0,161.402682427379
"14122","infects",6083,1947,0,161.581458027952
"14123","infects",6083,1948,0,162.298872583509
"14124","infects",6083,1949,0,163.311733226811
"14125","infects",6083,1950,0,164.304153146455
"14126","infects",6083,1951,0,164.932793627174
"14127","infects",6083,1952,0,164.884142377681
"14128","infects",6083,1953,0,163.937076903692
"14129","infects",6083,1954,0,162.017454522262
"14130","infects",6083,1955,0,159.228681544124
"14131","infects",6083,1956,0,155.846643181052
"14132","infects",6083,1957,0,152.278585106115
"14133","infects",6083,1958,0,148.998333110473
"14134","infects",6083,1959,0,146.477623140563
"14135","infects",6083,1960,0,145.131370738276
"14136","infects",6083,1961,0,145.28525936093
"14137","infects",6083,1962,0,147.162854044952
"14138","infects",6083,1963,0,150.882040421842
"14139","infects",6083,1964,0,156.449236552066
"14140","infects",6083,1965,0,163.743767968677
"14141","infects",6083,1966,0,172.503593141748
"14142","infects",6083,1967,0,182.256892677479
"14143","infects",6083,1968,0,192.364765518225
"14144","infects",6083,1969,0,202.014256799305
"14145","infects",6083,1970,0,210.305147175566
"14146","infects",6083,1971,0,216.38594746694
"14147","infects",6083,1972,0,219.621305222602
"14148","infects",6083,1973,0,219.741420772246
"14149","infects",6083,1974,0,216.917716222812
"14150","infects",6083,1975,0,211.730914813706
"14151","infects",6083,1976,0,205.040054228651
"14152","infects",6083,1977,0,197.800304737906
"14153","infects",6083,1978,0,190.891290730101
"14154","infects",6083,1979,0,185.001175704222
"14155","infects",6083,1980,0,180.579539597179
"14156","infects",6083,1981,0,177.844259252665
"14157","infects",6083,1982,0,176.815843743073
"14158","infects",6083,1983,0,177.356238244114
"14159","infects",6083,1984,0,185.250340286452
"14160","infects",6083,1985,0,188.51887466706
"14161","infects",6083,1986,0,191.3000957748
"14162","infects",6083,1987,0,193.176272910797
"14163","infects",6083,1988,0,193.863970680968
"14164","infects",6083,1989,0,193.264558638815
"14165","infects",6083,1990,0,191.481842733252
"14166","infects",6083,1991,0,188.798602983398
"14167","infects",6083,1992,0,185.617794630981
"14168","infects",6083,1993,0,182.38582767454
"14169","infects",6083,1994,0,179.518884639607
"14170","infects",6083,1995,0,177.347956415918
"14171","infects",6083,1996,0,176.088413321148
"14172","infects",6083,1997,0,175.831180537931
"14173","infects",6083,1998,0,176.548489948219
"14174","infects",6083,1999,0,178.107890761855
"14175","infects",6083,2000,0,180.291584401093
"14176","infects",6083,2001,0,182.821540561796
"14177","infects",6083,2002,0,185.392251146443
"14178","infects",6083,2003,0,187.711539388219
"14179","infects",6083,2004,0,189.546036890392
"14180","infects",6083,2005,0,190.763538784515
"14181","infects",6083,2006,0,191.36197834106
"14182","infects",6083,2007,0,191.476281844096
"14183","infects",6083,2008,0,191.360001755164
"14184","infects",6083,2009,0,191.346065645217
"14185","infects",6083,2010,0,191.796625943902
"14186","infects",6083,2011,0,193.053215753163
"14187","infects",6083,2012,0,195.395159560285
"14188","infects",6083,2013,0,199.00879143716
"14189","infects",6083,2014,0,203.955619889168
"14190","infects",6083,2015,0,210.174423692236
"14191","infects",6083,2016,0,217.466948640165
"14192","infects",6083,2017,0,225.477868642236
"14193","infects",6083,2018,0,233.716044350235
"14194","infects",6083,2019,0,241.569816305626
"14195","infects",6083,2020,0,248.376006604697
"14196","infects",6083,2021,0,253.507112773228
"14197","infects",6083,2022,0,256.47658280807
"14198","infects",6083,2023,0,257.035554303742
"14199","infects",6083,2024,0,255.231872062135
"14200","infects",6083,2025,0,251.410018414888
"14201","infects",6083,2026,0,246.149211177529
"14202","infects",6083,2027,0,240.157942993771
"14203","infects",6083,2028,0,234.156119515503
"14204","infects",6083,2029,0,228.774948626338
"14205","infects",6083,2030,0,224.492280932642
"14206","infects",6083,2031,0,221.605239047228
"14207","infects",6083,2032,0,220.230526095358
"14208","infects",6083,2033,0,220.319230329889
"14209","infects",6083,2034,0,221.676082842317
"14210","infects",6083,2035,0,223.979509739016
"14211","infects",6083,2036,0,226.804986433147
"14212","infects",6083,2037,0,229.657710543631
"14213","infects",6083,2038,0,232.020097687183
"14214","infects",6083,2039,0,233.414808446772
"14215","infects",6083,2040,0,233.476198139947
"14216","infects",6083,2041,0,232.015363549094
"14217","infects",6083,2042,0,229.060577727976
"14218","infects",6083,2043,0,224.859011970688
"14219","infects",6083,2044,0,219.836801913674
"14220","infects",6083,2045,0,214.528017594283
"14221","infects",6083,2046,0,209.492392715687
"14222","infects",6083,2047,0,205.242454776213
"14223","infects",6083,2048,0,202.193537172201
"14224","infects",6083,2049,0,200.639607819731
"14225","infects",6083,2050,0,200.749168047861
"14226","infects",6083,2051,0,202.571655949529
"14227","infects",6083,2052,0,206.045832472789
"14228","infects",6083,2053,0,211.00569228983
"14229","infects",6083,2054,0,217.184361043728
"14230","infects",6083,2055,0,224.220539825252
"14231","infects",6083,2056,0,231.674168533398
"14232","infects",6083,2057,0,239.057252231175
"14233","infects",6083,2058,0,245.881848548287
"14234","infects",6083,2059,0,251.720700892452
"14235","infects",6083,2060,0,256.269064990025
"14236","infects",6083,2061,0,259.399400506861
"14237","infects",6083,2062,0,261.153864122837
"14238","infects",6083,2063,0,261.763485004565
"14239","infects",6083,2064,0,261.579475089072
"14240","infects",6083,2065,0,261.010861596344
"14241","infects",6083,2066,0,260.454806281136
"14242","infects",6083,2067,0,260.237752837123
"14243","infects",6083,2068,0,260.57495959232
"14244","infects",6083,2069,0,261.549807714404
"14245","infects",6083,2070,0,263.110605256115
"14246","infects",6083,2071,0,265.081971815814
"14247","infects",6083,2072,0,267.189108018337
"14248","infects",6083,2073,0,269.094433817324
"14249","infects",6083,2074,0,270.445622711947
"14250","infects",6083,2075,0,270.931394851628
"14251","infects",6083,2076,0,270.337381781668
"14252","infects",6083,2077,0,268.590993624937
"14253","infects",6083,2078,0,265.783917695856
"14254","infects",6083,2079,0,262.16500031093
"14255","infects",6083,2080,0,258.103907120878
"14256","infects",6083,2081,0,254.034046983954
"14257","infects",6083,2082,0,250.388155104327
"14258","infects",6083,2083,0,247.539665441347
"14259","infects",6083,2084,0,245.758339117506
"14260","infects",6083,2085,0,245.182428672911
"14261","infects",6083,2086,0,245.805068115648
"14262","infects",6083,2087,0,247.4713344826
"14263","infects",6083,2088,0,249.884387897368
"14264","infects",6083,2089,0,252.622671828266
"14265","infects",6083,2090,0,255.173053514043
"14266","infects",6083,2091,0,256.984728437921
"14267","infects",6083,2092,0,257.54422673813
"14268","infects",6083,2093,0,256.463300506249
"14269","infects",6083,2094,0,253.561864765536
"14270","infects",6083,2095,0,248.922748472928
"14271","infects",6083,2096,0,242.898674320593
"14272","infects",6083,2097,0,236.065445271651
"14273","infects",6083,2098,0,229.13352000454
"14274","infects",6083,2099,0,222.843976685321
"14275","infects",6083,2100,0,217.877194512868
"14276","infects",6083,2101,0,214.792994245479
"14277","infects",6083,2102,0,214.005533445163
"14278","infects",6083,2103,0,215.782889077414
"14279","infects",6083,2104,0,220.254942702766
"14280","infects",6083,2105,0,227.414354142422
"14281","infects",6083,2106,0,237.101746928711
"14282","infects",6083,2107,0,248.975193314132
"14283","infects",6083,2108,0,262.474024825279
"14284","infects",6083,2109,0,276.796370721825
"14285","infects",6083,2110,0,290.915695510235
"14286","infects",6083,2111,0,303.659149344742
"14287","infects",6083,2112,0,313.855269638427
"14288","infects",6083,2113,0,320.531090665386
"14289","infects",6083,2114,0,323.074926490686
"14290","infects",6083,2115,0,321.48842268432
"14291","infects",6083,2116,0,316.243710243219
"14292","infects",6083,2117,0,308.262290014595
"14293","infects",6083,2118,0,298.695989351693
"14294","infects",6083,2119,0,288.705584671225
"14295","infects",6083,2120,0,279.28120190743
"14296","infects",6083,2121,0,271.138571906161
"14297","infects",6083,2122,0,264.690803844576
"14298","infects",6083,2123,0,260.073022964496
"14299","infects",6083,2124,0,257.192438942328
"14300","infects",6083,2125,0,255.78415768612
"14301","infects",6083,2126,0,255.464730837071
"14302","infects",6083,2127,0,255.784379939262
"14303","infects",6083,2128,0,256.282015751981
"14304","infects",6083,2129,0,256.544636588558
"14305","infects",6083,2130,0,256.266589052926
"14306","infects",6083,2131,0,255.298056212262
"14307","infects",6083,2132,0,253.669832579806
"14308","infects",6083,2133,0,251.585227050444
"14309","infects",6083,2134,0,249.378828398676
"14310","infects",6083,2135,0,247.451706453047
"14311","infects",6083,2136,0,246.198452708542
"14312","infects",6083,2137,0,245.940765109116
"14313","infects",6083,2138,0,246.876476160695
"14314","infects",6083,2139,0,249.046092960661
"14315","infects",6083,2140,0,252.314993241035
"14316","infects",6083,2141,0,256.370020507577
"14317","infects",6083,2142,0,260.733178019074
"14318","infects",6083,2143,0,264.799270935202
"14319","infects",6083,2144,0,267.904790235521
"14320","infects",6083,2145,0,269.429048366657
"14321","infects",6083,2146,0,268.915515765831
"14322","infects",6083,2147,0,266.186200296659
"14323","infects",6083,2148,0,261.413653476908
"14324","infects",6083,2149,0,255.122108394712
"14325","infects",6083,2150,0,248.112141742394
"14326","infects",6083,2151,0,241.332025910695
"14327","infects",6083,2152,0,235.737829232016
"14328","infects",6083,2153,0,232.182876695079
"14329","infects",6083,2154,0,231.357701187726
"14330","infects",6083,2155,0,233.776420455595
"14331","infects",6083,2156,0,239.787254294336
"14332","infects",6083,2157,0,249.595077628921
"14333","infects",6083,2158,0,263.184665624546
"14334","infects",6083,2159,0,280.339207228135
"14335","infects",6083,2160,0,300.505413509839
"14336","infects",6083,2161,0,322.706648157796
"14337","infects",6083,2162,0,345.485998226771
"14338","infects",6083,2163,0,366.949605315001
"14339","infects",6083,2164,0,384.961366697813
"14340","infects",6083,2165,0,397.494421658643
"14341","infects",6083,2166,0,403.068526948838
"14342","infects",6083,2167,0,401.131360828356
"14343","infects",6083,2168,0,392.228153114523
"14344","infects",6083,2169,0,377.875897225507
"14345","infects",6083,2170,0,360.185340549536
"14346","infects",6083,2171,0,341.37998620597
"14347","infects",6083,2172,0,323.383149786344
"14348","infects",6083,2173,0,307.580256046185
"14349","infects",6083,2174,0,294.767522716967
"14350","infects",6083,2175,0,285.228860268409
"14351","infects",6083,2176,0,278.864334619658
"14352","infects",6083,2177,0,275.313545938515
"14353","infects",6083,2178,0,274.049952180797
"14354","infects",6083,2179,0,274.448383798143
"14355","infects",6083,2180,0,275.840745821644
"14356","infects",6083,2181,0,277.575081865899
"14357","infects",6083,2182,0,279.084580129623
"14358","infects",6083,2183,0,279.960526344686
"14359","infects",6083,2184,0,280.012395924001
"14360","infects",6083,2185,0,279.294953967583
"14361","infects",6083,2186,0,278.089234715719
"14362","infects",6083,2187,0,276.83885773796
"14363","infects",6083,2188,0,276.057703794569
"14364","infects",6083,2189,0,276.231797802788
"14365","infects",6083,2190,0,277.73473944221
"14366","infects",6083,2191,0,280.766068610166
"14367","infects",6083,2192,0,285.312553363024
"14368","infects",6083,2193,0,291.128858465117
"14369","infects",6083,2194,0,297.73735538541
"14370","infects",6083,2195,0,304.453802997994
"14371","infects",6083,2196,0,310.450689709058
"14372","infects",6083,2197,0,314.867354059987
"14373","infects",6083,2198,0,316.962311378314
"14374","infects",6083,2199,0,316.281216464988
"14375","infects",6083,2200,0,312.7940719327
"14376","infects",6083,2201,0,306.952184162925
"14377","infects",6083,2202,0,299.637546027254
"14378","infects",6083,2203,0,292.017742446532
"14379","infects",6083,2204,0,285.356569431153
"14380","infects",6083,2205,0,280.842642863892
"14381","infects",6083,2206,0,279.479765195522
"14382","infects",6083,2207,0,282.047290128289
"14383","infects",6083,2208,0,289.10680039413
"14384","infects",6083,2209,0,301.01613970253
"14385","infects",6083,2210,0,317.9140149767
"14386","infects",6083,2211,0,339.65229502542
"14387","infects",6083,2212,0,365.67432224493
"14388","infects",6083,2213,0,394.8652928412
"14389","infects",6083,2214,0,425.433676407044
"14390","infects",6083,2215,0,454.910969933776
"14391","infects",6083,2216,0,480.358629504646
"14392","infects",6083,2217,0,498.820037840666
"14393","infects",6083,2218,0,507.947499426721
"14394","infects",6083,2219,0,506.612118533245
"14395","infects",6083,2220,0,495.250232824132
"14396","infects",6083,2221,0,475.778014123788
"14397","infects",6083,2222,0,451.093521540759
"14398","infects",6083,2223,0,424.370696179177
"14399","infects",6083,2224,0,398.41544265889
"14400","infects",6083,2225,0,375.273808932673
"14401","infects",6083,2226,0,356.131485854271
"14402","infects",6083,2227,0,341.423349604524
"14403","infects",6083,2228,0,331.031829142784
"14404","infects",6083,2229,0,324.47960148208
"14405","infects",6083,2230,0,321.073506976658
"14406","infects",6083,2231,0,319.999482238919
"14407","infects",6083,2232,0,320.390347794314
"14408","infects",6083,2233,0,321.39112572655
"14409","infects",6083,2234,0,322.236396283527
"14410","infects",6083,2235,0,322.337591759478
"14411","infects",6083,2236,0,321.362138792522
"14412","infects",6083,2237,0,319.278516827057
"14413","infects",6083,2238,0,316.346656749551
"14414","infects",6083,2239,0,313.050180950735
"14415","infects",6083,2240,0,309.987073185671
"14416","infects",6083,2241,0,307.747558831906
"14417","infects",6083,2242,0,306.806610821501
"14418","infects",6083,2243,0,307.446669354428
"14419","infects",6083,2244,0,309.712575508589
"14420","infects",6083,2245,0,313.393229302281
"14421","infects",6083,2246,0,318.025703199025
"14422","infects",6083,2247,0,322.924575232852
"14423","infects",6083,2248,0,327.245974829572
"14424","infects",6083,2249,0,330.09568248759
"14425","infects",6083,2250,0,330.679416893396
"14426","infects",6083,2251,0,328.472661746837
"14427","infects",6083,2252,0,323.366302891824
"14428","infects",6083,2253,0,315.73743532634
"14429","infects",6083,2254,0,306.423217874275
"14430","infects",6083,2255,0,296.542823167344
"14431","infects",6083,2256,0,287.357809437642
"14432","infects",6083,2257,0,280.053929130974
"14433","infects",6083,2258,0,275.621347522975
"14434","infects",6083,2259,0,274.802273545644
"14435","infects",6083,2260,0,278.094587260712
"14436","infects",6083,2261,0,285.774334735735
"14437","infects",6083,2262,0,297.900098422911
"14438","infects",6083,2263,0,314.275352211255
"14439","infects",6083,2264,0,334.364769155857
"14440","infects",6083,2265,0,357.184452992401
"14441","infects",6083,2266,0,381.212647192921
"14442","infects",6083,2267,0,404.389867045129
"14443","infects",6083,2268,0,424.279657041314
"14444","infects",6083,2269,0,438.423700587063
"14445","infects",6083,2270,0,444.842657116084
"14446","infects",6083,2271,0,442.536540819164
"14447","infects",6083,2272,0,431.788055280448
"14448","infects",6083,2273,0,414.123320624791
"14449","infects",6083,2274,0,391.928218119352
"14450","infects",6083,2275,0,367.872610426633
"14451","infects",6083,2276,0,344.362030584648
"14452","infects",6083,2277,0,323.184507993277
"14453","infects",6083,2278,0,305.400513581148
"14454","infects",6083,2279,0,291.41892460733
"14455","infects",6083,2280,0,281.159761301011
"14456","infects",6083,2281,0,274.220472129113
"14457","infects",6083,2282,0,270.003952719615
"14458","infects",6083,2283,0,267.804030335569
"14459","infects",6083,2284,0,266.865131726826
"14460","infects",6083,2285,0,266.437302955152
"14461","infects",6083,2286,0,265.840457765885
"14462","infects",6083,2287,0,264.538108918915
"14463","infects",6083,2288,0,262.206733777077
"14464","infects",6083,2289,0,258.778823238609
"14465","infects",6083,2290,0,254.44054645828
"14466","infects",6083,2291,0,249.578679766907
"14467","infects",6083,2292,0,244.689297967306
"14468","infects",6083,2293,0,240.273026826282
"14469","infects",6083,2294,0,236.742271006768
"14470","infects",6083,2295,0,234.356195571531
"14471","infects",6083,2296,0,233.186519258995
"14472","infects",6083,2297,0,233.108725019573
"14473","infects",6083,2298,0,233.812237396758
"14474","infects",6083,2299,0,234.827699096893
"14475","infects",6083,2300,0,235.575067292334
"14476","infects",6083,2301,0,235.4378347594
"14477","infects",6083,2302,0,233.862983498126
"14478","infects",6083,2303,0,230.473712895522
"14479","infects",6083,2304,0,225.168009504323
"14480","infects",6083,2305,0,218.170006746198
"14481","infects",6083,2306,0,210.01056722696
"14482","infects",6083,2307,0,201.437815236989
"14483","infects",6083,2308,0,193.285787644281
"14484","infects",6083,2309,0,186.344150177572
"14485","infects",6083,2310,0,181.265679746187
"14486","infects",6083,2311,0,178.526130167384
"14487","infects",6083,2312,0,178.426967673551
"14488","infects",6083,2313,0,181.117049881785
"14489","infects",6083,2314,0,186.607913031856
"14490","infects",6083,2315,0,194.765314302859
"14491","infects",6083,2316,0,205.272096212676
"14492","infects",6083,2317,0,217.57166256819
"14493","infects",6083,2318,0,230.816418347985
"14494","infects",6083,2319,0,243.858622313753
"14495","infects",6083,2320,0,255.324622162719
"14496","infects",6083,2321,0,263.796682386614
"14497","infects",6083,2322,0,268.084549476962
"14498","infects",6083,2323,0,267.513985938688
"14499","infects",6083,2324,0,262.123934247813
"14500","infects",6083,2325,0,252.681055999956
"14501","infects",6083,2326,0,240.493546481542
"14502","infects",6083,2327,0,227.095816130817
"14503","infects",6083,2328,0,213.925582622928
"14504","infects",6083,2329,0,202.097570729299
"14505","infects",6083,2330,0,192.314331449126
"14506","infects",6083,2331,0,184.890748183082
"14507","infects",6083,2332,0,179.837461189471
"14508","infects",6083,2333,0,176.952470403955
"14509","infects",6083,2334,0,175.892760000809
"14510","infects",6083,2335,0,176.221110211889
"14511","infects",6083,2336,0,177.43812815323
"14512","infects",6083,2337,0,179.014454626599
"14513","infects",6083,2338,0,180.4348096876
"14514","infects",6083,2339,0,181.256415268578
"14515","infects",6083,2340,0,181.172692604249
"14516","infects",6083,2341,0,180.063978178777
"14517","infects",6083,2342,0,178.015745832289
"14518","infects",6083,2343,0,175.293746243072
"14519","infects",6083,2344,0,172.280872907965
"14520","infects",6083,2345,0,169.394132370533
"14521","infects",6083,2346,0,167.004506351623
"14522","infects",6083,2347,0,165.376565830709
"14523","infects",6083,2348,0,164.633621566621
"14524","infects",6083,2349,0,164.745072728547
"14525","infects",6083,2350,0,165.538666951431
"14526","infects",6083,2351,0,166.683319537541
"14527","infects",6083,2352,0,167.764179947082
"14528","infects",6083,2353,0,168.305638271318
"14529","infects",6083,2354,0,167.849602241381
"14530","infects",6083,2355,0,166.044325778234
"14531","infects",6083,2356,0,162.731258914994
"14532","infects",6083,2357,0,158.002725210972
"14533","infects",6083,2358,0,152.206203490848
"14534","infects",6083,2359,0,145.888166320486
"14535","infects",6083,2360,0,139.694492698204
"14536","infects",6083,2361,0,134.261622718052
"14537","infects",6083,2362,0,130.132544437916
"14538","infects",6083,2363,0,127.715536870736
"14539","infects",6083,2364,0,127.282264926156
"14540","infects",6083,2365,0,128.986924730086
"14541","infects",6083,2366,0,132.884422526563
"14542","infects",6083,2367,0,138.930734086077
"14543","infects",6083,2368,0,146.958065945643
"14544","infects",6083,2369,0,156.628536059496
"14545","infects",6083,2370,0,167.382358043053
"14546","infects",6083,2371,0,178.408888291606
"14547","infects",6083,2372,0,188.67631314518
"14548","infects",6083,2373,0,197.048795819991
"14549","infects",6083,2374,0,202.490715068688
"14550","infects",6083,2375,0,204.31098581887
"14551","infects",6083,2376,0,202.360408746238
"14552","infects",6083,2377,0,197.094060816139
"14553","infects",6083,2378,0,189.462302886315
"14554","infects",6083,2379,0,180.672457963228
"14555","infects",6083,2380,0,171.918485513271
"14556","infects",6083,2381,0,164.174327730232
"14557","infects",6083,2382,0,158.097453005665
"14558","infects",6083,2383,0,154.031427465417
"14559","infects",6083,2384,0,152.063422220303
"14560","infects",6083,2385,0,152.091603030464
"14561","infects",6083,2386,0,153.875499512906
"14562","infects",6083,2387,0,157.063704471712
"14563","infects",6083,2388,0,161.208549060764
"14564","infects",6083,2389,0,165.784467468393
"14565","infects",6083,2390,0,170.225871666599
"14566","infects",6083,2391,0,173.991923396281
"14567","infects",6083,2392,0,176.651271650503
"14568","infects",6083,2393,0,177.964782828698
"14569","infects",6083,2394,0,177.936852555949
"14570","infects",6083,2395,0,176.812673491437
"14571","infects",6083,2396,0,175.018483494163
"14572","infects",6083,2397,0,173.063848104881
"14573","infects",6083,2398,0,171.436739989204
"14574","infects",6083,2399,0,170.518165992893
"14575","infects",6083,2400,0,170.528585430418
"14576","infects",6083,2401,0,171.503904837498
"14577","infects",6083,2402,0,173.292270874137
"14578","infects",6083,2403,0,175.565441405438
"14579","infects",6083,2404,0,177.84609920511
"14580","infects",6083,2405,0,179.558914787005
"14581","infects",6083,2406,0,180.112829928337
"14582","infects",6083,2407,0,179.011968159971
"14583","infects",6083,2408,0,175.975066484009
"14584","infects",6083,2409,0,171.027400026572
"14585","infects",6083,2410,0,164.527455977366
"14586","infects",6083,2411,0,157.110275608396
"14587","infects",6083,2412,0,149.563395817221
"14588","infects",6083,2413,0,142.680079615888
"14589","infects",6083,2414,0,137.139938406313
"14590","infects",6083,2415,0,133.447113132581
"14591","infects",6083,2416,0,131.925614470634
"14592","infects",6083,2417,0,132.748447240055
"14593","infects",6083,2418,0,135.970388423402
"14594","infects",6083,2419,0,141.540841734444
"14595","infects",6083,2420,0,149.285687105674
"14596","infects",6083,2421,0,158.860696833348
"14597","infects",6083,2422,0,169.693149933
"14598","infects",6083,2423,0,180.942494046258
"14599","infects",6083,2424,0,191.520726991301
"14600","infects",6083,2425,0,200.208174235901
"14601","infects",6083,2426,0,205.870119139411
"14602","infects",6083,2427,0,207.727061899667
"14603","infects",6083,2428,0,205.582145957148
"14604","infects",6083,2429,0,199.902552860059
"14605","infects",6083,2430,0,191.707159456421
"14606","infects",6083,2431,0,182.303811984277
"14607","infects",6083,2432,0,172.986813225651
"14608","infects",6083,2433,0,164.805876249425
"14609","infects",6083,2434,0,158.460989016135
"14610","infects",6083,2435,0,154.309770334819
"14611","infects",6083,2436,0,152.43542425679
"14612","infects",6083,2437,0,152.72292324515
"14613","infects",6083,2438,0,154.912803918823
"14614","infects",6083,2439,0,158.626805864194
"14615","infects",6083,2440,0,163.377252507337
"14616","infects",6083,2441,0,168.580471773912
"14617","infects",6083,2442,0,173.594137807168
"14618","infects",6083,2443,0,177.789138579119
"14619","infects",6083,2444,0,180.649476360845
"14620","infects",6083,2445,0,181.874394534941
"14621","infects",6083,2446,0,181.445908028998
"14622","infects",6083,2447,0,179.638672233368
"14623","infects",6083,2448,0,176.926399725144
"14624","infects",6083,2449,0,173.901390513077
"14625","infects",6083,2450,0,171.128672276724
"14626","infects",6083,2451,0,169.050656011793
"14627","infects",6083,2452,0,167.927935778667
"14628","infects",6083,2453,0,167.817368859672
"14629","infects",6083,2454,0,168.57490083314
"14630","infects",6083,2455,0,169.873108695653
"14631","infects",6083,2456,0,171.23246137146
"14632","infects",6083,2457,0,172.073517601141
"14633","infects",6083,2458,0,171.7983921008
"14634","infects",6083,2459,0,169.90053543668
"14635","infects",6083,2460,0,166.084210300489
"14636","infects",6083,2461,0,160.357991820881
"14637","infects",6083,2462,0,153.063363773131
"14638","infects",6083,2463,0,144.818357364658
"14639","infects",6083,2464,0,136.39100576094
"14640","infects",6083,2465,0,128.54809675531
"14641","infects",6083,2466,0,121.931649332873
"14642","infects",6083,2467,0,116.99554720969
"14643","infects",6083,2468,0,114.002901781099
"14644","infects",6083,2469,0,113.060563278766
"14645","infects",6083,2470,0,114.160313435742
"14646","infects",6083,2471,0,117.203509703669
"14647","infects",6083,2472,0,121.998894321511
"14648","infects",6083,2473,0,128.236030130082
"14649","infects",6083,2474,0,135.448003508541
"14650","infects",6083,2475,0,142.986794727271
"14651","infects",6083,2476,0,150.040595676203
"14652","infects",6083,2477,0,155.717806794437
"14653","infects",6083,2478,0,159.20080028103
"14654","infects",6083,2479,0,159.935933263033
"14655","infects",6083,2480,0,157.792419939648
"14656","infects",6083,2481,0,153.118104582689
"14657","infects",6083,2482,0,146.658543754906
"14658","infects",6083,2483,0,139.369204168012
"14659","infects",6083,2484,0,132.198238666225
"14660","infects",6083,2485,0,125.918958382357
"14661","infects",6083,2486,0,121.051963438786
"14662","infects",6083,2487,0,117.868741657692
"14663","infects",6083,2488,0,116.440240285107
"14664","infects",6083,2489,0,116.692511000368
"14665","infects",6083,2490,0,125.317938668825
"14666","infects",6083,2491,0,129.670360959471
"14667","infects",6083,2492,0,134.024997194091
"14668","infects",6083,2493,0,137.911260059549
"14669","infects",6083,2494,0,140.928346427928
"14670","infects",6083,2495,0,142.822195703581
"14671","infects",6083,2496,0,143.542057871388
"14672","infects",6083,2497,0,143.253082384564
"14673","infects",6083,2498,0,142.296964860376
"14674","infects",6083,2499,0,141.113386580229
"14675","infects",6083,2500,0,140.148601810301
"14676","infects",6083,2501,0,139.776932973554
"14677","infects",6083,2502,0,140.248952546336
"14678","infects",6083,2503,0,141.666060034702
"14679","infects",6083,2504,0,143.973202323234
"14680","infects",6083,2505,0,146.962107923878
"14681","infects",6083,2506,0,150.283878367631
"14682","infects",6083,2507,0,153.477075161343
"14683","infects",6083,2508,0,156.020526145447
"14684","infects",6083,2509,0,157.415325848548
"14685","infects",6083,2510,0,157.287523458676
"14686","infects",6083,2511,0,155.486752095029
"14687","infects",6083,2512,0,152.146622941286
"14688","infects",6083,2513,0,147.679747585932
"14689","infects",6083,2514,0,142.704367248581
"14690","infects",6083,2515,0,137.928541994742
"14691","infects",6083,2516,0,134.034016647486
"14692","infects",6083,2517,0,131.595813156955
"14693","infects",6083,2518,0,131.051202142955
"14694","infects",6083,2519,0,132.707983682
"14695","D_obs",6083,0,0,8
"14696","D_obs",6083,1,0,9
"14697","D_obs",6083,2,0,7
"14698","D_obs",6083,3,0,11
"14699","D_obs",6083,4,0,8
"14700","D_obs",6083,5,0,14
"14701","D_obs",6083,6,0,4
"14702","D_obs",6083,7,0,11
"14703","D_obs",6083,8,0,7
"14704","D_obs",6083,9,0,12
"14705","D_obs",6083,10,0,6
"14706","D_obs",6083,11,0,16
"14707","D_obs",6083,12,0,8
"14708","D_obs",6083,13,0,5
"14709","D_obs",6083,14,0,11
"14710","D_obs",6083,15,0,5
"14711","D_obs",6083,16,0,12
"14712","D_obs",6083,17,0,7
"14713","D_obs",6083,18,0,10
"14714","D_obs",6083,19,0,15
"14715","D_obs",6083,20,0,17
"14716","D_obs",6083,21,0,25
"14717","D_obs",6083,22,0,30
"14718","D_obs",6083,23,0,16
"14719","D_obs",6083,24,0,24
"14720","D_obs",6083,25,0,18
"14721","D_obs",6083,26,0,29
"14722","D_obs",6083,27,0,25
"14723","D_obs",6083,28,0,23
"14724","D_obs",6083,29,0,28
"14725","D_obs",6083,30,0,31
"14726","D_obs",6083,31,0,19
"14727","D_obs",6083,32,0,43
"14728","D_obs",6083,33,0,28
"14729","D_obs",6083,34,0,38
"14730","D_obs",6083,35,0,30
"14731","D_obs",6083,36,0,35
"14732","D_obs",6083,37,0,29
"14733","D_obs",6083,38,0,31
"14734","D_obs",6083,39,0,47
"14735","D_obs",6083,40,0,36
"14736","D_obs",6083,41,0,41
"14737","D_obs",6083,42,0,46
"14738","D_obs",6083,43,0,44
"14739","D_obs",6083,44,0,39
"14740","D_obs",6083,45,0,50
"14741","D_obs",6083,46,0,43
"14742","D_obs",6083,47,0,30
"14743","D_obs",6083,48,0,35
"14744","D_obs",6083,49,0,40
"14745","D_obs",6083,50,0,33
"14746","D_obs",6083,51,0,35
"14747","D_obs",6083,52,0,27
"14748","D_obs",6083,53,0,22
"14749","D_obs",6083,54,0,30
"14750","D_obs",6083,55,0,23
"14751","D_obs",6083,56,0,19
"14752","D_obs",6083,57,0,15
"14753","D_obs",6083,58,0,24
"14754","D_obs",6083,59,0,22
"14755","D_obs",6083,60,0,29
"14756","D_obs",6083,61,0,21
"14757","D_obs",6083,62,0,21
"14758","D_obs",6083,63,0,22
"14759","D_obs",6083,64,0,22
"14760","D_obs",6083,65,0,21
"14761","D_obs",6083,66,0,21
"14762","D_obs",6083,67,0,27
"14763","D_obs",6083,68,0,18
"14764","D_obs",6083,69,0,24
"14765","D_obs",6083,70,0,10
"14766","D_obs",6083,71,0,21
"14767","D_obs",6083,72,0,27
"14768","D_obs",6083,73,0,29
"14769","D_obs",6083,74,0,33
"14770","D_obs",6083,75,0,31
"14771","D_obs",6083,76,0,27
"14772","D_obs",6083,77,0,32
"14773","D_obs",6083,78,0,32
"14774","D_obs",6083,79,0,30
"14775","D_obs",6083,80,0,37
"14776","D_obs",6083,81,0,32
"14777","D_obs",6083,82,0,41
"14778","D_obs",6083,83,0,48
"14779","D_obs",6083,84,0,43
"14780","D_obs",6083,85,0,34
"14781","D_obs",6083,86,0,39
"14782","D_obs",6083,87,0,41
"14783","D_obs",6083,88,0,48
"14784","D_obs",6083,89,0,64
"14785","D_obs",6083,90,0,54
"14786","D_obs",6083,91,0,43
"14787","D_obs",6083,92,0,54
"14788","D_obs",6083,93,0,58
"14789","D_obs",6083,94,0,58
"14790","D_obs",6083,95,0,66
"14791","D_obs",6083,96,0,60
"14792","D_obs",6083,97,0,51
"14793","D_obs",6083,98,0,61
"14794","D_obs",6083,99,0,59
"14795","D_obs",6083,100,0,47
"14796","D_obs",6083,101,0,46
"14797","D_obs",6083,102,0,49
"14798","D_obs",6083,103,0,54
"14799","D_obs",6083,104,0,47
"14800","D_obs",6083,105,0,51
"14801","D_obs",6083,106,0,49
"14802","D_obs",6083,107,0,42
"14803","D_obs",6083,108,0,31
"14804","D_obs",6083,109,0,37
"14805","D_obs",6083,110,0,43
"14806","D_obs",6083,111,0,43
"14807","D_obs",6083,112,0,39
"14808","D_obs",6083,113,0,40
"14809","D_obs",6083,114,0,43
"14810","D_obs",6083,115,0,36
"14811","D_obs",6083,116,0,35
"14812","D_obs",6083,117,0,35
"14813","D_obs",6083,118,0,31
"14814","D_obs",6083,119,0,32
"14815","D_obs",6083,120,0,35
"14816","D_obs",6083,121,0,24
"14817","D_obs",6083,122,0,35
"14818","D_obs",6083,123,0,41
"14819","D_obs",6083,124,0,49
"14820","D_obs",6083,125,0,63
"14821","D_obs",6083,126,0,56
"14822","D_obs",6083,127,0,62
"14823","D_obs",6083,128,0,78
"14824","D_obs",6083,129,0,60
"14825","D_obs",6083,130,0,58
"14826","D_obs",6083,131,0,69
"14827","D_obs",6083,132,0,72
"14828","D_obs",6083,133,0,82
"14829","D_obs",6083,134,0,75
"14830","D_obs",6083,135,0,80
"14831","D_obs",6083,136,0,68
"14832","D_obs",6083,137,0,93
"14833","D_obs",6083,138,0,82
"14834","D_obs",6083,139,0,99
"14835","D_obs",6083,140,0,70
"14836","D_obs",6083,141,0,87
"14837","D_obs",6083,142,0,85
"14838","D_obs",6083,143,0,87
"14839","D_obs",6083,144,0,102
"14840","D_obs",6083,145,0,81
"14841","D_obs",6083,146,0,88
"14842","D_obs",6083,147,0,72
"14843","D_obs",6083,148,0,70
"14844","D_obs",6083,149,0,84
"14845","D_obs",6083,150,0,60
"14846","D_obs",6083,151,0,56
"14847","D_obs",6083,152,0,44
"14848","D_obs",6083,153,0,47
"14849","D_obs",6083,154,0,42
"14850","D_obs",6083,155,0,39
"14851","D_obs",6083,156,0,37
"14852","D_obs",6083,157,0,47
"14853","D_obs",6083,158,0,45
"14854","D_obs",6083,159,0,28
"14855","D_obs",6083,160,0,35
"14856","D_obs",6083,161,0,34
"14857","D_obs",6083,162,0,38
"14858","D_obs",6083,163,0,30
"14859","D_obs",6083,164,0,23
"14860","D_obs",6083,165,0,24
"14861","D_obs",6083,166,0,23
"14862","D_obs",6083,167,0,27
"14863","D_obs",6083,168,0,30
"14864","D_obs",6083,169,0,11
"14865","D_obs",6083,170,0,17
"14866","D_obs",6083,171,0,18
"14867","D_obs",6083,172,0,16
"14868","D_obs",6083,173,0,9
"14869","D_obs",6083,174,0,11
"14870","D_obs",6083,175,0,22
"14871","D_obs",6083,176,0,18
"14872","D_obs",6083,177,0,19
"14873","D_obs",6083,178,0,16
"14874","D_obs",6083,179,0,17
"14875","D_obs",6083,180,0,12
"14876","D_obs",6083,181,0,15
"14877","D_obs",6083,182,0,21
"14878","D_obs",6083,183,0,15
"14879","D_obs",6083,184,0,12
"14880","D_obs",6083,185,0,13
"14881","D_obs",6083,186,0,10
"14882","D_obs",6083,187,0,18
"14883","D_obs",6083,188,0,6
"14884","D_obs",6083,189,0,14
"14885","D_obs",6083,190,0,16
"14886","D_obs",6083,191,0,14
"14887","D_obs",6083,192,0,14
"14888","D_obs",6083,193,0,20
"14889","D_obs",6083,194,0,21
"14890","D_obs",6083,195,0,23
"14891","D_obs",6083,196,0,24
"14892","D_obs",6083,197,0,20
"14893","D_obs",6083,198,0,25
"14894","D_obs",6083,199,0,11
"14895","D_obs",6083,200,0,20
"14896","D_obs",6083,201,0,28
"14897","D_obs",6083,202,0,25
"14898","D_obs",6083,203,0,22
"14899","D_obs",6083,204,0,18
"14900","D_obs",6083,205,0,19
"14901","D_obs",6083,206,0,21
"14902","D_obs",6083,207,0,13
"14903","D_obs",6083,208,0,19
"14904","D_obs",6083,209,0,20
"14905","D_obs",6083,210,0,16
"14906","D_obs",6083,211,0,14
"14907","D_obs",6083,212,0,19
"14908","D_obs",6083,213,0,16
"14909","D_obs",6083,214,0,24
"14910","D_obs",6083,215,0,20
"14911","D_obs",6083,216,0,16
"14912","D_obs",6083,217,0,11
"14913","D_obs",6083,218,0,18
"14914","D_obs",6083,219,0,20
"14915","D_obs",6083,220,0,8
"14916","D_obs",6083,221,0,16
"14917","D_obs",6083,222,0,11
"14918","D_obs",6083,223,0,13
"14919","D_obs",6083,224,0,15
"14920","D_obs",6083,225,0,6
"14921","D_obs",6083,226,0,11
"14922","D_obs",6083,227,0,15
"14923","D_obs",6083,228,0,11
"14924","D_obs",6083,229,0,23
"14925","D_obs",6083,230,0,10
"14926","D_obs",6083,231,0,15
"14927","D_obs",6083,232,0,17
"14928","D_obs",6083,233,0,14
"14929","D_obs",6083,234,0,20
"14930","D_obs",6083,235,0,25
"14931","D_obs",6083,236,0,12
"14932","D_obs",6083,237,0,11
"14933","D_obs",6083,238,0,23
"14934","D_obs",6083,239,0,17
"14935","D_obs",6083,240,0,10
"14936","D_obs",6083,241,0,10
"14937","D_obs",6083,242,0,19
"14938","D_obs",6083,243,0,10
"14939","D_obs",6083,244,0,19
"14940","D_obs",6083,245,0,15
"14941","D_obs",6083,246,0,17
"14942","D_obs",6083,247,0,21
"14943","D_obs",6083,248,0,28
"14944","D_obs",6083,249,0,30
"14945","D_obs",6083,250,0,33
"14946","D_obs",6083,251,0,22
"14947","D_obs",6083,252,0,27
"14948","D_obs",6083,253,0,19
"14949","D_obs",6083,254,0,27
"14950","D_obs",6083,255,0,33
"14951","D_obs",6083,256,0,25
"14952","D_obs",6083,257,0,25
"14953","D_obs",6083,258,0,19
"14954","D_obs",6083,259,0,13
"14955","D_obs",6083,260,0,16
"14956","D_obs",6083,261,0,22
"14957","D_obs",6083,262,0,12
"14958","D_obs",6083,263,0,14
"14959","D_obs",6083,264,0,14
"14960","D_obs",6083,265,0,17
"14961","D_obs",6083,266,0,14
"14962","D_obs",6083,267,0,21
"14963","D_obs",6083,268,0,13
"14964","D_obs",6083,269,0,11
"14965","D_obs",6083,270,0,18
"14966","D_obs",6083,271,0,13
"14967","D_obs",6083,272,0,11
"14968","D_obs",6083,273,0,7
"14969","D_obs",6083,274,0,16
"14970","D_obs",6083,275,0,12
"14971","D_obs",6083,276,0,11
"14972","D_obs",6083,277,0,13
"14973","D_obs",6083,278,0,11
"14974","D_obs",6083,279,0,15
"14975","D_obs",6083,280,0,26
"14976","D_obs",6083,281,0,20
"14977","D_obs",6083,282,0,4
"14978","D_obs",6083,283,0,12
"14979","D_obs",6083,284,0,16
"14980","D_obs",6083,285,0,11
"14981","D_obs",6083,286,0,16
"14982","D_obs",6083,287,0,13
"14983","D_obs",6083,288,0,15
"14984","D_obs",6083,289,0,18
"14985","D_obs",6083,290,0,16
"14986","D_obs",6083,291,0,16
"14987","D_obs",6083,292,0,16
"14988","D_obs",6083,293,0,29
"14989","D_obs",6083,294,0,21
"14990","D_obs",6083,295,0,29
"14991","D_obs",6083,296,0,49
"14992","D_obs",6083,297,0,32
"14993","D_obs",6083,298,0,46
"14994","D_obs",6083,299,0,50
"14995","D_obs",6083,300,0,58
"14996","D_obs",6083,301,0,55
"14997","D_obs",6083,302,0,42
"14998","D_obs",6083,303,0,61
"14999","D_obs",6083,304,0,64
"15000","D_obs",6083,305,0,71
"15001","D_obs",6083,306,0,69
"15002","D_obs",6083,307,0,49
"15003","D_obs",6083,308,0,63
"15004","D_obs",6083,309,0,45
"15005","D_obs",6083,310,0,36
"15006","D_obs",6083,311,0,41
"15007","D_obs",6083,312,0,43
"15008","D_obs",6083,313,0,57
"15009","D_obs",6083,314,0,40
"15010","D_obs",6083,315,0,45
"15011","D_obs",6083,316,0,38
"15012","D_obs",6083,317,0,57
"15013","D_obs",6083,318,0,53
"15014","D_obs",6083,319,0,42
"15015","D_obs",6083,320,0,43
"15016","D_obs",6083,321,0,54
"15017","D_obs",6083,322,0,42
"15018","D_obs",6083,323,0,51
"15019","D_obs",6083,324,0,46
"15020","D_obs",6083,325,0,47
"15021","D_obs",6083,326,0,36
"15022","D_obs",6083,327,0,53
"15023","D_obs",6083,328,0,57
"15024","D_obs",6083,329,0,44
"15025","D_obs",6083,330,0,51
"15026","D_obs",6083,331,0,43
"15027","D_obs",6083,332,0,50
"15028","D_obs",6083,333,0,78
"15029","D_obs",6083,334,0,56
"15030","D_obs",6083,335,0,77
"15031","D_obs",6083,336,0,76
"15032","D_obs",6083,337,0,107
"15033","D_obs",6083,338,0,88
"15034","D_obs",6083,339,0,100
"15035","D_obs",6083,340,0,72
"15036","D_obs",6083,341,0,90
"15037","D_obs",6083,342,0,119
"15038","D_obs",6083,343,0,97
"15039","D_obs",6083,344,0,124
"15040","D_obs",6083,345,0,115
"15041","D_obs",6083,346,0,102
"15042","D_obs",6083,347,0,137
"15043","D_obs",6083,348,0,144
"15044","D_obs",6083,349,0,145
"15045","D_obs",6083,350,0,161
"15046","D_obs",6083,351,0,154
"15047","D_obs",6083,352,0,180
"15048","D_obs",6083,353,0,188
"15049","D_obs",6083,354,0,147
"15050","D_obs",6083,355,0,182
"15051","D_obs",6083,356,0,135
"15052","D_obs",6083,357,0,135
"15053","D_obs",6083,358,0,119
"15054","D_obs",6083,359,0,118
"15055","D_obs",6083,360,0,127
"15056","D_obs",6083,361,0,117
"15057","D_obs",6083,362,0,113
"15058","D_obs",6083,363,0,110
"15059","D_obs",6083,364,0,94
"15060","D_obs",6083,365,0,81
"15061","D_obs",6083,366,0,63
"15062","D_obs",6083,367,0,87
"15063","D_obs",6083,368,0,76
"15064","D_obs",6083,369,0,62
"15065","D_obs",6083,370,0,55
"15066","D_obs",6083,371,0,64
"15067","D_obs",6083,372,0,50
"15068","D_obs",6083,373,0,57
"15069","D_obs",6083,374,0,43
"15070","D_obs",6083,375,0,42
"15071","D_obs",6083,376,0,40
"15072","D_obs",6083,377,0,56
"15073","D_obs",6083,378,0,39
"15074","D_obs",6083,379,0,48
"15075","D_obs",6083,380,0,38
"15076","D_obs",6083,381,0,47
"15077","D_obs",6083,382,0,41
"15078","D_obs",6083,383,0,40
"15079","D_obs",6083,384,0,35
"15080","D_obs",6083,385,0,34
"15081","D_obs",6083,386,0,29
"15082","D_obs",6083,387,0,40
"15083","D_obs",6083,388,0,34
"15084","D_obs",6083,389,0,38
"15085","D_obs",6083,390,0,34
"15086","D_obs",6083,391,0,43
"15087","D_obs",6083,392,0,25
"15088","D_obs",6083,393,0,27
"15089","D_obs",6083,394,0,32
"15090","D_obs",6083,395,0,44
"15091","D_obs",6083,396,0,21
"15092","D_obs",6083,397,0,27
"15093","D_obs",6083,398,0,18
"15094","D_obs",6083,399,0,27
"15095","D_obs",6083,400,0,27
"15096","D_obs",6083,401,0,24
"15097","D_obs",6083,402,0,41
"15098","D_obs",6083,403,0,30
"15099","D_obs",6083,404,0,39
"15100","D_obs",6083,405,0,56
"15101","D_obs",6083,406,0,41
"15102","D_obs",6083,407,0,33
"15103","D_obs",6083,408,0,41
"15104","D_obs",6083,409,0,58
"15105","D_obs",6083,410,0,41
"15106","D_obs",6083,411,0,35
"15107","D_obs",6083,412,0,37
"15108","D_obs",6083,413,0,32
"15109","D_obs",6083,414,0,19
"15110","D_obs",6083,415,0,29
"15111","D_obs",6083,416,0,25
"15112","D_obs",6083,417,0,31
"15113","D_obs",6083,418,0,11
"15114","D_obs",6083,419,0,17
"15115","D_obs",6083,420,0,16
"15116","D_obs",6083,421,0,13
"15117","D_obs",6083,422,0,11
"15118","D_obs",6083,423,0,13
"15119","D_obs",6083,424,0,11
"15120","D_obs",6083,425,0,21
"15121","D_obs",6083,426,0,14
"15122","D_obs",6083,427,0,12
"15123","D_obs",6083,428,0,14
"15124","D_obs",6083,429,0,15
"15125","D_obs",6083,430,0,17
"15126","D_obs",6083,431,0,18
"15127","D_obs",6083,432,0,19
"15128","D_obs",6083,433,0,21
"15129","D_obs",6083,434,0,17
"15130","D_obs",6083,435,0,25
"15131","D_obs",6083,436,0,16
"15132","D_obs",6083,437,0,13
"15133","D_obs",6083,438,0,17
"15134","D_obs",6083,439,0,19
"15135","D_obs",6083,440,0,19
"15136","D_obs",6083,441,0,19
"15137","D_obs",6083,442,0,14
"15138","D_obs",6083,443,0,20
"15139","D_obs",6083,444,0,23
"15140","D_obs",6083,445,0,15
"15141","D_obs",6083,446,0,23
"15142","D_obs",6083,447,0,20
"15143","D_obs",6083,448,0,21
"15144","D_obs",6083,449,0,24
"15145","D_obs",6083,450,0,19
"15146","D_obs",6083,451,0,33
"15147","D_obs",6083,452,0,35
"15148","D_obs",6083,453,0,38
"15149","D_obs",6083,454,0,30
"15150","D_obs",6083,455,0,15
"15151","D_obs",6083,456,0,31
"15152","D_obs",6083,457,0,26
"15153","D_obs",6083,458,0,38
"15154","D_obs",6083,459,0,32
"15155","D_obs",6083,460,0,41
"15156","D_obs",6083,461,0,33
"15157","D_obs",6083,462,0,39
"15158","D_obs",6083,463,0,41
"15159","D_obs",6083,464,0,32
"15160","D_obs",6083,465,0,35
"15161","D_obs",6083,466,0,29
"15162","D_obs",6083,467,0,30
"15163","D_obs",6083,468,0,22
"15164","D_obs",6083,469,0,14
"15165","D_obs",6083,470,0,16
"15166","D_obs",6083,471,0,19
"15167","D_obs",6083,472,0,17
"15168","D_obs",6083,473,0,16
"15169","D_obs",6083,474,0,15
"15170","D_obs",6083,475,0,20
"15171","D_obs",6083,476,0,9
"15172","D_obs",6083,477,0,19
"15173","D_obs",6083,478,0,20
"15174","D_obs",6083,479,0,8
"15175","D_obs",6083,480,0,9
"15176","D_obs",6083,481,0,7
"15177","D_obs",6083,482,0,11
"15178","D_obs",6083,483,0,8
"15179","D_obs",6083,484,0,14
"15180","D_obs",6083,485,0,4
"15181","D_obs",6083,486,0,11
"15182","D_obs",6083,487,0,7
"15183","D_obs",6083,488,0,12
"15184","D_obs",6083,489,0,6
"15185","D_obs",6083,490,0,16
"15186","D_obs",6083,491,0,8
"15187","D_obs",6083,492,0,5
"15188","D_obs",6083,493,0,11
"15189","D_obs",6083,494,0,5
"15190","D_obs",6083,495,0,12
"15191","D_obs",6083,496,0,7
"15192","D_obs",6083,497,0,10
"15193","D_obs",6083,498,0,15
"15194","D_obs",6083,499,0,17
"15195","D_obs",6083,500,0,25
"15196","D_obs",6083,501,0,30
"15197","D_obs",6083,502,0,16
"15198","D_obs",6083,503,0,24
"15199","D_obs",6083,504,0,18
"15200","D_obs",6083,505,0,29
"15201","D_obs",6083,506,0,25
"15202","D_obs",6083,507,0,23
"15203","D_obs",6083,508,0,28
"15204","D_obs",6083,509,0,31
"15205","D_obs",6083,510,0,19
"15206","D_obs",6083,511,0,43
"15207","D_obs",6083,512,0,28
"15208","D_obs",6083,513,0,38
"15209","D_obs",6083,514,0,30
"15210","D_obs",6083,515,0,35
"15211","D_obs",6083,516,0,29
"15212","D_obs",6083,517,0,31
"15213","D_obs",6083,518,0,47
"15214","D_obs",6083,519,0,36
"15215","D_obs",6083,520,0,41
"15216","D_obs",6083,521,0,46
"15217","D_obs",6083,522,0,44
"15218","D_obs",6083,523,0,39
"15219","D_obs",6083,524,0,50
"15220","D_obs",6083,525,0,43
"15221","D_obs",6083,526,0,30
"15222","D_obs",6083,527,0,35
"15223","D_obs",6083,528,0,40
"15224","D_obs",6083,529,0,33
"15225","D_obs",6083,530,0,35
"15226","D_obs",6083,531,0,27
"15227","D_obs",6083,532,0,22
"15228","D_obs",6083,533,0,30
"15229","D_obs",6083,534,0,23
"15230","D_obs",6083,535,0,19
"15231","D_obs",6083,536,0,15
"15232","D_obs",6083,537,0,24
"15233","D_obs",6083,538,0,22
"15234","D_obs",6083,539,0,29
"15235","D_obs",6083,540,0,21
"15236","D_obs",6083,541,0,21
"15237","D_obs",6083,542,0,22
"15238","D_obs",6083,543,0,22
"15239","D_obs",6083,544,0,21
"15240","D_obs",6083,545,0,21
"15241","D_obs",6083,546,0,27
"15242","D_obs",6083,547,0,18
"15243","D_obs",6083,548,0,24
"15244","D_obs",6083,549,0,10
"15245","D_obs",6083,550,0,21
"15246","D_obs",6083,551,0,27
"15247","D_obs",6083,552,0,29
"15248","D_obs",6083,553,0,33
"15249","D_obs",6083,554,0,31
"15250","D_obs",6083,555,0,27
"15251","D_obs",6083,556,0,32
"15252","D_obs",6083,557,0,32
"15253","D_obs",6083,558,0,30
"15254","D_obs",6083,559,0,37
"15255","D_obs",6083,560,0,32
"15256","D_obs",6083,561,0,41
"15257","D_obs",6083,562,0,48
"15258","D_obs",6083,563,0,43
"15259","D_obs",6083,564,0,34
"15260","D_obs",6083,565,0,39
"15261","D_obs",6083,566,0,41
"15262","D_obs",6083,567,0,48
"15263","D_obs",6083,568,0,64
"15264","D_obs",6083,569,0,54
"15265","D_obs",6083,570,0,43
"15266","D_obs",6083,571,0,54
"15267","D_obs",6083,572,0,58
"15268","D_obs",6083,573,0,58
"15269","D_obs",6083,574,0,66
"15270","D_obs",6083,575,0,60
"15271","D_obs",6083,576,0,51
"15272","D_obs",6083,577,0,61
"15273","D_obs",6083,578,0,59
"15274","D_obs",6083,579,0,47
"15275","D_obs",6083,580,0,46
"15276","D_obs",6083,581,0,49
"15277","D_obs",6083,582,0,54
"15278","D_obs",6083,583,0,47
"15279","D_obs",6083,584,0,51
"15280","D_obs",6083,585,0,49
"15281","D_obs",6083,586,0,42
"15282","D_obs",6083,587,0,31
"15283","D_obs",6083,588,0,37
"15284","D_obs",6083,589,0,43
"15285","D_obs",6083,590,0,43
"15286","D_obs",6083,591,0,39
"15287","D_obs",6083,592,0,40
"15288","D_obs",6083,593,0,43
"15289","D_obs",6083,594,0,36
"15290","D_obs",6083,595,0,35
"15291","D_obs",6083,596,0,35
"15292","D_obs",6083,597,0,31
"15293","D_obs",6083,598,0,32
"15294","D_obs",6083,599,0,35
"15295","D_obs",6083,600,0,24
"15296","D_obs",6083,601,0,35
"15297","D_obs",6083,602,0,41
"15298","D_obs",6083,603,0,49
"15299","D_obs",6083,604,0,63
"15300","D_obs",6083,605,0,56
"15301","D_obs",6083,606,0,62
"15302","D_obs",6083,607,0,78
"15303","D_obs",6083,608,0,60
"15304","D_obs",6083,609,0,58
"15305","D_obs",6083,610,0,69
"15306","D_obs",6083,611,0,72
"15307","D_obs",6083,612,0,82
"15308","D_obs",6083,613,0,75
"15309","D_obs",6083,614,0,80
"15310","D_obs",6083,615,0,68
"15311","D_obs",6083,616,0,93
"15312","D_obs",6083,617,0,82
"15313","D_obs",6083,618,0,99
"15314","D_obs",6083,619,0,70
"15315","D_obs",6083,620,0,87
"15316","D_obs",6083,621,0,85
"15317","D_obs",6083,622,0,87
"15318","D_obs",6083,623,0,102
"15319","D_obs",6083,624,0,81
"15320","D_obs",6083,625,0,88
"15321","D_obs",6083,626,0,72
"15322","D_obs",6083,627,0,70
"15323","D_obs",6083,628,0,84
"15324","D_obs",6083,629,0,60
"15325","D_obs",6083,630,0,56
"15326","D_obs",6083,631,0,44
"15327","D_obs",6083,632,0,47
"15328","D_obs",6083,633,0,42
"15329","D_obs",6083,634,0,39
"15330","D_obs",6083,635,0,37
"15331","D_obs",6083,636,0,47
"15332","D_obs",6083,637,0,45
"15333","D_obs",6083,638,0,28
"15334","D_obs",6083,639,0,35
"15335","D_obs",6083,640,0,34
"15336","D_obs",6083,641,0,38
"15337","D_obs",6083,642,0,30
"15338","D_obs",6083,643,0,23
"15339","D_obs",6083,644,0,24
"15340","D_obs",6083,645,0,23
"15341","D_obs",6083,646,0,27
"15342","D_obs",6083,647,0,30
"15343","D_obs",6083,648,0,11
"15344","D_obs",6083,649,0,17
"15345","D_obs",6083,650,0,18
"15346","D_obs",6083,651,0,16
"15347","D_obs",6083,652,0,9
"15348","D_obs",6083,653,0,11
"15349","D_obs",6083,654,0,22
"15350","D_obs",6083,655,0,18
"15351","D_obs",6083,656,0,19
"15352","D_obs",6083,657,0,16
"15353","D_obs",6083,658,0,17
"15354","D_obs",6083,659,0,12
"15355","D_obs",6083,660,0,15
"15356","D_obs",6083,661,0,21
"15357","D_obs",6083,662,0,15
"15358","D_obs",6083,663,0,12
"15359","D_obs",6083,664,0,13
"15360","D_obs",6083,665,0,10
"15361","D_obs",6083,666,0,18
"15362","D_obs",6083,667,0,6
"15363","D_obs",6083,668,0,14
"15364","D_obs",6083,669,0,16
"15365","D_obs",6083,670,0,14
"15366","D_obs",6083,671,0,14
"15367","D_obs",6083,672,0,20
"15368","D_obs",6083,673,0,21
"15369","D_obs",6083,674,0,23
"15370","D_obs",6083,675,0,24
"15371","D_obs",6083,676,0,20
"15372","D_obs",6083,677,0,25
"15373","D_obs",6083,678,0,11
"15374","D_obs",6083,679,0,20
"15375","D_obs",6083,680,0,28
"15376","D_obs",6083,681,0,25
"15377","D_obs",6083,682,0,22
"15378","D_obs",6083,683,0,18
"15379","D_obs",6083,684,0,19
"15380","D_obs",6083,685,0,21
"15381","D_obs",6083,686,0,13
"15382","D_obs",6083,687,0,19
"15383","D_obs",6083,688,0,20
"15384","D_obs",6083,689,0,16
"15385","D_obs",6083,690,0,14
"15386","D_obs",6083,691,0,19
"15387","D_obs",6083,692,0,16
"15388","D_obs",6083,693,0,24
"15389","D_obs",6083,694,0,20
"15390","D_obs",6083,695,0,16
"15391","D_obs",6083,696,0,11
"15392","D_obs",6083,697,0,18
"15393","D_obs",6083,698,0,20
"15394","D_obs",6083,699,0,8
"15395","D_obs",6083,700,0,16
"15396","D_obs",6083,701,0,11
"15397","D_obs",6083,702,0,13
"15398","D_obs",6083,703,0,15
"15399","D_obs",6083,704,0,6
"15400","D_obs",6083,705,0,11
"15401","D_obs",6083,706,0,15
"15402","D_obs",6083,707,0,11
"15403","D_obs",6083,708,0,23
"15404","D_obs",6083,709,0,10
"15405","D_obs",6083,710,0,15
"15406","D_obs",6083,711,0,17
"15407","D_obs",6083,712,0,14
"15408","D_obs",6083,713,0,20
"15409","D_obs",6083,714,0,25
"15410","D_obs",6083,715,0,12
"15411","D_obs",6083,716,0,11
"15412","D_obs",6083,717,0,23
"15413","D_obs",6083,718,0,17
"15414","D_obs",6083,719,0,10
"15415","D_obs",6083,720,0,10
"15416","D_obs",6083,721,0,19
"15417","D_obs",6083,722,0,10
"15418","D_obs",6083,723,0,19
"15419","D_obs",6083,724,0,15
"15420","D_obs",6083,725,0,17
"15421","D_obs",6083,726,0,21
"15422","D_obs",6083,727,0,28
"15423","D_obs",6083,728,0,30
"15424","D_obs",6083,729,0,33
"15425","D_obs",6083,730,0,22
"15426","D_obs",6083,731,0,27
"15427","D_obs",6083,732,0,19
"15428","D_obs",6083,733,0,27
"15429","D_obs",6083,734,0,33
"15430","D_obs",6083,735,0,25
"15431","D_obs",6083,736,0,25
"15432","D_obs",6083,737,0,19
"15433","D_obs",6083,738,0,13
"15434","D_obs",6083,739,0,16
"15435","D_obs",6083,740,0,22
"15436","D_obs",6083,741,0,12
"15437","D_obs",6083,742,0,14
"15438","D_obs",6083,743,0,14
"15439","D_obs",6083,744,0,17
"15440","D_obs",6083,745,0,14
"15441","D_obs",6083,746,0,21
"15442","D_obs",6083,747,0,13
"15443","D_obs",6083,748,0,11
"15444","D_obs",6083,749,0,18
"15445","D_obs",6083,750,0,13
"15446","D_obs",6083,751,0,11
"15447","D_obs",6083,752,0,7
"15448","D_obs",6083,753,0,16
"15449","D_obs",6083,754,0,12
"15450","D_obs",6083,755,0,11
"15451","D_obs",6083,756,0,13
"15452","D_obs",6083,757,0,11
"15453","D_obs",6083,758,0,15
"15454","D_obs",6083,759,0,26
"15455","D_obs",6083,760,0,20
"15456","D_obs",6083,761,0,4
"15457","D_obs",6083,762,0,12
"15458","D_obs",6083,763,0,16
"15459","D_obs",6083,764,0,11
"15460","D_obs",6083,765,0,16
"15461","D_obs",6083,766,0,13
"15462","D_obs",6083,767,0,15
"15463","D_obs",6083,768,0,18
"15464","D_obs",6083,769,0,16
"15465","D_obs",6083,770,0,16
"15466","D_obs",6083,771,0,16
"15467","D_obs",6083,772,0,29
"15468","D_obs",6083,773,0,21
"15469","D_obs",6083,774,0,29
"15470","D_obs",6083,775,0,49
"15471","D_obs",6083,776,0,32
"15472","D_obs",6083,777,0,46
"15473","D_obs",6083,778,0,50
"15474","D_obs",6083,779,0,58
"15475","D_obs",6083,780,0,55
"15476","D_obs",6083,781,0,42
"15477","D_obs",6083,782,0,61
"15478","D_obs",6083,783,0,64
"15479","D_obs",6083,784,0,71
"15480","D_obs",6083,785,0,69
"15481","D_obs",6083,786,0,49
"15482","D_obs",6083,787,0,63
"15483","D_obs",6083,788,0,45
"15484","D_obs",6083,789,0,36
"15485","D_obs",6083,790,0,41
"15486","D_obs",6083,791,0,43
"15487","D_obs",6083,792,0,57
"15488","D_obs",6083,793,0,40
"15489","D_obs",6083,794,0,45
"15490","D_obs",6083,795,0,38
"15491","D_obs",6083,796,0,57
"15492","D_obs",6083,797,0,53
"15493","D_obs",6083,798,0,42
"15494","D_obs",6083,799,0,43
"15495","D_obs",6083,800,0,54
"15496","D_obs",6083,801,0,42
"15497","D_obs",6083,802,0,51
"15498","D_obs",6083,803,0,46
"15499","D_obs",6083,804,0,47
"15500","D_obs",6083,805,0,36
"15501","D_obs",6083,806,0,53
"15502","D_obs",6083,807,0,57
"15503","D_obs",6083,808,0,44
"15504","D_obs",6083,809,0,51
"15505","D_obs",6083,810,0,43
"15506","D_obs",6083,811,0,50
"15507","D_obs",6083,812,0,78
"15508","D_obs",6083,813,0,56
"15509","D_obs",6083,814,0,77
"15510","D_obs",6083,815,0,76
"15511","D_obs",6083,816,0,107
"15512","D_obs",6083,817,0,88
"15513","D_obs",6083,818,0,100
"15514","D_obs",6083,819,0,72
"15515","D_obs",6083,820,0,90
"15516","D_obs",6083,821,0,119
"15517","D_obs",6083,822,0,97
"15518","D_obs",6083,823,0,124
"15519","D_obs",6083,824,0,115
"15520","D_obs",6083,825,0,102
"15521","D_obs",6083,826,0,137
"15522","D_obs",6083,827,0,144
"15523","D_obs",6083,828,0,145
"15524","D_obs",6083,829,0,161
"15525","D_obs",6083,830,0,154
"15526","D_obs",6083,831,0,180
"15527","D_obs",6083,832,0,188
"15528","D_obs",6083,833,0,147
"15529","D_obs",6083,834,0,182
"15530","D_obs",6083,835,0,135
"15531","D_obs",6083,836,0,135
"15532","D_obs",6083,837,0,119
"15533","D_obs",6083,838,0,118
"15534","D_obs",6083,839,0,127
"15535","D_obs",6083,840,0,117
"15536","D_obs",6083,841,0,113
"15537","D_obs",6083,842,0,110
"15538","D_obs",6083,843,0,94
"15539","D_obs",6083,844,0,81
"15540","D_obs",6083,845,0,63
"15541","D_obs",6083,846,0,87
"15542","D_obs",6083,847,0,76
"15543","D_obs",6083,848,0,62
"15544","D_obs",6083,849,0,55
"15545","D_obs",6083,850,0,64
"15546","D_obs",6083,851,0,50
"15547","D_obs",6083,852,0,57
"15548","D_obs",6083,853,0,43
"15549","D_obs",6083,854,0,42
"15550","D_obs",6083,855,0,40
"15551","D_obs",6083,856,0,56
"15552","D_obs",6083,857,0,39
"15553","D_obs",6083,858,0,48
"15554","D_obs",6083,859,0,38
"15555","D_obs",6083,860,0,47
"15556","D_obs",6083,861,0,41
"15557","D_obs",6083,862,0,40
"15558","D_obs",6083,863,0,35
"15559","D_obs",6083,864,0,34
"15560","D_obs",6083,865,0,29
"15561","D_obs",6083,866,0,40
"15562","D_obs",6083,867,0,34
"15563","D_obs",6083,868,0,38
"15564","D_obs",6083,869,0,34
"15565","D_obs",6083,870,0,43
"15566","D_obs",6083,871,0,25
"15567","D_obs",6083,872,0,27
"15568","D_obs",6083,873,0,32
"15569","D_obs",6083,874,0,44
"15570","D_obs",6083,875,0,21
"15571","D_obs",6083,876,0,27
"15572","D_obs",6083,877,0,18
"15573","D_obs",6083,878,0,27
"15574","D_obs",6083,879,0,27
"15575","D_obs",6083,880,0,24
"15576","D_obs",6083,881,0,41
"15577","D_obs",6083,882,0,30
"15578","D_obs",6083,883,0,39
"15579","D_obs",6083,884,0,56
"15580","D_obs",6083,885,0,41
"15581","D_obs",6083,886,0,33
"15582","D_obs",6083,887,0,41
"15583","D_obs",6083,888,0,58
"15584","D_obs",6083,889,0,41
"15585","D_obs",6083,890,0,35
"15586","D_obs",6083,891,0,37
"15587","D_obs",6083,892,0,32
"15588","D_obs",6083,893,0,19
"15589","D_obs",6083,894,0,29
"15590","D_obs",6083,895,0,25
"15591","D_obs",6083,896,0,31
"15592","D_obs",6083,897,0,11
"15593","D_obs",6083,898,0,17
"15594","D_obs",6083,899,0,16
"15595","D_obs",6083,900,0,13
"15596","D_obs",6083,901,0,11
"15597","D_obs",6083,902,0,13
"15598","D_obs",6083,903,0,11
"15599","D_obs",6083,904,0,21
"15600","D_obs",6083,905,0,14
"15601","D_obs",6083,906,0,12
"15602","D_obs",6083,907,0,14
"15603","D_obs",6083,908,0,15
"15604","D_obs",6083,909,0,17
"15605","D_obs",6083,910,0,18
"15606","D_obs",6083,911,0,19
"15607","D_obs",6083,912,0,21
"15608","D_obs",6083,913,0,17
"15609","D_obs",6083,914,0,25
"15610","D_obs",6083,915,0,16
"15611","D_obs",6083,916,0,13
"15612","D_obs",6083,917,0,17
"15613","D_obs",6083,918,0,19
"15614","D_obs",6083,919,0,19
"15615","D_obs",6083,920,0,19
"15616","D_obs",6083,921,0,14
"15617","D_obs",6083,922,0,20
"15618","D_obs",6083,923,0,23
"15619","D_obs",6083,924,0,15
"15620","D_obs",6083,925,0,23
"15621","D_obs",6083,926,0,20
"15622","D_obs",6083,927,0,21
"15623","D_obs",6083,928,0,24
"15624","D_obs",6083,929,0,19
"15625","D_obs",6083,930,0,33
"15626","D_obs",6083,931,0,35
"15627","D_obs",6083,932,0,38
"15628","D_obs",6083,933,0,30
"15629","D_obs",6083,934,0,15
"15630","D_obs",6083,935,0,31
"15631","D_obs",6083,936,0,26
"15632","D_obs",6083,937,0,38
"15633","D_obs",6083,938,0,32
"15634","D_obs",6083,939,0,41
"15635","D_obs",6083,940,0,33
"15636","D_obs",6083,941,0,39
"15637","D_obs",6083,942,0,41
"15638","D_obs",6083,943,0,32
"15639","D_obs",6083,944,0,35
"15640","D_obs",6083,945,0,29
"15641","D_obs",6083,946,0,30
"15642","D_obs",6083,947,0,22
"15643","D_obs",6083,948,0,14
"15644","D_obs",6083,949,0,16
"15645","D_obs",6083,950,0,19
"15646","D_obs",6083,951,0,17
"15647","D_obs",6083,952,0,16
"15648","D_obs",6083,953,0,15
"15649","D_obs",6083,954,0,20
"15650","D_obs",6083,955,0,9
"15651","D_obs",6083,956,0,19
"15652","D_obs",6083,957,0,20
"15653","D_obs",6083,958,0,16
"15654","D_obs",6083,959,0,15
"15655","D_obs",6083,960,0,10
"15656","D_obs",6083,961,0,6
"15657","D_obs",6083,962,0,13
"15658","D_obs",6083,963,0,8
"15659","D_obs",6083,964,0,10
"15660","D_obs",6083,965,0,13
"15661","D_obs",6083,966,0,11
"15662","D_obs",6083,967,0,9
"15663","D_obs",6083,968,0,17
"15664","D_obs",6083,969,0,10
"15665","D_obs",6083,970,0,15
"15666","D_obs",6083,971,0,24
"15667","D_obs",6083,972,0,19
"15668","D_obs",6083,973,0,14
"15669","D_obs",6083,974,0,22
"15670","D_obs",6083,975,0,13
"15671","D_obs",6083,976,0,6
"15672","D_obs",6083,977,0,18
"15673","D_obs",6083,978,0,14
"15674","D_obs",6083,979,0,25
"15675","D_obs",6083,980,0,17
"15676","D_obs",6083,981,0,18
"15677","D_obs",6083,982,0,20
"15678","D_obs",6083,983,0,29
"15679","D_obs",6083,984,0,27
"15680","D_obs",6083,985,0,41
"15681","D_obs",6083,986,0,41
"15682","D_obs",6083,987,0,48
"15683","D_obs",6083,988,0,55
"15684","D_obs",6083,989,0,43
"15685","D_obs",6083,990,0,67
"15686","D_obs",6083,991,0,50
"15687","D_obs",6083,992,0,59
"15688","D_obs",6083,993,0,43
"15689","D_obs",6083,994,0,45
"15690","D_obs",6083,995,0,38
"15691","D_obs",6083,996,0,44
"15692","D_obs",6083,997,0,34
"15693","D_obs",6083,998,0,41
"15694","D_obs",6083,999,0,36
"15695","D_obs",6083,1000,0,41
"15696","D_obs",6083,1001,0,26
"15697","D_obs",6083,1002,0,29
"15698","D_obs",6083,1003,0,37
"15699","D_obs",6083,1004,0,27
"15700","D_obs",6083,1005,0,32
"15701","D_obs",6083,1006,0,30
"15702","D_obs",6083,1007,0,29
"15703","D_obs",6083,1008,0,22
"15704","D_obs",6083,1009,0,24
"15705","D_obs",6083,1010,0,18
"15706","D_obs",6083,1011,0,20
"15707","D_obs",6083,1012,0,31
"15708","D_obs",6083,1013,0,38
"15709","D_obs",6083,1014,0,35
"15710","D_obs",6083,1015,0,36
"15711","D_obs",6083,1016,0,38
"15712","D_obs",6083,1017,0,45
"15713","D_obs",6083,1018,0,37
"15714","D_obs",6083,1019,0,44
"15715","D_obs",6083,1020,0,42
"15716","D_obs",6083,1021,0,41
"15717","D_obs",6083,1022,0,63
"15718","D_obs",6083,1023,0,45
"15719","D_obs",6083,1024,0,41
"15720","D_obs",6083,1025,0,58
"15721","D_obs",6083,1026,0,33
"15722","D_obs",6083,1027,0,59
"15723","D_obs",6083,1028,0,31
"15724","D_obs",6083,1029,0,45
"15725","D_obs",6083,1030,0,54
"15726","D_obs",6083,1031,0,38
"15727","D_obs",6083,1032,0,47
"15728","D_obs",6083,1033,0,49
"15729","D_obs",6083,1034,0,51
"15730","D_obs",6083,1035,0,53
"15731","D_obs",6083,1036,0,58
"15732","D_obs",6083,1037,0,67
"15733","D_obs",6083,1038,0,83
"15734","D_obs",6083,1039,0,81
"15735","D_obs",6083,1040,0,70
"15736","D_obs",6083,1041,0,73
"15737","D_obs",6083,1042,0,92
"15738","D_obs",6083,1043,0,104
"15739","D_obs",6083,1044,0,82
"15740","D_obs",6083,1045,0,88
"15741","D_obs",6083,1046,0,59
"15742","D_obs",6083,1047,0,72
"15743","D_obs",6083,1048,0,59
"15744","D_obs",6083,1049,0,62
"15745","D_obs",6083,1050,0,60
"15746","D_obs",6083,1051,0,50
"15747","D_obs",6083,1052,0,67
"15748","D_obs",6083,1053,0,66
"15749","D_obs",6083,1054,0,63
"15750","D_obs",6083,1055,0,38
"15751","D_obs",6083,1056,0,43
"15752","D_obs",6083,1057,0,40
"15753","D_obs",6083,1058,0,48
"15754","D_obs",6083,1059,0,36
"15755","D_obs",6083,1060,0,28
"15756","D_obs",6083,1061,0,33
"15757","D_obs",6083,1062,0,38
"15758","D_obs",6083,1063,0,37
"15759","D_obs",6083,1064,0,37
"15760","D_obs",6083,1065,0,35
"15761","D_obs",6083,1066,0,37
"15762","D_obs",6083,1067,0,20
"15763","D_obs",6083,1068,0,26
"15764","D_obs",6083,1069,0,37
"15765","D_obs",6083,1070,0,40
"15766","D_obs",6083,1071,0,36
"15767","D_obs",6083,1072,0,38
"15768","D_obs",6083,1073,0,31
"15769","D_obs",6083,1074,0,34
"15770","D_obs",6083,1075,0,30
"15771","D_obs",6083,1076,0,39
"15772","D_obs",6083,1077,0,27
"15773","D_obs",6083,1078,0,31
"15774","D_obs",6083,1079,0,25
"15775","D_obs",6083,1080,0,27
"15776","D_obs",6083,1081,0,26
"15777","D_obs",6083,1082,0,23
"15778","D_obs",6083,1083,0,33
"15779","D_obs",6083,1084,0,30
"15780","D_obs",6083,1085,0,27
"15781","D_obs",6083,1086,0,18
"15782","D_obs",6083,1087,0,32
"15783","D_obs",6083,1088,0,43
"15784","D_obs",6083,1089,0,34
"15785","D_obs",6083,1090,0,48
"15786","D_obs",6083,1091,0,47
"15787","D_obs",6083,1092,0,58
"15788","D_obs",6083,1093,0,54
"15789","D_obs",6083,1094,0,46
"15790","D_obs",6083,1095,0,44
"15791","D_obs",6083,1096,0,52
"15792","D_obs",6083,1097,0,56
"15793","D_obs",6083,1098,0,50
"15794","D_obs",6083,1099,0,59
"15795","D_obs",6083,1100,0,50
"15796","D_obs",6083,1101,0,45
"15797","D_obs",6083,1102,0,33
"15798","D_obs",6083,1103,0,34
"15799","D_obs",6083,1104,0,40
"15800","D_obs",6083,1105,0,40
"15801","D_obs",6083,1106,0,45
"15802","D_obs",6083,1107,0,25
"15803","D_obs",6083,1108,0,35
"15804","D_obs",6083,1109,0,32
"15805","D_obs",6083,1110,0,28
"15806","D_obs",6083,1111,0,35
"15807","D_obs",6083,1112,0,29
"15808","D_obs",6083,1113,0,31
"15809","D_obs",6083,1114,0,30
"15810","D_obs",6083,1115,0,22
"15811","D_obs",6083,1116,0,33
"15812","D_obs",6083,1117,0,32
"15813","D_obs",6083,1118,0,36
"15814","D_obs",6083,1119,0,39
"15815","D_obs",6083,1120,0,42
"15816","D_obs",6083,1121,0,64
"15817","D_obs",6083,1122,0,67
"15818","D_obs",6083,1123,0,49
"15819","D_obs",6083,1124,0,66
"15820","D_obs",6083,1125,0,62
"15821","D_obs",6083,1126,0,72
"15822","D_obs",6083,1127,0,68
"15823","D_obs",6083,1128,0,47
"15824","D_obs",6083,1129,0,63
"15825","D_obs",6083,1130,0,72
"15826","D_obs",6083,1131,0,55
"15827","D_obs",6083,1132,0,57
"15828","D_obs",6083,1133,0,80
"15829","D_obs",6083,1134,0,70
"15830","D_obs",6083,1135,0,64
"15831","D_obs",6083,1136,0,86
"15832","D_obs",6083,1137,0,62
"15833","D_obs",6083,1138,0,87
"15834","D_obs",6083,1139,0,71
"15835","D_obs",6083,1140,0,77
"15836","D_obs",6083,1141,0,91
"15837","D_obs",6083,1142,0,90
"15838","D_obs",6083,1143,0,88
"15839","D_obs",6083,1144,0,105
"15840","D_obs",6083,1145,0,112
"15841","D_obs",6083,1146,0,103
"15842","D_obs",6083,1147,0,93
"15843","D_obs",6083,1148,0,113
"15844","D_obs",6083,1149,0,101
"15845","D_obs",6083,1150,0,106
"15846","D_obs",6083,1151,0,118
"15847","D_obs",6083,1152,0,90
"15848","D_obs",6083,1153,0,100
"15849","D_obs",6083,1154,0,95
"15850","D_obs",6083,1155,0,79
"15851","D_obs",6083,1156,0,82
"15852","D_obs",6083,1157,0,85
"15853","D_obs",6083,1158,0,63
"15854","D_obs",6083,1159,0,80
"15855","D_obs",6083,1160,0,75
"15856","D_obs",6083,1161,0,64
"15857","D_obs",6083,1162,0,54
"15858","D_obs",6083,1163,0,49
"15859","D_obs",6083,1164,0,47
"15860","D_obs",6083,1165,0,36
"15861","D_obs",6083,1166,0,40
"15862","D_obs",6083,1167,0,35
"15863","D_obs",6083,1168,0,35
"15864","D_obs",6083,1169,0,42
"15865","D_obs",6083,1170,0,51
"15866","D_obs",6083,1171,0,42
"15867","D_obs",6083,1172,0,46
"15868","D_obs",6083,1173,0,45
"15869","D_obs",6083,1174,0,38
"15870","D_obs",6083,1175,0,35
"15871","D_obs",6083,1176,0,41
"15872","D_obs",6083,1177,0,52
"15873","D_obs",6083,1178,0,48
"15874","D_obs",6083,1179,0,53
"15875","D_obs",6083,1180,0,45
"15876","D_obs",6083,1181,0,54
"15877","D_obs",6083,1182,0,39
"15878","D_obs",6083,1183,0,56
"15879","D_obs",6083,1184,0,44
"15880","D_obs",6083,1185,0,35
"15881","D_obs",6083,1186,0,38
"15882","D_obs",6083,1187,0,37
"15883","D_obs",6083,1188,0,33
"15884","D_obs",6083,1189,0,34
"15885","D_obs",6083,1190,0,39
"15886","D_obs",6083,1191,0,43
"15887","D_obs",6083,1192,0,42
"15888","D_obs",6083,1193,0,38
"15889","D_obs",6083,1194,0,50
"15890","D_obs",6083,1195,0,45
"15891","D_obs",6083,1196,0,63
"15892","D_obs",6083,1197,0,50
"15893","D_obs",6083,1198,0,76
"15894","D_obs",6083,1199,0,58
"15895","D_obs",6083,1200,0,70
"15896","D_obs",6083,1201,0,61
"15897","D_obs",6083,1202,0,65
"15898","D_obs",6083,1203,0,73
"15899","D_obs",6083,1204,0,62
"15900","D_obs",6083,1205,0,53
"15901","D_obs",6083,1206,0,48
"15902","D_obs",6083,1207,0,45
"15903","D_obs",6083,1208,0,50
"15904","D_obs",6083,1209,0,35
"15905","D_obs",6083,1210,0,32
"15906","D_obs",6083,1211,0,35
"15907","D_obs",6083,1212,0,43
"15908","D_obs",6083,1213,0,33
"15909","D_obs",6083,1214,0,31
"15910","D_obs",6083,1215,0,23
"15911","D_obs",6083,1216,0,28
"15912","D_obs",6083,1217,0,24
"15913","D_obs",6083,1218,0,24
"15914","D_obs",6083,1219,0,32
"15915","D_obs",6083,1220,0,26
"15916","D_obs",6083,1221,0,28
"15917","D_obs",6083,1222,0,35
"15918","D_obs",6083,1223,0,29
"15919","D_obs",6083,1224,0,27
"15920","D_obs",6083,1225,0,22
"15921","D_obs",6083,1226,0,27
"15922","D_obs",6083,1227,0,35
"15923","D_obs",6083,1228,0,33
"15924","D_obs",6083,1229,0,33
"15925","D_obs",6083,1230,0,40
"15926","D_obs",6083,1231,0,42
"15927","D_obs",6083,1232,0,33
"15928","D_obs",6083,1233,0,26
"15929","D_obs",6083,1234,0,30
"15930","D_obs",6083,1235,0,27
"15931","D_obs",6083,1236,0,25
"15932","D_obs",6083,1237,0,32
"15933","D_obs",6083,1238,0,19
"15934","D_obs",6083,1239,0,37
"15935","D_obs",6083,1240,0,35
"15936","D_obs",6083,1241,0,31
"15937","D_obs",6083,1242,0,26
"15938","D_obs",6083,1243,0,31
"15939","D_obs",6083,1244,0,29
"15940","D_obs",6083,1245,0,51
"15941","D_obs",6083,1246,0,39
"15942","D_obs",6083,1247,0,51
"15943","D_obs",6083,1248,0,47
"15944","D_obs",6083,1249,0,46
"15945","D_obs",6083,1250,0,49
"15946","D_obs",6083,1251,0,38
"15947","D_obs",6083,1252,0,40
"15948","D_obs",6083,1253,0,56
"15949","D_obs",6083,1254,0,41
"15950","D_obs",6083,1255,0,42
"15951","D_obs",6083,1256,0,38
"15952","D_obs",6083,1257,0,45
"15953","D_obs",6083,1258,0,46
"15954","D_obs",6083,1259,0,42
"15955","D_obs",6083,1260,0,26
"15956","D_obs",6083,1261,0,29
"15957","D_obs",6083,1262,0,36
"15958","D_obs",6083,1263,0,37
"15959","D_obs",6083,1264,0,31
"15960","D_obs",6083,1265,0,29
"15961","D_obs",6083,1266,0,25
"15962","D_obs",6083,1267,0,30
"15963","D_obs",6083,1268,0,23
"15964","D_obs",6083,1269,0,19
"15965","D_obs",6083,1270,0,22
"15966","D_obs",6083,1271,0,24
"15967","D_obs",6083,1272,0,28
"15968","D_obs",6083,1273,0,20
"15969","D_obs",6083,1274,0,12
"15970","D_obs",6083,1275,0,23
"15971","D_obs",6083,1276,0,26
"15972","D_obs",6083,1277,0,20
"15973","D_obs",6083,1278,0,17
"15974","D_obs",6083,1279,0,27
"15975","D_obs",6083,1280,0,14
"15976","D_obs",6083,1281,0,12
"15977","D_obs",6083,1282,0,16
"15978","D_obs",6083,1283,0,18
"15979","D_obs",6083,1284,0,14
"15980","D_obs",6083,1285,0,20
"15981","D_obs",6083,1286,0,22
"15982","D_obs",6083,1287,0,19
"15983","D_obs",6083,1288,0,20
"15984","D_obs",6083,1289,0,17
"15985","D_obs",6083,1290,0,13
"15986","D_obs",6083,1291,0,20
"15987","D_obs",6083,1292,0,32
"15988","D_obs",6083,1293,0,16
"15989","D_obs",6083,1294,0,40
"15990","D_obs",6083,1295,0,28
"15991","D_obs",6083,1296,0,27
"15992","D_obs",6083,1297,0,44
"15993","D_obs",6083,1298,0,39
"15994","D_obs",6083,1299,0,34
"15995","D_obs",6083,1300,0,35
"15996","D_obs",6083,1301,0,52
"15997","D_obs",6083,1302,0,49
"15998","D_obs",6083,1303,0,52
"15999","D_obs",6083,1304,0,53
"16000","D_obs",6083,1305,0,52
"16001","D_obs",6083,1306,0,56
"16002","D_obs",6083,1307,0,50
"16003","D_obs",6083,1308,0,43
"16004","D_obs",6083,1309,0,44
"16005","D_obs",6083,1310,0,55
"16006","D_obs",6083,1311,0,48
"16007","D_obs",6083,1312,0,30
"16008","D_obs",6083,1313,0,25
"16009","D_obs",6083,1314,0,36
"16010","D_obs",6083,1315,0,39
"16011","D_obs",6083,1316,0,33
"16012","D_obs",6083,1317,0,42
"16013","D_obs",6083,1318,0,31
"16014","D_obs",6083,1319,0,27
"16015","D_obs",6083,1320,0,39
"16016","D_obs",6083,1321,0,53
"16017","D_obs",6083,1322,0,37
"16018","D_obs",6083,1323,0,41
"16019","D_obs",6083,1324,0,40
"16020","D_obs",6083,1325,0,29
"16021","D_obs",6083,1326,0,26
"16022","D_obs",6083,1327,0,33
"16023","D_obs",6083,1328,0,37
"16024","D_obs",6083,1329,0,40
"16025","D_obs",6083,1330,0,32
"16026","D_obs",6083,1331,0,38
"16027","D_obs",6083,1332,0,36
"16028","D_obs",6083,1333,0,48
"16029","D_obs",6083,1334,0,50
"16030","D_obs",6083,1335,0,46
"16031","D_obs",6083,1336,0,47
"16032","D_obs",6083,1337,0,55
"16033","D_obs",6083,1338,0,65
"16034","D_obs",6083,1339,0,61
"16035","D_obs",6083,1340,0,64
"16036","D_obs",6083,1341,0,73
"16037","D_obs",6083,1342,0,58
"16038","D_obs",6083,1343,0,78
"16039","D_obs",6083,1344,0,86
"16040","D_obs",6083,1345,0,85
"16041","D_obs",6083,1346,0,105
"16042","D_obs",6083,1347,0,92
"16043","D_obs",6083,1348,0,110
"16044","D_obs",6083,1349,0,115
"16045","D_obs",6083,1350,0,118
"16046","D_obs",6083,1351,0,125
"16047","D_obs",6083,1352,0,134
"16048","D_obs",6083,1353,0,145
"16049","D_obs",6083,1354,0,160
"16050","D_obs",6083,1355,0,156
"16051","D_obs",6083,1356,0,156
"16052","D_obs",6083,1357,0,138
"16053","D_obs",6083,1358,0,145
"16054","D_obs",6083,1359,0,133
"16055","D_obs",6083,1360,0,163
"16056","D_obs",6083,1361,0,128
"16057","D_obs",6083,1362,0,137
"16058","D_obs",6083,1363,0,112
"16059","D_obs",6083,1364,0,106
"16060","D_obs",6083,1365,0,135
"16061","D_obs",6083,1366,0,119
"16062","D_obs",6083,1367,0,102
"16063","D_obs",6083,1368,0,111
"16064","D_obs",6083,1369,0,113
"16065","D_obs",6083,1370,0,92
"16066","D_obs",6083,1371,0,70
"16067","D_obs",6083,1372,0,69
"16068","D_obs",6083,1373,0,17
"16069","D_obs",6083,1374,0,50
"16070","D_obs",6083,1375,0,60
"16071","D_obs",6083,1376,0,66
"16072","D_obs",6083,1377,0,63
"16073","D_obs",6083,1378,0,56
"16074","D_obs",6083,1379,0,58
"16075","D_obs",6083,1380,0,42
"16076","D_obs",6083,1381,0,64
"16077","D_obs",6083,1382,0,57
"16078","D_obs",6083,1383,0,55
"16079","D_obs",6083,1384,0,47
"16080","D_obs",6083,1385,0,39
"16081","D_obs",6083,1386,0,50
"16082","D_obs",6083,1387,0,42
"16083","D_obs",6083,1388,0,43
"16084","D_obs",6083,1389,0,43
"16085","D_obs",6083,1390,0,39
"16086","D_obs",6083,1391,0,42
"16087","D_obs",6083,1392,0,38
"16088","D_obs",6083,1393,0,37
"16089","D_obs",6083,1394,0,48
"16090","D_obs",6083,1395,0,36
"16091","D_obs",6083,1396,0,63
"16092","D_obs",6083,1397,0,49
"16093","D_obs",6083,1398,0,51
"16094","D_obs",6083,1399,0,78
"16095","D_obs",6083,1400,0,55
"16096","D_obs",6083,1401,0,68
"16097","D_obs",6083,1402,0,92
"16098","D_obs",6083,1403,0,83
"16099","D_obs",6083,1404,0,80
"16100","D_obs",6083,1405,0,95
"16101","D_obs",6083,1406,0,87
"16102","D_obs",6083,1407,0,85
"16103","D_obs",6083,1408,0,91
"16104","D_obs",6083,1409,0,89
"16105","D_obs",6083,1410,0,98
"16106","D_obs",6083,1411,0,96
"16107","D_obs",6083,1412,0,84
"16108","D_obs",6083,1413,0,87
"16109","D_obs",6083,1414,0,82
"16110","D_obs",6083,1415,0,83
"16111","D_obs",6083,1416,0,85
"16112","D_obs",6083,1417,0,85
"16113","D_obs",6083,1418,0,68
"16114","D_obs",6083,1419,0,69
"16115","D_obs",6083,1420,0,48
"16116","D_obs",6083,1421,0,33
"16117","D_obs",6083,1422,0,39
"16118","D_obs",6083,1423,0,47
"16119","D_obs",6083,1424,0,40
"16120","D_obs",6083,1425,0,33
"16121","D_obs",6083,1426,0,37
"16122","D_obs",6083,1427,0,51
"16123","D_obs",6083,1428,0,33
"16124","D_obs",6083,1429,0,28
"16125","D_obs",6083,1430,0,49
"16126","D_obs",6083,1431,0,26
"16127","D_obs",6083,1432,0,20
"16128","D_obs",6083,1433,0,26
"16129","D_obs",6083,1434,0,33
"16130","D_obs",6083,1435,0,35
"16131","D_obs",6083,1436,0,23
"16132","D_obs",6083,1437,0,30
"16133","D_obs",6083,1438,0,26
"16134","D_obs",6083,1439,0,27
"16135","D_obs",6083,1440,0,22
"16136","D_obs",6083,1441,0,28
"16137","D_obs",6083,1442,0,35
"16138","D_obs",6083,1443,0,23
"16139","D_obs",6083,1444,0,33
"16140","D_obs",6083,1445,0,29
"16141","D_obs",6083,1446,0,32
"16142","D_obs",6083,1447,0,31
"16143","D_obs",6083,1448,0,36
"16144","D_obs",6083,1449,0,37
"16145","D_obs",6083,1450,0,37
"16146","D_obs",6083,1451,0,34
"16147","D_obs",6083,1452,0,37
"16148","D_obs",6083,1453,0,39
"16149","D_obs",6083,1454,0,36
"16150","D_obs",6083,1455,0,44
"16151","D_obs",6083,1456,0,46
"16152","D_obs",6083,1457,0,52
"16153","D_obs",6083,1458,0,48
"16154","D_obs",6083,1459,0,49
"16155","D_obs",6083,1460,0,54
"16156","D_obs",6083,1461,0,47
"16157","D_obs",6083,1462,0,47
"16158","D_obs",6083,1463,0,38
"16159","D_obs",6083,1464,0,40
"16160","D_obs",6083,1465,0,45
"16161","D_obs",6083,1466,0,50
"16162","D_obs",6083,1467,0,52
"16163","D_obs",6083,1468,0,35
"16164","D_obs",6083,1469,0,45
"16165","D_obs",6083,1470,0,75
"16166","D_obs",6083,1471,0,54
"16167","D_obs",6083,1472,0,27
"16168","D_obs",6083,1473,0,34
"16169","D_obs",6083,1474,0,21
"16170","D_obs",6083,1475,0,22
"16171","D_obs",6083,1476,0,29
"16172","D_obs",6083,1477,0,36
"16173","D_obs",6083,1478,0,31
"16174","D_obs",6083,1479,0,37
"16175","D_obs",6083,1480,0,27
"16176","D_obs",6083,1481,0,34
"16177","D_obs",6083,1482,0,22
"16178","D_obs",6083,1483,0,19
"16179","D_obs",6083,1484,0,20
"16180","D_obs",6083,1485,0,22
"16181","D_obs",6083,1486,0,24
"16182","D_obs",6083,1487,0,25
"16183","D_obs",6083,1488,0,25
"16184","D_obs",6083,1489,0,21
"16185","D_obs",6083,1490,0,31
"16186","D_obs",6083,1491,0,29
"16187","D_obs",6083,1492,0,31
"16188","D_obs",6083,1493,0,28
"16189","D_obs",6083,1494,0,24
"16190","D_obs",6083,1495,0,27
"16191","D_obs",6083,1496,0,25
"16192","D_obs",6083,1497,0,30
"16193","D_obs",6083,1498,0,27
"16194","D_obs",6083,1499,0,20
"16195","D_obs",6083,1500,0,30
"16196","D_obs",6083,1501,0,22
"16197","D_obs",6083,1502,0,42
"16198","D_obs",6083,1503,0,41
"16199","D_obs",6083,1504,0,34
"16200","D_obs",6083,1505,0,48
"16201","D_obs",6083,1506,0,48
"16202","D_obs",6083,1507,0,45
"16203","D_obs",6083,1508,0,55
"16204","D_obs",6083,1509,0,99
"16205","D_obs",6083,1510,0,60
"16206","D_obs",6083,1511,0,87
"16207","D_obs",6083,1512,0,96
"16208","D_obs",6083,1513,0,94
"16209","D_obs",6083,1514,0,111
"16210","D_obs",6083,1515,0,101
"16211","D_obs",6083,1516,0,117
"16212","D_obs",6083,1517,0,81
"16213","D_obs",6083,1518,0,70
"16214","D_obs",6083,1519,0,78
"16215","D_obs",6083,1520,0,82
"16216","D_obs",6083,1521,0,69
"16217","D_obs",6083,1522,0,86
"16218","D_obs",6083,1523,0,100
"16219","D_obs",6083,1524,0,57
"16220","D_obs",6083,1525,0,60
"16221","D_obs",6083,1526,0,70
"16222","D_obs",6083,1527,0,83
"16223","D_obs",6083,1528,0,50
"16224","D_obs",6083,1529,0,60
"16225","D_obs",6083,1530,0,61
"16226","D_obs",6083,1531,0,41
"16227","D_obs",6083,1532,0,49
"16228","D_obs",6083,1533,0,50
"16229","D_obs",6083,1534,0,43
"16230","D_obs",6083,1535,0,66
"16231","D_obs",6083,1536,0,54
"16232","D_obs",6083,1537,0,75
"16233","D_obs",6083,1538,0,65
"16234","D_obs",6083,1539,0,53
"16235","D_obs",6083,1540,0,39
"16236","D_obs",6083,1541,0,58
"16237","D_obs",6083,1542,0,57
"16238","D_obs",6083,1543,0,41
"16239","D_obs",6083,1544,0,37
"16240","D_obs",6083,1545,0,39
"16241","D_obs",6083,1546,0,44
"16242","D_obs",6083,1547,0,49
"16243","D_obs",6083,1548,0,52
"16244","D_obs",6083,1549,0,48
"16245","D_obs",6083,1550,0,55
"16246","D_obs",6083,1551,0,48
"16247","D_obs",6083,1552,0,59
"16248","D_obs",6083,1553,0,72
"16249","D_obs",6083,1554,0,58
"16250","D_obs",6083,1555,0,68
"16251","D_obs",6083,1556,0,50
"16252","D_obs",6083,1557,0,77
"16253","D_obs",6083,1558,0,85
"16254","D_obs",6083,1559,0,85
"16255","D_obs",6083,1560,0,84
"16256","D_obs",6083,1561,0,88
"16257","D_obs",6083,1562,0,96
"16258","D_obs",6083,1563,0,75
"16259","D_obs",6083,1564,0,104
"16260","D_obs",6083,1565,0,94
"16261","D_obs",6083,1566,0,89
"16262","D_obs",6083,1567,0,100
"16263","D_obs",6083,1568,0,106
"16264","D_obs",6083,1569,0,95
"16265","D_obs",6083,1570,0,88
"16266","D_obs",6083,1571,0,84
"16267","D_obs",6083,1572,0,69
"16268","D_obs",6083,1573,0,77
"16269","D_obs",6083,1574,0,81
"16270","D_obs",6083,1575,0,95
"16271","D_obs",6083,1576,0,81
"16272","D_obs",6083,1577,0,63
"16273","D_obs",6083,1578,0,49
"16274","D_obs",6083,1579,0,61
"16275","D_obs",6083,1580,0,69
"16276","D_obs",6083,1581,0,60
"16277","D_obs",6083,1582,0,68
"16278","D_obs",6083,1583,0,67
"16279","D_obs",6083,1584,0,66
"16280","D_obs",6083,1585,0,76
"16281","D_obs",6083,1586,0,65
"16282","D_obs",6083,1587,0,80
"16283","D_obs",6083,1588,0,86
"16284","D_obs",6083,1589,0,86
"16285","D_obs",6083,1590,0,65
"16286","D_obs",6083,1591,0,74
"16287","D_obs",6083,1592,0,73
"16288","D_obs",6083,1593,0,89
"16289","D_obs",6083,1594,0,94
"16290","D_obs",6083,1595,0,78
"16291","D_obs",6083,1596,0,72
"16292","D_obs",6083,1597,0,72
"16293","D_obs",6083,1598,0,97
"16294","D_obs",6083,1599,0,89
"16295","D_obs",6083,1600,0,73
"16296","D_obs",6083,1601,0,113
"16297","D_obs",6083,1602,0,87
"16298","D_obs",6083,1603,0,110
"16299","D_obs",6083,1604,0,122
"16300","D_obs",6083,1605,0,115
"16301","D_obs",6083,1606,0,118
"16302","D_obs",6083,1607,0,125
"16303","D_obs",6083,1608,0,127
"16304","D_obs",6083,1609,0,127
"16305","D_obs",6083,1610,0,124
"16306","D_obs",6083,1611,0,130
"16307","D_obs",6083,1612,0,148
"16308","D_obs",6083,1613,0,154
"16309","D_obs",6083,1614,0,146
"16310","D_obs",6083,1615,0,114
"16311","D_obs",6083,1616,0,136
"16312","D_obs",6083,1617,0,120
"16313","D_obs",6083,1618,0,125
"16314","D_obs",6083,1619,0,121
"16315","D_obs",6083,1620,0,119
"16316","D_obs",6083,1621,0,112
"16317","D_obs",6083,1622,0,88
"16318","D_obs",6083,1623,0,114
"16319","D_obs",6083,1624,0,101
"16320","D_obs",6083,1625,0,78
"16321","D_obs",6083,1626,0,93
"16322","D_obs",6083,1627,0,83
"16323","D_obs",6083,1628,0,98
"16324","D_obs",6083,1629,0,73
"16325","D_obs",6083,1630,0,53
"16326","D_obs",6083,1631,0,58
"16327","D_obs",6083,1632,0,55
"16328","D_obs",6083,1633,0,55
"16329","D_obs",6083,1634,0,57
"16330","D_obs",6083,1635,0,65
"16331","D_obs",6083,1636,0,44
"16332","D_obs",6083,1637,0,41
"16333","D_obs",6083,1638,0,37
"16334","D_obs",6083,1639,0,47
"16335","D_obs",6083,1640,0,48
"16336","D_obs",6083,1641,0,44
"16337","D_obs",6083,1642,0,50
"16338","D_obs",6083,1643,0,45
"16339","D_obs",6083,1644,0,40
"16340","D_obs",6083,1645,0,51
"16341","D_obs",6083,1646,0,52
"16342","D_obs",6083,1647,0,38
"16343","D_obs",6083,1648,0,52
"16344","D_obs",6083,1649,0,47
"16345","D_obs",6083,1650,0,36
"16346","D_obs",6083,1651,0,36
"16347","D_obs",6083,1652,0,54
"16348","D_obs",6083,1653,0,56
"16349","D_obs",6083,1654,0,58
"16350","D_obs",6083,1655,0,53
"16351","D_obs",6083,1656,0,63
"16352","D_obs",6083,1657,0,58
"16353","D_obs",6083,1658,0,46
"16354","D_obs",6083,1659,0,38
"16355","D_obs",6083,1660,0,59
"16356","D_obs",6083,1661,0,62
"16357","D_obs",6083,1662,0,73
"16358","D_obs",6083,1663,0,72
"16359","D_obs",6083,1664,0,72
"16360","D_obs",6083,1665,0,95
"16361","D_obs",6083,1666,0,80
"16362","D_obs",6083,1667,0,88
"16363","D_obs",6083,1668,0,100
"16364","D_obs",6083,1669,0,95
"16365","D_obs",6083,1670,0,110
"16366","D_obs",6083,1671,0,81
"16367","D_obs",6083,1672,0,85
"16368","D_obs",6083,1673,0,90
"16369","D_obs",6083,1674,0,101
"16370","D_obs",6083,1675,0,69
"16371","D_obs",6083,1676,0,83
"16372","D_obs",6083,1677,0,60
"16373","D_obs",6083,1678,0,53
"16374","D_obs",6083,1679,0,56
"16375","D_obs",6083,1680,0,55
"16376","D_obs",6083,1681,0,52
"16377","D_obs",6083,1682,0,57
"16378","D_obs",6083,1683,0,46
"16379","D_obs",6083,1684,0,45
"16380","D_obs",6083,1685,0,52
"16381","D_obs",6083,1686,0,34
"16382","D_obs",6083,1687,0,33
"16383","D_obs",6083,1688,0,41
"16384","D_obs",6083,1689,0,27
"16385","D_obs",6083,1690,0,34
"16386","D_obs",6083,1691,0,34
"16387","D_obs",6083,1692,0,26
"16388","D_obs",6083,1693,0,33
"16389","D_obs",6083,1694,0,29
"16390","D_obs",6083,1695,0,21
"16391","D_obs",6083,1696,0,24
"16392","D_obs",6083,1697,0,22
"16393","D_obs",6083,1698,0,24
"16394","D_obs",6083,1699,0,34
"16395","D_obs",6083,1700,0,25
"16396","D_obs",6083,1701,0,31
"16397","D_obs",6083,1702,0,27
"16398","D_obs",6083,1703,0,42
"16399","D_obs",6083,1704,0,47
"16400","D_obs",6083,1705,0,40
"16401","D_obs",6083,1706,0,37
"16402","D_obs",6083,1707,0,29
"16403","D_obs",6083,1708,0,38
"16404","D_obs",6083,1709,0,23
"16405","D_obs",6083,1710,0,47
"16406","D_obs",6083,1711,0,29
"16407","D_obs",6083,1712,0,47
"16408","D_obs",6083,1713,0,39
"16409","D_obs",6083,1714,0,52
"16410","D_obs",6083,1715,0,43
"16411","D_obs",6083,1716,0,41
"16412","D_obs",6083,1717,0,51
"16413","D_obs",6083,1718,0,58
"16414","D_obs",6083,1719,0,59
"16415","D_obs",6083,1720,0,53
"16416","D_obs",6083,1721,0,60
"16417","D_obs",6083,1722,0,59
"16418","D_obs",6083,1723,0,62
"16419","D_obs",6083,1724,0,55
"16420","D_obs",6083,1725,0,55
"16421","D_obs",6083,1726,0,53
"16422","D_obs",6083,1727,0,63
"16423","D_obs",6083,1728,0,48
"16424","D_obs",6083,1729,0,43
"16425","D_obs",6083,1730,0,46
"16426","D_obs",6083,1731,0,34
"16427","D_obs",6083,1732,0,32
"16428","D_obs",6083,1733,0,38
"16429","D_obs",6083,1734,0,37
"16430","D_obs",6083,1735,0,40
"16431","D_obs",6083,1736,0,37
"16432","D_obs",6083,1737,0,36
"16433","D_obs",6083,1738,0,37
"16434","D_obs",6083,1739,0,35
"16435","D_obs",6083,1740,0,54
"16436","D_obs",6083,1741,0,33
"16437","D_obs",6083,1742,0,25
"16438","D_obs",6083,1743,0,30
"16439","D_obs",6083,1744,0,21
"16440","D_obs",6083,1745,0,27
"16441","D_obs",6083,1746,0,27
"16442","D_obs",6083,1747,0,17
"16443","D_obs",6083,1748,0,31
"16444","D_obs",6083,1749,0,30
"16445","D_obs",6083,1750,0,30
"16446","D_obs",6083,1751,0,19
"16447","D_obs",6083,1752,0,48
"16448","D_obs",6083,1753,0,43
"16449","D_obs",6083,1754,0,31
"16450","D_obs",6083,1755,0,39
"16451","D_obs",6083,1756,0,34
"16452","D_obs",6083,1757,0,39
"16453","D_obs",6083,1758,0,44
"16454","D_obs",6083,1759,0,22
"16455","D_obs",6083,1760,0,30
"16456","D_obs",6083,1761,0,34
"16457","D_obs",6083,1762,0,31
"16458","D_obs",6083,1763,0,37
"16459","D_obs",6083,1764,0,39
"16460","D_obs",6083,1765,0,27
"16461","D_obs",6083,1766,0,43
"16462","D_obs",6083,1767,0,42
"16463","D_obs",6083,1768,0,42
"16464","D_obs",6083,1769,0,59
"16465","D_obs",6083,1770,0,51
"16466","D_obs",6083,1771,0,36
"16467","D_obs",6083,1772,0,40
"16468","D_obs",6083,1773,0,46
"16469","D_obs",6083,1774,0,45
"16470","D_obs",6083,1775,0,30
"16471","D_obs",6083,1776,0,45
"16472","D_obs",6083,1777,0,42
"16473","D_obs",6083,1778,0,38
"16474","D_obs",6083,1779,0,54
"16475","D_obs",6083,1780,0,38
"16476","D_obs",6083,1781,0,30
"16477","D_obs",6083,1782,0,41
"16478","D_obs",6083,1783,0,35
"16479","D_obs",6083,1784,0,33
"16480","D_obs",6083,1785,0,45
"16481","D_obs",6083,1786,0,36
"16482","D_obs",6083,1787,0,22
"16483","D_obs",6083,1788,0,22
"16484","D_obs",6083,1789,0,20
"16485","D_obs",6083,1790,0,20
"16486","D_obs",6083,1791,0,23
"16487","D_obs",6083,1792,0,27
"16488","D_obs",6083,1793,0,13
"16489","D_obs",6083,1794,0,25
"16490","D_obs",6083,1795,0,18
"16491","D_obs",6083,1796,0,15
"16492","D_obs",6083,1797,0,25
"16493","D_obs",6083,1798,0,19
"16494","D_obs",6083,1799,0,19
"16495","D_obs",6083,1800,0,19
"16496","D_obs",6083,1801,0,24
"16497","D_obs",6083,1802,0,12
"16498","D_obs",6083,1803,0,16
"16499","D_obs",6083,1804,0,18
"16500","D_obs",6083,1805,0,18
"16501","D_obs",6083,1806,0,16
"16502","D_obs",6083,1807,0,18
"16503","D_obs",6083,1808,0,29
"16504","D_obs",6083,1809,0,19
"16505","D_obs",6083,1810,0,23
"16506","D_obs",6083,1811,0,34
"16507","D_obs",6083,1812,0,30
"16508","D_obs",6083,1813,0,22
"16509","D_obs",6083,1814,0,20
"16510","D_obs",6083,1815,0,35
"16511","D_obs",6083,1816,0,19
"16512","D_obs",6083,1817,0,26
"16513","D_obs",6083,1818,0,29
"16514","D_obs",6083,1819,0,38
"16515","D_obs",6083,1820,0,34
"16516","D_obs",6083,1821,0,32
"16517","D_obs",6083,1822,0,30
"16518","D_obs",6083,1823,0,38
"16519","D_obs",6083,1824,0,39
"16520","D_obs",6083,1825,0,36
"16521","D_obs",6083,1826,0,54
"16522","D_obs",6083,1827,0,39
"16523","D_obs",6083,1828,0,37
"16524","D_obs",6083,1829,0,32
"16525","D_obs",6083,1830,0,44
"16526","D_obs",6083,1831,0,32
"16527","D_obs",6083,1832,0,31
"16528","D_obs",6083,1833,0,48
"16529","D_obs",6083,1834,0,30
"16530","D_obs",6083,1835,0,43
"16531","D_obs",6083,1836,0,49
"16532","D_obs",6083,1837,0,36
"16533","D_obs",6083,1838,0,22
"16534","D_obs",6083,1839,0,31
"16535","D_obs",6083,1840,0,27
"16536","D_obs",6083,1841,0,36
"16537","D_obs",6083,1842,0,30
"16538","D_obs",6083,1843,0,23
"16539","D_obs",6083,1844,0,16
"16540","D_obs",6083,1845,0,12
"16541","D_obs",6083,1846,0,20
"16542","D_obs",6083,1847,0,23
"16543","D_obs",6083,1848,0,12
"16544","D_obs",6083,1849,0,16
"16545","D_obs",6083,1850,0,22
"16546","D_obs",6083,1851,0,27
"16547","D_obs",6083,1852,0,29
"16548","D_obs",6083,1853,0,28
"16549","D_obs",6083,1854,0,31
"16550","D_obs",6083,1855,0,35
"16551","D_obs",6083,1856,0,29
"16552","D_obs",6083,1857,0,41
"16553","D_obs",6083,1858,0,22
"16554","D_obs",6083,1859,0,32
"16555","D_obs",6083,1860,0,28
"16556","D_obs",6083,1861,0,36
"16557","D_obs",6083,1862,0,39
"16558","D_obs",6083,1863,0,64
"16559","D_obs",6083,1864,0,47
"16560","D_obs",6083,1865,0,47
"16561","D_obs",6083,1866,0,50
"16562","D_obs",6083,1867,0,54
"16563","D_obs",6083,1868,0,49
"16564","D_obs",6083,1869,0,57
"16565","D_obs",6083,1870,0,63
"16566","D_obs",6083,1871,0,57
"16567","D_obs",6083,1872,0,74
"16568","D_obs",6083,1873,0,101
"16569","D_obs",6083,1874,0,99
"16570","D_obs",6083,1875,0,109
"16571","D_obs",6083,1876,0,124
"16572","D_obs",6083,1877,0,105
"16573","D_obs",6083,1878,0,109
"16574","D_obs",6083,1879,0,119
"16575","D_obs",6083,1880,0,116
"16576","D_obs",6083,1881,0,118
"16577","D_obs",6083,1882,0,99
"16578","D_obs",6083,1883,0,107
"16579","D_obs",6083,1884,0,108
"16580","D_obs",6083,1885,0,100
"16581","D_obs",6083,1886,0,67
"16582","D_obs",6083,1887,0,83
"16583","D_obs",6083,1888,0,69
"16584","D_obs",6083,1889,0,64
"16585","D_obs",6083,1890,0,64
"16586","D_obs",6083,1891,0,53
"16587","D_obs",6083,1892,0,45
"16588","D_obs",6083,1893,0,56
"16589","D_obs",6083,1894,0,39
"16590","D_obs",6083,1895,0,43
"16591","D_obs",6083,1896,0,56
"16592","D_obs",6083,1897,0,39
"16593","D_obs",6083,1898,0,33
"16594","D_obs",6083,1899,0,43
"16595","D_obs",6083,1900,0,44
"16596","D_obs",6083,1901,0,39
"16597","D_obs",6083,1902,0,41
"16598","D_obs",6083,1903,0,38
"16599","D_obs",6083,1904,0,42
"16600","D_obs",6083,1905,0,53
"16601","D_obs",6083,1906,0,56
"16602","D_obs",6083,1907,0,45
"16603","D_obs",6083,1908,0,45
"16604","D_obs",6083,1909,0,62
"16605","D_obs",6083,1910,0,54
"16606","D_obs",6083,1911,0,60
"16607","D_obs",6083,1912,0,65
"16608","D_obs",6083,1913,0,75
"16609","D_obs",6083,1914,0,85
"16610","D_obs",6083,1915,0,77
"16611","D_obs",6083,1916,0,75
"16612","D_obs",6083,1917,0,88
"16613","D_obs",6083,1918,0,100
"16614","D_obs",6083,1919,0,114
"16615","D_obs",6083,1920,0,132
"16616","D_obs",6083,1921,0,143
"16617","D_obs",6083,1922,0,170
"16618","D_obs",6083,1923,0,179
"16619","D_obs",6083,1924,0,178
"16620","D_obs",6083,1925,0,191
"16621","D_obs",6083,1926,0,238
"16622","D_obs",6083,1927,0,216
"16623","D_obs",6083,1928,0,224
"16624","D_obs",6083,1929,0,233
"16625","D_obs",6083,1930,0,229
"16626","D_obs",6083,1931,0,241
"16627","D_obs",6083,1932,0,218
"16628","D_obs",6083,1933,0,208
"16629","D_obs",6083,1934,0,219
"16630","D_obs",6083,1935,0,245
"16631","D_obs",6083,1936,0,209
"16632","D_obs",6083,1937,0,186
"16633","D_obs",6083,1938,0,123
"16634","D_obs",6083,1939,0,159
"16635","D_obs",6083,1940,0,134
"16636","D_obs",6083,1941,0,114
"16637","D_obs",6083,1942,0,143
"16638","D_obs",6083,1943,0,118
"16639","D_obs",6083,1944,0,107
"16640","D_obs",6083,1945,0,103
"16641","D_obs",6083,1946,0,104
"16642","D_obs",6083,1947,0,111
"16643","D_obs",6083,1948,0,78
"16644","D_obs",6083,1949,0,69
"16645","D_obs",6083,1950,0,81
"16646","D_obs",6083,1951,0,56
"16647","D_obs",6083,1952,0,78
"16648","D_obs",6083,1953,0,71
"16649","D_obs",6083,1954,0,70
"16650","D_obs",6083,1955,0,77
"16651","D_obs",6083,1956,0,68
"16652","D_obs",6083,1957,0,74
"16653","D_obs",6083,1958,0,76
"16654","D_obs",6083,1959,0,81
"16655","D_obs",6083,1960,0,90
"16656","D_obs",6083,1961,0,91
"16657","D_obs",6083,1962,0,103
"16658","D_obs",6083,1963,0,100
"16659","D_obs",6083,1964,0,95
"16660","D_obs",6083,1965,0,80
"16661","D_obs",6083,1966,0,104
"16662","D_obs",6083,1967,0,85
"16663","D_obs",6083,1968,0,130
"16664","D_obs",6083,1969,0,100
"16665","D_obs",6083,1970,0,114
"16666","D_obs",6083,1971,0,118
"16667","D_obs",6083,1972,0,126
"16668","D_obs",6083,1973,0,108
"16669","D_obs",6083,1974,0,129
"16670","D_obs",6083,1975,0,165
"16671","D_obs",6083,1976,0,157
"16672","D_obs",6083,1977,0,167
"16673","D_obs",6083,1978,0,171
"16674","D_obs",6083,1979,0,192
"16675","D_obs",6083,1980,0,198
"16676","D_obs",6083,1981,0,192
"16677","D_obs",6083,1982,0,167
"16678","D_obs",6083,1983,0,174
"16679","D_obs",6083,1984,0,150
"16680","D_obs",6083,1985,0,162
"16681","D_obs",6083,1986,0,122
"16682","D_obs",6083,1987,0,130
"16683","D_obs",6083,1988,0,116
"16684","D_obs",6083,1989,0,135
"16685","D_obs",6083,1990,0,104
"16686","D_obs",6083,1991,0,110
"16687","D_obs",6083,1992,0,112
"16688","D_obs",6083,1993,0,77
"16689","D_obs",6083,1994,0,68
"16690","D_obs",6083,1995,0,65
"16691","D_obs",6083,1996,0,49
"16692","D_obs",6083,1997,0,46
"16693","D_obs",6083,1998,0,48
"16694","D_obs",6083,1999,0,47
"16695","D_obs",6083,2000,0,53
"16696","D_obs",6083,2001,0,54
"16697","D_obs",6083,2002,0,33
"16698","D_obs",6083,2003,0,36
"16699","D_obs",6083,2004,0,33
"16700","D_obs",6083,2005,0,36
"16701","D_obs",6083,2006,0,40
"16702","D_obs",6083,2007,0,27
"16703","D_obs",6083,2008,0,30
"16704","D_obs",6083,2009,0,29
"16705","D_obs",6083,2010,0,35
"16706","D_obs",6083,2011,0,28
"16707","D_obs",6083,2012,0,28
"16708","D_obs",6083,2013,0,25
"16709","D_obs",6083,2014,0,34
"16710","D_obs",6083,2015,0,17
"16711","D_obs",6083,2016,0,24
"16712","D_obs",6083,2017,0,16
"16713","D_obs",6083,2018,0,24
"16714","D_obs",6083,2019,0,40
"16715","D_obs",6083,2020,0,24
"16716","D_obs",6083,2021,0,19
"16717","D_obs",6083,2022,0,24
"16718","D_obs",6083,2023,0,30
"16719","D_obs",6083,2024,0,21
"16720","D_obs",6083,2025,0,24
"16721","D_obs",6083,2026,0,24
"16722","D_obs",6083,2027,0,26
"16723","D_obs",6083,2028,0,32
"16724","D_obs",6083,2029,0,27
"16725","D_obs",6083,2030,0,36
"16726","D_obs",6083,2031,0,38
"16727","D_obs",6083,2032,0,29
"16728","D_obs",6083,2033,0,40
"16729","D_obs",6083,2034,0,31
"16730","D_obs",6083,2035,0,38
"16731","D_obs",6083,2036,0,32
"16732","D_obs",6083,2037,0,40
"16733","D_obs",6083,2038,0,34
"16734","D_obs",6083,2039,0,39
"16735","D_obs",6083,2040,0,34
"16736","D_obs",6083,2041,0,37
"16737","D_obs",6083,2042,0,28
"16738","D_obs",6083,2043,0,34
"16739","D_obs",6083,2044,0,24
"16740","D_obs",6083,2045,0,23
"16741","D_obs",6083,2046,0,34
"16742","D_obs",6083,2047,0,19
"16743","D_obs",6083,2048,0,32
"16744","D_obs",6083,2049,0,31
"16745","D_obs",6083,2050,0,16
"16746","D_obs",6083,2051,0,32
"16747","D_obs",6083,2052,0,21
"16748","D_obs",6083,2053,0,29
"16749","D_obs",6083,2054,0,19
"16750","D_obs",6083,2055,0,19
"16751","D_obs",6083,2056,0,22
"16752","D_obs",6083,2057,0,23
"16753","D_obs",6083,2058,0,26
"16754","D_obs",6083,2059,0,11
"16755","D_obs",6083,2060,0,17
"16756","D_obs",6083,2061,0,11
"16757","D_obs",6083,2062,0,10
"16758","D_obs",6083,2063,0,16
"16759","D_obs",6083,2064,0,20
"16760","D_obs",6083,2065,0,18
"16761","D_obs",6083,2066,0,18
"16762","D_obs",6083,2067,0,12
"16763","D_obs",6083,2068,0,9
"16764","D_obs",6083,2069,0,11
"16765","D_obs",6083,2070,0,17
"16766","D_obs",6083,2071,0,12
"16767","D_obs",6083,2072,0,3
"16768","D_obs",6083,2073,0,7
"16769","D_obs",6083,2074,0,6
"16770","D_obs",6083,2075,0,12
"16771","D_obs",6083,2076,0,15
"16772","D_obs",6083,2077,0,12
"16773","D_obs",6083,2078,0,13
"16774","D_obs",6083,2079,0,10
"16775","D_obs",6083,2080,0,22
"16776","D_obs",6083,2081,0,12
"16777","D_obs",6083,2082,0,17
"16778","D_obs",6083,2083,0,20
"16779","D_obs",6083,2084,0,21
"16780","D_obs",6083,2085,0,17
"16781","D_obs",6083,2086,0,22
"16782","D_obs",6083,2087,0,21
"16783","D_obs",6083,2088,0,14
"16784","D_obs",6083,2089,0,14
"16785","D_obs",6083,2090,0,23
"16786","D_obs",6083,2091,0,13
"16787","D_obs",6083,2092,0,12
"16788","D_obs",6083,2093,0,17
"16789","D_obs",6083,2094,0,11
"16790","D_obs",6083,2095,0,18
"16791","D_obs",6083,2096,0,9
"16792","D_obs",6083,2097,0,12
"16793","D_obs",6083,2098,0,12
"16794","D_obs",6083,2099,0,7
"16795","D_obs",6083,2100,0,7
"16796","D_obs",6083,2101,0,7
"16797","D_obs",6083,2102,0,8
"16798","D_obs",6083,2103,0,8
"16799","D_obs",6083,2104,0,5
"16800","D_obs",6083,2105,0,10
"16801","D_obs",6083,2106,0,12
"16802","D_obs",6083,2107,0,4
"16803","D_obs",6083,2108,0,7
"16804","D_obs",6083,2109,0,12
"16805","D_obs",6083,2110,0,6
"16806","D_obs",6083,2111,0,5
"16807","D_obs",6083,2112,0,8
"16808","D_obs",6083,2113,0,7
"16809","D_obs",6083,2114,0,5
"16810","D_obs",6083,2115,0,7
"16811","D_obs",6083,2116,0,6
"16812","D_obs",6083,2117,0,8
"16813","D_obs",6083,2118,0,11
"16814","D_obs",6083,2119,0,9
"16815","D_obs",6083,2120,0,9
"16816","D_obs",6083,2121,0,10
"16817","D_obs",6083,2122,0,11
"16818","D_obs",6083,2123,0,6
"16819","D_obs",6083,2124,0,11
"16820","D_obs",6083,2125,0,15
"16821","D_obs",6083,2126,0,8
"16822","D_obs",6083,2127,0,13
"16823","D_obs",6083,2128,0,16
"16824","D_obs",6083,2129,0,14
"16825","D_obs",6083,2130,0,16
"16826","D_obs",6083,2131,0,12
"16827","D_obs",6083,2132,0,13
"16828","D_obs",6083,2133,0,12
"16829","D_obs",6083,2134,0,11
"16830","D_obs",6083,2135,0,19
"16831","D_obs",6083,2136,0,22
"16832","D_obs",6083,2137,0,18
"16833","D_obs",6083,2138,0,18
"16834","D_obs",6083,2139,0,12
"16835","D_obs",6083,2140,0,17
"16836","D_obs",6083,2141,0,32
"16837","D_obs",6083,2142,0,27
"16838","D_obs",6083,2143,0,16
"16839","D_obs",6083,2144,0,23
"16840","D_obs",6083,2145,0,22
"16841","D_obs",6083,2146,0,22
"16842","D_obs",6083,2147,0,17
"16843","D_obs",6083,2148,0,18
"16844","D_obs",6083,2149,0,19
"16845","D_obs",6083,2150,0,16
"16846","D_obs",6083,2151,0,22
"16847","D_obs",6083,2152,0,20
"16848","D_obs",6083,2153,0,13
"16849","D_obs",6083,2154,0,14
"16850","D_obs",6083,2155,0,16
"16851","D_obs",6083,2156,0,13
"16852","D_obs",6083,2157,0,25
"16853","D_obs",6083,2158,0,22
"16854","D_obs",6083,2159,0,11
"16855","D_obs",6083,2160,0,18
"16856","D_obs",6083,2161,0,11
"16857","D_obs",6083,2162,0,14
"16858","D_obs",6083,2163,0,18
"16859","D_obs",6083,2164,0,22
"16860","D_obs",6083,2165,0,16
"16861","D_obs",6083,2166,0,16
"16862","D_obs",6083,2167,0,23
"16863","D_obs",6083,2168,0,17
"16864","D_obs",6083,2169,0,26
"16865","D_obs",6083,2170,0,32
"16866","D_obs",6083,2171,0,38
"16867","D_obs",6083,2172,0,33
"16868","D_obs",6083,2173,0,34
"16869","D_obs",6083,2174,0,31
"16870","D_obs",6083,2175,0,43
"16871","D_obs",6083,2176,0,24
"16872","D_obs",6083,2177,0,52
"16873","D_obs",6083,2178,0,41
"16874","D_obs",6083,2179,0,58
"16875","D_obs",6083,2180,0,52
"16876","D_obs",6083,2181,0,62
"16877","D_obs",6083,2182,0,72
"16878","D_obs",6083,2183,0,68
"16879","D_obs",6083,2184,0,87
"16880","D_obs",6083,2185,0,105
"16881","D_obs",6083,2186,0,75
"16882","D_obs",6083,2187,0,107
"16883","D_obs",6083,2188,0,107
"16884","D_obs",6083,2189,0,118
"16885","D_obs",6083,2190,0,105
"16886","D_obs",6083,2191,0,128
"16887","D_obs",6083,2192,0,107
"16888","D_obs",6083,2193,0,97
"16889","D_obs",6083,2194,0,124
"16890","D_obs",6083,2195,0,97
"16891","D_obs",6083,2196,0,92
"16892","D_obs",6083,2197,0,91
"16893","D_obs",6083,2198,0,76
"16894","D_obs",6083,2199,0,65
"16895","D_obs",6083,2200,0,69
"16896","D_obs",6083,2201,0,61
"16897","D_obs",6083,2202,0,59
"16898","D_obs",6083,2203,0,58
"16899","D_obs",6083,2204,0,61
"16900","D_obs",6083,2205,0,43
"16901","D_obs",6083,2206,0,46
"16902","D_obs",6083,2207,0,38
"16903","D_obs",6083,2208,0,38
"16904","D_obs",6083,2209,0,36
"16905","D_obs",6083,2210,0,38
"16906","D_obs",6083,2211,0,36
"16907","D_obs",6083,2212,0,24
"16908","D_obs",6083,2213,0,32
"16909","D_obs",6083,2214,0,24
"16910","D_obs",6083,2215,0,28
"16911","D_obs",6083,2216,0,34
"16912","D_obs",6083,2217,0,35
"16913","D_obs",6083,2218,0,35
"16914","D_obs",6083,2219,0,59
"16915","D_obs",6083,2220,0,31
"16916","D_obs",6083,2221,0,42
"16917","D_obs",6083,2222,0,41
"16918","D_obs",6083,2223,0,70
"16919","D_obs",6083,2224,0,53
"16920","D_obs",6083,2225,0,62
"16921","D_obs",6083,2226,0,69
"16922","D_obs",6083,2227,0,58
"16923","D_obs",6083,2228,0,90
"16924","D_obs",6083,2229,0,96
"16925","D_obs",6083,2230,0,87
"16926","D_obs",6083,2231,0,73
"16927","D_obs",6083,2232,0,87
"16928","D_obs",6083,2233,0,59
"16929","D_obs",6083,2234,0,71
"16930","D_obs",6083,2235,0,99
"16931","D_obs",6083,2236,0,71
"16932","D_obs",6083,2237,0,82
"16933","D_obs",6083,2238,0,90
"16934","D_obs",6083,2239,0,113
"16935","D_obs",6083,2240,0,110
"16936","D_obs",6083,2241,0,122
"16937","D_obs",6083,2242,0,127
"16938","D_obs",6083,2243,0,128
"16939","D_obs",6083,2244,0,129
"16940","D_obs",6083,2245,0,116
"16941","D_obs",6083,2246,0,96
"16942","D_obs",6083,2247,0,120
"16943","D_obs",6083,2248,0,104
"16944","D_obs",6083,2249,0,103
"16945","D_obs",6083,2250,0,107
"16946","D_obs",6083,2251,0,85
"16947","D_obs",6083,2252,0,75
"16948","D_obs",6083,2253,0,83
"16949","D_obs",6083,2254,0,60
"16950","D_obs",6083,2255,0,60
"16951","D_obs",6083,2256,0,79
"16952","D_obs",6083,2257,0,48
"16953","D_obs",6083,2258,0,48
"16954","D_obs",6083,2259,0,40
"16955","D_obs",6083,2260,0,47
"16956","D_obs",6083,2261,0,45
"16957","D_obs",6083,2262,0,35
"16958","D_obs",6083,2263,0,35
"16959","D_obs",6083,2264,0,37
"16960","D_obs",6083,2265,0,19
"16961","D_obs",6083,2266,0,37
"16962","D_obs",6083,2267,0,35
"16963","D_obs",6083,2268,0,46
"16964","D_obs",6083,2269,0,37
"16965","D_obs",6083,2270,0,48
"16966","D_obs",6083,2271,0,31
"16967","D_obs",6083,2272,0,39
"16968","D_obs",6083,2273,0,36
"16969","D_obs",6083,2274,0,45
"16970","D_obs",6083,2275,0,33
"16971","D_obs",6083,2276,0,28
"16972","D_obs",6083,2277,0,46
"16973","D_obs",6083,2278,0,26
"16974","D_obs",6083,2279,0,36
"16975","D_obs",6083,2280,0,35
"16976","D_obs",6083,2281,0,35
"16977","D_obs",6083,2282,0,38
"16978","D_obs",6083,2283,0,36
"16979","D_obs",6083,2284,0,42
"16980","D_obs",6083,2285,0,46
"16981","D_obs",6083,2286,0,57
"16982","D_obs",6083,2287,0,41
"16983","D_obs",6083,2288,0,50
"16984","D_obs",6083,2289,0,50
"16985","D_obs",6083,2290,0,48
"16986","D_obs",6083,2291,0,59
"16987","D_obs",6083,2292,0,57
"16988","D_obs",6083,2293,0,57
"16989","D_obs",6083,2294,0,60
"16990","D_obs",6083,2295,0,60
"16991","D_obs",6083,2296,0,35
"16992","D_obs",6083,2297,0,32
"16993","D_obs",6083,2298,0,55
"16994","D_obs",6083,2299,0,42
"16995","D_obs",6083,2300,0,41
"16996","D_obs",6083,2301,0,42
"16997","D_obs",6083,2302,0,54
"16998","D_obs",6083,2303,0,37
"16999","D_obs",6083,2304,0,29
"17000","D_obs",6083,2305,0,25
"17001","D_obs",6083,2306,0,23
"17002","D_obs",6083,2307,0,42
"17003","D_obs",6083,2308,0,21
"17004","D_obs",6083,2309,0,23
"17005","D_obs",6083,2310,0,14
"17006","D_obs",6083,2311,0,19
"17007","D_obs",6083,2312,0,16
"17008","D_obs",6083,2313,0,23
"17009","D_obs",6083,2314,0,17
"17010","D_obs",6083,2315,0,15
"17011","D_obs",6083,2316,0,17
"17012","D_obs",6083,2317,0,27
"17013","D_obs",6083,2318,0,16
"17014","D_obs",6083,2319,0,18
"17015","D_obs",6083,2320,0,25
"17016","D_obs",6083,2321,0,14
"17017","D_obs",6083,2322,0,16
"17018","D_obs",6083,2323,0,24
"17019","D_obs",6083,2324,0,20
"17020","D_obs",6083,2325,0,21
"17021","D_obs",6083,2326,0,28
"17022","D_obs",6083,2327,0,19
"17023","D_obs",6083,2328,0,14
"17024","D_obs",6083,2329,0,14
"17025","D_obs",6083,2330,0,24
"17026","D_obs",6083,2331,0,18
"17027","D_obs",6083,2332,0,21
"17028","D_obs",6083,2333,0,19
"17029","D_obs",6083,2334,0,25
"17030","D_obs",6083,2335,0,15
"17031","D_obs",6083,2336,0,21
"17032","D_obs",6083,2337,0,24
"17033","D_obs",6083,2338,0,24
"17034","D_obs",6083,2339,0,26
"17035","D_obs",6083,2340,0,17
"17036","D_obs",6083,2341,0,38
"17037","D_obs",6083,2342,0,30
"17038","D_obs",6083,2343,0,49
"17039","D_obs",6083,2344,0,38
"17040","D_obs",6083,2345,0,50
"17041","D_obs",6083,2346,0,68
"17042","D_obs",6083,2347,0,64
"17043","D_obs",6083,2348,0,82
"17044","D_obs",6083,2349,0,67
"17045","D_obs",6083,2350,0,61
"17046","D_obs",6083,2351,0,55
"17047","D_obs",6083,2352,0,52
"17048","D_obs",6083,2353,0,46
"17049","D_obs",6083,2354,0,54
"17050","D_obs",6083,2355,0,46
"17051","D_obs",6083,2356,0,31
"17052","D_obs",6083,2357,0,31
"17053","D_obs",6083,2358,0,39
"17054","D_obs",6083,2359,0,35
"17055","D_obs",6083,2360,0,39
"17056","D_obs",6083,2361,0,43
"17057","D_obs",6083,2362,0,37
"17058","D_obs",6083,2363,0,32
"17059","D_obs",6083,2364,0,34
"17060","D_obs",6083,2365,0,35
"17061","D_obs",6083,2366,0,35
"17062","D_obs",6083,2367,0,28
"17063","D_obs",6083,2368,0,22
"17064","D_obs",6083,2369,0,47
"17065","D_obs",6083,2370,0,42
"17066","D_obs",6083,2371,0,36
"17067","D_obs",6083,2372,0,37
"17068","D_obs",6083,2373,0,22
"17069","D_obs",6083,2374,0,27
"17070","D_obs",6083,2375,0,24
"17071","D_obs",6083,2376,0,26
"17072","D_obs",6083,2377,0,17
"17073","D_obs",6083,2378,0,17
"17074","D_obs",6083,2379,0,27
"17075","D_obs",6083,2380,0,24
"17076","D_obs",6083,2381,0,17
"17077","D_obs",6083,2382,0,23
"17078","D_obs",6083,2383,0,19
"17079","D_obs",6083,2384,0,20
"17080","D_obs",6083,2385,0,21
"17081","D_obs",6083,2386,0,27
"17082","D_obs",6083,2387,0,26
"17083","D_obs",6083,2388,0,26
"17084","D_obs",6083,2389,0,27
"17085","D_obs",6083,2390,0,24
"17086","D_obs",6083,2391,0,29
"17087","D_obs",6083,2392,0,30
"17088","D_obs",6083,2393,0,27
"17089","D_obs",6083,2394,0,24
"17090","D_obs",6083,2395,0,30
"17091","D_obs",6083,2396,0,34
"17092","D_obs",6083,2397,0,33
"17093","D_obs",6083,2398,0,45
"17094","D_obs",6083,2399,0,46
"17095","D_obs",6083,2400,0,49
"17096","D_obs",6083,2401,0,60
"17097","D_obs",6083,2402,0,64
"17098","D_obs",6083,2403,0,54
"17099","D_obs",6083,2404,0,70
"17100","D_obs",6083,2405,0,62
"17101","D_obs",6083,2406,0,46
"17102","D_obs",6083,2407,0,55
"17103","D_obs",6083,2408,0,48
"17104","D_obs",6083,2409,0,29
"17105","D_obs",6083,2410,0,56
"17106","D_obs",6083,2411,0,44
"17107","D_obs",6083,2412,0,46
"17108","D_obs",6083,2413,0,33
"17109","D_obs",6083,2414,0,38
"17110","D_obs",6083,2415,0,31
"17111","D_obs",6083,2416,0,30
"17112","D_obs",6083,2417,0,35
"17113","D_obs",6083,2418,0,27
"17114","D_obs",6083,2419,0,20
"17115","D_obs",6083,2420,0,33
"17116","D_obs",6083,2421,0,32
"17117","D_obs",6083,2422,0,24
"17118","D_obs",6083,2423,0,19
"17119","D_obs",6083,2424,0,26
"17120","D_obs",6083,2425,0,25
"17121","D_obs",6083,2426,0,26
"17122","D_obs",6083,2427,0,18
"17123","D_obs",6083,2428,0,24
"17124","D_obs",6083,2429,0,29
"17125","D_obs",6083,2430,0,37
"17126","D_obs",6083,2431,0,26
"17127","D_obs",6083,2432,0,36
"17128","D_obs",6083,2433,0,38
"17129","D_obs",6083,2434,0,45
"17130","D_obs",6083,2435,0,38
"17131","D_obs",6083,2436,0,38
"17132","D_obs",6083,2437,0,40
"17133","D_obs",6083,2438,0,58
"17134","D_obs",6083,2439,0,55
"17135","D_obs",6083,2440,0,43
"17136","D_obs",6083,2441,0,45
"17137","D_obs",6083,2442,0,61
"17138","D_obs",6083,2443,0,59
"17139","D_obs",6083,2444,0,50
"17140","D_obs",6083,2445,0,38
"17141","D_obs",6083,2446,0,60
"17142","D_obs",6083,2447,0,60
"17143","D_obs",6083,2448,0,61
"17144","D_obs",6083,2449,0,66
"17145","D_obs",6083,2450,0,73
"17146","D_obs",6083,2451,0,79
"17147","D_obs",6083,2452,0,69
"17148","D_obs",6083,2453,0,101
"17149","D_obs",6083,2454,0,113
"17150","D_obs",6083,2455,0,106
"17151","D_obs",6083,2456,0,102
"17152","D_obs",6083,2457,0,90
"17153","D_obs",6083,2458,0,119
"17154","D_obs",6083,2459,0,100
"17155","D_obs",6083,2460,0,86
"17156","D_obs",6083,2461,0,69
"17157","D_obs",6083,2462,0,73
"17158","D_obs",6083,2463,0,89
"17159","D_obs",6083,2464,0,83
"17160","D_obs",6083,2465,0,70
"17161","D_obs",6083,2466,0,66
"17162","D_obs",6083,2467,0,56
"17163","D_obs",6083,2468,0,57
"17164","D_obs",6083,2469,0,46
"17165","D_obs",6083,2470,0,44
"17166","D_obs",6083,2471,0,51
"17167","D_obs",6083,2472,0,45
"17168","D_obs",6083,2473,0,46
"17169","D_obs",6083,2474,0,59
"17170","D_obs",6083,2475,0,49
"17171","D_obs",6083,2476,0,47
"17172","D_obs",6083,2477,0,46
"17173","D_obs",6083,2478,0,35
"17174","D_obs",6083,2479,0,67
"17175","D_obs",6083,2480,0,47
"17176","D_obs",6083,2481,0,37
"17177","D_obs",6083,2482,0,68
"17178","D_obs",6083,2483,0,60
"17179","D_obs",6083,2484,0,65
"17180","D_obs",6083,2485,0,59
"17181","D_obs",6083,2486,0,57
"17182","D_obs",6083,2487,0,45
"17183","D_obs",6083,2488,0,62
"17184","D_obs",6083,2489,0,57
"17185","D_obs",6083,2490,0,53
"17186","D_obs",6083,2491,0,77
"17187","D_obs",6083,2492,0,50
"17188","D_obs",6083,2493,0,58
"17189","D_obs",6083,2494,0,49
"17190","D_obs",6083,2495,0,53
"17191","D_obs",6083,2496,0,47
"17192","D_obs",6083,2497,0,55
"17193","D_obs",6083,2498,0,50
"17194","D_obs",6083,2499,0,48
"17195","D_obs",6083,2500,0,61
"17196","D_obs",6083,2501,0,63
"17197","D_obs",6083,2502,0,70
"17198","D_obs",6083,2503,0,58
"17199","D_obs",6083,2504,0,88
"17200","D_obs",6083,2505,0,70
"17201","D_obs",6083,2506,0,84
"17202","D_obs",6083,2507,0,66
"17203","D_obs",6083,2508,0,83
"17204","D_obs",6083,2509,0,73
"17205","D_obs",6083,2510,0,61
"17206","D_obs",6083,2511,0,64
"17207","D_obs",6083,2512,0,45
"17208","D_obs",6083,2513,0,61
"17209","D_obs",6083,2514,0,41
"17210","D_obs",6083,2515,0,50
"17211","D_obs",6083,2516,0,44
"17212","D_obs",6083,2517,0,45
"17213","D_obs",6083,2518,0,38
"17214","D_obs",6083,2519,0,28
"17215","D_obs",6083,2520,0,36
"17216","D_obs",6083,2521,0,20
"17217","D_obs",6083,2522,0,27
"17218","D_obs",6083,2523,0,20
"17219","D_obs",6083,2524,0,22
"17220","D_obs",6083,2525,0,28
"17221","D_obs",6083,2526,0,26
"17222","D_obs",6083,2527,0,19
"17223","D_obs",6083,2528,0,28
"17224","D_obs",6083,2529,0,24
"17225","D_obs",6083,2530,0,30
"17226","D_obs",6083,2531,0,32
"17227","D_obs",6083,2532,0,30
"17228","D_obs",6083,2533,0,23
"17229","D_obs",6083,2534,0,33
"17230","D_obs",6083,2535,0,32
"17231","D_obs",6083,2536,0,25
"17232","D_obs",6083,2537,0,36
"17233","D_obs",6083,2538,0,24
"17234","D_obs",6083,2539,0,35
"17235","D_obs",6083,2540,0,41
"17236","D_obs",6083,2541,0,53
"17237","D_obs",6083,2542,0,35
"17238","D_obs",6083,2543,0,46
"17239","D_obs",6083,2544,0,45
"17240","D_obs",6083,2545,0,57
"17241","D_obs",6083,2546,0,51
"17242","D_obs",6083,2547,0,53
"17243","D_obs",6083,2548,0,40
"17244","D_obs",6083,2549,0,48
"17245","D_obs",6083,2550,0,51
"17246","D_obs",6083,2551,0,48
"17247","D_obs",6083,2552,0,55
"17248","D_obs",6083,2553,0,55
"17249","D_obs",6083,2554,0,66
"17250","D_obs",6083,2555,0,48
"17251","D_obs",6083,2556,0,65
"17252","D_obs",6083,2557,0,95
"17253","D_obs",6083,2558,0,49
"17254","D_obs",6083,2559,0,40
"17255","D_obs",6083,2560,0,52
"17256","D_obs",6083,2561,0,50
"17257","D_obs",6083,2562,0,49
"17258","D_obs",6083,2563,0,42
"17259","D_obs",6083,2564,0,35
"17260","D_obs",6083,2565,0,43
"17261","D_obs",6083,2566,0,44
"17262","D_obs",6083,2567,0,38
"17263","D_obs",6083,2568,0,28
"17264","D_obs",6083,2569,0,28
"17265","D_obs",6083,2570,0,21
"17266","D_obs",6083,2571,0,20
"17267","D_obs",6083,2572,0,24
"17268","D_obs",6083,2573,0,34
"17269","D_obs",6083,2574,0,20
"17270","D_obs",6083,2575,0,28
"17271","D_obs",6083,2576,0,26
"17272","D_obs",6083,2577,0,20
"17273","D_obs",6083,2578,0,21
"17274","D_obs",6083,2579,0,20
"17275","D_obs",6083,2580,0,23
"17276","D_obs",6083,2581,0,16
"17277","D_obs",6083,2582,0,32
"17278","D_obs",6083,2583,0,25
"17279","D_obs",6083,2584,0,26
"17280","D_obs",6083,2585,0,31
"17281","D_obs",6083,2586,0,23
"17282","D_obs",6083,2587,0,37
"17283","D_obs",6083,2588,0,19
"17284","D_obs",6083,2589,0,30
"17285","D_obs",6083,2590,0,36
"17286","D_obs",6083,2591,0,30
"17287","D_obs",6083,2592,0,28
"17288","D_obs",6083,2593,0,26
"17289","D_obs",6083,2594,0,28
"17290","D_obs",6083,2595,0,47
"17291","D_obs",6083,2596,0,38
"17292","D_obs",6083,2597,0,39
"17293","D_obs",6083,2598,0,40
"17294","D_obs",6083,2599,0,36
"17295","D_obs",6083,2600,0,42
"17296","D_obs",6083,2601,0,38
"17297","D_obs",6083,2602,0,29
"17298","D_obs",6083,2603,0,53
"17299","D_obs",6083,2604,0,61
"17300","D_obs",6083,2605,0,71
"17301","D_obs",6083,2606,0,78
"17302","D_obs",6083,2607,0,88
"17303","D_obs",6083,2608,0,67
"17304","D_obs",6083,2609,0,65
"17305","D_obs",6083,2610,0,70
"17306","D_obs",6083,2611,0,68
"17307","D_obs",6083,2612,0,59
"17308","D_obs",6083,2613,0,52
"17309","D_obs",6083,2614,0,45
"17310","D_obs",6083,2615,0,41
"17311","D_obs",6083,2616,0,48
"17312","D_obs",6083,2617,0,47
"17313","D_obs",6083,2618,0,37
"17314","D_obs",6083,2619,0,31
"17315","D_obs",6083,2620,0,42
"17316","D_obs",6083,2621,0,40
"17317","D_obs",6083,2622,0,45
"17318","D_obs",6083,2623,0,33
"17319","D_obs",6083,2624,0,29
"17320","D_obs",6083,2625,0,36
"17321","D_obs",6083,2626,0,27
"17322","D_obs",6083,2627,0,19
"17323","D_obs",6083,2628,0,20
"17324","D_obs",6083,2629,0,29
"17325","D_obs",6083,2630,0,29
"17326","D_obs",6083,2631,0,15
"17327","D_obs",6083,2632,0,14
"17328","D_obs",6083,2633,0,21
"17329","D_obs",6083,2634,0,17
"17330","D_obs",6083,2635,0,22
"17331","D_obs",6083,2636,0,29
"17332","D_obs",6083,2637,0,29
"17333","D_obs",6083,2638,0,36
"17334","D_obs",6083,2639,0,24
"17335","D_obs",6083,2640,0,31
"17336","D_obs",6083,2641,0,27
"17337","D_obs",6083,2642,0,31
"17338","D_obs",6083,2643,0,29
"17339","D_obs",6083,2644,0,35
"17340","D_obs",6083,2645,0,30
"17341","D_obs",6083,2646,0,32
"17342","D_obs",6083,2647,0,32
"17343","D_obs",6083,2648,0,39
"17344","D_obs",6083,2649,0,59
"17345","D_obs",6083,2650,0,35
"17346","D_obs",6083,2651,0,49
"17347","D_obs",6083,2652,0,40
"17348","D_obs",6083,2653,0,43
"17349","D_obs",6083,2654,0,48
"17350","D_obs",6083,2655,0,55
"17351","D_obs",6083,2656,0,49
"17352","D_obs",6083,2657,0,63
"17353","D_obs",6083,2658,0,57
"17354","D_obs",6083,2659,0,66
"17355","D_obs",6083,2660,0,56
"17356","D_obs",6083,2661,0,61
"17357","D_obs",6083,2662,0,60
"17358","D_obs",6083,2663,0,55
"17359","D_obs",6083,2664,0,41
"17360","D_obs",6083,2665,0,59
"17361","D_obs",6083,2666,0,53
"17362","D_obs",6083,2667,0,40
"17363","D_obs",6083,2668,0,42
"17364","D_obs",6083,2669,0,48
"17365","D_obs",6083,2670,0,33
"17366","D_obs",6083,2671,0,38
"17367","D_obs",6083,2672,0,34
"17368","D_obs",6083,2673,0,32
"17369","D_obs",6083,2674,0,33
"17370","D_obs",6083,2675,0,34
"17371","D_obs",6083,2676,0,22
"17372","D_obs",6083,2677,0,37
"17373","D_obs",6083,2678,0,22
"17374","D_obs",6083,2679,0,27
"17375","D_obs",6083,2680,0,27
"17376","D_obs",6083,2681,0,26
"17377","D_obs",6083,2682,0,25
"17378","D_obs",6083,2683,0,22
"17379","D_obs",6083,2684,0,20
"17380","D_obs",6083,2685,0,23
"17381","D_obs",6083,2686,0,30
"17382","D_obs",6083,2687,0,38
"17383","D_obs",6083,2688,0,24
"17384","D_obs",6083,2689,0,31
"17385","D_obs",6083,2690,0,25
"17386","D_obs",6083,2691,0,29
"17387","D_obs",6083,2692,0,21
"17388","D_obs",6083,2693,0,33
"17389","D_obs",6083,2694,0,24
"17390","D_obs",6083,2695,0,23
"17391","D_obs",6083,2696,0,26
"17392","D_obs",6083,2697,0,23
"17393","D_obs",6083,2698,0,40
"17394","D_obs",6083,2699,0,28
"17395","D_obs",6083,2700,0,31
"17396","D_obs",6083,2701,0,30
"17397","D_obs",6083,2702,0,19
"17398","D_obs",6083,2703,0,32
"17399","D_obs",6083,2704,0,24
"17400","D_obs",6083,2705,0,18
"17401","D_obs",6083,2706,0,23
"17402","D_obs",6083,2707,0,26
"17403","D_obs",6083,2708,0,26
"17404","D_obs",6083,2709,0,26
"17405","D_obs",6083,2710,0,16
"17406","D_obs",6083,2711,0,27
"17407","D_obs",6083,2712,0,22
"17408","D_obs",6083,2713,0,28
"17409","D_obs",6083,2714,0,32
"17410","D_obs",6083,2715,0,36
"17411","D_obs",6083,2716,0,36
"17412","D_obs",6083,2717,0,27
"17413","D_obs",6083,2718,0,23
"17414","D_obs",6083,2719,0,22
"17415","D_obs",6083,2720,0,26
"17416","D_obs",6083,2721,0,16
"17417","D_obs",6083,2722,0,28
"17418","D_obs",6083,2723,0,16
"17419","D_obs",6083,2724,0,21
"17420","D_obs",6083,2725,0,18
"17421","D_obs",6083,2726,0,19
"17422","D_obs",6083,2727,0,18
"17423","D_obs",6083,2728,0,17
"17424","D_obs",6083,2729,0,14
"17425","D_obs",6083,2730,0,16
"17426","D_obs",6083,2731,0,15
"17427","D_obs",6083,2732,0,7
"17428","D_obs",6083,2733,0,16
"17429","D_obs",6083,2734,0,10
"17430","D_obs",6083,2735,0,5
"17431","D_obs",6083,2736,0,9
"17432","D_obs",6083,2737,0,9
"17433","D_obs",6083,2738,0,10
"17434","D_obs",6083,2739,0,12
"17435","D_obs",6083,2740,0,13
"17436","D_obs",6083,2741,0,13
"17437","D_obs",6083,2742,0,12
"17438","D_obs",6083,2743,0,10
"17439","D_obs",6083,2744,0,9
"17440","D_obs",6083,2745,0,12
"17441","D_obs",6083,2746,0,7
"17442","D_obs",6083,2747,0,13
"17443","D_obs",6083,2748,0,9
"17444","D_obs",6083,2749,0,12
"17445","D_obs",6083,2750,0,13
"17446","D_obs",6083,2751,0,11
"17447","D_obs",6083,2752,0,18
"17448","D_obs",6083,2753,0,20
"17449","D_obs",6083,2754,0,9
"17450","D_obs",6083,2755,0,12
"17451","D_obs",6083,2756,0,12
"17452","D_obs",6083,2757,0,14
"17453","D_obs",6083,2758,0,15
"17454","D_obs",6083,2759,0,20
"17455","D_obs",6083,2760,0,16
"17456","D_obs",6083,2761,0,14
"17457","D_obs",6083,2762,0,21
"17458","D_obs",6083,2763,0,22
"17459","D_obs",6083,2764,0,18
"17460","D_obs",6083,2765,0,10
"17461","D_obs",6083,2766,0,15
"17462","D_obs",6083,2767,0,19
"17463","D_obs",6083,2768,0,11
"17464","D_obs",6083,2769,0,12
"17465","D_obs",6083,2770,0,12
"17466","D_obs",6083,2771,0,14
"17467","D_obs",6083,2772,0,10
"17468","D_obs",6083,2773,0,18
"17469","D_obs",6083,2774,0,9
"17470","D_obs",6083,2775,0,6
"17471","D_obs",6083,2776,0,13
"17472","D_obs",6083,2777,0,9
"17473","D_obs",6083,2778,0,11
"17474","D_obs",6083,2779,0,5
"17475","D_obs",6083,2780,0,7
"17476","D_obs",6083,2781,0,7
"17477","D_obs",6083,2782,0,14
"17478","D_obs",6083,2783,0,5
"17479","D_obs",6083,2784,0,6
"17480","D_obs",6083,2785,0,8
"17481","D_obs",6083,2786,0,6
"17482","D_obs",6083,2787,0,5
"17483","D_obs",6083,2788,0,10
"17484","D_obs",6083,2789,0,7
"17485","D_obs",6083,2790,0,8
"17486","D_obs",6083,2791,0,7
"17487","D_obs",6083,2792,0,6
"17488","D_obs",6083,2793,0,7
"17489","D_obs",6083,2794,0,6
"17490","D_obs",6083,2795,0,7
"17491","D_obs",6083,2796,0,11
"17492","D_obs",6083,2797,0,11
"17493","D_obs",6083,2798,0,9
"17494","D_obs",6083,2799,0,7
"17495","D_obs",6083,2800,0,6
"17496","D_obs",6083,2801,0,14
"17497","D_obs",6083,2802,0,10
"17498","D_obs",6083,2803,0,15
"17499","D_obs",6083,2804,0,9
"17500","D_obs",6083,2805,0,14
"17501","D_obs",6083,2806,0,10
"17502","D_obs",6083,2807,0,9
"17503","D_obs",6083,2808,0,17
"17504","D_obs",6083,2809,0,13
"17505","D_obs",6083,2810,0,11
"17506","D_obs",6083,2811,0,16
"17507","D_obs",6083,2812,0,19
"17508","D_obs",6083,2813,0,16
"17509","D_obs",6083,2814,0,23
"17510","D_obs",6083,2815,0,24
"17511","D_obs",6083,2816,0,24
"17512","D_obs",6083,2817,0,29
"17513","D_obs",6083,2818,0,25
"17514","D_obs",6083,2819,0,29
"17515","D_obs",6083,2820,0,33
"17516","D_obs",6083,2821,0,22
"17517","D_obs",6083,2822,0,19
"17518","D_obs",6083,2823,0,16
"17519","D_obs",6083,2824,0,17
"17520","D_obs",6083,2825,0,24
"17521","D_obs",6083,2826,0,25
"17522","D_obs",6083,2827,0,11
"17523","D_obs",6083,2828,0,17
"17524","D_obs",6083,2829,0,16
"17525","D_obs",6083,2830,0,14
"17526","D_obs",6083,2831,0,11
"17527","D_obs",6083,2832,0,15
"17528","D_obs",6083,2833,0,13
"17529","D_obs",6083,2834,0,17
"17530","D_obs",6083,2835,0,9
"17531","D_obs",6083,2836,0,13
"17532","D_obs",6083,2837,0,15
"17533","D_obs",6083,2838,0,14
"17534","D_obs",6083,2839,0,6
"17535","D_obs",6083,2840,0,7
"17536","D_obs",6083,2841,0,11
"17537","D_obs",6083,2842,0,17
"17538","D_obs",6083,2843,0,12
"17539","D_obs",6083,2844,0,19
"17540","D_obs",6083,2845,0,16
"17541","D_obs",6083,2846,0,11
"17542","D_obs",6083,2847,0,22
"17543","D_obs",6083,2848,0,15
"17544","D_obs",6083,2849,0,27
"17545","D_obs",6083,2850,0,8
"17546","D_obs",6083,2851,0,14
"17547","D_obs",6083,2852,0,13
"17548","D_obs",6083,2853,0,25
"17549","D_obs",6083,2854,0,23
"17550","D_obs",6083,2855,0,22
"17551","D_obs",6083,2856,0,20
"17552","D_obs",6083,2857,0,25
"17553","D_obs",6083,2858,0,21
"17554","D_obs",6083,2859,0,23
"17555","D_obs",6083,2860,0,36
"17556","D_obs",6083,2861,0,39
"17557","D_obs",6083,2862,0,53
"17558","D_obs",6083,2863,0,57
"17559","D_obs",6083,2864,0,38
"17560","D_obs",6083,2865,0,38
"17561","D_obs",6083,2866,0,48
"17562","D_obs",6083,2867,0,56
"17563","D_obs",6083,2868,0,58
"17564","D_obs",6083,2869,0,60
"17565","D_obs",6083,2870,0,69
"17566","D_obs",6083,2871,0,62
"17567","D_obs",6083,2872,0,41
"17568","D_obs",6083,2873,0,53
"17569","D_obs",6083,2874,0,53
"17570","D_obs",6083,2875,0,39
"17571","D_obs",6083,2876,0,38
"17572","D_obs",6083,2877,0,38
"17573","D_obs",6083,2878,0,40
"17574","D_obs",6083,2879,0,37
"17575","D_obs",6083,2880,0,25
"17576","D_obs",6083,2881,0,42
"17577","D_obs",6083,2882,0,29
"17578","D_obs",6083,2883,0,38
"17579","D_obs",6083,2884,0,36
"17580","D_obs",6083,2885,0,30
"17581","D_obs",6083,2886,0,32
"17582","D_obs",6083,2887,0,27
"17583","D_obs",6083,2888,0,29
"17584","D_obs",6083,2889,0,25
"17585","D_obs",6083,2890,0,24
"17586","D_obs",6083,2891,0,40
"17587","D_obs",6083,2892,0,20
"17588","D_obs",6083,2893,0,17
"17589","D_obs",6083,2894,0,21
"17590","D_obs",6083,2895,0,15
"17591","D_obs",6083,2896,0,23
"17592","D_obs",6083,2897,0,19
"17593","D_obs",6083,2898,0,13
"17594","D_obs",6083,2899,0,17
"17595","D_obs",6083,2900,0,19
"17596","D_obs",6083,2901,0,23
"17597","D_obs",6083,2902,0,19
"17598","D_obs",6083,2903,0,10
"17599","D_obs",6083,2904,0,19
"17600","D_obs",6083,2905,0,10
"17601","D_obs",6083,2906,0,18
"17602","D_obs",6083,2907,0,14
"17603","D_obs",6083,2908,0,23
"17604","D_obs",6083,2909,0,18
"17605","D_obs",6083,2910,0,17
"17606","D_obs",6083,2911,0,17
"17607","D_obs",6083,2912,0,21
"17608","D_obs",6083,2913,0,15
"17609","D_obs",6083,2914,0,19
"17610","D_obs",6083,2915,0,24
"17611","D_obs",6083,2916,0,20
"17612","D_obs",6083,2917,0,22
"17613","D_obs",6083,2918,0,24
"17614","D_obs",6083,2919,0,30
"17615","D_obs",6083,2920,0,33
"17616","D_obs",6083,2921,0,25
"17617","D_obs",6083,2922,0,24
"17618","D_obs",6083,2923,0,18
"17619","D_obs",6083,2924,0,31
"17620","D_obs",6083,2925,0,20
"17621","D_obs",6083,2926,0,24
"17622","D_obs",6083,2927,0,30
"17623","D_obs",6083,2928,0,17
"17624","D_obs",6083,2929,0,25
"17625","D_obs",6083,2930,0,20
"17626","D_obs",6083,2931,0,12
"17627","D_obs",6083,2932,0,17
"17628","D_obs",6083,2933,0,19
"17629","D_obs",6083,2934,0,20
"17630","D_obs",6083,2935,0,11
"17631","D_obs",6083,2936,0,12
"17632","D_obs",6083,2937,0,16
"17633","D_obs",6083,2938,0,14
"17634","D_obs",6083,2939,0,12
"17635","D_obs",6083,2940,0,16
"17636","D_obs",6083,2941,0,16
"17637","D_obs",6083,2942,0,6
"17638","D_obs",6083,2943,0,11
"17639","D_obs",6083,2944,0,15
"17640","D_obs",6083,2945,0,13
"17641","D_obs",6083,2946,0,10
"17642","D_obs",6083,2947,0,9
"17643","D_obs",6083,2948,0,15
"17644","D_obs",6083,2949,0,10
"17645","D_obs",6083,2950,0,7
"17646","D_obs",6083,2951,0,16
"17647","D_obs",6083,2952,0,4
"17648","D_obs",6083,2953,0,12
"17649","D_obs",6083,2954,0,11
"17650","D_obs",6083,2955,0,17
"17651","D_obs",6083,2956,0,10
"17652","D_obs",6083,2957,0,9
"17653","D_obs",6083,2958,0,9
"17654","D_obs",6083,2959,0,12
"17655","D_obs",6083,2960,0,6
"17656","D_obs",6083,2961,0,11
"17657","D_obs",6083,2962,0,16
"17658","D_obs",6083,2963,0,13
"17659","D_obs",6083,2964,0,16
"17660","D_obs",6083,2965,0,17
"17661","D_obs",6083,2966,0,18
"17662","D_obs",6083,2967,0,17
"17663","D_obs",6083,2968,0,25
"17664","D_obs",6083,2969,0,22
"17665","D_obs",6083,2970,0,20
"17666","D_obs",6083,2971,0,15
"17667","D_obs",6083,2972,0,25
"17668","D_obs",6083,2973,0,27
"17669","D_obs",6083,2974,0,20
"17670","D_obs",6083,2975,0,23
"17671","D_obs",6083,2976,0,24
"17672","D_obs",6083,2977,0,17
"17673","D_obs",6083,2978,0,19
"17674","D_obs",6083,2979,0,24
"17675","D_obs",6083,2980,0,12
"17676","D_obs",6083,2981,0,22
"17677","D_obs",6083,2982,0,14
"17678","D_obs",6083,2983,0,15
"17679","D_obs",6083,2984,0,13
"17680","D_obs",6083,2985,0,22
"17681","D_obs",6083,2986,0,10
"17682","D_obs",6083,2987,0,14
"17683","D_obs",6083,2988,0,19
"17684","D_obs",6083,2989,0,14
"17685","D_obs",6083,2990,0,13
"17686","D_obs",6083,2991,0,14
"17687","D_obs",6083,2992,0,12
"17688","D_obs",6083,2993,0,18
"17689","D_obs",6083,2994,0,11
"17690","D_obs",6083,2995,0,10
"17691","D_obs",6083,2996,0,8
"17692","D_obs",6083,2997,0,12
"17693","D_obs",6083,2998,0,13
"17694","D_obs",6083,2999,0,17
"17695","D_obs",6083,3000,0,15
"17696","D_obs",6083,3001,0,12
"17697","D_obs",6083,3002,0,17
"17698","D_obs",6083,3003,0,15
"17699","D_obs",6083,3004,0,14
"17700","D_obs",6083,3005,0,11
"17701","D_obs",6083,3006,0,11
"17702","D_obs",6083,3007,0,15
"17703","D_obs",6083,3008,0,7
"17704","D_obs",6083,3009,0,13
"17705","D_obs",6083,3010,0,20
"17706","D_obs",6083,3011,0,12
"17707","D_obs",6083,3012,0,13
"17708","D_obs",6083,3013,0,19
"17709","D_obs",6083,3014,0,17
"17710","D_obs",6083,3015,0,27
"17711","D_obs",6083,3016,0,16
"17712","D_obs",6083,3017,0,24
"17713","D_obs",6083,3018,0,18
"17714","D_obs",6083,3019,0,18
"17715","D_obs",6083,3020,0,14
"17716","D_obs",6083,3021,0,16
"17717","D_obs",6083,3022,0,20
"17718","D_obs",6083,3023,0,20
"17719","D_obs",6083,3024,0,20
"17720","D_obs",6083,3025,0,29
"17721","D_obs",6083,3026,0,16
"17722","D_obs",6083,3027,0,23
"17723","D_obs",6083,3028,0,15
"17724","D_obs",6083,3029,0,26
"17725","D_obs",6083,3030,0,27
"17726","D_obs",6083,3031,0,23
"17727","D_obs",6083,3032,0,30
"17728","D_obs",6083,3033,0,14
"17729","D_obs",6083,3034,0,14
"17730","D_obs",6083,3035,0,19
"17731","D_obs",6083,3036,0,16
"17732","D_obs",6083,3037,0,24
"17733","D_obs",6083,3038,0,13
"17734","D_obs",6083,3039,0,11
"17735","D_obs",6083,3040,0,22
"17736","D_obs",6083,3041,0,9
"17737","D_obs",6083,3042,0,13
"17738","D_obs",6083,3043,0,11
"17739","D_obs",6083,3044,0,13
"17740","D_obs",6083,3045,0,10
"17741","D_obs",6083,3046,0,5
"17742","D_obs",6083,3047,0,12
"17743","D_obs",6083,3048,0,9
"17744","D_obs",6083,3049,0,11
"17745","D_obs",6083,3050,0,11
"17746","D_obs",6083,3051,0,6
"17747","D_obs",6083,3052,0,10
"17748","D_obs",6083,3053,0,9
"17749","D_obs",6083,3054,0,6
"17750","D_obs",6083,3055,0,10
"17751","D_obs",6083,3056,0,10
"17752","D_obs",6083,3057,0,7
"17753","D_obs",6083,3058,0,7
"17754","D_obs",6083,3059,0,15
"17755","D_obs",6083,3060,0,8
"17756","D_obs",6083,3061,0,12
"17757","D_obs",6083,3062,0,10
"17758","D_obs",6083,3063,0,7
"17759","D_obs",6083,3064,0,10
"17760","D_obs",6083,3065,0,10
"17761","D_obs",6083,3066,0,5
"17762","D_obs",6083,3067,0,6
"17763","D_obs",6083,3068,0,13
"17764","D_obs",6083,3069,0,11
"17765","D_obs",6083,3070,0,5
"17766","D_obs",6083,3071,0,15
"17767","D_obs",6083,3072,0,15
"17768","D_obs",6083,3073,0,10
"17769","D_obs",6083,3074,0,13
"17770","D_obs",6083,3075,0,10
"17771","D_obs",6083,3076,0,13
"17772","D_obs",6083,3077,0,10
"17773","D_obs",6083,3078,0,9
"17774","D_obs",6083,3079,0,13
"17775","D_obs",6083,3080,0,8
"17776","D_obs",6083,3081,0,13
"17777","D_obs",6083,3082,0,15
"17778","D_obs",6083,3083,0,19
"17779","D_obs",6083,3084,0,20
"17780","D_obs",6083,3085,0,8
"17781","D_obs",6083,3086,0,17
"17782","D_obs",6083,3087,0,14
"17783","D_obs",6083,3088,0,17
"17784","D_obs",6083,3089,0,9
"17785","D_obs",6083,3090,0,13
"17786","D_obs",6083,3091,0,9
"17787","D_obs",6083,3092,0,14
"17788","D_obs",6083,3093,0,14
"17789","D_obs",6083,3094,0,11
"17790","D_obs",6083,3095,0,16
"17791","D_obs",6083,3096,0,10
"17792","D_obs",6083,3097,0,4
"17793","D_obs",6083,3098,0,12
"17794","D_obs",6083,3099,0,13
"17795","D_obs",6083,3100,0,17
"17796","D_obs",6083,3101,0,19
"17797","D_obs",6083,3102,0,14
"17798","D_obs",6083,3103,0,17
"17799","D_obs",6083,3104,0,19
"17800","D_obs",6083,3105,0,20
"17801","D_obs",6083,3106,0,25
"17802","D_obs",6083,3107,0,13
"17803","D_obs",6083,3108,0,23
"17804","D_obs",6083,3109,0,12
"17805","D_obs",6083,3110,0,21
"17806","D_obs",6083,3111,0,29
"17807","D_obs",6083,3112,0,28
"17808","D_obs",6083,3113,0,21
"17809","D_obs",6083,3114,0,21
"17810","D_obs",6083,3115,0,23
"17811","D_obs",6083,3116,0,20
"17812","D_obs",6083,3117,0,24
"17813","D_obs",6083,3118,0,33
"17814","D_obs",6083,3119,0,21
"17815","D_obs",6083,3120,0,33
"17816","D_obs",6083,3121,0,28
"17817","D_obs",6083,3122,0,38
"17818","D_obs",6083,3123,0,34
"17819","D_obs",6083,3124,0,31
"17820","D_obs",6083,3125,0,27
"17821","D_obs",6083,3126,0,32
"17822","D_obs",6083,3127,0,33
"17823","D_obs",6083,3128,0,24
"17824","D_obs",6083,3129,0,28
"17825","D_obs",6083,3130,0,39
"17826","D_obs",6083,3131,0,36
"17827","D_obs",6083,3132,0,32
"17828","D_obs",6083,3133,0,32
"17829","D_obs",6083,3134,0,29
"17830","D_obs",6083,3135,0,31
"17831","D_obs",6083,3136,0,23
"17832","D_obs",6083,3137,0,35
"17833","D_obs",6083,3138,0,25
"17834","D_obs",6083,3139,0,22
"17835","D_obs",6083,3140,0,32
"17836","D_obs",6083,3141,0,35
"17837","D_obs",6083,3142,0,26
"17838","D_obs",6083,3143,0,35
"17839","D_obs",6083,3144,0,30
"17840","D_obs",6083,3145,0,19
"17841","D_obs",6083,3146,0,26
"17842","D_obs",6083,3147,0,19
"17843","D_obs",6083,3148,0,21
"17844","D_obs",6083,3149,0,15
"17845","D_obs",6083,3150,0,30
"17846","D_obs",6083,3151,0,17
"17847","D_obs",6083,3152,0,30
"17848","D_obs",6083,3153,0,19
"17849","D_obs",6083,3154,0,18
"17850","D_obs",6083,3155,0,24
"17851","D_obs",6083,3156,0,28
"17852","D_obs",6083,3157,0,21
"17853","D_obs",6083,3158,0,15
"17854","D_obs",6083,3159,0,26
"17855","D_obs",6083,3160,0,29
"17856","D_obs",6083,3161,0,27
"17857","D_obs",6083,3162,0,24
"17858","D_obs",6083,3163,0,38
"17859","D_obs",6083,3164,0,29
"17860","D_obs",6083,3165,0,38
"17861","D_obs",6083,3166,0,35
"17862","D_obs",6083,3167,0,34
"17863","D_obs",6083,3168,0,36
"17864","D_obs",6083,3169,0,32
"17865","D_obs",6083,3170,0,44
"17866","D_obs",6083,3171,0,26
"17867","D_obs",6083,3172,0,48
"17868","D_obs",6083,3173,0,33
"17869","D_obs",6083,3174,0,30
"17870","D_obs",6083,3175,0,36
"17871","D_obs",6083,3176,0,25
"17872","D_obs",6083,3177,0,34
"17873","D_obs",6083,3178,0,41
"17874","D_obs",6083,3179,0,39
"17875","D_obs",6083,3180,0,34
"17876","D_obs",6083,3181,0,40
"17877","D_obs",6083,3182,0,33
"17878","D_obs",6083,3183,0,43
"17879","D_obs",6083,3184,0,47
"17880","D_obs",6083,3185,0,37
"17881","D_obs",6083,3186,0,42
"17882","D_obs",6083,3187,0,34
"17883","D_obs",6083,3188,0,30
"17884","D_obs",6083,3189,0,29
"17885","D_obs",6083,3190,0,32
"17886","D_obs",6083,3191,0,27
"17887","D_obs",6083,3192,0,35
"17888","D_obs",6083,3193,0,26
"17889","D_obs",6083,3194,0,25
"17890","D_obs",6083,3195,0,9
"17891","D_obs",6083,3196,0,22
"17892","D_obs",6083,3197,0,23
"17893","D_obs",6083,3198,0,24
"17894","D_obs",6083,3199,0,20
"17895","D_obs",6083,3200,0,20
"17896","D_obs",6083,3201,0,17
"17897","D_obs",6083,3202,0,19
"17898","D_obs",6083,3203,0,13
"17899","D_obs",6083,3204,0,23
"17900","D_obs",6083,3205,0,20
"17901","D_obs",6083,3206,0,29
"17902","D_obs",6083,3207,0,30
"17903","D_obs",6083,3208,0,25
"17904","D_obs",6083,3209,0,30
"17905","D_obs",6083,3210,0,25
"17906","D_obs",6083,3211,0,20
"17907","D_obs",6083,3212,0,20
"17908","D_obs",6083,3213,0,14
"17909","D_obs",6083,3214,0,17
"17910","D_obs",6083,3215,0,19
"17911","D_obs",6083,3216,0,18
"17912","D_obs",6083,3217,0,19
"17913","D_obs",6083,3218,0,17
"17914","D_obs",6083,3219,0,16
"17915","D_obs",6083,3220,0,24
"17916","D_obs",6083,3221,0,29
"17917","D_obs",6083,3222,0,18
"17918","D_obs",6083,3223,0,19
"17919","D_obs",6083,3224,0,14
"17920","D_obs",6083,3225,0,17
"17921","D_obs",6083,3226,0,13
"17922","D_obs",6083,3227,0,13
"17923","D_obs",6083,3228,0,15
"17924","D_obs",6083,3229,0,15
"17925","D_obs",6083,3230,0,18
"17926","D_obs",6083,3231,0,9
"17927","D_obs",6083,3232,0,12
"17928","D_obs",6083,3233,0,18
"17929","D_obs",6083,3234,0,17
"17930","D_obs",6083,3235,0,10
"17931","D_obs",6083,3236,0,9
"17932","D_obs",6083,3237,0,8
"17933","D_obs",6083,3238,0,14
"17934","D_obs",6083,3239,0,19
"17935","D_obs",6083,3240,0,18
"17936","D_obs",6083,3241,0,13
"17937","D_obs",6083,3242,0,14
"17938","D_obs",6083,3243,0,14
"17939","D_obs",6083,3244,0,14
"17940","D_obs",6083,3245,0,12
"17941","D_obs",6083,3246,0,9
"17942","D_obs",6083,3247,0,7
"17943","D_obs",6083,3248,0,11
"17944","D_obs",6083,3249,0,15
"17945","D_obs",6083,3250,0,18
"17946","D_obs",6083,3251,0,10
"17947","D_obs",6083,3252,0,7
"17948","D_obs",6083,3253,0,6
"17949","D_obs",6083,3254,0,4
"17950","D_obs",6083,3255,0,15
"17951","D_obs",6083,3256,0,13
"17952","D_obs",6083,3257,0,11
"17953","D_obs",6083,3258,0,15
"17954","D_obs",6083,3259,0,9
"17955","D_obs",6083,3260,0,9
"17956","D_obs",6083,3261,0,13
"17957","D_obs",6083,3262,0,11
"17958","D_obs",6083,3263,0,13
"17959","D_obs",6083,3264,0,10
"17960","D_obs",6083,3265,0,17
"17961","D_obs",6083,3266,0,17
"17962","D_obs",6083,3267,0,12
"17963","D_obs",6083,3268,0,11
"17964","D_obs",6083,3269,0,18
"17965","D_obs",6083,3270,0,12
"17966","D_obs",6083,3271,0,20
"17967","D_obs",6083,3272,0,23
"17968","D_obs",6083,3273,0,14
"17969","D_obs",6083,3274,0,24
"17970","D_obs",6083,3275,0,15
"17971","D_obs",6083,3276,0,21
"17972","D_obs",6083,3277,0,27
"17973","D_obs",6083,3278,0,21
"17974","D_obs",6083,3279,0,20
"17975","D_obs",6083,3280,0,19
"17976","D_obs",6083,3281,0,13
"17977","D_obs",6083,3282,0,24
"17978","D_obs",6083,3283,0,22
"17979","D_obs",6083,3284,0,25
"17980","D_obs",6083,3285,0,23
"17981","D_obs",6083,3286,0,19
"17982","D_obs",6083,3287,0,23
"17983","D_obs",6083,3288,0,19
"17984","D_obs",6083,3289,0,14
"17985","D_obs",6083,3290,0,27
"17986","D_obs",6083,3291,0,17
"17987","D_obs",6083,3292,0,19
"17988","D_obs",6083,3293,0,19
"17989","D_obs",6083,3294,0,25
"17990","D_obs",6083,3295,0,17
"17991","D_obs",6083,3296,0,11
"17992","D_obs",6083,3297,0,22
"17993","D_obs",6083,3298,0,25
"17994","D_obs",6083,3299,0,26
"17995","D_obs",6083,3300,0,19
"17996","D_obs",6083,3301,0,19
"17997","D_obs",6083,3302,0,23
"17998","D_obs",6083,3303,0,13
"17999","D_obs",6083,3304,0,20
"18000","D_obs",6083,3305,0,15
"18001","D_obs",6083,3306,0,21
"18002","D_obs",6083,3307,0,16
"18003","D_obs",6083,3308,0,17
"18004","D_obs",6083,3309,0,27
"18005","D_obs",6083,3310,0,10
"18006","D_obs",6083,3311,0,11
"18007","D_obs",6083,3312,0,13
"18008","D_obs",6083,3313,0,10
"18009","D_obs",6083,3314,0,11
"18010","D_obs",6083,3315,0,16
"18011","D_obs",6083,3316,0,12
"18012","D_obs",6083,3317,0,19
"18013","D_obs",6083,3318,0,13
"18014","D_obs",6083,3319,0,22
"18015","D_obs",6083,3320,0,18
"18016","D_obs",6083,3321,0,15
"18017","D_obs",6083,3322,0,15
"18018","D_obs",6083,3323,0,11
"18019","D_obs",6083,3324,0,20
"18020","D_obs",6083,3325,0,17
"18021","D_obs",6083,3326,0,24
"18022","D_obs",6083,3327,0,15
"18023","D_obs",6083,3328,0,23
"18024","D_obs",6083,3329,0,15
"18025","D_obs",6083,3330,0,16
"18026","D_obs",6083,3331,0,16
"18027","D_obs",6083,3332,0,18
"18028","D_obs",6083,3333,0,11
"18029","D_obs",6083,3334,0,17
"18030","D_obs",6083,3335,0,27
"18031","D_obs",6083,3336,0,24
"18032","D_obs",6083,3337,0,16
"18033","D_obs",6083,3338,0,15
"18034","D_obs",6083,3339,0,11
"18035","D_obs",6083,3340,0,18
"18036","D_obs",6083,3341,0,21
"18037","D_obs",6083,3342,0,20
"18038","D_obs",6083,3343,0,19
"18039","D_obs",6083,3344,0,26
"18040","D_obs",6083,3345,0,16
"18041","D_obs",6083,3346,0,19
"18042","D_obs",6083,3347,0,12
"18043","D_obs",6083,3348,0,19
"18044","D_obs",6083,3349,0,21
"18045","D_obs",6083,3350,0,15
"18046","D_obs",6083,3351,0,14
"18047","D_obs",6083,3352,0,13
"18048","D_obs",6083,3353,0,14
"18049","D_obs",6083,3354,0,17
"18050","D_obs",6083,3355,0,11
"18051","D_obs",6083,3356,0,10
"18052","D_obs",6083,3357,0,8
"18053","D_obs",6083,3358,0,13
"18054","D_obs",6083,3359,0,7
"18055","D_obs",6083,3360,0,13
"18056","D_obs",6083,3361,0,10
"18057","D_obs",6083,3362,0,15
"18058","D_obs",6083,3363,0,8
"18059","D_obs",6083,3364,0,9
"18060","D_obs",6083,3365,0,13
"18061","D_obs",6083,3366,0,10
"18062","D_obs",6083,3367,0,17
"18063","D_obs",6083,3368,0,9
"18064","D_obs",6083,3369,0,9
"18065","D_obs",6083,3370,0,15
"18066","D_obs",6083,3371,0,14
"18067","D_obs",6083,3372,0,10
"18068","D_obs",6083,3373,0,14
"18069","D_obs",6083,3374,0,11
"18070","D_obs",6083,3375,0,18
"18071","D_obs",6083,3376,0,13
"18072","D_obs",6083,3377,0,20
"18073","D_obs",6083,3378,0,18
"18074","D_obs",6083,3379,0,12
"18075","D_obs",6083,3380,0,16
"18076","D_obs",6083,3381,0,18
"18077","D_obs",6083,3382,0,15
"18078","D_obs",6083,3383,0,11
"18079","D_obs",6083,3384,0,10
"18080","D_obs",6083,3385,0,26
"18081","D_obs",6083,3386,0,19
"18082","D_obs",6083,3387,0,19
"18083","D_obs",6083,3388,0,20
"18084","D_obs",6083,3389,0,18
"18085","D_obs",6083,3390,0,16
"18086","D_obs",6083,3391,0,22
"18087","D_obs",6083,3392,0,20
"18088","D_obs",6083,3393,0,20
"18089","D_obs",6083,3394,0,27
"18090","D_obs",6083,3395,0,27
"18091","D_obs",6083,3396,0,21
"18092","D_obs",6083,3397,0,18
"18093","D_obs",6083,3398,0,19
"18094","D_obs",6083,3399,0,9
"18095","D_obs",6083,3400,0,11
"18096","D_obs",6083,3401,0,19
"18097","D_obs",6083,3402,0,15
"18098","D_obs",6083,3403,0,17
"18099","D_obs",6083,3404,0,17
"18100","D_obs",6083,3405,0,12
"18101","D_obs",6083,3406,0,19
"18102","D_obs",6083,3407,0,9
"18103","D_obs",6083,3408,0,11
"18104","D_obs",6083,3409,0,8
"18105","D_obs",6083,3410,0,8
"18106","D_obs",6083,3411,0,10
"18107","D_obs",6083,3412,0,15
"18108","D_obs",6083,3413,0,22
"18109","D_obs",6083,3414,0,19
"18110","D_obs",6083,3415,0,12
"18111","D_obs",6083,3416,0,10
"18112","D_obs",6083,3417,0,13
"18113","D_obs",6083,3418,0,10
"18114","D_obs",6083,3419,0,11
"18115","D_obs",6083,3420,0,16
"18116","D_obs",6083,3421,0,6
"18117","D_obs",6083,3422,0,17
"18118","D_obs",6083,3423,0,10
"18119","D_obs",6083,3424,0,10
"18120","D_obs",6083,3425,0,8
"18121","D_obs",6083,3426,0,12
"18122","D_obs",6083,3427,0,8
"18123","D_obs",6083,3428,0,8
"18124","D_obs",6083,3429,0,8
"18125","D_obs",6083,3430,0,7
"18126","D_obs",6083,3431,0,8
"18127","D_obs",6083,3432,0,10
"18128","D_obs",6083,3433,0,17
"18129","D_obs",6083,3434,0,7
"18130","D_obs",6083,3435,0,5
"18131","D_obs",6083,3436,0,8
"18132","D_obs",6083,3437,0,3
"18133","D_obs",6083,3438,0,9
"18134","D_obs",6083,3439,0,10
"18135","D_obs",6083,3440,0,7
"18136","D_obs",6083,3441,0,7
"18137","D_obs",6083,3442,0,14
"18138","D_obs",6083,3443,0,10
"18139","D_obs",6083,3444,0,13
"18140","D_obs",6083,3445,0,17
"18141","D_obs",6083,3446,0,12
"18142","D_obs",6083,3447,0,7
"18143","D_obs",6083,3448,0,9
"18144","D_obs",6083,3449,0,11
"18145","D_obs",6083,3450,0,6
"18146","D_obs",6083,3451,0,14
"18147","D_obs",6083,3452,0,12
"18148","D_obs",6083,3453,0,11
"18149","D_obs",6083,3454,0,8
"18150","D_obs",6083,3455,0,8
"18151","D_obs",6083,3456,0,12
"18152","D_obs",6083,3457,0,8
"18153","D_obs",6083,3458,0,7
"18154","D_obs",6083,3459,0,4
"18155","D_obs",6083,3460,0,7
"18156","D_obs",6083,3461,0,7
"18157","D_obs",6083,3462,0,9
"18158","D_obs",6083,3463,0,7
"18159","D_obs",6083,3464,0,4
"18160","D_obs",6083,3465,0,4
"18161","D_obs",6083,3466,0,8
"18162","D_obs",6083,3467,0,6
"18163","D_obs",6083,3468,0,7
"18164","D_obs",6083,3469,0,6
"18165","D_obs",6083,3470,0,10
"18166","D_obs",6083,3471,0,2
"18167","D_obs",6083,3472,0,9
"18168","D_obs",6083,3473,0,5
"18169","D_obs",6083,3474,0,4
"18170","D_obs",6083,3475,0,5
"18171","D_obs",6083,3476,0,7
"18172","D_obs",6083,3477,0,4
"18173","D_obs",6083,3478,0,11
"18174","D_obs",6083,3479,0,12
"18175","D_obs",6083,3480,0,4
"18176","D_obs",6083,3481,0,8
"18177","D_obs",6083,3482,0,5
"18178","D_obs",6083,3483,0,6
"18179","D_obs",6083,3484,0,8
"18180","D_obs",6083,3485,0,8
"18181","D_obs",6083,3486,0,7
"18182","D_obs",6083,3487,0,5
"18183","D_obs",6083,3488,0,5
"18184","D_obs",6083,3489,0,2
"18185","D_obs",6083,3490,0,8
"18186","D_obs",6083,3491,0,9
"18187","D_obs",6083,3492,0,7
"18188","D_obs",6083,3493,0,9
"18189","D_obs",6083,3494,0,6
"18190","D_obs",6083,3495,0,14
"18191","D_obs",6083,3496,0,7
"18192","D_obs",6083,3497,0,14
"18193","D_obs",6083,3498,0,6
"18194","D_obs",6083,3499,0,13
"18195","D_obs",6083,3500,0,8
"18196","D_obs",6083,3501,0,15
"18197","D_obs",6083,3502,0,9
"18198","D_obs",6083,3503,0,11
"18199","D_obs",6083,3504,0,12
"18200","D_obs",6083,3505,0,6
"18201","D_obs",6083,3506,0,7
"18202","D_obs",6083,3507,0,6
"18203","D_obs",6083,3508,0,6
"18204","D_obs",6083,3509,0,10
"18205","D_obs",6083,3510,0,7
"18206","D_obs",6083,3511,0,5
"18207","D_obs",6083,3512,0,4
"18208","D_obs",6083,3513,0,9
"18209","D_obs",6083,3514,0,8
"18210","D_obs",6083,3515,0,6
"18211","D_obs",6083,3516,0,3
"18212","D_obs",6083,3517,0,7
"18213","D_obs",6083,3518,0,7
"18214","D_obs",6083,3519,0,8
"18215","D_obs",6083,3520,0,5
"18216","D_obs",6083,3521,0,11
"18217","D_obs",6083,3522,0,4
"18218","D_obs",6083,3523,0,4
"18219","D_obs",6083,3524,0,6
"18220","D_obs",6083,3525,0,8
"18221","D_obs",6083,3526,0,7
"18222","D_obs",6083,3527,0,11
"18223","D_obs",6083,3528,0,5
"18224","D_obs",6083,3529,0,9
"18225","D_obs",6083,3530,0,12
"18226","D_obs",6083,3531,0,10
"18227","D_obs",6083,3532,0,4
"18228","D_obs",6083,3533,0,5
"18229","D_obs",6083,3534,0,6
"18230","D_obs",6083,3535,0,5
"18231","D_obs",6083,3536,0,6
"18232","D_obs",6083,3537,0,4
"18233","D_obs",6083,3538,0,10
"18234","D_obs",6083,3539,0,5
"18235","D_obs",6083,3540,0,4
"18236","D_obs",6083,3541,0,3
"18237","D_obs",6083,3542,0,3
"18238","D_obs",6083,3543,0,5
"18239","D_obs",6083,3544,0,14
"18240","D_obs",6083,3545,0,7
"18241","D_obs",6083,3546,0,8
"18242","D_obs",6083,3547,0,10
"18243","D_obs",6083,3548,0,8
"18244","D_obs",6083,3549,0,8
"18245","D_obs",6083,3550,0,8
"18246","D_obs",6083,3551,0,11
"18247","D_obs",6083,3552,0,6
"18248","D_obs",6083,3553,0,11
"18249","D_obs",6083,3554,0,8
"18250","D_obs",6083,3555,0,4
"18251","D_obs",6083,3556,0,7
"18252","D_obs",6083,3557,0,9
"18253","D_obs",6083,3558,0,9
"18254","D_obs",6083,3559,0,9
"18255","D_obs",6083,3560,0,8
"18256","D_obs",6083,3561,0,8
"18257","D_obs",6083,3562,0,4
"18258","D_obs",6083,3563,0,5
"18259","D_obs",6083,3564,0,5
"18260","D_obs",6083,3565,0,4
"18261","D_obs",6083,3566,0,6
"18262","D_obs",6083,3567,0,10
"18263","D_obs",6083,3568,0,6
"18264","D_obs",6083,3569,0,8
"18265","D_obs",6083,3570,0,8
"18266","D_obs",6083,3571,0,8
"18267","D_obs",6083,3572,0,3
"18268","D_obs",6083,3573,0,6
"18269","D_obs",6083,3574,0,9
"18270","D_obs",6083,3575,0,17
"18271","D_obs",6083,3576,0,14
"18272","D_obs",6083,3577,0,18
"18273","D_obs",6083,3578,0,17
"18274","D_obs",6083,3579,0,17
"18275","D_obs",6083,3580,0,21
"18276","D_obs",6083,3581,0,13
"18277","D_obs",6083,3582,0,12
"18278","D_obs",6083,3583,0,8
"18279","D_obs",6083,3584,0,17
"18280","D_obs",6083,3585,0,10
"18281","D_obs",6083,3586,0,20
"18282","D_obs",6083,3587,0,15
"18283","D_obs",6083,3588,0,10
"18284","D_obs",6083,3589,0,16
"18285","D_obs",6083,3590,0,12
"18286","D_obs",6083,3591,0,13
"18287","D_obs",6083,3592,0,14
"18288","D_obs",6083,3593,0,13
"18289","D_obs",6083,3594,0,9
"18290","D_obs",6083,3595,0,13
"18291","D_obs",6083,3596,0,14
"18292","D_obs",6083,3597,0,22
"18293","D_obs",6083,3598,0,13
"18294","D_obs",6083,3599,0,9
"18295","D_obs",6083,3600,0,12
"18296","D_obs",6083,3601,0,10
"18297","D_obs",6083,3602,0,4
"18298","D_obs",6083,3603,0,12
"18299","D_obs",6083,3604,0,12
"18300","D_obs",6083,3605,0,10
"18301","D_obs",6083,3606,0,12
"18302","D_obs",6083,3607,0,15
"18303","D_obs",6083,3608,0,15
"18304","D_obs",6083,3609,0,18
"18305","D_obs",6083,3610,0,14
"18306","D_obs",6083,3611,0,12
"18307","D_obs",6083,3612,0,11
"18308","D_obs",6083,3613,0,12
"18309","D_obs",6083,3614,0,14
"18310","D_obs",6083,3615,0,21
"18311","D_obs",6083,3616,0,4
"18312","D_obs",6083,3617,0,10
"18313","D_obs",6083,3618,0,5
"18314","D_obs",6083,3619,0,10
"18315","D_obs",6083,3620,0,11
"18316","D_obs",6083,3621,0,12
"18317","D_obs",6083,3622,0,10
"18318","D_obs",6083,3623,0,10
"18319","D_obs",6083,3624,0,9
"18320","D_obs",6083,3625,0,10
"18321","D_obs",6083,3626,0,12
"18322","D_obs",6083,3627,0,13
"18323","D_obs",6083,3628,0,8
"18324","D_obs",6083,3629,0,8
"18325","D_obs",6083,3630,0,13
"18326","D_obs",6083,3631,0,14
"18327","D_obs",6083,3632,0,8
"18328","D_obs",6083,3633,0,12
"18329","D_obs",6083,3634,0,9
"18330","D_obs",6083,3635,0,13
"18331","D_obs",6083,3636,0,6
"18332","D_obs",6083,3637,0,13
"18333","D_obs",6083,3638,0,8
"18334","D_obs",6083,3639,0,9
"18335","D_obs",6083,3640,0,16
"18336","D_obs",6083,3641,0,11
"18337","D_obs",6083,3642,0,14
"18338","D_obs",6083,3643,0,11
"18339","D_obs",6083,3644,0,9
"18340","D_obs",6083,3645,0,14
"18341","D_obs",6083,3646,0,7
"18342","D_obs",6083,3647,0,8
"18343","D_obs",6083,3648,0,9
"18344","D_obs",6083,3649,0,6
"18345","D_obs",6083,3650,0,10
"18346","D_obs",6083,3651,0,14
"18347","D_obs",6083,3652,0,13
"18348","D_obs",6083,3653,0,8
"18349","D_obs",6083,3654,0,9
"18350","D_obs",6083,3655,0,8
"18351","D_obs",6083,3656,0,5
"18352","D_obs",6083,3657,0,7
"18353","D_obs",6083,3658,0,10
"18354","D_obs",6083,3659,0,11
"18355","D_obs",6083,3660,0,12
"18356","D_obs",6083,3661,0,12
"18357","D_obs",6083,3662,0,13
"18358","D_obs",6083,3663,0,7
"18359","D_obs",6083,3664,0,11
"18360","D_obs",6083,3665,0,6
"18361","D_obs",6083,3666,0,8
"18362","D_obs",6083,3667,0,8
"18363","D_obs",6083,3668,0,9
"18364","D_obs",6083,3669,0,6
"18365","D_obs",6083,3670,0,7
"18366","D_obs",6083,3671,0,7
"18367","D_obs",6083,3672,0,7
"18368","D_obs",6083,3673,0,5
"18369","D_obs",6083,3674,0,5
"18370","D_obs",6083,3675,0,3
"18371","D_obs",6083,3676,0,4
"18372","D_obs",6083,3677,0,7
"18373","D_obs",6083,3678,0,9
"18374","D_obs",6083,3679,0,10
"18375","D_obs",6083,3680,0,7
"18376","D_obs",6083,3681,0,11
"18377","D_obs",6083,3682,0,5
"18378","D_obs",6083,3683,0,4
"18379","D_obs",6083,3684,0,11
"18380","D_obs",6083,3685,0,3
"18381","D_obs",6083,3686,0,5
"18382","D_obs",6083,3687,0,3
"18383","D_obs",6083,3688,0,9
"18384","D_obs",6083,3689,0,9
"18385","D_obs",6083,3690,0,9
"18386","D_obs",6083,3691,0,7
"18387","D_obs",6083,3692,0,7
"18388","D_obs",6083,3693,0,8
"18389","D_obs",6083,3694,0,4
"18390","D_obs",6083,3695,0,12
"18391","D_obs",6083,3696,0,3
"18392","D_obs",6083,3697,0,10
"18393","D_obs",6083,3698,0,3
"18394","D_obs",6083,3699,0,8
"18395","D_obs",6083,3700,0,2
"18396","D_obs",6083,3701,0,10
"18397","D_obs",6083,3702,0,8
"18398","D_obs",6083,3703,0,7
"18399","D_obs",6083,3704,0,5
"18400","D_obs",6083,3705,0,13
"18401","D_obs",6083,3706,0,7
"18402","D_obs",6083,3707,0,4
"18403","D_obs",6083,3708,0,6
"18404","D_obs",6083,3709,0,9
"18405","D_obs",6083,3710,0,0
"18406","D_obs",6083,3711,0,5
"18407","D_obs",6083,3712,0,7
"18408","D_obs",6083,3713,0,9
"18409","D_obs",6083,3714,0,10
"18410","D_obs",6083,3715,0,10
"18411","D_obs",6083,3716,0,10
"18412","D_obs",6083,3717,0,9
"18413","D_obs",6083,3718,0,3
"18414","D_obs",6083,3719,0,4
"18415","D_obs",6083,3720,0,9
"18416","D_obs",6083,3721,0,5
"18417","D_obs",6083,3722,0,5
"18418","D_obs",6083,3723,0,6
"18419","D_obs",6083,3724,0,2
"18420","D_obs",6083,3725,0,4
"18421","D_obs",6083,3726,0,4
"18422","D_obs",6083,3727,0,8
"18423","D_obs",6083,3728,0,4
"18424","D_obs",6083,3729,0,9
"18425","D_obs",6083,3730,0,10
"18426","D_obs",6083,3731,0,3
"18427","D_obs",6083,3732,0,7
"18428","D_obs",6083,3733,0,5
"18429","D_obs",6083,3734,0,4
"18430","D_obs",6083,3735,0,7
"18431","D_obs",6083,3736,0,4
"18432","D_obs",6083,3737,0,10
"18433","D_obs",6083,3738,0,3
"18434","D_obs",6083,3739,0,7
"18435","D_obs",6083,3740,0,9
"18436","D_obs",6083,3741,0,8
"18437","D_obs",6083,3742,0,4
"18438","D_obs",6083,3743,0,7
"18439","D_obs",6083,3744,0,2
"18440","D_obs",6083,3745,0,10
"18441","D_obs",6083,3746,0,4
"18442","D_obs",6083,3747,0,9
"18443","D_obs",6083,3748,0,6
"18444","D_obs",6083,3749,0,2
"18445","D_obs",6083,3750,0,14
"18446","D_obs",6083,3751,0,3
"18447","D_obs",6083,3752,0,9
"18448","D_obs",6083,3753,0,4
"18449","D_obs",6083,3754,0,11
"18450","D_obs",6083,3755,0,6
"18451","D_obs",6083,3756,0,8
"18452","D_obs",6083,3757,0,13
"18453","D_obs",6083,3758,0,9
"18454","D_obs",6083,3759,0,8
"18455","D_obs",6083,3760,0,19
"18456","D_obs",6083,3761,0,5
"18457","D_obs",6083,3762,0,9
"18458","D_obs",6083,3763,0,6
"18459","D_obs",6083,3764,0,3
"18460","D_obs",6083,3765,0,15
"18461","D_obs",6083,3766,0,9
"18462","D_obs",6083,3767,0,14
"18463","D_obs",6083,3768,0,7
"18464","D_obs",6083,3769,0,9
"18465","D_obs",6083,3770,0,10
"18466","D_obs",6083,3771,0,9
"18467","D_obs",6083,3772,0,12
"18468","D_obs",6083,3773,0,10
"18469","D_obs",6083,3774,0,14
"18470","D_obs",6083,3775,0,11
"18471","D_obs",6083,3776,0,7
"18472","D_obs",6083,3777,0,18
"18473","D_obs",6083,3778,0,4
"18474","D_obs",6083,3779,0,10
"18475","D_obs",6083,3780,0,13
"18476","D_obs",6083,3781,0,13
"18477","D_obs",6083,3782,0,9
"18478","D_obs",6083,3783,0,5
"18479","D_obs",6083,3784,0,9
"18480","D_obs",6083,3785,0,11
"18481","D_obs",6083,3786,0,4
"18482","D_obs",6083,3787,0,9
"18483","D_obs",6083,3788,0,11
"18484","D_obs",6083,3789,0,6
"18485","D_obs",6083,3790,0,7
"18486","D_obs",6083,3791,0,12
"18487","D_obs",6083,3792,0,11
"18488","D_obs",6083,3793,0,7
"18489","D_obs",6083,3794,0,6
"18490","D_obs",6083,3795,0,8
"18491","D_obs",6083,3796,0,9
"18492","D_obs",6083,3797,0,16
"18493","D_obs",6083,3798,0,10
"18494","D_obs",6083,3799,0,10
"18495","D_obs",6083,3800,0,11
"18496","D_obs",6083,3801,0,7
"18497","D_obs",6083,3802,0,8
"18498","D_obs",6083,3803,0,6
"18499","D_obs",6083,3804,0,17
"18500","D_obs",6083,3805,0,7
"18501","D_obs",6083,3806,0,9
"18502","D_obs",6083,3807,0,16
"18503","D_obs",6083,3808,0,13
"18504","D_obs",6083,3809,0,17
"18505","D_obs",6083,3810,0,13
"18506","D_obs",6083,3811,0,8
"18507","D_obs",6083,3812,0,6
"18508","D_obs",6083,3813,0,18
"18509","D_obs",6083,3814,0,13
"18510","D_obs",6083,3815,0,20
"18511","D_obs",6083,3816,0,18
"18512","D_obs",6083,3817,0,12
"18513","D_obs",6083,3818,0,9
"18514","D_obs",6083,3819,0,17
"18515","D_obs",6083,3820,0,13
"18516","D_obs",6083,3821,0,10
"18517","D_obs",6083,3822,0,5
"18518","D_obs",6083,3823,0,11
"18519","D_obs",6083,3824,0,9
"18520","D_obs",6083,3825,0,10
"18521","D_obs",6083,3826,0,6
"18522","D_obs",6083,3827,0,12
"18523","D_obs",6083,3828,0,10
"18524","D_obs",6083,3829,0,9
"18525","D_obs",6083,3830,0,8
"18526","D_obs",6083,3831,0,8
"18527","D_obs",6083,3832,0,7
"18528","D_obs",6083,3833,0,19
"18529","D_obs",6083,3834,0,6
"18530","D_obs",6083,3835,0,17
"18531","D_obs",6083,3836,0,11
"18532","D_obs",6083,3837,0,10
"18533","D_obs",6083,3838,0,15
"18534","D_obs",6083,3839,0,12
"18535","D_obs",6083,3840,0,6
"18536","D_obs",6083,3841,0,15
"18537","D_obs",6083,3842,0,13
"18538","D_obs",6083,3843,0,5
"18539","D_obs",6083,3844,0,17
"18540","D_obs",6083,3845,0,6
"18541","D_obs",6083,3846,0,12
"18542","D_obs",6083,3847,0,6
"18543","D_obs",6083,3848,0,6
"18544","D_obs",6083,3849,0,10
"18545","D_obs",6083,3850,0,8
"18546","D_obs",6083,3851,0,9
"18547","D_obs",6083,3852,0,7
"18548","D_obs",6083,3853,0,6
"18549","D_obs",6083,3854,0,4
"18550","D_obs",6083,3855,0,7
"18551","D_obs",6083,3856,0,10
"18552","D_obs",6083,3857,0,12
"18553","D_obs",6083,3858,0,19
"18554","D_obs",6083,3859,0,9
"18555","D_obs",6083,3860,0,15
"18556","D_obs",6083,3861,0,11
"18557","D_obs",6083,3862,0,17
"18558","D_obs",6083,3863,0,5
"18559","D_obs",6083,3864,0,8
"18560","D_obs",6083,3865,0,12
"18561","D_obs",6083,3866,0,12
"18562","D_obs",6083,3867,0,15
"18563","D_obs",6083,3868,0,9
"18564","D_obs",6083,3869,0,8
"18565","D_obs",6083,3870,0,8
"18566","D_obs",6083,3871,0,9
"18567","D_obs",6083,3872,0,11
"18568","D_obs",6083,3873,0,11
"18569","D_obs",6083,3874,0,8
"18570","D_obs",6083,3875,0,6
"18571","D_obs",6083,3876,0,8
"18572","D_obs",6083,3877,0,8
"18573","D_obs",6083,3878,0,6
"18574","D_obs",6083,3879,0,7
"18575","D_obs",6083,3880,0,8
"18576","D_obs",6083,3881,0,6
"18577","D_obs",6083,3882,0,8
"18578","D_obs",6083,3883,0,13
"18579","D_obs",6083,3884,0,9
"18580","D_obs",6083,3885,0,9
"18581","D_obs",6083,3886,0,8
"18582","D_obs",6083,3887,0,8
"18583","D_obs",6083,3888,0,9
"18584","D_obs",6083,3889,0,12
"18585","D_obs",6083,3890,0,13
"18586","D_obs",6083,3891,0,13
"18587","D_obs",6083,3892,0,11
"18588","D_obs",6083,3893,0,13
"18589","D_obs",6083,3894,0,10
"18590","D_obs",6083,3895,0,13
"18591","D_obs",6083,3896,0,13
"18592","D_obs",6083,3897,0,11
"18593","D_obs",6083,3898,0,15
"18594","D_obs",6083,3899,0,19
"18595","D_obs",6083,3900,0,13
"18596","D_obs",6083,3901,0,16
"18597","D_obs",6083,3902,0,8
"18598","D_obs",6083,3903,0,7
"18599","D_obs",6083,3904,0,14
"18600","D_obs",6083,3905,0,13
"18601","D_obs",6083,3906,0,12
"18602","D_obs",6083,3907,0,13
"18603","D_obs",6083,3908,0,14
"18604","D_obs",6083,3909,0,18
"18605","D_obs",6083,3910,0,19
"18606","D_obs",6083,3911,0,25
"18607","D_obs",6083,3912,0,26
"18608","D_obs",6083,3913,0,22
"18609","D_obs",6083,3914,0,16
"18610","D_obs",6083,3915,0,9
"18611","D_obs",6083,3916,0,18
"18612","D_obs",6083,3917,0,13
"18613","D_obs",6083,3918,0,19
"18614","D_obs",6083,3919,0,13
"18615","D_obs",6083,3920,0,24
"18616","D_obs",6083,3921,0,10
"18617","D_obs",6083,3922,0,17
"18618","D_obs",6083,3923,0,11
"18619","D_obs",6083,3924,0,24
"18620","D_obs",6083,3925,0,19
"18621","D_obs",6083,3926,0,12
"18622","D_obs",6083,3927,0,16
"18623","D_obs",6083,3928,0,16
"18624","D_obs",6083,3929,0,11
"18625","D_obs",6083,3930,0,10
"18626","D_obs",6083,3931,0,10
"18627","D_obs",6083,3932,0,14
"18628","D_obs",6083,3933,0,11
"18629","D_obs",6083,3934,0,15
"18630","D_obs",6083,3935,0,6
"18631","D_obs",6083,3936,0,12
"18632","D_obs",6083,3937,0,15
"18633","D_obs",6083,3938,0,8
"18634","D_obs",6083,3939,0,12
"18635","D_obs",6083,3940,0,10
"18636","D_obs",6083,3941,0,7
"18637","D_obs",6083,3942,0,8
"18638","D_obs",6083,3943,0,10
"18639","D_obs",6083,3944,0,10
"18640","D_obs",6083,3945,0,10
"18641","D_obs",6083,3946,0,7
"18642","D_obs",6083,3947,0,7
"18643","D_obs",6083,3948,0,9
"18644","D_obs",6083,3949,0,4
"18645","D_obs",6083,3950,0,6
"18646","D_obs",6083,3951,0,10
"18647","D_obs",6083,3952,0,10
"18648","D_obs",6083,3953,0,9
"18649","D_obs",6083,3954,0,9
"18650","D_obs",6083,3955,0,6
"18651","D_obs",6083,3956,0,13
"18652","D_obs",6083,3957,0,11
"18653","D_obs",6083,3958,0,6
"18654","D_obs",6083,3959,0,8
"18655","D_obs",6083,3960,0,3
"18656","D_obs",6083,3961,0,11
"18657","D_obs",6083,3962,0,12
"18658","D_obs",6083,3963,0,4
"18659","D_obs",6083,3964,0,6
"18660","D_obs",6083,3965,0,13
"18661","D_obs",6083,3966,0,10
"18662","D_obs",6083,3967,0,11
"18663","D_obs",6083,3968,0,8
"18664","D_obs",6083,3969,0,9
"18665","D_obs",6083,3970,0,14
"18666","D_obs",6083,3971,0,10
"18667","D_obs",6083,3972,0,14
"18668","D_obs",6083,3973,0,6
"18669","D_obs",6083,3974,0,7
"18670","D_obs",6083,3975,0,4
"18671","D_obs",6083,3976,0,11
"18672","D_obs",6083,3977,0,11
"18673","D_obs",6083,3978,0,7
"18674","D_obs",6083,3979,0,11
"18675","D_obs",6083,3980,0,9
"18676","D_obs",6083,3981,0,8
"18677","D_obs",6083,3982,0,8
"18678","D_obs",6083,3983,0,7
"18679","D_obs",6083,3984,0,9
"18680","D_obs",6083,3985,0,7
"18681","D_obs",6083,3986,0,9
"18682","D_obs",6083,3987,0,8
"18683","D_obs",6083,3988,0,11
"18684","D_obs",6083,3989,0,9
"18685","D_obs",6083,3990,0,8
"18686","D_obs",6083,3991,0,10
"18687","D_obs",6083,3992,0,10
"18688","D_obs",6083,3993,0,12
"18689","D_obs",6083,3994,0,6
"18690","D_obs",6083,3995,0,6
"18691","D_obs",6083,3996,0,8
"18692","D_obs",6083,3997,0,10
"18693","D_obs",6083,3998,0,10
"18694","D_obs",6083,3999,0,7
"18695","D_obs",6083,4000,0,3
"18696","D_obs",6083,4001,0,9
"18697","D_obs",6083,4002,0,6
"18698","D_obs",6083,4003,0,8
"18699","D_obs",6083,4004,0,4
"18700","D_obs",6083,4005,0,4
"18701","D_obs",6083,4006,0,9
"18702","D_obs",6083,4007,0,7
"18703","D_obs",6083,4008,0,6
"18704","D_obs",6083,4009,0,2
"18705","D_obs",6083,4010,0,5
"18706","D_obs",6083,4011,0,3
"18707","D_obs",6083,4012,0,8
"18708","D_obs",6083,4013,0,10
"18709","D_obs",6083,4014,0,10
"18710","D_obs",6083,4015,0,10
"18711","D_obs",6083,4016,0,3
"18712","D_obs",6083,4017,0,5
"18713","D_obs",6083,4018,0,6
"18714","D_obs",6083,4019,0,8
"18715","D_obs",6083,4020,0,3
"18716","D_obs",6083,4021,0,7
"18717","D_obs",6083,4022,0,11
"18718","D_obs",6083,4023,0,4
"18719","D_obs",6083,4024,0,5
"18720","D_obs",6083,4025,0,6
"18721","D_obs",6083,4026,0,8
"18722","D_obs",6083,4027,0,5
"18723","D_obs",6083,4028,0,2
"18724","D_obs",6083,4029,0,0
"18725","D_obs",6083,4030,0,10
"18726","D_obs",6083,4031,0,5
"18727","D_obs",6083,4032,0,6
"18728","D_obs",6083,4033,0,8
"18729","D_obs",6083,4034,0,4
"18730","D_obs",6083,4035,0,6
"18731","D_obs",6083,4036,0,9
"18732","D_obs",6083,4037,0,6
"18733","D_obs",6083,4038,0,10
"18734","D_obs",6083,4039,0,2
"18735","D_obs",6083,4040,0,4
"18736","D_obs",6083,4041,0,5
"18737","D_obs",6083,4042,0,6
"18738","D_obs",6083,4043,0,0
"18739","D_obs",6083,4044,0,6
"18740","D_obs",6083,4045,0,3
"18741","D_obs",6083,4046,0,4
"18742","D_obs",6083,4047,0,3
"18743","D_obs",6083,4048,0,6
"18744","D_obs",6083,4049,0,5
"18745","D_obs",6083,4050,0,3
"18746","D_obs",6083,4051,0,3
"18747","D_obs",6083,4052,0,2
"18748","D_obs",6083,4053,0,8
"18749","D_obs",6083,4054,0,4
"18750","D_obs",6083,4055,0,5
"18751","D_obs",6083,4056,0,2
"18752","D_obs",6083,4057,0,5
"18753","D_obs",6083,4058,0,1
"18754","D_obs",6083,4059,0,4
"18755","D_obs",6083,4060,0,3
"18756","D_obs",6083,4061,0,5
"18757","D_obs",6083,4062,0,2
"18758","D_obs",6083,4063,0,4
"18759","D_obs",6083,4064,0,3
"18760","D_obs",6083,4065,0,4
"18761","D_obs",6083,4066,0,3
"18762","D_obs",6083,4067,0,5
"18763","D_obs",6083,4068,0,4
"18764","D_obs",6083,4069,0,2
"18765","D_obs",6083,4070,0,3
"18766","D_obs",6083,4071,0,3
"18767","D_obs",6083,4072,0,8
"18768","D_obs",6083,4073,0,4
"18769","D_obs",6083,4074,0,3
"18770","D_obs",6083,4075,0,0
"18771","D_obs",6083,4076,0,2
"18772","D_obs",6083,4077,0,1
"18773","D_obs",6083,4078,0,3
"18774","D_obs",6083,4079,0,1
"18775","D_obs",6083,4080,0,5
"18776","D_obs",6083,4081,0,5
"18777","D_obs",6083,4082,0,3
"18778","D_obs",6083,4083,0,6
"18779","D_obs",6083,4084,0,1
"18780","D_obs",6083,4085,0,1
"18781","D_obs",6083,4086,0,6
"18782","D_obs",6083,4087,0,2
"18783","D_obs",6083,4088,0,3
"18784","D_obs",6083,4089,0,4
"18785","D_obs",6083,4090,0,3
"18786","D_obs",6083,4091,0,3
"18787","D_obs",6083,4092,0,3
"18788","D_obs",6083,4093,0,3
"18789","D_obs",6083,4094,0,4
"18790","D_obs",6083,4095,0,2
"18791","D_obs",6083,4096,0,3
"18792","D_obs",6083,4097,0,4
"18793","D_obs",6083,4098,0,2
"18794","D_obs",6083,4099,0,6
"18795","D_obs",6083,4100,0,3
"18796","D_obs",6083,4101,0,1
"18797","D_obs",6083,4102,0,3
"18798","D_obs",6083,4103,0,6
"18799","D_obs",6083,4104,0,3
"18800","D_obs",6083,4105,0,5
"18801","D_obs",6083,4106,0,3
"18802","D_obs",6083,4107,0,6
"18803","D_obs",6083,4108,0,2
"18804","D_obs",6083,4109,0,3
"18805","D_obs",6083,4110,0,6
"18806","D_obs",6083,4111,0,2
"18807","D_obs",6083,4112,0,0
"18808","D_obs",6083,4113,0,13
"18809","D_obs",6083,4114,0,5
"18810","D_obs",6083,4115,0,0
"18811","D_obs",6083,4116,0,4
"18812","D_obs",6083,4117,0,4
"18813","D_obs",6083,4118,0,4
"18814","D_obs",6083,4119,0,4
"18815","D_obs",6083,4120,0,1
"18816","D_obs",6083,4121,0,4
"18817","D_obs",6083,4122,0,3
"18818","D_obs",6083,4123,0,7
"18819","D_obs",6083,4124,0,5
"18820","D_obs",6083,4125,0,3
"18821","D_obs",6083,4126,0,1
"18822","D_obs",6083,4127,0,3
"18823","D_obs",6083,4128,0,5
"18824","D_obs",6083,4129,0,2
"18825","D_obs",6083,4130,0,3
"18826","D_obs",6083,4131,0,3
"18827","D_obs",6083,4132,0,3
"18828","D_obs",6083,4133,0,0
"18829","D_obs",6083,4134,0,3
"18830","D_obs",6083,4135,0,0
"18831","D_obs",6083,4136,0,1
"18832","D_obs",6083,4137,0,2
"18833","D_obs",6083,4138,0,1
"18834","D_obs",6083,4139,0,2
"18835","D_obs",6083,4140,0,5
"18836","D_obs",6083,4141,0,2
"18837","D_obs",6083,4142,0,0
"18838","D_obs",6083,4143,0,1
"18839","D_obs",6083,4144,0,1
"18840","D_obs",6083,4145,0,2
"18841","D_obs",6083,4146,0,4
"18842","D_obs",6083,4147,0,1
"18843","D_obs",6083,4148,0,4
"18844","D_obs",6083,4149,0,3
"18845","D_obs",6083,4150,0,4
"18846","D_obs",6083,4151,0,4
"18847","D_obs",6083,4152,0,3
"18848","D_obs",6083,4153,0,2
"18849","D_obs",6083,4154,0,3
"18850","D_obs",6083,4155,0,6
"18851","D_obs",6083,4156,0,5
"18852","D_obs",6083,4157,0,3
"18853","D_obs",6083,4158,0,4
"18854","D_obs",6083,4159,0,4
"18855","D_obs",6083,4160,0,5
"18856","D_obs",6083,4161,0,2
"18857","D_obs",6083,4162,0,5
"18858","D_obs",6083,4163,0,3
"18859","D_obs",6083,4164,0,4
"18860","D_obs",6083,4165,0,1
"18861","D_obs",6083,4166,0,5
"18862","D_obs",6083,4167,0,2
"18863","D_obs",6083,4168,0,4
"18864","D_obs",6083,4169,0,2
"18865","D_obs",6083,4170,0,2
"18866","D_obs",6083,4171,0,3
"18867","D_obs",6083,4172,0,8
"18868","D_obs",6083,4173,0,1
"18869","D_obs",6083,4174,0,5
"18870","D_obs",6083,4175,0,4
"18871","D_obs",6083,4176,0,9
"18872","D_obs",6083,4177,0,6
"18873","D_obs",6083,4178,0,3
"18874","D_obs",6083,4179,0,0
"18875","D_obs",6083,4180,0,1
"18876","D_obs",6083,4181,0,3
"18877","D_obs",6083,4182,0,5
"18878","D_obs",6083,4183,0,7
"18879","D_obs",6083,4184,0,3
"18880","D_obs",6083,4185,0,9
"18881","D_obs",6083,4186,0,3
"18882","D_obs",6083,4187,0,2
"18883","D_obs",6083,4188,0,7
"18884","D_obs",6083,4189,0,3
"18885","D_obs",6083,4190,0,6
"18886","D_obs",6083,4191,0,4
"18887","D_obs",6083,4192,0,0
"18888","D_obs",6083,4193,0,3
"18889","D_obs",6083,4194,0,4
"18890","D_obs",6083,4195,0,1
"18891","D_obs",6083,4196,0,5
"18892","D_obs",6083,4197,0,4
"18893","D_obs",6083,4198,0,3
"18894","D_obs",6083,4199,0,4
"18895","D_obs",6083,4200,0,3
"18896","D_obs",6083,4201,0,3
"18897","D_obs",6083,4202,0,1
"18898","D_obs",6083,4203,0,4
"18899","D_obs",6083,4204,0,4
"18900","D_obs",6083,4205,0,1
"18901","D_obs",6083,4206,0,5
"18902","D_obs",6083,4207,0,2
"18903","D_obs",6083,4208,0,2
"18904","D_obs",6083,4209,0,3
"18905","D_obs",6083,4210,0,5
"18906","D_obs",6083,4211,0,4
"18907","D_obs",6083,4212,0,1
"18908","D_obs",6083,4213,0,5
"18909","D_obs",6083,4214,0,4
"18910","D_obs",6083,4215,0,8
"18911","D_obs",6083,4216,0,7
"18912","D_obs",6083,4217,0,1
"18913","D_obs",6083,4218,0,3
"18914","D_obs",6083,4219,0,2
"18915","D_obs",6083,4220,0,1
"18916","D_obs",6083,4221,0,2
"18917","D_obs",6083,4222,0,2
"18918","D_obs",6083,4223,0,3
"18919","D_obs",6083,4224,0,3
"18920","D_obs",6083,4225,0,4
"18921","D_obs",6083,4226,0,1
"18922","D_obs",6083,4227,0,1
"18923","D_obs",6083,4228,0,4
"18924","D_obs",6083,4229,0,3
"18925","D_obs",6083,4230,0,5
"18926","D_obs",6083,4231,0,0
"18927","D_obs",6083,4232,0,5
"18928","D_obs",6083,4233,0,7
"18929","D_obs",6083,4234,0,6
"18930","D_obs",6083,4235,0,5
"18931","D_obs",6083,4236,0,4
"18932","D_obs",6083,4237,0,4
"18933","D_obs",6083,4238,0,6
"18934","D_obs",6083,4239,0,3
"18935","D_obs",6083,4240,0,5
"18936","D_obs",6083,4241,0,4
"18937","D_obs",6083,4242,0,4
"18938","D_obs",6083,4243,0,3
"18939","D_obs",6083,4244,0,7
"18940","D_obs",6083,4245,0,1
"18941","D_obs",6083,4246,0,8
"18942","D_obs",6083,4247,0,10
"18943","D_obs",6083,4248,0,7
"18944","D_obs",6083,4249,0,2
"18945","D_obs",6083,4250,0,7
"18946","D_obs",6083,4251,0,5
"18947","D_obs",6083,4252,0,5
"18948","D_obs",6083,4253,0,6
"18949","D_obs",6083,4254,0,8
"18950","D_obs",6083,4255,0,6
"18951","D_obs",6083,4256,0,6
"18952","D_obs",6083,4257,0,3
"18953","D_obs",6083,4258,0,4
"18954","D_obs",6083,4259,0,8
"18955","D_obs",6083,4260,0,6
"18956","D_obs",6083,4261,0,3
"18957","D_obs",6083,4262,0,5
"18958","D_obs",6083,4263,0,1
"18959","D_obs",6083,4264,0,4
"18960","D_obs",6083,4265,0,7
"18961","D_obs",6083,4266,0,4
"18962","D_obs",6083,4267,0,3
"18963","D_obs",6083,4268,0,8
"18964","D_obs",6083,4269,0,4
"18965","D_obs",6083,4270,0,8
"18966","D_obs",6083,4271,0,12
"18967","D_obs",6083,4272,0,6
"18968","D_obs",6083,4273,0,5
"18969","D_obs",6083,4274,0,5
"18970","D_obs",6083,4275,0,4
"18971","D_obs",6083,4276,0,6
"18972","D_obs",6083,4277,0,3
"18973","D_obs",6083,4278,0,10
"18974","D_obs",6083,4279,0,6
"18975","D_obs",6083,4280,0,8
"18976","D_obs",6083,4281,0,10
"18977","D_obs",6083,4282,0,14
"18978","D_obs",6083,4283,0,10
"18979","D_obs",6083,4284,0,11
"18980","D_obs",6083,4285,0,10
"18981","D_obs",6083,4286,0,6
"18982","D_obs",6083,4287,0,10
"18983","D_obs",6083,4288,0,6
"18984","D_obs",6083,4289,0,10
"18985","D_obs",6083,4290,0,4
"18986","D_obs",6083,4291,0,6
"18987","D_obs",6083,4292,0,7
"18988","D_obs",6083,4293,0,13
"18989","D_obs",6083,4294,0,10
"18990","D_obs",6083,4295,0,6
"18991","D_obs",6083,4296,0,7
"18992","D_obs",6083,4297,0,7
"18993","D_obs",6083,4298,0,6
"18994","D_obs",6083,4299,0,13
"18995","D_obs",6083,4300,0,5
"18996","D_obs",6083,4301,0,4
"18997","D_obs",6083,4302,0,9
"18998","D_obs",6083,4303,0,13
"18999","D_obs",6083,4304,0,9
"19000","D_obs",6083,4305,0,5
"19001","D_obs",6083,4306,0,6
"19002","D_obs",6083,4307,0,5
"19003","D_obs",6083,4308,0,4
"19004","D_obs",6083,4309,0,7
"19005","D_obs",6083,4310,0,5
"19006","D_obs",6083,4311,0,9
"19007","D_obs",6083,4312,0,10
"19008","D_obs",6083,4313,0,4
"19009","D_obs",6083,4314,0,6
"19010","D_obs",6083,4315,0,4
"19011","D_obs",6083,4316,0,9
"19012","D_obs",6083,4317,0,5
"19013","D_obs",6083,4318,0,4
"19014","D_obs",6083,4319,0,5
"19015","D_obs",6083,4320,0,4
"19016","D_obs",6083,4321,0,3
"19017","D_obs",6083,4322,0,4
"19018","D_obs",6083,4323,0,5
"19019","D_obs",6083,4324,0,4
"19020","D_obs",6083,4325,0,3
"19021","D_obs",6083,4326,0,2
"19022","D_obs",6083,4327,0,3
"19023","D_obs",6083,4328,0,8
"19024","D_obs",6083,4329,0,4
"19025","D_obs",6083,4330,0,6
"19026","D_obs",6083,4331,0,9
"19027","D_obs",6083,4332,0,8
"19028","D_obs",6083,4333,0,10
"19029","D_obs",6083,4334,0,10
"19030","D_obs",6083,4335,0,5
"19031","D_obs",6083,4336,0,3
"19032","D_obs",6083,4337,0,5
"19033","D_obs",6083,4338,0,6
"19034","D_obs",6083,4339,0,6
"19035","D_obs",6083,4340,0,6
"19036","D_obs",6083,4341,0,7
"19037","D_obs",6083,4342,0,1
"19038","D_obs",6083,4343,0,6
"19039","D_obs",6083,4344,0,7
"19040","D_obs",6083,4345,0,2
"19041","D_obs",6083,4346,0,7
"19042","D_obs",6083,4347,0,5
"19043","D_obs",6083,4348,0,2
"19044","D_obs",6083,4349,0,3
"19045","D_obs",6083,4350,0,5
"19046","D_obs",6083,4351,0,1
"19047","D_obs",6083,4352,0,7
"19048","D_obs",6083,4353,0,2
"19049","D_obs",6083,4354,0,3
"19050","D_obs",6083,4355,0,8
"19051","D_obs",6083,4356,0,5
"19052","D_obs",6083,4357,0,6
"19053","D_obs",6083,4358,0,4
"19054","D_obs",6083,4359,0,1
"19055","D_obs",6083,4360,0,3
"19056","D_obs",6083,4361,0,2
"19057","D_obs",6083,4362,0,2
"19058","D_obs",6083,4363,0,1
"19059","D_obs",6083,4364,0,1
"19060","D_obs",6083,4365,0,3
"19061","D_obs",6083,4366,0,2
"19062","D_obs",6083,4367,0,4
"19063","D_obs",6083,4368,0,5
"19064","D_obs",6083,4369,0,3
"19065","D_obs",6083,4370,0,2
"19066","D_obs",6083,4371,0,1
"19067","D_obs",6083,4372,0,1
"19068","D_obs",6083,4373,0,1
"19069","D_obs",6083,4374,0,2
"19070","D_obs",6083,4375,0,0
"19071","D_obs",6083,4376,0,1
"19072","D_obs",6083,4377,0,1
"19073","D_obs",6083,4378,0,1
"19074","D_obs",6083,4379,0,3
"19075","D_obs",6083,4380,0,3
"19076","D_obs",6083,4381,0,2
"19077","D_obs",6083,4382,0,3
"19078","D_obs",6083,4383,0,1
"19079","D_obs",6083,4384,0,0
"19080","D_obs",6083,4385,0,3
"19081","D_obs",6083,4386,0,0
"19082","D_obs",6083,4387,0,2
"19083","D_obs",6083,4388,0,1
"19084","D_obs",6083,4389,0,1
"19085","D_obs",6083,4390,0,2
"19086","D_obs",6083,4391,0,1
"19087","D_obs",6083,4392,0,0
"19088","D_obs",6083,4393,0,3
"19089","D_obs",6083,4394,0,1
"19090","D_obs",6083,4395,0,0
"19091","D_obs",6083,4396,0,2
"19092","D_obs",6083,4397,0,1
"19093","D_obs",6083,4398,0,5
"19094","D_obs",6083,4399,0,3
"19095","D_obs",6083,4400,0,0
"19096","D_obs",6083,4401,0,1
"19097","D_obs",6083,4402,0,1
"19098","D_obs",6083,4403,0,3
"19099","D_obs",6083,4404,0,2
"19100","D_obs",6083,4405,0,2
"19101","D_obs",6083,4406,0,2
"19102","D_obs",6083,4407,0,5
"19103","D_obs",6083,4408,0,1
"19104","D_obs",6083,4409,0,2
"19105","D_obs",6083,4410,0,2
"19106","D_obs",6083,4411,0,1
"19107","D_obs",6083,4412,0,0
"19108","D_obs",6083,4413,0,0
"19109","D_obs",6083,4414,0,0
"19110","D_obs",6083,4415,0,3
"19111","D_obs",6083,4416,0,1
"19112","D_obs",6083,4417,0,1
"19113","D_obs",6083,4418,0,1
"19114","D_obs",6083,4419,0,2
"19115","D_obs",6083,4420,0,0
"19116","D_obs",6083,4421,0,3
"19117","D_obs",6083,4422,0,2
"19118","D_obs",6083,4423,0,1
"19119","D_obs",6083,4424,0,2
"19120","D_obs",6083,4425,0,1
"19121","D_obs",6083,4426,0,2
"19122","D_obs",6083,4427,0,0
"19123","D_obs",6083,4428,0,1
"19124","D_obs",6083,4429,0,1
"19125","D_obs",6083,4430,0,2
"19126","D_obs",6083,4431,0,0
"19127","D_obs",6083,4432,0,0
"19128","D_obs",6083,4433,0,3
"19129","D_obs",6083,4434,0,3
"19130","D_obs",6083,4435,0,2
"19131","D_obs",6083,4436,0,1
"19132","D_obs",6083,4437,0,1
"19133","D_obs",6083,4438,0,3
"19134","D_obs",6083,4439,0,4
"19135","D_obs",6083,4440,0,2
"19136","D_obs",6083,4441,0,3
"19137","D_obs",6083,4442,0,3
"19138","D_obs",6083,4443,0,0
"19139","D_obs",6083,4444,0,1
"19140","D_obs",6083,4445,0,3
"19141","D_obs",6083,4446,0,1
"19142","D_obs",6083,4447,0,3
"19143","D_obs",6083,4448,0,3
"19144","D_obs",6083,4449,0,3
"19145","D_obs",6083,4450,0,2
"19146","D_obs",6083,4451,0,3
"19147","D_obs",6083,4452,0,0
"19148","D_obs",6083,4453,0,2
"19149","D_obs",6083,4454,0,2
"19150","D_obs",6083,4455,0,0
"19151","D_obs",6083,4456,0,2
"19152","D_obs",6083,4457,0,3
"19153","D_obs",6083,4458,0,2
"19154","D_obs",6083,4459,0,0
"19155","D_obs",6083,4460,0,2
"19156","D_obs",6083,4461,0,4
"19157","D_obs",6083,4462,0,1
"19158","D_obs",6083,4463,0,0
"19159","D_obs",6083,4464,0,2
"19160","D_obs",6083,4465,0,1
"19161","D_obs",6083,4466,0,0
"19162","D_obs",6083,4467,0,1
"19163","D_obs",6083,4468,0,2
"19164","D_obs",6083,4469,0,2
"19165","D_obs",6083,4470,0,2
"19166","D_obs",6083,4471,0,3
"19167","D_obs",6083,4472,0,5
"19168","D_obs",6083,4473,0,2
"19169","D_obs",6083,4474,0,1
"19170","D_obs",6083,4475,0,2
"19171","D_obs",6083,4476,0,0
"19172","D_obs",6083,4477,0,0
"19173","D_obs",6083,4478,0,1
"19174","D_obs",6083,4479,0,3
"19175","D_obs",6083,4480,0,3
"19176","D_obs",6083,4481,0,1
"19177","D_obs",6083,4482,0,2
"19178","D_obs",6083,4483,0,2
"19179","D_obs",6083,4484,0,3
"19180","D_obs",6083,4485,0,5
"19181","D_obs",6083,4486,0,5
"19182","D_obs",6083,4487,0,9
"19183","D_obs",6083,4488,0,5
"19184","D_obs",6083,4489,0,2
"19185","D_obs",6083,4490,0,2
"19186","D_obs",6083,4491,0,6
"19187","D_obs",6083,4492,0,4
"19188","D_obs",6083,4493,0,2
"19189","D_obs",6083,4494,0,2
"19190","D_obs",6083,4495,0,1
"19191","D_obs",6083,4496,0,0
"19192","D_obs",6083,4497,0,3
"19193","D_obs",6083,4498,0,2
"19194","D_obs",6083,4499,0,1
"19195","D_obs",6083,4500,0,4
"19196","D_obs",6083,4501,0,0
"19197","D_obs",6083,4502,0,6
"19198","D_obs",6083,4503,0,7
"19199","D_obs",6083,4504,0,5
"19200","D_obs",6083,4505,0,5
"19201","D_obs",6083,4506,0,4
"19202","D_obs",6083,4507,0,3
"19203","D_obs",6083,4508,0,2
"19204","D_obs",6083,4509,0,4
"19205","D_obs",6083,4510,0,4
"19206","D_obs",6083,4511,0,2
"19207","D_obs",6083,4512,0,2
"19208","D_obs",6083,4513,0,0
"19209","D_obs",6083,4514,0,2
"19210","D_obs",6083,4515,0,3
"19211","D_obs",6083,4516,0,4
"19212","D_obs",6083,4517,0,3
"19213","D_obs",6083,4518,0,1
"19214","D_obs",6083,4519,0,1
"19215","D_obs",6083,4520,0,2
"19216","D_obs",6083,4521,0,2
"19217","D_obs",6083,4522,0,6
"19218","D_obs",6083,4523,0,2
"19219","D_obs",6083,4524,0,1
"19220","D_obs",6083,4525,0,4
"19221","D_obs",6083,4526,0,1
"19222","D_obs",6083,4527,0,0
"19223","D_obs",6083,4528,0,0
"19224","D_obs",6083,4529,0,2
"19225","D_obs",6083,4530,0,0
"19226","D_obs",6083,4531,0,4
"19227","D_obs",6083,4532,0,2
"19228","D_obs",6083,4533,0,4
"19229","D_obs",6083,4534,0,4
"19230","D_obs",6083,4535,0,2
"19231","D_obs",6083,4536,0,2
"19232","D_obs",6083,4537,0,3
"19233","D_obs",6083,4538,0,5
"19234","D_obs",6083,4539,0,0
"19235","D_obs",6083,4540,0,2
"19236","D_obs",6083,4541,0,2
"19237","D_obs",6083,4542,0,2
"19238","D_obs",6083,4543,0,2
"19239","D_obs",6083,4544,0,6
"19240","D_obs",6083,4545,0,3
"19241","D_obs",6083,4546,0,5
"19242","D_obs",6083,4547,0,4
"19243","D_obs",6083,4548,0,5
"19244","D_obs",6083,4549,0,4
"19245","D_obs",6083,4550,0,7
"19246","D_obs",6083,4551,0,3
"19247","D_obs",6083,4552,0,5
"19248","D_obs",6083,4553,0,9
"19249","D_obs",6083,4554,0,3
"19250","D_obs",6083,4555,0,0
"19251","D_obs",6083,4556,0,3
"19252","D_obs",6083,4557,0,9
"19253","D_obs",6083,4558,0,5
"19254","D_obs",6083,4559,0,5
"19255","D_obs",6083,4560,0,3
"19256","D_obs",6083,4561,0,2
"19257","D_obs",6083,4562,0,6
"19258","D_obs",6083,4563,0,4
"19259","D_obs",6083,4564,0,4
"19260","D_obs",6083,4565,0,4
"19261","D_obs",6083,4566,0,4
"19262","D_obs",6083,4567,0,1
"19263","D_obs",6083,4568,0,3
"19264","D_obs",6083,4569,0,3
"19265","D_obs",6083,4570,0,3
"19266","D_obs",6083,4571,0,3
"19267","D_obs",6083,4572,0,2
"19268","D_obs",6083,4573,0,0
"19269","D_obs",6083,4574,0,2
"19270","D_obs",6083,4575,0,3
"19271","D_obs",6083,4576,0,2
"19272","D_obs",6083,4577,0,1
"19273","D_obs",6083,4578,0,3
"19274","D_obs",6083,4579,0,1
"19275","D_obs",6083,4580,0,2
"19276","D_obs",6083,4581,0,0
"19277","D_obs",6083,4582,0,5
"19278","D_obs",6083,4583,0,2
"19279","D_obs",6083,4584,0,5
"19280","D_obs",6083,4585,0,2
"19281","D_obs",6083,4586,0,1
"19282","D_obs",6083,4587,0,11
"19283","D_obs",6083,4588,0,3
"19284","D_obs",6083,4589,0,2
"19285","D_obs",6083,4590,0,6
"19286","D_obs",6083,4591,0,3
"19287","D_obs",6083,4592,0,3
"19288","D_obs",6083,4593,0,7
"19289","D_obs",6083,4594,0,7
"19290","D_obs",6083,4595,0,7
"19291","D_obs",6083,4596,0,4
"19292","D_obs",6083,4597,0,6
"19293","D_obs",6083,4598,0,11
"19294","D_obs",6083,4599,0,5
"19295","D_obs",6083,4600,0,8
"19296","D_obs",6083,4601,0,8
"19297","D_obs",6083,4602,0,2
"19298","D_obs",6083,4603,0,5
"19299","D_obs",6083,4604,0,8
"19300","D_obs",6083,4605,0,8
"19301","D_obs",6083,4606,0,7
"19302","D_obs",6083,4607,0,7
"19303","D_obs",6083,4608,0,6
"19304","D_obs",6083,4609,0,6
"19305","D_obs",6083,4610,0,3
"19306","D_obs",6083,4611,0,9
"19307","D_obs",6083,4612,0,6
"19308","D_obs",6083,4613,0,6
"19309","D_obs",6083,4614,0,5
"19310","D_obs",6083,4615,0,5
"19311","D_obs",6083,4616,0,3
"19312","D_obs",6083,4617,0,7
"19313","D_obs",6083,4618,0,7
"19314","D_obs",6083,4619,0,5
"19315","D_obs",6083,4620,0,6
"19316","D_obs",6083,4621,0,4
"19317","D_obs",6083,4622,0,9
"19318","D_obs",6083,4623,0,4
"19319","D_obs",6083,4624,0,8
"19320","D_obs",6083,4625,0,6
"19321","D_obs",6083,4626,0,6
"19322","D_obs",6083,4627,0,2
"19323","D_obs",6083,4628,0,6
"19324","D_obs",6083,4629,0,4
"19325","D_obs",6083,4630,0,3
"19326","D_obs",6083,4631,0,3
"19327","D_obs",6083,4632,0,1
"19328","D_obs",6083,4633,0,2
"19329","D_obs",6083,4634,0,3
"19330","D_obs",6083,4635,0,4
"19331","D_obs",6083,4636,0,7
"19332","D_obs",6083,4637,0,2
"19333","D_obs",6083,4638,0,2
"19334","D_obs",6083,4639,0,6
"19335","D_obs",6083,4640,0,6
"19336","D_obs",6083,4641,0,1
"19337","D_obs",6083,4642,0,9
"19338","D_obs",6083,4643,0,4
"19339","D_obs",6083,4644,0,6
"19340","D_obs",6083,4645,0,9
"19341","D_obs",6083,4646,0,4
"19342","D_obs",6083,4647,0,9
"19343","D_obs",6083,4648,0,7
"19344","D_obs",6083,4649,0,7
"19345","D_obs",6083,4650,0,9
"19346","D_obs",6083,4651,0,7
"19347","D_obs",6083,4652,0,11
"19348","D_obs",6083,4653,0,13
"19349","D_obs",6083,4654,0,19
"19350","D_obs",6083,4655,0,17
"19351","D_obs",6083,4656,0,9
"19352","D_obs",6083,4657,0,13
"19353","D_obs",6083,4658,0,5
"19354","D_obs",6083,4659,0,12
"19355","D_obs",6083,4660,0,9
"19356","D_obs",6083,4661,0,7
"19357","D_obs",6083,4662,0,5
"19358","D_obs",6083,4663,0,6
"19359","D_obs",6083,4664,0,6
"19360","D_obs",6083,4665,0,10
"19361","D_obs",6083,4666,0,7
"19362","D_obs",6083,4667,0,6
"19363","D_obs",6083,4668,0,9
"19364","D_obs",6083,4669,0,5
"19365","D_obs",6083,4670,0,6
"19366","D_obs",6083,4671,0,7
"19367","D_obs",6083,4672,0,6
"19368","D_obs",6083,4673,0,12
"19369","D_obs",6083,4674,0,6
"19370","D_obs",6083,4675,0,3
"19371","D_obs",6083,4676,0,6
"19372","D_obs",6083,4677,0,5
"19373","D_obs",6083,4678,0,1
"19374","D_obs",6083,4679,0,3
"19375","D_obs",6083,4680,0,5
"19376","D_obs",6083,4681,0,5
"19377","D_obs",6083,4682,0,5
"19378","D_obs",6083,4683,0,2
"19379","D_obs",6083,4684,0,4
"19380","D_obs",6083,4685,0,4
"19381","D_obs",6083,4686,0,5
"19382","D_obs",6083,4687,0,2
"19383","D_obs",6083,4688,0,6
"19384","D_obs",6083,4689,0,1
"19385","D_obs",6083,4690,0,0
"19386","D_obs",6083,4691,0,1
"19387","D_obs",6083,4692,0,2
"19388","D_obs",6083,4693,0,2
"19389","D_obs",6083,4694,0,5
"19390","D_obs",6083,4695,0,2
"19391","D_obs",6083,4696,0,3
"19392","D_obs",6083,4697,0,4
"19393","D_obs",6083,4698,0,2
"19394","D_obs",6083,4699,0,6
"19395","D_obs",6083,4700,0,2
"19396","D_obs",6083,4701,0,4
"19397","D_obs",6083,4702,0,2
"19398","D_obs",6083,4703,0,5
"19399","D_obs",6083,4704,0,7
"19400","D_obs",6083,4705,0,4
"19401","D_obs",6083,4706,0,6
"19402","D_obs",6083,4707,0,2
"19403","D_obs",6083,4708,0,3
"19404","D_obs",6083,4709,0,3
"19405","D_obs",6083,4710,0,2
"19406","D_obs",6083,4711,0,0
"19407","D_obs",6083,4712,0,0
"19408","D_obs",6083,4713,0,3
"19409","D_obs",6083,4714,0,5
"19410","D_obs",6083,4715,0,1
"19411","D_obs",6083,4716,0,5
"19412","D_obs",6083,4717,0,1
"19413","D_obs",6083,4718,0,0
"19414","D_obs",6083,4719,0,0
"19415","D_obs",6083,4720,0,5
"19416","D_obs",6083,4721,0,3
"19417","D_obs",6083,4722,0,0
"19418","D_obs",6083,4723,0,3
"19419","D_obs",6083,4724,0,2
"19420","D_obs",6083,4725,0,2
"19421","D_obs",6083,4726,0,1
"19422","D_obs",6083,4727,0,0
"19423","D_obs",6083,4728,0,2
"19424","D_obs",6083,4729,0,3
"19425","D_obs",6083,4730,0,2
"19426","D_obs",6083,4731,0,2
"19427","D_obs",6083,4732,0,4
"19428","D_obs",6083,4733,0,1
"19429","D_obs",6083,4734,0,2
"19430","D_obs",6083,4735,0,3
"19431","D_obs",6083,4736,0,3
"19432","D_obs",6083,4737,0,0
"19433","D_obs",6083,4738,0,1
"19434","D_obs",6083,4739,0,2
"19435","D_obs",6083,4740,0,2
"19436","D_obs",6083,4741,0,2
"19437","D_obs",6083,4742,0,2
"19438","D_obs",6083,4743,0,2
"19439","D_obs",6083,4744,0,4
"19440","D_obs",6083,4745,0,2
"19441","D_obs",6083,4746,0,2
"19442","D_obs",6083,4747,0,3
"19443","D_obs",6083,4748,0,1
"19444","D_obs",6083,4749,0,4
"19445","D_obs",6083,4750,0,0
"19446","D_obs",6083,4751,0,3
"19447","D_obs",6083,4752,0,2
"19448","D_obs",6083,4753,0,2
"19449","D_obs",6083,4754,0,3
"19450","D_obs",6083,4755,0,2
"19451","D_obs",6083,4756,0,0
"19452","D_obs",6083,4757,0,4
"19453","D_obs",6083,4758,0,1
"19454","D_obs",6083,4759,0,7
"19455","D_obs",6083,4760,0,5
"19456","D_obs",6083,4761,0,1
"19457","D_obs",6083,4762,0,3
"19458","D_obs",6083,4763,0,2
"19459","D_obs",6083,4764,0,2
"19460","D_obs",6083,4765,0,3
"19461","D_obs",6083,4766,0,3
"19462","D_obs",6083,4767,0,4
"19463","D_obs",6083,4768,0,2
"19464","D_obs",6083,4769,0,1
"19465","D_obs",6083,4770,0,1
"19466","D_obs",6083,4771,0,2
"19467","D_obs",6083,4772,0,3
"19468","D_obs",6083,4773,0,2
"19469","D_obs",6083,4774,0,3
"19470","D_obs",6083,4775,0,3
"19471","D_obs",6083,4776,0,6
"19472","D_obs",6083,4777,0,0
"19473","D_obs",6083,4778,0,1
"19474","D_obs",6083,4779,0,3
"19475","D_obs",6083,4780,0,2
"19476","D_obs",6083,4781,0,3
"19477","D_obs",6083,4782,0,3
"19478","D_obs",6083,4783,0,2
"19479","D_obs",6083,4784,0,1
"19480","D_obs",6083,4785,0,2
"19481","D_obs",6083,4786,0,1
"19482","D_obs",6083,4787,0,4
"19483","D_obs",6083,4788,0,1
"19484","D_obs",6083,4789,0,2
"19485","D_obs",6083,4790,0,0
"19486","D_obs",6083,4791,0,3
"19487","D_obs",6083,4792,0,2
"19488","D_obs",6083,4793,0,3
"19489","D_obs",6083,4794,0,4
"19490","D_obs",6083,4795,0,1
"19491","D_obs",6083,4796,0,2
"19492","D_obs",6083,4797,0,1
"19493","D_obs",6083,4798,0,1
"19494","D_obs",6083,4799,0,3
"19495","D_obs",6083,4800,0,2
"19496","D_obs",6083,4801,0,0
"19497","D_obs",6083,4802,0,3
"19498","D_obs",6083,4803,0,5
"19499","D_obs",6083,4804,0,1
"19500","D_obs",6083,4805,0,1
"19501","D_obs",6083,4806,0,5
"19502","D_obs",6083,4807,0,3
"19503","D_obs",6083,4808,0,3
"19504","D_obs",6083,4809,0,3
"19505","D_obs",6083,4810,0,4
"19506","D_obs",6083,4811,0,2
"19507","D_obs",6083,4812,0,1
"19508","D_obs",6083,4813,0,3
"19509","D_obs",6083,4814,0,3
"19510","D_obs",6083,4815,0,1
"19511","D_obs",6083,4816,0,2
"19512","D_obs",6083,4817,0,0
"19513","D_obs",6083,4818,0,2
"19514","D_obs",6083,4819,0,1
"19515","D_obs",6083,4820,0,0
"19516","D_obs",6083,4821,0,2
"19517","D_obs",6083,4822,0,0
"19518","D_obs",6083,4823,0,4
"19519","D_obs",6083,4824,0,3
"19520","D_obs",6083,4825,0,3
"19521","D_obs",6083,4826,0,3
"19522","D_obs",6083,4827,0,2
"19523","D_obs",6083,4828,0,3
"19524","D_obs",6083,4829,0,3
"19525","D_obs",6083,4830,0,3
"19526","D_obs",6083,4831,0,4
"19527","D_obs",6083,4832,0,3
"19528","D_obs",6083,4833,0,1
"19529","D_obs",6083,4834,0,0
"19530","D_obs",6083,4835,0,3
"19531","D_obs",6083,4836,0,1
"19532","D_obs",6083,4837,0,3
"19533","D_obs",6083,4838,0,0
"19534","D_obs",6083,4839,0,1
"19535","D_obs",6083,4840,0,0
"19536","D_obs",6083,4841,0,4
"19537","D_obs",6083,4842,0,2
"19538","D_obs",6083,4843,0,0
"19539","D_obs",6083,4844,0,0
"19540","D_obs",6083,4845,0,0
"19541","D_obs",6083,4846,0,0
"19542","D_obs",6083,4847,0,1
"19543","D_obs",6083,4848,0,3
"19544","D_obs",6083,4849,0,3
"19545","D_obs",6083,4850,0,3
"19546","D_obs",6083,4851,0,3
"19547","D_obs",6083,4852,0,0
"19548","D_obs",6083,4853,0,1
"19549","D_obs",6083,4854,0,1
"19550","D_obs",6083,4855,0,4
"19551","D_obs",6083,4856,0,3
"19552","D_obs",6083,4857,0,2
"19553","D_obs",6083,4858,0,4
"19554","D_obs",6083,4859,0,2
"19555","D_obs",6083,4860,0,2
"19556","D_obs",6083,4861,0,1
"19557","D_obs",6083,4862,0,2
"19558","D_obs",6083,4863,0,1
"19559","D_obs",6083,4864,0,3
"19560","D_obs",6083,4865,0,1
"19561","D_obs",6083,4866,0,4
"19562","D_obs",6083,4867,0,2
"19563","D_obs",6083,4868,0,3
"19564","D_obs",6083,4869,0,2
"19565","D_obs",6083,4870,0,3
"19566","D_obs",6083,4871,0,3
"19567","D_obs",6083,4872,0,2
"19568","D_obs",6083,4873,0,3
"19569","D_obs",6083,4874,0,2
"19570","D_obs",6083,4875,0,1
"19571","D_obs",6083,4876,0,3
"19572","D_obs",6083,4877,0,1
"19573","D_obs",6083,4878,0,1
"19574","D_obs",6083,4879,0,2
"19575","D_obs",6083,4880,0,2
"19576","D_obs",6083,4881,0,2
"19577","D_obs",6083,4882,0,2
"19578","D_obs",6083,4883,0,2
"19579","D_obs",6083,4884,0,2
"19580","D_obs",6083,4885,0,4
"19581","D_obs",6083,4886,0,2
"19582","D_obs",6083,4887,0,0
"19583","D_obs",6083,4888,0,0
"19584","D_obs",6083,4889,0,3
"19585","D_obs",6083,4890,0,0
"19586","D_obs",6083,4891,0,0
"19587","D_obs",6083,4892,0,0
"19588","D_obs",6083,4893,0,1
"19589","D_obs",6083,4894,0,1
"19590","D_obs",6083,4895,0,2
"19591","D_obs",6083,4896,0,4
"19592","D_obs",6083,4897,0,0
"19593","D_obs",6083,4898,0,1
"19594","D_obs",6083,4899,0,1
"19595","D_obs",6083,4900,0,0
"19596","D_obs",6083,4901,0,1
"19597","D_obs",6083,4902,0,0
"19598","D_obs",6083,4903,0,2
"19599","D_obs",6083,4904,0,0
"19600","D_obs",6083,4905,0,0
"19601","D_obs",6083,4906,0,1
"19602","D_obs",6083,4907,0,0
"19603","D_obs",6083,4908,0,1
"19604","D_obs",6083,4909,0,2
"19605","D_obs",6083,4910,0,3
"19606","D_obs",6083,4911,0,2
"19607","D_obs",6083,4912,0,0
"19608","D_obs",6083,4913,0,2
"19609","D_obs",6083,4914,0,0
"19610","D_obs",6083,4915,0,2
"19611","D_obs",6083,4916,0,1
"19612","D_obs",6083,4917,0,2
"19613","D_obs",6083,4918,0,5
"19614","D_obs",6083,4919,0,1
"19615","D_obs",6083,4920,0,1
"19616","D_obs",6083,4921,0,1
"19617","D_obs",6083,4922,0,1
"19618","D_obs",6083,4923,0,1
"19619","D_obs",6083,4924,0,0
"19620","D_obs",6083,4925,0,2
"19621","D_obs",6083,4926,0,1
"19622","D_obs",6083,4927,0,0
"19623","D_obs",6083,4928,0,3
"19624","D_obs",6083,4929,0,1
"19625","D_obs",6083,4930,0,1
"19626","D_obs",6083,4931,0,1
"19627","D_obs",6083,4932,0,0
"19628","D_obs",6083,4933,0,0
"19629","D_obs",6083,4934,0,5
"19630","D_obs",6083,4935,0,1
"19631","D_obs",6083,4936,0,1
"19632","D_obs",6083,4937,0,1
"19633","D_obs",6083,4938,0,0
"19634","D_obs",6083,4939,0,3
"19635","D_obs",6083,4940,0,0
"19636","D_obs",6083,4941,0,1
"19637","D_obs",6083,4942,0,3
"19638","D_obs",6083,4943,0,1
"19639","D_obs",6083,4944,0,0
"19640","D_obs",6083,4945,0,0
"19641","D_obs",6083,4946,0,5
"19642","D_obs",6083,4947,0,2
"19643","D_obs",6083,4948,0,1
"19644","D_obs",6083,4949,0,0
"19645","D_obs",6083,4950,0,0
"19646","D_obs",6083,4951,0,0
"19647","D_obs",6083,4952,0,0
"19648","D_obs",6083,4953,0,2
"19649","D_obs",6083,4954,0,1
"19650","D_obs",6083,4955,0,0
"19651","D_obs",6083,4956,0,0
"19652","D_obs",6083,4957,0,2
"19653","D_obs",6083,4958,0,0
"19654","D_obs",6083,4959,0,0
"19655","D_obs",6083,4960,0,0
"19656","D_obs",6083,4961,0,3
"19657","D_obs",6083,4962,0,5
"19658","D_obs",6083,4963,0,2
"19659","D_obs",6083,4964,0,1
"19660","D_obs",6083,4965,0,0
"19661","D_obs",6083,4966,0,1
"19662","D_obs",6083,4967,0,2
"19663","D_obs",6083,4968,0,1
"19664","D_obs",6083,4969,0,0
"19665","D_obs",6083,4970,0,1
"19666","D_obs",6083,4971,0,2
"19667","D_obs",6083,4972,0,4
"19668","D_obs",6083,4973,0,3
"19669","D_obs",6083,4974,0,1
"19670","D_obs",6083,4975,0,6
"19671","D_obs",6083,4976,0,2
"19672","D_obs",6083,4977,0,0
"19673","D_obs",6083,4978,0,2
"19674","D_obs",6083,4979,0,1
"19675","D_obs",6083,4980,0,1
"19676","D_obs",6083,4981,0,2
"19677","D_obs",6083,4982,0,1
"19678","D_obs",6083,4983,0,3
"19679","D_obs",6083,4984,0,1
"19680","D_obs",6083,4985,0,1
"19681","D_obs",6083,4986,0,1
"19682","D_obs",6083,4987,0,1
"19683","D_obs",6083,4988,0,2
"19684","D_obs",6083,4989,0,2
"19685","D_obs",6083,4990,0,4
"19686","D_obs",6083,4991,0,0
"19687","D_obs",6083,4992,0,0
"19688","D_obs",6083,4993,0,0
"19689","D_obs",6083,4994,0,3
"19690","D_obs",6083,4995,0,1
"19691","D_obs",6083,4996,0,2
"19692","D_obs",6083,4997,0,1
"19693","D_obs",6083,4998,0,0
"19694","D_obs",6083,4999,0,1
"19695","D_obs",6083,5000,0,5
"19696","D_obs",6083,5001,0,0
"19697","D_obs",6083,5002,0,1
"19698","D_obs",6083,5003,0,0
"19699","D_obs",6083,5004,0,3
"19700","D_obs",6083,5005,0,0
"19701","D_obs",6083,5006,0,3
"19702","D_obs",6083,5007,0,2
"19703","D_obs",6083,5008,0,2
"19704","D_obs",6083,5009,0,0
"19705","D_obs",6083,5010,0,2
"19706","D_obs",6083,5011,0,0
"19707","D_obs",6083,5012,0,1
"19708","D_obs",6083,5013,0,1
"19709","D_obs",6083,5014,0,2
"19710","D_obs",6083,5015,0,2
"19711","D_obs",6083,5016,0,0
"19712","D_obs",6083,5017,0,1
"19713","D_obs",6083,5018,0,4
"19714","D_obs",6083,5019,0,2
"19715","D_obs",6083,5020,0,2
"19716","D_obs",6083,5021,0,0
"19717","D_obs",6083,5022,0,2
"19718","D_obs",6083,5023,0,4
"19719","D_obs",6083,5024,0,1
"19720","D_obs",6083,5025,0,3
"19721","D_obs",6083,5026,0,4
"19722","D_obs",6083,5027,0,3
"19723","D_obs",6083,5028,0,1
"19724","D_obs",6083,5029,0,0
"19725","D_obs",6083,5030,0,2
"19726","D_obs",6083,5031,0,1
"19727","D_obs",6083,5032,0,2
"19728","D_obs",6083,5033,0,1
"19729","D_obs",6083,5034,0,0
"19730","D_obs",6083,5035,0,0
"19731","D_obs",6083,5036,0,1
"19732","D_obs",6083,5037,0,1
"19733","D_obs",6083,5038,0,1
"19734","D_obs",6083,5039,0,2
"19735","D_obs",6083,5040,0,1
"19736","D_obs",6083,5041,0,2
"19737","D_obs",6083,5042,0,0
"19738","D_obs",6083,5043,0,1
"19739","D_obs",6083,5044,0,0
"19740","D_obs",6083,5045,0,2
"19741","D_obs",6083,5046,0,0
"19742","D_obs",6083,5047,0,3
"19743","D_obs",6083,5048,0,0
"19744","D_obs",6083,5049,0,0
"19745","D_obs",6083,5050,0,1
"19746","D_obs",6083,5051,0,1
"19747","D_obs",6083,5052,0,2
"19748","D_obs",6083,5053,0,0
"19749","D_obs",6083,5054,0,0
"19750","D_obs",6083,5055,0,2
"19751","D_obs",6083,5056,0,0
"19752","D_obs",6083,5057,0,1
"19753","D_obs",6083,5058,0,1
"19754","D_obs",6083,5059,0,2
"19755","D_obs",6083,5060,0,0
"19756","D_obs",6083,5061,0,0
"19757","D_obs",6083,5062,0,4
"19758","D_obs",6083,5063,0,1
"19759","D_obs",6083,5064,0,2
"19760","D_obs",6083,5065,0,2
"19761","D_obs",6083,5066,0,4
"19762","D_obs",6083,5067,0,2
"19763","D_obs",6083,5068,0,1
"19764","D_obs",6083,5069,0,5
"19765","D_obs",6083,5070,0,1
"19766","D_obs",6083,5071,0,2
"19767","D_obs",6083,5072,0,3
"19768","D_obs",6083,5073,0,2
"19769","D_obs",6083,5074,0,4
"19770","D_obs",6083,5075,0,2
"19771","D_obs",6083,5076,0,4
"19772","D_obs",6083,5077,0,2
"19773","D_obs",6083,5078,0,2
"19774","D_obs",6083,5079,0,4
"19775","D_obs",6083,5080,0,6
"19776","D_obs",6083,5081,0,5
"19777","D_obs",6083,5082,0,5
"19778","D_obs",6083,5083,0,1
"19779","D_obs",6083,5084,0,5
"19780","D_obs",6083,5085,0,1
"19781","D_obs",6083,5086,0,5
"19782","D_obs",6083,5087,0,0
"19783","D_obs",6083,5088,0,3
"19784","D_obs",6083,5089,0,3
"19785","D_obs",6083,5090,0,2
"19786","D_obs",6083,5091,0,2
"19787","D_obs",6083,5092,0,4
"19788","D_obs",6083,5093,0,3
"19789","D_obs",6083,5094,0,3
"19790","D_obs",6083,5095,0,2
"19791","D_obs",6083,5096,0,2
"19792","D_obs",6083,5097,0,0
"19793","D_obs",6083,5098,0,2
"19794","D_obs",6083,5099,0,1
"19795","D_obs",6083,5100,0,3
"19796","D_obs",6083,5101,0,0
"19797","D_obs",6083,5102,0,1
"19798","D_obs",6083,5103,0,0
"19799","D_obs",6083,5104,0,1
"19800","D_obs",6083,5105,0,2
"19801","D_obs",6083,5106,0,1
"19802","D_obs",6083,5107,0,1
"19803","D_obs",6083,5108,0,0
"19804","D_obs",6083,5109,0,2
"19805","D_obs",6083,5110,0,3
"19806","D_obs",6083,5111,0,0
"19807","D_obs",6083,5112,0,0
"19808","D_obs",6083,5113,0,1
"19809","D_obs",6083,5114,0,1
"19810","D_obs",6083,5115,0,0
"19811","D_obs",6083,5116,0,0
"19812","D_obs",6083,5117,0,0
"19813","D_obs",6083,5118,0,2
"19814","D_obs",6083,5119,0,0
"19815","D_obs",6083,5120,0,0
"19816","D_obs",6083,5121,0,2
"19817","D_obs",6083,5122,0,8
"19818","D_obs",6083,5123,0,0
"19819","D_obs",6083,5124,0,5
"19820","D_obs",6083,5125,0,1
"19821","D_obs",6083,5126,0,1
"19822","D_obs",6083,5127,0,1
"19823","D_obs",6083,5128,0,3
"19824","D_obs",6083,5129,0,2
"19825","D_obs",6083,5130,0,0
"19826","D_obs",6083,5131,0,2
"19827","D_obs",6083,5132,0,0
"19828","D_obs",6083,5133,0,0
"19829","D_obs",6083,5134,0,1
"19830","D_obs",6083,5135,0,3
"19831","D_obs",6083,5136,0,3
"19832","D_obs",6083,5137,0,1
"19833","D_obs",6083,5138,0,2
"19834","D_obs",6083,5139,0,0
"19835","D_obs",6083,5140,0,0
"19836","D_obs",6083,5141,0,2
"19837","D_obs",6083,5142,0,1
"19838","D_obs",6083,5143,0,2
"19839","D_obs",6083,5144,0,2
"19840","D_obs",6083,5145,0,0
"19841","D_obs",6083,5146,0,0
"19842","D_obs",6083,5147,0,1
"19843","D_obs",6083,5148,0,1
"19844","D_obs",6083,5149,0,1
"19845","D_obs",6083,5150,0,2
"19846","D_obs",6083,5151,0,0
"19847","D_obs",6083,5152,0,1
"19848","D_obs",6083,5153,0,0
"19849","D_obs",6083,5154,0,1
"19850","D_obs",6083,5155,0,1
"19851","D_obs",6083,5156,0,0
"19852","D_obs",6083,5157,0,2
"19853","D_obs",6083,5158,0,1
"19854","D_obs",6083,5159,0,0
"19855","D_obs",6083,5160,0,0
"19856","D_obs",6083,5161,0,0
"19857","D_obs",6083,5162,0,1
"19858","D_obs",6083,5163,0,3
"19859","D_obs",6083,5164,0,3
"19860","D_obs",6083,5165,0,1
"19861","D_obs",6083,5166,0,1
"19862","D_obs",6083,5167,0,2
"19863","D_obs",6083,5168,0,1
"19864","D_obs",6083,5169,0,1
"19865","D_obs",6083,5170,0,1
"19866","D_obs",6083,5171,0,2
"19867","D_obs",6083,5172,0,1
"19868","D_obs",6083,5173,0,2
"19869","D_obs",6083,5174,0,1
"19870","D_obs",6083,5175,0,0
"19871","D_obs",6083,5176,0,2
"19872","D_obs",6083,5177,0,2
"19873","D_obs",6083,5178,0,2
"19874","D_obs",6083,5179,0,1
"19875","D_obs",6083,5180,0,2
"19876","D_obs",6083,5181,0,0
"19877","D_obs",6083,5182,0,2
"19878","D_obs",6083,5183,0,2
"19879","D_obs",6083,5184,0,2
"19880","D_obs",6083,5185,0,3
"19881","D_obs",6083,5186,0,3
"19882","D_obs",6083,5187,0,2
"19883","D_obs",6083,5188,0,1
"19884","D_obs",6083,5189,0,1
"19885","D_obs",6083,5190,0,1
"19886","D_obs",6083,5191,0,1
"19887","D_obs",6083,5192,0,3
"19888","D_obs",6083,5193,0,0
"19889","D_obs",6083,5194,0,6
"19890","D_obs",6083,5195,0,2
"19891","D_obs",6083,5196,0,3
"19892","D_obs",6083,5197,0,1
"19893","D_obs",6083,5198,0,3
"19894","D_obs",6083,5199,0,4
"19895","D_obs",6083,5200,0,2
"19896","D_obs",6083,5201,0,1
"19897","D_obs",6083,5202,0,4
"19898","D_obs",6083,5203,0,2
"19899","D_obs",6083,5204,0,0
"19900","D_obs",6083,5205,0,0
"19901","D_obs",6083,5206,0,0
"19902","D_obs",6083,5207,0,4
"19903","D_obs",6083,5208,0,0
"19904","D_obs",6083,5209,0,1
"19905","D_obs",6083,5210,0,3
"19906","D_obs",6083,5211,0,0
"19907","D_obs",6083,5212,0,2
"19908","D_obs",6083,5213,0,0
"19909","D_obs",6083,5214,0,1
"19910","D_obs",6083,5215,0,3
"19911","D_obs",6083,5216,0,1
"19912","D_obs",6083,5217,0,1
"19913","D_obs",6083,5218,0,0
"19914","D_obs",6083,5219,0,1
"19915","D_obs",6083,5220,0,1
"19916","D_obs",6083,5221,0,3
"19917","D_obs",6083,5222,0,0
"19918","D_obs",6083,5223,0,0
"19919","D_obs",6083,5224,0,0
"19920","D_obs",6083,5225,0,1
"19921","D_obs",6083,5226,0,3
"19922","D_obs",6083,5227,0,1
"19923","D_obs",6083,5228,0,1
"19924","D_obs",6083,5229,0,1
"19925","D_obs",6083,5230,0,5
"19926","D_obs",6083,5231,0,0
"19927","D_obs",6083,5232,0,5
"19928","D_obs",6083,5233,0,3
"19929","D_obs",6083,5234,0,1
"19930","D_obs",6083,5235,0,2
"19931","D_obs",6083,5236,0,2
"19932","D_obs",6083,5237,0,1
"19933","D_obs",6083,5238,0,1
"19934","D_obs",6083,5239,0,1
"19935","D_obs",6083,5240,0,3
"19936","D_obs",6083,5241,0,0
"19937","D_obs",6083,5242,0,1
"19938","D_obs",6083,5243,0,0
"19939","D_obs",6083,5244,0,0
"19940","D_obs",6083,5245,0,4
"19941","D_obs",6083,5246,0,3
"19942","D_obs",6083,5247,0,1
"19943","D_obs",6083,5248,0,0
"19944","D_obs",6083,5249,0,2
"19945","D_obs",6083,5250,0,1
"19946","D_obs",6083,5251,0,0
"19947","D_obs",6083,5252,0,2
"19948","D_obs",6083,5253,0,0
"19949","D_obs",6083,5254,0,0
"19950","D_obs",6083,5255,0,2
"19951","D_obs",6083,5256,0,1
"19952","D_obs",6083,5257,0,4
"19953","D_obs",6083,5258,0,0
"19954","D_obs",6083,5259,0,0
"19955","D_obs",6083,5260,0,0
"19956","D_obs",6083,5261,0,2
"19957","D_obs",6083,5262,0,1
"19958","D_obs",6083,5263,0,0
"19959","D_obs",6083,5264,0,0
"19960","D_obs",6083,5265,0,3
"19961","D_obs",6083,5266,0,2
"19962","D_obs",6083,5267,0,3
"19963","D_obs",6083,5268,0,1
"19964","D_obs",6083,5269,0,1
"19965","D_obs",6083,5270,0,1
"19966","D_obs",6083,5271,0,3
"19967","D_obs",6083,5272,0,1
"19968","D_obs",6083,5273,0,0
"19969","D_obs",6083,5274,0,1
"19970","D_obs",6083,5275,0,1
"19971","D_obs",6083,5276,0,2
"19972","D_obs",6083,5277,0,6
"19973","D_obs",6083,5278,0,5
"19974","D_obs",6083,5279,0,0
"19975","D_obs",6083,5280,0,4
"19976","D_obs",6083,5281,0,1
"19977","D_obs",6083,5282,0,4
"19978","D_obs",6083,5283,0,2
"19979","D_obs",6083,5284,0,0
"19980","D_obs",6083,5285,0,3
"19981","D_obs",6083,5286,0,4
"19982","D_obs",6083,5287,0,3
"19983","D_obs",6083,5288,0,4
"19984","D_obs",6083,5289,0,1
"19985","D_obs",6083,5290,0,2
"19986","D_obs",6083,5291,0,4
"19987","D_obs",6083,5292,0,0
"19988","D_obs",6083,5293,0,6
"19989","D_obs",6083,5294,0,2
"19990","D_obs",6083,5295,0,1
"19991","D_obs",6083,5296,0,0
"19992","D_obs",6083,5297,0,2
"19993","D_obs",6083,5298,0,0
"19994","D_obs",6083,5299,0,1
"19995","D_obs",6083,5300,0,3
"19996","D_obs",6083,5301,0,2
"19997","D_obs",6083,5302,0,2
"19998","D_obs",6083,5303,0,1
"19999","D_obs",6083,5304,0,1
"20000","D_obs",6083,5305,0,0
"20001","D_obs",6083,5306,0,1
"20002","D_obs",6083,5307,0,1
"20003","D_obs",6083,5308,0,0
"20004","D_obs",6083,5309,0,1
"20005","D_obs",6083,5310,0,2
"20006","D_obs",6083,5311,0,0
"20007","D_obs",6083,5312,0,0
"20008","D_obs",6083,5313,0,1
"20009","D_obs",6083,5314,0,0
"20010","D_obs",6083,5315,0,0
"20011","D_obs",6083,5316,0,0
"20012","D_obs",6083,5317,0,0
"20013","D_obs",6083,5318,0,1
"20014","D_obs",6083,5319,0,0
"20015","D_obs",6083,5320,0,0
"20016","D_obs",6083,5321,0,0
"20017","D_obs",6083,5322,0,2
"20018","D_obs",6083,5323,0,0
"20019","D_obs",6083,5324,0,1
"20020","D_obs",6083,5325,0,1
"20021","D_obs",6083,5326,0,2
"20022","D_obs",6083,5327,0,0
"20023","D_obs",6083,5328,0,0
"20024","D_obs",6083,5329,0,0
"20025","D_obs",6083,5330,0,1
"20026","D_obs",6083,5331,0,0
"20027","D_obs",6083,5332,0,0
"20028","D_obs",6083,5333,0,0
"20029","D_obs",6083,5334,0,0
"20030","D_obs",6083,5335,0,0
"20031","D_obs",6083,5336,0,2
"20032","D_obs",6083,5337,0,0
"20033","D_obs",6083,5338,0,1
"20034","D_obs",6083,5339,0,0
"20035","D_obs",6083,5340,0,0
"20036","D_obs",6083,5341,0,0
"20037","D_obs",6083,5342,0,1
"20038","D_obs",6083,5343,0,0
"20039","D_obs",6083,5344,0,1
"20040","D_obs",6083,5345,0,2
"20041","D_obs",6083,5346,0,1
"20042","D_obs",6083,5347,0,0
"20043","D_obs",6083,5348,0,2
"20044","D_obs",6083,5349,0,0
"20045","D_obs",6083,5350,0,0
"20046","D_obs",6083,5351,0,0
"20047","D_obs",6083,5352,0,0
"20048","D_obs",6083,5353,0,1
"20049","D_obs",6083,5354,0,0
"20050","D_obs",6083,5355,0,0
"20051","D_obs",6083,5356,0,0
"20052","D_obs",6083,5357,0,1
"20053","D_obs",6083,5358,0,1
"20054","D_obs",6083,5359,0,0
"20055","D_obs",6083,5360,0,0
"20056","D_obs",6083,5361,0,2
"20057","D_obs",6083,5362,0,0
"20058","D_obs",6083,5363,0,2
"20059","D_obs",6083,5364,0,1
"20060","D_obs",6083,5365,0,0
"20061","D_obs",6083,5366,0,0
"20062","D_obs",6083,5367,0,0
"20063","D_obs",6083,5368,0,0
"20064","D_obs",6083,5369,0,0
"20065","D_obs",6083,5370,0,1
"20066","D_obs",6083,5371,0,1
"20067","D_obs",6083,5372,0,0
"20068","D_obs",6083,5373,0,0
"20069","D_obs",6083,5374,0,1
"20070","D_obs",6083,5375,0,0
"20071","D_obs",6083,5376,0,0
"20072","D_obs",6083,5377,0,0
"20073","D_obs",6083,5378,0,1
"20074","D_obs",6083,5379,0,0
"20075","D_obs",6083,5380,0,1
"20076","D_obs",6083,5381,0,0
"20077","D_obs",6083,5382,0,1
"20078","D_obs",6083,5383,0,0
"20079","D_obs",6083,5384,0,0
"20080","D_obs",6083,5385,0,1
"20081","D_obs",6083,5386,0,1
"20082","D_obs",6083,5387,0,0
"20083","D_obs",6083,5388,0,0
"20084","D_obs",6083,5389,0,1
"20085","D_obs",6083,5390,0,1
"20086","D_obs",6083,5391,0,0
"20087","D_obs",6083,5392,0,1
"20088","D_obs",6083,5393,0,1
"20089","D_obs",6083,5394,0,1
"20090","D_obs",6083,5395,0,1
"20091","D_obs",6083,5396,0,2
"20092","D_obs",6083,5397,0,1
"20093","D_obs",6083,5398,0,2
"20094","D_obs",6083,5399,0,0
"20095","D_obs",6083,5400,0,3
"20096","D_obs",6083,5401,0,3
"20097","D_obs",6083,5402,0,3
"20098","D_obs",6083,5403,0,1
"20099","D_obs",6083,5404,0,0
"20100","D_obs",6083,5405,0,3
"20101","D_obs",6083,5406,0,0
"20102","D_obs",6083,5407,0,0
"20103","D_obs",6083,5408,0,1
"20104","D_obs",6083,5409,0,1
"20105","D_obs",6083,5410,0,0
"20106","D_obs",6083,5411,0,0
"20107","D_obs",6083,5412,0,0
"20108","D_obs",6083,5413,0,1
"20109","D_obs",6083,5414,0,0
"20110","D_obs",6083,5415,0,2
"20111","D_obs",6083,5416,0,1
"20112","D_obs",6083,5417,0,0
"20113","D_obs",6083,5418,0,0
"20114","D_obs",6083,5419,0,0
"20115","D_obs",6083,5420,0,0
"20116","D_obs",6083,5421,0,1
"20117","D_obs",6083,5422,0,0
"20118","D_obs",6083,5423,0,0
"20119","D_obs",6083,5424,0,1
"20120","D_obs",6083,5425,0,2
"20121","D_obs",6083,5426,0,1
"20122","D_obs",6083,5427,0,1
"20123","D_obs",6083,5428,0,1
"20124","D_obs",6083,5429,0,0
"20125","D_obs",6083,5430,0,0
"20126","D_obs",6083,5431,0,1
"20127","D_obs",6083,5432,0,1
"20128","D_obs",6083,5433,0,1
"20129","D_obs",6083,5434,0,0
"20130","D_obs",6083,5435,0,0
"20131","D_obs",6083,5436,0,1
"20132","D_obs",6083,5437,0,2
"20133","D_obs",6083,5438,0,1
"20134","D_obs",6083,5439,0,1
"20135","D_obs",6083,5440,0,1
"20136","D_obs",6083,5441,0,2
"20137","D_obs",6083,5442,0,1
"20138","D_obs",6083,5443,0,1
"20139","D_obs",6083,5444,0,1
"20140","D_obs",6083,5445,0,0
"20141","D_obs",6083,5446,0,0
"20142","D_obs",6083,5447,0,1
"20143","D_obs",6083,5448,0,1
"20144","D_obs",6083,5449,0,0
"20145","D_obs",6083,5450,0,0
"20146","D_obs",6083,5451,0,2
"20147","D_obs",6083,5452,0,0
"20148","D_obs",6083,5453,0,3
"20149","D_obs",6083,5454,0,0
"20150","D_obs",6083,5455,0,0
"20151","D_obs",6083,5456,0,1
"20152","D_obs",6083,5457,0,0
"20153","D_obs",6083,5458,0,0
"20154","D_obs",6083,5459,0,0
"20155","D_obs",6083,5460,0,0
"20156","D_obs",6083,5461,0,0
"20157","D_obs",6083,5462,0,2
"20158","D_obs",6083,5463,0,1
"20159","D_obs",6083,5464,0,1
"20160","D_obs",6083,5465,0,0
"20161","D_obs",6083,5466,0,1
"20162","D_obs",6083,5467,0,0
"20163","D_obs",6083,5468,0,0
"20164","D_obs",6083,5469,0,2
"20165","D_obs",6083,5470,0,0
"20166","D_obs",6083,5471,0,1
"20167","D_obs",6083,5472,0,1
"20168","D_obs",6083,5473,0,0
"20169","D_obs",6083,5474,0,0
"20170","D_obs",6083,5475,0,1
"20171","D_obs",6083,5476,0,0
"20172","D_obs",6083,5477,0,0
"20173","D_obs",6083,5478,0,0
"20174","D_obs",6083,5479,0,0
"20175","D_obs",6083,5480,0,0
"20176","D_obs",6083,5481,0,0
"20177","D_obs",6083,5482,0,0
"20178","D_obs",6083,5483,0,2
"20179","D_obs",6083,5484,0,1
"20180","D_obs",6083,5485,0,0
"20181","D_obs",6083,5486,0,1
"20182","D_obs",6083,5487,0,0
"20183","D_obs",6083,5488,0,1
"20184","D_obs",6083,5489,0,2
"20185","D_obs",6083,5490,0,0
"20186","D_obs",6083,5491,0,0
"20187","D_obs",6083,5492,0,0
"20188","D_obs",6083,5493,0,0
"20189","D_obs",6083,5494,0,0
"20190","D_obs",6083,5495,0,0
"20191","D_obs",6083,5496,0,0
"20192","D_obs",6083,5497,0,0
"20193","D_obs",6083,5498,0,3
"20194","D_obs",6083,5499,0,3
"20195","D_obs",6083,5500,0,0
"20196","D_obs",6083,5501,0,0
"20197","D_obs",6083,5502,0,0
"20198","D_obs",6083,5503,0,1
"20199","D_obs",6083,5504,0,2
"20200","D_obs",6083,5505,0,0
"20201","D_obs",6083,5506,0,1
"20202","D_obs",6083,5507,0,1
"20203","D_obs",6083,5508,0,1
"20204","D_obs",6083,5509,0,1
"20205","D_obs",6083,5510,0,0
"20206","D_obs",6083,5511,0,0
"20207","D_obs",6083,5512,0,1
"20208","D_obs",6083,5513,0,1
"20209","D_obs",6083,5514,0,0
"20210","D_obs",6083,5515,0,0
"20211","D_obs",6083,5516,0,1
"20212","D_obs",6083,5517,0,1
"20213","D_obs",6083,5518,0,1
"20214","D_obs",6083,5519,0,0
"20215","D_obs",6083,5520,0,0
"20216","D_obs",6083,5521,0,0
"20217","D_obs",6083,5522,0,0
"20218","D_obs",6083,5523,0,2
"20219","D_obs",6083,5524,0,0
"20220","D_obs",6083,5525,0,1
"20221","D_obs",6083,5526,0,0
"20222","D_obs",6083,5527,0,0
"20223","D_obs",6083,5528,0,0
"20224","D_obs",6083,5529,0,0
"20225","D_obs",6083,5530,0,1
"20226","D_obs",6083,5531,0,0
"20227","D_obs",6083,5532,0,1
"20228","D_obs",6083,5533,0,1
"20229","D_obs",6083,5534,0,0
"20230","D_obs",6083,5535,0,0
"20231","D_obs",6083,5536,0,0
"20232","D_obs",6083,5537,0,1
"20233","D_obs",6083,5538,0,0
"20234","D_obs",6083,5539,0,0
"20235","D_obs",6083,5540,0,0
"20236","D_obs",6083,5541,0,0
"20237","D_obs",6083,5542,0,0
"20238","D_obs",6083,5543,0,2
"20239","D_obs",6083,5544,0,0
"20240","D_obs",6083,5545,0,1
"20241","D_obs",6083,5546,0,0
"20242","D_obs",6083,5547,0,1
"20243","D_obs",6083,5548,0,0
"20244","D_obs",6083,5549,0,0
"20245","D_obs",6083,5550,0,0
"20246","D_obs",6083,5551,0,0
"20247","D_obs",6083,5552,0,0
"20248","D_obs",6083,5553,0,1
"20249","D_obs",6083,5554,0,1
"20250","D_obs",6083,5555,0,0
"20251","D_obs",6083,5556,0,0
"20252","D_obs",6083,5557,0,0
"20253","D_obs",6083,5558,0,0
"20254","D_obs",6083,5559,0,0
"20255","D_obs",6083,5560,0,0
"20256","D_obs",6083,5561,0,0
"20257","D_obs",6083,5562,0,1
"20258","D_obs",6083,5563,0,0
"20259","D_obs",6083,5564,0,0
"20260","D_obs",6083,5565,0,0
"20261","D_obs",6083,5566,0,0
"20262","D_obs",6083,5567,0,0
"20263","D_obs",6083,5568,0,0
"20264","D_obs",6083,5569,0,1
"20265","D_obs",6083,5570,0,0
"20266","D_obs",6083,5571,0,0
"20267","D_obs",6083,5572,0,0
"20268","D_obs",6083,5573,0,0
"20269","D_obs",6083,5574,0,4
"20270","D_obs",6083,5575,0,2
"20271","D_obs",6083,5576,0,1
"20272","D_obs",6083,5577,0,5
"20273","D_obs",6083,5578,0,1
"20274","D_obs",6083,5579,0,2
"20275","D_obs",6083,5580,0,3
"20276","D_obs",6083,5581,0,2
"20277","D_obs",6083,5582,0,4
"20278","D_obs",6083,5583,0,2
"20279","D_obs",6083,5584,0,4
"20280","D_obs",6083,5585,0,2
"20281","D_obs",6083,5586,0,2
"20282","D_obs",6083,5587,0,4
"20283","D_obs",6083,5588,0,6
"20284","D_obs",6083,5589,0,5
"20285","D_obs",6083,5590,0,5
"20286","D_obs",6083,5591,0,1
"20287","D_obs",6083,5592,0,5
"20288","D_obs",6083,5593,0,1
"20289","D_obs",6083,5594,0,5
"20290","D_obs",6083,5595,0,0
"20291","D_obs",6083,5596,0,3
"20292","D_obs",6083,5597,0,3
"20293","D_obs",6083,5598,0,2
"20294","D_obs",6083,5599,0,2
"20295","D_obs",6083,5600,0,4
"20296","D_obs",6083,5601,0,3
"20297","D_obs",6083,5602,0,3
"20298","D_obs",6083,5603,0,2
"20299","D_obs",6083,5604,0,2
"20300","D_obs",6083,5605,0,0
"20301","D_obs",6083,5606,0,2
"20302","D_obs",6083,5607,0,1
"20303","D_obs",6083,5608,0,3
"20304","D_obs",6083,5609,0,0
"20305","D_obs",6083,5610,0,1
"20306","D_obs",6083,5611,0,0
"20307","D_obs",6083,5612,0,1
"20308","D_obs",6083,5613,0,2
"20309","D_obs",6083,5614,0,1
"20310","D_obs",6083,5615,0,1
"20311","D_obs",6083,5616,0,0
"20312","D_obs",6083,5617,0,2
"20313","D_obs",6083,5618,0,3
"20314","D_obs",6083,5619,0,0
"20315","D_obs",6083,5620,0,0
"20316","D_obs",6083,5621,0,1
"20317","D_obs",6083,5622,0,1
"20318","D_obs",6083,5623,0,0
"20319","D_obs",6083,5624,0,0
"20320","D_obs",6083,5625,0,0
"20321","D_obs",6083,5626,0,2
"20322","D_obs",6083,5627,0,0
"20323","D_obs",6083,5628,0,0
"20324","D_obs",6083,5629,0,2
"20325","D_obs",6083,5630,0,8
"20326","D_obs",6083,5631,0,0
"20327","D_obs",6083,5632,0,5
"20328","D_obs",6083,5633,0,1
"20329","D_obs",6083,5634,0,1
"20330","D_obs",6083,5635,0,1
"20331","D_obs",6083,5636,0,3
"20332","D_obs",6083,5637,0,2
"20333","D_obs",6083,5638,0,0
"20334","D_obs",6083,5639,0,2
"20335","D_obs",6083,5640,0,0
"20336","D_obs",6083,5641,0,0
"20337","D_obs",6083,5642,0,1
"20338","D_obs",6083,5643,0,3
"20339","D_obs",6083,5644,0,3
"20340","D_obs",6083,5645,0,1
"20341","D_obs",6083,5646,0,2
"20342","D_obs",6083,5647,0,0
"20343","D_obs",6083,5648,0,0
"20344","D_obs",6083,5649,0,2
"20345","D_obs",6083,5650,0,1
"20346","D_obs",6083,5651,0,2
"20347","D_obs",6083,5652,0,2
"20348","D_obs",6083,5653,0,0
"20349","D_obs",6083,5654,0,0
"20350","D_obs",6083,5655,0,1
"20351","D_obs",6083,5656,0,1
"20352","D_obs",6083,5657,0,1
"20353","D_obs",6083,5658,0,2
"20354","D_obs",6083,5659,0,0
"20355","D_obs",6083,5660,0,1
"20356","D_obs",6083,5661,0,0
"20357","D_obs",6083,5662,0,1
"20358","D_obs",6083,5663,0,1
"20359","D_obs",6083,5664,0,0
"20360","D_obs",6083,5665,0,2
"20361","D_obs",6083,5666,0,1
"20362","D_obs",6083,5667,0,0
"20363","D_obs",6083,5668,0,0
"20364","D_obs",6083,5669,0,0
"20365","D_obs",6083,5670,0,1
"20366","D_obs",6083,5671,0,3
"20367","D_obs",6083,5672,0,3
"20368","D_obs",6083,5673,0,1
"20369","D_obs",6083,5674,0,1
"20370","D_obs",6083,5675,0,2
"20371","D_obs",6083,5676,0,1
"20372","D_obs",6083,5677,0,1
"20373","D_obs",6083,5678,0,1
"20374","D_obs",6083,5679,0,2
"20375","D_obs",6083,5680,0,1
"20376","D_obs",6083,5681,0,2
"20377","D_obs",6083,5682,0,1
"20378","D_obs",6083,5683,0,0
"20379","D_obs",6083,5684,0,2
"20380","D_obs",6083,5685,0,2
"20381","D_obs",6083,5686,0,2
"20382","D_obs",6083,5687,0,1
"20383","D_obs",6083,5688,0,2
"20384","D_obs",6083,5689,0,0
"20385","D_obs",6083,5690,0,2
"20386","D_obs",6083,5691,0,2
"20387","D_obs",6083,5692,0,2
"20388","D_obs",6083,5693,0,3
"20389","D_obs",6083,5694,0,3
"20390","D_obs",6083,5695,0,2
"20391","D_obs",6083,5696,0,1
"20392","D_obs",6083,5697,0,1
"20393","D_obs",6083,5698,0,1
"20394","D_obs",6083,5699,0,1
"20395","D_obs",6083,5700,0,3
"20396","D_obs",6083,5701,0,0
"20397","D_obs",6083,5702,0,6
"20398","D_obs",6083,5703,0,2
"20399","D_obs",6083,5704,0,3
"20400","D_obs",6083,5705,0,1
"20401","D_obs",6083,5706,0,3
"20402","D_obs",6083,5707,0,4
"20403","D_obs",6083,5708,0,2
"20404","D_obs",6083,5709,0,1
"20405","D_obs",6083,5710,0,4
"20406","D_obs",6083,5711,0,2
"20407","D_obs",6083,5712,0,0
"20408","D_obs",6083,5713,0,0
"20409","D_obs",6083,5714,0,0
"20410","D_obs",6083,5715,0,4
"20411","D_obs",6083,5716,0,0
"20412","D_obs",6083,5717,0,1
"20413","D_obs",6083,5718,0,3
"20414","D_obs",6083,5719,0,0
"20415","D_obs",6083,5720,0,2
"20416","D_obs",6083,5721,0,0
"20417","D_obs",6083,5722,0,1
"20418","D_obs",6083,5723,0,3
"20419","D_obs",6083,5724,0,1
"20420","D_obs",6083,5725,0,1
"20421","D_obs",6083,5726,0,0
"20422","D_obs",6083,5727,0,1
"20423","D_obs",6083,5728,0,1
"20424","D_obs",6083,5729,0,3
"20425","D_obs",6083,5730,0,0
"20426","D_obs",6083,5731,0,0
"20427","D_obs",6083,5732,0,0
"20428","D_obs",6083,5733,0,1
"20429","D_obs",6083,5734,0,3
"20430","D_obs",6083,5735,0,1
"20431","D_obs",6083,5736,0,1
"20432","D_obs",6083,5737,0,1
"20433","D_obs",6083,5738,0,5
"20434","D_obs",6083,5739,0,0
"20435","D_obs",6083,5740,0,5
"20436","D_obs",6083,5741,0,3
"20437","D_obs",6083,5742,0,1
"20438","D_obs",6083,5743,0,2
"20439","D_obs",6083,5744,0,2
"20440","D_obs",6083,5745,0,1
"20441","D_obs",6083,5746,0,1
"20442","D_obs",6083,5747,0,1
"20443","D_obs",6083,5748,0,3
"20444","D_obs",6083,5749,0,0
"20445","D_obs",6083,5750,0,1
"20446","D_obs",6083,5751,0,0
"20447","D_obs",6083,5752,0,0
"20448","D_obs",6083,5753,0,4
"20449","D_obs",6083,5754,0,3
"20450","D_obs",6083,5755,0,1
"20451","D_obs",6083,5756,0,0
"20452","D_obs",6083,5757,0,2
"20453","D_obs",6083,5758,0,1
"20454","D_obs",6083,5759,0,0
"20455","D_obs",6083,5760,0,2
"20456","D_obs",6083,5761,0,0
"20457","D_obs",6083,5762,0,0
"20458","D_obs",6083,5763,0,2
"20459","D_obs",6083,5764,0,1
"20460","D_obs",6083,5765,0,4
"20461","D_obs",6083,5766,0,0
"20462","D_obs",6083,5767,0,0
"20463","D_obs",6083,5768,0,0
"20464","D_obs",6083,5769,0,2
"20465","D_obs",6083,5770,0,1
"20466","D_obs",6083,5771,0,0
"20467","D_obs",6083,5772,0,0
"20468","D_obs",6083,5773,0,3
"20469","D_obs",6083,5774,0,2
"20470","D_obs",6083,5775,0,3
"20471","D_obs",6083,5776,0,1
"20472","D_obs",6083,5777,0,1
"20473","D_obs",6083,5778,0,1
"20474","D_obs",6083,5779,0,3
"20475","D_obs",6083,5780,0,1
"20476","D_obs",6083,5781,0,0
"20477","D_obs",6083,5782,0,1
"20478","D_obs",6083,5783,0,1
"20479","D_obs",6083,5784,0,2
"20480","D_obs",6083,5785,0,6
"20481","D_obs",6083,5786,0,5
"20482","D_obs",6083,5787,0,0
"20483","D_obs",6083,5788,0,4
"20484","D_obs",6083,5789,0,1
"20485","D_obs",6083,5790,0,4
"20486","D_obs",6083,5791,0,2
"20487","D_obs",6083,5792,0,0
"20488","D_obs",6083,5793,0,3
"20489","D_obs",6083,5794,0,4
"20490","D_obs",6083,5795,0,3
"20491","D_obs",6083,5796,0,4
"20492","D_obs",6083,5797,0,1
"20493","D_obs",6083,5798,0,2
"20494","D_obs",6083,5799,0,4
"20495","D_obs",6083,5800,0,0
"20496","D_obs",6083,5801,0,6
"20497","D_obs",6083,5802,0,2
"20498","D_obs",6083,5803,0,1
"20499","D_obs",6083,5804,0,0
"20500","D_obs",6083,5805,0,2
"20501","D_obs",6083,5806,0,0
"20502","D_obs",6083,5807,0,1
"20503","D_obs",6083,5808,0,3
"20504","D_obs",6083,5809,0,2
"20505","D_obs",6083,5810,0,2
"20506","D_obs",6083,5811,0,1
"20507","D_obs",6083,5812,0,1
"20508","D_obs",6083,5813,0,0
"20509","D_obs",6083,5814,0,1
"20510","D_obs",6083,5815,0,1
"20511","D_obs",6083,5816,0,0
"20512","D_obs",6083,5817,0,1
"20513","D_obs",6083,5818,0,2
"20514","D_obs",6083,5819,0,0
"20515","D_obs",6083,5820,0,0
"20516","D_obs",6083,5821,0,1
"20517","D_obs",6083,5822,0,0
"20518","D_obs",6083,5823,0,0
"20519","D_obs",6083,5824,0,0
"20520","D_obs",6083,5825,0,0
"20521","D_obs",6083,5826,0,1
"20522","D_obs",6083,5827,0,0
"20523","D_obs",6083,5828,0,0
"20524","D_obs",6083,5829,0,0
"20525","D_obs",6083,5830,0,2
"20526","D_obs",6083,5831,0,0
"20527","D_obs",6083,5832,0,1
"20528","D_obs",6083,5833,0,1
"20529","D_obs",6083,5834,0,2
"20530","D_obs",6083,5835,0,0
"20531","D_obs",6083,5836,0,0
"20532","D_obs",6083,5837,0,0
"20533","D_obs",6083,5838,0,1
"20534","D_obs",6083,5839,0,0
"20535","D_obs",6083,5840,0,0
"20536","D_obs",6083,5841,0,0
"20537","D_obs",6083,5842,0,0
"20538","D_obs",6083,5843,0,0
"20539","D_obs",6083,5844,0,2
"20540","D_obs",6083,5845,0,0
"20541","D_obs",6083,5846,0,1
"20542","D_obs",6083,5847,0,0
"20543","D_obs",6083,5848,0,0
"20544","D_obs",6083,5849,0,0
"20545","D_obs",6083,5850,0,1
"20546","D_obs",6083,5851,0,0
"20547","D_obs",6083,5852,0,1
"20548","D_obs",6083,5853,0,2
"20549","D_obs",6083,5854,0,1
"20550","D_obs",6083,5855,0,0
"20551","D_obs",6083,5856,0,2
"20552","D_obs",6083,5857,0,0
"20553","D_obs",6083,5858,0,0
"20554","D_obs",6083,5859,0,0
"20555","D_obs",6083,5860,0,0
"20556","D_obs",6083,5861,0,1
"20557","D_obs",6083,5862,0,0
"20558","D_obs",6083,5863,0,0
"20559","D_obs",6083,5864,0,0
"20560","D_obs",6083,5865,0,1
"20561","D_obs",6083,5866,0,1
"20562","D_obs",6083,5867,0,0
"20563","D_obs",6083,5868,0,0
"20564","D_obs",6083,5869,0,2
"20565","D_obs",6083,5870,0,0
"20566","D_obs",6083,5871,0,2
"20567","D_obs",6083,5872,0,1
"20568","D_obs",6083,5873,0,0
"20569","D_obs",6083,5874,0,0
"20570","D_obs",6083,5875,0,0
"20571","D_obs",6083,5876,0,0
"20572","D_obs",6083,5877,0,0
"20573","D_obs",6083,5878,0,1
"20574","D_obs",6083,5879,0,1
"20575","D_obs",6083,5880,0,0
"20576","D_obs",6083,5881,0,0
"20577","D_obs",6083,5882,0,1
"20578","D_obs",6083,5883,0,0
"20579","D_obs",6083,5884,0,0
"20580","D_obs",6083,5885,0,0
"20581","D_obs",6083,5886,0,1
"20582","D_obs",6083,5887,0,0
"20583","D_obs",6083,5888,0,1
"20584","D_obs",6083,5889,0,0
"20585","D_obs",6083,5890,0,1
"20586","D_obs",6083,5891,0,0
"20587","D_obs",6083,5892,0,0
"20588","D_obs",6083,5893,0,1
"20589","D_obs",6083,5894,0,1
"20590","D_obs",6083,5895,0,0
"20591","D_obs",6083,5896,0,0
"20592","D_obs",6083,5897,0,1
"20593","D_obs",6083,5898,0,1
"20594","D_obs",6083,5899,0,0
"20595","D_obs",6083,5900,0,1
"20596","D_obs",6083,5901,0,1
"20597","D_obs",6083,5902,0,1
"20598","D_obs",6083,5903,0,1
"20599","D_obs",6083,5904,0,2
"20600","D_obs",6083,5905,0,1
"20601","D_obs",6083,5906,0,2
"20602","D_obs",6083,5907,0,0
"20603","D_obs",6083,5908,0,3
"20604","D_obs",6083,5909,0,3
"20605","D_obs",6083,5910,0,3
"20606","D_obs",6083,5911,0,1
"20607","D_obs",6083,5912,0,0
"20608","D_obs",6083,5913,0,3
"20609","D_obs",6083,5914,0,0
"20610","D_obs",6083,5915,0,0
"20611","D_obs",6083,5916,0,1
"20612","D_obs",6083,5917,0,1
"20613","D_obs",6083,5918,0,0
"20614","D_obs",6083,5919,0,0
"20615","D_obs",6083,5920,0,0
"20616","D_obs",6083,5921,0,1
"20617","D_obs",6083,5922,0,0
"20618","D_obs",6083,5923,0,2
"20619","D_obs",6083,5924,0,1
"20620","D_obs",6083,5925,0,0
"20621","D_obs",6083,5926,0,0
"20622","D_obs",6083,5927,0,0
"20623","D_obs",6083,5928,0,0
"20624","D_obs",6083,5929,0,1
"20625","D_obs",6083,5930,0,0
"20626","D_obs",6083,5931,0,0
"20627","D_obs",6083,5932,0,1
"20628","D_obs",6083,5933,0,2
"20629","D_obs",6083,5934,0,1
"20630","D_obs",6083,5935,0,1
"20631","D_obs",6083,5936,0,1
"20632","D_obs",6083,5937,0,0
"20633","D_obs",6083,5938,0,0
"20634","D_obs",6083,5939,0,1
"20635","D_obs",6083,5940,0,1
"20636","D_obs",6083,5941,0,1
"20637","D_obs",6083,5942,0,0
"20638","D_obs",6083,5943,0,0
"20639","D_obs",6083,5944,0,1
"20640","D_obs",6083,5945,0,2
"20641","D_obs",6083,5946,0,1
"20642","D_obs",6083,5947,0,1
"20643","D_obs",6083,5948,0,1
"20644","D_obs",6083,5949,0,2
"20645","D_obs",6083,5950,0,1
"20646","D_obs",6083,5951,0,1
"20647","D_obs",6083,5952,0,1
"20648","D_obs",6083,5953,0,0
"20649","D_obs",6083,5954,0,0
"20650","D_obs",6083,5955,0,1
"20651","D_obs",6083,5956,0,1
"20652","D_obs",6083,5957,0,0
"20653","D_obs",6083,5958,0,0
"20654","D_obs",6083,5959,0,2
"20655","D_obs",6083,5960,0,0
"20656","D_obs",6083,5961,0,3
"20657","D_obs",6083,5962,0,0
"20658","D_obs",6083,5963,0,0
"20659","D_obs",6083,5964,0,1
"20660","D_obs",6083,5965,0,0
"20661","D_obs",6083,5966,0,0
"20662","D_obs",6083,5967,0,0
"20663","D_obs",6083,5968,0,0
"20664","D_obs",6083,5969,0,0
"20665","D_obs",6083,5970,0,2
"20666","D_obs",6083,5971,0,1
"20667","D_obs",6083,5972,0,1
"20668","D_obs",6083,5973,0,0
"20669","D_obs",6083,5974,0,1
"20670","D_obs",6083,5975,0,0
"20671","D_obs",6083,5976,0,0
"20672","D_obs",6083,5977,0,2
"20673","D_obs",6083,5978,0,0
"20674","D_obs",6083,5979,0,1
"20675","D_obs",6083,5980,0,1
"20676","D_obs",6083,5981,0,0
"20677","D_obs",6083,5982,0,0
"20678","D_obs",6083,5983,0,1
"20679","D_obs",6083,5984,0,0
"20680","D_obs",6083,5985,0,0
"20681","D_obs",6083,5986,0,0
"20682","D_obs",6083,5987,0,0
"20683","D_obs",6083,5988,0,0
"20684","D_obs",6083,5989,0,0
"20685","D_obs",6083,5990,0,0
"20686","D_obs",6083,5991,0,2
"20687","D_obs",6083,5992,0,1
"20688","D_obs",6083,5993,0,0
"20689","D_obs",6083,5994,0,1
"20690","D_obs",6083,5995,0,0
"20691","D_obs",6083,5996,0,1
"20692","D_obs",6083,5997,0,2
"20693","D_obs",6083,5998,0,0
"20694","D_obs",6083,5999,0,0
"20695","D_obs",6083,6000,0,0
"20696","D_obs",6083,6001,0,0
"20697","D_obs",6083,6002,0,0
"20698","D_obs",6083,6003,0,0
"20699","D_obs",6083,6004,0,0
"20700","D_obs",6083,6005,0,0
"20701","D_obs",6083,6006,0,3
"20702","D_obs",6083,6007,0,3
"20703","D_obs",6083,6008,0,0
"20704","D_obs",6083,6009,0,0
"20705","D_obs",6083,6010,0,0
"20706","D_obs",6083,6011,0,1
"20707","D_obs",6083,6012,0,2
"20708","D_obs",6083,6013,0,0
"20709","D_obs",6083,6014,0,1
"20710","D_obs",6083,6015,0,1
"20711","D_obs",6083,6016,0,1
"20712","D_obs",6083,6017,0,1
"20713","D_obs",6083,6018,0,0
"20714","D_obs",6083,6019,0,0
"20715","D_obs",6083,6020,0,1
"20716","D_obs",6083,6021,0,1
"20717","D_obs",6083,6022,0,0
"20718","D_obs",6083,6023,0,0
"20719","D_obs",6083,6024,0,1
"20720","D_obs",6083,6025,0,1
"20721","D_obs",6083,6026,0,1
"20722","D_obs",6083,6027,0,0
"20723","D_obs",6083,6028,0,0
"20724","D_obs",6083,6029,0,0
"20725","D_obs",6083,6030,0,0
"20726","D_obs",6083,6031,0,2
"20727","D_obs",6083,6032,0,0
"20728","D_obs",6083,6033,0,1
"20729","D_obs",6083,6034,0,0
"20730","D_obs",6083,6035,0,0
"20731","D_obs",6083,6036,0,0
"20732","D_obs",6083,6037,0,0
"20733","D_obs",6083,6038,0,1
"20734","D_obs",6083,6039,0,0
"20735","D_obs",6083,6040,0,1
"20736","D_obs",6083,6041,0,1
"20737","D_obs",6083,6042,0,0
"20738","D_obs",6083,6043,0,0
"20739","D_obs",6083,6044,0,0
"20740","D_obs",6083,6045,0,1
"20741","D_obs",6083,6046,0,0
"20742","D_obs",6083,6047,0,0
"20743","D_obs",6083,6048,0,0
"20744","D_obs",6083,6049,0,0
"20745","D_obs",6083,6050,0,0
"20746","D_obs",6083,6051,0,2
"20747","D_obs",6083,6052,0,0
"20748","D_obs",6083,6053,0,1
"20749","D_obs",6083,6054,0,0
"20750","D_obs",6083,6055,0,1
"20751","D_obs",6083,6056,0,0
"20752","D_obs",6083,6057,0,0
"20753","D_obs",6083,6058,0,0
"20754","D_obs",6083,6059,0,0
"20755","D_obs",6083,6060,0,0
"20756","D_obs",6083,6061,0,1
"20757","D_obs",6083,6062,0,1
"20758","D_obs",6083,6063,0,0
"20759","D_obs",6083,6064,0,0
"20760","D_obs",6083,6065,0,0
"20761","D_obs",6083,6066,0,0
"20762","D_obs",6083,6067,0,0
"20763","D_obs",6083,6068,0,0
"20764","D_obs",6083,6069,0,0
"20765","D_obs",6083,6070,0,1
"20766","D_obs",6083,6071,0,0
"20767","D_obs",6083,6072,0,0
"20768","D_obs",6083,6073,0,0
"20769","D_obs",6083,6074,0,0
"20770","D_obs",6083,6075,0,0
"20771","D_obs",6083,6076,0,0
"20772","D_obs",6083,6077,0,1
"20773","D_obs",6083,6078,0,0
"20774","D_obs",6083,6079,0,0
"20775","D_obs",6083,6080,0,0
"20776","D_obs",6083,6081,0,0
"20777","cases_obs",6083,0,0,208
"20778","cases_obs",6083,1,0,199
"20779","cases_obs",6083,2,0,209
"20780","cases_obs",6083,3,0,205
"20781","cases_obs",6083,4,0,191
"20782","cases_obs",6083,5,0,189
"20783","cases_obs",6083,6,0,150
"20784","cases_obs",6083,7,0,193
"20785","cases_obs",6083,8,0,216
"20786","cases_obs",6083,9,0,179
"20787","cases_obs",6083,10,0,154
"20788","cases_obs",6083,11,0,174
"20789","cases_obs",6083,12,0,204
"20790","cases_obs",6083,13,0,167
"20791","cases_obs",6083,14,0,216
"20792","cases_obs",6083,15,0,178
"20793","cases_obs",6083,16,0,223
"20794","cases_obs",6083,17,0,434
"20795","cases_obs",6083,18,0,508
"20796","cases_obs",6083,19,0,365
"20797","cases_obs",6083,20,0,408
"20798","cases_obs",6083,21,0,367
"20799","cases_obs",6083,22,0,368
"20800","cases_obs",6083,23,0,354
"20801","cases_obs",6083,24,0,418
"20802","cases_obs",6083,25,0,478
"20803","cases_obs",6083,26,0,415
"20804","cases_obs",6083,27,0,408
"20805","cases_obs",6083,28,0,399
"20806","cases_obs",6083,29,0,442
"20807","cases_obs",6083,30,0,429
"20808","cases_obs",6083,31,0,371
"20809","cases_obs",6083,32,0,343
"20810","cases_obs",6083,33,0,294
"20811","cases_obs",6083,34,0,332
"20812","cases_obs",6083,35,0,394
"20813","cases_obs",6083,36,0,504
"20814","cases_obs",6083,37,0,479
"20815","cases_obs",6083,38,0,594
"20816","cases_obs",6083,39,0,636
"20817","cases_obs",6083,40,0,510
"20818","cases_obs",6083,41,0,610
"20819","cases_obs",6083,42,0,590
"20820","cases_obs",6083,43,0,532
"20821","cases_obs",6083,44,0,432
"20822","cases_obs",6083,45,0,411
"20823","cases_obs",6083,46,0,448
"20824","cases_obs",6083,47,0,400
"20825","cases_obs",6083,48,0,458
"20826","cases_obs",6083,49,0,403
"20827","cases_obs",6083,50,0,312
"20828","cases_obs",6083,51,0,302
"20829","cases_obs",6083,52,0,378
"20830","cases_obs",6083,53,0,331
"20831","cases_obs",6083,54,0,335
"20832","cases_obs",6083,55,0,368
"20833","cases_obs",6083,56,0,306
"20834","cases_obs",6083,57,0,315
"20835","cases_obs",6083,58,0,328
"20836","cases_obs",6083,59,0,271
"20837","cases_obs",6083,60,0,275
"20838","cases_obs",6083,61,0,340
"20839","cases_obs",6083,62,0,311
"20840","cases_obs",6083,63,0,309
"20841","cases_obs",6083,64,0,256
"20842","cases_obs",6083,65,0,312
"20843","cases_obs",6083,66,0,294
"20844","cases_obs",6083,67,0,307
"20845","cases_obs",6083,68,0,336
"20846","cases_obs",6083,69,0,292
"20847","cases_obs",6083,70,0,318
"20848","cases_obs",6083,71,0,324
"20849","cases_obs",6083,72,0,318
"20850","cases_obs",6083,73,0,381
"20851","cases_obs",6083,74,0,360
"20852","cases_obs",6083,75,0,333
"20853","cases_obs",6083,76,0,429
"20854","cases_obs",6083,77,0,325
"20855","cases_obs",6083,78,0,291
"20856","cases_obs",6083,79,0,319
"20857","cases_obs",6083,80,0,354
"20858","cases_obs",6083,81,0,463
"20859","cases_obs",6083,82,0,451
"20860","cases_obs",6083,83,0,331
"20861","cases_obs",6083,84,0,353
"20862","cases_obs",6083,85,0,345
"20863","cases_obs",6083,86,0,329
"20864","cases_obs",6083,87,0,384
"20865","cases_obs",6083,88,0,336
"20866","cases_obs",6083,89,0,357
"20867","cases_obs",6083,90,0,422
"20868","cases_obs",6083,91,0,430
"20869","cases_obs",6083,92,0,464
"20870","cases_obs",6083,93,0,407
"20871","cases_obs",6083,94,0,413
"20872","cases_obs",6083,95,0,441
"20873","cases_obs",6083,96,0,410
"20874","cases_obs",6083,97,0,308
"20875","cases_obs",6083,98,0,320
"20876","cases_obs",6083,99,0,443
"20877","cases_obs",6083,100,0,279
"20878","cases_obs",6083,101,0,322
"20879","cases_obs",6083,102,0,346
"20880","cases_obs",6083,103,0,226
"20881","cases_obs",6083,104,0,266
"20882","cases_obs",6083,105,0,296
"20883","cases_obs",6083,106,0,243
"20884","cases_obs",6083,107,0,256
"20885","cases_obs",6083,108,0,235
"20886","cases_obs",6083,109,0,225
"20887","cases_obs",6083,110,0,262
"20888","cases_obs",6083,111,0,235
"20889","cases_obs",6083,112,0,220
"20890","cases_obs",6083,113,0,214
"20891","cases_obs",6083,114,0,274
"20892","cases_obs",6083,115,0,255
"20893","cases_obs",6083,116,0,249
"20894","cases_obs",6083,117,0,221
"20895","cases_obs",6083,118,0,180
"20896","cases_obs",6083,119,0,216
"20897","cases_obs",6083,120,0,236
"20898","cases_obs",6083,121,0,297
"20899","cases_obs",6083,122,0,269
"20900","cases_obs",6083,123,0,259
"20901","cases_obs",6083,124,0,269
"20902","cases_obs",6083,125,0,264
"20903","cases_obs",6083,126,0,258
"20904","cases_obs",6083,127,0,199
"20905","cases_obs",6083,128,0,192
"20906","cases_obs",6083,129,0,244
"20907","cases_obs",6083,130,0,270
"20908","cases_obs",6083,131,0,272
"20909","cases_obs",6083,132,0,263
"20910","cases_obs",6083,133,0,291
"20911","cases_obs",6083,134,0,266
"20912","cases_obs",6083,135,0,238
"20913","cases_obs",6083,136,0,228
"20914","cases_obs",6083,137,0,233
"20915","cases_obs",6083,138,0,204
"20916","cases_obs",6083,139,0,245
"20917","cases_obs",6083,140,0,254
"20918","cases_obs",6083,141,0,256
"20919","cases_obs",6083,142,0,333
"20920","cases_obs",6083,143,0,274
"20921","cases_obs",6083,144,0,270
"20922","cases_obs",6083,145,0,249
"20923","cases_obs",6083,146,0,243
"20924","cases_obs",6083,147,0,240
"20925","cases_obs",6083,148,0,240
"20926","cases_obs",6083,149,0,214
"20927","cases_obs",6083,150,0,203
"20928","cases_obs",6083,151,0,206
"20929","cases_obs",6083,152,0,203
"20930","cases_obs",6083,153,0,190
"20931","cases_obs",6083,154,0,226
"20932","cases_obs",6083,155,0,156
"20933","cases_obs",6083,156,0,204
"20934","cases_obs",6083,157,0,226
"20935","cases_obs",6083,158,0,216
"20936","cases_obs",6083,159,0,190
"20937","cases_obs",6083,160,0,186
"20938","cases_obs",6083,161,0,178
"20939","cases_obs",6083,162,0,192
"20940","cases_obs",6083,163,0,167
"20941","cases_obs",6083,164,0,159
"20942","cases_obs",6083,165,0,189
"20943","cases_obs",6083,166,0,213
"20944","cases_obs",6083,167,0,196
"20945","cases_obs",6083,168,0,177
"20946","cases_obs",6083,169,0,152
"20947","cases_obs",6083,170,0,175
"20948","cases_obs",6083,171,0,180
"20949","cases_obs",6083,172,0,240
"20950","cases_obs",6083,173,0,216
"20951","cases_obs",6083,174,0,266
"20952","cases_obs",6083,175,0,256
"20953","cases_obs",6083,176,0,285
"20954","cases_obs",6083,177,0,208
"20955","cases_obs",6083,178,0,253
"20956","cases_obs",6083,179,0,221
"20957","cases_obs",6083,180,0,243
"20958","cases_obs",6083,181,0,219
"20959","cases_obs",6083,182,0,268
"20960","cases_obs",6083,183,0,315
"20961","cases_obs",6083,184,0,267
"20962","cases_obs",6083,185,0,245
"20963","cases_obs",6083,186,0,277
"20964","cases_obs",6083,187,0,203
"20965","cases_obs",6083,188,0,205
"20966","cases_obs",6083,189,0,204
"20967","cases_obs",6083,190,0,268
"20968","cases_obs",6083,191,0,308
"20969","cases_obs",6083,192,0,267
"20970","cases_obs",6083,193,0,374
"20971","cases_obs",6083,194,0,327
"20972","cases_obs",6083,195,0,398
"20973","cases_obs",6083,196,0,482
"20974","cases_obs",6083,197,0,420
"20975","cases_obs",6083,198,0,441
"20976","cases_obs",6083,199,0,342
"20977","cases_obs",6083,200,0,354
"20978","cases_obs",6083,201,0,319
"20979","cases_obs",6083,202,0,286
"20980","cases_obs",6083,203,0,309
"20981","cases_obs",6083,204,0,278
"20982","cases_obs",6083,205,0,290
"20983","cases_obs",6083,206,0,286
"20984","cases_obs",6083,207,0,259
"20985","cases_obs",6083,208,0,247
"20986","cases_obs",6083,209,0,215
"20987","cases_obs",6083,210,0,228
"20988","cases_obs",6083,211,0,252
"20989","cases_obs",6083,212,0,274
"20990","cases_obs",6083,213,0,252
"20991","cases_obs",6083,214,0,302
"20992","cases_obs",6083,215,0,266
"20993","cases_obs",6083,216,0,265
"20994","cases_obs",6083,217,0,309
"20995","cases_obs",6083,218,0,334
"20996","cases_obs",6083,219,0,304
"20997","cases_obs",6083,220,0,287
"20998","cases_obs",6083,221,0,280
"20999","cases_obs",6083,222,0,335
"21000","cases_obs",6083,223,0,322
"21001","cases_obs",6083,224,0,244
"21002","cases_obs",6083,225,0,286
"21003","cases_obs",6083,226,0,268
"21004","cases_obs",6083,227,0,336
"21005","cases_obs",6083,228,0,364
"21006","cases_obs",6083,229,0,338
"21007","cases_obs",6083,230,0,379
"21008","cases_obs",6083,231,0,300
"21009","cases_obs",6083,232,0,347
"21010","cases_obs",6083,233,0,327
"21011","cases_obs",6083,234,0,372
"21012","cases_obs",6083,235,0,378
"21013","cases_obs",6083,236,0,383
"21014","cases_obs",6083,237,0,322
"21015","cases_obs",6083,238,0,385
"21016","cases_obs",6083,239,0,376
"21017","cases_obs",6083,240,0,383
"21018","cases_obs",6083,241,0,403
"21019","cases_obs",6083,242,0,371
"21020","cases_obs",6083,243,0,401
"21021","cases_obs",6083,244,0,509
"21022","cases_obs",6083,245,0,482
"21023","cases_obs",6083,246,0,598
"21024","cases_obs",6083,247,0,543
"21025","cases_obs",6083,248,0,567
"21026","cases_obs",6083,249,0,547
"21027","cases_obs",6083,250,0,571
"21028","cases_obs",6083,251,0,554
"21029","cases_obs",6083,252,0,541
"21030","cases_obs",6083,253,0,576
"21031","cases_obs",6083,254,0,467
"21032","cases_obs",6083,255,0,501
"21033","cases_obs",6083,256,0,440
"21034","cases_obs",6083,257,0,400
"21035","cases_obs",6083,258,0,390
"21036","cases_obs",6083,259,0,294
"21037","cases_obs",6083,260,0,306
"21038","cases_obs",6083,261,0,347
"21039","cases_obs",6083,262,0,286
"21040","cases_obs",6083,263,0,345
"21041","cases_obs",6083,264,0,364
"21042","cases_obs",6083,265,0,356
"21043","cases_obs",6083,266,0,231
"21044","cases_obs",6083,267,0,321
"21045","cases_obs",6083,268,0,292
"21046","cases_obs",6083,269,0,336
"21047","cases_obs",6083,270,0,285
"21048","cases_obs",6083,271,0,268
"21049","cases_obs",6083,272,0,273
"21050","cases_obs",6083,273,0,245
"21051","cases_obs",6083,274,0,293
"21052","cases_obs",6083,275,0,246
"21053","cases_obs",6083,276,0,347
"21054","cases_obs",6083,277,0,314
"21055","cases_obs",6083,278,0,364
"21056","cases_obs",6083,279,0,356
"21057","cases_obs",6083,280,0,327
"21058","cases_obs",6083,281,0,376
"21059","cases_obs",6083,282,0,336
"21060","cases_obs",6083,283,0,363
"21061","cases_obs",6083,284,0,393
"21062","cases_obs",6083,285,0,402
"21063","cases_obs",6083,286,0,406
"21064","cases_obs",6083,287,0,399
"21065","cases_obs",6083,288,0,427
"21066","cases_obs",6083,289,0,434
"21067","cases_obs",6083,290,0,431
"21068","cases_obs",6083,291,0,463
"21069","cases_obs",6083,292,0,345
"21070","cases_obs",6083,293,0,329
"21071","cases_obs",6083,294,0,364
"21072","cases_obs",6083,295,0,308
"21073","cases_obs",6083,296,0,466
"21074","cases_obs",6083,297,0,442
"21075","cases_obs",6083,298,0,518
"21076","cases_obs",6083,299,0,537
"21077","cases_obs",6083,300,0,671
"21078","cases_obs",6083,301,0,602
"21079","cases_obs",6083,302,0,591
"21080","cases_obs",6083,303,0,566
"21081","cases_obs",6083,304,0,529
"21082","cases_obs",6083,305,0,477
"21083","cases_obs",6083,306,0,481
"21084","cases_obs",6083,307,0,521
"21085","cases_obs",6083,308,0,456
"21086","cases_obs",6083,309,0,444
"21087","cases_obs",6083,310,0,398
"21088","cases_obs",6083,311,0,363
"21089","cases_obs",6083,312,0,261
"21090","cases_obs",6083,313,0,332
"21091","cases_obs",6083,314,0,312
"21092","cases_obs",6083,315,0,360
"21093","cases_obs",6083,316,0,316
"21094","cases_obs",6083,317,0,332
"21095","cases_obs",6083,318,0,339
"21096","cases_obs",6083,319,0,401
"21097","cases_obs",6083,320,0,333
"21098","cases_obs",6083,321,0,344
"21099","cases_obs",6083,322,0,322
"21100","cases_obs",6083,323,0,350
"21101","cases_obs",6083,324,0,337
"21102","cases_obs",6083,325,0,327
"21103","cases_obs",6083,326,0,401
"21104","cases_obs",6083,327,0,313
"21105","cases_obs",6083,328,0,371
"21106","cases_obs",6083,329,0,394
"21107","cases_obs",6083,330,0,366
"21108","cases_obs",6083,331,0,383
"21109","cases_obs",6083,332,0,337
"21110","cases_obs",6083,333,0,451
"21111","cases_obs",6083,334,0,457
"21112","cases_obs",6083,335,0,393
"21113","cases_obs",6083,336,0,429
"21114","cases_obs",6083,337,0,410
"21115","cases_obs",6083,338,0,457
"21116","cases_obs",6083,339,0,512
"21117","cases_obs",6083,340,0,517
"21118","cases_obs",6083,341,0,595
"21119","cases_obs",6083,342,0,573
"21120","cases_obs",6083,343,0,444
"21121","cases_obs",6083,344,0,536
"21122","cases_obs",6083,345,0,438
"21123","cases_obs",6083,346,0,447
"21124","cases_obs",6083,347,0,571
"21125","cases_obs",6083,348,0,621
"21126","cases_obs",6083,349,0,606
"21127","cases_obs",6083,350,0,726
"21128","cases_obs",6083,351,0,780
"21129","cases_obs",6083,352,0,838
"21130","cases_obs",6083,353,0,798
"21131","cases_obs",6083,354,0,867
"21132","cases_obs",6083,355,0,871
"21133","cases_obs",6083,356,0,851
"21134","cases_obs",6083,357,0,726
"21135","cases_obs",6083,358,0,677
"21136","cases_obs",6083,359,0,653
"21137","cases_obs",6083,360,0,668
"21138","cases_obs",6083,361,0,596
"21139","cases_obs",6083,362,0,573
"21140","cases_obs",6083,363,0,491
"21141","cases_obs",6083,364,0,391
"21142","cases_obs",6083,365,0,463
"21143","cases_obs",6083,366,0,516
"21144","cases_obs",6083,367,0,470
"21145","cases_obs",6083,368,0,447
"21146","cases_obs",6083,369,0,413
"21147","cases_obs",6083,370,0,453
"21148","cases_obs",6083,371,0,472
"21149","cases_obs",6083,372,0,454
"21150","cases_obs",6083,373,0,379
"21151","cases_obs",6083,374,0,358
"21152","cases_obs",6083,375,0,356
"21153","cases_obs",6083,376,0,397
"21154","cases_obs",6083,377,0,374
"21155","cases_obs",6083,378,0,340
"21156","cases_obs",6083,379,0,331
"21157","cases_obs",6083,380,0,342
"21158","cases_obs",6083,381,0,359
"21159","cases_obs",6083,382,0,364
"21160","cases_obs",6083,383,0,384
"21161","cases_obs",6083,384,0,378
"21162","cases_obs",6083,385,0,332
"21163","cases_obs",6083,386,0,335
"21164","cases_obs",6083,387,0,293
"21165","cases_obs",6083,388,0,308
"21166","cases_obs",6083,389,0,301
"21167","cases_obs",6083,390,0,358
"21168","cases_obs",6083,391,0,343
"21169","cases_obs",6083,392,0,412
"21170","cases_obs",6083,393,0,371
"21171","cases_obs",6083,394,0,432
"21172","cases_obs",6083,395,0,384
"21173","cases_obs",6083,396,0,362
"21174","cases_obs",6083,397,0,328
"21175","cases_obs",6083,398,0,384
"21176","cases_obs",6083,399,0,385
"21177","cases_obs",6083,400,0,396
"21178","cases_obs",6083,401,0,478
"21179","cases_obs",6083,402,0,617
"21180","cases_obs",6083,403,0,604
"21181","cases_obs",6083,404,0,612
"21182","cases_obs",6083,405,0,539
"21183","cases_obs",6083,406,0,524
"21184","cases_obs",6083,407,0,425
"21185","cases_obs",6083,408,0,505
"21186","cases_obs",6083,409,0,531
"21187","cases_obs",6083,410,0,525
"21188","cases_obs",6083,411,0,447
"21189","cases_obs",6083,412,0,510
"21190","cases_obs",6083,413,0,451
"21191","cases_obs",6083,414,0,448
"21192","cases_obs",6083,415,0,413
"21193","cases_obs",6083,416,0,258
"21194","cases_obs",6083,417,0,417
"21195","cases_obs",6083,418,0,360
"21196","cases_obs",6083,419,0,354
"21197","cases_obs",6083,420,0,408
"21198","cases_obs",6083,421,0,350
"21199","cases_obs",6083,422,0,326
"21200","cases_obs",6083,423,0,311
"21201","cases_obs",6083,424,0,290
"21202","cases_obs",6083,425,0,333
"21203","cases_obs",6083,426,0,308
"21204","cases_obs",6083,427,0,284
"21205","cases_obs",6083,428,0,248
"21206","cases_obs",6083,429,0,340
"21207","cases_obs",6083,430,0,316
"21208","cases_obs",6083,431,0,229
"21209","cases_obs",6083,432,0,279
"21210","cases_obs",6083,433,0,271
"21211","cases_obs",6083,434,0,331
"21212","cases_obs",6083,435,0,313
"21213","cases_obs",6083,436,0,329
"21214","cases_obs",6083,437,0,372
"21215","cases_obs",6083,438,0,348
"21216","cases_obs",6083,439,0,309
"21217","cases_obs",6083,440,0,317
"21218","cases_obs",6083,441,0,459
"21219","cases_obs",6083,442,0,445
"21220","cases_obs",6083,443,0,403
"21221","cases_obs",6083,444,0,383
"21222","cases_obs",6083,445,0,420
"21223","cases_obs",6083,446,0,383
"21224","cases_obs",6083,447,0,316
"21225","cases_obs",6083,448,0,290
"21226","cases_obs",6083,449,0,307
"21227","cases_obs",6083,450,0,248
"21228","cases_obs",6083,451,0,283
"21229","cases_obs",6083,452,0,341
"21230","cases_obs",6083,453,0,413
"21231","cases_obs",6083,454,0,433
"21232","cases_obs",6083,455,0,447
"21233","cases_obs",6083,456,0,413
"21234","cases_obs",6083,457,0,328
"21235","cases_obs",6083,458,0,381
"21236","cases_obs",6083,459,0,347
"21237","cases_obs",6083,460,0,313
"21238","cases_obs",6083,461,0,317
"21239","cases_obs",6083,462,0,311
"21240","cases_obs",6083,463,0,304
"21241","cases_obs",6083,464,0,284
"21242","cases_obs",6083,465,0,277
"21243","cases_obs",6083,466,0,287
"21244","cases_obs",6083,467,0,285
"21245","cases_obs",6083,468,0,234
"21246","cases_obs",6083,469,0,282
"21247","cases_obs",6083,470,0,213
"21248","cases_obs",6083,471,0,215
"21249","cases_obs",6083,472,0,212
"21250","cases_obs",6083,473,0,209
"21251","cases_obs",6083,474,0,207
"21252","cases_obs",6083,475,0,246
"21253","cases_obs",6083,476,0,216
"21254","cases_obs",6083,477,0,221
"21255","cases_obs",6083,478,0,216
"21256","cases_obs",6083,479,0,216
"21257","cases_obs",6083,480,0,174
"21258","cases_obs",6083,481,0,180
"21259","cases_obs",6083,482,0,198
"21260","cases_obs",6083,483,0,196
"21261","cases_obs",6083,484,0,210
"21262","cases_obs",6083,485,0,202
"21263","cases_obs",6083,486,0,206
"21264","cases_obs",6083,487,0,188
"21265","cases_obs",6083,488,0,188
"21266","cases_obs",6083,489,0,203
"21267","cases_obs",6083,490,0,183
"21268","cases_obs",6083,491,0,215
"21269","cases_obs",6083,492,0,191
"21270","cases_obs",6083,493,0,172
"21271","cases_obs",6083,494,0,199
"21272","cases_obs",6083,495,0,196
"21273","cases_obs",6083,496,0,186
"21274","cases_obs",6083,497,0,247
"21275","cases_obs",6083,498,0,185
"21276","cases_obs",6083,499,0,199
"21277","cases_obs",6083,500,0,170
"21278","cases_obs",6083,501,0,176
"21279","cases_obs",6083,502,0,164
"21280","cases_obs",6083,503,0,168
"21281","cases_obs",6083,504,0,190
"21282","cases_obs",6083,505,0,203
"21283","cases_obs",6083,506,0,216
"21284","cases_obs",6083,507,0,214
"21285","cases_obs",6083,508,0,262
"21286","cases_obs",6083,509,0,250
"21287","cases_obs",6083,510,0,252
"21288","cases_obs",6083,511,0,263
"21289","cases_obs",6083,512,0,232
"21290","cases_obs",6083,513,0,200
"21291","cases_obs",6083,514,0,246
"21292","cases_obs",6083,515,0,204
"21293","cases_obs",6083,516,0,176
"21294","cases_obs",6083,517,0,170
"21295","cases_obs",6083,518,0,180
"21296","cases_obs",6083,519,0,189
"21297","cases_obs",6083,520,0,177
"21298","cases_obs",6083,521,0,145
"21299","cases_obs",6083,522,0,166
"21300","cases_obs",6083,523,0,151
"21301","cases_obs",6083,524,0,156
"21302","cases_obs",6083,525,0,125
"21303","cases_obs",6083,526,0,139
"21304","cases_obs",6083,527,0,144
"21305","cases_obs",6083,528,0,156
"21306","cases_obs",6083,529,0,158
"21307","cases_obs",6083,530,0,128
"21308","cases_obs",6083,531,0,143
"21309","cases_obs",6083,532,0,157
"21310","cases_obs",6083,533,0,137
"21311","cases_obs",6083,534,0,145
"21312","cases_obs",6083,535,0,122
"21313","cases_obs",6083,536,0,126
"21314","cases_obs",6083,537,0,185
"21315","cases_obs",6083,538,0,154
"21316","cases_obs",6083,539,0,156
"21317","cases_obs",6083,540,0,167
"21318","cases_obs",6083,541,0,173
"21319","cases_obs",6083,542,0,151
"21320","cases_obs",6083,543,0,171
"21321","cases_obs",6083,544,0,151
"21322","cases_obs",6083,545,0,196
"21323","cases_obs",6083,546,0,164
"21324","cases_obs",6083,547,0,172
"21325","cases_obs",6083,548,0,193
"21326","cases_obs",6083,549,0,211
"21327","cases_obs",6083,550,0,231
"21328","cases_obs",6083,551,0,222
"21329","cases_obs",6083,552,0,194
"21330","cases_obs",6083,553,0,186
"21331","cases_obs",6083,554,0,157
"21332","cases_obs",6083,555,0,141
"21333","cases_obs",6083,556,0,167
"21334","cases_obs",6083,557,0,226
"21335","cases_obs",6083,558,0,267
"21336","cases_obs",6083,559,0,243
"21337","cases_obs",6083,560,0,346
"21338","cases_obs",6083,561,0,303
"21339","cases_obs",6083,562,0,380
"21340","cases_obs",6083,563,0,382
"21341","cases_obs",6083,564,0,335
"21342","cases_obs",6083,565,0,291
"21343","cases_obs",6083,566,0,318
"21344","cases_obs",6083,567,0,309
"21345","cases_obs",6083,568,0,240
"21346","cases_obs",6083,569,0,258
"21347","cases_obs",6083,570,0,272
"21348","cases_obs",6083,571,0,253
"21349","cases_obs",6083,572,0,207
"21350","cases_obs",6083,573,0,169
"21351","cases_obs",6083,574,0,214
"21352","cases_obs",6083,575,0,172
"21353","cases_obs",6083,576,0,171
"21354","cases_obs",6083,577,0,195
"21355","cases_obs",6083,578,0,170
"21356","cases_obs",6083,579,0,183
"21357","cases_obs",6083,580,0,148
"21358","cases_obs",6083,581,0,214
"21359","cases_obs",6083,582,0,182
"21360","cases_obs",6083,583,0,168
"21361","cases_obs",6083,584,0,177
"21362","cases_obs",6083,585,0,131
"21363","cases_obs",6083,586,0,158
"21364","cases_obs",6083,587,0,114
"21365","cases_obs",6083,588,0,131
"21366","cases_obs",6083,589,0,143
"21367","cases_obs",6083,590,0,168
"21368","cases_obs",6083,591,0,183
"21369","cases_obs",6083,592,0,163
"21370","cases_obs",6083,593,0,163
"21371","cases_obs",6083,594,0,192
"21372","cases_obs",6083,595,0,173
"21373","cases_obs",6083,596,0,189
"21374","cases_obs",6083,597,0,200
"21375","cases_obs",6083,598,0,199
"21376","cases_obs",6083,599,0,206
"21377","cases_obs",6083,600,0,213
"21378","cases_obs",6083,601,0,247
"21379","cases_obs",6083,602,0,196
"21380","cases_obs",6083,603,0,214
"21381","cases_obs",6083,604,0,183
"21382","cases_obs",6083,605,0,211
"21383","cases_obs",6083,606,0,215
"21384","cases_obs",6083,607,0,160
"21385","cases_obs",6083,608,0,219
"21386","cases_obs",6083,609,0,233
"21387","cases_obs",6083,610,0,283
"21388","cases_obs",6083,611,0,239
"21389","cases_obs",6083,612,0,285
"21390","cases_obs",6083,613,0,330
"21391","cases_obs",6083,614,0,340
"21392","cases_obs",6083,615,0,356
"21393","cases_obs",6083,616,0,313
"21394","cases_obs",6083,617,0,306
"21395","cases_obs",6083,618,0,326
"21396","cases_obs",6083,619,0,303
"21397","cases_obs",6083,620,0,288
"21398","cases_obs",6083,621,0,294
"21399","cases_obs",6083,622,0,300
"21400","cases_obs",6083,623,0,252
"21401","cases_obs",6083,624,0,227
"21402","cases_obs",6083,625,0,180
"21403","cases_obs",6083,626,0,205
"21404","cases_obs",6083,627,0,203
"21405","cases_obs",6083,628,0,223
"21406","cases_obs",6083,629,0,210
"21407","cases_obs",6083,630,0,245
"21408","cases_obs",6083,631,0,223
"21409","cases_obs",6083,632,0,213
"21410","cases_obs",6083,633,0,169
"21411","cases_obs",6083,634,0,205
"21412","cases_obs",6083,635,0,178
"21413","cases_obs",6083,636,0,178
"21414","cases_obs",6083,637,0,118
"21415","cases_obs",6083,638,0,242
"21416","cases_obs",6083,639,0,178
"21417","cases_obs",6083,640,0,182
"21418","cases_obs",6083,641,0,215
"21419","cases_obs",6083,642,0,204
"21420","cases_obs",6083,643,0,220
"21421","cases_obs",6083,644,0,199
"21422","cases_obs",6083,645,0,213
"21423","cases_obs",6083,646,0,197
"21424","cases_obs",6083,647,0,188
"21425","cases_obs",6083,648,0,199
"21426","cases_obs",6083,649,0,201
"21427","cases_obs",6083,650,0,285
"21428","cases_obs",6083,651,0,332
"21429","cases_obs",6083,652,0,325
"21430","cases_obs",6083,653,0,335
"21431","cases_obs",6083,654,0,361
"21432","cases_obs",6083,655,0,361
"21433","cases_obs",6083,656,0,292
"21434","cases_obs",6083,657,0,228
"21435","cases_obs",6083,658,0,246
"21436","cases_obs",6083,659,0,241
"21437","cases_obs",6083,660,0,286
"21438","cases_obs",6083,661,0,336
"21439","cases_obs",6083,662,0,306
"21440","cases_obs",6083,663,0,403
"21441","cases_obs",6083,664,0,535
"21442","cases_obs",6083,665,0,514
"21443","cases_obs",6083,666,0,508
"21444","cases_obs",6083,667,0,576
"21445","cases_obs",6083,668,0,609
"21446","cases_obs",6083,669,0,698
"21447","cases_obs",6083,670,0,548
"21448","cases_obs",6083,671,0,681
"21449","cases_obs",6083,672,0,639
"21450","cases_obs",6083,673,0,640
"21451","cases_obs",6083,674,0,553
"21452","cases_obs",6083,675,0,596
"21453","cases_obs",6083,676,0,485
"21454","cases_obs",6083,677,0,318
"21455","cases_obs",6083,678,0,459
"21456","cases_obs",6083,679,0,457
"21457","cases_obs",6083,680,0,429
"21458","cases_obs",6083,681,0,374
"21459","cases_obs",6083,682,0,459
"21460","cases_obs",6083,683,0,411
"21461","cases_obs",6083,684,0,458
"21462","cases_obs",6083,685,0,380
"21463","cases_obs",6083,686,0,432
"21464","cases_obs",6083,687,0,360
"21465","cases_obs",6083,688,0,337
"21466","cases_obs",6083,689,0,342
"21467","cases_obs",6083,690,0,341
"21468","cases_obs",6083,691,0,396
"21469","cases_obs",6083,692,0,292
"21470","cases_obs",6083,693,0,318
"21471","cases_obs",6083,694,0,292
"21472","cases_obs",6083,695,0,381
"21473","cases_obs",6083,696,0,410
"21474","cases_obs",6083,697,0,338
"21475","cases_obs",6083,698,0,426
"21476","cases_obs",6083,699,0,404
"21477","cases_obs",6083,700,0,351
"21478","cases_obs",6083,701,0,403
"21479","cases_obs",6083,702,0,428
"21480","cases_obs",6083,703,0,445
"21481","cases_obs",6083,704,0,433
"21482","cases_obs",6083,705,0,432
"21483","cases_obs",6083,706,0,446
"21484","cases_obs",6083,707,0,423
"21485","cases_obs",6083,708,0,431
"21486","cases_obs",6083,709,0,372
"21487","cases_obs",6083,710,0,378
"21488","cases_obs",6083,711,0,364
"21489","cases_obs",6083,712,0,542
"21490","cases_obs",6083,713,0,554
"21491","cases_obs",6083,714,0,661
"21492","cases_obs",6083,715,0,584
"21493","cases_obs",6083,716,0,652
"21494","cases_obs",6083,717,0,810
"21495","cases_obs",6083,718,0,771
"21496","cases_obs",6083,719,0,875
"21497","cases_obs",6083,720,0,824
"21498","cases_obs",6083,721,0,689
"21499","cases_obs",6083,722,0,725
"21500","cases_obs",6083,723,0,698
"21501","cases_obs",6083,724,0,689
"21502","cases_obs",6083,725,0,644
"21503","cases_obs",6083,726,0,578
"21504","cases_obs",6083,727,0,546
"21505","cases_obs",6083,728,0,476
"21506","cases_obs",6083,729,0,318
"21507","cases_obs",6083,730,0,503
"21508","cases_obs",6083,731,0,328
"21509","cases_obs",6083,732,0,355
"21510","cases_obs",6083,733,0,322
"21511","cases_obs",6083,734,0,338
"21512","cases_obs",6083,735,0,369
"21513","cases_obs",6083,736,0,361
"21514","cases_obs",6083,737,0,308
"21515","cases_obs",6083,738,0,299
"21516","cases_obs",6083,739,0,333
"21517","cases_obs",6083,740,0,280
"21518","cases_obs",6083,741,0,318
"21519","cases_obs",6083,742,0,300
"21520","cases_obs",6083,743,0,243
"21521","cases_obs",6083,744,0,292
"21522","cases_obs",6083,745,0,276
"21523","cases_obs",6083,746,0,255
"21524","cases_obs",6083,747,0,321
"21525","cases_obs",6083,748,0,323
"21526","cases_obs",6083,749,0,276
"21527","cases_obs",6083,750,0,336
"21528","cases_obs",6083,751,0,279
"21529","cases_obs",6083,752,0,321
"21530","cases_obs",6083,753,0,350
"21531","cases_obs",6083,754,0,330
"21532","cases_obs",6083,755,0,331
"21533","cases_obs",6083,756,0,351
"21534","cases_obs",6083,757,0,348
"21535","cases_obs",6083,758,0,315
"21536","cases_obs",6083,759,0,349
"21537","cases_obs",6083,760,0,314
"21538","cases_obs",6083,761,0,284
"21539","cases_obs",6083,762,0,294
"21540","cases_obs",6083,763,0,223
"21541","cases_obs",6083,764,0,211
"21542","cases_obs",6083,765,0,354
"21543","cases_obs",6083,766,0,294
"21544","cases_obs",6083,767,0,400
"21545","cases_obs",6083,768,0,393
"21546","cases_obs",6083,769,0,422
"21547","cases_obs",6083,770,0,485
"21548","cases_obs",6083,771,0,467
"21549","cases_obs",6083,772,0,463
"21550","cases_obs",6083,773,0,410
"21551","cases_obs",6083,774,0,353
"21552","cases_obs",6083,775,0,396
"21553","cases_obs",6083,776,0,347
"21554","cases_obs",6083,777,0,331
"21555","cases_obs",6083,778,0,298
"21556","cases_obs",6083,779,0,277
"21557","cases_obs",6083,780,0,272
"21558","cases_obs",6083,781,0,199
"21559","cases_obs",6083,782,0,258
"21560","cases_obs",6083,783,0,261
"21561","cases_obs",6083,784,0,234
"21562","cases_obs",6083,785,0,274
"21563","cases_obs",6083,786,0,263
"21564","cases_obs",6083,787,0,257
"21565","cases_obs",6083,788,0,200
"21566","cases_obs",6083,789,0,223
"21567","cases_obs",6083,790,0,203
"21568","cases_obs",6083,791,0,234
"21569","cases_obs",6083,792,0,226
"21570","cases_obs",6083,793,0,192
"21571","cases_obs",6083,794,0,207
"21572","cases_obs",6083,795,0,210
"21573","cases_obs",6083,796,0,235
"21574","cases_obs",6083,797,0,196
"21575","cases_obs",6083,798,0,183
"21576","cases_obs",6083,799,0,201
"21577","cases_obs",6083,800,0,168
"21578","cases_obs",6083,801,0,167
"21579","cases_obs",6083,802,0,155
"21580","cases_obs",6083,803,0,161
"21581","cases_obs",6083,804,0,162
"21582","cases_obs",6083,805,0,166
"21583","cases_obs",6083,806,0,154
"21584","cases_obs",6083,807,0,170
"21585","cases_obs",6083,808,0,157
"21586","cases_obs",6083,809,0,165
"21587","cases_obs",6083,810,0,165
"21588","cases_obs",6083,811,0,172
"21589","cases_obs",6083,812,0,161
"21590","cases_obs",6083,813,0,127
"21591","cases_obs",6083,814,0,145
"21592","cases_obs",6083,815,0,90
"21593","cases_obs",6083,816,0,97
"21594","cases_obs",6083,817,0,129
"21595","cases_obs",6083,818,0,147
"21596","cases_obs",6083,819,0,141
"21597","cases_obs",6083,820,0,147
"21598","cases_obs",6083,821,0,155
"21599","cases_obs",6083,822,0,153
"21600","cases_obs",6083,823,0,153
"21601","cases_obs",6083,824,0,140
"21602","cases_obs",6083,825,0,177
"21603","cases_obs",6083,826,0,163
"21604","cases_obs",6083,827,0,153
"21605","cases_obs",6083,828,0,147
"21606","cases_obs",6083,829,0,118
"21607","cases_obs",6083,830,0,128
"21608","cases_obs",6083,831,0,98
"21609","cases_obs",6083,832,0,120
"21610","cases_obs",6083,833,0,94
"21611","cases_obs",6083,834,0,94
"21612","cases_obs",6083,835,0,119
"21613","cases_obs",6083,836,0,86
"21614","cases_obs",6083,837,0,108
"21615","cases_obs",6083,838,0,111
"21616","cases_obs",6083,839,0,93
"21617","cases_obs",6083,840,0,95
"21618","cases_obs",6083,841,0,113
"21619","cases_obs",6083,842,0,123
"21620","cases_obs",6083,843,0,109
"21621","cases_obs",6083,844,0,104
"21622","cases_obs",6083,845,0,109
"21623","cases_obs",6083,846,0,114
"21624","cases_obs",6083,847,0,98
"21625","cases_obs",6083,848,0,75
"21626","cases_obs",6083,849,0,91
"21627","cases_obs",6083,850,0,86
"21628","cases_obs",6083,851,0,96
"21629","cases_obs",6083,852,0,101
"21630","cases_obs",6083,853,0,99
"21631","cases_obs",6083,854,0,90
"21632","cases_obs",6083,855,0,90
"21633","cases_obs",6083,856,0,84
"21634","cases_obs",6083,857,0,107
"21635","cases_obs",6083,858,0,70
"21636","cases_obs",6083,859,0,72
"21637","cases_obs",6083,860,0,91
"21638","cases_obs",6083,861,0,102
"21639","cases_obs",6083,862,0,110
"21640","cases_obs",6083,863,0,94
"21641","cases_obs",6083,864,0,93
"21642","cases_obs",6083,865,0,84
"21643","cases_obs",6083,866,0,69
"21644","cases_obs",6083,867,0,90
"21645","cases_obs",6083,868,0,92
"21646","cases_obs",6083,869,0,88
"21647","cases_obs",6083,870,0,104
"21648","cases_obs",6083,871,0,113
"21649","cases_obs",6083,872,0,151
"21650","cases_obs",6083,873,0,156
"21651","cases_obs",6083,874,0,157
"21652","cases_obs",6083,875,0,168
"21653","cases_obs",6083,876,0,158
"21654","cases_obs",6083,877,0,212
"21655","cases_obs",6083,878,0,188
"21656","cases_obs",6083,879,0,153
"21657","cases_obs",6083,880,0,226
"21658","cases_obs",6083,881,0,210
"21659","cases_obs",6083,882,0,195
"21660","cases_obs",6083,883,0,169
"21661","cases_obs",6083,884,0,154
"21662","cases_obs",6083,885,0,132
"21663","cases_obs",6083,886,0,113
"21664","cases_obs",6083,887,0,135
"21665","cases_obs",6083,888,0,144
"21666","cases_obs",6083,889,0,125
"21667","cases_obs",6083,890,0,135
"21668","cases_obs",6083,891,0,135
"21669","cases_obs",6083,892,0,127
"21670","cases_obs",6083,893,0,106
"21671","cases_obs",6083,894,0,119
"21672","cases_obs",6083,895,0,94
"21673","cases_obs",6083,896,0,118
"21674","cases_obs",6083,897,0,131
"21675","cases_obs",6083,898,0,153
"21676","cases_obs",6083,899,0,118
"21677","cases_obs",6083,900,0,95
"21678","cases_obs",6083,901,0,109
"21679","cases_obs",6083,902,0,98
"21680","cases_obs",6083,903,0,97
"21681","cases_obs",6083,904,0,91
"21682","cases_obs",6083,905,0,123
"21683","cases_obs",6083,906,0,119
"21684","cases_obs",6083,907,0,108
"21685","cases_obs",6083,908,0,86
"21686","cases_obs",6083,909,0,106
"21687","cases_obs",6083,910,0,116
"21688","cases_obs",6083,911,0,135
"21689","cases_obs",6083,912,0,147
"21690","cases_obs",6083,913,0,112
"21691","cases_obs",6083,914,0,113
"21692","cases_obs",6083,915,0,110
"21693","cases_obs",6083,916,0,98
"21694","cases_obs",6083,917,0,102
"21695","cases_obs",6083,918,0,94
"21696","cases_obs",6083,919,0,100
"21697","cases_obs",6083,920,0,104
"21698","cases_obs",6083,921,0,101
"21699","cases_obs",6083,922,0,138
"21700","cases_obs",6083,923,0,161
"21701","cases_obs",6083,924,0,157
"21702","cases_obs",6083,925,0,185
"21703","cases_obs",6083,926,0,170
"21704","cases_obs",6083,927,0,242
"21705","cases_obs",6083,928,0,237
"21706","cases_obs",6083,929,0,211
"21707","cases_obs",6083,930,0,171
"21708","cases_obs",6083,931,0,170
"21709","cases_obs",6083,932,0,153
"21710","cases_obs",6083,933,0,138
"21711","cases_obs",6083,934,0,127
"21712","cases_obs",6083,935,0,156
"21713","cases_obs",6083,936,0,145
"21714","cases_obs",6083,937,0,137
"21715","cases_obs",6083,938,0,121
"21716","cases_obs",6083,939,0,160
"21717","cases_obs",6083,940,0,119
"21718","cases_obs",6083,941,0,157
"21719","cases_obs",6083,942,0,125
"21720","cases_obs",6083,943,0,122
"21721","cases_obs",6083,944,0,128
"21722","cases_obs",6083,945,0,143
"21723","cases_obs",6083,946,0,132
"21724","cases_obs",6083,947,0,121
"21725","cases_obs",6083,948,0,140
"21726","cases_obs",6083,949,0,130
"21727","cases_obs",6083,950,0,106
"21728","cases_obs",6083,951,0,155
"21729","cases_obs",6083,952,0,157
"21730","cases_obs",6083,953,0,177
"21731","cases_obs",6083,954,0,136
"21732","cases_obs",6083,955,0,122
"21733","cases_obs",6083,956,0,119
"21734","cases_obs",6083,957,0,152
"21735","cases_obs",6083,958,0,151
"21736","cases_obs",6083,959,0,156
"21737","cases_obs",6083,960,0,164
"21738","cases_obs",6083,961,0,147
"21739","cases_obs",6083,962,0,162
"21740","cases_obs",6083,963,0,165
"21741","cases_obs",6083,964,0,179
"21742","cases_obs",6083,965,0,244
"21743","cases_obs",6083,966,0,259
"21744","cases_obs",6083,967,0,240
"21745","cases_obs",6083,968,0,288
"21746","cases_obs",6083,969,0,212
"21747","cases_obs",6083,970,0,189
"21748","cases_obs",6083,971,0,208
"21749","cases_obs",6083,972,0,165
"21750","cases_obs",6083,973,0,166
"21751","cases_obs",6083,974,0,219
"21752","cases_obs",6083,975,0,259
"21753","cases_obs",6083,976,0,260
"21754","cases_obs",6083,977,0,305
"21755","cases_obs",6083,978,0,390
"21756","cases_obs",6083,979,0,418
"21757","cases_obs",6083,980,0,448
"21758","cases_obs",6083,981,0,479
"21759","cases_obs",6083,982,0,444
"21760","cases_obs",6083,983,0,458
"21761","cases_obs",6083,984,0,438
"21762","cases_obs",6083,985,0,467
"21763","cases_obs",6083,986,0,511
"21764","cases_obs",6083,987,0,503
"21765","cases_obs",6083,988,0,442
"21766","cases_obs",6083,989,0,484
"21767","cases_obs",6083,990,0,261
"21768","cases_obs",6083,991,0,469
"21769","cases_obs",6083,992,0,287
"21770","cases_obs",6083,993,0,328
"21771","cases_obs",6083,994,0,343
"21772","cases_obs",6083,995,0,303
"21773","cases_obs",6083,996,0,314
"21774","cases_obs",6083,997,0,282
"21775","cases_obs",6083,998,0,299
"21776","cases_obs",6083,999,0,277
"21777","cases_obs",6083,1000,0,256
"21778","cases_obs",6083,1001,0,252
"21779","cases_obs",6083,1002,0,294
"21780","cases_obs",6083,1003,0,281
"21781","cases_obs",6083,1004,0,202
"21782","cases_obs",6083,1005,0,305
"21783","cases_obs",6083,1006,0,235
"21784","cases_obs",6083,1007,0,217
"21785","cases_obs",6083,1008,0,233
"21786","cases_obs",6083,1009,0,229
"21787","cases_obs",6083,1010,0,271
"21788","cases_obs",6083,1011,0,229
"21789","cases_obs",6083,1012,0,221
"21790","cases_obs",6083,1013,0,198
"21791","cases_obs",6083,1014,0,217
"21792","cases_obs",6083,1015,0,264
"21793","cases_obs",6083,1016,0,274
"21794","cases_obs",6083,1017,0,302
"21795","cases_obs",6083,1018,0,293
"21796","cases_obs",6083,1019,0,303
"21797","cases_obs",6083,1020,0,280
"21798","cases_obs",6083,1021,0,292
"21799","cases_obs",6083,1022,0,295
"21800","cases_obs",6083,1023,0,317
"21801","cases_obs",6083,1024,0,340
"21802","cases_obs",6083,1025,0,369
"21803","cases_obs",6083,1026,0,436
"21804","cases_obs",6083,1027,0,532
"21805","cases_obs",6083,1028,0,605
"21806","cases_obs",6083,1029,0,703
"21807","cases_obs",6083,1030,0,771
"21808","cases_obs",6083,1031,0,826
"21809","cases_obs",6083,1032,0,906
"21810","cases_obs",6083,1033,0,943
"21811","cases_obs",6083,1034,0,1025
"21812","cases_obs",6083,1035,0,878
"21813","cases_obs",6083,1036,0,980
"21814","cases_obs",6083,1037,0,838
"21815","cases_obs",6083,1038,0,728
"21816","cases_obs",6083,1039,0,787
"21817","cases_obs",6083,1040,0,723
"21818","cases_obs",6083,1041,0,528
"21819","cases_obs",6083,1042,0,471
"21820","cases_obs",6083,1043,0,641
"21821","cases_obs",6083,1044,0,516
"21822","cases_obs",6083,1045,0,479
"21823","cases_obs",6083,1046,0,540
"21824","cases_obs",6083,1047,0,567
"21825","cases_obs",6083,1048,0,424
"21826","cases_obs",6083,1049,0,488
"21827","cases_obs",6083,1050,0,525
"21828","cases_obs",6083,1051,0,465
"21829","cases_obs",6083,1052,0,476
"21830","cases_obs",6083,1053,0,509
"21831","cases_obs",6083,1054,0,513
"21832","cases_obs",6083,1055,0,466
"21833","cases_obs",6083,1056,0,445
"21834","cases_obs",6083,1057,0,427
"21835","cases_obs",6083,1058,0,409
"21836","cases_obs",6083,1059,0,411
"21837","cases_obs",6083,1060,0,490
"21838","cases_obs",6083,1061,0,490
"21839","cases_obs",6083,1062,0,533
"21840","cases_obs",6083,1063,0,503
"21841","cases_obs",6083,1064,0,553
"21842","cases_obs",6083,1065,0,547
"21843","cases_obs",6083,1066,0,427
"21844","cases_obs",6083,1067,0,558
"21845","cases_obs",6083,1068,0,546
"21846","cases_obs",6083,1069,0,542
"21847","cases_obs",6083,1070,0,625
"21848","cases_obs",6083,1071,0,593
"21849","cases_obs",6083,1072,0,602
"21850","cases_obs",6083,1073,0,530
"21851","cases_obs",6083,1074,0,439
"21852","cases_obs",6083,1075,0,395
"21853","cases_obs",6083,1076,0,478
"21854","cases_obs",6083,1077,0,434
"21855","cases_obs",6083,1078,0,605
"21856","cases_obs",6083,1079,0,730
"21857","cases_obs",6083,1080,0,878
"21858","cases_obs",6083,1081,0,812
"21859","cases_obs",6083,1082,0,894
"21860","cases_obs",6083,1083,0,1154
"21861","cases_obs",6083,1084,0,1137
"21862","cases_obs",6083,1085,0,1232
"21863","cases_obs",6083,1086,0,1102
"21864","cases_obs",6083,1087,0,1088
"21865","cases_obs",6083,1088,0,990
"21866","cases_obs",6083,1089,0,949
"21867","cases_obs",6083,1090,0,924
"21868","cases_obs",6083,1091,0,779
"21869","cases_obs",6083,1092,0,684
"21870","cases_obs",6083,1093,0,689
"21871","cases_obs",6083,1094,0,661
"21872","cases_obs",6083,1095,0,553
"21873","cases_obs",6083,1096,0,512
"21874","cases_obs",6083,1097,0,520
"21875","cases_obs",6083,1098,0,465
"21876","cases_obs",6083,1099,0,477
"21877","cases_obs",6083,1100,0,453
"21878","cases_obs",6083,1101,0,422
"21879","cases_obs",6083,1102,0,394
"21880","cases_obs",6083,1103,0,380
"21881","cases_obs",6083,1104,0,299
"21882","cases_obs",6083,1105,0,388
"21883","cases_obs",6083,1106,0,308
"21884","cases_obs",6083,1107,0,325
"21885","cases_obs",6083,1108,0,372
"21886","cases_obs",6083,1109,0,325
"21887","cases_obs",6083,1110,0,333
"21888","cases_obs",6083,1111,0,305
"21889","cases_obs",6083,1112,0,363
"21890","cases_obs",6083,1113,0,342
"21891","cases_obs",6083,1114,0,354
"21892","cases_obs",6083,1115,0,320
"21893","cases_obs",6083,1116,0,297
"21894","cases_obs",6083,1117,0,269
"21895","cases_obs",6083,1118,0,294
"21896","cases_obs",6083,1119,0,318
"21897","cases_obs",6083,1120,0,282
"21898","cases_obs",6083,1121,0,333
"21899","cases_obs",6083,1122,0,330
"21900","cases_obs",6083,1123,0,332
"21901","cases_obs",6083,1124,0,277
"21902","cases_obs",6083,1125,0,272
"21903","cases_obs",6083,1126,0,247
"21904","cases_obs",6083,1127,0,232
"21905","cases_obs",6083,1128,0,261
"21906","cases_obs",6083,1129,0,258
"21907","cases_obs",6083,1130,0,286
"21908","cases_obs",6083,1131,0,305
"21909","cases_obs",6083,1132,0,326
"21910","cases_obs",6083,1133,0,369
"21911","cases_obs",6083,1134,0,344
"21912","cases_obs",6083,1135,0,311
"21913","cases_obs",6083,1136,0,356
"21914","cases_obs",6083,1137,0,303
"21915","cases_obs",6083,1138,0,272
"21916","cases_obs",6083,1139,0,327
"21917","cases_obs",6083,1140,0,295
"21918","cases_obs",6083,1141,0,278
"21919","cases_obs",6083,1142,0,284
"21920","cases_obs",6083,1143,0,273
"21921","cases_obs",6083,1144,0,269
"21922","cases_obs",6083,1145,0,249
"21923","cases_obs",6083,1146,0,208
"21924","cases_obs",6083,1147,0,285
"21925","cases_obs",6083,1148,0,200
"21926","cases_obs",6083,1149,0,222
"21927","cases_obs",6083,1150,0,221
"21928","cases_obs",6083,1151,0,220
"21929","cases_obs",6083,1152,0,182
"21930","cases_obs",6083,1153,0,230
"21931","cases_obs",6083,1154,0,196
"21932","cases_obs",6083,1155,0,218
"21933","cases_obs",6083,1156,0,218
"21934","cases_obs",6083,1157,0,212
"21935","cases_obs",6083,1158,0,206
"21936","cases_obs",6083,1159,0,172
"21937","cases_obs",6083,1160,0,175
"21938","cases_obs",6083,1161,0,142
"21939","cases_obs",6083,1162,0,174
"21940","cases_obs",6083,1163,0,170
"21941","cases_obs",6083,1164,0,194
"21942","cases_obs",6083,1165,0,189
"21943","cases_obs",6083,1166,0,155
"21944","cases_obs",6083,1167,0,172
"21945","cases_obs",6083,1168,0,189
"21946","cases_obs",6083,1169,0,161
"21947","cases_obs",6083,1170,0,177
"21948","cases_obs",6083,1171,0,171
"21949","cases_obs",6083,1172,0,194
"21950","cases_obs",6083,1173,0,180
"21951","cases_obs",6083,1174,0,173
"21952","cases_obs",6083,1175,0,141
"21953","cases_obs",6083,1176,0,143
"21954","cases_obs",6083,1177,0,127
"21955","cases_obs",6083,1178,0,109
"21956","cases_obs",6083,1179,0,114
"21957","cases_obs",6083,1180,0,123
"21958","cases_obs",6083,1181,0,123
"21959","cases_obs",6083,1182,0,179
"21960","cases_obs",6083,1183,0,218
"21961","cases_obs",6083,1184,0,230
"21962","cases_obs",6083,1185,0,256
"21963","cases_obs",6083,1186,0,235
"21964","cases_obs",6083,1187,0,230
"21965","cases_obs",6083,1188,0,216
"21966","cases_obs",6083,1189,0,302
"21967","cases_obs",6083,1190,0,241
"21968","cases_obs",6083,1191,0,220
"21969","cases_obs",6083,1192,0,242
"21970","cases_obs",6083,1193,0,227
"21971","cases_obs",6083,1194,0,240
"21972","cases_obs",6083,1195,0,214
"21973","cases_obs",6083,1196,0,211
"21974","cases_obs",6083,1197,0,178
"21975","cases_obs",6083,1198,0,172
"21976","cases_obs",6083,1199,0,194
"21977","cases_obs",6083,1200,0,146
"21978","cases_obs",6083,1201,0,179
"21979","cases_obs",6083,1202,0,217
"21980","cases_obs",6083,1203,0,148
"21981","cases_obs",6083,1204,0,187
"21982","cases_obs",6083,1205,0,170
"21983","cases_obs",6083,1206,0,161
"21984","cases_obs",6083,1207,0,133
"21985","cases_obs",6083,1208,0,193
"21986","cases_obs",6083,1209,0,155
"21987","cases_obs",6083,1210,0,183
"21988","cases_obs",6083,1211,0,184
"21989","cases_obs",6083,1212,0,166
"21990","cases_obs",6083,1213,0,170
"21991","cases_obs",6083,1214,0,186
"21992","cases_obs",6083,1215,0,215
"21993","cases_obs",6083,1216,0,185
"21994","cases_obs",6083,1217,0,189
"21995","cases_obs",6083,1218,0,221
"21996","cases_obs",6083,1219,0,235
"21997","cases_obs",6083,1220,0,228
"21998","cases_obs",6083,1221,0,227
"21999","cases_obs",6083,1222,0,235
"22000","cases_obs",6083,1223,0,193
"22001","cases_obs",6083,1224,0,208
"22002","cases_obs",6083,1225,0,205
"22003","cases_obs",6083,1226,0,240
"22004","cases_obs",6083,1227,0,184
"22005","cases_obs",6083,1228,0,211
"22006","cases_obs",6083,1229,0,216
"22007","cases_obs",6083,1230,0,214
"22008","cases_obs",6083,1231,0,219
"22009","cases_obs",6083,1232,0,174
"22010","cases_obs",6083,1233,0,207
"22011","cases_obs",6083,1234,0,209
"22012","cases_obs",6083,1235,0,273
"22013","cases_obs",6083,1236,0,302
"22014","cases_obs",6083,1237,0,269
"22015","cases_obs",6083,1238,0,286
"22016","cases_obs",6083,1239,0,323
"22017","cases_obs",6083,1240,0,296
"22018","cases_obs",6083,1241,0,293
"22019","cases_obs",6083,1242,0,295
"22020","cases_obs",6083,1243,0,264
"22021","cases_obs",6083,1244,0,295
"22022","cases_obs",6083,1245,0,255
"22023","cases_obs",6083,1246,0,322
"22024","cases_obs",6083,1247,0,256
"22025","cases_obs",6083,1248,0,238
"22026","cases_obs",6083,1249,0,268
"22027","cases_obs",6083,1250,0,180
"22028","cases_obs",6083,1251,0,291
"22029","cases_obs",6083,1252,0,218
"22030","cases_obs",6083,1253,0,239
"22031","cases_obs",6083,1254,0,205
"22032","cases_obs",6083,1255,0,211
"22033","cases_obs",6083,1256,0,197
"22034","cases_obs",6083,1257,0,213
"22035","cases_obs",6083,1258,0,205
"22036","cases_obs",6083,1259,0,193
"22037","cases_obs",6083,1260,0,183
"22038","cases_obs",6083,1261,0,183
"22039","cases_obs",6083,1262,0,176
"22040","cases_obs",6083,1263,0,197
"22041","cases_obs",6083,1264,0,236
"22042","cases_obs",6083,1265,0,206
"22043","cases_obs",6083,1266,0,196
"22044","cases_obs",6083,1267,0,191
"22045","cases_obs",6083,1268,0,197
"22046","cases_obs",6083,1269,0,239
"22047","cases_obs",6083,1270,0,202
"22048","cases_obs",6083,1271,0,217
"22049","cases_obs",6083,1272,0,201
"22050","cases_obs",6083,1273,0,183
"22051","cases_obs",6083,1274,0,224
"22052","cases_obs",6083,1275,0,195
"22053","cases_obs",6083,1276,0,179
"22054","cases_obs",6083,1277,0,257
"22055","cases_obs",6083,1278,0,260
"22056","cases_obs",6083,1279,0,282
"22057","cases_obs",6083,1280,0,238
"22058","cases_obs",6083,1281,0,200
"22059","cases_obs",6083,1282,0,166
"22060","cases_obs",6083,1283,0,194
"22061","cases_obs",6083,1284,0,173
"22062","cases_obs",6083,1285,0,188
"22063","cases_obs",6083,1286,0,208
"22064","cases_obs",6083,1287,0,213
"22065","cases_obs",6083,1288,0,281
"22066","cases_obs",6083,1289,0,327
"22067","cases_obs",6083,1290,0,342
"22068","cases_obs",6083,1291,0,363
"22069","cases_obs",6083,1292,0,313
"22070","cases_obs",6083,1293,0,382
"22071","cases_obs",6083,1294,0,313
"22072","cases_obs",6083,1295,0,310
"22073","cases_obs",6083,1296,0,332
"22074","cases_obs",6083,1297,0,327
"22075","cases_obs",6083,1298,0,298
"22076","cases_obs",6083,1299,0,256
"22077","cases_obs",6083,1300,0,267
"22078","cases_obs",6083,1301,0,235
"22079","cases_obs",6083,1302,0,196
"22080","cases_obs",6083,1303,0,278
"22081","cases_obs",6083,1304,0,248
"22082","cases_obs",6083,1305,0,229
"22083","cases_obs",6083,1306,0,226
"22084","cases_obs",6083,1307,0,266
"22085","cases_obs",6083,1308,0,255
"22086","cases_obs",6083,1309,0,232
"22087","cases_obs",6083,1310,0,271
"22088","cases_obs",6083,1311,0,247
"22089","cases_obs",6083,1312,0,225
"22090","cases_obs",6083,1313,0,224
"22091","cases_obs",6083,1314,0,242
"22092","cases_obs",6083,1315,0,237
"22093","cases_obs",6083,1316,0,261
"22094","cases_obs",6083,1317,0,213
"22095","cases_obs",6083,1318,0,228
"22096","cases_obs",6083,1319,0,201
"22097","cases_obs",6083,1320,0,241
"22098","cases_obs",6083,1321,0,234
"22099","cases_obs",6083,1322,0,238
"22100","cases_obs",6083,1323,0,268
"22101","cases_obs",6083,1324,0,250
"22102","cases_obs",6083,1325,0,204
"22103","cases_obs",6083,1326,0,252
"22104","cases_obs",6083,1327,0,252
"22105","cases_obs",6083,1328,0,236
"22106","cases_obs",6083,1329,0,278
"22107","cases_obs",6083,1330,0,232
"22108","cases_obs",6083,1331,0,289
"22109","cases_obs",6083,1332,0,191
"22110","cases_obs",6083,1333,0,202
"22111","cases_obs",6083,1334,0,159
"22112","cases_obs",6083,1335,0,190
"22113","cases_obs",6083,1336,0,181
"22114","cases_obs",6083,1337,0,151
"22115","cases_obs",6083,1338,0,184
"22116","cases_obs",6083,1339,0,186
"22117","cases_obs",6083,1340,0,216
"22118","cases_obs",6083,1341,0,217
"22119","cases_obs",6083,1342,0,275
"22120","cases_obs",6083,1343,0,303
"22121","cases_obs",6083,1344,0,267
"22122","cases_obs",6083,1345,0,279
"22123","cases_obs",6083,1346,0,302
"22124","cases_obs",6083,1347,0,275
"22125","cases_obs",6083,1348,0,305
"22126","cases_obs",6083,1349,0,291
"22127","cases_obs",6083,1350,0,263
"22128","cases_obs",6083,1351,0,265
"22129","cases_obs",6083,1352,0,234
"22130","cases_obs",6083,1353,0,198
"22131","cases_obs",6083,1354,0,195
"22132","cases_obs",6083,1355,0,267
"22133","cases_obs",6083,1356,0,210
"22134","cases_obs",6083,1357,0,213
"22135","cases_obs",6083,1358,0,189
"22136","cases_obs",6083,1359,0,205
"22137","cases_obs",6083,1360,0,177
"22138","cases_obs",6083,1361,0,170
"22139","cases_obs",6083,1362,0,195
"22140","cases_obs",6083,1363,0,197
"22141","cases_obs",6083,1364,0,186
"22142","cases_obs",6083,1365,0,181
"22143","cases_obs",6083,1366,0,184
"22144","cases_obs",6083,1367,0,201
"22145","cases_obs",6083,1368,0,230
"22146","cases_obs",6083,1369,0,231
"22147","cases_obs",6083,1370,0,201
"22148","cases_obs",6083,1371,0,191
"22149","cases_obs",6083,1372,0,208
"22150","cases_obs",6083,1373,0,255
"22151","cases_obs",6083,1374,0,249
"22152","cases_obs",6083,1375,0,232
"22153","cases_obs",6083,1376,0,231
"22154","cases_obs",6083,1377,0,305
"22155","cases_obs",6083,1378,0,261
"22156","cases_obs",6083,1379,0,285
"22157","cases_obs",6083,1380,0,279
"22158","cases_obs",6083,1381,0,300
"22159","cases_obs",6083,1382,0,301
"22160","cases_obs",6083,1383,0,260
"22161","cases_obs",6083,1384,0,294
"22162","cases_obs",6083,1385,0,306
"22163","cases_obs",6083,1386,0,181
"22164","cases_obs",6083,1387,0,191
"22165","cases_obs",6083,1388,0,172
"22166","cases_obs",6083,1389,0,201
"22167","cases_obs",6083,1390,0,255
"22168","cases_obs",6083,1391,0,285
"22169","cases_obs",6083,1392,0,246
"22170","cases_obs",6083,1393,0,319
"22171","cases_obs",6083,1394,0,315
"22172","cases_obs",6083,1395,0,364
"22173","cases_obs",6083,1396,0,400
"22174","cases_obs",6083,1397,0,386
"22175","cases_obs",6083,1398,0,403
"22176","cases_obs",6083,1399,0,341
"22177","cases_obs",6083,1400,0,272
"22178","cases_obs",6083,1401,0,343
"22179","cases_obs",6083,1402,0,343
"22180","cases_obs",6083,1403,0,304
"22181","cases_obs",6083,1404,0,294
"22182","cases_obs",6083,1405,0,271
"22183","cases_obs",6083,1406,0,239
"22184","cases_obs",6083,1407,0,225
"22185","cases_obs",6083,1408,0,269
"22186","cases_obs",6083,1409,0,226
"22187","cases_obs",6083,1410,0,249
"22188","cases_obs",6083,1411,0,252
"22189","cases_obs",6083,1412,0,271
"22190","cases_obs",6083,1413,0,266
"22191","cases_obs",6083,1414,0,279
"22192","cases_obs",6083,1415,0,261
"22193","cases_obs",6083,1416,0,243
"22194","cases_obs",6083,1417,0,233
"22195","cases_obs",6083,1418,0,193
"22196","cases_obs",6083,1419,0,239
"22197","cases_obs",6083,1420,0,234
"22198","cases_obs",6083,1421,0,235
"22199","cases_obs",6083,1422,0,269
"22200","cases_obs",6083,1423,0,200
"22201","cases_obs",6083,1424,0,245
"22202","cases_obs",6083,1425,0,271
"22203","cases_obs",6083,1426,0,232
"22204","cases_obs",6083,1427,0,311
"22205","cases_obs",6083,1428,0,259
"22206","cases_obs",6083,1429,0,292
"22207","cases_obs",6083,1430,0,271
"22208","cases_obs",6083,1431,0,303
"22209","cases_obs",6083,1432,0,277
"22210","cases_obs",6083,1433,0,274
"22211","cases_obs",6083,1434,0,295
"22212","cases_obs",6083,1435,0,308
"22213","cases_obs",6083,1436,0,316
"22214","cases_obs",6083,1437,0,308
"22215","cases_obs",6083,1438,0,243
"22216","cases_obs",6083,1439,0,201
"22217","cases_obs",6083,1440,0,203
"22218","cases_obs",6083,1441,0,224
"22219","cases_obs",6083,1442,0,211
"22220","cases_obs",6083,1443,0,295
"22221","cases_obs",6083,1444,0,338
"22222","cases_obs",6083,1445,0,353
"22223","cases_obs",6083,1446,0,396
"22224","cases_obs",6083,1447,0,402
"22225","cases_obs",6083,1448,0,503
"22226","cases_obs",6083,1449,0,448
"22227","cases_obs",6083,1450,0,472
"22228","cases_obs",6083,1451,0,407
"22229","cases_obs",6083,1452,0,408
"22230","cases_obs",6083,1453,0,405
"22231","cases_obs",6083,1454,0,344
"22232","cases_obs",6083,1455,0,371
"22233","cases_obs",6083,1456,0,356
"22234","cases_obs",6083,1457,0,350
"22235","cases_obs",6083,1458,0,290
"22236","cases_obs",6083,1459,0,266
"22237","cases_obs",6083,1460,0,283
"22238","cases_obs",6083,1461,0,272
"22239","cases_obs",6083,1462,0,274
"22240","cases_obs",6083,1463,0,269
"22241","cases_obs",6083,1464,0,314
"22242","cases_obs",6083,1465,0,277
"22243","cases_obs",6083,1466,0,238
"22244","cases_obs",6083,1467,0,255
"22245","cases_obs",6083,1468,0,237
"22246","cases_obs",6083,1469,0,298
"22247","cases_obs",6083,1470,0,271
"22248","cases_obs",6083,1471,0,282
"22249","cases_obs",6083,1472,0,289
"22250","cases_obs",6083,1473,0,254
"22251","cases_obs",6083,1474,0,231
"22252","cases_obs",6083,1475,0,240
"22253","cases_obs",6083,1476,0,262
"22254","cases_obs",6083,1477,0,298
"22255","cases_obs",6083,1478,0,278
"22256","cases_obs",6083,1479,0,218
"22257","cases_obs",6083,1480,0,234
"22258","cases_obs",6083,1481,0,212
"22259","cases_obs",6083,1482,0,224
"22260","cases_obs",6083,1483,0,247
"22261","cases_obs",6083,1484,0,232
"22262","cases_obs",6083,1485,0,230
"22263","cases_obs",6083,1486,0,240
"22264","cases_obs",6083,1487,0,252
"22265","cases_obs",6083,1488,0,263
"22266","cases_obs",6083,1489,0,251
"22267","cases_obs",6083,1490,0,264
"22268","cases_obs",6083,1491,0,167
"22269","cases_obs",6083,1492,0,229
"22270","cases_obs",6083,1493,0,236
"22271","cases_obs",6083,1494,0,226
"22272","cases_obs",6083,1495,0,279
"22273","cases_obs",6083,1496,0,274
"22274","cases_obs",6083,1497,0,293
"22275","cases_obs",6083,1498,0,357
"22276","cases_obs",6083,1499,0,491
"22277","cases_obs",6083,1500,0,478
"22278","cases_obs",6083,1501,0,538
"22279","cases_obs",6083,1502,0,505
"22280","cases_obs",6083,1503,0,479
"22281","cases_obs",6083,1504,0,464
"22282","cases_obs",6083,1505,0,427
"22283","cases_obs",6083,1506,0,487
"22284","cases_obs",6083,1507,0,431
"22285","cases_obs",6083,1508,0,418
"22286","cases_obs",6083,1509,0,429
"22287","cases_obs",6083,1510,0,407
"22288","cases_obs",6083,1511,0,315
"22289","cases_obs",6083,1512,0,379
"22290","cases_obs",6083,1513,0,337
"22291","cases_obs",6083,1514,0,362
"22292","cases_obs",6083,1515,0,403
"22293","cases_obs",6083,1516,0,372
"22294","cases_obs",6083,1517,0,375
"22295","cases_obs",6083,1518,0,344
"22296","cases_obs",6083,1519,0,350
"22297","cases_obs",6083,1520,0,348
"22298","cases_obs",6083,1521,0,373
"22299","cases_obs",6083,1522,0,345
"22300","cases_obs",6083,1523,0,323
"22301","cases_obs",6083,1524,0,352
"22302","cases_obs",6083,1525,0,364
"22303","cases_obs",6083,1526,0,339
"22304","cases_obs",6083,1527,0,335
"22305","cases_obs",6083,1528,0,333
"22306","cases_obs",6083,1529,0,299
"22307","cases_obs",6083,1530,0,290
"22308","cases_obs",6083,1531,0,320
"22309","cases_obs",6083,1532,0,377
"22310","cases_obs",6083,1533,0,371
"22311","cases_obs",6083,1534,0,329
"22312","cases_obs",6083,1535,0,269
"22313","cases_obs",6083,1536,0,305
"22314","cases_obs",6083,1537,0,277
"22315","cases_obs",6083,1538,0,299
"22316","cases_obs",6083,1539,0,328
"22317","cases_obs",6083,1540,0,317
"22318","cases_obs",6083,1541,0,318
"22319","cases_obs",6083,1542,0,284
"22320","cases_obs",6083,1543,0,230
"22321","cases_obs",6083,1544,0,229
"22322","cases_obs",6083,1545,0,213
"22323","cases_obs",6083,1546,0,249
"22324","cases_obs",6083,1547,0,237
"22325","cases_obs",6083,1548,0,246
"22326","cases_obs",6083,1549,0,238
"22327","cases_obs",6083,1550,0,300
"22328","cases_obs",6083,1551,0,320
"22329","cases_obs",6083,1552,0,320
"22330","cases_obs",6083,1553,0,384
"22331","cases_obs",6083,1554,0,292
"22332","cases_obs",6083,1555,0,347
"22333","cases_obs",6083,1556,0,303
"22334","cases_obs",6083,1557,0,376
"22335","cases_obs",6083,1558,0,374
"22336","cases_obs",6083,1559,0,326
"22337","cases_obs",6083,1560,0,320
"22338","cases_obs",6083,1561,0,273
"22339","cases_obs",6083,1562,0,298
"22340","cases_obs",6083,1563,0,210
"22341","cases_obs",6083,1564,0,296
"22342","cases_obs",6083,1565,0,206
"22343","cases_obs",6083,1566,0,223
"22344","cases_obs",6083,1567,0,236
"22345","cases_obs",6083,1568,0,222
"22346","cases_obs",6083,1569,0,250
"22347","cases_obs",6083,1570,0,203
"22348","cases_obs",6083,1571,0,230
"22349","cases_obs",6083,1572,0,258
"22350","cases_obs",6083,1573,0,219
"22351","cases_obs",6083,1574,0,181
"22352","cases_obs",6083,1575,0,222
"22353","cases_obs",6083,1576,0,214
"22354","cases_obs",6083,1577,0,201
"22355","cases_obs",6083,1578,0,200
"22356","cases_obs",6083,1579,0,198
"22357","cases_obs",6083,1580,0,210
"22358","cases_obs",6083,1581,0,201
"22359","cases_obs",6083,1582,0,223
"22360","cases_obs",6083,1583,0,218
"22361","cases_obs",6083,1584,0,212
"22362","cases_obs",6083,1585,0,192
"22363","cases_obs",6083,1586,0,160
"22364","cases_obs",6083,1587,0,168
"22365","cases_obs",6083,1588,0,196
"22366","cases_obs",6083,1589,0,205
"22367","cases_obs",6083,1590,0,210
"22368","cases_obs",6083,1591,0,207
"22369","cases_obs",6083,1592,0,225
"22370","cases_obs",6083,1593,0,258
"22371","cases_obs",6083,1594,0,233
"22372","cases_obs",6083,1595,0,175
"22373","cases_obs",6083,1596,0,180
"22374","cases_obs",6083,1597,0,177
"22375","cases_obs",6083,1598,0,190
"22376","cases_obs",6083,1599,0,233
"22377","cases_obs",6083,1600,0,199
"22378","cases_obs",6083,1601,0,279
"22379","cases_obs",6083,1602,0,286
"22380","cases_obs",6083,1603,0,315
"22381","cases_obs",6083,1604,0,346
"22382","cases_obs",6083,1605,0,342
"22383","cases_obs",6083,1606,0,331
"22384","cases_obs",6083,1607,0,337
"22385","cases_obs",6083,1608,0,305
"22386","cases_obs",6083,1609,0,293
"22387","cases_obs",6083,1610,0,266
"22388","cases_obs",6083,1611,0,308
"22389","cases_obs",6083,1612,0,251
"22390","cases_obs",6083,1613,0,278
"22391","cases_obs",6083,1614,0,221
"22392","cases_obs",6083,1615,0,172
"22393","cases_obs",6083,1616,0,249
"22394","cases_obs",6083,1617,0,229
"22395","cases_obs",6083,1618,0,203
"22396","cases_obs",6083,1619,0,232
"22397","cases_obs",6083,1620,0,235
"22398","cases_obs",6083,1621,0,228
"22399","cases_obs",6083,1622,0,225
"22400","cases_obs",6083,1623,0,242
"22401","cases_obs",6083,1624,0,216
"22402","cases_obs",6083,1625,0,233
"22403","cases_obs",6083,1626,0,269
"22404","cases_obs",6083,1627,0,275
"22405","cases_obs",6083,1628,0,227
"22406","cases_obs",6083,1629,0,239
"22407","cases_obs",6083,1630,0,232
"22408","cases_obs",6083,1631,0,234
"22409","cases_obs",6083,1632,0,250
"22410","cases_obs",6083,1633,0,292
"22411","cases_obs",6083,1634,0,262
"22412","cases_obs",6083,1635,0,273
"22413","cases_obs",6083,1636,0,267
"22414","cases_obs",6083,1637,0,250
"22415","cases_obs",6083,1638,0,260
"22416","cases_obs",6083,1639,0,289
"22417","cases_obs",6083,1640,0,253
"22418","cases_obs",6083,1641,0,248
"22419","cases_obs",6083,1642,0,280
"22420","cases_obs",6083,1643,0,257
"22421","cases_obs",6083,1644,0,247
"22422","cases_obs",6083,1645,0,212
"22423","cases_obs",6083,1646,0,214
"22424","cases_obs",6083,1647,0,204
"22425","cases_obs",6083,1648,0,217
"22426","cases_obs",6083,1649,0,171
"22427","cases_obs",6083,1650,0,148
"22428","cases_obs",6083,1651,0,227
"22429","cases_obs",6083,1652,0,245
"22430","cases_obs",6083,1653,0,260
"22431","cases_obs",6083,1654,0,326
"22432","cases_obs",6083,1655,0,328
"22433","cases_obs",6083,1656,0,382
"22434","cases_obs",6083,1657,0,381
"22435","cases_obs",6083,1658,0,392
"22436","cases_obs",6083,1659,0,440
"22437","cases_obs",6083,1660,0,425
"22438","cases_obs",6083,1661,0,342
"22439","cases_obs",6083,1662,0,359
"22440","cases_obs",6083,1663,0,354
"22441","cases_obs",6083,1664,0,352
"22442","cases_obs",6083,1665,0,300
"22443","cases_obs",6083,1666,0,325
"22444","cases_obs",6083,1667,0,333
"22445","cases_obs",6083,1668,0,309
"22446","cases_obs",6083,1669,0,265
"22447","cases_obs",6083,1670,0,265
"22448","cases_obs",6083,1671,0,301
"22449","cases_obs",6083,1672,0,260
"22450","cases_obs",6083,1673,0,290
"22451","cases_obs",6083,1674,0,300
"22452","cases_obs",6083,1675,0,278
"22453","cases_obs",6083,1676,0,250
"22454","cases_obs",6083,1677,0,320
"22455","cases_obs",6083,1678,0,359
"22456","cases_obs",6083,1679,0,349
"22457","cases_obs",6083,1680,0,297
"22458","cases_obs",6083,1681,0,340
"22459","cases_obs",6083,1682,0,307
"22460","cases_obs",6083,1683,0,314
"22461","cases_obs",6083,1684,0,339
"22462","cases_obs",6083,1685,0,292
"22463","cases_obs",6083,1686,0,291
"22464","cases_obs",6083,1687,0,345
"22465","cases_obs",6083,1688,0,341
"22466","cases_obs",6083,1689,0,395
"22467","cases_obs",6083,1690,0,400
"22468","cases_obs",6083,1691,0,305
"22469","cases_obs",6083,1692,0,369
"22470","cases_obs",6083,1693,0,383
"22471","cases_obs",6083,1694,0,466
"22472","cases_obs",6083,1695,0,478
"22473","cases_obs",6083,1696,0,419
"22474","cases_obs",6083,1697,0,513
"22475","cases_obs",6083,1698,0,450
"22476","cases_obs",6083,1699,0,384
"22477","cases_obs",6083,1700,0,245
"22478","cases_obs",6083,1701,0,273
"22479","cases_obs",6083,1702,0,302
"22480","cases_obs",6083,1703,0,330
"22481","cases_obs",6083,1704,0,423
"22482","cases_obs",6083,1705,0,428
"22483","cases_obs",6083,1706,0,543
"22484","cases_obs",6083,1707,0,605
"22485","cases_obs",6083,1708,0,592
"22486","cases_obs",6083,1709,0,764
"22487","cases_obs",6083,1710,0,717
"22488","cases_obs",6083,1711,0,719
"22489","cases_obs",6083,1712,0,626
"22490","cases_obs",6083,1713,0,708
"22491","cases_obs",6083,1714,0,741
"22492","cases_obs",6083,1715,0,669
"22493","cases_obs",6083,1716,0,532
"22494","cases_obs",6083,1717,0,535
"22495","cases_obs",6083,1718,0,579
"22496","cases_obs",6083,1719,0,563
"22497","cases_obs",6083,1720,0,471
"22498","cases_obs",6083,1721,0,508
"22499","cases_obs",6083,1722,0,433
"22500","cases_obs",6083,1723,0,442
"22501","cases_obs",6083,1724,0,388
"22502","cases_obs",6083,1725,0,358
"22503","cases_obs",6083,1726,0,341
"22504","cases_obs",6083,1727,0,401
"22505","cases_obs",6083,1728,0,315
"22506","cases_obs",6083,1729,0,324
"22507","cases_obs",6083,1730,0,354
"22508","cases_obs",6083,1731,0,379
"22509","cases_obs",6083,1732,0,382
"22510","cases_obs",6083,1733,0,340
"22511","cases_obs",6083,1734,0,315
"22512","cases_obs",6083,1735,0,361
"22513","cases_obs",6083,1736,0,356
"22514","cases_obs",6083,1737,0,351
"22515","cases_obs",6083,1738,0,387
"22516","cases_obs",6083,1739,0,355
"22517","cases_obs",6083,1740,0,376
"22518","cases_obs",6083,1741,0,292
"22519","cases_obs",6083,1742,0,337
"22520","cases_obs",6083,1743,0,353
"22521","cases_obs",6083,1744,0,366
"22522","cases_obs",6083,1745,0,318
"22523","cases_obs",6083,1746,0,329
"22524","cases_obs",6083,1747,0,336
"22525","cases_obs",6083,1748,0,341
"22526","cases_obs",6083,1749,0,372
"22527","cases_obs",6083,1750,0,392
"22528","cases_obs",6083,1751,0,325
"22529","cases_obs",6083,1752,0,223
"22530","cases_obs",6083,1753,0,198
"22531","cases_obs",6083,1754,0,227
"22532","cases_obs",6083,1755,0,256
"22533","cases_obs",6083,1756,0,299
"22534","cases_obs",6083,1757,0,330
"22535","cases_obs",6083,1758,0,375
"22536","cases_obs",6083,1759,0,357
"22537","cases_obs",6083,1760,0,372
"22538","cases_obs",6083,1761,0,402
"22539","cases_obs",6083,1762,0,382
"22540","cases_obs",6083,1763,0,455
"22541","cases_obs",6083,1764,0,428
"22542","cases_obs",6083,1765,0,397
"22543","cases_obs",6083,1766,0,452
"22544","cases_obs",6083,1767,0,384
"22545","cases_obs",6083,1768,0,341
"22546","cases_obs",6083,1769,0,371
"22547","cases_obs",6083,1770,0,358
"22548","cases_obs",6083,1771,0,325
"22549","cases_obs",6083,1772,0,241
"22550","cases_obs",6083,1773,0,281
"22551","cases_obs",6083,1774,0,238
"22552","cases_obs",6083,1775,0,279
"22553","cases_obs",6083,1776,0,283
"22554","cases_obs",6083,1777,0,240
"22555","cases_obs",6083,1778,0,242
"22556","cases_obs",6083,1779,0,255
"22557","cases_obs",6083,1780,0,227
"22558","cases_obs",6083,1781,0,207
"22559","cases_obs",6083,1782,0,209
"22560","cases_obs",6083,1783,0,206
"22561","cases_obs",6083,1784,0,275
"22562","cases_obs",6083,1785,0,227
"22563","cases_obs",6083,1786,0,240
"22564","cases_obs",6083,1787,0,231
"22565","cases_obs",6083,1788,0,175
"22566","cases_obs",6083,1789,0,203
"22567","cases_obs",6083,1790,0,168
"22568","cases_obs",6083,1791,0,191
"22569","cases_obs",6083,1792,0,200
"22570","cases_obs",6083,1793,0,206
"22571","cases_obs",6083,1794,0,204
"22572","cases_obs",6083,1795,0,200
"22573","cases_obs",6083,1796,0,165
"22574","cases_obs",6083,1797,0,149
"22575","cases_obs",6083,1798,0,169
"22576","cases_obs",6083,1799,0,156
"22577","cases_obs",6083,1800,0,167
"22578","cases_obs",6083,1801,0,158
"22579","cases_obs",6083,1802,0,155
"22580","cases_obs",6083,1803,0,172
"22581","cases_obs",6083,1804,0,224
"22582","cases_obs",6083,1805,0,129
"22583","cases_obs",6083,1806,0,149
"22584","cases_obs",6083,1807,0,149
"22585","cases_obs",6083,1808,0,200
"22586","cases_obs",6083,1809,0,195
"22587","cases_obs",6083,1810,0,206
"22588","cases_obs",6083,1811,0,219
"22589","cases_obs",6083,1812,0,201
"22590","cases_obs",6083,1813,0,229
"22591","cases_obs",6083,1814,0,240
"22592","cases_obs",6083,1815,0,265
"22593","cases_obs",6083,1816,0,330
"22594","cases_obs",6083,1817,0,239
"22595","cases_obs",6083,1818,0,230
"22596","cases_obs",6083,1819,0,251
"22597","cases_obs",6083,1820,0,290
"22598","cases_obs",6083,1821,0,215
"22599","cases_obs",6083,1822,0,225
"22600","cases_obs",6083,1823,0,203
"22601","cases_obs",6083,1824,0,214
"22602","cases_obs",6083,1825,0,224
"22603","cases_obs",6083,1826,0,181
"22604","cases_obs",6083,1827,0,228
"22605","cases_obs",6083,1828,0,243
"22606","cases_obs",6083,1829,0,196
"22607","cases_obs",6083,1830,0,166
"22608","cases_obs",6083,1831,0,172
"22609","cases_obs",6083,1832,0,214
"22610","cases_obs",6083,1833,0,201
"22611","cases_obs",6083,1834,0,196
"22612","cases_obs",6083,1835,0,199
"22613","cases_obs",6083,1836,0,239
"22614","cases_obs",6083,1837,0,237
"22615","cases_obs",6083,1838,0,221
"22616","cases_obs",6083,1839,0,195
"22617","cases_obs",6083,1840,0,189
"22618","cases_obs",6083,1841,0,165
"22619","cases_obs",6083,1842,0,229
"22620","cases_obs",6083,1843,0,225
"22621","cases_obs",6083,1844,0,227
"22622","cases_obs",6083,1845,0,245
"22623","cases_obs",6083,1846,0,204
"22624","cases_obs",6083,1847,0,217
"22625","cases_obs",6083,1848,0,238
"22626","cases_obs",6083,1849,0,226
"22627","cases_obs",6083,1850,0,204
"22628","cases_obs",6083,1851,0,244
"22629","cases_obs",6083,1852,0,178
"22630","cases_obs",6083,1853,0,199
"22631","cases_obs",6083,1854,0,201
"22632","cases_obs",6083,1855,0,195
"22633","cases_obs",6083,1856,0,137
"22634","cases_obs",6083,1857,0,143
"22635","cases_obs",6083,1858,0,150
"22636","cases_obs",6083,1859,0,145
"22637","cases_obs",6083,1860,0,173
"22638","cases_obs",6083,1861,0,184
"22639","cases_obs",6083,1862,0,191
"22640","cases_obs",6083,1863,0,232
"22641","cases_obs",6083,1864,0,193
"22642","cases_obs",6083,1865,0,191
"22643","cases_obs",6083,1866,0,234
"22644","cases_obs",6083,1867,0,237
"22645","cases_obs",6083,1868,0,268
"22646","cases_obs",6083,1869,0,248
"22647","cases_obs",6083,1870,0,233
"22648","cases_obs",6083,1871,0,220
"22649","cases_obs",6083,1872,0,217
"22650","cases_obs",6083,1873,0,216
"22651","cases_obs",6083,1874,0,173
"22652","cases_obs",6083,1875,0,196
"22653","cases_obs",6083,1876,0,130
"22654","cases_obs",6083,1877,0,226
"22655","cases_obs",6083,1878,0,164
"22656","cases_obs",6083,1879,0,166
"22657","cases_obs",6083,1880,0,163
"22658","cases_obs",6083,1881,0,142
"22659","cases_obs",6083,1882,0,173
"22660","cases_obs",6083,1883,0,153
"22661","cases_obs",6083,1884,0,184
"22662","cases_obs",6083,1885,0,195
"22663","cases_obs",6083,1886,0,161
"22664","cases_obs",6083,1887,0,172
"22665","cases_obs",6083,1888,0,199
"22666","cases_obs",6083,1889,0,167
"22667","cases_obs",6083,1890,0,176
"22668","cases_obs",6083,1891,0,185
"22669","cases_obs",6083,1892,0,188
"22670","cases_obs",6083,1893,0,176
"22671","cases_obs",6083,1894,0,155
"22672","cases_obs",6083,1895,0,163
"22673","cases_obs",6083,1896,0,139
"22674","cases_obs",6083,1897,0,159
"22675","cases_obs",6083,1898,0,144
"22676","cases_obs",6083,1899,0,146
"22677","cases_obs",6083,1900,0,161
"22678","cases_obs",6083,1901,0,138
"22679","cases_obs",6083,1902,0,170
"22680","cases_obs",6083,1903,0,196
"22681","cases_obs",6083,1904,0,191
"22682","cases_obs",6083,1905,0,184
"22683","cases_obs",6083,1906,0,159
"22684","cases_obs",6083,1907,0,142
"22685","cases_obs",6083,1908,0,107
"22686","cases_obs",6083,1909,0,101
"22687","cases_obs",6083,1910,0,96
"22688","cases_obs",6083,1911,0,88
"22689","cases_obs",6083,1912,0,143
"22690","cases_obs",6083,1913,0,146
"22691","cases_obs",6083,1914,0,139
"22692","cases_obs",6083,1915,0,179
"22693","cases_obs",6083,1916,0,198
"22694","cases_obs",6083,1917,0,201
"22695","cases_obs",6083,1918,0,161
"22696","cases_obs",6083,1919,0,221
"22697","cases_obs",6083,1920,0,191
"22698","cases_obs",6083,1921,0,202
"22699","cases_obs",6083,1922,0,179
"22700","cases_obs",6083,1923,0,197
"22701","cases_obs",6083,1924,0,207
"22702","cases_obs",6083,1925,0,171
"22703","cases_obs",6083,1926,0,160
"22704","cases_obs",6083,1927,0,159
"22705","cases_obs",6083,1928,0,131
"22706","cases_obs",6083,1929,0,188
"22707","cases_obs",6083,1930,0,141
"22708","cases_obs",6083,1931,0,136
"22709","cases_obs",6083,1932,0,165
"22710","cases_obs",6083,1933,0,167
"22711","cases_obs",6083,1934,0,168
"22712","cases_obs",6083,1935,0,193
"22713","cases_obs",6083,1936,0,147
"22714","cases_obs",6083,1937,0,198
"22715","cases_obs",6083,1938,0,182
"22716","cases_obs",6083,1939,0,196
"22717","cases_obs",6083,1940,0,189
"22718","cases_obs",6083,1941,0,200
"22719","cases_obs",6083,1942,0,188
"22720","cases_obs",6083,1943,0,191
"22721","cases_obs",6083,1944,0,166
"22722","cases_obs",6083,1945,0,175
"22723","cases_obs",6083,1946,0,178
"22724","cases_obs",6083,1947,0,174
"22725","cases_obs",6083,1948,0,181
"22726","cases_obs",6083,1949,0,201
"22727","cases_obs",6083,1950,0,218
"22728","cases_obs",6083,1951,0,188
"22729","cases_obs",6083,1952,0,149
"22730","cases_obs",6083,1953,0,156
"22731","cases_obs",6083,1954,0,171
"22732","cases_obs",6083,1955,0,152
"22733","cases_obs",6083,1956,0,157
"22734","cases_obs",6083,1957,0,168
"22735","cases_obs",6083,1958,0,191
"22736","cases_obs",6083,1959,0,128
"22737","cases_obs",6083,1960,0,112
"22738","cases_obs",6083,1961,0,107
"22739","cases_obs",6083,1962,0,76
"22740","cases_obs",6083,1963,0,90
"22741","cases_obs",6083,1964,0,97
"22742","cases_obs",6083,1965,0,121
"22743","cases_obs",6083,1966,0,131
"22744","cases_obs",6083,1967,0,160
"22745","cases_obs",6083,1968,0,155
"22746","cases_obs",6083,1969,0,180
"22747","cases_obs",6083,1970,0,186
"22748","cases_obs",6083,1971,0,159
"22749","cases_obs",6083,1972,0,192
"22750","cases_obs",6083,1973,0,168
"22751","cases_obs",6083,1974,0,170
"22752","cases_obs",6083,1975,0,179
"22753","cases_obs",6083,1976,0,175
"22754","cases_obs",6083,1977,0,158
"22755","cases_obs",6083,1978,0,166
"22756","cases_obs",6083,1979,0,151
"22757","cases_obs",6083,1980,0,96
"22758","cases_obs",6083,1981,0,100
"22759","cases_obs",6083,1982,0,114
"22760","cases_obs",6083,1983,0,99
"22761","cases_obs",6083,1984,0,128
"22762","cases_obs",6083,1985,0,163
"22763","cases_obs",6083,1986,0,172
"22764","cases_obs",6083,1987,0,139
"22765","cases_obs",6083,1988,0,142
"22766","cases_obs",6083,1989,0,146
"22767","cases_obs",6083,1990,0,148
"22768","cases_obs",6083,1991,0,152
"22769","cases_obs",6083,1992,0,152
"22770","cases_obs",6083,1993,0,140
"22771","cases_obs",6083,1994,0,151
"22772","cases_obs",6083,1995,0,121
"22773","cases_obs",6083,1996,0,155
"22774","cases_obs",6083,1997,0,176
"22775","cases_obs",6083,1998,0,170
"22776","cases_obs",6083,1999,0,167
"22777","cases_obs",6083,2000,0,187
"22778","cases_obs",6083,2001,0,135
"22779","cases_obs",6083,2002,0,144
"22780","cases_obs",6083,2003,0,161
"22781","cases_obs",6083,2004,0,162
"22782","cases_obs",6083,2005,0,166
"22783","cases_obs",6083,2006,0,203
"22784","cases_obs",6083,2007,0,181
"22785","cases_obs",6083,2008,0,191
"22786","cases_obs",6083,2009,0,165
"22787","cases_obs",6083,2010,0,152
"22788","cases_obs",6083,2011,0,108
"22789","cases_obs",6083,2012,0,108
"22790","cases_obs",6083,2013,0,92
"22791","cases_obs",6083,2014,0,418
"22792","cases_obs",6083,2015,0,429
"22793","cases_obs",6083,2016,0,407
"22794","cases_obs",6083,2017,0,315
"22795","cases_obs",6083,2018,0,379
"22796","cases_obs",6083,2019,0,337
"22797","cases_obs",6083,2020,0,362
"22798","cases_obs",6083,2021,0,403
"22799","cases_obs",6083,2022,0,372
"22800","cases_obs",6083,2023,0,375
"22801","cases_obs",6083,2024,0,344
"22802","cases_obs",6083,2025,0,350
"22803","cases_obs",6083,2026,0,348
"22804","cases_obs",6083,2027,0,373
"22805","cases_obs",6083,2028,0,345
"22806","cases_obs",6083,2029,0,323
"22807","cases_obs",6083,2030,0,352
"22808","cases_obs",6083,2031,0,364
"22809","cases_obs",6083,2032,0,339
"22810","cases_obs",6083,2033,0,335
"22811","cases_obs",6083,2034,0,333
"22812","cases_obs",6083,2035,0,299
"22813","cases_obs",6083,2036,0,290
"22814","cases_obs",6083,2037,0,320
"22815","cases_obs",6083,2038,0,377
"22816","cases_obs",6083,2039,0,371
"22817","cases_obs",6083,2040,0,329
"22818","cases_obs",6083,2041,0,269
"22819","cases_obs",6083,2042,0,305
"22820","cases_obs",6083,2043,0,277
"22821","cases_obs",6083,2044,0,299
"22822","cases_obs",6083,2045,0,328
"22823","cases_obs",6083,2046,0,317
"22824","cases_obs",6083,2047,0,318
"22825","cases_obs",6083,2048,0,284
"22826","cases_obs",6083,2049,0,230
"22827","cases_obs",6083,2050,0,229
"22828","cases_obs",6083,2051,0,213
"22829","cases_obs",6083,2052,0,249
"22830","cases_obs",6083,2053,0,237
"22831","cases_obs",6083,2054,0,246
"22832","cases_obs",6083,2055,0,238
"22833","cases_obs",6083,2056,0,300
"22834","cases_obs",6083,2057,0,320
"22835","cases_obs",6083,2058,0,320
"22836","cases_obs",6083,2059,0,384
"22837","cases_obs",6083,2060,0,292
"22838","cases_obs",6083,2061,0,347
"22839","cases_obs",6083,2062,0,303
"22840","cases_obs",6083,2063,0,376
"22841","cases_obs",6083,2064,0,374
"22842","cases_obs",6083,2065,0,326
"22843","cases_obs",6083,2066,0,320
"22844","cases_obs",6083,2067,0,273
"22845","cases_obs",6083,2068,0,298
"22846","cases_obs",6083,2069,0,210
"22847","cases_obs",6083,2070,0,296
"22848","cases_obs",6083,2071,0,206
"22849","cases_obs",6083,2072,0,223
"22850","cases_obs",6083,2073,0,236
"22851","cases_obs",6083,2074,0,222
"22852","cases_obs",6083,2075,0,250
"22853","cases_obs",6083,2076,0,203
"22854","cases_obs",6083,2077,0,230
"22855","cases_obs",6083,2078,0,258
"22856","cases_obs",6083,2079,0,219
"22857","cases_obs",6083,2080,0,181
"22858","cases_obs",6083,2081,0,222
"22859","cases_obs",6083,2082,0,214
"22860","cases_obs",6083,2083,0,201
"22861","cases_obs",6083,2084,0,200
"22862","cases_obs",6083,2085,0,198
"22863","cases_obs",6083,2086,0,210
"22864","cases_obs",6083,2087,0,201
"22865","cases_obs",6083,2088,0,223
"22866","cases_obs",6083,2089,0,218
"22867","cases_obs",6083,2090,0,212
"22868","cases_obs",6083,2091,0,192
"22869","cases_obs",6083,2092,0,160
"22870","cases_obs",6083,2093,0,168
"22871","cases_obs",6083,2094,0,196
"22872","cases_obs",6083,2095,0,205
"22873","cases_obs",6083,2096,0,210
"22874","cases_obs",6083,2097,0,207
"22875","cases_obs",6083,2098,0,225
"22876","cases_obs",6083,2099,0,258
"22877","cases_obs",6083,2100,0,233
"22878","cases_obs",6083,2101,0,175
"22879","cases_obs",6083,2102,0,180
"22880","cases_obs",6083,2103,0,177
"22881","cases_obs",6083,2104,0,190
"22882","cases_obs",6083,2105,0,233
"22883","cases_obs",6083,2106,0,199
"22884","cases_obs",6083,2107,0,279
"22885","cases_obs",6083,2108,0,286
"22886","cases_obs",6083,2109,0,315
"22887","cases_obs",6083,2110,0,346
"22888","cases_obs",6083,2111,0,342
"22889","cases_obs",6083,2112,0,331
"22890","cases_obs",6083,2113,0,337
"22891","cases_obs",6083,2114,0,305
"22892","cases_obs",6083,2115,0,293
"22893","cases_obs",6083,2116,0,266
"22894","cases_obs",6083,2117,0,308
"22895","cases_obs",6083,2118,0,251
"22896","cases_obs",6083,2119,0,278
"22897","cases_obs",6083,2120,0,221
"22898","cases_obs",6083,2121,0,172
"22899","cases_obs",6083,2122,0,249
"22900","cases_obs",6083,2123,0,229
"22901","cases_obs",6083,2124,0,203
"22902","cases_obs",6083,2125,0,232
"22903","cases_obs",6083,2126,0,235
"22904","cases_obs",6083,2127,0,228
"22905","cases_obs",6083,2128,0,225
"22906","cases_obs",6083,2129,0,242
"22907","cases_obs",6083,2130,0,216
"22908","cases_obs",6083,2131,0,233
"22909","cases_obs",6083,2132,0,269
"22910","cases_obs",6083,2133,0,275
"22911","cases_obs",6083,2134,0,227
"22912","cases_obs",6083,2135,0,239
"22913","cases_obs",6083,2136,0,232
"22914","cases_obs",6083,2137,0,234
"22915","cases_obs",6083,2138,0,250
"22916","cases_obs",6083,2139,0,292
"22917","cases_obs",6083,2140,0,262
"22918","cases_obs",6083,2141,0,273
"22919","cases_obs",6083,2142,0,267
"22920","cases_obs",6083,2143,0,250
"22921","cases_obs",6083,2144,0,260
"22922","cases_obs",6083,2145,0,289
"22923","cases_obs",6083,2146,0,253
"22924","cases_obs",6083,2147,0,248
"22925","cases_obs",6083,2148,0,280
"22926","cases_obs",6083,2149,0,257
"22927","cases_obs",6083,2150,0,247
"22928","cases_obs",6083,2151,0,212
"22929","cases_obs",6083,2152,0,214
"22930","cases_obs",6083,2153,0,204
"22931","cases_obs",6083,2154,0,217
"22932","cases_obs",6083,2155,0,171
"22933","cases_obs",6083,2156,0,148
"22934","cases_obs",6083,2157,0,227
"22935","cases_obs",6083,2158,0,245
"22936","cases_obs",6083,2159,0,260
"22937","cases_obs",6083,2160,0,326
"22938","cases_obs",6083,2161,0,328
"22939","cases_obs",6083,2162,0,382
"22940","cases_obs",6083,2163,0,381
"22941","cases_obs",6083,2164,0,392
"22942","cases_obs",6083,2165,0,440
"22943","cases_obs",6083,2166,0,425
"22944","cases_obs",6083,2167,0,342
"22945","cases_obs",6083,2168,0,359
"22946","cases_obs",6083,2169,0,354
"22947","cases_obs",6083,2170,0,352
"22948","cases_obs",6083,2171,0,300
"22949","cases_obs",6083,2172,0,325
"22950","cases_obs",6083,2173,0,333
"22951","cases_obs",6083,2174,0,309
"22952","cases_obs",6083,2175,0,265
"22953","cases_obs",6083,2176,0,265
"22954","cases_obs",6083,2177,0,301
"22955","cases_obs",6083,2178,0,260
"22956","cases_obs",6083,2179,0,290
"22957","cases_obs",6083,2180,0,300
"22958","cases_obs",6083,2181,0,278
"22959","cases_obs",6083,2182,0,250
"22960","cases_obs",6083,2183,0,320
"22961","cases_obs",6083,2184,0,359
"22962","cases_obs",6083,2185,0,349
"22963","cases_obs",6083,2186,0,297
"22964","cases_obs",6083,2187,0,340
"22965","cases_obs",6083,2188,0,307
"22966","cases_obs",6083,2189,0,314
"22967","cases_obs",6083,2190,0,339
"22968","cases_obs",6083,2191,0,292
"22969","cases_obs",6083,2192,0,291
"22970","cases_obs",6083,2193,0,345
"22971","cases_obs",6083,2194,0,341
"22972","cases_obs",6083,2195,0,395
"22973","cases_obs",6083,2196,0,400
"22974","cases_obs",6083,2197,0,305
"22975","cases_obs",6083,2198,0,369
"22976","cases_obs",6083,2199,0,383
"22977","cases_obs",6083,2200,0,466
"22978","cases_obs",6083,2201,0,478
"22979","cases_obs",6083,2202,0,419
"22980","cases_obs",6083,2203,0,513
"22981","cases_obs",6083,2204,0,450
"22982","cases_obs",6083,2205,0,384
"22983","cases_obs",6083,2206,0,245
"22984","cases_obs",6083,2207,0,273
"22985","cases_obs",6083,2208,0,302
"22986","cases_obs",6083,2209,0,330
"22987","cases_obs",6083,2210,0,423
"22988","cases_obs",6083,2211,0,428
"22989","cases_obs",6083,2212,0,543
"22990","cases_obs",6083,2213,0,605
"22991","cases_obs",6083,2214,0,592
"22992","cases_obs",6083,2215,0,764
"22993","cases_obs",6083,2216,0,717
"22994","cases_obs",6083,2217,0,719
"22995","cases_obs",6083,2218,0,626
"22996","cases_obs",6083,2219,0,708
"22997","cases_obs",6083,2220,0,741
"22998","cases_obs",6083,2221,0,669
"22999","cases_obs",6083,2222,0,532
"23000","cases_obs",6083,2223,0,535
"23001","cases_obs",6083,2224,0,579
"23002","cases_obs",6083,2225,0,563
"23003","cases_obs",6083,2226,0,471
"23004","cases_obs",6083,2227,0,508
"23005","cases_obs",6083,2228,0,433
"23006","cases_obs",6083,2229,0,442
"23007","cases_obs",6083,2230,0,388
"23008","cases_obs",6083,2231,0,358
"23009","cases_obs",6083,2232,0,341
"23010","cases_obs",6083,2233,0,401
"23011","cases_obs",6083,2234,0,315
"23012","cases_obs",6083,2235,0,324
"23013","cases_obs",6083,2236,0,354
"23014","cases_obs",6083,2237,0,379
"23015","cases_obs",6083,2238,0,382
"23016","cases_obs",6083,2239,0,340
"23017","cases_obs",6083,2240,0,315
"23018","cases_obs",6083,2241,0,361
"23019","cases_obs",6083,2242,0,356
"23020","cases_obs",6083,2243,0,351
"23021","cases_obs",6083,2244,0,387
"23022","cases_obs",6083,2245,0,355
"23023","cases_obs",6083,2246,0,376
"23024","cases_obs",6083,2247,0,292
"23025","cases_obs",6083,2248,0,337
"23026","cases_obs",6083,2249,0,353
"23027","cases_obs",6083,2250,0,366
"23028","cases_obs",6083,2251,0,318
"23029","cases_obs",6083,2252,0,329
"23030","cases_obs",6083,2253,0,336
"23031","cases_obs",6083,2254,0,341
"23032","cases_obs",6083,2255,0,372
"23033","cases_obs",6083,2256,0,392
"23034","cases_obs",6083,2257,0,325
"23035","cases_obs",6083,2258,0,223
"23036","cases_obs",6083,2259,0,198
"23037","cases_obs",6083,2260,0,227
"23038","cases_obs",6083,2261,0,256
"23039","cases_obs",6083,2262,0,299
"23040","cases_obs",6083,2263,0,330
"23041","cases_obs",6083,2264,0,375
"23042","cases_obs",6083,2265,0,357
"23043","cases_obs",6083,2266,0,372
"23044","cases_obs",6083,2267,0,402
"23045","cases_obs",6083,2268,0,382
"23046","cases_obs",6083,2269,0,455
"23047","cases_obs",6083,2270,0,428
"23048","cases_obs",6083,2271,0,397
"23049","cases_obs",6083,2272,0,452
"23050","cases_obs",6083,2273,0,384
"23051","cases_obs",6083,2274,0,341
"23052","cases_obs",6083,2275,0,371
"23053","cases_obs",6083,2276,0,358
"23054","cases_obs",6083,2277,0,325
"23055","cases_obs",6083,2278,0,241
"23056","cases_obs",6083,2279,0,281
"23057","cases_obs",6083,2280,0,238
"23058","cases_obs",6083,2281,0,279
"23059","cases_obs",6083,2282,0,283
"23060","cases_obs",6083,2283,0,240
"23061","cases_obs",6083,2284,0,242
"23062","cases_obs",6083,2285,0,255
"23063","cases_obs",6083,2286,0,227
"23064","cases_obs",6083,2287,0,207
"23065","cases_obs",6083,2288,0,209
"23066","cases_obs",6083,2289,0,206
"23067","cases_obs",6083,2290,0,275
"23068","cases_obs",6083,2291,0,227
"23069","cases_obs",6083,2292,0,240
"23070","cases_obs",6083,2293,0,231
"23071","cases_obs",6083,2294,0,175
"23072","cases_obs",6083,2295,0,203
"23073","cases_obs",6083,2296,0,168
"23074","cases_obs",6083,2297,0,191
"23075","cases_obs",6083,2298,0,200
"23076","cases_obs",6083,2299,0,206
"23077","cases_obs",6083,2300,0,204
"23078","cases_obs",6083,2301,0,200
"23079","cases_obs",6083,2302,0,165
"23080","cases_obs",6083,2303,0,149
"23081","cases_obs",6083,2304,0,169
"23082","cases_obs",6083,2305,0,156
"23083","cases_obs",6083,2306,0,167
"23084","cases_obs",6083,2307,0,158
"23085","cases_obs",6083,2308,0,155
"23086","cases_obs",6083,2309,0,172
"23087","cases_obs",6083,2310,0,224
"23088","cases_obs",6083,2311,0,129
"23089","cases_obs",6083,2312,0,149
"23090","cases_obs",6083,2313,0,149
"23091","cases_obs",6083,2314,0,200
"23092","cases_obs",6083,2315,0,195
"23093","cases_obs",6083,2316,0,206
"23094","cases_obs",6083,2317,0,219
"23095","cases_obs",6083,2318,0,201
"23096","cases_obs",6083,2319,0,229
"23097","cases_obs",6083,2320,0,240
"23098","cases_obs",6083,2321,0,265
"23099","cases_obs",6083,2322,0,330
"23100","cases_obs",6083,2323,0,239
"23101","cases_obs",6083,2324,0,230
"23102","cases_obs",6083,2325,0,251
"23103","cases_obs",6083,2326,0,290
"23104","cases_obs",6083,2327,0,215
"23105","cases_obs",6083,2328,0,225
"23106","cases_obs",6083,2329,0,203
"23107","cases_obs",6083,2330,0,214
"23108","cases_obs",6083,2331,0,224
"23109","cases_obs",6083,2332,0,181
"23110","cases_obs",6083,2333,0,228
"23111","cases_obs",6083,2334,0,243
"23112","cases_obs",6083,2335,0,196
"23113","cases_obs",6083,2336,0,166
"23114","cases_obs",6083,2337,0,172
"23115","cases_obs",6083,2338,0,214
"23116","cases_obs",6083,2339,0,201
"23117","cases_obs",6083,2340,0,196
"23118","cases_obs",6083,2341,0,199
"23119","cases_obs",6083,2342,0,239
"23120","cases_obs",6083,2343,0,237
"23121","cases_obs",6083,2344,0,221
"23122","cases_obs",6083,2345,0,195
"23123","cases_obs",6083,2346,0,189
"23124","cases_obs",6083,2347,0,165
"23125","cases_obs",6083,2348,0,229
"23126","cases_obs",6083,2349,0,225
"23127","cases_obs",6083,2350,0,227
"23128","cases_obs",6083,2351,0,245
"23129","cases_obs",6083,2352,0,204
"23130","cases_obs",6083,2353,0,217
"23131","cases_obs",6083,2354,0,238
"23132","cases_obs",6083,2355,0,226
"23133","cases_obs",6083,2356,0,204
"23134","cases_obs",6083,2357,0,244
"23135","cases_obs",6083,2358,0,178
"23136","cases_obs",6083,2359,0,199
"23137","cases_obs",6083,2360,0,201
"23138","cases_obs",6083,2361,0,195
"23139","cases_obs",6083,2362,0,137
"23140","cases_obs",6083,2363,0,143
"23141","cases_obs",6083,2364,0,150
"23142","cases_obs",6083,2365,0,145
"23143","cases_obs",6083,2366,0,173
"23144","cases_obs",6083,2367,0,184
"23145","cases_obs",6083,2368,0,191
"23146","cases_obs",6083,2369,0,232
"23147","cases_obs",6083,2370,0,193
"23148","cases_obs",6083,2371,0,191
"23149","cases_obs",6083,2372,0,234
"23150","cases_obs",6083,2373,0,237
"23151","cases_obs",6083,2374,0,268
"23152","cases_obs",6083,2375,0,248
"23153","cases_obs",6083,2376,0,233
"23154","cases_obs",6083,2377,0,220
"23155","cases_obs",6083,2378,0,217
"23156","cases_obs",6083,2379,0,216
"23157","cases_obs",6083,2380,0,173
"23158","cases_obs",6083,2381,0,196
"23159","cases_obs",6083,2382,0,130
"23160","cases_obs",6083,2383,0,226
"23161","cases_obs",6083,2384,0,164
"23162","cases_obs",6083,2385,0,166
"23163","cases_obs",6083,2386,0,163
"23164","cases_obs",6083,2387,0,142
"23165","cases_obs",6083,2388,0,173
"23166","cases_obs",6083,2389,0,153
"23167","cases_obs",6083,2390,0,184
"23168","cases_obs",6083,2391,0,195
"23169","cases_obs",6083,2392,0,161
"23170","cases_obs",6083,2393,0,172
"23171","cases_obs",6083,2394,0,199
"23172","cases_obs",6083,2395,0,167
"23173","cases_obs",6083,2396,0,176
"23174","cases_obs",6083,2397,0,185
"23175","cases_obs",6083,2398,0,188
"23176","cases_obs",6083,2399,0,176
"23177","cases_obs",6083,2400,0,155
"23178","cases_obs",6083,2401,0,163
"23179","cases_obs",6083,2402,0,139
"23180","cases_obs",6083,2403,0,159
"23181","cases_obs",6083,2404,0,144
"23182","cases_obs",6083,2405,0,146
"23183","cases_obs",6083,2406,0,161
"23184","cases_obs",6083,2407,0,138
"23185","cases_obs",6083,2408,0,170
"23186","cases_obs",6083,2409,0,196
"23187","cases_obs",6083,2410,0,191
"23188","cases_obs",6083,2411,0,184
"23189","cases_obs",6083,2412,0,159
"23190","cases_obs",6083,2413,0,142
"23191","cases_obs",6083,2414,0,107
"23192","cases_obs",6083,2415,0,101
"23193","cases_obs",6083,2416,0,96
"23194","cases_obs",6083,2417,0,88
"23195","cases_obs",6083,2418,0,143
"23196","cases_obs",6083,2419,0,146
"23197","cases_obs",6083,2420,0,139
"23198","cases_obs",6083,2421,0,179
"23199","cases_obs",6083,2422,0,198
"23200","cases_obs",6083,2423,0,201
"23201","cases_obs",6083,2424,0,161
"23202","cases_obs",6083,2425,0,221
"23203","cases_obs",6083,2426,0,191
"23204","cases_obs",6083,2427,0,202
"23205","cases_obs",6083,2428,0,179
"23206","cases_obs",6083,2429,0,197
"23207","cases_obs",6083,2430,0,207
"23208","cases_obs",6083,2431,0,171
"23209","cases_obs",6083,2432,0,160
"23210","cases_obs",6083,2433,0,159
"23211","cases_obs",6083,2434,0,131
"23212","cases_obs",6083,2435,0,188
"23213","cases_obs",6083,2436,0,141
"23214","cases_obs",6083,2437,0,136
"23215","cases_obs",6083,2438,0,165
"23216","cases_obs",6083,2439,0,167
"23217","cases_obs",6083,2440,0,168
"23218","cases_obs",6083,2441,0,193
"23219","cases_obs",6083,2442,0,147
"23220","cases_obs",6083,2443,0,198
"23221","cases_obs",6083,2444,0,182
"23222","cases_obs",6083,2445,0,196
"23223","cases_obs",6083,2446,0,189
"23224","cases_obs",6083,2447,0,200
"23225","cases_obs",6083,2448,0,188
"23226","cases_obs",6083,2449,0,191
"23227","cases_obs",6083,2450,0,166
"23228","cases_obs",6083,2451,0,175
"23229","cases_obs",6083,2452,0,178
"23230","cases_obs",6083,2453,0,174
"23231","cases_obs",6083,2454,0,181
"23232","cases_obs",6083,2455,0,201
"23233","cases_obs",6083,2456,0,218
"23234","cases_obs",6083,2457,0,188
"23235","cases_obs",6083,2458,0,149
"23236","cases_obs",6083,2459,0,156
"23237","cases_obs",6083,2460,0,171
"23238","cases_obs",6083,2461,0,152
"23239","cases_obs",6083,2462,0,157
"23240","cases_obs",6083,2463,0,168
"23241","cases_obs",6083,2464,0,191
"23242","cases_obs",6083,2465,0,128
"23243","cases_obs",6083,2466,0,112
"23244","cases_obs",6083,2467,0,107
"23245","cases_obs",6083,2468,0,76
"23246","cases_obs",6083,2469,0,90
"23247","cases_obs",6083,2470,0,97
"23248","cases_obs",6083,2471,0,121
"23249","cases_obs",6083,2472,0,131
"23250","cases_obs",6083,2473,0,160
"23251","cases_obs",6083,2474,0,155
"23252","cases_obs",6083,2475,0,180
"23253","cases_obs",6083,2476,0,186
"23254","cases_obs",6083,2477,0,159
"23255","cases_obs",6083,2478,0,192
"23256","cases_obs",6083,2479,0,168
"23257","cases_obs",6083,2480,0,170
"23258","cases_obs",6083,2481,0,179
"23259","cases_obs",6083,2482,0,175
"23260","cases_obs",6083,2483,0,158
"23261","cases_obs",6083,2484,0,166
"23262","cases_obs",6083,2485,0,151
"23263","cases_obs",6083,2486,0,96
"23264","cases_obs",6083,2487,0,100
"23265","cases_obs",6083,2488,0,114
"23266","cases_obs",6083,2489,0,99
"23267","cases_obs",6083,2490,0,128
"23268","cases_obs",6083,2491,0,163
"23269","cases_obs",6083,2492,0,172
"23270","cases_obs",6083,2493,0,139
"23271","cases_obs",6083,2494,0,142
"23272","cases_obs",6083,2495,0,146
"23273","cases_obs",6083,2496,0,148
"23274","cases_obs",6083,2497,0,152
"23275","cases_obs",6083,2498,0,152
"23276","cases_obs",6083,2499,0,140
"23277","cases_obs",6083,2500,0,151
"23278","cases_obs",6083,2501,0,121
"23279","cases_obs",6083,2502,0,155
"23280","cases_obs",6083,2503,0,176
"23281","cases_obs",6083,2504,0,170
"23282","cases_obs",6083,2505,0,167
"23283","cases_obs",6083,2506,0,187
"23284","cases_obs",6083,2507,0,135
"23285","cases_obs",6083,2508,0,144
"23286","cases_obs",6083,2509,0,161
"23287","cases_obs",6083,2510,0,162
"23288","cases_obs",6083,2511,0,166
"23289","cases_obs",6083,2512,0,203
"23290","cases_obs",6083,2513,0,181
"23291","cases_obs",6083,2514,0,191
"23292","cases_obs",6083,2515,0,165
"23293","cases_obs",6083,2516,0,152
"23294","cases_obs",6083,2517,0,108
"23295","cases_obs",6083,2518,0,108
"23296","cases_obs",6083,2519,0,92
"23297","log_lik",6083,0,0,-31286.3922139511
