"","matrix","time","row","col","value"
"1","N",6083,0,0,8614092.63294341
"2","S",6083,0,0,4822501.56345709
"3","I",6083,0,0,287.102196028333
"4","R",6083,0,0,3792437.20917462
"5","D",6083,0,0,145187.631476888
"6","beta_trend",6083,0,0,1.26524358289985
"7","beta_trend",6083,1,0,1.2656320572745
"8","beta_trend",6083,2,0,1.26599140561045
"9","beta_trend",6083,3,0,1.26632199855795
"10","beta_trend",6083,4,0,1.26662422040648
"11","beta_trend",6083,5,0,1.26689846880202
"12","beta_trend",6083,6,0,1.2671451544524
"13","beta_trend",6083,7,0,1.26736470082099
"14","beta_trend",6083,8,0,1.26755754380884
"15","beta_trend",6083,9,0,1.26772413142553
"16","beta_trend",6083,10,0,1.26786492344891
"17","beta_trend",6083,11,0,1.26798039107398
"18","beta_trend",6083,12,0,1.26807101655115
"19","beta_trend",6083,13,0,1.26813729281416
"20","beta_trend",6083,14,0,1.26817972309788
"21","beta_trend",6083,15,0,1.26819882054628
"22","beta_trend",6083,16,0,1.26819510781092
"23","beta_trend",6083,17,0,1.26816911664011
"24","beta_trend",6083,18,0,1.26812138745928
"25","beta_trend",6083,19,0,1.26805246894264
"26","beta_trend",6083,20,0,1.26796291757664
"27","beta_trend",6083,21,0,1.26785329721549
"28","beta_trend",6083,22,0,1.26772417862907
"29","beta_trend",6083,23,0,1.26757613904371
"30","beta_trend",6083,24,0,1.26740976167604
"31","beta_trend",6083,25,0,1.26722563526048
"32","beta_trend",6083,26,0,1.26702435357054
"33","beta_trend",6083,27,0,1.26680651493458
"34","beta_trend",6083,28,0,1.26657272174619
"35","beta_trend",6083,29,0,1.26632357996981
"36","beta_trend",6083,30,0,1.26605969864184
"37","beta_trend",6083,31,0,1.26578168936777
"38","beta_trend",6083,32,0,1.26549016581581
"39","beta_trend",6083,33,0,1.26518574320725
"40","beta_trend",6083,34,0,1.26486903780428
"41","beta_trend",6083,35,0,1.26454066639548
"42","beta_trend",6083,36,0,1.26420124577959
"43","beta_trend",6083,37,0,1.26385139224795
"44","beta_trend",6083,38,0,1.26349172106609
"45","beta_trend",6083,39,0,1.26312284595494
"46","beta_trend",6083,40,0,1.26274537857217
"47","beta_trend",6083,41,0,1.26235992799409
"48","beta_trend",6083,42,0,1.26196710019855
"49","beta_trend",6083,43,0,1.26156749754948
"50","beta_trend",6083,44,0,1.26116171828332
"51","beta_trend",6083,45,0,1.26075035599807
"52","beta_trend",6083,46,0,1.26033399914524
"53","beta_trend",6083,47,0,1.25991323052528
"54","beta_trend",6083,48,0,1.25948862678701
"55","beta_trend",6083,49,0,1.25906075793141
"56","beta_trend",6083,50,0,1.25863018682041
"57","beta_trend",6083,51,0,1.25819746869097
"58","beta_trend",6083,52,0,1.25776315067513
"59","beta_trend",6083,53,0,1.25732777132635
"60","beta_trend",6083,54,0,1.25689186015269
"61","beta_trend",6083,55,0,1.25645593715727
"62","beta_trend",6083,56,0,1.25602051238646
"63","beta_trend",6083,57,0,1.25558608548633
"64","beta_trend",6083,58,0,1.25515314526766
"65","beta_trend",6083,59,0,1.25472216928021
"66","beta_trend",6083,60,0,1.25429362339637
"67","beta_trend",6083,61,0,1.25386796140491
"68","beta_trend",6083,62,0,1.2534456246151
"69","beta_trend",6083,63,0,1.25302704147166
"70","beta_trend",6083,64,0,1.25261262718095
"71","beta_trend",6083,65,0,1.25220278334882
"72","beta_trend",6083,66,0,1.25179789763047
"73","beta_trend",6083,67,0,1.25139834339275
"74","beta_trend",6083,68,0,1.25100447938928
"75","beta_trend",6083,69,0,1.2506166494487
"76","beta_trend",6083,70,0,1.25023518217639
"77","beta_trend",6083,71,0,1.2498603906702
"78","beta_trend",6083,72,0,1.24949257225016
"79","beta_trend",6083,73,0,1.24913200820288
"80","beta_trend",6083,74,0,1.24877896354064
"81","beta_trend",6083,75,0,1.24841823720292
"82","beta_trend",6083,76,0,1.24808024772549
"83","beta_trend",6083,77,0,1.24775044186494
"84","beta_trend",6083,78,0,1.24742901617735
"85","beta_trend",6083,79,0,1.24711614992538
"86","beta_trend",6083,80,0,1.24681200493038
"87","beta_trend",6083,81,0,1.24651672544108
"88","beta_trend",6083,82,0,1.24623043801897
"89","beta_trend",6083,83,0,1.24595325144062
"90","beta_trend",6083,84,0,1.24568525661704
"91","beta_trend",6083,85,0,1.24542652653027
"92","beta_trend",6083,86,0,1.24517711618729
"93","beta_trend",6083,87,0,1.24493706259145
"94","beta_trend",6083,88,0,1.24470638473136
"95","beta_trend",6083,89,0,1.24448508358748
"96","beta_trend",6083,90,0,1.24427314215644
"97","beta_trend",6083,91,0,1.24407052549302
"98","beta_trend",6083,92,0,1.24387718076995
"99","beta_trend",6083,93,0,1.24369303735555
"100","beta_trend",6083,94,0,1.24351800690904
"101","beta_trend",6083,95,0,1.24335198349375
"102","beta_trend",6083,96,0,1.24319484370791
"103","beta_trend",6083,97,0,1.24304644683321
"104","beta_trend",6083,98,0,1.24290663500093
"105","beta_trend",6083,99,0,1.24277523337548
"106","beta_trend",6083,100,0,1.24265205035547
"107","beta_trend",6083,101,0,1.2425368777919
"108","beta_trend",6083,102,0,1.24242949122355
"109","beta_trend",6083,103,0,1.24232965012926
"110","beta_trend",6083,104,0,1.24223709819704
"111","beta_trend",6083,105,0,1.24215156360969
"112","beta_trend",6083,106,0,1.24207275934678
"113","beta_trend",6083,107,0,1.24200038350277
"114","beta_trend",6083,108,0,1.24193411962104
"115","beta_trend",6083,109,0,1.24187363704341
"116","beta_trend",6083,110,0,1.2418185912751
"117","beta_trend",6083,111,0,1.24176862436465
"118","beta_trend",6083,112,0,1.24172336529858
"119","beta_trend",6083,113,0,1.24168243041037
"120","beta_trend",6083,114,0,1.24164542380354
"121","beta_trend",6083,115,0,1.24161193778837
"122","beta_trend",6083,116,0,1.24158155333187
"123","beta_trend",6083,117,0,1.24155384052072
"124","beta_trend",6083,118,0,1.24152835903664
"125","beta_trend",6083,119,0,1.24150465864388
"126","beta_trend",6083,120,0,1.24148227968826
"127","beta_trend",6083,121,0,1.24146075360754
"128","beta_trend",6083,122,0,1.24143960345237
"129","beta_trend",6083,123,0,1.24141834441756
"130","beta_trend",6083,124,0,1.24139648438318
"131","beta_trend",6083,125,0,1.24137352446478
"132","beta_trend",6083,126,0,1.24134895957252
"133","beta_trend",6083,127,0,1.24132227897846
"134","beta_trend",6083,128,0,1.24129296689159
"135","beta_trend",6083,129,0,1.24126050304003
"136","beta_trend",6083,130,0,1.24122436325987
"137","beta_trend",6083,131,0,1.24118402009004
"138","beta_trend",6083,132,0,1.24113894337271
"139","beta_trend",6083,133,0,1.24108860085866
"140","beta_trend",6083,134,0,1.24103245881688
"141","beta_trend",6083,135,0,1.24096998264807
"142","beta_trend",6083,136,0,1.24090063750121
"143","beta_trend",6083,137,0,1.24082388889271
"144","beta_trend",6083,138,0,1.2407392033276
"145","beta_trend",6083,139,0,1.24064604892195
"146","beta_trend",6083,140,0,1.24054389602616
"147","beta_trend",6083,141,0,1.24043221784828
"148","beta_trend",6083,142,0,1.2403104910769
"149","beta_trend",6083,143,0,1.24017819650292
"150","beta_trend",6083,144,0,1.24003481963955
"151","beta_trend",6083,145,0,1.23987985134002
"152","beta_trend",6083,146,0,1.23971278841228
"153","beta_trend",6083,147,0,1.2395331342301
"154","beta_trend",6083,148,0,1.23934039933999
"155","beta_trend",6083,149,0,1.23913410206324
"156","beta_trend",6083,150,0,1.23891376909256
"157","beta_trend",6083,151,0,1.23867893608262
"158","beta_trend",6083,152,0,1.23842914823396
"159","beta_trend",6083,153,0,1.23816396086957
"160","beta_trend",6083,154,0,1.23788294000366
"161","beta_trend",6083,155,0,1.2375856629019
"162","beta_trend",6083,156,0,1.23727171863267
"163","beta_trend",6083,157,0,1.23694070860864
"164","beta_trend",6083,158,0,1.23659224711808
"165","beta_trend",6083,159,0,1.23622596184554
"166","beta_trend",6083,160,0,1.23584149438105
"167","beta_trend",6083,161,0,1.23543850071754
"168","beta_trend",6083,162,0,1.23501665173575
"169","beta_trend",6083,163,0,1.23457563367634
"170","beta_trend",6083,164,0,1.23411514859834
"171","beta_trend",6083,165,0,1.23363491482384
"172","beta_trend",6083,166,0,1.23313466736805
"173","beta_trend",6083,167,0,1.23261415835452
"174","beta_trend",6083,168,0,1.23207315741493
"175","beta_trend",6083,169,0,1.231511452073
"176","beta_trend",6083,170,0,1.23092884811211
"177","beta_trend",6083,171,0,1.23032516992623
"178","beta_trend",6083,172,0,1.22972202502246
"179","beta_trend",6083,173,0,1.22907675005192
"180","beta_trend",6083,174,0,1.22841003248131
"181","beta_trend",6083,175,0,1.22772177607018
"182","beta_trend",6083,176,0,1.22701190474401
"183","beta_trend",6083,177,0,1.22628036283881
"184","beta_trend",6083,178,0,1.22552711532666
"185","beta_trend",6083,179,0,1.22475214802169
"186","beta_trend",6083,180,0,1.22395546776634
"187","beta_trend",6083,181,0,1.22313710259761
"188","beta_trend",6083,182,0,1.22229710189303
"189","beta_trend",6083,183,0,1.22143553649626
"190","beta_trend",6083,184,0,1.22055249882193
"191","beta_trend",6083,185,0,1.21964810293973
"192","beta_trend",6083,186,0,1.21872248463747
"193","beta_trend",6083,187,0,1.21777580146307
"194","beta_trend",6083,188,0,1.21680823274524
"195","beta_trend",6083,189,0,1.21581997959289
"196","beta_trend",6083,190,0,1.21481126487311
"197","beta_trend",6083,191,0,1.21378233316772
"198","beta_trend",6083,192,0,1.21273345070827
"199","beta_trend",6083,193,0,1.21166490528961
"200","beta_trend",6083,194,0,1.21057700616191
"201","beta_trend",6083,195,0,1.2094700839013
"202","beta_trend",6083,196,0,1.20834449025898
"203","beta_trend",6083,197,0,1.20720059798916
"204","beta_trend",6083,198,0,1.20603880065562
"205","beta_trend",6083,199,0,1.20485951241723
"206","beta_trend",6083,200,0,1.20366316779248
"207","beta_trend",6083,201,0,1.20245022140314
"208","beta_trend",6083,202,0,1.20122114769738
"209","beta_trend",6083,203,0,1.1999764406523
"210","beta_trend",6083,204,0,1.19871661345641
"211","beta_trend",6083,205,0,1.19744219817197
"212","beta_trend",6083,206,0,1.19615374537772
"213","beta_trend",6083,207,0,1.19485182379214
"214","beta_trend",6083,208,0,1.19353701987756
"215","beta_trend",6083,209,0,1.19220993742551
"216","beta_trend",6083,210,0,1.19087119712352
"217","beta_trend",6083,211,0,1.18952143610388
"218","beta_trend",6083,212,0,1.18816130747466
"219","beta_trend",6083,213,0,1.18679147983332
"220","beta_trend",6083,214,0,1.1854126367635
"221","beta_trend",6083,215,0,1.18402547631526
"222","beta_trend",6083,216,0,1.1826307104693
"223","beta_trend",6083,217,0,1.1812290645856
"224","beta_trend",6083,218,0,1.17982127683696
"225","beta_trend",6083,219,0,1.178408097628
"226","beta_trend",6083,220,0,1.17699028900001
"227","beta_trend",6083,221,0,1.17556862402228
"228","beta_trend",6083,222,0,1.1741438861705
"229","beta_trend",6083,223,0,1.17271686869255
"230","beta_trend",6083,224,0,1.17128837396259
"231","beta_trend",6083,225,0,1.16985921282372
"232","beta_trend",6083,226,0,1.16843020392005
"233","beta_trend",6083,227,0,1.16700217301858
"234","beta_trend",6083,228,0,1.16557595232173
"235","beta_trend",6083,229,0,1.16415237977087
"236","beta_trend",6083,230,0,1.16273229834184
"237","beta_trend",6083,231,0,1.16131655533274
"238","beta_trend",6083,232,0,1.15990600164495
"239","beta_trend",6083,233,0,1.15850149105782
"240","beta_trend",6083,234,0,1.15710387949793
"241","beta_trend",6083,235,0,1.15571402430332
"242","beta_trend",6083,236,0,1.15433278348367
"243","beta_trend",6083,237,0,1.15296101497684
"244","beta_trend",6083,238,0,1.15159957590274
"245","beta_trend",6083,239,0,1.15024932181498
"246","beta_trend",6083,240,0,1.14891110595119
"247","beta_trend",6083,241,0,1.14758577848257
"248","beta_trend",6083,242,0,1.14627418576355
"249","beta_trend",6083,243,0,1.14497716958205
"250","beta_trend",6083,244,0,1.14369556641123
"251","beta_trend",6083,245,0,1.14243020666336
"252","beta_trend",6083,246,0,1.14118191394654
"253","beta_trend",6083,247,0,1.13995150432493
"254","beta_trend",6083,248,0,1.13873978558328
"255","beta_trend",6083,249,0,1.13754755649636
"256","beta_trend",6083,250,0,1.13637560610407
"257","beta_trend",6083,251,0,1.13522471299286
"258","beta_trend",6083,252,0,1.13409564458422
"259","beta_trend",6083,253,0,1.13298915643081
"260","beta_trend",6083,254,0,1.13190599152104
"261","beta_trend",6083,255,0,1.13084687959264
"262","beta_trend",6083,256,0,1.12981253645599
"263","beta_trend",6083,257,0,1.12880366332775
"264","beta_trend",6083,258,0,1.12782094617552
"265","beta_trend",6083,259,0,1.12686505507418
"266","beta_trend",6083,260,0,1.12593664357437
"267","beta_trend",6083,261,0,1.12503634808393
"268","beta_trend",6083,262,0,1.12416478726276
"269","beta_trend",6083,263,0,1.12332256143175
"270","beta_trend",6083,264,0,1.12251025199628
"271","beta_trend",6083,265,0,1.12172842088496
"272","beta_trend",6083,266,0,1.12097761000405
"273","beta_trend",6083,267,0,1.12025834070816
"274","beta_trend",6083,268,0,1.11957931875525
"275","beta_trend",6083,269,0,1.11892499035741
"276","beta_trend",6083,270,0,1.11830365571737
"277","beta_trend",6083,271,0,1.11771574970046
"278","beta_trend",6083,272,0,1.11716168426003
"279","beta_trend",6083,273,0,1.11664184801667
"280","beta_trend",6083,274,0,1.11615660585714
"281","beta_trend",6083,275,0,1.11570629855306
"282","beta_trend",6083,276,0,1.11529124240009
"283","beta_trend",6083,277,0,1.11491172887765
"284","beta_trend",6083,278,0,1.11456802432971
"285","beta_trend",6083,279,0,1.11426036966687
"286","beta_trend",6083,280,0,1.11398898009012
"287","beta_trend",6083,281,0,1.11375404483644
"288","beta_trend",6083,282,0,1.1135557269466
"289","beta_trend",6083,283,0,1.11339416305535
"290","beta_trend",6083,284,0,1.11326946320418
"291","beta_trend",6083,285,0,1.11318171067693
"292","beta_trend",6083,286,0,1.11313096185835
"293","beta_trend",6083,287,0,1.11311724611579
"294","beta_trend",6083,288,0,1.11314056570408
"295","beta_trend",6083,289,0,1.11320089569386
"296","beta_trend",6083,290,0,1.11329818392328
"297","beta_trend",6083,291,0,1.11343235097317
"298","beta_trend",6083,292,0,1.11360329016582
"299","beta_trend",6083,293,0,1.11381086758721
"300","beta_trend",6083,294,0,1.1140549221329
"301","beta_trend",6083,295,0,1.11433526557726
"302","beta_trend",6083,296,0,1.11465168266634
"303","beta_trend",6083,297,0,1.11500393123399
"304","beta_trend",6083,298,0,1.11539174234128
"305","beta_trend",6083,299,0,1.11581482043918
"306","beta_trend",6083,300,0,1.11627284355415
"307","beta_trend",6083,301,0,1.11676546349663
"308","beta_trend",6083,302,0,1.11729230609224
"309","beta_trend",6083,303,0,1.1178529714354
"310","beta_trend",6083,304,0,1.11844703416525
"311","beta_trend",6083,305,0,1.11907404376347
"312","beta_trend",6083,306,0,1.11973352487397
"313","beta_trend",6083,307,0,1.12042497764382
"314","beta_trend",6083,308,0,1.12114787808554
"315","beta_trend",6083,309,0,1.12190167845995
"316","beta_trend",6083,310,0,1.12268580767965
"317","beta_trend",6083,311,0,1.12349967173247
"318","beta_trend",6083,312,0,1.12434265412466
"319","beta_trend",6083,313,0,1.12521411634334
"320","beta_trend",6083,314,0,1.12611339833783
"321","beta_trend",6083,315,0,1.12703981901939
"322","beta_trend",6083,316,0,1.12799267677891
"323","beta_trend",6083,317,0,1.12897125002212
"324","beta_trend",6083,318,0,1.12997479772177
"325","beta_trend",6083,319,0,1.13100255998631
"326","beta_trend",6083,320,0,1.13205375864451
"327","beta_trend",6083,321,0,1.13312759784557
"328","beta_trend",6083,322,0,1.13422326467407
"329","beta_trend",6083,323,0,1.13533992977924
"330","beta_trend",6083,324,0,1.13647674801799
"331","beta_trend",6083,325,0,1.13763285911108
"332","beta_trend",6083,326,0,1.13880738831184
"333","beta_trend",6083,327,0,1.13999944708688
"334","beta_trend",6083,328,0,1.14120813380801
"335","beta_trend",6083,329,0,1.14243253445498
"336","beta_trend",6083,330,0,1.1436717233282
"337","beta_trend",6083,331,0,1.14492476377084
"338","beta_trend",6083,332,0,1.14619070889972
"339","beta_trend",6083,333,0,1.14746860234423
"340","beta_trend",6083,334,0,1.14875747899274
"341","beta_trend",6083,335,0,1.1500563657456
"342","beta_trend",6083,336,0,1.15136428227434
"343","beta_trend",6083,337,0,1.15268024178612
"344","beta_trend",6083,338,0,1.15400325179291
"345","beta_trend",6083,339,0,1.15533231488462
"346","beta_trend",6083,340,0,1.15666642950552
"347","beta_trend",6083,341,0,1.15800459073323
"348","beta_trend",6083,342,0,1.15934579105966
"349","beta_trend",6083,343,0,1.16068902117303
"350","beta_trend",6083,344,0,1.16203327074044
"351","beta_trend",6083,345,0,1.16337752919025
"352","beta_trend",6083,346,0,1.16472078649349
"353","beta_trend",6083,347,0,1.16606203394375
"354","beta_trend",6083,348,0,1.16740026493467
"355","beta_trend",6083,349,0,1.16873447573455
"356","beta_trend",6083,350,0,1.17006366625728
"357","beta_trend",6083,351,0,1.17138684082886
"358","beta_trend",6083,352,0,1.17270300894902
"359","beta_trend",6083,353,0,1.17401118604705
"360","beta_trend",6083,354,0,1.17531039423139
"361","beta_trend",6083,355,0,1.17659966303218
"362","beta_trend",6083,356,0,1.17787803013618
"363","beta_trend",6083,357,0,1.17914454211344
"364","beta_trend",6083,358,0,1.18039825513511
"365","beta_trend",6083,359,0,1.18163823568168
"366","beta_trend",6083,360,0,1.18286356124115
"367","beta_trend",6083,361,0,1.18407332099653
"368","beta_trend",6083,362,0,1.18526661650197
"369","beta_trend",6083,363,0,1.18644256234716
"370","beta_trend",6083,364,0,1.18760028680919
"371","beta_trend",6083,365,0,1.18873162327982
"372","beta_trend",6083,366,0,1.18985001105801
"373","beta_trend",6083,367,0,1.19094763610799
"374","beta_trend",6083,368,0,1.19202368711661
"375","beta_trend",6083,369,0,1.19307736949113
"376","beta_trend",6083,370,0,1.194107905925
"377","beta_trend",6083,371,0,1.1951145369478
"378","beta_trend",6083,372,0,1.19609652145876
"379","beta_trend",6083,373,0,1.19705313724351
"380","beta_trend",6083,374,0,1.1979836814736
"381","beta_trend",6083,375,0,1.19888747118853
"382","beta_trend",6083,376,0,1.19976384375974
"383","beta_trend",6083,377,0,1.20061215733632
"384","beta_trend",6083,378,0,1.20143179127215
"385","beta_trend",6083,379,0,1.20222214653395
"386","beta_trend",6083,380,0,1.20298264609026
"387","beta_trend",6083,381,0,1.20371273528076
"388","beta_trend",6083,382,0,1.20441188216585
"389","beta_trend",6083,383,0,1.20507957785625
"390","beta_trend",6083,384,0,1.20571533682228
"391","beta_trend",6083,385,0,1.20631869718281
"392","beta_trend",6083,386,0,1.20688922097346
"393","beta_trend",6083,387,0,1.20742649439417
"394","beta_trend",6083,388,0,1.20793012803567
"395","beta_trend",6083,389,0,1.20839975708513
"396","beta_trend",6083,390,0,1.20883504151045
"397","beta_trend",6083,391,0,1.2092356662235
"398","beta_trend",6083,392,0,1.20960134122199
"399","beta_trend",6083,393,0,1.20993180171006
"400","beta_trend",6083,394,0,1.21022680819748
"401","beta_trend",6083,395,0,1.21048614657761
"402","beta_trend",6083,396,0,1.21070962818388
"403","beta_trend",6083,397,0,1.2108970898252
"404","beta_trend",6083,398,0,1.21104839379991
"405","beta_trend",6083,399,0,1.21116342788878
"406","beta_trend",6083,400,0,1.21124210532688
"407","beta_trend",6083,401,0,1.21128436475445
"408","beta_trend",6083,402,0,1.21129017014714
"409","beta_trend",6083,403,0,1.21125951072543
"410","beta_trend",6083,404,0,1.21119240084371
"411","beta_trend",6083,405,0,1.21108887985898
"412","beta_trend",6083,406,0,1.21094901197954
"413","beta_trend",6083,407,0,1.21077288609381
"414","beta_trend",6083,408,0,1.21051458591634
"415","beta_trend",6083,409,0,1.21026834412065
"416","beta_trend",6083,410,0,1.20998617168634
"417","beta_trend",6083,411,0,1.20966825748471
"418","beta_trend",6083,412,0,1.20931481379996
"419","beta_trend",6083,413,0,1.20892607604868
"420","beta_trend",6083,414,0,1.20850230248126
"421","beta_trend",6083,415,0,1.2080437738659
"422","beta_trend",6083,416,0,1.20755079315534
"423","beta_trend",6083,417,0,1.20702368513671
"424","beta_trend",6083,418,0,1.2064627960651
"425","beta_trend",6083,419,0,1.20586849328101
"426","beta_trend",6083,420,0,1.20524116481223
"427","beta_trend",6083,421,0,1.20458121896061
"428","beta_trend",6083,422,0,1.20388908387406
"429","beta_trend",6083,423,0,1.20316520710433
"430","beta_trend",6083,424,0,1.20241005515103
"431","beta_trend",6083,425,0,1.20162411299225
"432","beta_trend",6083,426,0,1.20080788360245
"433","beta_trend",6083,427,0,1.19996188745798
"434","beta_trend",6083,428,0,1.19908666203077
"435","beta_trend",6083,429,0,1.19818276127068
"436","beta_trend",6083,430,0,1.19725075507714
"437","beta_trend",6083,431,0,1.19629122876039
"438","beta_trend",6083,432,0,1.19530478249308
"439","beta_trend",6083,433,0,1.19429203075266
"440","beta_trend",6083,434,0,1.19325360175498
"441","beta_trend",6083,435,0,1.19219013687997
"442","beta_trend",6083,436,0,1.19110229008956
"443","beta_trend",6083,437,0,1.18999072733876
"444","beta_trend",6083,438,0,1.18885612598009
"445","beta_trend",6083,439,0,1.18769917416229
"446","beta_trend",6083,440,0,1.18652057022359
"447","beta_trend",6083,441,0,1.18532102208021
"448","beta_trend",6083,442,0,1.18410124661066
"449","beta_trend",6083,443,0,1.18286196903639
"450","beta_trend",6083,444,0,1.18160392229933
"451","beta_trend",6083,445,0,1.18032784643689
"452","beta_trend",6083,446,0,1.17903448795504
"453","beta_trend",6083,447,0,1.17772459919986
"454","beta_trend",6083,448,0,1.17639893772837
"455","beta_trend",6083,449,0,1.17505826567894
"456","beta_trend",6083,450,0,1.17370334914198
"457","beta_trend",6083,451,0,1.17233495753139
"458","beta_trend",6083,452,0,1.17095386295737
"459","beta_trend",6083,453,0,1.16956083960102
"460","beta_trend",6083,454,0,1.16815666309137
"461","beta_trend",6083,455,0,1.16674210988529
"462","beta_trend",6083,456,0,1.16531795665081
"463","beta_trend",6083,457,0,1.16388497965442
"464","beta_trend",6083,458,0,1.16244395415272
"465","beta_trend",6083,459,0,1.16099565378902
"466","beta_trend",6083,460,0,1.15954084999543
"467","beta_trend",6083,461,0,1.15809773762969
"468","beta_trend",6083,462,0,1.15663303322481
"469","beta_trend",6083,463,0,1.15516415548996
"470","beta_trend",6083,464,0,1.15369186257548
"471","beta_trend",6083,465,0,1.15221690758088
"472","beta_trend",6083,466,0,1.15074003800072
"473","beta_trend",6083,467,0,1.14926199517912
"474","beta_trend",6083,468,0,1.14778351377327
"475","beta_trend",6083,469,0,1.14630532122634
"476","beta_trend",6083,470,0,1.14482813725016
"477","beta_trend",6083,471,0,1.14335267331806
"478","beta_trend",6083,472,0,1.14187963216824
"479","beta_trend",6083,473,0,1.14040970731796
"480","beta_trend",6083,474,0,1.138943582589
"481","beta_trend",6083,475,0,1.1374819316446
"482","beta_trend",6083,476,0,1.13602541753818
"483","beta_trend",6083,477,0,1.13457469227432
"484","beta_trend",6083,478,0,1.13313039638201
"485","beta_trend",6083,479,0,1.13169315850068
"486","beta_trend",6083,480,0,1.13026359497912
"487","beta_trend",6083,481,0,1.12884230948756
"488","beta_trend",6083,482,0,1.12742989264325
"489","beta_trend",6083,483,0,1.12602692164953
"490","beta_trend",6083,484,0,1.1246339599488
"491","beta_trend",6083,485,0,1.12325155688951
"492","beta_trend",6083,486,0,1.12188024740728
"493","beta_trend",6083,487,0,1.12052055172037
"494","beta_trend",6083,488,0,1.11917297503964
"495","beta_trend",6083,489,0,1.11783800729312
"496","beta_trend",6083,490,0,1.11651612286529
"497","beta_trend",6083,491,0,1.11520778035119
"498","beta_trend",6083,492,0,1.11391342232544
"499","beta_trend",6083,493,0,1.11263347512623
"500","beta_trend",6083,494,0,1.11136834865442
"501","beta_trend",6083,495,0,1.11011843618757
"502","beta_trend",6083,496,0,1.10888411420927
"503","beta_trend",6083,497,0,1.1076657422535
"504","beta_trend",6083,498,0,1.10646366276413
"505","beta_trend",6083,499,0,1.10527820096954
"506","beta_trend",6083,500,0,1.10410966477242
"507","beta_trend",6083,501,0,1.10295834465455
"508","beta_trend",6083,502,0,1.10182451359658
"509","beta_trend",6083,503,0,1.10070842701291
"510","beta_trend",6083,504,0,1.09961032270123
"511","beta_trend",6083,505,0,1.0985463415625
"512","beta_trend",6083,506,0,1.0974841396507
"513","beta_trend",6083,507,0,1.09644055702222
"514","beta_trend",6083,508,0,1.09541575963143
"515","beta_trend",6083,509,0,1.09440989582665
"516","beta_trend",6083,510,0,1.09342309638537
"517","beta_trend",6083,511,0,1.09245547456354
"518","beta_trend",6083,512,0,1.09150712615881
"519","beta_trend",6083,513,0,1.09057812958736
"520","beta_trend",6083,514,0,1.08966854597436
"521","beta_trend",6083,515,0,1.08877841925765
"522","beta_trend",6083,516,0,1.08790777630459
"523","beta_trend",6083,517,0,1.08705662704179
"524","beta_trend",6083,518,0,1.08622496459744
"525","beta_trend",6083,519,0,1.08541276545615
"526","beta_trend",6083,520,0,1.0846199896259
"527","beta_trend",6083,521,0,1.08384658081693
"528","beta_trend",6083,522,0,1.08309246663234
"529","beta_trend",6083,523,0,1.08235755876997
"530","beta_trend",6083,524,0,1.08164175323554
"531","beta_trend",6083,525,0,1.08094493056655
"532","beta_trend",6083,526,0,1.08026695606671
"533","beta_trend",6083,527,0,1.07960768005069
"534","beta_trend",6083,528,0,1.07896693809875
"535","beta_trend",6083,529,0,1.07834455132111
"536","beta_trend",6083,530,0,1.07774032663155
"537","beta_trend",6083,531,0,1.07715405703013
"538","beta_trend",6083,532,0,1.07658552189458
"539","beta_trend",6083,533,0,1.07603448728002
"540","beta_trend",6083,534,0,1.07550070622682
"541","beta_trend",6083,535,0,1.07498391907612
"542","beta_trend",6083,536,0,1.07448385379276
"543","beta_trend",6083,537,0,1.07400022629527
"544","beta_trend",6083,538,0,1.07353274079257
"545","beta_trend",6083,539,0,1.07308109012705
"546","beta_trend",6083,540,0,1.07264495612365
"547","beta_trend",6083,541,0,1.0722240099447
"548","beta_trend",6083,542,0,1.07181791245005
"549","beta_trend",6083,543,0,1.07142631456221
"550","beta_trend",6083,544,0,1.07104885763617
"551","beta_trend",6083,545,0,1.0706851738335
"552","beta_trend",6083,546,0,1.0703348865005
"553","beta_trend",6083,547,0,1.06999761054986
"554","beta_trend",6083,548,0,1.06967295284566
"555","beta_trend",6083,549,0,1.06936051259136
"556","beta_trend",6083,550,0,1.06905988172031
"557","beta_trend",6083,551,0,1.06877064528857
"558","beta_trend",6083,552,0,1.06849238186963
"559","beta_trend",6083,553,0,1.06822466395079
"560","beta_trend",6083,554,0,1.06796705833071
"561","beta_trend",6083,555,0,1.06771912651797
"562","beta_trend",6083,556,0,1.06748042513022
"563","beta_trend",6083,557,0,1.06725050629358
"564","beta_trend",6083,558,0,1.06703459701818
"565","beta_trend",6083,559,0,1.06682114531159
"566","beta_trend",6083,560,0,1.06661512094185
"567","beta_trend",6083,561,0,1.06641606251868
"568","beta_trend",6083,562,0,1.06622350616798
"569","beta_trend",6083,563,0,1.06603698592712
"570","beta_trend",6083,564,0,1.06585603413829
"571","beta_trend",6083,565,0,1.06568018183983
"572","beta_trend",6083,566,0,1.06550895915515
"573","beta_trend",6083,567,0,1.06534189567892
"574","beta_trend",6083,568,0,1.06517852086041
"575","beta_trend",6083,569,0,1.0650183643836
"576","beta_trend",6083,570,0,1.06486095654382
"577","beta_trend",6083,571,0,1.06470582862071
"578","beta_trend",6083,572,0,1.06455251324721
"579","beta_trend",6083,573,0,1.06440054477438
"580","beta_trend",6083,574,0,1.06424945963177
"581","beta_trend",6083,575,0,1.06409879668318
"582","beta_trend",6083,576,0,1.06394809757755
"583","beta_trend",6083,577,0,1.0637969070947
"584","beta_trend",6083,578,0,1.06364477348591
"585","beta_trend",6083,579,0,1.06349124880892
"586","beta_trend",6083,580,0,1.06333588925732
"587","beta_trend",6083,581,0,1.063178255484
"588","beta_trend",6083,582,0,1.06301791291868
"589","beta_trend",6083,583,0,1.06285443207913
"590","beta_trend",6083,584,0,1.06268738887607
"591","beta_trend",6083,585,0,1.06251636491155
"592","beta_trend",6083,586,0,1.06234094777063
"593","beta_trend",6083,587,0,1.06216073130625
"594","beta_trend",6083,588,0,1.06197531591718
"595","beta_trend",6083,589,0,1.06178430881883
"596","beta_trend",6083,590,0,1.06158732430691
"597","beta_trend",6083,591,0,1.06138398401377
"598","beta_trend",6083,592,0,1.06117391715728
"599","beta_trend",6083,593,0,1.06095676078224
"600","beta_trend",6083,594,0,1.06073215999418
"601","beta_trend",6083,595,0,1.06049976818539
"602","beta_trend",6083,596,0,1.06025924725329
"603","beta_trend",6083,597,0,1.06001026781081
"604","beta_trend",6083,598,0,1.05975250938902
"605","beta_trend",6083,599,0,1.05948566063164
"606","beta_trend",6083,600,0,1.05920941948165
"607","beta_trend",6083,601,0,1.05886630137841
"608","beta_trend",6083,602,0,1.05857293641574
"609","beta_trend",6083,603,0,1.05826922437735
"610","beta_trend",6083,604,0,1.05795490628302
"611","beta_trend",6083,605,0,1.05762973311063
"612","beta_trend",6083,606,0,1.05729346593888
"613","beta_trend",6083,607,0,1.05694587608167
"614","beta_trend",6083,608,0,1.05658674521414
"615","beta_trend",6083,609,0,1.05621586549038
"616","beta_trend",6083,610,0,1.05583303965281
"617","beta_trend",6083,611,0,1.05543808113322
"618","beta_trend",6083,612,0,1.05503081414563
"619","beta_trend",6083,613,0,1.05461107377075
"620","beta_trend",6083,614,0,1.05417870603239
"621","beta_trend",6083,615,0,1.05373356796557
"622","beta_trend",6083,616,0,1.05327552767651
"623","beta_trend",6083,617,0,1.05280446439464
"624","beta_trend",6083,618,0,1.05232026851644
"625","beta_trend",6083,619,0,1.05182284164142
"626","beta_trend",6083,620,0,1.05131209660015
"627","beta_trend",6083,621,0,1.05078795747443
"628","beta_trend",6083,622,0,1.05025035960973
"629","beta_trend",6083,623,0,1.04969924961994
"630","beta_trend",6083,624,0,1.04913458538446
"631","beta_trend",6083,625,0,1.04855633603784
"632","beta_trend",6083,626,0,1.04796448195185
"633","beta_trend",6083,627,0,1.04735901471037
"634","beta_trend",6083,628,0,1.04673993707684
"635","beta_trend",6083,629,0,1.04610726295469
"636","beta_trend",6083,630,0,1.04546101734062
"637","beta_trend",6083,631,0,1.04480123627094
"638","beta_trend",6083,632,0,1.0441279667611
"639","beta_trend",6083,633,0,1.04344126673839
"640","beta_trend",6083,634,0,1.04274120496807
"641","beta_trend",6083,635,0,1.04202786097294
"642","beta_trend",6083,636,0,1.04130132494652
"643","beta_trend",6083,637,0,1.04056169765994
"644","beta_trend",6083,638,0,1.03980909036263
"645","beta_trend",6083,639,0,1.03904362467699
"646","beta_trend",6083,640,0,1.0382654324871
"647","beta_trend",6083,641,0,1.03747465582169
"648","beta_trend",6083,642,0,1.03667144673135
"649","beta_trend",6083,643,0,1.03585596716026
"650","beta_trend",6083,644,0,1.03502838881244
"651","beta_trend",6083,645,0,1.03418889301278
"652","beta_trend",6083,646,0,1.03333767056286
"653","beta_trend",6083,647,0,1.03247492159177
"654","beta_trend",6083,648,0,1.031600855402
"655","beta_trend",6083,649,0,1.03071569031065
"656","beta_trend",6083,650,0,1.02981965348594
"657","beta_trend",6083,651,0,1.02891298077927
"658","beta_trend",6083,652,0,1.02799591655296
"659","beta_trend",6083,653,0,1.02706871350369
"660","beta_trend",6083,654,0,1.02612377326174
"661","beta_trend",6083,655,0,1.02517672055252
"662","beta_trend",6083,656,0,1.02422031952049
"663","beta_trend",6083,657,0,1.02325485371541
"664","beta_trend",6083,658,0,1.02228061405671
"665","beta_trend",6083,659,0,1.02129789863377
"666","beta_trend",6083,660,0,1.02030701250298
"667","beta_trend",6083,661,0,1.01930826748165
"668","beta_trend",6083,662,0,1.01830198193889
"669","beta_trend",6083,663,0,1.01728848058374
"670","beta_trend",6083,664,0,1.01626809425042
"671","beta_trend",6083,665,0,1.01524115968112
"672","beta_trend",6083,666,0,1.01420801930631
"673","beta_trend",6083,667,0,1.01316902102268
"674","beta_trend",6083,668,0,1.01212451796895
"675","beta_trend",6083,669,0,1.01107486829964
"676","beta_trend",6083,670,0,1.01002043495691
"677","beta_trend",6083,671,0,1.00896158544062
"678","beta_trend",6083,672,0,1.00789869157671
"679","beta_trend",6083,673,0,1.00683212928417
"680","beta_trend",6083,674,0,1.00576227834049
"681","beta_trend",6083,675,0,1.00468952214597
"682","beta_trend",6083,676,0,1.00361424748682
"683","beta_trend",6083,677,0,1.00253684429733
"684","beta_trend",6083,678,0,1.00145770542114
"685","beta_trend",6083,679,0,1.00037722637176
"686","beta_trend",6083,680,0,0.999295805092478
"687","beta_trend",6083,681,0,0.998213841715817
"688","beta_trend",6083,682,0,0.997131738322567
"689","beta_trend",6083,683,0,0.996049898700607
"690","beta_trend",6083,684,0,0.994968728103597
"691","beta_trend",6083,685,0,0.993888633009673
"692","beta_trend",6083,686,0,0.992810020880248
"693","beta_trend",6083,687,0,0.991733299919072
"694","beta_trend",6083,688,0,0.990658878831624
"695","beta_trend",6083,689,0,0.989587166584999
"696","beta_trend",6083,690,0,0.988518572168361
"697","beta_trend",6083,691,0,0.987453504354121
"698","beta_trend",6083,692,0,0.986392371459911
"699","beta_trend",6083,693,0,0.985335581111499
"700","beta_trend",6083,694,0,0.98428354000674
"701","beta_trend",6083,695,0,0.983236653680674
"702","beta_trend",6083,696,0,0.982195326271888
"703","beta_trend",6083,697,0,0.981159960290239
"704","beta_trend",6083,698,0,0.980168282599876
"705","beta_trend",6083,699,0,0.979144386866932
"706","beta_trend",6083,700,0,0.978127717399561
"707","beta_trend",6083,701,0,0.977118665164854
"708","beta_trend",6083,702,0,0.976117618463898
"709","beta_trend",6083,703,0,0.97512496270659
"710","beta_trend",6083,704,0,0.974141080188634
"711","beta_trend",6083,705,0,0.973166349870815
"712","beta_trend",6083,706,0,0.972201147160642
"713","beta_trend",6083,707,0,0.971245843696462
"714","beta_trend",6083,708,0,0.970300807134126
"715","beta_trend",6083,709,0,0.969366400936311
"716","beta_trend",6083,710,0,0.968442984164568
"717","beta_trend",6083,711,0,0.96753091127421
"718","beta_trend",6083,712,0,0.966630531912102
"719","beta_trend",6083,713,0,0.965742190717458
"720","beta_trend",6083,714,0,0.964866227125714
"721","beta_trend",6083,715,0,0.964002975175577
"722","beta_trend",6083,716,0,0.963152763319307
"723","beta_trend",6083,717,0,0.962315914236342
"724","beta_trend",6083,718,0,0.96149274465032
"725","beta_trend",6083,719,0,0.960683565149588
"726","beta_trend",6083,720,0,0.959888680011271
"727","beta_trend",6083,721,0,0.959108387028973
"728","beta_trend",6083,722,0,0.958342977344187
"729","beta_trend",6083,723,0,0.957592735281483
"730","beta_trend",6083,724,0,0.956857938187543
"731","beta_trend",6083,725,0,0.956138856274114
"732","beta_trend",6083,726,0,0.955435752464941
"733","beta_trend",6083,727,0,0.954748882246753
"734","beta_trend",6083,728,0,0.954078493524355
"735","beta_trend",6083,729,0,0.953424826479895
"736","beta_trend",6083,730,0,0.952788113436369
"737","beta_trend",6083,731,0,0.952168578725407
"738","beta_trend",6083,732,0,0.951566438559419
"739","beta_trend",6083,733,0,0.950981900908132
"740","beta_trend",6083,734,0,0.950415165379593
"741","beta_trend",6083,735,0,0.949866423105674
"742","beta_trend",6083,736,0,0.949335856632128
"743","beta_trend",6083,737,0,0.94882363981326
"744","beta_trend",6083,738,0,0.948329937711236
"745","beta_trend",6083,739,0,0.947854906500087
"746","beta_trend",6083,740,0,0.947398693374453
"747","beta_trend",6083,741,0,0.946961436463087
"748","beta_trend",6083,742,0,0.946543264747184
"749","beta_trend",6083,743,0,0.946144297983542
"750","beta_trend",6083,744,0,0.945764646632609
"751","beta_trend",6083,745,0,0.945404411791443
"752","beta_trend",6083,746,0,0.945063685131596
"753","beta_trend",6083,747,0,0.944742548841981
"754","beta_trend",6083,748,0,0.944441075576716
"755","beta_trend",6083,749,0,0.944159328407981
"756","beta_trend",6083,750,0,0.94389736078391
"757","beta_trend",6083,751,0,0.94366848513586
"758","beta_trend",6083,752,0,0.943446809601136
"759","beta_trend",6083,753,0,0.943245042424424
"760","beta_trend",6083,754,0,0.94306319931381
"761","beta_trend",6083,755,0,0.942901286258779
"762","beta_trend",6083,756,0,0.9427592995199
"763","beta_trend",6083,757,0,0.942637225623652
"764","beta_trend",6083,758,0,0.942535041362396
"765","beta_trend",6083,759,0,0.942452713799482
"766","beta_trend",6083,760,0,0.942390200279493
"767","beta_trend",6083,761,0,0.942347448443623
"768","beta_trend",6083,762,0,0.942324396250174
"769","beta_trend",6083,763,0,0.942320972000158
"770","beta_trend",6083,764,0,0.942337094368
"771","beta_trend",6083,765,0,0.94237267243732
"772","beta_trend",6083,766,0,0.94242760574177
"773","beta_trend",6083,767,0,0.94250178431091
"774","beta_trend",6083,768,0,0.942595088721098
"775","beta_trend",6083,769,0,0.942707390151363
"776","beta_trend",6083,770,0,0.942838550444239
"777","beta_trend",6083,771,0,0.942988422171512
"778","beta_trend",6083,772,0,0.943156848704866
"779","beta_trend",6083,773,0,0.943343664291369
"780","beta_trend",6083,774,0,0.943548694133776
"781","beta_trend",6083,775,0,0.943771754475593
"782","beta_trend",6083,776,0,0.944012652690867
"783","beta_trend",6083,777,0,0.944271187378638
"784","beta_trend",6083,778,0,0.944547148462025
"785","beta_trend",6083,779,0,0.94484031729187
"786","beta_trend",6083,780,0,0.945150466754897
"787","beta_trend",6083,781,0,0.945477361386321
"788","beta_trend",6083,782,0,0.945820757486856
"789","beta_trend",6083,783,0,0.946180403244039
"790","beta_trend",6083,784,0,0.946556038857823
"791","beta_trend",6083,785,0,0.946947396670363
"792","beta_trend",6083,786,0,0.947354201299921
"793","beta_trend",6083,787,0,0.947776169778817
"794","beta_trend",6083,788,0,0.948213011695355
"795","beta_trend",6083,789,0,0.948664429339647
"796","beta_trend",6083,790,0,0.949130117853239
"797","beta_trend",6083,791,0,0.94960976538248
"798","beta_trend",6083,792,0,0.950103053235526
"799","beta_trend",6083,793,0,0.950609656042915
"800","beta_trend",6083,794,0,0.951069619629262
"801","beta_trend",6083,795,0,0.951604486581683
"802","beta_trend",6083,796,0,0.952151543439838
"803","beta_trend",6083,797,0,0.952710444149453
"804","beta_trend",6083,798,0,0.953280836673019
"805","beta_trend",6083,799,0,0.953862363175009
"806","beta_trend",6083,800,0,0.954454660209824
"807","beta_trend",6083,801,0,0.955057358912387
"808","beta_trend",6083,802,0,0.95567008519128
"809","beta_trend",6083,803,0,0.956292459924326
"810","beta_trend",6083,804,0,0.9569240991565
"811","beta_trend",6083,805,0,0.957564614300079
"812","beta_trend",6083,806,0,0.958213612336912
"813","beta_trend",6083,807,0,0.958870696022706
"814","beta_trend",6083,808,0,0.959535464093222
"815","beta_trend",6083,809,0,0.960207511472266
"816","beta_trend",6083,810,0,0.960886429481361
"817","beta_trend",6083,811,0,0.961571806050996
"818","beta_trend",6083,812,0,0.962263225933324
"819","beta_trend",6083,813,0,0.962960270916212
"820","beta_trend",6083,814,0,0.963662520038512
"821","beta_trend",6083,815,0,0.964369549806444
"822","beta_trend",6083,816,0,0.96508093441097
"823","beta_trend",6083,817,0,0.96579624594605
"824","beta_trend",6083,818,0,0.966515054627648
"825","beta_trend",6083,819,0,0.967236929013386
"826","beta_trend",6083,820,0,0.967961436222709
"827","beta_trend",6083,821,0,0.968688142157458
"828","beta_trend",6083,822,0,0.969416611722722
"829","beta_trend",6083,823,0,0.970146409047855
"830","beta_trend",6083,824,0,0.970877097707536
"831","beta_trend",6083,825,0,0.971608240942749
"832","beta_trend",6083,826,0,0.972339401881573
"833","beta_trend",6083,827,0,0.973070143759659
"834","beta_trend",6083,828,0,0.973800030140271
"835","beta_trend",6083,829,0,0.974528625133777
"836","beta_trend",6083,830,0,0.975255493616481
"837","beta_trend",6083,831,0,0.975980201448655
"838","beta_trend",6083,832,0,0.976702315691686
"839","beta_trend",6083,833,0,0.977421404824201
"840","beta_trend",6083,834,0,0.978137038957056
"841","beta_trend",6083,835,0,0.978848790047088
"842","beta_trend",6083,836,0,0.979556232109511
"843","beta_trend",6083,837,0,0.980258941428835
"844","beta_trend",6083,838,0,0.980956496768215
"845","beta_trend",6083,839,0,0.981648479577107
"846","beta_trend",6083,840,0,0.982334474197128
"847","beta_trend",6083,841,0,0.983014068066019
"848","beta_trend",6083,842,0,0.983686851919589
"849","beta_trend",6083,843,0,0.984352419991561
"850","beta_trend",6083,844,0,0.985010370211197
"851","beta_trend",6083,845,0,0.985660304398608
"852","beta_trend",6083,846,0,0.986301828457659
"853","beta_trend",6083,847,0,0.986925128533014
"854","beta_trend",6083,848,0,0.987548232561891
"855","beta_trend",6083,849,0,0.988161751651594
"856","beta_trend",6083,850,0,0.988765309150726
"857","beta_trend",6083,851,0,0.989358533388048
"858","beta_trend",6083,852,0,0.989941057847988
"859","beta_trend",6083,853,0,0.990512521343072
"860","beta_trend",6083,854,0,0.991072568183201
"861","beta_trend",6083,855,0,0.991620848341681
"862","beta_trend",6083,856,0,0.992157017617936
"863","beta_trend",6083,857,0,0.992680737796825
"864","beta_trend",6083,858,0,0.993191676804486
"865","beta_trend",6083,859,0,0.993689508860639
"866","beta_trend",6083,860,0,0.994173914627275
"867","beta_trend",6083,861,0,0.994644581353669
"868","beta_trend",6083,862,0,0.995101203017642
"869","beta_trend",6083,863,0,0.995543480463023
"870","beta_trend",6083,864,0,0.995971121533242
"871","beta_trend",6083,865,0,0.996383841200997
"872","beta_trend",6083,866,0,0.996781361693948
"873","beta_trend",6083,867,0,0.997163412616377
"874","beta_trend",6083,868,0,0.997529731066767
"875","beta_trend",6083,869,0,0.997880061751262
"876","beta_trend",6083,870,0,0.998214157092942
"877","beta_trend",6083,871,0,0.998531777336901
"878","beta_trend",6083,872,0,0.998832690651063
"879","beta_trend",6083,873,0,0.99911667322271
"880","beta_trend",6083,874,0,0.999383509350694
"881","beta_trend",6083,875,0,0.999632991533288
"882","beta_trend",6083,876,0,0.999864920551662
"883","beta_trend",6083,877,0,1.00007910554894
"884","beta_trend",6083,878,0,1.00027536410486
"885","beta_trend",6083,879,0,1.0004535223059
"886","beta_trend",6083,880,0,1.00061341481104
"887","beta_trend",6083,881,0,1.00075488491298
"888","beta_trend",6083,882,0,1.00087778459483
"889","beta_trend",6083,883,0,1.00098197458236
"890","beta_trend",6083,884,0,1.00106732439168
"891","beta_trend",6083,885,0,1.00113371237241
"892","beta_trend",6083,886,0,1.00118102574634
"893","beta_trend",6083,887,0,1.00120916064155
"894","beta_trend",6083,888,0,1.00121802212198
"895","beta_trend",6083,889,0,1.00120752421252
"896","beta_trend",6083,890,0,1.00117758991956
"897","beta_trend",6083,891,0,1.00114307807298
"898","beta_trend",6083,892,0,1.00107341528409
"899","beta_trend",6083,893,0,1.00098416689696
"900","beta_trend",6083,894,0,1.00087529086586
"901","beta_trend",6083,895,0,1.0007467542019
"902","beta_trend",6083,896,0,1.00059853296552
"903","beta_trend",6083,897,0,1.00043061225447
"904","beta_trend",6083,898,0,1.00024298618752
"905","beta_trend",6083,899,0,1.00003565788384
"906","beta_trend",6083,900,0,0.999808639438065
"907","beta_trend",6083,901,0,0.999561951891145
"908","beta_trend",6083,902,0,0.999295625196892
"909","beta_trend",6083,903,0,0.999009698184382
"910","beta_trend",6083,904,0,0.998704218516171
"911","beta_trend",6083,905,0,0.998379242642386
"912","beta_trend",6083,906,0,0.998034835750727
"913","beta_trend",6083,907,0,0.997671071712413
"914","beta_trend",6083,908,0,0.997288033024127
"915","beta_trend",6083,909,0,0.996885810745996
"916","beta_trend",6083,910,0,0.996464504435644
"917","beta_trend",6083,911,0,0.996024222078377
"918","beta_trend",6083,912,0,0.99556508001354
"919","beta_trend",6083,913,0,0.995087202857099
"920","beta_trend",6083,914,0,0.994590723420496
"921","beta_trend",6083,915,0,0.994075782625831
"922","beta_trend",6083,916,0,0.993542529417419
"923","beta_trend",6083,917,0,0.992991120669791
"924","beta_trend",6083,918,0,0.992421721092172
"925","beta_trend",6083,919,0,0.991834503129518
"926","beta_trend",6083,920,0,0.991229646860147
"927","beta_trend",6083,921,0,0.990607339890042
"928","beta_trend",6083,922,0,0.989967777243874
"929","beta_trend",6083,923,0,0.989311161252812
"930","beta_trend",6083,924,0,0.988637701439178
"931","beta_trend",6083,925,0,0.987947614398016
"932","beta_trend",6083,926,0,0.98724112367563
"933","beta_trend",6083,927,0,0.98651845964517
"934","beta_trend",6083,928,0,0.985779859379314
"935","beta_trend",6083,929,0,0.985025566520124
"936","beta_trend",6083,930,0,0.984255831146142
"937","beta_trend",6083,931,0,0.983470909636791
"938","beta_trend",6083,932,0,0.982671064534151
"939","beta_trend",6083,933,0,0.981856564402176
"940","beta_trend",6083,934,0,0.981027683683429
"941","beta_trend",6083,935,0,0.980184702553394
"942","beta_trend",6083,936,0,0.979327906772453
"943","beta_trend",6083,937,0,0.978457587535577
"944","beta_trend",6083,938,0,0.97757404131982
"945","beta_trend",6083,939,0,0.976677569729687
"946","beta_trend",6083,940,0,0.975768479340441
"947","beta_trend",6083,941,0,0.974847081539422
"948","beta_trend",6083,942,0,0.973913692365463
"949","beta_trend",6083,943,0,0.972968632346466
"950","beta_trend",6083,944,0,0.972016336987426
"951","beta_trend",6083,945,0,0.971049103410262
"952","beta_trend",6083,946,0,0.970071194085917
"953","beta_trend",6083,947,0,0.969082946173708
"954","beta_trend",6083,948,0,0.968084700497367
"955","beta_trend",6083,949,0,0.967076801373578
"956","beta_trend",6083,950,0,0.966059596439227
"957","beta_trend",6083,951,0,0.965033436477411
"958","beta_trend",6083,952,0,0.96399867524232
"959","beta_trend",6083,953,0,0.962955669283042
"960","beta_trend",6083,954,0,0.961904777766374
"961","beta_trend",6083,955,0,0.960846362298726
"962","beta_trend",6083,956,0,0.959780786747183
"963","beta_trend",6083,957,0,0.958708417059809
"964","beta_trend",6083,958,0,0.957629621085269
"965","beta_trend",6083,959,0,0.956544768391848
"966","beta_trend",6083,960,0,0.955454230085945
"967","beta_trend",6083,961,0,0.954358378630116
"968","beta_trend",6083,962,0,0.953257587660749
"969","beta_trend",6083,963,0,0.952152231805449
"970","beta_trend",6083,964,0,0.951042686500204
"971","beta_trend",6083,965,0,0.949929327806426
"972","beta_trend",6083,966,0,0.948812532227924
"973","beta_trend",6083,967,0,0.947692676527904
"974","beta_trend",6083,968,0,0.946570137546074
"975","beta_trend",6083,969,0,0.945445292015919
"976","beta_trend",6083,970,0,0.944318516382239
"977","beta_trend",6083,971,0,0.943190186619018
"978","beta_trend",6083,972,0,0.942060678047717
"979","beta_trend",6083,973,0,0.940930365156048
"980","beta_trend",6083,974,0,0.939799621417328
"981","beta_trend",6083,975,0,0.938668819110479
"982","beta_trend",6083,976,0,0.937538329140756
"983","beta_trend",6083,977,0,0.936408520861286
"984","beta_trend",6083,978,0,0.935279761895487
"985","beta_trend",6083,979,0,0.934152417960455
"986","beta_trend",6083,980,0,0.933026852691386
"987","beta_trend",6083,981,0,0.931903427467126
"988","beta_trend",6083,982,0,0.930782501236913
"989","beta_trend",6083,983,0,0.929664430348394
"990","beta_trend",6083,984,0,0.928549568376998
"991","beta_trend",6083,985,0,0.927438265956739
"992","beta_trend",6083,986,0,0.926330870612523
"993","beta_trend",6083,987,0,0.925227726594046
"994","beta_trend",6083,988,0,0.924109032514994
"995","beta_trend",6083,989,0,0.923016302603902
"996","beta_trend",6083,990,0,0.921928797959637
"997","beta_trend",6083,991,0,0.920846849585986
"998","beta_trend",6083,992,0,0.919770784353262
"999","beta_trend",6083,993,0,0.918700924845109
"1000","beta_trend",6083,994,0,0.917637589207367
"1001","beta_trend",6083,995,0,0.916581090999087
"1002","beta_trend",6083,996,0,0.915531739045752
"1003","beta_trend",6083,997,0,0.914489837294799
"1004","beta_trend",6083,998,0,0.9134556846735
"1005","beta_trend",6083,999,0,0.912429574949286
"1006","beta_trend",6083,1000,0,0.911411796592583
"1007","beta_trend",6083,1001,0,0.910402632642234
"1008","beta_trend",6083,1002,0,0.909402360573581
"1009","beta_trend",6083,1003,0,0.908411252169269
"1010","beta_trend",6083,1004,0,0.907429573392859
"1011","beta_trend",6083,1005,0,0.906457584265306
"1012","beta_trend",6083,1006,0,0.905495538744376
"1013","beta_trend",6083,1007,0,0.90454368460707
"1014","beta_trend",6083,1008,0,0.90360226333513
"1015","beta_trend",6083,1009,0,0.902671510003672
"1016","beta_trend",6083,1010,0,0.901751653173041
"1017","beta_trend",6083,1011,0,0.900842914783929
"1018","beta_trend",6083,1012,0,0.899945510055833
"1019","beta_trend",6083,1013,0,0.899059647388903
"1020","beta_trend",6083,1014,0,0.898185528269261
"1021","beta_trend",6083,1015,0,0.897323347177826
"1022","beta_trend",6083,1016,0,0.896473291502729
"1023","beta_trend",6083,1017,0,0.895635541455354
"1024","beta_trend",6083,1018,0,0.894810269990078
"1025","beta_trend",6083,1019,0,0.893997642727754
"1026","beta_trend",6083,1020,0,0.893197817882993
"1027","beta_trend",6083,1021,0,0.892410946195305
"1028","beta_trend",6083,1022,0,0.891637170864134
"1029","beta_trend",6083,1023,0,0.890876627487849
"1030","beta_trend",6083,1024,0,0.890129444006736
"1031","beta_trend",6083,1025,0,0.889395740650026
"1032","beta_trend",6083,1026,0,0.888675629887022
"1033","beta_trend",6083,1027,0,0.887969216382344
"1034","beta_trend",6083,1028,0,0.887276596955353
"1035","beta_trend",6083,1029,0,0.886597860543775
"1036","beta_trend",6083,1030,0,0.885933088171578
"1037","beta_trend",6083,1031,0,0.885282352921119
"1038","beta_trend",6083,1032,0,0.884645719909605
"1039","beta_trend",6083,1033,0,0.884023246269892
"1040","beta_trend",6083,1034,0,0.883414981135657
"1041","beta_trend",6083,1035,0,0.882820965630956
"1042","beta_trend",6083,1036,0,0.882241232864205
"1043","beta_trend",6083,1037,0,0.881675807926593
"1044","beta_trend",6083,1038,0,0.881124707894961
"1045","beta_trend",6083,1039,0,0.880587941839141
"1046","beta_trend",6083,1040,0,0.88006418413301
"1047","beta_trend",6083,1041,0,0.879556020060452
"1048","beta_trend",6083,1042,0,0.879062166608367
"1049","beta_trend",6083,1043,0,0.878582600873765
"1050","beta_trend",6083,1044,0,0.878117292046828
"1051","beta_trend",6083,1045,0,0.877666201445148
"1052","beta_trend",6083,1046,0,0.877229282552485
"1053","beta_trend",6083,1047,0,0.876806481062024
"1054","beta_trend",6083,1048,0,0.87639773492414
"1055","beta_trend",6083,1049,0,0.876002974398637
"1056","beta_trend",6083,1050,0,0.87562212211147
"1057","beta_trend",6083,1051,0,0.875255093115929
"1058","beta_trend",6083,1052,0,0.87490179495825
"1059","beta_trend",6083,1053,0,0.874562127747655
"1060","beta_trend",6083,1054,0,0.874235984230779
"1061","beta_trend",6083,1055,0,0.873923249870462
"1062","beta_trend",6083,1056,0,0.873623802928873
"1063","beta_trend",6083,1057,0,0.87333751455494
"1064","beta_trend",6083,1058,0,0.873064248876037
"1065","beta_trend",6083,1059,0,0.872803863093894
"1066","beta_trend",6083,1060,0,0.872556207584692
"1067","beta_trend",6083,1061,0,0.872321126003288
"1068","beta_trend",6083,1062,0,0.872098455391525
"1069","beta_trend",6083,1063,0,0.871888026290576
"1070","beta_trend",6083,1064,0,0.871689662857272
"1071","beta_trend",6083,1065,0,0.871503182984333
"1072","beta_trend",6083,1066,0,0.871328398424479
"1073","beta_trend",6083,1067,0,0.871165114918321
"1074","beta_trend",6083,1068,0,0.87101313232598
"1075","beta_trend",6083,1069,0,0.870872244762374
"1076","beta_trend",6083,1070,0,0.870742240736074
"1077","beta_trend",6083,1071,0,0.870622903291682
"1078","beta_trend",6083,1072,0,0.87051401015563
"1079","beta_trend",6083,1073,0,0.870415333885325
"1080","beta_trend",6083,1074,0,0.870326642021565
"1081","beta_trend",6083,1075,0,0.870247697244125
"1082","beta_trend",6083,1076,0,0.870178257530425
"1083","beta_trend",6083,1077,0,0.870118076317196
"1084","beta_trend",6083,1078,0,0.870066902665042
"1085","beta_trend",6083,1079,0,0.870024481425796
"1086","beta_trend",6083,1080,0,0.869990553412578
"1087","beta_trend",6083,1081,0,0.869964855572446
"1088","beta_trend",6083,1082,0,0.869947121161533
"1089","beta_trend",6083,1083,0,0.86993707992257
"1090","beta_trend",6083,1084,0,0.869926496250406
"1091","beta_trend",6083,1085,0,0.86993136983689
"1092","beta_trend",6083,1086,0,0.869943091759137
"1093","beta_trend",6083,1087,0,0.869961380108341
"1094","beta_trend",6083,1088,0,0.869985950360365
"1095","beta_trend",6083,1089,0,0.870016515565842
"1096","beta_trend",6083,1090,0,0.87005278654183
"1097","beta_trend",6083,1091,0,0.870094472064881
"1098","beta_trend",6083,1092,0,0.870141279065393
"1099","beta_trend",6083,1093,0,0.870192912823142
"1100","beta_trend",6083,1094,0,0.870249077163832
"1101","beta_trend",6083,1095,0,0.870309474656561
"1102","beta_trend",6083,1096,0,0.870373806812053
"1103","beta_trend",6083,1097,0,0.870441774281529
"1104","beta_trend",6083,1098,0,0.870513077056088
"1105","beta_trend",6083,1099,0,0.870587414666447
"1106","beta_trend",6083,1100,0,0.870664486382924
"1107","beta_trend",6083,1101,0,0.870743991415508
"1108","beta_trend",6083,1102,0,0.870825629113895
"1109","beta_trend",6083,1103,0,0.870909099167335
"1110","beta_trend",6083,1104,0,0.870994101804164
"1111","beta_trend",6083,1105,0,0.871080337990875
"1112","beta_trend",6083,1106,0,0.871167509630591
"1113","beta_trend",6083,1107,0,0.871255319760798
"1114","beta_trend",6083,1108,0,0.8713434727502
"1115","beta_trend",6083,1109,0,0.871431674494555
"1116","beta_trend",6083,1110,0,0.871519632611357
"1117","beta_trend",6083,1111,0,0.871607056633212
"1118","beta_trend",6083,1112,0,0.871693658199788
"1119","beta_trend",6083,1113,0,0.871779151248183
"1120","beta_trend",6083,1114,0,0.871863252201588
"1121","beta_trend",6083,1115,0,0.871945680156091
"1122","beta_trend",6083,1116,0,0.872026157065511
"1123","beta_trend",6083,1117,0,0.872104407924101
"1124","beta_trend",6083,1118,0,0.872180160947001
"1125","beta_trend",6083,1119,0,0.872253147748307
"1126","beta_trend",6083,1120,0,0.872323103516629
"1127","beta_trend",6083,1121,0,0.872389767187992
"1128","beta_trend",6083,1122,0,0.872452881615971
"1129","beta_trend",6083,1123,0,0.872512193738929
"1130","beta_trend",6083,1124,0,0.872567454744225
"1131","beta_trend",6083,1125,0,0.872618420229281
"1132","beta_trend",6083,1126,0,0.872664850359386
"1133","beta_trend",6083,1127,0,0.872706510022104
"1134","beta_trend",6083,1128,0,0.872743168978205
"1135","beta_trend",6083,1129,0,0.872774602008961
"1136","beta_trend",6083,1130,0,0.872800589059741
"1137","beta_trend",6083,1131,0,0.872820915379758
"1138","beta_trend",6083,1132,0,0.872835371657899
"1139","beta_trend",6083,1133,0,0.8728437541545
"1140","beta_trend",6083,1134,0,0.872845864829003
"1141","beta_trend",6083,1135,0,0.872841511463368
"1142","beta_trend",6083,1136,0,0.87283050778117
"1143","beta_trend",6083,1137,0,0.872810054852584
"1144","beta_trend",6083,1138,0,0.872785095361473
"1145","beta_trend",6083,1139,0,0.872752958254126
"1146","beta_trend",6083,1140,0,0.872713481909389
"1147","beta_trend",6083,1141,0,0.872666511167392
"1148","beta_trend",6083,1142,0,0.872611897420676
"1149","beta_trend",6083,1143,0,0.872549498700421
"1150","beta_trend",6083,1144,0,0.872479179757736
"1151","beta_trend",6083,1145,0,0.872400812139936
"1152","beta_trend",6083,1146,0,0.872314274261742
"1153","beta_trend",6083,1147,0,0.872219451471377
"1154","beta_trend",6083,1148,0,0.872116236111475
"1155","beta_trend",6083,1149,0,0.872004527574795
"1156","beta_trend",6083,1150,0,0.871884232354665
"1157","beta_trend",6083,1151,0,0.87175526409015
"1158","beta_trend",6083,1152,0,0.871617543605889
"1159","beta_trend",6083,1153,0,0.87147099894659
"1160","beta_trend",6083,1154,0,0.871315565406149
"1161","beta_trend",6083,1155,0,0.871151185551383
"1162","beta_trend",6083,1156,0,0.87097780924035
"1163","beta_trend",6083,1157,0,0.870795393635266
"1164","beta_trend",6083,1158,0,0.870603903209991
"1165","beta_trend",6083,1159,0,0.870403309752102
"1166","beta_trend",6083,1160,0,0.870193592359539
"1167","beta_trend",6083,1161,0,0.869974737431855
"1168","beta_trend",6083,1162,0,0.869746738656052
"1169","beta_trend",6083,1163,0,0.869509596987051
"1170","beta_trend",6083,1164,0,0.869263320622792
"1171","beta_trend",6083,1165,0,0.869007924974005
"1172","beta_trend",6083,1166,0,0.868743432628679
"1173","beta_trend",6083,1167,0,0.868469873311256
"1174","beta_trend",6083,1168,0,0.868187283836599
"1175","beta_trend",6083,1169,0,0.867895708058773
"1176","beta_trend",6083,1170,0,0.867595196814684
"1177","beta_trend",6083,1171,0,0.867285807862631
"1178","beta_trend",6083,1172,0,0.866967605815826
"1179","beta_trend",6083,1173,0,0.866640662070941
"1180","beta_trend",6083,1174,0,0.86630505473175
"1181","beta_trend",6083,1175,0,0.865960868527929
"1182","beta_trend",6083,1176,0,0.865608194729089
"1183","beta_trend",6083,1177,0,0.86524713105412
"1184","beta_trend",6083,1178,0,0.864877781575921
"1185","beta_trend",6083,1179,0,0.864500256621605
"1186","beta_trend",6083,1180,0,0.864114672668267
"1187","beta_trend",6083,1181,0,0.86372794589595
"1188","beta_trend",6083,1182,0,0.863326316392711
"1189","beta_trend",6083,1183,0,0.862917025766862
"1190","beta_trend",6083,1184,0,0.862500213468014
"1191","beta_trend",6083,1185,0,0.862076024529576
"1192","beta_trend",6083,1186,0,0.861644609439311
"1193","beta_trend",6083,1187,0,0.861206124006193
"1194","beta_trend",6083,1188,0,0.86076072922365
"1195","beta_trend",6083,1189,0,0.860308591129333
"1196","beta_trend",6083,1190,0,0.859849880661527
"1197","beta_trend",6083,1191,0,0.859384773512315
"1198","beta_trend",6083,1192,0,0.858913449977626
"1199","beta_trend",6083,1193,0,0.858436094804302
"1200","beta_trend",6083,1194,0,0.8579528970343
"1201","beta_trend",6083,1195,0,0.857464049846165
"1202","beta_trend",6083,1196,0,0.856969750393918
"1203","beta_trend",6083,1197,0,0.856470199643474
"1204","beta_trend",6083,1198,0,0.855965602206749
"1205","beta_trend",6083,1199,0,0.855456166173581
"1206","beta_trend",6083,1200,0,0.854942102941609
"1207","beta_trend",6083,1201,0,0.854423627044258
"1208","beta_trend",6083,1202,0,0.853900955976961
"1209","beta_trend",6083,1203,0,0.853374310021778
"1210","beta_trend",6083,1204,0,0.852843912070544
"1211","beta_trend",6083,1205,0,0.852309987446701
"1212","beta_trend",6083,1206,0,0.851772763725957
"1213","beta_trend",6083,1207,0,0.851232470555923
"1214","beta_trend",6083,1208,0,0.850689339474874
"1215","beta_trend",6083,1209,0,0.850143603729779
"1216","beta_trend",6083,1210,0,0.849595498093763
"1217","beta_trend",6083,1211,0,0.84904525868313
"1218","beta_trend",6083,1212,0,0.848493122774116
"1219","beta_trend",6083,1213,0,0.847939328619497
"1220","beta_trend",6083,1214,0,0.847384115265234
"1221","beta_trend",6083,1215,0,0.846827722367263
"1222","beta_trend",6083,1216,0,0.846270390008611
"1223","beta_trend",6083,1217,0,0.845712358516968
"1224","beta_trend",6083,1218,0,0.84515386828286
"1225","beta_trend",6083,1219,0,0.844595159578578
"1226","beta_trend",6083,1220,0,0.84403647237799
"1227","beta_trend",6083,1221,0,0.843478046177403
"1228","beta_trend",6083,1222,0,0.842920119817586
"1229","beta_trend",6083,1223,0,0.84236293130712
"1230","beta_trend",6083,1224,0,0.841806717647196
"1231","beta_trend",6083,1225,0,0.841251714658
"1232","beta_trend",6083,1226,0,0.840698156806832
"1233","beta_trend",6083,1227,0,0.840146277038067
"1234","beta_trend",6083,1228,0,0.839596306605108
"1235","beta_trend",6083,1229,0,0.839048474904458
"1236","beta_trend",6083,1230,0,0.838503009312018
"1237","beta_trend",6083,1231,0,0.837960135021757
"1238","beta_trend",6083,1232,0,0.83742007488686
"1239","beta_trend",6083,1233,0,0.836883049263477
"1240","beta_trend",6083,1234,0,0.836347457888757
"1241","beta_trend",6083,1235,0,0.835817067924012
"1242","beta_trend",6083,1236,0,0.835290353404413
"1243","beta_trend",6083,1237,0,0.834767523044454
"1244","beta_trend",6083,1238,0,0.834248782317805
"1245","beta_trend",6083,1239,0,0.833734333318781
"1246","beta_trend",6083,1240,0,0.83322437462717
"1247","beta_trend",6083,1241,0,0.83271910117647
"1248","beta_trend",6083,1242,0,0.832218704125661
"1249","beta_trend",6083,1243,0,0.831723370734574
"1250","beta_trend",6083,1244,0,0.831233284242953
"1251","beta_trend",6083,1245,0,0.830748623753287
"1252","beta_trend",6083,1246,0,0.830269564117478
"1253","beta_trend",6083,1247,0,0.829796275827436
"1254","beta_trend",6083,1248,0,0.829328924909641
"1255","beta_trend",6083,1249,0,0.828867672823772
"1256","beta_trend",6083,1250,0,0.828412676365424
"1257","beta_trend",6083,1251,0,0.827964087573004
"1258","beta_trend",6083,1252,0,0.827522053638833
"1259","beta_trend",6083,1253,0,0.827086716824523
"1260","beta_trend",6083,1254,0,0.826658214380651
"1261","beta_trend",6083,1255,0,0.826236678470795
"1262","beta_trend",6083,1256,0,0.825822236099951
"1263","beta_trend",6083,1257,0,0.825415009047366
"1264","beta_trend",6083,1258,0,0.825015113803826
"1265","beta_trend",6083,1259,0,0.824622661513412
"1266","beta_trend",6083,1260,0,0.824237757919743
"1267","beta_trend",6083,1261,0,0.823860503316743
"1268","beta_trend",6083,1262,0,0.82349099250391
"1269","beta_trend",6083,1263,0,0.823129314746129
"1270","beta_trend",6083,1264,0,0.822775553738015
"1271","beta_trend",6083,1265,0,0.822429787572786
"1272","beta_trend",6083,1266,0,0.82209208871567
"1273","beta_trend",6083,1267,0,0.821762523981838
"1274","beta_trend",6083,1268,0,0.821441154518843
"1275","beta_trend",6083,1269,0,0.82112803579356
"1276","beta_trend",6083,1270,0,0.820823217583603
"1277","beta_trend",6083,1271,0,0.820526743973192
"1278","beta_trend",6083,1272,0,0.820238653353457
"1279","beta_trend",6083,1273,0,0.819958978427132
"1280","beta_trend",6083,1274,0,0.819687746217613
"1281","beta_trend",6083,1275,0,0.819424978082355
"1282","beta_trend",6083,1276,0,0.819170689730534
"1283","beta_trend",6083,1277,0,0.818907909134436
"1284","beta_trend",6083,1278,0,0.818671356555505
"1285","beta_trend",6083,1279,0,0.818443265694721
"1286","beta_trend",6083,1280,0,0.818223631172395
"1287","beta_trend",6083,1281,0,0.818012442066163
"1288","beta_trend",6083,1282,0,0.817809681954824
"1289","beta_trend",6083,1283,0,0.817615328966042
"1290","beta_trend",6083,1284,0,0.817429355827851
"1291","beta_trend",6083,1285,0,0.817251729923877
"1292","beta_trend",6083,1286,0,0.817082413352235
"1293","beta_trend",6083,1287,0,0.816921362987995
"1294","beta_trend",6083,1288,0,0.816768530549164
"1295","beta_trend",6083,1289,0,0.816623862666098
"1296","beta_trend",6083,1290,0,0.816487300954256
"1297","beta_trend",6083,1291,0,0.816358782090221
"1298","beta_trend",6083,1292,0,0.816238237890899
"1299","beta_trend",6083,1293,0,0.816125595395808
"1300","beta_trend",6083,1294,0,0.816020776952365
"1301","beta_trend",6083,1295,0,0.81592370030408
"1302","beta_trend",6083,1296,0,0.815834278681572
"1303","beta_trend",6083,1297,0,0.815752420896289
"1304","beta_trend",6083,1298,0,0.815678031436863
"1305","beta_trend",6083,1299,0,0.815611010567979
"1306","beta_trend",6083,1300,0,0.815551254431673
"1307","beta_trend",6083,1301,0,0.815498655150945
"1308","beta_trend",6083,1302,0,0.815453100935595
"1309","beta_trend",6083,1303,0,0.815414476190171
"1310","beta_trend",6083,1304,0,0.815382661623935
"1311","beta_trend",6083,1305,0,0.815357534362721
"1312","beta_trend",6083,1306,0,0.815338968062609
"1313","beta_trend",6083,1307,0,0.815326833025274
"1314","beta_trend",6083,1308,0,0.815320996314933
"1315","beta_trend",6083,1309,0,0.815321321876763
"1316","beta_trend",6083,1310,0,0.815327670656689
"1317","beta_trend",6083,1311,0,0.81533990072243
"1318","beta_trend",6083,1312,0,0.815357867385705
"1319","beta_trend",6083,1313,0,0.815381423325473
"1320","beta_trend",6083,1314,0,0.815410418712114
"1321","beta_trend",6083,1315,0,0.815444701332432
"1322","beta_trend",6083,1316,0,0.815484116715386
"1323","beta_trend",6083,1317,0,0.815528508258422
"1324","beta_trend",6083,1318,0,0.815577717354315
"1325","beta_trend",6083,1319,0,0.815631583518404
"1326","beta_trend",6083,1320,0,0.81568994451613
"1327","beta_trend",6083,1321,0,0.815752636490745
"1328","beta_trend",6083,1322,0,0.815819494091116
"1329","beta_trend",6083,1323,0,0.815890350599503
"1330","beta_trend",6083,1324,0,0.815965038059214
"1331","beta_trend",6083,1325,0,0.816043387402038
"1332","beta_trend",6083,1326,0,0.816125228575352
"1333","beta_trend",6083,1327,0,0.816210390668808
"1334","beta_trend",6083,1328,0,0.816298702040497
"1335","beta_trend",6083,1329,0,0.816389990442499
"1336","beta_trend",6083,1330,0,0.816489709931627
"1337","beta_trend",6083,1331,0,0.816586693188322
"1338","beta_trend",6083,1332,0,0.816686145610927
"1339","beta_trend",6083,1333,0,0.816787894224275
"1340","beta_trend",6083,1334,0,0.816891766079447
"1341","beta_trend",6083,1335,0,0.816997588374277
"1342","beta_trend",6083,1336,0,0.817105188572623
"1343","beta_trend",6083,1337,0,0.817214394522334
"1344","beta_trend",6083,1338,0,0.817325034571837
"1345","beta_trend",6083,1339,0,0.817436937685256
"1346","beta_trend",6083,1340,0,0.817549933555994
"1347","beta_trend",6083,1341,0,0.817663852718712
"1348","beta_trend",6083,1342,0,0.817778526659615
"1349","beta_trend",6083,1343,0,0.817893787924998
"1350","beta_trend",6083,1344,0,0.818009470227973
"1351","beta_trend",6083,1345,0,0.818125408553315
"1352","beta_trend",6083,1346,0,0.818241439260367
"1353","beta_trend",6083,1347,0,0.818357400183945
"1354","beta_trend",6083,1348,0,0.81847313073319
"1355","beta_trend",6083,1349,0,0.818588471988303
"1356","beta_trend",6083,1350,0,0.81870326679512
"1357","beta_trend",6083,1351,0,0.818817359857474
"1358","beta_trend",6083,1352,0,0.818930597827301
"1359","beta_trend",6083,1353,0,0.819042829392441
"1360","beta_trend",6083,1354,0,0.819153905362092
"1361","beta_trend",6083,1355,0,0.819263678749889
"1362","beta_trend",6083,1356,0,0.819372004854552
"1363","beta_trend",6083,1357,0,0.819478741338088
"1364","beta_trend",6083,1358,0,0.819583748301506
"1365","beta_trend",6083,1359,0,0.819686888358015
"1366","beta_trend",6083,1360,0,0.819788026703682
"1367","beta_trend",6083,1361,0,0.819887031185533
"1368","beta_trend",6083,1362,0,0.819983772367054
"1369","beta_trend",6083,1363,0,0.820078123591103
"1370","beta_trend",6083,1364,0,0.820169961040191
"1371","beta_trend",6083,1365,0,0.820259163794132
"1372","beta_trend",6083,1366,0,0.820345613885051
"1373","beta_trend",6083,1367,0,0.820429196349731
"1374","beta_trend",6083,1368,0,0.820509799279302
"1375","beta_trend",6083,1369,0,0.820587313866268
"1376","beta_trend",6083,1370,0,0.820661634448864
"1377","beta_trend",6083,1371,0,0.820732658552746
"1378","beta_trend",6083,1372,0,0.82080028693002
"1379","beta_trend",6083,1373,0,0.820864423595618
"1380","beta_trend",6083,1374,0,0.820919674687407
"1381","beta_trend",6083,1375,0,0.820976788066799
"1382","beta_trend",6083,1376,0,0.821030131809918
"1383","beta_trend",6083,1377,0,0.82107962368348
"1384","beta_trend",6083,1378,0,0.821125184845098
"1385","beta_trend",6083,1379,0,0.821166739864407
"1386","beta_trend",6083,1380,0,0.821204216741619
"1387","beta_trend",6083,1381,0,0.821237546923518
"1388","beta_trend",6083,1382,0,0.821266665316931
"1389","beta_trend",6083,1383,0,0.821291510299693
"1390","beta_trend",6083,1384,0,0.821312023729136
"1391","beta_trend",6083,1385,0,0.821328150948139
"1392","beta_trend",6083,1386,0,0.821339840788749
"1393","beta_trend",6083,1387,0,0.821347045573433
"1394","beta_trend",6083,1388,0,0.821349721113971
"1395","beta_trend",6083,1389,0,0.821347826708045
"1396","beta_trend",6083,1390,0,0.821341325133543
"1397","beta_trend",6083,1391,0,0.82133018264063
"1398","beta_trend",6083,1392,0,0.821314368941622
"1399","beta_trend",6083,1393,0,0.821293857198699
"1400","beta_trend",6083,1394,0,0.82126862400951
"1401","beta_trend",6083,1395,0,0.821238649390697
"1402","beta_trend",6083,1396,0,0.821203916759399
"1403","beta_trend",6083,1397,0,0.821164412912773
"1404","beta_trend",6083,1398,0,0.821120128005577
"1405","beta_trend",6083,1399,0,0.821071055525872
"1406","beta_trend",6083,1400,0,0.821017192268871
"1407","beta_trend",6083,1401,0,0.820958538309013
"1408","beta_trend",6083,1402,0,0.820895096970282
"1409","beta_trend",6083,1403,0,0.820826874794846
"1410","beta_trend",6083,1404,0,0.820753881510044
"1411","beta_trend",6083,1405,0,0.820676129993798
"1412","beta_trend",6083,1406,0,0.820593636238474
"1413","beta_trend",6083,1407,0,0.82050641931327
"1414","beta_trend",6083,1408,0,0.820414501325165
"1415","beta_trend",6083,1409,0,0.820317907378492
"1416","beta_trend",6083,1410,0,0.820216665533186
"1417","beta_trend",6083,1411,0,0.820110806761755
"1418","beta_trend",6083,1412,0,0.820000364905038
"1419","beta_trend",6083,1413,0,0.819885376626799
"1420","beta_trend",6083,1414,0,0.819765881367199
"1421","beta_trend",6083,1415,0,0.819641921295223
"1422","beta_trend",6083,1416,0,0.819513541260097
"1423","beta_trend",6083,1417,0,0.819380788741753
"1424","beta_trend",6083,1418,0,0.819243713800396
"1425","beta_trend",6083,1419,0,0.819102369025235
"1426","beta_trend",6083,1420,0,0.81895680948241
"1427","beta_trend",6083,1421,0,0.818807092662187
"1428","beta_trend",6083,1422,0,0.818653278425465
"1429","beta_trend",6083,1423,0,0.818495428949647
"1430","beta_trend",6083,1424,0,0.818333608673923
"1431","beta_trend",6083,1425,0,0.818167884244024
"1432","beta_trend",6083,1426,0,0.817998324456491
"1433","beta_trend",6083,1427,0,0.817805952249144
"1434","beta_trend",6083,1428,0,0.817628059588745
"1435","beta_trend",6083,1429,0,0.817446512242843
"1436","beta_trend",6083,1430,0,0.817261385505578
"1437","beta_trend",6083,1431,0,0.817072756480501
"1438","beta_trend",6083,1432,0,0.816880704021068
"1439","beta_trend",6083,1433,0,0.816685308670915
"1440","beta_trend",6083,1434,0,0.816486652603981
"1441","beta_trend",6083,1435,0,0.816284819564509
"1442","beta_trend",6083,1436,0,0.816079894806964
"1443","beta_trend",6083,1437,0,0.815871965035926
"1444","beta_trend",6083,1438,0,0.815661118345975
"1445","beta_trend",6083,1439,0,0.815447444161618
"1446","beta_trend",6083,1440,0,0.815231033177304
"1447","beta_trend",6083,1441,0,0.815011977297547
"1448","beta_trend",6083,1442,0,0.814790369577197
"1449","beta_trend",6083,1443,0,0.81456630416191
"1450","beta_trend",6083,1444,0,0.814339876228825
"1451","beta_trend",6083,1445,0,0.814111181927499
"1452","beta_trend",6083,1446,0,0.813880318321129
"1453","beta_trend",6083,1447,0,0.813647383328075
"1454","beta_trend",6083,1448,0,0.813412475663744
"1455","beta_trend",6083,1449,0,0.813175694782832
"1456","beta_trend",6083,1450,0,0.812937140821969
"1457","beta_trend",6083,1451,0,0.812696914542789
"1458","beta_trend",6083,1452,0,0.812455117275446
"1459","beta_trend",6083,1453,0,0.812211850862607
"1460","beta_trend",6083,1454,0,0.811967217603936
"1461","beta_trend",6083,1455,0,0.811721320201098
"1462","beta_trend",6083,1456,0,0.811474261703294
"1463","beta_trend",6083,1457,0,0.811226145453363
"1464","beta_trend",6083,1458,0,0.810977075034443
"1465","beta_trend",6083,1459,0,0.810727154217238
"1466","beta_trend",6083,1460,0,0.810476486907878
"1467","beta_trend",6083,1461,0,0.81022517709641
"1468","beta_trend",6083,1462,0,0.809973328805921
"1469","beta_trend",6083,1463,0,0.809721046042308
"1470","beta_trend",6083,1464,0,0.809468432744703
"1471","beta_trend",6083,1465,0,0.809215592736577
"1472","beta_trend",6083,1466,0,0.808962629677514
"1473","beta_trend",6083,1467,0,0.808709647015675
"1474","beta_trend",6083,1468,0,0.808456747940957
"1475","beta_trend",6083,1469,0,0.808204035338851
"1476","beta_trend",6083,1470,0,0.807959303692837
"1477","beta_trend",6083,1471,0,0.80770693087339
"1478","beta_trend",6083,1472,0,0.807455065189698
"1479","beta_trend",6083,1473,0,0.807203807299431
"1480","beta_trend",6083,1474,0,0.806953257356359
"1481","beta_trend",6083,1475,0,0.806703514967819
"1482","beta_trend",6083,1476,0,0.806454679152915
"1483","beta_trend",6083,1477,0,0.806206848301459
"1484","beta_trend",6083,1478,0,0.805960120133648
"1485","beta_trend",6083,1479,0,0.80571459166047
"1486","beta_trend",6083,1480,0,0.805470359144836
"1487","beta_trend",6083,1481,0,0.805227518063444
"1488","beta_trend",6083,1482,0,0.804986163069354
"1489","beta_trend",6083,1483,0,0.804746387955281
"1490","beta_trend",6083,1484,0,0.804508285617593
"1491","beta_trend",6083,1485,0,0.804271948021008
"1492","beta_trend",6083,1486,0,0.804037466163985
"1493","beta_trend",6083,1487,0,0.803804930044798
"1494","beta_trend",6083,1488,0,0.803574428628287
"1495","beta_trend",6083,1489,0,0.803346049813273
"1496","beta_trend",6083,1490,0,0.803119880400631
"1497","beta_trend",6083,1491,0,0.802896006062013
"1498","beta_trend",6083,1492,0,0.802674511309198
"1499","beta_trend",6083,1493,0,0.80245547946408
"1500","beta_trend",6083,1494,0,0.802238992629258
"1501","beta_trend",6083,1495,0,0.802025131659239
"1502","beta_trend",6083,1496,0,0.801813976132227
"1503","beta_trend",6083,1497,0,0.801605604322487
"1504","beta_trend",6083,1498,0,0.801400093173288
"1505","beta_trend",6083,1499,0,0.801197518270385
"1506","beta_trend",6083,1500,0,0.800997953816057
"1507","beta_trend",6083,1501,0,0.800801472603662
"1508","beta_trend",6083,1502,0,0.800608145992716
"1509","beta_trend",6083,1503,0,0.800418043884474
"1510","beta_trend",6083,1504,0,0.800231234697998
"1511","beta_trend",6083,1505,0,0.800047785346705
"1512","beta_trend",6083,1506,0,0.799867761215378
"1513","beta_trend",6083,1507,0,0.799691226137632
"1514","beta_trend",6083,1508,0,0.799518242373812
"1515","beta_trend",6083,1509,0,0.799348870589324
"1516","beta_trend",6083,1510,0,0.799183169833375
"1517","beta_trend",6083,1511,0,0.799021197518116
"1518","beta_trend",6083,1512,0,0.798863009398173
"1519","beta_trend",6083,1513,0,0.798708659550551
"1520","beta_trend",6083,1514,0,0.798558200354914
"1521","beta_trend",6083,1515,0,0.798411682474202
"1522","beta_trend",6083,1516,0,0.798269154835607
"1523","beta_trend",6083,1517,0,0.798130664611867
"1524","beta_trend",6083,1518,0,0.797996257202889
"1525","beta_trend",6083,1519,0,0.797865976217678
"1526","beta_trend",6083,1520,0,0.797739863456566
"1527","beta_trend",6083,1521,0,0.797617958893741
"1528","beta_trend",6083,1522,0,0.797500300660045
"1529","beta_trend",6083,1523,0,0.797388749373144
"1530","beta_trend",6083,1524,0,0.797279774826708
"1531","beta_trend",6083,1525,0,0.797175153429284
"1532","beta_trend",6083,1526,0,0.797074915919937
"1533","beta_trend",6083,1527,0,0.796979091117875
"1534","beta_trend",6083,1528,0,0.796887705906974
"1535","beta_trend",6083,1529,0,0.796800785220534
"1536","beta_trend",6083,1530,0,0.796718352026269
"1537","beta_trend",6083,1531,0,0.796640427311533
"1538","beta_trend",6083,1532,0,0.796567030068766
"1539","beta_trend",6083,1533,0,0.796498177281164
"1540","beta_trend",6083,1534,0,0.796433883908573
"1541","beta_trend",6083,1535,0,0.796374162873602
"1542","beta_trend",6083,1536,0,0.796319025047948
"1543","beta_trend",6083,1537,0,0.796268479238953
"1544","beta_trend",6083,1538,0,0.796222532176363
"1545","beta_trend",6083,1539,0,0.796181188499322
"1546","beta_trend",6083,1540,0,0.796144450743577
"1547","beta_trend",6083,1541,0,0.796112319328914
"1548","beta_trend",6083,1542,0,0.796084792546818
"1549","beta_trend",6083,1543,0,0.796061866548363
"1550","beta_trend",6083,1544,0,0.796043535332344
"1551","beta_trend",6083,1545,0,0.796029790733646
"1552","beta_trend",6083,1546,0,0.796020622411859
"1553","beta_trend",6083,1547,0,0.796016017840153
"1554","beta_trend",6083,1548,0,0.79601596229441
"1555","beta_trend",6083,1549,0,0.796020438842625
"1556","beta_trend",6083,1550,0,0.796029428334598
"1557","beta_trend",6083,1551,0,0.796042909391894
"1558","beta_trend",6083,1552,0,0.796060858398123
"1559","beta_trend",6083,1553,0,0.796083249489517
"1560","beta_trend",6083,1554,0,0.796110054545834
"1561","beta_trend",6083,1555,0,0.796141243181598
"1562","beta_trend",6083,1556,0,0.79617678273768
"1563","beta_trend",6083,1557,0,0.79621663827325
"1564","beta_trend",6083,1558,0,0.796260772558096
"1565","beta_trend",6083,1559,0,0.79630914606534
"1566","beta_trend",6083,1560,0,0.796361716964561
"1567","beta_trend",6083,1561,0,0.796418441115334
"1568","beta_trend",6083,1562,0,0.796479272061217
"1569","beta_trend",6083,1563,0,0.796544161024196
"1570","beta_trend",6083,1564,0,0.796613056899598
"1571","beta_trend",6083,1565,0,0.796685906251507
"1572","beta_trend",6083,1566,0,0.796762653308689
"1573","beta_trend",6083,1567,0,0.796830800625904
"1574","beta_trend",6083,1568,0,0.7969157174991
"1575","beta_trend",6083,1569,0,0.797004327563958
"1576","beta_trend",6083,1570,0,0.797096566592172
"1577","beta_trend",6083,1571,0,0.797192367974756
"1578","beta_trend",6083,1572,0,0.797291662722594
"1579","beta_trend",6083,1573,0,0.797394379467617
"1580","beta_trend",6083,1574,0,0.797500444464632
"1581","beta_trend",6083,1575,0,0.797609781593833
"1582","beta_trend",6083,1576,0,0.797722312364013
"1583","beta_trend",6083,1577,0,0.797837955916492
"1584","beta_trend",6083,1578,0,0.797956629029813
"1585","beta_trend",6083,1579,0,0.798078246125196
"1586","beta_trend",6083,1580,0,0.798202719272804
"1587","beta_trend",6083,1581,0,0.79832995819883
"1588","beta_trend",6083,1582,0,0.798459870293432
"1589","beta_trend",6083,1583,0,0.79859236061955
"1590","beta_trend",6083,1584,0,0.798727331922622
"1591","beta_trend",6083,1585,0,0.798864684641222
"1592","beta_trend",6083,1586,0,0.799004316918657
"1593","beta_trend",6083,1587,0,0.799146124615537
"1594","beta_trend",6083,1588,0,0.799290001323351
"1595","beta_trend",6083,1589,0,0.799435838379066
"1596","beta_trend",6083,1590,0,0.799583524880783
"1597","beta_trend",6083,1591,0,0.799732947704468
"1598","beta_trend",6083,1592,0,0.799883991521786
"1599","beta_trend",6083,1593,0,0.800036538819059
"1600","beta_trend",6083,1594,0,0.800190469917373
"1601","beta_trend",6083,1595,0,0.800345662993864
"1602","beta_trend",6083,1596,0,0.800501994104197
"1603","beta_trend",6083,1597,0,0.800659337206258
"1604","beta_trend",6083,1598,0,0.800817564185098
"1605","beta_trend",6083,1599,0,0.800976544879134
"1606","beta_trend",6083,1600,0,0.801136147107634
"1607","beta_trend",6083,1601,0,0.801296236699509
"1608","beta_trend",6083,1602,0,0.801456677523426
"1609","beta_trend",6083,1603,0,0.801617331519272
"1610","beta_trend",6083,1604,0,0.801778058730971
"1611","beta_trend",6083,1605,0,0.801938717340688
"1612","beta_trend",6083,1606,0,0.80209916370443
"1613","beta_trend",6083,1607,0,0.802259252389056
"1614","beta_trend",6083,1608,0,0.802418836210719
"1615","beta_trend",6083,1609,0,0.802577766274752
"1616","beta_trend",6083,1610,0,0.802735892017009
"1617","beta_trend",6083,1611,0,0.802893061246675
"1618","beta_trend",6083,1612,0,0.803049120190558
"1619","beta_trend",6083,1613,0,0.803203913538871
"1620","beta_trend",6083,1614,0,0.803357284492514
"1621","beta_trend",6083,1615,0,0.803509074811869
"1622","beta_trend",6083,1616,0,0.803659124867102
"1623","beta_trend",6083,1617,0,0.803807273689998
"1624","beta_trend",6083,1618,0,0.803953359027312
"1625","beta_trend",6083,1619,0,0.804097217395654
"1626","beta_trend",6083,1620,0,0.804232266378708
"1627","beta_trend",6083,1621,0,0.80437088024615
"1628","beta_trend",6083,1622,0,0.804506757059153
"1629","beta_trend",6083,1623,0,0.804639728474042
"1630","beta_trend",6083,1624,0,0.804769625195113
"1631","beta_trend",6083,1625,0,0.804896277038059
"1632","beta_trend",6083,1626,0,0.80501951299488
"1633","beta_trend",6083,1627,0,0.805139161300299
"1634","beta_trend",6083,1628,0,0.80525504949964
"1635","beta_trend",6083,1629,0,0.805367004518193
"1636","beta_trend",6083,1630,0,0.805474852732017
"1637","beta_trend",6083,1631,0,0.805578420040199
"1638","beta_trend",6083,1632,0,0.805677531938528
"1639","beta_trend",6083,1633,0,0.805772013594588
"1640","beta_trend",6083,1634,0,0.805861689924224
"1641","beta_trend",6083,1635,0,0.805946385669395
"1642","beta_trend",6083,1636,0,0.806025925477355
"1643","beta_trend",6083,1637,0,0.80610013398117
"1644","beta_trend",6083,1638,0,0.806168835881518
"1645","beta_trend",6083,1639,0,0.806231856029768
"1646","beta_trend",6083,1640,0,0.806289019512291
"1647","beta_trend",6083,1641,0,0.806340151735979
"1648","beta_trend",6083,1642,0,0.806385078514947
"1649","beta_trend",6083,1643,0,0.806423626158365
"1650","beta_trend",6083,1644,0,0.806455621559405
"1651","beta_trend",6083,1645,0,0.80648089228525
"1652","beta_trend",6083,1646,0,0.806499266668132
"1653","beta_trend",6083,1647,0,0.806510573897364
"1654","beta_trend",6083,1648,0,0.806514644112301
"1655","beta_trend",6083,1649,0,0.806511308496223
"1656","beta_trend",6083,1650,0,0.80650039937105
"1657","beta_trend",6083,1651,0,0.80648175029288
"1658","beta_trend",6083,1652,0,0.806455196148277
"1659","beta_trend",6083,1653,0,0.806420573251267
"1660","beta_trend",6083,1654,0,0.806377719440989
"1661","beta_trend",6083,1655,0,0.806326474179946
"1662","beta_trend",6083,1656,0,0.806266678652799
"1663","beta_trend",6083,1657,0,0.806198175865649
"1664","beta_trend",6083,1658,0,0.806120810745754
"1665","beta_trend",6083,1659,0,0.806034430241607
"1666","beta_trend",6083,1660,0,0.805938883423327
"1667","beta_trend",6083,1661,0,0.805834021583297
"1668","beta_trend",6083,1662,0,0.805719698336977
"1669","beta_trend",6083,1663,0,0.805605032950947
"1670","beta_trend",6083,1664,0,0.805470947676799
"1671","beta_trend",6083,1665,0,0.805326993988336
"1672","beta_trend",6083,1666,0,0.805173035125107
"1673","beta_trend",6083,1667,0,0.805008937178949
"1674","beta_trend",6083,1668,0,0.80483456919366
"1675","beta_trend",6083,1669,0,0.804649803264399
"1676","beta_trend",6083,1670,0,0.804454514636733
"1677","beta_trend",6083,1671,0,0.804248581805261
"1678","beta_trend",6083,1672,0,0.804031886611733
"1679","beta_trend",6083,1673,0,0.803804314342599
"1680","beta_trend",6083,1674,0,0.803565753825899
"1681","beta_trend",6083,1675,0,0.803316097527421
"1682","beta_trend",6083,1676,0,0.803055241646054
"1683","beta_trend",6083,1677,0,0.802783086208252
"1684","beta_trend",6083,1678,0,0.802499535161522
"1685","beta_trend",6083,1679,0,0.802204496466879
"1686","beta_trend",6083,1680,0,0.80189788219016
"1687","beta_trend",6083,1681,0,0.801579608592139
"1688","beta_trend",6083,1682,0,0.801249596217352
"1689","beta_trend",6083,1683,0,0.800907769981552
"1690","beta_trend",6083,1684,0,0.800554059257714
"1691","beta_trend",6083,1685,0,0.800188397960515
"1692","beta_trend",6083,1686,0,0.799810724629197
"1693","beta_trend",6083,1687,0,0.799420982508743
"1694","beta_trend",6083,1688,0,0.799019119629282
"1695","beta_trend",6083,1689,0,0.798605088883642
"1696","beta_trend",6083,1690,0,0.798178848102973
"1697","beta_trend",6083,1691,0,0.79774036013036
"1698","beta_trend",6083,1692,0,0.797289592892352
"1699","beta_trend",6083,1693,0,0.796826519468321
"1700","beta_trend",6083,1694,0,0.796351118157582
"1701","beta_trend",6083,1695,0,0.795863372544196
"1702","beta_trend",6083,1696,0,0.795363271559375
"1703","beta_trend",6083,1697,0,0.794850809541422
"1704","beta_trend",6083,1698,0,0.794325986293129
"1705","beta_trend",6083,1699,0,0.793788807136565
"1706","beta_trend",6083,1700,0,0.793239282965174
"1707","beta_trend",6083,1701,0,0.792677430293126
"1708","beta_trend",6083,1702,0,0.792103271301838
"1709","beta_trend",6083,1703,0,0.791516833883618
"1710","beta_trend",6083,1704,0,0.790918151682342
"1711","beta_trend",6083,1705,0,0.790307264131122
"1712","beta_trend",6083,1706,0,0.789684216486897
"1713","beta_trend",6083,1707,0,0.789049059861875
"1714","beta_trend",6083,1708,0,0.788401851251787
"1715","beta_trend",6083,1709,0,0.78774265356088
"1716","beta_trend",6083,1710,0,0.787071535623611
"1717","beta_trend",6083,1711,0,0.786388572222968
"1718","beta_trend",6083,1712,0,0.785693844105393
"1719","beta_trend",6083,1713,0,0.78498743799224
"1720","beta_trend",6083,1714,0,0.784269446587728
"1721","beta_trend",6083,1715,0,0.783539968583356
"1722","beta_trend",6083,1716,0,0.782785287335761
"1723","beta_trend",6083,1717,0,0.782032518978711
"1724","beta_trend",6083,1718,0,0.781268568310202
"1725","beta_trend",6083,1719,0,0.78049355681946
"1726","beta_trend",6083,1720,0,0.7797076119087
"1727","beta_trend",6083,1721,0,0.778910866874105
"1728","beta_trend",6083,1722,0,0.778103460882976
"1729","beta_trend",6083,1723,0,0.777285538947055
"1730","beta_trend",6083,1724,0,0.776457251891976
"1731","beta_trend",6083,1725,0,0.775618756322853
"1732","beta_trend",6083,1726,0,0.774770214585966
"1733","beta_trend",6083,1727,0,0.77391179472655
"1734","beta_trend",6083,1728,0,0.773043670442678
"1735","beta_trend",6083,1729,0,0.772166021035224
"1736","beta_trend",6083,1730,0,0.771279031353914
"1737","beta_trend",6083,1731,0,0.770382891739459
"1738","beta_trend",6083,1732,0,0.769477797961784
"1739","beta_trend",6083,1733,0,0.76856395115435
"1740","beta_trend",6083,1734,0,0.767641557744585
"1741","beta_trend",6083,1735,0,0.766710829380442
"1742","beta_trend",6083,1736,0,0.765771982853098
"1743","beta_trend",6083,1737,0,0.764825240015812
"1744","beta_trend",6083,1738,0,0.763870827698972
"1745","beta_trend",6083,1739,0,0.762908977621359
"1746","beta_trend",6083,1740,0,0.761939926297649
"1747","beta_trend",6083,1741,0,0.760963914942202
"1748","beta_trend",6083,1742,0,0.759981189369161
"1749","beta_trend",6083,1743,0,0.758991999888919
"1750","beta_trend",6083,1744,0,0.757996601200976
"1751","beta_trend",6083,1745,0,0.756995252283254
"1752","beta_trend",6083,1746,0,0.755988216277911
"1753","beta_trend",6083,1747,0,0.754975760373707
"1754","beta_trend",6083,1748,0,0.753958155684982
"1755","beta_trend",6083,1749,0,0.752935677127313
"1756","beta_trend",6083,1750,0,0.751908603289896
"1757","beta_trend",6083,1751,0,0.750877216304737
"1758","beta_trend",6083,1752,0,0.749841801712718
"1759","beta_trend",6083,1753,0,0.748802648326602
"1760","beta_trend",6083,1754,0,0.747760048091065
"1761","beta_trend",6083,1755,0,0.746714295939826
"1762","beta_trend",6083,1756,0,0.745665689649962
"1763","beta_trend",6083,1757,0,0.744614529693484
"1764","beta_trend",6083,1758,0,0.743561119086278
"1765","beta_trend",6083,1759,0,0.742505763234483
"1766","beta_trend",6083,1760,0,0.74144489943077
"1767","beta_trend",6083,1761,0,0.740386749528037
"1768","beta_trend",6083,1762,0,0.739327576165331
"1769","beta_trend",6083,1763,0,0.738267693010093
"1770","beta_trend",6083,1764,0,0.737207415306559
"1771","beta_trend",6083,1765,0,0.736147059709211
"1772","beta_trend",6083,1766,0,0.735086944114347
"1773","beta_trend",6083,1767,0,0.734027387489922
"1774","beta_trend",6083,1768,0,0.732968709703739
"1775","beta_trend",6083,1769,0,0.731911231350115
"1776","beta_trend",6083,1770,0,0.730855273575153
"1777","beta_trend",6083,1771,0,0.72980115790071
"1778","beta_trend",6083,1772,0,0.728749206047204
"1779","beta_trend",6083,1773,0,0.727699739755368
"1780","beta_trend",6083,1774,0,0.726653080607089
"1781","beta_trend",6083,1775,0,0.725609549845431
"1782","beta_trend",6083,1776,0,0.724569468193992
"1783","beta_trend",6083,1777,0,0.723533155675713
"1784","beta_trend",6083,1778,0,0.722500931431264
"1785","beta_trend",6083,1779,0,0.721473113537135
"1786","beta_trend",6083,1780,0,0.720450018823572
"1787","beta_trend",6083,1781,0,0.719431962692476
"1788","beta_trend",6083,1782,0,0.718419258935404
"1789","beta_trend",6083,1783,0,0.717412219551803
"1790","beta_trend",6083,1784,0,0.716411154567603
"1791","beta_trend",6083,1785,0,0.71541637185431
"1792","beta_trend",6083,1786,0,0.714428176948728
"1793","beta_trend",6083,1787,0,0.713446872873442
"1794","beta_trend",6083,1788,0,0.712472759958191
"1795","beta_trend",6083,1789,0,0.711506135662275
"1796","beta_trend",6083,1790,0,0.710547294398115
"1797","beta_trend",6083,1791,0,0.709596527356107
"1798","beta_trend",6083,1792,0,0.708654122330898
"1799","beta_trend",6083,1793,0,0.707720363549212
"1800","beta_trend",6083,1794,0,0.706795531499361
"1801","beta_trend",6083,1795,0,0.705879902762569
"1802","beta_trend",6083,1796,0,0.704973749846232
"1803","beta_trend",6083,1797,0,0.704077341019249
"1804","beta_trend",6083,1798,0,0.703190940149539
"1805","beta_trend",6083,1799,0,0.702314806543882
"1806","beta_trend",6083,1800,0,0.701449194790194
"1807","beta_trend",6083,1801,0,0.700594354602366
"1808","beta_trend",6083,1802,0,0.699750530667778
"1809","beta_trend",6083,1803,0,0.698917962497623
"1810","beta_trend",6083,1804,0,0.698096884280128
"1811","beta_trend",6083,1805,0,0.697287524736818
"1812","beta_trend",6083,1806,0,0.696490106981909
"1813","beta_trend",6083,1807,0,0.695704848384958
"1814","beta_trend",6083,1808,0,0.694931960436864
"1815","beta_trend",6083,1809,0,0.69417164861933
"1816","beta_trend",6083,1810,0,0.693424112277891
"1817","beta_trend",6083,1811,0,0.692689544498604
"1818","beta_trend",6083,1812,0,0.691968131988496
"1819","beta_trend",6083,1813,0,0.691256983912375
"1820","beta_trend",6083,1814,0,0.690562274562018
"1821","beta_trend",6083,1815,0,0.689881235051346
"1822","beta_trend",6083,1816,0,0.68921402520562
"1823","beta_trend",6083,1817,0,0.688560797923666
"1824","beta_trend",6083,1818,0,0.687921699082441
"1825","beta_trend",6083,1819,0,0.687296867445951
"1826","beta_trend",6083,1820,0,0.686686434578582
"1827","beta_trend",6083,1821,0,0.686090524762923
"1828","beta_trend",6083,1822,0,0.685509254922127
"1829","beta_trend",6083,1823,0,0.684942734546899
"1830","beta_trend",6083,1824,0,0.684391065627144
"1831","beta_trend",6083,1825,0,0.68385434258834
"1832","beta_trend",6083,1826,0,0.683332652232693
"1833","beta_trend",6083,1827,0,0.682826073685098
"1834","beta_trend",6083,1828,0,0.682334678343981
"1835","beta_trend",6083,1829,0,0.681858529837029
"1836","beta_trend",6083,1830,0,0.681397683981869
"1837","beta_trend",6083,1831,0,0.680952188751704
"1838","beta_trend",6083,1832,0,0.680522084245961
"1839","beta_trend",6083,1833,0,0.680107402665941
"1840","beta_trend",6083,1834,0,0.679708168295521
"1841","beta_trend",6083,1835,0,0.679324397486904
"1842","beta_trend",6083,1836,0,0.678956098651435
"1843","beta_trend",6083,1837,0,0.678603272255491
"1844","beta_trend",6083,1838,0,0.678265910821446
"1845","beta_trend",6083,1839,0,0.677943998933713
"1846","beta_trend",6083,1840,0,0.67763751324985
"1847","beta_trend",6083,1841,0,0.677346422516738
"1848","beta_trend",6083,1842,0,0.677070687591801
"1849","beta_trend",6083,1843,0,0.676810261469258
"1850","beta_trend",6083,1844,0,0.676565089311391
"1851","beta_trend",6083,1845,0,0.676335108484797
"1852","beta_trend",6083,1846,0,0.676120248601598
"1853","beta_trend",6083,1847,0,0.675920431565581
"1854","beta_trend",6083,1848,0,0.675735571623223
"1855","beta_trend",6083,1849,0,0.675565575419571
"1856","beta_trend",6083,1850,0,0.675410342058922
"1857","beta_trend",6083,1851,0,0.675269763170271
"1858","beta_trend",6083,1852,0,0.67514372297746
"1859","beta_trend",6083,1853,0,0.675032098373981
"1860","beta_trend",6083,1854,0,0.674934759002375
"1861","beta_trend",6083,1855,0,0.674851567338164
"1862","beta_trend",6083,1856,0,0.67478368846402
"1863","beta_trend",6083,1857,0,0.674728293478038
"1864","beta_trend",6083,1858,0,0.674686593960747
"1865","beta_trend",6083,1859,0,0.674658424551453
"1866","beta_trend",6083,1860,0,0.6746436132112
"1867","beta_trend",6083,1861,0,0.674641981332308
"1868","beta_trend",6083,1862,0,0.674653343851915
"1869","beta_trend",6083,1863,0,0.674677509369451
"1870","beta_trend",6083,1864,0,0.674714280267946
"1871","beta_trend",6083,1865,0,0.67476345283908
"1872","beta_trend",6083,1866,0,0.67482481741188
"1873","beta_trend",6083,1867,0,0.674898158484969
"1874","beta_trend",6083,1868,0,0.674983254862265
"1875","beta_trend",6083,1869,0,0.675079879792022
"1876","beta_trend",6083,1870,0,0.675187801109121
"1877","beta_trend",6083,1871,0,0.675306781380491
"1878","beta_trend",6083,1872,0,0.675436578053555
"1879","beta_trend",6083,1873,0,0.675576943607596
"1880","beta_trend",6083,1874,0,0.675727625707921
"1881","beta_trend",6083,1875,0,0.675888367362716
"1882","beta_trend",6083,1876,0,0.67605890708247
"1883","beta_trend",6083,1877,0,0.676238979041855
"1884","beta_trend",6083,1878,0,0.67642831324394
"1885","beta_trend",6083,1879,0,0.67662663568662
"1886","beta_trend",6083,1880,0,0.676833668531139
"1887","beta_trend",6083,1881,0,0.677049130272579
"1888","beta_trend",6083,1882,0,0.677272735912204
"1889","beta_trend",6083,1883,0,0.677504197131517
"1890","beta_trend",6083,1884,0,0.677743222467923
"1891","beta_trend",6083,1885,0,0.677989517491859
"1892","beta_trend",6083,1886,0,0.678242784985268
"1893","beta_trend",6083,1887,0,0.678502725121297
"1894","beta_trend",6083,1888,0,0.678769035645079
"1895","beta_trend",6083,1889,0,0.67904141205549
"1896","beta_trend",6083,1890,0,0.679319547787733
"1897","beta_trend",6083,1891,0,0.679603134396637
"1898","beta_trend",6083,1892,0,0.679891861740544
"1899","beta_trend",6083,1893,0,0.680185418165641
"1900","beta_trend",6083,1894,0,0.680483490690631
"1901","beta_trend",6083,1895,0,0.680785765191611
"1902","beta_trend",6083,1896,0,0.681091926587017
"1903","beta_trend",6083,1897,0,0.681401659022533
"1904","beta_trend",6083,1898,0,0.681714646055832
"1905","beta_trend",6083,1899,0,0.682030570841014
"1906","beta_trend",6083,1900,0,0.682349116312642
"1907","beta_trend",6083,1901,0,0.682669965369234
"1908","beta_trend",6083,1902,0,0.682992801056103
"1909","beta_trend",6083,1903,0,0.683317306747426
"1910","beta_trend",6083,1904,0,0.683643166327416
"1911","beta_trend",6083,1905,0,0.683970064370498
"1912","beta_trend",6083,1906,0,0.684297686320353
"1913","beta_trend",6083,1907,0,0.684625718667736
"1914","beta_trend",6083,1908,0,0.684953849126953
"1915","beta_trend",6083,1909,0,0.685251816436
"1916","beta_trend",6083,1910,0,0.685577831121606
"1917","beta_trend",6083,1911,0,0.685902956105761
"1918","beta_trend",6083,1912,0,0.686226883296209
"1919","beta_trend",6083,1913,0,0.686549306592096
"1920","beta_trend",6083,1914,0,0.686869922047146
"1921","beta_trend",6083,1915,0,0.68718842803069
"1922","beta_trend",6083,1916,0,0.687504525386445
"1923","beta_trend",6083,1917,0,0.687817917588953
"1924","beta_trend",6083,1918,0,0.688128310897591
"1925","beta_trend",6083,1919,0,0.688435414508054
"1926","beta_trend",6083,1920,0,0.688738940701236
"1927","beta_trend",6083,1921,0,0.689038604989412
"1928","beta_trend",6083,1922,0,0.689334126259651
"1929","beta_trend",6083,1923,0,0.689625226914372
"1930","beta_trend",6083,1924,0,0.689911633008971
"1931","beta_trend",6083,1925,0,0.690193074386448
"1932","beta_trend",6083,1926,0,0.690469284808951
"1933","beta_trend",6083,1927,0,0.690740002086184
"1934","beta_trend",6083,1928,0,0.691004968200606
"1935","beta_trend",6083,1929,0,0.691263929429356
"1936","beta_trend",6083,1930,0,0.691516636462844
"1937","beta_trend",6083,1931,0,0.691762844519962
"1938","beta_trend",6083,1932,0,0.692002313459844
"1939","beta_trend",6083,1933,0,0.692234807890134
"1940","beta_trend",6083,1934,0,0.692460097271716
"1941","beta_trend",6083,1935,0,0.692677956019847
"1942","beta_trend",6083,1936,0,0.692888163601668
"1943","beta_trend",6083,1937,0,0.693090504630035
"1944","beta_trend",6083,1938,0,0.69328476895365
"1945","beta_trend",6083,1939,0,0.693470751743445
"1946","beta_trend",6083,1940,0,0.693648253575191
"1947","beta_trend",6083,1941,0,0.693817080508312
"1948","beta_trend",6083,1942,0,0.693977044160863
"1949","beta_trend",6083,1943,0,0.694127961780666
"1950","beta_trend",6083,1944,0,0.69426965631257
"1951","beta_trend",6083,1945,0,0.694401956461826
"1952","beta_trend",6083,1946,0,0.694524696753563
"1953","beta_trend",6083,1947,0,0.694637717588345
"1954","beta_trend",6083,1948,0,0.694740865293815
"1955","beta_trend",6083,1949,0,0.694833992172405
"1956","beta_trend",6083,1950,0,0.694916956545116
"1957","beta_trend",6083,1951,0,0.694989622791367
"1958","beta_trend",6083,1952,0,0.695051861384916
"1959","beta_trend",6083,1953,0,0.695106025180035
"1960","beta_trend",6083,1954,0,0.695146934746759
"1961","beta_trend",6083,1955,0,0.695177069555683
"1962","beta_trend",6083,1956,0,0.695196324556924
"1963","beta_trend",6083,1957,0,0.695204600922475
"1964","beta_trend",6083,1958,0,0.695201806058504
"1965","beta_trend",6083,1959,0,0.695187853613819
"1966","beta_trend",6083,1960,0,0.695162663484512
"1967","beta_trend",6083,1961,0,0.695126161814802
"1968","beta_trend",6083,1962,0,0.695078280994122
"1969","beta_trend",6083,1963,0,0.695018959650449
"1970","beta_trend",6083,1964,0,0.694948142639935
"1971","beta_trend",6083,1965,0,0.694865781032852
"1972","beta_trend",6083,1966,0,0.694771832095895
"1973","beta_trend",6083,1967,0,0.694666259270872
"1974","beta_trend",6083,1968,0,0.694549032149829
"1975","beta_trend",6083,1969,0,0.69442012644664
"1976","beta_trend",6083,1970,0,0.694279523965107
"1977","beta_trend",6083,1971,0,0.694127212563615
"1978","beta_trend",6083,1972,0,0.693963186116387
"1979","beta_trend",6083,1973,0,0.693787444471382
"1980","beta_trend",6083,1974,0,0.693599993404891
"1981","beta_trend",6083,1975,0,0.693400844572871
"1982","beta_trend",6083,1976,0,0.693190015459081
"1983","beta_trend",6083,1977,0,0.692967529320059
"1984","beta_trend",6083,1978,0,0.692733415127005
"1985","beta_trend",6083,1979,0,0.692487707504625
"1986","beta_trend",6083,1980,0,0.692230446666979
"1987","beta_trend",6083,1981,0,0.691961678350409
"1988","beta_trend",6083,1982,0,0.691681453743597
"1989","beta_trend",6083,1983,0,0.691389829414813
"1990","beta_trend",6083,1984,0,0.691086867236412
"1991","beta_trend",6083,1985,0,0.690772634306653
"1992","beta_trend",6083,1986,0,0.690447202868891
"1993","beta_trend",6083,1987,0,0.690110650228209
"1994","beta_trend",6083,1988,0,0.689763058665562
"1995","beta_trend",6083,1989,0,0.689404515349489
"1996","beta_trend",6083,1990,0,0.689035112245466
"1997","beta_trend",6083,1991,0,0.688654946022962
"1998","beta_trend",6083,1992,0,0.688264117960276
"1999","beta_trend",6083,1993,0,0.687862733847205
"2000","beta_trend",6083,1994,0,0.687450903885634
"2001","beta_trend",6083,1995,0,0.6870287425881
"2002","beta_trend",6083,1996,0,0.686596368674408
"2003","beta_trend",6083,1997,0,0.68615390496637
"2004","beta_trend",6083,1998,0,0.685701478280733
"2005","beta_trend",6083,1999,0,0.685239219320372
"2006","beta_trend",6083,2000,0,0.684767262563818
"2007","beta_trend",6083,2001,0,0.684285746153188
"2008","beta_trend",6083,2002,0,0.683794811780603
"2009","beta_trend",6083,2003,0,0.683294604573141
"2010","beta_trend",6083,2004,0,0.682785272976429
"2011","beta_trend",6083,2005,0,0.682266968636922
"2012","beta_trend",6083,2006,0,0.681744263128494
"2013","beta_trend",6083,2007,0,0.681208683851957
"2014","beta_trend",6083,2008,0,0.680664613613513
"2015","beta_trend",6083,2009,0,0.680112216019798
"2016","beta_trend",6083,2010,0,0.679551657285936
"2017","beta_trend",6083,2011,0,0.678983106111964
"2018","beta_trend",6083,2012,0,0.678406733558465
"2019","beta_trend",6083,2013,0,0.677822712921498
"2020","beta_trend",6083,2014,0,0.677231219606888
"2021","beta_trend",6083,2015,0,0.676632431003951
"2022","beta_trend",6083,2016,0,0.676026526358723
"2023","beta_trend",6083,2017,0,0.675413686646777
"2024","beta_trend",6083,2018,0,0.674794094445682
"2025","beta_trend",6083,2019,0,0.67416793380719
"2026","beta_trend",6083,2020,0,0.673535390129224
"2027","beta_trend",6083,2021,0,0.672896650027716
"2028","beta_trend",6083,2022,0,0.672251901208402
"2029","beta_trend",6083,2023,0,0.671601332338609
"2030","beta_trend",6083,2024,0,0.670945132919131
"2031","beta_trend",6083,2025,0,0.670283493156246
"2032","beta_trend",6083,2026,0,0.669616603833958
"2033","beta_trend",6083,2027,0,0.66894465618652
"2034","beta_trend",6083,2028,0,0.668267841771319
"2035","beta_trend",6083,2029,0,0.667586352342184
"2036","beta_trend",6083,2030,0,0.666900379723185
"2037","beta_trend",6083,2031,0,0.666210115683001
"2038","beta_trend",6083,2032,0,0.665515751809903
"2039","beta_trend",6083,2033,0,0.664817479387451
"2040","beta_trend",6083,2034,0,0.664115489270934
"2041","beta_trend",6083,2035,0,0.663409971764653
"2042","beta_trend",6083,2036,0,0.662701116500088
"2043","beta_trend",6083,2037,0,0.66198911231503
"2044","beta_trend",6083,2038,0,0.661274147133733
"2045","beta_trend",6083,2039,0,0.660556407848151
"2046","beta_trend",6083,2040,0,0.659836080200334
"2047","beta_trend",6083,2041,0,0.659113348666029
"2048","beta_trend",6083,2042,0,0.658388396339564
"2049","beta_trend",6083,2043,0,0.657661404820064
"2050","beta_trend",6083,2044,0,0.656932554099074
"2051","beta_trend",6083,2045,0,0.656202022449637
"2052","beta_trend",6083,2046,0,0.655469986316893
"2053","beta_trend",6083,2047,0,0.654736620210264
"2054","beta_trend",6083,2048,0,0.65400209659727
"2055","beta_trend",6083,2049,0,0.653268308687424
"2056","beta_trend",6083,2050,0,0.652531902562831
"2057","beta_trend",6083,2051,0,0.651794846244117
"2058","beta_trend",6083,2052,0,0.651057302878259
"2059","beta_trend",6083,2053,0,0.650319433070634
"2060","beta_trend",6083,2054,0,0.649581394789727
"2061","beta_trend",6083,2055,0,0.648843343273873
"2062","beta_trend",6083,2056,0,0.648105430940095
"2063","beta_trend",6083,2057,0,0.647367807295082
"2064","beta_trend",6083,2058,0,0.646630618848363
"2065","beta_trend",6083,2059,0,0.645894009027733
"2066","beta_trend",6083,2060,0,0.645158118096971
"2067","beta_trend",6083,2061,0,0.64442308307591
"2068","beta_trend",6083,2062,0,0.643689037662897
"2069","beta_trend",6083,2063,0,0.642956112159701
"2070","beta_trend",6083,2064,0,0.642224433398909
"2071","beta_trend",6083,2065,0,0.641494124673859
"2072","beta_trend",6083,2066,0,0.640765305671155
"2073","beta_trend",6083,2067,0,0.640038092405808
"2074","beta_trend",6083,2068,0,0.63931259715904
"2075","beta_trend",6083,2069,0,0.638588928418808
"2076","beta_trend",6083,2070,0,0.637867190823069
"2077","beta_trend",6083,2071,0,0.637147485105847
"2078","beta_trend",6083,2072,0,0.636429908046123
"2079","beta_trend",6083,2073,0,0.635714552419596
"2080","beta_trend",6083,2074,0,0.635001506953349
"2081","beta_trend",6083,2075,0,0.634290856283455
"2082","beta_trend",6083,2076,0,0.633582680915559
"2083","beta_trend",6083,2077,0,0.632877057188463
"2084","beta_trend",6083,2078,0,0.632174057240758
"2085","beta_trend",6083,2079,0,0.63147374898052
"2086","beta_trend",6083,2080,0,0.630776196058103
"2087","beta_trend",6083,2081,0,0.630081457842067
"2088","beta_trend",6083,2082,0,0.629389589398254
"2089","beta_trend",6083,2083,0,0.628700641472039
"2090","beta_trend",6083,2084,0,0.628014660473788
"2091","beta_trend",6083,2085,0,0.627331688467536
"2092","beta_trend",6083,2086,0,0.626651763162911
"2093","beta_trend",6083,2087,0,0.625974917910321
"2094","beta_trend",6083,2088,0,0.625301181699418
"2095","beta_trend",6083,2089,0,0.62463057916086
"2096","beta_trend",6083,2090,0,0.623963130571382
"2097","beta_trend",6083,2091,0,0.623298851862195
"2098","beta_trend",6083,2092,0,0.622637754630704
"2099","beta_trend",6083,2093,0,0.621979846155581
"2100","beta_trend",6083,2094,0,0.62132512941518
"2101","beta_trend",6083,2095,0,0.62067360310931
"2102","beta_trend",6083,2096,0,0.620025261684354
"2103","beta_trend",6083,2097,0,0.619380095361765
"2104","beta_trend",6083,2098,0,0.6187380901699
"2105","beta_trend",6083,2099,0,0.618099227979225
"2106","beta_trend",6083,2100,0,0.617463486540861
"2107","beta_trend",6083,2101,0,0.616830839528483
"2108","beta_trend",6083,2102,0,0.616161171755104
"2109","beta_trend",6083,2103,0,0.615532770141847
"2110","beta_trend",6083,2104,0,0.614907279603733
"2111","beta_trend",6083,2105,0,0.614284654730078
"2112","beta_trend",6083,2106,0,0.613664846170679
"2113","beta_trend",6083,2107,0,0.613047800693479
"2114","beta_trend",6083,2108,0,0.612433461245374
"2115","beta_trend",6083,2109,0,0.611821767016105
"2116","beta_trend",6083,2110,0,0.611212653505238
"2117","beta_trend",6083,2111,0,0.61060605259217
"2118","beta_trend",6083,2112,0,0.610001892609156
"2119","beta_trend",6083,2113,0,0.609400098417301
"2120","beta_trend",6083,2114,0,0.608800591485492
"2121","beta_trend",6083,2115,0,0.608203289972226
"2122","beta_trend",6083,2116,0,0.607608108810286
"2123","beta_trend",6083,2117,0,0.607014959794235
"2124","beta_trend",6083,2118,0,0.606423751670666
"2125","beta_trend",6083,2119,0,0.605834390231163
"2126","beta_trend",6083,2120,0,0.605246778407932
"2127","beta_trend",6083,2121,0,0.604660816372028
"2128","beta_trend",6083,2122,0,0.604076401634137
"2129","beta_trend",6083,2123,0,0.603493429147855
"2130","beta_trend",6083,2124,0,0.602911791415386
"2131","beta_trend",6083,2125,0,0.602331378595616
"2132","beta_trend",6083,2126,0,0.601752078614486
"2133","beta_trend",6083,2127,0,0.601173777277592
"2134","beta_trend",6083,2128,0,0.600596358384953
"2135","beta_trend",6083,2129,0,0.60001970384787
"2136","beta_trend",6083,2130,0,0.599443693807788
"2137","beta_trend",6083,2131,0,0.598868206757109
"2138","beta_trend",6083,2132,0,0.598293119661847
"2139","beta_trend",6083,2133,0,0.597718308086074
"2140","beta_trend",6083,2134,0,0.597143646318043
"2141","beta_trend",6083,2135,0,0.596569007497921
"2142","beta_trend",6083,2136,0,0.595994263747046
"2143","beta_trend",6083,2137,0,0.595419286298595
"2144","beta_trend",6083,2138,0,0.594843945629602
"2145","beta_trend",6083,2139,0,0.594268111594203
"2146","beta_trend",6083,2140,0,0.593691653558034
"2147","beta_trend",6083,2141,0,0.593114440533669
"2148","beta_trend",6083,2142,0,0.592536341317005
"2149","beta_trend",6083,2143,0,0.591957224624489
"2150","beta_trend",6083,2144,0,0.59137695923109
"2151","beta_trend",6083,2145,0,0.590795414108904
"2152","beta_trend",6083,2146,0,0.590207114930077
"2153","beta_trend",6083,2147,0,0.589622855399947
"2154","beta_trend",6083,2148,0,0.58903691569357
"2155","beta_trend",6083,2149,0,0.588449167358693
"2156","beta_trend",6083,2150,0,0.587859482824628
"2157","beta_trend",6083,2151,0,0.587267735542857
"2158","beta_trend",6083,2152,0,0.586673800127475
"2159","beta_trend",6083,2153,0,0.586077552495375
"2160","beta_trend",6083,2154,0,0.58547887000603
"2161","beta_trend",6083,2155,0,0.584877631600794
"2162","beta_trend",6083,2156,0,0.584273717941557
"2163","beta_trend",6083,2157,0,0.583667011548683
"2164","beta_trend",6083,2158,0,0.583057396938074
"2165","beta_trend",6083,2159,0,0.582444760757261
"2166","beta_trend",6083,2160,0,0.581828991920392
"2167","beta_trend",6083,2161,0,0.581209981742002
"2168","beta_trend",6083,2162,0,0.580587624069444
"2169","beta_trend",6083,2163,0,0.57996181541385
"2170","beta_trend",6083,2164,0,0.579332455079516
"2171","beta_trend",6083,2165,0,0.57869944529158
"2172","beta_trend",6083,2166,0,0.578062691321876
"2173","beta_trend",6083,2167,0,0.577422101612838
"2174","beta_trend",6083,2168,0,0.576777587899343
"2175","beta_trend",6083,2169,0,0.576129065328371
"2176","beta_trend",6083,2170,0,0.575476452576351
"2177","beta_trend",6083,2171,0,0.574819671964096
"2178","beta_trend",6083,2172,0,0.574158649569194
"2179","beta_trend",6083,2173,0,0.57349331533574
"2180","beta_trend",6083,2174,0,0.572823603181302
"2181","beta_trend",6083,2175,0,0.572149451101006
"2182","beta_trend",6083,2176,0,0.571470801268609
"2183","beta_trend",6083,2177,0,0.570787600134484
"2184","beta_trend",6083,2178,0,0.57009979852037
"2185","beta_trend",6083,2179,0,0.569407351710808
"2186","beta_trend",6083,2180,0,0.568710219541139
"2187","beta_trend",6083,2181,0,0.568008366481973
"2188","beta_trend",6083,2182,0,0.567301761720011
"2189","beta_trend",6083,2183,0,0.566590379235141
"2190","beta_trend",6083,2184,0,0.565874197873694
"2191","beta_trend",6083,2185,0,0.56515320141777
"2192","beta_trend",6083,2186,0,0.564427378650543
"2193","beta_trend",6083,2187,0,0.563696723417458
"2194","beta_trend",6083,2188,0,0.562961234683225
"2195","beta_trend",6083,2189,0,0.56222091658453
"2196","beta_trend",6083,2190,0,0.561475778478385
"2197","beta_trend",6083,2191,0,0.560725834986036
"2198","beta_trend",6083,2192,0,0.559971106032347
"2199","beta_trend",6083,2193,0,0.559211616880611
"2200","beta_trend",6083,2194,0,0.558447398162685
"2201","beta_trend",6083,2195,0,0.55767848590442
"2202","beta_trend",6083,2196,0,0.556904921546302
"2203","beta_trend",6083,2197,0,0.556126751959251
"2204","beta_trend",6083,2198,0,0.555344029455535
"2205","beta_trend",6083,2199,0,0.554558814358974
"2206","beta_trend",6083,2200,0,0.553767256980851
"2207","beta_trend",6083,2201,0,0.552971340310933
"2208","beta_trend",6083,2202,0,0.55217113859868
"2209","beta_trend",6083,2203,0,0.551366731520498
"2210","beta_trend",6083,2204,0,0.550558204160595
"2211","beta_trend",6083,2205,0,0.549745646986694
"2212","beta_trend",6083,2206,0,0.548929155820578
"2213","beta_trend",6083,2207,0,0.548108831803458
"2214","beta_trend",6083,2208,0,0.547284781356143
"2215","beta_trend",6083,2209,0,0.54645711613402
"2216","beta_trend",6083,2210,0,0.54562595297683
"2217","beta_trend",6083,2211,0,0.544791413853255
"2218","beta_trend",6083,2212,0,0.54395362580031
"2219","beta_trend",6083,2213,0,0.543112720857575
"2220","beta_trend",6083,2214,0,0.542268835996262
"2221","beta_trend",6083,2215,0,0.541422113043153
"2222","beta_trend",6083,2216,0,0.540572698599442
"2223","beta_trend",6083,2217,0,0.539720743954499
"2224","beta_trend",6083,2218,0,0.538866404994606
"2225","beta_trend",6083,2219,0,0.538009842106705
"2226","beta_trend",6083,2220,0,0.537151220077204
"2227","beta_trend",6083,2221,0,0.536290707985902
"2228","beta_trend",6083,2222,0,0.535428479095073
"2229","beta_trend",6083,2223,0,0.534564710733804
"2230","beta_trend",6083,2224,0,0.533699584177615
"2231","beta_trend",6083,2225,0,0.532833284523473
"2232","beta_trend",6083,2226,0,0.53196600056025
"2233","beta_trend",6083,2227,0,0.531097924634725
"2234","beta_trend",6083,2228,0,0.530229252513212
"2235","beta_trend",6083,2229,0,0.5293601832389
"2236","beta_trend",6083,2230,0,0.528490918985023
"2237","beta_trend",6083,2231,0,0.527621664903942
"2238","beta_trend",6083,2232,0,0.526752628972254
"2239","beta_trend",6083,2233,0,0.525884021832043
"2240","beta_trend",6083,2234,0,0.52501605662839
"2241","beta_trend",6083,2235,0,0.524148948843255
"2242","beta_trend",6083,2236,0,0.523282916125868
"2243","beta_trend",6083,2237,0,0.522418178119749
"2244","beta_trend",6083,2238,0,0.521554956286499
"2245","beta_trend",6083,2239,0,0.520693473726497
"2246","beta_trend",6083,2240,0,0.519833954996645
"2247","beta_trend",6083,2241,0,0.518976625925312
"2248","beta_trend",6083,2242,0,0.518139842909296
"2249","beta_trend",6083,2243,0,0.517286772905917
"2250","beta_trend",6083,2244,0,0.516436609419423
"2251","beta_trend",6083,2245,0,0.515589580137894
"2252","beta_trend",6083,2246,0,0.514745913107248
"2253","beta_trend",6083,2247,0,0.513905836531063
"2254","beta_trend",6083,2248,0,0.513069578568766
"2255","beta_trend",6083,2249,0,0.512237367132366
"2256","beta_trend",6083,2250,0,0.511409429681914
"2257","beta_trend",6083,2251,0,0.510585993019863
"2258","beta_trend",6083,2252,0,0.509767283084504
"2259","beta_trend",6083,2253,0,0.508953524742685
"2260","beta_trend",6083,2254,0,0.508144941581966
"2261","beta_trend",6083,2255,0,0.507341755702431
"2262","beta_trend",6083,2256,0,0.506544187508325
"2263","beta_trend",6083,2257,0,0.505752455499719
"2264","beta_trend",6083,2258,0,0.504966776064394
"2265","beta_trend",6083,2259,0,0.504187363270144
"2266","beta_trend",6083,2260,0,0.503414428657684
"2267","beta_trend",6083,2261,0,0.50264818103437
"2268","beta_trend",6083,2262,0,0.50188882626893
"2269","beta_trend",6083,2263,0,0.501136567087398
"2270","beta_trend",6083,2264,0,0.500391602870456
"2271","beta_trend",6083,2265,0,0.499654129452383
"2272","beta_trend",6083,2266,0,0.49892433892181
"2273","beta_trend",6083,2267,0,0.498202419424485
"2274","beta_trend",6083,2268,0,0.497488554968242
"2275","beta_trend",6083,2269,0,0.496782925230374
"2276","beta_trend",6083,2270,0,0.496085705367616
"2277","beta_trend",6083,2271,0,0.495397065828926
"2278","beta_trend",6083,2272,0,0.494717172171264
"2279","beta_trend",6083,2273,0,0.49404618487857
"2280","beta_trend",6083,2274,0,0.493384259184124
"2281","beta_trend",6083,2275,0,0.492731544896488
"2282","beta_trend",6083,2276,0,0.49208818622922
"2283","beta_trend",6083,2277,0,0.491454321634542
"2284","beta_trend",6083,2278,0,0.490830083641152
"2285","beta_trend",6083,2279,0,0.490215598696369
"2286","beta_trend",6083,2280,0,0.489610987012773
"2287","beta_trend",6083,2281,0,0.489016362419542
"2288","beta_trend",6083,2282,0,0.488431832218643
"2289","beta_trend",6083,2283,0,0.487857497046051
"2290","beta_trend",6083,2284,0,0.487293450738167
"2291","beta_trend",6083,2285,0,0.486739780203602
"2292","beta_trend",6083,2286,0,0.486196565300478
"2293","beta_trend",6083,2287,0,0.485663878719406
"2294","beta_trend",6083,2288,0,0.4851417858723
"2295","beta_trend",6083,2289,0,0.484630344787156
"2296","beta_trend",6083,2290,0,0.484129606008964
"2297","beta_trend",6083,2291,0,0.483639612506867
"2298","beta_trend",6083,2292,0,0.48316039958771
"2299","beta_trend",6083,2293,0,0.482691994816114
"2300","beta_trend",6083,2294,0,0.482234417941184
"2301","beta_trend",6083,2295,0,0.481754052008537
"2302","beta_trend",6083,2296,0,0.481316607707044
"2303","beta_trend",6083,2297,0,0.480889935577645
"2304","beta_trend",6083,2298,0,0.480474020775142
"2305","beta_trend",6083,2299,0,0.480068840274003
"2306","beta_trend",6083,2300,0,0.479674362833771
"2307","beta_trend",6083,2301,0,0.479290548971726
"2308","beta_trend",6083,2302,0,0.47891735094285
"2309","beta_trend",6083,2303,0,0.478554712727176
"2310","beta_trend",6083,2304,0,0.478202570024573
"2311","beta_trend",6083,2305,0,0.47786085025702
"2312","beta_trend",6083,2306,0,0.477529472578428
"2313","beta_trend",6083,2307,0,0.477208347892022
"2314","beta_trend",6083,2308,0,0.47689737887534
"2315","beta_trend",6083,2309,0,0.476596460012867
"2316","beta_trend",6083,2310,0,0.47630547763631
"2317","beta_trend",6083,2311,0,0.47602430997254
"2318","beta_trend",6083,2312,0,0.475752827199195
"2319","beta_trend",6083,2313,0,0.475490891507939
"2320","beta_trend",6083,2314,0,0.475238357175373
"2321","beta_trend",6083,2315,0,0.474995070641565
"2322","beta_trend",6083,2316,0,0.474760870596188
"2323","beta_trend",6083,2317,0,0.474535588072224
"2324","beta_trend",6083,2318,0,0.474319046547181
"2325","beta_trend",6083,2319,0,0.4741110620518
"2326","beta_trend",6083,2320,0,0.47391144328617
"2327","beta_trend",6083,2321,0,0.473719991743199
"2328","beta_trend",6083,2322,0,0.473536501839366
"2329","beta_trend",6083,2323,0,0.473360761052678
"2330","beta_trend",6083,2324,0,0.473192550067738
"2331","beta_trend",6083,2325,0,0.473031642927838
"2332","beta_trend",6083,2326,0,0.472877807193969
"2333","beta_trend",6083,2327,0,0.472730804110643
"2334","beta_trend",6083,2328,0,0.472590388778414
"2335","beta_trend",6083,2329,0,0.472456310332962
"2336","beta_trend",6083,2330,0,0.472328312130628
"2337","beta_trend",6083,2331,0,0.472206131940246
"2338","beta_trend",6083,2332,0,0.472089502141143
"2339","beta_trend",6083,2333,0,0.47197814992714
"2340","beta_trend",6083,2334,0,0.471871797516417
"2341","beta_trend",6083,2335,0,0.471770162367051
"2342","beta_trend",6083,2336,0,0.47167295739809
"2343","beta_trend",6083,2337,0,0.47157989121595
"2344","beta_trend",6083,2338,0,0.471490668345985
"2345","beta_trend",6083,2339,0,0.471403249455648
"2346","beta_trend",6083,2340,0,0.471320888698916
"2347","beta_trend",6083,2341,0,0.471241459497204
"2348","beta_trend",6083,2342,0,0.471164652591351
"2349","beta_trend",6083,2343,0,0.471090155864865
"2350","beta_trend",6083,2344,0,0.471017654602432
"2351","beta_trend",6083,2345,0,0.470946831752139
"2352","beta_trend",6083,2346,0,0.470877368191193
"2353","beta_trend",6083,2347,0,0.470808942994895
"2354","beta_trend",6083,2348,0,0.470741233708644
"2355","beta_trend",6083,2349,0,0.470673916622722
"2356","beta_trend",6083,2350,0,0.470606667049631
"2357","beta_trend",6083,2351,0,0.470539159603724
"2358","beta_trend",6083,2352,0,0.47047106848288
"2359","beta_trend",6083,2353,0,0.470402067751983
"2360","beta_trend",6083,2354,0,0.470331831627932
"2361","beta_trend",6083,2355,0,0.470260034765931
"2362","beta_trend",6083,2356,0,0.470186352546808
"2363","beta_trend",6083,2357,0,0.470110461365073
"2364","beta_trend",6083,2358,0,0.47003203891748
"2365","beta_trend",6083,2359,0,0.469950764491801
"2366","beta_trend",6083,2360,0,0.469866319255561
"2367","beta_trend",6083,2361,0,0.46977838654445
"2368","beta_trend",6083,2362,0,0.469686652150153
"2369","beta_trend",6083,2363,0,0.469590804607314
"2370","beta_trend",6083,2364,0,0.469490535479376
"2371","beta_trend",6083,2365,0,0.469385539643011
"2372","beta_trend",6083,2366,0,0.469275515570878
"2373","beta_trend",6083,2367,0,0.469160165612433
"2374","beta_trend",6083,2368,0,0.469039196272516
"2375","beta_trend",6083,2369,0,0.468912318487456
"2376","beta_trend",6083,2370,0,0.468779247898415
"2377","beta_trend",6083,2371,0,0.468639705121703
"2378","beta_trend",6083,2372,0,0.468493416015811
"2379","beta_trend",6083,2373,0,0.468340111944878
"2380","beta_trend",6083,2374,0,0.468179530038355
"2381","beta_trend",6083,2375,0,0.468011413446585
"2382","beta_trend",6083,2376,0,0.467835511592057
"2383","beta_trend",6083,2377,0,0.467651580416073
"2384","beta_trend",6083,2378,0,0.46745938262059
"2385","beta_trend",6083,2379,0,0.467258687904976
"2386","beta_trend",6083,2380,0,0.467049273197451
"2387","beta_trend",6083,2381,0,0.466830922880968
"2388","beta_trend",6083,2382,0,0.466603429013307
"2389","beta_trend",6083,2383,0,0.466366591541142
"2390","beta_trend",6083,2384,0,0.466120218507878
"2391","beta_trend",6083,2385,0,0.465864126255016
"2392","beta_trend",6083,2386,0,0.465598139616847
"2393","beta_trend",6083,2387,0,0.465322092108267
"2394","beta_trend",6083,2388,0,0.465035826105509
"2395","beta_trend",6083,2389,0,0.464739193019595
"2396","beta_trend",6083,2390,0,0.464432053462323
"2397","beta_trend",6083,2391,0,0.464114277404602
"2398","beta_trend",6083,2392,0,0.463780758407452
"2399","beta_trend",6083,2393,0,0.463441127779133
"2400","beta_trend",6083,2394,0,0.463090518207999
"2401","beta_trend",6083,2395,0,0.462728838121767
"2402","beta_trend",6083,2396,0,0.462356005963296
"2403","beta_trend",6083,2397,0,0.461971950299087
"2404","beta_trend",6083,2398,0,0.461576609919045
"2405","beta_trend",6083,2399,0,0.461169933927376
"2406","beta_trend",6083,2400,0,0.460751881824505
"2407","beta_trend",6083,2401,0,0.460322423579906
"2408","beta_trend",6083,2402,0,0.459881539695751
"2409","beta_trend",6083,2403,0,0.459429221261275
"2410","beta_trend",6083,2404,0,0.458965469997795
"2411","beta_trend",6083,2405,0,0.458490298294292
"2412","beta_trend",6083,2406,0,0.458003729233504
"2413","beta_trend",6083,2407,0,0.45750579660847
"2414","beta_trend",6083,2408,0,0.456996544929485
"2415","beta_trend",6083,2409,0,0.45647602942142
"2416","beta_trend",6083,2410,0,0.455944316011388
"2417","beta_trend",6083,2411,0,0.455401481306743
"2418","beta_trend",6083,2412,0,0.454847612563383
"2419","beta_trend",6083,2413,0,0.454282807644383
"2420","beta_trend",6083,2414,0,0.453707174968949
"2421","beta_trend",6083,2415,0,0.453120833451726
"2422","beta_trend",6083,2416,0,0.45252391243248
"2423","beta_trend",6083,2417,0,0.451916551596198
"2424","beta_trend",6083,2418,0,0.451298900883644
"2425","beta_trend",6083,2419,0,0.450671120392452
"2426","beta_trend",6083,2420,0,0.450033380268791
"2427","beta_trend",6083,2421,0,0.449385860589703
"2428","beta_trend",6083,2422,0,0.448728751236186
"2429","beta_trend",6083,2423,0,0.448062251757124
"2430","beta_trend",6083,2424,0,0.447386571224163
"2431","beta_trend",6083,2425,0,0.446701928077647
"2432","beta_trend",6083,2426,0,0.446008549963734
"2433","beta_trend",6083,2427,0,0.445306673562831
"2434","beta_trend",6083,2428,0,0.444596544409472
"2435","beta_trend",6083,2429,0,0.443878416703804
"2436","beta_trend",6083,2430,0,0.443152553114826
"2437","beta_trend",6083,2431,0,0.44241922457555
"2438","beta_trend",6083,2432,0,0.441678710070256
"2439","beta_trend",6083,2433,0,0.440931296414025
"2440","beta_trend",6083,2434,0,0.440177278024741
"2441","beta_trend",6083,2435,0,0.43942309129684
"2442","beta_trend",6083,2436,0,0.438656504615595
"2443","beta_trend",6083,2437,0,0.437884251061116
"2444","beta_trend",6083,2438,0,0.437106652590708
"2445","beta_trend",6083,2439,0,0.436324037534955
"2446","beta_trend",6083,2440,0,0.435536740328371
"2447","beta_trend",6083,2441,0,0.434745101234064
"2448","beta_trend",6083,2442,0,0.43394946606266
"2449","beta_trend",6083,2443,0,0.433150185885746
"2450","beta_trend",6083,2444,0,0.432347616744066
"2451","beta_trend",6083,2445,0,0.431542119350769
"2452","beta_trend",6083,2446,0,0.430734058789942
"2453","beta_trend",6083,2447,0,0.429923804210728
"2454","beta_trend",6083,2448,0,0.429111728517295
"2455","beta_trend",6083,2449,0,0.428298208054947
"2456","beta_trend",6083,2450,0,0.427483622292652
"2457","beta_trend",6083,2451,0,0.426668353502297
"2458","beta_trend",6083,2452,0,0.425852786434949
"2459","beta_trend",6083,2453,0,0.425037307994437
"2460","beta_trend",6083,2454,0,0.424222306908537
"2461","beta_trend",6083,2455,0,0.423408173398087
"2462","beta_trend",6083,2456,0,0.422595298844325
"2463","beta_trend",6083,2457,0,0.421784075454768
"2464","beta_trend",6083,2458,0,0.420974895927935
"2465","beta_trend",6083,2459,0,0.420168153117241
"2466","beta_trend",6083,2460,0,0.419364239694366
"2467","beta_trend",6083,2461,0,0.418563547812418
"2468","beta_trend",6083,2462,0,0.417766468769211
"2469","beta_trend",6083,2463,0,0.416973392670969
"2470","beta_trend",6083,2464,0,0.416184708096784
"2471","beta_trend",6083,2465,0,0.415400801764124
"2472","beta_trend",6083,2466,0,0.414622058195739
"2473","beta_trend",6083,2467,0,0.413848859388247
"2474","beta_trend",6083,2468,0,0.413081584482747
"2475","beta_trend",6083,2469,0,0.412320609437741
"2476","beta_trend",6083,2470,0,0.411566306704705
"2477","beta_trend",6083,2471,0,0.410819044906595
"2478","beta_trend",6083,2472,0,0.410079188519613
"2479","beta_trend",6083,2473,0,0.409347097558524
"2480","beta_trend",6083,2474,0,0.40862312726583
"2481","beta_trend",6083,2475,0,0.407907627805103
"2482","beta_trend",6083,2476,0,0.407200943958765
"2483","beta_trend",6083,2477,0,0.406503414830603
"2484","beta_trend",6083,2478,0,0.405815373553318
"2485","beta_trend",6083,2479,0,0.40513714700137
"2486","beta_trend",6083,2480,0,0.404469055509417
"2487","beta_trend",6083,2481,0,0.403811412596597
"2488","beta_trend",6083,2482,0,0.403164524696941
"2489","beta_trend",6083,2483,0,0.402528690896156
"2490","beta_trend",6083,2484,0,0.401904202675059
"2491","beta_trend",6083,2485,0,0.401291343659875
"2492","beta_trend",6083,2486,0,0.400690389379677
"2493","beta_trend",6083,2487,0,0.40010160703118
"2494","beta_trend",6083,2488,0,0.399500462313671
"2495","beta_trend",6083,2489,0,0.398935647432364
"2496","beta_trend",6083,2490,0,0.398383704103135
"2497","beta_trend",6083,2491,0,0.39784486197825
"2498","beta_trend",6083,2492,0,0.397319341244599
"2499","beta_trend",6083,2493,0,0.396807352434692
"2500","beta_trend",6083,2494,0,0.396309096246385
"2501","beta_trend",6083,2495,0,0.395824763371507
"2502","beta_trend",6083,2496,0,0.395354534333562
"2503","beta_trend",6083,2497,0,0.394898579334639
"2504","beta_trend",6083,2498,0,0.394457058111702
"2505","beta_trend",6083,2499,0,0.394030119802373
"2506","beta_trend",6083,2500,0,0.393617902820356
"2507","beta_trend",6083,2501,0,0.39322053474061
"2508","beta_trend",6083,2502,0,0.392838132194374
"2509","beta_trend",6083,2503,0,0.392470800774157
"2510","beta_trend",6083,2504,0,0.392118634948778
"2511","beta_trend",6083,2505,0,0.391781717988527
"2512","beta_trend",6083,2506,0,0.391460121900531
"2513","beta_trend",6083,2507,0,0.391153907374374
"2514","beta_trend",6083,2508,0,0.390863123738027
"2515","beta_trend",6083,2509,0,0.390587808924125
"2516","beta_trend",6083,2510,0,0.390327989446625
"2517","beta_trend",6083,2511,0,0.39008368038786
"2518","beta_trend",6083,2512,0,0.389854885396003
"2519","beta_trend",6083,2513,0,0.389641596692932
"2520","beta_trend",6083,2514,0,0.389443795092502
"2521","beta_trend",6083,2515,0,0.389261450029187
"2522","beta_trend",6083,2516,0,0.389094519597066
"2523","beta_trend",6083,2517,0,0.388942950599117
"2524","beta_trend",6083,2518,0,0.388806678606764
"2525","beta_trend",6083,2519,0,0.388685628029614
"2526","beta_trend",6083,2520,0,0.388579712195315
"2527","beta_trend",6083,2521,0,0.388488833439461
"2528","beta_trend",6083,2522,0,0.388412883205436
"2529","beta_trend",6083,2523,0,0.388351742154123
"2530","beta_trend",6083,2524,0,0.388305280283336
"2531","beta_trend",6083,2525,0,0.388273357056887
"2532","beta_trend",6083,2526,0,0.388255821543136
"2533","beta_trend",6083,2527,0,0.388252512562901
"2534","beta_trend",6083,2528,0,0.388263258846574
"2535","beta_trend",6083,2529,0,0.388287879200285
"2536","beta_trend",6083,2530,0,0.388326182680957
"2537","beta_trend",6083,2531,0,0.388377968780076
"2538","beta_trend",6083,2532,0,0.388456266865259
"2539","beta_trend",6083,2533,0,0.38853379320266
"2540","beta_trend",6083,2534,0,0.388624169819642
"2541","beta_trend",6083,2535,0,0.388727158980516
"2542","beta_trend",6083,2536,0,0.388842514462521
"2543","beta_trend",6083,2537,0,0.388969981786617
"2544","beta_trend",6083,2538,0,0.389109298455569
"2545","beta_trend",6083,2539,0,0.389260194199131
"2546","beta_trend",6083,2540,0,0.389422391226042
"2547","beta_trend",6083,2541,0,0.389595604482617
"2548","beta_trend",6083,2542,0,0.38977954191767
"2549","beta_trend",6083,2543,0,0.389973904753498
"2550","beta_trend",6083,2544,0,0.390178387762675
"2551","beta_trend",6083,2545,0,0.390392679550374
"2552","beta_trend",6083,2546,0,0.390616462841943
"2553","beta_trend",6083,2547,0,0.390849414775454
"2554","beta_trend",6083,2548,0,0.391091207198941
"2555","beta_trend",6083,2549,0,0.391341506972028
"2556","beta_trend",6083,2550,0,0.391599976271668
"2557","beta_trend",6083,2551,0,0.391866272901675
"2558","beta_trend",6083,2552,0,0.392140050605765
"2559","beta_trend",6083,2553,0,0.392420959383796
"2560","beta_trend",6083,2554,0,0.392708645810896
"2561","beta_trend",6083,2555,0,0.393002753359172
"2562","beta_trend",6083,2556,0,0.393302922721689
"2563","beta_trend",6083,2557,0,0.393608792138414
"2564","beta_trend",6083,2558,0,0.393919997723786
"2565","beta_trend",6083,2559,0,0.394236173795627
"2566","beta_trend",6083,2560,0,0.394556953205055
"2567","beta_trend",6083,2561,0,0.394881967667091
"2568","beta_trend",6083,2562,0,0.395210848091639
"2569","beta_trend",6083,2563,0,0.395543224914523
"2570","beta_trend",6083,2564,0,0.39587872842827
"2571","beta_trend",6083,2565,0,0.396216989112315
"2572","beta_trend",6083,2566,0,0.396557637962307
"2573","beta_trend",6083,2567,0,0.396900306818228
"2574","beta_trend",6083,2568,0,0.397244628690983
"2575","beta_trend",6083,2569,0,0.397590238087169
"2576","beta_trend",6083,2570,0,0.397936771331717
"2577","beta_trend",6083,2571,0,0.398283866888085
"2578","beta_trend",6083,2572,0,0.398631165675724
"2579","beta_trend",6083,2573,0,0.398978311384503
"2580","beta_trend",6083,2574,0,0.399324950785797
"2581","beta_trend",6083,2575,0,0.399670734039958
"2582","beta_trend",6083,2576,0,0.400015314999873
"2583","beta_trend",6083,2577,0,0.400358351510332
"2584","beta_trend",6083,2578,0,0.400699505702923
"2585","beta_trend",6083,2579,0,0.401038444286183
"2586","beta_trend",6083,2580,0,0.401374838830747
"2587","beta_trend",6083,2581,0,0.401708366049213
"2588","beta_trend",6083,2582,0,0.402038708070484
"2589","beta_trend",6083,2583,0,0.402365552708334
"2590","beta_trend",6083,2584,0,0.402688593723946
"2591","beta_trend",6083,2585,0,0.402991428111077
"2592","beta_trend",6083,2586,0,0.403305226399907
"2593","beta_trend",6083,2587,0,0.403614308341089
"2594","beta_trend",6083,2588,0,0.403918392676832
"2595","beta_trend",6083,2589,0,0.40421720526252
"2596","beta_trend",6083,2590,0,0.404510479286762
"2597","beta_trend",6083,2591,0,0.404797955483858
"2598","beta_trend",6083,2592,0,0.405079382338497
"2599","beta_trend",6083,2593,0,0.405354516282504
"2600","beta_trend",6083,2594,0,0.40562312188347
"2601","beta_trend",6083,2595,0,0.405884972025102
"2602","beta_trend",6083,2596,0,0.406139848079138
"2603","beta_trend",6083,2597,0,0.406387540068679
"2604","beta_trend",6083,2598,0,0.406627846822812
"2605","beta_trend",6083,2599,0,0.406860576122382
"2606","beta_trend",6083,2600,0,0.407085544836808
"2607","beta_trend",6083,2601,0,0.407302579051827
"2608","beta_trend",6083,2602,0,0.40751151418807
"2609","beta_trend",6083,2603,0,0.407712195110369
"2610","beta_trend",6083,2604,0,0.407904476227735
"2611","beta_trend",6083,2605,0,0.408088221583915
"2612","beta_trend",6083,2606,0,0.408263304938472
"2613","beta_trend",6083,2607,0,0.408429609838342
"2614","beta_trend",6083,2608,0,0.408587029679818
"2615","beta_trend",6083,2609,0,0.408735467760926
"2616","beta_trend",6083,2610,0,0.408874837324183
"2617","beta_trend",6083,2611,0,0.409005061589698
"2618","beta_trend",6083,2612,0,0.409126073778639
"2619","beta_trend",6083,2613,0,0.409237817127052
"2620","beta_trend",6083,2614,0,0.409340244890053
"2621","beta_trend",6083,2615,0,0.409433320336416
"2622","beta_trend",6083,2616,0,0.409517016733597
"2623","beta_trend",6083,2617,0,0.40959131732322
"2624","beta_trend",6083,2618,0,0.409656215287103
"2625","beta_trend",6083,2619,0,0.409711713703858
"2626","beta_trend",6083,2620,0,0.409757825496157
"2627","beta_trend",6083,2621,0,0.409794573368733
"2628","beta_trend",6083,2622,0,0.409821989737206
"2629","beta_trend",6083,2623,0,0.409840116647838
"2630","beta_trend",6083,2624,0,0.409849005688313
"2631","beta_trend",6083,2625,0,0.409848717889665
"2632","beta_trend",6083,2626,0,0.409839323619477
"2633","beta_trend",6083,2627,0,0.409820902466481
"2634","beta_trend",6083,2628,0,0.409796491312634
"2635","beta_trend",6083,2629,0,0.409760161046264
"2636","beta_trend",6083,2630,0,0.40971510217703
"2637","beta_trend",6083,2631,0,0.409661429642046
"2638","beta_trend",6083,2632,0,0.409599266906607
"2639","beta_trend",6083,2633,0,0.409528745800152
"2640","beta_trend",6083,2634,0,0.409450006344768
"2641","beta_trend",6083,2635,0,0.409363196576454
"2642","beta_trend",6083,2636,0,0.409268472359304
"2643","beta_trend",6083,2637,0,0.409165997192858
"2644","beta_trend",6083,2638,0,0.409055942012791
"2645","beta_trend",6083,2639,0,0.408938484985194
"2646","beta_trend",6083,2640,0,0.408813811294639
"2647","beta_trend",6083,2641,0,0.408682112926279
"2648","beta_trend",6083,2642,0,0.408543588442203
"2649","beta_trend",6083,2643,0,0.408398442752296
"2650","beta_trend",6083,2644,0,0.408246886879832
"2651","beta_trend",6083,2645,0,0.408089137722065
"2652","beta_trend",6083,2646,0,0.40792541780606
"2653","beta_trend",6083,2647,0,0.407755955040023
"2654","beta_trend",6083,2648,0,0.407580982460386
"2655","beta_trend",6083,2649,0,0.407400737974917
"2656","beta_trend",6083,2650,0,0.407215464102117
"2657","beta_trend",6083,2651,0,0.407025407707172
"2658","beta_trend",6083,2652,0,0.406830819734736
"2659","beta_trend",6083,2653,0,0.406631954938816
"2660","beta_trend",6083,2654,0,0.40642907161003
"2661","beta_trend",6083,2655,0,0.406222431300531
"2662","beta_trend",6083,2656,0,0.406012298546853
"2663","beta_trend",6083,2657,0,0.405798940590989
"2664","beta_trend",6083,2658,0,0.405582627099947
"2665","beta_trend",6083,2659,0,0.405363629884096
"2666","beta_trend",6083,2660,0,0.405142222614568
"2667","beta_trend",6083,2661,0,0.404918680540001
"2668","beta_trend",6083,2662,0,0.404693280202907
"2669","beta_trend",6083,2663,0,0.404466299155939
"2670","beta_trend",6083,2664,0,0.404238015678348
"2671","beta_trend",6083,2665,0,0.4040087084929
"2672","beta_trend",6083,2666,0,0.403778656483532
"2673","beta_trend",6083,2667,0,0.403548138414028
"2674","beta_trend",6083,2668,0,0.403317432647983
"2675","beta_trend",6083,2669,0,0.403086816870328
"2676","beta_trend",6083,2670,0,0.402856567810688
"2677","beta_trend",6083,2671,0,0.402626960968832
"2678","beta_trend",6083,2672,0,0.402398270342493
"2679","beta_trend",6083,2673,0,0.402170768157797
"2680","beta_trend",6083,2674,0,0.401944724602579
"2681","beta_trend",6083,2675,0,0.401720407562822
"2682","beta_trend",6083,2676,0,0.401498082362474
"2683","beta_trend",6083,2677,0,0.401278011506895
"2684","beta_trend",6083,2678,0,0.401060454430158
"2685","beta_trend",6083,2679,0,0.400845667246452
"2686","beta_trend",6083,2680,0,0.400633902505815
"2687","beta_trend",6083,2681,0,0.400406526879278
"2688","beta_trend",6083,2682,0,0.400200678220844
"2689","beta_trend",6083,2683,0,0.399998548007452
"2690","beta_trend",6083,2684,0,0.399800370646638
"2691","beta_trend",6083,2685,0,0.399606375775789
"2692","beta_trend",6083,2686,0,0.399416788046469
"2693","beta_trend",6083,2687,0,0.399231826914485
"2694","beta_trend",6083,2688,0,0.399051706435853
"2695","beta_trend",6083,2689,0,0.398876635068864
"2696","beta_trend",6083,2690,0,0.398706815482403
"2697","beta_trend",6083,2691,0,0.398542444370696
"2698","beta_trend",6083,2692,0,0.398383712274625
"2699","beta_trend",6083,2693,0,0.398230803409772
"2700","beta_trend",6083,2694,0,0.398083895501332
"2701","beta_trend",6083,2695,0,0.397943159626016
"2702","beta_trend",6083,2696,0,0.397808760061083
"2703","beta_trend",6083,2697,0,0.397680854140619
"2704","beta_trend",6083,2698,0,0.397559592119161
"2705","beta_trend",6083,2699,0,0.397445117042781
"2706","beta_trend",6083,2700,0,0.397337564627723
"2707","beta_trend",6083,2701,0,0.397237063146673
"2708","beta_trend",6083,2702,0,0.397143733322751
"2709","beta_trend",6083,2703,0,0.397057688231288
"2710","beta_trend",6083,2704,0,0.396979033209455
"2711","beta_trend",6083,2705,0,0.396907865773797
"2712","beta_trend",6083,2706,0,0.396844275545722
"2713","beta_trend",6083,2707,0,0.396788344184984
"2714","beta_trend",6083,2708,0,0.39674014533118
"2715","beta_trend",6083,2709,0,0.3966997445533
"2716","beta_trend",6083,2710,0,0.396667199307335
"2717","beta_trend",6083,2711,0,0.39664255890195
"2718","beta_trend",6083,2712,0,0.396625864472224
"2719","beta_trend",6083,2713,0,0.396617148961438
"2720","beta_trend",6083,2714,0,0.396616437110913
"2721","beta_trend",6083,2715,0,0.396623745457848
"2722","beta_trend",6083,2716,0,0.396639082341145
"2723","beta_trend",6083,2717,0,0.396662447915172
"2724","beta_trend",6083,2718,0,0.396693834171411
"2725","beta_trend",6083,2719,0,0.396733224967946
"2726","beta_trend",6083,2720,0,0.396780596066714
"2727","beta_trend",6083,2721,0,0.396835915178467
"2728","beta_trend",6083,2722,0,0.396899142015338
"2729","beta_trend",6083,2723,0,0.396970228350961
"2730","beta_trend",6083,2724,0,0.397049118088021
"2731","beta_trend",6083,2725,0,0.397164560077935
"2732","beta_trend",6083,2726,0,0.39725758165563
"2733","beta_trend",6083,2727,0,0.397358245458781
"2734","beta_trend",6083,2728,0,0.397466462615014
"2735","beta_trend",6083,2729,0,0.397582136903842
"2736","beta_trend",6083,2730,0,0.397705164864023
"2737","beta_trend",6083,2731,0,0.397835435907579
"2738","beta_trend",6083,2732,0,0.397972832440377
"2739","beta_trend",6083,2733,0,0.398117229989077
"2740","beta_trend",6083,2734,0,0.398268497334328
"2741","beta_trend",6083,2735,0,0.398426496650027
"2742","beta_trend",6083,2736,0,0.398591083648482
"2743","beta_trend",6083,2737,0,0.398762107731308
"2744","beta_trend",6083,2738,0,0.398939412145881
"2745","beta_trend",6083,2739,0,0.399122834147165
"2746","beta_trend",6083,2740,0,0.399312205164732
"2747","beta_trend",6083,2741,0,0.39950735097478
"2748","beta_trend",6083,2742,0,0.399708091876967
"2749","beta_trend",6083,2743,0,0.399914242875848
"2750","beta_trend",6083,2744,0,0.400125613866731
"2751","beta_trend",6083,2745,0,0.400342009825742
"2752","beta_trend",6083,2746,0,0.400563231003891
"2753","beta_trend",6083,2747,0,0.400789073124936
"2754","beta_trend",6083,2748,0,0.401019327586827
"2755","beta_trend",6083,2749,0,0.401253781666522
"2756","beta_trend",6083,2750,0,0.401492218727957
"2757","beta_trend",6083,2751,0,0.401734418432953
"2758","beta_trend",6083,2752,0,0.401980156954839
"2759","beta_trend",6083,2753,0,0.402229207194575
"2760","beta_trend",6083,2754,0,0.402481338999147
"2761","beta_trend",6083,2755,0,0.402736319382018
"2762","beta_trend",6083,2756,0,0.402993912745412
"2763","beta_trend",6083,2757,0,0.403253881104191
"2764","beta_trend",6083,2758,0,0.403515984311135
"2765","beta_trend",6083,2759,0,0.403779980283359
"2766","beta_trend",6083,2760,0,0.404045625229683
"2767","beta_trend",6083,2761,0,0.404312673878699
"2768","beta_trend",6083,2762,0,0.404580879707339
"2769","beta_trend",6083,2763,0,0.404849995169703
"2770","beta_trend",6083,2764,0,0.405119771925936
"2771","beta_trend",6083,2765,0,0.405389961070935
"2772","beta_trend",6083,2766,0,0.40566031336266
"2773","beta_trend",6083,2767,0,0.405930579449851
"2774","beta_trend",6083,2768,0,0.406200510098912
"2775","beta_trend",6083,2769,0,0.40646985641977
"2776","beta_trend",6083,2770,0,0.406738370090499
"2777","beta_trend",6083,2771,0,0.407005803580482
"2778","beta_trend",6083,2772,0,0.407271910371938
"2779","beta_trend",6083,2773,0,0.407536445179584
"2780","beta_trend",6083,2774,0,0.407799164168252
"2781","beta_trend",6083,2775,0,0.408059825168257
"2782","beta_trend",6083,2776,0,0.408318187888337
"2783","beta_trend",6083,2777,0,0.408574014125957
"2784","beta_trend",6083,2778,0,0.40880724084323
"2785","beta_trend",6083,2779,0,0.409056375393672
"2786","beta_trend",6083,2780,0,0.409302233760363
"2787","beta_trend",6083,2781,0,0.409544586532022
"2788","beta_trend",6083,2782,0,0.409783207332229
"2789","beta_trend",6083,2783,0,0.410017873008291
"2790","beta_trend",6083,2784,0,0.410248363816238
"2791","beta_trend",6083,2785,0,0.410474463601781
"2792","beta_trend",6083,2786,0,0.410695959977096
"2793","beta_trend",6083,2787,0,0.410912644493282
"2794","beta_trend",6083,2788,0,0.411124312808357
"2795","beta_trend",6083,2789,0,0.41133076485066
"2796","beta_trend",6083,2790,0,0.411531804977527
"2797","beta_trend",6083,2791,0,0.411727242129127
"2798","beta_trend",6083,2792,0,0.411916889977325
"2799","beta_trend",6083,2793,0,0.41210056706948
"2800","beta_trend",6083,2794,0,0.412278096967059
"2801","beta_trend",6083,2795,0,0.412449308378975
"2802","beta_trend",6083,2796,0,0.412614035289544
"2803","beta_trend",6083,2797,0,0.41277211708099
"2804","beta_trend",6083,2798,0,0.412923398650399
"2805","beta_trend",6083,2799,0,0.413067730521055
"2806","beta_trend",6083,2800,0,0.413204968948091
"2807","beta_trend",6083,2801,0,0.413334976018377
"2808","beta_trend",6083,2802,0,0.413457619744607
"2809","beta_trend",6083,2803,0,0.413572774153511
"2810","beta_trend",6083,2804,0,0.413680319368165
"2811","beta_trend",6083,2805,0,0.413780141684352
"2812","beta_trend",6083,2806,0,0.413872133640934
"2813","beta_trend",6083,2807,0,0.413956194084221
"2814","beta_trend",6083,2808,0,0.414032228226306
"2815","beta_trend",6083,2809,0,0.414100147697346
"2816","beta_trend",6083,2810,0,0.414159870591801
"2817","beta_trend",6083,2811,0,0.414211321508599
"2818","beta_trend",6083,2812,0,0.414254431585252
"2819","beta_trend",6083,2813,0,0.414289138525923
"2820","beta_trend",6083,2814,0,0.414315386623453
"2821","beta_trend",6083,2815,0,0.414333126775383
"2822","beta_trend",6083,2816,0,0.414342316493979
"2823","beta_trend",6083,2817,0,0.414342919910302
"2824","beta_trend",6083,2818,0,0.414334907772368
"2825","beta_trend",6083,2819,0,0.414318257437415
"2826","beta_trend",6083,2820,0,0.414292952858351
"2827","beta_trend",6083,2821,0,0.414254726145735
"2828","beta_trend",6083,2822,0,0.414212279505769
"2829","beta_trend",6083,2823,0,0.4141611619381
"2830","beta_trend",6083,2824,0,0.414101383839014
"2831","beta_trend",6083,2825,0,0.414032962035982
"2832","beta_trend",6083,2826,0,0.413955919740805
"2833","beta_trend",6083,2827,0,0.413870286497404
"2834","beta_trend",6083,2828,0,0.41377609812433
"2835","beta_trend",6083,2829,0,0.413673396652105
"2836","beta_trend",6083,2830,0,0.413562230255469
"2837","beta_trend",6083,2831,0,0.413442653180656
"2838","beta_trend",6083,2832,0,0.413314725667789
"2839","beta_trend",6083,2833,0,0.413178513868507
"2840","beta_trend",6083,2834,0,0.413034089758939
"2841","beta_trend",6083,2835,0,0.412881531048141
"2842","beta_trend",6083,2836,0,0.412720921082115
"2843","beta_trend",6083,2837,0,0.412552348743528
"2844","beta_trend",6083,2838,0,0.412375908347273
"2845","beta_trend",6083,2839,0,0.412191699531979
"2846","beta_trend",6083,2840,0,0.411999827147627
"2847","beta_trend",6083,2841,0,0.411800401139384
"2848","beta_trend",6083,2842,0,0.411593536427815
"2849","beta_trend",6083,2843,0,0.411379352785587
"2850","beta_trend",6083,2844,0,0.411157974710838
"2851","beta_trend",6083,2845,0,0.410929531297331
"2852","beta_trend",6083,2846,0,0.410694156101546
"2853","beta_trend",6083,2847,0,0.410451987006872
"2854","beta_trend",6083,2848,0,0.410203166085022
"2855","beta_trend",6083,2849,0,0.409947839454849
"2856","beta_trend",6083,2850,0,0.409686157138705
"2857","beta_trend",6083,2851,0,0.409418272916483
"2858","beta_trend",6083,2852,0,0.409144344177526
"2859","beta_trend",6083,2853,0,0.408864531770533
"2860","beta_trend",6083,2854,0,0.408578999851627
"2861","beta_trend",6083,2855,0,0.408287915730748
"2862","beta_trend",6083,2856,0,0.407991449716514
"2863","beta_trend",6083,2857,0,0.407689774959724
"2864","beta_trend",6083,2858,0,0.407383067295639
"2865","beta_trend",6083,2859,0,0.407071505085226
"2866","beta_trend",6083,2860,0,0.406755269055491
"2867","beta_trend",6083,2861,0,0.406434542139077
"2868","beta_trend",6083,2862,0,0.406109509313283
"2869","beta_trend",6083,2863,0,0.405780357438644
"2870","beta_trend",6083,2864,0,0.40544727509724
"2871","beta_trend",6083,2865,0,0.405110452430883
"2872","beta_trend",6083,2866,0,0.404770080979329
"2873","beta_trend",6083,2867,0,0.40442635351867
"2874","beta_trend",6083,2868,0,0.404079463900056
"2875","beta_trend",6083,2869,0,0.403729606888891
"2876","beta_trend",6083,2870,0,0.403376978004645
"2877","beta_trend",6083,2871,0,0.403021773361437
"2878","beta_trend",6083,2872,0,0.402664189509521
"2879","beta_trend",6083,2873,0,0.402304423277813
"2880","beta_trend",6083,2874,0,0.401922519661259
"2881","beta_trend",6083,2875,0,0.40155804979864
"2882","beta_trend",6083,2876,0,0.401191947710221
"2883","beta_trend",6083,2877,0,0.400824408148956
"2884","beta_trend",6083,2878,0,0.400455625318371
"2885","beta_trend",6083,2879,0,0.400085792722134
"2886","beta_trend",6083,2880,0,0.399715103015515
"2887","beta_trend",6083,2881,0,0.399343747858861
"2888","beta_trend",6083,2882,0,0.398971917773201
"2889","beta_trend",6083,2883,0,0.398599801998087
"2890","beta_trend",6083,2884,0,0.398227588351785
"2891","beta_trend",6083,2885,0,0.39785546309392
"2892","beta_trend",6083,2886,0,0.397483610790669
"2893","beta_trend",6083,2887,0,0.397112214182612
"2894","beta_trend",6083,2888,0,0.39674145405533
"2895","beta_trend",6083,2889,0,0.396371509112831
"2896","beta_trend",6083,2890,0,0.396002555853912
"2897","beta_trend",6083,2891,0,0.395634768451526
"2898","beta_trend",6083,2892,0,0.395268318635234
"2899","beta_trend",6083,2893,0,0.394903375576828
"2900","beta_trend",6083,2894,0,0.394540105779183
"2901","beta_trend",6083,2895,0,0.394178672968429
"2902","beta_trend",6083,2896,0,0.393819237989479
"2903","beta_trend",6083,2897,0,0.393461958704998
"2904","beta_trend",6083,2898,0,0.39310698989786
"2905","beta_trend",6083,2899,0,0.392754483177148
"2906","beta_trend",6083,2900,0,0.392404586887742
"2907","beta_trend",6083,2901,0,0.392057446023552
"2908","beta_trend",6083,2902,0,0.391713202144418
"2909","beta_trend",6083,2903,0,0.39137199329674
"2910","beta_trend",6083,2904,0,0.391033953937851
"2911","beta_trend",6083,2905,0,0.390699214864167
"2912","beta_trend",6083,2906,0,0.39036790314315
"2913","beta_trend",6083,2907,0,0.390040142049095
"2914","beta_trend",6083,2908,0,0.389716051002761
"2915","beta_trend",6083,2909,0,0.389395745514869
"2916","beta_trend",6083,2910,0,0.389079337133463
"2917","beta_trend",6083,2911,0,0.388766933395157
"2918","beta_trend",6083,2912,0,0.388458637780252
"2919","beta_trend",6083,2913,0,0.388154549671747
"2920","beta_trend",6083,2914,0,0.387854764318214
"2921","beta_trend",6083,2915,0,0.387559372800545
"2922","beta_trend",6083,2916,0,0.387268462002561
"2923","beta_trend",6083,2917,0,0.386982114585454
"2924","beta_trend",6083,2918,0,0.386739137497081
"2925","beta_trend",6083,2919,0,0.386460433475383
"2926","beta_trend",6083,2920,0,0.386186587254602
"2927","beta_trend",6083,2921,0,0.385917661588178
"2928","beta_trend",6083,2922,0,0.385653715039635
"2929","beta_trend",6083,2923,0,0.385394801976156
"2930","beta_trend",6083,2924,0,0.385140972565889
"2931","beta_trend",6083,2925,0,0.38489227277897
"2932","beta_trend",6083,2926,0,0.384648744392178
"2933","beta_trend",6083,2927,0,0.384410424997221
"2934","beta_trend",6083,2928,0,0.38417734801255
"2935","beta_trend",6083,2929,0,0.383949542698699
"2936","beta_trend",6083,2930,0,0.383727034177046
"2937","beta_trend",6083,2931,0,0.383509843451976
"2938","beta_trend",6083,2932,0,0.383297987436361
"2939","beta_trend",6083,2933,0,0.383091478980299
"2940","beta_trend",6083,2934,0,0.382890326903052
"2941","beta_trend",6083,2935,0,0.382694536028107
"2942","beta_trend",6083,2936,0,0.382504107221297
"2943","beta_trend",6083,2937,0,0.382319037431903
"2944","beta_trend",6083,2938,0,0.382139319736676
"2945","beta_trend",6083,2939,0,0.381964943386685
"2946","beta_trend",6083,2940,0,0.381795893856934
"2947","beta_trend",6083,2941,0,0.381632152898651
"2948","beta_trend",6083,2942,0,0.381473698594188
"2949","beta_trend",6083,2943,0,0.381320505414434
"2950","beta_trend",6083,2944,0,0.381172544278669
"2951","beta_trend",6083,2945,0,0.381029782616769
"2952","beta_trend",6083,2946,0,0.380892184433685
"2953","beta_trend",6083,2947,0,0.380759710376105
"2954","beta_trend",6083,2948,0,0.380632317801207
"2955","beta_trend",6083,2949,0,0.380509960847433
"2956","beta_trend",6083,2950,0,0.380392590507178
"2957","beta_trend",6083,2951,0,0.380280154701316
"2958","beta_trend",6083,2952,0,0.38017259835547
"2959","beta_trend",6083,2953,0,0.380069863477942
"2960","beta_trend",6083,2954,0,0.379971889239203
"2961","beta_trend",6083,2955,0,0.379878612052868
"2962","beta_trend",6083,2956,0,0.379789965658053
"2963","beta_trend",6083,2957,0,0.379705881203032
"2964","beta_trend",6083,2958,0,0.379626287330097
"2965","beta_trend",6083,2959,0,0.379551110261549
"2966","beta_trend",6083,2960,0,0.379480273886701
"2967","beta_trend",6083,2961,0,0.379413699849837
"2968","beta_trend",6083,2962,0,0.379351307639012
"2969","beta_trend",6083,2963,0,0.379293014675621
"2970","beta_trend",6083,2964,0,0.379238736404647
"2971","beta_trend",6083,2965,0,0.379188386385493
"2972","beta_trend",6083,2966,0,0.379141876383319
"2973","beta_trend",6083,2967,0,0.379099116460807
"2974","beta_trend",6083,2968,0,0.379060015070246
"2975","beta_trend",6083,2969,0,0.37902447914588
"2976","beta_trend",6083,2970,0,0.378992414196423
"2977","beta_trend",6083,2971,0,0.378948321059311
"2978","beta_trend",6083,2972,0,0.378922199577003
"2979","beta_trend",6083,2973,0,0.378899227129414
"2980","beta_trend",6083,2974,0,0.378879303199157
"2981","beta_trend",6083,2975,0,0.378862326259159
"2982","beta_trend",6083,2976,0,0.378848193862997
"2983","beta_trend",6083,2977,0,0.378836802734801
"2984","beta_trend",6083,2978,0,0.378828048858684
"2985","beta_trend",6083,2979,0,0.378821827567609
"2986","beta_trend",6083,2980,0,0.378818033631622
"2987","beta_trend",6083,2981,0,0.378816561345398
"2988","beta_trend",6083,2982,0,0.378817304615023
"2989","beta_trend",6083,2983,0,0.378820157043945
"2990","beta_trend",6083,2984,0,0.378825012018041
"2991","beta_trend",6083,2985,0,0.378831762789734
"2992","beta_trend",6083,2986,0,0.378840302561102
"2993","beta_trend",6083,2987,0,0.37885052456592
"2994","beta_trend",6083,2988,0,0.378862322150582
"2995","beta_trend",6083,2989,0,0.378875588853853
"2996","beta_trend",6083,2990,0,0.378890218485389
"2997","beta_trend",6083,2991,0,0.378906105202988
"2998","beta_trend",6083,2992,0,0.378923143588522
"2999","beta_trend",6083,2993,0,0.378941228722495
"3000","beta_trend",6083,2994,0,0.378960256257195
"3001","beta_trend",6083,2995,0,0.378980122488399
"3002","beta_trend",6083,2996,0,0.379000724425578
"3003","beta_trend",6083,2997,0,0.379021959860581
"3004","beta_trend",6083,2998,0,0.379043727434759
"3005","beta_trend",6083,2999,0,0.379065926704485
"3006","beta_trend",6083,3000,0,0.379088458205055
"3007","beta_trend",6083,3001,0,0.379111223512929
"3008","beta_trend",6083,3002,0,0.379134125306292
"3009","beta_trend",6083,3003,0,0.379157067423909
"3010","beta_trend",6083,3004,0,0.379179954922244
"3011","beta_trend",6083,3005,0,0.379202694130839
"3012","beta_trend",6083,3006,0,0.379225192705911
"3013","beta_trend",6083,3007,0,0.379247359682174
"3014","beta_trend",6083,3008,0,0.379269105522853
"3015","beta_trend",6083,3009,0,0.379290342167892
"3016","beta_trend",6083,3010,0,0.379310983080326
"3017","beta_trend",6083,3011,0,0.379330943290834
"3018","beta_trend",6083,3012,0,0.37935013944044
"3019","beta_trend",6083,3013,0,0.379368489821377
"3020","beta_trend",6083,3014,0,0.379385914416098
"3021","beta_trend",6083,3015,0,0.379400481611097
"3022","beta_trend",6083,3016,0,0.379415903658074
"3023","beta_trend",6083,3017,0,0.379430166917513
"3024","beta_trend",6083,3018,0,0.379443198622226
"3025","beta_trend",6083,3019,0,0.37945492785761
"3026","beta_trend",6083,3020,0,0.37946528558977
"3027","beta_trend",6083,3021,0,0.379474204691815
"3028","beta_trend",6083,3022,0,0.37948161996834
"3029","beta_trend",6083,3023,0,0.379487468178098
"3030","beta_trend",6083,3024,0,0.379491688054892
"3031","beta_trend",6083,3025,0,0.379494220326688
"3032","beta_trend",6083,3026,0,0.379495007732972
"3033","beta_trend",6083,3027,0,0.379493995040365
"3034","beta_trend",6083,3028,0,0.379491129056527
"3035","beta_trend",6083,3029,0,0.379486358642348
"3036","beta_trend",6083,3030,0,0.379479634722475
"3037","beta_trend",6083,3031,0,0.379470910294179
"3038","beta_trend",6083,3032,0,0.379460140434595
"3039","beta_trend",6083,3033,0,0.379447282306356
"3040","beta_trend",6083,3034,0,0.379432295161652
"3041","beta_trend",6083,3035,0,0.379415140344741
"3042","beta_trend",6083,3036,0,0.379395781292936
"3043","beta_trend",6083,3037,0,0.379374183536103
"3044","beta_trend",6083,3038,0,0.379350314694702
"3045","beta_trend",6083,3039,0,0.379324144476393
"3046","beta_trend",6083,3040,0,0.37929564467125
"3047","beta_trend",6083,3041,0,0.379264789145612
"3048","beta_trend",6083,3042,0,0.379231553834598
"3049","beta_trend",6083,3043,0,0.379195916733337
"3050","beta_trend",6083,3044,0,0.379157857886926
"3051","beta_trend",6083,3045,0,0.379117359379175
"3052","beta_trend",6083,3046,0,0.379074405320152
"3053","beta_trend",6083,3047,0,0.379028981832585
"3054","beta_trend",6083,3048,0,0.378981077037145
"3055","beta_trend",6083,3049,0,0.378930681036651
"3056","beta_trend",6083,3050,0,0.378877785899238
"3057","beta_trend",6083,3051,0,0.378822385640519
"3058","beta_trend",6083,3052,0,0.378764476204789
"3059","beta_trend",6083,3053,0,0.378704055445298
"3060","beta_trend",6083,3054,0,0.378641123103646
"3061","beta_trend",6083,3055,0,0.378575680788319
"3062","beta_trend",6083,3056,0,0.378507731952429
"3063","beta_trend",6083,3057,0,0.378437281870677
"3064","beta_trend",6083,3058,0,0.378364337615586
"3065","beta_trend",6083,3059,0,0.378288908033043
"3066","beta_trend",6083,3060,0,0.378211003717192
"3067","beta_trend",6083,3061,0,0.378130636984703
"3068","beta_trend",6083,3062,0,0.378047821848478
"3069","beta_trend",6083,3063,0,0.377962573990806
"3070","beta_trend",6083,3064,0,0.377874910736032
"3071","beta_trend",6083,3065,0,0.377784851022751
"3072","beta_trend",6083,3066,0,0.377692415375592
"3073","beta_trend",6083,3067,0,0.377567973176408
"3074","beta_trend",6083,3068,0,0.377469485271509
"3075","beta_trend",6083,3069,0,0.37736863270161
"3076","beta_trend",6083,3070,0,0.377265439629522
"3077","beta_trend",6083,3071,0,0.377159931567865
"3078","beta_trend",6083,3072,0,0.37705213534607
"3079","beta_trend",6083,3073,0,0.376942079077126
"3080","beta_trend",6083,3074,0,0.376829792124093
"3081","beta_trend",6083,3075,0,0.376715305066426
"3082","beta_trend",6083,3076,0,0.37659864966614
"3083","beta_trend",6083,3077,0,0.376479858833832
"3084","beta_trend",6083,3078,0,0.376358966594608
"3085","beta_trend",6083,3079,0,0.376236008053937
"3086","beta_trend",6083,3080,0,0.37611101936345
"3087","beta_trend",6083,3081,0,0.375984037686732
"3088","beta_trend",6083,3082,0,0.375855101165115
"3089","beta_trend",6083,3083,0,0.375724248883508
"3090","beta_trend",6083,3084,0,0.375591520836289
"3091","beta_trend",6083,3085,0,0.375456957893279
"3092","beta_trend",6083,3086,0,0.375320601765827
"3093","beta_trend",6083,3087,0,0.375182494973025
"3094","beta_trend",6083,3088,0,0.375042680808075
"3095","beta_trend",6083,3089,0,0.37490120330484
"3096","beta_trend",6083,3090,0,0.374758107204575
"3097","beta_trend",6083,3091,0,0.374613437922894
"3098","beta_trend",6083,3092,0,0.37446724151695
"3099","beta_trend",6083,3093,0,0.374319564652886
"3100","beta_trend",6083,3094,0,0.374170454573545
"3101","beta_trend",6083,3095,0,0.374019959066471
"3102","beta_trend",6083,3096,0,0.37386812643221
"3103","beta_trend",6083,3097,0,0.373715005452929
"3104","beta_trend",6083,3098,0,0.373560645361365
"3105","beta_trend",6083,3099,0,0.37340509581012
"3106","beta_trend",6083,3100,0,0.373248406841306
"3107","beta_trend",6083,3101,0,0.373090628856569
"3108","beta_trend",6083,3102,0,0.372931812587475
"3109","beta_trend",6083,3103,0,0.3727720090663
"3110","beta_trend",6083,3104,0,0.372611269597208
"3111","beta_trend",6083,3105,0,0.372449645727834
"3112","beta_trend",6083,3106,0,0.372287189221284
"3113","beta_trend",6083,3107,0,0.37212395202855
"3114","beta_trend",6083,3108,0,0.371959986261353
"3115","beta_trend",6083,3109,0,0.371795344165416
"3116","beta_trend",6083,3110,0,0.371630078094166
"3117","beta_trend",6083,3111,0,0.371496871549363
"3118","beta_trend",6083,3112,0,0.371329070609603
"3119","beta_trend",6083,3113,0,0.37116086376954
"3120","beta_trend",6083,3114,0,0.370992301169179
"3121","beta_trend",6083,3115,0,0.370823433018635
"3122","beta_trend",6083,3116,0,0.370654309571615
"3123","beta_trend",6083,3117,0,0.370484981099424
"3124","beta_trend",6083,3118,0,0.370315497865503
"3125","beta_trend",6083,3119,0,0.370145910100477
"3126","beta_trend",6083,3120,0,0.369976267977734
"3127","beta_trend",6083,3121,0,0.369806621589502
"3128","beta_trend",6083,3122,0,0.369637020923445
"3129","beta_trend",6083,3123,0,0.369467515839754
"3130","beta_trend",6083,3124,0,0.369298156048738
"3131","beta_trend",6083,3125,0,0.369128991088893
"3132","beta_trend",6083,3126,0,0.368960070305472
"3133","beta_trend",6083,3127,0,0.368791442829506
"3134","beta_trend",6083,3128,0,0.36862315755731
"3135","beta_trend",6083,3129,0,0.368455263130438
"3136","beta_trend",6083,3130,0,0.368287807916084
"3137","beta_trend",6083,3131,0,0.368120839987935
"3138","beta_trend",6083,3132,0,0.367954407107444
"3139","beta_trend",6083,3133,0,0.367788556705529
"3140","beta_trend",6083,3134,0,0.367623335864682
"3141","beta_trend",6083,3135,0,0.367458791301482
"3142","beta_trend",6083,3136,0,0.3672949693495
"3143","beta_trend",6083,3137,0,0.36713191594258
"3144","beta_trend",6083,3138,0,0.366969676598495
"3145","beta_trend",6083,3139,0,0.36680829640296
"3146","beta_trend",6083,3140,0,0.366647819993996
"3147","beta_trend",6083,3141,0,0.366488291546633
"3148","beta_trend",6083,3142,0,0.366329754757934
"3149","beta_trend",6083,3143,0,0.366172252832338
"3150","beta_trend",6083,3144,0,0.366015828467315
"3151","beta_trend",6083,3145,0,0.3658605238393
"3152","beta_trend",6083,3146,0,0.365706380589923
"3153","beta_trend",6083,3147,0,0.365553439812501
"3154","beta_trend",6083,3148,0,0.365401742038802
"3155","beta_trend",6083,3149,0,0.365251327226045
"3156","beta_trend",6083,3150,0,0.36510223474415
"3157","beta_trend",6083,3151,0,0.364954503363211
"3158","beta_trend",6083,3152,0,0.364808171241192
"3159","beta_trend",6083,3153,0,0.364663275911828
"3160","beta_trend",6083,3154,0,0.36451985427272
"3161","beta_trend",6083,3155,0,0.364377942573628
"3162","beta_trend",6083,3156,0,0.364237576404935
"3163","beta_trend",6083,3157,0,0.364098790686282
"3164","beta_trend",6083,3158,0,0.363961619655363
"3165","beta_trend",6083,3159,0,0.363826096856879
"3166","beta_trend",6083,3160,0,0.363692255131619
"3167","beta_trend",6083,3161,0,0.363560126605695
"3168","beta_trend",6083,3162,0,0.36342974267989
"3169","beta_trend",6083,3163,0,0.363301134019136
"3170","beta_trend",6083,3164,0,0.36316093568528
"3171","beta_trend",6083,3165,0,0.363035349259192
"3172","beta_trend",6083,3166,0,0.36291159874951
"3173","beta_trend",6083,3167,0,0.362789710687485
"3174","beta_trend",6083,3168,0,0.362669710777032
"3175","beta_trend",6083,3169,0,0.362551623883447
"3176","beta_trend",6083,3170,0,0.362435474022181
"3177","beta_trend",6083,3171,0,0.362321284347632
"3178","beta_trend",6083,3172,0,0.362209077141989
"3179","beta_trend",6083,3173,0,0.362098873804096
"3180","beta_trend",6083,3174,0,0.361990694838352
"3181","beta_trend",6083,3175,0,0.361884559843624
"3182","beta_trend",6083,3176,0,0.361780487502198
"3183","beta_trend",6083,3177,0,0.361678495568738
"3184","beta_trend",6083,3178,0,0.361578600859277
"3185","beta_trend",6083,3179,0,0.36148081924022
"3186","beta_trend",6083,3180,0,0.361385165617369
"3187","beta_trend",6083,3181,0,0.361291653924978
"3188","beta_trend",6083,3182,0,0.361200297114817
"3189","beta_trend",6083,3183,0,0.361111107145271
"3190","beta_trend",6083,3184,0,0.361024094970464
"3191","beta_trend",6083,3185,0,0.360939270529411
"3192","beta_trend",6083,3186,0,0.360856642735208
"3193","beta_trend",6083,3187,0,0.360776219464256
"3194","beta_trend",6083,3188,0,0.360698007545534
"3195","beta_trend",6083,3189,0,0.360622012749916
"3196","beta_trend",6083,3190,0,0.360548239779547
"3197","beta_trend",6083,3191,0,0.360476692257277
"3198","beta_trend",6083,3192,0,0.360407372716169
"3199","beta_trend",6083,3193,0,0.360340282589081
"3200","beta_trend",6083,3194,0,0.360275422198332
"3201","beta_trend",6083,3195,0,0.36021279074547
"3202","beta_trend",6083,3196,0,0.360152386301131
"3203","beta_trend",6083,3197,0,0.360094205795028
"3204","beta_trend",6083,3198,0,0.360038245006054
"3205","beta_trend",6083,3199,0,0.359984498552524
"3206","beta_trend",6083,3200,0,0.359932959882572
"3207","beta_trend",6083,3201,0,0.359883621264695
"3208","beta_trend",6083,3202,0,0.359836473778486
"3209","beta_trend",6083,3203,0,0.359791507305545
"3210","beta_trend",6083,3204,0,0.35974871052059
"3211","beta_trend",6083,3205,0,0.35970807088279
"3212","beta_trend",6083,3206,0,0.359669574627321
"3213","beta_trend",6083,3207,0,0.359633206757175
"3214","beta_trend",6083,3208,0,0.359603585276366
"3215","beta_trend",6083,3209,0,0.359571218868512
"3216","beta_trend",6083,3210,0,0.359540937014536
"3217","beta_trend",6083,3211,0,0.359512719371453
"3218","beta_trend",6083,3212,0,0.359486544339833
"3219","beta_trend",6083,3213,0,0.359462389057004
"3220","beta_trend",6083,3214,0,0.359440229390647
"3221","beta_trend",6083,3215,0,0.359420039932774
"3222","beta_trend",6083,3216,0,0.359401793994127
"3223","beta_trend",6083,3217,0,0.359385463599001
"3224","beta_trend",6083,3218,0,0.359371019480526
"3225","beta_trend",6083,3219,0,0.359358431076411
"3226","beta_trend",6083,3220,0,0.359347666525185
"3227","beta_trend",6083,3221,0,0.35933869266294
"3228","beta_trend",6083,3222,0,0.359331475020609
"3229","beta_trend",6083,3223,0,0.359325977821786
"3230","beta_trend",6083,3224,0,0.359322163981124
"3231","beta_trend",6083,3225,0,0.359319995103312
"3232","beta_trend",6083,3226,0,0.359319431482671
"3233","beta_trend",6083,3227,0,0.35932043210337
"3234","beta_trend",6083,3228,0,0.359322954640303
"3235","beta_trend",6083,3229,0,0.359326955460624
"3236","beta_trend",6083,3230,0,0.359332389625985
"3237","beta_trend",6083,3231,0,0.359339210895473
"3238","beta_trend",6083,3232,0,0.359347371729289
"3239","beta_trend",6083,3233,0,0.359356823293168
"3240","beta_trend",6083,3234,0,0.359367515463576
"3241","beta_trend",6083,3235,0,0.359379396833696
"3242","beta_trend",6083,3236,0,0.359392414720219
"3243","beta_trend",6083,3237,0,0.359406515170974
"3244","beta_trend",6083,3238,0,0.359421642973397
"3245","beta_trend",6083,3239,0,0.359437741663868
"3246","beta_trend",6083,3240,0,0.359454753537935
"3247","beta_trend",6083,3241,0,0.359472619661442
"3248","beta_trend",6083,3242,0,0.359491279882573
"3249","beta_trend",6083,3243,0,0.359510672844836
"3250","beta_trend",6083,3244,0,0.359530736001
"3251","beta_trend",6083,3245,0,0.359551405628005
"3252","beta_trend",6083,3246,0,0.359572616842854
"3253","beta_trend",6083,3247,0,0.359594303619509
"3254","beta_trend",6083,3248,0,0.3596163988068
"3255","beta_trend",6083,3249,0,0.359638834147369
"3256","beta_trend",6083,3250,0,0.359661540297648
"3257","beta_trend",6083,3251,0,0.359684446848904
"3258","beta_trend",6083,3252,0,0.359707482349342
"3259","beta_trend",6083,3253,0,0.359730574327293
"3260","beta_trend",6083,3254,0,0.359753649315489
"3261","beta_trend",6083,3255,0,0.359776632876435
"3262","beta_trend",6083,3256,0,0.3597994496289
"3263","beta_trend",6083,3257,0,0.359822023275508
"3264","beta_trend",6083,3258,0,0.359844276631469
"3265","beta_trend",6083,3259,0,0.35986613165443
"3266","beta_trend",6083,3260,0,0.359887509475464
"3267","beta_trend",6083,3261,0,0.35987067628582
"3268","beta_trend",6083,3262,0,0.359889126757354
"3269","beta_trend",6083,3263,0,0.359906783571917
"3270","beta_trend",6083,3264,0,0.359923561843296
"3271","beta_trend",6083,3265,0,0.359939375917844
"3272","beta_trend",6083,3266,0,0.359954139408601
"3273","beta_trend",6083,3267,0,0.359967765230465
"3274","beta_trend",6083,3268,0,0.359980165636392
"3275","beta_trend",6083,3269,0,0.359991252254641
"3276","beta_trend",6083,3270,0,0.360000936127027
"3277","beta_trend",6083,3271,0,0.36000912774821
"3278","beta_trend",6083,3272,0,0.360015737105977
"3279","beta_trend",6083,3273,0,0.360020673722532
"3280","beta_trend",6083,3274,0,0.360023846696764
"3281","beta_trend",6083,3275,0,0.360025164747494
"3282","beta_trend",6083,3276,0,0.360024536257685
"3283","beta_trend",6083,3277,0,0.360021869319585
"3284","beta_trend",6083,3278,0,0.36001707178081
"3285","beta_trend",6083,3279,0,0.360010051291334
"3286","beta_trend",6083,3280,0,0.360000715351367
"3287","beta_trend",6083,3281,0,0.359988971360111
"3288","beta_trend",6083,3282,0,0.359974726665368
"3289","beta_trend",6083,3283,0,0.359957888613967
"3290","beta_trend",6083,3284,0,0.359938364603008
"3291","beta_trend",6083,3285,0,0.359916062131879
"3292","beta_trend",6083,3286,0,0.359890888855028
"3293","beta_trend",6083,3287,0,0.359862752635465
"3294","beta_trend",6083,3288,0,0.359831561598959
"3295","beta_trend",6083,3289,0,0.359797224188906
"3296","beta_trend",6083,3290,0,0.359759649221831
"3297","beta_trend",6083,3291,0,0.359718745943505
"3298","beta_trend",6083,3292,0,0.359674424085621
"3299","beta_trend",6083,3293,0,0.359626593923023
"3300","beta_trend",6083,3294,0,0.359575166331424
"3301","beta_trend",6083,3295,0,0.359520052845603
"3302","beta_trend",6083,3296,0,0.359461165718019
"3303","beta_trend",6083,3297,0,0.359398417977825
"3304","beta_trend",6083,3298,0,0.359331723490225
"3305","beta_trend",6083,3299,0,0.359260997016142
"3306","beta_trend",6083,3300,0,0.359186154272154
"3307","beta_trend",6083,3301,0,0.359107111990653
"3308","beta_trend",6083,3302,0,0.35902378798019
"3309","beta_trend",6083,3303,0,0.358936101185945
"3310","beta_trend",6083,3304,0,0.35886813282406
"3311","beta_trend",6083,3305,0,0.358770412878245
"3312","beta_trend",6083,3306,0,0.358668139287562
"3313","beta_trend",6083,3307,0,0.358561234380552
"3314","beta_trend",6083,3308,0,0.358449621989755
"3315","beta_trend",6083,3309,0,0.358333227509874
"3316","beta_trend",6083,3310,0,0.358211977955815
"3317","beta_trend",6083,3311,0,0.358085802020523
"3318","beta_trend",6083,3312,0,0.35795463013258
"3319","beta_trend",6083,3313,0,0.357818394513505
"3320","beta_trend",6083,3314,0,0.357677029234697
"3321","beta_trend",6083,3315,0,0.357530470273984
"3322","beta_trend",6083,3316,0,0.357378655571698
"3323","beta_trend",6083,3317,0,0.357221525086242
"3324","beta_trend",6083,3318,0,0.357059020849083
"3325","beta_trend",6083,3319,0,0.356891087019124
"3326","beta_trend",6083,3320,0,0.356717669936382
"3327","beta_trend",6083,3321,0,0.356538718174941
"3328","beta_trend",6083,3322,0,0.356354182595101
"3329","beta_trend",6083,3323,0,0.356164016394679
"3330","beta_trend",6083,3324,0,0.355968175159406
"3331","beta_trend",6083,3325,0,0.355766616912356
"3332","beta_trend",6083,3326,0,0.355559302162363
"3333","beta_trend",6083,3327,0,0.355346193951358
"3334","beta_trend",6083,3328,0,0.355127257900578
"3335","beta_trend",6083,3329,0,0.354902462255592
"3336","beta_trend",6083,3330,0,0.354671777930088
"3337","beta_trend",6083,3331,0,0.354435178548359
"3338","beta_trend",6083,3332,0,0.354192640486451
"3339","beta_trend",6083,3333,0,0.3539441429119
"3340","beta_trend",6083,3334,0,0.353689667822028
"3341","beta_trend",6083,3335,0,0.353429200080717
"3342","beta_trend",6083,3336,0,0.353162727453638
"3343","beta_trend",6083,3337,0,0.352890240641869
"3344","beta_trend",6083,3338,0,0.35261173331385
"3345","beta_trend",6083,3339,0,0.352327202135641
"3346","beta_trend",6083,3340,0,0.352036646799418
"3347","beta_trend",6083,3341,0,0.351740070050173
"3348","beta_trend",6083,3342,0,0.351437477710562
"3349","beta_trend",6083,3343,0,0.351128878703867
"3350","beta_trend",6083,3344,0,0.350814285075024
"3351","beta_trend",6083,3345,0,0.350493712009665
"3352","beta_trend",6083,3346,0,0.350167177851155
"3353","beta_trend",6083,3347,0,0.349834704115563
"3354","beta_trend",6083,3348,0,0.349496315504545
"3355","beta_trend",6083,3349,0,0.349152039916088
"3356","beta_trend",6083,3350,0,0.348801908453094
"3357","beta_trend",6083,3351,0,0.348445955429765
"3358","beta_trend",6083,3352,0,0.348084218375752
"3359","beta_trend",6083,3353,0,0.347716738038047
"3360","beta_trend",6083,3354,0,0.347343558380586
"3361","beta_trend",6083,3355,0,0.346964726581535
"3362","beta_trend",6083,3356,0,0.346580293028236
"3363","beta_trend",6083,3357,0,0.346172707837387
"3364","beta_trend",6083,3358,0,0.345776423391102
"3365","beta_trend",6083,3359,0,0.345374672259702
"3366","beta_trend",6083,3360,0,0.34496751613982
"3367","beta_trend",6083,3361,0,0.34455501982303
"3368","beta_trend",6083,3362,0,0.344137251174578
"3369","beta_trend",6083,3363,0,0.34371428110962
"3370","beta_trend",6083,3364,0,0.343286183566946
"3371","beta_trend",6083,3365,0,0.342853035480178
"3372","beta_trend",6083,3366,0,0.34241491674645
"3373","beta_trend",6083,3367,0,0.341971910192558
"3374","beta_trend",6083,3368,0,0.341524101538581
"3375","beta_trend",6083,3369,0,0.341071579358987
"3376","beta_trend",6083,3370,0,0.340614435041206
"3377","beta_trend",6083,3371,0,0.340152762741707
"3378","beta_trend",6083,3372,0,0.339686659339559
"3379","beta_trend",6083,3373,0,0.339216224387513
"3380","beta_trend",6083,3374,0,0.3387415600606
"3381","beta_trend",6083,3375,0,0.338262771102281
"3382","beta_trend",6083,3376,0,0.337779964768148
"3383","beta_trend",6083,3377,0,0.337293250767215
"3384","beta_trend",6083,3378,0,0.336802741200818
"3385","beta_trend",6083,3379,0,0.336308550499148
"3386","beta_trend",6083,3380,0,0.335810795355449
"3387","beta_trend",6083,3381,0,0.335309594657914
"3388","beta_trend",6083,3382,0,0.334805069419316
"3389","beta_trend",6083,3383,0,0.334297342704403
"3390","beta_trend",6083,3384,0,0.333786539555102
"3391","beta_trend",6083,3385,0,0.333272786913581
"3392","beta_trend",6083,3386,0,0.332756213543197
"3393","beta_trend",6083,3387,0,0.332236949947393
"3394","beta_trend",6083,3388,0,0.331715128286585
"3395","beta_trend",6083,3389,0,0.33119088229309
"3396","beta_trend",6083,3390,0,0.330664347184157
"3397","beta_trend",6083,3391,0,0.330135659573146
"3398","beta_trend",6083,3392,0,0.329604957378932
"3399","beta_trend",6083,3393,0,0.329072379733566
"3400","beta_trend",6083,3394,0,0.328538066888293
"3401","beta_trend",6083,3395,0,0.32800216011796
"3402","beta_trend",6083,3396,0,0.327464801623901
"3403","beta_trend",6083,3397,0,0.326926134435365
"3404","beta_trend",6083,3398,0,0.326386302309553
"3405","beta_trend",6083,3399,0,0.325845449630346
"3406","beta_trend",6083,3400,0,0.325303721305796
"3407","beta_trend",6083,3401,0,0.324776294361171
"3408","beta_trend",6083,3402,0,0.324232585049282
"3409","beta_trend",6083,3403,0,0.323688464906966
"3410","beta_trend",6083,3404,0,0.323144078787067
"3411","beta_trend",6083,3405,0,0.322599571578695
"3412","beta_trend",6083,3406,0,0.322055088097666
"3413","beta_trend",6083,3407,0,0.321510772976324
"3414","beta_trend",6083,3408,0,0.320966770552831
"3415","beta_trend",6083,3409,0,0.32042322476003
"3416","beta_trend",6083,3410,0,0.319880279013959
"3417","beta_trend",6083,3411,0,0.319338076102113
"3418","beta_trend",6083,3412,0,0.318796758071553
"3419","beta_trend",6083,3413,0,0.318256466116944
"3420","beta_trend",6083,3414,0,0.31771734046864
"3421","beta_trend",6083,3415,0,0.317179520280884
"3422","beta_trend",6083,3416,0,0.316643143520254
"3423","beta_trend",6083,3417,0,0.316108346854422
"3424","beta_trend",6083,3418,0,0.315575265541348
"3425","beta_trend",6083,3419,0,0.315044033318999
"3426","beta_trend",6083,3420,0,0.314514782295697
"3427","beta_trend",6083,3421,0,0.313987642841188
"3428","beta_trend",6083,3422,0,0.313462743478552
"3429","beta_trend",6083,3423,0,0.312940210777032
"3430","beta_trend",6083,3424,0,0.312420169245903
"3431","beta_trend",6083,3425,0,0.311902741229468
"3432","beta_trend",6083,3426,0,0.311388046803295
"3433","beta_trend",6083,3427,0,0.310876203671781
"3434","beta_trend",6083,3428,0,0.310367327067164
"3435","beta_trend",6083,3429,0,0.309861529650058
"3436","beta_trend",6083,3430,0,0.309358921411636
"3437","beta_trend",6083,3431,0,0.308859609577545
"3438","beta_trend",6083,3432,0,0.30836369851365
"3439","beta_trend",6083,3433,0,0.307871289633718
"3440","beta_trend",6083,3434,0,0.307382481309127
"3441","beta_trend",6083,3435,0,0.306897368780701
"3442","beta_trend",6083,3436,0,0.306416044072759
"3443","beta_trend",6083,3437,0,0.305938595909489
"3444","beta_trend",6083,3438,0,0.30546510963371
"3445","beta_trend",6083,3439,0,0.304995667128144
"3446","beta_trend",6083,3440,0,0.304530346739265
"3447","beta_trend",6083,3441,0,0.304069223203823
"3448","beta_trend",6083,3442,0,0.303612367578126
"3449","beta_trend",6083,3443,0,0.303159847170158
"3450","beta_trend",6083,3444,0,0.302711725474633
"3451","beta_trend",6083,3445,0,0.302268062111043
"3452","beta_trend",6083,3446,0,0.301828912764791
"3453","beta_trend",6083,3447,0,0.301394329131481
"3454","beta_trend",6083,3448,0,0.300964358864443
"3455","beta_trend",6083,3449,0,0.300539045525554
"3456","beta_trend",6083,3450,0,0.300118428539435
"3457","beta_trend",6083,3451,0,0.299702543151084
"3458","beta_trend",6083,3452,0,0.299291420387006
"3459","beta_trend",6083,3453,0,0.298885087019906
"3460","beta_trend",6083,3454,0,0.298447484807864
"3461","beta_trend",6083,3455,0,0.298049132412756
"3462","beta_trend",6083,3456,0,0.297655551820318
"3463","beta_trend",6083,3457,0,0.297266749590417
"3464","beta_trend",6083,3458,0,0.296882727799597
"3465","beta_trend",6083,3459,0,0.29650348402466
"3466","beta_trend",6083,3460,0,0.296129011330052
"3467","beta_trend",6083,3461,0,0.295759298259077
"3468","beta_trend",6083,3462,0,0.295394328828988
"3469","beta_trend",6083,3463,0,0.295034082529964
"3470","beta_trend",6083,3464,0,0.294678534328009
"3471","beta_trend",6083,3465,0,0.294327654671793
"3472","beta_trend",6083,3466,0,0.293981409503447
"3473","beta_trend",6083,3467,0,0.29363976027332
"3474","beta_trend",6083,3468,0,0.293302663958728
"3475","beta_trend",6083,3469,0,0.292970073086679
"3476","beta_trend",6083,3470,0,0.292641935760587
"3477","beta_trend",6083,3471,0,0.292318195690969
"3478","beta_trend",6083,3472,0,0.291998792230131
"3479","beta_trend",6083,3473,0,0.291683660410814
"3480","beta_trend",6083,3474,0,0.291372730988809
"3481","beta_trend",6083,3475,0,0.29106593048951
"3482","beta_trend",6083,3476,0,0.290763181258386
"3483","beta_trend",6083,3477,0,0.290464401515357
"3484","beta_trend",6083,3478,0,0.290169505413035
"3485","beta_trend",6083,3479,0,0.289878403098808
"3486","beta_trend",6083,3480,0,0.289591000780723
"3487","beta_trend",6083,3481,0,0.289307200797133
"3488","beta_trend",6083,3482,0,0.289026901690067
"3489","beta_trend",6083,3483,0,0.288749998282272
"3490","beta_trend",6083,3484,0,0.288476381757876
"3491","beta_trend",6083,3485,0,0.288205939746626
"3492","beta_trend",6083,3486,0,0.287938556411633
"3493","beta_trend",6083,3487,0,0.287674112540564
"3494","beta_trend",6083,3488,0,0.287412485640227
"3495","beta_trend",6083,3489,0,0.287153550034465
"3496","beta_trend",6083,3490,0,0.286897176965297
"3497","beta_trend",6083,3491,0,0.286643234697226
"3498","beta_trend",6083,3492,0,0.28639158862464
"3499","beta_trend",6083,3493,0,0.286142101382217
"3500","beta_trend",6083,3494,0,0.285894632958251
"3501","beta_trend",6083,3495,0,0.28564904081082
"3502","beta_trend",6083,3496,0,0.285405179986683
"3503","beta_trend",6083,3497,0,0.285181383439707
"3504","beta_trend",6083,3498,0,0.284939723603708
"3505","beta_trend",6083,3499,0,0.284699381309119
"3506","beta_trend",6083,3500,0,0.284460201845352
"3507","beta_trend",6083,3501,0,0.28422202877208
"3508","beta_trend",6083,3502,0,0.283984704050871
"3509","beta_trend",6083,3503,0,0.283748068178883
"3510","beta_trend",6083,3504,0,0.283511960324507
"3511","beta_trend",6083,3505,0,0.28327621846485
"3512","beta_trend",6083,3506,0,0.283040679524927
"3513","beta_trend",6083,3507,0,0.282805179518444
"3514","beta_trend",6083,3508,0,0.282569553690056
"3515","beta_trend",6083,3509,0,0.282333636658962
"3516","beta_trend",6083,3510,0,0.282097262563722
"3517","beta_trend",6083,3511,0,0.281860265208157
"3518","beta_trend",6083,3512,0,0.28162247820821
"3519","beta_trend",6083,3513,0,0.281383735139634
"3520","beta_trend",6083,3514,0,0.281143869686365
"3521","beta_trend",6083,3515,0,0.280902715789463
"3522","beta_trend",6083,3516,0,0.280660107796472
"3523","beta_trend",6083,3517,0,0.280415880611066
"3524","beta_trend",6083,3518,0,0.280169869842849
"3525","beta_trend",6083,3519,0,0.279921911957165
"3526","beta_trend",6083,3520,0,0.279671844424787
"3527","beta_trend",6083,3521,0,0.279419505871335
"3528","beta_trend",6083,3522,0,0.279164736226304
"3529","beta_trend",6083,3523,0,0.278907376871537
"3530","beta_trend",6083,3524,0,0.278647270789031
"3531","beta_trend",6083,3525,0,0.278384262707918
"3532","beta_trend",6083,3526,0,0.278118199250492
"3533","beta_trend",6083,3527,0,0.277848929077144
"3534","beta_trend",6083,3528,0,0.27757630303006
"3535","beta_trend",6083,3529,0,0.277300174275562
"3536","beta_trend",6083,3530,0,0.277020398444932
"3537","beta_trend",6083,3531,0,0.276736833773614
"3538","beta_trend",6083,3532,0,0.276449341238633
"3539","beta_trend",6083,3533,0,0.276157784694116
"3540","beta_trend",6083,3534,0,0.275862031004778
"3541","beta_trend",6083,3535,0,0.275561950177246
"3542","beta_trend",6083,3536,0,0.275257415489095
"3543","beta_trend",6083,3537,0,0.274948303615458
"3544","beta_trend",6083,3538,0,0.27463449475311
"3545","beta_trend",6083,3539,0,0.274315872741879
"3546","beta_trend",6083,3540,0,0.273992325183286
"3547","beta_trend",6083,3541,0,0.273663743556273
"3548","beta_trend",6083,3542,0,0.273330023329936
"3549","beta_trend",6083,3543,0,0.272991064073119
"3550","beta_trend",6083,3544,0,0.272646769560783
"3551","beta_trend",6083,3545,0,0.272297047877026
"3552","beta_trend",6083,3546,0,0.271941811514669
"3553","beta_trend",6083,3547,0,0.27158097747129
"3554","beta_trend",6083,3548,0,0.271214467341614
"3555","beta_trend",6083,3549,0,0.270842207406181
"3556","beta_trend",6083,3550,0,0.270439532209071
"3557","beta_trend",6083,3551,0,0.270054436878906
"3558","beta_trend",6083,3552,0,0.269663350245861
"3559","beta_trend",6083,3553,0,0.269266216144498
"3560","beta_trend",6083,3554,0,0.268862983405058
"3561","beta_trend",6083,3555,0,0.268453605915459
"3562","beta_trend",6083,3556,0,0.268038042678917
"3563","beta_trend",6083,3557,0,0.267616257867144
"3564","beta_trend",6083,3558,0,0.267188220869059
"3565","beta_trend",6083,3559,0,0.266753906334937
"3566","beta_trend",6083,3560,0,0.266313294215965
"3567","beta_trend",6083,3561,0,0.265866369799139
"3568","beta_trend",6083,3562,0,0.265413123737475
"3569","beta_trend",6083,3563,0,0.264953552075466
"3570","beta_trend",6083,3564,0,0.264487656269783
"3571","beta_trend",6083,3565,0,0.264015443205158
"3572","beta_trend",6083,3566,0,0.263536925205445
"3573","beta_trend",6083,3567,0,0.263052120039822
"3574","beta_trend",6083,3568,0,0.262561050924125
"3575","beta_trend",6083,3569,0,0.262063746517296
"3576","beta_trend",6083,3570,0,0.261560240912939
"3577","beta_trend",6083,3571,0,0.261050573625981
"3578","beta_trend",6083,3572,0,0.26053478957444
"3579","beta_trend",6083,3573,0,0.260012939056299
"3580","beta_trend",6083,3574,0,0.259485077721505
"3581","beta_trend",6083,3575,0,0.258951266539111
"3582","beta_trend",6083,3576,0,0.258411571759564
"3583","beta_trend",6083,3577,0,0.257866064872184
"3584","beta_trend",6083,3578,0,0.257314822557854
"3585","beta_trend",6083,3579,0,0.256757926636951
"3586","beta_trend",6083,3580,0,0.256195464012568
"3587","beta_trend",6083,3581,0,0.255627526609067
"3588","beta_trend",6083,3582,0,0.255054211305996
"3589","beta_trend",6083,3583,0,0.254475619867451
"3590","beta_trend",6083,3584,0,0.253891858866921
"3591","beta_trend",6083,3585,0,0.253303039607674
"3592","beta_trend",6083,3586,0,0.252709278038768
"3593","beta_trend",6083,3587,0,0.252110694666744
"3594","beta_trend",6083,3588,0,0.251507414463084
"3595","beta_trend",6083,3589,0,0.2508995667675
"3596","beta_trend",6083,3590,0,0.250287285187157
"3597","beta_trend",6083,3591,0,0.249670707491902
"3598","beta_trend",6083,3592,0,0.249049975505599
"3599","beta_trend",6083,3593,0,0.248425234993655
"3600","beta_trend",6083,3594,0,0.247815223454458
"3601","beta_trend",6083,3595,0,0.247182094902421
"3602","beta_trend",6083,3596,0,0.246545452191411
"3603","beta_trend",6083,3597,0,0.245905454290162
"3604","beta_trend",6083,3598,0,0.245262263543124
"3605","beta_trend",6083,3599,0,0.244616045535747
"3606","beta_trend",6083,3600,0,0.243966968956786
"3607","beta_trend",6083,3601,0,0.243315205457744
"3608","beta_trend",6083,3602,0,0.242660929509584
"3609","beta_trend",6083,3603,0,0.242004318256829
"3610","beta_trend",6083,3604,0,0.2413455513692
"3611","beta_trend",6083,3605,0,0.240684810890897
"3612","beta_trend",6083,3606,0,0.240022281087695
"3613","beta_trend",6083,3607,0,0.239358148291962
"3614","beta_trend",6083,3608,0,0.238692600745758
"3615","beta_trend",6083,3609,0,0.23802582844216
"3616","beta_trend",6083,3610,0,0.237358022964947
"3617","beta_trend",6083,3611,0,0.236689377326794
"3618","beta_trend",6083,3612,0,0.236020085806141
"3619","beta_trend",6083,3613,0,0.235350343782865
"3620","beta_trend",6083,3614,0,0.23468034757292
"3621","beta_trend",6083,3615,0,0.234010294262091
"3622","beta_trend",6083,3616,0,0.23334038153903
"3623","beta_trend",6083,3617,0,0.23267080752771
"3624","beta_trend",6083,3618,0,0.232001770619469
"3625","beta_trend",6083,3619,0,0.231333469304794
"3626","beta_trend",6083,3620,0,0.230666102004998
"3627","beta_trend",6083,3621,0,0.229999866903965
"3628","beta_trend",6083,3622,0,0.229334961780095
"3629","beta_trend",6083,3623,0,0.22867158383863
"3630","beta_trend",6083,3624,0,0.228009929544507
"3631","beta_trend",6083,3625,0,0.227350194455897
"3632","beta_trend",6083,3626,0,0.226692573058593
"3633","beta_trend",6083,3627,0,0.226037258601388
"3634","beta_trend",6083,3628,0,0.225384442932627
"3635","beta_trend",6083,3629,0,0.22473431633805
"3636","beta_trend",6083,3630,0,0.224087067380119
"3637","beta_trend",6083,3631,0,0.223442882738949
"3638","beta_trend",6083,3632,0,0.222801947055014
"3639","beta_trend",6083,3633,0,0.222164442773775
"3640","beta_trend",6083,3634,0,0.221530549992366
"3641","beta_trend",6083,3635,0,0.220900446308502
"3642","beta_trend",6083,3636,0,0.220274306671738
"3643","beta_trend",6083,3637,0,0.219652303237229
"3644","beta_trend",6083,3638,0,0.219034605222135
"3645","beta_trend",6083,3639,0,0.218421378764794
"3646","beta_trend",6083,3640,0,0.217812786786812
"3647","beta_trend",6083,3641,0,0.2172089888582
"3648","beta_trend",6083,3642,0,0.216610141065676
"3649","beta_trend",6083,3643,0,0.216016395884282
"3650","beta_trend",6083,3644,0,0.215427902052406
"3651","beta_trend",6083,3645,0,0.214844804450372
"3652","beta_trend",6083,3646,0,0.214267243982667
"3653","beta_trend",6083,3647,0,0.213657116171348
"3654","beta_trend",6083,3648,0,0.213089275574201
"3655","beta_trend",6083,3649,0,0.212527293422093
"3656","beta_trend",6083,3650,0,0.211971290521993
"3657","beta_trend",6083,3651,0,0.211421383060145
"3658","beta_trend",6083,3652,0,0.210877682504725
"3659","beta_trend",6083,3653,0,0.210340295512785
"3660","beta_trend",6083,3654,0,0.209809323841547
"3661","beta_trend",6083,3655,0,0.209284864264136
"3662","beta_trend",6083,3656,0,0.208767008489835
"3663","beta_trend",6083,3657,0,0.208255843088914
"3664","beta_trend",6083,3658,0,0.207751449422131
"3665","beta_trend",6083,3659,0,0.20725390357493
"3666","beta_trend",6083,3660,0,0.20676327629643
"3667","beta_trend",6083,3661,0,0.20627963294324
"3668","beta_trend",6083,3662,0,0.205803033428143
"3669","beta_trend",6083,3663,0,0.205333532173715
"3670","beta_trend",6083,3664,0,0.204871178070895
"3671","beta_trend",6083,3665,0,0.20441601444256
"3672","beta_trend",6083,3666,0,0.203968079012121
"3673","beta_trend",6083,3667,0,0.203527403877169
"3674","beta_trend",6083,3668,0,0.203094015488201
"3675","beta_trend",6083,3669,0,0.202667934632418
"3676","beta_trend",6083,3670,0,0.202249176422633
"3677","beta_trend",6083,3671,0,0.201837750291275
"3678","beta_trend",6083,3672,0,0.201433659989493
"3679","beta_trend",6083,3673,0,0.201036903591362
"3680","beta_trend",6083,3674,0,0.200647473503173
"3681","beta_trend",6083,3675,0,0.200265356477801
"3682","beta_trend",6083,3676,0,0.199890533634124
"3683","beta_trend",6083,3677,0,0.199522980481472
"3684","beta_trend",6083,3678,0,0.199162666949078
"3685","beta_trend",6083,3679,0,0.198809557420497
"3686","beta_trend",6083,3680,0,0.198463610772954
"3687","beta_trend",6083,3681,0,0.198124780421574
"3688","beta_trend",6083,3682,0,0.197793014368452
"3689","beta_trend",6083,3683,0,0.197468255256508
"3690","beta_trend",6083,3684,0,0.197150440428069
"3691","beta_trend",6083,3685,0,0.196839501988115
"3692","beta_trend",6083,3686,0,0.196535366872131
"3693","beta_trend",6083,3687,0,0.196237956918477
"3694","beta_trend",6083,3688,0,0.195947188945228
"3695","beta_trend",6083,3689,0,0.195662974831372
"3696","beta_trend",6083,3690,0,0.195405029697373
"3697","beta_trend",6083,3691,0,0.195132763190136
"3698","beta_trend",6083,3692,0,0.194866794195338
"3699","beta_trend",6083,3693,0,0.194607014283035
"3700","beta_trend",6083,3694,0,0.194353310605704
"3701","beta_trend",6083,3695,0,0.194105566002077
"3702","beta_trend",6083,3696,0,0.193863659104732
"3703","beta_trend",6083,3697,0,0.193627464451348
"3704","beta_trend",6083,3698,0,0.193396852599488
"3705","beta_trend",6083,3699,0,0.193171690244812
"3706","beta_trend",6083,3700,0,0.192951840342592
"3707","beta_trend",6083,3701,0,0.1927371622324
"3708","beta_trend",6083,3702,0,0.192527511765863
"3709","beta_trend",6083,3703,0,0.192322741437331
"3710","beta_trend",6083,3704,0,0.192122700517349
"3711","beta_trend",6083,3705,0,0.191927235188793
"3712","beta_trend",6083,3706,0,0.191736188685524
"3713","beta_trend",6083,3707,0,0.191549401433444
"3714","beta_trend",6083,3708,0,0.191366711193794
"3715","beta_trend",6083,3709,0,0.191187953208565
"3716","beta_trend",6083,3710,0,0.191012960347875
"3717","beta_trend",6083,3711,0,0.190841563259168
"3718","beta_trend",6083,3712,0,0.190673590518095
"3719","beta_trend",6083,3713,0,0.190508868780912
"3720","beta_trend",6083,3714,0,0.190347222938273
"3721","beta_trend",6083,3715,0,0.190188476270247
"3722","beta_trend",6083,3716,0,0.190032450602426
"3723","beta_trend",6083,3717,0,0.189878966462952
"3724","beta_trend",6083,3718,0,0.189727843240343
"3725","beta_trend",6083,3719,0,0.189578899341936
"3726","beta_trend",6083,3720,0,0.189431952352814
"3727","beta_trend",6083,3721,0,0.189286819195063
"3728","beta_trend",6083,3722,0,0.189143316287203
"3729","beta_trend",6083,3723,0,0.189001259703649
"3730","beta_trend",6083,3724,0,0.188860465334039
"3731","beta_trend",6083,3725,0,0.1887207490423
"3732","beta_trend",6083,3726,0,0.188581926825281
"3733","beta_trend",6083,3727,0,0.188443814970823
"3734","beta_trend",6083,3728,0,0.188306230215099
"3735","beta_trend",6083,3729,0,0.188168989899106
"3736","beta_trend",6083,3730,0,0.188031912124137
"3737","beta_trend",6083,3731,0,0.187894815906101
"3738","beta_trend",6083,3732,0,0.187757521328563
"3739","beta_trend",6083,3733,0,0.187619849694333
"3740","beta_trend",6083,3734,0,0.187481623675501
"3741","beta_trend",6083,3735,0,0.187342667461761
"3742","beta_trend",6083,3736,0,0.187202806906891
"3743","beta_trend",6083,3737,0,0.18706186967327
"3744","beta_trend",6083,3738,0,0.186919685374298
"3745","beta_trend",6083,3739,0,0.186776085714579
"3746","beta_trend",6083,3740,0,0.186630904627771
"3747","beta_trend",6083,3741,0,0.186483978411957
"3748","beta_trend",6083,3742,0,0.186335145862438
"3749","beta_trend",6083,3743,0,0.186155286789814
"3750","beta_trend",6083,3744,0,0.186000833435516
"3751","beta_trend",6083,3745,0,0.185843948360421
"3752","beta_trend",6083,3746,0,0.185684479267404
"3753","beta_trend",6083,3747,0,0.185522276890235
"3754","beta_trend",6083,3748,0,0.185357195105649
"3755","beta_trend",6083,3749,0,0.185189091042013
"3756","beta_trend",6083,3750,0,0.185017825184502
"3757","beta_trend",6083,3751,0,0.184843261476687
"3758","beta_trend",6083,3752,0,0.184665267418465
"3759","beta_trend",6083,3753,0,0.18448371416024
"3760","beta_trend",6083,3754,0,0.184298476593279
"3761","beta_trend",6083,3755,0,0.184109433436175
"3762","beta_trend",6083,3756,0,0.183916467317345
"3763","beta_trend",6083,3757,0,0.183719464853503
"3764","beta_trend",6083,3758,0,0.183518316724044
"3765","beta_trend",6083,3759,0,0.183312917741282
"3766","beta_trend",6083,3760,0,0.1831031669165
"3767","beta_trend",6083,3761,0,0.182888967521755
"3768","beta_trend",6083,3762,0,0.182670227147402
"3769","beta_trend",6083,3763,0,0.182446857755295
"3770","beta_trend",6083,3764,0,0.182218775727635
"3771","beta_trend",6083,3765,0,0.18198590191144
"3772","beta_trend",6083,3766,0,0.181748161658595
"3773","beta_trend",6083,3767,0,0.181505484861488
"3774","beta_trend",6083,3768,0,0.181257805984197
"3775","beta_trend",6083,3769,0,0.181005064089226
"3776","beta_trend",6083,3770,0,0.180747202859779
"3777","beta_trend",6083,3771,0,0.180484170617576
"3778","beta_trend",6083,3772,0,0.180215920336213
"3779","beta_trend",6083,3773,0,0.179942409650064
"3780","beta_trend",6083,3774,0,0.179663600858753
"3781","beta_trend",6083,3775,0,0.179379460927199
"3782","beta_trend",6083,3776,0,0.179089961481258
"3783","beta_trend",6083,3777,0,0.178795078798996
"3784","beta_trend",6083,3778,0,0.178494793797605
"3785","beta_trend",6083,3779,0,0.178189092016015
"3786","beta_trend",6083,3780,0,0.177877963593227
"3787","beta_trend",6083,3781,0,0.177561403242411
"3788","beta_trend",6083,3782,0,0.177239410220825
"3789","beta_trend",6083,3783,0,0.176911988295592
"3790","beta_trend",6083,3784,0,0.176579145705398
"3791","beta_trend",6083,3785,0,0.176240895118168
"3792","beta_trend",6083,3786,0,0.175897253584783
"3793","beta_trend",6083,3787,0,0.17556274536367
"3794","beta_trend",6083,3788,0,0.175207747945925
"3795","beta_trend",6083,3789,0,0.174847463501686
"3796","beta_trend",6083,3790,0,0.17448192500885
"3797","beta_trend",6083,3791,0,0.174111169578827
"3798","beta_trend",6083,3792,0,0.173735238386719
"3799","beta_trend",6083,3793,0,0.173354176598129
"3800","beta_trend",6083,3794,0,0.172968033292659
"3801","beta_trend",6083,3795,0,0.17257686138422
"3802","beta_trend",6083,3796,0,0.172180717538228
"3803","beta_trend",6083,3797,0,0.171779662085795
"3804","beta_trend",6083,3798,0,0.171373758935011
"3805","beta_trend",6083,3799,0,0.170963075479429
"3806","beta_trend",6083,3800,0,0.170547682503846
"3807","beta_trend",6083,3801,0,0.170127654087505
"3808","beta_trend",6083,3802,0,0.169703067504815
"3809","beta_trend",6083,3803,0,0.16927400312371
"3810","beta_trend",6083,3804,0,0.168840544301763
"3811","beta_trend",6083,3805,0,0.168402777280167
"3812","beta_trend",6083,3806,0,0.167960791075706
"3813","beta_trend",6083,3807,0,0.167514677370836
"3814","beta_trend",6083,3808,0,0.167064530401998
"3815","beta_trend",6083,3809,0,0.166610446846289
"3816","beta_trend",6083,3810,0,0.166152525706605
"3817","beta_trend",6083,3811,0,0.165690868195405
"3818","beta_trend",6083,3812,0,0.165225577617195
"3819","beta_trend",6083,3813,0,0.164756759249885
"3820","beta_trend",6083,3814,0,0.164284520225125
"3821","beta_trend",6083,3815,0,0.163808969407771
"3822","beta_trend",6083,3816,0,0.163330217274594
"3823","beta_trend",6083,3817,0,0.162848375792375
"3824","beta_trend",6083,3818,0,0.162363558295498
"3825","beta_trend",6083,3819,0,0.161875879363199
"3826","beta_trend",6083,3820,0,0.161385454696569
"3827","beta_trend",6083,3821,0,0.160892400995471
"3828","beta_trend",6083,3822,0,0.160396835835478
"3829","beta_trend",6083,3823,0,0.159898877544972
"3830","beta_trend",6083,3824,0,0.159398645082537
"3831","beta_trend",6083,3825,0,0.158896257914757
"3832","beta_trend",6083,3826,0,0.158391835894565
"3833","beta_trend",6083,3827,0,0.157885499140257
"3834","beta_trend",6083,3828,0,0.1573773679153
"3835","beta_trend",6083,3829,0,0.156867562509059
"3836","beta_trend",6083,3830,0,0.156356203118557
"3837","beta_trend",6083,3831,0,0.155843409731407
"3838","beta_trend",6083,3832,0,0.155329302010008
"3839","beta_trend",6083,3833,0,0.154813999177154
"3840","beta_trend",6083,3834,0,0.154297619903139
"3841","beta_trend",6083,3835,0,0.153780282194503
"3842","beta_trend",6083,3836,0,0.153262103284505
"3843","beta_trend",6083,3837,0,0.152743199525448
"3844","beta_trend",6083,3838,0,0.152223686282957
"3845","beta_trend",6083,3839,0,0.151703677832319
"3846","beta_trend",6083,3840,0,0.151151900511672
"3847","beta_trend",6083,3841,0,0.150629794374367
"3848","beta_trend",6083,3842,0,0.150107465564972
"3849","beta_trend",6083,3843,0,0.14958502046526
"3850","beta_trend",6083,3844,0,0.149062563788386
"3851","beta_trend",6083,3845,0,0.148540198486501
"3852","beta_trend",6083,3846,0,0.148018025661006
"3853","beta_trend",6083,3847,0,0.147496144475512
"3854","beta_trend",6083,3848,0,0.146974652071588
"3855","beta_trend",6083,3849,0,0.146453643487378
"3856","beta_trend",6083,3850,0,0.145933211579144
"3857","beta_trend",6083,3851,0,0.145413446945814
"3858","beta_trend",6083,3852,0,0.144894437856603
"3859","beta_trend",6083,3853,0,0.14437627018175
"3860","beta_trend",6083,3854,0,0.143859027326447
"3861","beta_trend",6083,3855,0,0.143342790168002
"3862","beta_trend",6083,3856,0,0.14282763699629
"3863","beta_trend",6083,3857,0,0.142313643457548
"3864","beta_trend",6083,3858,0,0.141800882501529
"3865","beta_trend",6083,3859,0,0.141289424332094
"3866","beta_trend",6083,3860,0,0.140779336361241
"3867","beta_trend",6083,3861,0,0.140270683166621
"3868","beta_trend",6083,3862,0,0.139763526452575
"3869","beta_trend",6083,3863,0,0.139257925014693
"3870","beta_trend",6083,3864,0,0.138753934707942
"3871","beta_trend",6083,3865,0,0.138251608418354
"3872","beta_trend",6083,3866,0,0.137750996038314
"3873","beta_trend",6083,3867,0,0.137252144445435
"3874","beta_trend",6083,3868,0,0.136755097485027
"3875","beta_trend",6083,3869,0,0.136259895956183
"3876","beta_trend",6083,3870,0,0.13576657760145
"3877","beta_trend",6083,3871,0,0.135275177100099
"3878","beta_trend",6083,3872,0,0.134785726064978
"3879","beta_trend",6083,3873,0,0.134298253042935
"3880","beta_trend",6083,3874,0,0.13381278351879
"3881","beta_trend",6083,3875,0,0.133329339922845
"3882","beta_trend",6083,3876,0,0.132847941641899
"3883","beta_trend",6083,3877,0,0.132368605033736
"3884","beta_trend",6083,3878,0,0.131891343445076
"3885","beta_trend",6083,3879,0,0.131416167232923
"3886","beta_trend",6083,3880,0,0.1309430837893
"3887","beta_trend",6083,3881,0,0.130472097569313
"3888","beta_trend",6083,3882,0,0.1300032101225
"3889","beta_trend",6083,3883,0,0.129565692530046
"3890","beta_trend",6083,3884,0,0.129099700799484
"3891","beta_trend",6083,3885,0,0.12863584975162
"3892","beta_trend",6083,3886,0,0.128174127550485
"3893","beta_trend",6083,3887,0,0.127714519736945
"3894","beta_trend",6083,3888,0,0.127257009276085
"3895","beta_trend",6083,3889,0,0.126801576607556
"3896","beta_trend",6083,3890,0,0.12634819969882
"3897","beta_trend",6083,3891,0,0.125896854101201
"3898","beta_trend",6083,3892,0,0.125447513008689
"3899","beta_trend",6083,3893,0,0.125000147319399
"3900","beta_trend",6083,3894,0,0.124554725699624
"3901","beta_trend",6083,3895,0,0.124111214650382
"3902","beta_trend",6083,3896,0,0.12366957857638
"3903","beta_trend",6083,3897,0,0.123229779857312
"3904","beta_trend",6083,3898,0,0.122791778921396
"3905","beta_trend",6083,3899,0,0.122355534321057
"3906","beta_trend",6083,3900,0,0.121921002810674
"3907","beta_trend",6083,3901,0,0.12148813942629
"3908","beta_trend",6083,3902,0,0.121056897567185
"3909","beta_trend",6083,3903,0,0.120627229079226
"3910","beta_trend",6083,3904,0,0.120199084339887
"3911","beta_trend",6083,3905,0,0.119772412344841
"3912","beta_trend",6083,3906,0,0.119347160796029
"3913","beta_trend",6083,3907,0,0.118923276191094
"3914","beta_trend",6083,3908,0,0.118500703914086
"3915","beta_trend",6083,3909,0,0.118079388327335
"3916","beta_trend",6083,3910,0,0.117659272864375
"3917","beta_trend",6083,3911,0,0.117240300123835
"3918","beta_trend",6083,3912,0,0.116822411964173
"3919","beta_trend",6083,3913,0,0.11640554959916
"3920","beta_trend",6083,3914,0,0.115989653694002
"3921","beta_trend",6083,3915,0,0.115574664461993
"3922","beta_trend",6083,3916,0,0.115160521761604
"3923","beta_trend",6083,3917,0,0.114747165193888
"3924","beta_trend",6083,3918,0,0.1143345342001
"3925","beta_trend",6083,3919,0,0.113922568159442
"3926","beta_trend",6083,3920,0,0.113511206486799
"3927","beta_trend",6083,3921,0,0.113100388730388
"3928","beta_trend",6083,3922,0,0.112690054669207
"3929","beta_trend",6083,3923,0,0.112280144410173
"3930","beta_trend",6083,3924,0,0.111870598484868
"3931","beta_trend",6083,3925,0,0.111461357945765
"3932","beta_trend",6083,3926,0,0.11105236446186
"3933","beta_trend",6083,3927,0,0.110643560413594
"3934","beta_trend",6083,3928,0,0.110234888986973
"3935","beta_trend",6083,3929,0,0.109826294266792
"3936","beta_trend",6083,3930,0,0.10941772132887
"3937","beta_trend",6083,3931,0,0.109009116331189
"3938","beta_trend",6083,3932,0,0.10860042660387
"3939","beta_trend",6083,3933,0,0.10819160073787
"3940","beta_trend",6083,3934,0,0.107782588672333
"3941","beta_trend",6083,3935,0,0.107373341780498
"3942","beta_trend",6083,3936,0,0.106924464614623
"3943","beta_trend",6083,3937,0,0.106512794131109
"3944","beta_trend",6083,3938,0,0.106100673501947
"3945","beta_trend",6083,3939,0,0.105688057465272
"3946","beta_trend",6083,3940,0,0.105274902479331
"3947","beta_trend",6083,3941,0,0.104861166794109
"3948","beta_trend",6083,3942,0,0.104446810520843
"3949","beta_trend",6083,3943,0,0.10403179569939
"3950","beta_trend",6083,3944,0,0.103616086363343
"3951","beta_trend",6083,3945,0,0.103199648602865
"3952","beta_trend",6083,3946,0,0.102782450625151
"3953","beta_trend",6083,3947,0,0.102364462812476
"3954","beta_trend",6083,3948,0,0.101945657777763
"3955","beta_trend",6083,3949,0,0.101526010417613
"3956","beta_trend",6083,3950,0,0.101105497962761
"3957","beta_trend",6083,3951,0,0.100684100025889
"3958","beta_trend",6083,3952,0,0.100261798646767
"3959","beta_trend",6083,3953,0,0.0998385783346668
"3960","beta_trend",6083,3954,0,0.0994144261080192
"3961","beta_trend",6083,3955,0,0.0989893315312657
"3962","beta_trend",6083,3956,0,0.0985632867488844
"3963","beta_trend",6083,3957,0,0.0981362865165459
"3964","beta_trend",6083,3958,0,0.0977083282293827
"3965","beta_trend",6083,3959,0,0.0972794119473384
"3966","beta_trend",6083,3960,0,0.0968495404175808
"3967","beta_trend",6083,3961,0,0.0964187190939585
"3968","beta_trend",6083,3962,0,0.0959869561534846
"3969","beta_trend",6083,3963,0,0.0955542625098359
"3970","beta_trend",6083,3964,0,0.0951206518238598
"3971","beta_trend",6083,3965,0,0.0946861405110796
"3972","beta_trend",6083,3966,0,0.0942507477461993
"3973","beta_trend",6083,3967,0,0.093814495464603
"3974","beta_trend",6083,3968,0,0.0933774083608571
"3975","beta_trend",6083,3969,0,0.0929395138842167
"3976","beta_trend",6083,3970,0,0.0925008422311514
"3977","beta_trend",6083,3971,0,0.0920614263348938
"3978","beta_trend",6083,3972,0,0.0916213018520364
"3979","beta_trend",6083,3973,0,0.0911805071461881
"3980","beta_trend",6083,3974,0,0.0907390832687109
"3981","beta_trend",6083,3975,0,0.0902970739365675
"3982","beta_trend",6083,3976,0,0.0898545255072986
"3983","beta_trend",6083,3977,0,0.0894114869511662
"3984","beta_trend",6083,3978,0,0.0889680098204899
"3985","beta_trend",6083,3979,0,0.0885241482162168
"3986","beta_trend",6083,3980,0,0.0880926249401409
"3987","beta_trend",6083,3981,0,0.0876476057027199
"3988","beta_trend",6083,3982,0,0.087202402777605
"3989","beta_trend",6083,3983,0,0.0867570791420319
"3990","beta_trend",6083,3984,0,0.0863117001485662
"3991","beta_trend",6083,3985,0,0.0858663334748211
"3992","beta_trend",6083,3986,0,0.0854210490707531
"3993","beta_trend",6083,3987,0,0.0849759191035961
"3994","beta_trend",6083,3988,0,0.0845310179004877
"3995","beta_trend",6083,3989,0,0.084086421888847
"3996","beta_trend",6083,3990,0,0.0836422095345662
"3997","beta_trend",6083,3991,0,0.0831984612780768
"3998","beta_trend",6083,3992,0,0.0827552594683572
"3999","beta_trend",6083,3993,0,0.0823126882949468
"4000","beta_trend",6083,3994,0,0.0818708337180371
"4001","beta_trend",6083,3995,0,0.0814297833967081
"4002","beta_trend",6083,3996,0,0.080989626615385
"4003","beta_trend",6083,3997,0,0.0805504542085835
"4004","beta_trend",6083,3998,0,0.0801123584840248
"4005","beta_trend",6083,3999,0,0.0796754331441937
"4006","beta_trend",6083,4000,0,0.0792397732064157
"4007","beta_trend",6083,4001,0,0.0788054749215373
"4008","beta_trend",6083,4002,0,0.0783726356912849
"4009","beta_trend",6083,4003,0,0.0779413539843847
"4010","beta_trend",6083,4004,0,0.0775117292515292
"4011","beta_trend",6083,4005,0,0.0770838618392674
"4012","beta_trend",6083,4006,0,0.0766578529029104
"4013","beta_trend",6083,4007,0,0.0762338043185274
"4014","beta_trend",6083,4008,0,0.0758118185941283
"4015","beta_trend",6083,4009,0,0.0753919987801105
"4016","beta_trend",6083,4010,0,0.0749744483790586
"4017","beta_trend",6083,4011,0,0.0745592712549881
"4018","beta_trend",6083,4012,0,0.0741465715421126
"4019","beta_trend",6083,4013,0,0.0737364535532281
"4020","beta_trend",6083,4014,0,0.0733290216878004
"4021","beta_trend",6083,4015,0,0.0729243803398394
"4022","beta_trend",6083,4016,0,0.0725226338056542
"4023","beta_trend",6083,4017,0,0.0721238861915691
"4024","beta_trend",6083,4018,0,0.0717282413216963
"4025","beta_trend",6083,4019,0,0.0713358026458426
"4026","beta_trend",6083,4020,0,0.0709466731476441
"4027","beta_trend",6083,4021,0,0.0705609552530111
"4028","beta_trend",6083,4022,0,0.0701787507389711
"4029","beta_trend",6083,4023,0,0.0698001606429904
"4030","beta_trend",6083,4024,0,0.0694252851728664
"4031","beta_trend",6083,4025,0,0.0690542236172648
"4032","beta_trend",6083,4026,0,0.0686870742569908
"4033","beta_trend",6083,4027,0,0.0683239342770756
"4034","beta_trend",6083,4028,0,0.0679648996797537
"4035","beta_trend",6083,4029,0,0.0676100651984176
"4036","beta_trend",6083,4030,0,0.0672595242126242
"4037","beta_trend",6083,4031,0,0.0669133686642307
"4038","beta_trend",6083,4032,0,0.0665716889747376
"4039","beta_trend",6083,4033,0,0.0661988093636473
"4040","beta_trend",6083,4034,0,0.0658646991605282
"4041","beta_trend",6083,4035,0,0.0655352546378682
"4042","beta_trend",6083,4036,0,0.0652105564401595
"4043","beta_trend",6083,4037,0,0.0648906831913494
"4044","beta_trend",6083,4038,0,0.0645757114173736
"4045","beta_trend",6083,4039,0,0.0642657154702869
"4046","beta_trend",6083,4040,0,0.0639607674540561
"4047","beta_trend",6083,4041,0,0.0636609371520733
"4048","beta_trend",6083,4042,0,0.0633662919564468
"4049","beta_trend",6083,4043,0,0.0630768967991286
"4050","beta_trend",6083,4044,0,0.0627928140849322
"4051","beta_trend",6083,4045,0,0.06251410362649
"4052","beta_trend",6083,4046,0,0.0622408225812073
"4053","beta_trend",6083,4047,0,0.0619730253902563
"4054","beta_trend",6083,4048,0,0.0617107637196571
"4055","beta_trend",6083,4049,0,0.0614540864034935
"4056","beta_trend",6083,4050,0,0.0612030393893026
"4057","beta_trend",6083,4051,0,0.0609576656856813
"4058","beta_trend",6083,4052,0,0.0607180053121432
"4059","beta_trend",6083,4053,0,0.0604840952512691
"4060","beta_trend",6083,4054,0,0.060255969403178
"4061","beta_trend",6083,4055,0,0.0600336585423534
"4062","beta_trend",6083,4056,0,0.0598171902768559
"4063","beta_trend",6083,4057,0,0.0596065890099452
"4064","beta_trend",6083,4058,0,0.0594018759041403
"4065","beta_trend",6083,4059,0,0.0592030688477384
"4066","beta_trend",6083,4060,0,0.059010182423814
"4067","beta_trend",6083,4061,0,0.058823227881717
"4068","beta_trend",6083,4062,0,0.0586422131110842
"4069","beta_trend",6083,4063,0,0.0584671426183796
"4070","beta_trend",6083,4064,0,0.0582980175059757
"4071","beta_trend",6083,4065,0,0.0581348354537828
"4072","beta_trend",6083,4066,0,0.0579775907034373
"4073","beta_trend",6083,4067,0,0.0578262740450487
"4074","beta_trend",6083,4068,0,0.0576808728065147
"4075","beta_trend",6083,4069,0,0.0575413708454021
"4076","beta_trend",6083,4070,0,0.0574077485433884
"4077","beta_trend",6083,4071,0,0.0572799828032692
"4078","beta_trend",6083,4072,0,0.057158047048517
"4079","beta_trend",6083,4073,0,0.0570419112253918
"4080","beta_trend",6083,4074,0,0.0569315418075864
"4081","beta_trend",6083,4075,0,0.0568269018034017
"4082","beta_trend",6083,4076,0,0.0567636355927932
"4083","beta_trend",6083,4077,0,0.0566687510869471
"4084","beta_trend",6083,4078,0,0.056579530555217
"4085","beta_trend",6083,4079,0,0.0564959206573329
"4086","beta_trend",6083,4080,0,0.0564178647560143
"4087","beta_trend",6083,4081,0,0.0563453029358116
"4088","beta_trend",6083,4082,0,0.0562781720244317
"4089","beta_trend",6083,4083,0,0.0562164056165139
"4090","beta_trend",6083,4084,0,0.056159934099832
"4091","beta_trend",6083,4085,0,0.0561086846838892
"4092","beta_trend",6083,4086,0,0.0560625814308692
"4093","beta_trend",6083,4087,0,0.0560215452889129
"4094","beta_trend",6083,4088,0,0.0559854941276838
"4095","beta_trend",6083,4089,0,0.0559543427761816
"4096","beta_trend",6083,4090,0,0.0559280030627687
"4097","beta_trend",6083,4091,0,0.0559063838573678
"4098","beta_trend",6083,4092,0,0.0558893911157865
"4099","beta_trend",6083,4093,0,0.0558769279261314
"4100","beta_trend",6083,4094,0,0.055868894557263
"4101","beta_trend",6083,4095,0,0.0558651885092474
"4102","beta_trend",6083,4096,0,0.0558657045657619
"4103","beta_trend",6083,4097,0,0.055870334848402
"4104","beta_trend",6083,4098,0,0.0558789688728448
"4105","beta_trend",6083,4099,0,0.0558914936068211
"4106","beta_trend",6083,4100,0,0.0559077935298424
"4107","beta_trend",6083,4101,0,0.0559277506946355
"4108","beta_trend",6083,4102,0,0.0559512447902309
"4109","beta_trend",6083,4103,0,0.0559781532066553
"4110","beta_trend",6083,4104,0,0.0560083511011743
"4111","beta_trend",6083,4105,0,0.0560417114660288
"4112","beta_trend",6083,4106,0,0.0560781051976182
"4113","beta_trend",6083,4107,0,0.0561174011670704
"4114","beta_trend",6083,4108,0,0.0561594662921443
"4115","beta_trend",6083,4109,0,0.0562041656104126
"4116","beta_trend",6083,4110,0,0.0562513623536673
"4117","beta_trend",6083,4111,0,0.0563009180234932
"4118","beta_trend",6083,4112,0,0.0563526924679507
"4119","beta_trend",6083,4113,0,0.0564065439593165
"4120","beta_trend",6083,4114,0,0.0564623292728228
"4121","beta_trend",6083,4115,0,0.0565199037663384
"4122","beta_trend",6083,4116,0,0.0565791214609374
"4123","beta_trend",6083,4117,0,0.0566398351222986
"4124","beta_trend",6083,4118,0,0.056701896342878
"4125","beta_trend",6083,4119,0,0.0567651556247998
"4126","beta_trend",6083,4120,0,0.0568294624634104
"4127","beta_trend",6083,4121,0,0.0568946654314376
"4128","beta_trend",6083,4122,0,0.0569606122637027
"4129","beta_trend",6083,4123,0,0.0570271499423268
"4130","beta_trend",6083,4124,0,0.0570941247823792
"4131","beta_trend",6083,4125,0,0.0571613825179131
"4132","beta_trend",6083,4126,0,0.0572287683883338
"4133","beta_trend",6083,4127,0,0.0572961272250453
"4134","beta_trend",6083,4128,0,0.0573633035383256
"4135","beta_trend",6083,4129,0,0.0573985107698839
"4136","beta_trend",6083,4130,0,0.057463396155418
"4137","beta_trend",6083,4131,0,0.0575275680680667
"4138","beta_trend",6083,4132,0,0.0575908680325439
"4139","beta_trend",6083,4133,0,0.0576531375926345
"4140","beta_trend",6083,4134,0,0.0577142183951587
"4141","beta_trend",6083,4135,0,0.0577739522737224
"4142","beta_trend",6083,4136,0,0.0578321813321969
"4143","beta_trend",6083,4137,0,0.0578887480278832
"4144","beta_trend",6083,4138,0,0.0579434952543108
"4145","beta_trend",6083,4139,0,0.0579962664236247
"4146","beta_trend",6083,4140,0,0.0580469055485124
"4147","beta_trend",6083,4141,0,0.0580952573236286
"4148","beta_trend",6083,4142,0,0.0581411672064669
"4149","beta_trend",6083,4143,0,0.0581844814976419
"4150","beta_trend",6083,4144,0,0.0582250474205315
"4151","beta_trend",6083,4145,0,0.0582627132002435
"4152","beta_trend",6083,4146,0,0.0582973281418596
"4153","beta_trend",6083,4147,0,0.0583287427079224
"4154","beta_trend",6083,4148,0,0.0583568085951205
"4155","beta_trend",6083,4149,0,0.0583813788101375
"4156","beta_trend",6083,4150,0,0.0584023077446264
"4157","beta_trend",6083,4151,0,0.0584194512492735
"4158","beta_trend",6083,4152,0,0.0584326667069135
"4159","beta_trend",6083,4153,0,0.0584418131046678
"4160","beta_trend",6083,4154,0,0.0584467511050661
"4161","beta_trend",6083,4155,0,0.0584473431161235
"4162","beta_trend",6083,4156,0,0.058443453360342
"4163","beta_trend",6083,4157,0,0.0584349479426011
"4164","beta_trend",6083,4158,0,0.0584216949169168
"4165","beta_trend",6083,4159,0,0.0584035643520333
"4166","beta_trend",6083,4160,0,0.0583804283958247
"4167","beta_trend",6083,4161,0,0.0583521613384803
"4168","beta_trend",6083,4162,0,0.0583186396744464
"4169","beta_trend",6083,4163,0,0.0582797421631033
"4170","beta_trend",6083,4164,0,0.0582353498881546
"4171","beta_trend",6083,4165,0,0.0581853463157038
"4172","beta_trend",6083,4166,0,0.0581296173510014
"4173","beta_trend",6083,4167,0,0.0580680513938405
"4174","beta_trend",6083,4168,0,0.058000539392583
"4175","beta_trend",6083,4169,0,0.057926974896797
"4176","beta_trend",6083,4170,0,0.0578472541084922
"4177","beta_trend",6083,4171,0,0.0577612759319331
"4178","beta_trend",6083,4172,0,0.0576689420220191
"4179","beta_trend",6083,4173,0,0.0575868744661326
"4180","beta_trend",6083,4174,0,0.0574808049312399
"4181","beta_trend",6083,4175,0,0.0573681326903475
"4182","beta_trend",6083,4176,0,0.0572487696286547
"4183","beta_trend",6083,4177,0,0.0571226306467457
"4184","beta_trend",6083,4178,0,0.0569896336986193
"4185","beta_trend",6083,4179,0,0.0568496998282503
"4186","beta_trend",6083,4180,0,0.0567027532046714
"4187","beta_trend",6083,4181,0,0.0565487211555739
"4188","beta_trend",6083,4182,0,0.0563875341994104
"4189","beta_trend",6083,4183,0,0.0562191260760068
"4190","beta_trend",6083,4184,0,0.0560434337756663
"4191","beta_trend",6083,4185,0,0.0558603975667712
"4192","beta_trend",6083,4186,0,0.0556699610218714
"4193","beta_trend",6083,4187,0,0.0554720710422639
"4194","beta_trend",6083,4188,0,0.0552666778810565
"4195","beta_trend",6083,4189,0,0.0550537351647177
"4196","beta_trend",6083,4190,0,0.0548331999131108
"4197","beta_trend",6083,4191,0,0.0546050325580153
"4198","beta_trend",6083,4192,0,0.0543691969601343
"4199","beta_trend",6083,4193,0,0.0541256604245915
"4200","beta_trend",6083,4194,0,0.0538743937149192
"4201","beta_trend",6083,4195,0,0.0536153710655436
"4202","beta_trend",6083,4196,0,0.053348570192768
"4203","beta_trend",6083,4197,0,0.0530739723042604
"4204","beta_trend",6083,4198,0,0.0527915621070516
"4205","beta_trend",6083,4199,0,0.0525013278140477
"4206","beta_trend",6083,4200,0,0.0522032611490667
"4207","beta_trend",6083,4201,0,0.051897357350403
"4208","beta_trend",6083,4202,0,0.0515836151729308
"4209","beta_trend",6083,4203,0,0.0512620368887509
"4210","beta_trend",6083,4204,0,0.0509326282863966
"4211","beta_trend",6083,4205,0,0.0505953986686002
"4212","beta_trend",6083,4206,0,0.0502503608486354
"4213","beta_trend",6083,4207,0,0.0498975311452444
"4214","beta_trend",6083,4208,0,0.0495369293761629
"4215","beta_trend",6083,4209,0,0.0491685788502498
"4216","beta_trend",6083,4210,0,0.0487925063582396
"4217","beta_trend",6083,4211,0,0.0484087421621263
"4218","beta_trend",6083,4212,0,0.0480173199831916
"4219","beta_trend",6083,4213,0,0.047618276988696
"4220","beta_trend",6083,4214,0,0.047211653777237
"4221","beta_trend",6083,4215,0,0.0467974943628016
"4222","beta_trend",6083,4216,0,0.0463758461575147
"4223","beta_trend",6083,4217,0,0.0459467599531097
"4224","beta_trend",6083,4218,0,0.0455102899011309
"4225","beta_trend",6083,4219,0,0.0450664934918837
"4226","beta_trend",6083,4220,0,0.044615431532153
"4227","beta_trend",6083,4221,0,0.0441571681217022
"4228","beta_trend",6083,4222,0,0.0436917706285738
"4229","beta_trend",6083,4223,0,0.0432193096632059
"4230","beta_trend",6083,4224,0,0.0427398590513859
"4231","beta_trend",6083,4225,0,0.042253495806056
"4232","beta_trend",6083,4226,0,0.0417228899741504
"4233","beta_trend",6083,4227,0,0.0412212221075932
"4234","beta_trend",6083,4228,0,0.0407128166473629
"4235","beta_trend",6083,4229,0,0.040197760020638
"4236","beta_trend",6083,4230,0,0.0396761415716772
"4237","beta_trend",6083,4231,0,0.0391480535234168
"4238","beta_trend",6083,4232,0,0.0386135909379566
"4239","beta_trend",6083,4233,0,0.0380728516759495
"4240","beta_trend",6083,4234,0,0.037525936354917
"4241","beta_trend",6083,4235,0,0.036972948306507
"4242","beta_trend",6083,4236,0,0.0364139935327159
"4243","beta_trend",6083,4237,0,0.0358491806610943
"4244","beta_trend",6083,4238,0,0.0352786208989565
"4245","beta_trend",6083,4239,0,0.0347024279866119
"4246","beta_trend",6083,4240,0,0.0341207181496456
"4247","beta_trend",6083,4241,0,0.03353361005026
"4248","beta_trend",6083,4242,0,0.0329412247377069
"4249","beta_trend",6083,4243,0,0.032343685597827
"4250","beta_trend",6083,4244,0,0.0317411183017212
"4251","beta_trend",6083,4245,0,0.031133650753572
"4252","beta_trend",6083,4246,0,0.0305214130376428
"4253","beta_trend",6083,4247,0,0.0299045373644733
"4254","beta_trend",6083,4248,0,0.0292831580162947
"4255","beta_trend",6083,4249,0,0.0286574112916903
"4256","beta_trend",6083,4250,0,0.0280274354495208
"4257","beta_trend",6083,4251,0,0.0273933706521413
"4258","beta_trend",6083,4252,0,0.0267553589079329
"4259","beta_trend",6083,4253,0,0.0261135440131706
"4260","beta_trend",6083,4254,0,0.0254680714932563
"4261","beta_trend",6083,4255,0,0.024819088543336
"4262","beta_trend",6083,4256,0,0.024166743968333
"4263","beta_trend",6083,4257,0,0.0235111881224122
"4264","beta_trend",6083,4258,0,0.0228525728479113
"4265","beta_trend",6083,4259,0,0.0221910514137583
"4266","beta_trend",6083,4260,0,0.0215267784533989
"4267","beta_trend",6083,4261,0,0.0208599099022667
"4268","beta_trend",6083,4262,0,0.0201906029348167
"4269","beta_trend",6083,4263,0,0.0195190159011492
"4270","beta_trend",6083,4264,0,0.0188453082632519
"4271","beta_trend",6083,4265,0,0.0181696405308863
"4272","beta_trend",6083,4266,0,0.0174921741971444
"4273","beta_trend",6083,4267,0,0.0168130716737043
"4274","beta_trend",6083,4268,0,0.0161324962258091
"4275","beta_trend",6083,4269,0,0.0154849528681295
"4276","beta_trend",6083,4270,0,0.0148004055315181
"4277","beta_trend",6083,4271,0,0.0141149432433412
"4278","beta_trend",6083,4272,0,0.013428729518819
"4279","beta_trend",6083,4273,0,0.012741928489993
"4280","beta_trend",6083,4274,0,0.0120547048366156
"4281","beta_trend",6083,4275,0,0.0113672237170428
"4282","beta_trend",6083,4276,0,0.0106796506991615
"4283","beta_trend",6083,4277,0,0.00999215169137346
"4284","beta_trend",6083,4278,0,0.0093048928736652
"4285","beta_trend",6083,4279,0,0.00861804062878924
"4286","beta_trend",6083,4280,0,0.00793176147358332
"4287","beta_trend",6083,4281,0,0.00724622199045521
"4288","beta_trend",6083,4282,0,0.0065615887590601
"4289","beta_trend",6083,4283,0,0.00587802828819539
"4290","beta_trend",6083,4284,0,0.00519570694794358
"4291","beta_trend",6083,4285,0,0.00451479090208728
"4292","beta_trend",6083,4286,0,0.00383544604082442
"4293","beta_trend",6083,4287,0,0.00315783791381119
"4294","beta_trend",6083,4288,0,0.00248213166355982
"4295","beta_trend",6083,4289,0,0.00180849195921695
"4296","beta_trend",6083,4290,0,0.00113708293075232
"4297","beta_trend",6083,4291,0,0.000468068103581576
"4298","beta_trend",6083,4292,0,-0.000198389666345777
"4299","beta_trend",6083,4293,0,-0.000862128256971184
"4300","beta_trend",6083,4294,0,-0.0015229863440327
"4301","beta_trend",6083,4295,0,-0.00218080346442839
"4302","beta_trend",6083,4296,0,-0.00283542007900894
"4303","beta_trend",6083,4297,0,-0.00348667763477262
"4304","beta_trend",6083,4298,0,-0.00413441862643871
"4305","beta_trend",6083,4299,0,-0.00477848665736813
"4306","beta_trend",6083,4300,0,-0.00541872649981157
"4307","beta_trend",6083,4301,0,-0.00605498415445238
"4308","beta_trend",6083,4302,0,-0.00668710690922369
"4309","beta_trend",6083,4303,0,-0.00731494339737104
"4310","beta_trend",6083,4304,0,-0.00793834365473678
"4311","beta_trend",6083,4305,0,-0.00855715917624045
"4312","beta_trend",6083,4306,0,-0.00917124297152894
"4313","beta_trend",6083,4307,0,-0.00978044961977531
"4314","beta_trend",6083,4308,0,-0.0103846353235973
"4315","beta_trend",6083,4309,0,-0.0109836579620756
"4316","beta_trend",6083,4310,0,-0.0115773771428448
"4317","beta_trend",6083,4311,0,-0.0121656542532367
"4318","beta_trend",6083,4312,0,-0.0127483525104505
"4319","beta_trend",6083,4313,0,-0.0133253370107262
"4320","beta_trend",6083,4314,0,-0.0138964747775046
"4321","beta_trend",6083,4315,0,-0.0144616348085437
"4322","beta_trend",6083,4316,0,-0.0150206881219763
"4323","beta_trend",6083,4317,0,-0.0155735078012853
"4324","beta_trend",6083,4318,0,-0.0161199690391757
"4325","beta_trend",6083,4319,0,-0.0166599491803224
"4326","beta_trend",6083,4320,0,-0.0171933277629772
"4327","beta_trend",6083,4321,0,-0.017719986559412
"4328","beta_trend",6083,4322,0,-0.0182843526841606
"4329","beta_trend",6083,4323,0,-0.0187992805740105
"4330","beta_trend",6083,4324,0,-0.0193072371233065
"4331","beta_trend",6083,4325,0,-0.0198081170450367
"4332","beta_trend",6083,4326,0,-0.0203018176052633
"4333","beta_trend",6083,4327,0,-0.0207882386607001
"4334","beta_trend",6083,4328,0,-0.0212672826951343
"4335","beta_trend",6083,4329,0,-0.021738854854676
"4336","beta_trend",6083,4330,0,-0.0222028629818298
"4337","beta_trend",6083,4331,0,-0.0226592176483711
"4338","beta_trend",6083,4332,0,-0.0231078321870203
"4339","beta_trend",6083,4333,0,-0.0235486227219016
"4340","beta_trend",6083,4334,0,-0.0239815081977829
"4341","beta_trend",6083,4335,0,-0.0244064104080775
"4342","beta_trend",6083,4336,0,-0.0248232540216136
"4343","beta_trend",6083,4337,0,-0.0252319666081493
"4344","beta_trend",6083,4338,0,-0.0256324786626382
"4345","beta_trend",6083,4339,0,-0.0260247236282311
"4346","beta_trend",6083,4340,0,-0.0264086379180137
"4347","beta_trend",6083,4341,0,-0.0267841609354718
"4348","beta_trend",6083,4342,0,-0.027151235093682
"4349","beta_trend",6083,4343,0,-0.027509805833222
"4350","beta_trend",6083,4344,0,-0.0278598216388011
"4351","beta_trend",6083,4345,0,-0.0282012340546036
"4352","beta_trend",6083,4346,0,-0.0285339976983486
"4353","beta_trend",6083,4347,0,-0.028858070274062
"4354","beta_trend",6083,4348,0,-0.0291734125835598
"4355","beta_trend",6083,4349,0,-0.0294799885366476
"4356","beta_trend",6083,4350,0,-0.0297777651600303
"4357","beta_trend",6083,4351,0,-0.030066712604941
"4358","beta_trend",6083,4352,0,-0.0303468041534843
"4359","beta_trend",6083,4353,0,-0.0306180162237036
"4360","beta_trend",6083,4354,0,-0.0308803283733696
"4361","beta_trend",6083,4355,0,-0.0311337233025001
"4362","beta_trend",6083,4356,0,-0.03137818685461
"4363","beta_trend",6083,4357,0,-0.0316137080167025
"4364","beta_trend",6083,4358,0,-0.0318402789180028
"4365","beta_trend",6083,4359,0,-0.0320578948274446
"4366","beta_trend",6083,4360,0,-0.0322665541499128
"4367","beta_trend",6083,4361,0,-0.0324662584212533
"4368","beta_trend",6083,4362,0,-0.0326570123020581
"4369","beta_trend",6083,4363,0,-0.0328388235702312
"4370","beta_trend",6083,4364,0,-0.033011703112348
"4371","beta_trend",6083,4365,0,-0.0331756649138177
"4372","beta_trend",6083,4366,0,-0.0333072665583897
"4373","beta_trend",6083,4367,0,-0.0334544859846816
"4374","beta_trend",6083,4368,0,-0.0335928044763824
"4375","beta_trend",6083,4369,0,-0.0337222500132567
"4376","beta_trend",6083,4370,0,-0.03384285354426
"4377","beta_trend",6083,4371,0,-0.0339546489728332
"4378","beta_trend",6083,4372,0,-0.0340576731410199
"4379","beta_trend",6083,4373,0,-0.0341519658124256
"4380","beta_trend",6083,4374,0,-0.0342375696540337
"4381","beta_trend",6083,4375,0,-0.034314530216893
"4382","beta_trend",6083,4376,0,-0.0343828959156955
"4383","beta_trend",6083,4377,0,-0.034442718007257
"4384","beta_trend",6083,4378,0,-0.0344940505679221
"4385","beta_trend",6083,4379,0,-0.0345369504699061
"4386","beta_trend",6083,4380,0,-0.0345714773565959
"4387","beta_trend",6083,4381,0,-0.0345976936168236
"4388","beta_trend",6083,4382,0,-0.0346156643581331
"4389","beta_trend",6083,4383,0,-0.0346254573790582
"4390","beta_trend",6083,4384,0,-0.0346271431404293
"4391","beta_trend",6083,4385,0,-0.0346207947357275
"4392","beta_trend",6083,4386,0,-0.0346064878605078
"4393","beta_trend",6083,4387,0,-0.0345843007809061
"4394","beta_trend",6083,4388,0,-0.034554314301252
"4395","beta_trend",6083,4389,0,-0.0345166117308078
"4396","beta_trend",6083,4390,0,-0.0344712788496494
"4397","beta_trend",6083,4391,0,-0.0344184038737134
"4398","beta_trend",6083,4392,0,-0.0343580774190256
"4399","beta_trend",6083,4393,0,-0.0342903924651349
"4400","beta_trend",6083,4394,0,-0.0342154443177685
"4401","beta_trend",6083,4395,0,-0.0341333305707322
"4402","beta_trend",6083,4396,0,-0.0340441510670729
"4403","beta_trend",6083,4397,0,-0.0339480078595232
"4404","beta_trend",6083,4398,0,-0.0338450051702512
"4405","beta_trend",6083,4399,0,-0.0337352493499316
"4406","beta_trend",6083,4400,0,-0.0336188488361596
"4407","beta_trend",6083,4401,0,-0.0334959141112287
"4408","beta_trend",6083,4402,0,-0.0333665576592902
"4409","beta_trend",6083,4403,0,-0.0332308939229138
"4410","beta_trend",6083,4404,0,-0.0330890392590725
"4411","beta_trend",6083,4405,0,-0.0329411118945659
"4412","beta_trend",6083,4406,0,-0.0327872318809065
"4413","beta_trend",6083,4407,0,-0.0326275210486836
"4414","beta_trend",6083,4408,0,-0.0324621029614292
"4415","beta_trend",6083,4409,0,-0.0322911028689976
"4416","beta_trend",6083,4410,0,-0.0321146476604863
"4417","beta_trend",6083,4411,0,-0.0319328658167091
"4418","beta_trend",6083,4412,0,-0.0317458873622425
"4419","beta_trend",6083,4413,0,-0.0315538438170669
"4420","beta_trend",6083,4414,0,-0.0313568681478147
"4421","beta_trend",6083,4415,0,-0.0311550947186471
"4422","beta_trend",6083,4416,0,-0.0309486592417768
"4423","beta_trend",6083,4417,0,-0.0307376987276512
"4424","beta_trend",6083,4418,0,-0.0305223514348169
"4425","beta_trend",6083,4419,0,-0.03032843233852
"4426","beta_trend",6083,4420,0,-0.0301059136799792
"4427","beta_trend",6083,4421,0,-0.02987948136721
"4428","beta_trend",6083,4422,0,-0.0296492802245002
"4429","beta_trend",6083,4423,0,-0.029415456146637
"4430","beta_trend",6083,4424,0,-0.0291781560497544
"4431","beta_trend",6083,4425,0,-0.0289375278220458
"4432","beta_trend",6083,4426,0,-0.0286937202743552
"4433","beta_trend",6083,4427,0,-0.028446883090664
"4434","beta_trend",6083,4428,0,-0.0281971667784889
"4435","beta_trend",6083,4429,0,-0.0279447226192082
"4436","beta_trend",6083,4430,0,-0.0276897026183263
"4437","beta_trend",6083,4431,0,-0.0274322594556985
"4438","beta_trend",6083,4432,0,-0.0271725464357252
"4439","beta_trend",6083,4433,0,-0.02691071743753
"4440","beta_trend",6083,4434,0,-0.0266469268651399
"4441","beta_trend",6083,4435,0,-0.0263813295976757
"4442","beta_trend",6083,4436,0,-0.0261140809395691
"4443","beta_trend",6083,4437,0,-0.0258453365708187
"4444","beta_trend",6083,4438,0,-0.0255752524972968
"4445","beta_trend",6083,4439,0,-0.0253039850011204
"4446","beta_trend",6083,4440,0,-0.0250316905910982
"4447","beta_trend",6083,4441,0,-0.0247585259532627
"4448","beta_trend",6083,4442,0,-0.0244846479015034
"4449","beta_trend",6083,4443,0,-0.0242102133283081
"4450","beta_trend",6083,4444,0,-0.0239353791556247
"4451","beta_trend",6083,4445,0,-0.0236603022858536
"4452","beta_trend",6083,4446,0,-0.0233851395529809
"4453","beta_trend",6083,4447,0,-0.0231100476738628
"4454","beta_trend",6083,4448,0,-0.0228351831996672
"4455","beta_trend",6083,4449,0,-0.0225607024674884
"4456","beta_trend",6083,4450,0,-0.0222867615521374
"4457","beta_trend",6083,4451,0,-0.0220135162181176
"4458","beta_trend",6083,4452,0,-0.0217411218717996
"4459","beta_trend",6083,4453,0,-0.0214697335137944
"4460","beta_trend",6083,4454,0,-0.0211995056915391
"4461","beta_trend",6083,4455,0,-0.0209305924521026
"4462","beta_trend",6083,4456,0,-0.020663147295213
"4463","beta_trend",6083,4457,0,-0.0203973231265208
"4464","beta_trend",6083,4458,0,-0.020133272211098
"4465","beta_trend",6083,4459,0,-0.0198711461271857
"4466","beta_trend",6083,4460,0,-0.0196110957201907
"4467","beta_trend",6083,4461,0,-0.019353271056942
"4468","beta_trend",6083,4462,0,-0.0190612672849004
"4469","beta_trend",6083,4463,0,-0.0188099575955757
"4470","beta_trend",6083,4464,0,-0.0185612509265511
"4471","beta_trend",6083,4465,0,-0.0183152964484886
"4472","beta_trend",6083,4466,0,-0.0180722422314421
"4473","beta_trend",6083,4467,0,-0.0178322352039844
"4474","beta_trend",6083,4468,0,-0.0175954211125339
"4475","beta_trend",6083,4469,0,-0.0173619444808917
"4476","beta_trend",6083,4470,0,-0.0171319485699889
"4477","beta_trend",6083,4471,0,-0.0169055753378573
"4478","beta_trend",6083,4472,0,-0.0166829653998224
"4479","beta_trend",6083,4473,0,-0.0164642579889305
"4480","beta_trend",6083,4474,0,-0.0162495909166108
"4481","beta_trend",6083,4475,0,-0.0160391005335796
"4482","beta_trend",6083,4476,0,-0.0158329216909919
"4483","beta_trend",6083,4477,0,-0.0156311877018439
"4484","beta_trend",6083,4478,0,-0.0154340303026345
"4485","beta_trend",6083,4479,0,-0.0152415796152848
"4486","beta_trend",6083,4480,0,-0.0150539641093272
"4487","beta_trend",6083,4481,0,-0.0148713105643611
"4488","beta_trend",6083,4482,0,-0.0146937440327867
"4489","beta_trend",6083,4483,0,-0.0145213878028133
"4490","beta_trend",6083,4484,0,-0.0143543633617564
"4491","beta_trend",6083,4485,0,-0.0141927903596142
"4492","beta_trend",6083,4486,0,-0.0140367865729413
"4493","beta_trend",6083,4487,0,-0.0138864678690113
"4494","beta_trend",6083,4488,0,-0.0137419481702823
"4495","beta_trend",6083,4489,0,-0.0136033394191598
"4496","beta_trend",6083,4490,0,-0.0134707515430676
"4497","beta_trend",6083,4491,0,-0.0133442924198265
"4498","beta_trend",6083,4492,0,-0.0132240678433448
"4499","beta_trend",6083,4493,0,-0.0131101814896253
"4500","beta_trend",6083,4494,0,-0.0130027348830898
"4501","beta_trend",6083,4495,0,-0.0129018273632276
"4502","beta_trend",6083,4496,0,-0.0128075560515684
"4503","beta_trend",6083,4497,0,-0.0127200158189837
"4504","beta_trend",6083,4498,0,-0.0126392992533223
"4505","beta_trend",6083,4499,0,-0.0125654966273788
"4506","beta_trend",6083,4500,0,-0.0124986958672026
"4507","beta_trend",6083,4501,0,-0.0124389825207478
"4508","beta_trend",6083,4502,0,-0.0123864397268684
"4509","beta_trend",6083,4503,0,-0.012341148184663
"4510","beta_trend",6083,4504,0,-0.0123031861231708
"4511","beta_trend",6083,4505,0,-0.0122726292714219
"4512","beta_trend",6083,4506,0,-0.0122495508288478
"4513","beta_trend",6083,4507,0,-0.012234021436053
"4514","beta_trend",6083,4508,0,-0.0122261091459522
"4515","beta_trend",6083,4509,0,-0.0122258793952774
"4516","beta_trend",6083,4510,0,-0.0122333949764556
"4517","beta_trend",6083,4511,0,-0.0122487160098652
"4518","beta_trend",6083,4512,0,-0.0122718999164708
"4519","beta_trend",6083,4513,0,-0.0123030013908418
"4520","beta_trend",6083,4514,0,-0.0123420723745598
"4521","beta_trend",6083,4515,0,-0.0124420956203639
"4522","beta_trend",6083,4516,0,-0.0124996917651971
"4523","beta_trend",6083,4517,0,-0.0125655026596559
"4524","beta_trend",6083,4518,0,-0.0126395732838419
"4525","beta_trend",6083,4519,0,-0.0127219458982787
"4526","beta_trend",6083,4520,0,-0.0128126600250683
"4527","beta_trend",6083,4521,0,-0.0129117524296125
"4528","beta_trend",6083,4522,0,-0.0130192571029113
"4529","beta_trend",6083,4523,0,-0.0131352052444422
"4530","beta_trend",6083,4524,0,-0.0132596252456346
"4531","beta_trend",6083,4525,0,-0.0133925426739389
"4532","beta_trend",6083,4526,0,-0.0135339802575071
"4533","beta_trend",6083,4527,0,-0.0136839578704873
"4534","beta_trend",6083,4528,0,-0.0138424925189438
"4535","beta_trend",6083,4529,0,-0.0140095983274091
"4536","beta_trend",6083,4530,0,-0.01418528652608
"4537","beta_trend",6083,4531,0,-0.0143695654386617
"4538","beta_trend",6083,4532,0,-0.0145624404708758
"4539","beta_trend",6083,4533,0,-0.0147639140996338
"4540","beta_trend",6083,4534,0,-0.0149739858628909
"4541","beta_trend",6083,4535,0,-0.0151926523501875
"4542","beta_trend",6083,4536,0,-0.0154199071938893
"4543","beta_trend",6083,4537,0,-0.0156557410611318
"4544","beta_trend",6083,4538,0,-0.015900141646485
"4545","beta_trend",6083,4539,0,-0.016153093665343
"4546","beta_trend",6083,4540,0,-0.0164145788480505
"4547","beta_trend",6083,4541,0,-0.0166845759347793
"4548","beta_trend",6083,4542,0,-0.016963060671157
"4549","beta_trend",6083,4543,0,-0.0172500058046688
"4550","beta_trend",6083,4544,0,-0.0175453810818328
"4551","beta_trend",6083,4545,0,-0.0178491532461682
"4552","beta_trend",6083,4546,0,-0.0181612860369585
"4553","beta_trend",6083,4547,0,-0.018481740188828
"4554","beta_trend",6083,4548,0,-0.0188104734321373
"4555","beta_trend",6083,4549,0,-0.0191474404942099
"4556","beta_trend",6083,4550,0,-0.0194925931014025
"4557","beta_trend",6083,4551,0,-0.0198458799820276
"4558","beta_trend",6083,4552,0,-0.0202072468701395
"4559","beta_trend",6083,4553,0,-0.0205766365101977
"4560","beta_trend",6083,4554,0,-0.0209539886626136
"4561","beta_trend",6083,4555,0,-0.0213392401101967
"4562","beta_trend",6083,4556,0,-0.021732324665507
"4563","beta_trend",6083,4557,0,-0.0221331731791286
"4564","beta_trend",6083,4558,0,-0.0225417135488706
"4565","beta_trend",6083,4559,0,-0.0229301288124628
"4566","beta_trend",6083,4560,0,-0.0233550531299147
"4567","beta_trend",6083,4561,0,-0.0237873838079077
"4568","beta_trend",6083,4562,0,-0.0242270390785139
"4569","beta_trend",6083,4563,0,-0.0246739342070719
"4570","beta_trend",6083,4564,0,-0.025127981509654
"4571","beta_trend",6083,4565,0,-0.0255890903714701
"4572","beta_trend",6083,4566,0,-0.0260571672662162
"4573","beta_trend",6083,4567,0,-0.0265321157763826
"4574","beta_trend",6083,4568,0,-0.0270138366145334
"4575","beta_trend",6083,4569,0,-0.0275022276455662
"4576","beta_trend",6083,4570,0,-0.0279971839099654
"4577","beta_trend",6083,4571,0,-0.0284985976480604
"4578","beta_trend",6083,4572,0,-0.0290063583252967
"4579","beta_trend",6083,4573,0,-0.0295203526585367
"4580","beta_trend",6083,4574,0,-0.0300404646433902
"4581","beta_trend",6083,4575,0,-0.0305665755825961
"4582","beta_trend",6083,4576,0,-0.0310985641154586
"4583","beta_trend",6083,4577,0,-0.0316363062483452
"4584","beta_trend",6083,4578,0,-0.0321796753862628
"4585","beta_trend",6083,4579,0,-0.0327285423655139
"4586","beta_trend",6083,4580,0,-0.0332827754874447
"4587","beta_trend",6083,4581,0,-0.0338422405532928
"4588","beta_trend",6083,4582,0,-0.0344068009001393
"4589","beta_trend",6083,4583,0,-0.0349763174379764
"4590","beta_trend",6083,4584,0,-0.0355506486878944
"4591","beta_trend",6083,4585,0,-0.0361296508213936
"4592","beta_trend",6083,4586,0,-0.0367131777008305
"4593","beta_trend",6083,4587,0,-0.0373010809209977
"4594","beta_trend",6083,4588,0,-0.0378932098518476
"4595","beta_trend",6083,4589,0,-0.0384894116823606
"4596","beta_trend",6083,4590,0,-0.0390895314655606
"4597","beta_trend",6083,4591,0,-0.0396934121646848
"4598","beta_trend",6083,4592,0,-0.0403008947005038
"4599","beta_trend",6083,4593,0,-0.0409118179997993
"4600","beta_trend",6083,4594,0,-0.041526019044996
"4601","beta_trend",6083,4595,0,-0.0421433329249504
"4602","beta_trend",6083,4596,0,-0.0427635928868934
"4603","beta_trend",6083,4597,0,-0.0433866303895285
"4604","beta_trend",6083,4598,0,-0.0440122751572815
"4605","beta_trend",6083,4599,0,-0.0446403552356974
"4606","beta_trend",6083,4600,0,-0.0452706970479841
"4607","beta_trend",6083,4601,0,-0.0459031254526964
"4608","beta_trend",6083,4602,0,-0.0465374638025539
"4609","beta_trend",6083,4603,0,-0.0471735340043895
"4610","beta_trend",6083,4604,0,-0.0478111565802181
"4611","beta_trend",6083,4605,0,-0.0484501507294195
"4612","beta_trend",6083,4606,0,-0.0490903343920258
"4613","beta_trend",6083,4607,0,-0.0497315243131029
"4614","beta_trend",6083,4608,0,-0.0503735361082165
"4615","beta_trend",6083,4609,0,-0.0510161843299678
"4616","beta_trend",6083,4610,0,-0.0516592825355899
"4617","beta_trend",6083,4611,0,-0.0523026433555879
"4618","beta_trend",6083,4612,0,-0.052967421215481
"4619","beta_trend",6083,4613,0,-0.053611725009805
"4620","beta_trend",6083,4614,0,-0.0542557671600133
"4621","beta_trend",6083,4615,0,-0.0548993590265817
"4622","beta_trend",6083,4616,0,-0.0555423114658654
"4623","beta_trend",6083,4617,0,-0.0561844349067874
"4624","beta_trend",6083,4618,0,-0.0568255394285005
"4625","beta_trend",6083,4619,0,-0.0574654348390086
"4626","beta_trend",6083,4620,0,-0.0581039307547138
"4627","beta_trend",6083,4621,0,-0.0587408366808775
"4628","beta_trend",6083,4622,0,-0.0593759620929589
"4629","beta_trend",6083,4623,0,-0.0600091165188141
"4630","beta_trend",6083,4624,0,-0.0606401096217204
"4631","beta_trend",6083,4625,0,-0.0612687512842039
"4632","beta_trend",6083,4626,0,-0.0618948516926341
"4633","beta_trend",6083,4627,0,-0.0625182214225607
"4634","beta_trend",6083,4628,0,-0.0631386715247525
"4635","beta_trend",6083,4629,0,-0.0637560136119145
"4636","beta_trend",6083,4630,0,-0.0643700599460364
"4637","beta_trend",6083,4631,0,-0.0649806235263483
"4638","beta_trend",6083,4632,0,-0.0655875181778375
"4639","beta_trend",6083,4633,0,-0.0661905586402907
"4640","beta_trend",6083,4634,0,-0.0667895606578233
"4641","beta_trend",6083,4635,0,-0.0673843410688525
"4642","beta_trend",6083,4636,0,-0.0679747178964714
"4643","beta_trend",6083,4637,0,-0.0685605104391833
"4644","beta_trend",6083,4638,0,-0.0691415393619471
"4645","beta_trend",6083,4639,0,-0.0697176267874936
"4646","beta_trend",6083,4640,0,-0.0702885963878577
"4647","beta_trend",6083,4641,0,-0.070854273476088
"4648","beta_trend",6083,4642,0,-0.071414485098072
"4649","beta_trend",6083,4643,0,-0.0719690601244388
"4650","beta_trend",6083,4644,0,-0.0725178293424769
"4651","beta_trend",6083,4645,0,-0.073060625548021
"4652","beta_trend",6083,4646,0,-0.0735972836372498
"4653","beta_trend",6083,4647,0,-0.0741276406983413
"4654","beta_trend",6083,4648,0,-0.0746515361029291
"4655","beta_trend",6083,4649,0,-0.0751688115973004
"4656","beta_trend",6083,4650,0,-0.0756793113932819
"4657","beta_trend",6083,4651,0,-0.0761828822587491
"4658","beta_trend",6083,4652,0,-0.0766793736077012
"4659","beta_trend",6083,4653,0,-0.0771686375898413
"4660","beta_trend",6083,4654,0,-0.0776505291795978
"4661","beta_trend",6083,4655,0,-0.0780947750876404
"4662","beta_trend",6083,4656,0,-0.0785628309741538
"4663","beta_trend",6083,4657,0,-0.0790230413478639
"4664","beta_trend",6083,4658,0,-0.0794752755591445
"4665","beta_trend",6083,4659,0,-0.0799194061373919
"4666","beta_trend",6083,4660,0,-0.0803553088779964
"4667","beta_trend",6083,4661,0,-0.0807828629282225
"4668","beta_trend",6083,4662,0,-0.0812019508719336
"4669","beta_trend",6083,4663,0,-0.0816124588130955
"4670","beta_trend",6083,4664,0,-0.082014276457987
"4671","beta_trend",6083,4665,0,-0.0824072971960563
"4672","beta_trend",6083,4666,0,-0.0827914181793497
"4673","beta_trend",6083,4667,0,-0.0831665404004481
"4674","beta_trend",6083,4668,0,-0.0835325687688423
"4675","beta_trend",6083,4669,0,-0.0838894121856746
"4676","beta_trend",6083,4670,0,-0.0842369836167843
"4677","beta_trend",6083,4671,0,-0.0845752001639817
"4678","beta_trend",6083,4672,0,-0.0849039831344875
"4679","beta_trend",6083,4673,0,-0.0852232581084627
"4680","beta_trend",6083,4674,0,-0.0855329550045649
"4681","beta_trend",6083,4675,0,-0.0858330081434606
"4682","beta_trend",6083,4676,0,-0.0861233563092245
"4683","beta_trend",6083,4677,0,-0.0864039428085573
"4684","beta_trend",6083,4678,0,-0.0866747155277562
"4685","beta_trend",6083,4679,0,-0.0869356269873689
"4686","beta_trend",6083,4680,0,-0.0871866343944656
"4687","beta_trend",6083,4681,0,-0.0874276996924592
"4688","beta_trend",6083,4682,0,-0.0876587896084149
"4689","beta_trend",6083,4683,0,-0.087879875697776
"4690","beta_trend",6083,4684,0,-0.0880909343864484
"4691","beta_trend",6083,4685,0,-0.0882919470101776
"4692","beta_trend",6083,4686,0,-0.0884828998511543
"4693","beta_trend",6083,4687,0,-0.0886637841717917
"4694","beta_trend",6083,4688,0,-0.0888345962456099
"4695","beta_trend",6083,4689,0,-0.0889953373851722
"4696","beta_trend",6083,4690,0,-0.0891460139670103
"4697","beta_trend",6083,4691,0,-0.0892866374534886
"4698","beta_trend",6083,4692,0,-0.089417224411546
"4699","beta_trend",6083,4693,0,-0.0895377965282663
"4700","beta_trend",6083,4694,0,-0.0896483806232228
"4701","beta_trend",6083,4695,0,-0.0897490086575471
"4702","beta_trend",6083,4696,0,-0.0898397177396743
"4703","beta_trend",6083,4697,0,-0.0899205501277136
"4704","beta_trend",6083,4698,0,-0.0899915532284074
"4705","beta_trend",6083,4699,0,-0.0900527795926258
"4706","beta_trend",6083,4700,0,-0.0901042869073623
"4707","beta_trend",6083,4701,0,-0.0901461379841885
"4708","beta_trend",6083,4702,0,-0.090178400744133
"4709","beta_trend",6083,4703,0,-0.0902011481989451
"4710","beta_trend",6083,4704,0,-0.090214458428717
"4711","beta_trend",6083,4705,0,-0.0902184145558284
"4712","beta_trend",6083,4706,0,-0.0902131047151903
"4713","beta_trend",6083,4707,0,-0.0901986220207603
"4714","beta_trend",6083,4708,0,-0.0902325623650073
"4715","beta_trend",6083,4709,0,-0.0902026853256094
"4716","beta_trend",6083,4710,0,-0.0901640596366543
"4717","beta_trend",6083,4711,0,-0.0901168026000504
"4718","beta_trend",6083,4712,0,-0.09006103644706
"4719","beta_trend",6083,4713,0,-0.0899968882878618
"4720","beta_trend",6083,4714,0,-0.0899244900574464
"4721","beta_trend",6083,4715,0,-0.0898439784578448
"4722","beta_trend",6083,4716,0,-0.0897554948966925
"4723","beta_trend",6083,4717,0,-0.0896591854221352
"4724","beta_trend",6083,4718,0,-0.0895552006540863
"4725","beta_trend",6083,4719,0,-0.0894436957118458
"4726","beta_trend",6083,4720,0,-0.0893248301381008
"4727","beta_trend",6083,4721,0,-0.0891987678193205
"4728","beta_trend",6083,4722,0,-0.0890656769025718
"4729","beta_trend",6083,4723,0,-0.0889257297087785
"4730","beta_trend",6083,4724,0,-0.0887791026424545
"4731","beta_trend",6083,4725,0,-0.0886259760979381
"4732","beta_trend",6083,4726,0,-0.0884665343621696
"4733","beta_trend",6083,4727,0,-0.0883009655140432
"4734","beta_trend",6083,4728,0,-0.0881294613203794
"4735","beta_trend",6083,4729,0,-0.0879522171285615
"4736","beta_trend",6083,4730,0,-0.0877694317558841
"4737","beta_trend",6083,4731,0,-0.0875813073756661
"4738","beta_trend",6083,4732,0,-0.0873880494001827
"4739","beta_trend",6083,4733,0,-0.0871898663604758
"4740","beta_trend",6083,4734,0,-0.0869869697831007
"4741","beta_trend",6083,4735,0,-0.086779574063882
"4742","beta_trend",6083,4736,0,-0.0865678963387367
"4743","beta_trend",6083,4737,0,-0.0863521563516464
"4744","beta_trend",6083,4738,0,-0.0861325763198439
"4745","beta_trend",6083,4739,0,-0.0859093807963011
"4746","beta_trend",6083,4740,0,-0.085682796529593
"4747","beta_trend",6083,4741,0,-0.0854530523212248
"4748","beta_trend",6083,4742,0,-0.0852203788805103
"4749","beta_trend",6083,4743,0,-0.0849850086770906
"4750","beta_trend",6083,4744,0,-0.0847471757911887
"4751","beta_trend",6083,4745,0,-0.0845071157616945
"4752","beta_trend",6083,4746,0,-0.0842650654321814
"4753","beta_trend",6083,4747,0,-0.084021262794956
"4754","beta_trend",6083,4748,0,-0.083775946833248
"4755","beta_trend",6083,4749,0,-0.0835293573616451
"4756","beta_trend",6083,4750,0,-0.0832817348648869
"4757","beta_trend",6083,4751,0,-0.0830333203351282
"4758","beta_trend",6083,4752,0,-0.082746501369163
"4759","beta_trend",6083,4753,0,-0.0824989027793115
"4760","beta_trend",6083,4754,0,-0.0822511661677457
"4761","beta_trend",6083,4755,0,-0.0820035356772379
"4762","beta_trend",6083,4756,0,-0.0817562550241626
"4763","beta_trend",6083,4757,0,-0.0815095673324492
"4764","beta_trend",6083,4758,0,-0.0812637149667675
"4765","beta_trend",6083,4759,0,-0.0810189393650813
"4766","beta_trend",6083,4760,0,-0.0807754808707005
"4767","beta_trend",6083,4761,0,-0.0805335785639743
"4768","beta_trend",6083,4762,0,-0.0802934700937575
"4769","beta_trend",6083,4763,0,-0.080055391508795
"4770","beta_trend",6083,4764,0,-0.0798195770891591
"4771","beta_trend",6083,4765,0,-0.0795862591778895
"4772","beta_trend",6083,4766,0,-0.0793556680129693
"4773","beta_trend",6083,4767,0,-0.079128031559791
"4774","beta_trend",6083,4768,0,-0.0789035753442496
"4775","beta_trend",6083,4769,0,-0.0786825222866124
"4776","beta_trend",6083,4770,0,-0.078465092536309
"4777","beta_trend",6083,4771,0,-0.078251503307791
"4778","beta_trend",6083,4772,0,-0.0780419687176043
"4779","beta_trend",6083,4773,0,-0.0778366996228244
"4780","beta_trend",6083,4774,0,-0.0776359034609995
"4781","beta_trend",6083,4775,0,-0.077439784091747
"4782","beta_trend",6083,4776,0,-0.0772485416401537
"4783","beta_trend",6083,4777,0,-0.0770623723421228
"4784","beta_trend",6083,4778,0,-0.0768814683918122
"4785","beta_trend",6083,4779,0,-0.0767060177913124
"4786","beta_trend",6083,4780,0,-0.0765362042027039
"4787","beta_trend",6083,4781,0,-0.0763722068026409
"4788","beta_trend",6083,4782,0,-0.0762142001395996
"4789","beta_trend",6083,4783,0,-0.0760623539939335
"4790","beta_trend",6083,4784,0,-0.0759168332408744
"4791","beta_trend",6083,4785,0,-0.0757777977166154
"4792","beta_trend",6083,4786,0,-0.0756454020876139
"4793","beta_trend",6083,4787,0,-0.0755197957232455
"4794","beta_trend",6083,4788,0,-0.0754011225719431
"4795","beta_trend",6083,4789,0,-0.0752895210409488
"4796","beta_trend",6083,4790,0,-0.0751851238798067
"4797","beta_trend",6083,4791,0,-0.075088058067723
"4798","beta_trend",6083,4792,0,-0.0749984447049122
"4799","beta_trend",6083,4793,0,-0.0749163989080507
"4800","beta_trend",6083,4794,0,-0.0748420297099557
"4801","beta_trend",6083,4795,0,-0.0747754399636006
"4802","beta_trend",6083,4796,0,-0.0747167262505777
"4803","beta_trend",6083,4797,0,-0.074665978794117
"4804","beta_trend",6083,4798,0,-0.0746232813767621
"4805","beta_trend",6083,4799,0,-0.0745887112628055
"4806","beta_trend",6083,4800,0,-0.0745623391255789
"4807","beta_trend",6083,4801,0,-0.0745442289796893
"4808","beta_trend",6083,4802,0,-0.0745344381182947
"4809","beta_trend",6083,4803,0,-0.0745330170554955
"4810","beta_trend",6083,4804,0,-0.074540009473932
"4811","beta_trend",6083,4805,0,-0.0745766995861968
"4812","beta_trend",6083,4806,0,-0.0746016014000258
"4813","beta_trend",6083,4807,0,-0.074635048838575
"4814","beta_trend",6083,4808,0,-0.0746770595643031
"4815","beta_trend",6083,4809,0,-0.07472764429076
"4816","beta_trend",6083,4810,0,-0.0747868067649567
"4817","beta_trend",6083,4811,0,-0.074854543755431
"4818","beta_trend",6083,4812,0,-0.0749308450460563
"4819","beta_trend",6083,4813,0,-0.0750156934356324
"4820","beta_trend",6083,4814,0,-0.0751090647432912
"4821","beta_trend",6083,4815,0,-0.0752109278197481
"4822","beta_trend",6083,4816,0,-0.0753212445644229
"4823","beta_trend",6083,4817,0,-0.0754399699484478
"4824","beta_trend",6083,4818,0,-0.0755670520435744
"4825","beta_trend",6083,4819,0,-0.0757024320569913
"4826","beta_trend",6083,4820,0,-0.0758460443720512
"4827","beta_trend",6083,4821,0,-0.0759978165949053
"4828","beta_trend",6083,4822,0,-0.0761576696070335
"4829","beta_trend",6083,4823,0,-0.0763255176236624
"4830","beta_trend",6083,4824,0,-0.0765012682580432
"4831","beta_trend",6083,4825,0,-0.0766848225915685
"4832","beta_trend",6083,4826,0,-0.076876075249695
"4833","beta_trend",6083,4827,0,-0.0770749144836342
"4834","beta_trend",6083,4828,0,-0.0772812222577712
"4835","beta_trend",6083,4829,0,-0.0774948743427568
"4836","beta_trend",6083,4830,0,-0.0777157404142275
"4837","beta_trend",6083,4831,0,-0.0779436841570845
"4838","beta_trend",6083,4832,0,-0.0781785633752725
"4839","beta_trend",6083,4833,0,-0.0784202301069837
"4840","beta_trend",6083,4834,0,-0.0786685307452115
"4841","beta_trend",6083,4835,0,-0.0789233061635713
"4842","beta_trend",6083,4836,0,-0.0791843918473002
"4843","beta_trend",6083,4837,0,-0.0794516180293436
"4844","beta_trend",6083,4838,0,-0.0797248098314259
"4845","beta_trend",6083,4839,0,-0.0800037874100074
"4846","beta_trend",6083,4840,0,-0.080288366107013
"4847","beta_trend",6083,4841,0,-0.0805783566052185
"4848","beta_trend",6083,4842,0,-0.0808735650881786
"4849","beta_trend",6083,4843,0,-0.0811737934045658
"4850","beta_trend",6083,4844,0,-0.0814788392367962
"4851","beta_trend",6083,4845,0,-0.0817884962738035
"4852","beta_trend",6083,4846,0,-0.0821025543878234
"4853","beta_trend",6083,4847,0,-0.0824207998150437
"4854","beta_trend",6083,4848,0,-0.0827085335721922
"4855","beta_trend",6083,4849,0,-0.0830360233454669
"4856","beta_trend",6083,4850,0,-0.0833669752610388
"4857","beta_trend",6083,4851,0,-0.0837011654063512
"4858","beta_trend",6083,4852,0,-0.0840383670969437
"4859","beta_trend",6083,4853,0,-0.0843783510800501
"4860","beta_trend",6083,4854,0,-0.0847208857408474
"4861","beta_trend",6083,4855,0,-0.0850657373111796
"4862","beta_trend",6083,4856,0,-0.085412670080578
"4863","beta_trend",6083,4857,0,-0.0857614466093952
"4864","beta_trend",6083,4858,0,-0.0861118279438705
"4865","beta_trend",6083,4859,0,-0.0864635738329342
"4866","beta_trend",6083,4860,0,-0.086816442946565
"4867","beta_trend",6083,4861,0,-0.0871701930955028
"4868","beta_trend",6083,4862,0,-0.0875245814521227
"4869","beta_trend",6083,4863,0,-0.0878793647722727
"4870","beta_trend",6083,4864,0,-0.0882342996178711
"4871","beta_trend",6083,4865,0,-0.0885891425800669
"4872","beta_trend",6083,4866,0,-0.0889436505027527
"4873","beta_trend",6083,4867,0,-0.0892975807062276
"4874","beta_trend",6083,4868,0,-0.0896506912108053
"4875","beta_trend",6083,4869,0,-0.0900027409601527
"4876","beta_trend",6083,4870,0,-0.0903534900441576
"4877","beta_trend",6083,4871,0,-0.0907026999211068
"4878","beta_trend",6083,4872,0,-0.0910501336389735
"4879","beta_trend",6083,4873,0,-0.0913955560555942
"4880","beta_trend",6083,4874,0,-0.0917387340575314
"4881","beta_trend",6083,4875,0,-0.0920794367774054
"4882","beta_trend",6083,4876,0,-0.0924174358094882
"4883","beta_trend",6083,4877,0,-0.0927525054233489
"4884","beta_trend",6083,4878,0,-0.0930844227753373
"4885","beta_trend",6083,4879,0,-0.0934129681177056
"4886","beta_trend",6083,4880,0,-0.0937379250051472
"4887","beta_trend",6083,4881,0,-0.0940590804985637
"4888","beta_trend",6083,4882,0,-0.0943762253658396
"4889","beta_trend",6083,4883,0,-0.0946891542794317
"4890","beta_trend",6083,4884,0,-0.0949976660105694
"4891","beta_trend",6083,4885,0,-0.0953015636198671
"4892","beta_trend",6083,4886,0,-0.095600654644153
"4893","beta_trend",6083,4887,0,-0.0958947512793197
"4894","beta_trend",6083,4888,0,-0.0961836705590076
"4895","beta_trend",6083,4889,0,-0.0964672345289321
"4896","beta_trend",6083,4890,0,-0.096745270416671
"4897","beta_trend",6083,4891,0,-0.0970176107967289
"4898","beta_trend",6083,4892,0,-0.0972840937507038
"4899","beta_trend",6083,4893,0,-0.0975445630223808
"4900","beta_trend",6083,4894,0,-0.0977988681675829
"4901","beta_trend",6083,4895,0,-0.0980468646986145
"4902","beta_trend",6083,4896,0,-0.0982884142231355
"4903","beta_trend",6083,4897,0,-0.098523384577311
"4904","beta_trend",6083,4898,0,-0.0987516499530817
"4905","beta_trend",6083,4899,0,-0.0989730910194122
"4906","beta_trend",6083,4900,0,-0.0991875950373722
"4907","beta_trend",6083,4901,0,-0.099448662859266
"4908","beta_trend",6083,4902,0,-0.0996514545758951
"4909","beta_trend",6083,4903,0,-0.0998471192341691
"4910","beta_trend",6083,4904,0,-0.100035575853272
"4911","beta_trend",6083,4905,0,-0.100216750685483
"4912","beta_trend",6083,4906,0,-0.100390577297
"4913","beta_trend",6083,4907,0,-0.10055699664192
"4914","beta_trend",6083,4908,0,-0.100715957129274
"4915","beta_trend",6083,4909,0,-0.100867414683032
"4916","beta_trend",6083,4910,0,-0.101011332795001
"4917","beta_trend",6083,4911,0,-0.101147682570547
"4918","beta_trend",6083,4912,0,-0.101276442767065
"4919","beta_trend",6083,4913,0,-0.101397599825143
"4920","beta_trend",6083,4914,0,-0.101511147892374
"4921","beta_trend",6083,4915,0,-0.101617088839756
"4922","beta_trend",6083,4916,0,-0.101715432270657
"4923","beta_trend",6083,4917,0,-0.101806195522304
"4924","beta_trend",6083,4918,0,-0.101889403659775
"4925","beta_trend",6083,4919,0,-0.101965089462482
"4926","beta_trend",6083,4920,0,-0.102033293403122
"4927","beta_trend",6083,4921,0,-0.102094063619115
"4928","beta_trend",6083,4922,0,-0.102147455876513
"4929","beta_trend",6083,4923,0,-0.102193533526409
"4930","beta_trend",6083,4924,0,-0.102232367453857
"4931","beta_trend",6083,4925,0,-0.102264036019331
"4932","beta_trend",6083,4926,0,-0.102288624992767
"4933","beta_trend",6083,4927,0,-0.102306227480217
"4934","beta_trend",6083,4928,0,-0.10231694384318
"4935","beta_trend",6083,4929,0,-0.102320881610647
"4936","beta_trend",6083,4930,0,-0.102318155383952
"4937","beta_trend",6083,4931,0,-0.102308886734473
"4938","beta_trend",6083,4932,0,-0.102293204094283
"4939","beta_trend",6083,4933,0,-0.102271242639827
"4940","beta_trend",6083,4934,0,-0.102243144168719
"4941","beta_trend",6083,4935,0,-0.102209056969766
"4942","beta_trend",6083,4936,0,-0.102169135686319
"4943","beta_trend",6083,4937,0,-0.102123541173074
"4944","beta_trend",6083,4938,0,-0.102072440346433
"4945","beta_trend",6083,4939,0,-0.102016006028567
"4946","beta_trend",6083,4940,0,-0.101954416785302
"4947","beta_trend",6083,4941,0,-0.101887856757984
"4948","beta_trend",6083,4942,0,-0.101816515489456
"4949","beta_trend",6083,4943,0,-0.101740587744312
"4950","beta_trend",6083,4944,0,-0.101660273323582
"4951","beta_trend",6083,4945,0,-0.101545216290314
"4952","beta_trend",6083,4946,0,-0.101458099901202
"4953","beta_trend",6083,4947,0,-0.101367167733331
"4954","beta_trend",6083,4948,0,-0.101272640014262
"4955","beta_trend",6083,4949,0,-0.101174740922177
"4956","beta_trend",6083,4950,0,-0.101073698373553
"4957","beta_trend",6083,4951,0,-0.100969743806475
"4958","beta_trend",6083,4952,0,-0.10086311195979
"4959","beta_trend",6083,4953,0,-0.10075404064831
"4960","beta_trend",6083,4954,0,-0.100642770534284
"4961","beta_trend",6083,4955,0,-0.10052954489535
"4962","beta_trend",6083,4956,0,-0.100414609389198
"4963","beta_trend",6083,4957,0,-0.10029821181516
"4964","beta_trend",6083,4958,0,-0.10018060187297
"4965","beta_trend",6083,4959,0,-0.100062030918915
"4966","beta_trend",6083,4960,0,-0.0999427517196187
"4967","beta_trend",6083,4961,0,-0.0998230182037015
"4968","beta_trend",6083,4962,0,-0.0997030852115464
"4969","beta_trend",6083,4963,0,-0.0995832082434285
"4970","beta_trend",6083,4964,0,-0.0994636432062477
"4971","beta_trend",6083,4965,0,-0.0993446461591131
"4972","beta_trend",6083,4966,0,-0.099226473058031
"4973","beta_trend",6083,4967,0,-0.0991093794999455
"4974","beta_trend",6083,4968,0,-0.0989936204663894
"4975","beta_trend",6083,4969,0,-0.0988794500669923
"4976","beta_trend",6083,4970,0,-0.0987671212831067
"4977","beta_trend",6083,4971,0,-0.0986568857118018
"4978","beta_trend",6083,4972,0,-0.0985489933104821
"4979","beta_trend",6083,4973,0,-0.098443692142387
"4980","beta_trend",6083,4974,0,-0.0983412281232222
"4981","beta_trend",6083,4975,0,-0.0982418447691803
"4982","beta_trend",6083,4976,0,-0.0981457829466026
"4983","beta_trend",6083,4977,0,-0.0980532806235299
"4984","beta_trend",6083,4978,0,-0.0979645726234011
"4985","beta_trend",6083,4979,0,-0.09787989038114
"4986","beta_trend",6083,4980,0,-0.0977994617018819
"4987","beta_trend",6083,4981,0,-0.0977235105225831
"4988","beta_trend",6083,4982,0,-0.0976522566767566
"4989","beta_trend",6083,4983,0,-0.0975859156625712
"4990","beta_trend",6083,4984,0,-0.0975246984145549
"4991","beta_trend",6083,4985,0,-0.0974688110791315
"4992","beta_trend",6083,4986,0,-0.0974184547942231
"4993","beta_trend",6083,4987,0,-0.097373825473145
"4994","beta_trend",6083,4988,0,-0.0973351135930135
"4995","beta_trend",6083,4989,0,-0.0973025039878888
"4996","beta_trend",6083,4990,0,-0.0972761756468612
"4997","beta_trend",6083,4991,0,-0.0972563015172965
"4998","beta_trend",6083,4992,0,-0.0972430483134398
"4999","beta_trend",6083,4993,0,-0.0972365763305811
"5000","beta_trend",6083,4994,0,-0.0972370392649741
"5001","beta_trend",6083,4995,0,-0.0972445840396984
"5002","beta_trend",6083,4996,0,-0.0972593506366493
"5003","beta_trend",6083,4997,0,-0.0972814719348291
"5004","beta_trend",6083,4998,0,-0.0973417316015447
"5005","beta_trend",6083,4999,0,-0.0973803444487688
"5006","beta_trend",6083,5000,0,-0.0974267278785732
"5007","beta_trend",6083,5001,0,-0.0974809873605601
"5008","beta_trend",6083,5002,0,-0.0975432206457033
"5009","beta_trend",6083,5003,0,-0.0976135176489014
"5010","beta_trend",6083,5004,0,-0.0976919603389849
"5011","beta_trend",6083,5005,0,-0.097778622636296
"5012","beta_trend",6083,5006,0,-0.0978735703179662
"5013","beta_trend",6083,5007,0,-0.0979768609309959
"5014","beta_trend",6083,5008,0,-0.0980885437132448
"5015","beta_trend",6083,5009,0,-0.0982086595224229
"5016","beta_trend",6083,5010,0,-0.0983372407731754
"5017","beta_trend",6083,5011,0,-0.0984743113823339
"5018","beta_trend",6083,5012,0,-0.0986198867224122
"5019","beta_trend",6083,5013,0,-0.0987739735834047
"5020","beta_trend",6083,5014,0,-0.0989365701429433
"5021","beta_trend",6083,5015,0,-0.0991076659448629
"5022","beta_trend",6083,5016,0,-0.099287241886207
"5023","beta_trend",6083,5017,0,-0.0994752702127093
"5024","beta_trend",6083,5018,0,-0.0996717145227694
"5025","beta_trend",6083,5019,0,-0.0998765297799352
"5026","beta_trend",6083,5020,0,-0.100089662333897
"5027","beta_trend",6083,5021,0,-0.10031104994999
"5028","beta_trend",6083,5022,0,-0.100540621847185
"5029","beta_trend",6083,5023,0,-0.100778298744561
"5030","beta_trend",6083,5024,0,-0.101023992916208
"5031","beta_trend",6083,5025,0,-0.101277608254543
"5032","beta_trend",6083,5026,0,-0.101539040341975
"5033","beta_trend",6083,5027,0,-0.10180817653087
"5034","beta_trend",6083,5028,0,-0.102084896031756
"5035","beta_trend",6083,5029,0,-0.102369070009685
"5036","beta_trend",6083,5030,0,-0.102660561688681
"5037","beta_trend",6083,5031,0,-0.102959226464171
"5038","beta_trend",6083,5032,0,-0.103264912023324
"5039","beta_trend",6083,5033,0,-0.103577458473162
"5040","beta_trend",6083,5034,0,-0.10389669847636
"5041","beta_trend",6083,5035,0,-0.104222457394587
"5042","beta_trend",6083,5036,0,-0.104554553439276
"5043","beta_trend",6083,5037,0,-0.104892797829677
"5044","beta_trend",6083,5038,0,-0.105236994958053
"5045","beta_trend",6083,5039,0,-0.105586942561859
"5046","beta_trend",6083,5040,0,-0.105942431902754
"5047","beta_trend",6083,5041,0,-0.106303247952271
"5048","beta_trend",6083,5042,0,-0.106634547445804
"5049","beta_trend",6083,5043,0,-0.107006881959747
"5050","beta_trend",6083,5044,0,-0.107383797814679
"5051","beta_trend",6083,5045,0,-0.107765059352068
"5052","beta_trend",6083,5046,0,-0.108150425552068
"5053","beta_trend",6083,5047,0,-0.10853965025836
"5054","beta_trend",6083,5048,0,-0.108932482408212
"5055","beta_trend",6083,5049,0,-0.109328666267543
"5056","beta_trend",6083,5050,0,-0.10972794167076
"5057","beta_trend",6083,5051,0,-0.110130044265163
"5058","beta_trend",6083,5052,0,-0.110534705759662
"5059","beta_trend",6083,5053,0,-0.110941654177585
"5060","beta_trend",6083,5054,0,-0.111350614113333
"5061","beta_trend",6083,5055,0,-0.111761306992634
"5062","beta_trend",6083,5056,0,-0.112173451336146
"5063","beta_trend",6083,5057,0,-0.112586763026156
"5064","beta_trend",6083,5058,0,-0.113000955576129
"5065","beta_trend",6083,5059,0,-0.113415740402825
"5066","beta_trend",6083,5060,0,-0.113830827100738
"5067","beta_trend",6083,5061,0,-0.114245923718589
"5068","beta_trend",6083,5062,0,-0.114660737037594
"5069","beta_trend",6083,5063,0,-0.115074972851244
"5070","beta_trend",6083,5064,0,-0.115488336246331
"5071","beta_trend",6083,5065,0,-0.11590053188492
"5072","beta_trend",6083,5066,0,-0.116311264287028
"5073","beta_trend",6083,5067,0,-0.116720238113693
"5074","beta_trend",6083,5068,0,-0.117127158450186
"5075","beta_trend",6083,5069,0,-0.117531731089071
"5076","beta_trend",6083,5070,0,-0.117933662812837
"5077","beta_trend",6083,5071,0,-0.118332661675823
"5078","beta_trend",6083,5072,0,-0.118728437285158
"5079","beta_trend",6083,5073,0,-0.119120701080438
"5080","beta_trend",6083,5074,0,-0.119509166611858
"5081","beta_trend",6083,5075,0,-0.119893549816525
"5082","beta_trend",6083,5076,0,-0.120273569292681
"5083","beta_trend",6083,5077,0,-0.120648946571556
"5084","beta_trend",6083,5078,0,-0.121019406386578
"5085","beta_trend",6083,5079,0,-0.121384676939681
"5086","beta_trend",6083,5080,0,-0.121744490164431
"5087","beta_trend",6083,5081,0,-0.12209858198572
"5088","beta_trend",6083,5082,0,-0.122446692575744
"5089","beta_trend",6083,5083,0,-0.12278856660604
"5090","beta_trend",6083,5084,0,-0.123123953495299
"5091","beta_trend",6083,5085,0,-0.123452607652713
"5092","beta_trend",6083,5086,0,-0.123774288716619
"5093","beta_trend",6083,5087,0,-0.124088761788186
"5094","beta_trend",6083,5088,0,-0.124395797659915
"5095","beta_trend",6083,5089,0,-0.12469517303871
"5096","beta_trend",6083,5090,0,-0.124986670763307
"5097","beta_trend",6083,5091,0,-0.125270080015826
"5098","beta_trend",6083,5092,0,-0.12554519652723
"5099","beta_trend",6083,5093,0,-0.125811822776494
"5100","beta_trend",6083,5094,0,-0.126117322292775
"5101","beta_trend",6083,5095,0,-0.126368597532256
"5102","beta_trend",6083,5096,0,-0.126610927801229
"5103","beta_trend",6083,5097,0,-0.12684414830464
"5104","beta_trend",6083,5098,0,-0.127068102034171
"5105","beta_trend",6083,5099,0,-0.127282639930322
"5106","beta_trend",6083,5100,0,-0.127487621037026
"5107","beta_trend",6083,5101,0,-0.12768291264866
"5108","beta_trend",6083,5102,0,-0.127868390449272
"5109","beta_trend",6083,5103,0,-0.128043938643914
"5110","beta_trend",6083,5104,0,-0.128209450081937
"5111","beta_trend",6083,5105,0,-0.128364826372122
"5112","beta_trend",6083,5106,0,-0.128509977989529
"5113","beta_trend",6083,5107,0,-0.128644824373971
"5114","beta_trend",6083,5108,0,-0.128769294019991
"5115","beta_trend",6083,5109,0,-0.128883324558275
"5116","beta_trend",6083,5110,0,-0.128986862828391
"5117","beta_trend",6083,5111,0,-0.129079864942811
"5118","beta_trend",6083,5112,0,-0.129162296342124
"5119","beta_trend",6083,5113,0,-0.129234131841395
"5120","beta_trend",6083,5114,0,-0.129295355667621
"5121","beta_trend",6083,5115,0,-0.129345961488248
"5122","beta_trend",6083,5116,0,-0.129385952430706
"5123","beta_trend",6083,5117,0,-0.129415341092962
"5124","beta_trend",6083,5118,0,-0.129434149545054
"5125","beta_trend",6083,5119,0,-0.129442409321618
"5126","beta_trend",6083,5120,0,-0.129440161405414
"5127","beta_trend",6083,5121,0,-0.129427456201855
"5128","beta_trend",6083,5122,0,-0.12940435350457
"5129","beta_trend",6083,5123,0,-0.129370922452029
"5130","beta_trend",6083,5124,0,-0.129327241475275
"5131","beta_trend",6083,5125,0,-0.129273398236809
"5132","beta_trend",6083,5126,0,-0.129209489560688
"5133","beta_trend",6083,5127,0,-0.129135621353901
"5134","beta_trend",6083,5128,0,-0.129051908519099
"5135","beta_trend",6083,5129,0,-0.12895847485877
"5136","beta_trend",6083,5130,0,-0.128855452970943
"5137","beta_trend",6083,5131,0,-0.128742984136519
"5138","beta_trend",6083,5132,0,-0.128621218198355
"5139","beta_trend",6083,5133,0,-0.128490313432202
"5140","beta_trend",6083,5134,0,-0.128350436409626
"5141","beta_trend",6083,5135,0,-0.128201761853051
"5142","beta_trend",6083,5136,0,-0.128044472483059
"5143","beta_trend",6083,5137,0,-0.1278787588581
"5144","beta_trend",6083,5138,0,-0.127661597714512
"5145","beta_trend",6083,5139,0,-0.127481550782396
"5146","beta_trend",6083,5140,0,-0.127293616283753
"5147","beta_trend",6083,5141,0,-0.12709801754518
"5148","beta_trend",6083,5142,0,-0.126894984705944
"5149","beta_trend",6083,5143,0,-0.126684754519475
"5150","beta_trend",6083,5144,0,-0.126467570148402
"5151","beta_trend",6083,5145,0,-0.126243680953334
"5152","beta_trend",6083,5146,0,-0.126013342275588
"5153","beta_trend",6083,5147,0,-0.125776815214092
"5154","beta_trend",6083,5148,0,-0.125534366396678
"5155","beta_trend",6083,5149,0,-0.125286267746003
"5156","beta_trend",6083,5150,0,-0.125032796240316
"5157","beta_trend",6083,5151,0,-0.124774233669319
"5158","beta_trend",6083,5152,0,-0.124510866385363
"5159","beta_trend",6083,5153,0,-0.124242985050225
"5160","beta_trend",6083,5154,0,-0.123970884377709
"5161","beta_trend",6083,5155,0,-0.123694862872337
"5162","beta_trend",6083,5156,0,-0.123415222564379
"5163","beta_trend",6083,5157,0,-0.123132268741488
"5164","beta_trend",6083,5158,0,-0.122846309677197
"5165","beta_trend",6083,5159,0,-0.122557656356552
"5166","beta_trend",6083,5160,0,-0.122266622199145
"5167","beta_trend",6083,5161,0,-0.12197352277982
"5168","beta_trend",6083,5162,0,-0.121678675547324
"5169","beta_trend",6083,5163,0,-0.121382399541177
"5170","beta_trend",6083,5164,0,-0.12108501510704
"5171","beta_trend",6083,5165,0,-0.120786843610848
"5172","beta_trend",6083,5166,0,-0.120488207152006
"5173","beta_trend",6083,5167,0,-0.120189428275896
"5174","beta_trend",6083,5168,0,-0.119890829686003
"5175","beta_trend",6083,5169,0,-0.119592733955918
"5176","beta_trend",6083,5170,0,-0.1192954632415
"5177","beta_trend",6083,5171,0,-0.118999338993489
"5178","beta_trend",6083,5172,0,-0.118704681670815
"5179","beta_trend",6083,5173,0,-0.118411810454911
"5180","beta_trend",6083,5174,0,-0.118121042965278
"5181","beta_trend",6083,5175,0,-0.117832694976593
"5182","beta_trend",6083,5176,0,-0.117547080137611
"5183","beta_trend",6083,5177,0,-0.117264509692144
"5184","beta_trend",6083,5178,0,-0.116985292202374
"5185","beta_trend",6083,5179,0,-0.116709733274755
"5186","beta_trend",6083,5180,0,-0.116438135288783
"5187","beta_trend",6083,5181,0,-0.116170797128864
"5188","beta_trend",6083,5182,0,-0.11590801391955
"5189","beta_trend",6083,5183,0,-0.115650076764385
"5190","beta_trend",6083,5184,0,-0.115397272488598
"5191","beta_trend",6083,5185,0,-0.115149883385895
"5192","beta_trend",6083,5186,0,-0.114908186969572
"5193","beta_trend",6083,5187,0,-0.114672455728188
"5194","beta_trend",6083,5188,0,-0.114442956886019
"5195","beta_trend",6083,5189,0,-0.114219952168505
"5196","beta_trend",6083,5190,0,-0.114003697572924
"5197","beta_trend",6083,5191,0,-0.113825405154347
"5198","beta_trend",6083,5192,0,-0.113624821635641
"5199","beta_trend",6083,5193,0,-0.113431781655853
"5200","beta_trend",6083,5194,0,-0.113246518630707
"5201","beta_trend",6083,5195,0,-0.113069259279833
"5202","beta_trend",6083,5196,0,-0.112900223435987
"5203","beta_trend",6083,5197,0,-0.112739623860887
"5204","beta_trend",6083,5198,0,-0.112587666067853
"5205","beta_trend",6083,5199,0,-0.112444548151393
"5206","beta_trend",6083,5200,0,-0.112310460623893
"5207","beta_trend",6083,5201,0,-0.112185586259544
"5208","beta_trend",6083,5202,0,-0.112070099945661
"5209","beta_trend",6083,5203,0,-0.111964168541499
"5210","beta_trend",6083,5204,0,-0.111867950744703
"5211","beta_trend",6083,5205,0,-0.111781596965496
"5212","beta_trend",6083,5206,0,-0.111705249208712
"5213","beta_trend",6083,5207,0,-0.111639040963771
"5214","beta_trend",6083,5208,0,-0.111583097102677
"5215","beta_trend",6083,5209,0,-0.111537533786136
"5216","beta_trend",6083,5210,0,-0.111502458377845
"5217","beta_trend",6083,5211,0,-0.111477969367025
"5218","beta_trend",6083,5212,0,-0.111464156299257
"5219","beta_trend",6083,5213,0,-0.111461099715665
"5220","beta_trend",6083,5214,0,-0.111468871100472
"5221","beta_trend",6083,5215,0,-0.111487532836981
"5222","beta_trend",6083,5216,0,-0.111517138171983
"5223","beta_trend",6083,5217,0,-0.11155773118861
"5224","beta_trend",6083,5218,0,-0.11160934678765
"5225","beta_trend",6083,5219,0,-0.111672010677295
"5226","beta_trend",6083,5220,0,-0.111745739371332
"5227","beta_trend",6083,5221,0,-0.111830540195745
"5228","beta_trend",6083,5222,0,-0.111926411303701
"5229","beta_trend",6083,5223,0,-0.112033341698878
"5230","beta_trend",6083,5224,0,-0.112151311267106
"5231","beta_trend",6083,5225,0,-0.112280290816234
"5232","beta_trend",6083,5226,0,-0.112420242124201
"5233","beta_trend",6083,5227,0,-0.11257111799521
"5234","beta_trend",6083,5228,0,-0.112732862323938
"5235","beta_trend",6083,5229,0,-0.112905410167698
"5236","beta_trend",6083,5230,0,-0.113088687826461
"5237","beta_trend",6083,5231,0,-0.113282612930623
"5238","beta_trend",6083,5232,0,-0.113487094536429
"5239","beta_trend",6083,5233,0,-0.113702033228919
"5240","beta_trend",6083,5234,0,-0.113927321232285
"5241","beta_trend",6083,5235,0,-0.114138978013371
"5242","beta_trend",6083,5236,0,-0.114385665930313
"5243","beta_trend",6083,5237,0,-0.114642286433152
"5244","beta_trend",6083,5238,0,-0.114908701304416
"5245","beta_trend",6083,5239,0,-0.115184764559695
"5246","beta_trend",6083,5240,0,-0.115470322601592
"5247","beta_trend",6083,5241,0,-0.115765214379963
"5248","beta_trend",6083,5242,0,-0.116069271558278
"5249","beta_trend",6083,5243,0,-0.116382318685923
"5250","beta_trend",6083,5244,0,-0.116704173376254
"5251","beta_trend",6083,5245,0,-0.117034646490225
"5252","beta_trend",6083,5246,0,-0.117373542325371
"5253","beta_trend",6083,5247,0,-0.117720658809977
"5254","beta_trend",6083,5248,0,-0.118075787702195
"5255","beta_trend",6083,5249,0,-0.118438714793926
"5256","beta_trend",6083,5250,0,-0.118809220119245
"5257","beta_trend",6083,5251,0,-0.119187078167139
"5258","beta_trend",6083,5252,0,-0.119572058098361
"5259","beta_trend",6083,5253,0,-0.119963923966149
"5260","beta_trend",6083,5254,0,-0.120362434940607
"5261","beta_trend",6083,5255,0,-0.120767345536492
"5262","beta_trend",6083,5256,0,-0.121178405844199
"5263","beta_trend",6083,5257,0,-0.121595361763686
"5264","beta_trend",6083,5258,0,-0.122017955241109
"5265","beta_trend",6083,5259,0,-0.122445924507932
"5266","beta_trend",6083,5260,0,-0.122879004322259
"5267","beta_trend",6083,5261,0,-0.12331692621215
"5268","beta_trend",6083,5262,0,-0.12375941872068
"5269","beta_trend",6083,5263,0,-0.124206207652477
"5270","beta_trend",6083,5264,0,-0.12465701632152
"5271","beta_trend",6083,5265,0,-0.125111565799926
"5272","beta_trend",6083,5266,0,-0.125569575167484
"5273","beta_trend",6083,5267,0,-0.126030761761698
"5274","beta_trend",6083,5268,0,-0.126494841428078
"5275","beta_trend",6083,5269,0,-0.126961528770445
"5276","beta_trend",6083,5270,0,-0.127430537400989
"5277","beta_trend",6083,5271,0,-0.127901580189852
"5278","beta_trend",6083,5272,0,-0.128374369513971
"5279","beta_trend",6083,5273,0,-0.12884861750497
"5280","beta_trend",6083,5274,0,-0.129324036295817
"5281","beta_trend",6083,5275,0,-0.129800338266052
"5282","beta_trend",6083,5276,0,-0.130277236285318
"5283","beta_trend",6083,5277,0,-0.130754443954973
"5284","beta_trend",6083,5278,0,-0.131231675847552
"5285","beta_trend",6083,5279,0,-0.131708647743853
"5286","beta_trend",6083,5280,0,-0.132185076867407
"5287","beta_trend",6083,5281,0,-0.132660682116132
"5288","beta_trend",6083,5282,0,-0.133135184290934
"5289","beta_trend",6083,5283,0,-0.133608306321054
"5290","beta_trend",6083,5284,0,-0.134079773485936
"5291","beta_trend",6083,5285,0,-0.134549313633423
"5292","beta_trend",6083,5286,0,-0.135016657394077
"5293","beta_trend",6083,5287,0,-0.135481538391413
"5294","beta_trend",6083,5288,0,-0.135998217872165
"5295","beta_trend",6083,5289,0,-0.13645989693231
"5296","beta_trend",6083,5290,0,-0.13691844300964
"5297","beta_trend",6083,5291,0,-0.137373608121153
"5298","beta_trend",6083,5292,0,-0.137825148423872
"5299","beta_trend",6083,5293,0,-0.13827282440217
"5300","beta_trend",6083,5294,0,-0.138716401049939
"5301","beta_trend",6083,5295,0,-0.139155648047431
"5302","beta_trend",6083,5296,0,-0.139590339932649
"5303","beta_trend",6083,5297,0,-0.140020256267126
"5304","beta_trend",6083,5298,0,-0.140445181795976
"5305","beta_trend",6083,5299,0,-0.140864906602082
"5306","beta_trend",6083,5300,0,-0.141279226254297
"5307","beta_trend",6083,5301,0,-0.141687941949558
"5308","beta_trend",6083,5302,0,-0.142090860648788
"5309","beta_trend",6083,5303,0,-0.142487795206505
"5310","beta_trend",6083,5304,0,-0.142878564494021
"5311","beta_trend",6083,5305,0,-0.143262993516175
"5312","beta_trend",6083,5306,0,-0.143640913521489
"5313","beta_trend",6083,5307,0,-0.144012162105693
"5314","beta_trend",6083,5308,0,-0.144376583308557
"5315","beta_trend",6083,5309,0,-0.144734027703953
"5316","beta_trend",6083,5310,0,-0.145084352483115
"5317","beta_trend",6083,5311,0,-0.145427421531042
"5318","beta_trend",6083,5312,0,-0.14576310549601
"5319","beta_trend",6083,5313,0,-0.146091281852164
"5320","beta_trend",6083,5314,0,-0.14641183495517
"5321","beta_trend",6083,5315,0,-0.1467246560909
"5322","beta_trend",6083,5316,0,-0.147029643517166
"5323","beta_trend",6083,5317,0,-0.147326702498471
"5324","beta_trend",6083,5318,0,-0.147615745333809
"5325","beta_trend",6083,5319,0,-0.147896691377512
"5326","beta_trend",6083,5320,0,-0.148169467053174
"5327","beta_trend",6083,5321,0,-0.148434005860672
"5328","beta_trend",6083,5322,0,-0.148690248376319
"5329","beta_trend",6083,5323,0,-0.148938142246196
"5330","beta_trend",6083,5324,0,-0.149177642172704
"5331","beta_trend",6083,5325,0,-0.149408709894398
"5332","beta_trend",6083,5326,0,-0.149631314159146
"5333","beta_trend",6083,5327,0,-0.149845430690712
"5334","beta_trend",6083,5328,0,-0.150051042148807
"5335","beta_trend",6083,5329,0,-0.150248138082701
"5336","beta_trend",6083,5330,0,-0.150436714878487
"5337","beta_trend",6083,5331,0,-0.150565191155755
"5338","beta_trend",6083,5332,0,-0.15073902879779
"5339","beta_trend",6083,5333,0,-0.150904281045036
"5340","beta_trend",6083,5334,0,-0.151060974756713
"5341","beta_trend",6083,5335,0,-0.151209143135461
"5342","beta_trend",6083,5336,0,-0.151348825643178
"5343","beta_trend",6083,5337,0,-0.15148006791115
"5344","beta_trend",6083,5338,0,-0.1516029216446
"5345","beta_trend",6083,5339,0,-0.151717444521791
"5346","beta_trend",6083,5340,0,-0.151823700087835
"5347","beta_trend",6083,5341,0,-0.151921757643347
"5348","beta_trend",6083,5342,0,-0.152011692128112
"5349","beta_trend",6083,5343,0,-0.152093583999898
"5350","beta_trend",6083,5344,0,-0.152167519108602
"5351","beta_trend",6083,5345,0,-0.152233588565876
"5352","beta_trend",6083,5346,0,-0.152291888610406
"5353","beta_trend",6083,5347,0,-0.152342520469026
"5354","beta_trend",6083,5348,0,-0.152385590213817
"5355","beta_trend",6083,5349,0,-0.152421208615405
"5356","beta_trend",6083,5350,0,-0.152449490992601
"5357","beta_trend",6083,5351,0,-0.1524705570586
"5358","beta_trend",6083,5352,0,-0.152484530763897
"5359","beta_trend",6083,5353,0,-0.152491540136131
"5360","beta_trend",6083,5354,0,-0.152491717117034
"5361","beta_trend",6083,5355,0,-0.152485197396679
"5362","beta_trend",6083,5356,0,-0.152472120245223
"5363","beta_trend",6083,5357,0,-0.152452628342344
"5364","beta_trend",6083,5358,0,-0.152426867604553
"5365","beta_trend",6083,5359,0,-0.152394987010602
"5366","beta_trend",6083,5360,0,-0.15235713842516
"5367","beta_trend",6083,5361,0,-0.152313476420978
"5368","beta_trend",6083,5362,0,-0.152264158099724
"5369","beta_trend",6083,5363,0,-0.152209342911703
"5370","beta_trend",6083,5364,0,-0.15214919247464
"5371","beta_trend",6083,5365,0,-0.152083870391753
"5372","beta_trend",6083,5366,0,-0.152013542069281
"5373","beta_trend",6083,5367,0,-0.151938374533695
"5374","beta_trend",6083,5368,0,-0.151858536248764
"5375","beta_trend",6083,5369,0,-0.151774196932685
"5376","beta_trend",6083,5370,0,-0.151685527375471
"5377","beta_trend",6083,5371,0,-0.151592699256774
"5378","beta_trend",6083,5372,0,-0.151495884964357
"5379","beta_trend",6083,5373,0,-0.151395257413382
"5380","beta_trend",6083,5374,0,-0.151290989866712
"5381","beta_trend",6083,5375,0,-0.151183255756413
"5382","beta_trend",6083,5376,0,-0.151072228506618
"5383","beta_trend",6083,5377,0,-0.15095808135797
"5384","beta_trend",6083,5378,0,-0.150840987193771
"5385","beta_trend",6083,5379,0,-0.150721118368054
"5386","beta_trend",6083,5380,0,-0.150598646535723
"5387","beta_trend",6083,5381,0,-0.150473742484927
"5388","beta_trend",6083,5382,0,-0.15034657597185
"5389","beta_trend",6083,5383,0,-0.150217315558049
"5390","beta_trend",6083,5384,0,-0.150109308406488
"5391","beta_trend",6083,5385,0,-0.149977428664409
"5392","beta_trend",6083,5386,0,-0.149843998385892
"5393","beta_trend",6083,5387,0,-0.149709181666171
"5394","beta_trend",6083,5388,0,-0.149573140706303
"5395","beta_trend",6083,5389,0,-0.14943603567132
"5396","beta_trend",6083,5390,0,-0.149298024552012
"5397","beta_trend",6083,5391,0,-0.149159263030458
"5398","beta_trend",6083,5392,0,-0.149019904349426
"5399","beta_trend",6083,5393,0,-0.148880099185764
"5400","beta_trend",6083,5394,0,-0.148739995527881
"5401","beta_trend",6083,5395,0,-0.148599738557439
"5402","beta_trend",6083,5396,0,-0.148459470535343
"5403","beta_trend",6083,5397,0,-0.148319330692125
"5404","beta_trend",6083,5398,0,-0.148179455122825
"5405","beta_trend",6083,5399,0,-0.148039976686431
"5406","beta_trend",6083,5400,0,-0.147901024909975
"5407","beta_trend",6083,5401,0,-0.147762725897345
"5408","beta_trend",6083,5402,0,-0.147625202242889
"5409","beta_trend",6083,5403,0,-0.147488572949862
"5410","beta_trend",6083,5404,0,-0.147352953353784
"5411","beta_trend",6083,5405,0,-0.147218455050743
"5412","beta_trend",6083,5406,0,-0.147085185830702
"5413","beta_trend",6083,5407,0,-0.146953249615836
"5414","beta_trend",6083,5408,0,-0.146822746403931
"5415","beta_trend",6083,5409,0,-0.146693772216887
"5416","beta_trend",6083,5410,0,-0.146566419054318
"5417","beta_trend",6083,5411,0,-0.146440774852287
"5418","beta_trend",6083,5412,0,-0.146316923447171
"5419","beta_trend",6083,5413,0,-0.146194944544663
"5420","beta_trend",6083,5414,0,-0.146074913693903
"5421","beta_trend",6083,5415,0,-0.145956902266738
"5422","beta_trend",6083,5416,0,-0.14584097744208
"5423","beta_trend",6083,5417,0,-0.145727202195357
"5424","beta_trend",6083,5418,0,-0.145615635293023
"5425","beta_trend",6083,5419,0,-0.145506331292093
"5426","beta_trend",6083,5420,0,-0.145399340544664
"5427","beta_trend",6083,5421,0,-0.145294709207388
"5428","beta_trend",6083,5422,0,-0.145192479255835
"5429","beta_trend",6083,5423,0,-0.145092688503704
"5430","beta_trend",6083,5424,0,-0.144995370626807
"5431","beta_trend",6083,5425,0,-0.144900555191781
"5432","beta_trend",6083,5426,0,-0.144808267689439
"5433","beta_trend",6083,5427,0,-0.144718529572696
"5434","beta_trend",6083,5428,0,-0.144611435498986
"5435","beta_trend",6083,5429,0,-0.144527727281598
"5436","beta_trend",6083,5430,0,-0.144446571932748
"5437","beta_trend",6083,5431,0,-0.144367976685888
"5438","beta_trend",6083,5432,0,-0.144291944938266
"5439","beta_trend",6083,5433,0,-0.144218476316209
"5440","beta_trend",6083,5434,0,-0.14414756674427
"5441","beta_trend",6083,5435,0,-0.144079208518122
"5442","beta_trend",6083,5436,0,-0.144013390381098
"5443","beta_trend",6083,5437,0,-0.143950097604248
"5444","beta_trend",6083,5438,0,-0.143889312069794
"5445","beta_trend",6083,5439,0,-0.143831012357858
"5446","beta_trend",6083,5440,0,-0.143775173836343
"5447","beta_trend",6083,5441,0,-0.143721768753814
"5448","beta_trend",6083,5442,0,-0.14367076633527
"5449","beta_trend",6083,5443,0,-0.143622132880645
"5450","beta_trend",6083,5444,0,-0.143575831865922
"5451","beta_trend",6083,5445,0,-0.143531824046688
"5452","beta_trend",6083,5446,0,-0.143490067564018
"5453","beta_trend",6083,5447,0,-0.143450518052506
"5454","beta_trend",6083,5448,0,-0.143413128750317
"5455","beta_trend",6083,5449,0,-0.143377850611107
"5456","beta_trend",6083,5450,0,-0.143344632417637
"5457","beta_trend",6083,5451,0,-0.14331342089695
"5458","beta_trend",6083,5452,0,-0.143284160836947
"5459","beta_trend",6083,5453,0,-0.143256795204191
"5460","beta_trend",6083,5454,0,-0.143231265262804
"5461","beta_trend",6083,5455,0,-0.143207510694276
"5462","beta_trend",6083,5456,0,-0.143185469718042
"5463","beta_trend",6083,5457,0,-0.143165079212652
"5464","beta_trend",6083,5458,0,-0.143146274837388
"5465","beta_trend",6083,5459,0,-0.143128991154156
"5466","beta_trend",6083,5460,0,-0.143113161749495
"5467","beta_trend",6083,5461,0,-0.143098719356545
"5468","beta_trend",6083,5462,0,-0.143085595976813
"5469","beta_trend",6083,5463,0,-0.143073723001574
"5470","beta_trend",6083,5464,0,-0.143063031332751
"5471","beta_trend",6083,5465,0,-0.143053451503117
"5472","beta_trend",6083,5466,0,-0.143044913795662
"5473","beta_trend",6083,5467,0,-0.143037348361965
"5474","beta_trend",6083,5468,0,-0.143030685339423
"5475","beta_trend",6083,5469,0,-0.143024854967188
"5476","beta_trend",6083,5470,0,-0.143019787700643
"5477","beta_trend",6083,5471,0,-0.143015414324297
"5478","beta_trend",6083,5472,0,-0.143011666062927
"5479","beta_trend",6083,5473,0,-0.143008474690838
"5480","beta_trend",6083,5474,0,-0.143005772639092
"5481","beta_trend",6083,5475,0,-0.143003493100574
"5482","beta_trend",6083,5476,0,-0.143001570132752
"5483","beta_trend",6083,5477,0,-0.142999938758002
"5484","beta_trend",6083,5478,0,-0.142998535061364
"5485","beta_trend",6083,5479,0,-0.14299729628561
"5486","beta_trend",6083,5480,0,-0.142996160923489
"5487","beta_trend",6083,5481,0,-0.143063539214436
"5488","beta_trend",6083,5482,0,-0.143065583624588
"5489","beta_trend",6083,5483,0,-0.143067692111639
"5490","beta_trend",6083,5484,0,-0.143069814567287
"5491","beta_trend",6083,5485,0,-0.143071902753676
"5492","beta_trend",6083,5486,0,-0.143073910383171
"5493","beta_trend",6083,5487,0,-0.143075793194727
"5494","beta_trend",6083,5488,0,-0.143077509026799
"5495","beta_trend",6083,5489,0,-0.143079017886683
"5496","beta_trend",6083,5490,0,-0.143080282016217
"5497","beta_trend",6083,5491,0,-0.143081265953776
"5498","beta_trend",6083,5492,0,-0.14308193659247
"5499","beta_trend",6083,5493,0,-0.143082263234503
"5500","beta_trend",6083,5494,0,-0.143082217641611
"5501","beta_trend",6083,5495,0,-0.143081774081542
"5502","beta_trend",6083,5496,0,-0.143080909370507
"5503","beta_trend",6083,5497,0,-0.143079602911573
"5504","beta_trend",6083,5498,0,-0.143077836728953
"5505","beta_trend",6083,5499,0,-0.143075595498145
"5506","beta_trend",6083,5500,0,-0.143072866571907
"5507","beta_trend",6083,5501,0,-0.143069640002029
"5508","beta_trend",6083,5502,0,-0.143065908556888
"5509","beta_trend",6083,5503,0,-0.143061667734768
"5510","beta_trend",6083,5504,0,-0.143056915772937
"5511","beta_trend",6083,5505,0,-0.143051653652469
"5512","beta_trend",6083,5506,0,-0.14304588509883
"5513","beta_trend",6083,5507,0,-0.143039616578198
"5514","beta_trend",6083,5508,0,-0.143032857289577
"5515","beta_trend",6083,5509,0,-0.143025619152667
"5516","beta_trend",6083,5510,0,-0.143017916791559
"5517","beta_trend",6083,5511,0,-0.143009767514244
"5518","beta_trend",6083,5512,0,-0.143001191287993
"5519","beta_trend",6083,5513,0,-0.142992210710629
"5520","beta_trend",6083,5514,0,-0.142982850977738
"5521","beta_trend",6083,5515,0,-0.142973139845862
"5522","beta_trend",6083,5516,0,-0.142963107591738
"5523","beta_trend",6083,5517,0,-0.14295278696761
"5524","beta_trend",6083,5518,0,-0.142942213152715
"5525","beta_trend",6083,5519,0,-0.142931423700967
"5526","beta_trend",6083,5520,0,-0.142920458484944
"5527","beta_trend",6083,5521,0,-0.142909359636229
"5528","beta_trend",6083,5522,0,-0.142898171482194
"5529","beta_trend",6083,5523,0,-0.142886940479317
"5530","beta_trend",6083,5524,0,-0.14281944106653
"5531","beta_trend",6083,5525,0,-0.14281076207185
"5532","beta_trend",6083,5526,0,-0.142802087154679
"5533","beta_trend",6083,5527,0,-0.142793474673386
"5534","beta_trend",6083,5528,0,-0.142784984582791
"5535","beta_trend",6083,5529,0,-0.142776678353577
"5536","beta_trend",6083,5530,0,-0.142768618888791
"5537","beta_trend",6083,5531,0,-0.14276087043754
"5538","beta_trend",6083,5532,0,-0.142753498506011
"5539","beta_trend",6083,5533,0,-0.142746569765938
"5540","beta_trend",6083,5534,0,-0.142740151960635
"5541","beta_trend",6083,5535,0,-0.142734313808743
"5542","beta_trend",6083,5536,0,-0.142729124905807
"5543","beta_trend",6083,5537,0,-0.14272465562383
"5544","beta_trend",6083,5538,0,-0.142720977008934
"5545","beta_trend",6083,5539,0,-0.142718160677275
"5546","beta_trend",6083,5540,0,-0.142716278709353
"5547","beta_trend",6083,5541,0,-0.142715403542859
"5548","beta_trend",6083,5542,0,-0.142715607864209
"5549","beta_trend",6083,5543,0,-0.142716964498907
"5550","beta_trend",6083,5544,0,-0.142719546300902
"5551","beta_trend",6083,5545,0,-0.142723426041063
"5552","beta_trend",6083,5546,0,-0.142728676294952
"5553","beta_trend",6083,5547,0,-0.142735369330036
"5554","beta_trend",6083,5548,0,-0.142743576992481
"5555","beta_trend",6083,5549,0,-0.142753370593705
"5556","beta_trend",6083,5550,0,-0.142764820796827
"5557","beta_trend",6083,5551,0,-0.142777997503172
"5558","beta_trend",6083,5552,0,-0.142792969738996
"5559","beta_trend",6083,5553,0,-0.142809805542566
"5560","beta_trend",6083,5554,0,-0.142828571851774
"5561","beta_trend",6083,5555,0,-0.142849334392422
"5562","beta_trend",6083,5556,0,-0.142872157567337
"5563","beta_trend",6083,5557,0,-0.142897104346471
"5564","beta_trend",6083,5558,0,-0.142924236158138
"5565","beta_trend",6083,5559,0,-0.142953612781535
"5566","beta_trend",6083,5560,0,-0.142985292240696
"5567","beta_trend",6083,5561,0,-0.143019330700039
"5568","beta_trend",6083,5562,0,-0.143055782361633
"5569","beta_trend",6083,5563,0,-0.143094699364345
"5570","beta_trend",6083,5564,0,-0.143136131685006
"5571","beta_trend",6083,5565,0,-0.143180127041727
"5572","beta_trend",6083,5566,0,-0.143226730799522
"5573","beta_trend",6083,5567,0,-0.143275985878346
"5574","beta_trend",6083,5568,0,-0.143327932663717
"5575","beta_trend",6083,5569,0,-0.14338260892001
"5576","beta_trend",6083,5570,0,-0.143440049706589
"5577","beta_trend",6083,5571,0,-0.143500287296873
"5578","beta_trend",6083,5572,0,-0.14356335110047
"5579","beta_trend",6083,5573,0,-0.143629267588495
"5580","beta_trend",6083,5574,0,-0.143698060222177
"5581","beta_trend",6083,5575,0,-0.14376974938488
"5582","beta_trend",6083,5576,0,-0.143844352317625
"5583","beta_trend",6083,5577,0,-0.14392981200588
"5584","beta_trend",6083,5578,0,-0.144010646820636
"5585","beta_trend",6083,5579,0,-0.144094443571163
"5586","beta_trend",6083,5580,0,-0.144181207002155
"5587","beta_trend",6083,5581,0,-0.144270938473641
"5588","beta_trend",6083,5582,0,-0.144363635920367
"5589","beta_trend",6083,5583,0,-0.144459293815329
"5590","beta_trend",6083,5584,0,-0.144557903137533
"5591","beta_trend",6083,5585,0,-0.144659451344057
"5592","beta_trend",6083,5586,0,-0.144763922346447
"5593","beta_trend",6083,5587,0,-0.144871296491549
"5594","beta_trend",6083,5588,0,-0.144981550546776
"5595","beta_trend",6083,5589,0,-0.145094657689902
"5596","beta_trend",6083,5590,0,-0.145210587503387
"5597","beta_trend",6083,5591,0,-0.145329305973299
"5598","beta_trend",6083,5592,0,-0.145450775492833
"5599","beta_trend",6083,5593,0,-0.145574954870473
"5600","beta_trend",6083,5594,0,-0.145701799342808
"5601","beta_trend",6083,5595,0,-0.145831260592012
"5602","beta_trend",6083,5596,0,-0.145963286767999
"5603","beta_trend",6083,5597,0,-0.146097822515254
"5604","beta_trend",6083,5598,0,-0.146234809004338
"5605","beta_trend",6083,5599,0,-0.146374183968048
"5606","beta_trend",6083,5600,0,-0.146515881742235
"5607","beta_trend",6083,5601,0,-0.146659833311235
"5608","beta_trend",6083,5602,0,-0.146805966357908
"5609","beta_trend",6083,5603,0,-0.146954205318242
"5610","beta_trend",6083,5604,0,-0.147104471440479
"5611","beta_trend",6083,5605,0,-0.147256682848734
"5612","beta_trend",6083,5606,0,-0.147410754611042
"5613","beta_trend",6083,5607,0,-0.147566598811789
"5614","beta_trend",6083,5608,0,-0.147724124628461
"5615","beta_trend",6083,5609,0,-0.147883238412643
"5616","beta_trend",6083,5610,0,-0.148043843775204
"5617","beta_trend",6083,5611,0,-0.148205841675583
"5618","beta_trend",6083,5612,0,-0.148369130515097
"5619","beta_trend",6083,5613,0,-0.148533606234186
"5620","beta_trend",6083,5614,0,-0.148699162413491
"5621","beta_trend",6083,5615,0,-0.148865690378687
"5622","beta_trend",6083,5616,0,-0.149033079308943
"5623","beta_trend",6083,5617,0,-0.149201216348925
"5624","beta_trend",6083,5618,0,-0.149369986724204
"5625","beta_trend",6083,5619,0,-0.149539273859984
"5626","beta_trend",6083,5620,0,-0.149708959502988
"5627","beta_trend",6083,5621,0,-0.149859004431182
"5628","beta_trend",6083,5622,0,-0.150030008696719
"5629","beta_trend",6083,5623,0,-0.150201010823409
"5630","beta_trend",6083,5624,0,-0.150371888585586
"5631","beta_trend",6083,5625,0,-0.150542518678165
"5632","beta_trend",6083,5626,0,-0.150712776856565
"5633","beta_trend",6083,5627,0,-0.15088253807878
"5634","beta_trend",6083,5628,0,-0.151051676649448
"5635","beta_trend",6083,5629,0,-0.151220066365763
"5636","beta_trend",6083,5630,0,-0.151387580665061
"5637","beta_trend",6083,5631,0,-0.151554092773926
"5638","beta_trend",6083,5632,0,-0.151719475858643
"5639","beta_trend",6083,5633,0,-0.151883603176828
"5640","beta_trend",6083,5634,0,-0.152046348230069
"5641","beta_trend",6083,5635,0,-0.1522075849174
"5642","beta_trend",6083,5636,0,-0.152367187689425
"5643","beta_trend",6083,5637,0,-0.152525031702927
"5644","beta_trend",6083,5638,0,-0.152680992975769
"5645","beta_trend",6083,5639,0,-0.152834948541908
"5646","beta_trend",6083,5640,0,-0.152986776606345
"5647","beta_trend",6083,5641,0,-0.153136356699815
"5648","beta_trend",6083,5642,0,-0.153283569833033
"5649","beta_trend",6083,5643,0,-0.153428298650324
"5650","beta_trend",6083,5644,0,-0.153570427582423
"5651","beta_trend",6083,5645,0,-0.153709842998278
"5652","beta_trend",6083,5646,0,-0.15384643335566
"5653","beta_trend",6083,5647,0,-0.153980089350388
"5654","beta_trend",6083,5648,0,-0.154110704063987
"5655","beta_trend",6083,5649,0,-0.154238173109588
"5656","beta_trend",6083,5650,0,-0.154362394775875
"5657","beta_trend",6083,5651,0,-0.154483270168914
"5658","beta_trend",6083,5652,0,-0.154600703351645
"5659","beta_trend",6083,5653,0,-0.154714601480886
"5660","beta_trend",6083,5654,0,-0.154824874941644
"5661","beta_trend",6083,5655,0,-0.154931437478558
"5662","beta_trend",6083,5656,0,-0.155034206324292
"5663","beta_trend",6083,5657,0,-0.155133102324712
"5664","beta_trend",6083,5658,0,-0.155228050060649
"5665","beta_trend",6083,5659,0,-0.155318977966098
"5666","beta_trend",6083,5660,0,-0.155405818442663
"5667","beta_trend",6083,5661,0,-0.155488507970104
"5668","beta_trend",6083,5662,0,-0.15556698721279
"5669","beta_trend",6083,5663,0,-0.15564120112193
"5670","beta_trend",6083,5664,0,-0.155711099033395
"5671","beta_trend",6083,5665,0,-0.155776634761004
"5672","beta_trend",6083,5666,0,-0.155837766685094
"5673","beta_trend",6083,5667,0,-0.155894457836262
"5674","beta_trend",6083,5668,0,-0.155946675974102
"5675","beta_trend",6083,5669,0,-0.155994393660828
"5676","beta_trend",6083,5670,0,-0.156037588329632
"5677","beta_trend",6083,5671,0,-0.156076242347656
"5678","beta_trend",6083,5672,0,-0.156110343073456
"5679","beta_trend",6083,5673,0,-0.156139882908834
"5680","beta_trend",6083,5674,0,-0.156252085430749
"5681","beta_trend",6083,5675,0,-0.156276517007142
"5682","beta_trend",6083,5676,0,-0.156296569915992
"5683","beta_trend",6083,5677,0,-0.156312264190621
"5684","beta_trend",6083,5678,0,-0.156323625340595
"5685","beta_trend",6083,5679,0,-0.156330684376296
"5686","beta_trend",6083,5680,0,-0.156333477827428
"5687","beta_trend",6083,5681,0,-0.1563320477554
"5688","beta_trend",6083,5682,0,-0.156326441759528
"5689","beta_trend",6083,5683,0,-0.156316712976994
"5690","beta_trend",6083,5684,0,-0.15630292007651
"5691","beta_trend",6083,5685,0,-0.156285127245667
"5692","beta_trend",6083,5686,0,-0.156263404171908
"5693","beta_trend",6083,5687,0,-0.156237826017117
"5694","beta_trend",6083,5688,0,-0.156208473385793
"5695","beta_trend",6083,5689,0,-0.156175432286797
"5696","beta_trend",6083,5690,0,-0.156138794088676
"5697","beta_trend",6083,5691,0,-0.156098655468545
"5698","beta_trend",6083,5692,0,-0.156055118354553
"5699","beta_trend",6083,5693,0,-0.156008289861936
"5700","beta_trend",6083,5694,0,-0.155958282222686
"5701","beta_trend",6083,5695,0,-0.15590521270886
"5702","beta_trend",6083,5696,0,-0.155849203549573
"5703","beta_trend",6083,5697,0,-0.15579038184171
"5704","beta_trend",6083,5698,0,-0.155728879454416
"5705","beta_trend",6083,5699,0,-0.15566483292741
"5706","beta_trend",6083,5700,0,-0.155598383363211
"5707","beta_trend",6083,5701,0,-0.155529676313324
"5708","beta_trend",6083,5702,0,-0.155458861658483
"5709","beta_trend",6083,5703,0,-0.155386093483025
"5710","beta_trend",6083,5704,0,-0.155311529943508
"5711","beta_trend",6083,5705,0,-0.155235333131649
"5712","beta_trend",6083,5706,0,-0.155157668931717
"5713","beta_trend",6083,5707,0,-0.155078706872471
"5714","beta_trend",6083,5708,0,-0.154998619973785
"5715","beta_trend",6083,5709,0,-0.154917584588077
"5716","beta_trend",6083,5710,0,-0.15483578023668
"5717","beta_trend",6083,5711,0,-0.154753389441299
"5718","beta_trend",6083,5712,0,-0.154670597550702
"5719","beta_trend",6083,5713,0,-0.154587592562793
"5720","beta_trend",6083,5714,0,-0.154504564942239
"5721","beta_trend",6083,5715,0,-0.154421707433803
"5722","beta_trend",6083,5716,0,-0.154339214871579
"5723","beta_trend",6083,5717,0,-0.154204591810805
"5724","beta_trend",6083,5718,0,-0.154125752429324
"5725","beta_trend",6083,5719,0,-0.154047775241193
"5726","beta_trend",6083,5720,0,-0.153970865309215
"5727","beta_trend",6083,5721,0,-0.15389522863572
"5728","beta_trend",6083,5722,0,-0.153821071955697
"5729","beta_trend",6083,5723,0,-0.153748602527027
"5730","beta_trend",6083,5724,0,-0.15367802791806
"5731","beta_trend",6083,5725,0,-0.153609555792736
"5732","beta_trend",6083,5726,0,-0.153543393693478
"5733","beta_trend",6083,5727,0,-0.153479748822103
"5734","beta_trend",6083,5728,0,-0.153418827818955
"5735","beta_trend",6083,5729,0,-0.153360836540528
"5736","beta_trend",6083,5730,0,-0.153305979835789
"5737","beta_trend",6083,5731,0,-0.153254461321462
"5738","beta_trend",6083,5732,0,-0.153206483156511
"5739","beta_trend",6083,5733,0,-0.153162245816068
"5740","beta_trend",6083,5734,0,-0.153121947865062
"5741","beta_trend",6083,5735,0,-0.153085785731787
"5742","beta_trend",6083,5736,0,-0.153053953481682
"5743","beta_trend",6083,5737,0,-0.153026642591553
"5744","beta_trend",6083,5738,0,-0.153004041724519
"5745","beta_trend",6083,5739,0,-0.152986336505913
"5746","beta_trend",6083,5740,0,-0.152973709300417
"5747","beta_trend",6083,5741,0,-0.152966338990671
"5748","beta_trend",6083,5742,0,-0.152964400757627
"5749","beta_trend",6083,5743,0,-0.152968065862899
"5750","beta_trend",6083,5744,0,-0.152977501433359
"5751","beta_trend",6083,5745,0,-0.152992870248257
"5752","beta_trend",6083,5746,0,-0.153014330529092
"5753","beta_trend",6083,5747,0,-0.15304203573251
"5754","beta_trend",6083,5748,0,-0.153076134346468
"5755","beta_trend",6083,5749,0,-0.153116769689927
"5756","beta_trend",6083,5750,0,-0.153164079716306
"5757","beta_trend",6083,5751,0,-0.153218196820955
"5758","beta_trend",6083,5752,0,-0.153279247652889
"5759","beta_trend",6083,5753,0,-0.153347352931016
"5760","beta_trend",6083,5754,0,-0.153422627265107
"5761","beta_trend",6083,5755,0,-0.153505178981724
"5762","beta_trend",6083,5756,0,-0.153595109955364
"5763","beta_trend",6083,5757,0,-0.153692515445007
"5764","beta_trend",6083,5758,0,-0.153797483936323
"5765","beta_trend",6083,5759,0,-0.153910096989737
"5766","beta_trend",6083,5760,0,-0.154030429094564
"5767","beta_trend",6083,5761,0,-0.154158547529429
"5768","beta_trend",6083,5762,0,-0.154294512229162
"5769","beta_trend",6083,5763,0,-0.154438375658375
"5770","beta_trend",6083,5764,0,-0.154590182691901
"5771","beta_trend",6083,5765,0,-0.154749970502284
"5772","beta_trend",6083,5766,0,-0.154917768454496
"5773","beta_trend",6083,5767,0,-0.15509359800805
"5774","beta_trend",6083,5768,0,-0.155277472626674
"5775","beta_trend",6083,5769,0,-0.155469397695704
"5776","beta_trend",6083,5770,0,-0.155669370447342
"5777","beta_trend",6083,5771,0,-0.155877379893921
"5778","beta_trend",6083,5772,0,-0.156093406769322
"5779","beta_trend",6083,5773,0,-0.156317423478648
"5780","beta_trend",6083,5774,0,-0.156549394056296
"5781","beta_trend",6083,5775,0,-0.156789274132524
"5782","beta_trend",6083,5776,0,-0.157037010908617
"5783","beta_trend",6083,5777,0,-0.157292543140746
"5784","beta_trend",6083,5778,0,-0.157555801132611
"5785","beta_trend",6083,5779,0,-0.157826706736927
"5786","beta_trend",6083,5780,0,-0.158105173365838
"5787","beta_trend",6083,5781,0,-0.158391106010309
"5788","beta_trend",6083,5782,0,-0.158684401268541
"5789","beta_trend",6083,5783,0,-0.158984947383447
"5790","beta_trend",6083,5784,0,-0.159292624289237
"5791","beta_trend",6083,5785,0,-0.159607303667096
"5792","beta_trend",6083,5786,0,-0.159928849010008
"5793","beta_trend",6083,5787,0,-0.16025711569669
"5794","beta_trend",6083,5788,0,-0.160591951074647
"5795","beta_trend",6083,5789,0,-0.160933194552327
"5796","beta_trend",6083,5790,0,-0.161280677700335
"5797","beta_trend",6083,5791,0,-0.161634224361687
"5798","beta_trend",6083,5792,0,-0.16199365077103
"5799","beta_trend",6083,5793,0,-0.162358765682799
"5800","beta_trend",6083,5794,0,-0.16272937050821
"5801","beta_trend",6083,5795,0,-0.163105259461038
"5802","beta_trend",6083,5796,0,-0.163486219712074
"5803","beta_trend",6083,5797,0,-0.163872031552166
"5804","beta_trend",6083,5798,0,-0.164262468563747
"5805","beta_trend",6083,5799,0,-0.164657297800706
"5806","beta_trend",6083,5800,0,-0.165056279976507
"5807","beta_trend",6083,5801,0,-0.165459169660383
"5808","beta_trend",6083,5802,0,-0.165865715481494
"5809","beta_trend",6083,5803,0,-0.166275660340857
"5810","beta_trend",6083,5804,0,-0.166688741630906
"5811","beta_trend",6083,5805,0,-0.167104691462498
"5812","beta_trend",6083,5806,0,-0.167523236899177
"5813","beta_trend",6083,5807,0,-0.167944100198507
"5814","beta_trend",6083,5808,0,-0.16836699906027
"5815","beta_trend",6083,5809,0,-0.168791646881312
"5816","beta_trend",6083,5810,0,-0.169217753016829
"5817","beta_trend",6083,5811,0,-0.169645023047846
"5818","beta_trend",6083,5812,0,-0.170073159054676
"5819","beta_trend",6083,5813,0,-0.170501859896086
"5820","beta_trend",6083,5814,0,-0.170901955685895
"5821","beta_trend",6083,5815,0,-0.171332149959742
"5822","beta_trend",6083,5816,0,-0.171761935467618
"5823","beta_trend",6083,5817,0,-0.172191003199311
"5824","beta_trend",6083,5818,0,-0.172619042318164
"5825","beta_trend",6083,5819,0,-0.173045740471576
"5826","beta_trend",6083,5820,0,-0.173470784105228
"5827","beta_trend",6083,5821,0,-0.173893858780739
"5828","beta_trend",6083,5822,0,-0.174314649496447
"5829","beta_trend",6083,5823,0,-0.174732841010995
"5830","beta_trend",6083,5824,0,-0.175148118169418
"5831","beta_trend",6083,5825,0,-0.175560166231403
"5832","beta_trend",6083,5826,0,-0.175968671201392
"5833","beta_trend",6083,5827,0,-0.176373320160214
"5834","beta_trend",6083,5828,0,-0.176773801597888
"5835","beta_trend",6083,5829,0,-0.177169805747285
"5836","beta_trend",6083,5830,0,-0.17756102491828
"5837","beta_trend",6083,5831,0,-0.177947153832079
"5838","beta_trend",6083,5832,0,-0.178327889955346
"5839","beta_trend",6083,5833,0,-0.1787029338338
"5840","beta_trend",6083,5834,0,-0.179071989424923
"5841","beta_trend",6083,5835,0,-0.179434764429419
"5842","beta_trend",6083,5836,0,-0.179790970621091
"5843","beta_trend",6083,5837,0,-0.180140324174746
"5844","beta_trend",6083,5838,0,-0.180482545991814
"5845","beta_trend",6083,5839,0,-0.180817362023282
"5846","beta_trend",6083,5840,0,-0.181144503589617
"5847","beta_trend",6083,5841,0,-0.181463707697316
"5848","beta_trend",6083,5842,0,-0.181774717351718
"5849","beta_trend",6083,5843,0,-0.182077281865728
"5850","beta_trend",6083,5844,0,-0.182371157164119
"5851","beta_trend",6083,5845,0,-0.18265610608303
"5852","beta_trend",6083,5846,0,-0.182931898664342
"5853","beta_trend",6083,5847,0,-0.183198312444577
"5854","beta_trend",6083,5848,0,-0.183455132737964
"5855","beta_trend",6083,5849,0,-0.183702152913362
"5856","beta_trend",6083,5850,0,-0.183939174664691
"5857","beta_trend",6083,5851,0,-0.184166008274528
"5858","beta_trend",6083,5852,0,-0.184382472870578
"5859","beta_trend",6083,5853,0,-0.184588396674665
"5860","beta_trend",6083,5854,0,-0.184783617243947
"5861","beta_trend",6083,5855,0,-0.184967981704049
"5862","beta_trend",6083,5856,0,-0.185141346973798
"5863","beta_trend",6083,5857,0,-0.185303579981271
"5864","beta_trend",6083,5858,0,-0.185454557870879
"5865","beta_trend",6083,5859,0,-0.185594168201177
"5866","beta_trend",6083,5860,0,-0.185722309133155
"5867","beta_trend",6083,5861,0,-0.185838889608726
"5868","beta_trend",6083,5862,0,-0.185943829519156
"5869","beta_trend",6083,5863,0,-0.186037059863187
"5870","beta_trend",6083,5864,0,-0.186118522894617
"5871","beta_trend",6083,5865,0,-0.186188172259096
"5872","beta_trend",6083,5866,0,-0.18624597311992
"5873","beta_trend",6083,5867,0,-0.186291902272612
"5874","beta_trend",6083,5868,0,-0.186325948248084
"5875","beta_trend",6083,5869,0,-0.186348111404189
"5876","beta_trend",6083,5870,0,-0.186358404005479
"5877","beta_trend",6083,5871,0,-0.186356850291
"5878","beta_trend",6083,5872,0,-0.186343486529967
"5879","beta_trend",6083,5873,0,-0.186318361065156
"5880","beta_trend",6083,5874,0,-0.186281534343894
"5881","beta_trend",6083,5875,0,-0.186233078936511
"5882","beta_trend",6083,5876,0,-0.186173079542136
"5883","beta_trend",6083,5877,0,-0.186101632981747
"5884","beta_trend",6083,5878,0,-0.186018848178371
"5885","beta_trend",6083,5879,0,-0.185924846124374
"5886","beta_trend",6083,5880,0,-0.185819759835755
"5887","beta_trend",6083,5881,0,-0.185703734293411
"5888","beta_trend",6083,5882,0,-0.185576926371325
"5889","beta_trend",6083,5883,0,-0.185439504751649
"5890","beta_trend",6083,5884,0,-0.185291649826673
"5891","beta_trend",6083,5885,0,-0.185133553587679
"5892","beta_trend",6083,5886,0,-0.184965419500692
"5893","beta_trend",6083,5887,0,-0.184787462369152
"5894","beta_trend",6083,5888,0,-0.184599908183554
"5895","beta_trend",6083,5889,0,-0.184402993958102
"5896","beta_trend",6083,5890,0,-0.184196967554446
"5897","beta_trend",6083,5891,0,-0.183982087492583
"5898","beta_trend",6083,5892,0,-0.183758622749012
"5899","beta_trend",6083,5893,0,-0.183526852542254
"5900","beta_trend",6083,5894,0,-0.183287066105853
"5901","beta_trend",6083,5895,0,-0.183039562448994
"5902","beta_trend",6083,5896,0,-0.182784650104881
"5903","beta_trend",6083,5897,0,-0.182522646867041
"5904","beta_trend",6083,5898,0,-0.18225387951372
"5905","beta_trend",6083,5899,0,-0.181978683520557
"5906","beta_trend",6083,5900,0,-0.181697402761744
"5907","beta_trend",6083,5901,0,-0.181410389199865
"5908","beta_trend",6083,5902,0,-0.181118002564662
"5909","beta_trend",6083,5903,0,-0.180820610020939
"5910","beta_trend",6083,5904,0,-0.180518585825874
"5911","beta_trend",6083,5905,0,-0.180212310975979
"5912","beta_trend",6083,5906,0,-0.179902172844006
"5913","beta_trend",6083,5907,0,-0.179588564806049
"5914","beta_trend",6083,5908,0,-0.17927188585918
"5915","beta_trend",6083,5909,0,-0.178952540229879
"5916","beta_trend",6083,5910,0,-0.17858399274827
"5917","beta_trend",6083,5911,0,-0.178262622187579
"5918","beta_trend",6083,5912,0,-0.177939737820658
"5919","beta_trend",6083,5913,0,-0.177615764136919
"5920","beta_trend",6083,5914,0,-0.177291128645878
"5921","beta_trend",6083,5915,0,-0.176966261441664
"5922","beta_trend",6083,5916,0,-0.176641594760659
"5923","beta_trend",6083,5917,0,-0.176317562532668
"5924","beta_trend",6083,5918,0,-0.175994599926005
"5925","beta_trend",6083,5919,0,-0.175673142886911
"5926","beta_trend",6083,5920,0,-0.175353627673701
"5927","beta_trend",6083,5921,0,-0.175036490386077
"5928","beta_trend",6083,5922,0,-0.174722166490024
"5929","beta_trend",6083,5923,0,-0.174411090338731
"5930","beta_trend",6083,5924,0,-0.174103694689963
"5931","beta_trend",6083,5925,0,-0.173800410220344
"5932","beta_trend",6083,5926,0,-0.173501665037001
"5933","beta_trend",6083,5927,0,-0.173207884187012
"5934","beta_trend",6083,5928,0,-0.172919489165132
"5935","beta_trend",6083,5929,0,-0.172636897420262
"5936","beta_trend",6083,5930,0,-0.172360521861113
"5937","beta_trend",6083,5931,0,-0.17209077036156
"5938","beta_trend",6083,5932,0,-0.171828045266139
"5939","beta_trend",6083,5933,0,-0.171572742896182
"5940","beta_trend",6083,5934,0,-0.171325253057045
"5941","beta_trend",6083,5935,0,-0.17108595854694
"5942","beta_trend",6083,5936,0,-0.170855234667818
"5943","beta_trend",6083,5937,0,-0.170633448738812
"5944","beta_trend",6083,5938,0,-0.1704209596127
"5945","beta_trend",6083,5939,0,-0.170218117195884
"5946","beta_trend",6083,5940,0,-0.17002526197235
"5947","beta_trend",6083,5941,0,-0.169842724532101
"5948","beta_trend",6083,5942,0,-0.169670825104528
"5949","beta_trend",6083,5943,0,-0.169509873097196
"5950","beta_trend",6083,5944,0,-0.169360166640515
"5951","beta_trend",6083,5945,0,-0.169221992138765
"5952","beta_trend",6083,5946,0,-0.169095623827938
"5953","beta_trend",6083,5947,0,-0.168981323340847
"5954","beta_trend",6083,5948,0,-0.168879339279969
"5955","beta_trend",6083,5949,0,-0.168789906798467
"5956","beta_trend",6083,5950,0,-0.168713247189818
"5957","beta_trend",6083,5951,0,-0.168649567486517
"5958","beta_trend",6083,5952,0,-0.168599060068248
"5959","beta_trend",6083,5953,0,-0.168561902279974
"5960","beta_trend",6083,5954,0,-0.168538256060349
"5961","beta_trend",6083,5955,0,-0.168528267580861
"5962","beta_trend",6083,5956,0,-0.168532066896104
"5963","beta_trend",6083,5957,0,-0.168549767605574
"5964","beta_trend",6083,5958,0,-0.16858146652736
"5965","beta_trend",6083,5959,0,-0.168627243384111
"5966","beta_trend",6083,5960,0,-0.16868716050164
"5967","beta_trend",6083,5961,0,-0.168761262520501
"5968","beta_trend",6083,5962,0,-0.168849576120905
"5969","beta_trend",6083,5963,0,-0.168952109761273
"5970","beta_trend",6083,5964,0,-0.16906885343077
"5971","beta_trend",6083,5965,0,-0.169199778416109
"5972","beta_trend",6083,5966,0,-0.169344837082925
"5973","beta_trend",6083,5967,0,-0.169503962671993
"5974","beta_trend",6083,5968,0,-0.169677069110568
"5975","beta_trend",6083,5969,0,-0.169864050839094
"5976","beta_trend",6083,5970,0,-0.170064782653518
"5977","beta_trend",6083,5971,0,-0.170279119563454
"5978","beta_trend",6083,5972,0,-0.170506896666392
"5979","beta_trend",6083,5973,0,-0.170747929038155
"5980","beta_trend",6083,5974,0,-0.171002011639801
"5981","beta_trend",6083,5975,0,-0.171268919241125
"5982","beta_trend",6083,5976,0,-0.171548406360921
"5983","beta_trend",6083,5977,0,-0.171840207224147
"5984","beta_trend",6083,5978,0,-0.172144035736115
"5985","beta_trend",6083,5979,0,-0.172459585473817
"5986","beta_trend",6083,5980,0,-0.172786529694475
"5987","beta_trend",6083,5981,0,-0.173124521361404
"5988","beta_trend",6083,5982,0,-0.173473193187234
"5989","beta_trend",6083,5983,0,-0.17383215769456
"5990","beta_trend",6083,5984,0,-0.174201007294027
"5991","beta_trend",6083,5985,0,-0.174579314379877
"5992","beta_trend",6083,5986,0,-0.174966631442957
"5993","beta_trend",6083,5987,0,-0.175362491201162
"5994","beta_trend",6083,5988,0,-0.175766406747288
"5995","beta_trend",6083,5989,0,-0.17617787171424
"5996","beta_trend",6083,5990,0,-0.176596360457524
"5997","beta_trend",6083,5991,0,-0.17702132825495
"5998","beta_trend",6083,5992,0,-0.177452211523445
"5999","beta_trend",6083,5993,0,-0.177888428052852
"6000","beta_trend",6083,5994,0,-0.178329377256601
"6001","beta_trend",6083,5995,0,-0.178774440439084
"6002","beta_trend",6083,5996,0,-0.1792229810796
"6003","beta_trend",6083,5997,0,-0.179674345132663
"6004","beta_trend",6083,5998,0,-0.180127861344503
"6005","beta_trend",6083,5999,0,-0.180582841585535
"6006","beta_trend",6083,6000,0,-0.181038581198588
"6007","beta_trend",6083,6001,0,-0.181494359362641
"6008","beta_trend",6083,6002,0,-0.181949439471822
"6009","beta_trend",6083,6003,0,-0.182403069529403
"6010","beta_trend",6083,6004,0,-0.1828544825565
"6011","beta_trend",6083,6005,0,-0.183302897015198
"6012","beta_trend",6083,6006,0,-0.183747517245771
"6013","beta_trend",6083,6007,0,-0.184158256213938
"6014","beta_trend",6083,6008,0,-0.184594143532933
"6015","beta_trend",6083,6009,0,-0.185023715017519
"6016","beta_trend",6083,6010,0,-0.185446125313006
"6017","beta_trend",6083,6011,0,-0.185860517250316
"6018","beta_trend",6083,6012,0,-0.186266022363219
"6019","beta_trend",6083,6013,0,-0.186661761417074
"6020","beta_trend",6083,6014,0,-0.187046844948668
"6021","beta_trend",6083,6015,0,-0.187420373816741
"6022","beta_trend",6083,6016,0,-0.187781439762771
"6023","beta_trend",6083,6017,0,-0.188129125981567
"6024","beta_trend",6083,6018,0,-0.188462507701246
"6025","beta_trend",6083,6019,0,-0.188780652772117
"6026","beta_trend",6083,6020,0,-0.189082622264026
"6027","beta_trend",6083,6021,0,-0.189367471071668
"6028","beta_trend",6083,6022,0,-0.189634248527407
"6029","beta_trend",6083,6023,0,-0.189881999021102
"6030","beta_trend",6083,6024,0,-0.190109762626447
"6031","beta_trend",6083,6025,0,-0.190316575733327
"6032","beta_trend",6083,6026,0,-0.190501471685683
"6033","beta_trend",6083,6027,0,-0.190663481424365
"6034","beta_trend",6083,6028,0,-0.190801634134469
"6035","beta_trend",6083,6029,0,-0.190914957896622
"6036","beta_trend",6083,6030,0,-0.191002480341706
"6037","beta_trend",6083,6031,0,-0.191063229308467
"6038","beta_trend",6083,6032,0,-0.191096233503505
"6039","beta_trend",6083,6033,0,-0.191100523163091
"6040","beta_trend",6083,6034,0,-0.191075130716281
"6041","beta_trend",6083,6035,0,-0.191019091448784
"6042","beta_trend",6083,6036,0,-0.190931444167056
"6043","beta_trend",6083,6037,0,-0.190811231862071
"6044","beta_trend",6083,6038,0,-0.19065750237223
"6045","beta_trend",6083,6039,0,-0.190469309044875
"6046","beta_trend",6083,6040,0,-0.19024571139587
"6047","beta_trend",6083,6041,0,-0.189985775766704
"6048","beta_trend",6083,6042,0,-0.189688575978599
"6049","beta_trend",6083,6043,0,-0.189353193983074
"6050","beta_trend",6083,6044,0,-0.188978720508453
"6051","beta_trend",6083,6045,0,-0.188564255701779
"6052","beta_trend",6083,6046,0,-0.188108909765635
"6053","beta_trend",6083,6047,0,-0.187611803589323
"6054","beta_trend",6083,6048,0,-0.18707206937393
"6055","beta_trend",6083,6049,0,-0.186488851250749
"6056","beta_trend",6083,6050,0,-0.185861305892568
"6057","beta_trend",6083,6051,0,-0.185188603117332
"6058","beta_trend",6083,6052,0,-0.184469926483697
"6059","beta_trend",6083,6053,0,-0.183704473877991
"6060","beta_trend",6083,6054,0,-0.182891458092128
"6061","beta_trend",6083,6055,0,-0.182030107391992
"6062","beta_trend",6083,6056,0,-0.181119666075862
"6063","beta_trend",6083,6057,0,-0.180159395022413
"6064","beta_trend",6083,6058,0,-0.179148572227884
"6065","beta_trend",6083,6059,0,-0.178086493331962
"6066","beta_trend",6083,6060,0,-0.176972472131994
"6067","beta_trend",6083,6061,0,-0.175805841085106
"6068","beta_trend",6083,6062,0,-0.17458595179785
"6069","beta_trend",6083,6063,0,-0.173312175502993
"6070","beta_trend",6083,6064,0,-0.17198390352308
"6071","beta_trend",6083,6065,0,-0.170600547720418
"6072","beta_trend",6083,6066,0,-0.169161540933132
"6073","beta_trend",6083,6067,0,-0.167666337396971
"6074","beta_trend",6083,6068,0,-0.166114413152534
"6075","beta_trend",6083,6069,0,-0.164505266437625
"6076","beta_trend",6083,6070,0,-0.162838418064428
"6077","beta_trend",6083,6071,0,-0.161113411781243
"6078","beta_trend",6083,6072,0,-0.15932981461851
"6079","beta_trend",6083,6073,0,-0.157487217218864
"6080","beta_trend",6083,6074,0,-0.155585234151006
"6081","beta_trend",6083,6075,0,-0.153623504207146
"6082","beta_trend",6083,6076,0,-0.151601690683828
"6083","beta_trend",6083,6077,0,-0.149519481645947
"6084","beta_trend",6083,6078,0,-0.147376590173758
"6085","beta_trend",6083,6079,0,-0.145172754592753
"6086","beta_trend",6083,6080,0,-0.142907738686229
"6087","beta_trend",6083,6081,0,-0.140581331890429
"6088","model_pop",6083,0,0,8615225.87482773
"6089","infection",6083,0,0,132.707979018817
"6090","mu_S",6083,0,0,633.404524393953
"6091","mu_I",6083,0,0,0.0378224630126056
"6092","mu_R",6083,0,0,498.155178884249
"6093","weekly",6083,0,0,24.2035419197688
"6094","weekly",6083,1,0,22.5114784418363
"6095","weekly",6083,2,0,21.0442284776273
"6096","weekly",6083,3,0,19.7817904862074
"6097","weekly",6083,4,0,18.6992220152761
"6098","weekly",6083,5,0,17.7707903473586
"6099","weekly",6083,6,0,16.9728044147164
"6100","weekly",6083,7,0,16.2855579418615
"6101","weekly",6083,8,0,15.6945351663063
"6102","weekly",6083,9,0,15.1909304589154
"6103","weekly",6083,10,0,14.7715245306998
"6104","weekly",6083,11,0,14.4380033956446
"6105","weekly",6083,12,0,14.1958629532162
"6106","weekly",6083,13,0,14.053073272848
"6107","weekly",6083,14,0,14.0186593923151
"6108","weekly",6083,15,0,14.1012934548425
"6109","weekly",6083,16,0,14.3079146146614
"6110","weekly",6083,17,0,14.6423380266796
"6111","weekly",6083,18,0,15.1038176644934
"6112","weekly",6083,19,0,15.6856078210856
"6113","weekly",6083,20,0,16.3737163031274
"6114","weekly",6083,21,0,17.1462149587347
"6115","weekly",6083,22,0,17.9735895896303
"6116","weekly",6083,23,0,18.820570324466
"6117","weekly",6083,24,0,19.6496101931539
"6118","weekly",6083,25,0,20.4256915175468
"6119","weekly",6083,26,0,21.1215892603014
"6120","weekly",6083,27,0,21.7223575957234
"6121","weekly",6083,28,0,22.2278490539728
"6122","weekly",6083,29,0,22.6525621302452
"6123","weekly",6083,30,0,23.0228477752963
"6124","weekly",6083,31,0,23.3721635080526
"6125","weekly",6083,32,0,23.7353863609515
"6126","weekly",6083,33,0,24.1431284600702
"6127","weekly",6083,34,0,24.6166918142367
"6128","weekly",6083,35,0,25.1639882261559
"6129","weekly",6083,36,0,25.7766206232837
"6130","weekly",6083,37,0,26.4284218344541
"6131","weekly",6083,38,0,27.0759724134025
"6132","weekly",6083,39,0,27.6617525765266
"6133","weekly",6083,40,0,28.1203772779184
"6134","weekly",6083,41,0,28.3876762903672
"6135","weekly",6083,42,0,28.4113262222539
"6136","weekly",6083,43,0,28.1607435738941
"6137","weekly",6083,44,0,27.6335901279786
"6138","weekly",6083,45,0,26.8569133407598
"6139","weekly",6083,46,0,25.882511882619
"6140","weekly",6083,47,0,24.7779119303647
"6141","weekly",6083,48,0,23.6155394001843
"6142","weekly",6083,49,0,22.4628027261017
"6143","weekly",6083,50,0,21.3749796753682
"6144","weekly",6083,51,0,20.3915761698415
"6145","weekly",6083,52,0,19.5357790874314
"6146","weekly",6083,53,0,18.8160793191821
"6147","weekly",6083,54,0,18.2290951170048
"6148","weekly",6083,55,0,17.7628810586875
"6149","weekly",6083,56,0,17.4003319765618
"6150","weekly",6083,57,0,17.1225202780745
"6151","weekly",6083,58,0,16.911877404277
"6152","weekly",6083,59,0,16.7550746775905
"6153","weekly",6083,60,0,16.6453630971644
"6154","weekly",6083,61,0,16.584095979131
"6155","weekly",6083,62,0,16.5812433521448
"6156","weekly",6083,63,0,16.6548973884373
"6157","weekly",6083,64,0,16.8299777582565
"6158","weekly",6083,65,0,17.136467348899
"6159","weekly",6083,66,0,17.607477094668
"6160","weekly",6083,67,0,18.2772656940977
"6161","weekly",6083,68,0,19.1791046007195
"6162","weekly",6083,69,0,20.3426894097224
"6163","weekly",6083,70,0,21.790760074565
"6164","weekly",6083,71,0,23.5347850936837
"6165","weekly",6083,72,0,25.5700241894315
"6166","weekly",6083,73,0,27.8709534172767
"6167","weekly",6083,74,0,30.3887057935358
"6168","weekly",6083,75,0,33.05234938486
"6169","weekly",6083,76,0,35.7759139000616
"6170","weekly",6083,77,0,38.4706204609938
"6171","weekly",6083,78,0,41.0601443357914
"6172","weekly",6083,79,0,43.495767898487
"6173","weekly",6083,80,0,45.7667550426161
"6174","weekly",6083,81,0,47.903109266656
"6175","weekly",6083,82,0,49.9700975360745
"6176","weekly",6083,83,0,52.0561475192105
"6177","weekly",6083,84,0,54.2568593420542
"6178","weekly",6083,85,0,56.6577108361641
"6179","weekly",6083,86,0,59.317148198623
"6180","weekly",6083,87,0,62.2510208952067
"6181","weekly",6083,88,0,65.4193999130771
"6182","weekly",6083,89,0,68.717820174556
"6183","weekly",6083,90,0,71.9763557241204
"6184","weekly",6083,91,0,74.9705501621966
"6185","weekly",6083,92,0,77.4468211497647
"6186","weekly",6083,93,0,79.1609505636866
"6187","weekly",6083,94,0,79.9226430090671
"6188","weekly",6083,95,0,79.6345633583651
"6189","weekly",6083,96,0,78.3138199142963
"6190","weekly",6083,97,0,76.0887921356752
"6191","weekly",6083,98,0,73.1725819876619
"6192","weekly",6083,99,0,69.8220528723232
"6193","weekly",6083,100,0,66.2947748076467
"6194","weekly",6083,101,0,62.8143444505822
"6195","weekly",6083,102,0,59.5494516499703
"6196","weekly",6083,103,0,56.606740330496
"6197","weekly",6083,104,0,54.0341219796701
"6198","weekly",6083,105,0,51.8302695757588
"6199","weekly",6083,106,0,49.9568341256859
"6200","weekly",6083,107,0,48.3513664359243
"6201","weekly",6083,108,0,46.9400985462476
"6202","weekly",6083,109,0,45.6502161686567
"6203","weekly",6083,110,0,44.4210666999979
"6204","weekly",6083,111,0,43.2132620178704
"6205","weekly",6083,112,0,42.0143538734019
"6206","weekly",6083,113,0,40.8400618976812
"6207","weekly",6083,114,0,39.7309433900623
"6208","weekly",6083,115,0,38.74553177608
"6209","weekly",6083,116,0,37.9517762258906
"6210","weekly",6083,117,0,37.4186982230735
"6211","weekly",6083,118,0,37.2095508433008
"6212","weekly",6083,119,0,37.3767830975221
"6213","weekly",6083,120,0,37.9582418606037
"6214","weekly",6083,121,0,38.9736306446644
"6215","weekly",6083,122,0,40.4204223753613
"6216","weekly",6083,123,0,42.269151211176
"6217","weekly",6083,124,0,44.4591044493673
"6218","weekly",6083,125,0,46.8965490451428
"6219","weekly",6083,126,0,49.4582090835793
"6220","weekly",6083,127,0,52.0021388068426
"6221","weekly",6083,128,0,54.3860959955782
"6222","weekly",6083,129,0,56.4904762606802
"6223","weekly",6083,130,0,58.2401708051957
"6224","weekly",6083,131,0,59.6189687751112
"6225","weekly",6083,132,0,60.6720920817006
"6226","weekly",6083,133,0,61.4963041584515
"6227","weekly",6083,134,0,62.2208115004423
"6228","weekly",6083,135,0,62.9840880393931
"6229","weekly",6083,136,0,63.9112940797504
"6230","weekly",6083,137,0,65.0950050544952
"6231","weekly",6083,138,0,66.57996924709
"6232","weekly",6083,139,0,68.3517187611815
"6233","weekly",6083,140,0,70.329415998247
"6234","weekly",6083,141,0,72.3648616383643
"6235","weekly",6083,142,0,74.2510160168822
"6236","weekly",6083,143,0,75.7432878054497
"6237","weekly",6083,144,0,76.5941508113383
"6238","weekly",6083,145,0,76.5965438708199
"6239","weekly",6083,146,0,75.6260347528014
"6240","weekly",6083,147,0,73.6691714834469
"6241","weekly",6083,148,0,70.8282746476389
"6242","weekly",6083,149,0,67.300648010375
"6243","weekly",6083,150,0,63.3391254896896
"6244","weekly",6083,151,0,59.206483433808
"6245","weekly",6083,152,0,55.1361552698099
"6246","weekly",6083,153,0,51.3069475123084
"6247","weekly",6083,154,0,47.8332734213782
"6248","weekly",6083,155,0,44.7677802730714
"6249","weekly",6083,156,0,42.1114113173653
"6250","weekly",6083,157,0,39.8264717664924
"6251","weekly",6083,158,0,37.8499234524215
"6252","weekly",6083,159,0,36.105764064976
"6253","weekly",6083,160,0,34.5162992110472
"6254","weekly",6083,161,0,33.0122538570395
"6255","weekly",6083,162,0,31.5412485865663
"6256","weekly",6083,163,0,30.0736627785645
"6257","weekly",6083,164,0,28.6048083820106
"6258","weekly",6083,165,0,27.1528895868769
"6259","weekly",6083,166,0,25.7532595022194
"6260","weekly",6083,167,0,24.4504992786551
"6261","weekly",6083,168,0,23.2903081698341
"6262","weekly",6083,169,0,22.3128932680156
"6263","weekly",6083,170,0,21.5486991689195
"6264","weekly",6083,171,0,21.0163753998359
"6265","weekly",6083,172,0,20.7223284965967
"6266","weekly",6083,173,0,20.6606350710126
"6267","weekly",6083,174,0,20.8130989597312
"6268","weekly",6083,175,0,21.1493498325644
"6269","weekly",6083,176,0,21.6270604452666
"6270","weekly",6083,177,0,22.1934937182796
"6271","weekly",6083,178,0,22.7892223819226
"6272","weekly",6083,179,0,23.3544349171252
"6273","weekly",6083,180,0,23.8372420693267
"6274","weekly",6083,181,0,24.2022779421686
"6275","weekly",6083,182,0,24.4372463511145
"6276","weekly",6083,183,0,24.5553769121243
"6277","weekly",6083,184,0,24.5930028710236
"6278","weekly",6083,185,0,24.6030534952488
"6279","weekly",6083,186,0,24.646360468616
"6280","weekly",6083,187,0,24.7828291391479
"6281","weekly",6083,188,0,25.0638305116245
"6282","weekly",6083,189,0,25.5261608515966
"6283","weekly",6083,190,0,26.1871701448608
"6284","weekly",6083,191,0,27.0405220360626
"6285","weekly",6083,192,0,28.0525582187784
"6286","weekly",6083,193,0,29.1601836607924
"6287","weekly",6083,194,0,30.2721256603509
"6288","weekly",6083,195,0,31.2757275211779
"6289","weekly",6083,196,0,32.0505087301453
"6290","weekly",6083,197,0,32.4873992438579
"6291","weekly",6083,198,0,32.5095795097268
"6292","weekly",6083,199,0,32.0888279437186
"6293","weekly",6083,200,0,31.251761200836
"6294","weekly",6083,201,0,30.073626654942
"6295","weekly",6083,202,0,28.6618467057997
"6296","weekly",6083,203,0,27.1349139636322
"6297","weekly",6083,204,0,25.6028828065573
"6298","weekly",6083,205,0,24.1537652068573
"6299","weekly",6083,206,0,22.8471330487391
"6300","weekly",6083,207,0,21.7137788052232
"6301","weekly",6083,208,0,20.7591944836249
"6302","weekly",6083,209,0,19.9687766016768
"6303","weekly",6083,210,0,19.3134560887202
"6304","weekly",6083,211,0,18.7552824138575
"6305","weekly",6083,212,0,18.2529827004755
"6306","weekly",6083,213,0,17.7675487236784
"6307","weekly",6083,214,0,17.2675751876313
"6308","weekly",6083,215,0,16.7336421642112
"6309","weekly",6083,216,0,16.1608269871613
"6310","weekly",6083,217,0,15.5586690989658
"6311","weekly",6083,218,0,14.9485615915792
"6312","weekly",6083,219,0,14.3593024796992
"6313","weekly",6083,220,0,13.8220169518609
"6314","weekly",6083,221,0,13.3656365563847
"6315","weekly",6083,222,0,13.0136650203085
"6316","weekly",6083,223,0,12.7823545850315
"6317","weekly",6083,224,0,12.6799524516664
"6318","weekly",6083,225,0,12.7065072976911
"6319","weekly",6083,226,0,12.8538449886237
"6320","weekly",6083,227,0,13.1056267624554
"6321","weekly",6083,228,0,13.4377524526326
"6322","weekly",6083,229,0,13.8196164587716
"6323","weekly",6083,230,0,14.2167224741333
"6324","weekly",6083,231,0,14.5948274309694
"6325","weekly",6083,232,0,14.9251698039088
"6326","weekly",6083,233,0,15.1896898722289
"6327","weekly",6083,234,0,15.3848325222689
"6328","weekly",6083,235,0,15.5227940440191
"6329","weekly",6083,236,0,15.6298690145723
"6330","weekly",6083,237,0,15.7424787106811
"6331","weekly",6083,238,0,15.9020441125076
"6332","weekly",6083,239,0,16.1498586673397
"6333","weekly",6083,240,0,16.5226253370938
"6334","weekly",6083,241,0,17.0486844491797
"6335","weekly",6083,242,0,17.7445162586137
"6336","weekly",6083,243,0,18.6110621396438
"6337","weekly",6083,244,0,19.6298192558952
"6338","weekly",6083,245,0,20.7594307651079
"6339","weekly",6083,246,0,21.9343570784222
"6340","weekly",6083,247,0,23.0677147482193
"6341","weekly",6083,248,0,24.0599436894991
"6342","weekly",6083,249,0,24.8132774605056
"6343","weekly",6083,250,0,25.2494090795208
"6344","weekly",6083,251,0,25.3254879237793
"6345","weekly",6083,252,0,25.0431620442723
"6346","weekly",6083,253,0,24.4474785352832
"6347","weekly",6083,254,0,23.6161881869793
"6348","weekly",6083,255,0,22.6433783965931
"6349","weekly",6083,256,0,21.6226778048767
"6350","weekly",6083,257,0,20.634239065168
"6351","weekly",6083,258,0,19.7373576209302
"6352","weekly",6083,259,0,18.9683482711825
"6353","weekly",6083,260,0,18.3420644763391
"6354","weekly",6083,261,0,17.8552990488261
"6355","weekly",6083,262,0,17.4908363252071
"6356","weekly",6083,263,0,17.2216265853349
"6357","weekly",6083,264,0,17.0150593750295
"6358","weekly",6083,265,0,16.8374602867261
"6359","weekly",6083,266,0,16.658740637853
"6360","weekly",6083,267,0,16.4567518143158
"6361","weekly",6083,268,0,16.2206086134411
"6362","weekly",6083,269,0,15.9521368772039
"6363","weekly",6083,270,0,15.6651583172516
"6364","weekly",6083,271,0,15.3828342655052
"6365","weekly",6083,272,0,15.1337280115222
"6366","weekly",6083,273,0,14.9476343272145
"6367","weekly",6083,274,0,14.8519528699126
"6368","weekly",6083,275,0,14.8689846098241
"6369","weekly",6083,276,0,15.0141100206729
"6370","weekly",6083,277,0,15.2945704893682
"6371","weekly",6083,278,0,15.7085884708376
"6372","weekly",6083,279,0,16.2447854087168
"6373","weekly",6083,280,0,16.8821746299454
"6374","weekly",6083,281,0,17.5912617191807
"6375","weekly",6083,282,0,18.3368080063683
"6376","weekly",6083,283,0,19.0824863689322
"6377","weekly",6083,284,0,19.7970133066883
"6378","weekly",6083,285,0,20.4606180223054
"6379","weekly",6083,286,0,21.0702888197757
"6380","weekly",6083,287,0,21.6424193019211
"6381","weekly",6083,288,0,22.2122457653586
"6382","weekly",6083,289,0,22.8304506542227
"6383","weekly",6083,290,0,23.5579995450498
"6384","weekly",6083,291,0,24.4603631557875
"6385","weekly",6083,292,0,25.6017900497282
"6386","weekly",6083,293,0,27.0395591793076
"6387","weekly",6083,294,0,28.8175529905475
"6388","weekly",6083,295,0,30.9583770136869
"6389","weekly",6083,296,0,33.4538104551957
"6390","weekly",6083,297,0,36.2546424809279
"6391","weekly",6083,298,0,39.2626882582863
"6392","weekly",6083,299,0,42.3292949933621
"6393","weekly",6083,300,0,45.264813171194
"6394","weekly",6083,301,0,47.8612584845778
"6395","weekly",6083,302,0,49.9256938017061
"6396","weekly",6083,303,0,51.3164682712668
"6397","weekly",6083,304,0,51.9714046420067
"6398","weekly",6083,305,0,51.9187115789064
"6399","weekly",6083,306,0,51.2675110890541
"6400","weekly",6083,307,0,50.1822669507146
"6401","weekly",6083,308,0,48.8502317791845
"6402","weekly",6083,309,0,47.4513619083336
"6403","weekly",6083,310,0,46.1368524971203
"6404","weekly",6083,311,0,45.0180022315781
"6405","weekly",6083,312,0,44.1637461532519
"6406","weekly",6083,313,0,43.6037984106315
"6407","weekly",6083,314,0,43.3346160241199
"6408","weekly",6083,315,0,43.3264858221773
"6409","weekly",6083,316,0,43.5311532312044
"6410","weekly",6083,317,0,43.8900612995276
"6411","weekly",6083,318,0,44.3432895387723
"6412","weekly",6083,319,0,44.8387972730507
"6413","weekly",6083,320,0,45.3409223407925
"6414","weekly",6083,321,0,45.8366853036277
"6415","weekly",6083,322,0,46.3386069626031
"6416","weekly",6083,323,0,46.8834684595895
"6417","weekly",6083,324,0,47.527411984529
"6418","weekly",6083,325,0,48.3385438775003
"6419","weekly",6083,326,0,49.3884480887664
"6420","weekly",6083,327,0,50.7437428562462
"6421","weekly",6083,328,0,52.4582857634723
"6422","weekly",6083,329,0,54.566212373551
"6423","weekly",6083,330,0,57.0759442544131
"6424","weekly",6083,331,0,59.9656781111316
"6425","weekly",6083,332,0,63.181487808999
"6426","weekly",6083,333,0,66.6396548539233
"6427","weekly",6083,334,0,70.2347264590426
"6428","weekly",6083,335,0,73.8537593145411
"6429","weekly",6083,336,0,77.3953345827558
"6430","weekly",6083,337,0,80.7898785178186
"6431","weekly",6083,338,0,84.0165940408824
"6432","weekly",6083,339,0,87.1126805459608
"6433","weekly",6083,340,0,90.1724777056534
"6434","weekly",6083,341,0,93.33681120248
"6435","weekly",6083,342,0,96.7748822695285
"6436","weekly",6083,343,0,100.661686695237
"6437","weekly",6083,344,0,105.153213174352
"6438","weekly",6083,345,0,110.360372180605
"6439","weekly",6083,346,0,116.321856243196
"6440","weekly",6083,347,0,122.976823000035
"6441","weekly",6083,348,0,130.140706084983
"6442","weekly",6083,349,0,137.490956983025
"6443","weekly",6083,350,0,144.572351260853
"6444","weekly",6083,351,0,150.831072980076
"6445","weekly",6083,352,0,155.680938156705
"6446","weekly",6083,353,0,158.594061917534
"6447","weekly",6083,354,0,159.196050246743
"6448","weekly",6083,355,0,157.339061672419
"6449","weekly",6083,356,0,153.130043733579
"6450","weekly",6083,357,0,146.905660631575
"6451","weekly",6083,358,0,139.163304500005
"6452","weekly",6083,359,0,130.470519395602
"6453","weekly",6083,360,0,121.377991376166
"6454","weekly",6083,361,0,112.354721342099
"6455","weekly",6083,362,0,103.753059736726
"6456","weekly",6083,363,0,95.8013837741091
"6457","weekly",6083,364,0,88.6164740776167
"6458","weekly",6083,365,0,82.2262462710187
"6459","weekly",6083,366,0,76.5958335218711
"6460","weekly",6083,367,0,71.65161110806
"6461","weekly",6083,368,0,67.3009475566087
"6462","weekly",6083,369,0,63.4476723412372
"6463","weekly",6083,370,0,60.0030384370311
"6464","weekly",6083,371,0,56.8927528569984
"6465","weekly",6083,372,0,54.0605292850942
"6466","weekly",6083,373,0,51.4686085727717
"6467","weekly",6083,374,0,49.0957854137632
"6468","weekly",6083,375,0,46.9336414034133
"6469","weekly",6083,376,0,44.9818149848252
"6470","weekly",6083,377,0,43.2431461609813
"6471","weekly",6083,378,0,41.719392804549
"6472","weekly",6083,379,0,40.4079742428876
"6473","weekly",6083,380,0,39.2999432824745
"6474","weekly",6083,381,0,38.379195066238
"6475","weekly",6083,382,0,37.6228191989831
"6476","weekly",6083,383,0,37.0024686968736
"6477","weekly",6083,384,0,36.4866033415947
"6478","weekly",6083,385,0,36.0434151915961
"6479","weekly",6083,386,0,35.6441402959463
"6480","weekly",6083,387,0,35.2663289046286
"6481","weekly",6083,388,0,34.896550909878
"6482","weekly",6083,389,0,34.5320254542512
"6483","weekly",6083,390,0,34.180819963909
"6484","weekly",6083,391,0,33.860535567117
"6485","weekly",6083,392,0,33.5956940988854
"6486","weekly",6083,393,0,33.4142596773327
"6487","weekly",6083,394,0,33.3437950928383
"6488","weekly",6083,395,0,33.4076712810274
"6489","weekly",6083,396,0,33.6215846248706
"6490","weekly",6083,397,0,33.9904890281596
"6491","weekly",6083,398,0,34.5059998602992
"6492","weekly",6083,399,0,35.1444097279236
"6493","weekly",6083,400,0,35.8656443993441
"6494","weekly",6083,401,0,36.6136927068655
"6495","weekly",6083,402,0,37.3191336208074
"6496","weekly",6083,403,0,37.9042188581898
"6497","weekly",6083,404,0,38.2904757049946
"6498","weekly",6083,405,0,38.4080378393228
"6499","weekly",6083,406,0,38.2051320992559
"6500","weekly",6083,407,0,37.6556969099111
"6501","weekly",6083,408,0,36.762924257102
"6502","weekly",6083,409,0,35.5591823554787
"6503","weekly",6083,410,0,34.1005692024446
"6504","weekly",6083,411,0,32.457653405665
"6505","weekly",6083,412,0,30.7062506114416
"6506","weekly",6083,413,0,28.9186765594277
"6507","weekly",6083,414,0,27.15726975082
"6508","weekly",6083,415,0,25.4707460427016
"6509","weekly",6083,416,0,23.8932054194956
"6510","weekly",6083,417,0,22.4451493029228
"6511","weekly",6083,418,0,21.1357148216448
"6512","weekly",6083,419,0,19.9654098694518
"6513","weekly",6083,420,0,18.9288236417124
"6514","weekly",6083,421,0,18.0169955985439
"6515","weekly",6083,422,0,17.2192968137351
"6516","weekly",6083,423,0,16.5247943799732
"6517","weekly",6083,424,0,15.9231378784934
"6518","weekly",6083,425,0,15.4050413641089
"6519","weekly",6083,426,0,14.9624485820095
"6520","weekly",6083,427,0,14.5884723795316
"6521","weekly",6083,428,0,14.2771961295075
"6522","weekly",6083,429,0,14.0234172509809
"6523","weekly",6083,430,0,13.8224013533545
"6524","weekly",6083,431,0,13.669700823124
"6525","weekly",6083,432,0,13.5610746033963
"6526","weekly",6083,433,0,13.4925272119617
"6527","weekly",6083,434,0,13.4604653719252
"6528","weekly",6083,435,0,13.4619509650147
"6529","weekly",6083,436,0,13.4950111335565
"6530","weekly",6083,437,0,13.5589529608988
"6531","weekly",6083,438,0,13.6546242917175
"6532","weekly",6083,439,0,13.7845659947234
"6533","weekly",6083,440,0,13.9530140694624
"6534","weekly",6083,441,0,14.1657292860473
"6535","weekly",6083,442,0,14.4296522358454
"6536","weekly",6083,443,0,14.7523974093383
"6537","weekly",6083,444,0,15.1416081656753
"6538","weekly",6083,445,0,15.604196034863
"6539","weekly",6083,446,0,16.1454872901231
"6540","weekly",6083,447,0,16.7683037834504
"6541","weekly",6083,448,0,17.4720195525588
"6542","weekly",6083,449,0,18.2516618475165
"6543","weekly",6083,450,0,19.0971610423258
"6544","weekly",6083,451,0,19.9928874508551
"6545","weekly",6083,452,0,20.9176280250758
"6546","weekly",6083,453,0,21.8451353263481
"6547","weekly",6083,454,0,22.7453149467838
"6548","weekly",6083,455,0,23.5860101987455
"6549","weekly",6083,456,0,24.3352170540893
"6550","weekly",6083,457,0,24.9634544759283
"6551","weekly",6083,458,0,25.4459629266057
"6552","weekly",6083,459,0,25.7644291202269
"6553","weekly",6083,460,0,25.9080334454266
"6554","weekly",6083,461,0,25.8738954575419
"6555","weekly",6083,462,0,25.6664404631301
"6556","weekly",6083,463,0,25.2965406843032
"6557","weekly",6083,464,0,24.7806468093804
"6558","weekly",6083,465,0,24.1394038000071
"6559","weekly",6083,466,0,23.3964101056226
"6560","weekly",6083,467,0,22.5770436090279
"6561","weekly",6083,468,0,21.7073629638871
"6562","weekly",6083,469,0,20.8130753045807
"6563","weekly",6083,470,0,19.918569902482
"6564","weekly",6083,471,0,19.0460392809327
"6565","weekly",6083,472,0,18.2147288420747
"6566","weekly",6083,473,0,17.4403616496747
"6567","weekly",6083,474,0,16.7347734773575
"6568","weekly",6083,475,0,16.1057698284021
"6569","weekly",6083,476,0,15.5571915309847
"6570","weekly",6083,477,0,15.0891587248661
"6571","weekly",6083,478,0,14.6984601517797
"6572","weekly",6083,479,0,14.3790647631577
"6573","weekly",6083,480,0,14.1247483642073
"6574","weekly",6083,481,0,13.925850250489
"6575","weekly",6083,482,0,13.7708106694809
"6576","weekly",6083,483,0,13.6493395395919
"6577","weekly",6083,484,0,13.5529000151
"6578","weekly",6083,485,0,13.4755022050085
"6579","weekly",6083,486,0,13.4144538719775
"6580","weekly",6083,487,0,13.3708585977693
"6581","weekly",6083,488,0,13.3497422036198
"6582","weekly",6083,489,0,13.3597753887152
"6583","weekly",6083,490,0,13.4126427098345
"6584","weekly",6083,491,0,13.5221651718457
"6585","weekly",6083,492,0,13.7032994121837
"6586","weekly",6083,493,0,13.9711098587723
"6587","weekly",6083,494,0,14.3397572367576
"6588","weekly",6083,495,0,14.8214931100556
"6589","weekly",6083,496,0,15.4256214446759
"6590","weekly",6083,497,0,16.1574020898079
"6591","weekly",6083,498,0,17.0169321821195
"6592","weekly",6083,499,0,17.998138167939
"6593","weekly",6083,500,0,19.0881136141688
"6594","weekly",6083,501,0,20.2671003482174
"6595","weekly",6083,502,0,21.5093820246075
"6596","weekly",6083,503,0,22.7852073312279
"6597","weekly",6083,504,0,24.0635975292826
"6598","weekly",6083,505,0,25.3156889385828
"6599","weekly",6083,506,0,26.5175583631753
"6600","weekly",6083,507,0,27.652277029425
"6601","weekly",6083,508,0,28.7106978089105
"6602","weekly",6083,509,0,29.6902795355345
"6603","weekly",6083,510,0,30.5925582097225
"6604","weekly",6083,511,0,31.4197114960916
"6605","weekly",6083,512,0,32.1709425420158
"6606","weekly",6083,513,0,32.839442551005
"6607","weekly",6083,514,0,33.4106099200617
"6608","weekly",6083,515,0,33.8620373680569
"6609","weekly",6083,516,0,34.1655282981919
"6610","weekly",6083,517,0,34.2910536889831
"6611","weekly",6083,518,0,34.212121601493
"6612","weekly",6083,519,0,33.9115840672494
"6613","weekly",6083,520,0,33.3866070236545
"6614","weekly",6083,521,0,32.6515498947556
"6615","weekly",6083,522,0,31.7379246430828
"6616","weekly",6083,523,0,30.6913384423424
"6617","weekly",6083,524,0,29.5661145392769
"6618","weekly",6083,525,0,28.4188318193228
"6619","weekly",6083,526,0,27.3021365664354
"6620","weekly",6083,527,0,26.2598752035774
"6621","weekly",6083,528,0,25.3240628252861
"6622","weekly",6083,529,0,24.5136814234647
"6623","weekly",6083,530,0,23.8349688742928
"6624","weekly",6083,531,0,23.282765910586
"6625","weekly",6083,532,0,22.8425759014426
"6626","weekly",6083,533,0,22.4931491254174
"6627","weekly",6083,534,0,22.2095176198018
"6628","weekly",6083,535,0,21.9664069251448
"6629","weekly",6083,536,0,21.7418287719556
"6630","weekly",6083,537,0,21.5204747623102
"6631","weekly",6083,538,0,21.2963950528574
"6632","weekly",6083,539,0,21.0744655559574
"6633","weekly",6083,540,0,20.870363355567
"6634","weekly",6083,541,0,20.7091195370667
"6635","weekly",6083,542,0,20.6226567840313
"6636","weekly",6083,543,0,20.6468978325975
"6637","weekly",6083,544,0,20.8189807937852
"6638","weekly",6083,545,0,21.1748788537552
"6639","weekly",6083,546,0,21.7474119305007
"6640","weekly",6083,547,0,22.564386668575
"6641","weekly",6083,548,0,23.6465039184986
"6642","weekly",6083,549,0,25.0047754203188
"6643","weekly",6083,550,0,26.6374937753171
"6644","weekly",6083,551,0,28.5272507379668
"6645","weekly",6083,552,0,30.6389737347781
"6646","weekly",6083,553,0,32.9202385917997
"6647","weekly",6083,554,0,35.3049676991577
"6648","weekly",6083,555,0,37.7208821390814
"6649","weekly",6083,556,0,40.0998535753315
"6650","weekly",6083,557,0,42.3890386514977
"6651","weekly",6083,558,0,44.5600585686479
"6652","weekly",6083,559,0,46.6134276066514
"6653","weekly",6083,560,0,48.5772324270802
"6654","weekly",6083,561,0,50.5003670809856
"6655","weekly",6083,562,0,52.4414580786652
"6656","weekly",6083,563,0,54.4557490086081
"6657","weekly",6083,564,0,56.5817524125414
"6658","weekly",6083,565,0,58.8291712964347
"6659","weekly",6083,566,0,61.169429094014
"6660","weekly",6083,567,0,63.5303606108173
"6661","weekly",6083,568,0,65.7969873009388
"6662","weekly",6083,569,0,67.8202775967329
"6663","weekly",6083,570,0,69.4347630155571
"6664","weekly",6083,571,0,70.4836010845574
"6665","weekly",6083,572,0,70.8466860796761
"6666","weekly",6083,573,0,70.4650542888558
"6667","weekly",6083,574,0,69.3546417538309
"6668","weekly",6083,575,0,67.6051022242355
"6669","weekly",6083,576,0,65.3640043953928
"6670","weekly",6083,577,0,62.8112201085569
"6671","weekly",6083,578,0,60.1306646273842
"6672","weekly",6083,579,0,57.4860070044087
"6673","weekly",6083,580,0,55.0043260090424
"6674","weekly",6083,581,0,52.7685397964451
"6675","weekly",6083,582,0,50.8171488283988
"6676","weekly",6083,583,0,49.1489292356237
"6677","weekly",6083,584,0,47.7305447564395
"6678","weekly",6083,585,0,46.5057497821399
"6679","weekly",6083,586,0,45.4056154778045
"6680","weekly",6083,587,0,44.3594882338184
"6681","weekly",6083,588,0,43.3060376970971
"6682","weekly",6083,589,0,42.2031554624155
"6683","weekly",6083,590,0,41.0350350562621
"6684","weekly",6083,591,0,39.8149197698804
"6685","weekly",6083,592,0,38.5828903583242
"6686","weekly",6083,593,0,37.3993740861042
"6687","weekly",6083,594,0,36.3361877194293
"6688","weekly",6083,595,0,35.4673452448988
"6689","weekly",6083,596,0,34.8614231535757
"6690","weekly",6083,597,0,34.5762766547559
"6691","weekly",6083,598,0,34.6558435939478
"6692","weekly",6083,599,0,35.1280825298163
"6693","weekly",6083,600,0,36.0029584385811
"6694","weekly",6083,601,0,37.26924223069
"6695","weekly",6083,602,0,38.8924129674233
"6696","weekly",6083,603,0,40.8121573628159
"6697","weekly",6083,604,0,42.9412317709066
"6698","weekly",6083,605,0,45.1706621882695
"6699","weekly",6083,606,0,47.3804480857616
"6700","weekly",6083,607,0,49.4557766683574
"6701","weekly",6083,608,0,51.3057822257979
"6702","weekly",6083,609,0,52.8800855156478
"6703","weekly",6083,610,0,54.1783011136504
"6704","weekly",6083,611,0,55.249681891306
"6705","weekly",6083,612,0,56.1831718017311
"6706","weekly",6083,613,0,57.0908091509846
"6707","weekly",6083,614,0,58.0884864669242
"6708","weekly",6083,615,0,59.2774108695812
"6709","weekly",6083,616,0,60.7280464967953
"6710","weekly",6083,617,0,62.4669757970805
"6711","weekly",6083,618,0,64.466764637782
"6712","weekly",6083,619,0,66.639693261197
"6713","weekly",6083,620,0,68.8376115040592
"6714","weekly",6083,621,0,70.8611805686087
"6715","weekly",6083,622,0,72.4811793432709
"6716","weekly",6083,623,0,73.4716208090576
"6717","weekly",6083,624,0,73.6496189563004
"6718","weekly",6083,625,0,72.9123483438671
"6719","weekly",6083,626,0,71.2599293455132
"6720","weekly",6083,627,0,68.7964338358943
"6721","weekly",6083,628,0,65.7084625301432
"6722","weekly",6083,629,0,62.2283876526781
"6723","weekly",6083,630,0,58.5935895971161
"6724","weekly",6083,631,0,55.0122492707815
"6725","weekly",6083,632,0,51.6418008698565
"6726","weekly",6083,633,0,48.5808598032418
"6727","weekly",6083,634,0,45.8717233266325
"6728","weekly",6083,635,0,43.509260957253
"6729","weekly",6083,636,0,41.4526054218004
"6730","weekly",6083,637,0,39.6375057023033
"6731","weekly",6083,638,0,37.9885046611016
"6732","weekly",6083,639,0,36.4306256338314
"6733","weekly",6083,640,0,34.9001329539024
"6734","weekly",6083,641,0,33.3534049651535
"6735","weekly",6083,642,0,31.7725249570103
"6736","weekly",6083,643,0,30.1663789209269
"6737","weekly",6083,644,0,28.5669614520193
"6738","weekly",6083,645,0,27.0218862929032
"6739","weekly",6083,646,0,25.5851357143001
"6740","weekly",6083,647,0,24.3083385753234
"6741","weekly",6083,648,0,23.2342652371954
"6742","weekly",6083,649,0,22.3931468822157
"6743","weekly",6083,650,0,21.801409714466
"6744","weekly",6083,651,0,21.4618462230392
"6745","weekly",6083,652,0,21.3642216363842
"6746","weekly",6083,653,0,21.4857082001472
"6747","weekly",6083,654,0,21.7911111869107
"6748","weekly",6083,655,0,22.2335840779269
"6749","weekly",6083,656,0,22.7566590286697
"6750","weekly",6083,657,0,23.2984650226208
"6751","weekly",6083,658,0,23.7985410785186
"6752","weekly",6083,659,0,24.2063542880896
"6753","weekly",6083,660,0,24.4896773671353
"6754","weekly",6083,661,0,24.6404613306913
"6755","weekly",6083,662,0,24.6763409312043
"6756","weekly",6083,663,0,24.637277716145
"6757","weekly",6083,664,0,24.5784057860874
"6758","weekly",6083,665,0,24.5611106951328
"6759","weekly",6083,666,0,24.6443530741526
"6760","weekly",6083,667,0,24.8774459777305
"6761","weekly",6083,668,0,25.2944748748487
"6762","weekly",6083,669,0,25.9098620564218
"6763","weekly",6083,670,0,26.7145138437772
"6764","weekly",6083,671,0,27.6725473655497
"6765","weekly",6083,672,0,28.7195368916546
"6766","weekly",6083,673,0,29.7641100107248
"6767","weekly",6083,674,0,30.6949635942474
"6768","weekly",6083,675,0,31.3943951250621
"6769","weekly",6083,676,0,31.7571469355971
"6770","weekly",6083,677,0,31.7105016588794
"6771","weekly",6083,678,0,31.2297011550145
"6772","weekly",6083,679,0,30.3433606578037
"6773","weekly",6083,680,0,29.1268086153432
"6774","weekly",6083,681,0,27.6856741340052
"6775","weekly",6083,682,0,26.1352477014298
"6776","weekly",6083,683,0,24.581654724283
"6777","weekly",6083,684,0,23.1089296442078
"6778","weekly",6083,685,0,21.7731527763171
"6779","weekly",6083,686,0,20.6024681187155
"6780","weekly",6083,687,0,19.6007822091742
"6781","weekly",6083,688,0,18.7531099151238
"6782","weekly",6083,689,0,18.0312952421882
"6783","weekly",6083,690,0,17.3996148801198
"6784","weekly",6083,691,0,16.820220390855
"6785","weekly",6083,692,0,16.2583985728343
"6786","weekly",6083,693,0,15.6873432439425
"6787","weekly",6083,694,0,15.0917900600725
"6788","weekly",6083,695,0,14.4697563280752
"6789","weekly",6083,696,0,13.8319177865233
"6790","weekly",6083,697,0,13.198770025032
"6791","weekly",6083,698,0,12.5964636780518
"6792","weekly",6083,699,0,12.0520504432534
"6793","weekly",6083,700,0,11.5896878823187
"6794","weekly",6083,701,0,11.2282949092732
"6795","weekly",6083,702,0,10.9801918928097
"6796","weekly",6083,703,0,10.8507525962341
"6797","weekly",6083,704,0,10.8384721516668
"6798","weekly",6083,705,0,10.9350981825919
"6799","weekly",6083,706,0,11.1257539802282
"6800","weekly",6083,707,0,11.3892901702966
"6801","weekly",6083,708,0,11.6993131790769
"6802","weekly",6083,709,0,12.0263395061193
"6803","weekly",6083,710,0,12.3412424395792
"6804","weekly",6083,711,0,12.6196360413596
"6805","weekly",6083,712,0,12.8462865719921
"6806","weekly",6083,713,0,13.0183615345668
"6807","weekly",6083,714,0,13.1465442816661
"6808","weekly",6083,715,0,13.2537095311745
"6809","weekly",6083,716,0,13.3716407325737
"6810","weekly",6083,717,0,13.5367669619554
"6811","weekly",6083,718,0,13.7858887806287
"6812","weekly",6083,719,0,14.1524346372244
"6813","weekly",6083,720,0,14.663226490542
"6814","weekly",6083,721,0,15.3353318309673
"6815","weekly",6083,722,0,16.1725276377001
"6816","weekly",6083,723,0,17.1612633183904
"6817","weekly",6083,724,0,18.2667339710788
"6818","weekly",6083,725,0,19.4305623922301
"6819","weekly",6083,726,0,20.572224912572
"6820","weekly",6083,727,0,21.596160839621
"6821","weekly",6083,728,0,22.405031061684
"6822","weekly",6083,729,0,22.9170290662732
"6823","weekly",6083,730,0,23.082616230964
"6824","weekly",6083,731,0,22.8951623238645
"6825","weekly",6083,732,0,22.391685411767
"6826","weekly",6083,733,0,21.6435709088946
"6827","weekly",6083,734,0,20.7408273993387
"6828","weekly",6083,735,0,19.7751752838958
"6829","weekly",6083,736,0,18.8265022721716
"6830","weekly",6083,737,0,17.9549010942901
"6831","weekly",6083,738,0,17.1981300381813
"6832","weekly",6083,739,0,16.5729296084246
"6833","weekly",6083,740,0,16.0783688258089
"6834","weekly",6083,741,0,15.6998863672088
"6835","weekly",6083,742,0,15.4134041297693
"6836","weekly",6083,743,0,15.1894348210226
"6837","weekly",6083,744,0,14.9973023771636
"6838","weekly",6083,745,0,14.809448712469
"6839","weekly",6083,746,0,14.6054596678805
"6840","weekly",6083,747,0,14.3751443137699
"6841","weekly",6083,748,0,14.1199725273582
"6842","weekly",6083,749,0,13.8525028725999
"6843","weekly",6083,750,0,13.5939883399878
"6844","weekly",6083,751,0,13.3708991371277
"6845","weekly",6083,752,0,13.2110842633847
"6846","weekly",6083,753,0,13.1405262190492
"6847","weekly",6083,754,0,13.1810337427305
"6848","weekly",6083,755,0,13.3485949561327
"6849","weekly",6083,756,0,13.652258928083
"6850","weekly",6083,757,0,14.0932122141712
"6851","weekly",6083,758,0,14.6639755333272
"6852","weekly",6083,759,0,15.3479771726816
"6853","weekly",6083,760,0,16.1200618010625
"6854","weekly",6083,761,0,16.9485946038731
"6855","weekly",6083,762,0,17.7995738529062
"6856","weekly",6083,763,0,18.6425498728895
"6857","weekly",6083,764,0,19.4573642742762
"6858","weekly",6083,765,0,20.2401585823281
"6859","weekly",6083,766,0,21.0071228277266
"6860","weekly",6083,767,0,21.7951327075243
"6861","weekly",6083,768,0,22.6594270001769
"6862","weekly",6083,769,0,23.6692622575065
"6863","weekly",6083,770,0,24.9026447286487
"6864","weekly",6083,771,0,26.4407419824092
"6865","weekly",6083,772,0,28.3617135814056
"6866","weekly",6083,773,0,30.7329083439981
"6867","weekly",6083,774,0,33.6000817037311
"6868","weekly",6083,775,0,36.9728613514853
"6869","weekly",6083,776,0,40.8073972958045
"6870","weekly",6083,777,0,44.9899045775419
"6871","weekly",6083,778,0,49.3278272714597
"6872","weekly",6083,779,0,53.5568117191178
"6873","weekly",6083,780,0,57.3693378890785
"6874","weekly",6083,781,0,60.4637464017796
"6875","weekly",6083,782,0,62.602684012887
"6876","weekly",6083,783,0,63.6629425925821
"6877","weekly",6083,784,0,63.6594780372143
"6878","weekly",6083,785,0,62.7358457557893
"6879","weekly",6083,786,0,61.1263951838409
"6880","weekly",6083,787,0,59.1050448110109
"6881","weekly",6083,788,0,56.9370016944231
"6882","weekly",6083,789,0,54.8444363189556
"6883","weekly",6083,790,0,52.9893251271133
"6884","weekly",6083,791,0,51.4706312463677
"6885","weekly",6083,792,0,50.3304510340458
"6886","weekly",6083,793,0,49.5642882247339
"6887","weekly",6083,794,0,49.1316369743399
"6888","weekly",6083,795,0,48.9686652732962
"6889","weekly",6083,796,0,48.9995011390347
"6890","weekly",6083,797,0,49.1464867893228
"6891","weekly",6083,798,0,49.3426144129371
"6892","weekly",6083,799,0,49.5420616820193
"6893","weekly",6083,800,0,49.7277903169525
"6894","weekly",6083,801,0,49.9146218212227
"6895","weekly",6083,802,0,50.1471650823769
"6896","weekly",6083,803,0,50.4932628626921
"6897","weekly",6083,804,0,51.0346095991954
"6898","weekly",6083,805,0,51.8564383381854
"6899","weekly",6083,806,0,53.0376937464789
"6900","weekly",6083,807,0,54.642296574435
"6901","weekly",6083,808,0,56.7114723395825
"6902","weekly",6083,809,0,59.2570258169726
"6903","weekly",6083,810,0,62.2559732788868
"6904","weekly",6083,811,0,65.6478684572394
"6905","weekly",6083,812,0,69.3369758331173
"6906","weekly",6083,813,0,73.2015059166115
"6907","weekly",6083,814,0,77.110913958164
"6908","weekly",6083,815,0,80.9498030176364
"6909","weekly",6083,816,0,84.644113090726
"6910","weekly",6083,817,0,88.1834557607253
"6911","weekly",6083,818,0,91.6338634893473
"6912","weekly",6083,819,0,95.1379037917723
"6913","weekly",6083,820,0,98.9027328751908
"6914","weekly",6083,821,0,103.179322140615
"6915","weekly",6083,822,0,108.236506160796
"6916","weekly",6083,823,0,114.331742956383
"6917","weekly",6083,824,0,121.677806751817
"6918","weekly",6083,825,0,130.402836428431
"6919","weekly",6083,826,0,140.501942114748
"6920","weekly",6083,827,0,151.783090771605
"6921","weekly",6083,828,0,163.818190594811
"6922","weekly",6083,829,0,175.919757701206
"6923","weekly",6083,830,0,187.168697004228
"6924","weekly",6083,831,0,196.512275122092
"6925","weekly",6083,832,0,202.929400412861
"6926","weekly",6083,833,0,205.628689845995
"6927","weekly",6083,834,0,204.220016989973
"6928","weekly",6083,835,0,198.800144933357
"6929","weekly",6083,836,0,189.922379029882
"6930","weekly",6083,837,0,178.464447015711
"6931","weekly",6083,838,0,165.443966355691
"6932","weekly",6083,839,0,151.840369027697
"6933","weekly",6083,840,0,138.466582318521
"6934","weekly",6083,841,0,125.906559178729
"6935","weekly",6083,842,0,114.510907072792
"6936","weekly",6083,843,0,104.430456182192
"6937","weekly",6083,844,0,95.6665458203715
"6938","weekly",6083,845,0,88.1222652735159
"6939","weekly",6083,846,0,81.64627968688
"6940","weekly",6083,847,0,76.0662964723233
"6941","weekly",6083,848,0,71.2134352971916
"6942","weekly",6083,849,0,66.9380980205096
"6943","weekly",6083,850,0,63.1190581137562
"6944","weekly",6083,851,0,59.6677674435487
"6945","weekly",6083,852,0,56.5278414856512
"6946","weekly",6083,853,0,53.6707294831067
"6947","weekly",6083,854,0,51.0886647184743
"6948","weekly",6083,855,0,48.7862725592349
"6949","weekly",6083,856,0,46.7722455581534
"6950","weekly",6083,857,0,45.0522101434181
"6951","weekly",6083,858,0,43.6234291828077
"6952","weekly",6083,859,0,42.4715192150252
"6953","weekly",6083,860,0,41.569080477544
"6954","weekly",6083,861,0,40.8760890636477
"6955","weekly",6083,862,0,40.3420003736173
"6956","weekly",6083,863,0,39.9095989805719
"6957","weekly",6083,864,0,39.5205402171268
"6958","weekly",6083,865,0,39.1221880591256
"6959","weekly",6083,866,0,38.6748399090866
"6960","weekly",6083,867,0,38.1579756447463
"6961","weekly",6083,868,0,37.5740695467466
"6962","weekly",6083,869,0,36.9489369508665
"6963","weekly",6083,870,0,36.3284631019269
"6964","weekly",6083,871,0,35.7725253881144
"6965","weekly",6083,872,0,35.3475398274677
"6966","weekly",6083,873,0,35.1190801328048
"6967","weekly",6083,874,0,35.1454846703928
"6968","weekly",6083,875,0,35.4725839649764
"6969","weekly",6083,876,0,36.1290179703064
"6970","weekly",6083,877,0,37.1213482079111
"6971","weekly",6083,878,0,38.4284408630338
"6972","weekly",6083,879,0,39.9954045266495
"6973","weekly",6083,880,0,41.7285656392123
"6974","weekly",6083,881,0,43.4941910217603
"6975","weekly",6083,882,0,45.1242778835585
"6976","weekly",6083,883,0,46.4319450964686
"6977","weekly",6083,884,0,47.23631821444
"6978","weekly",6083,885,0,47.3928070828406
"6979","weekly",6083,886,0,46.821045962366
"6980","weekly",6083,887,0,45.5217412504135
"6981","weekly",6083,888,0,43.5765097898548
"6982","weekly",6083,889,0,41.1305640670471
"6983","weekly",6083,890,0,38.363999211906
"6984","weekly",6083,891,0,35.4607065525561
"6985","weekly",6083,892,0,32.5824274577826
"6986","weekly",6083,893,0,29.8533576426053
"6987","weekly",6083,894,0,27.3555640712657
"6988","weekly",6083,895,0,25.1320336678982
"6989","weekly",6083,896,0,23.1944428088391
"6990","weekly",6083,897,0,21.5323492525495
"6991","weekly",6083,898,0,20.1217570427762
"6992","weekly",6083,899,0,18.9320907669899
"6993","weekly",6083,900,0,17.931374437765
"6994","weekly",6083,901,0,17.0897929046259
"6995","weekly",6083,902,0,16.3819207778579
"6996","weekly",6083,903,0,15.787872382105
"6997","weekly",6083,904,0,15.2935653908135
"6998","weekly",6083,905,0,14.8902580990034
"6999","weekly",6083,906,0,14.5735243197923
"7000","weekly",6083,907,0,14.3418487499293
"7001","weekly",6083,908,0,14.1950321557524
"7002","weekly",6083,909,0,14.1325778329556
"7003","weekly",6083,910,0,14.1521982708073
"7004","weekly",6083,911,0,14.2485570387507
"7005","weekly",6083,912,0,14.4123654231589
"7006","weekly",6083,913,0,14.629986636086
"7007","weekly",6083,914,0,14.8837357227021
"7008","weekly",6083,915,0,15.1530521661916
"7009","weekly",6083,916,0,15.416615643815
"7010","weekly",6083,917,0,15.6552575490205
"7011","weekly",6083,918,0,15.8552399907421
"7012","weekly",6083,919,0,16.0112442929312
"7013","weekly",6083,920,0,16.1283658466127
"7014","weekly",6083,921,0,16.2226214815964
"7015","weekly",6083,922,0,16.3198820493417
"7016","weekly",6083,923,0,16.4535739370331
"7017","weekly",6083,924,0,16.6617531576849
"7018","weekly",6083,925,0,16.9841366668334
"7019","weekly",6083,926,0,17.4594081656323
"7020","weekly",6083,927,0,18.122734083976
"7021","weekly",6083,928,0,19.0030909932757
"7022","weekly",6083,929,0,20.1198505501452
"7023","weekly",6083,930,0,21.478184368505
"7024","weekly",6083,931,0,23.0632985061166
"7025","weekly",6083,932,0,24.8342885848324
"7026","weekly",6083,933,0,26.7193875253215
"7027","weekly",6083,934,0,28.6151899132019
"7028","weekly",6083,935,0,30.3924877616446
"7029","weekly",6083,936,0,31.9100815753191
"7030","weekly",6083,937,0,33.0352963236437
"7031","weekly",6083,938,0,33.6668087799699
"7032","weekly",6083,939,0,33.7533899773698
"7033","weekly",6083,940,0,33.302701548906
"7034","weekly",6083,941,0,32.3774806028814
"7035","weekly",6083,942,0,31.0808283819933
"7036","weekly",6083,943,0,29.535708645366
"7037","weekly",6083,944,0,27.8646994588707
"7038","weekly",6083,945,0,26.1746367211381
"7039","weekly",6083,946,0,24.5480931181737
"7040","weekly",6083,947,0,23.0412537688098
"7041","weekly",6083,948,0,21.6866311960912
"7042","weekly",6083,949,0,20.4978077281339
"7043","weekly",6083,950,0,19.4746045487045
"7044","weekly",6083,951,0,18.6087610791801
"7045","weekly",6083,952,0,17.8885354168524
"7046","weekly",6083,953,0,17.3018463665212
"7047","weekly",6083,954,0,16.8384283468476
"7048","weekly",6083,955,0,16.4910529563567
"7049","weekly",6083,956,0,16.2559302245209
"7050","weekly",6083,957,0,16.1324228684753
"7051","weekly",6083,958,0,16.1222121015016
"7052","weekly",6083,959,0,16.2280458036257
"7053","weekly",6083,960,0,16.452181360095
"7054","weekly",6083,961,0,16.7946198541104
"7055","weekly",6083,962,0,17.2512397916362
"7056","weekly",6083,963,0,17.8120004899247
"7057","weekly",6083,964,0,18.4595024620721
"7058","weekly",6083,965,0,19.1683329302323
"7059","weekly",6083,966,0,19.9057125361796
"7060","weekly",6083,967,0,20.6338884643483
"7061","weekly",6083,968,0,21.3144047818278
"7062","weekly",6083,969,0,21.9138352700247
"7063","weekly",6083,970,0,22.4099520968084
"7064","weekly",6083,971,0,22.7969104818185
"7065","weekly",6083,972,0,23.0881162456135
"7066","weekly",6083,973,0,23.316062218204
"7067","weekly",6083,974,0,23.5293323645674
"7068","weekly",6083,975,0,23.7877623845561
"7069","weekly",6083,976,0,24.1570607597823
"7070","weekly",6083,977,0,24.7039421900627
"7071","weekly",6083,978,0,25.4921846544239
"7072","weekly",6083,979,0,26.5792980332699
"7073","weekly",6083,980,0,28.0129580329594
"7074","weekly",6083,981,0,29.8261820778716
"7075","weekly",6083,982,0,32.0304942995936
"7076","weekly",6083,983,0,34.6070976608389
"7077","weekly",6083,984,0,37.4973232579869
"7078","weekly",6083,985,0,40.5951340358806
"7079","weekly",6083,986,0,43.7456442177645
"7080","weekly",6083,987,0,46.7535887156628
"7081","weekly",6083,988,0,49.4033809958564
"7082","weekly",6083,989,0,51.4898578588763
"7083","weekly",6083,990,0,52.851824628473
"7084","weekly",6083,991,0,53.3990740120862
"7085","weekly",6083,992,0,53.1261660799428
"7086","weekly",6083,993,0,52.1081402336131
"7087","weekly",6083,994,0,50.4808451805802
"7088","weekly",6083,995,0,48.4128599218748
"7089","weekly",6083,996,0,46.0772421035872
"7090","weekly",6083,997,0,43.6294534050758
"7091","weekly",6083,998,0,41.1943774435713
"7092","weekly",6083,999,0,38.8621470565704
"7093","weekly",6083,1000,0,36.6905596453144
"7094","weekly",6083,1001,0,34.7113076477908
"7095","weekly",6083,1002,0,32.9376205256631
"7096","weekly",6083,1003,0,31.3715859318327
"7097","weekly",6083,1004,0,30.0102171174003
"7098","weekly",6083,1005,0,28.8498724587116
"7099","weekly",6083,1006,0,27.8889699098872
"7100","weekly",6083,1007,0,27.129174714195
"7101","weekly",6083,1008,0,26.5753495977624
"7102","weekly",6083,1009,0,26.2345818016256
"7103","weekly",6083,1010,0,26.1145539644058
"7104","weekly",6083,1011,0,26.2214310226263
"7105","weekly",6083,1012,0,26.557338253333
"7106","weekly",6083,1013,0,27.1174663503771
"7107","weekly",6083,1014,0,27.8869158322559
"7108","weekly",6083,1015,0,28.8376161632914
"7109","weekly",6083,1016,0,29.9259979219569
"7110","weekly",6083,1017,0,31.0924436245841
"7111","weekly",6083,1018,0,32.2636833811484
"7112","weekly",6083,1019,0,33.3589866795592
"7113","weekly",6083,1020,0,34.3000909284019
"7114","weekly",6083,1021,0,35.0234535188138
"7115","weekly",6083,1022,0,35.4921390650779
"7116","weekly",6083,1023,0,35.7041627867875
"7117","weekly",6083,1024,0,35.6948649983387
"7118","weekly",6083,1025,0,35.5327139523797
"7119","weekly",6083,1026,0,35.3100132260879
"7120","weekly",6083,1027,0,35.1313476297364
"7121","weekly",6083,1028,0,35.102691386368
"7122","weekly",6083,1029,0,35.3230756049161
"7123","weekly",6083,1030,0,35.8792054979713
"7124","weekly",6083,1031,0,36.8421091777782
"7125","weekly",6083,1032,0,38.2641930471946
"7126","weekly",6083,1033,0,40.1750707085157
"7127","weekly",6083,1034,0,42.5751589411011
"7128","weekly",6083,1035,0,45.4271982878199
"7129","weekly",6083,1036,0,48.6474092009521
"7130","weekly",6083,1037,0,52.0995906784228
"7131","weekly",6083,1038,0,55.5964333297597
"7132","weekly",6083,1039,0,58.9117738372734
"7133","weekly",6083,1040,0,61.8049407448707
"7134","weekly",6083,1041,0,64.0537578156072
"7135","weekly",6083,1042,0,65.4889916966713
"7136","weekly",6083,1043,0,66.0208475940017
"7137","weekly",6083,1044,0,65.6496608184243
"7138","weekly",6083,1045,0,64.4585552709977
"7139","weekly",6083,1046,0,62.5914582307742
"7140","weekly",6083,1047,0,60.2238960926479
"7141","weekly",6083,1048,0,57.5346554269127
"7142","weekly",6083,1049,0,54.6842114731407
"7143","weekly",6083,1050,0,51.8024287873195
"7144","weekly",6083,1051,0,48.9850317602322
"7145","weekly",6083,1052,0,46.2965677280008
"7146","weekly",6083,1053,0,43.7770868414518
"7147","weekly",6083,1054,0,41.4500030762501
"7148","weekly",6083,1055,0,39.3294544067539
"7149","weekly",6083,1056,0,37.4260850518403
"7150","weekly",6083,1057,0,35.750796199929
"7151","weekly",6083,1058,0,34.3165446195781
"7152","weekly",6083,1059,0,33.138544260044
"7153","weekly",6083,1060,0,32.2333591332354
"7154","weekly",6083,1061,0,31.6173408065006
"7155","weekly",6083,1062,0,31.3046994722172
"7156","weekly",6083,1063,0,31.3052778926067
"7157","weekly",6083,1064,0,31.6219173972495
"7158","weekly",6083,1065,0,32.2472576111104
"7159","weekly",6083,1066,0,33.1599675058969
"7160","weekly",6083,1067,0,34.3207913885708
"7161","weekly",6083,1068,0,35.6693575184909
"7162","weekly",6083,1069,0,37.1232628955768
"7163","weekly",6083,1070,0,38.5811969961214
"7164","weekly",6083,1071,0,39.9314204732145
"7165","weekly",6083,1072,0,41.0655575244964
"7166","weekly",6083,1073,0,41.895634628534
"7167","weekly",6083,1074,0,42.3704183844966
"7168","weekly",6083,1075,0,42.4864511802225
"7169","weekly",6083,1076,0,42.2904159601239
"7170","weekly",6083,1077,0,41.8722336165665
"7171","weekly",6083,1078,0,41.3513202838876
"7172","weekly",6083,1079,0,40.8602585395565
"7173","weekly",6083,1080,0,40.5300606869496
"7174","weekly",6083,1081,0,40.4795823988534
"7175","weekly",6083,1082,0,40.8094882718869
"7176","weekly",6083,1083,0,41.5994369428809
"7177","weekly",6083,1084,0,42.9062213450452
"7178","weekly",6083,1085,0,44.761175767293
"7179","weekly",6083,1086,0,47.1651143835406
"7180","weekly",6083,1087,0,50.0807751024331
"7181","weekly",6083,1088,0,53.4248751240229
"7182","weekly",6083,1089,0,57.062567602683
"7183","weekly",6083,1090,0,60.8084665623683
"7184","weekly",6083,1091,0,64.437804376561
"7185","weekly",6083,1092,0,67.7088664512266
"7186","weekly",6083,1093,0,70.3939149376893
"7187","weekly",6083,1094,0,72.3118883596326
"7188","weekly",6083,1095,0,73.3542965122688
"7189","weekly",6083,1096,0,73.4972317361971
"7190","weekly",6083,1097,0,72.7968420215839
"7191","weekly",6083,1098,0,71.3708964538746
"7192","weekly",6083,1099,0,69.3728261359938
"7193","weekly",6083,1100,0,66.9655332714174
"7194","weekly",6083,1101,0,64.3006091364805
"7195","weekly",6083,1102,0,61.5057074778015
"7196","weekly",6083,1103,0,58.6800728920643
"7197","weekly",6083,1104,0,55.8964288390634
"7198","weekly",6083,1105,0,53.2067158524951
"7199","weekly",6083,1106,0,50.6492613238297
"7200","weekly",6083,1107,0,48.2554934884756
"7201","weekly",6083,1108,0,46.0550066827709
"7202","weekly",6083,1109,0,44.0784763292613
"7203","weekly",6083,1110,0,42.3585070531772
"7204","weekly",6083,1111,0,40.928895671801
"7205","weekly",6083,1112,0,39.8229475083936
"7206","weekly",6083,1113,0,39.0713967603078
"7207","weekly",6083,1114,0,38.7002151510533
"7208","weekly",6083,1115,0,38.7282669091946
"7209","weekly",6083,1116,0,39.1645179467378
"7210","weekly",6083,1117,0,40.0044510074295
"7211","weekly",6083,1118,0,41.2255576984899
"7212","weekly",6083,1119,0,42.7823006952385
"7213","weekly",6083,1120,0,44.6017026995542
"7214","weekly",6083,1121,0,46.5815094966674
"7215","weekly",6083,1122,0,48.5932923901419
"7216","weekly",6083,1123,0,50.4923995865829
"7217","weekly",6083,1124,0,52.1350150026919
"7218","weekly",6083,1125,0,53.399980800401
"7219","weekly",6083,1126,0,54.2104868472961
"7220","weekly",6083,1127,0,54.5496344313724
"7221","weekly",6083,1128,0,54.4651937583112
"7222","weekly",6083,1129,0,54.062286033055
"7223","weekly",6083,1130,0,53.4866615901628
"7224","weekly",6083,1131,0,52.9038286631476
"7225","weekly",6083,1132,0,52.4794867006058
"7226","weekly",6083,1133,0,52.3648617867075
"7227","weekly",6083,1134,0,52.6878573395661
"7228","weekly",6083,1135,0,53.5486723816794
"7229","weekly",6083,1136,0,55.0173823731893
"7230","weekly",6083,1137,0,57.1309827909572
"7231","weekly",6083,1138,0,59.8883245578618
"7232","weekly",6083,1139,0,63.2428305557987
"7233","weekly",6083,1140,0,67.0946906848403
"7234","weekly",6083,1141,0,71.2859086627068
"7235","weekly",6083,1142,0,75.6024288476474
"7236","weekly",6083,1143,0,79.7869825126545
"7237","weekly",6083,1144,0,83.563730302536
"7238","weekly",6083,1145,0,86.671736729957
"7239","weekly",6083,1146,0,88.9003263660998
"7240","weekly",6083,1147,0,90.117460672489
"7241","weekly",6083,1148,0,90.2837291477917
"7242","weekly",6083,1149,0,89.4489583305403
"7243","weekly",6083,1150,0,87.7338186894194
"7244","weekly",6083,1151,0,85.3027864506512
"7245","weekly",6083,1152,0,82.3360108983325
"7246","weekly",6083,1153,0,79.0061947772847
"7247","weekly",6083,1154,0,75.463736019432
"7248","weekly",6083,1155,0,71.8304919953371
"7249","weekly",6083,1156,0,68.2005027379855
"7250","weekly",6083,1157,0,64.6450840894831
"7251","weekly",6083,1158,0,61.219673587555
"7252","weekly",6083,1159,0,57.9703339829066
"7253","weekly",6083,1160,0,54.9385846375662
"7254","weekly",6083,1161,0,52.1640220470144
"7255","weekly",6083,1162,0,49.6848567908673
"7256","weekly",6083,1163,0,47.5369300654274
"7257","weekly",6083,1164,0,45.7519255523439
"7258","weekly",6083,1165,0,44.3553804328913
"7259","weekly",6083,1166,0,43.3648146845444
"7260","weekly",6083,1167,0,42.7879760083815
"7261","weekly",6083,1168,0,42.6209729297625
"7262","weekly",6083,1169,0,42.8460369628083
"7263","weekly",6083,1170,0,43.4288582869922
"7264","weekly",6083,1171,0,44.3158599417002
"7265","weekly",6083,1172,0,45.4323209023423
"7266","weekly",6083,1173,0,46.6827405171571
"7267","weekly",6083,1174,0,47.9549745069307
"7268","weekly",6083,1175,0,49.129173006113
"7269","weekly",6083,1176,0,50.0912922774078
"7270","weekly",6083,1177,0,50.7491938666499
"7271","weekly",6083,1178,0,51.0477844709239
"7272","weekly",6083,1179,0,50.9791523570311
"7273","weekly",6083,1180,0,50.5847286518328
"7274","weekly",6083,1181,0,49.9489230090694
"7275","weekly",6083,1182,0,49.1859609041203
"7276","weekly",6083,1183,0,48.4239426959975
"7277","weekly",6083,1184,0,47.789921112766
"7278","weekly",6083,1185,0,47.3982455031219
"7279","weekly",6083,1186,0,47.3432114322932
"7280","weekly",6083,1187,0,47.695164009303
"7281","weekly",6083,1188,0,48.4984451992423
"7282","weekly",6083,1189,0,49.7695563591406
"7283","weekly",6083,1190,0,51.4945193169842
"7284","weekly",6083,1191,0,53.6254113895266
"7285","weekly",6083,1192,0,56.0771620571104
"7286","weekly",6083,1193,0,58.7266305255544
"7287","weekly",6083,1194,0,61.4163590337412
"7288","weekly",6083,1195,0,63.9648472709014
"7289","weekly",6083,1196,0,66.1835809197146
"7290","weekly",6083,1197,0,67.8987199383264
"7291","weekly",6083,1198,0,68.973187095391
"7292","weekly",6083,1199,0,69.3239606247662
"7293","weekly",6083,1200,0,68.9303100450707
"7294","weekly",6083,1201,0,67.831272445721
"7295","weekly",6083,1202,0,66.1137748386027
"7296","weekly",6083,1203,0,63.8951720834739
"7297","weekly",6083,1204,0,61.3047810136923
"7298","weekly",6083,1205,0,58.4682564713003
"7299","weekly",6083,1206,0,55.4970070843192
"7300","weekly",6083,1207,0,52.4830833554879
"7301","weekly",6083,1208,0,49.4986556293952
"7302","weekly",6083,1209,0,46.5985295765277
"7303","weekly",6083,1210,0,43.8241057198538
"7304","weekly",6083,1211,0,41.2074215070534
"7305","weekly",6083,1212,0,38.7743855621084
"7306","weekly",6083,1213,0,36.5468480154086
"7307","weekly",6083,1214,0,34.5435144087241
"7308","weekly",6083,1215,0,32.779962568784
"7309","weekly",6083,1216,0,31.2681349818522
"7310","weekly",6083,1217,0,30.015641060003
"7311","weekly",6083,1218,0,29.0250777016918
"7312","weekly",6083,1219,0,28.2934293286744
"7313","weekly",6083,1220,0,27.8115024545041
"7314","weekly",6083,1221,0,27.5633259193128
"7315","weekly",6083,1222,0,27.5255183919144
"7316","weekly",6083,1223,0,27.6667720729311
"7317","weekly",6083,1224,0,27.9477793904371
"7318","weekly",6083,1225,0,28.3220644547546
"7319","weekly",6083,1226,0,28.7381829390797
"7320","weekly",6083,1227,0,29.1435459826171
"7321","weekly",6083,1228,0,29.4896929496244
"7322","weekly",6083,1229,0,29.7382840483842
"7323","weekly",6083,1230,0,29.8666194451944
"7324","weekly",6083,1231,0,29.8713610835039
"7325","weekly",6083,1232,0,29.7694733007738
"7326","weekly",6083,1233,0,29.5961256963928
"7327","weekly",6083,1234,0,29.4001401344358
"7328","weekly",6083,1235,0,29.2380778287479
"7329","weekly",6083,1236,0,29.1682947019799
"7330","weekly",6083,1237,0,29.2459032257102
"7331","weekly",6083,1238,0,29.5189524884045
"7332","weekly",6083,1239,0,30.0257075229165
"7333","weekly",6083,1240,0,30.7925078957123
"7334","weekly",6083,1241,0,31.8316416925663
"7335","weekly",6083,1242,0,33.1388806083341
"7336","weekly",6083,1243,0,34.6907302079999
"7337","weekly",6083,1244,0,36.4419555731365
"7338","weekly",6083,1245,0,38.3244031301074
"7339","weekly",6083,1246,0,40.2483645370448
"7340","weekly",6083,1247,0,42.107522636019
"7341","weekly",6083,1248,0,43.7877837889973
"7342","weekly",6083,1249,0,45.1791537860991
"7343","weekly",6083,1250,0,46.1886340552592
"7344","weekly",6083,1251,0,46.7514181641163
"7345","weekly",6083,1252,0,46.8378483471679
"7346","weekly",6083,1253,0,46.4546659854968
"7347","weekly",6083,1254,0,45.6406518313743
"7348","weekly",6083,1255,0,44.4581780072622
"7349","weekly",6083,1256,0,42.9829747151234
"7350","weekly",6083,1257,0,41.2943857991559
"7351","weekly",6083,1258,0,39.4677370163045
"7352","weekly",6083,1259,0,37.5695379887256
"7353","weekly",6083,1260,0,35.6554265569212
"7354","weekly",6083,1261,0,33.7702409427802
"7355","weekly",6083,1262,0,31.9493896620115
"7356","weekly",6083,1263,0,30.2207273995518
"7357","weekly",6083,1264,0,28.6063912106692
"7358","weekly",6083,1265,0,27.1242330792738
"7359","weekly",6083,1266,0,25.7887209979017
"7360","weekly",6083,1267,0,24.6113678183538
"7361","weekly",6083,1268,0,23.6008191992951
"7362","weekly",6083,1269,0,22.7627474449109
"7363","weekly",6083,1270,0,22.0996635397605
"7364","weekly",6083,1271,0,21.610705825733
"7365","weekly",6083,1272,0,21.2914200000087
"7366","weekly",6083,1273,0,21.133532101223
"7367","weekly",6083,1274,0,21.1247413357341
"7368","weekly",6083,1275,0,21.2486159791879
"7369","weekly",6083,1276,0,21.4847425686021
"7370","weekly",6083,1277,0,21.8092280353812
"7371","weekly",6083,1278,0,22.1961259334203
"7372","weekly",6083,1279,0,22.6194048337129
"7373","weekly",6083,1280,0,23.0553637882185
"7374","weekly",6083,1281,0,23.4856846044131
"7375","weekly",6083,1282,0,23.9002476266323
"7376","weekly",6083,1283,0,24.2992611838126
"7377","weekly",6083,1284,0,24.6942659423366
"7378","weekly",6083,1285,0,25.1078299369983
"7379","weekly",6083,1286,0,25.572056367957
"7380","weekly",6083,1287,0,26.1262625520321
"7381","weekly",6083,1288,0,26.8142665100022
"7382","weekly",6083,1289,0,27.681622562297
"7383","weekly",6083,1290,0,28.7729351897069
"7384","weekly",6083,1291,0,30.1291448303746
"7385","weekly",6083,1292,0,31.7845124360538
"7386","weekly",6083,1293,0,33.7629994887393
"7387","weekly",6083,1294,0,36.0738845351589
"7388","weekly",6083,1295,0,38.7067808642823
"7389","weekly",6083,1296,0,41.6266816342759
"7390","weekly",6083,1297,0,44.7701500947587
"7391","weekly",6083,1298,0,48.0441088220687
"7392","weekly",6083,1299,0,51.3286380457357
"7393","weekly",6083,1300,0,54.4846019699107
"7394","weekly",6083,1301,0,57.3658051633101
"7395","weekly",6083,1302,0,59.8340299920601
"7396","weekly",6083,1303,0,61.7742207735355
"7397","weekly",6083,1304,0,63.1067506475883
"7398","weekly",6083,1305,0,63.7943441345124
"7399","weekly",6083,1306,0,63.8426229372562
"7400","weekly",6083,1307,0,63.2948600465243
"7401","weekly",6083,1308,0,62.2227816644954
"7402","weekly",6083,1309,0,60.7157865900299
"7403","weekly",6083,1310,0,58.8707395558595
"7404","weekly",6083,1311,0,56.7837893607793
"7405","weekly",6083,1312,0,54.5448103246963
"7406","weekly",6083,1313,0,52.2343487587204
"7407","weekly",6083,1314,0,49.9225178295892
"7408","weekly",6083,1315,0,47.6691349149332
"7409","weekly",6083,1316,0,45.5244629043809
"7410","weekly",6083,1317,0,43.5300996696678
"7411","weekly",6083,1318,0,41.7197664327978
"7412","weekly",6083,1319,0,40.1199134592607
"7413","weekly",6083,1320,0,38.7501620979456
"7414","weekly",6083,1321,0,37.6236373338688
"7415","weekly",6083,1322,0,36.7472364132263
"7416","weekly",6083,1323,0,36.1218563215953
"7417","weekly",6083,1324,0,35.7425922353868
"7418","weekly",6083,1325,0,35.5989357864382
"7419","weekly",6083,1326,0,35.6750467737656
"7420","weekly",6083,1327,0,35.9502309895106
"7421","weekly",6083,1328,0,36.3998046826891
"7422","weekly",6083,1329,0,36.9965320701667
"7423","weekly",6083,1330,0,37.712810721714
"7424","weekly",6083,1331,0,38.5234041339936
"7425","weekly",6083,1332,0,39.4087313836935
"7426","weekly",6083,1333,0,40.3583567963287
"7427","weekly",6083,1334,0,41.3739502904864
"7428","weekly",6083,1335,0,42.4714062882194
"7429","weekly",6083,1336,0,43.681758211198
"7430","weekly",6083,1337,0,45.0508049053897
"7431","weekly",6083,1338,0,46.6375960383011
"7432","weekly",6083,1339,0,48.5120516082825
"7433","weekly",6083,1340,0,50.7519657310695
"7434","weekly",6083,1341,0,53.4394784682881
"7435","weekly",6083,1342,0,56.6568572448086
"7436","weekly",6083,1343,0,60.4812070517582
"7437","weekly",6083,1344,0,64.9776284699692
"7438","weekly",6083,1345,0,70.1904572120329
"7439","weekly",6083,1346,0,76.1326151765898
"7440","weekly",6083,1347,0,82.7737932835444
"7441","weekly",6083,1348,0,90.0290838493311
"7442","weekly",6083,1349,0,97.7505576576077
"7443","weekly",6083,1350,0,105.724775651812
"7444","weekly",6083,1351,0,113.67893791329
"7445","weekly",6083,1352,0,121.297062548874
"7446","weekly",6083,1353,0,128.2453866098
"7447","weekly",6083,1354,0,134.203681400315
"7448","weekly",6083,1355,0,138.897260577622
"7449","weekly",6083,1356,0,142.12391949421
"7450","weekly",6083,1357,0,143.771159183554
"7451","weekly",6083,1358,0,143.821424151822
"7452","weekly",6083,1359,0,142.345844265634
"7453","weekly",6083,1360,0,139.489192388406
"7454","weekly",6083,1361,0,135.449878547093
"7455","weekly",6083,1362,0,130.458740189046
"7456","weekly",6083,1363,0,124.759505319264
"7457","weekly",6083,1364,0,118.592606237056
"7458","weekly",6083,1365,0,112.182934666627
"7459","weekly",6083,1366,0,105.731385124818
"7460","weekly",6083,1367,0,99.409664224695
"7461","weekly",6083,1368,0,93.357753267308
"7462","weekly",6083,1369,0,87.6834636572166
"7463","weekly",6083,1370,0,82.4636085082966
"7464","weekly",6083,1371,0,77.7463729904121
"7465","weekly",6083,1372,0,73.5544954967772
"7466","weekly",6083,1373,0,69.8888958172538
"7467","weekly",6083,1374,0,66.7323807715075
"7468","weekly",6083,1375,0,64.0534026441892
"7469","weekly",6083,1376,0,61.8094892720546
"7470","weekly",6083,1377,0,59.9503577225114
"7471","weekly",6083,1378,0,58.4210527938194
"7472","weekly",6083,1379,0,57.165059881816
"7473","weekly",6083,1380,0,56.1275494308939
"7474","weekly",6083,1381,0,55.2587551566103
"7475","weekly",6083,1382,0,54.5173321540133
"7476","weekly",6083,1383,0,53.8733873656456
"7477","weekly",6083,1384,0,53.3107857504147
"7478","weekly",6083,1385,0,52.8283597783593
"7479","weekly",6083,1386,0,52.4397979059213
"7480","weekly",6083,1387,0,52.1722193743408
"7481","weekly",6083,1388,0,52.0636796002582
"7482","weekly",6083,1389,0,52.1600086291946
"7483","weekly",6083,1390,0,52.5114117716439
"7484","weekly",6083,1391,0,53.1691557945669
"7485","weekly",6083,1392,0,54.1824727544517
"7486","weekly",6083,1393,0,55.5956081480108
"7487","weekly",6083,1394,0,57.4447897553691
"7488","weekly",6083,1395,0,59.754847713346
"7489","weekly",6083,1396,0,62.5352986308135
"7490","weekly",6083,1397,0,65.77591516143
"7491","weekly",6083,1398,0,69.4421090672113
"7492","weekly",6083,1399,0,73.4708008693924
"7493","weekly",6083,1400,0,77.7677394460188
"7494","weekly",6083,1401,0,82.207354657985
"7495","weekly",6083,1402,0,86.6360702768216
"7496","weekly",6083,1403,0,90.8795296654062
"7497","weekly",6083,1404,0,94.753456537117
"7498","weekly",6083,1405,0,98.0770667681936
"7499","weekly",6083,1406,0,100.687308939698
"7500","weekly",6083,1407,0,102.451954200362
"7501","weekly",6083,1408,0,103.279766484542
"7502","weekly",6083,1409,0,103.12658110448
"7503","weekly",6083,1410,0,101.996894949072
"7504","weekly",6083,1411,0,99.9412866075872
"7505","weekly",6083,1412,0,97.0504706524589
"7506","weekly",6083,1413,0,93.4469984763855
"7507","weekly",6083,1414,0,89.2756071026524
"7508","weekly",6083,1415,0,84.6930957782533
"7509","weekly",6083,1416,0,79.8584726520639
"7510","weekly",6083,1417,0,74.9240029222346
"7511","weekly",6083,1418,0,70.0276741925481
"7512","weekly",6083,1419,0,65.2875764737619
"7513","weekly",6083,1420,0,60.7983393565883
"7514","weekly",6083,1421,0,56.6296766995365
"7515","weekly",6083,1422,0,52.8268802730818
"7516","weekly",6083,1423,0,49.4128359159367
"7517","weekly",6083,1424,0,46.3910530291396
"7518","weekly",6083,1425,0,43.7491979942424
"7519","weekly",6083,1426,0,41.4627080646314
"7520","weekly",6083,1427,0,39.4980165126035
"7521","weekly",6083,1428,0,37.8160360050388
"7522","weekly",6083,1429,0,36.3748896752368
"7523","weekly",6083,1430,0,35.1320565428541
"7524","weekly",6083,1431,0,34.0469177323903
"7525","weekly",6083,1432,0,33.0829677062211
"7526","weekly",6083,1433,0,32.2098252618598
"7527","weekly",6083,1434,0,31.404892457409
"7528","weekly",6083,1435,0,30.6544609109624
"7529","weekly",6083,1436,0,29.9540864837545
"7530","weekly",6083,1437,0,29.3081487972377
"7531","weekly",6083,1438,0,28.728654101491
"7532","weekly",6083,1439,0,28.2334798281008
"7533","weekly",6083,1440,0,27.8443470346028
"7534","weekly",6083,1441,0,27.5848141207971
"7535","weekly",6083,1442,0,27.4785147458097
"7536","weekly",6083,1443,0,27.5477449001992
"7537","weekly",6083,1444,0,27.8123799417735
"7538","weekly",6083,1445,0,28.2890078820055
"7539","weekly",6083,1446,0,28.9901207403309
"7540","weekly",6083,1447,0,29.9232154918864
"7541","weekly",6083,1448,0,31.08971238698
"7542","weekly",6083,1449,0,32.4836869837382
"7543","weekly",6083,1450,0,34.0905151433035
"7544","weekly",6083,1451,0,35.8856265796567
"7545","weekly",6083,1452,0,37.8336295461559
"7546","weekly",6083,1453,0,39.8880859377023
"7547","weekly",6083,1454,0,41.9921701374769
"7548","weekly",6083,1455,0,44.0803396586634
"7549","weekly",6083,1456,0,46.0810028038468
"7550","weekly",6083,1457,0,47.9200231947252
"7551","weekly",6083,1458,0,49.524788550123
"7552","weekly",6083,1459,0,50.8285126496194
"7553","weekly",6083,1460,0,51.7744333525916
"7554","weekly",6083,1461,0,52.3195946857522
"7555","weekly",6083,1462,0,52.4379308177377
"7556","weekly",6083,1463,0,52.1223896074298
"7557","weekly",6083,1464,0,51.3858512466104
"7558","weekly",6083,1465,0,50.2606406691193
"7559","weekly",6083,1466,0,48.7965313874665
"7560","weekly",6083,1467,0,47.0573053090702
"7561","weekly",6083,1468,0,45.116146442102
"7562","weekly",6083,1469,0,43.0503526331377
"7563","weekly",6083,1470,0,40.9366987207832
"7564","weekly",6083,1471,0,38.8455648326853
"7565","weekly",6083,1472,0,36.8366051188277
"7566","weekly",6083,1473,0,34.9574784613797
"7567","weekly",6083,1474,0,33.2430233632695
"7568","weekly",6083,1475,0,31.7152246844053
"7569","weekly",6083,1476,0,30.3841798708818
"7570","weekly",6083,1477,0,29.2496318177218
"7571","weekly",6083,1478,0,28.3027422205851
"7572","weekly",6083,1479,0,27.5279009745209
"7573","weekly",6083,1480,0,26.9044870609141
"7574","weekly",6083,1481,0,26.4085891935974
"7575","weekly",6083,1482,0,26.0147407908953
"7576","weekly",6083,1483,0,25.6977156890789
"7577","weekly",6083,1484,0,25.4343747836829
"7578","weekly",6083,1485,0,25.2054706900526
"7579","weekly",6083,1486,0,24.9972401401028
"7580","weekly",6083,1487,0,24.8025768704247
"7581","weekly",6083,1488,0,24.6216044564426
"7582","weekly",6083,1489,0,24.4615587968656
"7583","weekly",6083,1490,0,24.3360174251575
"7584","weekly",6083,1491,0,24.2636347518128
"7585","weekly",6083,1492,0,24.266617906891
"7586","weekly",6083,1493,0,24.3691854445715
"7587","weekly",6083,1494,0,24.5961953964361
"7588","weekly",6083,1495,0,24.972035193452
"7589","weekly",6083,1496,0,25.5197662761348
"7590","weekly",6083,1497,0,26.2604376623567
"7591","weekly",6083,1498,0,27.2124399017848
"7592","weekly",6083,1499,0,28.3907660968762
"7593","weekly",6083,1500,0,29.8060744297545
"7594","weekly",6083,1501,0,31.463498023295
"7595","weekly",6083,1502,0,33.3612137616801
"7596","weekly",6083,1503,0,35.4888532799305
"7597","weekly",6083,1504,0,37.8259085665632
"7598","weekly",6083,1505,0,40.3403437140441
"7599","weekly",6083,1506,0,42.987666092813
"7600","weekly",6083,1507,0,45.7107282829311
"7601","weekly",6083,1508,0,48.4405206669835
"7602","weekly",6083,1509,0,51.0981673727656
"7603","weekly",6083,1510,0,53.5982478300357
"7604","weekly",6083,1511,0,55.8534257759311
"7605","weekly",6083,1512,0,57.7801765959885
"7606","weekly",6083,1513,0,59.3051769664089
"7607","weekly",6083,1514,0,60.3716950916205
"7608","weekly",6083,1515,0,60.9451551362363
"7609","weekly",6083,1516,0,61.0170145220982
"7610","weekly",6083,1517,0,60.6062393635657
"7611","weekly",6083,1518,0,59.7579968311838
"7612","weekly",6083,1519,0,58.5396456947346
"7613","weekly",6083,1520,0,57.0345852442842
"7614","weekly",6083,1521,0,55.3348875117154
"7615","weekly",6083,1522,0,53.533788491477
"7616","weekly",6083,1523,0,51.7189475321793
"7617","weekly",6083,1524,0,49.9674646545755
"7618","weekly",6083,1525,0,48.3425835808011
"7619","weekly",6083,1526,0,46.8920454027175
"7620","weekly",6083,1527,0,45.64813037165
"7621","weekly",6083,1528,0,44.6286611535397
"7622","weekly",6083,1529,0,43.8386130406288
"7623","weekly",6083,1530,0,43.2720029681295
"7624","weekly",6083,1531,0,42.9138672278932
"7625","weekly",6083,1532,0,42.7422684819467
"7626","weekly",6083,1533,0,42.7303624106207
"7627","weekly",6083,1534,0,42.8485849425197
"7628","weekly",6083,1535,0,43.0669907392803
"7629","weekly",6083,1536,0,43.3576969536734
"7630","weekly",6083,1537,0,43.6972917379899
"7631","weekly",6083,1538,0,44.0689905130712
"7632","weekly",6083,1539,0,44.4642970484201
"7633","weekly",6083,1540,0,44.8839675518466
"7634","weekly",6083,1541,0,45.3381771567874
"7635","weekly",6083,1542,0,45.8459201817095
"7636","weekly",6083,1543,0,46.4337980626515
"7637","weekly",6083,1544,0,47.1344263684441
"7638","weekly",6083,1545,0,47.9847065511785
"7639","weekly",6083,1546,0,49.0241620943852
"7640","weekly",6083,1547,0,50.2934517653848
"7641","weekly",6083,1548,0,51.8330703328102
"7642","weekly",6083,1549,0,53.6821520043668
"7643","weekly",6083,1550,0,55.8772187962677
"7644","weekly",6083,1551,0,58.4506723179511
"7645","weekly",6083,1552,0,61.4288163825258
"7646","weekly",6083,1553,0,64.8292233882239
"7647","weekly",6083,1554,0,68.6573272286478
"7648","weekly",6083,1555,0,72.902250948624
"7649","weekly",6083,1556,0,77.532069226887
"7650","weekly",6083,1557,0,82.4889650935074
"7651","weekly",6083,1558,0,87.6850454154919
"7652","weekly",6083,1559,0,92.9998730415391
"7653","weekly",6083,1560,0,98.2809558466979
"7654","weekly",6083,1561,0,103.348375720074
"7655","weekly",6083,1562,0,108.004325133341
"7656","weekly",6083,1563,0,112.047500301109
"7657","weekly",6083,1564,0,115.291173211313
"7658","weekly",6083,1565,0,117.582594002175
"7659","weekly",6083,1566,0,118.82054403158
"7660","weekly",6083,1567,0,118.967416193656
"7661","weekly",6083,1568,0,118.054610011255
"7662","weekly",6083,1569,0,116.178469324674
"7663","weekly",6083,1570,0,113.4876673494
"7664","weekly",6083,1571,0,110.166133109975
"7665","weekly",6083,1572,0,106.413385798689
"7666","weekly",6083,1573,0,102.42591455004
"7667","weekly",6083,1574,0,98.3821123223897
"7668","weekly",6083,1575,0,94.4321072089806
"7669","weekly",6083,1576,0,90.6926678580639
"7670","weekly",6083,1577,0,87.2464851895493
"7671","weekly",6083,1578,0,84.1446712491452
"7672","weekly",6083,1579,0,81.4112340935098
"7673","weekly",6083,1580,0,79.0484621320356
"7674","weekly",6083,1581,0,77.0424405200756
"7675","weekly",6083,1582,0,75.3682131047681
"7676","weekly",6083,1583,0,73.9943311937677
"7677","weekly",6083,1584,0,72.8866755808558
"7678","weekly",6083,1585,0,72.0115131102502
"7679","weekly",6083,1586,0,71.337781382681
"7680","weekly",6083,1587,0,70.8386141243536
"7681","weekly",6083,1588,0,70.4921458607423
"7682","weekly",6083,1589,0,70.2816753120132
"7683","weekly",6083,1590,0,70.1953172356443
"7684","weekly",6083,1591,0,70.2253192135395
"7685","weekly",6083,1592,0,70.3672484677518
"7686","weekly",6083,1593,0,70.6192535006703
"7687","weekly",6083,1594,0,70.9815724115178
"7688","weekly",6083,1595,0,71.4563974276389
"7689","weekly",6083,1596,0,72.0481222676317
"7690","weekly",6083,1597,0,72.7639076038613
"7691","weekly",6083,1598,0,73.6144138372183
"7692","weekly",6083,1599,0,74.6144829721015
"7693","weekly",6083,1600,0,75.783513114744
"7694","weekly",6083,1601,0,77.1452650581632
"7695","weekly",6083,1602,0,78.7268684719456
"7696","weekly",6083,1603,0,80.5568473031744
"7697","weekly",6083,1604,0,82.6620508846099
"7698","weekly",6083,1605,0,85.0634559975588
"7699","weekly",6083,1606,0,87.7709057691682
"7700","weekly",6083,1607,0,90.776998076617
"7701","weekly",6083,1608,0,94.0505593375274
"7702","weekly",6083,1609,0,97.5304555811163
"7703","weekly",6083,1610,0,101.120875126915
"7704","weekly",6083,1611,0,104.689568561531
"7705","weekly",6083,1612,0,108.070674656643
"7706","weekly",6083,1613,0,111.073473613505
"7707","weekly",6083,1614,0,113.49752043582
"7708","weekly",6083,1615,0,115.153137712579
"7709","weekly",6083,1616,0,115.884502257337
"7710","weekly",6083,1617,0,115.591137485433
"7711","weekly",6083,1618,0,114.24319059994
"7712","weekly",6083,1619,0,111.886834291203
"7713","weekly",6083,1620,0,108.638195710315
"7714","weekly",6083,1621,0,104.667705492597
"7715","weekly",6083,1622,0,100.177761592626
"7716","weekly",6083,1623,0,95.3784464643686
"7717","weekly",6083,1624,0,90.466406074891
"7718","weekly",6083,1625,0,85.6093426400912
"7719","weekly",6083,1626,0,80.937407208723
"7720","weekly",6083,1627,0,76.5410332338652
"7721","weekly",6083,1628,0,72.4738256347773
"7722","weekly",6083,1629,0,68.7585574868135
"7723","weekly",6083,1630,0,65.3946528637898
"7724","weekly",6083,1631,0,62.3659043025837
"7725","weekly",6083,1632,0,59.6475171522179
"7726","weekly",6083,1633,0,57.2119725958037
"7727","weekly",6083,1634,0,55.0334526020015
"7728","weekly",6083,1635,0,53.0907425422483
"7729","weekly",6083,1636,0,51.3686567650002
"7730","weekly",6083,1637,0,49.8581439114641
"7731","weekly",6083,1638,0,48.5553253097169
"7732","weekly",6083,1639,0,47.4597883276438
"7733","weekly",6083,1640,0,46.5724822699558
"7734","weekly",6083,1641,0,45.8935440893983
"7735","weekly",6083,1642,0,45.4203279436042
"7736","weekly",6083,1643,0,45.1458498537831
"7737","weekly",6083,1644,0,45.057807724661
"7738","weekly",6083,1645,0,45.1383053392492
"7739","weekly",6083,1646,0,45.3643854808033
"7740","weekly",6083,1647,0,45.70943655663
"7741","weekly",6083,1648,0,46.145452153869
"7742","weekly",6083,1649,0,46.6459829625819
"7743","weekly",6083,1650,0,47.1894446561928
"7744","weekly",6083,1651,0,47.7622845953592
"7745","weekly",6083,1652,0,48.3614306336822
"7746","weekly",6083,1653,0,48.9954964327771
"7747","weekly",6083,1654,0,49.6844020819699
"7748","weekly",6083,1655,0,50.4573324419907
"7749","weekly",6083,1656,0,51.3492098836432
"7750","weekly",6083,1657,0,52.3960238345462
"7751","weekly",6083,1658,0,53.6294084367983
"7752","weekly",6083,1659,0,55.0708291843475
"7753","weekly",6083,1660,0,56.7257145352487
"7754","weekly",6083,1661,0,58.5779391833057
"7755","weekly",6083,1662,0,60.5852779188717
"7756","weekly",6083,1663,0,62.6768485470093
"7757","weekly",6083,1664,0,64.7534169934806
"7758","weekly",6083,1665,0,66.6921761130507
"7759","weekly",6083,1666,0,68.356736627873
"7760","weekly",6083,1667,0,69.6115254649194
"7761","weekly",6083,1668,0,70.3390747292142
"7762","weekly",6083,1669,0,70.4568929675006
"7763","weekly",6083,1670,0,69.9300971247721
"7764","weekly",6083,1671,0,68.7766221654456
"7765","weekly",6083,1672,0,67.0636401468801
"7766","weekly",6083,1673,0,64.8961712916207
"7767","weekly",6083,1674,0,62.4008376027632
"7768","weekly",6083,1675,0,59.7085818613559
"7769","weekly",6083,1676,0,56.9397875536233
"7770","weekly",6083,1677,0,54.1939699933137
"7771","weekly",6083,1678,0,51.5446999820706
"7772","weekly",6083,1679,0,49.0392238846835
"7773","weekly",6083,1680,0,46.7014989859745
"7774","weekly",6083,1681,0,44.5373426768783
"7775","weekly",6083,1682,0,42.5404614324798
"7776","weekly",6083,1683,0,40.6983835381543
"7777","weekly",6083,1684,0,38.9976457810408
"7778","weekly",6083,1685,0,37.427785878448
"7779","weekly",6083,1686,0,35.9838793667732
"7780","weekly",6083,1687,0,34.6675518631091
"7781","weekly",6083,1688,0,33.4865972602129
"7782","weekly",6083,1689,0,32.4535109852586
"7783","weekly",6083,1690,0,31.583358529213
"7784","weekly",6083,1691,0,30.8914099254471
"7785","weekly",6083,1692,0,30.3908844481921
"7786","weekly",6083,1693,0,30.0910086488293
"7787","weekly",6083,1694,0,29.9954561486666
"7788","weekly",6083,1695,0,30.1011626632389
"7789","weekly",6083,1696,0,30.3975193398655
"7790","weekly",6083,1697,0,30.8660298406903
"7791","weekly",6083,1698,0,31.480626188888
"7792","weekly",6083,1699,0,32.2089073537936
"7793","weekly",6083,1700,0,33.0145231063943
"7794","weekly",6083,1701,0,33.8607325801713
"7795","weekly",6083,1702,0,34.7148425420601
"7796","weekly",6083,1703,0,35.5528720213915
"7797","weekly",6083,1704,0,36.3635470394947
"7798","weekly",6083,1705,0,37.1507339953387
"7799","weekly",6083,1706,0,37.9337077447708
"7800","weekly",6083,1707,0,38.7451221839874
"7801","weekly",6083,1708,0,39.6270184329333
"7802","weekly",6083,1709,0,40.625490601582
"7803","weekly",6083,1710,0,41.7846592781279
"7804","weekly",6083,1711,0,43.1404415827856
"7805","weekly",6083,1712,0,44.7144090776419
"7806","weekly",6083,1713,0,46.5079565179185
"7807","weekly",6083,1714,0,48.4971647420025
"7808","weekly",6083,1715,0,50.6291129379097
"7809","weekly",6083,1716,0,52.8206783469795
"7810","weekly",6083,1717,0,54.96178444424
"7811","weekly",6083,1718,0,56.9235361179744
"7812","weekly",6083,1719,0,58.5712395407754
"7813","weekly",6083,1720,0,59.7815229098778
"7814","weekly",6083,1721,0,60.4598715464381
"7815","weekly",6083,1722,0,60.5546767732158
"7816","weekly",6083,1723,0,60.0642151605134
"7817","weekly",6083,1724,0,59.0347860151669
"7818","weekly",6083,1725,0,57.5507343140052
"7819","weekly",6083,1726,0,55.7192426486872
"7820","weekly",6083,1727,0,53.653774545237
"7821","weekly",6083,1728,0,51.4596999460045
"7822","weekly",6083,1729,0,49.2243490497785
"7823","weekly",6083,1730,0,47.0122057747649
"7824","weekly",6083,1731,0,44.8647259465506
"7825","weekly",6083,1732,0,42.8035847058345
"7826","weekly",6083,1733,0,40.8359680377325
"7827","weekly",6083,1734,0,38.9606330696115
"7828","weekly",6083,1735,0,37.173691217642
"7829","weekly",6083,1736,0,35.473323854967
"7830","weekly",6083,1737,0,33.8629091373732
"7831","weekly",6083,1738,0,32.3523375686054
"7832","weekly",6083,1739,0,30.957615279025
"7833","weekly",6083,1740,0,29.6991447773762
"7834","weekly",6083,1741,0,28.5992560286686
"7835","weekly",6083,1742,0,27.6795813000208
"7836","weekly",6083,1743,0,26.9587296285317
"7837","weekly",6083,1744,0,26.4504864466289
"7838","weekly",6083,1745,0,26.162535758529
"7839","weekly",6083,1746,0,26.0955586974887
"7840","weekly",6083,1747,0,26.2425451925665
"7841","weekly",6083,1748,0,26.588260087723
"7842","weekly",6083,1749,0,27.1089876022597
"7843","weekly",6083,1750,0,27.7728659533168
"7844","weekly",6083,1751,0,28.5412273179827
"7845","weekly",6083,1752,0,29.3712909915193
"7846","weekly",6083,1753,0,30.220275931817
"7847","weekly",6083,1754,0,31.0505469840427
"7848","weekly",6083,1755,0,31.8349373390665
"7849","weekly",6083,1756,0,32.5611102951661
"7850","weekly",6083,1757,0,33.2339029683935
"7851","weekly",6083,1758,0,33.8750442171295
"7852","weekly",6083,1759,0,34.520284085811
"7853","weekly",6083,1760,0,35.2144573661644
"7854","weekly",6083,1761,0,36.0056876672752
"7855","weekly",6083,1762,0,36.9391407707153
"7856","weekly",6083,1763,0,38.0508293228195
"7857","weekly",6083,1764,0,39.3621081933234
"7858","weekly",6083,1765,0,40.874634386535
"7859","weekly",6083,1766,0,42.5661223341012
"7860","weekly",6083,1767,0,44.3875145262864
"7861","weekly",6083,1768,0,46.2626013066911
"7862","weekly",6083,1769,0,48.0913073292904
"7863","weekly",6083,1770,0,49.7575339685573
"7864","weekly",6083,1771,0,51.1414712835103
"7865","weekly",6083,1772,0,52.1348439981957
"7866","weekly",6083,1773,0,52.6561629953794
"7867","weekly",6083,1774,0,52.6624146293761
"7868","weekly",6083,1775,0,52.1542145785497
"7869","weekly",6083,1776,0,51.1731950532703
"7870","weekly",6083,1777,0,49.7926038547157
"7871","weekly",6083,1778,0,48.1038569643133
"7872","weekly",6083,1779,0,46.2024627006758
"7873","weekly",6083,1780,0,44.1762580874929
"7874","weekly",6083,1781,0,42.0976959623222
"7875","weekly",6083,1782,0,40.0205901378504
"7876","weekly",6083,1783,0,37.9807094917633
"7877","weekly",6083,1784,0,35.9990710102866
"7878","weekly",6083,1785,0,34.0866507071041
"7879","weekly",6083,1786,0,32.24935474628
"7880","weekly",6083,1787,0,30.4923386129958
"7881","weekly",6083,1788,0,28.8230610209575
"7882","weekly",6083,1789,0,27.2527861598646
"7883","weekly",6083,1790,0,25.7965789628506
"7884","weekly",6083,1791,0,24.4721250824077
"7885","weekly",6083,1792,0,23.2978866536578
"7886","weekly",6083,1793,0,22.291131808408
"7887","weekly",6083,1794,0,21.4662548973283
"7888","weekly",6083,1795,0,20.8335929835157
"7889","weekly",6083,1796,0,20.3987265482137
"7890","weekly",6083,1797,0,20.1621025857457
"7891","weekly",6083,1798,0,20.1187756334111
"7892","weekly",6083,1799,0,20.2581273541437
"7893","weekly",6083,1800,0,20.5635695020464
"7894","weekly",6083,1801,0,21.0124110194301
"7895","weekly",6083,1802,0,21.5762164642656
"7896","weekly",6083,1803,0,22.222030821722
"7897","weekly",6083,1804,0,22.9147357570037
"7898","weekly",6083,1805,0,23.6205190123292
"7899","weekly",6083,1806,0,24.3110447444051
"7900","weekly",6083,1807,0,24.9675522492616
"7901","weekly",6083,1808,0,25.5839556538267
"7902","weekly",6083,1809,0,26.1681724204536
"7903","weekly",6083,1810,0,26.7413347575057
"7904","weekly",6083,1811,0,27.3350579581456
"7905","weekly",6083,1812,0,27.9873335128068
"7906","weekly",6083,1813,0,28.737757534167
"7907","weekly",6083,1814,0,29.6226018019515
"7908","weekly",6083,1815,0,30.6701030055992
"7909","weekly",6083,1816,0,31.8960651459056
"7910","weekly",6083,1817,0,33.2997551166045
"7911","weekly",6083,1818,0,34.8603877691785
"7912","weekly",6083,1819,0,36.5347690422932
"7913","weekly",6083,1820,0,38.2570248635602
"7914","weekly",6083,1821,0,39.9414584967162
"7915","weekly",6083,1822,0,41.4892441229458
"7916","weekly",6083,1823,0,42.7987981986371
"7917","weekly",6083,1824,0,43.7784549751668
"7918","weekly",6083,1825,0,44.3589688332286
"7919","weekly",6083,1826,0,44.5029335284635
"7920","weekly",6083,1827,0,44.2087888594251
"7921","weekly",6083,1828,0,43.5085494240775
"7922","weekly",6083,1829,0,42.4601578186848
"7923","weekly",6083,1830,0,41.1367166975106
"7924","weekly",6083,1831,0,39.6153235621459
"7925","weekly",6083,1832,0,37.9678064107866
"7926","weekly",6083,1833,0,36.2546913392434
"7927","weekly",6083,1834,0,34.5226846599107
"7928","weekly",6083,1835,0,32.8051497848501
"7929","weekly",6083,1836,0,31.1246507272299
"7930","weekly",6083,1837,0,29.4965148430929
"7931","weekly",6083,1838,0,27.9324551372847
"7932","weekly",6083,1839,0,26.4435679283924
"7933","weekly",6083,1840,0,25.0422855914949
"7934","weekly",6083,1841,0,23.7431449349388
"7935","weekly",6083,1842,0,22.5625108833628
"7936","weekly",6083,1843,0,21.5175883301417
"7937","weekly",6083,1844,0,20.6251339758892
"7938","weekly",6083,1845,0,19.9002345202753
"7939","weekly",6083,1846,0,19.3553778038768
"7940","weekly",6083,1847,0,18.9998683041922
"7941","weekly",6083,1848,0,18.8394904701127
"7942","weekly",6083,1849,0,18.8762467558263
"7943","weekly",6083,1850,0,19.1080083774286
"7944","weekly",6083,1851,0,19.5280084360129
"7945","weekly",6083,1852,0,20.1242551175965
"7946","weekly",6083,1853,0,20.8791091235325
"7947","weekly",6083,1854,0,21.7694007672108
"7948","weekly",6083,1855,0,22.7674930977955
"7949","weekly",6083,1856,0,23.8435906800587
"7950","weekly",6083,1857,0,24.9691991469299
"7951","weekly",6083,1858,0,26.1214196156361
"7952","weekly",6083,1859,0,27.2873129588115
"7953","weekly",6083,1860,0,28.4673049197736
"7954","weekly",6083,1861,0,29.6769383954961
"7955","weekly",6083,1862,0,30.9465659413545
"7956","weekly",6083,1863,0,32.3190605117125
"7957","weekly",6083,1864,0,33.8459562814387
"7958","weekly",6083,1865,0,35.5825149240409
"7959","weekly",6083,1866,0,37.5820664537023
"7960","weekly",6083,1867,0,39.8897360942356
"7961","weekly",6083,1868,0,42.5355242815276
"7962","weekly",6083,1869,0,45.5268114274222
"7963","weekly",6083,1870,0,48.8407811411453
"7964","weekly",6083,1871,0,52.4179317464586
"7965","weekly",6083,1872,0,56.1585476548207
"7966","weekly",6083,1873,0,59.9243482665042
"7967","weekly",6083,1874,0,63.5471024951112
"7968","weekly",6083,1875,0,66.8445669312932
"7969","weekly",6083,1876,0,69.6419064220099
"7970","weekly",6083,1877,0,71.7945564701949
"7971","weekly",6083,1878,0,73.2073204861372
"7972","weekly",6083,1879,0,73.845093604381
"7973","weekly",6083,1880,0,73.7328970771341
"7974","weekly",6083,1881,0,72.9459768502275
"7975","weekly",6083,1882,0,71.593303749818
"7976","weekly",6083,1883,0,69.7989931357588
"7977","weekly",6083,1884,0,67.6857759421982
"7978","weekly",6083,1885,0,65.363206007707
"7979","weekly",6083,1886,0,62.9215402395785
"7980","weekly",6083,1887,0,60.4307880583365
"7981","weekly",6083,1888,0,57.9435622126621
"7982","weekly",6083,1889,0,55.4999988163472
"7983","weekly",6083,1890,0,53.1332570667728
"7984","weekly",6083,1891,0,50.8743225060753
"7985","weekly",6083,1892,0,48.7553039983031
"7986","weekly",6083,1893,0,46.8109642852942
"7987","weekly",6083,1894,0,45.0786363230145
"7988","weekly",6083,1895,0,43.5969925344107
"7989","weekly",6083,1896,0,42.4042625164147
"7990","weekly",6083,1897,0,41.5364288012934
"7991","weekly",6083,1898,0,41.0257205536764
"7992","weekly",6083,1899,0,40.8994625271589
"7993","weekly",6083,1900,0,41.1791178056446
"7994","weekly",6083,1901,0,41.8792596039711
"7995","weekly",6083,1902,0,43.0062534734607
"7996","weekly",6083,1903,0,44.5566234276193
"7997","weekly",6083,1904,0,46.5153763698036
"7998","weekly",6083,1905,0,48.8548935239378
"7999","weekly",6083,1906,0,51.5352482520975
"8000","weekly",6083,1907,0,54.5068330188806
"8001","weekly",6083,1908,0,57.715856612951
"8002","weekly",6083,1909,0,61.1121063040046
"8003","weekly",6083,1910,0,64.6598607331689
"8004","weekly",6083,1911,0,68.3480793112685
"8005","weekly",6083,1912,0,72.1975330428249
"8006","weekly",6083,1913,0,76.265645329986
"8007","weekly",6083,1914,0,80.6462810682133
"8008","weekly",6083,1915,0,85.4648706399457
"8009","weekly",6083,1916,0,90.8693800666806
"8010","weekly",6083,1917,0,97.0176826979296
"8011","weekly",6083,1918,0,104.0615089692
"8012","weekly",6083,1919,0,112.126707327843
"8013","weekly",6083,1920,0,121.289522876657
"8014","weekly",6083,1921,0,131.549425519537
"8015","weekly",6083,1922,0,142.800897647365
"8016","weekly",6083,1923,0,154.809272858605
"8017","weekly",6083,1924,0,167.198309304105
"8018","weekly",6083,1925,0,179.45817787452
"8019","weekly",6083,1926,0,190.980332712003
"8020","weekly",6083,1927,0,201.119606032182
"8021","weekly",6083,1928,0,209.275081320622
"8022","weekly",6083,1929,0,214.973196917737
"8023","weekly",6083,1930,0,217.933172321704
"8024","weekly",6083,1931,0,218.098599126999
"8025","weekly",6083,1932,0,215.628824498563
"8026","weekly",6083,1933,0,210.855439361476
"8027","weekly",6083,1934,0,204.217928430662
"8028","weekly",6083,1935,0,196.195442704964
"8029","weekly",6083,1936,0,187.248872652257
"8030","weekly",6083,1937,0,177.781344593779
"8031","weekly",6083,1938,0,168.118858272283
"8032","weekly",6083,1939,0,158.508057181927
"8033","weekly",6083,1940,0,149.125752077583
"8034","weekly",6083,1941,0,140.094462985915
"8035","weekly",6083,1942,0,131.499151624972
"8036","weekly",6083,1943,0,123.401774900572
"8037","weekly",6083,1944,0,115.851822709796
"8038","weekly",6083,1945,0,108.892345429223
"8039","weekly",6083,1946,0,102.561991007766
"8040","weekly",6083,1947,0,96.8941869631526
"8041","weekly",6083,1948,0,91.9148033059028
"8042","weekly",6083,1949,0,87.639474597876
"8043","weekly",6083,1950,0,84.0713714954036
"8044","weekly",6083,1951,0,81.1997626602097
"8045","weekly",6083,1952,0,78.9993520871649
"8046","weekly",6083,1953,0,77.4302444879868
"8047","weekly",6083,1954,0,76.4382665954618
"8048","weekly",6083,1955,0,75.9558593497495
"8049","weekly",6083,1956,0,75.9038384835585
"8050","weekly",6083,1957,0,76.1943315183744
"8051","weekly",6083,1958,0,76.7354517088388
"8052","weekly",6083,1959,0,77.4378209661372
"8053","weekly",6083,1960,0,78.2225547101407
"8054","weekly",6083,1961,0,79.029701191379
"8055","weekly",6083,1962,0,79.8256581792812
"8056","weekly",6083,1963,0,80.6080068415613
"8057","weekly",6083,1964,0,81.4066072367568
"8058","weekly",6083,1965,0,82.280576707868
"8059","weekly",6083,1966,0,83.3116243775876
"8060","weekly",6083,1967,0,84.5948085906712
"8061","weekly",6083,1968,0,86.2279206544481
"8062","weekly",6083,1969,0,88.3004050891905
"8063","weekly",6083,1970,0,90.8822279902088
"8064","weekly",6083,1971,0,94.0127088308509
"8065","weekly",6083,1972,0,97.6893044080498
"8066","weekly",6083,1973,0,101.856813261576
"8067","weekly",6083,1974,0,106.398403018276
"8068","weekly",6083,1975,0,111.130971089151
"8069","weekly",6083,1976,0,115.808117330438
"8070","weekly",6083,1977,0,120.133789670785
"8071","weekly",6083,1978,0,123.787952757528
"8072","weekly",6083,1979,0,126.462452443418
"8073","weekly",6083,1980,0,127.901460537862
"8074","weekly",6083,1981,0,127.938037462896
"8075","weekly",6083,1982,0,126.518006494312
"8076","weekly",6083,1983,0,123.705119450169
"8077","weekly",6083,1984,0,119.666555499862
"8078","weekly",6083,1985,0,114.64312918931
"8079","weekly",6083,1986,0,108.912105153126
"8080","weekly",6083,1987,0,102.751136723426
"8081","weekly",6083,1988,0,96.4098673666595
"8082","weekly",6083,1989,0,90.092427477648
"8083","weekly",6083,1990,0,83.9508449661371
"8084","weekly",6083,1991,0,78.0871934645111
"8085","weekly",6083,1992,0,72.5639187265624
"8086","weekly",6083,1993,0,67.4090906172351
"8087","weekly",6083,1994,0,62.6275474301219
"8088","weekly",6083,1995,0,58.2131505525031
"8089","weekly",6083,1996,0,54.1552874701301
"8090","weekly",6083,1997,0,50.4428899212799
"8091","weekly",6083,1998,0,47.0664592981047
"8092","weekly",6083,1999,0,44.0183862503618
"8093","weekly",6083,2000,0,41.2921073541074
"8094","weekly",6083,2001,0,38.8806869030814
"8095","weekly",6083,2002,0,36.7753231976239
"8096","weekly",6083,2003,0,34.9641180134349
"8097","weekly",6083,2004,0,33.4312754386046
"8098","weekly",6083,2005,0,32.1567615564127
"8099","weekly",6083,2006,0,31.1163936051016
"8100","weekly",6083,2007,0,30.2822836448759
"8101","weekly",6083,2008,0,29.6236641548894
"8102","weekly",6083,2009,0,29.1081140839233
"8103","weekly",6083,2010,0,28.7031744030974
"8104","weekly",6083,2011,0,28.378355515888
"8105","weekly",6083,2012,0,28.1073909754195
"8106","weekly",6083,2013,0,27.8704717474757
"8107","weekly",6083,2014,0,27.6560997152701
"8108","weekly",6083,2015,0,27.4621910579008
"8109","weekly",6083,2016,0,27.2961648348864
"8110","weekly",6083,2017,0,27.1739459038217
"8111","weekly",6083,2018,0,27.1180262038106
"8112","weekly",6083,2019,0,27.1548829448293
"8113","weekly",6083,2020,0,27.3120916709595
"8114","weekly",6083,2021,0,27.6153947550774
"8115","weekly",6083,2022,0,28.0858411021618
"8116","weekly",6083,2023,0,28.7369770999649
"8117","weekly",6083,2024,0,29.5720152687572
"8118","weekly",6083,2025,0,30.5809825031174
"8119","weekly",6083,2026,0,31.7380610503751
"8120","weekly",6083,2027,0,32.9996386068087
"8121","weekly",6083,2028,0,34.303876211954
"8122","weekly",6083,2029,0,35.5727275030804
"8123","weekly",6083,2030,0,36.7171314628795
"8124","weekly",6083,2031,0,37.6454591514484
"8125","weekly",6083,2032,0,38.2743094999896
"8126","weekly",6083,2033,0,38.5397354392044
"8127","weekly",6083,2034,0,38.4063963734807
"8128","weekly",6083,2035,0,37.8723483917711
"8129","weekly",6083,2036,0,36.9682418639131
"8130","weekly",6083,2037,0,35.7512269989675
"8131","weekly",6083,2038,0,34.2952601526777
"8132","weekly",6083,2039,0,32.680231647144
"8133","weekly",6083,2040,0,30.9822218735062
"8134","weekly",6083,2041,0,29.2664405458781
"8135","weekly",6083,2042,0,27.5834225235885
"8136","weekly",6083,2043,0,25.9682185696147
"8137","weekly",6083,2044,0,24.4418191258301
"8138","weekly",6083,2045,0,23.0139392867859
"8139","weekly",6083,2046,0,21.6863247493748
"8140","weekly",6083,2047,0,20.4559679590748
"8141","weekly",6083,2048,0,19.317856954236
"8142","weekly",6083,2049,0,18.2670481032546
"8143","weekly",6083,2050,0,17.2999078410066
"8144","weekly",6083,2051,0,16.4146604545822
"8145","weekly",6083,2052,0,15.6113458748296
"8146","weekly",6083,2053,0,14.8912795825745
"8147","weekly",6083,2054,0,14.2562950628635
"8148","weekly",6083,2055,0,13.7079331034329
"8149","weekly",6083,2056,0,13.2467182010587
"8150","weekly",6083,2057,0,12.8716039362771
"8151","weekly",6083,2058,0,12.5796174555871
"8152","weekly",6083,2059,0,12.3657022637781
"8153","weekly",6083,2060,0,12.2227521385648
"8154","weekly",6083,2061,0,12.1418401380361
"8155","weekly",6083,2062,0,12.1126609189523
"8156","weekly",6083,2063,0,12.1242054941686
"8157","weekly",6083,2064,0,12.1656632449885
"8158","weekly",6083,2065,0,12.2274953184533
"8159","weekly",6083,2066,0,12.3025595652289
"8160","weekly",6083,2067,0,12.3871148274338
"8161","weekly",6083,2068,0,12.4815185525222
"8162","weekly",6083,2069,0,12.590471000236
"8163","weekly",6083,2070,0,12.7227433483786
"8164","weekly",6083,2071,0,12.8904253011424
"8165","weekly",6083,2072,0,13.1078017273394
"8166","weekly",6083,2073,0,13.3899901753466
"8167","weekly",6083,2074,0,13.7514395854814
"8168","weekly",6083,2075,0,14.2043285601103
"8169","weekly",6083,2076,0,14.7568477598397
"8170","weekly",6083,2077,0,15.4113447352283
"8171","weekly",6083,2078,0,16.1623780982336
"8172","weekly",6083,2079,0,16.9948758134851
"8173","weekly",6083,2080,0,17.8827902666089
"8174","weekly",6083,2081,0,18.788819307636
"8175","weekly",6083,2082,0,19.6658096853062
"8176","weekly",6083,2083,0,20.4602669956948
"8177","weekly",6083,2084,0,21.1179186935624
"8178","weekly",6083,2085,0,21.5906032426719
"8179","weekly",6083,2086,0,21.8431306696293
"8180","weekly",6083,2087,0,21.8584858599497
"8181","weekly",6083,2088,0,21.6400314245693
"8182","weekly",6083,2089,0,21.2101649341203
"8183","weekly",6083,2090,0,20.6058870357228
"8184","weekly",6083,2091,0,19.8725317994395
"8185","weekly",6083,2092,0,19.0572109357745
"8186","weekly",6083,2093,0,18.2032993583853
"8187","weekly",6083,2094,0,17.3467368383281
"8188","weekly",6083,2095,0,16.5143141434819
"8189","weekly",6083,2096,0,15.7236628007813
"8190","weekly",6083,2097,0,14.9844350193598
"8191","weekly",6083,2098,0,14.3001441981032
"8192","weekly",6083,2099,0,13.6702373786684
"8193","weekly",6083,2100,0,13.0920651755732
"8194","weekly",6083,2101,0,12.5625361447746
"8195","weekly",6083,2102,0,12.0792234702094
"8196","weekly",6083,2103,0,11.6413427015941
"8197","weekly",6083,2104,0,11.2500040564337
"8198","weekly",6083,2105,0,10.9078474005655
"8199","weekly",6083,2106,0,10.6187266056659
"8200","weekly",6083,2107,0,10.3871080062236
"8201","weekly",6083,2108,0,10.2174194076215
"8202","weekly",6083,2109,0,10.113436785352
"8203","weekly",6083,2110,0,10.0777561360592
"8204","weekly",6083,2111,0,10.1113659770926
"8205","weekly",6083,2112,0,10.2133235496003
"8206","weekly",6083,2113,0,10.3805480815063
"8207","weekly",6083,2114,0,10.6077709779347
"8208","weekly",6083,2115,0,10.8877107178705
"8209","weekly",6083,2116,0,11.2115502891393
"8210","weekly",6083,2117,0,11.5697699349694
"8211","weekly",6083,2118,0,11.9533212339011
"8212","weekly",6083,2119,0,12.3550319059286
"8213","weekly",6083,2120,0,12.7710354075825
"8214","weekly",6083,2121,0,13.2019653884345
"8215","weekly",6083,2122,0,13.6536713807727
"8216","weekly",6083,2123,0,14.1372979112202
"8217","weekly",6083,2124,0,14.6686901687644
"8218","weekly",6083,2125,0,15.2671935726976
"8219","weekly",6083,2126,0,15.9539602378354
"8220","weekly",6083,2127,0,16.7498530344456
"8221","weekly",6083,2128,0,17.6729760517774
"8222","weekly",6083,2129,0,18.7358134457754
"8223","weekly",6083,2130,0,19.9419876686879
"8224","weekly",6083,2131,0,21.28279771081
"8225","weekly",6083,2132,0,22.7339733506087
"8226","weekly",6083,2133,0,24.2534229097801
"8227","weekly",6083,2134,0,25.7810194540216
"8228","weekly",6083,2135,0,27.2414622877404
"8229","weekly",6083,2136,0,28.5507852743467
"8230","weekly",6083,2137,0,29.6261336485477
"8231","weekly",6083,2138,0,30.3972382220236
"8232","weekly",6083,2139,0,30.8170700686896
"8233","weekly",6083,2140,0,30.868980322979
"8234","weekly",6083,2141,0,30.5684477761242
"8235","weekly",6083,2142,0,29.9591094391799
"8236","weekly",6083,2143,0,29.1043869002315
"8237","weekly",6083,2144,0,28.0770711213263
"8238","weekly",6083,2145,0,26.9493598225818
"8239","weekly",6083,2146,0,25.7851700638566
"8240","weekly",6083,2147,0,24.6356256357249
"8241","weekly",6083,2148,0,23.5375290057855
"8242","weekly",6083,2149,0,22.5141621198418
"8243","weekly",6083,2150,0,21.5776355489797
"8244","weekly",6083,2151,0,20.7319168473332
"8245","weekly",6083,2152,0,19.9759567853325
"8246","weekly",6083,2153,0,19.3065142137057
"8247","weekly",6083,2154,0,18.720442857506
"8248","weekly",6083,2155,0,18.2163216876506
"8249","weekly",6083,2156,0,17.7954005959327
"8250","weekly",6083,2157,0,17.4619085630984
"8251","weekly",6083,2158,0,17.2228332322993
"8252","weekly",6083,2159,0,17.0873191480059
"8253","weekly",6083,2160,0,17.0658368159493
"8254","weekly",6083,2161,0,17.1692456790333
"8255","weekly",6083,2162,0,17.407823956848
"8256","weekly",6083,2163,0,17.7902895138541
"8257","weekly",6083,2164,0,18.3228122569999
"8258","weekly",6083,2165,0,19.0080365241738
"8259","weekly",6083,2166,0,19.8441942367353
"8260","weekly",6083,2167,0,20.8244809895114
"8261","weekly",6083,2168,0,21.9369532478449
"8262","weekly",6083,2169,0,23.1652366352937
"8263","weekly",6083,2170,0,24.4902652229939
"8264","weekly",6083,2171,0,25.8930787320132
"8265","weekly",6083,2172,0,27.3584194788709
"8266","weekly",6083,2173,0,28.8785816822492
"8267","weekly",6083,2174,0,30.4567873255437
"8268","weekly",6083,2175,0,32.1093784194381
"8269","weekly",6083,2176,0,33.8663235079002
"8270","weekly",6083,2177,0,35.7698413668404
"8271","weekly",6083,2178,0,37.8712072528579
"8272","weekly",6083,2179,0,40.225920841156
"8273","weekly",6083,2180,0,42.8873685659491
"8274","weekly",6083,2181,0,45.8990010272682
"8275","weekly",6083,2182,0,49.2850343044702
"8276","weekly",6083,2183,0,53.0399474399892
"8277","weekly",6083,2184,0,57.1176944947656
"8278","weekly",6083,2185,0,61.4225289740425
"8279","weekly",6083,2186,0,65.8043593369221
"8280","weekly",6083,2187,0,70.0620638837572
"8281","weekly",6083,2188,0,73.9575253051298
"8282","weekly",6083,2189,0,77.240886447602
"8283","weekly",6083,2190,0,79.6839791099774
"8284","weekly",6083,2191,0,81.1152605550742
"8285","weekly",6083,2192,0,81.4476663864916
"8286","weekly",6083,2193,0,80.69188155343
"8287","weekly",6083,2194,0,78.9515832707984
"8288","weekly",6083,2195,0,76.4025971597875
"8289","weekly",6083,2196,0,73.2623118246847
"8290","weekly",6083,2197,0,69.7574287068419
"8291","weekly",6083,2198,0,66.0969588850712
"8292","weekly",6083,2199,0,62.4543342494144
"8293","weekly",6083,2200,0,58.9595952334057
"8294","weekly",6083,2201,0,55.6996274445992
"8295","weekly",6083,2202,0,52.7237449422246
"8296","weekly",6083,2203,0,50.0522129338351
"8297","weekly",6083,2204,0,47.6853251111315
"8298","weekly",6083,2205,0,45.6117386548722
"8299","weekly",6083,2206,0,43.8153473874409
"8300","weekly",6083,2207,0,42.2804188609152
"8301","weekly",6083,2208,0,40.9949914913886
"8302","weekly",6083,2209,0,39.9526842789055
"8303","weekly",6083,2210,0,39.1531642622867
"8304","weekly",6083,2211,0,38.6015676725365
"8305","weekly",6083,2212,0,38.3071806752705
"8306","weekly",6083,2213,0,38.2816520862689
"8307","weekly",6083,2214,0,38.5369426857942
"8308","weekly",6083,2215,0,39.0831393032131
"8309","weekly",6083,2216,0,39.9262120497733
"8310","weekly",6083,2217,0,41.0658019293332
"8311","weekly",6083,2218,0,42.4932078197744
"8312","weekly",6083,2219,0,44.1898812811269
"8313","weekly",6083,2220,0,46.1268839952972
"8314","weekly",6083,2221,0,48.2658342907671
"8315","weekly",6083,2222,0,50.5617765686329
"8316","weekly",6083,2223,0,52.9680954560172
"8317","weekly",6083,2224,0,55.4430933607073
"8318","weekly",6083,2225,0,57.9572909293056
"8319","weekly",6083,2226,0,60.5001029026171
"8320","weekly",6083,2227,0,63.0844737599255
"8321","weekly",6083,2228,0,65.7483844723756
"8322","weekly",6083,2229,0,68.5527389134077
"8323","weekly",6083,2230,0,71.5757549070986
"8324","weekly",6083,2231,0,74.9043772165605
"8325","weekly",6083,2232,0,78.6232950842532
"8326","weekly",6083,2233,0,82.8019785631768
"8327","weekly",6083,2234,0,87.4799953236507
"8328","weekly",6083,2235,0,92.6510350689932
"8329","weekly",6083,2236,0,98.2467799233709
"8330","weekly",6083,2237,0,104.123035646306
"8331","weekly",6083,2238,0,110.052062680552
"8332","weekly",6083,2239,0,115.72609757584
"8333","weekly",6083,2240,0,120.776636618641
"8334","weekly",6083,2241,0,124.811328211246
"8335","weekly",6083,2242,0,127.465835002309
"8336","weekly",6083,2243,0,128.459438100675
"8337","weekly",6083,2244,0,127.643760337349
"8338","weekly",6083,2245,0,125.031451905132
"8339","weekly",6083,2246,0,120.794013957406
"8340","weekly",6083,2247,0,115.23146229297
"8341","weekly",6083,2248,0,108.722153613635
"8342","weekly",6083,2249,0,101.666268055909
"8343","weekly",6083,2250,0,94.435964541306
"8344","weekly",6083,2251,0,87.3407511398837
"8345","weekly",6083,2252,0,80.6107167460286
"8346","weekly",6083,2253,0,74.3953595688508
"8347","weekly",6083,2254,0,68.7732806109416
"8348","weekly",6083,2255,0,63.7673082036636
"8349","weekly",6083,2256,0,59.36088081864
"8350","weekly",6083,2257,0,55.513035564145
"8351","weekly",6083,2258,0,52.170633539281
"8352","weekly",6083,2259,0,49.2774824087828
"8353","weekly",6083,2260,0,46.7805545753508
"8354","weekly",6083,2261,0,44.6337231607467
"8355","weekly",6083,2262,0,42.7994873090356
"8356","weekly",6083,2263,0,41.2491386090405
"8357","weekly",6083,2264,0,39.9617863526364
"8358","weekly",6083,2265,0,38.9226246789767
"8359","weekly",6083,2266,0,38.1207835144742
"8360","weekly",6083,2267,0,37.5470519880182
"8361","weekly",6083,2268,0,37.1917029200558
"8362","weekly",6083,2269,0,37.0425951536163
"8363","weekly",6083,2270,0,37.0837026047957
"8364","weekly",6083,2271,0,37.2942199145036
"8365","weekly",6083,2272,0,37.6484112312901
"8366","weekly",6083,2273,0,38.1163698597375
"8367","weekly",6083,2274,0,38.6658033139829
"8368","weekly",6083,2275,0,39.264822491532
"8369","weekly",6083,2276,0,39.8854993309651
"8370","weekly",6083,2277,0,40.5077141686925
"8371","weekly",6083,2278,0,41.122629163292
"8372","weekly",6083,2279,0,41.7350870722585
"8373","weekly",6083,2280,0,42.3643880918971
"8374","weekly",6083,2281,0,43.0432031192759
"8375","weekly",6083,2282,0,43.8147277837852
"8376","weekly",6083,2283,0,44.7284341012273
"8377","weekly",6083,2284,0,45.834847747421
"8378","weekly",6083,2285,0,47.1796716414101
"8379","weekly",6083,2286,0,48.7973844099761
"8380","weekly",6083,2287,0,50.7043120562448
"8381","weekly",6083,2288,0,52.8912500393344
"8382","weekly",6083,2289,0,55.3160967561125
"8383","weekly",6083,2290,0,57.8976394744241
"8384","weekly",6083,2291,0,60.5124409576529
"8385","weekly",6083,2292,0,62.9973450684629
"8386","weekly",6083,2293,0,65.1599449053465
"8387","weekly",6083,2294,0,66.7979949278233
"8388","weekly",6083,2295,0,67.7256391834526
"8389","weekly",6083,2296,0,67.8038671936229
"8390","weekly",6083,2297,0,66.965643590127
"8391","weekly",6083,2298,0,65.2285598211602
"8392","weekly",6083,2299,0,62.6933862622391
"8393","weekly",6083,2300,0,59.5267950288107
"8394","weekly",6083,2301,0,55.9336642902053
"8395","weekly",6083,2302,0,52.1264139343257
"8396","weekly",6083,2303,0,48.2984987502568
"8397","weekly",6083,2304,0,44.6066110178799
"8398","weekly",6083,2305,0,41.1628135169158
"8399","weekly",6083,2306,0,38.0350651764602
"8400","weekly",6083,2307,0,35.2533299567876
"8401","weekly",6083,2308,0,32.8183164754882
"8402","weekly",6083,2309,0,30.7105501666811
"8403","weekly",6083,2310,0,28.8984424824448
"8404","weekly",6083,2311,0,27.3448011393775
"8405","weekly",6083,2312,0,26.0117221321561
"8406","weekly",6083,2313,0,24.8640380494326
"8407","weekly",6083,2314,0,23.871547168601
"8408","weekly",6083,2315,0,23.0102136072674
"8409","weekly",6083,2316,0,22.262486473599
"8410","weekly",6083,2317,0,21.6168739638379
"8411","weekly",6083,2318,0,21.0669293357059
"8412","weekly",6083,2319,0,20.6098391518026
"8413","weekly",6083,2320,0,20.2448246584827
"8414","weekly",6083,2321,0,19.9715598910989
"8415","weekly",6083,2322,0,19.7887775491108
"8416","weekly",6083,2323,0,19.6931910888961
"8417","weekly",6083,2324,0,19.6788255942374
"8418","weekly",6083,2325,0,19.7368281506933
"8419","weekly",6083,2326,0,19.8558136146748
"8420","weekly",6083,2327,0,20.0227756118984
"8421","weekly",6083,2328,0,20.2245362678223
"8422","weekly",6083,2329,0,20.4496152458159
"8423","weekly",6083,2330,0,20.6902859034599
"8424","weekly",6083,2331,0,20.9444931629114
"8425","weekly",6083,2332,0,21.2172805403388
"8426","weekly",6083,2333,0,21.5214403566788
"8427","weekly",6083,2334,0,21.8772484040819
"8428","weekly",6083,2335,0,22.3113170923898
"8429","weekly",6083,2336,0,22.8547261972562
"8430","weekly",6083,2337,0,23.5406138406397
"8431","weekly",6083,2338,0,24.4013260740467
"8432","weekly",6083,2339,0,25.465031979722
"8433","weekly",6083,2340,0,26.7518219665071
"8434","weekly",6083,2341,0,28.2689035102958
"8435","weekly",6083,2342,0,30.0049356100208
"8436","weekly",6083,2343,0,31.9242819458304
"8437","weekly",6083,2344,0,33.962217177861
"8438","weekly",6083,2345,0,36.0230527487292
"8439","weekly",6083,2346,0,37.9834149034868
"8440","weekly",6083,2347,0,39.7023740229197
"8441","weekly",6083,2348,0,41.0384702543524
"8442","weekly",6083,2349,0,41.8711740176805
"8443","weekly",6083,2350,0,42.1219202358916
"8444","weekly",6083,2351,0,41.7688729217916
"8445","weekly",6083,2352,0,40.8508852242958
"8446","weekly",6083,2353,0,39.4594320797914
"8447","weekly",6083,2354,0,37.7211525835301
"8448","weekly",6083,2355,0,35.7762658388529
"8449","weekly",6083,2356,0,33.7584963404952
"8450","weekly",6083,2357,0,31.7805042052205
"8451","weekly",6083,2358,0,29.9262946858362
"8452","weekly",6083,2359,0,28.2498890111456
"8453","weekly",6083,2360,0,26.7783431491262
"8454","weekly",6083,2361,0,25.5170205069735
"8455","weekly",6083,2362,0,24.4554856486066
"8456","weekly",6083,2363,0,23.5730512622104
"8457","weekly",6083,2364,0,22.8435753511149
"8458","weekly",6083,2365,0,22.2394423336809
"8459","weekly",6083,2366,0,21.7347770332999
"8460","weekly",6083,2367,0,21.3079130250844
"8461","weekly",6083,2368,0,20.9430654387252
"8462","weekly",6083,2369,0,20.631124735577
"8463","weekly",6083,2370,0,20.3695313723438
"8464","weekly",6083,2371,0,20.1613001311489
"8465","weekly",6083,2372,0,20.0133886634285
"8466","weekly",6083,2373,0,19.9346923921257
"8467","weekly",6083,2374,0,19.9339667119202
"8468","weekly",6083,2375,0,20.0179347490484
"8469","weekly",6083,2376,0,20.1897702339775
"8470","weekly",6083,2377,0,20.4480895615998
"8471","weekly",6083,2378,0,20.7865645980637
"8472","weekly",6083,2379,0,21.1942675720056
"8473","weekly",6083,2380,0,21.6568456622772
"8474","weekly",6083,2381,0,22.1585538659274
"8475","weekly",6083,2382,0,22.6850293444586
"8476","weekly",6083,2383,0,23.226491414971
"8477","weekly",6083,2384,0,23.7808688695513
"8478","weekly",6083,2385,0,24.3562809935975
"8479","weekly",6083,2386,0,24.9723902424739
"8480","weekly",6083,2387,0,25.660385684052
"8481","weekly",6083,2388,0,26.4616470600449
"8482","weekly",6083,2389,0,27.4253438275191
"8483","weekly",6083,2390,0,28.6052424214431
"8484","weekly",6083,2391,0,30.0558180620574
"8485","weekly",6083,2392,0,31.8274750116398
"8486","weekly",6083,2393,0,33.9604602697509
"8487","weekly",6083,2394,0,36.4769952166534
"8488","weekly",6083,2395,0,39.3715470545576
"8489","weekly",6083,2396,0,42.6000772069528
"8490","weekly",6083,2397,0,46.0703935157944
"8491","weekly",6083,2398,0,49.6371620311984
"8492","weekly",6083,2399,0,53.1058422266651
"8493","weekly",6083,2400,0,56.2488831917581
"8494","weekly",6083,2401,0,58.8344001538935
"8495","weekly",6083,2402,0,60.6628167412127
"8496","weekly",6083,2403,0,61.6025709932874
"8497","weekly",6083,2404,0,61.6144822250644
"8498","weekly",6083,2405,0,60.7572180766292
"8499","weekly",6083,2406,0,59.1725620048383
"8500","weekly",6083,2407,0,57.0558744581649
"8501","weekly",6083,2408,0,54.621100912671
"8502","weekly",6083,2409,0,52.0695268445852
"8503","weekly",6083,2410,0,49.5681516031036
"8504","weekly",6083,2411,0,47.2392581669992
"8505","weekly",6083,2412,0,45.1594452974532
"8506","weekly",6083,2413,0,43.3648852543847
"8507","weekly",6083,2414,0,41.8596346688428
"8508","weekly",6083,2415,0,40.624724232126
"8509","weekly",6083,2416,0,39.6267851961311
"8510","weekly",6083,2417,0,38.8257226575079
"8511","weekly",6083,2418,0,38.181298544092
"8512","weekly",6083,2419,0,37.6585239740234
"8513","weekly",6083,2420,0,37.2316573145799
"8514","weekly",6083,2421,0,36.8865379009512
"8515","weekly",6083,2422,0,36.6210633883893
"8516","weekly",6083,2423,0,36.4438426276756
"8517","weekly",6083,2424,0,36.3713358167297
"8518","weekly",6083,2425,0,36.4240089831146
"8519","weekly",6083,2426,0,36.6221024685074
"8520","weekly",6083,2427,0,36.9815479005774
"8521","weekly",6083,2428,0,37.5104400466662
"8522","weekly",6083,2429,0,38.2063717728888
"8523","weekly",6083,2430,0,39.0549258072278
"8524","weekly",6083,2431,0,40.0296673898411
"8525","weekly",6083,2432,0,41.0940086031915
"8526","weekly",6083,2433,0,42.2051987715531
"8527","weekly",6083,2434,0,43.3203530136525
"8528","weekly",6083,2435,0,44.4039612558117
"8529","weekly",6083,2436,0,45.4353863632277
"8530","weekly",6083,2437,0,46.4151929451182
"8531","weekly",6083,2438,0,47.3689005135966
"8532","weekly",6083,2439,0,48.3469728986383
"8533","weekly",6083,2440,0,49.421406169291
"8534","weekly",6083,2441,0,50.6796095829777
"8535","weekly",6083,2442,0,52.2166300465469
"8536","weekly",6083,2443,0,54.1265198951587
"8537","weekly",6083,2444,0,56.4930514648295
"8538","weekly",6083,2445,0,59.3793871543457
"8539","weekly",6083,2446,0,62.8160953235056
"8540","weekly",6083,2447,0,66.7873573943361
"8541","weekly",6083,2448,0,71.2164734951511
"8542","weekly",6083,2449,0,75.9536900211097
"8543","weekly",6083,2450,0,80.7713395433821
"8544","weekly",6083,2451,0,85.3721875965712
"8545","weekly",6083,2452,0,89.4154014611267
"8546","weekly",6083,2453,0,92.5599824196834
"8547","weekly",6083,2454,0,94.5187375474343
"8548","weekly",6083,2455,0,95.1097405410692
"8549","weekly",6083,2456,0,94.2903290264076
"8550","weekly",6083,2457,0,92.1630080454488
"8551","weekly",6083,2458,0,88.9517863465298
"8552","weekly",6083,2459,0,84.9571606744867
"8553","weekly",6083,2460,0,80.5036440793192
"8554","weekly",6083,2461,0,75.8934179060452
"8555","weekly",6083,2462,0,71.3747642802773
"8556","weekly",6083,2463,0,67.1275760402059
"8557","weekly",6083,2464,0,63.2631679222686
"8558","weekly",6083,2465,0,59.8334686362359
"8559","weekly",6083,2466,0,56.8446823027043
"8560","weekly",6083,2467,0,54.2717537063872
"8561","weekly",6083,2468,0,52.0715481132356
"8562","weekly",6083,2469,0,50.1938398955244
"8563","weekly",6083,2470,0,48.589865403439
"8564","weekly",6083,2471,0,47.2184440247802
"8565","weekly",6083,2472,0,46.0497188906447
"8566","weekly",6083,2473,0,45.0666007462132
"8567","weekly",6083,2474,0,44.264106083865
"8568","weekly",6083,2475,0,43.6469507344009
"8569","weekly",6083,2476,0,43.2259160947724
"8570","weekly",6083,2477,0,43.0135715530341
"8571","weekly",6083,2478,0,43.0198915673391
"8572","weekly",6083,2479,0,43.2481932008086
"8573","weekly",6083,2480,0,43.6917197946022
"8574","weekly",6083,2481,0,44.3311752334994
"8575","weekly",6083,2482,0,45.1335806657153
"8576","weekly",6083,2483,0,46.0529171579838
"8577","weekly",6083,2484,0,47.0330111822987
"8578","weekly",6083,2485,0,48.0128868693573
"8579","weekly",6083,2486,0,48.934295422936
"8580","weekly",6083,2487,0,49.7504324641777
"8581","weekly",6083,2488,0,50.43395777556
"8582","weekly",6083,2489,0,50.9835206762946
"8583","weekly",6083,2490,0,51.4260000448121
"8584","weekly",6083,2491,0,51.8138251048222
"8585","weekly",6083,2492,0,52.2192127835297
"8586","weekly",6083,2493,0,52.7255666071578
"8587","weekly",6083,2494,0,53.4178214770363
"8588","weekly",6083,2495,0,54.3729027418594
"8589","weekly",6083,2496,0,55.6508037611784
"8590","weekly",6083,2497,0,57.2862017255684
"8591","weekly",6083,2498,0,59.2803528411314
"8592","weekly",6083,2499,0,61.5933942836127
"8593","weekly",6083,2500,0,64.1380798674218
"8594","weekly",6083,2501,0,66.7770985386305
"8595","weekly",6083,2502,0,69.3269300291868
"8596","weekly",6083,2503,0,71.5709846230893
"8597","weekly",6083,2504,0,73.2830016594089
"8598","weekly",6083,2505,0,74.2584090769087
"8599","weekly",6083,2506,0,74.347612003723
"8600","weekly",6083,2507,0,73.4827910517488
"8601","weekly",6083,2508,0,71.6903991004365
"8602","weekly",6083,2509,0,69.0854575107223
"8603","weekly",6083,2510,0,65.8494474516629
"8604","weekly",6083,2511,0,62.1984847858403
"8605","weekly",6083,2512,0,58.3504667548696
"8606","weekly",6083,2513,0,54.4985603041714
"8607","weekly",6083,2514,0,50.7948879614123
"8608","weekly",6083,2515,0,47.3450626791309
"8609","weekly",6083,2516,0,44.2107583000907
"8610","weekly",6083,2517,0,41.4172593411931
"8611","weekly",6083,2518,0,38.9631815769535
"8612","weekly",6083,2519,0,36.8300759730337
"8613","weekly",6083,2520,0,34.9907247538649
"8614","weekly",6083,2521,0,33.4156359330664
"8615","weekly",6083,2522,0,32.0776614427305
"8616","weekly",6083,2523,0,30.9548670076183
"8617","weekly",6083,2524,0,30.0318673405854
"8618","weekly",6083,2525,0,29.2998818405176
"8619","weekly",6083,2526,0,28.7557937211095
"8620","weekly",6083,2527,0,28.40050587531
"8621","weekly",6083,2528,0,28.2368669977586
"8622","weekly",6083,2529,0,28.2673913898325
"8623","weekly",6083,2530,0,28.4919362993242
"8624","weekly",6083,2531,0,28.9054660914699
"8625","weekly",6083,2532,0,29.4961384754715
"8626","weekly",6083,2533,0,30.243610852689
"8627","weekly",6083,2534,0,31.1183394270629
"8628","weekly",6083,2535,0,32.0823204684712
"8629","weekly",6083,2536,0,33.0912396900967
"8630","weekly",6083,2537,0,34.0985325618822
"8631","weekly",6083,2538,0,35.060976002118
"8632","weekly",6083,2539,0,35.9449764526798
"8633","weekly",6083,2540,0,36.7322971323592
"8634","weekly",6083,2541,0,37.4238893821312
"8635","weekly",6083,2542,0,38.0408590036241
"8636","weekly",6083,2543,0,38.6222968011134
"8637","weekly",6083,2544,0,39.220448478547
"8638","weekly",6083,2545,0,39.8941874016018
"8639","weekly",6083,2546,0,40.7018255944422
"8640","weekly",6083,2547,0,41.6940124194807
"8641","weekly",6083,2548,0,42.9070479905931
"8642","weekly",6083,2549,0,44.3566394879308
"8643","weekly",6083,2550,0,46.0321395076608
"8644","weekly",6083,2551,0,47.8916762397421
"8645","weekly",6083,2552,0,49.8592045124242
"8646","weekly",6083,2553,0,51.8250995758426
"8647","weekly",6083,2554,0,53.6520816510456
"8648","weekly",6083,2555,0,55.1876049984567
"8649","weekly",6083,2556,0,56.282225504925
"8650","weekly",6083,2557,0,56.8112306099938
"8651","weekly",6083,2558,0,56.6948693405284
"8652","weekly",6083,2559,0,55.9119382064528
"8653","weekly",6083,2560,0,54.5028762445436
"8654","weekly",6083,2561,0,52.5615370230807
"8655","weekly",6083,2562,0,50.2181754436606
"8656","weekly",6083,2563,0,47.6184567687742
"8657","weekly",6083,2564,0,44.9036502802192
"8658","weekly",6083,2565,0,42.1958037116419
"8659","weekly",6083,2566,0,39.5895157665946
"8660","weekly",6083,2567,0,37.1499291222572
"8661","weekly",6083,2568,0,34.9153507527662
"8662","weekly",6083,2569,0,32.9025498332048
"8663","weekly",6083,2570,0,31.1130277757038
"8664","weekly",6083,2571,0,29.5390577135695
"8665","weekly",6083,2572,0,28.168795719539
"8666","weekly",6083,2573,0,26.9901528050541
"8667","weekly",6083,2574,0,25.993369859003
"8668","weekly",6083,2575,0,25.1723903567181
"8669","weekly",6083,2576,0,24.525214581663
"8670","weekly",6083,2577,0,24.0534638951649
"8671","weekly",6083,2578,0,23.7613884548191
"8672","weekly",6083,2579,0,23.6545183089329
"8673","weekly",6083,2580,0,23.7380971387174
"8674","weekly",6083,2581,0,24.0153745444841
"8675","weekly",6083,2582,0,24.4857988437434
"8676","weekly",6083,2583,0,25.1431763680594
"8677","weekly",6083,2584,0,25.9739570443926
"8678","weekly",6083,2585,0,26.9558323973324
"8679","weekly",6083,2586,0,28.0575617837458
"8680","weekly",6083,2587,0,29.239994622083
"8681","weekly",6083,2588,0,30.4586248940614
"8682","weekly",6083,2589,0,31.6683049121202
"8683","weekly",6083,2590,0,32.8291668174352
"8684","weekly",6083,2591,0,33.9128128315642
"8685","weekly",6083,2592,0,34.9074169433443
"8686","weekly",6083,2593,0,35.8204928622872
"8687","weekly",6083,2594,0,36.6786203456868
"8688","weekly",6083,2595,0,37.5241746760439
"8689","weekly",6083,2596,0,38.4097555491899
"8690","weekly",6083,2597,0,39.3913153311732
"8691","weekly",6083,2598,0,40.5208933481335
"8692","weekly",6083,2599,0,41.8395235176577
"8693","weekly",6083,2600,0,43.3705471718422
"8694","weekly",6083,2601,0,45.1134538921033
"8695","weekly",6083,2602,0,47.0385957877006
"8696","weekly",6083,2603,0,49.0836206869426
"8697","weekly",6083,2604,0,51.1530252104276
"8698","weekly",6083,2605,0,53.1224816525792
"8699","weekly",6083,2606,0,54.8491584974108
"8700","weekly",6083,2607,0,56.1879322466411
"8701","weekly",6083,2608,0,57.0114009629615
"8702","weekly",6083,2609,0,57.2296899024368
"8703","weekly",6083,2610,0,56.8051762404211
"8704","weekly",6083,2611,0,55.7581421932555
"8705","weekly",6083,2612,0,54.1618626398558
"8706","weekly",6083,2613,0,52.1287433693069
"8707","weekly",6083,2614,0,49.7915162245044
"8708","weekly",6083,2615,0,47.2842658514128
"8709","weekly",6083,2616,0,44.727178027897
"8710","weekly",6083,2617,0,42.2170580841484
"8711","weekly",6083,2618,0,39.8237754021393
"8712","weekly",6083,2619,0,37.5914802056359
"8713","weekly",6083,2620,0,35.5428942759027
"8714","weekly",6083,2621,0,33.6850352554175
"8715","weekly",6083,2622,0,32.015104867678
"8716","weekly",6083,2623,0,30.5257095305278
"8717","weekly",6083,2624,0,29.2089557031286
"8718","weekly",6083,2625,0,28.0592393905245
"8719","weekly",6083,2626,0,27.0747472736693
"8720","weekly",6083,2627,0,26.2578289347148
"8721","weekly",6083,2628,0,25.6145222665655
"8722","weekly",6083,2629,0,25.1533896109177
"8723","weekly",6083,2630,0,24.8841071805364
"8724","weekly",6083,2631,0,24.8159639578953
"8725","weekly",6083,2632,0,24.9561944906745
"8726","weekly",6083,2633,0,25.3083011410199
"8727","weekly",6083,2634,0,25.8703209843225
"8728","weekly",6083,2635,0,26.6331003268861
"8729","weekly",6083,2636,0,27.5787856640964
"8730","weekly",6083,2637,0,28.6799220114481
"8731","weekly",6083,2638,0,29.8996884714288
"8732","weekly",6083,2639,0,31.1937932492001
"8733","weekly",6083,2640,0,32.514309269216
"8734","weekly",6083,2641,0,33.8152485939645
"8735","weekly",6083,2642,0,35.059068505594
"8736","weekly",6083,2643,0,36.2228089339624
"8737","weekly",6083,2644,0,37.3024283597479
"8738","weekly",6083,2645,0,38.3142483475967
"8739","weekly",6083,2646,0,39.2931235389842
"8740","weekly",6083,2647,0,40.2877283941343
"8741","weekly",6083,2648,0,41.3538781873795
"8742","weekly",6083,2649,0,42.5469175093313
"8743","weekly",6083,2650,0,43.9139767199813
"8744","weekly",6083,2651,0,45.4865405560849
"8745","weekly",6083,2652,0,47.2735511613719
"8746","weekly",6083,2653,0,49.2553511128353
"8747","weekly",6083,2654,0,51.3791749325756
"8748","weekly",6083,2655,0,53.5574538690998
"8749","weekly",6083,2656,0,55.6705797200848
"8750","weekly",6083,2657,0,57.5755752896803
"8751","weekly",6083,2658,0,59.1210505114286
"8752","weekly",6083,2659,0,60.1669563512405
"8753","weekly",6083,2660,0,60.6055751319072
"8754","weekly",6083,2661,0,60.3788755350979
"8755","weekly",6083,2662,0,59.4876694426057
"8756","weekly",6083,2663,0,57.9900961191888
"8757","weekly",6083,2664,0,55.9900618006068
"8758","weekly",6083,2665,0,53.6190619329718
"8759","weekly",6083,2666,0,51.016189597387
"8760","weekly",6083,2667,0,48.3107555041497
"8761","weekly",6083,2668,0,45.6103133434372
"8762","weekly",6083,2669,0,42.9948981529596
"8763","weekly",6083,2670,0,40.5167018651846
"8764","weekly",6083,2671,0,38.2036185056349
"8765","weekly",6083,2672,0,36.0649016844982
"8766","weekly",6083,2673,0,34.0974583741336
"8767","weekly",6083,2674,0,32.291764178648
"8768","weekly",6083,2675,0,30.6367476595769
"8769","weekly",6083,2676,0,29.1232924844953
"8770","weekly",6083,2677,0,27.746252683748
"8771","weekly",6083,2678,0,26.5050705305184
"8772","weekly",6083,2679,0,25.4032466877106
"8773","weekly",6083,2680,0,24.4470206433907
"8774","weekly",6083,2681,0,23.6435588745662
"8775","weekly",6083,2682,0,22.999366298216
"8776","weekly",6083,2683,0,22.5186663687055
"8777","weekly",6083,2684,0,22.2018832471367
"8778","weekly",6083,2685,0,22.0446838677308
"8779","weekly",6083,2686,0,22.0371931864211
"8780","weekly",6083,2687,0,22.1635072541249
"8781","weekly",6083,2688,0,22.4016245899111
"8782","weekly",6083,2689,0,22.7240040804463
"8783","weekly",6083,2690,0,23.0989806480939
"8784","weekly",6083,2691,0,23.4931748014205
"8785","weekly",6083,2692,0,23.8748032777949
"8786","weekly",6083,2693,0,24.2174842650857
"8787","weekly",6083,2694,0,24.503847321248
"8788","weekly",6083,2695,0,24.728144824956
"8789","weekly",6083,2696,0,24.8972076286882
"8790","weekly",6083,2697,0,25.0294663376262
"8791","weekly",6083,2698,0,25.1522273729206
"8792","weekly",6083,2699,0,25.2977604985208
"8793","weekly",6083,2700,0,25.4988903582853
"8794","weekly",6083,2701,0,25.7846800640691
"8795","weekly",6083,2702,0,26.1765538876498
"8796","weekly",6083,2703,0,26.6849785446684
"8797","weekly",6083,2704,0,27.3067299525719
"8798","weekly",6083,2705,0,28.0228615032102
"8799","weekly",6083,2706,0,28.7977194110135
"8800","weekly",6083,2707,0,29.579598919925
"8801","weekly",6083,2708,0,30.3037266535248
"8802","weekly",6083,2709,0,30.898017313215
"8803","weekly",6083,2710,0,31.2914137632033
"8804","weekly",6083,2711,0,31.4237028035568
"8805","weekly",6083,2712,0,31.2548524504382
"8806","weekly",6083,2713,0,30.771588050673
"8807","weekly",6083,2714,0,29.9894103020051
"8808","weekly",6083,2715,0,28.9494759248773
"8809","weekly",6083,2716,0,27.7112358698214
"8810","weekly",6083,2717,0,26.3428361540718
"8811","weekly",6083,2718,0,24.9116168002656
"8812","weekly",6083,2719,0,23.476586797653
"8813","weekly",6083,2720,0,22.0838431033771
"8814","weekly",6083,2721,0,20.7649759218621
"8815","weekly",6083,2722,0,19.5378696090193
"8816","weekly",6083,2723,0,18.4090471212839
"8817","weekly",6083,2724,0,17.3767406407424
"8818","weekly",6083,2725,0,16.4341987418738
"8819","weekly",6083,2726,0,15.5723278533842
"8820","weekly",6083,2727,0,14.7820570489712
"8821","weekly",6083,2728,0,14.0562173509825
"8822","weekly",6083,2729,0,13.3903360062977
"8823","weekly",6083,2730,0,12.7828680190141
"8824","weekly",6083,2731,0,12.2348469794815
"8825","weekly",6083,2732,0,11.7491277702211
"8826","weekly",6083,2733,0,11.3294226383732
"8827","weekly",6083,2734,0,10.9793179210537
"8828","weekly",6083,2735,0,10.7014078764769
"8829","weekly",6083,2736,0,10.4966158019524
"8830","weekly",6083,2737,0,10.3637165087712
"8831","weekly",6083,2738,0,10.2990468074422
"8832","weekly",6083,2739,0,10.2963965691742
"8833","weekly",6083,2740,0,10.3471022198792
"8834","weekly",6083,2741,0,10.4403964729572
"8835","weekly",6083,2742,0,10.5640778388624
"8836","weekly",6083,2743,0,10.7055308984854
"8837","weekly",6083,2744,0,10.8530487630342
"8838","weekly",6083,2745,0,10.997301368654
"8839","weekly",6083,2746,0,11.1326984007756
"8840","weekly",6083,2747,0,11.258361546963
"8841","weekly",6083,2748,0,11.3784761064308
"8842","weekly",6083,2749,0,11.5019252736238
"8843","weekly",6083,2750,0,11.6412705855473
"8844","weekly",6083,2751,0,11.8112638523162
"8845","weekly",6083,2752,0,12.0271151811321
"8846","weekly",6083,2753,0,12.3026974870299
"8847","weekly",6083,2754,0,12.648779502706
"8848","weekly",6083,2755,0,13.0713043688302
"8849","weekly",6083,2756,0,13.5697195780522
"8850","weekly",6083,2757,0,14.1354405715974
"8851","weekly",6083,2758,0,14.7506823563162
"8852","weekly",6083,2759,0,15.3880667021585
"8853","weekly",6083,2760,0,16.0115128004109
"8854","weekly",6083,2761,0,16.5788362758758
"8855","weekly",6083,2762,0,17.0461421202635
"8856","weekly",6083,2763,0,17.3735369472852
"8857","weekly",6083,2764,0,17.5310892283014
"8858","weekly",6083,2765,0,17.5036169874074
"8859","weekly",6083,2766,0,17.2930174420908
"8860","weekly",6083,2767,0,16.9174960831733
"8861","weekly",6083,2768,0,16.4079605210427
"8862","weekly",6083,2769,0,15.8026286009699
"8863","weekly",6083,2770,0,15.1412494038086
"8864","weekly",6083,2771,0,14.4601784866536
"8865","weekly",6083,2772,0,13.7890517791966
"8866","weekly",6083,2773,0,13.1492335035437
"8867","weekly",6083,2774,0,12.5537859302276
"8868","weekly",6083,2775,0,12.0085053394578
"8869","weekly",6083,2776,0,11.5135560499766
"8870","weekly",6083,2777,0,11.0653261281404
"8871","weekly",6083,2778,0,10.6581909201632
"8872","weekly",6083,2779,0,10.2862232994376
"8873","weekly",6083,2780,0,9.94446293376677
"8874","weekly",6083,2781,0,9.62968479856499
"8875","weekly",6083,2782,0,9.34087863778404
"8876","weekly",6083,2783,0,9.07924267282942
"8877","weekly",6083,2784,0,8.84781162177387
"8878","weekly",6083,2785,0,8.65083294412761
"8879","weekly",6083,2786,0,8.49302602357056
"8880","weekly",6083,2787,0,8.37884786230279
"8881","weekly",6083,2788,0,8.31185365101555
"8882","weekly",6083,2789,0,8.29419854089792
"8883","weekly",6083,2790,0,8.32629570209247
"8884","weekly",6083,2791,0,8.40663533813495
"8885","weekly",6083,2792,0,8.53177857318951
"8886","weekly",6083,2793,0,8.69655773692648
"8887","weekly",6083,2794,0,8.89452355686808
"8888","weekly",6083,2795,0,9.11866418985301
"8889","weekly",6083,2796,0,9.36237382983381
"8890","weekly",6083,2797,0,9.62057808894315
"8891","weekly",6083,2798,0,9.89085367307416
"8892","weekly",6083,2799,0,10.1743425418535
"8893","weekly",6083,2800,0,10.476278238697
"8894","weekly",6083,2801,0,10.8060128475627
"8895","weekly",6083,2802,0,11.176528609838
"8896","weekly",6083,2803,0,11.6034967138112
"8897","weekly",6083,2804,0,12.1039743736619
"8898","weekly",6083,2805,0,12.6948042788572
"8899","weekly",6083,2806,0,13.3907228118042
"8900","weekly",6083,2807,0,14.2021410853922
"8901","weekly",6083,2808,0,15.1325865623949
"8902","weekly",6083,2809,0,16.1759205069393
"8903","weekly",6083,2810,0,17.3136827538256
"8904","weekly",6083,2811,0,18.5132100937044
"8905","weekly",6083,2812,0,19.7274072389991
"8906","weekly",6083,2813,0,20.8970445285231
"8907","weekly",6083,2814,0,21.9560566245054
"8908","weekly",6083,2815,0,22.8395023591147
"8909","weekly",6083,2816,0,23.4928372937575
"8910","weekly",6083,2817,0,23.8803796872962
"8911","weekly",6083,2818,0,23.9907588601054
"8912","weekly",6083,2819,0,23.8378881361277
"8913","weekly",6083,2820,0,23.4573360669892
"8914","weekly",6083,2821,0,22.8992707611615
"8915","weekly",6083,2822,0,22.2201053824829
"8916","weekly",6083,2823,0,21.4746394321119
"8917","weekly",6083,2824,0,20.7101119163417
"8918","weekly",6083,2825,0,19.9628889518353
"8919","weekly",6083,2826,0,19.2574626568239
"8920","weekly",6083,2827,0,18.6072430908243
"8921","weekly",6083,2828,0,18.0164817992045
"8922","weekly",6083,2829,0,17.4827541678096
"8923","weekly",6083,2830,0,16.9995792449336
"8924","weekly",6083,2831,0,16.5588869207277
"8925","weekly",6083,2832,0,16.1531261658238
"8926","weekly",6083,2833,0,15.7768587116443
"8927","weekly",6083,2834,0,15.4277304256248
"8928","weekly",6083,2835,0,15.1067800039018
"8929","weekly",6083,2836,0,14.8181320051081
"8930","weekly",6083,2837,0,14.5682083930733
"8931","weekly",6083,2838,0,14.364651995842
"8932","weekly",6083,2839,0,14.2151686408033
"8933","weekly",6083,2840,0,14.1264639268193
"8934","weekly",6083,2841,0,14.1033949560078
"8935","weekly",6083,2842,0,14.1484023065423
"8936","weekly",6083,2843,0,14.2612516879744
"8937","weekly",6083,2844,0,14.4391021630436
"8938","weekly",6083,2845,0,14.6769181279087
"8939","weekly",6083,2846,0,14.9682368560461
"8940","weekly",6083,2847,0,15.3062753890408
"8941","weekly",6083,2848,0,15.6853043346491
"8942","weekly",6083,2849,0,16.1021433133428
"8943","weekly",6083,2850,0,16.5575699341716
"8944","weekly",6083,2851,0,17.057411122034
"8945","weekly",6083,2852,0,17.6131186701241
"8946","weekly",6083,2853,0,18.2417104915803
"8947","weekly",6083,2854,0,18.9650511822401
"8948","weekly",6083,2855,0,19.808508203947
"8949","weekly",6083,2856,0,20.7990261912055
"8950","weekly",6083,2857,0,21.9626160387706
"8951","weekly",6083,2858,0,23.3211963412614
"8952","weekly",6083,2859,0,24.8887153066171
"8953","weekly",6083,2860,0,26.6665895696788
"8954","weekly",6083,2861,0,28.6387697270548
"8955","weekly",6083,2862,0,30.7671725633118
"8956","weekly",6083,2863,0,32.9887037917651
"8957","weekly",6083,2864,0,35.2154154506861
"8958","weekly",6083,2865,0,37.3392100207711
"8959","weekly",6083,2866,0,39.2416945879086
"8960","weekly",6083,2867,0,40.8083402468765
"8961","weekly",6083,2868,0,41.9444440390944
"8962","weekly",6083,2869,0,42.5892502062052
"8963","weekly",6083,2870,0,42.724629108372
"8964","weekly",6083,2871,0,42.3761034368654
"8965","weekly",6083,2872,0,41.606239636938
"8966","weekly",6083,2873,0,40.5025462173217
"8967","weekly",6083,2874,0,39.1630263150291
"8968","weekly",6083,2875,0,37.6833523088717
"8969","weekly",6083,2876,0,36.1469920492091
"8970","weekly",6083,2877,0,34.6192207182175
"8971","weekly",6083,2878,0,33.1455942384055
"8972","weekly",6083,2879,0,31.7532415573951
"8973","weekly",6083,2880,0,30.4540567421354
"8974","weekly",6083,2881,0,29.2487455467926
"8975","weekly",6083,2882,0,28.1309824710042
"8976","weekly",6083,2883,0,27.0911929256836
"8977","weekly",6083,2884,0,26.1196327336074
"8978","weekly",6083,2885,0,25.2085837038467
"8979","weekly",6083,2886,0,24.3535972001118
"8980","weekly",6083,2887,0,23.5538246054202
"8981","weekly",6083,2888,0,22.811577414046
"8982","weekly",6083,2889,0,22.1313434471085
"8983","weekly",6083,2890,0,21.5185287147906
"8984","weekly",6083,2891,0,20.9781868368882
"8985","weekly",6083,2892,0,20.5139471659786
"8986","weekly",6083,2893,0,20.1272795617115
"8987","weekly",6083,2894,0,19.8171612840379
"8988","weekly",6083,2895,0,19.5801548976451
"8989","weekly",6083,2896,0,19.4108681514044
"8990","weekly",6083,2897,0,19.3027403148881
"8991","weekly",6083,2898,0,19.2490743236558
"8992","weekly",6083,2899,0,19.244204889852
"8993","weekly",6083,2900,0,19.2846631254943
"8994","weekly",6083,2901,0,19.3701798461989
"8995","weekly",6083,2902,0,19.5043757927197
"8996","weekly",6083,2903,0,19.6950235773984
"8997","weekly",6083,2904,0,19.9538260884437
"8998","weekly",6083,2905,0,20.2957200054952
"8999","weekly",6083,2906,0,20.737757906245
"9000","weekly",6083,2907,0,21.2976331209356
"9001","weekly",6083,2908,0,21.9918897803
"9002","weekly",6083,2909,0,22.8338265013736
"9003","weekly",6083,2910,0,23.8310884924867
"9004","weekly",6083,2911,0,24.9829841518222
"9005","weekly",6083,2912,0,26.2776821218722
"9006","weekly",6083,2913,0,27.6896412351925
"9007","weekly",6083,2914,0,29.1778565522254
"9008","weekly",6083,2915,0,30.6856796668726
"9009","weekly",6083,2916,0,32.1429659800924
"9010","weekly",6083,2917,0,33.4710030162969
"9011","weekly",6083,2918,0,34.5903683801298
"9012","weekly",6083,2919,0,35.4294941798144
"9013","weekly",6083,2920,0,35.9337911225593
"9014","weekly",6083,2921,0,36.0734135233361
"9015","weekly",6083,2922,0,35.8463690335338
"9016","weekly",6083,2923,0,35.2775210351538
"9017","weekly",6083,2924,0,34.4135741493083
"9018","weekly",6083,2925,0,33.3154144482396
"9019","weekly",6083,2926,0,32.0496223819064
"9020","weekly",6083,2927,0,30.6808365963952
"9021","weekly",6083,2928,0,29.2660899302282
"9022","weekly",6083,2929,0,27.8515445600351
"9023","weekly",6083,2930,0,26.4714650726237
"9024","weekly",6083,2931,0,25.1489153970906
"9025","weekly",6083,2932,0,23.8975243536697
"9026","weekly",6083,2933,0,22.7237393771647
"9027","weekly",6083,2934,0,21.6291181448469
"9028","weekly",6083,2935,0,20.6123366705433
"9029","weekly",6083,2936,0,19.6707468219684
"9030","weekly",6083,2937,0,18.8014303531381
"9031","weekly",6083,2938,0,18.0017729266547
"9032","weekly",6083,2939,0,17.2696379210829
"9033","weekly",6083,2940,0,16.6032524777111
"9034","weekly",6083,2941,0,16.0009292007599
"9035","weekly",6083,2942,0,15.4607392111648
"9036","weekly",6083,2943,0,14.9802309615479
"9037","weekly",6083,2944,0,14.5562608327164
"9038","weekly",6083,2945,0,14.184972087809
"9039","weekly",6083,2946,0,13.8619321583974
"9040","weekly",6083,2947,0,13.5824157188908
"9041","weekly",6083,2948,0,13.3418020422978
"9042","weekly",6083,2949,0,13.1360391278431
"9043","weekly",6083,2950,0,12.9621148519072
"9044","weekly",6083,2951,0,12.8184694529191
"9045","weekly",6083,2952,0,12.7052871220949
"9046","weekly",6083,2953,0,12.6246188955265
"9047","weekly",6083,2954,0,12.580312572376
"9048","weekly",6083,2955,0,12.5777524045552
"9049","weekly",6083,2956,0,12.6234341816744
"9050","weekly",6083,2957,0,12.7244135620276
"9051","weekly",6083,2958,0,12.8876646826102
"9052","weekly",6083,2959,0,13.1193752565014
"9053","weekly",6083,2960,0,13.4241910985293
"9054","weekly",6083,2961,0,13.804416803323
"9055","weekly",6083,2962,0,14.2591883192217
"9056","weekly",6083,2963,0,14.783661278314
"9057","weekly",6083,2964,0,15.3683032241825
"9058","weekly",6083,2965,0,15.9984270982823
"9059","weekly",6083,2966,0,16.65413833395
"9060","weekly",6083,2967,0,17.3108653430536
"9061","weekly",6083,2968,0,17.9405837717059
"9062","weekly",6083,2969,0,18.5137245806836
"9063","weekly",6083,2970,0,19.0015951533569
"9064","weekly",6083,2971,0,19.3789294630988
"9065","weekly",6083,2972,0,19.6263687605533
"9066","weekly",6083,2973,0,19.7321870002197
"9067","weekly",6083,2974,0,19.6929571930668
"9068","weekly",6083,2975,0,19.51335673414
"9069","weekly",6083,2976,0,19.205017685279
"9070","weekly",6083,2977,0,18.7847693399963
"9071","weekly",6083,2978,0,18.2726369746379
"9072","weekly",6083,2979,0,17.6899340305972
"9073","weekly",6083,2980,0,17.0576884010661
"9074","weekly",6083,2981,0,16.3955192774738
"9075","weekly",6083,2982,0,15.7209677107021
"9076","weekly",6083,2983,0,15.0492054364149
"9077","weekly",6083,2984,0,14.3930094668758
"9078","weekly",6083,2985,0,13.7628885459999
"9079","weekly",6083,2986,0,13.1672694285371
"9080","weekly",6083,2987,0,12.6126827977569
"9081","weekly",6083,2988,0,12.1039198293292
"9082","weekly",6083,2989,0,11.6441544715926
"9083","weekly",6083,2990,0,11.2350411806983
"9084","weekly",6083,2991,0,10.8768041291478
"9085","weekly",6083,2992,0,10.5683345967409
"9086","weekly",6083,2993,0,10.3073114198924
"9087","weekly",6083,2994,0,10.0903571209928
"9088","weekly",6083,2995,0,9.91324020884349
"9089","weekly",6083,2996,0,9.77113122059382
"9090","weekly",6083,2997,0,9.65891472932708
"9091","weekly",6083,2998,0,9.57155052266899
"9092","weekly",6083,2999,0,9.50446470048337
"9093","weekly",6083,3000,0,9.45393786836939
"9094","weekly",6083,3001,0,9.41744701151038
"9095","weekly",6083,3002,0,9.39391451732081
"9096","weekly",6083,3003,0,9.38382506556809
"9097","weekly",6083,3004,0,9.3891882867465
"9098","weekly",6083,3005,0,9.41334803811333
"9099","weekly",6083,3006,0,9.46066134789726
"9100","weekly",6083,3007,0,9.53608529601479
"9101","weekly",6083,3008,0,9.64471495423641
"9102","weekly",6083,3009,0,9.79131071690063
"9103","weekly",6083,3010,0,9.97984309504682
"9104","weekly",6083,3011,0,10.2130729455821
"9105","weekly",6083,3012,0,10.4921798665455
"9106","weekly",6083,3013,0,10.8164531056536
"9107","weekly",6083,3014,0,11.1830663961446
"9108","weekly",6083,3015,0,11.5869504967122
"9109","weekly",6083,3016,0,12.0208574881399
"9110","weekly",6083,3017,0,12.4755693693442
"9111","weekly",6083,3018,0,12.9402500527503
"9112","weekly",6083,3019,0,13.4029953991994
"9113","weekly",6083,3020,0,13.851462643579
"9114","weekly",6083,3021,0,14.2735121699952
"9115","weekly",6083,3022,0,14.6577745062241
"9116","weekly",6083,3023,0,14.9940739592566
"9117","weekly",6083,3024,0,15.2736791968782
"9118","weekly",6083,3025,0,15.4893991317222
"9119","weekly",6083,3026,0,15.6355845984508
"9120","weekly",6083,3027,0,15.7081188091688
"9121","weekly",6083,3028,0,15.7044746070023
"9122","weekly",6083,3029,0,15.6238845139305
"9123","weekly",6083,3030,0,15.4676189659949
"9124","weekly",6083,3031,0,15.2393134246086
"9125","weekly",6083,3032,0,14.9452431750833
"9126","weekly",6083,3033,0,14.5944303171127
"9127","weekly",6083,3034,0,14.1984882481338
"9128","weekly",6083,3035,0,13.7712000559986
"9129","weekly",6083,3036,0,13.3277948723407
"9130","weekly",6083,3037,0,12.8838474320364
"9131","weekly",6083,3038,0,12.4543815468642
"9132","weekly",6083,3039,0,12.0530682359386
"9133","weekly",6083,3040,0,11.6914852401242
"9134","weekly",6083,3041,0,11.3786371858587
"9135","weekly",6083,3042,0,11.1207259348448
"9136","weekly",6083,3043,0,10.9211300951138
"9137","weekly",6083,3044,0,10.7805392057926
"9138","weekly",6083,3045,0,10.6971942630335
"9139","weekly",6083,3046,0,10.6672058721742
"9140","weekly",6083,3047,0,10.684944209177
"9141","weekly",6083,3048,0,10.7435107330093
"9142","weekly",6083,3049,0,10.8353025363613
"9143","weekly",6083,3050,0,10.952663733784
"9144","weekly",6083,3051,0,11.0885882519069
"9145","weekly",6083,3052,0,11.2374049238424
"9146","weekly",6083,3053,0,11.395352383377
"9147","weekly",6083,3054,0,11.5609495602112
"9148","weekly",6083,3055,0,11.7350919330638
"9149","weekly",6083,3056,0,11.9208484024421
"9150","weekly",6083,3057,0,12.1229850453092
"9151","weekly",6083,3058,0,12.3472846624209
"9152","weekly",6083,3059,0,12.599754564013
"9153","weekly",6083,3060,0,12.8858179831441
"9154","weekly",6083,3061,0,13.2095732324233
"9155","weekly",6083,3062,0,13.5731887413713
"9156","weekly",6083,3063,0,13.9764885768236
"9157","weekly",6083,3064,0,14.4167732207425
"9158","weekly",6083,3065,0,14.888909451387
"9159","weekly",6083,3066,0,15.3857033202366
"9160","weekly",6083,3067,0,15.8984143162961
"9161","weekly",6083,3068,0,16.4178139419819
"9162","weekly",6083,3069,0,16.9351056882297
"9163","weekly",6083,3070,0,17.4424995332665
"9164","weekly",6083,3071,0,17.9338855102687
"9165","weekly",6083,3072,0,18.4050078516011
"9166","weekly",6083,3073,0,18.853191000715
"9167","weekly",6083,3074,0,19.2766476607212
"9168","weekly",6083,3075,0,19.6734899745497
"9169","weekly",6083,3076,0,20.0406356038584
"9170","weekly",6083,3077,0,20.3728397410741
"9171","weekly",6083,3078,0,20.6620882130956
"9172","weekly",6083,3079,0,20.8975547643495
"9173","weekly",6083,3080,0,21.0662549815024
"9174","weekly",6083,3081,0,21.1544178141921
"9175","weekly",6083,3082,0,21.1494485784497
"9176","weekly",6083,3083,0,21.0421972764307
"9177","weekly",6083,3084,0,20.8291161823872
"9178","weekly",6083,3085,0,20.5138442317548
"9179","weekly",6083,3086,0,20.1078320755332
"9180","weekly",6083,3087,0,19.6298184280458
"9181","weekly",6083,3088,0,19.1042335726961
"9182","weekly",6083,3089,0,18.5588702827517
"9183","weekly",6083,3090,0,18.0222614837694
"9184","weekly",6083,3091,0,17.5212414260459
"9185","weekly",6083,3092,0,17.0790407418681
"9186","weekly",6083,3093,0,16.7140598782717
"9187","weekly",6083,3094,0,16.4392973572831
"9188","weekly",6083,3095,0,16.2622943175957
"9189","weekly",6083,3096,0,16.1854213795013
"9190","weekly",6083,3097,0,16.2063645090093
"9191","weekly",6083,3098,0,16.3187329776119
"9192","weekly",6083,3099,0,16.5127811350249
"9193","weekly",6083,3100,0,16.7762787178362
"9194","weekly",6083,3101,0,17.0955651026743
"9195","weekly",6083,3102,0,17.4567792465823
"9196","weekly",6083,3103,0,17.8471833359217
"9197","weekly",6083,3104,0,18.2564224367088
"9198","weekly",6083,3105,0,18.6775175301736
"9199","weekly",6083,3106,0,19.1073992164456
"9200","weekly",6083,3107,0,19.5468573939288
"9201","weekly",6083,3108,0,19.9998884835804
"9202","weekly",6083,3109,0,20.4725326098705
"9203","weekly",6083,3110,0,20.9713774565753
"9204","weekly",6083,3111,0,21.5021172013512
"9205","weekly",6083,3112,0,22.0677196104807
"9206","weekly",6083,3113,0,22.6672283275257
"9207","weekly",6083,3114,0,23.2954090136191
"9208","weekly",6083,3115,0,23.9425102575915
"9209","weekly",6083,3116,0,24.594902216224
"9210","weekly",6083,3117,0,25.2364181103912
"9211","weekly",6083,3118,0,25.8502706303698
"9212","weekly",6083,3119,0,26.4212761379604
"9213","weekly",6083,3120,0,26.9380034628557
"9214","weekly",6083,3121,0,27.3944196066732
"9215","weekly",6083,3122,0,27.7906648242642
"9216","weekly",6083,3123,0,28.1327507632377
"9217","weekly",6083,3124,0,28.4311936309678
"9218","weekly",6083,3125,0,28.6988039184362
"9219","weekly",6083,3126,0,28.9479983622732
"9220","weekly",6083,3127,0,29.1880556131218
"9221","weekly",6083,3128,0,29.4227192109829
"9222","weekly",6083,3129,0,29.6484951598541
"9223","weekly",6083,3130,0,29.8539261666301
"9224","weekly",6083,3131,0,30.0200546850392
"9225","weekly",6083,3132,0,30.1221889185399
"9226","weekly",6083,3133,0,30.1329261688952
"9227","weekly",6083,3134,0,30.026152492821
"9228","weekly",6083,3135,0,29.7814609257475
"9229","weekly",6083,3136,0,29.3882021376776
"9230","weekly",6083,3137,0,28.8483168691455
"9231","weekly",6083,3138,0,28.1772799555765
"9232","weekly",6083,3139,0,27.4028977494745
"9233","weekly",6083,3140,0,26.5622271892644
"9234","weekly",6083,3141,0,25.6972898575768
"9235","weekly",6083,3142,0,24.8505232227617
"9236","weekly",6083,3143,0,24.0607913184795
"9237","weekly",6083,3144,0,23.3604728405189
"9238","weekly",6083,3145,0,22.7738057190872
"9239","weekly",6083,3146,0,22.3163563083799
"9240","weekly",6083,3147,0,21.9953157753771
"9241","weekly",6083,3148,0,21.8103065874893
"9242","weekly",6083,3149,0,21.7544619819237
"9243","weekly",6083,3150,0,21.8156586565019
"9244","weekly",6083,3151,0,21.9778816847247
"9245","weekly",6083,3152,0,22.22274436515
"9246","weekly",6083,3153,0,22.5311625692993
"9247","weekly",6083,3154,0,22.8851067438518
"9248","weekly",6083,3155,0,23.269259948429
"9249","weekly",6083,3156,0,23.6723421485076
"9250","weekly",6083,3157,0,24.0878568253538
"9251","weekly",6083,3158,0,24.5140884114371
"9252","weekly",6083,3159,0,24.9533091804478
"9253","weekly",6083,3160,0,25.4103008160164
"9254","weekly",6083,3161,0,25.8904161394312
"9255","weekly",6083,3162,0,26.3974754944065
"9256","weekly",6083,3163,0,26.9318099429947
"9257","weekly",6083,3164,0,27.4886736396293
"9258","weekly",6083,3165,0,28.0575572133093
"9259","weekly",6083,3166,0,28.6222905799077
"9260","weekly",6083,3167,0,29.1620155497512
"9261","weekly",6083,3168,0,29.6533486575645
"9262","weekly",6083,3169,0,30.0732721473323
"9263","weekly",6083,3170,0,30.4023925389338
"9264","weekly",6083,3171,0,30.627981266618
"9265","weekly",6083,3172,0,30.7461684216396
"9266","weekly",6083,3173,0,30.7627859618078
"9267","weekly",6083,3174,0,30.6926341977523
"9268","weekly",6083,3175,0,30.5572914471704
"9269","weekly",6083,3176,0,30.3818867974769
"9270","weekly",6083,3177,0,30.1914192565891
"9271","weekly",6083,3178,0,30.0072074362834
"9272","weekly",6083,3179,0,29.8439345896768
"9273","weekly",6083,3180,0,29.7075923749071
"9274","weekly",6083,3181,0,29.5944922491326
"9275","weekly",6083,3182,0,29.4914338167873
"9276","weekly",6083,3183,0,29.3770744481299
"9277","weekly",6083,3184,0,29.2244826049428
"9278","weekly",6083,3185,0,29.0047284204338
"9279","weekly",6083,3186,0,28.6911559672444
"9280","weekly",6083,3187,0,28.2637393193436
"9281","weekly",6083,3188,0,27.7127505029785
"9282","weekly",6083,3189,0,27.0409749347018
"9283","weekly",6083,3190,0,26.2639580278192
"9284","weekly",6083,3191,0,25.4082094680634
"9285","weekly",6083,3192,0,24.5077825706685
"9286","weekly",6083,3193,0,23.6000046503032
"9287","weekly",6083,3194,0,22.7212379646662
"9288","weekly",6083,3195,0,21.9033929289144
"9289","weekly",6083,3196,0,21.1715951216756
"9290","weekly",6083,3197,0,20.5430666060129
"9291","weekly",6083,3198,0,20.0270334918168
"9292","weekly",6083,3199,0,19.625362052524
"9293","weekly",6083,3200,0,19.3336380128749
"9294","weekly",6083,3201,0,19.1424849412579
"9295","weekly",6083,3202,0,19.0390098872303
"9296","weekly",6083,3203,0,19.0083247456059
"9297","weekly",6083,3204,0,19.0351018056681
"9298","weekly",6083,3205,0,19.1050877629605
"9299","weekly",6083,3206,0,19.2064475498046
"9300","weekly",6083,3207,0,19.3307715363044
"9301","weekly",6083,3208,0,19.4736023515579
"9302","weekly",6083,3209,0,19.6343056365731
"9303","weekly",6083,3210,0,19.8153714970686
"9304","weekly",6083,3211,0,20.0212373802788
"9305","weekly",6083,3212,0,20.2567162831838
"9306","weekly",6083,3213,0,20.5253280577017
"9307","weekly",6083,3214,0,20.8277386001137
"9308","weekly",6083,3215,0,21.1605172802228
"9309","weekly",6083,3216,0,21.5154014907894
"9310","weekly",6083,3217,0,21.8792308315169
"9311","weekly",6083,3218,0,22.2346682789212
"9312","weekly",6083,3219,0,22.561740396719
"9313","weekly",6083,3220,0,22.8400911735953
"9314","weekly",6083,3221,0,23.0516692014935
"9315","weekly",6083,3222,0,23.1834040576941
"9316","weekly",6083,3223,0,23.2293437616609
"9317","weekly",6083,3224,0,23.1917777287599
"9318","weekly",6083,3225,0,23.0810673538654
"9319","weekly",6083,3226,0,22.9141944997245
"9320","weekly",6083,3227,0,22.7123189415724
"9321","weekly",6083,3228,0,22.4978153667762
"9322","weekly",6083,3229,0,22.291294137307
"9323","weekly",6083,3230,0,22.1090180719621
"9324","weekly",6083,3231,0,21.9609756892314
"9325","weekly",6083,3232,0,21.8497316208668
"9326","weekly",6083,3233,0,21.7700911346474
"9327","weekly",6083,3234,0,21.7095892197394
"9328","weekly",6083,3235,0,21.6498109610693
"9329","weekly",6083,3236,0,21.5685195155384
"9330","weekly",6083,3237,0,21.4424733886553
"9331","weekly",6083,3238,0,21.2506547975936
"9332","weekly",6083,3239,0,20.9774527112895
"9333","weekly",6083,3240,0,20.6152310009056
"9334","weekly",6083,3241,0,20.1657455840905
"9335","weekly",6083,3242,0,19.6400851252838
"9336","weekly",6083,3243,0,19.0571472841839
"9337","weekly",6083,3244,0,18.4410095541389
"9338","weekly",6083,3245,0,17.8177831504145
"9339","weekly",6083,3246,0,17.2125773657463
"9340","weekly",6083,3247,0,16.6470633694262
"9341","weekly",6083,3248,0,16.1378914413217
"9342","weekly",6083,3249,0,15.6959832450666
"9343","weekly",6083,3250,0,15.3265616049466
"9344","weekly",6083,3251,0,15.0297162007482
"9345","weekly",6083,3252,0,14.8013150897168
"9346","weekly",6083,3253,0,14.6341197542788
"9347","weekly",6083,3254,0,14.5190077116713
"9348","weekly",6083,3255,0,14.446228642104
"9349","weekly",6083,3256,0,14.4066137184273
"9350","weekly",6083,3257,0,14.392636093864
"9351","weekly",6083,3258,0,14.3992047124775
"9352","weekly",6083,3259,0,14.4240830040944
"9353","weekly",6083,3260,0,14.467865959683
"9354","weekly",6083,3261,0,14.5333897644596
"9355","weekly",6083,3262,0,14.6251364144555
"9356","weekly",6083,3263,0,14.7481517549895
"9357","weekly",6083,3264,0,14.9066089417029
"9358","weekly",6083,3265,0,15.1027789424115
"9359","weekly",6083,3266,0,15.3360578149441
"9360","weekly",6083,3267,0,15.6022910909378
"9361","weekly",6083,3268,0,15.8935084025725
"9362","weekly",6083,3269,0,16.1981701976911
"9363","weekly",6083,3270,0,16.5019950803544
"9364","weekly",6083,3271,0,16.7893634198699
"9365","weekly",6083,3272,0,17.045177603577
"9366","weekly",6083,3273,0,17.2569242263562
"9367","weekly",6083,3274,0,17.4165752294648
"9368","weekly",6083,3275,0,17.5219365487865
"9369","weekly",6083,3276,0,17.577135333675
"9370","weekly",6083,3277,0,17.5921167420165
"9371","weekly",6083,3278,0,17.581240424217
"9372","weekly",6083,3279,0,17.5612484586309
"9373","weekly",6083,3280,0,17.5489638022264
"9374","weekly",6083,3281,0,17.5590602514276
"9375","weekly",6083,3282,0,17.6021556717169
"9376","weekly",6083,3283,0,17.6833757282584
"9377","weekly",6083,3284,0,17.8014630730322
"9378","weekly",6083,3285,0,17.9484855206101
"9379","weekly",6083,3286,0,18.1102110399515
"9380","weekly",6083,3287,0,18.2672276427038
"9381","weekly",6083,3288,0,18.3968465872749
"9382","weekly",6083,3289,0,18.4757091717038
"9383","weekly",6083,3290,0,18.4828312806494
"9384","weekly",6083,3291,0,18.4026242135442
"9385","weekly",6083,3292,0,18.2273154240393
"9386","weekly",6083,3293,0,17.958238541527
"9387","weekly",6083,3294,0,17.6056884635182
"9388","weekly",6083,3295,0,17.1873804192001
"9389","weekly",6083,3296,0,16.7258852642844
"9390","weekly",6083,3297,0,16.245626794931
"9391","weekly",6083,3298,0,15.7700361588504
"9392","weekly",6083,3299,0,15.3192989614327
"9393","weekly",6083,3300,0,14.9089243477792
"9394","weekly",6083,3301,0,14.5491446562519
"9395","weekly",6083,3302,0,14.2450071510102
"9396","weekly",6083,3303,0,13.9969701732043
"9397","weekly",6083,3304,0,13.8019121453399
"9398","weekly",6083,3305,0,13.6540618534491
"9399","weekly",6083,3306,0,13.5461937426298
"9400","weekly",6083,3307,0,13.4709758349054
"9401","weekly",6083,3308,0,13.4219411766098
"9402","weekly",6083,3309,0,13.3943362217688
"9403","weekly",6083,3310,0,13.3856568878691
"9404","weekly",6083,3311,0,13.3958038258716
"9405","weekly",6083,3312,0,13.4268399053835
"9406","weekly",6083,3313,0,13.4823930693674
"9407","weekly",6083,3314,0,13.5667989774665
"9408","weekly",6083,3315,0,13.6841076031851
"9409","weekly",6083,3316,0,13.8370843381563
"9410","weekly",6083,3317,0,14.0263272950542
"9411","weekly",6083,3318,0,14.2496098968841
"9412","weekly",6083,3319,0,14.5015482278832
"9413","weekly",6083,3320,0,14.7736827316694
"9414","weekly",6083,3321,0,15.0550409501011
"9415","weekly",6083,3322,0,15.3331967930717
"9416","weekly",6083,3323,0,15.5957554389024
"9417","weekly",6083,3324,0,15.8320831195742
"9418","weekly",6083,3325,0,16.0350005565269
"9419","weekly",6083,3326,0,16.2021112187649
"9420","weekly",6083,3327,0,16.3364737720985
"9421","weekly",6083,3328,0,16.4464529766701
"9422","weekly",6083,3329,0,16.5447571304103
"9423","weekly",6083,3330,0,16.6468320625427
"9424","weekly",6083,3331,0,16.7688776688592
"9425","weekly",6083,3332,0,16.9257623423764
"9426","weekly",6083,3333,0,17.1290530353726
"9427","weekly",6083,3334,0,17.3852999441151
"9428","weekly",6083,3335,0,17.6946622439136
"9429","weekly",6083,3336,0,18.0499618376198
"9430","weekly",6083,3337,0,18.43630094119
"9431","weekly",6083,3338,0,18.8314401719836
"9432","weekly",6083,3339,0,19.2071493381518
"9433","weekly",6083,3340,0,19.5316564380773
"9434","weekly",6083,3341,0,19.773105529719
"9435","weekly",6083,3342,0,19.9036259612185
"9436","weekly",6083,3343,0,19.903318058583
"9437","weekly",6083,3344,0,19.7633147418674
"9438","weekly",6083,3345,0,19.4871921956947
"9439","weekly",6083,3346,0,19.0903779057844
"9440","weekly",6083,3347,0,18.5977169563412
"9441","weekly",6083,3348,0,18.039812599658
"9442","weekly",6083,3349,0,17.4489878860186
"9443","weekly",6083,3350,0,16.8556512897776
"9444","weekly",6083,3351,0,16.285627000907
"9445","weekly",6083,3352,0,15.7586430232914
"9446","weekly",6083,3353,0,15.2878874726302
"9447","weekly",6083,3354,0,14.8803932846058
"9448","weekly",6083,3355,0,14.5379585782357
"9449","weekly",6083,3356,0,14.2583457739674
"9450","weekly",6083,3357,0,14.0365193461184
"9451","weekly",6083,3358,0,13.8659934613679
"9452","weekly",6083,3359,0,13.7399550135015
"9453","weekly",6083,3360,0,13.6520914041903
"9454","weekly",6083,3361,0,13.5973021406098
"9455","weekly",6083,3362,0,13.5720552072162
"9456","weekly",6083,3363,0,13.5744131985994
"9457","weekly",6083,3364,0,13.6037438718195
"9458","weekly",6083,3365,0,13.6601707535156
"9459","weekly",6083,3366,0,13.7438545155746
"9460","weekly",6083,3367,0,13.8542184773542
"9461","weekly",6083,3368,0,13.9892407159205
"9462","weekly",6083,3369,0,14.1449334734643
"9463","weekly",6083,3370,0,14.3151198627893
"9464","weekly",6083,3371,0,14.4915960725339
"9465","weekly",6083,3372,0,14.6647278408054
"9466","weekly",6083,3373,0,14.8244666509563
"9467","weekly",6083,3374,0,14.9616855964705
"9468","weekly",6083,3375,0,15.069643041119
"9469","weekly",6083,3376,0,15.1453135166958
"9470","weekly",6083,3377,0,15.1903122197837
"9471","weekly",6083,3378,0,15.2112001628266
"9472","weekly",6083,3379,0,15.2190810970787
"9473","weekly",6083,3380,0,15.2285492768569
"9474","weekly",6083,3381,0,15.2561669940187
"9475","weekly",6083,3382,0,15.3187032086716
"9476","weekly",6083,3383,0,15.431341531832
"9477","weekly",6083,3384,0,15.6059925148147
"9478","weekly",6083,3385,0,15.8497660749708
"9479","weekly",6083,3386,0,16.1636182842194
"9480","weekly",6083,3387,0,16.5412084159325
"9481","weekly",6083,3388,0,16.9680862111563
"9482","weekly",6083,3389,0,17.4214454097091
"9483","weekly",6083,3390,0,17.8707702431129
"9484","weekly",6083,3391,0,18.2796938895481
"9485","weekly",6083,3392,0,18.6092202772852
"9486","weekly",6083,3393,0,18.8221234118973
"9487","weekly",6083,3394,0,18.8879094826116
"9488","weekly",6083,3395,0,18.7873701505305
"9489","weekly",6083,3396,0,18.5156582585187
"9490","weekly",6083,3397,0,18.083086615603
"9491","weekly",6083,3398,0,17.5134292508301
"9492","weekly",6083,3399,0,16.8401773103105
"9493","weekly",6083,3400,0,16.1017021458538
"9494","weekly",6083,3401,0,15.3364862611925
"9495","weekly",6083,3402,0,14.5790883307927
"9496","weekly",6083,3403,0,13.8576458327007
"9497","weekly",6083,3404,0,13.1929303723737
"9498","weekly",6083,3405,0,12.5984144725953
"9499","weekly",6083,3406,0,12.0811867332668
"9500","weekly",6083,3407,0,11.6432542436232
"9501","weekly",6083,3408,0,11.2829232808435
"9502","weekly",6083,3409,0,10.9960619039775
"9503","weekly",6083,3410,0,10.7771446205152
"9504","weekly",6083,3411,0,10.6200445997529
"9505","weekly",6083,3412,0,10.5185745772906
"9506","weekly",6083,3413,0,10.466793320491
"9507","weekly",6083,3414,0,10.4591011576995
"9508","weekly",6083,3415,0,10.4901538103295
"9509","weekly",6083,3416,0,10.5546328933851
"9510","weekly",6083,3417,0,10.646924740111
"9511","weekly",6083,3418,0,10.7607749312883
"9512","weekly",6083,3419,0,10.8890006349247
"9513","weekly",6083,3420,0,11.0233516669541
"9514","weekly",6083,3421,0,11.1546076806262
"9515","weekly",6083,3422,0,11.2729760896182
"9516","weekly",6083,3423,0,11.3688083179586
"9517","weekly",6083,3424,0,11.4335823569272
"9518","weekly",6083,3425,0,11.461019750539
"9519","weekly",6083,3426,0,11.4481384928804
"9520","weekly",6083,3427,0,11.3960179481073
"9521","weekly",6083,3428,0,11.3100875528471
"9522","weekly",6083,3429,0,11.1998460648756
"9523","weekly",6083,3430,0,11.0780449085869
"9524","weekly",6083,3431,0,10.9594837609329
"9525","weekly",6083,3432,0,10.8596285124659
"9526","weekly",6083,3433,0,10.7932533007988
"9527","weekly",6083,3434,0,10.7732411820616
"9528","weekly",6083,3435,0,10.8095855361316
"9529","weekly",6083,3436,0,10.9085553125478
"9530","weekly",6083,3437,0,11.071951595135
"9531","weekly",6083,3438,0,11.2964045992412
"9532","weekly",6083,3439,0,11.5727363185433
"9533","weekly",6083,3440,0,11.8855258066324
"9534","weekly",6083,3441,0,12.2131260863098
"9535","weekly",6083,3442,0,12.528442696057
"9536","weekly",6083,3443,0,12.8007367583341
"9537","weekly",6083,3444,0,12.9985221026
"9538","weekly",6083,3445,0,13.0933023405669
"9539","weekly",6083,3446,0,13.0635331834783
"9540","weekly",6083,3447,0,12.8979512460646
"9541","weekly",6083,3448,0,12.5974283639807
"9542","weekly",6083,3449,0,12.1748372315196
"9543","weekly",6083,3450,0,11.6529494974238
"9544","weekly",6083,3451,0,11.0609208959504
"9545","weekly",6083,3452,0,10.4302391382807
"9546","weekly",6083,3453,0,9.79101887685829
"9547","weekly",6083,3454,0,9.16919292404782
"9548","weekly",6083,3455,0,8.58517972085974
"9549","weekly",6083,3456,0,8.05350197685766
"9550","weekly",6083,3457,0,7.58311611387762
"9551","weekly",6083,3458,0,7.17846760398243
"9552","weekly",6083,3459,0,6.8406289430568
"9553","weekly",6083,3460,0,6.56837950236513
"9554","weekly",6083,3461,0,6.3590995594277
"9555","weekly",6083,3462,0,6.20942768501118
"9556","weekly",6083,3463,0,6.11567967160954
"9557","weekly",6083,3464,0,6.07405228787684
"9558","weekly",6083,3465,0,6.08064469884266
"9559","weekly",6083,3466,0,6.13133293844294
"9560","weekly",6083,3467,0,6.22153513447847
"9561","weekly",6083,3468,0,6.34591163680307
"9562","weekly",6083,3469,0,6.49805641631247
"9563","weekly",6083,3470,0,6.67025240848307
"9564","weekly",6083,3471,0,6.85337824569433
"9565","weekly",6083,3472,0,7.03705750888912
"9566","weekly",6083,3473,0,7.21012275994872
"9567","weekly",6083,3474,0,7.36141658228007
"9568","weekly",6083,3475,0,7.48087183144526
"9569","weekly",6083,3476,0,7.56071994270314
"9570","weekly",6083,3477,0,7.59660093893763
"9571","weekly",6083,3478,0,7.58832742692903
"9572","weekly",6083,3479,0,7.54010908611235
"9573","weekly",6083,3480,0,7.46016577325645
"9574","weekly",6083,3481,0,7.3598064671678
"9575","weekly",6083,3482,0,7.25217291133595
"9576","weekly",6083,3483,0,7.15089773450745
"9577","weekly",6083,3484,0,7.06889585015597
"9578","weekly",6083,3485,0,7.01741781574674
"9579","weekly",6083,3486,0,7.00538597270497
"9580","weekly",6083,3487,0,7.03894796202076
"9581","weekly",6083,3488,0,7.12114131322596
"9582","weekly",6083,3489,0,7.2515729732113
"9583","weekly",6083,3490,0,7.42607177089667
"9584","weekly",6083,3491,0,7.63635536131915
"9585","weekly",6083,3492,0,7.86984551764908
"9586","weekly",6083,3493,0,8.1098382245109
"9587","weekly",6083,3494,0,8.33625210588798
"9588","weekly",6083,3495,0,8.52710682098405
"9589","weekly",6083,3496,0,8.66071094103972
"9590","weekly",6083,3497,0,8.71833654292277
"9591","weekly",6083,3498,0,8.68674357925192
"9592","weekly",6083,3499,0,8.56015714493697
"9593","weekly",6083,3500,0,8.34119510871824
"9594","weekly",6083,3501,0,8.04032726920559
"9595","weekly",6083,3502,0,7.67416179776774
"9596","weekly",6083,3503,0,7.26296779981931
"9597","weekly",6083,3504,0,6.82802284779609
"9598","weekly",6083,3505,0,6.38931831441005
"9599","weekly",6083,3506,0,5.96395923531963
"9600","weekly",6083,3507,0,5.56535739696119
"9601","weekly",6083,3508,0,5.20312247800757
"9602","weekly",6083,3509,0,4.88344893194153
"9603","weekly",6083,3510,0,4.60977399413241
"9604","weekly",6083,3511,0,4.38351675801096
"9605","weekly",6083,3512,0,4.20476658959524
"9606","weekly",6083,3513,0,4.07284627258196
"9607","weekly",6083,3514,0,3.98671828664374
"9608","weekly",6083,3515,0,3.94522856950061
"9609","weekly",6083,3516,0,3.94719401255134
"9610","weekly",6083,3517,0,3.99134337142459
"9611","weekly",6083,3518,0,4.07612240876188
"9612","weekly",6083,3519,0,4.199378766265
"9613","weekly",6083,3520,0,4.35795513025369
"9614","weekly",6083,3521,0,4.54724335315404
"9615","weekly",6083,3522,0,4.76078566160868
"9616","weekly",6083,3523,0,4.99004340602551
"9617","weekly",6083,3524,0,5.22447249686229
"9618","weekly",6083,3525,0,5.45202634844463
"9619","weekly",6083,3526,0,5.66013500947156
"9620","weekly",6083,3527,0,5.83708498431952
"9621","weekly",6083,3528,0,5.97357919477508
"9622","weekly",6083,3529,0,6.06414738402236
"9623","weekly",6083,3530,0,6.10806257760851
"9624","weekly",6083,3531,0,6.10952456630184
"9625","weekly",6083,3532,0,6.07706661825068
"9626","weekly",6083,3533,0,6.02235018933425
"9627","weekly",6083,3534,0,5.9586508324428
"9628","weekly",6083,3535,0,5.89936058837338
"9629","weekly",6083,3536,0,5.85674824230955
"9630","weekly",6083,3537,0,5.84108126588399
"9631","weekly",6083,3538,0,5.86008308356395
"9632","weekly",6083,3539,0,5.91861841597711
"9633","weekly",6083,3540,0,6.01848134337342
"9634","weekly",6083,3541,0,6.15819705047761
"9635","weekly",6083,3542,0,6.33282005146611
"9636","weekly",6083,3543,0,6.53379666621913
"9637","weekly",6083,3544,0,6.74903278960846
"9638","weekly",6083,3545,0,6.96334181187558
"9639","weekly",6083,3546,0,7.15941565166577
"9640","weekly",6083,3547,0,7.31935195473488
"9641","weekly",6083,3548,0,7.42660003289348
"9642","weekly",6083,3549,0,7.46801103657344
"9643","weekly",6083,3550,0,7.43552683896269
"9644","weekly",6083,3551,0,7.32728085076087
"9645","weekly",6083,3552,0,7.14766241578036
"9646","weekly",6083,3553,0,6.90635477128671
"9647","weekly",6083,3554,0,6.61681066808524
"9648","weekly",6083,3555,0,6.29438787870458
"9649","weekly",6083,3556,0,5.95457960103522
"9650","weekly",6083,3557,0,5.61152956241858
"9651","weekly",6083,3558,0,5.27730487691588
"9652","weekly",6083,3559,0,4.96163416164927
"9653","weekly",6083,3560,0,4.6718031282071
"9654","weekly",6083,3561,0,4.41291464227834
"9655","weekly",6083,3562,0,4.18835772792227
"9656","weekly",6083,3563,0,4.00027831335319
"9657","weekly",6083,3564,0,3.84999854807393
"9658","weekly",6083,3565,0,3.73835341553786
"9659","weekly",6083,3566,0,3.66593050723895
"9660","weekly",6083,3567,0,3.63320738327457
"9661","weekly",6083,3568,0,3.64058220142033
"9662","weekly",6083,3569,0,3.6882907684776
"9663","weekly",6083,3570,0,3.77620142832166
"9664","weekly",6083,3571,0,3.90348348568659
"9665","weekly",6083,3572,0,4.06816053364309
"9666","weekly",6083,3573,0,4.26659111541812
"9667","weekly",6083,3574,0,4.49296515138121
"9668","weekly",6083,3575,0,4.7389563366014
"9669","weekly",6083,3576,0,4.99370731809177
"9670","weekly",6083,3577,0,5.24431577490759
"9671","weekly",6083,3578,0,5.47690865592449
"9672","weekly",6083,3579,0,5.67823590122862
"9673","weekly",6083,3580,0,5.83752301687491
"9674","weekly",6083,3581,0,5.94817179394886
"9675","weekly",6083,3582,0,6.00887301412877
"9676","weekly",6083,3583,0,6.02383044184535
"9677","weekly",6083,3584,0,6.0020486858557
"9678","weekly",6083,3585,0,5.9559020503948
"9679","weekly",6083,3586,0,5.89936645815033
"9680","weekly",6083,3587,0,5.8463080493093
"9681","weekly",6083,3588,0,5.80910423348541
"9682","weekly",6083,3589,0,5.7977006676083
"9683","weekly",6083,3590,0,5.81905864190776
"9684","weekly",6083,3591,0,5.87686787472921
"9685","weekly",6083,3592,0,5.97139733374934
"9686","weekly",6083,3593,0,6.09941257329774
"9687","weekly",6083,3594,0,6.25420290636248
"9688","weekly",6083,3595,0,6.42568938355544
"9689","weekly",6083,3596,0,6.60090098081855
"9690","weekly",6083,3597,0,6.76494558822014
"9691","weekly",6083,3598,0,6.90234728314681
"9692","weekly",6083,3599,0,6.9987547310011
"9693","weekly",6083,3600,0,7.04271422693273
"9694","weekly",6083,3601,0,7.02713847212726
"9695","weekly",6083,3602,0,6.95012820276315
"9696","weekly",6083,3603,0,6.81495597973117
"9697","weekly",6083,3604,0,6.62924565709545
"9698","weekly",6083,3605,0,6.40358782085241
"9699","weekly",6083,3606,0,6.14994366341853
"9700","weekly",6083,3607,0,5.88018005207414
"9701","weekly",6083,3608,0,5.6049743911426
"9702","weekly",6083,3609,0,5.33318652416347
"9703","weekly",6083,3610,0,5.07167033510632
"9704","weekly",6083,3611,0,4.82541976339417
"9705","weekly",6083,3612,0,4.59791619761381
"9706","weekly",6083,3613,0,4.39155378210125
"9707","weekly",6083,3614,0,4.20804866304388
"9708","weekly",6083,3615,0,4.04877332175965
"9709","weekly",6083,3616,0,3.91498896176927
"9710","weekly",6083,3617,0,3.8079729337187
"9711","weekly",6083,3618,0,3.7290526573197
"9712","weekly",6083,3619,0,3.67956246933318
"9713","weekly",6083,3620,0,3.66073688719189
"9714","weekly",6083,3621,0,3.67354613202042
"9715","weekly",6083,3622,0,3.71847198938485
"9716","weekly",6083,3623,0,3.79521958591067
"9717","weekly",6083,3624,0,3.90236863243626
"9718","weekly",6083,3625,0,4.03698968238314
"9719","weekly",6083,3626,0,4.19428658130346
"9720","weekly",6083,3627,0,4.36736815120094
"9721","weekly",6083,3628,0,4.54728359021829
"9722","weekly",6083,3629,0,4.72345283228788
"9723","weekly",6083,3630,0,4.8845625812537
"9724","weekly",6083,3631,0,5.01987636458944
"9725","weekly",6083,3632,0,5.12075167964213
"9726","weekly",6083,3633,0,5.18203135346994
"9727","weekly",6083,3634,0,5.20294924278278
"9728","weekly",6083,3635,0,5.18729681469267
"9729","weekly",6083,3636,0,5.14280574687291
"9730","weekly",6083,3637,0,5.07992500928231
"9731","weekly",6083,3638,0,5.01031365609379
"9732","weekly",6083,3639,0,4.94538350575021
"9733","weekly",6083,3640,0,4.89512701833155
"9734","weekly",6083,3641,0,4.86731888528448
"9735","weekly",6083,3642,0,4.86705335887382
"9736","weekly",6083,3643,0,4.89651433267863
"9737","weekly",6083,3644,0,4.95487831815262
"9738","weekly",6083,3645,0,5.03830389367067
"9739","weekly",6083,3646,0,5.14003579923883
"9740","weekly",6083,3647,0,5.250667997665
"9741","weekly",6083,3648,0,5.35886424066848
"9742","weekly",6083,3649,0,5.45238560656435
"9743","weekly",6083,3650,0,5.51937137311324
"9744","weekly",6083,3651,0,5.54992321063764
"9745","weekly",6083,3652,0,5.53750389674678
"9746","weekly",6083,3653,0,5.47985578066437
"9747","weekly",6083,3654,0,5.37919539079303
"9748","weekly",6083,3655,0,5.24163628363749
"9749","weekly",6083,3656,0,5.07600844380795
"9750","weekly",6083,3657,0,4.89238933514571
"9751","weekly",6083,3658,0,4.7006888150645
"9752","weekly",6083,3659,0,4.50954845306114
"9753","weekly",6083,3660,0,4.32568009736133
"9754","weekly",6083,3661,0,4.1536401383637
"9755","weekly",6083,3662,0,3.99595289316494
"9756","weekly",6083,3663,0,3.85346562610357
"9757","weekly",6083,3664,0,3.72582415406941
"9758","weekly",6083,3665,0,3.61198089597747
"9759","weekly",6083,3666,0,3.51067095019971
"9760","weekly",6083,3667,0,3.42080991042894
"9761","weekly",6083,3668,0,3.34178074923693
"9762","weekly",6083,3669,0,3.27359029470244
"9763","weekly",6083,3670,0,3.21689126521233
"9764","weekly",6083,3671,0,3.17288246256066
"9765","weekly",6083,3672,0,3.14311344118323
"9766","weekly",6083,3673,0,3.12922644414357
"9767","weekly",6083,3674,0,3.13266619728529
"9768","weekly",6083,3675,0,3.15438012339291
"9769","weekly",6083,3676,0,3.19452378357528
"9770","weekly",6083,3677,0,3.25218548404519
"9771","weekly",6083,3678,0,3.32515399495605
"9772","weekly",6083,3679,0,3.40977296209894
"9773","weekly",6083,3680,0,3.5009468710341
"9774","weekly",6083,3681,0,3.59237215653411
"9775","weekly",6083,3682,0,3.67704700250761
"9776","weekly",6083,3683,0,3.74805491795996
"9777","weekly",6083,3684,0,3.79952795169083
"9778","weekly",6083,3685,0,3.8276056452014
"9779","weekly",6083,3686,0,3.83115976801491
"9780","weekly",6083,3687,0,3.81208739470458
"9781","weekly",6083,3688,0,3.77508593982202
"9782","weekly",6083,3689,0,3.72697105258703
"9783","weekly",6083,3690,0,3.67573286106926
"9784","weekly",6083,3691,0,3.6294943811954
"9785","weekly",6083,3692,0,3.59563302018796
"9786","weekly",6083,3693,0,3.58015419350704
"9787","weekly",6083,3694,0,3.58724009734578
"9788","weekly",6083,3695,0,3.6189719234535
"9789","weekly",6083,3696,0,3.67513780083391
"9790","weekly",6083,3697,0,3.75309041782748
"9791","weekly",6083,3698,0,3.84768189734314
"9792","weekly",6083,3699,0,3.95136885260581
"9793","weekly",6083,3700,0,4.05461683159228
"9794","weekly",6083,3701,0,4.14671027750592
"9795","weekly",6083,3702,0,4.21697579260217
"9796","weekly",6083,3703,0,4.25627026797156
"9797","weekly",6083,3704,0,4.25843067152891
"9798","weekly",6083,3705,0,4.22131133737275
"9799","weekly",6083,3706,0,4.14710615901276
"9800","weekly",6083,3707,0,4.04185632566805
"9801","weekly",6083,3708,0,3.91429340853938
"9802","weekly",6083,3709,0,3.77434975368669
"9803","weekly",6083,3710,0,3.63171109708492
"9804","weekly",6083,3711,0,3.49469576132833
"9805","weekly",6083,3712,0,3.36958734382642
"9806","weekly",6083,3713,0,3.26040175269009
"9807","weekly",6083,3714,0,3.1689832987322
"9808","weekly",6083,3715,0,3.09530678295414
"9809","weekly",6083,3716,0,3.03788337516016
"9810","weekly",6083,3717,0,2.99421159693156
"9811","weekly",6083,3718,0,2.96124565639184
"9812","weekly",6083,3719,0,2.93586291588144
"9813","weekly",6083,3720,0,2.9153059378441
"9814","weekly",6083,3721,0,2.89755908458028
"9815","weekly",6083,3722,0,2.88160987591255
"9816","weekly",6083,3723,0,2.86755189660471
"9817","weekly",6083,3724,0,2.85651067458093
"9818","weekly",6083,3725,0,2.85040802994627
"9819","weekly",6083,3726,0,2.85160987268318
"9820","weekly",6083,3727,0,2.86251603174605
"9821","weekly",6083,3728,0,2.88514623508672
"9822","weekly",6083,3729,0,2.92076120336424
"9823","weekly",6083,3730,0,2.96954392961925
"9824","weekly",6083,3731,0,3.03036328908638
"9825","weekly",6083,3732,0,3.10065239825053
"9826","weekly",6083,3733,0,3.17645042773802
"9827","weekly",6083,3734,0,3.25266389665194
"9828","weekly",6083,3735,0,3.32358468006714
"9829","weekly",6083,3736,0,3.38364738665405
"9830","weekly",6083,3737,0,3.4283268811123
"9831","weekly",6083,3738,0,3.45499825844308
"9832","weekly",6083,3739,0,3.46354904017062
"9833","weekly",6083,3740,0,3.45657658256823
"9834","weekly",6083,3741,0,3.43911595860845
"9835","weekly",6083,3742,0,3.41797861436498
"9836","weekly",6083,3743,0,3.40085597481811
"9837","weekly",6083,3744,0,3.39547403302277
"9838","weekly",6083,3745,0,3.40882757713553
"9839","weekly",6083,3746,0,3.44653861541883
"9840","weekly",6083,3747,0,3.51241231191671
"9841","weekly",6083,3748,0,3.60802586236969
"9842","weekly",6083,3749,0,3.73231229552766
"9843","weekly",6083,3750,0,3.88114886314725
"9844","weekly",6083,3751,0,4.04706050473033
"9845","weekly",6083,3752,0,4.21924494829727
"9846","weekly",6083,3753,0,4.38416426576441
"9847","weekly",6083,3754,0,4.52687197073828
"9848","weekly",6083,3755,0,4.63303135239403
"9849","weekly",6083,3756,0,4.69128090253798
"9850","weekly",6083,3757,0,4.69535129721044
"9851","weekly",6083,3758,0,4.64529412658885
"9852","weekly",6083,3759,0,4.5474189312954
"9853","weekly",6083,3760,0,4.41296544708894
"9854","weekly",6083,3761,0,4.25595273543149
"9855","weekly",6083,3762,0,4.09084817240364
"9856","weekly",6083,3763,0,3.93062499444932
"9857","weekly",6083,3764,0,3.78551800787682
"9858","weekly",6083,3765,0,3.66250109640532
"9859","weekly",6083,3766,0,3.56531938165426
"9860","weekly",6083,3767,0,3.49484654475236
"9861","weekly",6083,3768,0,3.4495839466399
"9862","weekly",6083,3769,0,3.42619978342555
"9863","weekly",6083,3770,0,3.42008412501309
"9864","weekly",6083,3771,0,3.42594006005675
"9865","weekly",6083,3772,0,3.43842730656615
"9866","weekly",6083,3773,0,3.45283454580931
"9867","weekly",6083,3774,0,3.46570371193229
"9868","weekly",6083,3775,0,3.47529435707838
"9869","weekly",6083,3776,0,3.48178336402634
"9870","weekly",6083,3777,0,3.4871480007132
"9871","weekly",6083,3778,0,3.49475686613005
"9872","weekly",6083,3779,0,3.50875890627503
"9873","weekly",6083,3780,0,3.53338851142325
"9874","weekly",6083,3781,0,3.57229078156524
"9875","weekly",6083,3782,0,3.62793363037053
"9876","weekly",6083,3783,0,3.70113951220992
"9877","weekly",6083,3784,0,3.79075921542244
"9878","weekly",6083,3785,0,3.89352675245027
"9879","weekly",6083,3786,0,4.00416309948196
"9880","weekly",6083,3787,0,4.11582480184734
"9881","weekly",6083,3788,0,4.22088539111428
"9882","weekly",6083,3789,0,4.3120836855378
"9883","weekly",6083,3790,0,4.3838708261901
"9884","weekly",6083,3791,0,4.43359357820009
"9885","weekly",6083,3792,0,4.46226736070821
"9886","weekly",6083,3793,0,4.47470895972219
"9887","weekly",6083,3794,0,4.47900308953831
"9888","weekly",6083,3795,0,4.48547206184594
"9889","weekly",6083,3796,0,4.50542701361701
"9890","weekly",6083,3797,0,4.54996049357578
"9891","weekly",6083,3798,0,4.62892139935866
"9892","weekly",6083,3799,0,4.75006533405394
"9893","weekly",6083,3800,0,4.91826782410499
"9894","weekly",6083,3801,0,5.1346691189101
"9895","weekly",6083,3802,0,5.39570164756151
"9896","weekly",6083,3803,0,5.69212272399454
"9897","weekly",6083,3804,0,6.00839240042842
"9898","weekly",6083,3805,0,6.32291054603411
"9899","weekly",6083,3806,0,6.60962691390887
"9900","weekly",6083,3807,0,6.84124430784141
"9901","weekly",6083,3808,0,6.99364964984125
"9902","weekly",6083,3809,0,7.0505422030692
"9903","weekly",6083,3810,0,7.00685577432159
"9904","weekly",6083,3811,0,6.86980076774489
"9905","weekly",6083,3812,0,6.65716321146465
"9906","weekly",6083,3813,0,6.39349353435682
"9907","weekly",6083,3814,0,6.10547617741395
"9908","weekly",6083,3815,0,5.81780531740515
"9909","weekly",6083,3816,0,5.55040683632251
"9910","weekly",6083,3817,0,5.31719398440327
"9911","weekly",6083,3818,0,5.12605217719101
"9912","weekly",6083,3819,0,4.9795538848557
"9913","weekly",6083,3820,0,4.87596091275918
"9914","weekly",6083,3821,0,4.81025064608548
"9915","weekly",6083,3822,0,4.77508714448777
"9916","weekly",6083,3823,0,4.76177653504419
"9917","weekly",6083,3824,0,4.76127369949245
"9918","weekly",6083,3825,0,4.76525322141242
"9919","weekly",6083,3826,0,4.76715918409172
"9920","weekly",6083,3827,0,4.7630617247487
"9921","weekly",6083,3828,0,4.7521272105223
"9922","weekly",6083,3829,0,4.73657625730266
"9923","weekly",6083,3830,0,4.7211336264445
"9924","weekly",6083,3831,0,4.71210425032768
"9925","weekly",6083,3832,0,4.71628018340562
"9926","weekly",6083,3833,0,4.73987212846987
"9927","weekly",6083,3834,0,4.78759062531753
"9928","weekly",6083,3835,0,4.86192537948955
"9929","weekly",6083,3836,0,4.96263007639209
"9930","weekly",6083,3837,0,5.08643124712398
"9931","weekly",6083,3838,0,5.22702874327661
"9932","weekly",6083,3839,0,5.37550272347289
"9933","weekly",6083,3840,0,5.52119958572439
"9934","weekly",6083,3841,0,5.6532645028492
"9935","weekly",6083,3842,0,5.76248385943472
"9936","weekly",6083,3843,0,5.8430699344317
"9937","weekly",6083,3844,0,5.89411639576429
"9938","weekly",6083,3845,0,5.92018012568587
"9939","weekly",6083,3846,0,5.93086749009672
"9940","weekly",6083,3847,0,5.9395756573067
"9941","weekly",6083,3848,0,5.96176438644761
"9942","weekly",6083,3849,0,6.01317378770909
"9943","weekly",6083,3850,0,6.10826540677226
"9944","weekly",6083,3851,0,6.25894200714538
"9945","weekly",6083,3852,0,6.47341180822696
"9946","weekly",6083,3853,0,6.7549891321687
"9947","weekly",6083,3854,0,7.10070093962713
"9948","weekly",6083,3855,0,7.49979260654072
"9949","weekly",6083,3856,0,7.93254868013901
"9950","weekly",6083,3857,0,8.37015205065836
"9951","weekly",6083,3858,0,8.77640784677351
"9952","weekly",6083,3859,0,9.11184739955934
"9953","weekly",6083,3860,0,9.33993063765229
"9954","weekly",6083,3861,0,9.4340194799006
"9955","weekly",6083,3862,0,9.3830476567673
"9956","weekly",6083,3863,0,9.19392181723379
"9957","weekly",6083,3864,0,8.88977526605595
"9958","weekly",6083,3865,0,8.50474658200983
"9959","weekly",6083,3866,0,8.07713580288691
"9960","weekly",6083,3867,0,7.64303315192228
"9961","weekly",6083,3868,0,7.23187042388599
"9962","weekly",6083,3869,0,6.86433233795105
"9963","weekly",6083,3870,0,6.55223856857629
"9964","weekly",6083,3871,0,6.29963683924871
"9965","weekly",6083,3872,0,6.10439118603244
"9966","weekly",6083,3873,0,5.95981007383671
"9967","weekly",6083,3874,0,5.85614383476786
"9968","weekly",6083,3875,0,5.78197378129698
"9969","weekly",6083,3876,0,5.7255769520707
"9970","weekly",6083,3877,0,5.67629593313904
"9971","weekly",6083,3878,0,5.62582519181888
"9972","weekly",6083,3879,0,5.56921859370777
"9973","weekly",6083,3880,0,5.50539715128252
"9974","weekly",6083,3881,0,5.43702060196665
"9975","weekly",6083,3882,0,5.36974784030463
"9976","weekly",6083,3883,0,5.31110236584209
"9977","weekly",6083,3884,0,5.26907783772913
"9978","weekly",6083,3885,0,5.25089317635866
"9979","weekly",6083,3886,0,5.26203379858634
"9980","weekly",6083,3887,0,5.30545708013233
"9981","weekly",6083,3888,0,5.38107664746349
"9982","weekly",6083,3889,0,5.48547867944581
"9983","weekly",6083,3890,0,5.61191710326239
"9984","weekly",6083,3891,0,5.75070111936657
"9985","weekly",6083,3892,0,5.89010593135026
"9986","weekly",6083,3893,0,6.01785958037362
"9987","weekly",6083,3894,0,6.12307990161935
"9988","weekly",6083,3895,0,6.1983151017921
"9989","weekly",6083,3896,0,6.24119289626833
"9990","weekly",6083,3897,0,6.25521469823434
"9991","weekly",6083,3898,0,6.24946566598373
"9992","weekly",6083,3899,0,6.23735029782983
"9993","weekly",6083,3900,0,6.23473966569873
"9994","weekly",6083,3901,0,6.25800112230354
"9995","weekly",6083,3902,0,6.32226007265854
"9996","weekly",6083,3903,0,6.44000876549399
"9997","weekly",6083,3904,0,6.6199581620167
"9998","weekly",6083,3905,0,6.86592364142416
"9999","weekly",6083,3906,0,7.17558557473239
"10000","weekly",6083,3907,0,7.5391657341097
"10001","weekly",6083,3908,0,7.9383620552253
"10002","weekly",6083,3909,0,8.34618308881181
"10003","weekly",6083,3910,0,8.72844775911653
"10004","weekly",6083,3911,0,9.04747146676527
"10005","weekly",6083,3912,0,9.26776236001751
"10006","weekly",6083,3913,0,9.36258902354166
"10007","weekly",6083,3914,0,9.31953463610262
"10008","weekly",6083,3915,0,9.14315330807585
"10009","weekly",6083,3916,0,8.85376254256698
"10010","weekly",6083,3917,0,8.48283126266324
"10011","weekly",6083,3918,0,8.0665962852654
"10012","weekly",6083,3919,0,7.63988417771179
"10013","weekly",6083,3920,0,7.23160363078932
"10014","weekly",6083,3921,0,6.86244788553449
"10015","weekly",6083,3922,0,6.54453447676497
"10016","weekly",6083,3923,0,6.28230556845665
"10017","weekly",6083,3924,0,6.07400534089538
"10018","weekly",6083,3925,0,5.91327183891553
"10019","weekly",6083,3926,0,5.79065144687775
"10020","weekly",6083,3927,0,5.69503013067879
"10021","weekly",6083,3928,0,5.61503805246321
"10022","weekly",6083,3929,0,5.54043711614213
"10023","weekly",6083,3930,0,5.46339226388955
"10024","weekly",6083,3931,0,5.37943204533076
"10025","weekly",6083,3932,0,5.28788967302535
"10026","weekly",6083,3933,0,5.19170789720374
"10027","weekly",6083,3934,0,5.09665340950596
"10028","weekly",6083,3935,0,5.01013987581246
"10029","weekly",6083,3936,0,4.93988482814166
"10030","weekly",6083,3937,0,4.89281642995775
"10031","weekly",6083,3938,0,4.87414130018442
"10032","weekly",6083,3939,0,4.88660009231535
"10033","weekly",6083,3940,0,4.93009164114483
"10034","weekly",6083,3941,0,5.00145961117232
"10035","weekly",6083,3942,0,5.09450927199214
"10036","weekly",6083,3943,0,5.20034613055759
"10037","weekly",6083,3944,0,5.30815542754135
"10038","weekly",6083,3945,0,5.40648510807659
"10039","weekly",6083,3946,0,5.48494476795895
"10040","weekly",6083,3947,0,5.53603529123939
"10041","weekly",6083,3948,0,5.55667627922958
"10042","weekly",6083,3949,0,5.54900268220808
"10043","weekly",6083,3950,0,5.52019203515374
"10044","weekly",6083,3951,0,5.4813850116916
"10045","weekly",6083,3952,0,5.44602811621735
"10046","weekly",6083,3953,0,5.42807246960001
"10047","weekly",6083,3954,0,5.44037868245505
"10048","weekly",6083,3955,0,5.49347782344557
"10049","weekly",6083,3956,0,5.59463732229779
"10050","weekly",6083,3957,0,5.74706932526897
"10051","weekly",6083,3958,0,5.94913596450351
"10052","weekly",6083,3959,0,6.1935429868754
"10053","weekly",6083,3960,0,6.4667274376261
"10054","weekly",6083,3961,0,6.74885814165464
"10055","weekly",6083,3962,0,7.01496182320989
"10056","weekly",6083,3963,0,7.2375338873826
"10057","weekly",6083,3964,0,7.39053374444484
"10058","weekly",6083,3965,0,7.45401709986618
"10059","weekly",6083,3966,0,7.41813417643425
"10060","weekly",6083,3967,0,7.2851813659654
"10061","weekly",6083,3968,0,7.06897343485616
"10062","weekly",6083,3969,0,6.79176203842508
"10063","weekly",6083,3970,0,6.47976565279532
"10064","weekly",6083,3971,0,6.15868215542287
"10065","weekly",6083,3972,0,5.85026535025099
"10066","weekly",6083,3973,0,5.57042986611486
"10067","weekly",6083,3974,0,5.32876678442699
"10068","weekly",6083,3975,0,5.12903046424617
"10069","weekly",6083,3976,0,4.97011604029103
"10070","weekly",6083,3977,0,4.84719312697416
"10071","weekly",6083,3978,0,4.75284137352719
"10072","weekly",6083,3979,0,4.67817233200185
"10073","weekly",6083,3980,0,4.61399359651841
"10074","weekly",6083,3981,0,4.55192883644486
"10075","weekly",6083,3982,0,4.48550928468467
"10076","weekly",6083,3983,0,4.41105755712488
"10077","weekly",6083,3984,0,4.32807473454159
"10078","weekly",6083,3985,0,4.23910775640979
"10079","weekly",6083,3986,0,4.1491057901294
"10080","weekly",6083,3987,0,4.06443244725233
"10081","weekly",6083,3988,0,3.99176798996632
"10082","weekly",6083,3989,0,3.93711117139901
"10083","weekly",6083,3990,0,3.90500171779422
"10084","weekly",6083,3991,0,3.89798615360633
"10085","weekly",6083,3992,0,3.91628908383427
"10086","weekly",6083,3993,0,3.95764874713495
"10087","weekly",6083,3994,0,4.01731949677924
"10088","weekly",6083,3995,0,4.08830369406496
"10089","weekly",6083,3996,0,4.16191015930963
"10090","weekly",6083,3997,0,4.2287080308306
"10091","weekly",6083,3998,0,4.27983821596717
"10092","weekly",6083,3999,0,4.30848651670385
"10093","weekly",6083,4000,0,4.31118556446745
"10094","weekly",6083,4001,0,4.28858427115483
"10095","weekly",6083,4002,0,4.24544826778583
"10096","weekly",6083,4003,0,4.18989156957832
"10097","weekly",6083,4004,0,4.13207582916948
"10098","weekly",6083,4005,0,4.0827350106847
"10099","weekly",6083,4006,0,4.05184665613342
"10100","weekly",6083,4007,0,4.04762093952741
"10101","weekly",6083,4008,0,4.07580706273438
"10102","weekly",6083,4009,0,4.13920370716369
"10103","weekly",6083,4010,0,4.23724349407712
"10104","weekly",6083,4011,0,4.36559636480524
"10105","weekly",6083,4012,0,4.51587199751521
"10106","weekly",6083,4013,0,4.67564549457165
"10107","weekly",6083,4014,0,4.82911238848465
"10108","weekly",6083,4015,0,4.95861914104898
"10109","weekly",6083,4016,0,5.04706815059762
"10110","weekly",6083,4017,0,5.08081108855549
"10111","weekly",6083,4018,0,5.05229179444723
"10112","weekly",6083,4019,0,4.96160374462488
"10113","weekly",6083,4020,0,4.81641148141352
"10114","weekly",6083,4021,0,4.6302518810262
"10115","weekly",6083,4022,0,4.41979350562906
"10116","weekly",6083,4023,0,4.2019063718617
"10117","weekly",6083,4024,0,3.99128682192531
"10118","weekly",6083,4025,0,3.79902192257578
"10119","weekly",6083,4026,0,3.63209067613934
"10120","weekly",6083,4027,0,3.49355361872585
"10121","weekly",6083,4028,0,3.38312142109498
"10122","weekly",6083,4029,0,3.29786421073368
"10123","weekly",6083,4030,0,3.23294282265124
"10124","weekly",6083,4031,0,3.18234327624668
"10125","weekly",6083,4032,0,3.13964025175665
"10126","weekly",6083,4033,0,3.09877481838339
"10127","weekly",6083,4034,0,3.05488706889446
"10128","weekly",6083,4035,0,3.0049720655079
"10129","weekly",6083,4036,0,2.94821829299326
"10130","weekly",6083,4037,0,2.88603923868504
"10131","weekly",6083,4038,0,2.82170031114947
"10132","weekly",6083,4039,0,2.75966213687207
"10133","weekly",6083,4040,0,2.70480417920044
"10134","weekly",6083,4041,0,2.66169071625336
"10135","weekly",6083,4042,0,2.63398352943477
"10136","weekly",6083,4043,0,2.62402991155977
"10137","weekly",6083,4044,0,2.6325994336803
"10138","weekly",6083,4045,0,2.65872911253246
"10139","weekly",6083,4046,0,2.69966282005771
"10140","weekly",6083,4047,0,2.7509185957897
"10141","weekly",6083,4048,0,2.80655860653496
"10142","weekly",6083,4049,0,2.85973997326801
"10143","weekly",6083,4050,0,2.90356877935119
"10144","weekly",6083,4051,0,2.9321683619055
"10145","weekly",6083,4052,0,2.94174814879079
"10146","weekly",6083,4053,0,2.93138970487053
"10147","weekly",6083,4054,0,2.90330940228887
"10148","weekly",6083,4055,0,2.86251210805494
"10149","weekly",6083,4056,0,2.815947975585
"10150","weekly",6083,4057,0,2.77142612010357
"10151","weekly",6083,4058,0,2.73656113789184
"10152","weekly",6083,4059,0,2.71793922889628
"10153","weekly",6083,4060,0,2.7205534078239
"10154","weekly",6083,4061,0,2.74744355821167
"10155","weekly",6083,4062,0,2.7994300252758
"10156","weekly",6083,4063,0,2.87485631753225
"10157","weekly",6083,4064,0,2.96934030012926
"10158","weekly",6083,4065,0,3.07564332915354
"10159","weekly",6083,4066,0,3.18385951413075
"10160","weekly",6083,4067,0,3.2821463814762
"10161","weekly",6083,4068,0,3.35811180848395
"10162","weekly",6083,4069,0,3.4007338755182
"10163","weekly",6083,4070,0,3.40240001940401
"10164","weekly",6083,4071,0,3.36046598572284
"10165","weekly",6083,4072,0,3.2777989692695
"10166","weekly",6083,4073,0,3.1620993418328
"10167","weekly",6083,4074,0,3.02423671816359
"10168","weekly",6083,4075,0,2.87615648002247
"10169","weekly",6083,4076,0,2.72898304040427
"10170","weekly",6083,4077,0,2.5916457879066
"10171","weekly",6083,4078,0,2.47025665911497
"10172","weekly",6083,4079,0,2.36801866948372
"10173","weekly",6083,4080,0,2.28568343236111
"10174","weekly",6083,4081,0,2.22201569439494
"10175","weekly",6083,4082,0,2.17420190907433
"10176","weekly",6083,4083,0,2.13836743045249
"10177","weekly",6083,4084,0,2.11010636104038
"10178","weekly",6083,4085,0,2.08503411361016
"10179","weekly",6083,4086,0,2.05935574512114
"10180","weekly",6083,4087,0,2.03038805126562
"10181","weekly",6083,4088,0,1.99693540445878
"10182","weekly",6083,4089,0,1.95942470795126
"10183","weekly",6083,4090,0,1.91975898807868
"10184","weekly",6083,4091,0,1.88092864988721
"10185","weekly",6083,4092,0,1.846484457521
"10186","weekly",6083,4093,0,1.8199958455225
"10187","weekly",6083,4094,0,1.80458867075504
"10188","weekly",6083,4095,0,1.80260049755452
"10189","weekly",6083,4096,0,1.81534043722786
"10190","weekly",6083,4097,0,1.84291721950285
"10191","weekly",6083,4098,0,1.88411017600447
"10192","weekly",6083,4099,0,1.93629531867919
"10193","weekly",6083,4100,0,1.99548461739323
"10194","weekly",6083,4101,0,2.05656586412806
"10195","weekly",6083,4102,0,2.11381667570095
"10196","weekly",6083,4103,0,2.16169414360775
"10197","weekly",6083,4104,0,2.19578537621419
"10198","weekly",6083,4105,0,2.21369449284975
"10199","weekly",6083,4106,0,2.21560640484677
"10200","weekly",6083,4107,0,2.20434685709188
"10201","weekly",6083,4108,0,2.18492573290132
"10202","weekly",6083,4109,0,2.16372236452298
"10203","weekly",6083,4110,0,2.14755995856831
"10204","weekly",6083,4111,0,2.14288790375576
"10205","weekly",6083,4112,0,2.15518012747634
"10206","weekly",6083,4113,0,2.18853313985164
"10207","weekly",6083,4114,0,2.24536637228448
"10208","weekly",6083,4115,0,2.32611487526447
"10209","weekly",6083,4116,0,2.42885810654843
"10210","weekly",6083,4117,0,2.54893145317328
"10211","weekly",6083,4118,0,2.67869010739378
"10212","weekly",6083,4119,0,2.80768876062939
"10213","weekly",6083,4120,0,2.92353590732091
"10214","weekly",6083,4121,0,3.01351851056097
"10215","weekly",6083,4122,0,3.06678093981463
"10216","weekly",6083,4123,0,3.07650622376241
"10217","weekly",6083,4124,0,3.04139129247051
"10218","weekly",6083,4125,0,2.96587889132206
"10219","weekly",6083,4126,0,2.8590620829782
"10220","weekly",6083,4127,0,2.73267401519115
"10221","weekly",6083,4128,0,2.59884787807823
"10222","weekly",6083,4129,0,2.46825169579824
"10223","weekly",6083,4130,0,2.34901071697823
"10224","weekly",6083,4131,0,2.24631792094442
"10225","weekly",6083,4132,0,2.16254094897886
"10226","weekly",6083,4133,0,2.09766838012729
"10227","weekly",6083,4134,0,2.04982683178969
"10228","weekly",6083,4135,0,2.01579934699112
"10229","weekly",6083,4136,0,1.99153741166811
"10230","weekly",6083,4137,0,1.97269508268801
"10231","weekly",6083,4138,0,1.95519929437432
"10232","weekly",6083,4139,0,1.93582089396659
"10233","weekly",6083,4140,0,1.91265756537905
"10234","weekly",6083,4141,0,1.88541833462659
"10235","weekly",6083,4142,0,1.85543112485902
"10236","weekly",6083,4143,0,1.82537049823441
"10237","weekly",6083,4144,0,1.79878470971016
"10238","weekly",6083,4145,0,1.77954721625429
"10239","weekly",6083,4146,0,1.77134823793313
"10240","weekly",6083,4147,0,1.77728978573577
"10241","weekly",6083,4148,0,1.79958550186711
"10242","weekly",6083,4149,0,1.83932599192485
"10243","weekly",6083,4150,0,1.89626732928446
"10244","weekly",6083,4151,0,1.96863474140991
"10245","weekly",6083,4152,0,2.05299178272253
"10246","weekly",6083,4153,0,2.14428303600289
"10247","weekly",6083,4154,0,2.23618138994789
"10248","weekly",6083,4155,0,2.32182508727419
"10249","weekly",6083,4156,0,2.39490408753045
"10250","weekly",6083,4157,0,2.45088750642026
"10251","weekly",6083,4158,0,2.48805996793089
"10252","weekly",6083,4159,0,2.50804321450414
"10253","weekly",6083,4160,0,2.51564244463225
"10254","weekly",6083,4161,0,2.51809823454823
"10255","weekly",6083,4162,0,2.52401453483617
"10256","weekly",6083,4163,0,2.5422774105391
"10257","weekly",6083,4164,0,2.58117803942878
"10258","weekly",6083,4165,0,2.64778358649346
"10259","weekly",6083,4166,0,2.74745184963103
"10260","weekly",6083,4167,0,2.88331756717525
"10261","weekly",6083,4168,0,3.05560790980235
"10262","weekly",6083,4169,0,3.26076752750669
"10263","weekly",6083,4170,0,3.49057075491874
"10264","weekly",6083,4171,0,3.73162024893099
"10265","weekly",6083,4172,0,3.9657721487747
"10266","weekly",6083,4173,0,4.17195807449752
"10267","weekly",6083,4174,0,4.32937125259195
"10268","weekly",6083,4175,0,4.4214766609075
"10269","weekly",6083,4176,0,4.43965486221714
"10270","weekly",6083,4177,0,4.38509817942395
"10271","weekly",6083,4178,0,4.26831034579664
"10272","weekly",6083,4179,0,4.10643473162781
"10273","weekly",6083,4180,0,3.91945549511001
"10274","weekly",6083,4181,0,3.72654135126504
"10275","weekly",6083,4182,0,3.54344176029554
"10276","weekly",6083,4183,0,3.38122741560801
"10277","weekly",6083,4184,0,3.24615639986587
"10278","weekly",6083,4185,0,3.1402243807097
"10279","weekly",6083,4186,0,3.06199265096802
"10280","weekly",6083,4187,0,3.00745184515836
"10281","weekly",6083,4188,0,2.97085140837589
"10282","weekly",6083,4189,0,2.94553111901041
"10283","weekly",6083,4190,0,2.92480637558037
"10284","weekly",6083,4191,0,2.90289713896345
"10285","weekly",6083,4192,0,2.8757942354132
"10286","weekly",6083,4193,0,2.84188753573108
"10287","weekly",6083,4194,0,2.80219066457357
"10288","weekly",6083,4195,0,2.76009577052901
"10289","weekly",6083,4196,0,2.72073331061983
"10290","weekly",6083,4197,0,2.69012081422261
"10291","weekly",6083,4198,0,2.67430728551699
"10292","weekly",6083,4199,0,2.67865632029134
"10293","weekly",6083,4200,0,2.70730744180037
"10294","weekly",6083,4201,0,2.76276928040897
"10295","weekly",6083,4202,0,2.84556838698336
"10296","weekly",6083,4203,0,2.95391303373617
"10297","weekly",6083,4204,0,3.08341749003739
"10298","weekly",6083,4205,0,3.22703479521442
"10299","weekly",6083,4206,0,3.37541264484753
"10300","weekly",6083,4207,0,3.51785659030429
"10301","weekly",6083,4208,0,3.6439194038976
"10302","weekly",6083,4209,0,3.74536728556268
"10303","weekly",6083,4210,0,3.81802522044745
"10304","weekly",6083,4211,0,3.86293596590986
"10305","weekly",6083,4212,0,3.88646382090519
"10306","weekly",6083,4213,0,3.89935619584867
"10307","weekly",6083,4214,0,3.91513634039438
"10308","weekly",6083,4215,0,3.94834880458075
"10309","weekly",6083,4216,0,4.0130676922854
"10310","weekly",6083,4217,0,4.12180809653364
"10311","weekly",6083,4218,0,4.28470912631019
"10312","weekly",6083,4219,0,4.50869770167628
"10313","weekly",6083,4220,0,4.79634316253942
"10314","weekly",6083,4221,0,5.14428001552005
"10315","weekly",6083,4222,0,5.54139696617494
"10316","weekly",6083,4223,0,5.96740866429172
"10317","weekly",6083,4224,0,6.39278580984683
"10318","weekly",6083,4225,0,6.7810466971132
"10319","weekly",6083,4226,0,7.09378288639709
"10320","weekly",6083,4227,0,7.29791933312663
"10321","weekly",6083,4228,0,7.37294778836076
"10322","weekly",6083,4229,0,7.3155544231704
"10323","weekly",6083,4230,0,7.14012051635655
"10324","weekly",6083,4231,0,6.87477842959925
"10325","weekly",6083,4232,0,6.55472271578037
"10326","weekly",6083,4233,0,6.2151993016887
"10327","weekly",6083,4234,0,5.88615332733025
"10328","weekly",6083,4235,0,5.5893765251385
"10329","weekly",6083,4236,0,5.33791433280567
"10330","weekly",6083,4237,0,5.13692930919933
"10331","weekly",6083,4238,0,4.98519299700274
"10332","weekly",6083,4239,0,4.87666337343398
"10333","weekly",6083,4240,0,4.80194809613749
"10334","weekly",6083,4241,0,4.7496956892719
"10335","weekly",6083,4242,0,4.70803634420736
"10336","weekly",6083,4243,0,4.66611994861159
"10337","weekly",6083,4244,0,4.61563326249598
"10338","weekly",6083,4245,0,4.55202260060469
"10339","weekly",6083,4246,0,4.47510812786641
"10340","weekly",6083,4247,0,4.388899411686
"10341","weekly",6083,4248,0,4.30065931030549
"10342","weekly",6083,4249,0,4.21948974739644
"10343","weekly",6083,4250,0,4.15481092254049
"10344","weekly",6083,4251,0,4.11504145490471
"10345","weekly",6083,4252,0,4.10662154929014
"10346","weekly",6083,4253,0,4.13335624791216
"10347","weekly",6083,4254,0,4.19597017025808
"10348","weekly",6083,4255,0,4.29178498042165
"10349","weekly",6083,4256,0,4.41453443423961
"10350","weekly",6083,4257,0,4.55446558832773
"10351","weekly",6083,4258,0,4.6989645177382
"10352","weekly",6083,4259,0,4.83391204811051
"10353","weekly",6083,4260,0,4.94577401201241
"10354","weekly",6083,4261,0,5.02410280521144
"10355","weekly",6083,4262,0,5.06382436383865
"10356","weekly",6083,4263,0,5.06660630877013
"10357","weekly",6083,4264,0,5.04085528329597
"10358","weekly",6083,4265,0,5.00037826865446
"10359","weekly",6083,4266,0,4.96220453138812
"10360","weekly",6083,4267,0,4.94425727974158
"10361","weekly",6083,4268,0,4.9634220970911
"10362","weekly",6083,4269,0,5.03424923788407
"10363","weekly",6083,4270,0,5.16798879922135
"10364","weekly",6083,4271,0,5.37178747507278
"10365","weekly",6083,4272,0,5.64768565955455
"10366","weekly",6083,4273,0,5.9910508778994
"10367","weekly",6083,4274,0,6.38878405085416
"10368","weekly",6083,4275,0,6.81790170617751
"10369","weekly",6083,4276,0,7.24553362288862
"10370","weekly",6083,4277,0,7.63142614305252
"10371","weekly",6083,4278,0,7.93345452743233
"10372","weekly",6083,4279,0,8.11540688210516
"10373","weekly",6083,4280,0,8.15490913757822
"10374","weekly",6083,4281,0,8.04869993703323
"10375","weekly",6083,4282,0,7.81318631902104
"10376","weekly",6083,4283,0,7.48009231337346
"10377","weekly",6083,4284,0,7.08898221779964
"10378","weekly",6083,4285,0,6.67937356579932
"10379","weekly",6083,4286,0,6.28470734806615
"10380","weekly",6083,4287,0,5.92916423894349
"10381","weekly",6083,4288,0,5.62706745314063
"10382","weekly",6083,4289,0,5.38394362843246
"10383","weekly",6083,4290,0,5.19826907353126
"10384","weekly",6083,4291,0,5.06325297630974
"10385","weekly",6083,4292,0,4.96841211276478
"10386","weekly",6083,4293,0,4.90098906750791
"10387","weekly",6083,4294,0,4.84738552480121
"10388","weekly",6083,4295,0,4.79472544341115
"10389","weekly",6083,4296,0,4.73248430594685
"10390","weekly",6083,4297,0,4.65392101090401
"10391","weekly",6083,4298,0,4.5569498228142
"10392","weekly",6083,4299,0,4.44417199984309
"10393","weekly",6083,4300,0,4.32202929601772
"10394","weekly",6083,4301,0,4.19932105878252
"10395","weekly",6083,4302,0,4.08549535885686
"10396","weekly",6083,4303,0,3.98910927551333
"10397","weekly",6083,4304,0,3.91669399940292
"10398","weekly",6083,4305,0,3.87206543673528
"10399","weekly",6083,4306,0,3.8559904100257
"10400","weekly",6083,4307,0,3.86609467546805
"10401","weekly",6083,4308,0,3.89696467493195
"10402","weekly",6083,4309,0,3.94049663239275
"10403","weekly",6083,4310,0,3.98661741914111
"10404","weekly",6083,4311,0,4.02448111513513
"10405","weekly",6083,4312,0,4.04410582804121
"10406","weekly",6083,4313,0,4.03819396984181
"10407","weekly",6083,4314,0,4.00368595554028
"10408","weekly",6083,4315,0,3.94256778995623
"10409","weekly",6083,4316,0,3.86165283291484
"10410","weekly",6083,4317,0,3.7714117578289
"10411","weekly",6083,4318,0,3.68424742744537
"10412","weekly",6083,4319,0,3.61273376780446
"10413","weekly",6083,4320,0,3.56822008371819
"10414","weekly",6083,4321,0,3.5599425995897
"10415","weekly",6083,4322,0,3.59449415712152
"10416","weekly",6083,4323,0,3.67554075072985
"10417","weekly",6083,4324,0,3.80335550347809
"10418","weekly",6083,4325,0,3.9740323817532
"10419","weekly",6083,4326,0,4.17864948141505
"10420","weekly",6083,4327,0,4.40260322229005
"10421","weekly",6083,4328,0,4.62573740835069
"10422","weekly",6083,4329,0,4.8238843101426
"10423","weekly",6083,4330,0,4.9721037792624
"10424","weekly",6083,4331,0,5.0492044709099
"10425","weekly",6083,4332,0,5.04233377159107
"10426","weekly",6083,4333,0,4.95002868035226
"10427","weekly",6083,4334,0,4.78251306008315
"10428","weekly",6083,4335,0,4.55910495616263
"10429","weekly",6083,4336,0,4.30375833358266
"10430","weekly",6083,4337,0,4.04034078924451
"10431","weekly",6083,4338,0,3.7890107431158
"10432","weekly",6083,4339,0,3.56430516619002
"10433","weekly",6083,4340,0,3.37479254772188
"10434","weekly",6083,4341,0,3.22372875313158
"10435","weekly",6083,4342,0,3.11011369919288
"10436","weekly",6083,4343,0,3.02974275388988
"10437","weekly",6083,4344,0,2.9760983811866
"10438","weekly",6083,4345,0,2.94112172466703
"10439","weekly",6083,4346,0,2.91599456421682
"10440","weekly",6083,4347,0,2.89204140592483
"10441","weekly",6083,4348,0,2.86175204862957
"10442","weekly",6083,4349,0,2.81978027606965
"10443","weekly",6083,4350,0,2.76367297238903
"10444","weekly",6083,4351,0,2.69409574870951
"10445","weekly",6083,4352,0,2.6144585290167
"10446","weekly",6083,4353,0,2.53004236752167
"10447","weekly",6083,4354,0,2.44688180604135
"10448","weekly",6083,4355,0,2.37069110211451
"10449","weekly",6083,4356,0,2.30604016847792
"10450","weekly",6083,4357,0,2.25585219688946
"10451","weekly",6083,4358,0,2.22118506275001
"10452","weekly",6083,4359,0,2.20121459467919
"10453","weekly",6083,4360,0,2.19335792510537
"10454","weekly",6083,4361,0,2.19352874759352
"10455","weekly",6083,4362,0,2.19656300658244
"10456","weekly",6083,4363,0,2.19685776968254
"10457","weekly",6083,4364,0,2.18921015542583
"10458","weekly",6083,4365,0,2.16974140517414
"10459","weekly",6083,4366,0,2.13670551718678
"10460","weekly",6083,4367,0,2.09090029395884
"10461","weekly",6083,4368,0,2.03559124303865
"10462","weekly",6083,4369,0,1.97596646464081
"10463","weekly",6083,4370,0,1.918254086253
"10464","weekly",6083,4371,0,1.86881308056763
"10465","weekly",6083,4372,0,1.83340216107899
"10466","weekly",6083,4373,0,1.81671609610203
"10467","weekly",6083,4374,0,1.82214529777411
"10468","weekly",6083,4375,0,1.85163232282503
"10469","weekly",6083,4376,0,1.90548791998299
"10470","weekly",6083,4377,0,1.98208273481578
"10471","weekly",6083,4378,0,2.07743354301783
"10472","weekly",6083,4379,0,2.18483490517247
"10473","weekly",6083,4380,0,2.29480964149116
"10474","weekly",6083,4381,0,2.39569408705574
"10475","weekly",6083,4382,0,2.47505349697894
"10476","weekly",6083,4383,0,2.52180996877723
"10477","weekly",6083,4384,0,2.52856245829025
"10478","weekly",6083,4385,0,2.49331846379209
"10479","weekly",6083,4386,0,2.41996056423523
"10480","weekly",6083,4387,0,2.31724922449212
"10481","weekly",6083,4388,0,2.19675913470564
"10482","weekly",6083,4389,0,2.07051272966783
"10483","weekly",6083,4390,0,1.94903749975492
"10484","weekly",6083,4391,0,1.84023437535507
"10485","weekly",6083,4392,0,1.74905188666889
"10486","weekly",6083,4393,0,1.67771216129768
"10487","weekly",6083,4394,0,1.6261823180248
"10488","weekly",6083,4395,0,1.59266638581175
"10489","weekly",6083,4396,0,1.57402093111887
"10490","weekly",6083,4397,0,1.56610845663818
"10491","weekly",6083,4398,0,1.56416407885263
"10492","weekly",6083,4399,0,1.56325275555719
"10493","weekly",6083,4400,0,1.55884028528817
"10494","weekly",6083,4401,0,1.54741361286142
"10495","weekly",6083,4402,0,1.52700773454853
"10496","weekly",6083,4403,0,1.49747664877214
"10497","weekly",6083,4404,0,1.46040782678756
"10498","weekly",6083,4405,0,1.41869829324423
"10499","weekly",6083,4406,0,1.37592273525661
"10500","weekly",6083,4407,0,1.33567207556916
"10501","weekly",6083,4408,0,1.3010099849198
"10502","weekly",6083,4409,0,1.27411659475183
"10503","weekly",6083,4410,0,1.25611219566781
"10504","weekly",6083,4411,0,1.24701309611555
"10505","weekly",6083,4412,0,1.2457736559154
"10506","weekly",6083,4413,0,1.25039812983596
"10507","weekly",6083,4414,0,1.25813969111186
"10508","weekly",6083,4415,0,1.26581863957108
"10509","weekly",6083,4416,0,1.27027188643115
"10510","weekly",6083,4417,0,1.26889198264689
"10511","weekly",6083,4418,0,1.26014922067407
"10512","weekly",6083,4419,0,1.24394662497798
"10513","weekly",6083,4420,0,1.22172239940846
"10514","weekly",6083,4421,0,1.1962319999293
"10515","weekly",6083,4422,0,1.17108767558238
"10516","weekly",6083,4423,0,1.15023895795457
"10517","weekly",6083,4424,0,1.13750592179713
"10518","weekly",6083,4425,0,1.13625109012355
"10519","weekly",6083,4426,0,1.14918497830513
"10520","weekly",6083,4427,0,1.1782369663415
"10521","weekly",6083,4428,0,1.2244002110092
"10522","weekly",6083,4429,0,1.28747917496366
"10523","weekly",6083,4430,0,1.36572682423866
"10524","weekly",6083,4431,0,1.45544879906811
"10525","weekly",6083,4432,0,1.55075510873576
"10526","weekly",6083,4433,0,1.64371082664002
"10527","weekly",6083,4434,0,1.72510620512185
"10528","weekly",6083,4435,0,1.78588020714233
"10529","weekly",6083,4436,0,1.81892172113294
"10530","weekly",6083,4437,0,1.82069235597737
"10531","weekly",6083,4438,0,1.79206531695672
"10532","weekly",6083,4439,0,1.73804616290727
"10533","weekly",6083,4440,0,1.66650324818329
"10534","weekly",6083,4441,0,1.58641546839499
"10535","weekly",6083,4442,0,1.50623657810502
"10536","weekly",6083,4443,0,1.43278329371242
"10537","weekly",6083,4444,0,1.37074903896428
"10538","weekly",6083,4445,0,1.32270721276291
"10539","weekly",6083,4446,0,1.28937707570731
"10540","weekly",6083,4447,0,1.26995891166735
"10541","weekly",6083,4448,0,1.26243728684494
"10542","weekly",6083,4449,0,1.26384455495281
"10543","weekly",6083,4450,0,1.27053795437678
"10544","weekly",6083,4451,0,1.27855767274741
"10545","weekly",6083,4452,0,1.28409763076343
"10546","weekly",6083,4453,0,1.28404886720818
"10547","weekly",6083,4454,0,1.27650100324536
"10548","weekly",6083,4455,0,1.26105497145909
"10549","weekly",6083,4456,0,1.23883890654542
"10550","weekly",6083,4457,0,1.21221652330132
"10551","weekly",6083,4458,0,1.18428223123192
"10552","weekly",6083,4459,0,1.15829376399051
"10553","weekly",6083,4460,0,1.13717894136789
"10554","weekly",6083,4461,0,1.12318962745485
"10555","weekly",6083,4462,0,1.11771484007477
"10556","weekly",6083,4463,0,1.1211776707496
"10557","weekly",6083,4464,0,1.1330191725574
"10558","weekly",6083,4465,0,1.15175174421165
"10559","weekly",6083,4466,0,1.17505682902993
"10560","weekly",6083,4467,0,1.20000695786439
"10561","weekly",6083,4468,0,1.22343822845141
"10562","weekly",6083,4469,0,1.24246208774275
"10563","weekly",6083,4470,0,1.25503404220217
"10564","weekly",6083,4471,0,1.26043809051043
"10565","weekly",6083,4472,0,1.25954162166454
"10566","weekly",6083,4473,0,1.25474268535618
"10567","weekly",6083,4474,0,1.2496409426094
"10568","weekly",6083,4475,0,1.2485558235494
"10569","weekly",6083,4476,0,1.25604170616134
"10570","weekly",6083,4477,0,1.2765039766964
"10571","weekly",6083,4478,0,1.31393468481838
"10572","weekly",6083,4479,0,1.37170609048917
"10573","weekly",6083,4480,0,1.45231491149752
"10574","weekly",6083,4481,0,1.55697225878248
"10575","weekly",6083,4482,0,1.68498960998841
"10576","weekly",6083,4483,0,1.83302353398176
"10577","weekly",6083,4484,0,1.99440076522296
"10578","weekly",6083,4485,0,2.15889902203344
"10579","weekly",6083,4486,0,2.31340145607828
"10580","weekly",6083,4487,0,2.44365477730753
"10581","weekly",6083,4488,0,2.53691998214344
"10582","weekly",6083,4489,0,2.58478498336626
"10583","weekly",6083,4490,0,2.58513978248811
"10584","weekly",6083,4491,0,2.54254800325725
"10585","weekly",6083,4492,0,2.46690993968514
"10586","weekly",6083,4493,0,2.37101248893305
"10587","weekly",6083,4494,0,2.26789383910364
"10588","weekly",6083,4495,0,2.16879704341409
"10589","weekly",6083,4496,0,2.08204736126936
"10590","weekly",6083,4497,0,2.01276641280856
"10591","weekly",6083,4498,0,1.96311686519766
"10592","weekly",6083,4499,0,1.9327649322513
"10593","weekly",6083,4500,0,1.91936483519385
"10594","weekly",6083,4501,0,1.91901139621041
"10595","weekly",6083,4502,0,1.92670978480601
"10596","weekly",6083,4503,0,1.93694472120842
"10597","weekly",6083,4504,0,1.94438985822489
"10598","weekly",6083,4505,0,1.94470205673133
"10599","weekly",6083,4506,0,1.93524380528834
"10600","weekly",6083,4507,0,1.91553305007983
"10601","weekly",6083,4508,0,1.88727329624817
"10602","weekly",6083,4509,0,1.85395096946741
"10603","weekly",6083,4510,0,1.8201312040037
"10604","weekly",6083,4511,0,1.79066062220954
"10605","weekly",6083,4512,0,1.76996552338824
"10606","weekly",6083,4513,0,1.76154535054229
"10607","weekly",6083,4514,0,1.76766361907357
"10608","weekly",6083,4515,0,1.78915885346942
"10609","weekly",6083,4516,0,1.82539965520846
"10610","weekly",6083,4517,0,1.87426831139601
"10611","weekly",6083,4518,0,1.93221119549708
"10612","weekly",6083,4519,0,1.99454454399529
"10613","weekly",6083,4520,0,2.05601274117362
"10614","weekly",6083,4521,0,2.11162216379307
"10615","weekly",6083,4522,0,2.15762989167706
"10616","weekly",6083,4523,0,2.19245280389441
"10617","weekly",6083,4524,0,2.21723473197198
"10618","weekly",6083,4525,0,2.23590588659863
"10619","weekly",6083,4526,0,2.25475084348
"10620","weekly",6083,4527,0,2.281670093711
"10621","weekly",6083,4528,0,2.32538445384125
"10622","weekly",6083,4529,0,2.39476813693182
"10623","weekly",6083,4530,0,2.49835248317686
"10624","weekly",6083,4531,0,2.64389227118227
"10625","weekly",6083,4532,0,2.83778770294157
"10626","weekly",6083,4533,0,3.0841397192271
"10627","weekly",6083,4534,0,3.38330778712407
"10628","weekly",6083,4535,0,3.73006153068854
"10629","weekly",6083,4536,0,4.11176659943885
"10630","weekly",6083,4537,0,4.50742580450606
"10631","weekly",6083,4538,0,4.88857767690206
"10632","weekly",6083,4539,0,5.22274078952614
"10633","weekly",6083,4540,0,5.47916192855337
"10634","weekly",6083,4541,0,5.63539757506805
"10635","weekly",6083,4542,0,5.68246389215346
"10636","weekly",6083,4543,0,5.62659256227198
"10637","weekly",6083,4544,0,5.48700966406614
"10638","weekly",6083,4545,0,5.2908119832282
"10639","weekly",6083,4546,0,5.06697293138131
"10640","weekly",6083,4547,0,4.84136114103603
"10641","weekly",6083,4548,0,4.63374821140314
"10642","weekly",6083,4549,0,4.45679622868192
"10643","weekly",6083,4550,0,4.31642901222222
"10644","weekly",6083,4551,0,4.21288745931815
"10645","weekly",6083,4552,0,4.14197686451371
"10646","weekly",6083,4553,0,4.09630253311479
"10647","weekly",6083,4554,0,4.06650491020991
"10648","weekly",6083,4555,0,4.04258045597817
"10649","weekly",6083,4556,0,4.01530969442683
"10650","weekly",6083,4557,0,3.97766527414205
"10651","weekly",6083,4558,0,3.92593609562027
"10652","weekly",6083,4559,0,3.86030269836192
"10653","weekly",6083,4560,0,3.78459006926278
"10654","weekly",6083,4561,0,3.70539603484212
"10655","weekly",6083,4562,0,3.63085212363512
"10656","weekly",6083,4563,0,3.56923076801468
"10657","weekly",6083,4564,0,3.52778926162864
"10658","weekly",6083,4565,0,3.51194859886891
"10659","weekly",6083,4566,0,3.52478639932815
"10660","weekly",6083,4567,0,3.56675040954724
"10661","weekly",6083,4568,0,3.63551738439128
"10662","weekly",6083,4569,0,3.72600521569257
"10663","weekly",6083,4570,0,3.83064299813122
"10664","weekly",6083,4571,0,3.94005352046224
"10665","weekly",6083,4572,0,4.04425242333673
"10666","weekly",6083,4573,0,4.13430237595458
"10667","weekly",6083,4574,0,4.20413232082501
"10668","weekly",6083,4575,0,4.25206140958471
"10669","weekly",6083,4576,0,4.28157965056016
"10670","weekly",6083,4577,0,4.30116643939982
"10671","weekly",6083,4578,0,4.32326933008153
"10672","weekly",6083,4579,0,4.36283427363378
"10673","weekly",6083,4580,0,4.43583714848501
"10674","weekly",6083,4581,0,4.558108213183
"10675","weekly",6083,4582,0,4.74447101648548
"10676","weekly",6083,4583,0,5.0079657441529
"10677","weekly",6083,4584,0,5.35878388080164
"10678","weekly",6083,4585,0,5.80255183947156
"10679","weekly",6083,4586,0,6.33779807251994
"10680","weekly",6083,4587,0,6.95284877315862
"10681","weekly",6083,4588,0,7.62299064852414
"10682","weekly",6083,4589,0,8.30932577105705
"10683","weekly",6083,4590,0,8.96092787443195
"10684","weekly",6083,4591,0,9.52124499776983
"10685","weekly",6083,4592,0,9.93807723015198
"10686","weekly",6083,4593,0,10.1745025186392
"10687","weekly",6083,4594,0,10.217017989693
"10688","weekly",6083,4595,0,10.0778624367958
"10689","weekly",6083,4596,0,9.790814662294
"10690","weekly",6083,4597,0,9.40239025751362
"10691","weekly",6083,4598,0,8.96179099168512
"10692","weekly",6083,4599,0,8.51264070597244
"10693","weekly",6083,4600,0,8.08806499687489
"10694","weekly",6083,4601,0,7.70947059322498
"10695","weekly",6083,4602,0,7.38655416181427
"10696","weekly",6083,4603,0,7.11949172071763
"10697","weekly",6083,4604,0,6.90176364843501
"10698","weekly",6083,4605,0,6.72243538260227
"10699","weekly",6083,4606,0,6.56839236483211
"10700","weekly",6083,4607,0,6.42648634663783
"10701","weekly",6083,4608,0,6.28552226297325
"10702","weekly",6083,4609,0,6.13789365091361
"10703","weekly",6083,4610,0,5.98059400662896
"10704","weekly",6083,4611,0,5.81538347128662
"10705","weekly",6083,4612,0,5.64804884270416
"10706","weekly",6083,4613,0,5.4870830772561
"10707","weekly",6083,4614,0,5.34199858963257
"10708","weekly",6083,4615,0,5.22166013141396
"10709","weekly",6083,4616,0,5.13303802462178
"10710","weekly",6083,4617,0,5.08034582893015
"10711","weekly",6083,4618,0,5.06454149863566
"10712","weekly",6083,4619,0,5.08310313793481
"10713","weekly",6083,4620,0,5.13004201266449
"10714","weekly",6083,4621,0,5.19621180888498
"10715","weekly",6083,4622,0,5.27004785786266
"10716","weekly",6083,4623,0,5.3388572029944
"10717","weekly",6083,4624,0,5.39064345267252
"10718","weekly",6083,4625,0,5.41621694958303
"10719","weekly",6083,4626,0,5.41111704791547
"10720","weekly",6083,4627,0,5.37680334970355
"10721","weekly",6083,4628,0,5.32074450331856
"10722","weekly",6083,4629,0,5.25539517277502
"10723","weekly",6083,4630,0,5.1964242667309
"10724","weekly",6083,4631,0,5.16074735260918
"10725","weekly",6083,4632,0,5.16484482781379
"10726","weekly",6083,4633,0,5.22358601988526
"10727","weekly",6083,4634,0,5.34947727652616
"10728","weekly",6083,4635,0,5.55203754876857
"10729","weekly",6083,4636,0,5.8369383776153
"10730","weekly",6083,4637,0,6.20463640097296
"10731","weekly",6083,4638,0,6.6484704806353
"10732","weekly",6083,4639,0,7.15257586419466
"10733","weekly",6083,4640,0,7.69041161422501
"10734","weekly",6083,4641,0,8.22501771803945
"10735","weekly",6083,4642,0,8.71202544670086
"10736","weekly",6083,4643,0,9.10570754212677
"10737","weekly",6083,4644,0,9.36707061462221
"10738","weekly",6083,4645,0,9.47173536842456
"10739","weekly",6083,4646,0,9.41493231899221
"10740","weekly",6083,4647,0,9.21181663504103
"10741","weekly",6083,4648,0,8.89311420431477
"10742","weekly",6083,4649,0,8.49785025118035
"10743","weekly",6083,4650,0,8.06566718191607
"10744","weekly",6083,4651,0,7.6308054944675
"10745","weekly",6083,4652,0,7.21870522599784
"10746","weekly",6083,4653,0,6.84509985460318
"10747","weekly",6083,4654,0,6.51686324834009
"10748","weekly",6083,4655,0,6.23382050698274
"10749","weekly",6083,4656,0,5.99070971700712
"10750","weekly",6083,4657,0,5.77921610485646
"10751","weekly",6083,4658,0,5.58992121822666
"10752","weekly",6083,4659,0,5.4138876949728
"10753","weekly",6083,4660,0,5.24400606649579
"10754","weekly",6083,4661,0,5.07593472974258
"10755","weekly",6083,4662,0,4.90850992008927
"10756","weekly",6083,4663,0,4.74357040986069
"10757","weekly",6083,4664,0,4.58526406434248
"10758","weekly",6083,4665,0,4.43902145509492
"10759","weekly",6083,4666,0,4.3104363042512
"10760","weekly",6083,4667,0,4.20426230828161
"10761","weekly",6083,4668,0,4.12364718518802
"10762","weekly",6083,4669,0,4.06962972876499
"10763","weekly",6083,4670,0,4.04086943319999
"10764","weekly",6083,4671,0,4.03357800745289
"10765","weekly",6083,4672,0,4.0416643396602
"10766","weekly",6083,4673,0,4.05715413266444
"10767","weekly",6083,4674,0,4.07095942116575
"10768","weekly",6083,4675,0,4.07401768819545
"10769","weekly",6083,4676,0,4.05869257665472
"10770","weekly",6083,4677,0,4.02017342028557
"10771","weekly",6083,4678,0,3.95751409913646
"10772","weekly",6083,4679,0,3.8739930257143
"10773","weekly",6083,4680,0,3.77666895111906
"10774","weekly",6083,4681,0,3.6752716806368
"10775","weekly",6083,4682,0,3.58077085693367
"10776","weekly",6083,4683,0,3.50401183438953
"10777","weekly",6083,4684,0,3.45469176067854
"10778","weekly",6083,4685,0,3.44075085991062
"10779","weekly",6083,4686,0,3.46807369499584
"10780","weekly",6083,4687,0,3.54029728187015
"10781","weekly",6083,4688,0,3.65852227047435
"10782","weekly",6083,4689,0,3.82080577732995
"10783","weekly",6083,4690,0,4.0214593517594
"10784","weekly",6083,4691,0,4.25035859941272
"10785","weekly",6083,4692,0,4.49264575663256
"10786","weekly",6083,4693,0,4.72928796461201
"10787","weekly",6083,4694,0,4.93883691178053
"10788","weekly",6083,4695,0,5.10036636475706
"10789","weekly",6083,4696,0,5.19703280649264
"10790","weekly",6083,4697,0,5.21926488072495
"10791","weekly",6083,4698,0,5.16653212354868
"10792","weekly",6083,4699,0,5.04708490057965
"10793","weekly",6083,4700,0,4.8758006694552
"10794","weekly",6083,4701,0,4.67092386059812
"10795","weekly",6083,4702,0,4.45073003150173
"10796","weekly",6083,4703,0,4.23093726602383
"10797","weekly",6083,4704,0,4.02323574223556
"10798","weekly",6083,4705,0,3.83487839697045
"10799","weekly",6083,4706,0,3.66903397993883
"10800","weekly",6083,4707,0,3.52556208413444
"10801","weekly",6083,4708,0,3.40190869854996
"10802","weekly",6083,4709,0,3.29413974107592
"10803","weekly",6083,4710,0,3.19782843018766
"10804","weekly",6083,4711,0,3.10876880041906
"10805","weekly",6083,4712,0,3.02366761071607
"10806","weekly",6083,4713,0,2.94059037117404
"10807","weekly",6083,4714,0,2.85914689619676
"10808","weekly",6083,4715,0,2.78039569462999
"10809","weekly",6083,4716,0,2.70650243316777
"10810","weekly",6083,4717,0,2.64023857173743
"10811","weekly",6083,4718,0,2.58442815690069
"10812","weekly",6083,4719,0,2.54143643163843
"10813","weekly",6083,4720,0,2.51275586281554
"10814","weekly",6083,4721,0,2.49870620731963
"10815","weekly",6083,4722,0,2.49824484295095
"10816","weekly",6083,4723,0,2.50888886937173
"10817","weekly",6083,4724,0,2.52677411961486
"10818","weekly",6083,4725,0,2.54689960210817
"10819","weekly",6083,4726,0,2.56360553964623
"10820","weekly",6083,4727,0,2.57129097884172
"10821","weekly",6083,4728,0,2.56529367264011
"10822","weekly",6083,4729,0,2.54276002303232
"10823","weekly",6083,4730,0,2.50327825517161
"10824","weekly",6083,4731,0,2.44908002743614
"10825","weekly",6083,4732,0,2.3847390289593
"10826","weekly",6083,4733,0,2.31645869399654
"10827","weekly",6083,4734,0,2.25116497688578
"10828","weekly",6083,4735,0,2.19564655900467
"10829","weekly",6083,4736,0,2.15591334638884
"10830","weekly",6083,4737,0,2.13682343246182
"10831","weekly",6083,4738,0,2.14191930025117
"10832","weekly",6083,4739,0,2.17335441464093
"10833","weekly",6083,4740,0,2.23178949626163
"10834","weekly",6083,4741,0,2.31618308307952
"10835","weekly",6083,4742,0,2.42347870708909
"10836","weekly",6083,4743,0,2.54828590143006
"10837","weekly",6083,4744,0,2.68274104592274
"10838","weekly",6083,4745,0,2.81677733056131
"10839","weekly",6083,4746,0,2.93898237549001
"10840","weekly",6083,4747,0,3.03805091531831
"10841","weekly",6083,4748,0,3.10458579563419
"10842","weekly",6083,4749,0,3.13277718648897
"10843","weekly",6083,4750,0,3.12143638590351
"10844","weekly",6083,4751,0,3.07404315049644
"10845","weekly",6083,4752,0,2.99783840336022
"10846","weekly",6083,4753,0,2.90218801583978
"10847","weekly",6083,4754,0,2.79685992313898
"10848","weekly",6083,4755,0,2.69063922206988
"10849","weekly",6083,4756,0,2.59037907014135
"10850","weekly",6083,4757,0,2.50062190150493
"10851","weekly",6083,4758,0,2.423644829978
"10852","weekly",6083,4759,0,2.35976956953527
"10853","weekly",6083,4760,0,2.30780460356618
"10854","weekly",6083,4761,0,2.26554012461565
"10855","weekly",6083,4762,0,2.230256223178
"10856","weekly",6083,4763,0,2.1992197552172
"10857","weekly",6083,4764,0,2.17013797099935
"10858","weekly",6083,4765,0,2.14152123074746
"10859","weekly",6083,4766,0,2.11290135775926
"10860","weekly",6083,4767,0,2.08486788420123
"10861","weekly",6083,4768,0,2.05891965155024
"10862","weekly",6083,4769,0,2.03716927632922
"10863","weekly",6083,4770,0,2.02196458983235
"10864","weekly",6083,4771,0,2.01549382778467
"10865","weekly",6083,4772,0,2.01942327618599
"10866","weekly",6083,4773,0,2.03459100631881
"10867","weekly",6083,4774,0,2.06076393291005
"10868","weekly",6083,4775,0,2.09646718250588
"10869","weekly",6083,4776,0,2.13891376840184
"10870","weekly",6083,4777,0,2.18408717089915
"10871","weekly",6083,4778,0,2.22703996355995
"10872","weekly",6083,4779,0,2.26244743456482
"10873","weekly",6083,4780,0,2.28538683621446
"10874","weekly",6083,4781,0,2.29221587005304
"10875","weekly",6083,4782,0,2.28134181324276
"10876","weekly",6083,4783,0,2.2536587138311
"10877","weekly",6083,4784,0,2.21251187752932
"10878","weekly",6083,4785,0,2.16320029614144
"10879","weekly",6083,4786,0,2.11217705626041
"10880","weekly",6083,4787,0,2.06618224192061
"10881","weekly",6083,4788,0,2.03151477882056
"10882","weekly",6083,4789,0,2.01354822539724
"10883","weekly",6083,4790,0,2.01647915001377
"10884","weekly",6083,4791,0,2.04321484713
"10885","weekly",6083,4792,0,2.09528029517969
"10886","weekly",6083,4793,0,2.17264876063564
"10887","weekly",6083,4794,0,2.27346319306525
"10888","weekly",6083,4795,0,2.39370262867305
"10889","weekly",6083,4796,0,2.52694096951745
"10890","weekly",6083,4797,0,2.66441269751522
"10891","weekly",6083,4798,0,2.795594596304
"10892","weekly",6083,4799,0,2.90939409358543
"10893","weekly",6083,4800,0,2.99580997406156
"10894","weekly",6083,4801,0,3.04768316619447
"10895","weekly",6083,4802,0,3.06202084617689
"10896","weekly",6083,4803,0,3.04046198158176
"10897","weekly",6083,4804,0,2.98874245933257
"10898","weekly",6083,4805,0,2.91535294477944
"10899","weekly",6083,4806,0,2.82990211807191
"10900","weekly",6083,4807,0,2.74156569797196
"10901","weekly",6083,4808,0,2.65793475040118
"10902","weekly",6083,4809,0,2.58444065603544
"10903","weekly",6083,4810,0,2.52421791286906
"10904","weekly",6083,4811,0,2.47827507718466
"10905","weekly",6083,4812,0,2.44583969621453
"10906","weekly",6083,4813,0,2.42479074568837
"10907","weekly",6083,4814,0,2.41214181555551
"10908","weekly",6083,4815,0,2.4045629419852
"10909","weekly",6083,4816,0,2.39892057763063
"10910","weekly",6083,4817,0,2.39278695671237
"10911","weekly",6083,4818,0,2.38484338531271
"10912","weekly",6083,4819,0,2.37509888410568
"10913","weekly",6083,4820,0,2.36487580672838
"10914","weekly",6083,4821,0,2.35656764867599
"10915","weekly",6083,4822,0,2.35322674972122
"10916","weekly",6083,4823,0,2.35806707138545
"10917","weekly",6083,4824,0,2.37396104470827
"10918","weekly",6083,4825,0,2.40298016008455
"10919","weekly",6083,4826,0,2.44599818624556
"10920","weekly",6083,4827,0,2.50236380725983
"10921","weekly",6083,4828,0,2.56966502699652
"10922","weekly",6083,4829,0,2.64364452351583
"10923","weekly",6083,4830,0,2.71836162006366
"10924","weekly",6083,4831,0,2.78670057703857
"10925","weekly",6083,4832,0,2.84126687594107
"10926","weekly",6083,4833,0,2.87558778809034
"10927","weekly",6083,4834,0,2.8853798880009
"10928","weekly",6083,4835,0,2.86954383505508
"10929","weekly",6083,4836,0,2.83057397886296
"10930","weekly",6083,4837,0,2.77424393384717
"10931","weekly",6083,4838,0,2.70867603865918
"10932","weekly",6083,4839,0,2.64309812395368
"10933","weekly",6083,4840,0,2.5866416474455
"10934","weekly",6083,4841,0,2.54743620823137
"10935","weekly",6083,4842,0,2.53208003469626
"10936","weekly",6083,4843,0,2.54540628005634
"10937","weekly",6083,4844,0,2.59037867037114
"10938","weekly",6083,4845,0,2.66794822376687
"10939","weekly",6083,4846,0,2.77676880607032
"10940","weekly",6083,4847,0,2.91278118049377
"10941","weekly",6083,4848,0,3.06883466878207
"10942","weekly",6083,4849,0,3.23451858604676
"10943","weekly",6083,4850,0,3.39663470795495
"10944","weekly",6083,4851,0,3.54054708254989
"10945","weekly",6083,4852,0,3.65223996422719
"10946","weekly",6083,4853,0,3.7207709485956
"10947","weekly",6083,4854,0,3.74039622672717
"10948","weekly",6083,4855,0,3.7116598340217
"10949","weekly",6083,4856,0,3.64107077906374
"10950","weekly",6083,4857,0,3.53951185493497
"10951","weekly",6083,4858,0,3.41995406389469
"10952","weekly",6083,4859,0,3.2951833064144
"10953","weekly",6083,4860,0,3.1760729959642
"10954","weekly",6083,4861,0,3.07061471990892
"10955","weekly",6083,4862,0,2.98363481205888
"10956","weekly",6083,4863,0,2.91698080502101
"10957","weekly",6083,4864,0,2.86995782723534
"10958","weekly",6083,4865,0,2.83987137849908
"10959","weekly",6083,4866,0,2.82262228155741
"10960","weekly",6083,4867,0,2.8133555088134
"10961","weekly",6083,4868,0,2.80716822325485
"10962","weekly",6083,4869,0,2.79984093559324
"10963","weekly",6083,4870,0,2.78849781086319
"10964","weekly",6083,4871,0,2.77206700670649
"10965","weekly",6083,4872,0,2.75142952724127
"10966","weekly",6083,4873,0,2.72921657812549
"10967","weekly",6083,4874,0,2.70930898428196
"10968","weekly",6083,4875,0,2.69616189188673
"10969","weekly",6083,4876,0,2.69409302173881
"10970","weekly",6083,4877,0,2.70663565112045
"10971","weekly",6083,4878,0,2.73599848535378
"10972","weekly",6083,4879,0,2.78263079479802
"10973","weekly",6083,4880,0,2.84488713467726
"10974","weekly",6083,4881,0,2.91882419827743
"10975","weekly",6083,4882,0,2.99822282255627
"10976","weekly",6083,4883,0,3.07497189060086
"10977","weekly",6083,4884,0,3.13993037567707
"10978","weekly",6083,4885,0,3.18426656088559
"10979","weekly",6083,4886,0,3.20107563829515
"10980","weekly",6083,4887,0,3.18688235347508
"10981","weekly",6083,4888,0,3.14256696106168
"10982","weekly",6083,4889,0,3.07339157309616
"10983","weekly",6083,4890,0,2.98811193319852
"10984","weekly",6083,4891,0,2.89748296199832
"10985","weekly",6083,4892,0,2.81263540196232
"10986","weekly",6083,4893,0,2.7437461084628
"10987","weekly",6083,4894,0,2.69921029664692
"10988","weekly",6083,4895,0,2.68528268299997
"10989","weekly",6083,4896,0,2.70599325996591
"10990","weekly",6083,4897,0,2.76309969901922
"10991","weekly",6083,4898,0,2.85589510307182
"10992","weekly",6083,4899,0,2.98081389308209
"10993","weekly",6083,4900,0,3.13094124992494
"10994","weekly",6083,4901,0,3.29565838474082
"10995","weekly",6083,4902,0,3.46096419563401
"10996","weekly",6083,4903,0,3.61064405267825
"10997","weekly",6083,4904,0,3.72835739396396
"10998","weekly",6083,4905,0,3.80050750062219
"10999","weekly",6083,4906,0,3.81896725526894
"11000","weekly",6083,4907,0,3.78277413264732
"11001","weekly",6083,4908,0,3.6981682095502
"11002","weekly",6083,4909,0,3.57697639975231
"11003","weekly",6083,4910,0,3.43396222509909
"11004","weekly",6083,4911,0,3.28403427542071
"11005","weekly",6083,4912,0,3.14005428206292
"11006","weekly",6083,4913,0,3.01158207136905
"11007","weekly",6083,4914,0,2.90449931329931
"11008","weekly",6083,4915,0,2.82123404031154
"11009","weekly",6083,4916,0,2.7612833827734
"11010","weekly",6083,4917,0,2.72182897638413
"11011","weekly",6083,4918,0,2.69836665771436
"11012","weekly",6083,4919,0,2.6853640274785
"11013","weekly",6083,4920,0,2.67698571734945
"11014","weekly",6083,4921,0,2.66788686296786
"11015","weekly",6083,4922,0,2.65399752912344
"11016","weekly",6083,4923,0,2.63315196803887
"11017","weekly",6083,4924,0,2.6054046532081
"11018","weekly",6083,4925,0,2.57293995231157
"11019","weekly",6083,4926,0,2.53959816176211
"11020","weekly",6083,4927,0,2.51014853519155
"11021","weekly",6083,4928,0,2.48948638464208
"11022","weekly",6083,4929,0,2.48190226359293
"11023","weekly",6083,4930,0,2.49049602801097
"11024","weekly",6083,4931,0,2.51673575202585
"11025","weekly",6083,4932,0,2.56012946739793
"11026","weekly",6083,4933,0,2.61799928921391
"11027","weekly",6083,4934,0,2.68540909880539
"11028","weekly",6083,4935,0,2.75536367573659
"11029","weekly",6083,4936,0,2.81942021689611
"11030","weekly",6083,4937,0,2.86878646333935
"11031","weekly",6083,4938,0,2.89581123369862
"11032","weekly",6083,4939,0,2.89555765129626
"11033","weekly",6083,4940,0,2.86700499916333
"11034","weekly",6083,4941,0,2.81346926666447
"11035","weekly",6083,4942,0,2.74208588400506
"11036","weekly",6083,4943,0,2.66254328217474
"11037","weekly",6083,4944,0,2.58550566699705
"11038","weekly",6083,4945,0,2.52120914586703
"11039","weekly",6083,4946,0,2.47846125613432
"11040","weekly",6083,4947,0,2.46417231764644
"11041","weekly",6083,4948,0,2.48325388101512
"11042","weekly",6083,4949,0,2.53855953129823
"11043","weekly",6083,4950,0,2.63071406149538
"11044","weekly",6083,4951,0,2.75769830614445
"11045","weekly",6083,4952,0,2.91423411251162
"11046","weekly",6083,4953,0,3.09120336000342
"11047","weekly",6083,4954,0,3.27550338109722
"11048","weekly",6083,4955,0,3.45079241244821
"11049","weekly",6083,4956,0,3.59940116616781
"11050","weekly",6083,4957,0,3.70524863153696
"11051","weekly",6083,4958,0,3.75705170092988
"11052","weekly",6083,4959,0,3.75077459812746
"11053","weekly",6083,4960,0,3.69040808838326
"11054","weekly",6083,4961,0,3.58679788344307
"11055","weekly",6083,4962,0,3.45501524533029
"11056","weekly",6083,4963,0,3.31124067355995
"11057","weekly",6083,4964,0,3.17010104542715
"11058","weekly",6083,4965,0,3.04298912241939
"11059","weekly",6083,4966,0,2.93740701230126
"11060","weekly",6083,4967,0,2.85705916330335
"11061","weekly",6083,4968,0,2.80233571518329
"11062","weekly",6083,4969,0,2.77091897578794
"11063","weekly",6083,4970,0,2.75839766749414
"11064","weekly",6083,4971,0,2.75889945356175
"11065","weekly",6083,4972,0,2.76580994520918
"11066","weekly",6083,4973,0,2.77262078970671
"11067","weekly",6083,4974,0,2.77385941546527
"11068","weekly",6083,4975,0,2.76594741363078
"11069","weekly",6083,4976,0,2.74777801410528
"11070","weekly",6083,4977,0,2.72084196304786
"11071","weekly",6083,4978,0,2.68885838103597
"11072","weekly",6083,4979,0,2.65701977309072
"11073","weekly",6083,4980,0,2.63105888527934
"11074","weekly",6083,4981,0,2.6163469037856
"11075","weekly",6083,4982,0,2.61715491639916
"11076","weekly",6083,4983,0,2.63611052764463
"11077","weekly",6083,4984,0,2.67381555165048
"11078","weekly",6083,4985,0,2.72858692912268
"11079","weekly",6083,4986,0,2.7963357392
"11080","weekly",6083,4987,0,2.87067595066037
"11081","weekly",6083,4988,0,2.94340541629936
"11082","weekly",6083,4989,0,3.00547298550373
"11083","weekly",6083,4990,0,3.04840782276005
"11084","weekly",6083,4991,0,3.06597056554165
"11085","weekly",6083,4992,0,3.05559529183665
"11086","weekly",6083,4993,0,3.01915947132511
"11087","weekly",6083,4994,0,2.9628114332445
"11088","weekly",6083,4995,0,2.89592661085771
"11089","weekly",6083,4996,0,2.82957246174919
"11090","weekly",6083,4997,0,2.77497387354379
"11091","weekly",6083,4998,0,2.74233088767505
"11092","weekly",6083,4999,0,2.74020128534175
"11093","weekly",6083,5000,0,2.77522754340316
"11094","weekly",6083,5001,0,2.85196203665691
"11095","weekly",6083,5002,0,2.97263607711648
"11096","weekly",6083,5003,0,3.13661473762477
"11097","weekly",6083,5004,0,3.33955154186697
"11098","weekly",6083,5005,0,3.572459841409
"11099","weekly",6083,5006,0,3.82115424127551
"11100","weekly",6083,5007,0,4.06665697714197
"11101","weekly",6083,5008,0,4.28705551775056
"11102","weekly",6083,5009,0,4.46083836589241
"11103","weekly",6083,5010,0,4.57103049528087
"11104","weekly",6083,5011,0,4.60885740420781
"11105","weekly",6083,5012,0,4.57561369219911
"11106","weekly",6083,5013,0,4.48204597839504
"11107","weekly",6083,5014,0,4.34556229729787
"11108","weekly",6083,5015,0,4.18637075967854
"11109","weekly",6083,5016,0,4.02382537489757
"11110","weekly",6083,5017,0,3.87385105338763
"11111","weekly",6083,5018,0,3.74768945926917
"11112","weekly",6083,5019,0,3.65171372823534
"11113","weekly",6083,5020,0,3.5878685528296
"11114","weekly",6083,5021,0,3.55435259485967
"11115","weekly",6083,5022,0,3.54634046577848
"11116","weekly",6083,5023,0,3.55672491135192
"11117","weekly",6083,5024,0,3.57696647586999
"11118","weekly",6083,5025,0,3.5981364272011
"11119","weekly",6083,5026,0,3.61213853035588
"11120","weekly",6083,5027,0,3.61294621427078
"11121","weekly",6083,5028,0,3.59757760370849
"11122","weekly",6083,5029,0,3.56653129777987
"11123","weekly",6083,5030,0,3.52354244882008
"11124","weekly",6083,5031,0,3.47473040467594
"11125","weekly",6083,5032,0,3.42738636466675
"11126","weekly",6083,5033,0,3.38870761424187
"11127","weekly",6083,5034,0,3.36471670219908
"11128","weekly",6083,5035,0,3.35947192710591
"11129","weekly",6083,5036,0,3.37456120952265
"11130","weekly",6083,5037,0,3.40882713504834
"11131","weekly",6083,5038,0,3.45830204267986
"11132","weekly",6083,5039,0,3.51640506132389
"11133","weekly",6083,5040,0,3.57451247327845
"11134","weekly",6083,5041,0,3.62300038986723
"11135","weekly",6083,5042,0,3.65276990368147
"11136","weekly",6083,5043,0,3.65691239628359
"11137","weekly",6083,5044,0,3.63225330816931
"11138","weekly",6083,5045,0,3.58030831231736
"11139","weekly",6083,5046,0,3.50719515664969
"11140","weekly",6083,5047,0,3.42264805693412
"11141","weekly",6083,5048,0,3.33845115563599
"11142","weekly",6083,5049,0,3.26678789223661
"11143","weekly",6083,5050,0,3.21892035444034
"11144","weekly",6083,5051,0,3.20437577544362
"11145","weekly",6083,5052,0,3.2305652188079
"11146","weekly",6083,5053,0,3.30259804480011
"11147","weekly",6083,5054,0,3.42301973997382
"11148","weekly",6083,5055,0,3.59127617237391
"11149","weekly",6083,5056,0,3.80287004902493
"11150","weekly",6083,5057,0,4.04840291684377
"11151","weekly",6083,5058,0,4.31294390288531
"11152","weekly",6083,5059,0,4.57633260608418
"11153","weekly",6083,5060,0,4.81495359967812
"11154","weekly",6083,5061,0,5.00509619963123
"11155","weekly",6083,5062,0,5.12730408244533
"11156","weekly",6083,5063,0,5.17045628864435
"11157","weekly",6083,5064,0,5.13415054659708
"11158","weekly",6083,5065,0,5.02850479804329
"11159","weekly",6083,5066,0,4.87151058405288
"11160","weekly",6083,5067,0,4.6849854606553
"11161","weekly",6083,5068,0,4.4904967356415
"11162","weekly",6083,5069,0,4.30630555964308
"11163","weekly",6083,5070,0,4.14573108081822
"11164","weekly",6083,5071,0,4.01675954053644
"11165","weekly",6083,5072,0,3.92244338541059
"11166","weekly",6083,5073,0,3.86164527083747
"11167","weekly",6083,5074,0,3.82985370780807
"11168","weekly",6083,5075,0,3.81999586557504
"11169","weekly",6083,5076,0,3.82330893998733
"11170","weekly",6083,5077,0,3.83036347062443
"11171","weekly",6083,5078,0,3.83225957988179
"11172","weekly",6083,5079,0,3.82187960951705
"11173","weekly",6083,5080,0,3.79495260326075
"11174","weekly",6083,5081,0,3.75064963745535
"11175","weekly",6083,5082,0,3.69152515771566
"11176","weekly",6083,5083,0,3.62281288221129
"11177","weekly",6083,5084,0,3.55127900093794
"11178","weekly",6083,5085,0,3.48393509761081
"11179","weekly",6083,5086,0,3.42688538541552
"11180","weekly",6083,5087,0,3.38446845824365
"11181","weekly",6083,5088,0,3.35872924831347
"11182","weekly",6083,5089,0,3.34918335021939
"11183","weekly",6083,5090,0,3.35283168355818
"11184","weekly",6083,5091,0,3.36442637853906
"11185","weekly",6083,5092,0,3.37703342916211
"11186","weekly",6083,5093,0,3.38293627876556
"11187","weekly",6083,5094,0,3.37481017332175
"11188","weekly",6083,5095,0,3.34715374271036
"11189","weekly",6083,5096,0,3.29748743621167
"11190","weekly",6083,5097,0,3.22697523591341
"11191","weekly",6083,5098,0,3.14043211922399
"11192","weekly",6083,5099,0,3.04557265501353
"11193","weekly",6083,5100,0,2.95178575374302
"11194","weekly",6083,5101,0,2.86881025318871
"11195","weekly",6083,5102,0,2.80564232217148
"11196","weekly",6083,5103,0,2.76983700226992
"11197","weekly",6083,5104,0,2.76717199437553
"11198","weekly",6083,5105,0,2.80150699536898
"11199","weekly",6083,5106,0,2.87463105650386
"11200","weekly",6083,5107,0,2.98593705348321
"11201","weekly",6083,5108,0,3.13187642948469
"11202","weekly",6083,5109,0,3.30530935028219
"11203","weekly",6083,5110,0,3.49504455880378
"11204","weekly",6083,5111,0,3.6859939074493
"11205","weekly",6083,5112,0,3.86034533008933
"11206","weekly",6083,5113,0,3.99989467009436
"11207","weekly",6083,5114,0,4.08919319705456
"11208","weekly",6083,5115,0,4.11866649313015
"11209","weekly",6083,5116,0,4.0866552326188
"11210","weekly",6083,5117,0,3.99962485826109
"11211","weekly",6083,5118,0,3.87048651976511
"11212","weekly",6083,5119,0,3.71568550361553
"11213","weekly",6083,5120,0,3.5520595270209
"11214","weekly",6083,5121,0,3.39432761303033
"11215","weekly",6083,5122,0,3.25361106317723
"11216","weekly",6083,5123,0,3.13696090554004
"11217","weekly",6083,5124,0,3.04762858847971
"11218","weekly",6083,5125,0,2.98559395223856
"11219","weekly",6083,5126,0,2.94817466684617
"11220","weekly",6083,5127,0,2.93065518926596
"11221","weekly",6083,5128,0,2.92690970664262
"11222","weekly",6083,5129,0,2.93009134652675
"11223","weekly",6083,5130,0,2.9334323949588
"11224","weekly",6083,5131,0,2.93111713411054
"11225","weekly",6083,5132,0,2.91909228815348
"11226","weekly",6083,5133,0,2.89562571322313
"11227","weekly",6083,5134,0,2.86145284507074
"11228","weekly",6083,5135,0,2.81945941870799
"11229","weekly",6083,5136,0,2.773986870714
"11230","weekly",6083,5137,0,2.72994525139802
"11231","weekly",6083,5138,0,2.69196135789389
"11232","weekly",6083,5139,0,2.66360630077543
"11233","weekly",6083,5140,0,2.64689902923419
"11234","weekly",6083,5141,0,2.64207874302519
"11235","weekly",6083,5142,0,2.64749821781879
"11236","weekly",6083,5143,0,2.65974118185113
"11237","weekly",6083,5144,0,2.67396459152224
"11238","weekly",6083,5145,0,2.68450126459356
"11239","weekly",6083,5146,0,2.68571682123002
"11240","weekly",6083,5147,0,2.67302386744996
"11241","weekly",6083,5148,0,2.64385208729072
"11242","weekly",6083,5149,0,2.59831854634103
"11243","weekly",6083,5150,0,2.53939146720222
"11244","weekly",6083,5151,0,2.47249265262508
"11245","weekly",6083,5152,0,2.40467133940547
"11246","weekly",6083,5153,0,2.34360983746592
"11247","weekly",6083,5154,0,2.29672843133449
"11248","weekly",6083,5155,0,2.27055489481427
"11249","weekly",6083,5156,0,2.27037753720651
"11250","weekly",6083,5157,0,2.30007991072489
"11251","weekly",6083,5158,0,2.36199905001558
"11252","weekly",6083,5159,0,2.45666247594636
"11253","weekly",6083,5160,0,2.58233169818413
"11254","weekly",6083,5161,0,2.73439996052184
"11255","weekly",6083,5162,0,2.90484225100954
"11256","weekly",6083,5163,0,3.08205370765063
"11257","weekly",6083,5164,0,3.25145814887946
"11258","weekly",6083,5165,0,3.39712838336709
"11259","weekly",6083,5166,0,3.50430327231879
"11260","weekly",6083,5167,0,3.56222627242096
"11261","weekly",6083,5168,0,3.56641781344661
"11262","weekly",6083,5169,0,3.5195705727092
"11263","weekly",6083,5170,0,3.43074947595596
"11264","weekly",6083,5171,0,3.31323412753409
"11265","weekly",6083,5172,0,3.18179597554263
"11266","weekly",6083,5173,0,3.05024443910224
"11267","weekly",6083,5174,0,2.92976963077672
"11268","weekly",6083,5175,0,2.82819289446343
"11269","weekly",6083,5176,0,2.74993087278563
"11270","weekly",6083,5177,0,2.69636469546822
"11271","weekly",6083,5178,0,2.66635561347357
"11272","weekly",6083,5179,0,2.65676842123503
"11273","weekly",6083,5180,0,2.66298052991624
"11274","weekly",6083,5181,0,2.67942580778617
"11275","weekly",6083,5182,0,2.70022912303102
"11276","weekly",6083,5183,0,2.71993614232633
"11277","weekly",6083,5184,0,2.73426058035693
"11278","weekly",6083,5185,0,2.74070201723953
"11279","weekly",6083,5186,0,2.73887510530767
"11280","weekly",6083,5187,0,2.73045204792288
"11281","weekly",6083,5188,0,2.71872941876063
"11282","weekly",6083,5189,0,2.70793378478265
"11283","weekly",6083,5190,0,2.70243017599569
"11284","weekly",6083,5191,0,2.70595919078914
"11285","weekly",6083,5192,0,2.72107562131714
"11286","weekly",6083,5193,0,2.74871583018103
"11287","weekly",6083,5194,0,2.78789599865559
"11288","weekly",6083,5195,0,2.83566120048636
"11289","weekly",6083,5196,0,2.88725064994651
"11290","weekly",6083,5197,0,2.93656705704052
"11291","weekly",6083,5198,0,2.97698935159133
"11292","weekly",6083,5199,0,3.00247627939098
"11293","weekly",6083,5200,0,3.00877616627258
"11294","weekly",6083,5201,0,2.9944505210733
"11295","weekly",6083,5202,0,2.96141290455125
"11296","weekly",6083,5203,0,2.91481364745414
"11297","weekly",6083,5204,0,2.86231868847972
"11298","weekly",6083,5205,0,2.81302863435121
"11299","weekly",6083,5206,0,2.77636255000834
"11300","weekly",6083,5207,0,2.76116376667051
"11301","weekly",6083,5208,0,2.77512590173865
"11302","weekly",6083,5209,0,2.82447240652982
"11303","weekly",6083,5210,0,2.9137171524053
"11304","weekly",6083,5211,0,3.04531081492314
"11305","weekly",6083,5212,0,3.21903549309354
"11306","weekly",6083,5213,0,3.43113985817763
"11307","weekly",6083,5214,0,3.67339740743046
"11308","weekly",6083,5215,0,3.93248329969356
"11309","weekly",6083,5216,0,4.19020919958712
"11310","weekly",6083,5217,0,4.42509310721653
"11311","weekly",6083,5218,0,4.61536853469443
"11312","weekly",6083,5219,0,4.74291317665484
"11313","weekly",6083,5220,0,4.79698738761363
"11314","weekly",6083,5221,0,4.77650547181838
"11315","weekly",6083,5222,0,4.69002004727372
"11316","weekly",6083,5223,0,4.55348550353665
"11317","weekly",6083,5224,0,4.38668785634218
"11318","weekly",6083,5225,0,4.20955407846486
"11319","weekly",6083,5226,0,4.03930778667564
"11320","weekly",6083,5227,0,3.88888160165516
"11321","weekly",6083,5228,0,3.76647465268616
"11322","weekly",6083,5229,0,3.67587235505925
"11323","weekly",6083,5230,0,3.61712307037669
"11324","weekly",6083,5231,0,3.58729833611869
"11325","weekly",6083,5232,0,3.58123339570011
"11326","weekly",6083,5233,0,3.5922690135194
"11327","weekly",6083,5234,0,3.61306101988885
"11328","weekly",6083,5235,0,3.63651002210099
"11329","weekly",6083,5236,0,3.65666820190381
"11330","weekly",6083,5237,0,3.66957965449546
"11331","weekly",6083,5238,0,3.67386206268566
"11332","weekly",6083,5239,0,3.67077372816857
"11333","weekly",6083,5240,0,3.66382122595678
"11334","weekly",6083,5241,0,3.65798561554402
"11335","weekly",6083,5242,0,3.65875107573811
"11336","weekly",6083,5243,0,3.67112555133644
"11337","weekly",6083,5244,0,3.69878709674231
"11338","weekly",6083,5245,0,3.74341844819719
"11339","weekly",6083,5246,0,3.80425028895843
"11340","weekly",6083,5247,0,3.87783946833224
"11341","weekly",6083,5248,0,3.9581485602539
"11342","weekly",6083,5249,0,4.03702832988347
"11343","weekly",6083,5250,0,4.10518595937174
"11344","weekly",6083,5251,0,4.15361630768166
"11345","weekly",6083,5252,0,4.17529456058401
"11346","weekly",6083,5253,0,4.16675168648362
"11347","weekly",6083,5254,0,4.12908972447622
"11348","weekly",6083,5255,0,4.0681174325
"11349","weekly",6083,5256,0,3.99356954422547
"11350","weekly",6083,5257,0,3.91768067874364
"11351","weekly",6083,5258,0,3.85356093436712
"11352","weekly",6083,5259,0,3.81378868242609
"11353","weekly",6083,5260,0,3.80944170046132
"11354","weekly",6083,5261,0,3.84954702609684
"11355","weekly",6083,5262,0,3.94074986080523
"11356","weekly",6083,5263,0,4.08693385880906
"11357","weekly",6083,5264,0,4.28857213113224
"11358","weekly",6083,5265,0,4.54173580426141
"11359","weekly",6083,5266,0,4.8369180886948
"11360","weekly",6083,5267,0,5.15810839243932
"11361","weekly",6083,5268,0,5.48277655022684
"11362","weekly",6083,5269,0,5.78343769293861
"11363","weekly",6083,5270,0,6.03110449004453
"11364","weekly",6083,5271,0,6.20019592167228
"11365","weekly",6083,5272,0,6.27364642894827
"11366","weekly",6083,5273,0,6.24653957062401
"11367","weekly",6083,5274,0,6.12694872799329
"11368","weekly",6083,5275,0,5.93371311205556
"11369","weekly",6083,5276,0,5.69204800808802
"11370","weekly",6083,5277,0,5.42854522931157
"11371","weekly",6083,5278,0,5.16700240297359
"11372","weekly",6083,5279,0,4.92585919285193
"11373","weekly",6083,5280,0,4.71727541301516
"11374","weekly",6083,5281,0,4.54740890630637
"11375","weekly",6083,5282,0,4.41732849538676
"11376","weekly",6083,5283,0,4.32412369264057
"11377","weekly",6083,5284,0,4.26198819535784
"11378","weekly",6083,5285,0,4.22323746766779
"11379","weekly",6083,5286,0,4.19931338334573
"11380","weekly",6083,5287,0,4.18182273753337
"11381","weekly",6083,5288,0,4.16352773507242
"11382","weekly",6083,5289,0,4.13936213607667
"11383","weekly",6083,5290,0,4.10704053650261
"11384","weekly",6083,5291,0,4.06710182415554
"11385","weekly",6083,5292,0,4.02258792493376
"11386","weekly",6083,5293,0,3.97825090881088
"11387","weekly",6083,5294,0,3.93952655038447
"11388","weekly",6083,5295,0,3.91148520738352
"11389","weekly",6083,5296,0,3.89792077682796
"11390","weekly",6083,5297,0,3.90066033924813
"11391","weekly",6083,5298,0,3.91911919621634
"11392","weekly",6083,5299,0,3.95011404692195
"11393","weekly",6083,5300,0,3.98797402586206
"11394","weekly",6083,5301,0,4.02502112125512
"11395","weekly",6083,5302,0,4.05248250131262
"11396","weekly",6083,5303,0,4.06181383106741
"11397","weekly",6083,5304,0,4.04626035611727
"11398","weekly",6083,5305,0,4.00232226509252
"11399","weekly",6083,5306,0,3.9307204921206
"11400","weekly",6083,5307,0,3.83655441846349
"11401","weekly",6083,5308,0,3.72859198588412
"11402","weekly",6083,5309,0,3.61792320446693
"11403","weekly",6083,5310,0,3.51639282051474
"11404","weekly",6083,5311,0,3.43522265675711
"11405","weekly",6083,5312,0,3.38406611522078
"11406","weekly",6083,5313,0,3.37051116180373
"11407","weekly",6083,5314,0,3.39986954760388
"11408","weekly",6083,5315,0,3.47501363576157
"11409","weekly",6083,5316,0,3.59605054627173
"11410","weekly",6083,5317,0,3.75973602957674
"11411","weekly",6083,5318,0,3.95870606438257
"11412","weekly",6083,5319,0,4.1808141208603
"11413","weekly",6083,5320,0,4.40904425946064
"11414","weekly",6083,5321,0,4.62251391715836
"11415","weekly",6083,5322,0,4.79886353644542
"11416","weekly",6083,5323,0,4.9178236691514
"11417","weekly",6083,5324,0,4.96512277878355
"11418","weekly",6083,5325,0,4.9354996382317
"11419","weekly",6083,5326,0,4.83373189278063
"11420","weekly",6083,5327,0,4.67330218321877
"11421","weekly",6083,5328,0,4.47323140755179
"11422","weekly",6083,5329,0,4.25421452947194
"11423","weekly",6083,5330,0,4.03522098221583
"11424","weekly",6083,5331,0,3.83131729345769
"11425","weekly",6083,5332,0,3.65265776679735
"11426","weekly",6083,5333,0,3.50459463099833
"11427","weekly",6083,5334,0,3.38843476714101
"11428","weekly",6083,5335,0,3.3022566276486
"11429","weekly",6083,5336,0,3.24176570973941
"11430","weekly",6083,5337,0,3.20108447995153
"11431","weekly",6083,5338,0,3.1735124506522
"11432","weekly",6083,5339,0,3.15230454021366
"11433","weekly",6083,5340,0,3.13146548825898
"11434","weekly",6083,5341,0,3.10648108794703
"11435","weekly",6083,5342,0,3.07485044328496
"11436","weekly",6083,5343,0,3.03628618022776
"11437","weekly",6083,5344,0,2.9925195852702
"11438","weekly",6083,5345,0,2.9467541477643
"11439","weekly",6083,5346,0,2.9029017148132
"11440","weekly",6083,5347,0,2.86477000018931
"11441","weekly",6083,5348,0,2.83534358101315
"11442","weekly",6083,5349,0,2.81624094207655
"11443","weekly",6083,5350,0,2.80737620856962
"11444","weekly",6083,5351,0,2.80683113468695
"11445","weekly",6083,5352,0,2.81095119868405
"11446","weekly",6083,5353,0,2.81469789278344
"11447","weekly",6083,5354,0,2.8122859178111
"11448","weekly",6083,5355,0,2.79808422888163
"11449","weekly",6083,5356,0,2.76766456695623
"11450","weekly",6083,5357,0,2.71877800949733
"11451","weekly",6083,5358,0,2.65199306828436
"11452","weekly",6083,5359,0,2.57078991862363
"11453","weekly",6083,5360,0,2.4810700447706
"11454","weekly",6083,5361,0,2.39023647815338
"11455","weekly",6083,5362,0,2.30612763206591
"11456","weekly",6083,5363,0,2.23608752334258
"11457","weekly",6083,5364,0,2.18634243696579
"11458","weekly",6083,5365,0,2.16169929553871
"11459","weekly",6083,5366,0,2.16545738143031
"11460","weekly",6083,5367,0,2.19937076445785
"11461","weekly",6083,5368,0,2.26351466472261
"11462","weekly",6083,5369,0,2.35597904474707
"11463","weekly",6083,5370,0,2.47242135825218
"11464","weekly",6083,5371,0,2.6056411586469
"11465","weekly",6083,5372,0,2.74545833954471
"11466","weekly",6083,5373,0,2.8792199344025
"11467","weekly",6083,5374,0,2.99315041588852
"11468","weekly",6083,5375,0,3.07446709636133
"11469","weekly",6083,5376,0,3.11379260482499
"11470","weekly",6083,5377,0,3.10711791500216
"11471","weekly",6083,5378,0,3.05661241573398
"11472","weekly",6083,5379,0,2.96998103091028
"11473","weekly",6083,5380,0,2.85863047646126
"11474","weekly",6083,5381,0,2.73531475759228
"11475","weekly",6083,5382,0,2.61198784995941
"11476","weekly",6083,5383,0,2.49833890030277
"11477","weekly",6083,5384,0,2.40111181803513
"11478","weekly",6083,5385,0,2.32409742934396
"11479","weekly",6083,5386,0,2.26846506836591
"11480","weekly",6083,5387,0,2.23320536574465
"11481","weekly",6083,5388,0,2.21561258810107
"11482","weekly",6083,5389,0,2.21173027195618
"11483","weekly",6083,5390,0,2.21680990749155
"11484","weekly",6083,5391,0,2.22583061858313
"11485","weekly",6083,5392,0,2.23408902069787
"11486","weekly",6083,5393,0,2.23780217120657
"11487","weekly",6083,5394,0,2.23460853248253
"11488","weekly",6083,5395,0,2.22383820757386
"11489","weekly",6083,5396,0,2.20646978504374
"11490","weekly",6083,5397,0,2.18477874505334
"11491","weekly",6083,5398,0,2.16176880095736
"11492","weekly",6083,5399,0,2.14052281531622
"11493","weekly",6083,5400,0,2.12360143195838
"11494","weekly",6083,5401,0,2.11257355115958
"11495","weekly",6083,5402,0,2.10771538867266
"11496","weekly",6083,5403,0,2.10788845794741
"11497","weekly",6083,5404,0,2.11060579813784
"11498","weekly",6083,5405,0,2.11230530578177
"11499","weekly",6083,5406,0,2.10884471144527
"11500","weekly",6083,5407,0,2.09619492353522
"11501","weekly",6083,5408,0,2.07123747566948
"11502","weekly",6083,5409,0,2.032496531785
"11503","weekly",6083,5410,0,1.98060471352073
"11504","weekly",6083,5411,0,1.91835305540008
"11505","weekly",6083,5412,0,1.85030296843615
"11506","weekly",6083,5413,0,1.78208533354336
"11507","weekly",6083,5414,0,1.71960375076742
"11508","weekly",6083,5415,0,1.66835270062438
"11509","weekly",6083,5416,0,1.63297191771562
"11510","weekly",6083,5417,0,1.61704058523173
"11511","weekly",6083,5418,0,1.62302376373555
"11512","weekly",6083,5419,0,1.65224573633168
"11513","weekly",6083,5420,0,1.7047799131542
"11514","weekly",6083,5421,0,1.77920029853703
"11515","weekly",6083,5422,0,1.87222401378676
"11516","weekly",6083,5423,0,1.97837563083158
"11517","weekly",6083,5424,0,2.08989510257379
"11518","weekly",6083,5425,0,2.19714068388566
"11519","weekly",6083,5426,0,2.28964646495297
"11520","weekly",6083,5427,0,2.35776092190645
"11521","weekly",6083,5428,0,2.39450301000034
"11522","weekly",6083,5429,0,2.39701247040648
"11523","weekly",6083,5430,0,2.36712092446396
"11524","weekly",6083,5431,0,2.31084041984286
"11525","weekly",6083,5432,0,2.23693591592018
"11526","weekly",6083,5433,0,2.15514501952566
"11527","weekly",6083,5434,0,2.07457741023973
"11528","weekly",6083,5435,0,2.00263392325724
"11529","weekly",6083,5436,0,1.94451204320649
"11530","weekly",6083,5437,0,1.90316458343295
"11531","weekly",6083,5438,0,1.87951032046112
"11532","weekly",6083,5439,0,1.87272866410785
"11533","weekly",6083,5440,0,1.88055394979892
"11534","weekly",6083,5441,0,1.89956792831072
"11535","weekly",6083,5442,0,1.92553877693717
"11536","weekly",6083,5443,0,1.95385880063986
"11537","weekly",6083,5444,0,1.98009120768984
"11538","weekly",6083,5445,0,2.00056693915394
"11539","weekly",6083,5446,0,2.01290987798711
"11540","weekly",6083,5447,0,2.01635043570423
"11541","weekly",6083,5448,0,2.01173162020859
"11542","weekly",6083,5449,0,2.00120143374079
"11543","weekly",6083,5450,0,1.98767705008504
"11544","weekly",6083,5451,0,1.97421710536582
"11545","weekly",6083,5452,0,1.96343368926318
"11546","weekly",6083,5453,0,1.95703254966065
"11547","weekly",6083,5454,0,1.95552102592774
"11548","weekly",6083,5455,0,1.95809343209839
"11549","weekly",6083,5456,0,1.96269840019522
"11550","weekly",6083,5457,0,1.96629867574666
"11551","weekly",6083,5458,0,1.96532883335021
"11552","weekly",6083,5459,0,1.95632309911889
"11553","weekly",6083,5460,0,1.93662505436805
"11554","weekly",6083,5461,0,1.90502924373141
"11555","weekly",6083,5462,0,1.86218274835846
"11556","weekly",6083,5463,0,1.81062297176686
"11557","weekly",6083,5464,0,1.75443852992612
"11558","weekly",6083,5465,0,1.69866370162345
"11559","weekly",6083,5466,0,1.64859118853929
"11560","weekly",6083,5467,0,1.60917941224761
"11561","weekly",6083,5468,0,1.58465361912386
"11562","weekly",6083,5469,0,1.57830098358681
"11563","weekly",6083,5470,0,1.59238403194468
"11564","weekly",6083,5471,0,1.6280667540268
"11565","weekly",6083,5472,0,1.68526416027453
"11566","weekly",6083,5473,0,1.76237949021743
"11567","weekly",6083,5474,0,1.85597342255642
"11568","weekly",6083,5475,0,1.96050163387554
"11569","weekly",6083,5476,0,2.06833052745787
"11570","weekly",6083,5477,0,2.17024617109564
"11571","weekly",6083,5478,0,2.25655993545661
"11572","weekly",6083,5479,0,2.3186849327758
"11573","weekly",6083,5480,0,2.35079587786458
"11574","weekly",6083,5481,0,2.35100628374494
"11575","weekly",6083,5482,0,2.32178104636841
"11576","weekly",6083,5483,0,2.2692866033758
"11577","weekly",6083,5484,0,2.20193844047026
"11578","weekly",6083,5485,0,2.12881604058202
"11579","weekly",6083,5486,0,2.05826120130951
"11580","weekly",6083,5487,0,1.99696092889644
"11581","weekly",6083,5488,0,1.94954269731534
"11582","weekly",6083,5489,0,1.91855022255913
"11583","weekly",6083,5490,0,1.90462190922699
"11584","weekly",6083,5491,0,1.90673455232172
"11585","weekly",6083,5492,0,1.9224523678422
"11586","weekly",6083,5493,0,1.9481937684177
"11587","weekly",6083,5494,0,1.97956867641187
"11588","weekly",6083,5495,0,2.0118346446834
"11589","weekly",6083,5496,0,2.04047206920222
"11590","weekly",6083,5497,0,2.06180671337643
"11591","weekly",6083,5498,0,2.07354725996265
"11592","weekly",6083,5499,0,2.07509369633044
"11593","weekly",6083,5500,0,2.06752423392027
"11594","weekly",6083,5501,0,2.05326364588109
"11595","weekly",6083,5502,0,2.03552844483056
"11596","weekly",6083,5503,0,2.01769215255626
"11597","weekly",6083,5504,0,2.00270420493325
"11598","weekly",6083,5505,0,1.99264790822053
"11599","weekly",6083,5506,0,1.98846934892936
"11600","weekly",6083,5507,0,1.98987541228416
"11601","weekly",6083,5508,0,1.99539118274697
"11602","weekly",6083,5509,0,2.00257385251462
"11603","weekly",6083,5510,0,2.00838280728203
"11604","weekly",6083,5511,0,2.00968806809396
"11605","weekly",6083,5512,0,2.00385922787245
"11606","weekly",6083,5513,0,1.9893299996038
"11607","weekly",6083,5514,0,1.96600806267816
"11608","weekly",6083,5515,0,1.93542113294825
"11609","weekly",6083,5516,0,1.90056016240851
"11610","weekly",6083,5517,0,1.86547140424955
"11611","weekly",6083,5518,0,1.83471759059466
"11612","weekly",6083,5519,0,1.81284342063009
"11613","weekly",6083,5520,0,1.80394114318187
"11614","weekly",6083,5521,0,1.81134445461794
"11615","weekly",6083,5522,0,1.83741727127926
"11616","weekly",6083,5523,0,1.88337221613619
"11617","weekly",6083,5524,0,1.94908651974401
"11618","weekly",6083,5525,0,2.03279473344446
"11619","weekly",6083,5526,0,2.13083219458349
"11620","weekly",6083,5527,0,2.2375574077596
"11621","weekly",6083,5528,0,2.34548615000676
"11622","weekly",6083,5529,0,2.44589334633201
"11623","weekly",6083,5530,0,2.52989634283585
"11624","weekly",6083,5531,0,2.58987008186523
"11625","weekly",6083,5532,0,2.62085288597154
"11626","weekly",6083,5533,0,2.62151936354348
"11627","weekly",6083,5534,0,2.5943992017128
"11628","weekly",6083,5535,0,2.54527804694953
"11629","weekly",6083,5536,0,2.48200058349175
"11630","weekly",6083,5537,0,2.41306262722355
"11631","weekly",6083,5538,0,2.34636518955813
"11632","weekly",6083,5539,0,2.28835369760054
"11633","weekly",6083,5540,0,2.243582113093
"11634","weekly",6083,5541,0,2.21461135067511
"11635","weekly",6083,5542,0,2.2021066355228
"11636","weekly",6083,5543,0,2.2050239154778
"11637","weekly",6083,5544,0,2.2208350924484
"11638","weekly",6083,5545,0,2.24580077891005
"11639","weekly",6083,5546,0,2.27533256151946
"11640","weekly",6083,5547,0,2.30448098151828
"11641","weekly",6083,5548,0,2.32854095529183
"11642","weekly",6083,5549,0,2.34370041658985
"11643","weekly",6083,5550,0,2.34760262080817
"11644","weekly",6083,5551,0,2.33968144195387
"11645","weekly",6083,5552,0,2.32117696804926
"11646","weekly",6083,5553,0,2.29482891497901
"11647","weekly",6083,5554,0,2.26433666836238
"11648","weekly",6083,5555,0,2.23372649739031
"11649","weekly",6083,5556,0,2.20676239707973
"11650","weekly",6083,5557,0,2.18649085701327
"11651","weekly",6083,5558,0,2.1749517081771
"11652","weekly",6083,5559,0,2.17304389562923
"11653","weekly",6083,5560,0,2.18051815617946
"11654","weekly",6083,5561,0,2.19607403353439
"11655","weekly",6083,5562,0,2.21755313590984
"11656","weekly",6083,5563,0,2.24222927476512
"11657","weekly",6083,5564,0,2.26718912133947
"11658","weekly",6083,5565,0,2.28977328471956
"11659","weekly",6083,5566,0,2.30801672625239
"11660","weekly",6083,5567,0,2.32100591654307
"11661","weekly",6083,5568,0,2.32907370326575
"11662","weekly",6083,5569,0,2.33378594327951
"11663","weekly",6083,5570,0,2.33772523663356
"11664","weekly",6083,5571,0,2.34412479581079
"11665","weekly",6083,5572,0,2.35642990699853
"11666","weekly",6083,5573,0,2.37785902980249
"11667","weekly",6083,5574,0,2.41089265950723
"11668","weekly",6083,5575,0,2.45716356209596
"11669","weekly",6083,5576,0,2.51715597391012
"11670","weekly",6083,5577,0,2.58985639284947
"11671","weekly",6083,5578,0,2.67266377940541
"11672","weekly",6083,5579,0,2.7614026471565
"11673","weekly",6083,5580,0,2.85051958161057
"11674","weekly",6083,5581,0,2.93356621958083
"11675","weekly",6083,5582,0,3.00394707734813
"11676","weekly",6083,5583,0,3.0558554813324
"11677","weekly",6083,5584,0,3.08521843404742
"11678","weekly",6083,5585,0,3.09042013611179
"11679","weekly",6083,5586,0,3.07260489737382
"11680","weekly",6083,5587,0,3.03547320037615
"11681","weekly",6083,5588,0,2.98463438366889
"11682","weekly",6083,5589,0,2.92669914729777
"11683","weekly",6083,5590,0,2.86833644163562
"11684","weekly",6083,5591,0,2.81547789459
"11685","weekly",6083,5592,0,2.77276369457832
"11686","weekly",6083,5593,0,2.74323441454908
"11687","weekly",6083,5594,0,2.7282177429297
"11688","weekly",6083,5595,0,2.72734731194214
"11689","weekly",6083,5596,0,2.73867272978532
"11690","weekly",6083,5597,0,2.75885585820652
"11691","weekly",6083,5598,0,2.78347750604735
"11692","weekly",6083,5599,0,2.80748432088876
"11693","weekly",6083,5600,0,2.82577954998123
"11694","weekly",6083,5601,0,2.83390854584286
"11695","weekly",6083,5602,0,2.82873085830943
"11696","weekly",6083,5603,0,2.80893578173709
"11697","weekly",6083,5604,0,2.77527262974763
"11698","weekly",6083,5605,0,2.73043421562761
"11699","weekly",6083,5606,0,2.67862726715975
"11700","weekly",6083,5607,0,2.62494573544245
"11701","weekly",6083,5608,0,2.57469822923304
"11702","weekly",6083,5609,0,2.53282069758279
"11703","weekly",6083,5610,0,2.50344812416006
"11704","weekly",6083,5611,0,2.48965479148319
"11705","weekly",6083,5612,0,2.49332699447405
"11706","weekly",6083,5613,0,2.51511599536752
"11707","weekly",6083,5614,0,2.55442996192141
"11708","weekly",6083,5615,0,2.60945127430023
"11709","weekly",6083,5616,0,2.67719709890662
"11710","weekly",6083,5617,0,2.75366392792785
"11711","weekly",6083,5618,0,2.83410010483931
"11712","weekly",6083,5619,0,2.9134279784048
"11713","weekly",6083,5620,0,2.98679182224441
"11714","weekly",6083,5621,0,3.05016998766223
"11715","weekly",6083,5622,0,3.10086597653572
"11716","weekly",6083,5623,0,3.13783913117368
"11717","weekly",6083,5624,0,3.16179477435071
"11718","weekly",6083,5625,0,3.17493439451209
"11719","weekly",6083,5626,0,3.18049369685468
"11720","weekly",6083,5627,0,3.18215808339301
"11721","weekly",6083,5628,0,3.18347049024305
"11722","weekly",6083,5629,0,3.18732297566021
"11723","weekly",6083,5630,0,3.19558613488334
"11724","weekly",6083,5631,0,3.20889765652828
"11725","weekly",6083,5632,0,3.22661275989958
"11726","weekly",6083,5633,0,3.24691353936214
"11727","weekly",6083,5634,0,3.26707241748227
"11728","weekly",6083,5635,0,3.28385638498003
"11729","weekly",6083,5636,0,3.29403752603685
"11730","weekly",6083,5637,0,3.29494456649991
"11731","weekly",6083,5638,0,3.28496230259771
"11732","weekly",6083,5639,0,3.26387741419603
"11733","weekly",6083,5640,0,3.2329917078896
"11734","weekly",6083,5641,0,3.1949748438492
"11735","weekly",6083,5642,0,3.15349064933253
"11736","weekly",6083,5643,0,3.11268016378745
"11737","weekly",6083,5644,0,3.07660301760188
"11738","weekly",6083,5645,0,3.04872456987505
"11739","weekly",6083,5646,0,3.03150232616463
"11740","weekly",6083,5647,0,3.02609081793344
"11741","weekly",6083,5648,0,3.03216485600569
"11742","weekly",6083,5649,0,3.04786228568992
"11743","weekly",6083,5650,0,3.06986338220304
"11744","weekly",6083,5651,0,3.09364069823641
"11745","weekly",6083,5652,0,3.11391296528745
"11746","weekly",6083,5653,0,3.12530592101393
"11747","weekly",6083,5654,0,3.12316102298792
"11748","weekly",6083,5655,0,3.10435896573472
"11749","weekly",6083,5656,0,3.06797466255375
"11750","weekly",6083,5657,0,3.0155898630619
"11751","weekly",6083,5658,0,2.95117059361655
"11752","weekly",6083,5659,0,2.88054224691587
"11753","weekly",6083,5660,0,2.81061038040207
"11754","weekly",6083,5661,0,2.74852859586827
"11755","weekly",6083,5662,0,2.7009884348372
"11756","weekly",6083,5663,0,2.67372248973697
"11757","weekly",6083,5664,0,2.67121488624252
"11758","weekly",6083,5665,0,2.69654206887935
"11759","weekly",6083,5666,0,2.7512405901798
"11760","weekly",6083,5667,0,2.83511775848456
"11761","weekly",6083,5668,0,2.94597641367
"11762","weekly",6083,5669,0,3.07930425647646
"11763","weekly",6083,5670,0,3.22806323392433
"11764","weekly",6083,5671,0,3.38277620650479
"11765","weekly",6083,5672,0,3.53210586082423
"11766","weekly",6083,5673,0,3.6640192969935
"11767","weekly",6083,5674,0,3.76735494233435
"11768","weekly",6083,5675,0,3.83376171684358
"11769","weekly",6083,5676,0,3.85916350476327
"11770","weekly",6083,5677,0,3.84427643712843
"11771","weekly",6083,5678,0,3.79436607990647
"11772","weekly",6083,5679,0,3.71806747789378
"11773","weekly",6083,5680,0,3.62572184565943
"11774","weekly",6083,5681,0,3.5276919202006
"11775","weekly",6083,5682,0,3.43301711877575
"11776","weekly",6083,5683,0,3.34857534864568
"11777","weekly",6083,5684,0,3.2787370965234
"11778","weekly",6083,5685,0,3.22539418796077
"11779","weekly",6083,5686,0,3.18822771523264
"11780","weekly",6083,5687,0,3.16511628005537
"11781","weekly",6083,5688,0,3.15263595458237
"11782","weekly",6083,5689,0,3.14663542254129
"11783","weekly",6083,5690,0,3.14286908801296
"11784","weekly",6083,5691,0,3.13764170309878
"11785","weekly",6083,5692,0,3.12838008260587
"11786","weekly",6083,5693,0,3.11402744179941
"11787","weekly",6083,5694,0,3.09517346537905
"11788","weekly",6083,5695,0,3.07388832076686
"11789","weekly",6083,5696,0,3.05329971696483
"11790","weekly",6083,5697,0,3.03700767311966
"11791","weekly",6083,5698,0,3.02845031782635
"11792","weekly",6083,5699,0,3.03031572810141
"11793","weekly",6083,5700,0,3.04405843792483
"11794","weekly",6083,5701,0,3.06954933554516
"11795","weekly",6083,5702,0,3.10488023029757
"11796","weekly",6083,5703,0,3.14635908987839
"11797","weekly",6083,5704,0,3.18875213965657
"11798","weekly",6083,5705,0,3.22582809903543
"11799","weekly",6083,5706,0,3.25121387737454
"11800","weekly",6083,5707,0,3.25947597142658
"11801","weekly",6083,5708,0,3.24722720877617
"11802","weekly",6083,5709,0,3.21398388652597
"11803","weekly",6083,5710,0,3.16252266222727
"11804","weekly",6083,5711,0,3.098624057282
"11805","weekly",6083,5712,0,3.03028697121772
"11806","weekly",6083,5713,0,2.96666081922012
"11807","weekly",6083,5714,0,2.9169913646183
"11808","weekly",6083,5715,0,2.88980115443701
"11809","weekly",6083,5716,0,2.89237793258508
"11810","weekly",6083,5717,0,2.93053538363893
"11811","weekly",6083,5718,0,3.00833964804769
"11812","weekly",6083,5719,0,3.12780113943154
"11813","weekly",6083,5720,0,3.28841089899652
"11814","weekly",6083,5721,0,3.48633230253472
"11815","weekly",6083,5722,0,3.71355700801359
"11816","weekly",6083,5723,0,3.95733985272818
"11817","weekly",6083,5724,0,4.20039500735584
"11818","weekly",6083,5725,0,4.42229025257984
"11819","weekly",6083,5726,0,4.60216051095631
"11820","weekly",6083,5727,0,4.72231447946979
"11821","weekly",6083,5728,0,4.77176480687922
"11822","weekly",6083,5729,0,4.74851370375836
"11823","weekly",6083,5730,0,4.65977825064328
"11824","weekly",6083,5731,0,4.52011219237465
"11825","weekly",6083,5732,0,4.34815693672863
"11826","weekly",6083,5733,0,4.1631255276443
"11827","weekly",6083,5734,0,3.9819693484169
"11828","weekly",6083,5735,0,3.81769484287361
"11829","weekly",6083,5736,0,3.67880061527831
"11830","weekly",6083,5737,0,3.56950837548357
"11831","weekly",6083,5738,0,3.49040308676194
"11832","weekly",6083,5739,0,3.4391977553023
"11833","weekly",6083,5740,0,3.41148855997017
"11834","weekly",6083,5741,0,3.40148746912018
"11835","weekly",6083,5742,0,3.40277450895519
"11836","weekly",6083,5743,0,3.40909649076639
"11837","weekly",6083,5744,0,3.41517478280002
"11838","weekly",6083,5745,0,3.41741174121853
"11839","weekly",6083,5746,0,3.41434898218722
"11840","weekly",6083,5747,0,3.40675924505922
"11841","weekly",6083,5748,0,3.39734015025897
"11842","weekly",6083,5749,0,3.39008183925762
"11843","weekly",6083,5750,0,3.38945172913373
"11844","weekly",6083,5751,0,3.39955135347554
"11845","weekly",6083,5752,0,3.4233619060833
"11846","weekly",6083,5753,0,3.46214144967962
"11847","weekly",6083,5754,0,3.51500366677647
"11848","weekly",6083,5755,0,3.57871219769004
"11849","weekly",6083,5756,0,3.64775587411714
"11850","weekly",6083,5757,0,3.71479560306761
"11851","weekly",6083,5758,0,3.77155134433997
"11852","weekly",6083,5759,0,3.81009972060565
"11853","weekly",6083,5760,0,3.82439281762345
"11854","weekly",6083,5761,0,3.81165455275914
"11855","weekly",6083,5762,0,3.77326025799266
"11856","weekly",6083,5763,0,3.71482228086097
"11857","weekly",6083,5764,0,3.64546060442808
"11858","weekly",6083,5765,0,3.57651116611669
"11859","weekly",6083,5766,0,3.52007632740424
"11860","weekly",6083,5767,0,3.48778667260194
"11861","weekly",6083,5768,0,3.48996330154478
"11862","weekly",6083,5769,0,3.53515004229848
"11863","weekly",6083,5770,0,3.62982073865714
"11864","weekly",6083,5771,0,3.77800327169825
"11865","weekly",6083,5772,0,3.98060320073273
"11866","weekly",6083,5773,0,4.23434751658351
"11867","weekly",6083,5774,0,4.53049501220812
"11868","weekly",6083,5775,0,4.85374501463957
"11869","weekly",6083,5776,0,5.18202793161618
"11870","weekly",6083,5777,0,5.48790635162732
"11871","weekly",6083,5778,0,5.74197090795496
"11872","weekly",6083,5779,0,5.91785380622605
"11873","weekly",6083,5780,0,5.99758669117
"11874","weekly",6083,5781,0,5.97552865598118
"11875","weekly",6083,5782,0,5.85941609099973
"11876","weekly",6083,5783,0,5.66817827479099
"11877","weekly",6083,5784,0,5.42742822383298
"11878","weekly",6083,5785,0,5.16427183902124
"11879","weekly",6083,5786,0,4.9029739817488
"11880","weekly",6083,5787,0,4.66231695006718
"11881","weekly",6083,5788,0,4.45468667556997
"11882","weekly",6083,5789,0,4.28640837551211
"11883","weekly",6083,5790,0,4.15872353917803
"11884","weekly",6083,5791,0,4.06893809678149
"11885","weekly",6083,5792,0,4.01150412633433
"11886","weekly",6083,5793,0,3.97899623433477
"11887","weekly",6083,5794,0,3.96304871066241
"11888","weekly",6083,5795,0,3.9553222116956
"11889","weekly",6083,5796,0,3.94849439745303
"11890","weekly",6083,5797,0,3.93716708480497
"11891","weekly",6083,5798,0,3.91851362696616
"11892","weekly",6083,5799,0,3.89250074187294
"11893","weekly",6083,5800,0,3.86161344285938
"11894","weekly",6083,5801,0,3.8301460716757
"11895","weekly",6083,5802,0,3.8032302314532
"11896","weekly",6083,5803,0,3.78580507758306
"11897","weekly",6083,5804,0,3.78169673969387
"11898","weekly",6083,5805,0,3.79290068129194
"11899","weekly",6083,5806,0,3.81910183961736
"11900","weekly",6083,5807,0,3.85745104245143
"11901","weekly",6083,5808,0,3.90263887541369
"11902","weekly",6083,5809,0,3.9473380370473
"11903","weekly",6083,5810,0,3.98307732347166
"11904","weekly",6083,5811,0,4.0015301706735
"11905","weekly",6083,5812,0,3.9960516706924
"11906","weekly",6083,5813,0,3.96313862554962
"11907","weekly",6083,5814,0,3.90343867623596
"11908","weekly",6083,5815,0,3.82189681066666
"11909","weekly",6083,5816,0,3.72710343272774
"11910","weekly",6083,5817,0,3.63005540566519
"11911","weekly",6083,5818,0,3.54260683100438
"11912","weekly",6083,5819,0,3.47611550046713
"11913","weekly",6083,5820,0,3.44049733458087
"11914","weekly",6083,5821,0,3.44370458196499
"11915","weekly",6083,5822,0,3.49146499895141
"11916","weekly",6083,5823,0,3.58704081416363
"11917","weekly",6083,5824,0,3.73079382593278
"11918","weekly",6083,5825,0,3.91946054657456
"11919","weekly",6083,5826,0,4.14523114805343
"11920","weekly",6083,5827,0,4.3949592145218
"11921","weekly",6083,5828,0,4.65003518073354
"11922","weekly",6083,5829,0,4.88750553876162
"11923","weekly",6083,5830,0,5.08277002966497
"11924","weekly",6083,5831,0,5.21360654785531
"11925","weekly",6083,5832,0,5.26455698075006
"11926","weekly",6083,5833,0,5.23026245139772
"11927","weekly",6083,5834,0,5.11652681176201
"11928","weekly",6083,5835,0,4.93871633932577
"11929","weekly",6083,5836,0,4.71813875142834
"11930","weekly",6083,5837,0,4.47771030906006
"11931","weekly",6083,5838,0,4.23821532569127
"11932","weekly",6083,5839,0,4.01592891142354
"11933","weekly",6083,5840,0,3.82170637947274
"11934","weekly",6083,5841,0,3.66117901456892
"11935","weekly",6083,5842,0,3.5355485335167
"11936","weekly",6083,5843,0,3.44256491173292
"11937","weekly",6083,5844,0,3.37746244331356
"11938","weekly",6083,5845,0,3.33380311107612
"11939","weekly",6083,5846,0,3.30427649867488
"11940","weekly",6083,5847,0,3.28151873426395
"11941","weekly",6083,5848,0,3.25895657410729
"11942","weekly",6083,5849,0,3.23159580776701
"11943","weekly",6083,5850,0,3.19660709571326
"11944","weekly",6083,5851,0,3.15356075763702
"11945","weekly",6083,5852,0,3.10423576275934
"11946","weekly",6083,5853,0,3.05204483630951
"11947","weekly",6083,5854,0,3.00121957020019
"11948","weekly",6083,5855,0,2.95594039015123
"11949","weekly",6083,5856,0,2.91956856797333
"11950","weekly",6083,5857,0,2.89407096523792
"11951","weekly",6083,5858,0,2.87966555988532
"11952","weekly",6083,5859,0,2.87468607671326
"11953","weekly",6083,5860,0,2.87566991103813
"11954","weekly",6083,5861,0,2.87769416623632
"11955","weekly",6083,5862,0,2.8749878105009
"11956","weekly",6083,5863,0,2.86180687765591
"11957","weekly",6083,5864,0,2.83347125950968
"11958","weekly",6083,5865,0,2.78735884864
"11959","weekly",6083,5866,0,2.7235966710723
"11960","weekly",6083,5867,0,2.64523391256807
"11961","weekly",6083,5868,0,2.55783246344072
"11962","weekly",6083,5869,0,2.46860336299869
"11963","weekly",6083,5870,0,2.38535558490548
"11964","weekly",6083,5871,0,2.31554069835693
"11965","weekly",6083,5872,0,2.26557842409238
"11966","weekly",6083,5873,0,2.24049790023128
"11967","weekly",6083,5874,0,2.243801310251
"11968","weekly",6083,5875,0,2.27739365026355
"11969","weekly",6083,5876,0,2.34143084898824
"11970","weekly",6083,5877,0,2.43400471369387
"11971","weekly",6083,5878,0,2.55069165924215
"11972","weekly",6083,5879,0,2.68412545480533
"11973","weekly",6083,5880,0,2.8238774582278
"11974","weekly",6083,5881,0,2.95697556948289
"11975","weekly",6083,5882,0,3.0692857693648
"11976","weekly",6083,5883,0,3.14768374586129
"11977","weekly",6083,5884,0,3.18254358129343
"11978","weekly",6083,5885,0,3.16977664767182
"11979","weekly",6083,5886,0,3.11168724205345
"11980","weekly",6083,5887,0,3.01632120794966
"11981","weekly",6083,5888,0,2.89556790195638
"11982","weekly",6083,5889,0,2.76270890800515
"11983","weekly",6083,5890,0,2.63017680347548
"11984","weekly",6083,5891,0,2.50802787486464
"11985","weekly",6083,5892,0,2.40325226215646
"11986","weekly",6083,5893,0,2.3197516251239
"11987","weekly",6083,5894,0,2.25869874749333
"11988","weekly",6083,5895,0,2.21902914793463
"11989","weekly",6083,5896,0,2.19792406499619
"11990","weekly",6083,5897,0,2.19125630622148
"11991","weekly",6083,5898,0,2.1940430381801
"11992","weekly",6083,5899,0,2.20096564039704
"11993","weekly",6083,5900,0,2.20697827477125
"11994","weekly",6083,5901,0,2.20795413156156
"11995","weekly",6083,5902,0,2.20124862139346
"11996","weekly",6083,5903,0,2.18603371290374
"11997","weekly",6083,5904,0,2.16329974317341
"11998","weekly",6083,5905,0,2.13551558714244
"11999","weekly",6083,5906,0,2.10603858760442
"12000","weekly",6083,5907,0,2.078423434461
"12001","weekly",6083,5908,0,2.05577428764082
"12002","weekly",6083,5909,0,2.04023400426377
"12003","weekly",6083,5910,0,2.03266628834535
"12004","weekly",6083,5911,0,2.03244564594934
"12005","weekly",6083,5912,0,2.03745905304095
"12006","weekly",6083,5913,0,2.04433196256286
"12007","weekly",6083,5914,0,2.04880280818907
"12008","weekly",6083,5915,0,2.04634395579342
"12009","weekly",6083,5916,0,2.03295730391983
"12010","weekly",6083,5917,0,2.00600622751517
"12011","weekly",6083,5918,0,1.96487662257277
"12012","weekly",6083,5919,0,1.91126474688645
"12013","weekly",6083,5920,0,1.84899056397262
"12014","weekly",6083,5921,0,1.78339532538666
"12015","weekly",6083,5922,0,1.72052054680535
"12016","weekly",6083,5923,0,1.66631136278738
"12017","weekly",6083,5924,0,1.62602656436502
"12018","weekly",6083,5925,0,1.60391571474611
"12019","weekly",6083,5926,0,1.60310631708126
"12020","weekly",6083,5927,0,1.62557597269188
"12021","weekly",6083,5928,0,1.67207658439293
"12022","weekly",6083,5929,0,1.74191985308426
"12023","weekly",6083,5930,0,1.83261294625117
"12024","weekly",6083,5931,0,1.939439940179
"12025","weekly",6083,5932,0,2.05519826512318
"12026","weekly",6083,5933,0,2.17037307500141
"12027","weekly",6083,5934,0,2.27399496242288
"12028","weekly",6083,5935,0,2.35522419519839
"12029","weekly",6083,5936,0,2.40537198932725
"12030","weekly",6083,5937,0,2.41976382213761
"12031","weekly",6083,5938,0,2.39878110936843
"12032","weekly",6083,5939,0,2.34768634897773
"12033","weekly",6083,5940,0,2.27532123617129
"12034","weekly",6083,5941,0,2.19219000125304
"12035","weekly",6083,5942,0,2.10857544120518
"12036","weekly",6083,5943,0,2.03316388480016
"12037","weekly",6083,5944,0,1.97233892942313
"12038","weekly",6083,5945,0,1.93003383462201
"12039","weekly",6083,5946,0,1.90790928999195
"12040","weekly",6083,5947,0,1.90563948627096
"12041","weekly",6083,5948,0,1.92118317630957
"12042","weekly",6083,5949,0,1.9510251271422
"12043","weekly",6083,5950,0,1.99045465706149
"12044","weekly",6083,5951,0,2.03397687681718
"12045","weekly",6083,5952,0,2.075917262031
"12046","weekly",6083,5953,0,2.11118941137102
"12047","weekly",6083,5954,0,2.1360861628782
"12048","weekly",6083,5955,0,2.14888447575504
"12049","weekly",6083,5956,0,2.15007403446361
"12050","weekly",6083,5957,0,2.14213056617882
"12051","weekly",6083,5958,0,2.12890300908475
"12052","weekly",6083,5959,0,2.11479232547572
"12053","weekly",6083,5960,0,2.10392209771089
"12054","weekly",6083,5961,0,2.09944641939364
"12055","weekly",6083,5962,0,2.10305818082998
"12056","weekly",6083,5963,0,2.1147015732131
"12057","weekly",6083,5964,0,2.13248050987022
"12058","weekly",6083,5965,0,2.15278037602548
"12059","weekly",6083,5966,0,2.17065094248392
"12060","weekly",6083,5967,0,2.18049280476407
"12061","weekly",6083,5968,0,2.17702120079775
"12062","weekly",6083,5969,0,2.15635904567898
"12063","weekly",6083,5970,0,2.11699290343677
"12064","weekly",6083,5971,0,2.06029470646172
"12065","weekly",6083,5972,0,1.99042059792555
"12066","weekly",6083,5973,0,1.91361448387033
"12067","weekly",6083,5974,0,1.83715742148343
"12068","weekly",6083,5975,0,1.76829946611542
"12069","weekly",6083,5976,0,1.71344903760473
"12070","weekly",6083,5977,0,1.67773156226031
"12071","weekly",6083,5978,0,1.66486078611342
"12072","weekly",6083,5979,0,1.67716363980435
"12073","weekly",6083,5980,0,1.71558100928087
"12074","weekly",6083,5981,0,1.77951516368194
"12075","weekly",6083,5982,0,1.86648771437467
"12076","weekly",6083,5983,0,1.97169515059795
"12077","weekly",6083,5984,0,2.08768270778819
"12078","weekly",6083,5985,0,2.20445408581872
"12079","weekly",6083,5986,0,2.31031414220342
"12080","weekly",6083,5987,0,2.39353372677579
"12081","weekly",6083,5988,0,2.44455326531897
"12082","weekly",6083,5989,0,2.45807516342029
"12083","weekly",6083,5990,0,2.43428393866634
"12084","weekly",6083,5991,0,2.3787154116726
"12085","weekly",6083,5992,0,2.30084821456694
"12086","weekly",6083,5993,0,2.21198886010097
"12087","weekly",6083,5994,0,2.123189305712
"12088","weekly",6083,5995,0,2.04374176304555
"12089","weekly",6083,5996,0,1.9804282731784
"12090","weekly",6083,5997,0,1.93739039995125
"12091","weekly",6083,5998,0,1.91634542751126
"12092","weekly",6083,5999,0,1.91689868501271
"12093","weekly",6083,6000,0,1.93681322466
"12094","weekly",6083,6001,0,1.97222615801729
"12095","weekly",6083,6002,0,2.01789846381871
"12096","weekly",6083,6003,0,2.06762343266746
"12097","weekly",6083,6004,0,2.11488149350043
"12098","weekly",6083,6005,0,2.15372030032449
"12099","weekly",6083,6006,0,2.17969931589323
"12100","weekly",6083,6007,0,2.19065728053101
"12101","weekly",6083,6008,0,2.18699210343766
"12102","weekly",6083,6009,0,2.17142605190747
"12103","weekly",6083,6010,0,2.14833207716583
"12104","weekly",6083,6011,0,2.12275656545535
"12105","weekly",6083,6012,0,2.09945757235982
"12106","weekly",6083,6013,0,2.08212324258056
"12107","weekly",6083,6014,0,2.07284394683666
"12108","weekly",6083,6015,0,2.07183073737542
"12109","weekly",6083,6016,0,2.07735068470356
"12110","weekly",6083,6017,0,2.08587675212766
"12111","weekly",6083,6018,0,2.09248855477199
"12112","weekly",6083,6019,0,2.0915651213727
"12113","weekly",6083,6020,0,2.07775009534089
"12114","weekly",6083,6021,0,2.04704962688265
"12115","weekly",6083,6022,0,1.99779985117493
"12116","weekly",6083,6023,0,1.93120112019824
"12117","weekly",6083,6024,0,1.85121936834184
"12118","weekly",6083,6025,0,1.76387462535058
"12119","weekly",6083,6026,0,1.67616069607902
"12120","weekly",6083,6027,0,1.594945347053
"12121","weekly",6083,6028,0,1.52614138118224
"12122","weekly",6083,6029,0,1.4742713100859
"12123","weekly",6083,6030,0,1.44237430140493
"12124","weekly",6083,6031,0,1.43209960332024
"12125","weekly",6083,6032,0,1.44381378337857
"12126","weekly",6083,6033,0,1.47659761997056
"12127","weekly",6083,6034,0,1.52809288608842
"12128","weekly",6083,6035,0,1.59425976447528
"12129","weekly",6083,6036,0,1.66920518822735
"12130","weekly",6083,6037,0,1.74530902641709
"12131","weekly",6083,6038,0,1.81385651772143
"12132","weekly",6083,6039,0,1.86623679002514
"12133","weekly",6083,6040,0,1.89550689343014
"12134","weekly",6083,6041,0,1.897866268293
"12135","weekly",6083,6042,0,1.87350909615634
"12136","weekly",6083,6043,0,1.82651766386698
"12137","weekly",6083,6044,0,1.76384546907502
"12138","weekly",6083,6045,0,1.69379131222377
"12139","weekly",6083,6046,0,1.62448988627875
"12140","weekly",6083,6047,0,1.56281258095987
"12141","weekly",6083,6048,0,1.51381281160866
"12142","weekly",6083,6049,0,1.48062441998627
"12143","weekly",6083,6050,0,1.46461693418678
"12144","weekly",6083,6051,0,1.46562357491348
"12145","weekly",6083,6052,0,1.48213591260719
"12146","weekly",6083,6053,0,1.51145170259406
"12147","weekly",6083,6054,0,1.54983565420844
"12148","weekly",6083,6055,0,1.59278595709475
"12149","weekly",6083,6056,0,1.63547931978246
"12150","weekly",6083,6057,0,1.67339425682439
"12151","weekly",6083,6058,0,1.70301130029839
"12152","weekly",6083,6059,0,1.7224097403232
"12153","weekly",6083,6060,0,1.73157471226295
"12154","weekly",6083,6061,0,1.73231122645666
"12155","weekly",6083,6062,0,1.72779406479094
"12156","weekly",6083,6063,0,1.72189416599576
"12157","weekly",6083,6064,0,1.71846033100155
"12158","weekly",6083,6065,0,1.7206968695682
"12159","weekly",6083,6066,0,1.73070292879129
"12160","weekly",6083,6067,0,1.74917669972638
"12161","weekly",6083,6068,0,1.77526636916446
"12162","weekly",6083,6069,0,1.80656903033378
"12163","weekly",6083,6070,0,1.83931518468307
"12164","weekly",6083,6071,0,1.86879527871497
"12165","weekly",6083,6072,0,1.89005474661826
"12166","weekly",6083,6073,0,1.89879626524635
"12167","weekly",6083,6074,0,1.89231222454691
"12168","weekly",6083,6075,0,1.87019258577493
"12169","weekly",6083,6076,0,1.83457907961565
"12170","weekly",6083,6077,0,1.78987894867896
"12171","weekly",6083,6078,0,1.74204607802676
"12172","weekly",6083,6079,0,1.69768009733525
"12173","weekly",6083,6080,0,1.66321335252724
"12174","weekly",6083,6081,0,1.64435858256184
"12175","infects",6083,0,0,398.939321423374
"12176","infects",6083,1,0,374.133210527967
"12177","infects",6083,2,0,352.314856653612
"12178","infects",6083,3,0,333.67160922763
"12179","infects",6083,4,0,318.282506575048
"12180","infects",6083,5,0,306.168244256483
"12181","infects",6083,6,0,297.326479657675
"12182","infects",6083,7,0,291.754243413228
"12183","infects",6083,8,0,289.4594433963
"12184","infects",6083,9,0,290.462875599428
"12185","infects",6083,10,0,294.791150664436
"12186","infects",6083,11,0,302.459953258027
"12187","infects",6083,12,0,313.446530633249
"12188","infects",6083,13,0,327.650742621026
"12189","infects",6083,14,0,344.84590361422
"12190","infects",6083,15,0,364.624380960466
"12191","infects",6083,16,0,386.348351707662
"12192","infects",6083,17,0,409.122074869674
"12193","infects",6083,18,0,431.805845338103
"12194","infects",6083,19,0,453.089623936953
"12195","infects",6083,20,0,471.632841310943
"12196","infects",6083,21,0,486.256097311757
"12197","infects",6083,22,0,496.14639135076
"12198","infects",6083,23,0,501.021416236284
"12199","infects",6083,24,0,501.201542887194
"12200","infects",6083,25,0,497.563573590873
"12201","infects",6083,26,0,491.388741963413
"12202","infects",6083,27,0,484.150839770278
"12203","infects",6083,28,0,477.303155345054
"12204","infects",6083,29,0,472.111476955555
"12205","infects",6083,30,0,469.554002510544
"12206","infects",6083,31,0,470.282238944247
"12207","infects",6083,32,0,474.620786473076
"12208","infects",6083,33,0,482.581264757086
"12209","infects",6083,34,0,493.873244820512
"12210","infects",6083,35,0,507.90741357539
"12211","infects",6083,36,0,523.798580956668
"12212","infects",6083,37,0,540.398511561439
"12213","infects",6083,38,0,556.30332499074
"12214","infects",6083,39,0,570.024157753574
"12215","infects",6083,40,0,580.10624511641
"12216","infects",6083,41,0,585.324978565998
"12217","infects",6083,42,0,584.865784100361
"12218","infects",6083,43,0,578.449143121446
"12219","infects",6083,44,0,566.363484376546
"12220","infects",6083,45,0,549.394545664274
"12221","infects",6083,46,0,528.671532003326
"12222","infects",6083,47,0,505.473913158217
"12223","infects",6083,48,0,481.048466682814
"12224","infects",6083,49,0,456.474241845813
"12225","infects",6083,50,0,432.591713888614
"12226","infects",6083,51,0,409.991895682357
"12227","infects",6083,52,0,389.048435610829
"12228","infects",6083,53,0,369.97211670269
"12229","infects",6083,54,0,352.870105668249
"12230","infects",6083,55,0,337.798078194203
"12231","infects",6083,56,0,324.799151434537
"12232","infects",6083,57,0,313.928037457592
"12233","infects",6083,58,0,305.261727013213
"12234","infects",6083,59,0,298.899516234264
"12235","infects",6083,60,0,294.955554019046
"12236","infects",6083,61,0,293.546538427512
"12237","infects",6083,62,0,294.776003186141
"12238","infects",6083,63,0,298.715223096027
"12239","infects",6083,64,0,305.379670814927
"12240","infects",6083,65,0,314.699760668569
"12241","infects",6083,66,0,326.485826983839
"12242","infects",6083,67,0,340.390191671444
"12243","infects",6083,68,0,355.873604359927
"12244","infects",6083,69,0,372.188298903716
"12245","infects",6083,70,0,388.393290804271
"12246","infects",6083,71,0,403.416287600214
"12247","infects",6083,72,0,416.167904308059
"12248","infects",6083,73,0,425.697496787036
"12249","infects",6083,74,0,431.360286566724
"12250","infects",6083,75,0,432.951582395385
"12251","infects",6083,76,0,430.765350892719
"12252","infects",6083,77,0,425.554563008711
"12253","infects",6083,78,0,418.402583439135
"12254","infects",6083,79,0,410.543496782084
"12255","infects",6083,80,0,403.180970566656
"12256","infects",6083,81,0,397.346170917228
"12257","infects",6083,82,0,393.812845385172
"12258","infects",6083,83,0,393.064635542523
"12259","infects",6083,84,0,395.295762677639
"12260","infects",6083,85,0,400.424296628142
"12261","infects",6083,86,0,408.104409551469
"12262","infects",6083,87,0,417.735322552853
"12263","infects",6083,88,0,428.475538084668
"12264","infects",6083,89,0,439.277965933169
"12265","infects",6083,90,0,448.941336119882
"12266","infects",6083,91,0,456.299948529351
"12267","infects",6083,92,0,460.281762700391
"12268","infects",6083,93,0,460.12651283103
"12269","infects",6083,94,0,455.505010550572
"12270","infects",6083,95,0,446.577583967702
"12271","infects",6083,96,0,433.957643450338
"12272","infects",6083,97,0,418.588141381276
"12273","infects",6083,98,0,401.566566656448
"12274","infects",6083,99,0,383.966859855248
"12275","infects",6083,100,0,366.699975178316
"12276","infects",6083,101,0,350.434890696793
"12277","infects",6083,102,0,335.579963313929
"12278","infects",6083,103,0,322.309734823037
"12279","infects",6083,104,0,310.617530957405
"12280","infects",6083,105,0,300.376984665951
"12281","infects",6083,106,0,291.401440198198
"12282","infects",6083,107,0,283.495429294106
"12283","infects",6083,108,0,276.495506312307
"12284","infects",6083,109,0,270.298924611332
"12285","infects",6083,110,0,264.879036029674
"12286","infects",6083,111,0,260.286957602591
"12287","infects",6083,112,0,256.640403209734
"12288","infects",6083,113,0,254.102287706079
"12289","infects",6083,114,0,252.852990122762
"12290","infects",6083,115,0,253.060335715282
"12291","infects",6083,116,0,254.850336963283
"12292","infects",6083,117,0,258.280121157689
"12293","infects",6083,118,0,263.313247172379
"12294","infects",6083,119,0,269.797646977019
"12295","infects",6083,120,0,277.44806756786
"12296","infects",6083,121,0,285.837737565857
"12297","infects",6083,122,0,294.40682886083
"12298","infects",6083,123,0,302.496236111811
"12299","infects",6083,124,0,309.412215412609
"12300","infects",6083,125,0,314.519441673645
"12301","infects",6083,126,0,317.34841295212
"12302","infects",6083,127,0,317.692334367586
"12303","infects",6083,128,0,315.66492325413
"12304","infects",6083,129,0,311.698397769739
"12305","infects",6083,130,0,306.478918916712
"12306","infects",6083,131,0,300.83722818255
"12307","infects",6083,132,0,295.625172793183
"12308","infects",6083,133,0,291.614742674436
"12309","infects",6083,134,0,289.401457131281
"12310","infects",6083,135,0,289.399159635724
"12311","infects",6083,136,0,291.809284006322
"12312","infects",6083,137,0,296.624035454564
"12313","infects",6083,138,0,303.624606729565
"12314","infects",6083,139,0,312.375520512891
"12315","infects",6083,140,0,322.221732201799
"12316","infects",6083,141,0,332.303124238659
"12317","infects",6083,142,0,341.604067987301
"12318","infects",6083,143,0,349.050685049491
"12319","infects",6083,144,0,353.653852678473
"12320","infects",6083,145,0,354.67480477108
"12321","infects",6083,146,0,351.771122833278
"12322","infects",6083,147,0,345.075682959817
"12323","infects",6083,148,0,335.177017881768
"12324","infects",6083,149,0,323.002392998783
"12325","infects",6083,150,0,309.639185416264
"12326","infects",6083,151,0,296.148379034951
"12327","infects",6083,152,0,283.418339419806
"12328","infects",6083,153,0,272.083812908779
"12329","infects",6083,154,0,262.508713652912
"12330","infects",6083,155,0,254.813979093896
"12331","infects",6083,156,0,248.927559632156
"12332","infects",6083,157,0,244.639022445131
"12333","infects",6083,158,0,241.650215068498
"12334","infects",6083,159,0,239.620364296754
"12335","infects",6083,160,0,238.207661370382
"12336","infects",6083,161,0,237.108947465137
"12337","infects",6083,162,0,236.096135172392
"12338","infects",6083,163,0,235.044886122751
"12339","infects",6083,164,0,233.949567056652
"12340","infects",6083,165,0,232.919888468974
"12341","infects",6083,166,0,232.158585956464
"12342","infects",6083,167,0,231.924259437251
"12343","infects",6083,168,0,232.486752807497
"12344","infects",6083,169,0,234.082818827738
"12345","infects",6083,170,0,236.877556373589
"12346","infects",6083,171,0,240.933925124442
"12347","infects",6083,172,0,246.190529217973
"12348","infects",6083,173,0,252.447994873914
"12349","infects",6083,174,0,259.366482264533
"12350","infects",6083,175,0,266.479737089258
"12351","infects",6083,176,0,273.232363581919
"12352","infects",6083,177,0,279.044434628672
"12353","infects",6083,178,0,283.40009929669
"12354","infects",6083,179,0,285.946045836681
"12355","infects",6083,180,0,286.57617247678
"12356","infects",6083,181,0,285.476702849353
"12357","infects",6083,182,0,283.114973246054
"12358","infects",6083,183,0,280.17292704466
"12359","infects",6083,184,0,277.444735139866
"12360","infects",6083,185,0,275.727519446456
"12361","infects",6083,186,0,275.72068411215
"12362","infects",6083,187,0,278.000630450915
"12363","infects",6083,188,0,282.940665027663
"12364","infects",6083,189,0,290.71811612986
"12365","infects",6083,190,0,301.287295205755
"12366","infects",6083,191,0,314.348656159028
"12367","infects",6083,192,0,329.311579443164
"12368","infects",6083,193,0,345.267541137924
"12369","infects",6083,194,0,361.001641418089
"12370","infects",6083,195,0,375.073257935474
"12371","infects",6083,196,0,385.984171214359
"12372","infects",6083,197,0,392.42222367469
"12373","infects",6083,198,0,393.528311694005
"12374","infects",6083,199,0,389.104368124578
"12375","infects",6083,200,0,379.682929281581
"12376","infects",6083,201,0,366.422982988543
"12377","infects",6083,202,0,350.863592238537
"12378","infects",6083,203,0,334.619925099638
"12379","infects",6083,204,0,319.117043602761
"12380","infects",6083,205,0,305.424409183564
"12381","infects",6083,206,0,294.203228264545
"12382","infects",6083,207,0,285.738589057508
"12383","infects",6083,208,0,280.013458924368
"12384","infects",6083,209,0,276.788893497278
"12385","infects",6083,210,0,275.671872748952
"12386","infects",6083,211,0,276.16885793103
"12387","infects",6083,212,0,277.732582772655
"12388","infects",6083,213,0,279.811436615044
"12389","infects",6083,214,0,281.906519457978
"12390","infects",6083,215,0,283.633277598792
"12391","infects",6083,216,0,284.776523620348
"12392","infects",6083,217,0,285.323704464371
"12393","infects",6083,218,0,285.464252531436
"12394","infects",6083,219,0,285.552106773174
"12395","infects",6083,220,0,286.039690563452
"12396","infects",6083,221,0,287.399125784478
"12397","infects",6083,222,0,290.046894335824
"12398","infects",6083,223,0,294.282505834431
"12399","infects",6083,224,0,300.244233601774
"12400","infects",6083,225,0,307.88015090671
"12401","infects",6083,226,0,316.932791892096
"12402","infects",6083,227,0,326.940037157383
"12403","infects",6083,228,0,337.260219980837
"12404","infects",6083,229,0,347.131783997039
"12405","infects",6083,230,0,355.779932322049
"12406","infects",6083,231,0,362.526094388249
"12407","infects",6083,232,0,366.963496485359
"12408","infects",6083,233,0,369.052794095961
"12409","infects",6083,234,0,369.175347040351
"12410","infects",6083,235,0,368.097045231745
"12411","infects",6083,236,0,366.856586951275
"12412","infects",6083,237,0,366.613459057288
"12413","infects",6083,238,0,368.498944736494
"12414","infects",6083,239,0,373.501150705648
"12415","infects",6083,240,0,382.391200205627
"12416","infects",6083,241,0,395.67584872836
"12417","infects",6083,242,0,413.551449539615
"12418","infects",6083,243,0,435.838075580751
"12419","infects",6083,244,0,461.88864711687
"12420","infects",6083,245,0,490.492361923484
"12421","infects",6083,246,0,519.818976310766
"12422","infects",6083,247,0,547.47018778136
"12423","infects",6083,248,0,570.700284100138
"12424","infects",6083,249,0,586.82485413906
"12425","infects",6083,250,0,593.754664077144
"12426","infects",6083,251,0,590.50368784986
"12427","infects",6083,252,0,577.482099317938
"12428","infects",6083,253,0,556.440717543867
"12429","infects",6083,254,0,530.070477997982
"12430","infects",6083,255,0,501.404565755439
"12431","infects",6083,256,0,473.236433924199
"12432","infects",6083,257,0,447.723303582588
"12433","infects",6083,258,0,426.234272709615
"12434","infects",6083,259,0,409.398209393609
"12435","infects",6083,260,0,397.257446592297
"12436","infects",6083,261,0,389.440823999117
"12437","infects",6083,262,0,385.306800038062
"12438","infects",6083,263,0,384.045857108809
"12439","infects",6083,264,0,384.756074256198
"12440","infects",6083,265,0,386.513725902892
"12441","infects",6083,266,0,388.455235609308
"12442","infects",6083,267,0,389.872747949428
"12443","infects",6083,268,0,390.309174423518
"12444","infects",6083,269,0,389.627273836385
"12445","infects",6083,270,0,388.027669789396
"12446","infects",6083,271,0,386.004155896449
"12447","infects",6083,272,0,384.245168353883
"12448","infects",6083,273,0,383.507148472929
"12449","infects",6083,274,0,384.490096280312
"12450","infects",6083,275,0,387.737191501041
"12451","infects",6083,276,0,393.565767013849
"12452","infects",6083,277,0,402.02521250193
"12453","infects",6083,278,0,412.874224424128
"12454","infects",6083,279,0,425.575333722153
"12455","infects",6083,280,0,439.314569249859
"12456","infects",6083,281,0,453.061980530952
"12457","infects",6083,282,0,465.687941239755
"12458","infects",6083,283,0,476.119825151279
"12459","infects",6083,284,0,483.608001701451
"12460","infects",6083,285,0,487.840050235887
"12461","infects",6083,286,0,489.101755832801
"12462","infects",6083,287,0,488.265283740316
"12463","infects",6083,288,0,486.664519849329
"12464","infects",6083,289,0,485.888630762973
"12465","infects",6083,290,0,487.558204429416
"12466","infects",6083,291,0,493.139847921413
"12467","infects",6083,292,0,503.822487965526
"12468","infects",6083,293,0,520.442156299401
"12469","infects",6083,294,0,543.419731365595
"12470","infects",6083,295,0,572.675319623096
"12471","infects",6083,296,0,607.502101554303
"12472","infects",6083,297,0,646.416417629479
"12473","infects",6083,298,0,687.042568622046
"12474","infects",6083,299,0,726.127197703843
"12475","infects",6083,300,0,759.786093915145
"12476","infects",6083,301,0,784.038571268044
"12477","infects",6083,302,0,795.571802630208
"12478","infects",6083,303,0,792.535333874832
"12479","infects",6083,304,0,775.077656166397
"12480","infects",6083,305,0,745.384966146563
"12481","infects",6083,306,0,707.173933460998
"12482","infects",6083,307,0,664.825544894938
"12483","infects",6083,308,0,622.483196904849
"12484","infects",6083,309,0,583.401258881366
"12485","infects",6083,310,0,549.66773732051
"12486","infects",6083,311,0,522.252353670396
"12487","infects",6083,312,0,501.238506439691
"12488","infects",6083,313,0,486.098557672216
"12489","infects",6083,314,0,475.92683241839
"12490","infects",6083,315,0,469.606080692172
"12491","infects",6083,316,0,465.923771359542
"12492","infects",6083,317,0,463.668995431385
"12493","infects",6083,318,0,461.734546389183
"12494","infects",6083,319,0,459.230373405688
"12495","infects",6083,320,0,455.593197304086
"12496","infects",6083,321,0,450.662425754199
"12497","infects",6083,322,0,444.692752059078
"12498","infects",6083,323,0,438.290637770133
"12499","infects",6083,324,0,432.287483224857
"12500","infects",6083,325,0,427.5829378579
"12501","infects",6083,326,0,425.010394656576
"12502","infects",6083,327,0,425.17292530865
"12503","infects",6083,328,0,428.441800201243
"12504","infects",6083,329,0,434.877055328003
"12505","infects",6083,330,0,444.220524321392
"12506","infects",6083,331,0,455.894319284295
"12507","infects",6083,332,0,469.020135881366
"12508","infects",6083,333,0,482.476205060057
"12509","infects",6083,334,0,495.010572952724
"12510","infects",6083,335,0,505.417185061461
"12511","infects",6083,336,0,512.755576107291
"12512","infects",6083,337,0,516.565378612451
"12513","infects",6083,338,0,517.010367498279
"12514","infects",6083,339,0,514.898490958919
"12515","infects",6083,340,0,511.564786575419
"12516","infects",6083,341,0,508.654228047239
"12517","infects",6083,342,0,507.87363133624
"12518","infects",6083,343,0,510.77882995454
"12519","infects",6083,344,0,518.630741112399
"12520","infects",6083,345,0,532.313124080823
"12521","infects",6083,346,0,552.27711299669
"12522","infects",6083,347,0,578.472924298156
"12523","infects",6083,348,0,610.246211495711
"12524","infects",6083,349,0,646.209076004114
"12525","infects",6083,350,0,684.13587197239
"12526","infects",6083,351,0,720.969583431324
"12527","infects",6083,352,0,753.03534032226
"12528","infects",6083,353,0,776.518825869573
"12529","infects",6083,354,0,788.16811623014
"12530","infects",6083,355,0,786.046140924889
"12531","infects",6083,356,0,770.070406289053
"12532","infects",6083,357,0,742.105784619236
"12533","infects",6083,358,0,705.54140139823
"12534","infects",6083,359,0,664.502129696843
"12535","infects",6083,360,0,622.987564651051
"12536","infects",6083,361,0,584.216940709769
"12537","infects",6083,362,0,550.317745420705
"12538","infects",6083,363,0,522.331873029481
"12539","infects",6083,364,0,500.415032556404
"12540","infects",6083,365,0,484.095309414079
"12541","infects",6083,366,0,472.503421020327
"12542","infects",6083,367,0,464.544971439059
"12543","infects",6083,368,0,459.025581171559
"12544","infects",6083,369,0,454.756002917804
"12545","infects",6083,370,0,450.659418970075
"12546","infects",6083,371,0,445.885731478616
"12547","infects",6083,372,0,439.917416767864
"12548","infects",6083,373,0,432.638101012921
"12549","infects",6083,374,0,424.336432249859
"12550","infects",6083,375,0,415.635230016744
"12551","infects",6083,376,0,407.361133893162
"12552","infects",6083,377,0,400.389407865395
"12553","infects",6083,378,0,395.501894931746
"12554","infects",6083,379,0,393.263812416323
"12555","infects",6083,380,0,394.033166272691
"12556","infects",6083,381,0,397.84146493221
"12557","infects",6083,382,0,404.440575507597
"12558","infects",6083,383,0,413.29462686294
"12559","infects",6083,384,0,423.598525564118
"12560","infects",6083,385,0,434.325997427107
"12561","infects",6083,386,0,444.324834115833
"12562","infects",6083,387,0,452.467627011941
"12563","infects",6083,388,0,457.844350560108
"12564","infects",6083,389,0,459.956272384286
"12565","infects",6083,390,0,458.853472195651
"12566","infects",6083,391,0,455.165124162921
"12567","infects",6083,392,0,450.005297752682
"12568","infects",6083,393,0,444.782433534938
"12569","infects",6083,394,0,440.973076471704
"12570","infects",6083,395,0,439.922501092153
"12571","infects",6083,396,0,442.70858817139
"12572","infects",6083,397,0,450.068777524252
"12573","infects",6083,398,0,462.363034216121
"12574","infects",6083,399,0,479.538736469339
"12575","infects",6083,400,0,501.075416705595
"12576","infects",6083,401,0,525.911972294687
"12577","infects",6083,402,0,552.388719180765
"12578","infects",6083,403,0,578.262243711075
"12579","infects",6083,404,0,600.858962958583
"12580","infects",6083,405,0,617.40788993544
"12581","infects",6083,406,0,625.527380521059
"12582","infects",6083,407,0,623.752387379468
"12583","infects",6083,408,0,611.924927937891
"12584","infects",6083,409,0,591.283926559042
"12585","infects",6083,410,0,564.196153813327
"12586","infects",6083,411,0,533.618391965037
"12587","infects",6083,412,0,502.485688866964
"12588","infects",6083,413,0,473.222744611298
"12589","infects",6083,414,0,447.487311519023
"12590","infects",6083,415,0,426.141484981068
"12591","infects",6083,416,0,409.372100773948
"12592","infects",6083,417,0,396.866787294522
"12593","infects",6083,418,0,387.980081200637
"12594","infects",6083,419,0,381.863908765507
"12595","infects",6083,420,0,377.567871437986
"12596","infects",6083,421,0,374.127726627781
"12597","infects",6083,422,0,370.657965617034
"12598","infects",6083,423,0,366.460161970826
"12599","infects",6083,424,0,361.084352867212
"12600","infects",6083,425,0,354.436318527016
"12601","infects",6083,426,0,346.758401067207
"12602","infects",6083,427,0,338.578792158495
"12603","infects",6083,428,0,330.602425447086
"12604","infects",6083,429,0,323.578980087879
"12605","infects",6083,430,0,318.181311546824
"12606","infects",6083,431,0,314.917089359796
"12607","infects",6083,432,0,314.079134422735
"12608","infects",6083,433,0,315.725855735001
"12609","infects",6083,434,0,319.678358426293
"12610","infects",6083,435,0,325.525343782666
"12611","infects",6083,436,0,332.636804048445
"12612","infects",6083,437,0,340.197229612458
"12613","infects",6083,438,0,347.273272027413
"12614","infects",6083,439,0,352.925444647009
"12615","infects",6083,440,0,356.357486099431
"12616","infects",6083,441,0,357.075125926089
"12617","infects",6083,442,0,355.009102887474
"12618","infects",6083,443,0,350.557939798154
"12619","infects",6083,444,0,344.529231587189
"12620","infects",6083,445,0,337.994974898999
"12621","infects",6083,446,0,332.10715727109
"12622","infects",6083,447,0,327.927565563179
"12623","infects",6083,448,0,326.308445828926
"12624","infects",6083,449,0,327.831067000416
"12625","infects",6083,450,0,332.784488684264
"12626","infects",6083,451,0,341.157240212568
"12627","infects",6083,452,0,352.620697752484
"12628","infects",6083,453,0,366.49936142208
"12629","infects",6083,454,0,381.743532615979
"12630","infects",6083,455,0,396.937734729176
"12631","infects",6083,456,0,410.385903584501
"12632","infects",6083,457,0,420.302806947867
"12633","infects",6083,458,0,425.105020009154
"12634","infects",6083,459,0,423.741750466247
"12635","infects",6083,460,0,415.961354004135
"12636","infects",6083,461,0,402.406565969268
"12637","infects",6083,462,0,384.485962088848
"12638","infects",6083,463,0,364.059078508127
"12639","infects",6083,464,0,343.047224250825
"12640","infects",6083,465,0,323.09827087621
"12641","infects",6083,466,0,305.388735335467
"12642","infects",6083,467,0,290.575621332772
"12643","infects",6083,468,0,278.856019680679
"12644","infects",6083,469,0,270.074749361032
"12645","infects",6083,470,0,263.833228333264
"12646","infects",6083,471,0,259.577912930653
"12647","infects",6083,472,0,256.668444316863
"12648","infects",6083,473,0,254.43699571995
"12649","infects",6083,474,0,252.250762827
"12650","infects",6083,475,0,249.581840183676
"12651","infects",6083,476,0,246.067294554751
"12652","infects",6083,477,0,241.598469859055
"12653","infects",6083,478,0,236.290942628024
"12654","infects",6083,479,0,230.484385631118
"12655","infects",6083,480,0,224.66655126915
"12656","infects",6083,481,0,219.380712201857
"12657","infects",6083,482,0,215.135201003611
"12658","infects",6083,483,0,212.334341684889
"12659","infects",6083,484,0,211.237754284346
"12660","infects",6083,485,0,211.94328420026
"12661","infects",6083,486,0,214.383212736041
"12662","infects",6083,487,0,218.325150116765
"12663","infects",6083,488,0,223.375792884041
"12664","infects",6083,489,0,228.993787626364
"12665","infects",6083,490,0,234.523399872936
"12666","infects",6083,491,0,239.260053247225
"12667","infects",6083,492,0,242.549930065278
"12668","infects",6083,493,0,243.909942755811
"12669","infects",6083,494,0,243.137896123929
"12670","infects",6083,495,0,240.375705850253
"12671","infects",6083,496,0,236.098908226407
"12672","infects",6083,497,0,231.031524190104
"12673","infects",6083,498,0,226.013700352903
"12674","infects",6083,499,0,221.864435924405
"12675","infects",6083,500,0,219.275644071014
"12676","infects",6083,501,0,218.752722090817
"12677","infects",6083,502,0,220.594269975734
"12678","infects",6083,503,0,224.890707500011
"12679","infects",6083,504,0,231.521491063136
"12680","infects",6083,505,0,240.140296038013
"12681","infects",6083,506,0,250.151895946533
"12682","infects",6083,507,0,260.699081188172
"12683","infects",6083,508,0,270.688230633052
"12684","infects",6083,509,0,278.881981074384
"12685","infects",6083,510,0,284.070675541438
"12686","infects",6083,511,0,285.300475837913
"12687","infects",6083,512,0,282.097089856496
"12688","infects",6083,513,0,274.603388402933
"12689","infects",6083,514,0,263.567743887671
"12690","infects",6083,515,0,250.176576569991
"12691","infects",6083,516,0,235.789909953269
"12692","infects",6083,517,0,221.673848690412
"12693","infects",6083,518,0,208.810379516298
"12694","infects",6083,519,0,197.826031544128
"12695","infects",6083,520,0,188.974468005732
"12696","infects",6083,521,0,182.249395453304
"12697","infects",6083,522,0,177.4310444815
"12698","infects",6083,523,0,174.173859510901
"12699","infects",6083,524,0,172.058800685739
"12700","infects",6083,525,0,170.627749883097
"12701","infects",6083,526,0,169.425154840223
"12702","infects",6083,527,0,168.045530126166
"12703","infects",6083,528,0,166.184766638433
"12704","infects",6083,529,0,163.68607686892
"12705","infects",6083,530,0,160.566527142954
"12706","infects",6083,531,0,157.012551148735
"12707","infects",6083,532,0,153.342330628651
"12708","infects",6083,533,0,149.94479794205
"12709","infects",6083,534,0,147.212631748647
"12710","infects",6083,535,0,145.485901235344
"12711","infects",6083,536,0,145.015188633203
"12712","infects",6083,537,0,145.943260665518
"12713","infects",6083,538,0,148.297905707881
"12714","infects",6083,539,0,151.987768158667
"12715","infects",6083,540,0,156.797161623199
"12716","infects",6083,541,0,162.382551151885
"12717","infects",6083,542,0,168.279847044976
"12718","infects",6083,543,0,173.934859256882
"12719","infects",6083,544,0,178.766254514146
"12720","infects",6083,545,0,182.259574777253
"12721","infects",6083,546,0,184.074676380693
"12722","infects",6083,547,0,184.134983533347
"12723","infects",6083,548,0,182.665228391006
"12724","infects",6083,549,0,180.159940286348
"12725","infects",6083,550,0,177.291818121173
"12726","infects",6083,551,0,174.792263399365
"12727","infects",6083,552,0,173.34237354656
"12728","infects",6083,553,0,173.499798375398
"12729","infects",6083,554,0,175.665009426108
"12730","infects",6083,555,0,180.072657047102
"12731","infects",6083,556,0,186.787054518442
"12732","infects",6083,557,0,195.685241888614
"12733","infects",6083,558,0,206.422663063179
"12734","infects",6083,559,0,218.391460113495
"12735","infects",6083,560,0,230.696449738926
"12736","infects",6083,561,0,242.183896126566
"12737","infects",6083,562,0,251.554992564607
"12738","infects",6083,563,0,257.571664060977
"12739","infects",6083,564,0,259.318424997684
"12740","infects",6083,565,0,256.439311597071
"12741","infects",6083,566,0,249.254332250485
"12742","infects",6083,567,0,238.696507114283
"12743","infects",6083,568,0,226.08608163736
"12744","infects",6083,569,0,212.828830408011
"12745","infects",6083,570,0,200.147297451315
"12746","infects",6083,571,0,188.919453739226
"12747","infects",6083,572,0,179.630102529564
"12748","infects",6083,573,0,172.448783346152
"12749","infects",6083,574,0,167.27170641809
"12750","infects",6083,575,0,163.829748099418
"12751","infects",6083,576,0,161.747298740432
"12752","infects",6083,577,0,160.589209163334
"12753","infects",6083,578,0,159.900550152422
"12754","infects",6083,579,0,159.249554979412
"12755","infects",6083,580,0,158.277764748478
"12756","infects",6083,581,0,156.752009459073
"12757","infects",6083,582,0,154.604952998884
"12758","infects",6083,583,0,151.949183771622
"12759","infects",6083,584,0,149.056467420799
"12760","infects",6083,585,0,146.306144158674
"12761","infects",6083,586,0,144.117957569921
"12762","infects",6083,587,0,142.888322702477
"12763","infects",6083,588,0,142.943596460389
"12764","infects",6083,589,0,144.513422586018
"12765","infects",6083,590,0,147.717994082025
"12766","infects",6083,591,0,152.559381230192
"12767","infects",6083,592,0,158.909582604985
"12768","infects",6083,593,0,166.494866099889
"12769","infects",6083,594,0,174.884598691599
"12770","infects",6083,595,0,183.49997873052
"12771","infects",6083,596,0,191.659927176832
"12772","infects",6083,597,0,198.673792098827
"12773","infects",6083,598,0,203.972342118211
"12774","infects",6083,599,0,207.245559537503
"12775","infects",6083,600,0,208.541020689642
"12776","infects",6083,601,0,208.283202044206
"12777","infects",6083,602,0,207.203362239162
"12778","infects",6083,603,0,206.206659635664
"12779","infects",6083,604,0,206.225595515103
"12780","infects",6083,605,0,208.104294347911
"12781","infects",6083,606,0,212.532671392406
"12782","infects",6083,607,0,220.020703249215
"12783","infects",6083,608,0,230.885570491371
"12784","infects",6083,609,0,245.222865618978
"12785","infects",6083,610,0,262.844286053769
"12786","infects",6083,611,0,283.184025555215
"12787","infects",6083,612,0,305.201567559175
"12788","infects",6083,613,0,327.33495602265
"12789","infects",6083,614,0,347.573768681808
"12790","infects",6083,615,0,363.705617110224
"12791","infects",6083,616,0,373.737537574766
"12792","infects",6083,617,0,376.349994153953
"12793","infects",6083,618,0,371.308943342228
"12794","infects",6083,619,0,359.546124251007
"12795","infects",6083,620,0,342.928465850645
"12796","infects",6083,621,0,323.779408407918
"12797","infects",6083,622,0,304.35089108749
"12798","infects",6083,623,0,286.429886314293
"12799","infects",6083,624,0,271.164325585498
"12800","infects",6083,625,0,259.08273860082
"12801","infects",6083,626,0,250.221929000942
"12802","infects",6083,627,0,244.278060573663
"12803","infects",6083,628,0,240.731959623699
"12804","infects",6083,629,0,238.93786239936
"12805","infects",6083,630,0,238.189007621405
"12806","infects",6083,631,0,237.780505672311
"12807","infects",6083,632,0,237.083319316893
"12808","infects",6083,633,0,235.628464198676
"12809","infects",6083,634,0,233.184676954917
"12810","infects",6083,635,0,229.804021427017
"12811","infects",6083,636,0,225.814591097732
"12812","infects",6083,637,0,221.75710183025
"12813","infects",6083,638,0,218.283583214535
"12814","infects",6083,639,0,216.049002197252
"12815","infects",6083,640,0,215.623538978373
"12816","infects",6083,641,0,217.437825451236
"12817","infects",6083,642,0,221.756010011253
"12818","infects",6083,643,0,228.661313500929
"12819","infects",6083,644,0,238.039213666231
"12820","infects",6083,645,0,249.552667803726
"12821","infects",6083,646,0,262.617678303478
"12822","infects",6083,647,0,276.401120084563
"12823","infects",6083,648,0,289.869967997781
"12824","infects",6083,649,0,301.914656919851
"12825","infects",6083,650,0,311.544720790694
"12826","infects",6083,651,0,318.117234335898
"12827","infects",6083,652,0,321.526578188344
"12828","infects",6083,653,0,322.281911033482
"12829","infects",6083,654,0,321.437171275869
"12830","infects",6083,655,0,320.400143266898
"12831","infects",6083,656,0,320.695088767816
"12832","infects",6083,657,0,323.758978264937
"12833","infects",6083,658,0,330.815896331765
"12834","infects",6083,659,0,342.824303579175
"12835","infects",6083,660,0,360.455680513477
"12836","infects",6083,661,0,384.052935193981
"12837","infects",6083,662,0,413.530100681962
"12838","infects",6083,663,0,448.204631456331
"12839","infects",6083,664,0,486.596314073171
"12840","infects",6083,665,0,526.277578048445
"12841","infects",6083,666,0,563.901757744688
"12842","infects",6083,667,0,595.533578071323
"12843","infects",6083,668,0,617.322091516989
"12844","infects",6083,669,0,626.364496698966
"12845","infects",6083,670,0,621.605936710708
"12846","infects",6083,671,0,604.09778528555
"12847","infects",6083,672,0,576.808577774417
"12848","infects",6083,673,0,543.81434981545
"12849","infects",6083,674,0,509.300086839858
"12850","infects",6083,675,0,476.738696242839
"12851","infects",6083,676,0,448.468003384207
"12852","infects",6083,677,0,425.662153837263
"12853","infects",6083,678,0,408.547435342679
"12854","infects",6083,679,0,396.69029596327
"12855","infects",6083,680,0,389.245249794158
"12856","infects",6083,681,0,385.127392496492
"12857","infects",6083,682,0,383.12791852014
"12858","infects",6083,683,0,382.011599471596
"12859","infects",6083,684,0,380.628798894506
"12860","infects",6083,685,0,378.051133894112
"12861","infects",6083,686,0,373.710472266647
"12862","infects",6083,687,0,367.499248417244
"12863","infects",6083,688,0,359.789329309388
"12864","infects",6083,689,0,351.351050707968
"12865","infects",6083,690,0,343.192202345944
"12866","infects",6083,691,0,336.366650156485
"12867","infects",6083,692,0,331.806602888937
"12868","infects",6083,693,0,330.211253283006
"12869","infects",6083,694,0,331.993376053595
"12870","infects",6083,695,0,337.262805002982
"12871","infects",6083,696,0,345.820848522982
"12872","infects",6083,697,0,357.150953891296
"12873","infects",6083,698,0,370.410680415104
"12874","infects",6083,699,0,384.44947499517
"12875","infects",6083,700,0,397.886974573768
"12876","infects",6083,701,0,409.278844679767
"12877","infects",6083,702,0,417.366711631959
"12878","infects",6083,703,0,421.362454691771
"12879","infects",6083,704,0,421.177971353022
"12880","infects",6083,705,0,417.509316579278
"12881","infects",6083,706,0,411.732448231867
"12882","infects",6083,707,0,405.645805722778
"12883","infects",6083,708,0,401.15636327202
"12884","infects",6083,709,0,400.013589323842
"12885","infects",6083,710,0,403.650589627124
"12886","infects",6083,711,0,413.127267032742
"12887","infects",6083,712,0,429.139795230187
"12888","infects",6083,713,0,451.939755156812
"12889","infects",6083,714,0,481.328012067138
"12890","infects",6083,715,0,516.445573402957
"12891","infects",6083,716,0,555.581123162423
"12892","infects",6083,717,0,596.017793576604
"12893","infects",6083,718,0,634.065449647962
"12894","infects",6083,719,0,665.414102129316
"12895","infects",6083,720,0,685.857433319602
"12896","infects",6083,721,0,692.258791786961
"12897","infects",6083,722,0,683.440940590414
"12898","infects",6083,723,0,660.613382532946
"12899","infects",6083,724,0,627.104713165524
"12900","infects",6083,725,0,587.485599975636
"12901","infects",6083,726,0,546.450354923256
"12902","infects",6083,727,0,507.88718120665
"12903","infects",6083,728,0,474.396119598634
"12904","infects",6083,729,0,447.259011267046
"12905","infects",6083,730,0,426.692672486971
"12906","infects",6083,731,0,412.185317614623
"12907","infects",6083,732,0,402.78288848047
"12908","infects",6083,733,0,397.281216678951
"12909","infects",6083,734,0,394.343662274078
"12910","infects",6083,735,0,392.59021409456
"12911","infects",6083,736,0,390.700144259899
"12912","infects",6083,737,0,387.546751215314
"12913","infects",6083,738,0,382.349992824865
"12914","infects",6083,739,0,374.804185460561
"12915","infects",6083,740,0,365.128829258528
"12916","infects",6083,741,0,354.010108636686
"12917","infects",6083,742,0,342.441634131308
"12918","infects",6083,743,0,331.512865453275
"12919","infects",6083,744,0,322.208951761635
"12920","infects",6083,745,0,315.269637868432
"12921","infects",6083,746,0,311.1210369472
"12922","infects",6083,747,0,309.864125516763
"12923","infects",6083,748,0,311.291880146298
"12924","infects",6083,749,0,314.913711231396
"12925","infects",6083,750,0,319.982983704463
"12926","infects",6083,751,0,325.54072547078
"12927","infects",6083,752,0,330.497528266029
"12928","infects",6083,753,0,333.770023953558
"12929","infects",6083,754,0,334.466356936178
"12930","infects",6083,755,0,332.083266505989
"12931","infects",6083,756,0,326.652386967973
"12932","infects",6083,757,0,318.775114981276
"12933","infects",6083,758,0,309.521785422744
"12934","infects",6083,759,0,300.226206789732
"12935","infects",6083,760,0,292.248400057689
"12936","infects",6083,761,0,286.781411555844
"12937","infects",6083,762,0,284.743787097412
"12938","infects",6083,763,0,286.752304383999
"12939","infects",6083,764,0,293.136399778386
"12940","infects",6083,765,0,303.931615771819
"12941","infects",6083,766,0,318.906982840581
"12942","infects",6083,767,0,337.414185552177
"12943","infects",6083,768,0,358.327755994693
"12944","infects",6083,769,0,379.959385039472
"12945","infects",6083,770,0,400.08613506071
"12946","infects",6083,771,0,416.160025524465
"12947","infects",6083,772,0,425.726698141146
"12948","infects",6083,773,0,426.981368856078
"12949","infects",6083,774,0,419.281285448876
"12950","infects",6083,775,0,403.392608810964
"12951","infects",6083,776,0,381.33372818961
"12952","infects",6083,777,0,355.859062854442
"12953","infects",6083,778,0,329.794931524371
"12954","infects",6083,779,0,305.482029822871
"12955","infects",6083,780,0,284.483117371659
"12956","infects",6083,781,0,267.563435036342
"12957","infects",6083,782,0,254.844462064384
"12958","infects",6083,783,0,246.009161816381
"12959","infects",6083,784,0,240.475414694913
"12960","infects",6083,785,0,237.508620169879
"12961","infects",6083,786,0,236.284804556993
"12962","infects",6083,787,0,235.933686122424
"12963","infects",6083,788,0,235.590953323707
"12964","infects",6083,789,0,234.476292239937
"12965","infects",6083,790,0,231.993339327255
"12966","infects",6083,791,0,227.826706581203
"12967","infects",6083,792,0,221.999648934601
"12968","infects",6083,793,0,214.86266934668
"12969","infects",6083,794,0,207.00808180655
"12970","infects",6083,795,0,199.135622224646
"12971","infects",6083,796,0,191.911943471191
"12972","infects",6083,797,0,185.862659310645
"12973","infects",6083,798,0,181.314781678351
"12974","infects",6083,799,0,178.38446490651
"12975","infects",6083,800,0,176.992190374586
"12976","infects",6083,801,0,176.88803534997
"12977","infects",6083,802,0,177.678910941039
"12978","infects",6083,803,0,178.860586963068
"12979","infects",6083,804,0,179.864118013459
"12980","infects",6083,805,0,180.125355795508
"12981","infects",6083,806,0,179.176638716378
"12982","infects",6083,807,0,176.744506611496
"12983","infects",6083,808,0,172.824215328116
"12984","infects",6083,809,0,167.705621353696
"12985","infects",6083,810,0,161.908791392349
"12986","infects",6083,811,0,156.107191271624
"12987","infects",6083,812,0,150.991758274547
"12988","infects",6083,813,0,147.172339423893
"12989","infects",6083,814,0,145.119061882365
"12990","infects",6083,815,0,145.146873699662
"12991","infects",6083,816,0,147.424991094372
"12992","infects",6083,817,0,151.987209305333
"12993","infects",6083,818,0,158.724372439325
"12994","infects",6083,819,0,167.351972361713
"12995","infects",6083,820,0,177.360393076865
"12996","infects",6083,821,0,187.970992618042
"12997","infects",6083,822,0,198.13469599867
"12998","infects",6083,823,0,206.612912506633
"12999","infects",6083,824,0,212.162165879038
"13000","infects",6083,825,0,213.799256472086
"13001","infects",6083,826,0,211.068035548708
"13002","infects",6083,827,0,204.197774814462
"13003","infects",6083,828,0,194.070522963653
"13004","infects",6083,829,0,181.99803727205
"13005","infects",6083,830,0,169.398813194813
"13006","infects",6083,831,0,157.502846873638
"13007","infects",6083,832,0,147.176664119601
"13008","infects",6083,833,0,138.887539508962
"13009","infects",6083,834,0,132.765322583668
"13010","infects",6083,835,0,128.700548196992
"13011","infects",6083,836,0,126.432139720232
"13012","infects",6083,837,0,125.605199114321
"13013","infects",6083,838,0,125.801831465713
"13014","infects",6083,839,0,126.559783578355
"13015","infects",6083,840,0,127.395901347826
"13016","infects",6083,841,0,127.846286272732
"13017","infects",6083,842,0,127.524435505661
"13018","infects",6083,843,0,126.185570668653
"13019","infects",6083,844,0,123.775459711816
"13020","infects",6083,845,0,120.441931266942
"13021","infects",6083,846,0,116.499496298806
"13022","infects",6083,847,0,112.356549624207
"13023","infects",6083,848,0,108.429437308583
"13024","infects",6083,849,0,105.0696244027
"13025","infects",6083,850,0,102.519644447919
"13026","infects",6083,851,0,100.898605217099
"13027","infects",6083,852,0,100.207648832706
"13028","infects",6083,853,0,100.343718306731
"13029","infects",6083,854,0,101.114511775828
"13030","infects",6083,855,0,102.25438887818
"13031","infects",6083,856,0,103.446362177097
"13032","infects",6083,857,0,104.356599207648
"13033","infects",6083,858,0,104.683909091843
"13034","infects",6083,859,0,104.218298833848
"13035","infects",6083,860,0,102.893530573223
"13036","infects",6083,861,0,100.814606736854
"13037","infects",6083,862,0,98.2436084070658
"13038","infects",6083,863,0,95.5638454982291
"13039","infects",6083,864,0,93.1955699697857
"13040","infects",6083,865,0,91.5404500283819
"13041","infects",6083,866,0,90.9358881834529
"13042","infects",6083,867,0,91.637264022353
"13043","infects",6083,868,0,93.8179256286791
"13044","infects",6083,869,0,97.5724587677416
"13045","infects",6083,870,0,102.909673168574
"13046","infects",6083,871,0,109.72765013668
"13047","infects",6083,872,0,117.772113984409
"13048","infects",6083,873,0,126.590567662555
"13049","infects",6083,874,0,135.506636479415
"13050","infects",6083,875,0,143.646830627677
"13051","infects",6083,876,0,150.046267828952
"13052","infects",6083,877,0,153.832958828206
"13053","infects",6083,878,0,154.446455399204
"13054","infects",6083,879,0,151.809398217736
"13055","infects",6083,880,0,146.371399962485
"13056","infects",6083,881,0,138.995869637071
"13057","infects",6083,882,0,130.735129291564
"13058","infects",6083,883,0,122.588057985765
"13059","infects",6083,884,0,115.327082462287
"13060","infects",6083,885,0,109.430799028168
"13061","infects",6083,886,0,105.104637641268
"13062","infects",6083,887,0,102.345187293046
"13063","infects",6083,888,0,101.007371714387
"13064","infects",6083,889,0,100.852806896774
"13065","infects",6083,890,0,101.576951486803
"13066","infects",6083,891,0,102.824722107577
"13067","infects",6083,892,0,104.208361840214
"13068","infects",6083,893,0,105.338865818277
"13069","infects",6083,894,0,105.874409128681
"13070","infects",6083,895,0,105.578046922923
"13071","infects",6083,896,0,104.366994435083
"13072","infects",6083,897,0,102.333223055401
"13073","infects",6083,898,0,99.723555314607
"13074","infects",6083,899,0,96.8836894272375
"13075","infects",6083,900,0,94.1852946735453
"13076","infects",6083,901,0,91.9596784520043
"13077","infects",6083,902,0,90.4540477098169
"13078","infects",6083,903,0,89.8133471315488
"13079","infects",6083,904,0,90.0803370760364
"13080","infects",6083,905,0,91.2072921752514
"13081","infects",6083,906,0,93.0502473839105
"13082","infects",6083,907,0,95.3961535746031
"13083","infects",6083,908,0,97.9640320085345
"13084","infects",6083,909,0,100.432341096456
"13085","infects",6083,910,0,102.481519284056
"13086","infects",6083,911,0,103.852259081436
"13087","infects",6083,912,0,104.407257996306
"13088","infects",6083,913,0,104.176659075791
"13089","infects",6083,914,0,103.368847872936
"13090","infects",6083,915,0,102.340479787512
"13091","infects",6083,916,0,101.536689987502
"13092","infects",6083,917,0,101.424021109885
"13093","infects",6083,918,0,102.437711973868
"13094","infects",6083,919,0,104.953277905174
"13095","infects",6083,920,0,109.277757131685
"13096","infects",6083,921,0,115.646134442226
"13097","infects",6083,922,0,124.206053461519
"13098","infects",6083,923,0,134.977978110193
"13099","infects",6083,924,0,147.787141721674
"13100","infects",6083,925,0,162.17804172443
"13101","infects",6083,926,0,177.341467572084
"13102","infects",6083,927,0,192.102500939126
"13103","infects",6083,928,0,205.021782610525
"13104","infects",6083,929,0,214.634542043501
"13105","infects",6083,930,0,219.788431920746
"13106","infects",6083,931,0,219.968664326236
"13107","infects",6083,932,0,215.469522166665
"13108","infects",6083,933,0,207.323492493109
"13109","infects",6083,934,0,197.013408184053
"13110","infects",6083,935,0,186.095037935007
"13111","infects",6083,936,0,175.879978286492
"13112","infects",6083,937,0,167.268100726207
"13113","infects",6083,938,0,160.730181398344
"13114","infects",6083,939,0,156.382891341088
"13115","infects",6083,940,0,154.089390651339
"13116","infects",6083,941,0,153.542615488531
"13117","infects",6083,942,0,154.319117428418
"13118","infects",6083,943,0,155.913192511208
"13119","infects",6083,944,0,157.770096555298
"13120","infects",6083,945,0,159.334962189713
"13121","infects",6083,946,0,160.123168392458
"13122","infects",6083,947,0,159.802094040659
"13123","infects",6083,948,0,158.260155034839
"13124","infects",6083,949,0,155.635393090009
"13125","infects",6083,950,0,152.28752840899
"13126","infects",6083,951,0,148.719748657592
"13127","infects",6083,952,0,145.476705582838
"13128","infects",6083,953,0,143.051134693011
"13129","infects",6083,954,0,141.821152535856
"13130","infects",6083,955,0,142.022211884572
"13131","infects",6083,956,0,143.743325978875
"13132","infects",6083,957,0,146.93276863686
"13133","infects",6083,958,0,151.394049752728
"13134","infects",6083,959,0,156.822560256028
"13135","infects",6083,960,0,162.77496471919
"13136","infects",6083,961,0,168.727444299577
"13137","infects",6083,962,0,174.136402493103
"13138","infects",6083,963,0,178.536213758254
"13139","infects",6083,964,0,181.650055482387
"13140","infects",6083,965,0,183.480320084209
"13141","infects",6083,966,0,184.344564619923
"13142","infects",6083,967,0,184.84150902955
"13143","infects",6083,968,0,185.760848905421
"13144","infects",6083,969,0,187.97300172461
"13145","infects",6083,970,0,192.336731845592
"13146","infects",6083,971,0,199.644523574426
"13147","infects",6083,972,0,210.600130195981
"13148","infects",6083,973,0,225.8032870213
"13149","infects",6083,974,0,245.709240510998
"13150","infects",6083,975,0,270.535245954715
"13151","infects",6083,976,0,300.101766197881
"13152","infects",6083,977,0,333.624799078934
"13153","infects",6083,978,0,369.518549743991
"13154","infects",6083,979,0,405.314345186136
"13155","infects",6083,980,0,437.822283798992
"13156","infects",6083,981,0,463.614607729282
"13157","infects",6083,982,0,479.775006729906
"13158","infects",6083,983,0,484.684178478065
"13159","infects",6083,984,0,478.51535265084
"13160","infects",6083,985,0,463.19769284039
"13161","infects",6083,986,0,441.851551402428
"13162","infects",6083,987,0,417.951327445199
"13163","infects",6083,988,0,394.561152389681
"13164","infects",6083,989,0,373.880206261355
"13165","infects",6083,990,0,357.136983130986
"13166","infects",6083,991,0,344.723209092387
"13167","infects",6083,992,0,336.418536013263
"13168","infects",6083,993,0,331.599590777486
"13169","infects",6083,994,0,329.393442985575
"13170","infects",6083,995,0,328.785861386945
"13171","infects",6083,996,0,328.715976930466
"13172","infects",6083,997,0,328.184893024283
"13173","infects",6083,998,0,326.385074591005
"13174","infects",6083,999,0,322.830596607495
"13175","infects",6083,1000,0,317.448901257679
"13176","infects",6083,1001,0,310.595183514824
"13177","infects",6083,1002,0,302.985593829978
"13178","infects",6083,1003,0,295.505587473006
"13179","infects",6083,1004,0,289.093147677783
"13180","infects",6083,1005,0,284.555191935524
"13181","infects",6083,1006,0,282.480192045628
"13182","infects",6083,1007,0,283.197535267242
"13183","infects",6083,1008,0,286.771854349725
"13184","infects",6083,1009,0,293.009688810763
"13185","infects",6083,1010,0,301.466299337463
"13186","infects",6083,1011,0,311.456912360951
"13187","infects",6083,1012,0,322.09099240312
"13188","infects",6083,1013,0,332.353205961697
"13189","infects",6083,1014,0,341.245099836646
"13190","infects",6083,1015,0,347.976418873904
"13191","infects",6083,1016,0,352.162992267326
"13192","infects",6083,1017,0,353.96741171605
"13193","infects",6083,1018,0,354.127550161323
"13194","infects",6083,1019,0,353.858845156144
"13195","infects",6083,1020,0,354.668545291417
"13196","infects",6083,1021,0,358.15223277171
"13197","infects",6083,1022,0,365.836303317601
"13198","infects",6083,1023,0,379.092268827974
"13199","infects",6083,1024,0,399.104229986131
"13200","infects",6083,1025,0,426.841111300864
"13201","infects",6083,1026,0,462.97775406618
"13202","infects",6083,1027,0,507.72153497032
"13203","infects",6083,1028,0,560.532159955944
"13204","infects",6083,1029,0,619.774377003048
"13205","infects",6083,1030,0,682.415484015678
"13206","infects",6083,1031,0,743.950357295946
"13207","infects",6083,1032,0,798.754376648925
"13208","infects",6083,1033,0,840.965371461323
"13209","infects",6083,1034,0,865.763110097297
"13210","infects",6083,1035,0,870.642720570253
"13211","infects",6083,1036,0,856.154808944802
"13212","infects",6083,1037,0,825.754736259094
"13213","infects",6083,1038,0,784.809596326522
"13214","infects",6083,1039,0,739.198543366812
"13215","infects",6083,1040,0,694.060791387184
"13216","infects",6083,1041,0,653.059836711913
"13217","infects",6083,1042,0,618.219122183073
"13218","infects",6083,1043,0,590.153376868636
"13219","infects",6083,1044,0,568.48618008117
"13220","infects",6083,1045,0,552.171361029918
"13221","infects",6083,1046,0,539.798463146896
"13222","infects",6083,1047,0,529.839732434656
"13223","infects",6083,1048,0,520.818182730012
"13224","infects",6083,1049,0,511.469533201655
"13225","infects",6083,1050,0,500.897034248589
"13226","infects",6083,1051,0,488.69243254695
"13227","infects",6083,1052,0,474.984202532177
"13228","infects",6083,1053,0,460.38596020768
"13229","infects",6083,1054,0,445.849805716953
"13230","infects",6083,1055,0,432.450931199771
"13231","infects",6083,1056,0,421.232012032399
"13232","infects",6083,1057,0,412.984957053219
"13233","infects",6083,1058,0,408.198414826639
"13234","infects",6083,1059,0,407.017271984204
"13235","infects",6083,1060,0,409.2440121765
"13236","infects",6083,1061,0,414.35389027798
"13237","infects",6083,1062,0,421.518782205285
"13238","infects",6083,1063,0,429.651816437173
"13239","infects",6083,1064,0,437.495214212887
"13240","infects",6083,1065,0,443.769776097621
"13241","infects",6083,1066,0,447.38305615856
"13242","infects",6083,1067,0,447.659849456248
"13243","infects",6083,1068,0,444.529407637008
"13244","infects",6083,1069,0,438.600021243893
"13245","infects",6083,1070,0,431.084551373149
"13246","infects",6083,1071,0,423.598100055556
"13247","infects",6083,1072,0,417.899302597427
"13248","infects",6083,1073,0,415.659953758127
"13249","infects",6083,1074,0,418.318663082518
"13250","infects",6083,1075,0,427.024082329135
"13251","infects",6083,1076,0,442.630593435905
"13252","infects",6083,1077,0,465.690744885544
"13253","infects",6083,1078,0,496.394338433179
"13254","infects",6083,1079,0,534.426746875223
"13255","infects",6083,1080,0,578.754134249859
"13256","infects",6083,1081,0,627.389635486552
"13257","infects",6083,1082,0,677.246254099397
"13258","infects",6083,1083,0,724.217493749018
"13259","infects",6083,1084,0,763.607190085188
"13260","infects",6083,1085,0,790.922745580043
"13261","infects",6083,1086,0,802.865354677693
"13262","infects",6083,1087,0,798.185202618323
"13263","infects",6083,1088,0,778.044434202813
"13264","infects",6083,1089,0,745.707434985995
"13265","infects",6083,1090,0,705.675172095128
"13266","infects",6083,1091,0,662.615078470418
"13267","infects",6083,1092,0,620.470400910856
"13268","infects",6083,1093,0,581.974595182587
"13269","infects",6083,1094,0,548.578957924707
"13270","infects",6083,1095,0,497.810026746626
"13271","infects",6083,1096,0,479.178789699442
"13272","infects",6083,1097,0,463.693200702023
"13273","infects",6083,1098,0,450.185892932011
"13274","infects",6083,1099,0,437.636427568855
"13275","infects",6083,1100,0,425.225335592928
"13276","infects",6083,1101,0,412.438927316359
"13277","infects",6083,1102,0,399.119315764717
"13278","infects",6083,1103,0,385.457590061048
"13279","infects",6083,1104,0,371.925254123112
"13280","infects",6083,1105,0,359.157790739792
"13281","infects",6083,1106,0,347.81946332956
"13282","infects",6083,1107,0,338.481361319073
"13283","infects",6083,1108,0,331.534319795819
"13284","infects",6083,1109,0,327.141756212521
"13285","infects",6083,1110,0,325.224154387947
"13286","infects",6083,1111,0,325.462748277548
"13287","infects",6083,1112,0,327.314876801924
"13288","infects",6083,1113,0,330.043132944382
"13289","infects",6083,1114,0,332.76884425785
"13290","infects",6083,1115,0,334.562007622999
"13291","infects",6083,1116,0,334.570974858671
"13292","infects",6083,1117,0,332.176671642842
"13293","infects",6083,1118,0,327.13516169532
"13294","infects",6083,1119,0,319.661601931298
"13295","infects",6083,1120,0,310.419285111477
"13296","infects",6083,1121,0,300.409554602041
"13297","infects",6083,1122,0,290.796827178085
"13298","infects",6083,1123,0,282.72599921636
"13299","infects",6083,1124,0,277.184343401808
"13300","infects",6083,1125,0,274.931969340026
"13301","infects",6083,1126,0,276.491929313547
"13302","infects",6083,1127,0,282.169599850244
"13303","infects",6083,1128,0,292.06681809756
"13304","infects",6083,1129,0,306.065587204972
"13305","infects",6083,1130,0,323.772594314451
"13306","infects",6083,1131,0,344.43541987874
"13307","infects",6083,1132,0,366.862414814617
"13308","infects",6083,1133,0,389.396933422642
"13309","infects",6083,1134,0,410.003189674407
"13310","infects",6083,1135,0,426.501634317752
"13311","infects",6083,1136,0,436.938990774529
"13312","infects",6083,1137,0,440.005433553504
"13313","infects",6083,1138,0,435.357456584326
"13314","infects",6083,1139,0,423.713438840579
"13315","infects",6083,1140,0,406.67162968494
"13316","infects",6083,1141,0,386.316854275578
"13317","infects",6083,1142,0,364.76386787136
"13318","infects",6083,1143,0,343.787234916009
"13319","infects",6083,1144,0,324.621256552677
"13320","infects",6083,1145,0,307.929524058972
"13321","infects",6083,1146,0,293.888792750738
"13322","infects",6083,1147,0,282.320680685955
"13323","infects",6083,1148,0,272.823484092417
"13324","infects",6083,1149,0,264.883068980791
"13325","infects",6083,1150,0,257.94348281443
"13326","infects",6083,1151,0,251.543068913543
"13327","infects",6083,1152,0,245.2862497961
"13328","infects",6083,1153,0,238.939554086044
"13329","infects",6083,1154,0,232.443091944899
"13330","infects",6083,1155,0,225.905311081998
"13331","infects",6083,1156,0,219.568610780128
"13332","infects",6083,1157,0,213.752917052414
"13333","infects",6083,1158,0,208.790529448762
"13334","infects",6083,1159,0,204.966329271541
"13335","infects",6083,1160,0,202.472732992937
"13336","infects",6083,1161,0,201.381712484572
"13337","infects",6083,1162,0,201.63078974739
"13338","infects",6083,1163,0,203.018604925829
"13339","infects",6083,1164,0,205.208414268802
"13340","infects",6083,1165,0,207.742676507453
"13341","infects",6083,1166,0,210.075727869825
"13342","infects",6083,1167,0,211.631363924615
"13343","infects",6083,1168,0,211.885918657292
"13344","infects",6083,1169,0,210.465776422234
"13345","infects",6083,1170,0,207.235758176555
"13346","infects",6083,1171,0,202.349159057126
"13347","infects",6083,1172,0,196.237788336542
"13348","infects",6083,1173,0,189.540599608483
"13349","infects",6083,1174,0,182.992926878128
"13350","infects",6083,1175,0,177.311933342353
"13351","infects",6083,1176,0,173.110321094274
"13352","infects",6083,1177,0,170.85316290609
"13353","infects",6083,1178,0,170.852729567385
"13354","infects",6083,1179,0,173.283248879032
"13355","infects",6083,1180,0,178.195036520308
"13356","infects",6083,1181,0,185.512980672548
"13357","infects",6083,1182,0,195.013844978417
"13358","infects",6083,1183,0,206.287598964071
"13359","infects",6083,1184,0,218.698818026733
"13360","infects",6083,1185,0,231.373372165465
"13361","infects",6083,1186,0,243.238866813693
"13362","infects",6083,1187,0,253.138417539443
"13363","infects",6083,1188,0,260.012772486079
"13364","infects",6083,1189,0,263.111174747624
"13365","infects",6083,1190,0,262.163860697141
"13366","infects",6083,1191,0,257.449290790761
"13367","infects",6083,1192,0,249.72474930748
"13368","infects",6083,1193,0,240.043914412016
"13369","infects",6083,1194,0,229.539812153188
"13370","infects",6083,1195,0,219.181323896828
"13371","infects",6083,1196,0,209.709360056077
"13372","infects",6083,1197,0,201.56230946055
"13373","infects",6083,1198,0,194.908803979102
"13374","infects",6083,1199,0,189.704796957302
"13375","infects",6083,1200,0,185.757819882306
"13376","infects",6083,1201,0,182.785655476766
"13377","infects",6083,1202,0,180.467032302096
"13378","infects",6083,1203,0,178.486846940855
"13379","infects",6083,1204,0,176.577810945167
"13380","infects",6083,1205,0,174.556812226577
"13381","infects",6083,1206,0,172.350665205047
"13382","infects",6083,1207,0,170.004865978183
"13383","infects",6083,1208,0,167.671666382306
"13384","infects",6083,1209,0,165.579207481091
"13385","infects",6083,1210,0,163.988812513579
"13386","infects",6083,1211,0,163.149967535801
"13387","infects",6083,1212,0,163.260955114802
"13388","infects",6083,1213,0,164.438896054405
"13389","infects",6083,1214,0,166.698787191848
"13390","infects",6083,1215,0,169.939312689418
"13391","infects",6083,1216,0,173.934554135808
"13392","infects",6083,1217,0,178.334390019529
"13393","infects",6083,1218,0,182.680300171158
"13394","infects",6083,1219,0,186.44474859686
"13395","infects",6083,1220,0,189.098728140828
"13396","infects",6083,1221,0,190.202469619917
"13397","infects",6083,1222,0,189.501279561516
"13398","infects",6083,1223,0,186.998496030334
"13399","infects",6083,1224,0,182.978366377091
"13400","infects",6083,1225,0,177.966492908523
"13401","infects",6083,1226,0,172.638766190424
"13402","infects",6083,1227,0,167.709028646005
"13403","infects",6083,1228,0,163.830272481385
"13404","infects",6083,1229,0,161.532574197215
"13405","infects",6083,1230,0,161.201477503461
"13406","infects",6083,1231,0,163.084125644291
"13407","infects",6083,1232,0,167.303456874948
"13408","infects",6083,1233,0,173.863013304748
"13409","infects",6083,1234,0,182.632703492745
"13410","infects",6083,1235,0,193.315892102795
"13411","infects",6083,1236,0,205.408872465453
"13412","infects",6083,1237,0,218.17388626078
"13413","infects",6083,1238,0,230.65328115526
"13414","infects",6083,1239,0,241.749455590573
"13415","infects",6083,1240,0,250.377546488478
"13416","infects",6083,1241,0,255.666479386196
"13417","infects",6083,1242,0,257.151579664255
"13418","infects",6083,1243,0,254.889023048608
"13419","infects",6083,1244,0,249.443638241747
"13420","infects",6083,1245,0,241.750883474566
"13421","infects",6083,1246,0,232.904343590716
"13422","infects",6083,1247,0,223.935642450349
"13423","infects",6083,1248,0,215.687408555907
"13424","infects",6083,1249,0,208.707328041663
"13425","infects",6083,1250,0,203.269023629137
"13426","infects",6083,1251,0,199.409991512211
"13427","infects",6083,1252,0,196.988451332608
"13428","infects",6083,1253,0,195.738407643909
"13429","infects",6083,1254,0,195.318817051471
"13430","infects",6083,1255,0,195.359772473999
"13431","infects",6083,1256,0,195.509676501684
"13432","infects",6083,1257,0,195.483675446329
"13433","infects",6083,1258,0,195.107842337021
"13434","infects",6083,1259,0,194.349403703545
"13435","infects",6083,1260,0,193.323569066462
"13436","infects",6083,1261,0,192.272927237523
"13437","infects",6083,1262,0,191.52353755776
"13438","infects",6083,1263,0,191.428478439469
"13439","infects",6083,1264,0,192.311276309176
"13440","infects",6083,1265,0,194.418006820563
"13441","infects",6083,1266,0,197.880741213525
"13442","infects",6083,1267,0,202.69026757042
"13443","infects",6083,1268,0,208.675278102925
"13444","infects",6083,1269,0,215.488817648922
"13445","infects",6083,1270,0,222.608945077236
"13446","infects",6083,1271,0,229.365908890029
"13447","infects",6083,1272,0,235.008431626337
"13448","infects",6083,1273,0,238.813266176004
"13449","infects",6083,1274,0,240.224764046087
"13450","infects",6083,1275,0,238.99081927033
"13451","infects",6083,1276,0,235.250101549863
"13452","infects",6083,1277,0,229.534162624396
"13453","infects",6083,1278,0,222.677535017053
"13454","infects",6083,1279,0,215.665386772151
"13455","infects",6083,1280,0,209.470871161026
"13456","infects",6083,1281,0,204.930594802038
"13457","infects",6083,1282,0,202.68146031556
"13458","infects",6083,1283,0,203.152267450512
"13459","infects",6083,1284,0,206.584191526076
"13460","infects",6083,1285,0,213.050706168775
"13461","infects",6083,1286,0,222.45579650599
"13462","infects",6083,1287,0,234.503130091628
"13463","infects",6083,1288,0,248.644288514154
"13464","infects",6083,1289,0,264.029573881369
"13465","infects",6083,1290,0,279.508288153539
"13466","infects",6083,1291,0,293.658569843611
"13467","infects",6083,1292,0,305.00837746488
"13468","infects",6083,1293,0,312.265719876765
"13469","infects",6083,1294,0,314.609303134298
"13470","infects",6083,1295,0,311.898743304925
"13471","infects",6083,1296,0,304.722015994815
"13472","infects",6083,1297,0,294.252404326744
"13473","infects",6083,1298,0,281.967826534001
"13474","infects",6083,1299,0,269.337571450445
"13475","infects",6083,1300,0,257.576903243042
"13476","infects",6083,1301,0,247.520407214214
"13477","infects",6083,1302,0,239.607246994063
"13478","infects",6083,1303,0,233.936880465351
"13479","infects",6083,1304,0,230.349998727574
"13480","infects",6083,1305,0,228.505425233398
"13481","infects",6083,1306,0,227.943869856807
"13482","infects",6083,1307,0,228.14350238121
"13483","infects",6083,1308,0,228.576872979188
"13484","infects",6083,1309,0,228.774747662077
"13485","infects",6083,1310,0,228.39327148902
"13486","infects",6083,1311,0,227.271435421056
"13487","infects",6083,1312,0,225.461584834881
"13488","infects",6083,1313,0,223.220222815746
"13489","infects",6083,1314,0,220.958454557609
"13490","infects",6083,1315,0,219.164934218098
"13491","infects",6083,1316,0,218.321638148526
"13492","infects",6083,1317,0,218.830557086186
"13493","infects",6083,1318,0,220.959983008526
"13494","infects",6083,1319,0,224.808834013838
"13495","infects",6083,1320,0,230.282193606163
"13496","infects",6083,1321,0,237.073193309398
"13497","infects",6083,1322,0,244.654102385339
"13498","infects",6083,1323,0,252.28906994986
"13499","infects",6083,1324,0,259.086938346474
"13500","infects",6083,1325,0,264.108959454199
"13501","infects",6083,1326,0,266.529284223301
"13502","infects",6083,1327,0,265.818650182446
"13503","infects",6083,1328,0,261.896456535404
"13504","infects",6083,1329,0,255.191723426007
"13505","infects",6083,1330,0,246.580284130386
"13506","infects",6083,1331,0,237.214851827676
"13507","infects",6083,1332,0,228.308822780367
"13508","infects",6083,1333,0,220.947186860535
"13509","infects",6083,1334,0,215.973649508362
"13510","infects",6083,1335,0,213.960816566601
"13511","infects",6083,1336,0,215.235648207995
"13512","infects",6083,1337,0,219.919358046465
"13513","infects",6083,1338,0,227.947614693649
"13514","infects",6083,1339,0,239.053787242436
"13515","infects",6083,1340,0,252.717483011231
"13516","infects",6083,1341,0,268.099989592575
"13517","infects",6083,1342,0,284.00591912998
"13518","infects",6083,1343,0,298.9028790414
"13519","infects",6083,1344,0,311.138443469994
"13520","infects",6083,1345,0,319.136580953608
"13521","infects",6083,1346,0,321.784435601688
"13522","infects",6083,1347,0,318.715039518171
"13523","infects",6083,1348,0,310.427276486878
"13524","infects",6083,1349,0,298.169777411018
"13525","infects",6083,1350,0,283.628319295979
"13526","infects",6083,1351,0,268.540200929485
"13527","infects",6083,1352,0,254.372557326347
"13528","infects",6083,1353,0,242.145989752537
"13529","infects",6083,1354,0,232.406207800806
"13530","infects",6083,1355,0,225.292683931916
"13531","infects",6083,1356,0,220.642222723915
"13532","infects",6083,1357,0,218.084623047503
"13533","infects",6083,1358,0,217.115370143028
"13534","infects",6083,1359,0,217.151200602616
"13535","infects",6083,1360,0,217.583131562827
"13536","infects",6083,1361,0,217.838997875998
"13537","infects",6083,1362,0,217.457086977522
"13538","infects",6083,1363,0,216.159174322966
"13539","infects",6083,1364,0,213.901842228322
"13540","infects",6083,1365,0,210.885627373049
"13541","infects",6083,1366,0,207.513836879659
"13542","infects",6083,1367,0,204.311069653693
"13543","infects",6083,1368,0,201.825315020113
"13544","infects",6083,1369,0,200.539266544879
"13545","infects",6083,1370,0,200.806505359292
"13546","infects",6083,1371,0,202.813866131312
"13547","infects",6083,1372,0,206.561169670959
"13548","infects",6083,1373,0,211.848107248548
"13549","infects",6083,1374,0,218.264767412729
"13550","infects",6083,1375,0,225.193184623189
"13551","infects",6083,1376,0,231.836957100007
"13552","infects",6083,1377,0,237.29831487213
"13553","infects",6083,1378,0,240.711568021178
"13554","infects",6083,1379,0,241.417679576871
"13555","infects",6083,1380,0,239.13520080151
"13556","infects",6083,1381,0,234.06582146579
"13557","infects",6083,1382,0,226.885585312581
"13558","infects",6083,1383,0,218.616194976058
"13559","infects",6083,1384,0,210.422425876391
"13560","infects",6083,1385,0,203.409780478594
"13561","infects",6083,1386,0,198.484948045991
"13562","infects",6083,1387,0,196.308648422239
"13563","infects",6083,1388,0,197.283502319293
"13564","infects",6083,1389,0,201.629166669011
"13565","infects",6083,1390,0,209.389139069136
"13566","infects",6083,1391,0,220.426341696284
"13567","infects",6083,1392,0,234.371450497142
"13568","infects",6083,1393,0,250.543479109105
"13569","infects",6083,1394,0,267.878232428259
"13570","infects",6083,1395,0,284.917846536467
"13571","infects",6083,1396,0,299.917610424231
"13572","infects",6083,1397,0,311.099113096051
"13573","infects",6083,1398,0,317.016312694053
"13574","infects",6083,1399,0,316.925623684544
"13575","infects",6083,1400,0,311.011413150704
"13576","infects",6083,1401,0,300.357221616573
"13577","infects",6083,1402,0,286.663194582717
"13578","infects",6083,1403,0,271.826118222962
"13579","infects",6083,1404,0,257.545470786878
"13580","infects",6083,1405,0,245.075326624892
"13581","infects",6083,1406,0,235.150891965906
"13582","infects",6083,1407,0,228.042981264689
"13583","infects",6083,1408,0,223.667354537353
"13584","infects",6083,1409,0,221.69185737647
"13585","infects",6083,1410,0,221.616385332064
"13586","infects",6083,1411,0,222.828645662291
"13587","infects",6083,1412,0,224.653179481923
"13588","infects",6083,1413,0,226.411802422759
"13589","infects",6083,1414,0,227.503702881995
"13590","infects",6083,1415,0,227.497234750341
"13591","infects",6083,1416,0,226.210092058353
"13592","infects",6083,1417,0,223.748836517892
"13593","infects",6083,1418,0,220.48825402387
"13594","infects",6083,1419,0,216.992629765554
"13595","infects",6083,1420,0,213.90296525255
"13596","infects",6083,1421,0,211.823662237216
"13597","infects",6083,1422,0,211.234945566627
"13598","infects",6083,1423,0,212.439909098946
"13599","infects",6083,1424,0,215.539036795443
"13600","infects",6083,1425,0,220.418547387251
"13601","infects",6083,1426,0,226.743238399614
"13602","infects",6083,1427,0,233.955783848225
"13603","infects",6083,1428,0,241.296649445607
"13604","infects",6083,1429,0,247.865329741293
"13605","infects",6083,1430,0,252.738207884116
"13606","infects",6083,1431,0,255.137873278364
"13607","infects",6083,1432,0,254.618285443432
"13608","infects",6083,1433,0,251.20558564529
"13609","infects",6083,1434,0,245.435563248355
"13610","infects",6083,1435,0,238.264030051243
"13611","infects",6083,1436,0,230.880131499363
"13612","infects",6083,1437,0,224.492728622048
"13613","infects",6083,1438,0,220.161896852817
"13614","infects",6083,1439,0,218.713750988188
"13615","infects",6083,1440,0,220.722513331509
"13616","infects",6083,1441,0,226.575582442234
"13617","infects",6083,1442,0,236.455208686906
"13618","infects",6083,1443,0,250.354660388408
"13619","infects",6083,1444,0,268.010865098686
"13620","infects",6083,1445,0,288.800578774752
"13621","infects",6083,1446,0,311.629052451105
"13622","infects",6083,1447,0,334.87209570328
"13623","infects",6083,1448,0,356.446748913523
"13624","infects",6083,1449,0,374.067256872759
"13625","infects",6083,1450,0,385.676648072208
"13626","infects",6083,1451,0,389.945057134427
"13627","infects",6083,1452,0,386.649539231146
"13628","infects",6083,1453,0,376.762801427099
"13629","infects",6083,1454,0,362.196942110042
"13630","infects",6083,1455,0,345.308030446255
"13631","infects",6083,1456,0,328.36460485919
"13632","infects",6083,1457,0,313.161952925989
"13633","infects",6083,1458,0,300.857634794985
"13634","infects",6083,1459,0,291.993769467919
"13635","infects",6083,1460,0,286.617265459058
"13636","infects",6083,1461,0,284.415563461316
"13637","infects",6083,1462,0,284.823760919725
"13638","infects",6083,1463,0,287.098086128128
"13639","infects",6083,1464,0,290.374817848729
"13640","infects",6083,1465,0,293.740332258161
"13641","infects",6083,1466,0,296.329091461747
"13642","infects",6083,1467,0,297.446599187738
"13643","infects",6083,1468,0,296.691621287101
"13644","infects",6083,1469,0,294.037883194998
"13645","infects",6083,1470,0,289.840458533301
"13646","infects",6083,1471,0,284.757037255977
"13647","infects",6083,1472,0,279.606766799983
"13648","infects",6083,1473,0,275.210700907073
"13649","infects",6083,1474,0,272.256685973861
"13650","infects",6083,1475,0,271.211626217166
"13651","infects",6083,1476,0,272.280024860612
"13652","infects",6083,1477,0,275.393171536562
"13653","infects",6083,1478,0,280.213298245291
"13654","infects",6083,1479,0,286.147859664084
"13655","infects",6083,1480,0,292.383085739806
"13656","infects",6083,1481,0,297.954896919476
"13657","infects",6083,1482,0,301.8722881681
"13658","infects",6083,1483,0,303.290136718874
"13659","infects",6083,1484,0,301.712342155298
"13660","infects",6083,1485,0,297.095020859479
"13661","infects",6083,1486,0,289.961727482717
"13662","infects",6083,1487,0,281.288257624836
"13663","infects",6083,1488,0,272.327748830991
"13664","infects",6083,1489,0,264.387801995856
"13665","infects",6083,1490,0,258.642563456247
"13666","infects",6083,1491,0,256.02577193823
"13667","infects",6083,1492,0,257.206035130533
"13668","infects",6083,1493,0,262.610936375144
"13669","infects",6083,1494,0,272.454834954984
"13670","infects",6083,1495,0,286.733439589379
"13671","infects",6083,1496,0,305.167207362865
"13672","infects",6083,1497,0,327.099294327175
"13673","infects",6083,1498,0,351.380693214874
"13674","infects",6083,1499,0,376.302707407074
"13675","infects",6083,1500,0,399.653983337864
"13676","infects",6083,1501,0,418.965635350467
"13677","infects",6083,1502,0,431.946477599932
"13678","infects",6083,1503,0,437.010743199477
"13679","infects",6083,1504,0,433.713639172289
"13680","infects",6083,1505,0,422.904798329032
"13681","infects",6083,1506,0,406.515824081921
"13682","infects",6083,1507,0,387.06372808897
"13683","infects",6083,1508,0,367.072515725867
"13684","infects",6083,1509,0,348.617877065788
"13685","infects",6083,1510,0,333.101185511897
"13686","infects",6083,1511,0,321.238200119952
"13687","infects",6083,1512,0,313.175586850465
"13688","infects",6083,1513,0,308.642312563038
"13689","infects",6083,1514,0,307.078081961935
"13690","infects",6083,1515,0,307.723564464355
"13691","infects",6083,1516,0,309.686815395509
"13692","infects",6083,1517,0,312.011559875912
"13693","infects",6083,1518,0,313.767859573054
"13694","infects",6083,1519,0,314.168528222228
"13695","infects",6083,1520,0,312.692373196455
"13696","infects",6083,1521,0,309.1782777213
"13697","infects",6083,1522,0,303.853151038216
"13698","infects",6083,1523,0,297.275884157302
"13699","infects",6083,1524,0,290.210379169691
"13700","infects",6083,1525,0,283.466391596562
"13701","infects",6083,1526,0,277.753196374539
"13702","infects",6083,1527,0,273.576863596753
"13703","infects",6083,1528,0,271.188617807947
"13704","infects",6083,1529,0,270.573589090205
"13705","infects",6083,1530,0,271.463922246848
"13706","infects",6083,1531,0,273.366441470037
"13707","infects",6083,1532,0,275.606177722452
"13708","infects",6083,1533,0,277.395347692712
"13709","infects",6083,1534,0,277.936830583202
"13710","infects",6083,1535,0,276.559367802753
"13711","infects",6083,1536,0,272.845143022609
"13712","infects",6083,1537,0,266.802879659649
"13713","infects",6083,1538,0,258.826976027948
"13714","infects",6083,1539,0,249.686232197913
"13715","infects",6083,1540,0,240.374509204099
"13716","infects",6083,1541,0,231.936611431356
"13717","infects",6083,1542,0,225.315966980919
"13718","infects",6083,1543,0,221.262188093122
"13719","infects",6083,1544,0,220.303926970565
"13720","infects",6083,1545,0,222.764694858249
"13721","infects",6083,1546,0,228.787812318014
"13722","infects",6083,1547,0,238.340978867106
"13723","infects",6083,1548,0,251.184597862342
"13724","infects",6083,1549,0,266.805592575234
"13725","infects",6083,1550,0,284.338020546958
"13726","infects",6083,1551,0,302.511563482397
"13727","infects",6083,1552,0,319.682299422528
"13728","infects",6083,1553,0,333.993926060857
"13729","infects",6083,1554,0,343.679090196867
"13730","infects",6083,1555,0,347.44264630431
"13731","infects",6083,1556,0,344.802149160627
"13732","infects",6083,1557,0,336.243883036626
"13733","infects",6083,1558,0,323.114324693853
"13734","infects",6083,1559,0,307.282417805509
"13735","infects",6083,1560,0,290.707404746845
"13736","infects",6083,1561,0,275.069019865404
"13737","infects",6083,1562,0,261.558159334221
"13738","infects",6083,1563,0,250.836653779023
"13739","infects",6083,1564,0,243.109729433066
"13740","infects",6083,1565,0,238.241001994011
"13741","infects",6083,1566,0,235.862395472277
"13742","infects",6083,1567,0,235.449360077679
"13743","infects",6083,1568,0,236.371670309381
"13744","infects",6083,1569,0,237.94013789995
"13745","infects",6083,1570,0,239.463174993315
"13746","infects",6083,1571,0,240.321148525097
"13747","infects",6083,1572,0,240.05158609863
"13748","infects",6083,1573,0,238.424447278489
"13749","infects",6083,1574,0,235.48122129356
"13750","infects",6083,1575,0,231.519354236988
"13751","infects",6083,1576,0,227.0221289793
"13752","infects",6083,1577,0,222.553974149942
"13753","infects",6083,1578,0,218.651294295537
"13754","infects",6083,1579,0,215.734759003459
"13755","infects",6083,1580,0,214.066061672413
"13756","infects",6083,1581,0,213.685169124171
"13757","infects",6083,1582,0,214.464944136899
"13758","infects",6083,1583,0,216.092214382049
"13759","infects",6083,1584,0,218.10244306764
"13760","infects",6083,1585,0,219.925612127954
"13761","infects",6083,1586,0,220.95745767137
"13762","infects",6083,1587,0,220.656553115827
"13763","infects",6083,1588,0,218.654463475274
"13764","infects",6083,1589,0,214.851918906137
"13765","infects",6083,1590,0,209.468199307744
"13766","infects",6083,1591,0,203.02115202833
"13767","infects",6083,1592,0,196.239879558904
"13768","infects",6083,1593,0,189.938779917377
"13769","infects",6083,1594,0,184.894730197614
"13770","infects",6083,1595,0,181.761554883987
"13771","infects",6083,1596,0,181.033725147382
"13772","infects",6083,1597,0,183.048228422758
"13773","infects",6083,1598,0,188.000531313467
"13774","infects",6083,1599,0,195.949952026773
"13775","infects",6083,1600,0,206.797921629611
"13776","infects",6083,1601,0,220.235303022288
"13777","infects",6083,1602,0,235.670291272094
"13778","infects",6083,1603,0,252.165575764341
"13779","infects",6083,1604,0,268.42851192006
"13780","infects",6083,1605,0,282.901240238935
"13781","infects",6083,1606,0,293.976259274175
"13782","infects",6083,1607,0,300.312294847605
"13783","infects",6083,1608,0,301.162304604908
"13784","infects",6083,1609,0,296.588793927969
"13785","infects",6083,1610,0,287.467539288109
"13786","infects",6083,1611,0,275.267945681535
"13787","infects",6083,1612,0,261.697552602707
"13788","infects",6083,1613,0,248.347456922657
"13789","infects",6083,1614,0,236.449610493743
"13790","infects",6083,1615,0,226.784410184448
"13791","infects",6083,1616,0,219.708984711626
"13792","infects",6083,1617,0,215.246029093567
"13793","infects",6083,1618,0,213.180015349048
"13794","infects",6083,1619,0,213.132541101871
"13795","infects",6083,1620,0,214.613465501087
"13796","infects",6083,1621,0,217.059584049048
"13797","infects",6083,1622,0,219.876681573887
"13798","infects",6083,1623,0,222.495989522093
"13799","infects",6083,1624,0,224.445089353904
"13800","infects",6083,1625,0,225.420489025575
"13801","infects",6083,1626,0,225.340442945754
"13802","infects",6083,1627,0,224.357627031921
"13803","infects",6083,1628,0,222.823125028395
"13804","infects",6083,1629,0,221.210321838109
"13805","infects",6083,1630,0,220.020410017463
"13806","infects",6083,1631,0,219.693539904951
"13807","infects",6083,1632,0,220.541584919833
"13808","infects",6083,1633,0,222.69732352874
"13809","infects",6083,1634,0,226.126875177143
"13810","infects",6083,1635,0,230.581050716302
"13811","infects",6083,1636,0,235.630563608905
"13812","infects",6083,1637,0,240.691022228454
"13813","infects",6083,1638,0,245.084054547627
"13814","infects",6083,1639,0,248.134862538377
"13815","infects",6083,1640,0,249.298821722946
"13816","infects",6083,1641,0,248.291472087403
"13817","infects",6083,1642,0,245.182860814302
"13818","infects",6083,1643,0,240.419973030774
"13819","infects",6083,1644,0,234.763772850593
"13820","infects",6083,1645,0,229.160606366207
"13821","infects",6083,1646,0,224.592711930588
"13822","infects",6083,1647,0,221.954825300008
"13823","infects",6083,1648,0,221.983800539679
"13824","infects",6083,1649,0,225.239524969288
"13825","infects",6083,1650,0,232.113676481402
"13826","infects",6083,1651,0,242.835405519621
"13827","infects",6083,1652,0,257.448233291521
"13828","infects",6083,1653,0,275.745565014236
"13829","infects",6083,1654,0,297.170434382386
"13830","infects",6083,1655,0,320.707809112553
"13831","infects",6083,1656,0,344.822080107375
"13832","infects",6083,1657,0,367.507672694784
"13833","infects",6083,1658,0,386.508819142463
"13834","infects",6083,1659,0,399.710562533358
"13835","infects",6083,1660,0,405.615607590026
"13836","infects",6083,1661,0,403.744553522708
"13837","infects",6083,1662,0,394.790173678434
"13838","infects",6083,1663,0,380.446484237161
"13839","infects",6083,1664,0,362.977615620428
"13840","infects",6083,1665,0,344.700625260605
"13841","infects",6083,1666,0,327.565393219039
"13842","infects",6083,1667,0,312.933314850541
"13843","infects",6083,1668,0,301.550691492405
"13844","infects",6083,1669,0,293.645020855572
"13845","infects",6083,1670,0,289.061542457681
"13846","infects",6083,1671,0,287.385012483153
"13847","infects",6083,1672,0,288.027854533513
"13848","infects",6083,1673,0,290.292464466684
"13849","infects",6083,1674,0,293.427038319554
"13850","infects",6083,1675,0,296.692250236232
"13851","infects",6083,1676,0,299.44463670773
"13852","infects",6083,1677,0,301.235991553822
"13853","infects",6083,1678,0,301.854141109849
"13854","infects",6083,1679,0,301.400583461466
"13855","infects",6083,1680,0,300.23821284439
"13856","infects",6083,1681,0,298.917480948737
"13857","infects",6083,1682,0,298.064059849448
"13858","infects",6083,1683,0,298.262923720243
"13859","infects",6083,1684,0,299.962005872051
"13860","infects",6083,1685,0,303.405174698966
"13861","infects",6083,1686,0,308.592425410835
"13862","infects",6083,1687,0,315.261183920211
"13863","infects",6083,1688,0,322.887104962704
"13864","infects",6083,1689,0,330.711572270113
"13865","infects",6083,1690,0,337.809669596524
"13866","infects",6083,1691,0,343.210027860407
"13867","infects",6083,1692,0,346.062900970416
"13868","infects",6083,1693,0,345.827978760465
"13869","infects",6083,1694,0,342.430491296319
"13870","infects",6083,1695,0,336.329573682457
"13871","infects",6083,1696,0,328.466728090914
"13872","infects",6083,1697,0,320.107164525677
"13873","infects",6083,1698,0,312.628866184863
"13874","infects",6083,1699,0,307.328844938325
"13875","infects",6083,1700,0,305.296438343827
"13876","infects",6083,1701,0,307.364443327379
"13877","infects",6083,1702,0,314.113432182575
"13878","infects",6083,1703,0,325.887609522269
"13879","infects",6083,1704,0,342.783167690689
"13880","infects",6083,1705,0,364.585761186737
"13881","infects",6083,1706,0,390.656786798677
"13882","infects",6083,1707,0,419.796698302004
"13883","infects",6083,1708,0,450.145206179147
"13884","infects",6083,1709,0,479.202763966208
"13885","infects",6083,1710,0,504.054303115168
"13886","infects",6083,1711,0,521.822524802566
"13887","infects",6083,1712,0,530.27407648072
"13888","infects",6083,1713,0,528.390954280173
"13889","infects",6083,1714,0,516.677513754014
"13890","infects",6083,1715,0,497.054640521833
"13891","infects",6083,1716,0,472.369897700028
"13892","infects",6083,1717,0,445.720594615339
"13893","infects",6083,1718,0,419.841686837153
"13894","infects",6083,1719,0,396.732841998705
"13895","infects",6083,1720,0,377.559389970658
"13896","infects",6083,1721,0,362.751459807974
"13897","infects",6083,1722,0,352.189051954405
"13898","infects",6083,1723,0,345.385243199162
"13899","infects",6083,1724,0,341.627113630895
"13900","infects",6083,1725,0,340.073902671533
"13901","infects",6083,1726,0,339.832428124904
"13902","infects",6083,1727,0,340.031917734239
"13903","infects",6083,1728,0,339.909791716155
"13904","infects",6083,1729,0,338.903319545974
"13905","infects",6083,1730,0,336.705054957588
"13906","infects",6083,1731,0,333.378705100199
"13907","infects",6083,1732,0,329.233442566011
"13908","infects",6083,1733,0,324.80536690541
"13909","infects",6083,1734,0,320.727044512255
"13910","infects",6083,1735,0,317.60253278699
"13911","infects",6083,1736,0,315.901623653407
"13912","infects",6083,1737,0,315.886932684533
"13913","infects",6083,1738,0,317.573801921355
"13914","infects",6083,1739,0,320.716314528703
"13915","infects",6083,1740,0,324.814928620929
"13916","infects",6083,1741,0,329.148895830625
"13917","infects",6083,1742,0,332.84343976809
"13918","infects",6083,1743,0,334.981141438092
"13919","infects",6083,1744,0,334.755177889538
"13920","infects",6083,1745,0,331.640793433478
"13921","infects",6083,1746,0,325.540247110799
"13922","infects",6083,1747,0,316.850108347576
"13923","infects",6083,1748,0,306.418587151947
"13924","infects",6083,1749,0,295.400319529343
"13925","infects",6083,1750,0,285.056442024915
"13926","infects",6083,1751,0,276.56538744458
"13927","infects",6083,1752,0,270.895350378718
"13928","infects",6083,1753,0,268.754051399885
"13929","infects",6083,1754,0,270.596742454949
"13930","infects",6083,1755,0,276.655088415111
"13931","infects",6083,1756,0,286.950238789745
"13932","infects",6083,1757,0,301.266801203728
"13933","infects",6083,1758,0,319.083756448495
"13934","infects",6083,1759,0,339.480557498766
"13935","infects",6083,1760,0,361.060231434697
"13936","infects",6083,1761,0,381.950618500988
"13937","infects",6083,1762,0,399.946501693342
"13938","infects",6083,1763,0,412.822656979566
"13939","infects",6083,1764,0,418.776323534096
"13940","infects",6083,1765,0,416.87242103223
"13941","infects",6083,1766,0,407.31945481636
"13942","infects",6083,1767,0,391.445887828826
"13943","infects",6083,1768,0,371.370241027154
"13944","infects",6083,1769,0,349.493723610985
"13945","infects",6083,1770,0,328.007321378378
"13946","infects",6083,1771,0,308.564655763913
"13947","infects",6083,1772,0,292.169145933519
"13948","infects",6083,1773,0,279.248827467593
"13949","infects",6083,1774,0,269.725817471837
"13950","infects",6083,1775,0,263.262348487752
"13951","infects",6083,1776,0,259.318025225425
"13952","infects",6083,1777,0,257.244645645116
"13953","infects",6083,1778,0,256.344894766355
"13954","infects",6083,1779,0,255.926743682478
"13955","infects",6083,1780,0,255.365449354227
"13956","infects",6083,1781,0,254.172778216413
"13957","infects",6083,1782,0,252.060456706985
"13958","infects",6083,1783,0,248.977914731241
"13959","infects",6083,1784,0,245.10753546319
"13960","infects",6083,1785,0,240.81340642337
"13961","infects",6083,1786,0,236.555672114578
"13962","infects",6083,1787,0,232.79330149519
"13963","infects",6083,1788,0,229.898164681912
"13964","infects",6083,1789,0,228.094388370319
"13965","infects",6083,1790,0,227.425636387651
"13966","infects",6083,1791,0,227.74578821775
"13967","infects",6083,1792,0,228.728078315076
"13968","infects",6083,1793,0,229.892266381628
"13969","infects",6083,1794,0,230.654348393079
"13970","infects",6083,1795,0,230.403873841843
"13971","infects",6083,1796,0,228.607087054837
"13972","infects",6083,1797,0,224.920741012807
"13973","infects",6083,1798,0,219.28763536525
"13974","infects",6083,1799,0,211.980341402074
"13975","infects",6083,1800,0,203.571456653502
"13976","infects",6083,1801,0,194.834887391841
"13977","infects",6083,1802,0,186.610012923473
"13978","infects",6083,1803,0,179.673170981885
"13979","infects",6083,1804,0,174.651754990969
"13980","infects",6083,1805,0,171.992363265609
"13981","infects",6083,1806,0,171.970491068742
"13982","infects",6083,1807,0,174.716357102744
"13983","infects",6083,1808,0,180.231664604929
"13984","infects",6083,1809,0,188.38097633664
"13985","infects",6083,1810,0,198.853888663156
"13986","infects",6083,1811,0,211.108015921679
"13987","infects",6083,1812,0,224.317300677418
"13988","infects",6083,1813,0,237.36267489777
"13989","infects",6083,1814,0,248.905062030606
"13990","infects",6083,1815,0,257.563652049085
"13991","infects",6083,1816,0,262.180760636868
"13992","infects",6083,1817,0,262.101242049658
"13993","infects",6083,1818,0,257.361098789018
"13994","infects",6083,1819,0,248.698335360637
"13995","infects",6083,1820,0,237.370969930692
"13996","infects",6083,1821,0,224.85302290051
"13997","infects",6083,1822,0,212.525427910927
"13998","infects",6083,1823,0,201.460420174264
"13999","infects",6083,1824,0,192.33658251716
"14000","infects",6083,1825,0,185.461434480775
"14001","infects",6083,1826,0,180.844395501214
"14002","infects",6083,1827,0,178.302328715591
"14003","infects",6083,1828,0,177.501908129634
"14004","infects",6083,1829,0,178.021331646416
"14005","infects",6083,1830,0,179.380336763747
"14006","infects",6083,1831,0,181.074315458746
"14007","infects",6083,1832,0,182.618954227239
"14008","infects",6083,1833,0,183.606354964668
"14009","infects",6083,1834,0,183.763037621336
"14010","infects",6083,1835,0,182.992800999791
"14011","infects",6083,1836,0,181.387687773486
"14012","infects",6083,1837,0,179.199441929602
"14013","infects",6083,1838,0,176.777726964427
"14014","infects",6083,1839,0,174.492525605012
"14015","infects",6083,1840,0,172.660829644767
"14016","infects",6083,1841,0,171.491860062009
"14017","infects",6083,1842,0,171.05560765107
"14018","infects",6083,1843,0,171.272378957049
"14019","infects",6083,1844,0,171.919294000387
"14020","infects",6083,1845,0,172.652387044116
"14021","infects",6083,1846,0,173.046605460979
"14022","infects",6083,1847,0,172.656600666706
"14023","infects",6083,1848,0,171.096231628458
"14024","infects",6083,1849,0,168.124797211135
"14025","infects",6083,1850,0,163.717909559789
"14026","infects",6083,1851,0,158.097985038559
"14027","infects",6083,1852,0,151.708914657835
"14028","infects",6083,1853,0,145.139564382351
"14029","infects",6083,1854,0,139.021140694068
"14030","infects",6083,1855,0,133.932121384513
"14031","infects",6083,1856,0,130.336615346004
"14032","infects",6083,1857,0,128.563542211113
"14033","infects",6083,1858,0,128.816127851665
"14034","infects",6083,1859,0,131.19204752549
"14035","infects",6083,1860,0,135.695255953393
"14036","infects",6083,1861,0,142.227556033724
"14037","infects",6083,1862,0,150.5575347007
"14038","infects",6083,1863,0,160.275084298219
"14039","infects",6083,1864,0,170.750923628156
"14040","infects",6083,1865,0,181.130122459275
"14041","infects",6083,1866,0,190.390492637105
"14042","infects",6083,1867,0,197.482618233017
"14043","infects",6083,1868,0,201.535188688841
"14044","infects",6083,1869,0,202.068107320065
"14045","infects",6083,1870,0,199.136654743355
"14046","infects",6083,1871,0,193.315085797489
"14047","infects",6083,1872,0,185.575328189834
"14048","infects",6083,1873,0,177.0407613817
"14049","infects",6083,1874,0,168.75780374724
"14050","infects",6083,1875,0,161.538215090885
"14051","infects",6083,1876,0,155.899321340713
"14052","infects",6083,1877,0,152.081997994872
"14053","infects",6083,1878,0,150.106614646545
"14054","infects",6083,1879,0,149.832068149504
"14055","infects",6083,1880,0,151.000086598514
"14056","infects",6083,1881,0,153.263523180463
"14057","infects",6083,1882,0,156.207778699383
"14058","infects",6083,1883,0,159.377677345505
"14059","infects",6083,1884,0,162.318739357159
"14060","infects",6083,1885,0,164.633433461387
"14061","infects",6083,1886,0,166.042467848361
"14062","infects",6083,1887,0,166.433248320814
"14063","infects",6083,1888,0,165.877305966165
"14064","infects",6083,1889,0,164.607497127666
"14065","infects",6083,1890,0,162.960170523355
"14066","infects",6083,1891,0,161.29952910365
"14067","infects",6083,1892,0,159.94485217681
"14068","infects",6083,1893,0,159.115672827281
"14069","infects",6083,1894,0,158.900402559593
"14070","infects",6083,1895,0,159.246368236811
"14071","infects",6083,1896,0,159.966967456196
"14072","infects",6083,1897,0,160.763837620056
"14073","infects",6083,1898,0,161.265194151203
"14074","infects",6083,1899,0,161.082082199375
"14075","infects",6083,1900,0,159.879983220861
"14076","infects",6083,1901,0,157.454777479566
"14077","infects",6083,1902,0,153.793780010148
"14078","infects",6083,1903,0,149.100733935315
"14079","infects",6083,1904,0,143.772458500875
"14080","infects",6083,1905,0,138.332100599433
"14081","infects",6083,1906,0,133.340790098659
"14082","infects",6083,1907,0,129.316112152876
"14083","infects",6083,1908,0,126.678689489021
"14084","infects",6083,1909,0,125.732528686493
"14085","infects",6083,1910,0,126.669924530773
"14086","infects",6083,1911,0,129.584227728162
"14087","infects",6083,1912,0,134.474574538886
"14088","infects",6083,1913,0,141.232960188427
"14089","infects",6083,1914,0,149.612886900943
"14090","infects",6083,1915,0,159.188851072564
"14091","infects",6083,1916,0,169.326218502926
"14092","infects",6083,1917,0,179.188648297038
"14093","infects",6083,1918,0,187.809043722807
"14094","infects",6083,1919,0,194.23336510059
"14095","infects",6083,1920,0,197.714329886575
"14096","infects",6083,1921,0,197.896950800886
"14097","infects",6083,1922,0,194.923296424214
"14098","infects",6083,1923,0,189.391284032264
"14099","infects",6083,1924,0,182.262799925911
"14100","infects",6083,1925,0,174.570131341131
"14101","infects",6083,1926,0,167.25990716831
"14102","infects",6083,1927,0,161.053349403308
"14103","infects",6083,1928,0,156.402321948627
"14104","infects",6083,1929,0,153.509615340981
"14105","infects",6083,1930,0,152.378093038638
"14106","infects",6083,1931,0,152.85988501748
"14107","infects",6083,1932,0,154.69218462614
"14108","infects",6083,1933,0,157.520524246859
"14109","infects",6083,1934,0,160.919062395102
"14110","infects",6083,1935,0,164.419524668328
"14111","infects",6083,1936,0,167.556484476253
"14112","infects",6083,1937,0,169.927928460686
"14113","infects",6083,1938,0,171.259507826193
"14114","infects",6083,1939,0,171.453503563381
"14115","infects",6083,1940,0,170.604267104257
"14116","infects",6083,1941,0,168.971981893938
"14117","infects",6083,1942,0,166.921511111755
"14118","infects",6083,1943,0,164.844877992128
"14119","infects",6083,1944,0,163.088607557357
"14120","infects",6083,1945,0,161.90080253466
"14121","infects",6083,1946,0,161.402682786575
"14122","infects",6083,1947,0,161.581458393141
"14123","infects",6083,1948,0,162.29887295622
"14124","infects",6083,1949,0,163.311733608593
"14125","infects",6083,1950,0,164.304153538715
"14126","infects",6083,1951,0,164.932794031004
"14127","infects",6083,1952,0,164.884142793697
"14128","infects",6083,1953,0,163.9370773319
"14129","infects",6083,1954,0,162.017454962001
"14130","infects",6083,1955,0,159.228681994123
"14131","infects",6083,1956,0,155.846643639632
"14132","infects",6083,1957,0,152.278585571509
"14133","infects",6083,1958,0,148.998333581197
"14134","infects",6083,1959,0,146.477623615742
"14135","infects",6083,1960,0,145.131371217841
"14136","infects",6083,1961,0,145.285259845645
"14137","infects",6083,1962,0,147.162854536277
"14138","infects",6083,1963,0,150.882040921673
"14139","infects",6083,1964,0,156.449237062418
"14140","infects",6083,1965,0,163.743768491357
"14141","infects",6083,1966,0,172.503593677012
"14142","infects",6083,1967,0,182.256893226572
"14143","infects",6083,1968,0,192.364766081028
"14144","infects",6083,1969,0,202.01425737503
"14145","infects",6083,1970,0,210.305147762889
"14146","infects",6083,1971,0,216.385948064137
"14147","infects",6083,1972,0,219.621305827608
"14148","infects",6083,1973,0,219.741421382633
"14149","infects",6083,1974,0,216.91771683576
"14150","infects",6083,1975,0,211.730915426072
"14151","infects",6083,1976,0,205.040054837208
"14152","infects",6083,1977,0,197.800305339701
"14153","infects",6083,1978,0,190.891291322807
"14154","infects",6083,1979,0,185.001176286349
"14155","infects",6083,1980,0,180.579540168061
"14156","infects",6083,1981,0,177.844259812235
"14157","infects",6083,1982,0,176.815844291517
"14158","infects",6083,1983,0,177.3562387815
"14159","infects",6083,1984,0,185.250340786034
"14160","infects",6083,1985,0,188.518875150535
"14161","infects",6083,1986,0,191.300096239802
"14162","infects",6083,1987,0,193.176273355012
"14163","infects",6083,1988,0,193.863971102414
"14164","infects",6083,1989,0,193.264559036038
"14165","infects",6083,1990,0,191.481843105385
"14166","infects",6083,1991,0,188.798603330121
"14167","infects",6083,1992,0,185.617794952401
"14168","infects",6083,1993,0,182.385827971049
"14169","infects",6083,1994,0,179.518884911751
"14170","infects",6083,1995,0,177.347956664289
"14171","infects",6083,1996,0,176.08841354632
"14172","infects",6083,1997,0,175.831180740431
"14173","infects",6083,1998,0,176.548490128552
"14174","infects",6083,1999,0,178.107890920567
"14175","infects",6083,2000,0,180.291584538875
"14176","infects",6083,2001,0,182.821540679584
"14177","infects",6083,2002,0,185.392251245482
"14178","infects",6083,2003,0,187.711539470037
"14179","infects",6083,2004,0,189.546036956651
"14180","infects",6083,2005,0,190.76353883675
"14181","infects",6083,2006,0,191.361978380335
"14182","infects",6083,2007,0,191.47628187067
"14183","infects",6083,2008,0,191.360001768227
"14184","infects",6083,2009,0,191.346065642756
"14185","infects",6083,2010,0,191.796625922694
"14186","infects",6083,2011,0,193.053215708866
"14187","infects",6083,2012,0,195.395159487585
"14188","infects",6083,2013,0,199.008791329964
"14189","infects",6083,2014,0,203.955619740868
"14190","infects",6083,2015,0,210.174423496068
"14191","infects",6083,2016,0,217.466948389735
"14192","infects",6083,2017,0,225.47786833287
"14193","infects",6083,2018,0,233.716043978285
"14194","infects",6083,2019,0,241.569815870662
"14195","infects",6083,2020,0,248.376006109844
"14196","infects",6083,2021,0,253.507112225376
"14197","infects",6083,2022,0,256.476582217395
"14198","infects",6083,2023,0,257.035553682511
"14199","infects",6083,2024,0,255.231871422985
"14200","infects",6083,2025,0,251.410017768995
"14201","infects",6083,2026,0,246.149210533102
"14202","infects",6083,2027,0,240.157942355208
"14203","infects",6083,2028,0,234.156118883283
"14204","infects",6083,2029,0,228.774947997522
"14205","infects",6083,2030,0,224.492280301722
"14206","infects",6083,2031,0,221.605238407081
"14207","infects",6083,2032,0,220.230525438148
"14208","infects",6083,2033,0,220.319229647888
"14209","infects",6083,2034,0,221.676082128644
"14210","infects",6083,2035,0,223.979508988351
"14211","infects",6083,2036,0,226.804985642403
"14212","infects",6083,2037,0,229.657709712525
"14213","infects",6083,2038,0,232.020096818574
"14214","infects",6083,2039,0,233.414807546609
"14215","infects",6083,2040,0,233.47619721672
"14216","infects",6083,2041,0,232.015362612779
"14217","infects",6083,2042,0,229.060576788638
"14218","infects",6083,2043,0,224.859011037016
"14219","infects",6083,2044,0,219.836800991778
"14220","infects",6083,2045,0,214.528016686973
"14221","infects",6083,2046,0,209.492391822326
"14222","infects",6083,2047,0,205.242453893055
"14223","infects",6083,2048,0,202.193536293052
"14224","infects",6083,2049,0,200.639606936723
"14225","infects",6083,2050,0,200.749167152238
"14226","infects",6083,2051,0,202.571655032372
"14227","infects",6083,2052,0,206.045831525699
"14228","infects",6083,2053,0,211.005691305584
"14229","infects",6083,2054,0,217.184360016946
"14230","infects",6083,2055,0,224.220538753007
"14231","infects",6083,2056,0,231.674167415709
"14232","infects",6083,2057,0,239.05725107123
"14233","infects",6083,2058,0,245.881847352274
"14234","infects",6083,2059,0,251.720699668916
"14235","infects",6083,2060,0,256.269063748791
"14236","infects",6083,2061,0,259.399399256212
"14237","infects",6083,2062,0,261.153862872116
"14238","infects",6083,2063,0,261.763483759745
"14239","infects",6083,2064,0,261.579473853125
"14240","infects",6083,2065,0,261.010860369213
"14241","infects",6083,2066,0,260.454805060198
"14242","infects",6083,2067,0,260.23775161798
"14243","infects",6083,2068,0,260.574958369764
"14244","infects",6083,2069,0,261.549806483411
"14245","infects",6083,2070,0,263.110604012787
"14246","infects",6083,2071,0,265.081970558177
"14247","infects",6083,2072,0,267.189106746945
"14248","infects",6083,2073,0,269.094432535572
"14249","infects",6083,2074,0,270.445621426013
"14250","infects",6083,2075,0,270.931393569984
"14251","infects",6083,2076,0,270.337380514174
"14252","infects",6083,2077,0,268.590992381632
"14253","infects",6083,2078,0,265.783916485663
"14254","infects",6083,2079,0,262.164999140528
"14255","infects",6083,2080,0,258.103905993981
"14256","infects",6083,2081,0,254.034045901097
"14257","infects",6083,2082,0,250.388154063172
"14258","infects",6083,2083,0,247.539664437373
"14259","infects",6083,2084,0,245.758338144921
"14260","infects",6083,2085,0,245.182427725634
"14261","infects",6083,2086,0,245.805067188239
"14262","infects",6083,2087,0,247.471333571099
"14263","infects",6083,2088,0,249.884386999972
"14264","infects",6083,2089,0,252.622670945813
"14265","infects",6083,2090,0,255.173052650219
"14266","infects",6083,2091,0,256.984727599074
"14267","infects",6083,2092,0,257.544225932643
"14268","infects",6083,2093,0,256.463299743444
"14269","infects",6083,2094,0,253.561864054279
"14270","infects",6083,2095,0,248.92274782019
"14271","infects",6083,2096,0,242.898673730302
"14272","infects",6083,2097,0,236.065444744127
"14273","infects",6083,2098,0,229.133519536606
"14274","infects",6083,2099,0,222.843976270996
"14275","infects",6083,2100,0,217.877194144384
"14276","infects",6083,2101,0,214.792993914345
"14277","infects",6083,2102,0,214.005533143058
"14278","infects",6083,2103,0,215.782888796837
"14279","infects",6083,2104,0,220.254942437462
"14280","infects",6083,2105,0,227.414353887684
"14281","infects",6083,2106,0,237.101746681655
"14282","infects",6083,2107,0,248.975193074
"14283","infects",6083,2108,0,262.474024593765
"14284","infects",6083,2109,0,276.796370503313
"14285","infects",6083,2110,0,290.915695311788
"14286","infects",6083,2111,0,303.65914917564
"14287","infects",6083,2112,0,313.855269509131
"14288","infects",6083,2113,0,320.531090585997
"14289","infects",6083,2114,0,323.074926472978
"14290","infects",6083,2115,0,321.488422730529
"14291","infects",6083,2116,0,316.243710353357
"14292","infects",6083,2117,0,308.262290184536
"14293","infects",6083,2118,0,298.695989574276
"14294","infects",6083,2119,0,288.705584937793
"14295","infects",6083,2120,0,279.281202209335
"14296","infects",6083,2121,0,271.138572235885
"14297","infects",6083,2122,0,264.690804196324
"14298","infects",6083,2123,0,260.073023334339
"14299","infects",6083,2124,0,257.192439328043
"14300","infects",6083,2125,0,255.784158086874
"14301","infects",6083,2126,0,255.464731253078
"14302","infects",6083,2127,0,255.784380371446
"14303","infects",6083,2128,0,256.282016201676
"14304","infects",6083,2129,0,256.544637057236
"14305","infects",6083,2130,0,256.266589541952
"14306","infects",6083,2131,0,255.298056722715
"14307","infects",6083,2132,0,253.669833112386
"14308","infects",6083,2133,0,251.585227605499
"14309","infects",6083,2134,0,249.378828976354
"14310","infects",6083,2135,0,247.451707053519
"14311","infects",6083,2136,0,246.198453332244
"14312","infects",6083,2137,0,245.940765756919
"14313","infects",6083,2138,0,246.876476833957
"14314","infects",6083,2139,0,249.046093661129
"14315","infects",6083,2140,0,252.314993970599
"14316","infects",6083,2141,0,256.370021267906
"14317","infects",6083,2142,0,260.733178811185
"14318","infects",6083,2143,0,264.799271759006
"14319","infects",6083,2144,0,267.904791089434
"14320","infects",6083,2145,0,269.429049247361
"14321","infects",6083,2146,0,268.915516668278
"14322","infects",6083,2147,0,266.1862012144
"14323","infects",6083,2148,0,261.413654402749
"14324","infects",6083,2149,0,255.122109321626
"14325","infects",6083,2150,0,248.112142664513
"14326","infects",6083,2151,0,241.332026824177
"14327","infects",6083,2152,0,235.737830135579
"14328","infects",6083,2153,0,232.182877590124
"14329","infects",6083,2154,0,231.357702078062
"14330","infects",6083,2155,0,233.776421346867
"14331","infects",6083,2156,0,239.787255193284
"14332","infects",6083,2157,0,249.59507854101
"14333","infects",6083,2158,0,263.18466655715
"14334","infects",6083,2159,0,280.339208186291
"14335","infects",6083,2160,0,300.505414496446
"14336","infects",6083,2161,0,322.706649172995
"14337","infects",6083,2162,0,345.485999267556
"14338","infects",6083,2163,0,366.949606375175
"14339","infects",6083,2164,0,384.961367768344
"14340","infects",6083,2165,0,397.494422728377
"14341","infects",6083,2166,0,403.068528005452
"14342","infects",6083,2167,0,401.131361859399
"14343","infects",6083,2168,0,392.228154108437
"14344","infects",6083,2169,0,377.875898172539
"14345","infects",6083,2170,0,360.18534144243
"14346","infects",6083,2171,0,341.379987040318
"14347","infects",6083,2172,0,323.38315056051
"14348","infects",6083,2173,0,307.580256760813
"14349","infects",6083,2174,0,294.767523374212
"14350","infects",6083,2175,0,285.228860871094
"14351","infects",6083,2176,0,278.864335170545
"14352","infects",6083,2177,0,275.313546439821
"14353","infects",6083,2178,0,274.049952634004
"14354","infects",6083,2179,0,274.448384204076
"14355","infects",6083,2180,0,275.84074618076
"14356","infects",6083,2181,0,277.57508217868
"14357","infects",6083,2182,0,279.084580396938
"14358","infects",6083,2183,0,279.960526568013
"14359","infects",6083,2184,0,280.012396105407
"14360","infects",6083,2185,0,279.294954109464
"14361","infects",6083,2186,0,278.08923482037
"14362","infects",6083,2187,0,276.838857807092
"14363","infects",6083,2188,0,276.057703828889
"14364","infects",6083,2189,0,276.231797801725
"14365","infects",6083,2190,0,277.734739403807
"14366","infects",6083,2191,0,280.76606853114
"14367","infects",6083,2192,0,285.312553238995
"14368","infects",6083,2193,0,291.128858291015
"14369","infects",6083,2194,0,297.737355156076
"14370","infects",6083,2195,0,304.453802708967
"14371","infects",6083,2196,0,310.450689357476
"14372","infects",6083,2197,0,314.867353645407
"14373","infects",6083,2198,0,316.962310903217
"14374","infects",6083,2199,0,316.281215934695
"14375","infects",6083,2200,0,312.794071354585
"14376","infects",6083,2201,0,306.952183544995
"14377","infects",6083,2202,0,299.637545376424
"14378","infects",6083,2203,0,292.017741767001
"14379","infects",6083,2204,0,285.356568723227
"14380","infects",6083,2205,0,280.842642123357
"14381","infects",6083,2206,0,279.479764413505
"14382","infects",6083,2207,0,282.047289291385
"14383","infects",6083,2208,0,289.106799484639
"14384","infects",6083,2209,0,301.016138698765
"14385","infects",6083,2210,0,317.914013853509
"14386","infects",6083,2211,0,339.652293755208
"14387","infects",6083,2212,0,365.674320799574
"14388","infects",6083,2213,0,394.865291195179
"14389","infects",6083,2214,0,425.433674541836
"14390","infects",6083,2215,0,454.910967843017
"14391","infects",6083,2216,0,480.358627198832
"14392","infects",6083,2217,0,498.820035349638
"14393","infects",6083,2218,0,507.947496798267
"14394","infects",6083,2219,0,506.612115827209
"14395","infects",6083,2220,0,495.250230103143
"14396","infects",6083,2221,0,475.778011443252
"14397","infects",6083,2222,0,451.093518941076
"14398","infects",6083,2223,0,424.370693682141
"14399","infects",6083,2224,0,398.415440268423
"14400","infects",6083,2225,0,375.273806638582
"14401","infects",6083,2226,0,356.131483637207
"14402","infects",6083,2227,0,341.423347440684
"14403","infects",6083,2228,0,331.031827007636
"14404","infects",6083,2229,0,324.479599353022
"14405","infects",6083,2230,0,321.073504834866
"14406","infects",6083,2231,0,319.999480070622
"14407","infects",6083,2232,0,320.390345591632
"14408","infects",6083,2233,0,321.391123487834
"14409","infects",6083,2234,0,322.236394013036
"14410","infects",6083,2235,0,322.337589466247
"14411","infects",6083,2236,0,321.362136488449
"14412","infects",6083,2237,0,319.278514524471
"14413","infects",6083,2238,0,316.346654458732
"14414","infects",6083,2239,0,313.050178677929
"14415","infects",6083,2240,0,309.987070931978
"14416","infects",6083,2241,0,307.747556593208
"14417","infects",6083,2242,0,306.806608589307
"14418","infects",6083,2243,0,307.446667117385
"14419","infects",6083,2244,0,309.71257325436
"14420","infects",6083,2245,0,313.393227019601
"14421","infects",6083,2246,0,318.025700879746
"14422","infects",6083,2247,0,322.924572873829
"14423","infects",6083,2248,0,327.245972434155
"14424","infects",6083,2249,0,330.095680066388
"14425","infects",6083,2250,0,330.679414463956
"14426","infects",6083,2251,0,328.472659331992
"14427","infects",6083,2252,0,323.366300516787
"14428","infects",6083,2253,0,315.737433015011
"14429","infects",6083,2254,0,306.423215643886
"14430","infects",6083,2255,0,296.542821030401
"14431","infects",6083,2256,0,287.357807396598
"14432","infects",6083,2257,0,280.053927179815
"14433","infects",6083,2258,0,275.621345648889
"14434","infects",6083,2259,0,274.802271731347
"14435","infects",6083,2260,0,278.094585486872
"14436","infects",6083,2261,0,285.774332983185
"14437","infects",6083,2262,0,297.90009667456
"14438","infects",6083,2263,0,314.275350453781
"14439","infects",6083,2264,0,334.364767381255
"14440","infects",6083,2265,0,357.184451199325
"14441","infects",6083,2266,0,381.212645387629
"14442","infects",6083,2267,0,404.389865241647
"14443","infects",6083,2268,0,424.279655260462
"14444","infects",6083,2269,0,438.423698854196
"14445","infects",6083,2270,0,444.842655457766
"14446","infects",6083,2271,0,442.536539259456
"14447","infects",6083,2272,0,431.788053837691
"14448","infects",6083,2273,0,414.12331930965
"14449","infects",6083,2274,0,391.928216934471
"14450","infects",6083,2275,0,367.872609367728
"14451","infects",6083,2276,0,344.362029642508
"14452","infects",6083,2277,0,323.18450715604
"14453","infects",6083,2278,0,305.400512836335
"14454","infects",6083,2279,0,291.418923943379
"14455","infects",6083,2280,0,281.159760708211
"14456","infects",6083,2281,0,274.220471600039
"14457","infects",6083,2282,0,270.003952249155
"14458","infects",6083,2283,0,267.804029920669
"14459","infects",6083,2284,0,266.865131366027
"14460","infects",6083,2285,0,266.437302648006
"14461","infects",6083,2286,0,265.840457512311
"14462","infects",6083,2287,0,264.538108718615
"14463","infects",6083,2288,0,262.206733629105
"14464","infects",6083,2289,0,258.778823141174
"14465","infects",6083,2290,0,254.440546408809
"14466","infects",6083,2291,0,249.578679762324
"14467","infects",6083,2292,0,244.689298004419
"14468","infects",6083,2293,0,240.273026902167
"14469","infects",6083,2294,0,236.742271119052
"14470","infects",6083,2295,0,234.356195718519
"14471","infects",6083,2296,0,233.186519439642
"14472","infects",6083,2297,0,233.108725233319
"14473","infects",6083,2298,0,233.812237643263
"14474","infects",6083,2299,0,234.827699375736
"14475","infects",6083,2300,0,235.575067602743
"14476","infects",6083,2301,0,235.437835100077
"14477","infects",6083,2302,0,233.862983867243
"14478","infects",6083,2303,0,230.473713290925
"14479","infects",6083,2304,0,225.168009923915
"14480","infects",6083,2305,0,218.170007188441
"14481","infects",6083,2306,0,210.010567691376
"14482","infects",6083,2307,0,201.437815724595
"14483","infects",6083,2308,0,193.285788157894
"14484","infects",6083,2309,0,186.344150722019
"14485","infects",6083,2310,0,181.265680328445
"14486","infects",6083,2311,0,178.52613079669
"14487","infects",6083,2312,0,178.426968361475
"14488","infects",6083,2313,0,181.117050642189
"14489","infects",6083,2314,0,186.607913880636
"14490","infects",6083,2315,0,194.765315257275
"14491","infects",6083,2316,0,205.272097290076
"14492","infects",6083,2317,0,217.571663783954
"14493","infects",6083,2318,0,230.816419712696
"14494","infects",6083,2319,0,243.858623829902
"14495","infects",6083,2320,0,255.324623821677
"14496","infects",6083,2321,0,263.796684166954
"14497","infects",6083,2322,0,268.084551345179
"14498","infects",6083,2323,0,267.5139878528
"14499","infects",6083,2324,0,262.123936163301
"14500","infects",6083,2325,0,252.681057876473
"14501","infects",6083,2326,0,240.493548288442
"14502","infects",6083,2327,0,227.095817850059
"14503","infects",6083,2328,0,213.925584249013
"14504","infects",6083,2329,0,202.097572266935
"14505","infects",6083,2330,0,192.314332909818
"14506","infects",6083,2331,0,184.890749581723
"14507","infects",6083,2332,0,179.837462541569
"14508","infects",6083,2333,0,176.952471723642
"14509","infects",6083,2334,0,175.892761299515
"14510","infects",6083,2335,0,176.221111497497
"14511","infects",6083,2336,0,177.438129429584
"14512","infects",6083,2337,0,179.014455893346
"14513","infects",6083,2338,0,180.434810940431
"14514","infects",6083,2339,0,181.256416499942
"14515","infects",6083,2340,0,181.172693804521
"14516","infects",6083,2341,0,180.063979337751
"14517","infects",6083,2342,0,178.015746940705
"14518","infects",6083,2343,0,175.293747293859
"14519","infects",6083,2344,0,172.280873896939
"14520","infects",6083,2345,0,169.39413329647
"14521","infects",6083,2346,0,167.00450721579
"14522","infects",6083,2347,0,165.376566636081
"14523","infects",6083,2348,0,164.633622317029
"14524","infects",6083,2349,0,164.745073427956
"14525","infects",6083,2350,0,165.538667602393
"14526","infects",6083,2351,0,166.683320143825
"14527","infects",6083,2352,0,167.764180511243
"14528","infects",6083,2353,0,168.305638795552
"14529","infects",6083,2354,0,167.849602727711
"14530","infects",6083,2355,0,166.044326228604
"14531","infects",6083,2356,0,162.731259331221
"14532","infects",6083,2357,0,158.002725594577
"14533","infects",6083,2358,0,152.206203842857
"14534","infects",6083,2359,0,145.888166641316
"14535","infects",6083,2360,0,139.694492987662
"14536","infects",6083,2361,0,134.261622975402
"14537","infects",6083,2362,0,130.132544661911
"14538","infects",6083,2363,0,127.715537059519
"14539","infects",6083,2364,0,127.282265077004
"14540","infects",6083,2365,0,128.986924839065
"14541","infects",6083,2366,0,132.884422588203
"14542","infects",6083,2367,0,138.930734093228
"14543","infects",6083,2368,0,146.958065889696
"14544","infects",6083,2369,0,156.62853593114
"14545","infects",6083,2370,0,167.382357833681
"14546","infects",6083,2371,0,178.408887995304
"14547","infects",6083,2372,0,188.676312760892
"14548","infects",6083,2373,0,197.048795353163
"14549","infects",6083,2374,0,202.490714531557
"14550","infects",6083,2375,0,204.310985228866
"14551","infects",6083,2376,0,202.360408122714
"14552","infects",6083,2377,0,197.09406017643
"14553","infects",6083,2378,0,189.462302242476
"14554","infects",6083,2379,0,180.672457320417
"14555","infects",6083,2380,0,171.918484869923
"14556","infects",6083,2381,0,164.174327079447
"14557","infects",6083,2382,0,158.097452336983
"14558","infects",6083,2383,0,154.031426766383
"14559","infects",6083,2384,0,152.063421477613
"14560","infects",6083,2385,0,152.091602230823
"14561","infects",6083,2386,0,153.87549864381
"14562","infects",6083,2387,0,157.063703522361
"14563","infects",6083,2388,0,161.20854802315
"14564","infects",6083,2389,0,165.78446633842
"14565","infects",6083,2390,0,170.225870444918
"14566","infects",6083,2391,0,173.991922088477
"14567","infects",6083,2392,0,176.651270266318
"14568","infects",6083,2393,0,177.964781380311
"14569","infects",6083,2394,0,177.936851055663
"14570","infects",6083,2395,0,176.812671949388
"14571","infects",6083,2396,0,175.018481916697
"14572","infects",6083,2397,0,173.063846493979
"14573","infects",6083,2398,0,171.436738343008
"14574","infects",6083,2399,0,170.518164307134
"14575","infects",6083,2400,0,170.528583700427
"14576","infects",6083,2401,0,171.503903060547
"14577","infects",6083,2402,0,173.292269051844
"14578","infects",6083,2403,0,175.565439545937
"14579","infects",6083,2404,0,177.846097324517
"14580","infects",6083,2405,0,179.558912909565
"14581","infects",6083,2406,0,180.112828084649
"14582","infects",6083,2407,0,179.011966383074
"14583","infects",6083,2408,0,175.975064803842
"14584","infects",6083,2409,0,171.027398464126
"14585","infects",6083,2410,0,164.527454540299
"14586","infects",6083,2411,0,157.110274289478
"14587","infects",6083,2412,0,149.563394595866
"14588","infects",6083,2413,0,142.680078461839
"14589","infects",6083,2414,0,137.139937283861
"14590","infects",6083,2415,0,133.447112003926
"14591","infects",6083,2416,0,131.925613297767
"14592","infects",6083,2417,0,132.748445985385
"14593","infects",6083,2418,0,135.970387049869
"14594","infects",6083,2419,0,141.540840206043
"14595","infects",6083,2420,0,149.285685389233
"14596","infects",6083,2421,0,158.860694902144
"14597","infects",6083,2422,0,169.693147772257
"14598","infects",6083,2423,0,180.942491659731
"14599","infects",6083,2424,0,191.520724407043
"14600","infects",6083,2425,0,200.208171508472
"14601","infects",6083,2426,0,205.870116345968
"14602","infects",6083,2427,0,207.7270591292
"14603","infects",6083,2428,0,205.582143295137
"14604","infects",6083,2429,0,199.902550373395
"14605","infects",6083,2430,0,191.707157183709
"14606","infects",6083,2431,0,182.303809934215
"14607","infects",6083,2432,0,172.986811382572
"14608","infects",6083,2433,0,164.805874582556
"14609","infects",6083,2434,0,158.460987488883
"14610","infects",6083,2435,0,154.309768911791
"14611","infects",6083,2436,0,152.43542290806
"14612","infects",6083,2437,0,152.722921948412
"14613","infects",6083,2438,0,154.912802660353
"14614","infects",6083,2439,0,158.626804639281
"14615","infects",6083,2440,0,163.377251320337
"14616","infects",6083,2441,0,168.580470637695
"14617","infects",6083,2442,0,173.59413674153
"14618","infects",6083,2443,0,177.789137607905
"14619","infects",6083,2444,0,180.649475508013
"14620","infects",6083,2445,0,181.874393820391
"14621","infects",6083,2446,0,181.445907465409
"14622","infects",6083,2447,0,179.638671824146
"14623","infects",6083,2448,0,176.926399468199
"14624","infects",6083,2449,0,173.901390401776
"14625","infects",6083,2450,0,171.128672304422
"14626","infects",6083,2451,0,169.050656175432
"14627","infects",6083,2452,0,167.927936081321
"14628","infects",6083,2453,0,167.81736931176
"14629","infects",6083,2454,0,168.574901452222
"14630","infects",6083,2455,0,169.873109504757
"14631","infects",6083,2456,0,171.232462395759
"14632","infects",6083,2457,0,172.073518862953
"14633","infects",6083,2458,0,171.798393613293
"14634","infects",6083,2459,0,169.900537197468
"14635","infects",6083,2460,0,166.084212287072
"14636","infects",6083,2461,0,160.357993990017
"14637","infects",6083,2462,0,153.063366065319
"14638","infects",6083,2463,0,144.818359713009
"14639","infects",6083,2464,0,136.391008101819
"14640","infects",6083,2465,0,128.548099037368
"14641","infects",6083,2466,0,121.931651521963
"14642","infects",6083,2467,0,116.99554928907
"14643","infects",6083,2468,0,114.002903748079
"14644","infects",6083,2469,0,113.060565139747
"14645","infects",6083,2470,0,114.160315201389
"14646","infects",6083,2471,0,117.203511385269
"14647","infects",6083,2472,0,121.998895928891
"14648","infects",6083,2473,0,128.23603167106
"14649","infects",6083,2474,0,135.448004989656
"14650","infects",6083,2475,0,142.986796155333
"14651","infects",6083,2476,0,150.040597059941
"14652","infects",6083,2477,0,155.717808145289
"14653","infects",6083,2478,0,159.200801612285
"14654","infects",6083,2479,0,159.935934587201
"14655","infects",6083,2480,0,157.792421265018
"14656","infects",6083,2481,0,153.11810591077
"14657","infects",6083,2482,0,146.658545080168
"14658","infects",6083,2483,0,139.369205480161
"14659","infects",6083,2484,0,132.198239953855
"14660","infects",6083,2485,0,125.918959636331
"14661","infects",6083,2486,0,121.051964654132
"14662","infects",6083,2487,0,117.868742833779
"14663","infects",6083,2488,0,116.440241424605
"14664","infects",6083,2489,0,116.692512107697
"14665","infects",6083,2490,0,125.31793970347
"14666","infects",6083,2491,0,129.67036197266
"14667","infects",6083,2492,0,134.024998183521
"14668","infects",6083,2493,0,137.911261020379
"14669","infects",6083,2494,0,140.928347352699
"14670","infects",6083,2495,0,142.822196582301
"14671","infects",6083,2496,0,143.542058691895
"14672","infects",6083,2497,0,143.253083133233
"14673","infects",6083,2498,0,142.296965523062
"14674","infects",6083,2499,0,141.113387143175
"14675","infects",6083,2500,0,140.148602260741
"14676","infects",6083,2501,0,139.776933299872
"14677","infects",6083,2502,0,140.248952737858
"14678","infects",6083,2503,0,141.666060081408
"14679","infects",6083,2504,0,143.973202215664
"14680","infects",6083,2505,0,146.96210765342
"14681","infects",6083,2506,0,150.283877927124
"14682","infects",6083,2507,0,153.47707454567
"14683","infects",6083,2508,0,156.020525351581
"14684","infects",6083,2509,0,157.415324874526
"14685","infects",6083,2510,0,157.287522301263
"14686","infects",6083,2511,0,155.486750746364
"14687","infects",6083,2512,0,152.146621385285
"14688","infects",6083,2513,0,147.679745795295
"14689","infects",6083,2514,0,142.704365182774
"14690","infects",6083,2515,0,137.928539598514
"14691","infects",6083,2516,0,134.034013848965
"14692","infects",6083,2517,0,131.595809864341
"14693","infects",6083,2518,0,131.051198239369
"14694","infects",6083,2519,0,132.707979018817
"14695","D_obs",6083,0,0,8
"14696","D_obs",6083,1,0,9
"14697","D_obs",6083,2,0,7
"14698","D_obs",6083,3,0,11
"14699","D_obs",6083,4,0,8
"14700","D_obs",6083,5,0,14
"14701","D_obs",6083,6,0,4
"14702","D_obs",6083,7,0,11
"14703","D_obs",6083,8,0,7
"14704","D_obs",6083,9,0,12
"14705","D_obs",6083,10,0,6
"14706","D_obs",6083,11,0,16
"14707","D_obs",6083,12,0,8
"14708","D_obs",6083,13,0,5
"14709","D_obs",6083,14,0,11
"14710","D_obs",6083,15,0,5
"14711","D_obs",6083,16,0,12
"14712","D_obs",6083,17,0,7
"14713","D_obs",6083,18,0,10
"14714","D_obs",6083,19,0,15
"14715","D_obs",6083,20,0,17
"14716","D_obs",6083,21,0,25
"14717","D_obs",6083,22,0,30
"14718","D_obs",6083,23,0,16
"14719","D_obs",6083,24,0,24
"14720","D_obs",6083,25,0,18
"14721","D_obs",6083,26,0,29
"14722","D_obs",6083,27,0,25
"14723","D_obs",6083,28,0,23
"14724","D_obs",6083,29,0,28
"14725","D_obs",6083,30,0,31
"14726","D_obs",6083,31,0,19
"14727","D_obs",6083,32,0,43
"14728","D_obs",6083,33,0,28
"14729","D_obs",6083,34,0,38
"14730","D_obs",6083,35,0,30
"14731","D_obs",6083,36,0,35
"14732","D_obs",6083,37,0,29
"14733","D_obs",6083,38,0,31
"14734","D_obs",6083,39,0,47
"14735","D_obs",6083,40,0,36
"14736","D_obs",6083,41,0,41
"14737","D_obs",6083,42,0,46
"14738","D_obs",6083,43,0,44
"14739","D_obs",6083,44,0,39
"14740","D_obs",6083,45,0,50
"14741","D_obs",6083,46,0,43
"14742","D_obs",6083,47,0,30
"14743","D_obs",6083,48,0,35
"14744","D_obs",6083,49,0,40
"14745","D_obs",6083,50,0,33
"14746","D_obs",6083,51,0,35
"14747","D_obs",6083,52,0,27
"14748","D_obs",6083,53,0,22
"14749","D_obs",6083,54,0,30
"14750","D_obs",6083,55,0,23
"14751","D_obs",6083,56,0,19
"14752","D_obs",6083,57,0,15
"14753","D_obs",6083,58,0,24
"14754","D_obs",6083,59,0,22
"14755","D_obs",6083,60,0,29
"14756","D_obs",6083,61,0,21
"14757","D_obs",6083,62,0,21
"14758","D_obs",6083,63,0,22
"14759","D_obs",6083,64,0,22
"14760","D_obs",6083,65,0,21
"14761","D_obs",6083,66,0,21
"14762","D_obs",6083,67,0,27
"14763","D_obs",6083,68,0,18
"14764","D_obs",6083,69,0,24
"14765","D_obs",6083,70,0,10
"14766","D_obs",6083,71,0,21
"14767","D_obs",6083,72,0,27
"14768","D_obs",6083,73,0,29
"14769","D_obs",6083,74,0,33
"14770","D_obs",6083,75,0,31
"14771","D_obs",6083,76,0,27
"14772","D_obs",6083,77,0,32
"14773","D_obs",6083,78,0,32
"14774","D_obs",6083,79,0,30
"14775","D_obs",6083,80,0,37
"14776","D_obs",6083,81,0,32
"14777","D_obs",6083,82,0,41
"14778","D_obs",6083,83,0,48
"14779","D_obs",6083,84,0,43
"14780","D_obs",6083,85,0,34
"14781","D_obs",6083,86,0,39
"14782","D_obs",6083,87,0,41
"14783","D_obs",6083,88,0,48
"14784","D_obs",6083,89,0,64
"14785","D_obs",6083,90,0,54
"14786","D_obs",6083,91,0,43
"14787","D_obs",6083,92,0,54
"14788","D_obs",6083,93,0,58
"14789","D_obs",6083,94,0,58
"14790","D_obs",6083,95,0,66
"14791","D_obs",6083,96,0,60
"14792","D_obs",6083,97,0,51
"14793","D_obs",6083,98,0,61
"14794","D_obs",6083,99,0,59
"14795","D_obs",6083,100,0,47
"14796","D_obs",6083,101,0,46
"14797","D_obs",6083,102,0,49
"14798","D_obs",6083,103,0,54
"14799","D_obs",6083,104,0,47
"14800","D_obs",6083,105,0,51
"14801","D_obs",6083,106,0,49
"14802","D_obs",6083,107,0,42
"14803","D_obs",6083,108,0,31
"14804","D_obs",6083,109,0,37
"14805","D_obs",6083,110,0,43
"14806","D_obs",6083,111,0,43
"14807","D_obs",6083,112,0,39
"14808","D_obs",6083,113,0,40
"14809","D_obs",6083,114,0,43
"14810","D_obs",6083,115,0,36
"14811","D_obs",6083,116,0,35
"14812","D_obs",6083,117,0,35
"14813","D_obs",6083,118,0,31
"14814","D_obs",6083,119,0,32
"14815","D_obs",6083,120,0,35
"14816","D_obs",6083,121,0,24
"14817","D_obs",6083,122,0,35
"14818","D_obs",6083,123,0,41
"14819","D_obs",6083,124,0,49
"14820","D_obs",6083,125,0,63
"14821","D_obs",6083,126,0,56
"14822","D_obs",6083,127,0,62
"14823","D_obs",6083,128,0,78
"14824","D_obs",6083,129,0,60
"14825","D_obs",6083,130,0,58
"14826","D_obs",6083,131,0,69
"14827","D_obs",6083,132,0,72
"14828","D_obs",6083,133,0,82
"14829","D_obs",6083,134,0,75
"14830","D_obs",6083,135,0,80
"14831","D_obs",6083,136,0,68
"14832","D_obs",6083,137,0,93
"14833","D_obs",6083,138,0,82
"14834","D_obs",6083,139,0,99
"14835","D_obs",6083,140,0,70
"14836","D_obs",6083,141,0,87
"14837","D_obs",6083,142,0,85
"14838","D_obs",6083,143,0,87
"14839","D_obs",6083,144,0,102
"14840","D_obs",6083,145,0,81
"14841","D_obs",6083,146,0,88
"14842","D_obs",6083,147,0,72
"14843","D_obs",6083,148,0,70
"14844","D_obs",6083,149,0,84
"14845","D_obs",6083,150,0,60
"14846","D_obs",6083,151,0,56
"14847","D_obs",6083,152,0,44
"14848","D_obs",6083,153,0,47
"14849","D_obs",6083,154,0,42
"14850","D_obs",6083,155,0,39
"14851","D_obs",6083,156,0,37
"14852","D_obs",6083,157,0,47
"14853","D_obs",6083,158,0,45
"14854","D_obs",6083,159,0,28
"14855","D_obs",6083,160,0,35
"14856","D_obs",6083,161,0,34
"14857","D_obs",6083,162,0,38
"14858","D_obs",6083,163,0,30
"14859","D_obs",6083,164,0,23
"14860","D_obs",6083,165,0,24
"14861","D_obs",6083,166,0,23
"14862","D_obs",6083,167,0,27
"14863","D_obs",6083,168,0,30
"14864","D_obs",6083,169,0,11
"14865","D_obs",6083,170,0,17
"14866","D_obs",6083,171,0,18
"14867","D_obs",6083,172,0,16
"14868","D_obs",6083,173,0,9
"14869","D_obs",6083,174,0,11
"14870","D_obs",6083,175,0,22
"14871","D_obs",6083,176,0,18
"14872","D_obs",6083,177,0,19
"14873","D_obs",6083,178,0,16
"14874","D_obs",6083,179,0,17
"14875","D_obs",6083,180,0,12
"14876","D_obs",6083,181,0,15
"14877","D_obs",6083,182,0,21
"14878","D_obs",6083,183,0,15
"14879","D_obs",6083,184,0,12
"14880","D_obs",6083,185,0,13
"14881","D_obs",6083,186,0,10
"14882","D_obs",6083,187,0,18
"14883","D_obs",6083,188,0,6
"14884","D_obs",6083,189,0,14
"14885","D_obs",6083,190,0,16
"14886","D_obs",6083,191,0,14
"14887","D_obs",6083,192,0,14
"14888","D_obs",6083,193,0,20
"14889","D_obs",6083,194,0,21
"14890","D_obs",6083,195,0,23
"14891","D_obs",6083,196,0,24
"14892","D_obs",6083,197,0,20
"14893","D_obs",6083,198,0,25
"14894","D_obs",6083,199,0,11
"14895","D_obs",6083,200,0,20
"14896","D_obs",6083,201,0,28
"14897","D_obs",6083,202,0,25
"14898","D_obs",6083,203,0,22
"14899","D_obs",6083,204,0,18
"14900","D_obs",6083,205,0,19
"14901","D_obs",6083,206,0,21
"14902","D_obs",6083,207,0,13
"14903","D_obs",6083,208,0,19
"14904","D_obs",6083,209,0,20
"14905","D_obs",6083,210,0,16
"14906","D_obs",6083,211,0,14
"14907","D_obs",6083,212,0,19
"14908","D_obs",6083,213,0,16
"14909","D_obs",6083,214,0,24
"14910","D_obs",6083,215,0,20
"14911","D_obs",6083,216,0,16
"14912","D_obs",6083,217,0,11
"14913","D_obs",6083,218,0,18
"14914","D_obs",6083,219,0,20
"14915","D_obs",6083,220,0,8
"14916","D_obs",6083,221,0,16
"14917","D_obs",6083,222,0,11
"14918","D_obs",6083,223,0,13
"14919","D_obs",6083,224,0,15
"14920","D_obs",6083,225,0,6
"14921","D_obs",6083,226,0,11
"14922","D_obs",6083,227,0,15
"14923","D_obs",6083,228,0,11
"14924","D_obs",6083,229,0,23
"14925","D_obs",6083,230,0,10
"14926","D_obs",6083,231,0,15
"14927","D_obs",6083,232,0,17
"14928","D_obs",6083,233,0,14
"14929","D_obs",6083,234,0,20
"14930","D_obs",6083,235,0,25
"14931","D_obs",6083,236,0,12
"14932","D_obs",6083,237,0,11
"14933","D_obs",6083,238,0,23
"14934","D_obs",6083,239,0,17
"14935","D_obs",6083,240,0,10
"14936","D_obs",6083,241,0,10
"14937","D_obs",6083,242,0,19
"14938","D_obs",6083,243,0,10
"14939","D_obs",6083,244,0,19
"14940","D_obs",6083,245,0,15
"14941","D_obs",6083,246,0,17
"14942","D_obs",6083,247,0,21
"14943","D_obs",6083,248,0,28
"14944","D_obs",6083,249,0,30
"14945","D_obs",6083,250,0,33
"14946","D_obs",6083,251,0,22
"14947","D_obs",6083,252,0,27
"14948","D_obs",6083,253,0,19
"14949","D_obs",6083,254,0,27
"14950","D_obs",6083,255,0,33
"14951","D_obs",6083,256,0,25
"14952","D_obs",6083,257,0,25
"14953","D_obs",6083,258,0,19
"14954","D_obs",6083,259,0,13
"14955","D_obs",6083,260,0,16
"14956","D_obs",6083,261,0,22
"14957","D_obs",6083,262,0,12
"14958","D_obs",6083,263,0,14
"14959","D_obs",6083,264,0,14
"14960","D_obs",6083,265,0,17
"14961","D_obs",6083,266,0,14
"14962","D_obs",6083,267,0,21
"14963","D_obs",6083,268,0,13
"14964","D_obs",6083,269,0,11
"14965","D_obs",6083,270,0,18
"14966","D_obs",6083,271,0,13
"14967","D_obs",6083,272,0,11
"14968","D_obs",6083,273,0,7
"14969","D_obs",6083,274,0,16
"14970","D_obs",6083,275,0,12
"14971","D_obs",6083,276,0,11
"14972","D_obs",6083,277,0,13
"14973","D_obs",6083,278,0,11
"14974","D_obs",6083,279,0,15
"14975","D_obs",6083,280,0,26
"14976","D_obs",6083,281,0,20
"14977","D_obs",6083,282,0,4
"14978","D_obs",6083,283,0,12
"14979","D_obs",6083,284,0,16
"14980","D_obs",6083,285,0,11
"14981","D_obs",6083,286,0,16
"14982","D_obs",6083,287,0,13
"14983","D_obs",6083,288,0,15
"14984","D_obs",6083,289,0,18
"14985","D_obs",6083,290,0,16
"14986","D_obs",6083,291,0,16
"14987","D_obs",6083,292,0,16
"14988","D_obs",6083,293,0,29
"14989","D_obs",6083,294,0,21
"14990","D_obs",6083,295,0,29
"14991","D_obs",6083,296,0,49
"14992","D_obs",6083,297,0,32
"14993","D_obs",6083,298,0,46
"14994","D_obs",6083,299,0,50
"14995","D_obs",6083,300,0,58
"14996","D_obs",6083,301,0,55
"14997","D_obs",6083,302,0,42
"14998","D_obs",6083,303,0,61
"14999","D_obs",6083,304,0,64
"15000","D_obs",6083,305,0,71
"15001","D_obs",6083,306,0,69
"15002","D_obs",6083,307,0,49
"15003","D_obs",6083,308,0,63
"15004","D_obs",6083,309,0,45
"15005","D_obs",6083,310,0,36
"15006","D_obs",6083,311,0,41
"15007","D_obs",6083,312,0,43
"15008","D_obs",6083,313,0,57
"15009","D_obs",6083,314,0,40
"15010","D_obs",6083,315,0,45
"15011","D_obs",6083,316,0,38
"15012","D_obs",6083,317,0,57
"15013","D_obs",6083,318,0,53
"15014","D_obs",6083,319,0,42
"15015","D_obs",6083,320,0,43
"15016","D_obs",6083,321,0,54
"15017","D_obs",6083,322,0,42
"15018","D_obs",6083,323,0,51
"15019","D_obs",6083,324,0,46
"15020","D_obs",6083,325,0,47
"15021","D_obs",6083,326,0,36
"15022","D_obs",6083,327,0,53
"15023","D_obs",6083,328,0,57
"15024","D_obs",6083,329,0,44
"15025","D_obs",6083,330,0,51
"15026","D_obs",6083,331,0,43
"15027","D_obs",6083,332,0,50
"15028","D_obs",6083,333,0,78
"15029","D_obs",6083,334,0,56
"15030","D_obs",6083,335,0,77
"15031","D_obs",6083,336,0,76
"15032","D_obs",6083,337,0,107
"15033","D_obs",6083,338,0,88
"15034","D_obs",6083,339,0,100
"15035","D_obs",6083,340,0,72
"15036","D_obs",6083,341,0,90
"15037","D_obs",6083,342,0,119
"15038","D_obs",6083,343,0,97
"15039","D_obs",6083,344,0,124
"15040","D_obs",6083,345,0,115
"15041","D_obs",6083,346,0,102
"15042","D_obs",6083,347,0,137
"15043","D_obs",6083,348,0,144
"15044","D_obs",6083,349,0,145
"15045","D_obs",6083,350,0,161
"15046","D_obs",6083,351,0,154
"15047","D_obs",6083,352,0,180
"15048","D_obs",6083,353,0,188
"15049","D_obs",6083,354,0,147
"15050","D_obs",6083,355,0,182
"15051","D_obs",6083,356,0,135
"15052","D_obs",6083,357,0,135
"15053","D_obs",6083,358,0,119
"15054","D_obs",6083,359,0,118
"15055","D_obs",6083,360,0,127
"15056","D_obs",6083,361,0,117
"15057","D_obs",6083,362,0,113
"15058","D_obs",6083,363,0,110
"15059","D_obs",6083,364,0,94
"15060","D_obs",6083,365,0,81
"15061","D_obs",6083,366,0,63
"15062","D_obs",6083,367,0,87
"15063","D_obs",6083,368,0,76
"15064","D_obs",6083,369,0,62
"15065","D_obs",6083,370,0,55
"15066","D_obs",6083,371,0,64
"15067","D_obs",6083,372,0,50
"15068","D_obs",6083,373,0,57
"15069","D_obs",6083,374,0,43
"15070","D_obs",6083,375,0,42
"15071","D_obs",6083,376,0,40
"15072","D_obs",6083,377,0,56
"15073","D_obs",6083,378,0,39
"15074","D_obs",6083,379,0,48
"15075","D_obs",6083,380,0,38
"15076","D_obs",6083,381,0,47
"15077","D_obs",6083,382,0,41
"15078","D_obs",6083,383,0,40
"15079","D_obs",6083,384,0,35
"15080","D_obs",6083,385,0,34
"15081","D_obs",6083,386,0,29
"15082","D_obs",6083,387,0,40
"15083","D_obs",6083,388,0,34
"15084","D_obs",6083,389,0,38
"15085","D_obs",6083,390,0,34
"15086","D_obs",6083,391,0,43
"15087","D_obs",6083,392,0,25
"15088","D_obs",6083,393,0,27
"15089","D_obs",6083,394,0,32
"15090","D_obs",6083,395,0,44
"15091","D_obs",6083,396,0,21
"15092","D_obs",6083,397,0,27
"15093","D_obs",6083,398,0,18
"15094","D_obs",6083,399,0,27
"15095","D_obs",6083,400,0,27
"15096","D_obs",6083,401,0,24
"15097","D_obs",6083,402,0,41
"15098","D_obs",6083,403,0,30
"15099","D_obs",6083,404,0,39
"15100","D_obs",6083,405,0,56
"15101","D_obs",6083,406,0,41
"15102","D_obs",6083,407,0,33
"15103","D_obs",6083,408,0,41
"15104","D_obs",6083,409,0,58
"15105","D_obs",6083,410,0,41
"15106","D_obs",6083,411,0,35
"15107","D_obs",6083,412,0,37
"15108","D_obs",6083,413,0,32
"15109","D_obs",6083,414,0,19
"15110","D_obs",6083,415,0,29
"15111","D_obs",6083,416,0,25
"15112","D_obs",6083,417,0,31
"15113","D_obs",6083,418,0,11
"15114","D_obs",6083,419,0,17
"15115","D_obs",6083,420,0,16
"15116","D_obs",6083,421,0,13
"15117","D_obs",6083,422,0,11
"15118","D_obs",6083,423,0,13
"15119","D_obs",6083,424,0,11
"15120","D_obs",6083,425,0,21
"15121","D_obs",6083,426,0,14
"15122","D_obs",6083,427,0,12
"15123","D_obs",6083,428,0,14
"15124","D_obs",6083,429,0,15
"15125","D_obs",6083,430,0,17
"15126","D_obs",6083,431,0,18
"15127","D_obs",6083,432,0,19
"15128","D_obs",6083,433,0,21
"15129","D_obs",6083,434,0,17
"15130","D_obs",6083,435,0,25
"15131","D_obs",6083,436,0,16
"15132","D_obs",6083,437,0,13
"15133","D_obs",6083,438,0,17
"15134","D_obs",6083,439,0,19
"15135","D_obs",6083,440,0,19
"15136","D_obs",6083,441,0,19
"15137","D_obs",6083,442,0,14
"15138","D_obs",6083,443,0,20
"15139","D_obs",6083,444,0,23
"15140","D_obs",6083,445,0,15
"15141","D_obs",6083,446,0,23
"15142","D_obs",6083,447,0,20
"15143","D_obs",6083,448,0,21
"15144","D_obs",6083,449,0,24
"15145","D_obs",6083,450,0,19
"15146","D_obs",6083,451,0,33
"15147","D_obs",6083,452,0,35
"15148","D_obs",6083,453,0,38
"15149","D_obs",6083,454,0,30
"15150","D_obs",6083,455,0,15
"15151","D_obs",6083,456,0,31
"15152","D_obs",6083,457,0,26
"15153","D_obs",6083,458,0,38
"15154","D_obs",6083,459,0,32
"15155","D_obs",6083,460,0,41
"15156","D_obs",6083,461,0,33
"15157","D_obs",6083,462,0,39
"15158","D_obs",6083,463,0,41
"15159","D_obs",6083,464,0,32
"15160","D_obs",6083,465,0,35
"15161","D_obs",6083,466,0,29
"15162","D_obs",6083,467,0,30
"15163","D_obs",6083,468,0,22
"15164","D_obs",6083,469,0,14
"15165","D_obs",6083,470,0,16
"15166","D_obs",6083,471,0,19
"15167","D_obs",6083,472,0,17
"15168","D_obs",6083,473,0,16
"15169","D_obs",6083,474,0,15
"15170","D_obs",6083,475,0,20
"15171","D_obs",6083,476,0,9
"15172","D_obs",6083,477,0,19
"15173","D_obs",6083,478,0,20
"15174","D_obs",6083,479,0,8
"15175","D_obs",6083,480,0,9
"15176","D_obs",6083,481,0,7
"15177","D_obs",6083,482,0,11
"15178","D_obs",6083,483,0,8
"15179","D_obs",6083,484,0,14
"15180","D_obs",6083,485,0,4
"15181","D_obs",6083,486,0,11
"15182","D_obs",6083,487,0,7
"15183","D_obs",6083,488,0,12
"15184","D_obs",6083,489,0,6
"15185","D_obs",6083,490,0,16
"15186","D_obs",6083,491,0,8
"15187","D_obs",6083,492,0,5
"15188","D_obs",6083,493,0,11
"15189","D_obs",6083,494,0,5
"15190","D_obs",6083,495,0,12
"15191","D_obs",6083,496,0,7
"15192","D_obs",6083,497,0,10
"15193","D_obs",6083,498,0,15
"15194","D_obs",6083,499,0,17
"15195","D_obs",6083,500,0,25
"15196","D_obs",6083,501,0,30
"15197","D_obs",6083,502,0,16
"15198","D_obs",6083,503,0,24
"15199","D_obs",6083,504,0,18
"15200","D_obs",6083,505,0,29
"15201","D_obs",6083,506,0,25
"15202","D_obs",6083,507,0,23
"15203","D_obs",6083,508,0,28
"15204","D_obs",6083,509,0,31
"15205","D_obs",6083,510,0,19
"15206","D_obs",6083,511,0,43
"15207","D_obs",6083,512,0,28
"15208","D_obs",6083,513,0,38
"15209","D_obs",6083,514,0,30
"15210","D_obs",6083,515,0,35
"15211","D_obs",6083,516,0,29
"15212","D_obs",6083,517,0,31
"15213","D_obs",6083,518,0,47
"15214","D_obs",6083,519,0,36
"15215","D_obs",6083,520,0,41
"15216","D_obs",6083,521,0,46
"15217","D_obs",6083,522,0,44
"15218","D_obs",6083,523,0,39
"15219","D_obs",6083,524,0,50
"15220","D_obs",6083,525,0,43
"15221","D_obs",6083,526,0,30
"15222","D_obs",6083,527,0,35
"15223","D_obs",6083,528,0,40
"15224","D_obs",6083,529,0,33
"15225","D_obs",6083,530,0,35
"15226","D_obs",6083,531,0,27
"15227","D_obs",6083,532,0,22
"15228","D_obs",6083,533,0,30
"15229","D_obs",6083,534,0,23
"15230","D_obs",6083,535,0,19
"15231","D_obs",6083,536,0,15
"15232","D_obs",6083,537,0,24
"15233","D_obs",6083,538,0,22
"15234","D_obs",6083,539,0,29
"15235","D_obs",6083,540,0,21
"15236","D_obs",6083,541,0,21
"15237","D_obs",6083,542,0,22
"15238","D_obs",6083,543,0,22
"15239","D_obs",6083,544,0,21
"15240","D_obs",6083,545,0,21
"15241","D_obs",6083,546,0,27
"15242","D_obs",6083,547,0,18
"15243","D_obs",6083,548,0,24
"15244","D_obs",6083,549,0,10
"15245","D_obs",6083,550,0,21
"15246","D_obs",6083,551,0,27
"15247","D_obs",6083,552,0,29
"15248","D_obs",6083,553,0,33
"15249","D_obs",6083,554,0,31
"15250","D_obs",6083,555,0,27
"15251","D_obs",6083,556,0,32
"15252","D_obs",6083,557,0,32
"15253","D_obs",6083,558,0,30
"15254","D_obs",6083,559,0,37
"15255","D_obs",6083,560,0,32
"15256","D_obs",6083,561,0,41
"15257","D_obs",6083,562,0,48
"15258","D_obs",6083,563,0,43
"15259","D_obs",6083,564,0,34
"15260","D_obs",6083,565,0,39
"15261","D_obs",6083,566,0,41
"15262","D_obs",6083,567,0,48
"15263","D_obs",6083,568,0,64
"15264","D_obs",6083,569,0,54
"15265","D_obs",6083,570,0,43
"15266","D_obs",6083,571,0,54
"15267","D_obs",6083,572,0,58
"15268","D_obs",6083,573,0,58
"15269","D_obs",6083,574,0,66
"15270","D_obs",6083,575,0,60
"15271","D_obs",6083,576,0,51
"15272","D_obs",6083,577,0,61
"15273","D_obs",6083,578,0,59
"15274","D_obs",6083,579,0,47
"15275","D_obs",6083,580,0,46
"15276","D_obs",6083,581,0,49
"15277","D_obs",6083,582,0,54
"15278","D_obs",6083,583,0,47
"15279","D_obs",6083,584,0,51
"15280","D_obs",6083,585,0,49
"15281","D_obs",6083,586,0,42
"15282","D_obs",6083,587,0,31
"15283","D_obs",6083,588,0,37
"15284","D_obs",6083,589,0,43
"15285","D_obs",6083,590,0,43
"15286","D_obs",6083,591,0,39
"15287","D_obs",6083,592,0,40
"15288","D_obs",6083,593,0,43
"15289","D_obs",6083,594,0,36
"15290","D_obs",6083,595,0,35
"15291","D_obs",6083,596,0,35
"15292","D_obs",6083,597,0,31
"15293","D_obs",6083,598,0,32
"15294","D_obs",6083,599,0,35
"15295","D_obs",6083,600,0,24
"15296","D_obs",6083,601,0,35
"15297","D_obs",6083,602,0,41
"15298","D_obs",6083,603,0,49
"15299","D_obs",6083,604,0,63
"15300","D_obs",6083,605,0,56
"15301","D_obs",6083,606,0,62
"15302","D_obs",6083,607,0,78
"15303","D_obs",6083,608,0,60
"15304","D_obs",6083,609,0,58
"15305","D_obs",6083,610,0,69
"15306","D_obs",6083,611,0,72
"15307","D_obs",6083,612,0,82
"15308","D_obs",6083,613,0,75
"15309","D_obs",6083,614,0,80
"15310","D_obs",6083,615,0,68
"15311","D_obs",6083,616,0,93
"15312","D_obs",6083,617,0,82
"15313","D_obs",6083,618,0,99
"15314","D_obs",6083,619,0,70
"15315","D_obs",6083,620,0,87
"15316","D_obs",6083,621,0,85
"15317","D_obs",6083,622,0,87
"15318","D_obs",6083,623,0,102
"15319","D_obs",6083,624,0,81
"15320","D_obs",6083,625,0,88
"15321","D_obs",6083,626,0,72
"15322","D_obs",6083,627,0,70
"15323","D_obs",6083,628,0,84
"15324","D_obs",6083,629,0,60
"15325","D_obs",6083,630,0,56
"15326","D_obs",6083,631,0,44
"15327","D_obs",6083,632,0,47
"15328","D_obs",6083,633,0,42
"15329","D_obs",6083,634,0,39
"15330","D_obs",6083,635,0,37
"15331","D_obs",6083,636,0,47
"15332","D_obs",6083,637,0,45
"15333","D_obs",6083,638,0,28
"15334","D_obs",6083,639,0,35
"15335","D_obs",6083,640,0,34
"15336","D_obs",6083,641,0,38
"15337","D_obs",6083,642,0,30
"15338","D_obs",6083,643,0,23
"15339","D_obs",6083,644,0,24
"15340","D_obs",6083,645,0,23
"15341","D_obs",6083,646,0,27
"15342","D_obs",6083,647,0,30
"15343","D_obs",6083,648,0,11
"15344","D_obs",6083,649,0,17
"15345","D_obs",6083,650,0,18
"15346","D_obs",6083,651,0,16
"15347","D_obs",6083,652,0,9
"15348","D_obs",6083,653,0,11
"15349","D_obs",6083,654,0,22
"15350","D_obs",6083,655,0,18
"15351","D_obs",6083,656,0,19
"15352","D_obs",6083,657,0,16
"15353","D_obs",6083,658,0,17
"15354","D_obs",6083,659,0,12
"15355","D_obs",6083,660,0,15
"15356","D_obs",6083,661,0,21
"15357","D_obs",6083,662,0,15
"15358","D_obs",6083,663,0,12
"15359","D_obs",6083,664,0,13
"15360","D_obs",6083,665,0,10
"15361","D_obs",6083,666,0,18
"15362","D_obs",6083,667,0,6
"15363","D_obs",6083,668,0,14
"15364","D_obs",6083,669,0,16
"15365","D_obs",6083,670,0,14
"15366","D_obs",6083,671,0,14
"15367","D_obs",6083,672,0,20
"15368","D_obs",6083,673,0,21
"15369","D_obs",6083,674,0,23
"15370","D_obs",6083,675,0,24
"15371","D_obs",6083,676,0,20
"15372","D_obs",6083,677,0,25
"15373","D_obs",6083,678,0,11
"15374","D_obs",6083,679,0,20
"15375","D_obs",6083,680,0,28
"15376","D_obs",6083,681,0,25
"15377","D_obs",6083,682,0,22
"15378","D_obs",6083,683,0,18
"15379","D_obs",6083,684,0,19
"15380","D_obs",6083,685,0,21
"15381","D_obs",6083,686,0,13
"15382","D_obs",6083,687,0,19
"15383","D_obs",6083,688,0,20
"15384","D_obs",6083,689,0,16
"15385","D_obs",6083,690,0,14
"15386","D_obs",6083,691,0,19
"15387","D_obs",6083,692,0,16
"15388","D_obs",6083,693,0,24
"15389","D_obs",6083,694,0,20
"15390","D_obs",6083,695,0,16
"15391","D_obs",6083,696,0,11
"15392","D_obs",6083,697,0,18
"15393","D_obs",6083,698,0,20
"15394","D_obs",6083,699,0,8
"15395","D_obs",6083,700,0,16
"15396","D_obs",6083,701,0,11
"15397","D_obs",6083,702,0,13
"15398","D_obs",6083,703,0,15
"15399","D_obs",6083,704,0,6
"15400","D_obs",6083,705,0,11
"15401","D_obs",6083,706,0,15
"15402","D_obs",6083,707,0,11
"15403","D_obs",6083,708,0,23
"15404","D_obs",6083,709,0,10
"15405","D_obs",6083,710,0,15
"15406","D_obs",6083,711,0,17
"15407","D_obs",6083,712,0,14
"15408","D_obs",6083,713,0,20
"15409","D_obs",6083,714,0,25
"15410","D_obs",6083,715,0,12
"15411","D_obs",6083,716,0,11
"15412","D_obs",6083,717,0,23
"15413","D_obs",6083,718,0,17
"15414","D_obs",6083,719,0,10
"15415","D_obs",6083,720,0,10
"15416","D_obs",6083,721,0,19
"15417","D_obs",6083,722,0,10
"15418","D_obs",6083,723,0,19
"15419","D_obs",6083,724,0,15
"15420","D_obs",6083,725,0,17
"15421","D_obs",6083,726,0,21
"15422","D_obs",6083,727,0,28
"15423","D_obs",6083,728,0,30
"15424","D_obs",6083,729,0,33
"15425","D_obs",6083,730,0,22
"15426","D_obs",6083,731,0,27
"15427","D_obs",6083,732,0,19
"15428","D_obs",6083,733,0,27
"15429","D_obs",6083,734,0,33
"15430","D_obs",6083,735,0,25
"15431","D_obs",6083,736,0,25
"15432","D_obs",6083,737,0,19
"15433","D_obs",6083,738,0,13
"15434","D_obs",6083,739,0,16
"15435","D_obs",6083,740,0,22
"15436","D_obs",6083,741,0,12
"15437","D_obs",6083,742,0,14
"15438","D_obs",6083,743,0,14
"15439","D_obs",6083,744,0,17
"15440","D_obs",6083,745,0,14
"15441","D_obs",6083,746,0,21
"15442","D_obs",6083,747,0,13
"15443","D_obs",6083,748,0,11
"15444","D_obs",6083,749,0,18
"15445","D_obs",6083,750,0,13
"15446","D_obs",6083,751,0,11
"15447","D_obs",6083,752,0,7
"15448","D_obs",6083,753,0,16
"15449","D_obs",6083,754,0,12
"15450","D_obs",6083,755,0,11
"15451","D_obs",6083,756,0,13
"15452","D_obs",6083,757,0,11
"15453","D_obs",6083,758,0,15
"15454","D_obs",6083,759,0,26
"15455","D_obs",6083,760,0,20
"15456","D_obs",6083,761,0,4
"15457","D_obs",6083,762,0,12
"15458","D_obs",6083,763,0,16
"15459","D_obs",6083,764,0,11
"15460","D_obs",6083,765,0,16
"15461","D_obs",6083,766,0,13
"15462","D_obs",6083,767,0,15
"15463","D_obs",6083,768,0,18
"15464","D_obs",6083,769,0,16
"15465","D_obs",6083,770,0,16
"15466","D_obs",6083,771,0,16
"15467","D_obs",6083,772,0,29
"15468","D_obs",6083,773,0,21
"15469","D_obs",6083,774,0,29
"15470","D_obs",6083,775,0,49
"15471","D_obs",6083,776,0,32
"15472","D_obs",6083,777,0,46
"15473","D_obs",6083,778,0,50
"15474","D_obs",6083,779,0,58
"15475","D_obs",6083,780,0,55
"15476","D_obs",6083,781,0,42
"15477","D_obs",6083,782,0,61
"15478","D_obs",6083,783,0,64
"15479","D_obs",6083,784,0,71
"15480","D_obs",6083,785,0,69
"15481","D_obs",6083,786,0,49
"15482","D_obs",6083,787,0,63
"15483","D_obs",6083,788,0,45
"15484","D_obs",6083,789,0,36
"15485","D_obs",6083,790,0,41
"15486","D_obs",6083,791,0,43
"15487","D_obs",6083,792,0,57
"15488","D_obs",6083,793,0,40
"15489","D_obs",6083,794,0,45
"15490","D_obs",6083,795,0,38
"15491","D_obs",6083,796,0,57
"15492","D_obs",6083,797,0,53
"15493","D_obs",6083,798,0,42
"15494","D_obs",6083,799,0,43
"15495","D_obs",6083,800,0,54
"15496","D_obs",6083,801,0,42
"15497","D_obs",6083,802,0,51
"15498","D_obs",6083,803,0,46
"15499","D_obs",6083,804,0,47
"15500","D_obs",6083,805,0,36
"15501","D_obs",6083,806,0,53
"15502","D_obs",6083,807,0,57
"15503","D_obs",6083,808,0,44
"15504","D_obs",6083,809,0,51
"15505","D_obs",6083,810,0,43
"15506","D_obs",6083,811,0,50
"15507","D_obs",6083,812,0,78
"15508","D_obs",6083,813,0,56
"15509","D_obs",6083,814,0,77
"15510","D_obs",6083,815,0,76
"15511","D_obs",6083,816,0,107
"15512","D_obs",6083,817,0,88
"15513","D_obs",6083,818,0,100
"15514","D_obs",6083,819,0,72
"15515","D_obs",6083,820,0,90
"15516","D_obs",6083,821,0,119
"15517","D_obs",6083,822,0,97
"15518","D_obs",6083,823,0,124
"15519","D_obs",6083,824,0,115
"15520","D_obs",6083,825,0,102
"15521","D_obs",6083,826,0,137
"15522","D_obs",6083,827,0,144
"15523","D_obs",6083,828,0,145
"15524","D_obs",6083,829,0,161
"15525","D_obs",6083,830,0,154
"15526","D_obs",6083,831,0,180
"15527","D_obs",6083,832,0,188
"15528","D_obs",6083,833,0,147
"15529","D_obs",6083,834,0,182
"15530","D_obs",6083,835,0,135
"15531","D_obs",6083,836,0,135
"15532","D_obs",6083,837,0,119
"15533","D_obs",6083,838,0,118
"15534","D_obs",6083,839,0,127
"15535","D_obs",6083,840,0,117
"15536","D_obs",6083,841,0,113
"15537","D_obs",6083,842,0,110
"15538","D_obs",6083,843,0,94
"15539","D_obs",6083,844,0,81
"15540","D_obs",6083,845,0,63
"15541","D_obs",6083,846,0,87
"15542","D_obs",6083,847,0,76
"15543","D_obs",6083,848,0,62
"15544","D_obs",6083,849,0,55
"15545","D_obs",6083,850,0,64
"15546","D_obs",6083,851,0,50
"15547","D_obs",6083,852,0,57
"15548","D_obs",6083,853,0,43
"15549","D_obs",6083,854,0,42
"15550","D_obs",6083,855,0,40
"15551","D_obs",6083,856,0,56
"15552","D_obs",6083,857,0,39
"15553","D_obs",6083,858,0,48
"15554","D_obs",6083,859,0,38
"15555","D_obs",6083,860,0,47
"15556","D_obs",6083,861,0,41
"15557","D_obs",6083,862,0,40
"15558","D_obs",6083,863,0,35
"15559","D_obs",6083,864,0,34
"15560","D_obs",6083,865,0,29
"15561","D_obs",6083,866,0,40
"15562","D_obs",6083,867,0,34
"15563","D_obs",6083,868,0,38
"15564","D_obs",6083,869,0,34
"15565","D_obs",6083,870,0,43
"15566","D_obs",6083,871,0,25
"15567","D_obs",6083,872,0,27
"15568","D_obs",6083,873,0,32
"15569","D_obs",6083,874,0,44
"15570","D_obs",6083,875,0,21
"15571","D_obs",6083,876,0,27
"15572","D_obs",6083,877,0,18
"15573","D_obs",6083,878,0,27
"15574","D_obs",6083,879,0,27
"15575","D_obs",6083,880,0,24
"15576","D_obs",6083,881,0,41
"15577","D_obs",6083,882,0,30
"15578","D_obs",6083,883,0,39
"15579","D_obs",6083,884,0,56
"15580","D_obs",6083,885,0,41
"15581","D_obs",6083,886,0,33
"15582","D_obs",6083,887,0,41
"15583","D_obs",6083,888,0,58
"15584","D_obs",6083,889,0,41
"15585","D_obs",6083,890,0,35
"15586","D_obs",6083,891,0,37
"15587","D_obs",6083,892,0,32
"15588","D_obs",6083,893,0,19
"15589","D_obs",6083,894,0,29
"15590","D_obs",6083,895,0,25
"15591","D_obs",6083,896,0,31
"15592","D_obs",6083,897,0,11
"15593","D_obs",6083,898,0,17
"15594","D_obs",6083,899,0,16
"15595","D_obs",6083,900,0,13
"15596","D_obs",6083,901,0,11
"15597","D_obs",6083,902,0,13
"15598","D_obs",6083,903,0,11
"15599","D_obs",6083,904,0,21
"15600","D_obs",6083,905,0,14
"15601","D_obs",6083,906,0,12
"15602","D_obs",6083,907,0,14
"15603","D_obs",6083,908,0,15
"15604","D_obs",6083,909,0,17
"15605","D_obs",6083,910,0,18
"15606","D_obs",6083,911,0,19
"15607","D_obs",6083,912,0,21
"15608","D_obs",6083,913,0,17
"15609","D_obs",6083,914,0,25
"15610","D_obs",6083,915,0,16
"15611","D_obs",6083,916,0,13
"15612","D_obs",6083,917,0,17
"15613","D_obs",6083,918,0,19
"15614","D_obs",6083,919,0,19
"15615","D_obs",6083,920,0,19
"15616","D_obs",6083,921,0,14
"15617","D_obs",6083,922,0,20
"15618","D_obs",6083,923,0,23
"15619","D_obs",6083,924,0,15
"15620","D_obs",6083,925,0,23
"15621","D_obs",6083,926,0,20
"15622","D_obs",6083,927,0,21
"15623","D_obs",6083,928,0,24
"15624","D_obs",6083,929,0,19
"15625","D_obs",6083,930,0,33
"15626","D_obs",6083,931,0,35
"15627","D_obs",6083,932,0,38
"15628","D_obs",6083,933,0,30
"15629","D_obs",6083,934,0,15
"15630","D_obs",6083,935,0,31
"15631","D_obs",6083,936,0,26
"15632","D_obs",6083,937,0,38
"15633","D_obs",6083,938,0,32
"15634","D_obs",6083,939,0,41
"15635","D_obs",6083,940,0,33
"15636","D_obs",6083,941,0,39
"15637","D_obs",6083,942,0,41
"15638","D_obs",6083,943,0,32
"15639","D_obs",6083,944,0,35
"15640","D_obs",6083,945,0,29
"15641","D_obs",6083,946,0,30
"15642","D_obs",6083,947,0,22
"15643","D_obs",6083,948,0,14
"15644","D_obs",6083,949,0,16
"15645","D_obs",6083,950,0,19
"15646","D_obs",6083,951,0,17
"15647","D_obs",6083,952,0,16
"15648","D_obs",6083,953,0,15
"15649","D_obs",6083,954,0,20
"15650","D_obs",6083,955,0,9
"15651","D_obs",6083,956,0,19
"15652","D_obs",6083,957,0,20
"15653","D_obs",6083,958,0,16
"15654","D_obs",6083,959,0,15
"15655","D_obs",6083,960,0,10
"15656","D_obs",6083,961,0,6
"15657","D_obs",6083,962,0,13
"15658","D_obs",6083,963,0,8
"15659","D_obs",6083,964,0,10
"15660","D_obs",6083,965,0,13
"15661","D_obs",6083,966,0,11
"15662","D_obs",6083,967,0,9
"15663","D_obs",6083,968,0,17
"15664","D_obs",6083,969,0,10
"15665","D_obs",6083,970,0,15
"15666","D_obs",6083,971,0,24
"15667","D_obs",6083,972,0,19
"15668","D_obs",6083,973,0,14
"15669","D_obs",6083,974,0,22
"15670","D_obs",6083,975,0,13
"15671","D_obs",6083,976,0,6
"15672","D_obs",6083,977,0,18
"15673","D_obs",6083,978,0,14
"15674","D_obs",6083,979,0,25
"15675","D_obs",6083,980,0,17
"15676","D_obs",6083,981,0,18
"15677","D_obs",6083,982,0,20
"15678","D_obs",6083,983,0,29
"15679","D_obs",6083,984,0,27
"15680","D_obs",6083,985,0,41
"15681","D_obs",6083,986,0,41
"15682","D_obs",6083,987,0,48
"15683","D_obs",6083,988,0,55
"15684","D_obs",6083,989,0,43
"15685","D_obs",6083,990,0,67
"15686","D_obs",6083,991,0,50
"15687","D_obs",6083,992,0,59
"15688","D_obs",6083,993,0,43
"15689","D_obs",6083,994,0,45
"15690","D_obs",6083,995,0,38
"15691","D_obs",6083,996,0,44
"15692","D_obs",6083,997,0,34
"15693","D_obs",6083,998,0,41
"15694","D_obs",6083,999,0,36
"15695","D_obs",6083,1000,0,41
"15696","D_obs",6083,1001,0,26
"15697","D_obs",6083,1002,0,29
"15698","D_obs",6083,1003,0,37
"15699","D_obs",6083,1004,0,27
"15700","D_obs",6083,1005,0,32
"15701","D_obs",6083,1006,0,30
"15702","D_obs",6083,1007,0,29
"15703","D_obs",6083,1008,0,22
"15704","D_obs",6083,1009,0,24
"15705","D_obs",6083,1010,0,18
"15706","D_obs",6083,1011,0,20
"15707","D_obs",6083,1012,0,31
"15708","D_obs",6083,1013,0,38
"15709","D_obs",6083,1014,0,35
"15710","D_obs",6083,1015,0,36
"15711","D_obs",6083,1016,0,38
"15712","D_obs",6083,1017,0,45
"15713","D_obs",6083,1018,0,37
"15714","D_obs",6083,1019,0,44
"15715","D_obs",6083,1020,0,42
"15716","D_obs",6083,1021,0,41
"15717","D_obs",6083,1022,0,63
"15718","D_obs",6083,1023,0,45
"15719","D_obs",6083,1024,0,41
"15720","D_obs",6083,1025,0,58
"15721","D_obs",6083,1026,0,33
"15722","D_obs",6083,1027,0,59
"15723","D_obs",6083,1028,0,31
"15724","D_obs",6083,1029,0,45
"15725","D_obs",6083,1030,0,54
"15726","D_obs",6083,1031,0,38
"15727","D_obs",6083,1032,0,47
"15728","D_obs",6083,1033,0,49
"15729","D_obs",6083,1034,0,51
"15730","D_obs",6083,1035,0,53
"15731","D_obs",6083,1036,0,58
"15732","D_obs",6083,1037,0,67
"15733","D_obs",6083,1038,0,83
"15734","D_obs",6083,1039,0,81
"15735","D_obs",6083,1040,0,70
"15736","D_obs",6083,1041,0,73
"15737","D_obs",6083,1042,0,92
"15738","D_obs",6083,1043,0,104
"15739","D_obs",6083,1044,0,82
"15740","D_obs",6083,1045,0,88
"15741","D_obs",6083,1046,0,59
"15742","D_obs",6083,1047,0,72
"15743","D_obs",6083,1048,0,59
"15744","D_obs",6083,1049,0,62
"15745","D_obs",6083,1050,0,60
"15746","D_obs",6083,1051,0,50
"15747","D_obs",6083,1052,0,67
"15748","D_obs",6083,1053,0,66
"15749","D_obs",6083,1054,0,63
"15750","D_obs",6083,1055,0,38
"15751","D_obs",6083,1056,0,43
"15752","D_obs",6083,1057,0,40
"15753","D_obs",6083,1058,0,48
"15754","D_obs",6083,1059,0,36
"15755","D_obs",6083,1060,0,28
"15756","D_obs",6083,1061,0,33
"15757","D_obs",6083,1062,0,38
"15758","D_obs",6083,1063,0,37
"15759","D_obs",6083,1064,0,37
"15760","D_obs",6083,1065,0,35
"15761","D_obs",6083,1066,0,37
"15762","D_obs",6083,1067,0,20
"15763","D_obs",6083,1068,0,26
"15764","D_obs",6083,1069,0,37
"15765","D_obs",6083,1070,0,40
"15766","D_obs",6083,1071,0,36
"15767","D_obs",6083,1072,0,38
"15768","D_obs",6083,1073,0,31
"15769","D_obs",6083,1074,0,34
"15770","D_obs",6083,1075,0,30
"15771","D_obs",6083,1076,0,39
"15772","D_obs",6083,1077,0,27
"15773","D_obs",6083,1078,0,31
"15774","D_obs",6083,1079,0,25
"15775","D_obs",6083,1080,0,27
"15776","D_obs",6083,1081,0,26
"15777","D_obs",6083,1082,0,23
"15778","D_obs",6083,1083,0,33
"15779","D_obs",6083,1084,0,30
"15780","D_obs",6083,1085,0,27
"15781","D_obs",6083,1086,0,18
"15782","D_obs",6083,1087,0,32
"15783","D_obs",6083,1088,0,43
"15784","D_obs",6083,1089,0,34
"15785","D_obs",6083,1090,0,48
"15786","D_obs",6083,1091,0,47
"15787","D_obs",6083,1092,0,58
"15788","D_obs",6083,1093,0,54
"15789","D_obs",6083,1094,0,46
"15790","D_obs",6083,1095,0,44
"15791","D_obs",6083,1096,0,52
"15792","D_obs",6083,1097,0,56
"15793","D_obs",6083,1098,0,50
"15794","D_obs",6083,1099,0,59
"15795","D_obs",6083,1100,0,50
"15796","D_obs",6083,1101,0,45
"15797","D_obs",6083,1102,0,33
"15798","D_obs",6083,1103,0,34
"15799","D_obs",6083,1104,0,40
"15800","D_obs",6083,1105,0,40
"15801","D_obs",6083,1106,0,45
"15802","D_obs",6083,1107,0,25
"15803","D_obs",6083,1108,0,35
"15804","D_obs",6083,1109,0,32
"15805","D_obs",6083,1110,0,28
"15806","D_obs",6083,1111,0,35
"15807","D_obs",6083,1112,0,29
"15808","D_obs",6083,1113,0,31
"15809","D_obs",6083,1114,0,30
"15810","D_obs",6083,1115,0,22
"15811","D_obs",6083,1116,0,33
"15812","D_obs",6083,1117,0,32
"15813","D_obs",6083,1118,0,36
"15814","D_obs",6083,1119,0,39
"15815","D_obs",6083,1120,0,42
"15816","D_obs",6083,1121,0,64
"15817","D_obs",6083,1122,0,67
"15818","D_obs",6083,1123,0,49
"15819","D_obs",6083,1124,0,66
"15820","D_obs",6083,1125,0,62
"15821","D_obs",6083,1126,0,72
"15822","D_obs",6083,1127,0,68
"15823","D_obs",6083,1128,0,47
"15824","D_obs",6083,1129,0,63
"15825","D_obs",6083,1130,0,72
"15826","D_obs",6083,1131,0,55
"15827","D_obs",6083,1132,0,57
"15828","D_obs",6083,1133,0,80
"15829","D_obs",6083,1134,0,70
"15830","D_obs",6083,1135,0,64
"15831","D_obs",6083,1136,0,86
"15832","D_obs",6083,1137,0,62
"15833","D_obs",6083,1138,0,87
"15834","D_obs",6083,1139,0,71
"15835","D_obs",6083,1140,0,77
"15836","D_obs",6083,1141,0,91
"15837","D_obs",6083,1142,0,90
"15838","D_obs",6083,1143,0,88
"15839","D_obs",6083,1144,0,105
"15840","D_obs",6083,1145,0,112
"15841","D_obs",6083,1146,0,103
"15842","D_obs",6083,1147,0,93
"15843","D_obs",6083,1148,0,113
"15844","D_obs",6083,1149,0,101
"15845","D_obs",6083,1150,0,106
"15846","D_obs",6083,1151,0,118
"15847","D_obs",6083,1152,0,90
"15848","D_obs",6083,1153,0,100
"15849","D_obs",6083,1154,0,95
"15850","D_obs",6083,1155,0,79
"15851","D_obs",6083,1156,0,82
"15852","D_obs",6083,1157,0,85
"15853","D_obs",6083,1158,0,63
"15854","D_obs",6083,1159,0,80
"15855","D_obs",6083,1160,0,75
"15856","D_obs",6083,1161,0,64
"15857","D_obs",6083,1162,0,54
"15858","D_obs",6083,1163,0,49
"15859","D_obs",6083,1164,0,47
"15860","D_obs",6083,1165,0,36
"15861","D_obs",6083,1166,0,40
"15862","D_obs",6083,1167,0,35
"15863","D_obs",6083,1168,0,35
"15864","D_obs",6083,1169,0,42
"15865","D_obs",6083,1170,0,51
"15866","D_obs",6083,1171,0,42
"15867","D_obs",6083,1172,0,46
"15868","D_obs",6083,1173,0,45
"15869","D_obs",6083,1174,0,38
"15870","D_obs",6083,1175,0,35
"15871","D_obs",6083,1176,0,41
"15872","D_obs",6083,1177,0,52
"15873","D_obs",6083,1178,0,48
"15874","D_obs",6083,1179,0,53
"15875","D_obs",6083,1180,0,45
"15876","D_obs",6083,1181,0,54
"15877","D_obs",6083,1182,0,39
"15878","D_obs",6083,1183,0,56
"15879","D_obs",6083,1184,0,44
"15880","D_obs",6083,1185,0,35
"15881","D_obs",6083,1186,0,38
"15882","D_obs",6083,1187,0,37
"15883","D_obs",6083,1188,0,33
"15884","D_obs",6083,1189,0,34
"15885","D_obs",6083,1190,0,39
"15886","D_obs",6083,1191,0,43
"15887","D_obs",6083,1192,0,42
"15888","D_obs",6083,1193,0,38
"15889","D_obs",6083,1194,0,50
"15890","D_obs",6083,1195,0,45
"15891","D_obs",6083,1196,0,63
"15892","D_obs",6083,1197,0,50
"15893","D_obs",6083,1198,0,76
"15894","D_obs",6083,1199,0,58
"15895","D_obs",6083,1200,0,70
"15896","D_obs",6083,1201,0,61
"15897","D_obs",6083,1202,0,65
"15898","D_obs",6083,1203,0,73
"15899","D_obs",6083,1204,0,62
"15900","D_obs",6083,1205,0,53
"15901","D_obs",6083,1206,0,48
"15902","D_obs",6083,1207,0,45
"15903","D_obs",6083,1208,0,50
"15904","D_obs",6083,1209,0,35
"15905","D_obs",6083,1210,0,32
"15906","D_obs",6083,1211,0,35
"15907","D_obs",6083,1212,0,43
"15908","D_obs",6083,1213,0,33
"15909","D_obs",6083,1214,0,31
"15910","D_obs",6083,1215,0,23
"15911","D_obs",6083,1216,0,28
"15912","D_obs",6083,1217,0,24
"15913","D_obs",6083,1218,0,24
"15914","D_obs",6083,1219,0,32
"15915","D_obs",6083,1220,0,26
"15916","D_obs",6083,1221,0,28
"15917","D_obs",6083,1222,0,35
"15918","D_obs",6083,1223,0,29
"15919","D_obs",6083,1224,0,27
"15920","D_obs",6083,1225,0,22
"15921","D_obs",6083,1226,0,27
"15922","D_obs",6083,1227,0,35
"15923","D_obs",6083,1228,0,33
"15924","D_obs",6083,1229,0,33
"15925","D_obs",6083,1230,0,40
"15926","D_obs",6083,1231,0,42
"15927","D_obs",6083,1232,0,33
"15928","D_obs",6083,1233,0,26
"15929","D_obs",6083,1234,0,30
"15930","D_obs",6083,1235,0,27
"15931","D_obs",6083,1236,0,25
"15932","D_obs",6083,1237,0,32
"15933","D_obs",6083,1238,0,19
"15934","D_obs",6083,1239,0,37
"15935","D_obs",6083,1240,0,35
"15936","D_obs",6083,1241,0,31
"15937","D_obs",6083,1242,0,26
"15938","D_obs",6083,1243,0,31
"15939","D_obs",6083,1244,0,29
"15940","D_obs",6083,1245,0,51
"15941","D_obs",6083,1246,0,39
"15942","D_obs",6083,1247,0,51
"15943","D_obs",6083,1248,0,47
"15944","D_obs",6083,1249,0,46
"15945","D_obs",6083,1250,0,49
"15946","D_obs",6083,1251,0,38
"15947","D_obs",6083,1252,0,40
"15948","D_obs",6083,1253,0,56
"15949","D_obs",6083,1254,0,41
"15950","D_obs",6083,1255,0,42
"15951","D_obs",6083,1256,0,38
"15952","D_obs",6083,1257,0,45
"15953","D_obs",6083,1258,0,46
"15954","D_obs",6083,1259,0,42
"15955","D_obs",6083,1260,0,26
"15956","D_obs",6083,1261,0,29
"15957","D_obs",6083,1262,0,36
"15958","D_obs",6083,1263,0,37
"15959","D_obs",6083,1264,0,31
"15960","D_obs",6083,1265,0,29
"15961","D_obs",6083,1266,0,25
"15962","D_obs",6083,1267,0,30
"15963","D_obs",6083,1268,0,23
"15964","D_obs",6083,1269,0,19
"15965","D_obs",6083,1270,0,22
"15966","D_obs",6083,1271,0,24
"15967","D_obs",6083,1272,0,28
"15968","D_obs",6083,1273,0,20
"15969","D_obs",6083,1274,0,12
"15970","D_obs",6083,1275,0,23
"15971","D_obs",6083,1276,0,26
"15972","D_obs",6083,1277,0,20
"15973","D_obs",6083,1278,0,17
"15974","D_obs",6083,1279,0,27
"15975","D_obs",6083,1280,0,14
"15976","D_obs",6083,1281,0,12
"15977","D_obs",6083,1282,0,16
"15978","D_obs",6083,1283,0,18
"15979","D_obs",6083,1284,0,14
"15980","D_obs",6083,1285,0,20
"15981","D_obs",6083,1286,0,22
"15982","D_obs",6083,1287,0,19
"15983","D_obs",6083,1288,0,20
"15984","D_obs",6083,1289,0,17
"15985","D_obs",6083,1290,0,13
"15986","D_obs",6083,1291,0,20
"15987","D_obs",6083,1292,0,32
"15988","D_obs",6083,1293,0,16
"15989","D_obs",6083,1294,0,40
"15990","D_obs",6083,1295,0,28
"15991","D_obs",6083,1296,0,27
"15992","D_obs",6083,1297,0,44
"15993","D_obs",6083,1298,0,39
"15994","D_obs",6083,1299,0,34
"15995","D_obs",6083,1300,0,35
"15996","D_obs",6083,1301,0,52
"15997","D_obs",6083,1302,0,49
"15998","D_obs",6083,1303,0,52
"15999","D_obs",6083,1304,0,53
"16000","D_obs",6083,1305,0,52
"16001","D_obs",6083,1306,0,56
"16002","D_obs",6083,1307,0,50
"16003","D_obs",6083,1308,0,43
"16004","D_obs",6083,1309,0,44
"16005","D_obs",6083,1310,0,55
"16006","D_obs",6083,1311,0,48
"16007","D_obs",6083,1312,0,30
"16008","D_obs",6083,1313,0,25
"16009","D_obs",6083,1314,0,36
"16010","D_obs",6083,1315,0,39
"16011","D_obs",6083,1316,0,33
"16012","D_obs",6083,1317,0,42
"16013","D_obs",6083,1318,0,31
"16014","D_obs",6083,1319,0,27
"16015","D_obs",6083,1320,0,39
"16016","D_obs",6083,1321,0,53
"16017","D_obs",6083,1322,0,37
"16018","D_obs",6083,1323,0,41
"16019","D_obs",6083,1324,0,40
"16020","D_obs",6083,1325,0,29
"16021","D_obs",6083,1326,0,26
"16022","D_obs",6083,1327,0,33
"16023","D_obs",6083,1328,0,37
"16024","D_obs",6083,1329,0,40
"16025","D_obs",6083,1330,0,32
"16026","D_obs",6083,1331,0,38
"16027","D_obs",6083,1332,0,36
"16028","D_obs",6083,1333,0,48
"16029","D_obs",6083,1334,0,50
"16030","D_obs",6083,1335,0,46
"16031","D_obs",6083,1336,0,47
"16032","D_obs",6083,1337,0,55
"16033","D_obs",6083,1338,0,65
"16034","D_obs",6083,1339,0,61
"16035","D_obs",6083,1340,0,64
"16036","D_obs",6083,1341,0,73
"16037","D_obs",6083,1342,0,58
"16038","D_obs",6083,1343,0,78
"16039","D_obs",6083,1344,0,86
"16040","D_obs",6083,1345,0,85
"16041","D_obs",6083,1346,0,105
"16042","D_obs",6083,1347,0,92
"16043","D_obs",6083,1348,0,110
"16044","D_obs",6083,1349,0,115
"16045","D_obs",6083,1350,0,118
"16046","D_obs",6083,1351,0,125
"16047","D_obs",6083,1352,0,134
"16048","D_obs",6083,1353,0,145
"16049","D_obs",6083,1354,0,160
"16050","D_obs",6083,1355,0,156
"16051","D_obs",6083,1356,0,156
"16052","D_obs",6083,1357,0,138
"16053","D_obs",6083,1358,0,145
"16054","D_obs",6083,1359,0,133
"16055","D_obs",6083,1360,0,163
"16056","D_obs",6083,1361,0,128
"16057","D_obs",6083,1362,0,137
"16058","D_obs",6083,1363,0,112
"16059","D_obs",6083,1364,0,106
"16060","D_obs",6083,1365,0,135
"16061","D_obs",6083,1366,0,119
"16062","D_obs",6083,1367,0,102
"16063","D_obs",6083,1368,0,111
"16064","D_obs",6083,1369,0,113
"16065","D_obs",6083,1370,0,92
"16066","D_obs",6083,1371,0,70
"16067","D_obs",6083,1372,0,69
"16068","D_obs",6083,1373,0,17
"16069","D_obs",6083,1374,0,50
"16070","D_obs",6083,1375,0,60
"16071","D_obs",6083,1376,0,66
"16072","D_obs",6083,1377,0,63
"16073","D_obs",6083,1378,0,56
"16074","D_obs",6083,1379,0,58
"16075","D_obs",6083,1380,0,42
"16076","D_obs",6083,1381,0,64
"16077","D_obs",6083,1382,0,57
"16078","D_obs",6083,1383,0,55
"16079","D_obs",6083,1384,0,47
"16080","D_obs",6083,1385,0,39
"16081","D_obs",6083,1386,0,50
"16082","D_obs",6083,1387,0,42
"16083","D_obs",6083,1388,0,43
"16084","D_obs",6083,1389,0,43
"16085","D_obs",6083,1390,0,39
"16086","D_obs",6083,1391,0,42
"16087","D_obs",6083,1392,0,38
"16088","D_obs",6083,1393,0,37
"16089","D_obs",6083,1394,0,48
"16090","D_obs",6083,1395,0,36
"16091","D_obs",6083,1396,0,63
"16092","D_obs",6083,1397,0,49
"16093","D_obs",6083,1398,0,51
"16094","D_obs",6083,1399,0,78
"16095","D_obs",6083,1400,0,55
"16096","D_obs",6083,1401,0,68
"16097","D_obs",6083,1402,0,92
"16098","D_obs",6083,1403,0,83
"16099","D_obs",6083,1404,0,80
"16100","D_obs",6083,1405,0,95
"16101","D_obs",6083,1406,0,87
"16102","D_obs",6083,1407,0,85
"16103","D_obs",6083,1408,0,91
"16104","D_obs",6083,1409,0,89
"16105","D_obs",6083,1410,0,98
"16106","D_obs",6083,1411,0,96
"16107","D_obs",6083,1412,0,84
"16108","D_obs",6083,1413,0,87
"16109","D_obs",6083,1414,0,82
"16110","D_obs",6083,1415,0,83
"16111","D_obs",6083,1416,0,85
"16112","D_obs",6083,1417,0,85
"16113","D_obs",6083,1418,0,68
"16114","D_obs",6083,1419,0,69
"16115","D_obs",6083,1420,0,48
"16116","D_obs",6083,1421,0,33
"16117","D_obs",6083,1422,0,39
"16118","D_obs",6083,1423,0,47
"16119","D_obs",6083,1424,0,40
"16120","D_obs",6083,1425,0,33
"16121","D_obs",6083,1426,0,37
"16122","D_obs",6083,1427,0,51
"16123","D_obs",6083,1428,0,33
"16124","D_obs",6083,1429,0,28
"16125","D_obs",6083,1430,0,49
"16126","D_obs",6083,1431,0,26
"16127","D_obs",6083,1432,0,20
"16128","D_obs",6083,1433,0,26
"16129","D_obs",6083,1434,0,33
"16130","D_obs",6083,1435,0,35
"16131","D_obs",6083,1436,0,23
"16132","D_obs",6083,1437,0,30
"16133","D_obs",6083,1438,0,26
"16134","D_obs",6083,1439,0,27
"16135","D_obs",6083,1440,0,22
"16136","D_obs",6083,1441,0,28
"16137","D_obs",6083,1442,0,35
"16138","D_obs",6083,1443,0,23
"16139","D_obs",6083,1444,0,33
"16140","D_obs",6083,1445,0,29
"16141","D_obs",6083,1446,0,32
"16142","D_obs",6083,1447,0,31
"16143","D_obs",6083,1448,0,36
"16144","D_obs",6083,1449,0,37
"16145","D_obs",6083,1450,0,37
"16146","D_obs",6083,1451,0,34
"16147","D_obs",6083,1452,0,37
"16148","D_obs",6083,1453,0,39
"16149","D_obs",6083,1454,0,36
"16150","D_obs",6083,1455,0,44
"16151","D_obs",6083,1456,0,46
"16152","D_obs",6083,1457,0,52
"16153","D_obs",6083,1458,0,48
"16154","D_obs",6083,1459,0,49
"16155","D_obs",6083,1460,0,54
"16156","D_obs",6083,1461,0,47
"16157","D_obs",6083,1462,0,47
"16158","D_obs",6083,1463,0,38
"16159","D_obs",6083,1464,0,40
"16160","D_obs",6083,1465,0,45
"16161","D_obs",6083,1466,0,50
"16162","D_obs",6083,1467,0,52
"16163","D_obs",6083,1468,0,35
"16164","D_obs",6083,1469,0,45
"16165","D_obs",6083,1470,0,75
"16166","D_obs",6083,1471,0,54
"16167","D_obs",6083,1472,0,27
"16168","D_obs",6083,1473,0,34
"16169","D_obs",6083,1474,0,21
"16170","D_obs",6083,1475,0,22
"16171","D_obs",6083,1476,0,29
"16172","D_obs",6083,1477,0,36
"16173","D_obs",6083,1478,0,31
"16174","D_obs",6083,1479,0,37
"16175","D_obs",6083,1480,0,27
"16176","D_obs",6083,1481,0,34
"16177","D_obs",6083,1482,0,22
"16178","D_obs",6083,1483,0,19
"16179","D_obs",6083,1484,0,20
"16180","D_obs",6083,1485,0,22
"16181","D_obs",6083,1486,0,24
"16182","D_obs",6083,1487,0,25
"16183","D_obs",6083,1488,0,25
"16184","D_obs",6083,1489,0,21
"16185","D_obs",6083,1490,0,31
"16186","D_obs",6083,1491,0,29
"16187","D_obs",6083,1492,0,31
"16188","D_obs",6083,1493,0,28
"16189","D_obs",6083,1494,0,24
"16190","D_obs",6083,1495,0,27
"16191","D_obs",6083,1496,0,25
"16192","D_obs",6083,1497,0,30
"16193","D_obs",6083,1498,0,27
"16194","D_obs",6083,1499,0,20
"16195","D_obs",6083,1500,0,30
"16196","D_obs",6083,1501,0,22
"16197","D_obs",6083,1502,0,42
"16198","D_obs",6083,1503,0,41
"16199","D_obs",6083,1504,0,34
"16200","D_obs",6083,1505,0,48
"16201","D_obs",6083,1506,0,48
"16202","D_obs",6083,1507,0,45
"16203","D_obs",6083,1508,0,55
"16204","D_obs",6083,1509,0,99
"16205","D_obs",6083,1510,0,60
"16206","D_obs",6083,1511,0,87
"16207","D_obs",6083,1512,0,96
"16208","D_obs",6083,1513,0,94
"16209","D_obs",6083,1514,0,111
"16210","D_obs",6083,1515,0,101
"16211","D_obs",6083,1516,0,117
"16212","D_obs",6083,1517,0,81
"16213","D_obs",6083,1518,0,70
"16214","D_obs",6083,1519,0,78
"16215","D_obs",6083,1520,0,82
"16216","D_obs",6083,1521,0,69
"16217","D_obs",6083,1522,0,86
"16218","D_obs",6083,1523,0,100
"16219","D_obs",6083,1524,0,57
"16220","D_obs",6083,1525,0,60
"16221","D_obs",6083,1526,0,70
"16222","D_obs",6083,1527,0,83
"16223","D_obs",6083,1528,0,50
"16224","D_obs",6083,1529,0,60
"16225","D_obs",6083,1530,0,61
"16226","D_obs",6083,1531,0,41
"16227","D_obs",6083,1532,0,49
"16228","D_obs",6083,1533,0,50
"16229","D_obs",6083,1534,0,43
"16230","D_obs",6083,1535,0,66
"16231","D_obs",6083,1536,0,54
"16232","D_obs",6083,1537,0,75
"16233","D_obs",6083,1538,0,65
"16234","D_obs",6083,1539,0,53
"16235","D_obs",6083,1540,0,39
"16236","D_obs",6083,1541,0,58
"16237","D_obs",6083,1542,0,57
"16238","D_obs",6083,1543,0,41
"16239","D_obs",6083,1544,0,37
"16240","D_obs",6083,1545,0,39
"16241","D_obs",6083,1546,0,44
"16242","D_obs",6083,1547,0,49
"16243","D_obs",6083,1548,0,52
"16244","D_obs",6083,1549,0,48
"16245","D_obs",6083,1550,0,55
"16246","D_obs",6083,1551,0,48
"16247","D_obs",6083,1552,0,59
"16248","D_obs",6083,1553,0,72
"16249","D_obs",6083,1554,0,58
"16250","D_obs",6083,1555,0,68
"16251","D_obs",6083,1556,0,50
"16252","D_obs",6083,1557,0,77
"16253","D_obs",6083,1558,0,85
"16254","D_obs",6083,1559,0,85
"16255","D_obs",6083,1560,0,84
"16256","D_obs",6083,1561,0,88
"16257","D_obs",6083,1562,0,96
"16258","D_obs",6083,1563,0,75
"16259","D_obs",6083,1564,0,104
"16260","D_obs",6083,1565,0,94
"16261","D_obs",6083,1566,0,89
"16262","D_obs",6083,1567,0,100
"16263","D_obs",6083,1568,0,106
"16264","D_obs",6083,1569,0,95
"16265","D_obs",6083,1570,0,88
"16266","D_obs",6083,1571,0,84
"16267","D_obs",6083,1572,0,69
"16268","D_obs",6083,1573,0,77
"16269","D_obs",6083,1574,0,81
"16270","D_obs",6083,1575,0,95
"16271","D_obs",6083,1576,0,81
"16272","D_obs",6083,1577,0,63
"16273","D_obs",6083,1578,0,49
"16274","D_obs",6083,1579,0,61
"16275","D_obs",6083,1580,0,69
"16276","D_obs",6083,1581,0,60
"16277","D_obs",6083,1582,0,68
"16278","D_obs",6083,1583,0,67
"16279","D_obs",6083,1584,0,66
"16280","D_obs",6083,1585,0,76
"16281","D_obs",6083,1586,0,65
"16282","D_obs",6083,1587,0,80
"16283","D_obs",6083,1588,0,86
"16284","D_obs",6083,1589,0,86
"16285","D_obs",6083,1590,0,65
"16286","D_obs",6083,1591,0,74
"16287","D_obs",6083,1592,0,73
"16288","D_obs",6083,1593,0,89
"16289","D_obs",6083,1594,0,94
"16290","D_obs",6083,1595,0,78
"16291","D_obs",6083,1596,0,72
"16292","D_obs",6083,1597,0,72
"16293","D_obs",6083,1598,0,97
"16294","D_obs",6083,1599,0,89
"16295","D_obs",6083,1600,0,73
"16296","D_obs",6083,1601,0,113
"16297","D_obs",6083,1602,0,87
"16298","D_obs",6083,1603,0,110
"16299","D_obs",6083,1604,0,122
"16300","D_obs",6083,1605,0,115
"16301","D_obs",6083,1606,0,118
"16302","D_obs",6083,1607,0,125
"16303","D_obs",6083,1608,0,127
"16304","D_obs",6083,1609,0,127
"16305","D_obs",6083,1610,0,124
"16306","D_obs",6083,1611,0,130
"16307","D_obs",6083,1612,0,148
"16308","D_obs",6083,1613,0,154
"16309","D_obs",6083,1614,0,146
"16310","D_obs",6083,1615,0,114
"16311","D_obs",6083,1616,0,136
"16312","D_obs",6083,1617,0,120
"16313","D_obs",6083,1618,0,125
"16314","D_obs",6083,1619,0,121
"16315","D_obs",6083,1620,0,119
"16316","D_obs",6083,1621,0,112
"16317","D_obs",6083,1622,0,88
"16318","D_obs",6083,1623,0,114
"16319","D_obs",6083,1624,0,101
"16320","D_obs",6083,1625,0,78
"16321","D_obs",6083,1626,0,93
"16322","D_obs",6083,1627,0,83
"16323","D_obs",6083,1628,0,98
"16324","D_obs",6083,1629,0,73
"16325","D_obs",6083,1630,0,53
"16326","D_obs",6083,1631,0,58
"16327","D_obs",6083,1632,0,55
"16328","D_obs",6083,1633,0,55
"16329","D_obs",6083,1634,0,57
"16330","D_obs",6083,1635,0,65
"16331","D_obs",6083,1636,0,44
"16332","D_obs",6083,1637,0,41
"16333","D_obs",6083,1638,0,37
"16334","D_obs",6083,1639,0,47
"16335","D_obs",6083,1640,0,48
"16336","D_obs",6083,1641,0,44
"16337","D_obs",6083,1642,0,50
"16338","D_obs",6083,1643,0,45
"16339","D_obs",6083,1644,0,40
"16340","D_obs",6083,1645,0,51
"16341","D_obs",6083,1646,0,52
"16342","D_obs",6083,1647,0,38
"16343","D_obs",6083,1648,0,52
"16344","D_obs",6083,1649,0,47
"16345","D_obs",6083,1650,0,36
"16346","D_obs",6083,1651,0,36
"16347","D_obs",6083,1652,0,54
"16348","D_obs",6083,1653,0,56
"16349","D_obs",6083,1654,0,58
"16350","D_obs",6083,1655,0,53
"16351","D_obs",6083,1656,0,63
"16352","D_obs",6083,1657,0,58
"16353","D_obs",6083,1658,0,46
"16354","D_obs",6083,1659,0,38
"16355","D_obs",6083,1660,0,59
"16356","D_obs",6083,1661,0,62
"16357","D_obs",6083,1662,0,73
"16358","D_obs",6083,1663,0,72
"16359","D_obs",6083,1664,0,72
"16360","D_obs",6083,1665,0,95
"16361","D_obs",6083,1666,0,80
"16362","D_obs",6083,1667,0,88
"16363","D_obs",6083,1668,0,100
"16364","D_obs",6083,1669,0,95
"16365","D_obs",6083,1670,0,110
"16366","D_obs",6083,1671,0,81
"16367","D_obs",6083,1672,0,85
"16368","D_obs",6083,1673,0,90
"16369","D_obs",6083,1674,0,101
"16370","D_obs",6083,1675,0,69
"16371","D_obs",6083,1676,0,83
"16372","D_obs",6083,1677,0,60
"16373","D_obs",6083,1678,0,53
"16374","D_obs",6083,1679,0,56
"16375","D_obs",6083,1680,0,55
"16376","D_obs",6083,1681,0,52
"16377","D_obs",6083,1682,0,57
"16378","D_obs",6083,1683,0,46
"16379","D_obs",6083,1684,0,45
"16380","D_obs",6083,1685,0,52
"16381","D_obs",6083,1686,0,34
"16382","D_obs",6083,1687,0,33
"16383","D_obs",6083,1688,0,41
"16384","D_obs",6083,1689,0,27
"16385","D_obs",6083,1690,0,34
"16386","D_obs",6083,1691,0,34
"16387","D_obs",6083,1692,0,26
"16388","D_obs",6083,1693,0,33
"16389","D_obs",6083,1694,0,29
"16390","D_obs",6083,1695,0,21
"16391","D_obs",6083,1696,0,24
"16392","D_obs",6083,1697,0,22
"16393","D_obs",6083,1698,0,24
"16394","D_obs",6083,1699,0,34
"16395","D_obs",6083,1700,0,25
"16396","D_obs",6083,1701,0,31
"16397","D_obs",6083,1702,0,27
"16398","D_obs",6083,1703,0,42
"16399","D_obs",6083,1704,0,47
"16400","D_obs",6083,1705,0,40
"16401","D_obs",6083,1706,0,37
"16402","D_obs",6083,1707,0,29
"16403","D_obs",6083,1708,0,38
"16404","D_obs",6083,1709,0,23
"16405","D_obs",6083,1710,0,47
"16406","D_obs",6083,1711,0,29
"16407","D_obs",6083,1712,0,47
"16408","D_obs",6083,1713,0,39
"16409","D_obs",6083,1714,0,52
"16410","D_obs",6083,1715,0,43
"16411","D_obs",6083,1716,0,41
"16412","D_obs",6083,1717,0,51
"16413","D_obs",6083,1718,0,58
"16414","D_obs",6083,1719,0,59
"16415","D_obs",6083,1720,0,53
"16416","D_obs",6083,1721,0,60
"16417","D_obs",6083,1722,0,59
"16418","D_obs",6083,1723,0,62
"16419","D_obs",6083,1724,0,55
"16420","D_obs",6083,1725,0,55
"16421","D_obs",6083,1726,0,53
"16422","D_obs",6083,1727,0,63
"16423","D_obs",6083,1728,0,48
"16424","D_obs",6083,1729,0,43
"16425","D_obs",6083,1730,0,46
"16426","D_obs",6083,1731,0,34
"16427","D_obs",6083,1732,0,32
"16428","D_obs",6083,1733,0,38
"16429","D_obs",6083,1734,0,37
"16430","D_obs",6083,1735,0,40
"16431","D_obs",6083,1736,0,37
"16432","D_obs",6083,1737,0,36
"16433","D_obs",6083,1738,0,37
"16434","D_obs",6083,1739,0,35
"16435","D_obs",6083,1740,0,54
"16436","D_obs",6083,1741,0,33
"16437","D_obs",6083,1742,0,25
"16438","D_obs",6083,1743,0,30
"16439","D_obs",6083,1744,0,21
"16440","D_obs",6083,1745,0,27
"16441","D_obs",6083,1746,0,27
"16442","D_obs",6083,1747,0,17
"16443","D_obs",6083,1748,0,31
"16444","D_obs",6083,1749,0,30
"16445","D_obs",6083,1750,0,30
"16446","D_obs",6083,1751,0,19
"16447","D_obs",6083,1752,0,48
"16448","D_obs",6083,1753,0,43
"16449","D_obs",6083,1754,0,31
"16450","D_obs",6083,1755,0,39
"16451","D_obs",6083,1756,0,34
"16452","D_obs",6083,1757,0,39
"16453","D_obs",6083,1758,0,44
"16454","D_obs",6083,1759,0,22
"16455","D_obs",6083,1760,0,30
"16456","D_obs",6083,1761,0,34
"16457","D_obs",6083,1762,0,31
"16458","D_obs",6083,1763,0,37
"16459","D_obs",6083,1764,0,39
"16460","D_obs",6083,1765,0,27
"16461","D_obs",6083,1766,0,43
"16462","D_obs",6083,1767,0,42
"16463","D_obs",6083,1768,0,42
"16464","D_obs",6083,1769,0,59
"16465","D_obs",6083,1770,0,51
"16466","D_obs",6083,1771,0,36
"16467","D_obs",6083,1772,0,40
"16468","D_obs",6083,1773,0,46
"16469","D_obs",6083,1774,0,45
"16470","D_obs",6083,1775,0,30
"16471","D_obs",6083,1776,0,45
"16472","D_obs",6083,1777,0,42
"16473","D_obs",6083,1778,0,38
"16474","D_obs",6083,1779,0,54
"16475","D_obs",6083,1780,0,38
"16476","D_obs",6083,1781,0,30
"16477","D_obs",6083,1782,0,41
"16478","D_obs",6083,1783,0,35
"16479","D_obs",6083,1784,0,33
"16480","D_obs",6083,1785,0,45
"16481","D_obs",6083,1786,0,36
"16482","D_obs",6083,1787,0,22
"16483","D_obs",6083,1788,0,22
"16484","D_obs",6083,1789,0,20
"16485","D_obs",6083,1790,0,20
"16486","D_obs",6083,1791,0,23
"16487","D_obs",6083,1792,0,27
"16488","D_obs",6083,1793,0,13
"16489","D_obs",6083,1794,0,25
"16490","D_obs",6083,1795,0,18
"16491","D_obs",6083,1796,0,15
"16492","D_obs",6083,1797,0,25
"16493","D_obs",6083,1798,0,19
"16494","D_obs",6083,1799,0,19
"16495","D_obs",6083,1800,0,19
"16496","D_obs",6083,1801,0,24
"16497","D_obs",6083,1802,0,12
"16498","D_obs",6083,1803,0,16
"16499","D_obs",6083,1804,0,18
"16500","D_obs",6083,1805,0,18
"16501","D_obs",6083,1806,0,16
"16502","D_obs",6083,1807,0,18
"16503","D_obs",6083,1808,0,29
"16504","D_obs",6083,1809,0,19
"16505","D_obs",6083,1810,0,23
"16506","D_obs",6083,1811,0,34
"16507","D_obs",6083,1812,0,30
"16508","D_obs",6083,1813,0,22
"16509","D_obs",6083,1814,0,20
"16510","D_obs",6083,1815,0,35
"16511","D_obs",6083,1816,0,19
"16512","D_obs",6083,1817,0,26
"16513","D_obs",6083,1818,0,29
"16514","D_obs",6083,1819,0,38
"16515","D_obs",6083,1820,0,34
"16516","D_obs",6083,1821,0,32
"16517","D_obs",6083,1822,0,30
"16518","D_obs",6083,1823,0,38
"16519","D_obs",6083,1824,0,39
"16520","D_obs",6083,1825,0,36
"16521","D_obs",6083,1826,0,54
"16522","D_obs",6083,1827,0,39
"16523","D_obs",6083,1828,0,37
"16524","D_obs",6083,1829,0,32
"16525","D_obs",6083,1830,0,44
"16526","D_obs",6083,1831,0,32
"16527","D_obs",6083,1832,0,31
"16528","D_obs",6083,1833,0,48
"16529","D_obs",6083,1834,0,30
"16530","D_obs",6083,1835,0,43
"16531","D_obs",6083,1836,0,49
"16532","D_obs",6083,1837,0,36
"16533","D_obs",6083,1838,0,22
"16534","D_obs",6083,1839,0,31
"16535","D_obs",6083,1840,0,27
"16536","D_obs",6083,1841,0,36
"16537","D_obs",6083,1842,0,30
"16538","D_obs",6083,1843,0,23
"16539","D_obs",6083,1844,0,16
"16540","D_obs",6083,1845,0,12
"16541","D_obs",6083,1846,0,20
"16542","D_obs",6083,1847,0,23
"16543","D_obs",6083,1848,0,12
"16544","D_obs",6083,1849,0,16
"16545","D_obs",6083,1850,0,22
"16546","D_obs",6083,1851,0,27
"16547","D_obs",6083,1852,0,29
"16548","D_obs",6083,1853,0,28
"16549","D_obs",6083,1854,0,31
"16550","D_obs",6083,1855,0,35
"16551","D_obs",6083,1856,0,29
"16552","D_obs",6083,1857,0,41
"16553","D_obs",6083,1858,0,22
"16554","D_obs",6083,1859,0,32
"16555","D_obs",6083,1860,0,28
"16556","D_obs",6083,1861,0,36
"16557","D_obs",6083,1862,0,39
"16558","D_obs",6083,1863,0,64
"16559","D_obs",6083,1864,0,47
"16560","D_obs",6083,1865,0,47
"16561","D_obs",6083,1866,0,50
"16562","D_obs",6083,1867,0,54
"16563","D_obs",6083,1868,0,49
"16564","D_obs",6083,1869,0,57
"16565","D_obs",6083,1870,0,63
"16566","D_obs",6083,1871,0,57
"16567","D_obs",6083,1872,0,74
"16568","D_obs",6083,1873,0,101
"16569","D_obs",6083,1874,0,99
"16570","D_obs",6083,1875,0,109
"16571","D_obs",6083,1876,0,124
"16572","D_obs",6083,1877,0,105
"16573","D_obs",6083,1878,0,109
"16574","D_obs",6083,1879,0,119
"16575","D_obs",6083,1880,0,116
"16576","D_obs",6083,1881,0,118
"16577","D_obs",6083,1882,0,99
"16578","D_obs",6083,1883,0,107
"16579","D_obs",6083,1884,0,108
"16580","D_obs",6083,1885,0,100
"16581","D_obs",6083,1886,0,67
"16582","D_obs",6083,1887,0,83
"16583","D_obs",6083,1888,0,69
"16584","D_obs",6083,1889,0,64
"16585","D_obs",6083,1890,0,64
"16586","D_obs",6083,1891,0,53
"16587","D_obs",6083,1892,0,45
"16588","D_obs",6083,1893,0,56
"16589","D_obs",6083,1894,0,39
"16590","D_obs",6083,1895,0,43
"16591","D_obs",6083,1896,0,56
"16592","D_obs",6083,1897,0,39
"16593","D_obs",6083,1898,0,33
"16594","D_obs",6083,1899,0,43
"16595","D_obs",6083,1900,0,44
"16596","D_obs",6083,1901,0,39
"16597","D_obs",6083,1902,0,41
"16598","D_obs",6083,1903,0,38
"16599","D_obs",6083,1904,0,42
"16600","D_obs",6083,1905,0,53
"16601","D_obs",6083,1906,0,56
"16602","D_obs",6083,1907,0,45
"16603","D_obs",6083,1908,0,45
"16604","D_obs",6083,1909,0,62
"16605","D_obs",6083,1910,0,54
"16606","D_obs",6083,1911,0,60
"16607","D_obs",6083,1912,0,65
"16608","D_obs",6083,1913,0,75
"16609","D_obs",6083,1914,0,85
"16610","D_obs",6083,1915,0,77
"16611","D_obs",6083,1916,0,75
"16612","D_obs",6083,1917,0,88
"16613","D_obs",6083,1918,0,100
"16614","D_obs",6083,1919,0,114
"16615","D_obs",6083,1920,0,132
"16616","D_obs",6083,1921,0,143
"16617","D_obs",6083,1922,0,170
"16618","D_obs",6083,1923,0,179
"16619","D_obs",6083,1924,0,178
"16620","D_obs",6083,1925,0,191
"16621","D_obs",6083,1926,0,238
"16622","D_obs",6083,1927,0,216
"16623","D_obs",6083,1928,0,224
"16624","D_obs",6083,1929,0,233
"16625","D_obs",6083,1930,0,229
"16626","D_obs",6083,1931,0,241
"16627","D_obs",6083,1932,0,218
"16628","D_obs",6083,1933,0,208
"16629","D_obs",6083,1934,0,219
"16630","D_obs",6083,1935,0,245
"16631","D_obs",6083,1936,0,209
"16632","D_obs",6083,1937,0,186
"16633","D_obs",6083,1938,0,123
"16634","D_obs",6083,1939,0,159
"16635","D_obs",6083,1940,0,134
"16636","D_obs",6083,1941,0,114
"16637","D_obs",6083,1942,0,143
"16638","D_obs",6083,1943,0,118
"16639","D_obs",6083,1944,0,107
"16640","D_obs",6083,1945,0,103
"16641","D_obs",6083,1946,0,104
"16642","D_obs",6083,1947,0,111
"16643","D_obs",6083,1948,0,78
"16644","D_obs",6083,1949,0,69
"16645","D_obs",6083,1950,0,81
"16646","D_obs",6083,1951,0,56
"16647","D_obs",6083,1952,0,78
"16648","D_obs",6083,1953,0,71
"16649","D_obs",6083,1954,0,70
"16650","D_obs",6083,1955,0,77
"16651","D_obs",6083,1956,0,68
"16652","D_obs",6083,1957,0,74
"16653","D_obs",6083,1958,0,76
"16654","D_obs",6083,1959,0,81
"16655","D_obs",6083,1960,0,90
"16656","D_obs",6083,1961,0,91
"16657","D_obs",6083,1962,0,103
"16658","D_obs",6083,1963,0,100
"16659","D_obs",6083,1964,0,95
"16660","D_obs",6083,1965,0,80
"16661","D_obs",6083,1966,0,104
"16662","D_obs",6083,1967,0,85
"16663","D_obs",6083,1968,0,130
"16664","D_obs",6083,1969,0,100
"16665","D_obs",6083,1970,0,114
"16666","D_obs",6083,1971,0,118
"16667","D_obs",6083,1972,0,126
"16668","D_obs",6083,1973,0,108
"16669","D_obs",6083,1974,0,129
"16670","D_obs",6083,1975,0,165
"16671","D_obs",6083,1976,0,157
"16672","D_obs",6083,1977,0,167
"16673","D_obs",6083,1978,0,171
"16674","D_obs",6083,1979,0,192
"16675","D_obs",6083,1980,0,198
"16676","D_obs",6083,1981,0,192
"16677","D_obs",6083,1982,0,167
"16678","D_obs",6083,1983,0,174
"16679","D_obs",6083,1984,0,150
"16680","D_obs",6083,1985,0,162
"16681","D_obs",6083,1986,0,122
"16682","D_obs",6083,1987,0,130
"16683","D_obs",6083,1988,0,116
"16684","D_obs",6083,1989,0,135
"16685","D_obs",6083,1990,0,104
"16686","D_obs",6083,1991,0,110
"16687","D_obs",6083,1992,0,112
"16688","D_obs",6083,1993,0,77
"16689","D_obs",6083,1994,0,68
"16690","D_obs",6083,1995,0,65
"16691","D_obs",6083,1996,0,49
"16692","D_obs",6083,1997,0,46
"16693","D_obs",6083,1998,0,48
"16694","D_obs",6083,1999,0,47
"16695","D_obs",6083,2000,0,53
"16696","D_obs",6083,2001,0,54
"16697","D_obs",6083,2002,0,33
"16698","D_obs",6083,2003,0,36
"16699","D_obs",6083,2004,0,33
"16700","D_obs",6083,2005,0,36
"16701","D_obs",6083,2006,0,40
"16702","D_obs",6083,2007,0,27
"16703","D_obs",6083,2008,0,30
"16704","D_obs",6083,2009,0,29
"16705","D_obs",6083,2010,0,35
"16706","D_obs",6083,2011,0,28
"16707","D_obs",6083,2012,0,28
"16708","D_obs",6083,2013,0,25
"16709","D_obs",6083,2014,0,34
"16710","D_obs",6083,2015,0,17
"16711","D_obs",6083,2016,0,24
"16712","D_obs",6083,2017,0,16
"16713","D_obs",6083,2018,0,24
"16714","D_obs",6083,2019,0,40
"16715","D_obs",6083,2020,0,24
"16716","D_obs",6083,2021,0,19
"16717","D_obs",6083,2022,0,24
"16718","D_obs",6083,2023,0,30
"16719","D_obs",6083,2024,0,21
"16720","D_obs",6083,2025,0,24
"16721","D_obs",6083,2026,0,24
"16722","D_obs",6083,2027,0,26
"16723","D_obs",6083,2028,0,32
"16724","D_obs",6083,2029,0,27
"16725","D_obs",6083,2030,0,36
"16726","D_obs",6083,2031,0,38
"16727","D_obs",6083,2032,0,29
"16728","D_obs",6083,2033,0,40
"16729","D_obs",6083,2034,0,31
"16730","D_obs",6083,2035,0,38
"16731","D_obs",6083,2036,0,32
"16732","D_obs",6083,2037,0,40
"16733","D_obs",6083,2038,0,34
"16734","D_obs",6083,2039,0,39
"16735","D_obs",6083,2040,0,34
"16736","D_obs",6083,2041,0,37
"16737","D_obs",6083,2042,0,28
"16738","D_obs",6083,2043,0,34
"16739","D_obs",6083,2044,0,24
"16740","D_obs",6083,2045,0,23
"16741","D_obs",6083,2046,0,34
"16742","D_obs",6083,2047,0,19
"16743","D_obs",6083,2048,0,32
"16744","D_obs",6083,2049,0,31
"16745","D_obs",6083,2050,0,16
"16746","D_obs",6083,2051,0,32
"16747","D_obs",6083,2052,0,21
"16748","D_obs",6083,2053,0,29
"16749","D_obs",6083,2054,0,19
"16750","D_obs",6083,2055,0,19
"16751","D_obs",6083,2056,0,22
"16752","D_obs",6083,2057,0,23
"16753","D_obs",6083,2058,0,26
"16754","D_obs",6083,2059,0,11
"16755","D_obs",6083,2060,0,17
"16756","D_obs",6083,2061,0,11
"16757","D_obs",6083,2062,0,10
"16758","D_obs",6083,2063,0,16
"16759","D_obs",6083,2064,0,20
"16760","D_obs",6083,2065,0,18
"16761","D_obs",6083,2066,0,18
"16762","D_obs",6083,2067,0,12
"16763","D_obs",6083,2068,0,9
"16764","D_obs",6083,2069,0,11
"16765","D_obs",6083,2070,0,17
"16766","D_obs",6083,2071,0,12
"16767","D_obs",6083,2072,0,3
"16768","D_obs",6083,2073,0,7
"16769","D_obs",6083,2074,0,6
"16770","D_obs",6083,2075,0,12
"16771","D_obs",6083,2076,0,15
"16772","D_obs",6083,2077,0,12
"16773","D_obs",6083,2078,0,13
"16774","D_obs",6083,2079,0,10
"16775","D_obs",6083,2080,0,22
"16776","D_obs",6083,2081,0,12
"16777","D_obs",6083,2082,0,17
"16778","D_obs",6083,2083,0,20
"16779","D_obs",6083,2084,0,21
"16780","D_obs",6083,2085,0,17
"16781","D_obs",6083,2086,0,22
"16782","D_obs",6083,2087,0,21
"16783","D_obs",6083,2088,0,14
"16784","D_obs",6083,2089,0,14
"16785","D_obs",6083,2090,0,23
"16786","D_obs",6083,2091,0,13
"16787","D_obs",6083,2092,0,12
"16788","D_obs",6083,2093,0,17
"16789","D_obs",6083,2094,0,11
"16790","D_obs",6083,2095,0,18
"16791","D_obs",6083,2096,0,9
"16792","D_obs",6083,2097,0,12
"16793","D_obs",6083,2098,0,12
"16794","D_obs",6083,2099,0,7
"16795","D_obs",6083,2100,0,7
"16796","D_obs",6083,2101,0,7
"16797","D_obs",6083,2102,0,8
"16798","D_obs",6083,2103,0,8
"16799","D_obs",6083,2104,0,5
"16800","D_obs",6083,2105,0,10
"16801","D_obs",6083,2106,0,12
"16802","D_obs",6083,2107,0,4
"16803","D_obs",6083,2108,0,7
"16804","D_obs",6083,2109,0,12
"16805","D_obs",6083,2110,0,6
"16806","D_obs",6083,2111,0,5
"16807","D_obs",6083,2112,0,8
"16808","D_obs",6083,2113,0,7
"16809","D_obs",6083,2114,0,5
"16810","D_obs",6083,2115,0,7
"16811","D_obs",6083,2116,0,6
"16812","D_obs",6083,2117,0,8
"16813","D_obs",6083,2118,0,11
"16814","D_obs",6083,2119,0,9
"16815","D_obs",6083,2120,0,9
"16816","D_obs",6083,2121,0,10
"16817","D_obs",6083,2122,0,11
"16818","D_obs",6083,2123,0,6
"16819","D_obs",6083,2124,0,11
"16820","D_obs",6083,2125,0,15
"16821","D_obs",6083,2126,0,8
"16822","D_obs",6083,2127,0,13
"16823","D_obs",6083,2128,0,16
"16824","D_obs",6083,2129,0,14
"16825","D_obs",6083,2130,0,16
"16826","D_obs",6083,2131,0,12
"16827","D_obs",6083,2132,0,13
"16828","D_obs",6083,2133,0,12
"16829","D_obs",6083,2134,0,11
"16830","D_obs",6083,2135,0,19
"16831","D_obs",6083,2136,0,22
"16832","D_obs",6083,2137,0,18
"16833","D_obs",6083,2138,0,18
"16834","D_obs",6083,2139,0,12
"16835","D_obs",6083,2140,0,17
"16836","D_obs",6083,2141,0,32
"16837","D_obs",6083,2142,0,27
"16838","D_obs",6083,2143,0,16
"16839","D_obs",6083,2144,0,23
"16840","D_obs",6083,2145,0,22
"16841","D_obs",6083,2146,0,22
"16842","D_obs",6083,2147,0,17
"16843","D_obs",6083,2148,0,18
"16844","D_obs",6083,2149,0,19
"16845","D_obs",6083,2150,0,16
"16846","D_obs",6083,2151,0,22
"16847","D_obs",6083,2152,0,20
"16848","D_obs",6083,2153,0,13
"16849","D_obs",6083,2154,0,14
"16850","D_obs",6083,2155,0,16
"16851","D_obs",6083,2156,0,13
"16852","D_obs",6083,2157,0,25
"16853","D_obs",6083,2158,0,22
"16854","D_obs",6083,2159,0,11
"16855","D_obs",6083,2160,0,18
"16856","D_obs",6083,2161,0,11
"16857","D_obs",6083,2162,0,14
"16858","D_obs",6083,2163,0,18
"16859","D_obs",6083,2164,0,22
"16860","D_obs",6083,2165,0,16
"16861","D_obs",6083,2166,0,16
"16862","D_obs",6083,2167,0,23
"16863","D_obs",6083,2168,0,17
"16864","D_obs",6083,2169,0,26
"16865","D_obs",6083,2170,0,32
"16866","D_obs",6083,2171,0,38
"16867","D_obs",6083,2172,0,33
"16868","D_obs",6083,2173,0,34
"16869","D_obs",6083,2174,0,31
"16870","D_obs",6083,2175,0,43
"16871","D_obs",6083,2176,0,24
"16872","D_obs",6083,2177,0,52
"16873","D_obs",6083,2178,0,41
"16874","D_obs",6083,2179,0,58
"16875","D_obs",6083,2180,0,52
"16876","D_obs",6083,2181,0,62
"16877","D_obs",6083,2182,0,72
"16878","D_obs",6083,2183,0,68
"16879","D_obs",6083,2184,0,87
"16880","D_obs",6083,2185,0,105
"16881","D_obs",6083,2186,0,75
"16882","D_obs",6083,2187,0,107
"16883","D_obs",6083,2188,0,107
"16884","D_obs",6083,2189,0,118
"16885","D_obs",6083,2190,0,105
"16886","D_obs",6083,2191,0,128
"16887","D_obs",6083,2192,0,107
"16888","D_obs",6083,2193,0,97
"16889","D_obs",6083,2194,0,124
"16890","D_obs",6083,2195,0,97
"16891","D_obs",6083,2196,0,92
"16892","D_obs",6083,2197,0,91
"16893","D_obs",6083,2198,0,76
"16894","D_obs",6083,2199,0,65
"16895","D_obs",6083,2200,0,69
"16896","D_obs",6083,2201,0,61
"16897","D_obs",6083,2202,0,59
"16898","D_obs",6083,2203,0,58
"16899","D_obs",6083,2204,0,61
"16900","D_obs",6083,2205,0,43
"16901","D_obs",6083,2206,0,46
"16902","D_obs",6083,2207,0,38
"16903","D_obs",6083,2208,0,38
"16904","D_obs",6083,2209,0,36
"16905","D_obs",6083,2210,0,38
"16906","D_obs",6083,2211,0,36
"16907","D_obs",6083,2212,0,24
"16908","D_obs",6083,2213,0,32
"16909","D_obs",6083,2214,0,24
"16910","D_obs",6083,2215,0,28
"16911","D_obs",6083,2216,0,34
"16912","D_obs",6083,2217,0,35
"16913","D_obs",6083,2218,0,35
"16914","D_obs",6083,2219,0,59
"16915","D_obs",6083,2220,0,31
"16916","D_obs",6083,2221,0,42
"16917","D_obs",6083,2222,0,41
"16918","D_obs",6083,2223,0,70
"16919","D_obs",6083,2224,0,53
"16920","D_obs",6083,2225,0,62
"16921","D_obs",6083,2226,0,69
"16922","D_obs",6083,2227,0,58
"16923","D_obs",6083,2228,0,90
"16924","D_obs",6083,2229,0,96
"16925","D_obs",6083,2230,0,87
"16926","D_obs",6083,2231,0,73
"16927","D_obs",6083,2232,0,87
"16928","D_obs",6083,2233,0,59
"16929","D_obs",6083,2234,0,71
"16930","D_obs",6083,2235,0,99
"16931","D_obs",6083,2236,0,71
"16932","D_obs",6083,2237,0,82
"16933","D_obs",6083,2238,0,90
"16934","D_obs",6083,2239,0,113
"16935","D_obs",6083,2240,0,110
"16936","D_obs",6083,2241,0,122
"16937","D_obs",6083,2242,0,127
"16938","D_obs",6083,2243,0,128
"16939","D_obs",6083,2244,0,129
"16940","D_obs",6083,2245,0,116
"16941","D_obs",6083,2246,0,96
"16942","D_obs",6083,2247,0,120
"16943","D_obs",6083,2248,0,104
"16944","D_obs",6083,2249,0,103
"16945","D_obs",6083,2250,0,107
"16946","D_obs",6083,2251,0,85
"16947","D_obs",6083,2252,0,75
"16948","D_obs",6083,2253,0,83
"16949","D_obs",6083,2254,0,60
"16950","D_obs",6083,2255,0,60
"16951","D_obs",6083,2256,0,79
"16952","D_obs",6083,2257,0,48
"16953","D_obs",6083,2258,0,48
"16954","D_obs",6083,2259,0,40
"16955","D_obs",6083,2260,0,47
"16956","D_obs",6083,2261,0,45
"16957","D_obs",6083,2262,0,35
"16958","D_obs",6083,2263,0,35
"16959","D_obs",6083,2264,0,37
"16960","D_obs",6083,2265,0,19
"16961","D_obs",6083,2266,0,37
"16962","D_obs",6083,2267,0,35
"16963","D_obs",6083,2268,0,46
"16964","D_obs",6083,2269,0,37
"16965","D_obs",6083,2270,0,48
"16966","D_obs",6083,2271,0,31
"16967","D_obs",6083,2272,0,39
"16968","D_obs",6083,2273,0,36
"16969","D_obs",6083,2274,0,45
"16970","D_obs",6083,2275,0,33
"16971","D_obs",6083,2276,0,28
"16972","D_obs",6083,2277,0,46
"16973","D_obs",6083,2278,0,26
"16974","D_obs",6083,2279,0,36
"16975","D_obs",6083,2280,0,35
"16976","D_obs",6083,2281,0,35
"16977","D_obs",6083,2282,0,38
"16978","D_obs",6083,2283,0,36
"16979","D_obs",6083,2284,0,42
"16980","D_obs",6083,2285,0,46
"16981","D_obs",6083,2286,0,57
"16982","D_obs",6083,2287,0,41
"16983","D_obs",6083,2288,0,50
"16984","D_obs",6083,2289,0,50
"16985","D_obs",6083,2290,0,48
"16986","D_obs",6083,2291,0,59
"16987","D_obs",6083,2292,0,57
"16988","D_obs",6083,2293,0,57
"16989","D_obs",6083,2294,0,60
"16990","D_obs",6083,2295,0,60
"16991","D_obs",6083,2296,0,35
"16992","D_obs",6083,2297,0,32
"16993","D_obs",6083,2298,0,55
"16994","D_obs",6083,2299,0,42
"16995","D_obs",6083,2300,0,41
"16996","D_obs",6083,2301,0,42
"16997","D_obs",6083,2302,0,54
"16998","D_obs",6083,2303,0,37
"16999","D_obs",6083,2304,0,29
"17000","D_obs",6083,2305,0,25
"17001","D_obs",6083,2306,0,23
"17002","D_obs",6083,2307,0,42
"17003","D_obs",6083,2308,0,21
"17004","D_obs",6083,2309,0,23
"17005","D_obs",6083,2310,0,14
"17006","D_obs",6083,2311,0,19
"17007","D_obs",6083,2312,0,16
"17008","D_obs",6083,2313,0,23
"17009","D_obs",6083,2314,0,17
"17010","D_obs",6083,2315,0,15
"17011","D_obs",6083,2316,0,17
"17012","D_obs",6083,2317,0,27
"17013","D_obs",6083,2318,0,16
"17014","D_obs",6083,2319,0,18
"17015","D_obs",6083,2320,0,25
"17016","D_obs",6083,2321,0,14
"17017","D_obs",6083,2322,0,16
"17018","D_obs",6083,2323,0,24
"17019","D_obs",6083,2324,0,20
"17020","D_obs",6083,2325,0,21
"17021","D_obs",6083,2326,0,28
"17022","D_obs",6083,2327,0,19
"17023","D_obs",6083,2328,0,14
"17024","D_obs",6083,2329,0,14
"17025","D_obs",6083,2330,0,24
"17026","D_obs",6083,2331,0,18
"17027","D_obs",6083,2332,0,21
"17028","D_obs",6083,2333,0,19
"17029","D_obs",6083,2334,0,25
"17030","D_obs",6083,2335,0,15
"17031","D_obs",6083,2336,0,21
"17032","D_obs",6083,2337,0,24
"17033","D_obs",6083,2338,0,24
"17034","D_obs",6083,2339,0,26
"17035","D_obs",6083,2340,0,17
"17036","D_obs",6083,2341,0,38
"17037","D_obs",6083,2342,0,30
"17038","D_obs",6083,2343,0,49
"17039","D_obs",6083,2344,0,38
"17040","D_obs",6083,2345,0,50
"17041","D_obs",6083,2346,0,68
"17042","D_obs",6083,2347,0,64
"17043","D_obs",6083,2348,0,82
"17044","D_obs",6083,2349,0,67
"17045","D_obs",6083,2350,0,61
"17046","D_obs",6083,2351,0,55
"17047","D_obs",6083,2352,0,52
"17048","D_obs",6083,2353,0,46
"17049","D_obs",6083,2354,0,54
"17050","D_obs",6083,2355,0,46
"17051","D_obs",6083,2356,0,31
"17052","D_obs",6083,2357,0,31
"17053","D_obs",6083,2358,0,39
"17054","D_obs",6083,2359,0,35
"17055","D_obs",6083,2360,0,39
"17056","D_obs",6083,2361,0,43
"17057","D_obs",6083,2362,0,37
"17058","D_obs",6083,2363,0,32
"17059","D_obs",6083,2364,0,34
"17060","D_obs",6083,2365,0,35
"17061","D_obs",6083,2366,0,35
"17062","D_obs",6083,2367,0,28
"17063","D_obs",6083,2368,0,22
"17064","D_obs",6083,2369,0,47
"17065","D_obs",6083,2370,0,42
"17066","D_obs",6083,2371,0,36
"17067","D_obs",6083,2372,0,37
"17068","D_obs",6083,2373,0,22
"17069","D_obs",6083,2374,0,27
"17070","D_obs",6083,2375,0,24
"17071","D_obs",6083,2376,0,26
"17072","D_obs",6083,2377,0,17
"17073","D_obs",6083,2378,0,17
"17074","D_obs",6083,2379,0,27
"17075","D_obs",6083,2380,0,24
"17076","D_obs",6083,2381,0,17
"17077","D_obs",6083,2382,0,23
"17078","D_obs",6083,2383,0,19
"17079","D_obs",6083,2384,0,20
"17080","D_obs",6083,2385,0,21
"17081","D_obs",6083,2386,0,27
"17082","D_obs",6083,2387,0,26
"17083","D_obs",6083,2388,0,26
"17084","D_obs",6083,2389,0,27
"17085","D_obs",6083,2390,0,24
"17086","D_obs",6083,2391,0,29
"17087","D_obs",6083,2392,0,30
"17088","D_obs",6083,2393,0,27
"17089","D_obs",6083,2394,0,24
"17090","D_obs",6083,2395,0,30
"17091","D_obs",6083,2396,0,34
"17092","D_obs",6083,2397,0,33
"17093","D_obs",6083,2398,0,45
"17094","D_obs",6083,2399,0,46
"17095","D_obs",6083,2400,0,49
"17096","D_obs",6083,2401,0,60
"17097","D_obs",6083,2402,0,64
"17098","D_obs",6083,2403,0,54
"17099","D_obs",6083,2404,0,70
"17100","D_obs",6083,2405,0,62
"17101","D_obs",6083,2406,0,46
"17102","D_obs",6083,2407,0,55
"17103","D_obs",6083,2408,0,48
"17104","D_obs",6083,2409,0,29
"17105","D_obs",6083,2410,0,56
"17106","D_obs",6083,2411,0,44
"17107","D_obs",6083,2412,0,46
"17108","D_obs",6083,2413,0,33
"17109","D_obs",6083,2414,0,38
"17110","D_obs",6083,2415,0,31
"17111","D_obs",6083,2416,0,30
"17112","D_obs",6083,2417,0,35
"17113","D_obs",6083,2418,0,27
"17114","D_obs",6083,2419,0,20
"17115","D_obs",6083,2420,0,33
"17116","D_obs",6083,2421,0,32
"17117","D_obs",6083,2422,0,24
"17118","D_obs",6083,2423,0,19
"17119","D_obs",6083,2424,0,26
"17120","D_obs",6083,2425,0,25
"17121","D_obs",6083,2426,0,26
"17122","D_obs",6083,2427,0,18
"17123","D_obs",6083,2428,0,24
"17124","D_obs",6083,2429,0,29
"17125","D_obs",6083,2430,0,37
"17126","D_obs",6083,2431,0,26
"17127","D_obs",6083,2432,0,36
"17128","D_obs",6083,2433,0,38
"17129","D_obs",6083,2434,0,45
"17130","D_obs",6083,2435,0,38
"17131","D_obs",6083,2436,0,38
"17132","D_obs",6083,2437,0,40
"17133","D_obs",6083,2438,0,58
"17134","D_obs",6083,2439,0,55
"17135","D_obs",6083,2440,0,43
"17136","D_obs",6083,2441,0,45
"17137","D_obs",6083,2442,0,61
"17138","D_obs",6083,2443,0,59
"17139","D_obs",6083,2444,0,50
"17140","D_obs",6083,2445,0,38
"17141","D_obs",6083,2446,0,60
"17142","D_obs",6083,2447,0,60
"17143","D_obs",6083,2448,0,61
"17144","D_obs",6083,2449,0,66
"17145","D_obs",6083,2450,0,73
"17146","D_obs",6083,2451,0,79
"17147","D_obs",6083,2452,0,69
"17148","D_obs",6083,2453,0,101
"17149","D_obs",6083,2454,0,113
"17150","D_obs",6083,2455,0,106
"17151","D_obs",6083,2456,0,102
"17152","D_obs",6083,2457,0,90
"17153","D_obs",6083,2458,0,119
"17154","D_obs",6083,2459,0,100
"17155","D_obs",6083,2460,0,86
"17156","D_obs",6083,2461,0,69
"17157","D_obs",6083,2462,0,73
"17158","D_obs",6083,2463,0,89
"17159","D_obs",6083,2464,0,83
"17160","D_obs",6083,2465,0,70
"17161","D_obs",6083,2466,0,66
"17162","D_obs",6083,2467,0,56
"17163","D_obs",6083,2468,0,57
"17164","D_obs",6083,2469,0,46
"17165","D_obs",6083,2470,0,44
"17166","D_obs",6083,2471,0,51
"17167","D_obs",6083,2472,0,45
"17168","D_obs",6083,2473,0,46
"17169","D_obs",6083,2474,0,59
"17170","D_obs",6083,2475,0,49
"17171","D_obs",6083,2476,0,47
"17172","D_obs",6083,2477,0,46
"17173","D_obs",6083,2478,0,35
"17174","D_obs",6083,2479,0,67
"17175","D_obs",6083,2480,0,47
"17176","D_obs",6083,2481,0,37
"17177","D_obs",6083,2482,0,68
"17178","D_obs",6083,2483,0,60
"17179","D_obs",6083,2484,0,65
"17180","D_obs",6083,2485,0,59
"17181","D_obs",6083,2486,0,57
"17182","D_obs",6083,2487,0,45
"17183","D_obs",6083,2488,0,62
"17184","D_obs",6083,2489,0,57
"17185","D_obs",6083,2490,0,53
"17186","D_obs",6083,2491,0,77
"17187","D_obs",6083,2492,0,50
"17188","D_obs",6083,2493,0,58
"17189","D_obs",6083,2494,0,49
"17190","D_obs",6083,2495,0,53
"17191","D_obs",6083,2496,0,47
"17192","D_obs",6083,2497,0,55
"17193","D_obs",6083,2498,0,50
"17194","D_obs",6083,2499,0,48
"17195","D_obs",6083,2500,0,61
"17196","D_obs",6083,2501,0,63
"17197","D_obs",6083,2502,0,70
"17198","D_obs",6083,2503,0,58
"17199","D_obs",6083,2504,0,88
"17200","D_obs",6083,2505,0,70
"17201","D_obs",6083,2506,0,84
"17202","D_obs",6083,2507,0,66
"17203","D_obs",6083,2508,0,83
"17204","D_obs",6083,2509,0,73
"17205","D_obs",6083,2510,0,61
"17206","D_obs",6083,2511,0,64
"17207","D_obs",6083,2512,0,45
"17208","D_obs",6083,2513,0,61
"17209","D_obs",6083,2514,0,41
"17210","D_obs",6083,2515,0,50
"17211","D_obs",6083,2516,0,44
"17212","D_obs",6083,2517,0,45
"17213","D_obs",6083,2518,0,38
"17214","D_obs",6083,2519,0,28
"17215","D_obs",6083,2520,0,36
"17216","D_obs",6083,2521,0,20
"17217","D_obs",6083,2522,0,27
"17218","D_obs",6083,2523,0,20
"17219","D_obs",6083,2524,0,22
"17220","D_obs",6083,2525,0,28
"17221","D_obs",6083,2526,0,26
"17222","D_obs",6083,2527,0,19
"17223","D_obs",6083,2528,0,28
"17224","D_obs",6083,2529,0,24
"17225","D_obs",6083,2530,0,30
"17226","D_obs",6083,2531,0,32
"17227","D_obs",6083,2532,0,30
"17228","D_obs",6083,2533,0,23
"17229","D_obs",6083,2534,0,33
"17230","D_obs",6083,2535,0,32
"17231","D_obs",6083,2536,0,25
"17232","D_obs",6083,2537,0,36
"17233","D_obs",6083,2538,0,24
"17234","D_obs",6083,2539,0,35
"17235","D_obs",6083,2540,0,41
"17236","D_obs",6083,2541,0,53
"17237","D_obs",6083,2542,0,35
"17238","D_obs",6083,2543,0,46
"17239","D_obs",6083,2544,0,45
"17240","D_obs",6083,2545,0,57
"17241","D_obs",6083,2546,0,51
"17242","D_obs",6083,2547,0,53
"17243","D_obs",6083,2548,0,40
"17244","D_obs",6083,2549,0,48
"17245","D_obs",6083,2550,0,51
"17246","D_obs",6083,2551,0,48
"17247","D_obs",6083,2552,0,55
"17248","D_obs",6083,2553,0,55
"17249","D_obs",6083,2554,0,66
"17250","D_obs",6083,2555,0,48
"17251","D_obs",6083,2556,0,65
"17252","D_obs",6083,2557,0,95
"17253","D_obs",6083,2558,0,49
"17254","D_obs",6083,2559,0,40
"17255","D_obs",6083,2560,0,52
"17256","D_obs",6083,2561,0,50
"17257","D_obs",6083,2562,0,49
"17258","D_obs",6083,2563,0,42
"17259","D_obs",6083,2564,0,35
"17260","D_obs",6083,2565,0,43
"17261","D_obs",6083,2566,0,44
"17262","D_obs",6083,2567,0,38
"17263","D_obs",6083,2568,0,28
"17264","D_obs",6083,2569,0,28
"17265","D_obs",6083,2570,0,21
"17266","D_obs",6083,2571,0,20
"17267","D_obs",6083,2572,0,24
"17268","D_obs",6083,2573,0,34
"17269","D_obs",6083,2574,0,20
"17270","D_obs",6083,2575,0,28
"17271","D_obs",6083,2576,0,26
"17272","D_obs",6083,2577,0,20
"17273","D_obs",6083,2578,0,21
"17274","D_obs",6083,2579,0,20
"17275","D_obs",6083,2580,0,23
"17276","D_obs",6083,2581,0,16
"17277","D_obs",6083,2582,0,32
"17278","D_obs",6083,2583,0,25
"17279","D_obs",6083,2584,0,26
"17280","D_obs",6083,2585,0,31
"17281","D_obs",6083,2586,0,23
"17282","D_obs",6083,2587,0,37
"17283","D_obs",6083,2588,0,19
"17284","D_obs",6083,2589,0,30
"17285","D_obs",6083,2590,0,36
"17286","D_obs",6083,2591,0,30
"17287","D_obs",6083,2592,0,28
"17288","D_obs",6083,2593,0,26
"17289","D_obs",6083,2594,0,28
"17290","D_obs",6083,2595,0,47
"17291","D_obs",6083,2596,0,38
"17292","D_obs",6083,2597,0,39
"17293","D_obs",6083,2598,0,40
"17294","D_obs",6083,2599,0,36
"17295","D_obs",6083,2600,0,42
"17296","D_obs",6083,2601,0,38
"17297","D_obs",6083,2602,0,29
"17298","D_obs",6083,2603,0,53
"17299","D_obs",6083,2604,0,61
"17300","D_obs",6083,2605,0,71
"17301","D_obs",6083,2606,0,78
"17302","D_obs",6083,2607,0,88
"17303","D_obs",6083,2608,0,67
"17304","D_obs",6083,2609,0,65
"17305","D_obs",6083,2610,0,70
"17306","D_obs",6083,2611,0,68
"17307","D_obs",6083,2612,0,59
"17308","D_obs",6083,2613,0,52
"17309","D_obs",6083,2614,0,45
"17310","D_obs",6083,2615,0,41
"17311","D_obs",6083,2616,0,48
"17312","D_obs",6083,2617,0,47
"17313","D_obs",6083,2618,0,37
"17314","D_obs",6083,2619,0,31
"17315","D_obs",6083,2620,0,42
"17316","D_obs",6083,2621,0,40
"17317","D_obs",6083,2622,0,45
"17318","D_obs",6083,2623,0,33
"17319","D_obs",6083,2624,0,29
"17320","D_obs",6083,2625,0,36
"17321","D_obs",6083,2626,0,27
"17322","D_obs",6083,2627,0,19
"17323","D_obs",6083,2628,0,20
"17324","D_obs",6083,2629,0,29
"17325","D_obs",6083,2630,0,29
"17326","D_obs",6083,2631,0,15
"17327","D_obs",6083,2632,0,14
"17328","D_obs",6083,2633,0,21
"17329","D_obs",6083,2634,0,17
"17330","D_obs",6083,2635,0,22
"17331","D_obs",6083,2636,0,29
"17332","D_obs",6083,2637,0,29
"17333","D_obs",6083,2638,0,36
"17334","D_obs",6083,2639,0,24
"17335","D_obs",6083,2640,0,31
"17336","D_obs",6083,2641,0,27
"17337","D_obs",6083,2642,0,31
"17338","D_obs",6083,2643,0,29
"17339","D_obs",6083,2644,0,35
"17340","D_obs",6083,2645,0,30
"17341","D_obs",6083,2646,0,32
"17342","D_obs",6083,2647,0,32
"17343","D_obs",6083,2648,0,39
"17344","D_obs",6083,2649,0,59
"17345","D_obs",6083,2650,0,35
"17346","D_obs",6083,2651,0,49
"17347","D_obs",6083,2652,0,40
"17348","D_obs",6083,2653,0,43
"17349","D_obs",6083,2654,0,48
"17350","D_obs",6083,2655,0,55
"17351","D_obs",6083,2656,0,49
"17352","D_obs",6083,2657,0,63
"17353","D_obs",6083,2658,0,57
"17354","D_obs",6083,2659,0,66
"17355","D_obs",6083,2660,0,56
"17356","D_obs",6083,2661,0,61
"17357","D_obs",6083,2662,0,60
"17358","D_obs",6083,2663,0,55
"17359","D_obs",6083,2664,0,41
"17360","D_obs",6083,2665,0,59
"17361","D_obs",6083,2666,0,53
"17362","D_obs",6083,2667,0,40
"17363","D_obs",6083,2668,0,42
"17364","D_obs",6083,2669,0,48
"17365","D_obs",6083,2670,0,33
"17366","D_obs",6083,2671,0,38
"17367","D_obs",6083,2672,0,34
"17368","D_obs",6083,2673,0,32
"17369","D_obs",6083,2674,0,33
"17370","D_obs",6083,2675,0,34
"17371","D_obs",6083,2676,0,22
"17372","D_obs",6083,2677,0,37
"17373","D_obs",6083,2678,0,22
"17374","D_obs",6083,2679,0,27
"17375","D_obs",6083,2680,0,27
"17376","D_obs",6083,2681,0,26
"17377","D_obs",6083,2682,0,25
"17378","D_obs",6083,2683,0,22
"17379","D_obs",6083,2684,0,20
"17380","D_obs",6083,2685,0,23
"17381","D_obs",6083,2686,0,30
"17382","D_obs",6083,2687,0,38
"17383","D_obs",6083,2688,0,24
"17384","D_obs",6083,2689,0,31
"17385","D_obs",6083,2690,0,25
"17386","D_obs",6083,2691,0,29
"17387","D_obs",6083,2692,0,21
"17388","D_obs",6083,2693,0,33
"17389","D_obs",6083,2694,0,24
"17390","D_obs",6083,2695,0,23
"17391","D_obs",6083,2696,0,26
"17392","D_obs",6083,2697,0,23
"17393","D_obs",6083,2698,0,40
"17394","D_obs",6083,2699,0,28
"17395","D_obs",6083,2700,0,31
"17396","D_obs",6083,2701,0,30
"17397","D_obs",6083,2702,0,19
"17398","D_obs",6083,2703,0,32
"17399","D_obs",6083,2704,0,24
"17400","D_obs",6083,2705,0,18
"17401","D_obs",6083,2706,0,23
"17402","D_obs",6083,2707,0,26
"17403","D_obs",6083,2708,0,26
"17404","D_obs",6083,2709,0,26
"17405","D_obs",6083,2710,0,16
"17406","D_obs",6083,2711,0,27
"17407","D_obs",6083,2712,0,22
"17408","D_obs",6083,2713,0,28
"17409","D_obs",6083,2714,0,32
"17410","D_obs",6083,2715,0,36
"17411","D_obs",6083,2716,0,36
"17412","D_obs",6083,2717,0,27
"17413","D_obs",6083,2718,0,23
"17414","D_obs",6083,2719,0,22
"17415","D_obs",6083,2720,0,26
"17416","D_obs",6083,2721,0,16
"17417","D_obs",6083,2722,0,28
"17418","D_obs",6083,2723,0,16
"17419","D_obs",6083,2724,0,21
"17420","D_obs",6083,2725,0,18
"17421","D_obs",6083,2726,0,19
"17422","D_obs",6083,2727,0,18
"17423","D_obs",6083,2728,0,17
"17424","D_obs",6083,2729,0,14
"17425","D_obs",6083,2730,0,16
"17426","D_obs",6083,2731,0,15
"17427","D_obs",6083,2732,0,7
"17428","D_obs",6083,2733,0,16
"17429","D_obs",6083,2734,0,10
"17430","D_obs",6083,2735,0,5
"17431","D_obs",6083,2736,0,9
"17432","D_obs",6083,2737,0,9
"17433","D_obs",6083,2738,0,10
"17434","D_obs",6083,2739,0,12
"17435","D_obs",6083,2740,0,13
"17436","D_obs",6083,2741,0,13
"17437","D_obs",6083,2742,0,12
"17438","D_obs",6083,2743,0,10
"17439","D_obs",6083,2744,0,9
"17440","D_obs",6083,2745,0,12
"17441","D_obs",6083,2746,0,7
"17442","D_obs",6083,2747,0,13
"17443","D_obs",6083,2748,0,9
"17444","D_obs",6083,2749,0,12
"17445","D_obs",6083,2750,0,13
"17446","D_obs",6083,2751,0,11
"17447","D_obs",6083,2752,0,18
"17448","D_obs",6083,2753,0,20
"17449","D_obs",6083,2754,0,9
"17450","D_obs",6083,2755,0,12
"17451","D_obs",6083,2756,0,12
"17452","D_obs",6083,2757,0,14
"17453","D_obs",6083,2758,0,15
"17454","D_obs",6083,2759,0,20
"17455","D_obs",6083,2760,0,16
"17456","D_obs",6083,2761,0,14
"17457","D_obs",6083,2762,0,21
"17458","D_obs",6083,2763,0,22
"17459","D_obs",6083,2764,0,18
"17460","D_obs",6083,2765,0,10
"17461","D_obs",6083,2766,0,15
"17462","D_obs",6083,2767,0,19
"17463","D_obs",6083,2768,0,11
"17464","D_obs",6083,2769,0,12
"17465","D_obs",6083,2770,0,12
"17466","D_obs",6083,2771,0,14
"17467","D_obs",6083,2772,0,10
"17468","D_obs",6083,2773,0,18
"17469","D_obs",6083,2774,0,9
"17470","D_obs",6083,2775,0,6
"17471","D_obs",6083,2776,0,13
"17472","D_obs",6083,2777,0,9
"17473","D_obs",6083,2778,0,11
"17474","D_obs",6083,2779,0,5
"17475","D_obs",6083,2780,0,7
"17476","D_obs",6083,2781,0,7
"17477","D_obs",6083,2782,0,14
"17478","D_obs",6083,2783,0,5
"17479","D_obs",6083,2784,0,6
"17480","D_obs",6083,2785,0,8
"17481","D_obs",6083,2786,0,6
"17482","D_obs",6083,2787,0,5
"17483","D_obs",6083,2788,0,10
"17484","D_obs",6083,2789,0,7
"17485","D_obs",6083,2790,0,8
"17486","D_obs",6083,2791,0,7
"17487","D_obs",6083,2792,0,6
"17488","D_obs",6083,2793,0,7
"17489","D_obs",6083,2794,0,6
"17490","D_obs",6083,2795,0,7
"17491","D_obs",6083,2796,0,11
"17492","D_obs",6083,2797,0,11
"17493","D_obs",6083,2798,0,9
"17494","D_obs",6083,2799,0,7
"17495","D_obs",6083,2800,0,6
"17496","D_obs",6083,2801,0,14
"17497","D_obs",6083,2802,0,10
"17498","D_obs",6083,2803,0,15
"17499","D_obs",6083,2804,0,9
"17500","D_obs",6083,2805,0,14
"17501","D_obs",6083,2806,0,10
"17502","D_obs",6083,2807,0,9
"17503","D_obs",6083,2808,0,17
"17504","D_obs",6083,2809,0,13
"17505","D_obs",6083,2810,0,11
"17506","D_obs",6083,2811,0,16
"17507","D_obs",6083,2812,0,19
"17508","D_obs",6083,2813,0,16
"17509","D_obs",6083,2814,0,23
"17510","D_obs",6083,2815,0,24
"17511","D_obs",6083,2816,0,24
"17512","D_obs",6083,2817,0,29
"17513","D_obs",6083,2818,0,25
"17514","D_obs",6083,2819,0,29
"17515","D_obs",6083,2820,0,33
"17516","D_obs",6083,2821,0,22
"17517","D_obs",6083,2822,0,19
"17518","D_obs",6083,2823,0,16
"17519","D_obs",6083,2824,0,17
"17520","D_obs",6083,2825,0,24
"17521","D_obs",6083,2826,0,25
"17522","D_obs",6083,2827,0,11
"17523","D_obs",6083,2828,0,17
"17524","D_obs",6083,2829,0,16
"17525","D_obs",6083,2830,0,14
"17526","D_obs",6083,2831,0,11
"17527","D_obs",6083,2832,0,15
"17528","D_obs",6083,2833,0,13
"17529","D_obs",6083,2834,0,17
"17530","D_obs",6083,2835,0,9
"17531","D_obs",6083,2836,0,13
"17532","D_obs",6083,2837,0,15
"17533","D_obs",6083,2838,0,14
"17534","D_obs",6083,2839,0,6
"17535","D_obs",6083,2840,0,7
"17536","D_obs",6083,2841,0,11
"17537","D_obs",6083,2842,0,17
"17538","D_obs",6083,2843,0,12
"17539","D_obs",6083,2844,0,19
"17540","D_obs",6083,2845,0,16
"17541","D_obs",6083,2846,0,11
"17542","D_obs",6083,2847,0,22
"17543","D_obs",6083,2848,0,15
"17544","D_obs",6083,2849,0,27
"17545","D_obs",6083,2850,0,8
"17546","D_obs",6083,2851,0,14
"17547","D_obs",6083,2852,0,13
"17548","D_obs",6083,2853,0,25
"17549","D_obs",6083,2854,0,23
"17550","D_obs",6083,2855,0,22
"17551","D_obs",6083,2856,0,20
"17552","D_obs",6083,2857,0,25
"17553","D_obs",6083,2858,0,21
"17554","D_obs",6083,2859,0,23
"17555","D_obs",6083,2860,0,36
"17556","D_obs",6083,2861,0,39
"17557","D_obs",6083,2862,0,53
"17558","D_obs",6083,2863,0,57
"17559","D_obs",6083,2864,0,38
"17560","D_obs",6083,2865,0,38
"17561","D_obs",6083,2866,0,48
"17562","D_obs",6083,2867,0,56
"17563","D_obs",6083,2868,0,58
"17564","D_obs",6083,2869,0,60
"17565","D_obs",6083,2870,0,69
"17566","D_obs",6083,2871,0,62
"17567","D_obs",6083,2872,0,41
"17568","D_obs",6083,2873,0,53
"17569","D_obs",6083,2874,0,53
"17570","D_obs",6083,2875,0,39
"17571","D_obs",6083,2876,0,38
"17572","D_obs",6083,2877,0,38
"17573","D_obs",6083,2878,0,40
"17574","D_obs",6083,2879,0,37
"17575","D_obs",6083,2880,0,25
"17576","D_obs",6083,2881,0,42
"17577","D_obs",6083,2882,0,29
"17578","D_obs",6083,2883,0,38
"17579","D_obs",6083,2884,0,36
"17580","D_obs",6083,2885,0,30
"17581","D_obs",6083,2886,0,32
"17582","D_obs",6083,2887,0,27
"17583","D_obs",6083,2888,0,29
"17584","D_obs",6083,2889,0,25
"17585","D_obs",6083,2890,0,24
"17586","D_obs",6083,2891,0,40
"17587","D_obs",6083,2892,0,20
"17588","D_obs",6083,2893,0,17
"17589","D_obs",6083,2894,0,21
"17590","D_obs",6083,2895,0,15
"17591","D_obs",6083,2896,0,23
"17592","D_obs",6083,2897,0,19
"17593","D_obs",6083,2898,0,13
"17594","D_obs",6083,2899,0,17
"17595","D_obs",6083,2900,0,19
"17596","D_obs",6083,2901,0,23
"17597","D_obs",6083,2902,0,19
"17598","D_obs",6083,2903,0,10
"17599","D_obs",6083,2904,0,19
"17600","D_obs",6083,2905,0,10
"17601","D_obs",6083,2906,0,18
"17602","D_obs",6083,2907,0,14
"17603","D_obs",6083,2908,0,23
"17604","D_obs",6083,2909,0,18
"17605","D_obs",6083,2910,0,17
"17606","D_obs",6083,2911,0,17
"17607","D_obs",6083,2912,0,21
"17608","D_obs",6083,2913,0,15
"17609","D_obs",6083,2914,0,19
"17610","D_obs",6083,2915,0,24
"17611","D_obs",6083,2916,0,20
"17612","D_obs",6083,2917,0,22
"17613","D_obs",6083,2918,0,24
"17614","D_obs",6083,2919,0,30
"17615","D_obs",6083,2920,0,33
"17616","D_obs",6083,2921,0,25
"17617","D_obs",6083,2922,0,24
"17618","D_obs",6083,2923,0,18
"17619","D_obs",6083,2924,0,31
"17620","D_obs",6083,2925,0,20
"17621","D_obs",6083,2926,0,24
"17622","D_obs",6083,2927,0,30
"17623","D_obs",6083,2928,0,17
"17624","D_obs",6083,2929,0,25
"17625","D_obs",6083,2930,0,20
"17626","D_obs",6083,2931,0,12
"17627","D_obs",6083,2932,0,17
"17628","D_obs",6083,2933,0,19
"17629","D_obs",6083,2934,0,20
"17630","D_obs",6083,2935,0,11
"17631","D_obs",6083,2936,0,12
"17632","D_obs",6083,2937,0,16
"17633","D_obs",6083,2938,0,14
"17634","D_obs",6083,2939,0,12
"17635","D_obs",6083,2940,0,16
"17636","D_obs",6083,2941,0,16
"17637","D_obs",6083,2942,0,6
"17638","D_obs",6083,2943,0,11
"17639","D_obs",6083,2944,0,15
"17640","D_obs",6083,2945,0,13
"17641","D_obs",6083,2946,0,10
"17642","D_obs",6083,2947,0,9
"17643","D_obs",6083,2948,0,15
"17644","D_obs",6083,2949,0,10
"17645","D_obs",6083,2950,0,7
"17646","D_obs",6083,2951,0,16
"17647","D_obs",6083,2952,0,4
"17648","D_obs",6083,2953,0,12
"17649","D_obs",6083,2954,0,11
"17650","D_obs",6083,2955,0,17
"17651","D_obs",6083,2956,0,10
"17652","D_obs",6083,2957,0,9
"17653","D_obs",6083,2958,0,9
"17654","D_obs",6083,2959,0,12
"17655","D_obs",6083,2960,0,6
"17656","D_obs",6083,2961,0,11
"17657","D_obs",6083,2962,0,16
"17658","D_obs",6083,2963,0,13
"17659","D_obs",6083,2964,0,16
"17660","D_obs",6083,2965,0,17
"17661","D_obs",6083,2966,0,18
"17662","D_obs",6083,2967,0,17
"17663","D_obs",6083,2968,0,25
"17664","D_obs",6083,2969,0,22
"17665","D_obs",6083,2970,0,20
"17666","D_obs",6083,2971,0,15
"17667","D_obs",6083,2972,0,25
"17668","D_obs",6083,2973,0,27
"17669","D_obs",6083,2974,0,20
"17670","D_obs",6083,2975,0,23
"17671","D_obs",6083,2976,0,24
"17672","D_obs",6083,2977,0,17
"17673","D_obs",6083,2978,0,19
"17674","D_obs",6083,2979,0,24
"17675","D_obs",6083,2980,0,12
"17676","D_obs",6083,2981,0,22
"17677","D_obs",6083,2982,0,14
"17678","D_obs",6083,2983,0,15
"17679","D_obs",6083,2984,0,13
"17680","D_obs",6083,2985,0,22
"17681","D_obs",6083,2986,0,10
"17682","D_obs",6083,2987,0,14
"17683","D_obs",6083,2988,0,19
"17684","D_obs",6083,2989,0,14
"17685","D_obs",6083,2990,0,13
"17686","D_obs",6083,2991,0,14
"17687","D_obs",6083,2992,0,12
"17688","D_obs",6083,2993,0,18
"17689","D_obs",6083,2994,0,11
"17690","D_obs",6083,2995,0,10
"17691","D_obs",6083,2996,0,8
"17692","D_obs",6083,2997,0,12
"17693","D_obs",6083,2998,0,13
"17694","D_obs",6083,2999,0,17
"17695","D_obs",6083,3000,0,15
"17696","D_obs",6083,3001,0,12
"17697","D_obs",6083,3002,0,17
"17698","D_obs",6083,3003,0,15
"17699","D_obs",6083,3004,0,14
"17700","D_obs",6083,3005,0,11
"17701","D_obs",6083,3006,0,11
"17702","D_obs",6083,3007,0,15
"17703","D_obs",6083,3008,0,7
"17704","D_obs",6083,3009,0,13
"17705","D_obs",6083,3010,0,20
"17706","D_obs",6083,3011,0,12
"17707","D_obs",6083,3012,0,13
"17708","D_obs",6083,3013,0,19
"17709","D_obs",6083,3014,0,17
"17710","D_obs",6083,3015,0,27
"17711","D_obs",6083,3016,0,16
"17712","D_obs",6083,3017,0,24
"17713","D_obs",6083,3018,0,18
"17714","D_obs",6083,3019,0,18
"17715","D_obs",6083,3020,0,14
"17716","D_obs",6083,3021,0,16
"17717","D_obs",6083,3022,0,20
"17718","D_obs",6083,3023,0,20
"17719","D_obs",6083,3024,0,20
"17720","D_obs",6083,3025,0,29
"17721","D_obs",6083,3026,0,16
"17722","D_obs",6083,3027,0,23
"17723","D_obs",6083,3028,0,15
"17724","D_obs",6083,3029,0,26
"17725","D_obs",6083,3030,0,27
"17726","D_obs",6083,3031,0,23
"17727","D_obs",6083,3032,0,30
"17728","D_obs",6083,3033,0,14
"17729","D_obs",6083,3034,0,14
"17730","D_obs",6083,3035,0,19
"17731","D_obs",6083,3036,0,16
"17732","D_obs",6083,3037,0,24
"17733","D_obs",6083,3038,0,13
"17734","D_obs",6083,3039,0,11
"17735","D_obs",6083,3040,0,22
"17736","D_obs",6083,3041,0,9
"17737","D_obs",6083,3042,0,13
"17738","D_obs",6083,3043,0,11
"17739","D_obs",6083,3044,0,13
"17740","D_obs",6083,3045,0,10
"17741","D_obs",6083,3046,0,5
"17742","D_obs",6083,3047,0,12
"17743","D_obs",6083,3048,0,9
"17744","D_obs",6083,3049,0,11
"17745","D_obs",6083,3050,0,11
"17746","D_obs",6083,3051,0,6
"17747","D_obs",6083,3052,0,10
"17748","D_obs",6083,3053,0,9
"17749","D_obs",6083,3054,0,6
"17750","D_obs",6083,3055,0,10
"17751","D_obs",6083,3056,0,10
"17752","D_obs",6083,3057,0,7
"17753","D_obs",6083,3058,0,7
"17754","D_obs",6083,3059,0,15
"17755","D_obs",6083,3060,0,8
"17756","D_obs",6083,3061,0,12
"17757","D_obs",6083,3062,0,10
"17758","D_obs",6083,3063,0,7
"17759","D_obs",6083,3064,0,10
"17760","D_obs",6083,3065,0,10
"17761","D_obs",6083,3066,0,5
"17762","D_obs",6083,3067,0,6
"17763","D_obs",6083,3068,0,13
"17764","D_obs",6083,3069,0,11
"17765","D_obs",6083,3070,0,5
"17766","D_obs",6083,3071,0,15
"17767","D_obs",6083,3072,0,15
"17768","D_obs",6083,3073,0,10
"17769","D_obs",6083,3074,0,13
"17770","D_obs",6083,3075,0,10
"17771","D_obs",6083,3076,0,13
"17772","D_obs",6083,3077,0,10
"17773","D_obs",6083,3078,0,9
"17774","D_obs",6083,3079,0,13
"17775","D_obs",6083,3080,0,8
"17776","D_obs",6083,3081,0,13
"17777","D_obs",6083,3082,0,15
"17778","D_obs",6083,3083,0,19
"17779","D_obs",6083,3084,0,20
"17780","D_obs",6083,3085,0,8
"17781","D_obs",6083,3086,0,17
"17782","D_obs",6083,3087,0,14
"17783","D_obs",6083,3088,0,17
"17784","D_obs",6083,3089,0,9
"17785","D_obs",6083,3090,0,13
"17786","D_obs",6083,3091,0,9
"17787","D_obs",6083,3092,0,14
"17788","D_obs",6083,3093,0,14
"17789","D_obs",6083,3094,0,11
"17790","D_obs",6083,3095,0,16
"17791","D_obs",6083,3096,0,10
"17792","D_obs",6083,3097,0,4
"17793","D_obs",6083,3098,0,12
"17794","D_obs",6083,3099,0,13
"17795","D_obs",6083,3100,0,17
"17796","D_obs",6083,3101,0,19
"17797","D_obs",6083,3102,0,14
"17798","D_obs",6083,3103,0,17
"17799","D_obs",6083,3104,0,19
"17800","D_obs",6083,3105,0,20
"17801","D_obs",6083,3106,0,25
"17802","D_obs",6083,3107,0,13
"17803","D_obs",6083,3108,0,23
"17804","D_obs",6083,3109,0,12
"17805","D_obs",6083,3110,0,21
"17806","D_obs",6083,3111,0,29
"17807","D_obs",6083,3112,0,28
"17808","D_obs",6083,3113,0,21
"17809","D_obs",6083,3114,0,21
"17810","D_obs",6083,3115,0,23
"17811","D_obs",6083,3116,0,20
"17812","D_obs",6083,3117,0,24
"17813","D_obs",6083,3118,0,33
"17814","D_obs",6083,3119,0,21
"17815","D_obs",6083,3120,0,33
"17816","D_obs",6083,3121,0,28
"17817","D_obs",6083,3122,0,38
"17818","D_obs",6083,3123,0,34
"17819","D_obs",6083,3124,0,31
"17820","D_obs",6083,3125,0,27
"17821","D_obs",6083,3126,0,32
"17822","D_obs",6083,3127,0,33
"17823","D_obs",6083,3128,0,24
"17824","D_obs",6083,3129,0,28
"17825","D_obs",6083,3130,0,39
"17826","D_obs",6083,3131,0,36
"17827","D_obs",6083,3132,0,32
"17828","D_obs",6083,3133,0,32
"17829","D_obs",6083,3134,0,29
"17830","D_obs",6083,3135,0,31
"17831","D_obs",6083,3136,0,23
"17832","D_obs",6083,3137,0,35
"17833","D_obs",6083,3138,0,25
"17834","D_obs",6083,3139,0,22
"17835","D_obs",6083,3140,0,32
"17836","D_obs",6083,3141,0,35
"17837","D_obs",6083,3142,0,26
"17838","D_obs",6083,3143,0,35
"17839","D_obs",6083,3144,0,30
"17840","D_obs",6083,3145,0,19
"17841","D_obs",6083,3146,0,26
"17842","D_obs",6083,3147,0,19
"17843","D_obs",6083,3148,0,21
"17844","D_obs",6083,3149,0,15
"17845","D_obs",6083,3150,0,30
"17846","D_obs",6083,3151,0,17
"17847","D_obs",6083,3152,0,30
"17848","D_obs",6083,3153,0,19
"17849","D_obs",6083,3154,0,18
"17850","D_obs",6083,3155,0,24
"17851","D_obs",6083,3156,0,28
"17852","D_obs",6083,3157,0,21
"17853","D_obs",6083,3158,0,15
"17854","D_obs",6083,3159,0,26
"17855","D_obs",6083,3160,0,29
"17856","D_obs",6083,3161,0,27
"17857","D_obs",6083,3162,0,24
"17858","D_obs",6083,3163,0,38
"17859","D_obs",6083,3164,0,29
"17860","D_obs",6083,3165,0,38
"17861","D_obs",6083,3166,0,35
"17862","D_obs",6083,3167,0,34
"17863","D_obs",6083,3168,0,36
"17864","D_obs",6083,3169,0,32
"17865","D_obs",6083,3170,0,44
"17866","D_obs",6083,3171,0,26
"17867","D_obs",6083,3172,0,48
"17868","D_obs",6083,3173,0,33
"17869","D_obs",6083,3174,0,30
"17870","D_obs",6083,3175,0,36
"17871","D_obs",6083,3176,0,25
"17872","D_obs",6083,3177,0,34
"17873","D_obs",6083,3178,0,41
"17874","D_obs",6083,3179,0,39
"17875","D_obs",6083,3180,0,34
"17876","D_obs",6083,3181,0,40
"17877","D_obs",6083,3182,0,33
"17878","D_obs",6083,3183,0,43
"17879","D_obs",6083,3184,0,47
"17880","D_obs",6083,3185,0,37
"17881","D_obs",6083,3186,0,42
"17882","D_obs",6083,3187,0,34
"17883","D_obs",6083,3188,0,30
"17884","D_obs",6083,3189,0,29
"17885","D_obs",6083,3190,0,32
"17886","D_obs",6083,3191,0,27
"17887","D_obs",6083,3192,0,35
"17888","D_obs",6083,3193,0,26
"17889","D_obs",6083,3194,0,25
"17890","D_obs",6083,3195,0,9
"17891","D_obs",6083,3196,0,22
"17892","D_obs",6083,3197,0,23
"17893","D_obs",6083,3198,0,24
"17894","D_obs",6083,3199,0,20
"17895","D_obs",6083,3200,0,20
"17896","D_obs",6083,3201,0,17
"17897","D_obs",6083,3202,0,19
"17898","D_obs",6083,3203,0,13
"17899","D_obs",6083,3204,0,23
"17900","D_obs",6083,3205,0,20
"17901","D_obs",6083,3206,0,29
"17902","D_obs",6083,3207,0,30
"17903","D_obs",6083,3208,0,25
"17904","D_obs",6083,3209,0,30
"17905","D_obs",6083,3210,0,25
"17906","D_obs",6083,3211,0,20
"17907","D_obs",6083,3212,0,20
"17908","D_obs",6083,3213,0,14
"17909","D_obs",6083,3214,0,17
"17910","D_obs",6083,3215,0,19
"17911","D_obs",6083,3216,0,18
"17912","D_obs",6083,3217,0,19
"17913","D_obs",6083,3218,0,17
"17914","D_obs",6083,3219,0,16
"17915","D_obs",6083,3220,0,24
"17916","D_obs",6083,3221,0,29
"17917","D_obs",6083,3222,0,18
"17918","D_obs",6083,3223,0,19
"17919","D_obs",6083,3224,0,14
"17920","D_obs",6083,3225,0,17
"17921","D_obs",6083,3226,0,13
"17922","D_obs",6083,3227,0,13
"17923","D_obs",6083,3228,0,15
"17924","D_obs",6083,3229,0,15
"17925","D_obs",6083,3230,0,18
"17926","D_obs",6083,3231,0,9
"17927","D_obs",6083,3232,0,12
"17928","D_obs",6083,3233,0,18
"17929","D_obs",6083,3234,0,17
"17930","D_obs",6083,3235,0,10
"17931","D_obs",6083,3236,0,9
"17932","D_obs",6083,3237,0,8
"17933","D_obs",6083,3238,0,14
"17934","D_obs",6083,3239,0,19
"17935","D_obs",6083,3240,0,18
"17936","D_obs",6083,3241,0,13
"17937","D_obs",6083,3242,0,14
"17938","D_obs",6083,3243,0,14
"17939","D_obs",6083,3244,0,14
"17940","D_obs",6083,3245,0,12
"17941","D_obs",6083,3246,0,9
"17942","D_obs",6083,3247,0,7
"17943","D_obs",6083,3248,0,11
"17944","D_obs",6083,3249,0,15
"17945","D_obs",6083,3250,0,18
"17946","D_obs",6083,3251,0,10
"17947","D_obs",6083,3252,0,7
"17948","D_obs",6083,3253,0,6
"17949","D_obs",6083,3254,0,4
"17950","D_obs",6083,3255,0,15
"17951","D_obs",6083,3256,0,13
"17952","D_obs",6083,3257,0,11
"17953","D_obs",6083,3258,0,15
"17954","D_obs",6083,3259,0,9
"17955","D_obs",6083,3260,0,9
"17956","D_obs",6083,3261,0,13
"17957","D_obs",6083,3262,0,11
"17958","D_obs",6083,3263,0,13
"17959","D_obs",6083,3264,0,10
"17960","D_obs",6083,3265,0,17
"17961","D_obs",6083,3266,0,17
"17962","D_obs",6083,3267,0,12
"17963","D_obs",6083,3268,0,11
"17964","D_obs",6083,3269,0,18
"17965","D_obs",6083,3270,0,12
"17966","D_obs",6083,3271,0,20
"17967","D_obs",6083,3272,0,23
"17968","D_obs",6083,3273,0,14
"17969","D_obs",6083,3274,0,24
"17970","D_obs",6083,3275,0,15
"17971","D_obs",6083,3276,0,21
"17972","D_obs",6083,3277,0,27
"17973","D_obs",6083,3278,0,21
"17974","D_obs",6083,3279,0,20
"17975","D_obs",6083,3280,0,19
"17976","D_obs",6083,3281,0,13
"17977","D_obs",6083,3282,0,24
"17978","D_obs",6083,3283,0,22
"17979","D_obs",6083,3284,0,25
"17980","D_obs",6083,3285,0,23
"17981","D_obs",6083,3286,0,19
"17982","D_obs",6083,3287,0,23
"17983","D_obs",6083,3288,0,19
"17984","D_obs",6083,3289,0,14
"17985","D_obs",6083,3290,0,27
"17986","D_obs",6083,3291,0,17
"17987","D_obs",6083,3292,0,19
"17988","D_obs",6083,3293,0,19
"17989","D_obs",6083,3294,0,25
"17990","D_obs",6083,3295,0,17
"17991","D_obs",6083,3296,0,11
"17992","D_obs",6083,3297,0,22
"17993","D_obs",6083,3298,0,25
"17994","D_obs",6083,3299,0,26
"17995","D_obs",6083,3300,0,19
"17996","D_obs",6083,3301,0,19
"17997","D_obs",6083,3302,0,23
"17998","D_obs",6083,3303,0,13
"17999","D_obs",6083,3304,0,20
"18000","D_obs",6083,3305,0,15
"18001","D_obs",6083,3306,0,21
"18002","D_obs",6083,3307,0,16
"18003","D_obs",6083,3308,0,17
"18004","D_obs",6083,3309,0,27
"18005","D_obs",6083,3310,0,10
"18006","D_obs",6083,3311,0,11
"18007","D_obs",6083,3312,0,13
"18008","D_obs",6083,3313,0,10
"18009","D_obs",6083,3314,0,11
"18010","D_obs",6083,3315,0,16
"18011","D_obs",6083,3316,0,12
"18012","D_obs",6083,3317,0,19
"18013","D_obs",6083,3318,0,13
"18014","D_obs",6083,3319,0,22
"18015","D_obs",6083,3320,0,18
"18016","D_obs",6083,3321,0,15
"18017","D_obs",6083,3322,0,15
"18018","D_obs",6083,3323,0,11
"18019","D_obs",6083,3324,0,20
"18020","D_obs",6083,3325,0,17
"18021","D_obs",6083,3326,0,24
"18022","D_obs",6083,3327,0,15
"18023","D_obs",6083,3328,0,23
"18024","D_obs",6083,3329,0,15
"18025","D_obs",6083,3330,0,16
"18026","D_obs",6083,3331,0,16
"18027","D_obs",6083,3332,0,18
"18028","D_obs",6083,3333,0,11
"18029","D_obs",6083,3334,0,17
"18030","D_obs",6083,3335,0,27
"18031","D_obs",6083,3336,0,24
"18032","D_obs",6083,3337,0,16
"18033","D_obs",6083,3338,0,15
"18034","D_obs",6083,3339,0,11
"18035","D_obs",6083,3340,0,18
"18036","D_obs",6083,3341,0,21
"18037","D_obs",6083,3342,0,20
"18038","D_obs",6083,3343,0,19
"18039","D_obs",6083,3344,0,26
"18040","D_obs",6083,3345,0,16
"18041","D_obs",6083,3346,0,19
"18042","D_obs",6083,3347,0,12
"18043","D_obs",6083,3348,0,19
"18044","D_obs",6083,3349,0,21
"18045","D_obs",6083,3350,0,15
"18046","D_obs",6083,3351,0,14
"18047","D_obs",6083,3352,0,13
"18048","D_obs",6083,3353,0,14
"18049","D_obs",6083,3354,0,17
"18050","D_obs",6083,3355,0,11
"18051","D_obs",6083,3356,0,10
"18052","D_obs",6083,3357,0,8
"18053","D_obs",6083,3358,0,13
"18054","D_obs",6083,3359,0,7
"18055","D_obs",6083,3360,0,13
"18056","D_obs",6083,3361,0,10
"18057","D_obs",6083,3362,0,15
"18058","D_obs",6083,3363,0,8
"18059","D_obs",6083,3364,0,9
"18060","D_obs",6083,3365,0,13
"18061","D_obs",6083,3366,0,10
"18062","D_obs",6083,3367,0,17
"18063","D_obs",6083,3368,0,9
"18064","D_obs",6083,3369,0,9
"18065","D_obs",6083,3370,0,15
"18066","D_obs",6083,3371,0,14
"18067","D_obs",6083,3372,0,10
"18068","D_obs",6083,3373,0,14
"18069","D_obs",6083,3374,0,11
"18070","D_obs",6083,3375,0,18
"18071","D_obs",6083,3376,0,13
"18072","D_obs",6083,3377,0,20
"18073","D_obs",6083,3378,0,18
"18074","D_obs",6083,3379,0,12
"18075","D_obs",6083,3380,0,16
"18076","D_obs",6083,3381,0,18
"18077","D_obs",6083,3382,0,15
"18078","D_obs",6083,3383,0,11
"18079","D_obs",6083,3384,0,10
"18080","D_obs",6083,3385,0,26
"18081","D_obs",6083,3386,0,19
"18082","D_obs",6083,3387,0,19
"18083","D_obs",6083,3388,0,20
"18084","D_obs",6083,3389,0,18
"18085","D_obs",6083,3390,0,16
"18086","D_obs",6083,3391,0,22
"18087","D_obs",6083,3392,0,20
"18088","D_obs",6083,3393,0,20
"18089","D_obs",6083,3394,0,27
"18090","D_obs",6083,3395,0,27
"18091","D_obs",6083,3396,0,21
"18092","D_obs",6083,3397,0,18
"18093","D_obs",6083,3398,0,19
"18094","D_obs",6083,3399,0,9
"18095","D_obs",6083,3400,0,11
"18096","D_obs",6083,3401,0,19
"18097","D_obs",6083,3402,0,15
"18098","D_obs",6083,3403,0,17
"18099","D_obs",6083,3404,0,17
"18100","D_obs",6083,3405,0,12
"18101","D_obs",6083,3406,0,19
"18102","D_obs",6083,3407,0,9
"18103","D_obs",6083,3408,0,11
"18104","D_obs",6083,3409,0,8
"18105","D_obs",6083,3410,0,8
"18106","D_obs",6083,3411,0,10
"18107","D_obs",6083,3412,0,15
"18108","D_obs",6083,3413,0,22
"18109","D_obs",6083,3414,0,19
"18110","D_obs",6083,3415,0,12
"18111","D_obs",6083,3416,0,10
"18112","D_obs",6083,3417,0,13
"18113","D_obs",6083,3418,0,10
"18114","D_obs",6083,3419,0,11
"18115","D_obs",6083,3420,0,16
"18116","D_obs",6083,3421,0,6
"18117","D_obs",6083,3422,0,17
"18118","D_obs",6083,3423,0,10
"18119","D_obs",6083,3424,0,10
"18120","D_obs",6083,3425,0,8
"18121","D_obs",6083,3426,0,12
"18122","D_obs",6083,3427,0,8
"18123","D_obs",6083,3428,0,8
"18124","D_obs",6083,3429,0,8
"18125","D_obs",6083,3430,0,7
"18126","D_obs",6083,3431,0,8
"18127","D_obs",6083,3432,0,10
"18128","D_obs",6083,3433,0,17
"18129","D_obs",6083,3434,0,7
"18130","D_obs",6083,3435,0,5
"18131","D_obs",6083,3436,0,8
"18132","D_obs",6083,3437,0,3
"18133","D_obs",6083,3438,0,9
"18134","D_obs",6083,3439,0,10
"18135","D_obs",6083,3440,0,7
"18136","D_obs",6083,3441,0,7
"18137","D_obs",6083,3442,0,14
"18138","D_obs",6083,3443,0,10
"18139","D_obs",6083,3444,0,13
"18140","D_obs",6083,3445,0,17
"18141","D_obs",6083,3446,0,12
"18142","D_obs",6083,3447,0,7
"18143","D_obs",6083,3448,0,9
"18144","D_obs",6083,3449,0,11
"18145","D_obs",6083,3450,0,6
"18146","D_obs",6083,3451,0,14
"18147","D_obs",6083,3452,0,12
"18148","D_obs",6083,3453,0,11
"18149","D_obs",6083,3454,0,8
"18150","D_obs",6083,3455,0,8
"18151","D_obs",6083,3456,0,12
"18152","D_obs",6083,3457,0,8
"18153","D_obs",6083,3458,0,7
"18154","D_obs",6083,3459,0,4
"18155","D_obs",6083,3460,0,7
"18156","D_obs",6083,3461,0,7
"18157","D_obs",6083,3462,0,9
"18158","D_obs",6083,3463,0,7
"18159","D_obs",6083,3464,0,4
"18160","D_obs",6083,3465,0,4
"18161","D_obs",6083,3466,0,8
"18162","D_obs",6083,3467,0,6
"18163","D_obs",6083,3468,0,7
"18164","D_obs",6083,3469,0,6
"18165","D_obs",6083,3470,0,10
"18166","D_obs",6083,3471,0,2
"18167","D_obs",6083,3472,0,9
"18168","D_obs",6083,3473,0,5
"18169","D_obs",6083,3474,0,4
"18170","D_obs",6083,3475,0,5
"18171","D_obs",6083,3476,0,7
"18172","D_obs",6083,3477,0,4
"18173","D_obs",6083,3478,0,11
"18174","D_obs",6083,3479,0,12
"18175","D_obs",6083,3480,0,4
"18176","D_obs",6083,3481,0,8
"18177","D_obs",6083,3482,0,5
"18178","D_obs",6083,3483,0,6
"18179","D_obs",6083,3484,0,8
"18180","D_obs",6083,3485,0,8
"18181","D_obs",6083,3486,0,7
"18182","D_obs",6083,3487,0,5
"18183","D_obs",6083,3488,0,5
"18184","D_obs",6083,3489,0,2
"18185","D_obs",6083,3490,0,8
"18186","D_obs",6083,3491,0,9
"18187","D_obs",6083,3492,0,7
"18188","D_obs",6083,3493,0,9
"18189","D_obs",6083,3494,0,6
"18190","D_obs",6083,3495,0,14
"18191","D_obs",6083,3496,0,7
"18192","D_obs",6083,3497,0,14
"18193","D_obs",6083,3498,0,6
"18194","D_obs",6083,3499,0,13
"18195","D_obs",6083,3500,0,8
"18196","D_obs",6083,3501,0,15
"18197","D_obs",6083,3502,0,9
"18198","D_obs",6083,3503,0,11
"18199","D_obs",6083,3504,0,12
"18200","D_obs",6083,3505,0,6
"18201","D_obs",6083,3506,0,7
"18202","D_obs",6083,3507,0,6
"18203","D_obs",6083,3508,0,6
"18204","D_obs",6083,3509,0,10
"18205","D_obs",6083,3510,0,7
"18206","D_obs",6083,3511,0,5
"18207","D_obs",6083,3512,0,4
"18208","D_obs",6083,3513,0,9
"18209","D_obs",6083,3514,0,8
"18210","D_obs",6083,3515,0,6
"18211","D_obs",6083,3516,0,3
"18212","D_obs",6083,3517,0,7
"18213","D_obs",6083,3518,0,7
"18214","D_obs",6083,3519,0,8
"18215","D_obs",6083,3520,0,5
"18216","D_obs",6083,3521,0,11
"18217","D_obs",6083,3522,0,4
"18218","D_obs",6083,3523,0,4
"18219","D_obs",6083,3524,0,6
"18220","D_obs",6083,3525,0,8
"18221","D_obs",6083,3526,0,7
"18222","D_obs",6083,3527,0,11
"18223","D_obs",6083,3528,0,5
"18224","D_obs",6083,3529,0,9
"18225","D_obs",6083,3530,0,12
"18226","D_obs",6083,3531,0,10
"18227","D_obs",6083,3532,0,4
"18228","D_obs",6083,3533,0,5
"18229","D_obs",6083,3534,0,6
"18230","D_obs",6083,3535,0,5
"18231","D_obs",6083,3536,0,6
"18232","D_obs",6083,3537,0,4
"18233","D_obs",6083,3538,0,10
"18234","D_obs",6083,3539,0,5
"18235","D_obs",6083,3540,0,4
"18236","D_obs",6083,3541,0,3
"18237","D_obs",6083,3542,0,3
"18238","D_obs",6083,3543,0,5
"18239","D_obs",6083,3544,0,14
"18240","D_obs",6083,3545,0,7
"18241","D_obs",6083,3546,0,8
"18242","D_obs",6083,3547,0,10
"18243","D_obs",6083,3548,0,8
"18244","D_obs",6083,3549,0,8
"18245","D_obs",6083,3550,0,8
"18246","D_obs",6083,3551,0,11
"18247","D_obs",6083,3552,0,6
"18248","D_obs",6083,3553,0,11
"18249","D_obs",6083,3554,0,8
"18250","D_obs",6083,3555,0,4
"18251","D_obs",6083,3556,0,7
"18252","D_obs",6083,3557,0,9
"18253","D_obs",6083,3558,0,9
"18254","D_obs",6083,3559,0,9
"18255","D_obs",6083,3560,0,8
"18256","D_obs",6083,3561,0,8
"18257","D_obs",6083,3562,0,4
"18258","D_obs",6083,3563,0,5
"18259","D_obs",6083,3564,0,5
"18260","D_obs",6083,3565,0,4
"18261","D_obs",6083,3566,0,6
"18262","D_obs",6083,3567,0,10
"18263","D_obs",6083,3568,0,6
"18264","D_obs",6083,3569,0,8
"18265","D_obs",6083,3570,0,8
"18266","D_obs",6083,3571,0,8
"18267","D_obs",6083,3572,0,3
"18268","D_obs",6083,3573,0,6
"18269","D_obs",6083,3574,0,9
"18270","D_obs",6083,3575,0,17
"18271","D_obs",6083,3576,0,14
"18272","D_obs",6083,3577,0,18
"18273","D_obs",6083,3578,0,17
"18274","D_obs",6083,3579,0,17
"18275","D_obs",6083,3580,0,21
"18276","D_obs",6083,3581,0,13
"18277","D_obs",6083,3582,0,12
"18278","D_obs",6083,3583,0,8
"18279","D_obs",6083,3584,0,17
"18280","D_obs",6083,3585,0,10
"18281","D_obs",6083,3586,0,20
"18282","D_obs",6083,3587,0,15
"18283","D_obs",6083,3588,0,10
"18284","D_obs",6083,3589,0,16
"18285","D_obs",6083,3590,0,12
"18286","D_obs",6083,3591,0,13
"18287","D_obs",6083,3592,0,14
"18288","D_obs",6083,3593,0,13
"18289","D_obs",6083,3594,0,9
"18290","D_obs",6083,3595,0,13
"18291","D_obs",6083,3596,0,14
"18292","D_obs",6083,3597,0,22
"18293","D_obs",6083,3598,0,13
"18294","D_obs",6083,3599,0,9
"18295","D_obs",6083,3600,0,12
"18296","D_obs",6083,3601,0,10
"18297","D_obs",6083,3602,0,4
"18298","D_obs",6083,3603,0,12
"18299","D_obs",6083,3604,0,12
"18300","D_obs",6083,3605,0,10
"18301","D_obs",6083,3606,0,12
"18302","D_obs",6083,3607,0,15
"18303","D_obs",6083,3608,0,15
"18304","D_obs",6083,3609,0,18
"18305","D_obs",6083,3610,0,14
"18306","D_obs",6083,3611,0,12
"18307","D_obs",6083,3612,0,11
"18308","D_obs",6083,3613,0,12
"18309","D_obs",6083,3614,0,14
"18310","D_obs",6083,3615,0,21
"18311","D_obs",6083,3616,0,4
"18312","D_obs",6083,3617,0,10
"18313","D_obs",6083,3618,0,5
"18314","D_obs",6083,3619,0,10
"18315","D_obs",6083,3620,0,11
"18316","D_obs",6083,3621,0,12
"18317","D_obs",6083,3622,0,10
"18318","D_obs",6083,3623,0,10
"18319","D_obs",6083,3624,0,9
"18320","D_obs",6083,3625,0,10
"18321","D_obs",6083,3626,0,12
"18322","D_obs",6083,3627,0,13
"18323","D_obs",6083,3628,0,8
"18324","D_obs",6083,3629,0,8
"18325","D_obs",6083,3630,0,13
"18326","D_obs",6083,3631,0,14
"18327","D_obs",6083,3632,0,8
"18328","D_obs",6083,3633,0,12
"18329","D_obs",6083,3634,0,9
"18330","D_obs",6083,3635,0,13
"18331","D_obs",6083,3636,0,6
"18332","D_obs",6083,3637,0,13
"18333","D_obs",6083,3638,0,8
"18334","D_obs",6083,3639,0,9
"18335","D_obs",6083,3640,0,16
"18336","D_obs",6083,3641,0,11
"18337","D_obs",6083,3642,0,14
"18338","D_obs",6083,3643,0,11
"18339","D_obs",6083,3644,0,9
"18340","D_obs",6083,3645,0,14
"18341","D_obs",6083,3646,0,7
"18342","D_obs",6083,3647,0,8
"18343","D_obs",6083,3648,0,9
"18344","D_obs",6083,3649,0,6
"18345","D_obs",6083,3650,0,10
"18346","D_obs",6083,3651,0,14
"18347","D_obs",6083,3652,0,13
"18348","D_obs",6083,3653,0,8
"18349","D_obs",6083,3654,0,9
"18350","D_obs",6083,3655,0,8
"18351","D_obs",6083,3656,0,5
"18352","D_obs",6083,3657,0,7
"18353","D_obs",6083,3658,0,10
"18354","D_obs",6083,3659,0,11
"18355","D_obs",6083,3660,0,12
"18356","D_obs",6083,3661,0,12
"18357","D_obs",6083,3662,0,13
"18358","D_obs",6083,3663,0,7
"18359","D_obs",6083,3664,0,11
"18360","D_obs",6083,3665,0,6
"18361","D_obs",6083,3666,0,8
"18362","D_obs",6083,3667,0,8
"18363","D_obs",6083,3668,0,9
"18364","D_obs",6083,3669,0,6
"18365","D_obs",6083,3670,0,7
"18366","D_obs",6083,3671,0,7
"18367","D_obs",6083,3672,0,7
"18368","D_obs",6083,3673,0,5
"18369","D_obs",6083,3674,0,5
"18370","D_obs",6083,3675,0,3
"18371","D_obs",6083,3676,0,4
"18372","D_obs",6083,3677,0,7
"18373","D_obs",6083,3678,0,9
"18374","D_obs",6083,3679,0,10
"18375","D_obs",6083,3680,0,7
"18376","D_obs",6083,3681,0,11
"18377","D_obs",6083,3682,0,5
"18378","D_obs",6083,3683,0,4
"18379","D_obs",6083,3684,0,11
"18380","D_obs",6083,3685,0,3
"18381","D_obs",6083,3686,0,5
"18382","D_obs",6083,3687,0,3
"18383","D_obs",6083,3688,0,9
"18384","D_obs",6083,3689,0,9
"18385","D_obs",6083,3690,0,9
"18386","D_obs",6083,3691,0,7
"18387","D_obs",6083,3692,0,7
"18388","D_obs",6083,3693,0,8
"18389","D_obs",6083,3694,0,4
"18390","D_obs",6083,3695,0,12
"18391","D_obs",6083,3696,0,3
"18392","D_obs",6083,3697,0,10
"18393","D_obs",6083,3698,0,3
"18394","D_obs",6083,3699,0,8
"18395","D_obs",6083,3700,0,2
"18396","D_obs",6083,3701,0,10
"18397","D_obs",6083,3702,0,8
"18398","D_obs",6083,3703,0,7
"18399","D_obs",6083,3704,0,5
"18400","D_obs",6083,3705,0,13
"18401","D_obs",6083,3706,0,7
"18402","D_obs",6083,3707,0,4
"18403","D_obs",6083,3708,0,6
"18404","D_obs",6083,3709,0,9
"18405","D_obs",6083,3710,0,0
"18406","D_obs",6083,3711,0,5
"18407","D_obs",6083,3712,0,7
"18408","D_obs",6083,3713,0,9
"18409","D_obs",6083,3714,0,10
"18410","D_obs",6083,3715,0,10
"18411","D_obs",6083,3716,0,10
"18412","D_obs",6083,3717,0,9
"18413","D_obs",6083,3718,0,3
"18414","D_obs",6083,3719,0,4
"18415","D_obs",6083,3720,0,9
"18416","D_obs",6083,3721,0,5
"18417","D_obs",6083,3722,0,5
"18418","D_obs",6083,3723,0,6
"18419","D_obs",6083,3724,0,2
"18420","D_obs",6083,3725,0,4
"18421","D_obs",6083,3726,0,4
"18422","D_obs",6083,3727,0,8
"18423","D_obs",6083,3728,0,4
"18424","D_obs",6083,3729,0,9
"18425","D_obs",6083,3730,0,10
"18426","D_obs",6083,3731,0,3
"18427","D_obs",6083,3732,0,7
"18428","D_obs",6083,3733,0,5
"18429","D_obs",6083,3734,0,4
"18430","D_obs",6083,3735,0,7
"18431","D_obs",6083,3736,0,4
"18432","D_obs",6083,3737,0,10
"18433","D_obs",6083,3738,0,3
"18434","D_obs",6083,3739,0,7
"18435","D_obs",6083,3740,0,9
"18436","D_obs",6083,3741,0,8
"18437","D_obs",6083,3742,0,4
"18438","D_obs",6083,3743,0,7
"18439","D_obs",6083,3744,0,2
"18440","D_obs",6083,3745,0,10
"18441","D_obs",6083,3746,0,4
"18442","D_obs",6083,3747,0,9
"18443","D_obs",6083,3748,0,6
"18444","D_obs",6083,3749,0,2
"18445","D_obs",6083,3750,0,14
"18446","D_obs",6083,3751,0,3
"18447","D_obs",6083,3752,0,9
"18448","D_obs",6083,3753,0,4
"18449","D_obs",6083,3754,0,11
"18450","D_obs",6083,3755,0,6
"18451","D_obs",6083,3756,0,8
"18452","D_obs",6083,3757,0,13
"18453","D_obs",6083,3758,0,9
"18454","D_obs",6083,3759,0,8
"18455","D_obs",6083,3760,0,19
"18456","D_obs",6083,3761,0,5
"18457","D_obs",6083,3762,0,9
"18458","D_obs",6083,3763,0,6
"18459","D_obs",6083,3764,0,3
"18460","D_obs",6083,3765,0,15
"18461","D_obs",6083,3766,0,9
"18462","D_obs",6083,3767,0,14
"18463","D_obs",6083,3768,0,7
"18464","D_obs",6083,3769,0,9
"18465","D_obs",6083,3770,0,10
"18466","D_obs",6083,3771,0,9
"18467","D_obs",6083,3772,0,12
"18468","D_obs",6083,3773,0,10
"18469","D_obs",6083,3774,0,14
"18470","D_obs",6083,3775,0,11
"18471","D_obs",6083,3776,0,7
"18472","D_obs",6083,3777,0,18
"18473","D_obs",6083,3778,0,4
"18474","D_obs",6083,3779,0,10
"18475","D_obs",6083,3780,0,13
"18476","D_obs",6083,3781,0,13
"18477","D_obs",6083,3782,0,9
"18478","D_obs",6083,3783,0,5
"18479","D_obs",6083,3784,0,9
"18480","D_obs",6083,3785,0,11
"18481","D_obs",6083,3786,0,4
"18482","D_obs",6083,3787,0,9
"18483","D_obs",6083,3788,0,11
"18484","D_obs",6083,3789,0,6
"18485","D_obs",6083,3790,0,7
"18486","D_obs",6083,3791,0,12
"18487","D_obs",6083,3792,0,11
"18488","D_obs",6083,3793,0,7
"18489","D_obs",6083,3794,0,6
"18490","D_obs",6083,3795,0,8
"18491","D_obs",6083,3796,0,9
"18492","D_obs",6083,3797,0,16
"18493","D_obs",6083,3798,0,10
"18494","D_obs",6083,3799,0,10
"18495","D_obs",6083,3800,0,11
"18496","D_obs",6083,3801,0,7
"18497","D_obs",6083,3802,0,8
"18498","D_obs",6083,3803,0,6
"18499","D_obs",6083,3804,0,17
"18500","D_obs",6083,3805,0,7
"18501","D_obs",6083,3806,0,9
"18502","D_obs",6083,3807,0,16
"18503","D_obs",6083,3808,0,13
"18504","D_obs",6083,3809,0,17
"18505","D_obs",6083,3810,0,13
"18506","D_obs",6083,3811,0,8
"18507","D_obs",6083,3812,0,6
"18508","D_obs",6083,3813,0,18
"18509","D_obs",6083,3814,0,13
"18510","D_obs",6083,3815,0,20
"18511","D_obs",6083,3816,0,18
"18512","D_obs",6083,3817,0,12
"18513","D_obs",6083,3818,0,9
"18514","D_obs",6083,3819,0,17
"18515","D_obs",6083,3820,0,13
"18516","D_obs",6083,3821,0,10
"18517","D_obs",6083,3822,0,5
"18518","D_obs",6083,3823,0,11
"18519","D_obs",6083,3824,0,9
"18520","D_obs",6083,3825,0,10
"18521","D_obs",6083,3826,0,6
"18522","D_obs",6083,3827,0,12
"18523","D_obs",6083,3828,0,10
"18524","D_obs",6083,3829,0,9
"18525","D_obs",6083,3830,0,8
"18526","D_obs",6083,3831,0,8
"18527","D_obs",6083,3832,0,7
"18528","D_obs",6083,3833,0,19
"18529","D_obs",6083,3834,0,6
"18530","D_obs",6083,3835,0,17
"18531","D_obs",6083,3836,0,11
"18532","D_obs",6083,3837,0,10
"18533","D_obs",6083,3838,0,15
"18534","D_obs",6083,3839,0,12
"18535","D_obs",6083,3840,0,6
"18536","D_obs",6083,3841,0,15
"18537","D_obs",6083,3842,0,13
"18538","D_obs",6083,3843,0,5
"18539","D_obs",6083,3844,0,17
"18540","D_obs",6083,3845,0,6
"18541","D_obs",6083,3846,0,12
"18542","D_obs",6083,3847,0,6
"18543","D_obs",6083,3848,0,6
"18544","D_obs",6083,3849,0,10
"18545","D_obs",6083,3850,0,8
"18546","D_obs",6083,3851,0,9
"18547","D_obs",6083,3852,0,7
"18548","D_obs",6083,3853,0,6
"18549","D_obs",6083,3854,0,4
"18550","D_obs",6083,3855,0,7
"18551","D_obs",6083,3856,0,10
"18552","D_obs",6083,3857,0,12
"18553","D_obs",6083,3858,0,19
"18554","D_obs",6083,3859,0,9
"18555","D_obs",6083,3860,0,15
"18556","D_obs",6083,3861,0,11
"18557","D_obs",6083,3862,0,17
"18558","D_obs",6083,3863,0,5
"18559","D_obs",6083,3864,0,8
"18560","D_obs",6083,3865,0,12
"18561","D_obs",6083,3866,0,12
"18562","D_obs",6083,3867,0,15
"18563","D_obs",6083,3868,0,9
"18564","D_obs",6083,3869,0,8
"18565","D_obs",6083,3870,0,8
"18566","D_obs",6083,3871,0,9
"18567","D_obs",6083,3872,0,11
"18568","D_obs",6083,3873,0,11
"18569","D_obs",6083,3874,0,8
"18570","D_obs",6083,3875,0,6
"18571","D_obs",6083,3876,0,8
"18572","D_obs",6083,3877,0,8
"18573","D_obs",6083,3878,0,6
"18574","D_obs",6083,3879,0,7
"18575","D_obs",6083,3880,0,8
"18576","D_obs",6083,3881,0,6
"18577","D_obs",6083,3882,0,8
"18578","D_obs",6083,3883,0,13
"18579","D_obs",6083,3884,0,9
"18580","D_obs",6083,3885,0,9
"18581","D_obs",6083,3886,0,8
"18582","D_obs",6083,3887,0,8
"18583","D_obs",6083,3888,0,9
"18584","D_obs",6083,3889,0,12
"18585","D_obs",6083,3890,0,13
"18586","D_obs",6083,3891,0,13
"18587","D_obs",6083,3892,0,11
"18588","D_obs",6083,3893,0,13
"18589","D_obs",6083,3894,0,10
"18590","D_obs",6083,3895,0,13
"18591","D_obs",6083,3896,0,13
"18592","D_obs",6083,3897,0,11
"18593","D_obs",6083,3898,0,15
"18594","D_obs",6083,3899,0,19
"18595","D_obs",6083,3900,0,13
"18596","D_obs",6083,3901,0,16
"18597","D_obs",6083,3902,0,8
"18598","D_obs",6083,3903,0,7
"18599","D_obs",6083,3904,0,14
"18600","D_obs",6083,3905,0,13
"18601","D_obs",6083,3906,0,12
"18602","D_obs",6083,3907,0,13
"18603","D_obs",6083,3908,0,14
"18604","D_obs",6083,3909,0,18
"18605","D_obs",6083,3910,0,19
"18606","D_obs",6083,3911,0,25
"18607","D_obs",6083,3912,0,26
"18608","D_obs",6083,3913,0,22
"18609","D_obs",6083,3914,0,16
"18610","D_obs",6083,3915,0,9
"18611","D_obs",6083,3916,0,18
"18612","D_obs",6083,3917,0,13
"18613","D_obs",6083,3918,0,19
"18614","D_obs",6083,3919,0,13
"18615","D_obs",6083,3920,0,24
"18616","D_obs",6083,3921,0,10
"18617","D_obs",6083,3922,0,17
"18618","D_obs",6083,3923,0,11
"18619","D_obs",6083,3924,0,24
"18620","D_obs",6083,3925,0,19
"18621","D_obs",6083,3926,0,12
"18622","D_obs",6083,3927,0,16
"18623","D_obs",6083,3928,0,16
"18624","D_obs",6083,3929,0,11
"18625","D_obs",6083,3930,0,10
"18626","D_obs",6083,3931,0,10
"18627","D_obs",6083,3932,0,14
"18628","D_obs",6083,3933,0,11
"18629","D_obs",6083,3934,0,15
"18630","D_obs",6083,3935,0,6
"18631","D_obs",6083,3936,0,12
"18632","D_obs",6083,3937,0,15
"18633","D_obs",6083,3938,0,8
"18634","D_obs",6083,3939,0,12
"18635","D_obs",6083,3940,0,10
"18636","D_obs",6083,3941,0,7
"18637","D_obs",6083,3942,0,8
"18638","D_obs",6083,3943,0,10
"18639","D_obs",6083,3944,0,10
"18640","D_obs",6083,3945,0,10
"18641","D_obs",6083,3946,0,7
"18642","D_obs",6083,3947,0,7
"18643","D_obs",6083,3948,0,9
"18644","D_obs",6083,3949,0,4
"18645","D_obs",6083,3950,0,6
"18646","D_obs",6083,3951,0,10
"18647","D_obs",6083,3952,0,10
"18648","D_obs",6083,3953,0,9
"18649","D_obs",6083,3954,0,9
"18650","D_obs",6083,3955,0,6
"18651","D_obs",6083,3956,0,13
"18652","D_obs",6083,3957,0,11
"18653","D_obs",6083,3958,0,6
"18654","D_obs",6083,3959,0,8
"18655","D_obs",6083,3960,0,3
"18656","D_obs",6083,3961,0,11
"18657","D_obs",6083,3962,0,12
"18658","D_obs",6083,3963,0,4
"18659","D_obs",6083,3964,0,6
"18660","D_obs",6083,3965,0,13
"18661","D_obs",6083,3966,0,10
"18662","D_obs",6083,3967,0,11
"18663","D_obs",6083,3968,0,8
"18664","D_obs",6083,3969,0,9
"18665","D_obs",6083,3970,0,14
"18666","D_obs",6083,3971,0,10
"18667","D_obs",6083,3972,0,14
"18668","D_obs",6083,3973,0,6
"18669","D_obs",6083,3974,0,7
"18670","D_obs",6083,3975,0,4
"18671","D_obs",6083,3976,0,11
"18672","D_obs",6083,3977,0,11
"18673","D_obs",6083,3978,0,7
"18674","D_obs",6083,3979,0,11
"18675","D_obs",6083,3980,0,9
"18676","D_obs",6083,3981,0,8
"18677","D_obs",6083,3982,0,8
"18678","D_obs",6083,3983,0,7
"18679","D_obs",6083,3984,0,9
"18680","D_obs",6083,3985,0,7
"18681","D_obs",6083,3986,0,9
"18682","D_obs",6083,3987,0,8
"18683","D_obs",6083,3988,0,11
"18684","D_obs",6083,3989,0,9
"18685","D_obs",6083,3990,0,8
"18686","D_obs",6083,3991,0,10
"18687","D_obs",6083,3992,0,10
"18688","D_obs",6083,3993,0,12
"18689","D_obs",6083,3994,0,6
"18690","D_obs",6083,3995,0,6
"18691","D_obs",6083,3996,0,8
"18692","D_obs",6083,3997,0,10
"18693","D_obs",6083,3998,0,10
"18694","D_obs",6083,3999,0,7
"18695","D_obs",6083,4000,0,3
"18696","D_obs",6083,4001,0,9
"18697","D_obs",6083,4002,0,6
"18698","D_obs",6083,4003,0,8
"18699","D_obs",6083,4004,0,4
"18700","D_obs",6083,4005,0,4
"18701","D_obs",6083,4006,0,9
"18702","D_obs",6083,4007,0,7
"18703","D_obs",6083,4008,0,6
"18704","D_obs",6083,4009,0,2
"18705","D_obs",6083,4010,0,5
"18706","D_obs",6083,4011,0,3
"18707","D_obs",6083,4012,0,8
"18708","D_obs",6083,4013,0,10
"18709","D_obs",6083,4014,0,10
"18710","D_obs",6083,4015,0,10
"18711","D_obs",6083,4016,0,3
"18712","D_obs",6083,4017,0,5
"18713","D_obs",6083,4018,0,6
"18714","D_obs",6083,4019,0,8
"18715","D_obs",6083,4020,0,3
"18716","D_obs",6083,4021,0,7
"18717","D_obs",6083,4022,0,11
"18718","D_obs",6083,4023,0,4
"18719","D_obs",6083,4024,0,5
"18720","D_obs",6083,4025,0,6
"18721","D_obs",6083,4026,0,8
"18722","D_obs",6083,4027,0,5
"18723","D_obs",6083,4028,0,2
"18724","D_obs",6083,4029,0,0
"18725","D_obs",6083,4030,0,10
"18726","D_obs",6083,4031,0,5
"18727","D_obs",6083,4032,0,6
"18728","D_obs",6083,4033,0,8
"18729","D_obs",6083,4034,0,4
"18730","D_obs",6083,4035,0,6
"18731","D_obs",6083,4036,0,9
"18732","D_obs",6083,4037,0,6
"18733","D_obs",6083,4038,0,10
"18734","D_obs",6083,4039,0,2
"18735","D_obs",6083,4040,0,4
"18736","D_obs",6083,4041,0,5
"18737","D_obs",6083,4042,0,6
"18738","D_obs",6083,4043,0,0
"18739","D_obs",6083,4044,0,6
"18740","D_obs",6083,4045,0,3
"18741","D_obs",6083,4046,0,4
"18742","D_obs",6083,4047,0,3
"18743","D_obs",6083,4048,0,6
"18744","D_obs",6083,4049,0,5
"18745","D_obs",6083,4050,0,3
"18746","D_obs",6083,4051,0,3
"18747","D_obs",6083,4052,0,2
"18748","D_obs",6083,4053,0,8
"18749","D_obs",6083,4054,0,4
"18750","D_obs",6083,4055,0,5
"18751","D_obs",6083,4056,0,2
"18752","D_obs",6083,4057,0,5
"18753","D_obs",6083,4058,0,1
"18754","D_obs",6083,4059,0,4
"18755","D_obs",6083,4060,0,3
"18756","D_obs",6083,4061,0,5
"18757","D_obs",6083,4062,0,2
"18758","D_obs",6083,4063,0,4
"18759","D_obs",6083,4064,0,3
"18760","D_obs",6083,4065,0,4
"18761","D_obs",6083,4066,0,3
"18762","D_obs",6083,4067,0,5
"18763","D_obs",6083,4068,0,4
"18764","D_obs",6083,4069,0,2
"18765","D_obs",6083,4070,0,3
"18766","D_obs",6083,4071,0,3
"18767","D_obs",6083,4072,0,8
"18768","D_obs",6083,4073,0,4
"18769","D_obs",6083,4074,0,3
"18770","D_obs",6083,4075,0,0
"18771","D_obs",6083,4076,0,2
"18772","D_obs",6083,4077,0,1
"18773","D_obs",6083,4078,0,3
"18774","D_obs",6083,4079,0,1
"18775","D_obs",6083,4080,0,5
"18776","D_obs",6083,4081,0,5
"18777","D_obs",6083,4082,0,3
"18778","D_obs",6083,4083,0,6
"18779","D_obs",6083,4084,0,1
"18780","D_obs",6083,4085,0,1
"18781","D_obs",6083,4086,0,6
"18782","D_obs",6083,4087,0,2
"18783","D_obs",6083,4088,0,3
"18784","D_obs",6083,4089,0,4
"18785","D_obs",6083,4090,0,3
"18786","D_obs",6083,4091,0,3
"18787","D_obs",6083,4092,0,3
"18788","D_obs",6083,4093,0,3
"18789","D_obs",6083,4094,0,4
"18790","D_obs",6083,4095,0,2
"18791","D_obs",6083,4096,0,3
"18792","D_obs",6083,4097,0,4
"18793","D_obs",6083,4098,0,2
"18794","D_obs",6083,4099,0,6
"18795","D_obs",6083,4100,0,3
"18796","D_obs",6083,4101,0,1
"18797","D_obs",6083,4102,0,3
"18798","D_obs",6083,4103,0,6
"18799","D_obs",6083,4104,0,3
"18800","D_obs",6083,4105,0,5
"18801","D_obs",6083,4106,0,3
"18802","D_obs",6083,4107,0,6
"18803","D_obs",6083,4108,0,2
"18804","D_obs",6083,4109,0,3
"18805","D_obs",6083,4110,0,6
"18806","D_obs",6083,4111,0,2
"18807","D_obs",6083,4112,0,0
"18808","D_obs",6083,4113,0,13
"18809","D_obs",6083,4114,0,5
"18810","D_obs",6083,4115,0,0
"18811","D_obs",6083,4116,0,4
"18812","D_obs",6083,4117,0,4
"18813","D_obs",6083,4118,0,4
"18814","D_obs",6083,4119,0,4
"18815","D_obs",6083,4120,0,1
"18816","D_obs",6083,4121,0,4
"18817","D_obs",6083,4122,0,3
"18818","D_obs",6083,4123,0,7
"18819","D_obs",6083,4124,0,5
"18820","D_obs",6083,4125,0,3
"18821","D_obs",6083,4126,0,1
"18822","D_obs",6083,4127,0,3
"18823","D_obs",6083,4128,0,5
"18824","D_obs",6083,4129,0,2
"18825","D_obs",6083,4130,0,3
"18826","D_obs",6083,4131,0,3
"18827","D_obs",6083,4132,0,3
"18828","D_obs",6083,4133,0,0
"18829","D_obs",6083,4134,0,3
"18830","D_obs",6083,4135,0,0
"18831","D_obs",6083,4136,0,1
"18832","D_obs",6083,4137,0,2
"18833","D_obs",6083,4138,0,1
"18834","D_obs",6083,4139,0,2
"18835","D_obs",6083,4140,0,5
"18836","D_obs",6083,4141,0,2
"18837","D_obs",6083,4142,0,0
"18838","D_obs",6083,4143,0,1
"18839","D_obs",6083,4144,0,1
"18840","D_obs",6083,4145,0,2
"18841","D_obs",6083,4146,0,4
"18842","D_obs",6083,4147,0,1
"18843","D_obs",6083,4148,0,4
"18844","D_obs",6083,4149,0,3
"18845","D_obs",6083,4150,0,4
"18846","D_obs",6083,4151,0,4
"18847","D_obs",6083,4152,0,3
"18848","D_obs",6083,4153,0,2
"18849","D_obs",6083,4154,0,3
"18850","D_obs",6083,4155,0,6
"18851","D_obs",6083,4156,0,5
"18852","D_obs",6083,4157,0,3
"18853","D_obs",6083,4158,0,4
"18854","D_obs",6083,4159,0,4
"18855","D_obs",6083,4160,0,5
"18856","D_obs",6083,4161,0,2
"18857","D_obs",6083,4162,0,5
"18858","D_obs",6083,4163,0,3
"18859","D_obs",6083,4164,0,4
"18860","D_obs",6083,4165,0,1
"18861","D_obs",6083,4166,0,5
"18862","D_obs",6083,4167,0,2
"18863","D_obs",6083,4168,0,4
"18864","D_obs",6083,4169,0,2
"18865","D_obs",6083,4170,0,2
"18866","D_obs",6083,4171,0,3
"18867","D_obs",6083,4172,0,8
"18868","D_obs",6083,4173,0,1
"18869","D_obs",6083,4174,0,5
"18870","D_obs",6083,4175,0,4
"18871","D_obs",6083,4176,0,9
"18872","D_obs",6083,4177,0,6
"18873","D_obs",6083,4178,0,3
"18874","D_obs",6083,4179,0,0
"18875","D_obs",6083,4180,0,1
"18876","D_obs",6083,4181,0,3
"18877","D_obs",6083,4182,0,5
"18878","D_obs",6083,4183,0,7
"18879","D_obs",6083,4184,0,3
"18880","D_obs",6083,4185,0,9
"18881","D_obs",6083,4186,0,3
"18882","D_obs",6083,4187,0,2
"18883","D_obs",6083,4188,0,7
"18884","D_obs",6083,4189,0,3
"18885","D_obs",6083,4190,0,6
"18886","D_obs",6083,4191,0,4
"18887","D_obs",6083,4192,0,0
"18888","D_obs",6083,4193,0,3
"18889","D_obs",6083,4194,0,4
"18890","D_obs",6083,4195,0,1
"18891","D_obs",6083,4196,0,5
"18892","D_obs",6083,4197,0,4
"18893","D_obs",6083,4198,0,3
"18894","D_obs",6083,4199,0,4
"18895","D_obs",6083,4200,0,3
"18896","D_obs",6083,4201,0,3
"18897","D_obs",6083,4202,0,1
"18898","D_obs",6083,4203,0,4
"18899","D_obs",6083,4204,0,4
"18900","D_obs",6083,4205,0,1
"18901","D_obs",6083,4206,0,5
"18902","D_obs",6083,4207,0,2
"18903","D_obs",6083,4208,0,2
"18904","D_obs",6083,4209,0,3
"18905","D_obs",6083,4210,0,5
"18906","D_obs",6083,4211,0,4
"18907","D_obs",6083,4212,0,1
"18908","D_obs",6083,4213,0,5
"18909","D_obs",6083,4214,0,4
"18910","D_obs",6083,4215,0,8
"18911","D_obs",6083,4216,0,7
"18912","D_obs",6083,4217,0,1
"18913","D_obs",6083,4218,0,3
"18914","D_obs",6083,4219,0,2
"18915","D_obs",6083,4220,0,1
"18916","D_obs",6083,4221,0,2
"18917","D_obs",6083,4222,0,2
"18918","D_obs",6083,4223,0,3
"18919","D_obs",6083,4224,0,3
"18920","D_obs",6083,4225,0,4
"18921","D_obs",6083,4226,0,1
"18922","D_obs",6083,4227,0,1
"18923","D_obs",6083,4228,0,4
"18924","D_obs",6083,4229,0,3
"18925","D_obs",6083,4230,0,5
"18926","D_obs",6083,4231,0,0
"18927","D_obs",6083,4232,0,5
"18928","D_obs",6083,4233,0,7
"18929","D_obs",6083,4234,0,6
"18930","D_obs",6083,4235,0,5
"18931","D_obs",6083,4236,0,4
"18932","D_obs",6083,4237,0,4
"18933","D_obs",6083,4238,0,6
"18934","D_obs",6083,4239,0,3
"18935","D_obs",6083,4240,0,5
"18936","D_obs",6083,4241,0,4
"18937","D_obs",6083,4242,0,4
"18938","D_obs",6083,4243,0,3
"18939","D_obs",6083,4244,0,7
"18940","D_obs",6083,4245,0,1
"18941","D_obs",6083,4246,0,8
"18942","D_obs",6083,4247,0,10
"18943","D_obs",6083,4248,0,7
"18944","D_obs",6083,4249,0,2
"18945","D_obs",6083,4250,0,7
"18946","D_obs",6083,4251,0,5
"18947","D_obs",6083,4252,0,5
"18948","D_obs",6083,4253,0,6
"18949","D_obs",6083,4254,0,8
"18950","D_obs",6083,4255,0,6
"18951","D_obs",6083,4256,0,6
"18952","D_obs",6083,4257,0,3
"18953","D_obs",6083,4258,0,4
"18954","D_obs",6083,4259,0,8
"18955","D_obs",6083,4260,0,6
"18956","D_obs",6083,4261,0,3
"18957","D_obs",6083,4262,0,5
"18958","D_obs",6083,4263,0,1
"18959","D_obs",6083,4264,0,4
"18960","D_obs",6083,4265,0,7
"18961","D_obs",6083,4266,0,4
"18962","D_obs",6083,4267,0,3
"18963","D_obs",6083,4268,0,8
"18964","D_obs",6083,4269,0,4
"18965","D_obs",6083,4270,0,8
"18966","D_obs",6083,4271,0,12
"18967","D_obs",6083,4272,0,6
"18968","D_obs",6083,4273,0,5
"18969","D_obs",6083,4274,0,5
"18970","D_obs",6083,4275,0,4
"18971","D_obs",6083,4276,0,6
"18972","D_obs",6083,4277,0,3
"18973","D_obs",6083,4278,0,10
"18974","D_obs",6083,4279,0,6
"18975","D_obs",6083,4280,0,8
"18976","D_obs",6083,4281,0,10
"18977","D_obs",6083,4282,0,14
"18978","D_obs",6083,4283,0,10
"18979","D_obs",6083,4284,0,11
"18980","D_obs",6083,4285,0,10
"18981","D_obs",6083,4286,0,6
"18982","D_obs",6083,4287,0,10
"18983","D_obs",6083,4288,0,6
"18984","D_obs",6083,4289,0,10
"18985","D_obs",6083,4290,0,4
"18986","D_obs",6083,4291,0,6
"18987","D_obs",6083,4292,0,7
"18988","D_obs",6083,4293,0,13
"18989","D_obs",6083,4294,0,10
"18990","D_obs",6083,4295,0,6
"18991","D_obs",6083,4296,0,7
"18992","D_obs",6083,4297,0,7
"18993","D_obs",6083,4298,0,6
"18994","D_obs",6083,4299,0,13
"18995","D_obs",6083,4300,0,5
"18996","D_obs",6083,4301,0,4
"18997","D_obs",6083,4302,0,9
"18998","D_obs",6083,4303,0,13
"18999","D_obs",6083,4304,0,9
"19000","D_obs",6083,4305,0,5
"19001","D_obs",6083,4306,0,6
"19002","D_obs",6083,4307,0,5
"19003","D_obs",6083,4308,0,4
"19004","D_obs",6083,4309,0,7
"19005","D_obs",6083,4310,0,5
"19006","D_obs",6083,4311,0,9
"19007","D_obs",6083,4312,0,10
"19008","D_obs",6083,4313,0,4
"19009","D_obs",6083,4314,0,6
"19010","D_obs",6083,4315,0,4
"19011","D_obs",6083,4316,0,9
"19012","D_obs",6083,4317,0,5
"19013","D_obs",6083,4318,0,4
"19014","D_obs",6083,4319,0,5
"19015","D_obs",6083,4320,0,4
"19016","D_obs",6083,4321,0,3
"19017","D_obs",6083,4322,0,4
"19018","D_obs",6083,4323,0,5
"19019","D_obs",6083,4324,0,4
"19020","D_obs",6083,4325,0,3
"19021","D_obs",6083,4326,0,2
"19022","D_obs",6083,4327,0,3
"19023","D_obs",6083,4328,0,8
"19024","D_obs",6083,4329,0,4
"19025","D_obs",6083,4330,0,6
"19026","D_obs",6083,4331,0,9
"19027","D_obs",6083,4332,0,8
"19028","D_obs",6083,4333,0,10
"19029","D_obs",6083,4334,0,10
"19030","D_obs",6083,4335,0,5
"19031","D_obs",6083,4336,0,3
"19032","D_obs",6083,4337,0,5
"19033","D_obs",6083,4338,0,6
"19034","D_obs",6083,4339,0,6
"19035","D_obs",6083,4340,0,6
"19036","D_obs",6083,4341,0,7
"19037","D_obs",6083,4342,0,1
"19038","D_obs",6083,4343,0,6
"19039","D_obs",6083,4344,0,7
"19040","D_obs",6083,4345,0,2
"19041","D_obs",6083,4346,0,7
"19042","D_obs",6083,4347,0,5
"19043","D_obs",6083,4348,0,2
"19044","D_obs",6083,4349,0,3
"19045","D_obs",6083,4350,0,5
"19046","D_obs",6083,4351,0,1
"19047","D_obs",6083,4352,0,7
"19048","D_obs",6083,4353,0,2
"19049","D_obs",6083,4354,0,3
"19050","D_obs",6083,4355,0,8
"19051","D_obs",6083,4356,0,5
"19052","D_obs",6083,4357,0,6
"19053","D_obs",6083,4358,0,4
"19054","D_obs",6083,4359,0,1
"19055","D_obs",6083,4360,0,3
"19056","D_obs",6083,4361,0,2
"19057","D_obs",6083,4362,0,2
"19058","D_obs",6083,4363,0,1
"19059","D_obs",6083,4364,0,1
"19060","D_obs",6083,4365,0,3
"19061","D_obs",6083,4366,0,2
"19062","D_obs",6083,4367,0,4
"19063","D_obs",6083,4368,0,5
"19064","D_obs",6083,4369,0,3
"19065","D_obs",6083,4370,0,2
"19066","D_obs",6083,4371,0,1
"19067","D_obs",6083,4372,0,1
"19068","D_obs",6083,4373,0,1
"19069","D_obs",6083,4374,0,2
"19070","D_obs",6083,4375,0,0
"19071","D_obs",6083,4376,0,1
"19072","D_obs",6083,4377,0,1
"19073","D_obs",6083,4378,0,1
"19074","D_obs",6083,4379,0,3
"19075","D_obs",6083,4380,0,3
"19076","D_obs",6083,4381,0,2
"19077","D_obs",6083,4382,0,3
"19078","D_obs",6083,4383,0,1
"19079","D_obs",6083,4384,0,0
"19080","D_obs",6083,4385,0,3
"19081","D_obs",6083,4386,0,0
"19082","D_obs",6083,4387,0,2
"19083","D_obs",6083,4388,0,1
"19084","D_obs",6083,4389,0,1
"19085","D_obs",6083,4390,0,2
"19086","D_obs",6083,4391,0,1
"19087","D_obs",6083,4392,0,0
"19088","D_obs",6083,4393,0,3
"19089","D_obs",6083,4394,0,1
"19090","D_obs",6083,4395,0,0
"19091","D_obs",6083,4396,0,2
"19092","D_obs",6083,4397,0,1
"19093","D_obs",6083,4398,0,5
"19094","D_obs",6083,4399,0,3
"19095","D_obs",6083,4400,0,0
"19096","D_obs",6083,4401,0,1
"19097","D_obs",6083,4402,0,1
"19098","D_obs",6083,4403,0,3
"19099","D_obs",6083,4404,0,2
"19100","D_obs",6083,4405,0,2
"19101","D_obs",6083,4406,0,2
"19102","D_obs",6083,4407,0,5
"19103","D_obs",6083,4408,0,1
"19104","D_obs",6083,4409,0,2
"19105","D_obs",6083,4410,0,2
"19106","D_obs",6083,4411,0,1
"19107","D_obs",6083,4412,0,0
"19108","D_obs",6083,4413,0,0
"19109","D_obs",6083,4414,0,0
"19110","D_obs",6083,4415,0,3
"19111","D_obs",6083,4416,0,1
"19112","D_obs",6083,4417,0,1
"19113","D_obs",6083,4418,0,1
"19114","D_obs",6083,4419,0,2
"19115","D_obs",6083,4420,0,0
"19116","D_obs",6083,4421,0,3
"19117","D_obs",6083,4422,0,2
"19118","D_obs",6083,4423,0,1
"19119","D_obs",6083,4424,0,2
"19120","D_obs",6083,4425,0,1
"19121","D_obs",6083,4426,0,2
"19122","D_obs",6083,4427,0,0
"19123","D_obs",6083,4428,0,1
"19124","D_obs",6083,4429,0,1
"19125","D_obs",6083,4430,0,2
"19126","D_obs",6083,4431,0,0
"19127","D_obs",6083,4432,0,0
"19128","D_obs",6083,4433,0,3
"19129","D_obs",6083,4434,0,3
"19130","D_obs",6083,4435,0,2
"19131","D_obs",6083,4436,0,1
"19132","D_obs",6083,4437,0,1
"19133","D_obs",6083,4438,0,3
"19134","D_obs",6083,4439,0,4
"19135","D_obs",6083,4440,0,2
"19136","D_obs",6083,4441,0,3
"19137","D_obs",6083,4442,0,3
"19138","D_obs",6083,4443,0,0
"19139","D_obs",6083,4444,0,1
"19140","D_obs",6083,4445,0,3
"19141","D_obs",6083,4446,0,1
"19142","D_obs",6083,4447,0,3
"19143","D_obs",6083,4448,0,3
"19144","D_obs",6083,4449,0,3
"19145","D_obs",6083,4450,0,2
"19146","D_obs",6083,4451,0,3
"19147","D_obs",6083,4452,0,0
"19148","D_obs",6083,4453,0,2
"19149","D_obs",6083,4454,0,2
"19150","D_obs",6083,4455,0,0
"19151","D_obs",6083,4456,0,2
"19152","D_obs",6083,4457,0,3
"19153","D_obs",6083,4458,0,2
"19154","D_obs",6083,4459,0,0
"19155","D_obs",6083,4460,0,2
"19156","D_obs",6083,4461,0,4
"19157","D_obs",6083,4462,0,1
"19158","D_obs",6083,4463,0,0
"19159","D_obs",6083,4464,0,2
"19160","D_obs",6083,4465,0,1
"19161","D_obs",6083,4466,0,0
"19162","D_obs",6083,4467,0,1
"19163","D_obs",6083,4468,0,2
"19164","D_obs",6083,4469,0,2
"19165","D_obs",6083,4470,0,2
"19166","D_obs",6083,4471,0,3
"19167","D_obs",6083,4472,0,5
"19168","D_obs",6083,4473,0,2
"19169","D_obs",6083,4474,0,1
"19170","D_obs",6083,4475,0,2
"19171","D_obs",6083,4476,0,0
"19172","D_obs",6083,4477,0,0
"19173","D_obs",6083,4478,0,1
"19174","D_obs",6083,4479,0,3
"19175","D_obs",6083,4480,0,3
"19176","D_obs",6083,4481,0,1
"19177","D_obs",6083,4482,0,2
"19178","D_obs",6083,4483,0,2
"19179","D_obs",6083,4484,0,3
"19180","D_obs",6083,4485,0,5
"19181","D_obs",6083,4486,0,5
"19182","D_obs",6083,4487,0,9
"19183","D_obs",6083,4488,0,5
"19184","D_obs",6083,4489,0,2
"19185","D_obs",6083,4490,0,2
"19186","D_obs",6083,4491,0,6
"19187","D_obs",6083,4492,0,4
"19188","D_obs",6083,4493,0,2
"19189","D_obs",6083,4494,0,2
"19190","D_obs",6083,4495,0,1
"19191","D_obs",6083,4496,0,0
"19192","D_obs",6083,4497,0,3
"19193","D_obs",6083,4498,0,2
"19194","D_obs",6083,4499,0,1
"19195","D_obs",6083,4500,0,4
"19196","D_obs",6083,4501,0,0
"19197","D_obs",6083,4502,0,6
"19198","D_obs",6083,4503,0,7
"19199","D_obs",6083,4504,0,5
"19200","D_obs",6083,4505,0,5
"19201","D_obs",6083,4506,0,4
"19202","D_obs",6083,4507,0,3
"19203","D_obs",6083,4508,0,2
"19204","D_obs",6083,4509,0,4
"19205","D_obs",6083,4510,0,4
"19206","D_obs",6083,4511,0,2
"19207","D_obs",6083,4512,0,2
"19208","D_obs",6083,4513,0,0
"19209","D_obs",6083,4514,0,2
"19210","D_obs",6083,4515,0,3
"19211","D_obs",6083,4516,0,4
"19212","D_obs",6083,4517,0,3
"19213","D_obs",6083,4518,0,1
"19214","D_obs",6083,4519,0,1
"19215","D_obs",6083,4520,0,2
"19216","D_obs",6083,4521,0,2
"19217","D_obs",6083,4522,0,6
"19218","D_obs",6083,4523,0,2
"19219","D_obs",6083,4524,0,1
"19220","D_obs",6083,4525,0,4
"19221","D_obs",6083,4526,0,1
"19222","D_obs",6083,4527,0,0
"19223","D_obs",6083,4528,0,0
"19224","D_obs",6083,4529,0,2
"19225","D_obs",6083,4530,0,0
"19226","D_obs",6083,4531,0,4
"19227","D_obs",6083,4532,0,2
"19228","D_obs",6083,4533,0,4
"19229","D_obs",6083,4534,0,4
"19230","D_obs",6083,4535,0,2
"19231","D_obs",6083,4536,0,2
"19232","D_obs",6083,4537,0,3
"19233","D_obs",6083,4538,0,5
"19234","D_obs",6083,4539,0,0
"19235","D_obs",6083,4540,0,2
"19236","D_obs",6083,4541,0,2
"19237","D_obs",6083,4542,0,2
"19238","D_obs",6083,4543,0,2
"19239","D_obs",6083,4544,0,6
"19240","D_obs",6083,4545,0,3
"19241","D_obs",6083,4546,0,5
"19242","D_obs",6083,4547,0,4
"19243","D_obs",6083,4548,0,5
"19244","D_obs",6083,4549,0,4
"19245","D_obs",6083,4550,0,7
"19246","D_obs",6083,4551,0,3
"19247","D_obs",6083,4552,0,5
"19248","D_obs",6083,4553,0,9
"19249","D_obs",6083,4554,0,3
"19250","D_obs",6083,4555,0,0
"19251","D_obs",6083,4556,0,3
"19252","D_obs",6083,4557,0,9
"19253","D_obs",6083,4558,0,5
"19254","D_obs",6083,4559,0,5
"19255","D_obs",6083,4560,0,3
"19256","D_obs",6083,4561,0,2
"19257","D_obs",6083,4562,0,6
"19258","D_obs",6083,4563,0,4
"19259","D_obs",6083,4564,0,4
"19260","D_obs",6083,4565,0,4
"19261","D_obs",6083,4566,0,4
"19262","D_obs",6083,4567,0,1
"19263","D_obs",6083,4568,0,3
"19264","D_obs",6083,4569,0,3
"19265","D_obs",6083,4570,0,3
"19266","D_obs",6083,4571,0,3
"19267","D_obs",6083,4572,0,2
"19268","D_obs",6083,4573,0,0
"19269","D_obs",6083,4574,0,2
"19270","D_obs",6083,4575,0,3
"19271","D_obs",6083,4576,0,2
"19272","D_obs",6083,4577,0,1
"19273","D_obs",6083,4578,0,3
"19274","D_obs",6083,4579,0,1
"19275","D_obs",6083,4580,0,2
"19276","D_obs",6083,4581,0,0
"19277","D_obs",6083,4582,0,5
"19278","D_obs",6083,4583,0,2
"19279","D_obs",6083,4584,0,5
"19280","D_obs",6083,4585,0,2
"19281","D_obs",6083,4586,0,1
"19282","D_obs",6083,4587,0,11
"19283","D_obs",6083,4588,0,3
"19284","D_obs",6083,4589,0,2
"19285","D_obs",6083,4590,0,6
"19286","D_obs",6083,4591,0,3
"19287","D_obs",6083,4592,0,3
"19288","D_obs",6083,4593,0,7
"19289","D_obs",6083,4594,0,7
"19290","D_obs",6083,4595,0,7
"19291","D_obs",6083,4596,0,4
"19292","D_obs",6083,4597,0,6
"19293","D_obs",6083,4598,0,11
"19294","D_obs",6083,4599,0,5
"19295","D_obs",6083,4600,0,8
"19296","D_obs",6083,4601,0,8
"19297","D_obs",6083,4602,0,2
"19298","D_obs",6083,4603,0,5
"19299","D_obs",6083,4604,0,8
"19300","D_obs",6083,4605,0,8
"19301","D_obs",6083,4606,0,7
"19302","D_obs",6083,4607,0,7
"19303","D_obs",6083,4608,0,6
"19304","D_obs",6083,4609,0,6
"19305","D_obs",6083,4610,0,3
"19306","D_obs",6083,4611,0,9
"19307","D_obs",6083,4612,0,6
"19308","D_obs",6083,4613,0,6
"19309","D_obs",6083,4614,0,5
"19310","D_obs",6083,4615,0,5
"19311","D_obs",6083,4616,0,3
"19312","D_obs",6083,4617,0,7
"19313","D_obs",6083,4618,0,7
"19314","D_obs",6083,4619,0,5
"19315","D_obs",6083,4620,0,6
"19316","D_obs",6083,4621,0,4
"19317","D_obs",6083,4622,0,9
"19318","D_obs",6083,4623,0,4
"19319","D_obs",6083,4624,0,8
"19320","D_obs",6083,4625,0,6
"19321","D_obs",6083,4626,0,6
"19322","D_obs",6083,4627,0,2
"19323","D_obs",6083,4628,0,6
"19324","D_obs",6083,4629,0,4
"19325","D_obs",6083,4630,0,3
"19326","D_obs",6083,4631,0,3
"19327","D_obs",6083,4632,0,1
"19328","D_obs",6083,4633,0,2
"19329","D_obs",6083,4634,0,3
"19330","D_obs",6083,4635,0,4
"19331","D_obs",6083,4636,0,7
"19332","D_obs",6083,4637,0,2
"19333","D_obs",6083,4638,0,2
"19334","D_obs",6083,4639,0,6
"19335","D_obs",6083,4640,0,6
"19336","D_obs",6083,4641,0,1
"19337","D_obs",6083,4642,0,9
"19338","D_obs",6083,4643,0,4
"19339","D_obs",6083,4644,0,6
"19340","D_obs",6083,4645,0,9
"19341","D_obs",6083,4646,0,4
"19342","D_obs",6083,4647,0,9
"19343","D_obs",6083,4648,0,7
"19344","D_obs",6083,4649,0,7
"19345","D_obs",6083,4650,0,9
"19346","D_obs",6083,4651,0,7
"19347","D_obs",6083,4652,0,11
"19348","D_obs",6083,4653,0,13
"19349","D_obs",6083,4654,0,19
"19350","D_obs",6083,4655,0,17
"19351","D_obs",6083,4656,0,9
"19352","D_obs",6083,4657,0,13
"19353","D_obs",6083,4658,0,5
"19354","D_obs",6083,4659,0,12
"19355","D_obs",6083,4660,0,9
"19356","D_obs",6083,4661,0,7
"19357","D_obs",6083,4662,0,5
"19358","D_obs",6083,4663,0,6
"19359","D_obs",6083,4664,0,6
"19360","D_obs",6083,4665,0,10
"19361","D_obs",6083,4666,0,7
"19362","D_obs",6083,4667,0,6
"19363","D_obs",6083,4668,0,9
"19364","D_obs",6083,4669,0,5
"19365","D_obs",6083,4670,0,6
"19366","D_obs",6083,4671,0,7
"19367","D_obs",6083,4672,0,6
"19368","D_obs",6083,4673,0,12
"19369","D_obs",6083,4674,0,6
"19370","D_obs",6083,4675,0,3
"19371","D_obs",6083,4676,0,6
"19372","D_obs",6083,4677,0,5
"19373","D_obs",6083,4678,0,1
"19374","D_obs",6083,4679,0,3
"19375","D_obs",6083,4680,0,5
"19376","D_obs",6083,4681,0,5
"19377","D_obs",6083,4682,0,5
"19378","D_obs",6083,4683,0,2
"19379","D_obs",6083,4684,0,4
"19380","D_obs",6083,4685,0,4
"19381","D_obs",6083,4686,0,5
"19382","D_obs",6083,4687,0,2
"19383","D_obs",6083,4688,0,6
"19384","D_obs",6083,4689,0,1
"19385","D_obs",6083,4690,0,0
"19386","D_obs",6083,4691,0,1
"19387","D_obs",6083,4692,0,2
"19388","D_obs",6083,4693,0,2
"19389","D_obs",6083,4694,0,5
"19390","D_obs",6083,4695,0,2
"19391","D_obs",6083,4696,0,3
"19392","D_obs",6083,4697,0,4
"19393","D_obs",6083,4698,0,2
"19394","D_obs",6083,4699,0,6
"19395","D_obs",6083,4700,0,2
"19396","D_obs",6083,4701,0,4
"19397","D_obs",6083,4702,0,2
"19398","D_obs",6083,4703,0,5
"19399","D_obs",6083,4704,0,7
"19400","D_obs",6083,4705,0,4
"19401","D_obs",6083,4706,0,6
"19402","D_obs",6083,4707,0,2
"19403","D_obs",6083,4708,0,3
"19404","D_obs",6083,4709,0,3
"19405","D_obs",6083,4710,0,2
"19406","D_obs",6083,4711,0,0
"19407","D_obs",6083,4712,0,0
"19408","D_obs",6083,4713,0,3
"19409","D_obs",6083,4714,0,5
"19410","D_obs",6083,4715,0,1
"19411","D_obs",6083,4716,0,5
"19412","D_obs",6083,4717,0,1
"19413","D_obs",6083,4718,0,0
"19414","D_obs",6083,4719,0,0
"19415","D_obs",6083,4720,0,5
"19416","D_obs",6083,4721,0,3
"19417","D_obs",6083,4722,0,0
"19418","D_obs",6083,4723,0,3
"19419","D_obs",6083,4724,0,2
"19420","D_obs",6083,4725,0,2
"19421","D_obs",6083,4726,0,1
"19422","D_obs",6083,4727,0,0
"19423","D_obs",6083,4728,0,2
"19424","D_obs",6083,4729,0,3
"19425","D_obs",6083,4730,0,2
"19426","D_obs",6083,4731,0,2
"19427","D_obs",6083,4732,0,4
"19428","D_obs",6083,4733,0,1
"19429","D_obs",6083,4734,0,2
"19430","D_obs",6083,4735,0,3
"19431","D_obs",6083,4736,0,3
"19432","D_obs",6083,4737,0,0
"19433","D_obs",6083,4738,0,1
"19434","D_obs",6083,4739,0,2
"19435","D_obs",6083,4740,0,2
"19436","D_obs",6083,4741,0,2
"19437","D_obs",6083,4742,0,2
"19438","D_obs",6083,4743,0,2
"19439","D_obs",6083,4744,0,4
"19440","D_obs",6083,4745,0,2
"19441","D_obs",6083,4746,0,2
"19442","D_obs",6083,4747,0,3
"19443","D_obs",6083,4748,0,1
"19444","D_obs",6083,4749,0,4
"19445","D_obs",6083,4750,0,0
"19446","D_obs",6083,4751,0,3
"19447","D_obs",6083,4752,0,2
"19448","D_obs",6083,4753,0,2
"19449","D_obs",6083,4754,0,3
"19450","D_obs",6083,4755,0,2
"19451","D_obs",6083,4756,0,0
"19452","D_obs",6083,4757,0,4
"19453","D_obs",6083,4758,0,1
"19454","D_obs",6083,4759,0,7
"19455","D_obs",6083,4760,0,5
"19456","D_obs",6083,4761,0,1
"19457","D_obs",6083,4762,0,3
"19458","D_obs",6083,4763,0,2
"19459","D_obs",6083,4764,0,2
"19460","D_obs",6083,4765,0,3
"19461","D_obs",6083,4766,0,3
"19462","D_obs",6083,4767,0,4
"19463","D_obs",6083,4768,0,2
"19464","D_obs",6083,4769,0,1
"19465","D_obs",6083,4770,0,1
"19466","D_obs",6083,4771,0,2
"19467","D_obs",6083,4772,0,3
"19468","D_obs",6083,4773,0,2
"19469","D_obs",6083,4774,0,3
"19470","D_obs",6083,4775,0,3
"19471","D_obs",6083,4776,0,6
"19472","D_obs",6083,4777,0,0
"19473","D_obs",6083,4778,0,1
"19474","D_obs",6083,4779,0,3
"19475","D_obs",6083,4780,0,2
"19476","D_obs",6083,4781,0,3
"19477","D_obs",6083,4782,0,3
"19478","D_obs",6083,4783,0,2
"19479","D_obs",6083,4784,0,1
"19480","D_obs",6083,4785,0,2
"19481","D_obs",6083,4786,0,1
"19482","D_obs",6083,4787,0,4
"19483","D_obs",6083,4788,0,1
"19484","D_obs",6083,4789,0,2
"19485","D_obs",6083,4790,0,0
"19486","D_obs",6083,4791,0,3
"19487","D_obs",6083,4792,0,2
"19488","D_obs",6083,4793,0,3
"19489","D_obs",6083,4794,0,4
"19490","D_obs",6083,4795,0,1
"19491","D_obs",6083,4796,0,2
"19492","D_obs",6083,4797,0,1
"19493","D_obs",6083,4798,0,1
"19494","D_obs",6083,4799,0,3
"19495","D_obs",6083,4800,0,2
"19496","D_obs",6083,4801,0,0
"19497","D_obs",6083,4802,0,3
"19498","D_obs",6083,4803,0,5
"19499","D_obs",6083,4804,0,1
"19500","D_obs",6083,4805,0,1
"19501","D_obs",6083,4806,0,5
"19502","D_obs",6083,4807,0,3
"19503","D_obs",6083,4808,0,3
"19504","D_obs",6083,4809,0,3
"19505","D_obs",6083,4810,0,4
"19506","D_obs",6083,4811,0,2
"19507","D_obs",6083,4812,0,1
"19508","D_obs",6083,4813,0,3
"19509","D_obs",6083,4814,0,3
"19510","D_obs",6083,4815,0,1
"19511","D_obs",6083,4816,0,2
"19512","D_obs",6083,4817,0,0
"19513","D_obs",6083,4818,0,2
"19514","D_obs",6083,4819,0,1
"19515","D_obs",6083,4820,0,0
"19516","D_obs",6083,4821,0,2
"19517","D_obs",6083,4822,0,0
"19518","D_obs",6083,4823,0,4
"19519","D_obs",6083,4824,0,3
"19520","D_obs",6083,4825,0,3
"19521","D_obs",6083,4826,0,3
"19522","D_obs",6083,4827,0,2
"19523","D_obs",6083,4828,0,3
"19524","D_obs",6083,4829,0,3
"19525","D_obs",6083,4830,0,3
"19526","D_obs",6083,4831,0,4
"19527","D_obs",6083,4832,0,3
"19528","D_obs",6083,4833,0,1
"19529","D_obs",6083,4834,0,0
"19530","D_obs",6083,4835,0,3
"19531","D_obs",6083,4836,0,1
"19532","D_obs",6083,4837,0,3
"19533","D_obs",6083,4838,0,0
"19534","D_obs",6083,4839,0,1
"19535","D_obs",6083,4840,0,0
"19536","D_obs",6083,4841,0,4
"19537","D_obs",6083,4842,0,2
"19538","D_obs",6083,4843,0,0
"19539","D_obs",6083,4844,0,0
"19540","D_obs",6083,4845,0,0
"19541","D_obs",6083,4846,0,0
"19542","D_obs",6083,4847,0,1
"19543","D_obs",6083,4848,0,3
"19544","D_obs",6083,4849,0,3
"19545","D_obs",6083,4850,0,3
"19546","D_obs",6083,4851,0,3
"19547","D_obs",6083,4852,0,0
"19548","D_obs",6083,4853,0,1
"19549","D_obs",6083,4854,0,1
"19550","D_obs",6083,4855,0,4
"19551","D_obs",6083,4856,0,3
"19552","D_obs",6083,4857,0,2
"19553","D_obs",6083,4858,0,4
"19554","D_obs",6083,4859,0,2
"19555","D_obs",6083,4860,0,2
"19556","D_obs",6083,4861,0,1
"19557","D_obs",6083,4862,0,2
"19558","D_obs",6083,4863,0,1
"19559","D_obs",6083,4864,0,3
"19560","D_obs",6083,4865,0,1
"19561","D_obs",6083,4866,0,4
"19562","D_obs",6083,4867,0,2
"19563","D_obs",6083,4868,0,3
"19564","D_obs",6083,4869,0,2
"19565","D_obs",6083,4870,0,3
"19566","D_obs",6083,4871,0,3
"19567","D_obs",6083,4872,0,2
"19568","D_obs",6083,4873,0,3
"19569","D_obs",6083,4874,0,2
"19570","D_obs",6083,4875,0,1
"19571","D_obs",6083,4876,0,3
"19572","D_obs",6083,4877,0,1
"19573","D_obs",6083,4878,0,1
"19574","D_obs",6083,4879,0,2
"19575","D_obs",6083,4880,0,2
"19576","D_obs",6083,4881,0,2
"19577","D_obs",6083,4882,0,2
"19578","D_obs",6083,4883,0,2
"19579","D_obs",6083,4884,0,2
"19580","D_obs",6083,4885,0,4
"19581","D_obs",6083,4886,0,2
"19582","D_obs",6083,4887,0,0
"19583","D_obs",6083,4888,0,0
"19584","D_obs",6083,4889,0,3
"19585","D_obs",6083,4890,0,0
"19586","D_obs",6083,4891,0,0
"19587","D_obs",6083,4892,0,0
"19588","D_obs",6083,4893,0,1
"19589","D_obs",6083,4894,0,1
"19590","D_obs",6083,4895,0,2
"19591","D_obs",6083,4896,0,4
"19592","D_obs",6083,4897,0,0
"19593","D_obs",6083,4898,0,1
"19594","D_obs",6083,4899,0,1
"19595","D_obs",6083,4900,0,0
"19596","D_obs",6083,4901,0,1
"19597","D_obs",6083,4902,0,0
"19598","D_obs",6083,4903,0,2
"19599","D_obs",6083,4904,0,0
"19600","D_obs",6083,4905,0,0
"19601","D_obs",6083,4906,0,1
"19602","D_obs",6083,4907,0,0
"19603","D_obs",6083,4908,0,1
"19604","D_obs",6083,4909,0,2
"19605","D_obs",6083,4910,0,3
"19606","D_obs",6083,4911,0,2
"19607","D_obs",6083,4912,0,0
"19608","D_obs",6083,4913,0,2
"19609","D_obs",6083,4914,0,0
"19610","D_obs",6083,4915,0,2
"19611","D_obs",6083,4916,0,1
"19612","D_obs",6083,4917,0,2
"19613","D_obs",6083,4918,0,5
"19614","D_obs",6083,4919,0,1
"19615","D_obs",6083,4920,0,1
"19616","D_obs",6083,4921,0,1
"19617","D_obs",6083,4922,0,1
"19618","D_obs",6083,4923,0,1
"19619","D_obs",6083,4924,0,0
"19620","D_obs",6083,4925,0,2
"19621","D_obs",6083,4926,0,1
"19622","D_obs",6083,4927,0,0
"19623","D_obs",6083,4928,0,3
"19624","D_obs",6083,4929,0,1
"19625","D_obs",6083,4930,0,1
"19626","D_obs",6083,4931,0,1
"19627","D_obs",6083,4932,0,0
"19628","D_obs",6083,4933,0,0
"19629","D_obs",6083,4934,0,5
"19630","D_obs",6083,4935,0,1
"19631","D_obs",6083,4936,0,1
"19632","D_obs",6083,4937,0,1
"19633","D_obs",6083,4938,0,0
"19634","D_obs",6083,4939,0,3
"19635","D_obs",6083,4940,0,0
"19636","D_obs",6083,4941,0,1
"19637","D_obs",6083,4942,0,3
"19638","D_obs",6083,4943,0,1
"19639","D_obs",6083,4944,0,0
"19640","D_obs",6083,4945,0,0
"19641","D_obs",6083,4946,0,5
"19642","D_obs",6083,4947,0,2
"19643","D_obs",6083,4948,0,1
"19644","D_obs",6083,4949,0,0
"19645","D_obs",6083,4950,0,0
"19646","D_obs",6083,4951,0,0
"19647","D_obs",6083,4952,0,0
"19648","D_obs",6083,4953,0,2
"19649","D_obs",6083,4954,0,1
"19650","D_obs",6083,4955,0,0
"19651","D_obs",6083,4956,0,0
"19652","D_obs",6083,4957,0,2
"19653","D_obs",6083,4958,0,0
"19654","D_obs",6083,4959,0,0
"19655","D_obs",6083,4960,0,0
"19656","D_obs",6083,4961,0,3
"19657","D_obs",6083,4962,0,5
"19658","D_obs",6083,4963,0,2
"19659","D_obs",6083,4964,0,1
"19660","D_obs",6083,4965,0,0
"19661","D_obs",6083,4966,0,1
"19662","D_obs",6083,4967,0,2
"19663","D_obs",6083,4968,0,1
"19664","D_obs",6083,4969,0,0
"19665","D_obs",6083,4970,0,1
"19666","D_obs",6083,4971,0,2
"19667","D_obs",6083,4972,0,4
"19668","D_obs",6083,4973,0,3
"19669","D_obs",6083,4974,0,1
"19670","D_obs",6083,4975,0,6
"19671","D_obs",6083,4976,0,2
"19672","D_obs",6083,4977,0,0
"19673","D_obs",6083,4978,0,2
"19674","D_obs",6083,4979,0,1
"19675","D_obs",6083,4980,0,1
"19676","D_obs",6083,4981,0,2
"19677","D_obs",6083,4982,0,1
"19678","D_obs",6083,4983,0,3
"19679","D_obs",6083,4984,0,1
"19680","D_obs",6083,4985,0,1
"19681","D_obs",6083,4986,0,1
"19682","D_obs",6083,4987,0,1
"19683","D_obs",6083,4988,0,2
"19684","D_obs",6083,4989,0,2
"19685","D_obs",6083,4990,0,4
"19686","D_obs",6083,4991,0,0
"19687","D_obs",6083,4992,0,0
"19688","D_obs",6083,4993,0,0
"19689","D_obs",6083,4994,0,3
"19690","D_obs",6083,4995,0,1
"19691","D_obs",6083,4996,0,2
"19692","D_obs",6083,4997,0,1
"19693","D_obs",6083,4998,0,0
"19694","D_obs",6083,4999,0,1
"19695","D_obs",6083,5000,0,5
"19696","D_obs",6083,5001,0,0
"19697","D_obs",6083,5002,0,1
"19698","D_obs",6083,5003,0,0
"19699","D_obs",6083,5004,0,3
"19700","D_obs",6083,5005,0,0
"19701","D_obs",6083,5006,0,3
"19702","D_obs",6083,5007,0,2
"19703","D_obs",6083,5008,0,2
"19704","D_obs",6083,5009,0,0
"19705","D_obs",6083,5010,0,2
"19706","D_obs",6083,5011,0,0
"19707","D_obs",6083,5012,0,1
"19708","D_obs",6083,5013,0,1
"19709","D_obs",6083,5014,0,2
"19710","D_obs",6083,5015,0,2
"19711","D_obs",6083,5016,0,0
"19712","D_obs",6083,5017,0,1
"19713","D_obs",6083,5018,0,4
"19714","D_obs",6083,5019,0,2
"19715","D_obs",6083,5020,0,2
"19716","D_obs",6083,5021,0,0
"19717","D_obs",6083,5022,0,2
"19718","D_obs",6083,5023,0,4
"19719","D_obs",6083,5024,0,1
"19720","D_obs",6083,5025,0,3
"19721","D_obs",6083,5026,0,4
"19722","D_obs",6083,5027,0,3
"19723","D_obs",6083,5028,0,1
"19724","D_obs",6083,5029,0,0
"19725","D_obs",6083,5030,0,2
"19726","D_obs",6083,5031,0,1
"19727","D_obs",6083,5032,0,2
"19728","D_obs",6083,5033,0,1
"19729","D_obs",6083,5034,0,0
"19730","D_obs",6083,5035,0,0
"19731","D_obs",6083,5036,0,1
"19732","D_obs",6083,5037,0,1
"19733","D_obs",6083,5038,0,1
"19734","D_obs",6083,5039,0,2
"19735","D_obs",6083,5040,0,1
"19736","D_obs",6083,5041,0,2
"19737","D_obs",6083,5042,0,0
"19738","D_obs",6083,5043,0,1
"19739","D_obs",6083,5044,0,0
"19740","D_obs",6083,5045,0,2
"19741","D_obs",6083,5046,0,0
"19742","D_obs",6083,5047,0,3
"19743","D_obs",6083,5048,0,0
"19744","D_obs",6083,5049,0,0
"19745","D_obs",6083,5050,0,1
"19746","D_obs",6083,5051,0,1
"19747","D_obs",6083,5052,0,2
"19748","D_obs",6083,5053,0,0
"19749","D_obs",6083,5054,0,0
"19750","D_obs",6083,5055,0,2
"19751","D_obs",6083,5056,0,0
"19752","D_obs",6083,5057,0,1
"19753","D_obs",6083,5058,0,1
"19754","D_obs",6083,5059,0,2
"19755","D_obs",6083,5060,0,0
"19756","D_obs",6083,5061,0,0
"19757","D_obs",6083,5062,0,4
"19758","D_obs",6083,5063,0,1
"19759","D_obs",6083,5064,0,2
"19760","D_obs",6083,5065,0,2
"19761","D_obs",6083,5066,0,4
"19762","D_obs",6083,5067,0,2
"19763","D_obs",6083,5068,0,1
"19764","D_obs",6083,5069,0,5
"19765","D_obs",6083,5070,0,1
"19766","D_obs",6083,5071,0,2
"19767","D_obs",6083,5072,0,3
"19768","D_obs",6083,5073,0,2
"19769","D_obs",6083,5074,0,4
"19770","D_obs",6083,5075,0,2
"19771","D_obs",6083,5076,0,4
"19772","D_obs",6083,5077,0,2
"19773","D_obs",6083,5078,0,2
"19774","D_obs",6083,5079,0,4
"19775","D_obs",6083,5080,0,6
"19776","D_obs",6083,5081,0,5
"19777","D_obs",6083,5082,0,5
"19778","D_obs",6083,5083,0,1
"19779","D_obs",6083,5084,0,5
"19780","D_obs",6083,5085,0,1
"19781","D_obs",6083,5086,0,5
"19782","D_obs",6083,5087,0,0
"19783","D_obs",6083,5088,0,3
"19784","D_obs",6083,5089,0,3
"19785","D_obs",6083,5090,0,2
"19786","D_obs",6083,5091,0,2
"19787","D_obs",6083,5092,0,4
"19788","D_obs",6083,5093,0,3
"19789","D_obs",6083,5094,0,3
"19790","D_obs",6083,5095,0,2
"19791","D_obs",6083,5096,0,2
"19792","D_obs",6083,5097,0,0
"19793","D_obs",6083,5098,0,2
"19794","D_obs",6083,5099,0,1
"19795","D_obs",6083,5100,0,3
"19796","D_obs",6083,5101,0,0
"19797","D_obs",6083,5102,0,1
"19798","D_obs",6083,5103,0,0
"19799","D_obs",6083,5104,0,1
"19800","D_obs",6083,5105,0,2
"19801","D_obs",6083,5106,0,1
"19802","D_obs",6083,5107,0,1
"19803","D_obs",6083,5108,0,0
"19804","D_obs",6083,5109,0,2
"19805","D_obs",6083,5110,0,3
"19806","D_obs",6083,5111,0,0
"19807","D_obs",6083,5112,0,0
"19808","D_obs",6083,5113,0,1
"19809","D_obs",6083,5114,0,1
"19810","D_obs",6083,5115,0,0
"19811","D_obs",6083,5116,0,0
"19812","D_obs",6083,5117,0,0
"19813","D_obs",6083,5118,0,2
"19814","D_obs",6083,5119,0,0
"19815","D_obs",6083,5120,0,0
"19816","D_obs",6083,5121,0,2
"19817","D_obs",6083,5122,0,8
"19818","D_obs",6083,5123,0,0
"19819","D_obs",6083,5124,0,5
"19820","D_obs",6083,5125,0,1
"19821","D_obs",6083,5126,0,1
"19822","D_obs",6083,5127,0,1
"19823","D_obs",6083,5128,0,3
"19824","D_obs",6083,5129,0,2
"19825","D_obs",6083,5130,0,0
"19826","D_obs",6083,5131,0,2
"19827","D_obs",6083,5132,0,0
"19828","D_obs",6083,5133,0,0
"19829","D_obs",6083,5134,0,1
"19830","D_obs",6083,5135,0,3
"19831","D_obs",6083,5136,0,3
"19832","D_obs",6083,5137,0,1
"19833","D_obs",6083,5138,0,2
"19834","D_obs",6083,5139,0,0
"19835","D_obs",6083,5140,0,0
"19836","D_obs",6083,5141,0,2
"19837","D_obs",6083,5142,0,1
"19838","D_obs",6083,5143,0,2
"19839","D_obs",6083,5144,0,2
"19840","D_obs",6083,5145,0,0
"19841","D_obs",6083,5146,0,0
"19842","D_obs",6083,5147,0,1
"19843","D_obs",6083,5148,0,1
"19844","D_obs",6083,5149,0,1
"19845","D_obs",6083,5150,0,2
"19846","D_obs",6083,5151,0,0
"19847","D_obs",6083,5152,0,1
"19848","D_obs",6083,5153,0,0
"19849","D_obs",6083,5154,0,1
"19850","D_obs",6083,5155,0,1
"19851","D_obs",6083,5156,0,0
"19852","D_obs",6083,5157,0,2
"19853","D_obs",6083,5158,0,1
"19854","D_obs",6083,5159,0,0
"19855","D_obs",6083,5160,0,0
"19856","D_obs",6083,5161,0,0
"19857","D_obs",6083,5162,0,1
"19858","D_obs",6083,5163,0,3
"19859","D_obs",6083,5164,0,3
"19860","D_obs",6083,5165,0,1
"19861","D_obs",6083,5166,0,1
"19862","D_obs",6083,5167,0,2
"19863","D_obs",6083,5168,0,1
"19864","D_obs",6083,5169,0,1
"19865","D_obs",6083,5170,0,1
"19866","D_obs",6083,5171,0,2
"19867","D_obs",6083,5172,0,1
"19868","D_obs",6083,5173,0,2
"19869","D_obs",6083,5174,0,1
"19870","D_obs",6083,5175,0,0
"19871","D_obs",6083,5176,0,2
"19872","D_obs",6083,5177,0,2
"19873","D_obs",6083,5178,0,2
"19874","D_obs",6083,5179,0,1
"19875","D_obs",6083,5180,0,2
"19876","D_obs",6083,5181,0,0
"19877","D_obs",6083,5182,0,2
"19878","D_obs",6083,5183,0,2
"19879","D_obs",6083,5184,0,2
"19880","D_obs",6083,5185,0,3
"19881","D_obs",6083,5186,0,3
"19882","D_obs",6083,5187,0,2
"19883","D_obs",6083,5188,0,1
"19884","D_obs",6083,5189,0,1
"19885","D_obs",6083,5190,0,1
"19886","D_obs",6083,5191,0,1
"19887","D_obs",6083,5192,0,3
"19888","D_obs",6083,5193,0,0
"19889","D_obs",6083,5194,0,6
"19890","D_obs",6083,5195,0,2
"19891","D_obs",6083,5196,0,3
"19892","D_obs",6083,5197,0,1
"19893","D_obs",6083,5198,0,3
"19894","D_obs",6083,5199,0,4
"19895","D_obs",6083,5200,0,2
"19896","D_obs",6083,5201,0,1
"19897","D_obs",6083,5202,0,4
"19898","D_obs",6083,5203,0,2
"19899","D_obs",6083,5204,0,0
"19900","D_obs",6083,5205,0,0
"19901","D_obs",6083,5206,0,0
"19902","D_obs",6083,5207,0,4
"19903","D_obs",6083,5208,0,0
"19904","D_obs",6083,5209,0,1
"19905","D_obs",6083,5210,0,3
"19906","D_obs",6083,5211,0,0
"19907","D_obs",6083,5212,0,2
"19908","D_obs",6083,5213,0,0
"19909","D_obs",6083,5214,0,1
"19910","D_obs",6083,5215,0,3
"19911","D_obs",6083,5216,0,1
"19912","D_obs",6083,5217,0,1
"19913","D_obs",6083,5218,0,0
"19914","D_obs",6083,5219,0,1
"19915","D_obs",6083,5220,0,1
"19916","D_obs",6083,5221,0,3
"19917","D_obs",6083,5222,0,0
"19918","D_obs",6083,5223,0,0
"19919","D_obs",6083,5224,0,0
"19920","D_obs",6083,5225,0,1
"19921","D_obs",6083,5226,0,3
"19922","D_obs",6083,5227,0,1
"19923","D_obs",6083,5228,0,1
"19924","D_obs",6083,5229,0,1
"19925","D_obs",6083,5230,0,5
"19926","D_obs",6083,5231,0,0
"19927","D_obs",6083,5232,0,5
"19928","D_obs",6083,5233,0,3
"19929","D_obs",6083,5234,0,1
"19930","D_obs",6083,5235,0,2
"19931","D_obs",6083,5236,0,2
"19932","D_obs",6083,5237,0,1
"19933","D_obs",6083,5238,0,1
"19934","D_obs",6083,5239,0,1
"19935","D_obs",6083,5240,0,3
"19936","D_obs",6083,5241,0,0
"19937","D_obs",6083,5242,0,1
"19938","D_obs",6083,5243,0,0
"19939","D_obs",6083,5244,0,0
"19940","D_obs",6083,5245,0,4
"19941","D_obs",6083,5246,0,3
"19942","D_obs",6083,5247,0,1
"19943","D_obs",6083,5248,0,0
"19944","D_obs",6083,5249,0,2
"19945","D_obs",6083,5250,0,1
"19946","D_obs",6083,5251,0,0
"19947","D_obs",6083,5252,0,2
"19948","D_obs",6083,5253,0,0
"19949","D_obs",6083,5254,0,0
"19950","D_obs",6083,5255,0,2
"19951","D_obs",6083,5256,0,1
"19952","D_obs",6083,5257,0,4
"19953","D_obs",6083,5258,0,0
"19954","D_obs",6083,5259,0,0
"19955","D_obs",6083,5260,0,0
"19956","D_obs",6083,5261,0,2
"19957","D_obs",6083,5262,0,1
"19958","D_obs",6083,5263,0,0
"19959","D_obs",6083,5264,0,0
"19960","D_obs",6083,5265,0,3
"19961","D_obs",6083,5266,0,2
"19962","D_obs",6083,5267,0,3
"19963","D_obs",6083,5268,0,1
"19964","D_obs",6083,5269,0,1
"19965","D_obs",6083,5270,0,1
"19966","D_obs",6083,5271,0,3
"19967","D_obs",6083,5272,0,1
"19968","D_obs",6083,5273,0,0
"19969","D_obs",6083,5274,0,1
"19970","D_obs",6083,5275,0,1
"19971","D_obs",6083,5276,0,2
"19972","D_obs",6083,5277,0,6
"19973","D_obs",6083,5278,0,5
"19974","D_obs",6083,5279,0,0
"19975","D_obs",6083,5280,0,4
"19976","D_obs",6083,5281,0,1
"19977","D_obs",6083,5282,0,4
"19978","D_obs",6083,5283,0,2
"19979","D_obs",6083,5284,0,0
"19980","D_obs",6083,5285,0,3
"19981","D_obs",6083,5286,0,4
"19982","D_obs",6083,5287,0,3
"19983","D_obs",6083,5288,0,4
"19984","D_obs",6083,5289,0,1
"19985","D_obs",6083,5290,0,2
"19986","D_obs",6083,5291,0,4
"19987","D_obs",6083,5292,0,0
"19988","D_obs",6083,5293,0,6
"19989","D_obs",6083,5294,0,2
"19990","D_obs",6083,5295,0,1
"19991","D_obs",6083,5296,0,0
"19992","D_obs",6083,5297,0,2
"19993","D_obs",6083,5298,0,0
"19994","D_obs",6083,5299,0,1
"19995","D_obs",6083,5300,0,3
"19996","D_obs",6083,5301,0,2
"19997","D_obs",6083,5302,0,2
"19998","D_obs",6083,5303,0,1
"19999","D_obs",6083,5304,0,1
"20000","D_obs",6083,5305,0,0
"20001","D_obs",6083,5306,0,1
"20002","D_obs",6083,5307,0,1
"20003","D_obs",6083,5308,0,0
"20004","D_obs",6083,5309,0,1
"20005","D_obs",6083,5310,0,2
"20006","D_obs",6083,5311,0,0
"20007","D_obs",6083,5312,0,0
"20008","D_obs",6083,5313,0,1
"20009","D_obs",6083,5314,0,0
"20010","D_obs",6083,5315,0,0
"20011","D_obs",6083,5316,0,0
"20012","D_obs",6083,5317,0,0
"20013","D_obs",6083,5318,0,1
"20014","D_obs",6083,5319,0,0
"20015","D_obs",6083,5320,0,0
"20016","D_obs",6083,5321,0,0
"20017","D_obs",6083,5322,0,2
"20018","D_obs",6083,5323,0,0
"20019","D_obs",6083,5324,0,1
"20020","D_obs",6083,5325,0,1
"20021","D_obs",6083,5326,0,2
"20022","D_obs",6083,5327,0,0
"20023","D_obs",6083,5328,0,0
"20024","D_obs",6083,5329,0,0
"20025","D_obs",6083,5330,0,1
"20026","D_obs",6083,5331,0,0
"20027","D_obs",6083,5332,0,0
"20028","D_obs",6083,5333,0,0
"20029","D_obs",6083,5334,0,0
"20030","D_obs",6083,5335,0,0
"20031","D_obs",6083,5336,0,2
"20032","D_obs",6083,5337,0,0
"20033","D_obs",6083,5338,0,1
"20034","D_obs",6083,5339,0,0
"20035","D_obs",6083,5340,0,0
"20036","D_obs",6083,5341,0,0
"20037","D_obs",6083,5342,0,1
"20038","D_obs",6083,5343,0,0
"20039","D_obs",6083,5344,0,1
"20040","D_obs",6083,5345,0,2
"20041","D_obs",6083,5346,0,1
"20042","D_obs",6083,5347,0,0
"20043","D_obs",6083,5348,0,2
"20044","D_obs",6083,5349,0,0
"20045","D_obs",6083,5350,0,0
"20046","D_obs",6083,5351,0,0
"20047","D_obs",6083,5352,0,0
"20048","D_obs",6083,5353,0,1
"20049","D_obs",6083,5354,0,0
"20050","D_obs",6083,5355,0,0
"20051","D_obs",6083,5356,0,0
"20052","D_obs",6083,5357,0,1
"20053","D_obs",6083,5358,0,1
"20054","D_obs",6083,5359,0,0
"20055","D_obs",6083,5360,0,0
"20056","D_obs",6083,5361,0,2
"20057","D_obs",6083,5362,0,0
"20058","D_obs",6083,5363,0,2
"20059","D_obs",6083,5364,0,1
"20060","D_obs",6083,5365,0,0
"20061","D_obs",6083,5366,0,0
"20062","D_obs",6083,5367,0,0
"20063","D_obs",6083,5368,0,0
"20064","D_obs",6083,5369,0,0
"20065","D_obs",6083,5370,0,1
"20066","D_obs",6083,5371,0,1
"20067","D_obs",6083,5372,0,0
"20068","D_obs",6083,5373,0,0
"20069","D_obs",6083,5374,0,1
"20070","D_obs",6083,5375,0,0
"20071","D_obs",6083,5376,0,0
"20072","D_obs",6083,5377,0,0
"20073","D_obs",6083,5378,0,1
"20074","D_obs",6083,5379,0,0
"20075","D_obs",6083,5380,0,1
"20076","D_obs",6083,5381,0,0
"20077","D_obs",6083,5382,0,1
"20078","D_obs",6083,5383,0,0
"20079","D_obs",6083,5384,0,0
"20080","D_obs",6083,5385,0,1
"20081","D_obs",6083,5386,0,1
"20082","D_obs",6083,5387,0,0
"20083","D_obs",6083,5388,0,0
"20084","D_obs",6083,5389,0,1
"20085","D_obs",6083,5390,0,1
"20086","D_obs",6083,5391,0,0
"20087","D_obs",6083,5392,0,1
"20088","D_obs",6083,5393,0,1
"20089","D_obs",6083,5394,0,1
"20090","D_obs",6083,5395,0,1
"20091","D_obs",6083,5396,0,2
"20092","D_obs",6083,5397,0,1
"20093","D_obs",6083,5398,0,2
"20094","D_obs",6083,5399,0,0
"20095","D_obs",6083,5400,0,3
"20096","D_obs",6083,5401,0,3
"20097","D_obs",6083,5402,0,3
"20098","D_obs",6083,5403,0,1
"20099","D_obs",6083,5404,0,0
"20100","D_obs",6083,5405,0,3
"20101","D_obs",6083,5406,0,0
"20102","D_obs",6083,5407,0,0
"20103","D_obs",6083,5408,0,1
"20104","D_obs",6083,5409,0,1
"20105","D_obs",6083,5410,0,0
"20106","D_obs",6083,5411,0,0
"20107","D_obs",6083,5412,0,0
"20108","D_obs",6083,5413,0,1
"20109","D_obs",6083,5414,0,0
"20110","D_obs",6083,5415,0,2
"20111","D_obs",6083,5416,0,1
"20112","D_obs",6083,5417,0,0
"20113","D_obs",6083,5418,0,0
"20114","D_obs",6083,5419,0,0
"20115","D_obs",6083,5420,0,0
"20116","D_obs",6083,5421,0,1
"20117","D_obs",6083,5422,0,0
"20118","D_obs",6083,5423,0,0
"20119","D_obs",6083,5424,0,1
"20120","D_obs",6083,5425,0,2
"20121","D_obs",6083,5426,0,1
"20122","D_obs",6083,5427,0,1
"20123","D_obs",6083,5428,0,1
"20124","D_obs",6083,5429,0,0
"20125","D_obs",6083,5430,0,0
"20126","D_obs",6083,5431,0,1
"20127","D_obs",6083,5432,0,1
"20128","D_obs",6083,5433,0,1
"20129","D_obs",6083,5434,0,0
"20130","D_obs",6083,5435,0,0
"20131","D_obs",6083,5436,0,1
"20132","D_obs",6083,5437,0,2
"20133","D_obs",6083,5438,0,1
"20134","D_obs",6083,5439,0,1
"20135","D_obs",6083,5440,0,1
"20136","D_obs",6083,5441,0,2
"20137","D_obs",6083,5442,0,1
"20138","D_obs",6083,5443,0,1
"20139","D_obs",6083,5444,0,1
"20140","D_obs",6083,5445,0,0
"20141","D_obs",6083,5446,0,0
"20142","D_obs",6083,5447,0,1
"20143","D_obs",6083,5448,0,1
"20144","D_obs",6083,5449,0,0
"20145","D_obs",6083,5450,0,0
"20146","D_obs",6083,5451,0,2
"20147","D_obs",6083,5452,0,0
"20148","D_obs",6083,5453,0,3
"20149","D_obs",6083,5454,0,0
"20150","D_obs",6083,5455,0,0
"20151","D_obs",6083,5456,0,1
"20152","D_obs",6083,5457,0,0
"20153","D_obs",6083,5458,0,0
"20154","D_obs",6083,5459,0,0
"20155","D_obs",6083,5460,0,0
"20156","D_obs",6083,5461,0,0
"20157","D_obs",6083,5462,0,2
"20158","D_obs",6083,5463,0,1
"20159","D_obs",6083,5464,0,1
"20160","D_obs",6083,5465,0,0
"20161","D_obs",6083,5466,0,1
"20162","D_obs",6083,5467,0,0
"20163","D_obs",6083,5468,0,0
"20164","D_obs",6083,5469,0,2
"20165","D_obs",6083,5470,0,0
"20166","D_obs",6083,5471,0,1
"20167","D_obs",6083,5472,0,1
"20168","D_obs",6083,5473,0,0
"20169","D_obs",6083,5474,0,0
"20170","D_obs",6083,5475,0,1
"20171","D_obs",6083,5476,0,0
"20172","D_obs",6083,5477,0,0
"20173","D_obs",6083,5478,0,0
"20174","D_obs",6083,5479,0,0
"20175","D_obs",6083,5480,0,0
"20176","D_obs",6083,5481,0,0
"20177","D_obs",6083,5482,0,0
"20178","D_obs",6083,5483,0,2
"20179","D_obs",6083,5484,0,1
"20180","D_obs",6083,5485,0,0
"20181","D_obs",6083,5486,0,1
"20182","D_obs",6083,5487,0,0
"20183","D_obs",6083,5488,0,1
"20184","D_obs",6083,5489,0,2
"20185","D_obs",6083,5490,0,0
"20186","D_obs",6083,5491,0,0
"20187","D_obs",6083,5492,0,0
"20188","D_obs",6083,5493,0,0
"20189","D_obs",6083,5494,0,0
"20190","D_obs",6083,5495,0,0
"20191","D_obs",6083,5496,0,0
"20192","D_obs",6083,5497,0,0
"20193","D_obs",6083,5498,0,3
"20194","D_obs",6083,5499,0,3
"20195","D_obs",6083,5500,0,0
"20196","D_obs",6083,5501,0,0
"20197","D_obs",6083,5502,0,0
"20198","D_obs",6083,5503,0,1
"20199","D_obs",6083,5504,0,2
"20200","D_obs",6083,5505,0,0
"20201","D_obs",6083,5506,0,1
"20202","D_obs",6083,5507,0,1
"20203","D_obs",6083,5508,0,1
"20204","D_obs",6083,5509,0,1
"20205","D_obs",6083,5510,0,0
"20206","D_obs",6083,5511,0,0
"20207","D_obs",6083,5512,0,1
"20208","D_obs",6083,5513,0,1
"20209","D_obs",6083,5514,0,0
"20210","D_obs",6083,5515,0,0
"20211","D_obs",6083,5516,0,1
"20212","D_obs",6083,5517,0,1
"20213","D_obs",6083,5518,0,1
"20214","D_obs",6083,5519,0,0
"20215","D_obs",6083,5520,0,0
"20216","D_obs",6083,5521,0,0
"20217","D_obs",6083,5522,0,0
"20218","D_obs",6083,5523,0,2
"20219","D_obs",6083,5524,0,0
"20220","D_obs",6083,5525,0,1
"20221","D_obs",6083,5526,0,0
"20222","D_obs",6083,5527,0,0
"20223","D_obs",6083,5528,0,0
"20224","D_obs",6083,5529,0,0
"20225","D_obs",6083,5530,0,1
"20226","D_obs",6083,5531,0,0
"20227","D_obs",6083,5532,0,1
"20228","D_obs",6083,5533,0,1
"20229","D_obs",6083,5534,0,0
"20230","D_obs",6083,5535,0,0
"20231","D_obs",6083,5536,0,0
"20232","D_obs",6083,5537,0,1
"20233","D_obs",6083,5538,0,0
"20234","D_obs",6083,5539,0,0
"20235","D_obs",6083,5540,0,0
"20236","D_obs",6083,5541,0,0
"20237","D_obs",6083,5542,0,0
"20238","D_obs",6083,5543,0,2
"20239","D_obs",6083,5544,0,0
"20240","D_obs",6083,5545,0,1
"20241","D_obs",6083,5546,0,0
"20242","D_obs",6083,5547,0,1
"20243","D_obs",6083,5548,0,0
"20244","D_obs",6083,5549,0,0
"20245","D_obs",6083,5550,0,0
"20246","D_obs",6083,5551,0,0
"20247","D_obs",6083,5552,0,0
"20248","D_obs",6083,5553,0,1
"20249","D_obs",6083,5554,0,1
"20250","D_obs",6083,5555,0,0
"20251","D_obs",6083,5556,0,0
"20252","D_obs",6083,5557,0,0
"20253","D_obs",6083,5558,0,0
"20254","D_obs",6083,5559,0,0
"20255","D_obs",6083,5560,0,0
"20256","D_obs",6083,5561,0,0
"20257","D_obs",6083,5562,0,1
"20258","D_obs",6083,5563,0,0
"20259","D_obs",6083,5564,0,0
"20260","D_obs",6083,5565,0,0
"20261","D_obs",6083,5566,0,0
"20262","D_obs",6083,5567,0,0
"20263","D_obs",6083,5568,0,0
"20264","D_obs",6083,5569,0,1
"20265","D_obs",6083,5570,0,0
"20266","D_obs",6083,5571,0,0
"20267","D_obs",6083,5572,0,0
"20268","D_obs",6083,5573,0,0
"20269","D_obs",6083,5574,0,4
"20270","D_obs",6083,5575,0,2
"20271","D_obs",6083,5576,0,1
"20272","D_obs",6083,5577,0,5
"20273","D_obs",6083,5578,0,1
"20274","D_obs",6083,5579,0,2
"20275","D_obs",6083,5580,0,3
"20276","D_obs",6083,5581,0,2
"20277","D_obs",6083,5582,0,4
"20278","D_obs",6083,5583,0,2
"20279","D_obs",6083,5584,0,4
"20280","D_obs",6083,5585,0,2
"20281","D_obs",6083,5586,0,2
"20282","D_obs",6083,5587,0,4
"20283","D_obs",6083,5588,0,6
"20284","D_obs",6083,5589,0,5
"20285","D_obs",6083,5590,0,5
"20286","D_obs",6083,5591,0,1
"20287","D_obs",6083,5592,0,5
"20288","D_obs",6083,5593,0,1
"20289","D_obs",6083,5594,0,5
"20290","D_obs",6083,5595,0,0
"20291","D_obs",6083,5596,0,3
"20292","D_obs",6083,5597,0,3
"20293","D_obs",6083,5598,0,2
"20294","D_obs",6083,5599,0,2
"20295","D_obs",6083,5600,0,4
"20296","D_obs",6083,5601,0,3
"20297","D_obs",6083,5602,0,3
"20298","D_obs",6083,5603,0,2
"20299","D_obs",6083,5604,0,2
"20300","D_obs",6083,5605,0,0
"20301","D_obs",6083,5606,0,2
"20302","D_obs",6083,5607,0,1
"20303","D_obs",6083,5608,0,3
"20304","D_obs",6083,5609,0,0
"20305","D_obs",6083,5610,0,1
"20306","D_obs",6083,5611,0,0
"20307","D_obs",6083,5612,0,1
"20308","D_obs",6083,5613,0,2
"20309","D_obs",6083,5614,0,1
"20310","D_obs",6083,5615,0,1
"20311","D_obs",6083,5616,0,0
"20312","D_obs",6083,5617,0,2
"20313","D_obs",6083,5618,0,3
"20314","D_obs",6083,5619,0,0
"20315","D_obs",6083,5620,0,0
"20316","D_obs",6083,5621,0,1
"20317","D_obs",6083,5622,0,1
"20318","D_obs",6083,5623,0,0
"20319","D_obs",6083,5624,0,0
"20320","D_obs",6083,5625,0,0
"20321","D_obs",6083,5626,0,2
"20322","D_obs",6083,5627,0,0
"20323","D_obs",6083,5628,0,0
"20324","D_obs",6083,5629,0,2
"20325","D_obs",6083,5630,0,8
"20326","D_obs",6083,5631,0,0
"20327","D_obs",6083,5632,0,5
"20328","D_obs",6083,5633,0,1
"20329","D_obs",6083,5634,0,1
"20330","D_obs",6083,5635,0,1
"20331","D_obs",6083,5636,0,3
"20332","D_obs",6083,5637,0,2
"20333","D_obs",6083,5638,0,0
"20334","D_obs",6083,5639,0,2
"20335","D_obs",6083,5640,0,0
"20336","D_obs",6083,5641,0,0
"20337","D_obs",6083,5642,0,1
"20338","D_obs",6083,5643,0,3
"20339","D_obs",6083,5644,0,3
"20340","D_obs",6083,5645,0,1
"20341","D_obs",6083,5646,0,2
"20342","D_obs",6083,5647,0,0
"20343","D_obs",6083,5648,0,0
"20344","D_obs",6083,5649,0,2
"20345","D_obs",6083,5650,0,1
"20346","D_obs",6083,5651,0,2
"20347","D_obs",6083,5652,0,2
"20348","D_obs",6083,5653,0,0
"20349","D_obs",6083,5654,0,0
"20350","D_obs",6083,5655,0,1
"20351","D_obs",6083,5656,0,1
"20352","D_obs",6083,5657,0,1
"20353","D_obs",6083,5658,0,2
"20354","D_obs",6083,5659,0,0
"20355","D_obs",6083,5660,0,1
"20356","D_obs",6083,5661,0,0
"20357","D_obs",6083,5662,0,1
"20358","D_obs",6083,5663,0,1
"20359","D_obs",6083,5664,0,0
"20360","D_obs",6083,5665,0,2
"20361","D_obs",6083,5666,0,1
"20362","D_obs",6083,5667,0,0
"20363","D_obs",6083,5668,0,0
"20364","D_obs",6083,5669,0,0
"20365","D_obs",6083,5670,0,1
"20366","D_obs",6083,5671,0,3
"20367","D_obs",6083,5672,0,3
"20368","D_obs",6083,5673,0,1
"20369","D_obs",6083,5674,0,1
"20370","D_obs",6083,5675,0,2
"20371","D_obs",6083,5676,0,1
"20372","D_obs",6083,5677,0,1
"20373","D_obs",6083,5678,0,1
"20374","D_obs",6083,5679,0,2
"20375","D_obs",6083,5680,0,1
"20376","D_obs",6083,5681,0,2
"20377","D_obs",6083,5682,0,1
"20378","D_obs",6083,5683,0,0
"20379","D_obs",6083,5684,0,2
"20380","D_obs",6083,5685,0,2
"20381","D_obs",6083,5686,0,2
"20382","D_obs",6083,5687,0,1
"20383","D_obs",6083,5688,0,2
"20384","D_obs",6083,5689,0,0
"20385","D_obs",6083,5690,0,2
"20386","D_obs",6083,5691,0,2
"20387","D_obs",6083,5692,0,2
"20388","D_obs",6083,5693,0,3
"20389","D_obs",6083,5694,0,3
"20390","D_obs",6083,5695,0,2
"20391","D_obs",6083,5696,0,1
"20392","D_obs",6083,5697,0,1
"20393","D_obs",6083,5698,0,1
"20394","D_obs",6083,5699,0,1
"20395","D_obs",6083,5700,0,3
"20396","D_obs",6083,5701,0,0
"20397","D_obs",6083,5702,0,6
"20398","D_obs",6083,5703,0,2
"20399","D_obs",6083,5704,0,3
"20400","D_obs",6083,5705,0,1
"20401","D_obs",6083,5706,0,3
"20402","D_obs",6083,5707,0,4
"20403","D_obs",6083,5708,0,2
"20404","D_obs",6083,5709,0,1
"20405","D_obs",6083,5710,0,4
"20406","D_obs",6083,5711,0,2
"20407","D_obs",6083,5712,0,0
"20408","D_obs",6083,5713,0,0
"20409","D_obs",6083,5714,0,0
"20410","D_obs",6083,5715,0,4
"20411","D_obs",6083,5716,0,0
"20412","D_obs",6083,5717,0,1
"20413","D_obs",6083,5718,0,3
"20414","D_obs",6083,5719,0,0
"20415","D_obs",6083,5720,0,2
"20416","D_obs",6083,5721,0,0
"20417","D_obs",6083,5722,0,1
"20418","D_obs",6083,5723,0,3
"20419","D_obs",6083,5724,0,1
"20420","D_obs",6083,5725,0,1
"20421","D_obs",6083,5726,0,0
"20422","D_obs",6083,5727,0,1
"20423","D_obs",6083,5728,0,1
"20424","D_obs",6083,5729,0,3
"20425","D_obs",6083,5730,0,0
"20426","D_obs",6083,5731,0,0
"20427","D_obs",6083,5732,0,0
"20428","D_obs",6083,5733,0,1
"20429","D_obs",6083,5734,0,3
"20430","D_obs",6083,5735,0,1
"20431","D_obs",6083,5736,0,1
"20432","D_obs",6083,5737,0,1
"20433","D_obs",6083,5738,0,5
"20434","D_obs",6083,5739,0,0
"20435","D_obs",6083,5740,0,5
"20436","D_obs",6083,5741,0,3
"20437","D_obs",6083,5742,0,1
"20438","D_obs",6083,5743,0,2
"20439","D_obs",6083,5744,0,2
"20440","D_obs",6083,5745,0,1
"20441","D_obs",6083,5746,0,1
"20442","D_obs",6083,5747,0,1
"20443","D_obs",6083,5748,0,3
"20444","D_obs",6083,5749,0,0
"20445","D_obs",6083,5750,0,1
"20446","D_obs",6083,5751,0,0
"20447","D_obs",6083,5752,0,0
"20448","D_obs",6083,5753,0,4
"20449","D_obs",6083,5754,0,3
"20450","D_obs",6083,5755,0,1
"20451","D_obs",6083,5756,0,0
"20452","D_obs",6083,5757,0,2
"20453","D_obs",6083,5758,0,1
"20454","D_obs",6083,5759,0,0
"20455","D_obs",6083,5760,0,2
"20456","D_obs",6083,5761,0,0
"20457","D_obs",6083,5762,0,0
"20458","D_obs",6083,5763,0,2
"20459","D_obs",6083,5764,0,1
"20460","D_obs",6083,5765,0,4
"20461","D_obs",6083,5766,0,0
"20462","D_obs",6083,5767,0,0
"20463","D_obs",6083,5768,0,0
"20464","D_obs",6083,5769,0,2
"20465","D_obs",6083,5770,0,1
"20466","D_obs",6083,5771,0,0
"20467","D_obs",6083,5772,0,0
"20468","D_obs",6083,5773,0,3
"20469","D_obs",6083,5774,0,2
"20470","D_obs",6083,5775,0,3
"20471","D_obs",6083,5776,0,1
"20472","D_obs",6083,5777,0,1
"20473","D_obs",6083,5778,0,1
"20474","D_obs",6083,5779,0,3
"20475","D_obs",6083,5780,0,1
"20476","D_obs",6083,5781,0,0
"20477","D_obs",6083,5782,0,1
"20478","D_obs",6083,5783,0,1
"20479","D_obs",6083,5784,0,2
"20480","D_obs",6083,5785,0,6
"20481","D_obs",6083,5786,0,5
"20482","D_obs",6083,5787,0,0
"20483","D_obs",6083,5788,0,4
"20484","D_obs",6083,5789,0,1
"20485","D_obs",6083,5790,0,4
"20486","D_obs",6083,5791,0,2
"20487","D_obs",6083,5792,0,0
"20488","D_obs",6083,5793,0,3
"20489","D_obs",6083,5794,0,4
"20490","D_obs",6083,5795,0,3
"20491","D_obs",6083,5796,0,4
"20492","D_obs",6083,5797,0,1
"20493","D_obs",6083,5798,0,2
"20494","D_obs",6083,5799,0,4
"20495","D_obs",6083,5800,0,0
"20496","D_obs",6083,5801,0,6
"20497","D_obs",6083,5802,0,2
"20498","D_obs",6083,5803,0,1
"20499","D_obs",6083,5804,0,0
"20500","D_obs",6083,5805,0,2
"20501","D_obs",6083,5806,0,0
"20502","D_obs",6083,5807,0,1
"20503","D_obs",6083,5808,0,3
"20504","D_obs",6083,5809,0,2
"20505","D_obs",6083,5810,0,2
"20506","D_obs",6083,5811,0,1
"20507","D_obs",6083,5812,0,1
"20508","D_obs",6083,5813,0,0
"20509","D_obs",6083,5814,0,1
"20510","D_obs",6083,5815,0,1
"20511","D_obs",6083,5816,0,0
"20512","D_obs",6083,5817,0,1
"20513","D_obs",6083,5818,0,2
"20514","D_obs",6083,5819,0,0
"20515","D_obs",6083,5820,0,0
"20516","D_obs",6083,5821,0,1
"20517","D_obs",6083,5822,0,0
"20518","D_obs",6083,5823,0,0
"20519","D_obs",6083,5824,0,0
"20520","D_obs",6083,5825,0,0
"20521","D_obs",6083,5826,0,1
"20522","D_obs",6083,5827,0,0
"20523","D_obs",6083,5828,0,0
"20524","D_obs",6083,5829,0,0
"20525","D_obs",6083,5830,0,2
"20526","D_obs",6083,5831,0,0
"20527","D_obs",6083,5832,0,1
"20528","D_obs",6083,5833,0,1
"20529","D_obs",6083,5834,0,2
"20530","D_obs",6083,5835,0,0
"20531","D_obs",6083,5836,0,0
"20532","D_obs",6083,5837,0,0
"20533","D_obs",6083,5838,0,1
"20534","D_obs",6083,5839,0,0
"20535","D_obs",6083,5840,0,0
"20536","D_obs",6083,5841,0,0
"20537","D_obs",6083,5842,0,0
"20538","D_obs",6083,5843,0,0
"20539","D_obs",6083,5844,0,2
"20540","D_obs",6083,5845,0,0
"20541","D_obs",6083,5846,0,1
"20542","D_obs",6083,5847,0,0
"20543","D_obs",6083,5848,0,0
"20544","D_obs",6083,5849,0,0
"20545","D_obs",6083,5850,0,1
"20546","D_obs",6083,5851,0,0
"20547","D_obs",6083,5852,0,1
"20548","D_obs",6083,5853,0,2
"20549","D_obs",6083,5854,0,1
"20550","D_obs",6083,5855,0,0
"20551","D_obs",6083,5856,0,2
"20552","D_obs",6083,5857,0,0
"20553","D_obs",6083,5858,0,0
"20554","D_obs",6083,5859,0,0
"20555","D_obs",6083,5860,0,0
"20556","D_obs",6083,5861,0,1
"20557","D_obs",6083,5862,0,0
"20558","D_obs",6083,5863,0,0
"20559","D_obs",6083,5864,0,0
"20560","D_obs",6083,5865,0,1
"20561","D_obs",6083,5866,0,1
"20562","D_obs",6083,5867,0,0
"20563","D_obs",6083,5868,0,0
"20564","D_obs",6083,5869,0,2
"20565","D_obs",6083,5870,0,0
"20566","D_obs",6083,5871,0,2
"20567","D_obs",6083,5872,0,1
"20568","D_obs",6083,5873,0,0
"20569","D_obs",6083,5874,0,0
"20570","D_obs",6083,5875,0,0
"20571","D_obs",6083,5876,0,0
"20572","D_obs",6083,5877,0,0
"20573","D_obs",6083,5878,0,1
"20574","D_obs",6083,5879,0,1
"20575","D_obs",6083,5880,0,0
"20576","D_obs",6083,5881,0,0
"20577","D_obs",6083,5882,0,1
"20578","D_obs",6083,5883,0,0
"20579","D_obs",6083,5884,0,0
"20580","D_obs",6083,5885,0,0
"20581","D_obs",6083,5886,0,1
"20582","D_obs",6083,5887,0,0
"20583","D_obs",6083,5888,0,1
"20584","D_obs",6083,5889,0,0
"20585","D_obs",6083,5890,0,1
"20586","D_obs",6083,5891,0,0
"20587","D_obs",6083,5892,0,0
"20588","D_obs",6083,5893,0,1
"20589","D_obs",6083,5894,0,1
"20590","D_obs",6083,5895,0,0
"20591","D_obs",6083,5896,0,0
"20592","D_obs",6083,5897,0,1
"20593","D_obs",6083,5898,0,1
"20594","D_obs",6083,5899,0,0
"20595","D_obs",6083,5900,0,1
"20596","D_obs",6083,5901,0,1
"20597","D_obs",6083,5902,0,1
"20598","D_obs",6083,5903,0,1
"20599","D_obs",6083,5904,0,2
"20600","D_obs",6083,5905,0,1
"20601","D_obs",6083,5906,0,2
"20602","D_obs",6083,5907,0,0
"20603","D_obs",6083,5908,0,3
"20604","D_obs",6083,5909,0,3
"20605","D_obs",6083,5910,0,3
"20606","D_obs",6083,5911,0,1
"20607","D_obs",6083,5912,0,0
"20608","D_obs",6083,5913,0,3
"20609","D_obs",6083,5914,0,0
"20610","D_obs",6083,5915,0,0
"20611","D_obs",6083,5916,0,1
"20612","D_obs",6083,5917,0,1
"20613","D_obs",6083,5918,0,0
"20614","D_obs",6083,5919,0,0
"20615","D_obs",6083,5920,0,0
"20616","D_obs",6083,5921,0,1
"20617","D_obs",6083,5922,0,0
"20618","D_obs",6083,5923,0,2
"20619","D_obs",6083,5924,0,1
"20620","D_obs",6083,5925,0,0
"20621","D_obs",6083,5926,0,0
"20622","D_obs",6083,5927,0,0
"20623","D_obs",6083,5928,0,0
"20624","D_obs",6083,5929,0,1
"20625","D_obs",6083,5930,0,0
"20626","D_obs",6083,5931,0,0
"20627","D_obs",6083,5932,0,1
"20628","D_obs",6083,5933,0,2
"20629","D_obs",6083,5934,0,1
"20630","D_obs",6083,5935,0,1
"20631","D_obs",6083,5936,0,1
"20632","D_obs",6083,5937,0,0
"20633","D_obs",6083,5938,0,0
"20634","D_obs",6083,5939,0,1
"20635","D_obs",6083,5940,0,1
"20636","D_obs",6083,5941,0,1
"20637","D_obs",6083,5942,0,0
"20638","D_obs",6083,5943,0,0
"20639","D_obs",6083,5944,0,1
"20640","D_obs",6083,5945,0,2
"20641","D_obs",6083,5946,0,1
"20642","D_obs",6083,5947,0,1
"20643","D_obs",6083,5948,0,1
"20644","D_obs",6083,5949,0,2
"20645","D_obs",6083,5950,0,1
"20646","D_obs",6083,5951,0,1
"20647","D_obs",6083,5952,0,1
"20648","D_obs",6083,5953,0,0
"20649","D_obs",6083,5954,0,0
"20650","D_obs",6083,5955,0,1
"20651","D_obs",6083,5956,0,1
"20652","D_obs",6083,5957,0,0
"20653","D_obs",6083,5958,0,0
"20654","D_obs",6083,5959,0,2
"20655","D_obs",6083,5960,0,0
"20656","D_obs",6083,5961,0,3
"20657","D_obs",6083,5962,0,0
"20658","D_obs",6083,5963,0,0
"20659","D_obs",6083,5964,0,1
"20660","D_obs",6083,5965,0,0
"20661","D_obs",6083,5966,0,0
"20662","D_obs",6083,5967,0,0
"20663","D_obs",6083,5968,0,0
"20664","D_obs",6083,5969,0,0
"20665","D_obs",6083,5970,0,2
"20666","D_obs",6083,5971,0,1
"20667","D_obs",6083,5972,0,1
"20668","D_obs",6083,5973,0,0
"20669","D_obs",6083,5974,0,1
"20670","D_obs",6083,5975,0,0
"20671","D_obs",6083,5976,0,0
"20672","D_obs",6083,5977,0,2
"20673","D_obs",6083,5978,0,0
"20674","D_obs",6083,5979,0,1
"20675","D_obs",6083,5980,0,1
"20676","D_obs",6083,5981,0,0
"20677","D_obs",6083,5982,0,0
"20678","D_obs",6083,5983,0,1
"20679","D_obs",6083,5984,0,0
"20680","D_obs",6083,5985,0,0
"20681","D_obs",6083,5986,0,0
"20682","D_obs",6083,5987,0,0
"20683","D_obs",6083,5988,0,0
"20684","D_obs",6083,5989,0,0
"20685","D_obs",6083,5990,0,0
"20686","D_obs",6083,5991,0,2
"20687","D_obs",6083,5992,0,1
"20688","D_obs",6083,5993,0,0
"20689","D_obs",6083,5994,0,1
"20690","D_obs",6083,5995,0,0
"20691","D_obs",6083,5996,0,1
"20692","D_obs",6083,5997,0,2
"20693","D_obs",6083,5998,0,0
"20694","D_obs",6083,5999,0,0
"20695","D_obs",6083,6000,0,0
"20696","D_obs",6083,6001,0,0
"20697","D_obs",6083,6002,0,0
"20698","D_obs",6083,6003,0,0
"20699","D_obs",6083,6004,0,0
"20700","D_obs",6083,6005,0,0
"20701","D_obs",6083,6006,0,3
"20702","D_obs",6083,6007,0,3
"20703","D_obs",6083,6008,0,0
"20704","D_obs",6083,6009,0,0
"20705","D_obs",6083,6010,0,0
"20706","D_obs",6083,6011,0,1
"20707","D_obs",6083,6012,0,2
"20708","D_obs",6083,6013,0,0
"20709","D_obs",6083,6014,0,1
"20710","D_obs",6083,6015,0,1
"20711","D_obs",6083,6016,0,1
"20712","D_obs",6083,6017,0,1
"20713","D_obs",6083,6018,0,0
"20714","D_obs",6083,6019,0,0
"20715","D_obs",6083,6020,0,1
"20716","D_obs",6083,6021,0,1
"20717","D_obs",6083,6022,0,0
"20718","D_obs",6083,6023,0,0
"20719","D_obs",6083,6024,0,1
"20720","D_obs",6083,6025,0,1
"20721","D_obs",6083,6026,0,1
"20722","D_obs",6083,6027,0,0
"20723","D_obs",6083,6028,0,0
"20724","D_obs",6083,6029,0,0
"20725","D_obs",6083,6030,0,0
"20726","D_obs",6083,6031,0,2
"20727","D_obs",6083,6032,0,0
"20728","D_obs",6083,6033,0,1
"20729","D_obs",6083,6034,0,0
"20730","D_obs",6083,6035,0,0
"20731","D_obs",6083,6036,0,0
"20732","D_obs",6083,6037,0,0
"20733","D_obs",6083,6038,0,1
"20734","D_obs",6083,6039,0,0
"20735","D_obs",6083,6040,0,1
"20736","D_obs",6083,6041,0,1
"20737","D_obs",6083,6042,0,0
"20738","D_obs",6083,6043,0,0
"20739","D_obs",6083,6044,0,0
"20740","D_obs",6083,6045,0,1
"20741","D_obs",6083,6046,0,0
"20742","D_obs",6083,6047,0,0
"20743","D_obs",6083,6048,0,0
"20744","D_obs",6083,6049,0,0
"20745","D_obs",6083,6050,0,0
"20746","D_obs",6083,6051,0,2
"20747","D_obs",6083,6052,0,0
"20748","D_obs",6083,6053,0,1
"20749","D_obs",6083,6054,0,0
"20750","D_obs",6083,6055,0,1
"20751","D_obs",6083,6056,0,0
"20752","D_obs",6083,6057,0,0
"20753","D_obs",6083,6058,0,0
"20754","D_obs",6083,6059,0,0
"20755","D_obs",6083,6060,0,0
"20756","D_obs",6083,6061,0,1
"20757","D_obs",6083,6062,0,1
"20758","D_obs",6083,6063,0,0
"20759","D_obs",6083,6064,0,0
"20760","D_obs",6083,6065,0,0
"20761","D_obs",6083,6066,0,0
"20762","D_obs",6083,6067,0,0
"20763","D_obs",6083,6068,0,0
"20764","D_obs",6083,6069,0,0
"20765","D_obs",6083,6070,0,1
"20766","D_obs",6083,6071,0,0
"20767","D_obs",6083,6072,0,0
"20768","D_obs",6083,6073,0,0
"20769","D_obs",6083,6074,0,0
"20770","D_obs",6083,6075,0,0
"20771","D_obs",6083,6076,0,0
"20772","D_obs",6083,6077,0,1
"20773","D_obs",6083,6078,0,0
"20774","D_obs",6083,6079,0,0
"20775","D_obs",6083,6080,0,0
"20776","D_obs",6083,6081,0,0
"20777","cases_obs",6083,0,0,208
"20778","cases_obs",6083,1,0,199
"20779","cases_obs",6083,2,0,209
"20780","cases_obs",6083,3,0,205
"20781","cases_obs",6083,4,0,191
"20782","cases_obs",6083,5,0,189
"20783","cases_obs",6083,6,0,150
"20784","cases_obs",6083,7,0,193
"20785","cases_obs",6083,8,0,216
"20786","cases_obs",6083,9,0,179
"20787","cases_obs",6083,10,0,154
"20788","cases_obs",6083,11,0,174
"20789","cases_obs",6083,12,0,204
"20790","cases_obs",6083,13,0,167
"20791","cases_obs",6083,14,0,216
"20792","cases_obs",6083,15,0,178
"20793","cases_obs",6083,16,0,223
"20794","cases_obs",6083,17,0,434
"20795","cases_obs",6083,18,0,508
"20796","cases_obs",6083,19,0,365
"20797","cases_obs",6083,20,0,408
"20798","cases_obs",6083,21,0,367
"20799","cases_obs",6083,22,0,368
"20800","cases_obs",6083,23,0,354
"20801","cases_obs",6083,24,0,418
"20802","cases_obs",6083,25,0,478
"20803","cases_obs",6083,26,0,415
"20804","cases_obs",6083,27,0,408
"20805","cases_obs",6083,28,0,399
"20806","cases_obs",6083,29,0,442
"20807","cases_obs",6083,30,0,429
"20808","cases_obs",6083,31,0,371
"20809","cases_obs",6083,32,0,343
"20810","cases_obs",6083,33,0,294
"20811","cases_obs",6083,34,0,332
"20812","cases_obs",6083,35,0,394
"20813","cases_obs",6083,36,0,504
"20814","cases_obs",6083,37,0,479
"20815","cases_obs",6083,38,0,594
"20816","cases_obs",6083,39,0,636
"20817","cases_obs",6083,40,0,510
"20818","cases_obs",6083,41,0,610
"20819","cases_obs",6083,42,0,590
"20820","cases_obs",6083,43,0,532
"20821","cases_obs",6083,44,0,432
"20822","cases_obs",6083,45,0,411
"20823","cases_obs",6083,46,0,448
"20824","cases_obs",6083,47,0,400
"20825","cases_obs",6083,48,0,458
"20826","cases_obs",6083,49,0,403
"20827","cases_obs",6083,50,0,312
"20828","cases_obs",6083,51,0,302
"20829","cases_obs",6083,52,0,378
"20830","cases_obs",6083,53,0,331
"20831","cases_obs",6083,54,0,335
"20832","cases_obs",6083,55,0,368
"20833","cases_obs",6083,56,0,306
"20834","cases_obs",6083,57,0,315
"20835","cases_obs",6083,58,0,328
"20836","cases_obs",6083,59,0,271
"20837","cases_obs",6083,60,0,275
"20838","cases_obs",6083,61,0,340
"20839","cases_obs",6083,62,0,311
"20840","cases_obs",6083,63,0,309
"20841","cases_obs",6083,64,0,256
"20842","cases_obs",6083,65,0,312
"20843","cases_obs",6083,66,0,294
"20844","cases_obs",6083,67,0,307
"20845","cases_obs",6083,68,0,336
"20846","cases_obs",6083,69,0,292
"20847","cases_obs",6083,70,0,318
"20848","cases_obs",6083,71,0,324
"20849","cases_obs",6083,72,0,318
"20850","cases_obs",6083,73,0,381
"20851","cases_obs",6083,74,0,360
"20852","cases_obs",6083,75,0,333
"20853","cases_obs",6083,76,0,429
"20854","cases_obs",6083,77,0,325
"20855","cases_obs",6083,78,0,291
"20856","cases_obs",6083,79,0,319
"20857","cases_obs",6083,80,0,354
"20858","cases_obs",6083,81,0,463
"20859","cases_obs",6083,82,0,451
"20860","cases_obs",6083,83,0,331
"20861","cases_obs",6083,84,0,353
"20862","cases_obs",6083,85,0,345
"20863","cases_obs",6083,86,0,329
"20864","cases_obs",6083,87,0,384
"20865","cases_obs",6083,88,0,336
"20866","cases_obs",6083,89,0,357
"20867","cases_obs",6083,90,0,422
"20868","cases_obs",6083,91,0,430
"20869","cases_obs",6083,92,0,464
"20870","cases_obs",6083,93,0,407
"20871","cases_obs",6083,94,0,413
"20872","cases_obs",6083,95,0,441
"20873","cases_obs",6083,96,0,410
"20874","cases_obs",6083,97,0,308
"20875","cases_obs",6083,98,0,320
"20876","cases_obs",6083,99,0,443
"20877","cases_obs",6083,100,0,279
"20878","cases_obs",6083,101,0,322
"20879","cases_obs",6083,102,0,346
"20880","cases_obs",6083,103,0,226
"20881","cases_obs",6083,104,0,266
"20882","cases_obs",6083,105,0,296
"20883","cases_obs",6083,106,0,243
"20884","cases_obs",6083,107,0,256
"20885","cases_obs",6083,108,0,235
"20886","cases_obs",6083,109,0,225
"20887","cases_obs",6083,110,0,262
"20888","cases_obs",6083,111,0,235
"20889","cases_obs",6083,112,0,220
"20890","cases_obs",6083,113,0,214
"20891","cases_obs",6083,114,0,274
"20892","cases_obs",6083,115,0,255
"20893","cases_obs",6083,116,0,249
"20894","cases_obs",6083,117,0,221
"20895","cases_obs",6083,118,0,180
"20896","cases_obs",6083,119,0,216
"20897","cases_obs",6083,120,0,236
"20898","cases_obs",6083,121,0,297
"20899","cases_obs",6083,122,0,269
"20900","cases_obs",6083,123,0,259
"20901","cases_obs",6083,124,0,269
"20902","cases_obs",6083,125,0,264
"20903","cases_obs",6083,126,0,258
"20904","cases_obs",6083,127,0,199
"20905","cases_obs",6083,128,0,192
"20906","cases_obs",6083,129,0,244
"20907","cases_obs",6083,130,0,270
"20908","cases_obs",6083,131,0,272
"20909","cases_obs",6083,132,0,263
"20910","cases_obs",6083,133,0,291
"20911","cases_obs",6083,134,0,266
"20912","cases_obs",6083,135,0,238
"20913","cases_obs",6083,136,0,228
"20914","cases_obs",6083,137,0,233
"20915","cases_obs",6083,138,0,204
"20916","cases_obs",6083,139,0,245
"20917","cases_obs",6083,140,0,254
"20918","cases_obs",6083,141,0,256
"20919","cases_obs",6083,142,0,333
"20920","cases_obs",6083,143,0,274
"20921","cases_obs",6083,144,0,270
"20922","cases_obs",6083,145,0,249
"20923","cases_obs",6083,146,0,243
"20924","cases_obs",6083,147,0,240
"20925","cases_obs",6083,148,0,240
"20926","cases_obs",6083,149,0,214
"20927","cases_obs",6083,150,0,203
"20928","cases_obs",6083,151,0,206
"20929","cases_obs",6083,152,0,203
"20930","cases_obs",6083,153,0,190
"20931","cases_obs",6083,154,0,226
"20932","cases_obs",6083,155,0,156
"20933","cases_obs",6083,156,0,204
"20934","cases_obs",6083,157,0,226
"20935","cases_obs",6083,158,0,216
"20936","cases_obs",6083,159,0,190
"20937","cases_obs",6083,160,0,186
"20938","cases_obs",6083,161,0,178
"20939","cases_obs",6083,162,0,192
"20940","cases_obs",6083,163,0,167
"20941","cases_obs",6083,164,0,159
"20942","cases_obs",6083,165,0,189
"20943","cases_obs",6083,166,0,213
"20944","cases_obs",6083,167,0,196
"20945","cases_obs",6083,168,0,177
"20946","cases_obs",6083,169,0,152
"20947","cases_obs",6083,170,0,175
"20948","cases_obs",6083,171,0,180
"20949","cases_obs",6083,172,0,240
"20950","cases_obs",6083,173,0,216
"20951","cases_obs",6083,174,0,266
"20952","cases_obs",6083,175,0,256
"20953","cases_obs",6083,176,0,285
"20954","cases_obs",6083,177,0,208
"20955","cases_obs",6083,178,0,253
"20956","cases_obs",6083,179,0,221
"20957","cases_obs",6083,180,0,243
"20958","cases_obs",6083,181,0,219
"20959","cases_obs",6083,182,0,268
"20960","cases_obs",6083,183,0,315
"20961","cases_obs",6083,184,0,267
"20962","cases_obs",6083,185,0,245
"20963","cases_obs",6083,186,0,277
"20964","cases_obs",6083,187,0,203
"20965","cases_obs",6083,188,0,205
"20966","cases_obs",6083,189,0,204
"20967","cases_obs",6083,190,0,268
"20968","cases_obs",6083,191,0,308
"20969","cases_obs",6083,192,0,267
"20970","cases_obs",6083,193,0,374
"20971","cases_obs",6083,194,0,327
"20972","cases_obs",6083,195,0,398
"20973","cases_obs",6083,196,0,482
"20974","cases_obs",6083,197,0,420
"20975","cases_obs",6083,198,0,441
"20976","cases_obs",6083,199,0,342
"20977","cases_obs",6083,200,0,354
"20978","cases_obs",6083,201,0,319
"20979","cases_obs",6083,202,0,286
"20980","cases_obs",6083,203,0,309
"20981","cases_obs",6083,204,0,278
"20982","cases_obs",6083,205,0,290
"20983","cases_obs",6083,206,0,286
"20984","cases_obs",6083,207,0,259
"20985","cases_obs",6083,208,0,247
"20986","cases_obs",6083,209,0,215
"20987","cases_obs",6083,210,0,228
"20988","cases_obs",6083,211,0,252
"20989","cases_obs",6083,212,0,274
"20990","cases_obs",6083,213,0,252
"20991","cases_obs",6083,214,0,302
"20992","cases_obs",6083,215,0,266
"20993","cases_obs",6083,216,0,265
"20994","cases_obs",6083,217,0,309
"20995","cases_obs",6083,218,0,334
"20996","cases_obs",6083,219,0,304
"20997","cases_obs",6083,220,0,287
"20998","cases_obs",6083,221,0,280
"20999","cases_obs",6083,222,0,335
"21000","cases_obs",6083,223,0,322
"21001","cases_obs",6083,224,0,244
"21002","cases_obs",6083,225,0,286
"21003","cases_obs",6083,226,0,268
"21004","cases_obs",6083,227,0,336
"21005","cases_obs",6083,228,0,364
"21006","cases_obs",6083,229,0,338
"21007","cases_obs",6083,230,0,379
"21008","cases_obs",6083,231,0,300
"21009","cases_obs",6083,232,0,347
"21010","cases_obs",6083,233,0,327
"21011","cases_obs",6083,234,0,372
"21012","cases_obs",6083,235,0,378
"21013","cases_obs",6083,236,0,383
"21014","cases_obs",6083,237,0,322
"21015","cases_obs",6083,238,0,385
"21016","cases_obs",6083,239,0,376
"21017","cases_obs",6083,240,0,383
"21018","cases_obs",6083,241,0,403
"21019","cases_obs",6083,242,0,371
"21020","cases_obs",6083,243,0,401
"21021","cases_obs",6083,244,0,509
"21022","cases_obs",6083,245,0,482
"21023","cases_obs",6083,246,0,598
"21024","cases_obs",6083,247,0,543
"21025","cases_obs",6083,248,0,567
"21026","cases_obs",6083,249,0,547
"21027","cases_obs",6083,250,0,571
"21028","cases_obs",6083,251,0,554
"21029","cases_obs",6083,252,0,541
"21030","cases_obs",6083,253,0,576
"21031","cases_obs",6083,254,0,467
"21032","cases_obs",6083,255,0,501
"21033","cases_obs",6083,256,0,440
"21034","cases_obs",6083,257,0,400
"21035","cases_obs",6083,258,0,390
"21036","cases_obs",6083,259,0,294
"21037","cases_obs",6083,260,0,306
"21038","cases_obs",6083,261,0,347
"21039","cases_obs",6083,262,0,286
"21040","cases_obs",6083,263,0,345
"21041","cases_obs",6083,264,0,364
"21042","cases_obs",6083,265,0,356
"21043","cases_obs",6083,266,0,231
"21044","cases_obs",6083,267,0,321
"21045","cases_obs",6083,268,0,292
"21046","cases_obs",6083,269,0,336
"21047","cases_obs",6083,270,0,285
"21048","cases_obs",6083,271,0,268
"21049","cases_obs",6083,272,0,273
"21050","cases_obs",6083,273,0,245
"21051","cases_obs",6083,274,0,293
"21052","cases_obs",6083,275,0,246
"21053","cases_obs",6083,276,0,347
"21054","cases_obs",6083,277,0,314
"21055","cases_obs",6083,278,0,364
"21056","cases_obs",6083,279,0,356
"21057","cases_obs",6083,280,0,327
"21058","cases_obs",6083,281,0,376
"21059","cases_obs",6083,282,0,336
"21060","cases_obs",6083,283,0,363
"21061","cases_obs",6083,284,0,393
"21062","cases_obs",6083,285,0,402
"21063","cases_obs",6083,286,0,406
"21064","cases_obs",6083,287,0,399
"21065","cases_obs",6083,288,0,427
"21066","cases_obs",6083,289,0,434
"21067","cases_obs",6083,290,0,431
"21068","cases_obs",6083,291,0,463
"21069","cases_obs",6083,292,0,345
"21070","cases_obs",6083,293,0,329
"21071","cases_obs",6083,294,0,364
"21072","cases_obs",6083,295,0,308
"21073","cases_obs",6083,296,0,466
"21074","cases_obs",6083,297,0,442
"21075","cases_obs",6083,298,0,518
"21076","cases_obs",6083,299,0,537
"21077","cases_obs",6083,300,0,671
"21078","cases_obs",6083,301,0,602
"21079","cases_obs",6083,302,0,591
"21080","cases_obs",6083,303,0,566
"21081","cases_obs",6083,304,0,529
"21082","cases_obs",6083,305,0,477
"21083","cases_obs",6083,306,0,481
"21084","cases_obs",6083,307,0,521
"21085","cases_obs",6083,308,0,456
"21086","cases_obs",6083,309,0,444
"21087","cases_obs",6083,310,0,398
"21088","cases_obs",6083,311,0,363
"21089","cases_obs",6083,312,0,261
"21090","cases_obs",6083,313,0,332
"21091","cases_obs",6083,314,0,312
"21092","cases_obs",6083,315,0,360
"21093","cases_obs",6083,316,0,316
"21094","cases_obs",6083,317,0,332
"21095","cases_obs",6083,318,0,339
"21096","cases_obs",6083,319,0,401
"21097","cases_obs",6083,320,0,333
"21098","cases_obs",6083,321,0,344
"21099","cases_obs",6083,322,0,322
"21100","cases_obs",6083,323,0,350
"21101","cases_obs",6083,324,0,337
"21102","cases_obs",6083,325,0,327
"21103","cases_obs",6083,326,0,401
"21104","cases_obs",6083,327,0,313
"21105","cases_obs",6083,328,0,371
"21106","cases_obs",6083,329,0,394
"21107","cases_obs",6083,330,0,366
"21108","cases_obs",6083,331,0,383
"21109","cases_obs",6083,332,0,337
"21110","cases_obs",6083,333,0,451
"21111","cases_obs",6083,334,0,457
"21112","cases_obs",6083,335,0,393
"21113","cases_obs",6083,336,0,429
"21114","cases_obs",6083,337,0,410
"21115","cases_obs",6083,338,0,457
"21116","cases_obs",6083,339,0,512
"21117","cases_obs",6083,340,0,517
"21118","cases_obs",6083,341,0,595
"21119","cases_obs",6083,342,0,573
"21120","cases_obs",6083,343,0,444
"21121","cases_obs",6083,344,0,536
"21122","cases_obs",6083,345,0,438
"21123","cases_obs",6083,346,0,447
"21124","cases_obs",6083,347,0,571
"21125","cases_obs",6083,348,0,621
"21126","cases_obs",6083,349,0,606
"21127","cases_obs",6083,350,0,726
"21128","cases_obs",6083,351,0,780
"21129","cases_obs",6083,352,0,838
"21130","cases_obs",6083,353,0,798
"21131","cases_obs",6083,354,0,867
"21132","cases_obs",6083,355,0,871
"21133","cases_obs",6083,356,0,851
"21134","cases_obs",6083,357,0,726
"21135","cases_obs",6083,358,0,677
"21136","cases_obs",6083,359,0,653
"21137","cases_obs",6083,360,0,668
"21138","cases_obs",6083,361,0,596
"21139","cases_obs",6083,362,0,573
"21140","cases_obs",6083,363,0,491
"21141","cases_obs",6083,364,0,391
"21142","cases_obs",6083,365,0,463
"21143","cases_obs",6083,366,0,516
"21144","cases_obs",6083,367,0,470
"21145","cases_obs",6083,368,0,447
"21146","cases_obs",6083,369,0,413
"21147","cases_obs",6083,370,0,453
"21148","cases_obs",6083,371,0,472
"21149","cases_obs",6083,372,0,454
"21150","cases_obs",6083,373,0,379
"21151","cases_obs",6083,374,0,358
"21152","cases_obs",6083,375,0,356
"21153","cases_obs",6083,376,0,397
"21154","cases_obs",6083,377,0,374
"21155","cases_obs",6083,378,0,340
"21156","cases_obs",6083,379,0,331
"21157","cases_obs",6083,380,0,342
"21158","cases_obs",6083,381,0,359
"21159","cases_obs",6083,382,0,364
"21160","cases_obs",6083,383,0,384
"21161","cases_obs",6083,384,0,378
"21162","cases_obs",6083,385,0,332
"21163","cases_obs",6083,386,0,335
"21164","cases_obs",6083,387,0,293
"21165","cases_obs",6083,388,0,308
"21166","cases_obs",6083,389,0,301
"21167","cases_obs",6083,390,0,358
"21168","cases_obs",6083,391,0,343
"21169","cases_obs",6083,392,0,412
"21170","cases_obs",6083,393,0,371
"21171","cases_obs",6083,394,0,432
"21172","cases_obs",6083,395,0,384
"21173","cases_obs",6083,396,0,362
"21174","cases_obs",6083,397,0,328
"21175","cases_obs",6083,398,0,384
"21176","cases_obs",6083,399,0,385
"21177","cases_obs",6083,400,0,396
"21178","cases_obs",6083,401,0,478
"21179","cases_obs",6083,402,0,617
"21180","cases_obs",6083,403,0,604
"21181","cases_obs",6083,404,0,612
"21182","cases_obs",6083,405,0,539
"21183","cases_obs",6083,406,0,524
"21184","cases_obs",6083,407,0,425
"21185","cases_obs",6083,408,0,505
"21186","cases_obs",6083,409,0,531
"21187","cases_obs",6083,410,0,525
"21188","cases_obs",6083,411,0,447
"21189","cases_obs",6083,412,0,510
"21190","cases_obs",6083,413,0,451
"21191","cases_obs",6083,414,0,448
"21192","cases_obs",6083,415,0,413
"21193","cases_obs",6083,416,0,258
"21194","cases_obs",6083,417,0,417
"21195","cases_obs",6083,418,0,360
"21196","cases_obs",6083,419,0,354
"21197","cases_obs",6083,420,0,408
"21198","cases_obs",6083,421,0,350
"21199","cases_obs",6083,422,0,326
"21200","cases_obs",6083,423,0,311
"21201","cases_obs",6083,424,0,290
"21202","cases_obs",6083,425,0,333
"21203","cases_obs",6083,426,0,308
"21204","cases_obs",6083,427,0,284
"21205","cases_obs",6083,428,0,248
"21206","cases_obs",6083,429,0,340
"21207","cases_obs",6083,430,0,316
"21208","cases_obs",6083,431,0,229
"21209","cases_obs",6083,432,0,279
"21210","cases_obs",6083,433,0,271
"21211","cases_obs",6083,434,0,331
"21212","cases_obs",6083,435,0,313
"21213","cases_obs",6083,436,0,329
"21214","cases_obs",6083,437,0,372
"21215","cases_obs",6083,438,0,348
"21216","cases_obs",6083,439,0,309
"21217","cases_obs",6083,440,0,317
"21218","cases_obs",6083,441,0,459
"21219","cases_obs",6083,442,0,445
"21220","cases_obs",6083,443,0,403
"21221","cases_obs",6083,444,0,383
"21222","cases_obs",6083,445,0,420
"21223","cases_obs",6083,446,0,383
"21224","cases_obs",6083,447,0,316
"21225","cases_obs",6083,448,0,290
"21226","cases_obs",6083,449,0,307
"21227","cases_obs",6083,450,0,248
"21228","cases_obs",6083,451,0,283
"21229","cases_obs",6083,452,0,341
"21230","cases_obs",6083,453,0,413
"21231","cases_obs",6083,454,0,433
"21232","cases_obs",6083,455,0,447
"21233","cases_obs",6083,456,0,413
"21234","cases_obs",6083,457,0,328
"21235","cases_obs",6083,458,0,381
"21236","cases_obs",6083,459,0,347
"21237","cases_obs",6083,460,0,313
"21238","cases_obs",6083,461,0,317
"21239","cases_obs",6083,462,0,311
"21240","cases_obs",6083,463,0,304
"21241","cases_obs",6083,464,0,284
"21242","cases_obs",6083,465,0,277
"21243","cases_obs",6083,466,0,287
"21244","cases_obs",6083,467,0,285
"21245","cases_obs",6083,468,0,234
"21246","cases_obs",6083,469,0,282
"21247","cases_obs",6083,470,0,213
"21248","cases_obs",6083,471,0,215
"21249","cases_obs",6083,472,0,212
"21250","cases_obs",6083,473,0,209
"21251","cases_obs",6083,474,0,207
"21252","cases_obs",6083,475,0,246
"21253","cases_obs",6083,476,0,216
"21254","cases_obs",6083,477,0,221
"21255","cases_obs",6083,478,0,216
"21256","cases_obs",6083,479,0,216
"21257","cases_obs",6083,480,0,174
"21258","cases_obs",6083,481,0,180
"21259","cases_obs",6083,482,0,198
"21260","cases_obs",6083,483,0,196
"21261","cases_obs",6083,484,0,210
"21262","cases_obs",6083,485,0,202
"21263","cases_obs",6083,486,0,206
"21264","cases_obs",6083,487,0,188
"21265","cases_obs",6083,488,0,188
"21266","cases_obs",6083,489,0,203
"21267","cases_obs",6083,490,0,183
"21268","cases_obs",6083,491,0,215
"21269","cases_obs",6083,492,0,191
"21270","cases_obs",6083,493,0,172
"21271","cases_obs",6083,494,0,199
"21272","cases_obs",6083,495,0,196
"21273","cases_obs",6083,496,0,186
"21274","cases_obs",6083,497,0,247
"21275","cases_obs",6083,498,0,185
"21276","cases_obs",6083,499,0,199
"21277","cases_obs",6083,500,0,170
"21278","cases_obs",6083,501,0,176
"21279","cases_obs",6083,502,0,164
"21280","cases_obs",6083,503,0,168
"21281","cases_obs",6083,504,0,190
"21282","cases_obs",6083,505,0,203
"21283","cases_obs",6083,506,0,216
"21284","cases_obs",6083,507,0,214
"21285","cases_obs",6083,508,0,262
"21286","cases_obs",6083,509,0,250
"21287","cases_obs",6083,510,0,252
"21288","cases_obs",6083,511,0,263
"21289","cases_obs",6083,512,0,232
"21290","cases_obs",6083,513,0,200
"21291","cases_obs",6083,514,0,246
"21292","cases_obs",6083,515,0,204
"21293","cases_obs",6083,516,0,176
"21294","cases_obs",6083,517,0,170
"21295","cases_obs",6083,518,0,180
"21296","cases_obs",6083,519,0,189
"21297","cases_obs",6083,520,0,177
"21298","cases_obs",6083,521,0,145
"21299","cases_obs",6083,522,0,166
"21300","cases_obs",6083,523,0,151
"21301","cases_obs",6083,524,0,156
"21302","cases_obs",6083,525,0,125
"21303","cases_obs",6083,526,0,139
"21304","cases_obs",6083,527,0,144
"21305","cases_obs",6083,528,0,156
"21306","cases_obs",6083,529,0,158
"21307","cases_obs",6083,530,0,128
"21308","cases_obs",6083,531,0,143
"21309","cases_obs",6083,532,0,157
"21310","cases_obs",6083,533,0,137
"21311","cases_obs",6083,534,0,145
"21312","cases_obs",6083,535,0,122
"21313","cases_obs",6083,536,0,126
"21314","cases_obs",6083,537,0,185
"21315","cases_obs",6083,538,0,154
"21316","cases_obs",6083,539,0,156
"21317","cases_obs",6083,540,0,167
"21318","cases_obs",6083,541,0,173
"21319","cases_obs",6083,542,0,151
"21320","cases_obs",6083,543,0,171
"21321","cases_obs",6083,544,0,151
"21322","cases_obs",6083,545,0,196
"21323","cases_obs",6083,546,0,164
"21324","cases_obs",6083,547,0,172
"21325","cases_obs",6083,548,0,193
"21326","cases_obs",6083,549,0,211
"21327","cases_obs",6083,550,0,231
"21328","cases_obs",6083,551,0,222
"21329","cases_obs",6083,552,0,194
"21330","cases_obs",6083,553,0,186
"21331","cases_obs",6083,554,0,157
"21332","cases_obs",6083,555,0,141
"21333","cases_obs",6083,556,0,167
"21334","cases_obs",6083,557,0,226
"21335","cases_obs",6083,558,0,267
"21336","cases_obs",6083,559,0,243
"21337","cases_obs",6083,560,0,346
"21338","cases_obs",6083,561,0,303
"21339","cases_obs",6083,562,0,380
"21340","cases_obs",6083,563,0,382
"21341","cases_obs",6083,564,0,335
"21342","cases_obs",6083,565,0,291
"21343","cases_obs",6083,566,0,318
"21344","cases_obs",6083,567,0,309
"21345","cases_obs",6083,568,0,240
"21346","cases_obs",6083,569,0,258
"21347","cases_obs",6083,570,0,272
"21348","cases_obs",6083,571,0,253
"21349","cases_obs",6083,572,0,207
"21350","cases_obs",6083,573,0,169
"21351","cases_obs",6083,574,0,214
"21352","cases_obs",6083,575,0,172
"21353","cases_obs",6083,576,0,171
"21354","cases_obs",6083,577,0,195
"21355","cases_obs",6083,578,0,170
"21356","cases_obs",6083,579,0,183
"21357","cases_obs",6083,580,0,148
"21358","cases_obs",6083,581,0,214
"21359","cases_obs",6083,582,0,182
"21360","cases_obs",6083,583,0,168
"21361","cases_obs",6083,584,0,177
"21362","cases_obs",6083,585,0,131
"21363","cases_obs",6083,586,0,158
"21364","cases_obs",6083,587,0,114
"21365","cases_obs",6083,588,0,131
"21366","cases_obs",6083,589,0,143
"21367","cases_obs",6083,590,0,168
"21368","cases_obs",6083,591,0,183
"21369","cases_obs",6083,592,0,163
"21370","cases_obs",6083,593,0,163
"21371","cases_obs",6083,594,0,192
"21372","cases_obs",6083,595,0,173
"21373","cases_obs",6083,596,0,189
"21374","cases_obs",6083,597,0,200
"21375","cases_obs",6083,598,0,199
"21376","cases_obs",6083,599,0,206
"21377","cases_obs",6083,600,0,213
"21378","cases_obs",6083,601,0,247
"21379","cases_obs",6083,602,0,196
"21380","cases_obs",6083,603,0,214
"21381","cases_obs",6083,604,0,183
"21382","cases_obs",6083,605,0,211
"21383","cases_obs",6083,606,0,215
"21384","cases_obs",6083,607,0,160
"21385","cases_obs",6083,608,0,219
"21386","cases_obs",6083,609,0,233
"21387","cases_obs",6083,610,0,283
"21388","cases_obs",6083,611,0,239
"21389","cases_obs",6083,612,0,285
"21390","cases_obs",6083,613,0,330
"21391","cases_obs",6083,614,0,340
"21392","cases_obs",6083,615,0,356
"21393","cases_obs",6083,616,0,313
"21394","cases_obs",6083,617,0,306
"21395","cases_obs",6083,618,0,326
"21396","cases_obs",6083,619,0,303
"21397","cases_obs",6083,620,0,288
"21398","cases_obs",6083,621,0,294
"21399","cases_obs",6083,622,0,300
"21400","cases_obs",6083,623,0,252
"21401","cases_obs",6083,624,0,227
"21402","cases_obs",6083,625,0,180
"21403","cases_obs",6083,626,0,205
"21404","cases_obs",6083,627,0,203
"21405","cases_obs",6083,628,0,223
"21406","cases_obs",6083,629,0,210
"21407","cases_obs",6083,630,0,245
"21408","cases_obs",6083,631,0,223
"21409","cases_obs",6083,632,0,213
"21410","cases_obs",6083,633,0,169
"21411","cases_obs",6083,634,0,205
"21412","cases_obs",6083,635,0,178
"21413","cases_obs",6083,636,0,178
"21414","cases_obs",6083,637,0,118
"21415","cases_obs",6083,638,0,242
"21416","cases_obs",6083,639,0,178
"21417","cases_obs",6083,640,0,182
"21418","cases_obs",6083,641,0,215
"21419","cases_obs",6083,642,0,204
"21420","cases_obs",6083,643,0,220
"21421","cases_obs",6083,644,0,199
"21422","cases_obs",6083,645,0,213
"21423","cases_obs",6083,646,0,197
"21424","cases_obs",6083,647,0,188
"21425","cases_obs",6083,648,0,199
"21426","cases_obs",6083,649,0,201
"21427","cases_obs",6083,650,0,285
"21428","cases_obs",6083,651,0,332
"21429","cases_obs",6083,652,0,325
"21430","cases_obs",6083,653,0,335
"21431","cases_obs",6083,654,0,361
"21432","cases_obs",6083,655,0,361
"21433","cases_obs",6083,656,0,292
"21434","cases_obs",6083,657,0,228
"21435","cases_obs",6083,658,0,246
"21436","cases_obs",6083,659,0,241
"21437","cases_obs",6083,660,0,286
"21438","cases_obs",6083,661,0,336
"21439","cases_obs",6083,662,0,306
"21440","cases_obs",6083,663,0,403
"21441","cases_obs",6083,664,0,535
"21442","cases_obs",6083,665,0,514
"21443","cases_obs",6083,666,0,508
"21444","cases_obs",6083,667,0,576
"21445","cases_obs",6083,668,0,609
"21446","cases_obs",6083,669,0,698
"21447","cases_obs",6083,670,0,548
"21448","cases_obs",6083,671,0,681
"21449","cases_obs",6083,672,0,639
"21450","cases_obs",6083,673,0,640
"21451","cases_obs",6083,674,0,553
"21452","cases_obs",6083,675,0,596
"21453","cases_obs",6083,676,0,485
"21454","cases_obs",6083,677,0,318
"21455","cases_obs",6083,678,0,459
"21456","cases_obs",6083,679,0,457
"21457","cases_obs",6083,680,0,429
"21458","cases_obs",6083,681,0,374
"21459","cases_obs",6083,682,0,459
"21460","cases_obs",6083,683,0,411
"21461","cases_obs",6083,684,0,458
"21462","cases_obs",6083,685,0,380
"21463","cases_obs",6083,686,0,432
"21464","cases_obs",6083,687,0,360
"21465","cases_obs",6083,688,0,337
"21466","cases_obs",6083,689,0,342
"21467","cases_obs",6083,690,0,341
"21468","cases_obs",6083,691,0,396
"21469","cases_obs",6083,692,0,292
"21470","cases_obs",6083,693,0,318
"21471","cases_obs",6083,694,0,292
"21472","cases_obs",6083,695,0,381
"21473","cases_obs",6083,696,0,410
"21474","cases_obs",6083,697,0,338
"21475","cases_obs",6083,698,0,426
"21476","cases_obs",6083,699,0,404
"21477","cases_obs",6083,700,0,351
"21478","cases_obs",6083,701,0,403
"21479","cases_obs",6083,702,0,428
"21480","cases_obs",6083,703,0,445
"21481","cases_obs",6083,704,0,433
"21482","cases_obs",6083,705,0,432
"21483","cases_obs",6083,706,0,446
"21484","cases_obs",6083,707,0,423
"21485","cases_obs",6083,708,0,431
"21486","cases_obs",6083,709,0,372
"21487","cases_obs",6083,710,0,378
"21488","cases_obs",6083,711,0,364
"21489","cases_obs",6083,712,0,542
"21490","cases_obs",6083,713,0,554
"21491","cases_obs",6083,714,0,661
"21492","cases_obs",6083,715,0,584
"21493","cases_obs",6083,716,0,652
"21494","cases_obs",6083,717,0,810
"21495","cases_obs",6083,718,0,771
"21496","cases_obs",6083,719,0,875
"21497","cases_obs",6083,720,0,824
"21498","cases_obs",6083,721,0,689
"21499","cases_obs",6083,722,0,725
"21500","cases_obs",6083,723,0,698
"21501","cases_obs",6083,724,0,689
"21502","cases_obs",6083,725,0,644
"21503","cases_obs",6083,726,0,578
"21504","cases_obs",6083,727,0,546
"21505","cases_obs",6083,728,0,476
"21506","cases_obs",6083,729,0,318
"21507","cases_obs",6083,730,0,503
"21508","cases_obs",6083,731,0,328
"21509","cases_obs",6083,732,0,355
"21510","cases_obs",6083,733,0,322
"21511","cases_obs",6083,734,0,338
"21512","cases_obs",6083,735,0,369
"21513","cases_obs",6083,736,0,361
"21514","cases_obs",6083,737,0,308
"21515","cases_obs",6083,738,0,299
"21516","cases_obs",6083,739,0,333
"21517","cases_obs",6083,740,0,280
"21518","cases_obs",6083,741,0,318
"21519","cases_obs",6083,742,0,300
"21520","cases_obs",6083,743,0,243
"21521","cases_obs",6083,744,0,292
"21522","cases_obs",6083,745,0,276
"21523","cases_obs",6083,746,0,255
"21524","cases_obs",6083,747,0,321
"21525","cases_obs",6083,748,0,323
"21526","cases_obs",6083,749,0,276
"21527","cases_obs",6083,750,0,336
"21528","cases_obs",6083,751,0,279
"21529","cases_obs",6083,752,0,321
"21530","cases_obs",6083,753,0,350
"21531","cases_obs",6083,754,0,330
"21532","cases_obs",6083,755,0,331
"21533","cases_obs",6083,756,0,351
"21534","cases_obs",6083,757,0,348
"21535","cases_obs",6083,758,0,315
"21536","cases_obs",6083,759,0,349
"21537","cases_obs",6083,760,0,314
"21538","cases_obs",6083,761,0,284
"21539","cases_obs",6083,762,0,294
"21540","cases_obs",6083,763,0,223
"21541","cases_obs",6083,764,0,211
"21542","cases_obs",6083,765,0,354
"21543","cases_obs",6083,766,0,294
"21544","cases_obs",6083,767,0,400
"21545","cases_obs",6083,768,0,393
"21546","cases_obs",6083,769,0,422
"21547","cases_obs",6083,770,0,485
"21548","cases_obs",6083,771,0,467
"21549","cases_obs",6083,772,0,463
"21550","cases_obs",6083,773,0,410
"21551","cases_obs",6083,774,0,353
"21552","cases_obs",6083,775,0,396
"21553","cases_obs",6083,776,0,347
"21554","cases_obs",6083,777,0,331
"21555","cases_obs",6083,778,0,298
"21556","cases_obs",6083,779,0,277
"21557","cases_obs",6083,780,0,272
"21558","cases_obs",6083,781,0,199
"21559","cases_obs",6083,782,0,258
"21560","cases_obs",6083,783,0,261
"21561","cases_obs",6083,784,0,234
"21562","cases_obs",6083,785,0,274
"21563","cases_obs",6083,786,0,263
"21564","cases_obs",6083,787,0,257
"21565","cases_obs",6083,788,0,200
"21566","cases_obs",6083,789,0,223
"21567","cases_obs",6083,790,0,203
"21568","cases_obs",6083,791,0,234
"21569","cases_obs",6083,792,0,226
"21570","cases_obs",6083,793,0,192
"21571","cases_obs",6083,794,0,207
"21572","cases_obs",6083,795,0,210
"21573","cases_obs",6083,796,0,235
"21574","cases_obs",6083,797,0,196
"21575","cases_obs",6083,798,0,183
"21576","cases_obs",6083,799,0,201
"21577","cases_obs",6083,800,0,168
"21578","cases_obs",6083,801,0,167
"21579","cases_obs",6083,802,0,155
"21580","cases_obs",6083,803,0,161
"21581","cases_obs",6083,804,0,162
"21582","cases_obs",6083,805,0,166
"21583","cases_obs",6083,806,0,154
"21584","cases_obs",6083,807,0,170
"21585","cases_obs",6083,808,0,157
"21586","cases_obs",6083,809,0,165
"21587","cases_obs",6083,810,0,165
"21588","cases_obs",6083,811,0,172
"21589","cases_obs",6083,812,0,161
"21590","cases_obs",6083,813,0,127
"21591","cases_obs",6083,814,0,145
"21592","cases_obs",6083,815,0,90
"21593","cases_obs",6083,816,0,97
"21594","cases_obs",6083,817,0,129
"21595","cases_obs",6083,818,0,147
"21596","cases_obs",6083,819,0,141
"21597","cases_obs",6083,820,0,147
"21598","cases_obs",6083,821,0,155
"21599","cases_obs",6083,822,0,153
"21600","cases_obs",6083,823,0,153
"21601","cases_obs",6083,824,0,140
"21602","cases_obs",6083,825,0,177
"21603","cases_obs",6083,826,0,163
"21604","cases_obs",6083,827,0,153
"21605","cases_obs",6083,828,0,147
"21606","cases_obs",6083,829,0,118
"21607","cases_obs",6083,830,0,128
"21608","cases_obs",6083,831,0,98
"21609","cases_obs",6083,832,0,120
"21610","cases_obs",6083,833,0,94
"21611","cases_obs",6083,834,0,94
"21612","cases_obs",6083,835,0,119
"21613","cases_obs",6083,836,0,86
"21614","cases_obs",6083,837,0,108
"21615","cases_obs",6083,838,0,111
"21616","cases_obs",6083,839,0,93
"21617","cases_obs",6083,840,0,95
"21618","cases_obs",6083,841,0,113
"21619","cases_obs",6083,842,0,123
"21620","cases_obs",6083,843,0,109
"21621","cases_obs",6083,844,0,104
"21622","cases_obs",6083,845,0,109
"21623","cases_obs",6083,846,0,114
"21624","cases_obs",6083,847,0,98
"21625","cases_obs",6083,848,0,75
"21626","cases_obs",6083,849,0,91
"21627","cases_obs",6083,850,0,86
"21628","cases_obs",6083,851,0,96
"21629","cases_obs",6083,852,0,101
"21630","cases_obs",6083,853,0,99
"21631","cases_obs",6083,854,0,90
"21632","cases_obs",6083,855,0,90
"21633","cases_obs",6083,856,0,84
"21634","cases_obs",6083,857,0,107
"21635","cases_obs",6083,858,0,70
"21636","cases_obs",6083,859,0,72
"21637","cases_obs",6083,860,0,91
"21638","cases_obs",6083,861,0,102
"21639","cases_obs",6083,862,0,110
"21640","cases_obs",6083,863,0,94
"21641","cases_obs",6083,864,0,93
"21642","cases_obs",6083,865,0,84
"21643","cases_obs",6083,866,0,69
"21644","cases_obs",6083,867,0,90
"21645","cases_obs",6083,868,0,92
"21646","cases_obs",6083,869,0,88
"21647","cases_obs",6083,870,0,104
"21648","cases_obs",6083,871,0,113
"21649","cases_obs",6083,872,0,151
"21650","cases_obs",6083,873,0,156
"21651","cases_obs",6083,874,0,157
"21652","cases_obs",6083,875,0,168
"21653","cases_obs",6083,876,0,158
"21654","cases_obs",6083,877,0,212
"21655","cases_obs",6083,878,0,188
"21656","cases_obs",6083,879,0,153
"21657","cases_obs",6083,880,0,226
"21658","cases_obs",6083,881,0,210
"21659","cases_obs",6083,882,0,195
"21660","cases_obs",6083,883,0,169
"21661","cases_obs",6083,884,0,154
"21662","cases_obs",6083,885,0,132
"21663","cases_obs",6083,886,0,113
"21664","cases_obs",6083,887,0,135
"21665","cases_obs",6083,888,0,144
"21666","cases_obs",6083,889,0,125
"21667","cases_obs",6083,890,0,135
"21668","cases_obs",6083,891,0,135
"21669","cases_obs",6083,892,0,127
"21670","cases_obs",6083,893,0,106
"21671","cases_obs",6083,894,0,119
"21672","cases_obs",6083,895,0,94
"21673","cases_obs",6083,896,0,118
"21674","cases_obs",6083,897,0,131
"21675","cases_obs",6083,898,0,153
"21676","cases_obs",6083,899,0,118
"21677","cases_obs",6083,900,0,95
"21678","cases_obs",6083,901,0,109
"21679","cases_obs",6083,902,0,98
"21680","cases_obs",6083,903,0,97
"21681","cases_obs",6083,904,0,91
"21682","cases_obs",6083,905,0,123
"21683","cases_obs",6083,906,0,119
"21684","cases_obs",6083,907,0,108
"21685","cases_obs",6083,908,0,86
"21686","cases_obs",6083,909,0,106
"21687","cases_obs",6083,910,0,116
"21688","cases_obs",6083,911,0,135
"21689","cases_obs",6083,912,0,147
"21690","cases_obs",6083,913,0,112
"21691","cases_obs",6083,914,0,113
"21692","cases_obs",6083,915,0,110
"21693","cases_obs",6083,916,0,98
"21694","cases_obs",6083,917,0,102
"21695","cases_obs",6083,918,0,94
"21696","cases_obs",6083,919,0,100
"21697","cases_obs",6083,920,0,104
"21698","cases_obs",6083,921,0,101
"21699","cases_obs",6083,922,0,138
"21700","cases_obs",6083,923,0,161
"21701","cases_obs",6083,924,0,157
"21702","cases_obs",6083,925,0,185
"21703","cases_obs",6083,926,0,170
"21704","cases_obs",6083,927,0,242
"21705","cases_obs",6083,928,0,237
"21706","cases_obs",6083,929,0,211
"21707","cases_obs",6083,930,0,171
"21708","cases_obs",6083,931,0,170
"21709","cases_obs",6083,932,0,153
"21710","cases_obs",6083,933,0,138
"21711","cases_obs",6083,934,0,127
"21712","cases_obs",6083,935,0,156
"21713","cases_obs",6083,936,0,145
"21714","cases_obs",6083,937,0,137
"21715","cases_obs",6083,938,0,121
"21716","cases_obs",6083,939,0,160
"21717","cases_obs",6083,940,0,119
"21718","cases_obs",6083,941,0,157
"21719","cases_obs",6083,942,0,125
"21720","cases_obs",6083,943,0,122
"21721","cases_obs",6083,944,0,128
"21722","cases_obs",6083,945,0,143
"21723","cases_obs",6083,946,0,132
"21724","cases_obs",6083,947,0,121
"21725","cases_obs",6083,948,0,140
"21726","cases_obs",6083,949,0,130
"21727","cases_obs",6083,950,0,106
"21728","cases_obs",6083,951,0,155
"21729","cases_obs",6083,952,0,157
"21730","cases_obs",6083,953,0,177
"21731","cases_obs",6083,954,0,136
"21732","cases_obs",6083,955,0,122
"21733","cases_obs",6083,956,0,119
"21734","cases_obs",6083,957,0,152
"21735","cases_obs",6083,958,0,151
"21736","cases_obs",6083,959,0,156
"21737","cases_obs",6083,960,0,164
"21738","cases_obs",6083,961,0,147
"21739","cases_obs",6083,962,0,162
"21740","cases_obs",6083,963,0,165
"21741","cases_obs",6083,964,0,179
"21742","cases_obs",6083,965,0,244
"21743","cases_obs",6083,966,0,259
"21744","cases_obs",6083,967,0,240
"21745","cases_obs",6083,968,0,288
"21746","cases_obs",6083,969,0,212
"21747","cases_obs",6083,970,0,189
"21748","cases_obs",6083,971,0,208
"21749","cases_obs",6083,972,0,165
"21750","cases_obs",6083,973,0,166
"21751","cases_obs",6083,974,0,219
"21752","cases_obs",6083,975,0,259
"21753","cases_obs",6083,976,0,260
"21754","cases_obs",6083,977,0,305
"21755","cases_obs",6083,978,0,390
"21756","cases_obs",6083,979,0,418
"21757","cases_obs",6083,980,0,448
"21758","cases_obs",6083,981,0,479
"21759","cases_obs",6083,982,0,444
"21760","cases_obs",6083,983,0,458
"21761","cases_obs",6083,984,0,438
"21762","cases_obs",6083,985,0,467
"21763","cases_obs",6083,986,0,511
"21764","cases_obs",6083,987,0,503
"21765","cases_obs",6083,988,0,442
"21766","cases_obs",6083,989,0,484
"21767","cases_obs",6083,990,0,261
"21768","cases_obs",6083,991,0,469
"21769","cases_obs",6083,992,0,287
"21770","cases_obs",6083,993,0,328
"21771","cases_obs",6083,994,0,343
"21772","cases_obs",6083,995,0,303
"21773","cases_obs",6083,996,0,314
"21774","cases_obs",6083,997,0,282
"21775","cases_obs",6083,998,0,299
"21776","cases_obs",6083,999,0,277
"21777","cases_obs",6083,1000,0,256
"21778","cases_obs",6083,1001,0,252
"21779","cases_obs",6083,1002,0,294
"21780","cases_obs",6083,1003,0,281
"21781","cases_obs",6083,1004,0,202
"21782","cases_obs",6083,1005,0,305
"21783","cases_obs",6083,1006,0,235
"21784","cases_obs",6083,1007,0,217
"21785","cases_obs",6083,1008,0,233
"21786","cases_obs",6083,1009,0,229
"21787","cases_obs",6083,1010,0,271
"21788","cases_obs",6083,1011,0,229
"21789","cases_obs",6083,1012,0,221
"21790","cases_obs",6083,1013,0,198
"21791","cases_obs",6083,1014,0,217
"21792","cases_obs",6083,1015,0,264
"21793","cases_obs",6083,1016,0,274
"21794","cases_obs",6083,1017,0,302
"21795","cases_obs",6083,1018,0,293
"21796","cases_obs",6083,1019,0,303
"21797","cases_obs",6083,1020,0,280
"21798","cases_obs",6083,1021,0,292
"21799","cases_obs",6083,1022,0,295
"21800","cases_obs",6083,1023,0,317
"21801","cases_obs",6083,1024,0,340
"21802","cases_obs",6083,1025,0,369
"21803","cases_obs",6083,1026,0,436
"21804","cases_obs",6083,1027,0,532
"21805","cases_obs",6083,1028,0,605
"21806","cases_obs",6083,1029,0,703
"21807","cases_obs",6083,1030,0,771
"21808","cases_obs",6083,1031,0,826
"21809","cases_obs",6083,1032,0,906
"21810","cases_obs",6083,1033,0,943
"21811","cases_obs",6083,1034,0,1025
"21812","cases_obs",6083,1035,0,878
"21813","cases_obs",6083,1036,0,980
"21814","cases_obs",6083,1037,0,838
"21815","cases_obs",6083,1038,0,728
"21816","cases_obs",6083,1039,0,787
"21817","cases_obs",6083,1040,0,723
"21818","cases_obs",6083,1041,0,528
"21819","cases_obs",6083,1042,0,471
"21820","cases_obs",6083,1043,0,641
"21821","cases_obs",6083,1044,0,516
"21822","cases_obs",6083,1045,0,479
"21823","cases_obs",6083,1046,0,540
"21824","cases_obs",6083,1047,0,567
"21825","cases_obs",6083,1048,0,424
"21826","cases_obs",6083,1049,0,488
"21827","cases_obs",6083,1050,0,525
"21828","cases_obs",6083,1051,0,465
"21829","cases_obs",6083,1052,0,476
"21830","cases_obs",6083,1053,0,509
"21831","cases_obs",6083,1054,0,513
"21832","cases_obs",6083,1055,0,466
"21833","cases_obs",6083,1056,0,445
"21834","cases_obs",6083,1057,0,427
"21835","cases_obs",6083,1058,0,409
"21836","cases_obs",6083,1059,0,411
"21837","cases_obs",6083,1060,0,490
"21838","cases_obs",6083,1061,0,490
"21839","cases_obs",6083,1062,0,533
"21840","cases_obs",6083,1063,0,503
"21841","cases_obs",6083,1064,0,553
"21842","cases_obs",6083,1065,0,547
"21843","cases_obs",6083,1066,0,427
"21844","cases_obs",6083,1067,0,558
"21845","cases_obs",6083,1068,0,546
"21846","cases_obs",6083,1069,0,542
"21847","cases_obs",6083,1070,0,625
"21848","cases_obs",6083,1071,0,593
"21849","cases_obs",6083,1072,0,602
"21850","cases_obs",6083,1073,0,530
"21851","cases_obs",6083,1074,0,439
"21852","cases_obs",6083,1075,0,395
"21853","cases_obs",6083,1076,0,478
"21854","cases_obs",6083,1077,0,434
"21855","cases_obs",6083,1078,0,605
"21856","cases_obs",6083,1079,0,730
"21857","cases_obs",6083,1080,0,878
"21858","cases_obs",6083,1081,0,812
"21859","cases_obs",6083,1082,0,894
"21860","cases_obs",6083,1083,0,1154
"21861","cases_obs",6083,1084,0,1137
"21862","cases_obs",6083,1085,0,1232
"21863","cases_obs",6083,1086,0,1102
"21864","cases_obs",6083,1087,0,1088
"21865","cases_obs",6083,1088,0,990
"21866","cases_obs",6083,1089,0,949
"21867","cases_obs",6083,1090,0,924
"21868","cases_obs",6083,1091,0,779
"21869","cases_obs",6083,1092,0,684
"21870","cases_obs",6083,1093,0,689
"21871","cases_obs",6083,1094,0,661
"21872","cases_obs",6083,1095,0,553
"21873","cases_obs",6083,1096,0,512
"21874","cases_obs",6083,1097,0,520
"21875","cases_obs",6083,1098,0,465
"21876","cases_obs",6083,1099,0,477
"21877","cases_obs",6083,1100,0,453
"21878","cases_obs",6083,1101,0,422
"21879","cases_obs",6083,1102,0,394
"21880","cases_obs",6083,1103,0,380
"21881","cases_obs",6083,1104,0,299
"21882","cases_obs",6083,1105,0,388
"21883","cases_obs",6083,1106,0,308
"21884","cases_obs",6083,1107,0,325
"21885","cases_obs",6083,1108,0,372
"21886","cases_obs",6083,1109,0,325
"21887","cases_obs",6083,1110,0,333
"21888","cases_obs",6083,1111,0,305
"21889","cases_obs",6083,1112,0,363
"21890","cases_obs",6083,1113,0,342
"21891","cases_obs",6083,1114,0,354
"21892","cases_obs",6083,1115,0,320
"21893","cases_obs",6083,1116,0,297
"21894","cases_obs",6083,1117,0,269
"21895","cases_obs",6083,1118,0,294
"21896","cases_obs",6083,1119,0,318
"21897","cases_obs",6083,1120,0,282
"21898","cases_obs",6083,1121,0,333
"21899","cases_obs",6083,1122,0,330
"21900","cases_obs",6083,1123,0,332
"21901","cases_obs",6083,1124,0,277
"21902","cases_obs",6083,1125,0,272
"21903","cases_obs",6083,1126,0,247
"21904","cases_obs",6083,1127,0,232
"21905","cases_obs",6083,1128,0,261
"21906","cases_obs",6083,1129,0,258
"21907","cases_obs",6083,1130,0,286
"21908","cases_obs",6083,1131,0,305
"21909","cases_obs",6083,1132,0,326
"21910","cases_obs",6083,1133,0,369
"21911","cases_obs",6083,1134,0,344
"21912","cases_obs",6083,1135,0,311
"21913","cases_obs",6083,1136,0,356
"21914","cases_obs",6083,1137,0,303
"21915","cases_obs",6083,1138,0,272
"21916","cases_obs",6083,1139,0,327
"21917","cases_obs",6083,1140,0,295
"21918","cases_obs",6083,1141,0,278
"21919","cases_obs",6083,1142,0,284
"21920","cases_obs",6083,1143,0,273
"21921","cases_obs",6083,1144,0,269
"21922","cases_obs",6083,1145,0,249
"21923","cases_obs",6083,1146,0,208
"21924","cases_obs",6083,1147,0,285
"21925","cases_obs",6083,1148,0,200
"21926","cases_obs",6083,1149,0,222
"21927","cases_obs",6083,1150,0,221
"21928","cases_obs",6083,1151,0,220
"21929","cases_obs",6083,1152,0,182
"21930","cases_obs",6083,1153,0,230
"21931","cases_obs",6083,1154,0,196
"21932","cases_obs",6083,1155,0,218
"21933","cases_obs",6083,1156,0,218
"21934","cases_obs",6083,1157,0,212
"21935","cases_obs",6083,1158,0,206
"21936","cases_obs",6083,1159,0,172
"21937","cases_obs",6083,1160,0,175
"21938","cases_obs",6083,1161,0,142
"21939","cases_obs",6083,1162,0,174
"21940","cases_obs",6083,1163,0,170
"21941","cases_obs",6083,1164,0,194
"21942","cases_obs",6083,1165,0,189
"21943","cases_obs",6083,1166,0,155
"21944","cases_obs",6083,1167,0,172
"21945","cases_obs",6083,1168,0,189
"21946","cases_obs",6083,1169,0,161
"21947","cases_obs",6083,1170,0,177
"21948","cases_obs",6083,1171,0,171
"21949","cases_obs",6083,1172,0,194
"21950","cases_obs",6083,1173,0,180
"21951","cases_obs",6083,1174,0,173
"21952","cases_obs",6083,1175,0,141
"21953","cases_obs",6083,1176,0,143
"21954","cases_obs",6083,1177,0,127
"21955","cases_obs",6083,1178,0,109
"21956","cases_obs",6083,1179,0,114
"21957","cases_obs",6083,1180,0,123
"21958","cases_obs",6083,1181,0,123
"21959","cases_obs",6083,1182,0,179
"21960","cases_obs",6083,1183,0,218
"21961","cases_obs",6083,1184,0,230
"21962","cases_obs",6083,1185,0,256
"21963","cases_obs",6083,1186,0,235
"21964","cases_obs",6083,1187,0,230
"21965","cases_obs",6083,1188,0,216
"21966","cases_obs",6083,1189,0,302
"21967","cases_obs",6083,1190,0,241
"21968","cases_obs",6083,1191,0,220
"21969","cases_obs",6083,1192,0,242
"21970","cases_obs",6083,1193,0,227
"21971","cases_obs",6083,1194,0,240
"21972","cases_obs",6083,1195,0,214
"21973","cases_obs",6083,1196,0,211
"21974","cases_obs",6083,1197,0,178
"21975","cases_obs",6083,1198,0,172
"21976","cases_obs",6083,1199,0,194
"21977","cases_obs",6083,1200,0,146
"21978","cases_obs",6083,1201,0,179
"21979","cases_obs",6083,1202,0,217
"21980","cases_obs",6083,1203,0,148
"21981","cases_obs",6083,1204,0,187
"21982","cases_obs",6083,1205,0,170
"21983","cases_obs",6083,1206,0,161
"21984","cases_obs",6083,1207,0,133
"21985","cases_obs",6083,1208,0,193
"21986","cases_obs",6083,1209,0,155
"21987","cases_obs",6083,1210,0,183
"21988","cases_obs",6083,1211,0,184
"21989","cases_obs",6083,1212,0,166
"21990","cases_obs",6083,1213,0,170
"21991","cases_obs",6083,1214,0,186
"21992","cases_obs",6083,1215,0,215
"21993","cases_obs",6083,1216,0,185
"21994","cases_obs",6083,1217,0,189
"21995","cases_obs",6083,1218,0,221
"21996","cases_obs",6083,1219,0,235
"21997","cases_obs",6083,1220,0,228
"21998","cases_obs",6083,1221,0,227
"21999","cases_obs",6083,1222,0,235
"22000","cases_obs",6083,1223,0,193
"22001","cases_obs",6083,1224,0,208
"22002","cases_obs",6083,1225,0,205
"22003","cases_obs",6083,1226,0,240
"22004","cases_obs",6083,1227,0,184
"22005","cases_obs",6083,1228,0,211
"22006","cases_obs",6083,1229,0,216
"22007","cases_obs",6083,1230,0,214
"22008","cases_obs",6083,1231,0,219
"22009","cases_obs",6083,1232,0,174
"22010","cases_obs",6083,1233,0,207
"22011","cases_obs",6083,1234,0,209
"22012","cases_obs",6083,1235,0,273
"22013","cases_obs",6083,1236,0,302
"22014","cases_obs",6083,1237,0,269
"22015","cases_obs",6083,1238,0,286
"22016","cases_obs",6083,1239,0,323
"22017","cases_obs",6083,1240,0,296
"22018","cases_obs",6083,1241,0,293
"22019","cases_obs",6083,1242,0,295
"22020","cases_obs",6083,1243,0,264
"22021","cases_obs",6083,1244,0,295
"22022","cases_obs",6083,1245,0,255
"22023","cases_obs",6083,1246,0,322
"22024","cases_obs",6083,1247,0,256
"22025","cases_obs",6083,1248,0,238
"22026","cases_obs",6083,1249,0,268
"22027","cases_obs",6083,1250,0,180
"22028","cases_obs",6083,1251,0,291
"22029","cases_obs",6083,1252,0,218
"22030","cases_obs",6083,1253,0,239
"22031","cases_obs",6083,1254,0,205
"22032","cases_obs",6083,1255,0,211
"22033","cases_obs",6083,1256,0,197
"22034","cases_obs",6083,1257,0,213
"22035","cases_obs",6083,1258,0,205
"22036","cases_obs",6083,1259,0,193
"22037","cases_obs",6083,1260,0,183
"22038","cases_obs",6083,1261,0,183
"22039","cases_obs",6083,1262,0,176
"22040","cases_obs",6083,1263,0,197
"22041","cases_obs",6083,1264,0,236
"22042","cases_obs",6083,1265,0,206
"22043","cases_obs",6083,1266,0,196
"22044","cases_obs",6083,1267,0,191
"22045","cases_obs",6083,1268,0,197
"22046","cases_obs",6083,1269,0,239
"22047","cases_obs",6083,1270,0,202
"22048","cases_obs",6083,1271,0,217
"22049","cases_obs",6083,1272,0,201
"22050","cases_obs",6083,1273,0,183
"22051","cases_obs",6083,1274,0,224
"22052","cases_obs",6083,1275,0,195
"22053","cases_obs",6083,1276,0,179
"22054","cases_obs",6083,1277,0,257
"22055","cases_obs",6083,1278,0,260
"22056","cases_obs",6083,1279,0,282
"22057","cases_obs",6083,1280,0,238
"22058","cases_obs",6083,1281,0,200
"22059","cases_obs",6083,1282,0,166
"22060","cases_obs",6083,1283,0,194
"22061","cases_obs",6083,1284,0,173
"22062","cases_obs",6083,1285,0,188
"22063","cases_obs",6083,1286,0,208
"22064","cases_obs",6083,1287,0,213
"22065","cases_obs",6083,1288,0,281
"22066","cases_obs",6083,1289,0,327
"22067","cases_obs",6083,1290,0,342
"22068","cases_obs",6083,1291,0,363
"22069","cases_obs",6083,1292,0,313
"22070","cases_obs",6083,1293,0,382
"22071","cases_obs",6083,1294,0,313
"22072","cases_obs",6083,1295,0,310
"22073","cases_obs",6083,1296,0,332
"22074","cases_obs",6083,1297,0,327
"22075","cases_obs",6083,1298,0,298
"22076","cases_obs",6083,1299,0,256
"22077","cases_obs",6083,1300,0,267
"22078","cases_obs",6083,1301,0,235
"22079","cases_obs",6083,1302,0,196
"22080","cases_obs",6083,1303,0,278
"22081","cases_obs",6083,1304,0,248
"22082","cases_obs",6083,1305,0,229
"22083","cases_obs",6083,1306,0,226
"22084","cases_obs",6083,1307,0,266
"22085","cases_obs",6083,1308,0,255
"22086","cases_obs",6083,1309,0,232
"22087","cases_obs",6083,1310,0,271
"22088","cases_obs",6083,1311,0,247
"22089","cases_obs",6083,1312,0,225
"22090","cases_obs",6083,1313,0,224
"22091","cases_obs",6083,1314,0,242
"22092","cases_obs",6083,1315,0,237
"22093","cases_obs",6083,1316,0,261
"22094","cases_obs",6083,1317,0,213
"22095","cases_obs",6083,1318,0,228
"22096","cases_obs",6083,1319,0,201
"22097","cases_obs",6083,1320,0,241
"22098","cases_obs",6083,1321,0,234
"22099","cases_obs",6083,1322,0,238
"22100","cases_obs",6083,1323,0,268
"22101","cases_obs",6083,1324,0,250
"22102","cases_obs",6083,1325,0,204
"22103","cases_obs",6083,1326,0,252
"22104","cases_obs",6083,1327,0,252
"22105","cases_obs",6083,1328,0,236
"22106","cases_obs",6083,1329,0,278
"22107","cases_obs",6083,1330,0,232
"22108","cases_obs",6083,1331,0,289
"22109","cases_obs",6083,1332,0,191
"22110","cases_obs",6083,1333,0,202
"22111","cases_obs",6083,1334,0,159
"22112","cases_obs",6083,1335,0,190
"22113","cases_obs",6083,1336,0,181
"22114","cases_obs",6083,1337,0,151
"22115","cases_obs",6083,1338,0,184
"22116","cases_obs",6083,1339,0,186
"22117","cases_obs",6083,1340,0,216
"22118","cases_obs",6083,1341,0,217
"22119","cases_obs",6083,1342,0,275
"22120","cases_obs",6083,1343,0,303
"22121","cases_obs",6083,1344,0,267
"22122","cases_obs",6083,1345,0,279
"22123","cases_obs",6083,1346,0,302
"22124","cases_obs",6083,1347,0,275
"22125","cases_obs",6083,1348,0,305
"22126","cases_obs",6083,1349,0,291
"22127","cases_obs",6083,1350,0,263
"22128","cases_obs",6083,1351,0,265
"22129","cases_obs",6083,1352,0,234
"22130","cases_obs",6083,1353,0,198
"22131","cases_obs",6083,1354,0,195
"22132","cases_obs",6083,1355,0,267
"22133","cases_obs",6083,1356,0,210
"22134","cases_obs",6083,1357,0,213
"22135","cases_obs",6083,1358,0,189
"22136","cases_obs",6083,1359,0,205
"22137","cases_obs",6083,1360,0,177
"22138","cases_obs",6083,1361,0,170
"22139","cases_obs",6083,1362,0,195
"22140","cases_obs",6083,1363,0,197
"22141","cases_obs",6083,1364,0,186
"22142","cases_obs",6083,1365,0,181
"22143","cases_obs",6083,1366,0,184
"22144","cases_obs",6083,1367,0,201
"22145","cases_obs",6083,1368,0,230
"22146","cases_obs",6083,1369,0,231
"22147","cases_obs",6083,1370,0,201
"22148","cases_obs",6083,1371,0,191
"22149","cases_obs",6083,1372,0,208
"22150","cases_obs",6083,1373,0,255
"22151","cases_obs",6083,1374,0,249
"22152","cases_obs",6083,1375,0,232
"22153","cases_obs",6083,1376,0,231
"22154","cases_obs",6083,1377,0,305
"22155","cases_obs",6083,1378,0,261
"22156","cases_obs",6083,1379,0,285
"22157","cases_obs",6083,1380,0,279
"22158","cases_obs",6083,1381,0,300
"22159","cases_obs",6083,1382,0,301
"22160","cases_obs",6083,1383,0,260
"22161","cases_obs",6083,1384,0,294
"22162","cases_obs",6083,1385,0,306
"22163","cases_obs",6083,1386,0,181
"22164","cases_obs",6083,1387,0,191
"22165","cases_obs",6083,1388,0,172
"22166","cases_obs",6083,1389,0,201
"22167","cases_obs",6083,1390,0,255
"22168","cases_obs",6083,1391,0,285
"22169","cases_obs",6083,1392,0,246
"22170","cases_obs",6083,1393,0,319
"22171","cases_obs",6083,1394,0,315
"22172","cases_obs",6083,1395,0,364
"22173","cases_obs",6083,1396,0,400
"22174","cases_obs",6083,1397,0,386
"22175","cases_obs",6083,1398,0,403
"22176","cases_obs",6083,1399,0,341
"22177","cases_obs",6083,1400,0,272
"22178","cases_obs",6083,1401,0,343
"22179","cases_obs",6083,1402,0,343
"22180","cases_obs",6083,1403,0,304
"22181","cases_obs",6083,1404,0,294
"22182","cases_obs",6083,1405,0,271
"22183","cases_obs",6083,1406,0,239
"22184","cases_obs",6083,1407,0,225
"22185","cases_obs",6083,1408,0,269
"22186","cases_obs",6083,1409,0,226
"22187","cases_obs",6083,1410,0,249
"22188","cases_obs",6083,1411,0,252
"22189","cases_obs",6083,1412,0,271
"22190","cases_obs",6083,1413,0,266
"22191","cases_obs",6083,1414,0,279
"22192","cases_obs",6083,1415,0,261
"22193","cases_obs",6083,1416,0,243
"22194","cases_obs",6083,1417,0,233
"22195","cases_obs",6083,1418,0,193
"22196","cases_obs",6083,1419,0,239
"22197","cases_obs",6083,1420,0,234
"22198","cases_obs",6083,1421,0,235
"22199","cases_obs",6083,1422,0,269
"22200","cases_obs",6083,1423,0,200
"22201","cases_obs",6083,1424,0,245
"22202","cases_obs",6083,1425,0,271
"22203","cases_obs",6083,1426,0,232
"22204","cases_obs",6083,1427,0,311
"22205","cases_obs",6083,1428,0,259
"22206","cases_obs",6083,1429,0,292
"22207","cases_obs",6083,1430,0,271
"22208","cases_obs",6083,1431,0,303
"22209","cases_obs",6083,1432,0,277
"22210","cases_obs",6083,1433,0,274
"22211","cases_obs",6083,1434,0,295
"22212","cases_obs",6083,1435,0,308
"22213","cases_obs",6083,1436,0,316
"22214","cases_obs",6083,1437,0,308
"22215","cases_obs",6083,1438,0,243
"22216","cases_obs",6083,1439,0,201
"22217","cases_obs",6083,1440,0,203
"22218","cases_obs",6083,1441,0,224
"22219","cases_obs",6083,1442,0,211
"22220","cases_obs",6083,1443,0,295
"22221","cases_obs",6083,1444,0,338
"22222","cases_obs",6083,1445,0,353
"22223","cases_obs",6083,1446,0,396
"22224","cases_obs",6083,1447,0,402
"22225","cases_obs",6083,1448,0,503
"22226","cases_obs",6083,1449,0,448
"22227","cases_obs",6083,1450,0,472
"22228","cases_obs",6083,1451,0,407
"22229","cases_obs",6083,1452,0,408
"22230","cases_obs",6083,1453,0,405
"22231","cases_obs",6083,1454,0,344
"22232","cases_obs",6083,1455,0,371
"22233","cases_obs",6083,1456,0,356
"22234","cases_obs",6083,1457,0,350
"22235","cases_obs",6083,1458,0,290
"22236","cases_obs",6083,1459,0,266
"22237","cases_obs",6083,1460,0,283
"22238","cases_obs",6083,1461,0,272
"22239","cases_obs",6083,1462,0,274
"22240","cases_obs",6083,1463,0,269
"22241","cases_obs",6083,1464,0,314
"22242","cases_obs",6083,1465,0,277
"22243","cases_obs",6083,1466,0,238
"22244","cases_obs",6083,1467,0,255
"22245","cases_obs",6083,1468,0,237
"22246","cases_obs",6083,1469,0,298
"22247","cases_obs",6083,1470,0,271
"22248","cases_obs",6083,1471,0,282
"22249","cases_obs",6083,1472,0,289
"22250","cases_obs",6083,1473,0,254
"22251","cases_obs",6083,1474,0,231
"22252","cases_obs",6083,1475,0,240
"22253","cases_obs",6083,1476,0,262
"22254","cases_obs",6083,1477,0,298
"22255","cases_obs",6083,1478,0,278
"22256","cases_obs",6083,1479,0,218
"22257","cases_obs",6083,1480,0,234
"22258","cases_obs",6083,1481,0,212
"22259","cases_obs",6083,1482,0,224
"22260","cases_obs",6083,1483,0,247
"22261","cases_obs",6083,1484,0,232
"22262","cases_obs",6083,1485,0,230
"22263","cases_obs",6083,1486,0,240
"22264","cases_obs",6083,1487,0,252
"22265","cases_obs",6083,1488,0,263
"22266","cases_obs",6083,1489,0,251
"22267","cases_obs",6083,1490,0,264
"22268","cases_obs",6083,1491,0,167
"22269","cases_obs",6083,1492,0,229
"22270","cases_obs",6083,1493,0,236
"22271","cases_obs",6083,1494,0,226
"22272","cases_obs",6083,1495,0,279
"22273","cases_obs",6083,1496,0,274
"22274","cases_obs",6083,1497,0,293
"22275","cases_obs",6083,1498,0,357
"22276","cases_obs",6083,1499,0,491
"22277","cases_obs",6083,1500,0,478
"22278","cases_obs",6083,1501,0,538
"22279","cases_obs",6083,1502,0,505
"22280","cases_obs",6083,1503,0,479
"22281","cases_obs",6083,1504,0,464
"22282","cases_obs",6083,1505,0,427
"22283","cases_obs",6083,1506,0,487
"22284","cases_obs",6083,1507,0,431
"22285","cases_obs",6083,1508,0,418
"22286","cases_obs",6083,1509,0,429
"22287","cases_obs",6083,1510,0,407
"22288","cases_obs",6083,1511,0,315
"22289","cases_obs",6083,1512,0,379
"22290","cases_obs",6083,1513,0,337
"22291","cases_obs",6083,1514,0,362
"22292","cases_obs",6083,1515,0,403
"22293","cases_obs",6083,1516,0,372
"22294","cases_obs",6083,1517,0,375
"22295","cases_obs",6083,1518,0,344
"22296","cases_obs",6083,1519,0,350
"22297","cases_obs",6083,1520,0,348
"22298","cases_obs",6083,1521,0,373
"22299","cases_obs",6083,1522,0,345
"22300","cases_obs",6083,1523,0,323
"22301","cases_obs",6083,1524,0,352
"22302","cases_obs",6083,1525,0,364
"22303","cases_obs",6083,1526,0,339
"22304","cases_obs",6083,1527,0,335
"22305","cases_obs",6083,1528,0,333
"22306","cases_obs",6083,1529,0,299
"22307","cases_obs",6083,1530,0,290
"22308","cases_obs",6083,1531,0,320
"22309","cases_obs",6083,1532,0,377
"22310","cases_obs",6083,1533,0,371
"22311","cases_obs",6083,1534,0,329
"22312","cases_obs",6083,1535,0,269
"22313","cases_obs",6083,1536,0,305
"22314","cases_obs",6083,1537,0,277
"22315","cases_obs",6083,1538,0,299
"22316","cases_obs",6083,1539,0,328
"22317","cases_obs",6083,1540,0,317
"22318","cases_obs",6083,1541,0,318
"22319","cases_obs",6083,1542,0,284
"22320","cases_obs",6083,1543,0,230
"22321","cases_obs",6083,1544,0,229
"22322","cases_obs",6083,1545,0,213
"22323","cases_obs",6083,1546,0,249
"22324","cases_obs",6083,1547,0,237
"22325","cases_obs",6083,1548,0,246
"22326","cases_obs",6083,1549,0,238
"22327","cases_obs",6083,1550,0,300
"22328","cases_obs",6083,1551,0,320
"22329","cases_obs",6083,1552,0,320
"22330","cases_obs",6083,1553,0,384
"22331","cases_obs",6083,1554,0,292
"22332","cases_obs",6083,1555,0,347
"22333","cases_obs",6083,1556,0,303
"22334","cases_obs",6083,1557,0,376
"22335","cases_obs",6083,1558,0,374
"22336","cases_obs",6083,1559,0,326
"22337","cases_obs",6083,1560,0,320
"22338","cases_obs",6083,1561,0,273
"22339","cases_obs",6083,1562,0,298
"22340","cases_obs",6083,1563,0,210
"22341","cases_obs",6083,1564,0,296
"22342","cases_obs",6083,1565,0,206
"22343","cases_obs",6083,1566,0,223
"22344","cases_obs",6083,1567,0,236
"22345","cases_obs",6083,1568,0,222
"22346","cases_obs",6083,1569,0,250
"22347","cases_obs",6083,1570,0,203
"22348","cases_obs",6083,1571,0,230
"22349","cases_obs",6083,1572,0,258
"22350","cases_obs",6083,1573,0,219
"22351","cases_obs",6083,1574,0,181
"22352","cases_obs",6083,1575,0,222
"22353","cases_obs",6083,1576,0,214
"22354","cases_obs",6083,1577,0,201
"22355","cases_obs",6083,1578,0,200
"22356","cases_obs",6083,1579,0,198
"22357","cases_obs",6083,1580,0,210
"22358","cases_obs",6083,1581,0,201
"22359","cases_obs",6083,1582,0,223
"22360","cases_obs",6083,1583,0,218
"22361","cases_obs",6083,1584,0,212
"22362","cases_obs",6083,1585,0,192
"22363","cases_obs",6083,1586,0,160
"22364","cases_obs",6083,1587,0,168
"22365","cases_obs",6083,1588,0,196
"22366","cases_obs",6083,1589,0,205
"22367","cases_obs",6083,1590,0,210
"22368","cases_obs",6083,1591,0,207
"22369","cases_obs",6083,1592,0,225
"22370","cases_obs",6083,1593,0,258
"22371","cases_obs",6083,1594,0,233
"22372","cases_obs",6083,1595,0,175
"22373","cases_obs",6083,1596,0,180
"22374","cases_obs",6083,1597,0,177
"22375","cases_obs",6083,1598,0,190
"22376","cases_obs",6083,1599,0,233
"22377","cases_obs",6083,1600,0,199
"22378","cases_obs",6083,1601,0,279
"22379","cases_obs",6083,1602,0,286
"22380","cases_obs",6083,1603,0,315
"22381","cases_obs",6083,1604,0,346
"22382","cases_obs",6083,1605,0,342
"22383","cases_obs",6083,1606,0,331
"22384","cases_obs",6083,1607,0,337
"22385","cases_obs",6083,1608,0,305
"22386","cases_obs",6083,1609,0,293
"22387","cases_obs",6083,1610,0,266
"22388","cases_obs",6083,1611,0,308
"22389","cases_obs",6083,1612,0,251
"22390","cases_obs",6083,1613,0,278
"22391","cases_obs",6083,1614,0,221
"22392","cases_obs",6083,1615,0,172
"22393","cases_obs",6083,1616,0,249
"22394","cases_obs",6083,1617,0,229
"22395","cases_obs",6083,1618,0,203
"22396","cases_obs",6083,1619,0,232
"22397","cases_obs",6083,1620,0,235
"22398","cases_obs",6083,1621,0,228
"22399","cases_obs",6083,1622,0,225
"22400","cases_obs",6083,1623,0,242
"22401","cases_obs",6083,1624,0,216
"22402","cases_obs",6083,1625,0,233
"22403","cases_obs",6083,1626,0,269
"22404","cases_obs",6083,1627,0,275
"22405","cases_obs",6083,1628,0,227
"22406","cases_obs",6083,1629,0,239
"22407","cases_obs",6083,1630,0,232
"22408","cases_obs",6083,1631,0,234
"22409","cases_obs",6083,1632,0,250
"22410","cases_obs",6083,1633,0,292
"22411","cases_obs",6083,1634,0,262
"22412","cases_obs",6083,1635,0,273
"22413","cases_obs",6083,1636,0,267
"22414","cases_obs",6083,1637,0,250
"22415","cases_obs",6083,1638,0,260
"22416","cases_obs",6083,1639,0,289
"22417","cases_obs",6083,1640,0,253
"22418","cases_obs",6083,1641,0,248
"22419","cases_obs",6083,1642,0,280
"22420","cases_obs",6083,1643,0,257
"22421","cases_obs",6083,1644,0,247
"22422","cases_obs",6083,1645,0,212
"22423","cases_obs",6083,1646,0,214
"22424","cases_obs",6083,1647,0,204
"22425","cases_obs",6083,1648,0,217
"22426","cases_obs",6083,1649,0,171
"22427","cases_obs",6083,1650,0,148
"22428","cases_obs",6083,1651,0,227
"22429","cases_obs",6083,1652,0,245
"22430","cases_obs",6083,1653,0,260
"22431","cases_obs",6083,1654,0,326
"22432","cases_obs",6083,1655,0,328
"22433","cases_obs",6083,1656,0,382
"22434","cases_obs",6083,1657,0,381
"22435","cases_obs",6083,1658,0,392
"22436","cases_obs",6083,1659,0,440
"22437","cases_obs",6083,1660,0,425
"22438","cases_obs",6083,1661,0,342
"22439","cases_obs",6083,1662,0,359
"22440","cases_obs",6083,1663,0,354
"22441","cases_obs",6083,1664,0,352
"22442","cases_obs",6083,1665,0,300
"22443","cases_obs",6083,1666,0,325
"22444","cases_obs",6083,1667,0,333
"22445","cases_obs",6083,1668,0,309
"22446","cases_obs",6083,1669,0,265
"22447","cases_obs",6083,1670,0,265
"22448","cases_obs",6083,1671,0,301
"22449","cases_obs",6083,1672,0,260
"22450","cases_obs",6083,1673,0,290
"22451","cases_obs",6083,1674,0,300
"22452","cases_obs",6083,1675,0,278
"22453","cases_obs",6083,1676,0,250
"22454","cases_obs",6083,1677,0,320
"22455","cases_obs",6083,1678,0,359
"22456","cases_obs",6083,1679,0,349
"22457","cases_obs",6083,1680,0,297
"22458","cases_obs",6083,1681,0,340
"22459","cases_obs",6083,1682,0,307
"22460","cases_obs",6083,1683,0,314
"22461","cases_obs",6083,1684,0,339
"22462","cases_obs",6083,1685,0,292
"22463","cases_obs",6083,1686,0,291
"22464","cases_obs",6083,1687,0,345
"22465","cases_obs",6083,1688,0,341
"22466","cases_obs",6083,1689,0,395
"22467","cases_obs",6083,1690,0,400
"22468","cases_obs",6083,1691,0,305
"22469","cases_obs",6083,1692,0,369
"22470","cases_obs",6083,1693,0,383
"22471","cases_obs",6083,1694,0,466
"22472","cases_obs",6083,1695,0,478
"22473","cases_obs",6083,1696,0,419
"22474","cases_obs",6083,1697,0,513
"22475","cases_obs",6083,1698,0,450
"22476","cases_obs",6083,1699,0,384
"22477","cases_obs",6083,1700,0,245
"22478","cases_obs",6083,1701,0,273
"22479","cases_obs",6083,1702,0,302
"22480","cases_obs",6083,1703,0,330
"22481","cases_obs",6083,1704,0,423
"22482","cases_obs",6083,1705,0,428
"22483","cases_obs",6083,1706,0,543
"22484","cases_obs",6083,1707,0,605
"22485","cases_obs",6083,1708,0,592
"22486","cases_obs",6083,1709,0,764
"22487","cases_obs",6083,1710,0,717
"22488","cases_obs",6083,1711,0,719
"22489","cases_obs",6083,1712,0,626
"22490","cases_obs",6083,1713,0,708
"22491","cases_obs",6083,1714,0,741
"22492","cases_obs",6083,1715,0,669
"22493","cases_obs",6083,1716,0,532
"22494","cases_obs",6083,1717,0,535
"22495","cases_obs",6083,1718,0,579
"22496","cases_obs",6083,1719,0,563
"22497","cases_obs",6083,1720,0,471
"22498","cases_obs",6083,1721,0,508
"22499","cases_obs",6083,1722,0,433
"22500","cases_obs",6083,1723,0,442
"22501","cases_obs",6083,1724,0,388
"22502","cases_obs",6083,1725,0,358
"22503","cases_obs",6083,1726,0,341
"22504","cases_obs",6083,1727,0,401
"22505","cases_obs",6083,1728,0,315
"22506","cases_obs",6083,1729,0,324
"22507","cases_obs",6083,1730,0,354
"22508","cases_obs",6083,1731,0,379
"22509","cases_obs",6083,1732,0,382
"22510","cases_obs",6083,1733,0,340
"22511","cases_obs",6083,1734,0,315
"22512","cases_obs",6083,1735,0,361
"22513","cases_obs",6083,1736,0,356
"22514","cases_obs",6083,1737,0,351
"22515","cases_obs",6083,1738,0,387
"22516","cases_obs",6083,1739,0,355
"22517","cases_obs",6083,1740,0,376
"22518","cases_obs",6083,1741,0,292
"22519","cases_obs",6083,1742,0,337
"22520","cases_obs",6083,1743,0,353
"22521","cases_obs",6083,1744,0,366
"22522","cases_obs",6083,1745,0,318
"22523","cases_obs",6083,1746,0,329
"22524","cases_obs",6083,1747,0,336
"22525","cases_obs",6083,1748,0,341
"22526","cases_obs",6083,1749,0,372
"22527","cases_obs",6083,1750,0,392
"22528","cases_obs",6083,1751,0,325
"22529","cases_obs",6083,1752,0,223
"22530","cases_obs",6083,1753,0,198
"22531","cases_obs",6083,1754,0,227
"22532","cases_obs",6083,1755,0,256
"22533","cases_obs",6083,1756,0,299
"22534","cases_obs",6083,1757,0,330
"22535","cases_obs",6083,1758,0,375
"22536","cases_obs",6083,1759,0,357
"22537","cases_obs",6083,1760,0,372
"22538","cases_obs",6083,1761,0,402
"22539","cases_obs",6083,1762,0,382
"22540","cases_obs",6083,1763,0,455
"22541","cases_obs",6083,1764,0,428
"22542","cases_obs",6083,1765,0,397
"22543","cases_obs",6083,1766,0,452
"22544","cases_obs",6083,1767,0,384
"22545","cases_obs",6083,1768,0,341
"22546","cases_obs",6083,1769,0,371
"22547","cases_obs",6083,1770,0,358
"22548","cases_obs",6083,1771,0,325
"22549","cases_obs",6083,1772,0,241
"22550","cases_obs",6083,1773,0,281
"22551","cases_obs",6083,1774,0,238
"22552","cases_obs",6083,1775,0,279
"22553","cases_obs",6083,1776,0,283
"22554","cases_obs",6083,1777,0,240
"22555","cases_obs",6083,1778,0,242
"22556","cases_obs",6083,1779,0,255
"22557","cases_obs",6083,1780,0,227
"22558","cases_obs",6083,1781,0,207
"22559","cases_obs",6083,1782,0,209
"22560","cases_obs",6083,1783,0,206
"22561","cases_obs",6083,1784,0,275
"22562","cases_obs",6083,1785,0,227
"22563","cases_obs",6083,1786,0,240
"22564","cases_obs",6083,1787,0,231
"22565","cases_obs",6083,1788,0,175
"22566","cases_obs",6083,1789,0,203
"22567","cases_obs",6083,1790,0,168
"22568","cases_obs",6083,1791,0,191
"22569","cases_obs",6083,1792,0,200
"22570","cases_obs",6083,1793,0,206
"22571","cases_obs",6083,1794,0,204
"22572","cases_obs",6083,1795,0,200
"22573","cases_obs",6083,1796,0,165
"22574","cases_obs",6083,1797,0,149
"22575","cases_obs",6083,1798,0,169
"22576","cases_obs",6083,1799,0,156
"22577","cases_obs",6083,1800,0,167
"22578","cases_obs",6083,1801,0,158
"22579","cases_obs",6083,1802,0,155
"22580","cases_obs",6083,1803,0,172
"22581","cases_obs",6083,1804,0,224
"22582","cases_obs",6083,1805,0,129
"22583","cases_obs",6083,1806,0,149
"22584","cases_obs",6083,1807,0,149
"22585","cases_obs",6083,1808,0,200
"22586","cases_obs",6083,1809,0,195
"22587","cases_obs",6083,1810,0,206
"22588","cases_obs",6083,1811,0,219
"22589","cases_obs",6083,1812,0,201
"22590","cases_obs",6083,1813,0,229
"22591","cases_obs",6083,1814,0,240
"22592","cases_obs",6083,1815,0,265
"22593","cases_obs",6083,1816,0,330
"22594","cases_obs",6083,1817,0,239
"22595","cases_obs",6083,1818,0,230
"22596","cases_obs",6083,1819,0,251
"22597","cases_obs",6083,1820,0,290
"22598","cases_obs",6083,1821,0,215
"22599","cases_obs",6083,1822,0,225
"22600","cases_obs",6083,1823,0,203
"22601","cases_obs",6083,1824,0,214
"22602","cases_obs",6083,1825,0,224
"22603","cases_obs",6083,1826,0,181
"22604","cases_obs",6083,1827,0,228
"22605","cases_obs",6083,1828,0,243
"22606","cases_obs",6083,1829,0,196
"22607","cases_obs",6083,1830,0,166
"22608","cases_obs",6083,1831,0,172
"22609","cases_obs",6083,1832,0,214
"22610","cases_obs",6083,1833,0,201
"22611","cases_obs",6083,1834,0,196
"22612","cases_obs",6083,1835,0,199
"22613","cases_obs",6083,1836,0,239
"22614","cases_obs",6083,1837,0,237
"22615","cases_obs",6083,1838,0,221
"22616","cases_obs",6083,1839,0,195
"22617","cases_obs",6083,1840,0,189
"22618","cases_obs",6083,1841,0,165
"22619","cases_obs",6083,1842,0,229
"22620","cases_obs",6083,1843,0,225
"22621","cases_obs",6083,1844,0,227
"22622","cases_obs",6083,1845,0,245
"22623","cases_obs",6083,1846,0,204
"22624","cases_obs",6083,1847,0,217
"22625","cases_obs",6083,1848,0,238
"22626","cases_obs",6083,1849,0,226
"22627","cases_obs",6083,1850,0,204
"22628","cases_obs",6083,1851,0,244
"22629","cases_obs",6083,1852,0,178
"22630","cases_obs",6083,1853,0,199
"22631","cases_obs",6083,1854,0,201
"22632","cases_obs",6083,1855,0,195
"22633","cases_obs",6083,1856,0,137
"22634","cases_obs",6083,1857,0,143
"22635","cases_obs",6083,1858,0,150
"22636","cases_obs",6083,1859,0,145
"22637","cases_obs",6083,1860,0,173
"22638","cases_obs",6083,1861,0,184
"22639","cases_obs",6083,1862,0,191
"22640","cases_obs",6083,1863,0,232
"22641","cases_obs",6083,1864,0,193
"22642","cases_obs",6083,1865,0,191
"22643","cases_obs",6083,1866,0,234
"22644","cases_obs",6083,1867,0,237
"22645","cases_obs",6083,1868,0,268
"22646","cases_obs",6083,1869,0,248
"22647","cases_obs",6083,1870,0,233
"22648","cases_obs",6083,1871,0,220
"22649","cases_obs",6083,1872,0,217
"22650","cases_obs",6083,1873,0,216
"22651","cases_obs",6083,1874,0,173
"22652","cases_obs",6083,1875,0,196
"22653","cases_obs",6083,1876,0,130
"22654","cases_obs",6083,1877,0,226
"22655","cases_obs",6083,1878,0,164
"22656","cases_obs",6083,1879,0,166
"22657","cases_obs",6083,1880,0,163
"22658","cases_obs",6083,1881,0,142
"22659","cases_obs",6083,1882,0,173
"22660","cases_obs",6083,1883,0,153
"22661","cases_obs",6083,1884,0,184
"22662","cases_obs",6083,1885,0,195
"22663","cases_obs",6083,1886,0,161
"22664","cases_obs",6083,1887,0,172
"22665","cases_obs",6083,1888,0,199
"22666","cases_obs",6083,1889,0,167
"22667","cases_obs",6083,1890,0,176
"22668","cases_obs",6083,1891,0,185
"22669","cases_obs",6083,1892,0,188
"22670","cases_obs",6083,1893,0,176
"22671","cases_obs",6083,1894,0,155
"22672","cases_obs",6083,1895,0,163
"22673","cases_obs",6083,1896,0,139
"22674","cases_obs",6083,1897,0,159
"22675","cases_obs",6083,1898,0,144
"22676","cases_obs",6083,1899,0,146
"22677","cases_obs",6083,1900,0,161
"22678","cases_obs",6083,1901,0,138
"22679","cases_obs",6083,1902,0,170
"22680","cases_obs",6083,1903,0,196
"22681","cases_obs",6083,1904,0,191
"22682","cases_obs",6083,1905,0,184
"22683","cases_obs",6083,1906,0,159
"22684","cases_obs",6083,1907,0,142
"22685","cases_obs",6083,1908,0,107
"22686","cases_obs",6083,1909,0,101
"22687","cases_obs",6083,1910,0,96
"22688","cases_obs",6083,1911,0,88
"22689","cases_obs",6083,1912,0,143
"22690","cases_obs",6083,1913,0,146
"22691","cases_obs",6083,1914,0,139
"22692","cases_obs",6083,1915,0,179
"22693","cases_obs",6083,1916,0,198
"22694","cases_obs",6083,1917,0,201
"22695","cases_obs",6083,1918,0,161
"22696","cases_obs",6083,1919,0,221
"22697","cases_obs",6083,1920,0,191
"22698","cases_obs",6083,1921,0,202
"22699","cases_obs",6083,1922,0,179
"22700","cases_obs",6083,1923,0,197
"22701","cases_obs",6083,1924,0,207
"22702","cases_obs",6083,1925,0,171
"22703","cases_obs",6083,1926,0,160
"22704","cases_obs",6083,1927,0,159
"22705","cases_obs",6083,1928,0,131
"22706","cases_obs",6083,1929,0,188
"22707","cases_obs",6083,1930,0,141
"22708","cases_obs",6083,1931,0,136
"22709","cases_obs",6083,1932,0,165
"22710","cases_obs",6083,1933,0,167
"22711","cases_obs",6083,1934,0,168
"22712","cases_obs",6083,1935,0,193
"22713","cases_obs",6083,1936,0,147
"22714","cases_obs",6083,1937,0,198
"22715","cases_obs",6083,1938,0,182
"22716","cases_obs",6083,1939,0,196
"22717","cases_obs",6083,1940,0,189
"22718","cases_obs",6083,1941,0,200
"22719","cases_obs",6083,1942,0,188
"22720","cases_obs",6083,1943,0,191
"22721","cases_obs",6083,1944,0,166
"22722","cases_obs",6083,1945,0,175
"22723","cases_obs",6083,1946,0,178
"22724","cases_obs",6083,1947,0,174
"22725","cases_obs",6083,1948,0,181
"22726","cases_obs",6083,1949,0,201
"22727","cases_obs",6083,1950,0,218
"22728","cases_obs",6083,1951,0,188
"22729","cases_obs",6083,1952,0,149
"22730","cases_obs",6083,1953,0,156
"22731","cases_obs",6083,1954,0,171
"22732","cases_obs",6083,1955,0,152
"22733","cases_obs",6083,1956,0,157
"22734","cases_obs",6083,1957,0,168
"22735","cases_obs",6083,1958,0,191
"22736","cases_obs",6083,1959,0,128
"22737","cases_obs",6083,1960,0,112
"22738","cases_obs",6083,1961,0,107
"22739","cases_obs",6083,1962,0,76
"22740","cases_obs",6083,1963,0,90
"22741","cases_obs",6083,1964,0,97
"22742","cases_obs",6083,1965,0,121
"22743","cases_obs",6083,1966,0,131
"22744","cases_obs",6083,1967,0,160
"22745","cases_obs",6083,1968,0,155
"22746","cases_obs",6083,1969,0,180
"22747","cases_obs",6083,1970,0,186
"22748","cases_obs",6083,1971,0,159
"22749","cases_obs",6083,1972,0,192
"22750","cases_obs",6083,1973,0,168
"22751","cases_obs",6083,1974,0,170
"22752","cases_obs",6083,1975,0,179
"22753","cases_obs",6083,1976,0,175
"22754","cases_obs",6083,1977,0,158
"22755","cases_obs",6083,1978,0,166
"22756","cases_obs",6083,1979,0,151
"22757","cases_obs",6083,1980,0,96
"22758","cases_obs",6083,1981,0,100
"22759","cases_obs",6083,1982,0,114
"22760","cases_obs",6083,1983,0,99
"22761","cases_obs",6083,1984,0,128
"22762","cases_obs",6083,1985,0,163
"22763","cases_obs",6083,1986,0,172
"22764","cases_obs",6083,1987,0,139
"22765","cases_obs",6083,1988,0,142
"22766","cases_obs",6083,1989,0,146
"22767","cases_obs",6083,1990,0,148
"22768","cases_obs",6083,1991,0,152
"22769","cases_obs",6083,1992,0,152
"22770","cases_obs",6083,1993,0,140
"22771","cases_obs",6083,1994,0,151
"22772","cases_obs",6083,1995,0,121
"22773","cases_obs",6083,1996,0,155
"22774","cases_obs",6083,1997,0,176
"22775","cases_obs",6083,1998,0,170
"22776","cases_obs",6083,1999,0,167
"22777","cases_obs",6083,2000,0,187
"22778","cases_obs",6083,2001,0,135
"22779","cases_obs",6083,2002,0,144
"22780","cases_obs",6083,2003,0,161
"22781","cases_obs",6083,2004,0,162
"22782","cases_obs",6083,2005,0,166
"22783","cases_obs",6083,2006,0,203
"22784","cases_obs",6083,2007,0,181
"22785","cases_obs",6083,2008,0,191
"22786","cases_obs",6083,2009,0,165
"22787","cases_obs",6083,2010,0,152
"22788","cases_obs",6083,2011,0,108
"22789","cases_obs",6083,2012,0,108
"22790","cases_obs",6083,2013,0,92
"22791","cases_obs",6083,2014,0,418
"22792","cases_obs",6083,2015,0,429
"22793","cases_obs",6083,2016,0,407
"22794","cases_obs",6083,2017,0,315
"22795","cases_obs",6083,2018,0,379
"22796","cases_obs",6083,2019,0,337
"22797","cases_obs",6083,2020,0,362
"22798","cases_obs",6083,2021,0,403
"22799","cases_obs",6083,2022,0,372
"22800","cases_obs",6083,2023,0,375
"22801","cases_obs",6083,2024,0,344
"22802","cases_obs",6083,2025,0,350
"22803","cases_obs",6083,2026,0,348
"22804","cases_obs",6083,2027,0,373
"22805","cases_obs",6083,2028,0,345
"22806","cases_obs",6083,2029,0,323
"22807","cases_obs",6083,2030,0,352
"22808","cases_obs",6083,2031,0,364
"22809","cases_obs",6083,2032,0,339
"22810","cases_obs",6083,2033,0,335
"22811","cases_obs",6083,2034,0,333
"22812","cases_obs",6083,2035,0,299
"22813","cases_obs",6083,2036,0,290
"22814","cases_obs",6083,2037,0,320
"22815","cases_obs",6083,2038,0,377
"22816","cases_obs",6083,2039,0,371
"22817","cases_obs",6083,2040,0,329
"22818","cases_obs",6083,2041,0,269
"22819","cases_obs",6083,2042,0,305
"22820","cases_obs",6083,2043,0,277
"22821","cases_obs",6083,2044,0,299
"22822","cases_obs",6083,2045,0,328
"22823","cases_obs",6083,2046,0,317
"22824","cases_obs",6083,2047,0,318
"22825","cases_obs",6083,2048,0,284
"22826","cases_obs",6083,2049,0,230
"22827","cases_obs",6083,2050,0,229
"22828","cases_obs",6083,2051,0,213
"22829","cases_obs",6083,2052,0,249
"22830","cases_obs",6083,2053,0,237
"22831","cases_obs",6083,2054,0,246
"22832","cases_obs",6083,2055,0,238
"22833","cases_obs",6083,2056,0,300
"22834","cases_obs",6083,2057,0,320
"22835","cases_obs",6083,2058,0,320
"22836","cases_obs",6083,2059,0,384
"22837","cases_obs",6083,2060,0,292
"22838","cases_obs",6083,2061,0,347
"22839","cases_obs",6083,2062,0,303
"22840","cases_obs",6083,2063,0,376
"22841","cases_obs",6083,2064,0,374
"22842","cases_obs",6083,2065,0,326
"22843","cases_obs",6083,2066,0,320
"22844","cases_obs",6083,2067,0,273
"22845","cases_obs",6083,2068,0,298
"22846","cases_obs",6083,2069,0,210
"22847","cases_obs",6083,2070,0,296
"22848","cases_obs",6083,2071,0,206
"22849","cases_obs",6083,2072,0,223
"22850","cases_obs",6083,2073,0,236
"22851","cases_obs",6083,2074,0,222
"22852","cases_obs",6083,2075,0,250
"22853","cases_obs",6083,2076,0,203
"22854","cases_obs",6083,2077,0,230
"22855","cases_obs",6083,2078,0,258
"22856","cases_obs",6083,2079,0,219
"22857","cases_obs",6083,2080,0,181
"22858","cases_obs",6083,2081,0,222
"22859","cases_obs",6083,2082,0,214
"22860","cases_obs",6083,2083,0,201
"22861","cases_obs",6083,2084,0,200
"22862","cases_obs",6083,2085,0,198
"22863","cases_obs",6083,2086,0,210
"22864","cases_obs",6083,2087,0,201
"22865","cases_obs",6083,2088,0,223
"22866","cases_obs",6083,2089,0,218
"22867","cases_obs",6083,2090,0,212
"22868","cases_obs",6083,2091,0,192
"22869","cases_obs",6083,2092,0,160
"22870","cases_obs",6083,2093,0,168
"22871","cases_obs",6083,2094,0,196
"22872","cases_obs",6083,2095,0,205
"22873","cases_obs",6083,2096,0,210
"22874","cases_obs",6083,2097,0,207
"22875","cases_obs",6083,2098,0,225
"22876","cases_obs",6083,2099,0,258
"22877","cases_obs",6083,2100,0,233
"22878","cases_obs",6083,2101,0,175
"22879","cases_obs",6083,2102,0,180
"22880","cases_obs",6083,2103,0,177
"22881","cases_obs",6083,2104,0,190
"22882","cases_obs",6083,2105,0,233
"22883","cases_obs",6083,2106,0,199
"22884","cases_obs",6083,2107,0,279
"22885","cases_obs",6083,2108,0,286
"22886","cases_obs",6083,2109,0,315
"22887","cases_obs",6083,2110,0,346
"22888","cases_obs",6083,2111,0,342
"22889","cases_obs",6083,2112,0,331
"22890","cases_obs",6083,2113,0,337
"22891","cases_obs",6083,2114,0,305
"22892","cases_obs",6083,2115,0,293
"22893","cases_obs",6083,2116,0,266
"22894","cases_obs",6083,2117,0,308
"22895","cases_obs",6083,2118,0,251
"22896","cases_obs",6083,2119,0,278
"22897","cases_obs",6083,2120,0,221
"22898","cases_obs",6083,2121,0,172
"22899","cases_obs",6083,2122,0,249
"22900","cases_obs",6083,2123,0,229
"22901","cases_obs",6083,2124,0,203
"22902","cases_obs",6083,2125,0,232
"22903","cases_obs",6083,2126,0,235
"22904","cases_obs",6083,2127,0,228
"22905","cases_obs",6083,2128,0,225
"22906","cases_obs",6083,2129,0,242
"22907","cases_obs",6083,2130,0,216
"22908","cases_obs",6083,2131,0,233
"22909","cases_obs",6083,2132,0,269
"22910","cases_obs",6083,2133,0,275
"22911","cases_obs",6083,2134,0,227
"22912","cases_obs",6083,2135,0,239
"22913","cases_obs",6083,2136,0,232
"22914","cases_obs",6083,2137,0,234
"22915","cases_obs",6083,2138,0,250
"22916","cases_obs",6083,2139,0,292
"22917","cases_obs",6083,2140,0,262
"22918","cases_obs",6083,2141,0,273
"22919","cases_obs",6083,2142,0,267
"22920","cases_obs",6083,2143,0,250
"22921","cases_obs",6083,2144,0,260
"22922","cases_obs",6083,2145,0,289
"22923","cases_obs",6083,2146,0,253
"22924","cases_obs",6083,2147,0,248
"22925","cases_obs",6083,2148,0,280
"22926","cases_obs",6083,2149,0,257
"22927","cases_obs",6083,2150,0,247
"22928","cases_obs",6083,2151,0,212
"22929","cases_obs",6083,2152,0,214
"22930","cases_obs",6083,2153,0,204
"22931","cases_obs",6083,2154,0,217
"22932","cases_obs",6083,2155,0,171
"22933","cases_obs",6083,2156,0,148
"22934","cases_obs",6083,2157,0,227
"22935","cases_obs",6083,2158,0,245
"22936","cases_obs",6083,2159,0,260
"22937","cases_obs",6083,2160,0,326
"22938","cases_obs",6083,2161,0,328
"22939","cases_obs",6083,2162,0,382
"22940","cases_obs",6083,2163,0,381
"22941","cases_obs",6083,2164,0,392
"22942","cases_obs",6083,2165,0,440
"22943","cases_obs",6083,2166,0,425
"22944","cases_obs",6083,2167,0,342
"22945","cases_obs",6083,2168,0,359
"22946","cases_obs",6083,2169,0,354
"22947","cases_obs",6083,2170,0,352
"22948","cases_obs",6083,2171,0,300
"22949","cases_obs",6083,2172,0,325
"22950","cases_obs",6083,2173,0,333
"22951","cases_obs",6083,2174,0,309
"22952","cases_obs",6083,2175,0,265
"22953","cases_obs",6083,2176,0,265
"22954","cases_obs",6083,2177,0,301
"22955","cases_obs",6083,2178,0,260
"22956","cases_obs",6083,2179,0,290
"22957","cases_obs",6083,2180,0,300
"22958","cases_obs",6083,2181,0,278
"22959","cases_obs",6083,2182,0,250
"22960","cases_obs",6083,2183,0,320
"22961","cases_obs",6083,2184,0,359
"22962","cases_obs",6083,2185,0,349
"22963","cases_obs",6083,2186,0,297
"22964","cases_obs",6083,2187,0,340
"22965","cases_obs",6083,2188,0,307
"22966","cases_obs",6083,2189,0,314
"22967","cases_obs",6083,2190,0,339
"22968","cases_obs",6083,2191,0,292
"22969","cases_obs",6083,2192,0,291
"22970","cases_obs",6083,2193,0,345
"22971","cases_obs",6083,2194,0,341
"22972","cases_obs",6083,2195,0,395
"22973","cases_obs",6083,2196,0,400
"22974","cases_obs",6083,2197,0,305
"22975","cases_obs",6083,2198,0,369
"22976","cases_obs",6083,2199,0,383
"22977","cases_obs",6083,2200,0,466
"22978","cases_obs",6083,2201,0,478
"22979","cases_obs",6083,2202,0,419
"22980","cases_obs",6083,2203,0,513
"22981","cases_obs",6083,2204,0,450
"22982","cases_obs",6083,2205,0,384
"22983","cases_obs",6083,2206,0,245
"22984","cases_obs",6083,2207,0,273
"22985","cases_obs",6083,2208,0,302
"22986","cases_obs",6083,2209,0,330
"22987","cases_obs",6083,2210,0,423
"22988","cases_obs",6083,2211,0,428
"22989","cases_obs",6083,2212,0,543
"22990","cases_obs",6083,2213,0,605
"22991","cases_obs",6083,2214,0,592
"22992","cases_obs",6083,2215,0,764
"22993","cases_obs",6083,2216,0,717
"22994","cases_obs",6083,2217,0,719
"22995","cases_obs",6083,2218,0,626
"22996","cases_obs",6083,2219,0,708
"22997","cases_obs",6083,2220,0,741
"22998","cases_obs",6083,2221,0,669
"22999","cases_obs",6083,2222,0,532
"23000","cases_obs",6083,2223,0,535
"23001","cases_obs",6083,2224,0,579
"23002","cases_obs",6083,2225,0,563
"23003","cases_obs",6083,2226,0,471
"23004","cases_obs",6083,2227,0,508
"23005","cases_obs",6083,2228,0,433
"23006","cases_obs",6083,2229,0,442
"23007","cases_obs",6083,2230,0,388
"23008","cases_obs",6083,2231,0,358
"23009","cases_obs",6083,2232,0,341
"23010","cases_obs",6083,2233,0,401
"23011","cases_obs",6083,2234,0,315
"23012","cases_obs",6083,2235,0,324
"23013","cases_obs",6083,2236,0,354
"23014","cases_obs",6083,2237,0,379
"23015","cases_obs",6083,2238,0,382
"23016","cases_obs",6083,2239,0,340
"23017","cases_obs",6083,2240,0,315
"23018","cases_obs",6083,2241,0,361
"23019","cases_obs",6083,2242,0,356
"23020","cases_obs",6083,2243,0,351
"23021","cases_obs",6083,2244,0,387
"23022","cases_obs",6083,2245,0,355
"23023","cases_obs",6083,2246,0,376
"23024","cases_obs",6083,2247,0,292
"23025","cases_obs",6083,2248,0,337
"23026","cases_obs",6083,2249,0,353
"23027","cases_obs",6083,2250,0,366
"23028","cases_obs",6083,2251,0,318
"23029","cases_obs",6083,2252,0,329
"23030","cases_obs",6083,2253,0,336
"23031","cases_obs",6083,2254,0,341
"23032","cases_obs",6083,2255,0,372
"23033","cases_obs",6083,2256,0,392
"23034","cases_obs",6083,2257,0,325
"23035","cases_obs",6083,2258,0,223
"23036","cases_obs",6083,2259,0,198
"23037","cases_obs",6083,2260,0,227
"23038","cases_obs",6083,2261,0,256
"23039","cases_obs",6083,2262,0,299
"23040","cases_obs",6083,2263,0,330
"23041","cases_obs",6083,2264,0,375
"23042","cases_obs",6083,2265,0,357
"23043","cases_obs",6083,2266,0,372
"23044","cases_obs",6083,2267,0,402
"23045","cases_obs",6083,2268,0,382
"23046","cases_obs",6083,2269,0,455
"23047","cases_obs",6083,2270,0,428
"23048","cases_obs",6083,2271,0,397
"23049","cases_obs",6083,2272,0,452
"23050","cases_obs",6083,2273,0,384
"23051","cases_obs",6083,2274,0,341
"23052","cases_obs",6083,2275,0,371
"23053","cases_obs",6083,2276,0,358
"23054","cases_obs",6083,2277,0,325
"23055","cases_obs",6083,2278,0,241
"23056","cases_obs",6083,2279,0,281
"23057","cases_obs",6083,2280,0,238
"23058","cases_obs",6083,2281,0,279
"23059","cases_obs",6083,2282,0,283
"23060","cases_obs",6083,2283,0,240
"23061","cases_obs",6083,2284,0,242
"23062","cases_obs",6083,2285,0,255
"23063","cases_obs",6083,2286,0,227
"23064","cases_obs",6083,2287,0,207
"23065","cases_obs",6083,2288,0,209
"23066","cases_obs",6083,2289,0,206
"23067","cases_obs",6083,2290,0,275
"23068","cases_obs",6083,2291,0,227
"23069","cases_obs",6083,2292,0,240
"23070","cases_obs",6083,2293,0,231
"23071","cases_obs",6083,2294,0,175
"23072","cases_obs",6083,2295,0,203
"23073","cases_obs",6083,2296,0,168
"23074","cases_obs",6083,2297,0,191
"23075","cases_obs",6083,2298,0,200
"23076","cases_obs",6083,2299,0,206
"23077","cases_obs",6083,2300,0,204
"23078","cases_obs",6083,2301,0,200
"23079","cases_obs",6083,2302,0,165
"23080","cases_obs",6083,2303,0,149
"23081","cases_obs",6083,2304,0,169
"23082","cases_obs",6083,2305,0,156
"23083","cases_obs",6083,2306,0,167
"23084","cases_obs",6083,2307,0,158
"23085","cases_obs",6083,2308,0,155
"23086","cases_obs",6083,2309,0,172
"23087","cases_obs",6083,2310,0,224
"23088","cases_obs",6083,2311,0,129
"23089","cases_obs",6083,2312,0,149
"23090","cases_obs",6083,2313,0,149
"23091","cases_obs",6083,2314,0,200
"23092","cases_obs",6083,2315,0,195
"23093","cases_obs",6083,2316,0,206
"23094","cases_obs",6083,2317,0,219
"23095","cases_obs",6083,2318,0,201
"23096","cases_obs",6083,2319,0,229
"23097","cases_obs",6083,2320,0,240
"23098","cases_obs",6083,2321,0,265
"23099","cases_obs",6083,2322,0,330
"23100","cases_obs",6083,2323,0,239
"23101","cases_obs",6083,2324,0,230
"23102","cases_obs",6083,2325,0,251
"23103","cases_obs",6083,2326,0,290
"23104","cases_obs",6083,2327,0,215
"23105","cases_obs",6083,2328,0,225
"23106","cases_obs",6083,2329,0,203
"23107","cases_obs",6083,2330,0,214
"23108","cases_obs",6083,2331,0,224
"23109","cases_obs",6083,2332,0,181
"23110","cases_obs",6083,2333,0,228
"23111","cases_obs",6083,2334,0,243
"23112","cases_obs",6083,2335,0,196
"23113","cases_obs",6083,2336,0,166
"23114","cases_obs",6083,2337,0,172
"23115","cases_obs",6083,2338,0,214
"23116","cases_obs",6083,2339,0,201
"23117","cases_obs",6083,2340,0,196
"23118","cases_obs",6083,2341,0,199
"23119","cases_obs",6083,2342,0,239
"23120","cases_obs",6083,2343,0,237
"23121","cases_obs",6083,2344,0,221
"23122","cases_obs",6083,2345,0,195
"23123","cases_obs",6083,2346,0,189
"23124","cases_obs",6083,2347,0,165
"23125","cases_obs",6083,2348,0,229
"23126","cases_obs",6083,2349,0,225
"23127","cases_obs",6083,2350,0,227
"23128","cases_obs",6083,2351,0,245
"23129","cases_obs",6083,2352,0,204
"23130","cases_obs",6083,2353,0,217
"23131","cases_obs",6083,2354,0,238
"23132","cases_obs",6083,2355,0,226
"23133","cases_obs",6083,2356,0,204
"23134","cases_obs",6083,2357,0,244
"23135","cases_obs",6083,2358,0,178
"23136","cases_obs",6083,2359,0,199
"23137","cases_obs",6083,2360,0,201
"23138","cases_obs",6083,2361,0,195
"23139","cases_obs",6083,2362,0,137
"23140","cases_obs",6083,2363,0,143
"23141","cases_obs",6083,2364,0,150
"23142","cases_obs",6083,2365,0,145
"23143","cases_obs",6083,2366,0,173
"23144","cases_obs",6083,2367,0,184
"23145","cases_obs",6083,2368,0,191
"23146","cases_obs",6083,2369,0,232
"23147","cases_obs",6083,2370,0,193
"23148","cases_obs",6083,2371,0,191
"23149","cases_obs",6083,2372,0,234
"23150","cases_obs",6083,2373,0,237
"23151","cases_obs",6083,2374,0,268
"23152","cases_obs",6083,2375,0,248
"23153","cases_obs",6083,2376,0,233
"23154","cases_obs",6083,2377,0,220
"23155","cases_obs",6083,2378,0,217
"23156","cases_obs",6083,2379,0,216
"23157","cases_obs",6083,2380,0,173
"23158","cases_obs",6083,2381,0,196
"23159","cases_obs",6083,2382,0,130
"23160","cases_obs",6083,2383,0,226
"23161","cases_obs",6083,2384,0,164
"23162","cases_obs",6083,2385,0,166
"23163","cases_obs",6083,2386,0,163
"23164","cases_obs",6083,2387,0,142
"23165","cases_obs",6083,2388,0,173
"23166","cases_obs",6083,2389,0,153
"23167","cases_obs",6083,2390,0,184
"23168","cases_obs",6083,2391,0,195
"23169","cases_obs",6083,2392,0,161
"23170","cases_obs",6083,2393,0,172
"23171","cases_obs",6083,2394,0,199
"23172","cases_obs",6083,2395,0,167
"23173","cases_obs",6083,2396,0,176
"23174","cases_obs",6083,2397,0,185
"23175","cases_obs",6083,2398,0,188
"23176","cases_obs",6083,2399,0,176
"23177","cases_obs",6083,2400,0,155
"23178","cases_obs",6083,2401,0,163
"23179","cases_obs",6083,2402,0,139
"23180","cases_obs",6083,2403,0,159
"23181","cases_obs",6083,2404,0,144
"23182","cases_obs",6083,2405,0,146
"23183","cases_obs",6083,2406,0,161
"23184","cases_obs",6083,2407,0,138
"23185","cases_obs",6083,2408,0,170
"23186","cases_obs",6083,2409,0,196
"23187","cases_obs",6083,2410,0,191
"23188","cases_obs",6083,2411,0,184
"23189","cases_obs",6083,2412,0,159
"23190","cases_obs",6083,2413,0,142
"23191","cases_obs",6083,2414,0,107
"23192","cases_obs",6083,2415,0,101
"23193","cases_obs",6083,2416,0,96
"23194","cases_obs",6083,2417,0,88
"23195","cases_obs",6083,2418,0,143
"23196","cases_obs",6083,2419,0,146
"23197","cases_obs",6083,2420,0,139
"23198","cases_obs",6083,2421,0,179
"23199","cases_obs",6083,2422,0,198
"23200","cases_obs",6083,2423,0,201
"23201","cases_obs",6083,2424,0,161
"23202","cases_obs",6083,2425,0,221
"23203","cases_obs",6083,2426,0,191
"23204","cases_obs",6083,2427,0,202
"23205","cases_obs",6083,2428,0,179
"23206","cases_obs",6083,2429,0,197
"23207","cases_obs",6083,2430,0,207
"23208","cases_obs",6083,2431,0,171
"23209","cases_obs",6083,2432,0,160
"23210","cases_obs",6083,2433,0,159
"23211","cases_obs",6083,2434,0,131
"23212","cases_obs",6083,2435,0,188
"23213","cases_obs",6083,2436,0,141
"23214","cases_obs",6083,2437,0,136
"23215","cases_obs",6083,2438,0,165
"23216","cases_obs",6083,2439,0,167
"23217","cases_obs",6083,2440,0,168
"23218","cases_obs",6083,2441,0,193
"23219","cases_obs",6083,2442,0,147
"23220","cases_obs",6083,2443,0,198
"23221","cases_obs",6083,2444,0,182
"23222","cases_obs",6083,2445,0,196
"23223","cases_obs",6083,2446,0,189
"23224","cases_obs",6083,2447,0,200
"23225","cases_obs",6083,2448,0,188
"23226","cases_obs",6083,2449,0,191
"23227","cases_obs",6083,2450,0,166
"23228","cases_obs",6083,2451,0,175
"23229","cases_obs",6083,2452,0,178
"23230","cases_obs",6083,2453,0,174
"23231","cases_obs",6083,2454,0,181
"23232","cases_obs",6083,2455,0,201
"23233","cases_obs",6083,2456,0,218
"23234","cases_obs",6083,2457,0,188
"23235","cases_obs",6083,2458,0,149
"23236","cases_obs",6083,2459,0,156
"23237","cases_obs",6083,2460,0,171
"23238","cases_obs",6083,2461,0,152
"23239","cases_obs",6083,2462,0,157
"23240","cases_obs",6083,2463,0,168
"23241","cases_obs",6083,2464,0,191
"23242","cases_obs",6083,2465,0,128
"23243","cases_obs",6083,2466,0,112
"23244","cases_obs",6083,2467,0,107
"23245","cases_obs",6083,2468,0,76
"23246","cases_obs",6083,2469,0,90
"23247","cases_obs",6083,2470,0,97
"23248","cases_obs",6083,2471,0,121
"23249","cases_obs",6083,2472,0,131
"23250","cases_obs",6083,2473,0,160
"23251","cases_obs",6083,2474,0,155
"23252","cases_obs",6083,2475,0,180
"23253","cases_obs",6083,2476,0,186
"23254","cases_obs",6083,2477,0,159
"23255","cases_obs",6083,2478,0,192
"23256","cases_obs",6083,2479,0,168
"23257","cases_obs",6083,2480,0,170
"23258","cases_obs",6083,2481,0,179
"23259","cases_obs",6083,2482,0,175
"23260","cases_obs",6083,2483,0,158
"23261","cases_obs",6083,2484,0,166
"23262","cases_obs",6083,2485,0,151
"23263","cases_obs",6083,2486,0,96
"23264","cases_obs",6083,2487,0,100
"23265","cases_obs",6083,2488,0,114
"23266","cases_obs",6083,2489,0,99
"23267","cases_obs",6083,2490,0,128
"23268","cases_obs",6083,2491,0,163
"23269","cases_obs",6083,2492,0,172
"23270","cases_obs",6083,2493,0,139
"23271","cases_obs",6083,2494,0,142
"23272","cases_obs",6083,2495,0,146
"23273","cases_obs",6083,2496,0,148
"23274","cases_obs",6083,2497,0,152
"23275","cases_obs",6083,2498,0,152
"23276","cases_obs",6083,2499,0,140
"23277","cases_obs",6083,2500,0,151
"23278","cases_obs",6083,2501,0,121
"23279","cases_obs",6083,2502,0,155
"23280","cases_obs",6083,2503,0,176
"23281","cases_obs",6083,2504,0,170
"23282","cases_obs",6083,2505,0,167
"23283","cases_obs",6083,2506,0,187
"23284","cases_obs",6083,2507,0,135
"23285","cases_obs",6083,2508,0,144
"23286","cases_obs",6083,2509,0,161
"23287","cases_obs",6083,2510,0,162
"23288","cases_obs",6083,2511,0,166
"23289","cases_obs",6083,2512,0,203
"23290","cases_obs",6083,2513,0,181
"23291","cases_obs",6083,2514,0,191
"23292","cases_obs",6083,2515,0,165
"23293","cases_obs",6083,2516,0,152
"23294","cases_obs",6083,2517,0,108
"23295","cases_obs",6083,2518,0,108
"23296","cases_obs",6083,2519,0,92
"23297","log_lik",6083,0,0,-31286.3922139506
