"","matrix","time","row","col","value"
"1","N",6083,0,0,8614092.63294341
"2","S",6083,0,0,5500325.95473197
"3","I",6083,0,0,344.053214002375
"4","R",6083,0,0,3114555.86688176
"5","D",6083,0,0,145516.163443448
"6","beta_trend",6083,0,0,1.51633924802096
"7","beta_trend",6083,1,0,1.51507993067918
"8","beta_trend",6083,2,0,1.51380977681014
"9","beta_trend",6083,3,0,1.5125293938633
"10","beta_trend",6083,4,0,1.51123939770866
"11","beta_trend",6083,5,0,1.50994041224947
"12","beta_trend",6083,6,0,1.50863306902463
"13","beta_trend",6083,7,0,1.50731800680106
"14","beta_trend",6083,8,0,1.50599587115621
"15","beta_trend",6083,9,0,1.50466731405107
"16","beta_trend",6083,10,0,1.50333299339382
"17","beta_trend",6083,11,0,1.50199357259453
"18","beta_trend",6083,12,0,1.50064972011106
"19","beta_trend",6083,13,0,1.49930210898663
"20","beta_trend",6083,14,0,1.49795141637925
"21","beta_trend",6083,15,0,1.49659832308335
"22","beta_trend",6083,16,0,1.495243513044
"23","beta_trend",6083,17,0,1.49388767286404
"24","beta_trend",6083,18,0,1.4925314913045
"25","beta_trend",6083,19,0,1.49117565877855
"26","beta_trend",6083,20,0,1.48982086683961
"27","beta_trend",6083,21,0,1.4884678076638
"28","beta_trend",6083,22,0,1.48711717352711
"29","beta_trend",6083,23,0,1.48576965627794
"30","beta_trend",6083,24,0,1.48442594680512
"31","beta_trend",6083,25,0,1.48308673450209
"32","beta_trend",6083,26,0,1.48175270672747
"33","beta_trend",6083,27,0,1.48042454826261
"34","beta_trend",6083,28,0,1.47910294076651
"35","beta_trend",6083,29,0,1.47778856222853
"36","beta_trend",6083,30,0,1.47648208641947
"37","beta_trend",6083,31,0,1.4751841823413
"38","beta_trend",6083,32,0,1.47389551367625
"39","beta_trend",6083,33,0,1.47261673823549
"40","beta_trend",6083,34,0,1.47134850740814
"41","beta_trend",6083,35,0,1.47009146561088
"42","beta_trend",6083,36,0,1.4688462497388
"43","beta_trend",6083,37,0,1.46761348861794
"44","beta_trend",6083,38,0,1.46639380245999
"45","beta_trend",6083,39,0,1.46518780231974
"46","beta_trend",6083,40,0,1.46399608955573
"47","beta_trend",6083,41,0,1.46281925529454
"48","beta_trend",6083,42,0,1.46165787989949
"49","beta_trend",6083,43,0,1.46051253244389
"50","beta_trend",6083,44,0,1.45938377018968
"51","beta_trend",6083,45,0,1.45827213807185
"52","beta_trend",6083,46,0,1.45717816818905
"53","beta_trend",6083,47,0,1.45610237930114
"54","beta_trend",6083,48,0,1.45504527633393
"55","beta_trend",6083,49,0,1.45400734989187
"56","beta_trend",6083,50,0,1.45298907577897
"57","beta_trend",6083,51,0,1.45199091452864
"58","beta_trend",6083,52,0,1.45101331094286
"59","beta_trend",6083,53,0,1.45005669364111
"60","beta_trend",6083,54,0,1.44912147461977
"61","beta_trend",6083,55,0,1.44820804882224
"62","beta_trend",6083,56,0,1.4473167937204
"63","beta_trend",6083,57,0,1.44644806890784
"64","beta_trend",6083,58,0,1.44560221570535
"65","beta_trend",6083,59,0,1.44477955677916
"66","beta_trend",6083,60,0,1.44398039577223
"67","beta_trend",6083,61,0,1.44320501694929
"68","beta_trend",6083,62,0,1.44245368485587
"69","beta_trend",6083,63,0,1.4417266439918
"70","beta_trend",6083,64,0,1.44102411849962
"71","beta_trend",6083,65,0,1.4403463118683
"72","beta_trend",6083,66,0,1.4396934066527
"73","beta_trend",6083,67,0,1.43906556420903
"74","beta_trend",6083,68,0,1.4384629244469
"75","beta_trend",6083,69,0,1.43788560559807
"76","beta_trend",6083,70,0,1.43733370400249
"77","beta_trend",6083,71,0,1.43680729391182
"78","beta_trend",6083,72,0,1.4363064273107
"79","beta_trend",6083,73,0,1.43583113375635
"80","beta_trend",6083,74,0,1.43538142023644
"81","beta_trend",6083,75,0,1.434912604519
"82","beta_trend",6083,76,0,1.43451192149012
"83","beta_trend",6083,77,0,1.43413661334027
"84","beta_trend",6083,78,0,1.43378659210407
"85","beta_trend",6083,79,0,1.433461746687
"86","beta_trend",6083,80,0,1.43316194283484
"87","beta_trend",6083,81,0,1.43288702312304
"88","beta_trend",6083,82,0,1.4326368069662
"89","beta_trend",6083,83,0,1.43241109064779
"90","beta_trend",6083,84,0,1.43220964737027
"91","beta_trend",6083,85,0,1.43203222732568
"92","beta_trend",6083,86,0,1.43187855778676
"93","beta_trend",6083,87,0,1.43174834321885
"94","beta_trend",6083,88,0,1.4316412654123
"95","beta_trend",6083,89,0,1.43155698363578
"96","beta_trend",6083,90,0,1.43149513481023
"97","beta_trend",6083,91,0,1.4314553337036
"98","beta_trend",6083,92,0,1.4314371731463
"99","beta_trend",6083,93,0,1.43144022426726
"100","beta_trend",6083,94,0,1.4314640367507
"101","beta_trend",6083,95,0,1.4315081391133
"102","beta_trend",6083,96,0,1.43157203900187
"103","beta_trend",6083,97,0,1.43165522351126
"104","beta_trend",6083,98,0,1.43175715952242
"105","beta_trend",6083,99,0,1.43187729406045
"106","beta_trend",6083,100,0,1.43201505467239
"107","beta_trend",6083,101,0,1.43216984982463
"108","beta_trend",6083,102,0,1.4323410693197
"109","beta_trend",6083,103,0,1.43252808473208
"110","beta_trend",6083,104,0,1.43273024986293
"111","beta_trend",6083,105,0,1.43294690121332
"112","beta_trend",6083,106,0,1.43317735847577
"113","beta_trend",6083,107,0,1.43342092504364
"114","beta_trend",6083,108,0,1.43367688853812
"115","beta_trend",6083,109,0,1.43394452135249
"116","beta_trend",6083,110,0,1.43422308121311
"117","beta_trend",6083,111,0,1.4345118117569
"118","beta_trend",6083,112,0,1.43480994312485
"119","beta_trend",6083,113,0,1.43511669257102
"120","beta_trend",6083,114,0,1.43543126508671
"121","beta_trend",6083,115,0,1.4357528540393
"122","beta_trend",6083,116,0,1.43608064182514
"123","beta_trend",6083,117,0,1.43641380053614
"124","beta_trend",6083,118,0,1.43675149263956
"125","beta_trend",6083,119,0,1.43709287167018
"126","beta_trend",6083,120,0,1.43743708293471
"127","beta_trend",6083,121,0,1.43778326422748
"128","beta_trend",6083,122,0,1.43813054655712
"129","beta_trend",6083,123,0,1.43847805488343
"130","beta_trend",6083,124,0,1.43882490886397
"131","beta_trend",6083,125,0,1.43917022360961
"132","beta_trend",6083,126,0,1.43951311044854
"133","beta_trend",6083,127,0,1.439852677698
"134","beta_trend",6083,128,0,1.44018803144304
"135","beta_trend",6083,129,0,1.44051827632179
"136","beta_trend",6083,130,0,1.44084251631637
"137","beta_trend",6083,131,0,1.44115985554884
"138","beta_trend",6083,132,0,1.44146939908157
"139","beta_trend",6083,133,0,1.44177025372108
"140","beta_trend",6083,134,0,1.44206152882494
"141","beta_trend",6083,135,0,1.44234233711073
"142","beta_trend",6083,136,0,1.44261179546651
"143","beta_trend",6083,137,0,1.44286902576201
"144","beta_trend",6083,138,0,1.44311315565971
"145","beta_trend",6083,139,0,1.44334331942525
"146","beta_trend",6083,140,0,1.44355865873622
"147","beta_trend",6083,141,0,1.44375832348873
"148","beta_trend",6083,142,0,1.44394147260096
"149","beta_trend",6083,143,0,1.4441072748128
"150","beta_trend",6083,144,0,1.4442549094811
"151","beta_trend",6083,145,0,1.44438356736953
"152","beta_trend",6083,146,0,1.44449245143237
"153","beta_trend",6083,147,0,1.44458077759152
"154","beta_trend",6083,148,0,1.44464777550594
"155","beta_trend",6083,149,0,1.44469268933276
"156","beta_trend",6083,150,0,1.44471477847933
"157","beta_trend",6083,151,0,1.44471331834545
"158","beta_trend",6083,152,0,1.44468760105515
"159","beta_trend",6083,153,0,1.44463693617707
"160","beta_trend",6083,154,0,1.44456065143296
"161","beta_trend",6083,155,0,1.44445809339344
"162","beta_trend",6083,156,0,1.44432862816034
"163","beta_trend",6083,157,0,1.44417164203493
"164","beta_trend",6083,158,0,1.44398654217141
"165","beta_trend",6083,159,0,1.44377275721488
"166","beta_trend",6083,160,0,1.44352973792317
"167","beta_trend",6083,161,0,1.44325695777191
"168","beta_trend",6083,162,0,1.4429539135422
"169","beta_trend",6083,163,0,1.44262012589013
"170","beta_trend",6083,164,0,1.44225513989773
"171","beta_trend",6083,165,0,1.44185852560461
"172","beta_trend",6083,166,0,1.44142987851973
"173","beta_trend",6083,167,0,1.44096882011282
"174","beta_trend",6083,168,0,1.44047499828475
"175","beta_trend",6083,169,0,1.43994808781651
"176","beta_trend",6083,170,0,1.43938779079605
"177","beta_trend",6083,171,0,1.43879383702272
"178","beta_trend",6083,172,0,1.43817293501966
"179","beta_trend",6083,173,0,1.43751128999225
"180","beta_trend",6083,174,0,1.43681536147665
"181","beta_trend",6083,175,0,1.43608499425833
"182","beta_trend",6083,176,0,1.43532006252347
"183","beta_trend",6083,177,0,1.43452047011969
"184","beta_trend",6083,178,0,1.43368615079143
"185","beta_trend",6083,179,0,1.43281706838957
"186","beta_trend",6083,180,0,1.43191321705504
"187","beta_trend",6083,181,0,1.43097462137613
"188","beta_trend",6083,182,0,1.43000133651924
"189","beta_trend",6083,183,0,1.42899344833284
"190","beta_trend",6083,184,0,1.42795107342437
"191","beta_trend",6083,185,0,1.42687435921007
"192","beta_trend",6083,186,0,1.42576348393735
"193","beta_trend",6083,187,0,1.42461865667973
"194","beta_trend",6083,188,0,1.42344011730425
"195","beta_trend",6083,189,0,1.42222813641108
"196","beta_trend",6083,190,0,1.42098301524559
"197","beta_trend",6083,191,0,1.41970508558247
"198","beta_trend",6083,192,0,1.41839470958229
"199","beta_trend",6083,193,0,1.41705227962021
"200","beta_trend",6083,194,0,1.41567821808703
"201","beta_trend",6083,195,0,1.41427297716269
"202","beta_trend",6083,196,0,1.41283703856225
"203","beta_trend",6083,197,0,1.41137091325444
"204","beta_trend",6083,198,0,1.40987514115311
"205","beta_trend",6083,199,0,1.4083502907816
"206","beta_trend",6083,200,0,1.40679695891025
"207","beta_trend",6083,201,0,1.40521577016741
"208","beta_trend",6083,202,0,1.40360737662409
"209","beta_trend",6083,203,0,1.40197245735257
"210","beta_trend",6083,204,0,1.40031171795933
"211","beta_trend",6083,205,0,1.39862589009255
"212","beta_trend",6083,206,0,1.39691573092464
"213","beta_trend",6083,207,0,1.39518202261015
"214","beta_trend",6083,208,0,1.39342557171946
"215","beta_trend",6083,209,0,1.39164720864864
"216","beta_trend",6083,210,0,1.38984778700615
"217","beta_trend",6083,211,0,1.38802818297656
"218","beta_trend",6083,212,0,1.38618929466207
"219","beta_trend",6083,213,0,1.38433204140222
"220","beta_trend",6083,214,0,1.38245736307234
"221","beta_trend",6083,215,0,1.38056621936144
"222","beta_trend",6083,216,0,1.37865958902996
"223","beta_trend",6083,217,0,1.37673846914815
"224","beta_trend",6083,218,0,1.37480387431569
"225","beta_trend",6083,219,0,1.37285683586308
"226","beta_trend",6083,220,0,1.37089840103569
"227","beta_trend",6083,221,0,1.36892963216101
"228","beta_trend",6083,222,0,1.36695160579984
"229","beta_trend",6083,223,0,1.36496541188222
"230","beta_trend",6083,224,0,1.36297215282879
"231","beta_trend",6083,225,0,1.36097294265833
"232","beta_trend",6083,226,0,1.35896890608234
"233","beta_trend",6083,227,0,1.35696117758735
"234","beta_trend",6083,228,0,1.35495090050585
"235","beta_trend",6083,229,0,1.35293922607664
"236","beta_trend",6083,230,0,1.35092731249537
"237","beta_trend",6083,231,0,1.34891632395625
"238","beta_trend",6083,232,0,1.34690742968564
"239","beta_trend",6083,233,0,1.34490180296846
"240","beta_trend",6083,234,0,1.34290062016827
"241","beta_trend",6083,235,0,1.34090505974197
"242","beta_trend",6083,236,0,1.33891630124987
"243","beta_trend",6083,237,0,1.33693552436216
"244","beta_trend",6083,238,0,1.33496390786261
"245","beta_trend",6083,239,0,1.33300262865037
"246","beta_trend",6083,240,0,1.33105286074096
"247","beta_trend",6083,241,0,1.32911577426706
"248","beta_trend",6083,242,0,1.32719253448033
"249","beta_trend",6083,243,0,1.32528430075492
"250","beta_trend",6083,244,0,1.32339222559377
"251","beta_trend",6083,245,0,1.32151745363849
"252","beta_trend",6083,246,0,1.31966112068378
"253","beta_trend",6083,247,0,1.31782435269734
"254","beta_trend",6083,248,0,1.31600826484604
"255","beta_trend",6083,249,0,1.31421396052947
"256","beta_trend",6083,250,0,1.31244253042152
"257","beta_trend",6083,251,0,1.3106950515211
"258","beta_trend",6083,252,0,1.30897258621268
"259","beta_trend",6083,253,0,1.30727618133774
"260","beta_trend",6083,254,0,1.30560686727779
"261","beta_trend",6083,255,0,1.30396565704999
"262","beta_trend",6083,256,0,1.30235354541605
"263","beta_trend",6083,257,0,1.30077150800539
"264","beta_trend",6083,258,0,1.29922050045335
"265","beta_trend",6083,259,0,1.29770145755515
"266","beta_trend",6083,260,0,1.29621529243654
"267","beta_trend",6083,261,0,1.29476289574185
"268","beta_trend",6083,262,0,1.29334513484019
"269","beta_trend",6083,263,0,1.29196285305059
"270","beta_trend",6083,264,0,1.29061686888685
"271","beta_trend",6083,265,0,1.2893079753226
"272","beta_trend",6083,266,0,1.28803693907766
"273","beta_trend",6083,267,0,1.28680449992591
"274","beta_trend",6083,268,0,1.28559623311537
"275","beta_trend",6083,269,0,1.28444239828559
"276","beta_trend",6083,270,0,1.28332918125542
"277","beta_trend",6083,271,0,1.28225720632078
"278","beta_trend",6083,272,0,1.28122706767415
"279","beta_trend",6083,273,0,1.28023932885453
"280","beta_trend",6083,274,0,1.27929452222323
"281","beta_trend",6083,275,0,1.27839314846607
"282","beta_trend",6083,276,0,1.27753567612234
"283","beta_trend",6083,277,0,1.27672254114105
"284","beta_trend",6083,278,0,1.27595414646493
"285","beta_trend",6083,279,0,1.2752308616424
"286","beta_trend",6083,280,0,1.27455302246816
"287","beta_trend",6083,281,0,1.27392093065252
"288","beta_trend",6083,282,0,1.27333485351982
"289","beta_trend",6083,283,0,1.27279502373636
"290","beta_trend",6083,284,0,1.27230163906798
"291","beta_trend",6083,285,0,1.27185486216756
"292","beta_trend",6083,286,0,1.27145482039268
"293","beta_trend",6083,287,0,1.27110160565354
"294","beta_trend",6083,288,0,1.2707952742914
"295","beta_trend",6083,289,0,1.27053584698758
"296","beta_trend",6083,290,0,1.27032330870314
"297","beta_trend",6083,291,0,1.27015760864931
"298","beta_trend",6083,292,0,1.27003866028865
"299","beta_trend",6083,293,0,1.26996634136709
"300","beta_trend",6083,294,0,1.26994049397666
"301","beta_trend",6083,295,0,1.26996092464892
"302","beta_trend",6083,296,0,1.27002740447906
"303","beta_trend",6083,297,0,1.27013966928055
"304","beta_trend",6083,298,0,1.27029741977003
"305","beta_trend",6083,299,0,1.27050032178262
"306","beta_trend",6083,300,0,1.27074800651706
"307","beta_trend",6083,301,0,1.27104007081075
"308","beta_trend",6083,302,0,1.27137607744432
"309","beta_trend",6083,303,0,1.27175555547545
"310","beta_trend",6083,304,0,1.27217800060163
"311","beta_trend",6083,305,0,1.27264287555158
"312","beta_trend",6083,306,0,1.27314961050494
"313","beta_trend",6083,307,0,1.27369760353975
"314","beta_trend",6083,308,0,1.27428622110754
"315","beta_trend",6083,309,0,1.27491479853527
"316","beta_trend",6083,310,0,1.275582640554
"317","beta_trend",6083,311,0,1.27628902185349
"318","beta_trend",6083,312,0,1.27703318766247
"319","beta_trend",6083,313,0,1.27781435435383
"320","beta_trend",6083,314,0,1.27863171007437
"321","beta_trend",6083,315,0,1.27948441539834
"322","beta_trend",6083,316,0,1.28037160400434
"323","beta_trend",6083,317,0,1.28129238337481
"324","beta_trend",6083,318,0,1.28224583551757
"325","beta_trend",6083,319,0,1.28323101770863
"326","beta_trend",6083,320,0,1.28424696325573
"327","beta_trend",6083,321,0,1.28529268228182
"328","beta_trend",6083,322,0,1.2863671625277
"329","beta_trend",6083,323,0,1.2874693701732
"330","beta_trend",6083,324,0,1.28859825067613
"331","beta_trend",6083,325,0,1.28975272962811
"332","beta_trend",6083,326,0,1.2909317136266
"333","beta_trend",6083,327,0,1.29213409116235
"334","beta_trend",6083,328,0,1.29335873352136
"335","beta_trend",6083,329,0,1.2946044957006
"336","beta_trend",6083,330,0,1.29587021733658
"337","beta_trend",6083,331,0,1.29715472364605
"338","beta_trend",6083,332,0,1.29845682637783
"339","beta_trend",6083,333,0,1.29977532477495
"340","beta_trend",6083,334,0,1.30110900654628
"341","beta_trend",6083,335,0,1.30245664884669
"342","beta_trend",6083,336,0,1.30381701926489
"343","beta_trend",6083,337,0,1.30518887681805
"344","beta_trend",6083,338,0,1.30657097295225
"345","beta_trend",6083,339,0,1.30796205254803
"346","beta_trend",6083,340,0,1.3093608549298
"347","beta_trend",6083,341,0,1.31076611487861
"348","beta_trend",6083,342,0,1.31217656364701
"349","beta_trend",6083,343,0,1.31359092997534
"350","beta_trend",6083,344,0,1.3150079411084
"351","beta_trend",6083,345,0,1.31642632381162
"352","beta_trend",6083,346,0,1.31784480538591
"353","beta_trend",6083,347,0,1.31926211468012
"354","beta_trend",6083,348,0,1.32067698310039
"355","beta_trend",6083,349,0,1.32208814561536
"356","beta_trend",6083,350,0,1.32349434175645
"357","beta_trend",6083,351,0,1.32489431661223
"358","beta_trend",6083,352,0,1.32628682181616
"359","beta_trend",6083,353,0,1.3276706165266
"360","beta_trend",6083,354,0,1.3290444683985
"361","beta_trend",6083,355,0,1.33040715454576
"362","beta_trend",6083,356,0,1.33175746249341
"363","beta_trend",6083,357,0,1.3330941911189
"364","beta_trend",6083,358,0,1.33441615158164
"365","beta_trend",6083,359,0,1.33572216823992
"366","beta_trend",6083,360,0,1.33701107955456
"367","beta_trend",6083,361,0,1.33828173897843
"368","beta_trend",6083,362,0,1.33953301583105
"369","beta_trend",6083,363,0,1.34076379615773
"370","beta_trend",6083,364,0,1.34197298357226
"371","beta_trend",6083,365,0,1.34313298811178
"372","beta_trend",6083,366,0,1.34429455372308
"373","beta_trend",6083,367,0,1.34543129780312
"374","beta_trend",6083,368,0,1.34654220016825
"375","beta_trend",6083,369,0,1.34762626206847
"376","beta_trend",6083,370,0,1.34868250691562
"377","beta_trend",6083,371,0,1.34970998099049
"378","beta_trend",6083,372,0,1.35070775412859
"379","beta_trend",6083,373,0,1.35167492038385
"380","beta_trend",6083,374,0,1.35261059866975
"381","beta_trend",6083,375,0,1.3535139333775
"382","beta_trend",6083,376,0,1.35438409497065
"383","beta_trend",6083,377,0,1.35522028055572
"384","beta_trend",6083,378,0,1.35602171442853
"385","beta_trend",6083,379,0,1.35678764859564
"386","beta_trend",6083,380,0,1.35751736327067
"387","beta_trend",6083,381,0,1.3582101673451
"388","beta_trend",6083,382,0,1.35886539883319
"389","beta_trend",6083,383,0,1.35948242529079
"390","beta_trend",6083,384,0,1.36006064420765
"391","beta_trend",6083,385,0,1.36059948337312
"392","beta_trend",6083,386,0,1.36109840121487
"393","beta_trend",6083,387,0,1.36155688711057
"394","beta_trend",6083,388,0,1.36197446167222
"395","beta_trend",6083,389,0,1.36235067700309
"396","beta_trend",6083,390,0,1.36268511692708
"397","beta_trend",6083,391,0,1.36297739719047
"398","beta_trend",6083,392,0,1.3632271656359
"399","beta_trend",6083,393,0,1.36343410234865
"400","beta_trend",6083,394,0,1.36359791977506
"401","beta_trend",6083,395,0,1.36371836281328
"402","beta_trend",6083,396,0,1.36379520887621
"403","beta_trend",6083,397,0,1.36382826792679
"404","beta_trend",6083,398,0,1.36381738248575
"405","beta_trend",6083,399,0,1.36376242761179
"406","beta_trend",6083,400,0,1.3636633108545
"407","beta_trend",6083,401,0,1.3635199721801
"408","beta_trend",6083,402,0,1.36333238387013
"409","beta_trend",6083,403,0,1.36310055039343
"410","beta_trend",6083,404,0,1.36282450825155
"411","beta_trend",6083,405,0,1.36250432579785
"412","beta_trend",6083,406,0,1.36214010303061
"413","beta_trend",6083,407,0,1.36173197136049
"414","beta_trend",6083,408,0,1.36125430927772
"415","beta_trend",6083,409,0,1.36076001868494
"416","beta_trend",6083,410,0,1.36022235136776
"417","beta_trend",6083,411,0,1.35964156344177
"418","beta_trend",6083,412,0,1.35901794083002
"419","beta_trend",6083,413,0,1.35835179888609
"420","beta_trend",6083,414,0,1.35764348199422
"421","beta_trend",6083,415,0,1.35689336314676
"422","beta_trend",6083,416,0,1.35610184349966
"423","beta_trend",6083,417,0,1.35526935190638
"424","beta_trend",6083,418,0,1.3543963444307
"425","beta_trend",6083,419,0,1.35348330383915
"426","beta_trend",6083,420,0,1.35253073907345
"427","beta_trend",6083,421,0,1.35153918470361
"428","beta_trend",6083,422,0,1.35050920036228
"429","beta_trend",6083,423,0,1.34944137016091
"430","beta_trend",6083,424,0,1.34833630208844
"431","beta_trend",6083,425,0,1.347194627393
"432","beta_trend",6083,426,0,1.34601699994738
"433","beta_trend",6083,427,0,1.34480409559892
"434","beta_trend",6083,428,0,1.3435566115044
"435","beta_trend",6083,429,0,1.34227526545066
"436","beta_trend",6083,430,0,1.34096079516169
"437","beta_trend",6083,431,0,1.33961395759276
"438","beta_trend",6083,432,0,1.33823552821237
"439","beta_trend",6083,433,0,1.33682630027277
"440","beta_trend",6083,434,0,1.33538708406962
"441","beta_trend",6083,435,0,1.33391870619166
"442","beta_trend",6083,436,0,1.33242200876105
"443","beta_trend",6083,437,0,1.33089784866506
"444","beta_trend",6083,438,0,1.32934709677999
"445","beta_trend",6083,439,0,1.32777063718787
"446","beta_trend",6083,440,0,1.32616936638683
"447","beta_trend",6083,441,0,1.32454419249576
"448","beta_trend",6083,442,0,1.32289603445417
"449","beta_trend",6083,443,0,1.32122582121773
"450","beta_trend",6083,444,0,1.3195344909505
"451","beta_trend",6083,445,0,1.3178229902144
"452","beta_trend",6083,446,0,1.31609227315672
"453","beta_trend",6083,447,0,1.31434330069647
"454","beta_trend",6083,448,0,1.31257703971013
"455","beta_trend",6083,449,0,1.31079446221766
"456","beta_trend",6083,450,0,1.30899654456954
"457","beta_trend",6083,451,0,1.30718426663531
"458","beta_trend",6083,452,0,1.30535861099458
"459","beta_trend",6083,453,0,1.3035205621311
"460","beta_trend",6083,454,0,1.30167110563053
"461","beta_trend",6083,455,0,1.29981122738271
"462","beta_trend",6083,456,0,1.29794191278898
"463","beta_trend",6083,457,0,1.29606414597538
"464","beta_trend",6083,458,0,1.29417890901215
"465","beta_trend",6083,459,0,1.29228718114044
"466","beta_trend",6083,460,0,1.2903899380067
"467","beta_trend",6083,461,0,1.28848131780683
"468","beta_trend",6083,462,0,1.28657563776835
"469","beta_trend",6083,463,0,1.28466732660296
"470","beta_trend",6083,464,0,1.28275733754165
"471","beta_trend",6083,465,0,1.28084661650899
"472","beta_trend",6083,466,0,1.27893610141575
"473","beta_trend",6083,467,0,1.2770267214633
"474","beta_trend",6083,468,0,1.27511939646035
"475","beta_trend",6083,469,0,1.27321503615252
"476","beta_trend",6083,470,0,1.27131453956515
"477","beta_trend",6083,471,0,1.26941879436005
"478","beta_trend",6083,472,0,1.26752867620637
"479","beta_trend",6083,473,0,1.2656450481663
"480","beta_trend",6083,474,0,1.26376876009587
"481","beta_trend",6083,475,0,1.26190064806124
"482","beta_trend",6083,476,0,1.26004153377109
"483","beta_trend",6083,477,0,1.25819222402519
"484","beta_trend",6083,478,0,1.25635351017974
"485","beta_trend",6083,479,0,1.25452616762977
"486","beta_trend",6083,480,0,1.25271095530878
"487","beta_trend",6083,481,0,1.25090861520617
"488","beta_trend",6083,482,0,1.2491198719025
"489","beta_trend",6083,483,0,1.24734543212307
"490","beta_trend",6083,484,0,1.24558598430989
"491","beta_trend",6083,485,0,1.24384219821236
"492","beta_trend",6083,486,0,1.24211472449683
"493","beta_trend",6083,487,0,1.24040419437532
"494","beta_trend",6083,488,0,1.23871121925341
"495","beta_trend",6083,489,0,1.23703639039761
"496","beta_trend",6083,490,0,1.2353802786223
"497","beta_trend",6083,491,0,1.23374343399626
"498","beta_trend",6083,492,0,1.23212638556901
"499","beta_trend",6083,493,0,1.23052964111703
"500","beta_trend",6083,494,0,1.22895368690979
"501","beta_trend",6083,495,0,1.22739898749578
"502","beta_trend",6083,496,0,1.2258659855085
"503","beta_trend",6083,497,0,1.22435510149235
"504","beta_trend",6083,498,0,1.22286673374857
"505","beta_trend",6083,499,0,1.221401258201
"506","beta_trend",6083,500,0,1.21995902828175
"507","beta_trend",6083,501,0,1.21854037483666
"508","beta_trend",6083,502,0,1.21714560605044
"509","beta_trend",6083,503,0,1.21577500739144
"510","beta_trend",6083,504,0,1.21442884157591
"511","beta_trend",6083,505,0,1.21314594432272
"512","beta_trend",6083,506,0,1.21184763240471
"513","beta_trend",6083,507,0,1.21057447665628
"514","beta_trend",6083,508,0,1.20932664598193
"515","beta_trend",6083,509,0,1.20810428674552
"516","beta_trend",6083,510,0,1.20690752284458
"517","beta_trend",6083,511,0,1.20573645580288
"518","beta_trend",6083,512,0,1.20459116488105
"519","beta_trend",6083,513,0,1.20347170720499
"520","beta_trend",6083,514,0,1.2023781179118
"521","beta_trend",6083,515,0,1.20131041031289
"522","beta_trend",6083,516,0,1.20026857607407
"523","beta_trend",6083,517,0,1.19925258541218
"524","beta_trend",6083,518,0,1.19826238730812
"525","beta_trend",6083,519,0,1.19729790973568
"526","beta_trend",6083,520,0,1.19635905990612
"527","beta_trend",6083,521,0,1.19544572452787
"528","beta_trend",6083,522,0,1.19455777008125
"529","beta_trend",6083,523,0,1.19369504310757
"530","beta_trend",6083,524,0,1.19285737051239
"531","beta_trend",6083,525,0,1.19204455988257
"532","beta_trend",6083,526,0,1.19125639981652
"533","beta_trend",6083,527,0,1.19049266026747
"534","beta_trend",6083,528,0,1.18975309289919
"535","beta_trend",6083,529,0,1.18903743145375
"536","beta_trend",6083,530,0,1.18834539213099
"537","beta_trend",6083,531,0,1.1876766739791
"538","beta_trend",6083,532,0,1.18703095929608
"539","beta_trend",6083,533,0,1.18640791404136
"540","beta_trend",6083,534,0,1.18580718825744
"541","beta_trend",6083,535,0,1.18522841650082
"542","beta_trend",6083,536,0,1.18467121828192
"543","beta_trend",6083,537,0,1.1841351985135
"544","beta_trend",6083,538,0,1.18361994796707
"545","beta_trend",6083,539,0,1.18312504373687
"546","beta_trend",6083,540,0,1.18265004971096
"547","beta_trend",6083,541,0,1.18219451704887
"548","beta_trend",6083,542,0,1.18175798466546
"549","beta_trend",6083,543,0,1.18133997972044
"550","beta_trend",6083,544,0,1.18094001811305
"551","beta_trend",6083,545,0,1.18055760498157
"552","beta_trend",6083,546,0,1.18019223520705
"553","beta_trend",6083,547,0,1.17984339392081
"554","beta_trend",6083,548,0,1.17951055701538
"555","beta_trend",6083,549,0,1.17919319165823
"556","beta_trend",6083,550,0,1.17889075680798
"557","beta_trend",6083,551,0,1.17860270373253
"558","beta_trend",6083,552,0,1.17832847652873
"559","beta_trend",6083,553,0,1.17806751264314
"560","beta_trend",6083,554,0,1.17781924339335
"561","beta_trend",6083,555,0,1.17758309448953
"562","beta_trend",6083,556,0,1.1773584865557
"563","beta_trend",6083,557,0,1.17714483565036
"564","beta_trend",6083,558,0,1.17692469990303
"565","beta_trend",6083,559,0,1.17673041914061
"566","beta_trend",6083,560,0,1.1765452876497
"567","beta_trend",6083,561,0,1.17636870703812
"568","beta_trend",6083,562,0,1.17620007687557
"569","beta_trend",6083,563,0,1.1760387951998
"570","beta_trend",6083,564,0,1.17588425901925
"571","beta_trend",6083,565,0,1.17573586481175
"572","beta_trend",6083,566,0,1.17559300901887
"573","beta_trend",6083,567,0,1.17545508853571
"574","beta_trend",6083,568,0,1.17532150119563
"575","beta_trend",6083,569,0,1.17519164624962
"576","beta_trend",6083,570,0,1.17506492484004
"577","beta_trend",6083,571,0,1.17494074046831
"578","beta_trend",6083,572,0,1.1748184994563
"579","beta_trend",6083,573,0,1.17469761140114
"580","beta_trend",6083,574,0,1.174577489623
"581","beta_trend",6083,575,0,1.1744575516058
"582","beta_trend",6083,576,0,1.1743372194303
"583","beta_trend",6083,577,0,1.17421592019959
"584","beta_trend",6083,578,0,1.17409308645644
"585","beta_trend",6083,579,0,1.17396815659249
"586","beta_trend",6083,580,0,1.1738405752489
"587","beta_trend",6083,581,0,1.17370979370834
"588","beta_trend",6083,582,0,1.17357527027798
"589","beta_trend",6083,583,0,1.17343647066343
"590","beta_trend",6083,584,0,1.1732928683333
"591","beta_trend",6083,585,0,1.17314394487427
"592","beta_trend",6083,586,0,1.17298919033646
"593","beta_trend",6083,587,0,1.17282810356899
"594","beta_trend",6083,588,0,1.17266019254548
"595","beta_trend",6083,589,0,1.17248497467949
"596","beta_trend",6083,590,0,1.17230197712963
"597","beta_trend",6083,591,0,1.17211073709427
"598","beta_trend",6083,592,0,1.17191080209579
"599","beta_trend",6083,593,0,1.17170173025421
"600","beta_trend",6083,594,0,1.1714830905501
"601","beta_trend",6083,595,0,1.17125446307677
"602","beta_trend",6083,596,0,1.17101543928153
"603","beta_trend",6083,597,0,1.17076562219614
"604","beta_trend",6083,598,0,1.17050462665625
"605","beta_trend",6083,599,0,1.17023207950985
"606","beta_trend",6083,600,0,1.1699476198147
"607","beta_trend",6083,601,0,1.16959620064471
"608","beta_trend",6083,602,0,1.16928930157926
"609","beta_trend",6083,603,0,1.16896938077777
"610","beta_trend",6083,604,0,1.1686361318845
"611","beta_trend",6083,605,0,1.16828926142922
"612","beta_trend",6083,606,0,1.1679284889632
"613","beta_trend",6083,607,0,1.167553547184
"614","beta_trend",6083,608,0,1.16716418204929
"615","beta_trend",6083,609,0,1.16676015287953
"616","beta_trend",6083,610,0,1.16634123244978
"617","beta_trend",6083,611,0,1.1659072070706
"618","beta_trend",6083,612,0,1.16545787665806
"619","beta_trend",6083,613,0,1.16499305479313
"620","beta_trend",6083,614,0,1.16451256877033
"621","beta_trend",6083,615,0,1.16401625963586
"622","beta_trend",6083,616,0,1.16350398221536
"623","beta_trend",6083,617,0,1.16297560513121
"624","beta_trend",6083,618,0,1.16243101080975
"625","beta_trend",6083,619,0,1.16187009547829
"626","beta_trend",6083,620,0,1.16129276915231
"627","beta_trend",6083,621,0,1.16069895561267
"628","beta_trend",6083,622,0,1.16008859237326
"629","beta_trend",6083,623,0,1.1594616306391
"630","beta_trend",6083,624,0,1.15881803525502
"631","beta_trend",6083,625,0,1.15815778464513
"632","beta_trend",6083,626,0,1.15748087074324
"633","beta_trend",6083,627,0,1.15678729891438
"634","beta_trend",6083,628,0,1.15607708786759
"635","beta_trend",6083,629,0,1.15535026956016
"636","beta_trend",6083,630,0,1.15460688909348
"637","beta_trend",6083,631,0,1.15384700460072
"638","beta_trend",6083,632,0,1.15307068712649
"639","beta_trend",6083,633,0,1.1522780204987
"640","beta_trend",6083,634,0,1.15146910119272
"641","beta_trend",6083,635,0,1.15064403818825
"642","beta_trend",6083,636,0,1.14980295281875
"643","beta_trend",6083,637,0,1.14894597861404
"644","beta_trend",6083,638,0,1.1480732611359
"645","beta_trend",6083,639,0,1.1471849578071
"646","beta_trend",6083,640,0,1.14628123773401
"647","beta_trend",6083,641,0,1.14536228152294
"648","beta_trend",6083,642,0,1.14442828109048
"649","beta_trend",6083,643,0,1.14347943946803
"650","beta_trend",6083,644,0,1.14251597060075
"651","beta_trend",6083,645,0,1.14153809914103
"652","beta_trend",6083,646,0,1.14054606023688
"653","beta_trend",6083,647,0,1.13954009931526
"654","beta_trend",6083,648,0,1.13852047186072
"655","beta_trend",6083,649,0,1.13748744318941
"656","beta_trend",6083,650,0,1.13644128821881
"657","beta_trend",6083,651,0,1.1353822912333
"658","beta_trend",6083,652,0,1.13431074564579
"659","beta_trend",6083,653,0,1.13322695375567
"660","beta_trend",6083,654,0,1.13209951331384
"661","beta_trend",6083,655,0,1.13099070714645
"662","beta_trend",6083,656,0,1.12987054878341
"663","beta_trend",6083,657,0,1.12873937099993
"664","beta_trend",6083,658,0,1.12759751410268
"665","beta_trend",6083,659,0,1.1264453256666
"666","beta_trend",6083,660,0,1.12528316026924
"667","beta_trend",6083,661,0,1.12411137922303
"668","beta_trend",6083,662,0,1.12293035030549
"669","beta_trend",6083,663,0,1.12174044748767
"670","beta_trend",6083,664,0,1.12054205066102
"671","beta_trend",6083,665,0,1.11933554536279
"672","beta_trend",6083,666,0,1.1181213225003
"673","beta_trend",6083,667,0,1.11689977807408
"674","beta_trend",6083,668,0,1.11567131290016
"675","beta_trend",6083,669,0,1.1144363323318
"676","beta_trend",6083,670,0,1.11319524598053
"677","beta_trend",6083,671,0,1.11194846743703
"678","beta_trend",6083,672,0,1.11069641399176
"679","beta_trend",6083,673,0,1.10943950635566
"680","beta_trend",6083,674,0,1.10817816838095
"681","beta_trend",6083,675,0,1.10691282678238
"682","beta_trend",6083,676,0,1.10564391085891
"683","beta_trend",6083,677,0,1.10437185221605
"684","beta_trend",6083,678,0,1.10309708448906
"685","beta_trend",6083,679,0,1.10182004306706
"686","beta_trend",6083,680,0,1.10054116481833
"687","beta_trend",6083,681,0,1.09926088781677
"688","beta_trend",6083,682,0,1.09797965106988
"689","beta_trend",6083,683,0,1.09669789424815
"690","beta_trend",6083,684,0,1.09541605741625
"691","beta_trend",6083,685,0,1.09413458076592
"692","beta_trend",6083,686,0,1.09285390435093
"693","beta_trend",6083,687,0,1.09157446782396
"694","beta_trend",6083,688,0,1.09029671017577
"695","beta_trend",6083,689,0,1.08902106947665
"696","beta_trend",6083,690,0,1.08774798262031
"697","beta_trend",6083,691,0,1.08647788507027
"698","beta_trend",6083,692,0,1.08521121060896
"699","beta_trend",6083,693,0,1.08394839108951
"700","beta_trend",6083,694,0,1.08268985619049
"701","beta_trend",6083,695,0,1.08143603317356
"702","beta_trend",6083,696,0,1.08018734664416
"703","beta_trend",6083,697,0,1.07894421831544
"704","beta_trend",6083,698,0,1.07777630013477
"705","beta_trend",6083,699,0,1.07654247558847
"706","beta_trend",6083,700,0,1.07531558340626
"707","beta_trend",6083,701,0,1.07409602636224
"708","beta_trend",6083,702,0,1.07288420339349
"709","beta_trend",6083,703,0,1.0716805093786
"710","beta_trend",6083,704,0,1.07048533492017
"711","beta_trend",6083,705,0,1.06929906613126
"712","beta_trend",6083,706,0,1.06812208442591
"713","beta_trend",6083,707,0,1.06695476631375
"714","beta_trend",6083,708,0,1.06579748319885
"715","beta_trend",6083,709,0,1.0646506011827
"716","beta_trend",6083,710,0,1.06351448087161
"717","beta_trend",6083,711,0,1.0623894771883
"718","beta_trend",6083,712,0,1.06127593918802
"719","beta_trend",6083,713,0,1.060174209879
"720","beta_trend",6083,714,0,1.05908462604744
"721","beta_trend",6083,715,0,1.05800751808702
"722","beta_trend",6083,716,0,1.0569432098329
"723","beta_trend",6083,717,0,1.05589201840045
"724","beta_trend",6083,718,0,1.05485425402849
"725","beta_trend",6083,719,0,1.05383021992724
"726","beta_trend",6083,720,0,1.05282021213103
"727","beta_trend",6083,721,0,1.0518245193556
"728","beta_trend",6083,722,0,1.0508434228603
"729","beta_trend",6083,723,0,1.04987719631497
"730","beta_trend",6083,724,0,1.04892610567164
"731","beta_trend",6083,725,0,1.04799040904103
"732","beta_trend",6083,726,0,1.04707035657396
"733","beta_trend",6083,727,0,1.0461661903475
"734","beta_trend",6083,728,0,1.04527814425607
"735","beta_trend",6083,729,0,1.0444064439074
"736","beta_trend",6083,730,0,1.04355130652329
"737","beta_trend",6083,731,0,1.04271294084542
"738","beta_trend",6083,732,0,1.04189154704593
"739","beta_trend",6083,733,0,1.04108731664295
"740","beta_trend",6083,734,0,1.04030043242102
"741","beta_trend",6083,735,0,1.03953106835647
"742","beta_trend",6083,736,0,1.03877938954763
"743","beta_trend",6083,737,0,1.03804555215
"744","beta_trend",6083,738,0,1.03732970331629
"745","beta_trend",6083,739,0,1.03663198114135
"746","beta_trend",6083,740,0,1.03595251461201
"747","beta_trend",6083,741,0,1.03529142356178
"748","beta_trend",6083,742,0,1.0346488186304
"749","beta_trend",6083,743,0,1.03402480122823
"750","beta_trend",6083,744,0,1.03341946350558
"751","beta_trend",6083,745,0,1.03283288832669
"752","beta_trend",6083,746,0,1.03226514924864
"753","beta_trend",6083,747,0,1.03171631050502
"754","beta_trend",6083,748,0,1.03118642699434
"755","beta_trend",6083,749,0,1.03067554427317
"756","beta_trend",6083,750,0,1.03018369855405
"757","beta_trend",6083,751,0,1.02970088855758
"758","beta_trend",6083,752,0,1.02924672609017
"759","beta_trend",6083,753,0,1.02881163317486
"760","beta_trend",6083,754,0,1.02839560790698
"761","beta_trend",6083,755,0,1.02799863906684
"762","beta_trend",6083,756,0,1.02762070614431
"763","beta_trend",6083,757,0,1.02726177936792
"764","beta_trend",6083,758,0,1.02692181973837
"765","beta_trend",6083,759,0,1.02660077906651
"766","beta_trend",6083,760,0,1.02629860001566
"767","beta_trend",6083,761,0,1.02601521614822
"768","beta_trend",6083,762,0,1.02575055197666
"769","beta_trend",6083,763,0,1.02550452301869
"770","beta_trend",6083,764,0,1.02527703585665
"771","beta_trend",6083,765,0,1.02506798820109
"772","beta_trend",6083,766,0,1.02487726895842
"773","beta_trend",6083,767,0,1.02470475830264
"774","beta_trend",6083,768,0,1.02455032775111
"775","beta_trend",6083,769,0,1.02441384024423
"776","beta_trend",6083,770,0,1.02429515022911
"777","beta_trend",6083,771,0,1.02419410374702
"778","beta_trend",6083,772,0,1.02411053852471
"779","beta_trend",6083,773,0,1.02404428406942
"780","beta_trend",6083,774,0,1.02399516176766
"781","beta_trend",6083,775,0,1.02396298498752
"782","beta_trend",6083,776,0,1.02394755918469
"783","beta_trend",6083,777,0,1.02394868201187
"784","beta_trend",6083,778,0,1.02396614343168
"785","beta_trend",6083,779,0,1.02399972583301
"786","beta_trend",6083,780,0,1.02404920415059
"787","beta_trend",6083,781,0,1.02411434598793
"788","beta_trend",6083,782,0,1.0241949117434
"789","beta_trend",6083,783,0,1.02429065473942
"790","beta_trend",6083,784,0,1.02440132135475
"791","beta_trend",6083,785,0,1.02452665115974
"792","beta_trend",6083,786,0,1.02466637705453
"793","beta_trend",6083,787,0,1.02482022541006
"794","beta_trend",6083,788,0,1.02498791621188
"795","beta_trend",6083,789,0,1.02516916320661
"796","beta_trend",6083,790,0,1.02536367405115
"797","beta_trend",6083,791,0,1.02557115046427
"798","beta_trend",6083,792,0,1.02579128838082
"799","beta_trend",6083,793,0,1.02602377810825
"800","beta_trend",6083,794,0,1.0262138964739
"801","beta_trend",6083,795,0,1.02647254471184
"802","beta_trend",6083,796,0,1.0267424826533
"803","beta_trend",6083,797,0,1.02702338367816
"804","beta_trend",6083,798,0,1.02731491621009
"805","beta_trend",6083,799,0,1.0276167438905
"806","beta_trend",6083,800,0,1.02792852575434
"807","beta_trend",6083,801,0,1.02824991640741
"808","beta_trend",6083,802,0,1.02858056620521
"809","beta_trend",6083,803,0,1.02892012143332
"810","beta_trend",6083,804,0,1.02926822448906
"811","beta_trend",6083,805,0,1.0296245140645
"812","beta_trend",6083,806,0,1.02998862533063
"813","beta_trend",6083,807,0,1.03036019012271
"814","beta_trend",6083,808,0,1.03073883712659
"815","beta_trend",6083,809,0,1.03112419206606
"816","beta_trend",6083,810,0,1.03151587789099
"817","beta_trend",6083,811,0,1.03191351496629
"818","beta_trend",6083,812,0,1.03231672126163
"819","beta_trend",6083,813,0,1.03272511254165
"820","beta_trend",6083,814,0,1.0331383025568
"821","beta_trend",6083,815,0,1.03355590323458
"822","beta_trend",6083,816,0,1.03397752487115
"823","beta_trend",6083,817,0,1.0344027763232
"824","beta_trend",6083,818,0,1.03483126520003
"825","beta_trend",6083,819,0,1.03526259805569
"826","beta_trend",6083,820,0,1.03569638058118
"827","beta_trend",6083,821,0,1.03613221779652
"828","beta_trend",6083,822,0,1.03656971424277
"829","beta_trend",6083,823,0,1.03700847417367
"830","beta_trend",6083,824,0,1.03744810174707
"831","beta_trend",6083,825,0,1.03788820121588
"832","beta_trend",6083,826,0,1.03832837711858
"833","beta_trend",6083,827,0,1.03876823446909
"834","beta_trend",6083,828,0,1.03920737894606
"835","beta_trend",6083,829,0,1.03964541708133
"836","beta_trend",6083,830,0,1.04008195644764
"837","beta_trend",6083,831,0,1.04051660584536
"838","beta_trend",6083,832,0,1.04094897548835
"839","beta_trend",6083,833,0,1.0413786771886
"840","beta_trend",6083,834,0,1.04180532453985
"841","beta_trend",6083,835,0,1.04222853309995
"842","beta_trend",6083,836,0,1.04264792057186
"843","beta_trend",6083,837,0,1.04306310698336
"844","beta_trend",6083,838,0,1.04347371486528
"845","beta_trend",6083,839,0,1.04387936942813
"846","beta_trend",6083,840,0,1.04427969873726
"847","beta_trend",6083,841,0,1.04467433388621
"848","beta_trend",6083,842,0,1.0450629091684
"849","beta_trend",6083,843,0,1.04544506224697
"850","beta_trend",6083,844,0,1.04582043432276
"851","beta_trend",6083,845,0,1.04618867030026
"852","beta_trend",6083,846,0,1.04654941895165
"853","beta_trend",6083,847,0,1.04686911228426
"854","beta_trend",6083,848,0,1.04721231626607
"855","beta_trend",6083,849,0,1.04754693737227
"856","beta_trend",6083,850,0,1.0478726387366
"857","beta_trend",6083,851,0,1.04818908804696
"858","beta_trend",6083,852,0,1.04849595769258
"859","beta_trend",6083,853,0,1.04879292490863
"860","beta_trend",6083,854,0,1.04907967191822
"861","beta_trend",6083,855,0,1.04935588607172
"862","beta_trend",6083,856,0,1.04962125998337
"863","beta_trend",6083,857,0,1.04987549166515
"864","beta_trend",6083,858,0,1.05011828465775
"865","beta_trend",6083,859,0,1.05034934815872
"866","beta_trend",6083,860,0,1.05056839714771
"867","beta_trend",6083,861,0,1.05077515250866
"868","beta_trend",6083,862,0,1.05096934114903
"869","beta_trend",6083,863,0,1.05115069611599
"870","beta_trend",6083,864,0,1.0513189567094
"871","beta_trend",6083,865,0,1.05147386859177
"872","beta_trend",6083,866,0,1.05161518389493
"873","beta_trend",6083,867,0,1.05174266132352
"874","beta_trend",6083,868,0,1.05185606625525
"875","beta_trend",6083,869,0,1.05195517083779
"876","beta_trend",6083,870,0,1.05203975408239
"877","beta_trend",6083,871,0,1.05210960195411
"878","beta_trend",6083,872,0,1.05216450745867
"879","beta_trend",6083,873,0,1.05220427072591
"880","beta_trend",6083,874,0,1.05222869908975
"881","beta_trend",6083,875,0,1.05223760716473
"882","beta_trend",6083,876,0,1.05223081691904
"883","beta_trend",6083,877,0,1.05220815774403
"884","beta_trend",6083,878,0,1.05216946652023
"885","beta_trend",6083,879,0,1.05211458767975
"886","beta_trend",6083,880,0,1.05204337326521
"887","beta_trend",6083,881,0,1.05195568298497
"888","beta_trend",6083,882,0,1.05185138426489
"889","beta_trend",6083,883,0,1.05173035229639
"890","beta_trend",6083,884,0,1.05159247008098
"891","beta_trend",6083,885,0,1.05143762847107
"892","beta_trend",6083,886,0,1.05126572620725
"893","beta_trend",6083,887,0,1.05107666995185
"894","beta_trend",6083,888,0,1.05087037431895
"895","beta_trend",6083,889,0,1.05064676190068
"896","beta_trend",6083,890,0,1.05040576328991
"897","beta_trend",6083,891,0,1.05019047230378
"898","beta_trend",6083,892,0,1.04991261487579
"899","beta_trend",6083,893,0,1.04961729140744
"900","beta_trend",6083,894,0,1.04930446148654
"901","beta_trend",6083,895,0,1.04897409287601
"902","beta_trend",6083,896,0,1.04862616151104
"903","beta_trend",6083,897,0,1.04826065149266
"904","beta_trend",6083,898,0,1.04787755507792
"905","beta_trend",6083,899,0,1.04747687266653
"906","beta_trend",6083,900,0,1.04705861278406
"907","beta_trend",6083,901,0,1.04662279206171
"908","beta_trend",6083,902,0,1.04616943521262
"909","beta_trend",6083,903,0,1.04569857500476
"910","beta_trend",6083,904,0,1.04521025223045
"911","beta_trend",6083,905,0,1.04470451567244
"912","beta_trend",6083,906,0,1.0441814220667
"913","beta_trend",6083,907,0,1.04364103606179
"914","beta_trend",6083,908,0,1.04308343017494
"915","beta_trend",6083,909,0,1.04250868474486
"916","beta_trend",6083,910,0,1.04191688788119
"917","beta_trend",6083,911,0,1.0413081354108
"918","beta_trend",6083,912,0,1.04068253082078
"919","beta_trend",6083,913,0,1.04004018519828
"920","beta_trend",6083,914,0,1.03938121716718
"921","beta_trend",6083,915,0,1.03870575282155
"922","beta_trend",6083,916,0,1.03801392565613
"923","beta_trend",6083,917,0,1.0373058764936
"924","beta_trend",6083,918,0,1.0365817534089
"925","beta_trend",6083,919,0,1.03584171165046
"926","beta_trend",6083,920,0,1.03508591355852
"927","beta_trend",6083,921,0,1.03431452848048
"928","beta_trend",6083,922,0,1.0335277326833
"929","beta_trend",6083,923,0,1.03272570926315
"930","beta_trend",6083,924,0,1.03190864805207
"931","beta_trend",6083,925,0,1.03107674552198
"932","beta_trend",6083,926,0,1.03023020468587
"933","beta_trend",6083,927,0,1.02936923499627
"934","beta_trend",6083,928,0,1.0284940522411
"935","beta_trend",6083,929,0,1.02760487843687
"936","beta_trend",6083,930,0,1.02670194171927
"937","beta_trend",6083,931,0,1.02578547623126
"938","beta_trend",6083,932,0,1.02485572200869
"939","beta_trend",6083,933,0,1.0239129248634
"940","beta_trend",6083,934,0,1.02295733626399
"941","beta_trend",6083,935,0,1.02198921321419
"942","beta_trend",6083,936,0,1.02100881812897
"943","beta_trend",6083,937,0,1.02001641870836
"944","beta_trend",6083,938,0,1.01901228780912
"945","beta_trend",6083,939,0,1.01799670331415
"946","beta_trend",6083,940,0,1.01696994799995
"947","beta_trend",6083,941,0,1.01593230940189
"948","beta_trend",6083,942,0,1.01488407967758
"949","beta_trend",6083,943,0,1.01382555546826
"950","beta_trend",6083,944,0,1.01273715264122
"951","beta_trend",6083,945,0,1.01165803033041
"952","beta_trend",6083,946,0,1.01056948913393
"953","beta_trend",6083,947,0,1.00947184059128
"954","beta_trend",6083,948,0,1.00836539994542
"955","beta_trend",6083,949,0,1.0072504859917
"956","beta_trend",6083,950,0,1.00612742092518
"957","beta_trend",6083,951,0,1.00499653018645
"958","beta_trend",6083,952,0,1.00385814230591
"959","beta_trend",6083,953,0,1.00271258874671
"960","beta_trend",6083,954,0,1.00156020374626
"961","beta_trend",6083,955,0,1.00040132415651
"962","beta_trend",6083,956,0,0.999236289282889
"963","beta_trend",6083,957,0,0.998065440722228
"964","beta_trend",6083,958,0,0.996889122199435
"965","beta_trend",6083,959,0,0.995707679403205
"966","beta_trend",6083,960,0,0.994521459820733
"967","beta_trend",6083,961,0,0.993330812571517
"968","beta_trend",6083,962,0,0.992136088240313
"969","beta_trend",6083,963,0,0.990937638709327
"970","beta_trend",6083,964,0,0.989735816989685
"971","beta_trend",6083,965,0,0.988530977052275
"972","beta_trend",6083,966,0,0.987323473658011
"973","beta_trend",6083,967,0,0.986113662187609
"974","beta_trend",6083,968,0,0.984901898470929
"975","beta_trend",6083,969,0,0.983688538615958
"976","beta_trend",6083,970,0,0.982473938837522
"977","beta_trend",6083,971,0,0.981258455285776
"978","beta_trend",6083,972,0,0.980042443874563
"979","beta_trend",6083,973,0,0.978826260109712
"980","beta_trend",6083,974,0,0.977610258917349
"981","beta_trend",6083,975,0,0.976394794472295
"982","beta_trend",6083,976,0,0.975180220026631
"983","beta_trend",6083,977,0,0.973966887738505
"984","beta_trend",6083,978,0,0.972755148501259
"985","beta_trend",6083,979,0,0.971545351772956
"986","beta_trend",6083,980,0,0.970337845406378
"987","beta_trend",6083,981,0,0.969132975479582
"988","beta_trend",6083,982,0,0.967931086127096
"989","beta_trend",6083,983,0,0.966732519371823
"990","beta_trend",6083,984,0,0.965537614957742
"991","beta_trend",6083,985,0,0.964346710183494
"992","beta_trend",6083,986,0,0.963160139736911
"993","beta_trend",6083,987,0,0.961978235530601
"994","beta_trend",6083,988,0,0.960794893902715
"995","beta_trend",6083,989,0,0.959623591069356
"996","beta_trend",6083,990,0,0.958457919953055
"997","beta_trend",6083,991,0,0.95729820021813
"998","beta_trend",6083,992,0,0.956144747932737
"999","beta_trend",6083,993,0,0.95499787541299
"1000","beta_trend",6083,994,0,0.953857891068691
"1001","beta_trend",6083,995,0,0.952725099250745
"1002","beta_trend",6083,996,0,0.951599800100343
"1003","beta_trend",6083,997,0,0.95048228940001
"1004","beta_trend",6083,998,0,0.949372858426579
"1005","beta_trend",6083,999,0,0.948271793806201
"1006","beta_trend",6083,1000,0,0.947179377371453
"1007","beta_trend",6083,1001,0,0.946095886020643
"1008","beta_trend",6083,1002,0,0.945021591579385
"1009","beta_trend",6083,1003,0,0.943956760664531
"1010","beta_trend",6083,1004,0,0.942901654550547
"1011","beta_trend",6083,1005,0,0.941856529038405
"1012","beta_trend",6083,1006,0,0.940821634327085
"1013","beta_trend",6083,1007,0,0.939797214887758
"1014","beta_trend",6083,1008,0,0.938783509340739
"1015","beta_trend",6083,1009,0,0.937780750335282
"1016","beta_trend",6083,1010,0,0.936789164432303
"1017","beta_trend",6083,1011,0,0.935808971990112
"1018","beta_trend",6083,1012,0,0.934840387053223
"1019","beta_trend",6083,1013,0,0.933883617244323
"1020","beta_trend",6083,1014,0,0.932938863659479
"1021","beta_trend",6083,1015,0,0.93200632076666
"1022","beta_trend",6083,1016,0,0.931086176307639
"1023","beta_trend",6083,1017,0,0.930178611203354
"1024","beta_trend",6083,1018,0,0.929283799462806
"1025","beta_trend",6083,1019,0,0.928401908095544
"1026","beta_trend",6083,1020,0,0.927533097027836
"1027","beta_trend",6083,1021,0,0.926677519022569
"1028","beta_trend",6083,1022,0,0.925835319602952
"1029","beta_trend",6083,1023,0,0.925006636980089
"1030","beta_trend",6083,1024,0,0.924191601984493
"1031","beta_trend",6083,1025,0,0.923390338001579
"1032","beta_trend",6083,1026,0,0.922602960911218
"1033","beta_trend",6083,1027,0,0.921829579031406
"1034","beta_trend",6083,1028,0,0.921070293066092
"1035","beta_trend",6083,1029,0,0.920325196057233
"1036","beta_trend",6083,1030,0,0.91959437334112
"1037","beta_trend",6083,1031,0,0.91887790250903
"1038","beta_trend",6083,1032,0,0.918175853372244
"1039","beta_trend",6083,1033,0,0.917488287931489
"1040","beta_trend",6083,1034,0,0.916815260350833
"1041","beta_trend",6083,1035,0,0.916156816936088
"1042","beta_trend",6083,1036,0,0.915512996117743
"1043","beta_trend",6083,1037,0,0.914883828438483
"1044","beta_trend",6083,1038,0,0.914269336545311
"1045","beta_trend",6083,1039,0,0.913669535186309
"1046","beta_trend",6083,1040,0,0.913059461013645
"1047","beta_trend",6083,1041,0,0.912487901267711
"1048","beta_trend",6083,1042,0,0.911930978812111
"1049","beta_trend",6083,1043,0,0.91138867482568
"1050","beta_trend",6083,1044,0,0.910860962566825
"1051","beta_trend",6083,1045,0,0.910347807396093
"1052","beta_trend",6083,1046,0,0.909849166803452
"1053","beta_trend",6083,1047,0,0.909364990440279
"1054","beta_trend",6083,1048,0,0.908895220156073
"1055","beta_trend",6083,1049,0,0.908439790039872
"1056","beta_trend",6083,1050,0,0.907998626466398
"1057","beta_trend",6083,1051,0,0.907571648146896
"1058","beta_trend",6083,1052,0,0.907158766184684
"1059","beta_trend",6083,1053,0,0.906759884135374
"1060","beta_trend",6083,1054,0,0.906374898071778
"1061","beta_trend",6083,1055,0,0.90600369665345
"1062","beta_trend",6083,1056,0,0.905646161200866
"1063","beta_trend",6083,1057,0,0.905302165774202
"1064","beta_trend",6083,1058,0,0.904971577256679
"1065","beta_trend",6083,1059,0,0.904654255442452
"1066","beta_trend",6083,1060,0,0.904350053129007
"1067","beta_trend",6083,1061,0,0.904058816214009
"1068","beta_trend",6083,1062,0,0.903780383796577
"1069","beta_trend",6083,1063,0,0.903514588282935
"1070","beta_trend",6083,1064,0,0.90326125549638
"1071","beta_trend",6083,1065,0,0.903020204791523
"1072","beta_trend",6083,1066,0,0.902791249172742
"1073","beta_trend",6083,1067,0,0.902574195416792
"1074","beta_trend",6083,1068,0,0.902368844199495
"1075","beta_trend",6083,1069,0,0.902174990226461
"1076","beta_trend",6083,1070,0,0.901992422367755
"1077","beta_trend",6083,1071,0,0.901820923796442
"1078","beta_trend",6083,1072,0,0.901660272130936
"1079","beta_trend",6083,1073,0,0.901510239581066
"1080","beta_trend",6083,1074,0,0.901370593097777
"1081","beta_trend",6083,1075,0,0.901241094526388
"1082","beta_trend",6083,1076,0,0.901121500763299
"1083","beta_trend",6083,1077,0,0.901011563916077
"1084","beta_trend",6083,1078,0,0.9009110314668
"1085","beta_trend",6083,1079,0,0.900819646438583
"1086","beta_trend",6083,1080,0,0.900737147565171
"1087","beta_trend",6083,1081,0,0.900663269463489
"1088","beta_trend",6083,1082,0,0.900597742809059
"1089","beta_trend",6083,1083,0,0.900540294514159
"1090","beta_trend",6083,1084,0,0.900505335712319
"1091","beta_trend",6083,1085,0,0.90046256063149
"1092","beta_trend",6083,1086,0,0.900427051176217
"1093","beta_trend",6083,1087,0,0.900398519962462
"1094","beta_trend",6083,1088,0,0.900376676810152
"1095","beta_trend",6083,1089,0,0.900361228934052
"1096","beta_trend",6083,1090,0,0.900351881136576
"1097","beta_trend",6083,1091,0,0.900348336002407
"1098","beta_trend",6083,1092,0,0.900350294094793
"1099","beta_trend",6083,1093,0,0.900357454153385
"1100","beta_trend",6083,1094,0,0.900369513293479
"1101","beta_trend",6083,1095,0,0.900386167206525
"1102","beta_trend",6083,1096,0,0.900407110361766
"1103","beta_trend",6083,1097,0,0.900432036208863
"1104","beta_trend",6083,1098,0,0.900460637381362
"1105","beta_trend",6083,1099,0,0.900492605900864
"1106","beta_trend",6083,1100,0,0.900527633381752
"1107","beta_trend",6083,1101,0,0.900565411236328
"1108","beta_trend",6083,1102,0,0.900605630880212
"1109","beta_trend",6083,1103,0,0.900647983937858
"1110","beta_trend",6083,1104,0,0.900692162448042
"1111","beta_trend",6083,1105,0,0.900737859069165
"1112","beta_trend",6083,1106,0,0.90078476728423
"1113","beta_trend",6083,1107,0,0.900832581605338
"1114","beta_trend",6083,1108,0,0.900880997777562
"1115","beta_trend",6083,1109,0,0.900929712982038
"1116","beta_trend",6083,1110,0,0.900978426038132
"1117","beta_trend",6083,1111,0,0.901026837604532
"1118","beta_trend",6083,1112,0,0.90107465037912
"1119","beta_trend",6083,1113,0,0.901121569297463
"1120","beta_trend",6083,1114,0,0.901167301729793
"1121","beta_trend",6083,1115,0,0.90121155767632
"1122","beta_trend",6083,1116,0,0.901254049960729
"1123","beta_trend",6083,1117,0,0.901294494421724
"1124","beta_trend",6083,1118,0,0.901332610102473
"1125","beta_trend",6083,1119,0,0.901368119437807
"1126","beta_trend",6083,1120,0,0.901400748439042
"1127","beta_trend",6083,1121,0,0.901430226876273
"1128","beta_trend",6083,1122,0,0.901456288458012
"1129","beta_trend",6083,1123,0,0.901478671008029
"1130","beta_trend",6083,1124,0,0.901497116639269
"1131","beta_trend",6083,1125,0,0.9015113719247
"1132","beta_trend",6083,1126,0,0.90152118806498
"1133","beta_trend",6083,1127,0,0.901526321052802
"1134","beta_trend",6083,1128,0,0.901526531833797
"1135","beta_trend",6083,1129,0,0.90152158646388
"1136","beta_trend",6083,1130,0,0.901511256262903
"1137","beta_trend",6083,1131,0,0.901495317964517
"1138","beta_trend",6083,1132,0,0.901473553862123
"1139","beta_trend",6083,1133,0,0.901445751950786
"1140","beta_trend",6083,1134,0,0.901411706065037
"1141","beta_trend",6083,1135,0,0.901371216012421
"1142","beta_trend",6083,1136,0,0.901324087702729
"1143","beta_trend",6083,1137,0,0.901243088109977
"1144","beta_trend",6083,1138,0,0.901180879681921
"1145","beta_trend",6083,1139,0,0.901111434403757
"1146","beta_trend",6083,1140,0,0.901034581601319
"1147","beta_trend",6083,1141,0,0.900950157198848
"1148","beta_trend",6083,1142,0,0.900858003817569
"1149","beta_trend",6083,1143,0,0.900757970869257
"1150","beta_trend",6083,1144,0,0.90064991464471
"1151","beta_trend",6083,1145,0,0.900533698397073
"1152","beta_trend",6083,1146,0,0.900409192419938
"1153","beta_trend",6083,1147,0,0.900276274120165
"1154","beta_trend",6083,1148,0,0.900134828085366
"1155","beta_trend",6083,1149,0,0.899984746146013
"1156","beta_trend",6083,1150,0,0.899825927432098
"1157","beta_trend",6083,1151,0,0.899658278424338
"1158","beta_trend",6083,1152,0,0.899481712999855
"1159","beta_trend",6083,1153,0,0.899296152472313
"1160","beta_trend",6083,1154,0,0.899101525626493
"1161","beta_trend",6083,1155,0,0.89889776874726
"1162","beta_trend",6083,1156,0,0.898684825642922
"1163","beta_trend",6083,1157,0,0.898462647662958
"1164","beta_trend",6083,1158,0,0.898231193710108
"1165","beta_trend",6083,1159,0,0.897990430246822
"1166","beta_trend",6083,1160,0,0.897740331296061
"1167","beta_trend",6083,1161,0,0.897480878436466
"1168","beta_trend",6083,1162,0,0.897212060791888
"1169","beta_trend",6083,1163,0,0.896933875015322
"1170","beta_trend",6083,1164,0,0.89664632526722
"1171","beta_trend",6083,1165,0,0.896349423188255
"1172","beta_trend",6083,1166,0,0.896043187866531
"1173","beta_trend",6083,1167,0,0.895727645799281
"1174","beta_trend",6083,1168,0,0.895402830849096
"1175","beta_trend",6083,1169,0,0.895068784194728
"1176","beta_trend",6083,1170,0,0.894725554276497
"1177","beta_trend",6083,1171,0,0.894373196736381
"1178","beta_trend",6083,1172,0,0.894011774352821
"1179","beta_trend",6083,1173,0,0.89364135697031
"1180","beta_trend",6083,1174,0,0.893262021423843
"1181","beta_trend",6083,1175,0,0.892873851458267
"1182","beta_trend",6083,1176,0,0.892476937642644
"1183","beta_trend",6083,1177,0,0.892071377279665
"1184","beta_trend",6083,1178,0,0.891657274310229
"1185","beta_trend",6083,1179,0,0.891234739213256
"1186","beta_trend",6083,1180,0,0.890803888900821
"1187","beta_trend",6083,1181,0,0.890389488576115
"1188","beta_trend",6083,1182,0,0.889941291832647
"1189","beta_trend",6083,1183,0,0.889485213984436
"1190","beta_trend",6083,1184,0,0.889021394725586
"1191","beta_trend",6083,1185,0,0.888549979658638
"1192","beta_trend",6083,1186,0,0.888071120161579
"1193","beta_trend",6083,1187,0,0.887584973250967
"1194","beta_trend",6083,1188,0,0.887091701441309
"1195","beta_trend",6083,1189,0,0.886591472600791
"1196","beta_trend",6083,1190,0,0.88608445980349
"1197","beta_trend",6083,1191,0,0.885570841178202
"1198","beta_trend",6083,1192,0,0.885050799754005
"1199","beta_trend",6083,1193,0,0.884524523302686
"1200","beta_trend",6083,1194,0,0.88399220417818
"1201","beta_trend",6083,1195,0,0.883454039153146
"1202","beta_trend",6083,1196,0,0.882910229252814
"1203","beta_trend",6083,1197,0,0.88236097958626
"1204","beta_trend",6083,1198,0,0.881806499175241
"1205","beta_trend",6083,1199,0,0.881247000780729
"1206","beta_trend",6083,1200,0,0.880682700727301
"1207","beta_trend",6083,1201,0,0.880113818725538
"1208","beta_trend",6083,1202,0,0.879540577692556
"1209","beta_trend",6083,1203,0,0.878963203570849
"1210","beta_trend",6083,1204,0,0.878381925145586
"1211","beta_trend",6083,1205,0,0.877796973860499
"1212","beta_trend",6083,1206,0,0.877208583632544
"1213","beta_trend",6083,1207,0,0.876616990665468
"1214","beta_trend",6083,1208,0,0.876022433262441
"1215","beta_trend",6083,1209,0,0.875425151637918
"1216","beta_trend",6083,1210,0,0.874825387728875
"1217","beta_trend",6083,1211,0,0.874223385005585
"1218","beta_trend",6083,1212,0,0.873619388282075
"1219","beta_trend",6083,1213,0,0.873013643526445
"1220","beta_trend",6083,1214,0,0.872406397671176
"1221","beta_trend",6083,1215,0,0.871797898423602
"1222","beta_trend",6083,1216,0,0.871188394076694
"1223","beta_trend",6083,1217,0,0.870578133320309
"1224","beta_trend",6083,1218,0,0.86996736505306
"1225","beta_trend",6083,1219,0,0.869356338194955
"1226","beta_trend",6083,1220,0,0.868745301500958
"1227","beta_trend",6083,1221,0,0.868134503375628
"1228","beta_trend",6083,1222,0,0.867524191688972
"1229","beta_trend",6083,1223,0,0.866914613593666
"1230","beta_trend",6083,1224,0,0.866306015343797
"1231","beta_trend",6083,1225,0,0.865698642115245
"1232","beta_trend",6083,1226,0,0.865092737827881
"1233","beta_trend",6083,1227,0,0.864488544969689
"1234","beta_trend",6083,1228,0,0.863886304422968
"1235","beta_trend",6083,1229,0,0.863286255292741
"1236","beta_trend",6083,1230,0,0.862688634737509
"1237","beta_trend",6083,1231,0,0.862093677802477
"1238","beta_trend",6083,1232,0,0.861501617255379
"1239","beta_trend",6083,1233,0,0.860912683425026
"1240","beta_trend",6083,1234,0,0.860300185608422
"1241","beta_trend",6083,1235,0,0.859716946615277
"1242","beta_trend",6083,1236,0,0.859137455349916
"1243","beta_trend",6083,1237,0,0.858561928653742
"1244","beta_trend",6083,1238,0,0.857990580086267
"1245","beta_trend",6083,1239,0,0.857423619779787
"1246","beta_trend",6083,1240,0,0.856861254297514
"1247","beta_trend",6083,1241,0,0.856303686495228
"1248","beta_trend",6083,1242,0,0.855751115386574
"1249","beta_trend",6083,1243,0,0.855203736012078
"1250","beta_trend",6083,1244,0,0.854661739311974
"1251","beta_trend",6083,1245,0,0.854125312002924
"1252","beta_trend",6083,1246,0,0.853594636458718
"1253","beta_trend",6083,1247,0,0.853069890595016
"1254","beta_trend",6083,1248,0,0.85255124775822
"1255","beta_trend",6083,1249,0,0.852038876618532
"1256","beta_trend",6083,1250,0,0.851532941067262
"1257","beta_trend",6083,1251,0,0.851033600118463
"1258","beta_trend",6083,1252,0,0.850541007814924
"1259","beta_trend",6083,1253,0,0.850055313138587
"1260","beta_trend",6083,1254,0,0.849576659925442
"1261","beta_trend",6083,1255,0,0.849105186784925
"1262","beta_trend",6083,1256,0,0.848641027023871
"1263","beta_trend",6083,1257,0,0.848184308575062
"1264","beta_trend",6083,1258,0,0.847735153930386
"1265","beta_trend",6083,1259,0,0.847293680078643
"1266","beta_trend",6083,1260,0,0.846859998448021
"1267","beta_trend",6083,1261,0,0.846434214853258
"1268","beta_trend",6083,1262,0,0.846016429447505
"1269","beta_trend",6083,1263,0,0.845606736678899
"1270","beta_trend",6083,1264,0,0.845205225251856
"1271","beta_trend",6083,1265,0,0.844811978093078
"1272","beta_trend",6083,1266,0,0.844427072322279
"1273","beta_trend",6083,1267,0,0.844050579227624
"1274","beta_trend",6083,1268,0,0.843682564245858
"1275","beta_trend",6083,1269,0,0.843323086947134
"1276","beta_trend",6083,1270,0,0.842972201024495
"1277","beta_trend",6083,1271,0,0.842629954288007
"1278","beta_trend",6083,1272,0,0.842296388663508
"1279","beta_trend",6083,1273,0,0.841971540195948
"1280","beta_trend",6083,1274,0,0.841655439057277
"1281","beta_trend",6083,1275,0,0.841348109558859
"1282","beta_trend",6083,1276,0,0.841049570168351
"1283","beta_trend",6083,1277,0,0.840766492483676
"1284","beta_trend",6083,1278,0,0.840485270750462
"1285","beta_trend",6083,1279,0,0.840212872069516
"1286","beta_trend",6083,1280,0,0.839949291302833
"1287","beta_trend",6083,1281,0,0.839694517636364
"1288","beta_trend",6083,1282,0,0.839448534622107
"1289","beta_trend",6083,1283,0,0.839211320224302
"1290","beta_trend",6083,1284,0,0.838982846869671
"1291","beta_trend",6083,1285,0,0.838763081501615
"1292","beta_trend",6083,1286,0,0.838551985638323
"1293","beta_trend",6083,1287,0,0.838349515434684
"1294","beta_trend",6083,1288,0,0.838155621747939
"1295","beta_trend",6083,1289,0,0.837970250207001
"1296","beta_trend",6083,1290,0,0.83779334128533
"1297","beta_trend",6083,1291,0,0.837624830377305
"1298","beta_trend",6083,1292,0,0.837464647877987
"1299","beta_trend",6083,1293,0,0.837312719266186
"1300","beta_trend",6083,1294,0,0.837168965190743
"1301","beta_trend",6083,1295,0,0.837033301559915
"1302","beta_trend",6083,1296,0,0.836905639633798
"1303","beta_trend",6083,1297,0,0.836785886119652
"1304","beta_trend",6083,1298,0,0.836673943270048
"1305","beta_trend",6083,1299,0,0.836569708983742
"1306","beta_trend",6083,1300,0,0.836473076909143
"1307","beta_trend",6083,1301,0,0.836383936550305
"1308","beta_trend",6083,1302,0,0.836302173375314
"1309","beta_trend",6083,1303,0,0.836227668926965
"1310","beta_trend",6083,1304,0,0.836160300935629
"1311","beta_trend",6083,1305,0,0.836099943434202
"1312","beta_trend",6083,1306,0,0.836046466875009
"1313","beta_trend",6083,1307,0,0.835999738248572
"1314","beta_trend",6083,1308,0,0.835959621204123
"1315","beta_trend",6083,1309,0,0.835925976171749
"1316","beta_trend",6083,1310,0,0.835898660486058
"1317","beta_trend",6083,1311,0,0.835877528511256
"1318","beta_trend",6083,1312,0,0.835862431767523
"1319","beta_trend",6083,1313,0,0.835853219058572
"1320","beta_trend",6083,1314,0,0.835849736600281
"1321","beta_trend",6083,1315,0,0.835851828150291
"1322","beta_trend",6083,1316,0,0.83585933513845
"1323","beta_trend",6083,1317,0,0.835872096797999
"1324","beta_trend",6083,1318,0,0.835889950297382
"1325","beta_trend",6083,1319,0,0.835912730872581
"1326","beta_trend",6083,1320,0,0.835940271959855
"1327","beta_trend",6083,1321,0,0.835972405328786
"1328","beta_trend",6083,1322,0,0.83600896121551
"1329","beta_trend",6083,1323,0,0.836049768456045
"1330","beta_trend",6083,1324,0,0.836094654619592
"1331","beta_trend",6083,1325,0,0.836143446141721
"1332","beta_trend",6083,1326,0,0.836195968457327
"1333","beta_trend",6083,1327,0,0.836252046133261
"1334","beta_trend",6083,1328,0,0.836311503000534
"1335","beta_trend",6083,1329,0,0.836374162285994
"1336","beta_trend",6083,1330,0,0.836420840248573
"1337","beta_trend",6083,1331,0,0.836488496279816
"1338","beta_trend",6083,1332,0,0.836558784019394
"1339","beta_trend",6083,1333,0,0.836631524037155
"1340","beta_trend",6083,1334,0,0.836706536888558
"1341","beta_trend",6083,1335,0,0.836783643239317
"1342","beta_trend",6083,1336,0,0.836862663988819
"1343","beta_trend",6083,1337,0,0.836943420392245
"1344","beta_trend",6083,1338,0,0.837025734181293
"1345","beta_trend",6083,1339,0,0.837109427683436
"1346","beta_trend",6083,1340,0,0.837194323939636
"1347","beta_trend",6083,1341,0,0.837280246820424
"1348","beta_trend",6083,1342,0,0.837367021140291
"1349","beta_trend",6083,1343,0,0.837454472770308
"1350","beta_trend",6083,1344,0,0.837542428748902
"1351","beta_trend",6083,1345,0,0.837630717390732
"1352","beta_trend",6083,1346,0,0.837719168393593
"1353","beta_trend",6083,1347,0,0.837807612943291
"1354","beta_trend",6083,1348,0,0.837895883816422
"1355","beta_trend",6083,1349,0,0.837983815481009
"1356","beta_trend",6083,1350,0,0.838071244194935
"1357","beta_trend",6083,1351,0,0.838158008102122
"1358","beta_trend",6083,1352,0,0.838243947326413
"1359","beta_trend",6083,1353,0,0.838328904063097
"1360","beta_trend",6083,1354,0,0.838412722668051
"1361","beta_trend",6083,1355,0,0.838495249744446
"1362","beta_trend",6083,1356,0,0.83857633422698
"1363","beta_trend",6083,1357,0,0.838655827463603
"1364","beta_trend",6083,1358,0,0.83873358329471
"1365","beta_trend",6083,1359,0,0.838809458129755
"1366","beta_trend",6083,1360,0,0.838883311021269
"1367","beta_trend",6083,1361,0,0.83895500373626
"1368","beta_trend",6083,1362,0,0.839024400824962
"1369","beta_trend",6083,1363,0,0.839091369686918
"1370","beta_trend",6083,1364,0,0.839155780634385
"1371","beta_trend",6083,1365,0,0.83921750695304
"1372","beta_trend",6083,1366,0,0.839276424959972
"1373","beta_trend",6083,1367,0,0.839332414058962
"1374","beta_trend",6083,1368,0,0.839385356793031
"1375","beta_trend",6083,1369,0,0.839435138894262
"1376","beta_trend",6083,1370,0,0.839481649330884
"1377","beta_trend",6083,1371,0,0.83952478035163
"1378","beta_trend",6083,1372,0,0.839564427527358
"1379","beta_trend",6083,1373,0,0.839600489789954
"1380","beta_trend",6083,1374,0,0.839648602121489
"1381","beta_trend",6083,1375,0,0.839676507920959
"1382","beta_trend",6083,1376,0,0.839700575410241
"1383","beta_trend",6083,1377,0,0.839720716143769
"1384","beta_trend",6083,1378,0,0.839736845233244
"1385","beta_trend",6083,1379,0,0.839748881369021
"1386","beta_trend",6083,1380,0,0.839756746838907
"1387","beta_trend",6083,1381,0,0.839760367544391
"1388","beta_trend",6083,1382,0,0.839759673014337
"1389","beta_trend",6083,1383,0,0.839754596416158
"1390","beta_trend",6083,1384,0,0.839745074564502
"1391","beta_trend",6083,1385,0,0.839731047927475
"1392","beta_trend",6083,1386,0,0.839712460630441
"1393","beta_trend",6083,1387,0,0.83968926045742
"1394","beta_trend",6083,1388,0,0.839661398850121
"1395","beta_trend",6083,1389,0,0.839628830904661
"1396","beta_trend",6083,1390,0,0.839591515365976
"1397","beta_trend",6083,1391,0,0.839549414619999
"1398","beta_trend",6083,1392,0,0.839502494683612
"1399","beta_trend",6083,1393,0,0.839450725192441
"1400","beta_trend",6083,1394,0,0.839394079386517
"1401","beta_trend",6083,1395,0,0.839332534093859
"1402","beta_trend",6083,1396,0,0.839266069712015
"1403","beta_trend",6083,1397,0,0.839194670187615
"1404","beta_trend",6083,1398,0,0.839118322993984
"1405","beta_trend",6083,1399,0,0.839037019106851
"1406","beta_trend",6083,1400,0,0.838950752978218
"1407","beta_trend",6083,1401,0,0.838859522508433
"1408","beta_trend",6083,1402,0,0.838763329016512
"1409","beta_trend",6083,1403,0,0.838662177208776
"1410","beta_trend",6083,1404,0,0.838556075145839
"1411","beta_trend",6083,1405,0,0.838445034208012
"1412","beta_trend",6083,1406,0,0.838329069059167
"1413","beta_trend",6083,1407,0,0.838208197609127
"1414","beta_trend",6083,1408,0,0.838082440974623
"1415","beta_trend",6083,1409,0,0.837951823438879
"1416","beta_trend",6083,1410,0,0.837816372409887
"1417","beta_trend",6083,1411,0,0.837676118377407
"1418","beta_trend",6083,1412,0,0.837531094868773
"1419","beta_trend",6083,1413,0,0.837381338403543
"1420","beta_trend",6083,1414,0,0.83722688844705
"1421","beta_trend",6083,1415,0,0.837067787362921
"1422","beta_trend",6083,1416,0,0.836904080364606
"1423","beta_trend",6083,1417,0,0.836735815465979
"1424","beta_trend",6083,1418,0,0.836563043431071
"1425","beta_trend",6083,1419,0,0.83638581772298
"1426","beta_trend",6083,1420,0,0.83620419445202
"1427","beta_trend",6083,1421,0,0.836018232323162
"1428","beta_trend",6083,1422,0,0.83582799258282
"1429","beta_trend",6083,1423,0,0.835633538965041
"1430","beta_trend",6083,1424,0,0.835434937637146
"1431","beta_trend",6083,1425,0,0.835232257144876
"1432","beta_trend",6083,1426,0,0.835025568357102
"1433","beta_trend",6083,1427,0,0.834770681372107
"1434","beta_trend",6083,1428,0,0.834554159972428
"1435","beta_trend",6083,1429,0,0.834333767824348
"1436","beta_trend",6083,1430,0,0.834109580949894
"1437","beta_trend",6083,1431,0,0.833881677280062
"1438","beta_trend",6083,1432,0,0.833650136593549
"1439","beta_trend",6083,1433,0,0.833415040455268
"1440","beta_trend",6083,1434,0,0.833176472154695
"1441","beta_trend",6083,1435,0,0.832934516644091
"1442","beta_trend",6083,1436,0,0.832689260476635
"1443","beta_trend",6083,1437,0,0.832440791744527
"1444","beta_trend",6083,1438,0,0.832189200017073
"1445","beta_trend",6083,1439,0,0.831934576278829
"1446","beta_trend",6083,1440,0,0.831677012867809
"1447","beta_trend",6083,1441,0,0.831416603413812
"1448","beta_trend",6083,1442,0,0.831153442776907
"1449","beta_trend",6083,1443,0,0.8308876269861
"1450","beta_trend",6083,1444,0,0.83061925317823
"1451","beta_trend",6083,1445,0,0.830348419537117
"1452","beta_trend",6083,1446,0,0.830075225233003
"1453","beta_trend",6083,1447,0,0.829799770362314
"1454","beta_trend",6083,1448,0,0.829522155887773
"1455","beta_trend",6083,1449,0,0.829242483578891
"1456","beta_trend",6083,1450,0,0.828960855952875
"1457","beta_trend",6083,1451,0,0.828677376215958
"1458","beta_trend",6083,1452,0,0.828392148205207
"1459","beta_trend",6083,1453,0,0.828105276330808
"1460","beta_trend",6083,1454,0,0.827816865518857
"1461","beta_trend",6083,1455,0,0.827527021154697
"1462","beta_trend",6083,1456,0,0.827235849026798
"1463","beta_trend",6083,1457,0,0.826943455271214
"1464","beta_trend",6083,1458,0,0.826649946316631
"1465","beta_trend",6083,1459,0,0.826355428830035
"1466","beta_trend",6083,1460,0,0.826060009662996
"1467","beta_trend",6083,1461,0,0.825763795798602
"1468","beta_trend",6083,1462,0,0.825466894299051
"1469","beta_trend",6083,1463,0,0.825169412253916
"1470","beta_trend",6083,1464,0,0.824871456729088
"1471","beta_trend",6083,1465,0,0.824573134716422
"1472","beta_trend",6083,1466,0,0.824274553084086
"1473","beta_trend",6083,1467,0,0.823975818527624
"1474","beta_trend",6083,1468,0,0.823677037521743
"1475","beta_trend",6083,1469,0,0.823378316272837
"1476","beta_trend",6083,1470,0,0.823110798891244
"1477","beta_trend",6083,1471,0,0.822811141002748
"1478","beta_trend",6083,1472,0,0.822511917054529
"1479","beta_trend",6083,1473,0,0.822213229448029
"1480","beta_trend",6083,1474,0,0.821915180173024
"1481","beta_trend",6083,1475,0,0.82161787076189
"1482","beta_trend",6083,1476,0,0.821321402244698
"1483","beta_trend",6083,1477,0,0.821025875105154
"1484","beta_trend",6083,1478,0,0.820731389237356
"1485","beta_trend",6083,1479,0,0.820438043903389
"1486","beta_trend",6083,1480,0,0.82014593769173
"1487","beta_trend",6083,1481,0,0.819855168476486
"1488","beta_trend",6083,1482,0,0.81956583337743
"1489","beta_trend",6083,1483,0,0.819278028720856
"1490","beta_trend",6083,1484,0,0.818991850001223
"1491","beta_trend",6083,1485,0,0.818707391843603
"1492","beta_trend",6083,1486,0,0.818424747966901
"1493","beta_trend",6083,1487,0,0.818144011147864
"1494","beta_trend",6083,1488,0,0.817865273185849
"1495","beta_trend",6083,1489,0,0.817588624868353
"1496","beta_trend",6083,1490,0,0.817314155937291
"1497","beta_trend",6083,1491,0,0.817041955056011
"1498","beta_trend",6083,1492,0,0.816772109777041
"1499","beta_trend",6083,1493,0,0.816504706510548
"1500","beta_trend",6083,1494,0,0.816239830493504
"1501","beta_trend",6083,1495,0,0.81597756575955
"1502","beta_trend",6083,1496,0,0.815717995109536
"1503","beta_trend",6083,1497,0,0.815461200082738
"1504","beta_trend",6083,1498,0,0.815207260928728
"1505","beta_trend",6083,1499,0,0.814956256579894
"1506","beta_trend",6083,1500,0,0.814708264624589
"1507","beta_trend",6083,1501,0,0.814463361280906
"1508","beta_trend",6083,1502,0,0.814221621371058
"1509","beta_trend",6083,1503,0,0.813983118296354
"1510","beta_trend",6083,1504,0,0.813747924012754
"1511","beta_trend",6083,1505,0,0.813516109007005
"1512","beta_trend",6083,1506,0,0.813287742273321
"1513","beta_trend",6083,1507,0,0.813062891290619
"1514","beta_trend",6083,1508,0,0.812841622000278
"1515","beta_trend",6083,1509,0,0.812623998784425
"1516","beta_trend",6083,1510,0,0.812410084444726
"1517","beta_trend",6083,1511,0,0.812199940181673
"1518","beta_trend",6083,1512,0,0.811993625574358
"1519","beta_trend",6083,1513,0,0.811791198560712
"1520","beta_trend",6083,1514,0,0.811592715418213
"1521","beta_trend",6083,1515,0,0.811398230745045
"1522","beta_trend",6083,1516,0,0.811207797441687
"1523","beta_trend",6083,1517,0,0.811021466692944
"1524","beta_trend",6083,1518,0,0.810839287950389
"1525","beta_trend",6083,1519,0,0.810661308915217
"1526","beta_trend",6083,1520,0,0.810487575521505
"1527","beta_trend",6083,1521,0,0.810318131919854
"1528","beta_trend",6083,1522,0,0.810153020461426
"1529","beta_trend",6083,1523,0,0.809969365431815
"1530","beta_trend",6083,1524,0,0.809811981701931
"1531","beta_trend",6083,1525,0,0.809659000302399
"1532","beta_trend",6083,1526,0,0.80951045437288
"1533","beta_trend",6083,1527,0,0.809366375110018
"1534","beta_trend",6083,1528,0,0.809226791751328
"1535","beta_trend",6083,1529,0,0.809091731559364
"1536","beta_trend",6083,1530,0,0.808961219806163
"1537","beta_trend",6083,1531,0,0.808835279757946
"1538","beta_trend",6083,1532,0,0.808713932660085
"1539","beta_trend",6083,1533,0,0.808597197722335
"1540","beta_trend",6083,1534,0,0.808485092104314
"1541","beta_trend",6083,1535,0,0.808377630901241
"1542","beta_trend",6083,1536,0,0.808274827129932
"1543","beta_trend",6083,1537,0,0.808176691715037
"1544","beta_trend",6083,1538,0,0.808083233475544
"1545","beta_trend",6083,1539,0,0.807994459111522
"1546","beta_trend",6083,1540,0,0.807910373191129
"1547","beta_trend",6083,1541,0,0.807830978137874
"1548","beta_trend",6083,1542,0,0.807756274218135
"1549","beta_trend",6083,1543,0,0.807686259528944
"1550","beta_trend",6083,1544,0,0.807620929986041
"1551","beta_trend",6083,1545,0,0.807560279312195
"1552","beta_trend",6083,1546,0,0.807504299025809
"1553","beta_trend",6083,1547,0,0.807452978429808
"1554","beta_trend",6083,1548,0,0.807406304600817
"1555","beta_trend",6083,1549,0,0.80736426237864
"1556","beta_trend",6083,1550,0,0.807326834356055
"1557","beta_trend",6083,1551,0,0.807294000868911
"1558","beta_trend",6083,1552,0,0.807265739986571
"1559","beta_trend",6083,1553,0,0.807242027502685
"1560","beta_trend",6083,1554,0,0.807222836926313
"1561","beta_trend",6083,1555,0,0.807208139473413
"1562","beta_trend",6083,1556,0,0.807197904058708
"1563","beta_trend",6083,1557,0,0.807192097287938
"1564","beta_trend",6083,1558,0,0.807190683450517
"1565","beta_trend",6083,1559,0,0.807193624512613
"1566","beta_trend",6083,1560,0,0.807200880110653
"1567","beta_trend",6083,1561,0,0.807212407545289
"1568","beta_trend",6083,1562,0,0.807228161775828
"1569","beta_trend",6083,1563,0,0.807248095415145
"1570","beta_trend",6083,1564,0,0.807272158725097
"1571","beta_trend",6083,1565,0,0.807300299612472
"1572","beta_trend",6083,1566,0,0.807332463625458
"1573","beta_trend",6083,1567,0,0.807377995327459
"1574","beta_trend",6083,1568,0,0.807417616295297
"1575","beta_trend",6083,1569,0,0.807461100355432
"1576","beta_trend",6083,1570,0,0.80750838290726
"1577","beta_trend",6083,1571,0,0.807559397008061
"1578","beta_trend",6083,1572,0,0.807614073372317
"1579","beta_trend",6083,1573,0,0.807672340371756
"1580","beta_trend",6083,1574,0,0.807734124036112
"1581","beta_trend",6083,1575,0,0.807799348054668
"1582","beta_trend",6083,1576,0,0.807867933778556
"1583","beta_trend",6083,1577,0,0.807939800223879
"1584","beta_trend",6083,1578,0,0.808014864075651
"1585","beta_trend",6083,1579,0,0.808093039692598
"1586","beta_trend",6083,1580,0,0.808174239112825
"1587","beta_trend",6083,1581,0,0.808258372060391
"1588","beta_trend",6083,1582,0,0.808345345952804
"1589","beta_trend",6083,1583,0,0.808435065909474
"1590","beta_trend",6083,1584,0,0.808527434761124
"1591","beta_trend",6083,1585,0,0.808622353060217
"1592","beta_trend",6083,1586,0,0.808719719092393
"1593","beta_trend",6083,1587,0,0.808819428888963
"1594","beta_trend",6083,1588,0,0.808921376240468
"1595","beta_trend",6083,1589,0,0.80902545271134
"1596","beta_trend",6083,1590,0,0.809131547655684
"1597","beta_trend",6083,1591,0,0.809239548234204
"1598","beta_trend",6083,1592,0,0.809349339432299
"1599","beta_trend",6083,1593,0,0.809460804079352
"1600","beta_trend",6083,1594,0,0.809573822869239
"1601","beta_trend",6083,1595,0,0.809688274382075
"1602","beta_trend",6083,1596,0,0.809804035107224
"1603","beta_trend",6083,1597,0,0.809920979467598
"1604","beta_trend",6083,1598,0,0.810038979845256
"1605","beta_trend",6083,1599,0,0.810157906608343
"1606","beta_trend",6083,1600,0,0.81027762813937
"1607","beta_trend",6083,1601,0,0.81039801086487
"1608","beta_trend",6083,1602,0,0.810518919286445
"1609","beta_trend",6083,1603,0,0.810640216013222
"1610","beta_trend",6083,1604,0,0.810761761795736
"1611","beta_trend",6083,1605,0,0.810883415561268
"1612","beta_trend",6083,1606,0,0.811005034450637
"1613","beta_trend",6083,1607,0,0.81112647385648
"1614","beta_trend",6083,1608,0,0.811247587463027
"1615","beta_trend",6083,1609,0,0.811368227287385
"1616","beta_trend",6083,1610,0,0.811488243722351
"1617","beta_trend",6083,1611,0,0.811607485580758
"1618","beta_trend",6083,1612,0,0.81172580014138
"1619","beta_trend",6083,1613,0,0.811843033196385
"1620","beta_trend",6083,1614,0,0.811959029100372
"1621","beta_trend",6083,1615,0,0.812073630820982
"1622","beta_trend",6083,1616,0,0.812186679991096
"1623","beta_trend",6083,1617,0,0.812298016962628
"1624","beta_trend",6083,1618,0,0.812407480861922
"1625","beta_trend",6083,1619,0,0.812514909646746
"1626","beta_trend",6083,1620,0,0.812588526330852
"1627","beta_trend",6083,1621,0,0.81268993886863
"1628","beta_trend",6083,1622,0,0.812788760565788
"1629","beta_trend",6083,1623,0,0.812884822750357
"1630","beta_trend",6083,1624,0,0.81297795579593
"1631","beta_trend",6083,1625,0,0.813067989185146
"1632","beta_trend",6083,1626,0,0.813154751574694
"1633","beta_trend",6083,1627,0,0.813238070861803
"1634","beta_trend",6083,1628,0,0.813317774252233
"1635","beta_trend",6083,1629,0,0.813393688329735
"1636","beta_trend",6083,1630,0,0.813465639126985
"1637","beta_trend",6083,1631,0,0.813533452197958
"1638","beta_trend",6083,1632,0,0.813596952691748
"1639","beta_trend",6083,1633,0,0.813655965427796
"1640","beta_trend",6083,1634,0,0.813710314972515
"1641","beta_trend",6083,1635,0,0.813759825717301
"1642","beta_trend",6083,1636,0,0.813804321957885
"1643","beta_trend",6083,1637,0,0.813843627975021
"1644","beta_trend",6083,1638,0,0.81387756811648
"1645","beta_trend",6083,1639,0,0.813905966880313
"1646","beta_trend",6083,1640,0,0.813928648999364
"1647","beta_trend",6083,1641,0,0.813945439527002
"1648","beta_trend",6083,1642,0,0.813956163924028
"1649","beta_trend",6083,1643,0,0.813960648146741
"1650","beta_trend",6083,1644,0,0.813958718736106
"1651","beta_trend",6083,1645,0,0.813950202908007
"1652","beta_trend",6083,1646,0,0.813934928644532
"1653","beta_trend",6083,1647,0,0.81391272478625
"1654","beta_trend",6083,1648,0,0.813883421125446
"1655","beta_trend",6083,1649,0,0.81384684850026
"1656","beta_trend",6083,1650,0,0.813802838889693
"1657","beta_trend",6083,1651,0,0.813751225509426
"1658","beta_trend",6083,1652,0,0.813691842908401
"1659","beta_trend",6083,1653,0,0.813624527066122
"1660","beta_trend",6083,1654,0,0.813549115490622
"1661","beta_trend",6083,1655,0,0.813465447317031
"1662","beta_trend",6083,1656,0,0.813373363406707
"1663","beta_trend",6083,1657,0,0.81327270644686
"1664","beta_trend",6083,1658,0,0.813163321050614
"1665","beta_trend",6083,1659,0,0.813045053857455
"1666","beta_trend",6083,1660,0,0.812917753633993
"1667","beta_trend",6083,1661,0,0.812781271374985
"1668","beta_trend",6083,1662,0,0.812635460404543
"1669","beta_trend",6083,1663,0,0.812512830411535
"1670","beta_trend",6083,1664,0,0.812346487016162
"1671","beta_trend",6083,1665,0,0.812170450495038
"1672","beta_trend",6083,1666,0,0.811984582114397
"1673","beta_trend",6083,1667,0,0.811788746063654
"1674","beta_trend",6083,1668,0,0.811582809553503
"1675","beta_trend",6083,1669,0,0.811366642913797
"1676","beta_trend",6083,1670,0,0.811140119691167
"1677","beta_trend",6083,1671,0,0.810903116746277
"1678","beta_trend",6083,1672,0,0.810655514350653
"1679","beta_trend",6083,1673,0,0.810397196283016
"1680","beta_trend",6083,1674,0,0.810128049925017
"1681","beta_trend",6083,1675,0,0.809847966356323
"1682","beta_trend",6083,1676,0,0.809556840448962
"1683","beta_trend",6083,1677,0,0.809254570960841
"1684","beta_trend",6083,1678,0,0.808941060628379
"1685","beta_trend",6083,1679,0,0.808616216258148
"1686","beta_trend",6083,1680,0,0.808279948817464
"1687","beta_trend",6083,1681,0,0.80793217352384
"1688","beta_trend",6083,1682,0,0.807572809933207
"1689","beta_trend",6083,1683,0,0.807201782026849
"1690","beta_trend",6083,1684,0,0.806819018296949
"1691","beta_trend",6083,1685,0,0.80642445183067
"1692","beta_trend",6083,1686,0,0.806018020392698
"1693","beta_trend",6083,1687,0,0.805599666506164
"1694","beta_trend",6083,1688,0,0.805169337531849
"1695","beta_trend",6083,1689,0,0.804726985745626
"1696","beta_trend",6083,1690,0,0.804272568414019
"1697","beta_trend",6083,1691,0,0.803806047867836
"1698","beta_trend",6083,1692,0,0.803327391573774
"1699","beta_trend",6083,1693,0,0.802836572203929
"1700","beta_trend",6083,1694,0,0.802333567703136
"1701","beta_trend",6083,1695,0,0.801818361354054
"1702","beta_trend",6083,1696,0,0.801290941839926
"1703","beta_trend",6083,1697,0,0.800751303304952
"1704","beta_trend",6083,1698,0,0.800199445412172
"1705","beta_trend",6083,1699,0,0.799635373398826
"1706","beta_trend",6083,1700,0,0.799059098129085
"1707","beta_trend",6083,1701,0,0.798470636144109
"1708","beta_trend",6083,1702,0,0.797870009709354
"1709","beta_trend",6083,1703,0,0.797257246859058
"1710","beta_trend",6083,1704,0,0.796632381437856
"1711","beta_trend",6083,1705,0,0.795995453139441
"1712","beta_trend",6083,1706,0,0.795346507542227
"1713","beta_trend",6083,1707,0,0.794685596141953
"1714","beta_trend",6083,1708,0,0.794012776381152
"1715","beta_trend",6083,1709,0,0.793328111675457
"1716","beta_trend",6083,1710,0,0.792631671436671
"1717","beta_trend",6083,1711,0,0.791923531092557
"1718","beta_trend",6083,1712,0,0.791203772103296
"1719","beta_trend",6083,1713,0,0.790472481974571
"1720","beta_trend",6083,1714,0,0.789729754267229
"1721","beta_trend",6083,1715,0,0.788975688603475
"1722","beta_trend",6083,1716,0,0.788171809771226
"1723","beta_trend",6083,1717,0,0.787393612698007
"1724","beta_trend",6083,1718,0,0.786604335591024
"1725","beta_trend",6083,1719,0,0.785804099174092
"1726","beta_trend",6083,1720,0,0.784993030093469
"1727","beta_trend",6083,1721,0,0.784171260898646
"1728","beta_trend",6083,1722,0,0.783338930019347
"1729","beta_trend",6083,1723,0,0.782496181738711
"1730","beta_trend",6083,1724,0,0.781643166162633
"1731","beta_trend",6083,1725,0,0.780780039185252
"1732","beta_trend",6083,1726,0,0.779906962450562
"1733","beta_trend",6083,1727,0,0.779024103310152
"1734","beta_trend",6083,1728,0,0.778131634777046
"1735","beta_trend",6083,1729,0,0.777229735475656
"1736","beta_trend",6083,1730,0,0.776318589587834
"1737","beta_trend",6083,1731,0,0.77539838679503
"1738","beta_trend",6083,1732,0,0.774469322216563
"1739","beta_trend",6083,1733,0,0.773531596344005
"1740","beta_trend",6083,1734,0,0.772585414971691
"1741","beta_trend",6083,1735,0,0.77163098912338
"1742","beta_trend",6083,1736,0,0.770668534975067
"1743","beta_trend",6083,1737,0,0.769698273773981
"1744","beta_trend",6083,1738,0,0.76872043175379
"1745","beta_trend",6083,1739,0,0.767735240046029
"1746","beta_trend",6083,1740,0,0.766742934587804
"1747","beta_trend",6083,1741,0,0.765743756025787
"1748","beta_trend",6083,1742,0,0.764737949616544
"1749","beta_trend",6083,1743,0,0.763725765123245
"1750","beta_trend",6083,1744,0,0.762707456708792
"1751","beta_trend",6083,1745,0,0.761683282825411
"1752","beta_trend",6083,1746,0,0.760653506100768
"1753","beta_trend",6083,1747,0,0.759618393220656
"1754","beta_trend",6083,1748,0,0.758578214808307
"1755","beta_trend",6083,1749,0,0.757533245300401
"1756","beta_trend",6083,1750,0,0.756483762819823
"1757","beta_trend",6083,1751,0,0.755430049045245
"1758","beta_trend",6083,1752,0,0.754372389077598
"1759","beta_trend",6083,1753,0,0.753311071303502
"1760","beta_trend",6083,1754,0,0.752246387255743
"1761","beta_trend",6083,1755,0,0.751178631470864
"1762","beta_trend",6083,1756,0,0.750108101343959
"1763","beta_trend",6083,1757,0,0.749035096980751
"1764","beta_trend",6083,1758,0,0.747959921047041
"1765","beta_trend",6083,1759,0,0.746882878615627
"1766","beta_trend",6083,1760,0,0.745822999664009
"1767","beta_trend",6083,1761,0,0.744742318961754
"1768","beta_trend",6083,1762,0,0.743660734698439
"1769","beta_trend",6083,1763,0,0.742578558621508
"1770","beta_trend",6083,1764,0,0.74149610413554
"1771","beta_trend",6083,1765,0,0.74041368613433
"1772","beta_trend",6083,1766,0,0.739331620831185
"1773","beta_trend",6083,1767,0,0.738250225587547
"1774","beta_trend",6083,1768,0,0.737169818740054
"1775","beta_trend",6083,1769,0,0.736090719426146
"1776","beta_trend",6083,1770,0,0.735013247408346
"1777","beta_trend",6083,1771,0,0.733937722897313
"1778","beta_trend",6083,1772,0,0.732864466373799
"1779","beta_trend",6083,1773,0,0.731793798409636
"1780","beta_trend",6083,1774,0,0.730726039487854
"1781","beta_trend",6083,1775,0,0.729661509822074
"1782","beta_trend",6083,1776,0,0.72860052917529
"1783","beta_trend",6083,1777,0,0.727543416678167
"1784","beta_trend",6083,1778,0,0.726490490646991
"1785","beta_trend",6083,1779,0,0.725442068401382
"1786","beta_trend",6083,1780,0,0.724398466081921
"1787","beta_trend",6083,1781,0,0.723359998467796
"1788","beta_trend",6083,1782,0,0.722326978794621
"1789","beta_trend",6083,1783,0,0.721299718572546
"1790","beta_trend",6083,1784,0,0.720278527404793
"1791","beta_trend",6083,1785,0,0.719263712806747
"1792","beta_trend",6083,1786,0,0.718255580025742
"1793","beta_trend",6083,1787,0,0.717254431861666
"1794","beta_trend",6083,1788,0,0.71626056848852
"1795","beta_trend",6083,1789,0,0.715274287277068
"1796","beta_trend",6083,1790,0,0.714295882618704
"1797","beta_trend",6083,1791,0,0.713325645750667
"1798","beta_trend",6083,1792,0,0.712363864582743
"1799","beta_trend",6083,1793,0,0.711410823525578
"1800","beta_trend",6083,1794,0,0.71046680332073
"1801","beta_trend",6083,1795,0,0.709532080872596
"1802","beta_trend",6083,1796,0,0.70860692908234
"1803","beta_trend",6083,1797,0,0.707691616683942
"1804","beta_trend",6083,1798,0,0.706786408082507
"1805","beta_trend",6083,1799,0,0.70589156319494
"1806","beta_trend",6083,1800,0,0.705007337293138
"1807","beta_trend",6083,1801,0,0.704133980849782
"1808","beta_trend",6083,1802,0,0.703271739386893
"1809","beta_trend",6083,1803,0,0.702420853327229
"1810","beta_trend",6083,1804,0,0.701581557848671
"1811","beta_trend",6083,1805,0,0.700754082741693
"1812","beta_trend",6083,1806,0,0.699938652270037
"1813","beta_trend",6083,1807,0,0.699135485034699
"1814","beta_trend",6083,1808,0,0.698344793841339
"1815","beta_trend",6083,1809,0,0.697566785571214
"1816","beta_trend",6083,1810,0,0.696801661055743
"1817","beta_trend",6083,1811,0,0.696049614954795
"1818","beta_trend",6083,1812,0,0.695310835638813
"1819","beta_trend",6083,1813,0,0.69455734032005
"1820","beta_trend",6083,1814,0,0.693844337091537
"1821","beta_trend",6083,1815,0,0.693145070600149
"1822","beta_trend",6083,1816,0,0.692459700680148
"1823","beta_trend",6083,1817,0,0.691788380262936
"1824","beta_trend",6083,1818,0,0.691131255281213
"1825","beta_trend",6083,1819,0,0.690488464577498
"1826","beta_trend",6083,1820,0,0.689860139817056
"1827","beta_trend",6083,1821,0,0.689246405405331
"1828","beta_trend",6083,1822,0,0.688647378409917
"1829","beta_trend",6083,1823,0,0.688063168487155
"1830","beta_trend",6083,1824,0,0.687493877813399
"1831","beta_trend",6083,1825,0,0.686939601021009
"1832","beta_trend",6083,1826,0,0.686400425139118
"1833","beta_trend",6083,1827,0,0.685876429539232
"1834","beta_trend",6083,1828,0,0.685367685885681
"1835","beta_trend",6083,1829,0,0.68487425809099
"1836","beta_trend",6083,1830,0,0.684396202276182
"1837","beta_trend",6083,1831,0,0.683933566736053
"1838","beta_trend",6083,1832,0,0.683486391909447
"1839","beta_trend",6083,1833,0,0.683054710354554
"1840","beta_trend",6083,1834,0,0.682638546729249
"1841","beta_trend",6083,1835,0,0.682237917776485
"1842","beta_trend",6083,1836,0,0.681852832314756
"1843","beta_trend",6083,1837,0,0.681483291233641
"1844","beta_trend",6083,1838,0,0.681129287494416
"1845","beta_trend",6083,1839,0,0.680790806135757
"1846","beta_trend",6083,1840,0,0.68046782428451
"1847","beta_trend",6083,1841,0,0.680160311171528
"1848","beta_trend",6083,1842,0,0.679868228152561
"1849","beta_trend",6083,1843,0,0.679591528734189
"1850","beta_trend",6083,1844,0,0.679330158604762
"1851","beta_trend",6083,1845,0,0.679084055670344
"1852","beta_trend",6083,1846,0,0.678853150095609
"1853","beta_trend",6083,1847,0,0.678637364349682
"1854","beta_trend",6083,1848,0,0.67843661325687
"1855","beta_trend",6083,1849,0,0.678250804052251
"1856","beta_trend",6083,1850,0,0.678079836442082
"1857","beta_trend",6083,1851,0,0.677923602668969
"1858","beta_trend",6083,1852,0,0.677781987581759
"1859","beta_trend",6083,1853,0,0.67765486871009
"1860","beta_trend",6083,1854,0,0.677542116343553
"1861","beta_trend",6083,1855,0,0.677443593615395
"1862","beta_trend",6083,1856,0,0.677383806544901
"1863","beta_trend",6083,1857,0,0.677312213781086
"1864","beta_trend",6083,1858,0,0.677254443773889
"1865","beta_trend",6083,1859,0,0.677210330154034
"1866","beta_trend",6083,1860,0,0.677179699945981
"1867","beta_trend",6083,1861,0,0.677162373675261
"1868","beta_trend",6083,1862,0,0.677158165479896
"1869","beta_trend",6083,1863,0,0.677166883225821
"1870","beta_trend",6083,1864,0,0.67718832862622
"1871","beta_trend",6083,1865,0,0.677222297364674
"1872","beta_trend",6083,1866,0,0.677268579222035
"1873","beta_trend",6083,1867,0,0.677326958206925
"1874","beta_trend",6083,1868,0,0.677397212689756
"1875","beta_trend",6083,1869,0,0.677479115540171
"1876","beta_trend",6083,1870,0,0.677572434267803
"1877","beta_trend",6083,1871,0,0.677676931166242
"1878","beta_trend",6083,1872,0,0.677792363460102
"1879","beta_trend",6083,1873,0,0.677918483455074
"1880","beta_trend",6083,1874,0,0.678055038690863
"1881","beta_trend",6083,1875,0,0.678201772096873
"1882","beta_trend",6083,1876,0,0.678358422150557
"1883","beta_trend",6083,1877,0,0.678524723038275
"1884","beta_trend",6083,1878,0,0.678700404818574
"1885","beta_trend",6083,1879,0,0.678885193587759
"1886","beta_trend",6083,1880,0,0.679078811647618
"1887","beta_trend",6083,1881,0,0.679280977675211
"1888","beta_trend",6083,1882,0,0.679491406894569
"1889","beta_trend",6083,1883,0,0.679709811250196
"1890","beta_trend",6083,1884,0,0.679935899582244
"1891","beta_trend",6083,1885,0,0.680169377803241
"1892","beta_trend",6083,1886,0,0.680409949076238
"1893","beta_trend",6083,1887,0,0.680657313994252
"1894","beta_trend",6083,1888,0,0.680911170760885
"1895","beta_trend",6083,1889,0,0.681171215371983
"1896","beta_trend",6083,1890,0,0.681437141798215
"1897","beta_trend",6083,1891,0,0.681708642168445
"1898","beta_trend",6083,1892,0,0.681985406953761
"1899","beta_trend",6083,1893,0,0.682267125152059
"1900","beta_trend",6083,1894,0,0.682553484473024
"1901","beta_trend",6083,1895,0,0.682844171523411
"1902","beta_trend",6083,1896,0,0.68313887199249
"1903","beta_trend",6083,1897,0,0.683437270837521
"1904","beta_trend",6083,1898,0,0.683739052469166
"1905","beta_trend",6083,1899,0,0.684043900936678
"1906","beta_trend",6083,1900,0,0.684351500112777
"1907","beta_trend",6083,1901,0,0.684661533878078
"1908","beta_trend",6083,1902,0,0.684973686304955
"1909","beta_trend",6083,1903,0,0.685287641840725
"1910","beta_trend",6083,1904,0,0.685603085490037
"1911","beta_trend",6083,1905,0,0.685919702996347
"1912","beta_trend",6083,1906,0,0.68623718102237
"1913","beta_trend",6083,1907,0,0.686555207329401
"1914","beta_trend",6083,1908,0,0.686873470955384
"1915","beta_trend",6083,1909,0,0.687136900106954
"1916","beta_trend",6083,1910,0,0.687452186574367
"1917","beta_trend",6083,1911,0,0.687766677115474
"1918","beta_trend",6083,1912,0,0.688080063174978
"1919","beta_trend",6083,1913,0,0.688392038176544
"1920","beta_trend",6083,1914,0,0.688702297685699
"1921","beta_trend",6083,1915,0,0.68901053957062
"1922","beta_trend",6083,1916,0,0.689316464160711
"1923","beta_trend",6083,1917,0,0.689619774402881
"1924","beta_trend",6083,1918,0,0.689920176015421
"1925","beta_trend",6083,1919,0,0.690217377639397
"1926","beta_trend",6083,1920,0,0.69051109098748
"1927","beta_trend",6083,1921,0,0.690801030990105
"1928","beta_trend",6083,1922,0,0.691086915938907
"1929","beta_trend",6083,1923,0,0.691368467627328
"1930","beta_trend",6083,1924,0,0.69164541148834
"1931","beta_trend",6083,1925,0,0.69191747672919
"1932","beta_trend",6083,1926,0,0.692184396463116
"1933","beta_trend",6083,1927,0,0.692445907837948
"1934","beta_trend",6083,1928,0,0.692701752161539
"1935","beta_trend",6083,1929,0,0.692951675023959
"1936","beta_trend",6083,1930,0,0.693195426416395
"1937","beta_trend",6083,1931,0,0.693432760846689
"1938","beta_trend",6083,1932,0,0.693663437451479
"1939","beta_trend",6083,1933,0,0.693887220104871
"1940","beta_trend",6083,1934,0,0.694103877523607
"1941","beta_trend",6083,1935,0,0.694313183368675
"1942","beta_trend",6083,1936,0,0.694514916343325
"1943","beta_trend",6083,1937,0,0.694708860287446
"1944","beta_trend",6083,1938,0,0.694894804268263
"1945","beta_trend",6083,1939,0,0.695072542667332
"1946","beta_trend",6083,1940,0,0.695241875263788
"1947","beta_trend",6083,1941,0,0.695402607313827
"1948","beta_trend",6083,1942,0,0.695554549626392
"1949","beta_trend",6083,1943,0,0.695697518635036
"1950","beta_trend",6083,1944,0,0.69583133646595
"1951","beta_trend",6083,1945,0,0.695955831002137
"1952","beta_trend",6083,1946,0,0.69607083594371
"1953","beta_trend",6083,1947,0,0.696176190864311
"1954","beta_trend",6083,1948,0,0.696271741263638
"1955","beta_trend",6083,1949,0,0.69635733861607
"1956","beta_trend",6083,1950,0,0.696432840415398
"1957","beta_trend",6083,1951,0,0.696498110215648
"1958","beta_trend",6083,1952,0,0.696553017667998
"1959","beta_trend",6083,1953,0,0.696623012483534
"1960","beta_trend",6083,1954,0,0.696655696045243
"1961","beta_trend",6083,1955,0,0.696677710688454
"1962","beta_trend",6083,1956,0,0.696688948866835
"1963","beta_trend",6083,1957,0,0.696689309326152
"1964","beta_trend",6083,1958,0,0.69667869711569
"1965","beta_trend",6083,1959,0,0.696657023595915
"1966","beta_trend",6083,1960,0,0.696624206442409
"1967","beta_trend",6083,1961,0,0.696580169646085
"1968","beta_trend",6083,1962,0,0.696524843509718
"1969","beta_trend",6083,1963,0,0.696458164640811
"1970","beta_trend",6083,1964,0,0.696380075940824
"1971","beta_trend",6083,1965,0,0.69629052659081
"1972","beta_trend",6083,1966,0,0.69618947203347
"1973","beta_trend",6083,1967,0,0.696076873951675
"1974","beta_trend",6083,1968,0,0.695952700243491
"1975","beta_trend",6083,1969,0,0.695816924993744
"1976","beta_trend",6083,1970,0,0.695669528442156
"1977","beta_trend",6083,1971,0,0.695510496948116
"1978","beta_trend",6083,1972,0,0.695339822952103
"1979","beta_trend",6083,1973,0,0.695157504933828
"1980","beta_trend",6083,1974,0,0.694963547367132
"1981","beta_trend",6083,1975,0,0.69475796067169
"1982","beta_trend",6083,1976,0,0.694540761161573
"1983","beta_trend",6083,1977,0,0.694311970990718
"1984","beta_trend",6083,1978,0,0.694071618095357
"1985","beta_trend",6083,1979,0,0.693819736133468
"1986","beta_trend",6083,1980,0,0.693556364421293
"1987","beta_trend",6083,1981,0,0.693281547866987
"1988","beta_trend",6083,1982,0,0.692995336901454
"1989","beta_trend",6083,1983,0,0.692697787406428
"1990","beta_trend",6083,1984,0,0.692388960639864
"1991","beta_trend",6083,1985,0,0.692068923158694
"1992","beta_trend",6083,1986,0,0.691737746739018
"1993","beta_trend",6083,1987,0,0.691395508293787
"1994","beta_trend",6083,1988,0,0.691042289788042
"1995","beta_trend",6083,1989,0,0.690678178151785
"1996","beta_trend",6083,1990,0,0.690303265190534
"1997","beta_trend",6083,1991,0,0.689917647493637
"1998","beta_trend",6083,1992,0,0.689521426340408
"1999","beta_trend",6083,1993,0,0.689114707604163
"2000","beta_trend",6083,1994,0,0.688697601654207
"2001","beta_trend",6083,1995,0,0.688270223255859
"2002","beta_trend",6083,1996,0,0.687832691468579
"2003","beta_trend",6083,1997,0,0.687385129542258
"2004","beta_trend",6083,1998,0,0.686927664811762
"2005","beta_trend",6083,1999,0,0.686460428589775
"2006","beta_trend",6083,2000,0,0.68598355605804
"2007","beta_trend",6083,2001,0,0.685497186157053
"2008","beta_trend",6083,2002,0,0.685001461474278
"2009","beta_trend",6083,2003,0,0.684496528130979
"2010","beta_trend",6083,2004,0,0.683982535667713
"2011","beta_trend",6083,2005,0,0.683459636928581
"2012","beta_trend",6083,2006,0,0.68290744766671
"2013","beta_trend",6083,2007,0,0.682366261628539
"2014","beta_trend",6083,2008,0,0.681816605421507
"2015","beta_trend",6083,2009,0,0.681258642260794
"2016","beta_trend",6083,2010,0,0.680692538008358
"2017","beta_trend",6083,2011,0,0.680118461049158
"2018","beta_trend",6083,2012,0,0.679536582166584
"2019","beta_trend",6083,2013,0,0.678947074417157
"2020","beta_trend",6083,2014,0,0.678350113004587
"2021","beta_trend",6083,2015,0,0.677745875153243
"2022","beta_trend",6083,2016,0,0.677134539981122
"2023","beta_trend",6083,2017,0,0.676516288372379
"2024","beta_trend",6083,2018,0,0.675891302849493
"2025","beta_trend",6083,2019,0,0.675259767445145
"2026","beta_trend",6083,2020,0,0.674621867573873
"2027","beta_trend",6083,2021,0,0.673977789903576
"2028","beta_trend",6083,2022,0,0.67332772222694
"2029","beta_trend",6083,2023,0,0.672671853332861
"2030","beta_trend",6083,2024,0,0.672010372877923
"2031","beta_trend",6083,2025,0,0.671343471258012
"2032","beta_trend",6083,2026,0,0.670671339480137
"2033","beta_trend",6083,2027,0,0.669994169034513
"2034","beta_trend",6083,2028,0,0.669312151766994
"2035","beta_trend",6083,2029,0,0.668625479751915
"2036","beta_trend",6083,2030,0,0.667934345165405
"2037","beta_trend",6083,2031,0,0.667238940159257
"2038","beta_trend",6083,2032,0,0.666539456735408
"2039","beta_trend",6083,2033,0,0.665836086621095
"2040","beta_trend",6083,2034,0,0.665129021144775
"2041","beta_trend",6083,2035,0,0.664418451112842
"2042","beta_trend",6083,2036,0,0.66370456668724
"2043","beta_trend",6083,2037,0,0.662987557264017
"2044","beta_trend",6083,2038,0,0.662267611352889
"2045","beta_trend",6083,2039,0,0.661544916457893
"2046","beta_trend",6083,2040,0,0.660819658959163
"2047","beta_trend",6083,2041,0,0.66009202399593
"2048","beta_trend",6083,2042,0,0.659362195350778
"2049","beta_trend",6083,2043,0,0.658630355335242
"2050","beta_trend",6083,2044,0,0.657896684676787
"2051","beta_trend",6083,2045,0,0.657161362407258
"2052","beta_trend",6083,2046,0,0.656424565752833
"2053","beta_trend",6083,2047,0,0.655686470025565
"2054","beta_trend",6083,2048,0,0.654947248516554
"2055","beta_trend",6083,2049,0,0.654232582986545
"2056","beta_trend",6083,2050,0,0.653490492700707
"2057","beta_trend",6083,2051,0,0.652747830677058
"2058","beta_trend",6083,2052,0,0.652004759224502
"2059","beta_trend",6083,2053,0,0.651261438191519
"2060","beta_trend",6083,2054,0,0.650518024868154
"2061","beta_trend",6083,2055,0,0.649774673890104
"2062","beta_trend",6083,2056,0,0.649031537144969
"2063","beta_trend",6083,2057,0,0.648288763680714
"2064","beta_trend",6083,2058,0,0.647546499616399
"2065","beta_trend",6083,2059,0,0.646804888055218
"2066","beta_trend",6083,2060,0,0.646064068999906
"2067","beta_trend",6083,2061,0,0.64532417927057
"2068","beta_trend",6083,2062,0,0.644585352424975
"2069","beta_trend",6083,2063,0,0.643847718681347
"2070","beta_trend",6083,2064,0,0.643111404843743
"2071","beta_trend",6083,2065,0,0.642376534230018
"2072","beta_trend",6083,2066,0,0.641643226602455
"2073","beta_trend",6083,2067,0,0.640911598101086
"2074","beta_trend",6083,2068,0,0.640181761179762
"2075","beta_trend",6083,2069,0,0.639453824544999
"2076","beta_trend",6083,2070,0,0.638727893097659
"2077","beta_trend",6083,2071,0,0.638004067877494
"2078","beta_trend",6083,2072,0,0.637282446010598
"2079","beta_trend",6083,2073,0,0.636563120659808
"2080","beta_trend",6083,2074,0,0.635846180978082
"2081","beta_trend",6083,2075,0,0.635131712064907
"2082","beta_trend",6083,2076,0,0.634419794925753
"2083","beta_trend",6083,2077,0,0.633710506434625
"2084","beta_trend",6083,2078,0,0.633003919299733
"2085","beta_trend",6083,2079,0,0.632300102032315
"2086","beta_trend",6083,2080,0,0.631599118918653
"2087","beta_trend",6083,2081,0,0.630901029995291
"2088","beta_trend",6083,2082,0,0.630205891027506
"2089","beta_trend",6083,2083,0,0.629513753491039
"2090","beta_trend",6083,2084,0,0.628824664557123
"2091","beta_trend",6083,2085,0,0.628138667080822
"2092","beta_trend",6083,2086,0,0.627455799592718
"2093","beta_trend",6083,2087,0,0.626776096293942
"2094","beta_trend",6083,2088,0,0.626099587054597
"2095","beta_trend",6083,2089,0,0.625426297415565
"2096","beta_trend",6083,2090,0,0.624756248593726
"2097","beta_trend",6083,2091,0,0.624089457490606
"2098","beta_trend",6083,2092,0,0.623425936704454
"2099","beta_trend",6083,2093,0,0.622765694545767
"2100","beta_trend",6083,2094,0,0.622108735056275
"2101","beta_trend",6083,2095,0,0.621455058031381
"2102","beta_trend",6083,2096,0,0.62080465904607
"2103","beta_trend",6083,2097,0,0.620157529484289
"2104","beta_trend",6083,2098,0,0.619513656571798
"2105","beta_trend",6083,2099,0,0.618873023412489
"2106","beta_trend",6083,2100,0,0.618235609028172
"2107","beta_trend",6083,2101,0,0.617601388401826
"2108","beta_trend",6083,2102,0,0.616905053252661
"2109","beta_trend",6083,2103,0,0.616274119011911
"2110","beta_trend",6083,2104,0,0.615646148834638
"2111","beta_trend",6083,2105,0,0.615021096740869
"2112","beta_trend",6083,2106,0,0.614398912782066
"2113","beta_trend",6083,2107,0,0.613779543098348
"2114","beta_trend",6083,2108,0,0.613162929978921
"2115","beta_trend",6083,2109,0,0.612549011925642
"2116","beta_trend",6083,2110,0,0.611937723719735
"2117","beta_trend",6083,2111,0,0.611328996491592
"2118","beta_trend",6083,2112,0,0.610722757793645
"2119","beta_trend",6083,2113,0,0.610118931676269
"2120","beta_trend",6083,2114,0,0.60951743876668
"2121","beta_trend",6083,2115,0,0.608918196350786
"2122","beta_trend",6083,2116,0,0.608321118457947
"2123","beta_trend",6083,2117,0,0.607726115948608
"2124","beta_trend",6083,2118,0,0.607133096604742
"2125","beta_trend",6083,2119,0,0.606541965223072
"2126","beta_trend",6083,2120,0,0.605952623711009
"2127","beta_trend",6083,2121,0,0.605364971185247
"2128","beta_trend",6083,2122,0,0.604778904072979
"2129","beta_trend",6083,2123,0,0.604194316215642
"2130","beta_trend",6083,2124,0,0.603611098975168
"2131","beta_trend",6083,2125,0,0.603029141342642
"2132","beta_trend",6083,2126,0,0.602448330049323
"2133","beta_trend",6083,2127,0,0.601868549679955
"2134","beta_trend",6083,2128,0,0.601289682788285
"2135","beta_trend",6083,2129,0,0.600711610014734
"2136","beta_trend",6083,2130,0,0.600134210206128
"2137","beta_trend",6083,2131,0,0.599557360537423
"2138","beta_trend",6083,2132,0,0.598980936635335
"2139","beta_trend",6083,2133,0,0.598404812703801
"2140","beta_trend",6083,2134,0,0.597828861651175
"2141","beta_trend",6083,2135,0,0.597252955219088
"2142","beta_trend",6083,2136,0,0.596676964112869
"2143","beta_trend",6083,2137,0,0.59610075813344
"2144","beta_trend",6083,2138,0,0.595524206310594
"2145","beta_trend",6083,2139,0,0.594947177037563
"2146","beta_trend",6083,2140,0,0.59436953820677
"2147","beta_trend",6083,2141,0,0.593791157346681
"2148","beta_trend",6083,2142,0,0.593211901759633
"2149","beta_trend",6083,2143,0,0.592631638660565
"2150","beta_trend",6083,2144,0,0.592050235316523
"2151","beta_trend",6083,2145,0,0.59146755918684
"2152","beta_trend",6083,2146,0,0.59090152811868
"2153","beta_trend",6083,2147,0,0.590315110902753
"2154","beta_trend",6083,2148,0,0.589727059417996
"2155","beta_trend",6083,2149,0,0.589137241979843
"2156","beta_trend",6083,2150,0,0.58854552785168
"2157","beta_trend",6083,2151,0,0.587951787385181
"2158","beta_trend",6083,2152,0,0.587355892160585
"2159","beta_trend",6083,2153,0,0.586757715126798
"2160","beta_trend",6083,2154,0,0.586157130741192
"2161","beta_trend",6083,2155,0,0.585554015108994
"2162","beta_trend",6083,2156,0,0.58494824612214
"2163","beta_trend",6083,2157,0,0.584339703597466
"2164","beta_trend",6083,2158,0,0.583728269414125
"2165","beta_trend",6083,2159,0,0.583113827650101
"2166","beta_trend",6083,2160,0,0.582496264717699
"2167","beta_trend",6083,2161,0,0.581875469497885
"2168","beta_trend",6083,2162,0,0.581251333473365
"2169","beta_trend",6083,2163,0,0.580623750860259
"2170","beta_trend",6083,2164,0,0.579992618738268
"2171","beta_trend",6083,2165,0,0.579357837179197
"2172","beta_trend",6083,2166,0,0.578719309373714
"2173","beta_trend",6083,2167,0,0.578076941756229
"2174","beta_trend",6083,2168,0,0.577430644127759
"2175","beta_trend",6083,2169,0,0.576780329776675
"2176","beta_trend",6083,2170,0,0.576125915597185
"2177","beta_trend",6083,2171,0,0.575467322205461
"2178","beta_trend",6083,2172,0,0.574804474053271
"2179","beta_trend",6083,2173,0,0.574137299539004
"2180","beta_trend",6083,2174,0,0.573465731115976
"2181","beta_trend",6083,2175,0,0.572789705397891
"2182","beta_trend",6083,2176,0,0.572109163261355
"2183","beta_trend",6083,2177,0,0.571424049945321
"2184","beta_trend",6083,2178,0,0.570734315147356
"2185","beta_trend",6083,2179,0,0.570039913116629
"2186","beta_trend",6083,2180,0,0.569340802743494
"2187","beta_trend",6083,2181,0,0.568636947645588
"2188","beta_trend",6083,2182,0,0.567928316250315
"2189","beta_trend",6083,2183,0,0.567214881873638
"2190","beta_trend",6083,2184,0,0.566496622795062
"2191","beta_trend",6083,2185,0,0.565773522328723
"2192","beta_trend",6083,2186,0,0.565045568890489
"2193","beta_trend",6083,2187,0,0.56431275606097
"2194","beta_trend",6083,2188,0,0.563575082644374
"2195","beta_trend",6083,2189,0,0.562832552723097
"2196","beta_trend",6083,2190,0,0.562085175707979
"2197","beta_trend",6083,2191,0,0.561332966384148
"2198","beta_trend",6083,2192,0,0.560575944952375
"2199","beta_trend",6083,2193,0,0.559814137065865
"2200","beta_trend",6083,2194,0,0.559047573862415
"2201","beta_trend",6083,2195,0,0.558276291991884
"2202","beta_trend",6083,2196,0,0.5575003336389
"2203","beta_trend",6083,2197,0,0.556719746540756
"2204","beta_trend",6083,2198,0,0.555934584000442
"2205","beta_trend",6083,2199,0,0.555124320896294
"2206","beta_trend",6083,2200,0,0.554329241644044
"2207","beta_trend",6083,2201,0,0.553529739139422
"2208","beta_trend",6083,2202,0,0.552725887312223
"2209","beta_trend",6083,2203,0,0.551917765586548
"2210","beta_trend",6083,2204,0,0.551105458861685
"2211","beta_trend",6083,2205,0,0.550289057487814
"2212","beta_trend",6083,2206,0,0.549468657236499
"2213","beta_trend",6083,2207,0,0.54864435926597
"2214","beta_trend",6083,2208,0,0.547816270081177
"2215","beta_trend",6083,2209,0,0.546984501488604
"2216","beta_trend",6083,2210,0,0.546149170545854
"2217","beta_trend",6083,2211,0,0.545310399505993
"2218","beta_trend",6083,2212,0,0.544468315756681
"2219","beta_trend",6083,2213,0,0.543623051754083
"2220","beta_trend",6083,2214,0,0.542774744951594
"2221","beta_trend",6083,2215,0,0.541923537723388
"2222","beta_trend",6083,2216,0,0.541069577282835
"2223","beta_trend",6083,2217,0,0.540213015595808
"2224","beta_trend",6083,2218,0,0.539354009288916
"2225","beta_trend",6083,2219,0,0.538492719552719
"2226","beta_trend",6083,2220,0,0.53762931203997
"2227","beta_trend",6083,2221,0,0.53676395675892
"2228","beta_trend",6083,2222,0,0.535896827961779
"2229","beta_trend",6083,2223,0,0.535028104028365
"2230","beta_trend",6083,2224,0,0.53415796734503
"2231","beta_trend",6083,2225,0,0.533286604178923
"2232","beta_trend",6083,2226,0,0.53241420454769
"2233","beta_trend",6083,2227,0,0.531540962084671
"2234","beta_trend",6083,2228,0,0.530667073899697
"2235","beta_trend",6083,2229,0,0.529792740435586
"2236","beta_trend",6083,2230,0,0.528918165320424
"2237","beta_trend",6083,2231,0,0.52804355521574
"2238","beta_trend",6083,2232,0,0.527169119660699
"2239","beta_trend",6083,2233,0,0.526295070912393
"2240","beta_trend",6083,2234,0,0.525421623782389
"2241","beta_trend",6083,2235,0,0.524548995469625
"2242","beta_trend",6083,2236,0,0.523677405389794
"2243","beta_trend",6083,2237,0,0.522807075001356
"2244","beta_trend",6083,2238,0,0.521938227628297
"2245","beta_trend",6083,2239,0,0.521071088279791
"2246","beta_trend",6083,2240,0,0.520205883466897
"2247","beta_trend",6083,2241,0,0.519342841016455
"2248","beta_trend",6083,2242,0,0.518524318611562
"2249","beta_trend",6083,2243,0,0.517664425302009
"2250","beta_trend",6083,2244,0,0.516807461987545
"2251","beta_trend",6083,2245,0,0.51595365676764
"2252","beta_trend",6083,2246,0,0.515103238202626
"2253","beta_trend",6083,2247,0,0.514256435110364
"2254","beta_trend",6083,2248,0,0.51341347636137
"2255","beta_trend",6083,2249,0,0.512574590672543
"2256","beta_trend",6083,2250,0,0.511740006399706
"2257","beta_trend",6083,2251,0,0.510909951329112
"2258","beta_trend",6083,2252,0,0.510084652468121
"2259","beta_trend",6083,2253,0,0.509264335835215
"2260","beta_trend",6083,2254,0,0.508449226249552
"2261","beta_trend",6083,2255,0,0.507639547120251
"2262","beta_trend",6083,2256,0,0.506835520235583
"2263","beta_trend",6083,2257,0,0.506037365552283
"2264","beta_trend",6083,2258,0,0.50524530098517
"2265","beta_trend",6083,2259,0,0.504459542197262
"2266","beta_trend",6083,2260,0,0.503680302390609
"2267","beta_trend",6083,2261,0,0.502907792098019
"2268","beta_trend",6083,2262,0,0.502142218975888
"2269","beta_trend",6083,2263,0,0.501383787598347
"2270","beta_trend",6083,2264,0,0.500632699252899
"2271","beta_trend",6083,2265,0,0.499889151737778
"2272","beta_trend",6083,2266,0,0.499153339161215
"2273","beta_trend",6083,2267,0,0.498425451742819
"2274","beta_trend",6083,2268,0,0.497705675617271
"2275","beta_trend",6083,2269,0,0.496994192640541
"2276","beta_trend",6083,2270,0,0.496291180198818
"2277","beta_trend",6083,2271,0,0.495596811020357
"2278","beta_trend",6083,2272,0,0.494911252990454
"2279","beta_trend",6083,2273,0,0.494234668969719
"2280","beta_trend",6083,2274,0,0.493567216615871
"2281","beta_trend",6083,2275,0,0.492909048209238
"2282","beta_trend",6083,2276,0,0.492260310482147
"2283","beta_trend",6083,2277,0,0.491621144452409
"2284","beta_trend",6083,2278,0,0.490991685261076
"2285","beta_trend",6083,2279,0,0.490372062014661
"2286","beta_trend",6083,2280,0,0.489762397632
"2287","beta_trend",6083,2281,0,0.489162808695939
"2288","beta_trend",6083,2282,0,0.48857340531002
"2289","beta_trend",6083,2283,0,0.487994290960348
"2290","beta_trend",6083,2284,0,0.487425562382787
"2291","beta_trend",6083,2285,0,0.486867309435678
"2292","beta_trend",6083,2286,0,0.486319614978227
"2293","beta_trend",6083,2287,0,0.485782554754716
"2294","beta_trend",6083,2288,0,0.485256197284707
"2295","beta_trend",6083,2289,0,0.484740603759366
"2296","beta_trend",6083,2290,0,0.484235827944079
"2297","beta_trend",6083,2291,0,0.483741916087476
"2298","beta_trend",6083,2292,0,0.483258906837002
"2299","beta_trend",6083,2293,0,0.482786831161185
"2300","beta_trend",6083,2294,0,0.482325712278692
"2301","beta_trend",6083,2295,0,0.481808222852003
"2302","beta_trend",6083,2296,0,0.481365950216443
"2303","beta_trend",6083,2297,0,0.48093452185976
"2304","beta_trend",6083,2298,0,0.480513923952833
"2305","beta_trend",6083,2299,0,0.480104134464049
"2306","beta_trend",6083,2300,0,0.479705123124704
"2307","beta_trend",6083,2301,0,0.479316851401718
"2308","beta_trend",6083,2302,0,0.47893927247774
"2309","beta_trend",6083,2303,0,0.478572331238716
"2310","beta_trend",6083,2304,0,0.478215964268963
"2311","beta_trend",6083,2305,0,0.477870099853819
"2312","beta_trend",6083,2306,0,0.477534657989896
"2313","beta_trend",6083,2307,0,0.477209550402985
"2314","beta_trend",6083,2308,0,0.476894680573637
"2315","beta_trend",6083,2309,0,0.476589943770449
"2316","beta_trend",6083,2310,0,0.476295227091065
"2317","beta_trend",6083,2311,0,0.476010409510904
"2318","beta_trend",6083,2312,0,0.475735361939611
"2319","beta_trend",6083,2313,0,0.47546994728523
"2320","beta_trend",6083,2314,0,0.475214020526089
"2321","beta_trend",6083,2315,0,0.474967428790352
"2322","beta_trend",6083,2316,0,0.474730011443251
"2323","beta_trend",6083,2317,0,0.474501600181908
"2324","beta_trend",6083,2318,0,0.474282019137754
"2325","beta_trend",6083,2319,0,0.474071084986453
"2326","beta_trend",6083,2320,0,0.473868607065299
"2327","beta_trend",6083,2321,0,0.473674387497997
"2328","beta_trend",6083,2322,0,0.473488221326773
"2329","beta_trend",6083,2323,0,0.473309896651711
"2330","beta_trend",6083,2324,0,0.473139194777244
"2331","beta_trend",6083,2325,0,0.472975890365691
"2332","beta_trend",6083,2326,0,0.472819751597737
"2333","beta_trend",6083,2327,0,0.472670540339746
"2334","beta_trend",6083,2328,0,0.472528012317788
"2335","beta_trend",6083,2329,0,0.472391917298244
"2336","beta_trend",6083,2330,0,0.472261999274875
"2337","beta_trend",6083,2331,0,0.472137996662184
"2338","beta_trend",6083,2332,0,0.472019642494956
"2339","beta_trend",6083,2333,0,0.471906664633796
"2340","beta_trend",6083,2334,0,0.471798785976515
"2341","beta_trend",6083,2335,0,0.471695724675191
"2342","beta_trend",6083,2336,0,0.471597194358739
"2343","beta_trend",6083,2337,0,0.471502904360799
"2344","beta_trend",6083,2338,0,0.471412559952751
"2345","beta_trend",6083,2339,0,0.471347719487467
"2346","beta_trend",6083,2340,0,0.47126339917213
"2347","beta_trend",6083,2341,0,0.471182158937212
"2348","beta_trend",6083,2342,0,0.471103688627695
"2349","beta_trend",6083,2343,0,0.471027675320047
"2350","beta_trend",6083,2344,0,0.470953803579855
"2351","beta_trend",6083,2345,0,0.470881755723186
"2352","beta_trend",6083,2346,0,0.47081121208143
"2353","beta_trend",6083,2347,0,0.470741851269397
"2354","beta_trend",6083,2348,0,0.470673350456428
"2355","beta_trend",6083,2349,0,0.47060538564027
"2356","beta_trend",6083,2350,0,0.470537631923474
"2357","beta_trend",6083,2351,0,0.470469763792051
"2358","beta_trend",6083,2352,0,0.47040145539615
"2359","beta_trend",6083,2353,0,0.470332380832477
"2360","beta_trend",6083,2354,0,0.470262214428207
"2361","beta_trend",6083,2355,0,0.470190631026127
"2362","beta_trend",6083,2356,0,0.470117306270728
"2363","beta_trend",6083,2357,0,0.470041916894993
"2364","beta_trend",6083,2358,0,0.469964141007598
"2365","beta_trend",6083,2359,0,0.469883658380265
"2366","beta_trend",6083,2360,0,0.469800150734981
"2367","beta_trend",6083,2361,0,0.469713302030815
"2368","beta_trend",6083,2362,0,0.469622798750055
"2369","beta_trend",6083,2363,0,0.469528330183391
"2370","beta_trend",6083,2364,0,0.469429588713861
"2371","beta_trend",6083,2365,0,0.46932627009929
"2372","beta_trend",6083,2366,0,0.469218073752942
"2373","beta_trend",6083,2367,0,0.469104703022108
"2374","beta_trend",6083,2368,0,0.46898586546436
"2375","beta_trend",6083,2369,0,0.468861273121186
"2376","beta_trend",6083,2370,0,0.468730642788747
"2377","beta_trend",6083,2371,0,0.46859369628548
"2378","beta_trend",6083,2372,0,0.468450160716265
"2379","beta_trend",6083,2373,0,0.468299768732916
"2380","beta_trend",6083,2374,0,0.468142258790704
"2381","beta_trend",6083,2375,0,0.467977375400672
"2382","beta_trend",6083,2376,0,0.467804869377465
"2383","beta_trend",6083,2377,0,0.46762449808244
"2384","beta_trend",6083,2378,0,0.467436025661787
"2385","beta_trend",6083,2379,0,0.467239223279421
"2386","beta_trend",6083,2380,0,0.467033869344409
"2387","beta_trend",6083,2381,0,0.466819749732672
"2388","beta_trend",6083,2382,0,0.466596658002758
"2389","beta_trend",6083,2383,0,0.466364395605425
"2390","beta_trend",6083,2384,0,0.466122772086835
"2391","beta_trend",6083,2385,0,0.465871605285127
"2392","beta_trend",6083,2386,0,0.465610721520164
"2393","beta_trend",6083,2387,0,0.465339955776233
"2394","beta_trend",6083,2388,0,0.465059151877523
"2395","beta_trend",6083,2389,0,0.464768162656157
"2396","beta_trend",6083,2390,0,0.464466850112615
"2397","beta_trend",6083,2391,0,0.46415508556835
"2398","beta_trend",6083,2392,0,0.463798210627127
"2399","beta_trend",6083,2393,0,0.463463603086897
"2400","beta_trend",6083,2394,0,0.463118145743155
"2401","beta_trend",6083,2395,0,0.462761745766737
"2402","beta_trend",6083,2396,0,0.46239432018573
"2403","beta_trend",6083,2397,0,0.462015795984453
"2404","beta_trend",6083,2398,0,0.461626110193489
"2405","beta_trend",6083,2399,0,0.461225209970641
"2406","beta_trend",6083,2400,0,0.460813052672708
"2407","beta_trend",6083,2401,0,0.460389605917961
"2408","beta_trend",6083,2402,0,0.459954847639247
"2409","beta_trend",6083,2403,0,0.459508766127615
"2410","beta_trend",6083,2404,0,0.459051360066398
"2411","beta_trend",6083,2405,0,0.458582638555684
"2412","beta_trend",6083,2406,0,0.45810262112711
"2413","beta_trend",6083,2407,0,0.457611337748934
"2414","beta_trend",6083,2408,0,0.457108828821353
"2415","beta_trend",6083,2409,0,0.456595145162023
"2416","beta_trend",6083,2410,0,0.456070347981774
"2417","beta_trend",6083,2411,0,0.455534508850494
"2418","beta_trend",6083,2412,0,0.454987709653203
"2419","beta_trend",6083,2413,0,0.454430042536302
"2420","beta_trend",6083,2414,0,0.453861609844031
"2421","beta_trend",6083,2415,0,0.453282524045161
"2422","beta_trend",6083,2416,0,0.452692907649952
"2423","beta_trend",6083,2417,0,0.452092893117438
"2424","beta_trend",6083,2418,0,0.451482622753079
"2425","beta_trend",6083,2419,0,0.450862248596861
"2426","beta_trend",6083,2420,0,0.450231932301923
"2427","beta_trend",6083,2421,0,0.449591845003777
"2428","beta_trend",6083,2422,0,0.448942167180251
"2429","beta_trend",6083,2423,0,0.448283088502226
"2430","beta_trend",6083,2424,0,0.447614807675308
"2431","beta_trend",6083,2425,0,0.446937532272547
"2432","beta_trend",6083,2426,0,0.446251478558344
"2433","beta_trend",6083,2427,0,0.445556871303685
"2434","beta_trend",6083,2428,0,0.444853943592855
"2435","beta_trend",6083,2429,0,0.444142936621792
"2436","beta_trend",6083,2430,0,0.443424099488265
"2437","beta_trend",6083,2431,0,0.442697688974027
"2438","beta_trend",6083,2432,0,0.441963969319166
"2439","beta_trend",6083,2433,0,0.441223211988813
"2440","beta_trend",6083,2434,0,0.440475695432448
"2441","beta_trend",6083,2435,0,0.439751923874717
"2442","beta_trend",6083,2436,0,0.438990414449986
"2443","beta_trend",6083,2437,0,0.438223076588932
"2444","beta_trend",6083,2438,0,0.4374502119231
"2445","beta_trend",6083,2439,0,0.436672127841754
"2446","beta_trend",6083,2440,0,0.435889137208721
"2447","beta_trend",6083,2441,0,0.435101558073539
"2448","beta_trend",6083,2442,0,0.434309713377158
"2449","beta_trend",6083,2443,0,0.433513930652477
"2450","beta_trend",6083,2444,0,0.432714541719978
"2451","beta_trend",6083,2445,0,0.431911882378741
"2452","beta_trend",6083,2446,0,0.431106292093125
"2453","beta_trend",6083,2447,0,0.430298113675404
"2454","beta_trend",6083,2448,0,0.429487692964657
"2455","beta_trend",6083,2449,0,0.428675378502201
"2456","beta_trend",6083,2450,0,0.427861521203889
"2457","beta_trend",6083,2451,0,0.427046474029562
"2458","beta_trend",6083,2452,0,0.426230591649981
"2459","beta_trend",6083,2453,0,0.425414230111551
"2460","beta_trend",6083,2454,0,0.424597746499152
"2461","beta_trend",6083,2455,0,0.423781498597403
"2462","beta_trend",6083,2456,0,0.422965844550684
"2463","beta_trend",6083,2457,0,0.422151142522239
"2464","beta_trend",6083,2458,0,0.42133775035269
"2465","beta_trend",6083,2459,0,0.420526025218299
"2466","beta_trend",6083,2460,0,0.419716323289292
"2467","beta_trend",6083,2461,0,0.418908999388604
"2468","beta_trend",6083,2462,0,0.418104406651347
"2469","beta_trend",6083,2463,0,0.417302896185363
"2470","beta_trend",6083,2464,0,0.416504816733179
"2471","beta_trend",6083,2465,0,0.415710514335696
"2472","beta_trend",6083,2466,0,0.414920331997955
"2473","beta_trend",6083,2467,0,0.414134609357306
"2474","beta_trend",6083,2468,0,0.413353682354299
"2475","beta_trend",6083,2469,0,0.41257788290665
"2476","beta_trend",6083,2470,0,0.411807538586578
"2477","beta_trend",6083,2471,0,0.411042972301861
"2478","beta_trend",6083,2472,0,0.410284501980922
"2479","beta_trend",6083,2473,0,0.409532440262255
"2480","beta_trend",6083,2474,0,0.408787094188523
"2481","beta_trend",6083,2475,0,0.408048764905626
"2482","beta_trend",6083,2476,0,0.407317747367042
"2483","beta_trend",6083,2477,0,0.406594330043761
"2484","beta_trend",6083,2478,0,0.405878794640091
"2485","beta_trend",6083,2479,0,0.405171415815636
"2486","beta_trend",6083,2480,0,0.404472460913742
"2487","beta_trend",6083,2481,0,0.403782189696668
"2488","beta_trend",6083,2482,0,0.403100854087792
"2489","beta_trend",6083,2483,0,0.402428697921092
"2490","beta_trend",6083,2484,0,0.40176595669818
"2491","beta_trend",6083,2485,0,0.401112857353144
"2492","beta_trend",6083,2486,0,0.400469618025443
"2493","beta_trend",6083,2487,0,0.399836447841104
"2494","beta_trend",6083,2488,0,0.399158565005709
"2495","beta_trend",6083,2489,0,0.398543587464616
"2496","beta_trend",6083,2490,0,0.397939140003317
"2497","beta_trend",6083,2491,0,0.397345389204842
"2498","beta_trend",6083,2492,0,0.396762491510542
"2499","beta_trend",6083,2493,0,0.396190593050171
"2500","beta_trend",6083,2494,0,0.395629829481593
"2501","beta_trend",6083,2495,0,0.395080325840264
"2502","beta_trend",6083,2496,0,0.394542196398668
"2503","beta_trend",6083,2497,0,0.39401554453585
"2504","beta_trend",6083,2498,0,0.393500462617201
"2505","beta_trend",6083,2499,0,0.392997031884613
"2506","beta_trend",6083,2500,0,0.392505322357142
"2507","beta_trend",6083,2501,0,0.392025392742289
"2508","beta_trend",6083,2502,0,0.391557290357994
"2509","beta_trend",6083,2503,0,0.391101051065446
"2510","beta_trend",6083,2504,0,0.390656699212796
"2511","beta_trend",6083,2505,0,0.390224247589822
"2512","beta_trend",6083,2506,0,0.389803697393637
"2513","beta_trend",6083,2507,0,0.389395038205466
"2514","beta_trend",6083,2508,0,0.388998247978551
"2515","beta_trend",6083,2509,0,0.388613293037192
"2516","beta_trend",6083,2510,0,0.388240128086968
"2517","beta_trend",6083,2511,0,0.387878696236115
"2518","beta_trend",6083,2512,0,0.387528929028087
"2519","beta_trend",6083,2513,0,0.38719074648526
"2520","beta_trend",6083,2514,0,0.386864057163767
"2521","beta_trend",6083,2515,0,0.386548758219426
"2522","beta_trend",6083,2516,0,0.386244735484707
"2523","beta_trend",6083,2517,0,0.385951863556685
"2524","beta_trend",6083,2518,0,0.385670005895903
"2525","beta_trend",6083,2519,0,0.385399014936077
"2526","beta_trend",6083,2520,0,0.385138732204533
"2527","beta_trend",6083,2521,0,0.384888988453292
"2528","beta_trend",6083,2522,0,0.38464960380068
"2529","beta_trend",6083,2523,0,0.384420387883343
"2530","beta_trend",6083,2524,0,0.384201140018533
"2531","beta_trend",6083,2525,0,0.383991649376528
"2532","beta_trend",6083,2526,0,0.383791695163015
"2533","beta_trend",6083,2527,0,0.383601046811298
"2534","beta_trend",6083,2528,0,0.383419464184134
"2535","beta_trend",6083,2529,0,0.383246697785026
"2536","beta_trend",6083,2530,0,0.383082488978785
"2537","beta_trend",6083,2531,0,0.382926570221142
"2538","beta_trend",6083,2532,0,0.382815621392652
"2539","beta_trend",6083,2533,0,0.382673809395544
"2540","beta_trend",6083,2534,0,0.38253950249721
"2541","beta_trend",6083,2535,0,0.382412397276881
"2542","beta_trend",6083,2536,0,0.382292182780022
"2543","beta_trend",6083,2537,0,0.38217854079432
"2544","beta_trend",6083,2538,0,0.382071146133173
"2545","beta_trend",6083,2539,0,0.381969666926407
"2546","beta_trend",6083,2540,0,0.381873764917962
"2547","beta_trend",6083,2541,0,0.381783095770232
"2548","beta_trend",6083,2542,0,0.381697309374799
"2549","beta_trend",6083,2543,0,0.381616050169251
"2550","beta_trend",6083,2544,0,0.381538957459776
"2551","beta_trend",6083,2545,0,0.381465665749233
"2552","beta_trend",6083,2546,0,0.381395805070385
"2553","beta_trend",6083,2547,0,0.381329001323973
"2554","beta_trend",6083,2548,0,0.381264876621303
"2555","beta_trend",6083,2549,0,0.381203049631025
"2556","beta_trend",6083,2550,0,0.381143135929777
"2557","beta_trend",6083,2551,0,0.381084748356336
"2558","beta_trend",6083,2552,0,0.381027497368969
"2559","beta_trend",6083,2553,0,0.380970991405608
"2560","beta_trend",6083,2554,0,0.380914837246531
"2561","beta_trend",6083,2555,0,0.380858640379189
"2562","beta_trend",6083,2556,0,0.380802005364829
"2563","beta_trend",6083,2557,0,0.380744536206566
"2564","beta_trend",6083,2558,0,0.380685836718547
"2565","beta_trend",6083,2559,0,0.380625510895863
"2566","beta_trend",6083,2560,0,0.380563163284843
"2567","beta_trend",6083,2561,0,0.380498399353382
"2568","beta_trend",6083,2562,0,0.380430825860944
"2569","beta_trend",6083,2563,0,0.380360051227904
"2570","beta_trend",6083,2564,0,0.380285685903841
"2571","beta_trend",6083,2565,0,0.380207342734471
"2572","beta_trend",6083,2566,0,0.380124637326836
"2573","beta_trend",6083,2567,0,0.380037188412425
"2574","beta_trend",6083,2568,0,0.379944618207857
"2575","beta_trend",6083,2569,0,0.379846552772816
"2576","beta_trend",6083,2570,0,0.379742622364853
"2577","beta_trend",6083,2571,0,0.379632461790761
"2578","beta_trend",6083,2572,0,0.379515710754158
"2579","beta_trend",6083,2573,0,0.379392014198967
"2580","beta_trend",6083,2574,0,0.379261022648455
"2581","beta_trend",6083,2575,0,0.379122392539517
"2582","beta_trend",6083,2576,0,0.378975786551889
"2583","beta_trend",6083,2577,0,0.378820873931971
"2584","beta_trend",6083,2578,0,0.378657330810968
"2585","beta_trend",6083,2579,0,0.378484840517034
"2586","beta_trend",6083,2580,0,0.378303093881145
"2587","beta_trend",6083,2581,0,0.378111789536387
"2588","beta_trend",6083,2582,0,0.377910634210411
"2589","beta_trend",6083,2583,0,0.37769934301075
"2590","beta_trend",6083,2584,0,0.377477639702763
"2591","beta_trend",6083,2585,0,0.377186261273746
"2592","beta_trend",6083,2586,0,0.376940223210468
"2593","beta_trend",6083,2587,0,0.37668288088916
"2594","beta_trend",6083,2588,0,0.376413990546682
"2595","beta_trend",6083,2589,0,0.376133318170048
"2596","beta_trend",6083,2590,0,0.375840639718984
"2597","beta_trend",6083,2591,0,0.375535741339296
"2598","beta_trend",6083,2592,0,0.375218419566838
"2599","beta_trend",6083,2593,0,0.374888481521905
"2600","beta_trend",6083,2594,0,0.374545745093841
"2601","beta_trend",6083,2595,0,0.374190039115713
"2602","beta_trend",6083,2596,0,0.373821203528873
"2603","beta_trend",6083,2597,0,0.373439089537258
"2604","beta_trend",6083,2598,0,0.373043559751276
"2605","beta_trend",6083,2599,0,0.372634488321172
"2606","beta_trend",6083,2600,0,0.372211761059702
"2607","beta_trend",6083,2601,0,0.371775275554058
"2608","beta_trend",6083,2602,0,0.371324941266896
"2609","beta_trend",6083,2603,0,0.370860679626404
"2610","beta_trend",6083,2604,0,0.370382424105315
"2611","beta_trend",6083,2605,0,0.369890120288805
"2612","beta_trend",6083,2606,0,0.369383725931208
"2613","beta_trend",6083,2607,0,0.368863211001504
"2614","beta_trend",6083,2608,0,0.36832855771755
"2615","beta_trend",6083,2609,0,0.367779760569011
"2616","beta_trend",6083,2610,0,0.367216826328997
"2617","beta_trend",6083,2611,0,0.366639774054387
"2618","beta_trend",6083,2612,0,0.366048635074855
"2619","beta_trend",6083,2613,0,0.365443452970607
"2620","beta_trend",6083,2614,0,0.364824283538874
"2621","beta_trend",6083,2615,0,0.36419119474919
"2622","beta_trend",6083,2616,0,0.363544266687499
"2623","beta_trend",6083,2617,0,0.362883591489175
"2624","beta_trend",6083,2618,0,0.362209273261003
"2625","beta_trend",6083,2619,0,0.361521427992226
"2626","beta_trend",6083,2620,0,0.360820183454732
"2627","beta_trend",6083,2621,0,0.360105679092499
"2628","beta_trend",6083,2622,0,0.35937806590041
"2629","beta_trend",6083,2623,0,0.358637506292556
"2630","beta_trend",6083,2624,0,0.357884173960171
"2631","beta_trend",6083,2625,0,0.35711825371933
"2632","beta_trend",6083,2626,0,0.356339941348591
"2633","beta_trend",6083,2627,0,0.355549443416706
"2634","beta_trend",6083,2628,0,0.354774015176738
"2635","beta_trend",6083,2629,0,0.353958612430666
"2636","beta_trend",6083,2630,0,0.353131756840174
"2637","beta_trend",6083,2631,0,0.352293694245739
"2638","beta_trend",6083,2632,0,0.351444680346355
"2639","beta_trend",6083,2633,0,0.35058498046938
"2640","beta_trend",6083,2634,0,0.349714869331932
"2641","beta_trend",6083,2635,0,0.348834630794081
"2642","beta_trend",6083,2636,0,0.347944557604065
"2643","beta_trend",6083,2637,0,0.347044951135778
"2644","beta_trend",6083,2638,0,0.346136121118802
"2645","beta_trend",6083,2639,0,0.345218385361208
"2646","beta_trend",6083,2640,0,0.34429206946543
"2647","beta_trend",6083,2641,0,0.343357506537463
"2648","beta_trend",6083,2642,0,0.342415036889673
"2649","beta_trend",6083,2643,0,0.341465007737507
"2650","beta_trend",6083,2644,0,0.340507772890382
"2651","beta_trend",6083,2645,0,0.339543692437069
"2652","beta_trend",6083,2646,0,0.338573132425848
"2653","beta_trend",6083,2647,0,0.337596464539766
"2654","beta_trend",6083,2648,0,0.336614065767289
"2655","beta_trend",6083,2649,0,0.335626318068663
"2656","beta_trend",6083,2650,0,0.334633608038316
"2657","beta_trend",6083,2651,0,0.333636326563603
"2658","beta_trend",6083,2652,0,0.332634868480229
"2659","beta_trend",6083,2653,0,0.331629632224674
"2660","beta_trend",6083,2654,0,0.330621019483944
"2661","beta_trend",6083,2655,0,0.329609434842988
"2662","beta_trend",6083,2656,0,0.328595285430099
"2663","beta_trend",6083,2657,0,0.327578980560646
"2664","beta_trend",6083,2658,0,0.326560931379466
"2665","beta_trend",6083,2659,0,0.325541550502241
"2666","beta_trend",6083,2660,0,0.324521251656218
"2667","beta_trend",6083,2661,0,0.323500449320586
"2668","beta_trend",6083,2662,0,0.32247955836685
"2669","beta_trend",6083,2663,0,0.321458993699547
"2670","beta_trend",6083,2664,0,0.320439169897623
"2671","beta_trend",6083,2665,0,0.319420500856806
"2672","beta_trend",6083,2666,0,0.31840339943332
"2673","beta_trend",6083,2667,0,0.31738827708924
"2674","beta_trend",6083,2668,0,0.316375543539843
"2675","beta_trend",6083,2669,0,0.315365606403258
"2676","beta_trend",6083,2670,0,0.314358870852742
"2677","beta_trend",6083,2671,0,0.313355739271908
"2678","beta_trend",6083,2672,0,0.312356610913197
"2679","beta_trend",6083,2673,0,0.31136188155993
"2680","beta_trend",6083,2674,0,0.310371943192228
"2681","beta_trend",6083,2675,0,0.309387183657096
"2682","beta_trend",6083,2676,0,0.308407986343001
"2683","beta_trend",6083,2677,0,0.307434729859185
"2684","beta_trend",6083,2678,0,0.30646778772005
"2685","beta_trend",6083,2679,0,0.305507528034858
"2686","beta_trend",6083,2680,0,0.304554313203043
"2687","beta_trend",6083,2681,0,0.303564946134779
"2688","beta_trend",6083,2682,0,0.302624874819836
"2689","beta_trend",6083,2683,0,0.301692810942832
"2690","beta_trend",6083,2684,0,0.300769087591924
"2691","beta_trend",6083,2685,0,0.299854030583201
"2692","beta_trend",6083,2686,0,0.298947958190657
"2693","beta_trend",6083,2687,0,0.298051180883393
"2694","beta_trend",6083,2688,0,0.297164001070269
"2695","beta_trend",6083,2689,0,0.296286712852209
"2696","beta_trend",6083,2690,0,0.295419601782368
"2697","beta_trend",6083,2691,0,0.29456294463435
"2698","beta_trend",6083,2692,0,0.293717009178672
"2699","beta_trend",6083,2693,0,0.292882053967645
"2700","beta_trend",6083,2694,0,0.292058328128843
"2701","beta_trend",6083,2695,0,0.291246071167324
"2702","beta_trend",6083,2696,0,0.290445512776757
"2703","beta_trend",6083,2697,0,0.289656872659589
"2704","beta_trend",6083,2698,0,0.288880360356395
"2705","beta_trend",6083,2699,0,0.288116175084539
"2706","beta_trend",6083,2700,0,0.287364505586254
"2707","beta_trend",6083,2701,0,0.286625529986249
"2708","beta_trend",6083,2702,0,0.28589941565895
"2709","beta_trend",6083,2703,0,0.285186319105455
"2710","beta_trend",6083,2704,0,0.284486385840282
"2711","beta_trend",6083,2705,0,0.283799750287988
"2712","beta_trend",6083,2706,0,0.283126535689707
"2713","beta_trend",6083,2707,0,0.282466854019671
"2714","beta_trend",6083,2708,0,0.281820805911745
"2715","beta_trend",6083,2709,0,0.281188480596013
"2716","beta_trend",6083,2710,0,0.280569955845442
"2717","beta_trend",6083,2711,0,0.279965297932619
"2718","beta_trend",6083,2712,0,0.279374561596596
"2719","beta_trend",6083,2713,0,0.278797790019803
"2720","beta_trend",6083,2714,0,0.278235014815041
"2721","beta_trend",6083,2715,0,0.277686256022514
"2722","beta_trend",6083,2716,0,0.277151522116881
"2723","beta_trend",6083,2717,0,0.276630810024271
"2724","beta_trend",6083,2718,0,0.276124105149225
"2725","beta_trend",6083,2719,0,0.275631381411487
"2726","beta_trend",6083,2720,0,0.275152601292598
"2727","beta_trend",6083,2721,0,0.274687715892193
"2728","beta_trend",6083,2722,0,0.274236664993934
"2729","beta_trend",6083,2723,0,0.273799377140969
"2730","beta_trend",6083,2724,0,0.273375769720823
"2731","beta_trend",6083,2725,0,0.273018431262715
"2732","beta_trend",6083,2726,0,0.27261956043621
"2733","beta_trend",6083,2727,0,0.272234154184087
"2734","beta_trend",6083,2728,0,0.271862082443126
"2735","beta_trend",6083,2729,0,0.271503204697283
"2736","beta_trend",6083,2730,0,0.271157370111918
"2737","beta_trend",6083,2731,0,0.270824417676631
"2738","beta_trend",6083,2732,0,0.27050417635658
"2739","beta_trend",6083,2733,0,0.270196465252076
"2740","beta_trend",6083,2734,0,0.269901093766297
"2741","beta_trend",6083,2735,0,0.269617861780925
"2742","beta_trend",6083,2736,0,0.269346559839522
"2743","beta_trend",6083,2737,0,0.269086969338441
"2744","beta_trend",6083,2738,0,0.268838862725076
"2745","beta_trend",6083,2739,0,0.268602003703237
"2746","beta_trend",6083,2740,0,0.268376147445446
"2747","beta_trend",6083,2741,0,0.268161040811926
"2748","beta_trend",6083,2742,0,0.267956422576064
"2749","beta_trend",6083,2743,0,0.267762023656127
"2750","beta_trend",6083,2744,0,0.267577567352996
"2751","beta_trend",6083,2745,0,0.267402769593673
"2752","beta_trend",6083,2746,0,0.267237339180347
"2753","beta_trend",6083,2747,0,0.267080978044746
"2754","beta_trend",6083,2748,0,0.266933381507561
"2755","beta_trend",6083,2749,0,0.266794238542667
"2756","beta_trend",6083,2750,0,0.266663232045911
"2757","beta_trend",6083,2751,0,0.266540039108203
"2758","beta_trend",6083,2752,0,0.266424331292654
"2759","beta_trend",6083,2753,0,0.266315774915512
"2760","beta_trend",6083,2754,0,0.266214031330637
"2761","beta_trend",6083,2755,0,0.266118757217241
"2762","beta_trend",6083,2756,0,0.266029604870651
"2763","beta_trend",6083,2757,0,0.265946222495823
"2764","beta_trend",6083,2758,0,0.265868254503347
"2765","beta_trend",6083,2759,0,0.265795341807677
"2766","beta_trend",6083,2760,0,0.265727122127333
"2767","beta_trend",6083,2761,0,0.265663230286796
"2768","beta_trend",6083,2762,0,0.265603298519856
"2769","beta_trend",6083,2763,0,0.265546956774132
"2770","beta_trend",6083,2764,0,0.26549383301651
"2771","beta_trend",6083,2765,0,0.265443553539251
"2772","beta_trend",6083,2766,0,0.265395743266487
"2773","beta_trend",6083,2767,0,0.26535002606088
"2774","beta_trend",6083,2768,0,0.265306025030154
"2775","beta_trend",6083,2769,0,0.265263362833285
"2776","beta_trend",6083,2770,0,0.265221661986068
"2777","beta_trend",6083,2771,0,0.26518054516583
"2778","beta_trend",6083,2772,0,0.265139635515046
"2779","beta_trend",6083,2773,0,0.265098556943605
"2780","beta_trend",6083,2774,0,0.265056934429494
"2781","beta_trend",6083,2775,0,0.265014394317668
"2782","beta_trend",6083,2776,0,0.264970564616872
"2783","beta_trend",6083,2777,0,0.26492507529418
"2784","beta_trend",6083,2778,0,0.264810521977783
"2785","beta_trend",6083,2779,0,0.264757523997275
"2786","beta_trend",6083,2780,0,0.264701636772297
"2787","beta_trend",6083,2781,0,0.264642495558869
"2788","beta_trend",6083,2782,0,0.264579738800122
"2789","beta_trend",6083,2783,0,0.26451300839592
"2790","beta_trend",6083,2784,0,0.264441949968543
"2791","beta_trend",6083,2785,0,0.26436621312423
"2792","beta_trend",6083,2786,0,0.264285451710392
"2793","beta_trend",6083,2787,0,0.264199324068325
"2794","beta_trend",6083,2788,0,0.264107493281214
"2795","beta_trend",6083,2789,0,0.264009627417284
"2796","beta_trend",6083,2790,0,0.263905399767909
"2797","beta_trend",6083,2791,0,0.263794489080527
"2798","beta_trend",6083,2792,0,0.263676579786192
"2799","beta_trend",6083,2793,0,0.263551362221629
"2800","beta_trend",6083,2794,0,0.263418532845632
"2801","beta_trend",6083,2795,0,0.263277794449671
"2802","beta_trend",6083,2796,0,0.263128856362576
"2803","beta_trend",6083,2797,0,0.262971434649169
"2804","beta_trend",6083,2798,0,0.262805252302725
"2805","beta_trend",6083,2799,0,0.262630039431152
"2806","beta_trend",6083,2800,0,0.262445533436768
"2807","beta_trend",6083,2801,0,0.262251479189594
"2808","beta_trend",6083,2802,0,0.262047629194049
"2809","beta_trend",6083,2803,0,0.261833743748969
"2810","beta_trend",6083,2804,0,0.261609591100868
"2811","beta_trend",6083,2805,0,0.261374947590362
"2812","beta_trend",6083,2806,0,0.261129597791681
"2813","beta_trend",6083,2807,0,0.260873334645224
"2814","beta_trend",6083,2808,0,0.260605959583083
"2815","beta_trend",6083,2809,0,0.260327282647491
"2816","beta_trend",6083,2810,0,0.26003712260216
"2817","beta_trend",6083,2811,0,0.259735307036457
"2818","beta_trend",6083,2812,0,0.259421672462399
"2819","beta_trend",6083,2813,0,0.259096064404437
"2820","beta_trend",6083,2814,0,0.258758337482017
"2821","beta_trend",6083,2815,0,0.258408355484893
"2822","beta_trend",6083,2816,0,0.258045991441203
"2823","beta_trend",6083,2817,0,0.2576711276783
"2824","beta_trend",6083,2818,0,0.257283655876337
"2825","beta_trend",6083,2819,0,0.25688347711464
"2826","beta_trend",6083,2820,0,0.25647050191086
"2827","beta_trend",6083,2821,0,0.25606445377589
"2828","beta_trend",6083,2822,0,0.255624779523539
"2829","beta_trend",6083,2823,0,0.255172134009099
"2830","beta_trend",6083,2824,0,0.254706464306429
"2831","beta_trend",6083,2825,0,0.254227727069129
"2832","beta_trend",6083,2826,0,0.253735888525429
"2833","beta_trend",6083,2827,0,0.253230924466193
"2834","beta_trend",6083,2828,0,0.252712820226122
"2835","beta_trend",6083,2829,0,0.252181570658206
"2836","beta_trend",6083,2830,0,0.251637180101505
"2837","beta_trend",6083,2831,0,0.251079662342331
"2838","beta_trend",6083,2832,0,0.250509040568908
"2839","beta_trend",6083,2833,0,0.249925347319606
"2840","beta_trend",6083,2834,0,0.249328624424823
"2841","beta_trend",6083,2835,0,0.248718922942624
"2842","beta_trend",6083,2836,0,0.248096303088217
"2843","beta_trend",6083,2837,0,0.247460834157388
"2844","beta_trend",6083,2838,0,0.24681259444398
"2845","beta_trend",6083,2839,0,0.246151671151537
"2846","beta_trend",6083,2840,0,0.245478160299234
"2847","beta_trend",6083,2841,0,0.244792166622175
"2848","beta_trend",6083,2842,0,0.244093803466231
"2849","beta_trend",6083,2843,0,0.243383192677483
"2850","beta_trend",6083,2844,0,0.242660464486445
"2851","beta_trend",6083,2845,0,0.241925757387161
"2852","beta_trend",6083,2846,0,0.241179218011329
"2853","beta_trend",6083,2847,0,0.240421000997568
"2854","beta_trend",6083,2848,0,0.239651268855979
"2855","beta_trend",6083,2849,0,0.238870191828131
"2856","beta_trend",6083,2850,0,0.238077947742612
"2857","beta_trend",6083,2851,0,0.237274721866288
"2858","beta_trend",6083,2852,0,0.236460706751418
"2859","beta_trend",6083,2853,0,0.235636102078765
"2860","beta_trend",6083,2854,0,0.234801114496858
"2861","beta_trend",6083,2855,0,0.233955957457542
"2862","beta_trend",6083,2856,0,0.233100851047978
"2863","beta_trend",6083,2857,0,0.232236021819243
"2864","beta_trend",6083,2858,0,0.231361702611673
"2865","beta_trend",6083,2859,0,0.230478132377107
"2866","beta_trend",6083,2860,0,0.229585555998194
"2867","beta_trend",6083,2861,0,0.228684224104907
"2868","beta_trend",6083,2862,0,0.227774392888417
"2869","beta_trend",6083,2863,0,0.226856323912493
"2870","beta_trend",6083,2864,0,0.225930283922577
"2871","beta_trend",6083,2865,0,0.22499654465269
"2872","beta_trend",6083,2866,0,0.224055382630318
"2873","beta_trend",6083,2867,0,0.223107078979447
"2874","beta_trend",6083,2868,0,0.222151919221897
"2875","beta_trend",6083,2869,0,0.221190193077093
"2876","beta_trend",6083,2870,0,0.220222194260453
"2877","beta_trend",6083,2871,0,0.219248220280532
"2878","beta_trend",6083,2872,0,0.218268572235075
"2879","beta_trend",6083,2873,0,0.217283554606129
"2880","beta_trend",6083,2874,0,0.216242709522496
"2881","beta_trend",6083,2875,0,0.215245536658174
"2882","beta_trend",6083,2876,0,0.214243824007023
"2883","beta_trend",6083,2877,0,0.213237883390566
"2884","beta_trend",6083,2878,0,0.212228028827349
"2885","beta_trend",6083,2879,0,0.211214576320428
"2886","beta_trend",6083,2880,0,0.210197843644815
"2887","beta_trend",6083,2881,0,0.209178150134993
"2888","beta_trend",6083,2882,0,0.208155816472674
"2889","beta_trend",6083,2883,0,0.207131164474899
"2890","beta_trend",6083,2884,0,0.206104516882643
"2891","beta_trend",6083,2885,0,0.205076197150034
"2892","beta_trend",6083,2886,0,0.204046529234332
"2893","beta_trend",6083,2887,0,0.203015837386786
"2894","beta_trend",6083,2888,0,0.201984445944497
"2895","beta_trend",6083,2889,0,0.200952679123413
"2896","beta_trend",6083,2890,0,0.199920860812575
"2897","beta_trend",6083,2891,0,0.198889314369729
"2898","beta_trend",6083,2892,0,0.197858362418434
"2899","beta_trend",6083,2893,0,0.196828326646764
"2900","beta_trend",6083,2894,0,0.195799527607725
"2901","beta_trend",6083,2895,0,0.194772284521504
"2902","beta_trend",6083,2896,0,0.19374691507964
"2903","beta_trend",6083,2897,0,0.192723735251238
"2904","beta_trend",6083,2898,0,0.191703059091322
"2905","beta_trend",6083,2899,0,0.190685198551429
"2906","beta_trend",6083,2900,0,0.189670463292535
"2907","beta_trend",6083,2901,0,0.18865916050043
"2908","beta_trend",6083,2902,0,0.187651594703597
"2909","beta_trend",6083,2903,0,0.186648067593731
"2910","beta_trend",6083,2904,0,0.185648877848946
"2911","beta_trend",6083,2905,0,0.184654320959785
"2912","beta_trend",6083,2906,0,0.183664689058092
"2913","beta_trend",6083,2907,0,0.182680270748846
"2914","beta_trend",6083,2908,0,0.181701350945023
"2915","beta_trend",6083,2909,0,0.180728210705567
"2916","beta_trend",6083,2910,0,0.179761127076538
"2917","beta_trend",6083,2911,0,0.178800372935511
"2918","beta_trend",6083,2912,0,0.1778462168393
"2919","beta_trend",6083,2913,0,0.176898922875049
"2920","beta_trend",6083,2914,0,0.175958750514787
"2921","beta_trend",6083,2915,0,0.175025954473481
"2922","beta_trend",6083,2916,0,0.174100784570649
"2923","beta_trend",6083,2917,0,0.173183485595606
"2924","beta_trend",6083,2918,0,0.172337367679493
"2925","beta_trend",6083,2919,0,0.171433732280772
"2926","beta_trend",6083,2920,0,0.170538787910411
"2927","beta_trend",6083,2921,0,0.169652753342028
"2928","beta_trend",6083,2922,0,0.16877584187005
"2929","beta_trend",6083,2923,0,0.167908261192131
"2930","beta_trend",6083,2924,0,0.167050213295675
"2931","beta_trend",6083,2925,0,0.166201894348484
"2932","beta_trend",6083,2926,0,0.165363494593589
"2933","beta_trend",6083,2927,0,0.164535198248264
"2934","beta_trend",6083,2928,0,0.163717183407271
"2935","beta_trend",6083,2929,0,0.162909621950349
"2936","beta_trend",6083,2930,0,0.162112679453974
"2937","beta_trend",6083,2931,0,0.161326515107412
"2938","beta_trend",6083,2932,0,0.160551281633079
"2939","beta_trend",6083,2933,0,0.159787125211229
"2940","beta_trend",6083,2934,0,0.15903418540898
"2941","beta_trend",6083,2935,0,0.158292595113701
"2942","beta_trend",6083,2936,0,0.15756248047075
"2943","beta_trend",6083,2937,0,0.156843960825599
"2944","beta_trend",6083,2938,0,0.156137148670333
"2945","beta_trend",6083,2939,0,0.15544214959453
"2946","beta_trend",6083,2940,0,0.154759062240541
"2947","beta_trend",6083,2941,0,0.154087978263149
"2948","beta_trend",6083,2942,0,0.153428982293629
"2949","beta_trend",6083,2943,0,0.152782151908186
"2950","beta_trend",6083,2944,0,0.152147557600788
"2951","beta_trend",6083,2945,0,0.151525262760375
"2952","beta_trend",6083,2946,0,0.150915323652439
"2953","beta_trend",6083,2947,0,0.150317789404973
"2954","beta_trend",6083,2948,0,0.149732701998771
"2955","beta_trend",6083,2949,0,0.149160096262076
"2956","beta_trend",6083,2950,0,0.148599999869555
"2957","beta_trend",6083,2951,0,0.148052433345587
"2958","beta_trend",6083,2952,0,0.147517410071856
"2959","beta_trend",6083,2953,0,0.146994936299218
"2960","beta_trend",6083,2954,0,0.14648501116384
"2961","beta_trend",6083,2955,0,0.14598762670757
"2962","beta_trend",6083,2956,0,0.145502767902532
"2963","beta_trend",6083,2957,0,0.145030412679915
"2964","beta_trend",6083,2958,0,0.144570531962935
"2965","beta_trend",6083,2959,0,0.144123089703937
"2966","beta_trend",6083,2960,0,0.143688042925617
"2967","beta_trend",6083,2961,0,0.143265341766329
"2968","beta_trend",6083,2962,0,0.142854929529447
"2969","beta_trend",6083,2963,0,0.142456742736757
"2970","beta_trend",6083,2964,0,0.142070711185834
"2971","beta_trend",6083,2965,0,0.141696758011378
"2972","beta_trend",6083,2966,0,0.14133479975047
"2973","beta_trend",6083,2967,0,0.140984746411714
"2974","beta_trend",6083,2968,0,0.140646501548217
"2975","beta_trend",6083,2969,0,0.140319962334378
"2976","beta_trend",6083,2970,0,0.140005019646439
"2977","beta_trend",6083,2971,0,0.139641497355711
"2978","beta_trend",6083,2972,0,0.139346628042348
"2979","beta_trend",6083,2973,0,0.139062870707625
"2980","beta_trend",6083,2974,0,0.138790087041613
"2981","beta_trend",6083,2975,0,0.138528132712717
"2982","beta_trend",6083,2976,0,0.138276857463839
"2983","beta_trend",6083,2977,0,0.138036105211821
"2984","beta_trend",6083,2978,0,0.137805714150093
"2985","beta_trend",6083,2979,0,0.137585516854483
"2986","beta_trend",6083,2980,0,0.137375340392115
"2987","beta_trend",6083,2981,0,0.137175006433357
"2988","beta_trend",6083,2982,0,0.13698433136674
"2989","beta_trend",6083,2983,0,0.136803126416801
"2990","beta_trend",6083,2984,0,0.136631197764766
"2991","beta_trend",6083,2985,0,0.136468346672042
"2992","beta_trend",6083,2986,0,0.136314369606417
"2993","beta_trend",6083,2987,0,0.136169058370922
"2994","beta_trend",6083,2988,0,0.136032200235285
"2995","beta_trend",6083,2989,0,0.135903578069906
"2996","beta_trend",6083,2990,0,0.135782970482272
"2997","beta_trend",6083,2991,0,0.135670151955761
"2998","beta_trend",6083,2992,0,0.135564892990748
"2999","beta_trend",6083,2993,0,0.135466960247933
"3000","beta_trend",6083,2994,0,0.135376116693839
"3001","beta_trend",6083,2995,0,0.135292121748381
"3002","beta_trend",6083,2996,0,0.135214731434431
"3003","beta_trend",6083,2997,0,0.135143698529318
"3004","beta_trend",6083,2998,0,0.135078772718164
"3005","beta_trend",6083,2999,0,0.135019700748979
"3006","beta_trend",6083,3000,0,0.134966226589443
"3007","beta_trend",6083,3001,0,0.134918091585279
"3008","beta_trend",6083,3002,0,0.13487503462014
"3009","beta_trend",6083,3003,0,0.134836792276922
"3010","beta_trend",6083,3004,0,0.134803099000425
"3011","beta_trend",6083,3005,0,0.134773687261249
"3012","beta_trend",6083,3006,0,0.134748287720884
"3013","beta_trend",6083,3007,0,0.134726629397846
"3014","beta_trend",6083,3008,0,0.134708439834823
"3015","beta_trend",6083,3009,0,0.134693445266702
"3016","beta_trend",6083,3010,0,0.134681370789407
"3017","beta_trend",6083,3011,0,0.134671940529445
"3018","beta_trend",6083,3012,0,0.134664877814069
"3019","beta_trend",6083,3013,0,0.13465990534197
"3020","beta_trend",6083,3014,0,0.13465674535439
"3021","beta_trend",6083,3015,0,0.134674169784652
"3022","beta_trend",6083,3016,0,0.134672956292506
"3023","beta_trend",6083,3017,0,0.134672756466004
"3024","beta_trend",6083,3018,0,0.134673291031744
"3025","beta_trend",6083,3019,0,0.134674281168794
"3026","beta_trend",6083,3020,0,0.134675448678667
"3027","beta_trend",6083,3021,0,0.13467651615509
"3028","beta_trend",6083,3022,0,0.134677207153476
"3029","beta_trend",6083,3023,0,0.134677246359994
"3030","beta_trend",6083,3024,0,0.134676359760137
"3031","beta_trend",6083,3025,0,0.13467427480669
"3032","beta_trend",6083,3026,0,0.134670720586993
"3033","beta_trend",6083,3027,0,0.134665427989409
"3034","beta_trend",6083,3028,0,0.134658129868876
"3035","beta_trend",6083,3029,0,0.134648561211469
"3036","beta_trend",6083,3030,0,0.134636459297848
"3037","beta_trend",6083,3031,0,0.134621563865508
"3038","beta_trend",6083,3032,0,0.13460361726972
"3039","beta_trend",6083,3033,0,0.134582364643072
"3040","beta_trend",6083,3034,0,0.134557554053507
"3041","beta_trend",6083,3035,0,0.134528936660758
"3042","beta_trend",6083,3036,0,0.134496266871082
"3043","beta_trend",6083,3037,0,0.134459302490203
"3044","beta_trend",6083,3038,0,0.134417804874356
"3045","beta_trend",6083,3039,0,0.134371539079341
"3046","beta_trend",6083,3040,0,0.134320274007491
"3047","beta_trend",6083,3041,0,0.13426378255247
"3048","beta_trend",6083,3042,0,0.134201841741785
"3049","beta_trend",6083,3043,0,0.134134232876935
"3050","beta_trend",6083,3044,0,0.134060741671114
"3051","beta_trend",6083,3045,0,0.133981158384357
"3052","beta_trend",6083,3046,0,0.133895277956051
"3053","beta_trend",6083,3047,0,0.133802900134727
"3054","beta_trend",6083,3048,0,0.133703829605045
"3055","beta_trend",6083,3049,0,0.133597876111879
"3056","beta_trend",6083,3050,0,0.133484854581428
"3057","beta_trend",6083,3051,0,0.133364585239277
"3058","beta_trend",6083,3052,0,0.133236893725306
"3059","beta_trend",6083,3053,0,0.1331016112054
"3060","beta_trend",6083,3054,0,0.132958574479856
"3061","beta_trend",6083,3055,0,0.132807626088432
"3062","beta_trend",6083,3056,0,0.132648614411952
"3063","beta_trend",6083,3057,0,0.132481393770419
"3064","beta_trend",6083,3058,0,0.132305824517535
"3065","beta_trend",6083,3059,0,0.132121773131592
"3066","beta_trend",6083,3060,0,0.131929112302662
"3067","beta_trend",6083,3061,0,0.131727721016013
"3068","beta_trend",6083,3062,0,0.131517484631713
"3069","beta_trend",6083,3063,0,0.131298294960351
"3070","beta_trend",6083,3064,0,0.131070050334826
"3071","beta_trend",6083,3065,0,0.130832655678156
"3072","beta_trend",6083,3066,0,0.130586022567257
"3073","beta_trend",6083,3067,0,0.130264393677869
"3074","beta_trend",6083,3068,0,0.129996015050749
"3075","beta_trend",6083,3069,0,0.129718041343798
"3076","beta_trend",6083,3070,0,0.129430405953009
"3077","beta_trend",6083,3071,0,0.129133048985835
"3078","beta_trend",6083,3072,0,0.128825917293295
"3079","beta_trend",6083,3073,0,0.128508964497608
"3080","beta_trend",6083,3074,0,0.12818215101533
"3081","beta_trend",6083,3075,0,0.127845444075955
"3082","beta_trend",6083,3076,0,0.127498817735973
"3083","beta_trend",6083,3077,0,0.127142252888361
"3084","beta_trend",6083,3078,0,0.12677573726748
"3085","beta_trend",6083,3079,0,0.126399265449387
"3086","beta_trend",6083,3080,0,0.126012838847536
"3087","beta_trend",6083,3081,0,0.125616465703864
"3088","beta_trend",6083,3082,0,0.125210161075272
"3089","beta_trend",6083,3083,0,0.124793946815488
"3090","beta_trend",6083,3084,0,0.124367851552321
"3091","beta_trend",6083,3085,0,0.123931910660316
"3092","beta_trend",6083,3086,0,0.123486166228822
"3093","beta_trend",6083,3087,0,0.123030667025486
"3094","beta_trend",6083,3088,0,0.122565468455183
"3095","beta_trend",6083,3089,0,0.122090632514428
"3096","beta_trend",6083,3090,0,0.121606227741264
"3097","beta_trend",6083,3091,0,0.121112329160677
"3098","beta_trend",6083,3092,0,0.120609018225564
"3099","beta_trend",6083,3093,0,0.120096382753287
"3100","beta_trend",6083,3094,0,0.119574516857857
"3101","beta_trend",6083,3095,0,0.119043520877782
"3102","beta_trend",6083,3096,0,0.11850350129964
"3103","beta_trend",6083,3097,0,0.117954570677409
"3104","beta_trend",6083,3098,0,0.117396847547622
"3105","beta_trend",6083,3099,0,0.116830456340395
"3106","beta_trend",6083,3100,0,0.116255527286386
"3107","beta_trend",6083,3101,0,0.115672196319759
"3108","beta_trend",6083,3102,0,0.115080604977203
"3109","beta_trend",6083,3103,0,0.114480900293093
"3110","beta_trend",6083,3104,0,0.113873234690848
"3111","beta_trend",6083,3105,0,0.113257765870579
"3112","beta_trend",6083,3106,0,0.112634656693095
"3113","beta_trend",6083,3107,0,0.112004075060347
"3114","beta_trend",6083,3108,0,0.111366193792407
"3115","beta_trend",6083,3109,0,0.110721190501058
"3116","beta_trend",6083,3110,0,0.110069247460092
"3117","beta_trend",6083,3111,0,0.109475896179945
"3118","beta_trend",6083,3112,0,0.108807746226403
"3119","beta_trend",6083,3113,0,0.108133351375317
"3120","beta_trend",6083,3114,0,0.10745290640268
"3121","beta_trend",6083,3115,0,0.106766610226681
"3122","beta_trend",6083,3116,0,0.106074665754526
"3123","beta_trend",6083,3117,0,0.105377279726841
"3124","beta_trend",6083,3118,0,0.104674662559771
"3125","beta_trend",6083,3119,0,0.103967028184871
"3126","beta_trend",6083,3120,0,0.10325459388691
"3127","beta_trend",6083,3121,0,0.102537580139708
"3128","beta_trend",6083,3122,0,0.101816210440107
"3129","beta_trend",6083,3123,0,0.101090711140203
"3130","beta_trend",6083,3124,0,0.10036131127796
"3131","beta_trend",6083,3125,0,0.0996282424063217
"3132","beta_trend",6083,3126,0,0.0988917384209482
"3133","beta_trend",6083,3127,0,0.0981520353866987
"3134","beta_trend",6083,3128,0,0.0974093713629895
"3135","beta_trend",6083,3129,0,0.0966639862281511
"3136","beta_trend",6083,3130,0,0.0959161215029167
"3137","beta_trend",6083,3131,0,0.095166020173165
"3138","beta_trend",6083,3132,0,0.0944139265120538
"3139","beta_trend",6083,3133,0,0.0936600859016716
"3140","beta_trend",6083,3134,0,0.0929047446543427
"3141","beta_trend",6083,3135,0,0.0921481498337113
"3142","beta_trend",6083,3136,0,0.091390549075747
"3143","beta_trend",6083,3137,0,0.0906321904097951
"3144","beta_trend",6083,3138,0,0.0898733220798149
"3145","beta_trend",6083,3139,0,0.0891141923659298
"3146","beta_trend",6083,3140,0,0.0883550494064309
"3147","beta_trend",6083,3141,0,0.0875961410203654
"3148","beta_trend",6083,3142,0,0.0868377145308397
"3149","beta_trend",6083,3143,0,0.0860800165891751
"3150","beta_trend",6083,3144,0,0.085323293000046
"3151","beta_trend",6083,3145,0,0.0845677885477361
"3152","beta_trend",6083,3146,0,0.0838137468236362
"3153","beta_trend",6083,3147,0,0.083061410055125
"3154","beta_trend",6083,3148,0,0.0823110189359542
"3155","beta_trend",6083,3149,0,0.0815628124582712
"3156","beta_trend",6083,3150,0,0.0808170277464058
"3157","beta_trend",6083,3151,0,0.080073899892545
"3158","beta_trend",6083,3152,0,0.0793336617944262
"3159","beta_trend",6083,3153,0,0.0785965439951672
"3160","beta_trend",6083,3154,0,0.0778627745253591
"3161","beta_trend",6083,3155,0,0.0771325787475396
"3162","beta_trend",6083,3156,0,0.0764061792031654
"3163","beta_trend",6083,3157,0,0.0756837954622049
"3164","beta_trend",6083,3158,0,0.0749656439754582
"3165","beta_trend",6083,3159,0,0.0742519379297262
"3166","beta_trend",6083,3160,0,0.07354288710593
"3167","beta_trend",6083,3161,0,0.0728386977402977
"3168","beta_trend",6083,3162,0,0.0721395723887164
"3169","beta_trend",6083,3163,0,0.0714457097943604
"3170","beta_trend",6083,3164,0,0.0707074975394433
"3171","beta_trend",6083,3165,0,0.070022445457445
"3172","beta_trend",6083,3166,0,0.0693431284687582
"3173","beta_trend",6083,3167,0,0.0686697247683483
"3174","beta_trend",6083,3168,0,0.0680024079787933
"3175","beta_trend",6083,3169,0,0.0673413470345754
"3176","beta_trend",6083,3170,0,0.0666867060701541
"3177","beta_trend",6083,3171,0,0.0660386443118959
"3178","beta_trend",6083,3172,0,0.0653973159739363
"3179","beta_trend",6083,3173,0,0.0647628701580441
"3180","beta_trend",6083,3174,0,0.0641354507575629
"3181","beta_trend",6083,3175,0,0.0635151963654843
"3182","beta_trend",6083,3176,0,0.0629022401867232
"3183","beta_trend",6083,3177,0,0.0622967099546465
"3184","beta_trend",6083,3178,0,0.0616987278519163
"3185","beta_trend",6083,3179,0,0.0611084104356896
"3186","beta_trend",6083,3180,0,0.0605258685672343
"3187","beta_trend",6083,3181,0,0.0599512073459909
"3188","beta_trend",6083,3182,0,0.0593845260481323
"3189","beta_trend",6083,3183,0,0.0588259180696509
"3190","beta_trend",6083,3184,0,0.0582754708740079
"3191","beta_trend",6083,3185,0,0.0577332659443743
"3192","beta_trend",6083,3186,0,0.0571993787404903
"3193","beta_trend",6083,3187,0,0.0566738786601602
"3194","beta_trend",6083,3188,0,0.0561568290054022
"3195","beta_trend",6083,3189,0,0.0556482869532766
"3196","beta_trend",6083,3190,0,0.0551483035313842
"3197","beta_trend",6083,3191,0,0.054656923598057
"3198","beta_trend",6083,3192,0,0.054174185827242
"3199","beta_trend",6083,3193,0,0.0537001226980687
"3200","beta_trend",6083,3194,0,0.0532347604891048
"3201","beta_trend",6083,3195,0,0.0527781192772878
"3202","beta_trend",6083,3196,0,0.0523302129415206
"3203","beta_trend",6083,3197,0,0.0518910491709186
"3204","beta_trend",6083,3198,0,0.0514606294776834
"3205","beta_trend",6083,3199,0,0.0510389492145864
"3206","beta_trend",6083,3200,0,0.0506259975970316
"3207","beta_trend",6083,3201,0,0.0502217577296731
"3208","beta_trend",6083,3202,0,0.0498262066375421
"3209","beta_trend",6083,3203,0,0.0494393153016681
"3210","beta_trend",6083,3204,0,0.0490610486991256
"3211","beta_trend",6083,3205,0,0.0486913658474921
"3212","beta_trend",6083,3206,0,0.0483302198536475
"3213","beta_trend",6083,3207,0,0.0479775579668804
"3214","beta_trend",6083,3208,0,0.0476654246222277
"3215","beta_trend",6083,3209,0,0.0473281270334243
"3216","beta_trend",6083,3210,0,0.0469991805357695
"3217","beta_trend",6083,3211,0,0.046678507202804
"3218","beta_trend",6083,3212,0,0.0463660236648624
"3219","beta_trend",6083,3213,0,0.046061641183901
"3220","beta_trend",6083,3214,0,0.0457652657322767
"3221","beta_trend",6083,3215,0,0.0454767980753978
"3222","beta_trend",6083,3216,0,0.0451961338581715
"3223","beta_trend",6083,3217,0,0.0449231636951655
"3224","beta_trend",6083,3218,0,0.044657773264404
"3225","beta_trend",6083,3219,0,0.0443998434047115
"3226","beta_trend",6083,3220,0,0.0441492502165159
"3227","beta_trend",6083,3221,0,0.0439058651660238
"3228","beta_trend",6083,3222,0,0.0436695551926782
"3229","beta_trend",6083,3223,0,0.0434401828197979
"3230","beta_trend",6083,3224,0,0.0432176062683134
"3231","beta_trend",6083,3225,0,0.0430016795734949
"3232","beta_trend",6083,3226,0,0.0427922527045774
"3233","beta_trend",6083,3227,0,0.0425891716871796
"3234","beta_trend",6083,3228,0,0.0423922787284208
"3235","beta_trend",6083,3229,0,0.0422014123446244
"3236","beta_trend",6083,3230,0,0.0420164074915135
"3237","beta_trend",6083,3231,0,0.0418370956967813
"3238","beta_trend",6083,3232,0,0.0416633051949429
"3239","beta_trend",6083,3233,0,0.04149486106435
"3240","beta_trend",6083,3234,0,0.0413315853662664
"3241","beta_trend",6083,3235,0,0.0411732972858911
"3242","beta_trend",6083,3236,0,0.0410198132752246
"3243","beta_trend",6083,3237,0,0.04087094719766
"3244","beta_trend",6083,3238,0,0.0407265104741956
"3245","beta_trend",6083,3239,0,0.0405863122311541
"3246","beta_trend",6083,3240,0,0.0404501594492948
"3247","beta_trend",6083,3241,0,0.0403178571142118
"3248","beta_trend",6083,3242,0,0.0401892083679036
"3249","beta_trend",6083,3243,0,0.0400640146614002
"3250","beta_trend",6083,3244,0,0.0399420759083406
"3251","beta_trend",6083,3245,0,0.0398231906393856
"3252","beta_trend",6083,3246,0,0.0397071561573563
"3253","beta_trend",6083,3247,0,0.039593768692985
"3254","beta_trend",6083,3248,0,0.0394828235611719
"3255","beta_trend",6083,3249,0,0.0393741153176363
"3256","beta_trend",6083,3250,0,0.0392674379158491
"3257","beta_trend",6083,3251,0,0.0391625848641448
"3258","beta_trend",6083,3252,0,0.039059349382901
"3259","beta_trend",6083,3253,0,0.0389575245616798
"3260","beta_trend",6083,3254,0,0.0388569035162252
"3261","beta_trend",6083,3255,0,0.0387572795452127
"3262","beta_trend",6083,3256,0,0.0386584462866464
"3263","beta_trend",6083,3257,0,0.0385601978738022
"3264","beta_trend",6083,3258,0,0.038462329090615
"3265","beta_trend",6083,3259,0,0.0383646355264129
"3266","beta_trend",6083,3260,0,0.0382669137298961
"3267","beta_trend",6083,3261,0,0.0380903880292645
"3268","beta_trend",6083,3262,0,0.037988387340016
"3269","beta_trend",6083,3263,0,0.037885598393476
"3270","beta_trend",6083,3264,0,0.0377818167457817
"3271","beta_trend",6083,3265,0,0.0376768394319622
"3272","beta_trend",6083,3266,0,0.037570465105615
"3273","beta_trend",6083,3267,0,0.037462494176969
"3274","beta_trend",6083,3268,0,0.0373527289492459
"3275","beta_trend",6083,3269,0,0.0372409737532318
"3276","beta_trend",6083,3270,0,0.0371270350799717
"3277","beta_trend",6083,3271,0,0.0370107217115112
"3278","beta_trend",6083,3272,0,0.0368918448495923
"3279","beta_trend",6083,3273,0,0.0367702182422414
"3280","beta_trend",6083,3274,0,0.0366456583081542
"3281","beta_trend",6083,3275,0,0.0365179842588181
"3282","beta_trend",6083,3276,0,0.036387018218291
"3283","beta_trend",6083,3277,0,0.0362525853405702
"3284","beta_trend",6083,3278,0,0.0361145139244827
"3285","beta_trend",6083,3279,0,0.0359726355260337
"3286","beta_trend",6083,3280,0,0.0358267850681446
"3287","beta_trend",6083,3281,0,0.0356768009477266
"3288","beta_trend",6083,3282,0,0.0355225251400262
"3289","beta_trend",6083,3283,0,0.0353638033001906
"3290","beta_trend",6083,3284,0,0.0352004848619996
"3291","beta_trend",6083,3285,0,0.0350324231337034
"3292","beta_trend",6083,3286,0,0.0348594753909364
"3293","beta_trend",6083,3287,0,0.034681502966641
"3294","beta_trend",6083,3288,0,0.0344983713379696
"3295","beta_trend",6083,3289,0,0.0343099502101216
"3296","beta_trend",6083,3290,0,0.0341161135970713
"3297","beta_trend",6083,3291,0,0.0339167398991578
"3298","beta_trend",6083,3292,0,0.033711711977497
"3299","beta_trend",6083,3293,0,0.0335009172251874
"3300","beta_trend",6083,3294,0,0.0332842476352768
"3301","beta_trend",6083,3295,0,0.0330615998654693
"3302","beta_trend",6083,3296,0,0.032832875299545
"3303","beta_trend",6083,3297,0,0.0325979801054637
"3304","beta_trend",6083,3298,0,0.0323568252901489
"3305","beta_trend",6083,3299,0,0.032109326750918
"3306","beta_trend",6083,3300,0,0.0318554053235571
"3307","beta_trend",6083,3301,0,0.0315949868270167
"3308","beta_trend",6083,3302,0,0.0313280021047297
"3309","beta_trend",6083,3303,0,0.0310543870625333
"3310","beta_trend",6083,3304,0,0.0308276631566224
"3311","beta_trend",6083,3305,0,0.0305382443622435
"3312","beta_trend",6083,3306,0,0.0302421331906204
"3313","beta_trend",6083,3307,0,0.0299392821853897
"3314","beta_trend",6083,3308,0,0.0296296492344092
"3315","beta_trend",6083,3309,0,0.0293131975825587
"3316","beta_trend",6083,3310,0,0.0289898958412944
"3317","beta_trend",6083,3311,0,0.0286597179949557
"3318","beta_trend",6083,3312,0,0.0283226434038435
"3319","beta_trend",6083,3313,0,0.0279786568040674
"3320","beta_trend",6083,3314,0,0.0276277483041873
"3321","beta_trend",6083,3315,0,0.0272699133786523
"3322","beta_trend",6083,3316,0,0.0269051528580608
"3323","beta_trend",6083,3317,0,0.0265334729162585
"3324","beta_trend",6083,3318,0,0.0261548850542919
"3325","beta_trend",6083,3319,0,0.0257694060812412
"3326","beta_trend",6083,3320,0,0.0253770580919557
"3327","beta_trend",6083,3321,0,0.0249778684417161
"3328","beta_trend",6083,3322,0,0.0245718697178563
"3329","beta_trend",6083,3323,0,0.0241590997083596
"3330","beta_trend",6083,3324,0,0.0237396013674813
"3331","beta_trend",6083,3325,0,0.0233134227784071
"3332","beta_trend",6083,3326,0,0.0228806171129958
"3333","beta_trend",6083,3327,0,0.0224412425886367
"3334","beta_trend",6083,3328,0,0.0219953624222562
"3335","beta_trend",6083,3329,0,0.0215430447815126
"3336","beta_trend",6083,3330,0,0.0210843627332269
"3337","beta_trend",6083,3331,0,0.0206193941890684
"3338","beta_trend",6083,3332,0,0.0201482218485669
"3339","beta_trend",6083,3333,0,0.0196709331394649
"3340","beta_trend",6083,3334,0,0.0191876201554799
"3341","beta_trend",6083,3335,0,0.0186983795915041
"3342","beta_trend",6083,3336,0,0.018203312676297
"3343","beta_trend",6083,3337,0,0.0177025251027181
"3344","beta_trend",6083,3338,0,0.0171961269555476
"3345","beta_trend",6083,3339,0,0.0166842326369427
"3346","beta_trend",6083,3340,0,0.0161669607895896
"3347","beta_trend",6083,3341,0,0.0156444342175892
"3348","beta_trend",6083,3342,0,0.0151167798051437
"3349","beta_trend",6083,3343,0,0.014584128433091
"3350","beta_trend",6083,3344,0,0.0140466148933374
"3351","beta_trend",6083,3345,0,0.013504377801258
"3352","beta_trend",6083,3346,0,0.0129575595061071
"3353","beta_trend",6083,3347,0,0.0124063059995034
"3354","beta_trend",6083,3348,0,0.0118507668220471
"3355","beta_trend",6083,3349,0,0.011291094968128
"3356","beta_trend",6083,3350,0,0.0107274467889815
"3357","beta_trend",6083,3351,0,0.0101599818940565
"3358","beta_trend",6083,3352,0,0.00958886305075257
"3359","beta_trend",6083,3353,0,0.00901425608259365
"3360","beta_trend",6083,3354,0,0.00843632976588982
"3361","beta_trend",6083,3355,0,0.00785525572496182
"3362","beta_trend",6083,3356,0,0.00727120832598516
"3363","beta_trend",6083,3357,0,0.00663293942178012
"3364","beta_trend",6083,3358,0,0.00604110864977292
"3365","beta_trend",6083,3359,0,0.00544673997767986
"3366","beta_trend",6083,3360,0,0.00485001347662073
"3367","beta_trend",6083,3361,0,0.00425111125503741
"3368","beta_trend",6083,3362,0,0.00365021734045712
"3369","beta_trend",6083,3363,0,0.00304751756018451
"3370","beta_trend",6083,3364,0,0.0024431994209908
"3371","beta_trend",6083,3365,0,0.00183745198786189
"3372","beta_trend",6083,3366,0,0.00123046576186514
"3373","beta_trend",6083,3367,0,0.000622432557213504
"3374","beta_trend",6083,3368,0,1.35453775722549e-05
"3375","beta_trend",6083,3369,0,-0.000596001708308869
"3376","beta_trend",6083,3370,0,-0.00120601369158169
"3377","beta_trend",6083,3371,0,-0.00181629474883738
"3378","beta_trend",6083,3372,0,-0.00242664836812767
"3379","beta_trend",6083,3373,0,-0.00303687747540327
"3380","beta_trend",6083,3374,0,-0.0036467845613064
"3381","beta_trend",6083,3375,0,-0.00425617180824922
"3382","beta_trend",6083,3376,0,-0.00486484121770481
"3383","beta_trend",6083,3377,0,-0.0054725947376586
"3384","beta_trend",6083,3378,0,-0.00607923439013947
"3385","beta_trend",6083,3379,0,-0.00668456239876858
"3386","beta_trend",6083,3380,0,-0.00728838131625831
"3387","beta_trend",6083,3381,0,-0.00789049415179588
"3388","beta_trend",6083,3382,0,-0.00849070449824141
"3389","beta_trend",6083,3383,0,-0.00908881665907257
"3390","beta_trend",6083,3384,0,-0.00968463577501022
"3391","beta_trend",6083,3385,0,-0.0102779679502569
"3392","beta_trend",6083,3386,0,-0.0108686203782791
"3393","beta_trend",6083,3387,0,-0.0114564014670646
"3394","beta_trend",6083,3388,0,-0.0120411209637941
"3395","beta_trend",6083,3389,0,-0.0126225900788475
"3396","beta_trend",6083,3390,0,-0.0132006216090865
"3397","beta_trend",6083,3391,0,-0.0137750300603452
"3398","beta_trend",6083,3392,0,-0.0143456317690516
"3399","beta_trend",6083,3393,0,-0.0149122450229271
"3400","beta_trend",6083,3394,0,-0.015474690180681
"3401","beta_trend",6083,3395,0,-0.0160327897906465
"3402","beta_trend",6083,3396,0,-0.0165863687082766
"3403","beta_trend",6083,3397,0,-0.0171352542124485
"3404","beta_trend",6083,3398,0,-0.0176792761204927
"3405","beta_trend",6083,3399,0,-0.0182182669018927
"3406","beta_trend",6083,3400,0,-0.0187520617905819
"3407","beta_trend",6083,3401,0,-0.0192254279678155
"3408","beta_trend",6083,3402,0,-0.0197507883694834
"3409","beta_trend",6083,3403,0,-0.020270373730193
"3410","beta_trend",6083,3404,0,-0.0207840354820596
"3411","beta_trend",6083,3405,0,-0.0212916282117925
"3412","beta_trend",6083,3406,0,-0.0217930097680954
"3413","beta_trend",6083,3407,0,-0.0222880413670588
"3414","beta_trend",6083,3408,0,-0.02277658769549
"3415","beta_trend",6083,3409,0,-0.023258517012116
"3416","beta_trend",6083,3410,0,-0.023733701246599
"3417","beta_trend",6083,3411,0,-0.0242020160963075
"3418","beta_trend",6083,3412,0,-0.024663341120774
"3419","beta_trend",6083,3413,0,-0.0251175598337947
"3420","beta_trend",6083,3414,0,-0.0255645597930949
"3421","beta_trend",6083,3415,0,-0.0260042326875169
"3422","beta_trend",6083,3416,0,-0.0264364744216639
"3423","beta_trend",6083,3417,0,-0.0268611851979434
"3424","beta_trend",6083,3418,0,-0.0272782695959559
"3425","beta_trend",6083,3419,0,-0.0276876366491747
"3426","beta_trend",6083,3420,0,-0.0280891999188517
"3427","beta_trend",6083,3421,0,-0.0284828775651111
"3428","beta_trend",6083,3422,0,-0.028868592415159
"3429","beta_trend",6083,3423,0,-0.0292462720285716
"3430","beta_trend",6083,3424,0,-0.0296158487595988
"3431","beta_trend",6083,3425,0,-0.0299772598164396
"3432","beta_trend",6083,3426,0,-0.0303304473174311
"3433","beta_trend",6083,3427,0,-0.0306753583441166
"3434","beta_trend",6083,3428,0,-0.031011944991121
"3435","beta_trend",6083,3429,0,-0.031340164412812
"3436","beta_trend",6083,3430,0,-0.0316599788666838
"3437","beta_trend",6083,3431,0,-0.0319713557534238
"3438","beta_trend",6083,3432,0,-0.0322742676536207
"3439","beta_trend",6083,3433,0,-0.0325686923610693
"3440","beta_trend",6083,3434,0,-0.0328546129126281
"3441","beta_trend",6083,3435,0,-0.0331320176146004
"3442","beta_trend",6083,3436,0,-0.0334009000655855
"3443","beta_trend",6083,3437,0,-0.0336612591757777
"3444","beta_trend",6083,3438,0,-0.0339130991826675
"3445","beta_trend",6083,3439,0,-0.0341564296631145
"3446","beta_trend",6083,3440,0,-0.0343912655417633
"3447","beta_trend",6083,3441,0,-0.0346176270957679
"3448","beta_trend",6083,3442,0,-0.0348355399557936
"3449","beta_trend",6083,3443,0,-0.0350450351032756
"3450","beta_trend",6083,3444,0,-0.0352461488639042
"3451","beta_trend",6083,3445,0,-0.0354389228973166
"3452","beta_trend",6083,3446,0,-0.0356234041829673
"3453","beta_trend",6083,3447,0,-0.0357996450021654
"3454","beta_trend",6083,3448,0,-0.0359677029162564
"3455","beta_trend",6083,3449,0,-0.0361276407409337
"3456","beta_trend",6083,3450,0,-0.0362795265166658
"3457","beta_trend",6083,3451,0,-0.03642343347523
"3458","beta_trend",6083,3452,0,-0.0365594400023384
"3459","beta_trend",6083,3453,0,-0.036687629596353
"3460","beta_trend",6083,3454,0,-0.0368830626388903
"3461","beta_trend",6083,3455,0,-0.0369993403970501
"3462","beta_trend",6083,3456,0,-0.0371082317190894
"3463","beta_trend",6083,3457,0,-0.0372098461255579
"3464","beta_trend",6083,3458,0,-0.0373042982095564
"3465","beta_trend",6083,3459,0,-0.0373917075794152
"3466","beta_trend",6083,3460,0,-0.0374721987976969
"3467","beta_trend",6083,3461,0,-0.0375459013165174
"3468","beta_trend",6083,3462,0,-0.0376129494092219
"3469","beta_trend",6083,3463,0,-0.0376734820984252
"3470","beta_trend",6083,3464,0,-0.0377276430804487
"3471","beta_trend",6083,3465,0,-0.0377755806461737
"3472","beta_trend",6083,3466,0,-0.0378174475983457
"3473","beta_trend",6083,3467,0,-0.03785340116536
"3474","beta_trend",6083,3468,0,-0.037883602911561
"3475","beta_trend",6083,3469,0,-0.037908218644096
"3476","beta_trend",6083,3470,0,-0.0379274183163607
"3477","beta_trend",6083,3471,0,-0.0379413759280818
"3478","beta_trend",6083,3472,0,-0.0379502694220817
"3479","beta_trend",6083,3473,0,-0.0379542805777688
"3480","beta_trend",6083,3474,0,-0.0379535949014138
"3481","beta_trend",6083,3475,0,-0.0379484015132585
"3482","beta_trend",6083,3476,0,-0.0379388930315157
"3483","beta_trend",6083,3477,0,-0.0379252654533173
"3484","beta_trend",6083,3478,0,-0.0379077180326817
"3485","beta_trend",6083,3479,0,-0.0378864531555485
"3486","beta_trend",6083,3480,0,-0.0378616762119686
"3487","beta_trend",6083,3481,0,-0.0378335954655029
"3488","beta_trend",6083,3482,0,-0.0378024219199076
"3489","beta_trend",6083,3483,0,-0.0377683691831883
"3490","beta_trend",6083,3484,0,-0.0377316533290915
"3491","beta_trend",6083,3485,0,-0.0376924927561191
"3492","beta_trend",6083,3486,0,-0.0376511080441488
"3493","beta_trend",6083,3487,0,-0.0376077218087447
"3494","beta_trend",6083,3488,0,-0.0375625585532475
"3495","beta_trend",6083,3489,0,-0.037515844518738
"3496","beta_trend",6083,3490,0,-0.0374678075319588
"3497","beta_trend",6083,3491,0,-0.0374186768512983
"3498","beta_trend",6083,3492,0,-0.0373686830109303
"3499","beta_trend",6083,3493,0,-0.0373180576632128
"3500","beta_trend",6083,3494,0,-0.0372670334194407
"3501","beta_trend",6083,3495,0,-0.0372158436890677
"3502","beta_trend",6083,3496,0,-0.0371647225174956
"3503","beta_trend",6083,3497,0,-0.0370712779161595
"3504","beta_trend",6083,3498,0,-0.0370228839809381
"3505","beta_trend",6083,3499,0,-0.0369751837580343
"3506","beta_trend",6083,3500,0,-0.0369284153096152
"3507","beta_trend",6083,3501,0,-0.0368828163913033
"3508","beta_trend",6083,3502,0,-0.0368386242874954
"3509","beta_trend",6083,3503,0,-0.0367960756459349
"3510","beta_trend",6083,3504,0,-0.0367554063116735
"3511","beta_trend",6083,3505,0,-0.0367168511605345
"3512","beta_trend",6083,3506,0,-0.0366806439322158
"3513","beta_trend",6083,3507,0,-0.0366470170631485
"3514","beta_trend",6083,3508,0,-0.0366162015192451
"3515","beta_trend",6083,3509,0,-0.0365884266286631
"3516","beta_trend",6083,3510,0,-0.0365639199147196
"3517","beta_trend",6083,3511,0,-0.0365429069290764
"3518","beta_trend",6083,3512,0,-0.0365256110853398
"3519","beta_trend",6083,3513,0,-0.0365122534931972
"3520","beta_trend",6083,3514,0,-0.036503052793228
"3521","beta_trend",6083,3515,0,-0.0364982249925148
"3522","beta_trend",6083,3516,0,-0.0364979833012011
"3523","beta_trend",6083,3517,0,-0.0365025379701123
"3524","beta_trend",6083,3518,0,-0.0365120961295833
"3525","beta_trend",6083,3519,0,-0.0365268616296228
"3526","beta_trend",6083,3520,0,-0.0365470348815475
"3527","beta_trend",6083,3521,0,-0.0365728127012159
"3528","beta_trend",6083,3522,0,-0.0366043881539988
"3529","beta_trend",6083,3523,0,-0.0366419504016096
"3530","beta_trend",6083,3524,0,-0.036685684550934
"3531","beta_trend",6083,3525,0,-0.0367357715049825
"3532","beta_trend",6083,3526,0,-0.0367923878160987
"3533","beta_trend",6083,3527,0,-0.0368557055415442
"3534","beta_trend",6083,3528,0,-0.0369258921015958
"3535","beta_trend",6083,3529,0,-0.0370031101402728
"3536","beta_trend",6083,3530,0,-0.0370875173888217
"3537","beta_trend",6083,3531,0,-0.0371792665320789
"3538","beta_trend",6083,3532,0,-0.0372785050778326
"3539","beta_trend",6083,3533,0,-0.0373853752293021
"3540","beta_trend",6083,3534,0,-0.0375000137608508
"3541","beta_trend",6083,3535,0,-0.0376225518970474
"3542","beta_trend",6083,3536,0,-0.0377531151951898
"3543","beta_trend",6083,3537,0,-0.0378918234313963
"3544","beta_trend",6083,3538,0,-0.0380387904903801
"3545","beta_trend",6083,3539,0,-0.0381941242590014
"3546","beta_trend",6083,3540,0,-0.0383579265237139
"3547","beta_trend",6083,3541,0,-0.0385302928719855
"3548","beta_trend",6083,3542,0,-0.0387113125978131
"3549","beta_trend",6083,3543,0,-0.038901068611402
"3550","beta_trend",6083,3544,0,-0.0390996373531223
"3551","beta_trend",6083,3545,0,-0.0393070887118097
"3552","beta_trend",6083,3546,0,-0.0395234859475111
"3553","beta_trend",6083,3547,0,-0.0397488856187449
"3554","beta_trend",6083,3548,0,-0.0399833375143563
"3555","beta_trend",6083,3549,0,-0.0402268845900444
"3556","beta_trend",6083,3550,0,-0.0405375874198997
"3557","beta_trend",6083,3551,0,-0.0408021007702042
"3558","beta_trend",6083,3552,0,-0.0410759128650329
"3559","beta_trend",6083,3553,0,-0.0413590435017952
"3560","beta_trend",6083,3554,0,-0.041651505575047
"3561","beta_trend",6083,3555,0,-0.0419533050481835
"3562","beta_trend",6083,3556,0,-0.0422644409303647
"3563","beta_trend",6083,3557,0,-0.0425849052587239
"3564","beta_trend",6083,3558,0,-0.0429146830858973
"3565","beta_trend",6083,3559,0,-0.043253752472912
"3566","beta_trend",6083,3560,0,-0.0436020844874634
"3567","beta_trend",6083,3561,0,-0.0439596432076059
"3568","beta_trend",6083,3562,0,-0.0443263857308835
"3569","beta_trend",6083,3563,0,-0.0447022621889126
"3570","beta_trend",6083,3564,0,-0.0450872157674362
"3571","beta_trend",6083,3565,0,-0.0454811827318515
"3572","beta_trend",6083,3566,0,-0.0458840924582131
"3573","beta_trend",6083,3567,0,-0.0462958674697223
"3574","beta_trend",6083,3568,0,-0.0467164234786788
"3575","beta_trend",6083,3569,0,-0.047145669433893
"3576","beta_trend",6083,3570,0,-0.0475835075735465
"3577","beta_trend",6083,3571,0,-0.0480298334834675
"3578","beta_trend",6083,3572,0,-0.0484845361608086
"3579","beta_trend",6083,3573,0,-0.0489474980830835
"3580","beta_trend",6083,3574,0,-0.0494185952825352
"3581","beta_trend",6083,3575,0,-0.049897697425795
"3582","beta_trend",6083,3576,0,-0.0503846678987754
"3583","beta_trend",6083,3577,0,-0.0508793638967631
"3584","beta_trend",6083,3578,0,-0.0513816365196436
"3585","beta_trend",6083,3579,0,-0.0518913308721982
"3586","beta_trend",6083,3580,0,-0.0524082861694182
"3587","beta_trend",6083,3581,0,-0.0529323358467506
"3588","beta_trend",6083,3582,0,-0.0534633076752173
"3589","beta_trend",6083,3583,0,-0.0540010238813091
"3590","beta_trend",6083,3584,0,-0.0545453012715922
"3591","beta_trend",6083,3585,0,-0.0550959513619167
"3592","beta_trend",6083,3586,0,-0.0556527805111515
"3593","beta_trend",6083,3587,0,-0.0562155900593342
"3594","beta_trend",6083,3588,0,-0.0567841764701422
"3595","beta_trend",6083,3589,0,-0.0573583314775754
"3596","beta_trend",6083,3590,0,-0.057937842236736
"3597","beta_trend",6083,3591,0,-0.0585224914785984
"3598","beta_trend",6083,3592,0,-0.0591120576686417
"3599","beta_trend",6083,3593,0,-0.0597063151692252
"3600","beta_trend",6083,3594,0,-0.0602421876986914
"3601","beta_trend",6083,3595,0,-0.0608479195134659
"3602","beta_trend",6083,3596,0,-0.0614575257973309
"3603","beta_trend",6083,3597,0,-0.0620707708117485
"3604","beta_trend",6083,3598,0,-0.0626874154096895
"3605","beta_trend",6083,3599,0,-0.0633072172232456
"3606","beta_trend",6083,3600,0,-0.0639299308538603
"3607","beta_trend",6083,3601,0,-0.064555308065019
"3608","beta_trend",6083,3602,0,-0.0651830979772605
"3609","beta_trend",6083,3603,0,-0.0658130472653429
"3610","beta_trend",6083,3604,0,-0.0664449003574192
"3611","beta_trend",6083,3605,0,-0.0670783996360511
"3612","beta_trend",6083,3606,0,-0.0677132856409093
"3613","beta_trend",6083,3607,0,-0.0683492972729909
"3614","beta_trend",6083,3608,0,-0.0689861720001834
"3615","beta_trend",6083,3609,0,-0.0696236460640178
"3616","beta_trend",6083,3610,0,-0.0702614546874274
"3617","beta_trend",6083,3611,0,-0.0708993322833511
"3618","beta_trend",6083,3612,0,-0.071537012663994
"3619","beta_trend",6083,3613,0,-0.0721742292505905
"3620","beta_trend",6083,3614,0,-0.0728107152834665
"3621","beta_trend",6083,3615,0,-0.0734462040322459
"3622","beta_trend",6083,3616,0,-0.0740804290060133
"3623","beta_trend",6083,3617,0,-0.074713124163249
"3624","beta_trend",6083,3618,0,-0.0753440241213632
"3625","beta_trend",6083,3619,0,-0.0759728643656501
"3626","beta_trend",6083,3620,0,-0.0765993814574701
"3627","beta_trend",6083,3621,0,-0.0772233132414941
"3628","beta_trend",6083,3622,0,-0.0778443990518147
"3629","beta_trend",6083,3623,0,-0.0784623799167556
"3630","beta_trend",6083,3624,0,-0.0790769987621913
"3631","beta_trend",6083,3625,0,-0.0796880006131995
"3632","beta_trend",6083,3626,0,-0.080295132793869
"3633","beta_trend",6083,3627,0,-0.0808981451250845
"3634","beta_trend",6083,3628,0,-0.0814967901201107
"3635","beta_trend",6083,3629,0,-0.0820908231777986
"3636","beta_trend",6083,3630,0,-0.0826800027732475
"3637","beta_trend",6083,3631,0,-0.0832640906457387
"3638","beta_trend",6083,3632,0,-0.0838428519837819
"3639","beta_trend",6083,3633,0,-0.084416055607099
"3640","beta_trend",6083,3634,0,-0.084983474145377
"3641","beta_trend",6083,3635,0,-0.085544884213637
"3642","beta_trend",6083,3636,0,-0.0861000665840437
"3643","beta_trend",6083,3637,0,-0.0866488063540054
"3644","beta_trend",6083,3638,0,-0.0871908931104068
"3645","beta_trend",6083,3639,0,-0.0877261210898199
"3646","beta_trend",6083,3640,0,-0.0882542893345415
"3647","beta_trend",6083,3641,0,-0.0887752018443175
"3648","beta_trend",6083,3642,0,-0.0892886677236016
"3649","beta_trend",6083,3643,0,-0.089794501324215
"3650","beta_trend",6083,3644,0,-0.0902925223832676
"3651","beta_trend",6083,3645,0,-0.090782556156209
"3652","beta_trend",6083,3646,0,-0.0912644335448864
"3653","beta_trend",6083,3647,0,-0.0918132312710163
"3654","beta_trend",6083,3648,0,-0.0922817758694006
"3655","beta_trend",6083,3649,0,-0.0927418422420727
"3656","beta_trend",6083,3650,0,-0.0931932911397433
"3657","beta_trend",6083,3651,0,-0.0936359897466525
"3658","beta_trend",6083,3652,0,-0.0940698117836782
"3659","beta_trend",6083,3653,0,-0.0944946376058817
"3660","beta_trend",6083,3654,0,-0.0949103542943968
"3661","beta_trend",6083,3655,0,-0.0953168557425934
"3662","beta_trend",6083,3656,0,-0.0957140427364238
"3663","beta_trend",6083,3657,0,-0.0961018230288901
"3664","beta_trend",6083,3658,0,-0.0964801114085612
"3665","beta_trend",6083,3659,0,-0.0968488297620766
"3666","beta_trend",6083,3660,0,-0.0972079071305858
"3667","beta_trend",6083,3661,0,-0.097557279760065
"3668","beta_trend",6083,3662,0,-0.0978968911454789
"3669","beta_trend",6083,3663,0,-0.0982266920687307
"3670","beta_trend",6083,3664,0,-0.0985466406303825
"3671","beta_trend",6083,3665,0,-0.098856702275111
"3672","beta_trend",6083,3666,0,-0.0991568498108741
"3673","beta_trend",6083,3667,0,-0.0994470634217774
"3674","beta_trend",6083,3668,0,-0.0997273306746274
"3675","beta_trend",6083,3669,0,-0.0999976465191645
"3676","beta_trend",6083,3670,0,-0.100258013281979
"3677","beta_trend",6083,3671,0,-0.100508440654122
"3678","beta_trend",6083,3672,0,-0.100748945672407
"3679","beta_trend",6083,3673,0,-0.100979552694444
"3680","beta_trend",6083,3674,0,-0.101200293367416
"3681","beta_trend",6083,3675,0,-0.101411206590621
"3682","beta_trend",6083,3676,0,-0.101612338471834
"3683","beta_trend",6083,3677,0,-0.101803742277525
"3684","beta_trend",6083,3678,0,-0.101985478376964
"3685","beta_trend",6083,3679,0,-0.102157614180286
"3686","beta_trend",6083,3680,0,-0.102320224070568
"3687","beta_trend",6083,3681,0,-0.102473389329977
"3688","beta_trend",6083,3682,0,-0.102617198060066
"3689","beta_trend",6083,3683,0,-0.102751745096288
"3690","beta_trend",6083,3684,0,-0.102877131916808
"3691","beta_trend",6083,3685,0,-0.102993466545704
"3692","beta_trend",6083,3686,0,-0.103100863450643
"3693","beta_trend",6083,3687,0,-0.103199443435126
"3694","beta_trend",6083,3688,0,-0.103289333525411
"3695","beta_trend",6083,3689,0,-0.103370666852211
"3696","beta_trend",6083,3690,0,-0.103393683228999
"3697","beta_trend",6083,3691,0,-0.103460534049866
"3698","beta_trend",6083,3692,0,-0.103519170226834
"3699","beta_trend",6083,3693,0,-0.103569751675709
"3700","beta_trend",6083,3694,0,-0.103612443617764
"3701","beta_trend",6083,3695,0,-0.103647416436988
"3702","beta_trend",6083,3696,0,-0.103674845532869
"3703","beta_trend",6083,3697,0,-0.10369491116883
"3704","beta_trend",6083,3698,0,-0.103707798316491
"3705","beta_trend",6083,3699,0,-0.103713696495882
"3706","beta_trend",6083,3700,0,-0.103712799611782
"3707","beta_trend",6083,3701,0,-0.103705305786339
"3708","beta_trend",6083,3702,0,-0.103691417188118
"3709","beta_trend",6083,3703,0,-0.103671339857756
"3710","beta_trend",6083,3704,0,-0.10364528353039
"3711","beta_trend",6083,3705,0,-0.103613461455015
"3712","beta_trend",6083,3706,0,-0.103576090210962
"3713","beta_trend",6083,3707,0,-0.103533389521656
"3714","beta_trend",6083,3708,0,-0.103485582065834
"3715","beta_trend",6083,3709,0,-0.103432893286413
"3716","beta_trend",6083,3710,0,-0.103375551197167
"3717","beta_trend",6083,3711,0,-0.103313786187418
"3718","beta_trend",6083,3712,0,-0.103247830824906
"3719","beta_trend",6083,3713,0,-0.103177919657036
"3720","beta_trend",6083,3714,0,-0.103104289010679
"3721","beta_trend",6083,3715,0,-0.103027176790717
"3722","beta_trend",6083,3716,0,-0.102946822277522
"3723","beta_trend",6083,3717,0,-0.102863465923554
"3724","beta_trend",6083,3718,0,-0.102777349149264
"3725","beta_trend",6083,3719,0,-0.102688714138495
"3726","beta_trend",6083,3720,0,-0.102597803633573
"3727","beta_trend",6083,3721,0,-0.102504860730259
"3728","beta_trend",6083,3722,0,-0.102410128672773
"3729","beta_trend",6083,3723,0,-0.10231385064906
"3730","beta_trend",6083,3724,0,-0.102216269586493
"3731","beta_trend",6083,3725,0,-0.10211762794819
"3732","beta_trend",6083,3726,0,-0.102018167530143
"3733","beta_trend",6083,3727,0,-0.101918129259327
"3734","beta_trend",6083,3728,0,-0.101817752992978
"3735","beta_trend",6083,3729,0,-0.101717277319222
"3736","beta_trend",6083,3730,0,-0.101616939359227
"3737","beta_trend",6083,3731,0,-0.101516974571053
"3738","beta_trend",6083,3732,0,-0.101417616555385
"3739","beta_trend",6083,3733,0,-0.101319096863298
"3740","beta_trend",6083,3734,0,-0.101221644806254
"3741","beta_trend",6083,3735,0,-0.101125487268461
"3742","beta_trend",6083,3736,0,-0.101030848521786
"3743","beta_trend",6083,3737,0,-0.100937950043368
"3744","beta_trend",6083,3738,0,-0.100847010336087
"3745","beta_trend",6083,3739,0,-0.100758244752052
"3746","beta_trend",6083,3740,0,-0.10067186531924
"3747","beta_trend",6083,3741,0,-0.100588080571455
"3748","beta_trend",6083,3742,0,-0.100507095381734
"3749","beta_trend",6083,3743,0,-0.100491045593801
"3750","beta_trend",6083,3744,0,-0.100419113941886
"3751","beta_trend",6083,3745,0,-0.100350697016881
"3752","beta_trend",6083,3746,0,-0.100285988489536
"3753","beta_trend",6083,3747,0,-0.100225177780568
"3754","beta_trend",6083,3748,0,-0.100168449923749
"3755","beta_trend",6083,3749,0,-0.1001159854335
"3756","beta_trend",6083,3750,0,-0.100067960177098
"3757","beta_trend",6083,3751,0,-0.100024545251609
"3758","beta_trend",6083,3752,0,-0.0999859068656344
"3759","beta_trend",6083,3753,0,-0.0999522062259885
"3760","beta_trend",6083,3754,0,-0.0999235994293755
"3761","beta_trend",6083,3755,0,-0.0999002373591666
"3762","beta_trend",6083,3756,0,-0.0998822655873537
"3763","beta_trend",6083,3757,0,-0.09986982428175
"3764","beta_trend",6083,3758,0,-0.0998630481185192
"3765","beta_trend",6083,3759,0,-0.0998620662000822
"3766","beta_trend",6083,3760,0,-0.0998670019784729
"3767","beta_trend",6083,3761,0,-0.0998779731841917
"3768","beta_trend",6083,3762,0,-0.0998950917605987
"3769","beta_trend",6083,3763,0,-0.0999184638039026
"3770","beta_trend",6083,3764,0,-0.0999481895087639
"3771","beta_trend",6083,3765,0,-0.0999843631195589
"3772","beta_trend",6083,3766,0,-0.10002707288732
"3773","beta_trend",6083,3767,0,-0.100076401032371
"3774","beta_trend",6083,3768,0,-0.100132423712683
"3775","beta_trend",6083,3769,0,-0.100195210997935
"3776","beta_trend",6083,3770,0,-0.100264826849312
"3777","beta_trend",6083,3771,0,-0.100341329105005
"3778","beta_trend",6083,3772,0,-0.100424769471432
"3779","beta_trend",6083,3773,0,-0.100515193520141
"3780","beta_trend",6083,3774,0,-0.100612640690394
"3781","beta_trend",6083,3775,0,-0.100717144297387
"3782","beta_trend",6083,3776,0,-0.100828731546092
"3783","beta_trend",6083,3777,0,-0.100947423550669
"3784","beta_trend",6083,3778,0,-0.101073235359414
"3785","beta_trend",6083,3779,0,-0.101206175985192
"3786","beta_trend",6083,3780,0,-0.101346248441295
"3787","beta_trend",6083,3781,0,-0.10149344978268
"3788","beta_trend",6083,3782,0,-0.101647771152507
"3789","beta_trend",6083,3783,0,-0.101809197833917
"3790","beta_trend",6083,3784,0,-0.101977709306975
"3791","beta_trend",6083,3785,0,-0.102153279310693
"3792","beta_trend",6083,3786,0,-0.102335875910059
"3793","beta_trend",6083,3787,0,-0.102468911870003
"3794","beta_trend",6083,3788,0,-0.102667948458993
"3795","beta_trend",6083,3789,0,-0.102873777297719
"3796","beta_trend",6083,3790,0,-0.10308634867532
"3797","beta_trend",6083,3791,0,-0.103305607461929
"3798","beta_trend",6083,3792,0,-0.103531493208686
"3799","beta_trend",6083,3793,0,-0.103763940251882
"3800","beta_trend",6083,3794,0,-0.104002877821128
"3801","beta_trend",6083,3795,0,-0.104248230151414
"3802","beta_trend",6083,3796,0,-0.104499916598957
"3803","beta_trend",6083,3797,0,-0.104757851760678
"3804","beta_trend",6083,3798,0,-0.10502194559722
"3805","beta_trend",6083,3799,0,-0.105292103559323
"3806","beta_trend",6083,3800,0,-0.105568226717466
"3807","beta_trend",6083,3801,0,-0.105850211894596
"3808","beta_trend",6083,3802,0,-0.106137951801827
"3809","beta_trend",6083,3803,0,-0.106431335176953
"3810","beta_trend",6083,3804,0,-0.106730246925621
"3811","beta_trend",6083,3805,0,-0.107034568265026
"3812","beta_trend",6083,3806,0,-0.10734417686996
"3813","beta_trend",6083,3807,0,-0.10765894702107
"3814","beta_trend",6083,3808,0,-0.107978749755163
"3815","beta_trend",6083,3809,0,-0.108303453017397
"3816","beta_trend",6083,3810,0,-0.108632921815208
"3817","beta_trend",6083,3811,0,-0.108967018373787
"3818","beta_trend",6083,3812,0,-0.109305602292976
"3819","beta_trend",6083,3813,0,-0.10964853070539
"3820","beta_trend",6083,3814,0,-0.109995658435616
"3821","beta_trend",6083,3815,0,-0.110346838160311
"3822","beta_trend",6083,3816,0,-0.110701920569046
"3823","beta_trend",6083,3817,0,-0.111060754525723
"3824","beta_trend",6083,3818,0,-0.111423187230381
"3825","beta_trend",6083,3819,0,-0.111789064381259
"3826","beta_trend",6083,3820,0,-0.112158230336913
"3827","beta_trend",6083,3821,0,-0.112530528278243
"3828","beta_trend",6083,3822,0,-0.112905800370249
"3829","beta_trend",6083,3823,0,-0.113283887923364
"3830","beta_trend",6083,3824,0,-0.113664631554188
"3831","beta_trend",6083,3825,0,-0.114047871345458
"3832","beta_trend",6083,3826,0,-0.114433447005105
"3833","beta_trend",6083,3827,0,-0.114821198024212
"3834","beta_trend",6083,3828,0,-0.115210963833743
"3835","beta_trend",6083,3829,0,-0.115602583959857
"3836","beta_trend",6083,3830,0,-0.115995898177663
"3837","beta_trend",6083,3831,0,-0.116390746663265
"3838","beta_trend",6083,3832,0,-0.116786970143928
"3839","beta_trend",6083,3833,0,-0.117184410046239
"3840","beta_trend",6083,3834,0,-0.117582908642082
"3841","beta_trend",6083,3835,0,-0.117982309192318
"3842","beta_trend",6083,3836,0,-0.118382456087991
"3843","beta_trend",6083,3837,0,-0.118783194988952
"3844","beta_trend",6083,3838,0,-0.119184372959735
"3845","beta_trend",6083,3839,0,-0.119585838602572
"3846","beta_trend",6083,3840,0,-0.120054233165931
"3847","beta_trend",6083,3841,0,-0.120458902205218
"3848","beta_trend",6083,3842,0,-0.120863548753311
"3849","beta_trend",6083,3843,0,-0.121268034237063
"3850","beta_trend",6083,3844,0,-0.121672222439332
"3851","beta_trend",6083,3845,0,-0.122075979618803
"3852","beta_trend",6083,3846,0,-0.122479174626273
"3853","beta_trend",6083,3847,0,-0.122881679017317
"3854","beta_trend",6083,3848,0,-0.123283367161217
"3855","beta_trend",6083,3849,0,-0.123684116346078
"3856","beta_trend",6083,3850,0,-0.124083806880028
"3857","beta_trend",6083,3851,0,-0.124482322188425
"3858","beta_trend",6083,3852,0,-0.124879548906989
"3859","beta_trend",6083,3853,0,-0.125275376970781
"3860","beta_trend",6083,3854,0,-0.125669699698955
"3861","beta_trend",6083,3855,0,-0.126062413875224
"3862","beta_trend",6083,3856,0,-0.12645341982397
"3863","beta_trend",6083,3857,0,-0.12684262148194
"3864","beta_trend",6083,3858,0,-0.127229926465487
"3865","beta_trend",6083,3859,0,-0.127615246133281
"3866","beta_trend",6083,3860,0,-0.127998495644488
"3867","beta_trend",6083,3861,0,-0.128379594012331
"3868","beta_trend",6083,3862,0,-0.128758464153035
"3869","beta_trend",6083,3863,0,-0.129135032930118
"3870","beta_trend",6083,3864,0,-0.129509231193982
"3871","beta_trend",6083,3865,0,-0.129880993816831
"3872","beta_trend",6083,3866,0,-0.130250259722844
"3873","beta_trend",6083,3867,0,-0.130616971913648
"3874","beta_trend",6083,3868,0,-0.130981077489049
"3875","beta_trend",6083,3869,0,-0.131342527663036
"3876","beta_trend",6083,3870,0,-0.131701277775063
"3877","beta_trend",6083,3871,0,-0.132057287296618
"3878","beta_trend",6083,3872,0,-0.132410519833092
"3879","beta_trend",6083,3873,0,-0.132760943120966
"3880","beta_trend",6083,3874,0,-0.133108529020346
"3881","beta_trend",6083,3875,0,-0.133453253502874
"3882","beta_trend",6083,3876,0,-0.133795096635036
"3883","beta_trend",6083,3877,0,-0.134134042556925
"3884","beta_trend",6083,3878,0,-0.134470079456488
"3885","beta_trend",6083,3879,0,-0.134803199539306
"3886","beta_trend",6083,3880,0,-0.135133398993962
"3887","beta_trend",6083,3881,0,-0.135460677953046
"3888","beta_trend",6083,3882,0,-0.135785040449868
"3889","beta_trend",6083,3883,0,-0.136041661049677
"3890","beta_trend",6083,3884,0,-0.136363086356791
"3891","beta_trend",6083,3885,0,-0.136681509872828
"3892","beta_trend",6083,3886,0,-0.136996955458914
"3893","beta_trend",6083,3887,0,-0.137309450425362
"3894","beta_trend",6083,3888,0,-0.137619025469782
"3895","beta_trend",6083,3889,0,-0.13792571461126
"3896","beta_trend",6083,3890,0,-0.138229555120695
"3897","beta_trend",6083,3891,0,-0.138530587447399
"3898","beta_trend",6083,3892,0,-0.138828855142053
"3899","beta_trend",6083,3893,0,-0.13912440477613
"3900","beta_trend",6083,3894,0,-0.139417285857885
"3901","beta_trend",6083,3895,0,-0.139707550745029
"3902","beta_trend",6083,3896,0,-0.139995254554186
"3903","beta_trend",6083,3897,0,-0.140280455067272
"3904","beta_trend",6083,3898,0,-0.140563212634877
"3905","beta_trend",6083,3899,0,-0.140843590076814
"3906","beta_trend",6083,3900,0,-0.141121652579915
"3907","beta_trend",6083,3901,0,-0.141397467593227
"3908","beta_trend",6083,3902,0,-0.141671104720716
"3909","beta_trend",6083,3903,0,-0.141942635611626
"3910","beta_trend",6083,3904,0,-0.142212133848593
"3911","beta_trend",6083,3905,0,-0.14247967483368
"3912","beta_trend",6083,3906,0,-0.142745335672433
"3913","beta_trend",6083,3907,0,-0.143009195056114
"3914","beta_trend",6083,3908,0,-0.143271333142236
"3915","beta_trend",6083,3909,0,-0.143531831433532
"3916","beta_trend",6083,3910,0,-0.143790772655504
"3917","beta_trend",6083,3911,0,-0.144048240632682
"3918","beta_trend",6083,3912,0,-0.14430432016373
"3919","beta_trend",6083,3913,0,-0.14455909689554
"3920","beta_trend",6083,3914,0,-0.144812657196455
"3921","beta_trend",6083,3915,0,-0.14506508802874
"3922","beta_trend",6083,3916,0,-0.145316476820476
"3923","beta_trend",6083,3917,0,-0.14556691133697
"3924","beta_trend",6083,3918,0,-0.14581647955185
"3925","beta_trend",6083,3919,0,-0.146065269517979
"3926","beta_trend",6083,3920,0,-0.146313369238304
"3927","beta_trend",6083,3921,0,-0.146560866536794
"3928","beta_trend",6083,3922,0,-0.1468078489296
"3929","beta_trend",6083,3923,0,-0.147054403496561
"3930","beta_trend",6083,3924,0,-0.147300616753198
"3931","beta_trend",6083,3925,0,-0.147546574523314
"3932","beta_trend",6083,3926,0,-0.147792361812353
"3933","beta_trend",6083,3927,0,-0.148038062681612
"3934","beta_trend",6083,3928,0,-0.148283760123466
"3935","beta_trend",6083,3929,0,-0.148529535937707
"3936","beta_trend",6083,3930,0,-0.148775470609129
"3937","beta_trend",6083,3931,0,-0.149021643186477
"3938","beta_trend",6083,3932,0,-0.149268131162882
"3939","beta_trend",6083,3933,0,-0.149515010357883
"3940","beta_trend",6083,3934,0,-0.149762354801177
"3941","beta_trend",6083,3935,0,-0.150010236618175
"3942","beta_trend",6083,3936,0,-0.150330671623559
"3943","beta_trend",6083,3937,0,-0.150583153553591
"3944","beta_trend",6083,3938,0,-0.150836520918482
"3945","beta_trend",6083,3939,0,-0.151090842971182
"3946","beta_trend",6083,3940,0,-0.151346186736845
"3947","beta_trend",6083,3941,0,-0.151602616918734
"3948","beta_trend",6083,3942,0,-0.151860195806838
"3949","beta_trend",6083,3943,0,-0.152118983189314
"3950","beta_trend",6083,3944,0,-0.152379036266818
"3951","beta_trend",6083,3945,0,-0.152640409569831
"3952","beta_trend",6083,3946,0,-0.152903154879045
"3953","beta_trend",6083,3947,0,-0.153167321148894
"3954","beta_trend",6083,3948,0,-0.153432954434305
"3955","beta_trend",6083,3949,0,-0.153700097820734
"3956","beta_trend",6083,3950,0,-0.153968791357556
"3957","beta_trend",6083,3951,0,-0.154239071994875
"3958","beta_trend",6083,3952,0,-0.154510973523805
"3959","beta_trend",6083,3953,0,-0.154784526520289
"3960","beta_trend",6083,3954,0,-0.15505975829249
"3961","beta_trend",6083,3955,0,-0.155336692831816
"3962","beta_trend",6083,3956,0,-0.155615350767621
"3963","beta_trend",6083,3957,0,-0.155895749325611
"3964","beta_trend",6083,3958,0,-0.156177902289996
"3965","beta_trend",6083,3959,0,-0.156461819969428
"3966","beta_trend",6083,3960,0,-0.156747509166729
"3967","beta_trend",6083,3961,0,-0.157034973152463
"3968","beta_trend",6083,3962,0,-0.15732421164234
"3969","beta_trend",6083,3963,0,-0.157615220778492
"3970","beta_trend",6083,3964,0,-0.15790799311461
"3971","beta_trend",6083,3965,0,-0.158202517604972
"3972","beta_trend",6083,3966,0,-0.158498779597338
"3973","beta_trend",6083,3967,0,-0.158796760829741
"3974","beta_trend",6083,3968,0,-0.159096439431134
"3975","beta_trend",6083,3969,0,-0.159397789925916
"3976","beta_trend",6083,3970,0,-0.159700783242307
"3977","beta_trend",6083,3971,0,-0.160005386724542
"3978","beta_trend",6083,3972,0,-0.160311564148905
"3979","beta_trend",6083,3973,0,-0.160619275743523
"3980","beta_trend",6083,3974,0,-0.160928478211931
"3981","beta_trend",6083,3975,0,-0.161239124760369
"3982","beta_trend",6083,3976,0,-0.16155116512875
"3983","beta_trend",6083,3977,0,-0.161864545625293
"3984","beta_trend",6083,3978,0,-0.162179209164754
"3985","beta_trend",6083,3979,0,-0.16249509531021
"3986","beta_trend",6083,3980,0,-0.162765042568051
"3987","beta_trend",6083,3981,0,-0.163085265450544
"3988","beta_trend",6083,3982,0,-0.163406422359667
"3989","beta_trend",6083,3983,0,-0.163728443396705
"3990","beta_trend",6083,3984,0,-0.16405125544531
"3991","beta_trend",6083,3985,0,-0.164374782237622
"3992","beta_trend",6083,3986,0,-0.164698944423412
"3993","beta_trend",6083,3987,0,-0.165023659642151
"3994","beta_trend",6083,3988,0,-0.165348842597954
"3995","beta_trend",6083,3989,0,-0.16567440513731
"3996","beta_trend",6083,3990,0,-0.166000256329528
"3997","beta_trend",6083,3991,0,-0.166326302549799
"3998","beta_trend",6083,3992,0,-0.166652447564817
"3999","beta_trend",6083,3993,0,-0.166978592620844
"4000","beta_trend",6083,3994,0,-0.167304636534153
"4001","beta_trend",6083,3995,0,-0.167630475783736
"4002","beta_trend",6083,3996,0,-0.167956004606201
"4003","beta_trend",6083,3997,0,-0.168281115092757
"4004","beta_trend",6083,3998,0,-0.168605697288178
"4005","beta_trend",6083,3999,0,-0.168929639291665
"4006","beta_trend",6083,4000,0,-0.16925282735949
"4007","beta_trend",6083,4001,0,-0.169575146009327
"4008","beta_trend",6083,4002,0,-0.169896478126156
"4009","beta_trend",6083,4003,0,-0.17021670506965
"4010","beta_trend",6083,4004,0,-0.170535706782924
"4011","beta_trend",6083,4005,0,-0.170853361902537
"4012","beta_trend",6083,4006,0,-0.171169547869649
"4013","beta_trend",6083,4007,0,-0.171484141042212
"4014","beta_trend",6083,4008,0,-0.17179701680809
"4015","beta_trend",6083,4009,0,-0.172108049698992
"4016","beta_trend",6083,4010,0,-0.172417113505103
"4017","beta_trend",6083,4011,0,-0.172724081390311
"4018","beta_trend",6083,4012,0,-0.1730288260079
"4019","beta_trend",6083,4013,0,-0.173331219616613
"4020","beta_trend",6083,4014,0,-0.173631134196957
"4021","beta_trend",6083,4015,0,-0.173928441567635
"4022","beta_trend",6083,4016,0,-0.174223013502013
"4023","beta_trend",6083,4017,0,-0.174514721844477
"4024","beta_trend",6083,4018,0,-0.174803438626587
"4025","beta_trend",6083,4019,0,-0.175089036182912
"4026","beta_trend",6083,4020,0,-0.175371387266427
"4027","beta_trend",6083,4021,0,-0.175650365163365
"4028","beta_trend",6083,4022,0,-0.175925843807414
"4029","beta_trend",6083,4023,0,-0.176197697893144
"4030","beta_trend",6083,4024,0,-0.176465802988553
"4031","beta_trend",6083,4025,0,-0.176730035646637
"4032","beta_trend",6083,4026,0,-0.176990273515855
"4033","beta_trend",6083,4027,0,-0.177246395449404
"4034","beta_trend",6083,4028,0,-0.177498281613185
"4035","beta_trend",6083,4029,0,-0.177745813592359
"4036","beta_trend",6083,4030,0,-0.177988874496403
"4037","beta_trend",6083,4031,0,-0.178227349062544
"4038","beta_trend",6083,4032,0,-0.178461123757494
"4039","beta_trend",6083,4033,0,-0.178760000074978
"4040","beta_trend",6083,4034,0,-0.178987261442144
"4041","beta_trend",6083,4035,0,-0.179209633501282
"4042","beta_trend",6083,4036,0,-0.179427016277436
"4043","beta_trend",6083,4037,0,-0.179639312215113
"4044","beta_trend",6083,4038,0,-0.179846426274765
"4045","beta_trend",6083,4039,0,-0.180048266027136
"4046","beta_trend",6083,4040,0,-0.180244741745371
"4047","beta_trend",6083,4041,0,-0.180435766494826
"4048","beta_trend",6083,4042,0,-0.180621256220504
"4049","beta_trend",6083,4043,0,-0.180801129832043
"4050","beta_trend",6083,4044,0,-0.180975309286186
"4051","beta_trend",6083,4045,0,-0.181143719666671
"4052","beta_trend",6083,4046,0,-0.181306289261483
"4053","beta_trend",6083,4047,0,-0.181462949637391
"4054","beta_trend",6083,4048,0,-0.181613635711733
"4055","beta_trend",6083,4049,0,-0.181758285821378
"4056","beta_trend",6083,4050,0,-0.181896841788822
"4057","beta_trend",6083,4051,0,-0.182029248985365
"4058","beta_trend",6083,4052,0,-0.182155456391326
"4059","beta_trend",6083,4053,0,-0.182275416653243
"4060","beta_trend",6083,4054,0,-0.182389086138039
"4061","beta_trend",6083,4055,0,-0.182496424984085
"4062","beta_trend",6083,4056,0,-0.182597397149159
"4063","beta_trend",6083,4057,0,-0.18269197045524
"4064","beta_trend",6083,4058,0,-0.182780116630128
"4065","beta_trend",6083,4059,0,-0.182861811345858
"4066","beta_trend",6083,4060,0,-0.182937034253884
"4067","beta_trend",6083,4061,0,-0.18300576901701
"4068","beta_trend",6083,4062,0,-0.183068003338065
"4069","beta_trend",6083,4063,0,-0.183123728985287
"4070","beta_trend",6083,4064,0,-0.183172941814425
"4071","beta_trend",6083,4065,0,-0.183215641787543
"4072","beta_trend",6083,4066,0,-0.183251832988516
"4073","beta_trend",6083,4067,0,-0.183281523635221
"4074","beta_trend",6083,4068,0,-0.183304726088432
"4075","beta_trend",6083,4069,0,-0.1833214568574
"4076","beta_trend",6083,4070,0,-0.183331736602158
"4077","beta_trend",6083,4071,0,-0.183335590132518
"4078","beta_trend",6083,4072,0,-0.183333046403816
"4079","beta_trend",6083,4073,0,-0.183324138509387
"4080","beta_trend",6083,4074,0,-0.183308903669805
"4081","beta_trend",6083,4075,0,-0.183287383218896
"4082","beta_trend",6083,4076,0,-0.183185158651855
"4083","beta_trend",6083,4077,0,-0.183154501307681
"4084","beta_trend",6083,4078,0,-0.183117568666432
"4085","beta_trend",6083,4079,0,-0.183074423755298
"4086","beta_trend",6083,4080,0,-0.183025133398833
"4087","beta_trend",6083,4081,0,-0.18296976819277
"4088","beta_trend",6083,4082,0,-0.182908402474644
"4089","beta_trend",6083,4083,0,-0.182841114291254
"4090","beta_trend",6083,4084,0,-0.182767985363029
"4091","beta_trend",6083,4085,0,-0.182689101045326
"4092","beta_trend",6083,4086,0,-0.182604550286726
"4093","beta_trend",6083,4087,0,-0.18251442558437
"4094","beta_trend",6083,4088,0,-0.182418822936399
"4095","beta_trend",6083,4089,0,-0.182317841791536
"4096","beta_trend",6083,4090,0,-0.182211584995891
"4097","beta_trend",6083,4091,0,-0.182100158737031
"4098","beta_trend",6083,4092,0,-0.181983672485379
"4099","beta_trend",6083,4093,0,-0.181862238933014
"4100","beta_trend",6083,4094,0,-0.181735973929916
"4101","beta_trend",6083,4095,0,-0.181604996417747
"4102","beta_trend",6083,4096,0,-0.181469428361211
"4103","beta_trend",6083,4097,0,-0.181329394677074
"4104","beta_trend",6083,4098,0,-0.181185023160911
"4105","beta_trend",6083,4099,0,-0.181036444411647
"4106","beta_trend",6083,4100,0,-0.180883791753962
"4107","beta_trend",6083,4101,0,-0.180727201158638
"4108","beta_trend",6083,4102,0,-0.180566811160916
"4109","beta_trend",6083,4103,0,-0.180402762776937
"4110","beta_trend",6083,4104,0,-0.180235199418339
"4111","beta_trend",6083,4105,0,-0.180064266805096
"4112","beta_trend",6083,4106,0,-0.179890112876656
"4113","beta_trend",6083,4107,0,-0.179712887701467
"4114","beta_trend",6083,4108,0,-0.179532743384971
"4115","beta_trend",6083,4109,0,-0.179349833976126
"4116","beta_trend",6083,4110,0,-0.179164315372545
"4117","beta_trend",6083,4111,0,-0.178976345224334
"4118","beta_trend",6083,4112,0,-0.178786082836687
"4119","beta_trend",6083,4113,0,-0.178593689071336
"4120","beta_trend",6083,4114,0,-0.178399326246915
"4121","beta_trend",6083,4115,0,-0.178203158038337
"4122","beta_trend",6083,4116,0,-0.178005349375234
"4123","beta_trend",6083,4117,0,-0.177806066339556
"4124","beta_trend",6083,4118,0,-0.177605476062399
"4125","beta_trend",6083,4119,0,-0.177403746620141
"4126","beta_trend",6083,4120,0,-0.177201046929951
"4127","beta_trend",6083,4121,0,-0.176997546644761
"4128","beta_trend",6083,4122,0,-0.176793416047764
"4129","beta_trend",6083,4123,0,-0.176588825946513
"4130","beta_trend",6083,4124,0,-0.176383947566701
"4131","beta_trend",6083,4125,0,-0.176178952445688
"4132","beta_trend",6083,4126,0,-0.175974012325843
"4133","beta_trend",6083,4127,0,-0.175769299047784
"4134","beta_trend",6083,4128,0,-0.175564984443572
"4135","beta_trend",6083,4129,0,-0.175425082827525
"4136","beta_trend",6083,4130,0,-0.175225024412122
"4137","beta_trend",6083,4131,0,-0.175026007062163
"4138","beta_trend",6083,4132,0,-0.17482820670125
"4139","beta_trend",6083,4133,0,-0.17463179890543
"4140","beta_trend",6083,4134,0,-0.174436958803975
"4141","beta_trend",6083,4135,0,-0.174243860980768
"4142","beta_trend",6083,4136,0,-0.174052679376347
"4143","beta_trend",6083,4137,0,-0.173863587190676
"4144","beta_trend",6083,4138,0,-0.173676756786707
"4145","beta_trend",6083,4139,0,-0.173492359594781
"4146","beta_trend",6083,4140,0,-0.173310566017945
"4147","beta_trend",6083,4141,0,-0.17313154533823
"4148","beta_trend",6083,4142,0,-0.172955465623942
"4149","beta_trend",6083,4143,0,-0.172782493638042
"4150","beta_trend",6083,4144,0,-0.172612794747643
"4151","beta_trend",6083,4145,0,-0.172446532834687
"4152","beta_trend",6083,4146,0,-0.172283870207856
"4153","beta_trend",6083,4147,0,-0.172124967515761
"4154","beta_trend",6083,4148,0,-0.171969983661448
"4155","beta_trend",6083,4149,0,-0.171819075718281
"4156","beta_trend",6083,4150,0,-0.171672398847236
"4157","beta_trend",6083,4151,0,-0.17153010621565
"4158","beta_trend",6083,4152,0,-0.171392348917466
"4159","beta_trend",6083,4153,0,-0.171259275895009
"4160","beta_trend",6083,4154,0,-0.171131033862338
"4161","beta_trend",6083,4155,0,-0.171007767230201
"4162","beta_trend",6083,4156,0,-0.170889618032627
"4163","beta_trend",6083,4157,0,-0.170776725855199
"4164","beta_trend",6083,4158,0,-0.170669227765018
"4165","beta_trend",6083,4159,0,-0.170567258242402
"4166","beta_trend",6083,4160,0,-0.170470949114347
"4167","beta_trend",6083,4161,0,-0.17038042948976
"4168","beta_trend",6083,4162,0,-0.170295825696507
"4169","beta_trend",6083,4163,0,-0.170217261220287
"4170","beta_trend",6083,4164,0,-0.170144856645348
"4171","beta_trend",6083,4165,0,-0.170078729597076
"4172","beta_trend",6083,4166,0,-0.17001899468647
"4173","beta_trend",6083,4167,0,-0.169965763456501
"4174","beta_trend",6083,4168,0,-0.169919144330406
"4175","beta_trend",6083,4169,0,-0.169879242561882
"4176","beta_trend",6083,4170,0,-0.169846160187234
"4177","beta_trend",6083,4171,0,-0.16981999597946
"4178","beta_trend",6083,4172,0,-0.169800845404285
"4179","beta_trend",6083,4173,0,-0.169739963233706
"4180","beta_trend",6083,4174,0,-0.169737275698807
"4181","beta_trend",6083,4175,0,-0.169741777096306
"4182","beta_trend",6083,4176,0,-0.16975355284647
"4183","beta_trend",6083,4177,0,-0.169772684740948
"4184","beta_trend",6083,4178,0,-0.169799250914919
"4185","beta_trend",6083,4179,0,-0.169833325821077
"4186","beta_trend",6083,4180,0,-0.169874980205458
"4187","beta_trend",6083,4181,0,-0.169924281085089
"4188","beta_trend",6083,4182,0,-0.169981291727479
"4189","beta_trend",6083,4183,0,-0.170046071631925
"4190","beta_trend",6083,4184,0,-0.170118676512642
"4191","beta_trend",6083,4185,0,-0.170199158283698
"4192","beta_trend",6083,4186,0,-0.170287565045752
"4193","beta_trend",6083,4187,0,-0.170383941074584
"4194","beta_trend",6083,4188,0,-0.170488326811398
"4195","beta_trend",6083,4189,0,-0.170600758854901
"4196","beta_trend",6083,4190,0,-0.170721269955124
"4197","beta_trend",6083,4191,0,-0.170849889008992
"4198","beta_trend",6083,4192,0,-0.170986641057603
"4199","beta_trend",6083,4193,0,-0.171131547285226
"4200","beta_trend",6083,4194,0,-0.171284625019981
"4201","beta_trend",6083,4195,0,-0.171445887736179
"4202","beta_trend",6083,4196,0,-0.171615345058329
"4203","beta_trend",6083,4197,0,-0.171793002766758
"4204","beta_trend",6083,4198,0,-0.171978862804844
"4205","beta_trend",6083,4199,0,-0.172172923287838
"4206","beta_trend",6083,4200,0,-0.172375178513237
"4207","beta_trend",6083,4201,0,-0.17258561897271
"4208","beta_trend",6083,4202,0,-0.172804231365521
"4209","beta_trend",6083,4203,0,-0.173030998613455
"4210","beta_trend",6083,4204,0,-0.173265899877195
"4211","beta_trend",6083,4205,0,-0.173508910574146
"4212","beta_trend",6083,4206,0,-0.173760002397653
"4213","beta_trend",6083,4207,0,-0.174019143337617
"4214","beta_trend",6083,4208,0,-0.174286297702449
"4215","beta_trend",6083,4209,0,-0.17456142614236
"4216","beta_trend",6083,4210,0,-0.174844485673935
"4217","beta_trend",6083,4211,0,-0.175135429705978
"4218","beta_trend",6083,4212,0,-0.175434208066593
"4219","beta_trend",6083,4213,0,-0.175740767031465
"4220","beta_trend",6083,4214,0,-0.176055049353317
"4221","beta_trend",6083,4215,0,-0.176376994292504
"4222","beta_trend",6083,4216,0,-0.17670653764873
"4223","beta_trend",6083,4217,0,-0.177043611793825
"4224","beta_trend",6083,4218,0,-0.177388145705585
"4225","beta_trend",6083,4219,0,-0.177740065002615
"4226","beta_trend",6083,4220,0,-0.178099291980157
"4227","beta_trend",6083,4221,0,-0.178465745646867
"4228","beta_trend",6083,4222,0,-0.178839341762506
"4229","beta_trend",6083,4223,0,-0.179219992876512
"4230","beta_trend",6083,4224,0,-0.179607608367421
"4231","beta_trend",6083,4225,0,-0.180002094483106
"4232","beta_trend",6083,4226,0,-0.180473592765525
"4233","beta_trend",6083,4227,0,-0.180884761519038
"4234","beta_trend",6083,4228,0,-0.18130264175313
"4235","beta_trend",6083,4229,0,-0.181727133299757
"4236","beta_trend",6083,4230,0,-0.182158133283811
"4237","beta_trend",6083,4231,0,-0.182595536174567
"4238","beta_trend",6083,4232,0,-0.183039233837882
"4239","beta_trend",6083,4233,0,-0.183489115589159
"4240","beta_trend",6083,4234,0,-0.183945068247022
"4241","beta_trend",6083,4235,0,-0.18440697618768
"4242","beta_trend",6083,4236,0,-0.184874721399947
"4243","beta_trend",6083,4237,0,-0.185348183540901
"4244","beta_trend",6083,4238,0,-0.185827239992129
"4245","beta_trend",6083,4239,0,-0.186311765916566
"4246","beta_trend",6083,4240,0,-0.18680163431585
"4247","beta_trend",6083,4241,0,-0.187296716088218
"4248","beta_trend",6083,4242,0,-0.187796880086867
"4249","beta_trend",6083,4243,0,-0.188301993178795
"4250","beta_trend",6083,4244,0,-0.188811920304045
"4251","beta_trend",6083,4245,0,-0.189326524535378
"4252","beta_trend",6083,4246,0,-0.189845667138307
"4253","beta_trend",6083,4247,0,-0.190369207631473
"4254","beta_trend",6083,4248,0,-0.190897003847359
"4255","beta_trend",6083,4249,0,-0.191428911993278
"4256","beta_trend",6083,4250,0,-0.19196478671264
"4257","beta_trend",6083,4251,0,-0.192504481146451
"4258","beta_trend",6083,4252,0,-0.193047846995033
"4259","beta_trend",6083,4253,0,-0.193594734579919
"4260","beta_trend",6083,4254,0,-0.194144992905925
"4261","beta_trend",6083,4255,0,-0.194698469723345
"4262","beta_trend",6083,4256,0,-0.19525501159026
"4263","beta_trend",6083,4257,0,-0.195814463934934
"4264","beta_trend",6083,4258,0,-0.196376671118267
"4265","beta_trend",6083,4259,0,-0.196941476496288
"4266","beta_trend",6083,4260,0,-0.197508722482647
"4267","beta_trend",6083,4261,0,-0.198078250611115
"4268","beta_trend",6083,4262,0,-0.198649901598021
"4269","beta_trend",6083,4263,0,-0.199223515404647
"4270","beta_trend",6083,4264,0,-0.19979893129953
"4271","beta_trend",6083,4265,0,-0.200375987920657
"4272","beta_trend",6083,4266,0,-0.200954523337527
"4273","beta_trend",6083,4267,0,-0.201534375113066
"4274","beta_trend",6083,4268,0,-0.202115380365356
"4275","beta_trend",6083,4269,0,-0.202626019061347
"4276","beta_trend",6083,4270,0,-0.203211997306128
"4277","beta_trend",6083,4271,0,-0.203798505945655
"4278","beta_trend",6083,4272,0,-0.20438538614623
"4279","beta_trend",6083,4273,0,-0.204972478744386
"4280","beta_trend",6083,4274,0,-0.205559624313378
"4281","beta_trend",6083,4275,0,-0.206146663229165
"4282","beta_trend",6083,4276,0,-0.206733435735864
"4283","beta_trend",6083,4277,0,-0.207319782010661
"4284","beta_trend",6083,4278,0,-0.207905542228171
"4285","beta_trend",6083,4279,0,-0.208490556624224
"4286","beta_trend",6083,4280,0,-0.209074665559046
"4287","beta_trend",6083,4281,0,-0.209657709579857
"4288","beta_trend",6083,4282,0,-0.210239529482827
"4289","beta_trend",6083,4283,0,-0.210819966374411
"4290","beta_trend",6083,4284,0,-0.211398861732015
"4291","beta_trend",6083,4285,0,-0.211976057464011
"4292","beta_trend",6083,4286,0,-0.212551395969053
"4293","beta_trend",6083,4287,0,-0.213124720194708
"4294","beta_trend",6083,4288,0,-0.213695873695364
"4295","beta_trend",6083,4289,0,-0.214264700689415
"4296","beta_trend",6083,4290,0,-0.214831046115707
"4297","beta_trend",6083,4291,0,-0.215394755689218
"4298","beta_trend",6083,4292,0,-0.215955675955977
"4299","beta_trend",6083,4293,0,-0.21651365434719
"4300","beta_trend",6083,4294,0,-0.217068539232573
"4301","beta_trend",6083,4295,0,-0.217620179972868
"4302","beta_trend",6083,4296,0,-0.218168426971537
"4303","beta_trend",6083,4297,0,-0.218713131725609
"4304","beta_trend",6083,4298,0,-0.219254146875678
"4305","beta_trend",6083,4299,0,-0.21979132625504
"4306","beta_trend",6083,4300,0,-0.220324524937936
"4307","beta_trend",6083,4301,0,-0.220853599286912
"4308","beta_trend",6083,4302,0,-0.221378406999279
"4309","beta_trend",6083,4303,0,-0.221898807152635
"4310","beta_trend",6083,4304,0,-0.222414660249481
"4311","beta_trend",6083,4305,0,-0.222925828260873
"4312","beta_trend",6083,4306,0,-0.223432174669134
"4313","beta_trend",6083,4307,0,-0.223933564509586
"4314","beta_trend",6083,4308,0,-0.224429864411315
"4315","beta_trend",6083,4309,0,-0.224920942636937
"4316","beta_trend",6083,4310,0,-0.225406669121363
"4317","beta_trend",6083,4311,0,-0.225886915509554
"4318","beta_trend",6083,4312,0,-0.22636155519325
"4319","beta_trend",6083,4313,0,-0.226830463346659
"4320","beta_trend",6083,4314,0,-0.227293516961104
"4321","beta_trend",6083,4315,0,-0.227750594878611
"4322","beta_trend",6083,4316,0,-0.228201577824434
"4323","beta_trend",6083,4317,0,-0.228646348438493
"4324","beta_trend",6083,4318,0,-0.229084791305731
"4325","beta_trend",6083,4319,0,-0.229516792985375
"4326","beta_trend",6083,4320,0,-0.229942242039082
"4327","beta_trend",6083,4321,0,-0.230361029057977
"4328","beta_trend",6083,4322,0,-0.230850086494944
"4329","beta_trend",6083,4323,0,-0.231258782352082
"4330","beta_trend",6083,4324,0,-0.231660654893416
"4331","beta_trend",6083,4325,0,-0.232055609343718
"4332","beta_trend",6083,4326,0,-0.232443553308673
"4333","beta_trend",6083,4327,0,-0.2328243968028
"4334","beta_trend",6083,4328,0,-0.233198052276396
"4335","beta_trend",6083,4329,0,-0.233564434641533
"4336","beta_trend",6083,4330,0,-0.233923461297087
"4337","beta_trend",6083,4331,0,-0.234275052152806
"4338","beta_trend",6083,4332,0,-0.2346191296524
"4339","beta_trend",6083,4333,0,-0.234955618795677
"4340","beta_trend",6083,4334,0,-0.235284447159695
"4341","beta_trend",6083,4335,0,-0.23560554491895
"4342","beta_trend",6083,4336,0,-0.235918844864585
"4343","beta_trend",6083,4337,0,-0.23622428242263
"4344","beta_trend",6083,4338,0,-0.236521795671265
"4345","beta_trend",6083,4339,0,-0.236811325357109
"4346","beta_trend",6083,4340,0,-0.237092814910531
"4347","beta_trend",6083,4341,0,-0.237366210459998
"4348","beta_trend",6083,4342,0,-0.237631460845436
"4349","beta_trend",6083,4343,0,-0.237888517630628
"4350","beta_trend",6083,4344,0,-0.238137335114635
"4351","beta_trend",6083,4345,0,-0.238377870342254
"4352","beta_trend",6083,4346,0,-0.238610083113505
"4353","beta_trend",6083,4347,0,-0.238833935992145
"4354","beta_trend",6083,4348,0,-0.239049394313235
"4355","beta_trend",6083,4349,0,-0.239256426189729
"4356","beta_trend",6083,4350,0,-0.23945500251812
"4357","beta_trend",6083,4351,0,-0.23964509698312
"4358","beta_trend",6083,4352,0,-0.239826686061393
"4359","beta_trend",6083,4353,0,-0.239999749024344
"4360","beta_trend",6083,4354,0,-0.240164267939958
"4361","beta_trend",6083,4355,0,-0.240320227673701
"4362","beta_trend",6083,4356,0,-0.240467615888492
"4363","beta_trend",6083,4357,0,-0.240606423043733
"4364","beta_trend",6083,4358,0,-0.240736642393426
"4365","beta_trend",6083,4359,0,-0.240858269983358
"4366","beta_trend",6083,4360,0,-0.240971304647377
"4367","beta_trend",6083,4361,0,-0.241075748002758
"4368","beta_trend",6083,4362,0,-0.241171604444663
"4369","beta_trend",6083,4363,0,-0.2412588811397
"4370","beta_trend",6083,4364,0,-0.241337588018601
"4371","beta_trend",6083,4365,0,-0.241407737767996
"4372","beta_trend",6083,4366,0,-0.241414003598039
"4373","beta_trend",6083,4367,0,-0.241469538737412
"4374","beta_trend",6083,4368,0,-0.241516468328682
"4375","beta_trend",6083,4369,0,-0.241554820042328
"4376","beta_trend",6083,4370,0,-0.241584624102289
"4377","beta_trend",6083,4371,0,-0.241605913277476
"4378","beta_trend",6083,4372,0,-0.241618722872309
"4379","beta_trend",6083,4373,0,-0.241623090716293
"4380","beta_trend",6083,4374,0,-0.241619057152627
"4381","beta_trend",6083,4375,0,-0.241606665025876
"4382","beta_trend",6083,4376,0,-0.241585959668705
"4383","beta_trend",6083,4377,0,-0.241556988887687
"4384","beta_trend",6083,4378,0,-0.241519802948206
"4385","beta_trend",6083,4379,0,-0.24147445455845
"4386","beta_trend",6083,4380,0,-0.241420998852516
"4387","beta_trend",6083,4381,0,-0.241359493372644
"4388","beta_trend",6083,4382,0,-0.241289998050571
"4389","beta_trend",6083,4383,0,-0.241212575188033
"4390","beta_trend",6083,4384,0,-0.241127289436428
"4391","beta_trend",6083,4385,0,-0.24103420777563
"4392","beta_trend",6083,4386,0,-0.240933399491998
"4393","beta_trend",6083,4387,0,-0.240824936155556
"4394","beta_trend",6083,4388,0,-0.24070889159638
"4395","beta_trend",6083,4389,0,-0.2405853418802
"4396","beta_trend",6083,4390,0,-0.240454365283206
"4397","beta_trend",6083,4391,0,-0.240316042266108
"4398","beta_trend",6083,4392,0,-0.240170455447422
"4399","beta_trend",6083,4393,0,-0.240017689576016
"4400","beta_trend",6083,4394,0,-0.239857831502914
"4401","beta_trend",6083,4395,0,-0.239690970152393
"4402","beta_trend",6083,4396,0,-0.239517196492339
"4403","beta_trend",6083,4397,0,-0.239336603503921
"4404","beta_trend",6083,4398,0,-0.239149286150556
"4405","beta_trend",6083,4399,0,-0.238955341346205
"4406","beta_trend",6083,4400,0,-0.238754867922979
"4407","beta_trend",6083,4401,0,-0.238547966598096
"4408","beta_trend",6083,4402,0,-0.238334739940175
"4409","beta_trend",6083,4403,0,-0.238115292334892
"4410","beta_trend",6083,4404,0,-0.237889729949998
"4411","beta_trend",6083,4405,0,-0.23765816069971
"4412","beta_trend",6083,4406,0,-0.2374206942085
"4413","beta_trend",6083,4407,0,-0.237177441774253
"4414","beta_trend",6083,4408,0,-0.236928516330858
"4415","beta_trend",6083,4409,0,-0.236674032410183
"4416","beta_trend",6083,4410,0,-0.23641410610349
"4417","beta_trend",6083,4411,0,-0.236148855022266
"4418","beta_trend",6083,4412,0,-0.235878398258504
"4419","beta_trend",6083,4413,0,-0.235602856344414
"4420","beta_trend",6083,4414,0,-0.235322351211605
"4421","beta_trend",6083,4415,0,-0.235037006149714
"4422","beta_trend",6083,4416,0,-0.234746945764513
"4423","beta_trend",6083,4417,0,-0.23445229593549
"4424","beta_trend",6083,4418,0,-0.234153183772919
"4425","beta_trend",6083,4419,0,-0.233906871978929
"4426","beta_trend",6083,4420,0,-0.233601852933597
"4427","beta_trend",6083,4421,0,-0.233292874135575
"4428","beta_trend",6083,4422,0,-0.232980071808594
"4429","beta_trend",6083,4423,0,-0.232663583357061
"4430","beta_trend",6083,4424,0,-0.232343547325887
"4431","beta_trend",6083,4425,0,-0.232020103360014
"4432","beta_trend",6083,4426,0,-0.23169339216364
"4433","beta_trend",6083,4427,0,-0.23136355545916
"4434","beta_trend",6083,4428,0,-0.231030735945824
"4435","beta_trend",6083,4429,0,-0.230695077258128
"4436","beta_trend",6083,4430,0,-0.230356723923947
"4437","beta_trend",6083,4431,0,-0.230015821322409
"4438","beta_trend",6083,4432,0,-0.229672515641537
"4439","beta_trend",6083,4433,0,-0.229326953835645
"4440","beta_trend",6083,4434,0,-0.228979283582523
"4441","beta_trend",6083,4435,0,-0.228629653240387
"4442","beta_trend",6083,4436,0,-0.228278211804639
"4443","beta_trend",6083,4437,0,-0.227925108864414
"4444","beta_trend",6083,4438,0,-0.227570494558942
"4445","beta_trend",6083,4439,0,-0.227214519533719
"4446","beta_trend",6083,4440,0,-0.22685733489651
"4447","beta_trend",6083,4441,0,-0.226499092173178
"4448","beta_trend",6083,4442,0,-0.226139943263356
"4449","beta_trend",6083,4443,0,-0.225780040395961
"4450","beta_trend",6083,4444,0,-0.225419536084571
"4451","beta_trend",6083,4445,0,-0.225058583082654
"4452","beta_trend",6083,4446,0,-0.224697334338679
"4453","beta_trend",6083,4447,0,-0.224335942951089
"4454","beta_trend",6083,4448,0,-0.223974562123174
"4455","beta_trend",6083,4449,0,-0.223613345117822
"4456","beta_trend",6083,4450,0,-0.223252445212177
"4457","beta_trend",6083,4451,0,-0.222892015652198
"4458","beta_trend",6083,4452,0,-0.222532209607132
"4459","beta_trend",6083,4453,0,-0.222173180123912
"4460","beta_trend",6083,4454,0,-0.221815080081464
"4461","beta_trend",6083,4455,0,-0.221458062144971
"4462","beta_trend",6083,4456,0,-0.221102278720057
"4463","beta_trend",6083,4457,0,-0.220747881906926
"4464","beta_trend",6083,4458,0,-0.220395023454453
"4465","beta_trend",6083,4459,0,-0.220043854714238
"4466","beta_trend",6083,4460,0,-0.219694526594619
"4467","beta_trend",6083,4461,0,-0.21934718951466
"4468","beta_trend",6083,4462,0,-0.218930072881847
"4469","beta_trend",6083,4463,0,-0.218590347678545
"4470","beta_trend",6083,4464,0,-0.218252927981019
"4471","beta_trend",6083,4465,0,-0.217917967044554
"4472","beta_trend",6083,4466,0,-0.21758561721336
"4473","beta_trend",6083,4467,0,-0.217256029880864
"4474","beta_trend",6083,4468,0,-0.216929355449816
"4475","beta_trend",6083,4469,0,-0.216605743292268
"4476","beta_trend",6083,4470,0,-0.216285341709384
"4477","beta_trend",6083,4471,0,-0.215968297891141
"4478","beta_trend",6083,4472,0,-0.215654757875891
"4479","beta_trend",6083,4473,0,-0.215344866509819
"4480","beta_trend",6083,4474,0,-0.215038767406299
"4481","beta_trend",6083,4475,0,-0.214736602905155
"4482","beta_trend",6083,4476,0,-0.214438514031842
"4483","beta_trend",6083,4477,0,-0.214144640456557
"4484","beta_trend",6083,4478,0,-0.213855120453283
"4485","beta_trend",6083,4479,0,-0.213570090858786
"4486","beta_trend",6083,4480,0,-0.213289687031565
"4487","beta_trend",6083,4481,0,-0.213014042810775
"4488","beta_trend",6083,4482,0,-0.212743290475118
"4489","beta_trend",6083,4483,0,-0.212477560701732
"4490","beta_trend",6083,4484,0,-0.212216982525067
"4491","beta_trend",6083,4485,0,-0.211961683295771
"4492","beta_trend",6083,4486,0,-0.211711788639587
"4493","beta_trend",6083,4487,0,-0.211467422416283
"4494","beta_trend",6083,4488,0,-0.211228706678608
"4495","beta_trend",6083,4489,0,-0.210995761631293
"4496","beta_trend",6083,4490,0,-0.210768705590109
"4497","beta_trend",6083,4491,0,-0.21054765494098
"4498","beta_trend",6083,4492,0,-0.210332724099175
"4499","beta_trend",6083,4493,0,-0.210124025468575
"4500","beta_trend",6083,4494,0,-0.20992166940103
"4501","beta_trend",6083,4495,0,-0.209725764155816
"4502","beta_trend",6083,4496,0,-0.209536415859205
"4503","beta_trend",6083,4497,0,-0.209353728464139
"4504","beta_trend",6083,4498,0,-0.209177803710043
"4505","beta_trend",6083,4499,0,-0.209008741082765
"4506","beta_trend",6083,4500,0,-0.208846637774664
"4507","beta_trend",6083,4501,0,-0.20869158864485
"4508","beta_trend",6083,4502,0,-0.208543686179584
"4509","beta_trend",6083,4503,0,-0.20840302045285
"4510","beta_trend",6083,4504,0,-0.208269679087106
"4511","beta_trend",6083,4505,0,-0.208143747214228
"4512","beta_trend",6083,4506,0,-0.20802530743664
"4513","beta_trend",6083,4507,0,-0.207914439788663
"4514","beta_trend",6083,4508,0,-0.207811221698071
"4515","beta_trend",6083,4509,0,-0.207715727947874
"4516","beta_trend",6083,4510,0,-0.207628030638327
"4517","beta_trend",6083,4511,0,-0.207548199149191
"4518","beta_trend",6083,4512,0,-0.207476300102233
"4519","beta_trend",6083,4513,0,-0.207412397323991
"4520","beta_trend",6083,4514,0,-0.207356551808805
"4521","beta_trend",6083,4515,0,-0.207394367120889
"4522","beta_trend",6083,4516,0,-0.207358753221997
"4523","beta_trend",6083,4517,0,-0.207331533828713
"4524","beta_trend",6083,4518,0,-0.207312765205476
"4525","beta_trend",6083,4519,0,-0.207302500863248
"4526","beta_trend",6083,4520,0,-0.207300791532951
"4527","beta_trend",6083,4521,0,-0.207307685139483
"4528","beta_trend",6083,4522,0,-0.207323226776314
"4529","beta_trend",6083,4523,0,-0.207347458680678
"4530","beta_trend",6083,4524,0,-0.207380420209384
"4531","beta_trend",6083,4525,0,-0.207422147815252
"4532","beta_trend",6083,4526,0,-0.207472675024185
"4533","beta_trend",6083,4527,0,-0.207532032412899
"4534","beta_trend",6083,4528,0,-0.207600247587324
"4535","beta_trend",6083,4529,0,-0.207677345161682
"4536","beta_trend",6083,4530,0,-0.207763346738262
"4537","beta_trend",6083,4531,0,-0.20785827088791
"4538","beta_trend",6083,4532,0,-0.207962133131238
"4539","beta_trend",6083,4533,0,-0.208074945920578
"4540","beta_trend",6083,4534,0,-0.208196718622678
"4541","beta_trend",6083,4535,0,-0.208327457502177
"4542","beta_trend",6083,4536,0,-0.208467165705855
"4543","beta_trend",6083,4537,0,-0.20861584324767
"4544","beta_trend",6083,4538,0,-0.208773486994624
"4545","beta_trend",6083,4539,0,-0.208940090653432
"4546","beta_trend",6083,4540,0,-0.209115644758039
"4547","beta_trend",6083,4541,0,-0.209300136657984
"4548","beta_trend",6083,4542,0,-0.209493550507634
"4549","beta_trend",6083,4543,0,-0.209695867256293
"4550","beta_trend",6083,4544,0,-0.209907064639202
"4551","beta_trend",6083,4545,0,-0.210127117169459
"4552","beta_trend",6083,4546,0,-0.210355996130842
"4553","beta_trend",6083,4547,0,-0.210593669571582
"4554","beta_trend",6083,4548,0,-0.210840102299078
"4555","beta_trend",6083,4549,0,-0.211095255875576
"4556","beta_trend",6083,4550,0,-0.211359088614824
"4557","beta_trend",6083,4551,0,-0.211631555579717
"4558","beta_trend",6083,4552,0,-0.211912608580951
"4559","beta_trend",6083,4553,0,-0.212202196176678
"4560","beta_trend",6083,4554,0,-0.212500263673214
"4561","beta_trend",6083,4555,0,-0.212806753126767
"4562","beta_trend",6083,4556,0,-0.213121603346243
"4563","beta_trend",6083,4557,0,-0.213444749897102
"4564","beta_trend",6083,4558,0,-0.213776125106311
"4565","beta_trend",6083,4559,0,-0.214056331607013
"4566","beta_trend",6083,4560,0,-0.214406574930261
"4567","beta_trend",6083,4561,0,-0.214764714226287
"4568","beta_trend",6083,4562,0,-0.215130673290112
"4569","beta_trend",6083,4563,0,-0.215504372560759
"4570","beta_trend",6083,4564,0,-0.215885729138207
"4571","beta_trend",6083,4565,0,-0.216274656801363
"4572","beta_trend",6083,4566,0,-0.216671066027053
"4573","beta_trend",6083,4567,0,-0.21707486401007
"4574","beta_trend",6083,4568,0,-0.217485954684275
"4575","beta_trend",6083,4569,0,-0.217904238744766
"4576","beta_trend",6083,4570,0,-0.21832961367114
"4577","beta_trend",6083,4571,0,-0.21876197375185
"4578","beta_trend",6083,4572,0,-0.219201210109671
"4579","beta_trend",6083,4573,0,-0.219647210728293
"4580","beta_trend",6083,4574,0,-0.220099860480044
"4581","beta_trend",6083,4575,0,-0.220559041154767
"4582","beta_trend",6083,4576,0,-0.221024631489842
"4583","beta_trend",6083,4577,0,-0.221496507201388
"4584","beta_trend",6083,4578,0,-0.221974541016635
"4585","beta_trend",6083,4579,0,-0.222458602707484
"4586","beta_trend",6083,4580,0,-0.22294855912526
"4587","beta_trend",6083,4581,0,-0.22344427423668
"4588","beta_trend",6083,4582,0,-0.223945609161015
"4589","beta_trend",6083,4583,0,-0.224452422208484
"4590","beta_trend",6083,4584,0,-0.224964568919873
"4591","beta_trend",6083,4585,0,-0.225481902107376
"4592","beta_trend",6083,4586,0,-0.226004271896684
"4593","beta_trend",6083,4587,0,-0.226531525770305
"4594","beta_trend",6083,4588,0,-0.227063508612137
"4595","beta_trend",6083,4589,0,-0.227600062753285
"4596","beta_trend",6083,4590,0,-0.228141028019132
"4597","beta_trend",6083,4591,0,-0.228686241777659
"4598","beta_trend",6083,4592,0,-0.229235538989021
"4599","beta_trend",6083,4593,0,-0.229788752256378
"4600","beta_trend",6083,4594,0,-0.230345711877973
"4601","beta_trend",6083,4595,0,-0.230906245900475
"4602","beta_trend",6083,4596,0,-0.231470180173552
"4603","beta_trend",6083,4597,0,-0.232037338405707
"4604","beta_trend",6083,4598,0,-0.232607542221349
"4605","beta_trend",6083,4599,0,-0.233180611219101
"4606","beta_trend",6083,4600,0,-0.233756363031339
"4607","beta_trend",6083,4601,0,-0.234334613384957
"4608","beta_trend",6083,4602,0,-0.234915176163343
"4609","beta_trend",6083,4603,0,-0.235497863469571
"4610","beta_trend",6083,4604,0,-0.236082485690784
"4611","beta_trend",6083,4605,0,-0.236668851563756
"4612","beta_trend",6083,4606,0,-0.237256768241651
"4613","beta_trend",6083,4607,0,-0.237846041361911
"4614","beta_trend",6083,4608,0,-0.238436475115321
"4615","beta_trend",6083,4609,0,-0.239027872316181
"4616","beta_trend",6083,4610,0,-0.239620034473612
"4617","beta_trend",6083,4611,0,-0.240212761863943
"4618","beta_trend",6083,4612,0,-0.240857542843217
"4619","beta_trend",6083,4613,0,-0.241453178181378
"4620","beta_trend",6083,4614,0,-0.242048876359613
"4621","beta_trend",6083,4615,0,-0.242644437658468
"4622","beta_trend",6083,4616,0,-0.243239661659151
"4623","beta_trend",6083,4617,0,-0.243834347327237
"4624","beta_trend",6083,4618,0,-0.24442829309746
"4625","beta_trend",6083,4619,0,-0.245021296959557
"4626","beta_trend",6083,4620,0,-0.24561315654516
"4627","beta_trend",6083,4621,0,-0.246203669215677
"4628","beta_trend",6083,4622,0,-0.246792632151165
"4629","beta_trend",6083,4623,0,-0.247379842440148
"4630","beta_trend",6083,4624,0,-0.247965097170354
"4631","beta_trend",6083,4625,0,-0.248548193520334
"4632","beta_trend",6083,4626,0,-0.249128928851939
"4633","beta_trend",6083,4627,0,-0.249707100803606
"4634","beta_trend",6083,4628,0,-0.250282507384436
"4635","beta_trend",6083,4629,0,-0.250854947069004
"4636","beta_trend",6083,4630,0,-0.251424218892881
"4637","beta_trend",6083,4631,0,-0.251990122548815
"4638","beta_trend",6083,4632,0,-0.252552458483537
"4639","beta_trend",6083,4633,0,-0.25311102799515
"4640","beta_trend",6083,4634,0,-0.25366563333104
"4641","beta_trend",6083,4635,0,-0.254216077786292
"4642","beta_trend",6083,4636,0,-0.25476216580254
"4643","beta_trend",6083,4637,0,-0.255303703067206
"4644","beta_trend",6083,4638,0,-0.255840496613099
"4645","beta_trend",6083,4639,0,-0.256372354918288
"4646","beta_trend",6083,4640,0,-0.256899088006232
"4647","beta_trend",6083,4641,0,-0.257420507546087
"4648","beta_trend",6083,4642,0,-0.257936426953153
"4649","beta_trend",6083,4643,0,-0.25844666148939
"4650","beta_trend",6083,4644,0,-0.258951028363963
"4651","beta_trend",6083,4645,0,-0.259449346833738
"4652","beta_trend",6083,4646,0,-0.259941438303689
"4653","beta_trend",6083,4647,0,-0.260427126427134
"4654","beta_trend",6083,4648,0,-0.260906237205762
"4655","beta_trend",6083,4649,0,-0.261378599089365
"4656","beta_trend",6083,4650,0,-0.261844043075228
"4657","beta_trend",6083,4651,0,-0.2623024028071
"4658","beta_trend",6083,4652,0,-0.26275351467369
"4659","beta_trend",6083,4653,0,-0.263197217906609
"4660","beta_trend",6083,4654,0,-0.263633354677703
"4661","beta_trend",6083,4655,0,-0.263997651066149
"4662","beta_trend",6083,4656,0,-0.264421029057414
"4663","beta_trend",6083,4657,0,-0.264836266809577
"4664","beta_trend",6083,4658,0,-0.265243223895997
"4665","beta_trend",6083,4659,0,-0.265641763134544
"4666","beta_trend",6083,4660,0,-0.266031750685378
"4667","beta_trend",6083,4661,0,-0.26641305614746
"4668","beta_trend",6083,4662,0,-0.266785552653708
"4669","beta_trend",6083,4663,0,-0.26714911696474
"4670","beta_trend",6083,4664,0,-0.267503629561118
"4671","beta_trend",6083,4665,0,-0.267848974734036
"4672","beta_trend",6083,4666,0,-0.268185040674366
"4673","beta_trend",6083,4667,0,-0.268511719559996
"4674","beta_trend",6083,4668,0,-0.268828907641385
"4675","beta_trend",6083,4669,0,-0.269136505325259
"4676","beta_trend",6083,4670,0,-0.269434417256383
"4677","beta_trend",6083,4671,0,-0.269722552397321
"4678","beta_trend",6083,4672,0,-0.270000824106116
"4679","beta_trend",6083,4673,0,-0.270269150211828
"4680","beta_trend",6083,4674,0,-0.270527453087829
"4681","beta_trend",6083,4675,0,-0.270775659722815
"4682","beta_trend",6083,4676,0,-0.271013701789428
"4683","beta_trend",6083,4677,0,-0.271241515710437
"4684","beta_trend",6083,4678,0,-0.271459042722403
"4685","beta_trend",6083,4679,0,-0.271666228936735
"4686","beta_trend",6083,4680,0,-0.271863025398102
"4687","beta_trend",6083,4681,0,-0.272049388140086
"4688","beta_trend",6083,4682,0,-0.272225278238045
"4689","beta_trend",6083,4683,0,-0.272390661859088
"4690","beta_trend",6083,4684,0,-0.272545510309101
"4691","beta_trend",6083,4685,0,-0.272689800076771
"4692","beta_trend",6083,4686,0,-0.272823512874506
"4693","beta_trend",6083,4687,0,-0.272946635676227
"4694","beta_trend",6083,4688,0,-0.273059160751928
"4695","beta_trend",6083,4689,0,-0.27316108569897
"4696","beta_trend",6083,4690,0,-0.273252413470026
"4697","beta_trend",6083,4691,0,-0.273333152397626
"4698","beta_trend",6083,4692,0,-0.273403316215241
"4699","beta_trend",6083,4693,0,-0.273462924074843
"4700","beta_trend",6083,4694,0,-0.273512000560892
"4701","beta_trend",6083,4695,0,-0.273550575700686
"4702","beta_trend",6083,4696,0,-0.273578684971028
"4703","beta_trend",6083,4697,0,-0.273596369301161
"4704","beta_trend",6083,4698,0,-0.273603675071906
"4705","beta_trend",6083,4699,0,-0.273600654110975
"4706","beta_trend",6083,4700,0,-0.273587363684405
"4707","beta_trend",6083,4701,0,-0.273563866484071
"4708","beta_trend",6083,4702,0,-0.27353023061123
"4709","beta_trend",6083,4703,0,-0.273486529556071
"4710","beta_trend",6083,4704,0,-0.273432842173229
"4711","beta_trend",6083,4705,0,-0.273369252653226
"4712","beta_trend",6083,4706,0,-0.273295850489811
"4713","beta_trend",6083,4707,0,-0.273212730443171
"4714","beta_trend",6083,4708,0,-0.273210347089909
"4715","beta_trend",6083,4709,0,-0.27311226434472
"4716","beta_trend",6083,4710,0,-0.273004960477228
"4717","beta_trend",6083,4711,0,-0.272888558219453
"4718","beta_trend",6083,4712,0,-0.272763185597173
"4719","beta_trend",6083,4713,0,-0.272628975877043
"4720","beta_trend",6083,4714,0,-0.272486067509723
"4721","beta_trend",6083,4715,0,-0.272334604069012
"4722","beta_trend",6083,4716,0,-0.272174734186998
"4723","beta_trend",6083,4717,0,-0.272006611485232
"4724","beta_trend",6083,4718,0,-0.271830394501926
"4725","beta_trend",6083,4719,0,-0.271646246615206
"4726","beta_trend",6083,4720,0,-0.271454335962417
"4727","beta_trend",6083,4721,0,-0.271254835355514
"4728","beta_trend",6083,4722,0,-0.271047922192565
"4729","beta_trend",6083,4723,0,-0.270833778365376
"4730","beta_trend",6083,4724,0,-0.270612590163294
"4731","beta_trend",6083,4725,0,-0.270384548173198
"4732","beta_trend",6083,4726,0,-0.270149847175734
"4733","beta_trend",6083,4727,0,-0.269908686037828
"4734","beta_trend",6083,4728,0,-0.269661267601518
"4735","beta_trend",6083,4729,0,-0.269407798569169
"4736","beta_trend",6083,4730,0,-0.269148489385101
"4737","beta_trend",6083,4731,0,-0.268883554113707
"4738","beta_trend",6083,4732,0,-0.268613210314111
"4739","beta_trend",6083,4733,0,-0.268337678911427
"4740","beta_trend",6083,4734,0,-0.268057184064686
"4741","beta_trend",6083,4735,0,-0.267771953031515
"4742","beta_trend",6083,4736,0,-0.267482216029621
"4743","beta_trend",6083,4737,0,-0.267188206095166
"4744","beta_trend",6083,4738,0,-0.266890158938128
"4745","beta_trend",6083,4739,0,-0.266588312794703
"4746","beta_trend",6083,4740,0,-0.266282908276869
"4747","beta_trend",6083,4741,0,-0.265974188219168
"4748","beta_trend",6083,4742,0,-0.265662397522836
"4749","beta_trend",6083,4743,0,-0.265347782997352
"4750","beta_trend",6083,4744,0,-0.265030593199521
"4751","beta_trend",6083,4745,0,-0.264711078270188
"4752","beta_trend",6083,4746,0,-0.264389489768696
"4753","beta_trend",6083,4747,0,-0.264066080505197
"4754","beta_trend",6083,4748,0,-0.263741104370924
"4755","beta_trend",6083,4749,0,-0.263414816166547
"4756","beta_trend",6083,4750,0,-0.263087471428737
"4757","beta_trend",6083,4751,0,-0.262759326255039
"4758","beta_trend",6083,4752,0,-0.262361424194967
"4759","beta_trend",6083,4753,0,-0.262035511924679
"4760","beta_trend",6083,4754,0,-0.261709440450993
"4761","beta_trend",6083,4755,0,-0.261383471408177
"4762","beta_trend",6083,4756,0,-0.261057865909809
"4763","beta_trend",6083,4757,0,-0.260732884372423
"4764","beta_trend",6083,4758,0,-0.260408786338241
"4765","beta_trend",6083,4759,0,-0.260085830297111
"4766","beta_trend",6083,4760,0,-0.259764273507809
"4767","beta_trend",6083,4761,0,-0.259444371818863
"4768","beta_trend",6083,4762,0,-0.259126379489026
"4769","beta_trend",6083,4763,0,-0.258810549007574
"4770","beta_trend",6083,4764,0,-0.258497130914561
"4771","beta_trend",6083,4765,0,-0.258186373621206
"4772","beta_trend",6083,4766,0,-0.257878523230543
"4773","beta_trend",6083,4767,0,-0.257573823358514
"4774","beta_trend",6083,4768,0,-0.257272514955648
"4775","beta_trend",6083,4769,0,-0.256974836129482
"4776","beta_trend",6083,4770,0,-0.256681021967896
"4777","beta_trend",6083,4771,0,-0.256391304363503
"4778","beta_trend",6083,4772,0,-0.25610591183927
"4779","beta_trend",6083,4773,0,-0.255825069375513
"4780","beta_trend",6083,4774,0,-0.255548998238438
"4781","beta_trend",6083,4775,0,-0.255277915810378
"4782","beta_trend",6083,4776,0,-0.255012035421891
"4783","beta_trend",6083,4777,0,-0.254751566185869
"4784","beta_trend",6083,4778,0,-0.254496712833823
"4785","beta_trend",6083,4779,0,-0.254247675554498
"4786","beta_trend",6083,4780,0,-0.254004649834965
"4787","beta_trend",6083,4781,0,-0.253767826304363
"4788","beta_trend",6083,4782,0,-0.253537390580424
"4789","beta_trend",6083,4783,0,-0.253313523118941
"4790","beta_trend",6083,4784,0,-0.253096399066338
"4791","beta_trend",6083,4785,0,-0.252886188115466
"4792","beta_trend",6083,4786,0,-0.252683054364803
"4793","beta_trend",6083,4787,0,-0.25248715618117
"4794","beta_trend",6083,4788,0,-0.252298646066132
"4795","beta_trend",6083,4789,0,-0.252117670526204
"4796","beta_trend",6083,4790,0,-0.251944369947009
"4797","beta_trend",6083,4791,0,-0.25177887847152
"4798","beta_trend",6083,4792,0,-0.251621323882516
"4799","beta_trend",6083,4793,0,-0.251471827489381
"4800","beta_trend",6083,4794,0,-0.251330504019372
"4801","beta_trend",6083,4795,0,-0.251197461513476
"4802","beta_trend",6083,4796,0,-0.251072801226977
"4803","beta_trend",6083,4797,0,-0.250956617534841
"4804","beta_trend",6083,4798,0,-0.250848997842044
"4805","beta_trend",6083,4799,0,-0.250750022498929
"4806","beta_trend",6083,4800,0,-0.250659764721716
"4807","beta_trend",6083,4801,0,-0.250578290518255
"4808","beta_trend",6083,4802,0,-0.250505658619109
"4809","beta_trend",6083,4803,0,-0.250441920414066
"4810","beta_trend",6083,4804,0,-0.250387119894177
"4811","beta_trend",6083,4805,0,-0.250391833357575
"4812","beta_trend",6083,4806,0,-0.250357338870289
"4813","beta_trend",6083,4807,0,-0.25033197031381
"4814","beta_trend",6083,4808,0,-0.25031574571614
"4815","beta_trend",6083,4809,0,-0.250308675654392
"4816","beta_trend",6083,4810,0,-0.250310763236478
"4817","beta_trend",6083,4811,0,-0.250322004088921
"4818","beta_trend",6083,4812,0,-0.250342386350823
"4819","beta_trend",6083,4813,0,-0.25037189067405
"4820","beta_trend",6083,4814,0,-0.250410490229656
"4821","beta_trend",6083,4815,0,-0.250458150720583
"4822","beta_trend",6083,4816,0,-0.250514830400673
"4823","beta_trend",6083,4817,0,-0.250580480099986
"4824","beta_trend",6083,4818,0,-0.250655043256466
"4825","beta_trend",6083,4819,0,-0.250738455953948
"4826","beta_trend",6083,4820,0,-0.25083064696651
"4827","beta_trend",6083,4821,0,-0.250931537809171
"4828","beta_trend",6083,4822,0,-0.251041042794918
"4829","beta_trend",6083,4823,0,-0.251159069098052
"4830","beta_trend",6083,4824,0,-0.25128551682383
"4831","beta_trend",6083,4825,0,-0.251420279084374
"4832","beta_trend",6083,4826,0,-0.251563242080806
"4833","beta_trend",6083,4827,0,-0.251714285191589
"4834","beta_trend",6083,4828,0,-0.251873281067
"4835","beta_trend",6083,4829,0,-0.252040095729702
"4836","beta_trend",6083,4830,0,-0.252214588681351
"4837","beta_trend",6083,4831,0,-0.252396613015169
"4838","beta_trend",6083,4832,0,-0.252586015534415
"4839","beta_trend",6083,4833,0,-0.252782636876679
"4840","beta_trend",6083,4834,0,-0.252986311643911
"4841","beta_trend",6083,4835,0,-0.253196868538098
"4842","beta_trend",6083,4836,0,-0.253414130502494
"4843","beta_trend",6083,4837,0,-0.253637914868303
"4844","beta_trend",6083,4838,0,-0.253868033506697
"4845","beta_trend",6083,4839,0,-0.254104292986081
"4846","beta_trend",6083,4840,0,-0.254346494734458
"4847","beta_trend",6083,4841,0,-0.254594435206785
"4848","beta_trend",6083,4842,0,-0.25484790605719
"4849","beta_trend",6083,4843,0,-0.255106694315907
"4850","beta_trend",6083,4844,0,-0.255370582570804
"4851","beta_trend",6083,4845,0,-0.255639349153331
"4852","beta_trend",6083,4846,0,-0.255912768328771
"4853","beta_trend",6083,4847,0,-0.256190610490605
"4854","beta_trend",6083,4848,0,-0.256405236862173
"4855","beta_trend",6083,4849,0,-0.256694202055765
"4856","beta_trend",6083,4850,0,-0.256986755226973
"4857","beta_trend",6083,4851,0,-0.257282658222744
"4858","beta_trend",6083,4852,0,-0.257581669866868
"4859","beta_trend",6083,4853,0,-0.257883546181497
"4860","beta_trend",6083,4854,0,-0.258188040611389
"4861","beta_trend",6083,4855,0,-0.258494904250703
"4862","beta_trend",6083,4856,0,-0.25880388607215
"4863","beta_trend",6083,4857,0,-0.259114733158307
"4864","beta_trend",6083,4858,0,-0.259427190934888
"4865","beta_trend",6083,4859,0,-0.259741003405773
"4866","beta_trend",6083,4860,0,-0.260055913389601
"4867","beta_trend",6083,4861,0,-0.260371662757694
"4868","beta_trend",6083,4862,0,-0.260687992673128
"4869","beta_trend",6083,4863,0,-0.261004643830719
"4870","beta_trend",6083,4864,0,-0.261321356697715
"4871","beta_trend",6083,4865,0,-0.261637871754975
"4872","beta_trend",6083,4866,0,-0.261953929738418
"4873","beta_trend",6083,4867,0,-0.262269271880518
"4874","beta_trend",6083,4868,0,-0.262583640151612
"4875","beta_trend",6083,4869,0,-0.262896777500825
"4876","beta_trend",6083,4870,0,-0.263208428096343
"4877","beta_trend",6083,4871,0,-0.263518337564859
"4878","beta_trend",6083,4872,0,-0.263826253229915
"4879","beta_trend",6083,4873,0,-0.26413192434895
"4880","beta_trend",6083,4874,0,-0.264435102348808
"4881","beta_trend",6083,4875,0,-0.264735541059479
"4882","beta_trend",6083,4876,0,-0.26503299694586
"4883","beta_trend",6083,4877,0,-0.26532722933728
"4884","beta_trend",6083,4878,0,-0.265618000654605
"4885","beta_trend",6083,4879,0,-0.265905076634653
"4886","beta_trend",6083,4880,0,-0.266188226551728
"4887","beta_trend",6083,4881,0,-0.266467223436039
"4888","beta_trend",6083,4882,0,-0.266741844288773
"4889","beta_trend",6083,4883,0,-0.267011870293627
"4890","beta_trend",6083,4884,0,-0.267277087024555
"4891","beta_trend",6083,4885,0,-0.26753728464954
"4892","beta_trend",6083,4886,0,-0.267792258130155
"4893","beta_trend",6083,4887,0,-0.268041807416728
"4894","beta_trend",6083,4888,0,-0.268285737638884
"4895","beta_trend",6083,4889,0,-0.268523859291278
"4896","beta_trend",6083,4890,0,-0.268755988414302
"4897","beta_trend",6083,4891,0,-0.268981946769591
"4898","beta_trend",6083,4892,0,-0.269201562010111
"4899","beta_trend",6083,4893,0,-0.269414667844668
"4900","beta_trend",6083,4894,0,-0.269621104196635
"4901","beta_trend",6083,4895,0,-0.269820717356721
"4902","beta_trend",6083,4896,0,-0.270013360129618
"4903","beta_trend",6083,4897,0,-0.270198891974342
"4904","beta_trend",6083,4898,0,-0.270377179138117
"4905","beta_trend",6083,4899,0,-0.270548094783635
"4906","beta_trend",6083,4900,0,-0.270711519109536
"4907","beta_trend",6083,4901,0,-0.270954024687165
"4908","beta_trend",6083,4902,0,-0.271106134820139
"4909","beta_trend",6083,4903,0,-0.271250611538097
"4910","beta_trend",6083,4904,0,-0.271387371309196
"4911","beta_trend",6083,4905,0,-0.271516338396379
"4912","beta_trend",6083,4906,0,-0.271637444943061
"4913","beta_trend",6083,4907,0,-0.271750631051378
"4914","beta_trend",6083,4908,0,-0.27185584485291
"4915","beta_trend",6083,4909,0,-0.271953042571764
"4916","beta_trend",6083,4910,0,-0.272042188579959
"4917","beta_trend",6083,4911,0,-0.272123255445016
"4918","beta_trend",6083,4912,0,-0.272196223969691
"4919","beta_trend",6083,4913,0,-0.272261083223788
"4920","beta_trend",6083,4914,0,-0.272317830567994
"4921","beta_trend",6083,4915,0,-0.272366471669693
"4922","beta_trend",6083,4916,0,-0.272407020510712
"4923","beta_trend",6083,4917,0,-0.272439499386974
"4924","beta_trend",6083,4918,0,-0.272463938900026
"4925","beta_trend",6083,4919,0,-0.272480377940436
"4926","beta_trend",6083,4920,0,-0.272488863663036
"4927","beta_trend",6083,4921,0,-0.272489451454022
"4928","beta_trend",6083,4922,0,-0.272482204889917
"4929","beta_trend",6083,4923,0,-0.272467195688401
"4930","beta_trend",6083,4924,0,-0.272444503651045
"4931","beta_trend",6083,4925,0,-0.272414216597975
"4932","beta_trend",6083,4926,0,-0.272376430294503
"4933","beta_trend",6083,4927,0,-0.272331248369771
"4934","beta_trend",6083,4928,0,-0.272278782227475
"4935","beta_trend",6083,4929,0,-0.272219150948712
"4936","beta_trend",6083,4930,0,-0.272152481187047
"4937","beta_trend",6083,4931,0,-0.272078907055848
"4938","beta_trend",6083,4932,0,-0.27199857000801
"4939","beta_trend",6083,4933,0,-0.271911618708134
"4940","beta_trend",6083,4934,0,-0.27181820889728
"4941","beta_trend",6083,4935,0,-0.271718503250399
"4942","beta_trend",6083,4936,0,-0.271612671226562
"4943","beta_trend",6083,4937,0,-0.271500888912115
"4944","beta_trend",6083,4938,0,-0.27138333885688
"4945","beta_trend",6083,4939,0,-0.271260209903564
"4946","beta_trend",6083,4940,0,-0.271131697010499
"4947","beta_trend",6083,4941,0,-0.270998001067885
"4948","beta_trend",6083,4942,0,-0.27085932870769
"4949","beta_trend",6083,4943,0,-0.270715892107372
"4950","beta_trend",6083,4944,0,-0.270567908787603
"4951","beta_trend",6083,4945,0,-0.270353918964267
"4952","beta_trend",6083,4946,0,-0.270200245525113
"4953","beta_trend",6083,4947,0,-0.270042593252306
"4954","beta_trend",6083,4948,0,-0.269881203422838
"4955","beta_trend",6083,4949,0,-0.269716321397054
"4956","beta_trend",6083,4950,0,-0.269548196389839
"4957","beta_trend",6083,4951,0,-0.269377081237042
"4958","beta_trend",6083,4952,0,-0.269203232157368
"4959","beta_trend",6083,4953,0,-0.269026908509946
"4960","beta_trend",6083,4954,0,-0.26884837254784
"4961","beta_trend",6083,4955,0,-0.268667889167706
"4962","beta_trend",6083,4956,0,-0.268485725655866
"4963","beta_trend",6083,4957,0,-0.268302151431034
"4964","beta_trend",6083,4958,0,-0.268117437783948
"4965","beta_trend",6083,4959,0,-0.267931857614153
"4966","beta_trend",6083,4960,0,-0.267745685164216
"4967","beta_trend",6083,4961,0,-0.267559195751611
"4968","beta_trend",6083,4962,0,-0.26737266549854
"4969","beta_trend",6083,4963,0,-0.267186371059979
"4970","beta_trend",6083,4964,0,-0.267000589350182
"4971","beta_trend",6083,4965,0,-0.26681559726795
"4972","beta_trend",6083,4966,0,-0.266631671420907
"4973","beta_trend",6083,4967,0,-0.266449087849078
"4974","beta_trend",6083,4968,0,-0.26626812174803
"4975","beta_trend",6083,4969,0,-0.266089047191864
"4976","beta_trend",6083,4970,0,-0.265912136856322
"4977","beta_trend",6083,4971,0,-0.265737661742296
"4978","beta_trend",6083,4972,0,-0.265565890900016
"4979","beta_trend",6083,4973,0,-0.265397091154183
"4980","beta_trend",6083,4974,0,-0.265231526830333
"4981","beta_trend",6083,4975,0,-0.265069459482713
"4982","beta_trend",6083,4976,0,-0.264911147623923
"4983","beta_trend",6083,4977,0,-0.264756846456624
"4984","beta_trend",6083,4978,0,-0.264606807607561
"4985","beta_trend",6083,4979,0,-0.264461278864181
"4986","beta_trend",6083,4980,0,-0.26432050391412
"4987","beta_trend",6083,4981,0,-0.264184722087806
"4988","beta_trend",6083,4982,0,-0.264054168104459
"4989","beta_trend",6083,4983,0,-0.26392907182174
"4990","beta_trend",6083,4984,0,-0.263809657989298
"4991","beta_trend",6083,4985,0,-0.263696146006485
"4992","beta_trend",6083,4986,0,-0.263588749684468
"4993","beta_trend",6083,4987,0,-0.263487677013002
"4994","beta_trend",6083,4988,0,-0.263393129932084
"4995","beta_trend",6083,4989,0,-0.263305304108747
"4996","beta_trend",6083,4990,0,-0.263224388719202
"4997","beta_trend",6083,4991,0,-0.263150566236573
"4998","beta_trend",6083,4992,0,-0.263084012224436
"4999","beta_trend",6083,4993,0,-0.263024895136374
"5000","beta_trend",6083,4994,0,-0.262973376121767
"5001","beta_trend",6083,4995,0,-0.262929608838016
"5002","beta_trend",6083,4996,0,-0.262893739269391
"5003","beta_trend",6083,4997,0,-0.262865905552706
"5004","beta_trend",6083,4998,0,-0.262905250143178
"5005","beta_trend",6083,4999,0,-0.262896589548071
"5006","beta_trend",6083,5000,0,-0.262896448642426
"5007","beta_trend",6083,5001,0,-0.262904937360385
"5008","beta_trend",6083,5002,0,-0.262922157203506
"5009","beta_trend",6083,5003,0,-0.262948201116883
"5010","beta_trend",6083,5004,0,-0.262983153373394
"5011","beta_trend",6083,5005,0,-0.263027089466196
"5012","beta_trend",6083,5006,0,-0.263080076009618
"5013","beta_trend",6083,5007,0,-0.263142170648548
"5014","beta_trend",6083,5008,0,-0.263213421976438
"5015","beta_trend",6083,5009,0,-0.263293869462025
"5016","beta_trend",6083,5010,0,-0.263383543384862
"5017","beta_trend",6083,5011,0,-0.263482464779739
"5018","beta_trend",6083,5012,0,-0.263590645390081
"5019","beta_trend",6083,5013,0,-0.263708087630374
"5020","beta_trend",6083,5014,0,-0.263834784557693
"5021","beta_trend",6083,5015,0,-0.263970719852365
"5022","beta_trend",6083,5016,0,-0.264115867807819
"5023","beta_trend",6083,5017,0,-0.264270193329649
"5024","beta_trend",6083,5018,0,-0.264433651943903
"5025","beta_trend",6083,5019,0,-0.264606189814624
"5026","beta_trend",6083,5020,0,-0.264787743770636
"5027","beta_trend",6083,5021,0,-0.264978241341565
"5028","beta_trend",6083,5022,0,-0.265177600803083
"5029","beta_trend",6083,5023,0,-0.265385731231359
"5030","beta_trend",6083,5024,0,-0.265602532566652
"5031","beta_trend",6083,5025,0,-0.265827895686042
"5032","beta_trend",6083,5026,0,-0.266061702485199
"5033","beta_trend",6083,5027,0,-0.266303825969174
"5034","beta_trend",6083,5028,0,-0.2665541303521
"5035","beta_trend",6083,5029,0,-0.266812471165738
"5036","beta_trend",6083,5030,0,-0.267078695376783
"5037","beta_trend",6083,5031,0,-0.26735264151281
"5038","beta_trend",6083,5032,0,-0.267634139796781
"5039","beta_trend",6083,5033,0,-0.267923012289952
"5040","beta_trend",6083,5034,0,-0.2682190730431
"5041","beta_trend",6083,5035,0,-0.268522128255896
"5042","beta_trend",6083,5036,0,-0.268831976444311
"5043","beta_trend",6083,5037,0,-0.269148408615866
"5044","beta_trend",6083,5038,0,-0.26947120845261
"5045","beta_trend",6083,5039,0,-0.269800152501615
"5046","beta_trend",6083,5040,0,-0.270135010372838
"5047","beta_trend",6083,5041,0,-0.270475544944151
"5048","beta_trend",6083,5042,0,-0.270756508698013
"5049","beta_trend",6083,5043,0,-0.271110540174596
"5050","beta_trend",6083,5044,0,-0.271469377656425
"5051","beta_trend",6083,5045,0,-0.271832764061456
"5052","beta_trend",6083,5046,0,-0.272200436526441
"5053","beta_trend",6083,5047,0,-0.272572126656494
"5054","beta_trend",6083,5048,0,-0.272947560780166
"5055","beta_trend",6083,5049,0,-0.27332646020979
"5056","beta_trend",6083,5050,0,-0.273708541506861
"5057","beta_trend",6083,5051,0,-0.27409351675219
"5058","beta_trend",6083,5052,0,-0.274481093820589
"5059","beta_trend",6083,5053,0,-0.274870976659821
"5060","beta_trend",6083,5054,0,-0.275262865573554
"5061","beta_trend",6083,5055,0,-0.275656457508051
"5062","beta_trend",6083,5056,0,-0.276051446342312
"5063","beta_trend",6083,5057,0,-0.276447523181408
"5064","beta_trend",6083,5058,0,-0.276844376652712
"5065","beta_trend",6083,5059,0,-0.277241693204736
"5066","beta_trend",6083,5060,0,-0.277639157408311
"5067","beta_trend",6083,5061,0,-0.278036452259787
"5068","beta_trend",6083,5062,0,-0.278433259485973
"5069","beta_trend",6083,5063,0,-0.278829259850529
"5070","beta_trend",6083,5064,0,-0.27922413346149
"5071","beta_trend",6083,5065,0,-0.279617560079632
"5072","beta_trend",6083,5066,0,-0.280009219427386
"5073","beta_trend",6083,5067,0,-0.280398791497972
"5074","beta_trend",6083,5068,0,-0.280785956864472
"5075","beta_trend",6083,5069,0,-0.281170396988521
"5076","beta_trend",6083,5070,0,-0.281551794528317
"5077","beta_trend",6083,5071,0,-0.281929833645638
"5078","beta_trend",6083,5072,0,-0.282304200311569
"5079","beta_trend",6083,5073,0,-0.282674582610623
"5080","beta_trend",6083,5074,0,-0.283040671042958
"5081","beta_trend",6083,5075,0,-0.28340215882439
"5082","beta_trend",6083,5076,0,-0.283758742183888
"5083","beta_trend",6083,5077,0,-0.284110120658263
"5084","beta_trend",6083,5078,0,-0.284455997383752
"5085","beta_trend",6083,5079,0,-0.284796079384194
"5086","beta_trend",6083,5080,0,-0.28513007785551
"5087","beta_trend",6083,5081,0,-0.285457708446205
"5088","beta_trend",6083,5082,0,-0.285778691533588
"5089","beta_trend",6083,5083,0,-0.286092752495447
"5090","beta_trend",6083,5084,0,-0.286399621976889
"5091","beta_trend",6083,5085,0,-0.286699036152072
"5092","beta_trend",6083,5086,0,-0.286990736980561
"5093","beta_trend",6083,5087,0,-0.287274472458041
"5094","beta_trend",6083,5088,0,-0.287549996861136
"5095","beta_trend",6083,5089,0,-0.287817070986062
"5096","beta_trend",6083,5090,0,-0.288075462380879
"5097","beta_trend",6083,5091,0,-0.288324945571097
"5098","beta_trend",6083,5092,0,-0.288565302278395
"5099","beta_trend",6083,5093,0,-0.288796321632221
"5100","beta_trend",6083,5094,0,-0.289099042062752
"5101","beta_trend",6083,5095,0,-0.28931453320417
"5102","beta_trend",6083,5096,0,-0.289520263939646
"5103","beta_trend",6083,5097,0,-0.289716061616409
"5104","beta_trend",6083,5098,0,-0.289901762179783
"5105","beta_trend",6083,5099,0,-0.290077210345838
"5106","beta_trend",6083,5100,0,-0.29024225976575
"5107","beta_trend",6083,5101,0,-0.290396773181683
"5108","beta_trend",6083,5102,0,-0.290540622574053
"5109","beta_trend",6083,5103,0,-0.290673689300002
"5110","beta_trend",6083,5104,0,-0.290795864222967
"5111","beta_trend",6083,5105,0,-0.29090704783318
"5112","beta_trend",6083,5106,0,-0.291007150359007
"5113","beta_trend",6083,5107,0,-0.291096091868984
"5114","beta_trend",6083,5108,0,-0.291173802364464
"5115","beta_trend",6083,5109,0,-0.291240221862763
"5116","beta_trend",6083,5110,0,-0.291295300470733
"5117","beta_trend",6083,5111,0,-0.291338998448667
"5118","beta_trend",6083,5112,0,-0.291371286264487
"5119","beta_trend",6083,5113,0,-0.291392144638142
"5120","beta_trend",6083,5114,0,-0.29140156457617
"5121","beta_trend",6083,5115,0,-0.291399547396389
"5122","beta_trend",6083,5116,0,-0.291386104742692
"5123","beta_trend",6083,5117,0,-0.291361258589907
"5124","beta_trend",6083,5118,0,-0.291325041238738
"5125","beta_trend",6083,5119,0,-0.291277495300768
"5126","beta_trend",6083,5120,0,-0.291218673673546
"5127","beta_trend",6083,5121,0,-0.291148639505767
"5128","beta_trend",6083,5122,0,-0.291067466152586
"5129","beta_trend",6083,5123,0,-0.290975237121098
"5130","beta_trend",6083,5124,0,-0.290872046006039
"5131","beta_trend",6083,5125,0,-0.29075799641576
"5132","beta_trend",6083,5126,0,-0.290633201888547
"5133","beta_trend",6083,5127,0,-0.29049778579937
"5134","beta_trend",6083,5128,0,-0.290351881257138
"5135","beta_trend",6083,5129,0,-0.290195630992568
"5136","beta_trend",6083,5130,0,-0.290029187236766
"5137","beta_trend",6083,5131,0,-0.289852711590644
"5138","beta_trend",6083,5132,0,-0.289666374885289
"5139","beta_trend",6083,5133,0,-0.289470357033426
"5140","beta_trend",6083,5134,0,-0.289264846872112
"5141","beta_trend",6083,5135,0,-0.289050041996814
"5142","beta_trend",6083,5136,0,-0.288826148587038
"5143","beta_trend",6083,5137,0,-0.288593381223661
"5144","beta_trend",6083,5138,0,-0.288277208634926
"5145","beta_trend",6083,5139,0,-0.2880306784323
"5146","beta_trend",6083,5140,0,-0.287775827595154
"5147","beta_trend",6083,5141,0,-0.287512907799293
"5148","beta_trend",6083,5142,0,-0.287242177890831
"5149","beta_trend",6083,5143,0,-0.286963903664384
"5150","beta_trend",6083,5144,0,-0.286678357634188
"5151","beta_trend",6083,5145,0,-0.286385818798367
"5152","beta_trend",6083,5146,0,-0.286086572396587
"5153","beta_trend",6083,5147,0,-0.285780909661354
"5154","beta_trend",6083,5148,0,-0.285469127563192
"5155","beta_trend",6083,5149,0,-0.285151528549967
"5156","beta_trend",6083,5150,0,-0.284828420280616
"5157","beta_trend",6083,5151,0,-0.284500115353552
"5158","beta_trend",6083,5152,0,-0.284166931030009
"5159","beta_trend",6083,5153,0,-0.283829188952613
"5160","beta_trend",6083,5154,0,-0.283487214859454
"5161","beta_trend",6083,5155,0,-0.28314133829395
"5162","beta_trend",6083,5156,0,-0.282791892310784
"5163","beta_trend",6083,5157,0,-0.282439213178211
"5164","beta_trend",6083,5158,0,-0.282083640077036
"5165","beta_trend",6083,5159,0,-0.28172551479655
"5166","beta_trend",6083,5160,0,-0.28136518142773
"5167","beta_trend",6083,5161,0,-0.281002986054016
"5168","beta_trend",6083,5162,0,-0.280639276439949
"5169","beta_trend",6083,5163,0,-0.280274401717995
"5170","beta_trend",6083,5164,0,-0.27990871207386
"5171","beta_trend",6083,5165,0,-0.279542558430596
"5172","beta_trend",6083,5166,0,-0.279176292131816
"5173","beta_trend",6083,5167,0,-0.278810264624324
"5174","beta_trend",6083,5168,0,-0.278444827140478
"5175","beta_trend",6083,5169,0,-0.278080330380581
"5176","beta_trend",6083,5170,0,-0.277717124195622
"5177","beta_trend",6083,5171,0,-0.277355557270675
"5178","beta_trend",6083,5172,0,-0.27699597680925
"5179","beta_trend",6083,5173,0,-0.276638728218921
"5180","beta_trend",6083,5174,0,-0.276284154798514
"5181","beta_trend",6083,5175,0,-0.27593259742718
"5182","beta_trend",6083,5176,0,-0.275584394255628
"5183","beta_trend",6083,5177,0,-0.275239880399829
"5184","beta_trend",6083,5178,0,-0.274899387637486
"5185","beta_trend",6083,5179,0,-0.274563244107545
"5186","beta_trend",6083,5180,0,-0.274231774013057
"5187","beta_trend",6083,5181,0,-0.273905297327644
"5188","beta_trend",6083,5182,0,-0.273584129505873
"5189","beta_trend",6083,5183,0,-0.273268581197802
"5190","beta_trend",6083,5184,0,-0.272958957967958
"5191","beta_trend",6083,5185,0,-0.272655560019027
"5192","beta_trend",6083,5186,0,-0.272358681920503
"5193","beta_trend",6083,5187,0,-0.272068612342554
"5194","beta_trend",6083,5188,0,-0.271785633795349
"5195","beta_trend",6083,5189,0,-0.271510022374087
"5196","beta_trend",6083,5190,0,-0.271242047509972
"5197","beta_trend",6083,5191,0,-0.271039363963016
"5198","beta_trend",6083,5192,0,-0.270790087533569
"5199","beta_trend",6083,5193,0,-0.270549328508878
"5200","beta_trend",6083,5194,0,-0.270317331958644
"5201","beta_trend",6083,5195,0,-0.270094335313467
"5202","beta_trend",6083,5196,0,-0.269880568161749
"5203","beta_trend",6083,5197,0,-0.26967625205415
"5204","beta_trend",6083,5198,0,-0.269481600315763
"5205","beta_trend",6083,5199,0,-0.269296817866196
"5206","beta_trend",6083,5200,0,-0.269122101047721
"5207","beta_trend",6083,5201,0,-0.268957637461635
"5208","beta_trend",6083,5202,0,-0.268803605812991
"5209","beta_trend",6083,5203,0,-0.268660175763833
"5210","beta_trend",6083,5204,0,-0.268527507795064
"5211","beta_trend",6083,5205,0,-0.268405753077066
"5212","beta_trend",6083,5206,0,-0.268295053349181
"5213","beta_trend",6083,5207,0,-0.26819554080817
"5214","beta_trend",6083,5208,0,-0.26810733800571
"5215","beta_trend",6083,5209,0,-0.268030557755059
"5216","beta_trend",6083,5210,0,-0.267965303046912
"5217","beta_trend",6083,5211,0,-0.267911666974558
"5218","beta_trend",6083,5212,0,-0.267869732668359
"5219","beta_trend",6083,5213,0,-0.267839573239614
"5220","beta_trend",6083,5214,0,-0.267821251733846
"5221","beta_trend",6083,5215,0,-0.267814821093524
"5222","beta_trend",6083,5216,0,-0.267820324130247
"5223","beta_trend",6083,5217,0,-0.2678377935064
"5224","beta_trend",6083,5218,0,-0.267867251726268
"5225","beta_trend",6083,5219,0,-0.267908711136606
"5226","beta_trend",6083,5220,0,-0.267962173936641
"5227","beta_trend",6083,5221,0,-0.26802763219747
"5228","beta_trend",6083,5222,0,-0.268105067890821
"5229","beta_trend",6083,5223,0,-0.268194452927117
"5230","beta_trend",6083,5224,0,-0.268295749202798
"5231","beta_trend",6083,5225,0,-0.268408908656821
"5232","beta_trend",6083,5226,0,-0.268533873336257
"5233","beta_trend",6083,5227,0,-0.268670575470914
"5234","beta_trend",6083,5228,0,-0.268818937556873
"5235","beta_trend",6083,5229,0,-0.268978872448847
"5236","beta_trend",6083,5230,0,-0.269150283461236
"5237","beta_trend",6083,5231,0,-0.269333064477766
"5238","beta_trend",6083,5232,0,-0.269527100069579
"5239","beta_trend",6083,5233,0,-0.26973226562163
"5240","beta_trend",6083,5234,0,-0.26994842746725
"5241","beta_trend",6083,5235,0,-0.270122338561764
"5242","beta_trend",6083,5236,0,-0.270362409636123
"5243","beta_trend",6083,5237,0,-0.270612924259418
"5244","beta_trend",6083,5238,0,-0.270873717966563
"5245","beta_trend",6083,5239,0,-0.271144617887652
"5246","beta_trend",6083,5240,0,-0.271425442932715
"5247","beta_trend",6083,5241,0,-0.271716003983265
"5248","beta_trend",6083,5242,0,-0.272016104090425
"5249","beta_trend",6083,5243,0,-0.272325538679431
"5250","beta_trend",6083,5244,0,-0.272644095760297
"5251","beta_trend",6083,5245,0,-0.272971556144413
"5252","beta_trend",6083,5246,0,-0.273307693666868
"5253","beta_trend",6083,5247,0,-0.273652275414235
"5254","beta_trend",6083,5248,0,-0.274005061957613
"5255","beta_trend",6083,5249,0,-0.274365807590665
"5256","beta_trend",6083,5250,0,-0.274734260572403
"5257","beta_trend",6083,5251,0,-0.275110163374485
"5258","beta_trend",6083,5252,0,-0.275493252932748
"5259","beta_trend",6083,5253,0,-0.275883260902731
"5260","beta_trend",6083,5254,0,-0.276279913918923
"5261","beta_trend",6083,5255,0,-0.27668293385746
"5262","beta_trend",6083,5256,0,-0.277092038102015
"5263","beta_trend",6083,5257,0,-0.2775069398126
"5264","beta_trend",6083,5258,0,-0.277927348197002
"5265","beta_trend",6083,5259,0,-0.278352968784587
"5266","beta_trend",6083,5260,0,-0.278783503702186
"5267","beta_trend",6083,5261,0,-0.279218651951774
"5268","beta_trend",6083,5262,0,-0.279658109689683
"5269","beta_trend",6083,5263,0,-0.280101570507036
"5270","beta_trend",6083,5264,0,-0.280548725711146
"5271","beta_trend",6083,5265,0,-0.280999264607577
"5272","beta_trend",6083,5266,0,-0.28145287478259
"5273","beta_trend",6083,5267,0,-0.281909242385689
"5274","beta_trend",6083,5268,0,-0.282368052411986
"5275","beta_trend",6083,5269,0,-0.282828988984089
"5276","beta_trend",6083,5270,0,-0.28329173563325
"5277","beta_trend",6083,5271,0,-0.28375597557948
"5278","beta_trend",6083,5272,0,-0.284221392010352
"5279","beta_trend",6083,5273,0,-0.284687668358215
"5280","beta_trend",6083,5274,0,-0.285154488575554
"5281","beta_trend",6083,5275,0,-0.285621537408203
"5282","beta_trend",6083,5276,0,-0.286088500666162
"5283","beta_trend",6083,5277,0,-0.286555065491737
"5284","beta_trend",6083,5278,0,-0.287020920624741
"5285","beta_trend",6083,5279,0,-0.287485756664507
"5286","beta_trend",6083,5280,0,-0.287949266328432
"5287","beta_trend",6083,5281,0,-0.288411144706832
"5288","beta_trend",6083,5282,0,-0.288871089513826
"5289","beta_trend",6083,5283,0,-0.289328801334034
"5290","beta_trend",6083,5284,0,-0.289783983864824
"5291","beta_trend",6083,5285,0,-0.290236344153902
"5292","beta_trend",6083,5286,0,-0.290685592831987
"5293","beta_trend",6083,5287,0,-0.291131444340366
"5294","beta_trend",6083,5288,0,-0.291665519600796
"5295","beta_trend",6083,5289,0,-0.292107966647783
"5296","beta_trend",6083,5290,0,-0.292546368485802
"5297","beta_trend",6083,5291,0,-0.292980464392867
"5298","beta_trend",6083,5292,0,-0.293409998786802
"5299","beta_trend",6083,5293,0,-0.293834721426812
"5300","beta_trend",6083,5294,0,-0.294254387608804
"5301","beta_trend",6083,5295,0,-0.294668758354265
"5302","beta_trend",6083,5296,0,-0.29507760059255
"5303","beta_trend",6083,5297,0,-0.295480687336428
"5304","beta_trend",6083,5298,0,-0.295877797850731
"5305","beta_trend",6083,5299,0,-0.296268717813971
"5306","beta_trend",6083,5300,0,-0.296653239472811
"5307","beta_trend",6083,5301,0,-0.297031161789228
"5308","beta_trend",6083,5302,0,-0.2974022905803
"5309","beta_trend",6083,5303,0,-0.297766438650476
"5310","beta_trend",6083,5304,0,-0.298123425916242
"5311","beta_trend",6083,5305,0,-0.298473079523097
"5312","beta_trend",6083,5306,0,-0.29881523395475
"5313","beta_trend",6083,5307,0,-0.299149731134458
"5314","beta_trend",6083,5308,0,-0.299476420518463
"5315","beta_trend",6083,5309,0,-0.299795159181434
"5316","beta_trend",6083,5310,0,-0.300105811893903
"5317","beta_trend",6083,5311,0,-0.300408251191628
"5318","beta_trend",6083,5312,0,-0.300702357436855
"5319","beta_trend",6083,5313,0,-0.300988018871478
"5320","beta_trend",6083,5314,0,-0.301265131662041
"5321","beta_trend",6083,5315,0,-0.301533599936613
"5322","beta_trend",6083,5316,0,-0.301793335813521
"5323","beta_trend",6083,5317,0,-0.30204425942195
"5324","beta_trend",6083,5318,0,-0.302286298914432
"5325","beta_trend",6083,5319,0,-0.302519390471253
"5326","beta_trend",6083,5320,0,-0.302743478296807
"5327","beta_trend",6083,5321,0,-0.302958514607947
"5328","beta_trend",6083,5322,0,-0.303164459614381
"5329","beta_trend",6083,5323,0,-0.30336128149117
"5330","beta_trend",6083,5324,0,-0.3035489563434
"5331","beta_trend",6083,5325,0,-0.303727468163103
"5332","beta_trend",6083,5326,0,-0.303896808778504
"5333","beta_trend",6083,5327,0,-0.304056977795697
"5334","beta_trend",6083,5328,0,-0.30420798253283
"5335","beta_trend",6083,5329,0,-0.304349837946921
"5336","beta_trend",6083,5330,0,-0.304482566553415
"5337","beta_trend",6083,5331,0,-0.304522833079421
"5338","beta_trend",6083,5332,0,-0.304641094806525
"5339","beta_trend",6083,5333,0,-0.304750186866118
"5340","beta_trend",6083,5334,0,-0.304850167165829
"5341","beta_trend",6083,5335,0,-0.304941100442189
"5342","beta_trend",6083,5336,0,-0.305023058146723
"5343","beta_trend",6083,5337,0,-0.305096118325553
"5344","beta_trend",6083,5338,0,-0.305160365492673
"5345","beta_trend",6083,5339,0,-0.305215890497083
"5346","beta_trend",6083,5340,0,-0.305262790383944
"5347","beta_trend",6083,5341,0,-0.305301168249959
"5348","beta_trend",6083,5342,0,-0.305331133093165
"5349","beta_trend",6083,5343,0,-0.305352799657326
"5350","beta_trend",6083,5344,0,-0.30536628827113
"5351","beta_trend",6083,5345,0,-0.305371724682406
"5352","beta_trend",6083,5346,0,-0.305369239887548
"5353","beta_trend",6083,5347,0,-0.305358969956385
"5354","beta_trend",6083,5348,0,-0.305341055852691
"5355","beta_trend",6083,5349,0,-0.305315643250564
"5356","beta_trend",6083,5350,0,-0.305282882346905
"5357","beta_trend",6083,5351,0,-0.305242927670208
"5358","beta_trend",6083,5352,0,-0.305195937885897
"5359","beta_trend",6083,5353,0,-0.305142075598449
"5360","beta_trend",6083,5354,0,-0.305081507150513
"5361","beta_trend",6083,5355,0,-0.305014402419295
"5362","beta_trend",6083,5356,0,-0.304940934610407
"5363","beta_trend",6083,5357,0,-0.304861280049452
"5364","beta_trend",6083,5358,0,-0.304775617971559
"5365","beta_trend",6083,5359,0,-0.304684130309128
"5366","beta_trend",6083,5360,0,-0.304587001478008
"5367","beta_trend",6083,5361,0,-0.304484418162367
"5368","beta_trend",6083,5362,0,-0.304376569098475
"5369","beta_trend",6083,5363,0,-0.304263644857665
"5370","beta_trend",6083,5364,0,-0.304145837628686
"5371","beta_trend",6083,5365,0,-0.304023340999714
"5372","beta_trend",6083,5366,0,-0.303896349740243
"5373","beta_trend",6083,5367,0,-0.303765059583096
"5374","beta_trend",6083,5368,0,-0.303629667006799
"5375","beta_trend",6083,5369,0,-0.303490369018547
"5376","beta_trend",6083,5370,0,-0.303347362938002
"5377","beta_trend",6083,5371,0,-0.303200846182137
"5378","beta_trend",6083,5372,0,-0.303051016051382
"5379","beta_trend",6083,5373,0,-0.302898069517263
"5380","beta_trend",6083,5374,0,-0.302742203011791
"5381","beta_trend",6083,5375,0,-0.302583612218796
"5382","beta_trend",6083,5376,0,-0.302422491867432
"5383","beta_trend",6083,5377,0,-0.302259035528065
"5384","beta_trend",6083,5378,0,-0.302093435410752
"5385","beta_trend",6083,5379,0,-0.301925882166521
"5386","beta_trend",6083,5380,0,-0.301756564691636
"5387","beta_trend",6083,5381,0,-0.301585669935069
"5388","beta_trend",6083,5382,0,-0.301413382709348
"5389","beta_trend",6083,5383,0,-0.301239885504974
"5390","beta_trend",6083,5384,0,-0.3011110467595
"5391","beta_trend",6083,5385,0,-0.300937772656041
"5392","beta_trend",6083,5386,0,-0.30076391183435
"5393","beta_trend",6083,5387,0,-0.300589639428495
"5394","beta_trend",6083,5388,0,-0.300415127520359
"5395","beta_trend",6083,5389,0,-0.300240544983708
"5396","beta_trend",6083,5390,0,-0.300066057333113
"5397","beta_trend",6083,5391,0,-0.299891826577879
"5398","beta_trend",6083,5392,0,-0.299718011081115
"5399","beta_trend",6083,5393,0,-0.299544765424078
"5400","beta_trend",6083,5394,0,-0.299372240275915
"5401","beta_trend",6083,5395,0,-0.299200582268932
"5402","beta_trend",6083,5396,0,-0.29902993387948
"5403","beta_trend",6083,5397,0,-0.298860433314592
"5404","beta_trend",6083,5398,0,-0.298692214404445
"5405","beta_trend",6083,5399,0,-0.298525406500753
"5406","beta_trend",6083,5400,0,-0.298360134381173
"5407","beta_trend",6083,5401,0,-0.298196518159793
"5408","beta_trend",6083,5402,0,-0.298034673203783
"5409","beta_trend",6083,5403,0,-0.297874710056263
"5410","beta_trend",6083,5404,0,-0.297716734365453
"5411","beta_trend",6083,5405,0,-0.297560846820142
"5412","beta_trend",6083,5406,0,-0.297407143091523
"5413","beta_trend",6083,5407,0,-0.297255713781421
"5414","beta_trend",6083,5408,0,-0.297106644376959
"5415","beta_trend",6083,5409,0,-0.296960015211645
"5416","beta_trend",6083,5410,0,-0.296815901432927
"5417","beta_trend",6083,5411,0,-0.296674372976194
"5418","beta_trend",6083,5412,0,-0.296535494545238
"5419","beta_trend",6083,5413,0,-0.296399325599143
"5420","beta_trend",6083,5414,0,-0.296265920345602
"5421","beta_trend",6083,5415,0,-0.296135327740631
"5422","beta_trend",6083,5416,0,-0.296007591494636
"5423","beta_trend",6083,5417,0,-0.2958827500848
"5424","beta_trend",6083,5418,0,-0.295760836773752
"5425","beta_trend",6083,5419,0,-0.295641879634436
"5426","beta_trend",6083,5420,0,-0.295525901581147
"5427","beta_trend",6083,5421,0,-0.295412920406646
"5428","beta_trend",6083,5422,0,-0.295302948825285
"5429","beta_trend",6083,5423,0,-0.29519599452205
"5430","beta_trend",6083,5424,0,-0.295092060207457
"5431","beta_trend",6083,5425,0,-0.29499114367817
"5432","beta_trend",6083,5426,0,-0.294893237883268
"5433","beta_trend",6083,5427,0,-0.294798330996033
"5434","beta_trend",6083,5428,0,-0.294658155956605
"5435","beta_trend",6083,5429,0,-0.294571330492835
"5436","beta_trend",6083,5430,0,-0.294487350761874
"5437","beta_trend",6083,5431,0,-0.294406190204616
"5438","beta_trend",6083,5432,0,-0.294327817794143
"5439","beta_trend",6083,5433,0,-0.294252198142359
"5440","beta_trend",6083,5434,0,-0.294179291611105
"5441","beta_trend",6083,5435,0,-0.294109054427594
"5442","beta_trend",6083,5436,0,-0.294041438804026
"5443","beta_trend",6083,5437,0,-0.293976393061207
"5444","beta_trend",6083,5438,0,-0.293913861756011
"5445","beta_trend",6083,5439,0,-0.293853785812528
"5446","beta_trend",6083,5440,0,-0.293796102656697
"5447","beta_trend",6083,5441,0,-0.293740746354272
"5448","beta_trend",6083,5442,0,-0.293687647751929
"5449","beta_trend",6083,5443,0,-0.293636734621323
"5450","beta_trend",6083,5444,0,-0.293587931805915
"5451","beta_trend",6083,5445,0,-0.293541161370379
"5452","beta_trend",6083,5446,0,-0.293496342752377
"5453","beta_trend",6083,5447,0,-0.29345339291653
"5454","beta_trend",6083,5448,0,-0.293412226510366
"5455","beta_trend",6083,5449,0,-0.293372756022048
"5456","beta_trend",6083,5450,0,-0.293334891939681
"5457","beta_trend",6083,5451,0,-0.293298542911988
"5458","beta_trend",6083,5452,0,-0.293263615910153
"5459","beta_trend",6083,5453,0,-0.293230016390613
"5460","beta_trend",6083,5454,0,-0.2931976484586
"5461","beta_trend",6083,5455,0,-0.293166415032212
"5462","beta_trend",6083,5456,0,-0.293136218006811
"5463","beta_trend",6083,5457,0,-0.293106958419527
"5464","beta_trend",6083,5458,0,-0.293078536613668
"5465","beta_trend",6083,5459,0,-0.293050852402806
"5466","beta_trend",6083,5460,0,-0.293023805234349
"5467","beta_trend",6083,5461,0,-0.292997294352374
"5468","beta_trend",6083,5462,0,-0.292971218959512
"5469","beta_trend",6083,5463,0,-0.292945478377684
"5470","beta_trend",6083,5464,0,-0.29291997220747
"5471","beta_trend",6083,5465,0,-0.29289460048591
"5472","beta_trend",6083,5466,0,-0.292869263842536
"5473","beta_trend",6083,5467,0,-0.292843863653424
"5474","beta_trend",6083,5468,0,-0.292818302193074
"5475","beta_trend",6083,5469,0,-0.292792482783909
"5476","beta_trend",6083,5470,0,-0.292766309943216
"5477","beta_trend",6083,5471,0,-0.292739689527314
"5478","beta_trend",6083,5472,0,-0.292712528872775
"5479","beta_trend",6083,5473,0,-0.292684736934513
"5480","beta_trend",6083,5474,0,-0.292656224420541
"5481","beta_trend",6083,5475,0,-0.292626903923239
"5482","beta_trend",6083,5476,0,-0.292596690046943
"5483","beta_trend",6083,5477,0,-0.292565499531688
"5484","beta_trend",6083,5478,0,-0.292533251372942
"5485","beta_trend",6083,5479,0,-0.292499866937159
"5486","beta_trend",6083,5480,0,-0.292465270073007
"5487","beta_trend",6083,5481,0,-0.292540940042767
"5488","beta_trend",6083,5482,0,-0.292508835640758
"5489","beta_trend",6083,5483,0,-0.292475529182069
"5490","beta_trend",6083,5484,0,-0.292440964485554
"5491","beta_trend",6083,5485,0,-0.29240508867315
"5492","beta_trend",6083,5486,0,-0.29236785226317
"5493","beta_trend",6083,5487,0,-0.29232920925862
"5494","beta_trend",6083,5488,0,-0.292289117230423
"5495","beta_trend",6083,5489,0,-0.292247537395451
"5496","beta_trend",6083,5490,0,-0.292204434689272
"5497","beta_trend",6083,5491,0,-0.292159777833511
"5498","beta_trend",6083,5492,0,-0.292113539397757
"5499","beta_trend",6083,5493,0,-0.292065695855925
"5500","beta_trend",6083,5494,0,-0.292016227637008
"5501","beta_trend",6083,5495,0,-0.29196511917016
"5502","beta_trend",6083,5496,0,-0.291912358924047
"5503","beta_trend",6083,5497,0,-0.291857939440411
"5504","beta_trend",6083,5498,0,-0.291801857361818
"5505","beta_trend",6083,5499,0,-0.291744113453542
"5506","beta_trend",6083,5500,0,-0.291684712619554
"5507","beta_trend",6083,5501,0,-0.291623663912602
"5508","beta_trend",6083,5502,0,-0.291560980538369
"5509","beta_trend",6083,5503,0,-0.291496679853676
"5510","beta_trend",6083,5504,0,-0.291430783358768
"5511","beta_trend",6083,5505,0,-0.291363316683651
"5512","beta_trend",6083,5506,0,-0.291294309568515
"5513","beta_trend",6083,5507,0,-0.291223795838261
"5514","beta_trend",6083,5508,0,-0.291151813371148
"5515","beta_trend",6083,5509,0,-0.291078404061607
"5516","beta_trend",6083,5510,0,-0.291003613777246
"5517","beta_trend",6083,5511,0,-0.290927492310125
"5518","beta_trend",6083,5512,0,-0.290850093322312
"5519","beta_trend",6083,5513,0,-0.290771474285823
"5520","beta_trend",6083,5514,0,-0.290691696416988
"5521","beta_trend",6083,5515,0,-0.290610824605332
"5522","beta_trend",6083,5516,0,-0.290528927337041
"5523","beta_trend",6083,5517,0,-0.290446076613123
"5524","beta_trend",6083,5518,0,-0.290362347862325
"5525","beta_trend",6083,5519,0,-0.290277819848942
"5526","beta_trend",6083,5520,0,-0.290192574575606
"5527","beta_trend",6083,5521,0,-0.290106697181171
"5528","beta_trend",6083,5522,0,-0.290020275833822
"5529","beta_trend",6083,5523,0,-0.289933401619518
"5530","beta_trend",6083,5524,0,-0.289757736904683
"5531","beta_trend",6083,5525,0,-0.289674154467538
"5532","beta_trend",6083,5526,0,-0.289590244528747
"5533","beta_trend",6083,5527,0,-0.289506115113784
"5534","beta_trend",6083,5528,0,-0.289421876306902
"5535","beta_trend",6083,5529,0,-0.289337640122405
"5536","beta_trend",6083,5530,0,-0.289253520372063
"5537","beta_trend",6083,5531,0,-0.289169632528868
"5538","beta_trend",6083,5532,0,-0.28908609358728
"5539","beta_trend",6083,5533,0,-0.289003021920166
"5540","beta_trend",6083,5534,0,-0.288920537132606
"5541","beta_trend",6083,5535,0,-0.288838759912763
"5542","beta_trend",6083,5536,0,-0.288757811879997
"5543","beta_trend",6083,5537,0,-0.288677815430437
"5544","beta_trend",6083,5538,0,-0.288598893580192
"5545","beta_trend",6083,5539,0,-0.28852116980642
"5546","beta_trend",6083,5540,0,-0.288444767886449
"5547","beta_trend",6083,5541,0,-0.288369811735163
"5548","beta_trend",6083,5542,0,-0.288296425240854
"5549","beta_trend",6083,5543,0,-0.288224732099775
"5550","beta_trend",6083,5544,0,-0.288154855649576
"5551","beta_trend",6083,5545,0,-0.288086918701865
"5552","beta_trend",6083,5546,0,-0.288021043374099
"5553","beta_trend",6083,5547,0,-0.287957350921022
"5554","beta_trend",6083,5548,0,-0.287895961565878
"5555","beta_trend",6083,5549,0,-0.287836994331607
"5556","beta_trend",6083,5550,0,-0.287780566872251
"5557","beta_trend",6083,5551,0,-0.287726795304796
"5558","beta_trend",6083,5552,0,-0.287675794041648
"5559","beta_trend",6083,5553,0,-0.287627675623998
"5560","beta_trend",6083,5554,0,-0.287582550556255
"5561","beta_trend",6083,5555,0,-0.287540527141801
"5562","beta_trend",6083,5556,0,-0.287501711320256
"5563","beta_trend",6083,5557,0,-0.287466206506498
"5564","beta_trend",6083,5558,0,-0.287434113431622
"5565","beta_trend",6083,5559,0,-0.287405529986074
"5566","beta_trend",6083,5560,0,-0.28738055106516
"5567","beta_trend",6083,5561,0,-0.287359268417136
"5568","beta_trend",6083,5562,0,-0.287341770494093
"5569","beta_trend",6083,5563,0,-0.287328142305834
"5570","beta_trend",6083,5564,0,-0.287318465276943
"5571","beta_trend",6083,5565,0,-0.28731281710724
"5572","beta_trend",6083,5566,0,-0.287311271635823
"5573","beta_trend",6083,5567,0,-0.287313898708881
"5574","beta_trend",6083,5568,0,-0.287320764051456
"5575","beta_trend",6083,5569,0,-0.287331929143354
"5576","beta_trend",6083,5570,0,-0.28734745109936
"5577","beta_trend",6083,5571,0,-0.28736738255394
"5578","beta_trend",6083,5572,0,-0.287391771550606
"5579","beta_trend",6083,5573,0,-0.287420661436081
"5580","beta_trend",6083,5574,0,-0.287454090759451
"5581","beta_trend",6083,5575,0,-0.287492093176428
"5582","beta_trend",6083,5576,0,-0.287534697358889
"5583","beta_trend",6083,5577,0,-0.287602530510648
"5584","beta_trend",6083,5578,0,-0.287655353617944
"5585","beta_trend",6083,5579,0,-0.287712875062618
"5586","beta_trend",6083,5580,0,-0.287775104460375
"5587","beta_trend",6083,5581,0,-0.287842046136764
"5588","beta_trend",6083,5582,0,-0.287913699073121
"5589","beta_trend",6083,5583,0,-0.2879900568587
"5590","beta_trend",6083,5584,0,-0.288071107649059
"5591","beta_trend",6083,5585,0,-0.288156834130824
"5592","beta_trend",6083,5586,0,-0.288247213492887
"5593","beta_trend",6083,5587,0,-0.288342217404113
"5594","beta_trend",6083,5588,0,-0.288441811997649
"5595","beta_trend",6083,5589,0,-0.288545957861859
"5596","beta_trend",6083,5590,0,-0.288654610037961
"5597","beta_trend",6083,5591,0,-0.288767718024401
"5598","beta_trend",6083,5592,0,-0.288885225788001
"5599","beta_trend",6083,5593,0,-0.289007071781909
"5600","beta_trend",6083,5594,0,-0.289133188970373
"5601","beta_trend",6083,5595,0,-0.289263504860352
"5602","beta_trend",6083,5596,0,-0.28939794153996
"5603","beta_trend",6083,5597,0,-0.289536415723751
"5604","beta_trend",6083,5598,0,-0.289678838804829
"5605","beta_trend",6083,5599,0,-0.289825116913753
"5606","beta_trend",6083,5600,0,-0.289975150984225
"5607","beta_trend",6083,5601,0,-0.290128836825514
"5608","beta_trend",6083,5602,0,-0.29028606520157
"5609","beta_trend",6083,5603,0,-0.290446721916783
"5610","beta_trend",6083,5604,0,-0.29061068790832
"5611","beta_trend",6083,5605,0,-0.290777839344972
"5612","beta_trend",6083,5606,0,-0.290948047732436
"5613","beta_trend",6083,5607,0,-0.29112118002494
"5614","beta_trend",6083,5608,0,-0.291297098743132
"5615","beta_trend",6083,5609,0,-0.291475662098112
"5616","beta_trend",6083,5610,0,-0.291656724121514
"5617","beta_trend",6083,5611,0,-0.291840134801517
"5618","beta_trend",6083,5612,0,-0.292025740224656
"5619","beta_trend",6083,5613,0,-0.292213382723307
"5620","beta_trend",6083,5614,0,-0.292402901028698
"5621","beta_trend",6083,5615,0,-0.292594130429315
"5622","beta_trend",6083,5616,0,-0.292786902934531
"5623","beta_trend",6083,5617,0,-0.292981047443307
"5624","beta_trend",6083,5618,0,-0.293176389917795
"5625","beta_trend",6083,5619,0,-0.293372753561669
"5626","beta_trend",6083,5620,0,-0.293569959003002
"5627","beta_trend",6083,5621,0,-0.2937204435302
"5628","beta_trend",6083,5622,0,-0.293920884121991
"5629","beta_trend",6083,5623,0,-0.294121526636764
"5630","beta_trend",6083,5624,0,-0.29432218679434
"5631","beta_trend",6083,5625,0,-0.294522678587447
"5632","beta_trend",6083,5626,0,-0.294722814491915
"5633","beta_trend",6083,5627,0,-0.294922405679865
"5634","beta_trend",6083,5628,0,-0.29512126223565
"5635","beta_trend",6083,5629,0,-0.29531919337432
"5636","beta_trend",6083,5630,0,-0.29551600766239
"5637","beta_trend",6083,5631,0,-0.295711513240658
"5638","beta_trend",6083,5632,0,-0.295905518048825
"5639","beta_trend",6083,5633,0,-0.296097830051694
"5640","beta_trend",6083,5634,0,-0.296288257466667
"5641","beta_trend",6083,5635,0,-0.296476608992309
"5642","beta_trend",6083,5636,0,-0.296662694037703
"5643","beta_trend",6083,5637,0,-0.296846322952357
"5644","beta_trend",6083,5638,0,-0.297027307256372
"5645","beta_trend",6083,5639,0,-0.297205459870634
"5646","beta_trend",6083,5640,0,-0.297380595346738
"5647","beta_trend",6083,5641,0,-0.297552530096394
"5648","beta_trend",6083,5642,0,-0.297721082620029
"5649","beta_trend",6083,5643,0,-0.297886073734323
"5650","beta_trend",6083,5644,0,-0.298047326798397
"5651","beta_trend",6083,5645,0,-0.298204667938396
"5652","beta_trend",6083,5646,0,-0.298357926270163
"5653","beta_trend",6083,5647,0,-0.298506934119767
"5654","beta_trend",6083,5648,0,-0.298651527241577
"5655","beta_trend",6083,5649,0,-0.298791545033632
"5656","beta_trend",6083,5650,0,-0.29892683075003
"5657","beta_trend",6083,5651,0,-0.299057231710048
"5658","beta_trend",6083,5652,0,-0.299182599503752
"5659","beta_trend",6083,5653,0,-0.299302790193805
"5660","beta_trend",6083,5654,0,-0.299417664513216
"5661","beta_trend",6083,5655,0,-0.299527088058773
"5662","beta_trend",6083,5656,0,-0.299630931479884
"5663","beta_trend",6083,5657,0,-0.299729070662589
"5664","beta_trend",6083,5658,0,-0.299821386908465
"5665","beta_trend",6083,5659,0,-0.299907767108192
"5666","beta_trend",6083,5660,0,-0.299988103909525
"5667","beta_trend",6083,5661,0,-0.300062295879437
"5668","beta_trend",6083,5662,0,-0.300130247660173
"5669","beta_trend",6083,5663,0,-0.300191870119019
"5670","beta_trend",6083,5664,0,-0.300247080491517
"5671","beta_trend",6083,5665,0,-0.300295802517936
"5672","beta_trend",6083,5666,0,-0.300337966572759
"5673","beta_trend",6083,5667,0,-0.300373509786991
"5674","beta_trend",6083,5668,0,-0.300402376163074
"5675","beta_trend",6083,5669,0,-0.300424516682205
"5676","beta_trend",6083,5670,0,-0.300439889403883
"5677","beta_trend",6083,5671,0,-0.300448459557482
"5678","beta_trend",6083,5672,0,-0.300450199625678
"5679","beta_trend",6083,5673,0,-0.300445089419566
"5680","beta_trend",6083,5674,0,-0.300578387803435
"5681","beta_trend",6083,5675,0,-0.3005662344771
"5682","beta_trend",6083,5676,0,-0.300547505237193
"5683","beta_trend",6083,5677,0,-0.300522221540304
"5684","beta_trend",6083,5678,0,-0.300490412853262
"5685","beta_trend",6083,5679,0,-0.300452116689683
"5686","beta_trend",6083,5680,0,-0.300407378637647
"5687","beta_trend",6083,5681,0,-0.300356252378406
"5688","beta_trend",6083,5682,0,-0.300298799696028
"5689","beta_trend",6083,5683,0,-0.300235090477916
"5690","beta_trend",6083,5684,0,-0.300165202706121
"5691","beta_trend",6083,5685,0,-0.300089222439404
"5692","beta_trend",6083,5686,0,-0.300007243785993
"5693","beta_trend",6083,5687,0,-0.299919368866997
"5694","beta_trend",6083,5688,0,-0.299825707770457
"5695","beta_trend",6083,5689,0,-0.299726378496012
"5696","beta_trend",6083,5690,0,-0.299621506890172
"5697","beta_trend",6083,5691,0,-0.299511226572215
"5698","beta_trend",6083,5692,0,-0.299395678850691
"5699","beta_trend",6083,5693,0,-0.299275012630608
"5700","beta_trend",6083,5694,0,-0.299149384311277
"5701","beta_trend",6083,5695,0,-0.299018957674916
"5702","beta_trend",6083,5696,0,-0.298883903766025
"5703","beta_trend",6083,5697,0,-0.298744400761631
"5704","beta_trend",6083,5698,0,-0.298600633832465
"5705","beta_trend",6083,5699,0,-0.298452794995159
"5706","beta_trend",6083,5700,0,-0.298301082955567
"5707","beta_trend",6083,5701,0,-0.298145702943321
"5708","beta_trend",6083,5702,0,-0.297986866537728
"5709","beta_trend",6083,5703,0,-0.297824791485158
"5710","beta_trend",6083,5704,0,-0.297659701508048
"5711","beta_trend",6083,5705,0,-0.297491826105674
"5712","beta_trend",6083,5706,0,-0.297321400346864
"5713","beta_trend",6083,5707,0,-0.297148664654802
"5714","beta_trend",6083,5708,0,-0.296973864584124
"5715","beta_trend",6083,5709,0,-0.296797250590486
"5716","beta_trend",6083,5710,0,-0.296619077792802
"5717","beta_trend",6083,5711,0,-0.296439605728368
"5718","beta_trend",6083,5712,0,-0.296259098101083
"5719","beta_trend",6083,5713,0,-0.296077822523006
"5720","beta_trend",6083,5714,0,-0.295896050249475
"5721","beta_trend",6083,5715,0,-0.295714055908038
"5722","beta_trend",6083,5716,0,-0.295532117221449
"5723","beta_trend",6083,5717,0,-0.295265308648172
"5724","beta_trend",6083,5718,0,-0.295088095410496
"5725","beta_trend",6083,5719,0,-0.294911628524732
"5726","beta_trend",6083,5720,0,-0.294736201448944
"5727","beta_trend",6083,5721,0,-0.294562109044386
"5728","beta_trend",6083,5722,0,-0.294389647276184
"5729","beta_trend",6083,5723,0,-0.294219112909882
"5730","beta_trend",6083,5724,0,-0.294050803204142
"5731","beta_trend",6083,5725,0,-0.29388501559994
"5732","beta_trend",6083,5726,0,-0.293722047406592
"5733","beta_trend",6083,5727,0,-0.293562195484925
"5734","beta_trend",6083,5728,0,-0.293405755927959
"5735","beta_trend",6083,5729,0,-0.293253023739431
"5736","beta_trend",6083,5730,0,-0.293104292510515
"5737","beta_trend",6083,5731,0,-0.292959854095093
"5738","beta_trend",6083,5732,0,-0.292819998283939
"5739","beta_trend",6083,5733,0,-0.292685012478176
"5740","beta_trend",6083,5734,0,-0.292555181362363
"5741","beta_trend",6083,5735,0,-0.292430786577597
"5742","beta_trend",6083,5736,0,-0.292312106394989
"5743","beta_trend",6083,5737,0,-0.292199415389883
"5744","beta_trend",6083,5738,0,-0.292092984117203
"5745","beta_trend",6083,5739,0,-0.291993078788296
"5746","beta_trend",6083,5740,0,-0.291899960949648
"5747","beta_trend",6083,5741,0,-0.291813887163851
"5748","beta_trend",6083,5742,0,-0.291735108693195
"5749","beta_trend",6083,5743,0,-0.291663871186262
"5750","beta_trend",6083,5744,0,-0.2916004143679
"5751","beta_trend",6083,5745,0,-0.291544971732946
"5752","beta_trend",6083,5746,0,-0.291497770244076
"5753","beta_trend",6083,5747,0,-0.291459030034143
"5754","beta_trend",6083,5748,0,-0.291428964113384
"5755","beta_trend",6083,5749,0,-0.291407778081851
"5756","beta_trend",6083,5750,0,-0.291395669847431
"5757","beta_trend",6083,5751,0,-0.291392829349813
"5758","beta_trend",6083,5752,0,-0.291399438290756
"5759","beta_trend",6083,5753,0,-0.291415669871008
"5760","beta_trend",6083,5754,0,-0.291441688534225
"5761","beta_trend",6083,5755,0,-0.291477649718212
"5762","beta_trend",6083,5756,0,-0.291523699613845
"5763","beta_trend",6083,5757,0,-0.291579974931985
"5764","beta_trend",6083,5758,0,-0.291646602678705
"5765","beta_trend",6083,5759,0,-0.291723699939156
"5766","beta_trend",6083,5760,0,-0.291811373670361
"5767","beta_trend",6083,5761,0,-0.291909720503255
"5768","beta_trend",6083,5762,0,-0.292018826554248
"5769","beta_trend",6083,5763,0,-0.292138767246607
"5770","beta_trend",6083,5764,0,-0.292269607141913
"5771","beta_trend",6083,5765,0,-0.292411399781876
"5772","beta_trend",6083,5766,0,-0.292564187540758
"5773","beta_trend",6083,5767,0,-0.292728001488642
"5774","beta_trend",6083,5768,0,-0.292902861265791
"5775","beta_trend",6083,5769,0,-0.293088774968328
"5776","beta_trend",6083,5770,0,-0.29328573904543
"5777","beta_trend",6083,5771,0,-0.293493738208263
"5778","beta_trend",6083,5772,0,-0.293712745350842
"5779","beta_trend",6083,5773,0,-0.293942721482987
"5780","beta_trend",6083,5774,0,-0.294183615675556
"5781","beta_trend",6083,5775,0,-0.294435365018111
"5782","beta_trend",6083,5776,0,-0.294697894589148
"5783","beta_trend",6083,5777,0,-0.294971117439043
"5784","beta_trend",6083,5778,0,-0.295254934585809
"5785","beta_trend",6083,5779,0,-0.295549235023791
"5786","beta_trend",6083,5780,0,-0.295853895745376
"5787","beta_trend",6083,5781,0,-0.296168781775807
"5788","beta_trend",6083,5782,0,-0.296493746221153
"5789","beta_trend",6083,5783,0,-0.296828630329502
"5790","beta_trend",6083,5784,0,-0.297173263565407
"5791","beta_trend",6083,5785,0,-0.297527463697593
"5792","beta_trend",6083,5786,0,-0.29789103689997
"5793","beta_trend",6083,5787,0,-0.298263777865902
"5794","beta_trend",6083,5788,0,-0.298645469935752
"5795","beta_trend",6083,5789,0,-0.299035885237636
"5796","beta_trend",6083,5790,0,-0.299434784841363
"5797","beta_trend",6083,5791,0,-0.299841918925474
"5798","beta_trend",6083,5792,0,-0.300257026957323
"5799","beta_trend",6083,5793,0,-0.300679837886089
"5800","beta_trend",6083,5794,0,-0.30111007034862
"5801","beta_trend",6083,5795,0,-0.301547432887986
"5802","beta_trend",6083,5796,0,-0.301991624184601
"5803","beta_trend",6083,5797,0,-0.302442333299764
"5804","beta_trend",6083,5798,0,-0.302899239931449
"5805","beta_trend",6083,5799,0,-0.303362014682168
"5806","beta_trend",6083,5800,0,-0.30383031933871
"5807","beta_trend",6083,5801,0,-0.304303807163541
"5808","beta_trend",6083,5802,0,-0.304782123197652
"5809","beta_trend",6083,5803,0,-0.305264904574604
"5810","beta_trend",6083,5804,0,-0.305751780845527
"5811","beta_trend",6083,5805,0,-0.306242374314808
"5812","beta_trend",6083,5806,0,-0.306736300386182
"5813","beta_trend",6083,5807,0,-0.307233167918942
"5814","beta_trend",6083,5808,0,-0.307732579593951
"5815","beta_trend",6083,5809,0,-0.308234132289156
"5816","beta_trend",6083,5810,0,-0.308737417464252
"5817","beta_trend",6083,5811,0,-0.30924202155417
"5818","beta_trend",6083,5812,0,-0.309747526371023
"5819","beta_trend",6083,5813,0,-0.310253509514143
"5820","beta_trend",6083,5814,0,-0.310703982255959
"5821","beta_trend",6083,5815,0,-0.311212101301932
"5822","beta_trend",6083,5816,0,-0.311719307006408
"5823","beta_trend",6083,5817,0,-0.312225168447171
"5824","beta_trend",6083,5818,0,-0.312729252498062
"5825","beta_trend",6083,5819,0,-0.313231124284185
"5826","beta_trend",6083,5820,0,-0.313730347642208
"5827","beta_trend",6083,5821,0,-0.31422648558528
"5828","beta_trend",6083,5822,0,-0.314719100772143
"5829","beta_trend",6083,5823,0,-0.315207755979956
"5830","beta_trend",6083,5824,0,-0.315692014580355
"5831","beta_trend",6083,5825,0,-0.316171441018298
"5832","beta_trend",6083,5826,0,-0.316645601293178
"5833","beta_trend",6083,5827,0,-0.317114063441742
"5834","beta_trend",6083,5828,0,-0.317576398022294
"5835","beta_trend",6083,5829,0,-0.318032178599702
"5836","beta_trend",6083,5830,0,-0.318480982230682
"5837","beta_trend",6083,5831,0,-0.318922389948871
"5838","beta_trend",6083,5832,0,-0.319355987249141
"5839","beta_trend",6083,5833,0,-0.319781364570672
"5840","beta_trend",6083,5834,0,-0.320198117778235
"5841","beta_trend",6083,5835,0,-0.320605848641171
"5842","beta_trend",6083,5836,0,-0.321004165309548
"5843","beta_trend",6083,5837,0,-0.321392682786951
"5844","beta_trend",6083,5838,0,-0.321771023399397
"5845","beta_trend",6083,5839,0,-0.322138817259832
"5846","beta_trend",6083,5840,0,-0.322495702727693
"5847","beta_trend",6083,5841,0,-0.322841326863007
"5848","beta_trend",6083,5842,0,-0.323175345874493
"5849","beta_trend",6083,5843,0,-0.323497425561165
"5850","beta_trend",6083,5844,0,-0.323807241746888
"5851","beta_trend",6083,5845,0,-0.324104480707398
"5852","beta_trend",6083,5846,0,-0.32438883958926
"5853","beta_trend",6083,5847,0,-0.324660026820249
"5854","beta_trend",6083,5848,0,-0.324917762510668
"5855","beta_trend",6083,5849,0,-0.325161778845092
"5856","beta_trend",6083,5850,0,-0.32539182046405
"5857","beta_trend",6083,5851,0,-0.325607644835163
"5858","beta_trend",6083,5852,0,-0.325809022613252
"5859","beta_trend",6083,5853,0,-0.32599573798896
"5860","beta_trend",6083,5854,0,-0.326167589025407
"5861","beta_trend",6083,5855,0,-0.326324387982446
"5862","beta_trend",6083,5856,0,-0.326465961628059
"5863","beta_trend",6083,5857,0,-0.326592151536468
"5864","beta_trend",6083,5858,0,-0.326702814372538
"5865","beta_trend",6083,5859,0,-0.326797822162057
"5866","beta_trend",6083,5860,0,-0.326877062547487
"5867","beta_trend",6083,5861,0,-0.326940439028817
"5868","beta_trend",6083,5862,0,-0.326987871189112
"5869","beta_trend",6083,5863,0,-0.327019294904416
"5870","beta_trend",6083,5864,0,-0.32703466253766
"5871","beta_trend",6083,5865,0,-0.327033943116219
"5872","beta_trend",6083,5866,0,-0.327017122492812
"5873","beta_trend",6083,5867,0,-0.326984203489442
"5874","beta_trend",6083,5868,0,-0.326935206024062
"5875","beta_trend",6083,5869,0,-0.326870167219717
"5876","beta_trend",6083,5870,0,-0.326789141495876
"5877","beta_trend",6083,5871,0,-0.32669220064173
"5878","beta_trend",6083,5872,0,-0.326579433871216
"5879","beta_trend",6083,5873,0,-0.326450947859562
"5880","beta_trend",6083,5874,0,-0.32630686676115
"5881","beta_trend",6083,5875,0,-0.326147332208542
"5882","beta_trend",6083,5876,0,-0.325972503292482
"5883","beta_trend",6083,5877,0,-0.325782556522765
"5884","beta_trend",6083,5878,0,-0.325577685769823
"5885","beta_trend",6083,5879,0,-0.325358102186948
"5886","beta_trend",6083,5880,0,-0.325124034113057
"5887","beta_trend",6083,5881,0,-0.324875726955945
"5888","beta_trend",6083,5882,0,-0.324613443055956
"5889","beta_trend",6083,5883,0,-0.32433746153009
"5890","beta_trend",6083,5884,0,-0.324048078096493
"5891","beta_trend",6083,5885,0,-0.323745604879377
"5892","beta_trend",6083,5886,0,-0.3234303701944
"5893","beta_trend",6083,5887,0,-0.323102718314538
"5894","beta_trend",6083,5888,0,-0.322763009216554
"5895","beta_trend",6083,5889,0,-0.322411618308138
"5896","beta_trend",6083,5890,0,-0.322048936135842
"5897","beta_trend",6083,5891,0,-0.321675368073939
"5898","beta_trend",6083,5892,0,-0.321291333994365
"5899","beta_trend",6083,5893,0,-0.320897267917928
"5900","beta_trend",6083,5894,0,-0.320493617646952
"5901","beta_trend",6083,5895,0,-0.320080844379611
"5902","beta_trend",6083,5896,0,-0.319659422306152
"5903","beta_trend",6083,5897,0,-0.319229838187288
"5904","beta_trend",6083,5898,0,-0.318792590915021
"5905","beta_trend",6083,5899,0,-0.318348191056196
"5906","beta_trend",6083,5900,0,-0.317897160379102
"5907","beta_trend",6083,5901,0,-0.317440031363448
"5908","beta_trend",6083,5902,0,-0.316977346694065
"5909","beta_trend",6083,5903,0,-0.316509658738717
"5910","beta_trend",6083,5904,0,-0.316037529010393
"5911","beta_trend",6083,5905,0,-0.315561527614498
"5912","beta_trend",6083,5906,0,-0.315082232681372
"5913","beta_trend",6083,5907,0,-0.314600229784563
"5914","beta_trend",6083,5908,0,-0.314116111345337
"5915","beta_trend",6083,5909,0,-0.313630476023881
"5916","beta_trend",6083,5910,0,-0.313063728338313
"5917","beta_trend",6083,5911,0,-0.312580425164675
"5918","beta_trend",6083,5912,0,-0.312097283387278
"5919","beta_trend",6083,5913,0,-0.311614926150986
"5920","beta_trend",6083,5914,0,-0.311133979399971
"5921","beta_trend",6083,5915,0,-0.31065507120711
"5922","beta_trend",6083,5916,0,-0.310178831093628
"5923","beta_trend",6083,5917,0,-0.309705889339629
"5924","beta_trend",6083,5918,0,-0.309236876286118
"5925","beta_trend",6083,5919,0,-0.308772421629114
"5926","beta_trend",6083,5920,0,-0.308313153706538
"5927","beta_trend",6083,5921,0,-0.307859698778467
"5928","beta_trend",6083,5922,0,-0.307412680301473
"5929","beta_trend",6083,5923,0,-0.306972718197656
"5930","beta_trend",6083,5924,0,-0.306540428119093
"5931","beta_trend",6083,5925,0,-0.306116420708367
"5932","beta_trend",6083,5926,0,-0.305701300855871
"5933","beta_trend",6083,5927,0,-0.305295666954593
"5934","beta_trend",6083,5928,0,-0.304900110153088
"5935","beta_trend",6083,5929,0,-0.304515213607349
"5936","beta_trend",6083,5930,0,-0.304141551732293
"5937","beta_trend",6083,5931,0,-0.303779689453593
"5938","beta_trend",6083,5932,0,-0.303430181460573
"5939","beta_trend",6083,5933,0,-0.303093571460908
"5940","beta_trend",6083,5934,0,-0.302770391437848
"5941","beta_trend",6083,5935,0,-0.302461160910714
"5942","beta_trend",6083,5936,0,-0.30216638619939
"5943","beta_trend",6083,5937,0,-0.301886559693554
"5944","beta_trend",6083,5938,0,-0.301622159127385
"5945","beta_trend",6083,5939,0,-0.301373646860465
"5946","beta_trend",6083,5940,0,-0.301141469165637
"5947","beta_trend",6083,5941,0,-0.300926055524517
"5948","beta_trend",6083,5942,0,-0.300727817931406
"5949","beta_trend",6083,5943,0,-0.300547150206323
"5950","beta_trend",6083,5944,0,-0.300384427317867
"5951","beta_trend",6083,5945,0,-0.300240004716634
"5952","beta_trend",6083,5946,0,-0.300114217679873
"5953","beta_trend",6083,5947,0,-0.300007380668114
"5954","beta_trend",6083,5948,0,-0.299919786694414
"5955","beta_trend",6083,5949,0,-0.299851706706956
"5956","beta_trend",6083,5950,0,-0.299803388985618
"5957","beta_trend",6083,5951,0,-0.29977505855323
"5958","beta_trend",6083,5952,0,-0.299766916602131
"5959","beta_trend",6083,5953,0,-0.299779139936686
"5960","beta_trend",6083,5954,0,-0.299811880432399
"5961","beta_trend",6083,5955,0,-0.299865264512223
"5962","beta_trend",6083,5956,0,-0.299939392640681
"5963","beta_trend",6083,5957,0,-0.300034338836391
"5964","beta_trend",6083,5958,0,-0.300150150203563
"5965","beta_trend",6083,5959,0,-0.300286846483035
"5966","beta_trend",6083,5960,0,-0.300444419623392
"5967","beta_trend",6083,5961,0,-0.300622833372693
"5968","beta_trend",6083,5962,0,-0.300822022891321
"5969","beta_trend",6083,5963,0,-0.301041894386454
"5970","beta_trend",6083,5964,0,-0.301282324768624
"5971","beta_trend",6083,5965,0,-0.301543161330831
"5972","beta_trend",6083,5966,0,-0.301824221450647
"5973","beta_trend",6083,5967,0,-0.302125292315725
"5974","beta_trend",6083,5968,0,-0.30244613067312
"5975","beta_trend",6083,5969,0,-0.302786462602795
"5976","beta_trend",6083,5970,0,-0.303145983315676
"5977","beta_trend",6083,5971,0,-0.303524356976574
"5978","beta_trend",6083,5972,0,-0.303921216552324
"5979","beta_trend",6083,5973,0,-0.304336163685385
"5980","beta_trend",6083,5974,0,-0.304768768593222
"5981","beta_trend",6083,5975,0,-0.305218569993673
"5982","beta_trend",6083,5976,0,-0.30568507505655
"5983","beta_trend",6083,5977,0,-0.306167759381673
"5984","beta_trend",6083,5978,0,-0.306666067003499
"5985","beta_trend",6083,5979,0,-0.307179410422511
"5986","beta_trend",6083,5980,0,-0.307707170663492
"5987","beta_trend",6083,5981,0,-0.308248697360791
"5988","beta_trend",6083,5982,0,-0.308803308870647
"5989","beta_trend",6083,5983,0,-0.309370292410641
"5990","beta_trend",6083,5984,0,-0.309948904226305
"5991","beta_trend",6083,5985,0,-0.310538369784875
"5992","beta_trend",6083,5986,0,-0.311137883996186
"5993","beta_trend",6083,5987,0,-0.311746611460662
"5994","beta_trend",6083,5988,0,-0.312363686744315
"5995","beta_trend",6083,5989,0,-0.312988214680676
"5996","beta_trend",6083,5990,0,-0.313619270699521
"5997","beta_trend",6083,5991,0,-0.314255901182263
"5998","beta_trend",6083,5992,0,-0.314897123843823
"5999","beta_trend",6083,5993,0,-0.315541928140789
"6000","beta_trend",6083,5994,0,-0.316189275705653
"6001","beta_trend",6083,5995,0,-0.316838100806862
"6002","beta_trend",6083,5996,0,-0.317487310834432
"6003","beta_trend",6083,5997,0,-0.318135786810814
"6004","beta_trend",6083,5998,0,-0.318782383926714
"6005","beta_trend",6083,5999,0,-0.319425932101502
"6006","beta_trend",6083,6000,0,-0.320065236567869
"6007","beta_trend",6083,6001,0,-0.32069907848032
"6008","beta_trend",6083,6002,0,-0.321326215547118
"6009","beta_trend",6083,6003,0,-0.32194538268522
"6010","beta_trend",6083,6004,0,-0.322555292697768
"6011","beta_trend",6083,6005,0,-0.32315463697365
"6012","beta_trend",6083,6006,0,-0.32374208620863
"6013","beta_trend",6083,6007,0,-0.324262020999025
"6014","beta_trend",6083,6008,0,-0.324824016884649
"6015","beta_trend",6083,6009,0,-0.325369912208336
"6016","beta_trend",6083,6010,0,-0.32589830650183
"6017","beta_trend",6083,6011,0,-0.326407782368523
"6018","beta_trend",6083,6012,0,-0.326896906327227
"6019","beta_trend",6083,6013,0,-0.327364229673349
"6020","beta_trend",6083,6014,0,-0.327808289356795
"6021","beta_trend",6083,6015,0,-0.328227608875952
"6022","beta_trend",6083,6016,0,-0.328620699187065
"6023","beta_trend",6083,6017,0,-0.32898605962831
"6024","beta_trend",6083,6018,0,-0.329322178857852
"6025","beta_trend",6083,6019,0,-0.329627535805168
"6026","beta_trend",6083,6020,0,-0.32990060063489
"6027","beta_trend",6083,6021,0,-0.330139835722421
"6028","beta_trend",6083,6022,0,-0.330343696640558
"6029","beta_trend",6083,6023,0,-0.330510633156355
"6030","beta_trend",6083,6024,0,-0.330639090237428
"6031","beta_trend",6083,6025,0,-0.330727509066919
"6032","beta_trend",6083,6026,0,-0.330774328066312
"6033","beta_trend",6083,6027,0,-0.330777983925285
"6034","beta_trend",6083,6028,0,-0.330736912637782
"6035","beta_trend",6083,6029,0,-0.330649550543477
"6036","beta_trend",6083,6030,0,-0.330514335373805
"6037","beta_trend",6083,6031,0,-0.330329707301706
"6038","beta_trend",6083,6032,0,-0.330094109994258
"6039","beta_trend",6083,6033,0,-0.329805991667341
"6040","beta_trend",6083,6034,0,-0.329463806141498
"6041","beta_trend",6083,6035,0,-0.329066013898118
"6042","beta_trend",6083,6036,0,-0.328611083135122
"6043","beta_trend",6083,6037,0,-0.328097490821273
"6044","beta_trend",6083,6038,0,-0.327523723748273
"6045","beta_trend",6083,6039,0,-0.326888279579794
"6046","beta_trend",6083,6040,0,-0.326189667896597
"6047","beta_trend",6083,6041,0,-0.325426411236886
"6048","beta_trend",6083,6042,0,-0.324597046131071
"6049","beta_trend",6083,6043,0,-0.323700124130085
"6050","beta_trend",6083,6044,0,-0.322734212826439
"6051","beta_trend",6083,6045,0,-0.321697896867182
"6052","beta_trend",6083,6046,0,-0.320589778957946
"6053","beta_trend",6083,6047,0,-0.319408480857276
"6054","beta_trend",6083,6048,0,-0.318152644360422
"6055","beta_trend",6083,6049,0,-0.316820932271823
"6056","beta_trend",6083,6050,0,-0.315412029365485
"6057","beta_trend",6083,6051,0,-0.313924643332484
"6058","beta_trend",6083,6052,0,-0.312357505714829
"6059","beta_trend",6083,6053,0,-0.310709372824942
"6060","beta_trend",6083,6054,0,-0.308979026650015
"6061","beta_trend",6083,6055,0,-0.30716527574052
"6062","beta_trend",6083,6056,0,-0.305266956082161
"6063","beta_trend",6083,6057,0,-0.303282931950577
"6064","beta_trend",6083,6058,0,-0.301212096748116
"6065","beta_trend",6083,6059,0,-0.299053373822016
"6066","beta_trend",6083,6060,0,-0.296805717263346
"6067","beta_trend",6083,6061,0,-0.294468112686077
"6068","beta_trend",6083,6062,0,-0.292039577985677
"6069","beta_trend",6083,6063,0,-0.289519164076624
"6070","beta_trend",6083,6064,0,-0.28690595560828
"6071","beta_trend",6083,6065,0,-0.284199071658556
"6072","beta_trend",6083,6066,0,-0.281397666404833
"6073","beta_trend",6083,6067,0,-0.278500929771643
"6074","beta_trend",6083,6068,0,-0.275508088054585
"6075","beta_trend",6083,6069,0,-0.272418404520028
"6076","beta_trend",6083,6070,0,-0.269231179980143
"6077","beta_trend",6083,6071,0,-0.265945753342818
"6078","beta_trend",6083,6072,0,-0.262561502136079
"6079","beta_trend",6083,6073,0,-0.259077843006601
"6080","beta_trend",6083,6074,0,-0.255494232191969
"6081","beta_trend",6083,6075,0,-0.251810165966335
"6082","beta_trend",6083,6076,0,-0.24802518105917
"6083","beta_trend",6083,6077,0,-0.244138855046804
"6084","beta_trend",6083,6078,0,-0.2401508067165
"6085","beta_trend",6083,6079,0,-0.236060696402812
"6086","beta_trend",6083,6080,0,-0.231868226295995
"6087","beta_trend",6083,6081,0,-0.227573140722306
"6088","model_pop",6083,0,0,8615225.87482773
"6089","infection",6083,0,0,165.314600458761
"6090","mu_S",6083,0,0,723.147269126929
"6091","mu_I",6083,0,0,0.044829204232263
"6092","mu_R",6083,0,0,409.507211158852
"6093","weekly",6083,0,0,23.8949798391108
"6094","weekly",6083,1,0,22.274171412902
"6095","weekly",6083,2,0,20.882029980623
"6096","weekly",6083,3,0,19.7002452035383
"6097","weekly",6083,4,0,18.7035125697828
"6098","weekly",6083,5,0,17.864379552811
"6099","weekly",6083,6,0,17.1566967448029
"6100","weekly",6083,7,0,16.5581305219955
"6101","weekly",6083,8,0,16.0518957825951
"6102","weekly",6083,9,0,15.6277307431562
"6103","weekly",6083,10,0,15.282103507186
"6104","weekly",6083,11,0,15.0176892022691
"6105","weekly",6083,12,0,14.8422454449915
"6106","weekly",6083,13,0,14.7670855383214
"6107","weekly",6083,14,0,14.8053573590376
"6108","weekly",6083,15,0,14.9702716560101
"6109","weekly",6083,16,0,15.273317569291
"6110","weekly",6083,17,0,15.7224119947232
"6111","weekly",6083,18,0,16.3199110112408
"6112","weekly",6083,19,0,17.0605049337127
"6113","weekly",6083,20,0,17.9292268251316
"6114","weekly",6083,21,0,18.9000781296082
"6115","weekly",6083,22,0,19.9360004522306
"6116","weekly",6083,23,0,20.9909350369933
"6117","weekly",6083,24,0,22.014363737313
"6118","weekly",6083,25,0,22.958002216016
"6119","weekly",6083,26,0,23.7834301557676
"6120","weekly",6083,27,0,24.4688006765447
"6121","weekly",6083,28,0,25.0127635941193
"6122","weekly",6083,29,0,25.4344682715275
"6123","weekly",6083,30,0,25.7696780246722
"6124","weekly",6083,31,0,26.0640836755299
"6125","weekly",6083,32,0,26.3654019791095
"6126","weekly",6083,33,0,26.7156917836323
"6127","weekly",6083,34,0,27.1447734490063
"6128","weekly",6083,35,0,27.6650922865782
"6129","weekly",6083,36,0,28.2681275173139
"6130","weekly",6083,37,0,28.9225947672644
"6131","weekly",6083,38,0,29.5750686190364
"6132","weekly",6083,39,0,30.1539351379441
"6133","weekly",6083,40,0,30.5773908716665
"6134","weekly",6083,41,0,30.7652925456077
"6135","weekly",6083,42,0,30.6531624024371
"6136","weekly",6083,43,0,30.2051862138273
"6137","weekly",6083,44,0,29.4224939034029
"6138","weekly",6083,45,0,28.3439960832479
"6139","weekly",6083,46,0,27.0393594867249
"6140","weekly",6083,47,0,25.5962991133135
"6141","weekly",6083,48,0,24.1059871082196
"6142","weekly",6083,49,0,22.6503625601249
"6143","weekly",6083,50,0,21.2937501692099
"6144","weekly",6083,51,0,20.0793539238525
"6145","weekly",6083,52,0,19.0297548466076
"6146","weekly",6083,53,0,18.1499145702267
"6147","weekly",6083,54,0,17.4312811709763
"6148","weekly",6083,55,0,16.8560683950034
"6149","weekly",6083,56,0,16.4012912897952
"6150","weekly",6083,57,0,16.0424783088138
"6151","weekly",6083,58,0,15.7570791948658
"6152","weekly",6083,59,0,15.5275015927054
"6153","weekly",6083,60,0,15.3435584451461
"6154","weekly",6083,61,0,15.2040277955339
"6155","weekly",6083,62,0,15.1171023997701
"6156","weekly",6083,63,0,15.0997267319262
"6157","weekly",6083,64,0,15.1760767330723
"6158","weekly",6083,65,0,15.3755938986822
"6159","weekly",6083,66,0,15.7309526309723
"6160","weekly",6083,67,0,16.2761295137582
"6161","weekly",6083,68,0,17.0444501374793
"6162","weekly",6083,69,0,18.066240792806
"6163","weekly",6083,70,0,19.3656271417733
"6164","weekly",6083,71,0,20.9561935918159
"6165","weekly",6083,72,0,22.835701041226
"6166","weekly",6083,73,0,24.9808249740263
"6167","weekly",6083,74,0,27.3437145195242
"6168","weekly",6083,75,0,29.8523005378206
"6169","weekly",6083,76,0,32.417561399443
"6170","weekly",6083,77,0,34.9465440774522
"6171","weekly",6083,78,0,37.3586658326242
"6172","weekly",6083,79,0,39.60283814942
"6173","weekly",6083,80,0,41.6691954874816
"6174","weekly",6083,81,0,43.5922925188875
"6175","weekly",6083,82,0,45.4451289065571
"6176","weekly",6083,83,0,47.3260086581186
"6177","weekly",6083,84,0,49.3414787360859
"6178","weekly",6083,85,0,51.5881921314401
"6179","weekly",6083,86,0,54.1352683005696
"6180","weekly",6083,87,0,57.007710403368
"6181","weekly",6083,88,0,60.1715282643245
"6182","weekly",6083,89,0,63.5225862612438
"6183","weekly",6083,90,0,66.8832154803722
"6184","weekly",6083,91,0,70.0119004141084
"6185","weekly",6083,92,0,72.6301295492544
"6186","weekly",6083,93,0,74.4657514553755
"6187","weekly",6083,94,0,75.3049195494505
"6188","weekly",6083,95,0,75.0384311774051
"6189","weekly",6083,96,0,73.6872672723375
"6190","weekly",6083,97,0,71.3983270419117
"6191","weekly",6083,98,0,68.4121706790743
"6192","weekly",6083,99,0,65.0143467282646
"6193","weekly",6083,100,0,61.485721375383
"6194","weekly",6083,101,0,58.0642444542341
"6195","weekly",6083,102,0,54.9237242614131
"6196","weekly",6083,103,0,52.1685455483025
"6197","weekly",6083,104,0,49.8394938125803
"6198","weekly",6083,105,0,47.925296561928
"6199","weekly",6083,106,0,46.3759929332964
"6200","weekly",6083,107,0,45.1162971440431
"6201","weekly",6083,108,0,44.0586400131006
"6202","weekly",6083,109,0,43.1160782906472
"6203","weekly",6083,110,0,42.2148183711897
"6204","weekly",6083,111,0,41.3051893129082
"6205","weekly",6083,112,0,40.3692238007839
"6206","weekly",6083,113,0,39.423166058833
"6207","weekly",6083,114,0,38.5143508959354
"6208","weekly",6083,115,0,37.713498527286
"6209","weekly",6083,116,0,37.1047119833911
"6210","weekly",6083,117,0,36.7757093374985
"6211","weekly",6083,118,0,36.8100180066344
"6212","weekly",6083,119,0,37.2814913296952
"6213","weekly",6083,120,0,38.2502418263639
"6214","weekly",6083,121,0,39.758410918535
"6215","weekly",6083,122,0,41.8243222501915
"6216","weekly",6083,123,0,44.4345088120526
"6217","weekly",6083,124,0,47.53473942556
"6218","weekly",6083,125,0,51.0231343132773
"6219","weekly",6083,126,0,54.7499655319371
"6220","weekly",6083,127,0,58.5286220096978
"6221","weekly",6083,128,0,62.1595322250259
"6222","weekly",6083,129,0,65.463857473691
"6223","weekly",6083,130,0,68.3185828353617
"6224","weekly",6083,131,0,70.6823015037889
"6225","weekly",6083,132,0,72.6034076754086
"6226","weekly",6083,133,0,74.2085948916983
"6227","weekly",6083,134,0,75.676098551995
"6228","weekly",6083,135,0,77.2016482189892
"6229","weekly",6083,136,0,78.9645150153556
"6230","weekly",6083,137,0,81.0978284218036
"6231","weekly",6083,138,0,83.6640899955164
"6232","weekly",6083,139,0,86.6355647102528
"6233","weekly",6083,140,0,89.8806056703152
"6234","weekly",6083,141,0,93.1600877286501
"6235","weekly",6083,142,0,96.1408514491231
"6236","weekly",6083,143,0,98.4325753735884
"6237","weekly",6083,144,0,99.6487052403572
"6238","weekly",6083,145,0,99.4816922389473
"6239","weekly",6083,146,0,97.7725576064267
"6240","weekly",6083,147,0,94.5515643702793
"6241","weekly",6083,148,0,90.0346372687281
"6242","weekly",6083,149,0,84.5763727742615
"6243","weekly",6083,150,0,78.5964524458559
"6244","weekly",6083,151,0,72.5036071706136
"6245","weekly",6083,152,0,66.6374715354832
"6246","weekly",6083,153,0,61.2378407824071
"6247","weekly",6083,154,0,56.43974706669
"6248","weekly",6083,155,0,52.2861660567296
"6249","weekly",6083,156,0,48.7489769037666
"6250","weekly",6083,157,0,45.7512037727174
"6251","weekly",6083,158,0,43.1870569872726
"6252","weekly",6083,159,0,40.9390637131764
"6253","weekly",6083,160,0,38.8928773776461
"6254","weekly",6083,161,0,36.9502444632171
"6255","weekly",6083,162,0,35.0396596131141
"6256","weekly",6083,163,0,33.1232861208964
"6257","weekly",6083,164,0,31.1985402748314
"6258","weekly",6083,165,0,29.2936714174457
"6259","weekly",6083,166,0,27.4583485650919
"6260","weekly",6083,167,0,25.7517902749605
"6261","weekly",6083,168,0,24.2314986692591
"6262","weekly",6083,169,0,22.9449489977551
"6263","weekly",6083,170,0,21.9251211284427
"6264","weekly",6083,171,0,21.1893232140055
"6265","weekly",6083,172,0,20.7399428496601
"6266","weekly",6083,173,0,20.5656343956834
"6267","weekly",6083,174,0,20.6420605608901
"6268","weekly",6083,175,0,20.9320354419278
"6269","weekly",6083,176,0,21.385666825141
"6270","weekly",6083,177,0,21.9417669659606
"6271","weekly",6083,178,0,22.531817144607
"6272","weekly",6083,179,0,23.0871450559107
"6273","weekly",6083,180,0,23.5486687818511
"6274","weekly",6083,181,0,23.8770718560145
"6275","weekly",6083,182,0,24.0604206997878
"6276","weekly",6083,183,0,24.116681974826
"6277","weekly",6083,184,0,24.090287412283
"6278","weekly",6083,185,0,24.043960517889
"6279","weekly",6083,186,0,24.048350271225
"6280","weekly",6083,187,0,24.1720199113233
"6281","weekly",6083,188,0,24.4732617266263
"6282","weekly",6083,189,0,24.9938282740168
"6283","weekly",6083,190,0,25.7537422005689
"6284","weekly",6083,191,0,26.7462694386604
"6285","weekly",6083,192,0,27.9329340647173
"6286","weekly",6083,193,0,29.239844421023
"6287","weekly",6083,194,0,30.5580240626905
"6288","weekly",6083,195,0,31.7510187485468
"6289","weekly",6083,196,0,32.671829447364
"6290","weekly",6083,197,0,33.1878674952186
"6291","weekly",6083,198,0,33.2082246900563
"6292","weekly",6083,199,0,32.7045817092985
"6293","weekly",6083,200,0,31.7179702844069
"6294","weekly",6083,201,0,30.3486467255434
"6295","weekly",6083,202,0,28.7329526398298
"6296","weekly",6083,203,0,27.0154990157916
"6297","weekly",6083,204,0,25.3251691291525
"6298","weekly",6083,205,0,23.7600384098305
"6299","weekly",6083,206,0,22.3819126944554
"6300","weekly",6083,207,0,21.2180911319419
"6301","weekly",6083,208,0,20.266991569627
"6302","weekly",6083,209,0,19.5049446940775
"6303","weekly",6083,210,0,18.892790146414
"6304","weekly",6083,211,0,18.3820814792762
"6305","weekly",6083,212,0,17.9212956611664
"6306","weekly",6083,213,0,17.462350418039
"6307","weekly",6083,214,0,16.9671273503445
"6308","weekly",6083,215,0,16.4129703670942
"6309","weekly",6083,216,0,15.7957724973185
"6310","weekly",6083,217,0,15.1296246684606
"6311","weekly",6083,218,0,14.4430075812188
"6312","weekly",6083,219,0,13.7726550549387
"6313","weekly",6083,220,0,13.1568786333282
"6314","weekly",6083,221,0,12.6300048508829
"6315","weekly",6083,222,0,12.2188154512078
"6316","weekly",6083,223,0,11.9409735855106
"6317","weekly",6083,224,0,11.8047955973771
"6318","weekly",6083,225,0,11.8095621331477
"6319","weekly",6083,226,0,11.9457892020037
"6320","weekly",6083,227,0,12.1953266045621
"6321","weekly",6083,228,0,12.5316342661899
"6322","weekly",6083,229,0,12.9209299511131
"6323","weekly",6083,230,0,13.3249291032935
"6324","weekly",6083,231,0,13.7054858667325
"6325","weekly",6083,232,0,14.0306463858051
"6326","weekly",6083,233,0,14.2807641444961
"6327","weekly",6083,234,0,14.4529011433024
"6328","weekly",6083,235,0,14.5621069332119
"6329","weekly",6083,236,0,14.6392306955513
"6330","weekly",6083,237,0,14.726118855755
"6331","weekly",6083,238,0,14.8697342696523
"6332","weekly",6083,239,0,15.1166099923576
"6333","weekly",6083,240,0,15.5083212495028
"6334","weekly",6083,241,0,16.077797643622
"6335","weekly",6083,242,0,16.8457366711336
"6336","weekly",6083,243,0,17.8163526087301
"6337","weekly",6083,244,0,18.9722543700864
"6338","weekly",6083,245,0,20.2693062130602
"6339","weekly",6083,246,0,21.63359988716
"6340","weekly",6083,247,0,22.9635506289906
"6341","weekly",6083,248,0,24.1397615398273
"6342","weekly",6083,249,0,25.0430554909799
"6343","weekly",6083,250,0,25.577351203623
"6344","weekly",6083,251,0,25.690661154762
"6345","weekly",6083,252,0,25.3867729154881
"6346","weekly",6083,253,0,24.7232353135478
"6347","weekly",6083,254,0,23.7967029956963
"6348","weekly",6083,255,0,22.721401291541
"6349","weekly",6083,256,0,21.6079754273578
"6350","weekly",6083,257,0,20.548099447964
"6351","weekly",6083,258,0,19.6067278873161
"6352","weekly",6083,259,0,18.8208867883077
"6353","weekly",6083,260,0,18.2025206028356
"6354","weekly",6083,261,0,17.7430422999059
"6355","weekly",6083,262,0,17.418165632831
"6356","weekly",6083,263,0,17.1926149181945
"6357","weekly",6083,264,0,17.0249588876923
"6358","weekly",6083,265,0,16.872925939806
"6359","weekly",6083,266,0,16.6991750840989
"6360","weekly",6083,267,0,16.4768636142817
"6361","weekly",6083,268,0,16.1937925612547
"6362","weekly",6083,269,0,15.8542331561348
"6363","weekly",6083,270,0,15.4775644315232
"6364","weekly",6083,271,0,15.0941448789836
"6365","weekly",6083,272,0,14.7399371777465
"6366","weekly",6083,273,0,14.451070852152
"6367","weekly",6083,274,0,14.2594866307245
"6368","weekly",6083,275,0,14.1900602831683
"6369","weekly",6083,276,0,14.2589837972919
"6370","weekly",6083,277,0,14.4728776328793
"6371","weekly",6083,278,0,14.8281740507355
"6372","weekly",6083,279,0,15.310654703906
"6373","weekly",6083,280,0,15.8954787001749
"6374","weekly",6083,281,0,16.5483965143685
"6375","weekly",6083,282,0,17.2288943669482
"6376","weekly",6083,283,0,17.8955979408747
"6377","weekly",6083,284,0,18.5134233686822
"6378","weekly",6083,285,0,19.0610274777919
"6379","weekly",6083,286,0,19.5366025720596
"6380","weekly",6083,287,0,19.9603805412407
"6381","weekly",6083,288,0,20.3732930323113
"6382","weekly",6083,289,0,20.8325238537327
"6383","weekly",6083,290,0,21.40549582114
"6384","weekly",6083,291,0,22.1637861066974
"6385","weekly",6083,292,0,23.1776953250355
"6386","weekly",6083,293,0,24.5111693628514
"6387","weekly",6083,294,0,26.2159814700481
"6388","weekly",6083,295,0,28.3238785230678
"6389","weekly",6083,296,0,30.8359996036634
"6390","weekly",6083,297,0,33.7103900751135
"6391","weekly",6083,298,0,36.8506938311402
"6392","weekly",6083,299,0,40.1013651750891
"6393","weekly",6083,300,0,43.2555353820499
"6394","weekly",6083,301,0,46.0793578885659
"6395","weekly",6083,302,0,48.3508022294718
"6396","weekly",6083,303,0,49.9035503361665
"6397","weekly",6083,304,0,50.6620726991059
"6398","weekly",6083,305,0,50.6557163170764
"6399","weekly",6083,306,0,50.007557483641
"6400","weekly",6083,307,0,48.9035318048445
"6401","weekly",6083,308,0,47.5535743428263
"6402","weekly",6083,309,0,46.1566036323002
"6403","weekly",6083,310,0,44.8765798004915
"6404","weekly",6083,311,0,43.8310727408334
"6405","weekly",6083,312,0,43.089698602942
"6406","weekly",6083,313,0,42.6783969284279
"6407","weekly",6083,314,0,42.5862164842365
"6408","weekly",6083,315,0,42.7728703685061
"6409","weekly",6083,316,0,43.1767971259342
"6410","weekly",6083,317,0,43.7242347334995
"6411","weekly",6083,318,0,44.3396953286247
"6412","weekly",6083,319,0,44.9573956155709
"6413","weekly",6083,320,0,45.5321362034192
"6414","weekly",6083,321,0,46.0474694991153
"6415","weekly",6083,322,0,46.5192244586196
"6416","weekly",6083,323,0,46.9935677774611
"6417","weekly",6083,324,0,47.540255340502
"6418","weekly",6083,325,0,48.2428394106555
"6419","weekly",6083,326,0,49.1878725735423
"6420","weekly",6083,327,0,50.4546255448113
"6421","weekly",6083,328,0,52.1059644881207
"6422","weekly",6083,329,0,54.1803708421339
"6423","weekly",6083,330,0,56.6850091284196
"6424","weekly",6083,331,0,59.5903173687875
"6425","weekly",6083,332,0,62.8275430909252
"6426","weekly",6083,333,0,66.2914300445573
"6427","weekly",6083,334,0,69.8501994301532
"6428","weekly",6083,335,0,73.3635702882384
"6429","weekly",6083,336,0,76.7069445151628
"6430","weekly",6083,337,0,79.797015218388
"6431","weekly",6083,338,0,82.6124467691716
"6432","weekly",6083,339,0,85.2040517442492
"6433","weekly",6083,340,0,87.6919215793405
"6434","weekly",6083,341,0,90.2507773228517
"6435","weekly",6083,342,0,93.0874868647625
"6436","weekly",6083,343,0,96.4151189143158
"6437","weekly",6083,344,0,100.426314435927
"6438","weekly",6083,345,0,105.266441524145
"6439","weekly",6083,346,0,111.005515595189
"6440","weekly",6083,347,0,117.608388713428
"6441","weekly",6083,348,0,124.90567302266
"6442","weekly",6083,349,0,132.572648289419
"6443","weekly",6083,350,0,140.127989393237
"6444","weekly",6083,351,0,146.965160886919
"6445","weekly",6083,352,0,152.423376372533
"6446","weekly",6083,353,0,155.891516849822
"6447","weekly",6083,354,0,156.922028536901
"6448","weekly",6083,355,0,155.321570678994
"6449","weekly",6083,356,0,151.188820909843
"6450","weekly",6083,357,0,144.887519833854
"6451","weekly",6083,358,0,136.965875572016
"6452","weekly",6083,359,0,128.050117933035
"6453","weekly",6083,360,0,118.743325336194
"6454","weekly",6083,361,0,109.551898964946
"6455","weekly",6083,362,0,100.848053937043
"6456","weekly",6083,363,0,92.8645560747682
"6457","weekly",6083,364,0,85.7114230618754
"6458","weekly",6083,365,0,79.4029837020098
"6459","weekly",6083,366,0,73.8883736454154
"6460","weekly",6083,367,0,69.0781216176383
"6461","weekly",6083,368,0,64.8649916678569
"6462","weekly",6083,369,0,61.1407286737922
"6463","weekly",6083,370,0,57.8075868828637
"6464","weekly",6083,371,0,54.7856478729427
"6465","weekly",6083,372,0,52.0163880456221
"6466","weekly",6083,373,0,49.4628996792908
"6467","weekly",6083,374,0,47.10729658934
"6468","weekly",6083,375,0,44.9460787564167
"6469","weekly",6083,376,0,42.9844342232627
"6470","weekly",6083,377,0,41.230486723216
"6471","weekly",6083,378,0,39.6903187636617
"6472","weekly",6083,379,0,38.3642843658945
"6473","weekly",6083,380,0,37.2447983886887
"6474","weekly",6083,381,0,36.3155552774078
"6475","weekly",6083,382,0,35.5520266277672
"6476","weekly",6083,383,0,34.9230799647794
"6477","weekly",6083,384,0,34.3935747005762
"6478","weekly",6083,385,0,33.9277515028189
"6479","weekly",6083,386,0,33.4931063776221
"6480","weekly",6083,387,0,33.0642626791978
"6481","weekly",6083,388,0,32.6262113234789
"6482","weekly",6083,389,0,32.176284917492
"6483","weekly",6083,390,0,31.7244226146267
"6484","weekly",6083,391,0,31.2916347654991
"6485","weekly",6083,392,0,30.9069675284318
"6486","weekly",6083,393,0,30.6035468733626
"6487","weekly",6083,394,0,30.4143500418613
"6488","weekly",6083,395,0,30.3682130008074
"6489","weekly",6083,396,0,30.4863293025865
"6490","weekly",6083,397,0,30.7792617467112
"6491","weekly",6083,398,0,31.2443836783732
"6492","weekly",6083,399,0,31.8637417360205
"6493","weekly",6083,400,0,32.6025645841146
"6494","weekly",6083,401,0,33.4089419358788
"6495","weekly",6083,402,0,34.2154169560199
"6496","weekly",6083,403,0,34.9431989482346
"6497","weekly",6083,404,0,35.5092801092742
"6498","weekly",6083,405,0,35.8359378559908
"6499","weekly",6083,406,0,35.861144307004
"6500","weekly",6083,407,0,35.5476905647265
"6501","weekly",6083,408,0,34.8885865302836
"6502","weekly",6083,409,0,33.9080368107316
"6503","weekly",6083,410,0,32.6567982286833
"6504","weekly",6083,411,0,31.2032893174692
"6505","weekly",6083,412,0,29.6236149805191
"6506","weekly",6083,413,0,27.9919476102768
"6507","weekly",6083,414,0,26.3731726908918
"6508","weekly",6083,415,0,24.8185610697728
"6509","weekly",6083,416,0,23.3643616724839
"6510","weekly",6083,417,0,22.0326489731015
"6511","weekly",6083,418,0,20.8335606429609
"6512","weekly",6083,419,0,19.7681338989642
"6513","weekly",6083,420,0,18.8311579115943
"6514","weekly",6083,421,0,18.0136899794998
"6515","weekly",6083,422,0,17.3050705442292
"6516","weekly",6083,423,0,16.6943974361348
"6517","weekly",6083,424,0,16.1714913851683
"6518","weekly",6083,425,0,15.7274208512899
"6519","weekly",6083,426,0,15.3546709067778
"6520","weekly",6083,427,0,15.0470481902994
"6521","weekly",6083,428,0,14.7994158007969
"6522","weekly",6083,429,0,14.6073489219925
"6523","weekly",6083,430,0,14.4667936343867
"6524","weekly",6083,431,0,14.373798003031
"6525","weekly",6083,432,0,14.3243669754847
"6526","weekly",6083,433,0,14.3144718039366
"6527","weekly",6083,434,0,14.3402212882575
"6528","weekly",6083,435,0,14.3981769399434
"6529","weekly",6083,436,0,14.4857690519493
"6530","weekly",6083,437,0,14.6017491683451
"6531","weekly",6083,438,0,14.7466013820667
"6532","weekly",6083,439,0,14.922834582052
"6533","weekly",6083,440,0,15.1350917313976
"6534","weekly",6083,441,0,15.3900375454396
"6535","weekly",6083,442,0,15.696015534264
"6536","weekly",6083,443,0,16.0624907814527
"6537","weekly",6083,444,0,16.4993097897786
"6538","weekly",6083,445,0,17.0158121735658
"6539","weekly",6083,446,0,17.6198257594151
"6540","weekly",6083,447,0,18.3165756335147
"6541","weekly",6083,448,0,19.1075480415057
"6542","weekly",6083,449,0,19.9893771276511
"6543","weekly",6083,450,0,20.9528642058322
"6544","weekly",6083,451,0,21.9822842975991
"6545","weekly",6083,452,0,23.0551636736163
"6546","weekly",6083,453,0,24.1427027003083
"6547","weekly",6083,454,0,25.210953978476
"6548","weekly",6083,455,0,26.2227464295247
"6549","weekly",6083,456,0,27.1401943620476
"6550","weekly",6083,457,0,27.9274893321563
"6551","weekly",6083,458,0,28.5535901551448
"6552","weekly",6083,459,0,28.9944359645997
"6553","weekly",6083,460,0,29.2344100969676
"6554","weekly",6083,461,0,29.2669330467324
"6555","weekly",6083,462,0,29.0942960711982
"6556","weekly",6083,463,0,28.7268496173347
"6557","weekly",6083,464,0,28.1817848055725
"6558","weekly",6083,465,0,27.4817837072878
"6559","weekly",6083,466,0,26.6536209102887
"6560","weekly",6083,467,0,25.7267939506673
"6561","weekly",6083,468,0,24.7321905207864
"6562","weekly",6083,469,0,23.700783517419
"6563","weekly",6083,470,0,22.6623621009167
"6564","weekly",6083,471,0,21.6443403842495
"6565","weekly",6083,472,0,20.670713391235
"6566","weekly",6083,473,0,19.7612365014138
"6567","weekly",6083,474,0,18.9308856450371
"6568","weekly",6083,475,0,18.1896190901389
"6569","weekly",6083,476,0,17.5424229280761
"6570","weekly",6083,477,0,16.9895961550501
"6571","weekly",6083,478,0,16.5272258600635
"6572","weekly",6083,479,0,16.1478173677242
"6573","weekly",6083,480,0,15.8433111620325
"6574","weekly",6083,481,0,15.6015262913061
"6575","weekly",6083,482,0,15.4080038460925
"6576","weekly",6083,483,0,15.249696437033
"6577","weekly",6083,484,0,15.1156607800658
"6578","weekly",6083,485,0,14.9980991724879
"6579","weekly",6083,486,0,14.8933234055876
"6580","weekly",6083,487,0,14.8023758479067
"6581","weekly",6083,488,0,14.7311544332697
"6582","weekly",6083,489,0,14.6900056778832
"6583","weekly",6083,490,0,14.692863263419
"6584","weekly",6083,491,0,14.7560878949516
"6585","weekly",6083,492,0,14.8971830691917
"6586","weekly",6083,493,0,15.1335205446812
"6587","weekly",6083,494,0,15.481132295281
"6588","weekly",6083,495,0,15.9535490857525
"6589","weekly",6083,496,0,16.5606245436757
"6590","weekly",6083,497,0,17.3073004674516
"6591","weekly",6083,498,0,18.1923489428409
"6592","weekly",6083,499,0,19.2072533036699
"6593","weekly",6083,500,0,20.3355232440408
"6594","weekly",6083,501,0,21.5528186032097
"6595","weekly",6083,502,0,22.828214547586
"6596","weekly",6083,503,0,24.126736348986
"6597","weekly",6083,504,0,25.4129458569005
"6598","weekly",6083,505,0,26.6552364445779
"6599","weekly",6083,506,0,27.8289367033285
"6600","weekly",6083,507,0,28.918572956758
"6601","weekly",6083,508,0,29.9187729009609
"6602","weekly",6083,509,0,30.8322921525942
"6603","weekly",6083,510,0,31.6665771079206
"6604","weekly",6083,511,0,32.4293301164616
"6605","weekly",6083,512,0,33.1239708496105
"6606","weekly",6083,513,0,33.7458769412151
"6607","weekly",6083,514,0,34.2801654812574
"6608","weekly",6083,515,0,34.701591594443
"6609","weekly",6083,516,0,34.9768814425152
"6610","weekly",6083,517,0,35.0694386494324
"6611","weekly",6083,518,0,34.9458487376432
"6612","weekly",6083,519,0,34.5830384886722
"6613","weekly",6083,520,0,33.974526566104
"6614","weekly",6083,521,0,33.1341718143995
"6615","weekly",6083,522,0,32.0963248742009
"6616","weekly",6083,523,0,30.9122201780774
"6617","weekly",6083,524,0,29.6434749773398
"6618","weekly",6083,525,0,28.354278337818
"6619","weekly",6083,526,0,27.1039927620259
"6620","weekly",6083,527,0,25.9414742228837
"6621","weekly",6083,528,0,24.9017035658653
"6622","weekly",6083,529,0,24.0046440657497
"6623","weekly",6083,530,0,23.2558269975998
"6624","weekly",6083,531,0,22.6480767084104
"6625","weekly",6083,532,0,22.1639325609758
"6626","weekly",6083,533,0,21.778555226676
"6627","weekly",6083,534,0,21.4630735919709
"6628","weekly",6083,535,0,21.1883438880832
"6629","weekly",6083,536,0,20.9289422115216
"6630","weekly",6083,537,0,20.6669710470924
"6631","weekly",6083,538,0,20.3950712455662
"6632","weekly",6083,539,0,20.118036839147
"6633","weekly",6083,540,0,19.8526907035412
"6634","weekly",6083,541,0,19.6261154061176
"6635","weekly",6083,542,0,19.4727564799869
"6636","weekly",6083,543,0,19.4311309957884
"6637","weekly",6083,544,0,19.5407954252296
"6638","weekly",6083,545,0,19.8399118013913
"6639","weekly",6083,546,0,20.3633540501287
"6640","weekly",6083,547,0,21.1409792550548
"6641","weekly",6083,548,0,22.1955623535723
"6642","weekly",6083,549,0,23.5400078794119
"6643","weekly",6083,550,0,25.1738136585554
"6644","weekly",6083,551,0,27.0793237134712
"6645","weekly",6083,552,0,29.2189377722534
"6646","weekly",6083,553,0,31.5348845089429
"6647","weekly",6083,554,0,33.9530726683697
"6648","weekly",6083,555,0,36.3916576103693
"6649","weekly",6083,556,0,38.7733954475516
"6650","weekly",6083,557,0,41.0391750118069
"6651","weekly",6083,558,0,43.1589832278914
"6652","weekly",6083,559,0,45.1378198820894
"6653","weekly",6083,560,0,47.0141516441145
"6654","weekly",6083,561,0,48.8512892281906
"6655","weekly",6083,562,0,50.7246276654441
"6656","weekly",6083,563,0,52.7065318212808
"6657","weekly",6083,564,0,54.8511167822508
"6658","weekly",6083,565,0,57.1803438625248
"6659","weekly",6083,566,0,59.6725789545526
"6660","weekly",6083,567,0,62.2551458504713
"6661","weekly",6083,568,0,64.8031906582255
"6662","weekly",6083,569,0,67.1476070692952
"6663","weekly",6083,570,0,69.093922785265
"6664","weekly",6083,571,0,70.4513678934345
"6665","weekly",6083,572,0,71.0673313734405
"6666","weekly",6083,573,0,70.8588162535561
"6667","weekly",6083,574,0,69.8315981447849
"6668","weekly",6083,575,0,68.0808342727505
"6669","weekly",6083,576,0,65.7729016120211
"6670","weekly",6083,577,0,63.114401330382
"6671","weekly",6083,578,0,60.3175978731451
"6672","weekly",6083,579,0,57.5708972448119
"6673","weekly",6083,580,0,55.0193991964916
"6674","weekly",6083,581,0,52.7563413707976
"6675","weekly",6083,582,0,50.8232887898375
"6676","weekly",6083,583,0,49.2158941935304
"6677","weekly",6083,584,0,47.89265828313
"6678","weekly",6083,585,0,46.7852319812191
"6679","weekly",6083,586,0,45.8098809025541
"6680","weekly",6083,587,0,44.8801018371523
"6681","weekly",6083,588,0,43.9198578137002
"6682","weekly",6083,589,0,42.8759463236165
"6683","weekly",6083,590,0,41.7272386860568
"6684","weekly",6083,591,0,40.4885812976609
"6685","weekly",6083,592,0,39.2082992609648
"6686","weekly",6083,593,0,37.9600824761255
"6687","weekly",6083,594,0,36.8316726593548
"6688","weekly",6083,595,0,35.913390621834
"6689","weekly",6083,596,0,35.2889204959429
"6690","weekly",6083,597,0,35.0293408209873
"6691","weekly",6083,598,0,35.1899031635039
"6692","weekly",6083,599,0,35.8081023066516
"6693","weekly",6083,600,0,36.9013990641288
"6694","weekly",6083,601,0,38.4629456577168
"6695","weekly",6083,602,0,40.4575229398106
"6696","weekly",6083,603,0,42.8165573752776
"6697","weekly",6083,604,0,45.4348394211083
"6698","weekly",6083,605,0,48.1752454875204
"6699","weekly",6083,606,0,50.8818010114446
"6700","weekly",6083,607,0,53.4014474154064
"6701","weekly",6083,608,0,55.6105072553437
"6702","weekly",6083,609,0,57.438770080149
"6703","weekly",6083,610,0,58.8837724348305
"6704","weekly",6083,611,0,60.0108351845774
"6705","weekly",6083,612,0,60.9393093955769
"6706","weekly",6083,613,0,61.8196638219415
"6707","weekly",6083,614,0,62.8075602254976
"6708","weekly",6083,615,0,64.0397697647968
"6709","weekly",6083,616,0,65.6141120360917
"6710","weekly",6083,617,0,67.5733717103467
"6711","weekly",6083,618,0,69.8925594404536
"6712","weekly",6083,619,0,72.4701203747245
"6713","weekly",6083,620,0,75.1260099553219
"6714","weekly",6083,621,0,77.6114749967746
"6715","weekly",6083,622,0,79.6350588530295
"6716","weekly",6083,623,0,80.9054541748592
"6717","weekly",6083,624,0,81.1848202014262
"6718","weekly",6083,625,0,80.339109082819
"6719","weekly",6083,626,0,78.369327382472
"6720","weekly",6083,627,0,75.412427112864
"6721","weekly",6083,628,0,71.7112310224948
"6722","weekly",6083,629,0,67.5639605990909
"6723","weekly",6083,630,0,63.2697271051438
"6724","weekly",6083,631,0,59.084583917258
"6725","weekly",6083,632,0,55.1957876707675
"6726","weekly",6083,633,0,51.7142672122172
"6727","weekly",6083,634,0,48.680400675501
"6728","weekly",6083,635,0,46.0769824998752
"6729","weekly",6083,636,0,43.8446165450187
"6730","weekly",6083,637,0,41.897075677527
"6731","weekly",6083,638,0,40.1360292079225
"6732","weekly",6083,639,0,38.4651937055496
"6733","weekly",6083,640,0,36.8036109498607
"6734","weekly",6083,641,0,35.0968117085031
"6735","weekly",6083,642,0,33.3238561180151
"6736","weekly",6083,643,0,31.4984298630479
"6737","weekly",6083,644,0,29.6635034761857
"6738","weekly",6083,645,0,27.880983004834
"6739","weekly",6083,646,0,26.2192872834021
"6740","weekly",6083,647,0,24.74208141091
"6741","weekly",6083,648,0,23.5004134597402
"6742","weekly",6083,649,0,22.528876939341
"6743","weekly",6083,650,0,21.8449878544125
"6744","weekly",6083,651,0,21.450249382513
"6745","weekly",6083,652,0,21.3314435712928
"6746","weekly",6083,653,0,21.4613017046504
"6747","weekly",6083,654,0,21.7984015459588
"6748","weekly",6083,655,0,22.2877151842185
"6749","weekly",6083,656,0,22.8624673225495
"6750","weekly",6083,657,0,23.4485837907487
"6751","weekly",6083,658,0,23.9730098588079
"6752","weekly",6083,659,0,24.3743962451081
"6753","weekly",6083,660,0,24.6138005515495
"6754","weekly",6083,661,0,24.6821603213466
"6755","weekly",6083,662,0,24.6019876296341
"6756","weekly",6083,663,0,24.4226943817848
"6757","weekly",6083,664,0,24.2111685086093
"6758","weekly",6083,665,0,24.0405102696786
"6759","weekly",6083,666,0,23.9796734038646
"6760","weekly",6083,667,0,24.0855040931274
"6761","weekly",6083,668,0,24.3971926373888
"6762","weekly",6083,669,0,24.9322069799637
"6763","weekly",6083,670,0,25.682700555164
"6764","weekly",6083,671,0,26.612121562961
"6765","weekly",6083,672,0,27.6529832783272
"6766","weekly",6083,673,0,28.7079662723409
"6767","weekly",6083,674,0,29.6569905064134
"6768","weekly",6083,675,0,30.3718779919727
"6769","weekly",6083,676,0,30.7374935583575
"6770","weekly",6083,677,0,30.6746828420437
"6771","weekly",6083,678,0,30.1578994216507
"6772","weekly",6083,679,0,29.2210774605555
"6773","weekly",6083,680,0,27.9493522000448
"6774","weekly",6083,681,0,26.4596604445251
"6775","weekly",6083,682,0,24.8770530208894
"6776","weekly",6083,683,0,23.3138799225599
"6777","weekly",6083,684,0,21.8563372797398
"6778","weekly",6083,685,0,20.5592228777969
"6779","weekly",6083,686,0,19.4470671997078
"6780","weekly",6083,687,0,18.5188640411689
"6781","weekly",6083,688,0,17.754082787982
"6782","weekly",6083,689,0,17.1187060246593
"6783","weekly",6083,690,0,16.5710037876343
"6784","weekly",6083,691,0,16.067246333605
"6785","weekly",6083,692,0,15.5674877342208
"6786","weekly",6083,693,0,15.0410795571261
"6787","weekly",6083,694,0,14.4710358039993
"6788","weekly",6083,695,0,13.8561668859875
"6789","weekly",6083,696,0,13.2102777548389
"6790","weekly",6083,697,0,12.5585811548372
"6791","weekly",6083,698,0,11.9325476084014
"6792","weekly",6083,699,0,11.3639948325217
"6793","weekly",6083,700,0,10.8806779269908
"6794","weekly",6083,701,0,10.5039110705438
"6795","weekly",6083,702,0,10.2472924608192
"6796","weekly",6083,703,0,10.1166739826986
"6797","weekly",6083,704,0,10.110498028138
"6798","weekly",6083,705,0,10.2200228271686
"6799","weekly",6083,706,0,10.4293381735515
"6800","weekly",6083,707,0,10.7154812483022
"6801","weekly",6083,708,0,11.0492581313847
"6802","weekly",6083,709,0,11.3974154063544
"6803","weekly",6083,710,0,11.7264759359605
"6804","weekly",6083,711,0,12.0078802663957
"6805","weekly",6083,712,0,12.2233170606269
"6806","weekly",6083,713,0,12.3687076102506
"6807","weekly",6083,714,0,12.4555647275629
"6808","weekly",6083,715,0,12.5093309975164
"6809","weekly",6083,716,0,12.5653570088325
"6810","weekly",6083,717,0,12.6638344531275
"6811","weekly",6083,718,0,12.8449585727394
"6812","weekly",6083,719,0,13.1449967722619
"6813","weekly",6083,720,0,13.5931849660374
"6814","weekly",6083,721,0,14.20884409465
"6815","weekly",6083,722,0,14.9980194616583
"6816","weekly",6083,723,0,15.9493474683877
"6817","weekly",6083,724,0,17.0296887690638
"6818","weekly",6083,725,0,18.181130102359
"6819","weekly",6083,726,0,19.321798710178
"6820","weekly",6083,727,0,20.352862279673
"6821","weekly",6083,728,0,21.1725063107333
"6822","weekly",6083,729,0,21.694723378514
"6823","weekly",6083,730,0,21.8677113276826
"6824","weekly",6083,731,0,21.6855361554954
"6825","weekly",6083,732,0,21.1886959617295
"6826","weekly",6083,733,0,20.4535619172711
"6827","weekly",6083,734,0,19.5749295539208
"6828","weekly",6083,735,0,18.6477652899594
"6829","weekly",6083,736,0,17.7531185573207
"6830","weekly",6083,737,0,16.9503567004867
"6831","weekly",6083,738,0,16.2751934153239
"6832","weekly",6083,739,0,15.7415491545944
"6833","weekly",6083,740,0,15.3451895379512
"6834","weekly",6083,741,0,15.0677927999859
"6835","weekly",6083,742,0,14.8809712020775
"6836","weekly",6083,743,0,14.7503860644356
"6837","weekly",6083,744,0,14.640262685858
"6838","weekly",6083,745,0,14.518339270755
"6839","weekly",6083,746,0,14.3607574896487
"6840","weekly",6083,747,0,14.1559420390658
"6841","weekly",6083,748,0,13.9064501909816
"6842","weekly",6083,749,0,13.6282326980981
"6843","weekly",6083,750,0,13.3475457909444
"6844","weekly",6083,751,0,13.0964502911847
"6845","weekly",6083,752,0,12.9082242193326
"6846","weekly",6083,753,0,12.8135318073837
"6847","weekly",6083,754,0,12.8377520941176
"6848","weekly",6083,755,0,12.9994135289053
"6849","weekly",6083,756,0,13.3091513706895
"6850","weekly",6083,757,0,13.7687557777972
"6851","weekly",6083,758,0,14.3701533872118
"6852","weekly",6083,759,0,15.0946193940472
"6853","weekly",6083,760,0,15.9129499011469
"6854","weekly",6083,761,0,16.7875150902728
"6855","weekly",6083,762,0,17.6768489765927
"6856","weekly",6083,763,0,18.5426462465111
"6857","weekly",6083,764,0,19.3579697735731
"6858","weekly",6083,765,0,20.1146569852317
"6859","weekly",6083,766,0,20.8278903765276
"6860","weekly",6083,767,0,21.5368024683885
"6861","weekly",6083,768,0,22.3013675866969
"6862","weekly",6083,769,0,23.1969245133951
"6863","weekly",6083,770,0,24.3079083336015
"6864","weekly",6083,771,0,25.7217097013563
"6865","weekly",6083,772,0,27.5224431931601
"6866","weekly",6083,773,0,29.7833628077751
"6867","weekly",6083,774,0,32.5562116253059
"6868","weekly",6083,775,0,35.8563350314726
"6869","weekly",6083,776,0,39.6442254944413
"6870","weekly",6083,777,0,43.8072841735593
"6871","weekly",6083,778,0,48.149141867867
"6872","weekly",6083,779,0,52.3958387422681
"6873","weekly",6083,780,0,56.2258367968498
"6874","weekly",6083,781,0,59.3228981695356
"6875","weekly",6083,782,0,61.4396915049292
"6876","weekly",6083,783,0,62.4517937724304
"6877","weekly",6083,784,0,62.3827412618375
"6878","weekly",6083,785,0,61.3918257561963
"6879","weekly",6083,786,0,59.7313702518695
"6880","weekly",6083,787,0,57.690632136073
"6881","weekly",6083,788,0,55.5445054102929
"6882","weekly",6083,789,0,53.5185103654367
"6883","weekly",6083,790,0,51.7726109635078
"6884","weekly",6083,791,0,50.3999372304643
"6885","weekly",6083,792,0,49.43418429956
"6886","weekly",6083,793,0,48.8605166995585
"6887","weekly",6083,794,0,48.6263643824568
"6888","weekly",6083,795,0,48.6541371523708
"6889","weekly",6083,796,0,48.8531132288008
"6890","weekly",6083,797,0,49.1311153057723
"6891","weekly",6083,798,0,49.4088631575178
"6892","weekly",6083,799,0,49.6326325612281
"6893","weekly",6083,800,0,49.7834091103032
"6894","weekly",6083,801,0,49.8803399943499
"6895","weekly",6083,802,0,49.9776733663675
"6896","weekly",6083,803,0,50.156188516783
"6897","weekly",6083,804,0,50.5114390187082
"6898","weekly",6083,805,0,51.1413685396947
"6899","weekly",6083,806,0,52.1350880590762
"6900","weekly",6083,807,0,53.5634161359303
"6901","weekly",6083,808,0,55.4708821249587
"6902","weekly",6083,809,0,57.868735012773
"6903","weekly",6083,810,0,60.7291659507937
"6904","weekly",6083,811,0,63.9821464350389
"6905","weekly",6083,812,0,67.5173943457303
"6906","weekly",6083,813,0,71.1942025250864
"6907","weekly",6083,814,0,74.8605245528342
"6908","weekly",6083,815,0,78.3797844599721
"6909","weekly",6083,816,0,81.6603787827698
"6910","weekly",6083,817,0,84.6805804871983
"6911","weekly",6083,818,0,87.5020829182031
"6912","weekly",6083,819,0,90.2688138699668
"6913","weekly",6083,820,0,93.1922129742015
"6914","weekly",6083,821,0,96.5274769445969
"6915","weekly",6083,822,0,100.545762874932
"6916","weekly",6083,823,0,105.505148078642
"6917","weekly",6083,824,0,111.61982987103
"6918","weekly",6083,825,0,119.024635562691
"6919","weekly",6083,826,0,127.732155192389
"6920","weekly",6083,827,0,137.583819489515
"6921","weekly",6083,828,0,148.204014866351
"6922","weekly",6083,829,0,158.975724966484
"6923","weekly",6083,830,0,169.062044429371
"6924","weekly",6083,831,0,177.493081876055
"6925","weekly",6083,832,0,183.317822410023
"6926","weekly",6083,833,0,185.790179977263
"6927","weekly",6083,834,0,184.533345494063
"6928","weekly",6083,835,0,179.62460656972
"6929","weekly",6083,836,0,171.569945073126
"6930","weekly",6083,837,0,161.180588321404
"6931","weekly",6083,838,0,149.398549976086
"6932","weekly",6083,839,0,137.128091675248
"6933","weekly",6083,840,0,125.115026365987
"6934","weekly",6083,841,0,113.889147700629
"6935","weekly",6083,842,0,103.761822579581
"6936","weekly",6083,843,0,94.8589580290645
"6937","weekly",6083,844,0,87.1689127619393
"6938","weekly",6083,845,0,80.5905452577863
"6939","weekly",6083,846,0,74.9738637015253
"6940","weekly",6083,847,0,70.1506087702073
"6941","weekly",6083,848,0,65.957597472443
"6942","weekly",6083,849,0,62.2517436321432
"6943","weekly",6083,850,0,58.9184445370411
"6944","weekly",6083,851,0,55.8764529136242
"6945","weekly",6083,852,0,53.0776148323712
"6946","weekly",6083,853,0,50.5025562398296
"6947","weekly",6083,854,0,48.1533344285563
"6948","weekly",6083,855,0,46.0445118451025
"6949","weekly",6083,856,0,44.1942268633429
"6950","weekly",6083,857,0,42.6165413705385
"6951","weekly",6083,858,0,41.3157878240308
"6952","weekly",6083,859,0,40.2830846324141
"6953","weekly",6083,860,0,39.4948563229118
"6954","weekly",6083,861,0,38.9131505751066
"6955","weekly",6083,862,0,38.4876943535564
"6956","weekly",6083,863,0,38.1597828776357
"6957","weekly",6083,864,0,37.8680467028244
"6958","weekly",6083,865,0,37.5557842812341
"6959","weekly",6083,866,0,37.1789468590869
"6960","weekly",6083,867,0,36.7132824572982
"6961","weekly",6083,868,0,36.1589456518996
"6962","weekly",6083,869,0,35.5413063652013
"6963","weekly",6083,870,0,34.9076768182422
"6964","weekly",6083,871,0,34.3208177027045
"6965","weekly",6083,872,0,33.8508568972247
"6966","weekly",6083,873,0,33.5673227679654
"6967","weekly",6083,874,0,33.5323992325357
"6968","weekly",6083,875,0,33.7955994315853
"6969","weekly",6083,876,0,34.389261964825
"6970","weekly",6083,877,0,35.3239204695055
"6971","weekly",6083,878,0,36.5828321710214
"6972","weekly",6083,879,0,38.1157758689515
"6973","weekly",6083,880,0,39.8335059432138
"6974","weekly",6083,881,0,41.6056193366676
"6975","weekly",6083,882,0,43.2653946793289
"6976","weekly",6083,883,0,44.6245354397543
"6977","weekly",6083,884,0,45.4981100455552
"6978","weekly",6083,885,0,45.735748275918
"6979","weekly",6083,886,0,45.2511087140665
"6980","weekly",6083,887,0,44.0402538616909
"6981","weekly",6083,888,0,42.1823732065895
"6982","weekly",6083,889,0,39.82240639269
"6983","weekly",6083,890,0,37.1415077427882
"6984","weekly",6083,891,0,34.3250668527253
"6985","weekly",6083,892,0,31.5355201447965
"6986","weekly",6083,893,0,28.8966888367868
"6987","weekly",6083,894,0,26.4896598552732
"6988","weekly",6083,895,0,24.3559419688536
"6989","weekly",6083,896,0,22.5055828837721
"6990","weekly",6083,897,0,20.9266125655267
"6991","weekly",6083,898,0,19.5937388878665
"6992","weekly",6083,899,0,18.4753674822205
"6993","weekly",6083,900,0,17.5387927370466
"6994","weekly",6083,901,0,16.7537753937722
"6995","weekly",6083,902,0,16.094802893349
"6996","weekly",6083,903,0,15.542273542218
"6997","weekly",6083,904,0,15.0827730775782
"6998","weekly",6083,905,0,14.7085824523892
"6999","weekly",6083,906,0,14.4165731050598
"7000","weekly",6083,907,0,14.2066803754351
"7001","weekly",6083,908,0,14.0801617998368
"7002","weekly",6083,909,0,14.0378293118411
"7003","weekly",6083,910,0,14.078405473927
"7004","weekly",6083,911,0,14.1971238627739
"7005","weekly",6083,912,0,14.384699171329
"7006","weekly",6083,913,0,14.6268364435891
"7007","weekly",6083,914,0,14.9045004038126
"7008","weekly",6083,915,0,15.1951660466948
"7009","weekly",6083,916,0,15.4751577402276
"7010","weekly",6083,917,0,15.7229310132534
"7011","weekly",6083,918,0,15.9228125501322
"7012","weekly",6083,919,0,16.0684284075469
"7013","weekly",6083,920,0,16.1649857465818
"7014","weekly",6083,921,0,16.2298214723342
"7015","weekly",6083,922,0,16.2911244535571
"7016","weekly",6083,923,0,16.3852620267353
"7017","weekly",6083,924,0,16.5534531973972
"7018","weekly",6083,925,0,16.8384999035188
"7019","weekly",6083,926,0,17.2819574260648
"7020","weekly",6083,927,0,17.9216635226185
"7021","weekly",6083,928,0,18.7891451241521
"7022","weekly",6083,929,0,19.9062287552588
"7023","weekly",6083,930,0,21.2802927331868
"7024","weekly",6083,931,0,22.8980814072493
"7025","weekly",6083,932,0,24.7188701006089
"7026","weekly",6083,933,0,26.6688952666154
"7027","weekly",6083,934,0,28.6399475686121
"7028","weekly",6083,935,0,30.4951825413591
"7029","weekly",6083,936,0,32.083848847913
"7030","weekly",6083,937,0,33.2636620089106
"7031","weekly",6083,938,0,33.9259430207239
"7032","weekly",6083,939,0,34.0162848664695
"7033","weekly",6083,940,0,33.5440981364954
"7034","weekly",6083,941,0,32.5780746451783
"7035","weekly",6083,942,0,31.2296390993288
"7036","weekly",6083,943,0,29.6302702915782
"7037","weekly",6083,944,0,27.9093589931144
"7038","weekly",6083,945,0,26.1782325168169
"7039","weekly",6083,946,0,24.5215193362164
"7040","weekly",6083,947,0,22.99522959553
"7041","weekly",6083,948,0,21.6303284242458
"7042","weekly",6083,949,0,20.4381720875244
"7043","weekly",6083,950,0,19.4162302785699
"7044","weekly",6083,951,0,18.5541481035907
"7045","weekly",6083,952,0,17.8385851413113
"7046","weekly",6083,953,0,17.256487421786
"7047","weekly",6083,954,0,16.7972869578589
"7048","weekly",6083,955,0,16.4540969363443
"7049","weekly",6083,956,0,16.2240260532417
"7050","weekly",6083,957,0,16.1077577705364
"7051","weekly",6083,958,0,16.108547721924
"7052","weekly",6083,959,0,16.230781745071
"7053","weekly",6083,960,0,16.4782092530295
"7054","weekly",6083,961,0,16.851940376182
"7055","weekly",6083,962,0,17.3483037239566
"7056","weekly",6083,963,0,17.9567374060425
"7057","weekly",6083,964,0,18.6580385207926
"7058","weekly",6083,965,0,19.4234880708464
"7059","weekly",6083,966,0,20.215501336992
"7060","weekly",6083,967,0,20.9903868592519
"7061","weekly",6083,968,0,21.703411390401
"7062","weekly",6083,969,0,22.3156717168531
"7063","weekly",6083,970,0,22.8014828425657
"7064","weekly",6083,971,0,23.1544889638899
"7065","weekly",6083,972,0,23.390839255946
"7066","weekly",6083,973,0,23.5486043880592
"7067","weekly",6083,974,0,23.6838034588873
"7068","weekly",6083,975,0,23.8643991221252
"7069","weekly",6083,976,0,24.163952223731
"7070","weekly",6083,977,0,24.6562265909452
"7071","weekly",6083,978,0,25.4111738407955
"7072","weekly",6083,979,0,26.4918151863894
"7073","weekly",6083,980,0,27.9508963440167
"7074","weekly",6083,981,0,29.8259934989474
"7075","weekly",6083,982,0,32.1320731945962
"7076","weekly",6083,983,0,34.8514195046519
"7077","weekly",6083,984,0,37.9223434743908
"7078","weekly",6083,985,0,41.2299467988996
"7079","weekly",6083,986,0,44.6037318424205
"7080","weekly",6083,987,0,47.8269085934298
"7081","weekly",6083,988,0,50.6597094013923
"7082","weekly",6083,989,0,52.8747248064101
"7083","weekly",6083,990,0,54.2957082109715
"7084","weekly",6083,991,0,54.8286228875077
"7085","weekly",6083,992,0,54.4758415828255
"7086","weekly",6083,993,0,53.3291829964
"7087","weekly",6083,994,0,51.545494182923
"7088","weekly",6083,995,0,49.3135919371707
"7089","weekly",6083,996,0,46.8223475295163
"7090","weekly",6083,997,0,44.2369460228656
"7091","weekly",6083,998,0,41.6860554300292
"7092","weekly",6083,999,0,39.2589632118761
"7093","weekly",6083,1000,0,37.0097443913182
"7094","weekly",6083,1001,0,34.9651708382153
"7095","weekly",6083,1002,0,33.133690233044
"7096","weekly",6083,1003,0,31.5136600855913
"7097","weekly",6083,1004,0,30.099920917346
"7098","weekly",6083,1005,0,28.8883708421417
"7099","weekly",6083,1006,0,27.8785574263238
"7100","weekly",6083,1007,0,27.0745518074109
"7101","weekly",6083,1008,0,26.4844893359259
"7102","weekly",6083,1009,0,26.1191778304419
"7103","weekly",6083,1010,0,25.9900945175905
"7104","weekly",6083,1011,0,26.10694579142
"7105","weekly",6083,1012,0,26.4748124618709
"7106","weekly",6083,1013,0,27.0908302710377
"7107","weekly",6083,1014,0,27.9404416751495
"7108","weekly",6083,1015,0,28.993548153936
"7109","weekly",6083,1016,0,30.2013680068412
"7110","weekly",6083,1017,0,31.4953185163758
"7111","weekly",6083,1018,0,32.7895071109888
"7112","weekly",6083,1019,0,33.9880717221677
"7113","weekly",6083,1020,0,34.997423815752
"7114","weekly",6083,1021,0,35.7416001528763
"7115","weekly",6083,1022,0,36.1771549861587
"7116","weekly",6083,1023,0,36.3033475579505
"7117","weekly",6083,1024,0,36.1644668940717
"7118","weekly",6083,1025,0,35.8437018925324
"7119","weekly",6083,1026,0,35.4507989226549
"7120","weekly",6083,1027,0,35.1074575426537
"7121","weekly",6083,1028,0,34.934309744167
"7122","weekly",6083,1029,0,35.0417537246976
"7123","weekly",6083,1030,0,35.5248404935264
"7124","weekly",6083,1031,0,36.4607556742121
"7125","weekly",6083,1032,0,37.9066497216481
"7126","weekly",6083,1033,0,39.8956664849902
"7127","weekly",6083,1034,0,42.4298555015994
"7128","weekly",6083,1035,0,45.4701074106779
"7129","weekly",6083,1036,0,48.925190001697
"7130","weekly",6083,1037,0,52.6439985824618
"7131","weekly",6083,1038,0,56.4164172847159
"7132","weekly",6083,1039,0,59.9875407285363
"7133","weekly",6083,1040,0,63.086310747618
"7134","weekly",6083,1041,0,65.4656124870089
"7135","weekly",6083,1042,0,66.9428134736809
"7136","weekly",6083,1043,0,67.4288059156097
"7137","weekly",6083,1044,0,66.9382702336661
"7138","weekly",6083,1045,0,65.5778745758871
"7139","weekly",6083,1046,0,63.5179752146796
"7140","weekly",6083,1047,0,60.9575086433833
"7141","weekly",6083,1048,0,58.0917968586
"7142","weekly",6083,1049,0,55.0896850228237
"7143","weekly",6083,1050,0,52.0820819466171
"7144","weekly",6083,1051,0,49.1605218572586
"7145","weekly",6083,1052,0,46.3826113850009
"7146","weekly",6083,1053,0,43.7809829206672
"7147","weekly",6083,1054,0,41.3728944129398
"7148","weekly",6083,1055,0,39.1686716973272
"7149","weekly",6083,1056,0,37.1779180924132
"7150","weekly",6083,1057,0,35.4131244337404
"7151","weekly",6083,1058,0,33.8909158169045
"7152","weekly",6083,1059,0,32.6314968510342
"7153","weekly",6083,1060,0,31.656996717873
"7154","weekly",6083,1061,0,30.9893279927492
"7155","weekly",6083,1062,0,30.6479077770564
"7156","weekly",6083,1063,0,30.6472522085751
"7157","weekly",6083,1064,0,30.9941784581461
"7158","weekly",6083,1065,0,31.6842555178882
"7159","weekly",6083,1066,0,32.6973293469055
"7160","weekly",6083,1067,0,33.9924538092237
"7161","weekly",6083,1068,0,35.5033410346878
"7162","weekly",6083,1069,0,37.1362939171377
"7163","weekly",6083,1070,0,38.7730703636553
"7164","weekly",6083,1071,0,40.2806862611324
"7165","weekly",6083,1072,0,41.5284047441237
"7166","weekly",6083,1073,0,42.4093439657372
"7167","weekly",6083,1074,0,42.8614148777488
"7168","weekly",6083,1075,0,42.8812929143533
"7169","weekly",6083,1076,0,42.5268565068254
"7170","weekly",6083,1077,0,41.907475244836
"7171","weekly",6083,1078,0,41.1657530454977
"7172","weekly",6083,1079,0,40.4566991449828
"7173","weekly",6083,1080,0,39.9298978991719
"7174","weekly",6083,1081,0,39.7177727267626
"7175","weekly",6083,1082,0,39.9300393610829
"7176","weekly",6083,1083,0,40.6522357895301
"7177","weekly",6083,1084,0,41.9454659863695
"7178","weekly",6083,1085,0,43.8440524573962
"7179","weekly",6083,1086,0,46.3501630590254
"7180","weekly",6083,1087,0,49.4254221361698
"7181","weekly",6083,1088,0,52.9807188533305
"7182","weekly",6083,1089,0,56.8687455097825
"7183","weekly",6083,1090,0,60.8842638050046
"7184","weekly",6083,1091,0,64.776668644663
"7185","weekly",6083,1092,0,68.2763496079351
"7186","weekly",6083,1093,0,71.131293941733
"7187","weekly",6083,1094,0,73.1453881979105
"7188","weekly",6083,1095,0,74.2077053536341
"7189","weekly",6083,1096,0,74.3043496580503
"7190","weekly",6083,1097,0,73.5103480762555
"7191","weekly",6083,1098,0,71.9657115633963
"7192","weekly",6083,1099,0,69.8440471609283
"7193","weekly",6083,1100,0,67.3225768257616
"7194","weekly",6083,1101,0,64.5598369067739
"7195","weekly",6083,1102,0,61.6835771065962
"7196","weekly",6083,1103,0,58.7881612695855
"7197","weekly",6083,1104,0,55.9389032059771
"7198","weekly",6083,1105,0,53.1802068308098
"7199","weekly",6083,1106,0,50.5446753922733
"7200","weekly",6083,1107,0,48.0610642448009
"7201","weekly",6083,1108,0,45.7597970898278
"7202","weekly",6083,1109,0,43.6756030399847
"7203","weekly",6083,1110,0,41.8475560084917
"7204","weekly",6083,1111,0,40.3172931775698
"7205","weekly",6083,1112,0,39.1263583507825
"7206","weekly",6083,1113,0,38.3134422572621
"7207","weekly",6083,1114,0,37.9118696723235
"7208","weekly",6083,1115,0,37.9471867115863
"7209","weekly",6083,1116,0,38.4343194169996
"7210","weekly",6083,1117,0,39.373659237448
"7211","weekly",6083,1118,0,40.7456847683206
"7212","weekly",6083,1119,0,42.5044018816261
"7213","weekly",6083,1120,0,44.5709315086715
"7214","weekly",6083,1121,0,46.8297565504909
"7215","weekly",6083,1122,0,49.1309275711465
"7216","weekly",6083,1123,0,51.3011705942336
"7217","weekly",6083,1124,0,53.1647524857981
"7218","weekly",6083,1125,0,54.5713405443166
"7219","weekly",6083,1126,0,55.4243276591878
"7220","weekly",6083,1127,0,55.7013123942597
"7221","weekly",6083,1128,0,55.4601587072175
"7222","weekly",6083,1129,0,54.8289228122376
"7223","weekly",6083,1130,0,53.9835582964806
"7224","weekly",6083,1131,0,53.1208545557747
"7225","weekly",6083,1132,0,52.4340803195373
"7226","weekly",6083,1133,0,52.0959413342134
"7227","weekly",6083,1134,0,52.2496361180747
"7228","weekly",6083,1135,0,53.0057921126572
"7229","weekly",6083,1136,0,54.4417040761327
"7230","weekly",6083,1137,0,56.5991219897987
"7231","weekly",6083,1138,0,59.479843753179
"7232","weekly",6083,1139,0,63.0372950821838
"7233","weekly",6083,1140,0,67.1659367003958
"7234","weekly",6083,1141,0,71.6944173034499
"7235","weekly",6083,1142,0,76.3865284083004
"7236","weekly",6083,1143,0,80.9550604316901
"7237","weekly",6083,1144,0,85.0901860244267
"7238","weekly",6083,1145,0,88.4988461780667
"7239","weekly",6083,1146,0,90.9464793748484
"7240","weekly",6083,1147,0,92.2900211601154
"7241","weekly",6083,1148,0,92.4931083569973
"7242","weekly",6083,1149,0,91.6202017345422
"7243","weekly",6083,1150,0,89.8131497395952
"7244","weekly",6083,1151,0,87.2584514611008
"7245","weekly",6083,1152,0,84.154514019152
"7246","weekly",6083,1153,0,80.6859836976073
"7247","weekly",6083,1154,0,77.0084951226891
"7248","weekly",6083,1155,0,73.2436920739492
"7249","weekly",6083,1156,0,69.4821155113968
"7250","weekly",6083,1157,0,65.7906678076397
"7251","weekly",6083,1158,0,62.2214995456452
"7252","weekly",6083,1159,0,58.819883847631
"7253","weekly",6083,1160,0,55.6296036195927
"7254","weekly",6083,1161,0,52.6953553809799
"7255","weekly",6083,1162,0,50.0625014694961
"7256","weekly",6083,1163,0,47.7750390070578
"7257","weekly",6083,1164,0,45.8728131301687
"7258","weekly",6083,1165,0,44.3887997896527
"7259","weekly",6083,1166,0,43.3468473327594
"7260","weekly",6083,1167,0,42.7597881045222
"7261","weekly",6083,1168,0,42.6274960228475
"7262","weekly",6083,1169,0,42.9343987461252
"7263","weekly",6083,1170,0,43.6462060876147
"7264","weekly",6083,1171,0,44.7061732020229
"7265","weekly",6083,1172,0,46.0319778358971
"7266","weekly",6083,1173,0,47.5150298567169
"7267","weekly",6083,1174,0,49.0243720659128
"7268","weekly",6083,1175,0,50.4168307871078
"7269","weekly",6083,1176,0,51.5534772506362
"7270","weekly",6083,1177,0,52.3200392447179
"7271","weekly",6083,1178,0,52.6466076037177
"7272","weekly",6083,1179,0,52.5211013171574
"7273","weekly",6083,1180,0,51.9923163338462
"7274","weekly",6083,1181,0,51.161913938151
"7275","weekly",6083,1182,0,50.1669804495541
"7276","weekly",6083,1183,0,49.1596876476178
"7277","weekly",6083,1184,0,48.2891419859225
"7278","weekly",6083,1185,0,47.6873986255887
"7279","weekly",6083,1186,0,47.4615989939703
"7280","weekly",6083,1187,0,47.6906708799434
"7281","weekly",6083,1188,0,48.4242957719471
"7282","weekly",6083,1189,0,49.6819029475082
"7283","weekly",6083,1190,0,51.4502839499692
"7284","weekly",6083,1191,0,53.6796896293599
"7285","weekly",6083,1192,0,56.2796730930277
"7286","weekly",6083,1193,0,59.1171439588652
"7287","weekly",6083,1194,0,62.0196577013121
"7288","weekly",6083,1195,0,64.7863950048777
"7289","weekly",6083,1196,0,67.2073593554596
"7290","weekly",6083,1197,0,69.0884228985888
"7291","weekly",6083,1198,0,70.2770860960154
"7292","weekly",6083,1199,0,70.6825818617726
"7293","weekly",6083,1200,0,70.2851108041214
"7294","weekly",6083,1201,0,69.1322186022298
"7295","weekly",6083,1202,0,67.3242056141025
"7296","weekly",6083,1203,0,64.993315470485
"7297","weekly",6083,1204,0,62.2822920179024
"7298","weekly",6083,1205,0,59.3268171161399
"7299","weekly",6083,1206,0,56.2442208510474
"7300","weekly",6083,1207,0,53.1287077689849
"7301","weekly",6083,1208,0,50.0518343969597
"7302","weekly",6083,1209,0,47.0662814826719
"7303","weekly",6083,1210,0,44.21100244642
"7304","weekly",6083,1211,0,41.5161743316785
"7305","weekly",6083,1212,0,39.0069607669939
"7306","weekly",6083,1213,0,36.7057279197543
"7307","weekly",6083,1214,0,34.6327933790817
"7308","weekly",6083,1215,0,32.8060872118949
"7309","weekly",6083,1216,0,31.2402292168408
"7310","weekly",6083,1217,0,29.9454633817659
"7311","weekly",6083,1218,0,28.9267139654694
"7312","weekly",6083,1219,0,28.1828228353843
"7313","weekly",6083,1220,0,27.7058762124507
"7314","weekly",6083,1221,0,27.4804850173459
"7315","weekly",6083,1222,0,27.4829639264062
"7316","weekly",6083,1223,0,27.680541239708
"7317","weekly",6083,1224,0,28.0309714495597
"7318","weekly",6083,1225,0,28.4831264122186
"7319","weekly",6083,1226,0,28.9791923228113
"7320","weekly",6083,1227,0,29.4588860717267
"7321","weekly",6083,1228,0,29.8655857402409
"7322","weekly",6083,1229,0,30.1535521837795
"7323","weekly",6083,1230,0,30.2947727593564
"7324","weekly",6083,1231,0,30.2837231921148
"7325","weekly",6083,1232,0,30.1387322217852
"7326","weekly",6083,1233,0,29.8995624706149
"7327","weekly",6083,1234,0,29.6217604371413
"7328","weekly",6083,1235,0,29.3698408889177
"7329","weekly",6083,1236,0,29.2102027904548
"7330","weekly",6083,1237,0,29.2049800310706
"7331","weekly",6083,1238,0,29.4080078713232
"7332","weekly",6083,1239,0,29.8620731163755
"7333","weekly",6083,1240,0,30.5969065844984
"7334","weekly",6083,1241,0,31.627160421951
"7335","weekly",6083,1242,0,32.9498688968815
"7336","weekly",6083,1243,0,34.5413879921762
"7337","weekly",6083,1244,0,36.3544300229914
"7338","weekly",6083,1245,0,38.3163921065716
"7339","weekly",6083,1246,0,40.3304951738392
"7340","weekly",6083,1247,0,42.2810535384124
"7341","weekly",6083,1248,0,44.0433381543335
"7342","weekly",6083,1249,0,45.4971028613363
"7343","weekly",6083,1250,0,46.541376485613
"7344","weekly",6083,1251,0,47.1072450147549
"7345","weekly",6083,1252,0,47.1655682481651
"7346","weekly",6083,1253,0,46.7279186570449
"7347","weekly",6083,1254,0,45.8409662314079
"7348","weekly",6083,1255,0,44.5762590587765
"7349","weekly",6083,1256,0,43.0182310340751
"7350","weekly",6083,1257,0,41.2531346396136
"7351","weekly",6083,1258,0,39.3607267608095
"7352","weekly",6083,1259,0,37.4094127095523
"7353","weekly",6083,1260,0,35.4545971017287
"7354","weekly",6083,1261,0,33.5394155399335
"7355","weekly",6083,1262,0,31.6968235971653
"7356","weekly",6083,1263,0,29.9521100329366
"7357","weekly",6083,1264,0,28.3252059488659
"7358","weekly",6083,1265,0,26.8323960039634
"7359","weekly",6083,1266,0,25.4873149608538
"7360","weekly",6083,1267,0,24.3013278183716
"7361","weekly",6083,1268,0,23.2834780228513
"7362","weekly",6083,1269,0,22.440203421982
"7363","weekly",6083,1270,0,21.7749726925758
"7364","weekly",6083,1271,0,21.2879217285881
"7365","weekly",6083,1272,0,20.9755062012264
"7366","weekly",6083,1273,0,20.830160116624
"7367","weekly",6083,1274,0,20.8399721606693
"7368","weekly",6083,1275,0,20.9884560403079
"7369","weekly",6083,1276,0,21.2545752859587
"7370","weekly",6083,1277,0,21.6132774770158
"7371","weekly",6083,1278,0,22.0366613894439
"7372","weekly",6083,1279,0,22.4960570966286
"7373","weekly",6083,1280,0,22.9649609120897
"7374","weekly",6083,1281,0,23.4223609811452
"7375","weekly",6083,1282,0,23.8560114242864
"7376","weekly",6083,1283,0,24.2649712835919
"7377","weekly",6083,1284,0,24.6608652098948
"7378","weekly",6083,1285,0,25.0676229830569
"7379","weekly",6083,1286,0,25.5198300910997
"7380","weekly",6083,1287,0,26.0601179778823
"7381","weekly",6083,1288,0,26.7361255006981
"7382","weekly",6083,1289,0,27.5974503857724
"7383","weekly",6083,1290,0,28.6927498501391
"7384","weekly",6083,1291,0,30.0668589090637
"7385","weekly",6083,1292,0,31.7575859998469
"7386","weekly",6083,1293,0,33.791800104038
"7387","weekly",6083,1294,0,36.1805871618853
"7388","weekly",6083,1295,0,38.9136348417233
"7389","weekly",6083,1296,0,41.9535593501932
"7390","weekly",6083,1297,0,45.2314885997403
"7391","weekly",6083,1298,0,48.6456359983131
"7392","weekly",6083,1299,0,52.064554381519
"7393","weekly",6083,1300,0,55.3360352247182
"7394","weekly",6083,1301,0,58.3012417937207
"7395","weekly",6083,1302,0,60.8120136370489
"7396","weekly",6083,1303,0,62.747996296057
"7397","weekly",6083,1304,0,64.0299462126277
"7398","weekly",6083,1305,0,64.6264654573897
"7399","weekly",6083,1306,0,64.5532140329087
"7400","weekly",6083,1307,0,63.865615607705
"7401","weekly",6083,1308,0,62.647487263479
"7402","weekly",6083,1309,0,60.9984899342453
"7403","weekly",6083,1310,0,59.0228658618289
"7404","weekly",6083,1311,0,56.8209691744196
"7405","weekly",6083,1312,0,54.4840460617997
"7406","weekly",6083,1313,0,52.091905060297
"7407","weekly",6083,1314,0,49.712671254827
"7408","weekly",6083,1315,0,47.4037194112316
"7409","weekly",6083,1316,0,45.2130237569218
"7410","weekly",6083,1317,0,43.1804199930921
"7411","weekly",6083,1318,0,41.338541761339
"7412","weekly",6083,1319,0,39.7133998566642
"7413","weekly",6083,1320,0,38.3246885023691
"7414","weekly",6083,1321,0,37.185933928522
"7415","weekly",6083,1322,0,36.3045747971919
"7416","weekly",6083,1323,0,35.6820197913985
"7417","weekly",6083,1324,0,35.3136991937645
"7418","weekly",6083,1325,0,35.1891352117891
"7419","weekly",6083,1326,0,35.2921026668337
"7420","weekly",6083,1327,0,35.6010216592185
"7421","weekly",6083,1328,0,36.0897862092752
"7422","weekly",6083,1329,0,36.7292491154731
"7423","weekly",6083,1330,0,37.4893383009694
"7424","weekly",6083,1331,0,38.342518677171
"7425","weekly",6083,1332,0,39.2675047524099
"7426","weekly",6083,1333,0,40.2527389680181
"7427","weekly",6083,1334,0,41.2999658915942
"7428","weekly",6083,1335,0,42.4266237262636
"7429","weekly",6083,1336,0,43.6668562740888
"7430","weekly",6083,1337,0,45.071063344345
"7431","weekly",6083,1338,0,46.7041840460442
"7432","weekly",6083,1339,0,48.6430537852793
"7433","weekly",6083,1340,0,50.9731328265771
"7434","weekly",6083,1341,0,53.7846908315623
"7435","weekly",6083,1342,0,57.1682319073298
"7436","weekly",6083,1343,0,61.2086763326661
"7437","weekly",6083,1344,0,65.9777019124522
"7438","weekly",6083,1345,0,71.5238011144465
"7439","weekly",6083,1346,0,77.8601096011698
"7440","weekly",6083,1347,0,84.9509180752866
"7441","weekly",6083,1348,0,92.6988740220404
"7442","weekly",6083,1349,0,100.935912537723
"7443","weekly",6083,1350,0,109.421459229627
"7444","weekly",6083,1351,0,117.85093426465
"7445","weekly",6083,1352,0,125.875810813028
"7446","weekly",6083,1353,0,133.133710077462
"7447","weekly",6083,1354,0,139.284087011489
"7448","weekly",6083,1355,0,144.043100656287
"7449","weekly",6083,1356,0,147.211139368781
"7450","weekly",6083,1357,0,148.688311781974
"7451","weekly",6083,1358,0,148.476310346814
"7452","weekly",6083,1359,0,146.668229715899
"7453","weekly",6083,1360,0,143.430122406819
"7454","weekly",6083,1361,0,138.978807844949
"7455","weekly",6083,1362,0,133.559871240985
"7456","weekly",6083,1363,0,127.428460482362
"7457","weekly",6083,1364,0,120.83404753224
"7458","weekly",6083,1365,0,114.009215297236
"7459","weekly",6083,1366,0,107.16193314315
"7460","weekly",6083,1367,0,100.470633012192
"7461","weekly",6083,1368,0,94.0815104100111
"7462","weekly",6083,1369,0,88.1076569869547
"7463","weekly",6083,1370,0,82.6297540608866
"7464","weekly",6083,1371,0,77.698077430141
"7465","weekly",6083,1372,0,73.3355131988865
"7466","weekly",6083,1373,0,69.5412252926326
"7467","weekly",6083,1374,0,66.2948469112598
"7468","weekly",6083,1375,0,63.5598804072724
"7469","weekly",6083,1376,0,61.2874929779209
"7470","weekly",6083,1377,0,59.4205211862572
"7471","weekly",6083,1378,0,57.8966082150218
"7472","weekly",6083,1379,0,56.6517002083638
"7473","weekly",6083,1380,0,55.6237679269834
"7474","weekly",6083,1381,0,54.7567555824862
"7475","weekly",6083,1382,0,54.0045495458471
"7476","weekly",6083,1383,0,53.3345546511409
"7477","weekly",6083,1384,0,52.7303529446217
"7478","weekly",6083,1385,0,52.1929664860945
"7479","weekly",6083,1386,0,51.7404618857108
"7480","weekly",6083,1387,0,51.4059560991227
"7481","weekly",6083,1388,0,51.2343954975076
"7482","weekly",6083,1389,0,51.2786680209392
"7483","weekly",6083,1390,0,51.5956084317149
"7484","weekly",6083,1391,0,52.2422832925877
"7485","weekly",6083,1392,0,53.2726720218561
"7486","weekly",6083,1393,0,54.7345942877946
"7487","weekly",6083,1394,0,56.666559804522
"7488","weekly",6083,1395,0,59.0941884313579
"7489","weekly",6083,1396,0,62.0259843965905
"7490","weekly",6083,1397,0,65.4485341011532
"7491","weekly",6083,1398,0,69.3215847103274
"7492","weekly",6083,1399,0,73.5738636878377
"7493","weekly",6083,1400,0,78.1007913784269
"7494","weekly",6083,1401,0,82.7652769694469
"7495","weekly",6083,1402,0,87.4024663986056
"7496","weekly",6083,1403,0,91.8286273616759
"7497","weekly",6083,1404,0,95.8534583517103
"7498","weekly",6083,1405,0,99.2942678313848
"7499","weekly",6083,1406,0,101.989982420251
"7500","weekly",6083,1407,0,103.812992466286
"7501","weekly",6083,1408,0,104.677404604263
"7502","weekly",6083,1409,0,104.543119236681
"7503","weekly",6083,1410,0,103.415971780523
"7504","weekly",6083,1411,0,101.344712399681
"7505","weekly",6083,1412,0,98.415752045541
"7506","weekly",6083,1413,0,94.7464487462203
"7507","weekly",6083,1414,0,90.4774301019934
"7508","weekly",6083,1415,0,85.7642349047746
"7509","weekly",6083,1416,0,80.7685187986208
"7510","weekly",6083,1417,0,75.6492003817184
"7511","weekly",6083,1418,0,70.5541030942477
"7512","weekly",6083,1419,0,65.6128782179512
"7513","weekly",6083,1420,0,60.9317644338007
"7514","weekly",6083,1421,0,56.5906334078973
"7515","weekly",6083,1422,0,52.6424344224943
"7516","weekly",6083,1423,0,49.1147077838177
"7517","weekly",6083,1424,0,46.0125989437147
"7518","weekly",6083,1425,0,43.3227124073601
"7519","weekly",6083,1426,0,41.0172111700012
"7520","weekly",6083,1427,0,39.0573547528402
"7521","weekly",6083,1428,0,37.3978871539584
"7522","weekly",6083,1429,0,35.9901856433644
"7523","weekly",6083,1430,0,34.7844607935986
"7524","weekly",6083,1431,0,33.7330064373382
"7525","weekly",6083,1432,0,32.7929734625432
"7526","weekly",6083,1433,0,31.928973219874
"7527","weekly",6083,1434,0,31.115267916146
"7528","weekly",6083,1435,0,30.3372266400038
"7529","weekly",6083,1436,0,29.5917625665097
"7530","weekly",6083,1437,0,28.8866246458056
"7531","weekly",6083,1438,0,28.2386470252095
"7532","weekly",6083,1439,0,27.6712768806028
"7533","weekly",6083,1440,0,27.2118245098463
"7534","weekly",6083,1441,0,26.8888679773954
"7535","weekly",6083,1442,0,26.7301142934884
"7536","weekly",6083,1443,0,26.760828288956
"7537","weekly",6083,1444,0,27.0027581499817
"7538","weekly",6083,1445,0,27.4733647549656
"7539","weekly",6083,1446,0,28.185122495619
"7540","weekly",6083,1447,0,29.1446978859967
"7541","weekly",6083,1448,0,30.3519090259433
"7542","weekly",6083,1449,0,31.7984971932456
"7543","weekly",6083,1450,0,33.4668717921595
"7544","weekly",6083,1451,0,35.3290898994092
"7545","weekly",6083,1452,0,37.3463712659723
"7546","weekly",6083,1453,0,39.4694081194393
"7547","weekly",6083,1454,0,41.6396071923155
"7548","weekly",6083,1455,0,43.7912290146051
"7549","weekly",6083,1456,0,45.8542213043183
"7550","weekly",6083,1457,0,47.757439129753
"7551","weekly",6083,1458,0,49.4319420244501
"7552","weekly",6083,1459,0,50.8141517629047
"7553","weekly",6083,1460,0,51.8487935237645
"7554","weekly",6083,1461,0,52.4916530509072
"7555","weekly",6083,1462,0,52.7121985386912
"7556","weekly",6083,1463,0,52.4960154944347
"7557","weekly",6083,1464,0,51.8468202271251
"7558","weekly",6083,1465,0,50.7876363740652
"7559","weekly",6083,1466,0,49.3606405128594
"7560","weekly",6083,1467,0,47.6252825492556
"7561","weekly",6083,1468,0,45.65457262774
"7562","weekly",6083,1469,0,43.5298248657055
"7563","weekly",6083,1470,0,41.3354456095331
"7564","weekly",6083,1471,0,39.1512878559806
"7565","weekly",6083,1472,0,37.0468599963278
"7566","weekly",6083,1473,0,35.0791167034185
"7567","weekly",6083,1474,0,33.2904347237418
"7568","weekly",6083,1475,0,31.70805024539
"7569","weekly",6083,1476,0,30.344888832049
"7570","weekly",6083,1477,0,29.2012239483156
"7571","weekly",6083,1478,0,28.2667017832209
"7572","weekly",6083,1479,0,27.5224334641607
"7573","weekly",6083,1480,0,26.9430377326935
"7574","weekly",6083,1481,0,26.4986669301215
"7575","weekly",6083,1482,0,26.1571274555899
"7576","weekly",6083,1483,0,25.8861931150968
"7577","weekly",6083,1484,0,25.6561113327625
"7578","weekly",6083,1485,0,25.442151830146
"7579","weekly",6083,1486,0,25.2269035831196
"7580","weekly",6083,1487,0,25.0019550263605
"7581","weekly",6083,1488,0,24.7686407773144
"7582","weekly",6083,1489,0,24.537705255505
"7583","weekly",6083,1490,0,24.3279659555774
"7584","weekly",6083,1491,0,24.1642718169896
"7585","weekly",6083,1492,0,24.0751688128439
"7586","weekly",6083,1493,0,24.0906728744594
"7587","weekly",6083,1494,0,24.2404303153453
"7588","weekly",6083,1495,0,24.5523745237078
"7589","weekly",6083,1496,0,25.0518267575826
"7590","weekly",6083,1497,0,25.7608812759499
"7591","weekly",6083,1498,0,26.6978760119746
"7592","weekly",6083,1499,0,27.8767723360579
"7593","weekly",6083,1500,0,29.3063321805166
"7594","weekly",6083,1501,0,30.9890660090459
"7595","weekly",6083,1502,0,32.920010507587
"7596","weekly",6083,1503,0,35.0854633879426
"7597","weekly",6083,1504,0,37.4618420745683
"7598","weekly",6083,1505,0,40.0148386620203
"7599","weekly",6083,1506,0,42.6990212179371
"7600","weekly",6083,1507,0,45.4579973570653
"7601","weekly",6083,1508,0,48.2252306001028
"7602","weekly",6083,1509,0,50.9255975728811
"7603","weekly",6083,1510,0,53.4777909775148
"7604","weekly",6083,1511,0,55.7976826980739
"7605","weekly",6083,1512,0,57.8027198589189
"7606","weekly",6083,1513,0,59.4172929990091
"7607","weekly",6083,1514,0,60.5787773810225
"7608","weekly",6083,1515,0,61.243644376751
"7609","weekly",6083,1516,0,61.3927633166168
"7610","weekly",6083,1517,0,61.0348891457106
"7611","weekly",6083,1518,0,60.2074615556994
"7612","weekly",6083,1519,0,58.9742531032753
"7613","weekly",6083,1520,0,57.4200124969575
"7614","weekly",6083,1521,0,55.6428767447214
"7615","weekly",6083,1522,0,53.7457694635013
"7616","weekly",6083,1523,0,51.8277615846382
"7617","weekly",6083,1524,0,49.9779739867663
"7618","weekly",6083,1525,0,48.2707950636104
"7619","weekly",6083,1526,0,46.7626613673274
"7620","weekly",6083,1527,0,45.4918433231796
"7621","weekly",6083,1528,0,44.4792654401535
"7622","weekly",6083,1529,0,43.730151925236
"7623","weekly",6083,1530,0,43.236047175109
"7624","weekly",6083,1531,0,42.9769628017311
"7625","weekly",6083,1532,0,42.923608313693
"7626","weekly",6083,1533,0,43.0398090865056
"7627","weekly",6083,1534,0,43.2852630014677
"7628","weekly",6083,1535,0,43.6187234694589
"7629","weekly",6083,1536,0,44.0015407237588
"7630","weekly",6083,1537,0,44.4012971483608
"7631","weekly",6083,1538,0,44.7951101514627
"7632","weekly",6083,1539,0,45.1721196248254
"7633","weekly",6083,1540,0,45.5347648322422
"7634","weekly",6083,1541,0,45.8986710275203
"7635","weekly",6083,1542,0,46.2912404072995
"7636","weekly",6083,1543,0,46.7492832526841
"7637","weekly",6083,1544,0,47.3161585173293
"7638","weekly",6083,1545,0,48.0388902647319
"7639","weekly",6083,1546,0,48.9656094140882
"7640","weekly",6083,1547,0,50.1434932368793
"7641","weekly",6083,1548,0,51.6171962959415
"7642","weekly",6083,1549,0,53.4276275192242
"7643","weekly",6083,1550,0,55.6108460206669
"7644","weekly",6083,1551,0,58.1968206467573
"7645","weekly",6083,1552,0,61.207813420835
"7646","weekly",6083,1553,0,64.6561945149588
"7647","weekly",6083,1554,0,68.5415730167151
"7648","weekly",6083,1555,0,72.8472395194549
"7649","weekly",6083,1556,0,77.5360750680702
"7650","weekly",6083,1557,0,82.546295396678
"7651","weekly",6083,1558,0,87.7876639643218
"7652","weekly",6083,1559,0,93.1390868392191
"7653","weekly",6083,1560,0,98.4487211787782
"7654","weekly",6083,1561,0,103.537772051117
"7655","weekly",6083,1562,0,108.208890947819
"7656","weekly",6083,1563,0,112.259434733656
"7657","weekly",6083,1564,0,115.498818428183
"7658","weekly",6083,1565,0,117.767989040847
"7659","weekly",6083,1566,0,118.958012656978
"7660","weekly",6083,1567,0,119.024592350077
"7661","weekly",6083,1568,0,117.994393693807
"7662","weekly",6083,1569,0,115.962885948276
"7663","weekly",6083,1570,0,113.083928280859
"7664","weekly",6083,1571,0,109.551827062256
"7665","weekly",6083,1572,0,105.580336181025
"7666","weekly",6083,1573,0,101.382013966024
"7667","weekly",6083,1574,0,97.1509877750505
"7668","weekly",6083,1575,0,93.0509437742003
"7669","weekly",6083,1576,0,89.208793927537
"7670","weekly",6083,1577,0,85.7133727159089
"7671","weekly",6083,1578,0,82.6178883897956
"7672","weekly",6083,1579,0,79.9447004948743
"7673","weekly",6083,1580,0,77.6911846377043
"7674","weekly",6083,1581,0,75.8357994558755
"7675","weekly",6083,1582,0,74.3438361323206
"7676","weekly",6083,1583,0,73.1726115321508
"7677","weekly",6083,1584,0,72.2760267225822
"7678","weekly",6083,1585,0,71.6084651827987
"7679","weekly",6083,1586,0,71.1279898031207
"7680","weekly",6083,1587,0,70.7987646361435
"7681","weekly",6083,1588,0,70.5926187473087
"7682","weekly",6083,1589,0,70.4897081388917
"7683","weekly",6083,1590,0,70.4783155149053
"7684","weekly",6083,1591,0,70.5539336304937
"7685","weekly",6083,1592,0,70.7178734052286
"7686","weekly",6083,1593,0,70.9756938135251
"7687","weekly",6083,1594,0,71.3357511797367
"7688","weekly",6083,1595,0,71.8081114383094
"7689","weekly",6083,1596,0,72.4039732401725
"7690","weekly",6083,1597,0,73.1356316092424
"7691","weekly",6083,1598,0,74.016890755127
"7692","weekly",6083,1599,0,75.0637276361958
"7693","weekly",6083,1600,0,76.2949282731424
"7694","weekly",6083,1601,0,77.7323755837569
"7695","weekly",6083,1602,0,79.4006641536398
"7696","weekly",6083,1603,0,81.3257515482837
"7697","weekly",6083,1604,0,83.5324214333232
"7698","weekly",6083,1605,0,86.0404266364785
"7699","weekly",6083,1606,0,88.8593053154182
"7700","weekly",6083,1607,0,91.9820395797724
"7701","weekly",6083,1608,0,95.3779824183293
"7702","weekly",6083,1609,0,98.9858374857868
"7703","weekly",6083,1610,0,102.707920329791
"7704","weekly",6083,1611,0,106.407366360683
"7705","weekly",6083,1612,0,109.910190436014
"7706","weekly",6083,1613,0,113.013883955195
"7707","weekly",6083,1614,0,115.503324572186
"7708","weekly",6083,1615,0,117.173130788957
"7709","weekly",6083,1616,0,117.853528187698
"7710","weekly",6083,1617,0,117.434986085282
"7711","weekly",6083,1618,0,115.886167974371
"7712","weekly",6083,1619,0,113.260691290983
"7713","weekly",6083,1620,0,109.690004864868
"7714","weekly",6083,1621,0,105.366700609244
"7715","weekly",6083,1622,0,100.518678032822
"7716","weekly",6083,1623,0,95.3800092573656
"7717","weekly",6083,1624,0,90.167331028948
"7718","weekly",6083,1625,0,85.0624154748075
"7719","weekly",6083,1626,0,80.2029191774927
"7720","weekly",6083,1627,0,75.6806282055477
"7721","weekly",6083,1628,0,71.545421201401
"7722","weekly",6083,1629,0,67.8126177433151
"7723","weekly",6083,1630,0,64.4718152671994
"7724","weekly",6083,1631,0,61.4958233300422
"7725","weekly",6083,1632,0,58.8487524667435
"7726","weekly",6083,1633,0,56.4927615480265
"7727","weekly",6083,1634,0,54.3932171048364
"7728","weekly",6083,1635,0,52.5221636385395
"7729","weekly",6083,1636,0,50.8601096869534
"7730","weekly",6083,1637,0,49.3962450372783
"7731","weekly",6083,1638,0,48.1273272528197
"7732","weekly",6083,1639,0,47.0555861804314
"7733","weekly",6083,1640,0,46.1860591861187
"7734","weekly",6083,1641,0,45.5237680993159
"7735","weekly",6083,1642,0,45.0710895059747
"7736","weekly",6083,1643,0,44.8255844783853
"7737","weekly",6083,1644,0,44.7784787098935
"7738","weekly",6083,1645,0,44.9139410493663
"7739","weekly",6083,1646,0,45.2092921278818
"7740","weekly",6083,1647,0,45.6362536088418
"7741","weekly",6083,1648,0,46.1632796866033
"7742","weekly",6083,1649,0,46.7588655343861
"7743","weekly",6083,1650,0,47.3955091531971
"7744","weekly",6083,1651,0,48.0537688010081
"7745","weekly",6083,1652,0,48.7256983074476
"7746","weekly",6083,1653,0,49.4169425198052
"7747","weekly",6083,1654,0,50.1469658636343
"7748","weekly",6083,1655,0,50.9472171733214
"7749","weekly",6083,1656,0,51.8573872402631
"7750","weekly",6083,1657,0,52.9201689635665
"7751","weekly",6083,1658,0,54.1750198726368
"7752","weekly",6083,1659,0,55.651382975615
"7753","weekly",6083,1660,0,57.36175238961
"7754","weekly",6083,1661,0,59.2950067327911
"7755","weekly",6083,1662,0,61.4106624843989
"7756","weekly",6083,1663,0,63.6355611631589
"7757","weekly",6083,1664,0,65.8626402539667
"7758","weekly",6083,1665,0,67.9555911668722
"7759","weekly",6083,1666,0,69.760643266025
"7760","weekly",6083,1667,0,71.1229141342046
"7761","weekly",6083,1668,0,71.907098590309
"7762","weekly",6083,1669,0,72.0180827111035
"7763","weekly",6083,1670,0,71.416597983407
"7764","weekly",6083,1671,0,70.1257383181219
"7765","weekly",6083,1672,0,68.226492931135
"7766","weekly",6083,1673,0,65.8435474584257
"7767","weekly",6083,1674,0,63.1251972573082
"7768","weekly",6083,1675,0,60.2223074894719
"7769","weekly",6083,1676,0,57.2706403327611
"7770","weekly",6083,1677,0,54.3791196693055
"7771","weekly",6083,1678,0,51.624616535235
"7772","weekly",6083,1679,0,49.0523528811318
"7773","weekly",6083,1680,0,46.6802155768091
"7774","weekly",6083,1681,0,44.5053465594829
"7775","weekly",6083,1682,0,42.5115826508991
"7776","weekly",6083,1683,0,40.6766818017495
"7777","weekly",6083,1684,0,38.9786370147049
"7778","weekly",6083,1685,0,37.4005679071706
"7779","weekly",6083,1686,0,35.9338442029402
"7780","weekly",6083,1687,0,34.5792953508062
"7781","weekly",6083,1688,0,33.3466146989085
"7782","weekly",6083,1689,0,32.2523304587376
"7783","weekly",6083,1690,0,31.3169038920896
"7784","weekly",6083,1691,0,30.5615571300295
"7785","weekly",6083,1692,0,30.0053184041317
"7786","weekly",6083,1693,0,29.6625590219337
"7787","weekly",6083,1694,0,29.5410795674106
"7788","weekly",6083,1695,0,29.6406701330561
"7789","weekly",6083,1696,0,29.9520664879237
"7790","weekly",6083,1697,0,30.4563423798681
"7791","weekly",6083,1698,0,31.1249595270492
"7792","weekly",6083,1699,0,31.9208471802704
"7793","weekly",6083,1700,0,32.8008957009733
"7794","weekly",6083,1701,0,33.7200435381237
"7795","weekly",6083,1702,0,34.636713712287
"7796","weekly",6083,1703,0,35.5188313744147
"7797","weekly",6083,1704,0,36.3492443888244
"7798","weekly",6083,1705,0,37.1292942066357
"7799","weekly",6083,1706,0,37.879635405814
"7800","weekly",6083,1707,0,38.6380614703667
"7801","weekly",6083,1708,0,39.4547823855828
"7802","weekly",6083,1709,0,40.3860309263109
"7803","weekly",6083,1710,0,41.4869165581913
"7804","weekly",6083,1711,0,42.8041777068283
"7805","weekly",6083,1712,0,44.369131976986
"7806","weekly",6083,1713,0,46.1909401504818
"7807","weekly",6083,1714,0,48.2504453324364
"7808","weekly",6083,1715,0,50.4953296266467
"7809","weekly",6083,1716,0,52.8374842591002
"7810","weekly",6083,1717,0,55.156274364519
"7811","weekly",6083,1718,0,57.3071652858634
"7812","weekly",6083,1719,0,59.1359161026921
"7813","weekly",6083,1720,0,60.4992113465996
"7814","weekly",6083,1721,0,61.2861212230491
"7815","weekly",6083,1722,0,61.4356620813342
"7816","weekly",6083,1723,0,60.9457061898574
"7817","weekly",6083,1724,0,59.8708074914175
"7818","weekly",6083,1725,0,58.3098294712545
"7819","weekly",6083,1726,0,56.3871315302531
"7820","weekly",6083,1727,0,54.2323426137737
"7821","weekly",6083,1728,0,51.9631836625922
"7822","weekly",6083,1729,0,49.6740244702814
"7823","weekly",6083,1730,0,47.4308476791339
"7824","weekly",6083,1731,0,45.2717872512003
"7825","weekly",6083,1732,0,43.2116692052223
"7826","weekly",6083,1733,0,41.2488648202416
"7827","weekly",6083,1734,0,39.3729689328175
"7828","weekly",6083,1735,0,37.5720926032809
"7829","weekly",6083,1736,0,35.8388143427001
"7830","weekly",6083,1737,0,34.1740978715243
"7831","weekly",6083,1738,0,32.5888244272646
"7832","weekly",6083,1739,0,31.1030159871734
"7833","weekly",6083,1740,0,29.7432601355686
"7834","weekly",6083,1741,0,28.5391481320548
"7835","weekly",6083,1742,0,27.5195939197874
"7836","weekly",6083,1743,0,26.7097028975986
"7837","weekly",6083,1744,0,26.1285038782516
"7838","weekly",6083,1745,0,25.7874981905334
"7839","weekly",6083,1746,0,25.6897482372879
"7840","weekly",6083,1747,0,25.8291887163505
"7841","weekly",6083,1748,0,26.1899898743577
"7842","weekly",6083,1749,0,26.7460727205325
"7843","weekly",6083,1750,0,27.4611736981169
"7844","weekly",6083,1751,0,28.2900570658676
"7845","weekly",6083,1752,0,29.1814469082892
"7846","weekly",6083,1753,0,30.0829111314233
"7847","weekly",6083,1754,0,30.9473097181326
"7848","weekly",6083,1755,0,31.7397186135349
"7849","weekly",6083,1756,0,32.443278297942
"7850","weekly",6083,1757,0,33.0624707599927
"7851","weekly",6083,1758,0,33.6229489990801
"7852","weekly",6083,1759,0,34.1679790809721
"7853","weekly",6083,1760,0,34.7524879494158
"7854","weekly",6083,1761,0,35.4355791718845
"7855","weekly",6083,1762,0,36.2731569032185
"7856","weekly",6083,1763,0,37.3113040780445
"7857","weekly",6083,1764,0,38.5800324682641
"7858","weekly",6083,1765,0,40.0877402720071
"7859","weekly",6083,1766,0,41.8163355239376
"7860","weekly",6083,1767,0,43.7175904704491
"7861","weekly",6083,1768,0,45.7119155600667
"7862","weekly",6083,1769,0,47.6911347786227
"7863","weekly",6083,1770,0,49.5266106319323
"7864","weekly",6083,1771,0,51.0829629838699
"7865","weekly",6083,1772,0,52.2358008523588
"7866","weekly",6083,1773,0,52.8899973217049
"7867","weekly",6083,1774,0,52.9940382802888
"7868","weekly",6083,1775,0,52.546584329044
"7869","weekly",6083,1776,0,51.5935591216112
"7870","weekly",6083,1777,0,50.216926207635
"7871","weekly",6083,1778,0,48.5185950669111
"7872","weekly",6083,1779,0,46.6037343137577
"7873","weekly",6083,1780,0,44.5670972146618
"7874","weekly",6083,1781,0,42.4843900169071
"7875","weekly",6083,1782,0,40.4090416622348
"7876","weekly",6083,1783,0,38.3735239754169
"7877","weekly",6083,1784,0,36.3937835715187
"7878","weekly",6083,1785,0,34.4752473364497
"7879","weekly",6083,1786,0,32.6190309608646
"7880","weekly",6083,1787,0,30.827255878452
"7881","weekly",6083,1788,0,29.1067091698496
"7882","weekly",6083,1789,0,27.4704665124154
"7883","weekly",6083,1790,0,25.9375273151381
"7884","weekly",6083,1791,0,24.5309133039991
"7885","weekly",6083,1792,0,23.2749477309844
"7886","weekly",6083,1793,0,22.1924771777121
"7887","weekly",6083,1794,0,21.3026186104689
"7888","weekly",6083,1795,0,20.6192974908481
"7889","weekly",6083,1796,0,20.1505190089229
"7890","weekly",6083,1797,0,19.8980958393804
"7891","weekly",6083,1798,0,19.857496449622
"7892","weekly",6083,1799,0,20.0175731875497
"7893","weekly",6083,1800,0,20.3601361923356
"7894","weekly",6083,1801,0,20.8595944533881
"7895","weekly",6083,1802,0,21.4831099787843
"7896","weekly",6083,1803,0,22.1918105094519
"7897","weekly",6083,1804,0,22.9434893775178
"7898","weekly",6083,1805,0,23.6968492810847
"7899","weekly",6083,1806,0,24.4167936379672
"7900","weekly",6083,1807,0,25.0797387294879
"7901","weekly",6083,1808,0,25.6776734934101
"7902","weekly",6083,1809,0,26.2199016516097
"7903","weekly",6083,1810,0,26.7320129196305
"7904","weekly",6083,1811,0,27.2523784623045
"7905","weekly",6083,1812,0,27.8270158863743
"7906","weekly",6083,1813,0,28.503654857006
"7907","weekly",6083,1814,0,29.3263717988884
"7908","weekly",6083,1815,0,30.3304000234639
"7909","weekly",6083,1816,0,31.537050506784
"7910","weekly",6083,1817,0,32.9494286352419
"7911","weekly",6083,1818,0,34.5484774787619
"7912","weekly",6083,1819,0,36.2900823681412
"7913","weekly",6083,1820,0,38.1043226227775
"7914","weekly",6083,1821,0,39.8981937236385
"7915","weekly",6083,1822,0,41.5628032138775
"7916","weekly",6083,1823,0,42.9850274755881
"7917","weekly",6083,1824,0,44.0621043228311
"7918","weekly",6083,1825,0,44.7162093895604
"7919","weekly",6083,1826,0,44.9054625920253
"7920","weekly",6083,1827,0,44.6285031356092
"7921","weekly",6083,1828,0,43.9215997248539
"7922","weekly",6083,1829,0,42.8494648389169
"7923","weekly",6083,1830,0,41.4925818310439
"7924","weekly",6083,1831,0,39.9343510052131
"7925","weekly",6083,1832,0,38.250745294994
"7926","weekly",6083,1833,0,36.5039290978602
"7927","weekly",6083,1834,0,34.7400247685728
"7928","weekly",6083,1835,0,32.990295346739
"7929","weekly",6083,1836,0,31.2745836706017
"7930","weekly",6083,1837,0,29.6057580156048
"7931","weekly",6083,1838,0,27.9940458471538
"7932","weekly",6083,1839,0,26.4504606616247
"7933","weekly",6083,1840,0,24.988847622677
"7934","weekly",6083,1841,0,23.6264244773629
"7935","weekly",6083,1842,0,22.3830455765274
"7936","weekly",6083,1843,0,21.2796608132339
"7937","weekly",6083,1844,0,20.3365280957514
"7938","weekly",6083,1845,0,19.5716531650105
"7939","weekly",6083,1846,0,18.9997213233728
"7940","weekly",6083,1847,0,18.6315393240948
"7941","weekly",6083,1848,0,18.4738093252236
"7942","weekly",6083,1849,0,18.5289650861669
"7943","weekly",6083,1850,0,18.7948277269752
"7944","weekly",6083,1851,0,19.2639691580844
"7945","weekly",6083,1852,0,19.9228739918326
"7946","weekly",6083,1853,0,20.7512193582515
"7947","weekly",6083,1854,0,21.7217793860473
"7948","weekly",6083,1855,0,22.801518586537
"7949","weekly",6083,1856,0,23.9544505485101
"7950","weekly",6083,1857,0,25.1456081223732
"7951","weekly",6083,1858,0,26.346384913646
"7952","weekly",6083,1859,0,27.5402916241728
"7953","weekly",6083,1860,0,28.7270117440639
"7954","weekly",6083,1861,0,29.924436828107
"7955","weekly",6083,1862,0,31.1680808872916
"7956","weekly",6083,1863,0,32.508088370043
"7957","weekly",6083,1864,0,34.0044845652301
"7958","weekly",6083,1865,0,35.7213804823696
"7959","weekly",6083,1866,0,37.7205857701338
"7960","weekly",6083,1867,0,40.0547094030626
"7961","weekly",6083,1868,0,42.7595910785167
"7962","weekly",6083,1869,0,45.8460056543117
"7963","weekly",6083,1870,0,49.2911010559328
"7964","weekly",6083,1871,0,53.0308858930803
"7965","weekly",6083,1872,0,56.9559908597148
"7966","weekly",6083,1873,0,60.913404947918
"7967","weekly",6083,1874,0,64.7163924991764
"7968","weekly",6083,1875,0,68.1630362996366
"7969","weekly",6083,1876,0,71.0611267023487
"7970","weekly",6083,1877,0,73.2544291527447
"7971","weekly",6083,1878,0,74.6440367498872
"7972","weekly",6083,1879,0,75.199436443072
"7973","weekly",6083,1880,0,74.9568949749664
"7974","weekly",6083,1881,0,74.0065469357214
"7975","weekly",6083,1882,0,72.4725391913526
"7976","weekly",6083,1883,0,70.4917056912382
"7977","weekly",6083,1884,0,68.1954717563931
"7978","weekly",6083,1885,0,65.6977669680055
"7979","weekly",6083,1886,0,63.0896226920595
"7980","weekly",6083,1887,0,60.4395288043743
"7981","weekly",6083,1888,0,57.7977582158346
"7982","weekly",6083,1889,0,55.2025882457237
"7983","weekly",6083,1890,0,52.686703245432
"7984","weekly",6083,1891,0,50.2823923956021
"7985","weekly",6083,1892,0,48.0247387443815
"7986","weekly",6083,1893,0,45.9526513313613
"7987","weekly",6083,1894,0,44.1080818144692
"7988","weekly",6083,1895,0,42.534106262523
"7989","weekly",6083,1896,0,41.2726419726532
"7990","weekly",6083,1897,0,40.3624145217182
"7991","weekly",6083,1898,0,39.8374758669379
"7992","weekly",6083,1899,0,39.7262272717926
"7993","weekly",6083,1900,0,40.0506405623455
"7994","weekly",6083,1901,0,40.8252742865734
"7995","weekly",6083,1902,0,42.0557746432896
"7996","weekly",6083,1903,0,43.7368217583426
"7997","weekly",6083,1904,0,45.8498828748707
"7998","weekly",6083,1905,0,48.361573732429
"7999","weekly",6083,1906,0,51.223758586304
"8000","weekly",6083,1907,0,54.3765466992481
"8001","weekly",6083,1908,0,57.754908740957
"8002","weekly",6083,1909,0,61.2978220091027
"8003","weekly",6083,1910,0,64.9620810822671
"8004","weekly",6083,1911,0,68.7345578692184
"8005","weekly",6083,1912,0,72.6397592350841
"8006","weekly",6083,1913,0,76.745271809923
"8007","weekly",6083,1914,0,81.1608123740734
"8008","weekly",6083,1915,0,86.0319506379601
"8009","weekly",6083,1916,0,91.5294013532402
"8010","weekly",6083,1917,0,97.834684500529
"8011","weekly",6083,1918,0,105.122303464581
"8012","weekly",6083,1919,0,113.537895120375
"8013","weekly",6083,1920,0,123.171685270601
"8014","weekly",6083,1921,0,134.027576867127
"8015","weekly",6083,1922,0,145.990549917333
"8016","weekly",6083,1923,0,158.798441637366
"8017","weekly",6083,1924,0,172.027464114086
"8018","weekly",6083,1925,0,185.102068301989
"8019","weekly",6083,1926,0,197.336911654376
"8020","weekly",6083,1927,0,208.010898419903
"8021","weekly",6083,1928,0,216.462298825994
"8022","weekly",6083,1929,0,222.184257523317
"8023","weekly",6083,1930,0,224.896697469929
"8024","weekly",6083,1931,0,224.57632197885
"8025","weekly",6083,1932,0,221.439148478181
"8026","weekly",6083,1933,0,215.884142513445
"8027","weekly",6083,1934,0,208.41611174593
"8028","weekly",6083,1935,0,199.568063861137
"8029","weekly",6083,1936,0,189.838650040008
"8030","weekly",6083,1937,0,179.652507014165
"8031","weekly",6083,1938,0,169.343834793646
"8032","weekly",6083,1939,0,159.158540702454
"8033","weekly",6083,1940,0,149.268178457496
"8034","weekly",6083,1941,0,139.789049607687
"8035","weekly",6083,1942,0,130.801227264383
"8036","weekly",6083,1943,0,122.364098756254
"8037","weekly",6083,1944,0,114.52681228728
"8038","weekly",6083,1945,0,107.333502050693
"8039","weekly",6083,1946,0,100.824228415193
"8040","weekly",6083,1947,0,95.0331388300983
"8041","weekly",6083,1948,0,89.9854333114781
"8042","weekly",6083,1949,0,85.6944002702658
"8043","weekly",6083,1950,0,82.1592526932654
"8044","weekly",6083,1951,0,79.3639521363948
"8045","weekly",6083,1952,0,77.2768326742516
"8046","weekly",6083,1953,0,75.8511375628004
"8047","weekly",6083,1954,0,75.0245938395383
"8048","weekly",6083,1955,0,74.7203070409596
"8049","weekly",6083,1956,0,74.8493196969794
"8050","weekly",6083,1957,0,75.3134096745634
"8051","weekly",6083,1958,0,76.0104071996466
"8052","weekly",6083,1959,0,76.8417679220001
"8053","weekly",6083,1960,0,77.7218815006636
"8054","weekly",6083,1961,0,78.5878168541385
"8055","weekly",6083,1962,0,79.4076607560419
"8056","weekly",6083,1963,0,80.1855881327792
"8057","weekly",6083,1964,0,80.9624039797782
"8058","weekly",6083,1965,0,81.8113219476072
"8059","weekly",6083,1966,0,82.8297809184151
"8060","weekly",6083,1967,0,84.1287310677435
"8061","weekly",6083,1968,0,85.8208393450041
"8062","weekly",6083,1969,0,88.0085649891262
"8063","weekly",6083,1970,0,90.7723594253766
"8064","weekly",6083,1971,0,94.1587401772267
"8065","weekly",6083,1972,0,98.1679858352873
"8066","weekly",6083,1973,0,102.741842787247
"8067","weekly",6083,1974,0,107.752848363045
"8068","weekly",6083,1975,0,112.998312629541
"8069","weekly",6083,1976,0,118.20302436818
"8070","weekly",6083,1977,0,123.034538089836
"8071","weekly",6083,1978,0,127.132804466892
"8072","weekly",6083,1979,0,130.151958650778
"8073","weekly",6083,1980,0,131.807387488414
"8074","weekly",6083,1981,0,131.91775700447
"8075","weekly",6083,1982,0,130.43145625804
"8076","weekly",6083,1983,0,127.430590775126
"8077","weekly",6083,1984,0,123.11200316879
"8078","weekly",6083,1985,0,117.751194501223
"8079","weekly",6083,1986,0,111.658916129105
"8080","weekly",6083,1987,0,105.140450524006
"8081","weekly",6083,1988,0,98.464816732594
"8082","weekly",6083,1989,0,91.847022912887
"8083","weekly",6083,1990,0,85.4427638052439
"8084","weekly",6083,1991,0,79.3526215213205
"8085","weekly",6083,1992,0,73.6346010786801
"8086","weekly",6083,1993,0,68.3111709677614
"8087","weekly",6083,1994,0,63.3818065020605
"8088","weekly",6083,1995,0,58.8361270047171
"8089","weekly",6083,1996,0,54.6607355875312
"8090","weekly",6083,1997,0,50.8431896582479
"8091","weekly",6083,1998,0,47.3737188568193
"8092","weekly",6083,1999,0,44.2451025404443
"8093","weekly",6083,2000,0,41.4513664919505
"8094","weekly",6083,2001,0,38.9859765094297
"8095","weekly",6083,2002,0,36.8400781419041
"8096","weekly",6083,2003,0,35.0011298925092
"8097","weekly",6083,2004,0,33.4520736098493
"8098","weekly",6083,2005,0,32.171037445718
"8099","weekly",6083,2006,0,31.1313339070912
"8100","weekly",6083,2007,0,30.3023606376664
"8101","weekly",6083,2008,0,29.6505495820311
"8102","weekly",6083,2009,0,29.1404362597241
"8103","weekly",6083,2010,0,28.7366812136461
"8104","weekly",6083,2011,0,28.4063672679622
"8105","weekly",6083,2012,0,28.1215669833764
"8106","weekly",6083,2013,0,27.8618556600122
"8107","weekly",6083,2014,0,27.6163370701397
"8108","weekly",6083,2015,0,27.3847552709922
"8109","weekly",6083,2016,0,27.1774114235886
"8110","weekly",6083,2017,0,27.0138511705009
"8111","weekly",6083,2018,0,26.9205447402055
"8112","weekly",6083,2019,0,26.9279478744284
"8113","weekly",6083,2020,0,27.0673474784853
"8114","weekly",6083,2021,0,27.3677711285854
"8115","weekly",6083,2022,0,27.853043748255
"8116","weekly",6083,2023,0,28.5389030858496
"8117","weekly",6083,2024,0,29.4300227743515
"8118","weekly",6083,2025,0,30.5168889312336
"8119","weekly",6083,2026,0,31.7727394983813
"8120","weekly",6083,2027,0,33.1511546428956
"8121","weekly",6083,2028,0,34.5852616482007
"8122","weekly",6083,2029,0,35.9896998105833
"8123","weekly",6083,2030,0,37.2662674087624
"8124","weekly",6083,2031,0,38.3134165761876
"8125","weekly",6083,2032,0,39.0385690538387
"8126","weekly",6083,2033,0,39.3709850615269
"8127","weekly",6083,2034,0,39.2722020598158
"8128","weekly",6083,2035,0,38.7413352698932
"8129","weekly",6083,2036,0,37.8138389563537
"8130","weekly",6083,2037,0,36.5541860004741
"8131","weekly",6083,2038,0,35.0445645343425
"8132","weekly",6083,2039,0,33.3724824396049
"8133","weekly",6083,2040,0,31.6199377079465
"8134","weekly",6083,2041,0,29.8558496988408
"8135","weekly",6083,2042,0,28.1322709972301
"8136","weekly",6083,2043,0,26.4839546172298
"8137","weekly",6083,2044,0,24.9303315025172
"8138","weekly",6083,2045,0,23.4788822162955
"8139","weekly",6083,2046,0,22.1289718392072
"8140","weekly",6083,2047,0,20.8754911737487
"8141","weekly",6083,2048,0,19.7119063159043
"8142","weekly",6083,2049,0,18.6325898677605
"8143","weekly",6083,2050,0,17.6338967545889
"8144","weekly",6083,2051,0,16.7146497245267
"8145","weekly",6083,2052,0,15.8760986781999
"8146","weekly",6083,2053,0,15.1210410239
"8147","weekly",6083,2054,0,14.4528218382329
"8148","weekly",6083,2055,0,13.8743155028787
"8149","weekly",6083,2056,0,13.3870536347677
"8150","weekly",6083,2057,0,12.9905864478351
"8151","weekly",6083,2058,0,12.6820977437455
"8152","weekly",6083,2059,0,12.4562562142091
"8153","weekly",6083,2060,0,12.3052818970464
"8154","weekly",6083,2061,0,12.2192263989709
"8155","weekly",6083,2062,0,12.1864893537131
"8156","weekly",6083,2063,0,12.1945997619041
"8157","weekly",6083,2064,0,12.2312635973503
"8158","weekly",6083,2065,0,12.2856165475969
"8159","weekly",6083,2066,0,12.3495398794767
"8160","weekly",6083,2067,0,12.418830892595
"8161","weekly",6083,2068,0,12.4940027322446
"8162","weekly",6083,2069,0,12.5805404962448
"8163","weekly",6083,2070,0,12.6885496989707
"8164","weekly",6083,2071,0,12.8318580806517
"8165","weekly",6083,2072,0,13.0267215358617
"8166","weekly",6083,2073,0,13.2903052479087
"8167","weekly",6083,2074,0,13.6390612941032
"8168","weekly",6083,2075,0,14.0870359998662
"8169","weekly",6083,2076,0,14.6440636190819
"8170","weekly",6083,2077,0,15.313786016588
"8171","weekly",6083,2078,0,16.0915141869045
"8172","weekly",6083,2079,0,16.9621235474187
"8173","weekly",6083,2080,0,17.8984190425836
"8174","weekly",6083,2081,0,18.8606351974449
"8175","weekly",6083,2082,0,19.7978188846464
"8176","weekly",6083,2083,0,20.6516379389504
"8177","weekly",6083,2084,0,21.3626002562523
"8178","weekly",6083,2085,0,21.8778571379225
"8179","weekly",6083,2086,0,22.1589987052139
"8180","weekly",6083,2087,0,22.1879147990549
"8181","weekly",6083,2088,0,21.9691487793607
"8182","weekly",6083,2089,0,21.5281479240657
"8183","weekly",6083,2090,0,20.9060172518657
"8184","weekly",6083,2091,0,20.1523029551463
"8185","weekly",6083,2092,0,19.3176302429929
"8186","weekly",6083,2093,0,18.4476930500969
"8187","weekly",6083,2094,0,17.5794054253784
"8188","weekly",6083,2095,0,16.7393160352367
"8189","weekly",6083,2096,0,15.9438961942506
"8190","weekly",6083,2097,0,15.2010875423002
"8191","weekly",6083,2098,0,14.5125108182256
"8192","weekly",6083,2099,0,13.8758680532192
"8193","weekly",6083,2100,0,13.2871809157077
"8194","weekly",6083,2101,0,12.7426343626139
"8195","weekly",6083,2102,0,12.2397096302593
"8196","weekly",6083,2103,0,11.7782911613613
"8197","weekly",6083,2104,0,11.3608001955145
"8198","weekly",6083,2105,0,10.9915125236585
"8199","weekly",6083,2106,0,10.6760920056986
"8200","weekly",6083,2107,0,10.420778169384
"8201","weekly",6083,2108,0,10.2315663955524
"8202","weekly",6083,2109,0,10.1134817876882
"8203","weekly",6083,2110,0,10.0699877430889
"8204","weekly",6083,2111,0,10.1025247239013
"8205","weekly",6083,2112,0,10.2101599649468
"8206","weekly",6083,2113,0,10.3893481888954
"8207","weekly",6083,2114,0,10.633846881683
"8208","weekly",6083,2115,0,10.934876511179
"8209","weekly",6083,2116,0,11.2816392268869
"8210","weekly",6083,2117,0,11.6622838444746
"8211","weekly",6083,2118,0,12.0653188862634
"8212","weekly",6083,2119,0,12.4813436190743
"8213","weekly",6083,2120,0,12.9048330096994
"8214","weekly",6083,2121,0,13.3356348460948
"8215","weekly",6083,2122,0,13.7798596895736
"8216","weekly",6083,2123,0,14.2499668001547
"8217","weekly",6083,2124,0,14.7640213172563
"8218","weekly",6083,2125,0,15.3442435142788
"8219","weekly",6083,2126,0,16.0150293383194
"8220","weekly",6083,2127,0,16.8005801272229
"8221","weekly",6083,2128,0,17.7221790116164
"8222","weekly",6083,2129,0,18.7950668013364
"8223","weekly",6083,2130,0,20.024881426114
"8224","weekly",6083,2131,0,21.4037908276223
"8225","weekly",6083,2132,0,22.9067794683651
"8226","weekly",6083,2133,0,24.4889741543884
"8227","weekly",6083,2134,0,26.085244720176
"8228","weekly",6083,2135,0,27.6133359797095
"8229","weekly",6083,2136,0,28.9812439633533
"8230","weekly",6083,2137,0,30.098399728362
"8231","weekly",6083,2138,0,30.8887718496262
"8232","weekly",6083,2139,0,31.3028671014908
"8233","weekly",6083,2140,0,31.3254498983733
"8234","weekly",6083,2141,0,30.9768739155115
"8235","weekly",6083,2142,0,30.307846991971
"8236","weekly",6083,2143,0,29.3893892671331
"8237","weekly",6083,2144,0,28.3008771709574
"8238","weekly",6083,2145,0,27.1190555662906
"8239","weekly",6083,2146,0,25.9100980541989
"8240","weekly",6083,2147,0,24.7250130988832
"8241","weekly",6083,2148,0,23.5986845250736
"8242","weekly",6083,2149,0,22.5516020533396
"8243","weekly",6083,2150,0,21.592741756016
"8244","weekly",6083,2151,0,20.7231695337687
"8245","weekly",6083,2152,0,19.9396126140346
"8246","weekly",6083,2153,0,19.2375843486661
"8247","weekly",6083,2154,0,18.6138161502458
"8248","weekly",6083,2155,0,18.0678755435074
"8249","weekly",6083,2156,0,17.6029558010778
"8250","weekly",6083,2157,0,17.2259219695843
"8251","weekly",6083,2158,0,16.9467804145388
"8252","weekly",6083,2159,0,16.7777827744139
"8253","weekly",6083,2160,0,16.7323649412137
"8254","weekly",6083,2161,0,16.8240612868394
"8255","weekly",6083,2162,0,17.065448348003
"8256","weekly",6083,2163,0,17.4670960825024
"8257","weekly",6083,2164,0,18.0364720151993
"8258","weekly",6083,2165,0,18.7767751130159
"8259","weekly",6083,2166,0,19.6857744371518
"8260","weekly",6083,2167,0,20.7548715924204
"8261","weekly",6083,2168,0,21.9687480523571
"8262","weekly",6083,2169,0,23.3060276239703
"8263","weekly",6083,2170,0,24.7413062003325
"8264","weekly",6083,2171,0,26.2486367808742
"8265","weekly",6083,2172,0,27.8061475376744
"8266","weekly",6083,2173,0,29.4010467653861
"8267","weekly",6083,2174,0,31.0340101923211
"8268","weekly",6083,2175,0,32.7219844943902
"8269","weekly",6083,2176,0,34.4987708868139
"8270","weekly",6083,2177,0,36.4132205598435
"8271","weekly",6083,2178,0,38.5252595001366
"8272","weekly",6083,2179,0,40.9001037685521
"8273","weekly",6083,2180,0,43.6009157437802
"8274","weekly",6083,2181,0,46.6799296314421
"8275","weekly",6083,2182,0,50.1679755032819
"8276","weekly",6083,2183,0,54.0625930404785
"8277","weekly",6083,2184,0,58.3156934366998
"8278","weekly",6083,2185,0,62.8229434564564
"8279","weekly",6083,2186,0,67.418342118297
"8280","weekly",6083,2187,0,71.8781307024765
"8281","weekly",6083,2188,0,75.9373626017623
"8282","weekly",6083,2189,0,79.3196372171515
"8283","weekly",6083,2190,0,81.7760918597342
"8284","weekly",6083,2191,0,83.125369168527
"8285","weekly",6083,2192,0,83.2841899670311
"8286","weekly",6083,2193,0,82.2799365498067
"8287","weekly",6083,2194,0,80.2419728375244
"8288","weekly",6083,2195,0,77.3750224030664
"8289","weekly",6083,2196,0,73.9228580282652
"8290","weekly",6083,2197,0,70.1319587140897
"8291","weekly",6083,2198,0,66.2227498396096
"8292","weekly",6083,2199,0,62.3718028452713
"8293","weekly",6083,2200,0,58.7064296331228
"8294","weekly",6083,2201,0,55.3071907481499
"8295","weekly",6083,2202,0,52.2151460560417
"8296","weekly",6083,2203,0,49.4424847346672
"8297","weekly",6083,2204,0,46.9828451813664
"8298","weekly",6083,2205,0,44.8203653515229
"8299","weekly",6083,2206,0,42.9368260038609
"8300","weekly",6083,2207,0,41.3167027540621
"8301","weekly",6083,2208,0,39.9502127593296
"8302","weekly",6083,2209,0,38.8346044327627
"8303","weekly",6083,2210,0,37.9740391132946
"8304","weekly",6083,2211,0,37.37846022351
"8305","weekly",6083,2212,0,37.0618288653641
"8306","weekly",6083,2213,0,37.0400240789895
"8307","weekly",6083,2214,0,37.3285835844872
"8308","weekly",6083,2215,0,37.9403408981452
"8309","weekly",6083,2216,0,38.8829490332428
"8310","weekly",6083,2217,0,40.1563111094874
"8311","weekly",6083,2218,0,41.7500793929939
"8312","weekly",6083,2219,0,43.6416122584051
"8313","weekly",6083,2220,0,45.7950201413623
"8314","weekly",6083,2221,0,48.162067851139
"8315","weekly",6083,2222,0,50.6855968480668
"8316","weekly",6083,2223,0,53.3057002724818
"8317","weekly",6083,2224,0,55.9681646655081
"8318","weekly",6083,2225,0,58.6338911685016
"8319","weekly",6083,2226,0,61.2874445449852
"8320","weekly",6083,2227,0,63.9428300507425
"8321","weekly",6083,2228,0,66.6451326748356
"8322","weekly",6083,2229,0,69.4675550281827
"8323","weekly",6083,2230,0,72.5042637195002
"8324","weekly",6083,2231,0,75.8599424934946
"8325","weekly",6083,2232,0,79.6369289357681
"8326","weekly",6083,2233,0,83.9204447055672
"8327","weekly",6083,2234,0,88.762085039416
"8328","weekly",6083,2235,0,94.1618262074044
"8329","weekly",6083,2236,0,100.049638351295
"8330","weekly",6083,2237,0,106.2693824413
"8331","weekly",6083,2238,0,112.56962431244
"8332","weekly",6083,2239,0,118.607400720924
"8333","weekly",6083,2240,0,123.970541218747
"8334","weekly",6083,2241,0,128.220806134414
"8335","weekly",6083,2242,0,130.955174857983
"8336","weekly",6083,2243,0,131.868794512498
"8337","weekly",6083,2244,0,130.810017183569
"8338","weekly",6083,2245,0,127.812024733037
"8339","weekly",6083,2246,0,123.085469241356
"8340","weekly",6083,2247,0,116.979506884061
"8341","weekly",6083,2248,0,109.921643406706
"8342","weekly",6083,2249,0,102.352887534769
"8343","weekly",6083,2250,0,94.673123757646
"8344","weekly",6083,2251,0,87.2055698697659
"8345","weekly",6083,2252,0,80.1820450624509
"8346","weekly",6083,2253,0,73.7453442987899
"8347","weekly",6083,2254,0,67.9626836113603
"8348","weekly",6083,2255,0,62.8439572113857
"8349","weekly",6083,2256,0,58.3603102422931
"8350","weekly",6083,2257,0,54.4604010435869
"8351","weekly",6083,2258,0,51.0831788270298
"8352","weekly",6083,2259,0,48.1670626357518
"8353","weekly",6083,2260,0,45.6559083348548
"8354","weekly",6083,2261,0,43.5023214491521
"8355","weekly",6083,2262,0,41.6688810594642
"8356","weekly",6083,2263,0,40.1277941895096
"8357","weekly",6083,2264,0,38.8594491323311
"8358","weekly",6083,2265,0,37.8502851697413
"8359","weekly",6083,2266,0,37.0903352466703
"8360","weekly",6083,2267,0,36.5707242155622
"8361","weekly",6083,2268,0,36.2813301671849
"8362","weekly",6083,2269,0,36.2087618566729
"8363","weekly",6083,2270,0,36.3347898456414
"8364","weekly",6083,2271,0,36.635394697907
"8365","weekly",6083,2272,0,37.0806402280141
"8366","weekly",6083,2273,0,37.6355990192096
"8367","weekly",6083,2274,0,38.2624982006382
"8368","weekly",6083,2275,0,38.9240790092299
"8369","weekly",6083,2276,0,39.5878824697575
"8370","weekly",6083,2277,0,40.2308569146116
"8371","weekly",6083,2278,0,40.8434519535222
"8372","weekly",6083,2279,0,41.4323374994856
"8373","weekly",6083,2280,0,42.0211150554387
"8374","weekly",6083,2281,0,42.6488070519117
"8375","weekly",6083,2282,0,43.3663576307008
"8376","weekly",6083,2283,0,44.231675244082
"8377","weekly",6083,2284,0,45.3037878848554
"8378","weekly",6083,2285,0,46.6364854569256
"8379","weekly",6083,2286,0,48.2715240331308
"8380","weekly",6083,2287,0,50.2312535942619
"8381","weekly",6083,2288,0,52.5105862066994
"8382","weekly",6083,2289,0,55.0686642676883
"8383","weekly",6083,2290,0,57.8214191709267
"8384","weekly",6083,2291,0,60.6372437982354
"8385","weekly",6083,2292,0,63.3388082700694
"8386","weekly",6083,2293,0,65.713994159014
"8387","weekly",6083,2294,0,67.5374133154837
"8388","weekly",6083,2295,0,68.599820306481
"8389","weekly",6083,2296,0,68.7443020279898
"8390","weekly",6083,2297,0,67.8956246656016
"8391","weekly",6083,2298,0,66.0739900083863
"8392","weekly",6083,2299,0,63.3935238619742
"8393","weekly",6083,2300,0,60.0417581841903
"8394","weekly",6083,2301,0,56.2472120915045
"8395","weekly",6083,2302,0,52.244091963672
"8396","weekly",6083,2303,0,48.2425059544039
"8397","weekly",6083,2304,0,44.4092759072082
"8398","weekly",6083,2305,0,40.8603604727396
"8399","weekly",6083,2306,0,37.6627171562577
"8400","weekly",6083,2307,0,34.842102685463
"8401","weekly",6083,2308,0,32.3933569923247
"8402","weekly",6083,2309,0,30.2906324761861
"8403","weekly",6083,2310,0,28.4962043958512
"8404","weekly",6083,2311,0,26.9673945946561
"8405","weekly",6083,2312,0,25.6616693319229
"8406","weekly",6083,2313,0,24.5401840180421
"8407","weekly",6083,2314,0,23.5700543563144
"8408","weekly",6083,2315,0,22.7255584508966
"8409","weekly",6083,2316,0,21.9884077540773
"8410","weekly",6083,2317,0,21.3472088551935
"8411","weekly",6083,2318,0,20.796271130268
"8412","weekly",6083,2319,0,20.3339666246902
"8413","weekly",6083,2320,0,19.9608822586015
"8414","weekly",6083,2321,0,19.6779998228012
"8415","weekly",6083,2322,0,19.4850994840235
"8416","weekly",6083,2323,0,19.379528661404
"8417","weekly",6083,2324,0,19.3554337302921
"8418","weekly",6083,2325,0,19.4035282917757
"8419","weekly",6083,2326,0,19.5114606829593
"8420","weekly",6083,2327,0,19.6648214346205
"8421","weekly",6083,2328,0,19.8487724260194
"8422","weekly",6083,2329,0,20.0501725448848
"8423","weekly",6083,2330,0,20.2599381746259
"8424","weekly",6083,2331,0,20.4752597353072
"8425","weekly",6083,2332,0,20.7012583309697
"8426","weekly",6083,2333,0,20.9517474444583
"8427","weekly",6083,2334,0,21.2489492462628
"8428","weekly",6083,2335,0,21.622233237591
"8429","weekly",6083,2336,0,22.1061016793537
"8430","weekly",6083,2337,0,22.737670789109
"8431","weekly",6083,2338,0,23.5537792003888
"8432","weekly",6083,2339,0,24.5877549072757
"8433","weekly",6083,2340,0,25.8651878710371
"8434","weekly",6083,2341,0,27.3988690786064
"8435","weekly",6083,2342,0,29.1828350997675
"8436","weekly",6083,2343,0,31.1854241424007
"8437","weekly",6083,2344,0,33.3430012756435
"8438","weekly",6083,2345,0,35.5564574772143
"8439","weekly",6083,2346,0,37.693280296633
"8440","weekly",6083,2347,0,39.5976222217141
"8441","weekly",6083,2348,0,41.1089851247525
"8442","weekly",6083,2349,0,42.0870705391571
"8443","weekly",6083,2350,0,42.4371393182373
"8444","weekly",6083,2351,0,42.1286170181411
"8445","weekly",6083,2352,0,41.2009882965503
"8446","weekly",6083,2353,0,39.7550624419091
"8447","weekly",6083,2354,0,37.9326320043474
"8448","weekly",6083,2355,0,35.8909958068689
"8449","weekly",6083,2356,0,33.7793489928881
"8450","weekly",6083,2357,0,31.7219436227606
"8451","weekly",6083,2358,0,29.809704544241
"8452","weekly",6083,2359,0,28.0992473020451
"8453","weekly",6083,2360,0,26.6168350695807
"8454","weekly",6083,2361,0,25.3647014579328
"8455","weekly",6083,2362,0,24.3278319496749
"8456","weekly",6083,2363,0,23.4801653750328
"8457","weekly",6083,2364,0,22.7898723527469
"8458","weekly",6083,2365,0,22.2237477689341
"8459","weekly",6083,2366,0,21.750843093716
"8460","weekly",6083,2367,0,21.3453713893978
"8461","weekly",6083,2368,0,20.9887782400183
"8462","weekly",6083,2369,0,20.6708001586085
"8463","weekly",6083,2370,0,20.3893861327233
"8464","weekly",6083,2371,0,20.1495211901056
"8465","weekly",6083,2372,0,19.9611872616224
"8466","weekly",6083,2373,0,19.8368366645445
"8467","weekly",6083,2374,0,19.7887847159
"8468","weekly",6083,2375,0,19.8268591536762
"8469","weekly",6083,2376,0,19.9565312850755
"8470","weekly",6083,2377,0,20.1776619833981
"8471","weekly",6083,2378,0,20.4839613715012
"8472","weekly",6083,2379,0,20.8632748438104
"8473","weekly",6083,2380,0,21.2988206414302
"8474","weekly",6083,2381,0,21.7714515467815
"8475","weekly",6083,2382,0,22.2628537718556
"8476","weekly",6083,2383,0,22.7593460346689
"8477","weekly",6083,2384,0,23.2556882994541
"8478","weekly",6083,2385,0,23.7581807215611
"8479","weekly",6083,2386,0,24.2864269995043
"8480","weekly",6083,2387,0,24.8734474786761
"8481","weekly",6083,2388,0,25.5642282278568
"8482","weekly",6083,2389,0,26.4130922651966
"8483","weekly",6083,2390,0,27.4803288292023
"8484","weekly",6083,2391,0,28.8282871567353
"8485","weekly",6083,2392,0,30.5164885723498
"8486","weekly",6083,2393,0,32.5960763602634
"8487","weekly",6083,2394,0,35.1018009988038
"8488","weekly",6083,2395,0,38.0409059472004
"8489","weekly",6083,2396,0,41.3805854209786
"8490","weekly",6083,2397,0,45.0351996000099
"8491","weekly",6083,2398,0,48.8574972220085
"8492","weekly",6083,2399,0,52.6393028771854
"8493","weekly",6083,2400,0,56.1266984072863
"8494","weekly",6083,2401,0,59.0513906300621
"8495","weekly",6083,2402,0,61.1740027631313
"8496","weekly",6083,2403,0,62.3287764528213
"8497","weekly",6083,2404,0,62.4561918312247
"8498","weekly",6083,2405,0,61.6128205364948
"8499","weekly",6083,2406,0,59.9556070021645
"8500","weekly",6083,2407,0,57.7068134876317
"8501","weekly",6083,2408,0,55.111511645664
"8502","weekly",6083,2409,0,52.3995667216514
"8503","weekly",6083,2410,0,49.7597033660277
"8504","weekly",6083,2411,0,47.327537879275
"8505","weekly",6083,2412,0,45.185141805443
"8506","weekly",6083,2413,0,43.3678699848242
"8507","weekly",6083,2414,0,41.8744455491833
"8508","weekly",6083,2415,0,40.6775956212077
"8509","weekly",6083,2416,0,39.7339238267887
"8510","weekly",6083,2417,0,38.9926561938628
"8511","weekly",6083,2418,0,38.4032749269245
"8512","weekly",6083,2419,0,37.9219919586467
"8513","weekly",6083,2420,0,37.5167665784538
"8514","weekly",6083,2421,0,37.170400913179
"8515","weekly",6083,2422,0,36.8813210855733
"8516","weekly",6083,2423,0,36.6619780492765
"8517","weekly",6083,2424,0,36.5352374592621
"8518","weekly",6083,2425,0,36.5294709471054
"8519","weekly",6083,2426,0,36.6731739666284
"8520","weekly",6083,2427,0,36.9898176380084
"8521","weekly",6083,2428,0,37.4934142801794
"8522","weekly",6083,2429,0,38.1850958991272
"8523","weekly",6083,2430,0,39.0509733761428
"8524","weekly",6083,2431,0,40.0616527638922
"8525","weekly",6083,2432,0,41.1739130048518
"8526","weekly",6083,2433,0,42.3350112649932
"8527","weekly",6083,2434,0,43.4897198671679
"8528","weekly",6083,2435,0,44.5898389688227
"8529","weekly",6083,2436,0,45.6033688133321
"8530","weekly",6083,2437,0,46.5230306071899
"8531","weekly",6083,2438,0,47.3721874828188
"8532","weekly",6083,2439,0,48.2051487064891
"8533","weekly",6083,2440,0,49.1032858998078
"8534","weekly",6083,2441,0,50.1677141494874
"8535","weekly",6083,2442,0,51.5101287862344
"8536","weekly",6083,2443,0,53.2430718289252
"8537","weekly",6083,2444,0,55.4700177583436
"8538","weekly",6083,2445,0,58.2746954625036
"8539","weekly",6083,2446,0,61.7085151496285
"8540","weekly",6083,2447,0,65.7752569504373
"8541","weekly",6083,2448,0,70.4135427589208
"8542","weekly",6083,2449,0,75.4800074464874
"8543","weekly",6083,2450,0,80.738935758025
"8544","weekly",6083,2451,0,85.8661161249038
"8545","weekly",6083,2452,0,90.4739042997971
"8546","weekly",6083,2453,0,94.1595260334434
"8547","weekly",6083,2454,0,96.569975726612
"8548","weekly",6083,2455,0,97.4678790828621
"8549","weekly",6083,2456,0,96.7785280668322
"8550","weekly",6083,2457,0,94.6025794575253
"8551","weekly",6083,2458,0,91.1905825708964
"8552","weekly",6083,2459,0,86.8888675972994
"8553","weekly",6083,2460,0,82.0747045602911
"8554","weekly",6083,2461,0,77.0987432941765
"8555","weekly",6083,2462,0,72.2462471907056
"8556","weekly",6083,2463,0,67.7200274590432
"8557","weekly",6083,2464,0,63.6412379529502
"8558","weekly",6083,2465,0,60.061440014324
"8559","weekly",6083,2466,0,56.9795941392949
"8560","weekly",6083,2467,0,54.3594813632808
"8561","weekly",6083,2468,0,52.1451942395215
"8562","weekly",6083,2469,0,50.2738549552741
"8563","weekly",6083,2470,0,48.68547882032
"8564","weekly",6083,2471,0,47.3300960760098
"8565","weekly",6083,2472,0,46.1721891210036
"8566","weekly",6083,2473,0,45.1924656828487
"8567","weekly",6083,2474,0,44.3871025358239
"8568","weekly",6083,2475,0,43.7648347517243
"8569","weekly",6083,2476,0,43.3425070059457
"8570","weekly",6083,2477,0,43.1398176659422
"8571","weekly",6083,2478,0,43.1739263669006
"8572","weekly",6083,2479,0,43.454420981041
"8573","weekly",6083,2480,0,43.9789742563298
"8574","weekly",6083,2481,0,44.729977129522
"8575","weekly",6083,2482,0,45.6725507073861
"8576","weekly",6083,2483,0,46.7545384844561
"8577","weekly",6083,2484,0,47.909192713676
"8578","weekly",6083,2485,0,49.0610855253472
"8579","weekly",6083,2486,0,50.135162840088
"8580","weekly",6083,2487,0,51.0678870819538
"8581","weekly",6083,2488,0,51.8177707014693
"8582","weekly",6083,2489,0,52.3752801901719
"8583","weekly",6083,2490,0,52.7667481437675
"8584","weekly",6083,2491,0,53.0511268032569
"8585","weekly",6083,2492,0,53.3133706340741
"8586","weekly",6083,2493,0,53.6537221299368
"8587","weekly",6083,2494,0,54.1757419378846
"8588","weekly",6083,2495,0,54.974821606098
"8589","weekly",6083,2496,0,56.1279167502507
"8590","weekly",6083,2497,0,57.6842882306373
"8591","weekly",6083,2498,0,59.6566181029193
"8592","weekly",6083,2499,0,62.012217687472
"8593","weekly",6083,2500,0,64.6651381180418
"8594","weekly",6083,2501,0,67.4715125376824
"8595","weekly",6083,2502,0,70.231764698925
"8596","weekly",6083,2503,0,72.7035027676466
"8597","weekly",6083,2504,0,74.6271255156316
"8598","weekly",6083,2505,0,75.7622353662882
"8599","weekly",6083,2506,0,75.9280094183341
"8600","weekly",6083,2507,0,75.0370776183991
"8601","weekly",6083,2508,0,73.1126101082482
"8602","weekly",6083,2509,0,70.2829801279149
"8603","weekly",6083,2510,0,66.7557291724806
"8604","weekly",6083,2511,0,62.7791239647922
"8605","weekly",6083,2512,0,58.6023813550855
"8606","weekly",6083,2513,0,54.4439548774244
"8607","weekly",6083,2514,0,50.4726736910088
"8608","weekly",6083,2515,0,46.8021988964465
"8609","weekly",6083,2516,0,43.4951362684515
"8610","weekly",6083,2517,0,40.572792243096
"8611","weekly",6083,2518,0,38.0270439402229
"8612","weekly",6083,2519,0,35.8316651941859
"8613","weekly",6083,2520,0,33.9518277490279
"8614","weekly",6083,2521,0,32.3513489948964
"8615","weekly",6083,2522,0,30.9977235867846
"8616","weekly",6083,2523,0,29.8651659369934
"8617","weekly",6083,2524,0,28.9359455730155
"8618","weekly",6083,2525,0,28.200316837334
"8619","weekly",6083,2526,0,27.6553641384962
"8620","weekly",6083,2527,0,27.3030929946981
"8621","weekly",6083,2528,0,27.148071770207
"8622","weekly",6083,2529,0,27.1948634009022
"8623","weekly",6083,2530,0,27.4454046081082
"8624","weekly",6083,2531,0,27.8964371686016
"8625","weekly",6083,2532,0,28.5373646738153
"8626","weekly",6083,2533,0,29.3477812146011
"8627","weekly",6083,2534,0,30.2962919372803
"8628","weekly",6083,2535,0,31.3412251939735
"8629","weekly",6083,2536,0,32.4325311532593
"8630","weekly",6083,2537,0,33.5161924330896
"8631","weekly",6083,2538,0,34.5406715394056
"8632","weekly",6083,2539,0,35.4644601736218
"8633","weekly",6083,2540,0,36.2631907546602
"8634","weekly",6083,2541,0,36.9345925328089
"8635","weekly",6083,2542,0,37.4999942594586
"8636","weekly",6083,2543,0,38.0019722941943
"8637","weekly",6083,2544,0,38.4987386544526
"8638","weekly",6083,2545,0,39.0565299942391
"8639","weekly",6083,2546,0,39.7413617924176
"8640","weekly",6083,2547,0,40.6111208530638
"8641","weekly",6083,2548,0,41.7083784178685
"8642","weekly",6083,2549,0,43.0538608290371
"8643","weekly",6083,2550,0,44.6404578462243
"8644","weekly",6083,2551,0,46.4280486818025
"8645","weekly",6083,2552,0,48.3401589392888
"8646","weekly",6083,2553,0,50.2642137473158
"8647","weekly",6083,2554,0,52.0574542703689
"8648","weekly",6083,2555,0,53.5599513606867
"8649","weekly",6083,2556,0,54.6143635595799
"8650","weekly",6083,2557,0,55.0895172458258
"8651","weekly",6083,2558,0,54.9025762865058
"8652","weekly",6083,2559,0,54.0338247852196
"8653","weekly",6083,2560,0,52.5296819250361
"8654","weekly",6083,2561,0,50.4930827952921
"8655","weekly",6083,2562,0,48.0642668283253
"8656","weekly",6083,2563,0,45.3975643354934
"8657","weekly",6083,2564,0,42.6400258944923
"8658","weekly",6083,2565,0,39.9160054791864
"8659","weekly",6083,2566,0,37.3192284615216
"8660","weekly",6083,2567,0,34.9116326769727
"8661","weekly",6083,2568,0,32.7270109297533
"8662","weekly",6083,2569,0,30.7772251082642
"8663","weekly",6083,2570,0,29.0591504665936
"8664","weekly",6083,2571,0,27.5611295639974
"8665","weekly",6083,2572,0,26.2682854642335
"8666","weekly",6083,2573,0,25.1664490739786
"8667","weekly",6083,2574,0,24.2447005827999
"8668","weekly",6083,2575,0,23.4966616968013
"8669","weekly",6083,2576,0,22.9207507482352
"8670","weekly",6083,2577,0,22.5196483038744
"8671","weekly",6083,2578,0,22.2992176600383
"8672","weekly",6083,2579,0,22.2670805711241
"8673","weekly",6083,2580,0,22.4309739128948
"8674","weekly",6083,2581,0,22.7969348796614
"8675","weekly",6083,2582,0,23.367318511082
"8676","weekly",6083,2583,0,24.1386774344137
"8677","weekly",6083,2584,0,25.0996483652998
"8678","weekly",6083,2585,0,26.2287717348518
"8679","weekly",6083,2586,0,27.4943444503297
"8680","weekly",6083,2587,0,28.8551631548762
"8681","weekly",6083,2588,0,30.2624974708597
"8682","weekly",6083,2589,0,31.6654895793617
"8683","weekly",6083,2590,0,33.0179757987644
"8684","weekly",6083,2591,0,34.2858970550005
"8685","weekly",6083,2592,0,35.4536485472927
"8686","weekly",6083,2593,0,36.5277918534557
"8687","weekly",6083,2594,0,37.5371832735254
"8688","weekly",6083,2595,0,38.5295066264807
"8689","weekly",6083,2596,0,39.5650268191093
"8690","weekly",6083,2597,0,40.7087720667623
"8691","weekly",6083,2598,0,42.0222333133279
"8692","weekly",6083,2599,0,43.5552286637394
"8693","weekly",6083,2600,0,45.3381393100572
"8694","weekly",6083,2601,0,47.3745693183737
"8695","weekly",6083,2602,0,49.6347569539357
"8696","weekly",6083,2603,0,52.0507155250816
"8697","weekly",6083,2604,0,54.5148410244001
"8698","weekly",6083,2605,0,56.8841410829191
"8699","weekly",6083,2606,0,58.9918033278518
"8700","weekly",6083,2607,0,60.6662265186897
"8701","weekly",6083,2608,0,61.7551191113453
"8702","weekly",6083,2609,0,62.1497485841101
"8703","weekly",6083,2610,0,61.8032057829405
"8704","weekly",6083,2611,0,60.7375797187269
"8705","weekly",6083,2612,0,59.038089980153
"8706","weekly",6083,2613,0,56.8361946994119
"8707","weekly",6083,2614,0,54.2867262590153
"8708","weekly",6083,2615,0,51.5450291294837
"8709","weekly",6083,2616,0,48.748875289326
"8710","weekly",6083,2617,0,46.0075567130843
"8711","weekly",6083,2618,0,43.3981857104664
"8712","weekly",6083,2619,0,40.9676619956881
"8713","weekly",6083,2620,0,38.7381757143885
"8714","weekly",6083,2621,0,36.7142593788594
"8715","weekly",6083,2622,0,34.8898935563921
"8716","weekly",6083,2623,0,33.2547085233236
"8717","weekly",6083,2624,0,31.7987614357553
"8718","weekly",6083,2625,0,30.5156861419237
"8719","weekly",6083,2626,0,29.4042456462339
"8720","weekly",6083,2627,0,28.4684956235287
"8721","weekly",6083,2628,0,27.7170727545308
"8722","weekly",6083,2629,0,27.161243636263
"8723","weekly",6083,2630,0,26.8130489758769
"8724","weekly",6083,2631,0,26.6836950132711
"8725","weekly",6083,2632,0,26.7813801430166
"8726","weekly",6083,2633,0,27.1093278095941
"8727","weekly",6083,2634,0,27.6637925602117
"8728","weekly",6083,2635,0,28.432098847552
"8729","weekly",6083,2636,0,29.3909632444556
"8730","weekly",6083,2637,0,30.5055859829299
"8731","weekly",6083,2638,0,31.7301708716259
"8732","weekly",6083,2639,0,33.0105081589863
"8733","weekly",6083,2640,0,34.2889234831819
"8734","weekly",6083,2641,0,35.5112581200665
"8735","weekly",6083,2642,0,36.6347752614674
"8736","weekly",6083,2643,0,37.6353049866448
"8737","weekly",6083,2644,0,38.5118668753421
"8738","weekly",6083,2645,0,39.2875608253526
"8739","weekly",6083,2646,0,40.0064969074883
"8740","weekly",6083,2647,0,40.7275204327307
"8741","weekly",6083,2648,0,41.5160696636303
"8742","weekly",6083,2649,0,42.4355127662711
"8743","weekly",6083,2650,0,43.5388824419351
"8744","weekly",6083,2651,0,44.8613837205194
"8745","weekly",6083,2652,0,46.4137191282207
"8746","weekly",6083,2653,0,48.176346900902
"8747","weekly",6083,2654,0,50.095258688656
"8748","weekly",6083,2655,0,52.0805302101508
"8749","weekly",6083,2656,0,54.0093868841213
"8750","weekly",6083,2657,0,55.7353805070743
"8751","weekly",6083,2658,0,57.1041545725602
"8752","weekly",6083,2659,0,57.974246165817
"8753","weekly",6083,2660,0,58.2390829815849
"8754","weekly",6083,2661,0,57.8448820905614
"8755","weekly",6083,2662,0,56.7995258172159
"8756","weekly",6083,2663,0,55.1698627727601
"8757","weekly",6083,2664,0,53.0683636810427
"8758","weekly",6083,2665,0,50.6331222614244
"8759","weekly",6083,2666,0,48.0065648803284
"8760","weekly",6083,2667,0,45.3176073963696
"8761","weekly",6083,2668,0,42.6700319381926
"8762","weekly",6083,2669,0,40.1376223836123
"8763","weekly",6083,2670,0,37.7649368448619
"8764","weekly",6083,2671,0,35.5718698976125
"8765","weekly",6083,2672,0,33.5601027137745
"8766","weekly",6083,2673,0,31.7199382842373
"8767","weekly",6083,2674,0,30.0365418342408
"8768","weekly",6083,2675,0,28.4949830824771
"8769","weekly",6083,2676,0,27.0837621560495
"8770","weekly",6083,2677,0,25.7967288186046
"8771","weekly",6083,2678,0,24.6334964240232
"8772","weekly",6083,2679,0,23.5986261773651
"8773","weekly",6083,2680,0,22.6999844435923
"8774","weekly",6083,2681,0,21.9465141803521
"8775","weekly",6083,2682,0,21.3466188907623
"8776","weekly",6083,2683,0,20.9063632186735
"8777","weekly",6083,2684,0,20.6276395421592
"8778","weekly",6083,2685,0,20.5072488546721
"8779","weekly",6083,2686,0,20.5360458241048
"8780","weekly",6083,2687,0,20.6983607689181
"8781","weekly",6083,2688,0,20.971827162095
"8782","weekly",6083,2689,0,21.3278639507625
"8783","weekly",6083,2690,0,21.7331084191392
"8784","weekly",6083,2691,0,22.1519983760954
"8785","weekly",6083,2692,0,22.5504360357736
"8786","weekly",6083,2693,0,22.9000842281239
"8787","weekly",6083,2694,0,23.1824902199878
"8788","weekly",6083,2695,0,23.392082580147
"8789","weekly",6083,2696,0,23.5372602245479
"8790","weekly",6083,2697,0,23.6392589755269
"8791","weekly",6083,2698,0,23.7290540982794
"8792","weekly",6083,2699,0,23.8429939904308
"8793","weekly",6083,2700,0,24.0179965372663
"8794","weekly",6083,2701,0,24.2869737432193
"8795","weekly",6083,2702,0,24.6748225053452
"8796","weekly",6083,2703,0,25.1950212234806
"8797","weekly",6083,2704,0,25.8467522698338
"8798","weekly",6083,2705,0,26.6125850076933
"8799","weekly",6083,2706,0,27.4570567258052
"8800","weekly",6083,2707,0,28.3268408904405
"8801","weekly",6083,2708,0,29.1533847262326
"8802","weekly",6083,2709,0,29.858708158441
"8803","weekly",6083,2710,0,30.3643566970713
"8804","weekly",6083,2711,0,30.6023986819491
"8805","weekly",6083,2712,0,30.5262560929841
"8806","weekly",6083,2713,0,30.1186318828259
"8807","weekly",6083,2714,0,29.3942711881391
"8808","weekly",6083,2715,0,28.3967231255228
"8809","weekly",6083,2716,0,27.1900786819606
"8810","weekly",6083,2717,0,25.8480502886669
"8811","weekly",6083,2718,0,24.4431790355593
"8812","weekly",6083,2719,0,23.0383879323927
"8813","weekly",6083,2720,0,21.6819782965758
"8814","weekly",6083,2721,0,20.4060506135429
"8815","weekly",6083,2722,0,19.2276016448304
"8816","weekly",6083,2723,0,18.1512863209937
"8817","weekly",6083,2724,0,17.1729189033504
"8818","weekly",6083,2725,0,16.2832513000758
"8819","weekly",6083,2726,0,15.4707864291559
"8820","weekly",6083,2727,0,14.7244467253913
"8821","weekly",6083,2728,0,14.0358259007189
"8822","weekly",6083,2729,0,13.4000177235139
"8823","weekly",6083,2730,0,12.8158580163436
"8824","weekly",6083,2731,0,12.2854729031096
"8825","weekly",6083,2732,0,11.8133289774123
"8826","weekly",6083,2733,0,11.4050294531335
"8827","weekly",6083,2734,0,11.0660907647689
"8828","weekly",6083,2735,0,10.8008716358163
"8829","weekly",6083,2736,0,10.6117394307075
"8830","weekly",6083,2737,0,10.4984827419539
"8831","weekly",6083,2738,0,10.4579417156929
"8832","weekly",6083,2739,0,10.4838365933101
"8833","weekly",6083,2740,0,10.566818220439
"8834","weekly",6083,2741,0,10.6948145562492
"8835","weekly",6083,2742,0,10.8537702420581
"8836","weekly",6083,2743,0,11.0288422581652
"8837","weekly",6083,2744,0,11.2060130251484
"8838","weekly",6083,2745,0,11.3739350116084
"8839","weekly",6083,2746,0,11.5256839251088
"8840","weekly",6083,2747,0,11.6600404144119
"8841","weekly",6083,2748,0,11.7819881328323
"8842","weekly",6083,2749,0,11.9022966270859
"8843","weekly",6083,2750,0,12.0362789228238
"8844","weekly",6083,2751,0,12.2019812280196
"8845","weekly",6083,2752,0,12.4181112220685
"8846","weekly",6083,2753,0,12.7019404356397
"8847","weekly",6083,2754,0,13.0672816606675
"8848","weekly",6083,2755,0,13.5225252993405
"8849","weekly",6083,2756,0,14.0686887535121
"8850","weekly",6083,2757,0,14.6975255176803
"8851","weekly",6083,2758,0,15.3899448019802
"8852","weekly",6083,2759,0,16.1152436677803
"8853","weekly",6083,2760,0,16.8318309551396
"8854","weekly",6083,2761,0,17.4900708765781
"8855","weekly",6083,2762,0,18.0374735152436
"8856","weekly",6083,2763,0,18.4257278660079
"8857","weekly",6083,2764,0,18.6182425042643
"8858","weekly",6083,2765,0,18.5963264536113
"8859","weekly",6083,2766,0,18.3622656452644
"8860","weekly",6083,2767,0,17.9383932141645
"8861","weekly",6083,2768,0,17.3624861629214
"8862","weekly",6083,2769,0,16.6808922886848
"8863","weekly",6083,2770,0,15.9412513552379
"8864","weekly",6083,2771,0,15.1864279128349
"8865","weekly",6083,2772,0,14.4505711570964
"8866","weekly",6083,2773,0,13.757446707139
"8867","weekly",6083,2774,0,13.1206393083412
"8868","weekly",6083,2775,0,12.5450001143472
"8869","weekly",6083,2776,0,12.0287409629236
"8870","weekly",6083,2777,0,11.5657293409313
"8871","weekly",6083,2778,0,11.1475300679449
"8872","weekly",6083,2779,0,10.7656954521372
"8873","weekly",6083,2780,0,10.4133088554663
"8874","weekly",6083,2781,0,10.0857364058757
"8875","weekly",6083,2782,0,9.78132983716205
"8876","weekly",6083,2783,0,9.50141181054641
"8877","weekly",6083,2784,0,9.24978547038336
"8878","weekly",6083,2785,0,9.03191201839945
"8879","weekly",6083,2786,0,8.85393606565776
"8880","weekly",6083,2787,0,8.72172709309962
"8881","weekly",6083,2788,0,8.64005606512364
"8882","weekly",6083,2789,0,8.61196443907102
"8883","weekly",6083,2790,0,8.6383355394064
"8884","weekly",6083,2791,0,8.71766167035094
"8885","weekly",6083,2792,0,8.84601412397751
"8886","weekly",6083,2793,0,9.0172521861823
"8887","weekly",6083,2794,0,9.22352739593771
"8888","weekly",6083,2795,0,9.45612702185463
"8889","weekly",6083,2796,0,9.70664353776374
"8890","weekly",6083,2797,0,9.96836346495547
"8891","weekly",6083,2798,0,10.2376716839935
"8892","weekly",6083,2799,0,10.5152114009543
"8893","weekly",6083,2800,0,10.8065600293194
"8894","weekly",6083,2801,0,11.1222780030657
"8895","weekly",6083,2802,0,11.4773215424066
"8896","weekly",6083,2803,0,11.8899209736119
"8897","weekly",6083,2804,0,12.3800647879543
"8898","weekly",6083,2805,0,12.9676862485067
"8899","weekly",6083,2806,0,13.6705575535598
"8900","weekly",6083,2807,0,14.5018185949884
"8901","weekly",6083,2808,0,15.4670719268615
"8902","weekly",6083,2809,0,16.5611164065049
"8903","weekly",6083,2810,0,17.76468480521
"8904","weekly",6083,2811,0,19.041943533608
"8905","weekly",6083,2812,0,20.3398584741371
"8906","weekly",6083,2813,0,21.5905961519456
"8907","weekly",6083,2814,0,22.7176807579963
"8908","weekly",6083,2815,0,23.64559972797
"8909","weekly",6083,2816,0,24.3112072123913
"8910","weekly",6083,2817,0,24.6742007121647
"8911","weekly",6083,2818,0,24.7237744259619
"8912","weekly",6083,2819,0,24.4795450265956
"8913","weekly",6083,2820,0,23.9866411126277
"8914","weekly",6083,2821,0,23.3067140588537
"8915","weekly",6083,2822,0,22.5071914868749
"8916","weekly",6083,2823,0,21.6517782290903
"8917","weekly",6083,2824,0,20.7938516853319
"8918","weekly",6083,2825,0,19.9728582265961
"8919","weekly",6083,2826,0,19.2136618195509
"8920","weekly",6083,2827,0,18.5279369311174
"8921","weekly",6083,2828,0,17.9167438222357
"8922","weekly",6083,2829,0,17.373609842165
"8923","weekly",6083,2830,0,16.8876701156842
"8924","weekly",6083,2831,0,16.4465887810074
"8925","weekly",6083,2832,0,16.0390631999471
"8926","weekly",6083,2833,0,15.6567409920972
"8927","weekly",6083,2834,0,15.2954066625534
"8928","weekly",6083,2835,0,14.9553606362751
"8929","weekly",6083,2836,0,14.6410234114446
"8930","weekly",6083,2837,0,14.3599208992091
"8931","weekly",6083,2838,0,14.1212983292935
"8932","weekly",6083,2839,0,13.934636524471
"8933","weekly",6083,2840,0,13.8083037720644
"8934","weekly",6083,2841,0,13.7484959772992
"8935","weekly",6083,2842,0,13.7585359585646
"8936","weekly",6083,2843,0,13.838549396809
"8937","weekly",6083,2844,0,13.9855185612105
"8938","weekly",6083,2845,0,14.1937223287387
"8939","weekly",6083,2846,0,14.4555762405362
"8940","weekly",6083,2847,0,14.7628640564653
"8941","weekly",6083,2848,0,15.1082912540442
"8942","weekly",6083,2849,0,15.4872029132239
"8943","weekly",6083,2850,0,15.899226862166
"8944","weekly",6083,2851,0,16.3495685769012
"8945","weekly",6083,2852,0,16.8497222216101
"8946","weekly",6083,2853,0,17.4174632752838
"8947","weekly",6083,2854,0,18.0761087784194
"8948","weekly",6083,2855,0,18.853114416037
"8949","weekly",6083,2856,0,19.7780842736101
"8950","weekly",6083,2857,0,20.8802006211481
"8951","weekly",6083,2858,0,22.1849834180903
"8952","weekly",6083,2859,0,23.7102398448187
"8953","weekly",6083,2860,0,25.4611503064079
"8954","weekly",6083,2861,0,27.4247278591647
"8955","weekly",6083,2862,0,29.5643933535321
"8956","weekly",6083,2863,0,31.8160287797655
"8957","weekly",6083,2864,0,34.0873564842477
"8958","weekly",6083,2865,0,36.2624726118665
"8959","weekly",6083,2866,0,38.2125069560425
"8960","weekly",6083,2867,0,39.8116572420986
"8961","weekly",6083,2868,0,40.9557390290138
"8962","weekly",6083,2869,0,41.5788355152617
"8963","weekly",6083,2870,0,41.6635483777354
"8964","weekly",6083,2871,0,41.2420399856783
"8965","weekly",6083,2872,0,40.3878845714498
"8966","weekly",6083,2873,0,39.201454635564
"8967","weekly",6083,2874,0,37.7926094362774
"8968","weekly",6083,2875,0,36.2663644146814
"8969","weekly",6083,2876,0,34.7119605285698
"8970","weekly",6083,2877,0,33.1963088373886
"8971","weekly",6083,2878,0,31.7632554401207
"8972","weekly",6083,2879,0,30.4357192176103
"8973","weekly",6083,2880,0,29.219768465191
"8974","weekly",6083,2881,0,28.1094635529298
"8975","weekly",6083,2882,0,27.0916933979024
"8976","weekly",6083,2883,0,26.150537161433
"8977","weekly",6083,2884,0,25.2708370818291
"8978","weekly",6083,2885,0,24.440785142564
"8979","weekly",6083,2886,0,23.6534143152967
"8980","weekly",6083,2887,0,22.9069912940031
"8981","weekly",6083,2888,0,22.2044384169276
"8982","weekly",6083,2889,0,21.5520384931879
"8983","weekly",6083,2890,0,20.9577567660599
"8984","weekly",6083,2891,0,20.4295232517761
"8985","weekly",6083,2892,0,19.9737594833423
"8986","weekly",6083,2893,0,19.5943348346191
"8987","weekly",6083,2894,0,19.2920357569528
"8988","weekly",6083,2895,0,19.0645529574685
"8989","weekly",6083,2896,0,18.9069439429877
"8990","weekly",6083,2897,0,18.8125015975238
"8991","weekly",6083,2898,0,18.7739369229384
"8992","weekly",6083,2899,0,18.7847541636729
"8993","weekly",6083,2900,0,18.8406604961201
"8994","weekly",6083,2901,0,18.9408245167579
"8995","weekly",6083,2902,0,19.0887971866614
"8996","weekly",6083,2903,0,19.2929475126293
"8997","weekly",6083,2904,0,19.5663373716234
"8998","weekly",6083,2905,0,19.926041537401
"8999","weekly",6083,2906,0,20.3919783352176
"9000","weekly",6083,2907,0,20.985330203679
"9001","weekly",6083,2908,0,21.726600404465
"9002","weekly",6083,2909,0,22.633296137923
"9003","weekly",6083,2910,0,23.717191995238
"9004","weekly",6083,2911,0,24.981159373172
"9005","weekly",6083,2912,0,26.4156854474277
"9006","weekly",6083,2913,0,27.9954586202803
"9007","weekly",6083,2914,0,29.6767237202439
"9008","weekly",6083,2915,0,31.3963983470603
"9009","weekly",6083,2916,0,33.0740185139002
"9010","weekly",6083,2917,0,34.6172682359902
"9011","weekly",6083,2918,0,35.9316166534991
"9012","weekly",6083,2919,0,36.9307313206227
"9013","weekly",6083,2920,0,37.5481785898883
"9014","weekly",6083,2921,0,37.7478691194265
"9015","weekly",6083,2922,0,37.5280343860504
"9016","weekly",6083,2923,0,36.9199357929465
"9017","weekly",6083,2924,0,35.9812915057264
"9018","weekly",6083,2925,0,34.7863114631618
"9019","weekly",6083,2926,0,33.414826318869
"9020","weekly",6083,2927,0,31.9427476476267
"9021","weekly",6083,2928,0,30.4352747202502
"9022","weekly",6083,2929,0,28.9432900852844
"9023","weekly",6083,2930,0,27.502608843919
"9024","weekly",6083,2931,0,26.1353240764147
"9025","weekly",6083,2932,0,24.8523706443375
"9026","weekly",6083,2933,0,23.6565694090823
"9027","weekly",6083,2934,0,22.5456095781119
"9028","weekly",6083,2935,0,21.5146020059619
"9029","weekly",6083,2936,0,20.5580184430873
"9030","weekly",6083,2937,0,19.6709610330727
"9031","weekly",6083,2938,0,18.8497941365931
"9032","weekly",6083,2939,0,18.0922395073139
"9033","weekly",6083,2940,0,17.3970813225897
"9034","weekly",6083,2941,0,16.7636477049964
"9035","weekly",6083,2942,0,16.1912296692608
"9036","weekly",6083,2943,0,15.6785711942503
"9037","weekly",6083,2944,0,15.22352410038
"9038","weekly",6083,2945,0,14.8229185169475
"9039","weekly",6083,2946,0,14.4726612928644
"9040","weekly",6083,2947,0,14.1680436419847
"9041","weekly",6083,2948,0,13.9042148681037
"9042","weekly",6083,2949,0,13.6767593788099
"9043","weekly",6083,2950,0,13.4822992121335
"9044","weekly",6083,2951,0,13.3190365789924
"9045","weekly",6083,2952,0,13.1871546508773
"9046","weekly",6083,2953,0,13.0890127595922
"9047","weekly",6083,2954,0,13.0291026518244
"9048","weekly",6083,2955,0,13.0137683440989
"9049","weekly",6083,2956,0,13.0507229990035
"9050","weekly",6083,2957,0,13.1484127031872
"9051","weekly",6083,2958,0,13.3152751923772
"9052","weekly",6083,2959,0,13.5589251934871
"9053","weekly",6083,2960,0,13.885277417241
"9054","weekly",6083,2961,0,14.2976065706462
"9055","weekly",6083,2962,0,14.7955528563616
"9056","weekly",6083,2963,0,15.374117534273
"9057","weekly",6083,2964,0,16.0227535166196
"9058","weekly",6083,2965,0,16.7247264353646
"9059","weekly",6083,2966,0,17.4569761095045
"9060","weekly",6083,2967,0,18.190713389602
"9061","weekly",6083,2968,0,18.8929133939673
"9062","weekly",6083,2969,0,19.5287043516291
"9063","weekly",6083,2970,0,20.064428611644
"9064","weekly",6083,2971,0,20.4706537893508
"9065","weekly",6083,2972,0,20.7256622343557
"9066","weekly",6083,2973,0,20.8175288100465
"9067","weekly",6083,2974,0,20.7443396571034
"9068","weekly",6083,2975,0,20.5138797623658
"9069","weekly",6083,2976,0,20.1419218759402
"9070","weekly",6083,2977,0,19.6498155227455
"9071","weekly",6083,2978,0,19.0618830287422
"9072","weekly",6083,2979,0,18.4030649962515
"9073","weekly",6083,2980,0,17.6971037682233
"9074","weekly",6083,2981,0,16.9653743085946
"9075","weekly",6083,2982,0,16.2263206480129
"9076","weekly",6083,2983,0,15.4953608040669
"9077","weekly",6083,2984,0,14.7850875135628
"9078","weekly",6083,2985,0,14.1056036375958
"9079","weekly",6083,2986,0,13.4648706674052
"9080","weekly",6083,2987,0,12.8689980618219
"9081","weekly",6083,2988,0,12.322446430524
"9082","weekly",6083,2989,0,11.8281509053922
"9083","weekly",6083,2990,0,11.387589966791
"9084","weekly",6083,2991,0,11.0008313197322
"9085","weekly",6083,2992,0,10.6665843990486
"9086","weekly",6083,2993,0,10.3822834405582
"9087","weekly",6083,2994,0,10.1442192613031
"9088","weekly",6083,2995,0,9.94773321911634
"9089","weekly",6083,2996,0,9.7874823322345
"9090","weekly",6083,2997,0,9.65777799638454
"9091","weekly",6083,2998,0,9.55299011361785
"9092","weekly",6083,2999,0,9.46799351133814
"9093","weekly",6083,3000,0,9.39861683352501
"9094","weekly",6083,3001,0,9.3420407223457
"9095","weekly",6083,3002,0,9.29708798098727
"9096","weekly",6083,3003,0,9.26435749036318
"9097","weekly",6083,3004,0,9.24617554130964
"9098","weekly",6083,3005,0,9.24636747564364
"9099","weekly",6083,3006,0,9.26988042509765
"9100","weekly",6083,3007,0,9.32230621995404
"9101","weekly",6083,3008,0,9.40935790854564
"9102","weekly",6083,3009,0,9.53634508665709
"9103","weekly",6083,3010,0,9.70767829861143
"9104","weekly",6083,3011,0,9.92641881130112
"9105","weekly",6083,3012,0,10.1938833043532
"9106","weekly",6083,3013,0,10.5093159635871
"9107","weekly",6083,3014,0,10.8696510766167
"9108","weekly",6083,3015,0,11.2694438758481
"9109","weekly",6083,3016,0,11.7008430811693
"9110","weekly",6083,3017,0,12.1538436177798
"9111","weekly",6083,3018,0,12.6168383857585
"9112","weekly",6083,3019,0,13.0772161312198
"9113","weekly",6083,3020,0,13.5221036672156
"9114","weekly",6083,3021,0,13.9391024500219
"9115","weekly",6083,3022,0,14.3169064304966
"9116","weekly",6083,3023,0,14.6457140890561
"9117","weekly",6083,3024,0,14.9174007171387
"9118","weekly",6083,3025,0,15.1254819750029
"9119","weekly",6083,3026,0,15.26495635217
"9120","weekly",6083,3027,0,15.3321446266491
"9121","weekly",6083,3028,0,15.3246390685381
"9122","weekly",6083,3029,0,15.2414346201695
"9123","weekly",6083,3030,0,15.08324887052
"9124","weekly",6083,3031,0,14.8529646417592
"9125","weekly",6083,3032,0,14.5560691850114
"9126","weekly",6083,3033,0,14.200936688736
"9127","weekly",6083,3034,0,13.798817945004
"9128","weekly",6083,3035,0,13.363498912775
"9129","weekly",6083,3036,0,12.9105781048129
"9130","weekly",6083,3037,0,12.4563001747738
"9131","weekly",6083,3038,0,12.0165381210099
"9132","weekly",6083,3039,0,11.6058543174004
"9133","weekly",6083,3040,0,11.2366424158827
"9134","weekly",6083,3041,0,10.9185638313938
"9135","weekly",6083,3042,0,10.6582725388434
"9136","weekly",6083,3043,0,10.459379323438
"9137","weekly",6083,3044,0,10.3225875938952
"9138","weekly",6083,3045,0,10.2459402954992
"9139","weekly",6083,3046,0,10.2251433358761
"9140","weekly",6083,3047,0,10.2539620596945
"9141","weekly",6083,3048,0,10.3247100054141
"9142","weekly",6083,3049,0,10.4288529074547
"9143","weekly",6083,3050,0,10.557731282388
"9144","weekly",6083,3051,0,10.7033659790759
"9145","weekly",6083,3052,0,10.8592655188695
"9146","weekly",6083,3053,0,11.0211200597259
"9147","weekly",6083,3054,0,11.1872609684651
"9148","weekly",6083,3055,0,11.3587942504237
"9149","weekly",6083,3056,0,11.5393733572128
"9150","weekly",6083,3057,0,11.7346435092331
"9151","weekly",6083,3058,0,11.9514441547508
"9152","weekly",6083,3059,0,12.1968843047071
"9153","weekly",6083,3060,0,12.4774057640898
"9154","weekly",6083,3061,0,12.7979314325785
"9155","weekly",6083,3062,0,13.1611737973726
"9156","weekly",6083,3063,0,13.5671627338597
"9157","weekly",6083,3064,0,14.0130433761224
"9158","weekly",6083,3065,0,14.4931869002321
"9159","weekly",6083,3066,0,14.9996377642819
"9160","weekly",6083,3067,0,15.522617779061
"9161","weekly",6083,3068,0,16.0520302428777
"9162","weekly",6083,3069,0,16.5786094452924
"9163","weekly",6083,3070,0,17.0944060922047
"9164","weekly",6083,3071,0,17.5937183281494
"9165","weekly",6083,3072,0,18.0732940227754
"9166","weekly",6083,3073,0,18.5319666537398
"9167","weekly",6083,3074,0,18.9697594226163
"9168","weekly",6083,3075,0,19.3866040753928
"9169","weekly",6083,3076,0,19.7809053058008
"9170","weekly",6083,3077,0,20.1482279828051
"9171","weekly",6083,3078,0,20.4803928111942
"9172","weekly",6083,3079,0,20.7652381242369
"9173","weekly",6083,3080,0,20.987236772402
"9174","weekly",6083,3081,0,21.1290373030497
"9175","weekly",6083,3082,0,21.1738235763914
"9176","weekly",6083,3083,0,21.1081757221109
"9177","weekly",6083,3084,0,20.9249210678681
"9178","weekly",6083,3085,0,20.6253641239455
"9179","weekly",6083,3086,0,20.2203484009369
"9180","weekly",6083,3087,0,19.7298441460443
"9181","weekly",6083,3088,0,19.1811129738926
"9182","weekly",6083,3089,0,18.6058676940884
"9183","weekly",6083,3090,0,18.0370151408424
"9184","weekly",6083,3091,0,17.5056192852062
"9185","weekly",6083,3092,0,17.0385514312511
"9186","weekly",6083,3093,0,16.657015933728
"9187","weekly",6083,3094,0,16.3759046241321
"9188","weekly",6083,3095,0,16.2037786890724
"9189","weekly",6083,3096,0,16.1432353002165
"9190","weekly",6083,3097,0,16.1914666486846
"9191","weekly",6083,3098,0,16.3409177553549
"9192","weekly",6083,3099,0,16.5800500595942
"9193","weekly",6083,3100,0,16.8942822709359
"9194","weekly",6083,3101,0,17.2671845563309
"9195","weekly",6083,3102,0,17.6819420856482
"9196","weekly",6083,3103,0,18.1229973000591
"9197","weekly",6083,3104,0,18.5776662272547
"9198","weekly",6083,3105,0,19.037451420445
"9199","weekly",6083,3106,0,19.4987801953102
"9200","weekly",6083,3107,0,19.9629887281917
"9201","weekly",6083,3108,0,20.4355211879592
"9202","weekly",6083,3109,0,20.9244674773654
"9203","weekly",6083,3110,0,21.4386764433439
"9204","weekly",6083,3111,0,21.9860856130836
"9205","weekly",6083,3112,0,22.5711492180271
"9206","weekly",6083,3113,0,23.1933367892198
"9207","weekly",6083,3114,0,23.8469834345742
"9208","weekly",6083,3115,0,24.5208465566684
"9209","weekly",6083,3116,0,25.1989044639922
"9210","weekly",6083,3117,0,25.8620452546602
"9211","weekly",6083,3118,0,26.4904929851909
"9212","weekly",6083,3119,0,27.0666323696933
"9213","weekly",6083,3120,0,27.5777340375062
"9214","weekly",6083,3121,0,28.0180202501215
"9215","weekly",6083,3122,0,28.3895943147945
"9216","weekly",6083,3123,0,28.7019794250664
"9217","weekly",6083,3124,0,28.9703080063191
"9218","weekly",6083,3125,0,29.2124742809247
"9219","weekly",6083,3126,0,29.4457320596266
"9220","weekly",6083,3127,0,29.683262350547
"9221","weekly",6083,3128,0,29.9311839844449
"9222","weekly",6083,3129,0,30.1863956239831
"9223","weekly",6083,3130,0,30.4355664688192
"9224","weekly",6083,3131,0,30.6555400098296
"9225","weekly",6083,3132,0,30.8153381547891
"9226","weekly",6083,3133,0,30.8797882439831
"9227","weekly",6083,3134,0,30.8145034077461
"9228","weekly",6083,3135,0,30.5915596270643
"9229","weekly",6083,3136,0,30.1948544490879
"9230","weekly",6083,3137,0,29.623981826735
"9231","weekly",6083,3138,0,28.8956577783101
"9232","weekly",6083,3139,0,28.042286508542
"9233","weekly",6083,3140,0,27.1080001522059
"9234","weekly",6083,3141,0,26.1431053683627
"9235","weekly",6083,3142,0,25.1982285843696
"9236","weekly",6083,3143,0,24.3192834059155
"9237","weekly",6083,3144,0,23.5439378288138
"9238","weekly",6083,3145,0,22.8997606611374
"9239","weekly",6083,3146,0,22.403802301691
"9240","weekly",6083,3147,0,22.0631599742774
"9241","weekly",6083,3148,0,21.8760817709554
"9242","weekly",6083,3149,0,21.8333020530263
"9243","weekly",6083,3150,0,21.919480749144
"9244","weekly",6083,3151,0,22.1147634157533
"9245","weekly",6083,3152,0,22.3965393868421
"9246","weekly",6083,3153,0,22.741437307719
"9247","weekly",6083,3154,0,23.1274807118461
"9248","weekly",6083,3155,0,23.5361815674114
"9249","weekly",6083,3156,0,23.954243354121
"9250","weekly",6083,3157,0,24.3745334315754
"9251","weekly",6083,3158,0,24.7960859082668
"9252","weekly",6083,3159,0,25.2230808089516
"9253","weekly",6083,3160,0,25.6629489871266
"9254","weekly",6083,3161,0,26.1239103203989
"9255","weekly",6083,3162,0,26.6123311595438
"9256","weekly",6083,3163,0,27.1302918430738
"9257","weekly",6083,3164,0,27.6733946021268
"9258","weekly",6083,3165,0,28.2303624913184
"9259","weekly",6083,3166,0,28.7831888159126
"9260","weekly",6083,3167,0,29.3078692171257
"9261","weekly",6083,3168,0,29.7772786207643
"9262","weekly",6083,3169,0,30.1647414856561
"9263","weekly",6083,3170,0,30.4480615171487
"9264","weekly",6083,3171,0,30.6132643202291
"9265","weekly",6083,3172,0,30.6572469852399
"9266","weekly",6083,3173,0,30.5886997185444
"9267","weekly",6083,3174,0,30.4270418030792
"9268","weekly",6083,3175,0,30.1995755347307
"9269","weekly",6083,3176,0,29.9374433567864
"9270","weekly",6083,3177,0,29.6711525359715
"9271","weekly",6083,3178,0,29.4263851731375
"9272","weekly",6083,3179,0,29.2206137119792
"9273","weekly",6083,3180,0,29.0608126064471
"9274","weekly",6083,3181,0,28.9423928583565
"9275","weekly",6083,3182,0,28.8494203240552
"9276","weekly",6083,3183,0,28.7561732604227
"9277","weekly",6083,3184,0,28.6300676481333
"9278","weekly",6083,3185,0,28.435849426518
"9279","weekly",6083,3186,0,28.1406908539357
"9280","weekly",6083,3187,0,27.7194911019469
"9281","weekly",6083,3188,0,27.1594115399348
"9282","weekly",6083,3189,0,26.4626440589491
"9283","weekly",6083,3190,0,25.646715393028
"9284","weekly",6083,3191,0,24.7422176753753
"9285","weekly",6083,3192,0,23.7885180053127
"9286","weekly",6083,3193,0,22.8284764690034
"9287","weekly",6083,3194,0,21.903318740282
"9288","weekly",6083,3195,0,21.0485657908721
"9289","weekly",6083,3196,0,20.2914719921828
"9290","weekly",6083,3197,0,19.6499685692834
"9291","weekly",6083,3198,0,19.1328037209751
"9292","weekly",6083,3199,0,18.7404636375722
"9293","weekly",6083,3200,0,18.4665120256541
"9294","weekly",6083,3201,0,18.299119094765
"9295","weekly",6083,3202,0,18.2226844479155
"9296","weekly",6083,3203,0,18.219537503086
"9297","weekly",6083,3204,0,18.2717031654902
"9298","weekly",6083,3205,0,18.3626612700755
"9299","weekly",6083,3206,0,18.4789431855606
"9300","weekly",6083,3207,0,18.611346848571
"9301","weekly",6083,3208,0,18.7556907169055
"9302","weekly",6083,3209,0,18.9124088042881
"9303","weekly",6083,3210,0,19.0856816403102
"9304","weekly",6083,3211,0,19.2822244668496
"9305","weekly",6083,3212,0,19.5092516491422
"9306","weekly",6083,3213,0,19.7724633613252
"9307","weekly",6083,3214,0,20.0741731565213
"9308","weekly",6083,3215,0,20.4118112344295
"9309","weekly",6083,3216,0,20.7770112490107
"9310","weekly",6083,3217,0,21.1554677571694
"9311","weekly",6083,3218,0,21.5277156709053
"9312","weekly",6083,3219,0,21.870897272951
"9313","weekly",6083,3220,0,22.1614217505849
"9314","weekly",6083,3221,0,22.3781991380674
"9315","weekly",6083,3222,0,22.5059075984755
"9316","weekly",6083,3223,0,22.5376269762637
"9317","weekly",6083,3224,0,22.4762271904037
"9318","weekly",6083,3225,0,22.3341551522899
"9319","weekly",6083,3226,0,22.1316440197988
"9320","weekly",6083,3227,0,21.893735583697
"9321","weekly",6083,3228,0,21.6467287599808
"9322","weekly",6083,3229,0,21.4146863384231
"9323","weekly",6083,3230,0,21.2164847438398
"9324","weekly",6083,3231,0,21.0636759710906
"9325","weekly",6083,3232,0,20.9592487359478
"9326","weekly",6083,3233,0,20.8972845771059
"9327","weekly",6083,3234,0,20.8635004399403
"9328","weekly",6083,3235,0,20.8366996368568
"9329","weekly",6083,3236,0,20.7911457574519
"9330","weekly",6083,3237,0,20.6997725801775
"9331","weekly",6083,3238,0,20.5379398806253
"9332","weekly",6083,3239,0,20.2872005005192
"9333","weekly",6083,3240,0,19.938373306999
"9334","weekly",6083,3241,0,19.4932379609963
"9335","weekly",6083,3242,0,18.9644301625085
"9336","weekly",6083,3243,0,18.3735540554335
"9337","weekly",6083,3244,0,17.7479791062942
"9338","weekly",6083,3245,0,17.1170758270891
"9339","weekly",6083,3246,0,16.5086727079761
"9340","weekly",6083,3247,0,15.9463133676618
"9341","weekly",6083,3248,0,15.4475772349106
"9342","weekly",6083,3249,0,15.0234347308869
"9343","weekly",6083,3250,0,14.6784267464827
"9344","weekly",6083,3251,0,14.411405855295
"9345","weekly",6083,3252,0,14.2166172870202
"9346","weekly",6083,3253,0,14.0849743547151
"9347","weekly",6083,3254,0,14.0054459155945
"9348","weekly",6083,3255,0,13.9664950548613
"9349","weekly",6083,3256,0,13.9574874404934
"9350","weekly",6083,3257,0,13.9699457460665
"9351","weekly",6083,3258,0,13.9984954485262
"9352","weekly",6083,3259,0,14.0413552765676
"9353","weekly",6083,3260,0,14.1002821830043
"9354","weekly",6083,3261,0,14.1797089550237
"9355","weekly",6083,3262,0,14.2861998451408
"9356","weekly",6083,3263,0,14.4271232650208
"9357","weekly",6083,3264,0,14.6086865496181
"9358","weekly",6083,3265,0,14.8347901738598
"9359","weekly",6083,3266,0,15.1058359605959
"9360","weekly",6083,3267,0,15.4178671287955
"9361","weekly",6083,3268,0,15.7621697870491
"9362","weekly",6083,3269,0,16.12546975445
"9363","weekly",6083,3270,0,16.4908367696917
"9364","weekly",6083,3271,0,16.8393294626148
"9365","weekly",6083,3272,0,17.1522678137117
"9366","weekly",6083,3273,0,17.4138317151228
"9367","weekly",6083,3274,0,17.6135202741716
"9368","weekly",6083,3275,0,17.747947322292
"9369","weekly",6083,3276,0,17.8215465699905
"9370","weekly",6083,3277,0,17.8460013103613
"9371","weekly",6083,3278,0,17.8385154571442
"9372","weekly",6083,3279,0,17.8192920133297
"9373","weekly",6083,3280,0,17.8086980105436
"9374","weekly",6083,3281,0,17.8245572498126
"9375","weekly",6083,3282,0,17.8798768290435
"9376","weekly",6083,3283,0,17.9811634739744
"9377","weekly",6083,3284,0,18.1273890812008
"9378","weekly",6083,3285,0,18.3096460630768
"9379","weekly",6083,3286,0,18.5115684395714
"9380","weekly",6083,3287,0,18.7106268060161
"9381","weekly",6083,3288,0,18.8803689489141
"9382","weekly",6083,3289,0,18.9935314622999
"9383","weekly",6083,3290,0,19.0257039177814
"9384","weekly",6083,3291,0,18.9589660507627
"9385","weekly",6083,3292,0,18.7847652741475
"9386","weekly",6083,3293,0,18.5053664700827
"9387","weekly",6083,3294,0,18.133512144821
"9388","weekly",6083,3295,0,17.6903840585437
"9389","weekly",6083,3296,0,17.2023810153478
"9390","weekly",6083,3297,0,16.6974724704341
"9391","weekly",6083,3298,0,16.2018624302873
"9392","weekly",6083,3299,0,15.7374649456178
"9393","weekly",6083,3300,0,15.3204130804515
"9394","weekly",6083,3301,0,14.9605568059778
"9395","weekly",6083,3302,0,14.6617479128181
"9396","weekly",6083,3303,0,14.4226759231533
"9397","weekly",6083,3304,0,14.2382366770762
"9398","weekly",6083,3305,0,14.1005303284619
"9399","weekly",6083,3306,0,14.0003388246696
"9400","weekly",6083,3307,0,13.9289335664944
"9401","weekly",6083,3308,0,13.8791563433479
"9402","weekly",6083,3309,0,13.8463968868018
"9403","weekly",6083,3310,0,13.8291421284084
"9404","weekly",6083,3311,0,13.8290183390782
"9405","weekly",6083,3312,0,13.8503266450425
"9406","weekly",6083,3313,0,13.8991555008397
"9407","weekly",6083,3314,0,13.9822137892479
"9408","weekly",6083,3315,0,14.1055510033621
"9409","weekly",6083,3316,0,14.2733208810678
"9410","weekly",6083,3317,0,14.4867201909947
"9411","weekly",6083,3318,0,14.7432149677479
"9412","weekly",6083,3319,0,15.0361614144058
"9413","weekly",6083,3320,0,15.3549298139696
"9414","weekly",6083,3321,0,15.6856243298971
"9415","weekly",6083,3322,0,16.0124333536951
"9416","weekly",6083,3323,0,16.3195314398035
"9417","weekly",6083,3324,0,16.5933013153553
"9418","weekly",6083,3325,0,16.8245021865878
"9419","weekly",6083,3326,0,17.0099441803177
"9420","weekly",6083,3327,0,17.1532866738271
"9421","weekly",6083,3328,0,17.2647590312408
"9422","weekly",6083,3329,0,17.3598463801027
"9423","weekly",6083,3330,0,17.4571996907762
"9424","weekly",6083,3331,0,17.5761435423046
"9425","weekly",6083,3332,0,17.7341447670478
"9426","weekly",6083,3333,0,17.9445072734088
"9427","weekly",6083,3334,0,18.214441829623
"9428","weekly",6083,3335,0,18.5435885429324
"9429","weekly",6083,3336,0,18.9230747376569
"9430","weekly",6083,3337,0,19.3352579236671
"9431","weekly",6083,3338,0,19.754378918471
"9432","weekly",6083,3339,0,20.1483583575173
"9433","weekly",6083,3340,0,20.4818433698383
"9434","weekly",6083,3341,0,20.7203304264694
"9435","weekly",6083,3342,0,20.8348170379468
"9436","weekly",6083,3343,0,20.8061124998785
"9437","weekly",6083,3344,0,20.6278371977678
"9438","weekly",6083,3345,0,20.3073650437291
"9439","weekly",6083,3346,0,19.8644727720239
"9440","weekly",6083,3347,0,19.3280661658209
"9441","weekly",6083,3348,0,18.7318184318719
"9442","weekly",6083,3349,0,18.1097152022703
"9443","weekly",6083,3350,0,17.4923262493394
"9444","weekly",6083,3351,0,16.9043083894067
"9445","weekly",6083,3352,0,16.3632290413952
"9446","weekly",6083,3353,0,15.8795210119861
"9447","weekly",6083,3354,0,15.4572621782427
"9448","weekly",6083,3355,0,15.0954562781553
"9449","weekly",6083,3356,0,14.789548372326
"9450","weekly",6083,3357,0,14.5328177736956
"9451","weekly",6083,3358,0,14.3181433608697
"9452","weekly",6083,3359,0,14.1392275277758
"9453","weekly",6083,3360,0,13.9911898078572
"9454","weekly",6083,3361,0,13.8712284720968
"9455","weekly",6083,3362,0,13.7786938952049
"9456","weekly",6083,3363,0,13.714746437443
"9457","weekly",6083,3364,0,13.681672740262
"9458","weekly",6083,3365,0,13.6819774875185
"9459","weekly",6083,3366,0,13.7173890620179
"9460","weekly",6083,3367,0,13.7879186155915
"9461","weekly",6083,3368,0,13.8911019725783
"9462","weekly",6083,3369,0,14.021541703376
"9463","weekly",6083,3370,0,14.1708543224668
"9464","weekly",6083,3371,0,14.3281059946457
"9465","weekly",6083,3372,0,14.4807738811651
"9466","weekly",6083,3373,0,14.6161876634578
"9467","weekly",6083,3374,0,14.7232917231158
"9468","weekly",6083,3375,0,14.7944517767755
"9469","weekly",6083,3376,0,14.8269575083104
"9470","weekly",6083,3377,0,14.8238891262154
"9471","weekly",6083,3378,0,14.7941348869062
"9472","weekly",6083,3379,0,14.751536553551
"9473","weekly",6083,3380,0,14.713332386309
"9474","weekly",6083,3381,0,14.6981913232012
"9475","weekly",6083,3382,0,14.7241494952468
"9476","weekly",6083,3383,0,14.8066832662735
"9477","weekly",6083,3384,0,14.9570330321731
"9478","weekly",6083,3385,0,15.180791734223
"9479","weekly",6083,3386,0,15.4767380813137
"9480","weekly",6083,3387,0,15.8359422352223
"9481","weekly",6083,3388,0,16.2412820406607
"9482","weekly",6083,3389,0,16.6676305196888
"9483","weekly",6083,3390,0,17.0830380163097
"9484","weekly",6083,3391,0,17.4511607521563
"9485","weekly",6083,3392,0,17.7349405735149
"9486","weekly",6083,3393,0,17.9011518828047
"9487","weekly",6083,3394,0,17.9250287004397
"9488","weekly",6083,3395,0,17.7939543401881
"9489","weekly",6083,3396,0,17.5092924062919
"9490","weekly",6083,3397,0,17.0858799141424
"9491","weekly",6083,3398,0,16.5493385801674
"9492","weekly",6083,3399,0,15.931933594984
"9493","weekly",6083,3400,0,15.2680005367729
"9494","weekly",6083,3401,0,14.5900737563788
"9495","weekly",6083,3402,0,13.9256138334458
"9496","weekly",6083,3403,0,13.2955263297481
"9497","weekly",6083,3404,0,12.71422982699
"9498","weekly",6083,3405,0,12.1900757903932
"9499","weekly",6083,3406,0,11.7264941603353
"9500","weekly",6083,3407,0,11.323343721102
"9501","weekly",6083,3408,0,10.9782317212957
"9502","weekly",6083,3409,0,10.6876548382279
"9503","weekly",6083,3410,0,10.4478805849212
"9504","weekly",6083,3411,0,10.2555336861114
"9505","weekly",6083,3412,0,10.1078827696037
"9506","weekly",6083,3413,0,10.0028461206821
"9507","weekly",6083,3414,0,9.93875499619753
"9508","weekly",6083,3415,0,9.91392968606669
"9509","weekly",6083,3416,0,9.92613687287667
"9510","weekly",6083,3417,0,9.9720078111568
"9511","weekly",6083,3418,0,10.0465075809916
"9512","weekly",6083,3419,0,10.1425572319131
"9513","weekly",6083,3420,0,10.2509195820603
"9514","weekly",6083,3421,0,10.3604557215876
"9515","weekly",6083,3422,0,10.458828056755
"9516","weekly",6083,3423,0,10.5336546308536
"9517","weekly",6083,3424,0,10.5740097258531
"9518","weekly",6083,3425,0,10.5720416056865
"9519","weekly",6083,3426,0,10.5243857075402
"9520","weekly",6083,3427,0,10.4330410223338
"9521","weekly",6083,3428,0,10.3054750103329
"9522","weekly",6083,3429,0,10.1539073038439
"9523","weekly",6083,3430,0,9.99392861823435
"9524","weekly",6083,3431,0,9.84275823913049
"9525","weekly",6083,3432,0,9.71747812465765
"9526","weekly",6083,3433,0,9.63350404173252
"9527","weekly",6083,3434,0,9.60341149315354
"9528","weekly",6083,3435,0,9.63609189397539
"9529","weekly",6083,3436,0,9.73612540998147
"9530","weekly",6083,3437,0,9.90324579493608
"9531","weekly",6083,3438,0,10.1318367722561
"9532","weekly",6083,3439,0,10.4105164749199
"9533","weekly",6083,3440,0,10.7219987860299
"9534","weekly",6083,3441,0,11.0435173026926
"9535","weekly",6083,3442,0,11.3481006810907
"9536","weekly",6083,3443,0,11.6068510893383
"9537","weekly",6083,3444,0,11.7920997735928
"9538","weekly",6083,3445,0,11.8809688444017
"9539","weekly",6083,3446,0,11.85859714658
"9540","weekly",6083,3447,0,11.7202391696919
"9541","weekly",6083,3448,0,11.4716870018747
"9542","weekly",6083,3449,0,11.1279248034407
"9543","weekly",6083,3450,0,10.71041736193
"9544","weekly",6083,3451,0,10.2437592132774
"9545","weekly",6083,3452,0,9.75246239476837
"9546","weekly",6083,3453,0,9.25846856227145
"9547","weekly",6083,3454,0,8.77951055162703
"9548","weekly",6083,3455,0,8.32890979136573
"9549","weekly",6083,3456,0,7.91579282362363
"9550","weekly",6083,3457,0,7.54551706404891
"9551","weekly",6083,3458,0,7.22074523055926
"9552","weekly",6083,3459,0,6.94236424597329
"9553","weekly",6083,3460,0,6.71027434509597
"9554","weekly",6083,3461,0,6.52398322516819
"9555","weekly",6083,3462,0,6.38298495687195
"9556","weekly",6083,3463,0,6.28693059648504
"9557","weekly",6083,3464,0,6.23561094258912
"9558","weekly",6083,3465,0,6.22877610946307
"9559","weekly",6083,3466,0,6.26581621076912
"9560","weekly",6083,3467,0,6.34532786428463
"9561","weekly",6083,3468,0,6.4645985600655
"9562","weekly",6083,3469,0,6.6190606795426
"9563","weekly",6083,3470,0,6.80180098701385
"9564","weekly",6083,3471,0,7.00325393959065
"9565","weekly",6083,3472,0,7.21124129963573
"9566","weekly",6083,3473,0,7.41151908072061
"9567","weekly",6083,3474,0,7.58892720198492
"9568","weekly",6083,3475,0,7.72909549681935
"9569","weekly",6083,3476,0,7.82046709253336
"9570","weekly",6083,3477,0,7.85622545081424
"9571","weekly",6083,3478,0,7.83564426543307
"9572","weekly",6083,3479,0,7.7644809288031
"9573","weekly",6083,3480,0,7.65428888471797
"9574","weekly",6083,3481,0,7.52083345441497
"9575","weekly",6083,3482,0,7.38202754117083
"9576","weekly",6083,3483,0,7.25586678562104
"9577","weekly",6083,3484,0,7.15873490532977
"9578","weekly",6083,3485,0,7.10424298534053
"9579","weekly",6083,3486,0,7.10256056586513
"9580","weekly",6083,3487,0,7.1600646674633
"9581","weekly",6083,3488,0,7.27910167365917
"9582","weekly",6083,3489,0,7.45771479356335
"9583","weekly",6083,3490,0,7.68930718302727
"9584","weekly",6083,3491,0,7.96235244680429
"9585","weekly",6083,3492,0,8.2603894918575
"9586","weekly",6083,3493,0,8.56259863908053
"9587","weekly",6083,3494,0,8.84520121070091
"9588","weekly",6083,3495,0,9.08373131678673
"9589","weekly",6083,3496,0,9.25593050877796
"9590","weekly",6083,3497,0,9.34481227933429
"9591","weekly",6083,3498,0,9.34081858315039
"9592","weekly",6083,3499,0,9.24294502465636
"9593","weekly",6083,3500,0,9.05855902357143
"9594","weekly",6083,3501,0,8.80158735229634
"9595","weekly",6083,3502,0,8.48998162607313
"9596","weekly",6083,3503,0,8.14302268339088
"9597","weekly",6083,3504,0,7.77903398766648
"9598","weekly",6083,3505,0,7.41383896869957
"9599","weekly",6083,3506,0,7.06003571805195
"9600","weekly",6083,3507,0,6.72696570065455
"9601","weekly",6083,3508,0,6.42115550371818
"9602","weekly",6083,3509,0,6.1469994323561
"9603","weekly",6083,3510,0,5.9074921811698
"9604","weekly",6083,3511,0,5.70488201454282
"9605","weekly",6083,3512,0,5.54117398231756
"9606","weekly",6083,3513,0,5.41845889054821
"9607","weekly",6083,3514,0,5.3390733608976
"9608","weekly",6083,3515,0,5.30560927581973
"9609","weekly",6083,3516,0,5.32078927670955
"9610","weekly",6083,3517,0,5.38721306508523
"9611","weekly",6083,3518,0,5.50696407066425
"9612","weekly",6083,3519,0,5.68105737346923
"9613","weekly",6083,3520,0,5.90871927025728
"9614","weekly",6083,3521,0,6.18652775435476
"9615","weekly",6083,3522,0,6.50751712845522
"9616","weekly",6083,3523,0,6.86045084480429
"9617","weekly",6083,3524,0,7.22956315407646
"9618","weekly",6083,3525,0,7.59510537522146
"9619","weekly",6083,3526,0,7.93494031034061
"9620","weekly",6083,3527,0,8.22717328631552
"9621","weekly",6083,3528,0,8.45343556912849
"9622","weekly",6083,3529,0,8.60208877385594
"9623","weekly",6083,3530,0,8.67048624224844
"9624","weekly",6083,3531,0,8.6656289724051
"9625","weekly",6083,3532,0,8.60303975438001
"9626","weekly",6083,3533,0,8.50423471891554
"9627","weekly",6083,3534,0,8.39354098576587
"9628","weekly",6083,3535,0,8.29505090715247
"9629","weekly",6083,3536,0,8.23025752353715
"9630","weekly",6083,3537,0,8.21654771341127
"9631","weekly",6083,3538,0,8.26641433499753
"9632","weekly",6083,3539,0,8.38708704846795
"9633","weekly",6083,3540,0,8.58028570484021
"9634","weekly",6083,3541,0,8.84192777611315
"9635","weekly",6083,3542,0,9.16181258572033
"9636","weekly",6083,3543,0,9.52349884907017
"9637","weekly",6083,3544,0,9.90472348302137
"9638","weekly",6083,3545,0,10.278711512161
"9639","weekly",6083,3546,0,10.6165520131763
"9640","weekly",6083,3547,0,10.8904781255114
"9641","weekly",6083,3548,0,11.0774974251108
"9642","weekly",6083,3549,0,11.1625497403147
"9643","weekly",6083,3550,0,11.1402328270487
"9644","weekly",6083,3551,0,11.0152170675283
"9645","weekly",6083,3552,0,10.8006496564485
"9646","weekly",6083,3553,0,10.5150697947829
"9647","weekly",6083,3554,0,10.1793623518315
"9648","weekly",6083,3555,0,9.81390311318683
"9649","weekly",6083,3556,0,9.43652762149577
"9650","weekly",6083,3557,0,9.06133090946241
"9651","weekly",6083,3558,0,8.69874044429162
"9652","weekly",6083,3559,0,8.35619364515878
"9653","weekly",6083,3560,0,8.03878075312241
"9654","weekly",6083,3561,0,7.75014301718329
"9655","weekly",6083,3562,0,7.49341570909019
"9656","weekly",6083,3563,0,7.27192737255245
"9657","weekly",6083,3564,0,7.08962300833082
"9658","weekly",6083,3565,0,6.95122233574511
"9659","weekly",6083,3566,0,6.8621578734892
"9660","weekly",6083,3567,0,6.82834989242838
"9661","weekly",6083,3568,0,6.85586282011354
"9662","weekly",6083,3569,0,6.95045560607105
"9663","weekly",6083,3570,0,7.1170000275597
"9664","weekly",6083,3571,0,7.35871432098793
"9665","weekly",6083,3572,0,7.67616513068788
"9666","weekly",6083,3573,0,8.06604676638381
"9667","weekly",6083,3574,0,8.51986244649743
"9668","weekly",6083,3575,0,9.02279572404223
"9669","weekly",6083,3576,0,9.55322336158133
"9670","weekly",6083,3577,0,10.0833932250971
"9671","weekly",6083,3578,0,10.5816642894933
"9672","weekly",6083,3579,0,11.0163202267431
"9673","weekly",6083,3580,0,11.3603920113237
"9674","weekly",6083,3581,0,11.59638615523
"9675","weekly",6083,3582,0,11.7196126982744
"9676","weekly",6083,3583,0,11.7391243769962
"9677","weekly",6083,3584,0,11.6760259058792
"9678","weekly",6083,3585,0,11.5597463680024
"9679","weekly",6083,3586,0,11.4233982758597
"9680","weekly",6083,3587,0,11.2993770916073
"9681","weekly",6083,3588,0,11.2159694729489
"9682","weekly",6083,3589,0,11.1951992077811
"9683","weekly",6083,3590,0,11.2517046494177
"9684","weekly",6083,3591,0,11.3922447686782
"9685","weekly",6083,3592,0,11.6154733446601
"9686","weekly",6083,3593,0,11.9118242309487
"9687","weekly",6083,3594,0,12.2638095181319
"9688","weekly",6083,3595,0,12.6462727060425
"9689","weekly",6083,3596,0,13.0279504140781
"9690","weekly",6083,3597,0,13.3746542791196
"9691","weekly",6083,3598,0,13.6529656929488
"9692","weekly",6083,3599,0,13.8346723607683
"9693","weekly",6083,3600,0,13.9007975890418
"9694","weekly",6083,3601,0,13.8441929654509
"9695","weekly",6083,3602,0,13.6699931056355
"9696","weekly",6083,3603,0,13.393854022288
"9697","weekly",6083,3604,0,13.0385423359694
"9698","weekly",6083,3605,0,12.6298362790549
"9699","weekly",6083,3606,0,12.1927182825166
"9700","weekly",6083,3607,0,11.7485532888677
"9701","weekly",6083,3608,0,11.3135403699416
"9702","weekly",6083,3609,0,10.8983726967417
"9703","weekly",6083,3610,0,10.5088312914013
"9704","weekly",6083,3611,0,10.1469693676336
"9705","weekly",6083,3612,0,9.81256518795271
"9706","weekly",6083,3613,0,9.50457805083715
"9707","weekly",6083,3614,0,9.22240322455764
"9708","weekly",6083,3615,0,8.96678145325859
"9709","weekly",6083,3616,0,8.74028316853219
"9710","weekly",6083,3617,0,8.54735904964036
"9711","weekly",6083,3618,0,8.39401731631369
"9712","weekly",6083,3619,0,8.28723564240499
"9713","weekly",6083,3620,0,8.23422617855249
"9714","weekly",6083,3621,0,8.24164404976182
"9715","weekly",6083,3622,0,8.31477804479073
"9716","weekly",6083,3623,0,8.45671352307545
"9717","weekly",6083,3624,0,8.66743957999279
"9718","weekly",6083,3625,0,8.94290506502148
"9719","weekly",6083,3626,0,9.27411594855948
"9720","weekly",6083,3627,0,9.64649257081328
"9721","weekly",6083,3628,0,10.0398237093468
"9722","weekly",6083,3629,0,10.4291922434641
"9723","weekly",6083,3630,0,10.7871266017319
"9724","weekly",6083,3631,0,11.0869188993238
"9725","weekly",6083,3632,0,11.306609199004
"9726","weekly",6083,3633,0,11.4327429585101
"9727","weekly",6083,3634,0,11.4628858653305
"9728","weekly",6083,3635,0,11.4061537836678
"9729","weekly",6083,3636,0,11.2816084041551
"9730","weekly",6083,3637,0,11.115018418961
"9731","weekly",6083,3638,0,10.9348964529054
"9732","weekly",6083,3639,0,10.7687434503459
"9733","weekly",6083,3640,0,10.6401278313424
"9734","weekly",6083,3641,0,10.5667983169551
"9735","weekly",6083,3642,0,10.5596809561539
"9736","weekly",6083,3643,0,10.6224536547961
"9737","weekly",6083,3644,0,10.7514296904264
"9738","weekly",6083,3645,0,10.935651079315
"9739","weekly",6083,3646,0,11.1573027480044
"9740","weekly",6083,3647,0,11.3925080824702
"9741","weekly",6083,3648,0,11.6136032641807
"9742","weekly",6083,3649,0,11.7920372522785
"9743","weekly",6083,3650,0,11.9016075516411
"9744","weekly",6083,3651,0,11.9224402243271
"9745","weekly",6083,3652,0,11.8440439637052
"9746","weekly",6083,3653,0,11.6668032317248
"9747","weekly",6083,3654,0,11.4014781501028
"9748","weekly",6083,3655,0,11.0668682761316
"9749","weekly",6083,3656,0,10.6863186847186
"9750","weekly",6083,3657,0,10.2839820038062
"9751","weekly",6083,3658,0,9.8816453020554
"9752","weekly",6083,3659,0,9.49659925914602
"9753","weekly",6083,3660,0,9.14065300839138
"9754","weekly",6083,3661,0,8.82012605192722
"9755","weekly",6083,3662,0,8.53652995079756
"9756","weekly",6083,3663,0,8.28765758030931
"9757","weekly",6083,3664,0,8.06886197350104
"9758","weekly",6083,3665,0,7.87437226247857
"9759","weekly",6083,3666,0,7.6985313941841
"9760","weekly",6083,3667,0,7.53684984627762
"9761","weekly",6083,3668,0,7.38677193465992
"9762","weekly",6083,3669,0,7.24807028583018
"9763","weekly",6083,3670,0,7.12283126433613
"9764","weekly",6083,3671,0,7.01506125673768
"9765","weekly",6083,3672,0,6.93000693674549
"9766","weekly",6083,3673,0,6.87331705651013
"9767","weekly",6083,3674,0,6.85016793583054
"9768","weekly",6083,3675,0,6.86443872598466
"9769","weekly",6083,3676,0,6.91797926055733
"9770","weekly",6083,3677,0,7.00998844491551
"9771","weekly",6083,3678,0,7.13653035133029
"9772","weekly",6083,3679,0,7.29025716811884
"9773","weekly",6083,3680,0,7.46046265849145
"9774","weekly",6083,3681,0,7.63362081788364
"9775","weekly",6083,3682,0,7.79453082158579
"9776","weekly",6083,3683,0,7.92806524634943
"9777","weekly",6083,3684,0,8.02131876023486
"9778","weekly",6083,3685,0,8.06574808846926
"9779","weekly",6083,3686,0,8.05878519255202
"9780","weekly",6083,3687,0,8.00447777888621
"9781","weekly",6083,3688,0,7.91296574065927
"9782","weekly",6083,3689,0,7.79893966115196
"9783","weekly",6083,3690,0,7.67958113938221
"9784","weekly",6083,3691,0,7.57215777333477
"9785","weekly",6083,3692,0,7.49211492171162
"9786","weekly",6083,3693,0,7.45183879105025
"9787","weekly",6083,3694,0,7.45965887937928
"9788","weekly",6083,3695,0,7.51928565124399
"9789","weekly",6083,3696,0,7.6294374440331
"9790","weekly",6083,3697,0,7.78358695589122
"9791","weekly",6083,3698,0,7.96990231418749
"9792","weekly",6083,3699,0,8.17159705932136
"9793","weekly",6083,3700,0,8.36796700645937
"9794","weekly",6083,3701,0,8.53631513073924
"9795","weekly",6083,3702,0,8.65472318121465
"9796","weekly",6083,3703,0,8.70527614894672
"9797","weekly",6083,3704,0,8.67702988634119
"9798","weekly",6083,3705,0,8.56791528663598
"9799","weekly",6083,3706,0,8.38500024430687
"9800","weekly",6083,3707,0,8.14302056541783
"9801","weekly",6083,3708,0,7.86162583334954
"9802","weekly",6083,3709,0,7.5621213085542
"9803","weekly",6083,3710,0,7.26449848047923
"9804","weekly",6083,3711,0,6.98528893842013
"9805","weekly",6083,3712,0,6.73641705047339
"9806","weekly",6083,3713,0,6.52493257567403
"9807","weekly",6083,3714,0,6.35335895037861
"9808","weekly",6083,3715,0,6.22039317872259
"9809","weekly",6083,3716,0,6.12176405265927
"9810","weekly",6083,3717,0,6.05115812123404
"9811","weekly",6083,3718,0,6.00118657850544
"9812","weekly",6083,3719,0,5.96437591797439
"9813","weekly",6083,3720,0,5.93413604408852
"9814","weekly",6083,3721,0,5.90561083744979
"9815","weekly",6083,3722,0,5.87628456117818
"9816","weekly",6083,3723,0,5.84622996507096
"9817","weekly",6083,3724,0,5.81794486130821
"9818","weekly",6083,3725,0,5.79581106459955
"9819","weekly",6083,3726,0,5.78528601542348
"9820","weekly",6083,3727,0,5.79197300368105
"9821","weekly",6083,3728,0,5.82070391890011
"9822","weekly",6083,3729,0,5.87472680280916
"9823","weekly",6083,3730,0,5.95504897888168
"9824","weekly",6083,3731,0,6.05996971146669
"9825","weekly",6083,3732,0,6.18485132124624
"9826","weekly",6083,3733,0,6.32221048432984
"9827","weekly",6083,3734,0,6.46223131043371
"9828","weekly",6083,3735,0,6.59377295069862
"9829","weekly",6083,3736,0,6.70584516698727
"9830","weekly",6083,3737,0,6.78936888245516
"9831","weekly",6083,3738,0,6.83888298599049
"9832","weekly",6083,3739,0,6.85378701373702
"9833","weekly",6083,3740,0,6.83878384353011
"9834","weekly",6083,3741,0,6.80339958003606
"9835","weekly",6083,3742,0,6.76072264209506
"9836","weekly",6083,3743,0,6.7256038064661
"9837","weekly",6083,3744,0,6.71308447199408
"9838","weekly",6083,3745,0,6.73686385838664
"9839","weekly",6083,3746,0,6.80790207523387
"9840","weekly",6083,3747,0,6.93356465667603
"9841","weekly",6083,3748,0,7.11679170370917
"9842","weekly",6083,3749,0,7.3552710294025
"9843","weekly",6083,3750,0,7.6406379705586
"9844","weekly",6083,3751,0,7.95792252043611
"9845","weekly",6083,3752,0,8.28565173532115
"9846","weekly",6083,3753,0,8.5970855919004
"9847","weekly",6083,3754,0,8.86290660960367
"9848","weekly",6083,3755,0,9.05525363588822
"9849","weekly",6083,3756,0,9.15239506249782
"9850","weekly",6083,3757,0,9.14284856594168
"9851","weekly",6083,3758,0,9.02768747947994
"9852","weekly",6083,3759,0,8.82026564801345
"9853","weekly",6083,3760,0,8.54345855192514
"9854","weekly",6083,3761,0,8.22533439288964
"9855","weekly",6083,3762,0,7.89454464169103
"9856","weekly",6083,3763,0,7.57654841631302
"9857","weekly",6083,3764,0,7.29125247019692
"9858","weekly",6083,3765,0,7.05207792355213
"9859","weekly",6083,3766,0,6.86609537401819
"9860","weekly",6083,3767,0,6.73476052068872
"9861","weekly",6083,3768,0,6.65488667212776
"9862","weekly",6083,3769,0,6.6196624020813
"9863","weekly",6083,3770,0,6.61968373513082
"9864","weekly",6083,3771,0,6.64406294046785
"9865","weekly",6083,3772,0,6.68166949422448
"9866","weekly",6083,3773,0,6.72247397547471
"9867","weekly",6083,3774,0,6.75884758163011
"9868","weekly",6083,3775,0,6.7865827245987
"9869","weekly",6083,3776,0,6.80539947678335
"9870","weekly",6083,3777,0,6.81880295369774
"9871","weekly",6083,3778,0,6.8333178658213
"9872","weekly",6083,3779,0,6.85727477018372
"9873","weekly",6083,3780,0,6.89939519501058
"9874","weekly",6083,3781,0,6.96740368645987
"9875","weekly",6083,3782,0,7.06681766090333
"9876","weekly",6083,3783,0,7.19998760570888
"9877","weekly",6083,3784,0,7.36542638918036
"9878","weekly",6083,3785,0,7.55748973463778
"9879","weekly",6083,3786,0,7.76652513496811
"9880","weekly",6083,3787,0,7.97975279422826
"9881","weekly",6083,3788,0,8.18253538059071
"9882","weekly",6083,3789,0,8.3605349312129
"9883","weekly",6083,3790,0,8.50247957988176
"9884","weekly",6083,3791,0,8.60243024950614
"9885","weekly",6083,3792,0,8.66140317483223
"9886","weekly",6083,3793,0,8.6877850588935
"9887","weekly",6083,3794,0,8.69644159404561
"9888","weekly",6083,3795,0,8.70680575614097
"9889","weekly",6083,3796,0,8.74047017056728
"9890","weekly",6083,3797,0,8.81880133863888
"9891","weekly",6083,3798,0,8.96088163345121
"9892","weekly",6083,3799,0,9.18180009684875
"9893","weekly",6083,3800,0,9.49109767351183
"9894","weekly",6083,3801,0,9.89112052985001
"9895","weekly",6083,3802,0,10.3751794830314
"9896","weekly",6083,3803,0,10.9257336220762
"9897","weekly",6083,3804,0,11.5132295542571
"9898","weekly",6083,3805,0,12.0965651838051
"9899","weekly",6083,3806,0,12.6261575784883
"9900","weekly",6083,3807,0,13.050047409808
"9901","weekly",6083,3808,0,13.3223619557102
"9902","weekly",6083,3809,0,13.4121798681153
"9903","weekly",6083,3810,0,13.3101083341753
"9904","weekly",6083,3811,0,13.0303011547949
"9905","weekly",6083,3812,0,12.6071960961854
"9906","weekly",6083,3813,0,12.0881751462293
"9907","weekly",6083,3814,0,11.5246383855701
"9908","weekly",6083,3815,0,10.964060853963
"9909","weekly",6083,3816,0,10.4446640912502
"9910","weekly",6083,3817,0,9.99306247741333
"9911","weekly",6083,3818,0,9.6242830507108
"9912","weekly",6083,3819,0,9.34317754441872
"9913","weekly",6083,3820,0,9.14635745380656
"9914","weekly",6083,3821,0,9.02413735297159
"9915","weekly",6083,3822,0,8.96233832419966
"9916","weekly",6083,3823,0,8.94404399272753
"9917","weekly",6083,3824,0,8.95146496413508
"9918","weekly",6083,3825,0,8.96796695858939
"9919","weekly",6083,3826,0,8.98012046035728
"9920","weekly",6083,3827,0,8.97944263188401
"9921","weekly",6083,3828,0,8.96343670369242
"9922","weekly",6083,3829,0,8.9356465676392
"9923","weekly",6083,3830,0,8.90469507849775
"9924","weekly",6083,3831,0,8.88254393060924
"9925","weekly",6083,3832,0,8.88237436447525
"9926","weekly",6083,3833,0,8.91648503529723
"9927","weekly",6083,3834,0,8.99447483127005
"9928","weekly",6083,3835,0,9.12182044511428
"9929","weekly",6083,3836,0,9.29886209801771
"9930","weekly",6083,3837,0,9.52021684523788
"9931","weekly",6083,3838,0,9.77472588635283
"9932","weekly",6083,3839,0,10.0461385152012
"9933","weekly",6083,3840,0,10.314584015141
"9934","weekly",6083,3841,0,10.5595227813756
"9935","weekly",6083,3842,0,10.7631691747811
"9936","weekly",6083,3843,0,10.9136999520124
"9937","weekly",6083,3844,0,11.0081934835471
"9938","weekly",6083,3845,0,11.0539040672302
"9939","weekly",6083,3846,0,11.0676651427348
"9940","weekly",6083,3847,0,11.0736449873366
"9941","weekly",6083,3848,0,11.1001310402353
"9942","weekly",6083,3849,0,11.176135813992
"9943","weekly",6083,3850,0,11.3283888220321
"9944","weekly",6083,3851,0,11.5788713702641
"9945","weekly",6083,3852,0,11.9426853609912
"9946","weekly",6083,3853,0,12.4258888189797
"9947","weekly",6083,3854,0,13.0230521021585
"9948","weekly",6083,3855,0,13.7146807244571
"9949","weekly",6083,3856,0,14.4652235684916
"9950","weekly",6083,3857,0,15.2229339260375
"9951","weekly",6083,3858,0,15.9230367920536
"9952","weekly",6083,3859,0,16.4951086126675
"9953","weekly",6083,3860,0,16.874165414134
"9954","weekly",6083,3861,0,17.0130985630385
"9955","weekly",6083,3862,0,16.8927642828785
"9956","weekly",6083,3863,0,16.5262204925239
"9957","weekly",6083,3864,0,15.9555385384301
"9958","weekly",6083,3865,0,15.2423923455062
"9959","weekly",6083,3866,0,14.4557494390465
"9960","weekly",6083,3867,0,13.660429831245
"9961","weekly",6083,3868,0,12.909141195647
"9962","weekly",6083,3869,0,12.2387726447487
"9963","weekly",6083,3870,0,11.6702362361248
"9964","weekly",6083,3871,0,11.2104765605472
"9965","weekly",6083,3872,0,10.8553501909191
"9966","weekly",6083,3873,0,10.5925519041193
"9967","weekly",6083,3874,0,10.4042843889329
"9968","weekly",6083,3875,0,10.2697220009577
"9969","weekly",6083,3876,0,10.1674346177024
"9970","weekly",6083,3877,0,10.077839968435
"9971","weekly",6083,3878,0,9.98553483063006
"9972","weekly",6083,3879,0,9.88115224192734
"9973","weekly",6083,3880,0,9.76233361163759
"9974","weekly",6083,3881,0,9.63355019682785
"9975","weekly",6083,3882,0,9.50480228930246
"9976","weekly",6083,3883,0,9.38965659108362
"9977","weekly",6083,3884,0,9.30256271181861
"9978","weekly",6083,3885,0,9.25660106484429
"9979","weekly",6083,3886,0,9.26190412239521
"9980","weekly",6083,3887,0,9.32415431516711
"9981","weekly",6083,3888,0,9.44367610639893
"9982","weekly",6083,3889,0,9.6149412766099
"9983","weekly",6083,3890,0,9.82655018186779
"9984","weekly",6083,3891,0,10.0618732031144
"9985","weekly",6083,3892,0,10.3005793967168
"9986","weekly",6083,3893,0,10.5211595987785
"9987","weekly",6083,3894,0,10.7042527054145
"9988","weekly",6083,3895,0,10.8362012426078
"9989","weekly",6083,3896,0,10.9119885248074
"9990","weekly",6083,3897,0,10.9367376267328
"9991","weekly",6083,3898,0,10.9253356722766
"9992","weekly",6083,3899,0,10.9003297094023
"9993","weekly",6083,3900,0,10.8887366735144
"9994","weekly",6083,3901,0,10.9185857909615
"9995","weekly",6083,3902,0,11.0158269587555
"9996","weekly",6083,3903,0,11.2018436721992
"9997","weekly",6083,3904,0,11.4914276290219
"9998","weekly",6083,3905,0,11.8908794290328
"9999","weekly",6083,3906,0,12.3959727903421
"10000","weekly",6083,3907,0,12.9898474212096
"10001","weekly",6083,3908,0,13.6413914317091
"10002","weekly",6083,3909,0,14.3051580472675
"10003","weekly",6083,3910,0,14.9240482363675
"10004","weekly",6083,3911,0,15.4355683063914
"10005","weekly",6083,3912,0,15.7813168961147
"10006","weekly",6083,3913,0,15.9177899509668
"10007","weekly",6083,3914,0,15.8254052286502
"10008","weekly",6083,3915,0,15.5126915878209
"10009","weekly",6083,3916,0,15.014118290128
"10010","weekly",6083,3917,0,14.3823711598525
"10011","weekly",6083,3918,0,13.6777795849193
"10012","weekly",6083,3919,0,12.9581342671881
"10013","weekly",6083,3920,0,12.2712811874808
"10014","weekly",6083,3921,0,11.6513585792563
"10015","weekly",6083,3922,0,11.1182182687044
"10016","weekly",6083,3923,0,10.6789177297032
"10017","weekly",6083,3924,0,10.3301632983494
"10018","weekly",6083,3925,0,10.0609504399181
"10019","weekly",6083,3926,0,9.85509250123869
"10020","weekly",6083,3927,0,9.69363266791333
"10021","weekly",6083,3928,0,9.55723087550723
"10022","weekly",6083,3929,0,9.42853195095086
"10023","weekly",6083,3930,0,9.2943346000684
"10024","weekly",6083,3931,0,9.14722101937514
"10025","weekly",6083,3932,0,8.98628827321227
"10026","weekly",6083,3933,0,8.81678633703268
"10027","weekly",6083,3934,0,8.64874928270001
"10028","weekly",6083,3935,0,8.49496836817707
"10029","weekly",6083,3936,0,8.36863637095666
"10030","weekly",6083,3937,0,8.28161607545917
"10031","weekly",6083,3938,0,8.24287617212394
"10032","weekly",6083,3939,0,8.25713982866728
"10033","weekly",6083,3940,0,8.32434093326447
"10034","weekly",6083,3941,0,8.43929291365203
"10035","weekly",6083,3942,0,8.59173497106531
"10036","weekly",6083,3943,0,8.76690158329438
"10037","weekly",6083,3944,0,8.94680952618364
"10038","weekly",6083,3945,0,9.11236779062892
"10039","weekly",6083,3946,0,9.24617259472143
"10040","weekly",6083,3947,0,9.33552631828934
"10041","weekly",6083,3948,0,9.37497440635343
"10042","weekly",6083,3949,0,9.36765466697398
"10043","weekly",6083,3950,0,9.32505687497905
"10044","weekly",6083,3951,0,9.26527995313518
"10045","weekly",6083,3952,0,9.21031263613258
"10046","weekly",6083,3953,0,9.18304481063387
"10047","weekly",6083,3954,0,9.20459030781058
"10048","weekly",6083,3955,0,9.29218282314832
"10049","weekly",6083,3956,0,9.45758107039728
"10050","weekly",6083,3957,0,9.70573744436842
"10051","weekly",6083,3958,0,10.033510769601
"10052","weekly",6083,3959,0,10.4284236417734
"10053","weekly",6083,3960,0,10.8678042273095
"10054","weekly",6083,3961,0,11.3189786453731
"10055","weekly",6083,3962,0,11.7413028379669
"10056","weekly",6083,3963,0,12.0905452209699
"10057","weekly",6083,3964,0,12.3253824920685
"10058","weekly",6083,3965,0,12.4147583109734
"10059","weekly",6083,3966,0,12.3440777978976
"10060","weekly",6083,3967,0,12.118212589121
"10061","weekly",6083,3968,0,11.7602508185955
"10062","weekly",6083,3969,0,11.3064344524464
"10063","weekly",6083,3970,0,10.7990045662154
"10064","weekly",6083,3971,0,10.2791048877698
"10065","weekly",6083,3972,0,9.78140755544882
"10066","weekly",6083,3973,0,9.33115435560467
"10067","weekly",6083,3974,0,8.94340876705246
"10068","weekly",6083,3975,0,8.623827109579
"10069","weekly",6083,3976,0,8.37020415448933
"10070","weekly",6083,3977,0,8.17428244359326
"10071","weekly",6083,3978,0,8.02359445785987
"10072","weekly",6083,3979,0,7.90331760095432
"10073","weekly",6083,3980,0,7.79828388852184
"10074","weekly",6083,3981,0,7.69474246440222
"10075","weekly",6083,3982,0,7.58218702388695
"10076","weekly",6083,3983,0,7.45492466134601
"10077","weekly",6083,3984,0,7.31260966841364
"10078","weekly",6083,3985,0,7.15995877908426
"10079","weekly",6083,3986,0,7.00561920320615
"10080","weekly",6083,3987,0,6.86048303826828
"10081","weekly",6083,3988,0,6.73584447044414
"10082","weekly",6083,3989,0,6.64174574956996
"10083","weekly",6083,3990,0,6.58570501705981
"10084","weekly",6083,3991,0,6.57185547871632
"10085","weekly",6083,3992,0,6.60042797264759
"10086","weekly",6083,3993,0,6.66750709878397
"10087","weekly",6083,3994,0,6.76506546791643
"10088","weekly",6083,3995,0,6.88137859525159
"10089","weekly",6083,3996,0,7.0019769622304
"10090","weekly",6083,3997,0,7.11124144482892
"10091","weekly",6083,3998,0,7.19457127325586
"10092","weekly",6083,3999,0,7.24079675681423
"10093","weekly",6083,4000,0,7.24429135140963
"10094","weekly",6083,4001,0,7.20619907494984
"10095","weekly",6083,4002,0,7.13440182406339
"10096","weekly",6083,4003,0,7.04223639779957
"10097","weekly",6083,4004,0,6.94635036523687
"10098","weekly",6083,4005,0,6.86427791332244
"10099","weekly",6083,4006,0,6.81225474772509
"10100","weekly",6083,4007,0,6.80354908108711
"10101","weekly",6083,4008,0,6.84731130572618
"10102","weekly",6083,4009,0,6.9477666997409
"10103","weekly",6083,4010,0,7.10355220237398
"10104","weekly",6083,4011,0,7.30712094143382
"10105","weekly",6083,4012,0,7.54435291310074
"10106","weekly",6083,4013,0,7.79473078154842
"10107","weekly",6083,4014,0,8.03255085629644
"10108","weekly",6083,4015,0,8.2295196436753
"10109","weekly",6083,4016,0,8.35867713936022
"10110","weekly",6083,4017,0,8.39898393777548
"10111","weekly",6083,4018,0,8.33938716910779
"10112","weekly",6083,4019,0,8.18108023796231
"10113","weekly",6083,4020,0,7.9371596146666
"10114","weekly",6083,4021,0,7.62977814127225
"10115","weekly",6083,4022,0,7.28574700240279
"10116","weekly",6083,4023,0,6.93192411930067
"10117","weekly",6083,4024,0,6.5915260623151
"10118","weekly",6083,4025,0,6.28192877818947
"10119","weekly",6083,4026,0,6.01392768221558
"10120","weekly",6083,4027,0,5.79206024031737
"10121","weekly",6083,4028,0,5.61551184253767
"10122","weekly",6083,4029,0,5.4792429022491
"10123","weekly",6083,4030,0,5.37516186857829
"10124","weekly",6083,4031,0,5.29332103085471
"10125","weekly",6083,4032,0,5.22317436165758
"10126","weekly",6083,4033,0,5.15482301005977
"10127","weekly",6083,4034,0,5.08046336987172
"10128","weekly",6083,4035,0,4.99544822910684
"10129","weekly",6083,4036,0,4.89873093957431
"10130","weekly",6083,4037,0,4.79291323752841
"10131","weekly",6083,4038,0,4.68359160132241
"10132","weekly",6083,4039,0,4.57825048814993
"10133","weekly",6083,4040,0,4.48497633417719
"10134","weekly",6083,4041,0,4.41125648620073
"10135","weekly",6083,4042,0,4.36302866897313
"10136","weekly",6083,4043,0,4.34402220783522
"10137","weekly",6083,4044,0,4.35534424619982
"10138","weekly",6083,4045,0,4.39524460938992
"10139","weekly",6083,4046,0,4.45903770410223
"10140","weekly",6083,4047,0,4.5392377578537
"10141","weekly",6083,4048,0,4.62602828760282
"10142","weekly",6083,4049,0,4.70818837641855
"10143","weekly",6083,4050,0,4.77450364013202
"10144","weekly",6083,4051,0,4.81550800113473
"10145","weekly",6083,4052,0,4.82520327580278
"10146","weekly",6083,4053,0,4.80229838503874
"10147","weekly",6083,4054,0,4.7505877239164
"10148","weekly",6083,4055,0,4.67834390432108
"10149","weekly",6083,4056,0,4.59691850081435
"10150","weekly",6083,4057,0,4.5189672462875
"10151","weekly",6083,4058,0,4.45674482922186
"10152","weekly",6083,4059,0,4.42076607258059
"10153","weekly",6083,4060,0,4.41890845500166
"10154","weekly",6083,4061,0,4.45585016603582
"10155","weekly",6083,4062,0,4.53266555574373
"10156","weekly",6083,4063,0,4.64644549367949
"10157","weekly",6083,4064,0,4.78994465700816
"10158","weekly",6083,4065,0,4.95143046820886
"10159","weekly",6083,4066,0,5.11504918482387
"10160","weekly",6083,4067,0,5.26204554509604
"10161","weekly",6083,4068,0,5.37299595910008
"10162","weekly",6083,4069,0,5.43083835343714
"10163","weekly",6083,4070,0,5.42403529267176
"10164","weekly",6083,4071,0,5.34893526436645
"10165","weekly",6083,4072,0,5.21051833912497
"10166","weekly",6083,4073,0,5.02123951719841
"10167","weekly",6083,4074,0,4.79836704288027
"10168","weekly",6083,4075,0,4.56069517272408
"10169","weekly",6083,4076,0,4.32563635869883
"10170","weekly",6083,4077,0,4.10703704884509
"10171","weekly",6083,4078,0,3.91425428231014
"10172","weekly",6083,4079,0,3.75211082398891
"10173","weekly",6083,4080,0,3.62159135515685
"10174","weekly",6083,4081,0,3.52057644736487
"10175","weekly",6083,4082,0,3.44448381205439
"10176","weekly",6083,4083,0,3.38708297867561
"10177","weekly",6083,4084,0,3.34133371413918
"10178","weekly",6083,4085,0,3.30026346814702
"10179","weekly",6083,4086,0,3.25786999191041
"10180","weekly",6083,4087,0,3.20994724732009
"10181","weekly",6083,4088,0,3.15467349742539
"10182","weekly",6083,4089,0,3.09281149733579
"10183","weekly",6083,4090,0,3.02745935416897
"10184","weekly",6083,4091,0,2.96341833137558
"10185","weekly",6083,4092,0,2.90634662387311
"10186","weekly",6083,4093,0,2.86189707973972
"10187","weekly",6083,4094,0,2.8349875882268
"10188","weekly",6083,4095,0,2.82926235327614
"10189","weekly",6083,4096,0,2.84672093961854
"10190","weekly",6083,4097,0,2.8874556600058
"10191","weekly",6083,4098,0,2.94945638880017
"10192","weekly",6083,4099,0,3.02850218827371
"10193","weekly",6083,4100,0,3.11823218408972
"10194","weekly",6083,4101,0,3.2105340717244
"10195","weekly",6083,4102,0,3.29636557743652
"10196","weekly",6083,4103,0,3.36700862235739
"10197","weekly",6083,4104,0,3.41557087714318
"10198","weekly",6083,4105,0,3.43837643382722
"10199","weekly",6083,4106,0,3.435834566626
"10200","weekly",6083,4107,0,3.41250531506375
"10201","weekly",6083,4108,0,3.37634941874421
"10202","weekly",6083,4109,0,3.33742233377416
"10203","weekly",6083,4110,0,3.30640857090475
"10204","weekly",6083,4111,0,3.29334262973862
"10205","weekly",6083,4112,0,3.30668376979884
"10206","weekly",6083,4113,0,3.35271355792065
"10207","weekly",6083,4114,0,3.43509797315346
"10208","weekly",6083,4115,0,3.55443753107102
"10209","weekly",6083,4116,0,3.70771402027458
"10210","weekly",6083,4117,0,3.88770353968721
"10211","weekly",6083,4118,0,4.08261728598154
"10212","weekly",6083,4119,0,4.27637822920224
"10213","weekly",6083,4120,0,4.4499360435002
"10214","weekly",6083,4121,0,4.58377093667514
"10215","weekly",6083,4122,0,4.66125320509309
"10216","weekly",6083,4123,0,4.67200311506167
"10217","weekly",6083,4124,0,4.61415268183919
"10218","weekly",6083,4125,0,4.49467835284304
"10219","weekly",6083,4126,0,4.32768059021328
"10220","weekly",6083,4127,0,4.13125878601568
"10221","weekly",6083,4128,0,3.92404896853259
"10222","weekly",6083,4129,0,3.7223358018382
"10223","weekly",6083,4130,0,3.53846913500456
"10224","weekly",6083,4131,0,3.38029079695116
"10225","weekly",6083,4132,0,3.25127892821911
"10226","weekly",6083,4133,0,3.15127743221819
"10227","weekly",6083,4134,0,3.0772990459518
"10228","weekly",6083,4135,0,3.02432265729294
"10229","weekly",6083,4136,0,2.98607702954905
"10230","weekly",6083,4137,0,2.95585821746499
"10231","weekly",6083,4138,0,2.92740403785137
"10232","weekly",6083,4139,0,2.89577045515762
"10233","weekly",6083,4140,0,2.85807075619232
"10234","weekly",6083,4141,0,2.81390521011781
"10235","weekly",6083,4142,0,2.76535983121721
"10236","weekly",6083,4143,0,2.71657251490979
"10237","weekly",6083,4144,0,2.67299329015077
"10238","weekly",6083,4145,0,2.64053600133047
"10239","weekly",6083,4146,0,2.62480135232909
"10240","weekly",6083,4147,0,2.63046748100896
"10241","weekly",6083,4148,0,2.66084628403769
"10242","weekly",6083,4149,0,2.71754045315902
"10243","weekly",6083,4150,0,2.80013224264258
"10244","weekly",6083,4151,0,2.90588911849773
"10245","weekly",6083,4152,0,3.02956272830488
"10246","weekly",6083,4153,0,3.16344830818707
"10247","weekly",6083,4154,0,3.29790881049121
"10248","weekly",6083,4155,0,3.42249813763192
"10249","weekly",6083,4156,0,3.52762293981505
"10250","weekly",6083,4157,0,3.60642077602097
"10251","weekly",6083,4158,0,3.65633907698793
"10252","weekly",6083,4159,0,3.67991395859281
"10253","weekly",6083,4160,0,3.68450508534443
"10254","weekly",6083,4161,0,3.68112091821968
"10255","weekly",6083,4162,0,3.68276229812182
"10256","weekly",6083,4163,0,3.70277550956234
"10257","weekly",6083,4164,0,3.75354244527989
"10258","weekly",6083,4165,0,3.84556826163316
"10259","weekly",6083,4166,0,3.9867981809075
"10260","weekly",6083,4167,0,4.18189166582306
"10261","weekly",6083,4168,0,4.43122826161562
"10262","weekly",6083,4169,0,4.72960631665774
"10263","weekly",6083,4170,0,5.06489595392486
"10264","weekly",6083,4171,0,5.41724819215597
"10265","weekly",6083,4172,0,5.75968469784129
"10266","weekly",6083,4173,0,6.06084620655747
"10267","weekly",6083,4174,0,6.28967211890267
"10268","weekly",6083,4175,0,6.42143898966606
"10269","weekly",6083,4176,0,6.44336626632139
"10270","weekly",6083,4177,0,6.35741404540022
"10271","weekly",6083,4178,0,6.17948652783525
"10272","weekly",6083,4179,0,5.93534893085598
"10273","weekly",6083,4180,0,5.6548675930826
"10274","weekly",6083,4181,0,5.36651323846309
"10275","weekly",6083,4182,0,5.09349781560013
"10276","weekly",6083,4183,0,4.851960995642
"10277","weekly",6083,4184,0,4.65084768383531
"10278","weekly",6083,4185,0,4.49279175815172
"10279","weekly",6083,4186,0,4.37538910354488
"10280","weekly",6083,4187,0,4.29250055670855
"10281","weekly",6083,4188,0,4.23548839223804
"10282","weekly",6083,4189,0,4.19444830811699
"10283","weekly",6083,4190,0,4.15951801114716
"10284","weekly",6083,4191,0,4.12224642874207
"10285","weekly",6083,4192,0,4.07686099343118
"10286","weekly",6083,4193,0,4.02116826706333
"10287","weekly",6083,4194,0,3.95684384784545
"10288","weekly",6083,4195,0,3.88902220668388
"10289","weekly",6083,4196,0,3.82531195308547
"10290","weekly",6083,4197,0,3.77452181983972
"10291","weekly",6083,4198,0,3.74540812961641
"10292","weekly",6083,4199,0,3.74565060145687
"10293","weekly",6083,4200,0,3.78110377115081
"10294","weekly",6083,4201,0,3.85524335855735
"10295","weekly",6083,4202,0,3.96868578754948
"10296","weekly",6083,4203,0,4.11871582173626
"10297","weekly",6083,4204,0,4.2988882526115
"10298","weekly",6083,4205,0,4.4989239424176
"10299","weekly",6083,4206,0,4.70522090248414
"10300","weekly",6083,4207,0,4.90225633943919
"10301","weekly",6083,4208,0,5.07490852827323
"10302","weekly",6083,4209,0,5.21132632601075
"10303","weekly",6083,4210,0,5.30560478626285
"10304","weekly",6083,4211,0,5.35943029154441
"10305","weekly",6083,4212,0,5.38216160977026
"10306","weekly",6083,4213,0,5.38938880176283
"10307","weekly",6083,4214,0,5.4005445218354
"10308","weekly",6083,4215,0,5.43634844777989
"10309","weekly",6083,4216,0,5.51668363492354
"10310","weekly",6083,4217,0,5.65909489439218
"10311","weekly",6083,4218,0,5.87769860873232
"10312","weekly",6083,4219,0,6.18206626240863
"10313","weekly",6083,4220,0,6.57565205552964
"10314","weekly",6083,4221,0,7.05358164111385
"10315","weekly",6083,4222,0,7.6000845679373
"10316","weekly",6083,4223,0,8.18645851628389
"10317","weekly",6083,4224,0,8.77097384820809
"10318","weekly",6083,4225,0,9.30216513952473
"10319","weekly",6083,4226,0,9.72596052245353
"10320","weekly",6083,4227,0,9.9962013149634
"10321","weekly",6083,4228,0,10.0849066780647
"10322","weekly",6083,4229,0,9.98852833046112
"10323","weekly",6083,4230,0,9.72845961872372
"10324","weekly",6083,4231,0,9.34515211850521
"10325","weekly",6083,4232,0,8.88845311003388
"10326","weekly",6083,4233,0,8.40767363106715
"10327","weekly",6083,4234,0,7.94417445315048
"10328","weekly",6083,4235,0,7.52757459727582
"10329","weekly",6083,4236,0,7.17514821139048
"10330","weekly",6083,4237,0,6.89321424689842
"10331","weekly",6083,4238,0,6.67933499201899
"10332","weekly",6083,4239,0,6.52457315349602
"10333","weekly",6083,4240,0,6.41555097693345
"10334","weekly",6083,4241,0,6.33639002285781
"10335","weekly",6083,4242,0,6.27070948338951
"10336","weekly",6083,4243,0,6.20374489299138
"10337","weekly",6083,4244,0,6.12441129944636
"10338","weekly",6083,4245,0,6.02692225473584
"10339","weekly",6083,4246,0,5.91153458398185
"10340","weekly",6083,4247,0,5.78417857899331
"10341","weekly",6083,4248,0,5.65507268384681
"10342","weekly",6083,4249,0,5.53672951969202
"10343","weekly",6083,4250,0,5.44187599449651
"10344","weekly",6083,4251,0,5.38169943747926
"10345","weekly",6083,4252,0,5.36458997250884
"10346","weekly",6083,4253,0,5.39532150386367
"10347","weekly",6083,4254,0,5.47450482315617
"10348","weekly",6083,4255,0,5.59818538671243
"10349","weekly",6083,4256,0,5.75760997622274
"10350","weekly",6083,4257,0,5.93937462836038
"10351","weekly",6083,4258,0,6.12628853184287
"10352","weekly",6083,4259,0,6.29923712657182
"10353","weekly",6083,4260,0,6.44004173821304
"10354","weekly",6083,4261,0,6.5348553089425
"10355","weekly",6083,4262,0,6.57722092710901
"10356","weekly",6083,4263,0,6.56982967996737
"10357","weekly",6083,4264,0,6.52438567765057
"10358","weekly",6083,4265,0,6.45966989535373
"10359","weekly",6083,4266,0,6.39852118238923
"10360","weekly",6083,4267,0,6.36468961165519
"10361","weekly",6083,4268,0,6.38029286052915
"10362","weekly",6083,4269,0,6.46422238752712
"10363","weekly",6083,4270,0,6.63083827323862
"10364","weekly",6083,4271,0,6.8889781900798
"10365","weekly",6083,4272,0,7.2407954451628
"10366","weekly",6083,4273,0,7.6796640655084
"10367","weekly",6083,4274,0,8.1878452716046
"10368","weekly",6083,4275,0,8.73468224616954
"10369","weekly",6083,4276,0,9.27671829404426
"10370","weekly",6083,4277,0,9.76117180057918
"10371","weekly",6083,4278,0,10.1333757441025
"10372","weekly",6083,4279,0,10.3471040502773
"10373","weekly",6083,4280,0,10.3748708861822
"10374","weekly",6083,4281,0,10.2144997145515
"10375","weekly",6083,4282,0,9.8893428009178
"10376","weekly",6083,4283,0,9.44210481038317
"10377","weekly",6083,4284,0,8.92479873262346
"10378","weekly",6083,4285,0,8.38846674686647
"10379","weekly",6083,4286,0,7.87556813369156
"10380","weekly",6083,4287,0,7.41618195350748
"10381","weekly",6083,4288,0,7.0275496354443
"10382","weekly",6083,4289,0,6.71567241993034
"10383","weekly",6083,4290,0,6.47768796148011
"10384","weekly",6083,4291,0,6.3042125000502
"10385","weekly",6083,4292,0,6.18136869501905
"10386","weekly",6083,4293,0,6.09259578422643
"10387","weekly",6083,4294,0,6.02047657500952
"10388","weekly",6083,4295,0,5.94872619342641
"10389","weekly",6083,4296,0,5.86424749309663
"10390","weekly",6083,4297,0,5.75890237349086
"10391","weekly",6083,4298,0,5.63053384009982
"10392","weekly",6083,4299,0,5.48289781878702
"10393","weekly",6083,4300,0,5.32448757285601
"10394","weekly",6083,4301,0,5.16658911926788
"10395","weekly",6083,4302,0,5.02110450249165
"10396","weekly",6083,4303,0,4.89863810088718
"10397","weekly",6083,4304,0,4.80712289881194
"10398","weekly",6083,4305,0,4.75101346551673
"10399","weekly",6083,4306,0,4.73091488034697
"10400","weekly",6083,4307,0,4.74349882011302
"10401","weekly",6083,4308,0,4.78165140116471
"10402","weekly",6083,4309,0,4.83493077024468
"10403","weekly",6083,4310,0,4.89050006662728
"10404","weekly",6083,4311,0,4.93466734181857
"10405","weekly",6083,4312,0,4.95497651086771
"10406","weekly",6083,4313,0,4.94250543997623
"10407","weekly",6083,4314,0,4.89378566370578
"10408","weekly",6083,4315,0,4.81173716069316
"10409","weekly",6083,4316,0,4.70528667650069
"10410","weekly",6083,4317,0,4.58779932846664
"10411","weekly",6083,4318,0,4.47485616244376
"10412","weekly",6083,4319,0,4.38204359513475
"10413","weekly",6083,4320,0,4.3232481990708
"10414","weekly",6083,4321,0,4.30960965756094
"10415","weekly",6083,4322,0,4.34888746813522
"10416","weekly",6083,4323,0,4.4452151239966
"10417","weekly",6083,4324,0,4.5985514127533
"10418","weekly",6083,4325,0,4.80366023402894
"10419","weekly",6083,4326,0,5.04913001181558
"10420","weekly",6083,4327,0,5.31660187579109
"10421","weekly",6083,4328,0,5.58102133838111
"10422","weekly",6083,4329,0,5.8126666554308
"10423","weekly",6083,4330,0,5.98126410029363
"10424","weekly",6083,4331,0,6.06160628559883
"10425","weekly",6083,4332,0,6.03911265006172
"10426","weekly",6083,4333,0,5.91334133781493
"10427","weekly",6083,4334,0,5.69802918873029
"10428","weekly",6083,4335,0,5.41761941459845
"10429","weekly",6083,4336,0,5.10164873179747
"10430","weekly",6083,4337,0,4.7789972955652
"10431","weekly",6083,4338,0,4.47362581163179
"10432","weekly",6083,4339,0,4.20245697186328
"10433","weekly",6083,4340,0,3.97514171243529
"10434","weekly",6083,4341,0,3.79498103848891
"10435","weekly",6083,4342,0,3.66026597554446
"10436","weekly",6083,4343,0,3.56556041387375
"10437","weekly",6083,4344,0,3.50276361385477
"10438","weekly",6083,4345,0,3.46202023595106
"10439","weekly",6083,4346,0,3.43264698903658
"10440","weekly",6083,4347,0,3.40421095438069
"10441","weekly",6083,4348,0,3.36775518854847
"10442","weekly",6083,4349,0,3.31698914250592
"10443","weekly",6083,4350,0,3.24914141360205
"10444","weekly",6083,4351,0,3.16519391309703
"10445","weekly",6083,4352,0,3.06939047001651
"10446","weekly",6083,4353,0,2.96815506415442
"10447","weekly",6083,4354,0,2.86873564400594
"10448","weekly",6083,4355,0,2.77792184703867
"10449","weekly",6083,4356,0,2.70107751642354
"10450","weekly",6083,4357,0,2.64156447697314
"10451","weekly",6083,4358,0,2.60050380969187
"10452","weekly",6083,4359,0,2.57677270990098
"10453","weekly",6083,4360,0,2.56716375760152
"10454","weekly",6083,4361,0,2.56670020782622
"10455","weekly",6083,4362,0,2.56915651712916
"10456","weekly",6083,4363,0,2.56783539161552
"10457","weekly",6083,4364,0,2.55658136421698
"10458","weekly",6083,4365,0,2.53088580034091
"10459","weekly",6083,4366,0,2.48885377772967
"10460","weekly",6083,4367,0,2.43162338706315
"10461","weekly",6083,4368,0,2.36323206932866
"10462","weekly",6083,4369,0,2.28996031029965
"10463","weekly",6083,4370,0,2.21923557113041
"10464","weekly",6083,4371,0,2.15854741702788
"10465","weekly",6083,4372,0,2.11459548317362
"10466","weekly",6083,4373,0,2.09276681704796
"10467","weekly",6083,4374,0,2.09687976934947
"10468","weekly",6083,4375,0,2.12903795347665
"10469","weekly",6083,4376,0,2.18943021463929
"10470","weekly",6083,4377,0,2.27598033766844
"10471","weekly",6083,4378,0,2.38387413087185
"10472","weekly",6083,4379,0,2.50514736660989
"10473","weekly",6083,4380,0,2.62865933220019
"10474","weekly",6083,4381,0,2.74081968085375
"10475","weekly",6083,4382,0,2.82728404679801
"10476","weekly",6083,4383,0,2.87545752534061
"10477","weekly",6083,4384,0,2.87717409993638
"10478","weekly",6083,4385,0,2.83063316022162
"10479","weekly",6083,4386,0,2.74082422081847
"10480","weekly",6083,4387,0,2.61825241314364
"10481","weekly",6083,4388,0,2.47647221732768
"10482","weekly",6083,4389,0,2.32933892883011
"10483","weekly",6083,4390,0,2.18881113932002
"10484","weekly",6083,4391,0,2.06372184256907
"10485","weekly",6083,4392,0,1.95947893988341
"10486","weekly",6083,4393,0,1.87838070438011
"10487","weekly",6083,4394,0,1.82018666874501
"10488","weekly",6083,4395,0,1.7826893455931
"10489","weekly",6083,4396,0,1.76218406975386
"10490","weekly",6083,4397,0,1.75386169427657
"10491","weekly",6083,4398,0,1.75221739930566
"10492","weekly",6083,4399,0,1.75156815213268
"10493","weekly",6083,4400,0,1.746706229751
"10494","weekly",6083,4401,0,1.73361252775067
"10495","weekly",6083,4402,0,1.71006164181745
"10496","weekly",6083,4403,0,1.67592837687698
"10497","weekly",6083,4404,0,1.63307951093884
"10498","weekly",6083,4405,0,1.58487456888543
"10499","weekly",6083,4406,0,1.53543032967718
"10500","weekly",6083,4407,0,1.48885790014174
"10501","weekly",6083,4408,0,1.44864254759159
"10502","weekly",6083,4409,0,1.41724368973519
"10503","weekly",6083,4410,0,1.3959033190622
"10504","weekly",6083,4411,0,1.38460497677443
"10505","weekly",6083,4412,0,1.38212884805398
"10506","weekly",6083,4413,0,1.38618382214918
"10507","weekly",6083,4414,0,1.39363677325309
"10508","weekly",6083,4415,0,1.40087617872632
"10509","weekly",6083,4416,0,1.40432396222604
"10510","weekly",6083,4417,0,1.40104721757234
"10511","weekly",6083,4418,0,1.38934714451898
"10512","weekly",6083,4419,0,1.36914397310466
"10513","weekly",6083,4420,0,1.34209908594494
"10514","weekly",6083,4421,0,1.31135285657365
"10515","weekly",6083,4422,0,1.2809725003608
"10516","weekly",6083,4423,0,1.25536803048453
"10517","weekly",6083,4424,0,1.23876724418369
"10518","weekly",6083,4425,0,1.23485481581884
"10519","weekly",6083,4426,0,1.24656701163622
"10520","weekly",6083,4427,0,1.27596237728721
"10521","weekly",6083,4428,0,1.32406417399761
"10522","weekly",6083,4429,0,1.39059385107248
"10523","weekly",6083,4430,0,1.47358073218493
"10524","weekly",6083,4431,0,1.56893348778249
"10525","weekly",6083,4432,0,1.67017324033077
"10526","weekly",6083,4433,0,1.76860625381232
"10527","weekly",6083,4434,0,1.85417876817519
"10528","weekly",6083,4435,0,1.9170484583301
"10529","weekly",6083,4436,0,1.94956279700273
"10530","weekly",6083,4437,0,1.9480257157993
"10531","weekly",6083,4438,0,1.91358523000963
"10532","weekly",6083,4439,0,1.85188317362918
"10533","weekly",6083,4440,0,1.77162390472949
"10534","weekly",6083,4441,0,1.68263497413136
"10535","weekly",6083,4442,0,1.5940830943
"10536","weekly",6083,4443,0,1.51328549988102
"10537","weekly",6083,4444,0,1.44521487760358
"10538","weekly",6083,4445,0,1.39253603402176
"10539","weekly",6083,4446,0,1.35591865939205
"10540","weekly",6083,4447,0,1.33441322375438
"10541","weekly",6083,4448,0,1.32578155605006
"10542","weekly",6083,4449,0,1.32677704046364
"10543","weekly",6083,4450,0,1.33343632274773
"10544","weekly",6083,4451,0,1.34145940089365
"10545","weekly",6083,4452,0,1.34671535206144
"10546","weekly",6083,4453,0,1.34583105292404
"10547","weekly",6083,4454,0,1.33673705838737
"10548","weekly",6083,4455,0,1.31900807254715
"10549","weekly",6083,4456,0,1.29387791996123
"10550","weekly",6083,4457,0,1.26391723667621
"10551","weekly",6083,4458,0,1.23247889554477
"10552","weekly",6083,4459,0,1.20307865602081
"10553","weekly",6083,4460,0,1.17886182808434
"10554","weekly",6083,4461,0,1.16223513483419
"10555","weekly",6083,4462,0,1.15468337768107
"10556","weekly",6083,4463,0,1.15664990266669
"10557","weekly",6083,4464,0,1.16752696278854
"10558","weekly",6083,4465,0,1.18573355671833
"10559","weekly",6083,4466,0,1.20880795019912
"10560","weekly",6083,4467,0,1.2336384136288
"10561","weekly",6083,4468,0,1.25685314659495
"10562","weekly",6083,4469,0,1.27536052968935
"10563","weekly",6083,4470,0,1.28695370585774
"10564","weekly",6083,4471,0,1.29082836679299
"10565","weekly",6083,4472,0,1.28785621162388
"10566","weekly",6083,4473,0,1.28052805140032
"10567","weekly",6083,4474,0,1.27259929938009
"10568","weekly",6083,4475,0,1.26857167520211
"10569","weekly",6083,4476,0,1.2731744076882
"10570","weekly",6083,4477,0,1.29095871376921
"10571","weekly",6083,4478,0,1.32602705503814
"10572","weekly",6083,4479,0,1.38183171136188
"10573","weekly",6083,4480,0,1.46092800426413
"10574","weekly",6083,4481,0,1.56456877899473
"10575","weekly",6083,4482,0,1.69208333760616
"10576","weekly",6083,4483,0,1.84009994548978
"10577","weekly",6083,4484,0,2.00183695921442
"10578","weekly",6083,4485,0,2.16685187019175
"10579","weekly",6083,4486,0,2.32168954404187
"10580","weekly",6083,4487,0,2.45168248162372
"10581","weekly",6083,4488,0,2.5436962810345
"10582","weekly",6083,4489,0,2.58906184203806
"10583","weekly",6083,4490,0,2.58564231780474
"10584","weekly",6083,4491,0,2.53822115508956
"10585","weekly",6083,4492,0,2.45709625232848
"10586","weekly",6083,4493,0,2.3555099486839
"10587","weekly",6083,4494,0,2.24689761456102
"10588","weekly",6083,4495,0,2.14277072920231
"10589","weekly",6083,4496,0,2.05158007139107
"10590","weekly",6083,4497,0,1.97845684061758
"10591","weekly",6083,4498,0,1.92550078599015
"10592","weekly",6083,4499,0,1.89228250386077
"10593","weekly",6083,4500,0,1.87635393912205
"10594","weekly",6083,4501,0,1.87371221341891
"10595","weekly",6083,4502,0,1.87927052436862
"10596","weekly",6083,4503,0,1.88742554522469
"10597","weekly",6083,4504,0,1.89276840814273
"10598","weekly",6083,4505,0,1.89088664448354
"10599","weekly",6083,4506,0,1.87909767616657
"10600","weekly",6083,4507,0,1.85690650361357
"10601","weekly",6083,4508,0,1.82603422022657
"10602","weekly",6083,4509,0,1.79000314971199
"10603","weekly",6083,4510,0,1.75341494070017
"10604","weekly",6083,4511,0,1.72113857249497
"10605","weekly",6083,4512,0,1.69760324634262
"10606","weekly",6083,4513,0,1.68629747454543
"10607","weekly",6083,4514,0,1.68947297817795
"10608","weekly",6083,4515,0,1.70795732870465
"10609","weekly",6083,4516,0,1.74114114532131
"10610","weekly",6083,4517,0,1.78696200068225
"10611","weekly",6083,4518,0,1.84191935221315
"10612","weekly",6083,4519,0,1.90137120694271
"10613","weekly",6083,4520,0,1.9600699058501
"10614","weekly",6083,4521,0,2.0129801587027
"10615","weekly",6083,4522,0,2.05626509024296
"10616","weekly",6083,4523,0,2.08820586715592
"10617","weekly",6083,4524,0,2.10978551255539
"10618","weekly",6083,4525,0,2.12476129090646
"10619","weekly",6083,4526,0,2.13923595141387
"10620","weekly",6083,4527,0,2.16091446211794
"10621","weekly",6083,4528,0,2.19830319558969
"10622","weekly",6083,4529,0,2.26004625615315
"10623","weekly",6083,4530,0,2.35444706314593
"10624","weekly",6083,4531,0,2.48906914991676
"10625","weekly",6083,4532,0,2.67020731870434
"10626","weekly",6083,4533,0,2.90200012119021
"10627","weekly",6083,4534,0,3.18503944124677
"10628","weekly",6083,4535,0,3.51454794633901
"10629","weekly",6083,4536,0,3.87854213739047
"10630","weekly",6083,4537,0,4.25679038270027
"10631","weekly",6083,4538,0,4.62158290261868
"10632","weekly",6083,4539,0,4.94104683346814
"10633","weekly",6083,4540,0,5.18481844806229
"10634","weekly",6083,4541,0,5.33062799961772
"10635","weekly",6083,4542,0,5.36950795375742
"10636","weekly",6083,4543,0,5.3076057206199
"10637","weekly",6083,4544,0,5.16397715150379
"10638","weekly",6083,4545,0,4.96544093449484
"10639","weekly",6083,4546,0,4.74056611448759
"10640","weekly",6083,4547,0,4.51471163090901
"10641","weekly",6083,4548,0,4.30709956036299
"10642","weekly",6083,4549,0,4.12989037667285
"10643","weekly",6083,4550,0,3.9886343217222
"10644","weekly",6083,4551,0,3.88337841021712
"10645","weekly",6083,4552,0,3.80992926424369
"10646","weekly",6083,4553,0,3.76106991278357
"10647","weekly",6083,4554,0,3.72774831525749
"10648","weekly",6083,4555,0,3.70033271587454
"10649","weekly",6083,4556,0,3.66996602408472
"10650","weekly",6083,4557,0,3.62990400675335
"10651","weekly",6083,4558,0,3.57658457499929
"10652","weekly",6083,4559,0,3.51019412558526
"10653","weekly",6083,4560,0,3.43436864032992
"10654","weekly",6083,4561,0,3.35534837961313
"10655","weekly",6083,4562,0,3.28083066482213
"10656","weekly",6083,4563,0,3.21861370399711
"10657","weekly",6083,4564,0,3.17550751479575
"10658","weekly",6083,4565,0,3.15657641403959
"10659","weekly",6083,4566,0,3.16468457749579
"10660","weekly",6083,4567,0,3.20024536305573
"10661","weekly",6083,4568,0,3.26109432204976
"10662","weekly",6083,4569,0,3.34248898463557
"10663","weekly",6083,4570,0,3.43733638848062
"10664","weekly",6083,4571,0,3.53680325302412
"10665","weekly",6083,4572,0,3.63142093582428
"10666","weekly",6083,4573,0,3.71263942038058
"10667","weekly",6083,4574,0,3.77456012109178
"10668","weekly",6083,4575,0,3.81540354993194
"10669","weekly",6083,4576,0,3.83827133334125
"10670","weekly",6083,4577,0,3.85098162054783
"10671","weekly",6083,4578,0,3.86509222636232
"10672","weekly",6083,4579,0,3.89449348882772
"10673","weekly",6083,4580,0,3.95401342585683
"10674","weekly",6083,4581,0,4.05832356752944
"10675","weekly",6083,4582,0,4.22116909309989
"10676","weekly",6083,4583,0,4.45470045387628
"10677","weekly",6083,4584,0,4.76854185134289
"10678","weekly",6083,4585,0,5.16823569143889
"10679","weekly",6083,4586,0,5.65288119995967
"10680","weekly",6083,4587,0,6.21217070746934
"10681","weekly",6083,4588,0,6.82359945570352
"10682","weekly",6083,4589,0,7.45121221191948
"10683","weekly",6083,4590,0,8.04746982312645
"10684","weekly",6083,4591,0,8.55921687866794
"10685","weekly",6083,4592,0,8.93717383444891
"10686","weekly",6083,4593,0,9.14644104320905
"10687","weekly",6083,4594,0,9.17437062141835
"10688","weekly",6083,4595,0,9.03281300966046
"10689","weekly",6083,4596,0,8.7540333813231
"10690","weekly",6083,4597,0,8.38219154870603
"10691","weekly",6083,4598,0,7.96368332923157
"10692","weekly",6083,4599,0,7.53929785624496
"10693","weekly",6083,4600,0,7.13966489071026
"10694","weekly",6083,4601,0,6.78424369741697
"10695","weekly",6083,4602,0,6.48154250584776
"10696","weekly",6083,4603,0,6.23129278523265
"10697","weekly",6083,4604,0,6.02713729190873
"10698","weekly",6083,4605,0,5.85877817406435
"10699","weekly",6083,4606,0,5.71403645633836
"10700","weekly",6083,4607,0,5.58080317993881
"10701","weekly",6083,4608,0,5.4488318945223
"10702","weekly",6083,4609,0,5.31120393448509
"10703","weekly",6083,4610,0,5.16521916957572
"10704","weekly",6083,4611,0,5.01251231739298
"10705","weekly",6083,4612,0,4.85831295847311
"10706","weekly",6083,4613,0,4.71028068012674
"10707","weekly",6083,4614,0,4.5769601885986
"10708","weekly",6083,4615,0,4.46621993693407
"10709","weekly",6083,4616,0,4.3841825373238
"10710","weekly",6083,4617,0,4.33448107447475
"10711","weekly",6083,4618,0,4.3178406804218
"10712","weekly",6083,4619,0,4.3318951651454
"10713","weekly",6083,4620,0,4.37120085724746
"10714","weekly",6083,4621,0,4.42750333645381
"10715","weekly",6083,4622,0,4.49038563616341
"10716","weekly",6083,4623,0,4.54841715173097
"10717","weekly",6083,4624,0,4.5907959380711
"10718","weekly",6083,4625,0,4.60925819061231
"10719","weekly",6083,4626,0,4.59981737844646
"10720","weekly",6083,4627,0,4.56382896567811
"10721","weekly",6083,4628,0,4.50803893219563
"10722","weekly",6083,4629,0,4.4436156518932
"10723","weekly",6083,4630,0,4.38451266975608
"10724","weekly",6083,4631,0,4.34568157530157
"10725","weekly",6083,4632,0,4.34157889027847
"10726","weekly",6083,4633,0,4.38516105411691
"10727","weekly",6083,4634,0,4.48728025320452
"10728","weekly",6083,4635,0,4.65619892804534
"10729","weekly",6083,4636,0,4.89688325070892
"10730","weekly",6083,4637,0,5.20982006337726
"10731","weekly",6083,4638,0,5.58932210429339
"10732","weekly",6083,4639,0,6.02163133976865
"10733","weekly",6083,4640,0,6.48353891278384
"10734","weekly",6083,4641,0,6.94254401678336
"10735","weekly",6083,4642,0,7.3595028447744
"10736","weekly",6083,4643,0,7.69404944925918
"10737","weekly",6083,4644,0,7.91188454069197
"10738","weekly",6083,4645,0,7.99186153541086
"10739","weekly",6083,4646,0,7.93041612609522
"10740","weekly",6083,4647,0,7.74171303986805
"10741","weekly",6083,4648,0,7.45357104518916
"10742","weekly",6083,4649,0,7.10082358174259
"10743","weekly",6083,4650,0,6.71842761003063
"10744","weekly",6083,4651,0,6.33618379020481
"10745","weekly",6083,4652,0,5.9758754518698
"10746","weekly",6083,4653,0,5.65064323897241
"10747","weekly",6083,4654,0,5.36588215804659
"10748","weekly",6083,4655,0,5.12096770090284
"10749","weekly",6083,4656,0,4.9109508782858
"10750","weekly",6083,4657,0,4.72835257920087
"10751","weekly",6083,4658,0,4.564914039016
"10752","weekly",6083,4659,0,4.41290596444742
"10753","weekly",6083,4660,0,4.26625860284548
"10754","weekly",6083,4661,0,4.12133294894011
"10755","weekly",6083,4662,0,3.9772308569809
"10756","weekly",6083,4663,0,3.83560286782449
"10757","weekly",6083,4664,0,3.70002027449664
"10758","weekly",6083,4665,0,3.57507871103007
"10759","weekly",6083,4666,0,3.46544273127802
"10760","weekly",6083,4667,0,3.37500826668111
"10761","weekly",6083,4668,0,3.30627851933241
"10762","weekly",6083,4669,0,3.25996576694888
"10763","weekly",6083,4670,0,3.2347854601976
"10764","weekly",6083,4671,0,3.22741288479301
"10765","weekly",6083,4672,0,3.23261295611155
"10766","weekly",6083,4673,0,3.24359889156767
"10767","weekly",6083,4674,0,3.25268775279983
"10768","weekly",6083,4675,0,3.25227096062736
"10769","weekly",6083,4676,0,3.236004413513
"10770","weekly",6083,4677,0,3.19998707971536
"10771","weekly",6083,4678,0,3.1436151949456
"10772","weekly",6083,4679,0,3.06984145924798
"10773","weekly",6083,4680,0,2.98474347888259
"10774","weekly",6083,4681,0,2.89653801012901
"10775","weekly",6083,4682,0,2.81434932132834
"10776","weekly",6083,4683,0,2.7470684395812
"10777","weekly",6083,4684,0,2.70252878687461
"10778","weekly",6083,4685,0,2.68704770851764
"10779","weekly",6083,4686,0,2.70523051722557
"10780","weekly",6083,4687,0,2.75985607583425
"10781","weekly",6083,4688,0,2.85166863282211
"10782","weekly",6083,4689,0,2.97897422948154
"10783","weekly",6083,4690,0,3.13706351205474
"10784","weekly",6083,4691,0,3.31763681475422
"10785","weekly",6083,4692,0,3.50855402904563
"10786","weekly",6083,4693,0,3.69429923401913
"10787","weekly",6083,4694,0,3.85744838544633
"10788","weekly",6083,4695,0,3.98111236590194
"10789","weekly",6083,4696,0,4.05187696174835
"10790","weekly",6083,4697,0,4.06239639915293
"10791","weekly",6083,4698,0,4.01276712477556
"10792","weekly",6083,4699,0,3.91020052912063
"10793","weekly",6083,4700,0,3.76714790350525
"10794","weekly",6083,4701,0,3.59856734896312
"10795","weekly",6083,4702,0,3.41919869603589
"10796","weekly",6083,4703,0,3.24151058471762
"10797","weekly",6083,4704,0,3.07459254076821
"10798","weekly",6083,4705,0,2.92391220646095
"10799","weekly",6083,4706,0,2.79167165132822
"10800","weekly",6083,4707,0,2.67747752298601
"10801","weekly",6083,4708,0,2.57906677000574
"10802","weekly",6083,4709,0,2.49317354892264
"10803","weekly",6083,4710,0,2.41623139227158
"10804","weekly",6083,4711,0,2.34489834366832
"10805","weekly",6083,4712,0,2.27660680309054
"10806","weekly",6083,4713,0,2.20989619477768
"10807","weekly",6083,4714,0,2.14453568251338
"10808","weekly",6083,4715,0,2.08142456316273
"10809","weekly",6083,4716,0,2.0223034019873
"10810","weekly",6083,4717,0,1.96934839559253
"10811","weekly",6083,4718,0,1.92473598106881
"10812","weekly",6083,4719,0,1.89024996451917
"10813","weekly",6083,4720,0,1.86697094788542
"10814","weekly",6083,4721,0,1.8550565346377
"10815","weekly",6083,4722,0,1.85360591093195
"10816","weekly",6083,4723,0,1.86060860828729
"10817","weekly",6083,4724,0,1.87299774846178
"10818","weekly",6083,4725,0,1.88684737484436
"10819","weekly",6083,4726,0,1.89775264737546
"10820","weekly",6083,4727,0,1.90139654351515
"10821","weekly",6083,4728,0,1.89423880100367
"10822","weekly",6083,4729,0,1.87418714381056
"10823","weekly",6083,4730,0,1.84107001195662
"10824","weekly",6083,4731,0,1.79676061411737
"10825","weekly",6083,4732,0,1.74490516204969
"10826","weekly",6083,4733,0,1.6903393844841
"10827","weekly",6083,4734,0,1.63837158522801
"10828","weekly",6083,4735,0,1.59412383945892
"10829","weekly",6083,4736,0,1.56205936428159
"10830","weekly",6083,4737,0,1.54572585219285
"10831","weekly",6083,4738,0,1.54765996083734
"10832","weekly",6083,4739,0,1.56935542551219
"10833","weekly",6083,4740,0,1.61119986919221
"10834","weekly",6083,4741,0,1.67232320900075
"10835","weekly",6083,4742,0,1.75036172338878
"10836","weekly",6083,4743,0,1.8412150577642
"10837","weekly",6083,4744,0,1.93894126554369
"10838","weekly",6083,4745,0,2.03596698079491
"10839","weekly",6083,4746,0,2.12374828479369
"10840","weekly",6083,4747,0,2.19388284056913
"10841","weekly",6083,4748,0,2.2394762946351
"10842","weekly",6083,4749,0,2.256396490935
"10843","weekly",6083,4750,0,2.24401582602877
"10844","weekly",6083,4751,0,2.20519263585447
"10845","weekly",6083,4752,0,2.14554814019357
"10846","weekly",6083,4753,0,2.07217161467997
"10847","weekly",6083,4754,0,1.992324481369
"10848","weekly",6083,4755,0,1.91245275686379
"10849","weekly",6083,4756,0,1.83749910353799
"10850","weekly",6083,4757,0,1.7706605528947
"10851","weekly",6083,4758,0,1.71345609152922
"10852","weekly",6083,4759,0,1.66597990115406
"10853","weekly",6083,4760,0,1.62724165592226
"10854","weekly",6083,4761,0,1.59553726101876
"10855","weekly",6083,4762,0,1.5688236078131
"10856","weekly",6083,4763,0,1.54508118075319
"10857","weekly",6083,4764,0,1.52264179612393
"10858","weekly",6083,4765,0,1.50044654242811
"10859","weekly",6083,4766,0,1.47819506766973
"10860","weekly",6083,4767,0,1.45635995169869
"10861","weekly",6083,4768,0,1.43606680477387
"10862","weekly",6083,4769,0,1.4188703430118
"10863","weekly",6083,4770,0,1.40647525092936
"10864","weekly",6083,4771,0,1.40045086594182
"10865","weekly",6083,4772,0,1.40197380099562
"10866","weekly",6083,4773,0,1.4116133498319
"10867","weekly",6083,4774,0,1.42916259358753
"10868","weekly",6083,4775,0,1.45352023627493
"10869","weekly",6083,4776,0,1.48264321967144
"10870","weekly",6083,4777,0,1.51360911133816
"10871","weekly",6083,4778,0,1.54283534476417
"10872","weekly",6083,4779,0,1.56648421319551
"10873","weekly",6083,4780,0,1.58103127416689
"10874","weekly",6083,4781,0,1.58390250001685
"10875","weekly",6083,4782,0,1.57402523272322
"10876","weekly",6083,4783,0,1.55212980741635
"10877","weekly",6083,4784,0,1.52070225268835
"10878","weekly",6083,4785,0,1.48360242834315
"10879","weekly",6083,4786,0,1.4454714479798
"10880","weekly",6083,4787,0,1.41110335069243
"10881","weekly",6083,4788,0,1.38493044607458
"10882","weekly",6083,4789,0,1.37069380862522
"10883","weekly",6083,4790,0,1.37128449729062
"10884","weekly",6083,4791,0,1.38868293221458
"10885","weekly",6083,4792,0,1.42390678671654
"10886","weekly",6083,4793,0,1.47689748639823
"10887","weekly",6083,4794,0,1.54632181228953
"10888","weekly",6083,4795,0,1.62932846494368
"10889","weekly",6083,4796,0,1.7213672704529
"10890","weekly",6083,4797,0,1.81622811767738
"10891","weekly",6083,4798,0,1.90645329889958
"10892","weekly",6083,4799,0,1.98419036483392
"10893","weekly",6083,4800,0,2.04238722872105
"10894","weekly",6083,4801,0,2.0760488549713
"10895","weekly",6083,4802,0,2.08317743282532
"10896","weekly",6083,4803,0,2.06508368157665
"10897","weekly",6083,4804,0,2.02597340691136
"10898","weekly",6083,4805,0,1.97194766820758
"10899","weekly",6083,4806,0,1.90984467483941
"10900","weekly",6083,4807,0,1.84613668973907
"10901","weekly",6083,4808,0,1.78610562212998
"10902","weekly",6083,4809,0,1.73347428906709
"10903","weekly",6083,4810,0,1.69033582464908
"10904","weekly",6083,4811,0,1.65729487370118
"10905","weekly",6083,4812,0,1.63372285786318
"10906","weekly",6083,4813,0,1.61806685806368
"10907","weekly",6083,4814,0,1.60818861573352
"10908","weekly",6083,4815,0,1.60172783528105
"10909","weekly",6083,4816,0,1.59647734859027
"10910","weekly",6083,4817,0,1.5907366622705
"10911","weekly",6083,4818,0,1.5835906448774
"10912","weekly",6083,4819,0,1.57505773461889
"10913","weekly",6083,4820,0,1.56607395646279
"10914","weekly",6083,4821,0,1.55831777150161
"10915","weekly",6083,4822,0,1.55391827912536
"10916","weekly",6083,4823,0,1.55510818000766
"10917","weekly",6083,4824,0,1.5638772091188
"10918","weekly",6083,4825,0,1.58165951044066
"10919","weekly",6083,4826,0,1.60906557840644
"10920","weekly",6083,4827,0,1.64566047099652
"10921","weekly",6083,4828,0,1.68980137386825
"10922","weekly",6083,4829,0,1.73857472187956
"10923","weekly",6083,4830,0,1.78790061516338
"10924","weekly",6083,4831,0,1.83287716019549
"10925","weekly",6083,4832,0,1.86839780613082
"10926","weekly",6083,4833,0,1.88998594778241
"10927","weekly",6083,4834,0,1.89468039994244
"10928","weekly",6083,4835,0,1.88173038698733
"10929","weekly",6083,4836,0,1.85287705197698
"10930","weekly",6083,4837,0,1.81212319372571
"10931","weekly",6083,4838,0,1.76507074644906
"10932","weekly",6083,4839,0,1.71804535621777
"10933","weekly",6083,4840,0,1.67726135693374
"10934","weekly",6083,4841,0,1.64820635685464
"10935","weekly",6083,4842,0,1.6352972582099
"10936","weekly",6083,4843,0,1.64174579194514
"10937","weekly",6083,4844,0,1.66951199190225
"10938","weekly",6083,4845,0,1.71922438056208
"10939","weekly",6083,4846,0,1.78999279058189
"10940","weekly",6083,4847,0,1.8791181120032
"10941","weekly",6083,4848,0,1.98183129055542
"10942","weekly",6083,4849,0,2.09112000276218
"10943","weekly",6083,4850,0,2.19802334305132
"10944","weekly",6083,4851,0,2.29257695423439
"10945","weekly",6083,4852,0,2.36521560043911
"10946","weekly",6083,4853,0,2.40848005883163
"10947","weekly",6083,4854,0,2.41850061106379
"10948","weekly",6083,4855,0,2.39575163522386
"10949","weekly",6083,4856,0,2.34480977474595
"10950","weekly",6083,4857,0,2.27322286917479
"10951","weekly",6083,4858,0,2.18990444534575
"10952","weekly",6083,4859,0,2.10355800230172
"10953","weekly",6083,4860,0,2.02150377785438
"10954","weekly",6083,4861,0,1.94904613198014
"10955","weekly",6083,4862,0,1.88931774738012
"10956","weekly",6083,4863,0,1.84343946329318
"10957","weekly",6083,4864,0,1.81083774162107
"10958","weekly",6083,4865,0,1.78962027520174
"10959","weekly",6083,4866,0,1.776975699584
"10960","weekly",6083,4867,0,1.7696035898407
"10961","weekly",6083,4868,0,1.76418347054278
"10962","weekly",6083,4869,0,1.75786184114986
"10963","weekly",6083,4870,0,1.74869443906937
"10964","weekly",6083,4871,0,1.73595492242021
"10965","weekly",6083,4872,0,1.72023249077029
"10966","weekly",6083,4873,0,1.70329079101793
"10967","weekly",6083,4874,0,1.68772611222812
"10968","weekly",6083,4875,0,1.67651136746281
"10969","weekly",6083,4876,0,1.67252178638591
"10970","weekly",6083,4877,0,1.67811065836577
"10971","weekly",6083,4878,0,1.69476069469238
"10972","weekly",6083,4879,0,1.72280502918875
"10973","weekly",6083,4880,0,1.76120870286832
"10974","weekly",6083,4881,0,1.80742853379343
"10975","weekly",6083,4882,0,1.85741300406517
"10976","weekly",6083,4883,0,1.90583753332612
"10977","weekly",6083,4884,0,1.94666080549359
"10978","weekly",6083,4885,0,1.97401018787059
"10979","weekly",6083,4886,0,1.98326738172909
"10980","weekly",6083,4887,0,1.97208673274145
"10981","weekly",6083,4888,0,1.94102586817462
"10982","weekly",6083,4889,0,1.89356191686238
"10983","weekly",6083,4890,0,1.83548177950433
"10984","weekly",6083,4891,0,1.77386231854325
"10985","weekly",6083,4892,0,1.71597394553828
"10986","weekly",6083,4893,0,1.66839964600513
"10987","weekly",6083,4894,0,1.63650864263764
"10988","weekly",6083,4895,0,1.62425508501474
"10989","weekly",6083,4896,0,1.63416241496452
"10990","weekly",6083,4897,0,1.66732675765525
"10991","weekly",6083,4898,0,1.72331299731741
"10992","weekly",6083,4899,0,1.79990100531722
"10993","weekly",6083,4900,0,1.89274842257146
"10994","weekly",6083,4901,0,1.99510878350702
"10995","weekly",6083,4902,0,2.09802607592428
"10996","weekly",6083,4903,0,2.19106803377508
"10997","weekly",6083,4904,0,2.2636519059015
"10998","weekly",6083,4905,0,2.30695448780898
"10999","weekly",6083,4906,0,2.31572949999827
"11000","weekly",6083,4907,0,2.28943799316767
"11001","weekly",6083,4908,0,2.23226124831126
"11002","weekly",6083,4909,0,2.15200121098314
"11003","weekly",6083,4910,0,2.05829899353557
"11004","weekly",6083,4911,0,1.96078488903004
"11005","weekly",6083,4912,0,1.86765814607497
"11006","weekly",6083,4913,0,1.78490971701103
"11007","weekly",6083,4914,0,1.71613042149693
"11008","weekly",6083,4915,0,1.66270368039841
"11009","weekly",6083,4916,0,1.62417412252398
"11010","weekly",6083,4917,0,1.59865570405964
"11011","weekly",6083,4918,0,1.58323199776351
"11012","weekly",6083,4919,0,1.5743639912107
"11013","weekly",6083,4920,0,1.56833819998428
"11014","weekly",6083,4921,0,1.56176103767939
"11015","weekly",6083,4922,0,1.55205234789173
"11016","weekly",6083,4923,0,1.53784343868028
"11017","weekly",6083,4924,0,1.51917550337384
"11018","weekly",6083,4925,0,1.49743690504692
"11019","weekly",6083,4926,0,1.47505501224077
"11020","weekly",6083,4927,0,1.45502990239765
"11021","weekly",6083,4928,0,1.44042688634363
"11022","weekly",6083,4929,0,1.43392341406434
"11023","weekly",6083,4930,0,1.43745409103576
"11024","weekly",6083,4931,0,1.45194830460241
"11025","weekly",6083,4932,0,1.47713377146283
"11026","weekly",6083,4933,0,1.51139425198198
"11027","weekly",6083,4934,0,1.55171178016462
"11028","weekly",6083,4935,0,1.59377053691423
"11029","weekly",6083,4936,0,1.6323189480463
"11030","weekly",6083,4937,0,1.66184700801386
"11031","weekly",6083,4938,0,1.67752666588058
"11032","weekly",6083,4939,0,1.67621843802044
"11033","weekly",6083,4940,0,1.65724659073749
"11034","weekly",6083,4941,0,1.62267004614114
"11035","weekly",6083,4942,0,1.57694368259399
"11036","weekly",6083,4943,0,1.52609584759921
"11037","weekly",6083,4944,0,1.47671434507356
"11038","weekly",6083,4945,0,1.43506879912456
"11039","weekly",6083,4946,0,1.40648249612423
"11040","weekly",6083,4947,0,1.3950751927332
"11041","weekly",6083,4948,0,1.40375884869718
"11042","weekly",6083,4949,0,1.43422975487192
"11043","weekly",6083,4950,0,1.48688999269507
"11044","weekly",6083,4951,0,1.56060028469074
"11045","weekly",6083,4952,0,1.65228733929689
"11046","weekly",6083,4953,0,1.75654964445857
"11047","weekly",6083,4954,0,1.86551773111569
"11048","weekly",6083,4955,0,1.96926695277216
"11049","weekly",6083,4956,0,2.0569761696097
"11050","weekly",6083,4957,0,2.11874596896814
"11051","weekly",6083,4958,0,2.14762789971428
"11052","weekly",6083,4959,0,2.14118146168767
"11053","weekly",6083,4960,0,2.1019630569499
"11054","weekly",6083,4961,0,2.03676451856154
"11055","weekly",6083,4962,0,1.95492897130316
"11056","weekly",6083,4963,0,1.86638129819767
"11057","weekly",6083,4964,0,1.77997925519594
"11058","weekly",6083,4965,0,1.70251150475815
"11059","weekly",6083,4966,0,1.6383487113344
"11060","weekly",6083,4967,0,1.58955487294588
"11061","weekly",6083,4968,0,1.55622177384794
"11062","weekly",6083,4969,0,1.53685668707476
"11063","weekly",6083,4970,0,1.52875485311961
"11064","weekly",6083,4971,0,1.5283697208215
"11065","weekly",6083,4972,0,1.53173038415844
"11066","weekly",6083,4973,0,1.5349390085612
"11067","weekly",6083,4974,0,1.53472332103411
"11068","weekly",6083,4975,0,1.52895109928795
"11069","weekly",6083,4976,0,1.51697629605769
"11070","weekly",6083,4977,0,1.49971007596469
"11071","weekly",6083,4978,0,1.47939041213249
"11072","weekly",6083,4979,0,1.45912015956128
"11073","weekly",6083,4980,0,1.44230440855608
"11074","weekly",6083,4981,0,1.43211654917104
"11075","weekly",6083,4982,0,1.43107110005803
"11076","weekly",6083,4983,0,1.44071714230813
"11077","weekly",6083,4984,0,1.46142491459614
"11078","weekly",6083,4985,0,1.49223676114343
"11079","weekly",6083,4986,0,1.53078809988801
"11080","weekly",6083,4987,0,1.57335432479158
"11081","weekly",6083,4988,0,1.61511481541675
"11082","weekly",6083,4989,0,1.65071150934091
"11083","weekly",6083,4990,0,1.6750962442311
"11084","weekly",6083,4991,0,1.68452512304066
"11085","weekly",6083,4992,0,1.67743481733487
"11086","weekly",6083,4993,0,1.65491133788601
"11087","weekly",6083,4994,0,1.62058076544781
"11088","weekly",6083,4995,0,1.57996706131962
"11089","weekly",6083,4996,0,1.53955662157387
"11090","weekly",6083,4997,0,1.50587725028163
"11091","weekly",6083,4998,0,1.48479935777141
"11092","weekly",6083,4999,0,1.48121654076385
"11093","weekly",6083,5000,0,1.49892298260238
"11094","weekly",6083,5001,0,1.54053202908835
"11095","weekly",6083,5002,0,1.60737698044977
"11096","weekly",6083,5003,0,1.69920135577559
"11097","weekly",6083,5004,0,1.81364900979679
"11098","weekly",6083,5005,0,1.94567890328472
"11099","weekly",6083,5006,0,2.08717730516219
"11100","weekly",6083,5007,0,2.22713675934938
"11101","weekly",6083,5008,0,2.35271682532039
"11102","weekly",6083,5009,0,2.45122511297814
"11103","weekly",6083,5010,0,2.51261548313778
"11104","weekly",6083,5011,0,2.53171900656889
"11105","weekly",6083,5012,0,2.50937981286552
"11106","weekly",6083,5013,0,2.45206393883564
"11107","weekly",6083,5014,0,2.37014191807248
"11108","weekly",6083,5015,0,2.27554031438194
"11109","weekly",6083,5016,0,2.17955586194876
"11110","weekly",6083,5017,0,2.09135793268797
"11111","weekly",6083,5018,0,2.01730531660723
"11112","weekly",6083,5019,0,1.96090120958979
"11113","weekly",6083,5020,0,1.92310265492415
"11114","weekly",6083,5021,0,1.90274842802319
"11115","weekly",6083,5022,0,1.89698615262751
"11116","weekly",6083,5023,0,1.90169329213677
"11117","weekly",6083,5024,0,1.91195154649904
"11118","weekly",6083,5025,0,1.92263305038796
"11119","weekly",6083,5026,0,1.92909569176845
"11120","weekly",6083,5027,0,1.9278936770861
"11121","weekly",6083,5028,0,1.91733892713091
"11122","weekly",6083,5029,0,1.89774791206582
"11123","weekly",6083,5030,0,1.87129083764739
"11124","weekly",6083,5031,0,1.84148794575594
"11125","weekly",6083,5032,0,1.81250346975867
"11126","weekly",6083,5033,0,1.78842000491568
"11127","weekly",6083,5034,0,1.77263162710005
"11128","weekly",6083,5035,0,1.76741254780791
"11129","weekly",6083,5036,0,1.77364926942391
"11130","weekly",6083,5037,0,1.79069886682555
"11131","weekly",6083,5038,0,1.81635632066173
"11132","weekly",6083,5039,0,1.84695935514173
"11133","weekly",6083,5040,0,1.87769721916993
"11134","weekly",6083,5041,0,1.90318579366431
"11135","weekly",6083,5042,0,1.91833365679486
"11136","weekly",6083,5043,0,1.91925625762087
"11137","weekly",6083,5044,0,1.90415167677565
"11138","weekly",6083,5045,0,1.87386643205537
"11139","weekly",6083,5046,0,1.83182241744362
"11140","weekly",6083,5047,0,1.78344354743604
"11141","weekly",6083,5048,0,1.73525728058303
"11142","weekly",6083,5049,0,1.69396196302841
"11143","weekly",6083,5050,0,1.66569817840355
"11144","weekly",6083,5051,0,1.65562073356705
"11145","weekly",6083,5052,0,1.66772099325317
"11146","weekly",6083,5053,0,1.70475798391271
"11147","weekly",6083,5054,0,1.76813833724009
"11148","weekly",6083,5055,0,1.85762912416249
"11149","weekly",6083,5056,0,1.97087966135587
"11150","weekly",6083,5057,0,2.10285786027089
"11151","weekly",6083,5058,0,2.24545139924157
"11152","weekly",6083,5059,0,2.3875869155454
"11153","weekly",6083,5060,0,2.51618954041624
"11154","weekly",6083,5061,0,2.61806523188716
"11155","weekly",6083,5062,0,2.68237307504751
"11156","weekly",6083,5063,0,2.70295830324176
"11157","weekly",6083,5064,0,2.67970926279668
"11158","weekly",6083,5065,0,2.618421595369
"11159","weekly",6083,5066,0,2.52925576060079
"11160","weekly",6083,5067,0,2.42441064922605
"11161","weekly",6083,5068,0,2.31581666137208
"11162","weekly",6083,5069,0,2.21344729149132
"11163","weekly",6083,5070,0,2.12445942789782
"11164","weekly",6083,5071,0,2.05303923069732
"11165","weekly",6083,5072,0,2.00067752011819
"11166","weekly",6083,5073,0,1.96661497018067
"11167","weekly",6083,5074,0,1.94830353505677
"11168","weekly",6083,5075,0,1.9418474411068
"11169","weekly",6083,5076,0,1.94246514869155
"11170","weekly",6083,5077,0,1.9450316116563
"11171","weekly",6083,5078,0,1.94471855135635
"11172","weekly",6083,5079,0,1.93767145910533
"11173","weekly",6083,5080,0,1.92158784027561
"11174","weekly",6083,5081,0,1.89603899142821
"11175","weekly",6083,5082,0,1.86243139998987
"11176","weekly",6083,5083,0,1.82361352015869
"11177","weekly",6083,5084,0,1.78324340796098
"11178","weekly",6083,5085,0,1.74508761154721
"11179","weekly",6083,5086,0,1.71240345793194
"11180","weekly",6083,5087,0,1.68749003956327
"11181","weekly",6083,5088,0,1.67142209713347
"11182","weekly",6083,5089,0,1.66394010846852
"11183","weekly",6083,5090,0,1.66346879076445
"11184","weekly",6083,5091,0,1.66726175436634
"11185","weekly",6083,5092,0,1.67169673054013
"11186","weekly",6083,5093,0,1.67274719662964
"11187","weekly",6083,5094,0,1.66658448000089
"11188","weekly",6083,5095,0,1.65035126984003
"11189","weekly",6083,5096,0,1.62278799008345
"11190","weekly",6083,5097,0,1.58452816528734
"11191","weekly",6083,5098,0,1.53810040396638
"11192","weekly",6083,5099,0,1.48751816121512
"11193","weekly",6083,5100,0,1.43762538512237
"11194","weekly",6083,5101,0,1.39340132218786
"11195","weekly",6083,5102,0,1.35940044373274
"11196","weekly",6083,5103,0,1.33940964474459
"11197","weekly",6083,5104,0,1.33629991483758
"11198","weekly",6083,5105,0,1.35197903288645
"11199","weekly",6083,5106,0,1.38733216605033
"11200","weekly",6083,5107,0,1.44206319388468
"11201","weekly",6083,5108,0,1.51440992677817
"11202","weekly",6083,5109,0,1.60079185682116
"11203","weekly",6083,5110,0,1.69554530235473
"11204","weekly",6083,5111,0,1.79097403434571
"11205","weekly",6083,5112,0,1.87793727964163
"11206","weekly",6083,5113,0,1.94705931667704
"11207","weekly",6083,5114,0,1.99038373908843
"11208","weekly",6083,5115,0,2.00302020058734
"11209","weekly",6083,5116,0,1.98421637021238
"11210","weekly",6083,5117,0,1.93744921128382
"11211","weekly",6083,5118,0,1.86951093055541
"11212","weekly",6083,5119,0,1.78895324416226
"11213","weekly",6083,5120,0,1.70443493302446
"11214","weekly",6083,5121,0,1.62343002759735
"11215","weekly",6083,5122,0,1.55149829632137
"11216","weekly",6083,5123,0,1.49208693261608
"11217","weekly",6083,5124,0,1.44670844892971
"11218","weekly",6083,5125,0,1.41523925270303
"11219","weekly",6083,5126,0,1.39624329740764
"11220","weekly",6083,5127,0,1.38728997381986
"11221","weekly",6083,5128,0,1.3852599565289
"11222","weekly",6083,5129,0,1.38668181057437
"11223","weekly",6083,5130,0,1.38812734474777
"11224","weekly",6083,5131,0,1.38664916565176
"11225","weekly",6083,5132,0,1.38019163688296
"11226","weekly",6083,5133,0,1.3678761877818
"11227","weekly",6083,5134,0,1.35007599691744
"11228","weekly",6083,5135,0,1.32825232576579
"11229","weekly",6083,5136,0,1.30459778604563
"11230","weekly",6083,5137,0,1.28158365737181
"11231","weekly",6083,5138,0,1.26153752263053
"11232","weekly",6083,5139,0,1.24624200272956
"11233","weekly",6083,5140,0,1.23669386614347
"11234","weekly",6083,5141,0,1.2330142443825
"11235","weekly",6083,5142,0,1.23439242123277
"11236","weekly",6083,5143,0,1.23914637195412
"11237","weekly",6083,5144,0,1.2448918481532
"11238","weekly",6083,5145,0,1.24883925158065
"11239","weekly",6083,5146,0,1.24821725062793
"11240","weekly",6083,5147,0,1.2407756561006
"11241","weekly",6083,5148,0,1.22526616152027
"11242","weekly",6083,5149,0,1.20177119621076
"11243","weekly",6083,5150,0,1.17177646560594
"11244","weekly",6083,5151,0,1.13796149028349
"11245","weekly",6083,5152,0,1.10377898573643
"11246","weekly",6083,5153,0,1.07295803399757
"11247","weekly",6083,5154,0,1.04906693310477
"11248","weekly",6083,5155,0,1.03521673876094
"11249","weekly",6083,5156,0,1.03391070474754
"11250","weekly",6083,5157,0,1.04698409233242
"11251","weekly",6083,5158,0,1.07555180069176
"11252","weekly",6083,5159,0,1.11988901166478
"11253","weekly",6083,5160,0,1.17920652389876
"11254","weekly",6083,5161,0,1.25134244738729
"11255","weekly",6083,5162,0,1.33246837963816
"11256","weekly",6083,5163,0,1.41698101171642
"11257","weekly",6083,5164,0,1.49777812609682
"11258","weekly",6083,5165,0,1.56705068552401
"11259","weekly",6083,5166,0,1.61754032407771
"11260","weekly",6083,5167,0,1.64397059389739
"11261","weekly",6083,5168,0,1.64419375310536
"11262","weekly",6083,5169,0,1.61963299743365
"11263","weekly",6083,5170,0,1.57485865848139
"11264","weekly",6083,5171,0,1.51648032676894
"11265","weekly",6083,5172,0,1.45177017126116
"11266","weekly",6083,5173,0,1.38744598143967
"11267","weekly",6083,5174,0,1.32887497529737
"11268","weekly",6083,5175,0,1.27974106828333
"11269","weekly",6083,5176,0,1.24206422740826
"11270","weekly",6083,5177,0,1.21640883284272
"11271","weekly",6083,5178,0,1.20214933680836
"11272","weekly",6083,5179,0,1.19772611476947
"11273","weekly",6083,5180,0,1.20088473302894
"11274","weekly",6083,5181,0,1.20892784729949
"11275","weekly",6083,5182,0,1.21901202577283
"11276","weekly",6083,5183,0,1.22849526430946
"11277","weekly",6083,5184,0,1.23529835382942
"11278","weekly",6083,5185,0,1.23820697271731
"11279","weekly",6083,5186,0,1.23703394443146
"11280","weekly",6083,5187,0,1.23259147512726
"11281","weekly",6083,5188,0,1.22647856565891
"11282","weekly",6083,5189,0,1.22074123364291
"11283","weekly",6083,5190,0,1.21748778386973
"11284","weekly",6083,5191,0,1.2185145317635
"11285","weekly",6083,5192,0,1.22505198654835
"11286","weekly",6083,5193,0,1.23756057905848
"11287","weekly",6083,5194,0,1.25557367422152
"11288","weekly",6083,5195,0,1.27767799288267
"11289","weekly",6083,5196,0,1.30158887096331
"11290","weekly",6083,5197,0,1.32437208315241
"11291","weekly",6083,5198,0,1.34283460353618
"11292","weekly",6083,5199,0,1.35406085010618
"11293","weekly",6083,5200,0,1.35600359010277
"11294","weekly",6083,5201,0,1.34798320184927
"11295","weekly",6083,5202,0,1.33094541920582
"11296","weekly",6083,5203,0,1.30739384584012
"11297","weekly",6083,5204,0,1.28102478818619
"11298","weekly",6083,5205,0,1.25619168629055
"11299","weekly",6083,5206,0,1.23736352968263
"11300","weekly",6083,5207,0,1.22870423737913
"11301","weekly",6083,5208,0,1.23381752360729
"11302","weekly",6083,5209,0,1.25561885925708
"11303","weekly",6083,5210,0,1.29624458600301
"11304","weekly",6083,5211,0,1.35689812686178
"11305","weekly",6083,5212,0,1.43756185300299
"11306","weekly",6083,5213,0,1.53656669624615
"11307","weekly",6083,5214,0,1.65010623980197
"11308","weekly",6083,5215,0,1.7718914373545
"11309","weekly",6083,5216,0,1.89322119668941
"11310","weekly",6083,5217,0,2.00372063444229
"11311","weekly",6083,5218,0,2.09281418682076
"11312","weekly",6083,5219,0,2.15167971391929
"11313","weekly",6083,5220,0,2.17511974688387
"11314","weekly",6083,5221,0,2.1626938143163
"11315","weekly",6083,5222,0,2.11869174358435
"11316","weekly",6083,5223,0,2.05098885824555
"11317","weekly",6083,5224,0,1.96924747002777
"11318","weekly",6083,5225,0,1.88308818562655
"11319","weekly",6083,5226,0,1.80071508849505
"11320","weekly",6083,5227,0,1.72818511977675
"11321","weekly",6083,5228,0,1.66924640288926
"11322","weekly",6083,5229,0,1.62553985411068
"11323","weekly",6083,5230,0,1.59695649691275
"11324","weekly",6083,5231,0,1.58201603259658
"11325","weekly",6083,5232,0,1.57822017301805
"11326","weekly",6083,5233,0,1.58239656532533
"11327","weekly",6083,5234,0,1.59107110675541
"11328","weekly",6083,5235,0,1.6009087919083
"11329","weekly",6083,5236,0,1.60911512188613
"11330","weekly",6083,5237,0,1.61383035016479
"11331","weekly",6083,5238,0,1.61442309661652
"11332","weekly",6083,5239,0,1.61150670269853
"11333","weekly",6083,5240,0,1.60674820875283
"11334","weekly",6083,5241,0,1.60249844181817
"11335","weekly",6083,5242,0,1.60133308742661
"11336","weekly",6083,5243,0,1.6055955804768
"11337","weekly",6083,5244,0,1.61700349216699
"11338","weekly",6083,5245,0,1.6363443469163
"11339","weekly",6083,5246,0,1.66326644565561
"11340","weekly",6083,5247,0,1.69617428880883
"11341","weekly",6083,5248,0,1.73225969157647
"11342","weekly",6083,5249,0,1.7677192214469
"11343","weekly",6083,5250,0,1.7982017514878
"11344","weekly",6083,5251,0,1.81947971772752
"11345","weekly",6083,5252,0,1.8282498983026
"11346","weekly",6083,5253,0,1.82288123917533
"11347","weekly",6083,5254,0,1.80389405103051
"11348","weekly",6083,5255,0,1.77401527538314
"11349","weekly",6083,5256,0,1.73779431861476
"11350","weekly",6083,5257,0,1.70091544656316
"11351","weekly",6083,5258,0,1.66942719486542
"11352","weekly",6083,5259,0,1.64909009708208
"11353","weekly",6083,5260,0,1.64494566773647
"11354","weekly",6083,5261,0,1.66109116017469
"11355","weekly",6083,5262,0,1.70055832731305
"11356","weekly",6083,5263,0,1.76516315338085
"11357","weekly",6083,5264,0,1.85521648271242
"11358","weekly",6083,5265,0,1.96905510453507
"11359","weekly",6083,5266,0,2.10246284306049
"11360","weekly",6083,5267,0,2.24818650577799
"11361","weekly",6083,5268,0,2.3958679397183
"11362","weekly",6083,5269,0,2.53272980061593
"11363","weekly",6083,5270,0,2.64518466207664
"11364","weekly",6083,5271,0,2.72117649170104
"11365","weekly",6083,5272,0,2.75264785025502
"11366","weekly",6083,5273,0,2.73730555528891
"11367","weekly",6083,5274,0,2.67902773030801
"11368","weekly",6083,5275,0,2.58677587762941
"11369","weekly",6083,5276,0,2.47246123760124
"11370","weekly",6083,5277,0,2.34853861862211
"11371","weekly",6083,5278,0,2.2260326105461
"11372","weekly",6083,5279,0,2.11336364233284
"11373","weekly",6083,5280,0,2.01597132746247
"11374","weekly",6083,5281,0,1.93650330282981
"11375","weekly",6083,5282,0,1.87528724098229
"11376","weekly",6083,5283,0,1.83087357322802
"11377","weekly",6083,5284,0,1.800545381353
"11378","weekly",6083,5285,0,1.78078158936114
"11379","weekly",6083,5286,0,1.76770386629505
"11380","weekly",6083,5287,0,1.75753440600238
"11381","weekly",6083,5288,0,1.74701848920085
"11382","weekly",6083,5289,0,1.7338994203019
"11383","weekly",6083,5290,0,1.7171850449231
"11384","weekly",6083,5291,0,1.69713387449156
"11385","weekly",6083,5292,0,1.67511696991278
"11386","weekly",6083,5293,0,1.65325787858455
"11387","weekly",6083,5294,0,1.63397293633898
"11388","weekly",6083,5295,0,1.61950770090334
"11389","weekly",6083,5296,0,1.61154030277976
"11390","weekly",6083,5297,0,1.61088519691839
"11391","weekly",6083,5298,0,1.61730385210831
"11392","weekly",6083,5299,0,1.62942414134159
"11393","weekly",6083,5300,0,1.64478422075626
"11394","weekly",6083,5301,0,1.66003373122658
"11395","weekly",6083,5302,0,1.67132401381969
"11396","weekly",6083,5303,0,1.67488341234275
"11397","weekly",6083,5304,0,1.66770495369565
"11398","weekly",6083,5305,0,1.64819885743782
"11399","weekly",6083,5306,0,1.61662693595281
"11400","weekly",6083,5307,0,1.57517663884209
"11401","weekly",6083,5308,0,1.5276454758714
"11402","weekly",6083,5309,0,1.47884022496874
"11403","weekly",6083,5310,0,1.43388071653317
"11404","weekly",6083,5311,0,1.39759525607224
"11405","weekly",6083,5312,0,1.37411678399076
"11406","weekly",6083,5313,0,1.36668483022368
"11407","weekly",6083,5314,0,1.3775771309738
"11408","weekly",6083,5315,0,1.40806056911242
"11409","weekly",6083,5316,0,1.45826364908135
"11410","weekly",6083,5317,0,1.52692206294159
"11411","weekly",6083,5318,0,1.61102623047191
"11412","weekly",6083,5319,0,1.70549459094764
"11413","weekly",6083,5320,0,1.80308348961989
"11414","weekly",6083,5321,0,1.89477390149841
"11415","weekly",6083,5322,0,1.97078750486253
"11416","weekly",6083,5323,0,2.02215858062846
"11417","weekly",6083,5324,0,2.04249504921609
"11418","weekly",6083,5325,0,2.02936367227812
"11419","weekly",6083,5326,0,1.9847879264853
"11420","weekly",6083,5327,0,1.9146694317169
"11421","weekly",6083,5328,0,1.82736813646625
"11422","weekly",6083,5329,0,1.73196352939704
"11423","weekly",6083,5330,0,1.63673349123565
"11424","weekly",6083,5331,0,1.5482047907135
"11425","weekly",6083,5332,0,1.47071223903913
"11426","weekly",6083,5333,0,1.40648005661205
"11427","weekly",6083,5334,0,1.35599782699137
"11428","weekly",6083,5335,0,1.31838536946452
"11429","weekly",6083,5336,0,1.29177117184736
"11430","weekly",6083,5337,0,1.2736310044711
"11431","weekly",6083,5338,0,1.26110612635966
"11432","weekly",6083,5339,0,1.25132653681794
"11433","weekly",6083,5340,0,1.24174237213447
"11434","weekly",6083,5341,0,1.23043175370549
"11435","weekly",6083,5342,0,1.21632703350042
"11436","weekly",6083,5343,0,1.19930106989341
"11437","weekly",6083,5344,0,1.18008505890612
"11438","weekly",6083,5345,0,1.16003611122142
"11439","weekly",6083,5346,0,1.14081278821686
"11440","weekly",6083,5347,0,1.12403181215632
"11441","weekly",6083,5348,0,1.11096681066556
"11442","weekly",6083,5349,0,1.10232294301386
"11443","weekly",6083,5350,0,1.0980970543751
"11444","weekly",6083,5351,0,1.0975230068143
"11445","weekly",6083,5352,0,1.09910643525654
"11446","weekly",6083,5353,0,1.10076300884248
"11447","weekly",6083,5354,0,1.10007526437403
"11448","weekly",6083,5355,0,1.09466360841179
"11449","weekly",6083,5356,0,1.08262632854166
"11450","weekly",6083,5357,0,1.06295703336946
"11451","weekly",6083,5358,0,1.03582415898563
"11452","weekly",6083,5359,0,1.00262052842299
"11453","weekly",6083,5360,0,0.965761446015676
"11454","weekly",6083,5361,0,0.928296267898986
"11455","weekly",6083,5362,0,0.893456135352608
"11456","weekly",6083,5363,0,0.864261697919574
"11457","weekly",6083,5364,0,0.843265421979595
"11458","weekly",6083,5365,0,0.832434937270591
"11459","weekly",6083,5366,0,0.833129585138522
"11460","weekly",6083,5367,0,0.846098533133045
"11461","weekly",6083,5368,0,0.871435222506989
"11462","weekly",6083,5369,0,0.908452057599789
"11463","weekly",6083,5370,0,0.955484759266255
"11464","weekly",6083,5371,0,1.00969206134323
"11465","weekly",6083,5372,0,1.06697062763851
"11466","weekly",6083,5373,0,1.12212998021278
"11467","weekly",6083,5374,0,1.16943198890658
"11468","weekly",6083,5375,0,1.20347581931856
"11469","weekly",6083,5376,0,1.22023560359958
"11470","weekly",6083,5377,0,1.21792586133233
"11471","weekly",6083,5378,0,1.19737789433566
"11472","weekly",6083,5379,0,1.1617837458034
"11473","weekly",6083,5380,0,1.1159155263158
"11474","weekly",6083,5381,0,1.06511393460096
"11475","weekly",6083,5382,0,1.01436815588386
"11476","weekly",6083,5383,0,0.9676964074024
"11477","weekly",6083,5384,0,0.927865156671032
"11478","weekly",6083,5385,0,0.896409472305095
"11479","weekly",6083,5386,0,0.873785471747397
"11480","weekly",6083,5387,0,0.859555600211024
"11481","weekly",6083,5388,0,0.852594631898683
"11482","weekly",6083,5389,0,0.851269743870944
"11483","weekly",6083,5390,0,0.853622706054011
"11484","weekly",6083,5391,0,0.857577944349032
"11485","weekly",6083,5392,0,0.861183474567952
"11486","weekly",6083,5393,0,0.862862289446639
"11487","weekly",6083,5394,0,0.861625211604405
"11488","weekly",6083,5395,0,0.857188750698697
"11489","weekly",6083,5396,0,0.849960635910975
"11490","weekly",6083,5397,0,0.840893854358001
"11491","weekly",6083,5398,0,0.831248167552985
"11492","weekly",6083,5399,0,0.822318044782151
"11493","weekly",6083,5400,0,0.815181897603907
"11494","weekly",6083,5401,0,0.810507638088893
"11495","weekly",6083,5402,0,0.808428470656509
"11496","weekly",6083,5403,0,0.808491464122199
"11497","weekly",6083,5404,0,0.809681853279471
"11498","weekly",6083,5405,0,0.810531593451742
"11499","weekly",6083,5406,0,0.809320442727767
"11500","weekly",6083,5407,0,0.804362597176805
"11501","weekly",6083,5408,0,0.794341107539367
"11502","weekly",6083,5409,0,0.778618300653761
"11503","weekly",6083,5410,0,0.757434980827384
"11504","weekly",6083,5411,0,0.731932187947677
"11505","weekly",6083,5412,0,0.703985035099322
"11506","weekly",6083,5413,0,0.675903315481264
"11507","weekly",6083,5414,0,0.650094128825003
"11508","weekly",6083,5415,0,0.628778350597713
"11509","weekly",6083,5416,0,0.613812499534106
"11510","weekly",6083,5417,0,0.606615577213233
"11511","weekly",6083,5418,0,0.608161116426345
"11512","weekly",6083,5419,0,0.61897914329893
"11513","weekly",6083,5420,0,0.63911965652369
"11514","weekly",6083,5421,0,0.668052619555965
"11515","weekly",6083,5422,0,0.704514798213495
"11516","weekly",6083,5423,0,0.746356907358859
"11517","weekly",6083,5424,0,0.790485111501766
"11518","weekly",6083,5425,0,0.833007150591584
"11519","weekly",6083,5426,0,0.869657708826708
"11520","weekly",6083,5427,0,0.896478476235643
"11521","weekly",6083,5428,0,0.910606147139333
"11522","weekly",6083,5429,0,0.910876197856851
"11523","weekly",6083,5430,0,0.898064249340678
"11524","weekly",6083,5431,0,0.874676271894714
"11525","weekly",6083,5432,0,0.844332745182328
"11526","weekly",6083,5433,0,0.811017403088044
"11527","weekly",6083,5434,0,0.778414318279829
"11528","weekly",6083,5435,0,0.749474609852768
"11529","weekly",6083,5436,0,0.726233627123293
"11530","weekly",6083,5437,0,0.709814818575978
"11531","weekly",6083,5438,0,0.700530868722126
"11532","weekly",6083,5439,0,0.698010539170355
"11533","weekly",6083,5440,0,0.701317350409226
"11534","weekly",6083,5441,0,0.709062231733697
"11535","weekly",6083,5442,0,0.719533436698839
"11536","weekly",6083,5443,0,0.730868386890506
"11537","weekly",6083,5444,0,0.741273798776092
"11538","weekly",6083,5445,0,0.749269998748787
"11539","weekly",6083,5446,0,0.753907614998752
"11540","weekly",6083,5447,0,0.754896473721601
"11541","weekly",6083,5448,0,0.752605646528536
"11542","weekly",6083,5449,0,0.747932671103626
"11543","weekly",6083,5450,0,0.742079395335168
"11544","weekly",6083,5451,0,0.736292904242873
"11545","weekly",6083,5452,0,0.731626511813374
"11546","weekly",6083,5453,0,0.72875614152872
"11547","weekly",6083,5454,0,0.727866171189817
"11548","weekly",6083,5455,0,0.728606802324066
"11549","weekly",6083,5456,0,0.73012409126386
"11550","weekly",6083,5457,0,0.731167622143403
"11551","weekly",6083,5458,0,0.73027941113105
"11552","weekly",6083,5459,0,0.726053356367629
"11553","weekly",6083,5460,0,0.717428002913948
"11554","weekly",6083,5461,0,0.703948307927931
"11555","weekly",6083,5462,0,0.68592301858007
"11556","weekly",6083,5463,0,0.664426557632396
"11557","weekly",6083,5464,0,0.641143674991326
"11558","weekly",6083,5465,0,0.618108529335586
"11559","weekly",6083,5466,0,0.5974196329189
"11560","weekly",6083,5467,0,0.581004782201489
"11561","weekly",6083,5468,0,0.570474117906997
"11562","weekly",6083,5469,0,0.567056347179459
"11563","weekly",6083,5470,0,0.571582229371415
"11564","weekly",6083,5471,0,0.58446889204788
"11565","weekly",6083,5472,0,0.605667003954295
"11566","weekly",6083,5473,0,0.634555696451571
"11567","weekly",6083,5474,0,0.669803452910855
"11568","weekly",6083,5475,0,0.70925174941658
"11569","weekly",6083,5476,0,0.749909928184934
"11570","weekly",6083,5477,0,0.788153277069796
"11571","weekly",6083,5478,0,0.820169740502024
"11572","weekly",6083,5479,0,0.842602675867965
"11573","weekly",6083,5480,0,0.853224972321186
"11574","weekly",6083,5481,0,0.851399031875189
"11575","weekly",6083,5482,0,0.838232656969922
"11576","weekly",6083,5483,0,0.816283512744121
"11577","weekly",6083,5484,0,0.788933179312153
"11578","weekly",6083,5485,0,0.759748894226504
"11579","weekly",6083,5486,0,0.731935765012167
"11580","weekly",6083,5487,0,0.707999799400568
"11581","weekly",6083,5488,0,0.689620439312421
"11582","weekly",6083,5489,0,0.677669199969387
"11583","weekly",6083,5490,0,0.672298065299401
"11584","weekly",6083,5491,0,0.673042623035144
"11585","weekly",6083,5492,0,0.678918878664263
"11586","weekly",6083,5493,0,0.68852242975845
"11587","weekly",6083,5494,0,0.700154296384426
"11588","weekly",6083,5495,0,0.711994665907696
"11589","weekly",6083,5496,0,0.722325071285013
"11590","weekly",6083,5497,0,0.729769341327483
"11591","weekly",6083,5498,0,0.733499044232303
"11592","weekly",6083,5499,0,0.733345429238398
"11593","weekly",6083,5500,0,0.729782703332603
"11594","weekly",6083,5501,0,0.723787215043558
"11595","weekly",6083,5502,0,0.716613979544491
"11596","weekly",6083,5503,0,0.709548985149013
"11597","weekly",6083,5504,0,0.703689009445952
"11598","weekly",6083,5505,0,0.699779538117582
"11599","weekly",6083,5506,0,0.698119879991282
"11600","weekly",6083,5507,0,0.698532439651899
"11601","weekly",6083,5508,0,0.700391789461719
"11602","weekly",6083,5509,0,0.702713231905364
"11603","weekly",6083,5510,0,0.704301771038445
"11604","weekly",6083,5511,0,0.703954514407087
"11605","weekly",6083,5512,0,0.70069211666123
"11606","weekly",6083,5513,0,0.693975320144091
"11607","weekly",6083,5514,0,0.683853464986896
"11608","weekly",6083,5515,0,0.671003158931853
"11609","weekly",6083,5516,0,0.656646509887651
"11610","weekly",6083,5517,0,0.642376035248162
"11611","weekly",6083,5518,0,0.629938984900946
"11612","weekly",6083,5519,0,0.621035644493531
"11613","weekly",6083,5520,0,0.617166245996486
"11614","weekly",6083,5521,0,0.619531971344259
"11615","weekly",6083,5522,0,0.628971290017944
"11616","weekly",6083,5523,0,0.645902117830701
"11617","weekly",6083,5524,0,0.67025963665219
"11618","weekly",6083,5525,0,0.701365800370695
"11619","weekly",6083,5526,0,0.737820306996582
"11620","weekly",6083,5527,0,0.77746857854072
"11621","weekly",6083,5528,0,0.81744242599234
"11622","weekly",6083,5529,0,0.854394975816831
"11623","weekly",6083,5530,0,0.884931858832715
"11624","weekly",6083,5531,0,0.906174933537841
"11625","weekly",6083,5532,0,0.916314980830066
"11626","weekly",6083,5533,0,0.914978884102311
"11627","weekly",6083,5534,0,0.903285267442698
"11628","weekly",6083,5535,0,0.883574054489145
"11629","weekly",6083,5536,0,0.858911817020271
"11630","weekly",6083,5537,0,0.832535921217641
"11631","weekly",6083,5538,0,0.807384720887057
"11632","weekly",6083,5539,0,0.785792934475467
"11633","weekly",6083,5540,0,0.769355923926923
"11634","weekly",6083,5541,0,0.758917961880798
"11635","weekly",6083,5542,0,0.754627241083654
"11636","weekly",6083,5543,0,0.756015027523972
"11637","weekly",6083,5544,0,0.762082266883226
"11638","weekly",6083,5545,0,0.771400501485914
"11639","weekly",6083,5546,0,0.782246084650978
"11640","weekly",6083,5547,0,0.792782886361238
"11641","weekly",6083,5548,0,0.801289741357323
"11642","weekly",6083,5549,0,0.806402263318887
"11643","weekly",6083,5550,0,0.807317520666402
"11644","weekly",6083,5551,0,0.803907653695205
"11645","weekly",6083,5552,0,0.796709655725863
"11646","weekly",6083,5553,0,0.786795038438868
"11647","weekly",6083,5554,0,0.775557737157214
"11648","weekly",6083,5555,0,0.764475838426733
"11649","weekly",6083,5556,0,0.754897801205516
"11650","weekly",6083,5557,0,0.747883879375877
"11651","weekly",6083,5558,0,0.744110878498759
"11652","weekly",6083,5559,0,0.743833131942665
"11653","weekly",6083,5560,0,0.74688805086771
"11654","weekly",6083,5561,0,0.752738211100223
"11655","weekly",6083,5562,0,0.760548048652709
"11656","weekly",6083,5563,0,0.769296166894492
"11657","weekly",6083,5564,0,0.777920552383875
"11658","weekly",6083,5565,0,0.785483930929331
"11659","weekly",6083,5566,0,0.79133443813771
"11660","weekly",6083,5567,0,0.795229583338369
"11661","weekly",6083,5568,0,0.797394865279784
"11662","weekly",6083,5569,0,0.798503038968192
"11663","weekly",6083,5570,0,0.799580361053813
"11664","weekly",6083,5571,0,0.801863199216314
"11665","weekly",6083,5572,0,0.806635145680048
"11666","weekly",6083,5573,0,0.815069989359472
"11667","weekly",6083,5574,0,0.828053800330963
"11668","weekly",6083,5575,0,0.846145278221229
"11669","weekly",6083,5576,0,0.869469053315697
"11670","weekly",6083,5577,0,0.897586556326132
"11671","weekly",6083,5578,0,0.929464218846988
"11672","weekly",6083,5579,0,0.963476288976381
"11673","weekly",6083,5580,0,0.997474547562888
"11674","weekly",6083,5581,0,1.02898014694802
"11675","weekly",6083,5582,0,1.05547833326273
"11676","weekly",6083,5583,0,1.07478550638189
"11677","weekly",6083,5584,0,1.08541423230781
"11678","weekly",6083,5585,0,1.0868431495619
"11679","weekly",6083,5586,0,1.07961479766527
"11680","weekly",6083,5587,0,1.0652332007885
"11681","weekly",6083,5588,0,1.04589391234913
"11682","weekly",6083,5589,0,1.02412443730282
"11683","weekly",6083,5590,0,1.00242446016637
"11684","weekly",6083,5591,0,0.982974129263312
"11685","weekly",6083,5592,0,0.967440949374577
"11686","weekly",6083,5593,0,0.956881029822398
"11687","weekly",6083,5594,0,0.951710927853128
"11688","weekly",6083,5595,0,0.951724383077817
"11689","weekly",6083,5596,0,0.956138745968929
"11690","weekly",6083,5597,0,0.963670747296419
"11691","weekly",6083,5598,0,0.972652456403011
"11692","weekly",6083,5599,0,0.981199720758013
"11693","weekly",6083,5600,0,0.9874343383417
"11694","weekly",6083,5601,0,0.989740149845602
"11695","weekly",6083,5602,0,0.9870105512382
"11696","weekly",6083,5603,0,0.978832549968502
"11697","weekly",6083,5604,0,0.96555983836879
"11698","weekly",6083,5605,0,0.948254794056993
"11699","weekly",6083,5606,0,0.928516234242124
"11700","weekly",6083,5607,0,0.908239922137
"11701","weekly",6083,5608,0,0.889369811397046
"11702","weekly",6083,5609,0,0.873687853367301
"11703","weekly",6083,5610,0,0.86266693752259
"11704","weekly",6083,5611,0,0.857387133873999
"11705","weekly",6083,5612,0,0.858499089779798
"11706","weekly",6083,5613,0,0.866213633067673
"11707","weekly",6083,5614,0,0.880301785568008
"11708","weekly",6083,5615,0,0.900100373575697
"11709","weekly",6083,5616,0,0.924530525167938
"11710","weekly",6083,5617,0,0.952145075047156
"11711","weekly",6083,5618,0,0.981222374568461
"11712","weekly",6083,5619,0,1.00991586828604
"11713","weekly",6083,5620,0,1.03645184778725
"11714","weekly",6083,5621,0,1.05936025231495
"11715","weekly",6083,5622,0,1.07764250328182
"11716","weekly",6083,5623,0,1.09089543967275
"11717","weekly",6083,5624,0,1.09936173266033
"11718","weekly",6083,5625,0,1.10383354863734
"11719","weekly",6083,5626,0,1.105484639731
"11720","weekly",6083,5627,0,1.10565697017591
"11721","weekly",6083,5628,0,1.10564447072102
"11722","weekly",6083,5629,0,1.1065076252853
"11723","weekly",6083,5630,0,1.10893851160654
"11724","weekly",6083,5631,0,1.11318362347083
"11725","weekly",6083,5632,0,1.11902497007395
"11726","weekly",6083,5633,0,1.1258181076264
"11727","weekly",6083,5634,0,1.13258552507614
"11728","weekly",6083,5635,0,1.13816113155917
"11729","weekly",6083,5636,0,1.14137409455725
"11730","weekly",6083,5637,0,1.14124893269036
"11731","weekly",6083,5638,0,1.13718812639127
"11732","weekly",6083,5639,0,1.12909986375598
"11733","weekly",6083,5640,0,1.11744136127527
"11734","weekly",6083,5641,0,1.10316683689598
"11735","weekly",6083,5642,0,1.08759227386327
"11736","weekly",6083,5643,0,1.07220752639114
"11737","weekly",6083,5644,0,1.05847332868143
"11738","weekly",6083,5645,0,1.04763547558105
"11739","weekly",6083,5646,0,1.04057566411211
"11740","weekly",6083,5647,0,1.03770552985952
"11741","weekly",6083,5648,0,1.03890318510821
"11742","weekly",6083,5649,0,1.0434921697597
"11743","weekly",6083,5650,0,1.05026906306739
"11744","weekly",6083,5651,0,1.05759274135926
"11745","weekly",6083,5652,0,1.06354868630297
"11746","weekly",6083,5653,0,1.06619046727428
"11747","weekly",6083,5654,0,1.06383704693872
"11748","weekly",6083,5655,0,1.05537606557482
"11749","weekly",6083,5656,0,1.04050369601464
"11750","weekly",6083,5657,0,1.01983522810042
"11751","weekly",6083,5658,0,0.994851961964741
"11752","weekly",6083,5659,0,0.967698648775695
"11753","weekly",6083,5660,0,0.940889828256331
"11754","weekly",6083,5661,0,0.917002806207165
"11755","weekly",6083,5662,0,0.898423201258993
"11756","weekly",6083,5663,0,0.887175460724393
"11757","weekly",6083,5664,0,0.884833062038524
"11758","weekly",6083,5665,0,0.892476244043792
"11759","weekly",6083,5666,0,0.910655755607877
"11760","weekly",6083,5667,0,0.939328760228818
"11761","weekly",6083,5668,0,0.97775408619782
"11762","weekly",6083,5669,0,1.02436429160298
"11763","weekly",6083,5670,0,1.07666572011658
"11764","weekly",6083,5671,0,1.13124424844864
"11765","weekly",6083,5672,0,1.18395747276372
"11766","weekly",6083,5673,0,1.23035774982418
"11767","weekly",6083,5674,0,1.26626909567858
"11768","weekly",6083,5675,0,1.28856170433573
"11769","weekly",6083,5676,0,1.29572751000524
"11770","weekly",6083,5677,0,1.28805994646973
"11771","weekly",6083,5678,0,1.26757339513279
"11772","weekly",6083,5679,0,1.23754256154643
"11773","weekly",6083,5680,0,1.20185689473874
"11774","weekly",6083,5681,0,1.16437585826498
"11775","weekly",6083,5682,0,1.12842689466197
"11776","weekly",6083,5683,0,1.09650673266151
"11777","weekly",6083,5684,0,1.07017320417799
"11778","weekly",6083,5685,0,1.05007509546704
"11779","weekly",6083,5686,0,1.03606332626077
"11780","weekly",6083,5687,0,1.02734421938658
"11781","weekly",6083,5688,0,1.0226578664151
"11782","weekly",6083,5689,0,1.0204789947602
"11783","weekly",6083,5690,0,1.01923860269017
"11784","weekly",6083,5691,0,1.01755338025396
"11785","weekly",6083,5692,0,1.01443408697378
"11786","weekly",6083,5693,0,1.00943420347176
"11787","weekly",6083,5694,0,1.00270470621763
"11788","weekly",6083,5695,0,0.994940617441898
"11789","weekly",6083,5696,0,0.987232044455595
"11790","weekly",6083,5697,0,0.980854379682569
"11791","weekly",6083,5698,0,0.977040119294543
"11792","weekly",6083,5699,0,0.976767824962735
"11793","weekly",6083,5700,0,0.980589347454952
"11794","weekly",6083,5701,0,0.988504322507652
"11795","weekly",6083,5702,0,0.999887727375608
"11796","weekly",6083,5703,0,1.01348220344516
"11797","weekly",6083,5704,0,1.02747575327521
"11798","weekly",6083,5705,0,1.03968704905128
"11799","weekly",6083,5706,0,1.04786521242931
"11800","weekly",6083,5707,0,1.05007597990334
"11801","weekly",6083,5708,0,1.04510218114592
"11802","weekly",6083,5709,0,1.03275633780868
"11803","weekly",6083,5710,0,1.01401062236982
"11804","weekly",6083,5711,0,0.990901047189254
"11805","weekly",6083,5712,0,0.966238278051605
"11806","weekly",6083,5713,0,0.943219343927922
"11807","weekly",6083,5714,0,0.925052301725373
"11808","weekly",6083,5715,0,0.914675539796008
"11809","weekly",6083,5716,0,0.9145961215836
"11810","weekly",6083,5717,0,0.926835403748555
"11811","weekly",6083,5718,0,0.952843255305197
"11812","weekly",6083,5719,0,0.993403009139001
"11813","weekly",6083,5720,0,1.04847854183754
"11814","weekly",6083,5721,0,1.11690093809739
"11815","weekly",6083,5722,0,1.19602555650636
"11816","weekly",6083,5723,0,1.28147112758597
"11817","weekly",6083,5724,0,1.36713039741153
"11818","weekly",6083,5725,0,1.44563574029598
"11819","weekly",6083,5726,0,1.5093479930365
"11820","weekly",6083,5727,0,1.55171989955124
"11821","weekly",6083,5728,0,1.56865894896328
"11822","weekly",6083,5729,0,1.55942191634676
"11823","weekly",6083,5730,0,1.52670835482422
"11824","weekly",6083,5731,0,1.47593310571392
"11825","weekly",6083,5732,0,1.41397374682128
"11826","weekly",6083,5733,0,1.34783525418607
"11827","weekly",6083,5734,0,1.28360312373843
"11828","weekly",6083,5735,0,1.22585484376759
"11829","weekly",6083,5736,0,1.17750052278279
"11830","weekly",6083,5737,0,1.13991197515861
"11831","weekly",6083,5738,0,1.11318554953323
"11832","weekly",6083,5739,0,1.09643028039136
"11833","weekly",6083,5740,0,1.08803513247403
"11834","weekly",6083,5741,0,1.08591723351856
"11835","weekly",6083,5742,0,1.08777413764619
"11836","weekly",6083,5743,0,1.09135669763782
"11837","weekly",6083,5744,0,1.09475325234234
"11838","weekly",6083,5745,0,1.09664571913891
"11839","weekly",6083,5746,0,1.09648160505458
"11840","weekly",6083,5747,0,1.09451483900193
"11841","weekly",6083,5748,0,1.09170076475129
"11842","weekly",6083,5749,0,1.08947076252662
"11843","weekly",6083,5750,0,1.08943984215148
"11844","weekly",6083,5751,0,1.09310498688137
"11845","weekly",6083,5752,0,1.10157656783122
"11846","weekly",6083,5753,0,1.11536366076325
"11847","weekly",6083,5754,0,1.13422095141141
"11848","weekly",6083,5755,0,1.15706695438712
"11849","weekly",6083,5756,0,1.18199688527966
"11850","weekly",6083,5757,0,1.20642612775555
"11851","weekly",6083,5758,0,1.22739514397108
"11852","weekly",6083,5759,0,1.24203178167227
"11853","weekly",6083,5760,0,1.24810574526782
"11854","weekly",6083,5761,0,1.2445480634633
"11855","weekly",6083,5762,0,1.23178475358873
"11856","weekly",6083,5763,0,1.2117760014371
"11857","weekly",6083,5764,0,1.1877504226577
"11858","weekly",6083,5765,0,1.16373052360723
"11859","weekly",6083,5766,0,1.14400445652427
"11860","weekly",6083,5767,0,1.13268459663959
"11861","weekly",6083,5768,0,1.13342278572964
"11862","weekly",6083,5769,0,1.14926723836106
"11863","weekly",6083,5770,0,1.18258374236757
"11864","weekly",6083,5771,0,1.23493979201885
"11865","weekly",6083,5772,0,1.30686460383004
"11866","weekly",6083,5773,0,1.39744749086094
"11867","weekly",6083,5774,0,1.50382134658867
"11868","weekly",6083,5775,0,1.62069008508115
"11869","weekly",6083,5776,0,1.74016618641326
"11870","weekly",6083,5777,0,1.85221800103318
"11871","weekly",6083,5778,0,1.94590546839754
"11872","weekly",6083,5779,0,2.01128469736432
"11873","weekly",6083,5780,0,2.0414927501115
"11874","weekly",6083,5781,0,2.03430357726756
"11875","weekly",6083,5782,0,1.9925632654049
"11876","weekly",6083,5783,0,1.92335201762035
"11877","weekly",6083,5784,0,1.83623631557566
"11878","weekly",6083,5785,0,1.74127077602316
"11879","weekly",6083,5786,0,1.64735886148992
"11880","weekly",6083,5787,0,1.56128963213996
"11881","weekly",6083,5788,0,1.48744532337878
"11882","weekly",6083,5789,0,1.42797661630902
"11883","weekly",6083,5790,0,1.38320152918459
"11884","weekly",6083,5791,0,1.35204678741866
"11885","weekly",6083,5792,0,1.3324457493145
"11886","weekly",6083,5793,0,1.32168495299993
"11887","weekly",6083,5794,0,1.31673101038905
"11888","weekly",6083,5795,0,1.31456935359165
"11889","weekly",6083,5796,0,1.31255655406858
"11890","weekly",6083,5797,0,1.30874751639203
"11891","weekly",6083,5798,0,1.30213109758915
"11892","weekly",6083,5799,0,1.29271077291924
"11893","weekly",6083,5800,0,1.28140281134984
"11894","weekly",6083,5801,0,1.26977582054678
"11895","weekly",6083,5802,0,1.25969635829097
"11896","weekly",6083,5803,0,1.25295747158816
"11897","weekly",6083,5804,0,1.25095085267094
"11898","weekly",6083,5805,0,1.25441442598822
"11899","weekly",6083,5806,0,1.26326447716565
"11900","weekly",6083,5807,0,1.27651582536055
"11901","weekly",6083,5808,0,1.29230350410216
"11902","weekly",6083,5809,0,1.30803275102517
"11903","weekly",6083,5810,0,1.32068354502553
"11904","weekly",6083,5811,0,1.32726776908385
"11905","weekly",6083,5812,0,1.3253817371442
"11906","weekly",6083,5813,0,1.3137358626991
"11907","weekly",6083,5814,0,1.29252942948369
"11908","weekly",6083,5815,0,1.26348902733298
"11909","weekly",6083,5816,0,1.22962980440934
"11910","weekly",6083,5817,0,1.19481660291785
"11911","weekly",6083,5818,0,1.16319512552582
"11912","weekly",6083,5819,0,1.13870932484861
"11913","weekly",6083,5820,0,1.1247747016314
"11914","weekly",6083,5821,0,1.12411060478189
"11915","weekly",6083,5822,0,1.13866910082288
"11916","weekly",6083,5823,0,1.16957025128067
"11917","weekly",6083,5824,0,1.21696426381823
"11918","weekly",6083,5825,0,1.27978312797495
"11919","weekly",6083,5826,0,1.35541186656337
"11920","weekly",6083,5827,0,1.43939350431901
"11921","weekly",6083,5828,0,1.52535837062169
"11922","weekly",6083,5829,0,1.60539088243968
"11923","weekly",6083,5830,0,1.67096165523981
"11924","weekly",6083,5831,0,1.71434370201314
"11925","weekly",6083,5832,0,1.73016869215644
"11926","weekly",6083,5833,0,1.71661262583802
"11927","weekly",6083,5834,0,1.6757669854851
"11928","weekly",6083,5835,0,1.61305480342708
"11929","weekly",6083,5836,0,1.53593003298738
"11930","weekly",6083,5837,0,1.45233855946572
"11931","weekly",6083,5838,0,1.36941051695612
"11932","weekly",6083,5839,0,1.29265279814717
"11933","weekly",6083,5840,0,1.22566659445874
"11934","weekly",6083,5841,0,1.17025063632173
"11935","weekly",6083,5842,0,1.1267038017686
"11936","weekly",6083,5843,0,1.09417912561912
"11937","weekly",6083,5844,0,1.07101187005173
"11938","weekly",6083,5845,0,1.0550066937285
"11939","weekly",6083,5846,0,1.04370378461317
"11940","weekly",6083,5847,0,1.03464787328267
"11941","weekly",6083,5848,0,1.02566409495194
"11942","weekly",6083,5849,0,1.0151145014388
"11943","weekly",6083,5850,0,1.00208633573493
"11944","weekly",6083,5851,0,0.986462806846248
"11945","weekly",6083,5852,0,0.968852470221464
"11946","weekly",6083,5853,0,0.950392944068881
"11947","weekly",6083,5854,0,0.932478633185383
"11948","weekly",6083,5855,0,0.916474745201413
"11949","weekly",6083,5856,0,0.903469123557443
"11950","weekly",6083,5857,0,0.894090003712336
"11951","weekly",6083,5858,0,0.888396466703853
"11952","weekly",6083,5859,0,0.885838810208952
"11953","weekly",6083,5860,0,0.885288889869116
"11954","weekly",6083,5861,0,0.885148445202503
"11955","weekly",6083,5862,0,0.883545541553758
"11956","weekly",6083,5863,0,0.878616373316618
"11957","weekly",6083,5864,0,0.868840518844081
"11958","weekly",6083,5865,0,0.853363178204745
"11959","weekly",6083,5866,0,0.832218569266843
"11960","weekly",6083,5867,0,0.806383250077488
"11961","weekly",6083,5868,0,0.777638340281555
"11962","weekly",6083,5869,0,0.748284036031691
"11963","weekly",6083,5870,0,0.720795634377282
"11964","weekly",6083,5871,0,0.697515204665251
"11965","weekly",6083,5872,0,0.680439316172851
"11966","weekly",6083,5873,0,0.671112868236378
"11967","weekly",6083,5874,0,0.670596887386637
"11968","weekly",6083,5875,0,0.679458108730614
"11969","weekly",6083,5876,0,0.697731441730866
"11970","weekly",6083,5877,0,0.72482793306699
"11971","weekly",6083,5878,0,0.759395355416927
"11972","weekly",6083,5879,0,0.799180919770151
"11973","weekly",6083,5880,0,0.840985452581663
"11974","weekly",6083,5881,0,0.880815220036311
"11975","weekly",6083,5882,0,0.914305455313297
"11976","weekly",6083,5883,0,0.937396318739047
"11977","weekly",6083,5884,0,0.947113433736376
"11978","weekly",6083,5885,0,0.94220912916353
"11979","weekly",6083,5886,0,0.923429565271363
"11980","weekly",6083,5887,0,0.893304228986381
"11981","weekly",6083,5888,0,0.855542467179475
"11982","weekly",6083,5889,0,0.814260407438269
"11983","weekly",6083,5890,0,0.773281911562663
"11984","weekly",6083,5891,0,0.735671334899962
"11985","weekly",6083,5892,0,0.703532720421208
"11986","weekly",6083,5893,0,0.678017083904706
"11987","weekly",6083,5894,0,0.65944470159593
"11988","weekly",6083,5895,0,0.647462817141786
"11989","weekly",6083,5896,0,0.641195224394323
"11990","weekly",6083,5897,0,0.6393762078078
"11991","weekly",6083,5898,0,0.640484361472772
"11992","weekly",6083,5899,0,0.642896879668115
"11993","weekly",6083,5900,0,0.645072716230061
"11994","weekly",6083,5901,0,0.645749786519445
"11995","weekly",6083,5902,0,0.644118795287795
"11996","weekly",6083,5903,0,0.639927654963685
"11997","weekly",6083,5904,0,0.633483282814268
"11998","weekly",6083,5905,0,0.625547326344531
"11999","weekly",6083,5906,0,0.617154199833749
"12000","weekly",6083,5907,0,0.609398024884285
"12001","weekly",6083,5908,0,0.60323325326317
"12002","weekly",6083,5909,0,0.599317520449404
"12003","weekly",6083,5910,0,0.597917376289843
"12004","weekly",6083,5911,0,0.598832637042506
"12005","weekly",6083,5912,0,0.601393329969142
"12006","weekly",6083,5913,0,0.60453414299991
"12007","weekly",6083,5914,0,0.606903730076738
"12008","weekly",6083,5915,0,0.607059159054188
"12009","weekly",6083,5916,0,0.603719958133297
"12010","weekly",6083,5917,0,0.59603729902301
"12011","weekly",6083,5918,0,0.583809704490704
"12012","weekly",6083,5919,0,0.567577381443698
"12013","weekly",6083,5920,0,0.548560901283054
"12014","weekly",6083,5921,0,0.528463948896388
"12015","weekly",6083,5922,0,0.509206436719978
"12016","weekly",6083,5923,0,0.492669061379274
"12017","weekly",6083,5924,0,0.480509009066736
"12018","weekly",6083,5925,0,0.474065015616361
"12019","weekly",6083,5926,0,0.474330861674389
"12020","weekly",6083,5927,0,0.481954322138336
"12021","weekly",6083,5928,0,0.497216419695178
"12022","weekly",6083,5929,0,0.519959717406891
"12023","weekly",6083,5930,0,0.549460420617834
"12024","weekly",6083,5931,0,0.584274839260615
"12025","weekly",6083,5932,0,0.622130673000356
"12026","weekly",6083,5933,0,0.659962038713275
"12027","weekly",6083,5934,0,0.694178323989036
"12028","weekly",6083,5935,0,0.721189316333039
"12029","weekly",6083,5936,0,0.738091885228641
"12030","weekly",6083,5937,0,0.743312106525991
"12031","weekly",6083,5938,0,0.736968275450636
"12032","weekly",6083,5939,0,0.720813773834379
"12033","weekly",6083,5940,0,0.697791138867615
"12034","weekly",6083,5941,0,0.671378638769966
"12035","weekly",6083,5942,0,0.644956156087574
"12036","weekly",6083,5943,0,0.621353106369497
"12037","weekly",6083,5944,0,0.602627784741344
"12038","weekly",6083,5945,0,0.590033970511286
"12039","weekly",6083,5946,0,0.584090743359411
"12040","weekly",6083,5947,0,0.584680264408235
"12041","weekly",6083,5948,0,0.591132742265472
"12042","weekly",6083,5949,0,0.602296242810553
"12043","weekly",6083,5950,0,0.616617450985359
"12044","weekly",6083,5951,0,0.632269706606166
"12045","weekly",6083,5952,0,0.647352241910994
"12046","weekly",6083,5953,0,0.660151747841155
"12047","weekly",6083,5954,0,0.669417058612453
"12048","weekly",6083,5955,0,0.674571489857044
"12049","weekly",6083,5956,0,0.675793859903933
"12050","weekly",6083,5957,0,0.67393953242572
"12051","weekly",6083,5958,0,0.670326635648962
"12052","weekly",6083,5959,0,0.666451382159721
"12053","weekly",6083,5960,0,0.663703187194187
"12054","weekly",6083,5961,0,0.663129335211124
"12055","weekly",6083,5962,0,0.665269015560625
"12056","weekly",6083,5963,0,0.670056271716021
"12057","weekly",6083,5964,0,0.676788939104881
"12058","weekly",6083,5965,0,0.684171772969421
"12059","weekly",6083,5966,0,0.69045383532648
"12060","weekly",6083,5967,0,0.693677357019624
"12061","weekly",6083,5968,0,0.692027686454821
"12062","weekly",6083,5969,0,0.684226210199995
"12063","weekly",6083,5970,0,0.669863865012303
"12064","weekly",6083,5971,0,0.649564930441556
"12065","weekly",6083,5972,0,0.624917693785392
"12066","weekly",6083,5973,0,0.598194019898074
"12067","weekly",6083,5974,0,0.571958039829042
"12068","weekly",6083,5975,0,0.548691774252802
"12069","weekly",6083,5976,0,0.53053294061101
"12070","weekly",6083,5977,0,0.519154097186401
"12071","weekly",6083,5978,0,0.515750841645058
"12072","weekly",6083,5979,0,0.521073844545754
"12073","weekly",6083,5980,0,0.535437597456621
"12074","weekly",6083,5981,0,0.558659087109845
"12075","weekly",6083,5982,0,0.589914419862907
"12076","weekly",6083,5983,0,0.627547695388785
"12077","weekly",6083,5984,0,0.668919129180722
"12078","weekly",6083,5985,0,0.710420442803297
"12079","weekly",6083,5986,0,0.747780625009909
"12080","weekly",6083,5987,0,0.776702034607297
"12081","weekly",6083,5988,0,0.793712889426388
"12082","weekly",6083,5989,0,0.796970283903647
"12083","weekly",6083,5990,0,0.786705795850139
"12084","weekly",6083,5991,0,0.76513053177041
"12085","weekly",6083,5992,0,0.735848685086239
"12086","weekly",6083,5993,0,0.703026223054621
"12087","weekly",6083,5994,0,0.670612214511493
"12088","weekly",6083,5995,0,0.641814046830405
"12089","weekly",6083,5996,0,0.61887321062386
"12090","weekly",6083,5997,0,0.603069486707682
"12091","weekly",6083,5998,0,0.594838257791707
"12092","weekly",6083,5999,0,0.593905076530064
"12093","weekly",6083,6000,0,0.59938998875441
"12094","weekly",6083,6001,0,0.609883664728841
"12095","weekly",6083,6002,0,0.623532382334815
"12096","weekly",6083,6003,0,0.638180559733883
"12097","weekly",6083,6004,0,0.65160273827496
"12098","weekly",6083,6005,0,0.661814136430621
"12099","weekly",6083,6006,0,0.667396663688123
"12100","weekly",6083,6007,0,0.667753013636684
"12101","weekly",6083,6008,0,0.663167595339473
"12102","weekly",6083,6009,0,0.654689777060412
"12103","weekly",6083,6010,0,0.64387812797213
"12104","weekly",6083,6011,0,0.632447215903085
"12105","weekly",6083,6012,0,0.621944213256938
"12106","weekly",6083,6013,0,0.613504023029236
"12107","weekly",6083,6014,0,0.607699562300695
"12108","weekly",6083,6015,0,0.604476913082181
"12109","weekly",6083,6016,0,0.60316112061264
"12110","weekly",6083,6017,0,0.602530915522948
"12111","weekly",6083,6018,0,0.600974463392049
"12112","weekly",6083,6019,0,0.596737361454871
"12113","weekly",6083,6020,0,0.588249347900273
"12114","weekly",6083,6021,0,0.574473254178884
"12115","weekly",6083,6022,0,0.555181984120281
"12116","weekly",6083,6023,0,0.531067381467437
"12117","weekly",6083,6024,0,0.503633704560343
"12118","weekly",6083,6025,0,0.474909310345538
"12119","weekly",6083,6026,0,0.447078343597241
"12120","weekly",6083,6027,0,0.422151257866062
"12121","weekly",6083,6028,0,0.401754908263683
"12122","weekly",6083,6029,0,0.387058939231792
"12123","weekly",6083,6030,0,0.378801472252235
"12124","weekly",6083,6031,0,0.377352985902689
"12125","weekly",6083,6032,0,0.382761099230265
"12126","weekly",6083,6033,0,0.394739430776099
"12127","weekly",6083,6034,0,0.412591922882712
"12128","weekly",6083,6035,0,0.435096941480879
"12129","weekly",6083,6036,0,0.46041054156376
"12130","weekly",6083,6037,0,0.486075017426629
"12131","weekly",6083,6038,0,0.509215743280947
"12132","weekly",6083,6039,0,0.526955182955135
"12133","weekly",6083,6040,0,0.536971715861
"12134","weekly",6083,6041,0,0.538029493094655
"12135","weekly",6083,6042,0,0.530275198805612
"12136","weekly",6083,6043,0,0.515177867928287
"12137","weekly",6083,6044,0,0.495141439401777
"12138","weekly",6083,6045,0,0.472952513577184
"12139","weekly",6083,6046,0,0.451261800539214
"12140","weekly",6083,6047,0,0.432234759646235
"12141","weekly",6083,6048,0,0.417403538769577
"12142","weekly",6083,6049,0,0.407671888591722
"12143","weekly",6083,6050,0,0.403394832886988
"12144","weekly",6083,6051,0,0.404467156506144
"12145","weekly",6083,6052,0,0.410386951116379
"12146","weekly",6083,6053,0,0.420294209587155
"12147","weekly",6083,6054,0,0.433009628934087
"12148","weekly",6083,6055,0,0.44710959578515
"12149","weekly",6083,6056,0,0.461065476236399
"12150","weekly",6083,6057,0,0.473448387812823
"12151","weekly",6083,6058,0,0.483163380558835
"12152","weekly",6083,6059,0,0.489648150076391
"12153","weekly",6083,6060,0,0.492970377352322
"12154","weekly",6083,6061,0,0.493789543543244
"12155","weekly",6083,6062,0,0.493197539763059
"12156","weekly",6083,6063,0,0.492490632663248
"12157","weekly",6083,6064,0,0.492934914014768
"12158","weekly",6083,6065,0,0.495569724327652
"12159","weekly",6083,6066,0,0.501065289427061
"12160","weekly",6083,6067,0,0.50963001724449
"12161","weekly",6083,6068,0,0.520958831912139
"12162","weekly",6083,6069,0,0.534224935021484
"12163","weekly",6083,6070,0,0.548133840464288
"12164","weekly",6083,6071,0,0.56106681478559
"12165","weekly",6083,6072,0,0.571328474325128
"12166","weekly",6083,6073,0,0.577476667182054
"12167","weekly",6083,6074,0,0.578664946486242
"12168","weekly",6083,6075,0,0.574897420970956
"12169","weekly",6083,6076,0,0.567109901458025
"12170","weekly",6083,6077,0,0.557052681106143
"12171","weekly",6083,6078,0,0.547028381988639
"12172","weekly",6083,6079,0,0.539588775543962
"12173","weekly",6083,6080,0,0.537291950895451
"12174","weekly",6083,6081,0,0.542574832827086
"12175","infects",6083,0,0,264.20156683026
"12176","infects",6083,1,0,253.929668416597
"12177","infects",6083,2,0,244.693060605217
"12178","infects",6083,3,0,236.528595383339
"12179","infects",6083,4,0,229.493856605931
"12180","infects",6083,5,0,223.68594710889
"12181","infects",6083,6,0,219.246640782114
"12182","infects",6083,7,0,216.357197805251
"12183","infects",6083,8,0,215.226548021943
"12184","infects",6083,9,0,216.076138672366
"12185","infects",6083,10,0,219.123324808196
"12186","infects",6083,11,0,224.563081170036
"12187","infects",6083,12,0,232.545760419024
"12188","infects",6083,13,0,243.147502329104
"12189","infects",6083,14,0,256.330556139639
"12190","infects",6083,15,0,271.893884319876
"12191","infects",6083,16,0,289.420245497914
"12192","infects",6083,17,0,308.233848988927
"12193","infects",6083,18,0,327.390238252787
"12194","infects",6083,19,0,345.722744192547
"12195","infects",6083,20,0,361.962098944929
"12196","infects",6083,21,0,374.924616829388
"12197","infects",6083,22,0,383.734023855443
"12198","infects",6083,23,0,388.016000690541
"12199","infects",6083,24,0,387.999979121052
"12200","infects",6083,25,0,384.488664973258
"12201","infects",6083,26,0,378.703151480778
"12202","infects",6083,27,0,372.056194871697
"12203","infects",6083,28,0,365.924766518961
"12204","infects",6083,29,0,361.478690614826
"12205","infects",6083,30,0,359.587852602091
"12206","infects",6083,31,0,360.79691398482
"12207","infects",6083,32,0,365.33827004027
"12208","infects",6083,33,0,373.153700903582
"12209","infects",6083,34,0,383.906909692588
"12210","infects",6083,35,0,396.985146367974
"12211","infects",6083,36,0,411.502557018263
"12212","infects",6083,37,0,426.361153032712
"12213","infects",6083,38,0,440.19997571997
"12214","infects",6083,39,0,451.68943638975
"12215","infects",6083,40,0,459.613281219097
"12216","infects",6083,41,0,463.081810030589
"12217","infects",6083,42,0,461.686319442989
"12218","infects",6083,43,0,455.565510569315
"12219","infects",6083,44,0,445.358717837455
"12220","infects",6083,45,0,432.059067448561
"12221","infects",6083,46,0,416.812622490161
"12222","infects",6083,47,0,400.72161283419
"12223","infects",6083,48,0,384.698124736914
"12224","infects",6083,49,0,369.389090636468
"12225","infects",6083,50,0,355.168403575031
"12226","infects",6083,51,0,342.177088462132
"12227","infects",6083,52,0,330.389159450409
"12228","infects",6083,53,0,319.684885484141
"12229","infects",6083,54,0,309.919347696555
"12230","infects",6083,55,0,300.979040816061
"12231","infects",6083,56,0,292.822128479967
"12232","infects",6083,57,0,285.499785239663
"12233","infects",6083,58,0,279.158093241344
"12234","infects",6083,59,0,274.022658619667
"12235","infects",6083,60,0,270.370827957881
"12236","infects",6083,61,0,268.497889734654
"12237","infects",6083,62,0,268.68304509818
"12238","infects",6083,63,0,271.158359260767
"12239","infects",6083,64,0,276.080531485744
"12240","infects",6083,65,0,283.502768799094
"12241","infects",6083,66,0,293.343672438508
"12242","infects",6083,67,0,305.35251188196
"12243","infects",6083,68,0,319.075401508102
"12244","infects",6083,69,0,333.833560874369
"12245","infects",6083,70,0,348.730611655242
"12246","infects",6083,71,0,362.707015484041
"12247","infects",6083,72,0,374.652309922269
"12248","infects",6083,73,0,383.568189625202
"12249","infects",6083,74,0,388.751811131668
"12250","infects",6083,75,0,389.9496457394
"12251","infects",6083,76,0,387.430584723748
"12252","infects",6083,77,0,381.948911510612
"12253","infects",6083,78,0,374.605673661582
"12254","infects",6083,79,0,366.65219303582
"12255","infects",6083,80,0,359.293905796656
"12256","infects",6083,81,0,353.541205192269
"12257","infects",6083,82,0,350.126322706951
"12258","infects",6083,83,0,349.477903108724
"12259","infects",6083,84,0,351.729747142021
"12260","infects",6083,85,0,356.73978997437
"12261","infects",6083,86,0,364.105286423624
"12262","infects",6083,87,0,373.173866962512
"12263","infects",6083,88,0,383.062227109673
"12264","infects",6083,89,0,392.700851923438
"12265","infects",6083,90,0,400.884284632214
"12266","infects",6083,91,0,406.537163818334
"12267","infects",6083,92,0,408.708824751732
"12268","infects",6083,93,0,406.834350158178
"12269","infects",6083,94,0,400.822934120059
"12270","infects",6083,95,0,391.075753546054
"12271","infects",6083,96,0,378.400969025865
"12272","infects",6083,97,0,363.849970894906
"12273","infects",6083,98,0,348.524170302232
"12274","infects",6083,99,0,333.404885193057
"12275","infects",6083,100,0,319.241559563165
"12276","infects",6083,101,0,306.507628610236
"12277","infects",6083,102,0,295.412164793435
"12278","infects",6083,103,0,285.945999894995
"12279","infects",6083,104,0,277.942400308522
"12280","infects",6083,105,0,271.139243050647
"12281","infects",6083,106,0,265.236610193799
"12282","infects",6083,107,0,259.947775874878
"12283","infects",6083,108,0,255.042315284791
"12284","infects",6083,109,0,250.378878561921
"12285","infects",6083,110,0,245.924028594529
"12286","infects",6083,111,0,241.75402931631
"12287","infects",6083,112,0,238.039026449749
"12288","infects",6083,113,0,235.012749605852
"12289","infects",6083,114,0,232.93391230707
"12290","infects",6083,115,0,232.046372096616
"12291","infects",6083,116,0,232.543510513459
"12292","infects",6083,117,0,234.539241739817
"12293","infects",6083,118,0,238.045295226931
"12294","infects",6083,119,0,242.953409994141
"12295","infects",6083,120,0,249.022374087521
"12296","infects",6083,121,0,255.872917552736
"12297","infects",6083,122,0,262.996881974191
"12298","infects",6083,123,0,269.788775156
"12299","infects",6083,124,0,275.605613703358
"12300","infects",6083,125,0,279.853655329695
"12301","infects",6083,126,0,282.089402137186
"12302","infects",6083,127,0,282.111470479752
"12303","infects",6083,128,0,280.015864699858
"12304","infects",6083,129,0,276.194445006723
"12305","infects",6083,130,0,271.273811125219
"12306","infects",6083,131,0,266.011789708713
"12307","infects",6083,132,0,261.181234598247
"12308","infects",6083,133,0,257.485172660286
"12309","infects",6083,134,0,255.434631496301
"12310","infects",6083,135,0,255.391727879962
"12311","infects",6083,136,0,257.515233399531
"12312","infects",6083,137,0,261.770860160048
"12313","infects",6083,138,0,267.930490585258
"12314","infects",6083,139,0,275.568210937126
"12315","infects",6083,140,0,284.060277006131
"12316","infects",6083,141,0,292.60330449228
"12317","infects",6083,142,0,300.266934282537
"12318","infects",6083,143,0,306.091115175473
"12319","infects",6083,144,0,309.223099496773
"12320","infects",6083,145,0,309.068967844607
"12321","infects",6083,146,0,305.418146676552
"12322","infects",6083,147,0,298.497969754954
"12323","infects",6083,148,0,288.934188258857
"12324","infects",6083,149,0,277.62604808251
"12325","infects",6083,150,0,265.574927155371
"12326","infects",6083,151,0,253.717848318995
"12327","infects",6083,152,0,242.806904280684
"12328","infects",6083,153,0,233.351410933737
"12329","infects",6083,154,0,225.615762287279
"12330","infects",6083,155,0,219.652714818457
"12331","infects",6083,156,0,215.350923675743
"12332","infects",6083,157,0,212.482476283758
"12333","infects",6083,158,0,210.745033435494
"12334","infects",6083,159,0,209.799279061064
"12335","infects",6083,160,0,209.305011176178
"12336","infects",6083,161,0,208.957935217653
"12337","infects",6083,162,0,208.525604456774
"12338","infects",6083,163,0,207.877320608047
"12339","infects",6083,164,0,207.001016810492
"12340","infects",6083,165,0,206.001570758336
"12341","infects",6083,166,0,205.079364038246
"12342","infects",6083,167,0,204.493272690545
"12343","infects",6083,168,0,204.51605320313
"12344","infects",6083,169,0,205.390610489016
"12345","infects",6083,170,0,207.293141200929
"12346","infects",6083,171,0,210.305478740898
"12347","infects",6083,172,0,214.396314213216
"12348","infects",6083,173,0,219.410636899617
"12349","infects",6083,174,0,225.068626903195
"12350","infects",6083,175,0,230.977997688771
"12351","infects",6083,176,0,236.665360812129
"12352","infects",6083,177,0,241.630502999167
"12353","infects",6083,178,0,245.421478198875
"12354","infects",6083,179,0,247.719263533768
"12355","infects",6083,180,0,248.41225121082
"12356","infects",6083,181,0,247.638327093122
"12357","infects",6083,182,0,245.779226503578
"12358","infects",6083,183,0,243.40674254737
"12359","infects",6083,184,0,241.196384662723
"12360","infects",6083,185,0,239.833037709596
"12361","infects",6083,186,0,239.912504561375
"12362","infects",6083,187,0,241.952225738659
"12363","infects",6083,188,0,246.272895275524
"12364","infects",6083,189,0,253.029794103731
"12365","infects",6083,190,0,262.182172235641
"12366","infects",6083,191,0,273.465851643037
"12367","infects",6083,192,0,286.360972171048
"12368","infects",6083,193,0,300.069528024729
"12369","infects",6083,194,0,313.527161519716
"12370","infects",6083,195,0,325.47601443023
"12371","infects",6083,196,0,334.614287834083
"12372","infects",6083,197,0,339.811271481064
"12373","infects",6083,198,0,340.341121270571
"12374","infects",6083,199,0,336.062512230613
"12375","infects",6083,200,0,327.47473145244
"12376","infects",6083,201,0,315.620583962546
"12377","infects",6083,202,0,301.86577507036
"12378","infects",6083,203,0,287.630729604254
"12379","infects",6083,204,0,274.158952274783
"12380","infects",6083,205,0,262.376145779821
"12381","infects",6083,206,0,252.848872687788
"12382","infects",6083,207,0,245.816417089746
"12383","infects",6083,208,0,241.257194817944
"12384","infects",6083,209,0,238.958293161556
"12385","infects",6083,210,0,238.572298154472
"12386","infects",6083,211,0,239.660539828371
"12387","infects",6083,212,0,241.730379148015
"12388","infects",6083,213,0,244.275940239296
"12389","infects",6083,214,0,246.827911536755
"12390","infects",6083,215,0,249.010439233461
"12391","infects",6083,216,0,250.595095855055
"12392","infects",6083,217,0,251.537279946274
"12393","infects",6083,218,0,251.982186011342
"12394","infects",6083,219,0,252.235690337796
"12395","infects",6083,220,0,252.706410384085
"12396","infects",6083,221,0,253.83329652026
"12397","infects",6083,222,0,256.014622631063
"12398","infects",6083,223,0,259.549471766179
"12399","infects",6083,224,0,264.595552719211
"12400","infects",6083,225,0,271.141901268268
"12401","infects",6083,226,0,278.99424828341
"12402","infects",6083,227,0,287.774254044899
"12403","infects",6083,228,0,296.938808170569
"12404","infects",6083,229,0,305.828427163774
"12405","infects",6083,230,0,313.773090493732
"12406","infects",6083,231,0,320.126505353348
"12407","infects",6083,232,0,324.501188062949
"12408","infects",6083,233,0,326.811867536855
"12409","infects",6083,234,0,327.342208848841
"12410","infects",6083,235,0,326.723476845975
"12411","infects",6083,236,0,325.843777573203
"12412","infects",6083,237,0,325.716484259239
"12413","infects",6083,238,0,327.346029057677
"12414","infects",6083,239,0,331.620520640437
"12415","infects",6083,240,0,339.240359255006
"12416","infects",6083,241,0,350.672009894331
"12417","infects",6083,242,0,366.105605000839
"12418","infects",6083,243,0,385.397236522447
"12419","infects",6083,244,0,407.990235267729
"12420","infects",6083,245,0,432.831094737584
"12421","infects",6083,246,0,458.31995061386
"12422","infects",6083,247,0,482.353576763213
"12423","infects",6083,248,0,502.516400746277
"12424","infects",6083,249,0,516.438064331151
"12425","infects",6083,250,0,522.264528043992
"12426","infects",6083,251,0,519.110868531006
"12427","infects",6083,252,0,507.327571138685
"12428","infects",6083,253,0,488.458728379829
"12429","infects",6083,254,0,464.891302737426
"12430","infects",6083,255,0,439.324381629987
"12431","infects",6083,256,0,414.248787339549
"12432","infects",6083,257,0,391.590659095597
"12433","infects",6083,258,0,372.574097938716
"12434","infects",6083,259,0,357.763701745454
"12435","infects",6083,260,0,347.202414043913
"12436","infects",6083,261,0,340.566210124895
"12437","infects",6083,262,0,337.290597994026
"12438","infects",6083,263,0,336.658977157364
"12439","infects",6083,264,0,337.865689815995
"12440","infects",6083,265,0,340.074466544647
"12441","infects",6083,266,0,342.488580690352
"12442","infects",6083,267,0,344.436516247884
"12443","infects",6083,268,0,345.461518324955
"12444","infects",6083,269,0,345.391707474377
"12445","infects",6083,270,0,344.36597573513
"12446","infects",6083,271,0,342.802001951055
"12447","infects",6083,272,0,341.311751861222
"12448","infects",6083,273,0,340.586856296094
"12449","infects",6083,274,0,341.28245271527
"12450","infects",6083,275,0,343.921580920845
"12451","infects",6083,276,0,348.828770922642
"12452","infects",6083,277,0,356.089655787572
"12453","infects",6083,278,0,365.529210159762
"12454","infects",6083,279,0,376.705315479802
"12455","infects",6083,280,0,388.92322336196
"12456","infects",6083,281,0,401.284327476272
"12457","infects",6083,282,0,412.783356978599
"12458","infects",6083,283,0,422.424100453941
"12459","infects",6083,284,0,429.52053625972
"12460","infects",6083,285,0,433.718323013569
"12461","infects",6083,286,0,435.198655853028
"12462","infects",6083,287,0,434.671377095297
"12463","infects",6083,288,0,433.275533764026
"12464","infects",6083,289,0,432.400438013731
"12465","infects",6083,290,0,433.483636406177
"12466","infects",6083,291,0,437.838098066958
"12467","infects",6083,292,0,446.533570298793
"12468","infects",6083,293,0,460.324048724139
"12469","infects",6083,294,0,479.591632622328
"12470","infects",6083,295,0,504.274473440666
"12471","infects",6083,296,0,533.762222644742
"12472","infects",6083,297,0,566.771629633644
"12473","infects",6083,298,0,601.251155737893
"12474","infects",6083,299,0,634.395229977557
"12475","infects",6083,300,0,662.85634973789
"12476","infects",6083,301,0,683.203318681885
"12477","infects",6083,302,0,692.577984820004
"12478","infects",6083,303,0,689.380622536451
"12479","infects",6083,304,0,673.736445781356
"12480","infects",6083,305,0,647.534616570535
"12481","infects",6083,306,0,613.994551574493
"12482","infects",6083,307,0,576.918042804381
"12483","infects",6083,308,0,539.906132686568
"12484","infects",6083,309,0,505.790551202957
"12485","infects",6083,310,0,476.38965381668
"12486","infects",6083,311,0,452.548372556083
"12487","infects",6083,312,0,434.339428434338
"12488","infects",6083,313,0,421.302792561241
"12489","infects",6083,314,0,412.647988522811
"12490","infects",6083,315,0,407.397661687359
"12491","infects",6083,316,0,404.486838543134
"12492","infects",6083,317,0,402.845410357297
"12493","infects",6083,318,0,401.486293280001
"12494","infects",6083,319,0,399.605627766672
"12495","infects",6083,320,0,396.682104550456
"12496","infects",6083,321,0,392.548685261677
"12497","infects",6083,322,0,387.40920705483
"12498","infects",6083,323,0,381.786723267721
"12499","infects",6083,324,0,376.413483453875
"12500","infects",6083,325,0,372.091869968213
"12501","infects",6083,326,0,369.589478209833
"12502","infects",6083,327,0,369.432003078263
"12503","infects",6083,328,0,371.981875682817
"12504","infects",6083,329,0,377.31899646326
"12505","infects",6083,330,0,385.245754707996
"12506","infects",6083,331,0,395.285644129744
"12507","infects",6083,332,0,406.698534602571
"12508","infects",6083,333,0,418.52660560264
"12509","infects",6083,334,0,429.68756002391
"12510","infects",6083,335,0,439.122326318017
"12511","infects",6083,336,0,445.983022354214
"12512","infects",6083,337,0,449.821091599582
"12513","infects",6083,338,0,450.71961059793
"12514","infects",6083,339,0,449.321460280909
"12515","infects",6083,340,0,446.738181809168
"12516","infects",6083,341,0,444.367775137031
"12517","infects",6083,342,0,443.679542903203
"12518","infects",6083,343,0,446.024386197373
"12519","infects",6083,344,0,452.502673964617
"12520","infects",6083,345,0,463.886707650886
"12521","infects",6083,346,0,480.569781519807
"12522","infects",6083,347,0,502.508442708212
"12523","infects",6083,348,0,529.138271611197
"12524","infects",6083,349,0,559.27083127999
"12525","infects",6083,350,0,591.013163899485
"12526","infects",6083,351,0,621.780735499309
"12527","infects",6083,352,0,648.483007481557
"12528","infects",6083,353,0,667.927740181589
"12529","infects",6083,354,0,677.407561390134
"12530","infects",6083,355,0,675.324282591471
"12531","infects",6083,356,0,661.633108881815
"12532","infects",6083,357,0,637.914506499135
"12533","infects",6083,358,0,607.018555271597
"12534","infects",6083,359,0,572.407397181026
"12535","infects",6083,360,0,537.438187325312
"12536","infects",6083,361,0,504.816736210766
"12537","infects",6083,362,0,476.335969994624
"12538","infects",6083,363,0,452.878059285894
"12539","infects",6083,364,0,434.577776829033
"12540","infects",6083,365,0,421.036150224808
"12541","infects",6083,366,0,411.511840201952
"12542","infects",6083,367,0,405.065562621088
"12543","infects",6083,368,0,400.666710911963
"12544","infects",6083,369,0,397.284927942562
"12545","infects",6083,370,0,393.985060023219
"12546","infects",6083,371,0,390.028872897093
"12547","infects",6083,372,0,384.969354638916
"12548","infects",6083,373,0,378.711861822589
"12549","infects",6083,374,0,371.517852046533
"12550","infects",6083,375,0,363.942491259038
"12551","infects",6083,376,0,356.719785605079
"12552","infects",6083,377,0,350.62600677758
"12553","infects",6083,378,0,346.355011285812
"12554","infects",6083,379,0,344.39688736609
"12555","infects",6083,380,0,345.095743837432
"12556","infects",6083,381,0,348.480767218583
"12557","infects",6083,382,0,354.346301458062
"12558","infects",6083,383,0,362.236729107399
"12559","infects",6083,384,0,371.462123895389
"12560","infects",6083,385,0,381.138611188501
"12561","infects",6083,386,0,390.268836908038
"12562","infects",6083,387,0,397.870205536427
"12563","infects",6083,388,0,403.13999305089
"12564","infects",6083,389,0,405.623350534109
"12565","infects",6083,390,0,405.334969659384
"12566","infects",6083,391,0,402.790162878873
"12567","infects",6083,392,0,398.929017350289
"12568","infects",6083,393,0,394.955909369189
"12569","infects",6083,394,0,392.1450862801
"12570","infects",6083,395,0,391.666029782784
"12571","infects",6083,396,0,394.460955791973
"12572","infects",6083,397,0,401.175998505478
"12573","infects",6083,398,0,412.124398580699
"12574","infects",6083,399,0,427.253516935836
"12575","infects",6083,400,0,446.097440926745
"12576","infects",6083,401,0,467.717922440121
"12577","infects",6083,402,0,490.661558219019
"12578","infects",6083,403,0,512.982128540543
"12579","infects",6083,404,0,532.382236123839
"12580","infects",6083,405,0,546.505040084047
"12581","infects",6083,406,0,553.350438275976
"12582","infects",6083,407,0,551.71693406037
"12583","infects",6083,408,0,541.520337968352
"12584","infects",6083,409,0,523.855901791731
"12585","infects",6083,410,0,500.760952525711
"12586","infects",6083,411,0,474.757746750331
"12587","infects",6083,412,0,448.34004470179
"12588","infects",6083,413,0,423.565595388554
"12589","infects",6083,414,0,401.842477829811
"12590","infects",6083,415,0,383.904329637354
"12591","infects",6083,416,0,369.90893713194
"12592","infects",6083,417,0,359.583331286606
"12593","infects",6083,418,0,352.361806349492
"12594","infects",6083,419,0,347.496216711731
"12595","infects",6083,420,0,344.14358142744
"12596","infects",6083,421,0,341.446410901875
"12597","infects",6083,422,0,338.618456537653
"12598","infects",6083,423,0,335.058375995009
"12599","infects",6083,424,0,330.356197887746
"12600","infects",6083,425,0,324.457612331855
"12601","infects",6083,426,0,317.603821811481
"12602","infects",6083,427,0,310.291983444174
"12603","infects",6083,428,0,303.17457539069
"12604","infects",6083,429,0,296.939365586493
"12605","infects",6083,430,0,292.200031301711
"12606","infects",6083,431,0,289.417440200212
"12607","infects",6083,432,0,288.855905815629
"12608","infects",6083,433,0,290.566271097352
"12609","infects",6083,434,0,294.383676415402
"12610","infects",6083,435,0,299.932218412802
"12611","infects",6083,436,0,306.637671605507
"12612","infects",6083,437,0,313.75808444757
"12613","infects",6083,438,0,320.445649386778
"12614","infects",6083,439,0,325.84819877784
"12615","infects",6083,440,0,329.244228560375
"12616","infects",6083,441,0,330.18580597511
"12617","infects",6083,442,0,328.608865980362
"12618","infects",6083,443,0,324.8712913985
"12619","infects",6083,444,0,319.700069243777
"12620","infects",6083,445,0,314.06149797317
"12621","infects",6083,446,0,308.995547110113
"12622","infects",6083,447,0,305.462272723076
"12623","infects",6083,448,0,304.232906704613
"12624","infects",6083,449,0,305.832174123838
"12625","infects",6083,450,0,310.516578417277
"12626","infects",6083,451,0,318.264963339551
"12627","infects",6083,452,0,328.763134392082
"12628","infects",6083,453,0,341.37898147796
"12629","infects",6083,454,0,355.142503779816
"12630","infects",6083,455,0,368.760473072907
"12631","infects",6083,456,0,380.701149020886
"12632","infects",6083,457,0,389.372677228259
"12633","infects",6083,458,0,393.385749495234
"12634","infects",6083,459,0,391.844745330154
"12635","infects",6083,460,0,384.574895048471
"12636","infects",6083,461,0,372.194069586508
"12637","infects",6083,462,0,355.988078069164
"12638","infects",6083,463,0,337.626812196131
"12639","infects",6083,464,0,318.821041213114
"12640","infects",6083,465,0,301.030668603216
"12641","infects",6083,466,0,285.294442026425
"12642","infects",6083,467,0,272.1897629783
"12643","infects",6083,468,0,261.885183927299
"12644","infects",6083,469,0,254.233923231048
"12645","infects",6083,470,0,248.868454266407
"12646","infects",6083,471,0,245.27810593142
"12647","infects",6083,472,0,242.870382123867
"12648","infects",6083,473,0,241.026300001763
"12649","infects",6083,474,0,239.159996377704
"12650","infects",6083,475,0,236.785538343557
"12651","infects",6083,476,0,233.564143095844
"12652","infects",6083,477,0,229.422914142447
"12653","infects",6083,478,0,224.478074178826
"12654","infects",6083,479,0,219.060687114891
"12655","infects",6083,480,0,213.637942386299
"12656","infects",6083,481,0,208.7256958775
"12657","infects",6083,482,0,204.803797589772
"12658","infects",6083,483,0,202.251936883389
"12659","infects",6083,484,0,201.31210378851
"12660","infects",6083,485,0,202.072939413337
"12661","infects",6083,486,0,204.46626843806
"12662","infects",6083,487,0,208.267948471991
"12663","infects",6083,488,0,213.101608135335
"12664","infects",6083,489,0,218.451354132939
"12665","infects",6083,490,0,223.694483691764
"12666","infects",6083,491,0,228.164404076354
"12667","infects",6083,492,0,231.245398635986
"12668","infects",6083,493,0,232.485879262848
"12669","infects",6083,494,0,231.701451252076
"12670","infects",6083,495,0,229.032984299482
"12671","infects",6083,496,0,224.935032468763
"12672","infects",6083,497,0,220.094352487196
"12673","infects",6083,498,0,215.304694019483
"12674","infects",6083,499,0,211.337617039162
"12675","infects",6083,500,0,208.843100612
"12676","infects",6083,501,0,208.293879151055
"12677","infects",6083,502,0,209.966451873592
"12678","infects",6083,503,0,213.939830400562
"12679","infects",6083,504,0,220.093201496955
"12680","infects",6083,505,0,228.092812327058
"12681","infects",6083,506,0,237.371812725544
"12682","infects",6083,507,0,247.12029004538
"12683","infects",6083,508,0,256.311969511262
"12684","infects",6083,509,0,263.793385384134
"12685","infects",6083,510,0,268.445262491904
"12686","infects",6083,511,0,269.394382787741
"12687","infects",6083,512,0,266.218711746223
"12688","infects",6083,513,0,259.070602264558
"12689","infects",6083,514,0,248.661225465948
"12690","infects",6083,515,0,236.102109711069
"12691","infects",6083,516,0,222.659294256172
"12692","infects",6083,517,0,209.506754180801
"12693","infects",6083,518,0,197.552323572258
"12694","infects",6083,519,0,187.382307975762
"12695","infects",6083,520,0,179.21249507107
"12696","infects",6083,521,0,173.039592206038
"12697","infects",6083,522,0,168.654699538989
"12698","infects",6083,523,0,165.730661606034
"12699","infects",6083,524,0,163.870273917494
"12700","infects",6083,525,0,162.638313507267
"12701","infects",6083,526,0,161.601182351306
"12702","infects",6083,527,0,160.37266000266
"12703","infects",6083,528,0,158.663538463243
"12704","infects",6083,529,0,156.326094476291
"12705","infects",6083,530,0,153.379738893514
"12706","infects",6083,531,0,150.006634561641
"12707","infects",6083,532,0,146.515312529826
"12708","infects",6083,533,0,143.281799455278
"12709","infects",6083,534,0,140.68508323283
"12710","infects",6083,535,0,139.052976280263
"12711","infects",6083,536,0,138.626816244094
"12712","infects",6083,537,0,139.544004245612
"12713","infects",6083,538,0,141.831177403785
"12714","infects",6083,539,0,145.400102454543
"12715","infects",6083,540,0,150.042433144698
"12716","infects",6083,541,0,155.425999190258
"12717","infects",6083,542,0,161.101576255544
"12718","infects",6083,543,0,166.532225818072
"12719","infects",6083,544,0,171.154381593717
"12720","infects",6083,545,0,174.469332031034
"12721","infects",6083,546,0,176.147882890478
"12722","infects",6083,547,0,176.117272761932
"12723","infects",6083,548,0,174.597710194593
"12724","infects",6083,549,0,172.071214125691
"12725","infects",6083,550,0,169.191838387689
"12726","infects",6083,551,0,166.669052763936
"12727","infects",6083,552,0,165.161855615983
"12728","infects",6083,553,0,165.20839553867
"12729","infects",6083,554,0,167.194360833276
"12730","infects",6083,555,0,171.345892951736
"12731","infects",6083,556,0,177.726357238801
"12732","infects",6083,557,0,186.220666418402
"12733","infects",6083,558,0,196.502132590305
"12734","infects",6083,559,0,207.991360998681
"12735","infects",6083,560,0,219.831396491929
"12736","infects",6083,561,0,230.913351160415
"12737","infects",6083,562,0,239.984064026319
"12738","infects",6083,563,0,245.844113588158
"12739","infects",6083,564,0,247.601825291271
"12740","infects",6083,565,0,244.904810667536
"12741","infects",6083,566,0,238.055461833958
"12742","infects",6083,567,0,227.951891288189
"12743","infects",6083,568,0,215.869544550665
"12744","infects",6083,569,0,203.167984270377
"12745","infects",6083,570,0,191.02933302897
"12746","infects",6083,571,0,180.301410655029
"12747","infects",6083,572,0,171.444251525433
"12748","infects",6083,573,0,164.630437898241
"12749","infects",6083,574,0,159.752959832254
"12750","infects",6083,575,0,156.549581140229
"12751","infects",6083,576,0,154.654955013726
"12752","infects",6083,577,0,153.645437535292
"12753","infects",6083,578,0,153.077173287224
"12754","infects",6083,579,0,152.527821273391
"12755","infects",6083,580,0,151.645951267109
"12756","infects",6083,581,0,150.20273673792
"12757","infects",6083,582,0,148.132587102405
"12758","infects",6083,583,0,145.54753461531
"12759","infects",6083,584,0,142.716835874918
"12760","infects",6083,585,0,140.015733878104
"12761","infects",6083,586,0,137.858764703687
"12762","infects",6083,587,0,136.636737599371
"12763","infects",6083,588,0,136.67096128532
"12764","infects",6083,589,0,138.187645486369
"12765","infects",6083,590,0,141.306089533886
"12766","infects",6083,591,0,146.030578140072
"12767","infects",6083,592,0,152.238462440688
"12768","infects",6083,593,0,159.663875858641
"12769","infects",6083,594,0,167.885270998765
"12770","infects",6083,595,0,176.332382501497
"12771","infects",6083,596,0,184.330346404452
"12772","infects",6083,597,0,191.191297030416
"12773","infects",6083,598,0,196.345431880384
"12774","infects",6083,599,0,199.479980965748
"12775","infects",6083,600,0,200.63907533321
"12776","infects",6083,601,0,200.243808661186
"12777","infects",6083,602,0,199.021656408716
"12778","infects",6083,603,0,197.872432923275
"12779","infects",6083,604,0,197.721029272165
"12780","infects",6083,605,0,199.402363042596
"12781","infects",6083,606,0,203.597697123408
"12782","infects",6083,607,0,210.811929510822
"12783","infects",6083,608,0,221.363759782557
"12784","infects",6083,609,0,235.35914330692
"12785","infects",6083,610,0,252.629753545746
"12786","infects",6083,611,0,272.637948805472
"12787","infects",6083,612,0,294.375378054357
"12788","infects",6083,613,0,316.309477235903
"12789","infects",6083,614,0,336.448725357782
"12790","infects",6083,615,0,352.583649631944
"12791","infects",6083,616,0,362.722691301682
"12792","infects",6083,617,0,365.500184106772
"12793","infects",6083,618,0,360.668225694325
"12794","infects",6083,619,0,349.144108459925
"12795","infects",6083,620,0,332.789405791731
"12796","infects",6083,621,0,313.926245914189
"12797","infects",6083,622,0,294.802724804051
"12798","infects",6083,623,0,277.195980760701
"12799","infects",6083,624,0,262.239208443397
"12800","infects",6083,625,0,250.445120277486
"12801","infects",6083,626,0,241.837374859843
"12802","infects",6083,627,0,236.103592748917
"12803","infects",6083,628,0,232.720584175114
"12804","infects",6083,629,0,231.041827813404
"12805","infects",6083,630,0,230.361640530431
"12806","infects",6083,631,0,229.977254397669
"12807","infects",6083,632,0,229.262940566663
"12808","infects",6083,633,0,227.755021151748
"12809","infects",6083,634,0,225.230252575648
"12810","infects",6083,635,0,221.751155089104
"12811","infects",6083,636,0,217.657011993924
"12812","infects",6083,637,0,213.497795528308
"12813","infects",6083,638,0,209.93044038971
"12814","infects",6083,639,0,207.609531308208
"12815","infects",6083,640,0,207.100601622561
"12816","infects",6083,641,0,208.827838650117
"12817","infects",6083,642,0,213.049946256068
"12818","infects",6083,643,0,219.847729358709
"12819","infects",6083,644,0,229.107850698273
"12820","infects",6083,645,0,240.496990034914
"12821","infects",6083,646,0,253.435014669106
"12822","infects",6083,647,0,267.089886572164
"12823","infects",6083,648,0,280.424727544491
"12824","infects",6083,649,0,292.321184883592
"12825","infects",6083,650,0,301.777957797605
"12826","infects",6083,651,0,308.144124850038
"12827","infects",6083,652,0,311.313237157034
"12828","infects",6083,653,0,311.801696574592
"12829","infects",6083,654,0,310.675188044465
"12830","infects",6083,655,0,309.351538785812
"12831","infects",6083,656,0,309.358099054062
"12832","infects",6083,657,0,312.126555761948
"12833","infects",6083,658,0,318.87021306183
"12834","infects",6083,659,0,330.536701466789
"12835","infects",6083,660,0,347.792192240357
"12836","infects",6083,661,0,370.983542320131
"12837","infects",6083,662,0,400.038740577259
"12838","infects",6083,663,0,434.296415193289
"12839","infects",6083,664,0,472.298544745538
"12840","infects",6083,665,0,511.632618492414
"12841","infects",6083,666,0,548.953247345518
"12842","infects",6083,667,0,580.312271810763
"12843","infects",6083,668,0,601.84073496463
"12844","infects",6083,669,0,610.604401224908
"12845","infects",6083,670,0,605.603914242285
"12846","infects",6083,671,0,587.920517280667
"12847","infects",6083,672,0,560.575287259127
"12848","infects",6083,673,0,527.681705331428
"12849","infects",6083,674,0,493.428915043208
"12850","infects",6083,675,0,461.258237125179
"12851","infects",6083,676,0,433.452276841827
"12852","infects",6083,677,0,411.124112630168
"12853","infects",6083,678,0,394.447550857341
"12854","infects",6083,679,0,382.952105696809
"12855","infects",6083,680,0,375.771269361571
"12856","infects",6083,681,0,371.812001862663
"12857","infects",6083,682,0,369.866886276229
"12858","infects",6083,683,0,368.709641405158
"12859","infects",6083,684,0,367.20680115428
"12860","infects",6083,685,0,364.45366436126
"12861","infects",6083,686,0,359.912507348145
"12862","infects",6083,687,0,353.509588025124
"12863","infects",6083,688,0,345.648046509658
"12864","infects",6083,689,0,337.120039467267
"12865","infects",6083,690,0,328.940735037327
"12866","infects",6083,691,0,322.156153742724
"12867","infects",6083,692,0,317.679166267795
"12868","infects",6083,693,0,316.184587199681
"12869","infects",6083,694,0,318.062253621822
"12870","infects",6083,695,0,323.404863366133
"12871","infects",6083,696,0,332.003782216605
"12872","infects",6083,697,0,343.338494515592
"12873","infects",6083,698,0,356.565880196928
"12874","infects",6083,699,0,370.535286945125
"12875","infects",6083,700,0,383.86560252435
"12876","infects",6083,701,0,395.112292625758
"12877","infects",6083,702,0,403.020650325739
"12878","infects",6083,703,0,406.813520707912
"12879","infects",6083,704,0,406.42163403626
"12880","infects",6083,705,0,402.563466877623
"12881","infects",6083,706,0,396.63281095975
"12882","infects",6083,707,0,390.433131247846
"12883","infects",6083,708,0,385.859693177189
"12884","infects",6083,709,0,384.635783562644
"12885","infects",6083,710,0,388.16076775789
"12886","infects",6083,711,0,397.46134216873
"12887","infects",6083,712,0,413.225770786521
"12888","infects",6083,713,0,435.65948858256
"12889","infects",6083,714,0,464.567505195908
"12890","infects",6083,715,0,499.090559652431
"12891","infects",6083,716,0,537.521548296738
"12892","infects",6083,717,0,577.151629701699
"12893","infects",6083,718,0,614.306067457315
"12894","infects",6083,719,0,644.706392576383
"12895","infects",6083,720,0,664.205006409926
"12896","infects",6083,721,0,669.756786714317
"12897","infects",6083,722,0,660.299611471139
"12898","infects",6083,723,0,637.154398690616
"12899","infects",6083,724,0,603.721108069496
"12900","infects",6083,725,0,564.574400620491
"12901","infects",6083,726,0,524.342006106794
"12902","infects",6083,727,0,486.797004661054
"12903","infects",6083,728,0,454.410346817272
"12904","infects",6083,729,0,428.351482907913
"12905","infects",6083,730,0,408.758336054087
"12906","infects",6083,731,0,395.076159342477
"12907","infects",6083,732,0,386.337339586434
"12908","infects",6083,733,0,381.344323635611
"12909","infects",6083,734,0,378.779452899903
"12910","infects",6083,735,0,377.289228554884
"12911","infects",6083,736,0,375.584720502198
"12912","infects",6083,737,0,372.575188770538
"12913","infects",6083,738,0,367.518912986252
"12914","infects",6083,739,0,360.147098290272
"12915","infects",6083,740,0,350.708968881267
"12916","infects",6083,741,0,339.907328114802
"12917","infects",6083,742,0,328.735785519978
"12918","infects",6083,743,0,318.268010833991
"12919","infects",6083,744,0,309.462639083077
"12920","infects",6083,745,0,303.029367278715
"12921","infects",6083,746,0,299.367251193893
"12922","infects",6083,747,0,298.55708715529
"12923","infects",6083,748,0,300.379348478777
"12924","infects",6083,749,0,304.337158387939
"12925","infects",6083,750,0,309.681516641055
"12926","infects",6083,751,0,315.453297370627
"12927","infects",6083,752,0,320.564994341642
"12928","infects",6083,753,0,323.938751248578
"12929","infects",6083,754,0,324.694156197595
"12930","infects",6083,755,0,322.346528621891
"12931","infects",6083,756,0,316.951400414087
"12932","infects",6083,757,0,309.13404025846
"12933","infects",6083,758,0,299.981528354161
"12934","infects",6083,759,0,290.831729633746
"12935","infects",6083,760,0,283.034758148334
"12936","infects",6083,761,0,277.763198483209
"12937","infects",6083,762,0,275.910647911128
"12938","infects",6083,763,0,278.070269916569
"12939","infects",6083,764,0,284.552719869281
"12940","infects",6083,765,0,295.368715748258
"12941","infects",6083,766,0,310.295060470385
"12942","infects",6083,767,0,328.669098627242
"12943","infects",6083,768,0,349.357833348498
"12944","infects",6083,769,0,370.666787475802
"12945","infects",6083,770,0,390.373084240671
"12946","infects",6083,771,0,405.943507443381
"12947","infects",6083,772,0,414.96215745272
"12948","infects",6083,773,0,415.689883376508
"12949","infects",6083,774,0,407.568657658435
"12950","infects",6083,775,0,391.447863602334
"12951","infects",6083,776,0,369.401843557238
"12952","infects",6083,777,0,344.195313484373
"12953","infects",6083,778,0,318.617724090032
"12954","infects",6083,779,0,294.94093856746
"12955","infects",6083,780,0,274.649851283372
"12956","infects",6083,781,0,258.44260338319
"12957","infects",6083,782,0,246.394744800661
"12958","infects",6083,783,0,238.165432181013
"12959","infects",6083,784,0,233.165981640622
"12960","infects",6083,785,0,230.66579507864
"12961","infects",6083,786,0,229.849664434338
"12962","infects",6083,787,0,229.857037322475
"12963","infects",6083,788,0,229.832614337774
"12964","infects",6083,789,0,229.004359138408
"12965","infects",6083,790,0,226.784278440526
"12966","infects",6083,791,0,222.866112423351
"12967","infects",6083,792,0,217.282683490327
"12968","infects",6083,793,0,210.393035467926
"12969","infects",6083,794,0,202.795055284217
"12970","infects",6083,795,0,195.189765233926
"12971","infects",6083,796,0,188.240881634959
"12972","infects",6083,797,0,182.468215740829
"12973","infects",6083,798,0,178.191961137159
"12974","infects",6083,799,0,175.5218607984
"12975","infects",6083,800,0,174.372883061859
"12976","infects",6083,801,0,174.490127791228
"12977","infects",6083,802,0,175.475351844401
"12978","infects",6083,803,0,176.818593475437
"12979","infects",6083,804,0,177.945066117015
"12980","infects",6083,805,0,178.286203362557
"12981","infects",6083,806,0,177.37356640511
"12982","infects",6083,807,0,174.938483172556
"12983","infects",6083,808,0,170.986987038713
"12984","infects",6083,809,0,165.830292047999
"12985","infects",6083,810,0,159.99302440977
"12986","infects",6083,811,0,154.16536791478
"12987","infects",6083,812,0,149.044855153331
"12988","infects",6083,813,0,145.241903150135
"12989","infects",6083,814,0,143.2228266897
"12990","infects",6083,815,0,143.29675413641
"12991","infects",6083,816,0,145.626995757896
"12992","infects",6083,817,0,150.242164985668
"12993","infects",6083,818,0,157.02829606287
"12994","infects",6083,819,0,165.695299180587
"12995","infects",6083,820,0,175.725911470486
"12996","infects",6083,821,0,186.331202236871
"12997","infects",6083,822,0,196.45028319699
"12998","infects",6083,823,0,204.834690812062
"12999","infects",6083,824,0,210.238389223567
"13000","infects",6083,825,0,211.688097122651
"13001","infects",6083,826,0,208.751746123603
"13002","infects",6083,827,0,201.692617185834
"13003","infects",6083,828,0,191.42723828517
"13004","infects",6083,829,0,179.291823981402
"13005","infects",6083,830,0,166.712966349033
"13006","infects",6083,831,0,154.912868941431
"13007","infects",6083,832,0,144.74029465492
"13008","infects",6083,833,0,136.642334568501
"13009","infects",6083,834,0,130.731945373502
"13010","infects",6083,835,0,126.888479936466
"13011","infects",6083,836,0,124.844939342724
"13012","infects",6083,837,0,124.243681354528
"13013","infects",6083,838,0,124.664730228674
"13014","infects",6083,839,0,125.642325095832
"13015","infects",6083,840,0,126.687288458077
"13016","infects",6083,841,0,127.327452615195
"13017","infects",6083,842,0,127.167454725253
"13018","infects",6083,843,0,125.955612367521
"13019","infects",6083,844,0,123.635177913551
"13020","infects",6083,845,0,120.357047681749
"13021","infects",6083,846,0,116.443731964492
"13022","infects",6083,847,0,112.314367946448
"13023","infects",6083,848,0,108.396094709403
"13024","infects",6083,849,0,105.049117448561
"13025","infects",6083,850,0,102.521685961076
"13026","infects",6083,851,0,100.935618055236
"13027","infects",6083,852,0,100.292234958336
"13028","infects",6083,853,0,100.48655455791
"13029","infects",6083,854,0,101.322397599797
"13030","infects",6083,855,0,102.52827054453
"13031","infects",6083,856,0,103.779489838896
"13032","infects",6083,857,0,104.733366043032
"13033","infects",6083,858,0,105.080145906842
"13034","infects",6083,859,0,104.603621832943
"13035","infects",6083,860,0,103.235682487766
"13036","infects",6083,861,0,101.08482327075
"13037","infects",6083,862,0,98.4176279982592
"13038","infects",6083,863,0,95.6345314879841
"13039","infects",6083,864,0,93.1643669927552
"13040","infects",6083,865,0,91.4174764878758
"13041","infects",6083,866,0,90.7367566686988
"13042","infects",6083,867,0,91.3802473361968
"13043","infects",6083,868,0,93.5222029638378
"13044","infects",6083,869,0,97.2574810539979
"13045","infects",6083,870,0,102.59514764918
"13046","infects",6083,871,0,109.433356202713
"13047","infects",6083,872,0,117.516712426605
"13048","infects",6083,873,0,126.388789273864
"13049","infects",6083,874,0,135.364851994025
"13050","infects",6083,875,0,143.558053994407
"13051","infects",6083,876,0,149.986808007042
"13052","infects",6083,877,0,153.763399240827
"13053","infects",6083,878,0,154.318512174806
"13054","infects",6083,879,0,151.577459730739
"13055","infects",6083,880,0,146.004644881062
"13056","infects",6083,881,0,138.485980316219
"13057","infects",6083,882,0,130.096730310534
"13058","infects",6083,883,0,121.852738697965
"13059","infects",6083,884,0,114.534615980151
"13060","infects",6083,885,0,108.6214133572
"13061","infects",6083,886,0,104.314451653628
"13062","infects",6083,887,0,101.604804196874
"13063","infects",6083,888,0,100.342323869608
"13064","infects",6083,889,0,100.284286504216
"13065","infects",6083,890,0,101.121669225045
"13066","infects",6083,891,0,102.493413114992
"13067","infects",6083,892,0,104.003206687282
"13068","infects",6083,893,0,105.250802965662
"13069","infects",6083,894,0,105.881779295294
"13070","infects",6083,895,0,105.647911194059
"13071","infects",6083,896,0,104.459612279875
"13072","infects",6083,897,0,102.40881050279
"13073","infects",6083,898,0,99.7492920318043
"13074","infects",6083,899,0,96.8387591576192
"13075","infects",6083,900,0,94.0626846025923
"13076","infects",6083,901,0,91.764917115031
"13077","infects",6083,902,0,90.2021359899729
"13078","infects",6083,903,0,89.5253373077055
"13079","infects",6083,904,0,89.7804808360722
"13080","infects",6083,905,0,90.9248191994644
"13081","infects",6083,906,0,92.807187275756
"13082","infects",6083,907,0,95.2140516865072
"13083","infects",6083,908,0,97.8584474525012
"13084","infects",6083,909,0,100.409317396433
"13085","infects",6083,910,0,102.534410675496
"13086","infects",6083,911,0,103.960324222362
"13087","infects",6083,912,0,104.537295764874
"13088","infects",6083,913,0,104.287987542972
"13089","infects",6083,914,0,103.420473507092
"13090","infects",6083,915,0,102.298217163277
"13091","infects",6083,916,0,101.37803201593
"13092","infects",6083,917,0,101.139748136488
"13093","infects",6083,918,0,102.030797742261
"13094","infects",6083,919,0,104.4366745287
"13095","infects",6083,920,0,108.672706403244
"13096","infects",6083,921,0,114.98196978402
"13097","infects",6083,922,0,123.521472851963
"13098","infects",6083,923,0,134.322783978697
"13099","infects",6083,924,0,147.222573647677
"13100","infects",6083,925,0,161.773253221791
"13101","infects",6083,926,0,177.163923831648
"13102","infects",6083,927,0,192.201836115301
"13103","infects",6083,928,0,205.410232344743
"13104","infects",6083,929,0,215.271243533105
"13105","infects",6083,930,0,220.576670788426
"13106","infects",6083,931,0,220.77156809606
"13107","infects",6083,932,0,216.141085081952
"13108","infects",6083,933,0,207.743220841501
"13109","infects",6083,934,0,197.110673993441
"13110","infects",6083,935,0,185.855268628937
"13111","infects",6083,936,0,175.334469352149
"13112","infects",6083,937,0,166.475806830314
"13113","infects",6083,938,0,159.76025483932
"13114","infects",6083,939,0,155.302858108869
"13115","infects",6083,940,0,152.959404591024
"13116","infects",6083,941,0,152.413589000288
"13117","infects",6083,942,0,153.231994512236
"13118","infects",6083,943,0,154.897447218869
"13119","infects",6083,944,0,156.840924067941
"13120","infects",6083,945,0,158.490064952817
"13121","infects",6083,946,0,159.341076326263
"13122","infects",6083,947,0,159.044079866577
"13123","infects",6083,948,0,157.47668788482
"13124","infects",6083,949,0,154.776051936315
"13125","infects",6083,950,0,151.311475042239
"13126","infects",6083,951,0,147.603454889376
"13127","infects",6083,952,0,144.21697801149
"13128","infects",6083,953,0,141.663690655927
"13129","infects",6083,954,0,140.336671790598
"13130","infects",6083,955,0,140.482090603755
"13131","infects",6083,956,0,142.196463864943
"13132","infects",6083,957,0,145.433384818731
"13133","infects",6083,958,0,149.993556097589
"13134","infects",6083,959,0,155.580622281636
"13135","infects",6083,960,0,161.740918239618
"13136","infects",6083,961,0,167.934949629943
"13137","infects",6083,962,0,173.594145844132
"13138","infects",6083,963,0,178.221380556012
"13139","infects",6083,964,0,181.508205984707
"13140","infects",6083,965,0,183.433543001276
"13141","infects",6083,966,0,184.306466344968
"13142","infects",6083,967,0,184.734534035143
"13143","infects",6083,968,0,185.530641233331
"13144","infects",6083,969,0,187.596570235102
"13145","infects",6083,970,0,191.824664379182
"13146","infects",6083,971,0,199.040223887346
"13147","infects",6083,972,0,209.979711935806
"13148","infects",6083,973,0,225.278449705738
"13149","infects",6083,974,0,245.432991949614
"13150","infects",6083,975,0,270.707399067478
"13151","infects",6083,976,0,300.968139387804
"13152","infects",6083,977,0,335.46179547654
"13153","infects",6083,978,0,372.595213527248
"13154","infects",6083,979,0,409.829858919376
"13155","infects",6083,980,0,443.82949772183
"13156","infects",6083,981,0,470.955752012729
"13157","infects",6083,982,0,488.063792109104
"13158","infects",6083,983,0,493.357619627797
"13159","infects",6083,984,0,486.948198190578
"13160","infects",6083,985,0,470.838986732166
"13161","infects",6083,986,0,448.330334093848
"13162","infects",6083,987,0,423.116601677019
"13163","infects",6083,988,0,398.456117960501
"13164","infects",6083,989,0,376.67802942796
"13165","infects",6083,990,0,359.071217628634
"13166","infects",6083,991,0,346.034549649658
"13167","infects",6083,992,0,337.32370606592
"13168","infects",6083,993,0,332.277464529907
"13169","infects",6083,994,0,329.980246958104
"13170","infects",6083,995,0,329.373150894506
"13171","infects",6083,996,0,329.34890913187
"13172","infects",6083,997,0,328.861906785175
"13173","infects",6083,998,0,327.062082873558
"13174","infects",6083,999,0,323.43241296477
"13175","infects",6083,1000,0,317.88792046792
"13176","infects",6083,1001,0,310.79366611503
"13177","infects",6083,1002,0,302.907299263757
"13178","infects",6083,1003,0,295.135852175631
"13179","infects",6083,1004,0,288.46931643098
"13180","infects",6083,1005,0,283.752888360343
"13181","infects",6083,1006,0,281.603811567691
"13182","infects",6083,1007,0,282.370767576581
"13183","infects",6083,1008,0,286.129839877824
"13184","infects",6083,1009,0,292.6919362694
"13185","infects",6083,1010,0,301.607973440186
"13186","infects",6083,1011,0,312.176159309189
"13187","infects",6083,1012,0,323.471735493499
"13188","infects",6083,1013,0,334.425976283944
"13189","infects",6083,1014,0,343.971878886861
"13190","infects",6083,1015,0,351.247217843788
"13191","infects",6083,1016,0,355.809973538143
"13192","infects",6083,1017,0,357.796416993473
"13193","infects",6083,1018,0,357.959491855087
"13194","infects",6083,1019,0,357.568997271049
"13195","infects",6083,1020,0,358.213439893917
"13196","infects",6083,1021,0,361.580665851283
"13197","infects",6083,1022,0,369.28851094337
"13198","infects",6083,1023,0,382.795334757011
"13199","infects",6083,1024,0,403.370791252703
"13200","infects",6083,1025,0,432.073779724466
"13201","infects",6083,1026,0,469.675484053198
"13202","infects",6083,1027,0,516.477899006725
"13203","infects",6083,1028,0,572.010314795715
"13204","infects",6083,1029,0,634.64179508839
"13205","infects",6083,1030,0,701.22768149377
"13206","infects",6083,1031,0,766.991334179649
"13207","infects",6083,1032,0,825.871211474944
"13208","infects",6083,1033,0,871.462541723809
"13209","infects",6083,1034,0,898.425485354935
"13210","infects",6083,1035,0,903.917148999584
"13211","infects",6083,1036,0,888.448774707532
"13212","infects",6083,1037,0,855.748373621975
"13213","infects",6083,1038,0,811.668805625124
"13214","infects",6083,1039,0,762.629532494089
"13215","infects",6083,1040,0,714.222512267597
"13216","infects",6083,1041,0,670.401643843654
"13217","infects",6083,1042,0,633.315441413822
"13218","infects",6083,1043,0,603.579108302696
"13219","infects",6083,1044,0,580.743669659306
"13220","infects",6083,1045,0,563.65641772054
"13221","infects",6083,1046,0,550.79080117966
"13222","infects",6083,1047,0,540.506024922637
"13223","infects",6083,1048,0,531.221796788929
"13224","infects",6083,1049,0,521.587261832995
"13225","infects",6083,1050,0,510.644611135112
"13226","infects",6083,1051,0,497.958465521225
"13227","infects",6083,1052,0,483.66802420633
"13228","infects",6083,1053,0,468.431571336423
"13229","infects",6083,1054,0,453.268065061547
"13230","infects",6083,1055,0,439.30925185143
"13231","infects",6083,1056,0,427.689879967652
"13232","infects",6083,1057,0,419.238615395328
"13233","infects",6083,1058,0,414.470768712426
"13234","infects",6083,1059,0,413.538131749846
"13235","infects",6083,1060,0,416.231871810681
"13236","infects",6083,1061,0,421.997570904992
"13237","infects",6083,1062,0,429.956999072318
"13238","infects",6083,1063,0,438.950730613514
"13239","infects",6083,1064,0,447.627644084471
"13240","infects",6083,1065,0,454.603420753078
"13241","infects",6083,1066,0,458.686502474142
"13242","infects",6083,1067,0,459.132112549727
"13243","infects",6083,1068,0,455.851031634315
"13244","infects",6083,1069,0,449.494402712382
"13245","infects",6083,1070,0,441.372546990427
"13246","infects",6083,1071,0,433.231242061191
"13247","infects",6083,1072,0,426.966300985265
"13248","infects",6083,1073,0,424.37212243406
"13249","infects",6083,1074,0,426.986356440543
"13250","infects",6083,1075,0,436.035665848319
"13251","infects",6083,1076,0,452.439707557561
"13252","infects",6083,1077,0,476.810243928705
"13253","infects",6083,1078,0,509.388977051566
"13254","infects",6083,1079,0,549.8926116347
"13255","infects",6083,1080,0,597.27182453436
"13256","infects",6083,1081,0,649.442100738262
"13257","infects",6083,1082,0,703.103462195933
"13258","infects",6083,1083,0,753.809135533493
"13259","infects",6083,1084,0,796.42568153628
"13260","infects",6083,1085,0,826.008574787018
"13261","infects",6083,1086,0,838.910750746411
"13262","infects",6083,1087,0,833.74789403918
"13263","infects",6083,1088,0,811.810639026109
"13264","infects",6083,1089,0,776.715282237344
"13265","infects",6083,1090,0,733.427362046122
"13266","infects",6083,1091,0,687.062038199021
"13267","infects",6083,1092,0,641.898410630518
"13268","infects",6083,1093,0,600.85809310068
"13269","infects",6083,1094,0,565.44787617995
"13270","infects",6083,1095,0,512.042183143998
"13271","infects",6083,1096,0,492.595780582173
"13272","infects",6083,1097,0,476.509515517327
"13273","infects",6083,1098,0,462.48593863587
"13274","infects",6083,1099,0,449.441348491532
"13275","infects",6083,1100,0,436.502082223343
"13276","infects",6083,1101,0,423.128192643178
"13277","infects",6083,1102,0,409.165092483397
"13278","infects",6083,1103,0,394.833455852987
"13279","infects",6083,1104,0,380.652212943563
"13280","infects",6083,1105,0,367.310482927111
"13281","infects",6083,1106,0,355.520953553215
"13282","infects",6083,1107,0,345.889736205796
"13283","infects",6083,1108,0,338.825508441311
"13284","infects",6083,1109,0,334.492099922828
"13285","infects",6083,1110,0,332.794250659158
"13286","infects",6083,1111,0,333.382327981223
"13287","infects",6083,1112,0,335.667921305554
"13288","infects",6083,1113,0,338.85338633413
"13289","infects",6083,1114,0,341.987934102085
"13290","infects",6083,1115,0,344.064567119547
"13291","infects",6083,1116,0,344.162024247466
"13292","infects",6083,1117,0,341.614695700184
"13293","infects",6083,1118,0,336.169496119269
"13294","infects",6083,1119,0,328.076562128426
"13295","infects",6083,1120,0,318.073265972056
"13296","infects",6083,1121,0,307.258119516577
"13297","infects",6083,1122,0,296.894826475559
"13298","infects",6083,1123,0,288.211833296646
"13299","infects",6083,1124,0,282.255181085053
"13300","infects",6083,1125,0,279.819505972065
"13301","infects",6083,1126,0,281.444811979359
"13302","infects",6083,1127,0,287.443615871432
"13303","infects",6083,1128,0,297.919766650929
"13304","infects",6083,1129,0,312.751479504583
"13305","infects",6083,1130,0,331.529451048807
"13306","infects",6083,1131,0,353.462329022919
"13307","infects",6083,1132,0,377.284926937758
"13308","infects",6083,1133,0,401.225513986033
"13309","infects",6083,1134,0,423.096348940648
"13310","infects",6083,1135,0,440.550409270656
"13311","infects",6083,1136,0,451.488091942542
"13312","infects",6083,1137,0,454.515703665303
"13313","infects",6083,1138,0,449.297062466082
"13314","infects",6083,1139,0,436.650425037301
"13315","infects",6083,1140,0,418.337921126755
"13316","infects",6083,1141,0,396.626130897368
"13317","infects",6083,1142,0,373.785494993745
"13318","infects",6083,1143,0,351.693864235991
"13319","infects",6083,1144,0,331.631715723796
"13320","infects",6083,1145,0,314.262565981742
"13321","infects",6083,1146,0,299.733637711153
"13322","infects",6083,1147,0,287.822844945144
"13323","infects",6083,1148,0,278.081281813804
"13324","infects",6083,1149,0,269.950475970197
"13325","infects",6083,1150,0,262.826009450705
"13326","infects",6083,1151,0,256.235456620529
"13327","infects",6083,1152,0,249.75969153055
"13328","infects",6083,1153,0,243.161548688746
"13329","infects",6083,1154,0,236.390175277608
"13330","infects",6083,1155,0,229.57325912337
"13331","infects",6083,1156,0,222.978150901305
"13332","infects",6083,1157,0,216.950116126171
"13333","infects",6083,1158,0,211.842490791803
"13334","infects",6083,1159,0,207.953882409957
"13335","infects",6083,1160,0,205.481981232163
"13336","infects",6083,1161,0,204.495696819495
"13337","infects",6083,1162,0,204.921630090116
"13338","infects",6083,1163,0,206.539857480095
"13339","infects",6083,1164,0,208.987395915742
"13340","infects",6083,1165,0,211.773201053514
"13341","infects",6083,1166,0,214.312809966369
"13342","infects",6083,1167,0,215.990418297503
"13343","infects",6083,1168,0,216.249071156076
"13344","infects",6083,1169,0,214.696503112695
"13345","infects",6083,1170,0,211.200242756808
"13346","infects",6083,1171,0,205.939608549697
"13347","infects",6083,1172,0,199.391268776487
"13348","infects",6083,1173,0,192.248087135799
"13349","infects",6083,1174,0,185.296933163374
"13350","infects",6083,1175,0,179.295318330665
"13351","infects",6083,1176,0,174.881483125942
"13352","infects",6083,1177,0,172.532667990449
"13353","infects",6083,1178,0,172.564270779303
"13354","infects",6083,1179,0,175.149126907308
"13355","infects",6083,1180,0,180.334338872595
"13356","infects",6083,1181,0,188.039724667956
"13357","infects",6083,1182,0,198.032401163026
"13358","infects",6083,1183,0,209.883532670569
"13359","infects",6083,1184,0,222.924875051258
"13360","infects",6083,1185,0,236.232709395648
"13361","infects",6083,1186,0,248.670374327996
"13362","infects",6083,1187,0,259.010885971523
"13363","infects",6083,1188,0,266.134004647178
"13364","infects",6083,1189,0,269.253871484243
"13365","infects",6083,1190,0,268.103306307923
"13366","infects",6083,1191,0,263.0019552809
"13367","infects",6083,1192,0,254.775707888665
"13368","infects",6083,1193,0,244.555613370861
"13369","infects",6083,1194,0,233.55174791951
"13370","infects",6083,1195,0,222.763349551701
"13371","infects",6083,1196,0,212.960423145436
"13372","infects",6083,1197,0,204.583616119855
"13373","infects",6083,1198,0,197.790054734679
"13374","infects",6083,1199,0,192.516697691511
"13375","infects",6083,1200,0,188.549120978611
"13376","infects",6083,1201,0,185.583008499783
"13377","infects",6083,1202,0,183.276701632637
"13378","infects",6083,1203,0,181.298057646979
"13379","infects",6083,1204,0,179.367828882027
"13380","infects",6083,1205,0,177.297634561878
"13381","infects",6083,1206,0,175.016624495489
"13382","infects",6083,1207,0,172.579885511117
"13383","infects",6083,1208,0,170.154733390753
"13384","infects",6083,1209,0,167.987028228994
"13385","infects",6083,1210,0,166.355412543042
"13386","infects",6083,1211,0,165.523789295261
"13387","infects",6083,1212,0,165.700396273407
"13388","infects",6083,1213,0,167.007101665322
"13389","infects",6083,1214,0,169.458038164413
"13390","infects",6083,1215,0,172.944883441039
"13391","infects",6083,1216,0,177.227763280127
"13392","infects",6083,1217,0,181.934919037148
"13393","infects",6083,1218,0,186.578686305478
"13394","infects",6083,1219,0,190.596998594035
"13395","infects",6083,1220,0,193.42570534734
"13396","infects",6083,1221,0,194.59639877867
"13397","infects",6083,1222,0,193.839972504447
"13398","infects",6083,1223,0,191.165079045682
"13399","infects",6083,1224,0,186.881668123814
"13400","infects",6083,1225,0,181.556432195
"13401","infects",6083,1226,0,175.912829468142
"13402","infects",6083,1227,0,170.70943399036
"13403","infects",6083,1228,0,166.634751813851
"13404","infects",6083,1229,0,164.243194846352
"13405","infects",6083,1230,0,163.935208862366
"13406","infects",6083,1231,0,165.96681166398
"13407","infects",6083,1232,0,170.466694701351
"13408","infects",6083,1233,0,177.441934001098
"13409","infects",6083,1234,0,186.761991324505
"13410","infects",6083,1235,0,198.121506780656
"13411","infects",6083,1236,0,210.993901753362
"13412","infects",6083,1237,0,224.598942011306
"13413","infects",6083,1238,0,237.914833470344
"13414","infects",6083,1239,0,249.762698254148
"13415","infects",6083,1240,0,258.972051787083
"13416","infects",6083,1241,0,264.601011458718
"13417","infects",6083,1242,0,266.148353171218
"13418","infects",6083,1243,0,263.679591998458
"13419","infects",6083,1244,0,257.812898982239
"13420","infects",6083,1245,0,249.56610041752
"13421","infects",6083,1246,0,240.122622987089
"13422","infects",6083,1247,0,230.583302907515
"13423","infects",6083,1248,0,221.859444227467
"13424","infects",6083,1249,0,214.521855786113
"13425","infects",6083,1250,0,208.850941360666
"13426","infects",6083,1251,0,204.875412953739
"13427","infects",6083,1252,0,202.434785532009
"13428","infects",6083,1253,0,201.238374372809
"13429","infects",6083,1254,0,200.9170347984
"13430","infects",6083,1255,0,201.071545179363
"13431","infects",6083,1256,0,201.322502463557
"13432","infects",6083,1257,0,201.362294677594
"13433","infects",6083,1258,0,201.003118726935
"13434","infects",6083,1259,0,200.210192899024
"13435","infects",6083,1260,0,199.109513196466
"13436","infects",6083,1261,0,197.965530002525
"13437","infects",6083,1262,0,197.133298417107
"13438","infects",6083,1263,0,196.997104360217
"13439","infects",6083,1264,0,197.9093655983
"13440","infects",6083,1265,0,200.139406875121
"13441","infects",6083,1266,0,203.834725845139
"13442","infects",6083,1267,0,208.99198973637
"13443","infects",6083,1268,0,215.434185802791
"13444","infects",6083,1269,0,222.79446909157
"13445","infects",6083,1270,0,230.514345270554
"13446","infects",6083,1271,0,237.870195368437
"13447","infects",6083,1272,0,244.043006084674
"13448","infects",6083,1273,0,248.237172896162
"13449","infects",6083,1274,0,249.834713295037
"13450","infects",6083,1275,0,248.547703386641
"13451","infects",6083,1276,0,244.517830559451
"13452","infects",6083,1277,0,238.320947989565
"13453","infects",6083,1278,0,230.867879691245
"13454","infects",6083,1279,0,223.234611648911
"13455","infects",6083,1280,0,216.481187713295
"13456","infects",6083,1281,0,211.514429304545
"13457","infects",6083,1282,0,209.020595098528
"13458","infects",6083,1283,0,209.459851738751
"13459","infects",6083,1284,0,213.09266021925
"13460","infects",6083,1285,0,220.00450230882
"13461","infects",6083,1286,0,230.104941571044
"13462","infects",6083,1287,0,243.092480404887
"13463","infects",6083,1288,0,258.393770883807
"13464","infects",6083,1289,0,275.10308416671
"13465","infects",6083,1290,0,291.986302382989
"13466","infects",6083,1291,0,307.465778277504
"13467","infects",6083,1292,0,319.915467249669
"13468","infects",6083,1293,0,327.888268834586
"13469","infects",6083,1294,0,330.454118383452
"13470","infects",6083,1295,0,327.443936523997
"13471","infects",6083,1296,0,319.508521332436
"13472","infects",6083,1297,0,307.957984119196
"13473","infects",6083,1298,0,294.442167027294
"13474","infects",6083,1299,0,280.594296906723
"13475","infects",6083,1300,0,267.754634545716
"13476","infects",6083,1301,0,256.832031771698
"13477","infects",6083,1302,0,248.293491546275
"13478","infects",6083,1303,0,242.232082885588
"13479","infects",6083,1304,0,238.46040710794
"13480","infects",6083,1305,0,236.59640562101
"13481","infects",6083,1306,0,236.132093151276
"13482","infects",6083,1307,0,236.492045527135
"13483","infects",6083,1308,0,237.093582547543
"13484","infects",6083,1309,0,237.415884699589
"13485","infects",6083,1310,0,237.074534963944
"13486","infects",6083,1311,0,235.886729463297
"13487","infects",6083,1312,0,233.907035578236
"13488","infects",6083,1313,0,231.418451841891
"13489","infects",6083,1314,0,228.877500255519
"13490","infects",6083,1315,0,226.82797902694
"13491","infects",6083,1316,0,225.806875283972
"13492","infects",6083,1317,0,226.263324668751
"13493","infects",6083,1318,0,228.500336719152
"13494","infects",6083,1319,0,232.636862283673
"13495","infects",6083,1320,0,238.581511444164
"13496","infects",6083,1321,0,246.011475896889
"13497","infects",6083,1322,0,254.359325741018
"13498","infects",6083,1323,0,262.821905156586
"13499","infects",6083,1324,0,270.413354501271
"13500","infects",6083,1325,0,276.081279219378
"13501","infects",6083,1326,0,278.886202631259
"13502","infects",6083,1327,0,278.212186103008
"13503","infects",6083,1328,0,273.945369176346
"13504","infects",6083,1329,0,266.549471286636
"13505","infects",6083,1330,0,256.997532587977
"13506","infects",6083,1331,0,246.577622105275
"13507","infects",6083,1332,0,236.643822431993
"13508","infects",6083,1333,0,228.399504601695
"13509","infects",6083,1334,0,222.770986088818
"13510","infects",6083,1335,0,220.378998572665
"13511","infects",6083,1336,0,221.5742773813
"13512","infects",6083,1337,0,226.48875096652
"13513","infects",6083,1338,0,235.062288128587
"13514","infects",6083,1339,0,247.024790645908
"13515","infects",6083,1340,0,261.835584676391
"13516","infects",6083,1341,0,278.603940808333
"13517","infects",6083,1342,0,296.035299280265
"13518","infects",6083,1343,0,312.429974960873
"13519","infects",6083,1344,0,325.95819460813
"13520","infects",6083,1345,0,334.830167403088
"13521","infects",6083,1346,0,337.769898084259
"13522","infects",6083,1347,0,334.342827963568
"13523","infects",6083,1348,0,325.102638420522
"13524","infects",6083,1349,0,311.461114874708
"13525","infects",6083,1350,0,295.325896162343
"13526","infects",6083,1351,0,278.653054482574
"13527","infects",6083,1352,0,263.077797661644
"13528","infects",6083,1353,0,249.718551121917
"13529","infects",6083,1354,0,239.154441333657
"13530","infects",6083,1355,0,231.512842212339
"13531","infects",6083,1356,0,226.592541560212
"13532","infects",6083,1357,0,223.972892404249
"13533","infects",6083,1358,0,223.092949868072
"13534","infects",6083,1359,0,223.309082922349
"13535","infects",6083,1360,0,223.949402771414
"13536","infects",6083,1361,0,224.380110489304
"13537","infects",6083,1362,0,224.086509594383
"13538","infects",6083,1363,0,222.755611199277
"13539","infects",6083,1364,0,220.335695941678
"13540","infects",6083,1365,0,217.048412275144
"13541","infects",6083,1366,0,213.343190492618
"13542","infects",6083,1367,0,209.805311079112
"13543","infects",6083,1368,0,207.045508381901
"13544","infects",6083,1369,0,205.601071583265
"13545","infects",6083,1370,0,205.86636552214
"13546","infects",6083,1371,0,208.053513213434
"13547","infects",6083,1372,0,212.171972749938
"13548","infects",6083,1373,0,218.014187474875
"13549","infects",6083,1374,0,225.142529488291
"13550","infects",6083,1375,0,232.88583619392
"13551","infects",6083,1376,0,240.3658515805
"13552","infects",6083,1377,0,246.577749302024
"13553","infects",6083,1378,0,250.537797482974
"13554","infects",6083,1379,0,251.483054253013
"13555","infects",6083,1380,0,249.071913347542
"13556","infects",6083,1381,0,243.511844389442
"13557","infects",6083,1382,0,235.553929786422
"13558","infects",6083,1383,0,226.345310415651
"13559","infects",6083,1384,0,217.193626628704
"13560","infects",6083,1385,0,209.332400471024
"13561","infects",6083,1386,0,203.762363993093
"13562","infects",6083,1387,0,201.209734530887
"13563","infects",6083,1388,0,202.09513953054
"13564","infects",6083,1389,0,206.661056651776
"13565","infects",6083,1390,0,214.96412833566
"13566","infects",6083,1391,0,226.877192888511
"13567","infects",6083,1392,0,242.029327829567
"13568","infects",6083,1393,0,259.709817687166
"13569","infects",6083,1394,0,278.775991407359
"13570","infects",6083,1395,0,297.626830128855
"13571","infects",6083,1396,0,314.310828623872
"13572","infects",6083,1397,0,326.807899891981
"13573","infects",6083,1398,0,333.452114022752
"13574","infects",6083,1399,0,333.369237342859
"13575","infects",6083,1400,0,326.75020605672
"13576","infects",6083,1401,0,314.824613712777
"13577","infects",6083,1402,0,299.531280321526
"13578","infects",6083,1403,0,283.025494829491
"13579","infects",6083,1404,0,267.220401903135
"13580","infects",6083,1405,0,253.505551117079
"13581","infects",6083,1406,0,242.673462816742
"13582","infects",6083,1407,0,234.994208545235
"13583","infects",6083,1408,0,230.348741578008
"13584","infects",6083,1409,0,228.353633912908
"13585","infects",6083,1410,0,228.449601434396
"13586","infects",6083,1411,0,229.959334262782
"13587","infects",6083,1412,0,232.136676617773
"13588","infects",6083,1413,0,234.229629759895
"13589","infects",6083,1414,0,235.567878911138
"13590","infects",6083,1415,0,235.666349255014
"13591","infects",6083,1416,0,234.317747156661
"13592","infects",6083,1417,0,231.639615251583
"13593","infects",6083,1418,0,228.052210914734
"13594","infects",6083,1419,0,224.189139680639
"13595","infects",6083,1420,0,220.768947347127
"13596","infects",6083,1421,0,218.467181680728
"13597","infects",6083,1422,0,217.819481856181
"13598","infects",6083,1423,0,219.165216083589
"13599","infects",6083,1424,0,222.622070720519
"13600","infects",6083,1425,0,228.074500593921
"13601","infects",6083,1426,0,235.164371951422
"13602","infects",6083,1427,0,243.285753619806
"13603","infects",6083,1428,0,251.600712470231
"13604","infects",6083,1429,0,259.101598077999
"13605","infects",6083,1430,0,264.740081886746
"13606","infects",6083,1431,0,267.61968539891
"13607","infects",6083,1432,0,267.211791869876
"13608","infects",6083,1433,0,263.523918600972
"13609","infects",6083,1434,0,257.148320954522
"13610","infects",6083,1435,0,249.160348887538
"13611","infects",6083,1436,0,240.901274621188
"13612","infects",6083,1437,0,233.72967301225
"13613","infects",6083,1438,0,228.827937127912
"13614","infects",6083,1439,0,227.109085550264
"13615","infects",6083,1440,0,229.196670324794
"13616","infects",6083,1441,0,235.532460486207
"13617","infects",6083,1442,0,246.32820364613
"13618","infects",6083,1443,0,261.606946741555
"13619","infects",6083,1444,0,281.12085541998
"13620","infects",6083,1445,0,304.22620349833
"13621","infects",6083,1446,0,329.743403314439
"13622","infects",6083,1447,0,355.87293667624
"13623","infects",6083,1448,0,380.258537318351
"13624","infects",6083,1449,0,400.271381308106
"13625","infects",6083,1450,0,413.511895083403
"13626","infects",6083,1451,0,418.403982163872
"13627","infects",6083,1452,0,414.657603634113
"13628","infects",6083,1453,0,403.385175436555
"13629","infects",6083,1454,0,386.800921515595
"13630","infects",6083,1455,0,367.630681818828
"13631","infects",6083,1456,0,348.481082725082
"13632","infects",6083,1457,0,331.389588030625
"13633","infects",6083,1458,0,317.643581323019
"13634","infects",6083,1459,0,307.821314261392
"13635","infects",6083,1460,0,301.943659363882
"13636","infects",6083,1461,0,299.636939108245
"13637","infects",6083,1462,0,300.255737846255
"13638","infects",6083,1463,0,302.962102297197
"13639","infects",6083,1464,0,306.785858481791
"13640","infects",6083,1465,0,310.698036675795
"13641","infects",6083,1466,0,313.718668096376
"13642","infects",6083,1467,0,315.056611192962
"13643","infects",6083,1468,0,314.251575088101
"13644","infects",6083,1469,0,311.270894947965
"13645","infects",6083,1470,0,306.518874348201
"13646","infects",6083,1471,0,300.746251878708
"13647","infects",6083,1472,0,294.886615569075
"13648","infects",6083,1473,0,289.872366291103
"13649","infects",6083,1474,0,286.481052861068
"13650","infects",6083,1475,0,285.238452645914
"13651","infects",6083,1476,0,286.375644789067
"13652","infects",6083,1477,0,289.820131207878
"13653","infects",6083,1478,0,295.201475921022
"13654","infects",6083,1479,0,301.865308004258
"13655","infects",6083,1480,0,308.906620562729
"13656","infects",6083,1481,0,315.24454903569
"13657","infects",6083,1482,0,319.758132299316
"13658","infects",6083,1483,0,321.481724255656
"13659","infects",6083,1484,0,319.850014615497
"13660","infects",6083,1485,0,314.779760359257
"13661","infects",6083,1486,0,306.860301957067
"13662","infects",6083,1487,0,297.189859204382
"13663","infects",6083,1488,0,287.180264751924
"13664","infects",6083,1489,0,278.299511013874
"13665","infects",6083,1490,0,271.857208482953
"13666","infects",6083,1491,0,268.886712201444
"13667","infects",6083,1492,0,270.124020480698
"13668","infects",6083,1493,0,276.042792633024
"13669","infects",6083,1494,0,286.891851400266
"13670","infects",6083,1495,0,302.691813336453
"13671","infects",6083,1496,0,323.16951172545
"13672","infects",6083,1497,0,347.635741215141
"13673","infects",6083,1498,0,374.842839536179
"13674","infects",6083,1499,0,402.891838455606
"13675","infects",6083,1500,0,429.281869862524
"13676","infects",6083,1501,0,451.182081002497
"13677","infects",6083,1502,0,465.935384515997
"13678","infects",6083,1503,0,471.682658305742
"13679","infects",6083,1504,0,467.886314238601
"13680","infects",6083,1505,0,455.520632037858
"13681","infects",6083,1506,0,436.823352725427
"13682","infects",6083,1507,0,414.70625495156
"13683","infects",6083,1508,0,392.070819035665
"13684","infects",6083,1509,0,371.277097029782
"13685","infects",6083,1510,0,353.890727631509
"13686","infects",6083,1511,0,340.68501034277
"13687","infects",6083,1512,0,331.789331297543
"13688","infects",6083,1513,0,326.871481663688
"13689","infects",6083,1514,0,325.286366263821
"13690","infects",6083,1515,0,326.175417270917
"13691","infects",6083,1516,0,328.535916233976
"13692","infects",6083,1517,0,331.292121932598
"13693","infects",6083,1518,0,333.393699951133
"13694","infects",6083,1519,0,333.946597977559
"13695","infects",6083,1520,0,332.354868602424
"13696","infects",6083,1521,0,328.431043623367
"13697","infects",6083,1522,0,322.430693671726
"13698","infects",6083,1523,0,314.9891158852
"13699","infects",6083,1524,0,306.975053427304
"13700","infects",6083,1525,0,299.307254612502
"13701","infects",6083,1526,0,292.787159245306
"13702","infects",6083,1527,0,287.983680538365
"13703","infects",6083,1528,0,285.177921536
"13704","infects",6083,1529,0,284.354034311394
"13705","infects",6083,1530,0,285.216393168599
"13706","infects",6083,1531,0,287.221037139392
"13707","infects",6083,1532,0,289.622828706793
"13708","infects",6083,1533,0,291.549927362073
"13709","infects",6083,1534,0,292.117046087908
"13710","infects",6083,1535,0,290.575597958716
"13711","infects",6083,1536,0,286.446268671413
"13712","infects",6083,1537,0,279.753326902007
"13713","infects",6083,1538,0,270.927567598105
"13714","infects",6083,1539,0,260.822910377151
"13715","infects",6083,1540,0,250.540199133905
"13716","infects",6083,1541,0,241.230307221369
"13717","infects",6083,1542,0,233.924174142165
"13718","infects",6083,1543,0,229.432999045209
"13719","infects",6083,1544,0,228.323546173448
"13720","infects",6083,1545,0,230.941679731348
"13721","infects",6083,1546,0,237.444710414382
"13722","infects",6083,1547,0,247.808709647163
"13723","infects",6083,1548,0,261.792628474098
"13724","infects",6083,1549,0,278.860729254107
"13725","infects",6083,1550,0,298.086826102341
"13726","infects",6083,1551,0,318.08687498163
"13727","infects",6083,1552,0,337.043327209087
"13728","infects",6083,1553,0,352.879688000734
"13729","infects",6083,1554,0,363.600572741162
"13730","infects",6083,1555,0,367.732856088007
"13731","infects",6083,1556,0,364.722760405208
"13732","infects",6083,1557,0,355.120592229667
"13733","infects",6083,1558,0,340.456440962797
"13734","infects",6083,1559,0,322.847996142752
"13735","infects",6083,1560,0,304.500612496006
"13736","infects",6083,1561,0,287.28500468707
"13737","infects",6083,1562,0,272.505956250599
"13738","infects",6083,1563,0,260.868020463255
"13739","infects",6083,1564,0,252.568463664444
"13740","infects",6083,1565,0,247.433803601635
"13741","infects",6083,1566,0,245.044768219739
"13742","infects",6083,1567,0,244.818319212618
"13743","infects",6083,1568,0,246.059809119071
"13744","infects",6083,1569,0,248.009724449251
"13745","infects",6083,1570,0,249.90248733126
"13746","infects",6083,1571,0,251.04735534432
"13747","infects",6083,1572,0,250.924102239885
"13748","infects",6083,1573,0,249.269648333521
"13749","infects",6083,1574,0,246.124795629656
"13750","infects",6083,1575,0,241.81873217301
"13751","infects",6083,1576,0,236.890656935935
"13752","infects",6083,1577,0,231.971400458682
"13753","infects",6083,1578,0,227.660043069597
"13754","infects",6083,1579,0,224.425661832237
"13755","infects",6083,1580,0,222.567770054929
"13756","infects",6083,1581,0,222.119759533674
"13757","infects",6083,1582,0,222.94973514043
"13758","infects",6083,1583,0,224.716329531514
"13759","infects",6083,1584,0,226.911305128261
"13760","infects",6083,1585,0,228.908669135252
"13761","infects",6083,1586,0,230.042088039555
"13762","infects",6083,1587,0,229.712071435778
"13763","infects",6083,1588,0,227.509083422587
"13764","infects",6083,1589,0,223.321920196153
"13765","infects",6083,1590,0,217.393554063828
"13766","infects",6083,1591,0,210.298198747503
"13767","infects",6083,1592,0,202.841929661078
"13768","infects",6083,1593,0,195.920224253398
"13769","infects",6083,1594,0,190.380795395696
"13770","infects",6083,1595,0,186.930662943963
"13771","infects",6083,1596,0,186.100214897229
"13772","infects",6083,1597,0,188.250440966352
"13773","infects",6083,1598,0,193.595034566835
"13774","infects",6083,1599,0,202.208922914975
"13775","infects",6083,1600,0,214.004286315573
"13776","infects",6083,1601,0,228.669300512493
"13777","infects",6083,1602,0,245.581962721293
"13778","infects",6083,1603,0,263.731146790514
"13779","infects",6083,1604,0,281.695534303486
"13780","infects",6083,1605,0,297.736812202755
"13781","infects",6083,1606,0,310.040498223916
"13782","infects",6083,1607,0,317.078736820021
"13783","infects",6083,1608,0,317.993229528758
"13784","infects",6083,1609,0,312.849939771279
"13785","infects",6083,1610,0,302.646053117401
"13786","infects",6083,1611,0,289.053922847497
"13787","infects",6083,1612,0,274.006655975378
"13788","infects",6083,1613,0,259.288778195805
"13789","infects",6083,1614,0,246.262564548809
"13790","infects",6083,1615,0,235.772069054352
"13791","infects",6083,1616,0,228.18595478859
"13792","infects",6083,1617,0,223.506036708023
"13793","infects",6083,1618,0,221.479182437732
"13794","infects",6083,1619,0,221.68108305884
"13795","infects",6083,1620,0,223.569772320276
"13796","infects",6083,1621,0,226.523967129379
"13797","infects",6083,1622,0,229.885647393307
"13798","infects",6083,1623,0,233.02051776763
"13799","infects",6083,1624,0,235.397110226185
"13800","infects",6083,1625,0,236.670039410409
"13801","infects",6083,1626,0,236.742251806228
"13802","infects",6083,1627,0,235.781795185814
"13803","infects",6083,1628,0,234.182350169893
"13804","infects",6083,1629,0,232.477118804645
"13805","infects",6083,1630,0,231.231393637501
"13806","infects",6083,1631,0,230.941937157998
"13807","infects",6083,1632,0,231.961610917375
"13808","infects",6083,1633,0,234.435981487216
"13809","infects",6083,1634,0,238.342676363446
"13810","infects",6083,1635,0,243.403062447618
"13811","infects",6083,1636,0,249.13909418599
"13812","infects",6083,1637,0,254.894696027163
"13813","infects",6083,1638,0,259.902554082281
"13814","infects",6083,1639,0,263.393993201616
"13815","infects",6083,1640,0,264.744372855669
"13816","infects",6083,1641,0,263.624303352906
"13817","infects",6083,1642,0,260.110293937563
"13818","infects",6083,1643,0,254.71120140277
"13819","infects",6083,1644,0,248.294128969008
"13820","infects",6083,1645,0,241.933627135899
"13821","infects",6083,1646,0,236.738111139136
"13822","infects",6083,1647,0,233.70952111257
"13823","infects",6083,1648,0,233.667353186083
"13824","infects",6083,1649,0,237.233549522645
"13825","infects",6083,1650,0,244.849207779682
"13826","infects",6083,1651,0,256.785938885934
"13827","infects",6083,1652,0,273.1212634794
"13828","infects",6083,1653,0,293.662609326592
"13829","infects",6083,1654,0,317.825287415415
"13830","infects",6083,1655,0,344.496493869222
"13831","infects",6083,1656,0,371.947462645734
"13832","infects",6083,1657,0,397.877081106335
"13833","infects",6083,1658,0,419.659457799384
"13834","infects",6083,1659,0,434.804425333959
"13835","infects",6083,1660,0,441.531656963183
"13836","infects",6083,1661,0,439.259835930414
"13837","infects",6083,1662,0,428.799391754388
"13838","infects",6083,1663,0,412.147736045154
"13839","infects",6083,1664,0,391.966871358006
"13840","infects",6083,1665,0,370.960120265426
"13841","infects",6083,1666,0,351.374050382662
"13842","infects",6083,1667,0,334.747149415584
"13843","infects",6083,1668,0,321.894253704157
"13844","infects",6083,1669,0,313.034103489252
"13845","infects",6083,1670,0,307.957869370806
"13846","infects",6083,1671,0,306.173293103042
"13847","infects",6083,1672,0,307.004249923066
"13848","infects",6083,1673,0,309.657393372783
"13849","infects",6083,1674,0,313.280647883991
"13850","infects",6083,1675,0,317.035289033899
"13851","infects",6083,1676,0,320.189378531229
"13852","infects",6083,1677,0,322.242904482662
"13853","infects",6083,1678,0,322.935624177099
"13854","infects",6083,1679,0,322.392394558282
"13855","infects",6083,1680,0,321.031238111794
"13856","infects",6083,1681,0,319.485026234143
"13857","infects",6083,1682,0,318.471689169437
"13858","infects",6083,1683,0,318.661232819163
"13859","infects",6083,1684,0,320.566565536131
"13860","infects",6083,1685,0,324.468709115361
"13861","infects",6083,1686,0,330.372719644433
"13862","infects",6083,1687,0,337.986118759486
"13863","infects",6083,1688,0,346.717473119512
"13864","infects",6083,1689,0,355.703919498958
"13865","infects",6083,1690,0,363.885002744828
"13866","infects",6083,1691,0,370.138074587068
"13867","infects",6083,1692,0,373.472798444573
"13868","infects",6083,1693,0,373.252054514663
"13869","infects",6083,1694,0,369.377775446264
"13870","infects",6083,1695,0,362.373517499361
"13871","infects",6083,1696,0,353.324004785386
"13872","infects",6083,1697,0,343.686811122646
"13873","infects",6083,1698,0,335.042966537698
"13874","infects",6083,1699,0,328.870841649176
"13875","infects",6083,1700,0,326.402922460402
"13876","infects",6083,1701,0,328.576942834141
"13877","infects",6083,1702,0,336.050049295102
"13878","infects",6083,1703,0,349.225003282257
"13879","infects",6083,1704,0,368.241250457633
"13880","infects",6083,1705,0,392.902325297098
"13881","infects",6083,1706,0,422.537747413164
"13882","infects",6083,1707,0,455.830961189813
"13883","infects",6083,1708,0,490.683521109935
"13884","infects",6083,1709,0,524.21837694233
"13885","infects",6083,1710,0,553.025789632472
"13886","infects",6083,1711,0,573.69411669782
"13887","infects",6083,1712,0,583.540250616156
"13888","infects",6083,1713,0,581.312325897131
"13889","infects",6083,1714,0,567.577538209224
"13890","infects",6083,1715,0,544.604010349368
"13891","infects",6083,1716,0,515.767548964395
"13892","infects",6083,1717,0,484.727835618996
"13893","infects",6083,1718,0,454.688700129263
"13894","infects",6083,1719,0,427.957834021377
"13895","infects",6083,1720,0,405.844177203566
"13896","infects",6083,1721,0,388.793806699253
"13897","infects",6083,1722,0,376.62295187496
"13898","infects",6083,1723,0,368.740727453045
"13899","infects",6083,1724,0,364.314604887577
"13900","infects",6083,1725,0,362.380653081439
"13901","infects",6083,1726,0,361.924720972099
"13902","infects",6083,1727,0,361.962503450909
"13903","infects",6083,1728,0,361.633329721738
"13904","infects",6083,1729,0,360.302551413343
"13905","infects",6083,1730,0,357.609734330568
"13906","infects",6083,1731,0,353.653295593295
"13907","infects",6083,1732,0,348.777613715837
"13908","infects",6083,1733,0,343.592235640082
"13909","infects",6083,1734,0,338.814226247273
"13910","infects",6083,1735,0,335.12657174681
"13911","infects",6083,1736,0,333.059907085281
"13912","infects",6083,1737,0,332.912577478213
"13913","infects",6083,1738,0,334.707772430245
"13914","infects",6083,1739,0,338.178741758779
"13915","infects",6083,1740,0,342.776067251853
"13916","infects",6083,1741,0,347.700517654728
"13917","infects",6083,1742,0,351.97377774856
"13918","infects",6083,1743,0,354.559654013303
"13919","infects",6083,1744,0,354.535281706711
"13920","infects",6083,1745,0,351.286946233157
"13921","infects",6083,1746,0,344.679282222023
"13922","infects",6083,1747,0,335.137376800013
"13923","infects",6083,1748,0,323.602006404001
"13924","infects",6083,1749,0,311.36481500526
"13925","infects",6083,1750,0,299.838781438414
"13926","infects",6083,1751,0,290.341111228489
"13927","infects",6083,1752,0,283.948909604215
"13928","infects",6083,1753,0,281.445986386091
"13929","infects",6083,1754,0,283.33792773935
"13930","infects",6083,1755,0,289.891088984732
"13931","infects",6083,1756,0,301.152170446816
"13932","infects",6083,1757,0,316.920571780689
"13933","infects",6083,1758,0,336.667593251907
"13934","infects",6083,1759,0,359.42166363674
"13935","infects",6083,1760,0,383.666418537745
"13936","infects",6083,1761,0,407.323082732577
"13937","infects",6083,1762,0,427.894529303805
"13938","infects",6083,1763,0,442.814138012377
"13939","infects",6083,1764,0,449.959339029827
"13940","infects",6083,1765,0,448.184554543063
"13941","infects",6083,1766,0,437.665981973756
"13942","infects",6083,1767,0,419.893663846289
"13943","infects",6083,1768,0,397.293527911452
"13944","infects",6083,1769,0,372.630092445068
"13945","infects",6083,1770,0,348.422305512221
"13946","infects",6083,1771,0,326.557808707407
"13947","infects",6083,1772,0,308.164965244713
"13948","infects",6083,1773,0,293.717410430429
"13949","infects",6083,1774,0,283.088315709819
"13950","infects",6083,1775,0,275.889088976537
"13951","infects",6083,1776,0,271.505743433631
"13952","infects",6083,1777,0,269.212006769467
"13953","infects",6083,1778,0,268.231656693827
"13954","infects",6083,1779,0,267.795235185016
"13955","infects",6083,1780,0,267.206191491317
"13956","infects",6083,1781,0,265.917068450563
"13957","infects",6083,1782,0,263.601312621715
"13958","infects",6083,1783,0,260.197600939841
"13959","infects",6083,1784,0,255.906602032175
"13960","infects",6083,1785,0,251.134670230372
"13961","infects",6083,1786,0,246.39787657078
"13962","infects",6083,1787,0,242.212605865594
"13963","infects",6083,1788,0,238.999218534384
"13964","infects",6083,1789,0,237.014751053985
"13965","infects",6083,1790,0,236.317173356943
"13966","infects",6083,1791,0,236.755209475852
"13967","infects",6083,1792,0,237.97734016249
"13968","infects",6083,1793,0,239.459222132418
"13969","infects",6083,1794,0,240.555149254962
"13970","infects",6083,1795,0,240.580655501255
"13971","infects",6083,1796,0,238.926107573963
"13972","infects",6083,1797,0,235.185679901602
"13973","infects",6083,1798,0,229.269160529642
"13974","infects",6083,1799,0,221.457053029518
"13975","infects",6083,1800,0,212.371818988991
"13976","infects",6083,1801,0,202.868300951132
"13977","infects",6083,1802,0,193.879274375323
"13978","infects",6083,1803,0,186.26816190106
"13979","infects",6083,1804,0,180.73099719048
"13980","infects",6083,1805,0,177.76168849512
"13981","infects",6083,1806,0,177.666111692272
"13982","infects",6083,1807,0,180.595167549692
"13983","infects",6083,1808,0,186.567115545622
"13984","infects",6083,1809,0,195.459707412914
"13985","infects",6083,1810,0,206.966746684591
"13986","infects",6083,1811,0,220.52919896854
"13987","infects",6083,1812,0,235.267768905389
"13988","infects",6083,1813,0,249.959592914098
"13989","infects",6083,1814,0,263.107786328203
"13990","infects",6083,1815,0,273.135721177916
"13991","infects",6083,1816,0,278.690415442547
"13992","infects",6083,1817,0,278.974237337777
"13993","infects",6083,1818,0,273.97916794001
"13994","infects",6083,1819,0,264.514430901566
"13995","infects",6083,1820,0,252.002677763767
"13996","infects",6083,1821,0,238.125774437449
"13997","infects",6083,1822,0,224.460762406315
"13998","infects",6083,1823,0,212.22633973535
"13999","infects",6083,1824,0,202.185531320045
"14000","infects",6083,1825,0,194.676187717409
"14001","infects",6083,1826,0,189.695141802752
"14002","infects",6083,1827,0,187.039534872085
"14003","infects",6083,1828,0,186.331993821689
"14004","infects",6083,1829,0,187.102651982306
"14005","infects",6083,1830,0,188.816468653943
"14006","infects",6083,1831,0,190.908190698844
"14007","infects",6083,1832,0,192.830502112567
"14008","infects",6083,1833,0,194.117377394669
"14009","infects",6083,1834,0,194.451861183373
"14010","infects",6083,1835,0,193.718039136894
"14011","infects",6083,1836,0,192.016584982564
"14012","infects",6083,1837,0,189.633841192179
"14013","infects",6083,1838,0,186.971179096229
"14014","infects",6083,1839,0,184.455196492352
"14015","infects",6083,1840,0,182.452823041743
"14016","infects",6083,1841,0,181.208295135538
"14017","infects",6083,1842,0,180.807358638305
"14018","infects",6083,1843,0,181.165363727454
"14019","infects",6083,1844,0,182.033923549026
"14020","infects",6083,1845,0,183.024404507426
"14021","infects",6083,1846,0,183.651411782306
"14022","infects",6083,1847,0,183.400709560961
"14023","infects",6083,1848,0,181.820393499776
"14024","infects",6083,1849,0,178.622080086426
"14025","infects",6083,1850,0,173.765970117637
"14026","infects",6083,1851,0,167.499098193944
"14027","infects",6083,1852,0,160.327045561553
"14028","infects",6083,1853,0,152.923895749869
"14029","infects",6083,1854,0,146.010630999438
"14030","infects",6083,1855,0,140.243169004058
"14031","infects",6083,1856,0,136.141562927861
"14032","infects",6083,1857,0,134.068948921158
"14033","infects",6083,1858,0,134.246868202877
"14034","infects",6083,1859,0,136.782741085268
"14035","infects",6083,1860,0,141.686560294708
"14036","infects",6083,1861,0,148.862466661547
"14037","infects",6083,1862,0,158.072049365798
"14038","infects",6083,1863,0,168.878369856953
"14039","infects",6083,1864,0,180.59293741575
"14040","infects",6083,1865,0,192.260070174273
"14041","infects",6083,1866,0,202.716956478103
"14042","infects",6083,1867,0,210.752545267627
"14043","infects",6083,1868,0,215.348916664934
"14044","infects",6083,1869,0,215.937258266354
"14045","infects",6083,1870,0,212.581152072582
"14046","infects",6083,1871,0,205.934665522708
"14047","infects",6083,1872,0,197.132517298505
"14048","infects",6083,1873,0,187.474763415295
"14049","infects",6083,1874,0,178.160368049599
"14050","infects",6083,1875,0,170.104924825623
"14051","infects",6083,1876,0,163.87772728478
"14052","infects",6083,1877,0,159.730739638084
"14053","infects",6083,1878,0,157.669465148252
"14054","infects",6083,1879,0,157.523590031797
"14055","infects",6083,1880,0,158.997074122208
"14056","infects",6083,1881,0,161.697512425728
"14057","infects",6083,1882,0,165.156796433116
"14058","infects",6083,1883,0,168.858608308478
"14059","infects",6083,1884,0,172.284095937574
"14060","infects",6083,1885,0,174.976906052583
"14061","infects",6083,1886,0,176.615760359109
"14062","infects",6083,1887,0,177.072726490398
"14063","infects",6083,1888,0,176.434651710562
"14064","infects",6083,1889,0,174.976268579251
"14065","infects",6083,1890,0,173.091360844381
"14066","infects",6083,1891,0,171.203228252672
"14067","infects",6083,1892,0,169.67961420263
"14068","infects",6083,1893,0,168.769920190043
"14069","infects",6083,1894,0,168.570442214485
"14070","infects",6083,1895,0,169.01426687633
"14071","infects",6083,1896,0,169.880178057412
"14072","infects",6083,1897,0,170.818170313504
"14073","infects",6083,1898,0,171.393577369656
"14074","infects",6083,1899,0,171.152699678225
"14075","infects",6083,1900,0,169.707380338222
"14076","infects",6083,1901,0,166.825203743059
"14077","infects",6083,1902,0,162.501398246721
"14078","infects",6083,1903,0,156.986261567191
"14079","infects",6083,1904,0,150.753376944716
"14080","infects",6083,1905,0,144.415947821127
"14081","infects",6083,1906,0,138.619526623434
"14082","infects",6083,1907,0,133.946635464949
"14083","infects",6083,1908,0,130.858466391951
"14084","infects",6083,1909,0,129.678561322545
"14085","infects",6083,1910,0,130.60526717181
"14086","infects",6083,1911,0,133.731643823935
"14087","infects",6083,1912,0,139.053569369435
"14088","infects",6083,1913,0,146.45489830911
"14089","infects",6083,1914,0,155.669036690505
"14090","infects",6083,1915,0,166.227977640965
"14091","infects",6083,1916,0,177.422154000354
"14092","infects",6083,1917,0,188.304180575138
"14093","infects",6083,1918,0,197.768966125228
"14094","infects",6083,1919,0,204.722833909268
"14095","infects",6083,1920,0,208.314231035069
"14096","infects",6083,1921,0,208.154469995796
"14097","infects",6083,1922,0,204.4387816562
"14098","infects",6083,1923,0,197.8811440606
"14099","infects",6083,1924,0,189.626144168222
"14100","infects",6083,1925,0,180.855778881215
"14101","infects",6083,1926,0,172.632875143127
"14102","infects",6083,1927,0,165.742525226275
"14103","infects",6083,1928,0,160.654473471776
"14104","infects",6083,1929,0,157.558447179593
"14105","infects",6083,1930,0,156.427858073476
"14106","infects",6083,1931,0,157.078160573148
"14107","infects",6083,1932,0,159.205947339494
"14108","infects",6083,1933,0,162.411859126294
"14109","infects",6083,1934,0,166.219956254859
"14110","infects",6083,1935,0,170.108007392793
"14111","infects",6083,1936,0,173.557981829383
"14112","infects",6083,1937,0,176.125310072497
"14113","infects",6083,1938,0,177.512702017621
"14114","infects",6083,1939,0,177.625563327256
"14115","infects",6083,1940,0,176.587384755588
"14116","infects",6083,1941,0,174.706209405249
"14117","infects",6083,1942,0,172.40146062878
"14118","infects",6083,1943,0,170.114034259882
"14119","infects",6083,1944,0,168.224642495662
"14120","infects",6083,1945,0,166.996741568554
"14121","infects",6083,1946,0,166.547944207996
"14122","infects",6083,1947,0,166.844967295052
"14123","infects",6083,1948,0,167.715080472797
"14124","infects",6083,1949,0,168.870176161596
"14125","infects",6083,1950,0,169.943975270787
"14126","infects",6083,1951,0,170.544565926615
"14127","infects",6083,1952,0,170.321242431837
"14128","infects",6083,1953,0,169.037075813346
"14129","infects",6083,1954,0,166.630590695876
"14130","infects",6083,1955,0,163.247039868354
"14131","infects",6083,1956,0,159.22622870639
"14132","infects",6083,1957,0,155.048453196001
"14133","infects",6083,1958,0,151.255676091586
"14134","infects",6083,1959,0,148.372744441201
"14135","infects",6083,1960,0,146.849168857203
"14136","infects",6083,1961,0,147.029170607239
"14137","infects",6083,1962,0,149.144120687055
"14138","infects",6083,1963,0,153.313549437494
"14139","infects",6083,1964,0,159.540496920969
"14140","infects",6083,1965,0,167.69247498732
"14141","infects",6083,1966,0,177.487275203507
"14142","infects",6083,1967,0,188.388819137853
"14143","infects",6083,1968,0,199.6780748959
"14144","infects",6083,1969,0,210.426738297825
"14145","infects",6083,1970,0,219.601945462873
"14146","infects",6083,1971,0,226.228900023619
"14147","infects",6083,1972,0,229.591593499741
"14148","infects",6083,1973,0,229.409464985162
"14149","infects",6083,1974,0,225.92100993812
"14150","infects",6083,1975,0,219.835004187659
"14151","infects",6083,1976,0,212.16450729439
"14152","infects",6083,1977,0,204.006674486779
"14153","infects",6083,1978,0,196.344594576046
"14154","infects",6083,1979,0,189.922674466681
"14155","infects",6083,1980,0,185.205517988136
"14156","infects",6083,1981,0,182.397560607629
"14157","infects",6083,1982,0,181.489547918394
"14158","infects",6083,1983,0,182.305046785053
"14159","infects",6083,1984,0,191.487844507471
"14160","infects",6083,1985,0,195.163903344653
"14161","infects",6083,1986,0,198.253732625435
"14162","infects",6083,1987,0,200.301919837526
"14163","infects",6083,1988,0,201.009477561609
"14164","infects",6083,1989,0,200.289176107034
"14165","infects",6083,1990,0,198.281423347091
"14166","infects",6083,1991,0,195.322415073258
"14167","infects",6083,1992,0,191.873142993137
"14168","infects",6083,1993,0,188.43091353616
"14169","infects",6083,1994,0,185.447759269753
"14170","infects",6083,1995,0,183.272572793586
"14171","infects",6083,1996,0,182.12174278006
"14172","infects",6083,1997,0,182.073337529445
"14173","infects",6083,1998,0,183.076112645389
"14174","infects",6083,1999,0,184.966361772509
"14175","infects",6083,2000,0,187.490013441192
"14176","infects",6083,2001,0,190.331256943554
"14177","infects",6083,2002,0,193.150185653519
"14178","infects",6083,2003,0,195.629719347958
"14179","infects",6083,2004,0,197.527218927895
"14180","infects",6083,2005,0,198.721056030342
"14181","infects",6083,2006,0,199.240034556835
"14182","infects",6083,2007,0,199.266217090328
"14183","infects",6083,2008,0,199.109049978032
"14184","infects",6083,2009,0,199.157456091038
"14185","infects",6083,2010,0,199.822392352548
"14186","infects",6083,2011,0,201.482548550486
"14187","infects",6083,2012,0,204.441023227703
"14188","infects",6083,2013,0,208.894185226312
"14189","infects",6083,2014,0,214.898643648849
"14190","infects",6083,2015,0,222.372145540837
"14191","infects",6083,2016,0,231.075900718708
"14192","infects",6083,2017,0,240.586334326098
"14193","infects",6083,2018,0,250.330506667399
"14194","infects",6083,2019,0,259.586501883005
"14195","infects",6083,2020,0,267.575547179133
"14196","infects",6083,2021,0,273.565741420103
"14197","infects",6083,2022,0,276.999257600899
"14198","infects",6083,2023,0,277.607222261706
"14199","infects",6083,2024,0,275.476038229883
"14200","infects",6083,2025,0,271.040114001295
"14201","infects",6083,2026,0,265.000282094679
"14202","infects",6083,2027,0,258.193130644965
"14203","infects",6083,2028,0,251.450728425956
"14204","infects",6083,2029,0,245.486613733746
"14205","infects",6083,2030,0,240.826914948513
"14206","infects",6083,2031,0,237.785839774063
"14207","infects",6083,2032,0,236.471887455867
"14208","infects",6083,2033,0,236.808306719891
"14209","infects",6083,2034,0,238.556269641811
"14210","infects",6083,2035,0,241.337402268619
"14211","infects",6083,2036,0,244.659637439995
"14212","infects",6083,2037,0,247.954184177096
"14213","infects",6083,2038,0,250.630341469034
"14214","infects",6083,2039,0,252.148753166806
"14215","infects",6083,2040,0,252.104140401757
"14216","infects",6083,2041,0,250.29942918106
"14217","infects",6083,2042,0,246.789644496528
"14218","infects",6083,2043,0,241.879580105105
"14219","infects",6083,2044,0,236.073125509588
"14220","infects",6083,2045,0,229.988169109734
"14221","infects",6083,2046,0,224.26127179101
"14222","infects",6083,2047,0,219.466087185182
"14223","infects",6083,2048,0,216.060113371608
"14224","infects",6083,2049,0,214.361657598408
"14225","infects",6083,2050,0,214.549073235212
"14226","infects",6083,2051,0,216.67053531227
"14227","infects",6083,2052,0,220.654435321123
"14228","infects",6083,2053,0,226.315519473526
"14229","infects",6083,2054,0,233.357668247029
"14230","infects",6083,2055,0,241.378925926779
"14231","infects",6083,2056,0,249.886827840238
"14232","infects",6083,2057,0,258.331302654092
"14233","infects",6083,2058,0,266.157943037063
"14234","infects",6083,2059,0,272.876874666346
"14235","infects",6083,2060,0,278.134214671372
"14236","infects",6083,2061,0,281.785657756329
"14237","infects",6083,2062,0,283.855671625418
"14238","infects",6083,2063,0,284.607059143987
"14239","infects",6083,2064,0,284.436252794235
"14240","infects",6083,2065,0,283.808088782477
"14241","infects",6083,2066,0,283.175980912792
"14242","infects",6083,2067,0,282.914416323747
"14243","infects",6083,2068,0,283.272553994505
"14244","infects",6083,2069,0,284.350438141126
"14245","infects",6083,2070,0,286.095022705281
"14246","infects",6083,2071,0,288.312504973491
"14247","infects",6083,2072,0,290.695010098533
"14248","infects",6083,2073,0,292.861218505984
"14249","infects",6083,2074,0,294.410172522266
"14250","infects",6083,2075,0,294.984497170537
"14251","infects",6083,2076,0,294.334504433586
"14252","infects",6083,2077,0,292.370491377804
"14253","infects",6083,2078,0,289.189875366189
"14254","infects",6083,2079,0,285.07035410694
"14255","infects",6083,2080,0,280.429118337365
"14256","infects",6083,2081,0,275.757713354029
"14257","infects",6083,2082,0,271.548095657419
"14258","infects",6083,2083,0,268.225271178025
"14259","infects",6083,2084,0,266.096458174036
"14260","infects",6083,2085,0,265.319383895775
"14261","infects",6083,2086,0,265.886846936308
"14262","infects",6083,2087,0,267.623187808812
"14263","infects",6083,2088,0,270.190681783115
"14264","infects",6083,2089,0,273.108232414227
"14265","infects",6083,2090,0,275.788379445252
"14266","infects",6083,2091,0,277.598777903748
"14267","infects",6083,2092,0,277.949074975751
"14268","infects",6083,2093,0,276.393790023785
"14269","infects",6083,2094,0,272.729973438804
"14270","infects",6083,2095,0,267.061538799332
"14271","infects",6083,2096,0,259.806432243188
"14272","infects",6083,2097,0,251.639411323797
"14273","infects",6083,2098,0,243.385645639842
"14274","infects",6083,2099,0,235.897250071583
"14275","infects",6083,2100,0,229.947309298327
"14276","infects",6083,2101,0,226.163592336071
"14277","infects",6083,2102,0,225.004845011022
"14278","infects",6083,2103,0,226.766286733565
"14279","infects",6083,2104,0,231.593660435023
"14280","infects",6083,2105,0,239.487016390103
"14281","infects",6083,2106,0,250.283190809588
"14282","infects",6083,2107,0,263.616599042448
"14283","infects",6083,2108,0,278.869879575508
"14284","infects",6083,2109,0,295.137764946079
"14285","infects",6083,2110,0,311.236022480712
"14286","infects",6083,2111,0,325.78614137929
"14287","infects",6083,2112,0,337.38894740708
"14288","infects",6083,2113,0,344.865800644947
"14289","infects",6083,2114,0,347.445405245205
"14290","infects",6083,2115,0,345.150277653073
"14291","infects",6083,2116,0,338.537879129579
"14292","infects",6083,2117,0,328.725673854092
"14293","infects",6083,2118,0,317.106792853902
"14294","infects",6083,2119,0,305.074143897012
"14295","infects",6083,2120,0,293.800696400727
"14296","infects",6083,2121,0,284.118566191814
"14297","infects",6083,2122,0,276.493769001105
"14298","infects",6083,2123,0,271.06488836948
"14299","infects",6083,2124,0,267.709071259299
"14300","infects",6083,2125,0,266.110197902905
"14301","infects",6083,2126,0,265.820012791515
"14302","infects",6083,2127,0,266.314881415315
"14303","infects",6083,2128,0,267.055120134763
"14304","infects",6083,2129,0,267.550771374486
"14305","infects",6083,2130,0,267.42988136453
"14306","infects",6083,2131,0,266.497053829616
"14307","infects",6083,2132,0,264.766157318776
"14308","infects",6083,2133,0,262.454803241836
"14309","infects",6083,2134,0,259.938847735158
"14310","infects",6083,2135,0,257.677656396039
"14311","infects",6083,2136,0,256.128722662418
"14312","infects",6083,2137,0,255.669819562207
"14313","infects",6083,2138,0,256.539696509558
"14314","infects",6083,2139,0,258.799570965558
"14315","infects",6083,2140,0,262.312458996111
"14316","infects",6083,2141,0,266.737975944054
"14317","infects",6083,2142,0,271.545304207594
"14318","infects",6083,2143,0,276.052708070316
"14319","infects",6083,2144,0,279.503394894033
"14320","infects",6083,2145,0,281.180655029663
"14321","infects",6083,2146,0,280.549498704693
"14322","infects",6083,2147,0,277.392892410183
"14323","infects",6083,2148,0,271.899324318362
"14324","infects",6083,2149,0,264.66587300351
"14325","infects",6083,2150,0,256.608971864
"14326","infects",6083,2151,0,248.811160517174
"14327","infects",6083,2152,0,242.3559437079
"14328","infects",6083,2153,0,238.200794385492
"14329","infects",6083,2154,0,237.113441450251
"14330","infects",6083,2155,0,239.664996046228
"14331","infects",6083,2156,0,246.251332918884
"14332","infects",6083,2157,0,257.134611313102
"14333","infects",6083,2158,0,272.327589168294
"14334","infects",6083,2159,0,291.651883018132
"14335","infects",6083,2160,0,314.547870170256
"14336","infects",6083,2161,0,339.960230836272
"14337","infects",6083,2162,0,366.24696106136
"14338","infects",6083,2163,0,391.20632248203
"14339","infects",6083,2164,0,412.293586214686
"14340","infects",6083,2165,0,427.045092911188
"14341","infects",6083,2166,0,433.627513659427
"14342","infects",6083,2167,0,431.330831644517
"14343","infects",6083,2168,0,420.797405648006
"14344","infects",6083,2169,0,403.87040024081
"14345","infects",6083,2170,0,383.114961485049
"14346","infects",6083,2171,0,361.209493603645
"14347","infects",6083,2172,0,340.432714003146
"14348","infects",6083,2173,0,322.383264051346
"14349","infects",6083,2174,0,307.938654772946
"14350","infects",6083,2175,0,297.370647133263
"14351","infects",6083,2176,0,290.514941924851
"14352","infects",6083,2177,0,286.923847240303
"14353","infects",6083,2178,0,285.975030353999
"14354","infects",6083,2179,0,286.942942631255
"14355","infects",6083,2180,0,289.0546895239
"14356","infects",6083,2181,0,291.551525790556
"14357","infects",6083,2182,0,293.765926011455
"14358","infects",6083,2183,0,295.207928200389
"14359","infects",6083,2184,0,295.639988036685
"14360","infects",6083,2185,0,295.114269916826
"14361","infects",6083,2186,0,293.954335247477
"14362","infects",6083,2187,0,292.681585744102
"14363","infects",6083,2188,0,291.905813960459
"14364","infects",6083,2189,0,292.208403062638
"14365","infects",6083,2190,0,294.042339508244
"14366","infects",6083,2191,0,297.660223902171
"14367","infects",6083,2192,0,303.069140293745
"14368","infects",6083,2193,0,310.006630835755
"14369","infects",6083,2194,0,317.936466902616
"14370","infects",6083,2195,0,326.0724532634
"14371","infects",6083,2196,0,333.446110470449
"14372","infects",6083,2197,0,339.032141942351
"14373","infects",6083,2198,0,341.929270817475
"14374","infects",6083,2199,0,341.565885110276
"14375","infects",6083,2200,0,337.872975860684
"14376","infects",6083,2201,0,331.360484627632
"14377","infects",6083,2202,0,323.059959985686
"14378","infects",6083,2203,0,314.348290054085
"14379","infects",6083,2204,0,306.715939106983
"14380","infects",6083,2205,0,301.559287255695
"14381","infects",6083,2206,0,300.052595984648
"14382","infects",6083,2207,0,303.109000032135
"14383","infects",6083,2208,0,311.399172002473
"14384","infects",6083,2209,0,325.377534581681
"14385","infects",6083,2210,0,345.269071432555
"14386","infects",6083,2211,0,370.98670636688
"14387","infects",6083,2212,0,401.974364571232
"14388","infects",6083,2213,0,437.004694499948
"14389","infects",6083,2214,0,474.003432759254
"14390","infects",6083,2215,0,510.013639963111
"14391","infects",6083,2216,0,541.423042227257
"14392","infects",6083,2217,0,564.518329816283
"14393","infects",6083,2218,0,576.289023228475
"14394","infects",6083,2219,0,575.233287349224
"14395","infects",6083,2220,0,561.833030209565
"14396","infects",6083,2221,0,538.462025463998
"14397","infects",6083,2222,0,508.744684886559
"14398","infects",6083,2223,0,476.638838693064
"14399","infects",6083,2224,0,445.606545559632
"14400","infects",6083,2225,0,418.124829194717
"14401","infects",6083,2226,0,395.580737980756
"14402","infects",6083,2227,0,378.434133253097
"14403","infects",6083,2228,0,366.483877263122
"14404","infects",6083,2229,0,359.114697160585
"14405","infects",6083,2230,0,355.472939291075
"14406","infects",6083,2231,0,354.575521994291
"14407","infects",6083,2232,0,355.383430068734
"14408","infects",6083,2233,0,356.873265065565
"14409","infects",6083,2234,0,358.126508885438
"14410","infects",6083,2235,0,358.434499979562
"14411","infects",6083,2236,0,357.396255433524
"14412","infects",6083,2237,0,354.975717028879
"14413","infects",6083,2238,0,351.491510516861
"14414","infects",6083,2239,0,347.534227401602
"14415","infects",6083,2240,0,343.832225918722
"14416","infects",6083,2241,0,341.10258797511
"14417","infects",6083,2242,0,339.921708775807
"14418","infects",6083,2243,0,340.634274219192
"14419","infects",6083,2244,0,343.301675245238
"14420","infects",6083,2245,0,347.681455030131
"14421","infects",6083,2246,0,353.231394360031
"14422","infects",6083,2247,0,359.141441842897
"14423","infects",6083,2248,0,364.406057904031
"14424","infects",6083,2249,0,367.950277897099
"14425","infects",6083,2250,0,368.809356288512
"14426","infects",6083,2251,0,366.335634541962
"14427","infects",6083,2252,0,360.378748238475
"14428","infects",6083,2253,0,351.375159144629
"14429","infects",6083,2254,0,340.32749827596
"14430","infects",6083,2255,0,328.549273809146
"14431","infects",6083,2256,0,317.543638884272
"14432","infects",6083,2257,0,308.706556565661
"14433","infects",6083,2258,0,303.191110321617
"14434","infects",6083,2259,0,301.85042664008
"14435","infects",6083,2260,0,305.250194423563
"14436","infects",6083,2261,0,313.703732060383
"14437","infects",6083,2262,0,327.283617066706
"14438","infects",6083,2263,0,345.78043462119
"14439","infects",6083,2264,0,368.60311508797
"14440","infects",6083,2265,0,394.643803848279
"14441","infects",6083,2266,0,422.162305445371
"14442","infects",6083,2267,0,448.773546307863
"14443","infects",6083,2268,0,471.626828076751
"14444","infects",6083,2269,0,487.822579825367
"14445","infects",6083,2270,0,495.012232350039
"14446","infects",6083,2271,0,492.00477216488
"14447","infects",6083,2272,0,479.137661662613
"14448","infects",6083,2273,0,458.230488387633
"14449","infects",6083,2274,0,432.118134212462
"14450","infects",6083,2275,0,403.952448656956
"14451","infects",6083,2276,0,376.544088188744
"14452","infects",6083,2277,0,351.948736692699
"14453","infects",6083,2278,0,331.351272717373
"14454","infects",6083,2279,0,315.172270442385
"14455","infects",6083,2280,0,303.272647597015
"14456","infects",6083,2281,0,295.155562082853
"14457","infects",6083,2282,0,290.117204226506
"14458","infects",6083,2283,0,287.343806066513
"14459","infects",6083,2284,0,285.976577008675
"14460","infects",6083,2285,0,285.170631320439
"14461","infects",6083,2286,0,284.164751844488
"14462","infects",6083,2287,0,282.362601916454
"14463","infects",6083,2288,0,279.409481525384
"14464","infects",6083,2289,0,275.239339000617
"14465","infects",6083,2290,0,270.070217271183
"14466","infects",6083,2291,0,264.342357832953
"14467","infects",6083,2292,0,258.613851408011
"14468","infects",6083,2293,0,253.442639810507
"14469","infects",6083,2294,0,249.283810943485
"14470","infects",6083,2295,0,246.419458103427
"14471","infects",6083,2296,0,244.923484727344
"14472","infects",6083,2297,0,244.654171909586
"14473","infects",6083,2298,0,245.26651610004
"14474","infects",6083,2299,0,246.242047362658
"14475","infects",6083,2300,0,246.940638421108
"14476","infects",6083,2301,0,246.680977579649
"14477","infects",6083,2302,0,244.850131415071
"14478","infects",6083,2303,0,241.028323900229
"14479","infects",6083,2304,0,235.098842240451
"14480","infects",6083,2305,0,227.305524060695
"14481","infects",6083,2306,0,218.230737424639
"14482","infects",6083,2307,0,208.694472384341
"14483","infects",6083,2308,0,199.606689520729
"14484","infects",6083,2309,0,191.821995049468
"14485","infects",6083,2310,0,186.038297234618
"14486","infects",6083,2311,0,182.755523762496
"14487","infects",6083,2312,0,182.282903242361
"14488","infects",6083,2313,0,184.76726935028
"14489","infects",6083,2314,0,190.213754617319
"14490","infects",6083,2315,0,198.479523505688
"14491","infects",6083,2316,0,209.234963247601
"14492","infects",6083,2317,0,221.902105141936
"14493","infects",6083,2318,0,235.596294784976
"14494","infects",6083,2319,0,249.111660146549
"14495","infects",6083,2320,0,260.995635121064
"14496","infects",6083,2321,0,269.740621232332
"14497","infects",6083,2322,0,274.075419722746
"14498","infects",6083,2323,0,273.278215659791
"14499","infects",6083,2324,0,267.392218749697
"14500","infects",6083,2325,0,257.242534371386
"14501","infects",6083,2326,0,244.233418424607
"14502","infects",6083,2327,0,230.004875019402
"14503","infects",6083,2328,0,216.083046605792
"14504","infects",6083,2329,0,203.6388286808
"14505","infects",6083,2330,0,193.397600688436
"14506","infects",6083,2331,0,185.672115300298
"14507","infects",6083,2332,0,180.456989617502
"14508","infects",6083,2333,0,177.529058582214
"14509","infects",6083,2334,0,176.523573921773
"14510","infects",6083,2335,0,176.981968844031
"14511","infects",6083,2336,0,178.382905029479
"14512","infects",6083,2337,0,180.173424380798
"14513","infects",6083,2338,0,181.81335983769
"14514","infects",6083,2339,0,182.836248830221
"14515","infects",6083,2340,0,182.917237178129
"14516","infects",6083,2341,0,181.9282008613
"14517","infects",6083,2342,0,179.958569385803
"14518","infects",6083,2343,0,177.289846227372
"14519","infects",6083,2344,0,174.328670357203
"14520","infects",6083,2345,0,171.518252598787
"14521","infects",6083,2346,0,169.252914106019
"14522","infects",6083,2347,0,167.813883455752
"14523","infects",6083,2348,0,167.332276264388
"14524","infects",6083,2349,0,167.775225972405
"14525","infects",6083,2350,0,168.964150572687
"14526","infects",6083,2351,0,170.531112648524
"14527","infects",6083,2352,0,172.028592000137
"14528","infects",6083,2353,0,172.934478136315
"14529","infects",6083,2354,0,172.741341832624
"14530","infects",6083,2355,0,171.055596698589
"14531","infects",6083,2356,0,167.696223603193
"14532","infects",6083,2357,0,162.761501146235
"14533","infects",6083,2358,0,156.635090423718
"14534","infects",6083,2359,0,149.922741111897
"14535","infects",6083,2360,0,143.339266480632
"14536","infects",6083,2361,0,137.585680678395
"14537","infects",6083,2362,0,133.25607396496
"14538","infects",6083,2363,0,130.794447157364
"14539","infects",6083,2364,0,130.496639739263
"14540","infects",6083,2365,0,132.535437785591
"14541","infects",6083,2366,0,136.983153219455
"14542","infects",6083,2367,0,143.812210625774
"14543","infects",6083,2368,0,152.865018392152
"14544","infects",6083,2369,0,163.796785195464
"14545","infects",6083,2370,0,176.009075154489
"14546","infects",6083,2371,0,188.607162485621
"14547","infects",6083,2372,0,200.424826599175
"14548","infects",6083,2373,0,210.154127295793
"14549","infects",6083,2374,0,216.583768013017
"14550","infects",6083,2375,0,218.89203404521
"14551","infects",6083,2376,0,216.888377548179
"14552","infects",6083,2377,0,211.093668863488
"14553","infects",6083,2378,0,202.611993080464
"14554","infects",6083,2379,0,192.845127592432
"14555","infects",6083,2380,0,183.17012843421
"14556","infects",6083,2381,0,174.697377681591
"14557","infects",6083,2382,0,168.163809167625
"14558","infects",6083,2383,0,163.944325181153
"14559","infects",6083,2384,0,162.125401624127
"14560","infects",6083,2385,0,162.585939656398
"14561","infects",6083,2386,0,165.054047625197
"14562","infects",6083,2387,0,169.134539164226
"14563","infects",6083,2388,0,174.320090159761
"14564","infects",6083,2389,0,180.007257381214
"14565","infects",6083,2390,0,185.537513785551
"14566","infects",6083,2391,0,190.273250054029
"14567","infects",6083,2392,0,193.700797351275
"14568","infects",6083,2393,0,195.533138647248
"14569","infects",6083,2394,0,195.77490357814
"14570","infects",6083,2395,0,194.720486172201
"14571","infects",6083,2396,0,192.881231022395
"14572","infects",6083,2397,0,190.865881691901
"14573","infects",6083,2398,0,189.253160556287
"14574","infects",6083,2399,0,188.489587036765
"14575","infects",6083,2400,0,188.826691646212
"14576","infects",6083,2401,0,190.293583734446
"14577","infects",6083,2402,0,192.693306616605
"14578","infects",6083,2403,0,195.615659627294
"14579","infects",6083,2404,0,198.46953093816
"14580","infects",6083,2405,0,200.546150766353
"14581","infects",6083,2406,0,201.123657480287
"14582","infects",6083,2407,0,199.609118338201
"14583","infects",6083,2408,0,195.690057420577
"14584","infects",6083,2409,0,189.446502384526
"14585","infects",6083,2410,0,181.374148457329
"14586","infects",6083,2411,0,172.298414933173
"14587","infects",6083,2412,0,163.206185829426
"14588","infects",6083,2413,0,155.058415845999
"14589","infects",6083,2414,0,148.648903521533
"14590","infects",6083,2415,0,144.543244754419
"14591","infects",6083,2416,0,143.090317710176
"14592","infects",6083,2417,0,144.471053767162
"14593","infects",6083,2418,0,148.744400211189
"14594","infects",6083,2419,0,155.861513907726
"14595","infects",6083,2420,0,165.635725145786
"14596","infects",6083,2421,0,177.672500175106
"14597","infects",6083,2422,0,191.281389908621
"14598","infects",6083,2423,0,205.411775392372
"14599","infects",6083,2424,0,218.669871576528
"14600","infects",6083,2425,0,229.469811032017
"14601","infects",6083,2426,0,236.329430760532
"14602","infects",6083,2427,0,238.244078045072
"14603","infects",6083,2428,0,234.998383818366
"14604","infects",6083,2429,0,227.267027903494
"14605","infects",6083,2430,0,216.44080077207
"14606","infects",6083,2431,0,204.249953932543
"14607","infects",6083,2432,0,192.35032168525
"14608","infects",6083,2433,0,182.027971828557
"14609","infects",6083,2434,0,174.087275067846
"14610","infects",6083,2435,0,168.889695971155
"14611","infects",6083,2436,0,166.463204226475
"14612","infects",6083,2437,0,166.610128018568
"14613","infects",6083,2438,0,168.976391975103
"14614","infects",6083,2439,0,173.079595204361
"14615","infects",6083,2440,0,178.315299069903
"14616","infects",6083,2441,0,183.969840316065
"14617","infects",6083,2442,0,189.265792984113
"14618","infects",6083,2443,0,193.452882004657
"14619","infects",6083,2444,0,195.933925726742
"14620","infects",6083,2445,0,196.390045194071
"14621","infects",6083,2446,0,194.856508564555
"14622","infects",6083,2447,0,191.725926091298
"14623","infects",6083,2448,0,187.600005868191
"14624","infects",6083,2449,0,183.205416716875
"14625","infects",6083,2450,0,179.200196635645
"14626","infects",6083,2451,0,176.069956213834
"14627","infects",6083,2452,0,174.070271506325
"14628","infects",6083,2453,0,173.214443994419
"14629","infects",6083,2454,0,173.288032011317
"14630","infects",6083,2455,0,173.877556975101
"14631","infects",6083,2456,0,174.413497067421
"14632","infects",6083,2457,0,174.237452144776
"14633","infects",6083,2458,0,172.702860596907
"14634","infects",6083,2459,0,169.304963262391
"14635","infects",6083,2460,0,163.813121795469
"14636","infects",6083,2461,0,156.360089023727
"14637","infects",6083,2462,0,147.444944481227
"14638","infects",6083,2463,0,137.83629787058
"14639","infects",6083,2464,0,128.406888662466
"14640","infects",6083,2465,0,119.961929109339
"14641","infects",6083,2466,0,113.120541888287
"14642","infects",6083,2467,0,108.276462944327
"14643","infects",6083,2468,0,105.624933155138
"14644","infects",6083,2469,0,105.220036372277
"14645","infects",6083,2470,0,107.026332489668
"14646","infects",6083,2471,0,110.941673849934
"14647","infects",6083,2472,0,116.783515855072
"14648","infects",6083,2473,0,124.243959316511
"14649","infects",6083,2474,0,132.830385421112
"14650","infects",6083,2475,0,141.820763624013
"14651","infects",6083,2476,0,150.272366272769
"14652","infects",6083,2477,0,157.119448773279
"14653","infects",6083,2478,0,161.367808296253
"14654","infects",6083,2479,0,162.342932013936
"14655","infects",6083,2480,0,159.898929651131
"14656","infects",6083,2481,0,154.488023898541
"14657","infects",6083,2482,0,147.046128817821
"14658","infects",6083,2483,0,138.741025119137
"14659","infects",6083,2484,0,130.693806295273
"14660","infects",6083,2485,0,123.77925893339
"14661","infects",6083,2486,0,118.550136959824
"14662","infects",6083,2487,0,115.263898124895
"14663","infects",6083,2488,0,113.957578481756
"14664","infects",6083,2489,0,114.521262421047
"14665","infects",6083,2490,0,124.900267236135
"14666","infects",6083,2491,0,129.986333755608
"14667","infects",6083,2492,0,135.060999748753
"14668","infects",6083,2493,0,139.589767804298
"14669","infects",6083,2494,0,143.11772548113
"14670","infects",6083,2495,0,145.363958223196
"14671","infects",6083,2496,0,146.2903497741
"14672","infects",6083,2497,0,146.11457454537
"14673","infects",6083,2498,0,145.258412322317
"14674","infects",6083,2499,0,144.249755387881
"14675","infects",6083,2500,0,143.61305408174
"14676","infects",6083,2501,0,143.779750573318
"14677","infects",6083,2502,0,145.032917396469
"14678","infects",6083,2503,0,147.482162046068
"14679","infects",6083,2504,0,151.056240853572
"14680","infects",6083,2505,0,155.503777804503
"14681","infects",6083,2506,0,160.402578937191
"14682","infects",6083,2507,0,165.188508671027
"14683","infects",6083,2508,0,169.219094769986
"14684","infects",6083,2509,0,171.879789359327
"14685","infects",6083,2510,0,172.721314628289
"14686","infects",6083,2511,0,171.592231741204
"14687","infects",6083,2512,0,168.717470539471
"14688","infects",6083,2513,0,164.685782114505
"14689","infects",6083,2514,0,160.346463660507
"14690","infects",6083,2515,0,156.657533790103
"14691","infects",6083,2516,0,154.546731667384
"14692","infects",6083,2517,0,154.832128287203
"14693","infects",6083,2518,0,158.213724125914
"14694","infects",6083,2519,0,165.314600458761
"14695","D_obs",6083,0,0,8
"14696","D_obs",6083,1,0,9
"14697","D_obs",6083,2,0,7
"14698","D_obs",6083,3,0,11
"14699","D_obs",6083,4,0,8
"14700","D_obs",6083,5,0,14
"14701","D_obs",6083,6,0,4
"14702","D_obs",6083,7,0,11
"14703","D_obs",6083,8,0,7
"14704","D_obs",6083,9,0,12
"14705","D_obs",6083,10,0,6
"14706","D_obs",6083,11,0,16
"14707","D_obs",6083,12,0,8
"14708","D_obs",6083,13,0,5
"14709","D_obs",6083,14,0,11
"14710","D_obs",6083,15,0,5
"14711","D_obs",6083,16,0,12
"14712","D_obs",6083,17,0,7
"14713","D_obs",6083,18,0,10
"14714","D_obs",6083,19,0,15
"14715","D_obs",6083,20,0,17
"14716","D_obs",6083,21,0,25
"14717","D_obs",6083,22,0,30
"14718","D_obs",6083,23,0,16
"14719","D_obs",6083,24,0,24
"14720","D_obs",6083,25,0,18
"14721","D_obs",6083,26,0,29
"14722","D_obs",6083,27,0,25
"14723","D_obs",6083,28,0,23
"14724","D_obs",6083,29,0,28
"14725","D_obs",6083,30,0,31
"14726","D_obs",6083,31,0,19
"14727","D_obs",6083,32,0,43
"14728","D_obs",6083,33,0,28
"14729","D_obs",6083,34,0,38
"14730","D_obs",6083,35,0,30
"14731","D_obs",6083,36,0,35
"14732","D_obs",6083,37,0,29
"14733","D_obs",6083,38,0,31
"14734","D_obs",6083,39,0,47
"14735","D_obs",6083,40,0,36
"14736","D_obs",6083,41,0,41
"14737","D_obs",6083,42,0,46
"14738","D_obs",6083,43,0,44
"14739","D_obs",6083,44,0,39
"14740","D_obs",6083,45,0,50
"14741","D_obs",6083,46,0,43
"14742","D_obs",6083,47,0,30
"14743","D_obs",6083,48,0,35
"14744","D_obs",6083,49,0,40
"14745","D_obs",6083,50,0,33
"14746","D_obs",6083,51,0,35
"14747","D_obs",6083,52,0,27
"14748","D_obs",6083,53,0,22
"14749","D_obs",6083,54,0,30
"14750","D_obs",6083,55,0,23
"14751","D_obs",6083,56,0,19
"14752","D_obs",6083,57,0,15
"14753","D_obs",6083,58,0,24
"14754","D_obs",6083,59,0,22
"14755","D_obs",6083,60,0,29
"14756","D_obs",6083,61,0,21
"14757","D_obs",6083,62,0,21
"14758","D_obs",6083,63,0,22
"14759","D_obs",6083,64,0,22
"14760","D_obs",6083,65,0,21
"14761","D_obs",6083,66,0,21
"14762","D_obs",6083,67,0,27
"14763","D_obs",6083,68,0,18
"14764","D_obs",6083,69,0,24
"14765","D_obs",6083,70,0,10
"14766","D_obs",6083,71,0,21
"14767","D_obs",6083,72,0,27
"14768","D_obs",6083,73,0,29
"14769","D_obs",6083,74,0,33
"14770","D_obs",6083,75,0,31
"14771","D_obs",6083,76,0,27
"14772","D_obs",6083,77,0,32
"14773","D_obs",6083,78,0,32
"14774","D_obs",6083,79,0,30
"14775","D_obs",6083,80,0,37
"14776","D_obs",6083,81,0,32
"14777","D_obs",6083,82,0,41
"14778","D_obs",6083,83,0,48
"14779","D_obs",6083,84,0,43
"14780","D_obs",6083,85,0,34
"14781","D_obs",6083,86,0,39
"14782","D_obs",6083,87,0,41
"14783","D_obs",6083,88,0,48
"14784","D_obs",6083,89,0,64
"14785","D_obs",6083,90,0,54
"14786","D_obs",6083,91,0,43
"14787","D_obs",6083,92,0,54
"14788","D_obs",6083,93,0,58
"14789","D_obs",6083,94,0,58
"14790","D_obs",6083,95,0,66
"14791","D_obs",6083,96,0,60
"14792","D_obs",6083,97,0,51
"14793","D_obs",6083,98,0,61
"14794","D_obs",6083,99,0,59
"14795","D_obs",6083,100,0,47
"14796","D_obs",6083,101,0,46
"14797","D_obs",6083,102,0,49
"14798","D_obs",6083,103,0,54
"14799","D_obs",6083,104,0,47
"14800","D_obs",6083,105,0,51
"14801","D_obs",6083,106,0,49
"14802","D_obs",6083,107,0,42
"14803","D_obs",6083,108,0,31
"14804","D_obs",6083,109,0,37
"14805","D_obs",6083,110,0,43
"14806","D_obs",6083,111,0,43
"14807","D_obs",6083,112,0,39
"14808","D_obs",6083,113,0,40
"14809","D_obs",6083,114,0,43
"14810","D_obs",6083,115,0,36
"14811","D_obs",6083,116,0,35
"14812","D_obs",6083,117,0,35
"14813","D_obs",6083,118,0,31
"14814","D_obs",6083,119,0,32
"14815","D_obs",6083,120,0,35
"14816","D_obs",6083,121,0,24
"14817","D_obs",6083,122,0,35
"14818","D_obs",6083,123,0,41
"14819","D_obs",6083,124,0,49
"14820","D_obs",6083,125,0,63
"14821","D_obs",6083,126,0,56
"14822","D_obs",6083,127,0,62
"14823","D_obs",6083,128,0,78
"14824","D_obs",6083,129,0,60
"14825","D_obs",6083,130,0,58
"14826","D_obs",6083,131,0,69
"14827","D_obs",6083,132,0,72
"14828","D_obs",6083,133,0,82
"14829","D_obs",6083,134,0,75
"14830","D_obs",6083,135,0,80
"14831","D_obs",6083,136,0,68
"14832","D_obs",6083,137,0,93
"14833","D_obs",6083,138,0,82
"14834","D_obs",6083,139,0,99
"14835","D_obs",6083,140,0,70
"14836","D_obs",6083,141,0,87
"14837","D_obs",6083,142,0,85
"14838","D_obs",6083,143,0,87
"14839","D_obs",6083,144,0,102
"14840","D_obs",6083,145,0,81
"14841","D_obs",6083,146,0,88
"14842","D_obs",6083,147,0,72
"14843","D_obs",6083,148,0,70
"14844","D_obs",6083,149,0,84
"14845","D_obs",6083,150,0,60
"14846","D_obs",6083,151,0,56
"14847","D_obs",6083,152,0,44
"14848","D_obs",6083,153,0,47
"14849","D_obs",6083,154,0,42
"14850","D_obs",6083,155,0,39
"14851","D_obs",6083,156,0,37
"14852","D_obs",6083,157,0,47
"14853","D_obs",6083,158,0,45
"14854","D_obs",6083,159,0,28
"14855","D_obs",6083,160,0,35
"14856","D_obs",6083,161,0,34
"14857","D_obs",6083,162,0,38
"14858","D_obs",6083,163,0,30
"14859","D_obs",6083,164,0,23
"14860","D_obs",6083,165,0,24
"14861","D_obs",6083,166,0,23
"14862","D_obs",6083,167,0,27
"14863","D_obs",6083,168,0,30
"14864","D_obs",6083,169,0,11
"14865","D_obs",6083,170,0,17
"14866","D_obs",6083,171,0,18
"14867","D_obs",6083,172,0,16
"14868","D_obs",6083,173,0,9
"14869","D_obs",6083,174,0,11
"14870","D_obs",6083,175,0,22
"14871","D_obs",6083,176,0,18
"14872","D_obs",6083,177,0,19
"14873","D_obs",6083,178,0,16
"14874","D_obs",6083,179,0,17
"14875","D_obs",6083,180,0,12
"14876","D_obs",6083,181,0,15
"14877","D_obs",6083,182,0,21
"14878","D_obs",6083,183,0,15
"14879","D_obs",6083,184,0,12
"14880","D_obs",6083,185,0,13
"14881","D_obs",6083,186,0,10
"14882","D_obs",6083,187,0,18
"14883","D_obs",6083,188,0,6
"14884","D_obs",6083,189,0,14
"14885","D_obs",6083,190,0,16
"14886","D_obs",6083,191,0,14
"14887","D_obs",6083,192,0,14
"14888","D_obs",6083,193,0,20
"14889","D_obs",6083,194,0,21
"14890","D_obs",6083,195,0,23
"14891","D_obs",6083,196,0,24
"14892","D_obs",6083,197,0,20
"14893","D_obs",6083,198,0,25
"14894","D_obs",6083,199,0,11
"14895","D_obs",6083,200,0,20
"14896","D_obs",6083,201,0,28
"14897","D_obs",6083,202,0,25
"14898","D_obs",6083,203,0,22
"14899","D_obs",6083,204,0,18
"14900","D_obs",6083,205,0,19
"14901","D_obs",6083,206,0,21
"14902","D_obs",6083,207,0,13
"14903","D_obs",6083,208,0,19
"14904","D_obs",6083,209,0,20
"14905","D_obs",6083,210,0,16
"14906","D_obs",6083,211,0,14
"14907","D_obs",6083,212,0,19
"14908","D_obs",6083,213,0,16
"14909","D_obs",6083,214,0,24
"14910","D_obs",6083,215,0,20
"14911","D_obs",6083,216,0,16
"14912","D_obs",6083,217,0,11
"14913","D_obs",6083,218,0,18
"14914","D_obs",6083,219,0,20
"14915","D_obs",6083,220,0,8
"14916","D_obs",6083,221,0,16
"14917","D_obs",6083,222,0,11
"14918","D_obs",6083,223,0,13
"14919","D_obs",6083,224,0,15
"14920","D_obs",6083,225,0,6
"14921","D_obs",6083,226,0,11
"14922","D_obs",6083,227,0,15
"14923","D_obs",6083,228,0,11
"14924","D_obs",6083,229,0,23
"14925","D_obs",6083,230,0,10
"14926","D_obs",6083,231,0,15
"14927","D_obs",6083,232,0,17
"14928","D_obs",6083,233,0,14
"14929","D_obs",6083,234,0,20
"14930","D_obs",6083,235,0,25
"14931","D_obs",6083,236,0,12
"14932","D_obs",6083,237,0,11
"14933","D_obs",6083,238,0,23
"14934","D_obs",6083,239,0,17
"14935","D_obs",6083,240,0,10
"14936","D_obs",6083,241,0,10
"14937","D_obs",6083,242,0,19
"14938","D_obs",6083,243,0,10
"14939","D_obs",6083,244,0,19
"14940","D_obs",6083,245,0,15
"14941","D_obs",6083,246,0,17
"14942","D_obs",6083,247,0,21
"14943","D_obs",6083,248,0,28
"14944","D_obs",6083,249,0,30
"14945","D_obs",6083,250,0,33
"14946","D_obs",6083,251,0,22
"14947","D_obs",6083,252,0,27
"14948","D_obs",6083,253,0,19
"14949","D_obs",6083,254,0,27
"14950","D_obs",6083,255,0,33
"14951","D_obs",6083,256,0,25
"14952","D_obs",6083,257,0,25
"14953","D_obs",6083,258,0,19
"14954","D_obs",6083,259,0,13
"14955","D_obs",6083,260,0,16
"14956","D_obs",6083,261,0,22
"14957","D_obs",6083,262,0,12
"14958","D_obs",6083,263,0,14
"14959","D_obs",6083,264,0,14
"14960","D_obs",6083,265,0,17
"14961","D_obs",6083,266,0,14
"14962","D_obs",6083,267,0,21
"14963","D_obs",6083,268,0,13
"14964","D_obs",6083,269,0,11
"14965","D_obs",6083,270,0,18
"14966","D_obs",6083,271,0,13
"14967","D_obs",6083,272,0,11
"14968","D_obs",6083,273,0,7
"14969","D_obs",6083,274,0,16
"14970","D_obs",6083,275,0,12
"14971","D_obs",6083,276,0,11
"14972","D_obs",6083,277,0,13
"14973","D_obs",6083,278,0,11
"14974","D_obs",6083,279,0,15
"14975","D_obs",6083,280,0,26
"14976","D_obs",6083,281,0,20
"14977","D_obs",6083,282,0,4
"14978","D_obs",6083,283,0,12
"14979","D_obs",6083,284,0,16
"14980","D_obs",6083,285,0,11
"14981","D_obs",6083,286,0,16
"14982","D_obs",6083,287,0,13
"14983","D_obs",6083,288,0,15
"14984","D_obs",6083,289,0,18
"14985","D_obs",6083,290,0,16
"14986","D_obs",6083,291,0,16
"14987","D_obs",6083,292,0,16
"14988","D_obs",6083,293,0,29
"14989","D_obs",6083,294,0,21
"14990","D_obs",6083,295,0,29
"14991","D_obs",6083,296,0,49
"14992","D_obs",6083,297,0,32
"14993","D_obs",6083,298,0,46
"14994","D_obs",6083,299,0,50
"14995","D_obs",6083,300,0,58
"14996","D_obs",6083,301,0,55
"14997","D_obs",6083,302,0,42
"14998","D_obs",6083,303,0,61
"14999","D_obs",6083,304,0,64
"15000","D_obs",6083,305,0,71
"15001","D_obs",6083,306,0,69
"15002","D_obs",6083,307,0,49
"15003","D_obs",6083,308,0,63
"15004","D_obs",6083,309,0,45
"15005","D_obs",6083,310,0,36
"15006","D_obs",6083,311,0,41
"15007","D_obs",6083,312,0,43
"15008","D_obs",6083,313,0,57
"15009","D_obs",6083,314,0,40
"15010","D_obs",6083,315,0,45
"15011","D_obs",6083,316,0,38
"15012","D_obs",6083,317,0,57
"15013","D_obs",6083,318,0,53
"15014","D_obs",6083,319,0,42
"15015","D_obs",6083,320,0,43
"15016","D_obs",6083,321,0,54
"15017","D_obs",6083,322,0,42
"15018","D_obs",6083,323,0,51
"15019","D_obs",6083,324,0,46
"15020","D_obs",6083,325,0,47
"15021","D_obs",6083,326,0,36
"15022","D_obs",6083,327,0,53
"15023","D_obs",6083,328,0,57
"15024","D_obs",6083,329,0,44
"15025","D_obs",6083,330,0,51
"15026","D_obs",6083,331,0,43
"15027","D_obs",6083,332,0,50
"15028","D_obs",6083,333,0,78
"15029","D_obs",6083,334,0,56
"15030","D_obs",6083,335,0,77
"15031","D_obs",6083,336,0,76
"15032","D_obs",6083,337,0,107
"15033","D_obs",6083,338,0,88
"15034","D_obs",6083,339,0,100
"15035","D_obs",6083,340,0,72
"15036","D_obs",6083,341,0,90
"15037","D_obs",6083,342,0,119
"15038","D_obs",6083,343,0,97
"15039","D_obs",6083,344,0,124
"15040","D_obs",6083,345,0,115
"15041","D_obs",6083,346,0,102
"15042","D_obs",6083,347,0,137
"15043","D_obs",6083,348,0,144
"15044","D_obs",6083,349,0,145
"15045","D_obs",6083,350,0,161
"15046","D_obs",6083,351,0,154
"15047","D_obs",6083,352,0,180
"15048","D_obs",6083,353,0,188
"15049","D_obs",6083,354,0,147
"15050","D_obs",6083,355,0,182
"15051","D_obs",6083,356,0,135
"15052","D_obs",6083,357,0,135
"15053","D_obs",6083,358,0,119
"15054","D_obs",6083,359,0,118
"15055","D_obs",6083,360,0,127
"15056","D_obs",6083,361,0,117
"15057","D_obs",6083,362,0,113
"15058","D_obs",6083,363,0,110
"15059","D_obs",6083,364,0,94
"15060","D_obs",6083,365,0,81
"15061","D_obs",6083,366,0,63
"15062","D_obs",6083,367,0,87
"15063","D_obs",6083,368,0,76
"15064","D_obs",6083,369,0,62
"15065","D_obs",6083,370,0,55
"15066","D_obs",6083,371,0,64
"15067","D_obs",6083,372,0,50
"15068","D_obs",6083,373,0,57
"15069","D_obs",6083,374,0,43
"15070","D_obs",6083,375,0,42
"15071","D_obs",6083,376,0,40
"15072","D_obs",6083,377,0,56
"15073","D_obs",6083,378,0,39
"15074","D_obs",6083,379,0,48
"15075","D_obs",6083,380,0,38
"15076","D_obs",6083,381,0,47
"15077","D_obs",6083,382,0,41
"15078","D_obs",6083,383,0,40
"15079","D_obs",6083,384,0,35
"15080","D_obs",6083,385,0,34
"15081","D_obs",6083,386,0,29
"15082","D_obs",6083,387,0,40
"15083","D_obs",6083,388,0,34
"15084","D_obs",6083,389,0,38
"15085","D_obs",6083,390,0,34
"15086","D_obs",6083,391,0,43
"15087","D_obs",6083,392,0,25
"15088","D_obs",6083,393,0,27
"15089","D_obs",6083,394,0,32
"15090","D_obs",6083,395,0,44
"15091","D_obs",6083,396,0,21
"15092","D_obs",6083,397,0,27
"15093","D_obs",6083,398,0,18
"15094","D_obs",6083,399,0,27
"15095","D_obs",6083,400,0,27
"15096","D_obs",6083,401,0,24
"15097","D_obs",6083,402,0,41
"15098","D_obs",6083,403,0,30
"15099","D_obs",6083,404,0,39
"15100","D_obs",6083,405,0,56
"15101","D_obs",6083,406,0,41
"15102","D_obs",6083,407,0,33
"15103","D_obs",6083,408,0,41
"15104","D_obs",6083,409,0,58
"15105","D_obs",6083,410,0,41
"15106","D_obs",6083,411,0,35
"15107","D_obs",6083,412,0,37
"15108","D_obs",6083,413,0,32
"15109","D_obs",6083,414,0,19
"15110","D_obs",6083,415,0,29
"15111","D_obs",6083,416,0,25
"15112","D_obs",6083,417,0,31
"15113","D_obs",6083,418,0,11
"15114","D_obs",6083,419,0,17
"15115","D_obs",6083,420,0,16
"15116","D_obs",6083,421,0,13
"15117","D_obs",6083,422,0,11
"15118","D_obs",6083,423,0,13
"15119","D_obs",6083,424,0,11
"15120","D_obs",6083,425,0,21
"15121","D_obs",6083,426,0,14
"15122","D_obs",6083,427,0,12
"15123","D_obs",6083,428,0,14
"15124","D_obs",6083,429,0,15
"15125","D_obs",6083,430,0,17
"15126","D_obs",6083,431,0,18
"15127","D_obs",6083,432,0,19
"15128","D_obs",6083,433,0,21
"15129","D_obs",6083,434,0,17
"15130","D_obs",6083,435,0,25
"15131","D_obs",6083,436,0,16
"15132","D_obs",6083,437,0,13
"15133","D_obs",6083,438,0,17
"15134","D_obs",6083,439,0,19
"15135","D_obs",6083,440,0,19
"15136","D_obs",6083,441,0,19
"15137","D_obs",6083,442,0,14
"15138","D_obs",6083,443,0,20
"15139","D_obs",6083,444,0,23
"15140","D_obs",6083,445,0,15
"15141","D_obs",6083,446,0,23
"15142","D_obs",6083,447,0,20
"15143","D_obs",6083,448,0,21
"15144","D_obs",6083,449,0,24
"15145","D_obs",6083,450,0,19
"15146","D_obs",6083,451,0,33
"15147","D_obs",6083,452,0,35
"15148","D_obs",6083,453,0,38
"15149","D_obs",6083,454,0,30
"15150","D_obs",6083,455,0,15
"15151","D_obs",6083,456,0,31
"15152","D_obs",6083,457,0,26
"15153","D_obs",6083,458,0,38
"15154","D_obs",6083,459,0,32
"15155","D_obs",6083,460,0,41
"15156","D_obs",6083,461,0,33
"15157","D_obs",6083,462,0,39
"15158","D_obs",6083,463,0,41
"15159","D_obs",6083,464,0,32
"15160","D_obs",6083,465,0,35
"15161","D_obs",6083,466,0,29
"15162","D_obs",6083,467,0,30
"15163","D_obs",6083,468,0,22
"15164","D_obs",6083,469,0,14
"15165","D_obs",6083,470,0,16
"15166","D_obs",6083,471,0,19
"15167","D_obs",6083,472,0,17
"15168","D_obs",6083,473,0,16
"15169","D_obs",6083,474,0,15
"15170","D_obs",6083,475,0,20
"15171","D_obs",6083,476,0,9
"15172","D_obs",6083,477,0,19
"15173","D_obs",6083,478,0,20
"15174","D_obs",6083,479,0,8
"15175","D_obs",6083,480,0,9
"15176","D_obs",6083,481,0,7
"15177","D_obs",6083,482,0,11
"15178","D_obs",6083,483,0,8
"15179","D_obs",6083,484,0,14
"15180","D_obs",6083,485,0,4
"15181","D_obs",6083,486,0,11
"15182","D_obs",6083,487,0,7
"15183","D_obs",6083,488,0,12
"15184","D_obs",6083,489,0,6
"15185","D_obs",6083,490,0,16
"15186","D_obs",6083,491,0,8
"15187","D_obs",6083,492,0,5
"15188","D_obs",6083,493,0,11
"15189","D_obs",6083,494,0,5
"15190","D_obs",6083,495,0,12
"15191","D_obs",6083,496,0,7
"15192","D_obs",6083,497,0,10
"15193","D_obs",6083,498,0,15
"15194","D_obs",6083,499,0,17
"15195","D_obs",6083,500,0,25
"15196","D_obs",6083,501,0,30
"15197","D_obs",6083,502,0,16
"15198","D_obs",6083,503,0,24
"15199","D_obs",6083,504,0,18
"15200","D_obs",6083,505,0,29
"15201","D_obs",6083,506,0,25
"15202","D_obs",6083,507,0,23
"15203","D_obs",6083,508,0,28
"15204","D_obs",6083,509,0,31
"15205","D_obs",6083,510,0,19
"15206","D_obs",6083,511,0,43
"15207","D_obs",6083,512,0,28
"15208","D_obs",6083,513,0,38
"15209","D_obs",6083,514,0,30
"15210","D_obs",6083,515,0,35
"15211","D_obs",6083,516,0,29
"15212","D_obs",6083,517,0,31
"15213","D_obs",6083,518,0,47
"15214","D_obs",6083,519,0,36
"15215","D_obs",6083,520,0,41
"15216","D_obs",6083,521,0,46
"15217","D_obs",6083,522,0,44
"15218","D_obs",6083,523,0,39
"15219","D_obs",6083,524,0,50
"15220","D_obs",6083,525,0,43
"15221","D_obs",6083,526,0,30
"15222","D_obs",6083,527,0,35
"15223","D_obs",6083,528,0,40
"15224","D_obs",6083,529,0,33
"15225","D_obs",6083,530,0,35
"15226","D_obs",6083,531,0,27
"15227","D_obs",6083,532,0,22
"15228","D_obs",6083,533,0,30
"15229","D_obs",6083,534,0,23
"15230","D_obs",6083,535,0,19
"15231","D_obs",6083,536,0,15
"15232","D_obs",6083,537,0,24
"15233","D_obs",6083,538,0,22
"15234","D_obs",6083,539,0,29
"15235","D_obs",6083,540,0,21
"15236","D_obs",6083,541,0,21
"15237","D_obs",6083,542,0,22
"15238","D_obs",6083,543,0,22
"15239","D_obs",6083,544,0,21
"15240","D_obs",6083,545,0,21
"15241","D_obs",6083,546,0,27
"15242","D_obs",6083,547,0,18
"15243","D_obs",6083,548,0,24
"15244","D_obs",6083,549,0,10
"15245","D_obs",6083,550,0,21
"15246","D_obs",6083,551,0,27
"15247","D_obs",6083,552,0,29
"15248","D_obs",6083,553,0,33
"15249","D_obs",6083,554,0,31
"15250","D_obs",6083,555,0,27
"15251","D_obs",6083,556,0,32
"15252","D_obs",6083,557,0,32
"15253","D_obs",6083,558,0,30
"15254","D_obs",6083,559,0,37
"15255","D_obs",6083,560,0,32
"15256","D_obs",6083,561,0,41
"15257","D_obs",6083,562,0,48
"15258","D_obs",6083,563,0,43
"15259","D_obs",6083,564,0,34
"15260","D_obs",6083,565,0,39
"15261","D_obs",6083,566,0,41
"15262","D_obs",6083,567,0,48
"15263","D_obs",6083,568,0,64
"15264","D_obs",6083,569,0,54
"15265","D_obs",6083,570,0,43
"15266","D_obs",6083,571,0,54
"15267","D_obs",6083,572,0,58
"15268","D_obs",6083,573,0,58
"15269","D_obs",6083,574,0,66
"15270","D_obs",6083,575,0,60
"15271","D_obs",6083,576,0,51
"15272","D_obs",6083,577,0,61
"15273","D_obs",6083,578,0,59
"15274","D_obs",6083,579,0,47
"15275","D_obs",6083,580,0,46
"15276","D_obs",6083,581,0,49
"15277","D_obs",6083,582,0,54
"15278","D_obs",6083,583,0,47
"15279","D_obs",6083,584,0,51
"15280","D_obs",6083,585,0,49
"15281","D_obs",6083,586,0,42
"15282","D_obs",6083,587,0,31
"15283","D_obs",6083,588,0,37
"15284","D_obs",6083,589,0,43
"15285","D_obs",6083,590,0,43
"15286","D_obs",6083,591,0,39
"15287","D_obs",6083,592,0,40
"15288","D_obs",6083,593,0,43
"15289","D_obs",6083,594,0,36
"15290","D_obs",6083,595,0,35
"15291","D_obs",6083,596,0,35
"15292","D_obs",6083,597,0,31
"15293","D_obs",6083,598,0,32
"15294","D_obs",6083,599,0,35
"15295","D_obs",6083,600,0,24
"15296","D_obs",6083,601,0,35
"15297","D_obs",6083,602,0,41
"15298","D_obs",6083,603,0,49
"15299","D_obs",6083,604,0,63
"15300","D_obs",6083,605,0,56
"15301","D_obs",6083,606,0,62
"15302","D_obs",6083,607,0,78
"15303","D_obs",6083,608,0,60
"15304","D_obs",6083,609,0,58
"15305","D_obs",6083,610,0,69
"15306","D_obs",6083,611,0,72
"15307","D_obs",6083,612,0,82
"15308","D_obs",6083,613,0,75
"15309","D_obs",6083,614,0,80
"15310","D_obs",6083,615,0,68
"15311","D_obs",6083,616,0,93
"15312","D_obs",6083,617,0,82
"15313","D_obs",6083,618,0,99
"15314","D_obs",6083,619,0,70
"15315","D_obs",6083,620,0,87
"15316","D_obs",6083,621,0,85
"15317","D_obs",6083,622,0,87
"15318","D_obs",6083,623,0,102
"15319","D_obs",6083,624,0,81
"15320","D_obs",6083,625,0,88
"15321","D_obs",6083,626,0,72
"15322","D_obs",6083,627,0,70
"15323","D_obs",6083,628,0,84
"15324","D_obs",6083,629,0,60
"15325","D_obs",6083,630,0,56
"15326","D_obs",6083,631,0,44
"15327","D_obs",6083,632,0,47
"15328","D_obs",6083,633,0,42
"15329","D_obs",6083,634,0,39
"15330","D_obs",6083,635,0,37
"15331","D_obs",6083,636,0,47
"15332","D_obs",6083,637,0,45
"15333","D_obs",6083,638,0,28
"15334","D_obs",6083,639,0,35
"15335","D_obs",6083,640,0,34
"15336","D_obs",6083,641,0,38
"15337","D_obs",6083,642,0,30
"15338","D_obs",6083,643,0,23
"15339","D_obs",6083,644,0,24
"15340","D_obs",6083,645,0,23
"15341","D_obs",6083,646,0,27
"15342","D_obs",6083,647,0,30
"15343","D_obs",6083,648,0,11
"15344","D_obs",6083,649,0,17
"15345","D_obs",6083,650,0,18
"15346","D_obs",6083,651,0,16
"15347","D_obs",6083,652,0,9
"15348","D_obs",6083,653,0,11
"15349","D_obs",6083,654,0,22
"15350","D_obs",6083,655,0,18
"15351","D_obs",6083,656,0,19
"15352","D_obs",6083,657,0,16
"15353","D_obs",6083,658,0,17
"15354","D_obs",6083,659,0,12
"15355","D_obs",6083,660,0,15
"15356","D_obs",6083,661,0,21
"15357","D_obs",6083,662,0,15
"15358","D_obs",6083,663,0,12
"15359","D_obs",6083,664,0,13
"15360","D_obs",6083,665,0,10
"15361","D_obs",6083,666,0,18
"15362","D_obs",6083,667,0,6
"15363","D_obs",6083,668,0,14
"15364","D_obs",6083,669,0,16
"15365","D_obs",6083,670,0,14
"15366","D_obs",6083,671,0,14
"15367","D_obs",6083,672,0,20
"15368","D_obs",6083,673,0,21
"15369","D_obs",6083,674,0,23
"15370","D_obs",6083,675,0,24
"15371","D_obs",6083,676,0,20
"15372","D_obs",6083,677,0,25
"15373","D_obs",6083,678,0,11
"15374","D_obs",6083,679,0,20
"15375","D_obs",6083,680,0,28
"15376","D_obs",6083,681,0,25
"15377","D_obs",6083,682,0,22
"15378","D_obs",6083,683,0,18
"15379","D_obs",6083,684,0,19
"15380","D_obs",6083,685,0,21
"15381","D_obs",6083,686,0,13
"15382","D_obs",6083,687,0,19
"15383","D_obs",6083,688,0,20
"15384","D_obs",6083,689,0,16
"15385","D_obs",6083,690,0,14
"15386","D_obs",6083,691,0,19
"15387","D_obs",6083,692,0,16
"15388","D_obs",6083,693,0,24
"15389","D_obs",6083,694,0,20
"15390","D_obs",6083,695,0,16
"15391","D_obs",6083,696,0,11
"15392","D_obs",6083,697,0,18
"15393","D_obs",6083,698,0,20
"15394","D_obs",6083,699,0,8
"15395","D_obs",6083,700,0,16
"15396","D_obs",6083,701,0,11
"15397","D_obs",6083,702,0,13
"15398","D_obs",6083,703,0,15
"15399","D_obs",6083,704,0,6
"15400","D_obs",6083,705,0,11
"15401","D_obs",6083,706,0,15
"15402","D_obs",6083,707,0,11
"15403","D_obs",6083,708,0,23
"15404","D_obs",6083,709,0,10
"15405","D_obs",6083,710,0,15
"15406","D_obs",6083,711,0,17
"15407","D_obs",6083,712,0,14
"15408","D_obs",6083,713,0,20
"15409","D_obs",6083,714,0,25
"15410","D_obs",6083,715,0,12
"15411","D_obs",6083,716,0,11
"15412","D_obs",6083,717,0,23
"15413","D_obs",6083,718,0,17
"15414","D_obs",6083,719,0,10
"15415","D_obs",6083,720,0,10
"15416","D_obs",6083,721,0,19
"15417","D_obs",6083,722,0,10
"15418","D_obs",6083,723,0,19
"15419","D_obs",6083,724,0,15
"15420","D_obs",6083,725,0,17
"15421","D_obs",6083,726,0,21
"15422","D_obs",6083,727,0,28
"15423","D_obs",6083,728,0,30
"15424","D_obs",6083,729,0,33
"15425","D_obs",6083,730,0,22
"15426","D_obs",6083,731,0,27
"15427","D_obs",6083,732,0,19
"15428","D_obs",6083,733,0,27
"15429","D_obs",6083,734,0,33
"15430","D_obs",6083,735,0,25
"15431","D_obs",6083,736,0,25
"15432","D_obs",6083,737,0,19
"15433","D_obs",6083,738,0,13
"15434","D_obs",6083,739,0,16
"15435","D_obs",6083,740,0,22
"15436","D_obs",6083,741,0,12
"15437","D_obs",6083,742,0,14
"15438","D_obs",6083,743,0,14
"15439","D_obs",6083,744,0,17
"15440","D_obs",6083,745,0,14
"15441","D_obs",6083,746,0,21
"15442","D_obs",6083,747,0,13
"15443","D_obs",6083,748,0,11
"15444","D_obs",6083,749,0,18
"15445","D_obs",6083,750,0,13
"15446","D_obs",6083,751,0,11
"15447","D_obs",6083,752,0,7
"15448","D_obs",6083,753,0,16
"15449","D_obs",6083,754,0,12
"15450","D_obs",6083,755,0,11
"15451","D_obs",6083,756,0,13
"15452","D_obs",6083,757,0,11
"15453","D_obs",6083,758,0,15
"15454","D_obs",6083,759,0,26
"15455","D_obs",6083,760,0,20
"15456","D_obs",6083,761,0,4
"15457","D_obs",6083,762,0,12
"15458","D_obs",6083,763,0,16
"15459","D_obs",6083,764,0,11
"15460","D_obs",6083,765,0,16
"15461","D_obs",6083,766,0,13
"15462","D_obs",6083,767,0,15
"15463","D_obs",6083,768,0,18
"15464","D_obs",6083,769,0,16
"15465","D_obs",6083,770,0,16
"15466","D_obs",6083,771,0,16
"15467","D_obs",6083,772,0,29
"15468","D_obs",6083,773,0,21
"15469","D_obs",6083,774,0,29
"15470","D_obs",6083,775,0,49
"15471","D_obs",6083,776,0,32
"15472","D_obs",6083,777,0,46
"15473","D_obs",6083,778,0,50
"15474","D_obs",6083,779,0,58
"15475","D_obs",6083,780,0,55
"15476","D_obs",6083,781,0,42
"15477","D_obs",6083,782,0,61
"15478","D_obs",6083,783,0,64
"15479","D_obs",6083,784,0,71
"15480","D_obs",6083,785,0,69
"15481","D_obs",6083,786,0,49
"15482","D_obs",6083,787,0,63
"15483","D_obs",6083,788,0,45
"15484","D_obs",6083,789,0,36
"15485","D_obs",6083,790,0,41
"15486","D_obs",6083,791,0,43
"15487","D_obs",6083,792,0,57
"15488","D_obs",6083,793,0,40
"15489","D_obs",6083,794,0,45
"15490","D_obs",6083,795,0,38
"15491","D_obs",6083,796,0,57
"15492","D_obs",6083,797,0,53
"15493","D_obs",6083,798,0,42
"15494","D_obs",6083,799,0,43
"15495","D_obs",6083,800,0,54
"15496","D_obs",6083,801,0,42
"15497","D_obs",6083,802,0,51
"15498","D_obs",6083,803,0,46
"15499","D_obs",6083,804,0,47
"15500","D_obs",6083,805,0,36
"15501","D_obs",6083,806,0,53
"15502","D_obs",6083,807,0,57
"15503","D_obs",6083,808,0,44
"15504","D_obs",6083,809,0,51
"15505","D_obs",6083,810,0,43
"15506","D_obs",6083,811,0,50
"15507","D_obs",6083,812,0,78
"15508","D_obs",6083,813,0,56
"15509","D_obs",6083,814,0,77
"15510","D_obs",6083,815,0,76
"15511","D_obs",6083,816,0,107
"15512","D_obs",6083,817,0,88
"15513","D_obs",6083,818,0,100
"15514","D_obs",6083,819,0,72
"15515","D_obs",6083,820,0,90
"15516","D_obs",6083,821,0,119
"15517","D_obs",6083,822,0,97
"15518","D_obs",6083,823,0,124
"15519","D_obs",6083,824,0,115
"15520","D_obs",6083,825,0,102
"15521","D_obs",6083,826,0,137
"15522","D_obs",6083,827,0,144
"15523","D_obs",6083,828,0,145
"15524","D_obs",6083,829,0,161
"15525","D_obs",6083,830,0,154
"15526","D_obs",6083,831,0,180
"15527","D_obs",6083,832,0,188
"15528","D_obs",6083,833,0,147
"15529","D_obs",6083,834,0,182
"15530","D_obs",6083,835,0,135
"15531","D_obs",6083,836,0,135
"15532","D_obs",6083,837,0,119
"15533","D_obs",6083,838,0,118
"15534","D_obs",6083,839,0,127
"15535","D_obs",6083,840,0,117
"15536","D_obs",6083,841,0,113
"15537","D_obs",6083,842,0,110
"15538","D_obs",6083,843,0,94
"15539","D_obs",6083,844,0,81
"15540","D_obs",6083,845,0,63
"15541","D_obs",6083,846,0,87
"15542","D_obs",6083,847,0,76
"15543","D_obs",6083,848,0,62
"15544","D_obs",6083,849,0,55
"15545","D_obs",6083,850,0,64
"15546","D_obs",6083,851,0,50
"15547","D_obs",6083,852,0,57
"15548","D_obs",6083,853,0,43
"15549","D_obs",6083,854,0,42
"15550","D_obs",6083,855,0,40
"15551","D_obs",6083,856,0,56
"15552","D_obs",6083,857,0,39
"15553","D_obs",6083,858,0,48
"15554","D_obs",6083,859,0,38
"15555","D_obs",6083,860,0,47
"15556","D_obs",6083,861,0,41
"15557","D_obs",6083,862,0,40
"15558","D_obs",6083,863,0,35
"15559","D_obs",6083,864,0,34
"15560","D_obs",6083,865,0,29
"15561","D_obs",6083,866,0,40
"15562","D_obs",6083,867,0,34
"15563","D_obs",6083,868,0,38
"15564","D_obs",6083,869,0,34
"15565","D_obs",6083,870,0,43
"15566","D_obs",6083,871,0,25
"15567","D_obs",6083,872,0,27
"15568","D_obs",6083,873,0,32
"15569","D_obs",6083,874,0,44
"15570","D_obs",6083,875,0,21
"15571","D_obs",6083,876,0,27
"15572","D_obs",6083,877,0,18
"15573","D_obs",6083,878,0,27
"15574","D_obs",6083,879,0,27
"15575","D_obs",6083,880,0,24
"15576","D_obs",6083,881,0,41
"15577","D_obs",6083,882,0,30
"15578","D_obs",6083,883,0,39
"15579","D_obs",6083,884,0,56
"15580","D_obs",6083,885,0,41
"15581","D_obs",6083,886,0,33
"15582","D_obs",6083,887,0,41
"15583","D_obs",6083,888,0,58
"15584","D_obs",6083,889,0,41
"15585","D_obs",6083,890,0,35
"15586","D_obs",6083,891,0,37
"15587","D_obs",6083,892,0,32
"15588","D_obs",6083,893,0,19
"15589","D_obs",6083,894,0,29
"15590","D_obs",6083,895,0,25
"15591","D_obs",6083,896,0,31
"15592","D_obs",6083,897,0,11
"15593","D_obs",6083,898,0,17
"15594","D_obs",6083,899,0,16
"15595","D_obs",6083,900,0,13
"15596","D_obs",6083,901,0,11
"15597","D_obs",6083,902,0,13
"15598","D_obs",6083,903,0,11
"15599","D_obs",6083,904,0,21
"15600","D_obs",6083,905,0,14
"15601","D_obs",6083,906,0,12
"15602","D_obs",6083,907,0,14
"15603","D_obs",6083,908,0,15
"15604","D_obs",6083,909,0,17
"15605","D_obs",6083,910,0,18
"15606","D_obs",6083,911,0,19
"15607","D_obs",6083,912,0,21
"15608","D_obs",6083,913,0,17
"15609","D_obs",6083,914,0,25
"15610","D_obs",6083,915,0,16
"15611","D_obs",6083,916,0,13
"15612","D_obs",6083,917,0,17
"15613","D_obs",6083,918,0,19
"15614","D_obs",6083,919,0,19
"15615","D_obs",6083,920,0,19
"15616","D_obs",6083,921,0,14
"15617","D_obs",6083,922,0,20
"15618","D_obs",6083,923,0,23
"15619","D_obs",6083,924,0,15
"15620","D_obs",6083,925,0,23
"15621","D_obs",6083,926,0,20
"15622","D_obs",6083,927,0,21
"15623","D_obs",6083,928,0,24
"15624","D_obs",6083,929,0,19
"15625","D_obs",6083,930,0,33
"15626","D_obs",6083,931,0,35
"15627","D_obs",6083,932,0,38
"15628","D_obs",6083,933,0,30
"15629","D_obs",6083,934,0,15
"15630","D_obs",6083,935,0,31
"15631","D_obs",6083,936,0,26
"15632","D_obs",6083,937,0,38
"15633","D_obs",6083,938,0,32
"15634","D_obs",6083,939,0,41
"15635","D_obs",6083,940,0,33
"15636","D_obs",6083,941,0,39
"15637","D_obs",6083,942,0,41
"15638","D_obs",6083,943,0,32
"15639","D_obs",6083,944,0,35
"15640","D_obs",6083,945,0,29
"15641","D_obs",6083,946,0,30
"15642","D_obs",6083,947,0,22
"15643","D_obs",6083,948,0,14
"15644","D_obs",6083,949,0,16
"15645","D_obs",6083,950,0,19
"15646","D_obs",6083,951,0,17
"15647","D_obs",6083,952,0,16
"15648","D_obs",6083,953,0,15
"15649","D_obs",6083,954,0,20
"15650","D_obs",6083,955,0,9
"15651","D_obs",6083,956,0,19
"15652","D_obs",6083,957,0,20
"15653","D_obs",6083,958,0,16
"15654","D_obs",6083,959,0,15
"15655","D_obs",6083,960,0,10
"15656","D_obs",6083,961,0,6
"15657","D_obs",6083,962,0,13
"15658","D_obs",6083,963,0,8
"15659","D_obs",6083,964,0,10
"15660","D_obs",6083,965,0,13
"15661","D_obs",6083,966,0,11
"15662","D_obs",6083,967,0,9
"15663","D_obs",6083,968,0,17
"15664","D_obs",6083,969,0,10
"15665","D_obs",6083,970,0,15
"15666","D_obs",6083,971,0,24
"15667","D_obs",6083,972,0,19
"15668","D_obs",6083,973,0,14
"15669","D_obs",6083,974,0,22
"15670","D_obs",6083,975,0,13
"15671","D_obs",6083,976,0,6
"15672","D_obs",6083,977,0,18
"15673","D_obs",6083,978,0,14
"15674","D_obs",6083,979,0,25
"15675","D_obs",6083,980,0,17
"15676","D_obs",6083,981,0,18
"15677","D_obs",6083,982,0,20
"15678","D_obs",6083,983,0,29
"15679","D_obs",6083,984,0,27
"15680","D_obs",6083,985,0,41
"15681","D_obs",6083,986,0,41
"15682","D_obs",6083,987,0,48
"15683","D_obs",6083,988,0,55
"15684","D_obs",6083,989,0,43
"15685","D_obs",6083,990,0,67
"15686","D_obs",6083,991,0,50
"15687","D_obs",6083,992,0,59
"15688","D_obs",6083,993,0,43
"15689","D_obs",6083,994,0,45
"15690","D_obs",6083,995,0,38
"15691","D_obs",6083,996,0,44
"15692","D_obs",6083,997,0,34
"15693","D_obs",6083,998,0,41
"15694","D_obs",6083,999,0,36
"15695","D_obs",6083,1000,0,41
"15696","D_obs",6083,1001,0,26
"15697","D_obs",6083,1002,0,29
"15698","D_obs",6083,1003,0,37
"15699","D_obs",6083,1004,0,27
"15700","D_obs",6083,1005,0,32
"15701","D_obs",6083,1006,0,30
"15702","D_obs",6083,1007,0,29
"15703","D_obs",6083,1008,0,22
"15704","D_obs",6083,1009,0,24
"15705","D_obs",6083,1010,0,18
"15706","D_obs",6083,1011,0,20
"15707","D_obs",6083,1012,0,31
"15708","D_obs",6083,1013,0,38
"15709","D_obs",6083,1014,0,35
"15710","D_obs",6083,1015,0,36
"15711","D_obs",6083,1016,0,38
"15712","D_obs",6083,1017,0,45
"15713","D_obs",6083,1018,0,37
"15714","D_obs",6083,1019,0,44
"15715","D_obs",6083,1020,0,42
"15716","D_obs",6083,1021,0,41
"15717","D_obs",6083,1022,0,63
"15718","D_obs",6083,1023,0,45
"15719","D_obs",6083,1024,0,41
"15720","D_obs",6083,1025,0,58
"15721","D_obs",6083,1026,0,33
"15722","D_obs",6083,1027,0,59
"15723","D_obs",6083,1028,0,31
"15724","D_obs",6083,1029,0,45
"15725","D_obs",6083,1030,0,54
"15726","D_obs",6083,1031,0,38
"15727","D_obs",6083,1032,0,47
"15728","D_obs",6083,1033,0,49
"15729","D_obs",6083,1034,0,51
"15730","D_obs",6083,1035,0,53
"15731","D_obs",6083,1036,0,58
"15732","D_obs",6083,1037,0,67
"15733","D_obs",6083,1038,0,83
"15734","D_obs",6083,1039,0,81
"15735","D_obs",6083,1040,0,70
"15736","D_obs",6083,1041,0,73
"15737","D_obs",6083,1042,0,92
"15738","D_obs",6083,1043,0,104
"15739","D_obs",6083,1044,0,82
"15740","D_obs",6083,1045,0,88
"15741","D_obs",6083,1046,0,59
"15742","D_obs",6083,1047,0,72
"15743","D_obs",6083,1048,0,59
"15744","D_obs",6083,1049,0,62
"15745","D_obs",6083,1050,0,60
"15746","D_obs",6083,1051,0,50
"15747","D_obs",6083,1052,0,67
"15748","D_obs",6083,1053,0,66
"15749","D_obs",6083,1054,0,63
"15750","D_obs",6083,1055,0,38
"15751","D_obs",6083,1056,0,43
"15752","D_obs",6083,1057,0,40
"15753","D_obs",6083,1058,0,48
"15754","D_obs",6083,1059,0,36
"15755","D_obs",6083,1060,0,28
"15756","D_obs",6083,1061,0,33
"15757","D_obs",6083,1062,0,38
"15758","D_obs",6083,1063,0,37
"15759","D_obs",6083,1064,0,37
"15760","D_obs",6083,1065,0,35
"15761","D_obs",6083,1066,0,37
"15762","D_obs",6083,1067,0,20
"15763","D_obs",6083,1068,0,26
"15764","D_obs",6083,1069,0,37
"15765","D_obs",6083,1070,0,40
"15766","D_obs",6083,1071,0,36
"15767","D_obs",6083,1072,0,38
"15768","D_obs",6083,1073,0,31
"15769","D_obs",6083,1074,0,34
"15770","D_obs",6083,1075,0,30
"15771","D_obs",6083,1076,0,39
"15772","D_obs",6083,1077,0,27
"15773","D_obs",6083,1078,0,31
"15774","D_obs",6083,1079,0,25
"15775","D_obs",6083,1080,0,27
"15776","D_obs",6083,1081,0,26
"15777","D_obs",6083,1082,0,23
"15778","D_obs",6083,1083,0,33
"15779","D_obs",6083,1084,0,30
"15780","D_obs",6083,1085,0,27
"15781","D_obs",6083,1086,0,18
"15782","D_obs",6083,1087,0,32
"15783","D_obs",6083,1088,0,43
"15784","D_obs",6083,1089,0,34
"15785","D_obs",6083,1090,0,48
"15786","D_obs",6083,1091,0,47
"15787","D_obs",6083,1092,0,58
"15788","D_obs",6083,1093,0,54
"15789","D_obs",6083,1094,0,46
"15790","D_obs",6083,1095,0,44
"15791","D_obs",6083,1096,0,52
"15792","D_obs",6083,1097,0,56
"15793","D_obs",6083,1098,0,50
"15794","D_obs",6083,1099,0,59
"15795","D_obs",6083,1100,0,50
"15796","D_obs",6083,1101,0,45
"15797","D_obs",6083,1102,0,33
"15798","D_obs",6083,1103,0,34
"15799","D_obs",6083,1104,0,40
"15800","D_obs",6083,1105,0,40
"15801","D_obs",6083,1106,0,45
"15802","D_obs",6083,1107,0,25
"15803","D_obs",6083,1108,0,35
"15804","D_obs",6083,1109,0,32
"15805","D_obs",6083,1110,0,28
"15806","D_obs",6083,1111,0,35
"15807","D_obs",6083,1112,0,29
"15808","D_obs",6083,1113,0,31
"15809","D_obs",6083,1114,0,30
"15810","D_obs",6083,1115,0,22
"15811","D_obs",6083,1116,0,33
"15812","D_obs",6083,1117,0,32
"15813","D_obs",6083,1118,0,36
"15814","D_obs",6083,1119,0,39
"15815","D_obs",6083,1120,0,42
"15816","D_obs",6083,1121,0,64
"15817","D_obs",6083,1122,0,67
"15818","D_obs",6083,1123,0,49
"15819","D_obs",6083,1124,0,66
"15820","D_obs",6083,1125,0,62
"15821","D_obs",6083,1126,0,72
"15822","D_obs",6083,1127,0,68
"15823","D_obs",6083,1128,0,47
"15824","D_obs",6083,1129,0,63
"15825","D_obs",6083,1130,0,72
"15826","D_obs",6083,1131,0,55
"15827","D_obs",6083,1132,0,57
"15828","D_obs",6083,1133,0,80
"15829","D_obs",6083,1134,0,70
"15830","D_obs",6083,1135,0,64
"15831","D_obs",6083,1136,0,86
"15832","D_obs",6083,1137,0,62
"15833","D_obs",6083,1138,0,87
"15834","D_obs",6083,1139,0,71
"15835","D_obs",6083,1140,0,77
"15836","D_obs",6083,1141,0,91
"15837","D_obs",6083,1142,0,90
"15838","D_obs",6083,1143,0,88
"15839","D_obs",6083,1144,0,105
"15840","D_obs",6083,1145,0,112
"15841","D_obs",6083,1146,0,103
"15842","D_obs",6083,1147,0,93
"15843","D_obs",6083,1148,0,113
"15844","D_obs",6083,1149,0,101
"15845","D_obs",6083,1150,0,106
"15846","D_obs",6083,1151,0,118
"15847","D_obs",6083,1152,0,90
"15848","D_obs",6083,1153,0,100
"15849","D_obs",6083,1154,0,95
"15850","D_obs",6083,1155,0,79
"15851","D_obs",6083,1156,0,82
"15852","D_obs",6083,1157,0,85
"15853","D_obs",6083,1158,0,63
"15854","D_obs",6083,1159,0,80
"15855","D_obs",6083,1160,0,75
"15856","D_obs",6083,1161,0,64
"15857","D_obs",6083,1162,0,54
"15858","D_obs",6083,1163,0,49
"15859","D_obs",6083,1164,0,47
"15860","D_obs",6083,1165,0,36
"15861","D_obs",6083,1166,0,40
"15862","D_obs",6083,1167,0,35
"15863","D_obs",6083,1168,0,35
"15864","D_obs",6083,1169,0,42
"15865","D_obs",6083,1170,0,51
"15866","D_obs",6083,1171,0,42
"15867","D_obs",6083,1172,0,46
"15868","D_obs",6083,1173,0,45
"15869","D_obs",6083,1174,0,38
"15870","D_obs",6083,1175,0,35
"15871","D_obs",6083,1176,0,41
"15872","D_obs",6083,1177,0,52
"15873","D_obs",6083,1178,0,48
"15874","D_obs",6083,1179,0,53
"15875","D_obs",6083,1180,0,45
"15876","D_obs",6083,1181,0,54
"15877","D_obs",6083,1182,0,39
"15878","D_obs",6083,1183,0,56
"15879","D_obs",6083,1184,0,44
"15880","D_obs",6083,1185,0,35
"15881","D_obs",6083,1186,0,38
"15882","D_obs",6083,1187,0,37
"15883","D_obs",6083,1188,0,33
"15884","D_obs",6083,1189,0,34
"15885","D_obs",6083,1190,0,39
"15886","D_obs",6083,1191,0,43
"15887","D_obs",6083,1192,0,42
"15888","D_obs",6083,1193,0,38
"15889","D_obs",6083,1194,0,50
"15890","D_obs",6083,1195,0,45
"15891","D_obs",6083,1196,0,63
"15892","D_obs",6083,1197,0,50
"15893","D_obs",6083,1198,0,76
"15894","D_obs",6083,1199,0,58
"15895","D_obs",6083,1200,0,70
"15896","D_obs",6083,1201,0,61
"15897","D_obs",6083,1202,0,65
"15898","D_obs",6083,1203,0,73
"15899","D_obs",6083,1204,0,62
"15900","D_obs",6083,1205,0,53
"15901","D_obs",6083,1206,0,48
"15902","D_obs",6083,1207,0,45
"15903","D_obs",6083,1208,0,50
"15904","D_obs",6083,1209,0,35
"15905","D_obs",6083,1210,0,32
"15906","D_obs",6083,1211,0,35
"15907","D_obs",6083,1212,0,43
"15908","D_obs",6083,1213,0,33
"15909","D_obs",6083,1214,0,31
"15910","D_obs",6083,1215,0,23
"15911","D_obs",6083,1216,0,28
"15912","D_obs",6083,1217,0,24
"15913","D_obs",6083,1218,0,24
"15914","D_obs",6083,1219,0,32
"15915","D_obs",6083,1220,0,26
"15916","D_obs",6083,1221,0,28
"15917","D_obs",6083,1222,0,35
"15918","D_obs",6083,1223,0,29
"15919","D_obs",6083,1224,0,27
"15920","D_obs",6083,1225,0,22
"15921","D_obs",6083,1226,0,27
"15922","D_obs",6083,1227,0,35
"15923","D_obs",6083,1228,0,33
"15924","D_obs",6083,1229,0,33
"15925","D_obs",6083,1230,0,40
"15926","D_obs",6083,1231,0,42
"15927","D_obs",6083,1232,0,33
"15928","D_obs",6083,1233,0,26
"15929","D_obs",6083,1234,0,30
"15930","D_obs",6083,1235,0,27
"15931","D_obs",6083,1236,0,25
"15932","D_obs",6083,1237,0,32
"15933","D_obs",6083,1238,0,19
"15934","D_obs",6083,1239,0,37
"15935","D_obs",6083,1240,0,35
"15936","D_obs",6083,1241,0,31
"15937","D_obs",6083,1242,0,26
"15938","D_obs",6083,1243,0,31
"15939","D_obs",6083,1244,0,29
"15940","D_obs",6083,1245,0,51
"15941","D_obs",6083,1246,0,39
"15942","D_obs",6083,1247,0,51
"15943","D_obs",6083,1248,0,47
"15944","D_obs",6083,1249,0,46
"15945","D_obs",6083,1250,0,49
"15946","D_obs",6083,1251,0,38
"15947","D_obs",6083,1252,0,40
"15948","D_obs",6083,1253,0,56
"15949","D_obs",6083,1254,0,41
"15950","D_obs",6083,1255,0,42
"15951","D_obs",6083,1256,0,38
"15952","D_obs",6083,1257,0,45
"15953","D_obs",6083,1258,0,46
"15954","D_obs",6083,1259,0,42
"15955","D_obs",6083,1260,0,26
"15956","D_obs",6083,1261,0,29
"15957","D_obs",6083,1262,0,36
"15958","D_obs",6083,1263,0,37
"15959","D_obs",6083,1264,0,31
"15960","D_obs",6083,1265,0,29
"15961","D_obs",6083,1266,0,25
"15962","D_obs",6083,1267,0,30
"15963","D_obs",6083,1268,0,23
"15964","D_obs",6083,1269,0,19
"15965","D_obs",6083,1270,0,22
"15966","D_obs",6083,1271,0,24
"15967","D_obs",6083,1272,0,28
"15968","D_obs",6083,1273,0,20
"15969","D_obs",6083,1274,0,12
"15970","D_obs",6083,1275,0,23
"15971","D_obs",6083,1276,0,26
"15972","D_obs",6083,1277,0,20
"15973","D_obs",6083,1278,0,17
"15974","D_obs",6083,1279,0,27
"15975","D_obs",6083,1280,0,14
"15976","D_obs",6083,1281,0,12
"15977","D_obs",6083,1282,0,16
"15978","D_obs",6083,1283,0,18
"15979","D_obs",6083,1284,0,14
"15980","D_obs",6083,1285,0,20
"15981","D_obs",6083,1286,0,22
"15982","D_obs",6083,1287,0,19
"15983","D_obs",6083,1288,0,20
"15984","D_obs",6083,1289,0,17
"15985","D_obs",6083,1290,0,13
"15986","D_obs",6083,1291,0,20
"15987","D_obs",6083,1292,0,32
"15988","D_obs",6083,1293,0,16
"15989","D_obs",6083,1294,0,40
"15990","D_obs",6083,1295,0,28
"15991","D_obs",6083,1296,0,27
"15992","D_obs",6083,1297,0,44
"15993","D_obs",6083,1298,0,39
"15994","D_obs",6083,1299,0,34
"15995","D_obs",6083,1300,0,35
"15996","D_obs",6083,1301,0,52
"15997","D_obs",6083,1302,0,49
"15998","D_obs",6083,1303,0,52
"15999","D_obs",6083,1304,0,53
"16000","D_obs",6083,1305,0,52
"16001","D_obs",6083,1306,0,56
"16002","D_obs",6083,1307,0,50
"16003","D_obs",6083,1308,0,43
"16004","D_obs",6083,1309,0,44
"16005","D_obs",6083,1310,0,55
"16006","D_obs",6083,1311,0,48
"16007","D_obs",6083,1312,0,30
"16008","D_obs",6083,1313,0,25
"16009","D_obs",6083,1314,0,36
"16010","D_obs",6083,1315,0,39
"16011","D_obs",6083,1316,0,33
"16012","D_obs",6083,1317,0,42
"16013","D_obs",6083,1318,0,31
"16014","D_obs",6083,1319,0,27
"16015","D_obs",6083,1320,0,39
"16016","D_obs",6083,1321,0,53
"16017","D_obs",6083,1322,0,37
"16018","D_obs",6083,1323,0,41
"16019","D_obs",6083,1324,0,40
"16020","D_obs",6083,1325,0,29
"16021","D_obs",6083,1326,0,26
"16022","D_obs",6083,1327,0,33
"16023","D_obs",6083,1328,0,37
"16024","D_obs",6083,1329,0,40
"16025","D_obs",6083,1330,0,32
"16026","D_obs",6083,1331,0,38
"16027","D_obs",6083,1332,0,36
"16028","D_obs",6083,1333,0,48
"16029","D_obs",6083,1334,0,50
"16030","D_obs",6083,1335,0,46
"16031","D_obs",6083,1336,0,47
"16032","D_obs",6083,1337,0,55
"16033","D_obs",6083,1338,0,65
"16034","D_obs",6083,1339,0,61
"16035","D_obs",6083,1340,0,64
"16036","D_obs",6083,1341,0,73
"16037","D_obs",6083,1342,0,58
"16038","D_obs",6083,1343,0,78
"16039","D_obs",6083,1344,0,86
"16040","D_obs",6083,1345,0,85
"16041","D_obs",6083,1346,0,105
"16042","D_obs",6083,1347,0,92
"16043","D_obs",6083,1348,0,110
"16044","D_obs",6083,1349,0,115
"16045","D_obs",6083,1350,0,118
"16046","D_obs",6083,1351,0,125
"16047","D_obs",6083,1352,0,134
"16048","D_obs",6083,1353,0,145
"16049","D_obs",6083,1354,0,160
"16050","D_obs",6083,1355,0,156
"16051","D_obs",6083,1356,0,156
"16052","D_obs",6083,1357,0,138
"16053","D_obs",6083,1358,0,145
"16054","D_obs",6083,1359,0,133
"16055","D_obs",6083,1360,0,163
"16056","D_obs",6083,1361,0,128
"16057","D_obs",6083,1362,0,137
"16058","D_obs",6083,1363,0,112
"16059","D_obs",6083,1364,0,106
"16060","D_obs",6083,1365,0,135
"16061","D_obs",6083,1366,0,119
"16062","D_obs",6083,1367,0,102
"16063","D_obs",6083,1368,0,111
"16064","D_obs",6083,1369,0,113
"16065","D_obs",6083,1370,0,92
"16066","D_obs",6083,1371,0,70
"16067","D_obs",6083,1372,0,69
"16068","D_obs",6083,1373,0,17
"16069","D_obs",6083,1374,0,50
"16070","D_obs",6083,1375,0,60
"16071","D_obs",6083,1376,0,66
"16072","D_obs",6083,1377,0,63
"16073","D_obs",6083,1378,0,56
"16074","D_obs",6083,1379,0,58
"16075","D_obs",6083,1380,0,42
"16076","D_obs",6083,1381,0,64
"16077","D_obs",6083,1382,0,57
"16078","D_obs",6083,1383,0,55
"16079","D_obs",6083,1384,0,47
"16080","D_obs",6083,1385,0,39
"16081","D_obs",6083,1386,0,50
"16082","D_obs",6083,1387,0,42
"16083","D_obs",6083,1388,0,43
"16084","D_obs",6083,1389,0,43
"16085","D_obs",6083,1390,0,39
"16086","D_obs",6083,1391,0,42
"16087","D_obs",6083,1392,0,38
"16088","D_obs",6083,1393,0,37
"16089","D_obs",6083,1394,0,48
"16090","D_obs",6083,1395,0,36
"16091","D_obs",6083,1396,0,63
"16092","D_obs",6083,1397,0,49
"16093","D_obs",6083,1398,0,51
"16094","D_obs",6083,1399,0,78
"16095","D_obs",6083,1400,0,55
"16096","D_obs",6083,1401,0,68
"16097","D_obs",6083,1402,0,92
"16098","D_obs",6083,1403,0,83
"16099","D_obs",6083,1404,0,80
"16100","D_obs",6083,1405,0,95
"16101","D_obs",6083,1406,0,87
"16102","D_obs",6083,1407,0,85
"16103","D_obs",6083,1408,0,91
"16104","D_obs",6083,1409,0,89
"16105","D_obs",6083,1410,0,98
"16106","D_obs",6083,1411,0,96
"16107","D_obs",6083,1412,0,84
"16108","D_obs",6083,1413,0,87
"16109","D_obs",6083,1414,0,82
"16110","D_obs",6083,1415,0,83
"16111","D_obs",6083,1416,0,85
"16112","D_obs",6083,1417,0,85
"16113","D_obs",6083,1418,0,68
"16114","D_obs",6083,1419,0,69
"16115","D_obs",6083,1420,0,48
"16116","D_obs",6083,1421,0,33
"16117","D_obs",6083,1422,0,39
"16118","D_obs",6083,1423,0,47
"16119","D_obs",6083,1424,0,40
"16120","D_obs",6083,1425,0,33
"16121","D_obs",6083,1426,0,37
"16122","D_obs",6083,1427,0,51
"16123","D_obs",6083,1428,0,33
"16124","D_obs",6083,1429,0,28
"16125","D_obs",6083,1430,0,49
"16126","D_obs",6083,1431,0,26
"16127","D_obs",6083,1432,0,20
"16128","D_obs",6083,1433,0,26
"16129","D_obs",6083,1434,0,33
"16130","D_obs",6083,1435,0,35
"16131","D_obs",6083,1436,0,23
"16132","D_obs",6083,1437,0,30
"16133","D_obs",6083,1438,0,26
"16134","D_obs",6083,1439,0,27
"16135","D_obs",6083,1440,0,22
"16136","D_obs",6083,1441,0,28
"16137","D_obs",6083,1442,0,35
"16138","D_obs",6083,1443,0,23
"16139","D_obs",6083,1444,0,33
"16140","D_obs",6083,1445,0,29
"16141","D_obs",6083,1446,0,32
"16142","D_obs",6083,1447,0,31
"16143","D_obs",6083,1448,0,36
"16144","D_obs",6083,1449,0,37
"16145","D_obs",6083,1450,0,37
"16146","D_obs",6083,1451,0,34
"16147","D_obs",6083,1452,0,37
"16148","D_obs",6083,1453,0,39
"16149","D_obs",6083,1454,0,36
"16150","D_obs",6083,1455,0,44
"16151","D_obs",6083,1456,0,46
"16152","D_obs",6083,1457,0,52
"16153","D_obs",6083,1458,0,48
"16154","D_obs",6083,1459,0,49
"16155","D_obs",6083,1460,0,54
"16156","D_obs",6083,1461,0,47
"16157","D_obs",6083,1462,0,47
"16158","D_obs",6083,1463,0,38
"16159","D_obs",6083,1464,0,40
"16160","D_obs",6083,1465,0,45
"16161","D_obs",6083,1466,0,50
"16162","D_obs",6083,1467,0,52
"16163","D_obs",6083,1468,0,35
"16164","D_obs",6083,1469,0,45
"16165","D_obs",6083,1470,0,75
"16166","D_obs",6083,1471,0,54
"16167","D_obs",6083,1472,0,27
"16168","D_obs",6083,1473,0,34
"16169","D_obs",6083,1474,0,21
"16170","D_obs",6083,1475,0,22
"16171","D_obs",6083,1476,0,29
"16172","D_obs",6083,1477,0,36
"16173","D_obs",6083,1478,0,31
"16174","D_obs",6083,1479,0,37
"16175","D_obs",6083,1480,0,27
"16176","D_obs",6083,1481,0,34
"16177","D_obs",6083,1482,0,22
"16178","D_obs",6083,1483,0,19
"16179","D_obs",6083,1484,0,20
"16180","D_obs",6083,1485,0,22
"16181","D_obs",6083,1486,0,24
"16182","D_obs",6083,1487,0,25
"16183","D_obs",6083,1488,0,25
"16184","D_obs",6083,1489,0,21
"16185","D_obs",6083,1490,0,31
"16186","D_obs",6083,1491,0,29
"16187","D_obs",6083,1492,0,31
"16188","D_obs",6083,1493,0,28
"16189","D_obs",6083,1494,0,24
"16190","D_obs",6083,1495,0,27
"16191","D_obs",6083,1496,0,25
"16192","D_obs",6083,1497,0,30
"16193","D_obs",6083,1498,0,27
"16194","D_obs",6083,1499,0,20
"16195","D_obs",6083,1500,0,30
"16196","D_obs",6083,1501,0,22
"16197","D_obs",6083,1502,0,42
"16198","D_obs",6083,1503,0,41
"16199","D_obs",6083,1504,0,34
"16200","D_obs",6083,1505,0,48
"16201","D_obs",6083,1506,0,48
"16202","D_obs",6083,1507,0,45
"16203","D_obs",6083,1508,0,55
"16204","D_obs",6083,1509,0,99
"16205","D_obs",6083,1510,0,60
"16206","D_obs",6083,1511,0,87
"16207","D_obs",6083,1512,0,96
"16208","D_obs",6083,1513,0,94
"16209","D_obs",6083,1514,0,111
"16210","D_obs",6083,1515,0,101
"16211","D_obs",6083,1516,0,117
"16212","D_obs",6083,1517,0,81
"16213","D_obs",6083,1518,0,70
"16214","D_obs",6083,1519,0,78
"16215","D_obs",6083,1520,0,82
"16216","D_obs",6083,1521,0,69
"16217","D_obs",6083,1522,0,86
"16218","D_obs",6083,1523,0,100
"16219","D_obs",6083,1524,0,57
"16220","D_obs",6083,1525,0,60
"16221","D_obs",6083,1526,0,70
"16222","D_obs",6083,1527,0,83
"16223","D_obs",6083,1528,0,50
"16224","D_obs",6083,1529,0,60
"16225","D_obs",6083,1530,0,61
"16226","D_obs",6083,1531,0,41
"16227","D_obs",6083,1532,0,49
"16228","D_obs",6083,1533,0,50
"16229","D_obs",6083,1534,0,43
"16230","D_obs",6083,1535,0,66
"16231","D_obs",6083,1536,0,54
"16232","D_obs",6083,1537,0,75
"16233","D_obs",6083,1538,0,65
"16234","D_obs",6083,1539,0,53
"16235","D_obs",6083,1540,0,39
"16236","D_obs",6083,1541,0,58
"16237","D_obs",6083,1542,0,57
"16238","D_obs",6083,1543,0,41
"16239","D_obs",6083,1544,0,37
"16240","D_obs",6083,1545,0,39
"16241","D_obs",6083,1546,0,44
"16242","D_obs",6083,1547,0,49
"16243","D_obs",6083,1548,0,52
"16244","D_obs",6083,1549,0,48
"16245","D_obs",6083,1550,0,55
"16246","D_obs",6083,1551,0,48
"16247","D_obs",6083,1552,0,59
"16248","D_obs",6083,1553,0,72
"16249","D_obs",6083,1554,0,58
"16250","D_obs",6083,1555,0,68
"16251","D_obs",6083,1556,0,50
"16252","D_obs",6083,1557,0,77
"16253","D_obs",6083,1558,0,85
"16254","D_obs",6083,1559,0,85
"16255","D_obs",6083,1560,0,84
"16256","D_obs",6083,1561,0,88
"16257","D_obs",6083,1562,0,96
"16258","D_obs",6083,1563,0,75
"16259","D_obs",6083,1564,0,104
"16260","D_obs",6083,1565,0,94
"16261","D_obs",6083,1566,0,89
"16262","D_obs",6083,1567,0,100
"16263","D_obs",6083,1568,0,106
"16264","D_obs",6083,1569,0,95
"16265","D_obs",6083,1570,0,88
"16266","D_obs",6083,1571,0,84
"16267","D_obs",6083,1572,0,69
"16268","D_obs",6083,1573,0,77
"16269","D_obs",6083,1574,0,81
"16270","D_obs",6083,1575,0,95
"16271","D_obs",6083,1576,0,81
"16272","D_obs",6083,1577,0,63
"16273","D_obs",6083,1578,0,49
"16274","D_obs",6083,1579,0,61
"16275","D_obs",6083,1580,0,69
"16276","D_obs",6083,1581,0,60
"16277","D_obs",6083,1582,0,68
"16278","D_obs",6083,1583,0,67
"16279","D_obs",6083,1584,0,66
"16280","D_obs",6083,1585,0,76
"16281","D_obs",6083,1586,0,65
"16282","D_obs",6083,1587,0,80
"16283","D_obs",6083,1588,0,86
"16284","D_obs",6083,1589,0,86
"16285","D_obs",6083,1590,0,65
"16286","D_obs",6083,1591,0,74
"16287","D_obs",6083,1592,0,73
"16288","D_obs",6083,1593,0,89
"16289","D_obs",6083,1594,0,94
"16290","D_obs",6083,1595,0,78
"16291","D_obs",6083,1596,0,72
"16292","D_obs",6083,1597,0,72
"16293","D_obs",6083,1598,0,97
"16294","D_obs",6083,1599,0,89
"16295","D_obs",6083,1600,0,73
"16296","D_obs",6083,1601,0,113
"16297","D_obs",6083,1602,0,87
"16298","D_obs",6083,1603,0,110
"16299","D_obs",6083,1604,0,122
"16300","D_obs",6083,1605,0,115
"16301","D_obs",6083,1606,0,118
"16302","D_obs",6083,1607,0,125
"16303","D_obs",6083,1608,0,127
"16304","D_obs",6083,1609,0,127
"16305","D_obs",6083,1610,0,124
"16306","D_obs",6083,1611,0,130
"16307","D_obs",6083,1612,0,148
"16308","D_obs",6083,1613,0,154
"16309","D_obs",6083,1614,0,146
"16310","D_obs",6083,1615,0,114
"16311","D_obs",6083,1616,0,136
"16312","D_obs",6083,1617,0,120
"16313","D_obs",6083,1618,0,125
"16314","D_obs",6083,1619,0,121
"16315","D_obs",6083,1620,0,119
"16316","D_obs",6083,1621,0,112
"16317","D_obs",6083,1622,0,88
"16318","D_obs",6083,1623,0,114
"16319","D_obs",6083,1624,0,101
"16320","D_obs",6083,1625,0,78
"16321","D_obs",6083,1626,0,93
"16322","D_obs",6083,1627,0,83
"16323","D_obs",6083,1628,0,98
"16324","D_obs",6083,1629,0,73
"16325","D_obs",6083,1630,0,53
"16326","D_obs",6083,1631,0,58
"16327","D_obs",6083,1632,0,55
"16328","D_obs",6083,1633,0,55
"16329","D_obs",6083,1634,0,57
"16330","D_obs",6083,1635,0,65
"16331","D_obs",6083,1636,0,44
"16332","D_obs",6083,1637,0,41
"16333","D_obs",6083,1638,0,37
"16334","D_obs",6083,1639,0,47
"16335","D_obs",6083,1640,0,48
"16336","D_obs",6083,1641,0,44
"16337","D_obs",6083,1642,0,50
"16338","D_obs",6083,1643,0,45
"16339","D_obs",6083,1644,0,40
"16340","D_obs",6083,1645,0,51
"16341","D_obs",6083,1646,0,52
"16342","D_obs",6083,1647,0,38
"16343","D_obs",6083,1648,0,52
"16344","D_obs",6083,1649,0,47
"16345","D_obs",6083,1650,0,36
"16346","D_obs",6083,1651,0,36
"16347","D_obs",6083,1652,0,54
"16348","D_obs",6083,1653,0,56
"16349","D_obs",6083,1654,0,58
"16350","D_obs",6083,1655,0,53
"16351","D_obs",6083,1656,0,63
"16352","D_obs",6083,1657,0,58
"16353","D_obs",6083,1658,0,46
"16354","D_obs",6083,1659,0,38
"16355","D_obs",6083,1660,0,59
"16356","D_obs",6083,1661,0,62
"16357","D_obs",6083,1662,0,73
"16358","D_obs",6083,1663,0,72
"16359","D_obs",6083,1664,0,72
"16360","D_obs",6083,1665,0,95
"16361","D_obs",6083,1666,0,80
"16362","D_obs",6083,1667,0,88
"16363","D_obs",6083,1668,0,100
"16364","D_obs",6083,1669,0,95
"16365","D_obs",6083,1670,0,110
"16366","D_obs",6083,1671,0,81
"16367","D_obs",6083,1672,0,85
"16368","D_obs",6083,1673,0,90
"16369","D_obs",6083,1674,0,101
"16370","D_obs",6083,1675,0,69
"16371","D_obs",6083,1676,0,83
"16372","D_obs",6083,1677,0,60
"16373","D_obs",6083,1678,0,53
"16374","D_obs",6083,1679,0,56
"16375","D_obs",6083,1680,0,55
"16376","D_obs",6083,1681,0,52
"16377","D_obs",6083,1682,0,57
"16378","D_obs",6083,1683,0,46
"16379","D_obs",6083,1684,0,45
"16380","D_obs",6083,1685,0,52
"16381","D_obs",6083,1686,0,34
"16382","D_obs",6083,1687,0,33
"16383","D_obs",6083,1688,0,41
"16384","D_obs",6083,1689,0,27
"16385","D_obs",6083,1690,0,34
"16386","D_obs",6083,1691,0,34
"16387","D_obs",6083,1692,0,26
"16388","D_obs",6083,1693,0,33
"16389","D_obs",6083,1694,0,29
"16390","D_obs",6083,1695,0,21
"16391","D_obs",6083,1696,0,24
"16392","D_obs",6083,1697,0,22
"16393","D_obs",6083,1698,0,24
"16394","D_obs",6083,1699,0,34
"16395","D_obs",6083,1700,0,25
"16396","D_obs",6083,1701,0,31
"16397","D_obs",6083,1702,0,27
"16398","D_obs",6083,1703,0,42
"16399","D_obs",6083,1704,0,47
"16400","D_obs",6083,1705,0,40
"16401","D_obs",6083,1706,0,37
"16402","D_obs",6083,1707,0,29
"16403","D_obs",6083,1708,0,38
"16404","D_obs",6083,1709,0,23
"16405","D_obs",6083,1710,0,47
"16406","D_obs",6083,1711,0,29
"16407","D_obs",6083,1712,0,47
"16408","D_obs",6083,1713,0,39
"16409","D_obs",6083,1714,0,52
"16410","D_obs",6083,1715,0,43
"16411","D_obs",6083,1716,0,41
"16412","D_obs",6083,1717,0,51
"16413","D_obs",6083,1718,0,58
"16414","D_obs",6083,1719,0,59
"16415","D_obs",6083,1720,0,53
"16416","D_obs",6083,1721,0,60
"16417","D_obs",6083,1722,0,59
"16418","D_obs",6083,1723,0,62
"16419","D_obs",6083,1724,0,55
"16420","D_obs",6083,1725,0,55
"16421","D_obs",6083,1726,0,53
"16422","D_obs",6083,1727,0,63
"16423","D_obs",6083,1728,0,48
"16424","D_obs",6083,1729,0,43
"16425","D_obs",6083,1730,0,46
"16426","D_obs",6083,1731,0,34
"16427","D_obs",6083,1732,0,32
"16428","D_obs",6083,1733,0,38
"16429","D_obs",6083,1734,0,37
"16430","D_obs",6083,1735,0,40
"16431","D_obs",6083,1736,0,37
"16432","D_obs",6083,1737,0,36
"16433","D_obs",6083,1738,0,37
"16434","D_obs",6083,1739,0,35
"16435","D_obs",6083,1740,0,54
"16436","D_obs",6083,1741,0,33
"16437","D_obs",6083,1742,0,25
"16438","D_obs",6083,1743,0,30
"16439","D_obs",6083,1744,0,21
"16440","D_obs",6083,1745,0,27
"16441","D_obs",6083,1746,0,27
"16442","D_obs",6083,1747,0,17
"16443","D_obs",6083,1748,0,31
"16444","D_obs",6083,1749,0,30
"16445","D_obs",6083,1750,0,30
"16446","D_obs",6083,1751,0,19
"16447","D_obs",6083,1752,0,48
"16448","D_obs",6083,1753,0,43
"16449","D_obs",6083,1754,0,31
"16450","D_obs",6083,1755,0,39
"16451","D_obs",6083,1756,0,34
"16452","D_obs",6083,1757,0,39
"16453","D_obs",6083,1758,0,44
"16454","D_obs",6083,1759,0,22
"16455","D_obs",6083,1760,0,30
"16456","D_obs",6083,1761,0,34
"16457","D_obs",6083,1762,0,31
"16458","D_obs",6083,1763,0,37
"16459","D_obs",6083,1764,0,39
"16460","D_obs",6083,1765,0,27
"16461","D_obs",6083,1766,0,43
"16462","D_obs",6083,1767,0,42
"16463","D_obs",6083,1768,0,42
"16464","D_obs",6083,1769,0,59
"16465","D_obs",6083,1770,0,51
"16466","D_obs",6083,1771,0,36
"16467","D_obs",6083,1772,0,40
"16468","D_obs",6083,1773,0,46
"16469","D_obs",6083,1774,0,45
"16470","D_obs",6083,1775,0,30
"16471","D_obs",6083,1776,0,45
"16472","D_obs",6083,1777,0,42
"16473","D_obs",6083,1778,0,38
"16474","D_obs",6083,1779,0,54
"16475","D_obs",6083,1780,0,38
"16476","D_obs",6083,1781,0,30
"16477","D_obs",6083,1782,0,41
"16478","D_obs",6083,1783,0,35
"16479","D_obs",6083,1784,0,33
"16480","D_obs",6083,1785,0,45
"16481","D_obs",6083,1786,0,36
"16482","D_obs",6083,1787,0,22
"16483","D_obs",6083,1788,0,22
"16484","D_obs",6083,1789,0,20
"16485","D_obs",6083,1790,0,20
"16486","D_obs",6083,1791,0,23
"16487","D_obs",6083,1792,0,27
"16488","D_obs",6083,1793,0,13
"16489","D_obs",6083,1794,0,25
"16490","D_obs",6083,1795,0,18
"16491","D_obs",6083,1796,0,15
"16492","D_obs",6083,1797,0,25
"16493","D_obs",6083,1798,0,19
"16494","D_obs",6083,1799,0,19
"16495","D_obs",6083,1800,0,19
"16496","D_obs",6083,1801,0,24
"16497","D_obs",6083,1802,0,12
"16498","D_obs",6083,1803,0,16
"16499","D_obs",6083,1804,0,18
"16500","D_obs",6083,1805,0,18
"16501","D_obs",6083,1806,0,16
"16502","D_obs",6083,1807,0,18
"16503","D_obs",6083,1808,0,29
"16504","D_obs",6083,1809,0,19
"16505","D_obs",6083,1810,0,23
"16506","D_obs",6083,1811,0,34
"16507","D_obs",6083,1812,0,30
"16508","D_obs",6083,1813,0,22
"16509","D_obs",6083,1814,0,20
"16510","D_obs",6083,1815,0,35
"16511","D_obs",6083,1816,0,19
"16512","D_obs",6083,1817,0,26
"16513","D_obs",6083,1818,0,29
"16514","D_obs",6083,1819,0,38
"16515","D_obs",6083,1820,0,34
"16516","D_obs",6083,1821,0,32
"16517","D_obs",6083,1822,0,30
"16518","D_obs",6083,1823,0,38
"16519","D_obs",6083,1824,0,39
"16520","D_obs",6083,1825,0,36
"16521","D_obs",6083,1826,0,54
"16522","D_obs",6083,1827,0,39
"16523","D_obs",6083,1828,0,37
"16524","D_obs",6083,1829,0,32
"16525","D_obs",6083,1830,0,44
"16526","D_obs",6083,1831,0,32
"16527","D_obs",6083,1832,0,31
"16528","D_obs",6083,1833,0,48
"16529","D_obs",6083,1834,0,30
"16530","D_obs",6083,1835,0,43
"16531","D_obs",6083,1836,0,49
"16532","D_obs",6083,1837,0,36
"16533","D_obs",6083,1838,0,22
"16534","D_obs",6083,1839,0,31
"16535","D_obs",6083,1840,0,27
"16536","D_obs",6083,1841,0,36
"16537","D_obs",6083,1842,0,30
"16538","D_obs",6083,1843,0,23
"16539","D_obs",6083,1844,0,16
"16540","D_obs",6083,1845,0,12
"16541","D_obs",6083,1846,0,20
"16542","D_obs",6083,1847,0,23
"16543","D_obs",6083,1848,0,12
"16544","D_obs",6083,1849,0,16
"16545","D_obs",6083,1850,0,22
"16546","D_obs",6083,1851,0,27
"16547","D_obs",6083,1852,0,29
"16548","D_obs",6083,1853,0,28
"16549","D_obs",6083,1854,0,31
"16550","D_obs",6083,1855,0,35
"16551","D_obs",6083,1856,0,29
"16552","D_obs",6083,1857,0,41
"16553","D_obs",6083,1858,0,22
"16554","D_obs",6083,1859,0,32
"16555","D_obs",6083,1860,0,28
"16556","D_obs",6083,1861,0,36
"16557","D_obs",6083,1862,0,39
"16558","D_obs",6083,1863,0,64
"16559","D_obs",6083,1864,0,47
"16560","D_obs",6083,1865,0,47
"16561","D_obs",6083,1866,0,50
"16562","D_obs",6083,1867,0,54
"16563","D_obs",6083,1868,0,49
"16564","D_obs",6083,1869,0,57
"16565","D_obs",6083,1870,0,63
"16566","D_obs",6083,1871,0,57
"16567","D_obs",6083,1872,0,74
"16568","D_obs",6083,1873,0,101
"16569","D_obs",6083,1874,0,99
"16570","D_obs",6083,1875,0,109
"16571","D_obs",6083,1876,0,124
"16572","D_obs",6083,1877,0,105
"16573","D_obs",6083,1878,0,109
"16574","D_obs",6083,1879,0,119
"16575","D_obs",6083,1880,0,116
"16576","D_obs",6083,1881,0,118
"16577","D_obs",6083,1882,0,99
"16578","D_obs",6083,1883,0,107
"16579","D_obs",6083,1884,0,108
"16580","D_obs",6083,1885,0,100
"16581","D_obs",6083,1886,0,67
"16582","D_obs",6083,1887,0,83
"16583","D_obs",6083,1888,0,69
"16584","D_obs",6083,1889,0,64
"16585","D_obs",6083,1890,0,64
"16586","D_obs",6083,1891,0,53
"16587","D_obs",6083,1892,0,45
"16588","D_obs",6083,1893,0,56
"16589","D_obs",6083,1894,0,39
"16590","D_obs",6083,1895,0,43
"16591","D_obs",6083,1896,0,56
"16592","D_obs",6083,1897,0,39
"16593","D_obs",6083,1898,0,33
"16594","D_obs",6083,1899,0,43
"16595","D_obs",6083,1900,0,44
"16596","D_obs",6083,1901,0,39
"16597","D_obs",6083,1902,0,41
"16598","D_obs",6083,1903,0,38
"16599","D_obs",6083,1904,0,42
"16600","D_obs",6083,1905,0,53
"16601","D_obs",6083,1906,0,56
"16602","D_obs",6083,1907,0,45
"16603","D_obs",6083,1908,0,45
"16604","D_obs",6083,1909,0,62
"16605","D_obs",6083,1910,0,54
"16606","D_obs",6083,1911,0,60
"16607","D_obs",6083,1912,0,65
"16608","D_obs",6083,1913,0,75
"16609","D_obs",6083,1914,0,85
"16610","D_obs",6083,1915,0,77
"16611","D_obs",6083,1916,0,75
"16612","D_obs",6083,1917,0,88
"16613","D_obs",6083,1918,0,100
"16614","D_obs",6083,1919,0,114
"16615","D_obs",6083,1920,0,132
"16616","D_obs",6083,1921,0,143
"16617","D_obs",6083,1922,0,170
"16618","D_obs",6083,1923,0,179
"16619","D_obs",6083,1924,0,178
"16620","D_obs",6083,1925,0,191
"16621","D_obs",6083,1926,0,238
"16622","D_obs",6083,1927,0,216
"16623","D_obs",6083,1928,0,224
"16624","D_obs",6083,1929,0,233
"16625","D_obs",6083,1930,0,229
"16626","D_obs",6083,1931,0,241
"16627","D_obs",6083,1932,0,218
"16628","D_obs",6083,1933,0,208
"16629","D_obs",6083,1934,0,219
"16630","D_obs",6083,1935,0,245
"16631","D_obs",6083,1936,0,209
"16632","D_obs",6083,1937,0,186
"16633","D_obs",6083,1938,0,123
"16634","D_obs",6083,1939,0,159
"16635","D_obs",6083,1940,0,134
"16636","D_obs",6083,1941,0,114
"16637","D_obs",6083,1942,0,143
"16638","D_obs",6083,1943,0,118
"16639","D_obs",6083,1944,0,107
"16640","D_obs",6083,1945,0,103
"16641","D_obs",6083,1946,0,104
"16642","D_obs",6083,1947,0,111
"16643","D_obs",6083,1948,0,78
"16644","D_obs",6083,1949,0,69
"16645","D_obs",6083,1950,0,81
"16646","D_obs",6083,1951,0,56
"16647","D_obs",6083,1952,0,78
"16648","D_obs",6083,1953,0,71
"16649","D_obs",6083,1954,0,70
"16650","D_obs",6083,1955,0,77
"16651","D_obs",6083,1956,0,68
"16652","D_obs",6083,1957,0,74
"16653","D_obs",6083,1958,0,76
"16654","D_obs",6083,1959,0,81
"16655","D_obs",6083,1960,0,90
"16656","D_obs",6083,1961,0,91
"16657","D_obs",6083,1962,0,103
"16658","D_obs",6083,1963,0,100
"16659","D_obs",6083,1964,0,95
"16660","D_obs",6083,1965,0,80
"16661","D_obs",6083,1966,0,104
"16662","D_obs",6083,1967,0,85
"16663","D_obs",6083,1968,0,130
"16664","D_obs",6083,1969,0,100
"16665","D_obs",6083,1970,0,114
"16666","D_obs",6083,1971,0,118
"16667","D_obs",6083,1972,0,126
"16668","D_obs",6083,1973,0,108
"16669","D_obs",6083,1974,0,129
"16670","D_obs",6083,1975,0,165
"16671","D_obs",6083,1976,0,157
"16672","D_obs",6083,1977,0,167
"16673","D_obs",6083,1978,0,171
"16674","D_obs",6083,1979,0,192
"16675","D_obs",6083,1980,0,198
"16676","D_obs",6083,1981,0,192
"16677","D_obs",6083,1982,0,167
"16678","D_obs",6083,1983,0,174
"16679","D_obs",6083,1984,0,150
"16680","D_obs",6083,1985,0,162
"16681","D_obs",6083,1986,0,122
"16682","D_obs",6083,1987,0,130
"16683","D_obs",6083,1988,0,116
"16684","D_obs",6083,1989,0,135
"16685","D_obs",6083,1990,0,104
"16686","D_obs",6083,1991,0,110
"16687","D_obs",6083,1992,0,112
"16688","D_obs",6083,1993,0,77
"16689","D_obs",6083,1994,0,68
"16690","D_obs",6083,1995,0,65
"16691","D_obs",6083,1996,0,49
"16692","D_obs",6083,1997,0,46
"16693","D_obs",6083,1998,0,48
"16694","D_obs",6083,1999,0,47
"16695","D_obs",6083,2000,0,53
"16696","D_obs",6083,2001,0,54
"16697","D_obs",6083,2002,0,33
"16698","D_obs",6083,2003,0,36
"16699","D_obs",6083,2004,0,33
"16700","D_obs",6083,2005,0,36
"16701","D_obs",6083,2006,0,40
"16702","D_obs",6083,2007,0,27
"16703","D_obs",6083,2008,0,30
"16704","D_obs",6083,2009,0,29
"16705","D_obs",6083,2010,0,35
"16706","D_obs",6083,2011,0,28
"16707","D_obs",6083,2012,0,28
"16708","D_obs",6083,2013,0,25
"16709","D_obs",6083,2014,0,34
"16710","D_obs",6083,2015,0,17
"16711","D_obs",6083,2016,0,24
"16712","D_obs",6083,2017,0,16
"16713","D_obs",6083,2018,0,24
"16714","D_obs",6083,2019,0,40
"16715","D_obs",6083,2020,0,24
"16716","D_obs",6083,2021,0,19
"16717","D_obs",6083,2022,0,24
"16718","D_obs",6083,2023,0,30
"16719","D_obs",6083,2024,0,21
"16720","D_obs",6083,2025,0,24
"16721","D_obs",6083,2026,0,24
"16722","D_obs",6083,2027,0,26
"16723","D_obs",6083,2028,0,32
"16724","D_obs",6083,2029,0,27
"16725","D_obs",6083,2030,0,36
"16726","D_obs",6083,2031,0,38
"16727","D_obs",6083,2032,0,29
"16728","D_obs",6083,2033,0,40
"16729","D_obs",6083,2034,0,31
"16730","D_obs",6083,2035,0,38
"16731","D_obs",6083,2036,0,32
"16732","D_obs",6083,2037,0,40
"16733","D_obs",6083,2038,0,34
"16734","D_obs",6083,2039,0,39
"16735","D_obs",6083,2040,0,34
"16736","D_obs",6083,2041,0,37
"16737","D_obs",6083,2042,0,28
"16738","D_obs",6083,2043,0,34
"16739","D_obs",6083,2044,0,24
"16740","D_obs",6083,2045,0,23
"16741","D_obs",6083,2046,0,34
"16742","D_obs",6083,2047,0,19
"16743","D_obs",6083,2048,0,32
"16744","D_obs",6083,2049,0,31
"16745","D_obs",6083,2050,0,16
"16746","D_obs",6083,2051,0,32
"16747","D_obs",6083,2052,0,21
"16748","D_obs",6083,2053,0,29
"16749","D_obs",6083,2054,0,19
"16750","D_obs",6083,2055,0,19
"16751","D_obs",6083,2056,0,22
"16752","D_obs",6083,2057,0,23
"16753","D_obs",6083,2058,0,26
"16754","D_obs",6083,2059,0,11
"16755","D_obs",6083,2060,0,17
"16756","D_obs",6083,2061,0,11
"16757","D_obs",6083,2062,0,10
"16758","D_obs",6083,2063,0,16
"16759","D_obs",6083,2064,0,20
"16760","D_obs",6083,2065,0,18
"16761","D_obs",6083,2066,0,18
"16762","D_obs",6083,2067,0,12
"16763","D_obs",6083,2068,0,9
"16764","D_obs",6083,2069,0,11
"16765","D_obs",6083,2070,0,17
"16766","D_obs",6083,2071,0,12
"16767","D_obs",6083,2072,0,3
"16768","D_obs",6083,2073,0,7
"16769","D_obs",6083,2074,0,6
"16770","D_obs",6083,2075,0,12
"16771","D_obs",6083,2076,0,15
"16772","D_obs",6083,2077,0,12
"16773","D_obs",6083,2078,0,13
"16774","D_obs",6083,2079,0,10
"16775","D_obs",6083,2080,0,22
"16776","D_obs",6083,2081,0,12
"16777","D_obs",6083,2082,0,17
"16778","D_obs",6083,2083,0,20
"16779","D_obs",6083,2084,0,21
"16780","D_obs",6083,2085,0,17
"16781","D_obs",6083,2086,0,22
"16782","D_obs",6083,2087,0,21
"16783","D_obs",6083,2088,0,14
"16784","D_obs",6083,2089,0,14
"16785","D_obs",6083,2090,0,23
"16786","D_obs",6083,2091,0,13
"16787","D_obs",6083,2092,0,12
"16788","D_obs",6083,2093,0,17
"16789","D_obs",6083,2094,0,11
"16790","D_obs",6083,2095,0,18
"16791","D_obs",6083,2096,0,9
"16792","D_obs",6083,2097,0,12
"16793","D_obs",6083,2098,0,12
"16794","D_obs",6083,2099,0,7
"16795","D_obs",6083,2100,0,7
"16796","D_obs",6083,2101,0,7
"16797","D_obs",6083,2102,0,8
"16798","D_obs",6083,2103,0,8
"16799","D_obs",6083,2104,0,5
"16800","D_obs",6083,2105,0,10
"16801","D_obs",6083,2106,0,12
"16802","D_obs",6083,2107,0,4
"16803","D_obs",6083,2108,0,7
"16804","D_obs",6083,2109,0,12
"16805","D_obs",6083,2110,0,6
"16806","D_obs",6083,2111,0,5
"16807","D_obs",6083,2112,0,8
"16808","D_obs",6083,2113,0,7
"16809","D_obs",6083,2114,0,5
"16810","D_obs",6083,2115,0,7
"16811","D_obs",6083,2116,0,6
"16812","D_obs",6083,2117,0,8
"16813","D_obs",6083,2118,0,11
"16814","D_obs",6083,2119,0,9
"16815","D_obs",6083,2120,0,9
"16816","D_obs",6083,2121,0,10
"16817","D_obs",6083,2122,0,11
"16818","D_obs",6083,2123,0,6
"16819","D_obs",6083,2124,0,11
"16820","D_obs",6083,2125,0,15
"16821","D_obs",6083,2126,0,8
"16822","D_obs",6083,2127,0,13
"16823","D_obs",6083,2128,0,16
"16824","D_obs",6083,2129,0,14
"16825","D_obs",6083,2130,0,16
"16826","D_obs",6083,2131,0,12
"16827","D_obs",6083,2132,0,13
"16828","D_obs",6083,2133,0,12
"16829","D_obs",6083,2134,0,11
"16830","D_obs",6083,2135,0,19
"16831","D_obs",6083,2136,0,22
"16832","D_obs",6083,2137,0,18
"16833","D_obs",6083,2138,0,18
"16834","D_obs",6083,2139,0,12
"16835","D_obs",6083,2140,0,17
"16836","D_obs",6083,2141,0,32
"16837","D_obs",6083,2142,0,27
"16838","D_obs",6083,2143,0,16
"16839","D_obs",6083,2144,0,23
"16840","D_obs",6083,2145,0,22
"16841","D_obs",6083,2146,0,22
"16842","D_obs",6083,2147,0,17
"16843","D_obs",6083,2148,0,18
"16844","D_obs",6083,2149,0,19
"16845","D_obs",6083,2150,0,16
"16846","D_obs",6083,2151,0,22
"16847","D_obs",6083,2152,0,20
"16848","D_obs",6083,2153,0,13
"16849","D_obs",6083,2154,0,14
"16850","D_obs",6083,2155,0,16
"16851","D_obs",6083,2156,0,13
"16852","D_obs",6083,2157,0,25
"16853","D_obs",6083,2158,0,22
"16854","D_obs",6083,2159,0,11
"16855","D_obs",6083,2160,0,18
"16856","D_obs",6083,2161,0,11
"16857","D_obs",6083,2162,0,14
"16858","D_obs",6083,2163,0,18
"16859","D_obs",6083,2164,0,22
"16860","D_obs",6083,2165,0,16
"16861","D_obs",6083,2166,0,16
"16862","D_obs",6083,2167,0,23
"16863","D_obs",6083,2168,0,17
"16864","D_obs",6083,2169,0,26
"16865","D_obs",6083,2170,0,32
"16866","D_obs",6083,2171,0,38
"16867","D_obs",6083,2172,0,33
"16868","D_obs",6083,2173,0,34
"16869","D_obs",6083,2174,0,31
"16870","D_obs",6083,2175,0,43
"16871","D_obs",6083,2176,0,24
"16872","D_obs",6083,2177,0,52
"16873","D_obs",6083,2178,0,41
"16874","D_obs",6083,2179,0,58
"16875","D_obs",6083,2180,0,52
"16876","D_obs",6083,2181,0,62
"16877","D_obs",6083,2182,0,72
"16878","D_obs",6083,2183,0,68
"16879","D_obs",6083,2184,0,87
"16880","D_obs",6083,2185,0,105
"16881","D_obs",6083,2186,0,75
"16882","D_obs",6083,2187,0,107
"16883","D_obs",6083,2188,0,107
"16884","D_obs",6083,2189,0,118
"16885","D_obs",6083,2190,0,105
"16886","D_obs",6083,2191,0,128
"16887","D_obs",6083,2192,0,107
"16888","D_obs",6083,2193,0,97
"16889","D_obs",6083,2194,0,124
"16890","D_obs",6083,2195,0,97
"16891","D_obs",6083,2196,0,92
"16892","D_obs",6083,2197,0,91
"16893","D_obs",6083,2198,0,76
"16894","D_obs",6083,2199,0,65
"16895","D_obs",6083,2200,0,69
"16896","D_obs",6083,2201,0,61
"16897","D_obs",6083,2202,0,59
"16898","D_obs",6083,2203,0,58
"16899","D_obs",6083,2204,0,61
"16900","D_obs",6083,2205,0,43
"16901","D_obs",6083,2206,0,46
"16902","D_obs",6083,2207,0,38
"16903","D_obs",6083,2208,0,38
"16904","D_obs",6083,2209,0,36
"16905","D_obs",6083,2210,0,38
"16906","D_obs",6083,2211,0,36
"16907","D_obs",6083,2212,0,24
"16908","D_obs",6083,2213,0,32
"16909","D_obs",6083,2214,0,24
"16910","D_obs",6083,2215,0,28
"16911","D_obs",6083,2216,0,34
"16912","D_obs",6083,2217,0,35
"16913","D_obs",6083,2218,0,35
"16914","D_obs",6083,2219,0,59
"16915","D_obs",6083,2220,0,31
"16916","D_obs",6083,2221,0,42
"16917","D_obs",6083,2222,0,41
"16918","D_obs",6083,2223,0,70
"16919","D_obs",6083,2224,0,53
"16920","D_obs",6083,2225,0,62
"16921","D_obs",6083,2226,0,69
"16922","D_obs",6083,2227,0,58
"16923","D_obs",6083,2228,0,90
"16924","D_obs",6083,2229,0,96
"16925","D_obs",6083,2230,0,87
"16926","D_obs",6083,2231,0,73
"16927","D_obs",6083,2232,0,87
"16928","D_obs",6083,2233,0,59
"16929","D_obs",6083,2234,0,71
"16930","D_obs",6083,2235,0,99
"16931","D_obs",6083,2236,0,71
"16932","D_obs",6083,2237,0,82
"16933","D_obs",6083,2238,0,90
"16934","D_obs",6083,2239,0,113
"16935","D_obs",6083,2240,0,110
"16936","D_obs",6083,2241,0,122
"16937","D_obs",6083,2242,0,127
"16938","D_obs",6083,2243,0,128
"16939","D_obs",6083,2244,0,129
"16940","D_obs",6083,2245,0,116
"16941","D_obs",6083,2246,0,96
"16942","D_obs",6083,2247,0,120
"16943","D_obs",6083,2248,0,104
"16944","D_obs",6083,2249,0,103
"16945","D_obs",6083,2250,0,107
"16946","D_obs",6083,2251,0,85
"16947","D_obs",6083,2252,0,75
"16948","D_obs",6083,2253,0,83
"16949","D_obs",6083,2254,0,60
"16950","D_obs",6083,2255,0,60
"16951","D_obs",6083,2256,0,79
"16952","D_obs",6083,2257,0,48
"16953","D_obs",6083,2258,0,48
"16954","D_obs",6083,2259,0,40
"16955","D_obs",6083,2260,0,47
"16956","D_obs",6083,2261,0,45
"16957","D_obs",6083,2262,0,35
"16958","D_obs",6083,2263,0,35
"16959","D_obs",6083,2264,0,37
"16960","D_obs",6083,2265,0,19
"16961","D_obs",6083,2266,0,37
"16962","D_obs",6083,2267,0,35
"16963","D_obs",6083,2268,0,46
"16964","D_obs",6083,2269,0,37
"16965","D_obs",6083,2270,0,48
"16966","D_obs",6083,2271,0,31
"16967","D_obs",6083,2272,0,39
"16968","D_obs",6083,2273,0,36
"16969","D_obs",6083,2274,0,45
"16970","D_obs",6083,2275,0,33
"16971","D_obs",6083,2276,0,28
"16972","D_obs",6083,2277,0,46
"16973","D_obs",6083,2278,0,26
"16974","D_obs",6083,2279,0,36
"16975","D_obs",6083,2280,0,35
"16976","D_obs",6083,2281,0,35
"16977","D_obs",6083,2282,0,38
"16978","D_obs",6083,2283,0,36
"16979","D_obs",6083,2284,0,42
"16980","D_obs",6083,2285,0,46
"16981","D_obs",6083,2286,0,57
"16982","D_obs",6083,2287,0,41
"16983","D_obs",6083,2288,0,50
"16984","D_obs",6083,2289,0,50
"16985","D_obs",6083,2290,0,48
"16986","D_obs",6083,2291,0,59
"16987","D_obs",6083,2292,0,57
"16988","D_obs",6083,2293,0,57
"16989","D_obs",6083,2294,0,60
"16990","D_obs",6083,2295,0,60
"16991","D_obs",6083,2296,0,35
"16992","D_obs",6083,2297,0,32
"16993","D_obs",6083,2298,0,55
"16994","D_obs",6083,2299,0,42
"16995","D_obs",6083,2300,0,41
"16996","D_obs",6083,2301,0,42
"16997","D_obs",6083,2302,0,54
"16998","D_obs",6083,2303,0,37
"16999","D_obs",6083,2304,0,29
"17000","D_obs",6083,2305,0,25
"17001","D_obs",6083,2306,0,23
"17002","D_obs",6083,2307,0,42
"17003","D_obs",6083,2308,0,21
"17004","D_obs",6083,2309,0,23
"17005","D_obs",6083,2310,0,14
"17006","D_obs",6083,2311,0,19
"17007","D_obs",6083,2312,0,16
"17008","D_obs",6083,2313,0,23
"17009","D_obs",6083,2314,0,17
"17010","D_obs",6083,2315,0,15
"17011","D_obs",6083,2316,0,17
"17012","D_obs",6083,2317,0,27
"17013","D_obs",6083,2318,0,16
"17014","D_obs",6083,2319,0,18
"17015","D_obs",6083,2320,0,25
"17016","D_obs",6083,2321,0,14
"17017","D_obs",6083,2322,0,16
"17018","D_obs",6083,2323,0,24
"17019","D_obs",6083,2324,0,20
"17020","D_obs",6083,2325,0,21
"17021","D_obs",6083,2326,0,28
"17022","D_obs",6083,2327,0,19
"17023","D_obs",6083,2328,0,14
"17024","D_obs",6083,2329,0,14
"17025","D_obs",6083,2330,0,24
"17026","D_obs",6083,2331,0,18
"17027","D_obs",6083,2332,0,21
"17028","D_obs",6083,2333,0,19
"17029","D_obs",6083,2334,0,25
"17030","D_obs",6083,2335,0,15
"17031","D_obs",6083,2336,0,21
"17032","D_obs",6083,2337,0,24
"17033","D_obs",6083,2338,0,24
"17034","D_obs",6083,2339,0,26
"17035","D_obs",6083,2340,0,17
"17036","D_obs",6083,2341,0,38
"17037","D_obs",6083,2342,0,30
"17038","D_obs",6083,2343,0,49
"17039","D_obs",6083,2344,0,38
"17040","D_obs",6083,2345,0,50
"17041","D_obs",6083,2346,0,68
"17042","D_obs",6083,2347,0,64
"17043","D_obs",6083,2348,0,82
"17044","D_obs",6083,2349,0,67
"17045","D_obs",6083,2350,0,61
"17046","D_obs",6083,2351,0,55
"17047","D_obs",6083,2352,0,52
"17048","D_obs",6083,2353,0,46
"17049","D_obs",6083,2354,0,54
"17050","D_obs",6083,2355,0,46
"17051","D_obs",6083,2356,0,31
"17052","D_obs",6083,2357,0,31
"17053","D_obs",6083,2358,0,39
"17054","D_obs",6083,2359,0,35
"17055","D_obs",6083,2360,0,39
"17056","D_obs",6083,2361,0,43
"17057","D_obs",6083,2362,0,37
"17058","D_obs",6083,2363,0,32
"17059","D_obs",6083,2364,0,34
"17060","D_obs",6083,2365,0,35
"17061","D_obs",6083,2366,0,35
"17062","D_obs",6083,2367,0,28
"17063","D_obs",6083,2368,0,22
"17064","D_obs",6083,2369,0,47
"17065","D_obs",6083,2370,0,42
"17066","D_obs",6083,2371,0,36
"17067","D_obs",6083,2372,0,37
"17068","D_obs",6083,2373,0,22
"17069","D_obs",6083,2374,0,27
"17070","D_obs",6083,2375,0,24
"17071","D_obs",6083,2376,0,26
"17072","D_obs",6083,2377,0,17
"17073","D_obs",6083,2378,0,17
"17074","D_obs",6083,2379,0,27
"17075","D_obs",6083,2380,0,24
"17076","D_obs",6083,2381,0,17
"17077","D_obs",6083,2382,0,23
"17078","D_obs",6083,2383,0,19
"17079","D_obs",6083,2384,0,20
"17080","D_obs",6083,2385,0,21
"17081","D_obs",6083,2386,0,27
"17082","D_obs",6083,2387,0,26
"17083","D_obs",6083,2388,0,26
"17084","D_obs",6083,2389,0,27
"17085","D_obs",6083,2390,0,24
"17086","D_obs",6083,2391,0,29
"17087","D_obs",6083,2392,0,30
"17088","D_obs",6083,2393,0,27
"17089","D_obs",6083,2394,0,24
"17090","D_obs",6083,2395,0,30
"17091","D_obs",6083,2396,0,34
"17092","D_obs",6083,2397,0,33
"17093","D_obs",6083,2398,0,45
"17094","D_obs",6083,2399,0,46
"17095","D_obs",6083,2400,0,49
"17096","D_obs",6083,2401,0,60
"17097","D_obs",6083,2402,0,64
"17098","D_obs",6083,2403,0,54
"17099","D_obs",6083,2404,0,70
"17100","D_obs",6083,2405,0,62
"17101","D_obs",6083,2406,0,46
"17102","D_obs",6083,2407,0,55
"17103","D_obs",6083,2408,0,48
"17104","D_obs",6083,2409,0,29
"17105","D_obs",6083,2410,0,56
"17106","D_obs",6083,2411,0,44
"17107","D_obs",6083,2412,0,46
"17108","D_obs",6083,2413,0,33
"17109","D_obs",6083,2414,0,38
"17110","D_obs",6083,2415,0,31
"17111","D_obs",6083,2416,0,30
"17112","D_obs",6083,2417,0,35
"17113","D_obs",6083,2418,0,27
"17114","D_obs",6083,2419,0,20
"17115","D_obs",6083,2420,0,33
"17116","D_obs",6083,2421,0,32
"17117","D_obs",6083,2422,0,24
"17118","D_obs",6083,2423,0,19
"17119","D_obs",6083,2424,0,26
"17120","D_obs",6083,2425,0,25
"17121","D_obs",6083,2426,0,26
"17122","D_obs",6083,2427,0,18
"17123","D_obs",6083,2428,0,24
"17124","D_obs",6083,2429,0,29
"17125","D_obs",6083,2430,0,37
"17126","D_obs",6083,2431,0,26
"17127","D_obs",6083,2432,0,36
"17128","D_obs",6083,2433,0,38
"17129","D_obs",6083,2434,0,45
"17130","D_obs",6083,2435,0,38
"17131","D_obs",6083,2436,0,38
"17132","D_obs",6083,2437,0,40
"17133","D_obs",6083,2438,0,58
"17134","D_obs",6083,2439,0,55
"17135","D_obs",6083,2440,0,43
"17136","D_obs",6083,2441,0,45
"17137","D_obs",6083,2442,0,61
"17138","D_obs",6083,2443,0,59
"17139","D_obs",6083,2444,0,50
"17140","D_obs",6083,2445,0,38
"17141","D_obs",6083,2446,0,60
"17142","D_obs",6083,2447,0,60
"17143","D_obs",6083,2448,0,61
"17144","D_obs",6083,2449,0,66
"17145","D_obs",6083,2450,0,73
"17146","D_obs",6083,2451,0,79
"17147","D_obs",6083,2452,0,69
"17148","D_obs",6083,2453,0,101
"17149","D_obs",6083,2454,0,113
"17150","D_obs",6083,2455,0,106
"17151","D_obs",6083,2456,0,102
"17152","D_obs",6083,2457,0,90
"17153","D_obs",6083,2458,0,119
"17154","D_obs",6083,2459,0,100
"17155","D_obs",6083,2460,0,86
"17156","D_obs",6083,2461,0,69
"17157","D_obs",6083,2462,0,73
"17158","D_obs",6083,2463,0,89
"17159","D_obs",6083,2464,0,83
"17160","D_obs",6083,2465,0,70
"17161","D_obs",6083,2466,0,66
"17162","D_obs",6083,2467,0,56
"17163","D_obs",6083,2468,0,57
"17164","D_obs",6083,2469,0,46
"17165","D_obs",6083,2470,0,44
"17166","D_obs",6083,2471,0,51
"17167","D_obs",6083,2472,0,45
"17168","D_obs",6083,2473,0,46
"17169","D_obs",6083,2474,0,59
"17170","D_obs",6083,2475,0,49
"17171","D_obs",6083,2476,0,47
"17172","D_obs",6083,2477,0,46
"17173","D_obs",6083,2478,0,35
"17174","D_obs",6083,2479,0,67
"17175","D_obs",6083,2480,0,47
"17176","D_obs",6083,2481,0,37
"17177","D_obs",6083,2482,0,68
"17178","D_obs",6083,2483,0,60
"17179","D_obs",6083,2484,0,65
"17180","D_obs",6083,2485,0,59
"17181","D_obs",6083,2486,0,57
"17182","D_obs",6083,2487,0,45
"17183","D_obs",6083,2488,0,62
"17184","D_obs",6083,2489,0,57
"17185","D_obs",6083,2490,0,53
"17186","D_obs",6083,2491,0,77
"17187","D_obs",6083,2492,0,50
"17188","D_obs",6083,2493,0,58
"17189","D_obs",6083,2494,0,49
"17190","D_obs",6083,2495,0,53
"17191","D_obs",6083,2496,0,47
"17192","D_obs",6083,2497,0,55
"17193","D_obs",6083,2498,0,50
"17194","D_obs",6083,2499,0,48
"17195","D_obs",6083,2500,0,61
"17196","D_obs",6083,2501,0,63
"17197","D_obs",6083,2502,0,70
"17198","D_obs",6083,2503,0,58
"17199","D_obs",6083,2504,0,88
"17200","D_obs",6083,2505,0,70
"17201","D_obs",6083,2506,0,84
"17202","D_obs",6083,2507,0,66
"17203","D_obs",6083,2508,0,83
"17204","D_obs",6083,2509,0,73
"17205","D_obs",6083,2510,0,61
"17206","D_obs",6083,2511,0,64
"17207","D_obs",6083,2512,0,45
"17208","D_obs",6083,2513,0,61
"17209","D_obs",6083,2514,0,41
"17210","D_obs",6083,2515,0,50
"17211","D_obs",6083,2516,0,44
"17212","D_obs",6083,2517,0,45
"17213","D_obs",6083,2518,0,38
"17214","D_obs",6083,2519,0,28
"17215","D_obs",6083,2520,0,36
"17216","D_obs",6083,2521,0,20
"17217","D_obs",6083,2522,0,27
"17218","D_obs",6083,2523,0,20
"17219","D_obs",6083,2524,0,22
"17220","D_obs",6083,2525,0,28
"17221","D_obs",6083,2526,0,26
"17222","D_obs",6083,2527,0,19
"17223","D_obs",6083,2528,0,28
"17224","D_obs",6083,2529,0,24
"17225","D_obs",6083,2530,0,30
"17226","D_obs",6083,2531,0,32
"17227","D_obs",6083,2532,0,30
"17228","D_obs",6083,2533,0,23
"17229","D_obs",6083,2534,0,33
"17230","D_obs",6083,2535,0,32
"17231","D_obs",6083,2536,0,25
"17232","D_obs",6083,2537,0,36
"17233","D_obs",6083,2538,0,24
"17234","D_obs",6083,2539,0,35
"17235","D_obs",6083,2540,0,41
"17236","D_obs",6083,2541,0,53
"17237","D_obs",6083,2542,0,35
"17238","D_obs",6083,2543,0,46
"17239","D_obs",6083,2544,0,45
"17240","D_obs",6083,2545,0,57
"17241","D_obs",6083,2546,0,51
"17242","D_obs",6083,2547,0,53
"17243","D_obs",6083,2548,0,40
"17244","D_obs",6083,2549,0,48
"17245","D_obs",6083,2550,0,51
"17246","D_obs",6083,2551,0,48
"17247","D_obs",6083,2552,0,55
"17248","D_obs",6083,2553,0,55
"17249","D_obs",6083,2554,0,66
"17250","D_obs",6083,2555,0,48
"17251","D_obs",6083,2556,0,65
"17252","D_obs",6083,2557,0,95
"17253","D_obs",6083,2558,0,49
"17254","D_obs",6083,2559,0,40
"17255","D_obs",6083,2560,0,52
"17256","D_obs",6083,2561,0,50
"17257","D_obs",6083,2562,0,49
"17258","D_obs",6083,2563,0,42
"17259","D_obs",6083,2564,0,35
"17260","D_obs",6083,2565,0,43
"17261","D_obs",6083,2566,0,44
"17262","D_obs",6083,2567,0,38
"17263","D_obs",6083,2568,0,28
"17264","D_obs",6083,2569,0,28
"17265","D_obs",6083,2570,0,21
"17266","D_obs",6083,2571,0,20
"17267","D_obs",6083,2572,0,24
"17268","D_obs",6083,2573,0,34
"17269","D_obs",6083,2574,0,20
"17270","D_obs",6083,2575,0,28
"17271","D_obs",6083,2576,0,26
"17272","D_obs",6083,2577,0,20
"17273","D_obs",6083,2578,0,21
"17274","D_obs",6083,2579,0,20
"17275","D_obs",6083,2580,0,23
"17276","D_obs",6083,2581,0,16
"17277","D_obs",6083,2582,0,32
"17278","D_obs",6083,2583,0,25
"17279","D_obs",6083,2584,0,26
"17280","D_obs",6083,2585,0,31
"17281","D_obs",6083,2586,0,23
"17282","D_obs",6083,2587,0,37
"17283","D_obs",6083,2588,0,19
"17284","D_obs",6083,2589,0,30
"17285","D_obs",6083,2590,0,36
"17286","D_obs",6083,2591,0,30
"17287","D_obs",6083,2592,0,28
"17288","D_obs",6083,2593,0,26
"17289","D_obs",6083,2594,0,28
"17290","D_obs",6083,2595,0,47
"17291","D_obs",6083,2596,0,38
"17292","D_obs",6083,2597,0,39
"17293","D_obs",6083,2598,0,40
"17294","D_obs",6083,2599,0,36
"17295","D_obs",6083,2600,0,42
"17296","D_obs",6083,2601,0,38
"17297","D_obs",6083,2602,0,29
"17298","D_obs",6083,2603,0,53
"17299","D_obs",6083,2604,0,61
"17300","D_obs",6083,2605,0,71
"17301","D_obs",6083,2606,0,78
"17302","D_obs",6083,2607,0,88
"17303","D_obs",6083,2608,0,67
"17304","D_obs",6083,2609,0,65
"17305","D_obs",6083,2610,0,70
"17306","D_obs",6083,2611,0,68
"17307","D_obs",6083,2612,0,59
"17308","D_obs",6083,2613,0,52
"17309","D_obs",6083,2614,0,45
"17310","D_obs",6083,2615,0,41
"17311","D_obs",6083,2616,0,48
"17312","D_obs",6083,2617,0,47
"17313","D_obs",6083,2618,0,37
"17314","D_obs",6083,2619,0,31
"17315","D_obs",6083,2620,0,42
"17316","D_obs",6083,2621,0,40
"17317","D_obs",6083,2622,0,45
"17318","D_obs",6083,2623,0,33
"17319","D_obs",6083,2624,0,29
"17320","D_obs",6083,2625,0,36
"17321","D_obs",6083,2626,0,27
"17322","D_obs",6083,2627,0,19
"17323","D_obs",6083,2628,0,20
"17324","D_obs",6083,2629,0,29
"17325","D_obs",6083,2630,0,29
"17326","D_obs",6083,2631,0,15
"17327","D_obs",6083,2632,0,14
"17328","D_obs",6083,2633,0,21
"17329","D_obs",6083,2634,0,17
"17330","D_obs",6083,2635,0,22
"17331","D_obs",6083,2636,0,29
"17332","D_obs",6083,2637,0,29
"17333","D_obs",6083,2638,0,36
"17334","D_obs",6083,2639,0,24
"17335","D_obs",6083,2640,0,31
"17336","D_obs",6083,2641,0,27
"17337","D_obs",6083,2642,0,31
"17338","D_obs",6083,2643,0,29
"17339","D_obs",6083,2644,0,35
"17340","D_obs",6083,2645,0,30
"17341","D_obs",6083,2646,0,32
"17342","D_obs",6083,2647,0,32
"17343","D_obs",6083,2648,0,39
"17344","D_obs",6083,2649,0,59
"17345","D_obs",6083,2650,0,35
"17346","D_obs",6083,2651,0,49
"17347","D_obs",6083,2652,0,40
"17348","D_obs",6083,2653,0,43
"17349","D_obs",6083,2654,0,48
"17350","D_obs",6083,2655,0,55
"17351","D_obs",6083,2656,0,49
"17352","D_obs",6083,2657,0,63
"17353","D_obs",6083,2658,0,57
"17354","D_obs",6083,2659,0,66
"17355","D_obs",6083,2660,0,56
"17356","D_obs",6083,2661,0,61
"17357","D_obs",6083,2662,0,60
"17358","D_obs",6083,2663,0,55
"17359","D_obs",6083,2664,0,41
"17360","D_obs",6083,2665,0,59
"17361","D_obs",6083,2666,0,53
"17362","D_obs",6083,2667,0,40
"17363","D_obs",6083,2668,0,42
"17364","D_obs",6083,2669,0,48
"17365","D_obs",6083,2670,0,33
"17366","D_obs",6083,2671,0,38
"17367","D_obs",6083,2672,0,34
"17368","D_obs",6083,2673,0,32
"17369","D_obs",6083,2674,0,33
"17370","D_obs",6083,2675,0,34
"17371","D_obs",6083,2676,0,22
"17372","D_obs",6083,2677,0,37
"17373","D_obs",6083,2678,0,22
"17374","D_obs",6083,2679,0,27
"17375","D_obs",6083,2680,0,27
"17376","D_obs",6083,2681,0,26
"17377","D_obs",6083,2682,0,25
"17378","D_obs",6083,2683,0,22
"17379","D_obs",6083,2684,0,20
"17380","D_obs",6083,2685,0,23
"17381","D_obs",6083,2686,0,30
"17382","D_obs",6083,2687,0,38
"17383","D_obs",6083,2688,0,24
"17384","D_obs",6083,2689,0,31
"17385","D_obs",6083,2690,0,25
"17386","D_obs",6083,2691,0,29
"17387","D_obs",6083,2692,0,21
"17388","D_obs",6083,2693,0,33
"17389","D_obs",6083,2694,0,24
"17390","D_obs",6083,2695,0,23
"17391","D_obs",6083,2696,0,26
"17392","D_obs",6083,2697,0,23
"17393","D_obs",6083,2698,0,40
"17394","D_obs",6083,2699,0,28
"17395","D_obs",6083,2700,0,31
"17396","D_obs",6083,2701,0,30
"17397","D_obs",6083,2702,0,19
"17398","D_obs",6083,2703,0,32
"17399","D_obs",6083,2704,0,24
"17400","D_obs",6083,2705,0,18
"17401","D_obs",6083,2706,0,23
"17402","D_obs",6083,2707,0,26
"17403","D_obs",6083,2708,0,26
"17404","D_obs",6083,2709,0,26
"17405","D_obs",6083,2710,0,16
"17406","D_obs",6083,2711,0,27
"17407","D_obs",6083,2712,0,22
"17408","D_obs",6083,2713,0,28
"17409","D_obs",6083,2714,0,32
"17410","D_obs",6083,2715,0,36
"17411","D_obs",6083,2716,0,36
"17412","D_obs",6083,2717,0,27
"17413","D_obs",6083,2718,0,23
"17414","D_obs",6083,2719,0,22
"17415","D_obs",6083,2720,0,26
"17416","D_obs",6083,2721,0,16
"17417","D_obs",6083,2722,0,28
"17418","D_obs",6083,2723,0,16
"17419","D_obs",6083,2724,0,21
"17420","D_obs",6083,2725,0,18
"17421","D_obs",6083,2726,0,19
"17422","D_obs",6083,2727,0,18
"17423","D_obs",6083,2728,0,17
"17424","D_obs",6083,2729,0,14
"17425","D_obs",6083,2730,0,16
"17426","D_obs",6083,2731,0,15
"17427","D_obs",6083,2732,0,7
"17428","D_obs",6083,2733,0,16
"17429","D_obs",6083,2734,0,10
"17430","D_obs",6083,2735,0,5
"17431","D_obs",6083,2736,0,9
"17432","D_obs",6083,2737,0,9
"17433","D_obs",6083,2738,0,10
"17434","D_obs",6083,2739,0,12
"17435","D_obs",6083,2740,0,13
"17436","D_obs",6083,2741,0,13
"17437","D_obs",6083,2742,0,12
"17438","D_obs",6083,2743,0,10
"17439","D_obs",6083,2744,0,9
"17440","D_obs",6083,2745,0,12
"17441","D_obs",6083,2746,0,7
"17442","D_obs",6083,2747,0,13
"17443","D_obs",6083,2748,0,9
"17444","D_obs",6083,2749,0,12
"17445","D_obs",6083,2750,0,13
"17446","D_obs",6083,2751,0,11
"17447","D_obs",6083,2752,0,18
"17448","D_obs",6083,2753,0,20
"17449","D_obs",6083,2754,0,9
"17450","D_obs",6083,2755,0,12
"17451","D_obs",6083,2756,0,12
"17452","D_obs",6083,2757,0,14
"17453","D_obs",6083,2758,0,15
"17454","D_obs",6083,2759,0,20
"17455","D_obs",6083,2760,0,16
"17456","D_obs",6083,2761,0,14
"17457","D_obs",6083,2762,0,21
"17458","D_obs",6083,2763,0,22
"17459","D_obs",6083,2764,0,18
"17460","D_obs",6083,2765,0,10
"17461","D_obs",6083,2766,0,15
"17462","D_obs",6083,2767,0,19
"17463","D_obs",6083,2768,0,11
"17464","D_obs",6083,2769,0,12
"17465","D_obs",6083,2770,0,12
"17466","D_obs",6083,2771,0,14
"17467","D_obs",6083,2772,0,10
"17468","D_obs",6083,2773,0,18
"17469","D_obs",6083,2774,0,9
"17470","D_obs",6083,2775,0,6
"17471","D_obs",6083,2776,0,13
"17472","D_obs",6083,2777,0,9
"17473","D_obs",6083,2778,0,11
"17474","D_obs",6083,2779,0,5
"17475","D_obs",6083,2780,0,7
"17476","D_obs",6083,2781,0,7
"17477","D_obs",6083,2782,0,14
"17478","D_obs",6083,2783,0,5
"17479","D_obs",6083,2784,0,6
"17480","D_obs",6083,2785,0,8
"17481","D_obs",6083,2786,0,6
"17482","D_obs",6083,2787,0,5
"17483","D_obs",6083,2788,0,10
"17484","D_obs",6083,2789,0,7
"17485","D_obs",6083,2790,0,8
"17486","D_obs",6083,2791,0,7
"17487","D_obs",6083,2792,0,6
"17488","D_obs",6083,2793,0,7
"17489","D_obs",6083,2794,0,6
"17490","D_obs",6083,2795,0,7
"17491","D_obs",6083,2796,0,11
"17492","D_obs",6083,2797,0,11
"17493","D_obs",6083,2798,0,9
"17494","D_obs",6083,2799,0,7
"17495","D_obs",6083,2800,0,6
"17496","D_obs",6083,2801,0,14
"17497","D_obs",6083,2802,0,10
"17498","D_obs",6083,2803,0,15
"17499","D_obs",6083,2804,0,9
"17500","D_obs",6083,2805,0,14
"17501","D_obs",6083,2806,0,10
"17502","D_obs",6083,2807,0,9
"17503","D_obs",6083,2808,0,17
"17504","D_obs",6083,2809,0,13
"17505","D_obs",6083,2810,0,11
"17506","D_obs",6083,2811,0,16
"17507","D_obs",6083,2812,0,19
"17508","D_obs",6083,2813,0,16
"17509","D_obs",6083,2814,0,23
"17510","D_obs",6083,2815,0,24
"17511","D_obs",6083,2816,0,24
"17512","D_obs",6083,2817,0,29
"17513","D_obs",6083,2818,0,25
"17514","D_obs",6083,2819,0,29
"17515","D_obs",6083,2820,0,33
"17516","D_obs",6083,2821,0,22
"17517","D_obs",6083,2822,0,19
"17518","D_obs",6083,2823,0,16
"17519","D_obs",6083,2824,0,17
"17520","D_obs",6083,2825,0,24
"17521","D_obs",6083,2826,0,25
"17522","D_obs",6083,2827,0,11
"17523","D_obs",6083,2828,0,17
"17524","D_obs",6083,2829,0,16
"17525","D_obs",6083,2830,0,14
"17526","D_obs",6083,2831,0,11
"17527","D_obs",6083,2832,0,15
"17528","D_obs",6083,2833,0,13
"17529","D_obs",6083,2834,0,17
"17530","D_obs",6083,2835,0,9
"17531","D_obs",6083,2836,0,13
"17532","D_obs",6083,2837,0,15
"17533","D_obs",6083,2838,0,14
"17534","D_obs",6083,2839,0,6
"17535","D_obs",6083,2840,0,7
"17536","D_obs",6083,2841,0,11
"17537","D_obs",6083,2842,0,17
"17538","D_obs",6083,2843,0,12
"17539","D_obs",6083,2844,0,19
"17540","D_obs",6083,2845,0,16
"17541","D_obs",6083,2846,0,11
"17542","D_obs",6083,2847,0,22
"17543","D_obs",6083,2848,0,15
"17544","D_obs",6083,2849,0,27
"17545","D_obs",6083,2850,0,8
"17546","D_obs",6083,2851,0,14
"17547","D_obs",6083,2852,0,13
"17548","D_obs",6083,2853,0,25
"17549","D_obs",6083,2854,0,23
"17550","D_obs",6083,2855,0,22
"17551","D_obs",6083,2856,0,20
"17552","D_obs",6083,2857,0,25
"17553","D_obs",6083,2858,0,21
"17554","D_obs",6083,2859,0,23
"17555","D_obs",6083,2860,0,36
"17556","D_obs",6083,2861,0,39
"17557","D_obs",6083,2862,0,53
"17558","D_obs",6083,2863,0,57
"17559","D_obs",6083,2864,0,38
"17560","D_obs",6083,2865,0,38
"17561","D_obs",6083,2866,0,48
"17562","D_obs",6083,2867,0,56
"17563","D_obs",6083,2868,0,58
"17564","D_obs",6083,2869,0,60
"17565","D_obs",6083,2870,0,69
"17566","D_obs",6083,2871,0,62
"17567","D_obs",6083,2872,0,41
"17568","D_obs",6083,2873,0,53
"17569","D_obs",6083,2874,0,53
"17570","D_obs",6083,2875,0,39
"17571","D_obs",6083,2876,0,38
"17572","D_obs",6083,2877,0,38
"17573","D_obs",6083,2878,0,40
"17574","D_obs",6083,2879,0,37
"17575","D_obs",6083,2880,0,25
"17576","D_obs",6083,2881,0,42
"17577","D_obs",6083,2882,0,29
"17578","D_obs",6083,2883,0,38
"17579","D_obs",6083,2884,0,36
"17580","D_obs",6083,2885,0,30
"17581","D_obs",6083,2886,0,32
"17582","D_obs",6083,2887,0,27
"17583","D_obs",6083,2888,0,29
"17584","D_obs",6083,2889,0,25
"17585","D_obs",6083,2890,0,24
"17586","D_obs",6083,2891,0,40
"17587","D_obs",6083,2892,0,20
"17588","D_obs",6083,2893,0,17
"17589","D_obs",6083,2894,0,21
"17590","D_obs",6083,2895,0,15
"17591","D_obs",6083,2896,0,23
"17592","D_obs",6083,2897,0,19
"17593","D_obs",6083,2898,0,13
"17594","D_obs",6083,2899,0,17
"17595","D_obs",6083,2900,0,19
"17596","D_obs",6083,2901,0,23
"17597","D_obs",6083,2902,0,19
"17598","D_obs",6083,2903,0,10
"17599","D_obs",6083,2904,0,19
"17600","D_obs",6083,2905,0,10
"17601","D_obs",6083,2906,0,18
"17602","D_obs",6083,2907,0,14
"17603","D_obs",6083,2908,0,23
"17604","D_obs",6083,2909,0,18
"17605","D_obs",6083,2910,0,17
"17606","D_obs",6083,2911,0,17
"17607","D_obs",6083,2912,0,21
"17608","D_obs",6083,2913,0,15
"17609","D_obs",6083,2914,0,19
"17610","D_obs",6083,2915,0,24
"17611","D_obs",6083,2916,0,20
"17612","D_obs",6083,2917,0,22
"17613","D_obs",6083,2918,0,24
"17614","D_obs",6083,2919,0,30
"17615","D_obs",6083,2920,0,33
"17616","D_obs",6083,2921,0,25
"17617","D_obs",6083,2922,0,24
"17618","D_obs",6083,2923,0,18
"17619","D_obs",6083,2924,0,31
"17620","D_obs",6083,2925,0,20
"17621","D_obs",6083,2926,0,24
"17622","D_obs",6083,2927,0,30
"17623","D_obs",6083,2928,0,17
"17624","D_obs",6083,2929,0,25
"17625","D_obs",6083,2930,0,20
"17626","D_obs",6083,2931,0,12
"17627","D_obs",6083,2932,0,17
"17628","D_obs",6083,2933,0,19
"17629","D_obs",6083,2934,0,20
"17630","D_obs",6083,2935,0,11
"17631","D_obs",6083,2936,0,12
"17632","D_obs",6083,2937,0,16
"17633","D_obs",6083,2938,0,14
"17634","D_obs",6083,2939,0,12
"17635","D_obs",6083,2940,0,16
"17636","D_obs",6083,2941,0,16
"17637","D_obs",6083,2942,0,6
"17638","D_obs",6083,2943,0,11
"17639","D_obs",6083,2944,0,15
"17640","D_obs",6083,2945,0,13
"17641","D_obs",6083,2946,0,10
"17642","D_obs",6083,2947,0,9
"17643","D_obs",6083,2948,0,15
"17644","D_obs",6083,2949,0,10
"17645","D_obs",6083,2950,0,7
"17646","D_obs",6083,2951,0,16
"17647","D_obs",6083,2952,0,4
"17648","D_obs",6083,2953,0,12
"17649","D_obs",6083,2954,0,11
"17650","D_obs",6083,2955,0,17
"17651","D_obs",6083,2956,0,10
"17652","D_obs",6083,2957,0,9
"17653","D_obs",6083,2958,0,9
"17654","D_obs",6083,2959,0,12
"17655","D_obs",6083,2960,0,6
"17656","D_obs",6083,2961,0,11
"17657","D_obs",6083,2962,0,16
"17658","D_obs",6083,2963,0,13
"17659","D_obs",6083,2964,0,16
"17660","D_obs",6083,2965,0,17
"17661","D_obs",6083,2966,0,18
"17662","D_obs",6083,2967,0,17
"17663","D_obs",6083,2968,0,25
"17664","D_obs",6083,2969,0,22
"17665","D_obs",6083,2970,0,20
"17666","D_obs",6083,2971,0,15
"17667","D_obs",6083,2972,0,25
"17668","D_obs",6083,2973,0,27
"17669","D_obs",6083,2974,0,20
"17670","D_obs",6083,2975,0,23
"17671","D_obs",6083,2976,0,24
"17672","D_obs",6083,2977,0,17
"17673","D_obs",6083,2978,0,19
"17674","D_obs",6083,2979,0,24
"17675","D_obs",6083,2980,0,12
"17676","D_obs",6083,2981,0,22
"17677","D_obs",6083,2982,0,14
"17678","D_obs",6083,2983,0,15
"17679","D_obs",6083,2984,0,13
"17680","D_obs",6083,2985,0,22
"17681","D_obs",6083,2986,0,10
"17682","D_obs",6083,2987,0,14
"17683","D_obs",6083,2988,0,19
"17684","D_obs",6083,2989,0,14
"17685","D_obs",6083,2990,0,13
"17686","D_obs",6083,2991,0,14
"17687","D_obs",6083,2992,0,12
"17688","D_obs",6083,2993,0,18
"17689","D_obs",6083,2994,0,11
"17690","D_obs",6083,2995,0,10
"17691","D_obs",6083,2996,0,8
"17692","D_obs",6083,2997,0,12
"17693","D_obs",6083,2998,0,13
"17694","D_obs",6083,2999,0,17
"17695","D_obs",6083,3000,0,15
"17696","D_obs",6083,3001,0,12
"17697","D_obs",6083,3002,0,17
"17698","D_obs",6083,3003,0,15
"17699","D_obs",6083,3004,0,14
"17700","D_obs",6083,3005,0,11
"17701","D_obs",6083,3006,0,11
"17702","D_obs",6083,3007,0,15
"17703","D_obs",6083,3008,0,7
"17704","D_obs",6083,3009,0,13
"17705","D_obs",6083,3010,0,20
"17706","D_obs",6083,3011,0,12
"17707","D_obs",6083,3012,0,13
"17708","D_obs",6083,3013,0,19
"17709","D_obs",6083,3014,0,17
"17710","D_obs",6083,3015,0,27
"17711","D_obs",6083,3016,0,16
"17712","D_obs",6083,3017,0,24
"17713","D_obs",6083,3018,0,18
"17714","D_obs",6083,3019,0,18
"17715","D_obs",6083,3020,0,14
"17716","D_obs",6083,3021,0,16
"17717","D_obs",6083,3022,0,20
"17718","D_obs",6083,3023,0,20
"17719","D_obs",6083,3024,0,20
"17720","D_obs",6083,3025,0,29
"17721","D_obs",6083,3026,0,16
"17722","D_obs",6083,3027,0,23
"17723","D_obs",6083,3028,0,15
"17724","D_obs",6083,3029,0,26
"17725","D_obs",6083,3030,0,27
"17726","D_obs",6083,3031,0,23
"17727","D_obs",6083,3032,0,30
"17728","D_obs",6083,3033,0,14
"17729","D_obs",6083,3034,0,14
"17730","D_obs",6083,3035,0,19
"17731","D_obs",6083,3036,0,16
"17732","D_obs",6083,3037,0,24
"17733","D_obs",6083,3038,0,13
"17734","D_obs",6083,3039,0,11
"17735","D_obs",6083,3040,0,22
"17736","D_obs",6083,3041,0,9
"17737","D_obs",6083,3042,0,13
"17738","D_obs",6083,3043,0,11
"17739","D_obs",6083,3044,0,13
"17740","D_obs",6083,3045,0,10
"17741","D_obs",6083,3046,0,5
"17742","D_obs",6083,3047,0,12
"17743","D_obs",6083,3048,0,9
"17744","D_obs",6083,3049,0,11
"17745","D_obs",6083,3050,0,11
"17746","D_obs",6083,3051,0,6
"17747","D_obs",6083,3052,0,10
"17748","D_obs",6083,3053,0,9
"17749","D_obs",6083,3054,0,6
"17750","D_obs",6083,3055,0,10
"17751","D_obs",6083,3056,0,10
"17752","D_obs",6083,3057,0,7
"17753","D_obs",6083,3058,0,7
"17754","D_obs",6083,3059,0,15
"17755","D_obs",6083,3060,0,8
"17756","D_obs",6083,3061,0,12
"17757","D_obs",6083,3062,0,10
"17758","D_obs",6083,3063,0,7
"17759","D_obs",6083,3064,0,10
"17760","D_obs",6083,3065,0,10
"17761","D_obs",6083,3066,0,5
"17762","D_obs",6083,3067,0,6
"17763","D_obs",6083,3068,0,13
"17764","D_obs",6083,3069,0,11
"17765","D_obs",6083,3070,0,5
"17766","D_obs",6083,3071,0,15
"17767","D_obs",6083,3072,0,15
"17768","D_obs",6083,3073,0,10
"17769","D_obs",6083,3074,0,13
"17770","D_obs",6083,3075,0,10
"17771","D_obs",6083,3076,0,13
"17772","D_obs",6083,3077,0,10
"17773","D_obs",6083,3078,0,9
"17774","D_obs",6083,3079,0,13
"17775","D_obs",6083,3080,0,8
"17776","D_obs",6083,3081,0,13
"17777","D_obs",6083,3082,0,15
"17778","D_obs",6083,3083,0,19
"17779","D_obs",6083,3084,0,20
"17780","D_obs",6083,3085,0,8
"17781","D_obs",6083,3086,0,17
"17782","D_obs",6083,3087,0,14
"17783","D_obs",6083,3088,0,17
"17784","D_obs",6083,3089,0,9
"17785","D_obs",6083,3090,0,13
"17786","D_obs",6083,3091,0,9
"17787","D_obs",6083,3092,0,14
"17788","D_obs",6083,3093,0,14
"17789","D_obs",6083,3094,0,11
"17790","D_obs",6083,3095,0,16
"17791","D_obs",6083,3096,0,10
"17792","D_obs",6083,3097,0,4
"17793","D_obs",6083,3098,0,12
"17794","D_obs",6083,3099,0,13
"17795","D_obs",6083,3100,0,17
"17796","D_obs",6083,3101,0,19
"17797","D_obs",6083,3102,0,14
"17798","D_obs",6083,3103,0,17
"17799","D_obs",6083,3104,0,19
"17800","D_obs",6083,3105,0,20
"17801","D_obs",6083,3106,0,25
"17802","D_obs",6083,3107,0,13
"17803","D_obs",6083,3108,0,23
"17804","D_obs",6083,3109,0,12
"17805","D_obs",6083,3110,0,21
"17806","D_obs",6083,3111,0,29
"17807","D_obs",6083,3112,0,28
"17808","D_obs",6083,3113,0,21
"17809","D_obs",6083,3114,0,21
"17810","D_obs",6083,3115,0,23
"17811","D_obs",6083,3116,0,20
"17812","D_obs",6083,3117,0,24
"17813","D_obs",6083,3118,0,33
"17814","D_obs",6083,3119,0,21
"17815","D_obs",6083,3120,0,33
"17816","D_obs",6083,3121,0,28
"17817","D_obs",6083,3122,0,38
"17818","D_obs",6083,3123,0,34
"17819","D_obs",6083,3124,0,31
"17820","D_obs",6083,3125,0,27
"17821","D_obs",6083,3126,0,32
"17822","D_obs",6083,3127,0,33
"17823","D_obs",6083,3128,0,24
"17824","D_obs",6083,3129,0,28
"17825","D_obs",6083,3130,0,39
"17826","D_obs",6083,3131,0,36
"17827","D_obs",6083,3132,0,32
"17828","D_obs",6083,3133,0,32
"17829","D_obs",6083,3134,0,29
"17830","D_obs",6083,3135,0,31
"17831","D_obs",6083,3136,0,23
"17832","D_obs",6083,3137,0,35
"17833","D_obs",6083,3138,0,25
"17834","D_obs",6083,3139,0,22
"17835","D_obs",6083,3140,0,32
"17836","D_obs",6083,3141,0,35
"17837","D_obs",6083,3142,0,26
"17838","D_obs",6083,3143,0,35
"17839","D_obs",6083,3144,0,30
"17840","D_obs",6083,3145,0,19
"17841","D_obs",6083,3146,0,26
"17842","D_obs",6083,3147,0,19
"17843","D_obs",6083,3148,0,21
"17844","D_obs",6083,3149,0,15
"17845","D_obs",6083,3150,0,30
"17846","D_obs",6083,3151,0,17
"17847","D_obs",6083,3152,0,30
"17848","D_obs",6083,3153,0,19
"17849","D_obs",6083,3154,0,18
"17850","D_obs",6083,3155,0,24
"17851","D_obs",6083,3156,0,28
"17852","D_obs",6083,3157,0,21
"17853","D_obs",6083,3158,0,15
"17854","D_obs",6083,3159,0,26
"17855","D_obs",6083,3160,0,29
"17856","D_obs",6083,3161,0,27
"17857","D_obs",6083,3162,0,24
"17858","D_obs",6083,3163,0,38
"17859","D_obs",6083,3164,0,29
"17860","D_obs",6083,3165,0,38
"17861","D_obs",6083,3166,0,35
"17862","D_obs",6083,3167,0,34
"17863","D_obs",6083,3168,0,36
"17864","D_obs",6083,3169,0,32
"17865","D_obs",6083,3170,0,44
"17866","D_obs",6083,3171,0,26
"17867","D_obs",6083,3172,0,48
"17868","D_obs",6083,3173,0,33
"17869","D_obs",6083,3174,0,30
"17870","D_obs",6083,3175,0,36
"17871","D_obs",6083,3176,0,25
"17872","D_obs",6083,3177,0,34
"17873","D_obs",6083,3178,0,41
"17874","D_obs",6083,3179,0,39
"17875","D_obs",6083,3180,0,34
"17876","D_obs",6083,3181,0,40
"17877","D_obs",6083,3182,0,33
"17878","D_obs",6083,3183,0,43
"17879","D_obs",6083,3184,0,47
"17880","D_obs",6083,3185,0,37
"17881","D_obs",6083,3186,0,42
"17882","D_obs",6083,3187,0,34
"17883","D_obs",6083,3188,0,30
"17884","D_obs",6083,3189,0,29
"17885","D_obs",6083,3190,0,32
"17886","D_obs",6083,3191,0,27
"17887","D_obs",6083,3192,0,35
"17888","D_obs",6083,3193,0,26
"17889","D_obs",6083,3194,0,25
"17890","D_obs",6083,3195,0,9
"17891","D_obs",6083,3196,0,22
"17892","D_obs",6083,3197,0,23
"17893","D_obs",6083,3198,0,24
"17894","D_obs",6083,3199,0,20
"17895","D_obs",6083,3200,0,20
"17896","D_obs",6083,3201,0,17
"17897","D_obs",6083,3202,0,19
"17898","D_obs",6083,3203,0,13
"17899","D_obs",6083,3204,0,23
"17900","D_obs",6083,3205,0,20
"17901","D_obs",6083,3206,0,29
"17902","D_obs",6083,3207,0,30
"17903","D_obs",6083,3208,0,25
"17904","D_obs",6083,3209,0,30
"17905","D_obs",6083,3210,0,25
"17906","D_obs",6083,3211,0,20
"17907","D_obs",6083,3212,0,20
"17908","D_obs",6083,3213,0,14
"17909","D_obs",6083,3214,0,17
"17910","D_obs",6083,3215,0,19
"17911","D_obs",6083,3216,0,18
"17912","D_obs",6083,3217,0,19
"17913","D_obs",6083,3218,0,17
"17914","D_obs",6083,3219,0,16
"17915","D_obs",6083,3220,0,24
"17916","D_obs",6083,3221,0,29
"17917","D_obs",6083,3222,0,18
"17918","D_obs",6083,3223,0,19
"17919","D_obs",6083,3224,0,14
"17920","D_obs",6083,3225,0,17
"17921","D_obs",6083,3226,0,13
"17922","D_obs",6083,3227,0,13
"17923","D_obs",6083,3228,0,15
"17924","D_obs",6083,3229,0,15
"17925","D_obs",6083,3230,0,18
"17926","D_obs",6083,3231,0,9
"17927","D_obs",6083,3232,0,12
"17928","D_obs",6083,3233,0,18
"17929","D_obs",6083,3234,0,17
"17930","D_obs",6083,3235,0,10
"17931","D_obs",6083,3236,0,9
"17932","D_obs",6083,3237,0,8
"17933","D_obs",6083,3238,0,14
"17934","D_obs",6083,3239,0,19
"17935","D_obs",6083,3240,0,18
"17936","D_obs",6083,3241,0,13
"17937","D_obs",6083,3242,0,14
"17938","D_obs",6083,3243,0,14
"17939","D_obs",6083,3244,0,14
"17940","D_obs",6083,3245,0,12
"17941","D_obs",6083,3246,0,9
"17942","D_obs",6083,3247,0,7
"17943","D_obs",6083,3248,0,11
"17944","D_obs",6083,3249,0,15
"17945","D_obs",6083,3250,0,18
"17946","D_obs",6083,3251,0,10
"17947","D_obs",6083,3252,0,7
"17948","D_obs",6083,3253,0,6
"17949","D_obs",6083,3254,0,4
"17950","D_obs",6083,3255,0,15
"17951","D_obs",6083,3256,0,13
"17952","D_obs",6083,3257,0,11
"17953","D_obs",6083,3258,0,15
"17954","D_obs",6083,3259,0,9
"17955","D_obs",6083,3260,0,9
"17956","D_obs",6083,3261,0,13
"17957","D_obs",6083,3262,0,11
"17958","D_obs",6083,3263,0,13
"17959","D_obs",6083,3264,0,10
"17960","D_obs",6083,3265,0,17
"17961","D_obs",6083,3266,0,17
"17962","D_obs",6083,3267,0,12
"17963","D_obs",6083,3268,0,11
"17964","D_obs",6083,3269,0,18
"17965","D_obs",6083,3270,0,12
"17966","D_obs",6083,3271,0,20
"17967","D_obs",6083,3272,0,23
"17968","D_obs",6083,3273,0,14
"17969","D_obs",6083,3274,0,24
"17970","D_obs",6083,3275,0,15
"17971","D_obs",6083,3276,0,21
"17972","D_obs",6083,3277,0,27
"17973","D_obs",6083,3278,0,21
"17974","D_obs",6083,3279,0,20
"17975","D_obs",6083,3280,0,19
"17976","D_obs",6083,3281,0,13
"17977","D_obs",6083,3282,0,24
"17978","D_obs",6083,3283,0,22
"17979","D_obs",6083,3284,0,25
"17980","D_obs",6083,3285,0,23
"17981","D_obs",6083,3286,0,19
"17982","D_obs",6083,3287,0,23
"17983","D_obs",6083,3288,0,19
"17984","D_obs",6083,3289,0,14
"17985","D_obs",6083,3290,0,27
"17986","D_obs",6083,3291,0,17
"17987","D_obs",6083,3292,0,19
"17988","D_obs",6083,3293,0,19
"17989","D_obs",6083,3294,0,25
"17990","D_obs",6083,3295,0,17
"17991","D_obs",6083,3296,0,11
"17992","D_obs",6083,3297,0,22
"17993","D_obs",6083,3298,0,25
"17994","D_obs",6083,3299,0,26
"17995","D_obs",6083,3300,0,19
"17996","D_obs",6083,3301,0,19
"17997","D_obs",6083,3302,0,23
"17998","D_obs",6083,3303,0,13
"17999","D_obs",6083,3304,0,20
"18000","D_obs",6083,3305,0,15
"18001","D_obs",6083,3306,0,21
"18002","D_obs",6083,3307,0,16
"18003","D_obs",6083,3308,0,17
"18004","D_obs",6083,3309,0,27
"18005","D_obs",6083,3310,0,10
"18006","D_obs",6083,3311,0,11
"18007","D_obs",6083,3312,0,13
"18008","D_obs",6083,3313,0,10
"18009","D_obs",6083,3314,0,11
"18010","D_obs",6083,3315,0,16
"18011","D_obs",6083,3316,0,12
"18012","D_obs",6083,3317,0,19
"18013","D_obs",6083,3318,0,13
"18014","D_obs",6083,3319,0,22
"18015","D_obs",6083,3320,0,18
"18016","D_obs",6083,3321,0,15
"18017","D_obs",6083,3322,0,15
"18018","D_obs",6083,3323,0,11
"18019","D_obs",6083,3324,0,20
"18020","D_obs",6083,3325,0,17
"18021","D_obs",6083,3326,0,24
"18022","D_obs",6083,3327,0,15
"18023","D_obs",6083,3328,0,23
"18024","D_obs",6083,3329,0,15
"18025","D_obs",6083,3330,0,16
"18026","D_obs",6083,3331,0,16
"18027","D_obs",6083,3332,0,18
"18028","D_obs",6083,3333,0,11
"18029","D_obs",6083,3334,0,17
"18030","D_obs",6083,3335,0,27
"18031","D_obs",6083,3336,0,24
"18032","D_obs",6083,3337,0,16
"18033","D_obs",6083,3338,0,15
"18034","D_obs",6083,3339,0,11
"18035","D_obs",6083,3340,0,18
"18036","D_obs",6083,3341,0,21
"18037","D_obs",6083,3342,0,20
"18038","D_obs",6083,3343,0,19
"18039","D_obs",6083,3344,0,26
"18040","D_obs",6083,3345,0,16
"18041","D_obs",6083,3346,0,19
"18042","D_obs",6083,3347,0,12
"18043","D_obs",6083,3348,0,19
"18044","D_obs",6083,3349,0,21
"18045","D_obs",6083,3350,0,15
"18046","D_obs",6083,3351,0,14
"18047","D_obs",6083,3352,0,13
"18048","D_obs",6083,3353,0,14
"18049","D_obs",6083,3354,0,17
"18050","D_obs",6083,3355,0,11
"18051","D_obs",6083,3356,0,10
"18052","D_obs",6083,3357,0,8
"18053","D_obs",6083,3358,0,13
"18054","D_obs",6083,3359,0,7
"18055","D_obs",6083,3360,0,13
"18056","D_obs",6083,3361,0,10
"18057","D_obs",6083,3362,0,15
"18058","D_obs",6083,3363,0,8
"18059","D_obs",6083,3364,0,9
"18060","D_obs",6083,3365,0,13
"18061","D_obs",6083,3366,0,10
"18062","D_obs",6083,3367,0,17
"18063","D_obs",6083,3368,0,9
"18064","D_obs",6083,3369,0,9
"18065","D_obs",6083,3370,0,15
"18066","D_obs",6083,3371,0,14
"18067","D_obs",6083,3372,0,10
"18068","D_obs",6083,3373,0,14
"18069","D_obs",6083,3374,0,11
"18070","D_obs",6083,3375,0,18
"18071","D_obs",6083,3376,0,13
"18072","D_obs",6083,3377,0,20
"18073","D_obs",6083,3378,0,18
"18074","D_obs",6083,3379,0,12
"18075","D_obs",6083,3380,0,16
"18076","D_obs",6083,3381,0,18
"18077","D_obs",6083,3382,0,15
"18078","D_obs",6083,3383,0,11
"18079","D_obs",6083,3384,0,10
"18080","D_obs",6083,3385,0,26
"18081","D_obs",6083,3386,0,19
"18082","D_obs",6083,3387,0,19
"18083","D_obs",6083,3388,0,20
"18084","D_obs",6083,3389,0,18
"18085","D_obs",6083,3390,0,16
"18086","D_obs",6083,3391,0,22
"18087","D_obs",6083,3392,0,20
"18088","D_obs",6083,3393,0,20
"18089","D_obs",6083,3394,0,27
"18090","D_obs",6083,3395,0,27
"18091","D_obs",6083,3396,0,21
"18092","D_obs",6083,3397,0,18
"18093","D_obs",6083,3398,0,19
"18094","D_obs",6083,3399,0,9
"18095","D_obs",6083,3400,0,11
"18096","D_obs",6083,3401,0,19
"18097","D_obs",6083,3402,0,15
"18098","D_obs",6083,3403,0,17
"18099","D_obs",6083,3404,0,17
"18100","D_obs",6083,3405,0,12
"18101","D_obs",6083,3406,0,19
"18102","D_obs",6083,3407,0,9
"18103","D_obs",6083,3408,0,11
"18104","D_obs",6083,3409,0,8
"18105","D_obs",6083,3410,0,8
"18106","D_obs",6083,3411,0,10
"18107","D_obs",6083,3412,0,15
"18108","D_obs",6083,3413,0,22
"18109","D_obs",6083,3414,0,19
"18110","D_obs",6083,3415,0,12
"18111","D_obs",6083,3416,0,10
"18112","D_obs",6083,3417,0,13
"18113","D_obs",6083,3418,0,10
"18114","D_obs",6083,3419,0,11
"18115","D_obs",6083,3420,0,16
"18116","D_obs",6083,3421,0,6
"18117","D_obs",6083,3422,0,17
"18118","D_obs",6083,3423,0,10
"18119","D_obs",6083,3424,0,10
"18120","D_obs",6083,3425,0,8
"18121","D_obs",6083,3426,0,12
"18122","D_obs",6083,3427,0,8
"18123","D_obs",6083,3428,0,8
"18124","D_obs",6083,3429,0,8
"18125","D_obs",6083,3430,0,7
"18126","D_obs",6083,3431,0,8
"18127","D_obs",6083,3432,0,10
"18128","D_obs",6083,3433,0,17
"18129","D_obs",6083,3434,0,7
"18130","D_obs",6083,3435,0,5
"18131","D_obs",6083,3436,0,8
"18132","D_obs",6083,3437,0,3
"18133","D_obs",6083,3438,0,9
"18134","D_obs",6083,3439,0,10
"18135","D_obs",6083,3440,0,7
"18136","D_obs",6083,3441,0,7
"18137","D_obs",6083,3442,0,14
"18138","D_obs",6083,3443,0,10
"18139","D_obs",6083,3444,0,13
"18140","D_obs",6083,3445,0,17
"18141","D_obs",6083,3446,0,12
"18142","D_obs",6083,3447,0,7
"18143","D_obs",6083,3448,0,9
"18144","D_obs",6083,3449,0,11
"18145","D_obs",6083,3450,0,6
"18146","D_obs",6083,3451,0,14
"18147","D_obs",6083,3452,0,12
"18148","D_obs",6083,3453,0,11
"18149","D_obs",6083,3454,0,8
"18150","D_obs",6083,3455,0,8
"18151","D_obs",6083,3456,0,12
"18152","D_obs",6083,3457,0,8
"18153","D_obs",6083,3458,0,7
"18154","D_obs",6083,3459,0,4
"18155","D_obs",6083,3460,0,7
"18156","D_obs",6083,3461,0,7
"18157","D_obs",6083,3462,0,9
"18158","D_obs",6083,3463,0,7
"18159","D_obs",6083,3464,0,4
"18160","D_obs",6083,3465,0,4
"18161","D_obs",6083,3466,0,8
"18162","D_obs",6083,3467,0,6
"18163","D_obs",6083,3468,0,7
"18164","D_obs",6083,3469,0,6
"18165","D_obs",6083,3470,0,10
"18166","D_obs",6083,3471,0,2
"18167","D_obs",6083,3472,0,9
"18168","D_obs",6083,3473,0,5
"18169","D_obs",6083,3474,0,4
"18170","D_obs",6083,3475,0,5
"18171","D_obs",6083,3476,0,7
"18172","D_obs",6083,3477,0,4
"18173","D_obs",6083,3478,0,11
"18174","D_obs",6083,3479,0,12
"18175","D_obs",6083,3480,0,4
"18176","D_obs",6083,3481,0,8
"18177","D_obs",6083,3482,0,5
"18178","D_obs",6083,3483,0,6
"18179","D_obs",6083,3484,0,8
"18180","D_obs",6083,3485,0,8
"18181","D_obs",6083,3486,0,7
"18182","D_obs",6083,3487,0,5
"18183","D_obs",6083,3488,0,5
"18184","D_obs",6083,3489,0,2
"18185","D_obs",6083,3490,0,8
"18186","D_obs",6083,3491,0,9
"18187","D_obs",6083,3492,0,7
"18188","D_obs",6083,3493,0,9
"18189","D_obs",6083,3494,0,6
"18190","D_obs",6083,3495,0,14
"18191","D_obs",6083,3496,0,7
"18192","D_obs",6083,3497,0,14
"18193","D_obs",6083,3498,0,6
"18194","D_obs",6083,3499,0,13
"18195","D_obs",6083,3500,0,8
"18196","D_obs",6083,3501,0,15
"18197","D_obs",6083,3502,0,9
"18198","D_obs",6083,3503,0,11
"18199","D_obs",6083,3504,0,12
"18200","D_obs",6083,3505,0,6
"18201","D_obs",6083,3506,0,7
"18202","D_obs",6083,3507,0,6
"18203","D_obs",6083,3508,0,6
"18204","D_obs",6083,3509,0,10
"18205","D_obs",6083,3510,0,7
"18206","D_obs",6083,3511,0,5
"18207","D_obs",6083,3512,0,4
"18208","D_obs",6083,3513,0,9
"18209","D_obs",6083,3514,0,8
"18210","D_obs",6083,3515,0,6
"18211","D_obs",6083,3516,0,3
"18212","D_obs",6083,3517,0,7
"18213","D_obs",6083,3518,0,7
"18214","D_obs",6083,3519,0,8
"18215","D_obs",6083,3520,0,5
"18216","D_obs",6083,3521,0,11
"18217","D_obs",6083,3522,0,4
"18218","D_obs",6083,3523,0,4
"18219","D_obs",6083,3524,0,6
"18220","D_obs",6083,3525,0,8
"18221","D_obs",6083,3526,0,7
"18222","D_obs",6083,3527,0,11
"18223","D_obs",6083,3528,0,5
"18224","D_obs",6083,3529,0,9
"18225","D_obs",6083,3530,0,12
"18226","D_obs",6083,3531,0,10
"18227","D_obs",6083,3532,0,4
"18228","D_obs",6083,3533,0,5
"18229","D_obs",6083,3534,0,6
"18230","D_obs",6083,3535,0,5
"18231","D_obs",6083,3536,0,6
"18232","D_obs",6083,3537,0,4
"18233","D_obs",6083,3538,0,10
"18234","D_obs",6083,3539,0,5
"18235","D_obs",6083,3540,0,4
"18236","D_obs",6083,3541,0,3
"18237","D_obs",6083,3542,0,3
"18238","D_obs",6083,3543,0,5
"18239","D_obs",6083,3544,0,14
"18240","D_obs",6083,3545,0,7
"18241","D_obs",6083,3546,0,8
"18242","D_obs",6083,3547,0,10
"18243","D_obs",6083,3548,0,8
"18244","D_obs",6083,3549,0,8
"18245","D_obs",6083,3550,0,8
"18246","D_obs",6083,3551,0,11
"18247","D_obs",6083,3552,0,6
"18248","D_obs",6083,3553,0,11
"18249","D_obs",6083,3554,0,8
"18250","D_obs",6083,3555,0,4
"18251","D_obs",6083,3556,0,7
"18252","D_obs",6083,3557,0,9
"18253","D_obs",6083,3558,0,9
"18254","D_obs",6083,3559,0,9
"18255","D_obs",6083,3560,0,8
"18256","D_obs",6083,3561,0,8
"18257","D_obs",6083,3562,0,4
"18258","D_obs",6083,3563,0,5
"18259","D_obs",6083,3564,0,5
"18260","D_obs",6083,3565,0,4
"18261","D_obs",6083,3566,0,6
"18262","D_obs",6083,3567,0,10
"18263","D_obs",6083,3568,0,6
"18264","D_obs",6083,3569,0,8
"18265","D_obs",6083,3570,0,8
"18266","D_obs",6083,3571,0,8
"18267","D_obs",6083,3572,0,3
"18268","D_obs",6083,3573,0,6
"18269","D_obs",6083,3574,0,9
"18270","D_obs",6083,3575,0,17
"18271","D_obs",6083,3576,0,14
"18272","D_obs",6083,3577,0,18
"18273","D_obs",6083,3578,0,17
"18274","D_obs",6083,3579,0,17
"18275","D_obs",6083,3580,0,21
"18276","D_obs",6083,3581,0,13
"18277","D_obs",6083,3582,0,12
"18278","D_obs",6083,3583,0,8
"18279","D_obs",6083,3584,0,17
"18280","D_obs",6083,3585,0,10
"18281","D_obs",6083,3586,0,20
"18282","D_obs",6083,3587,0,15
"18283","D_obs",6083,3588,0,10
"18284","D_obs",6083,3589,0,16
"18285","D_obs",6083,3590,0,12
"18286","D_obs",6083,3591,0,13
"18287","D_obs",6083,3592,0,14
"18288","D_obs",6083,3593,0,13
"18289","D_obs",6083,3594,0,9
"18290","D_obs",6083,3595,0,13
"18291","D_obs",6083,3596,0,14
"18292","D_obs",6083,3597,0,22
"18293","D_obs",6083,3598,0,13
"18294","D_obs",6083,3599,0,9
"18295","D_obs",6083,3600,0,12
"18296","D_obs",6083,3601,0,10
"18297","D_obs",6083,3602,0,4
"18298","D_obs",6083,3603,0,12
"18299","D_obs",6083,3604,0,12
"18300","D_obs",6083,3605,0,10
"18301","D_obs",6083,3606,0,12
"18302","D_obs",6083,3607,0,15
"18303","D_obs",6083,3608,0,15
"18304","D_obs",6083,3609,0,18
"18305","D_obs",6083,3610,0,14
"18306","D_obs",6083,3611,0,12
"18307","D_obs",6083,3612,0,11
"18308","D_obs",6083,3613,0,12
"18309","D_obs",6083,3614,0,14
"18310","D_obs",6083,3615,0,21
"18311","D_obs",6083,3616,0,4
"18312","D_obs",6083,3617,0,10
"18313","D_obs",6083,3618,0,5
"18314","D_obs",6083,3619,0,10
"18315","D_obs",6083,3620,0,11
"18316","D_obs",6083,3621,0,12
"18317","D_obs",6083,3622,0,10
"18318","D_obs",6083,3623,0,10
"18319","D_obs",6083,3624,0,9
"18320","D_obs",6083,3625,0,10
"18321","D_obs",6083,3626,0,12
"18322","D_obs",6083,3627,0,13
"18323","D_obs",6083,3628,0,8
"18324","D_obs",6083,3629,0,8
"18325","D_obs",6083,3630,0,13
"18326","D_obs",6083,3631,0,14
"18327","D_obs",6083,3632,0,8
"18328","D_obs",6083,3633,0,12
"18329","D_obs",6083,3634,0,9
"18330","D_obs",6083,3635,0,13
"18331","D_obs",6083,3636,0,6
"18332","D_obs",6083,3637,0,13
"18333","D_obs",6083,3638,0,8
"18334","D_obs",6083,3639,0,9
"18335","D_obs",6083,3640,0,16
"18336","D_obs",6083,3641,0,11
"18337","D_obs",6083,3642,0,14
"18338","D_obs",6083,3643,0,11
"18339","D_obs",6083,3644,0,9
"18340","D_obs",6083,3645,0,14
"18341","D_obs",6083,3646,0,7
"18342","D_obs",6083,3647,0,8
"18343","D_obs",6083,3648,0,9
"18344","D_obs",6083,3649,0,6
"18345","D_obs",6083,3650,0,10
"18346","D_obs",6083,3651,0,14
"18347","D_obs",6083,3652,0,13
"18348","D_obs",6083,3653,0,8
"18349","D_obs",6083,3654,0,9
"18350","D_obs",6083,3655,0,8
"18351","D_obs",6083,3656,0,5
"18352","D_obs",6083,3657,0,7
"18353","D_obs",6083,3658,0,10
"18354","D_obs",6083,3659,0,11
"18355","D_obs",6083,3660,0,12
"18356","D_obs",6083,3661,0,12
"18357","D_obs",6083,3662,0,13
"18358","D_obs",6083,3663,0,7
"18359","D_obs",6083,3664,0,11
"18360","D_obs",6083,3665,0,6
"18361","D_obs",6083,3666,0,8
"18362","D_obs",6083,3667,0,8
"18363","D_obs",6083,3668,0,9
"18364","D_obs",6083,3669,0,6
"18365","D_obs",6083,3670,0,7
"18366","D_obs",6083,3671,0,7
"18367","D_obs",6083,3672,0,7
"18368","D_obs",6083,3673,0,5
"18369","D_obs",6083,3674,0,5
"18370","D_obs",6083,3675,0,3
"18371","D_obs",6083,3676,0,4
"18372","D_obs",6083,3677,0,7
"18373","D_obs",6083,3678,0,9
"18374","D_obs",6083,3679,0,10
"18375","D_obs",6083,3680,0,7
"18376","D_obs",6083,3681,0,11
"18377","D_obs",6083,3682,0,5
"18378","D_obs",6083,3683,0,4
"18379","D_obs",6083,3684,0,11
"18380","D_obs",6083,3685,0,3
"18381","D_obs",6083,3686,0,5
"18382","D_obs",6083,3687,0,3
"18383","D_obs",6083,3688,0,9
"18384","D_obs",6083,3689,0,9
"18385","D_obs",6083,3690,0,9
"18386","D_obs",6083,3691,0,7
"18387","D_obs",6083,3692,0,7
"18388","D_obs",6083,3693,0,8
"18389","D_obs",6083,3694,0,4
"18390","D_obs",6083,3695,0,12
"18391","D_obs",6083,3696,0,3
"18392","D_obs",6083,3697,0,10
"18393","D_obs",6083,3698,0,3
"18394","D_obs",6083,3699,0,8
"18395","D_obs",6083,3700,0,2
"18396","D_obs",6083,3701,0,10
"18397","D_obs",6083,3702,0,8
"18398","D_obs",6083,3703,0,7
"18399","D_obs",6083,3704,0,5
"18400","D_obs",6083,3705,0,13
"18401","D_obs",6083,3706,0,7
"18402","D_obs",6083,3707,0,4
"18403","D_obs",6083,3708,0,6
"18404","D_obs",6083,3709,0,9
"18405","D_obs",6083,3710,0,0
"18406","D_obs",6083,3711,0,5
"18407","D_obs",6083,3712,0,7
"18408","D_obs",6083,3713,0,9
"18409","D_obs",6083,3714,0,10
"18410","D_obs",6083,3715,0,10
"18411","D_obs",6083,3716,0,10
"18412","D_obs",6083,3717,0,9
"18413","D_obs",6083,3718,0,3
"18414","D_obs",6083,3719,0,4
"18415","D_obs",6083,3720,0,9
"18416","D_obs",6083,3721,0,5
"18417","D_obs",6083,3722,0,5
"18418","D_obs",6083,3723,0,6
"18419","D_obs",6083,3724,0,2
"18420","D_obs",6083,3725,0,4
"18421","D_obs",6083,3726,0,4
"18422","D_obs",6083,3727,0,8
"18423","D_obs",6083,3728,0,4
"18424","D_obs",6083,3729,0,9
"18425","D_obs",6083,3730,0,10
"18426","D_obs",6083,3731,0,3
"18427","D_obs",6083,3732,0,7
"18428","D_obs",6083,3733,0,5
"18429","D_obs",6083,3734,0,4
"18430","D_obs",6083,3735,0,7
"18431","D_obs",6083,3736,0,4
"18432","D_obs",6083,3737,0,10
"18433","D_obs",6083,3738,0,3
"18434","D_obs",6083,3739,0,7
"18435","D_obs",6083,3740,0,9
"18436","D_obs",6083,3741,0,8
"18437","D_obs",6083,3742,0,4
"18438","D_obs",6083,3743,0,7
"18439","D_obs",6083,3744,0,2
"18440","D_obs",6083,3745,0,10
"18441","D_obs",6083,3746,0,4
"18442","D_obs",6083,3747,0,9
"18443","D_obs",6083,3748,0,6
"18444","D_obs",6083,3749,0,2
"18445","D_obs",6083,3750,0,14
"18446","D_obs",6083,3751,0,3
"18447","D_obs",6083,3752,0,9
"18448","D_obs",6083,3753,0,4
"18449","D_obs",6083,3754,0,11
"18450","D_obs",6083,3755,0,6
"18451","D_obs",6083,3756,0,8
"18452","D_obs",6083,3757,0,13
"18453","D_obs",6083,3758,0,9
"18454","D_obs",6083,3759,0,8
"18455","D_obs",6083,3760,0,19
"18456","D_obs",6083,3761,0,5
"18457","D_obs",6083,3762,0,9
"18458","D_obs",6083,3763,0,6
"18459","D_obs",6083,3764,0,3
"18460","D_obs",6083,3765,0,15
"18461","D_obs",6083,3766,0,9
"18462","D_obs",6083,3767,0,14
"18463","D_obs",6083,3768,0,7
"18464","D_obs",6083,3769,0,9
"18465","D_obs",6083,3770,0,10
"18466","D_obs",6083,3771,0,9
"18467","D_obs",6083,3772,0,12
"18468","D_obs",6083,3773,0,10
"18469","D_obs",6083,3774,0,14
"18470","D_obs",6083,3775,0,11
"18471","D_obs",6083,3776,0,7
"18472","D_obs",6083,3777,0,18
"18473","D_obs",6083,3778,0,4
"18474","D_obs",6083,3779,0,10
"18475","D_obs",6083,3780,0,13
"18476","D_obs",6083,3781,0,13
"18477","D_obs",6083,3782,0,9
"18478","D_obs",6083,3783,0,5
"18479","D_obs",6083,3784,0,9
"18480","D_obs",6083,3785,0,11
"18481","D_obs",6083,3786,0,4
"18482","D_obs",6083,3787,0,9
"18483","D_obs",6083,3788,0,11
"18484","D_obs",6083,3789,0,6
"18485","D_obs",6083,3790,0,7
"18486","D_obs",6083,3791,0,12
"18487","D_obs",6083,3792,0,11
"18488","D_obs",6083,3793,0,7
"18489","D_obs",6083,3794,0,6
"18490","D_obs",6083,3795,0,8
"18491","D_obs",6083,3796,0,9
"18492","D_obs",6083,3797,0,16
"18493","D_obs",6083,3798,0,10
"18494","D_obs",6083,3799,0,10
"18495","D_obs",6083,3800,0,11
"18496","D_obs",6083,3801,0,7
"18497","D_obs",6083,3802,0,8
"18498","D_obs",6083,3803,0,6
"18499","D_obs",6083,3804,0,17
"18500","D_obs",6083,3805,0,7
"18501","D_obs",6083,3806,0,9
"18502","D_obs",6083,3807,0,16
"18503","D_obs",6083,3808,0,13
"18504","D_obs",6083,3809,0,17
"18505","D_obs",6083,3810,0,13
"18506","D_obs",6083,3811,0,8
"18507","D_obs",6083,3812,0,6
"18508","D_obs",6083,3813,0,18
"18509","D_obs",6083,3814,0,13
"18510","D_obs",6083,3815,0,20
"18511","D_obs",6083,3816,0,18
"18512","D_obs",6083,3817,0,12
"18513","D_obs",6083,3818,0,9
"18514","D_obs",6083,3819,0,17
"18515","D_obs",6083,3820,0,13
"18516","D_obs",6083,3821,0,10
"18517","D_obs",6083,3822,0,5
"18518","D_obs",6083,3823,0,11
"18519","D_obs",6083,3824,0,9
"18520","D_obs",6083,3825,0,10
"18521","D_obs",6083,3826,0,6
"18522","D_obs",6083,3827,0,12
"18523","D_obs",6083,3828,0,10
"18524","D_obs",6083,3829,0,9
"18525","D_obs",6083,3830,0,8
"18526","D_obs",6083,3831,0,8
"18527","D_obs",6083,3832,0,7
"18528","D_obs",6083,3833,0,19
"18529","D_obs",6083,3834,0,6
"18530","D_obs",6083,3835,0,17
"18531","D_obs",6083,3836,0,11
"18532","D_obs",6083,3837,0,10
"18533","D_obs",6083,3838,0,15
"18534","D_obs",6083,3839,0,12
"18535","D_obs",6083,3840,0,6
"18536","D_obs",6083,3841,0,15
"18537","D_obs",6083,3842,0,13
"18538","D_obs",6083,3843,0,5
"18539","D_obs",6083,3844,0,17
"18540","D_obs",6083,3845,0,6
"18541","D_obs",6083,3846,0,12
"18542","D_obs",6083,3847,0,6
"18543","D_obs",6083,3848,0,6
"18544","D_obs",6083,3849,0,10
"18545","D_obs",6083,3850,0,8
"18546","D_obs",6083,3851,0,9
"18547","D_obs",6083,3852,0,7
"18548","D_obs",6083,3853,0,6
"18549","D_obs",6083,3854,0,4
"18550","D_obs",6083,3855,0,7
"18551","D_obs",6083,3856,0,10
"18552","D_obs",6083,3857,0,12
"18553","D_obs",6083,3858,0,19
"18554","D_obs",6083,3859,0,9
"18555","D_obs",6083,3860,0,15
"18556","D_obs",6083,3861,0,11
"18557","D_obs",6083,3862,0,17
"18558","D_obs",6083,3863,0,5
"18559","D_obs",6083,3864,0,8
"18560","D_obs",6083,3865,0,12
"18561","D_obs",6083,3866,0,12
"18562","D_obs",6083,3867,0,15
"18563","D_obs",6083,3868,0,9
"18564","D_obs",6083,3869,0,8
"18565","D_obs",6083,3870,0,8
"18566","D_obs",6083,3871,0,9
"18567","D_obs",6083,3872,0,11
"18568","D_obs",6083,3873,0,11
"18569","D_obs",6083,3874,0,8
"18570","D_obs",6083,3875,0,6
"18571","D_obs",6083,3876,0,8
"18572","D_obs",6083,3877,0,8
"18573","D_obs",6083,3878,0,6
"18574","D_obs",6083,3879,0,7
"18575","D_obs",6083,3880,0,8
"18576","D_obs",6083,3881,0,6
"18577","D_obs",6083,3882,0,8
"18578","D_obs",6083,3883,0,13
"18579","D_obs",6083,3884,0,9
"18580","D_obs",6083,3885,0,9
"18581","D_obs",6083,3886,0,8
"18582","D_obs",6083,3887,0,8
"18583","D_obs",6083,3888,0,9
"18584","D_obs",6083,3889,0,12
"18585","D_obs",6083,3890,0,13
"18586","D_obs",6083,3891,0,13
"18587","D_obs",6083,3892,0,11
"18588","D_obs",6083,3893,0,13
"18589","D_obs",6083,3894,0,10
"18590","D_obs",6083,3895,0,13
"18591","D_obs",6083,3896,0,13
"18592","D_obs",6083,3897,0,11
"18593","D_obs",6083,3898,0,15
"18594","D_obs",6083,3899,0,19
"18595","D_obs",6083,3900,0,13
"18596","D_obs",6083,3901,0,16
"18597","D_obs",6083,3902,0,8
"18598","D_obs",6083,3903,0,7
"18599","D_obs",6083,3904,0,14
"18600","D_obs",6083,3905,0,13
"18601","D_obs",6083,3906,0,12
"18602","D_obs",6083,3907,0,13
"18603","D_obs",6083,3908,0,14
"18604","D_obs",6083,3909,0,18
"18605","D_obs",6083,3910,0,19
"18606","D_obs",6083,3911,0,25
"18607","D_obs",6083,3912,0,26
"18608","D_obs",6083,3913,0,22
"18609","D_obs",6083,3914,0,16
"18610","D_obs",6083,3915,0,9
"18611","D_obs",6083,3916,0,18
"18612","D_obs",6083,3917,0,13
"18613","D_obs",6083,3918,0,19
"18614","D_obs",6083,3919,0,13
"18615","D_obs",6083,3920,0,24
"18616","D_obs",6083,3921,0,10
"18617","D_obs",6083,3922,0,17
"18618","D_obs",6083,3923,0,11
"18619","D_obs",6083,3924,0,24
"18620","D_obs",6083,3925,0,19
"18621","D_obs",6083,3926,0,12
"18622","D_obs",6083,3927,0,16
"18623","D_obs",6083,3928,0,16
"18624","D_obs",6083,3929,0,11
"18625","D_obs",6083,3930,0,10
"18626","D_obs",6083,3931,0,10
"18627","D_obs",6083,3932,0,14
"18628","D_obs",6083,3933,0,11
"18629","D_obs",6083,3934,0,15
"18630","D_obs",6083,3935,0,6
"18631","D_obs",6083,3936,0,12
"18632","D_obs",6083,3937,0,15
"18633","D_obs",6083,3938,0,8
"18634","D_obs",6083,3939,0,12
"18635","D_obs",6083,3940,0,10
"18636","D_obs",6083,3941,0,7
"18637","D_obs",6083,3942,0,8
"18638","D_obs",6083,3943,0,10
"18639","D_obs",6083,3944,0,10
"18640","D_obs",6083,3945,0,10
"18641","D_obs",6083,3946,0,7
"18642","D_obs",6083,3947,0,7
"18643","D_obs",6083,3948,0,9
"18644","D_obs",6083,3949,0,4
"18645","D_obs",6083,3950,0,6
"18646","D_obs",6083,3951,0,10
"18647","D_obs",6083,3952,0,10
"18648","D_obs",6083,3953,0,9
"18649","D_obs",6083,3954,0,9
"18650","D_obs",6083,3955,0,6
"18651","D_obs",6083,3956,0,13
"18652","D_obs",6083,3957,0,11
"18653","D_obs",6083,3958,0,6
"18654","D_obs",6083,3959,0,8
"18655","D_obs",6083,3960,0,3
"18656","D_obs",6083,3961,0,11
"18657","D_obs",6083,3962,0,12
"18658","D_obs",6083,3963,0,4
"18659","D_obs",6083,3964,0,6
"18660","D_obs",6083,3965,0,13
"18661","D_obs",6083,3966,0,10
"18662","D_obs",6083,3967,0,11
"18663","D_obs",6083,3968,0,8
"18664","D_obs",6083,3969,0,9
"18665","D_obs",6083,3970,0,14
"18666","D_obs",6083,3971,0,10
"18667","D_obs",6083,3972,0,14
"18668","D_obs",6083,3973,0,6
"18669","D_obs",6083,3974,0,7
"18670","D_obs",6083,3975,0,4
"18671","D_obs",6083,3976,0,11
"18672","D_obs",6083,3977,0,11
"18673","D_obs",6083,3978,0,7
"18674","D_obs",6083,3979,0,11
"18675","D_obs",6083,3980,0,9
"18676","D_obs",6083,3981,0,8
"18677","D_obs",6083,3982,0,8
"18678","D_obs",6083,3983,0,7
"18679","D_obs",6083,3984,0,9
"18680","D_obs",6083,3985,0,7
"18681","D_obs",6083,3986,0,9
"18682","D_obs",6083,3987,0,8
"18683","D_obs",6083,3988,0,11
"18684","D_obs",6083,3989,0,9
"18685","D_obs",6083,3990,0,8
"18686","D_obs",6083,3991,0,10
"18687","D_obs",6083,3992,0,10
"18688","D_obs",6083,3993,0,12
"18689","D_obs",6083,3994,0,6
"18690","D_obs",6083,3995,0,6
"18691","D_obs",6083,3996,0,8
"18692","D_obs",6083,3997,0,10
"18693","D_obs",6083,3998,0,10
"18694","D_obs",6083,3999,0,7
"18695","D_obs",6083,4000,0,3
"18696","D_obs",6083,4001,0,9
"18697","D_obs",6083,4002,0,6
"18698","D_obs",6083,4003,0,8
"18699","D_obs",6083,4004,0,4
"18700","D_obs",6083,4005,0,4
"18701","D_obs",6083,4006,0,9
"18702","D_obs",6083,4007,0,7
"18703","D_obs",6083,4008,0,6
"18704","D_obs",6083,4009,0,2
"18705","D_obs",6083,4010,0,5
"18706","D_obs",6083,4011,0,3
"18707","D_obs",6083,4012,0,8
"18708","D_obs",6083,4013,0,10
"18709","D_obs",6083,4014,0,10
"18710","D_obs",6083,4015,0,10
"18711","D_obs",6083,4016,0,3
"18712","D_obs",6083,4017,0,5
"18713","D_obs",6083,4018,0,6
"18714","D_obs",6083,4019,0,8
"18715","D_obs",6083,4020,0,3
"18716","D_obs",6083,4021,0,7
"18717","D_obs",6083,4022,0,11
"18718","D_obs",6083,4023,0,4
"18719","D_obs",6083,4024,0,5
"18720","D_obs",6083,4025,0,6
"18721","D_obs",6083,4026,0,8
"18722","D_obs",6083,4027,0,5
"18723","D_obs",6083,4028,0,2
"18724","D_obs",6083,4029,0,0
"18725","D_obs",6083,4030,0,10
"18726","D_obs",6083,4031,0,5
"18727","D_obs",6083,4032,0,6
"18728","D_obs",6083,4033,0,8
"18729","D_obs",6083,4034,0,4
"18730","D_obs",6083,4035,0,6
"18731","D_obs",6083,4036,0,9
"18732","D_obs",6083,4037,0,6
"18733","D_obs",6083,4038,0,10
"18734","D_obs",6083,4039,0,2
"18735","D_obs",6083,4040,0,4
"18736","D_obs",6083,4041,0,5
"18737","D_obs",6083,4042,0,6
"18738","D_obs",6083,4043,0,0
"18739","D_obs",6083,4044,0,6
"18740","D_obs",6083,4045,0,3
"18741","D_obs",6083,4046,0,4
"18742","D_obs",6083,4047,0,3
"18743","D_obs",6083,4048,0,6
"18744","D_obs",6083,4049,0,5
"18745","D_obs",6083,4050,0,3
"18746","D_obs",6083,4051,0,3
"18747","D_obs",6083,4052,0,2
"18748","D_obs",6083,4053,0,8
"18749","D_obs",6083,4054,0,4
"18750","D_obs",6083,4055,0,5
"18751","D_obs",6083,4056,0,2
"18752","D_obs",6083,4057,0,5
"18753","D_obs",6083,4058,0,1
"18754","D_obs",6083,4059,0,4
"18755","D_obs",6083,4060,0,3
"18756","D_obs",6083,4061,0,5
"18757","D_obs",6083,4062,0,2
"18758","D_obs",6083,4063,0,4
"18759","D_obs",6083,4064,0,3
"18760","D_obs",6083,4065,0,4
"18761","D_obs",6083,4066,0,3
"18762","D_obs",6083,4067,0,5
"18763","D_obs",6083,4068,0,4
"18764","D_obs",6083,4069,0,2
"18765","D_obs",6083,4070,0,3
"18766","D_obs",6083,4071,0,3
"18767","D_obs",6083,4072,0,8
"18768","D_obs",6083,4073,0,4
"18769","D_obs",6083,4074,0,3
"18770","D_obs",6083,4075,0,0
"18771","D_obs",6083,4076,0,2
"18772","D_obs",6083,4077,0,1
"18773","D_obs",6083,4078,0,3
"18774","D_obs",6083,4079,0,1
"18775","D_obs",6083,4080,0,5
"18776","D_obs",6083,4081,0,5
"18777","D_obs",6083,4082,0,3
"18778","D_obs",6083,4083,0,6
"18779","D_obs",6083,4084,0,1
"18780","D_obs",6083,4085,0,1
"18781","D_obs",6083,4086,0,6
"18782","D_obs",6083,4087,0,2
"18783","D_obs",6083,4088,0,3
"18784","D_obs",6083,4089,0,4
"18785","D_obs",6083,4090,0,3
"18786","D_obs",6083,4091,0,3
"18787","D_obs",6083,4092,0,3
"18788","D_obs",6083,4093,0,3
"18789","D_obs",6083,4094,0,4
"18790","D_obs",6083,4095,0,2
"18791","D_obs",6083,4096,0,3
"18792","D_obs",6083,4097,0,4
"18793","D_obs",6083,4098,0,2
"18794","D_obs",6083,4099,0,6
"18795","D_obs",6083,4100,0,3
"18796","D_obs",6083,4101,0,1
"18797","D_obs",6083,4102,0,3
"18798","D_obs",6083,4103,0,6
"18799","D_obs",6083,4104,0,3
"18800","D_obs",6083,4105,0,5
"18801","D_obs",6083,4106,0,3
"18802","D_obs",6083,4107,0,6
"18803","D_obs",6083,4108,0,2
"18804","D_obs",6083,4109,0,3
"18805","D_obs",6083,4110,0,6
"18806","D_obs",6083,4111,0,2
"18807","D_obs",6083,4112,0,0
"18808","D_obs",6083,4113,0,13
"18809","D_obs",6083,4114,0,5
"18810","D_obs",6083,4115,0,0
"18811","D_obs",6083,4116,0,4
"18812","D_obs",6083,4117,0,4
"18813","D_obs",6083,4118,0,4
"18814","D_obs",6083,4119,0,4
"18815","D_obs",6083,4120,0,1
"18816","D_obs",6083,4121,0,4
"18817","D_obs",6083,4122,0,3
"18818","D_obs",6083,4123,0,7
"18819","D_obs",6083,4124,0,5
"18820","D_obs",6083,4125,0,3
"18821","D_obs",6083,4126,0,1
"18822","D_obs",6083,4127,0,3
"18823","D_obs",6083,4128,0,5
"18824","D_obs",6083,4129,0,2
"18825","D_obs",6083,4130,0,3
"18826","D_obs",6083,4131,0,3
"18827","D_obs",6083,4132,0,3
"18828","D_obs",6083,4133,0,0
"18829","D_obs",6083,4134,0,3
"18830","D_obs",6083,4135,0,0
"18831","D_obs",6083,4136,0,1
"18832","D_obs",6083,4137,0,2
"18833","D_obs",6083,4138,0,1
"18834","D_obs",6083,4139,0,2
"18835","D_obs",6083,4140,0,5
"18836","D_obs",6083,4141,0,2
"18837","D_obs",6083,4142,0,0
"18838","D_obs",6083,4143,0,1
"18839","D_obs",6083,4144,0,1
"18840","D_obs",6083,4145,0,2
"18841","D_obs",6083,4146,0,4
"18842","D_obs",6083,4147,0,1
"18843","D_obs",6083,4148,0,4
"18844","D_obs",6083,4149,0,3
"18845","D_obs",6083,4150,0,4
"18846","D_obs",6083,4151,0,4
"18847","D_obs",6083,4152,0,3
"18848","D_obs",6083,4153,0,2
"18849","D_obs",6083,4154,0,3
"18850","D_obs",6083,4155,0,6
"18851","D_obs",6083,4156,0,5
"18852","D_obs",6083,4157,0,3
"18853","D_obs",6083,4158,0,4
"18854","D_obs",6083,4159,0,4
"18855","D_obs",6083,4160,0,5
"18856","D_obs",6083,4161,0,2
"18857","D_obs",6083,4162,0,5
"18858","D_obs",6083,4163,0,3
"18859","D_obs",6083,4164,0,4
"18860","D_obs",6083,4165,0,1
"18861","D_obs",6083,4166,0,5
"18862","D_obs",6083,4167,0,2
"18863","D_obs",6083,4168,0,4
"18864","D_obs",6083,4169,0,2
"18865","D_obs",6083,4170,0,2
"18866","D_obs",6083,4171,0,3
"18867","D_obs",6083,4172,0,8
"18868","D_obs",6083,4173,0,1
"18869","D_obs",6083,4174,0,5
"18870","D_obs",6083,4175,0,4
"18871","D_obs",6083,4176,0,9
"18872","D_obs",6083,4177,0,6
"18873","D_obs",6083,4178,0,3
"18874","D_obs",6083,4179,0,0
"18875","D_obs",6083,4180,0,1
"18876","D_obs",6083,4181,0,3
"18877","D_obs",6083,4182,0,5
"18878","D_obs",6083,4183,0,7
"18879","D_obs",6083,4184,0,3
"18880","D_obs",6083,4185,0,9
"18881","D_obs",6083,4186,0,3
"18882","D_obs",6083,4187,0,2
"18883","D_obs",6083,4188,0,7
"18884","D_obs",6083,4189,0,3
"18885","D_obs",6083,4190,0,6
"18886","D_obs",6083,4191,0,4
"18887","D_obs",6083,4192,0,0
"18888","D_obs",6083,4193,0,3
"18889","D_obs",6083,4194,0,4
"18890","D_obs",6083,4195,0,1
"18891","D_obs",6083,4196,0,5
"18892","D_obs",6083,4197,0,4
"18893","D_obs",6083,4198,0,3
"18894","D_obs",6083,4199,0,4
"18895","D_obs",6083,4200,0,3
"18896","D_obs",6083,4201,0,3
"18897","D_obs",6083,4202,0,1
"18898","D_obs",6083,4203,0,4
"18899","D_obs",6083,4204,0,4
"18900","D_obs",6083,4205,0,1
"18901","D_obs",6083,4206,0,5
"18902","D_obs",6083,4207,0,2
"18903","D_obs",6083,4208,0,2
"18904","D_obs",6083,4209,0,3
"18905","D_obs",6083,4210,0,5
"18906","D_obs",6083,4211,0,4
"18907","D_obs",6083,4212,0,1
"18908","D_obs",6083,4213,0,5
"18909","D_obs",6083,4214,0,4
"18910","D_obs",6083,4215,0,8
"18911","D_obs",6083,4216,0,7
"18912","D_obs",6083,4217,0,1
"18913","D_obs",6083,4218,0,3
"18914","D_obs",6083,4219,0,2
"18915","D_obs",6083,4220,0,1
"18916","D_obs",6083,4221,0,2
"18917","D_obs",6083,4222,0,2
"18918","D_obs",6083,4223,0,3
"18919","D_obs",6083,4224,0,3
"18920","D_obs",6083,4225,0,4
"18921","D_obs",6083,4226,0,1
"18922","D_obs",6083,4227,0,1
"18923","D_obs",6083,4228,0,4
"18924","D_obs",6083,4229,0,3
"18925","D_obs",6083,4230,0,5
"18926","D_obs",6083,4231,0,0
"18927","D_obs",6083,4232,0,5
"18928","D_obs",6083,4233,0,7
"18929","D_obs",6083,4234,0,6
"18930","D_obs",6083,4235,0,5
"18931","D_obs",6083,4236,0,4
"18932","D_obs",6083,4237,0,4
"18933","D_obs",6083,4238,0,6
"18934","D_obs",6083,4239,0,3
"18935","D_obs",6083,4240,0,5
"18936","D_obs",6083,4241,0,4
"18937","D_obs",6083,4242,0,4
"18938","D_obs",6083,4243,0,3
"18939","D_obs",6083,4244,0,7
"18940","D_obs",6083,4245,0,1
"18941","D_obs",6083,4246,0,8
"18942","D_obs",6083,4247,0,10
"18943","D_obs",6083,4248,0,7
"18944","D_obs",6083,4249,0,2
"18945","D_obs",6083,4250,0,7
"18946","D_obs",6083,4251,0,5
"18947","D_obs",6083,4252,0,5
"18948","D_obs",6083,4253,0,6
"18949","D_obs",6083,4254,0,8
"18950","D_obs",6083,4255,0,6
"18951","D_obs",6083,4256,0,6
"18952","D_obs",6083,4257,0,3
"18953","D_obs",6083,4258,0,4
"18954","D_obs",6083,4259,0,8
"18955","D_obs",6083,4260,0,6
"18956","D_obs",6083,4261,0,3
"18957","D_obs",6083,4262,0,5
"18958","D_obs",6083,4263,0,1
"18959","D_obs",6083,4264,0,4
"18960","D_obs",6083,4265,0,7
"18961","D_obs",6083,4266,0,4
"18962","D_obs",6083,4267,0,3
"18963","D_obs",6083,4268,0,8
"18964","D_obs",6083,4269,0,4
"18965","D_obs",6083,4270,0,8
"18966","D_obs",6083,4271,0,12
"18967","D_obs",6083,4272,0,6
"18968","D_obs",6083,4273,0,5
"18969","D_obs",6083,4274,0,5
"18970","D_obs",6083,4275,0,4
"18971","D_obs",6083,4276,0,6
"18972","D_obs",6083,4277,0,3
"18973","D_obs",6083,4278,0,10
"18974","D_obs",6083,4279,0,6
"18975","D_obs",6083,4280,0,8
"18976","D_obs",6083,4281,0,10
"18977","D_obs",6083,4282,0,14
"18978","D_obs",6083,4283,0,10
"18979","D_obs",6083,4284,0,11
"18980","D_obs",6083,4285,0,10
"18981","D_obs",6083,4286,0,6
"18982","D_obs",6083,4287,0,10
"18983","D_obs",6083,4288,0,6
"18984","D_obs",6083,4289,0,10
"18985","D_obs",6083,4290,0,4
"18986","D_obs",6083,4291,0,6
"18987","D_obs",6083,4292,0,7
"18988","D_obs",6083,4293,0,13
"18989","D_obs",6083,4294,0,10
"18990","D_obs",6083,4295,0,6
"18991","D_obs",6083,4296,0,7
"18992","D_obs",6083,4297,0,7
"18993","D_obs",6083,4298,0,6
"18994","D_obs",6083,4299,0,13
"18995","D_obs",6083,4300,0,5
"18996","D_obs",6083,4301,0,4
"18997","D_obs",6083,4302,0,9
"18998","D_obs",6083,4303,0,13
"18999","D_obs",6083,4304,0,9
"19000","D_obs",6083,4305,0,5
"19001","D_obs",6083,4306,0,6
"19002","D_obs",6083,4307,0,5
"19003","D_obs",6083,4308,0,4
"19004","D_obs",6083,4309,0,7
"19005","D_obs",6083,4310,0,5
"19006","D_obs",6083,4311,0,9
"19007","D_obs",6083,4312,0,10
"19008","D_obs",6083,4313,0,4
"19009","D_obs",6083,4314,0,6
"19010","D_obs",6083,4315,0,4
"19011","D_obs",6083,4316,0,9
"19012","D_obs",6083,4317,0,5
"19013","D_obs",6083,4318,0,4
"19014","D_obs",6083,4319,0,5
"19015","D_obs",6083,4320,0,4
"19016","D_obs",6083,4321,0,3
"19017","D_obs",6083,4322,0,4
"19018","D_obs",6083,4323,0,5
"19019","D_obs",6083,4324,0,4
"19020","D_obs",6083,4325,0,3
"19021","D_obs",6083,4326,0,2
"19022","D_obs",6083,4327,0,3
"19023","D_obs",6083,4328,0,8
"19024","D_obs",6083,4329,0,4
"19025","D_obs",6083,4330,0,6
"19026","D_obs",6083,4331,0,9
"19027","D_obs",6083,4332,0,8
"19028","D_obs",6083,4333,0,10
"19029","D_obs",6083,4334,0,10
"19030","D_obs",6083,4335,0,5
"19031","D_obs",6083,4336,0,3
"19032","D_obs",6083,4337,0,5
"19033","D_obs",6083,4338,0,6
"19034","D_obs",6083,4339,0,6
"19035","D_obs",6083,4340,0,6
"19036","D_obs",6083,4341,0,7
"19037","D_obs",6083,4342,0,1
"19038","D_obs",6083,4343,0,6
"19039","D_obs",6083,4344,0,7
"19040","D_obs",6083,4345,0,2
"19041","D_obs",6083,4346,0,7
"19042","D_obs",6083,4347,0,5
"19043","D_obs",6083,4348,0,2
"19044","D_obs",6083,4349,0,3
"19045","D_obs",6083,4350,0,5
"19046","D_obs",6083,4351,0,1
"19047","D_obs",6083,4352,0,7
"19048","D_obs",6083,4353,0,2
"19049","D_obs",6083,4354,0,3
"19050","D_obs",6083,4355,0,8
"19051","D_obs",6083,4356,0,5
"19052","D_obs",6083,4357,0,6
"19053","D_obs",6083,4358,0,4
"19054","D_obs",6083,4359,0,1
"19055","D_obs",6083,4360,0,3
"19056","D_obs",6083,4361,0,2
"19057","D_obs",6083,4362,0,2
"19058","D_obs",6083,4363,0,1
"19059","D_obs",6083,4364,0,1
"19060","D_obs",6083,4365,0,3
"19061","D_obs",6083,4366,0,2
"19062","D_obs",6083,4367,0,4
"19063","D_obs",6083,4368,0,5
"19064","D_obs",6083,4369,0,3
"19065","D_obs",6083,4370,0,2
"19066","D_obs",6083,4371,0,1
"19067","D_obs",6083,4372,0,1
"19068","D_obs",6083,4373,0,1
"19069","D_obs",6083,4374,0,2
"19070","D_obs",6083,4375,0,0
"19071","D_obs",6083,4376,0,1
"19072","D_obs",6083,4377,0,1
"19073","D_obs",6083,4378,0,1
"19074","D_obs",6083,4379,0,3
"19075","D_obs",6083,4380,0,3
"19076","D_obs",6083,4381,0,2
"19077","D_obs",6083,4382,0,3
"19078","D_obs",6083,4383,0,1
"19079","D_obs",6083,4384,0,0
"19080","D_obs",6083,4385,0,3
"19081","D_obs",6083,4386,0,0
"19082","D_obs",6083,4387,0,2
"19083","D_obs",6083,4388,0,1
"19084","D_obs",6083,4389,0,1
"19085","D_obs",6083,4390,0,2
"19086","D_obs",6083,4391,0,1
"19087","D_obs",6083,4392,0,0
"19088","D_obs",6083,4393,0,3
"19089","D_obs",6083,4394,0,1
"19090","D_obs",6083,4395,0,0
"19091","D_obs",6083,4396,0,2
"19092","D_obs",6083,4397,0,1
"19093","D_obs",6083,4398,0,5
"19094","D_obs",6083,4399,0,3
"19095","D_obs",6083,4400,0,0
"19096","D_obs",6083,4401,0,1
"19097","D_obs",6083,4402,0,1
"19098","D_obs",6083,4403,0,3
"19099","D_obs",6083,4404,0,2
"19100","D_obs",6083,4405,0,2
"19101","D_obs",6083,4406,0,2
"19102","D_obs",6083,4407,0,5
"19103","D_obs",6083,4408,0,1
"19104","D_obs",6083,4409,0,2
"19105","D_obs",6083,4410,0,2
"19106","D_obs",6083,4411,0,1
"19107","D_obs",6083,4412,0,0
"19108","D_obs",6083,4413,0,0
"19109","D_obs",6083,4414,0,0
"19110","D_obs",6083,4415,0,3
"19111","D_obs",6083,4416,0,1
"19112","D_obs",6083,4417,0,1
"19113","D_obs",6083,4418,0,1
"19114","D_obs",6083,4419,0,2
"19115","D_obs",6083,4420,0,0
"19116","D_obs",6083,4421,0,3
"19117","D_obs",6083,4422,0,2
"19118","D_obs",6083,4423,0,1
"19119","D_obs",6083,4424,0,2
"19120","D_obs",6083,4425,0,1
"19121","D_obs",6083,4426,0,2
"19122","D_obs",6083,4427,0,0
"19123","D_obs",6083,4428,0,1
"19124","D_obs",6083,4429,0,1
"19125","D_obs",6083,4430,0,2
"19126","D_obs",6083,4431,0,0
"19127","D_obs",6083,4432,0,0
"19128","D_obs",6083,4433,0,3
"19129","D_obs",6083,4434,0,3
"19130","D_obs",6083,4435,0,2
"19131","D_obs",6083,4436,0,1
"19132","D_obs",6083,4437,0,1
"19133","D_obs",6083,4438,0,3
"19134","D_obs",6083,4439,0,4
"19135","D_obs",6083,4440,0,2
"19136","D_obs",6083,4441,0,3
"19137","D_obs",6083,4442,0,3
"19138","D_obs",6083,4443,0,0
"19139","D_obs",6083,4444,0,1
"19140","D_obs",6083,4445,0,3
"19141","D_obs",6083,4446,0,1
"19142","D_obs",6083,4447,0,3
"19143","D_obs",6083,4448,0,3
"19144","D_obs",6083,4449,0,3
"19145","D_obs",6083,4450,0,2
"19146","D_obs",6083,4451,0,3
"19147","D_obs",6083,4452,0,0
"19148","D_obs",6083,4453,0,2
"19149","D_obs",6083,4454,0,2
"19150","D_obs",6083,4455,0,0
"19151","D_obs",6083,4456,0,2
"19152","D_obs",6083,4457,0,3
"19153","D_obs",6083,4458,0,2
"19154","D_obs",6083,4459,0,0
"19155","D_obs",6083,4460,0,2
"19156","D_obs",6083,4461,0,4
"19157","D_obs",6083,4462,0,1
"19158","D_obs",6083,4463,0,0
"19159","D_obs",6083,4464,0,2
"19160","D_obs",6083,4465,0,1
"19161","D_obs",6083,4466,0,0
"19162","D_obs",6083,4467,0,1
"19163","D_obs",6083,4468,0,2
"19164","D_obs",6083,4469,0,2
"19165","D_obs",6083,4470,0,2
"19166","D_obs",6083,4471,0,3
"19167","D_obs",6083,4472,0,5
"19168","D_obs",6083,4473,0,2
"19169","D_obs",6083,4474,0,1
"19170","D_obs",6083,4475,0,2
"19171","D_obs",6083,4476,0,0
"19172","D_obs",6083,4477,0,0
"19173","D_obs",6083,4478,0,1
"19174","D_obs",6083,4479,0,3
"19175","D_obs",6083,4480,0,3
"19176","D_obs",6083,4481,0,1
"19177","D_obs",6083,4482,0,2
"19178","D_obs",6083,4483,0,2
"19179","D_obs",6083,4484,0,3
"19180","D_obs",6083,4485,0,5
"19181","D_obs",6083,4486,0,5
"19182","D_obs",6083,4487,0,9
"19183","D_obs",6083,4488,0,5
"19184","D_obs",6083,4489,0,2
"19185","D_obs",6083,4490,0,2
"19186","D_obs",6083,4491,0,6
"19187","D_obs",6083,4492,0,4
"19188","D_obs",6083,4493,0,2
"19189","D_obs",6083,4494,0,2
"19190","D_obs",6083,4495,0,1
"19191","D_obs",6083,4496,0,0
"19192","D_obs",6083,4497,0,3
"19193","D_obs",6083,4498,0,2
"19194","D_obs",6083,4499,0,1
"19195","D_obs",6083,4500,0,4
"19196","D_obs",6083,4501,0,0
"19197","D_obs",6083,4502,0,6
"19198","D_obs",6083,4503,0,7
"19199","D_obs",6083,4504,0,5
"19200","D_obs",6083,4505,0,5
"19201","D_obs",6083,4506,0,4
"19202","D_obs",6083,4507,0,3
"19203","D_obs",6083,4508,0,2
"19204","D_obs",6083,4509,0,4
"19205","D_obs",6083,4510,0,4
"19206","D_obs",6083,4511,0,2
"19207","D_obs",6083,4512,0,2
"19208","D_obs",6083,4513,0,0
"19209","D_obs",6083,4514,0,2
"19210","D_obs",6083,4515,0,3
"19211","D_obs",6083,4516,0,4
"19212","D_obs",6083,4517,0,3
"19213","D_obs",6083,4518,0,1
"19214","D_obs",6083,4519,0,1
"19215","D_obs",6083,4520,0,2
"19216","D_obs",6083,4521,0,2
"19217","D_obs",6083,4522,0,6
"19218","D_obs",6083,4523,0,2
"19219","D_obs",6083,4524,0,1
"19220","D_obs",6083,4525,0,4
"19221","D_obs",6083,4526,0,1
"19222","D_obs",6083,4527,0,0
"19223","D_obs",6083,4528,0,0
"19224","D_obs",6083,4529,0,2
"19225","D_obs",6083,4530,0,0
"19226","D_obs",6083,4531,0,4
"19227","D_obs",6083,4532,0,2
"19228","D_obs",6083,4533,0,4
"19229","D_obs",6083,4534,0,4
"19230","D_obs",6083,4535,0,2
"19231","D_obs",6083,4536,0,2
"19232","D_obs",6083,4537,0,3
"19233","D_obs",6083,4538,0,5
"19234","D_obs",6083,4539,0,0
"19235","D_obs",6083,4540,0,2
"19236","D_obs",6083,4541,0,2
"19237","D_obs",6083,4542,0,2
"19238","D_obs",6083,4543,0,2
"19239","D_obs",6083,4544,0,6
"19240","D_obs",6083,4545,0,3
"19241","D_obs",6083,4546,0,5
"19242","D_obs",6083,4547,0,4
"19243","D_obs",6083,4548,0,5
"19244","D_obs",6083,4549,0,4
"19245","D_obs",6083,4550,0,7
"19246","D_obs",6083,4551,0,3
"19247","D_obs",6083,4552,0,5
"19248","D_obs",6083,4553,0,9
"19249","D_obs",6083,4554,0,3
"19250","D_obs",6083,4555,0,0
"19251","D_obs",6083,4556,0,3
"19252","D_obs",6083,4557,0,9
"19253","D_obs",6083,4558,0,5
"19254","D_obs",6083,4559,0,5
"19255","D_obs",6083,4560,0,3
"19256","D_obs",6083,4561,0,2
"19257","D_obs",6083,4562,0,6
"19258","D_obs",6083,4563,0,4
"19259","D_obs",6083,4564,0,4
"19260","D_obs",6083,4565,0,4
"19261","D_obs",6083,4566,0,4
"19262","D_obs",6083,4567,0,1
"19263","D_obs",6083,4568,0,3
"19264","D_obs",6083,4569,0,3
"19265","D_obs",6083,4570,0,3
"19266","D_obs",6083,4571,0,3
"19267","D_obs",6083,4572,0,2
"19268","D_obs",6083,4573,0,0
"19269","D_obs",6083,4574,0,2
"19270","D_obs",6083,4575,0,3
"19271","D_obs",6083,4576,0,2
"19272","D_obs",6083,4577,0,1
"19273","D_obs",6083,4578,0,3
"19274","D_obs",6083,4579,0,1
"19275","D_obs",6083,4580,0,2
"19276","D_obs",6083,4581,0,0
"19277","D_obs",6083,4582,0,5
"19278","D_obs",6083,4583,0,2
"19279","D_obs",6083,4584,0,5
"19280","D_obs",6083,4585,0,2
"19281","D_obs",6083,4586,0,1
"19282","D_obs",6083,4587,0,11
"19283","D_obs",6083,4588,0,3
"19284","D_obs",6083,4589,0,2
"19285","D_obs",6083,4590,0,6
"19286","D_obs",6083,4591,0,3
"19287","D_obs",6083,4592,0,3
"19288","D_obs",6083,4593,0,7
"19289","D_obs",6083,4594,0,7
"19290","D_obs",6083,4595,0,7
"19291","D_obs",6083,4596,0,4
"19292","D_obs",6083,4597,0,6
"19293","D_obs",6083,4598,0,11
"19294","D_obs",6083,4599,0,5
"19295","D_obs",6083,4600,0,8
"19296","D_obs",6083,4601,0,8
"19297","D_obs",6083,4602,0,2
"19298","D_obs",6083,4603,0,5
"19299","D_obs",6083,4604,0,8
"19300","D_obs",6083,4605,0,8
"19301","D_obs",6083,4606,0,7
"19302","D_obs",6083,4607,0,7
"19303","D_obs",6083,4608,0,6
"19304","D_obs",6083,4609,0,6
"19305","D_obs",6083,4610,0,3
"19306","D_obs",6083,4611,0,9
"19307","D_obs",6083,4612,0,6
"19308","D_obs",6083,4613,0,6
"19309","D_obs",6083,4614,0,5
"19310","D_obs",6083,4615,0,5
"19311","D_obs",6083,4616,0,3
"19312","D_obs",6083,4617,0,7
"19313","D_obs",6083,4618,0,7
"19314","D_obs",6083,4619,0,5
"19315","D_obs",6083,4620,0,6
"19316","D_obs",6083,4621,0,4
"19317","D_obs",6083,4622,0,9
"19318","D_obs",6083,4623,0,4
"19319","D_obs",6083,4624,0,8
"19320","D_obs",6083,4625,0,6
"19321","D_obs",6083,4626,0,6
"19322","D_obs",6083,4627,0,2
"19323","D_obs",6083,4628,0,6
"19324","D_obs",6083,4629,0,4
"19325","D_obs",6083,4630,0,3
"19326","D_obs",6083,4631,0,3
"19327","D_obs",6083,4632,0,1
"19328","D_obs",6083,4633,0,2
"19329","D_obs",6083,4634,0,3
"19330","D_obs",6083,4635,0,4
"19331","D_obs",6083,4636,0,7
"19332","D_obs",6083,4637,0,2
"19333","D_obs",6083,4638,0,2
"19334","D_obs",6083,4639,0,6
"19335","D_obs",6083,4640,0,6
"19336","D_obs",6083,4641,0,1
"19337","D_obs",6083,4642,0,9
"19338","D_obs",6083,4643,0,4
"19339","D_obs",6083,4644,0,6
"19340","D_obs",6083,4645,0,9
"19341","D_obs",6083,4646,0,4
"19342","D_obs",6083,4647,0,9
"19343","D_obs",6083,4648,0,7
"19344","D_obs",6083,4649,0,7
"19345","D_obs",6083,4650,0,9
"19346","D_obs",6083,4651,0,7
"19347","D_obs",6083,4652,0,11
"19348","D_obs",6083,4653,0,13
"19349","D_obs",6083,4654,0,19
"19350","D_obs",6083,4655,0,17
"19351","D_obs",6083,4656,0,9
"19352","D_obs",6083,4657,0,13
"19353","D_obs",6083,4658,0,5
"19354","D_obs",6083,4659,0,12
"19355","D_obs",6083,4660,0,9
"19356","D_obs",6083,4661,0,7
"19357","D_obs",6083,4662,0,5
"19358","D_obs",6083,4663,0,6
"19359","D_obs",6083,4664,0,6
"19360","D_obs",6083,4665,0,10
"19361","D_obs",6083,4666,0,7
"19362","D_obs",6083,4667,0,6
"19363","D_obs",6083,4668,0,9
"19364","D_obs",6083,4669,0,5
"19365","D_obs",6083,4670,0,6
"19366","D_obs",6083,4671,0,7
"19367","D_obs",6083,4672,0,6
"19368","D_obs",6083,4673,0,12
"19369","D_obs",6083,4674,0,6
"19370","D_obs",6083,4675,0,3
"19371","D_obs",6083,4676,0,6
"19372","D_obs",6083,4677,0,5
"19373","D_obs",6083,4678,0,1
"19374","D_obs",6083,4679,0,3
"19375","D_obs",6083,4680,0,5
"19376","D_obs",6083,4681,0,5
"19377","D_obs",6083,4682,0,5
"19378","D_obs",6083,4683,0,2
"19379","D_obs",6083,4684,0,4
"19380","D_obs",6083,4685,0,4
"19381","D_obs",6083,4686,0,5
"19382","D_obs",6083,4687,0,2
"19383","D_obs",6083,4688,0,6
"19384","D_obs",6083,4689,0,1
"19385","D_obs",6083,4690,0,0
"19386","D_obs",6083,4691,0,1
"19387","D_obs",6083,4692,0,2
"19388","D_obs",6083,4693,0,2
"19389","D_obs",6083,4694,0,5
"19390","D_obs",6083,4695,0,2
"19391","D_obs",6083,4696,0,3
"19392","D_obs",6083,4697,0,4
"19393","D_obs",6083,4698,0,2
"19394","D_obs",6083,4699,0,6
"19395","D_obs",6083,4700,0,2
"19396","D_obs",6083,4701,0,4
"19397","D_obs",6083,4702,0,2
"19398","D_obs",6083,4703,0,5
"19399","D_obs",6083,4704,0,7
"19400","D_obs",6083,4705,0,4
"19401","D_obs",6083,4706,0,6
"19402","D_obs",6083,4707,0,2
"19403","D_obs",6083,4708,0,3
"19404","D_obs",6083,4709,0,3
"19405","D_obs",6083,4710,0,2
"19406","D_obs",6083,4711,0,0
"19407","D_obs",6083,4712,0,0
"19408","D_obs",6083,4713,0,3
"19409","D_obs",6083,4714,0,5
"19410","D_obs",6083,4715,0,1
"19411","D_obs",6083,4716,0,5
"19412","D_obs",6083,4717,0,1
"19413","D_obs",6083,4718,0,0
"19414","D_obs",6083,4719,0,0
"19415","D_obs",6083,4720,0,5
"19416","D_obs",6083,4721,0,3
"19417","D_obs",6083,4722,0,0
"19418","D_obs",6083,4723,0,3
"19419","D_obs",6083,4724,0,2
"19420","D_obs",6083,4725,0,2
"19421","D_obs",6083,4726,0,1
"19422","D_obs",6083,4727,0,0
"19423","D_obs",6083,4728,0,2
"19424","D_obs",6083,4729,0,3
"19425","D_obs",6083,4730,0,2
"19426","D_obs",6083,4731,0,2
"19427","D_obs",6083,4732,0,4
"19428","D_obs",6083,4733,0,1
"19429","D_obs",6083,4734,0,2
"19430","D_obs",6083,4735,0,3
"19431","D_obs",6083,4736,0,3
"19432","D_obs",6083,4737,0,0
"19433","D_obs",6083,4738,0,1
"19434","D_obs",6083,4739,0,2
"19435","D_obs",6083,4740,0,2
"19436","D_obs",6083,4741,0,2
"19437","D_obs",6083,4742,0,2
"19438","D_obs",6083,4743,0,2
"19439","D_obs",6083,4744,0,4
"19440","D_obs",6083,4745,0,2
"19441","D_obs",6083,4746,0,2
"19442","D_obs",6083,4747,0,3
"19443","D_obs",6083,4748,0,1
"19444","D_obs",6083,4749,0,4
"19445","D_obs",6083,4750,0,0
"19446","D_obs",6083,4751,0,3
"19447","D_obs",6083,4752,0,2
"19448","D_obs",6083,4753,0,2
"19449","D_obs",6083,4754,0,3
"19450","D_obs",6083,4755,0,2
"19451","D_obs",6083,4756,0,0
"19452","D_obs",6083,4757,0,4
"19453","D_obs",6083,4758,0,1
"19454","D_obs",6083,4759,0,7
"19455","D_obs",6083,4760,0,5
"19456","D_obs",6083,4761,0,1
"19457","D_obs",6083,4762,0,3
"19458","D_obs",6083,4763,0,2
"19459","D_obs",6083,4764,0,2
"19460","D_obs",6083,4765,0,3
"19461","D_obs",6083,4766,0,3
"19462","D_obs",6083,4767,0,4
"19463","D_obs",6083,4768,0,2
"19464","D_obs",6083,4769,0,1
"19465","D_obs",6083,4770,0,1
"19466","D_obs",6083,4771,0,2
"19467","D_obs",6083,4772,0,3
"19468","D_obs",6083,4773,0,2
"19469","D_obs",6083,4774,0,3
"19470","D_obs",6083,4775,0,3
"19471","D_obs",6083,4776,0,6
"19472","D_obs",6083,4777,0,0
"19473","D_obs",6083,4778,0,1
"19474","D_obs",6083,4779,0,3
"19475","D_obs",6083,4780,0,2
"19476","D_obs",6083,4781,0,3
"19477","D_obs",6083,4782,0,3
"19478","D_obs",6083,4783,0,2
"19479","D_obs",6083,4784,0,1
"19480","D_obs",6083,4785,0,2
"19481","D_obs",6083,4786,0,1
"19482","D_obs",6083,4787,0,4
"19483","D_obs",6083,4788,0,1
"19484","D_obs",6083,4789,0,2
"19485","D_obs",6083,4790,0,0
"19486","D_obs",6083,4791,0,3
"19487","D_obs",6083,4792,0,2
"19488","D_obs",6083,4793,0,3
"19489","D_obs",6083,4794,0,4
"19490","D_obs",6083,4795,0,1
"19491","D_obs",6083,4796,0,2
"19492","D_obs",6083,4797,0,1
"19493","D_obs",6083,4798,0,1
"19494","D_obs",6083,4799,0,3
"19495","D_obs",6083,4800,0,2
"19496","D_obs",6083,4801,0,0
"19497","D_obs",6083,4802,0,3
"19498","D_obs",6083,4803,0,5
"19499","D_obs",6083,4804,0,1
"19500","D_obs",6083,4805,0,1
"19501","D_obs",6083,4806,0,5
"19502","D_obs",6083,4807,0,3
"19503","D_obs",6083,4808,0,3
"19504","D_obs",6083,4809,0,3
"19505","D_obs",6083,4810,0,4
"19506","D_obs",6083,4811,0,2
"19507","D_obs",6083,4812,0,1
"19508","D_obs",6083,4813,0,3
"19509","D_obs",6083,4814,0,3
"19510","D_obs",6083,4815,0,1
"19511","D_obs",6083,4816,0,2
"19512","D_obs",6083,4817,0,0
"19513","D_obs",6083,4818,0,2
"19514","D_obs",6083,4819,0,1
"19515","D_obs",6083,4820,0,0
"19516","D_obs",6083,4821,0,2
"19517","D_obs",6083,4822,0,0
"19518","D_obs",6083,4823,0,4
"19519","D_obs",6083,4824,0,3
"19520","D_obs",6083,4825,0,3
"19521","D_obs",6083,4826,0,3
"19522","D_obs",6083,4827,0,2
"19523","D_obs",6083,4828,0,3
"19524","D_obs",6083,4829,0,3
"19525","D_obs",6083,4830,0,3
"19526","D_obs",6083,4831,0,4
"19527","D_obs",6083,4832,0,3
"19528","D_obs",6083,4833,0,1
"19529","D_obs",6083,4834,0,0
"19530","D_obs",6083,4835,0,3
"19531","D_obs",6083,4836,0,1
"19532","D_obs",6083,4837,0,3
"19533","D_obs",6083,4838,0,0
"19534","D_obs",6083,4839,0,1
"19535","D_obs",6083,4840,0,0
"19536","D_obs",6083,4841,0,4
"19537","D_obs",6083,4842,0,2
"19538","D_obs",6083,4843,0,0
"19539","D_obs",6083,4844,0,0
"19540","D_obs",6083,4845,0,0
"19541","D_obs",6083,4846,0,0
"19542","D_obs",6083,4847,0,1
"19543","D_obs",6083,4848,0,3
"19544","D_obs",6083,4849,0,3
"19545","D_obs",6083,4850,0,3
"19546","D_obs",6083,4851,0,3
"19547","D_obs",6083,4852,0,0
"19548","D_obs",6083,4853,0,1
"19549","D_obs",6083,4854,0,1
"19550","D_obs",6083,4855,0,4
"19551","D_obs",6083,4856,0,3
"19552","D_obs",6083,4857,0,2
"19553","D_obs",6083,4858,0,4
"19554","D_obs",6083,4859,0,2
"19555","D_obs",6083,4860,0,2
"19556","D_obs",6083,4861,0,1
"19557","D_obs",6083,4862,0,2
"19558","D_obs",6083,4863,0,1
"19559","D_obs",6083,4864,0,3
"19560","D_obs",6083,4865,0,1
"19561","D_obs",6083,4866,0,4
"19562","D_obs",6083,4867,0,2
"19563","D_obs",6083,4868,0,3
"19564","D_obs",6083,4869,0,2
"19565","D_obs",6083,4870,0,3
"19566","D_obs",6083,4871,0,3
"19567","D_obs",6083,4872,0,2
"19568","D_obs",6083,4873,0,3
"19569","D_obs",6083,4874,0,2
"19570","D_obs",6083,4875,0,1
"19571","D_obs",6083,4876,0,3
"19572","D_obs",6083,4877,0,1
"19573","D_obs",6083,4878,0,1
"19574","D_obs",6083,4879,0,2
"19575","D_obs",6083,4880,0,2
"19576","D_obs",6083,4881,0,2
"19577","D_obs",6083,4882,0,2
"19578","D_obs",6083,4883,0,2
"19579","D_obs",6083,4884,0,2
"19580","D_obs",6083,4885,0,4
"19581","D_obs",6083,4886,0,2
"19582","D_obs",6083,4887,0,0
"19583","D_obs",6083,4888,0,0
"19584","D_obs",6083,4889,0,3
"19585","D_obs",6083,4890,0,0
"19586","D_obs",6083,4891,0,0
"19587","D_obs",6083,4892,0,0
"19588","D_obs",6083,4893,0,1
"19589","D_obs",6083,4894,0,1
"19590","D_obs",6083,4895,0,2
"19591","D_obs",6083,4896,0,4
"19592","D_obs",6083,4897,0,0
"19593","D_obs",6083,4898,0,1
"19594","D_obs",6083,4899,0,1
"19595","D_obs",6083,4900,0,0
"19596","D_obs",6083,4901,0,1
"19597","D_obs",6083,4902,0,0
"19598","D_obs",6083,4903,0,2
"19599","D_obs",6083,4904,0,0
"19600","D_obs",6083,4905,0,0
"19601","D_obs",6083,4906,0,1
"19602","D_obs",6083,4907,0,0
"19603","D_obs",6083,4908,0,1
"19604","D_obs",6083,4909,0,2
"19605","D_obs",6083,4910,0,3
"19606","D_obs",6083,4911,0,2
"19607","D_obs",6083,4912,0,0
"19608","D_obs",6083,4913,0,2
"19609","D_obs",6083,4914,0,0
"19610","D_obs",6083,4915,0,2
"19611","D_obs",6083,4916,0,1
"19612","D_obs",6083,4917,0,2
"19613","D_obs",6083,4918,0,5
"19614","D_obs",6083,4919,0,1
"19615","D_obs",6083,4920,0,1
"19616","D_obs",6083,4921,0,1
"19617","D_obs",6083,4922,0,1
"19618","D_obs",6083,4923,0,1
"19619","D_obs",6083,4924,0,0
"19620","D_obs",6083,4925,0,2
"19621","D_obs",6083,4926,0,1
"19622","D_obs",6083,4927,0,0
"19623","D_obs",6083,4928,0,3
"19624","D_obs",6083,4929,0,1
"19625","D_obs",6083,4930,0,1
"19626","D_obs",6083,4931,0,1
"19627","D_obs",6083,4932,0,0
"19628","D_obs",6083,4933,0,0
"19629","D_obs",6083,4934,0,5
"19630","D_obs",6083,4935,0,1
"19631","D_obs",6083,4936,0,1
"19632","D_obs",6083,4937,0,1
"19633","D_obs",6083,4938,0,0
"19634","D_obs",6083,4939,0,3
"19635","D_obs",6083,4940,0,0
"19636","D_obs",6083,4941,0,1
"19637","D_obs",6083,4942,0,3
"19638","D_obs",6083,4943,0,1
"19639","D_obs",6083,4944,0,0
"19640","D_obs",6083,4945,0,0
"19641","D_obs",6083,4946,0,5
"19642","D_obs",6083,4947,0,2
"19643","D_obs",6083,4948,0,1
"19644","D_obs",6083,4949,0,0
"19645","D_obs",6083,4950,0,0
"19646","D_obs",6083,4951,0,0
"19647","D_obs",6083,4952,0,0
"19648","D_obs",6083,4953,0,2
"19649","D_obs",6083,4954,0,1
"19650","D_obs",6083,4955,0,0
"19651","D_obs",6083,4956,0,0
"19652","D_obs",6083,4957,0,2
"19653","D_obs",6083,4958,0,0
"19654","D_obs",6083,4959,0,0
"19655","D_obs",6083,4960,0,0
"19656","D_obs",6083,4961,0,3
"19657","D_obs",6083,4962,0,5
"19658","D_obs",6083,4963,0,2
"19659","D_obs",6083,4964,0,1
"19660","D_obs",6083,4965,0,0
"19661","D_obs",6083,4966,0,1
"19662","D_obs",6083,4967,0,2
"19663","D_obs",6083,4968,0,1
"19664","D_obs",6083,4969,0,0
"19665","D_obs",6083,4970,0,1
"19666","D_obs",6083,4971,0,2
"19667","D_obs",6083,4972,0,4
"19668","D_obs",6083,4973,0,3
"19669","D_obs",6083,4974,0,1
"19670","D_obs",6083,4975,0,6
"19671","D_obs",6083,4976,0,2
"19672","D_obs",6083,4977,0,0
"19673","D_obs",6083,4978,0,2
"19674","D_obs",6083,4979,0,1
"19675","D_obs",6083,4980,0,1
"19676","D_obs",6083,4981,0,2
"19677","D_obs",6083,4982,0,1
"19678","D_obs",6083,4983,0,3
"19679","D_obs",6083,4984,0,1
"19680","D_obs",6083,4985,0,1
"19681","D_obs",6083,4986,0,1
"19682","D_obs",6083,4987,0,1
"19683","D_obs",6083,4988,0,2
"19684","D_obs",6083,4989,0,2
"19685","D_obs",6083,4990,0,4
"19686","D_obs",6083,4991,0,0
"19687","D_obs",6083,4992,0,0
"19688","D_obs",6083,4993,0,0
"19689","D_obs",6083,4994,0,3
"19690","D_obs",6083,4995,0,1
"19691","D_obs",6083,4996,0,2
"19692","D_obs",6083,4997,0,1
"19693","D_obs",6083,4998,0,0
"19694","D_obs",6083,4999,0,1
"19695","D_obs",6083,5000,0,5
"19696","D_obs",6083,5001,0,0
"19697","D_obs",6083,5002,0,1
"19698","D_obs",6083,5003,0,0
"19699","D_obs",6083,5004,0,3
"19700","D_obs",6083,5005,0,0
"19701","D_obs",6083,5006,0,3
"19702","D_obs",6083,5007,0,2
"19703","D_obs",6083,5008,0,2
"19704","D_obs",6083,5009,0,0
"19705","D_obs",6083,5010,0,2
"19706","D_obs",6083,5011,0,0
"19707","D_obs",6083,5012,0,1
"19708","D_obs",6083,5013,0,1
"19709","D_obs",6083,5014,0,2
"19710","D_obs",6083,5015,0,2
"19711","D_obs",6083,5016,0,0
"19712","D_obs",6083,5017,0,1
"19713","D_obs",6083,5018,0,4
"19714","D_obs",6083,5019,0,2
"19715","D_obs",6083,5020,0,2
"19716","D_obs",6083,5021,0,0
"19717","D_obs",6083,5022,0,2
"19718","D_obs",6083,5023,0,4
"19719","D_obs",6083,5024,0,1
"19720","D_obs",6083,5025,0,3
"19721","D_obs",6083,5026,0,4
"19722","D_obs",6083,5027,0,3
"19723","D_obs",6083,5028,0,1
"19724","D_obs",6083,5029,0,0
"19725","D_obs",6083,5030,0,2
"19726","D_obs",6083,5031,0,1
"19727","D_obs",6083,5032,0,2
"19728","D_obs",6083,5033,0,1
"19729","D_obs",6083,5034,0,0
"19730","D_obs",6083,5035,0,0
"19731","D_obs",6083,5036,0,1
"19732","D_obs",6083,5037,0,1
"19733","D_obs",6083,5038,0,1
"19734","D_obs",6083,5039,0,2
"19735","D_obs",6083,5040,0,1
"19736","D_obs",6083,5041,0,2
"19737","D_obs",6083,5042,0,0
"19738","D_obs",6083,5043,0,1
"19739","D_obs",6083,5044,0,0
"19740","D_obs",6083,5045,0,2
"19741","D_obs",6083,5046,0,0
"19742","D_obs",6083,5047,0,3
"19743","D_obs",6083,5048,0,0
"19744","D_obs",6083,5049,0,0
"19745","D_obs",6083,5050,0,1
"19746","D_obs",6083,5051,0,1
"19747","D_obs",6083,5052,0,2
"19748","D_obs",6083,5053,0,0
"19749","D_obs",6083,5054,0,0
"19750","D_obs",6083,5055,0,2
"19751","D_obs",6083,5056,0,0
"19752","D_obs",6083,5057,0,1
"19753","D_obs",6083,5058,0,1
"19754","D_obs",6083,5059,0,2
"19755","D_obs",6083,5060,0,0
"19756","D_obs",6083,5061,0,0
"19757","D_obs",6083,5062,0,4
"19758","D_obs",6083,5063,0,1
"19759","D_obs",6083,5064,0,2
"19760","D_obs",6083,5065,0,2
"19761","D_obs",6083,5066,0,4
"19762","D_obs",6083,5067,0,2
"19763","D_obs",6083,5068,0,1
"19764","D_obs",6083,5069,0,5
"19765","D_obs",6083,5070,0,1
"19766","D_obs",6083,5071,0,2
"19767","D_obs",6083,5072,0,3
"19768","D_obs",6083,5073,0,2
"19769","D_obs",6083,5074,0,4
"19770","D_obs",6083,5075,0,2
"19771","D_obs",6083,5076,0,4
"19772","D_obs",6083,5077,0,2
"19773","D_obs",6083,5078,0,2
"19774","D_obs",6083,5079,0,4
"19775","D_obs",6083,5080,0,6
"19776","D_obs",6083,5081,0,5
"19777","D_obs",6083,5082,0,5
"19778","D_obs",6083,5083,0,1
"19779","D_obs",6083,5084,0,5
"19780","D_obs",6083,5085,0,1
"19781","D_obs",6083,5086,0,5
"19782","D_obs",6083,5087,0,0
"19783","D_obs",6083,5088,0,3
"19784","D_obs",6083,5089,0,3
"19785","D_obs",6083,5090,0,2
"19786","D_obs",6083,5091,0,2
"19787","D_obs",6083,5092,0,4
"19788","D_obs",6083,5093,0,3
"19789","D_obs",6083,5094,0,3
"19790","D_obs",6083,5095,0,2
"19791","D_obs",6083,5096,0,2
"19792","D_obs",6083,5097,0,0
"19793","D_obs",6083,5098,0,2
"19794","D_obs",6083,5099,0,1
"19795","D_obs",6083,5100,0,3
"19796","D_obs",6083,5101,0,0
"19797","D_obs",6083,5102,0,1
"19798","D_obs",6083,5103,0,0
"19799","D_obs",6083,5104,0,1
"19800","D_obs",6083,5105,0,2
"19801","D_obs",6083,5106,0,1
"19802","D_obs",6083,5107,0,1
"19803","D_obs",6083,5108,0,0
"19804","D_obs",6083,5109,0,2
"19805","D_obs",6083,5110,0,3
"19806","D_obs",6083,5111,0,0
"19807","D_obs",6083,5112,0,0
"19808","D_obs",6083,5113,0,1
"19809","D_obs",6083,5114,0,1
"19810","D_obs",6083,5115,0,0
"19811","D_obs",6083,5116,0,0
"19812","D_obs",6083,5117,0,0
"19813","D_obs",6083,5118,0,2
"19814","D_obs",6083,5119,0,0
"19815","D_obs",6083,5120,0,0
"19816","D_obs",6083,5121,0,2
"19817","D_obs",6083,5122,0,8
"19818","D_obs",6083,5123,0,0
"19819","D_obs",6083,5124,0,5
"19820","D_obs",6083,5125,0,1
"19821","D_obs",6083,5126,0,1
"19822","D_obs",6083,5127,0,1
"19823","D_obs",6083,5128,0,3
"19824","D_obs",6083,5129,0,2
"19825","D_obs",6083,5130,0,0
"19826","D_obs",6083,5131,0,2
"19827","D_obs",6083,5132,0,0
"19828","D_obs",6083,5133,0,0
"19829","D_obs",6083,5134,0,1
"19830","D_obs",6083,5135,0,3
"19831","D_obs",6083,5136,0,3
"19832","D_obs",6083,5137,0,1
"19833","D_obs",6083,5138,0,2
"19834","D_obs",6083,5139,0,0
"19835","D_obs",6083,5140,0,0
"19836","D_obs",6083,5141,0,2
"19837","D_obs",6083,5142,0,1
"19838","D_obs",6083,5143,0,2
"19839","D_obs",6083,5144,0,2
"19840","D_obs",6083,5145,0,0
"19841","D_obs",6083,5146,0,0
"19842","D_obs",6083,5147,0,1
"19843","D_obs",6083,5148,0,1
"19844","D_obs",6083,5149,0,1
"19845","D_obs",6083,5150,0,2
"19846","D_obs",6083,5151,0,0
"19847","D_obs",6083,5152,0,1
"19848","D_obs",6083,5153,0,0
"19849","D_obs",6083,5154,0,1
"19850","D_obs",6083,5155,0,1
"19851","D_obs",6083,5156,0,0
"19852","D_obs",6083,5157,0,2
"19853","D_obs",6083,5158,0,1
"19854","D_obs",6083,5159,0,0
"19855","D_obs",6083,5160,0,0
"19856","D_obs",6083,5161,0,0
"19857","D_obs",6083,5162,0,1
"19858","D_obs",6083,5163,0,3
"19859","D_obs",6083,5164,0,3
"19860","D_obs",6083,5165,0,1
"19861","D_obs",6083,5166,0,1
"19862","D_obs",6083,5167,0,2
"19863","D_obs",6083,5168,0,1
"19864","D_obs",6083,5169,0,1
"19865","D_obs",6083,5170,0,1
"19866","D_obs",6083,5171,0,2
"19867","D_obs",6083,5172,0,1
"19868","D_obs",6083,5173,0,2
"19869","D_obs",6083,5174,0,1
"19870","D_obs",6083,5175,0,0
"19871","D_obs",6083,5176,0,2
"19872","D_obs",6083,5177,0,2
"19873","D_obs",6083,5178,0,2
"19874","D_obs",6083,5179,0,1
"19875","D_obs",6083,5180,0,2
"19876","D_obs",6083,5181,0,0
"19877","D_obs",6083,5182,0,2
"19878","D_obs",6083,5183,0,2
"19879","D_obs",6083,5184,0,2
"19880","D_obs",6083,5185,0,3
"19881","D_obs",6083,5186,0,3
"19882","D_obs",6083,5187,0,2
"19883","D_obs",6083,5188,0,1
"19884","D_obs",6083,5189,0,1
"19885","D_obs",6083,5190,0,1
"19886","D_obs",6083,5191,0,1
"19887","D_obs",6083,5192,0,3
"19888","D_obs",6083,5193,0,0
"19889","D_obs",6083,5194,0,6
"19890","D_obs",6083,5195,0,2
"19891","D_obs",6083,5196,0,3
"19892","D_obs",6083,5197,0,1
"19893","D_obs",6083,5198,0,3
"19894","D_obs",6083,5199,0,4
"19895","D_obs",6083,5200,0,2
"19896","D_obs",6083,5201,0,1
"19897","D_obs",6083,5202,0,4
"19898","D_obs",6083,5203,0,2
"19899","D_obs",6083,5204,0,0
"19900","D_obs",6083,5205,0,0
"19901","D_obs",6083,5206,0,0
"19902","D_obs",6083,5207,0,4
"19903","D_obs",6083,5208,0,0
"19904","D_obs",6083,5209,0,1
"19905","D_obs",6083,5210,0,3
"19906","D_obs",6083,5211,0,0
"19907","D_obs",6083,5212,0,2
"19908","D_obs",6083,5213,0,0
"19909","D_obs",6083,5214,0,1
"19910","D_obs",6083,5215,0,3
"19911","D_obs",6083,5216,0,1
"19912","D_obs",6083,5217,0,1
"19913","D_obs",6083,5218,0,0
"19914","D_obs",6083,5219,0,1
"19915","D_obs",6083,5220,0,1
"19916","D_obs",6083,5221,0,3
"19917","D_obs",6083,5222,0,0
"19918","D_obs",6083,5223,0,0
"19919","D_obs",6083,5224,0,0
"19920","D_obs",6083,5225,0,1
"19921","D_obs",6083,5226,0,3
"19922","D_obs",6083,5227,0,1
"19923","D_obs",6083,5228,0,1
"19924","D_obs",6083,5229,0,1
"19925","D_obs",6083,5230,0,5
"19926","D_obs",6083,5231,0,0
"19927","D_obs",6083,5232,0,5
"19928","D_obs",6083,5233,0,3
"19929","D_obs",6083,5234,0,1
"19930","D_obs",6083,5235,0,2
"19931","D_obs",6083,5236,0,2
"19932","D_obs",6083,5237,0,1
"19933","D_obs",6083,5238,0,1
"19934","D_obs",6083,5239,0,1
"19935","D_obs",6083,5240,0,3
"19936","D_obs",6083,5241,0,0
"19937","D_obs",6083,5242,0,1
"19938","D_obs",6083,5243,0,0
"19939","D_obs",6083,5244,0,0
"19940","D_obs",6083,5245,0,4
"19941","D_obs",6083,5246,0,3
"19942","D_obs",6083,5247,0,1
"19943","D_obs",6083,5248,0,0
"19944","D_obs",6083,5249,0,2
"19945","D_obs",6083,5250,0,1
"19946","D_obs",6083,5251,0,0
"19947","D_obs",6083,5252,0,2
"19948","D_obs",6083,5253,0,0
"19949","D_obs",6083,5254,0,0
"19950","D_obs",6083,5255,0,2
"19951","D_obs",6083,5256,0,1
"19952","D_obs",6083,5257,0,4
"19953","D_obs",6083,5258,0,0
"19954","D_obs",6083,5259,0,0
"19955","D_obs",6083,5260,0,0
"19956","D_obs",6083,5261,0,2
"19957","D_obs",6083,5262,0,1
"19958","D_obs",6083,5263,0,0
"19959","D_obs",6083,5264,0,0
"19960","D_obs",6083,5265,0,3
"19961","D_obs",6083,5266,0,2
"19962","D_obs",6083,5267,0,3
"19963","D_obs",6083,5268,0,1
"19964","D_obs",6083,5269,0,1
"19965","D_obs",6083,5270,0,1
"19966","D_obs",6083,5271,0,3
"19967","D_obs",6083,5272,0,1
"19968","D_obs",6083,5273,0,0
"19969","D_obs",6083,5274,0,1
"19970","D_obs",6083,5275,0,1
"19971","D_obs",6083,5276,0,2
"19972","D_obs",6083,5277,0,6
"19973","D_obs",6083,5278,0,5
"19974","D_obs",6083,5279,0,0
"19975","D_obs",6083,5280,0,4
"19976","D_obs",6083,5281,0,1
"19977","D_obs",6083,5282,0,4
"19978","D_obs",6083,5283,0,2
"19979","D_obs",6083,5284,0,0
"19980","D_obs",6083,5285,0,3
"19981","D_obs",6083,5286,0,4
"19982","D_obs",6083,5287,0,3
"19983","D_obs",6083,5288,0,4
"19984","D_obs",6083,5289,0,1
"19985","D_obs",6083,5290,0,2
"19986","D_obs",6083,5291,0,4
"19987","D_obs",6083,5292,0,0
"19988","D_obs",6083,5293,0,6
"19989","D_obs",6083,5294,0,2
"19990","D_obs",6083,5295,0,1
"19991","D_obs",6083,5296,0,0
"19992","D_obs",6083,5297,0,2
"19993","D_obs",6083,5298,0,0
"19994","D_obs",6083,5299,0,1
"19995","D_obs",6083,5300,0,3
"19996","D_obs",6083,5301,0,2
"19997","D_obs",6083,5302,0,2
"19998","D_obs",6083,5303,0,1
"19999","D_obs",6083,5304,0,1
"20000","D_obs",6083,5305,0,0
"20001","D_obs",6083,5306,0,1
"20002","D_obs",6083,5307,0,1
"20003","D_obs",6083,5308,0,0
"20004","D_obs",6083,5309,0,1
"20005","D_obs",6083,5310,0,2
"20006","D_obs",6083,5311,0,0
"20007","D_obs",6083,5312,0,0
"20008","D_obs",6083,5313,0,1
"20009","D_obs",6083,5314,0,0
"20010","D_obs",6083,5315,0,0
"20011","D_obs",6083,5316,0,0
"20012","D_obs",6083,5317,0,0
"20013","D_obs",6083,5318,0,1
"20014","D_obs",6083,5319,0,0
"20015","D_obs",6083,5320,0,0
"20016","D_obs",6083,5321,0,0
"20017","D_obs",6083,5322,0,2
"20018","D_obs",6083,5323,0,0
"20019","D_obs",6083,5324,0,1
"20020","D_obs",6083,5325,0,1
"20021","D_obs",6083,5326,0,2
"20022","D_obs",6083,5327,0,0
"20023","D_obs",6083,5328,0,0
"20024","D_obs",6083,5329,0,0
"20025","D_obs",6083,5330,0,1
"20026","D_obs",6083,5331,0,0
"20027","D_obs",6083,5332,0,0
"20028","D_obs",6083,5333,0,0
"20029","D_obs",6083,5334,0,0
"20030","D_obs",6083,5335,0,0
"20031","D_obs",6083,5336,0,2
"20032","D_obs",6083,5337,0,0
"20033","D_obs",6083,5338,0,1
"20034","D_obs",6083,5339,0,0
"20035","D_obs",6083,5340,0,0
"20036","D_obs",6083,5341,0,0
"20037","D_obs",6083,5342,0,1
"20038","D_obs",6083,5343,0,0
"20039","D_obs",6083,5344,0,1
"20040","D_obs",6083,5345,0,2
"20041","D_obs",6083,5346,0,1
"20042","D_obs",6083,5347,0,0
"20043","D_obs",6083,5348,0,2
"20044","D_obs",6083,5349,0,0
"20045","D_obs",6083,5350,0,0
"20046","D_obs",6083,5351,0,0
"20047","D_obs",6083,5352,0,0
"20048","D_obs",6083,5353,0,1
"20049","D_obs",6083,5354,0,0
"20050","D_obs",6083,5355,0,0
"20051","D_obs",6083,5356,0,0
"20052","D_obs",6083,5357,0,1
"20053","D_obs",6083,5358,0,1
"20054","D_obs",6083,5359,0,0
"20055","D_obs",6083,5360,0,0
"20056","D_obs",6083,5361,0,2
"20057","D_obs",6083,5362,0,0
"20058","D_obs",6083,5363,0,2
"20059","D_obs",6083,5364,0,1
"20060","D_obs",6083,5365,0,0
"20061","D_obs",6083,5366,0,0
"20062","D_obs",6083,5367,0,0
"20063","D_obs",6083,5368,0,0
"20064","D_obs",6083,5369,0,0
"20065","D_obs",6083,5370,0,1
"20066","D_obs",6083,5371,0,1
"20067","D_obs",6083,5372,0,0
"20068","D_obs",6083,5373,0,0
"20069","D_obs",6083,5374,0,1
"20070","D_obs",6083,5375,0,0
"20071","D_obs",6083,5376,0,0
"20072","D_obs",6083,5377,0,0
"20073","D_obs",6083,5378,0,1
"20074","D_obs",6083,5379,0,0
"20075","D_obs",6083,5380,0,1
"20076","D_obs",6083,5381,0,0
"20077","D_obs",6083,5382,0,1
"20078","D_obs",6083,5383,0,0
"20079","D_obs",6083,5384,0,0
"20080","D_obs",6083,5385,0,1
"20081","D_obs",6083,5386,0,1
"20082","D_obs",6083,5387,0,0
"20083","D_obs",6083,5388,0,0
"20084","D_obs",6083,5389,0,1
"20085","D_obs",6083,5390,0,1
"20086","D_obs",6083,5391,0,0
"20087","D_obs",6083,5392,0,1
"20088","D_obs",6083,5393,0,1
"20089","D_obs",6083,5394,0,1
"20090","D_obs",6083,5395,0,1
"20091","D_obs",6083,5396,0,2
"20092","D_obs",6083,5397,0,1
"20093","D_obs",6083,5398,0,2
"20094","D_obs",6083,5399,0,0
"20095","D_obs",6083,5400,0,3
"20096","D_obs",6083,5401,0,3
"20097","D_obs",6083,5402,0,3
"20098","D_obs",6083,5403,0,1
"20099","D_obs",6083,5404,0,0
"20100","D_obs",6083,5405,0,3
"20101","D_obs",6083,5406,0,0
"20102","D_obs",6083,5407,0,0
"20103","D_obs",6083,5408,0,1
"20104","D_obs",6083,5409,0,1
"20105","D_obs",6083,5410,0,0
"20106","D_obs",6083,5411,0,0
"20107","D_obs",6083,5412,0,0
"20108","D_obs",6083,5413,0,1
"20109","D_obs",6083,5414,0,0
"20110","D_obs",6083,5415,0,2
"20111","D_obs",6083,5416,0,1
"20112","D_obs",6083,5417,0,0
"20113","D_obs",6083,5418,0,0
"20114","D_obs",6083,5419,0,0
"20115","D_obs",6083,5420,0,0
"20116","D_obs",6083,5421,0,1
"20117","D_obs",6083,5422,0,0
"20118","D_obs",6083,5423,0,0
"20119","D_obs",6083,5424,0,1
"20120","D_obs",6083,5425,0,2
"20121","D_obs",6083,5426,0,1
"20122","D_obs",6083,5427,0,1
"20123","D_obs",6083,5428,0,1
"20124","D_obs",6083,5429,0,0
"20125","D_obs",6083,5430,0,0
"20126","D_obs",6083,5431,0,1
"20127","D_obs",6083,5432,0,1
"20128","D_obs",6083,5433,0,1
"20129","D_obs",6083,5434,0,0
"20130","D_obs",6083,5435,0,0
"20131","D_obs",6083,5436,0,1
"20132","D_obs",6083,5437,0,2
"20133","D_obs",6083,5438,0,1
"20134","D_obs",6083,5439,0,1
"20135","D_obs",6083,5440,0,1
"20136","D_obs",6083,5441,0,2
"20137","D_obs",6083,5442,0,1
"20138","D_obs",6083,5443,0,1
"20139","D_obs",6083,5444,0,1
"20140","D_obs",6083,5445,0,0
"20141","D_obs",6083,5446,0,0
"20142","D_obs",6083,5447,0,1
"20143","D_obs",6083,5448,0,1
"20144","D_obs",6083,5449,0,0
"20145","D_obs",6083,5450,0,0
"20146","D_obs",6083,5451,0,2
"20147","D_obs",6083,5452,0,0
"20148","D_obs",6083,5453,0,3
"20149","D_obs",6083,5454,0,0
"20150","D_obs",6083,5455,0,0
"20151","D_obs",6083,5456,0,1
"20152","D_obs",6083,5457,0,0
"20153","D_obs",6083,5458,0,0
"20154","D_obs",6083,5459,0,0
"20155","D_obs",6083,5460,0,0
"20156","D_obs",6083,5461,0,0
"20157","D_obs",6083,5462,0,2
"20158","D_obs",6083,5463,0,1
"20159","D_obs",6083,5464,0,1
"20160","D_obs",6083,5465,0,0
"20161","D_obs",6083,5466,0,1
"20162","D_obs",6083,5467,0,0
"20163","D_obs",6083,5468,0,0
"20164","D_obs",6083,5469,0,2
"20165","D_obs",6083,5470,0,0
"20166","D_obs",6083,5471,0,1
"20167","D_obs",6083,5472,0,1
"20168","D_obs",6083,5473,0,0
"20169","D_obs",6083,5474,0,0
"20170","D_obs",6083,5475,0,1
"20171","D_obs",6083,5476,0,0
"20172","D_obs",6083,5477,0,0
"20173","D_obs",6083,5478,0,0
"20174","D_obs",6083,5479,0,0
"20175","D_obs",6083,5480,0,0
"20176","D_obs",6083,5481,0,0
"20177","D_obs",6083,5482,0,0
"20178","D_obs",6083,5483,0,2
"20179","D_obs",6083,5484,0,1
"20180","D_obs",6083,5485,0,0
"20181","D_obs",6083,5486,0,1
"20182","D_obs",6083,5487,0,0
"20183","D_obs",6083,5488,0,1
"20184","D_obs",6083,5489,0,2
"20185","D_obs",6083,5490,0,0
"20186","D_obs",6083,5491,0,0
"20187","D_obs",6083,5492,0,0
"20188","D_obs",6083,5493,0,0
"20189","D_obs",6083,5494,0,0
"20190","D_obs",6083,5495,0,0
"20191","D_obs",6083,5496,0,0
"20192","D_obs",6083,5497,0,0
"20193","D_obs",6083,5498,0,3
"20194","D_obs",6083,5499,0,3
"20195","D_obs",6083,5500,0,0
"20196","D_obs",6083,5501,0,0
"20197","D_obs",6083,5502,0,0
"20198","D_obs",6083,5503,0,1
"20199","D_obs",6083,5504,0,2
"20200","D_obs",6083,5505,0,0
"20201","D_obs",6083,5506,0,1
"20202","D_obs",6083,5507,0,1
"20203","D_obs",6083,5508,0,1
"20204","D_obs",6083,5509,0,1
"20205","D_obs",6083,5510,0,0
"20206","D_obs",6083,5511,0,0
"20207","D_obs",6083,5512,0,1
"20208","D_obs",6083,5513,0,1
"20209","D_obs",6083,5514,0,0
"20210","D_obs",6083,5515,0,0
"20211","D_obs",6083,5516,0,1
"20212","D_obs",6083,5517,0,1
"20213","D_obs",6083,5518,0,1
"20214","D_obs",6083,5519,0,0
"20215","D_obs",6083,5520,0,0
"20216","D_obs",6083,5521,0,0
"20217","D_obs",6083,5522,0,0
"20218","D_obs",6083,5523,0,2
"20219","D_obs",6083,5524,0,0
"20220","D_obs",6083,5525,0,1
"20221","D_obs",6083,5526,0,0
"20222","D_obs",6083,5527,0,0
"20223","D_obs",6083,5528,0,0
"20224","D_obs",6083,5529,0,0
"20225","D_obs",6083,5530,0,1
"20226","D_obs",6083,5531,0,0
"20227","D_obs",6083,5532,0,1
"20228","D_obs",6083,5533,0,1
"20229","D_obs",6083,5534,0,0
"20230","D_obs",6083,5535,0,0
"20231","D_obs",6083,5536,0,0
"20232","D_obs",6083,5537,0,1
"20233","D_obs",6083,5538,0,0
"20234","D_obs",6083,5539,0,0
"20235","D_obs",6083,5540,0,0
"20236","D_obs",6083,5541,0,0
"20237","D_obs",6083,5542,0,0
"20238","D_obs",6083,5543,0,2
"20239","D_obs",6083,5544,0,0
"20240","D_obs",6083,5545,0,1
"20241","D_obs",6083,5546,0,0
"20242","D_obs",6083,5547,0,1
"20243","D_obs",6083,5548,0,0
"20244","D_obs",6083,5549,0,0
"20245","D_obs",6083,5550,0,0
"20246","D_obs",6083,5551,0,0
"20247","D_obs",6083,5552,0,0
"20248","D_obs",6083,5553,0,1
"20249","D_obs",6083,5554,0,1
"20250","D_obs",6083,5555,0,0
"20251","D_obs",6083,5556,0,0
"20252","D_obs",6083,5557,0,0
"20253","D_obs",6083,5558,0,0
"20254","D_obs",6083,5559,0,0
"20255","D_obs",6083,5560,0,0
"20256","D_obs",6083,5561,0,0
"20257","D_obs",6083,5562,0,1
"20258","D_obs",6083,5563,0,0
"20259","D_obs",6083,5564,0,0
"20260","D_obs",6083,5565,0,0
"20261","D_obs",6083,5566,0,0
"20262","D_obs",6083,5567,0,0
"20263","D_obs",6083,5568,0,0
"20264","D_obs",6083,5569,0,1
"20265","D_obs",6083,5570,0,0
"20266","D_obs",6083,5571,0,0
"20267","D_obs",6083,5572,0,0
"20268","D_obs",6083,5573,0,0
"20269","D_obs",6083,5574,0,4
"20270","D_obs",6083,5575,0,2
"20271","D_obs",6083,5576,0,1
"20272","D_obs",6083,5577,0,5
"20273","D_obs",6083,5578,0,1
"20274","D_obs",6083,5579,0,2
"20275","D_obs",6083,5580,0,3
"20276","D_obs",6083,5581,0,2
"20277","D_obs",6083,5582,0,4
"20278","D_obs",6083,5583,0,2
"20279","D_obs",6083,5584,0,4
"20280","D_obs",6083,5585,0,2
"20281","D_obs",6083,5586,0,2
"20282","D_obs",6083,5587,0,4
"20283","D_obs",6083,5588,0,6
"20284","D_obs",6083,5589,0,5
"20285","D_obs",6083,5590,0,5
"20286","D_obs",6083,5591,0,1
"20287","D_obs",6083,5592,0,5
"20288","D_obs",6083,5593,0,1
"20289","D_obs",6083,5594,0,5
"20290","D_obs",6083,5595,0,0
"20291","D_obs",6083,5596,0,3
"20292","D_obs",6083,5597,0,3
"20293","D_obs",6083,5598,0,2
"20294","D_obs",6083,5599,0,2
"20295","D_obs",6083,5600,0,4
"20296","D_obs",6083,5601,0,3
"20297","D_obs",6083,5602,0,3
"20298","D_obs",6083,5603,0,2
"20299","D_obs",6083,5604,0,2
"20300","D_obs",6083,5605,0,0
"20301","D_obs",6083,5606,0,2
"20302","D_obs",6083,5607,0,1
"20303","D_obs",6083,5608,0,3
"20304","D_obs",6083,5609,0,0
"20305","D_obs",6083,5610,0,1
"20306","D_obs",6083,5611,0,0
"20307","D_obs",6083,5612,0,1
"20308","D_obs",6083,5613,0,2
"20309","D_obs",6083,5614,0,1
"20310","D_obs",6083,5615,0,1
"20311","D_obs",6083,5616,0,0
"20312","D_obs",6083,5617,0,2
"20313","D_obs",6083,5618,0,3
"20314","D_obs",6083,5619,0,0
"20315","D_obs",6083,5620,0,0
"20316","D_obs",6083,5621,0,1
"20317","D_obs",6083,5622,0,1
"20318","D_obs",6083,5623,0,0
"20319","D_obs",6083,5624,0,0
"20320","D_obs",6083,5625,0,0
"20321","D_obs",6083,5626,0,2
"20322","D_obs",6083,5627,0,0
"20323","D_obs",6083,5628,0,0
"20324","D_obs",6083,5629,0,2
"20325","D_obs",6083,5630,0,8
"20326","D_obs",6083,5631,0,0
"20327","D_obs",6083,5632,0,5
"20328","D_obs",6083,5633,0,1
"20329","D_obs",6083,5634,0,1
"20330","D_obs",6083,5635,0,1
"20331","D_obs",6083,5636,0,3
"20332","D_obs",6083,5637,0,2
"20333","D_obs",6083,5638,0,0
"20334","D_obs",6083,5639,0,2
"20335","D_obs",6083,5640,0,0
"20336","D_obs",6083,5641,0,0
"20337","D_obs",6083,5642,0,1
"20338","D_obs",6083,5643,0,3
"20339","D_obs",6083,5644,0,3
"20340","D_obs",6083,5645,0,1
"20341","D_obs",6083,5646,0,2
"20342","D_obs",6083,5647,0,0
"20343","D_obs",6083,5648,0,0
"20344","D_obs",6083,5649,0,2
"20345","D_obs",6083,5650,0,1
"20346","D_obs",6083,5651,0,2
"20347","D_obs",6083,5652,0,2
"20348","D_obs",6083,5653,0,0
"20349","D_obs",6083,5654,0,0
"20350","D_obs",6083,5655,0,1
"20351","D_obs",6083,5656,0,1
"20352","D_obs",6083,5657,0,1
"20353","D_obs",6083,5658,0,2
"20354","D_obs",6083,5659,0,0
"20355","D_obs",6083,5660,0,1
"20356","D_obs",6083,5661,0,0
"20357","D_obs",6083,5662,0,1
"20358","D_obs",6083,5663,0,1
"20359","D_obs",6083,5664,0,0
"20360","D_obs",6083,5665,0,2
"20361","D_obs",6083,5666,0,1
"20362","D_obs",6083,5667,0,0
"20363","D_obs",6083,5668,0,0
"20364","D_obs",6083,5669,0,0
"20365","D_obs",6083,5670,0,1
"20366","D_obs",6083,5671,0,3
"20367","D_obs",6083,5672,0,3
"20368","D_obs",6083,5673,0,1
"20369","D_obs",6083,5674,0,1
"20370","D_obs",6083,5675,0,2
"20371","D_obs",6083,5676,0,1
"20372","D_obs",6083,5677,0,1
"20373","D_obs",6083,5678,0,1
"20374","D_obs",6083,5679,0,2
"20375","D_obs",6083,5680,0,1
"20376","D_obs",6083,5681,0,2
"20377","D_obs",6083,5682,0,1
"20378","D_obs",6083,5683,0,0
"20379","D_obs",6083,5684,0,2
"20380","D_obs",6083,5685,0,2
"20381","D_obs",6083,5686,0,2
"20382","D_obs",6083,5687,0,1
"20383","D_obs",6083,5688,0,2
"20384","D_obs",6083,5689,0,0
"20385","D_obs",6083,5690,0,2
"20386","D_obs",6083,5691,0,2
"20387","D_obs",6083,5692,0,2
"20388","D_obs",6083,5693,0,3
"20389","D_obs",6083,5694,0,3
"20390","D_obs",6083,5695,0,2
"20391","D_obs",6083,5696,0,1
"20392","D_obs",6083,5697,0,1
"20393","D_obs",6083,5698,0,1
"20394","D_obs",6083,5699,0,1
"20395","D_obs",6083,5700,0,3
"20396","D_obs",6083,5701,0,0
"20397","D_obs",6083,5702,0,6
"20398","D_obs",6083,5703,0,2
"20399","D_obs",6083,5704,0,3
"20400","D_obs",6083,5705,0,1
"20401","D_obs",6083,5706,0,3
"20402","D_obs",6083,5707,0,4
"20403","D_obs",6083,5708,0,2
"20404","D_obs",6083,5709,0,1
"20405","D_obs",6083,5710,0,4
"20406","D_obs",6083,5711,0,2
"20407","D_obs",6083,5712,0,0
"20408","D_obs",6083,5713,0,0
"20409","D_obs",6083,5714,0,0
"20410","D_obs",6083,5715,0,4
"20411","D_obs",6083,5716,0,0
"20412","D_obs",6083,5717,0,1
"20413","D_obs",6083,5718,0,3
"20414","D_obs",6083,5719,0,0
"20415","D_obs",6083,5720,0,2
"20416","D_obs",6083,5721,0,0
"20417","D_obs",6083,5722,0,1
"20418","D_obs",6083,5723,0,3
"20419","D_obs",6083,5724,0,1
"20420","D_obs",6083,5725,0,1
"20421","D_obs",6083,5726,0,0
"20422","D_obs",6083,5727,0,1
"20423","D_obs",6083,5728,0,1
"20424","D_obs",6083,5729,0,3
"20425","D_obs",6083,5730,0,0
"20426","D_obs",6083,5731,0,0
"20427","D_obs",6083,5732,0,0
"20428","D_obs",6083,5733,0,1
"20429","D_obs",6083,5734,0,3
"20430","D_obs",6083,5735,0,1
"20431","D_obs",6083,5736,0,1
"20432","D_obs",6083,5737,0,1
"20433","D_obs",6083,5738,0,5
"20434","D_obs",6083,5739,0,0
"20435","D_obs",6083,5740,0,5
"20436","D_obs",6083,5741,0,3
"20437","D_obs",6083,5742,0,1
"20438","D_obs",6083,5743,0,2
"20439","D_obs",6083,5744,0,2
"20440","D_obs",6083,5745,0,1
"20441","D_obs",6083,5746,0,1
"20442","D_obs",6083,5747,0,1
"20443","D_obs",6083,5748,0,3
"20444","D_obs",6083,5749,0,0
"20445","D_obs",6083,5750,0,1
"20446","D_obs",6083,5751,0,0
"20447","D_obs",6083,5752,0,0
"20448","D_obs",6083,5753,0,4
"20449","D_obs",6083,5754,0,3
"20450","D_obs",6083,5755,0,1
"20451","D_obs",6083,5756,0,0
"20452","D_obs",6083,5757,0,2
"20453","D_obs",6083,5758,0,1
"20454","D_obs",6083,5759,0,0
"20455","D_obs",6083,5760,0,2
"20456","D_obs",6083,5761,0,0
"20457","D_obs",6083,5762,0,0
"20458","D_obs",6083,5763,0,2
"20459","D_obs",6083,5764,0,1
"20460","D_obs",6083,5765,0,4
"20461","D_obs",6083,5766,0,0
"20462","D_obs",6083,5767,0,0
"20463","D_obs",6083,5768,0,0
"20464","D_obs",6083,5769,0,2
"20465","D_obs",6083,5770,0,1
"20466","D_obs",6083,5771,0,0
"20467","D_obs",6083,5772,0,0
"20468","D_obs",6083,5773,0,3
"20469","D_obs",6083,5774,0,2
"20470","D_obs",6083,5775,0,3
"20471","D_obs",6083,5776,0,1
"20472","D_obs",6083,5777,0,1
"20473","D_obs",6083,5778,0,1
"20474","D_obs",6083,5779,0,3
"20475","D_obs",6083,5780,0,1
"20476","D_obs",6083,5781,0,0
"20477","D_obs",6083,5782,0,1
"20478","D_obs",6083,5783,0,1
"20479","D_obs",6083,5784,0,2
"20480","D_obs",6083,5785,0,6
"20481","D_obs",6083,5786,0,5
"20482","D_obs",6083,5787,0,0
"20483","D_obs",6083,5788,0,4
"20484","D_obs",6083,5789,0,1
"20485","D_obs",6083,5790,0,4
"20486","D_obs",6083,5791,0,2
"20487","D_obs",6083,5792,0,0
"20488","D_obs",6083,5793,0,3
"20489","D_obs",6083,5794,0,4
"20490","D_obs",6083,5795,0,3
"20491","D_obs",6083,5796,0,4
"20492","D_obs",6083,5797,0,1
"20493","D_obs",6083,5798,0,2
"20494","D_obs",6083,5799,0,4
"20495","D_obs",6083,5800,0,0
"20496","D_obs",6083,5801,0,6
"20497","D_obs",6083,5802,0,2
"20498","D_obs",6083,5803,0,1
"20499","D_obs",6083,5804,0,0
"20500","D_obs",6083,5805,0,2
"20501","D_obs",6083,5806,0,0
"20502","D_obs",6083,5807,0,1
"20503","D_obs",6083,5808,0,3
"20504","D_obs",6083,5809,0,2
"20505","D_obs",6083,5810,0,2
"20506","D_obs",6083,5811,0,1
"20507","D_obs",6083,5812,0,1
"20508","D_obs",6083,5813,0,0
"20509","D_obs",6083,5814,0,1
"20510","D_obs",6083,5815,0,1
"20511","D_obs",6083,5816,0,0
"20512","D_obs",6083,5817,0,1
"20513","D_obs",6083,5818,0,2
"20514","D_obs",6083,5819,0,0
"20515","D_obs",6083,5820,0,0
"20516","D_obs",6083,5821,0,1
"20517","D_obs",6083,5822,0,0
"20518","D_obs",6083,5823,0,0
"20519","D_obs",6083,5824,0,0
"20520","D_obs",6083,5825,0,0
"20521","D_obs",6083,5826,0,1
"20522","D_obs",6083,5827,0,0
"20523","D_obs",6083,5828,0,0
"20524","D_obs",6083,5829,0,0
"20525","D_obs",6083,5830,0,2
"20526","D_obs",6083,5831,0,0
"20527","D_obs",6083,5832,0,1
"20528","D_obs",6083,5833,0,1
"20529","D_obs",6083,5834,0,2
"20530","D_obs",6083,5835,0,0
"20531","D_obs",6083,5836,0,0
"20532","D_obs",6083,5837,0,0
"20533","D_obs",6083,5838,0,1
"20534","D_obs",6083,5839,0,0
"20535","D_obs",6083,5840,0,0
"20536","D_obs",6083,5841,0,0
"20537","D_obs",6083,5842,0,0
"20538","D_obs",6083,5843,0,0
"20539","D_obs",6083,5844,0,2
"20540","D_obs",6083,5845,0,0
"20541","D_obs",6083,5846,0,1
"20542","D_obs",6083,5847,0,0
"20543","D_obs",6083,5848,0,0
"20544","D_obs",6083,5849,0,0
"20545","D_obs",6083,5850,0,1
"20546","D_obs",6083,5851,0,0
"20547","D_obs",6083,5852,0,1
"20548","D_obs",6083,5853,0,2
"20549","D_obs",6083,5854,0,1
"20550","D_obs",6083,5855,0,0
"20551","D_obs",6083,5856,0,2
"20552","D_obs",6083,5857,0,0
"20553","D_obs",6083,5858,0,0
"20554","D_obs",6083,5859,0,0
"20555","D_obs",6083,5860,0,0
"20556","D_obs",6083,5861,0,1
"20557","D_obs",6083,5862,0,0
"20558","D_obs",6083,5863,0,0
"20559","D_obs",6083,5864,0,0
"20560","D_obs",6083,5865,0,1
"20561","D_obs",6083,5866,0,1
"20562","D_obs",6083,5867,0,0
"20563","D_obs",6083,5868,0,0
"20564","D_obs",6083,5869,0,2
"20565","D_obs",6083,5870,0,0
"20566","D_obs",6083,5871,0,2
"20567","D_obs",6083,5872,0,1
"20568","D_obs",6083,5873,0,0
"20569","D_obs",6083,5874,0,0
"20570","D_obs",6083,5875,0,0
"20571","D_obs",6083,5876,0,0
"20572","D_obs",6083,5877,0,0
"20573","D_obs",6083,5878,0,1
"20574","D_obs",6083,5879,0,1
"20575","D_obs",6083,5880,0,0
"20576","D_obs",6083,5881,0,0
"20577","D_obs",6083,5882,0,1
"20578","D_obs",6083,5883,0,0
"20579","D_obs",6083,5884,0,0
"20580","D_obs",6083,5885,0,0
"20581","D_obs",6083,5886,0,1
"20582","D_obs",6083,5887,0,0
"20583","D_obs",6083,5888,0,1
"20584","D_obs",6083,5889,0,0
"20585","D_obs",6083,5890,0,1
"20586","D_obs",6083,5891,0,0
"20587","D_obs",6083,5892,0,0
"20588","D_obs",6083,5893,0,1
"20589","D_obs",6083,5894,0,1
"20590","D_obs",6083,5895,0,0
"20591","D_obs",6083,5896,0,0
"20592","D_obs",6083,5897,0,1
"20593","D_obs",6083,5898,0,1
"20594","D_obs",6083,5899,0,0
"20595","D_obs",6083,5900,0,1
"20596","D_obs",6083,5901,0,1
"20597","D_obs",6083,5902,0,1
"20598","D_obs",6083,5903,0,1
"20599","D_obs",6083,5904,0,2
"20600","D_obs",6083,5905,0,1
"20601","D_obs",6083,5906,0,2
"20602","D_obs",6083,5907,0,0
"20603","D_obs",6083,5908,0,3
"20604","D_obs",6083,5909,0,3
"20605","D_obs",6083,5910,0,3
"20606","D_obs",6083,5911,0,1
"20607","D_obs",6083,5912,0,0
"20608","D_obs",6083,5913,0,3
"20609","D_obs",6083,5914,0,0
"20610","D_obs",6083,5915,0,0
"20611","D_obs",6083,5916,0,1
"20612","D_obs",6083,5917,0,1
"20613","D_obs",6083,5918,0,0
"20614","D_obs",6083,5919,0,0
"20615","D_obs",6083,5920,0,0
"20616","D_obs",6083,5921,0,1
"20617","D_obs",6083,5922,0,0
"20618","D_obs",6083,5923,0,2
"20619","D_obs",6083,5924,0,1
"20620","D_obs",6083,5925,0,0
"20621","D_obs",6083,5926,0,0
"20622","D_obs",6083,5927,0,0
"20623","D_obs",6083,5928,0,0
"20624","D_obs",6083,5929,0,1
"20625","D_obs",6083,5930,0,0
"20626","D_obs",6083,5931,0,0
"20627","D_obs",6083,5932,0,1
"20628","D_obs",6083,5933,0,2
"20629","D_obs",6083,5934,0,1
"20630","D_obs",6083,5935,0,1
"20631","D_obs",6083,5936,0,1
"20632","D_obs",6083,5937,0,0
"20633","D_obs",6083,5938,0,0
"20634","D_obs",6083,5939,0,1
"20635","D_obs",6083,5940,0,1
"20636","D_obs",6083,5941,0,1
"20637","D_obs",6083,5942,0,0
"20638","D_obs",6083,5943,0,0
"20639","D_obs",6083,5944,0,1
"20640","D_obs",6083,5945,0,2
"20641","D_obs",6083,5946,0,1
"20642","D_obs",6083,5947,0,1
"20643","D_obs",6083,5948,0,1
"20644","D_obs",6083,5949,0,2
"20645","D_obs",6083,5950,0,1
"20646","D_obs",6083,5951,0,1
"20647","D_obs",6083,5952,0,1
"20648","D_obs",6083,5953,0,0
"20649","D_obs",6083,5954,0,0
"20650","D_obs",6083,5955,0,1
"20651","D_obs",6083,5956,0,1
"20652","D_obs",6083,5957,0,0
"20653","D_obs",6083,5958,0,0
"20654","D_obs",6083,5959,0,2
"20655","D_obs",6083,5960,0,0
"20656","D_obs",6083,5961,0,3
"20657","D_obs",6083,5962,0,0
"20658","D_obs",6083,5963,0,0
"20659","D_obs",6083,5964,0,1
"20660","D_obs",6083,5965,0,0
"20661","D_obs",6083,5966,0,0
"20662","D_obs",6083,5967,0,0
"20663","D_obs",6083,5968,0,0
"20664","D_obs",6083,5969,0,0
"20665","D_obs",6083,5970,0,2
"20666","D_obs",6083,5971,0,1
"20667","D_obs",6083,5972,0,1
"20668","D_obs",6083,5973,0,0
"20669","D_obs",6083,5974,0,1
"20670","D_obs",6083,5975,0,0
"20671","D_obs",6083,5976,0,0
"20672","D_obs",6083,5977,0,2
"20673","D_obs",6083,5978,0,0
"20674","D_obs",6083,5979,0,1
"20675","D_obs",6083,5980,0,1
"20676","D_obs",6083,5981,0,0
"20677","D_obs",6083,5982,0,0
"20678","D_obs",6083,5983,0,1
"20679","D_obs",6083,5984,0,0
"20680","D_obs",6083,5985,0,0
"20681","D_obs",6083,5986,0,0
"20682","D_obs",6083,5987,0,0
"20683","D_obs",6083,5988,0,0
"20684","D_obs",6083,5989,0,0
"20685","D_obs",6083,5990,0,0
"20686","D_obs",6083,5991,0,2
"20687","D_obs",6083,5992,0,1
"20688","D_obs",6083,5993,0,0
"20689","D_obs",6083,5994,0,1
"20690","D_obs",6083,5995,0,0
"20691","D_obs",6083,5996,0,1
"20692","D_obs",6083,5997,0,2
"20693","D_obs",6083,5998,0,0
"20694","D_obs",6083,5999,0,0
"20695","D_obs",6083,6000,0,0
"20696","D_obs",6083,6001,0,0
"20697","D_obs",6083,6002,0,0
"20698","D_obs",6083,6003,0,0
"20699","D_obs",6083,6004,0,0
"20700","D_obs",6083,6005,0,0
"20701","D_obs",6083,6006,0,3
"20702","D_obs",6083,6007,0,3
"20703","D_obs",6083,6008,0,0
"20704","D_obs",6083,6009,0,0
"20705","D_obs",6083,6010,0,0
"20706","D_obs",6083,6011,0,1
"20707","D_obs",6083,6012,0,2
"20708","D_obs",6083,6013,0,0
"20709","D_obs",6083,6014,0,1
"20710","D_obs",6083,6015,0,1
"20711","D_obs",6083,6016,0,1
"20712","D_obs",6083,6017,0,1
"20713","D_obs",6083,6018,0,0
"20714","D_obs",6083,6019,0,0
"20715","D_obs",6083,6020,0,1
"20716","D_obs",6083,6021,0,1
"20717","D_obs",6083,6022,0,0
"20718","D_obs",6083,6023,0,0
"20719","D_obs",6083,6024,0,1
"20720","D_obs",6083,6025,0,1
"20721","D_obs",6083,6026,0,1
"20722","D_obs",6083,6027,0,0
"20723","D_obs",6083,6028,0,0
"20724","D_obs",6083,6029,0,0
"20725","D_obs",6083,6030,0,0
"20726","D_obs",6083,6031,0,2
"20727","D_obs",6083,6032,0,0
"20728","D_obs",6083,6033,0,1
"20729","D_obs",6083,6034,0,0
"20730","D_obs",6083,6035,0,0
"20731","D_obs",6083,6036,0,0
"20732","D_obs",6083,6037,0,0
"20733","D_obs",6083,6038,0,1
"20734","D_obs",6083,6039,0,0
"20735","D_obs",6083,6040,0,1
"20736","D_obs",6083,6041,0,1
"20737","D_obs",6083,6042,0,0
"20738","D_obs",6083,6043,0,0
"20739","D_obs",6083,6044,0,0
"20740","D_obs",6083,6045,0,1
"20741","D_obs",6083,6046,0,0
"20742","D_obs",6083,6047,0,0
"20743","D_obs",6083,6048,0,0
"20744","D_obs",6083,6049,0,0
"20745","D_obs",6083,6050,0,0
"20746","D_obs",6083,6051,0,2
"20747","D_obs",6083,6052,0,0
"20748","D_obs",6083,6053,0,1
"20749","D_obs",6083,6054,0,0
"20750","D_obs",6083,6055,0,1
"20751","D_obs",6083,6056,0,0
"20752","D_obs",6083,6057,0,0
"20753","D_obs",6083,6058,0,0
"20754","D_obs",6083,6059,0,0
"20755","D_obs",6083,6060,0,0
"20756","D_obs",6083,6061,0,1
"20757","D_obs",6083,6062,0,1
"20758","D_obs",6083,6063,0,0
"20759","D_obs",6083,6064,0,0
"20760","D_obs",6083,6065,0,0
"20761","D_obs",6083,6066,0,0
"20762","D_obs",6083,6067,0,0
"20763","D_obs",6083,6068,0,0
"20764","D_obs",6083,6069,0,0
"20765","D_obs",6083,6070,0,1
"20766","D_obs",6083,6071,0,0
"20767","D_obs",6083,6072,0,0
"20768","D_obs",6083,6073,0,0
"20769","D_obs",6083,6074,0,0
"20770","D_obs",6083,6075,0,0
"20771","D_obs",6083,6076,0,0
"20772","D_obs",6083,6077,0,1
"20773","D_obs",6083,6078,0,0
"20774","D_obs",6083,6079,0,0
"20775","D_obs",6083,6080,0,0
"20776","D_obs",6083,6081,0,0
"20777","cases_obs",6083,0,0,208
"20778","cases_obs",6083,1,0,199
"20779","cases_obs",6083,2,0,209
"20780","cases_obs",6083,3,0,205
"20781","cases_obs",6083,4,0,191
"20782","cases_obs",6083,5,0,189
"20783","cases_obs",6083,6,0,150
"20784","cases_obs",6083,7,0,193
"20785","cases_obs",6083,8,0,216
"20786","cases_obs",6083,9,0,179
"20787","cases_obs",6083,10,0,154
"20788","cases_obs",6083,11,0,174
"20789","cases_obs",6083,12,0,204
"20790","cases_obs",6083,13,0,167
"20791","cases_obs",6083,14,0,216
"20792","cases_obs",6083,15,0,178
"20793","cases_obs",6083,16,0,223
"20794","cases_obs",6083,17,0,434
"20795","cases_obs",6083,18,0,508
"20796","cases_obs",6083,19,0,365
"20797","cases_obs",6083,20,0,408
"20798","cases_obs",6083,21,0,367
"20799","cases_obs",6083,22,0,368
"20800","cases_obs",6083,23,0,354
"20801","cases_obs",6083,24,0,418
"20802","cases_obs",6083,25,0,478
"20803","cases_obs",6083,26,0,415
"20804","cases_obs",6083,27,0,408
"20805","cases_obs",6083,28,0,399
"20806","cases_obs",6083,29,0,442
"20807","cases_obs",6083,30,0,429
"20808","cases_obs",6083,31,0,371
"20809","cases_obs",6083,32,0,343
"20810","cases_obs",6083,33,0,294
"20811","cases_obs",6083,34,0,332
"20812","cases_obs",6083,35,0,394
"20813","cases_obs",6083,36,0,504
"20814","cases_obs",6083,37,0,479
"20815","cases_obs",6083,38,0,594
"20816","cases_obs",6083,39,0,636
"20817","cases_obs",6083,40,0,510
"20818","cases_obs",6083,41,0,610
"20819","cases_obs",6083,42,0,590
"20820","cases_obs",6083,43,0,532
"20821","cases_obs",6083,44,0,432
"20822","cases_obs",6083,45,0,411
"20823","cases_obs",6083,46,0,448
"20824","cases_obs",6083,47,0,400
"20825","cases_obs",6083,48,0,458
"20826","cases_obs",6083,49,0,403
"20827","cases_obs",6083,50,0,312
"20828","cases_obs",6083,51,0,302
"20829","cases_obs",6083,52,0,378
"20830","cases_obs",6083,53,0,331
"20831","cases_obs",6083,54,0,335
"20832","cases_obs",6083,55,0,368
"20833","cases_obs",6083,56,0,306
"20834","cases_obs",6083,57,0,315
"20835","cases_obs",6083,58,0,328
"20836","cases_obs",6083,59,0,271
"20837","cases_obs",6083,60,0,275
"20838","cases_obs",6083,61,0,340
"20839","cases_obs",6083,62,0,311
"20840","cases_obs",6083,63,0,309
"20841","cases_obs",6083,64,0,256
"20842","cases_obs",6083,65,0,312
"20843","cases_obs",6083,66,0,294
"20844","cases_obs",6083,67,0,307
"20845","cases_obs",6083,68,0,336
"20846","cases_obs",6083,69,0,292
"20847","cases_obs",6083,70,0,318
"20848","cases_obs",6083,71,0,324
"20849","cases_obs",6083,72,0,318
"20850","cases_obs",6083,73,0,381
"20851","cases_obs",6083,74,0,360
"20852","cases_obs",6083,75,0,333
"20853","cases_obs",6083,76,0,429
"20854","cases_obs",6083,77,0,325
"20855","cases_obs",6083,78,0,291
"20856","cases_obs",6083,79,0,319
"20857","cases_obs",6083,80,0,354
"20858","cases_obs",6083,81,0,463
"20859","cases_obs",6083,82,0,451
"20860","cases_obs",6083,83,0,331
"20861","cases_obs",6083,84,0,353
"20862","cases_obs",6083,85,0,345
"20863","cases_obs",6083,86,0,329
"20864","cases_obs",6083,87,0,384
"20865","cases_obs",6083,88,0,336
"20866","cases_obs",6083,89,0,357
"20867","cases_obs",6083,90,0,422
"20868","cases_obs",6083,91,0,430
"20869","cases_obs",6083,92,0,464
"20870","cases_obs",6083,93,0,407
"20871","cases_obs",6083,94,0,413
"20872","cases_obs",6083,95,0,441
"20873","cases_obs",6083,96,0,410
"20874","cases_obs",6083,97,0,308
"20875","cases_obs",6083,98,0,320
"20876","cases_obs",6083,99,0,443
"20877","cases_obs",6083,100,0,279
"20878","cases_obs",6083,101,0,322
"20879","cases_obs",6083,102,0,346
"20880","cases_obs",6083,103,0,226
"20881","cases_obs",6083,104,0,266
"20882","cases_obs",6083,105,0,296
"20883","cases_obs",6083,106,0,243
"20884","cases_obs",6083,107,0,256
"20885","cases_obs",6083,108,0,235
"20886","cases_obs",6083,109,0,225
"20887","cases_obs",6083,110,0,262
"20888","cases_obs",6083,111,0,235
"20889","cases_obs",6083,112,0,220
"20890","cases_obs",6083,113,0,214
"20891","cases_obs",6083,114,0,274
"20892","cases_obs",6083,115,0,255
"20893","cases_obs",6083,116,0,249
"20894","cases_obs",6083,117,0,221
"20895","cases_obs",6083,118,0,180
"20896","cases_obs",6083,119,0,216
"20897","cases_obs",6083,120,0,236
"20898","cases_obs",6083,121,0,297
"20899","cases_obs",6083,122,0,269
"20900","cases_obs",6083,123,0,259
"20901","cases_obs",6083,124,0,269
"20902","cases_obs",6083,125,0,264
"20903","cases_obs",6083,126,0,258
"20904","cases_obs",6083,127,0,199
"20905","cases_obs",6083,128,0,192
"20906","cases_obs",6083,129,0,244
"20907","cases_obs",6083,130,0,270
"20908","cases_obs",6083,131,0,272
"20909","cases_obs",6083,132,0,263
"20910","cases_obs",6083,133,0,291
"20911","cases_obs",6083,134,0,266
"20912","cases_obs",6083,135,0,238
"20913","cases_obs",6083,136,0,228
"20914","cases_obs",6083,137,0,233
"20915","cases_obs",6083,138,0,204
"20916","cases_obs",6083,139,0,245
"20917","cases_obs",6083,140,0,254
"20918","cases_obs",6083,141,0,256
"20919","cases_obs",6083,142,0,333
"20920","cases_obs",6083,143,0,274
"20921","cases_obs",6083,144,0,270
"20922","cases_obs",6083,145,0,249
"20923","cases_obs",6083,146,0,243
"20924","cases_obs",6083,147,0,240
"20925","cases_obs",6083,148,0,240
"20926","cases_obs",6083,149,0,214
"20927","cases_obs",6083,150,0,203
"20928","cases_obs",6083,151,0,206
"20929","cases_obs",6083,152,0,203
"20930","cases_obs",6083,153,0,190
"20931","cases_obs",6083,154,0,226
"20932","cases_obs",6083,155,0,156
"20933","cases_obs",6083,156,0,204
"20934","cases_obs",6083,157,0,226
"20935","cases_obs",6083,158,0,216
"20936","cases_obs",6083,159,0,190
"20937","cases_obs",6083,160,0,186
"20938","cases_obs",6083,161,0,178
"20939","cases_obs",6083,162,0,192
"20940","cases_obs",6083,163,0,167
"20941","cases_obs",6083,164,0,159
"20942","cases_obs",6083,165,0,189
"20943","cases_obs",6083,166,0,213
"20944","cases_obs",6083,167,0,196
"20945","cases_obs",6083,168,0,177
"20946","cases_obs",6083,169,0,152
"20947","cases_obs",6083,170,0,175
"20948","cases_obs",6083,171,0,180
"20949","cases_obs",6083,172,0,240
"20950","cases_obs",6083,173,0,216
"20951","cases_obs",6083,174,0,266
"20952","cases_obs",6083,175,0,256
"20953","cases_obs",6083,176,0,285
"20954","cases_obs",6083,177,0,208
"20955","cases_obs",6083,178,0,253
"20956","cases_obs",6083,179,0,221
"20957","cases_obs",6083,180,0,243
"20958","cases_obs",6083,181,0,219
"20959","cases_obs",6083,182,0,268
"20960","cases_obs",6083,183,0,315
"20961","cases_obs",6083,184,0,267
"20962","cases_obs",6083,185,0,245
"20963","cases_obs",6083,186,0,277
"20964","cases_obs",6083,187,0,203
"20965","cases_obs",6083,188,0,205
"20966","cases_obs",6083,189,0,204
"20967","cases_obs",6083,190,0,268
"20968","cases_obs",6083,191,0,308
"20969","cases_obs",6083,192,0,267
"20970","cases_obs",6083,193,0,374
"20971","cases_obs",6083,194,0,327
"20972","cases_obs",6083,195,0,398
"20973","cases_obs",6083,196,0,482
"20974","cases_obs",6083,197,0,420
"20975","cases_obs",6083,198,0,441
"20976","cases_obs",6083,199,0,342
"20977","cases_obs",6083,200,0,354
"20978","cases_obs",6083,201,0,319
"20979","cases_obs",6083,202,0,286
"20980","cases_obs",6083,203,0,309
"20981","cases_obs",6083,204,0,278
"20982","cases_obs",6083,205,0,290
"20983","cases_obs",6083,206,0,286
"20984","cases_obs",6083,207,0,259
"20985","cases_obs",6083,208,0,247
"20986","cases_obs",6083,209,0,215
"20987","cases_obs",6083,210,0,228
"20988","cases_obs",6083,211,0,252
"20989","cases_obs",6083,212,0,274
"20990","cases_obs",6083,213,0,252
"20991","cases_obs",6083,214,0,302
"20992","cases_obs",6083,215,0,266
"20993","cases_obs",6083,216,0,265
"20994","cases_obs",6083,217,0,309
"20995","cases_obs",6083,218,0,334
"20996","cases_obs",6083,219,0,304
"20997","cases_obs",6083,220,0,287
"20998","cases_obs",6083,221,0,280
"20999","cases_obs",6083,222,0,335
"21000","cases_obs",6083,223,0,322
"21001","cases_obs",6083,224,0,244
"21002","cases_obs",6083,225,0,286
"21003","cases_obs",6083,226,0,268
"21004","cases_obs",6083,227,0,336
"21005","cases_obs",6083,228,0,364
"21006","cases_obs",6083,229,0,338
"21007","cases_obs",6083,230,0,379
"21008","cases_obs",6083,231,0,300
"21009","cases_obs",6083,232,0,347
"21010","cases_obs",6083,233,0,327
"21011","cases_obs",6083,234,0,372
"21012","cases_obs",6083,235,0,378
"21013","cases_obs",6083,236,0,383
"21014","cases_obs",6083,237,0,322
"21015","cases_obs",6083,238,0,385
"21016","cases_obs",6083,239,0,376
"21017","cases_obs",6083,240,0,383
"21018","cases_obs",6083,241,0,403
"21019","cases_obs",6083,242,0,371
"21020","cases_obs",6083,243,0,401
"21021","cases_obs",6083,244,0,509
"21022","cases_obs",6083,245,0,482
"21023","cases_obs",6083,246,0,598
"21024","cases_obs",6083,247,0,543
"21025","cases_obs",6083,248,0,567
"21026","cases_obs",6083,249,0,547
"21027","cases_obs",6083,250,0,571
"21028","cases_obs",6083,251,0,554
"21029","cases_obs",6083,252,0,541
"21030","cases_obs",6083,253,0,576
"21031","cases_obs",6083,254,0,467
"21032","cases_obs",6083,255,0,501
"21033","cases_obs",6083,256,0,440
"21034","cases_obs",6083,257,0,400
"21035","cases_obs",6083,258,0,390
"21036","cases_obs",6083,259,0,294
"21037","cases_obs",6083,260,0,306
"21038","cases_obs",6083,261,0,347
"21039","cases_obs",6083,262,0,286
"21040","cases_obs",6083,263,0,345
"21041","cases_obs",6083,264,0,364
"21042","cases_obs",6083,265,0,356
"21043","cases_obs",6083,266,0,231
"21044","cases_obs",6083,267,0,321
"21045","cases_obs",6083,268,0,292
"21046","cases_obs",6083,269,0,336
"21047","cases_obs",6083,270,0,285
"21048","cases_obs",6083,271,0,268
"21049","cases_obs",6083,272,0,273
"21050","cases_obs",6083,273,0,245
"21051","cases_obs",6083,274,0,293
"21052","cases_obs",6083,275,0,246
"21053","cases_obs",6083,276,0,347
"21054","cases_obs",6083,277,0,314
"21055","cases_obs",6083,278,0,364
"21056","cases_obs",6083,279,0,356
"21057","cases_obs",6083,280,0,327
"21058","cases_obs",6083,281,0,376
"21059","cases_obs",6083,282,0,336
"21060","cases_obs",6083,283,0,363
"21061","cases_obs",6083,284,0,393
"21062","cases_obs",6083,285,0,402
"21063","cases_obs",6083,286,0,406
"21064","cases_obs",6083,287,0,399
"21065","cases_obs",6083,288,0,427
"21066","cases_obs",6083,289,0,434
"21067","cases_obs",6083,290,0,431
"21068","cases_obs",6083,291,0,463
"21069","cases_obs",6083,292,0,345
"21070","cases_obs",6083,293,0,329
"21071","cases_obs",6083,294,0,364
"21072","cases_obs",6083,295,0,308
"21073","cases_obs",6083,296,0,466
"21074","cases_obs",6083,297,0,442
"21075","cases_obs",6083,298,0,518
"21076","cases_obs",6083,299,0,537
"21077","cases_obs",6083,300,0,671
"21078","cases_obs",6083,301,0,602
"21079","cases_obs",6083,302,0,591
"21080","cases_obs",6083,303,0,566
"21081","cases_obs",6083,304,0,529
"21082","cases_obs",6083,305,0,477
"21083","cases_obs",6083,306,0,481
"21084","cases_obs",6083,307,0,521
"21085","cases_obs",6083,308,0,456
"21086","cases_obs",6083,309,0,444
"21087","cases_obs",6083,310,0,398
"21088","cases_obs",6083,311,0,363
"21089","cases_obs",6083,312,0,261
"21090","cases_obs",6083,313,0,332
"21091","cases_obs",6083,314,0,312
"21092","cases_obs",6083,315,0,360
"21093","cases_obs",6083,316,0,316
"21094","cases_obs",6083,317,0,332
"21095","cases_obs",6083,318,0,339
"21096","cases_obs",6083,319,0,401
"21097","cases_obs",6083,320,0,333
"21098","cases_obs",6083,321,0,344
"21099","cases_obs",6083,322,0,322
"21100","cases_obs",6083,323,0,350
"21101","cases_obs",6083,324,0,337
"21102","cases_obs",6083,325,0,327
"21103","cases_obs",6083,326,0,401
"21104","cases_obs",6083,327,0,313
"21105","cases_obs",6083,328,0,371
"21106","cases_obs",6083,329,0,394
"21107","cases_obs",6083,330,0,366
"21108","cases_obs",6083,331,0,383
"21109","cases_obs",6083,332,0,337
"21110","cases_obs",6083,333,0,451
"21111","cases_obs",6083,334,0,457
"21112","cases_obs",6083,335,0,393
"21113","cases_obs",6083,336,0,429
"21114","cases_obs",6083,337,0,410
"21115","cases_obs",6083,338,0,457
"21116","cases_obs",6083,339,0,512
"21117","cases_obs",6083,340,0,517
"21118","cases_obs",6083,341,0,595
"21119","cases_obs",6083,342,0,573
"21120","cases_obs",6083,343,0,444
"21121","cases_obs",6083,344,0,536
"21122","cases_obs",6083,345,0,438
"21123","cases_obs",6083,346,0,447
"21124","cases_obs",6083,347,0,571
"21125","cases_obs",6083,348,0,621
"21126","cases_obs",6083,349,0,606
"21127","cases_obs",6083,350,0,726
"21128","cases_obs",6083,351,0,780
"21129","cases_obs",6083,352,0,838
"21130","cases_obs",6083,353,0,798
"21131","cases_obs",6083,354,0,867
"21132","cases_obs",6083,355,0,871
"21133","cases_obs",6083,356,0,851
"21134","cases_obs",6083,357,0,726
"21135","cases_obs",6083,358,0,677
"21136","cases_obs",6083,359,0,653
"21137","cases_obs",6083,360,0,668
"21138","cases_obs",6083,361,0,596
"21139","cases_obs",6083,362,0,573
"21140","cases_obs",6083,363,0,491
"21141","cases_obs",6083,364,0,391
"21142","cases_obs",6083,365,0,463
"21143","cases_obs",6083,366,0,516
"21144","cases_obs",6083,367,0,470
"21145","cases_obs",6083,368,0,447
"21146","cases_obs",6083,369,0,413
"21147","cases_obs",6083,370,0,453
"21148","cases_obs",6083,371,0,472
"21149","cases_obs",6083,372,0,454
"21150","cases_obs",6083,373,0,379
"21151","cases_obs",6083,374,0,358
"21152","cases_obs",6083,375,0,356
"21153","cases_obs",6083,376,0,397
"21154","cases_obs",6083,377,0,374
"21155","cases_obs",6083,378,0,340
"21156","cases_obs",6083,379,0,331
"21157","cases_obs",6083,380,0,342
"21158","cases_obs",6083,381,0,359
"21159","cases_obs",6083,382,0,364
"21160","cases_obs",6083,383,0,384
"21161","cases_obs",6083,384,0,378
"21162","cases_obs",6083,385,0,332
"21163","cases_obs",6083,386,0,335
"21164","cases_obs",6083,387,0,293
"21165","cases_obs",6083,388,0,308
"21166","cases_obs",6083,389,0,301
"21167","cases_obs",6083,390,0,358
"21168","cases_obs",6083,391,0,343
"21169","cases_obs",6083,392,0,412
"21170","cases_obs",6083,393,0,371
"21171","cases_obs",6083,394,0,432
"21172","cases_obs",6083,395,0,384
"21173","cases_obs",6083,396,0,362
"21174","cases_obs",6083,397,0,328
"21175","cases_obs",6083,398,0,384
"21176","cases_obs",6083,399,0,385
"21177","cases_obs",6083,400,0,396
"21178","cases_obs",6083,401,0,478
"21179","cases_obs",6083,402,0,617
"21180","cases_obs",6083,403,0,604
"21181","cases_obs",6083,404,0,612
"21182","cases_obs",6083,405,0,539
"21183","cases_obs",6083,406,0,524
"21184","cases_obs",6083,407,0,425
"21185","cases_obs",6083,408,0,505
"21186","cases_obs",6083,409,0,531
"21187","cases_obs",6083,410,0,525
"21188","cases_obs",6083,411,0,447
"21189","cases_obs",6083,412,0,510
"21190","cases_obs",6083,413,0,451
"21191","cases_obs",6083,414,0,448
"21192","cases_obs",6083,415,0,413
"21193","cases_obs",6083,416,0,258
"21194","cases_obs",6083,417,0,417
"21195","cases_obs",6083,418,0,360
"21196","cases_obs",6083,419,0,354
"21197","cases_obs",6083,420,0,408
"21198","cases_obs",6083,421,0,350
"21199","cases_obs",6083,422,0,326
"21200","cases_obs",6083,423,0,311
"21201","cases_obs",6083,424,0,290
"21202","cases_obs",6083,425,0,333
"21203","cases_obs",6083,426,0,308
"21204","cases_obs",6083,427,0,284
"21205","cases_obs",6083,428,0,248
"21206","cases_obs",6083,429,0,340
"21207","cases_obs",6083,430,0,316
"21208","cases_obs",6083,431,0,229
"21209","cases_obs",6083,432,0,279
"21210","cases_obs",6083,433,0,271
"21211","cases_obs",6083,434,0,331
"21212","cases_obs",6083,435,0,313
"21213","cases_obs",6083,436,0,329
"21214","cases_obs",6083,437,0,372
"21215","cases_obs",6083,438,0,348
"21216","cases_obs",6083,439,0,309
"21217","cases_obs",6083,440,0,317
"21218","cases_obs",6083,441,0,459
"21219","cases_obs",6083,442,0,445
"21220","cases_obs",6083,443,0,403
"21221","cases_obs",6083,444,0,383
"21222","cases_obs",6083,445,0,420
"21223","cases_obs",6083,446,0,383
"21224","cases_obs",6083,447,0,316
"21225","cases_obs",6083,448,0,290
"21226","cases_obs",6083,449,0,307
"21227","cases_obs",6083,450,0,248
"21228","cases_obs",6083,451,0,283
"21229","cases_obs",6083,452,0,341
"21230","cases_obs",6083,453,0,413
"21231","cases_obs",6083,454,0,433
"21232","cases_obs",6083,455,0,447
"21233","cases_obs",6083,456,0,413
"21234","cases_obs",6083,457,0,328
"21235","cases_obs",6083,458,0,381
"21236","cases_obs",6083,459,0,347
"21237","cases_obs",6083,460,0,313
"21238","cases_obs",6083,461,0,317
"21239","cases_obs",6083,462,0,311
"21240","cases_obs",6083,463,0,304
"21241","cases_obs",6083,464,0,284
"21242","cases_obs",6083,465,0,277
"21243","cases_obs",6083,466,0,287
"21244","cases_obs",6083,467,0,285
"21245","cases_obs",6083,468,0,234
"21246","cases_obs",6083,469,0,282
"21247","cases_obs",6083,470,0,213
"21248","cases_obs",6083,471,0,215
"21249","cases_obs",6083,472,0,212
"21250","cases_obs",6083,473,0,209
"21251","cases_obs",6083,474,0,207
"21252","cases_obs",6083,475,0,246
"21253","cases_obs",6083,476,0,216
"21254","cases_obs",6083,477,0,221
"21255","cases_obs",6083,478,0,216
"21256","cases_obs",6083,479,0,216
"21257","cases_obs",6083,480,0,174
"21258","cases_obs",6083,481,0,180
"21259","cases_obs",6083,482,0,198
"21260","cases_obs",6083,483,0,196
"21261","cases_obs",6083,484,0,210
"21262","cases_obs",6083,485,0,202
"21263","cases_obs",6083,486,0,206
"21264","cases_obs",6083,487,0,188
"21265","cases_obs",6083,488,0,188
"21266","cases_obs",6083,489,0,203
"21267","cases_obs",6083,490,0,183
"21268","cases_obs",6083,491,0,215
"21269","cases_obs",6083,492,0,191
"21270","cases_obs",6083,493,0,172
"21271","cases_obs",6083,494,0,199
"21272","cases_obs",6083,495,0,196
"21273","cases_obs",6083,496,0,186
"21274","cases_obs",6083,497,0,247
"21275","cases_obs",6083,498,0,185
"21276","cases_obs",6083,499,0,199
"21277","cases_obs",6083,500,0,170
"21278","cases_obs",6083,501,0,176
"21279","cases_obs",6083,502,0,164
"21280","cases_obs",6083,503,0,168
"21281","cases_obs",6083,504,0,190
"21282","cases_obs",6083,505,0,203
"21283","cases_obs",6083,506,0,216
"21284","cases_obs",6083,507,0,214
"21285","cases_obs",6083,508,0,262
"21286","cases_obs",6083,509,0,250
"21287","cases_obs",6083,510,0,252
"21288","cases_obs",6083,511,0,263
"21289","cases_obs",6083,512,0,232
"21290","cases_obs",6083,513,0,200
"21291","cases_obs",6083,514,0,246
"21292","cases_obs",6083,515,0,204
"21293","cases_obs",6083,516,0,176
"21294","cases_obs",6083,517,0,170
"21295","cases_obs",6083,518,0,180
"21296","cases_obs",6083,519,0,189
"21297","cases_obs",6083,520,0,177
"21298","cases_obs",6083,521,0,145
"21299","cases_obs",6083,522,0,166
"21300","cases_obs",6083,523,0,151
"21301","cases_obs",6083,524,0,156
"21302","cases_obs",6083,525,0,125
"21303","cases_obs",6083,526,0,139
"21304","cases_obs",6083,527,0,144
"21305","cases_obs",6083,528,0,156
"21306","cases_obs",6083,529,0,158
"21307","cases_obs",6083,530,0,128
"21308","cases_obs",6083,531,0,143
"21309","cases_obs",6083,532,0,157
"21310","cases_obs",6083,533,0,137
"21311","cases_obs",6083,534,0,145
"21312","cases_obs",6083,535,0,122
"21313","cases_obs",6083,536,0,126
"21314","cases_obs",6083,537,0,185
"21315","cases_obs",6083,538,0,154
"21316","cases_obs",6083,539,0,156
"21317","cases_obs",6083,540,0,167
"21318","cases_obs",6083,541,0,173
"21319","cases_obs",6083,542,0,151
"21320","cases_obs",6083,543,0,171
"21321","cases_obs",6083,544,0,151
"21322","cases_obs",6083,545,0,196
"21323","cases_obs",6083,546,0,164
"21324","cases_obs",6083,547,0,172
"21325","cases_obs",6083,548,0,193
"21326","cases_obs",6083,549,0,211
"21327","cases_obs",6083,550,0,231
"21328","cases_obs",6083,551,0,222
"21329","cases_obs",6083,552,0,194
"21330","cases_obs",6083,553,0,186
"21331","cases_obs",6083,554,0,157
"21332","cases_obs",6083,555,0,141
"21333","cases_obs",6083,556,0,167
"21334","cases_obs",6083,557,0,226
"21335","cases_obs",6083,558,0,267
"21336","cases_obs",6083,559,0,243
"21337","cases_obs",6083,560,0,346
"21338","cases_obs",6083,561,0,303
"21339","cases_obs",6083,562,0,380
"21340","cases_obs",6083,563,0,382
"21341","cases_obs",6083,564,0,335
"21342","cases_obs",6083,565,0,291
"21343","cases_obs",6083,566,0,318
"21344","cases_obs",6083,567,0,309
"21345","cases_obs",6083,568,0,240
"21346","cases_obs",6083,569,0,258
"21347","cases_obs",6083,570,0,272
"21348","cases_obs",6083,571,0,253
"21349","cases_obs",6083,572,0,207
"21350","cases_obs",6083,573,0,169
"21351","cases_obs",6083,574,0,214
"21352","cases_obs",6083,575,0,172
"21353","cases_obs",6083,576,0,171
"21354","cases_obs",6083,577,0,195
"21355","cases_obs",6083,578,0,170
"21356","cases_obs",6083,579,0,183
"21357","cases_obs",6083,580,0,148
"21358","cases_obs",6083,581,0,214
"21359","cases_obs",6083,582,0,182
"21360","cases_obs",6083,583,0,168
"21361","cases_obs",6083,584,0,177
"21362","cases_obs",6083,585,0,131
"21363","cases_obs",6083,586,0,158
"21364","cases_obs",6083,587,0,114
"21365","cases_obs",6083,588,0,131
"21366","cases_obs",6083,589,0,143
"21367","cases_obs",6083,590,0,168
"21368","cases_obs",6083,591,0,183
"21369","cases_obs",6083,592,0,163
"21370","cases_obs",6083,593,0,163
"21371","cases_obs",6083,594,0,192
"21372","cases_obs",6083,595,0,173
"21373","cases_obs",6083,596,0,189
"21374","cases_obs",6083,597,0,200
"21375","cases_obs",6083,598,0,199
"21376","cases_obs",6083,599,0,206
"21377","cases_obs",6083,600,0,213
"21378","cases_obs",6083,601,0,247
"21379","cases_obs",6083,602,0,196
"21380","cases_obs",6083,603,0,214
"21381","cases_obs",6083,604,0,183
"21382","cases_obs",6083,605,0,211
"21383","cases_obs",6083,606,0,215
"21384","cases_obs",6083,607,0,160
"21385","cases_obs",6083,608,0,219
"21386","cases_obs",6083,609,0,233
"21387","cases_obs",6083,610,0,283
"21388","cases_obs",6083,611,0,239
"21389","cases_obs",6083,612,0,285
"21390","cases_obs",6083,613,0,330
"21391","cases_obs",6083,614,0,340
"21392","cases_obs",6083,615,0,356
"21393","cases_obs",6083,616,0,313
"21394","cases_obs",6083,617,0,306
"21395","cases_obs",6083,618,0,326
"21396","cases_obs",6083,619,0,303
"21397","cases_obs",6083,620,0,288
"21398","cases_obs",6083,621,0,294
"21399","cases_obs",6083,622,0,300
"21400","cases_obs",6083,623,0,252
"21401","cases_obs",6083,624,0,227
"21402","cases_obs",6083,625,0,180
"21403","cases_obs",6083,626,0,205
"21404","cases_obs",6083,627,0,203
"21405","cases_obs",6083,628,0,223
"21406","cases_obs",6083,629,0,210
"21407","cases_obs",6083,630,0,245
"21408","cases_obs",6083,631,0,223
"21409","cases_obs",6083,632,0,213
"21410","cases_obs",6083,633,0,169
"21411","cases_obs",6083,634,0,205
"21412","cases_obs",6083,635,0,178
"21413","cases_obs",6083,636,0,178
"21414","cases_obs",6083,637,0,118
"21415","cases_obs",6083,638,0,242
"21416","cases_obs",6083,639,0,178
"21417","cases_obs",6083,640,0,182
"21418","cases_obs",6083,641,0,215
"21419","cases_obs",6083,642,0,204
"21420","cases_obs",6083,643,0,220
"21421","cases_obs",6083,644,0,199
"21422","cases_obs",6083,645,0,213
"21423","cases_obs",6083,646,0,197
"21424","cases_obs",6083,647,0,188
"21425","cases_obs",6083,648,0,199
"21426","cases_obs",6083,649,0,201
"21427","cases_obs",6083,650,0,285
"21428","cases_obs",6083,651,0,332
"21429","cases_obs",6083,652,0,325
"21430","cases_obs",6083,653,0,335
"21431","cases_obs",6083,654,0,361
"21432","cases_obs",6083,655,0,361
"21433","cases_obs",6083,656,0,292
"21434","cases_obs",6083,657,0,228
"21435","cases_obs",6083,658,0,246
"21436","cases_obs",6083,659,0,241
"21437","cases_obs",6083,660,0,286
"21438","cases_obs",6083,661,0,336
"21439","cases_obs",6083,662,0,306
"21440","cases_obs",6083,663,0,403
"21441","cases_obs",6083,664,0,535
"21442","cases_obs",6083,665,0,514
"21443","cases_obs",6083,666,0,508
"21444","cases_obs",6083,667,0,576
"21445","cases_obs",6083,668,0,609
"21446","cases_obs",6083,669,0,698
"21447","cases_obs",6083,670,0,548
"21448","cases_obs",6083,671,0,681
"21449","cases_obs",6083,672,0,639
"21450","cases_obs",6083,673,0,640
"21451","cases_obs",6083,674,0,553
"21452","cases_obs",6083,675,0,596
"21453","cases_obs",6083,676,0,485
"21454","cases_obs",6083,677,0,318
"21455","cases_obs",6083,678,0,459
"21456","cases_obs",6083,679,0,457
"21457","cases_obs",6083,680,0,429
"21458","cases_obs",6083,681,0,374
"21459","cases_obs",6083,682,0,459
"21460","cases_obs",6083,683,0,411
"21461","cases_obs",6083,684,0,458
"21462","cases_obs",6083,685,0,380
"21463","cases_obs",6083,686,0,432
"21464","cases_obs",6083,687,0,360
"21465","cases_obs",6083,688,0,337
"21466","cases_obs",6083,689,0,342
"21467","cases_obs",6083,690,0,341
"21468","cases_obs",6083,691,0,396
"21469","cases_obs",6083,692,0,292
"21470","cases_obs",6083,693,0,318
"21471","cases_obs",6083,694,0,292
"21472","cases_obs",6083,695,0,381
"21473","cases_obs",6083,696,0,410
"21474","cases_obs",6083,697,0,338
"21475","cases_obs",6083,698,0,426
"21476","cases_obs",6083,699,0,404
"21477","cases_obs",6083,700,0,351
"21478","cases_obs",6083,701,0,403
"21479","cases_obs",6083,702,0,428
"21480","cases_obs",6083,703,0,445
"21481","cases_obs",6083,704,0,433
"21482","cases_obs",6083,705,0,432
"21483","cases_obs",6083,706,0,446
"21484","cases_obs",6083,707,0,423
"21485","cases_obs",6083,708,0,431
"21486","cases_obs",6083,709,0,372
"21487","cases_obs",6083,710,0,378
"21488","cases_obs",6083,711,0,364
"21489","cases_obs",6083,712,0,542
"21490","cases_obs",6083,713,0,554
"21491","cases_obs",6083,714,0,661
"21492","cases_obs",6083,715,0,584
"21493","cases_obs",6083,716,0,652
"21494","cases_obs",6083,717,0,810
"21495","cases_obs",6083,718,0,771
"21496","cases_obs",6083,719,0,875
"21497","cases_obs",6083,720,0,824
"21498","cases_obs",6083,721,0,689
"21499","cases_obs",6083,722,0,725
"21500","cases_obs",6083,723,0,698
"21501","cases_obs",6083,724,0,689
"21502","cases_obs",6083,725,0,644
"21503","cases_obs",6083,726,0,578
"21504","cases_obs",6083,727,0,546
"21505","cases_obs",6083,728,0,476
"21506","cases_obs",6083,729,0,318
"21507","cases_obs",6083,730,0,503
"21508","cases_obs",6083,731,0,328
"21509","cases_obs",6083,732,0,355
"21510","cases_obs",6083,733,0,322
"21511","cases_obs",6083,734,0,338
"21512","cases_obs",6083,735,0,369
"21513","cases_obs",6083,736,0,361
"21514","cases_obs",6083,737,0,308
"21515","cases_obs",6083,738,0,299
"21516","cases_obs",6083,739,0,333
"21517","cases_obs",6083,740,0,280
"21518","cases_obs",6083,741,0,318
"21519","cases_obs",6083,742,0,300
"21520","cases_obs",6083,743,0,243
"21521","cases_obs",6083,744,0,292
"21522","cases_obs",6083,745,0,276
"21523","cases_obs",6083,746,0,255
"21524","cases_obs",6083,747,0,321
"21525","cases_obs",6083,748,0,323
"21526","cases_obs",6083,749,0,276
"21527","cases_obs",6083,750,0,336
"21528","cases_obs",6083,751,0,279
"21529","cases_obs",6083,752,0,321
"21530","cases_obs",6083,753,0,350
"21531","cases_obs",6083,754,0,330
"21532","cases_obs",6083,755,0,331
"21533","cases_obs",6083,756,0,351
"21534","cases_obs",6083,757,0,348
"21535","cases_obs",6083,758,0,315
"21536","cases_obs",6083,759,0,349
"21537","cases_obs",6083,760,0,314
"21538","cases_obs",6083,761,0,284
"21539","cases_obs",6083,762,0,294
"21540","cases_obs",6083,763,0,223
"21541","cases_obs",6083,764,0,211
"21542","cases_obs",6083,765,0,354
"21543","cases_obs",6083,766,0,294
"21544","cases_obs",6083,767,0,400
"21545","cases_obs",6083,768,0,393
"21546","cases_obs",6083,769,0,422
"21547","cases_obs",6083,770,0,485
"21548","cases_obs",6083,771,0,467
"21549","cases_obs",6083,772,0,463
"21550","cases_obs",6083,773,0,410
"21551","cases_obs",6083,774,0,353
"21552","cases_obs",6083,775,0,396
"21553","cases_obs",6083,776,0,347
"21554","cases_obs",6083,777,0,331
"21555","cases_obs",6083,778,0,298
"21556","cases_obs",6083,779,0,277
"21557","cases_obs",6083,780,0,272
"21558","cases_obs",6083,781,0,199
"21559","cases_obs",6083,782,0,258
"21560","cases_obs",6083,783,0,261
"21561","cases_obs",6083,784,0,234
"21562","cases_obs",6083,785,0,274
"21563","cases_obs",6083,786,0,263
"21564","cases_obs",6083,787,0,257
"21565","cases_obs",6083,788,0,200
"21566","cases_obs",6083,789,0,223
"21567","cases_obs",6083,790,0,203
"21568","cases_obs",6083,791,0,234
"21569","cases_obs",6083,792,0,226
"21570","cases_obs",6083,793,0,192
"21571","cases_obs",6083,794,0,207
"21572","cases_obs",6083,795,0,210
"21573","cases_obs",6083,796,0,235
"21574","cases_obs",6083,797,0,196
"21575","cases_obs",6083,798,0,183
"21576","cases_obs",6083,799,0,201
"21577","cases_obs",6083,800,0,168
"21578","cases_obs",6083,801,0,167
"21579","cases_obs",6083,802,0,155
"21580","cases_obs",6083,803,0,161
"21581","cases_obs",6083,804,0,162
"21582","cases_obs",6083,805,0,166
"21583","cases_obs",6083,806,0,154
"21584","cases_obs",6083,807,0,170
"21585","cases_obs",6083,808,0,157
"21586","cases_obs",6083,809,0,165
"21587","cases_obs",6083,810,0,165
"21588","cases_obs",6083,811,0,172
"21589","cases_obs",6083,812,0,161
"21590","cases_obs",6083,813,0,127
"21591","cases_obs",6083,814,0,145
"21592","cases_obs",6083,815,0,90
"21593","cases_obs",6083,816,0,97
"21594","cases_obs",6083,817,0,129
"21595","cases_obs",6083,818,0,147
"21596","cases_obs",6083,819,0,141
"21597","cases_obs",6083,820,0,147
"21598","cases_obs",6083,821,0,155
"21599","cases_obs",6083,822,0,153
"21600","cases_obs",6083,823,0,153
"21601","cases_obs",6083,824,0,140
"21602","cases_obs",6083,825,0,177
"21603","cases_obs",6083,826,0,163
"21604","cases_obs",6083,827,0,153
"21605","cases_obs",6083,828,0,147
"21606","cases_obs",6083,829,0,118
"21607","cases_obs",6083,830,0,128
"21608","cases_obs",6083,831,0,98
"21609","cases_obs",6083,832,0,120
"21610","cases_obs",6083,833,0,94
"21611","cases_obs",6083,834,0,94
"21612","cases_obs",6083,835,0,119
"21613","cases_obs",6083,836,0,86
"21614","cases_obs",6083,837,0,108
"21615","cases_obs",6083,838,0,111
"21616","cases_obs",6083,839,0,93
"21617","cases_obs",6083,840,0,95
"21618","cases_obs",6083,841,0,113
"21619","cases_obs",6083,842,0,123
"21620","cases_obs",6083,843,0,109
"21621","cases_obs",6083,844,0,104
"21622","cases_obs",6083,845,0,109
"21623","cases_obs",6083,846,0,114
"21624","cases_obs",6083,847,0,98
"21625","cases_obs",6083,848,0,75
"21626","cases_obs",6083,849,0,91
"21627","cases_obs",6083,850,0,86
"21628","cases_obs",6083,851,0,96
"21629","cases_obs",6083,852,0,101
"21630","cases_obs",6083,853,0,99
"21631","cases_obs",6083,854,0,90
"21632","cases_obs",6083,855,0,90
"21633","cases_obs",6083,856,0,84
"21634","cases_obs",6083,857,0,107
"21635","cases_obs",6083,858,0,70
"21636","cases_obs",6083,859,0,72
"21637","cases_obs",6083,860,0,91
"21638","cases_obs",6083,861,0,102
"21639","cases_obs",6083,862,0,110
"21640","cases_obs",6083,863,0,94
"21641","cases_obs",6083,864,0,93
"21642","cases_obs",6083,865,0,84
"21643","cases_obs",6083,866,0,69
"21644","cases_obs",6083,867,0,90
"21645","cases_obs",6083,868,0,92
"21646","cases_obs",6083,869,0,88
"21647","cases_obs",6083,870,0,104
"21648","cases_obs",6083,871,0,113
"21649","cases_obs",6083,872,0,151
"21650","cases_obs",6083,873,0,156
"21651","cases_obs",6083,874,0,157
"21652","cases_obs",6083,875,0,168
"21653","cases_obs",6083,876,0,158
"21654","cases_obs",6083,877,0,212
"21655","cases_obs",6083,878,0,188
"21656","cases_obs",6083,879,0,153
"21657","cases_obs",6083,880,0,226
"21658","cases_obs",6083,881,0,210
"21659","cases_obs",6083,882,0,195
"21660","cases_obs",6083,883,0,169
"21661","cases_obs",6083,884,0,154
"21662","cases_obs",6083,885,0,132
"21663","cases_obs",6083,886,0,113
"21664","cases_obs",6083,887,0,135
"21665","cases_obs",6083,888,0,144
"21666","cases_obs",6083,889,0,125
"21667","cases_obs",6083,890,0,135
"21668","cases_obs",6083,891,0,135
"21669","cases_obs",6083,892,0,127
"21670","cases_obs",6083,893,0,106
"21671","cases_obs",6083,894,0,119
"21672","cases_obs",6083,895,0,94
"21673","cases_obs",6083,896,0,118
"21674","cases_obs",6083,897,0,131
"21675","cases_obs",6083,898,0,153
"21676","cases_obs",6083,899,0,118
"21677","cases_obs",6083,900,0,95
"21678","cases_obs",6083,901,0,109
"21679","cases_obs",6083,902,0,98
"21680","cases_obs",6083,903,0,97
"21681","cases_obs",6083,904,0,91
"21682","cases_obs",6083,905,0,123
"21683","cases_obs",6083,906,0,119
"21684","cases_obs",6083,907,0,108
"21685","cases_obs",6083,908,0,86
"21686","cases_obs",6083,909,0,106
"21687","cases_obs",6083,910,0,116
"21688","cases_obs",6083,911,0,135
"21689","cases_obs",6083,912,0,147
"21690","cases_obs",6083,913,0,112
"21691","cases_obs",6083,914,0,113
"21692","cases_obs",6083,915,0,110
"21693","cases_obs",6083,916,0,98
"21694","cases_obs",6083,917,0,102
"21695","cases_obs",6083,918,0,94
"21696","cases_obs",6083,919,0,100
"21697","cases_obs",6083,920,0,104
"21698","cases_obs",6083,921,0,101
"21699","cases_obs",6083,922,0,138
"21700","cases_obs",6083,923,0,161
"21701","cases_obs",6083,924,0,157
"21702","cases_obs",6083,925,0,185
"21703","cases_obs",6083,926,0,170
"21704","cases_obs",6083,927,0,242
"21705","cases_obs",6083,928,0,237
"21706","cases_obs",6083,929,0,211
"21707","cases_obs",6083,930,0,171
"21708","cases_obs",6083,931,0,170
"21709","cases_obs",6083,932,0,153
"21710","cases_obs",6083,933,0,138
"21711","cases_obs",6083,934,0,127
"21712","cases_obs",6083,935,0,156
"21713","cases_obs",6083,936,0,145
"21714","cases_obs",6083,937,0,137
"21715","cases_obs",6083,938,0,121
"21716","cases_obs",6083,939,0,160
"21717","cases_obs",6083,940,0,119
"21718","cases_obs",6083,941,0,157
"21719","cases_obs",6083,942,0,125
"21720","cases_obs",6083,943,0,122
"21721","cases_obs",6083,944,0,128
"21722","cases_obs",6083,945,0,143
"21723","cases_obs",6083,946,0,132
"21724","cases_obs",6083,947,0,121
"21725","cases_obs",6083,948,0,140
"21726","cases_obs",6083,949,0,130
"21727","cases_obs",6083,950,0,106
"21728","cases_obs",6083,951,0,155
"21729","cases_obs",6083,952,0,157
"21730","cases_obs",6083,953,0,177
"21731","cases_obs",6083,954,0,136
"21732","cases_obs",6083,955,0,122
"21733","cases_obs",6083,956,0,119
"21734","cases_obs",6083,957,0,152
"21735","cases_obs",6083,958,0,151
"21736","cases_obs",6083,959,0,156
"21737","cases_obs",6083,960,0,164
"21738","cases_obs",6083,961,0,147
"21739","cases_obs",6083,962,0,162
"21740","cases_obs",6083,963,0,165
"21741","cases_obs",6083,964,0,179
"21742","cases_obs",6083,965,0,244
"21743","cases_obs",6083,966,0,259
"21744","cases_obs",6083,967,0,240
"21745","cases_obs",6083,968,0,288
"21746","cases_obs",6083,969,0,212
"21747","cases_obs",6083,970,0,189
"21748","cases_obs",6083,971,0,208
"21749","cases_obs",6083,972,0,165
"21750","cases_obs",6083,973,0,166
"21751","cases_obs",6083,974,0,219
"21752","cases_obs",6083,975,0,259
"21753","cases_obs",6083,976,0,260
"21754","cases_obs",6083,977,0,305
"21755","cases_obs",6083,978,0,390
"21756","cases_obs",6083,979,0,418
"21757","cases_obs",6083,980,0,448
"21758","cases_obs",6083,981,0,479
"21759","cases_obs",6083,982,0,444
"21760","cases_obs",6083,983,0,458
"21761","cases_obs",6083,984,0,438
"21762","cases_obs",6083,985,0,467
"21763","cases_obs",6083,986,0,511
"21764","cases_obs",6083,987,0,503
"21765","cases_obs",6083,988,0,442
"21766","cases_obs",6083,989,0,484
"21767","cases_obs",6083,990,0,261
"21768","cases_obs",6083,991,0,469
"21769","cases_obs",6083,992,0,287
"21770","cases_obs",6083,993,0,328
"21771","cases_obs",6083,994,0,343
"21772","cases_obs",6083,995,0,303
"21773","cases_obs",6083,996,0,314
"21774","cases_obs",6083,997,0,282
"21775","cases_obs",6083,998,0,299
"21776","cases_obs",6083,999,0,277
"21777","cases_obs",6083,1000,0,256
"21778","cases_obs",6083,1001,0,252
"21779","cases_obs",6083,1002,0,294
"21780","cases_obs",6083,1003,0,281
"21781","cases_obs",6083,1004,0,202
"21782","cases_obs",6083,1005,0,305
"21783","cases_obs",6083,1006,0,235
"21784","cases_obs",6083,1007,0,217
"21785","cases_obs",6083,1008,0,233
"21786","cases_obs",6083,1009,0,229
"21787","cases_obs",6083,1010,0,271
"21788","cases_obs",6083,1011,0,229
"21789","cases_obs",6083,1012,0,221
"21790","cases_obs",6083,1013,0,198
"21791","cases_obs",6083,1014,0,217
"21792","cases_obs",6083,1015,0,264
"21793","cases_obs",6083,1016,0,274
"21794","cases_obs",6083,1017,0,302
"21795","cases_obs",6083,1018,0,293
"21796","cases_obs",6083,1019,0,303
"21797","cases_obs",6083,1020,0,280
"21798","cases_obs",6083,1021,0,292
"21799","cases_obs",6083,1022,0,295
"21800","cases_obs",6083,1023,0,317
"21801","cases_obs",6083,1024,0,340
"21802","cases_obs",6083,1025,0,369
"21803","cases_obs",6083,1026,0,436
"21804","cases_obs",6083,1027,0,532
"21805","cases_obs",6083,1028,0,605
"21806","cases_obs",6083,1029,0,703
"21807","cases_obs",6083,1030,0,771
"21808","cases_obs",6083,1031,0,826
"21809","cases_obs",6083,1032,0,906
"21810","cases_obs",6083,1033,0,943
"21811","cases_obs",6083,1034,0,1025
"21812","cases_obs",6083,1035,0,878
"21813","cases_obs",6083,1036,0,980
"21814","cases_obs",6083,1037,0,838
"21815","cases_obs",6083,1038,0,728
"21816","cases_obs",6083,1039,0,787
"21817","cases_obs",6083,1040,0,723
"21818","cases_obs",6083,1041,0,528
"21819","cases_obs",6083,1042,0,471
"21820","cases_obs",6083,1043,0,641
"21821","cases_obs",6083,1044,0,516
"21822","cases_obs",6083,1045,0,479
"21823","cases_obs",6083,1046,0,540
"21824","cases_obs",6083,1047,0,567
"21825","cases_obs",6083,1048,0,424
"21826","cases_obs",6083,1049,0,488
"21827","cases_obs",6083,1050,0,525
"21828","cases_obs",6083,1051,0,465
"21829","cases_obs",6083,1052,0,476
"21830","cases_obs",6083,1053,0,509
"21831","cases_obs",6083,1054,0,513
"21832","cases_obs",6083,1055,0,466
"21833","cases_obs",6083,1056,0,445
"21834","cases_obs",6083,1057,0,427
"21835","cases_obs",6083,1058,0,409
"21836","cases_obs",6083,1059,0,411
"21837","cases_obs",6083,1060,0,490
"21838","cases_obs",6083,1061,0,490
"21839","cases_obs",6083,1062,0,533
"21840","cases_obs",6083,1063,0,503
"21841","cases_obs",6083,1064,0,553
"21842","cases_obs",6083,1065,0,547
"21843","cases_obs",6083,1066,0,427
"21844","cases_obs",6083,1067,0,558
"21845","cases_obs",6083,1068,0,546
"21846","cases_obs",6083,1069,0,542
"21847","cases_obs",6083,1070,0,625
"21848","cases_obs",6083,1071,0,593
"21849","cases_obs",6083,1072,0,602
"21850","cases_obs",6083,1073,0,530
"21851","cases_obs",6083,1074,0,439
"21852","cases_obs",6083,1075,0,395
"21853","cases_obs",6083,1076,0,478
"21854","cases_obs",6083,1077,0,434
"21855","cases_obs",6083,1078,0,605
"21856","cases_obs",6083,1079,0,730
"21857","cases_obs",6083,1080,0,878
"21858","cases_obs",6083,1081,0,812
"21859","cases_obs",6083,1082,0,894
"21860","cases_obs",6083,1083,0,1154
"21861","cases_obs",6083,1084,0,1137
"21862","cases_obs",6083,1085,0,1232
"21863","cases_obs",6083,1086,0,1102
"21864","cases_obs",6083,1087,0,1088
"21865","cases_obs",6083,1088,0,990
"21866","cases_obs",6083,1089,0,949
"21867","cases_obs",6083,1090,0,924
"21868","cases_obs",6083,1091,0,779
"21869","cases_obs",6083,1092,0,684
"21870","cases_obs",6083,1093,0,689
"21871","cases_obs",6083,1094,0,661
"21872","cases_obs",6083,1095,0,553
"21873","cases_obs",6083,1096,0,512
"21874","cases_obs",6083,1097,0,520
"21875","cases_obs",6083,1098,0,465
"21876","cases_obs",6083,1099,0,477
"21877","cases_obs",6083,1100,0,453
"21878","cases_obs",6083,1101,0,422
"21879","cases_obs",6083,1102,0,394
"21880","cases_obs",6083,1103,0,380
"21881","cases_obs",6083,1104,0,299
"21882","cases_obs",6083,1105,0,388
"21883","cases_obs",6083,1106,0,308
"21884","cases_obs",6083,1107,0,325
"21885","cases_obs",6083,1108,0,372
"21886","cases_obs",6083,1109,0,325
"21887","cases_obs",6083,1110,0,333
"21888","cases_obs",6083,1111,0,305
"21889","cases_obs",6083,1112,0,363
"21890","cases_obs",6083,1113,0,342
"21891","cases_obs",6083,1114,0,354
"21892","cases_obs",6083,1115,0,320
"21893","cases_obs",6083,1116,0,297
"21894","cases_obs",6083,1117,0,269
"21895","cases_obs",6083,1118,0,294
"21896","cases_obs",6083,1119,0,318
"21897","cases_obs",6083,1120,0,282
"21898","cases_obs",6083,1121,0,333
"21899","cases_obs",6083,1122,0,330
"21900","cases_obs",6083,1123,0,332
"21901","cases_obs",6083,1124,0,277
"21902","cases_obs",6083,1125,0,272
"21903","cases_obs",6083,1126,0,247
"21904","cases_obs",6083,1127,0,232
"21905","cases_obs",6083,1128,0,261
"21906","cases_obs",6083,1129,0,258
"21907","cases_obs",6083,1130,0,286
"21908","cases_obs",6083,1131,0,305
"21909","cases_obs",6083,1132,0,326
"21910","cases_obs",6083,1133,0,369
"21911","cases_obs",6083,1134,0,344
"21912","cases_obs",6083,1135,0,311
"21913","cases_obs",6083,1136,0,356
"21914","cases_obs",6083,1137,0,303
"21915","cases_obs",6083,1138,0,272
"21916","cases_obs",6083,1139,0,327
"21917","cases_obs",6083,1140,0,295
"21918","cases_obs",6083,1141,0,278
"21919","cases_obs",6083,1142,0,284
"21920","cases_obs",6083,1143,0,273
"21921","cases_obs",6083,1144,0,269
"21922","cases_obs",6083,1145,0,249
"21923","cases_obs",6083,1146,0,208
"21924","cases_obs",6083,1147,0,285
"21925","cases_obs",6083,1148,0,200
"21926","cases_obs",6083,1149,0,222
"21927","cases_obs",6083,1150,0,221
"21928","cases_obs",6083,1151,0,220
"21929","cases_obs",6083,1152,0,182
"21930","cases_obs",6083,1153,0,230
"21931","cases_obs",6083,1154,0,196
"21932","cases_obs",6083,1155,0,218
"21933","cases_obs",6083,1156,0,218
"21934","cases_obs",6083,1157,0,212
"21935","cases_obs",6083,1158,0,206
"21936","cases_obs",6083,1159,0,172
"21937","cases_obs",6083,1160,0,175
"21938","cases_obs",6083,1161,0,142
"21939","cases_obs",6083,1162,0,174
"21940","cases_obs",6083,1163,0,170
"21941","cases_obs",6083,1164,0,194
"21942","cases_obs",6083,1165,0,189
"21943","cases_obs",6083,1166,0,155
"21944","cases_obs",6083,1167,0,172
"21945","cases_obs",6083,1168,0,189
"21946","cases_obs",6083,1169,0,161
"21947","cases_obs",6083,1170,0,177
"21948","cases_obs",6083,1171,0,171
"21949","cases_obs",6083,1172,0,194
"21950","cases_obs",6083,1173,0,180
"21951","cases_obs",6083,1174,0,173
"21952","cases_obs",6083,1175,0,141
"21953","cases_obs",6083,1176,0,143
"21954","cases_obs",6083,1177,0,127
"21955","cases_obs",6083,1178,0,109
"21956","cases_obs",6083,1179,0,114
"21957","cases_obs",6083,1180,0,123
"21958","cases_obs",6083,1181,0,123
"21959","cases_obs",6083,1182,0,179
"21960","cases_obs",6083,1183,0,218
"21961","cases_obs",6083,1184,0,230
"21962","cases_obs",6083,1185,0,256
"21963","cases_obs",6083,1186,0,235
"21964","cases_obs",6083,1187,0,230
"21965","cases_obs",6083,1188,0,216
"21966","cases_obs",6083,1189,0,302
"21967","cases_obs",6083,1190,0,241
"21968","cases_obs",6083,1191,0,220
"21969","cases_obs",6083,1192,0,242
"21970","cases_obs",6083,1193,0,227
"21971","cases_obs",6083,1194,0,240
"21972","cases_obs",6083,1195,0,214
"21973","cases_obs",6083,1196,0,211
"21974","cases_obs",6083,1197,0,178
"21975","cases_obs",6083,1198,0,172
"21976","cases_obs",6083,1199,0,194
"21977","cases_obs",6083,1200,0,146
"21978","cases_obs",6083,1201,0,179
"21979","cases_obs",6083,1202,0,217
"21980","cases_obs",6083,1203,0,148
"21981","cases_obs",6083,1204,0,187
"21982","cases_obs",6083,1205,0,170
"21983","cases_obs",6083,1206,0,161
"21984","cases_obs",6083,1207,0,133
"21985","cases_obs",6083,1208,0,193
"21986","cases_obs",6083,1209,0,155
"21987","cases_obs",6083,1210,0,183
"21988","cases_obs",6083,1211,0,184
"21989","cases_obs",6083,1212,0,166
"21990","cases_obs",6083,1213,0,170
"21991","cases_obs",6083,1214,0,186
"21992","cases_obs",6083,1215,0,215
"21993","cases_obs",6083,1216,0,185
"21994","cases_obs",6083,1217,0,189
"21995","cases_obs",6083,1218,0,221
"21996","cases_obs",6083,1219,0,235
"21997","cases_obs",6083,1220,0,228
"21998","cases_obs",6083,1221,0,227
"21999","cases_obs",6083,1222,0,235
"22000","cases_obs",6083,1223,0,193
"22001","cases_obs",6083,1224,0,208
"22002","cases_obs",6083,1225,0,205
"22003","cases_obs",6083,1226,0,240
"22004","cases_obs",6083,1227,0,184
"22005","cases_obs",6083,1228,0,211
"22006","cases_obs",6083,1229,0,216
"22007","cases_obs",6083,1230,0,214
"22008","cases_obs",6083,1231,0,219
"22009","cases_obs",6083,1232,0,174
"22010","cases_obs",6083,1233,0,207
"22011","cases_obs",6083,1234,0,209
"22012","cases_obs",6083,1235,0,273
"22013","cases_obs",6083,1236,0,302
"22014","cases_obs",6083,1237,0,269
"22015","cases_obs",6083,1238,0,286
"22016","cases_obs",6083,1239,0,323
"22017","cases_obs",6083,1240,0,296
"22018","cases_obs",6083,1241,0,293
"22019","cases_obs",6083,1242,0,295
"22020","cases_obs",6083,1243,0,264
"22021","cases_obs",6083,1244,0,295
"22022","cases_obs",6083,1245,0,255
"22023","cases_obs",6083,1246,0,322
"22024","cases_obs",6083,1247,0,256
"22025","cases_obs",6083,1248,0,238
"22026","cases_obs",6083,1249,0,268
"22027","cases_obs",6083,1250,0,180
"22028","cases_obs",6083,1251,0,291
"22029","cases_obs",6083,1252,0,218
"22030","cases_obs",6083,1253,0,239
"22031","cases_obs",6083,1254,0,205
"22032","cases_obs",6083,1255,0,211
"22033","cases_obs",6083,1256,0,197
"22034","cases_obs",6083,1257,0,213
"22035","cases_obs",6083,1258,0,205
"22036","cases_obs",6083,1259,0,193
"22037","cases_obs",6083,1260,0,183
"22038","cases_obs",6083,1261,0,183
"22039","cases_obs",6083,1262,0,176
"22040","cases_obs",6083,1263,0,197
"22041","cases_obs",6083,1264,0,236
"22042","cases_obs",6083,1265,0,206
"22043","cases_obs",6083,1266,0,196
"22044","cases_obs",6083,1267,0,191
"22045","cases_obs",6083,1268,0,197
"22046","cases_obs",6083,1269,0,239
"22047","cases_obs",6083,1270,0,202
"22048","cases_obs",6083,1271,0,217
"22049","cases_obs",6083,1272,0,201
"22050","cases_obs",6083,1273,0,183
"22051","cases_obs",6083,1274,0,224
"22052","cases_obs",6083,1275,0,195
"22053","cases_obs",6083,1276,0,179
"22054","cases_obs",6083,1277,0,257
"22055","cases_obs",6083,1278,0,260
"22056","cases_obs",6083,1279,0,282
"22057","cases_obs",6083,1280,0,238
"22058","cases_obs",6083,1281,0,200
"22059","cases_obs",6083,1282,0,166
"22060","cases_obs",6083,1283,0,194
"22061","cases_obs",6083,1284,0,173
"22062","cases_obs",6083,1285,0,188
"22063","cases_obs",6083,1286,0,208
"22064","cases_obs",6083,1287,0,213
"22065","cases_obs",6083,1288,0,281
"22066","cases_obs",6083,1289,0,327
"22067","cases_obs",6083,1290,0,342
"22068","cases_obs",6083,1291,0,363
"22069","cases_obs",6083,1292,0,313
"22070","cases_obs",6083,1293,0,382
"22071","cases_obs",6083,1294,0,313
"22072","cases_obs",6083,1295,0,310
"22073","cases_obs",6083,1296,0,332
"22074","cases_obs",6083,1297,0,327
"22075","cases_obs",6083,1298,0,298
"22076","cases_obs",6083,1299,0,256
"22077","cases_obs",6083,1300,0,267
"22078","cases_obs",6083,1301,0,235
"22079","cases_obs",6083,1302,0,196
"22080","cases_obs",6083,1303,0,278
"22081","cases_obs",6083,1304,0,248
"22082","cases_obs",6083,1305,0,229
"22083","cases_obs",6083,1306,0,226
"22084","cases_obs",6083,1307,0,266
"22085","cases_obs",6083,1308,0,255
"22086","cases_obs",6083,1309,0,232
"22087","cases_obs",6083,1310,0,271
"22088","cases_obs",6083,1311,0,247
"22089","cases_obs",6083,1312,0,225
"22090","cases_obs",6083,1313,0,224
"22091","cases_obs",6083,1314,0,242
"22092","cases_obs",6083,1315,0,237
"22093","cases_obs",6083,1316,0,261
"22094","cases_obs",6083,1317,0,213
"22095","cases_obs",6083,1318,0,228
"22096","cases_obs",6083,1319,0,201
"22097","cases_obs",6083,1320,0,241
"22098","cases_obs",6083,1321,0,234
"22099","cases_obs",6083,1322,0,238
"22100","cases_obs",6083,1323,0,268
"22101","cases_obs",6083,1324,0,250
"22102","cases_obs",6083,1325,0,204
"22103","cases_obs",6083,1326,0,252
"22104","cases_obs",6083,1327,0,252
"22105","cases_obs",6083,1328,0,236
"22106","cases_obs",6083,1329,0,278
"22107","cases_obs",6083,1330,0,232
"22108","cases_obs",6083,1331,0,289
"22109","cases_obs",6083,1332,0,191
"22110","cases_obs",6083,1333,0,202
"22111","cases_obs",6083,1334,0,159
"22112","cases_obs",6083,1335,0,190
"22113","cases_obs",6083,1336,0,181
"22114","cases_obs",6083,1337,0,151
"22115","cases_obs",6083,1338,0,184
"22116","cases_obs",6083,1339,0,186
"22117","cases_obs",6083,1340,0,216
"22118","cases_obs",6083,1341,0,217
"22119","cases_obs",6083,1342,0,275
"22120","cases_obs",6083,1343,0,303
"22121","cases_obs",6083,1344,0,267
"22122","cases_obs",6083,1345,0,279
"22123","cases_obs",6083,1346,0,302
"22124","cases_obs",6083,1347,0,275
"22125","cases_obs",6083,1348,0,305
"22126","cases_obs",6083,1349,0,291
"22127","cases_obs",6083,1350,0,263
"22128","cases_obs",6083,1351,0,265
"22129","cases_obs",6083,1352,0,234
"22130","cases_obs",6083,1353,0,198
"22131","cases_obs",6083,1354,0,195
"22132","cases_obs",6083,1355,0,267
"22133","cases_obs",6083,1356,0,210
"22134","cases_obs",6083,1357,0,213
"22135","cases_obs",6083,1358,0,189
"22136","cases_obs",6083,1359,0,205
"22137","cases_obs",6083,1360,0,177
"22138","cases_obs",6083,1361,0,170
"22139","cases_obs",6083,1362,0,195
"22140","cases_obs",6083,1363,0,197
"22141","cases_obs",6083,1364,0,186
"22142","cases_obs",6083,1365,0,181
"22143","cases_obs",6083,1366,0,184
"22144","cases_obs",6083,1367,0,201
"22145","cases_obs",6083,1368,0,230
"22146","cases_obs",6083,1369,0,231
"22147","cases_obs",6083,1370,0,201
"22148","cases_obs",6083,1371,0,191
"22149","cases_obs",6083,1372,0,208
"22150","cases_obs",6083,1373,0,255
"22151","cases_obs",6083,1374,0,249
"22152","cases_obs",6083,1375,0,232
"22153","cases_obs",6083,1376,0,231
"22154","cases_obs",6083,1377,0,305
"22155","cases_obs",6083,1378,0,261
"22156","cases_obs",6083,1379,0,285
"22157","cases_obs",6083,1380,0,279
"22158","cases_obs",6083,1381,0,300
"22159","cases_obs",6083,1382,0,301
"22160","cases_obs",6083,1383,0,260
"22161","cases_obs",6083,1384,0,294
"22162","cases_obs",6083,1385,0,306
"22163","cases_obs",6083,1386,0,181
"22164","cases_obs",6083,1387,0,191
"22165","cases_obs",6083,1388,0,172
"22166","cases_obs",6083,1389,0,201
"22167","cases_obs",6083,1390,0,255
"22168","cases_obs",6083,1391,0,285
"22169","cases_obs",6083,1392,0,246
"22170","cases_obs",6083,1393,0,319
"22171","cases_obs",6083,1394,0,315
"22172","cases_obs",6083,1395,0,364
"22173","cases_obs",6083,1396,0,400
"22174","cases_obs",6083,1397,0,386
"22175","cases_obs",6083,1398,0,403
"22176","cases_obs",6083,1399,0,341
"22177","cases_obs",6083,1400,0,272
"22178","cases_obs",6083,1401,0,343
"22179","cases_obs",6083,1402,0,343
"22180","cases_obs",6083,1403,0,304
"22181","cases_obs",6083,1404,0,294
"22182","cases_obs",6083,1405,0,271
"22183","cases_obs",6083,1406,0,239
"22184","cases_obs",6083,1407,0,225
"22185","cases_obs",6083,1408,0,269
"22186","cases_obs",6083,1409,0,226
"22187","cases_obs",6083,1410,0,249
"22188","cases_obs",6083,1411,0,252
"22189","cases_obs",6083,1412,0,271
"22190","cases_obs",6083,1413,0,266
"22191","cases_obs",6083,1414,0,279
"22192","cases_obs",6083,1415,0,261
"22193","cases_obs",6083,1416,0,243
"22194","cases_obs",6083,1417,0,233
"22195","cases_obs",6083,1418,0,193
"22196","cases_obs",6083,1419,0,239
"22197","cases_obs",6083,1420,0,234
"22198","cases_obs",6083,1421,0,235
"22199","cases_obs",6083,1422,0,269
"22200","cases_obs",6083,1423,0,200
"22201","cases_obs",6083,1424,0,245
"22202","cases_obs",6083,1425,0,271
"22203","cases_obs",6083,1426,0,232
"22204","cases_obs",6083,1427,0,311
"22205","cases_obs",6083,1428,0,259
"22206","cases_obs",6083,1429,0,292
"22207","cases_obs",6083,1430,0,271
"22208","cases_obs",6083,1431,0,303
"22209","cases_obs",6083,1432,0,277
"22210","cases_obs",6083,1433,0,274
"22211","cases_obs",6083,1434,0,295
"22212","cases_obs",6083,1435,0,308
"22213","cases_obs",6083,1436,0,316
"22214","cases_obs",6083,1437,0,308
"22215","cases_obs",6083,1438,0,243
"22216","cases_obs",6083,1439,0,201
"22217","cases_obs",6083,1440,0,203
"22218","cases_obs",6083,1441,0,224
"22219","cases_obs",6083,1442,0,211
"22220","cases_obs",6083,1443,0,295
"22221","cases_obs",6083,1444,0,338
"22222","cases_obs",6083,1445,0,353
"22223","cases_obs",6083,1446,0,396
"22224","cases_obs",6083,1447,0,402
"22225","cases_obs",6083,1448,0,503
"22226","cases_obs",6083,1449,0,448
"22227","cases_obs",6083,1450,0,472
"22228","cases_obs",6083,1451,0,407
"22229","cases_obs",6083,1452,0,408
"22230","cases_obs",6083,1453,0,405
"22231","cases_obs",6083,1454,0,344
"22232","cases_obs",6083,1455,0,371
"22233","cases_obs",6083,1456,0,356
"22234","cases_obs",6083,1457,0,350
"22235","cases_obs",6083,1458,0,290
"22236","cases_obs",6083,1459,0,266
"22237","cases_obs",6083,1460,0,283
"22238","cases_obs",6083,1461,0,272
"22239","cases_obs",6083,1462,0,274
"22240","cases_obs",6083,1463,0,269
"22241","cases_obs",6083,1464,0,314
"22242","cases_obs",6083,1465,0,277
"22243","cases_obs",6083,1466,0,238
"22244","cases_obs",6083,1467,0,255
"22245","cases_obs",6083,1468,0,237
"22246","cases_obs",6083,1469,0,298
"22247","cases_obs",6083,1470,0,271
"22248","cases_obs",6083,1471,0,282
"22249","cases_obs",6083,1472,0,289
"22250","cases_obs",6083,1473,0,254
"22251","cases_obs",6083,1474,0,231
"22252","cases_obs",6083,1475,0,240
"22253","cases_obs",6083,1476,0,262
"22254","cases_obs",6083,1477,0,298
"22255","cases_obs",6083,1478,0,278
"22256","cases_obs",6083,1479,0,218
"22257","cases_obs",6083,1480,0,234
"22258","cases_obs",6083,1481,0,212
"22259","cases_obs",6083,1482,0,224
"22260","cases_obs",6083,1483,0,247
"22261","cases_obs",6083,1484,0,232
"22262","cases_obs",6083,1485,0,230
"22263","cases_obs",6083,1486,0,240
"22264","cases_obs",6083,1487,0,252
"22265","cases_obs",6083,1488,0,263
"22266","cases_obs",6083,1489,0,251
"22267","cases_obs",6083,1490,0,264
"22268","cases_obs",6083,1491,0,167
"22269","cases_obs",6083,1492,0,229
"22270","cases_obs",6083,1493,0,236
"22271","cases_obs",6083,1494,0,226
"22272","cases_obs",6083,1495,0,279
"22273","cases_obs",6083,1496,0,274
"22274","cases_obs",6083,1497,0,293
"22275","cases_obs",6083,1498,0,357
"22276","cases_obs",6083,1499,0,491
"22277","cases_obs",6083,1500,0,478
"22278","cases_obs",6083,1501,0,538
"22279","cases_obs",6083,1502,0,505
"22280","cases_obs",6083,1503,0,479
"22281","cases_obs",6083,1504,0,464
"22282","cases_obs",6083,1505,0,427
"22283","cases_obs",6083,1506,0,487
"22284","cases_obs",6083,1507,0,431
"22285","cases_obs",6083,1508,0,418
"22286","cases_obs",6083,1509,0,429
"22287","cases_obs",6083,1510,0,407
"22288","cases_obs",6083,1511,0,315
"22289","cases_obs",6083,1512,0,379
"22290","cases_obs",6083,1513,0,337
"22291","cases_obs",6083,1514,0,362
"22292","cases_obs",6083,1515,0,403
"22293","cases_obs",6083,1516,0,372
"22294","cases_obs",6083,1517,0,375
"22295","cases_obs",6083,1518,0,344
"22296","cases_obs",6083,1519,0,350
"22297","cases_obs",6083,1520,0,348
"22298","cases_obs",6083,1521,0,373
"22299","cases_obs",6083,1522,0,345
"22300","cases_obs",6083,1523,0,323
"22301","cases_obs",6083,1524,0,352
"22302","cases_obs",6083,1525,0,364
"22303","cases_obs",6083,1526,0,339
"22304","cases_obs",6083,1527,0,335
"22305","cases_obs",6083,1528,0,333
"22306","cases_obs",6083,1529,0,299
"22307","cases_obs",6083,1530,0,290
"22308","cases_obs",6083,1531,0,320
"22309","cases_obs",6083,1532,0,377
"22310","cases_obs",6083,1533,0,371
"22311","cases_obs",6083,1534,0,329
"22312","cases_obs",6083,1535,0,269
"22313","cases_obs",6083,1536,0,305
"22314","cases_obs",6083,1537,0,277
"22315","cases_obs",6083,1538,0,299
"22316","cases_obs",6083,1539,0,328
"22317","cases_obs",6083,1540,0,317
"22318","cases_obs",6083,1541,0,318
"22319","cases_obs",6083,1542,0,284
"22320","cases_obs",6083,1543,0,230
"22321","cases_obs",6083,1544,0,229
"22322","cases_obs",6083,1545,0,213
"22323","cases_obs",6083,1546,0,249
"22324","cases_obs",6083,1547,0,237
"22325","cases_obs",6083,1548,0,246
"22326","cases_obs",6083,1549,0,238
"22327","cases_obs",6083,1550,0,300
"22328","cases_obs",6083,1551,0,320
"22329","cases_obs",6083,1552,0,320
"22330","cases_obs",6083,1553,0,384
"22331","cases_obs",6083,1554,0,292
"22332","cases_obs",6083,1555,0,347
"22333","cases_obs",6083,1556,0,303
"22334","cases_obs",6083,1557,0,376
"22335","cases_obs",6083,1558,0,374
"22336","cases_obs",6083,1559,0,326
"22337","cases_obs",6083,1560,0,320
"22338","cases_obs",6083,1561,0,273
"22339","cases_obs",6083,1562,0,298
"22340","cases_obs",6083,1563,0,210
"22341","cases_obs",6083,1564,0,296
"22342","cases_obs",6083,1565,0,206
"22343","cases_obs",6083,1566,0,223
"22344","cases_obs",6083,1567,0,236
"22345","cases_obs",6083,1568,0,222
"22346","cases_obs",6083,1569,0,250
"22347","cases_obs",6083,1570,0,203
"22348","cases_obs",6083,1571,0,230
"22349","cases_obs",6083,1572,0,258
"22350","cases_obs",6083,1573,0,219
"22351","cases_obs",6083,1574,0,181
"22352","cases_obs",6083,1575,0,222
"22353","cases_obs",6083,1576,0,214
"22354","cases_obs",6083,1577,0,201
"22355","cases_obs",6083,1578,0,200
"22356","cases_obs",6083,1579,0,198
"22357","cases_obs",6083,1580,0,210
"22358","cases_obs",6083,1581,0,201
"22359","cases_obs",6083,1582,0,223
"22360","cases_obs",6083,1583,0,218
"22361","cases_obs",6083,1584,0,212
"22362","cases_obs",6083,1585,0,192
"22363","cases_obs",6083,1586,0,160
"22364","cases_obs",6083,1587,0,168
"22365","cases_obs",6083,1588,0,196
"22366","cases_obs",6083,1589,0,205
"22367","cases_obs",6083,1590,0,210
"22368","cases_obs",6083,1591,0,207
"22369","cases_obs",6083,1592,0,225
"22370","cases_obs",6083,1593,0,258
"22371","cases_obs",6083,1594,0,233
"22372","cases_obs",6083,1595,0,175
"22373","cases_obs",6083,1596,0,180
"22374","cases_obs",6083,1597,0,177
"22375","cases_obs",6083,1598,0,190
"22376","cases_obs",6083,1599,0,233
"22377","cases_obs",6083,1600,0,199
"22378","cases_obs",6083,1601,0,279
"22379","cases_obs",6083,1602,0,286
"22380","cases_obs",6083,1603,0,315
"22381","cases_obs",6083,1604,0,346
"22382","cases_obs",6083,1605,0,342
"22383","cases_obs",6083,1606,0,331
"22384","cases_obs",6083,1607,0,337
"22385","cases_obs",6083,1608,0,305
"22386","cases_obs",6083,1609,0,293
"22387","cases_obs",6083,1610,0,266
"22388","cases_obs",6083,1611,0,308
"22389","cases_obs",6083,1612,0,251
"22390","cases_obs",6083,1613,0,278
"22391","cases_obs",6083,1614,0,221
"22392","cases_obs",6083,1615,0,172
"22393","cases_obs",6083,1616,0,249
"22394","cases_obs",6083,1617,0,229
"22395","cases_obs",6083,1618,0,203
"22396","cases_obs",6083,1619,0,232
"22397","cases_obs",6083,1620,0,235
"22398","cases_obs",6083,1621,0,228
"22399","cases_obs",6083,1622,0,225
"22400","cases_obs",6083,1623,0,242
"22401","cases_obs",6083,1624,0,216
"22402","cases_obs",6083,1625,0,233
"22403","cases_obs",6083,1626,0,269
"22404","cases_obs",6083,1627,0,275
"22405","cases_obs",6083,1628,0,227
"22406","cases_obs",6083,1629,0,239
"22407","cases_obs",6083,1630,0,232
"22408","cases_obs",6083,1631,0,234
"22409","cases_obs",6083,1632,0,250
"22410","cases_obs",6083,1633,0,292
"22411","cases_obs",6083,1634,0,262
"22412","cases_obs",6083,1635,0,273
"22413","cases_obs",6083,1636,0,267
"22414","cases_obs",6083,1637,0,250
"22415","cases_obs",6083,1638,0,260
"22416","cases_obs",6083,1639,0,289
"22417","cases_obs",6083,1640,0,253
"22418","cases_obs",6083,1641,0,248
"22419","cases_obs",6083,1642,0,280
"22420","cases_obs",6083,1643,0,257
"22421","cases_obs",6083,1644,0,247
"22422","cases_obs",6083,1645,0,212
"22423","cases_obs",6083,1646,0,214
"22424","cases_obs",6083,1647,0,204
"22425","cases_obs",6083,1648,0,217
"22426","cases_obs",6083,1649,0,171
"22427","cases_obs",6083,1650,0,148
"22428","cases_obs",6083,1651,0,227
"22429","cases_obs",6083,1652,0,245
"22430","cases_obs",6083,1653,0,260
"22431","cases_obs",6083,1654,0,326
"22432","cases_obs",6083,1655,0,328
"22433","cases_obs",6083,1656,0,382
"22434","cases_obs",6083,1657,0,381
"22435","cases_obs",6083,1658,0,392
"22436","cases_obs",6083,1659,0,440
"22437","cases_obs",6083,1660,0,425
"22438","cases_obs",6083,1661,0,342
"22439","cases_obs",6083,1662,0,359
"22440","cases_obs",6083,1663,0,354
"22441","cases_obs",6083,1664,0,352
"22442","cases_obs",6083,1665,0,300
"22443","cases_obs",6083,1666,0,325
"22444","cases_obs",6083,1667,0,333
"22445","cases_obs",6083,1668,0,309
"22446","cases_obs",6083,1669,0,265
"22447","cases_obs",6083,1670,0,265
"22448","cases_obs",6083,1671,0,301
"22449","cases_obs",6083,1672,0,260
"22450","cases_obs",6083,1673,0,290
"22451","cases_obs",6083,1674,0,300
"22452","cases_obs",6083,1675,0,278
"22453","cases_obs",6083,1676,0,250
"22454","cases_obs",6083,1677,0,320
"22455","cases_obs",6083,1678,0,359
"22456","cases_obs",6083,1679,0,349
"22457","cases_obs",6083,1680,0,297
"22458","cases_obs",6083,1681,0,340
"22459","cases_obs",6083,1682,0,307
"22460","cases_obs",6083,1683,0,314
"22461","cases_obs",6083,1684,0,339
"22462","cases_obs",6083,1685,0,292
"22463","cases_obs",6083,1686,0,291
"22464","cases_obs",6083,1687,0,345
"22465","cases_obs",6083,1688,0,341
"22466","cases_obs",6083,1689,0,395
"22467","cases_obs",6083,1690,0,400
"22468","cases_obs",6083,1691,0,305
"22469","cases_obs",6083,1692,0,369
"22470","cases_obs",6083,1693,0,383
"22471","cases_obs",6083,1694,0,466
"22472","cases_obs",6083,1695,0,478
"22473","cases_obs",6083,1696,0,419
"22474","cases_obs",6083,1697,0,513
"22475","cases_obs",6083,1698,0,450
"22476","cases_obs",6083,1699,0,384
"22477","cases_obs",6083,1700,0,245
"22478","cases_obs",6083,1701,0,273
"22479","cases_obs",6083,1702,0,302
"22480","cases_obs",6083,1703,0,330
"22481","cases_obs",6083,1704,0,423
"22482","cases_obs",6083,1705,0,428
"22483","cases_obs",6083,1706,0,543
"22484","cases_obs",6083,1707,0,605
"22485","cases_obs",6083,1708,0,592
"22486","cases_obs",6083,1709,0,764
"22487","cases_obs",6083,1710,0,717
"22488","cases_obs",6083,1711,0,719
"22489","cases_obs",6083,1712,0,626
"22490","cases_obs",6083,1713,0,708
"22491","cases_obs",6083,1714,0,741
"22492","cases_obs",6083,1715,0,669
"22493","cases_obs",6083,1716,0,532
"22494","cases_obs",6083,1717,0,535
"22495","cases_obs",6083,1718,0,579
"22496","cases_obs",6083,1719,0,563
"22497","cases_obs",6083,1720,0,471
"22498","cases_obs",6083,1721,0,508
"22499","cases_obs",6083,1722,0,433
"22500","cases_obs",6083,1723,0,442
"22501","cases_obs",6083,1724,0,388
"22502","cases_obs",6083,1725,0,358
"22503","cases_obs",6083,1726,0,341
"22504","cases_obs",6083,1727,0,401
"22505","cases_obs",6083,1728,0,315
"22506","cases_obs",6083,1729,0,324
"22507","cases_obs",6083,1730,0,354
"22508","cases_obs",6083,1731,0,379
"22509","cases_obs",6083,1732,0,382
"22510","cases_obs",6083,1733,0,340
"22511","cases_obs",6083,1734,0,315
"22512","cases_obs",6083,1735,0,361
"22513","cases_obs",6083,1736,0,356
"22514","cases_obs",6083,1737,0,351
"22515","cases_obs",6083,1738,0,387
"22516","cases_obs",6083,1739,0,355
"22517","cases_obs",6083,1740,0,376
"22518","cases_obs",6083,1741,0,292
"22519","cases_obs",6083,1742,0,337
"22520","cases_obs",6083,1743,0,353
"22521","cases_obs",6083,1744,0,366
"22522","cases_obs",6083,1745,0,318
"22523","cases_obs",6083,1746,0,329
"22524","cases_obs",6083,1747,0,336
"22525","cases_obs",6083,1748,0,341
"22526","cases_obs",6083,1749,0,372
"22527","cases_obs",6083,1750,0,392
"22528","cases_obs",6083,1751,0,325
"22529","cases_obs",6083,1752,0,223
"22530","cases_obs",6083,1753,0,198
"22531","cases_obs",6083,1754,0,227
"22532","cases_obs",6083,1755,0,256
"22533","cases_obs",6083,1756,0,299
"22534","cases_obs",6083,1757,0,330
"22535","cases_obs",6083,1758,0,375
"22536","cases_obs",6083,1759,0,357
"22537","cases_obs",6083,1760,0,372
"22538","cases_obs",6083,1761,0,402
"22539","cases_obs",6083,1762,0,382
"22540","cases_obs",6083,1763,0,455
"22541","cases_obs",6083,1764,0,428
"22542","cases_obs",6083,1765,0,397
"22543","cases_obs",6083,1766,0,452
"22544","cases_obs",6083,1767,0,384
"22545","cases_obs",6083,1768,0,341
"22546","cases_obs",6083,1769,0,371
"22547","cases_obs",6083,1770,0,358
"22548","cases_obs",6083,1771,0,325
"22549","cases_obs",6083,1772,0,241
"22550","cases_obs",6083,1773,0,281
"22551","cases_obs",6083,1774,0,238
"22552","cases_obs",6083,1775,0,279
"22553","cases_obs",6083,1776,0,283
"22554","cases_obs",6083,1777,0,240
"22555","cases_obs",6083,1778,0,242
"22556","cases_obs",6083,1779,0,255
"22557","cases_obs",6083,1780,0,227
"22558","cases_obs",6083,1781,0,207
"22559","cases_obs",6083,1782,0,209
"22560","cases_obs",6083,1783,0,206
"22561","cases_obs",6083,1784,0,275
"22562","cases_obs",6083,1785,0,227
"22563","cases_obs",6083,1786,0,240
"22564","cases_obs",6083,1787,0,231
"22565","cases_obs",6083,1788,0,175
"22566","cases_obs",6083,1789,0,203
"22567","cases_obs",6083,1790,0,168
"22568","cases_obs",6083,1791,0,191
"22569","cases_obs",6083,1792,0,200
"22570","cases_obs",6083,1793,0,206
"22571","cases_obs",6083,1794,0,204
"22572","cases_obs",6083,1795,0,200
"22573","cases_obs",6083,1796,0,165
"22574","cases_obs",6083,1797,0,149
"22575","cases_obs",6083,1798,0,169
"22576","cases_obs",6083,1799,0,156
"22577","cases_obs",6083,1800,0,167
"22578","cases_obs",6083,1801,0,158
"22579","cases_obs",6083,1802,0,155
"22580","cases_obs",6083,1803,0,172
"22581","cases_obs",6083,1804,0,224
"22582","cases_obs",6083,1805,0,129
"22583","cases_obs",6083,1806,0,149
"22584","cases_obs",6083,1807,0,149
"22585","cases_obs",6083,1808,0,200
"22586","cases_obs",6083,1809,0,195
"22587","cases_obs",6083,1810,0,206
"22588","cases_obs",6083,1811,0,219
"22589","cases_obs",6083,1812,0,201
"22590","cases_obs",6083,1813,0,229
"22591","cases_obs",6083,1814,0,240
"22592","cases_obs",6083,1815,0,265
"22593","cases_obs",6083,1816,0,330
"22594","cases_obs",6083,1817,0,239
"22595","cases_obs",6083,1818,0,230
"22596","cases_obs",6083,1819,0,251
"22597","cases_obs",6083,1820,0,290
"22598","cases_obs",6083,1821,0,215
"22599","cases_obs",6083,1822,0,225
"22600","cases_obs",6083,1823,0,203
"22601","cases_obs",6083,1824,0,214
"22602","cases_obs",6083,1825,0,224
"22603","cases_obs",6083,1826,0,181
"22604","cases_obs",6083,1827,0,228
"22605","cases_obs",6083,1828,0,243
"22606","cases_obs",6083,1829,0,196
"22607","cases_obs",6083,1830,0,166
"22608","cases_obs",6083,1831,0,172
"22609","cases_obs",6083,1832,0,214
"22610","cases_obs",6083,1833,0,201
"22611","cases_obs",6083,1834,0,196
"22612","cases_obs",6083,1835,0,199
"22613","cases_obs",6083,1836,0,239
"22614","cases_obs",6083,1837,0,237
"22615","cases_obs",6083,1838,0,221
"22616","cases_obs",6083,1839,0,195
"22617","cases_obs",6083,1840,0,189
"22618","cases_obs",6083,1841,0,165
"22619","cases_obs",6083,1842,0,229
"22620","cases_obs",6083,1843,0,225
"22621","cases_obs",6083,1844,0,227
"22622","cases_obs",6083,1845,0,245
"22623","cases_obs",6083,1846,0,204
"22624","cases_obs",6083,1847,0,217
"22625","cases_obs",6083,1848,0,238
"22626","cases_obs",6083,1849,0,226
"22627","cases_obs",6083,1850,0,204
"22628","cases_obs",6083,1851,0,244
"22629","cases_obs",6083,1852,0,178
"22630","cases_obs",6083,1853,0,199
"22631","cases_obs",6083,1854,0,201
"22632","cases_obs",6083,1855,0,195
"22633","cases_obs",6083,1856,0,137
"22634","cases_obs",6083,1857,0,143
"22635","cases_obs",6083,1858,0,150
"22636","cases_obs",6083,1859,0,145
"22637","cases_obs",6083,1860,0,173
"22638","cases_obs",6083,1861,0,184
"22639","cases_obs",6083,1862,0,191
"22640","cases_obs",6083,1863,0,232
"22641","cases_obs",6083,1864,0,193
"22642","cases_obs",6083,1865,0,191
"22643","cases_obs",6083,1866,0,234
"22644","cases_obs",6083,1867,0,237
"22645","cases_obs",6083,1868,0,268
"22646","cases_obs",6083,1869,0,248
"22647","cases_obs",6083,1870,0,233
"22648","cases_obs",6083,1871,0,220
"22649","cases_obs",6083,1872,0,217
"22650","cases_obs",6083,1873,0,216
"22651","cases_obs",6083,1874,0,173
"22652","cases_obs",6083,1875,0,196
"22653","cases_obs",6083,1876,0,130
"22654","cases_obs",6083,1877,0,226
"22655","cases_obs",6083,1878,0,164
"22656","cases_obs",6083,1879,0,166
"22657","cases_obs",6083,1880,0,163
"22658","cases_obs",6083,1881,0,142
"22659","cases_obs",6083,1882,0,173
"22660","cases_obs",6083,1883,0,153
"22661","cases_obs",6083,1884,0,184
"22662","cases_obs",6083,1885,0,195
"22663","cases_obs",6083,1886,0,161
"22664","cases_obs",6083,1887,0,172
"22665","cases_obs",6083,1888,0,199
"22666","cases_obs",6083,1889,0,167
"22667","cases_obs",6083,1890,0,176
"22668","cases_obs",6083,1891,0,185
"22669","cases_obs",6083,1892,0,188
"22670","cases_obs",6083,1893,0,176
"22671","cases_obs",6083,1894,0,155
"22672","cases_obs",6083,1895,0,163
"22673","cases_obs",6083,1896,0,139
"22674","cases_obs",6083,1897,0,159
"22675","cases_obs",6083,1898,0,144
"22676","cases_obs",6083,1899,0,146
"22677","cases_obs",6083,1900,0,161
"22678","cases_obs",6083,1901,0,138
"22679","cases_obs",6083,1902,0,170
"22680","cases_obs",6083,1903,0,196
"22681","cases_obs",6083,1904,0,191
"22682","cases_obs",6083,1905,0,184
"22683","cases_obs",6083,1906,0,159
"22684","cases_obs",6083,1907,0,142
"22685","cases_obs",6083,1908,0,107
"22686","cases_obs",6083,1909,0,101
"22687","cases_obs",6083,1910,0,96
"22688","cases_obs",6083,1911,0,88
"22689","cases_obs",6083,1912,0,143
"22690","cases_obs",6083,1913,0,146
"22691","cases_obs",6083,1914,0,139
"22692","cases_obs",6083,1915,0,179
"22693","cases_obs",6083,1916,0,198
"22694","cases_obs",6083,1917,0,201
"22695","cases_obs",6083,1918,0,161
"22696","cases_obs",6083,1919,0,221
"22697","cases_obs",6083,1920,0,191
"22698","cases_obs",6083,1921,0,202
"22699","cases_obs",6083,1922,0,179
"22700","cases_obs",6083,1923,0,197
"22701","cases_obs",6083,1924,0,207
"22702","cases_obs",6083,1925,0,171
"22703","cases_obs",6083,1926,0,160
"22704","cases_obs",6083,1927,0,159
"22705","cases_obs",6083,1928,0,131
"22706","cases_obs",6083,1929,0,188
"22707","cases_obs",6083,1930,0,141
"22708","cases_obs",6083,1931,0,136
"22709","cases_obs",6083,1932,0,165
"22710","cases_obs",6083,1933,0,167
"22711","cases_obs",6083,1934,0,168
"22712","cases_obs",6083,1935,0,193
"22713","cases_obs",6083,1936,0,147
"22714","cases_obs",6083,1937,0,198
"22715","cases_obs",6083,1938,0,182
"22716","cases_obs",6083,1939,0,196
"22717","cases_obs",6083,1940,0,189
"22718","cases_obs",6083,1941,0,200
"22719","cases_obs",6083,1942,0,188
"22720","cases_obs",6083,1943,0,191
"22721","cases_obs",6083,1944,0,166
"22722","cases_obs",6083,1945,0,175
"22723","cases_obs",6083,1946,0,178
"22724","cases_obs",6083,1947,0,174
"22725","cases_obs",6083,1948,0,181
"22726","cases_obs",6083,1949,0,201
"22727","cases_obs",6083,1950,0,218
"22728","cases_obs",6083,1951,0,188
"22729","cases_obs",6083,1952,0,149
"22730","cases_obs",6083,1953,0,156
"22731","cases_obs",6083,1954,0,171
"22732","cases_obs",6083,1955,0,152
"22733","cases_obs",6083,1956,0,157
"22734","cases_obs",6083,1957,0,168
"22735","cases_obs",6083,1958,0,191
"22736","cases_obs",6083,1959,0,128
"22737","cases_obs",6083,1960,0,112
"22738","cases_obs",6083,1961,0,107
"22739","cases_obs",6083,1962,0,76
"22740","cases_obs",6083,1963,0,90
"22741","cases_obs",6083,1964,0,97
"22742","cases_obs",6083,1965,0,121
"22743","cases_obs",6083,1966,0,131
"22744","cases_obs",6083,1967,0,160
"22745","cases_obs",6083,1968,0,155
"22746","cases_obs",6083,1969,0,180
"22747","cases_obs",6083,1970,0,186
"22748","cases_obs",6083,1971,0,159
"22749","cases_obs",6083,1972,0,192
"22750","cases_obs",6083,1973,0,168
"22751","cases_obs",6083,1974,0,170
"22752","cases_obs",6083,1975,0,179
"22753","cases_obs",6083,1976,0,175
"22754","cases_obs",6083,1977,0,158
"22755","cases_obs",6083,1978,0,166
"22756","cases_obs",6083,1979,0,151
"22757","cases_obs",6083,1980,0,96
"22758","cases_obs",6083,1981,0,100
"22759","cases_obs",6083,1982,0,114
"22760","cases_obs",6083,1983,0,99
"22761","cases_obs",6083,1984,0,128
"22762","cases_obs",6083,1985,0,163
"22763","cases_obs",6083,1986,0,172
"22764","cases_obs",6083,1987,0,139
"22765","cases_obs",6083,1988,0,142
"22766","cases_obs",6083,1989,0,146
"22767","cases_obs",6083,1990,0,148
"22768","cases_obs",6083,1991,0,152
"22769","cases_obs",6083,1992,0,152
"22770","cases_obs",6083,1993,0,140
"22771","cases_obs",6083,1994,0,151
"22772","cases_obs",6083,1995,0,121
"22773","cases_obs",6083,1996,0,155
"22774","cases_obs",6083,1997,0,176
"22775","cases_obs",6083,1998,0,170
"22776","cases_obs",6083,1999,0,167
"22777","cases_obs",6083,2000,0,187
"22778","cases_obs",6083,2001,0,135
"22779","cases_obs",6083,2002,0,144
"22780","cases_obs",6083,2003,0,161
"22781","cases_obs",6083,2004,0,162
"22782","cases_obs",6083,2005,0,166
"22783","cases_obs",6083,2006,0,203
"22784","cases_obs",6083,2007,0,181
"22785","cases_obs",6083,2008,0,191
"22786","cases_obs",6083,2009,0,165
"22787","cases_obs",6083,2010,0,152
"22788","cases_obs",6083,2011,0,108
"22789","cases_obs",6083,2012,0,108
"22790","cases_obs",6083,2013,0,92
"22791","cases_obs",6083,2014,0,418
"22792","cases_obs",6083,2015,0,429
"22793","cases_obs",6083,2016,0,407
"22794","cases_obs",6083,2017,0,315
"22795","cases_obs",6083,2018,0,379
"22796","cases_obs",6083,2019,0,337
"22797","cases_obs",6083,2020,0,362
"22798","cases_obs",6083,2021,0,403
"22799","cases_obs",6083,2022,0,372
"22800","cases_obs",6083,2023,0,375
"22801","cases_obs",6083,2024,0,344
"22802","cases_obs",6083,2025,0,350
"22803","cases_obs",6083,2026,0,348
"22804","cases_obs",6083,2027,0,373
"22805","cases_obs",6083,2028,0,345
"22806","cases_obs",6083,2029,0,323
"22807","cases_obs",6083,2030,0,352
"22808","cases_obs",6083,2031,0,364
"22809","cases_obs",6083,2032,0,339
"22810","cases_obs",6083,2033,0,335
"22811","cases_obs",6083,2034,0,333
"22812","cases_obs",6083,2035,0,299
"22813","cases_obs",6083,2036,0,290
"22814","cases_obs",6083,2037,0,320
"22815","cases_obs",6083,2038,0,377
"22816","cases_obs",6083,2039,0,371
"22817","cases_obs",6083,2040,0,329
"22818","cases_obs",6083,2041,0,269
"22819","cases_obs",6083,2042,0,305
"22820","cases_obs",6083,2043,0,277
"22821","cases_obs",6083,2044,0,299
"22822","cases_obs",6083,2045,0,328
"22823","cases_obs",6083,2046,0,317
"22824","cases_obs",6083,2047,0,318
"22825","cases_obs",6083,2048,0,284
"22826","cases_obs",6083,2049,0,230
"22827","cases_obs",6083,2050,0,229
"22828","cases_obs",6083,2051,0,213
"22829","cases_obs",6083,2052,0,249
"22830","cases_obs",6083,2053,0,237
"22831","cases_obs",6083,2054,0,246
"22832","cases_obs",6083,2055,0,238
"22833","cases_obs",6083,2056,0,300
"22834","cases_obs",6083,2057,0,320
"22835","cases_obs",6083,2058,0,320
"22836","cases_obs",6083,2059,0,384
"22837","cases_obs",6083,2060,0,292
"22838","cases_obs",6083,2061,0,347
"22839","cases_obs",6083,2062,0,303
"22840","cases_obs",6083,2063,0,376
"22841","cases_obs",6083,2064,0,374
"22842","cases_obs",6083,2065,0,326
"22843","cases_obs",6083,2066,0,320
"22844","cases_obs",6083,2067,0,273
"22845","cases_obs",6083,2068,0,298
"22846","cases_obs",6083,2069,0,210
"22847","cases_obs",6083,2070,0,296
"22848","cases_obs",6083,2071,0,206
"22849","cases_obs",6083,2072,0,223
"22850","cases_obs",6083,2073,0,236
"22851","cases_obs",6083,2074,0,222
"22852","cases_obs",6083,2075,0,250
"22853","cases_obs",6083,2076,0,203
"22854","cases_obs",6083,2077,0,230
"22855","cases_obs",6083,2078,0,258
"22856","cases_obs",6083,2079,0,219
"22857","cases_obs",6083,2080,0,181
"22858","cases_obs",6083,2081,0,222
"22859","cases_obs",6083,2082,0,214
"22860","cases_obs",6083,2083,0,201
"22861","cases_obs",6083,2084,0,200
"22862","cases_obs",6083,2085,0,198
"22863","cases_obs",6083,2086,0,210
"22864","cases_obs",6083,2087,0,201
"22865","cases_obs",6083,2088,0,223
"22866","cases_obs",6083,2089,0,218
"22867","cases_obs",6083,2090,0,212
"22868","cases_obs",6083,2091,0,192
"22869","cases_obs",6083,2092,0,160
"22870","cases_obs",6083,2093,0,168
"22871","cases_obs",6083,2094,0,196
"22872","cases_obs",6083,2095,0,205
"22873","cases_obs",6083,2096,0,210
"22874","cases_obs",6083,2097,0,207
"22875","cases_obs",6083,2098,0,225
"22876","cases_obs",6083,2099,0,258
"22877","cases_obs",6083,2100,0,233
"22878","cases_obs",6083,2101,0,175
"22879","cases_obs",6083,2102,0,180
"22880","cases_obs",6083,2103,0,177
"22881","cases_obs",6083,2104,0,190
"22882","cases_obs",6083,2105,0,233
"22883","cases_obs",6083,2106,0,199
"22884","cases_obs",6083,2107,0,279
"22885","cases_obs",6083,2108,0,286
"22886","cases_obs",6083,2109,0,315
"22887","cases_obs",6083,2110,0,346
"22888","cases_obs",6083,2111,0,342
"22889","cases_obs",6083,2112,0,331
"22890","cases_obs",6083,2113,0,337
"22891","cases_obs",6083,2114,0,305
"22892","cases_obs",6083,2115,0,293
"22893","cases_obs",6083,2116,0,266
"22894","cases_obs",6083,2117,0,308
"22895","cases_obs",6083,2118,0,251
"22896","cases_obs",6083,2119,0,278
"22897","cases_obs",6083,2120,0,221
"22898","cases_obs",6083,2121,0,172
"22899","cases_obs",6083,2122,0,249
"22900","cases_obs",6083,2123,0,229
"22901","cases_obs",6083,2124,0,203
"22902","cases_obs",6083,2125,0,232
"22903","cases_obs",6083,2126,0,235
"22904","cases_obs",6083,2127,0,228
"22905","cases_obs",6083,2128,0,225
"22906","cases_obs",6083,2129,0,242
"22907","cases_obs",6083,2130,0,216
"22908","cases_obs",6083,2131,0,233
"22909","cases_obs",6083,2132,0,269
"22910","cases_obs",6083,2133,0,275
"22911","cases_obs",6083,2134,0,227
"22912","cases_obs",6083,2135,0,239
"22913","cases_obs",6083,2136,0,232
"22914","cases_obs",6083,2137,0,234
"22915","cases_obs",6083,2138,0,250
"22916","cases_obs",6083,2139,0,292
"22917","cases_obs",6083,2140,0,262
"22918","cases_obs",6083,2141,0,273
"22919","cases_obs",6083,2142,0,267
"22920","cases_obs",6083,2143,0,250
"22921","cases_obs",6083,2144,0,260
"22922","cases_obs",6083,2145,0,289
"22923","cases_obs",6083,2146,0,253
"22924","cases_obs",6083,2147,0,248
"22925","cases_obs",6083,2148,0,280
"22926","cases_obs",6083,2149,0,257
"22927","cases_obs",6083,2150,0,247
"22928","cases_obs",6083,2151,0,212
"22929","cases_obs",6083,2152,0,214
"22930","cases_obs",6083,2153,0,204
"22931","cases_obs",6083,2154,0,217
"22932","cases_obs",6083,2155,0,171
"22933","cases_obs",6083,2156,0,148
"22934","cases_obs",6083,2157,0,227
"22935","cases_obs",6083,2158,0,245
"22936","cases_obs",6083,2159,0,260
"22937","cases_obs",6083,2160,0,326
"22938","cases_obs",6083,2161,0,328
"22939","cases_obs",6083,2162,0,382
"22940","cases_obs",6083,2163,0,381
"22941","cases_obs",6083,2164,0,392
"22942","cases_obs",6083,2165,0,440
"22943","cases_obs",6083,2166,0,425
"22944","cases_obs",6083,2167,0,342
"22945","cases_obs",6083,2168,0,359
"22946","cases_obs",6083,2169,0,354
"22947","cases_obs",6083,2170,0,352
"22948","cases_obs",6083,2171,0,300
"22949","cases_obs",6083,2172,0,325
"22950","cases_obs",6083,2173,0,333
"22951","cases_obs",6083,2174,0,309
"22952","cases_obs",6083,2175,0,265
"22953","cases_obs",6083,2176,0,265
"22954","cases_obs",6083,2177,0,301
"22955","cases_obs",6083,2178,0,260
"22956","cases_obs",6083,2179,0,290
"22957","cases_obs",6083,2180,0,300
"22958","cases_obs",6083,2181,0,278
"22959","cases_obs",6083,2182,0,250
"22960","cases_obs",6083,2183,0,320
"22961","cases_obs",6083,2184,0,359
"22962","cases_obs",6083,2185,0,349
"22963","cases_obs",6083,2186,0,297
"22964","cases_obs",6083,2187,0,340
"22965","cases_obs",6083,2188,0,307
"22966","cases_obs",6083,2189,0,314
"22967","cases_obs",6083,2190,0,339
"22968","cases_obs",6083,2191,0,292
"22969","cases_obs",6083,2192,0,291
"22970","cases_obs",6083,2193,0,345
"22971","cases_obs",6083,2194,0,341
"22972","cases_obs",6083,2195,0,395
"22973","cases_obs",6083,2196,0,400
"22974","cases_obs",6083,2197,0,305
"22975","cases_obs",6083,2198,0,369
"22976","cases_obs",6083,2199,0,383
"22977","cases_obs",6083,2200,0,466
"22978","cases_obs",6083,2201,0,478
"22979","cases_obs",6083,2202,0,419
"22980","cases_obs",6083,2203,0,513
"22981","cases_obs",6083,2204,0,450
"22982","cases_obs",6083,2205,0,384
"22983","cases_obs",6083,2206,0,245
"22984","cases_obs",6083,2207,0,273
"22985","cases_obs",6083,2208,0,302
"22986","cases_obs",6083,2209,0,330
"22987","cases_obs",6083,2210,0,423
"22988","cases_obs",6083,2211,0,428
"22989","cases_obs",6083,2212,0,543
"22990","cases_obs",6083,2213,0,605
"22991","cases_obs",6083,2214,0,592
"22992","cases_obs",6083,2215,0,764
"22993","cases_obs",6083,2216,0,717
"22994","cases_obs",6083,2217,0,719
"22995","cases_obs",6083,2218,0,626
"22996","cases_obs",6083,2219,0,708
"22997","cases_obs",6083,2220,0,741
"22998","cases_obs",6083,2221,0,669
"22999","cases_obs",6083,2222,0,532
"23000","cases_obs",6083,2223,0,535
"23001","cases_obs",6083,2224,0,579
"23002","cases_obs",6083,2225,0,563
"23003","cases_obs",6083,2226,0,471
"23004","cases_obs",6083,2227,0,508
"23005","cases_obs",6083,2228,0,433
"23006","cases_obs",6083,2229,0,442
"23007","cases_obs",6083,2230,0,388
"23008","cases_obs",6083,2231,0,358
"23009","cases_obs",6083,2232,0,341
"23010","cases_obs",6083,2233,0,401
"23011","cases_obs",6083,2234,0,315
"23012","cases_obs",6083,2235,0,324
"23013","cases_obs",6083,2236,0,354
"23014","cases_obs",6083,2237,0,379
"23015","cases_obs",6083,2238,0,382
"23016","cases_obs",6083,2239,0,340
"23017","cases_obs",6083,2240,0,315
"23018","cases_obs",6083,2241,0,361
"23019","cases_obs",6083,2242,0,356
"23020","cases_obs",6083,2243,0,351
"23021","cases_obs",6083,2244,0,387
"23022","cases_obs",6083,2245,0,355
"23023","cases_obs",6083,2246,0,376
"23024","cases_obs",6083,2247,0,292
"23025","cases_obs",6083,2248,0,337
"23026","cases_obs",6083,2249,0,353
"23027","cases_obs",6083,2250,0,366
"23028","cases_obs",6083,2251,0,318
"23029","cases_obs",6083,2252,0,329
"23030","cases_obs",6083,2253,0,336
"23031","cases_obs",6083,2254,0,341
"23032","cases_obs",6083,2255,0,372
"23033","cases_obs",6083,2256,0,392
"23034","cases_obs",6083,2257,0,325
"23035","cases_obs",6083,2258,0,223
"23036","cases_obs",6083,2259,0,198
"23037","cases_obs",6083,2260,0,227
"23038","cases_obs",6083,2261,0,256
"23039","cases_obs",6083,2262,0,299
"23040","cases_obs",6083,2263,0,330
"23041","cases_obs",6083,2264,0,375
"23042","cases_obs",6083,2265,0,357
"23043","cases_obs",6083,2266,0,372
"23044","cases_obs",6083,2267,0,402
"23045","cases_obs",6083,2268,0,382
"23046","cases_obs",6083,2269,0,455
"23047","cases_obs",6083,2270,0,428
"23048","cases_obs",6083,2271,0,397
"23049","cases_obs",6083,2272,0,452
"23050","cases_obs",6083,2273,0,384
"23051","cases_obs",6083,2274,0,341
"23052","cases_obs",6083,2275,0,371
"23053","cases_obs",6083,2276,0,358
"23054","cases_obs",6083,2277,0,325
"23055","cases_obs",6083,2278,0,241
"23056","cases_obs",6083,2279,0,281
"23057","cases_obs",6083,2280,0,238
"23058","cases_obs",6083,2281,0,279
"23059","cases_obs",6083,2282,0,283
"23060","cases_obs",6083,2283,0,240
"23061","cases_obs",6083,2284,0,242
"23062","cases_obs",6083,2285,0,255
"23063","cases_obs",6083,2286,0,227
"23064","cases_obs",6083,2287,0,207
"23065","cases_obs",6083,2288,0,209
"23066","cases_obs",6083,2289,0,206
"23067","cases_obs",6083,2290,0,275
"23068","cases_obs",6083,2291,0,227
"23069","cases_obs",6083,2292,0,240
"23070","cases_obs",6083,2293,0,231
"23071","cases_obs",6083,2294,0,175
"23072","cases_obs",6083,2295,0,203
"23073","cases_obs",6083,2296,0,168
"23074","cases_obs",6083,2297,0,191
"23075","cases_obs",6083,2298,0,200
"23076","cases_obs",6083,2299,0,206
"23077","cases_obs",6083,2300,0,204
"23078","cases_obs",6083,2301,0,200
"23079","cases_obs",6083,2302,0,165
"23080","cases_obs",6083,2303,0,149
"23081","cases_obs",6083,2304,0,169
"23082","cases_obs",6083,2305,0,156
"23083","cases_obs",6083,2306,0,167
"23084","cases_obs",6083,2307,0,158
"23085","cases_obs",6083,2308,0,155
"23086","cases_obs",6083,2309,0,172
"23087","cases_obs",6083,2310,0,224
"23088","cases_obs",6083,2311,0,129
"23089","cases_obs",6083,2312,0,149
"23090","cases_obs",6083,2313,0,149
"23091","cases_obs",6083,2314,0,200
"23092","cases_obs",6083,2315,0,195
"23093","cases_obs",6083,2316,0,206
"23094","cases_obs",6083,2317,0,219
"23095","cases_obs",6083,2318,0,201
"23096","cases_obs",6083,2319,0,229
"23097","cases_obs",6083,2320,0,240
"23098","cases_obs",6083,2321,0,265
"23099","cases_obs",6083,2322,0,330
"23100","cases_obs",6083,2323,0,239
"23101","cases_obs",6083,2324,0,230
"23102","cases_obs",6083,2325,0,251
"23103","cases_obs",6083,2326,0,290
"23104","cases_obs",6083,2327,0,215
"23105","cases_obs",6083,2328,0,225
"23106","cases_obs",6083,2329,0,203
"23107","cases_obs",6083,2330,0,214
"23108","cases_obs",6083,2331,0,224
"23109","cases_obs",6083,2332,0,181
"23110","cases_obs",6083,2333,0,228
"23111","cases_obs",6083,2334,0,243
"23112","cases_obs",6083,2335,0,196
"23113","cases_obs",6083,2336,0,166
"23114","cases_obs",6083,2337,0,172
"23115","cases_obs",6083,2338,0,214
"23116","cases_obs",6083,2339,0,201
"23117","cases_obs",6083,2340,0,196
"23118","cases_obs",6083,2341,0,199
"23119","cases_obs",6083,2342,0,239
"23120","cases_obs",6083,2343,0,237
"23121","cases_obs",6083,2344,0,221
"23122","cases_obs",6083,2345,0,195
"23123","cases_obs",6083,2346,0,189
"23124","cases_obs",6083,2347,0,165
"23125","cases_obs",6083,2348,0,229
"23126","cases_obs",6083,2349,0,225
"23127","cases_obs",6083,2350,0,227
"23128","cases_obs",6083,2351,0,245
"23129","cases_obs",6083,2352,0,204
"23130","cases_obs",6083,2353,0,217
"23131","cases_obs",6083,2354,0,238
"23132","cases_obs",6083,2355,0,226
"23133","cases_obs",6083,2356,0,204
"23134","cases_obs",6083,2357,0,244
"23135","cases_obs",6083,2358,0,178
"23136","cases_obs",6083,2359,0,199
"23137","cases_obs",6083,2360,0,201
"23138","cases_obs",6083,2361,0,195
"23139","cases_obs",6083,2362,0,137
"23140","cases_obs",6083,2363,0,143
"23141","cases_obs",6083,2364,0,150
"23142","cases_obs",6083,2365,0,145
"23143","cases_obs",6083,2366,0,173
"23144","cases_obs",6083,2367,0,184
"23145","cases_obs",6083,2368,0,191
"23146","cases_obs",6083,2369,0,232
"23147","cases_obs",6083,2370,0,193
"23148","cases_obs",6083,2371,0,191
"23149","cases_obs",6083,2372,0,234
"23150","cases_obs",6083,2373,0,237
"23151","cases_obs",6083,2374,0,268
"23152","cases_obs",6083,2375,0,248
"23153","cases_obs",6083,2376,0,233
"23154","cases_obs",6083,2377,0,220
"23155","cases_obs",6083,2378,0,217
"23156","cases_obs",6083,2379,0,216
"23157","cases_obs",6083,2380,0,173
"23158","cases_obs",6083,2381,0,196
"23159","cases_obs",6083,2382,0,130
"23160","cases_obs",6083,2383,0,226
"23161","cases_obs",6083,2384,0,164
"23162","cases_obs",6083,2385,0,166
"23163","cases_obs",6083,2386,0,163
"23164","cases_obs",6083,2387,0,142
"23165","cases_obs",6083,2388,0,173
"23166","cases_obs",6083,2389,0,153
"23167","cases_obs",6083,2390,0,184
"23168","cases_obs",6083,2391,0,195
"23169","cases_obs",6083,2392,0,161
"23170","cases_obs",6083,2393,0,172
"23171","cases_obs",6083,2394,0,199
"23172","cases_obs",6083,2395,0,167
"23173","cases_obs",6083,2396,0,176
"23174","cases_obs",6083,2397,0,185
"23175","cases_obs",6083,2398,0,188
"23176","cases_obs",6083,2399,0,176
"23177","cases_obs",6083,2400,0,155
"23178","cases_obs",6083,2401,0,163
"23179","cases_obs",6083,2402,0,139
"23180","cases_obs",6083,2403,0,159
"23181","cases_obs",6083,2404,0,144
"23182","cases_obs",6083,2405,0,146
"23183","cases_obs",6083,2406,0,161
"23184","cases_obs",6083,2407,0,138
"23185","cases_obs",6083,2408,0,170
"23186","cases_obs",6083,2409,0,196
"23187","cases_obs",6083,2410,0,191
"23188","cases_obs",6083,2411,0,184
"23189","cases_obs",6083,2412,0,159
"23190","cases_obs",6083,2413,0,142
"23191","cases_obs",6083,2414,0,107
"23192","cases_obs",6083,2415,0,101
"23193","cases_obs",6083,2416,0,96
"23194","cases_obs",6083,2417,0,88
"23195","cases_obs",6083,2418,0,143
"23196","cases_obs",6083,2419,0,146
"23197","cases_obs",6083,2420,0,139
"23198","cases_obs",6083,2421,0,179
"23199","cases_obs",6083,2422,0,198
"23200","cases_obs",6083,2423,0,201
"23201","cases_obs",6083,2424,0,161
"23202","cases_obs",6083,2425,0,221
"23203","cases_obs",6083,2426,0,191
"23204","cases_obs",6083,2427,0,202
"23205","cases_obs",6083,2428,0,179
"23206","cases_obs",6083,2429,0,197
"23207","cases_obs",6083,2430,0,207
"23208","cases_obs",6083,2431,0,171
"23209","cases_obs",6083,2432,0,160
"23210","cases_obs",6083,2433,0,159
"23211","cases_obs",6083,2434,0,131
"23212","cases_obs",6083,2435,0,188
"23213","cases_obs",6083,2436,0,141
"23214","cases_obs",6083,2437,0,136
"23215","cases_obs",6083,2438,0,165
"23216","cases_obs",6083,2439,0,167
"23217","cases_obs",6083,2440,0,168
"23218","cases_obs",6083,2441,0,193
"23219","cases_obs",6083,2442,0,147
"23220","cases_obs",6083,2443,0,198
"23221","cases_obs",6083,2444,0,182
"23222","cases_obs",6083,2445,0,196
"23223","cases_obs",6083,2446,0,189
"23224","cases_obs",6083,2447,0,200
"23225","cases_obs",6083,2448,0,188
"23226","cases_obs",6083,2449,0,191
"23227","cases_obs",6083,2450,0,166
"23228","cases_obs",6083,2451,0,175
"23229","cases_obs",6083,2452,0,178
"23230","cases_obs",6083,2453,0,174
"23231","cases_obs",6083,2454,0,181
"23232","cases_obs",6083,2455,0,201
"23233","cases_obs",6083,2456,0,218
"23234","cases_obs",6083,2457,0,188
"23235","cases_obs",6083,2458,0,149
"23236","cases_obs",6083,2459,0,156
"23237","cases_obs",6083,2460,0,171
"23238","cases_obs",6083,2461,0,152
"23239","cases_obs",6083,2462,0,157
"23240","cases_obs",6083,2463,0,168
"23241","cases_obs",6083,2464,0,191
"23242","cases_obs",6083,2465,0,128
"23243","cases_obs",6083,2466,0,112
"23244","cases_obs",6083,2467,0,107
"23245","cases_obs",6083,2468,0,76
"23246","cases_obs",6083,2469,0,90
"23247","cases_obs",6083,2470,0,97
"23248","cases_obs",6083,2471,0,121
"23249","cases_obs",6083,2472,0,131
"23250","cases_obs",6083,2473,0,160
"23251","cases_obs",6083,2474,0,155
"23252","cases_obs",6083,2475,0,180
"23253","cases_obs",6083,2476,0,186
"23254","cases_obs",6083,2477,0,159
"23255","cases_obs",6083,2478,0,192
"23256","cases_obs",6083,2479,0,168
"23257","cases_obs",6083,2480,0,170
"23258","cases_obs",6083,2481,0,179
"23259","cases_obs",6083,2482,0,175
"23260","cases_obs",6083,2483,0,158
"23261","cases_obs",6083,2484,0,166
"23262","cases_obs",6083,2485,0,151
"23263","cases_obs",6083,2486,0,96
"23264","cases_obs",6083,2487,0,100
"23265","cases_obs",6083,2488,0,114
"23266","cases_obs",6083,2489,0,99
"23267","cases_obs",6083,2490,0,128
"23268","cases_obs",6083,2491,0,163
"23269","cases_obs",6083,2492,0,172
"23270","cases_obs",6083,2493,0,139
"23271","cases_obs",6083,2494,0,142
"23272","cases_obs",6083,2495,0,146
"23273","cases_obs",6083,2496,0,148
"23274","cases_obs",6083,2497,0,152
"23275","cases_obs",6083,2498,0,152
"23276","cases_obs",6083,2499,0,140
"23277","cases_obs",6083,2500,0,151
"23278","cases_obs",6083,2501,0,121
"23279","cases_obs",6083,2502,0,155
"23280","cases_obs",6083,2503,0,176
"23281","cases_obs",6083,2504,0,170
"23282","cases_obs",6083,2505,0,167
"23283","cases_obs",6083,2506,0,187
"23284","cases_obs",6083,2507,0,135
"23285","cases_obs",6083,2508,0,144
"23286","cases_obs",6083,2509,0,161
"23287","cases_obs",6083,2510,0,162
"23288","cases_obs",6083,2511,0,166
"23289","cases_obs",6083,2512,0,203
"23290","cases_obs",6083,2513,0,181
"23291","cases_obs",6083,2514,0,191
"23292","cases_obs",6083,2515,0,165
"23293","cases_obs",6083,2516,0,152
"23294","cases_obs",6083,2517,0,108
"23295","cases_obs",6083,2518,0,108
"23296","cases_obs",6083,2519,0,92
"23297","log_lik",6083,0,0,-29648.5091703625
