"","matrix","time","row","col","value"
"1","N",6083,0,0,8614092.63294341
"2","S",6083,0,0,4822501.56351298
"3","I",6083,0,0,287.102201887588
"4","R",6083,0,0,3792437.20911287
"5","D",6083,0,0,145187.631407621
"6","beta_trend",6083,0,0,1.26524362347019
"7","beta_trend",6083,1,0,1.26563209758959
"8","beta_trend",6083,2,0,1.26599144567294
"9","beta_trend",6083,3,0,1.26632203837056
"10","beta_trend",6083,4,0,1.26662425997197
"11","beta_trend",6083,5,0,1.26689850812319
"12","beta_trend",6083,6,0,1.2671451935321
"13","beta_trend",6083,7,0,1.26736473966211
"14","beta_trend",6083,8,0,1.26755758241432
"15","beta_trend",6083,9,0,1.26772416979836
"16","beta_trend",6083,10,0,1.2678649615921
"17","beta_trend",6083,11,0,1.26798042899059
"18","beta_trend",6083,12,0,1.26807105424429
"19","beta_trend",6083,13,0,1.26813733028698
"20","beta_trend",6083,14,0,1.26817976035357
"21","beta_trend",6083,15,0,1.26819885758806
"22","beta_trend",6083,16,0,1.26819514464205
"23","beta_trend",6083,17,0,1.26816915326389
"24","beta_trend",6083,18,0,1.26812142387903
"25","beta_trend",6083,19,0,1.26805250516174
"26","beta_trend",6083,20,0,1.2679629535985
"27","beta_trend",6083,21,0,1.26785333304352
"28","beta_trend",6083,22,0,1.26772421426675
"29","beta_trend",6083,23,0,1.26757617449454
"30","beta_trend",6083,24,0,1.26740979694354
"31","beta_trend",6083,25,0,1.2672256703482
"32","beta_trend",6083,26,0,1.26702438848207
"33","beta_trend",6083,27,0,1.26680654967352
"34","beta_trend",6083,28,0,1.26657275631618
"35","beta_trend",6083,29,0,1.2663236143745
"36","beta_trend",6083,30,0,1.26605973288491
"37","beta_trend",6083,31,0,1.26578172345293
"38","beta_trend",6083,32,0,1.26549019974678
"39","beta_trend",6083,33,0,1.26518577698777
"40","beta_trend",6083,34,0,1.2648690714381
"41","beta_trend",6083,35,0,1.26454069988639
"42","beta_trend",6083,36,0,1.26420127913138
"43","beta_trend",6083,37,0,1.26385142546442
"44","beta_trend",6083,38,0,1.26349175415105
"45","beta_trend",6083,39,0,1.26312287891223
"46","beta_trend",6083,40,0,1.26274541140563
"47","beta_trend",6083,41,0,1.26235996070757
"48","beta_trend",6083,42,0,1.26196713279591
"49","beta_trend",6083,43,0,1.26156753003457
"50","beta_trend",6083,44,0,1.26116175066002
"51","beta_trend",6083,45,0,1.26075038827024
"52","beta_trend",6083,46,0,1.26033403131676
"53","beta_trend",6083,47,0,1.25991326260002
"54","beta_trend",6083,48,0,1.25948865876884
"55","beta_trend",6083,49,0,1.25906078982421
"56","beta_trend",6083,50,0,1.25863021862804
"57","beta_trend",6083,51,0,1.25819750041729
"58","beta_trend",6083,52,0,1.257763182324
"59","beta_trend",6083,53,0,1.25732780290162
"60","beta_trend",6083,54,0,1.2568918916582
"61","beta_trend",6083,55,0,1.25645596859684
"62","beta_trend",6083,56,0,1.25602054376391
"63","beta_trend",6083,57,0,1.25558611680545
"64","beta_trend",6083,58,0,1.25515317653225
"65","beta_trend",6083,59,0,1.25472220049403
"66","beta_trend",6083,60,0,1.25429365456317
"67","beta_trend",6083,61,0,1.25386799252843
"68","beta_trend",6083,62,0,1.25344565569904
"69","beta_trend",6083,63,0,1.25302707251972
"70","beta_trend",6083,64,0,1.25261265819679
"71","beta_trend",6083,65,0,1.25220281433607
"72","beta_trend",6083,66,0,1.25179792859275
"73","beta_trend",6083,67,0,1.25139837433364
"74","beta_trend",6083,68,0,1.25100451031234
"75","beta_trend",6083,69,0,1.25061668035744
"76","beta_trend",6083,70,0,1.25023521307431
"77","beta_trend",6083,71,0,1.24986042156074
"78","beta_trend",6083,72,0,1.24949260313675
"79","beta_trend",6083,73,0,1.24913203908891
"80","beta_trend",6083,74,0,1.24877899442945
"81","beta_trend",6083,75,0,1.24841826809307
"82","beta_trend",6083,76,0,1.24808027862477
"83","beta_trend",6083,77,0,1.24775047277656
"84","beta_trend",6083,78,0,1.24742904710448
"85","beta_trend",6083,79,0,1.24711618087114
"86","beta_trend",6083,80,0,1.24681203589786
"87","beta_trend",6083,81,0,1.24651675643329
"88","beta_trend",6083,82,0,1.2462304690389
"89","beta_trend",6083,83,0,1.2459532824912
"90","beta_trend",6083,84,0,1.24568528770115
"91","beta_trend",6083,85,0,1.24542655765073
"92","beta_trend",6083,86,0,1.24517714734688
"93","beta_trend",6083,87,0,1.24493709379287
"94","beta_trend",6083,88,0,1.24470641597727
"95","beta_trend",6083,89,0,1.24448511488049
"96","beta_trend",6083,90,0,1.24427317349909
"97","beta_trend",6083,91,0,1.24407055688778
"98","beta_trend",6083,92,0,1.24387721221926
"99","beta_trend",6083,93,0,1.24369306886176
"100","beta_trend",6083,94,0,1.24351803847445
"101","beta_trend",6083,95,0,1.24335201512059
"102","beta_trend",6083,96,0,1.24319487539836
"103","beta_trend",6083,97,0,1.24304647858937
"104","beta_trend",6083,98,0,1.24290666682483
"105","beta_trend",6083,99,0,1.24277526526909
"106","beta_trend",6083,100,0,1.2426520823207
"107","beta_trend",6083,101,0,1.24253690983057
"108","beta_trend",6083,102,0,1.24242952333743
"109","beta_trend",6083,103,0,1.24232968232005
"110","beta_trend",6083,104,0,1.24223713046636
"111","beta_trend",6083,105,0,1.24215159595908
"112","beta_trend",6083,106,0,1.24207279177771
"113","beta_trend",6083,107,0,1.24200041601666
"114","beta_trend",6083,108,0,1.24193415221922
"115","beta_trend",6083,109,0,1.24187366972713
"116","beta_trend",6083,110,0,1.24181862404555
"117","beta_trend",6083,111,0,1.24176865722295
"118","beta_trend",6083,112,0,1.24172339824574
"119","beta_trend",6083,113,0,1.24168246344736
"120","beta_trend",6083,114,0,1.24164545693124
"121","beta_trend",6083,115,0,1.24161197100759
"122","beta_trend",6083,116,0,1.24158158664334
"123","beta_trend",6083,117,0,1.24155387392509
"124","beta_trend",6083,118,0,1.2415283925345
"125","beta_trend",6083,119,0,1.24150469223571
"126","beta_trend",6083,120,0,1.2414823133745
"127","beta_trend",6083,121,0,1.24146078738854
"128","beta_trend",6083,122,0,1.24143963732839
"129","beta_trend",6083,123,0,1.24141837838881
"130","beta_trend",6083,124,0,1.24139651844977
"131","beta_trend",6083,125,0,1.24137355862675
"132","beta_trend",6083,126,0,1.24134899382984
"133","beta_trend",6083,127,0,1.24132231333102
"134","beta_trend",6083,128,0,1.24129300133921
"135","beta_trend",6083,129,0,1.24126053758245
"136","beta_trend",6083,130,0,1.24122439789676
"137","beta_trend",6083,131,0,1.24118405482098
"138","beta_trend",6083,132,0,1.24113897819723
"139","beta_trend",6083,133,0,1.2410886357762
"140","beta_trend",6083,134,0,1.24103249382682
"141","beta_trend",6083,135,0,1.24097001774971
"142","beta_trend",6083,136,0,1.24090067269378
"143","beta_trend",6083,137,0,1.24082392417537
"144","beta_trend",6083,138,0,1.24073923869944
"145","beta_trend",6083,139,0,1.24064608438199
"146","beta_trend",6083,140,0,1.24054393157336
"147","beta_trend",6083,141,0,1.24043225348152
"148","beta_trend",6083,142,0,1.24031052679501
"149","beta_trend",6083,143,0,1.24017823230464
"150","beta_trend",6083,144,0,1.24003485552358
"151","beta_trend",6083,145,0,1.23987988730499
"152","beta_trend",6083,146,0,1.23971282445674
"153","beta_trend",6083,147,0,1.23953317035257
"154","beta_trend",6083,148,0,1.2393404355389
"155","beta_trend",6083,149,0,1.23913413833699
"156","beta_trend",6083,150,0,1.23891380543947
"157","beta_trend",6083,151,0,1.23867897250096
"158","beta_trend",6083,152,0,1.23842918472195
"159","beta_trend",6083,153,0,1.23816399742537
"160","beta_trend",6083,154,0,1.23788297662537
"161","beta_trend",6083,155,0,1.2375856995876
"162","beta_trend",6083,156,0,1.23727175538037
"163","beta_trend",6083,157,0,1.23694074541629
"164","beta_trend",6083,158,0,1.2365922839836
"165","beta_trend",6083,159,0,1.23622599876681
"166","beta_trend",6083,160,0,1.23584153135589
"167","beta_trend",6083,161,0,1.23543853774373
"168","beta_trend",6083,162,0,1.23501668881106
"169","beta_trend",6083,163,0,1.23457567079846
"170","beta_trend",6083,164,0,1.23411518576495
"171","beta_trend",6083,165,0,1.23363495203257
"172","beta_trend",6083,166,0,1.2331347046165
"173","beta_trend",6083,167,0,1.23261419564027
"174","beta_trend",6083,168,0,1.23207319473552
"175","beta_trend",6083,169,0,1.23151148942594
"176","beta_trend",6083,170,0,1.2309288854949
"177","beta_trend",6083,171,0,1.23032520733632
"178","beta_trend",6083,172,0,1.22972206245563
"179","beta_trend",6083,173,0,1.22907678750719
"180","beta_trend",6083,174,0,1.22841006995606
"181","beta_trend",6083,175,0,1.2277218135618
"182","beta_trend",6083,176,0,1.22701194224986
"183","beta_trend",6083,177,0,1.22628040035624
"184","beta_trend",6083,178,0,1.22552715285302
"185","beta_trend",6083,179,0,1.2247521855543
"186","beta_trend",6083,180,0,1.22395550530253
"187","beta_trend",6083,181,0,1.22313714013468
"188","beta_trend",6083,182,0,1.22229713942831
"189","beta_trend",6083,183,0,1.22143557402706
"190","beta_trend",6083,184,0,1.22055253634555
"191","beta_trend",6083,185,0,1.21964814045348
"192","beta_trend",6083,186,0,1.21872252213868
"193","beta_trend",6083,187,0,1.21777583894905
"194","beta_trend",6083,188,0,1.21680827021332
"195","beta_trend",6083,189,0,1.21582001704042
"196","beta_trend",6083,190,0,1.21481130229743
"197","beta_trend",6083,191,0,1.21378237056619
"198","beta_trend",6083,192,0,1.21273348807828
"199","beta_trend",6083,193,0,1.21166494262854
"200","beta_trend",6083,194,0,1.21057704346717
"201","beta_trend",6083,195,0,1.20947012117032
"202","beta_trend",6083,196,0,1.20834452748923
"203","beta_trend",6083,197,0,1.20720063517811
"204","beta_trend",6083,198,0,1.20603883780078
"205","beta_trend",6083,199,0,1.20485954951613
"206","beta_trend",6083,200,0,1.20366320484267
"207","beta_trend",6083,201,0,1.20245025840222
"208","beta_trend",6083,202,0,1.20122118464297
"209","beta_trend",6083,203,0,1.19997647754206
"210","beta_trend",6083,204,0,1.19871665028803
"211","beta_trend",6083,205,0,1.19744223494318
"212","beta_trend",6083,206,0,1.19615378208629
"213","beta_trend",6083,207,0,1.19485186043587
"214","beta_trend",6083,208,0,1.19353705645432
"215","beta_trend",6083,209,0,1.19220997393318
"216","beta_trend",6083,210,0,1.19087123356004
"217","beta_trend",6083,211,0,1.18952147246724
"218","beta_trend",6083,212,0,1.18816134376288
"219","beta_trend",6083,213,0,1.18679151604449
"220","beta_trend",6083,214,0,1.18541267289574
"221","beta_trend",6083,215,0,1.18402551236676
"222","beta_trend",6083,216,0,1.18263074643828
"223","beta_trend",6083,217,0,1.18122910047035
"224","beta_trend",6083,218,0,1.17982131263583
"225","beta_trend",6083,219,0,1.17840813333937
"226","beta_trend",6083,220,0,1.17699032462233
"227","beta_trend",6083,221,0,1.17556865955407
"228","beta_trend",6083,222,0,1.17414392161032
"229","beta_trend",6083,223,0,1.17271690403903
"230","beta_trend",6083,224,0,1.17128840921441
"231","beta_trend",6083,225,0,1.16985924797963
"232","beta_trend",6083,226,0,1.16843023897885
"233","beta_trend",6083,227,0,1.16700220797915
"234","beta_trend",6083,228,0,1.165575987183
"235","beta_trend",6083,229,0,1.16415241453184
"236","beta_trend",6083,230,0,1.16273233300156
"237","beta_trend",6083,231,0,1.16131658989033
"238","beta_trend",6083,232,0,1.15990603609959
"239","beta_trend",6083,233,0,1.15850152540878
"240","beta_trend",6083,234,0,1.15710391374452
"241","beta_trend",6083,235,0,1.15571405844493
"242","beta_trend",6083,236,0,1.15433281751973
"243","beta_trend",6083,237,0,1.15296104890688
"244","beta_trend",6083,238,0,1.15159960972633
"245","beta_trend",6083,239,0,1.15024935553178
"246","beta_trend",6083,240,0,1.14891113956089
"247","beta_trend",6083,241,0,1.14758581198497
"248","beta_trend",6083,242,0,1.14627421915848
"249","beta_trend",6083,243,0,1.14497720286942
"250","beta_trend",6083,244,0,1.14369559959101
"251","beta_trend",6083,245,0,1.14243023973559
"252","beta_trend",6083,246,0,1.14118194691132
"253","beta_trend",6083,247,0,1.13995153718244
"254","beta_trend",6083,248,0,1.13873981833375
"255","beta_trend",6083,249,0,1.13754758914008
"256","beta_trend",6083,250,0,1.13637563864139
"257","beta_trend",6083,251,0,1.13522474542421
"258","beta_trend",6083,252,0,1.13409567691008
"259","beta_trend",6083,253,0,1.13298918865172
"260","beta_trend",6083,254,0,1.13190602363761
"261","beta_trend",6083,255,0,1.13084691160553
"262","beta_trend",6083,256,0,1.12981256836591
"263","beta_trend",6083,257,0,1.12880369513548
"264","beta_trend",6083,258,0,1.12782097788191
"265","beta_trend",6083,259,0,1.12686508668011
"266","beta_trend",6083,260,0,1.12593667508079
"267","beta_trend",6083,261,0,1.12503637949183
"268","beta_trend",6083,262,0,1.12416481857321
"269","beta_trend",6083,263,0,1.12332259264585
"270","beta_trend",6083,264,0,1.12251028311518
"271","beta_trend",6083,265,0,1.12172845190986
"272","beta_trend",6083,266,0,1.1209776409362
"273","beta_trend",6083,267,0,1.12025837154887
"274","beta_trend",6083,268,0,1.11957934950234
"275","beta_trend",6083,269,0,1.11892502101563
"276","beta_trend",6083,270,0,1.11830368628813
"277","beta_trend",6083,271,0,1.11771578018524
"278","beta_trend",6083,272,0,1.11716171466033
"279","beta_trend",6083,273,0,1.11664187833404
"280","beta_trend",6083,274,0,1.11615663609314
"281","beta_trend",6083,275,0,1.11570632870932
"282","beta_trend",6083,276,0,1.11529127247826
"283","beta_trend",6083,277,0,1.11491175887941
"284","beta_trend",6083,278,0,1.11456805425676
"285","beta_trend",6083,279,0,1.11426039952095
"286","beta_trend",6083,280,0,1.113989009873
"287","beta_trend",6083,281,0,1.11375407454992
"288","beta_trend",6083,282,0,1.11355575659249
"289","beta_trend",6083,283,0,1.11339419263548
"290","beta_trend",6083,284,0,1.11326949272041
"291","beta_trend",6083,285,0,1.11318174013114
"292","beta_trend",6083,286,0,1.11313099125244
"293","beta_trend",6083,287,0,1.11311727545165
"294","beta_trend",6083,288,0,1.11314059498364
"295","beta_trend",6083,289,0,1.11320092491906
"296","beta_trend",6083,290,0,1.11329821309606
"297","beta_trend",6083,291,0,1.11343238009548
"298","beta_trend",6083,292,0,1.11360331923961
"299","beta_trend",6083,293,0,1.11381089661445
"300","beta_trend",6083,294,0,1.11405495111555
"301","beta_trend",6083,295,0,1.11433529451729
"302","beta_trend",6083,296,0,1.11465171156572
"303","beta_trend",6083,297,0,1.11500396009467
"304","beta_trend",6083,298,0,1.11539177116523
"305","beta_trend",6083,299,0,1.11581484922836
"306","beta_trend",6083,300,0,1.11627287231049
"307","beta_trend",6083,301,0,1.11676549222207
"308","beta_trend",6083,302,0,1.1172923347887
"309","beta_trend",6083,303,0,1.11785300010481
"310","beta_trend",6083,304,0,1.11844706280949
"311","beta_trend",6083,305,0,1.11907407238444
"312","beta_trend",6083,306,0,1.11973355347351
"313","beta_trend",6083,307,0,1.1204250062238
"314","beta_trend",6083,308,0,1.12114790664777
"315","beta_trend",6083,309,0,1.12190170700624
"316","beta_trend",6083,310,0,1.12268583621177
"317","beta_trend",6083,311,0,1.12349970025218
"318","beta_trend",6083,312,0,1.12434268263368
"319","beta_trend",6083,313,0,1.12521414484338
"320","beta_trend",6083,314,0,1.12611342683055
"321","beta_trend",6083,315,0,1.12703984750642
"322","beta_trend",6083,316,0,1.12799270526187
"323","beta_trend",6083,317,0,1.12897127850257
"324","beta_trend",6083,318,0,1.12997482620126
"325","beta_trend",6083,319,0,1.13100258846632
"326","beta_trend",6083,320,0,1.13205378712651
"327","beta_trend",6083,321,0,1.13312762633099
"328","beta_trend",6083,322,0,1.13422329316429
"329","beta_trend",6083,323,0,1.1353399582756
"330","beta_trend",6083,324,0,1.1364767765218
"331","beta_trend",6083,325,0,1.13763288762359
"332","beta_trend",6083,326,0,1.13880741683427
"333","beta_trend",6083,327,0,1.13999947562039
"334","beta_trend",6083,328,0,1.14120816235373
"335","beta_trend",6083,329,0,1.14243256301399
"336","beta_trend",6083,330,0,1.14367175190153
"337","beta_trend",6083,331,0,1.14492479235946
"338","beta_trend",6083,332,0,1.14619073750457
"339","beta_trend",6083,333,0,1.14746863096619
"340","beta_trend",6083,334,0,1.14875750763264
"341","beta_trend",6083,335,0,1.15005639440423
"342","beta_trend",6083,336,0,1.15136431095242
"343","beta_trend",6083,337,0,1.15268027048434
"344","beta_trend",6083,338,0,1.15400328051189
"345","beta_trend",6083,339,0,1.15533234362493
"346","beta_trend",6083,340,0,1.15666645826768
"347","beta_trend",6083,341,0,1.15800461951772
"348","beta_trend",6083,342,0,1.15934581986689
"349","beta_trend",6083,343,0,1.16068905000336
"350","beta_trend",6083,344,0,1.16203329959417
"351","beta_trend",6083,345,0,1.16337755806764
"352","beta_trend",6083,346,0,1.16472081539475
"353","beta_trend",6083,347,0,1.16606206286901
"354","beta_trend",6083,348,0,1.16740029388402
"355","beta_trend",6083,349,0,1.16873450470805
"356","beta_trend",6083,350,0,1.17006369525489
"357","beta_trend",6083,351,0,1.17138686985053
"358","beta_trend",6083,352,0,1.17270303799462
"359","beta_trend",6083,353,0,1.17401121511641
"360","beta_trend",6083,354,0,1.17531042332428
"361","beta_trend",6083,355,0,1.17659969214832
"362","beta_trend",6083,356,0,1.17787805927524
"363","beta_trend",6083,357,0,1.17914457127504
"364","beta_trend",6083,358,0,1.18039828431882
"365","beta_trend",6083,359,0,1.18163826488702
"366","beta_trend",6083,360,0,1.18286359046759
"367","beta_trend",6083,361,0,1.18407335024348
"368","beta_trend",6083,362,0,1.18526664576882
"369","beta_trend",6083,363,0,1.18644259163322
"370","beta_trend",6083,364,0,1.18760031611374
"371","beta_trend",6083,365,0,1.18873165259956
"372","beta_trend",6083,366,0,1.18985004039455
"373","beta_trend",6083,367,0,1.19094766546047
"374","beta_trend",6083,368,0,1.19202371648412
"375","beta_trend",6083,369,0,1.19307739887272
"376","beta_trend",6083,370,0,1.19410793531969
"377","beta_trend",6083,371,0,1.19511456635457
"378","beta_trend",6083,372,0,1.19609655087653
"379","beta_trend",6083,373,0,1.19705316667117
"380","beta_trend",6083,374,0,1.19798371091002
"381","beta_trend",6083,375,0,1.19888750063253
"382","beta_trend",6083,376,0,1.19976387321011
"383","beta_trend",6083,377,0,1.20061218679182
"384","beta_trend",6083,378,0,1.20143182073148
"385","beta_trend",6083,379,0,1.20222217599582
"386","beta_trend",6083,380,0,1.20298267555333
"387","beta_trend",6083,381,0,1.20371276474366
"388","beta_trend",6083,382,0,1.20441191162719
"389","beta_trend",6083,383,0,1.2050796073146
"390","beta_trend",6083,384,0,1.2057153662762
"391","beta_trend",6083,385,0,1.20631872663084
"392","beta_trend",6083,386,0,1.20688925041411
"393","beta_trend",6083,387,0,1.20742652382592
"394","beta_trend",6083,388,0,1.20793015745701
"395","beta_trend",6083,389,0,1.20839978649451
"396","beta_trend",6083,390,0,1.2088350709063
"397","beta_trend",6083,391,0,1.20923569560426
"398","beta_trend",6083,392,0,1.20960137058607
"399","beta_trend",6083,393,0,1.20993183105585
"400","beta_trend",6083,394,0,1.21022683752338
"401","beta_trend",6083,395,0,1.21048617588199
"402","beta_trend",6083,396,0,1.21070965746513
"403","beta_trend",6083,397,0,1.21089711908168
"404","beta_trend",6083,398,0,1.21104842302998
"405","beta_trend",6083,399,0,1.21116345709082
"406","beta_trend",6083,400,0,1.21124213449923
"407","beta_trend",6083,401,0,1.21128439389549
"408","beta_trend",6083,402,0,1.21129019925522
"409","beta_trend",6083,403,0,1.21125953979892
"410","beta_trend",6083,404,0,1.21119242988098
"411","beta_trend",6083,405,0,1.21108890885841
"412","beta_trend",6083,406,0,1.21094904093951
"413","beta_trend",6083,407,0,1.21077291501272
"414","beta_trend",6083,408,0,1.21051461479511
"415","beta_trend",6083,409,0,1.21026837295506
"416","beta_trend",6083,410,0,1.20998620047481
"417","beta_trend",6083,411,0,1.2096682862257
"418","beta_trend",6083,412,0,1.20931484249193
"419","beta_trend",6083,413,0,1.20892610469009
"420","beta_trend",6083,414,0,1.20850233107062
"421","beta_trend",6083,415,0,1.20804380240173
"422","beta_trend",6083,416,0,1.20755082163616
"423","beta_trend",6083,417,0,1.20702371356109
"424","beta_trend",6083,418,0,1.20646282443162
"425","beta_trend",6083,419,0,1.20586852158826
"426","beta_trend",6083,420,0,1.20524119305885
"427","beta_trend",6083,421,0,1.20458124714525
"428","beta_trend",6083,422,0,1.2038891119954
"429","beta_trend",6083,423,0,1.20316523516109
"430","beta_trend",6083,424,0,1.20241008314194
"431","beta_trend",6083,425,0,1.20162414091609
"432","beta_trend",6083,426,0,1.20080791145802
"433","beta_trend",6083,427,0,1.19996191524411
"434","beta_trend",6083,428,0,1.19908668974633
"435","beta_trend",6083,429,0,1.19818278891457
"436","beta_trend",6083,430,0,1.19725078264829
"437","beta_trend",6083,431,0,1.19629125625778
"438","beta_trend",6083,432,0,1.19530480991572
"439","beta_trend",6083,433,0,1.19429205809958
"440","beta_trend",6083,434,0,1.19325362902528
"441","beta_trend",6083,435,0,1.19219016407277
"442","beta_trend",6083,436,0,1.19110231720402
"443","beta_trend",6083,437,0,1.18999075437408
"444","beta_trend",6083,438,0,1.1888561529355
"445","beta_trend",6083,439,0,1.18769920103709
"446","beta_trend",6083,440,0,1.18652059701709
"447","beta_trend",6083,441,0,1.18532104879178
"448","beta_trend",6083,442,0,1.1841012732397
"449","beta_trend",6083,443,0,1.18286199558236
"450","beta_trend",6083,444,0,1.18160394876171
"451","beta_trend",6083,445,0,1.18032787281523
"452","beta_trend",6083,446,0,1.17903451424889
"453","beta_trend",6083,447,0,1.17772462540886
"454","beta_trend",6083,448,0,1.17639896385218
"455","beta_trend",6083,449,0,1.17505829171727
"456","beta_trend",6083,450,0,1.17370337509458
"457","beta_trend",6083,451,0,1.17233498339806
"458","beta_trend",6083,452,0,1.17095388873795
"459","beta_trend",6083,453,0,1.16956086529539
"460","beta_trend",6083,454,0,1.16815668869945
"461","beta_trend",6083,455,0,1.16674213540705
"462","beta_trend",6083,456,0,1.16531798208627
"463","beta_trend",6083,457,0,1.16388500500363
"464","beta_trend",6083,458,0,1.16244397941577
"465","beta_trend",6083,459,0,1.16099567896607
"466","beta_trend",6083,460,0,1.15954087508666
"467","beta_trend",6083,461,0,1.15809776263164
"468","beta_trend",6083,462,0,1.15663305814126
"469","beta_trend",6083,463,0,1.1551641803212
"470","beta_trend",6083,464,0,1.15369188732187
"471","beta_trend",6083,465,0,1.1522169322428
"472","beta_trend",6083,466,0,1.15074006257858
"473","beta_trend",6083,467,0,1.14926201967339
"474","beta_trend",6083,468,0,1.14778353818445
"475","beta_trend",6083,469,0,1.14630534555496
"476","beta_trend",6083,470,0,1.1448281614968
"477","beta_trend",6083,471,0,1.14335269748333
"478","beta_trend",6083,472,0,1.14187965625278
"479","beta_trend",6083,473,0,1.14040973132246
"480","beta_trend",6083,474,0,1.13894360651418
"481","beta_trend",6083,475,0,1.1374819554912
"482","beta_trend",6083,476,0,1.13602544130699
"483","beta_trend",6083,477,0,1.13457471596615
"484","beta_trend",6083,478,0,1.13313041999771
"485","beta_trend",6083,479,0,1.13169318204113
"486","beta_trend",6083,480,0,1.13026361844522
"487","beta_trend",6083,481,0,1.12884233288025
"488","beta_trend",6083,482,0,1.12742991596349
"489","beta_trend",6083,483,0,1.12602694489831
"490","beta_trend",6083,484,0,1.12463398312714
"491","beta_trend",6083,485,0,1.12325157999845
"492","beta_trend",6083,486,0,1.12188027044788
"493","beta_trend",6083,487,0,1.12052057469371
"494","beta_trend",6083,488,0,1.11917299794684
"495","beta_trend",6083,489,0,1.11783803013531
"496","beta_trend",6083,490,0,1.11651614564362
"497","beta_trend",6083,491,0,1.11520780306683
"498","beta_trend",6083,492,0,1.11391344497957
"499","beta_trend",6083,493,0,1.11263349772007
"500","beta_trend",6083,494,0,1.11136837118917
"501","beta_trend",6083,495,0,1.11011845866447
"502","beta_trend",6083,496,0,1.10888413662958
"503","beta_trend",6083,497,0,1.10766576461847
"504","beta_trend",6083,498,0,1.10646368507502
"505","beta_trend",6083,499,0,1.10527822322765
"506","beta_trend",6083,500,0,1.10410968697904
"507","beta_trend",6083,501,0,1.10295836681097
"508","beta_trend",6083,502,0,1.10182453570412
"509","beta_trend",6083,503,0,1.10070844907287
"510","beta_trend",6083,504,0,1.09961034471494
"511","beta_trend",6083,505,0,1.09854636353527
"512","beta_trend",6083,506,0,1.09748416157968
"513","beta_trend",6083,507,0,1.09644057890875
"514","beta_trend",6083,508,0,1.09541578147684
"515","beta_trend",6083,509,0,1.09440991763228
"516","beta_trend",6083,510,0,1.09342311815254
"517","beta_trend",6083,511,0,1.09245549629359
"518","beta_trend",6083,512,0,1.09150714785306
"519","beta_trend",6083,513,0,1.09057815124714
"520","beta_trend",6083,514,0,1.08966856760097
"521","beta_trend",6083,515,0,1.08877844085241
"522","beta_trend",6083,516,0,1.0879077978688
"523","beta_trend",6083,517,0,1.08705664857674
"524","beta_trend",6083,518,0,1.08622498610442
"525","beta_trend",6083,519,0,1.08541278693643
"526","beta_trend",6083,520,0,1.08462001108075
"527","beta_trend",6083,521,0,1.0838466022476
"528","beta_trend",6083,522,0,1.08309248804005
"529","beta_trend",6083,523,0,1.08235758015596
"530","beta_trend",6083,524,0,1.08164177460102
"531","beta_trend",6083,525,0,1.08094495191271
"532","beta_trend",6083,526,0,1.08026697739473
"533","beta_trend",6083,527,0,1.07960770136173
"534","beta_trend",6083,528,0,1.07896695939395
"535","beta_trend",6083,529,0,1.0783445726016
"536","beta_trend",6083,530,0,1.07774034789843
"537","beta_trend",6083,531,0,1.0771540782845
"538","beta_trend",6083,532,0,1.0765855431375
"539","beta_trend",6083,533,0,1.07603450851253
"540","beta_trend",6083,534,0,1.07550072744995
"541","beta_trend",6083,535,0,1.07498394029086
"542","beta_trend",6083,536,0,1.0744838750001
"543","beta_trend",6083,537,0,1.07400024749616
"544","beta_trend",6083,538,0,1.07353276198795
"545","beta_trend",6083,539,0,1.07308111131782
"546","beta_trend",6083,540,0,1.07264497731069
"547","beta_trend",6083,541,0,1.07222403112888
"548","beta_trend",6083,542,0,1.0718179336322
"549","beta_trend",6083,543,0,1.07142633574313
"550","beta_trend",6083,544,0,1.07104887881664
"551","beta_trend",6083,545,0,1.07068519501428
"552","beta_trend",6083,546,0,1.07033490768232
"553","beta_trend",6083,547,0,1.06999763173341
"554","beta_trend",6083,548,0,1.06967297403162
"555","beta_trend",6083,549,0,1.06936053378037
"556","beta_trend",6083,550,0,1.06905990291299
"557","beta_trend",6083,551,0,1.06877066648551
"558","beta_trend",6083,552,0,1.0684924030714
"559","beta_trend",6083,553,0,1.06822468515792
"560","beta_trend",6083,554,0,1.0679670795437
"561","beta_trend",6083,555,0,1.0677191477373
"562","beta_trend",6083,556,0,1.06748044635633
"563","beta_trend",6083,557,0,1.06725052752691
"564","beta_trend",6083,558,0,1.06703461825588
"565","beta_trend",6083,559,0,1.06682116655711
"566","beta_trend",6083,560,0,1.06661514219552
"567","beta_trend",6083,561,0,1.06641608378079
"568","beta_trend",6083,562,0,1.06622352743882
"569","beta_trend",6083,563,0,1.06603700720692
"570","beta_trend",6083,564,0,1.06585605542727
"571","beta_trend",6083,565,0,1.06568020313819
"572","beta_trend",6083,566,0,1.06550898046305
"573","beta_trend",6083,567,0,1.06534191699648
"574","beta_trend",6083,568,0,1.06517854218775
"575","beta_trend",6083,569,0,1.0650183857208
"576","beta_trend",6083,570,0,1.06486097789093
"577","beta_trend",6083,571,0,1.06470584997776
"578","beta_trend",6083,572,0,1.0645525346142
"579","beta_trend",6083,573,0,1.06440056615129
"580","beta_trend",6083,574,0,1.06424948101855
"581","beta_trend",6083,575,0,1.06409881807976
"582","beta_trend",6083,576,0,1.06394811898382
"583","beta_trend",6083,577,0,1.06379692851054
"584","beta_trend",6083,578,0,1.06364479491118
"585","beta_trend",6083,579,0,1.06349127024345
"586","beta_trend",6083,580,0,1.06333591070091
"587","beta_trend",6083,581,0,1.06317827693644
"588","beta_trend",6083,582,0,1.06301793437974
"589","beta_trend",6083,583,0,1.06285445354854
"590","beta_trend",6083,584,0,1.06268741035356
"591","beta_trend",6083,585,0,1.06251638639681
"592","beta_trend",6083,586,0,1.06234096926335
"593","beta_trend",6083,587,0,1.0621607528061
"594","beta_trend",6083,588,0,1.06197533742379
"595","beta_trend",6083,589,0,1.06178433033183
"596","beta_trend",6083,590,0,1.06158734582591
"597","beta_trend",6083,591,0,1.06138400553835
"598","beta_trend",6083,592,0,1.06117393868702
"599","beta_trend",6083,593,0,1.06095678231671
"600","beta_trend",6083,594,0,1.06073218153291
"601","beta_trend",6083,595,0,1.06049978972791
"602","beta_trend",6083,596,0,1.06025926879911
"603","beta_trend",6083,597,0,1.06001028935944
"604","beta_trend",6083,598,0,1.05975253093994
"605","beta_trend",6083,599,0,1.05948568218434
"606","beta_trend",6083,600,0,1.05920944103558
"607","beta_trend",6083,601,0,1.05886632293217
"608","beta_trend",6083,602,0,1.05857295796967
"609","beta_trend",6083,603,0,1.05826924593088
"610","beta_trend",6083,604,0,1.05795492783557
"611","beta_trend",6083,605,0,1.05762975466161
"612","beta_trend",6083,606,0,1.0572934874877
"613","beta_trend",6083,607,0,1.05694589762773
"614","beta_trend",6083,608,0,1.05658676675684
"615","beta_trend",6083,609,0,1.0562158870291
"616","beta_trend",6083,610,0,1.05583306118693
"617","beta_trend",6083,611,0,1.05543810266211
"618","beta_trend",6083,612,0,1.05503083566866
"619","beta_trend",6083,613,0,1.0546110952873
"620","beta_trend",6083,614,0,1.05417872754182
"621","beta_trend",6083,615,0,1.05373358946723
"622","beta_trend",6083,616,0,1.05327554916977
"623","beta_trend",6083,617,0,1.05280448587886
"624","beta_trend",6083,618,0,1.05232028999097
"625","beta_trend",6083,619,0,1.05182286310563
"626","beta_trend",6083,620,0,1.05131211805338
"627","beta_trend",6083,621,0,1.05078797891605
"628","beta_trend",6083,622,0,1.05025038103909
"629","beta_trend",6083,623,0,1.04969927103641
"630","beta_trend",6083,624,0,1.0491346067874
"631","beta_trend",6083,625,0,1.04855635742661
"632","beta_trend",6083,626,0,1.04796450332583
"633","beta_trend",6083,627,0,1.04735903606892
"634","beta_trend",6083,628,0,1.04673995841934
"635","beta_trend",6083,629,0,1.04610728428052
"636","beta_trend",6083,630,0,1.04546103864917
"637","beta_trend",6083,631,0,1.0448012575616
"638","beta_trend",6083,632,0,1.04412798803326
"639","beta_trend",6083,633,0,1.04344128799145
"640","beta_trend",6083,634,0,1.04274122620144
"641","beta_trend",6083,635,0,1.04202788218604
"642","beta_trend",6083,636,0,1.04130134613878
"643","beta_trend",6083,637,0,1.04056171883078
"644","beta_trend",6083,638,0,1.03980911151149
"645","beta_trend",6083,639,0,1.03904364580331
"646","beta_trend",6083,640,0,1.03826545359034
"647","beta_trend",6083,641,0,1.03747467690131
"648","beta_trend",6083,642,0,1.03667146778682
"649","beta_trend",6083,643,0,1.03585598819106
"650","beta_trend",6083,644,0,1.03502840981806
"651","beta_trend",6083,645,0,1.03418891399272
"652","beta_trend",6083,646,0,1.03333769151663
"653","beta_trend",6083,647,0,1.03247494251888
"654","beta_trend",6083,648,0,1.03160087630198
"655","beta_trend",6083,649,0,1.03071571118304
"656","beta_trend",6083,650,0,1.02981967433029
"657","beta_trend",6083,651,0,1.02891300159515
"658","beta_trend",6083,652,0,1.02799593733993
"659","beta_trend",6083,653,0,1.02706873426132
"660","beta_trend",6083,654,0,1.02612379398607
"661","beta_trend",6083,655,0,1.02517674124655
"662","beta_trend",6083,656,0,1.02422034018381
"663","beta_trend",6083,657,0,1.02325487434765
"664","beta_trend",6083,658,0,1.0222806346575
"665","beta_trend",6083,659,0,1.02129791920274
"666","beta_trend",6083,660,0,1.02030703303978
"667","beta_trend",6083,661,0,1.01930828798593
"668","beta_trend",6083,662,0,1.01830200241032
"669","beta_trend",6083,663,0,1.017288501022
"670","beta_trend",6083,664,0,1.0162681146552
"671","beta_trend",6083,665,0,1.01524118005213
"672","beta_trend",6083,666,0,1.01420803964324
"673","beta_trend",6083,667,0,1.01316904132526
"674","beta_trend",6083,668,0,1.0121245382369
"675","beta_trend",6083,669,0,1.01107488853272
"676","beta_trend",6083,670,0,1.01002045515486
"677","beta_trend",6083,671,0,1.00896160560319
"678","beta_trend",6083,672,0,1.00789871170368
"679","beta_trend",6083,673,0,1.00683214937531
"680","beta_trend",6083,674,0,1.00576229839559
"681","beta_trend",6083,675,0,1.00468954216482
"682","beta_trend",6083,676,0,1.00361426746923
"683","beta_trend",6083,677,0,1.00253686424311
"684","beta_trend",6083,678,0,1.00145772533011
"685","beta_trend",6083,679,0,1.00037724624375
"686","beta_trend",6083,680,0,0.999295824927327
"687","beta_trend",6083,681,0,0.99821386151337
"688","beta_trend",6083,682,0,0.997131758082676
"689","beta_trend",6083,683,0,0.996049918423131
"690","beta_trend",6083,684,0,0.994968747788404
"691","beta_trend",6083,685,0,0.993888652656635
"692","beta_trend",6083,686,0,0.992810040489246
"693","beta_trend",6083,687,0,0.991733319489991
"694","beta_trend",6083,688,0,0.990658898364356
"695","beta_trend",6083,689,0,0.989587186079442
"696","beta_trend",6083,690,0,0.988518591624419
"697","beta_trend",6083,691,0,0.987453523771701
"698","beta_trend",6083,692,0,0.986392390838926
"699","beta_trend",6083,693,0,0.985335600451867
"700","beta_trend",6083,694,0,0.984283559308383
"701","beta_trend",6083,695,0,0.983236672943518
"702","beta_trend",6083,696,0,0.982195345495863
"703","beta_trend",6083,697,0,0.981159979475277
"704","beta_trend",6083,698,0,0.980168301751358
"705","beta_trend",6083,699,0,0.979144405979114
"706","beta_trend",6083,700,0,0.978127736472394
"707","beta_trend",6083,701,0,0.977118684198292
"708","beta_trend",6083,702,0,0.976117637457897
"709","beta_trend",6083,703,0,0.975124981661108
"710","beta_trend",6083,704,0,0.974141099103629
"711","beta_trend",6083,705,0,0.973166368746246
"712","beta_trend",6083,706,0,0.97220116599647
"713","beta_trend",6083,707,0,0.971245862492646
"714","beta_trend",6083,708,0,0.970300825890629
"715","beta_trend",6083,709,0,0.969366419653092
"716","beta_trend",6083,710,0,0.968443002841587
"717","beta_trend",6083,711,0,0.967530929911427
"718","beta_trend",6083,712,0,0.966630550509477
"719","beta_trend",6083,713,0,0.965742209274948
"720","beta_trend",6083,714,0,0.964866245643277
"721","beta_trend",6083,715,0,0.964002993653167
"722","beta_trend",6083,716,0,0.963152781756877
"723","beta_trend",6083,717,0,0.962315932633845
"724","beta_trend",6083,718,0,0.961492763007706
"725","beta_trend",6083,719,0,0.960683583466804
"726","beta_trend",6083,720,0,0.959888698288262
"727","beta_trend",6083,721,0,0.959108405265681
"728","beta_trend",6083,722,0,0.958342995540551
"729","beta_trend",6083,723,0,0.957592753437441
"730","beta_trend",6083,724,0,0.956857956303028
"731","beta_trend",6083,725,0,0.956138874349056
"732","beta_trend",6083,726,0,0.955435770499267
"733","beta_trend",6083,727,0,0.954748900240386
"734","beta_trend",6083,728,0,0.954078511477214
"735","beta_trend",6083,729,0,0.953424844391897
"736","beta_trend",6083,730,0,0.952788131307424
"737","beta_trend",6083,731,0,0.952168596555424
"738","beta_trend",6083,732,0,0.951566456348301
"739","beta_trend",6083,733,0,0.950981918655779
"740","beta_trend",6083,734,0,0.950415183085901
"741","beta_trend",6083,735,0,0.949866440770532
"742","beta_trend",6083,736,0,0.949335874255424
"743","beta_trend",6083,737,0,0.948823657394875
"744","beta_trend",6083,738,0,0.948329955251047
"745","beta_trend",6083,739,0,0.947854923997968
"746","beta_trend",6083,740,0,0.947398710830272
"747","beta_trend",6083,741,0,0.946961453876708
"748","beta_trend",6083,742,0,0.946543282118466
"749","beta_trend",6083,743,0,0.94614431531234
"750","beta_trend",6083,744,0,0.945764663918773
"751","beta_trend",6083,745,0,0.945404429034818
"752","beta_trend",6083,746,0,0.945063702332024
"753","beta_trend",6083,747,0,0.944742565999299
"754","beta_trend",6083,748,0,0.944441092690756
"755","beta_trend",6083,749,0,0.94415934547857
"756","beta_trend",6083,750,0,0.943897377810873
"757","beta_trend",6083,751,0,0.943668502115639
"758","beta_trend",6083,752,0,0.943446826536768
"759","beta_trend",6083,753,0,0.943245059315712
"760","beta_trend",6083,754,0,0.943063216160556
"761","beta_trend",6083,755,0,0.942901303060779
"762","beta_trend",6083,756,0,0.942759316276946
"763","beta_trend",6083,757,0,0.942637242335532
"764","beta_trend",6083,758,0,0.942535058028895
"765","beta_trend",6083,759,0,0.942452730420381
"766","beta_trend",6083,760,0,0.942390216854569
"767","beta_trend",6083,761,0,0.942347464972651
"768","beta_trend",6083,762,0,0.942324412732924
"769","beta_trend",6083,763,0,0.942320988436398
"770","beta_trend",6083,764,0,0.942337110757495
"771","beta_trend",6083,765,0,0.942372688779833
"772","beta_trend",6083,766,0,0.94242762203706
"773","beta_trend",6083,767,0,0.942501800558735
"774","beta_trend",6083,768,0,0.942595104921212
"775","beta_trend",6083,769,0,0.94270740630352
"776","beta_trend",6083,770,0,0.942838566548189
"777","beta_trend",6083,771,0,0.942988438227006
"778","beta_trend",6083,772,0,0.943156864711651
"779","beta_trend",6083,773,0,0.943343680249193
"780","beta_trend",6083,774,0,0.943548710042385
"781","beta_trend",6083,775,0,0.943771770334733
"782","beta_trend",6083,776,0,0.944012668500282
"783","beta_trend",6083,777,0,0.944271203138073
"784","beta_trend",6083,778,0,0.944547164171224
"785","beta_trend",6083,779,0,0.944840332950577
"786","beta_trend",6083,780,0,0.945150482362857
"787","beta_trend",6083,781,0,0.94547737694328
"788","beta_trend",6083,782,0,0.94582077299256
"789","beta_trend",6083,783,0,0.946180418698235
"790","beta_trend",6083,784,0,0.94655605426026
"791","beta_trend",6083,785,0,0.946947412020792
"792","beta_trend",6083,786,0,0.947354216598093
"793","beta_trend",6083,787,0,0.947776185024485
"794","beta_trend",6083,788,0,0.948213026888277
"795","beta_trend",6083,789,0,0.94866444447958
"796","beta_trend",6083,790,0,0.949130132939946
"797","beta_trend",6083,791,0,0.949609780415724
"798","beta_trend",6083,792,0,0.950103068215076
"799","beta_trend",6083,793,0,0.95060967096854
"800","beta_trend",6083,794,0,0.95106963450049
"801","beta_trend",6083,795,0,0.951604501398551
"802","beta_trend",6083,796,0,0.95215155820213
"803","beta_trend",6083,797,0,0.952710458856953
"804","beta_trend",6083,798,0,0.953280851325519
"805","beta_trend",6083,799,0,0.953862377772306
"806","beta_trend",6083,800,0,0.954454674751719
"807","beta_trend",6083,801,0,0.955057373398685
"808","beta_trend",6083,802,0,0.955670099621794
"809","beta_trend",6083,803,0,0.956292474298874
"810","beta_trend",6083,804,0,0.956924113474905
"811","beta_trend",6083,805,0,0.957564628562171
"812","beta_trend",6083,806,0,0.958213626542527
"813","beta_trend",6083,807,0,0.958870710171685
"814","beta_trend",6083,808,0,0.959535478185416
"815","beta_trend",6083,809,0,0.960207525507531
"816","beta_trend",6083,810,0,0.96088644345956
"817","beta_trend",6083,811,0,0.961571819971998
"818","beta_trend",6083,812,0,0.962263239797008
"819","beta_trend",6083,813,0,0.962960284722464
"820","beta_trend",6083,814,0,0.963662533787225
"821","beta_trend",6083,815,0,0.964369563497518
"822","beta_trend",6083,816,0,0.965080948044315
"823","beta_trend",6083,817,0,0.965796259521583
"824","beta_trend",6083,818,0,0.966515068145296
"825","beta_trend",6083,819,0,0.967236942473082
"826","beta_trend",6083,820,0,0.967961449624396
"827","beta_trend",6083,821,0,0.968688155501087
"828","beta_trend",6083,822,0,0.969416625008254
"829","beta_trend",6083,823,0,0.970146422275259
"830","beta_trend",6083,824,0,0.97087711087679
"831","beta_trend",6083,825,0,0.97160825405384
"832","beta_trend",6083,826,0,0.972339414934498
"833","beta_trend",6083,827,0,0.973070156754424
"834","beta_trend",6083,828,0,0.973800043076891
"835","beta_trend",6083,829,0,0.974528638012277
"836","beta_trend",6083,830,0,0.975255506436894
"837","beta_trend",6083,831,0,0.975980214211025
"838","beta_trend",6083,832,0,0.976702328396068
"839","beta_trend",6083,833,0,0.977421417470656
"840","beta_trend",6083,834,0,0.978137051545656
"841","beta_trend",6083,835,0,0.978848802577916
"842","beta_trend",6083,836,0,0.979556244582658
"843","beta_trend",6083,837,0,0.980258953844403
"844","beta_trend",6083,838,0,0.980956509126315
"845","beta_trend",6083,839,0,0.981648491877859
"846","beta_trend",6083,840,0,0.982334486440664
"847","beta_trend",6083,841,0,0.983014080252477
"848","beta_trend",6083,842,0,0.98368686404912
"849","beta_trend",6083,843,0,0.984352432064324
"850","beta_trend",6083,844,0,0.98501038222736
"851","beta_trend",6083,845,0,0.98566031635835
"852","beta_trend",6083,846,0,0.986301840361168
"853","beta_trend",6083,847,0,0.986925140376997
"854","beta_trend",6083,848,0,0.987548244349882
"855","beta_trend",6083,849,0,0.988161763383802
"856","beta_trend",6083,850,0,0.988765320827368
"857","beta_trend",6083,851,0,0.989358545009351
"858","beta_trend",6083,852,0,0.989941069414186
"859","beta_trend",6083,853,0,0.990512532854409
"860","beta_trend",6083,854,0,0.991072579639928
"861","beta_trend",6083,855,0,0.991620859744059
"862","beta_trend",6083,856,0,0.992157028966233
"863","beta_trend",6083,857,0,0.992680749091317
"864","beta_trend",6083,858,0,0.993191688045458
"865","beta_trend",6083,859,0,0.993689520048382
"866","beta_trend",6083,860,0,0.99417392576209
"867","beta_trend",6083,861,0,0.994644592435862
"868","beta_trend",6083,862,0,0.995101214047528
"869","beta_trend",6083,863,0,0.995543491440924
"870","beta_trend",6083,864,0,0.995971132459486
"871","beta_trend",6083,865,0,0.996383852075919
"872","beta_trend",6083,866,0,0.996781372517891
"873","beta_trend",6083,867,0,0.997163423389688
"874","beta_trend",6083,868,0,0.997529741789803
"875","beta_trend",6083,869,0,0.997880072424382
"876","beta_trend",6083,870,0,0.998214167716514
"877","beta_trend",6083,871,0,0.998531787911297
"878","beta_trend",6083,872,0,0.998832701176661
"879","beta_trend",6083,873,0,0.999116683699893
"880","beta_trend",6083,874,0,0.999383519779851
"881","beta_trend",6083,875,0,0.999633001914812
"882","beta_trend",6083,876,0,0.99986493088595
"883","beta_trend",6083,877,0,1.0000791158364
"884","beta_trend",6083,878,0,1.00027537434589
"885","beta_trend",6083,879,0,1.00045353250091
"886","beta_trend",6083,880,0,1.00061342496046
"887","beta_trend",6083,881,0,1.00075489501721
"888","beta_trend",6083,882,0,1.0008777946543
"889","beta_trend",6083,883,0,1.0009819845975
"890","beta_trend",6083,884,0,1.0010673343629
"891","beta_trend",6083,885,0,1.00113372230016
"892","beta_trend",6083,886,0,1.00118103563105
"893","beta_trend",6083,887,0,1.00120917048365
"894","beta_trend",6083,888,0,1.0012180319219
"895","beta_trend",6083,889,0,1.00120753397071
"896","beta_trend",6083,890,0,1.00117759963646
"897","beta_trend",6083,891,0,1.00114308775362
"898","beta_trend",6083,892,0,1.00107342492412
"899","beta_trend",6083,893,0,1.00098417649684
"900","beta_trend",6083,894,0,1.00087530042603
"901","beta_trend",6083,895,0,1.00074676372283
"902","beta_trend",6083,896,0,1.00059854244766
"903","beta_trend",6083,897,0,1.00043062169827
"904","beta_trend",6083,898,0,1.00024299559343
"905","beta_trend",6083,899,0,1.00003566725231
"906","beta_trend",6083,900,0,0.999808648769556
"907","beta_trend",6083,901,0,0.999561961186106
"908","beta_trend",6083,902,0,0.999295634455772
"909","beta_trend",6083,903,0,0.99900970740763
"910","beta_trend",6083,904,0,0.998704227704235
"911","beta_trend",6083,905,0,0.998379251795712
"912","beta_trend",6083,906,0,0.998034844869758
"913","beta_trend",6083,907,0,0.99767108079759
"914","beta_trend",6083,908,0,0.997288042075891
"915","beta_trend",6083,909,0,0.996885819764784
"916","beta_trend",6083,910,0,0.99646451342189
"917","beta_trend",6083,911,0,0.996024231032513
"918","beta_trend",6083,912,0,0.995565088935995
"919","beta_trend",6083,913,0,0.995087211748299
"920","beta_trend",6083,914,0,0.994590732280865
"921","beta_trend",6083,915,0,0.994075791455788
"922","beta_trend",6083,916,0,0.993542538217381
"923","beta_trend",6083,917,0,0.99299112944017
"924","beta_trend",6083,918,0,0.992421729833378
"925","beta_trend",6083,919,0,0.991834511841955
"926","beta_trend",6083,920,0,0.991229655544217
"927","beta_trend",6083,921,0,0.990607348546142
"928","beta_trend",6083,922,0,0.989967785872398
"929","beta_trend",6083,923,0,0.989311169854148
"930","beta_trend",6083,924,0,0.98863771001371
"931","beta_trend",6083,925,0,0.987947622946123
"932","beta_trend",6083,926,0,0.987241132197689
"933","beta_trend",6083,927,0,0.986518468141552
"934","beta_trend",6083,928,0,0.985779867850383
"935","beta_trend",6083,929,0,0.985025574966241
"936","beta_trend",6083,930,0,0.984255839567664
"937","beta_trend",6083,931,0,0.98347091803407
"938","beta_trend",6083,932,0,0.982671072907532
"939","beta_trend",6083,933,0,0.981856572752
"940","beta_trend",6083,934,0,0.981027692010032
"941","beta_trend",6083,935,0,0.980184710857108
"942","beta_trend",6083,936,0,0.979327915053603
"943","beta_trend",6083,937,0,0.978457595794482
"944","beta_trend",6083,938,0,0.977574049556795
"945","beta_trend",6083,939,0,0.976677577945043
"946","beta_trend",6083,940,0,0.975768487534482
"947","beta_trend",6083,941,0,0.974847089712446
"948","beta_trend",6083,942,0,0.973913700517764
"949","beta_trend",6083,943,0,0.972968640478331
"950","beta_trend",6083,944,0,0.972016345095578
"951","beta_trend",6083,945,0,0.971049111498376
"952","beta_trend",6083,946,0,0.970071202154257
"953","beta_trend",6083,947,0,0.969082954222534
"954","beta_trend",6083,948,0,0.968084708526932
"955","beta_trend",6083,949,0,0.967076809384132
"956","beta_trend",6083,950,0,0.966059604431011
"957","beta_trend",6083,951,0,0.965033444450662
"958","beta_trend",6083,952,0,0.96399868319727
"959","beta_trend",6083,953,0,0.962955677219917
"960","beta_trend",6083,954,0,0.961904785685395
"961","beta_trend",6083,955,0,0.960846370200108
"962","beta_trend",6083,956,0,0.959780794631136
"963","beta_trend",6083,957,0,0.958708424926537
"964","beta_trend",6083,958,0,0.957629628934972
"965","beta_trend",6083,959,0,0.95654477622472
"966","beta_trend",6083,960,0,0.955454237902175
"967","beta_trend",6083,961,0,0.954358386429887
"968","beta_trend",6083,962,0,0.953257595444241
"969","beta_trend",6083,963,0,0.952152239572835
"970","beta_trend",6083,964,0,0.951042694251654
"971","beta_trend",6083,965,0,0.949929335542103
"972","beta_trend",6083,966,0,0.948812539947988
"973","beta_trend",6083,967,0,0.94769268423251
"974","beta_trend",6083,968,0,0.946570145235373
"975","beta_trend",6083,969,0,0.945445299690057
"976","beta_trend",6083,970,0,0.944318524041356
"977","beta_trend",6083,971,0,0.943190194263252
"978","beta_trend",6083,972,0,0.942060685677201
"979","beta_trend",6083,973,0,0.940930372770912
"980","beta_trend",6083,974,0,0.939799629017696
"981","beta_trend",6083,975,0,0.938668826696473
"982","beta_trend",6083,976,0,0.937538336712493
"983","beta_trend",6083,977,0,0.936408528418879
"984","beta_trend",6083,978,0,0.935279769439048
"985","beta_trend",6083,979,0,0.934152425490089
"986","beta_trend",6083,980,0,0.933026860207196
"987","beta_trend",6083,981,0,0.931903434969214
"988","beta_trend",6083,982,0,0.930782508725374
"989","beta_trend",6083,983,0,0.929664437823323
"990","beta_trend",6083,984,0,0.928549575838486
"991","beta_trend",6083,985,0,0.927438273404874
"992","beta_trend",6083,986,0,0.926330878047391
"993","beta_trend",6083,987,0,0.925227734015729
"994","beta_trend",6083,988,0,0.924109039925106
"995","beta_trend",6083,989,0,0.92301631000092
"996","beta_trend",6083,990,0,0.92192880534364
"997","beta_trend",6083,991,0,0.92084685695705
"998","beta_trend",6083,992,0,0.919770791711463
"999","beta_trend",6083,993,0,0.918700932190518
"1000","beta_trend",6083,994,0,0.917637596540055
"1001","beta_trend",6083,995,0,0.916581098319123
"1002","beta_trend",6083,996,0,0.915531746353203
"1003","beta_trend",6083,997,0,0.91448984458973
"1004","beta_trend",6083,998,0,0.913455691955975
"1005","beta_trend",6083,999,0,0.912429582219368
"1006","beta_trend",6083,1000,0,0.911411803850334
"1007","beta_trend",6083,1001,0,0.910402639887714
"1008","beta_trend",6083,1002,0,0.90940236780685
"1009","beta_trend",6083,1003,0,0.908411259390385
"1010","beta_trend",6083,1004,0,0.90742958060188
"1011","beta_trend",6083,1005,0,0.906457591462289
"1012","beta_trend",6083,1006,0,0.905495545929377
"1013","beta_trend",6083,1007,0,0.904543691780147
"1014","beta_trend",6083,1008,0,0.903602270496336
"1015","beta_trend",6083,1009,0,0.902671517153063
"1016","beta_trend",6083,1010,0,0.901751660310673
"1017","beta_trend",6083,1011,0,0.900842921909857
"1018","beta_trend",6083,1012,0,0.899945517170111
"1019","beta_trend",6083,1013,0,0.899059654491586
"1020","beta_trend",6083,1014,0,0.898185535360404
"1021","beta_trend",6083,1015,0,0.897323354257485
"1022","beta_trend",6083,1016,0,0.896473298570959
"1023","beta_trend",6083,1017,0,0.895635548512211
"1024","beta_trend",6083,1018,0,0.894810277035619
"1025","beta_trend",6083,1019,0,0.893997649762035
"1026","beta_trend",6083,1020,0,0.893197824906072
"1027","beta_trend",6083,1021,0,0.89241095320724
"1028","beta_trend",6083,1022,0,0.891637177864983
"1029","beta_trend",6083,1023,0,0.890876634477673
"1030","beta_trend",6083,1024,0,0.890129450985594
"1031","beta_trend",6083,1025,0,0.88939574761798
"1032","beta_trend",6083,1026,0,0.888675636844134
"1033","beta_trend",6083,1027,0,0.887969223328677
"1034","beta_trend",6083,1028,0,0.887276603890971
"1035","beta_trend",6083,1029,0,0.886597867468744
"1036","beta_trend",6083,1030,0,0.885933095085964
"1037","beta_trend",6083,1031,0,0.885282359824989
"1038","beta_trend",6083,1032,0,0.884645726803028
"1039","beta_trend",6083,1033,0,0.884023253152938
"1040","beta_trend",6083,1034,0,0.883414988008396
"1041","beta_trend",6083,1035,0,0.882820972493461
"1042","beta_trend",6083,1036,0,0.882241239716549
"1043","beta_trend",6083,1037,0,0.881675814768852
"1044","beta_trend",6083,1038,0,0.881124714727211
"1045","beta_trend",6083,1039,0,0.880587948661459
"1046","beta_trend",6083,1040,0,0.880064190942066
"1047","beta_trend",6083,1041,0,0.879556026859579
"1048","beta_trend",6083,1042,0,0.879062173397638
"1049","beta_trend",6083,1043,0,0.878582607653257
"1050","beta_trend",6083,1044,0,0.878117298816618
"1051","beta_trend",6083,1045,0,0.877666208205314
"1052","beta_trend",6083,1046,0,0.877229289303105
"1053","beta_trend",6083,1047,0,0.87680648780318
"1054","beta_trend",6083,1048,0,0.876397741655912
"1055","beta_trend",6083,1049,0,0.876002981121107
"1056","beta_trend",6083,1050,0,0.875622128824722
"1057","beta_trend",6083,1051,0,0.875255099820047
"1058","beta_trend",6083,1052,0,0.874901801653319
"1059","beta_trend",6083,1053,0,0.874562134433762
"1060","beta_trend",6083,1054,0,0.87423599090801
"1061","beta_trend",6083,1055,0,0.873923256538904
"1062","beta_trend",6083,1056,0,0.873623809588616
"1063","beta_trend",6083,1057,0,0.873337521206073
"1064","beta_trend",6083,1058,0,0.87306425551865
"1065","beta_trend",6083,1059,0,0.872803869728078
"1066","beta_trend",6083,1060,0,0.872556214210538
"1067","beta_trend",6083,1061,0,0.872321132620888
"1068","beta_trend",6083,1062,0,0.872098462000972
"1069","beta_trend",6083,1063,0,0.871888032891964
"1070","beta_trend",6083,1064,0,0.871689669450692
"1071","beta_trend",6083,1065,0,0.871503189569881
"1072","beta_trend",6083,1066,0,0.871328405002249
"1073","beta_trend",6083,1067,0,0.871165121488407
"1074","beta_trend",6083,1068,0,0.871013138888478
"1075","beta_trend",6083,1069,0,0.870872251317378
"1076","beta_trend",6083,1070,0,0.870742247283679
"1077","beta_trend",6083,1071,0,0.870622909831984
"1078","beta_trend",6083,1072,0,0.870514016688724
"1079","beta_trend",6083,1073,0,0.870415340411306
"1080","beta_trend",6083,1074,0,0.870326648540529
"1081","beta_trend",6083,1075,0,0.870247703756166
"1082","beta_trend",6083,1076,0,0.870178264035637
"1083","beta_trend",6083,1077,0,0.870118082815674
"1084","beta_trend",6083,1078,0,0.87006690915688
"1085","beta_trend",6083,1079,0,0.870024487911088
"1086","beta_trend",6083,1080,0,0.869990559891417
"1087","beta_trend",6083,1081,0,0.869964862044923
"1088","beta_trend",6083,1082,0,0.869947127627742
"1089","beta_trend",6083,1083,0,0.869937086382601
"1090","beta_trend",6083,1084,0,0.869926502707766
"1091","beta_trend",6083,1085,0,0.869931376288101
"1092","beta_trend",6083,1086,0,0.869943098204294
"1093","beta_trend",6083,1087,0,0.869961386547539
"1094","beta_trend",6083,1088,0,0.869985956793695
"1095","beta_trend",6083,1089,0,0.870016521993397
"1096","beta_trend",6083,1090,0,0.8700527929637
"1097","beta_trend",6083,1091,0,0.870094478481154
"1098","beta_trend",6083,1092,0,0.870141285476157
"1099","beta_trend",6083,1093,0,0.870192919228482
"1100","beta_trend",6083,1094,0,0.870249083563833
"1101","beta_trend",6083,1095,0,0.870309481051305
"1102","beta_trend",6083,1096,0,0.87037381320162
"1103","beta_trend",6083,1097,0,0.870441780666
"1104","beta_trend",6083,1098,0,0.87051308343554
"1105","beta_trend",6083,1099,0,0.870587421040955
"1106","beta_trend",6083,1100,0,0.870664492752562
"1107","beta_trend",6083,1101,0,0.870743997780348
"1108","beta_trend",6083,1102,0,0.870825635474008
"1109","beta_trend",6083,1103,0,0.870909105522788
"1110","beta_trend",6083,1104,0,0.870994108155024
"1111","beta_trend",6083,1105,0,0.871080344337206
"1112","beta_trend",6083,1106,0,0.871167515972454
"1113","beta_trend",6083,1107,0,0.871255326098253
"1114","beta_trend",6083,1108,0,0.871343479083305
"1115","beta_trend",6083,1109,0,0.871431680823366
"1116","beta_trend",6083,1110,0,0.871519638935927
"1117","beta_trend",6083,1111,0,0.871607062953592
"1118","beta_trend",6083,1112,0,0.871693664516027
"1119","beta_trend",6083,1113,0,0.871779157560328
"1120","beta_trend",6083,1114,0,0.871863258509682
"1121","beta_trend",6083,1115,0,0.871945686460177
"1122","beta_trend",6083,1116,0,0.872026163365629
"1123","beta_trend",6083,1117,0,0.872104414220287
"1124","beta_trend",6083,1118,0,0.872180167239289
"1125","beta_trend",6083,1119,0,0.872253154036732
"1126","beta_trend",6083,1120,0,0.872323109801219
"1127","beta_trend",6083,1121,0,0.872389773468775
"1128","beta_trend",6083,1122,0,0.872452887892972
"1129","beta_trend",6083,1123,0,0.87251220001217
"1130","beta_trend",6083,1124,0,0.872567461013728
"1131","beta_trend",6083,1125,0,0.872618426495063
"1132","beta_trend",6083,1126,0,0.872664856621462
"1133","beta_trend",6083,1127,0,0.872706516280487
"1134","beta_trend",6083,1128,0,0.872743175232906
"1135","beta_trend",6083,1129,0,0.872774608259988
"1136","beta_trend",6083,1130,0,0.8728005953071
"1137","beta_trend",6083,1131,0,0.872820921623452
"1138","beta_trend",6083,1132,0,0.872835377897929
"1139","beta_trend",6083,1133,0,0.872843760390864
"1140","beta_trend",6083,1134,0,0.872845871061698
"1141","beta_trend",6083,1135,0,0.872841517692389
"1142","beta_trend",6083,1136,0,0.872830514006508
"1143","beta_trend",6083,1137,0,0.872810061070549
"1144","beta_trend",6083,1138,0,0.872785101575562
"1145","beta_trend",6083,1139,0,0.872752964464316
"1146","beta_trend",6083,1140,0,0.872713488115656
"1147","beta_trend",6083,1141,0,0.872666517369709
"1148","beta_trend",6083,1142,0,0.872611903619013
"1149","beta_trend",6083,1143,0,0.872549504894745
"1150","beta_trend",6083,1144,0,0.872479185948015
"1151","beta_trend",6083,1145,0,0.872400818326131
"1152","beta_trend",6083,1146,0,0.872314280443816
"1153","beta_trend",6083,1147,0,0.872219457649287
"1154","beta_trend",6083,1148,0,0.87211624228518
"1155","beta_trend",6083,1149,0,0.872004533744247
"1156","beta_trend",6083,1150,0,0.871884238519818
"1157","beta_trend",6083,1151,0,0.871755270250954
"1158","beta_trend",6083,1152,0,0.871617549762292
"1159","beta_trend",6083,1153,0,0.871471005098538
"1160","beta_trend",6083,1154,0,0.871315571553588
"1161","beta_trend",6083,1155,0,0.871151191694253
"1162","beta_trend",6083,1156,0,0.870977815378594
"1163","beta_trend",6083,1157,0,0.870795399768821
"1164","beta_trend",6083,1158,0,0.870603909338796
"1165","beta_trend",6083,1159,0,0.87040331587609
"1166","beta_trend",6083,1160,0,0.870193598478646
"1167","beta_trend",6083,1161,0,0.869974743546012
"1168","beta_trend",6083,1162,0,0.86974674476519
"1169","beta_trend",6083,1163,0,0.8695096030911
"1170","beta_trend",6083,1164,0,0.869263326721679
"1171","beta_trend",6083,1165,0,0.869007931067658
"1172","beta_trend",6083,1166,0,0.868743438717022
"1173","beta_trend",6083,1167,0,0.868469879394213
"1174","beta_trend",6083,1168,0,0.868187289914094
"1175","beta_trend",6083,1169,0,0.867895714130728
"1176","beta_trend",6083,1170,0,0.86759520288102
"1177","beta_trend",6083,1171,0,0.867285813923268
"1178","beta_trend",6083,1172,0,0.866967611870682
"1179","beta_trend",6083,1173,0,0.866640668119935
"1180","beta_trend",6083,1174,0,0.8663050607748
"1181","beta_trend",6083,1175,0,0.865960874564952
"1182","beta_trend",6083,1176,0,0.865608200760002
"1183","beta_trend",6083,1177,0,0.865247137078838
"1184","beta_trend",6083,1178,0,0.864877787594359
"1185","beta_trend",6083,1179,0,0.864500262633679
"1186","beta_trend",6083,1180,0,0.864114678673891
"1187","beta_trend",6083,1181,0,0.863727951897395
"1188","beta_trend",6083,1182,0,0.86332632238743
"1189","beta_trend",6083,1183,0,0.862917031754775
"1190","beta_trend",6083,1184,0,0.862500219449038
"1191","beta_trend",6083,1185,0,0.862076030503629
"1192","beta_trend",6083,1186,0,0.861644615406312
"1193","beta_trend",6083,1187,0,0.86120612996606
"1194","beta_trend",6083,1188,0,0.8607607351763
"1195","beta_trend",6083,1189,0,0.860308597074686
"1196","beta_trend",6083,1190,0,0.859849886599501
"1197","beta_trend",6083,1191,0,0.859384779442829
"1198","beta_trend",6083,1192,0,0.858913455900599
"1199","beta_trend",6083,1193,0,0.858436100719655
"1200","beta_trend",6083,1194,0,0.857952902941952
"1201","beta_trend",6083,1195,0,0.857464055746038
"1202","beta_trend",6083,1196,0,0.856969756285932
"1203","beta_trend",6083,1197,0,0.856470205527552
"1204","beta_trend",6083,1198,0,0.855965608082815
"1205","beta_trend",6083,1199,0,0.855456172041558
"1206","beta_trend",6083,1200,0,0.854942108801423
"1207","beta_trend",6083,1201,0,0.854423632895834
"1208","beta_trend",6083,1202,0,0.853900961820226
"1209","beta_trend",6083,1203,0,0.85337431585666
"1210","beta_trend",6083,1204,0,0.852843917896973
"1211","beta_trend",6083,1205,0,0.852309993264608
"1212","beta_trend",6083,1206,0,0.851772769535273
"1213","beta_trend",6083,1207,0,0.851232476356582
"1214","beta_trend",6083,1208,0,0.85068934526681
"1215","beta_trend",6083,1209,0,0.850143609512929
"1216","beta_trend",6083,1210,0,0.849595503868064
"1217","beta_trend",6083,1211,0,0.849045264448522
"1218","beta_trend",6083,1212,0,0.848493128530539
"1219","beta_trend",6083,1213,0,0.847939334366896
"1220","beta_trend",6083,1214,0,0.847384121003551
"1221","beta_trend",6083,1215,0,0.846827728096445
"1222","beta_trend",6083,1216,0,0.846270395728607
"1223","beta_trend",6083,1217,0,0.845712364227728
"1224","beta_trend",6083,1218,0,0.845153873984336
"1225","beta_trend",6083,1219,0,0.844595165270723
"1226","beta_trend",6083,1220,0,0.84403647806076
"1227","beta_trend",6083,1221,0,0.843478051850757
"1228","beta_trend",6083,1222,0,0.842920125481484
"1229","beta_trend",6083,1223,0,0.842362936961524
"1230","beta_trend",6083,1224,0,0.841806723292071
"1231","beta_trend",6083,1225,0,0.841251720293313
"1232","beta_trend",6083,1226,0,0.840698162432552
"1233","beta_trend",6083,1227,0,0.840146282654164
"1234","beta_trend",6083,1228,0,0.839596312211557
"1235","beta_trend",6083,1229,0,0.839048480501234
"1236","beta_trend",6083,1230,0,0.8385030148991
"1237","beta_trend",6083,1231,0,0.837960140599126
"1238","beta_trend",6083,1232,0,0.837420080454499
"1239","beta_trend",6083,1233,0,0.836883054821372
"1240","beta_trend",6083,1234,0,0.836347463433298
"1241","beta_trend",6083,1235,0,0.835817073458621
"1242","beta_trend",6083,1236,0,0.835290358929077
"1243","beta_trend",6083,1237,0,0.834767528559162
"1244","beta_trend",6083,1238,0,0.834248787822546
"1245","beta_trend",6083,1239,0,0.833734338813549
"1246","beta_trend",6083,1240,0,0.833224380111959
"1247","beta_trend",6083,1241,0,0.832719106651278
"1248","beta_trend",6083,1242,0,0.832218709590487
"1249","beta_trend",6083,1243,0,0.83172337618942
"1250","beta_trend",6083,1244,0,0.831233289687824
"1251","beta_trend",6083,1245,0,0.830748629188188
"1252","beta_trend",6083,1246,0,0.830269569542419
"1253","beta_trend",6083,1247,0,0.829796281242426
"1254","beta_trend",6083,1248,0,0.829328930314695
"1255","beta_trend",6083,1249,0,0.828867678218904
"1256","beta_trend",6083,1250,0,0.828412681750652
"1257","beta_trend",6083,1251,0,0.827964092948348
"1258","beta_trend",6083,1252,0,0.827522059004315
"1259","beta_trend",6083,1253,0,0.827086722180166
"1260","beta_trend",6083,1254,0,0.826658219726482
"1261","beta_trend",6083,1255,0,0.826236683806843
"1262","beta_trend",6083,1256,0,0.825822241426245
"1263","beta_trend",6083,1257,0,0.82541501436394
"1264","beta_trend",6083,1258,0,0.825015119110714
"1265","beta_trend",6083,1259,0,0.82462266681065
"1266","beta_trend",6083,1260,0,0.824237763207371
"1267","beta_trend",6083,1261,0,0.8238605085948
"1268","beta_trend",6083,1262,0,0.82349099777244
"1269","beta_trend",6083,1263,0,0.823129320005176
"1270","beta_trend",6083,1264,0,0.822775558987626
"1271","beta_trend",6083,1265,0,0.822429792813008
"1272","beta_trend",6083,1266,0,0.822092093946554
"1273","beta_trend",6083,1267,0,0.821762529203435
"1274","beta_trend",6083,1268,0,0.821441159731208
"1275","beta_trend",6083,1269,0,0.821128040996748
"1276","beta_trend",6083,1270,0,0.82082322277767
"1277","beta_trend",6083,1271,0,0.820526749158198
"1278","beta_trend",6083,1272,0,0.820238658529462
"1279","beta_trend",6083,1273,0,0.819958983594196
"1280","beta_trend",6083,1274,0,0.819687751375802
"1281","beta_trend",6083,1275,0,0.819424983231732
"1282","beta_trend",6083,1276,0,0.819170694871166
"1283","beta_trend",6083,1277,0,0.818907914269973
"1284","beta_trend",6083,1278,0,0.818671361682274
"1285","beta_trend",6083,1279,0,0.8184432708128
"1286","beta_trend",6083,1280,0,0.818223636281863
"1287","beta_trend",6083,1281,0,0.818012447167098
"1288","beta_trend",6083,1282,0,0.817809687047305
"1289","beta_trend",6083,1283,0,0.817615334050152
"1290","beta_trend",6083,1284,0,0.817429360903669
"1291","beta_trend",6083,1285,0,0.817251734991487
"1292","beta_trend",6083,1286,0,0.817082418411719
"1293","beta_trend",6083,1287,0,0.816921368039437
"1294","beta_trend",6083,1288,0,0.81676853559265
"1295","beta_trend",6083,1289,0,0.816623867701712
"1296","beta_trend",6083,1290,0,0.816487305982084
"1297","beta_trend",6083,1291,0,0.816358787110349
"1298","beta_trend",6083,1292,0,0.816238242903414
"1299","beta_trend",6083,1293,0,0.816125600400798
"1300","beta_trend",6083,1294,0,0.816020781949916
"1301","beta_trend",6083,1295,0,0.815923705294282
"1302","beta_trend",6083,1296,0,0.815834283664512
"1303","beta_trend",6083,1297,0,0.815752425872056
"1304","beta_trend",6083,1298,0,0.815678036405545
"1305","beta_trend",6083,1299,0,0.815611015529667
"1306","beta_trend",6083,1300,0,0.815551259386455
"1307","beta_trend",6083,1301,0,0.81549866009891
"1308","beta_trend",6083,1302,0,0.815453105876833
"1309","beta_trend",6083,1303,0,0.815414481124771
"1310","beta_trend",6083,1304,0,0.815382666551986
"1311","beta_trend",6083,1305,0,0.815357539284313
"1312","beta_trend",6083,1306,0,0.815338972977831
"1313","beta_trend",6083,1307,0,0.815326837934215
"1314","beta_trend",6083,1308,0,0.815321001217681
"1315","beta_trend",6083,1309,0,0.815321326773407
"1316","beta_trend",6083,1310,0,0.815327675547316
"1317","beta_trend",6083,1311,0,0.815339905607129
"1318","beta_trend",6083,1312,0,0.815357872264563
"1319","beta_trend",6083,1313,0,0.815381428198577
"1320","beta_trend",6083,1314,0,0.81541042357955
"1321","beta_trend",6083,1315,0,0.815444706194286
"1322","beta_trend",6083,1316,0,0.815484121571744
"1323","beta_trend",6083,1317,0,0.815528513109369
"1324","beta_trend",6083,1318,0,0.815577722199933
"1325","beta_trend",6083,1319,0,0.815631588358778
"1326","beta_trend",6083,1320,0,0.815689949351343
"1327","beta_trend",6083,1321,0,0.815752641320878
"1328","beta_trend",6083,1322,0,0.81581949891625
"1329","beta_trend",6083,1323,0,0.815890355419719
"1330","beta_trend",6083,1324,0,0.81596504287459
"1331","beta_trend",6083,1325,0,0.816043392212653
"1332","beta_trend",6083,1326,0,0.816125233381284
"1333","beta_trend",6083,1327,0,0.816210395470134
"1334","beta_trend",6083,1328,0,0.816298706837292
"1335","beta_trend",6083,1329,0,0.816389995234837
"1336","beta_trend",6083,1330,0,0.81648971471589
"1337","beta_trend",6083,1331,0,0.816586697968104
"1338","beta_trend",6083,1332,0,0.816686150386292
"1339","beta_trend",6083,1333,0,0.816787898995285
"1340","beta_trend",6083,1334,0,0.816891770846164
"1341","beta_trend",6083,1335,0,0.81699759313676
"1342","beta_trend",6083,1336,0,0.817105193330929
"1343","beta_trend",6083,1337,0,0.81721439927652
"1344","beta_trend",6083,1338,0,0.817325039321958
"1345","beta_trend",6083,1339,0,0.817436942431364
"1346","beta_trend",6083,1340,0,0.817549938298141
"1347","beta_trend",6083,1341,0,0.817663857456948
"1348","beta_trend",6083,1342,0,0.817778531393987
"1349","beta_trend",6083,1343,0,0.817893792655554
"1350","beta_trend",6083,1344,0,0.818009474954756
"1351","beta_trend",6083,1345,0,0.818125413276368
"1352","beta_trend",6083,1346,0,0.81824144397973
"1353","beta_trend",6083,1347,0,0.818357404899658
"1354","beta_trend",6083,1348,0,0.818473135445291
"1355","beta_trend",6083,1349,0,0.818588476696826
"1356","beta_trend",6083,1350,0,0.818703271500098
"1357","beta_trend",6083,1351,0,0.818817364558939
"1358","beta_trend",6083,1352,0,0.818930602525282
"1359","beta_trend",6083,1353,0,0.819042834086966
"1360","beta_trend",6083,1354,0,0.819153910053186
"1361","beta_trend",6083,1355,0,0.819263683437576
"1362","beta_trend",6083,1356,0,0.819372009538854
"1363","beta_trend",6083,1357,0,0.819478746019025
"1364","beta_trend",6083,1358,0,0.819583752979094
"1365","beta_trend",6083,1359,0,0.81968689303227
"1366","beta_trend",6083,1360,0,0.819788031374619
"1367","beta_trend",6083,1361,0,0.819887035853163
"1368","beta_trend",6083,1362,0,0.819983777031386
"1369","beta_trend",6083,1363,0,0.820078128252144
"1370","beta_trend",6083,1364,0,0.820169965697947
"1371","beta_trend",6083,1365,0,0.820259168448607
"1372","beta_trend",6083,1366,0,0.820345618536247
"1373","beta_trend",6083,1367,0,0.820429200997646
"1374","beta_trend",6083,1368,0,0.820509803923934
"1375","beta_trend",6083,1369,0,0.820587318507612
"1376","beta_trend",6083,1370,0,0.820661639086914
"1377","beta_trend",6083,1371,0,0.820732663187492
"1378","beta_trend",6083,1372,0,0.820800291561454
"1379","beta_trend",6083,1373,0,0.820864428223725
"1380","beta_trend",6083,1374,0,0.820919679315188
"1381","beta_trend",6083,1375,0,0.820976792691089
"1382","beta_trend",6083,1376,0,0.821030136430705
"1383","beta_trend",6083,1377,0,0.821079628300749
"1384","beta_trend",6083,1378,0,0.821125189458832
"1385","beta_trend",6083,1379,0,0.821166744474586
"1386","beta_trend",6083,1380,0,0.821204221348223
"1387","beta_trend",6083,1381,0,0.821237551526523
"1388","beta_trend",6083,1382,0,0.821266669916312
"1389","beta_trend",6083,1383,0,0.821291514895423
"1390","beta_trend",6083,1384,0,0.821312028321186
"1391","beta_trend",6083,1385,0,0.821328155536478
"1392","beta_trend",6083,1386,0,0.821339845373344
"1393","beta_trend",6083,1387,0,0.821347050154249
"1394","beta_trend",6083,1388,0,0.821349725690972
"1395","beta_trend",6083,1389,0,0.821347831281193
"1396","beta_trend",6083,1390,0,0.821341329702798
"1397","beta_trend",6083,1391,0,0.82133018720595
"1398","beta_trend",6083,1392,0,0.821314373502963
"1399","beta_trend",6083,1393,0,0.821293861756018
"1400","beta_trend",6083,1394,0,0.82126862856276
"1401","beta_trend",6083,1395,0,0.821238653939829
"1402","beta_trend",6083,1396,0,0.821203921304364
"1403","beta_trend",6083,1397,0,0.82116441745352
"1404","beta_trend",6083,1398,0,0.821120132542055
"1405","beta_trend",6083,1399,0,0.821071060058025
"1406","beta_trend",6083,1400,0,0.821017196796646
"1407","beta_trend",6083,1401,0,0.820958542832353
"1408","beta_trend",6083,1402,0,0.820895101489131
"1409","beta_trend",6083,1403,0,0.820826879309144
"1410","beta_trend",6083,1404,0,0.820753886019733
"1411","beta_trend",6083,1405,0,0.820676134498816
"1412","beta_trend",6083,1406,0,0.82059364073876
"1413","beta_trend",6083,1407,0,0.820506423808762
"1414","beta_trend",6083,1408,0,0.820414505815799
"1415","beta_trend",6083,1409,0,0.820317911864204
"1416","beta_trend",6083,1410,0,0.820216670013911
"1417","beta_trend",6083,1411,0,0.820110811237426
"1418","beta_trend",6083,1412,0,0.820000369375591
"1419","beta_trend",6083,1413,0,0.819885381092165
"1420","beta_trend",6083,1414,0,0.819765885827311
"1421","beta_trend",6083,1415,0,0.819641925750014
"1422","beta_trend",6083,1416,0,0.819513545709497
"1423","beta_trend",6083,1417,0,0.819380793185693
"1424","beta_trend",6083,1418,0,0.819243718238809
"1425","beta_trend",6083,1419,0,0.81910237345805
"1426","beta_trend",6083,1420,0,0.818956813909557
"1427","beta_trend",6083,1421,0,0.818807097083597
"1428","beta_trend",6083,1422,0,0.818653282841068
"1429","beta_trend",6083,1423,0,0.818495433359373
"1430","beta_trend",6083,1424,0,0.818333613077703
"1431","beta_trend",6083,1425,0,0.818167888641788
"1432","beta_trend",6083,1426,0,0.817998328848169
"1433","beta_trend",6083,1427,0,0.817805956631003
"1434","beta_trend",6083,1428,0,0.817628063964212
"1435","beta_trend",6083,1429,0,0.817446516611842
"1436","beta_trend",6083,1430,0,0.817261389868032
"1437","beta_trend",6083,1431,0,0.817072760836335
"1438","beta_trend",6083,1432,0,0.816880708370207
"1439","beta_trend",6083,1433,0,0.816685313013285
"1440","beta_trend",6083,1434,0,0.816486656939506
"1441","beta_trend",6083,1435,0,0.816284823893115
"1442","beta_trend",6083,1436,0,0.816079899128578
"1443","beta_trend",6083,1437,0,0.815871969350474
"1444","beta_trend",6083,1438,0,0.815661122653384
"1445","beta_trend",6083,1439,0,0.815447448461816
"1446","beta_trend",6083,1440,0,0.815231037470221
"1447","beta_trend",6083,1441,0,0.81501198158311
"1448","beta_trend",6083,1442,0,0.814790373855338
"1449","beta_trend",6083,1443,0,0.814566308432558
"1450","beta_trend",6083,1444,0,0.814339880491913
"1451","beta_trend",6083,1445,0,0.81411118618296
"1452","beta_trend",6083,1446,0,0.813880322568895
"1453","beta_trend",6083,1447,0,0.813647387568082
"1454","beta_trend",6083,1448,0,0.813412479895927
"1455","beta_trend",6083,1449,0,0.813175699007128
"1456","beta_trend",6083,1450,0,0.812937145038316
"1457","beta_trend",6083,1451,0,0.812696918751125
"1458","beta_trend",6083,1452,0,0.812455121475712
"1459","beta_trend",6083,1453,0,0.812211855054745
"1460","beta_trend",6083,1454,0,0.811967221787888
"1461","beta_trend",6083,1455,0,0.811721324376808
"1462","beta_trend",6083,1456,0,0.811474265870709
"1463","beta_trend",6083,1457,0,0.811226149612429
"1464","beta_trend",6083,1458,0,0.810977079185109
"1465","beta_trend",6083,1459,0,0.810727158359453
"1466","beta_trend",6083,1460,0,0.810476491041593
"1467","beta_trend",6083,1461,0,0.81022518122158
"1468","beta_trend",6083,1462,0,0.8099733329225
"1469","beta_trend",6083,1463,0,0.809721050150252
"1470","beta_trend",6083,1464,0,0.80946843684397
"1471","beta_trend",6083,1465,0,0.809215596827128
"1472","beta_trend",6083,1466,0,0.808962633759309
"1473","beta_trend",6083,1467,0,0.808709651088678
"1474","beta_trend",6083,1468,0,0.808456752005132
"1475","beta_trend",6083,1469,0,0.808204039394165
"1476","beta_trend",6083,1470,0,0.80795930774274
"1477","beta_trend",6083,1471,0,0.807706934914218
"1478","beta_trend",6083,1472,0,0.807455069221429
"1479","beta_trend",6083,1473,0,0.807203811322046
"1480","beta_trend",6083,1474,0,0.806953261369841
"1481","beta_trend",6083,1475,0,0.80670351897215
"1482","beta_trend",6083,1476,0,0.806454683148081
"1483","beta_trend",6083,1477,0,0.806206852287449
"1484","beta_trend",6083,1478,0,0.80596012411045
"1485","beta_trend",6083,1479,0,0.805714595628074
"1486","beta_trend",6083,1480,0,0.805470363103236
"1487","beta_trend",6083,1481,0,0.805227522012634
"1488","beta_trend",6083,1482,0,0.804986167009331
"1489","beta_trend",6083,1483,0,0.804746391886043
"1490","beta_trend",6083,1484,0,0.80450828953914
"1491","beta_trend",6083,1485,0,0.804271951933341
"1492","beta_trend",6083,1486,0,0.804037470067109
"1493","beta_trend",6083,1487,0,0.803804933938719
"1494","beta_trend",6083,1488,0,0.803574432513012
"1495","beta_trend",6083,1489,0,0.803346053688811
"1496","beta_trend",6083,1490,0,0.803119884266995
"1497","beta_trend",6083,1491,0,0.802896009919216
"1498","beta_trend",6083,1492,0,0.802674515157255
"1499","beta_trend",6083,1493,0,0.802455483303008
"1500","beta_trend",6083,1494,0,0.802238996459076
"1501","beta_trend",6083,1495,0,0.802025135479969
"1502","beta_trend",6083,1496,0,0.801813979943891
"1503","beta_trend",6083,1497,0,0.801605608125111
"1504","beta_trend",6083,1498,0,0.801400096966898
"1505","beta_trend",6083,1499,0,0.80119752205501
"1506","beta_trend",6083,1500,0,0.800997957591727
"1507","beta_trend",6083,1501,0,0.800801476370409
"1508","beta_trend",6083,1502,0,0.800608149750575
"1509","beta_trend",6083,1503,0,0.800418047633481
"1510","beta_trend",6083,1504,0,0.80023123843819
"1511","beta_trend",6083,1505,0,0.800047789078122
"1512","beta_trend",6083,1506,0,0.799867764938062
"1513","beta_trend",6083,1507,0,0.799691229851625
"1514","beta_trend",6083,1508,0,0.799518246079159
"1515","beta_trend",6083,1509,0,0.799348874286071
"1516","beta_trend",6083,1510,0,0.799183173521572
"1517","beta_trend",6083,1511,0,0.799021201197812
"1518","beta_trend",6083,1512,0,0.798863013069418
"1519","beta_trend",6083,1513,0,0.7987086632134
"1520","beta_trend",6083,1514,0,0.79855820400942
"1521","beta_trend",6083,1515,0,0.798411686120423
"1522","beta_trend",6083,1516,0,0.798269158473599
"1523","beta_trend",6083,1517,0,0.798130668241691
"1524","beta_trend",6083,1518,0,0.797996260824604
"1525","beta_trend",6083,1519,0,0.797865979831346
"1526","beta_trend",6083,1520,0,0.797739867062252
"1527","beta_trend",6083,1521,0,0.797617962491509
"1528","beta_trend",6083,1522,0,0.797500304249961
"1529","beta_trend",6083,1523,0,0.797388752951582
"1530","beta_trend",6083,1524,0,0.79727977839726
"1531","beta_trend",6083,1525,0,0.797175156992014
"1532","beta_trend",6083,1526,0,0.797074919474906
"1533","beta_trend",6083,1527,0,0.796979094665149
"1534","beta_trend",6083,1528,0,0.796887709446618
"1535","beta_trend",6083,1529,0,0.796800788752614
"1536","beta_trend",6083,1530,0,0.796718355550851
"1537","beta_trend",6083,1531,0,0.796640430828685
"1538","beta_trend",6083,1532,0,0.796567033578555
"1539","beta_trend",6083,1533,0,0.796498180783658
"1540","beta_trend",6083,1534,0,0.796433887403842
"1541","beta_trend",6083,1535,0,0.796374166361715
"1542","beta_trend",6083,1536,0,0.796319028528975
"1543","beta_trend",6083,1537,0,0.796268482712964
"1544","beta_trend",6083,1538,0,0.796222535643428
"1545","beta_trend",6083,1539,0,0.796181191959513
"1546","beta_trend",6083,1540,0,0.796144454196964
"1547","beta_trend",6083,1541,0,0.796112322775569
"1548","beta_trend",6083,1542,0,0.796084795986811
"1549","beta_trend",6083,1543,0,0.796061869981765
"1550","beta_trend",6083,1544,0,0.796043538759228
"1551","beta_trend",6083,1545,0,0.796029794154082
"1552","beta_trend",6083,1546,0,0.796020625825918
"1553","beta_trend",6083,1547,0,0.796016021247907
"1554","beta_trend",6083,1548,0,0.796015965695928
"1555","beta_trend",6083,1549,0,0.796020442237979
"1556","beta_trend",6083,1550,0,0.796029431723857
"1557","beta_trend",6083,1551,0,0.796042912775129
"1558","beta_trend",6083,1552,0,0.796060861775403
"1559","beta_trend",6083,1553,0,0.796083252860911
"1560","beta_trend",6083,1554,0,0.796110057911412
"1561","beta_trend",6083,1555,0,0.796141246541426
"1562","beta_trend",6083,1556,0,0.796176786091826
"1563","beta_trend",6083,1557,0,0.796216641621781
"1564","beta_trend",6083,1558,0,0.796260775901078
"1565","beta_trend",6083,1559,0,0.79630914940284
"1566","beta_trend",6083,1560,0,0.796361720296642
"1567","beta_trend",6083,1561,0,0.796418444442059
"1568","beta_trend",6083,1562,0,0.796479275382651
"1569","beta_trend",6083,1563,0,0.796544164340399
"1570","beta_trend",6083,1564,0,0.796613060210632
"1571","beta_trend",6083,1565,0,0.796685909557433
"1572","beta_trend",6083,1566,0,0.796762656609565
"1573","beta_trend",6083,1567,0,0.796830803924955
"1574","beta_trend",6083,1568,0,0.796915720793076
"1575","beta_trend",6083,1569,0,0.797004330852921
"1576","beta_trend",6083,1570,0,0.797096569876183
"1577","beta_trend",6083,1571,0,0.797192371253874
"1578","beta_trend",6083,1572,0,0.797291665996876
"1579","beta_trend",6083,1573,0,0.797394382737119
"1580","beta_trend",6083,1574,0,0.797500447729409
"1581","beta_trend",6083,1575,0,0.797609784853939
"1582","beta_trend",6083,1576,0,0.797722315619499
"1583","beta_trend",6083,1577,0,0.797837959167408
"1584","beta_trend",6083,1578,0,0.797956632276207
"1585","beta_trend",6083,1579,0,0.798078249367116
"1586","beta_trend",6083,1580,0,0.798202722510295
"1587","beta_trend",6083,1581,0,0.798329961431935
"1588","beta_trend",6083,1582,0,0.798459873522194
"1589","beta_trend",6083,1583,0,0.79859236384401
"1590","beta_trend",6083,1584,0,0.798727335142819
"1591","beta_trend",6083,1585,0,0.798864687857192
"1592","beta_trend",6083,1586,0,0.799004320130436
"1593","beta_trend",6083,1587,0,0.79914612782316
"1594","beta_trend",6083,1588,0,0.799290004526849
"1595","beta_trend",6083,1589,0,0.79943584157847
"1596","beta_trend",6083,1590,0,0.799583528076122
"1597","beta_trend",6083,1591,0,0.799732950895771
"1598","beta_trend",6083,1592,0,0.799883994709077
"1599","beta_trend",6083,1593,0,0.800036542002362
"1600","beta_trend",6083,1594,0,0.80019047309671
"1601","beta_trend",6083,1595,0,0.800345666169257
"1602","beta_trend",6083,1596,0,0.800501997275664
"1603","beta_trend",6083,1597,0,0.800659340373817
"1604","beta_trend",6083,1598,0,0.800817567348765
"1605","beta_trend",6083,1599,0,0.800976548038922
"1606","beta_trend",6083,1600,0,0.801136150263557
"1607","beta_trend",6083,1601,0,0.801296239851576
"1608","beta_trend",6083,1602,0,0.801456680671648
"1609","beta_trend",6083,1603,0,0.801617334663656
"1610","beta_trend",6083,1604,0,0.801778061871524
"1611","beta_trend",6083,1605,0,0.801938720477415
"1612","beta_trend",6083,1606,0,0.802099166837334
"1613","beta_trend",6083,1607,0,0.802259255518138
"1614","beta_trend",6083,1608,0,0.80241883933598
"1615","beta_trend",6083,1609,0,0.802577769396191
"1616","beta_trend",6083,1610,0,0.802735895134623
"1617","beta_trend",6083,1611,0,0.80289306436046
"1618","beta_trend",6083,1612,0,0.803049123300509
"1619","beta_trend",6083,1613,0,0.803203916644981
"1620","beta_trend",6083,1614,0,0.803357287594776
"1621","beta_trend",6083,1615,0,0.803509077910274
"1622","beta_trend",6083,1616,0,0.80365912796164
"1623","beta_trend",6083,1617,0,0.803807276780658
"1624","beta_trend",6083,1618,0,0.80395336211408
"1625","beta_trend",6083,1619,0,0.804097220478518
"1626","beta_trend",6083,1620,0,0.804232269453935
"1627","beta_trend",6083,1621,0,0.804370883317271
"1628","beta_trend",6083,1622,0,0.804506760126144
"1629","beta_trend",6083,1623,0,0.804639731536876
"1630","beta_trend",6083,1624,0,0.804769628253766
"1631","beta_trend",6083,1625,0,0.804896280092502
"1632","beta_trend",6083,1626,0,0.805019516045085
"1633","beta_trend",6083,1627,0,0.805139164346235
"1634","beta_trend",6083,1628,0,0.805255052541278
"1635","beta_trend",6083,1629,0,0.8053670075555
"1636","beta_trend",6083,1630,0,0.80547485576496
"1637","beta_trend",6083,1631,0,0.805578423068745
"1638","beta_trend",6083,1632,0,0.805677534962643
"1639","beta_trend",6083,1633,0,0.805772016614235
"1640","beta_trend",6083,1634,0,0.805861692939368
"1641","beta_trend",6083,1635,0,0.805946388679999
"1642","beta_trend",6083,1636,0,0.806025928483381
"1643","beta_trend",6083,1637,0,0.80610013698258
"1644","beta_trend",6083,1638,0,0.806168838878273
"1645","beta_trend",6083,1639,0,0.806231859021829
"1646","beta_trend",6083,1640,0,0.806289022499618
"1647","beta_trend",6083,1641,0,0.806340154718532
"1648","beta_trend",6083,1642,0,0.806385081492684
"1649","beta_trend",6083,1643,0,0.806423629131245
"1650","beta_trend",6083,1644,0,0.806455624527386
"1651","beta_trend",6083,1645,0,0.80648089524829
"1652","beta_trend",6083,1646,0,0.806499269626191
"1653","beta_trend",6083,1647,0,0.806510576850397
"1654","beta_trend",6083,1648,0,0.806514647060267
"1655","beta_trend",6083,1649,0,0.806511311439079
"1656","beta_trend",6083,1650,0,0.806500402308752
"1657","beta_trend",6083,1651,0,0.806481753225386
"1658","beta_trend",6083,1652,0,0.806455199075545
"1659","beta_trend",6083,1653,0,0.806420576173254
"1660","beta_trend",6083,1654,0,0.806377722357653
"1661","beta_trend",6083,1655,0,0.806326477091243
"1662","beta_trend",6083,1656,0,0.806266681558687
"1663","beta_trend",6083,1657,0,0.806198178766087
"1664","beta_trend",6083,1658,0,0.8061208136407
"1665","beta_trend",6083,1659,0,0.80603443313102
"1666","beta_trend",6083,1660,0,0.805938886307166
"1667","beta_trend",6083,1661,0,0.80583402446152
"1668","beta_trend",6083,1662,0,0.805719701209545
"1669","beta_trend",6083,1663,0,0.80560503582125
"1670","beta_trend",6083,1664,0,0.805470950541217
"1671","beta_trend",6083,1665,0,0.805326996846836
"1672","beta_trend",6083,1666,0,0.805173037977657
"1673","beta_trend",6083,1667,0,0.805008940025518
"1674","beta_trend",6083,1668,0,0.804834572034217
"1675","beta_trend",6083,1669,0,0.804649806098914
"1676","beta_trend",6083,1670,0,0.804454517465176
"1677","beta_trend",6083,1671,0,0.804248584627603
"1678","beta_trend",6083,1672,0,0.804031889427945
"1679","beta_trend",6083,1673,0,0.803804317152653
"1680","beta_trend",6083,1674,0,0.803565756629767
"1681","beta_trend",6083,1675,0,0.803316100325077
"1682","beta_trend",6083,1676,0,0.803055244437473
"1683","beta_trend",6083,1677,0,0.802783088993408
"1684","beta_trend",6083,1678,0,0.802499537940393
"1685","beta_trend",6083,1679,0,0.80220449923944
"1686","beta_trend",6083,1680,0,0.801897884956389
"1687","beta_trend",6083,1681,0,0.801579611352015
"1688","beta_trend",6083,1682,0,0.801249598970856
"1689","beta_trend",6083,1683,0,0.800907772728663
"1690","beta_trend",6083,1684,0,0.800554061998415
"1691","beta_trend",6083,1685,0,0.800188400694789
"1692","beta_trend",6083,1686,0,0.799810727357027
"1693","beta_trend",6083,1687,0,0.799420985230116
"1694","beta_trend",6083,1688,0,0.799019122344183
"1695","beta_trend",6083,1689,0,0.798605091592059
"1696","beta_trend",6083,1690,0,0.798178850804894
"1697","beta_trend",6083,1691,0,0.797740362825776
"1698","beta_trend",6083,1692,0,0.797289595581254
"1699","beta_trend",6083,1693,0,0.796826522150701
"1700","beta_trend",6083,1694,0,0.796351120833435
"1701","beta_trend",6083,1695,0,0.795863375213516
"1702","beta_trend",6083,1696,0,0.795363274222158
"1703","beta_trend",6083,1697,0,0.794850812197666
"1704","beta_trend",6083,1698,0,0.794325988942833
"1705","beta_trend",6083,1699,0,0.793788809779729
"1706","beta_trend",6083,1700,0,0.7932392856018
"1707","beta_trend",6083,1701,0,0.792677432923217
"1708","beta_trend",6083,1702,0,0.792103273925399
"1709","beta_trend",6083,1703,0,0.791516836500654
"1710","beta_trend",6083,1704,0,0.79091815429286
"1711","beta_trend",6083,1705,0,0.790307266735132
"1712","beta_trend",6083,1706,0,0.789684219084407
"1713","beta_trend",6083,1707,0,0.789049062452897
"1714","beta_trend",6083,1708,0,0.788401853836334
"1715","beta_trend",6083,1709,0,0.787742656138966
"1716","beta_trend",6083,1710,0,0.787071538195251
"1717","beta_trend",6083,1711,0,0.786388574788179
"1718","beta_trend",6083,1712,0,0.785693846664193
"1719","beta_trend",6083,1713,0,0.784987440544648
"1720","beta_trend",6083,1714,0,0.784269449133766
"1721","beta_trend",6083,1715,0,0.783539971123046
"1722","beta_trend",6083,1716,0,0.782785289865421
"1723","beta_trend",6083,1717,0,0.7820325215019
"1724","beta_trend",6083,1718,0,0.78126857082694
"1725","beta_trend",6083,1719,0,0.780493559329766
"1726","beta_trend",6083,1720,0,0.779707614412596
"1727","beta_trend",6083,1721,0,0.778910869371612
"1728","beta_trend",6083,1722,0,0.778103463374118
"1729","beta_trend",6083,1723,0,0.777285541431855
"1730","beta_trend",6083,1724,0,0.776457254370459
"1731","beta_trend",6083,1725,0,0.775618758795045
"1732","beta_trend",6083,1726,0,0.774770217051894
"1733","beta_trend",6083,1727,0,0.773911797186241
"1734","beta_trend",6083,1728,0,0.77304367289616
"1735","beta_trend",6083,1729,0,0.772166023482526
"1736","beta_trend",6083,1730,0,0.771279033795066
"1737","beta_trend",6083,1731,0,0.770382894174492
"1738","beta_trend",6083,1732,0,0.76947780039073
"1739","beta_trend",6083,1733,0,0.76856395357724
"1740","beta_trend",6083,1734,0,0.767641560161451
"1741","beta_trend",6083,1735,0,0.766710831791319
"1742","beta_trend",6083,1736,0,0.765771985258019
"1743","beta_trend",6083,1737,0,0.764825242414811
"1744","beta_trend",6083,1738,0,0.763870830092085
"1745","beta_trend",6083,1739,0,0.762908980008621
"1746","beta_trend",6083,1740,0,0.761939928679096
"1747","beta_trend",6083,1741,0,0.760963917317869
"1748","beta_trend",6083,1742,0,0.759981191739087
"1749","beta_trend",6083,1743,0,0.75899200225314
"1750","beta_trend",6083,1744,0,0.757996603559529
"1751","beta_trend",6083,1745,0,0.756995254636178
"1752","beta_trend",6083,1746,0,0.755988218625243
"1753","beta_trend",6083,1747,0,0.754975762715486
"1754","beta_trend",6083,1748,0,0.753958158021246
"1755","beta_trend",6083,1749,0,0.752935679458101
"1756","beta_trend",6083,1750,0,0.751908605615246
"1757","beta_trend",6083,1751,0,0.750877218624689
"1758","beta_trend",6083,1752,0,0.74984180402731
"1759","beta_trend",6083,1753,0,0.748802650635873
"1760","beta_trend",6083,1754,0,0.747760050395055
"1761","beta_trend",6083,1755,0,0.746714298238574
"1762","beta_trend",6083,1756,0,0.745665691943505
"1763","beta_trend",6083,1757,0,0.744614531981862
"1764","beta_trend",6083,1758,0,0.74356112136953
"1765","beta_trend",6083,1759,0,0.742505765512648
"1766","beta_trend",6083,1760,0,0.741444901707239
"1767","beta_trend",6083,1761,0,0.740386751799345
"1768","beta_trend",6083,1762,0,0.739327578431523
"1769","beta_trend",6083,1763,0,0.738267695271212
"1770","beta_trend",6083,1764,0,0.737207417562649
"1771","beta_trend",6083,1765,0,0.736147061960314
"1772","beta_trend",6083,1766,0,0.735086946360505
"1773","beta_trend",6083,1767,0,0.734027389731176
"1774","beta_trend",6083,1768,0,0.732968711940129
"1775","beta_trend",6083,1769,0,0.731911233581682
"1776","beta_trend",6083,1770,0,0.730855275801936
"1777","beta_trend",6083,1771,0,0.729801160122748
"1778","beta_trend",6083,1772,0,0.728749208264533
"1779","beta_trend",6083,1773,0,0.727699741968028
"1780","beta_trend",6083,1774,0,0.726653082815115
"1781","beta_trend",6083,1775,0,0.725609552048859
"1782","beta_trend",6083,1776,0,0.724569470392856
"1783","beta_trend",6083,1777,0,0.723533157870049
"1784","beta_trend",6083,1778,0,0.722500933621104
"1785","beta_trend",6083,1779,0,0.721473115722513
"1786","beta_trend",6083,1780,0,0.720450021004519
"1787","beta_trend",6083,1781,0,0.719431964869023
"1788","beta_trend",6083,1782,0,0.718419261107582
"1789","beta_trend",6083,1783,0,0.717412221719641
"1790","beta_trend",6083,1784,0,0.716411156731129
"1791","beta_trend",6083,1785,0,0.715416374013552
"1792","beta_trend",6083,1786,0,0.714428179103713
"1793","beta_trend",6083,1787,0,0.713446875024196
"1794","beta_trend",6083,1788,0,0.71247276210474
"1795","beta_trend",6083,1789,0,0.711506137804642
"1796","beta_trend",6083,1790,0,0.710547296536324
"1797","beta_trend",6083,1791,0,0.70959652949018
"1798","beta_trend",6083,1792,0,0.708654124460857
"1799","beta_trend",6083,1793,0,0.707720365675077
"1800","beta_trend",6083,1794,0,0.706795533621153
"1801","beta_trend",6083,1795,0,0.705879904880306
"1802","beta_trend",6083,1796,0,0.704973751959934
"1803","beta_trend",6083,1797,0,0.704077343128932
"1804","beta_trend",6083,1798,0,0.703190942255219
"1805","beta_trend",6083,1799,0,0.702314808645575
"1806","beta_trend",6083,1800,0,0.701449196887915
"1807","beta_trend",6083,1801,0,0.700594356696129
"1808","beta_trend",6083,1802,0,0.699750532757596
"1809","beta_trend",6083,1803,0,0.698917964583509
"1810","beta_trend",6083,1804,0,0.698096886362093
"1811","beta_trend",6083,1805,0,0.697287526814872
"1812","beta_trend",6083,1806,0,0.696490109056063
"1813","beta_trend",6083,1807,0,0.695704850455221
"1814","beta_trend",6083,1808,0,0.694931962503244
"1815","beta_trend",6083,1809,0,0.694171650681835
"1816","beta_trend",6083,1810,0,0.693424114336528
"1817","beta_trend",6083,1811,0,0.69268954655338
"1818","beta_trend",6083,1812,0,0.691968134039416
"1819","beta_trend",6083,1813,0,0.691256985955722
"1820","beta_trend",6083,1814,0,0.690562276601348
"1821","beta_trend",6083,1815,0,0.689881237086655
"1822","beta_trend",6083,1816,0,0.689214027236904
"1823","beta_trend",6083,1817,0,0.68856079995092
"1824","beta_trend",6083,1818,0,0.687921701105658
"1825","beta_trend",6083,1819,0,0.687296869465124
"1826","beta_trend",6083,1820,0,0.686686436593705
"1827","beta_trend",6083,1821,0,0.686090526773986
"1828","beta_trend",6083,1822,0,0.685509256929122
"1829","beta_trend",6083,1823,0,0.684942736549815
"1830","beta_trend",6083,1824,0,0.684391067625971
"1831","beta_trend",6083,1825,0,0.683854344583067
"1832","beta_trend",6083,1826,0,0.683332654223307
"1833","beta_trend",6083,1827,0,0.682826075671587
"1834","beta_trend",6083,1828,0,0.682334680326332
"1835","beta_trend",6083,1829,0,0.681858531815228
"1836","beta_trend",6083,1830,0,0.6813976859559
"1837","beta_trend",6083,1831,0,0.680952190721554
"1838","beta_trend",6083,1832,0,0.680522086211613
"1839","beta_trend",6083,1833,0,0.68010740462738
"1840","beta_trend",6083,1834,0,0.679708170252729
"1841","beta_trend",6083,1835,0,0.679324399439865
"1842","beta_trend",6083,1836,0,0.678956100600131
"1843","beta_trend",6083,1837,0,0.678603274199905
"1844","beta_trend",6083,1838,0,0.67826591276156
"1845","beta_trend",6083,1839,0,0.677944000869507
"1846","beta_trend",6083,1840,0,0.677637515181305
"1847","beta_trend",6083,1841,0,0.677346424443836
"1848","beta_trend",6083,1842,0,0.677070689514521
"1849","beta_trend",6083,1843,0,0.676810263387581
"1850","beta_trend",6083,1844,0,0.676565091225297
"1851","beta_trend",6083,1845,0,0.676335110394266
"1852","beta_trend",6083,1846,0,0.67612025050661
"1853","beta_trend",6083,1847,0,0.675920433466115
"1854","beta_trend",6083,1848,0,0.675735573519258
"1855","beta_trend",6083,1849,0,0.675565577311086
"1856","beta_trend",6083,1850,0,0.675410343945896
"1857","beta_trend",6083,1851,0,0.675269765052685
"1858","beta_trend",6083,1852,0,0.675143724855292
"1859","beta_trend",6083,1853,0,0.67503210024721
"1860","beta_trend",6083,1854,0,0.67493476087098
"1861","beta_trend",6083,1855,0,0.674851569202126
"1862","beta_trend",6083,1856,0,0.674783690326681
"1863","beta_trend",6083,1857,0,0.674728295335865
"1864","beta_trend",6083,1858,0,0.674686595813726
"1865","beta_trend",6083,1859,0,0.674658426399569
"1866","beta_trend",6083,1860,0,0.67464361505444
"1867","beta_trend",6083,1861,0,0.674641983170657
"1868","beta_trend",6083,1862,0,0.674653345685359
"1869","beta_trend",6083,1863,0,0.674677511197977
"1870","beta_trend",6083,1864,0,0.67471428209154
"1871","beta_trend",6083,1865,0,0.674763454657728
"1872","beta_trend",6083,1866,0,0.674824819225568
"1873","beta_trend",6083,1867,0,0.674898160293683
"1874","beta_trend",6083,1868,0,0.674983256665992
"1875","beta_trend",6083,1869,0,0.67507988159075
"1876","beta_trend",6083,1870,0,0.675187802902837
"1877","beta_trend",6083,1871,0,0.675306783169183
"1878","beta_trend",6083,1872,0,0.67543657983721
"1879","beta_trend",6083,1873,0,0.675576945386203
"1880","beta_trend",6083,1874,0,0.675727627481469
"1881","beta_trend",6083,1875,0,0.675888369131194
"1882","beta_trend",6083,1876,0,0.676058908845868
"1883","beta_trend",6083,1877,0,0.676238980800162
"1884","beta_trend",6083,1878,0,0.676428314997148
"1885","beta_trend",6083,1879,0,0.67662663743472
"1886","beta_trend",6083,1880,0,0.676833670274122
"1887","beta_trend",6083,1881,0,0.677049132010437
"1888","beta_trend",6083,1882,0,0.67727273764493
"1889","beta_trend",6083,1883,0,0.677504198859105
"1890","beta_trend",6083,1884,0,0.677743224190368
"1891","beta_trend",6083,1885,0,0.677989519209154
"1892","beta_trend",6083,1886,0,0.678242786697409
"1893","beta_trend",6083,1887,0,0.67850272682828
"1894","beta_trend",6083,1888,0,0.6787690373469
"1895","beta_trend",6083,1889,0,0.679041413752147
"1896","beta_trend",6083,1890,0,0.679319549479224
"1897","beta_trend",6083,1891,0,0.679603136082962
"1898","beta_trend",6083,1892,0,0.679891863421701
"1899","beta_trend",6083,1893,0,0.680185419841631
"1900","beta_trend",6083,1894,0,0.680483492361456
"1901","beta_trend",6083,1895,0,0.680785766857272
"1902","beta_trend",6083,1896,0,0.681091928247516
"1903","beta_trend",6083,1897,0,0.681401660677875
"1904","beta_trend",6083,1898,0,0.681714647706021
"1905","beta_trend",6083,1899,0,0.682030572486055
"1906","beta_trend",6083,1900,0,0.682349117952542
"1907","beta_trend",6083,1901,0,0.682669967003998
"1908","beta_trend",6083,1902,0,0.68299280268574
"1909","beta_trend",6083,1903,0,0.683317308371945
"1910","beta_trend",6083,1904,0,0.683643167946826
"1911","beta_trend",6083,1905,0,0.68397006598481
"1912","beta_trend",6083,1906,0,0.684297687929578
"1913","beta_trend",6083,1907,0,0.684625720271886
"1914","beta_trend",6083,1908,0,0.684953850726041
"1915","beta_trend",6083,1909,0,0.685251818026323
"1916","beta_trend",6083,1910,0,0.685577832706724
"1917","beta_trend",6083,1911,0,0.685902957685683
"1918","beta_trend",6083,1912,0,0.686226884870944
"1919","beta_trend",6083,1913,0,0.686549308161654
"1920","beta_trend",6083,1914,0,0.686869923611537
"1921","beta_trend",6083,1915,0,0.687188429589926
"1922","beta_trend",6083,1916,0,0.687504526940536
"1923","beta_trend",6083,1917,0,0.687817919137911
"1924","beta_trend",6083,1918,0,0.688128312441428
"1925","beta_trend",6083,1919,0,0.688435416046784
"1926","beta_trend",6083,1920,0,0.688738942234872
"1927","beta_trend",6083,1921,0,0.689038606517969
"1928","beta_trend",6083,1922,0,0.689334127783144
"1929","beta_trend",6083,1923,0,0.689625228432815
"1930","beta_trend",6083,1924,0,0.689911634522381
"1931","beta_trend",6083,1925,0,0.690193075894841
"1932","beta_trend",6083,1926,0,0.690469286312342
"1933","beta_trend",6083,1927,0,0.690740003584592
"1934","beta_trend",6083,1928,0,0.691004969694049
"1935","beta_trend",6083,1929,0,0.69126393091785
"1936","beta_trend",6083,1930,0,0.691516637946409
"1937","beta_trend",6083,1931,0,0.691762845998617
"1938","beta_trend",6083,1932,0,0.692002314933607
"1939","beta_trend",6083,1933,0,0.692234809359025
"1940","beta_trend",6083,1934,0,0.692460098735755
"1941","beta_trend",6083,1935,0,0.692677957479055
"1942","beta_trend",6083,1936,0,0.692888165056065
"1943","beta_trend",6083,1937,0,0.693090506079643
"1944","beta_trend",6083,1938,0,0.693284770398489
"1945","beta_trend",6083,1939,0,0.693470753183537
"1946","beta_trend",6083,1940,0,0.693648255010558
"1947","beta_trend",6083,1941,0,0.693817081938975
"1948","beta_trend",6083,1942,0,0.693977045586845
"1949","beta_trend",6083,1943,0,0.69412796320199
"1950","beta_trend",6083,1944,0,0.694269657729258
"1951","beta_trend",6083,1945,0,0.694401957873901
"1952","beta_trend",6083,1946,0,0.694524698161047
"1953","beta_trend",6083,1947,0,0.694637718991262
"1954","beta_trend",6083,1948,0,0.694740866692189
"1955","beta_trend",6083,1949,0,0.694833993566258
"1956","beta_trend",6083,1950,0,0.694916957934472
"1957","beta_trend",6083,1951,0,0.69498962417625
"1958","beta_trend",6083,1952,0,0.695051862765349
"1959","beta_trend",6083,1953,0,0.69510602655952
"1960","beta_trend",6083,1954,0,0.695146936121687
"1961","beta_trend",6083,1955,0,0.695177070926085
"1962","beta_trend",6083,1956,0,0.69519632592283
"1963","beta_trend",6083,1957,0,0.695204602283914
"1964","beta_trend",6083,1958,0,0.695201807415506
"1965","beta_trend",6083,1959,0,0.695187854966413
"1966","beta_trend",6083,1960,0,0.695162664832726
"1967","beta_trend",6083,1961,0,0.695126163158665
"1968","beta_trend",6083,1962,0,0.695078282333663
"1969","beta_trend",6083,1963,0,0.695018960985696
"1970","beta_trend",6083,1964,0,0.694948143970915
"1971","beta_trend",6083,1965,0,0.694865782359593
"1972","beta_trend",6083,1966,0,0.694771833418424
"1973","beta_trend",6083,1967,0,0.694666260589216
"1974","beta_trend",6083,1968,0,0.694549033464015
"1975","beta_trend",6083,1969,0,0.694420127756693
"1976","beta_trend",6083,1970,0,0.694279525271054
"1977","beta_trend",6083,1971,0,0.694127213865482
"1978","beta_trend",6083,1972,0,0.693963187414198
"1979","beta_trend",6083,1973,0,0.693787445765164
"1980","beta_trend",6083,1974,0,0.693599994694667
"1981","beta_trend",6083,1975,0,0.693400845858666
"1982","beta_trend",6083,1976,0,0.693190016740919
"1983","beta_trend",6083,1977,0,0.692967530597963
"1984","beta_trend",6083,1978,0,0.692733416401
"1985","beta_trend",6083,1979,0,0.692487708774734
"1986","beta_trend",6083,1980,0,0.692230447933224
"1987","beta_trend",6083,1981,0,0.691961679612813
"1988","beta_trend",6083,1982,0,0.691681455002182
"1989","beta_trend",6083,1983,0,0.6913898306696
"1990","beta_trend",6083,1984,0,0.691086868487423
"1991","beta_trend",6083,1985,0,0.690772635553911
"1992","beta_trend",6083,1986,0,0.690447204112415
"1993","beta_trend",6083,1987,0,0.690110651468021
"1994","beta_trend",6083,1988,0,0.689763059901682
"1995","beta_trend",6083,1989,0,0.689404516581937
"1996","beta_trend",6083,1990,0,0.689035113474261
"1997","beta_trend",6083,1991,0,0.688654947248125
"1998","beta_trend",6083,1992,0,0.688264119181825
"1999","beta_trend",6083,1993,0,0.68786273506516
"2000","beta_trend",6083,1994,0,0.687450905100015
"2001","beta_trend",6083,1995,0,0.687028743798924
"2002","beta_trend",6083,1996,0,0.686596369881694
"2003","beta_trend",6083,1997,0,0.686153906170136
"2004","beta_trend",6083,1998,0,0.685701479480998
"2005","beta_trend",6083,1999,0,0.685239220517153
"2006","beta_trend",6083,2000,0,0.684767263757132
"2007","beta_trend",6083,2001,0,0.684285747343055
"2008","beta_trend",6083,2002,0,0.683794812967038
"2009","beta_trend",6083,2003,0,0.683294605756162
"2010","beta_trend",6083,2004,0,0.682785274156054
"2011","beta_trend",6083,2005,0,0.682266969813167
"2012","beta_trend",6083,2006,0,0.68174426429764
"2013","beta_trend",6083,2007,0,0.681208685017586
"2014","beta_trend",6083,2008,0,0.680664614775634
"2015","beta_trend",6083,2009,0,0.68011221717842
"2016","beta_trend",6083,2010,0,0.679551658441068
"2017","beta_trend",6083,2011,0,0.678983107263614
"2018","beta_trend",6083,2012,0,0.678406734706642
"2019","beta_trend",6083,2013,0,0.677822714066209
"2020","beta_trend",6083,2014,0,0.677231220748142
"2021","beta_trend",6083,2015,0,0.676632432141755
"2022","beta_trend",6083,2016,0,0.676026527493084
"2023","beta_trend",6083,2017,0,0.675413687777702
"2024","beta_trend",6083,2018,0,0.674794095573177
"2025","beta_trend",6083,2019,0,0.674167934931263
"2026","beta_trend",6083,2020,0,0.67353539124988
"2027","beta_trend",6083,2021,0,0.672896651144963
"2028","beta_trend",6083,2022,0,0.672251902322244
"2029","beta_trend",6083,2023,0,0.671601333449053
"2030","beta_trend",6083,2024,0,0.670945134026182
"2031","beta_trend",6083,2025,0,0.67028349425991
"2032","beta_trend",6083,2026,0,0.66961660493424
"2033","beta_trend",6083,2027,0,0.668944657283425
"2034","beta_trend",6083,2028,0,0.668267842864853
"2035","beta_trend",6083,2029,0,0.667586353432351
"2036","beta_trend",6083,2030,0,0.666900380809992
"2037","beta_trend",6083,2031,0,0.66621011676645
"2038","beta_trend",6083,2032,0,0.665515752890002
"2039","beta_trend",6083,2033,0,0.664817480464203
"2040","beta_trend",6083,2034,0,0.664115490344344
"2041","beta_trend",6083,2035,0,0.663409972834726
"2042","beta_trend",6083,2036,0,0.662701117566829
"2043","beta_trend",6083,2037,0,0.661989113378444
"2044","beta_trend",6083,2038,0,0.661274148193824
"2045","beta_trend",6083,2039,0,0.660556408904924
"2046","beta_trend",6083,2040,0,0.659836081253795
"2047","beta_trend",6083,2041,0,0.659113349716183
"2048","beta_trend",6083,2042,0,0.658388397386415
"2049","beta_trend",6083,2043,0,0.657661405863618
"2050","beta_trend",6083,2044,0,0.656932555139337
"2051","beta_trend",6083,2045,0,0.656202023486613
"2052","beta_trend",6083,2046,0,0.655469987350589
"2053","beta_trend",6083,2047,0,0.654736621240685
"2054","beta_trend",6083,2048,0,0.654002097624422
"2055","beta_trend",6083,2049,0,0.653268309714722
"2056","beta_trend",6083,2050,0,0.652531903586723
"2057","beta_trend",6083,2051,0,0.651794847264614
"2058","beta_trend",6083,2052,0,0.651057303895374
"2059","beta_trend",6083,2053,0,0.65031943408438
"2060","beta_trend",6083,2054,0,0.649581395800116
"2061","beta_trend",6083,2055,0,0.648843344280919
"2062","beta_trend",6083,2056,0,0.64810543194381
"2063","beta_trend",6083,2057,0,0.647367808295479
"2064","beta_trend",6083,2058,0,0.646630619845455
"2065","beta_trend",6083,2059,0,0.645894010021532
"2066","beta_trend",6083,2060,0,0.645158119087492
"2067","beta_trend",6083,2061,0,0.644423084063166
"2068","beta_trend",6083,2062,0,0.6436890386469
"2069","beta_trend",6083,2063,0,0.642956113140465
"2070","beta_trend",6083,2064,0,0.642224434376447
"2071","beta_trend",6083,2065,0,0.641494125648186
"2072","beta_trend",6083,2066,0,0.640765306642286
"2073","beta_trend",6083,2067,0,0.640038093373755
"2074","beta_trend",6083,2068,0,0.639312598123819
"2075","beta_trend",6083,2069,0,0.638588929380433
"2076","beta_trend",6083,2070,0,0.637867191781555
"2077","beta_trend",6083,2071,0,0.63714748606121
"2078","beta_trend",6083,2072,0,0.636429908998378
"2079","beta_trend",6083,2073,0,0.635714553368758
"2080","beta_trend",6083,2074,0,0.635001507899435
"2081","beta_trend",6083,2075,0,0.634290857226481
"2082","beta_trend",6083,2076,0,0.633582681855541
"2083","beta_trend",6083,2077,0,0.632877058125419
"2084","beta_trend",6083,2078,0,0.632174058174705
"2085","beta_trend",6083,2079,0,0.631473749911474
"2086","beta_trend",6083,2080,0,0.630776196986084
"2087","beta_trend",6083,2081,0,0.630081458767093
"2088","beta_trend",6083,2082,0,0.629389590320343
"2089","beta_trend",6083,2083,0,0.62870064239121
"2090","beta_trend",6083,2084,0,0.628014661390059
"2091","beta_trend",6083,2085,0,0.627331689380928
"2092","beta_trend",6083,2086,0,0.626651764073444
"2093","beta_trend",6083,2087,0,0.625974918818016
"2094","beta_trend",6083,2088,0,0.625301182604294
"2095","beta_trend",6083,2089,0,0.624630580062939
"2096","beta_trend",6083,2090,0,0.623963131470687
"2097","beta_trend",6083,2091,0,0.623298852758746
"2098","beta_trend",6083,2092,0,0.622637755524523
"2099","beta_trend",6083,2093,0,0.621979847046691
"2100","beta_trend",6083,2094,0,0.621325130303605
"2101","beta_trend",6083,2095,0,0.620673603995072
"2102","beta_trend",6083,2096,0,0.620025262567478
"2103","beta_trend",6083,2097,0,0.619380096242274
"2104","beta_trend",6083,2098,0,0.618738091047819
"2105","beta_trend",6083,2099,0,0.618099228854579
"2106","beta_trend",6083,2100,0,0.617463487413676
"2107","beta_trend",6083,2101,0,0.616830840398784
"2108","beta_trend",6083,2102,0,0.616161172619209
"2109","beta_trend",6083,2103,0,0.61553277100332
"2110","beta_trend",6083,2104,0,0.614907280462593
"2111","beta_trend",6083,2105,0,0.614284655586345
"2112","beta_trend",6083,2106,0,0.613664847024373
"2113","beta_trend",6083,2107,0,0.613047801544619
"2114","beta_trend",6083,2108,0,0.61243346209398
"2115","beta_trend",6083,2109,0,0.611821767862198
"2116","beta_trend",6083,2110,0,0.611212654348837
"2117","beta_trend",6083,2111,0,0.610606053433295
"2118","beta_trend",6083,2112,0,0.610001893447827
"2119","beta_trend",6083,2113,0,0.609400099253538
"2120","beta_trend",6083,2114,0,0.608800592319315
"2121","beta_trend",6083,2115,0,0.608203290803655
"2122","beta_trend",6083,2116,0,0.607608109639341
"2123","beta_trend",6083,2117,0,0.607014960620936
"2124","beta_trend",6083,2118,0,0.606423752495032
"2125","beta_trend",6083,2119,0,0.605834391053215
"2126","beta_trend",6083,2120,0,0.605246779227689
"2127","beta_trend",6083,2121,0,0.60466081718951
"2128","beta_trend",6083,2122,0,0.604076402449363
"2129","beta_trend",6083,2123,0,0.603493429960845
"2130","beta_trend",6083,2124,0,0.602911792226158
"2131","beta_trend",6083,2125,0,0.602331379404191
"2132","beta_trend",6083,2126,0,0.601752079420881
"2133","beta_trend",6083,2127,0,0.601173778081826
"2134","beta_trend",6083,2128,0,0.600596359187046
"2135","beta_trend",6083,2129,0,0.60001970464784
"2136","beta_trend",6083,2130,0,0.599443694605653
"2137","beta_trend",6083,2131,0,0.598868207552886
"2138","beta_trend",6083,2132,0,0.598293120455555
"2139","beta_trend",6083,2133,0,0.597718308877729
"2140","beta_trend",6083,2134,0,0.597143647107663
"2141","beta_trend",6083,2135,0,0.596569008285524
"2142","beta_trend",6083,2136,0,0.595994264532647
"2143","beta_trend",6083,2137,0,0.595419287082211
"2144","beta_trend",6083,2138,0,0.594843946411248
"2145","beta_trend",6083,2139,0,0.594268112373896
"2146","beta_trend",6083,2140,0,0.59369165433579
"2147","beta_trend",6083,2141,0,0.593114441309502
"2148","beta_trend",6083,2142,0,0.592536342090929
"2149","beta_trend",6083,2143,0,0.591957225396519
"2150","beta_trend",6083,2144,0,0.59137696000124
"2151","beta_trend",6083,2145,0,0.590795414877187
"2152","beta_trend",6083,2146,0,0.590207115700014
"2153","beta_trend",6083,2147,0,0.589622856167887
"2154","beta_trend",6083,2148,0,0.589036916459534
"2155","beta_trend",6083,2149,0,0.588449168122698
"2156","beta_trend",6083,2150,0,0.587859483586691
"2157","beta_trend",6083,2151,0,0.587267736302995
"2158","beta_trend",6083,2152,0,0.586673800885706
"2159","beta_trend",6083,2153,0,0.586077553251712
"2160","beta_trend",6083,2154,0,0.58547887076049
"2161","beta_trend",6083,2155,0,0.58487763235339
"2162","beta_trend",6083,2156,0,0.584273718692303
"2163","beta_trend",6083,2157,0,0.583667012297592
"2164","beta_trend",6083,2158,0,0.583057397685158
"2165","beta_trend",6083,2159,0,0.582444761502531
"2166","beta_trend",6083,2160,0,0.581828992663859
"2167","beta_trend",6083,2161,0,0.581209982483678
"2168","beta_trend",6083,2162,0,0.580587624809337
"2169","beta_trend",6083,2163,0,0.57996181615197
"2170","beta_trend",6083,2164,0,0.579332455815871
"2171","beta_trend",6083,2165,0,0.578699446026178
"2172","beta_trend",6083,2166,0,0.578062692054724
"2173","beta_trend",6083,2167,0,0.577422102343943
"2174","beta_trend",6083,2168,0,0.576777588628711
"2175","beta_trend",6083,2169,0,0.576129066056007
"2176","beta_trend",6083,2170,0,0.57547645330226
"2177","beta_trend",6083,2171,0,0.574819672688283
"2178","beta_trend",6083,2172,0,0.574158650291662
"2179","beta_trend",6083,2173,0,0.573493316056492
"2180","beta_trend",6083,2174,0,0.572823603900342
"2181","beta_trend",6083,2175,0,0.572149451818335
"2182","beta_trend",6083,2176,0,0.57147080198423
"2183","beta_trend",6083,2177,0,0.570787600848396
"2184","beta_trend",6083,2178,0,0.570099799232575
"2185","beta_trend",6083,2179,0,0.569407352421306
"2186","beta_trend",6083,2180,0,0.568710220249931
"2187","beta_trend",6083,2181,0,0.568008367189056
"2188","beta_trend",6083,2182,0,0.567301762425385
"2189","beta_trend",6083,2183,0,0.566590379938805
"2190","beta_trend",6083,2184,0,0.565874198575645
"2191","beta_trend",6083,2185,0,0.565153202118006
"2192","beta_trend",6083,2186,0,0.564427379349061
"2193","beta_trend",6083,2187,0,0.563696724114256
"2194","beta_trend",6083,2188,0,0.562961235378299
"2195","beta_trend",6083,2189,0,0.562220917277876
"2196","beta_trend",6083,2190,0,0.561475779169999
"2197","beta_trend",6083,2191,0,0.560725835675913
"2198","beta_trend",6083,2192,0,0.559971106720484
"2199","beta_trend",6083,2193,0,0.559211617567002
"2200","beta_trend",6083,2194,0,0.558447398847326
"2201","beta_trend",6083,2195,0,0.557678486587306
"2202","beta_trend",6083,2196,0,0.556904922227426
"2203","beta_trend",6083,2197,0,0.556126752638609
"2204","beta_trend",6083,2198,0,0.555344030133122
"2205","beta_trend",6083,2199,0,0.554558815031039
"2206","beta_trend",6083,2200,0,0.55376725765096
"2207","beta_trend",6083,2201,0,0.552971340979073
"2208","beta_trend",6083,2202,0,0.552171139264838
"2209","beta_trend",6083,2203,0,0.55136673218466
"2210","beta_trend",6083,2204,0,0.550558204822747
"2211","beta_trend",6083,2205,0,0.549745647646821
"2212","beta_trend",6083,2206,0,0.548929156478667
"2213","beta_trend",6083,2207,0,0.548108832459492
"2214","beta_trend",6083,2208,0,0.547284782010109
"2215","beta_trend",6083,2209,0,0.546457116785902
"2216","beta_trend",6083,2210,0,0.545625953626613
"2217","beta_trend",6083,2211,0,0.544791414500923
"2218","beta_trend",6083,2212,0,0.543953626445848
"2219","beta_trend",6083,2213,0,0.543112721500967
"2220","beta_trend",6083,2214,0,0.542268836637491
"2221","beta_trend",6083,2215,0,0.541422113682204
"2222","beta_trend",6083,2216,0,0.540572699236299
"2223","beta_trend",6083,2217,0,0.539720744589147
"2224","beta_trend",6083,2218,0,0.538866405627028
"2225","beta_trend",6083,2219,0,0.538009842736885
"2226","beta_trend",6083,2220,0,0.537151220705126
"2227","beta_trend",6083,2221,0,0.53629070861155
"2228","beta_trend",6083,2222,0,0.535428479718432
"2229","beta_trend",6083,2223,0,0.534564711354857
"2230","beta_trend",6083,2224,0,0.533699584796346
"2231","beta_trend",6083,2225,0,0.532833285139867
"2232","beta_trend",6083,2226,0,0.531966001174292
"2233","beta_trend",6083,2227,0,0.5310979252464
"2234","beta_trend",6083,2228,0,0.530229253122503
"2235","beta_trend",6083,2229,0,0.529360183845793
"2236","beta_trend",6083,2230,0,0.528490919589504
"2237","beta_trend",6083,2231,0,0.527621665505996
"2238","beta_trend",6083,2232,0,0.526752629571867
"2239","beta_trend",6083,2233,0,0.5258840224292
"2240","beta_trend",6083,2234,0,0.525016057223078
"2241","beta_trend",6083,2235,0,0.52414894943546
"2242","beta_trend",6083,2236,0,0.523282916715577
"2243","beta_trend",6083,2237,0,0.52241817870695
"2244","beta_trend",6083,2238,0,0.521554956871179
"2245","beta_trend",6083,2239,0,0.520693474308644
"2246","beta_trend",6083,2240,0,0.519833955576248
"2247","beta_trend",6083,2241,0,0.518976626502359
"2248","beta_trend",6083,2242,0,0.518139843487264
"2249","beta_trend",6083,2243,0,0.517286773481153
"2250","beta_trend",6083,2244,0,0.516436609991924
"2251","beta_trend",6083,2245,0,0.515589580707656
"2252","beta_trend",6083,2246,0,0.514745913674269
"2253","beta_trend",6083,2247,0,0.51390583709534
"2254","beta_trend",6083,2248,0,0.513069579130296
"2255","beta_trend",6083,2249,0,0.512237367691147
"2256","beta_trend",6083,2250,0,0.511409430237944
"2257","beta_trend",6083,2251,0,0.51058599357314
"2258","beta_trend",6083,2252,0,0.509767283635028
"2259","beta_trend",6083,2253,0,0.508953525290453
"2260","beta_trend",6083,2254,0,0.50814494212698
"2261","beta_trend",6083,2255,0,0.50734175624469
"2262","beta_trend",6083,2256,0,0.506544188047829
"2263","beta_trend",6083,2257,0,0.505752456036469
"2264","beta_trend",6083,2258,0,0.504966776598392
"2265","beta_trend",6083,2259,0,0.504187363801391
"2266","beta_trend",6083,2260,0,0.503414429186183
"2267","beta_trend",6083,2261,0,0.502648181560123
"2268","beta_trend",6083,2262,0,0.501888826791941
"2269","beta_trend",6083,2263,0,0.501136567607671
"2270","beta_trend",6083,2264,0,0.500391603387995
"2271","beta_trend",6083,2265,0,0.499654129967193
"2272","beta_trend",6083,2266,0,0.498924339433897
"2273","beta_trend",6083,2267,0,0.498202419933855
"2274","beta_trend",6083,2268,0,0.497488555474902
"2275","beta_trend",6083,2269,0,0.496782925734331
"2276","beta_trend",6083,2270,0,0.496085705868879
"2277","beta_trend",6083,2271,0,0.495397066327502
"2278","beta_trend",6083,2272,0,0.494717172667163
"2279","beta_trend",6083,2273,0,0.494046185371802
"2280","beta_trend",6083,2274,0,0.4933842596747
"2281","beta_trend",6083,2275,0,0.492731545384419
"2282","beta_trend",6083,2276,0,0.492088186714518
"2283","beta_trend",6083,2277,0,0.491454322117219
"2284","beta_trend",6083,2278,0,0.490830084121222
"2285","beta_trend",6083,2279,0,0.490215599173845
"2286","beta_trend",6083,2280,0,0.48961098748767
"2287","beta_trend",6083,2281,0,0.489016362891875
"2288","beta_trend",6083,2282,0,0.488431832688429
"2289","beta_trend",6083,2283,0,0.487857497513305
"2290","beta_trend",6083,2284,0,0.487293451202907
"2291","beta_trend",6083,2285,0,0.486739780665847
"2292","beta_trend",6083,2286,0,0.486196565760246
"2293","beta_trend",6083,2287,0,0.485663879176716
"2294","beta_trend",6083,2288,0,0.485141786327172
"2295","beta_trend",6083,2289,0,0.484630345239612
"2296","beta_trend",6083,2290,0,0.484129606459025
"2297","beta_trend",6083,2291,0,0.483639612954555
"2298","beta_trend",6083,2292,0,0.483160400033048
"2299","beta_trend",6083,2293,0,0.482691995259126
"2300","beta_trend",6083,2294,0,0.482234418381894
"2301","beta_trend",6083,2295,0,0.481754052443277
"2302","beta_trend",6083,2296,0,0.481316608139362
"2303","beta_trend",6083,2297,0,0.48088993600756
"2304","beta_trend",6083,2298,0,0.480474021202675
"2305","beta_trend",6083,2299,0,0.480068840699172
"2306","beta_trend",6083,2300,0,0.479674363256597
"2307","beta_trend",6083,2301,0,0.47929054939223
"2308","beta_trend",6083,2302,0,0.478917351361052
"2309","beta_trend",6083,2303,0,0.478554713143098
"2310","beta_trend",6083,2304,0,0.478202570438235
"2311","beta_trend",6083,2305,0,0.477860850668446
"2312","beta_trend",6083,2306,0,0.47752947298764
"2313","beta_trend",6083,2307,0,0.477208348299041
"2314","beta_trend",6083,2308,0,0.476897379280189
"2315","beta_trend",6083,2309,0,0.47659646041557
"2316","beta_trend",6083,2310,0,0.476305478036889
"2317","beta_trend",6083,2311,0,0.476024310371019
"2318","beta_trend",6083,2312,0,0.475752827595598
"2319","beta_trend",6083,2313,0,0.47549089190229
"2320","beta_trend",6083,2314,0,0.475238357567695
"2321","beta_trend",6083,2315,0,0.474995071031882
"2322","beta_trend",6083,2316,0,0.474760870984526
"2323","beta_trend",6083,2317,0,0.474535588458606
"2324","beta_trend",6083,2318,0,0.474319046931632
"2325","beta_trend",6083,2319,0,0.474111062434344
"2326","beta_trend",6083,2320,0,0.473911443666832
"2327","beta_trend",6083,2321,0,0.473719992122004
"2328","beta_trend",6083,2322,0,0.473536502216339
"2329","beta_trend",6083,2323,0,0.473360761427843
"2330","beta_trend",6083,2324,0,0.473192550441121
"2331","beta_trend",6083,2325,0,0.473031643299463
"2332","beta_trend",6083,2326,0,0.47287780756386
"2333","beta_trend",6083,2327,0,0.472730804478826
"2334","beta_trend",6083,2328,0,0.472590389144913
"2335","beta_trend",6083,2329,0,0.472456310697802
"2336","beta_trend",6083,2330,0,0.472328312493833
"2337","beta_trend",6083,2331,0,0.472206132301841
"2338","beta_trend",6083,2332,0,0.472089502501152
"2339","beta_trend",6083,2333,0,0.471978150285588
"2340","beta_trend",6083,2334,0,0.471871797873326
"2341","beta_trend",6083,2335,0,0.471770162722447
"2342","beta_trend",6083,2336,0,0.471672957751995
"2343","beta_trend",6083,2337,0,0.471579891568388
"2344","beta_trend",6083,2338,0,0.47149066869698
"2345","beta_trend",6083,2339,0,0.471403249808745
"2346","beta_trend",6083,2340,0,0.471320889050459
"2347","beta_trend",6083,2341,0,0.471241459847223
"2348","beta_trend",6083,2342,0,0.471164652939874
"2349","beta_trend",6083,2343,0,0.47109015621192
"2350","beta_trend",6083,2344,0,0.471017654948047
"2351","beta_trend",6083,2345,0,0.470946832096341
"2352","beta_trend",6083,2346,0,0.470877368534008
"2353","beta_trend",6083,2347,0,0.470808943336349
"2354","beta_trend",6083,2348,0,0.470741234048762
"2355","beta_trend",6083,2349,0,0.470673916961529
"2356","beta_trend",6083,2350,0,0.470606667387152
"2357","beta_trend",6083,2351,0,0.470539159939982
"2358","beta_trend",6083,2352,0,0.470471068817899
"2359","beta_trend",6083,2353,0,0.470402068085786
"2360","beta_trend",6083,2354,0,0.47033183196054
"2361","beta_trend",6083,2355,0,0.470260035097367
"2362","beta_trend",6083,2356,0,0.470186352877092
"2363","beta_trend",6083,2357,0,0.470110461694226
"2364","beta_trend",6083,2358,0,0.470032039245522
"2365","beta_trend",6083,2359,0,0.469950764818752
"2366","beta_trend",6083,2360,0,0.469866319581439
"2367","beta_trend",6083,2361,0,0.469778386869274
"2368","beta_trend",6083,2362,0,0.469686652473941
"2369","beta_trend",6083,2363,0,0.469590804930083
"2370","beta_trend",6083,2364,0,0.469490535801142
"2371","beta_trend",6083,2365,0,0.469385539963791
"2372","beta_trend",6083,2366,0,0.469275515890688
"2373","beta_trend",6083,2367,0,0.469160165931288
"2374","beta_trend",6083,2368,0,0.469039196590431
"2375","beta_trend",6083,2369,0,0.468912318804445
"2376","beta_trend",6083,2370,0,0.468779248214492
"2377","beta_trend",6083,2371,0,0.468639705436881
"2378","beta_trend",6083,2372,0,0.468493416330102
"2379","beta_trend",6083,2373,0,0.468340112258296
"2380","beta_trend",6083,2374,0,0.468179530350911
"2381","beta_trend",6083,2375,0,0.46801141375829
"2382","beta_trend",6083,2376,0,0.467835511902922
"2383","beta_trend",6083,2377,0,0.467651580726109
"2384","beta_trend",6083,2378,0,0.467459382929807
"2385","beta_trend",6083,2379,0,0.467258688213383
"2386","beta_trend",6083,2380,0,0.467049273505058
"2387","beta_trend",6083,2381,0,0.466830923187783
"2388","beta_trend",6083,2382,0,0.466603429319339
"2389","beta_trend",6083,2383,0,0.466366591846399
"2390","beta_trend",6083,2384,0,0.466120218812368
"2391","beta_trend",6083,2385,0,0.465864126558747
"2392","beta_trend",6083,2386,0,0.465598139919825
"2393","beta_trend",6083,2387,0,0.465322092410499
"2394","beta_trend",6083,2388,0,0.465035826407002
"2395","beta_trend",6083,2389,0,0.464739193320355
"2396","beta_trend",6083,2390,0,0.464432053762356
"2397","beta_trend",6083,2391,0,0.464114277703915
"2398","beta_trend",6083,2392,0,0.463780758702299
"2399","beta_trend",6083,2393,0,0.463441128073098
"2400","beta_trend",6083,2394,0,0.463090518501078
"2401","beta_trend",6083,2395,0,0.462728838413959
"2402","beta_trend",6083,2396,0,0.462356006254598
"2403","beta_trend",6083,2397,0,0.461971950589495
"2404","beta_trend",6083,2398,0,0.461576610208555
"2405","beta_trend",6083,2399,0,0.461169934215984
"2406","beta_trend",6083,2400,0,0.460751882112205
"2407","beta_trend",6083,2401,0,0.460322423866695
"2408","beta_trend",6083,2402,0,0.459881539981622
"2409","beta_trend",6083,2403,0,0.459429221546224
"2410","beta_trend",6083,2404,0,0.458965470281814
"2411","beta_trend",6083,2405,0,0.458490298577376
"2412","beta_trend",6083,2406,0,0.458003729515646
"2413","beta_trend",6083,2407,0,0.457505796889663
"2414","beta_trend",6083,2408,0,0.456996545209721
"2415","beta_trend",6083,2409,0,0.456476029700692
"2416","beta_trend",6083,2410,0,0.455944316289689
"2417","beta_trend",6083,2411,0,0.455401481584065
"2418","beta_trend",6083,2412,0,0.454847612839718
"2419","beta_trend",6083,2413,0,0.454282807919721
"2420","beta_trend",6083,2414,0,0.453707175243283
"2421","beta_trend",6083,2415,0,0.453120833725047
"2422","beta_trend",6083,2416,0,0.45252391270478
"2423","beta_trend",6083,2417,0,0.451916551867467
"2424","beta_trend",6083,2418,0,0.451298901153873
"2425","beta_trend",6083,2419,0,0.450671120661633
"2426","beta_trend",6083,2420,0,0.450033380536914
"2427","beta_trend",6083,2421,0,0.449385860856758
"2428","beta_trend",6083,2422,0,0.448728751502165
"2429","beta_trend",6083,2423,0,0.448062252022017
"2430","beta_trend",6083,2424,0,0.447386571487961
"2431","beta_trend",6083,2425,0,0.44670192834034
"2432","beta_trend",6083,2426,0,0.446008550225314
"2433","beta_trend",6083,2427,0,0.445306673823287
"2434","beta_trend",6083,2428,0,0.444596544668795
"2435","beta_trend",6083,2429,0,0.443878416961986
"2436","beta_trend",6083,2430,0,0.443152553371857
"2437","beta_trend",6083,2431,0,0.442419224831421
"2438","beta_trend",6083,2432,0,0.441678710324958
"2439","beta_trend",6083,2433,0,0.440931296667551
"2440","beta_trend",6083,2434,0,0.44017727827708
"2441","beta_trend",6083,2435,0,0.439423091551537
"2442","beta_trend",6083,2436,0,0.438656504868933
"2443","beta_trend",6083,2437,0,0.437884251313092
"2444","beta_trend",6083,2438,0,0.437106652841321
"2445","beta_trend",6083,2439,0,0.436324037784204
"2446","beta_trend",6083,2440,0,0.435536740576254
"2447","beta_trend",6083,2441,0,0.434745101480579
"2448","beta_trend",6083,2442,0,0.433949466307806
"2449","beta_trend",6083,2443,0,0.433150186129521
"2450","beta_trend",6083,2444,0,0.43234761698647
"2451","beta_trend",6083,2445,0,0.4315421195918
"2452","beta_trend",6083,2446,0,0.430734059029598
"2453","beta_trend",6083,2447,0,0.429923804449008
"2454","beta_trend",6083,2448,0,0.4291117287542
"2455","beta_trend",6083,2449,0,0.428298208290475
"2456","beta_trend",6083,2450,0,0.427483622526803
"2457","beta_trend",6083,2451,0,0.42666835373507
"2458","beta_trend",6083,2452,0,0.425852786666345
"2459","beta_trend",6083,2453,0,0.425037308224455
"2460","beta_trend",6083,2454,0,0.424222307137178
"2461","beta_trend",6083,2455,0,0.423408173625352
"2462","beta_trend",6083,2456,0,0.422595299070216
"2463","beta_trend",6083,2457,0,0.421784075679285
"2464","beta_trend",6083,2458,0,0.420974896151081
"2465","beta_trend",6083,2459,0,0.420168153339018
"2466","beta_trend",6083,2460,0,0.419364239914776
"2467","beta_trend",6083,2461,0,0.418563548031464
"2468","beta_trend",6083,2462,0,0.417766468986895
"2469","beta_trend",6083,2463,0,0.416973392887297
"2470","beta_trend",6083,2464,0,0.416184708311759
"2471","beta_trend",6083,2465,0,0.41540080197775
"2472","beta_trend",6083,2466,0,0.414622058408021
"2473","beta_trend",6083,2467,0,0.413848859599192
"2474","beta_trend",6083,2468,0,0.413081584692359
"2475","beta_trend",6083,2469,0,0.412320609646028
"2476","beta_trend",6083,2470,0,0.411566306911672
"2477","beta_trend",6083,2471,0,0.41081904511225
"2478","beta_trend",6083,2472,0,0.410079188723964
"2479","beta_trend",6083,2473,0,0.409347097761579
"2480","beta_trend",6083,2474,0,0.408623127467598
"2481","beta_trend",6083,2475,0,0.407907628005594
"2482","beta_trend",6083,2476,0,0.407200944157988
"2483","beta_trend",6083,2477,0,0.406503415028568
"2484","beta_trend",6083,2478,0,0.405815373750037
"2485","beta_trend",6083,2479,0,0.405137147196854
"2486","beta_trend",6083,2480,0,0.404469055703678
"2487","beta_trend",6083,2481,0,0.403811412789648
"2488","beta_trend",6083,2482,0,0.403164524888794
"2489","beta_trend",6083,2483,0,0.402528691086827
"2490","beta_trend",6083,2484,0,0.401904202864561
"2491","beta_trend",6083,2485,0,0.401291343848222
"2492","beta_trend",6083,2486,0,0.400690389566886
"2493","beta_trend",6083,2487,0,0.400101607217267
"2494","beta_trend",6083,2488,0,0.399500462494966
"2495","beta_trend",6083,2489,0,0.398935647612402
"2496","beta_trend",6083,2490,0,0.398383704281925
"2497","beta_trend",6083,2491,0,0.397844862155803
"2498","beta_trend",6083,2492,0,0.397319341420927
"2499","beta_trend",6083,2493,0,0.396807352609806
"2500","beta_trend",6083,2494,0,0.396309096420297
"2501","beta_trend",6083,2495,0,0.395824763544229
"2502","beta_trend",6083,2496,0,0.395354534505107
"2503","beta_trend",6083,2497,0,0.394898579505019
"2504","beta_trend",6083,2498,0,0.39445705828093
"2505","beta_trend",6083,2499,0,0.394030119970462
"2506","beta_trend",6083,2500,0,0.393617902987321
"2507","beta_trend",6083,2501,0,0.393220534906464
"2508","beta_trend",6083,2502,0,0.39283813235913
"2509","beta_trend",6083,2503,0,0.39247080093783
"2510","beta_trend",6083,2504,0,0.392118635111383
"2511","beta_trend",6083,2505,0,0.391781718150078
"2512","beta_trend",6083,2506,0,0.391460122061043
"2513","beta_trend",6083,2507,0,0.391153907533862
"2514","beta_trend",6083,2508,0,0.390863123896505
"2515","beta_trend",6083,2509,0,0.39058780908161
"2516","beta_trend",6083,2510,0,0.390327989603132
"2517","beta_trend",6083,2511,0,0.390083680543406
"2518","beta_trend",6083,2512,0,0.389854885550602
"2519","beta_trend",6083,2513,0,0.3896415968466
"2520","beta_trend",6083,2514,0,0.389443795245256
"2521","beta_trend",6083,2515,0,0.389261450181043
"2522","beta_trend",6083,2516,0,0.38909451974804
"2523","beta_trend",6083,2517,0,0.388942950749226
"2524","beta_trend",6083,2518,0,0.388806678756024
"2525","beta_trend",6083,2519,0,0.388685628178041
"2526","beta_trend",6083,2520,0,0.388579712342926
"2527","beta_trend",6083,2521,0,0.388488833586272
"2528","beta_trend",6083,2522,0,0.388412883351465
"2529","beta_trend",6083,2523,0,0.388351742299385
"2530","beta_trend",6083,2524,0,0.388305280427849
"2531","beta_trend",6083,2525,0,0.388273357200666
"2532","beta_trend",6083,2526,0,0.388255821686198
"2533","beta_trend",6083,2527,0,0.388252512705264
"2534","beta_trend",6083,2528,0,0.388263258988253
"2535","beta_trend",6083,2529,0,0.388287879341296
"2536","beta_trend",6083,2530,0,0.388326182821317
"2537","beta_trend",6083,2531,0,0.388377968919802
"2538","beta_trend",6083,2532,0,0.388456267007916
"2539","beta_trend",6083,2533,0,0.388533793344558
"2540","beta_trend",6083,2534,0,0.388624169960803
"2541","beta_trend",6083,2535,0,0.388727159120962
"2542","beta_trend",6083,2536,0,0.388842514602275
"2543","beta_trend",6083,2537,0,0.388969981925699
"2544","beta_trend",6083,2538,0,0.389109298594001
"2545","beta_trend",6083,2539,0,0.389260194336934
"2546","beta_trend",6083,2540,0,0.389422391363235
"2547","beta_trend",6083,2541,0,0.389595604619221
"2548","beta_trend",6083,2542,0,0.389779542053705
"2549","beta_trend",6083,2543,0,0.389973904888982
"2550","beta_trend",6083,2544,0,0.390178387897628
"2551","beta_trend",6083,2545,0,0.390392679684814
"2552","beta_trend",6083,2546,0,0.390616462975888
"2553","beta_trend",6083,2547,0,0.390849414908922
"2554","beta_trend",6083,2548,0,0.391091207331949
"2555","beta_trend",6083,2549,0,0.391341507104594
"2556","beta_trend",6083,2550,0,0.391599976403808
"2557","beta_trend",6083,2551,0,0.391866273033405
"2558","beta_trend",6083,2552,0,0.392140050737101
"2559","beta_trend",6083,2553,0,0.392420959514754
"2560","beta_trend",6083,2554,0,0.39270864594149
"2561","beta_trend",6083,2555,0,0.393002753489417
"2562","beta_trend",6083,2556,0,0.393302922851601
"2563","beta_trend",6083,2557,0,0.393608792268005
"2564","beta_trend",6083,2558,0,0.393919997853071
"2565","beta_trend",6083,2559,0,0.394236173924619
"2566","beta_trend",6083,2560,0,0.394556953333767
"2567","beta_trend",6083,2561,0,0.394881967795536
"2568","beta_trend",6083,2562,0,0.395210848219828
"2569","beta_trend",6083,2563,0,0.395543225042469
"2570","beta_trend",6083,2564,0,0.395878728555986
"2571","beta_trend",6083,2565,0,0.39621698923981
"2572","beta_trend",6083,2566,0,0.396557638089593
"2573","beta_trend",6083,2567,0,0.396900306945316
"2574","beta_trend",6083,2568,0,0.397244628817883
"2575","beta_trend",6083,2569,0,0.397590238213892
"2576","beta_trend",6083,2570,0,0.397936771458271
"2577","beta_trend",6083,2571,0,0.39828386701448
"2578","beta_trend",6083,2572,0,0.398631165801971
"2579","beta_trend",6083,2573,0,0.39897831151061
"2580","beta_trend",6083,2574,0,0.399324950911772
"2581","beta_trend",6083,2575,0,0.39967073416581
"2582","beta_trend",6083,2576,0,0.400015315125611
"2583","beta_trend",6083,2577,0,0.400358351635963
"2584","beta_trend",6083,2578,0,0.400699505828455
"2585","beta_trend",6083,2579,0,0.401038444411624
"2586","beta_trend",6083,2580,0,0.401374838956104
"2587","beta_trend",6083,2581,0,0.401708366174493
"2588","beta_trend",6083,2582,0,0.402038708195695
"2589","beta_trend",6083,2583,0,0.402365552833482
"2590","beta_trend",6083,2584,0,0.40268859384904
"2591","beta_trend",6083,2585,0,0.40299142823238
"2592","beta_trend",6083,2586,0,0.403305226520995
"2593","beta_trend",6083,2587,0,0.403614308461962
"2594","beta_trend",6083,2588,0,0.403918392797488
"2595","beta_trend",6083,2589,0,0.404217205382957
"2596","beta_trend",6083,2590,0,0.404510479406978
"2597","beta_trend",6083,2591,0,0.404797955603851
"2598","beta_trend",6083,2592,0,0.405079382458265
"2599","beta_trend",6083,2593,0,0.405354516402043
"2600","beta_trend",6083,2594,0,0.405623122002777
"2601","beta_trend",6083,2595,0,0.405884972144174
"2602","beta_trend",6083,2596,0,0.406139848197969
"2603","beta_trend",6083,2597,0,0.406387540187267
"2604","beta_trend",6083,2598,0,0.406627846941151
"2605","beta_trend",6083,2599,0,0.406860576240467
"2606","beta_trend",6083,2600,0,0.407085544954635
"2607","beta_trend",6083,2601,0,0.40730257916939
"2608","beta_trend",6083,2602,0,0.407511514305363
"2609","beta_trend",6083,2603,0,0.407712195227386
"2610","beta_trend",6083,2604,0,0.407904476344471
"2611","beta_trend",6083,2605,0,0.408088221700363
"2612","beta_trend",6083,2606,0,0.408263305054625
"2613","beta_trend",6083,2607,0,0.408429609954194
"2614","beta_trend",6083,2608,0,0.408587029795361
"2615","beta_trend",6083,2609,0,0.408735467876154
"2616","beta_trend",6083,2610,0,0.408874837439087
"2617","beta_trend",6083,2611,0,0.409005061704272
"2618","beta_trend",6083,2612,0,0.409126073892875
"2619","beta_trend",6083,2613,0,0.409237817240942
"2620","beta_trend",6083,2614,0,0.409340245003589
"2621","beta_trend",6083,2615,0,0.409433320449591
"2622","beta_trend",6083,2616,0,0.409517016846401
"2623","beta_trend",6083,2617,0,0.409591317435646
"2624","beta_trend",6083,2618,0,0.409656215399141
"2625","beta_trend",6083,2619,0,0.409711713815501
"2626","beta_trend",6083,2620,0,0.409757825607397
"2627","beta_trend",6083,2621,0,0.40979457347956
"2628","beta_trend",6083,2622,0,0.409821989847613
"2629","beta_trend",6083,2623,0,0.409840116757816
"2630","beta_trend",6083,2624,0,0.409849005797852
"2631","beta_trend",6083,2625,0,0.409848717998757
"2632","beta_trend",6083,2626,0,0.409839323728114
"2633","beta_trend",6083,2627,0,0.409820902574654
"2634","beta_trend",6083,2628,0,0.409796491423908
"2635","beta_trend",6083,2629,0,0.409760161156898
"2636","beta_trend",6083,2630,0,0.409715102287022
"2637","beta_trend",6083,2631,0,0.409661429751395
"2638","beta_trend",6083,2632,0,0.40959926701531
"2639","beta_trend",6083,2633,0,0.409528745908206
"2640","beta_trend",6083,2634,0,0.409450006452172
"2641","beta_trend",6083,2635,0,0.409363196683203
"2642","beta_trend",6083,2636,0,0.409268472465397
"2643","beta_trend",6083,2637,0,0.40916599729829
"2644","beta_trend",6083,2638,0,0.409055942117561
"2645","beta_trend",6083,2639,0,0.408938485089298
"2646","beta_trend",6083,2640,0,0.408813811398074
"2647","beta_trend",6083,2641,0,0.408682113029042
"2648","beta_trend",6083,2642,0,0.408543588544291
"2649","beta_trend",6083,2643,0,0.408398442853705
"2650","beta_trend",6083,2644,0,0.408246886980559
"2651","beta_trend",6083,2645,0,0.408089137822108
"2652","beta_trend",6083,2646,0,0.407925417905416
"2653","beta_trend",6083,2647,0,0.407755955138688
"2654","beta_trend",6083,2648,0,0.407580982558358
"2655","beta_trend",6083,2649,0,0.407400738072192
"2656","beta_trend",6083,2650,0,0.407215464198693
"2657","beta_trend",6083,2651,0,0.407025407803047
"2658","beta_trend",6083,2652,0,0.406830819829908
"2659","beta_trend",6083,2653,0,0.406631955033283
"2660","beta_trend",6083,2654,0,0.406429071703789
"2661","beta_trend",6083,2655,0,0.40622243139358
"2662","beta_trend",6083,2656,0,0.406012298639192
"2663","beta_trend",6083,2657,0,0.405798940682616
"2664","beta_trend",6083,2658,0,0.40558262719086
"2665","beta_trend",6083,2659,0,0.405363629974294
"2666","beta_trend",6083,2660,0,0.405142222704051
"2667","beta_trend",6083,2661,0,0.40491868062877
"2668","beta_trend",6083,2662,0,0.404693280290961
"2669","beta_trend",6083,2663,0,0.404466299243277
"2670","beta_trend",6083,2664,0,0.404238015764972
"2671","beta_trend",6083,2665,0,0.404008708578809
"2672","beta_trend",6083,2666,0,0.403778656568728
"2673","beta_trend",6083,2667,0,0.403548138498513
"2674","beta_trend",6083,2668,0,0.403317432731759
"2675","beta_trend",6083,2669,0,0.403086816953397
"2676","beta_trend",6083,2670,0,0.402856567893052
"2677","beta_trend",6083,2671,0,0.402626961050494
"2678","beta_trend",6083,2672,0,0.402398270423456
"2679","beta_trend",6083,2673,0,0.402170768238066
"2680","beta_trend",6083,2674,0,0.401944724682158
"2681","beta_trend",6083,2675,0,0.401720407641714
"2682","beta_trend",6083,2676,0,0.401498082440685
"2683","beta_trend",6083,2677,0,0.401278011584429
"2684","beta_trend",6083,2678,0,0.401060454507022
"2685","beta_trend",6083,2679,0,0.400845667322652
"2686","beta_trend",6083,2680,0,0.400633902581358
"2687","beta_trend",6083,2681,0,0.400406526950491
"2688","beta_trend",6083,2682,0,0.400200678291245
"2689","beta_trend",6083,2683,0,0.399998548077042
"2690","beta_trend",6083,2684,0,0.399800370715417
"2691","beta_trend",6083,2685,0,0.399606375843758
"2692","beta_trend",6083,2686,0,0.399416788113631
"2693","beta_trend",6083,2687,0,0.399231826980841
"2694","beta_trend",6083,2688,0,0.399051706501404
"2695","beta_trend",6083,2689,0,0.398876635133612
"2696","beta_trend",6083,2690,0,0.398706815546351
"2697","beta_trend",6083,2691,0,0.398542444433846
"2698","beta_trend",6083,2692,0,0.398383712336979
"2699","beta_trend",6083,2693,0,0.398230803471334
"2700","beta_trend",6083,2694,0,0.398083895562104
"2701","beta_trend",6083,2695,0,0.397943159686001
"2702","beta_trend",6083,2696,0,0.397808760120284
"2703","beta_trend",6083,2697,0,0.397680854199041
"2704","beta_trend",6083,2698,0,0.397559592176806
"2705","beta_trend",6083,2699,0,0.397445117099653
"2706","beta_trend",6083,2700,0,0.397337564683827
"2707","beta_trend",6083,2701,0,0.397237063202012
"2708","beta_trend",6083,2702,0,0.39714373337733
"2709","beta_trend",6083,2703,0,0.397057688285111
"2710","beta_trend",6083,2704,0,0.396979033262526
"2711","beta_trend",6083,2705,0,0.396907865826122
"2712","beta_trend",6083,2706,0,0.396844275597306
"2713","beta_trend",6083,2707,0,0.396788344235831
"2714","beta_trend",6083,2708,0,0.396740145381295
"2715","beta_trend",6083,2709,0,0.396699744602688
"2716","beta_trend",6083,2710,0,0.396667199356002
"2717","beta_trend",6083,2711,0,0.396642558949902
"2718","beta_trend",6083,2712,0,0.396625864519466
"2719","beta_trend",6083,2713,0,0.396617149007976
"2720","beta_trend",6083,2714,0,0.396616437156752
"2721","beta_trend",6083,2715,0,0.396623745502994
"2722","beta_trend",6083,2716,0,0.396639082385605
"2723","beta_trend",6083,2717,0,0.396662447958951
"2724","beta_trend",6083,2718,0,0.396693834214516
"2725","beta_trend",6083,2719,0,0.396733225010382
"2726","beta_trend",6083,2720,0,0.396780596108489
"2727","beta_trend",6083,2721,0,0.396835915219585
"2728","beta_trend",6083,2722,0,0.396899142055807
"2729","beta_trend",6083,2723,0,0.396970228390788
"2730","beta_trend",6083,2724,0,0.397049118127211
"2731","beta_trend",6083,2725,0,0.397164560120071
"2732","beta_trend",6083,2726,0,0.397257581696984
"2733","beta_trend",6083,2727,0,0.397358245499368
"2734","beta_trend",6083,2728,0,0.397466462654845
"2735","beta_trend",6083,2729,0,0.397582136942932
"2736","beta_trend",6083,2730,0,0.397705164902383
"2737","beta_trend",6083,2731,0,0.397835435945222
"2738","beta_trend",6083,2732,0,0.397972832477315
"2739","beta_trend",6083,2733,0,0.398117230025322
"2740","beta_trend",6083,2734,0,0.398268497369892
"2741","beta_trend",6083,2735,0,0.398426496684922
"2742","beta_trend",6083,2736,0,0.398591083682719
"2743","beta_trend",6083,2737,0,0.398762107764899
"2744","beta_trend",6083,2738,0,0.398939412178836
"2745","beta_trend",6083,2739,0,0.399122834179496
"2746","beta_trend",6083,2740,0,0.399312205196449
"2747","beta_trend",6083,2741,0,0.399507351005895
"2748","beta_trend",6083,2742,0,0.399708091907489
"2749","beta_trend",6083,2743,0,0.399914242905788
"2750","beta_trend",6083,2744,0,0.400125613896099
"2751","beta_trend",6083,2745,0,0.400342009854548
"2752","beta_trend",6083,2746,0,0.400563231032145
"2753","beta_trend",6083,2747,0,0.400789073152648
"2754","beta_trend",6083,2748,0,0.401019327614007
"2755","beta_trend",6083,2749,0,0.401253781693179
"2756","beta_trend",6083,2750,0,0.401492218754101
"2757","beta_trend",6083,2751,0,0.401734418458593
"2758","beta_trend",6083,2752,0,0.401980156979984
"2759","beta_trend",6083,2753,0,0.402229207219234
"2760","beta_trend",6083,2754,0,0.402481339023329
"2761","beta_trend",6083,2755,0,0.402736319405733
"2762","beta_trend",6083,2756,0,0.402993912768668
"2763","beta_trend",6083,2757,0,0.403253881126998
"2764","beta_trend",6083,2758,0,0.4035159843335
"2765","beta_trend",6083,2759,0,0.403779980305292
"2766","beta_trend",6083,2760,0,0.404045625251192
"2767","beta_trend",6083,2761,0,0.404312673899793
"2768","beta_trend",6083,2762,0,0.404580879728027
"2769","beta_trend",6083,2763,0,0.404849995189993
"2770","beta_trend",6083,2764,0,0.405119771945837
"2771","beta_trend",6083,2765,0,0.405389961090455
"2772","beta_trend",6083,2766,0,0.405660313381808
"2773","beta_trend",6083,2767,0,0.405930579468636
"2774","beta_trend",6083,2768,0,0.406200510117341
"2775","beta_trend",6083,2769,0,0.406469856437854
"2776","beta_trend",6083,2770,0,0.406738370108244
"2777","beta_trend",6083,2771,0,0.407005803597899
"2778","beta_trend",6083,2772,0,0.407271910389035
"2779","beta_trend",6083,2773,0,0.40753644519637
"2780","beta_trend",6083,2774,0,0.407799164184735
"2781","beta_trend",6083,2775,0,0.408059825184447
"2782","beta_trend",6083,2776,0,0.408318187904244
"2783","beta_trend",6083,2777,0,0.408574014141589
"2784","beta_trend",6083,2778,0,0.408807240854863
"2785","beta_trend",6083,2779,0,0.409056375404877
"2786","beta_trend",6083,2780,0,0.409302233771142
"2787","beta_trend",6083,2781,0,0.409544586542379
"2788","beta_trend",6083,2782,0,0.409783207342165
"2789","beta_trend",6083,2783,0,0.410017873017808
"2790","beta_trend",6083,2784,0,0.410248363825338
"2791","beta_trend",6083,2785,0,0.410474463610465
"2792","beta_trend",6083,2786,0,0.410695959985366
"2793","beta_trend",6083,2787,0,0.410912644501139
"2794","beta_trend",6083,2788,0,0.411124312815804
"2795","beta_trend",6083,2789,0,0.411330764857697
"2796","beta_trend",6083,2790,0,0.411531804984157
"2797","beta_trend",6083,2791,0,0.41172724213535
"2798","beta_trend",6083,2792,0,0.411916889983142
"2799","beta_trend",6083,2793,0,0.412100567074892
"2800","beta_trend",6083,2794,0,0.412278096972068
"2801","beta_trend",6083,2795,0,0.412449308383581
"2802","beta_trend",6083,2796,0,0.412614035293748
"2803","beta_trend",6083,2797,0,0.412772117084794
"2804","beta_trend",6083,2798,0,0.412923398653802
"2805","beta_trend",6083,2799,0,0.413067730524059
"2806","beta_trend",6083,2800,0,0.413204968950696
"2807","beta_trend",6083,2801,0,0.413334976020586
"2808","beta_trend",6083,2802,0,0.413457619746418
"2809","beta_trend",6083,2803,0,0.413572774154926
"2810","beta_trend",6083,2804,0,0.413680319369185
"2811","beta_trend",6083,2805,0,0.413780141684977
"2812","beta_trend",6083,2806,0,0.413872133641165
"2813","beta_trend",6083,2807,0,0.413956194084059
"2814","beta_trend",6083,2808,0,0.414032228225751
"2815","beta_trend",6083,2809,0,0.414100147696399
"2816","beta_trend",6083,2810,0,0.414159870590463
"2817","beta_trend",6083,2811,0,0.414211321506871
"2818","beta_trend",6083,2812,0,0.414254431583135
"2819","beta_trend",6083,2813,0,0.414289138523417
"2820","beta_trend",6083,2814,0,0.41431538662056
"2821","beta_trend",6083,2815,0,0.414333126772103
"2822","beta_trend",6083,2816,0,0.414342316490313
"2823","beta_trend",6083,2817,0,0.414342919906252
"2824","beta_trend",6083,2818,0,0.414334907767934
"2825","beta_trend",6083,2819,0,0.414318257432598
"2826","beta_trend",6083,2820,0,0.414292952853154
"2827","beta_trend",6083,2821,0,0.41425472614376
"2828","beta_trend",6083,2822,0,0.414212279503256
"2829","beta_trend",6083,2823,0,0.414161161935058
"2830","beta_trend",6083,2824,0,0.414101383835452
"2831","beta_trend",6083,2825,0,0.414032962031906
"2832","beta_trend",6083,2826,0,0.413955919736224
"2833","beta_trend",6083,2827,0,0.413870286492325
"2834","beta_trend",6083,2828,0,0.413776098118761
"2835","beta_trend",6083,2829,0,0.413673396646053
"2836","beta_trend",6083,2830,0,0.413562230248942
"2837","beta_trend",6083,2831,0,0.413442653173661
"2838","beta_trend",6083,2832,0,0.413314725660333
"2839","beta_trend",6083,2833,0,0.413178513860598
"2840","beta_trend",6083,2834,0,0.413034089750583
"2841","beta_trend",6083,2835,0,0.412881531039346
"2842","beta_trend",6083,2836,0,0.412720921072888
"2843","beta_trend",6083,2837,0,0.412552348733876
"2844","beta_trend",6083,2838,0,0.412375908337203
"2845","beta_trend",6083,2839,0,0.412191699521498
"2846","beta_trend",6083,2840,0,0.411999827136743
"2847","beta_trend",6083,2841,0,0.411800401128104
"2848","beta_trend",6083,2842,0,0.411593536416146
"2849","beta_trend",6083,2843,0,0.411379352773536
"2850","beta_trend",6083,2844,0,0.411157974698413
"2851","beta_trend",6083,2845,0,0.410929531284539
"2852","beta_trend",6083,2846,0,0.410694156088395
"2853","beta_trend",6083,2847,0,0.410451986993369
"2854","beta_trend",6083,2848,0,0.410203166071175
"2855","beta_trend",6083,2849,0,0.409947839440667
"2856","beta_trend",6083,2850,0,0.409686157124195
"2857","beta_trend",6083,2851,0,0.409418272901653
"2858","beta_trend",6083,2852,0,0.409144344162385
"2859","beta_trend",6083,2853,0,0.408864531755089
"2860","beta_trend",6083,2854,0,0.408578999835888
"2861","beta_trend",6083,2855,0,0.408287915714724
"2862","beta_trend",6083,2856,0,0.407991449700213
"2863","beta_trend",6083,2857,0,0.407689774943155
"2864","beta_trend",6083,2858,0,0.407383067278812
"2865","beta_trend",6083,2859,0,0.40707150506815
"2866","beta_trend",6083,2860,0,0.406755269038175
"2867","beta_trend",6083,2861,0,0.406434542121532
"2868","beta_trend",6083,2862,0,0.406109509295518
"2869","beta_trend",6083,2863,0,0.40578035742067
"2870","beta_trend",6083,2864,0,0.405447275079067
"2871","beta_trend",6083,2865,0,0.405110452412522
"2872","beta_trend",6083,2866,0,0.404770080960791
"2873","beta_trend",6083,2867,0,0.404426353499966
"2874","beta_trend",6083,2868,0,0.404079463881198
"2875","beta_trend",6083,2869,0,0.40372960686989
"2876","beta_trend",6083,2870,0,0.403376977985514
"2877","beta_trend",6083,2871,0,0.403021773342188
"2878","beta_trend",6083,2872,0,0.402664189490165
"2879","beta_trend",6083,2873,0,0.402304423258365
"2880","beta_trend",6083,2874,0,0.401922519638056
"2881","beta_trend",6083,2875,0,0.401558049775201
"2882","beta_trend",6083,2876,0,0.401191947686554
"2883","beta_trend",6083,2877,0,0.400824408125065
"2884","beta_trend",6083,2878,0,0.400455625294263
"2885","beta_trend",6083,2879,0,0.400085792697816
"2886","beta_trend",6083,2880,0,0.399715102990994
"2887","beta_trend",6083,2881,0,0.399343747834143
"2888","beta_trend",6083,2882,0,0.398971917748293
"2889","beta_trend",6083,2883,0,0.398599801972994
"2890","beta_trend",6083,2884,0,0.398227588326515
"2891","beta_trend",6083,2885,0,0.397855463068479
"2892","beta_trend",6083,2886,0,0.397483610765064
"2893","beta_trend",6083,2887,0,0.39711221415685
"2894","beta_trend",6083,2888,0,0.396741454029416
"2895","beta_trend",6083,2889,0,0.396371509086772
"2896","beta_trend",6083,2890,0,0.396002555827715
"2897","beta_trend",6083,2891,0,0.395634768425197
"2898","beta_trend",6083,2892,0,0.395268318608781
"2899","beta_trend",6083,2893,0,0.394903375550255
"2900","beta_trend",6083,2894,0,0.394540105752499
"2901","beta_trend",6083,2895,0,0.394178672941639
"2902","beta_trend",6083,2896,0,0.393819237962589
"2903","beta_trend",6083,2897,0,0.393461958678014
"2904","beta_trend",6083,2898,0,0.39310698987079
"2905","beta_trend",6083,2899,0,0.392754483149997
"2906","beta_trend",6083,2900,0,0.392404586860517
"2907","beta_trend",6083,2901,0,0.392057445996258
"2908","beta_trend",6083,2902,0,0.391713202117062
"2909","beta_trend",6083,2903,0,0.391371993269328
"2910","beta_trend",6083,2904,0,0.391033953910388
"2911","beta_trend",6083,2905,0,0.39069921483666
"2912","beta_trend",6083,2906,0,0.390367903115604
"2913","beta_trend",6083,2907,0,0.390040142021516
"2914","beta_trend",6083,2908,0,0.389716050975155
"2915","beta_trend",6083,2909,0,0.389395745487241
"2916","beta_trend",6083,2910,0,0.389079337105819
"2917","beta_trend",6083,2911,0,0.388766933367501
"2918","beta_trend",6083,2912,0,0.388458637752591
"2919","beta_trend",6083,2913,0,0.388154549644086
"2920","beta_trend",6083,2914,0,0.387854764290557
"2921","beta_trend",6083,2915,0,0.387559372772898
"2922","beta_trend",6083,2916,0,0.387268461974929
"2923","beta_trend",6083,2917,0,0.386982114557842
"2924","beta_trend",6083,2918,0,0.386739137473076
"2925","beta_trend",6083,2919,0,0.386460433451248
"2926","beta_trend",6083,2920,0,0.386186587230349
"2927","beta_trend",6083,2921,0,0.385917661563817
"2928","beta_trend",6083,2922,0,0.385653715015177
"2929","beta_trend",6083,2923,0,0.385394801951609
"2930","beta_trend",6083,2924,0,0.385140972541265
"2931","beta_trend",6083,2925,0,0.384892272754277
"2932","beta_trend",6083,2926,0,0.384648744367427
"2933","beta_trend",6083,2927,0,0.384410424972418
"2934","beta_trend",6083,2928,0,0.384177347987706
"2935","beta_trend",6083,2929,0,0.38394954267382
"2936","beta_trend",6083,2930,0,0.383727034152141
"2937","beta_trend",6083,2931,0,0.383509843427052
"2938","beta_trend",6083,2932,0,0.383297987411426
"2939","beta_trend",6083,2933,0,0.383091478955359
"2940","beta_trend",6083,2934,0,0.382890326878114
"2941","beta_trend",6083,2935,0,0.382694536003177
"2942","beta_trend",6083,2936,0,0.382504107196381
"2943","beta_trend",6083,2937,0,0.382319037407008
"2944","beta_trend",6083,2938,0,0.382139319711807
"2945","beta_trend",6083,2939,0,0.381964943361847
"2946","beta_trend",6083,2940,0,0.381795893832132
"2947","beta_trend",6083,2941,0,0.381632152873891
"2948","beta_trend",6083,2942,0,0.381473698569474
"2949","beta_trend",6083,2943,0,0.381320505389771
"2950","beta_trend",6083,2944,0,0.381172544254061
"2951","beta_trend",6083,2945,0,0.38102978259222
"2952","beta_trend",6083,2946,0,0.3808921844092
"2953","beta_trend",6083,2947,0,0.380759710351686
"2954","beta_trend",6083,2948,0,0.380632317776859
"2955","beta_trend",6083,2949,0,0.38050996082316
"2956","beta_trend",6083,2950,0,0.380392590482982
"2957","beta_trend",6083,2951,0,0.380280154677201
"2958","beta_trend",6083,2952,0,0.380172598331439
"2959","beta_trend",6083,2953,0,0.380069863453998
"2960","beta_trend",6083,2954,0,0.37997188921535
"2961","beta_trend",6083,2955,0,0.379878612029108
"2962","beta_trend",6083,2956,0,0.379789965634389
"2963","beta_trend",6083,2957,0,0.379705881179466
"2964","beta_trend",6083,2958,0,0.379626287306633
"2965","beta_trend",6083,2959,0,0.379551110238189
"2966","beta_trend",6083,2960,0,0.379480273863448
"2967","beta_trend",6083,2961,0,0.379413699826692
"2968","beta_trend",6083,2962,0,0.379351307615979
"2969","beta_trend",6083,2963,0,0.379293014652702
"2970","beta_trend",6083,2964,0,0.379238736381845
"2971","beta_trend",6083,2965,0,0.37918838636281
"2972","beta_trend",6083,2966,0,0.37914187636076
"2973","beta_trend",6083,2967,0,0.379099116438373
"2974","beta_trend",6083,2968,0,0.379060015047939
"2975","beta_trend",6083,2969,0,0.379024479123705
"2976","beta_trend",6083,2970,0,0.378992414174382
"2977","beta_trend",6083,2971,0,0.378948321033683
"2978","beta_trend",6083,2972,0,0.378922199551344
"2979","beta_trend",6083,2973,0,0.378899227103721
"2980","beta_trend",6083,2974,0,0.378879303173424
"2981","beta_trend",6083,2975,0,0.378862326233384
"2982","beta_trend",6083,2976,0,0.378848193837174
"2983","beta_trend",6083,2977,0,0.378836802708927
"2984","beta_trend",6083,2978,0,0.378828048832754
"2985","beta_trend",6083,2979,0,0.378821827541618
"2986","beta_trend",6083,2980,0,0.378818033605566
"2987","beta_trend",6083,2981,0,0.378816561319273
"2988","beta_trend",6083,2982,0,0.378817304588824
"2989","beta_trend",6083,2983,0,0.378820157017666
"2990","beta_trend",6083,2984,0,0.378825011991677
"2991","beta_trend",6083,2985,0,0.378831762763281
"2992","beta_trend",6083,2986,0,0.378840302534555
"2993","beta_trend",6083,2987,0,0.378850524539274
"2994","beta_trend",6083,2988,0,0.378862322123832
"2995","beta_trend",6083,2989,0,0.378875588826993
"2996","beta_trend",6083,2990,0,0.378890218458415
"2997","beta_trend",6083,2991,0,0.378906105175894
"2998","beta_trend",6083,2992,0,0.378923143561304
"2999","beta_trend",6083,2993,0,0.378941228695147
"3000","beta_trend",6083,2994,0,0.378960256229713
"3001","beta_trend",6083,2995,0,0.378980122460778
"3002","beta_trend",6083,2996,0,0.379000724397811
"3003","beta_trend",6083,2997,0,0.379021959832665
"3004","beta_trend",6083,2998,0,0.379043727406688
"3005","beta_trend",6083,2999,0,0.379065926676254
"3006","beta_trend",6083,3000,0,0.37908845817666
"3007","beta_trend",6083,3001,0,0.379111223484364
"3008","beta_trend",6083,3002,0,0.379134125277554
"3009","beta_trend",6083,3003,0,0.379157067394992
"3010","beta_trend",6083,3004,0,0.379179954893145
"3011","beta_trend",6083,3005,0,0.379202694101552
"3012","beta_trend",6083,3006,0,0.379225192676432
"3013","beta_trend",6083,3007,0,0.379247359652498
"3014","beta_trend",6083,3008,0,0.379269105492978
"3015","beta_trend",6083,3009,0,0.379290342137812
"3016","beta_trend",6083,3010,0,0.379310983050038
"3017","beta_trend",6083,3011,0,0.379330943260333
"3018","beta_trend",6083,3012,0,0.379350139409723
"3019","beta_trend",6083,3013,0,0.379368489790441
"3020","beta_trend",6083,3014,0,0.379385914384939
"3021","beta_trend",6083,3015,0,0.379400481583177
"3022","beta_trend",6083,3016,0,0.379415903629771
"3023","beta_trend",6083,3017,0,0.379430166888831
"3024","beta_trend",6083,3018,0,0.379443198593168
"3025","beta_trend",6083,3019,0,0.379454927828179
"3026","beta_trend",6083,3020,0,0.37946528555997
"3027","beta_trend",6083,3021,0,0.379474204661649
"3028","beta_trend",6083,3022,0,0.379481619937811
"3029","beta_trend",6083,3023,0,0.379487468147209
"3030","beta_trend",6083,3024,0,0.379491688023646
"3031","beta_trend",6083,3025,0,0.379494220295089
"3032","beta_trend",6083,3026,0,0.379495007701022
"3033","beta_trend",6083,3027,0,0.379493995008069
"3034","beta_trend",6083,3028,0,0.379491129023887
"3035","beta_trend",6083,3029,0,0.379486358609368
"3036","beta_trend",6083,3030,0,0.379479634689158
"3037","beta_trend",6083,3031,0,0.379470910260528
"3038","beta_trend",6083,3032,0,0.379460140400615
"3039","beta_trend",6083,3033,0,0.379447282272049
"3040","beta_trend",6083,3034,0,0.379432295127022
"3041","beta_trend",6083,3035,0,0.379415140309792
"3042","beta_trend",6083,3036,0,0.379395781257672
"3043","beta_trend",6083,3037,0,0.379374183500528
"3044","beta_trend",6083,3038,0,0.379350314658821
"3045","beta_trend",6083,3039,0,0.37932414444021
"3046","beta_trend",6083,3040,0,0.37929564463477
"3047","beta_trend",6083,3041,0,0.379264789108839
"3048","beta_trend",6083,3042,0,0.379231553797537
"3049","beta_trend",6083,3043,0,0.379195916695993
"3050","beta_trend",6083,3044,0,0.379157857849305
"3051","beta_trend",6083,3045,0,0.379117359341282
"3052","beta_trend",6083,3046,0,0.379074405281992
"3053","beta_trend",6083,3047,0,0.379028981794165
"3054","beta_trend",6083,3048,0,0.378981076998471
"3055","beta_trend",6083,3049,0,0.378930680997729
"3056","beta_trend",6083,3050,0,0.378877785860074
"3057","beta_trend",6083,3051,0,0.378822385601121
"3058","beta_trend",6083,3052,0,0.378764476165164
"3059","beta_trend",6083,3053,0,0.378704055405453
"3060","beta_trend",6083,3054,0,0.378641123063588
"3061","beta_trend",6083,3055,0,0.378575680748056
"3062","beta_trend",6083,3056,0,0.37850773191197
"3063","beta_trend",6083,3057,0,0.37843728183003
"3064","beta_trend",6083,3058,0,0.378364337574759
"3065","beta_trend",6083,3059,0,0.378288907992047
"3066","beta_trend",6083,3060,0,0.378211003676034
"3067","beta_trend",6083,3061,0,0.378130636943394
"3068","beta_trend",6083,3062,0,0.378047821807027
"3069","beta_trend",6083,3063,0,0.377962573949224
"3070","beta_trend",6083,3064,0,0.377874910694329
"3071","beta_trend",6083,3065,0,0.377784850980939
"3072","beta_trend",6083,3066,0,0.377692415333681
"3073","beta_trend",6083,3067,0,0.377567973130741
"3074","beta_trend",6083,3068,0,0.377469485225598
"3075","beta_trend",6083,3069,0,0.37736863265546
"3076","beta_trend",6083,3070,0,0.377265439583138
"3077","beta_trend",6083,3071,0,0.377159931521251
"3078","beta_trend",6083,3072,0,0.377052135299232
"3079","beta_trend",6083,3073,0,0.376942079030069
"3080","beta_trend",6083,3074,0,0.376829792076822
"3081","beta_trend",6083,3075,0,0.376715305018948
"3082","beta_trend",6083,3076,0,0.376598649618458
"3083","beta_trend",6083,3077,0,0.376479858785953
"3084","beta_trend",6083,3078,0,0.376358966546537
"3085","beta_trend",6083,3079,0,0.376236008005679
"3086","beta_trend",6083,3080,0,0.376111019315012
"3087","beta_trend",6083,3081,0,0.375984037638118
"3088","beta_trend",6083,3082,0,0.375855101116331
"3089","beta_trend",6083,3083,0,0.37572424883456
"3090","beta_trend",6083,3084,0,0.375591520787182
"3091","beta_trend",6083,3085,0,0.375456957844019
"3092","beta_trend",6083,3086,0,0.37532060171642
"3093","beta_trend",6083,3087,0,0.375182494923476
"3094","beta_trend",6083,3088,0,0.37504268075839
"3095","beta_trend",6083,3089,0,0.374901203255024
"3096","beta_trend",6083,3090,0,0.374758107154635
"3097","beta_trend",6083,3091,0,0.374613437872835
"3098","beta_trend",6083,3092,0,0.374467241466777
"3099","beta_trend",6083,3093,0,0.374319564602605
"3100","beta_trend",6083,3094,0,0.374170454523162
"3101","beta_trend",6083,3095,0,0.374019959015991
"3102","beta_trend",6083,3096,0,0.373868126381638
"3103","beta_trend",6083,3097,0,0.373715005402271
"3104","beta_trend",6083,3098,0,0.373560645310627
"3105","beta_trend",6083,3099,0,0.373405095759306
"3106","beta_trend",6083,3100,0,0.373248406790423
"3107","beta_trend",6083,3101,0,0.373090628805621
"3108","beta_trend",6083,3102,0,0.372931812536468
"3109","beta_trend",6083,3103,0,0.372772009015238
"3110","beta_trend",6083,3104,0,0.372611269546097
"3111","beta_trend",6083,3105,0,0.372449645676678
"3112","beta_trend",6083,3106,0,0.372287189170088
"3113","beta_trend",6083,3107,0,0.372123951977319
"3114","beta_trend",6083,3108,0,0.371959986210092
"3115","beta_trend",6083,3109,0,0.371795344114129
"3116","beta_trend",6083,3110,0,0.371630078042858
"3117","beta_trend",6083,3111,0,0.371496871501622
"3118","beta_trend",6083,3112,0,0.371329070561692
"3119","beta_trend",6083,3113,0,0.371160863721469
"3120","beta_trend",6083,3114,0,0.370992301120959
"3121","beta_trend",6083,3115,0,0.370823432970275
"3122","beta_trend",6083,3116,0,0.370654309523126
"3123","beta_trend",6083,3117,0,0.370484981050815
"3124","beta_trend",6083,3118,0,0.370315497816783
"3125","beta_trend",6083,3119,0,0.370145910051656
"3126","beta_trend",6083,3120,0,0.369976267928819
"3127","beta_trend",6083,3121,0,0.369806621540502
"3128","beta_trend",6083,3122,0,0.369637020874368
"3129","beta_trend",6083,3123,0,0.369467515790608
"3130","beta_trend",6083,3124,0,0.369298155999529
"3131","beta_trend",6083,3125,0,0.36912899103963
"3132","beta_trend",6083,3126,0,0.36896007025616
"3133","beta_trend",6083,3127,0,0.368791442780152
"3134","beta_trend",6083,3128,0,0.368623157507921
"3135","beta_trend",6083,3129,0,0.368455263081019
"3136","beta_trend",6083,3130,0,0.368287807866641
"3137","beta_trend",6083,3131,0,0.368120839938474
"3138","beta_trend",6083,3132,0,0.367954407057971
"3139","beta_trend",6083,3133,0,0.367788556656047
"3140","beta_trend",6083,3134,0,0.367623335815197
"3141","beta_trend",6083,3135,0,0.367458791251999
"3142","beta_trend",6083,3136,0,0.367294969300024
"3143","beta_trend",6083,3137,0,0.367131915893114
"3144","beta_trend",6083,3138,0,0.366969676549043
"3145","beta_trend",6083,3139,0,0.366808296353526
"3146","beta_trend",6083,3140,0,0.366647819944585
"3147","beta_trend",6083,3141,0,0.366488291497248
"3148","beta_trend",6083,3142,0,0.366329754708578
"3149","beta_trend",6083,3143,0,0.366172252783015
"3150","beta_trend",6083,3144,0,0.366015828418028
"3151","beta_trend",6083,3145,0,0.365860523790052
"3152","beta_trend",6083,3146,0,0.365706380540717
"3153","beta_trend",6083,3147,0,0.36555343976334
"3154","beta_trend",6083,3148,0,0.365401741989689
"3155","beta_trend",6083,3149,0,0.365251327176983
"3156","beta_trend",6083,3150,0,0.36510223469514
"3157","beta_trend",6083,3151,0,0.364954503314258
"3158","beta_trend",6083,3152,0,0.364808171192298
"3159","beta_trend",6083,3153,0,0.364663275862995
"3160","beta_trend",6083,3154,0,0.364519854223951
"3161","beta_trend",6083,3155,0,0.364377942524925
"3162","beta_trend",6083,3156,0,0.364237576356301
"3163","beta_trend",6083,3157,0,0.364098790637719
"3164","beta_trend",6083,3158,0,0.363961619606876
"3165","beta_trend",6083,3159,0,0.363826096808468
"3166","beta_trend",6083,3160,0,0.363692255083289
"3167","beta_trend",6083,3161,0,0.363560126557447
"3168","beta_trend",6083,3162,0,0.363429742631729
"3169","beta_trend",6083,3163,0,0.363301133971064
"3170","beta_trend",6083,3164,0,0.363160935633583
"3171","beta_trend",6083,3165,0,0.36303534920742
"3172","beta_trend",6083,3166,0,0.362911598697659
"3173","beta_trend",6083,3167,0,0.362789710635551
"3174","beta_trend",6083,3168,0,0.36266971072501
"3175","beta_trend",6083,3169,0,0.362551623831335
"3176","beta_trend",6083,3170,0,0.362435473969973
"3177","beta_trend",6083,3171,0,0.362321284295325
"3178","beta_trend",6083,3172,0,0.362209077089577
"3179","beta_trend",6083,3173,0,0.362098873751576
"3180","beta_trend",6083,3174,0,0.361990694785719
"3181","beta_trend",6083,3175,0,0.361884559790873
"3182","beta_trend",6083,3176,0,0.361780487449325
"3183","beta_trend",6083,3177,0,0.361678495515738
"3184","beta_trend",6083,3178,0,0.361578600806146
"3185","beta_trend",6083,3179,0,0.361480819186952
"3186","beta_trend",6083,3180,0,0.361385165563961
"3187","beta_trend",6083,3181,0,0.361291653871424
"3188","beta_trend",6083,3182,0,0.361200297061112
"3189","beta_trend",6083,3183,0,0.361111107091411
"3190","beta_trend",6083,3184,0,0.361024094916444
"3191","beta_trend",6083,3185,0,0.360939270475226
"3192","beta_trend",6083,3186,0,0.360856642680854
"3193","beta_trend",6083,3187,0,0.360776219409728
"3194","beta_trend",6083,3188,0,0.360698007490827
"3195","beta_trend",6083,3189,0,0.360622012695026
"3196","beta_trend",6083,3190,0,0.360548239724468
"3197","beta_trend",6083,3191,0,0.360476692202006
"3198","beta_trend",6083,3192,0,0.360407372660701
"3199","beta_trend",6083,3193,0,0.360340282533411
"3200","beta_trend",6083,3194,0,0.360275422142458
"3201","beta_trend",6083,3195,0,0.360212790689385
"3202","beta_trend",6083,3196,0,0.360152386244833
"3203","beta_trend",6083,3197,0,0.360094205738512
"3204","beta_trend",6083,3198,0,0.360038244949316
"3205","beta_trend",6083,3199,0,0.359984498495561
"3206","beta_trend",6083,3200,0,0.359932959825379
"3207","beta_trend",6083,3201,0,0.35988362120727
"3208","beta_trend",6083,3202,0,0.359836473720826
"3209","beta_trend",6083,3203,0,0.359791507247645
"3210","beta_trend",6083,3204,0,0.359748710462448
"3211","beta_trend",6083,3205,0,0.359708070824402
"3212","beta_trend",6083,3206,0,0.359669574568685
"3213","beta_trend",6083,3207,0,0.359633206698288
"3214","beta_trend",6083,3208,0,0.359603585220712
"3215","beta_trend",6083,3209,0,0.359571218812449
"3216","beta_trend",6083,3210,0,0.359540936958066
"3217","beta_trend",6083,3211,0,0.359512719314583
"3218","beta_trend",6083,3212,0,0.359486544282565
"3219","beta_trend",6083,3213,0,0.359462388999344
"3220","beta_trend",6083,3214,0,0.359440229332599
"3221","beta_trend",6083,3215,0,0.359420039874342
"3222","beta_trend",6083,3216,0,0.359401793935314
"3223","beta_trend",6083,3217,0,0.359385463539813
"3224","beta_trend",6083,3218,0,0.359371019420966
"3225","beta_trend",6083,3219,0,0.359358431016484
"3226","beta_trend",6083,3220,0,0.359347666464895
"3227","beta_trend",6083,3221,0,0.359338692602291
"3228","beta_trend",6083,3222,0,0.359331474959606
"3229","beta_trend",6083,3223,0,0.359325977760434
"3230","beta_trend",6083,3224,0,0.359322163919427
"3231","beta_trend",6083,3225,0,0.359319995041275
"3232","beta_trend",6083,3226,0,0.359319431420298
"3233","beta_trend",6083,3227,0,0.359320432040667
"3234","beta_trend",6083,3228,0,0.359322954577275
"3235","beta_trend",6083,3229,0,0.359326955397276
"3236","beta_trend",6083,3230,0,0.359332389562322
"3237","beta_trend",6083,3231,0,0.359339210831502
"3238","beta_trend",6083,3232,0,0.359347371665015
"3239","beta_trend",6083,3233,0,0.359356823228598
"3240","beta_trend",6083,3234,0,0.359367515398715
"3241","beta_trend",6083,3235,0,0.359379396768549
"3242","beta_trend",6083,3236,0,0.359392414654795
"3243","beta_trend",6083,3237,0,0.359406515105279
"3244","beta_trend",6083,3238,0,0.359421642907437
"3245","beta_trend",6083,3239,0,0.359437741597651
"3246","beta_trend",6083,3240,0,0.359454753471468
"3247","beta_trend",6083,3241,0,0.359472619594734
"3248","beta_trend",6083,3242,0,0.359491279815631
"3249","beta_trend",6083,3243,0,0.359510672777667
"3250","beta_trend",6083,3244,0,0.359530735933614
"3251","beta_trend",6083,3245,0,0.35955140556041
"3252","beta_trend",6083,3246,0,0.35957261677506
"3253","beta_trend",6083,3247,0,0.359594303551524
"3254","beta_trend",6083,3248,0,0.359616398738634
"3255","beta_trend",6083,3249,0,0.35963883407903
"3256","beta_trend",6083,3250,0,0.359661540229148
"3257","beta_trend",6083,3251,0,0.359684446780253
"3258","beta_trend",6083,3252,0,0.359707482280551
"3259","beta_trend",6083,3253,0,0.359730574258373
"3260","beta_trend",6083,3254,0,0.35975364924645
"3261","beta_trend",6083,3255,0,0.35977663280729
"3262","beta_trend",6083,3256,0,0.35979944955966
"3263","beta_trend",6083,3257,0,0.359822023206186
"3264","beta_trend",6083,3258,0,0.359844276562077
"3265","beta_trend",6083,3259,0,0.359866131584981
"3266","beta_trend",6083,3260,0,0.359887509405972
"3267","beta_trend",6083,3261,0,0.359870676212472
"3268","beta_trend",6083,3262,0,0.359889126683815
"3269","beta_trend",6083,3263,0,0.359906783498192
"3270","beta_trend",6083,3264,0,0.359923561769393
"3271","beta_trend",6083,3265,0,0.359939375843769
"3272","beta_trend",6083,3266,0,0.359954139334362
"3273","beta_trend",6083,3267,0,0.359967765156068
"3274","beta_trend",6083,3268,0,0.359980165561845
"3275","beta_trend",6083,3269,0,0.35999125217995
"3276","beta_trend",6083,3270,0,0.3600009360522
"3277","beta_trend",6083,3271,0,0.360009127673253
"3278","beta_trend",6083,3272,0,0.360015737030899
"3279","beta_trend",6083,3273,0,0.360020673647339
"3280","beta_trend",6083,3274,0,0.360023846621462
"3281","beta_trend",6083,3275,0,0.360025164672093
"3282","beta_trend",6083,3276,0,0.36002453618219
"3283","beta_trend",6083,3277,0,0.360021869244004
"3284","beta_trend",6083,3278,0,0.360017071705151
"3285","beta_trend",6083,3279,0,0.360010051215604
"3286","beta_trend",6083,3280,0,0.360000715275572
"3287","beta_trend",6083,3281,0,0.35998897128426
"3288","beta_trend",6083,3282,0,0.359974726589467
"3289","beta_trend",6083,3283,0,0.359957888538024
"3290","beta_trend",6083,3284,0,0.35993836452703
"3291","beta_trend",6083,3285,0,0.359916062055872
"3292","beta_trend",6083,3286,0,0.359890888779
"3293","beta_trend",6083,3287,0,0.359862752559423
"3294","beta_trend",6083,3288,0,0.35983156152291
"3295","beta_trend",6083,3289,0,0.359797224112856
"3296","beta_trend",6083,3290,0,0.359759649145788
"3297","beta_trend",6083,3291,0,0.359718745867475
"3298","beta_trend",6083,3292,0,0.359674424009611
"3299","beta_trend",6083,3293,0,0.359626593847039
"3300","beta_trend",6083,3294,0,0.359575166255473
"3301","beta_trend",6083,3295,0,0.359520052769691
"3302","beta_trend",6083,3296,0,0.359461165642153
"3303","beta_trend",6083,3297,0,0.359398417902011
"3304","beta_trend",6083,3298,0,0.35933172341447
"3305","beta_trend",6083,3299,0,0.35926099694045
"3306","beta_trend",6083,3300,0,0.359186154196532
"3307","beta_trend",6083,3301,0,0.359107111915107
"3308","beta_trend",6083,3302,0,0.359023787904725
"3309","beta_trend",6083,3303,0,0.358936101110567
"3310","beta_trend",6083,3304,0,0.358868132752366
"3311","beta_trend",6083,3305,0,0.35877041280649
"3312","beta_trend",6083,3306,0,0.358668139215757
"3313","beta_trend",6083,3307,0,0.358561234308709
"3314","beta_trend",6083,3308,0,0.358449621917884
"3315","beta_trend",6083,3309,0,0.358333227437987
"3316","beta_trend",6083,3310,0,0.358211977883922
"3317","beta_trend",6083,3311,0,0.358085801948633
"3318","beta_trend",6083,3312,0,0.357954630060703
"3319","beta_trend",6083,3313,0,0.35781839444165
"3320","beta_trend",6083,3314,0,0.357677029162873
"3321","beta_trend",6083,3315,0,0.3575304702022
"3322","beta_trend",6083,3316,0,0.357378655499961
"3323","beta_trend",6083,3317,0,0.35722152501456
"3324","beta_trend",6083,3318,0,0.357059020777464
"3325","beta_trend",6083,3319,0,0.356891086947575
"3326","beta_trend",6083,3320,0,0.35671766986491
"3327","beta_trend",6083,3321,0,0.356538718103553
"3328","beta_trend",6083,3322,0,0.356354182523802
"3329","beta_trend",6083,3323,0,0.356164016323476
"3330","beta_trend",6083,3324,0,0.355968175088304
"3331","beta_trend",6083,3325,0,0.355766616841361
"3332","beta_trend",6083,3326,0,0.35555930209148
"3333","beta_trend",6083,3327,0,0.355346193880591
"3334","beta_trend",6083,3328,0,0.355127257829932
"3335","beta_trend",6083,3329,0,0.354902462185073
"3336","beta_trend",6083,3330,0,0.354671777859699
"3337","beta_trend",6083,3331,0,0.354435178478104
"3338","beta_trend",6083,3332,0,0.354192640416333
"3339","beta_trend",6083,3333,0,0.353944142841924
"3340","beta_trend",6083,3334,0,0.353689667752196
"3341","beta_trend",6083,3335,0,0.353429200011033
"3342","beta_trend",6083,3336,0,0.353162727384105
"3343","beta_trend",6083,3337,0,0.352890240572489
"3344","beta_trend",6083,3338,0,0.352611733244626
"3345","beta_trend",6083,3339,0,0.352327202066576
"3346","beta_trend",6083,3340,0,0.352036646730514
"3347","beta_trend",6083,3341,0,0.351740069981432
"3348","beta_trend",6083,3342,0,0.351437477641986
"3349","beta_trend",6083,3343,0,0.35112887863546
"3350","beta_trend",6083,3344,0,0.350814285006786
"3351","beta_trend",6083,3345,0,0.350493711941598
"3352","beta_trend",6083,3346,0,0.350167177783261
"3353","beta_trend",6083,3347,0,0.349834704047845
"3354","beta_trend",6083,3348,0,0.349496315437003
"3355","beta_trend",6083,3349,0,0.349152039848725
"3356","beta_trend",6083,3350,0,0.348801908385911
"3357","beta_trend",6083,3351,0,0.348445955362764
"3358","beta_trend",6083,3352,0,0.348084218308935
"3359","beta_trend",6083,3353,0,0.347716737971416
"3360","beta_trend",6083,3354,0,0.347343558314143
"3361","beta_trend",6083,3355,0,0.346964726515281
"3362","beta_trend",6083,3356,0,0.346580292962174
"3363","beta_trend",6083,3357,0,0.346172707767803
"3364","beta_trend",6083,3358,0,0.345776423321543
"3365","beta_trend",6083,3359,0,0.345374672190162
"3366","beta_trend",6083,3360,0,0.344967516070295
"3367","beta_trend",6083,3361,0,0.344555019753514
"3368","beta_trend",6083,3362,0,0.344137251105066
"3369","beta_trend",6083,3363,0,0.343714281040106
"3370","beta_trend",6083,3364,0,0.343286183497425
"3371","beta_trend",6083,3365,0,0.342853035410644
"3372","beta_trend",6083,3366,0,0.342414916676897
"3373","beta_trend",6083,3367,0,0.34197191012298
"3374","beta_trend",6083,3368,0,0.341524101468972
"3375","beta_trend",6083,3369,0,0.341071579289341
"3376","beta_trend",6083,3370,0,0.340614434971517
"3377","beta_trend",6083,3371,0,0.340152762671969
"3378","beta_trend",6083,3372,0,0.339686659269765
"3379","beta_trend",6083,3373,0,0.339216224317657
"3380","beta_trend",6083,3374,0,0.338741559990677
"3381","beta_trend",6083,3375,0,0.338262771032284
"3382","beta_trend",6083,3376,0,0.33777996469807
"3383","beta_trend",6083,3377,0,0.33729325069705
"3384","beta_trend",6083,3378,0,0.33680274113056
"3385","beta_trend",6083,3379,0,0.33630855042879
"3386","beta_trend",6083,3380,0,0.335810795284985
"3387","beta_trend",6083,3381,0,0.335309594587339
"3388","beta_trend",6083,3382,0,0.334805069348623
"3389","beta_trend",6083,3383,0,0.334297342633585
"3390","beta_trend",6083,3384,0,0.333786539484153
"3391","beta_trend",6083,3385,0,0.333272786842496
"3392","beta_trend",6083,3386,0,0.332756213471969
"3393","beta_trend",6083,3387,0,0.332236949876018
"3394","beta_trend",6083,3388,0,0.331715128215056
"3395","beta_trend",6083,3389,0,0.331190882221401
"3396","beta_trend",6083,3390,0,0.330664347112302
"3397","beta_trend",6083,3391,0,0.330135659501121
"3398","beta_trend",6083,3392,0,0.329604957306731
"3399","beta_trend",6083,3393,0,0.329072379661184
"3400","beta_trend",6083,3394,0,0.328538066815725
"3401","beta_trend",6083,3395,0,0.328002160045201
"3402","beta_trend",6083,3396,0,0.327464801550946
"3403","beta_trend",6083,3397,0,0.326926134362209
"3404","beta_trend",6083,3398,0,0.326386302236192
"3405","beta_trend",6083,3399,0,0.325845449556776
"3406","beta_trend",6083,3400,0,0.325303721232014
"3407","beta_trend",6083,3401,0,0.324776294290664
"3408","beta_trend",6083,3402,0,0.324232584978399
"3409","beta_trend",6083,3403,0,0.323688464835712
"3410","beta_trend",6083,3404,0,0.323144078715443
"3411","beta_trend",6083,3405,0,0.322599571506704
"3412","beta_trend",6083,3406,0,0.322055088025313
"3413","beta_trend",6083,3407,0,0.32151077290361
"3414","beta_trend",6083,3408,0,0.320966770479759
"3415","beta_trend",6083,3409,0,0.320423224686604
"3416","beta_trend",6083,3410,0,0.319880278940181
"3417","beta_trend",6083,3411,0,0.319338076027987
"3418","beta_trend",6083,3412,0,0.318796757997082
"3419","beta_trend",6083,3413,0,0.318256466042132
"3420","beta_trend",6083,3414,0,0.317717340393489
"3421","beta_trend",6083,3415,0,0.317179520205398
"3422","beta_trend",6083,3416,0,0.316643143444437
"3423","beta_trend",6083,3417,0,0.316108346778277
"3424","beta_trend",6083,3418,0,0.315575265464879
"3425","beta_trend",6083,3419,0,0.315044033242211
"3426","beta_trend",6083,3420,0,0.314514782218593
"3427","beta_trend",6083,3421,0,0.313987642763774
"3428","beta_trend",6083,3422,0,0.313462743400831
"3429","beta_trend",6083,3423,0,0.31294021069901
"3430","beta_trend",6083,3424,0,0.312420169167584
"3431","beta_trend",6083,3425,0,0.311902741150858
"3432","beta_trend",6083,3426,0,0.311388046724399
"3433","beta_trend",6083,3427,0,0.310876203592605
"3434","beta_trend",6083,3428,0,0.310367326987714
"3435","beta_trend",6083,3429,0,0.30986152957034
"3436","beta_trend",6083,3430,0,0.309358921331657
"3437","beta_trend",6083,3431,0,0.30885960949731
"3438","beta_trend",6083,3432,0,0.308363698433167
"3439","beta_trend",6083,3433,0,0.307871289552994
"3440","beta_trend",6083,3434,0,0.30738248122817
"3441","beta_trend",6083,3435,0,0.306897368699519
"3442","beta_trend",6083,3436,0,0.30641604399136
"3443","beta_trend",6083,3437,0,0.305938595827881
"3444","beta_trend",6083,3438,0,0.305465109551902
"3445","beta_trend",6083,3439,0,0.304995667046145
"3446","beta_trend",6083,3440,0,0.304530346657085
"3447","beta_trend",6083,3441,0,0.304069223121472
"3448","beta_trend",6083,3442,0,0.303612367495612
"3449","beta_trend",6083,3443,0,0.303159847087493
"3450","beta_trend",6083,3444,0,0.302711725391828
"3451","beta_trend",6083,3445,0,0.302268062028108
"3452","beta_trend",6083,3446,0,0.301828912681738
"3453","beta_trend",6083,3447,0,0.301394329048322
"3454","beta_trend",6083,3448,0,0.30096435878119
"3455","beta_trend",6083,3449,0,0.30053904544222
"3456","beta_trend",6083,3450,0,0.300118428456034
"3457","beta_trend",6083,3451,0,0.299702543067628
"3458","beta_trend",6083,3452,0,0.299291420303509
"3459","beta_trend",6083,3453,0,0.298885086936382
"3460","beta_trend",6083,3454,0,0.298447484720519
"3461","beta_trend",6083,3455,0,0.298049132325239
"3462","beta_trend",6083,3456,0,0.297655551732637
"3463","beta_trend",6083,3457,0,0.29726674950258
"3464","beta_trend",6083,3458,0,0.296882727711611
"3465","beta_trend",6083,3459,0,0.296503483936534
"3466","beta_trend",6083,3460,0,0.296129011241794
"3467","beta_trend",6083,3461,0,0.295759298170696
"3468","beta_trend",6083,3462,0,0.295394328740492
"3469","beta_trend",6083,3463,0,0.295034082441361
"3470","beta_trend",6083,3464,0,0.294678534239308
"3471","beta_trend",6083,3465,0,0.294327654583004
"3472","beta_trend",6083,3466,0,0.293981409414578
"3473","beta_trend",6083,3467,0,0.293639760184379
"3474","beta_trend",6083,3468,0,0.293302663869726
"3475","beta_trend",6083,3469,0,0.292970072997624
"3476","beta_trend",6083,3470,0,0.292641935671488
"3477","beta_trend",6083,3471,0,0.292318195601835
"3478","beta_trend",6083,3472,0,0.291998792140971
"3479","beta_trend",6083,3473,0,0.291683660321638
"3480","beta_trend",6083,3474,0,0.291372730899627
"3481","beta_trend",6083,3475,0,0.29106593040033
"3482","beta_trend",6083,3476,0,0.290763181169218
"3483","beta_trend",6083,3477,0,0.290464401426209
"3484","beta_trend",6083,3478,0,0.290169505323917
"3485","beta_trend",6083,3479,0,0.28987840300973
"3486","beta_trend",6083,3480,0,0.289591000691693
"3487","beta_trend",6083,3481,0,0.289307200708161
"3488","beta_trend",6083,3482,0,0.289026901601163
"3489","beta_trend",6083,3483,0,0.288749998193443
"3490","beta_trend",6083,3484,0,0.288476381669133
"3491","beta_trend",6083,3485,0,0.288205939657978
"3492","beta_trend",6083,3486,0,0.287938556323088
"3493","beta_trend",6083,3487,0,0.287674112452132
"3494","beta_trend",6083,3488,0,0.287412485551918
"3495","beta_trend",6083,3489,0,0.287153549946286
"3496","beta_trend",6083,3490,0,0.286897176877258
"3497","beta_trend",6083,3491,0,0.286643234609335
"3498","beta_trend",6083,3492,0,0.286391588536906
"3499","beta_trend",6083,3493,0,0.286142101294647
"3500","beta_trend",6083,3494,0,0.285894632870856
"3501","beta_trend",6083,3495,0,0.285649040723607
"3502","beta_trend",6083,3496,0,0.285405179899661
"3503","beta_trend",6083,3497,0,0.285181383356484
"3504","beta_trend",6083,3498,0,0.284939723520533
"3505","beta_trend",6083,3499,0,0.284699381226006
"3506","beta_trend",6083,3500,0,0.284460201762315
"3507","beta_trend",6083,3501,0,0.284222028689133
"3508","beta_trend",6083,3502,0,0.283984703968028
"3509","beta_trend",6083,3503,0,0.283748068096155
"3510","beta_trend",6083,3504,0,0.283511960241909
"3511","beta_trend",6083,3505,0,0.283276218382394
"3512","beta_trend",6083,3506,0,0.283040679442624
"3513","beta_trend",6083,3507,0,0.282805179436307
"3514","beta_trend",6083,3508,0,0.282569553608096
"3515","beta_trend",6083,3509,0,0.282333636577189
"3516","beta_trend",6083,3510,0,0.282097262482147
"3517","beta_trend",6083,3511,0,0.28186026512679
"3518","beta_trend",6083,3512,0,0.281622478127062
"3519","beta_trend",6083,3513,0,0.281383735058714
"3520","beta_trend",6083,3514,0,0.281143869605683
"3521","beta_trend",6083,3515,0,0.280902715709027
"3522","beta_trend",6083,3516,0,0.280660107716292
"3523","beta_trend",6083,3517,0,0.280415880531149
"3524","beta_trend",6083,3518,0,0.280169869763204
"3525","beta_trend",6083,3519,0,0.2799219118778
"3526","beta_trend",6083,3520,0,0.279671844345709
"3527","beta_trend",6083,3521,0,0.279419505792552
"3528","beta_trend",6083,3522,0,0.279164736147822
"3529","beta_trend",6083,3523,0,0.278907376793364
"3530","beta_trend",6083,3524,0,0.278647270711173
"3531","beta_trend",6083,3525,0,0.278384262630381
"3532","beta_trend",6083,3526,0,0.278118199173283
"3533","beta_trend",6083,3527,0,0.277848929000268
"3534","beta_trend",6083,3528,0,0.277576302953523
"3535","beta_trend",6083,3529,0,0.277300174199369
"3536","beta_trend",6083,3530,0,0.277020398369089
"3537","beta_trend",6083,3531,0,0.276736833698126
"3538","beta_trend",6083,3532,0,0.276449341163504
"3539","beta_trend",6083,3533,0,0.276157784619351
"3540","beta_trend",6083,3534,0,0.275862030930381
"3541","beta_trend",6083,3535,0,0.275561950103222
"3542","beta_trend",6083,3536,0,0.275257415415448
"3543","beta_trend",6083,3537,0,0.274948303542192
"3544","beta_trend",6083,3538,0,0.274634494680229
"3545","beta_trend",6083,3539,0,0.274315872669387
"3546","beta_trend",6083,3540,0,0.273992325111186
"3547","beta_trend",6083,3541,0,0.273663743484569
"3548","beta_trend",6083,3542,0,0.273330023258631
"3549","beta_trend",6083,3543,0,0.272991064002218
"3550","beta_trend",6083,3544,0,0.272646769490288
"3551","beta_trend",6083,3545,0,0.272297047806942
"3552","beta_trend",6083,3546,0,0.271941811444998
"3553","beta_trend",6083,3547,0,0.271580977402035
"3554","beta_trend",6083,3548,0,0.27121446727278
"3555","beta_trend",6083,3549,0,0.27084220733777
"3556","beta_trend",6083,3550,0,0.270439532137371
"3557","beta_trend",6083,3551,0,0.270054436807466
"3558","beta_trend",6083,3552,0,0.269663350174676
"3559","beta_trend",6083,3553,0,0.269266216073563
"3560","beta_trend",6083,3554,0,0.268862983334371
"3561","beta_trend",6083,3555,0,0.268453605845015
"3562","beta_trend",6083,3556,0,0.26803804260871
"3563","beta_trend",6083,3557,0,0.26761625779717
"3564","beta_trend",6083,3558,0,0.267188220799313
"3565","beta_trend",6083,3559,0,0.266753906265413
"3566","beta_trend",6083,3560,0,0.266313294146657
"3567","beta_trend",6083,3561,0,0.265866369730044
"3568","beta_trend",6083,3562,0,0.265413123668585
"3569","beta_trend",6083,3563,0,0.264953552006777
"3570","beta_trend",6083,3564,0,0.264487656201288
"3571","beta_trend",6083,3565,0,0.264015443136851
"3572","beta_trend",6083,3566,0,0.263536925137319
"3573","beta_trend",6083,3567,0,0.263052119971872
"3574","beta_trend",6083,3568,0,0.262561050856344
"3575","beta_trend",6083,3569,0,0.262063746449677
"3576","beta_trend",6083,3570,0,0.261560240845476
"3577","beta_trend",6083,3571,0,0.261050573558668
"3578","beta_trend",6083,3572,0,0.260534789507269
"3579","beta_trend",6083,3573,0,0.260012938989263
"3580","beta_trend",6083,3574,0,0.259485077654598
"3581","beta_trend",6083,3575,0,0.258951266472326
"3582","beta_trend",6083,3576,0,0.258411571692894
"3583","beta_trend",6083,3577,0,0.257866064805621
"3584","beta_trend",6083,3578,0,0.257314822491392
"3585","beta_trend",6083,3579,0,0.256757926570582
"3586","beta_trend",6083,3580,0,0.256195463946287
"3587","beta_trend",6083,3581,0,0.255627526542865
"3588","beta_trend",6083,3582,0,0.255054211239866
"3589","beta_trend",6083,3583,0,0.254475619801388
"3590","beta_trend",6083,3584,0,0.253891858800916
"3591","beta_trend",6083,3585,0,0.253303039541721
"3592","beta_trend",6083,3586,0,0.252709277972859
"3593","beta_trend",6083,3587,0,0.252110694600874
"3594","beta_trend",6083,3588,0,0.251507414397245
"3595","beta_trend",6083,3589,0,0.250899566701685
"3596","beta_trend",6083,3590,0,0.25028728512136
"3597","beta_trend",6083,3591,0,0.249670707426117
"3598","beta_trend",6083,3592,0,0.249049975439818
"3599","beta_trend",6083,3593,0,0.248425234927873
"3600","beta_trend",6083,3594,0,0.247815223392169
"3601","beta_trend",6083,3595,0,0.247182094839963
"3602","beta_trend",6083,3596,0,0.246545452128785
"3603","beta_trend",6083,3597,0,0.245905454227368
"3604","beta_trend",6083,3598,0,0.245262263480162
"3605","beta_trend",6083,3599,0,0.244616045472618
"3606","beta_trend",6083,3600,0,0.243966968893489
"3607","beta_trend",6083,3601,0,0.24331520539428
"3608","beta_trend",6083,3602,0,0.242660929445952
"3609","beta_trend",6083,3603,0,0.242004318193031
"3610","beta_trend",6083,3604,0,0.241345551305234
"3611","beta_trend",6083,3605,0,0.240684810826765
"3612","beta_trend",6083,3606,0,0.240022281023395
"3613","beta_trend",6083,3607,0,0.239358148227494
"3614","beta_trend",6083,3608,0,0.238692600681124
"3615","beta_trend",6083,3609,0,0.238025828377359
"3616","beta_trend",6083,3610,0,0.237358022899979
"3617","beta_trend",6083,3611,0,0.23668937726166
"3618","beta_trend",6083,3612,0,0.236020085740841
"3619","beta_trend",6083,3613,0,0.2353503437174
"3620","beta_trend",6083,3614,0,0.23468034750729
"3621","beta_trend",6083,3615,0,0.234010294196297
"3622","beta_trend",6083,3616,0,0.233340381473073
"3623","beta_trend",6083,3617,0,0.232670807461591
"3624","beta_trend",6083,3618,0,0.23200177055319
"3625","beta_trend",6083,3619,0,0.231333469238356
"3626","beta_trend",6083,3620,0,0.230666101938403
"3627","beta_trend",6083,3621,0,0.229999866837214
"3628","beta_trend",6083,3622,0,0.22933496171319
"3629","beta_trend",6083,3623,0,0.228671583771574
"3630","beta_trend",6083,3624,0,0.228009929477302
"3631","beta_trend",6083,3625,0,0.227350194388547
"3632","beta_trend",6083,3626,0,0.226692572991099
"3633","beta_trend",6083,3627,0,0.226037258533755
"3634","beta_trend",6083,3628,0,0.225384442864857
"3635","beta_trend",6083,3629,0,0.224734316270148
"3636","beta_trend",6083,3630,0,0.224087067312089
"3637","beta_trend",6083,3631,0,0.223442882670795
"3638","beta_trend",6083,3632,0,0.222801946986741
"3639","beta_trend",6083,3633,0,0.222164442705388
"3640","beta_trend",6083,3634,0,0.221530549923871
"3641","beta_trend",6083,3635,0,0.220900446239904
"3642","beta_trend",6083,3636,0,0.220274306603042
"3643","beta_trend",6083,3637,0,0.219652303168443
"3644","beta_trend",6083,3638,0,0.219034605153266
"3645","beta_trend",6083,3639,0,0.218421378695848
"3646","beta_trend",6083,3640,0,0.217812786717797
"3647","beta_trend",6083,3641,0,0.217208988789123
"3648","beta_trend",6083,3642,0,0.216610140996547
"3649","beta_trend",6083,3643,0,0.216016395815107
"3650","beta_trend",6083,3644,0,0.215427901983197
"3651","beta_trend",6083,3645,0,0.214844804381136
"3652","beta_trend",6083,3646,0,0.214267243913416
"3653","beta_trend",6083,3647,0,0.213657116098301
"3654","beta_trend",6083,3648,0,0.213089275500984
"3655","beta_trend",6083,3649,0,0.21252729334871
"3656","beta_trend",6083,3650,0,0.211971290448449
"3657","beta_trend",6083,3651,0,0.211421382986443
"3658","beta_trend",6083,3652,0,0.210877682430869
"3659","beta_trend",6083,3653,0,0.21034029543878
"3660","beta_trend",6083,3654,0,0.209809323767397
"3661","beta_trend",6083,3655,0,0.209284864189846
"3662","beta_trend",6083,3656,0,0.208767008415409
"3663","beta_trend",6083,3657,0,0.208255843014358
"3664","beta_trend",6083,3658,0,0.207751449347449
"3665","beta_trend",6083,3659,0,0.207253903500127
"3666","beta_trend",6083,3660,0,0.206763276221512
"3667","beta_trend",6083,3661,0,0.206279632868212
"3668","beta_trend",6083,3662,0,0.205803033353011
"3669","beta_trend",6083,3663,0,0.205333532098483
"3670","beta_trend",6083,3664,0,0.20487117799557
"3671","beta_trend",6083,3665,0,0.204416014367148
"3672","beta_trend",6083,3666,0,0.203968078936628
"3673","beta_trend",6083,3667,0,0.203527403801601
"3674","beta_trend",6083,3668,0,0.203094015412563
"3675","beta_trend",6083,3669,0,0.202667934556718
"3676","beta_trend",6083,3670,0,0.202249176346877
"3677","beta_trend",6083,3671,0,0.201837750215469
"3678","beta_trend",6083,3672,0,0.201433659913643
"3679","beta_trend",6083,3673,0,0.201036903515475
"3680","beta_trend",6083,3674,0,0.200647473427256
"3681","beta_trend",6083,3675,0,0.20026535640186
"3682","beta_trend",6083,3676,0,0.199890533558166
"3683","beta_trend",6083,3677,0,0.199522980405504
"3684","beta_trend",6083,3678,0,0.199162666873106
"3685","beta_trend",6083,3679,0,0.19880955734453
"3686","beta_trend",6083,3680,0,0.198463610696998
"3687","beta_trend",6083,3681,0,0.198124780345635
"3688","beta_trend",6083,3682,0,0.197793014292537
"3689","beta_trend",6083,3683,0,0.197468255180625
"3690","beta_trend",6083,3684,0,0.197150440352225
"3691","beta_trend",6083,3685,0,0.196839501912317
"3692","beta_trend",6083,3686,0,0.196535366796386
"3693","beta_trend",6083,3687,0,0.196237956842793
"3694","beta_trend",6083,3688,0,0.19594718886961
"3695","beta_trend",6083,3689,0,0.195662974755829
"3696","beta_trend",6083,3690,0,0.195405029625523
"3697","beta_trend",6083,3691,0,0.195132763118215
"3698","beta_trend",6083,3692,0,0.194866794123359
"3699","beta_trend",6083,3693,0,0.194607014211012
"3700","beta_trend",6083,3694,0,0.194353310533651
"3701","beta_trend",6083,3695,0,0.194105565930006
"3702","beta_trend",6083,3696,0,0.193863659032657
"3703","beta_trend",6083,3697,0,0.19362746437928
"3704","beta_trend",6083,3698,0,0.19339685252744
"3705","beta_trend",6083,3699,0,0.193171690172795
"3706","beta_trend",6083,3700,0,0.192951840270618
"3707","beta_trend",6083,3701,0,0.192737162160482
"3708","beta_trend",6083,3702,0,0.192527511694011
"3709","beta_trend",6083,3703,0,0.192322741365555
"3710","beta_trend",6083,3704,0,0.192122700445662
"3711","beta_trend",6083,3705,0,0.191927235117204
"3712","beta_trend",6083,3706,0,0.191736188614044
"3713","beta_trend",6083,3707,0,0.191549401362083
"3714","beta_trend",6083,3708,0,0.191366711122562
"3715","beta_trend",6083,3709,0,0.191187953137472
"3716","beta_trend",6083,3710,0,0.19101296027693
"3717","beta_trend",6083,3711,0,0.190841563188381
"3718","beta_trend",6083,3712,0,0.190673590447475
"3719","beta_trend",6083,3713,0,0.190508868710467
"3720","beta_trend",6083,3714,0,0.190347222868013
"3721","beta_trend",6083,3715,0,0.190188476200181
"3722","beta_trend",6083,3716,0,0.190032450532561
"3723","beta_trend",6083,3717,0,0.189878966393298
"3724","beta_trend",6083,3718,0,0.189727843170907
"3725","beta_trend",6083,3719,0,0.189578899272726
"3726","beta_trend",6083,3720,0,0.189431952283838
"3727","beta_trend",6083,3721,0,0.189286819126329
"3728","beta_trend",6083,3722,0,0.18914331621872
"3729","beta_trend",6083,3723,0,0.189001259635422
"3730","beta_trend",6083,3724,0,0.188860465266077
"3731","beta_trend",6083,3725,0,0.18872074897461
"3732","beta_trend",6083,3726,0,0.188581926757871
"3733","beta_trend",6083,3727,0,0.188443814903698
"3734","beta_trend",6083,3728,0,0.188306230148268
"3735","beta_trend",6083,3729,0,0.188168989832575
"3736","beta_trend",6083,3730,0,0.188031912057912
"3737","beta_trend",6083,3731,0,0.187894815840191
"3738","beta_trend",6083,3732,0,0.187757521262973
"3739","beta_trend",6083,3733,0,0.18761984962907
"3740","beta_trend",6083,3734,0,0.187481623610572
"3741","beta_trend",6083,3735,0,0.187342667397172
"3742","beta_trend",6083,3736,0,0.187202806842649
"3743","beta_trend",6083,3737,0,0.187061869609383
"3744","beta_trend",6083,3738,0,0.186919685310771
"3745","beta_trend",6083,3739,0,0.186776085651418
"3746","beta_trend",6083,3740,0,0.186630904564984
"3747","beta_trend",6083,3741,0,0.186483978349551
"3748","beta_trend",6083,3742,0,0.186335145800419
"3749","beta_trend",6083,3743,0,0.186155286724471
"3750","beta_trend",6083,3744,0,0.186000833370402
"3751","beta_trend",6083,3745,0,0.185843948295537
"3752","beta_trend",6083,3746,0,0.185684479202748
"3753","beta_trend",6083,3747,0,0.185522276825807
"3754","beta_trend",6083,3748,0,0.185357195041447
"3755","beta_trend",6083,3749,0,0.185189090978037
"3756","beta_trend",6083,3750,0,0.18501782512075
"3757","beta_trend",6083,3751,0,0.184843261413157
"3758","beta_trend",6083,3752,0,0.184665267355156
"3759","beta_trend",6083,3753,0,0.18448371409715
"3760","beta_trend",6083,3754,0,0.184298476530405
"3761","beta_trend",6083,3755,0,0.184109433373515
"3762","beta_trend",6083,3756,0,0.183916467254897
"3763","beta_trend",6083,3757,0,0.183719464791265
"3764","beta_trend",6083,3758,0,0.183518316662013
"3765","beta_trend",6083,3759,0,0.183312917679455
"3766","beta_trend",6083,3760,0,0.183103166854874
"3767","beta_trend",6083,3761,0,0.182888967460327
"3768","beta_trend",6083,3762,0,0.182670227086168
"3769","beta_trend",6083,3763,0,0.182446857694252
"3770","beta_trend",6083,3764,0,0.182218775666781
"3771","beta_trend",6083,3765,0,0.18198590185077
"3772","beta_trend",6083,3766,0,0.181748161598105
"3773","beta_trend",6083,3767,0,0.181505484801175
"3774","beta_trend",6083,3768,0,0.181257805924057
"3775","beta_trend",6083,3769,0,0.181005064029255
"3776","beta_trend",6083,3770,0,0.180747202799972
"3777","beta_trend",6083,3771,0,0.180484170557931
"3778","beta_trend",6083,3772,0,0.180215920276724
"3779","beta_trend",6083,3773,0,0.179942409590727
"3780","beta_trend",6083,3774,0,0.179663600799564
"3781","beta_trend",6083,3775,0,0.179379460868152
"3782","beta_trend",6083,3776,0,0.179089961422351
"3783","beta_trend",6083,3777,0,0.178795078740223
"3784","beta_trend",6083,3778,0,0.178494793738961
"3785","beta_trend",6083,3779,0,0.178189091957497
"3786","beta_trend",6083,3780,0,0.177877963534828
"3787","beta_trend",6083,3781,0,0.177561403184128
"3788","beta_trend",6083,3782,0,0.177239410162653
"3789","beta_trend",6083,3783,0,0.176911988237526
"3790","beta_trend",6083,3784,0,0.176579145647433
"3791","beta_trend",6083,3785,0,0.1762408950603
"3792","beta_trend",6083,3786,0,0.175897253527007
"3793","beta_trend",6083,3787,0,0.175562745309489
"3794","beta_trend",6083,3788,0,0.175207747891671
"3795","beta_trend",6083,3789,0,0.174847463447361
"3796","beta_trend",6083,3790,0,0.174481924954456
"3797","beta_trend",6083,3791,0,0.174111169524365
"3798","beta_trend",6083,3792,0,0.173735238332191
"3799","beta_trend",6083,3793,0,0.173354176543535
"3800","beta_trend",6083,3794,0,0.172968033238
"3801","beta_trend",6083,3795,0,0.172576861329498
"3802","beta_trend",6083,3796,0,0.172180717483443
"3803","beta_trend",6083,3797,0,0.171779662030947
"3804","beta_trend",6083,3798,0,0.171373758880101
"3805","beta_trend",6083,3799,0,0.170963075424456
"3806","beta_trend",6083,3800,0,0.170547682448812
"3807","beta_trend",6083,3801,0,0.170127654032409
"3808","beta_trend",6083,3802,0,0.169703067449657
"3809","beta_trend",6083,3803,0,0.169274003068491
"3810","beta_trend",6083,3804,0,0.168840544246483
"3811","beta_trend",6083,3805,0,0.168402777224825
"3812","beta_trend",6083,3806,0,0.167960791020303
"3813","beta_trend",6083,3807,0,0.167514677315371
"3814","beta_trend",6083,3808,0,0.167064530346472
"3815","beta_trend",6083,3809,0,0.166610446790701
"3816","beta_trend",6083,3810,0,0.166152525650956
"3817","beta_trend",6083,3811,0,0.165690868139695
"3818","beta_trend",6083,3812,0,0.165225577561426
"3819","beta_trend",6083,3813,0,0.164756759194055
"3820","beta_trend",6083,3814,0,0.164284520169235
"3821","beta_trend",6083,3815,0,0.163808969351821
"3822","beta_trend",6083,3816,0,0.163330217218586
"3823","beta_trend",6083,3817,0,0.162848375736309
"3824","beta_trend",6083,3818,0,0.162363558239376
"3825","beta_trend",6083,3819,0,0.161875879307021
"3826","beta_trend",6083,3820,0,0.161385454640337
"3827","beta_trend",6083,3821,0,0.160892400939186
"3828","beta_trend",6083,3822,0,0.160396835779141
"3829","beta_trend",6083,3823,0,0.159898877488586
"3830","beta_trend",6083,3824,0,0.159398645026104
"3831","beta_trend",6083,3825,0,0.158896257858279
"3832","beta_trend",6083,3826,0,0.158391835838044
"3833","beta_trend",6083,3827,0,0.157885499083695
"3834","beta_trend",6083,3828,0,0.157377367858702
"3835","beta_trend",6083,3829,0,0.156867562452426
"3836","beta_trend",6083,3830,0,0.156356203061894
"3837","beta_trend",6083,3831,0,0.155843409674718
"3838","beta_trend",6083,3832,0,0.155329301953297
"3839","beta_trend",6083,3833,0,0.154813999120424
"3840","beta_trend",6083,3834,0,0.154297619846396
"3841","beta_trend",6083,3835,0,0.153780282137752
"3842","beta_trend",6083,3836,0,0.15326210322775
"3843","beta_trend",6083,3837,0,0.152743199468696
"3844","beta_trend",6083,3838,0,0.152223686226215
"3845","beta_trend",6083,3839,0,0.151703677775592
"3846","beta_trend",6083,3840,0,0.151151900451196
"3847","beta_trend",6083,3841,0,0.150629794313747
"3848","beta_trend",6083,3842,0,0.150107465504208
"3849","beta_trend",6083,3843,0,0.149585020404353
"3850","beta_trend",6083,3844,0,0.149062563727335
"3851","beta_trend",6083,3845,0,0.148540198425306
"3852","beta_trend",6083,3846,0,0.148018025599669
"3853","beta_trend",6083,3847,0,0.147496144414033
"3854","beta_trend",6083,3848,0,0.14697465200997
"3855","beta_trend",6083,3849,0,0.14645364342562
"3856","beta_trend",6083,3850,0,0.145933211517246
"3857","beta_trend",6083,3851,0,0.145413446883779
"3858","beta_trend",6083,3852,0,0.144894437794432
"3859","beta_trend",6083,3853,0,0.144376270119445
"3860","beta_trend",6083,3854,0,0.143859027264009
"3861","beta_trend",6083,3855,0,0.143342790105432
"3862","beta_trend",6083,3856,0,0.142827636933592
"3863","beta_trend",6083,3857,0,0.142313643394721
"3864","beta_trend",6083,3858,0,0.141800882438578
"3865","beta_trend",6083,3859,0,0.14128942426902
"3866","beta_trend",6083,3860,0,0.140779336298046
"3867","beta_trend",6083,3861,0,0.140270683103308
"3868","beta_trend",6083,3862,0,0.139763526389146
"3869","beta_trend",6083,3863,0,0.139257924951152
"3870","beta_trend",6083,3864,0,0.138753934644291
"3871","beta_trend",6083,3865,0,0.138251608354596
"3872","beta_trend",6083,3866,0,0.137750995974452
"3873","beta_trend",6083,3867,0,0.137252144381472
"3874","beta_trend",6083,3868,0,0.136755097420967
"3875","beta_trend",6083,3869,0,0.13625989589203
"3876","beta_trend",6083,3870,0,0.135766577537206
"3877","beta_trend",6083,3871,0,0.135275177035769
"3878","beta_trend",6083,3872,0,0.134785726000565
"3879","beta_trend",6083,3873,0,0.134298252978443
"3880","beta_trend",6083,3874,0,0.133812783454223
"3881","beta_trend",6083,3875,0,0.133329339858207
"3882","beta_trend",6083,3876,0,0.132847941577194
"3883","beta_trend",6083,3877,0,0.13236860496897
"3884","beta_trend",6083,3878,0,0.131891343380252
"3885","beta_trend",6083,3879,0,0.131416167168045
"3886","beta_trend",6083,3880,0,0.130943083724373
"3887","beta_trend",6083,3881,0,0.130472097504341
"3888","beta_trend",6083,3882,0,0.130003210057489
"3889","beta_trend",6083,3883,0,0.129565692468622
"3890","beta_trend",6083,3884,0,0.12909970073787
"3891","beta_trend",6083,3885,0,0.128635849689828
"3892","beta_trend",6083,3886,0,0.128174127488527
"3893","beta_trend",6083,3887,0,0.127714519674832
"3894","beta_trend",6083,3888,0,0.127257009213828
"3895","beta_trend",6083,3889,0,0.126801576545167
"3896","beta_trend",6083,3890,0,0.126348199636309
"3897","beta_trend",6083,3891,0,0.125896854038579
"3898","beta_trend",6083,3892,0,0.125447512945966
"3899","beta_trend",6083,3893,0,0.125000147256586
"3900","beta_trend",6083,3894,0,0.124554725636732
"3901","beta_trend",6083,3895,0,0.124111214587421
"3902","beta_trend",6083,3896,0,0.12366957851336
"3903","beta_trend",6083,3897,0,0.123229779794244
"3904","beta_trend",6083,3898,0,0.122791778858289
"3905","beta_trend",6083,3899,0,0.12235553425792
"3906","beta_trend",6083,3900,0,0.121921002747518
"3907","beta_trend",6083,3901,0,0.121488139363125
"3908","beta_trend",6083,3902,0,0.12105689750402
"3909","beta_trend",6083,3903,0,0.120627229016071
"3910","beta_trend",6083,3904,0,0.120199084276751
"3911","beta_trend",6083,3905,0,0.119772412281733
"3912","beta_trend",6083,3906,0,0.119347160732959
"3913","beta_trend",6083,3907,0,0.118923276128071
"3914","beta_trend",6083,3908,0,0.11850070385112
"3915","beta_trend",6083,3909,0,0.118079388264434
"3916","beta_trend",6083,3910,0,0.117659272801549
"3917","beta_trend",6083,3911,0,0.117240300061093
"3918","beta_trend",6083,3912,0,0.116822411901524
"3919","beta_trend",6083,3913,0,0.116405549536613
"3920","beta_trend",6083,3914,0,0.115989653631566
"3921","beta_trend",6083,3915,0,0.115574664399677
"3922","beta_trend",6083,3916,0,0.115160521699417
"3923","beta_trend",6083,3917,0,0.114747165131838
"3924","beta_trend",6083,3918,0,0.114334534138198
"3925","beta_trend",6083,3919,0,0.113922568097696
"3926","beta_trend",6083,3920,0,0.113511206425217
"3927","beta_trend",6083,3921,0,0.113100388668981
"3928","beta_trend",6083,3922,0,0.112690054607982
"3929","beta_trend",6083,3923,0,0.112280144349141
"3930","beta_trend",6083,3924,0,0.111870598424037
"3931","beta_trend",6083,3925,0,0.111461357885144
"3932","beta_trend",6083,3926,0,0.111052364401459
"3933","beta_trend",6083,3927,0,0.110643560353422
"3934","beta_trend",6083,3928,0,0.110234888927038
"3935","beta_trend",6083,3929,0,0.109826294207106
"3936","beta_trend",6083,3930,0,0.10941772126944
"3937","beta_trend",6083,3931,0,0.109009116272026
"3938","beta_trend",6083,3932,0,0.108600426544983
"3939","beta_trend",6083,3933,0,0.108191600679268
"3940","beta_trend",6083,3934,0,0.107782588614027
"3941","beta_trend",6083,3935,0,0.107373341722498
"3942","beta_trend",6083,3936,0,0.106924464553217
"3943","beta_trend",6083,3937,0,0.106512794069856
"3944","beta_trend",6083,3938,0,0.106100673440852
"3945","beta_trend",6083,3939,0,0.105688057404337
"3946","beta_trend",6083,3940,0,0.105274902418559
"3947","beta_trend",6083,3941,0,0.104861166733502
"3948","beta_trend",6083,3942,0,0.104446810460404
"3949","beta_trend",6083,3943,0,0.104031795639121
"3950","beta_trend",6083,3944,0,0.103616086303246
"3951","beta_trend",6083,3945,0,0.103199648542941
"3952","beta_trend",6083,3946,0,0.102782450565403
"3953","beta_trend",6083,3947,0,0.102364462752906
"3954","beta_trend",6083,3948,0,0.101945657718371
"3955","beta_trend",6083,3949,0,0.101526010358402
"3956","beta_trend",6083,3950,0,0.10110549790373
"3957","beta_trend",6083,3951,0,0.100684099967041
"3958","beta_trend",6083,3952,0,0.100261798588102
"3959","beta_trend",6083,3953,0,0.0998385782761869
"3960","beta_trend",6083,3954,0,0.0994144260497241
"3961","beta_trend",6083,3955,0,0.0989893314731561
"3962","beta_trend",6083,3956,0,0.0985632866909605
"3963","beta_trend",6083,3957,0,0.0981362864588082
"3964","beta_trend",6083,3958,0,0.0977083281718314
"3965","beta_trend",6083,3959,0,0.0972794118899732
"3966","beta_trend",6083,3960,0,0.0968495403604018
"3967","beta_trend",6083,3961,0,0.0964187190369656
"3968","beta_trend",6083,3962,0,0.0959869560966773
"3969","beta_trend",6083,3963,0,0.0955542624532136
"3970","beta_trend",6083,3964,0,0.0951206517674218
"3971","beta_trend",6083,3965,0,0.0946861404548253
"3972","beta_trend",6083,3966,0,0.0942507476901276
"3973","beta_trend",6083,3967,0,0.093814495408713
"3974","beta_trend",6083,3968,0,0.0933774083051477
"3975","beta_trend",6083,3969,0,0.0929395138286868
"3976","beta_trend",6083,3970,0,0.0925008421757993
"3977","beta_trend",6083,3971,0,0.0920614262797185
"3978","beta_trend",6083,3972,0,0.0916213017970363
"3979","beta_trend",6083,3973,0,0.0911805070913613
"3980","beta_trend",6083,3974,0,0.0907390832140558
"3981","beta_trend",6083,3975,0,0.0902970738820821
"3982","beta_trend",6083,3976,0,0.0898545254529812
"3983","beta_trend",6083,3977,0,0.0894114868970146
"3984","beta_trend",6083,3978,0,0.088968009766502
"3985","beta_trend",6083,3979,0,0.0885241481623904
"3986","beta_trend",6083,3980,0,0.0880926248899893
"3987","beta_trend",6083,3981,0,0.0876476056525692
"3988","beta_trend",6083,3982,0,0.0872024027274598
"3989","beta_trend",6083,3983,0,0.0867570790918956
"3990","beta_trend",6083,3984,0,0.0863117000984424
"3991","beta_trend",6083,3985,0,0.0858663334247128
"3992","beta_trend",6083,3986,0,0.0854210490206634
"3993","beta_trend",6083,3987,0,0.0849759190535279
"3994","beta_trend",6083,3988,0,0.0845310178504428
"3995","beta_trend",6083,3989,0,0.0840864218388278
"3996","beta_trend",6083,3990,0,0.0836422094845742
"3997","beta_trend",6083,3991,0,0.083198461228114
"3998","beta_trend",6083,3992,0,0.0827552594184251
"3999","beta_trend",6083,3993,0,0.0823126882450465
"4000","beta_trend",6083,3994,0,0.0818708336681695
"4001","beta_trend",6083,3995,0,0.0814297833468746
"4002","beta_trend",6083,3996,0,0.0809896265655861
"4003","beta_trend",6083,3997,0,0.0805504541588196
"4004","beta_trend",6083,3998,0,0.0801123584342964
"4005","beta_trend",6083,3999,0,0.0796754330945012
"4006","beta_trend",6083,4000,0,0.0792397731567595
"4007","beta_trend",6083,4001,0,0.0788054748719175
"4008","beta_trend",6083,4002,0,0.0783726356417014
"4009","beta_trend",6083,4003,0,0.0779413539348374
"4010","beta_trend",6083,4004,0,0.077511729202018
"4011","beta_trend",6083,4005,0,0.0770838617897925
"4012","beta_trend",6083,4006,0,0.0766578528534713
"4013","beta_trend",6083,4007,0,0.0762338042691242
"4014","beta_trend",6083,4008,0,0.0758118185447607
"4015","beta_trend",6083,4009,0,0.075391998730778
"4016","beta_trend",6083,4010,0,0.0749744483297612
"4017","beta_trend",6083,4011,0,0.0745592712057257
"4018","beta_trend",6083,4012,0,0.0741465714928846
"4019","beta_trend",6083,4013,0,0.073736453504035
"4020","beta_trend",6083,4014,0,0.0733290216386419
"4021","beta_trend",6083,4015,0,0.0729243802907158
"4022","beta_trend",6083,4016,0,0.0725226337565653
"4023","beta_trend",6083,4017,0,0.0721238861425152
"4024","beta_trend",6083,4018,0,0.0717282412726779
"4025","beta_trend",6083,4019,0,0.0713358025968601
"4026","beta_trend",6083,4020,0,0.0709466730986981
"4027","beta_trend",6083,4021,0,0.0705609552041024
"4028","beta_trend",6083,4022,0,0.0701787506901005
"4029","beta_trend",6083,4023,0,0.0698001605941592
"4030","beta_trend",6083,4024,0,0.0694252851240758
"4031","beta_trend",6083,4025,0,0.0690542235685161
"4032","beta_trend",6083,4026,0,0.068687074208286
"4033","beta_trend",6083,4027,0,0.0683239342284165
"4034","beta_trend",6083,4028,0,0.0679648996311426
"4035","beta_trend",6083,4029,0,0.0676100651498569
"4036","beta_trend",6083,4030,0,0.0672595241641166
"4037","beta_trend",6083,4031,0,0.0669133686157793
"4038","beta_trend",6083,4032,0,0.0665716889263461
"4039","beta_trend",6083,4033,0,0.0661988093115726
"4040","beta_trend",6083,4034,0,0.0658646991083485
"4041","beta_trend",6083,4035,0,0.0655352545855798
"4042","beta_trend",6083,4036,0,0.0652105563877596
"4043","beta_trend",6083,4037,0,0.0648906831388355
"4044","beta_trend",6083,4038,0,0.0645757113647423
"4045","beta_trend",6083,4039,0,0.0642657154175355
"4046","beta_trend",6083,4040,0,0.0639607674011818
"4047","beta_trend",6083,4041,0,0.0636609370990734
"4048","beta_trend",6083,4042,0,0.0633662919033187
"4049","beta_trend",6083,4043,0,0.0630768967458702
"4050","beta_trend",6083,4044,0,0.0627928140315409
"4051","beta_trend",6083,4045,0,0.0625141035729634
"4052","beta_trend",6083,4046,0,0.0622408225275437
"4053","beta_trend",6083,4047,0,0.0619730253364535
"4054","beta_trend",6083,4048,0,0.061710763665713
"4055","beta_trend",6083,4049,0,0.0614540863494066
"4056","beta_trend",6083,4050,0,0.0612030393350715
"4057","beta_trend",6083,4051,0,0.0609576656313042
"4058","beta_trend",6083,4052,0,0.0607180052576191
"4059","beta_trend",6083,4053,0,0.0604840951965967
"4060","beta_trend",6083,4054,0,0.060255969348356
"4061","beta_trend",6083,4055,0,0.060033658487381
"4062","beta_trend",6083,4056,0,0.0598171902217322
"4063","beta_trend",6083,4057,0,0.0596065889546696
"4064","beta_trend",6083,4058,0,0.0594018758487125
"4065","beta_trend",6083,4059,0,0.059203068792158
"4066","beta_trend",6083,4060,0,0.0590101823680811
"4067","beta_trend",6083,4061,0,0.0588232278258317
"4068","beta_trend",6083,4062,0,0.0586422130550462
"4069","beta_trend",6083,4063,0,0.0584671425621897
"4070","beta_trend",6083,4064,0,0.0582980174496341
"4071","beta_trend",6083,4065,0,0.0581348353972907
"4072","beta_trend",6083,4066,0,0.0579775906467952
"4073","beta_trend",6083,4067,0,0.0578262739882577
"4074","beta_trend",6083,4068,0,0.0576808727495763
"4075","beta_trend",6083,4069,0,0.0575413707883176
"4076","beta_trend",6083,4070,0,0.0574077484861593
"4077","beta_trend",6083,4071,0,0.0572799827458973
"4078","beta_trend",6083,4072,0,0.0571580469910042
"4079","beta_trend",6083,4073,0,0.0570419111677406
"4080","beta_trend",6083,4074,0,0.0569315417497989
"4081","beta_trend",6083,4075,0,0.0568269017454802
"4082","beta_trend",6083,4076,0,0.0567636355383655
"4083","beta_trend",6083,4077,0,0.056668751032231
"4084","beta_trend",6083,4078,0,0.0565795305002224
"4085","beta_trend",6083,4079,0,0.0564959206020695
"4086","beta_trend",6083,4080,0,0.0564178647004917
"4087","beta_trend",6083,4081,0,0.0563453028800397
"4088","beta_trend",6083,4082,0,0.0562781719684201
"4089","beta_trend",6083,4083,0,0.0562164055602719
"4090","beta_trend",6083,4084,0,0.0561599340433694
"4091","beta_trend",6083,4085,0,0.0561086846272154
"4092","beta_trend",6083,4086,0,0.0560625813739938
"4093","beta_trend",6083,4087,0,0.0560215452318454
"4094","beta_trend",6083,4088,0,0.0559854940704336
"4095","beta_trend",6083,4089,0,0.0559543427187583
"4096","beta_trend",6083,4090,0,0.0559280030051821
"4097","beta_trend",6083,4091,0,0.0559063837996271
"4098","beta_trend",6083,4092,0,0.0558893910579016
"4099","beta_trend",6083,4093,0,0.0558769278681118
"4100","beta_trend",6083,4094,0,0.0558688944991182
"4101","beta_trend",6083,4095,0,0.0558651884509876
"4102","beta_trend",6083,4096,0,0.0558657045073968
"4103","beta_trend",6083,4097,0,0.0558703347899414
"4104","beta_trend",6083,4098,0,0.0558789688142985
"4105","beta_trend",6083,4099,0,0.0558914935481993
"4106","beta_trend",6083,4100,0,0.055907793471155
"4107","beta_trend",6083,4101,0,0.0559277506358926
"4108","beta_trend",6083,4102,0,0.0559512447314428
"4109","beta_trend",6083,4103,0,0.0559781531478325
"4110","beta_trend",6083,4104,0,0.0560083510423267
"4111","beta_trend",6083,4105,0,0.0560417114071674
"4112","beta_trend",6083,4106,0,0.0560781051387536
"4113","beta_trend",6083,4107,0,0.0561174011082132
"4114","beta_trend",6083,4108,0,0.0561594662333051
"4115","beta_trend",6083,4109,0,0.0562041655516025
"4116","beta_trend",6083,4110,0,0.0562513622948974
"4117","beta_trend",6083,4111,0,0.0563009179647745
"4118","beta_trend",6083,4112,0,0.0563526924092946
"4119","beta_trend",6083,4113,0,0.0564065439007342
"4120","beta_trend",6083,4114,0,0.0564623292143259
"4121","beta_trend",6083,4115,0,0.0565199037079385
"4122","beta_trend",6083,4116,0,0.0565791214026464
"4123","beta_trend",6083,4117,0,0.0566398350641285
"4124","beta_trend",6083,4118,0,0.0567018962848405
"4125","beta_trend",6083,4119,0,0.0567651555669075
"4126","beta_trend",6083,4120,0,0.0568294624056754
"4127","beta_trend",6083,4121,0,0.0568946653738726
"4128","beta_trend",6083,4122,0,0.0569606122063201
"4129","beta_trend",6083,4123,0,0.0570271498851393
"4130","beta_trend",6083,4124,0,0.0570941247254001
"4131","beta_trend",6083,4125,0,0.0571613824611555
"4132","beta_trend",6083,4126,0,0.0572287683318112
"4133","beta_trend",6083,4127,0,0.0572961271687712
"4134","beta_trend",6083,4128,0,0.0573633034823136
"4135","beta_trend",6083,4129,0,0.0573985107104149
"4136","beta_trend",6083,4130,0,0.0574633960960668
"4137","beta_trend",6083,4131,0,0.0575275680088402
"4138","beta_trend",6083,4132,0,0.0575908679734491
"4139","beta_trend",6083,4133,0,0.0576531375336777
"4140","beta_trend",6083,4134,0,0.0577142183363465
"4141","beta_trend",6083,4135,0,0.0577739522150614
"4142","beta_trend",6083,4136,0,0.0578321812736934
"4143","beta_trend",6083,4137,0,0.0578887479695434
"4144","beta_trend",6083,4138,0,0.0579434951961405
"4145","beta_trend",6083,4139,0,0.0579962663656302
"4146","beta_trend",6083,4140,0,0.0580469054906996
"4147","beta_trend",6083,4141,0,0.0580952572660031
"4148","beta_trend",6083,4142,0,0.0581411671490339
"4149","beta_trend",6083,4143,0,0.0581844814404072
"4150","beta_trend",6083,4144,0,0.0582250473635005
"4151","beta_trend",6083,4145,0,0.0582627131434211
"4152","beta_trend",6083,4146,0,0.0582973280852511
"4153","beta_trend",6083,4147,0,0.0583287426515327
"4154","beta_trend",6083,4148,0,0.0583568085389539
"4155","beta_trend",6083,4149,0,0.0583813787541985
"4156","beta_trend",6083,4150,0,0.0584023076889197
"4157","beta_trend",6083,4151,0,0.0584194511938032
"4158","beta_trend",6083,4152,0,0.0584326666516837
"4159","beta_trend",6083,4153,0,0.0584418130496821
"4160","beta_trend",6083,4154,0,0.0584467510503283
"4161","beta_trend",6083,4155,0,0.0584473430616372
"4162","beta_trend",6083,4156,0,0.0584434533061104
"4163","beta_trend",6083,4157,0,0.0584349478886275
"4164","beta_trend",6083,4158,0,0.058421694863204
"4165","beta_trend",6083,4159,0,0.058403564298584
"4166","beta_trend",6083,4160,0,0.0583804283426416
"4167","beta_trend",6083,4161,0,0.0583521612855656
"4168","beta_trend",6083,4162,0,0.0583186396218019
"4169","beta_trend",6083,4163,0,0.0582797421107317
"4170","beta_trend",6083,4164,0,0.0582353498360574
"4171","beta_trend",6083,4165,0,0.0581853462638823
"4172","beta_trend",6083,4166,0,0.0581296172994573
"4173","beta_trend",6083,4167,0,0.0580680513425749
"4174","beta_trend",6083,4168,0,0.0580005393415967
"4175","beta_trend",6083,4169,0,0.0579269748460906
"4176","beta_trend",6083,4170,0,0.0578472540580666
"4177","beta_trend",6083,4171,0,0.0577612758817886
"4178","beta_trend",6083,4172,0,0.0576689419721557
"4179","beta_trend",6083,4173,0,0.0575868744200787
"4180","beta_trend",6083,4174,0,0.0574808048853103
"4181","beta_trend",6083,4175,0,0.0573681326445487
"4182","beta_trend",6083,4176,0,0.0572487695829923
"4183","beta_trend",6083,4177,0,0.057122630601225
"4184","beta_trend",6083,4178,0,0.0569896336532449
"4185","beta_trend",6083,4179,0,0.0568496997830265
"4186","beta_trend",6083,4180,0,0.0567027531596024
"4187","beta_trend",6083,4181,0,0.0565487211106628
"4188","beta_trend",6083,4182,0,0.0563875341546608
"4189","beta_trend",6083,4183,0,0.0562191260314212
"4190","beta_trend",6083,4184,0,0.0560434337312474
"4191","beta_trend",6083,4185,0,0.0558603975225205
"4192","beta_trend",6083,4186,0,0.055669960977791
"4193","beta_trend",6083,4187,0,0.0554720709983552
"4194","beta_trend",6083,4188,0,0.0552666778373204
"4195","beta_trend",6083,4189,0,0.055053735121155
"4196","beta_trend",6083,4190,0,0.0548331998697217
"4197","beta_trend",6083,4191,0,0.0546050325148005
"4198","beta_trend",6083,4192,0,0.0543691969170934
"4199","beta_trend",6083,4193,0,0.054125660381724
"4200","beta_trend",6083,4194,0,0.0538743936722246
"4201","beta_trend",6083,4195,0,0.0536153710230209
"4202","beta_trend",6083,4196,0,0.0533485701504164
"4203","beta_trend",6083,4197,0,0.0530739722620783
"4204","beta_trend",6083,4198,0,0.0527915620650374
"4205","beta_trend",6083,4199,0,0.0525013277722001
"4206","beta_trend",6083,4200,0,0.0522032611073838
"4207","beta_trend",6083,4201,0,0.0518973573088827
"4208","beta_trend",6083,4202,0,0.0515836151315706
"4209","beta_trend",6083,4203,0,0.0512620368475488
"4210","beta_trend",6083,4204,0,0.0509326282453503
"4211","beta_trend",6083,4205,0,0.0505953986277072
"4212","beta_trend",6083,4206,0,0.0502503608078927
"4213","beta_trend",6083,4207,0,0.0498975311046499
"4214","beta_trend",6083,4208,0,0.0495369293357134
"4215","beta_trend",6083,4209,0,0.0491685788099425
"4216","beta_trend",6083,4210,0,0.0487925063180719
"4217","beta_trend",6083,4211,0,0.0484087421220952
"4218","beta_trend",6083,4212,0,0.0480173199432945
"4219","beta_trend",6083,4213,0,0.0476182769489297
"4220","beta_trend",6083,4214,0,0.0472116537375993
"4221","beta_trend",6083,4215,0,0.0467974943232892
"4222","beta_trend",6083,4216,0,0.046375846118125
"4223","beta_trend",6083,4217,0,0.0459467599138405
"4224","beta_trend",6083,4218,0,0.0455102898619796
"4225","beta_trend",6083,4219,0,0.0450664934528479
"4226","beta_trend",6083,4220,0,0.0446154314932303
"4227","beta_trend",6083,4221,0,0.0441571680828908
"4228","beta_trend",6083,4222,0,0.0436917705898717
"4229","beta_trend",6083,4223,0,0.0432193096246115
"4230","beta_trend",6083,4224,0,0.0427398590128977
"4231","beta_trend",6083,4225,0,0.0422534957676728
"4232","beta_trend",6083,4226,0,0.0417228899321553
"4233","beta_trend",6083,4227,0,0.04122122206553
"4234","beta_trend",6083,4228,0,0.0407128166052241
"4235","beta_trend",6083,4229,0,0.0401977599784157
"4236","beta_trend",6083,4230,0,0.0396761415293634
"4237","beta_trend",6083,4231,0,0.0391480534810039
"4238","beta_trend",6083,4232,0,0.0386135908954368
"4239","beta_trend",6083,4233,0,0.0380728516333154
"4240","beta_trend",6083,4234,0,0.0375259363121609
"4241","beta_trend",6083,4235,0,0.0369729482636211
"4242","beta_trend",6083,4236,0,0.0364139934896929
"4243","beta_trend",6083,4237,0,0.0358491806179269
"4244","beta_trend",6083,4238,0,0.0352786208556373
"4245","beta_trend",6083,4239,0,0.0347024279431341
"4246","beta_trend",6083,4240,0,0.0341207181060018
"4247","beta_trend",6083,4241,0,0.0335336100064434
"4248","beta_trend",6083,4242,0,0.0329412246937107
"4249","beta_trend",6083,4243,0,0.0323436855536449
"4250","beta_trend",6083,4244,0,0.0317411182573464
"4251","beta_trend",6083,4245,0,0.0311336507089985
"4252","beta_trend",6083,4246,0,0.0305214129928645
"4253","beta_trend",6083,4247,0,0.0299045373194841
"4254","beta_trend",6083,4248,0,0.029283157971089
"4255","beta_trend",6083,4249,0,0.0286574112462626
"4256","beta_trend",6083,4250,0,0.0280274354038658
"4257","beta_trend",6083,4251,0,0.027393370606254
"4258","beta_trend",6083,4252,0,0.0267553588618085
"4259","beta_trend",6083,4253,0,0.0261135439668042
"4260","beta_trend",6083,4254,0,0.0254680714466433
"4261","beta_trend",6083,4255,0,0.0248190884964729
"4262","beta_trend",6083,4256,0,0.0241667439212155
"4263","beta_trend",6083,4257,0,0.0235111880750367
"4264","beta_trend",6083,4258,0,0.0228525728002746
"4265","beta_trend",6083,4259,0,0.0221910513658573
"4266","beta_trend",6083,4260,0,0.0215267784052309
"4267","beta_trend",6083,4261,0,0.0208599098538291
"4268","beta_trend",6083,4262,0,0.0201906028861072
"4269","beta_trend",6083,4263,0,0.0195190158521661
"4270","beta_trend",6083,4264,0,0.0188453082139932
"4271","beta_trend",6083,4265,0,0.0181696404813512
"4272","beta_trend",6083,4266,0,0.0174921741473317
"4273","beta_trend",6083,4267,0,0.0168130716236133
"4274","beta_trend",6083,4268,0,0.0161324961754398
"4275","beta_trend",6083,4269,0,0.0154849528211064
"4276","beta_trend",6083,4270,0,0.0148004054840565
"4277","beta_trend",6083,4271,0,0.0141149431954486
"4278","beta_trend",6083,4272,0,0.0134287294705027
"4279","beta_trend",6083,4273,0,0.0127419284412608
"4280","beta_trend",6083,4274,0,0.0120547047874749
"4281","beta_trend",6083,4275,0,0.0113672236675016
"4282","beta_trend",6083,4276,0,0.0106796506492275
"4283","beta_trend",6083,4277,0,0.00999215164105483
"4284","beta_trend",6083,4278,0,0.0093048928229702
"4285","beta_trend",6083,4279,0,0.00861804057772619
"4286","beta_trend",6083,4280,0,0.00793176142216057
"4287","beta_trend",6083,4281,0,0.00724622193868185
"4288","beta_trend",6083,4282,0,0.00656158870694479
"4289","beta_trend",6083,4283,0,0.00587802823574735
"4290","beta_trend",6083,4284,0,0.0051957068951719
"4291","beta_trend",6083,4285,0,0.00451479084900164
"4292","beta_trend",6083,4286,0,0.00383544598743435
"4293","beta_trend",6083,4287,0,0.00315783786012669
"4294","beta_trend",6083,4288,0,0.00248213160959099
"4295","beta_trend",6083,4289,0,0.00180849190497434
"4296","beta_trend",6083,4290,0,0.00113708287624636
"4297","beta_trend",6083,4291,0,0.000468068048823489
"4298","beta_trend",6083,4292,0,-0.000198389721345338
"4299","beta_trend",6083,4293,0,-0.000862128312200672
"4300","beta_trend",6083,4294,0,-0.00152298639948045
"4301","beta_trend",6083,4295,0,-0.00218080352008265
"4302","beta_trend",6083,4296,0,-0.00283542013485749
"4303","beta_trend",6083,4297,0,-0.00348667769080313
"4304","beta_trend",6083,4298,0,-0.00413441868263853
"4305","beta_trend",6083,4299,0,-0.00477848671372416
"4306","beta_trend",6083,4300,0,-0.00541872655631093
"4307","beta_trend",6083,4301,0,-0.00605498421108142
"4308","beta_trend",6083,4302,0,-0.00668710696596864
"4309","beta_trend",6083,4303,0,-0.00731494345421801
"4310","beta_trend",6083,4304,0,-0.00793834371167157
"4311","beta_trend",6083,4305,0,-0.0085571592332484
"4312","beta_trend",6083,4306,0,-0.0091712430285954
"4313","beta_trend",6083,4307,0,-0.00978044967688529
"4314","beta_trend",6083,4308,0,-0.0103846353807351
"4315","beta_trend",6083,4309,0,-0.0109836580192257
"4316","beta_trend",6083,4310,0,-0.0115773771999915
"4317","beta_trend",6083,4311,0,-0.0121656543103636
"4318","beta_trend",6083,4312,0,-0.0127483525675411
"4319","beta_trend",6083,4313,0,-0.013325337067764
"4320","beta_trend",6083,4314,0,-0.0138964748344723
"4321","beta_trend",6083,4315,0,-0.0144616348654243
"4322","beta_trend",6083,4316,0,-0.0150206881787522
"4323","beta_trend",6083,4317,0,-0.0155735078579388
"4324","beta_trend",6083,4318,0,-0.0161199690956886
"4325","beta_trend",6083,4319,0,-0.0166599492366762
"4326","beta_trend",6083,4320,0,-0.0171933278191534
"4327","beta_trend",6083,4321,0,-0.0177199866153915
"4328","beta_trend",6083,4322,0,-0.018284352743675
"4329","beta_trend",6083,4323,0,-0.0187992806334625
"4330","beta_trend",6083,4324,0,-0.0193072371826841
"4331","beta_trend",6083,4325,0,-0.0198081171043276
"4332","beta_trend",6083,4326,0,-0.0203018176644554
"4333","beta_trend",6083,4327,0,-0.0207882387197816
"4334","beta_trend",6083,4328,0,-0.0212672827540925
"4335","beta_trend",6083,4329,0,-0.0217388549134993
"4336","beta_trend",6083,4330,0,-0.0222028630405063
"4337","beta_trend",6083,4331,0,-0.0226592177068888
"4338","beta_trend",6083,4332,0,-0.0231078322453676
"4339","beta_trend",6083,4333,0,-0.0235486227800671
"4340","beta_trend",6083,4334,0,-0.0239815082557545
"4341","beta_trend",6083,4335,0,-0.0244064104658444
"4342","beta_trend",6083,4336,0,-0.0248232540791644
"4343","beta_trend",6083,4337,0,-0.0252319666654731
"4344","beta_trend",6083,4338,0,-0.0256324787197239
"4345","beta_trend",6083,4339,0,-0.0260247236850678
"4346","beta_trend",6083,4340,0,-0.0264086379745911
"4347","beta_trend",6083,4341,0,-0.0267841609917797
"4348","beta_trend",6083,4342,0,-0.0271512351497099
"4349","beta_trend",6083,4343,0,-0.0275098058889602
"4350","beta_trend",6083,4344,0,-0.0278598216942395
"4351","beta_trend",6083,4345,0,-0.0282012341097329
"4352","beta_trend",6083,4346,0,-0.0285339977531597
"4353","beta_trend",6083,4347,0,-0.0288580703285456
"4354","beta_trend",6083,4348,0,-0.0291734126377071
"4355","beta_trend",6083,4349,0,-0.0294799885904503
"4356","beta_trend",6083,4350,0,-0.0297777652134802
"4357","beta_trend",6083,4351,0,-0.03006671265803
"4358","beta_trend",6083,4352,0,-0.0303468042062048
"4359","beta_trend",6083,4353,0,-0.0306180162760484
"4360","beta_trend",6083,4354,0,-0.0308803284253316
"4361","beta_trend",6083,4355,0,-0.0311337233540723
"4362","beta_trend",6083,4356,0,-0.0313781869057858
"4363","beta_trend",6083,4357,0,-0.0316137080674763
"4364","beta_trend",6083,4358,0,-0.0318402789683687
"4365","beta_trend",6083,4359,0,-0.0320578948773971
"4366","beta_trend",6083,4360,0,-0.0322665541994466
"4367","beta_trend",6083,4361,0,-0.032466258470364
"4368","beta_trend",6083,4362,0,-0.0326570123507411
"4369","beta_trend",6083,4363,0,-0.0328388236184826
"4370","beta_trend",6083,4364,0,-0.033011703160164
"4371","beta_trend",6083,4365,0,-0.0331756649611952
"4372","beta_trend",6083,4366,0,-0.0333072666017817
"4373","beta_trend",6083,4367,0,-0.0334544860277862
"4374","beta_trend",6083,4368,0,-0.0335928045191911
"4375","beta_trend",6083,4369,0,-0.033722250055761
"4376","beta_trend",6083,4370,0,-0.0338428535864524
"4377","beta_trend",6083,4371,0,-0.0339546490147071
"4378","beta_trend",6083,4372,0,-0.0340576731825689
"4379","beta_trend",6083,4373,0,-0.0341519658536439
"4380","beta_trend",6083,4374,0,-0.034237569694916
"4381","beta_trend",6083,4375,0,-0.0343145302574351
"4382","beta_trend",6083,4376,0,-0.0343828959558932
"4383","beta_trend",6083,4377,0,-0.0344427180471071
"4384","beta_trend",6083,4378,0,-0.0344940506074216
"4385","beta_trend",6083,4379,0,-0.0345369505090529
"4386","beta_trend",6083,4380,0,-0.0345714773953881
"4387","beta_trend",6083,4381,0,-0.03459769365526
"4388","beta_trend",6083,4382,0,-0.034615664396213
"4389","beta_trend",6083,4383,0,-0.0346254574167814
"4390","beta_trend",6083,4384,0,-0.0346271431777959
"4391","beta_trend",6083,4385,0,-0.0346207947727386
"4392","beta_trend",6083,4386,0,-0.0346064878971643
"4393","beta_trend",6083,4387,0,-0.0345843008172095
"4394","beta_trend",6083,4388,0,-0.0345543143372048
"4395","beta_trend",6083,4389,0,-0.0345166117664123
"4396","beta_trend",6083,4390,0,-0.0344712788849089
"4397","beta_trend",6083,4391,0,-0.034418403908631
"4398","beta_trend",6083,4392,0,-0.0343580774536053
"4399","beta_trend",6083,4393,0,-0.0342903924993805
"4400","beta_trend",6083,4394,0,-0.0342154443516847
"4401","beta_trend",6083,4395,0,-0.0341333306043239
"4402","beta_trend",6083,4396,0,-0.0340441511003449
"4403","beta_trend",6083,4397,0,-0.0339480078924812
"4404","beta_trend",6083,4398,0,-0.0338450052029009
"4405","beta_trend",6083,4399,0,-0.0337352493822789
"4406","beta_trend",6083,4400,0,-0.033618848868211
"4407","beta_trend",6083,4401,0,-0.0334959141429907
"4408","beta_trend",6083,4402,0,-0.0333665576907692
"4409","beta_trend",6083,4403,0,-0.0332308939541173
"4410","beta_trend",6083,4404,0,-0.0330890392900072
"4411","beta_trend",6083,4405,0,-0.0329411119252392
"4412","beta_trend",6083,4406,0,-0.0327872319113257
"4413","beta_trend",6083,4407,0,-0.0326275210788567
"4414","beta_trend",6083,4408,0,-0.0324621029913633
"4415","beta_trend",6083,4409,0,-0.0322911028987007
"4416","beta_trend",6083,4410,0,-0.0321146476899664
"4417","beta_trend",6083,4411,0,-0.0319328658459739
"4418","beta_trend",6083,4412,0,-0.0317458873912998
"4419","beta_trend",6083,4413,0,-0.0315538438459244
"4420","beta_trend",6083,4414,0,-0.03135686817648
"4421","beta_trend",6083,4415,0,-0.0311550947471283
"4422","beta_trend",6083,4416,0,-0.0309486592700814
"4423","beta_trend",6083,4417,0,-0.0307376987557867
"4424","beta_trend",6083,4418,0,-0.0305223514627907
"4425","beta_trend",6083,4419,0,-0.0303284323700154
"4426","beta_trend",6083,4420,0,-0.0301059137114964
"4427","beta_trend",6083,4421,0,-0.0298794813987634
"4428","beta_trend",6083,4422,0,-0.0296492802561039
"4429","beta_trend",6083,4423,0,-0.0294154561783055
"4430","beta_trend",6083,4424,0,-0.029178156081502
"4431","beta_trend",6083,4425,0,-0.0289375278538866
"4432","beta_trend",6083,4426,0,-0.0286937203063035
"4433","beta_trend",6083,4427,0,-0.0284468831227339
"4434","beta_trend",6083,4428,0,-0.0281971668106952
"4435","beta_trend",6083,4429,0,-0.0279447226515643
"4436","beta_trend",6083,4430,0,-0.0276897026508468
"4437","beta_trend",6083,4431,0,-0.0274322594883976
"4438","beta_trend",6083,4432,0,-0.0271725464686162
"4439","beta_trend",6083,4433,0,-0.0269107174706271
"4440","beta_trend",6083,4434,0,-0.0266469268984564
"4441","beta_trend",6083,4435,0,-0.0263813296312253
"4442","beta_trend",6083,4436,0,-0.0261140809733647
"4443","beta_trend",6083,4437,0,-0.0258453366048736
"4444","beta_trend",6083,4438,0,-0.0255752525316238
"4445","beta_trend",6083,4439,0,-0.0253039850357326
"4446","beta_trend",6083,4440,0,-0.0250316906260074
"4447","beta_trend",6083,4441,0,-0.0247585259884812
"4448","beta_trend",6083,4442,0,-0.0244846479370432
"4449","beta_trend",6083,4443,0,-0.0242102133641806
"4450","beta_trend",6083,4444,0,-0.0239353791918412
"4451","beta_trend",6083,4445,0,-0.0236603023224252
"4452","beta_trend",6083,4446,0,-0.0233851395899184
"4453","beta_trend",6083,4447,0,-0.0231100477111761
"4454","beta_trend",6083,4448,0,-0.0228351832373663
"4455","beta_trend",6083,4449,0,-0.0225607025055832
"4456","beta_trend",6083,4450,0,-0.0222867615906366
"4457","beta_trend",6083,4451,0,-0.0220135162570303
"4458","beta_trend",6083,4452,0,-0.0217411219111341
"4459","beta_trend",6083,4453,0,-0.0214697335535584
"4460","beta_trend",6083,4454,0,-0.0211995057317403
"4461","beta_trend",6083,4455,0,-0.020930592492748
"4462","beta_trend",6083,4456,0,-0.0206631473363091
"4463","beta_trend",6083,4457,0,-0.0203973231680739
"4464","beta_trend",6083,4458,0,-0.0201332722531138
"4465","beta_trend",6083,4459,0,-0.019871146169669
"4466","beta_trend",6083,4460,0,-0.0196110957631466
"4467","beta_trend",6083,4461,0,-0.0193532711003742
"4468","beta_trend",6083,4462,0,-0.0190612673251892
"4469","beta_trend",6083,4463,0,-0.0188099576365078
"4470","beta_trend",6083,4464,0,-0.0185612509681226
"4471","beta_trend",6083,4465,0,-0.0183152964906949
"4472","beta_trend",6083,4466,0,-0.0180722422742782
"4473","beta_trend",6083,4467,0,-0.0178322352474451
"4474","beta_trend",6083,4468,0,-0.0175954211566144
"4475","beta_trend",6083,4469,0,-0.0173619445255861
"4476","beta_trend",6083,4470,0,-0.0171319486152912
"4477","beta_trend",6083,4471,0,-0.0169055753837607
"4478","beta_trend",6083,4472,0,-0.0166829654463203
"4479","beta_trend",6083,4473,0,-0.0164642580360156
"4480","beta_trend",6083,4474,0,-0.0162495909642754
"4481","beta_trend",6083,4475,0,-0.0160391005818157
"4482","beta_trend",6083,4476,0,-0.0158329217397909
"4483","beta_trend",6083,4477,0,-0.015631187751197
"4484","beta_trend",6083,4478,0,-0.0154340303525322
"4485","beta_trend",6083,4479,0,-0.0152415796657176
"4486","beta_trend",6083,4480,0,-0.0150539641602846
"4487","beta_trend",6083,4481,0,-0.0148713106158325
"4488","beta_trend",6083,4482,0,-0.0146937440847604
"4489","beta_trend",6083,4483,0,-0.0145213878552782
"4490","beta_trend",6083,4484,0,-0.0143543634147001
"4491","beta_trend",6083,4485,0,-0.0141927904130245
"4492","beta_trend",6083,4486,0,-0.0140367866268045
"4493","beta_trend",6083,4487,0,-0.0138864679233145
"4494","beta_trend",6083,4488,0,-0.0137419482250108
"4495","beta_trend",6083,4489,0,-0.0136033394742993
"4496","beta_trend",6083,4490,0,-0.013470751598603
"4497","beta_trend",6083,4491,0,-0.0133442924757421
"4498","beta_trend",6083,4492,0,-0.0132240678996249
"4499","beta_trend",6083,4493,0,-0.0131101815462532
"4500","beta_trend",6083,4494,0,-0.0130027349400486
"4501","beta_trend",6083,4495,0,-0.0129018274204998
"4502","beta_trend",6083,4496,0,-0.0128075561091359
"4503","beta_trend",6083,4497,0,-0.012720015876828
"4504","beta_trend",6083,4498,0,-0.0126392993114249
"4505","beta_trend",6083,4499,0,-0.0125654966857202
"4506","beta_trend",6083,4500,0,-0.0124986959257626
"4507","beta_trend",6083,4501,0,-0.012438982579506
"4508","beta_trend",6083,4502,0,-0.0123864397858046
"4509","beta_trend",6083,4503,0,-0.0123411482437555
"4510","beta_trend",6083,4504,0,-0.0123031861823982
"4511","beta_trend",6083,4505,0,-0.0122726293307619
"4512","beta_trend",6083,4506,0,-0.0122495508882778
"4513","beta_trend",6083,4507,0,-0.0122340214955502
"4514","beta_trend",6083,4508,0,-0.0122261092054932
"4515","beta_trend",6083,4509,0,-0.0122258794548382
"4516","beta_trend",6083,4510,0,-0.0122333950360118
"4517","beta_trend",6083,4511,0,-0.0122487160693925
"4518","beta_trend",6083,4512,0,-0.0122718999759437
"4519","beta_trend",6083,4513,0,-0.0123030014502351
"4520","beta_trend",6083,4514,0,-0.0123420724338476
"4521","beta_trend",6083,4515,0,-0.0124420956833005
"4522","beta_trend",6083,4516,0,-0.0124996918281497
"4523","beta_trend",6083,4517,0,-0.0125655027226053
"4524","beta_trend",6083,4518,0,-0.0126395733467684
"4525","beta_trend",6083,4519,0,-0.0127219459611628
"4526","beta_trend",6083,4520,0,-0.0128126600878907
"4527","beta_trend",6083,4521,0,-0.0129117524923538
"4528","beta_trend",6083,4522,0,-0.013019257165552
"4529","beta_trend",6083,4523,0,-0.0131352053069628
"4530","beta_trend",6083,4524,0,-0.0132596253080156
"4531","beta_trend",6083,4525,0,-0.013392542736161
"4532","beta_trend",6083,4526,0,-0.0135339803195509
"4533","beta_trend",6083,4527,0,-0.0136839579323339
"4534","beta_trend",6083,4528,0,-0.0138424925805742
"4535","beta_trend",6083,4529,0,-0.0140095983888046
"4536","beta_trend",6083,4530,0,-0.0141852865872216
"4537","beta_trend",6083,4531,0,-0.0143695654995313
"4538","beta_trend",6083,4532,0,-0.0145624405314548
"4539","beta_trend",6083,4533,0,-0.0147639141599042
"4540","beta_trend",6083,4534,0,-0.0149739859228346
"4541","beta_trend",6083,4535,0,-0.0151926524097874
"4542","beta_trend",6083,4536,0,-0.015419907253128
"4543","beta_trend",6083,4537,0,-0.0156557411199921
"4544","beta_trend",6083,4538,0,-0.0159001417049502
"4545","beta_trend",6083,4539,0,-0.0161530937233965
"4546","beta_trend",6083,4540,0,-0.0164145789056769
"4547","beta_trend",6083,4541,0,-0.0166845759919624
"4548","beta_trend",6083,4542,0,-0.0169630607278817
"4549","beta_trend",6083,4543,0,-0.01725000586092
"4550","beta_trend",6083,4544,0,-0.0175453811375961
"4551","beta_trend",6083,4545,0,-0.0178491533014296
"4552","beta_trend",6083,4546,0,-0.0181612860917039
"4553","beta_trend",6083,4547,0,-0.0184817402430448
"4554","beta_trend",6083,4548,0,-0.0188104734858124
"4555","beta_trend",6083,4549,0,-0.0191474405473314
"4556","beta_trend",6083,4550,0,-0.0194925931539586
"4557","beta_trend",6083,4551,0,-0.0198458800340067
"4558","beta_trend",6083,4552,0,-0.0202072469215313
"4559","beta_trend",6083,4553,0,-0.0205766365609917
"4560","beta_trend",6083,4554,0,-0.0209539887128004
"4561","beta_trend",6083,4555,0,-0.0213392401597671
"4562","beta_trend",6083,4556,0,-0.0217323247144523
"4563","beta_trend",6083,4557,0,-0.022133173227441
"4564","beta_trend",6083,4558,0,-0.0225417135965428
"4565","beta_trend",6083,4559,0,-0.0229301288559272
"4566","beta_trend",6083,4560,0,-0.0233550531728832
"4567","beta_trend",6083,4561,0,-0.0237873838503686
"4568","beta_trend",6083,4562,0,-0.0242270391204557
"4569","beta_trend",6083,4563,0,-0.0246739342484841
"4570","beta_trend",6083,4564,0,-0.0251279815505272
"4571","beta_trend",6083,4565,0,-0.0255890904117952
"4572","beta_trend",6083,4566,0,-0.0260571673059854
"4573","beta_trend",6083,4567,0,-0.0265321158155888
"4574","beta_trend",6083,4568,0,-0.0270138366531707
"4575","beta_trend",6083,4569,0,-0.0275022276836292
"4576","beta_trend",6083,4570,0,-0.0279971839474494
"4577","beta_trend",6083,4571,0,-0.0284985976849617
"4578","beta_trend",6083,4572,0,-0.0290063583616126
"4579","beta_trend",6083,4573,0,-0.0295203526942647
"4580","beta_trend",6083,4574,0,-0.0300404646785289
"4581","beta_trend",6083,4575,0,-0.0305665756171456
"4582","beta_trend",6083,4576,0,-0.0310985641494188
"4583","beta_trend",6083,4577,0,-0.0316363062817172
"4584","beta_trend",6083,4578,0,-0.0321796754190481
"4585","beta_trend",6083,4579,0,-0.0327285423977151
"4586","beta_trend",6083,4580,0,-0.0332827755190653
"4587","beta_trend",6083,4581,0,-0.0338422405843366
"4588","beta_trend",6083,4582,0,-0.0344068009306107
"4589","beta_trend",6083,4583,0,-0.0349763174678811
"4590","beta_trend",6083,4584,0,-0.035550648717238
"4591","beta_trend",6083,4585,0,-0.036129650850183
"4592","beta_trend",6083,4586,0,-0.0367131777290727
"4593","beta_trend",6083,4587,0,-0.0373010809487007
"4594","beta_trend",6083,4588,0,-0.03789320987902
"4595","beta_trend",6083,4589,0,-0.0384894117090111
"4596","beta_trend",6083,4590,0,-0.0390895314916991
"4597","beta_trend",6083,4591,0,-0.0396934121903212
"4598","beta_trend",6083,4592,0,-0.0403008947256488
"4599","beta_trend",6083,4593,0,-0.0409118180244644
"4600","beta_trend",6083,4594,0,-0.0415260190691926
"4601","beta_trend",6083,4595,0,-0.0421433329486903
"4602","beta_trend",6083,4596,0,-0.0427635929101894
"4603","beta_trend",6083,4597,0,-0.0433866304123933
"4604","beta_trend",6083,4598,0,-0.0440122751797286
"4605","beta_trend",6083,4599,0,-0.0446403552577401
"4606","beta_trend",6083,4600,0,-0.0452706970696368
"4607","beta_trend",6083,4601,0,-0.0459031254739728
"4608","beta_trend",6083,4602,0,-0.0465374638234687
"4609","beta_trend",6083,4603,0,-0.0471735340249574
"4610","beta_trend",6083,4604,0,-0.0478111566004541
"4611","beta_trend",6083,4605,0,-0.0484501507493384
"4612","beta_trend",6083,4606,0,-0.0490903344116432
"4613","beta_trend",6083,4607,0,-0.0497315243324341
"4614","beta_trend",6083,4608,0,-0.0503735361272767
"4615","beta_trend",6083,4609,0,-0.0510161843487728
"4616","beta_trend",6083,4610,0,-0.0516592825541548
"4617","beta_trend",6083,4611,0,-0.0523026433739286
"4618","beta_trend",6083,4612,0,-0.0529674212372334
"4619","beta_trend",6083,4613,0,-0.0536117250315308
"4620","beta_trend",6083,4614,0,-0.0542557671817346
"4621","beta_trend",6083,4615,0,-0.0548993590483214
"4622","beta_trend",6083,4616,0,-0.055542311487646
"4623","beta_trend",6083,4617,0,-0.0561844349286316
"4624","beta_trend",6083,4618,0,-0.0568255394504316
"4625","beta_trend",6083,4619,0,-0.0574654348610488
"4626","beta_trend",6083,4620,0,-0.0581039307768865
"4627","beta_trend",6083,4621,0,-0.0587408367032054
"4628","beta_trend",6083,4622,0,-0.0593759621154649
"4629","beta_trend",6083,4623,0,-0.0600091165415206
"4630","beta_trend",6083,4624,0,-0.0606401096446505
"4631","beta_trend",6083,4625,0,-0.0612687513073799
"4632","beta_trend",6083,4626,0,-0.0618948517160784
"4633","beta_trend",6083,4627,0,-0.0625182214462952
"4634","beta_trend",6083,4628,0,-0.0631386715487996
"4635","beta_trend",6083,4629,0,-0.0637560136362957
"4636","beta_trend",6083,4630,0,-0.0643700599707731
"4637","beta_trend",6083,4631,0,-0.0649806235514618
"4638","beta_trend",6083,4632,0,-0.0655875182033485
"4639","beta_trend",6083,4633,0,-0.0661905586662199
"4640","beta_trend",6083,4634,0,-0.066789560684191
"4641","beta_trend",6083,4635,0,-0.0673843410956784
"4642","beta_trend",6083,4636,0,-0.067974717923775
"4643","beta_trend",6083,4637,0,-0.0685605104669834
"4644","beta_trend",6083,4638,0,-0.0691415393902622
"4645","beta_trend",6083,4639,0,-0.0697176268163416
"4646","beta_trend",6083,4640,0,-0.0702885964172566
"4647","beta_trend",6083,4641,0,-0.0708542735060543
"4648","beta_trend",6083,4642,0,-0.0714144851286225
"4649","beta_trend",6083,4643,0,-0.0719690601555892
"4650","beta_trend",6083,4644,0,-0.0725178293742426
"4651","beta_trend",6083,4645,0,-0.0730606255804164
"4652","beta_trend",6083,4646,0,-0.0735972836702892
"4653","beta_trend",6083,4647,0,-0.0741276407320379
"4654","beta_trend",6083,4648,0,-0.0746515361372955
"4655","beta_trend",6083,4649,0,-0.0751688116323489
"4656","beta_trend",6083,4650,0,-0.0756793114290237
"4657","beta_trend",6083,4651,0,-0.0761828822951949
"4658","beta_trend",6083,4652,0,-0.0766793736448608
"4659","beta_trend",6083,4653,0,-0.0771686376277237
"4660","beta_trend",6083,4654,0,-0.0776505292182116
"4661","beta_trend",6083,4655,0,-0.078094775123373
"4662","beta_trend",6083,4656,0,-0.078562831010792
"4663","beta_trend",6083,4657,0,-0.0790230413854065
"4664","beta_trend",6083,4658,0,-0.0794752755975905
"4665","beta_trend",6083,4659,0,-0.0799194061767392
"4666","beta_trend",6083,4660,0,-0.0803553089182424
"4667","beta_trend",6083,4661,0,-0.0807828629693639
"4668","beta_trend",6083,4662,0,-0.0812019509139669
"4669","beta_trend",6083,4663,0,-0.0816124588560159
"4670","beta_trend",6083,4664,0,-0.0820142765017895
"4671","beta_trend",6083,4665,0,-0.0824072972407347
"4672","beta_trend",6083,4666,0,-0.0827914182248974
"4673","beta_trend",6083,4667,0,-0.0831665404468585
"4674","beta_trend",6083,4668,0,-0.0835325688161066
"4675","beta_trend",6083,4669,0,-0.0838894122337842
"4676","beta_trend",6083,4670,0,-0.0842369836657296
"4677","beta_trend",6083,4671,0,-0.0845752002137526
"4678","beta_trend",6083,4672,0,-0.0849039831850729
"4679","beta_trend",6083,4673,0,-0.0852232581598505
"4680","beta_trend",6083,4674,0,-0.0855329550567425
"4681","beta_trend",6083,4675,0,-0.0858330081964149
"4682","beta_trend",6083,4676,0,-0.0861233563629411
"4683","beta_trend",6083,4677,0,-0.086403942863021
"4684","beta_trend",6083,4678,0,-0.086674715582951
"4685","beta_trend",6083,4679,0,-0.0869356270432786
"4686","beta_trend",6083,4680,0,-0.0871866344510726
"4687","beta_trend",6083,4681,0,-0.0874276997497452
"4688","beta_trend",6083,4682,0,-0.087658789666361
"4689","beta_trend",6083,4683,0,-0.0878798757563625
"4690","beta_trend",6083,4684,0,-0.0880909344456547
"4691","beta_trend",6083,4685,0,-0.0882919470699822
"4692","beta_trend",6083,4686,0,-0.0884828999115347
"4693","beta_trend",6083,4687,0,-0.0886637842327251
"4694","beta_trend",6083,4688,0,-0.088834596307073
"4695","beta_trend",6083,4689,0,-0.0889953374471403
"4696","beta_trend",6083,4690,0,-0.0891460140294583
"4697","beta_trend",6083,4691,0,-0.0892866375163903
"4698","beta_trend",6083,4692,0,-0.0894172244748748
"4699","beta_trend",6083,4693,0,-0.0895377965919948
"4700","beta_trend",6083,4694,0,-0.0896483806873227
"4701","beta_trend",6083,4695,0,-0.0897490087219901
"4702","beta_trend",6083,4696,0,-0.0898397178044305
"4703","beta_trend",6083,4697,0,-0.089920550192753
"4704","beta_trend",6083,4698,0,-0.089991553293699
"4705","beta_trend",6083,4699,0,-0.0900527796581381
"4706","beta_trend",6083,4700,0,-0.0901042869730628
"4707","beta_trend",6083,4701,0,-0.0901461380500451
"4708","beta_trend",6083,4702,0,-0.0901784008101121
"4709","beta_trend",6083,4703,0,-0.0902011482650127
"4710","beta_trend",6083,4704,0,-0.0902144584948386
"4711","beta_trend",6083,4705,0,-0.0902184146219691
"4712","beta_trend",6083,4706,0,-0.0902131047813146
"4713","beta_trend",6083,4707,0,-0.090198622086832
"4714","beta_trend",6083,4708,0,-0.0902325624348188
"4715","beta_trend",6083,4709,0,-0.0902026853954709
"4716","beta_trend",6083,4710,0,-0.0901640597065362
"4717","beta_trend",6083,4711,0,-0.0901168026699225
"4718","beta_trend",6083,4712,0,-0.0900610365168926
"4719","beta_trend",6083,4713,0,-0.0899968883576244
"4720","beta_trend",6083,4714,0,-0.0899244901271086
"4721","beta_trend",6083,4715,0,-0.0898439785273766
"4722","beta_trend",6083,4716,0,-0.0897554949660633
"4723","beta_trend",6083,4717,0,-0.0896591854913149
"4724","beta_trend",6083,4718,0,-0.0895552007230447
"4725","beta_trend",6083,4719,0,-0.0894436957805527
"4726","beta_trend",6083,4720,0,-0.0893248302065263
"4727","beta_trend",6083,4721,0,-0.0891987678874346
"4728","beta_trend",6083,4722,0,-0.0890656769703453
"4729","beta_trend",6083,4723,0,-0.0889257297761816
"4730","beta_trend",6083,4724,0,-0.0887791027094578
"4731","beta_trend",6083,4725,0,-0.0886259761645132
"4732","beta_trend",6083,4726,0,-0.0884665344282877
"4733","beta_trend",6083,4727,0,-0.0883009655796761
"4734","beta_trend",6083,4728,0,-0.0881294613854993
"4735","beta_trend",6083,4729,0,-0.0879522171931408
"4736","beta_trend",6083,4730,0,-0.0877694318198955
"4737","beta_trend",6083,4731,0,-0.0875813074390832
"4738","beta_trend",6083,4732,0,-0.0873880494629794
"4739","beta_trend",6083,4733,0,-0.0871898664226262
"4740","beta_trend",6083,4734,0,-0.0869869698445799
"4741","beta_trend",6083,4735,0,-0.0867795741246656
"4742","beta_trend",6083,4736,0,-0.086567896398801
"4743","beta_trend",6083,4737,0,-0.0863521564109674
"4744","beta_trend",6083,4738,0,-0.0861325763783994
"4745","beta_trend",6083,4739,0,-0.0859093808540691
"4746","beta_trend",6083,4740,0,-0.0856827965865521
"4747","beta_trend",6083,4741,0,-0.0854530523773542
"4748","beta_trend",6083,4742,0,-0.0852203789357904
"4749","beta_trend",6083,4743,0,-0.0849850087315023
"4750","beta_trend",6083,4744,0,-0.0847471758447139
"4751","beta_trend",6083,4745,0,-0.0845071158143157
"4752","beta_trend",6083,4746,0,-0.0842650654838816
"4753","beta_trend",6083,4747,0,-0.0840212628457194
"4754","beta_trend",6083,4748,0,-0.08377594688306
"4755","beta_trend",6083,4749,0,-0.0835293574104915
"4756","beta_trend",6083,4750,0,-0.0832817349127546
"4757","beta_trend",6083,4751,0,-0.0830333203820053
"4758","beta_trend",6083,4752,0,-0.0827465014114561
"4759","beta_trend",6083,4753,0,-0.0824989028207503
"4760","beta_trend",6083,4754,0,-0.0822511662083147
"4761","beta_trend",6083,4755,0,-0.0820035357169221
"4762","beta_trend",6083,4756,0,-0.0817562550629481
"4763","beta_trend",6083,4757,0,-0.0815095673703239
"4764","beta_trend",6083,4758,0,-0.0812637150037203
"4765","beta_trend",6083,4759,0,-0.0810189394011021
"4766","beta_trend",6083,4760,0,-0.0807754809057808
"4767","beta_trend",6083,4761,0,-0.0805335785981068
"4768","beta_trend",6083,4762,0,-0.0802934701269359
"4769","beta_trend",6083,4763,0,-0.0800553915410145
"4770","beta_trend",6083,4764,0,-0.0798195771204161
"4771","beta_trend",6083,4765,0,-0.0795862592081809
"4772","beta_trend",6083,4766,0,-0.0793556680422941
"4773","beta_trend",6083,4767,0,-0.079128031588149
"4774","beta_trend",6083,4768,0,-0.0789035753716419
"4775","beta_trend",6083,4769,0,-0.0786825223130412
"4776","beta_trend",6083,4770,0,-0.0784650925617777
"4777","beta_trend",6083,4771,0,-0.078251503332304
"4778","beta_trend",6083,4772,0,-0.0780419687411674
"4779","beta_trend",6083,4773,0,-0.0778366996454446
"4780","beta_trend",6083,4774,0,-0.0776359034826845
"4781","beta_trend",6083,4775,0,-0.0774397841125057
"4782","beta_trend",6083,4776,0,-0.0772485416599966
"4783","beta_trend",6083,4777,0,-0.0770623723610607
"4784","beta_trend",6083,4778,0,-0.0768814684098572
"4785","beta_trend",6083,4779,0,-0.076706017808478
"4786","beta_trend",6083,4780,0,-0.076536204219004
"4787","beta_trend",6083,4781,0,-0.0763722068180906
"4788","beta_trend",6083,4782,0,-0.076214200154215
"4789","beta_trend",6083,4783,0,-0.0760623540077318
"4790","beta_trend",6083,4784,0,-0.0759168332538733
"4791","beta_trend",6083,4785,0,-0.0757777977288339
"4792","beta_trend",6083,4786,0,-0.0756454020990714
"4793","beta_trend",6083,4787,0,-0.0755197957339624
"4794","beta_trend",6083,4788,0,-0.0754011225819408
"4795","beta_trend",6083,4789,0,-0.0752895210502487
"4796","beta_trend",6083,4790,0,-0.0751851238884318
"4797","beta_trend",6083,4791,0,-0.0750880580756965
"4798","beta_trend",6083,4792,0,-0.0749984447122579
"4799","beta_trend",6083,4793,0,-0.0749163989147934
"4800","beta_trend",6083,4794,0,-0.0748420297161202
"4801","beta_trend",6083,4795,0,-0.0747754399692125
"4802","beta_trend",6083,4796,0,-0.0747167262556637
"4803","beta_trend",6083,4797,0,-0.0746659787987032
"4804","beta_trend",6083,4798,0,-0.0746232813808756
"4805","beta_trend",6083,4799,0,-0.0745887112664735
"4806","beta_trend",6083,4800,0,-0.074562339128829
"4807","beta_trend",6083,4801,0,-0.0745442289825499
"4808","beta_trend",6083,4802,0,-0.0745344381207934
"4809","beta_trend",6083,4803,0,-0.0745330170576609
"4810","beta_trend",6083,4804,0,-0.0745400094757926
"4811","beta_trend",6083,4805,0,-0.0745766995913214
"4812","beta_trend",6083,4806,0,-0.0746016014050662
"4813","beta_trend",6083,4807,0,-0.0746350488435668
"4814","beta_trend",6083,4808,0,-0.0746770595692819
"4815","beta_trend",6083,4809,0,-0.0747276442957622
"4816","beta_trend",6083,4810,0,-0.0747868067700187
"4817","beta_trend",6083,4811,0,-0.074854543760589
"4818","beta_trend",6083,4812,0,-0.074930845051347
"4819","beta_trend",6083,4813,0,-0.0750156934410925
"4820","beta_trend",6083,4814,0,-0.075109064748957
"4821","beta_trend",6083,4815,0,-0.0752109278256562
"4822","beta_trend",6083,4816,0,-0.0753212445706098
"4823","beta_trend",6083,4817,0,-0.0754399699549497
"4824","beta_trend",6083,4818,0,-0.0755670520504274
"4825","beta_trend",6083,4819,0,-0.0757024320642313
"4826","beta_trend",6083,4820,0,-0.0758460443797143
"4827","beta_trend",6083,4821,0,-0.0759978166030263
"4828","beta_trend",6083,4822,0,-0.0761576696156476
"4829","beta_trend",6083,4823,0,-0.0763255176328045
"4830","beta_trend",6083,4824,0,-0.0765012682677473
"4831","beta_trend",6083,4825,0,-0.0766848226018687
"4832","beta_trend",6083,4826,0,-0.0768760752606243
"4833","beta_trend",6083,4827,0,-0.077074914495226
"4834","beta_trend",6083,4828,0,-0.0772812222700571
"4835","beta_trend",6083,4829,0,-0.0774948743557686
"4836","beta_trend",6083,4830,0,-0.0777157404279964
"4837","beta_trend",6083,4831,0,-0.077943684171641
"4838","beta_trend",6083,4832,0,-0.078178563390646
"4839","beta_trend",6083,4833,0,-0.0784202301232028
"4840","beta_trend",6083,4834,0,-0.0786685307623044
"4841","beta_trend",6083,4835,0,-0.0789233061815653
"4842","beta_trend",6083,4836,0,-0.0791843918662218
"4843","beta_trend",6083,4837,0,-0.0794516180492181
"4844","beta_trend",6083,4838,0,-0.0797248098522779
"4845","beta_trend",6083,4839,0,-0.0800037874318609
"4846","beta_trend",6083,4840,0,-0.0802883661298901
"4847","beta_trend",6083,4841,0,-0.0805783566291414
"4848","beta_trend",6083,4842,0,-0.0808735651131672
"4849","beta_trend",6083,4843,0,-0.0811737934306402
"4850","beta_trend",6083,4844,0,-0.0814788392639743
"4851","beta_trend",6083,4845,0,-0.0817884963021027
"4852","beta_trend",6083,4846,0,-0.08210255441726
"4853","beta_trend",6083,4847,0,-0.0824207998456324
"4854","beta_trend",6083,4848,0,-0.0827085336003355
"4855","beta_trend",6083,4849,0,-0.0830360233749481
"4856","beta_trend",6083,4850,0,-0.0833669752918627
"4857","beta_trend",6083,4851,0,-0.0837011654385215
"4858","beta_trend",6083,4852,0,-0.0840383671304628
"4859","beta_trend",6083,4853,0,-0.0843783511149195
"4860","beta_trend",6083,4854,0,-0.0847208857770676
"4861","beta_trend",6083,4855,0,-0.0850657373487499
"4862","beta_trend",6083,4856,0,-0.0854126701194965
"4863","beta_trend",6083,4857,0,-0.0857614466496589
"4864","beta_trend",6083,4858,0,-0.0861118279854755
"4865","beta_trend",6083,4859,0,-0.0864635738758748
"4866","beta_trend",6083,4860,0,-0.0868164429908349
"4867","beta_trend",6083,4861,0,-0.0871701931410942
"4868","beta_trend",6083,4862,0,-0.0875245814990265
"4869","beta_trend",6083,4863,0,-0.0878793648204788
"4870","beta_trend",6083,4864,0,-0.088234299667368
"4871","beta_trend",6083,4865,0,-0.0885891426308421
"4872","beta_trend",6083,4866,0,-0.0889436505547917
"4873","beta_trend",6083,4867,0,-0.0892975807595155
"4874","beta_trend",6083,4868,0,-0.0896506912653253
"4875","beta_trend",6083,4869,0,-0.0900027410158875
"4876","beta_trend",6083,4870,0,-0.0903534901010876
"4877","beta_trend",6083,4871,0,-0.090702699979212
"4878","beta_trend",6083,4872,0,-0.0910501336982319
"4879","beta_trend",6083,4873,0,-0.091395556115983
"4880","beta_trend",6083,4874,0,-0.0917387341190262
"4881","beta_trend",6083,4875,0,-0.0920794368399808
"4882","beta_trend",6083,4876,0,-0.0924174358731178
"4883","beta_trend",6083,4877,0,-0.0927525054880044
"4884","beta_trend",6083,4878,0,-0.0930844228409899
"4885","beta_trend",6083,4879,0,-0.0934129681843245
"4886","beta_trend",6083,4880,0,-0.093737925072701
"4887","beta_trend",6083,4881,0,-0.0940590805670196
"4888","beta_trend",6083,4882,0,-0.0943762254351633
"4889","beta_trend",6083,4883,0,-0.0946891543495881
"4890","beta_trend",6083,4884,0,-0.0949976660815226
"4891","beta_trend",6083,4885,0,-0.0953015636915794
"4892","beta_trend",6083,4886,0,-0.0956006547165861
"4893","beta_trend",6083,4887,0,-0.0958947513524336
"4894","beta_trend",6083,4888,0,-0.0961836706327618
"4895","beta_trend",6083,4889,0,-0.0964672346032851
"4896","beta_trend",6083,4890,0,-0.0967452704915799
"4897","beta_trend",6083,4891,0,-0.09701761087215
"4898","beta_trend",6083,4892,0,-0.0972840938265925
"4899","beta_trend",6083,4893,0,-0.0975445630986915
"4900","beta_trend",6083,4894,0,-0.097798868244269
"4901","beta_trend",6083,4895,0,-0.0980468647756285
"4902","beta_trend",6083,4896,0,-0.0982884143004294
"4903","beta_trend",6083,4897,0,-0.0985233846548357
"4904","beta_trend",6083,4898,0,-0.0987516500307875
"4905","beta_trend",6083,4899,0,-0.0989730910972484
"4906","beta_trend",6083,4900,0,-0.0991875951152875
"4907","beta_trend",6083,4901,0,-0.0994486629411198
"4908","beta_trend",6083,4902,0,-0.0996514546579036
"4909","beta_trend",6083,4903,0,-0.099847119316287
"4910","beta_trend",6083,4904,0,-0.100035575935454
"4911","beta_trend",6083,4905,0,-0.100216750767682
"4912","beta_trend",6083,4906,0,-0.100390577379171
"4913","beta_trend",6083,4907,0,-0.100556996724017
"4914","beta_trend",6083,4908,0,-0.10071595721125
"4915","beta_trend",6083,4909,0,-0.10086741476484
"4916","beta_trend",6083,4910,0,-0.101011332876595
"4917","beta_trend",6083,4911,0,-0.101147682651882
"4918","beta_trend",6083,4912,0,-0.101276442848093
"4919","beta_trend",6083,4913,0,-0.101397599905819
"4920","beta_trend",6083,4914,0,-0.101511147972652
"4921","beta_trend",6083,4915,0,-0.10161708891959
"4922","beta_trend",6083,4916,0,-0.101715432350001
"4923","beta_trend",6083,4917,0,-0.101806195601113
"4924","beta_trend",6083,4918,0,-0.101889403738006
"4925","beta_trend",6083,4919,0,-0.101965089540089
"4926","beta_trend",6083,4920,0,-0.102033293480061
"4927","beta_trend",6083,4921,0,-0.102094063695344
"4928","beta_trend",6083,4922,0,-0.102147455951989
"4929","beta_trend",6083,4923,0,-0.10219353360109
"4930","beta_trend",6083,4924,0,-0.102232367527701
"4931","beta_trend",6083,4925,0,-0.102264036092298
"4932","beta_trend",6083,4926,0,-0.102288625064817
"4933","beta_trend",6083,4927,0,-0.10230622755131
"4934","beta_trend",6083,4928,0,-0.102316943913278
"4935","beta_trend",6083,4929,0,-0.102320881679713
"4936","beta_trend",6083,4930,0,-0.102318155451949
"4937","beta_trend",6083,4931,0,-0.102308886801366
"4938","beta_trend",6083,4932,0,-0.102293204160038
"4939","beta_trend",6083,4933,0,-0.10227124270441
"4940","beta_trend",6083,4934,0,-0.102243144232097
"4941","beta_trend",6083,4935,0,-0.102209057031907
"4942","beta_trend",6083,4936,0,-0.102169135747195
"4943","beta_trend",6083,4937,0,-0.102123541232655
"4944","beta_trend",6083,4938,0,-0.102072440404691
"4945","beta_trend",6083,4939,0,-0.102016006085475
"4946","beta_trend",6083,4940,0,-0.101954416840836
"4947","beta_trend",6083,4941,0,-0.10188785681212
"4948","beta_trend",6083,4942,0,-0.101816515542171
"4949","beta_trend",6083,4943,0,-0.101740587795585
"4950","beta_trend",6083,4944,0,-0.101660273373394
"4951","beta_trend",6083,4945,0,-0.10154521633504
"4952","beta_trend",6083,4946,0,-0.101458099944592
"4953","beta_trend",6083,4947,0,-0.101367167775361
"4954","beta_trend",6083,4948,0,-0.101272640054913
"4955","beta_trend",6083,4949,0,-0.10117474096143
"4956","beta_trend",6083,4950,0,-0.101073698411391
"4957","beta_trend",6083,4951,0,-0.100969743842884
"4958","beta_trend",6083,4952,0,-0.100863111994756
"4959","beta_trend",6083,4953,0,-0.100754040681823
"4960","beta_trend",6083,4954,0,-0.100642770566333
"4961","beta_trend",6083,4955,0,-0.100529544925928
"4962","beta_trend",6083,4956,0,-0.100414609418298
"4963","beta_trend",6083,4957,0,-0.100298211842779
"4964","beta_trend",6083,4958,0,-0.100180601899105
"4965","beta_trend",6083,4959,0,-0.100062030943565
"4966","beta_trend",6083,4960,0,-0.099942751742786
"4967","beta_trend",6083,4961,0,-0.0998230182253885
"4968","beta_trend",6083,4962,0,-0.0997030852317575
"4969","beta_trend",6083,4963,0,-0.0995832082621702
"4970","beta_trend",6083,4964,0,-0.0994636432235283
"4971","beta_trend",6083,4965,0,-0.0993446461749428
"4972","beta_trend",6083,4966,0,-0.0992264730724206
"4973","beta_trend",6083,4967,0,-0.0991093795129087
"4974","beta_trend",6083,4968,0,-0.098993620477941
"4975","beta_trend",6083,4969,0,-0.0988794500771492
"4976","beta_trend",6083,4970,0,-0.0987671212918867
"4977","beta_trend",6083,4971,0,-0.0986568857192248
"4978","beta_trend",6083,4972,0,-0.0985489933165694
"4979","beta_trend",6083,4973,0,-0.0984436921471614
"4980","beta_trend",6083,4974,0,-0.0983412281267082
"4981","beta_trend",6083,4975,0,-0.0982418447714041
"4982","beta_trend",6083,4976,0,-0.0981457829475907
"4983","beta_trend",6083,4977,0,-0.0980532806233112
"4984","beta_trend",6083,4978,0,-0.097964572622006
"4985","beta_trend",6083,4979,0,-0.0978798903785998
"4986","beta_trend",6083,4980,0,-0.0977994616982291
"4987","beta_trend",6083,4981,0,-0.0977235105178517
"4988","beta_trend",6083,4982,0,-0.0976522566709814
"4989","beta_trend",6083,4983,0,-0.0975859156557888
"4990","beta_trend",6083,4984,0,-0.0975246984068027
"4991","beta_trend",6083,4985,0,-0.0974688110704478
"4992","beta_trend",6083,4986,0,-0.0974184547846472
"4993","beta_trend",6083,4987,0,-0.0973738254627172
"4994","beta_trend",6083,4988,0,-0.0973351135817754
"4995","beta_trend",6083,4989,0,-0.0973025039758821
"4996","beta_trend",6083,4990,0,-0.0972761756341293
"4997","beta_trend",6083,4991,0,-0.0972563015038828
"4998","beta_trend",6083,4992,0,-0.0972430482993886
"4999","beta_trend",6083,4993,0,-0.0972365763159374
"5000","beta_trend",6083,4994,0,-0.0972370392497834
"5001","beta_trend",6083,4995,0,-0.0972445840240069
"5002","beta_trend",6083,4996,0,-0.0972593506205031
"5003","beta_trend",6083,4997,0,-0.0972814719182751
"5004","beta_trend",6083,4998,0,-0.0973417315880427
"5005","beta_trend",6083,4999,0,-0.0973803444351107
"5006","beta_trend",6083,5000,0,-0.0974267278648133
"5007","beta_trend",6083,5001,0,-0.0974809873467534
"5008","beta_trend",6083,5002,0,-0.0975432206319043
"5009","beta_trend",6083,5003,0,-0.0976135176351657
"5010","beta_trend",6083,5004,0,-0.0976919603253679
"5011","beta_trend",6083,5005,0,-0.097778622622853
"5012","beta_trend",6083,5006,0,-0.0978735703047532
"5013","beta_trend",6083,5007,0,-0.0979768609180686
"5014","beta_trend",6083,5008,0,-0.0980885437006587
"5015","beta_trend",6083,5009,0,-0.0982086595102334
"5016","beta_trend",6083,5010,0,-0.0983372407614379
"5017","beta_trend",6083,5011,0,-0.0984743113711034
"5018","beta_trend",6083,5012,0,-0.0986198867117437
"5019","beta_trend",6083,5013,0,-0.0987739735733524
"5020","beta_trend",6083,5014,0,-0.0989365701335616
"5021","beta_trend",6083,5015,0,-0.0991076659362051
"5022","beta_trend",6083,5016,0,-0.0992872418783258
"5023","beta_trend",6083,5017,0,-0.0994752702056574
"5024","beta_trend",6083,5018,0,-0.0996717145165986
"5025","beta_trend",6083,5019,0,-0.0998765297746965
"5026","beta_trend",6083,5020,0,-0.100089662329641
"5027","beta_trend",6083,5021,0,-0.100311049946765
"5028","beta_trend",6083,5022,0,-0.10054062184504
"5029","beta_trend",6083,5023,0,-0.100778298743544
"5030","beta_trend",6083,5024,0,-0.101023992916365
"5031","beta_trend",6083,5025,0,-0.101277608255919
"5032","beta_trend",6083,5026,0,-0.101539040344614
"5033","beta_trend",6083,5027,0,-0.101808176534816
"5034","beta_trend",6083,5028,0,-0.102084896037051
"5035","beta_trend",6083,5029,0,-0.10236907001637
"5036","beta_trend",6083,5030,0,-0.102660561696793
"5037","beta_trend",6083,5031,0,-0.10295922647375
"5038","beta_trend",6083,5032,0,-0.103264912034406
"5039","beta_trend",6083,5033,0,-0.103577458485782
"5040","beta_trend",6083,5034,0,-0.103896698490551
"5041","beta_trend",6083,5035,0,-0.10422245741038
"5042","beta_trend",6083,5036,0,-0.104554553456702
"5043","beta_trend",6083,5037,0,-0.104892797848765
"5044","beta_trend",6083,5038,0,-0.10523699497883
"5045","beta_trend",6083,5039,0,-0.105586942584349
"5046","beta_trend",6083,5040,0,-0.105942431926981
"5047","beta_trend",6083,5041,0,-0.106303247978258
"5048","beta_trend",6083,5042,0,-0.10663454747013
"5049","beta_trend",6083,5043,0,-0.107006881986021
"5050","beta_trend",6083,5044,0,-0.107383797842911
"5051","beta_trend",6083,5045,0,-0.107765059382266
"5052","beta_trend",6083,5046,0,-0.108150425584237
"5053","beta_trend",6083,5047,0,-0.108539650292505
"5054","beta_trend",6083,5048,0,-0.108932482444337
"5055","beta_trend",6083,5049,0,-0.109328666305647
"5056","beta_trend",6083,5050,0,-0.109727941710843
"5057","beta_trend",6083,5051,0,-0.110130044307222
"5058","beta_trend",6083,5052,0,-0.110534705803691
"5059","beta_trend",6083,5053,0,-0.110941654223578
"5060","beta_trend",6083,5054,0,-0.111350614161283
"5061","beta_trend",6083,5055,0,-0.111761307042529
"5062","beta_trend",6083,5056,0,-0.112173451387973
"5063","beta_trend",6083,5057,0,-0.112586763079901
"5064","beta_trend",6083,5058,0,-0.113000955631776
"5065","beta_trend",6083,5059,0,-0.113415740460355
"5066","beta_trend",6083,5060,0,-0.113830827160131
"5067","beta_trend",6083,5061,0,-0.114245923779822
"5068","beta_trend",6083,5062,0,-0.114660737100643
"5069","beta_trend",6083,5063,0,-0.115074972916083
"5070","beta_trend",6083,5064,0,-0.115488336312931
"5071","beta_trend",6083,5065,0,-0.115900531953252
"5072","beta_trend",6083,5066,0,-0.116311264357059
"5073","beta_trend",6083,5067,0,-0.116720238185388
"5074","beta_trend",6083,5068,0,-0.117127158523511
"5075","beta_trend",6083,5069,0,-0.117531731163987
"5076","beta_trend",6083,5070,0,-0.117933662889303
"5077","beta_trend",6083,5071,0,-0.118332661753798
"5078","beta_trend",6083,5072,0,-0.118728437364599
"5079","beta_trend",6083,5073,0,-0.1191207011613
"5080","beta_trend",6083,5074,0,-0.119509166694092
"5081","beta_trend",6083,5075,0,-0.119893549900083
"5082","beta_trend",6083,5076,0,-0.120273569377513
"5083","beta_trend",6083,5077,0,-0.120648946657608
"5084","beta_trend",6083,5078,0,-0.121019406473797
"5085","beta_trend",6083,5079,0,-0.12138467702801
"5086","beta_trend",6083,5080,0,-0.121744490253815
"5087","beta_trend",6083,5081,0,-0.122098582076098
"5088","beta_trend",6083,5082,0,-0.122446692667056
"5089","beta_trend",6083,5083,0,-0.122788566698225
"5090","beta_trend",6083,5084,0,-0.123123953588292
"5091","beta_trend",6083,5085,0,-0.12345260774645
"5092","beta_trend",6083,5086,0,-0.123774288811034
"5093","beta_trend",6083,5087,0,-0.124088761883213
"5094","beta_trend",6083,5088,0,-0.124395797755483
"5095","beta_trend",6083,5089,0,-0.124695173134751
"5096","beta_trend",6083,5090,0,-0.12498667085975
"5097","beta_trend",6083,5091,0,-0.125270080112597
"5098","beta_trend",6083,5092,0,-0.125545196624258
"5099","beta_trend",6083,5093,0,-0.125811822873704
"5100","beta_trend",6083,5094,0,-0.126117322394147
"5101","beta_trend",6083,5095,0,-0.126368597633847
"5102","beta_trend",6083,5096,0,-0.126610927902969
"5103","beta_trend",6083,5097,0,-0.126844148406461
"5104","beta_trend",6083,5098,0,-0.127068102136004
"5105","beta_trend",6083,5099,0,-0.127282640032097
"5106","beta_trend",6083,5100,0,-0.127487621138674
"5107","beta_trend",6083,5101,0,-0.127682912750109
"5108","beta_trend",6083,5102,0,-0.127868390550453
"5109","beta_trend",6083,5103,0,-0.128043938744757
"5110","beta_trend",6083,5104,0,-0.128209450182372
"5111","beta_trend",6083,5105,0,-0.128364826472079
"5112","beta_trend",6083,5106,0,-0.128509978088939
"5113","beta_trend",6083,5107,0,-0.128644824472764
"5114","beta_trend",6083,5108,0,-0.128769294118098
"5115","beta_trend",6083,5109,0,-0.128883324655627
"5116","beta_trend",6083,5110,0,-0.12898686292492
"5117","beta_trend",6083,5111,0,-0.129079865038451
"5118","beta_trend",6083,5112,0,-0.129162296436808
"5119","beta_trend",6083,5113,0,-0.129234131935056
"5120","beta_trend",6083,5114,0,-0.129295355760194
"5121","beta_trend",6083,5115,0,-0.129345961579668
"5122","beta_trend",6083,5116,0,-0.129385952520911
"5123","beta_trend",6083,5117,0,-0.129415341181889
"5124","beta_trend",6083,5118,0,-0.129434149632641
"5125","beta_trend",6083,5119,0,-0.129442409407806
"5126","beta_trend",6083,5120,0,-0.129440161490144
"5127","beta_trend",6083,5121,0,-0.129427456285069
"5128","beta_trend",6083,5122,0,-0.129404353586211
"5129","beta_trend",6083,5123,0,-0.129370922532043
"5130","beta_trend",6083,5124,0,-0.129327241553609
"5131","beta_trend",6083,5125,0,-0.129273398313411
"5132","beta_trend",6083,5126,0,-0.129209489635508
"5133","beta_trend",6083,5127,0,-0.12913562142689
"5134","beta_trend",6083,5128,0,-0.12905190859021
"5135","beta_trend",6083,5129,0,-0.128958474927959
"5136","beta_trend",6083,5130,0,-0.128855453038165
"5137","beta_trend",6083,5131,0,-0.128742984201734
"5138","beta_trend",6083,5132,0,-0.128621218261524
"5139","beta_trend",6083,5133,0,-0.128490313493288
"5140","beta_trend",6083,5134,0,-0.128350436468592
"5141","beta_trend",6083,5135,0,-0.128201761909865
"5142","beta_trend",6083,5136,0,-0.12804447253769
"5143","beta_trend",6083,5137,0,-0.127878758910519
"5144","beta_trend",6083,5138,0,-0.127661597761053
"5145","beta_trend",6083,5139,0,-0.127481550826835
"5146","beta_trend",6083,5140,0,-0.12729361632606
"5147","beta_trend",6083,5141,0,-0.12709801758533
"5148","beta_trend",6083,5142,0,-0.126894984743912
"5149","beta_trend",6083,5143,0,-0.12668475455524
"5150","beta_trend",6083,5144,0,-0.126467570181947
"5151","beta_trend",6083,5145,0,-0.126243680984642
"5152","beta_trend",6083,5146,0,-0.126013342304646
"5153","beta_trend",6083,5147,0,-0.125776815240889
"5154","beta_trend",6083,5148,0,-0.125534366421207
"5155","beta_trend",6083,5149,0,-0.125286267768258
"5156","beta_trend",6083,5150,0,-0.125032796260295
"5157","beta_trend",6083,5151,0,-0.124774233687021
"5158","beta_trend",6083,5152,0,-0.124510866400792
"5159","beta_trend",6083,5153,0,-0.124242985063386
"5160","beta_trend",6083,5154,0,-0.12397088438861
"5161","beta_trend",6083,5155,0,-0.123694862880988
"5162","beta_trend",6083,5156,0,-0.123415222570794
"5163","beta_trend",6083,5157,0,-0.123132268745684
"5164","beta_trend",6083,5158,0,-0.122846309679192
"5165","beta_trend",6083,5159,0,-0.122557656356366
"5166","beta_trend",6083,5160,0,-0.122266622196803
"5167","beta_trend",6083,5161,0,-0.121973522775347
"5168","beta_trend",6083,5162,0,-0.121678675540749
"5169","beta_trend",6083,5163,0,-0.121382399532532
"5170","beta_trend",6083,5164,0,-0.121085015096357
"5171","beta_trend",6083,5165,0,-0.120786843598165
"5172","beta_trend",6083,5166,0,-0.12048820713736
"5173","beta_trend",6083,5167,0,-0.120189428259328
"5174","beta_trend",6083,5168,0,-0.119890829667555
"5175","beta_trend",6083,5169,0,-0.119592733935635
"5176","beta_trend",6083,5170,0,-0.11929546321943
"5177","beta_trend",6083,5171,0,-0.118999338969681
"5178","beta_trend",6083,5172,0,-0.118704681645321
"5179","beta_trend",6083,5173,0,-0.118411810427783
"5180","beta_trend",6083,5174,0,-0.118121042936572
"5181","beta_trend",6083,5175,0,-0.117832694946365
"5182","beta_trend",6083,5176,0,-0.11754708010592
"5183","beta_trend",6083,5177,0,-0.117264509659052
"5184","beta_trend",6083,5178,0,-0.116985292167941
"5185","beta_trend",6083,5179,0,-0.116709733239047
"5186","beta_trend",6083,5180,0,-0.116438135251864
"5187","beta_trend",6083,5181,0,-0.116170797090801
"5188","beta_trend",6083,5182,0,-0.115908013880412
"5189","beta_trend",6083,5183,0,-0.11565007672424
"5190","beta_trend",6083,5184,0,-0.115397272447518
"5191","beta_trend",6083,5185,0,-0.11514988334395
"5192","beta_trend",6083,5186,0,-0.114908186926835
"5193","beta_trend",6083,5187,0,-0.114672455684734
"5194","beta_trend",6083,5188,0,-0.114442956841921
"5195","beta_trend",6083,5189,0,-0.114219952123839
"5196","beta_trend",6083,5190,0,-0.114003697527765
"5197","beta_trend",6083,5191,0,-0.11382540511197
"5198","beta_trend",6083,5192,0,-0.113624821593073
"5199","beta_trend",6083,5193,0,-0.113431781613176
"5200","beta_trend",6083,5194,0,-0.113246518588006
"5201","beta_trend",6083,5195,0,-0.113069259237193
"5202","beta_trend",6083,5196,0,-0.112900223393491
"5203","beta_trend",6083,5197,0,-0.112739623818621
"5204","beta_trend",6083,5198,0,-0.112587666025903
"5205","beta_trend",6083,5199,0,-0.112444548109844
"5206","beta_trend",6083,5200,0,-0.11231046058283
"5207","beta_trend",6083,5201,0,-0.112185586219052
"5208","beta_trend",6083,5202,0,-0.112070099905825
"5209","beta_trend",6083,5203,0,-0.111964168502404
"5210","beta_trend",6083,5204,0,-0.111867950706433
"5211","beta_trend",6083,5205,0,-0.111781596928135
"5212","beta_trend",6083,5206,0,-0.111705249172343
"5213","beta_trend",6083,5207,0,-0.111639040928476
"5214","beta_trend",6083,5208,0,-0.111583097068538
"5215","beta_trend",6083,5209,0,-0.111537533753234
"5216","beta_trend",6083,5210,0,-0.111502458346259
"5217","beta_trend",6083,5211,0,-0.111477969336833
"5218","beta_trend",6083,5212,0,-0.111464156270538
"5219","beta_trend",6083,5213,0,-0.111461099688495
"5220","beta_trend",6083,5214,0,-0.111468871074926
"5221","beta_trend",6083,5215,0,-0.111487532813132
"5222","beta_trend",6083,5216,0,-0.111517138149903
"5223","beta_trend",6083,5217,0,-0.11155773116837
"5224","beta_trend",6083,5218,0,-0.111609346769318
"5225","beta_trend",6083,5219,0,-0.111672010660938
"5226","beta_trend",6083,5220,0,-0.111745739357015
"5227","beta_trend",6083,5221,0,-0.111830540183532
"5228","beta_trend",6083,5222,0,-0.111926411293652
"5229","beta_trend",6083,5223,0,-0.112033341691053
"5230","beta_trend",6083,5224,0,-0.11215131126156
"5231","beta_trend",6083,5225,0,-0.112280290813023
"5232","beta_trend",6083,5226,0,-0.112420242123378
"5233","beta_trend",6083,5227,0,-0.112571117996824
"5234","beta_trend",6083,5228,0,-0.112732862328036
"5235","beta_trend",6083,5229,0,-0.112905410174326
"5236","beta_trend",6083,5230,0,-0.113088687835661
"5237","beta_trend",6083,5231,0,-0.113282612942435
"5238","beta_trend",6083,5232,0,-0.113487094550889
"5239","beta_trend",6083,5233,0,-0.113702033246062
"5240","beta_trend",6083,5234,0,-0.113927321252143
"5241","beta_trend",6083,5235,0,-0.114138978032556
"5242","beta_trend",6083,5236,0,-0.114385665952418
"5243","beta_trend",6083,5237,0,-0.114642286458194
"5244","beta_trend",6083,5238,0,-0.114908701332408
"5245","beta_trend",6083,5239,0,-0.115184764590649
"5246","beta_trend",6083,5240,0,-0.115470322635516
"5247","beta_trend",6083,5241,0,-0.115765214416862
"5248","beta_trend",6083,5242,0,-0.116069271598154
"5249","beta_trend",6083,5243,0,-0.116382318728775
"5250","beta_trend",6083,5244,0,-0.11670417342208
"5251","beta_trend",6083,5245,0,-0.117034646539017
"5252","beta_trend",6083,5246,0,-0.117373542377121
"5253","beta_trend",6083,5247,0,-0.117720658864672
"5254","beta_trend",6083,5248,0,-0.118075787759818
"5255","beta_trend",6083,5249,0,-0.11843871485446
"5256","beta_trend",6083,5250,0,-0.118809220182667
"5257","beta_trend",6083,5251,0,-0.119187078233425
"5258","beta_trend",6083,5252,0,-0.119572058167483
"5259","beta_trend",6083,5253,0,-0.119963924038076
"5260","beta_trend",6083,5254,0,-0.120362435015304
"5261","beta_trend",6083,5255,0,-0.120767345613923
"5262","beta_trend",6083,5256,0,-0.121178405924323
"5263","beta_trend",6083,5257,0,-0.12159536184646
"5264","beta_trend",6083,5258,0,-0.122017955326486
"5265","beta_trend",6083,5259,0,-0.122445924595864
"5266","beta_trend",6083,5260,0,-0.122879004412692
"5267","beta_trend",6083,5261,0,-0.123316926305031
"5268","beta_trend",6083,5262,0,-0.123759418815949
"5269","beta_trend",6083,5263,0,-0.124206207750073
"5270","beta_trend",6083,5264,0,-0.12465701642138
"5271","beta_trend",6083,5265,0,-0.125111565901982
"5272","beta_trend",6083,5266,0,-0.125569575271667
"5273","beta_trend",6083,5267,0,-0.126030761867936
"5274","beta_trend",6083,5268,0,-0.126494841536297
"5275","beta_trend",6083,5269,0,-0.126961528880566
"5276","beta_trend",6083,5270,0,-0.127430537512933
"5277","beta_trend",6083,5271,0,-0.127901580303535
"5278","beta_trend",6083,5272,0,-0.12837436962931
"5279","beta_trend",6083,5273,0,-0.128848617621875
"5280","beta_trend",6083,5274,0,-0.1293240364142
"5281","beta_trend",6083,5275,0,-0.129800338385821
"5282","beta_trend",6083,5276,0,-0.130277236406378
"5283","beta_trend",6083,5277,0,-0.130754444077228
"5284","beta_trend",6083,5278,0,-0.131231675970905
"5285","beta_trend",6083,5279,0,-0.131708647868203
"5286","beta_trend",6083,5280,0,-0.132185076992652
"5287","beta_trend",6083,5281,0,-0.132660682242168
"5288","beta_trend",6083,5282,0,-0.133135184417657
"5289","beta_trend",6083,5283,0,-0.133608306448356
"5290","beta_trend",6083,5284,0,-0.134079773613707
"5291","beta_trend",6083,5285,0,-0.134549313761555
"5292","beta_trend",6083,5286,0,-0.135016657522459
"5293","beta_trend",6083,5287,0,-0.135481538519931
"5294","beta_trend",6083,5288,0,-0.135998218005233
"5295","beta_trend",6083,5289,0,-0.136459897065494
"5296","beta_trend",6083,5290,0,-0.136918443142834
"5297","beta_trend",6083,5291,0,-0.13737360825425
"5298","beta_trend",6083,5292,0,-0.137825148556764
"5299","beta_trend",6083,5293,0,-0.13827282453475
"5300","beta_trend",6083,5294,0,-0.138716401182098
"5301","beta_trend",6083,5295,0,-0.139155648179062
"5302","beta_trend",6083,5296,0,-0.139590340063643
"5303","beta_trend",6083,5297,0,-0.140020256397376
"5304","beta_trend",6083,5298,0,-0.140445181925375
"5305","beta_trend",6083,5299,0,-0.140864906730523
"5306","beta_trend",6083,5300,0,-0.141279226381673
"5307","beta_trend",6083,5301,0,-0.141687942075764
"5308","beta_trend",6083,5302,0,-0.142090860773719
"5309","beta_trend",6083,5303,0,-0.142487795330055
"5310","beta_trend",6083,5304,0,-0.14287856461609
"5311","beta_trend",6083,5305,0,-0.143262993636659
"5312","beta_trend",6083,5306,0,-0.143640913640287
"5313","beta_trend",6083,5307,0,-0.144012162222706
"5314","beta_trend",6083,5308,0,-0.144376583423687
"5315","beta_trend",6083,5309,0,-0.144734027817104
"5316","beta_trend",6083,5310,0,-0.145084352594193
"5317","beta_trend",6083,5311,0,-0.145427421639953
"5318","beta_trend",6083,5312,0,-0.145763105602663
"5319","beta_trend",6083,5313,0,-0.146091281956471
"5320","beta_trend",6083,5314,0,-0.146411835057042
"5321","beta_trend",6083,5315,0,-0.146724656190254
"5322","beta_trend",6083,5316,0,-0.147029643613919
"5323","beta_trend",6083,5317,0,-0.147326702592543
"5324","beta_trend",6083,5318,0,-0.147615745425122
"5325","beta_trend",6083,5319,0,-0.147896691465991
"5326","beta_trend",6083,5320,0,-0.148169467138748
"5327","beta_trend",6083,5321,0,-0.14843400594327
"5328","beta_trend",6083,5322,0,-0.148690248455875
"5329","beta_trend",6083,5323,0,-0.148938142322646
"5330","beta_trend",6083,5324,0,-0.149177642245989
"5331","beta_trend",6083,5325,0,-0.149408709964458
"5332","beta_trend",6083,5326,0,-0.149631314225928
"5333","beta_trend",6083,5327,0,-0.149845430754165
"5334","beta_trend",6083,5328,0,-0.150051042208883
"5335","beta_trend",6083,5329,0,-0.150248138139356
"5336","beta_trend",6083,5330,0,-0.15043671493168
"5337","beta_trend",6083,5331,0,-0.150565191201763
"5338","beta_trend",6083,5332,0,-0.150739028840429
"5339","beta_trend",6083,5333,0,-0.150904281084266
"5340","beta_trend",6083,5334,0,-0.151060974792503
"5341","beta_trend",6083,5335,0,-0.151209143167781
"5342","beta_trend",6083,5336,0,-0.151348825672003
"5343","beta_trend",6083,5337,0,-0.151480067936459
"5344","beta_trend",6083,5338,0,-0.151602921666375
"5345","beta_trend",6083,5339,0,-0.15171744454002
"5346","beta_trend",6083,5340,0,-0.151823700102508
"5347","beta_trend",6083,5341,0,-0.151921757654461
"5348","beta_trend",6083,5342,0,-0.152011692135665
"5349","beta_trend",6083,5343,0,-0.152093584003894
"5350","beta_trend",6083,5344,0,-0.152167519109048
"5351","beta_trend",6083,5345,0,-0.152233588562784
"5352","beta_trend",6083,5346,0,-0.152291888603792
"5353","beta_trend",6083,5347,0,-0.152342520458909
"5354","beta_trend",6083,5348,0,-0.152385590200222
"5355","beta_trend",6083,5349,0,-0.152421208598359
"5356","beta_trend",6083,5350,0,-0.152449490972137
"5357","beta_trend",6083,5351,0,-0.152470557034753
"5358","beta_trend",6083,5352,0,-0.152484530736707
"5359","beta_trend",6083,5353,0,-0.152491540105643
"5360","beta_trend",6083,5354,0,-0.152491717083296
"5361","beta_trend",6083,5355,0,-0.152485197359741
"5362","beta_trend",6083,5356,0,-0.152472120205142
"5363","beta_trend",6083,5357,0,-0.152452628299179
"5364","beta_trend",6083,5358,0,-0.152426867558367
"5365","beta_trend",6083,5359,0,-0.152394986961461
"5366","beta_trend",6083,5360,0,-0.152357138373134
"5367","beta_trend",6083,5361,0,-0.152313476366141
"5368","beta_trend",6083,5362,0,-0.152264158042154
"5369","beta_trend",6083,5363,0,-0.152209342851479
"5370","beta_trend",6083,5364,0,-0.152149192411846
"5371","beta_trend",6083,5365,0,-0.152083870326476
"5372","beta_trend",6083,5366,0,-0.152013542001611
"5373","beta_trend",6083,5367,0,-0.151938374463725
"5374","beta_trend",6083,5368,0,-0.151858536176589
"5375","beta_trend",6083,5369,0,-0.151774196858404
"5376","beta_trend",6083,5370,0,-0.151685527299185
"5377","beta_trend",6083,5371,0,-0.151592699178587
"5378","beta_trend",6083,5372,0,-0.151495884884375
"5379","beta_trend",6083,5373,0,-0.151395257331714
"5380","beta_trend",6083,5374,0,-0.15129098978347
"5381","beta_trend",6083,5375,0,-0.151183255671708
"5382","beta_trend",6083,5376,0,-0.151072228420567
"5383","beta_trend",6083,5377,0,-0.150958081270689
"5384","beta_trend",6083,5378,0,-0.150840987105378
"5385","beta_trend",6083,5379,0,-0.15072111827867
"5386","beta_trend",6083,5380,0,-0.150598646445469
"5387","beta_trend",6083,5381,0,-0.150473742393926
"5388","beta_trend",6083,5382,0,-0.150346575880226
"5389","beta_trend",6083,5383,0,-0.150217315465929
"5390","beta_trend",6083,5384,0,-0.15010930831676
"5391","beta_trend",6083,5385,0,-0.149977428574563
"5392","beta_trend",6083,5386,0,-0.149843998296062
"5393","beta_trend",6083,5387,0,-0.149709181576492
"5394","beta_trend",6083,5388,0,-0.149573140616908
"5395","beta_trend",6083,5389,0,-0.149436035582343
"5396","beta_trend",6083,5390,0,-0.149298024463589
"5397","beta_trend",6083,5391,0,-0.149159262942723
"5398","beta_trend",6083,5392,0,-0.149019904262515
"5399","beta_trend",6083,5393,0,-0.148880099099811
"5400","beta_trend",6083,5394,0,-0.148739995443021
"5401","beta_trend",6083,5395,0,-0.148599738473806
"5402","beta_trend",6083,5396,0,-0.14845947045307
"5403","beta_trend",6083,5397,0,-0.148319330611344
"5404","beta_trend",6083,5398,0,-0.148179455043668
"5405","beta_trend",6083,5399,0,-0.148039976609029
"5406","beta_trend",6083,5400,0,-0.147901024834457
"5407","beta_trend",6083,5401,0,-0.147762725823839
"5408","beta_trend",6083,5402,0,-0.147625202171521
"5409","beta_trend",6083,5403,0,-0.147488572880756
"5410","beta_trend",6083,5404,0,-0.147352953287064
"5411","beta_trend",6083,5405,0,-0.14721845498653
"5412","beta_trend",6083,5406,0,-0.147085185769114
"5413","beta_trend",6083,5407,0,-0.14695324955699
"5414","beta_trend",6083,5408,0,-0.146822746347941
"5415","beta_trend",6083,5409,0,-0.146693772163865
"5416","beta_trend",6083,5410,0,-0.146566419004372
"5417","beta_trend",6083,5411,0,-0.146440774805525
"5418","beta_trend",6083,5412,0,-0.146316923403695
"5419","beta_trend",6083,5413,0,-0.146194944504574
"5420","beta_trend",6083,5414,0,-0.146074913657298
"5421","beta_trend",6083,5415,0,-0.145956902233711
"5422","beta_trend",6083,5416,0,-0.145840977412721
"5423","beta_trend",6083,5417,0,-0.145727202169753
"5424","beta_trend",6083,5418,0,-0.145615635271258
"5425","beta_trend",6083,5419,0,-0.145506331274246
"5426","beta_trend",6083,5420,0,-0.145399340530811
"5427","beta_trend",6083,5421,0,-0.1452947091976
"5428","beta_trend",6083,5422,0,-0.14519247925018
"5429","beta_trend",6083,5423,0,-0.145092688502245
"5430","beta_trend",6083,5424,0,-0.144995370629605
"5431","beta_trend",6083,5425,0,-0.14490055519889
"5432","beta_trend",6083,5426,0,-0.14480826770091
"5433","beta_trend",6083,5427,0,-0.144718529588574
"5434","beta_trend",6083,5428,0,-0.144611435515934
"5435","beta_trend",6083,5429,0,-0.144527727303182
"5436","beta_trend",6083,5430,0,-0.144446571958994
"5437","beta_trend",6083,5431,0,-0.144367976716817
"5438","beta_trend",6083,5432,0,-0.144291944973895
"5439","beta_trend",6083,5433,0,-0.144218476356551
"5440","beta_trend",6083,5434,0,-0.144147566789332
"5441","beta_trend",6083,5435,0,-0.144079208567907
"5442","beta_trend",6083,5436,0,-0.144013390435604
"5443","beta_trend",6083,5437,0,-0.143950097663468
"5444","beta_trend",6083,5438,0,-0.143889312133716
"5445","beta_trend",6083,5439,0,-0.143831012426467
"5446","beta_trend",6083,5440,0,-0.143775173909616
"5447","beta_trend",6083,5441,0,-0.143721768831725
"5448","beta_trend",6083,5442,0,-0.143670766417788
"5449","beta_trend",6083,5443,0,-0.143622132967734
"5450","beta_trend",6083,5444,0,-0.14357583195754
"5451","beta_trend",6083,5445,0,-0.14353182414279
"5452","beta_trend",6083,5446,0,-0.143490067664552
"5453","beta_trend",6083,5447,0,-0.143450518157416
"5454","beta_trend",6083,5448,0,-0.143413128859543
"5455","beta_trend",6083,5449,0,-0.143377850724583
"5456","beta_trend",6083,5450,0,-0.143344632535292
"5457","beta_trend",6083,5451,0,-0.14331342101871
"5458","beta_trend",6083,5452,0,-0.14328416096273
"5459","beta_trend",6083,5453,0,-0.143256795333914
"5460","beta_trend",6083,5454,0,-0.143231265396377
"5461","beta_trend",6083,5455,0,-0.143207510831605
"5462","beta_trend",6083,5456,0,-0.143185469859029
"5463","beta_trend",6083,5457,0,-0.143165079357193
"5464","beta_trend",6083,5458,0,-0.143146274985376
"5465","beta_trend",6083,5459,0,-0.14312899130548
"5466","beta_trend",6083,5460,0,-0.143113161904038
"5467","beta_trend",6083,5461,0,-0.143098719514188
"5468","beta_trend",6083,5462,0,-0.143085596137432
"5469","beta_trend",6083,5463,0,-0.14307372316504
"5470","beta_trend",6083,5464,0,-0.143063031498933
"5471","beta_trend",6083,5465,0,-0.14305345167188
"5472","beta_trend",6083,5466,0,-0.143044913966866
"5473","beta_trend",6083,5467,0,-0.143037348535467
"5474","beta_trend",6083,5468,0,-0.143030685515078
"5475","beta_trend",6083,5469,0,-0.143024855144846
"5476","beta_trend",6083,5470,0,-0.143019787880152
"5477","beta_trend",6083,5471,0,-0.143015414505502
"5478","beta_trend",6083,5472,0,-0.14301166624567
"5479","beta_trend",6083,5473,0,-0.143008474874957
"5480","beta_trend",6083,5474,0,-0.143005772824424
"5481","beta_trend",6083,5475,0,-0.143003493286952
"5482","beta_trend",6083,5476,0,-0.143001570320009
"5483","beta_trend",6083,5477,0,-0.142999938945966
"5484","beta_trend",6083,5478,0,-0.142998535249864
"5485","beta_trend",6083,5479,0,-0.142997296474471
"5486","beta_trend",6083,5480,0,-0.142996161112535
"5487","beta_trend",6083,5481,0,-0.143063539408714
"5488","beta_trend",6083,5482,0,-0.143065583818936
"5489","beta_trend",6083,5483,0,-0.143067692305887
"5490","beta_trend",6083,5484,0,-0.143069814761263
"5491","beta_trend",6083,5485,0,-0.143071902947212
"5492","beta_trend",6083,5486,0,-0.143073910576094
"5493","beta_trend",6083,5487,0,-0.143075793386867
"5494","beta_trend",6083,5488,0,-0.143077509217985
"5495","beta_trend",6083,5489,0,-0.143079018076743
"5496","beta_trend",6083,5490,0,-0.143080282204983
"5497","beta_trend",6083,5491,0,-0.143081266141077
"5498","beta_trend",6083,5492,0,-0.143081936778137
"5499","beta_trend",6083,5493,0,-0.143082263418369
"5500","beta_trend",6083,5494,0,-0.14308221782351
"5501","beta_trend",6083,5495,0,-0.143081774261308
"5502","beta_trend",6083,5496,0,-0.143080909547976
"5503","beta_trend",6083,5497,0,-0.143079603086585
"5504","beta_trend",6083,5498,0,-0.143077836901347
"5505","beta_trend",6083,5499,0,-0.143075595667764
"5506","beta_trend",6083,5500,0,-0.143072866738595
"5507","beta_trend",6083,5501,0,-0.143069640165634
"5508","beta_trend",6083,5502,0,-0.143065908717259
"5509","beta_trend",6083,5503,0,-0.143061667891758
"5510","beta_trend",6083,5504,0,-0.1430569159264
"5511","beta_trend",6083,5505,0,-0.143051653802266
"5512","beta_trend",6083,5506,0,-0.143045885244821
"5513","beta_trend",6083,5507,0,-0.143039616720251
"5514","beta_trend",6083,5508,0,-0.143032857427559
"5515","beta_trend",6083,5509,0,-0.143025619286453
"5516","beta_trend",6083,5510,0,-0.143017916921025
"5517","beta_trend",6083,5511,0,-0.143009767639272
"5518","beta_trend",6083,5512,0,-0.143001191408468
"5519","beta_trend",6083,5513,0,-0.142992210826441
"5520","beta_trend",6083,5514,0,-0.142982851088781
"5521","beta_trend",6083,5515,0,-0.142973139952037
"5522","beta_trend",6083,5516,0,-0.142963107692947
"5523","beta_trend",6083,5517,0,-0.142952787063763
"5524","beta_trend",6083,5518,0,-0.142942213243725
"5525","beta_trend",6083,5519,0,-0.142931423786754
"5526","beta_trend",6083,5520,0,-0.142920458565433
"5527","beta_trend",6083,5521,0,-0.142909359711348
"5528","beta_trend",6083,5522,0,-0.142898171551881
"5529","beta_trend",6083,5523,0,-0.142886940543511
"5530","beta_trend",6083,5524,0,-0.142819441121431
"5531","beta_trend",6083,5525,0,-0.142810762121324
"5532","beta_trend",6083,5526,0,-0.142802087198677
"5533","beta_trend",6083,5527,0,-0.142793474711867
"5534","beta_trend",6083,5528,0,-0.142784984615717
"5535","beta_trend",6083,5529,0,-0.142776678380919
"5536","beta_trend",6083,5530,0,-0.142768618910524
"5537","beta_trend",6083,5531,0,-0.142760870453648
"5538","beta_trend",6083,5532,0,-0.142753498516484
"5539","beta_trend",6083,5533,0,-0.142746569770771
"5540","beta_trend",6083,5534,0,-0.14274015195983
"5541","beta_trend",6083,5535,0,-0.142734313802309
"5542","beta_trend",6083,5536,0,-0.142729124893759
"5543","beta_trend",6083,5537,0,-0.14272465560619
"5544","beta_trend",6083,5538,0,-0.14272097698573
"5545","beta_trend",6083,5539,0,-0.142718160648541
"5546","beta_trend",6083,5540,0,-0.14271627867513
"5547","beta_trend",6083,5541,0,-0.142715403503194
"5548","beta_trend",6083,5542,0,-0.142715607819156
"5549","beta_trend",6083,5543,0,-0.142716964448527
"5550","beta_trend",6083,5544,0,-0.14271954624526
"5551","beta_trend",6083,5545,0,-0.142723425980231
"5552","beta_trend",6083,5546,0,-0.142728676229011
"5553","beta_trend",6083,5547,0,-0.142735369259069
"5554","beta_trend",6083,5548,0,-0.142743576916579
"5555","beta_trend",6083,5549,0,-0.142753370512965
"5556","beta_trend",6083,5550,0,-0.142764820711351
"5557","beta_trend",6083,5551,0,-0.142777997413069
"5558","beta_trend",6083,5552,0,-0.142792969644379
"5559","beta_trend",6083,5553,0,-0.142809805443556
"5560","beta_trend",6083,5554,0,-0.142828571748495
"5561","beta_trend",6083,5555,0,-0.142849334285004
"5562","beta_trend",6083,5556,0,-0.142872157455915
"5563","beta_trend",6083,5557,0,-0.142897104231187
"5564","beta_trend",6083,5558,0,-0.142924236039136
"5565","beta_trend",6083,5559,0,-0.142953612658965
"5566","beta_trend",6083,5560,0,-0.142985292114714
"5567","beta_trend",6083,5561,0,-0.143019330570803
"5568","beta_trend",6083,5562,0,-0.143055782229306
"5569","beta_trend",6083,5563,0,-0.143094699229096
"5570","beta_trend",6083,5564,0,-0.143136131547005
"5571","beta_trend",6083,5565,0,-0.14318012690115
"5572","beta_trend",6083,5566,0,-0.143226730656547
"5573","beta_trend",6083,5567,0,-0.143275985733156
"5574","beta_trend",6083,5568,0,-0.143327932516496
"5575","beta_trend",6083,5569,0,-0.143382608770948
"5576","beta_trend",6083,5570,0,-0.143440049555876
"5577","beta_trend",6083,5571,0,-0.143500287144703
"5578","beta_trend",6083,5572,0,-0.14356335094704
"5579","beta_trend",6083,5573,0,-0.143629267434002
"5580","beta_trend",6083,5574,0,-0.143698060066821
"5581","beta_trend",6083,5575,0,-0.143769749228863
"5582","beta_trend",6083,5576,0,-0.143844352161152
"5583","beta_trend",6083,5577,0,-0.143929811850743
"5584","beta_trend",6083,5578,0,-0.144010646665526
"5585","beta_trend",6083,5579,0,-0.144094443416289
"5586","beta_trend",6083,5580,0,-0.144181206847728
"5587","beta_trend",6083,5581,0,-0.144270938319871
"5588","beta_trend",6083,5582,0,-0.144363635767465
"5589","beta_trend",6083,5583,0,-0.144459293663506
"5590","beta_trend",6083,5584,0,-0.144557902987001
"5591","beta_trend",6083,5585,0,-0.144659451195024
"5592","beta_trend",6083,5586,0,-0.144763922199125
"5593","beta_trend",6083,5587,0,-0.144871296346145
"5594","beta_trend",6083,5588,0,-0.144981550403499
"5595","beta_trend",6083,5589,0,-0.145094657548956
"5596","beta_trend",6083,5590,0,-0.145210587364978
"5597","beta_trend",6083,5591,0,-0.145329305837629
"5598","beta_trend",6083,5592,0,-0.145450775360102
"5599","beta_trend",6083,5593,0,-0.145574954740879
"5600","beta_trend",6083,5594,0,-0.145701799216547
"5601","beta_trend",6083,5595,0,-0.145831260469276
"5602","beta_trend",6083,5596,0,-0.145963286648977
"5603","beta_trend",6083,5597,0,-0.146097822400132
"5604","beta_trend",6083,5598,0,-0.146234808893299
"5605","beta_trend",6083,5599,0,-0.146374183861271
"5606","beta_trend",6083,5600,0,-0.146515881639894
"5607","beta_trend",6083,5601,0,-0.146659833213502
"5608","beta_trend",6083,5602,0,-0.146805966264949
"5609","beta_trend",6083,5603,0,-0.146954205230218
"5610","beta_trend",6083,5604,0,-0.147104471357547
"5611","beta_trend",6083,5605,0,-0.147256682771046
"5612","beta_trend",6083,5606,0,-0.147410754538744
"5613","beta_trend",6083,5607,0,-0.147566598745023
"5614","beta_trend",6083,5608,0,-0.147724124567363
"5615","beta_trend",6083,5609,0,-0.147883238357342
"5616","beta_trend",6083,5610,0,-0.148043843725824
"5617","beta_trend",6083,5611,0,-0.148205841632243
"5618","beta_trend",6083,5612,0,-0.148369130477908
"5619","beta_trend",6083,5613,0,-0.148533606203252
"5620","beta_trend",6083,5614,0,-0.148699162388912
"5621","beta_trend",6083,5615,0,-0.148865690360554
"5622","beta_trend",6083,5616,0,-0.149033079297342
"5623","beta_trend",6083,5617,0,-0.149201216343932
"5624","beta_trend",6083,5618,0,-0.149369986725892
"5625","beta_trend",6083,5619,0,-0.149539273868414
"5626","beta_trend",6083,5620,0,-0.149708959518218
"5627","beta_trend",6083,5621,0,-0.149859004449941
"5628","beta_trend",6083,5622,0,-0.150030008722515
"5629","beta_trend",6083,5623,0,-0.150201010856268
"5630","beta_trend",6083,5624,0,-0.150371888625529
"5631","beta_trend",6083,5625,0,-0.150542518725204
"5632","beta_trend",6083,5626,0,-0.150712776910705
"5633","beta_trend",6083,5627,0,-0.150882538140017
"5634","beta_trend",6083,5628,0,-0.151051676717771
"5635","beta_trend",6083,5629,0,-0.151220066441154
"5636","beta_trend",6083,5630,0,-0.151387580747493
"5637","beta_trend",6083,5631,0,-0.151554092863366
"5638","beta_trend",6083,5632,0,-0.151719475955047
"5639","beta_trend",6083,5633,0,-0.151883603280147
"5640","beta_trend",6083,5634,0,-0.152046348340245
"5641","beta_trend",6083,5635,0,-0.152207585034366
"5642","beta_trend",6083,5636,0,-0.152367187813108
"5643","beta_trend",6083,5637,0,-0.152525031833245
"5644","beta_trend",6083,5638,0,-0.152680993112632
"5645","beta_trend",6083,5639,0,-0.15283494868522
"5646","beta_trend",6083,5640,0,-0.152986776756001
"5647","beta_trend",6083,5641,0,-0.153136356855701
"5648","beta_trend",6083,5642,0,-0.15328356999503
"5649","beta_trend",6083,5643,0,-0.153428298818303
"5650","beta_trend",6083,5644,0,-0.15357042775625
"5651","beta_trend",6083,5645,0,-0.15370984317781
"5652","beta_trend",6083,5646,0,-0.153846433540746
"5653","beta_trend",6083,5647,0,-0.153980089540873
"5654","beta_trend",6083,5648,0,-0.154110704259706
"5655","beta_trend",6083,5649,0,-0.15423817331037
"5656","beta_trend",6083,5650,0,-0.154362394981544
"5657","beta_trend",6083,5651,0,-0.154483270379285
"5658","beta_trend",6083,5652,0,-0.154600703566527
"5659","beta_trend",6083,5653,0,-0.154714601700083
"5660","beta_trend",6083,5654,0,-0.154824875164954
"5661","beta_trend",6083,5655,0,-0.15493143770577
"5662","beta_trend",6083,5656,0,-0.155034206555194
"5663","beta_trend",6083,5657,0,-0.155133102559083
"5664","beta_trend",6083,5658,0,-0.155228050298263
"5665","beta_trend",6083,5659,0,-0.155318978206725
"5666","beta_trend",6083,5660,0,-0.155405818686068
"5667","beta_trend",6083,5661,0,-0.155488508216047
"5668","beta_trend",6083,5662,0,-0.155566987461026
"5669","beta_trend",6083,5663,0,-0.155641201372211
"5670","beta_trend",6083,5664,0,-0.155711099285468
"5671","beta_trend",6083,5665,0,-0.155776635014611
"5672","beta_trend",6083,5666,0,-0.155837766939977
"5673","beta_trend",6083,5667,0,-0.155894458092157
"5674","beta_trend",6083,5668,0,-0.155946676230743
"5675","beta_trend",6083,5669,0,-0.155994393917945
"5676","beta_trend",6083,5670,0,-0.156037588586954
"5677","beta_trend",6083,5671,0,-0.15607624260491
"5678","beta_trend",6083,5672,0,-0.156110343330365
"5679","beta_trend",6083,5673,0,-0.156139883165121
"5680","beta_trend",6083,5674,0,-0.156252085693254
"5681","beta_trend",6083,5675,0,-0.156276517268794
"5682","beta_trend",6083,5676,0,-0.156296570176524
"5683","beta_trend",6083,5677,0,-0.156312264449766
"5684","beta_trend",6083,5678,0,-0.156323625598088
"5685","beta_trend",6083,5679,0,-0.156330684631871
"5686","beta_trend",6083,5680,0,-0.15633347808082
"5687","beta_trend",6083,5681,0,-0.156332048006345
"5688","beta_trend",6083,5682,0,-0.156326442007765
"5689","beta_trend",6083,5683,0,-0.156316713222261
"5690","beta_trend",6083,5684,0,-0.15630292031855
"5691","beta_trend",6083,5685,0,-0.156285127484225
"5692","beta_trend",6083,5686,0,-0.15626340440673
"5693","beta_trend",6083,5687,0,-0.156237826247955
"5694","beta_trend",6083,5688,0,-0.156208473612398
"5695","beta_trend",6083,5689,0,-0.156175432508928
"5696","beta_trend",6083,5690,0,-0.156138794306094
"5697","beta_trend",6083,5691,0,-0.156098655681015
"5698","beta_trend",6083,5692,0,-0.156055118561846
"5699","beta_trend",6083,5693,0,-0.156008290063826
"5700","beta_trend",6083,5694,0,-0.155958282418952
"5701","beta_trend",6083,5695,0,-0.155905212899288
"5702","beta_trend",6083,5696,0,-0.155849203733954
"5703","beta_trend",6083,5697,0,-0.155790382019841
"5704","beta_trend",6083,5698,0,-0.1557288796261
"5705","beta_trend",6083,5699,0,-0.155664833092456
"5706","beta_trend",6083,5700,0,-0.155598383521437
"5707","beta_trend",6083,5701,0,-0.155529676464553
"5708","beta_trend",6083,5702,0,-0.155458861802544
"5709","beta_trend",6083,5703,0,-0.155386093619757
"5710","beta_trend",6083,5704,0,-0.155311530072756
"5711","beta_trend",6083,5705,0,-0.155235333253267
"5712","beta_trend",6083,5706,0,-0.155157669045567
"5713","beta_trend",6083,5707,0,-0.155078706978423
"5714","beta_trend",6083,5708,0,-0.154998620071718
"5715","beta_trend",6083,5709,0,-0.154917584677877
"5716","beta_trend",6083,5710,0,-0.154835780318244
"5717","beta_trend",6083,5711,0,-0.154753389514533
"5718","beta_trend",6083,5712,0,-0.15467059761552
"5719","beta_trend",6083,5713,0,-0.154587592619118
"5720","beta_trend",6083,5714,0,-0.154504564990004
"5721","beta_trend",6083,5715,0,-0.154421707472953
"5722","beta_trend",6083,5716,0,-0.154339214902065
"5723","beta_trend",6083,5717,0,-0.154204591828747
"5724","beta_trend",6083,5718,0,-0.154125752438708
"5725","beta_trend",6083,5719,0,-0.154047775241995
"5726","beta_trend",6083,5720,0,-0.153970865301421
"5727","beta_trend",6083,5721,0,-0.153895228619327
"5728","beta_trend",6083,5722,0,-0.153821071930711
"5729","beta_trend",6083,5723,0,-0.153748602493466
"5730","beta_trend",6083,5724,0,-0.153678027875954
"5731","beta_trend",6083,5725,0,-0.153609555742122
"5732","beta_trend",6083,5726,0,-0.153543393634407
"5733","beta_trend",6083,5727,0,-0.153479748754634
"5734","beta_trend",6083,5728,0,-0.15341882774316
"5735","beta_trend",6083,5729,0,-0.153360836456488
"5736","beta_trend",6083,5730,0,-0.153305979743596
"5737","beta_trend",6083,5731,0,-0.153254461221218
"5738","beta_trend",6083,5732,0,-0.153206483048329
"5739","beta_trend",6083,5733,0,-0.153162245700071
"5740","beta_trend",6083,5734,0,-0.153121947741383
"5741","beta_trend",6083,5735,0,-0.153085785600571
"5742","beta_trend",6083,5736,0,-0.15305395334308
"5743","beta_trend",6083,5737,0,-0.15302664244573
"5744","beta_trend",6083,5738,0,-0.153004041571647
"5745","beta_trend",6083,5739,0,-0.152986336346175
"5746","beta_trend",6083,5740,0,-0.152973709134005
"5747","beta_trend",6083,5741,0,-0.152966338817786
"5748","beta_trend",6083,5742,0,-0.15296440057848
"5749","beta_trend",6083,5743,0,-0.152968065677708
"5750","beta_trend",6083,5744,0,-0.152977501242353
"5751","beta_trend",6083,5745,0,-0.152992870051671
"5752","beta_trend",6083,5746,0,-0.153014330327171
"5753","beta_trend",6083,5747,0,-0.153042035525505
"5754","beta_trend",6083,5748,0,-0.153076134134641
"5755","beta_trend",6083,5749,0,-0.153116769473544
"5756","beta_trend",6083,5750,0,-0.153164079495643
"5757","beta_trend",6083,5751,0,-0.153218196596292
"5758","beta_trend",6083,5752,0,-0.153279247424515
"5759","beta_trend",6083,5753,0,-0.153347352699225
"5760","beta_trend",6083,5754,0,-0.153422627030198
"5761","beta_trend",6083,5755,0,-0.153505178744004
"5762","beta_trend",6083,5756,0,-0.153595109715145
"5763","beta_trend",6083,5757,0,-0.153692515202604
"5764","beta_trend",6083,5758,0,-0.153797483692057
"5765","beta_trend",6083,5759,0,-0.153910096743934
"5766","beta_trend",6083,5760,0,-0.154030428847553
"5767","beta_trend",6083,5761,0,-0.154158547281542
"5768","beta_trend",6083,5762,0,-0.154294511980734
"5769","beta_trend",6083,5763,0,-0.154438375409746
"5770","beta_trend",6083,5764,0,-0.154590182443411
"5771","beta_trend",6083,5765,0,-0.154749970254276
"5772","beta_trend",6083,5766,0,-0.154917768207315
"5773","beta_trend",6083,5767,0,-0.155093597762042
"5774","beta_trend",6083,5768,0,-0.155277472382186
"5775","beta_trend",6083,5769,0,-0.155469397453083
"5776","beta_trend",6083,5770,0,-0.155669370206934
"5777","beta_trend",6083,5771,0,-0.155877379656073
"5778","beta_trend",6083,5772,0,-0.15609340653438
"5779","beta_trend",6083,5773,0,-0.156317423246956
"5780","beta_trend",6083,5774,0,-0.156549393828198
"5781","beta_trend",6083,5775,0,-0.15678927390836
"5782","beta_trend",6083,5776,0,-0.157037010688725
"5783","beta_trend",6083,5777,0,-0.157292542925462
"5784","beta_trend",6083,5778,0,-0.157555800922267
"5785","beta_trend",6083,5779,0,-0.15782670653185
"5786","beta_trend",6083,5780,0,-0.158105173166353
"5787","beta_trend",6083,5781,0,-0.158391105816735
"5788","beta_trend",6083,5782,0,-0.158684401081192
"5789","beta_trend",6083,5783,0,-0.158984947202633
"5790","beta_trend",6083,5784,0,-0.159292624115259
"5791","beta_trend",6083,5785,0,-0.159607303500252
"5792","beta_trend",6083,5786,0,-0.159928848850587
"5793","beta_trend",6083,5787,0,-0.160257115544976
"5794","beta_trend",6083,5788,0,-0.160591950930915
"5795","beta_trend",6083,5789,0,-0.160933194416845
"5796","beta_trend",6083,5790,0,-0.161280677573363
"5797","beta_trend",6083,5791,0,-0.161634224243474
"5798","beta_trend",6083,5792,0,-0.16199365066182
"5799","beta_trend",6083,5793,0,-0.162358765582823
"5800","beta_trend",6083,5794,0,-0.162729370417691
"5801","beta_trend",6083,5795,0,-0.163105259380189
"5802","beta_trend",6083,5796,0,-0.163486219641097
"5803","beta_trend",6083,5797,0,-0.163872031491255
"5804","beta_trend",6083,5798,0,-0.164262468513081
"5805","beta_trend",6083,5799,0,-0.164657297760455
"5806","beta_trend",6083,5800,0,-0.165056279946829
"5807","beta_trend",6083,5801,0,-0.165459169641425
"5808","beta_trend",6083,5802,0,-0.16586571547339
"5809","beta_trend",6083,5803,0,-0.166275660343728
"5810","beta_trend",6083,5804,0,-0.166688741644861
"5811","beta_trend",6083,5805,0,-0.167104691487634
"5812","beta_trend",6083,5806,0,-0.167523236935577
"5813","beta_trend",6083,5807,0,-0.167944100246242
"5814","beta_trend",6083,5808,0,-0.168366999119395
"5815","beta_trend",6083,5809,0,-0.168791646951871
"5816","beta_trend",6083,5810,0,-0.169217753098851
"5817","beta_trend",6083,5811,0,-0.169645023141346
"5818","beta_trend",6083,5812,0,-0.170073159159656
"5819","beta_trend",6083,5813,0,-0.170501860012533
"5820","beta_trend",6083,5814,0,-0.170901955810568
"5821","beta_trend",6083,5815,0,-0.171332150095955
"5822","beta_trend",6083,5816,0,-0.171761935615309
"5823","beta_trend",6083,5817,0,-0.172191003358405
"5824","beta_trend",6083,5818,0,-0.17261904248857
"5825","beta_trend",6083,5819,0,-0.17304574065319
"5826","beta_trend",6083,5820,0,-0.17347078429793
"5827","beta_trend",6083,5821,0,-0.173893858984397
"5828","beta_trend",6083,5822,0,-0.174314649710912
"5829","beta_trend",6083,5823,0,-0.174732841236107
"5830","beta_trend",6083,5824,0,-0.175148118405001
"5831","beta_trend",6083,5825,0,-0.175560166477267
"5832","beta_trend",6083,5826,0,-0.175968671457333
"5833","beta_trend",6083,5827,0,-0.176373320426015
"5834","beta_trend",6083,5828,0,-0.176773801873318
"5835","beta_trend",6083,5829,0,-0.177169806032098
"5836","beta_trend",6083,5830,0,-0.17756102521222
"5837","beta_trend",6083,5831,0,-0.177947154134873
"5838","beta_trend",6083,5832,0,-0.178327890266711
"5839","beta_trend",6083,5833,0,-0.178702934153438
"5840","beta_trend",6083,5834,0,-0.179071989752525
"5841","beta_trend",6083,5835,0,-0.179434764764664
"5842","beta_trend",6083,5836,0,-0.179790970963644
"5843","beta_trend",6083,5837,0,-0.180140324524263
"5844","beta_trend",6083,5838,0,-0.180482546347938
"5845","beta_trend",6083,5839,0,-0.180817362385645
"5846","beta_trend",6083,5840,0,-0.181144503957841
"5847","beta_trend",6083,5841,0,-0.181463708071013
"5848","beta_trend",6083,5842,0,-0.181774717730489
"5849","beta_trend",6083,5843,0,-0.182077282249165
"5850","beta_trend",6083,5844,0,-0.182371157551805
"5851","beta_trend",6083,5845,0,-0.182656106474539
"5852","beta_trend",6083,5846,0,-0.182931899059241
"5853","beta_trend",6083,5847,0,-0.183198312842423
"5854","beta_trend",6083,5848,0,-0.183455133138308
"5855","beta_trend",6083,5849,0,-0.183702153315749
"5856","beta_trend",6083,5850,0,-0.183939175068657
"5857","beta_trend",6083,5851,0,-0.184166008679606
"5858","beta_trend",6083,5852,0,-0.184382473276294
"5859","beta_trend",6083,5853,0,-0.18458839708054
"5860","beta_trend",6083,5854,0,-0.1847836176495
"5861","beta_trend",6083,5855,0,-0.184967982108793
"5862","beta_trend",6083,5856,0,-0.185141347377242
"5863","beta_trend",6083,5857,0,-0.185303580382925
"5864","beta_trend",6083,5858,0,-0.185454558270248
"5865","beta_trend",6083,5859,0,-0.185594168597766
"5866","beta_trend",6083,5860,0,-0.185722309526468
"5867","beta_trend",6083,5861,0,-0.185838889998267
"5868","beta_trend",6083,5862,0,-0.185943829904427
"5869","beta_trend",6083,5863,0,-0.186037060243695
"5870","beta_trend",6083,5864,0,-0.186118523269868
"5871","beta_trend",6083,5865,0,-0.186188172628599
"5872","beta_trend",6083,5866,0,-0.186245973483187
"5873","beta_trend",6083,5867,0,-0.186291902629159
"5874","beta_trend",6083,5868,0,-0.18632594859743
"5875","beta_trend",6083,5869,0,-0.186348111745859
"5876","beta_trend",6083,5870,0,-0.186358404339002
"5877","beta_trend",6083,5871,0,-0.186356850615913
"5878","beta_trend",6083,5872,0,-0.186343486845812
"5879","beta_trend",6083,5873,0,-0.186318361371483
"5880","beta_trend",6083,5874,0,-0.186281534640262
"5881","beta_trend",6083,5875,0,-0.186233079222486
"5882","beta_trend",6083,5876,0,-0.186173079817295
"5883","beta_trend",6083,5877,0,-0.186101633245676
"5884","beta_trend",6083,5878,0,-0.186018848430667
"5885","beta_trend",6083,5879,0,-0.185924846364644
"5886","beta_trend",6083,5880,0,-0.185819760063618
"5887","beta_trend",6083,5881,0,-0.185703734508499
"5888","beta_trend",6083,5882,0,-0.185576926573283
"5889","beta_trend",6083,5883,0,-0.185439504940135
"5890","beta_trend",6083,5884,0,-0.18529165000136
"5891","beta_trend",6083,5885,0,-0.185133553748254
"5892","beta_trend",6083,5886,0,-0.184965419646857
"5893","beta_trend",6083,5887,0,-0.184787462500625
"5894","beta_trend",6083,5888,0,-0.184599908300069
"5895","beta_trend",6083,5889,0,-0.184402994059411
"5896","beta_trend",6083,5890,0,-0.184196967640317
"5897","beta_trend",6083,5891,0,-0.183982087562803
"5898","beta_trend",6083,5892,0,-0.183758622803385
"5899","beta_trend",6083,5893,0,-0.183526852580604
"5900","beta_trend",6083,5894,0,-0.183287066128021
"5901","beta_trend",6083,5895,0,-0.183039562454843
"5902","beta_trend",6083,5896,0,-0.182784650094293
"5903","beta_trend",6083,5897,0,-0.182522646839919
"5904","beta_trend",6083,5898,0,-0.182253879469986
"5905","beta_trend",6083,5899,0,-0.181978683460156
"5906","beta_trend",6083,5900,0,-0.18169740268464
"5907","beta_trend",6083,5901,0,-0.181410389106047
"5908","beta_trend",6083,5902,0,-0.181118002454139
"5909","beta_trend",6083,5903,0,-0.180820609893743
"5910","beta_trend",6083,5904,0,-0.180518585682057
"5911","beta_trend",6083,5905,0,-0.18021231081562
"5912","beta_trend",6083,5906,0,-0.179902172667202
"5913","beta_trend",6083,5907,0,-0.179588564612924
"5914","beta_trend",6083,5908,0,-0.179271885649879
"5915","beta_trend",6083,5909,0,-0.17895254000457
"5916","beta_trend",6083,5910,0,-0.178583992503142
"5917","beta_trend",6083,5911,0,-0.178262621927029
"5918","beta_trend",6083,5912,0,-0.177939737544916
"5919","beta_trend",6083,5913,0,-0.17761576384624
"5920","beta_trend",6083,5914,0,-0.177291128340542
"5921","beta_trend",6083,5915,0,-0.176966261121971
"5922","beta_trend",6083,5916,0,-0.176641594426935
"5923","beta_trend",6083,5917,0,-0.176317562185261
"5924","beta_trend",6083,5918,0,-0.175994599565289
"5925","beta_trend",6083,5919,0,-0.175673142513279
"5926","beta_trend",6083,5920,0,-0.175353627287571
"5927","beta_trend",6083,5921,0,-0.175036489987888
"5928","beta_trend",6083,5922,0,-0.17472216608024
"5929","beta_trend",6083,5923,0,-0.174411089917835
"5930","beta_trend",6083,5924,0,-0.17410369425846
"5931","beta_trend",6083,5925,0,-0.173800409778762
"5932","beta_trend",6083,5926,0,-0.173501664585887
"5933","beta_trend",6083,5927,0,-0.173207883726932
"5934","beta_trend",6083,5928,0,-0.172919488696676
"5935","beta_trend",6083,5929,0,-0.172636896944035
"5936","beta_trend",6083,5930,0,-0.172360521377742
"5937","beta_trend",6083,5931,0,-0.172090769871688
"5938","beta_trend",6083,5932,0,-0.171828044770429
"5939","beta_trend",6083,5933,0,-0.171572742395311
"5940","beta_trend",6083,5934,0,-0.171325252551709
"5941","beta_trend",6083,5935,0,-0.171085958037849
"5942","beta_trend",6083,5936,0,-0.170855234155699
"5943","beta_trend",6083,5937,0,-0.170633448224405
"5944","beta_trend",6083,5938,0,-0.170420959096759
"5945","beta_trend",6083,5939,0,-0.170218116679175
"5946","beta_trend",6083,5940,0,-0.170025261455651
"5947","beta_trend",6083,5941,0,-0.169842724016203
"5948","beta_trend",6083,5942,0,-0.169670824590229
"5949","beta_trend",6083,5943,0,-0.169509872585305
"5950","beta_trend",6083,5944,0,-0.169360166131849
"5951","beta_trend",6083,5945,0,-0.169221991634149
"5952","beta_trend",6083,5946,0,-0.169095623328203
"5953","beta_trend",6083,5947,0,-0.168981322846829
"5954","beta_trend",6083,5948,0,-0.16887933879251
"5955","beta_trend",6083,5949,0,-0.168789906318409
"5956","beta_trend",6083,5950,0,-0.168713246718009
"5957","beta_trend",6083,5951,0,-0.168649567023804
"5958","beta_trend",6083,5952,0,-0.168599059615478
"5959","beta_trend",6083,5953,0,-0.168561901837993
"5960","beta_trend",6083,5954,0,-0.168538255630001
"5961","beta_trend",6083,5955,0,-0.168528267162986
"5962","beta_trend",6083,5956,0,-0.168532066491539
"5963","beta_trend",6083,5957,0,-0.168549767215149
"5964","beta_trend",6083,5958,0,-0.168581466151896
"5965","beta_trend",6083,5959,0,-0.168627243024424
"5966","beta_trend",6083,5960,0,-0.168687160158532
"5967","beta_trend",6083,5961,0,-0.168761262194769
"5968","beta_trend",6083,5962,0,-0.168849575813328
"5969","beta_trend",6083,5963,0,-0.168952109472619
"5970","beta_trend",6083,5964,0,-0.169068853161793
"5971","beta_trend",6083,5965,0,-0.169199778167546
"5972","beta_trend",6083,5966,0,-0.169344836855494
"5973","beta_trend",6083,5967,0,-0.169503962466395
"5974","beta_trend",6083,5968,0,-0.169677068927483
"5975","beta_trend",6083,5969,0,-0.169864050679179
"5976","beta_trend",6083,5970,0,-0.17006478251741
"5977","beta_trend",6083,5971,0,-0.170279119451765
"5978","beta_trend",6083,5972,0,-0.170506896579706
"5979","beta_trend",6083,5973,0,-0.170747928977031
"5980","beta_trend",6083,5974,0,-0.171002011604769
"5981","beta_trend",6083,5975,0,-0.171268919232685
"5982","beta_trend",6083,5976,0,-0.171548406379542
"5983","beta_trend",6083,5977,0,-0.171840207270265
"5984","beta_trend",6083,5978,0,-0.172144035810133
"5985","beta_trend",6083,5979,0,-0.172459585576103
"5986","beta_trend",6083,5980,0,-0.172786529825359
"5987","beta_trend",6083,5981,0,-0.173124521521177
"5988","beta_trend",6083,5982,0,-0.173473193376151
"5989","beta_trend",6083,5983,0,-0.173832157912834
"5990","beta_trend",6083,5984,0,-0.174201007541828
"5991","beta_trend",6083,5985,0,-0.174579314657332
"5992","beta_trend",6083,5986,0,-0.174966631750149
"5993","beta_trend",6083,5987,0,-0.175362491538129
"5994","beta_trend",6083,5988,0,-0.17576640711402
"5995","beta_trend",6083,5989,0,-0.176177872110679
"5996","beta_trend",6083,5990,0,-0.176596360883561
"5997","beta_trend",6083,5991,0,-0.177021328710427
"5998","beta_trend",6083,5992,0,-0.177452212008152
"5999","beta_trend",6083,5993,0,-0.177888428566527
"6000","beta_trend",6083,5994,0,-0.178329377798923
"6001","beta_trend",6083,5995,0,-0.178774441009683
"6002","beta_trend",6083,5996,0,-0.179222981678045
"6003","beta_trend",6083,5997,0,-0.179674345758468
"6004","beta_trend",6083,5998,0,-0.180127861997122
"6005","beta_trend",6083,5999,0,-0.180582842264364
"6006","beta_trend",6083,6000,0,-0.181038581902961
"6007","beta_trend",6083,6001,0,-0.181494360091832
"6008","beta_trend",6083,6002,0,-0.181949440225041
"6009","beta_trend",6083,6003,0,-0.182403070305797
"6010","beta_trend",6083,6004,0,-0.182854483355154
"6011","beta_trend",6083,6005,0,-0.183302897835129
"6012","beta_trend",6083,6006,0,-0.183747518085933
"6013","beta_trend",6083,6007,0,-0.184158257070193
"6014","beta_trend",6083,6008,0,-0.184594144407257
"6015","beta_trend",6083,6009,0,-0.18502371590866
"6016","beta_trend",6083,6010,0,-0.18544612621964
"6017","beta_trend",6083,6011,0,-0.185860518171052
"6018","beta_trend",6083,6012,0,-0.186266023296597
"6019","beta_trend",6083,6013,0,-0.186661762361563
"6020","beta_trend",6083,6014,0,-0.187046845902666
"6021","beta_trend",6083,6015,0,-0.187420374778578
"6022","beta_trend",6083,6016,0,-0.187781440730702
"6023","beta_trend",6083,6017,0,-0.188129126953778
"6024","beta_trend",6083,6018,0,-0.188462508675849
"6025","beta_trend",6083,6019,0,-0.188780653747154
"6026","beta_trend",6083,6020,0,-0.189082623237465
"6027","beta_trend",6083,6021,0,-0.189367472041406
"6028","beta_trend",6083,6022,0,-0.189634249491266
"6029","beta_trend",6083,6023,0,-0.189881999976833
"6030","beta_trend",6083,6024,0,-0.190109763571727
"6031","beta_trend",6083,6025,0,-0.190316576665762
"6032","beta_trend",6083,6026,0,-0.190501472602803
"6033","beta_trend",6083,6027,0,-0.190663482323631
"6034","beta_trend",6083,6028,0,-0.190801635013266
"6035","beta_trend",6083,6029,0,-0.190914958752266
"6036","beta_trend",6083,6030,0,-0.191002481171437
"6037","beta_trend",6083,6031,0,-0.191063230109457
"6038","beta_trend",6083,6032,0,-0.191096234272853
"6039","beta_trend",6083,6033,0,-0.191100523897824
"6040","beta_trend",6083,6034,0,-0.191075131413356
"6041","beta_trend",6083,6035,0,-0.191019092105089
"6042","beta_trend",6083,6036,0,-0.190931444779408
"6043","beta_trend",6083,6037,0,-0.190811232427218
"6044","beta_trend",6083,6038,0,-0.190657502886851
"6045","beta_trend",6083,6039,0,-0.190469309505583
"6046","beta_trend",6083,6040,0,-0.19024571179921
"6047","beta_trend",6083,6041,0,-0.189985776109155
"6048","beta_trend",6083,6042,0,-0.189688576256574
"6049","beta_trend",6083,6043,0,-0.189353194192922
"6050","beta_trend",6083,6044,0,-0.188978720646458
"6051","beta_trend",6083,6045,0,-0.188564255764165
"6052","beta_trend",6083,6046,0,-0.188108909748561
"6053","beta_trend",6083,6047,0,-0.187611803488889
"6054","beta_trend",6083,6048,0,-0.187072069186177
"6055","beta_trend",6083,6049,0,-0.186488850971658
"6056","beta_trend",6083,6050,0,-0.185861305518064
"6057","beta_trend",6083,6051,0,-0.185188602643283
"6058","beta_trend",6083,6052,0,-0.184469925905916
"6059","beta_trend",6083,6053,0,-0.183704473192238
"6060","beta_trend",6083,6054,0,-0.18289145729411
"6061","beta_trend",6083,6055,0,-0.182030106477366
"6062","beta_trend",6083,6056,0,-0.181119665040235
"6063","beta_trend",6083,6057,0,-0.180159393861344
"6064","beta_trend",6083,6058,0,-0.179148570936885
"6065","beta_trend",6083,6059,0,-0.178086491906502
"6066","beta_trend",6083,6060,0,-0.176972470567495
"6067","beta_trend",6083,6061,0,-0.175805839376951
"6068","beta_trend",6083,6062,0,-0.174585949941382
"6069","beta_trend",6083,6063,0,-0.173312173493514
"6070","beta_trend",6083,6064,0,-0.171983901355856
"6071","beta_trend",6083,6065,0,-0.17060054539068
"6072","beta_trend",6083,6066,0,-0.169161538436077
"6073","beta_trend",6083,6067,0,-0.167666334727765
"6074","beta_trend",6083,6068,0,-0.166114410306314
"6075","beta_trend",6083,6069,0,-0.164505263409497
"6076","beta_trend",6083,6070,0,-0.162838414849474
"6077","beta_trend",6083,6071,0,-0.16111340837452
"6078","beta_trend",6083,6072,0,-0.159329811015051
"6079","beta_trend",6083,6073,0,-0.157487213413684
"6080","beta_trend",6083,6074,0,-0.155585230139099
"6081","beta_trend",6083,6075,0,-0.15362349998349
"6082","beta_trend",6083,6076,0,-0.151601686243388
"6083","beta_trend",6083,6077,0,-0.149519476983671
"6084","beta_trend",6083,6078,0,-0.147376585284587
"6085","beta_trend",6083,6079,0,-0.145172749471617
"6086","beta_trend",6083,6080,0,-0.142907733328052
"6087","beta_trend",6083,6081,0,-0.14058132629013
"6088","model_pop",6083,0,0,8615225.87482773
"6089","infection",6083,0,0,132.70798245845
"6090","mu_S",6083,0,0,633.404524383598
"6091","mu_I",6083,0,0,0.0378224637209381
"6092","mu_R",6083,0,0,498.155178861871
"6093","weekly",6083,0,0,24.2035421588312
"6094","weekly",6083,1,0,22.5114786844448
"6095","weekly",6083,2,0,21.044228723323
"6096","weekly",6083,3,0,19.7817907351136
"6097","weekly",6083,4,0,18.6992222678004
"6098","weekly",6083,5,0,17.7707906039779
"6099","weekly",6083,6,0,16.9728046758391
"6100","weekly",6083,7,0,16.2855582077628
"6101","weekly",6083,8,0,15.6945354371291
"6102","weekly",6083,9,0,15.1909307347266
"6103","weekly",6083,10,0,14.771524811587
"6104","weekly",6083,11,0,14.4380036818318
"6105","weekly",6083,12,0,14.1958632451794
"6106","weekly",6083,13,0,14.0530735714104
"6107","weekly",6083,14,0,14.0186596987086
"6108","weekly",6083,15,0,14.1012937707258
"6109","weekly",6083,16,0,14.3079149420902
"6110","weekly",6083,17,0,14.6423383680269
"6111","weekly",6083,18,0,15.1038180223151
"6112","weekly",6083,19,0,15.6856081979332
"6113","weekly",6083,20,0,16.3737167013086
"6114","weekly",6083,21,0,17.1462153800389
"6115","weekly",6083,22,0,17.9735900350461
"6116","weekly",6083,23,0,18.8205707939384
"6117","weekly",6083,24,0,19.6496106854356
"6118","weekly",6083,25,0,20.4256920301938
"6119","weekly",6083,26,0,21.1215897898398
"6120","weekly",6083,27,0,21.72235813797
"6121","weekly",6083,28,0,22.2278496044558
"6122","weekly",6083,29,0,22.6525626846359
"6123","weekly",6083,30,0,23.0228483297648
"6124","weekly",6083,31,0,23.3721640594766
"6125","weekly",6083,32,0,23.7353869069494
"6126","weekly",6083,33,0,24.1431289988623
"6127","weekly",6083,34,0,24.6166923443687
"6128","weekly",6083,35,0,25.1639887461386
"6129","weekly",6083,36,0,25.776621131205
"6130","weekly",6083,37,0,26.4284223276322
"6131","weekly",6083,38,0,27.0759728881468
"6132","weekly",6083,39,0,27.6617530280738
"6133","weekly",6083,40,0,28.1203777005936
"6134","weekly",6083,41,0,28.3876766779841
"6135","weekly",6083,42,0,28.4113265687082
"6136","weekly",6083,43,0,28.160743873847
"6137","weekly",6083,44,0,27.6335903774835
"6138","weekly",6083,45,0,26.8569135376915
"6139","weekly",6083,46,0,25.8825120268109
"6140","weekly",6083,47,0,24.7779120234454
"6141","weekly",6083,48,0,23.6155394451808
"6142","weekly",6083,49,0,22.4628027269234
"6143","weekly",6083,50,0,21.3749796362936
"6144","weekly",6083,51,0,20.3915760950952
"6145","weekly",6083,52,0,19.5357789809002
"6146","weekly",6083,53,0,18.8160791842724
"6147","weekly",6083,54,0,18.2290949566157
"6148","weekly",6083,55,0,17.7628808752606
"6149","weekly",6083,56,0,17.4003317721645
"6150","weekly",6083,57,0,17.1225200544752
"6151","weekly",6083,58,0,16.9118771629878
"6152","weekly",6083,59,0,16.7550744198579
"6153","weekly",6083,60,0,16.6453628239065
"6154","weekly",6083,61,0,16.5840956908344
"6155","weekly",6083,62,0,16.581243048734
"6156","weekly",6083,63,0,16.6548970691447
"6157","weekly",6083,64,0,16.8299774215056
"6158","weekly",6083,65,0,17.1364669922182
"6159","weekly",6083,66,0,17.6074767146429
"6160","weekly",6083,67,0,18.2772652863762
"6161","weekly",6083,68,0,19.1791041600816
"6162","weekly",6083,69,0,20.3426889302427
"6163","weekly",6083,70,0,21.7907595498946
"6164","weekly",6083,71,0,23.5347845174781
"6165","weekly",6083,72,0,25.5700235559254
"6166","weekly",6083,73,0,27.870952721971
"6167","weekly",6083,74,0,30.388705033901
"6168","weekly",6083,75,0,33.0523485608708
"6169","weekly",6083,76,0,35.7759130145055
"6170","weekly",6083,77,0,38.4706195193678
"6171","weekly",6083,78,0,41.0601433456598
"6172","weekly",6083,79,0,43.4957668685079
"6173","weekly",6083,80,0,45.7667539814072
"6174","weekly",6083,81,0,47.9031081817407
"6175","weekly",6083,82,0,49.9700964331169
"6176","weekly",6083,83,0,52.0561464016516
"6177","weekly",6083,84,0,54.2568582111569
"6178","weekly",6083,85,0,56.6577096913977
"6179","weekly",6083,86,0,59.3171470382788
"6180","weekly",6083,87,0,62.2510197171268
"6181","weekly",6083,88,0,65.4193987153913
"6182","weekly",6083,89,0,68.717818956321
"6183","weekly",6083,90,0,71.976354485796
"6184","weekly",6083,91,0,74.9705489058974
"6185","weekly",6083,92,0,77.4468198792792
"6186","weekly",6083,93,0,79.1609492842986
"6187","weekly",6083,94,0,79.9226417272348
"6188","weekly",6083,95,0,79.6345620813213
"6189","weekly",6083,96,0,78.3138186496112
"6190","weekly",6083,97,0,76.0887908908094
"6191","weekly",6083,98,0,73.1725807695407
"6192","weekly",6083,99,0,69.8220516869819
"6193","weekly",6083,100,0,66.2947736600127
"6194","weekly",6083,101,0,62.8143433444434
"6195","weekly",6083,102,0,59.5494505881443
"6196","weekly",6083,103,0,56.6067393151666
"6197","weekly",6083,104,0,54.034121012809
"6198","weekly",6083,105,0,51.8302686595384
"6199","weekly",6083,106,0,49.956833262775
"6200","weekly",6083,107,0,48.3513656295963
"6201","weekly",6083,108,0,46.9400978002654
"6202","weekly",6083,109,0,45.6502154869477
"6203","weekly",6083,110,0,44.4210660862032
"6204","weekly",6083,111,0,43.2132614748903
"6205","weekly",6083,112,0,42.0143534030763
"6206","weekly",6083,113,0,40.8400615007149
"6207","weekly",6083,114,0,39.7309430662399
"6208","weekly",6083,115,0,38.7455315247521
"6209","weekly",6083,116,0,37.9517760466556
"6210","weekly",6083,117,0,37.4186981165544
"6211","weekly",6083,118,0,37.2095508119328
"6212","weekly",6083,119,0,37.3767831462837
"6213","weekly",6083,120,0,37.9582419976232
"6214","weekly",6083,121,0,38.9736308816409
"6215","weekly",6083,122,0,40.42042272769
"6216","weekly",6083,123,0,42.269151697642
"6217","weekly",6083,124,0,44.4591050912732
"6218","weekly",6083,125,0,46.8965498647922
"6219","weekly",6083,126,0,49.4582101022042
"6220","weekly",6083,127,0,52.0021400422684
"6221","weekly",6083,128,0,54.3860974601648
"6222","weekly",6083,129,0,56.4904779601102
"6223","weekly",6083,130,0,58.2401727385768
"6224","weekly",6083,131,0,59.6189709364771
"6225","weekly",6083,132,0,60.6720944626004
"6226","weekly",6083,133,0,61.4963067509707
"6227","weekly",6083,134,0,62.2208142999179
"6228","weekly",6083,135,0,62.9840910462117
"6229","weekly",6083,136,0,63.9112972998155
"6230","weekly",6083,137,0,65.0950084981923
"6231","weekly",6083,138,0,66.5799729267274
"6232","weekly",6083,139,0,68.3517226870217
"6233","weekly",6083,140,0,70.3294201734489
"6234","weekly",6083,141,0,72.3648660534491
"6235","weekly",6083,142,0,74.251020644786
"6236","weekly",6083,143,0,75.7432925985167
"6237","weekly",6083,144,0,76.5941557016349
"6238","weekly",6083,145,0,76.5965487745461
"6239","weekly",6083,146,0,75.6260395784657
"6240","weekly",6083,147,0,73.6691761422089
"6241","weekly",6083,148,0,70.828279063383
"6242","weekly",6083,149,0,67.3006521271809
"6243","weekly",6083,150,0,63.3391292752558
"6244","weekly",6083,151,0,59.2064868787293
"6245","weekly",6083,152,0,55.1361583836997
"6246","weekly",6083,153,0,51.3069503182805
"6247","weekly",6083,154,0,47.8332759503264
"6248","weekly",6083,155,0,44.7677825587252
"6249","weekly",6083,156,0,42.1114133925748
"6250","weekly",6083,157,0,39.826473660808
"6251","weekly",6083,158,0,37.8499251907851
"6252","weekly",6083,159,0,36.1057656672911
"6253","weekly",6083,160,0,34.5163006924067
"6254","weekly",6083,161,0,33.0122552284274
"6255","weekly",6083,162,0,31.5412498558744
"6256","weekly",6083,163,0,30.0736639517554
"6257","weekly",6083,164,0,28.6048094642638
"6258","weekly",6083,165,0,27.1528905835512
"6259","weekly",6083,166,0,25.7532604195112
"6260","weekly",6083,167,0,24.4505001238995
"6261","weekly",6083,168,0,23.2903089514848
"6262","weekly",6083,169,0,22.3128939953995
"6263","weekly",6083,170,0,21.5486998518636
"6264","weekly",6083,171,0,21.0163760482783
"6265","weekly",6083,172,0,20.7223291202217
"6266","weekly",6083,173,0,20.6606356789534
"6267","weekly",6083,174,0,20.8130995603051
"6268","weekly",6083,175,0,21.1493504330329
"6269","weekly",6083,176,0,21.6270610516021
"6270","weekly",6083,177,0,22.1934943349634
"6271","weekly",6083,178,0,22.7892230118123
"6272","weekly",6083,179,0,23.3544355614595
"6273","weekly",6083,180,0,23.8372427279201
"6274","weekly",6083,181,0,24.2022786138195
"6275","weekly",6083,182,0,24.4372470341905
"6276","weekly",6083,183,0,24.5553776052329
"6277","weekly",6083,184,0,24.5930035736483
"6278","weekly",6083,185,0,24.6030542082353
"6279","weekly",6083,186,0,24.6463611944428
"6280","weekly",6083,187,0,24.7828298819477
"6281","weekly",6083,188,0,25.0638312769697
"6282","weekly",6083,189,0,25.5261616460521
"6283","weekly",6083,190,0,26.1871709753032
"6284","weekly",6083,191,0,27.0405229087592
"6285","weekly",6083,192,0,28.0525591382439
"6286","weekly",6083,193,0,29.1601846284884
"6287","weekly",6083,194,0,30.2721266734343
"6288","weekly",6083,195,0,31.2757285715988
"6289","weekly",6083,196,0,32.0505098044605
"6290","weekly",6083,197,0,32.4874003240266
"6291","weekly",6083,198,0,32.5095805749343
"6292","weekly",6083,199,0,32.0888289728928
"6293","weekly",6083,200,0,31.2517621752913
"6294","weekly",6083,201,0,30.0736275604822
"6295","weekly",6083,202,0,28.6618475338364
"6296","weekly",6083,203,0,27.1349147112078
"6297","weekly",6083,204,0,25.6028834754834
"6298","weekly",6083,205,0,24.1537658023653
"6299","weekly",6083,206,0,22.8471335780396
"6300","weekly",6083,207,0,21.7137792762423
"6301","weekly",6083,208,0,20.7591949040652
"6302","weekly",6083,209,0,19.9687769784077
"6303","weekly",6083,210,0,19.3134564274569
"6304","weekly",6083,211,0,18.7552827190648
"6305","weekly",6083,212,0,18.252982975434
"6306","weekly",6083,213,0,17.7675489706689
"6307","weekly",6083,214,0,17.2675754081929
"6308","weekly",6083,215,0,16.7336423594325
"6309","weekly",6083,216,0,16.1608271579598
"6310","weekly",6083,217,0,15.5586692463121
"6311","weekly",6083,218,0,14.9485617166283
"6312","weekly",6083,219,0,14.359302583829
"6313","weekly",6083,220,0,13.822017036613
"6314","weekly",6083,221,0,13.3656366233618
"6315","weekly",6083,222,0,13.0136650710456
"6316","weekly",6083,223,0,12.7823546208801
"6317","weekly",6083,224,0,12.6799524737162
"6318","weekly",6083,225,0,12.7065073067315
"6319","weekly",6083,226,0,12.8538449851485
"6320","weekly",6083,227,0,13.1056267467147
"6321","weekly",6083,228,0,13.4377524247129
"6322","weekly",6083,229,0,13.8196164187057
"6323","weekly",6083,230,0,14.2167224220175
"6324","weekly",6083,231,0,14.5948273670729
"6325","weekly",6083,232,0,14.9251697287427
"6326","weekly",6083,233,0,15.1896897865727
"6327","weekly",6083,234,0,15.384832427123
"6328","weekly",6083,235,0,15.5227939405131
"6329","weekly",6083,236,0,15.6298689038358
"6330","weekly",6083,237,0,15.7424785937137
"6331","weekly",6083,238,0,15.9020439900733
"6332","weekly",6083,239,0,16.1498585399067
"6333","weekly",6083,240,0,16.5226252048169
"6334","weekly",6083,241,0,17.0486843119224
"6335","weekly",6083,242,0,17.744516115994
"6336","weekly",6083,243,0,18.6110619910933
"6337","weekly",6083,244,0,19.6298191007063
"6338","weekly",6083,245,0,20.7594306024803
"6339","weekly",6083,246,0,21.9343569074881
"6340","weekly",6083,247,0,23.0677145680756
"6341","weekly",6083,248,0,24.0599434992491
"6342","weekly",6083,249,0,24.8132772593563
"6343","weekly",6083,250,0,25.2494088668936
"6344","weekly",6083,251,0,25.3254876994397
"6345","weekly",6083,252,0,25.043161808404
"6346","weekly",6083,253,0,24.447478288479
"6347","weekly",6083,254,0,23.6161879301198
"6348","weekly",6083,255,0,22.6433781306441
"6349","weekly",6083,256,0,21.6226775306659
"6350","weekly",6083,257,0,20.6342387831974
"6351","weekly",6083,258,0,19.7373573312707
"6352","weekly",6083,259,0,18.9683479734649
"6353","weekly",6083,260,0,18.3420641698267
"6354","weekly",6083,261,0,17.8552987325565
"6355","weekly",6083,262,0,17.4908359981728
"6356","weekly",6083,263,0,17.2216262466573
"6357","weekly",6083,264,0,17.0150590241228
"6358","weekly",6083,265,0,16.8374599234012
"6359","weekly",6083,266,0,16.6587402623409
"6360","weekly",6083,267,0,16.4567514272003
"6361","weekly",6083,268,0,16.220608215488
"6362","weekly",6083,269,0,15.9521364691409
"6363","weekly",6083,270,0,15.665157899517
"6364","weekly",6083,271,0,15.3828338379808
"6365","weekly",6083,272,0,15.133727573324
"6366","weekly",6083,273,0,14.9476338765653
"6367","weekly",6083,274,0,14.8519524040894
"6368","weekly",6083,275,0,14.8689841251999
"6369","weekly",6083,276,0,15.0141095128329
"6370","weekly",6083,277,0,15.2945699533175
"6371","weekly",6083,278,0,15.7085879012793
"6372","weekly",6083,279,0,16.2447848004194
"6373","weekly",6083,280,0,16.8821739781706
"6374","weekly",6083,281,0,17.5912610201121
"6375","weekly",6083,282,0,18.3368072575104
"6376","weekly",6083,283,0,19.0824855693172
"6377","weekly",6083,284,0,19.7970124568674
"6378","weekly",6083,285,0,20.4606171240121
"6379","weekly",6083,286,0,21.0702878753291
"6380","weekly",6083,287,0,21.642418313415
"6381","weekly",6083,288,0,22.2122447338188
"6382","weekly",6083,289,0,22.8304495788452
"6383","weekly",6083,290,0,23.5579984226697
"6384","weekly",6083,291,0,24.4603619806439
"6385","weekly",6083,292,0,25.601788813552
"6386","weekly",6083,293,0,27.0395578717671
"6387","weekly",6083,294,0,28.8175516000647
"6388","weekly",6083,295,0,30.9583755286658
"6389","weekly",6083,296,0,33.4538088656536
"6390","weekly",6083,297,0,36.2546407804439
"6391","weekly",6083,298,0,39.2626864460381
"6392","weekly",6083,299,0,42.3292930758889
"6393","weekly",6083,300,0,45.264811163348
"6394","weekly",6083,301,0,47.8612564092145
"6395","weekly",6083,302,0,49.9256916879422
"6396","weekly",6083,303,0,51.3164661514693
"6397","weekly",6083,304,0,51.9714025481553
"6398","weekly",6083,305,0,51.9187095391389
"6399","weekly",6083,306,0,51.2675091251294
"6400","weekly",6083,307,0,50.1822650767772
"6401","weekly",6083,308,0,48.850230001859
"6402","weekly",6083,309,0,47.4513602278112
"6403","weekly",6083,310,0,46.1368509088134
"6404","weekly",6083,311,0,45.0180007279123
"6405","weekly",6083,312,0,44.1637447253179
"6406","weekly",6083,313,0,43.6037970495145
"6407","weekly",6083,314,0,43.3346147218617
"6408","weekly",6083,315,0,43.3264845723606
"6409","weekly",6083,316,0,43.5311520291925
"6410","weekly",6083,317,0,43.8900601423975
"6411","weekly",6083,318,0,44.3432884249996
"6412","weekly",6083,319,0,44.8387962020388
"6413","weekly",6083,320,0,45.3409213123323
"6414","weekly",6083,321,0,45.8366843173935
"6415","weekly",6083,322,0,46.3386060177763
"6416","weekly",6083,323,0,46.8834675546714
"6417","weekly",6083,324,0,47.5274111173403
"6418","weekly",6083,325,0,48.3385430453491
"6419","weekly",6083,326,0,49.3884472887421
"6420","weekly",6083,327,0,50.7437420855622
"6421","weekly",6083,328,0,52.4582850198367
"6422","weekly",6083,329,0,54.5662116554795
"6423","weekly",6083,330,0,57.0759435614618
"6424","weekly",6083,331,0,59.9656774439991
"6425","weekly",6083,332,0,63.1814871694714
"6426","weekly",6083,333,0,66.6396542446619
"6427","weekly",6083,334,0,70.234725883256
"6428","weekly",6083,335,0,73.8537587756255
"6429","weekly",6083,336,0,77.395334083998
"6430","weekly",6083,337,0,80.7898780622927
"6431","weekly",6083,338,0,84.0165936316043
"6432","weekly",6083,339,0,87.1126801862702
"6433","weekly",6083,340,0,90.1724773998158
"6434","weekly",6083,341,0,93.3368109563871
"6435","weekly",6083,342,0,96.7748820914348
"6436","weekly",6083,343,0,100.661686596413
"6437","weekly",6083,344,0,105.153213169571
"6438","weekly",6083,345,0,110.360372288313
"6439","weekly",6083,346,0,116.321856485134
"6440","weekly",6083,347,0,122.976823400073
"6441","weekly",6083,348,0,130.140706666911
"6442","weekly",6083,349,0,137.490957767282
"6443","weekly",6083,350,0,144.572352260462
"6444","weekly",6083,351,0,150.831074196552
"6445","weekly",6083,352,0,155.680939577045
"6446","weekly",6083,353,0,158.594063513405
"6447","weekly",6083,354,0,159.196051976473
"6448","weekly",6083,355,0,157.33906348558
"6449","weekly",6083,356,0,153.130045577054
"6450","weekly",6083,357,0,146.90566245562
"6451","weekly",6083,358,0,139.163306262952
"6452","weekly",6083,359,0,130.47052106646
"6453","weekly",6083,360,0,121.377992935104
"6454","weekly",6083,361,0,112.354722779246
"6455","weekly",6083,362,0,103.75306105006
"6456","weekly",6083,363,0,95.8013849670442
"6457","weekly",6083,364,0,88.6164751567703
"6458","weekly",6083,365,0,82.2262472443854
"6459","weekly",6083,366,0,76.5958343975908
"6460","weekly",6083,367,0,71.6516118936597
"6461","weekly",6083,368,0,67.300948258573
"6462","weekly",6083,369,0,63.4476729649232
"6463","weekly",6083,370,0,60.0030389867788
"6464","weekly",6083,371,0,56.8927533363585
"6465","weekly",6083,372,0,54.0605296970934
"6466","weekly",6083,373,0,51.4686089201423
"6467","weekly",6083,374,0,49.0957856991245
"6468","weekly",6083,375,0,46.9336416293409
"6469","weekly",6083,376,0,44.9818151538493
"6470","weekly",6083,377,0,43.2431462755176
"6471","weekly",6083,378,0,41.7193928667784
"6472","weekly",6083,379,0,40.4079742546601
"6473","weekly",6083,380,0,39.2999432452089
"6474","weekly",6083,381,0,38.3791949808819
"6475","weekly",6083,382,0,37.6228190660277
"6476","weekly",6083,383,0,37.0024685164244
"6477","weekly",6083,384,0,36.4866031134861
"6478","weekly",6083,385,0,36.0434149155371
"6479","weekly",6083,386,0,35.6441399716769
"6480","weekly",6083,387,0,35.2663285320541
"6481","weekly",6083,388,0,34.8965504891512
"6482","weekly",6083,389,0,34.5320249857996
"6483","weekly",6083,390,0,34.1808194483747
"6484","weekly",6083,391,0,33.8605350052621
"6485","weekly",6083,392,0,33.5956934914448
"6486","weekly",6083,393,0,33.4142590248775
"6487","weekly",6083,394,0,33.3437943956978
"6488","weekly",6083,395,0,33.4076705392818
"6489","weekly",6083,396,0,33.6215838384505
"6490","weekly",6083,397,0,33.990488197087
"6491","weekly",6083,398,0,34.5059989850288
"6492","weekly",6083,399,0,35.1444088097796
"6493","weekly",6083,400,0,35.8656434410004
"6494","weekly",6083,401,0,36.6136917127842
"6495","weekly",6083,402,0,37.3191325975531
"6496","weekly",6083,403,0,37.904217814521
"6497","weekly",6083,404,0,38.2904746516615
"6498","weekly",6083,405,0,38.4080367885454
"6499","weekly",6083,406,0,38.2051310639381
"6500","weekly",6083,407,0,37.6556959026857
"6501","weekly",6083,408,0,36.7629232894251
"6502","weekly",6083,409,0,35.5591814367945
"6503","weekly",6083,410,0,34.1005683396506
"6504","weekly",6083,411,0,32.4576526029632
"6505","weekly",6083,412,0,30.7062498704436
"6506","weekly",6083,413,0,28.9186758795149
"6507","weekly",6083,414,0,27.1572691296205
"6508","weekly",6083,415,0,25.470745476603
"6509","weekly",6083,416,0,23.8932049041359
"6510","weekly",6083,417,0,22.4451488335944
"6511","weekly",6083,418,0,21.1357143935929
"6512","weekly",6083,419,0,19.9654094780963
"6513","weekly",6083,420,0,18.9288232827712
"6514","weekly",6083,421,0,18.016995268099
"6515","weekly",6083,422,0,17.219296508265
"6516","weekly",6083,423,0,16.5247940963382
"6517","weekly",6083,424,0,15.9231376139142
"6518","weekly",6083,425,0,15.4050411161443
"6519","weekly",6083,426,0,14.9624483485168
"6520","weekly",6083,427,0,14.5884721586372
"6521","weekly",6083,428,0,14.277195919567
"6522","weekly",6083,429,0,14.0234170505501
"6523","weekly",6083,430,0,13.8224011611601
"6524","weekly",6083,431,0,13.66970063802
"6525","weekly",6083,432,0,13.5610744243495
"6526","weekly",6083,433,0,13.4925270379936
"6527","weekly",6083,434,0,13.4604652020898
"6528","weekly",6083,435,0,13.4619507983698
"6529","weekly",6083,436,0,13.4950109691308
"6530","weekly",6083,437,0,13.5589527976736
"6531","weekly",6083,438,0,13.6546241286196
"6532","weekly",6083,439,0,13.7845658306142
"6533","weekly",6083,440,0,13.9530139031522
"6534","weekly",6083,441,0,14.1657291163101
"6535","weekly",6083,442,0,14.4296520614371
"6536","weekly",6083,443,0,14.7523972290292
"6537","weekly",6083,444,0,15.1416079782975
"6538","weekly",6083,445,0,15.6041958393434
"6539","weekly",6083,446,0,16.1454870855487
"6540","weekly",6083,447,0,16.768303569148
"6541","weekly",6083,448,0,17.4720193281501
"6542","weekly",6083,449,0,18.2516616130051
"6543","weekly",6083,450,0,19.0971607981774
"6544","weekly",6083,451,0,19.9928871980592
"6545","weekly",6083,452,0,20.9176277651677
"6546","weekly",6083,453,0,21.8451350614087
"6547","weekly",6083,454,0,22.745314679385
"6548","weekly",6083,455,0,23.5860099318488
"6549","weekly",6083,456,0,24.3352167908924
"6550","weekly",6083,457,0,24.9634542196945
"6551","weekly",6083,458,0,25.4459626804819
"6552","weekly",6083,459,0,25.7644288870652
"6553","weekly",6083,460,0,25.9080332276608
"6554","weekly",6083,461,0,25.8738952570566
"6555","weekly",6083,462,0,25.6664402812166
"6556","weekly",6083,463,0,25.2965405216855
"6557","weekly",6083,464,0,24.780646666215
"6558","weekly",6083,465,0,24.1394036759375
"6559","weekly",6083,466,0,23.3964099998448
"6560","weekly",6083,467,0,22.5770435203776
"6561","weekly",6083,468,0,21.707362890942
"6562","weekly",6083,469,0,20.81307524574
"6563","weekly",6083,470,0,19.9185698560759
"6564","weekly",6083,471,0,19.0460392452878
"6565","weekly",6083,472,0,18.2147288156084
"6566","weekly",6083,473,0,17.4403616309246
"6567","weekly",6083,474,0,16.734773465032
"6568","weekly",6083,475,0,16.1057698214026
"6569","weekly",6083,476,0,15.5571915284163
"6570","weekly",6083,477,0,15.0891587260048
"6571","weekly",6083,478,0,14.6984601560871
"6572","weekly",6083,479,0,14.3790647702226
"6573","weekly",6083,480,0,14.1247483737388
"6574","weekly",6083,481,0,13.9258502622652
"6575","weekly",6083,482,0,13.7708106833234
"6576","weekly",6083,483,0,13.6493395553262
"6577","weekly",6083,484,0,13.5529000325259
"6578","weekly",6083,485,0,13.4755022238751
"6579","weekly",6083,486,0,13.4144538919791
"6580","weekly",6083,487,0,13.3708586185385
"6581","weekly",6083,488,0,13.349742224731
"6582","weekly",6083,489,0,13.3597754097173
"6583","weekly",6083,490,0,13.4126427302544
"6584","weekly",6083,491,0,13.5221651912034
"6585","weekly",6083,492,0,13.703299430028
"6586","weekly",6083,493,0,13.9711098746775
"6587","weekly",6083,494,0,14.3397572503345
"6588","weekly",6083,495,0,14.821493120955
"6589","weekly",6083,496,0,15.4256214526104
"6590","weekly",6083,497,0,16.1574020945336
"6591","weekly",6083,498,0,17.0169321834874
"6592","weekly",6083,499,0,17.9981381658872
"6593","weekly",6083,500,0,19.0881136087664
"6594","weekly",6083,501,0,20.2671003396717
"6595","weekly",6083,502,0,21.5093820132934
"6596","weekly",6083,503,0,22.78520731768
"6597","weekly",6083,504,0,24.0635975141922
"6598","weekly",6083,505,0,25.3156889228048
"6599","weekly",6083,506,0,26.517558347663
"6600","weekly",6083,507,0,27.6522770151714
"6601","weekly",6083,508,0,28.7106977969379
"6602","weekly",6083,509,0,29.6902795268725
"6603","weekly",6083,510,0,30.5925582053787
"6604","weekly",6083,511,0,31.4197114970411
"6605","weekly",6083,512,0,32.1709425491645
"6606","weekly",6083,513,0,32.8394425651604
"6607","weekly",6083,514,0,33.4106099418677
"6608","weekly",6083,515,0,33.8620373979466
"6609","weekly",6083,516,0,34.1655283362925
"6610","weekly",6083,517,0,34.2910537350726
"6611","weekly",6083,518,0,34.2121216549458
"6612","weekly",6083,519,0,33.9115841270395
"6613","weekly",6083,520,0,33.3866070884324
"6614","weekly",6083,521,0,32.6515499629459
"6615","weekly",6083,522,0,31.7379247130375
"6616","weekly",6083,523,0,30.6913385125044
"6617","weekly",6083,524,0,29.5661146083185
"6618","weekly",6083,525,0,28.4188318862507
"6619","weekly",6083,526,0,27.3021366306384
"6620","weekly",6083,527,0,26.2598752648264
"6621","weekly",6083,528,0,25.324062883712
"6622","weekly",6083,529,0,24.5136814794787
"6623","weekly",6083,530,0,23.8349689285315
"6624","weekly",6083,531,0,23.2827659638206
"6625","weekly",6083,532,0,22.8425759545316
"6626","weekly",6083,533,0,22.4931491792158
"6627","weekly",6083,534,0,22.2095176751063
"6628","weekly",6083,535,0,21.9664069826467
"6629","weekly",6083,536,0,21.7418288321896
"6630","weekly",6083,537,0,21.5204748256401
"6631","weekly",6083,538,0,21.296395119487
"6632","weekly",6083,539,0,21.0744656259885
"6633","weekly",6083,540,0,20.8703634290468
"6634","weekly",6083,541,0,20.7091196141009
"6635","weekly",6083,542,0,20.6226568648744
"6636","weekly",6083,543,0,20.6468979177334
"6637","weekly",6083,544,0,20.8189808840252
"6638","weekly",6083,545,0,21.1748789502963
"6639","weekly",6083,546,0,21.7474120349798
"6640","weekly",6083,547,0,22.5643867831095
"6641","weekly",6083,548,0,23.6465040457078
"6642","weekly",6083,549,0,25.0047755633022
"6643","weekly",6083,550,0,26.637493937611
"6644","weekly",6083,551,0,28.5272509234055
"6645","weekly",6083,552,0,30.6389739473161
"6646","weekly",6083,553,0,32.9202388352351
"6647","weekly",6083,554,0,35.3049679768701
"6648","weekly",6083,555,0,37.7208824537774
"6649","weekly",6083,556,0,40.0998539288958
"6650","weekly",6083,557,0,42.3890390450033
"6651","weekly",6083,558,0,44.5600590025024
"6652","weekly",6083,559,0,46.6134280809492
"6653","weekly",6083,560,0,48.5772329420251
"6654","weekly",6083,561,0,50.5003676372107
"6655","weekly",6083,562,0,52.4414586774838
"6656","weekly",6083,563,0,54.4557496520465
"6657","weekly",6083,564,0,56.5817531031716
"6658","weekly",6083,565,0,58.8291720369489
"6659","weekly",6083,566,0,61.1694298865623
"6660","weekly",6083,567,0,63.5303614561926
"6661","weekly",6083,568,0,65.7969881976824
"6662","weekly",6083,569,0,67.8202785403701
"6663","weekly",6083,570,0,69.4347639981315
"6664","weekly",6083,571,0,70.4836020947005
"6665","weekly",6083,572,0,70.8466871032942
"6666","weekly",6083,573,0,70.4650553103711
"6667","weekly",6083,574,0,69.3546427577821
"6668","weekly",6083,575,0,67.60510319686
"6669","weekly",6083,576,0,65.3640053258896
"6670","weekly",6083,577,0,62.8112209897772
"6671","weekly",6083,578,0,60.1306654559266
"6672","weekly",6083,579,0,57.4860077801859
"6673","weekly",6083,580,0,55.0043267345427
"6674","weekly",6083,581,0,52.7685404758413
"6675","weekly",6083,582,0,50.8171494667258
"6676","weekly",6083,583,0,49.1489298380438
"6677","weekly",6083,584,0,47.7305453277077
"6678","weekly",6083,585,0,46.5057503262251
"6679","weekly",6083,586,0,45.4056159976935
"6680","weekly",6083,587,0,44.3594887314612
"6681","weekly",6083,588,0,43.3060381735268
"6682","weekly",6083,589,0,42.2031559179668
"6683","weekly",6083,590,0,41.0350354909096
"6684","weekly",6083,591,0,39.814920183584
"6685","weekly",6083,592,0,38.5828907513715
"6686","weekly",6083,593,0,37.3993744593499
"6687","weekly",6083,594,0,36.3361880744451
"6688","weekly",6083,595,0,35.4673455839948
"6689","weekly",6083,596,0,34.8614234797133
"6690","weekly",6083,597,0,34.576276971442
"6691","weekly",6083,598,0,34.6558439050532
"6692","weekly",6083,599,0,35.1280828393938
"6693","weekly",6083,600,0,36.0029587506979
"6694","weekly",6083,601,0,37.2692425491732
"6695","weekly",6083,602,0,38.8924132956272
"6696","weekly",6083,603,0,40.8121577033489
"6697","weekly",6083,604,0,42.9412321253076
"6698","weekly",6083,605,0,45.1706625567604
"6699","weekly",6083,606,0,47.3804484670982
"6700","weekly",6083,607,0,49.4557770598767
"6701","weekly",6083,608,0,51.3057826236982
"6702","weekly",6083,609,0,52.8800859154435
"6703","weekly",6083,610,0,54.1783015107649
"6704","weekly",6083,611,0,55.2496822815956
"6705","weekly",6083,612,0,56.1831721818962
"6706","weekly",6083,613,0,57.0908095187588
"6707","weekly",6083,614,0,58.0884868210451
"6708","weekly",6083,615,0,59.2774112095649
"6709","weekly",6083,616,0,60.7280468226127
"6710","weekly",6083,617,0,62.4669761087462
"6711","weekly",6083,618,0,64.4667649349831
"6712","weekly",6083,619,0,66.6396935429402
"6713","weekly",6083,620,0,68.8376117684602
"6714","weekly",6083,621,0,70.8611808128226
"6715","weekly",6083,622,0,72.4811795636342
"6716","weekly",6083,623,0,73.4716210014776
"6717","weekly",6083,624,0,73.6496191167935
"6718","weekly",6083,625,0,72.912348469159
"6719","weekly",6083,626,0,71.2599294335851
"6720","weekly",6083,627,0,68.7964338862512
"6721","weekly",6083,628,0,65.7084625438365
"6722","weekly",6083,629,0,62.2283876320471
"6723","weekly",6083,630,0,58.5935895453404
"6724","weekly",6083,631,0,55.0122491914226
"6725","weekly",6083,632,0,51.6418007664361
"6726","weekly",6083,633,0,48.5808596789757
"6727","weekly",6083,634,0,45.8717231842966
"6728","weekly",6083,635,0,43.5092607991901
"6729","weekly",6083,636,0,41.4526052500005
"6730","weekly",6083,637,0,39.6375055185381
"6731","weekly",6083,638,0,37.98850446707
"6732","weekly",6083,639,0,36.4306254312614
"6733","weekly",6083,640,0,34.9001327446058
"6734","weekly",6083,641,0,33.3534047509893
"6735","weekly",6083,642,0,31.7725247398193
"6736","weekly",6083,643,0,30.1663787023826
"6737","weekly",6083,644,0,28.5669612335005
"6738","weekly",6083,645,0,27.0218860753448
"6739","weekly",6083,646,0,25.5851354981351
"6740","weekly",6083,647,0,24.3083383604317
"6741","weekly",6083,648,0,23.2342650229293
"6742","weekly",6083,649,0,22.3931466674803
"6743","weekly",6083,650,0,21.8014094978025
"6744","weekly",6083,651,0,21.461846002745
"6745","weekly",6083,652,0,21.3642214106621
"6746","weekly",6083,653,0,21.485707967222
"6747","weekly",6083,654,0,21.7911109451816
"6748","weekly",6083,655,0,22.2335838261133
"6749","weekly",6083,656,0,22.7566587659676
"6750","weekly",6083,657,0,23.2984647487501
"6751","weekly",6083,658,0,23.7985407937413
"6752","weekly",6083,659,0,24.2063539931187
"6753","weekly",6083,660,0,24.4896770629748
"6754","weekly",6083,661,0,24.6404610184072
"6755","weekly",6083,662,0,24.6763406116697
"6756","weekly",6083,663,0,24.6372773898183
"6757","weekly",6083,664,0,24.5784054528413
"6758","weekly",6083,665,0,24.5611103541632
"6759","weekly",6083,666,0,24.6443527239899
"6760","weekly",6083,667,0,24.8774456163483
"6761","weekly",6083,668,0,25.2944744998385
"6762","weekly",6083,669,0,25.9098616652846
"6763","weekly",6083,670,0,26.71451343429
"6764","weekly",6083,671,0,27.6725469361882
"6765","weekly",6083,672,0,28.7195364420768
"6766","weekly",6083,673,0,29.7641095422005
"6767","weekly",6083,674,0,30.6949631099415
"6768","weekly",6083,675,0,31.3943946300642
"6769","weekly",6083,676,0,31.7571464365938
"6770","weekly",6083,677,0,31.7105011635249
"6771","weekly",6083,678,0,31.2297006710505
"6772","weekly",6083,679,0,30.3433601921643
"6773","weekly",6083,680,0,29.1268081734379
"6774","weekly",6083,681,0,27.685673719312
"6775","weekly",6083,682,0,26.1352473154475
"6776","weekly",6083,683,0,24.5816543667752
"6777","weekly",6083,684,0,23.1089293136392
"6778","weekly",6083,685,0,21.7731524703449
"6779","weekly",6083,686,0,20.6024678346257
"6780","weekly",6083,687,0,19.6007819442566
"6781","weekly",6083,688,0,18.7531096669263
"6782","weekly",6083,689,0,18.0312950086663
"6783","weekly",6083,690,0,17.3996146597092
"6784","weekly",6083,691,0,16.820220182457
"6785","weekly",6083,692,0,16.258398375754
"6786","weekly",6083,693,0,15.6873430577652
"6787","weekly",6083,694,0,15.0917898845364
"6788","weekly",6083,695,0,14.4697561629364
"6789","weekly",6083,696,0,13.8319176314399
"6790","weekly",6083,697,0,13.1987698794946
"6791","weekly",6083,698,0,12.5964635413584
"6792","weekly",6083,699,0,12.0520503145199
"6793","weekly",6083,700,0,11.5896877604973
"6794","weekly",6083,701,0,11.228294793229
"6795","weekly",6083,702,0,10.9801917813929
"6796","weekly",6083,703,0,10.8507524883353
"6797","weekly",6083,704,0,10.8384720462745
"6798","weekly",6083,705,0,10.9350980788513
"6799","weekly",6083,706,0,11.1257538774553
"6800","weekly",6083,707,0,11.3892900680148
"6801","weekly",6083,708,0,11.6993130770024
"6802","weekly",6083,709,0,12.0263394041431
"6803","weekly",6083,710,0,12.3412423377231
"6804","weekly",6083,711,0,12.6196359396927
"6805","weekly",6083,712,0,12.846286470558
"6806","weekly",6083,713,0,13.0183614333146
"6807","weekly",6083,714,0,13.1465441803848
"6808","weekly",6083,715,0,13.2537094294676
"6809","weekly",6083,716,0,13.3716406298372
"6810","weekly",6083,717,0,13.5367668574036
"6811","weekly",6083,718,0,13.7858886733011
"6812","weekly",6083,719,0,14.1524345260623
"6813","weekly",6083,720,0,14.6632263744432
"6814","weekly",6083,721,0,15.3353317089095
"6815","weekly",6083,722,0,16.1725275088902
"6816","weekly",6083,723,0,17.161263182461
"6817","weekly",6083,724,0,18.2667338283063
"6818","weekly",6083,725,0,19.4305622437569
"6819","weekly",6083,726,0,20.5722247605299
"6820","weekly",6083,727,0,21.5961606871278
"6821","weekly",6083,728,0,22.4050309126433
"6822","weekly",6083,729,0,22.917028924956
"6823","weekly",6083,730,0,23.0826161015029
"6824","weekly",6083,731,0,22.8951622097156
"6825","weekly",6083,732,0,22.3916853153496
"6826","weekly",6083,733,0,21.6435708314239
"6827","weekly",6083,734,0,20.7408273409128
"6828","weekly",6083,735,0,19.7751752437507
"6829","weekly",6083,736,0,18.8265022490159
"6830","weekly",6083,737,0,17.9549010865994
"6831","weekly",6083,738,0,17.1981300444386
"6832","weekly",6083,739,0,16.5729296272584
"6833","weekly",6083,740,0,16.0783688560368
"6834","weekly",6083,741,0,15.6998864078378
"6835","weekly",6083,742,0,15.4134041799116
"6836","weekly",6083,743,0,15.1894348798342
"6837","weekly",6083,744,0,14.9973024437677
"6838","weekly",6083,745,0,14.8094487859307
"6839","weekly",6083,746,0,14.6054597471957
"6840","weekly",6083,747,0,14.375144397909
"6841","weekly",6083,748,0,14.1199726153573
"6842","weekly",6083,749,0,13.852502963633
"6843","weekly",6083,750,0,13.5939884334584
"6844","weekly",6083,751,0,13.3708992327192
"6845","weekly",6083,752,0,13.2110843610935
"6846","weekly",6083,753,0,13.1405263191955
"6847","weekly",6083,754,0,13.1810338459072
"6848","weekly",6083,755,0,13.3485950631621
"6849","weekly",6083,756,0,13.652259039929
"6850","weekly",6083,757,0,14.0932123318562
"6851","weekly",6083,758,0,14.6639756578152
"6852","weekly",6083,759,0,15.3479773047657
"6853","weekly",6083,760,0,16.120061941223
"6854","weekly",6083,761,0,16.9485947521644
"6855","weekly",6083,762,0,17.7995740088845
"6856","weekly",6083,763,0,18.6425500356054
"6857","weekly",6083,764,0,19.4573644423326
"6858","weekly",6083,765,0,20.2401587540371
"6859","weekly",6083,766,0,21.0071230012909
"6860","weekly",6083,767,0,21.7951328812196
"6861","weekly",6083,768,0,22.6594271725044
"6862","weekly",6083,769,0,23.6692624272546
"6863","weekly",6083,770,0,24.9026448948753
"6864","weekly",6083,771,0,26.4407421443902
"6865","weekly",6083,772,0,28.3617137384972
"6866","weekly",6083,773,0,30.7329084955454
"6867","weekly",6083,774,0,33.6000818490029
"6868","weekly",6083,775,0,36.9728614897322
"6869","weekly",6083,776,0,40.8073974264262
"6870","weekly",6083,777,0,44.9899047004437
"6871","weekly",6083,778,0,49.3278273874785
"6872","weekly",6083,779,0,53.5568118304327
"6873","weekly",6083,780,0,57.3693379993965
"6874","weekly",6083,781,0,60.4637465161468
"6875","weekly",6083,782,0,62.6026841370731
"6876","weekly",6083,783,0,63.6629427321532
"6877","weekly",6083,784,0,63.6594781965978
"6878","weekly",6083,785,0,62.7358459376192
"6879","weekly",6083,786,0,61.1263953887355
"6880","weekly",6083,787,0,59.1050450378279
"6881","weekly",6083,788,0,56.9370019407506
"6882","weekly",6083,789,0,54.8444365816795
"6883","weekly",6083,790,0,52.9893254028757
"6884","weekly",6083,791,0,51.4706315318253
"6885","weekly",6083,792,0,50.3304513259282
"6886","weekly",6083,793,0,49.5642885198067
"6887","weekly",6083,794,0,49.13163726926
"6888","weekly",6083,795,0,48.9686655645128
"6889","weekly",6083,796,0,48.9995014227716
"6890","weekly",6083,797,0,49.1464870616001
"6891","weekly",6083,798,0,49.342614669702
"6892","weekly",6083,799,0,49.5420619192955
"6893","weekly",6083,800,0,49.7277905309929
"6894","weekly",6083,801,0,49.9146220085677
"6895","weekly",6083,802,0,50.147165239825
"6896","weekly",6083,803,0,50.4932629871109
"6897","weekly",6083,804,0,51.0346096872672
"6898","weekly",6083,805,0,51.8564383860466
"6899","weekly",6083,806,0,53.0376937493602
"6900","weekly",6083,807,0,54.6422965262973
"6901","weekly",6083,808,0,56.7114722328515
"6902","weekly",6083,809,0,59.2570256423896
"6903","weekly",6083,810,0,62.2559730255634
"6904","weekly",6083,811,0,65.6478681129156
"6905","weekly",6083,812,0,69.3369753846455
"6906","weekly",6083,813,0,73.2015053505784
"6907","weekly",6083,814,0,77.1109132615093
"6908","weekly",6083,815,0,80.94980217802
"6909","weekly",6083,816,0,84.6441120964737
"6910","weekly",6083,817,0,88.1834546001955
"6911","weekly",6083,818,0,91.6338621497052
"6912","weekly",6083,819,0,95.1379022572946
"6913","weekly",6083,820,0,98.9027311253521
"6914","weekly",6083,821,0,103.179320148214
"6915","weekly",6083,822,0,108.236503890475
"6916","weekly",6083,823,0,114.331740363919
"6917","weekly",6083,824,0,121.6778037847
"6918","weekly",6083,825,0,130.402833028413
"6919","weekly",6083,826,0,140.501938223078
"6920","weekly",6083,827,0,151.783086337524
"6921","weekly",6083,828,0,163.818185587174
"6922","weekly",6083,829,0,175.919752121772
"6923","weekly",6083,830,0,187.168690899678
"6924","weekly",6083,831,0,196.512268590486
"6925","weekly",6083,832,0,202.929393600807
"6926","weekly",6083,833,0,205.628682934985
"6927","weekly",6083,834,0,204.220010174162
"6928","weekly",6083,835,0,198.800138394272
"6929","weekly",6083,836,0,189.922372914789
"6930","weekly",6083,837,0,178.464441424516
"6931","weekly",6083,838,0,165.443961338129
"6932","weekly",6083,839,0,151.840364589094
"6933","weekly",6083,840,0,138.466578430678
"6934","weekly",6083,841,0,125.906555792244
"6935","weekly",6083,842,0,114.510904128096
"6936","weekly",6083,843,0,104.430453617941
"6937","weekly",6083,844,0,95.6665435789328
"6938","weekly",6083,845,0,88.1222633039142
"6939","weekly",6083,846,0,81.6462779459616
"6940","weekly",6083,847,0,76.0662949245889
"6941","weekly",6083,848,0,71.2134339140612
"6942","weekly",6083,849,0,66.9380967792677
"6943","weekly",6083,850,0,63.119056996271
"6944","weekly",6083,851,0,59.6677664350937
"6945","weekly",6083,852,0,56.5278405739373
"6946","weekly",6083,853,0,53.670728657482
"6947","weekly",6083,854,0,51.0886639693708
"6948","weekly",6083,855,0,48.7862718778269
"6949","weekly",6083,856,0,46.7722449362627
"6950","weekly",6083,857,0,45.0522095734632
"6951","weekly",6083,858,0,43.6234286578765
"6952","weekly",6083,859,0,42.4715187289767
"6953","weekly",6083,860,0,41.5690800250886
"6954","weekly",6083,861,0,40.8760886403907
"6955","weekly",6083,862,0,40.341999976059
"6956","weekly",6083,863,0,39.909598606042
"6957","weekly",6083,864,0,39.5205398637045
"6958","weekly",6083,865,0,39.1221877253993
"6959","weekly",6083,866,0,38.6748395939721
"6960","weekly",6083,867,0,38.1579753472397
"6961","weekly",6083,868,0,37.5740692656764
"6962","weekly",6083,869,0,36.9489366847411
"6963","weekly",6083,870,0,36.3284628488182
"6964","weekly",6083,871,0,35.7725251456141
"6965","weekly",6083,872,0,35.3475395927235
"6966","weekly",6083,873,0,35.1190799026008
"6967","weekly",6083,874,0,35.1454844412874
"6968","weekly",6083,875,0,35.4725837334045
"6969","weekly",6083,876,0,36.1290177328046
"6970","weekly",6083,877,0,37.1213479613361
"6971","weekly",6083,878,0,38.4284406048973
"6972","weekly",6083,879,0,39.9954042555255
"6973","weekly",6083,880,0,41.7285653552099
"6974","weekly",6083,881,0,43.4941907270113
"6975","weekly",6083,882,0,45.1242775825231
"6976","weekly",6083,883,0,46.4319447959206
"6977","weekly",6083,884,0,47.2363179230233
"6978","weekly",6083,885,0,47.3928068101304
"6979","weekly",6083,886,0,46.8210457176247
"6980","weekly",6083,887,0,45.5217410412733
"6981","weekly",6083,888,0,43.5765096213436
"6982","weekly",6083,889,0,41.130563941093
"6983","weekly",6083,890,0,38.3639991274831
"6984","weekly",6083,891,0,35.4607065063319
"6985","weekly",6083,892,0,32.5824274449405
"6986","weekly",6083,893,0,29.8533576576665
"6987","weekly",6083,894,0,27.3555641088387
"6988","weekly",6083,895,0,25.1320337231155
"6989","weekly",6083,896,0,23.1944428775969
"6990","weekly",6083,897,0,21.5323493315518
"6991","weekly",6083,898,0,20.121757129491
"6992","weekly",6083,899,0,18.9320908595473
"6993","weekly",6083,900,0,17.9313745348263
"6994","weekly",6083,901,0,17.0897930052452
"6995","weekly",6083,902,0,16.3819208814311
"6996","weekly",6083,903,0,15.7878724882685
"6997","weekly",6083,904,0,15.2935654994071
"6998","weekly",6083,905,0,14.8902582100054
"6999","weekly",6083,906,0,14.5735244332973
"7000","weekly",6083,907,0,14.3418488661482
"7001","weekly",6083,908,0,14.1950322749472
"7002","weekly",6083,909,0,14.132577955439
"7003","weekly",6083,910,0,14.1521983969214
"7004","weekly",6083,911,0,14.2485571687794
"7005","weekly",6083,912,0,14.4123655573421
"7006","weekly",6083,913,0,14.6299867745329
"7007","weekly",6083,914,0,14.8837358653618
"7008","weekly",6083,915,0,15.1530523128386
"7009","weekly",6083,916,0,15.4166157940199
"7010","weekly",6083,917,0,15.6552577021866
"7011","weekly",6083,918,0,15.855240146142
"7012","weekly",6083,919,0,16.0112444497936
"7013","weekly",6083,920,0,16.1283660042027
"7014","weekly",6083,921,0,16.2226216393101
"7015","weekly",6083,922,0,16.319882206757
"7016","weekly",6083,923,0,16.4535740940119
"7017","weekly",6083,924,0,16.6617533143362
"7018","weekly",6083,925,0,16.9841368235502
"7019","weekly",6083,926,0,17.4594083230259
"7020","weekly",6083,927,0,18.1227342428465
"7021","weekly",6083,928,0,19.0030911545255
"7022","weekly",6083,929,0,20.1198507147128
"7023","weekly",6083,930,0,21.4781845372854
"7024","weekly",6083,931,0,23.0632986799028
"7025","weekly",6083,932,0,24.8342887642648
"7026","weekly",6083,933,0,26.7193877108512
"7027","weekly",6083,934,0,28.6151901050762
"7028","weekly",6083,935,0,30.392487959929
"7029","weekly",6083,936,0,31.9100817798753
"7030","weekly",6083,937,0,33.0352965341008
"7031","weekly",6083,938,0,33.6668089956584
"7032","weekly",6083,939,0,33.7533901973075
"7033","weekly",6083,940,0,33.3027017717613
"7034","weekly",6083,941,0,32.3774808270027
"7035","weekly",6083,942,0,31.0808286055471
"7036","weekly",6083,943,0,29.5357088665187
"7037","weekly",6083,944,0,27.8646996759053
"7038","weekly",6083,945,0,26.1746369326574
"7039","weekly",6083,946,0,24.548093323152
"7040","weekly",6083,947,0,23.0412539666286
"7041","weekly",6083,948,0,21.6866313864884
"7042","weekly",6083,949,0,20.4978079111388
"7043","weekly",6083,950,0,19.4746047246081
"7044","weekly",6083,951,0,18.6087612484262
"7045","weekly",6083,952,0,17.8885355800303
"7046","weekly",6083,953,0,17.3018465243076
"7047","weekly",6083,954,0,16.8384285000211
"7048","weekly",6083,955,0,16.4910531057612
"7049","weekly",6083,956,0,16.2559303710732
"7050","weekly",6083,957,0,16.1324230131286
"7051","weekly",6083,958,0,16.12221224526
"7052","weekly",6083,959,0,16.2280459475078
"7053","weekly",6083,960,0,16.4521815050903
"7054","weekly",6083,961,0,16.7946200011502
"7055","weekly",6083,962,0,17.2512399415282
"7056","weekly",6083,963,0,17.8120006433091
"7057","weekly",6083,964,0,18.4595026193201
"7058","weekly",6083,965,0,19.1683330914238
"7059","weekly",6083,966,0,19.905712701031
"7060","weekly",6083,967,0,20.6338886322264
"7061","weekly",6083,968,0,21.3144049517723
"7062","weekly",6083,969,0,21.9138354408424
"7063","weekly",6083,970,0,22.4099522671895
"7064","weekly",6083,971,0,22.7969106505043
"7065","weekly",6083,972,0,23.0881164115344
"7066","weekly",6083,973,0,23.3160623805961
"7067","weekly",6083,974,0,23.5293325230377
"7068","weekly",6083,975,0,23.787762539112
"7069","weekly",6083,976,0,24.1570609107803
"7070","weekly",6083,977,0,24.7039423381502
"7071","weekly",6083,978,0,25.4921848004306
"7072","weekly",6083,979,0,26.5792981781269
"7073","weekly",6083,980,0,28.0129581775764
"7074","weekly",6083,981,0,29.8261822229979
"7075","weekly",6083,982,0,32.0304944457457
"7076","weekly",6083,983,0,34.6070978081771
"7077","weekly",6083,984,0,37.4973234062345
"7078","weekly",6083,985,0,40.5951341843393
"7079","weekly",6083,986,0,43.7456443652773
"7080","weekly",6083,987,0,46.7535888608036
"7081","weekly",6083,988,0,49.4033811370464
"7082","weekly",6083,989,0,51.4898579945802
"7083","weekly",6083,990,0,52.8518247573302
"7084","weekly",6083,991,0,53.399074133049
"7085","weekly",6083,992,0,53.126166192269
"7086","weekly",6083,993,0,52.1081403368735
"7087","weekly",6083,994,0,50.4808452745492
"7088","weekly",6083,995,0,48.4128600064869
"7089","weekly",6083,996,0,46.0772421788497
"7090","weekly",6083,997,0,43.6294534710614
"7091","weekly",6083,998,0,41.1943775003529
"7092","weekly",6083,999,0,38.8621471042643
"7093","weekly",6083,1000,0,36.6905596840734
"7094","weekly",6083,1001,0,34.7113076777969
"7095","weekly",6083,1002,0,32.9376205471708
"7096","weekly",6083,1003,0,31.3715859451331
"7097","weekly",6083,1004,0,30.0102171228573
"7098","weekly",6083,1005,0,28.8498724567326
"7099","weekly",6083,1006,0,27.888969900916
"7100","weekly",6083,1007,0,27.1291746986681
"7101","weekly",6083,1008,0,26.5753495761019
"7102","weekly",6083,1009,0,26.2345817741734
"7103","weekly",6083,1010,0,26.1145539314093
"7104","weekly",6083,1011,0,26.2214309842093
"7105","weekly",6083,1012,0,26.5573382094663
"7106","weekly",6083,1013,0,27.1174663009006
"7107","weekly",6083,1014,0,27.8869157768568
"7108","weekly",6083,1015,0,28.8376161015331
"7109","weekly",6083,1016,0,29.9259978533155
"7110","weekly",6083,1017,0,31.0924435484922
"7111","weekly",6083,1018,0,32.2636832970747
"7112","weekly",6083,1019,0,33.3589865870745
"7113","weekly",6083,1020,0,34.3000908272588
"7114","weekly",6083,1021,0,35.0234534089832
"7115","weekly",6083,1022,0,35.4921389467927
"7116","weekly",6083,1023,0,35.7041626604914
"7117","weekly",6083,1024,0,35.6948648645994
"7118","weekly",6083,1025,0,35.5327138117718
"7119","weekly",6083,1026,0,35.3100130790554
"7120","weekly",6083,1027,0,35.1313474764538
"7121","weekly",6083,1028,0,35.1026912266461
"7122","weekly",6083,1029,0,35.3230754381439
"7123","weekly",6083,1030,0,35.8792053230791
"7124","weekly",6083,1031,0,36.8421089932745
"7125","weekly",6083,1032,0,38.2641928512385
"7126","weekly",6083,1033,0,40.1750704989754
"7127","weekly",6083,1034,0,42.5751587157429
"7128","weekly",6083,1035,0,45.4271980444537
"7129","weekly",6083,1036,0,48.6474089377152
"7130","weekly",6083,1037,0,52.0995903940202
"7131","weekly",6083,1038,0,55.5964330237621
"7132","weekly",6083,1039,0,58.9117735103137
"7133","weekly",6083,1040,0,61.8049403987461
"7134","weekly",6083,1041,0,64.0537574532718
"7135","weekly",6083,1042,0,65.488991322105
"7136","weekly",6083,1043,0,66.0208472118102
"7137","weekly",6083,1044,0,65.649660433417
"7138","weekly",6083,1045,0,64.4585548877512
"7139","weekly",6083,1046,0,62.5914578532829
"7140","weekly",6083,1047,0,60.2238957240916
"7141","weekly",6083,1048,0,57.534655069554
"7142","weekly",6083,1049,0,54.6842111283986
"7143","weekly",6083,1050,0,51.8024284558487
"7144","weekly",6083,1051,0,48.9850314420983
"7145","weekly",6083,1052,0,46.2965674228399
"7146","weekly",6083,1053,0,43.7770865486236
"7147","weekly",6083,1054,0,41.4500027949616
"7148","weekly",6083,1055,0,39.3294541360956
"7149","weekly",6083,1056,0,37.4260847908445
"7150","weekly",6083,1057,0,35.7507959475988
"7151","weekly",6083,1058,0,34.3165443748512
"7152","weekly",6083,1059,0,33.1385440217928
"7153","weekly",6083,1060,0,32.2333589002665
"7154","weekly",6083,1061,0,31.6173405775626
"7155","weekly",6083,1062,0,31.3046992460004
"7156","weekly",6083,1063,0,31.3052776677869
"7157","weekly",6083,1064,0,31.6219171725679
"7158","weekly",6083,1065,0,32.2472573854102
"7159","weekly",6083,1066,0,33.1599672782104
"7160","weekly",6083,1067,0,34.3207911582213
"7161","weekly",6083,1068,0,35.6693572851364
"7162","weekly",6083,1069,0,37.1232626592609
"7163","weekly",6083,1070,0,38.58119675731
"7164","weekly",6083,1071,0,39.9314202327369
"7165","weekly",6083,1072,0,41.0655572834803
"7166","weekly",6083,1073,0,41.8956343882892
"7167","weekly",6083,1074,0,42.3704181463909
"7168","weekly",6083,1075,0,42.4864509455365
"7169","weekly",6083,1076,0,42.2904157299345
"7170","weekly",6083,1077,0,41.8722333916958
"7171","weekly",6083,1078,0,41.3513200648013
"7172","weekly",6083,1079,0,40.8602583264146
"7173","weekly",6083,1080,0,40.5300604796139
"7174","weekly",6083,1081,0,40.4795821969747
"7175","weekly",6083,1082,0,40.8094880750141
"7176","weekly",6083,1083,0,41.599436750621
"7177","weekly",6083,1084,0,42.9062211572091
"7178","weekly",6083,1085,0,44.7611755840262
"7179","weekly",6083,1086,0,47.1651142053888
"7180","weekly",6083,1087,0,50.0807749304513
"7181","weekly",6083,1088,0,53.4248749597537
"7182","weekly",6083,1089,0,57.0625674480325
"7183","weekly",6083,1090,0,60.8084664194175
"7184","weekly",6083,1091,0,64.4378042472454
"7185","weekly",6083,1092,0,67.708866337045
"7186","weekly",6083,1093,0,70.3939148394857
"7187","weekly",6083,1094,0,72.311888277487
"7188","weekly",6083,1095,0,73.3542964455264
"7189","weekly",6083,1096,0,73.4972316836793
"7190","weekly",6083,1097,0,72.7968419817844
"7191","weekly",6083,1098,0,71.3708964252219
"7192","weekly",6083,1099,0,69.3728261170181
"7193","weekly",6083,1100,0,66.9655332608454
"7194","weekly",6083,1101,0,64.3006091332718
"7195","weekly",6083,1102,0,61.5057074811193
"7196","weekly",6083,1103,0,58.6800729011957
"7197","weekly",6083,1104,0,55.8964288534335
"7198","weekly",6083,1105,0,53.2067158715872
"7199","weekly",6083,1106,0,50.6492613472146
"7200","weekly",6083,1107,0,48.2554935157968
"7201","weekly",6083,1108,0,46.0550067137956
"7202","weekly",6083,1109,0,44.0784763639167
"7203","weekly",6083,1110,0,42.3585070915869
"7204","weekly",6083,1111,0,40.9288957143435
"7205","weekly",6083,1112,0,39.8229475557382
"7206","weekly",6083,1113,0,39.0713968134005
"7207","weekly",6083,1114,0,38.7002152111891
"7208","weekly",6083,1115,0,38.7282669779961
"7209","weekly",6083,1116,0,39.1645180261403
"7210","weekly",6083,1117,0,40.0044510996522
"7211","weekly",6083,1118,0,41.2255578059339
"7212","weekly",6083,1119,0,42.7823008203341
"7213","weekly",6083,1120,0,44.6017028445203
"7214","weekly",6083,1121,0,46.5815096631995
"7215","weekly",6083,1122,0,48.5932925790839
"7216","weekly",6083,1123,0,50.4923997976512
"7217","weekly",6083,1124,0,52.1350152343293
"7218","weekly",6083,1125,0,53.3999810498281
"7219","weekly",6083,1126,0,54.210487110824
"7220","weekly",6083,1127,0,54.549634704912
"7221","weekly",6083,1128,0,54.4651940379918
"7222","weekly",6083,1129,0,54.0622863157987
"7223","weekly",6083,1130,0,53.4866618740853
"7224","weekly",6083,1131,0,52.9038289478194
"7225","weekly",6083,1132,0,52.479486987053
"7226","weekly",6083,1133,0,52.3648620773674
"7227","weekly",6083,1134,0,52.6878576380986
"7228","weekly",6083,1135,0,53.5486726927775
"7229","weekly",6083,1136,0,55.0173827023682
"7230","weekly",6083,1137,0,57.130983144285
"7231","weekly",6083,1138,0,59.8883249416249
"7232","weekly",6083,1139,0,63.2428309761453
"7233","weekly",6083,1140,0,67.0946911471256
"7234","weekly",6083,1141,0,71.2859091707869
"7235","weekly",6083,1142,0,75.6024294031085
"7236","weekly",6083,1143,0,79.7869831142234
"7237","weekly",6083,1144,0,83.5637309457161
"7238","weekly",6083,1145,0,86.6717374071814
"7239","weekly",6083,1146,0,88.9003270672911
"7240","weekly",6083,1147,0,90.1174613861149
"7241","weekly",6083,1148,0,90.2837298619997
"7242","weekly",6083,1149,0,89.4489590342782
"7243","weekly",6083,1150,0,87.7338193733231
"7244","weekly",6083,1151,0,85.3027871074592
"7245","weekly",6083,1152,0,82.3360115229952
"7246","weekly",6083,1153,0,79.0061953667828
"7247","weekly",6083,1154,0,75.4637365723975
"7248","weekly",6083,1155,0,71.830492511639
"7249","weekly",6083,1156,0,68.2005032183733
"7250","weekly",6083,1157,0,64.6450845352883
"7251","weekly",6083,1158,0,61.2196740004802
"7252","weekly",6083,1159,0,57.9703343649453
"7253","weekly",6083,1160,0,54.9385849909231
"7254","weekly",6083,1161,0,52.1640223741197
"7255","weekly",6083,1162,0,49.684857094333
"7256","weekly",6083,1163,0,47.5369303480329
"7257","weekly",6083,1164,0,45.7519258169996
"7258","weekly",6083,1165,0,44.3553806825876
"7259","weekly",6083,1166,0,43.3648149222718
"7260","weekly",6083,1167,0,42.7879762370576
"7261","weekly",6083,1168,0,42.6209731521303
"7262","weekly",6083,1169,0,42.8460371813562
"7263","weekly",6083,1170,0,43.4288585038303
"7264","weekly",6083,1171,0,44.3158601584364
"7265","weekly",6083,1172,0,45.4323211199226
"7266","weekly",6083,1173,0,46.6827407357705
"7267","weekly",6083,1174,0,47.954974725908
"7268","weekly",6083,1175,0,49.1291732239333
"7269","weekly",6083,1176,0,50.0912924917793
"7270","weekly",6083,1177,0,50.7491940747859
"7271","weekly",6083,1178,0,51.0477846698268
"7272","weekly",6083,1179,0,50.9791525439068
"7273","weekly",6083,1180,0,50.5847288244113
"7274","weekly",6083,1181,0,49.948923165859
"7275","weekly",6083,1182,0,49.1859610444808
"7276","weekly",6083,1183,0,48.4239428200672
"7277","weekly",6083,1184,0,47.7899212213451
"7278","weekly",6083,1185,0,47.3982455974401
"7279","weekly",6083,1186,0,47.3432115138348
"7280","weekly",6083,1187,0,47.6951640796178
"7281","weekly",6083,1188,0,48.4984452597564
"7282","weekly",6083,1189,0,49.7695564110982
"7283","weekly",6083,1190,0,51.4945193613239
"7284","weekly",6083,1191,0,53.6254114268522
"7285","weekly",6083,1192,0,56.0771620876185
"7286","weekly",6083,1193,0,58.7266305489902
"7287","weekly",6083,1194,0,61.4163590494427
"7288","weekly",6083,1195,0,63.9648472778135
"7289","weekly",6083,1196,0,66.1835809165423
"7290","weekly",6083,1197,0,67.8987199236799
"7291","weekly",6083,1198,0,68.9731870680189
"7292","weekly",6083,1199,0,69.3239605837807
"7293","weekly",6083,1200,0,68.9303099901008
"7294","weekly",6083,1201,0,67.8312723770287
"7295","weekly",6083,1202,0,66.1137747570319
"7296","weekly",6083,1203,0,63.8951719903853
"7297","weekly",6083,1204,0,61.3047809108029
"7298","weekly",6083,1205,0,58.4682563604874
"7299","weekly",6083,1206,0,55.4970069674891
"7300","weekly",6083,1207,0,52.4830832344232
"7301","weekly",6083,1208,0,49.4986555056821
"7302","weekly",6083,1209,0,46.598529451483
"7303","weekly",6083,1210,0,43.8241055945255
"7304","weekly",6083,1211,0,41.2074213821979
"7305","weekly",6083,1212,0,38.7743854382279
"7306","weekly",6083,1213,0,36.5468478927723
"7307","weekly",6083,1214,0,34.5435142873903
"7308","weekly",6083,1215,0,32.7799624486215
"7309","weekly",6083,1216,0,31.2681348625774
"7310","weekly",6083,1217,0,30.0156409412084
"7311","weekly",6083,1218,0,29.0250775828681
"7312","weekly",6083,1219,0,28.2934292092323
"7313","weekly",6083,1220,0,27.8115023338105
"7314","weekly",6083,1221,0,27.5633257967056
"7315","weekly",6083,1222,0,27.5255182667606
"7316","weekly",6083,1223,0,27.6667719446341
"7317","weekly",6083,1224,0,27.947779258473
"7318","weekly",6083,1225,0,28.3220643187087
"7319","weekly",6083,1226,0,28.7381827986683
"7320","weekly",6083,1227,0,29.1435458376945
"7321","weekly",6083,1228,0,29.4896928001908
"7322","weekly",6083,1229,0,29.7382838945632
"7323","weekly",6083,1230,0,29.8666192871897
"7324","weekly",6083,1231,0,29.871360921592
"7325","weekly",6083,1232,0,29.7694731351949
"7326","weekly",6083,1233,0,29.5961255273141
"7327","weekly",6083,1234,0,29.4001399618865
"7328","weekly",6083,1235,0,29.2380776525388
"7329","weekly",6083,1236,0,29.1682945217472
"7330","weekly",6083,1237,0,29.24590304085
"7331","weekly",6083,1238,0,29.51895229808
"7332","weekly",6083,1239,0,30.0257073261018
"7333","weekly",6083,1240,0,30.7925076912361
"7334","weekly",6083,1241,0,31.8316414791916
"7335","weekly",6083,1242,0,33.1388803848531
"7336","weekly",6083,1243,0,34.6907299733357
"7337","weekly",6083,1244,0,36.4419553264524
"7338","weekly",6083,1245,0,38.3244028709669
"7339","weekly",6083,1246,0,40.2483642654697
"7340","weekly",6083,1247,0,42.1075223526059
"7341","weekly",6083,1248,0,43.7877834949031
"7342","weekly",6083,1249,0,45.17915348307
"7343","weekly",6083,1250,0,46.1886337455362
"7344","weekly",6083,1251,0,46.7514178502825
"7345","weekly",6083,1252,0,46.8378480320534
"7346","weekly",6083,1253,0,46.4546656719613
"7347","weekly",6083,1254,0,45.6406515221679
"7348","weekly",6083,1255,0,44.4581777048807
"7349","weekly",6083,1256,0,42.9829744217204
"7350","weekly",6083,1257,0,41.2943855164704
"7351","weekly",6083,1258,0,39.4677367456316
"7352","weekly",6083,1259,0,37.5695377309457
"7353","weekly",6083,1260,0,35.6554263125217
"7354","weekly",6083,1261,0,33.7702407118777
"7355","weekly",6083,1262,0,31.9493894444095
"7356","weekly",6083,1263,0,30.2207271948064
"7357","weekly",6083,1264,0,28.6063910181037
"7358","weekly",6083,1265,0,27.1242328980516
"7359","weekly",6083,1266,0,25.7887208270404
"7360","weekly",6083,1267,0,24.6113676568057
"7361","weekly",6083,1268,0,23.6008190459615
"7362","weekly",6083,1269,0,22.7627472986715
"7363","weekly",6083,1270,0,22.0996633995237
"7364","weekly",6083,1271,0,21.6107056904511
"7365","weekly",6083,1272,0,21.2914198687286
"7366","weekly",6083,1273,0,21.1335319730715
"7367","weekly",6083,1274,0,21.1247412099692
"7368","weekly",6083,1275,0,21.2486158551765
"7369","weekly",6083,1276,0,21.4847424458712
"7370","weekly",6083,1277,0,21.8092279136035
"7371","weekly",6083,1278,0,22.1961258123993
"7372","weekly",6083,1279,0,22.619404713354
"7373","weekly",6083,1280,0,23.0553636684999
"7374","weekly",6083,1281,0,23.4856844853784
"7375","weekly",6083,1282,0,23.9002475083544
"7376","weekly",6083,1283,0,24.2992610663205
"7377","weekly",6083,1284,0,24.6942658256448
"7378","weekly",6083,1285,0,25.1078298210414
"7379","weekly",6083,1286,0,25.5720562526112
"7380","weekly",6083,1287,0,26.1262624371011
"7381","weekly",6083,1288,0,26.8142663952312
"7382","weekly",6083,1289,0,27.6816224474023
"7383","weekly",6083,1290,0,28.7729350744266
"7384","weekly",6083,1291,0,30.1291447144831
"7385","weekly",6083,1292,0,31.7845123194129
"7386","weekly",6083,1293,0,33.7629993713781
"7387","weekly",6083,1294,0,36.0738844173029
"7388","weekly",6083,1295,0,38.7067807463827
"7389","weekly",6083,1296,0,41.6266815170384
"7390","weekly",6083,1297,0,44.7701499791219
"7391","weekly",6083,1298,0,48.0441087091458
"7392","weekly",6083,1299,0,51.3286379367419
"7393","weekly",6083,1300,0,54.484601866061
"7394","weekly",6083,1301,0,57.3658050657104
"7395","weekly",6083,1302,0,59.8340299015981
"7396","weekly",6083,1303,0,61.7742206908806
"7397","weekly",6083,1304,0,63.1067505731335
"7398","weekly",6083,1305,0,63.7943440684321
"7399","weekly",6083,1306,0,63.8426228795433
"7400","weekly",6083,1307,0,63.294859997055
"7401","weekly",6083,1308,0,62.2227816230734
"7402","weekly",6083,1309,0,60.7157865564368
"7403","weekly",6083,1310,0,58.8707395298552
"7404","weekly",6083,1311,0,56.7837893421092
"7405","weekly",6083,1312,0,54.5448103130766
"7406","weekly",6083,1313,0,52.2343487538674
"7407","weekly",6083,1314,0,49.9225178311754
"7408","weekly",6083,1315,0,47.6691349226385
"7409","weekly",6083,1316,0,45.5244629178778
"7410","weekly",6083,1317,0,43.5300996886581
"7411","weekly",6083,1318,0,41.719766457034
"7412","weekly",6083,1319,0,40.1199134885537
"7413","weekly",6083,1320,0,38.7501621322008
"7414","weekly",6083,1321,0,37.6236373731008
"7415","weekly",6083,1322,0,36.7472364575588
"7416","weekly",6083,1323,0,36.1218563712609
"7417","weekly",6083,1324,0,35.742592290735
"7418","weekly",6083,1325,0,35.5989358478982
"7419","weekly",6083,1326,0,35.6750468418541
"7420","weekly",6083,1327,0,35.9502310647877
"7421","weekly",6083,1328,0,36.3998047657151
"7422","weekly",6083,1329,0,36.9965321615018
"7423","weekly",6083,1330,0,37.7128108218312
"7424","weekly",6083,1331,0,38.5234042433367
"7425","weekly",6083,1332,0,39.40873150267
"7426","weekly",6083,1333,0,40.358356925346
"7427","weekly",6083,1334,0,41.3739504299738
"7428","weekly",6083,1335,0,42.4714064387226
"7429","weekly",6083,1336,0,43.6817583734737
"7430","weekly",6083,1337,0,45.050805080471
"7431","weekly",6083,1338,0,46.6375962276434
"7432","weekly",6083,1339,0,48.5120518138283
"7433","weekly",6083,1340,0,50.7519659553654
"7434","weekly",6083,1341,0,53.4394787145138
"7435","weekly",6083,1342,0,56.6568575168494
"7436","weekly",6083,1343,0,60.481207354198
"7437","weekly",6083,1344,0,64.9776288080247
"7438","weekly",6083,1345,0,70.1904575913795
"7439","weekly",6083,1346,0,76.13261560315
"7440","weekly",6083,1347,0,82.7737937630518
"7441","weekly",6083,1348,0,90.0290843868279
"7442","weekly",6083,1349,0,97.7505582567755
"7443","weekly",6083,1350,0,105.724776314346
"7444","weekly",6083,1351,0,113.678938638281
"7445","weekly",6083,1352,0,121.297063332364
"7446","weekly",6083,1353,0,128.245387444673
"7447","weekly",6083,1354,0,134.203682276515
"7448","weekly",6083,1355,0,138.897261482722
"7449","weekly",6083,1356,0,142.123920414262
"7450","weekly",6083,1357,0,143.771160104086
"7451","weekly",6083,1358,0,143.821425058792
"7452","weekly",6083,1359,0,142.345845146308
"7453","weekly",6083,1360,0,139.489193231973
"7454","weekly",6083,1361,0,135.449879345048
"7455","weekly",6083,1362,0,130.458740935283
"7456","weekly",6083,1363,0,124.759506010043
"7457","weekly",6083,1364,0,118.592606870778
"7458","weekly",6083,1365,0,112.182935243494
"7459","weekly",6083,1366,0,105.731385646512
"7460","weekly",6083,1367,0,99.4096646939943
"7461","weekly",6083,1368,0,93.357753687771
"7462","weekly",6083,1369,0,87.6834640328671
"7463","weekly",6083,1370,0,82.4636088433253
"7464","weekly",6083,1371,0,77.7463732889955
"7465","weekly",6083,1372,0,73.5544957629027
"7466","weekly",6083,1373,0,69.888896054581
"7467","weekly",6083,1374,0,66.7323809833324
"7468","weekly",6083,1375,0,64.0534028333568
"7469","weekly",6083,1376,0,61.8094894409078
"7470","weekly",6083,1377,0,59.9503578729345
"7471","weekly",6083,1378,0,58.421052927275
"7472","weekly",6083,1379,0,57.1650599993736
"7473","weekly",6083,1380,0,56.1275495333175
"7474","weekly",6083,1381,0,55.2587552444238
"7475","weekly",6083,1382,0,54.5173322275441
"7476","weekly",6083,1383,0,53.8733874251338
"7477","weekly",6083,1384,0,53.310785796064
"7478","weekly",6083,1385,0,52.828359810359
"7479","weekly",6083,1386,0,52.4397979245114
"7480","weekly",6083,1387,0,52.1722193797832
"7481","weekly",6083,1388,0,52.0636795928149
"7482","weekly",6083,1389,0,52.1600086090912
"7483","weekly",6083,1390,0,52.5114117390331
"7484","weekly",6083,1391,0,53.169155749456
"7485","weekly",6083,1392,0,54.1824726966588
"7486","weekly",6083,1393,0,55.5956080771139
"7487","weekly",6083,1394,0,57.4447896706843
"7488","weekly",6083,1395,0,59.7548476138982
"7489","weekly",6083,1396,0,62.5352985153513
"7490","weekly",6083,1397,0,65.7759150284546
"7491","weekly",6083,1398,0,69.4421089150492
"7492","weekly",6083,1399,0,73.4708006962537
"7493","weekly",6083,1400,0,77.76773925015
"7494","weekly",6083,1401,0,82.2073544378654
"7495","weekly",6083,1402,0,86.6360700312725
"7496","weekly",6083,1403,0,90.8795293938674
"7497","weekly",6083,1404,0,94.7534562397486
"7498","weekly",6083,1405,0,98.077066446036
"7499","weekly",6083,1406,0,100.687308594701
"7500","weekly",6083,1407,0,102.451953835363
"7501","weekly",6083,1408,0,103.279766103115
"7502","weekly",6083,1409,0,103.126580710763
"7503","weekly",6083,1410,0,101.996894547512
"7504","weekly",6083,1411,0,99.9412862026948
"7505","weekly",6083,1412,0,97.0504702485559
"7506","weekly",6083,1413,0,93.4469980774084
"7507","weekly",6083,1414,0,89.2756067120208
"7508","weekly",6083,1415,0,84.6930953987612
"7509","weekly",6083,1416,0,79.8584722858504
"7510","weekly",6083,1417,0,74.9240025708059
"7511","weekly",6083,1418,0,70.0276738567991
"7512","weekly",6083,1419,0,65.2875761540708
"7513","weekly",6083,1420,0,60.7983390528825
"7514","weekly",6083,1421,0,56.6296764113577
"7515","weekly",6083,1422,0,52.8268799996949
"7516","weekly",6083,1423,0,49.4128356563961
"7517","weekly",6083,1424,0,46.3910527823755
"7518","weekly",6083,1425,0,43.7491977591053
"7519","weekly",6083,1426,0,41.4627078399571
"7520","weekly",6083,1427,0,39.4980162972206
"7521","weekly",6083,1428,0,37.8160357978559
"7522","weekly",6083,1429,0,36.3748894752571
"7523","weekly",6083,1430,0,35.1320563491972
"7524","weekly",6083,1431,0,34.0469175442704
"7525","weekly",6083,1432,0,33.0829675229543
"7526","weekly",6083,1433,0,32.209825082864
"7527","weekly",6083,1434,0,31.4048922821894
"7528","weekly",6083,1435,0,30.6544607390824
"7529","weekly",6083,1436,0,29.9540863148286
"7530","weekly",6083,1437,0,29.308148630902
"7531","weekly",6083,1438,0,28.7286539373672
"7532","weekly",6083,1439,0,28.2334796658106
"7533","weekly",6083,1440,0,27.8443468737023
"7534","weekly",6083,1441,0,27.5848139607842
"7535","weekly",6083,1442,0,27.4785145861097
"7536","weekly",6083,1443,0,27.5477447401645
"7537","weekly",6083,1444,0,27.8123797806838
"7538","weekly",6083,1445,0,28.2890077190823
"7539","weekly",6083,1446,0,28.9901205747447
"7540","weekly",6083,1447,0,29.9232153228149
"7541","weekly",6083,1448,0,31.0897122136084
"7542","weekly",6083,1449,0,32.4836868053026
"7543","weekly",6083,1450,0,34.0905149591345
"7544","weekly",6083,1451,0,35.8856263892521
"7545","weekly",6083,1452,0,37.833629349203
"7546","weekly",6083,1453,0,39.8880857341646
"7547","weekly",6083,1454,0,41.9921699276238
"7548","weekly",6083,1455,0,44.0803394431277
"7549","weekly",6083,1456,0,46.0810025836254
"7550","weekly",6083,1457,0,47.9200229711932
"7551","weekly",6083,1458,0,49.5247883249613
"7552","weekly",6083,1459,0,50.8285124247705
"7553","weekly",6083,1460,0,51.7744331301074
"7554","weekly",6083,1461,0,52.3195944677209
"7555","weekly",6083,1462,0,52.4379306061164
"7556","weekly",6083,1463,0,52.1223894039358
"7557","weekly",6083,1464,0,51.3858510526261
"7558","weekly",6083,1465,0,50.2606404856415
"7559","weekly",6083,1466,0,48.7965312150845
"7560","weekly",6083,1467,0,47.0573051480023
"7561","weekly",6083,1468,0,45.1161462922391
"7562","weekly",6083,1469,0,43.0503524941232
"7563","weekly",6083,1470,0,40.936698592137
"7564","weekly",6083,1471,0,38.8455647138107
"7565","weekly",6083,1472,0,36.8366050090626
"7566","weekly",6083,1473,0,34.957478360091
"7567","weekly",6083,1474,0,33.2430232698462
"7568","weekly",6083,1475,0,31.7152245983016
"7569","weekly",6083,1476,0,30.3841797916102
"7570","weekly",6083,1477,0,29.2496317448604
"7571","weekly",6083,1478,0,28.3027421537481
"7572","weekly",6083,1479,0,27.5279009133737
"7573","weekly",6083,1480,0,26.9044870051439
"7574","weekly",6083,1481,0,26.4085891428986
"7575","weekly",6083,1482,0,26.0147407449476
"7576","weekly",6083,1483,0,25.6977156475405
"7577","weekly",6083,1484,0,25.4343747461899
"7578","weekly",6083,1485,0,25.2054706562049
"7579","weekly",6083,1486,0,24.9972401094856
"7580","weekly",6083,1487,0,24.8025768426378
"7581","weekly",6083,1488,0,24.6216044310931
"7582","weekly",6083,1489,0,24.4615587736262
"7583","weekly",6083,1490,0,24.3360174037662
"7584","weekly",6083,1491,0,24.2636347321022
"7585","weekly",6083,1492,0,24.2666178887885
"7586","weekly",6083,1493,0,24.3691854280914
"7587","weekly",6083,1494,0,24.5961953816877
"7588","weekly",6083,1495,0,24.9720351806391
"7589","weekly",6083,1496,0,25.5197662655337
"7590","weekly",6083,1497,0,26.2604376543386
"7591","weekly",6083,1498,0,27.2124398967499
"7592","weekly",6083,1499,0,28.3907660953118
"7593","weekly",6083,1500,0,29.806074432192
"7594","weekly",6083,1501,0,31.4634980303017
"7595","weekly",6083,1502,0,33.3612137738673
"7596","weekly",6083,1503,0,35.4888532979166
"7597","weekly",6083,1504,0,37.8259085910104
"7598","weekly",6083,1505,0,40.3403437455781
"7599","weekly",6083,1506,0,42.9876661320814
"7600","weekly",6083,1507,0,45.7107283305377
"7601","weekly",6083,1508,0,48.4405207234886
"7602","weekly",6083,1509,0,51.0981674386494
"7603","weekly",6083,1510,0,53.598247905662
"7604","weekly",6083,1511,0,55.85342586146
"7605","weekly",6083,1512,0,57.7801766913763
"7606","weekly",6083,1513,0,59.3051770712846
"7607","weekly",6083,1514,0,60.3716952052928
"7608","weekly",6083,1515,0,60.945155257672
"7609","weekly",6083,1516,0,61.0170146499659
"7610","weekly",6083,1517,0,60.6062394962937
"7611","weekly",6083,1518,0,59.7579969670987
"7612","weekly",6083,1519,0,58.539645832192
"7613","weekly",6083,1520,0,57.0345853817998
"7614","weekly",6083,1521,0,55.3348876480813
"7615","weekly",6083,1522,0,53.5337886258349
"7616","weekly",6083,1523,0,51.7189476640342
"7617","weekly",6083,1524,0,49.9674647838256
"7618","weekly",6083,1525,0,48.342583707723
"7619","weekly",6083,1526,0,46.8920455278712
"7620","weekly",6083,1527,0,45.6481304958215
"7621","weekly",6083,1528,0,44.6286612776385
"7622","weekly",6083,1529,0,43.8386131656152
"7623","weekly",6083,1530,0,43.2720030949349
"7624","weekly",6083,1531,0,42.9138673573689
"7625","weekly",6083,1532,0,42.7422686147911
"7626","weekly",6083,1533,0,42.7303625473287
"7627","weekly",6083,1534,0,42.8485850833604
"7628","weekly",6083,1535,0,43.0669908842683
"7629","weekly",6083,1536,0,43.3576971025905
"7630","weekly",6083,1537,0,43.6972918904139
"7631","weekly",6083,1538,0,44.0689906684565
"7632","weekly",6083,1539,0,44.4642972061265
"7633","weekly",6083,1540,0,44.8839677112774
"7634","weekly",6083,1541,0,45.338177317426
"7635","weekly",6083,1542,0,45.8459203432431
"7636","weekly",6083,1543,0,46.4337982249635
"7637","weekly",6083,1544,0,47.1344265316802
"7638","weekly",6083,1545,0,47.9847067157316
"7639","weekly",6083,1546,0,49.0241622608955
"7640","weekly",6083,1547,0,50.2934519347036
"7641","weekly",6083,1548,0,51.8330705059416
"7642","weekly",6083,1549,0,53.6821521824386
"7643","weekly",6083,1550,0,55.8772189804513
"7644","weekly",6083,1551,0,58.4506725094252
"7645","weekly",6083,1552,0,61.4288165824182
"7646","weekly",6083,1553,0,64.8292235975096
"7647","weekly",6083,1554,0,68.6573274481198
"7648","weekly",6083,1555,0,72.9022511788062
"7649","weekly",6083,1556,0,77.5320694679831
"7650","weekly",6083,1557,0,82.4889653452992
"7651","weekly",6083,1558,0,87.6850456773245
"7652","weekly",6083,1559,0,92.9998733122484
"7653","weekly",6083,1560,0,98.2809561246104
"7654","weekly",6083,1561,0,103.348376003007
"7655","weekly",6083,1562,0,108.004325418646
"7656","weekly",6083,1563,0,112.047500585686
"7657","weekly",6083,1564,0,115.29117349186
"7658","weekly",6083,1565,0,117.582594275184
"7659","weekly",6083,1566,0,118.820544293645
"7660","weekly",6083,1567,0,118.967416441679
"7661","weekly",6083,1568,0,118.054610242587
"7662","weekly",6083,1569,0,116.178469537117
"7663","weekly",6083,1570,0,113.487667541485
"7664","weekly",6083,1571,0,110.16613328096
"7665","weekly",6083,1572,0,106.413385948545
"7666","weekly",6083,1573,0,102.425914679377
"7667","weekly",6083,1574,0,98.382112432344
"7668","weekly",6083,1575,0,94.4321073010651
"7669","weekly",6083,1576,0,90.6926679340249
"7670","weekly",6083,1577,0,87.2464852512348
"7671","weekly",6083,1578,0,84.1446712983889
"7672","weekly",6083,1579,0,81.4112341319997
"7673","weekly",6083,1580,0,79.0484621613141
"7674","weekly",6083,1581,0,77.0424405414669
"7675","weekly",6083,1582,0,75.3682131192909
"7676","weekly",6083,1583,0,73.9943312022224
"7677","weekly",6083,1584,0,72.8866755837371
"7678","weekly",6083,1585,0,72.0115131078055
"7679","weekly",6083,1586,0,71.3377813749539
"7680","weekly",6083,1587,0,70.8386141111696
"7681","weekly",6083,1588,0,70.4921458417957
"7682","weekly",6083,1589,0,70.2816752868821
"7683","weekly",6083,1590,0,70.1953172038629
"7684","weekly",6083,1591,0,70.2253191746713
"7685","weekly",6083,1592,0,70.3672484213603
"7686","weekly",6083,1593,0,70.6192534464062
"7687","weekly",6083,1594,0,70.9815723491047
"7688","weekly",6083,1595,0,71.4563973568584
"7689","weekly",6083,1596,0,72.0481221883383
"7690","weekly",6083,1597,0,72.7639075159823
"7691","weekly",6083,1598,0,73.6144137406518
"7692","weekly",6083,1599,0,74.6144828667311
"7693","weekly",6083,1600,0,75.7835130004096
"7694","weekly",6083,1601,0,77.1452649345738
"7695","weekly",6083,1602,0,78.7268683386792
"7696","weekly",6083,1603,0,80.556847159678
"7697","weekly",6083,1604,0,82.6620507301704
"7698","weekly",6083,1605,0,85.0634558313322
"7699","weekly",6083,1606,0,87.7709055902087
"7700","weekly",6083,1607,0,90.7769978839351
"7701","weekly",6083,1608,0,94.0505591301189
"7702","weekly",6083,1609,0,97.5304553581227
"7703","weekly",6083,1610,0,101.120874887696
"7704","weekly",6083,1611,0,104.689568305766
"7705","weekly",6083,1612,0,108.070674384478
"7706","weekly",6083,1613,0,111.07347332561
"7707","weekly",6083,1614,0,113.49752013346
"7708","weekly",6083,1615,0,115.153137397618
"7709","weekly",6083,1616,0,115.884501932203
"7710","weekly",6083,1617,0,115.591137152951
"7711","weekly",6083,1618,0,114.243190263252
"7712","weekly",6083,1619,0,111.886833953511
"7713","weekly",6083,1620,0,108.63819537466
"7714","weekly",6083,1621,0,104.667705161803
"7715","weekly",6083,1622,0,100.177761269195
"7716","weekly",6083,1623,0,95.3784461503674
"7717","weekly",6083,1624,0,90.4664057719056
"7718","weekly",6083,1625,0,85.6093423492275
"7719","weekly",6083,1626,0,80.937406930665
"7720","weekly",6083,1627,0,76.541032968933
"7721","weekly",6083,1628,0,72.473825382971
"7722","weekly",6083,1629,0,68.7585572479002
"7723","weekly",6083,1630,0,65.3946526374057
"7724","weekly",6083,1631,0,62.3659040882194
"7725","weekly",6083,1632,0,59.6475169492915
"7726","weekly",6083,1633,0,57.2119724036747
"7727","weekly",6083,1634,0,55.0334524199861
"7728","weekly",6083,1635,0,53.0907423696335
"7729","weekly",6083,1636,0,51.3686566010583
"7730","weekly",6083,1637,0,49.8581437554676
"7731","weekly",6083,1638,0,48.5553251609817
"7732","weekly",6083,1639,0,47.4597881855007
"7733","weekly",6083,1640,0,46.5724821338081
"7734","weekly",6083,1641,0,45.8935439587221
"7735","weekly",6083,1642,0,45.4203278179775
"7736","weekly",6083,1643,0,45.1458497328422
"7737","weekly",6083,1644,0,45.0578076081874
"7738","weekly",6083,1645,0,45.138305227083
"7739","weekly",6083,1646,0,45.3643853728863
"7740","weekly",6083,1647,0,45.7094364529621
"7741","weekly",6083,1648,0,46.1454520544939
"7742","weekly",6083,1649,0,46.6459828675579
"7743","weekly",6083,1650,0,47.1894445655635
"7744","weekly",6083,1651,0,47.76228450911
"7745","weekly",6083,1652,0,48.3614305517985
"7746","weekly",6083,1653,0,48.9954963551863
"7747","weekly",6083,1654,0,49.6844020085555
"7748","weekly",6083,1655,0,50.4573323726945
"7749","weekly",6083,1656,0,51.3492098184215
"7750","weekly",6083,1657,0,52.3960237733845
"7751","weekly",6083,1658,0,53.6294083798421
"7752","weekly",6083,1659,0,55.0708291318297
"7753","weekly",6083,1660,0,56.7257144874893
"7754","weekly",6083,1661,0,58.577939140785
"7755","weekly",6083,1662,0,60.585277882099
"7756","weekly",6083,1663,0,62.6768485165812
"7757","weekly",6083,1664,0,64.7534169699211
"7758","weekly",6083,1665,0,66.6921760966652
"7759","weekly",6083,1666,0,68.3567366187199
"7760","weekly",6083,1667,0,69.6115254627657
"7761","weekly",6083,1668,0,70.3390747334925
"7762","weekly",6083,1669,0,70.4568929773814
"7763","weekly",6083,1670,0,69.9300971392368
"7764","weekly",6083,1671,0,68.7766221834318
"7765","weekly",6083,1672,0,67.0636401674128
"7766","weekly",6083,1673,0,64.8961713138851
"7767","weekly",6083,1674,0,62.4008376262209
"7768","weekly",6083,1675,0,59.7085818856867
"7769","weekly",6083,1676,0,56.9397875787254
"7770","weekly",6083,1677,0,54.1939700192597
"7771","weekly",6083,1678,0,51.5447000090498
"7772","weekly",6083,1679,0,49.0392239128851
"7773","weekly",6083,1680,0,46.701499015544
"7774","weekly",6083,1681,0,44.5373427079176
"7775","weekly",6083,1682,0,42.5404614649888
"7776","weekly",6083,1683,0,40.6983835720457
"7777","weekly",6083,1684,0,38.9976458161254
"7778","weekly",6083,1685,0,37.4277859145222
"7779","weekly",6083,1686,0,35.9838794036041
"7780","weekly",6083,1687,0,34.6675519004784
"7781","weekly",6083,1688,0,33.4865972979896
"7782","weekly",6083,1689,0,32.4535110234137
"7783","weekly",6083,1690,0,31.5833585678483
"7784","weekly",6083,1691,0,30.8914099647664
"7785","weekly",6083,1692,0,30.3908844885736
"7786","weekly",6083,1693,0,30.0910086907388
"7787","weekly",6083,1694,0,29.995456192657
"7788","weekly",6083,1695,0,30.1011627099651
"7789","weekly",6083,1696,0,30.3975193899678
"7790","weekly",6083,1697,0,30.8660298948234
"7791","weekly",6083,1698,0,31.480626247605
"7792","weekly",6083,1699,0,32.2089074175601
"7793","weekly",6083,1700,0,33.0145231755159
"7794","weekly",6083,1701,0,33.8607326547208
"7795","weekly",6083,1702,0,34.7148426219792
"7796","weekly",6083,1703,0,35.5528721064038
"7797","weekly",6083,1704,0,36.3635471292364
"7798","weekly",6083,1705,0,37.1507340894459
"7799","weekly",6083,1706,0,37.9337078429089
"7800","weekly",6083,1707,0,38.7451222860254
"7801","weekly",6083,1708,0,39.627018538944
"7802","weekly",6083,1709,0,40.6254907119146
"7803","weekly",6083,1710,0,41.7846593934082
"7804","weekly",6083,1711,0,43.1404417038866
"7805","weekly",6083,1712,0,44.7144092056551
"7806","weekly",6083,1713,0,46.5079566539935
"7807","weekly",6083,1714,0,48.4971648872888
"7808","weekly",6083,1715,0,50.6291130933678
"7809","weekly",6083,1716,0,52.8206785131188
"7810","weekly",6083,1717,0,54.9617846210604
"7811","weekly",6083,1718,0,56.9235363048647
"7812","weekly",6083,1719,0,58.5712397363532
"7813","weekly",6083,1720,0,59.7815231121058
"7814","weekly",6083,1721,0,60.4598717527697
"7815","weekly",6083,1722,0,60.5546769808279
"7816","weekly",6083,1723,0,60.0642153665976
"7817","weekly",6083,1724,0,59.0347862172057
"7818","weekly",6083,1725,0,57.5507345099759
"7819","weekly",6083,1726,0,55.7192428371636
"7820","weekly",6083,1727,0,53.6537747253897
"7821","weekly",6083,1728,0,51.4597001175134
"7822","weekly",6083,1729,0,49.2243492127163
"7823","weekly",6083,1730,0,47.0122059293935
"7824","weekly",6083,1731,0,44.8647260932485
"7825","weekly",6083,1732,0,42.8035848449799
"7826","weekly",6083,1733,0,40.8359681695874
"7827","weekly",6083,1734,0,38.9606331943651
"7828","weekly",6083,1735,0,37.1736913354107
"7829","weekly",6083,1736,0,35.4733239657653
"7830","weekly",6083,1737,0,33.8629092412884
"7831","weekly",6083,1738,0,32.3523376657249
"7832","weekly",6083,1739,0,30.9576153696107
"7833","weekly",6083,1740,0,29.6991448618064
"7834","weekly",6083,1741,0,28.5992561074818
"7835","weekly",6083,1742,0,27.6795813739154
"7836","weekly",6083,1743,0,26.9587296983082
"7837","weekly",6083,1744,0,26.4504865131457
"7838","weekly",6083,1745,0,26.162535822732
"7839","weekly",6083,1746,0,26.0955587602803
"7840","weekly",6083,1747,0,26.242545254805
"7841","weekly",6083,1748,0,26.5882601501944
"7842","weekly",6083,1749,0,27.1089876656188
"7843","weekly",6083,1750,0,27.7728660180146
"7844","weekly",6083,1751,0,28.5412273842812
"7845","weekly",6083,1752,0,29.371291059404
"7846","weekly",6083,1753,0,30.220276001055
"7847","weekly",6083,1754,0,31.0505470541684
"7848","weekly",6083,1755,0,31.8349374094687
"7849","weekly",6083,1756,0,32.5611103651609
"7850","weekly",6083,1757,0,33.2339030373259
"7851","weekly",6083,1758,0,33.8750442844757
"7852","weekly",6083,1759,0,34.5202841512073
"7853","weekly",6083,1760,0,35.2144574295235
"7854","weekly",6083,1761,0,36.0056877287425
"7855","weekly",6083,1762,0,36.9391408306255
"7856","weekly",6083,1763,0,38.0508293816674
"7857","weekly",6083,1764,0,39.3621082517493
"7858","weekly",6083,1765,0,40.8746344451793
"7859","weekly",6083,1766,0,42.566122393604
"7860","weekly",6083,1767,0,44.3875145872007
"7861","weekly",6083,1768,0,46.2626013693371
"7862","weekly",6083,1769,0,48.0913073937263
"7863","weekly",6083,1770,0,49.7575340345793
"7864","weekly",6083,1771,0,51.1414713505801
"7865","weekly",6083,1772,0,52.1348440654838
"7866","weekly",6083,1773,0,52.6561630619253
"7867","weekly",6083,1774,0,52.6624146941613
"7868","weekly",6083,1775,0,52.1542146406282
"7869","weekly",6083,1776,0,51.1731951119291
"7870","weekly",6083,1777,0,49.7926039094455
"7871","weekly",6083,1778,0,48.1038570148812
"7872","weekly",6083,1779,0,46.2024627470673
"7873","weekly",6083,1780,0,44.1762581298535
"7874","weekly",6083,1781,0,42.0976960008702
"7875","weekly",6083,1782,0,40.0205901728041
"7876","weekly",6083,1783,0,37.9807095232973
"7877","weekly",6083,1784,0,35.9990710385173
"7878","weekly",6083,1785,0,34.0866507320752
"7879","weekly",6083,1786,0,32.2493547679915
"7880","weekly",6083,1787,0,30.492338631404
"7881","weekly",6083,1788,0,28.8230610360333
"7882","weekly",6083,1789,0,27.2527861716226
"7883","weekly",6083,1790,0,25.7965789713926
"7884","weekly",6083,1791,0,24.4721250878792
"7885","weekly",6083,1792,0,23.2978866563062
"7886","weekly",6083,1793,0,22.2911318085098
"7887","weekly",6083,1794,0,21.4662548952183
"7888","weekly",6083,1795,0,20.833592979543
"7889","weekly",6083,1796,0,20.3987265427277
"7890","weekly",6083,1797,0,20.1621025790373
"7891","weekly",6083,1798,0,20.1187756257714
"7892","weekly",6083,1799,0,20.2581273457909
"7893","weekly",6083,1800,0,20.5635694931552
"7894","weekly",6083,1801,0,21.0124110101024
"7895","weekly",6083,1802,0,21.5762164544867
"7896","weekly",6083,1803,0,22.2220308114047
"7897","weekly",6083,1804,0,22.9147357459588
"7898","weekly",6083,1805,0,23.6205190002511
"7899","weekly",6083,1806,0,24.3110447309155
"7900","weekly",6083,1807,0,24.9675522339676
"7901","weekly",6083,1808,0,25.5839556362916
"7902","weekly",6083,1809,0,26.1681724002992
"7903","weekly",6083,1810,0,26.7413347343972
"7904","weekly",6083,1811,0,27.3350579318358
"7905","weekly",6083,1812,0,27.98733348315
"7906","weekly",6083,1813,0,28.7377575010323
"7907","weekly",6083,1814,0,29.6226017652807
"7908","weekly",6083,1815,0,30.6701029654068
"7909","weekly",6083,1816,0,31.8960651022353
"7910","weekly",6083,1817,0,33.2997550695291
"7911","weekly",6083,1818,0,34.8603877188143
"7912","weekly",6083,1819,0,36.5347689887858
"7913","weekly",6083,1820,0,38.2570248070842
"7914","weekly",6083,1821,0,39.9414584375045
"7915","weekly",6083,1822,0,41.4892440612603
"7916","weekly",6083,1823,0,42.7987981348269
"7917","weekly",6083,1824,0,43.7784549095813
"7918","weekly",6083,1825,0,44.3589687663334
"7919","weekly",6083,1826,0,44.502933460768
"7920","weekly",6083,1827,0,44.2087887914968
"7921","weekly",6083,1828,0,43.5085493564984
"7922","weekly",6083,1829,0,42.4601577520079
"7923","weekly",6083,1830,0,41.1367166322743
"7924","weekly",6083,1831,0,39.6153234987869
"7925","weekly",6083,1832,0,37.9678063496103
"7926","weekly",6083,1833,0,36.2546912804537
"7927","weekly",6083,1834,0,34.5226846035512
"7928","weekly",6083,1835,0,32.8051497308334
"7929","weekly",6083,1836,0,31.1246506754251
"7930","weekly",6083,1837,0,29.4965147932526
"7931","weekly",6083,1838,0,27.9324550891615
"7932","weekly",6083,1839,0,26.4435678817099
"7933","weekly",6083,1840,0,25.042285545991
"7934","weekly",6083,1841,0,23.7431448903953
"7935","weekly",6083,1842,0,22.5625108396052
"7936","weekly",6083,1843,0,21.5175882870099
"7937","weekly",6083,1844,0,20.6251339332957
"7938","weekly",6083,1845,0,19.9002344781184
"7939","weekly",6083,1846,0,19.3553777620691
"7940","weekly",6083,1847,0,18.999868262661
"7941","weekly",6083,1848,0,18.8394904287561
"7942","weekly",6083,1849,0,18.8762467145425
"7943","weekly",6083,1850,0,19.1080083361157
"7944","weekly",6083,1851,0,19.5280083945399
"7945","weekly",6083,1852,0,20.1242550758179
"7946","weekly",6083,1853,0,20.8791090812592
"7947","weekly",6083,1854,0,21.7694007242535
"7948","weekly",6083,1855,0,22.7674930538778
"7949","weekly",6083,1856,0,23.8435906349041
"7950","weekly",6083,1857,0,24.9691991001746
"7951","weekly",6083,1858,0,26.1214195668872
"7952","weekly",6083,1859,0,27.287312907647
"7953","weekly",6083,1860,0,28.4673048657423
"7954","weekly",6083,1861,0,29.676938338147
"7955","weekly",6083,1862,0,30.9465658802947
"7956","weekly",6083,1863,0,32.319060446549
"7957","weekly",6083,1864,0,33.8459562118223
"7958","weekly",6083,1865,0,35.5825148496078
"7959","weekly",6083,1866,0,37.5820663741324
"7960","weekly",6083,1867,0,39.8897360092233
"7961","weekly",6083,1868,0,42.5355241907819
"7962","weekly",6083,1869,0,45.5268113306811
"7963","weekly",6083,1870,0,48.840781038205
"7964","weekly",6083,1871,0,52.417931637232
"7965","weekly",6083,1872,0,56.1585475393222
"7966","weekly",6083,1873,0,59.9243481448939
"7967","weekly",6083,1874,0,63.5471023677383
"7968","weekly",6083,1875,0,66.8445667986962
"7969","weekly",6083,1876,0,69.6419062849745
"7970","weekly",6083,1877,0,71.7945563296817
"7971","weekly",6083,1878,0,73.2073203433247
"7972","weekly",6083,1879,0,73.8450934605498
"7973","weekly",6083,1880,0,73.7328969336231
"7974","weekly",6083,1881,0,72.9459767083754
"7975","weekly",6083,1882,0,71.593303610789
"7976","weekly",6083,1883,0,69.7989930005424
"7977","weekly",6083,1884,0,67.685775811522
"7978","weekly",6083,1885,0,65.3632058819931
"7979","weekly",6083,1886,0,62.9215401190013
"7980","weekly",6083,1887,0,60.4307879428525
"7981","weekly",6083,1888,0,57.9435621019948
"7982","weekly",6083,1889,0,55.4999987101473
"7983","weekly",6083,1890,0,53.1332569645601
"7984","weekly",6083,1891,0,50.8743224073987
"7985","weekly",6083,1892,0,48.7553039027407
"7986","weekly",6083,1893,0,46.810964192453
"7987","weekly",6083,1894,0,45.0786362325598
"7988","weekly",6083,1895,0,43.5969924461097
"7989","weekly",6083,1896,0,42.4042624300782
"7990","weekly",6083,1897,0,41.5364287167467
"7991","weekly",6083,1898,0,41.0257204708032
"7992","weekly",6083,1899,0,40.8994624458574
"7993","weekly",6083,1900,0,41.1791177258128
"7994","weekly",6083,1901,0,41.8792595255363
"7995","weekly",6083,1902,0,43.0062533963646
"7996","weekly",6083,1903,0,44.5566233517748
"7997","weekly",6083,1904,0,46.515376295094
"7998","weekly",6083,1905,0,48.8548934502178
"7999","weekly",6083,1906,0,51.5352481791488
"8000","weekly",6083,1907,0,54.5068329463538
"8001","weekly",6083,1908,0,57.7158565403806
"8002","weekly",6083,1909,0,61.1121062307648
"8003","weekly",6083,1910,0,64.659860658503
"8004","weekly",6083,1911,0,68.348079234449
"8005","weekly",6083,1912,0,72.1975329631823
"8006","weekly",6083,1913,0,76.2656452469382
"8007","weekly",6083,1914,0,80.6462809813238
"8008","weekly",6083,1915,0,85.4648705490254
"8009","weekly",6083,1916,0,90.8693799717876
"8010","weekly",6083,1917,0,97.0176825993694
"8011","weekly",6083,1918,0,104.061508867584
"8012","weekly",6083,1919,0,112.126707224073
"8013","weekly",6083,1920,0,121.289522771913
"8014","weekly",6083,1921,0,131.549425415215
"8015","weekly",6083,1922,0,142.80089754505
"8016","weekly",6083,1923,0,154.809272759885
"8017","weekly",6083,1924,0,167.198309210478
"8018","weekly",6083,1925,0,179.458177787135
"8019","weekly",6083,1926,0,190.980332631589
"8020","weekly",6083,1927,0,201.119605958913
"8021","weekly",6083,1928,0,209.275081254222
"8022","weekly",6083,1929,0,214.973196857594
"8023","weekly",6083,1930,0,217.93317226709
"8024","weekly",6083,1931,0,218.098599077246
"8025","weekly",6083,1932,0,215.628824453233
"8026","weekly",6083,1933,0,210.855439320425
"8027","weekly",6083,1934,0,204.217928393904
"8028","weekly",6083,1935,0,196.195442672659
"8029","weekly",6083,1936,0,187.248872624521
"8030","weekly",6083,1937,0,177.781344570612
"8031","weekly",6083,1938,0,168.118858253481
"8032","weekly",6083,1939,0,158.508057167113
"8033","weekly",6083,1940,0,149.125752066175
"8034","weekly",6083,1941,0,140.094462977242
"8035","weekly",6083,1942,0,131.499151618395
"8036","weekly",6083,1943,0,123.401774895508
"8037","weekly",6083,1944,0,115.851822705838
"8038","weekly",6083,1945,0,108.892345426138
"8039","weekly",6083,1946,0,102.561991005554
"8040","weekly",6083,1947,0,96.8941869620467
"8041","weekly",6083,1948,0,91.9148033062957
"8042","weekly",6083,1949,0,87.6394746003498
"8043","weekly",6083,1950,0,84.0713715005841
"8044","weekly",6083,1951,0,81.1997626687953
"8045","weekly",6083,1952,0,78.9993520998541
"8046","weekly",6083,1953,0,77.4302445054927
"8047","weekly",6083,1954,0,76.4382666183956
"8048","weekly",6083,1955,0,75.9558593785187
"8049","weekly",6083,1956,0,75.9038385184394
"8050","weekly",6083,1957,0,76.1943315593526
"8051","weekly",6083,1958,0,76.7354517557251
"8052","weekly",6083,1959,0,77.4378210184805
"8053","weekly",6083,1960,0,78.2225547673006
"8054","weekly",6083,1961,0,79.0297012525698
"8055","weekly",6083,1962,0,79.825658243717
"8056","weekly",6083,1963,0,80.6080069085292
"8057","weekly",6083,1964,0,81.4066073057475
"8058","weekly",6083,1965,0,82.2805767786776
"8059","weekly",6083,1966,0,83.3116244503763
"8060","weekly",6083,1967,0,84.5948086659773
"8061","weekly",6083,1968,0,86.2279207332176
"8062","weekly",6083,1969,0,88.3004051727039
"8063","weekly",6083,1970,0,90.8822280799941
"8064","weekly",6083,1971,0,94.0127089286689
"8065","weekly",6083,1972,0,97.6893045157485
"8066","weekly",6083,1973,0,101.856813380859
"8067","weekly",6083,1974,0,106.398403150582
"8068","weekly",6083,1975,0,111.130971235412
"8069","weekly",6083,1976,0,115.808117490873
"8070","weekly",6083,1977,0,120.13378984468
"8071","weekly",6083,1978,0,123.787952943181
"8072","weekly",6083,1979,0,126.462452638196
"8073","weekly",6083,1980,0,127.901460738372
"8074","weekly",6083,1981,0,127.938037665328
"8075","weekly",6083,1982,0,126.518006694809
"8076","weekly",6083,1983,0,123.705119645252
"8077","weekly",6083,1984,0,119.666555686694
"8078","weekly",6083,1985,0,114.643129365839
"8079","weekly",6083,1986,0,108.912105318159
"8080","weekly",6083,1987,0,102.751136876483
"8081","weekly",6083,1988,0,96.409867507813
"8082","weekly",6083,1989,0,90.0924276074074
"8083","weekly",6083,1990,0,83.9508450851717
"8084","weekly",6083,1991,0,78.0871935735922
"8085","weekly",6083,1992,0,72.5639188264468
"8086","weekly",6083,1993,0,67.4090907086356
"8087","weekly",6083,1994,0,62.6275475136645
"8088","weekly",6083,1995,0,58.2131506287551
"8089","weekly",6083,1996,0,54.155287539601
"8090","weekly",6083,1997,0,50.4428899845079
"8091","weekly",6083,1998,0,47.0664593555994
"8092","weekly",6083,1999,0,44.0183863026614
"8093","weekly",6083,2000,0,41.292107401765
"8094","weekly",6083,2001,0,38.8806869466644
"8095","weekly",6083,2002,0,36.775323237729
"8096","weekly",6083,2003,0,34.9641180506151
"8097","weekly",6083,2004,0,33.4312754733692
"8098","weekly",6083,2005,0,32.1567615892418
"8099","weekly",6083,2006,0,31.1163936363591
"8100","weekly",6083,2007,0,30.2822836748383
"8101","weekly",6083,2008,0,29.6236641837895
"8102","weekly",6083,2009,0,29.1081141118921
"8103","weekly",6083,2010,0,28.7031744301494
"8104","weekly",6083,2011,0,28.3783555419795
"8105","weekly",6083,2012,0,28.1073910004488
"8106","weekly",6083,2013,0,27.8704717712972
"8107","weekly",6083,2014,0,27.6560997377237
"8108","weekly",6083,2015,0,27.4621910788555
"8109","weekly",6083,2016,0,27.2961648542696
"8110","weekly",6083,2017,0,27.1739459216333
"8111","weekly",6083,2018,0,27.1180262201378
"8112","weekly",6083,2019,0,27.1548829598469
"8113","weekly",6083,2020,0,27.3120916849148
"8114","weekly",6083,2021,0,27.6153947683051
"8115","weekly",6083,2022,0,28.0858411150402
"8116","weekly",6083,2023,0,28.736977112887
"8117","weekly",6083,2024,0,29.5720152821596
"8118","weekly",6083,2025,0,30.5809825174219
"8119","weekly",6083,2026,0,31.7380610659602
"8120","weekly",6083,2027,0,32.9996386239509
"8121","weekly",6083,2028,0,34.3038762308279
"8122","weekly",6083,2029,0,35.5727275236859
"8123","weekly",6083,2030,0,36.7171314850711
"8124","weekly",6083,2031,0,37.6454591748479
"8125","weekly",6083,2032,0,38.2743095240876
"8126","weekly",6083,2033,0,38.5397354633751
"8127","weekly",6083,2034,0,38.4063963970693
"8128","weekly",6083,2035,0,37.8723484141956
"8129","weekly",6083,2036,0,36.9682418846787
"8130","weekly",6083,2037,0,35.7512270177685
"8131","weekly",6083,2038,0,34.2952601693833
"8132","weekly",6083,2039,0,32.6802316617832
"8133","weekly",6083,2040,0,30.9822218861955
"8134","weekly",6083,2041,0,29.2664405568212
"8135","weekly",6083,2042,0,27.5834225330327
"8136","weekly",6083,2043,0,25.9682185777783
"8137","weekly",6083,2044,0,24.4418191328878
"8138","weekly",6083,2045,0,23.0139392928832
"8139","weekly",6083,2046,0,21.6863247545989
"8140","weekly",6083,2047,0,20.455967963484
"8141","weekly",6083,2048,0,19.3178569578158
"8142","weekly",6083,2049,0,18.2670481060195
"8143","weekly",6083,2050,0,17.2999078429566
"8144","weekly",6083,2051,0,16.4146604557027
"8145","weekly",6083,2052,0,15.6113458751206
"8146","weekly",6083,2053,0,14.8912795820797
"8147","weekly",6083,2054,0,14.256295061612
"8148","weekly",6083,2055,0,13.7079331014829
"8149","weekly",6083,2056,0,13.2467181984684
"8150","weekly",6083,2057,0,12.8716039331339
"8151","weekly",6083,2058,0,12.5796174519492
"8152","weekly",6083,2059,0,12.3657022597181
"8153","weekly",6083,2060,0,12.2227521341119
"8154","weekly",6083,2061,0,12.1418401332194
"8155","weekly",6083,2062,0,12.1126609137718
"8156","weekly",6083,2063,0,12.1242054885952
"8157","weekly",6083,2064,0,12.1656632389931
"8158","weekly",6083,2065,0,12.2274953119631
"8159","weekly",6083,2066,0,12.3025595581421
"8160","weekly",6083,2067,0,12.3871148196777
"8161","weekly",6083,2068,0,12.4815185440239
"8162","weekly",6083,2069,0,12.5904709908937
"8163","weekly",6083,2070,0,12.7227433381486
"8164","weekly",6083,2071,0,12.8904252899811
"8165","weekly",6083,2072,0,13.1078017152176
"8166","weekly",6083,2073,0,13.3899901622935
"8167","weekly",6083,2074,0,13.751439571497
"8168","weekly",6083,2075,0,14.2043285452237
"8169","weekly",6083,2076,0,14.7568477440946
"8170","weekly",6083,2077,0,15.4113447186974
"8171","weekly",6083,2078,0,16.1623780809605
"8172","weekly",6083,2079,0,16.9948757955717
"8173","weekly",6083,2080,0,17.8827902480843
"8174","weekly",6083,2081,0,18.788819288573
"8175","weekly",6083,2082,0,19.6658096657047
"8176","weekly",6083,2083,0,20.4602669755841
"8177","weekly",6083,2084,0,21.1179186728987
"8178","weekly",6083,2085,0,21.5906032214552
"8179","weekly",6083,2086,0,21.8431306477869
"8180","weekly",6083,2087,0,21.8584858375107
"8181","weekly",6083,2088,0,21.6400314015773
"8182","weekly",6083,2089,0,21.2101649106626
"8183","weekly",6083,2090,0,20.605887011945
"8184","weekly",6083,2091,0,19.8725317755016
"8185","weekly",6083,2092,0,19.0572109118948
"8186","weekly",6083,2093,0,18.2032993347384
"8187","weekly",6083,2094,0,17.3467368150741
"8188","weekly",6083,2095,0,16.5143141207227
"8189","weekly",6083,2096,0,15.7236627785896
"8190","weekly",6083,2097,0,14.9844349977502
"8191","weekly",6083,2098,0,14.3001441770321
"8192","weekly",6083,2099,0,13.670237358092
"8193","weekly",6083,2100,0,13.0920651553897
"8194","weekly",6083,2101,0,12.5625361248822
"8195","weekly",6083,2102,0,12.0792234504916
"8196","weekly",6083,2103,0,11.641342681949
"8197","weekly",6083,2104,0,11.2500040367304
"8198","weekly",6083,2105,0,10.9078473807458
"8199","weekly",6083,2106,0,10.6187265856861
"8200","weekly",6083,2107,0,10.3871079859964
"8201","weekly",6083,2108,0,10.2174193871324
"8202","weekly",6083,2109,0,10.1134367645718
"8203","weekly",6083,2110,0,10.0777561149589
"8204","weekly",6083,2111,0,10.1113659556431
"8205","weekly",6083,2112,0,10.2133235277579
"8206","weekly",6083,2113,0,10.3805480592418
"8207","weekly",6083,2114,0,10.6077709551901
"8208","weekly",6083,2115,0,10.8877106945729
"8209","weekly",6083,2116,0,11.2115502652305
"8210","weekly",6083,2117,0,11.569769910333
"8211","weekly",6083,2118,0,11.9533212084352
"8212","weekly",6083,2119,0,12.3550318794587
"8213","weekly",6083,2120,0,12.7710353799775
"8214","weekly",6083,2121,0,13.2019653595053
"8215","weekly",6083,2122,0,13.6536713503301
"8216","weekly",6083,2123,0,14.1372978790896
"8217","weekly",6083,2124,0,14.6686901347712
"8218","weekly",6083,2125,0,15.2671935366379
"8219","weekly",6083,2126,0,15.9539601995348
"8220","weekly",6083,2127,0,16.7498529937147
"8221","weekly",6083,2128,0,17.6729760084272
"8222","weekly",6083,2129,0,18.7358133996604
"8223","weekly",6083,2130,0,19.9419876196334
"8224","weekly",6083,2131,0,21.2827976587141
"8225","weekly",6083,2132,0,22.7339732953842
"8226","weekly",6083,2133,0,24.2534228513832
"8227","weekly",6083,2134,0,25.781019392467
"8228","weekly",6083,2135,0,27.2414622231299
"8229","weekly",6083,2136,0,28.5507852068258
"8230","weekly",6083,2137,0,29.6261335783784
"8231","weekly",6083,2138,0,30.3972381495259
"8232","weekly",6083,2139,0,30.8170699943148
"8233","weekly",6083,2140,0,30.8689802472072
"8234","weekly",6083,2141,0,30.5684476995812
"8235","weekly",6083,2142,0,29.9591093624622
"8236","weekly",6083,2143,0,29.1043868239503
"8237","weekly",6083,2144,0,28.0770710460492
"8238","weekly",6083,2145,0,26.9493597487744
"8239","weekly",6083,2146,0,25.7851699918829
"8240","weekly",6083,2147,0,24.6356255658175
"8241","weekly",6083,2148,0,23.5375289380172
"8242","weekly",6083,2149,0,22.5141620541835
"8243","weekly",6083,2150,0,21.5776354853151
"8244","weekly",6083,2151,0,20.7319167854585
"8245","weekly",6083,2152,0,19.9759567249857
"8246","weekly",6083,2153,0,19.306514154654
"8247","weekly",6083,2154,0,18.7204427994729
"8248","weekly",6083,2155,0,18.2163216303597
"8249","weekly",6083,2156,0,17.7954005391366
"8250","weekly",6083,2157,0,17.4619085065788
"8251","weekly",6083,2158,0,17.2228331758379
"8252","weekly",6083,2159,0,17.0873190914135
"8253","weekly",6083,2160,0,17.0658367590804
"8254","weekly",6083,2161,0,17.1692456217133
"8255","weekly",6083,2162,0,17.4078238989314
"8256","weekly",6083,2163,0,17.7902894551953
"8257","weekly",6083,2164,0,18.3228121974971
"8258","weekly",6083,2165,0,19.0080364636815
"8259","weekly",6083,2166,0,19.8441941751371
"8260","weekly",6083,2167,0,20.8244809266907
"8261","weekly",6083,2168,0,21.9369531836564
"8262","weekly",6083,2169,0,23.1652365695772
"8263","weekly",6083,2170,0,24.4902651555749
"8264","weekly",6083,2171,0,25.8930786626297
"8265","weekly",6083,2172,0,27.3584194072318
"8266","weekly",6083,2173,0,28.8785816079908
"8267","weekly",6083,2174,0,30.4567872482876
"8268","weekly",6083,2175,0,32.1093783387769
"8269","weekly",6083,2176,0,33.8663234234118
"8270","weekly",6083,2177,0,35.7698412781174
"8271","weekly",6083,2178,0,37.871207159551
"8272","weekly",6083,2179,0,40.2259207429161
"8273","weekly",6083,2180,0,42.8873684624996
"8274","weekly",6083,2181,0,45.899000918449
"8275","weekly",6083,2182,0,49.285034190194
"8276","weekly",6083,2183,0,53.0399473203142
"8277","weekly",6083,2184,0,57.1176943698811
"8278","weekly",6083,2185,0,61.4225288442976
"8279","weekly",6083,2186,0,65.8043592027534
"8280","weekly",6083,2187,0,70.0620637457323
"8281","weekly",6083,2188,0,73.9575251638744
"8282","weekly",6083,2189,0,77.2408863037563
"8283","weekly",6083,2190,0,79.6839789642254
"8284","weekly",6083,2191,0,81.115260408129
"8285","weekly",6083,2192,0,81.4476662391535
"8286","weekly",6083,2193,0,80.6918814066157
"8287","weekly",6083,2194,0,78.9515831254685
"8288","weekly",6083,2195,0,76.4025970170042
"8289","weekly",6083,2196,0,73.2623116854666
"8290","weekly",6083,2197,0,69.7574285721203
"8291","weekly",6083,2198,0,66.0969587555446
"8292","weekly",6083,2199,0,62.454334125563
"8293","weekly",6083,2200,0,58.9595951154188
"8294","weekly",6083,2201,0,55.6996273325349
"8295","weekly",6083,2202,0,52.7237448358792
"8296","weekly",6083,2203,0,50.0522128328885
"8297","weekly",6083,2204,0,47.6853250151617
"8298","weekly",6083,2205,0,45.6117385633843
"8299","weekly",6083,2206,0,43.8153472999402
"8300","weekly",6083,2207,0,42.2804187769652
"8301","weekly",6083,2208,0,40.9949914105819
"8302","weekly",6083,2209,0,39.9526842009509
"8303","weekly",6083,2210,0,39.1531641869515
"8304","weekly",6083,2211,0,38.6015675997187
"8305","weekly",6083,2212,0,38.3071806049848
"8306","weekly",6083,2213,0,38.2816520185879
"8307","weekly",6083,2214,0,38.5369426209654
"8308","weekly",6083,2215,0,39.0831392415275
"8309","weekly",6083,2216,0,39.9262119916384
"8310","weekly",6083,2217,0,41.0658018752292
"8311","weekly",6083,2218,0,42.4932077702106
"8312","weekly",6083,2219,0,44.1898812366562
"8313","weekly",6083,2220,0,46.1268839564291
"8314","weekly",6083,2221,0,48.2658342579089
"8315","weekly",6083,2222,0,50.5617765420902
"8316","weekly",6083,2223,0,52.9680954359355
"8317","weekly",6083,2224,0,55.4430933470285
"8318","weekly",6083,2225,0,57.9572909218405
"8319","weekly",6083,2226,0,60.5001029010891
"8320","weekly",6083,2227,0,63.0844737640728
"8321","weekly",6083,2228,0,65.7483844820672
"8322","weekly",6083,2229,0,68.5527389287017
"8323","weekly",6083,2230,0,71.5757549284026
"8324","weekly",6083,2231,0,74.9043772446312
"8325","weekly",6083,2232,0,78.6232951202837
"8326","weekly",6083,2233,0,82.8019786087389
"8327","weekly",6083,2234,0,87.4799953806796
"8328","weekly",6083,2235,0,92.6510351396719
"8329","weekly",6083,2236,0,98.2467800099112
"8330","weekly",6083,2237,0,104.123035750716
"8331","weekly",6083,2238,0,110.052062804258
"8332","weekly",6083,2239,0,115.726097719365
"8333","weekly",6083,2240,0,120.776636781244
"8334","weekly",6083,2241,0,124.81132839073
"8335","weekly",6083,2242,0,127.46583519518
"8336","weekly",6083,2243,0,128.459438302263
"8337","weekly",6083,2244,0,127.643760542182
"8338","weekly",6083,2245,0,125.031452107753
"8339","weekly",6083,2246,0,120.79401415294
"8340","weekly",6083,2247,0,115.231462477634
"8341","weekly",6083,2248,0,108.722153784925
"8342","weekly",6083,2249,0,101.666268212663
"8343","weekly",6083,2250,0,94.4359646834928
"8344","weekly",6083,2251,0,87.3407512683189
"8345","weekly",6083,2252,0,80.6107168620656
"8346","weekly",6083,2253,0,74.3953596740903
"8347","weekly",6083,2254,0,68.7732807070279
"8348","weekly",6083,2255,0,63.7673082921101
"8349","weekly",6083,2256,0,59.3608809008001
"8350","weekly",6083,2257,0,55.5130356411828
"8351","weekly",6083,2258,0,52.170633612157
"8352","weekly",6083,2259,0,49.2774824782537
"8353","weekly",6083,2260,0,46.7805546420859
"8354","weekly",6083,2261,0,44.633723225299
"8355","weekly",6083,2262,0,42.799487371929
"8356","weekly",6083,2263,0,41.2491386707552
"8357","weekly",6083,2264,0,39.9617864136962
"8358","weekly",6083,2265,0,38.9226247399056
"8359","weekly",6083,2266,0,38.1207835758541
"8360","weekly",6083,2267,0,37.5470520504314
"8361","weekly",6083,2268,0,37.1917029840988
"8362","weekly",6083,2269,0,37.0425952198711
"8363","weekly",6083,2270,0,37.0837026738154
"8364","weekly",6083,2271,0,37.2942199867684
"8365","weekly",6083,2272,0,37.6484113071638
"8366","weekly",6083,2273,0,38.1163699394383
"8367","weekly",6083,2274,0,38.6658033975546
"8368","weekly",6083,2275,0,39.2648225788871
"8369","weekly",6083,2276,0,39.8854994218127
"8370","weekly",6083,2277,0,40.5077142626687
"8371","weekly",6083,2278,0,41.1226292599458
"8372","weekly",6083,2279,0,41.7350871712115
"8373","weekly",6083,2280,0,42.3643881928147
"8374","weekly",6083,2281,0,43.0432032220415
"8375","weekly",6083,2282,0,43.8147278885299
"8376","weekly",6083,2283,0,44.7284342083585
"8377","weekly",6083,2284,0,45.8348478576372
"8378","weekly",6083,2285,0,47.1796717557154
"8379","weekly",6083,2286,0,48.7973845295783
"8380","weekly",6083,2287,0,50.7043121825554
"8381","weekly",6083,2288,0,52.8912501738232
"8382","weekly",6083,2289,0,55.3160969001619
"8383","weekly",6083,2290,0,57.89763962914
"8384","weekly",6083,2291,0,60.512441123632
"8385","weekly",6083,2292,0,62.9973452456179
"8386","weekly",6083,2293,0,65.1599450926442
"8387","weekly",6083,2294,0,66.797995123241
"8388","weekly",6083,2295,0,67.7256393839634
"8389","weekly",6083,2296,0,67.8038673954725
"8390","weekly",6083,2297,0,66.96564378927
"8391","weekly",6083,2298,0,65.2285600136383
"8392","weekly",6083,2299,0,62.6933864446619
"8393","weekly",6083,2300,0,59.5267951986607
"8394","weekly",6083,2301,0,55.933664445969
"8395","weekly",6083,2302,0,52.1264140755375
"8396","weekly",6083,2303,0,48.2984988772951
"8397","weekly",6083,2304,0,44.6066111317632
"8398","weekly",6083,2305,0,41.1628136190557
"8399","weekly",6083,2306,0,38.0350652684137
"8400","weekly",6083,2307,0,35.253330040141
"8401","weekly",6083,2308,0,32.8183165516675
"8402","weekly",6083,2309,0,30.7105502369668
"8403","weekly",6083,2310,0,28.8984425478848
"8404","weekly",6083,2311,0,27.3448012008012
"8405","weekly",6083,2312,0,26.0117221902037
"8406","weekly",6083,2313,0,24.8640381045843
"8407","weekly",6083,2314,0,23.8715472211625
"8408","weekly",6083,2315,0,23.0102136574715
"8409","weekly",6083,2316,0,22.2624865216058
"8410","weekly",6083,2317,0,21.6168740098074
"8411","weekly",6083,2318,0,21.06692937974
"8412","weekly",6083,2319,0,20.6098391940614
"8413","weekly",6083,2320,0,20.2448246991407
"8414","weekly",6083,2321,0,19.9715599303308
"8415","weekly",6083,2322,0,19.7887775871495
"8416","weekly",6083,2323,0,19.6931911259016
"8417","weekly",6083,2324,0,19.678825630428
"8418","weekly",6083,2325,0,19.7368281862146
"8419","weekly",6083,2326,0,19.8558136496285
"8420","weekly",6083,2327,0,20.0227756463428
"8421","weekly",6083,2328,0,20.2245363017282
"8422","weekly",6083,2329,0,20.4496152791107
"8423","weekly",6083,2330,0,20.690285935998
"8424","weekly",6083,2331,0,20.9444931945472
"8425","weekly",6083,2332,0,21.2172805709415
"8426","weekly",6083,2333,0,21.5214403861319
"8427","weekly",6083,2334,0,21.8772484323272
"8428","weekly",6083,2335,0,22.3113171194855
"8429","weekly",6083,2336,0,22.8547262233624
"8430","weekly",6083,2337,0,23.5406138660328
"8431","weekly",6083,2338,0,24.4013260991342
"8432","weekly",6083,2339,0,25.4650320050423
"8433","weekly",6083,2340,0,26.7518219927297
"8434","weekly",6083,2341,0,28.268903538119
"8435","weekly",6083,2342,0,30.0049356402305
"8436","weekly",6083,2343,0,31.9242819791834
"8437","weekly",6083,2344,0,33.9622172149975
"8438","weekly",6083,2345,0,36.0230527900712
"8439","weekly",6083,2346,0,37.9834149491362
"8440","weekly",6083,2347,0,39.7023740725126
"8441","weekly",6083,2348,0,41.0384703070595
"8442","weekly",6083,2349,0,41.8711740722065
"8443","weekly",6083,2350,0,42.1219202906505
"8444","weekly",6083,2351,0,41.7688729751389
"8445","weekly",6083,2352,0,40.8508852746745
"8446","weekly",6083,2353,0,39.4594321260229
"8447","weekly",6083,2354,0,37.7211526248866
"8448","weekly",6083,2355,0,35.7762658750726
"8449","weekly",6083,2356,0,33.7584963717381
"8450","weekly",6083,2357,0,31.7805042319524
"8451","weekly",6083,2358,0,29.9262947087263
"8452","weekly",6083,2359,0,28.2498890309071
"8453","weekly",6083,2360,0,26.7783431664866
"8454","weekly",6083,2361,0,25.5170205225295
"8455","weekly",6083,2362,0,24.455485662882
"8456","weekly",6083,2363,0,23.573051275569
"8457","weekly",6083,2364,0,22.8435753637896
"8458","weekly",6083,2365,0,22.239442345759
"8459","weekly",6083,2366,0,21.7347770447523
"8460","weekly",6083,2367,0,21.3079130358092
"8461","weekly",6083,2368,0,20.9430654485477
"8462","weekly",6083,2369,0,20.6311247442936
"8463","weekly",6083,2370,0,20.3695313797507
"8464","weekly",6083,2371,0,20.161300137057
"8465","weekly",6083,2372,0,20.0133886677359
"8466","weekly",6083,2373,0,19.9346923947887
"8467","weekly",6083,2374,0,19.9339667128952
"8468","weekly",6083,2375,0,20.0179347484082
"8469","weekly",6083,2376,0,20.1897702317656
"8470","weekly",6083,2377,0,20.4480895579181
"8471","weekly",6083,2378,0,20.7865645929705
"8472","weekly",6083,2379,0,21.1942675655446
"8473","weekly",6083,2380,0,21.6568456544337
"8474","weekly",6083,2381,0,22.1585538566142
"8475","weekly",6083,2382,0,22.6850293335301
"8476","weekly",6083,2383,0,23.2264914022235
"8477","weekly",6083,2384,0,23.7808688547375
"8478","weekly",6083,2385,0,24.3562809763825
"8479","weekly",6083,2386,0,24.972390222596
"8480","weekly",6083,2387,0,25.660385661191
"8481","weekly",6083,2388,0,26.461647033997
"8482","weekly",6083,2389,0,27.4253437981097
"8483","weekly",6083,2390,0,28.6052423885703
"8484","weekly",6083,2391,0,30.0558180257212
"8485","weekly",6083,2392,0,31.8274749719567
"8486","weekly",6083,2393,0,33.9604602269101
"8487","weekly",6083,2394,0,36.4769951710477
"8488","weekly",6083,2395,0,39.3715470067691
"8489","weekly",6083,2396,0,42.6000771577383
"8490","weekly",6083,2397,0,46.0703934659978
"8491","weekly",6083,2398,0,49.6371619816637
"8492","weekly",6083,2399,0,53.105842178149
"8493","weekly",6083,2400,0,56.2488831446972
"8494","weekly",6083,2401,0,58.8344001083897
"8495","weekly",6083,2402,0,60.6628166969458
"8496","weekly",6083,2403,0,61.6025709495589
"8497","weekly",6083,2404,0,61.6144821810449
"8498","weekly",6083,2405,0,60.7572180315037
"8499","weekly",6083,2406,0,59.1725619580684
"8500","weekly",6083,2407,0,57.0558744094888
"8501","weekly",6083,2408,0,54.6211008621758
"8502","weekly",6083,2409,0,52.0695267926785
"8503","weekly",6083,2410,0,49.5681515503384
"8504","weekly",6083,2411,0,47.2392581139866
"8505","weekly",6083,2412,0,45.1594452447607
"8506","weekly",6083,2413,0,43.3648852025071
"8507","weekly",6083,2414,0,41.8596346181585
"8508","weekly",6083,2415,0,40.6247241828241
"8509","weekly",6083,2416,0,39.6267851482407
"8510","weekly",6083,2417,0,38.8257226109126
"8511","weekly",6083,2418,0,38.1812984985445
"8512","weekly",6083,2419,0,37.6585239291453
"8513","weekly",6083,2420,0,37.2316572699347
"8514","weekly",6083,2421,0,36.886537856044
"8515","weekly",6083,2422,0,36.6210633427399
"8516","weekly",6083,2423,0,36.4438425808912
"8517","weekly",6083,2424,0,36.3713357684464
"8518","weekly",6083,2425,0,36.4240089330997
"8519","weekly",6083,2426,0,36.6221024166298
"8520","weekly",6083,2427,0,36.9815478467935
"8521","weekly",6083,2428,0,37.5104399910488
"8522","weekly",6083,2429,0,38.2063717155397
"8523","weekly",6083,2430,0,39.054925748278
"8524","weekly",6083,2431,0,40.0296673294069
"8525","weekly",6083,2432,0,41.0940085413167
"8526","weekly",6083,2433,0,42.2051987082232
"8527","weekly",6083,2434,0,43.3203529487218
"8528","weekly",6083,2435,0,44.4039611890039
"8529","weekly",6083,2436,0,45.4353862941352
"8530","weekly",6083,2437,0,46.4151928732026
"8531","weekly",6083,2438,0,47.3689004382759
"8532","weekly",6083,2439,0,48.3469728193013
"8533","weekly",6083,2440,0,49.4214060853992
"8534","weekly",6083,2441,0,50.6796094941237
"8535","weekly",6083,2442,0,52.2166299524251
"8536","weekly",6083,2443,0,54.1265197956527
"8537","weekly",6083,2444,0,56.4930513600702
"8538","weekly",6083,2445,0,59.3793870446825
"8539","weekly",6083,2446,0,62.8160952096368
"8540","weekly",6083,2447,0,66.7873572772805
"8541","weekly",6083,2448,0,71.2164733763202
"8542","weekly",6083,2449,0,75.9536899021623
"8543","weekly",6083,2450,0,80.7713394261227
"8544","weekly",6083,2451,0,85.372187482717
"8545","weekly",6083,2452,0,89.415401352031
"8546","weekly",6083,2453,0,92.5599823161319
"8547","weekly",6083,2454,0,94.5187374495144
"8548","weekly",6083,2455,0,95.1097404481989
"8549","weekly",6083,2456,0,94.2903289375827
"8550","weekly",6083,2457,0,92.1630079595488
"8551","weekly",6083,2458,0,88.9517862625507
"8552","weekly",6083,2459,0,84.9571605917736
"8553","weekly",6083,2460,0,80.503643997683
"8554","weekly",6083,2461,0,75.8934178256459
"8555","weekly",6083,2462,0,71.3747642015369
"8556","weekly",6083,2463,0,67.1275759636774
"8557","weekly",6083,2464,0,63.2631678485341
"8558","weekly",6083,2465,0,59.8334685657755
"8559","weekly",6083,2466,0,56.8446822358528
"8560","weekly",6083,2467,0,54.2717536433483
"8561","weekly",6083,2468,0,52.0715480540384
"8562","weekly",6083,2469,0,50.1938398400234
"8563","weekly",6083,2470,0,48.5898653514014
"8564","weekly",6083,2471,0,47.2184439758421
"8565","weekly",6083,2472,0,46.0497188444133
"8566","weekly",6083,2473,0,45.0666007022955
"8567","weekly",6083,2474,0,44.2641060419264
"8568","weekly",6083,2475,0,43.6469506941503
"8569","weekly",6083,2476,0,43.2259160560498
"8570","weekly",6083,2477,0,43.0135715158394
"8571","weekly",6083,2478,0,43.0198915317596
"8572","weekly",6083,2479,0,43.2481931670773
"8573","weekly",6083,2480,0,43.6917197630682
"8574","weekly",6083,2481,0,44.3311752045556
"8575","weekly",6083,2482,0,45.1335806397547
"8576","weekly",6083,2483,0,46.0529171353555
"8577","weekly",6083,2484,0,47.0330111632356
"8578","weekly",6083,2485,0,48.0128868538886
"8579","weekly",6083,2486,0,48.9342954109015
"8580","weekly",6083,2487,0,49.7504324551264
"8581","weekly",6083,2488,0,50.433957768837
"8582","weekly",6083,2489,0,50.9835206711432
"8583","weekly",6083,2490,0,51.4260000404611
"8584","weekly",6083,2491,0,51.8138251006021
"8585","weekly",6083,2492,0,52.2192127789749
"8586","weekly",6083,2493,0,52.7255666020355
"8587","weekly",6083,2494,0,53.4178214714339
"8588","weekly",6083,2495,0,54.3729027361551
"8589","weekly",6083,2496,0,55.6508037560707
"8590","weekly",6083,2497,0,57.2862017220177
"8591","weekly",6083,2498,0,59.280352840331
"8592","weekly",6083,2499,0,61.5933942868724
"8593","weekly",6083,2500,0,64.1380798761238
"8594","weekly",6083,2501,0,66.7770985539682
"8595","weekly",6083,2502,0,69.3269300520187
"8596","weekly",6083,2503,0,71.5709846537502
"8597","weekly",6083,2504,0,73.2830016975204
"8598","weekly",6083,2505,0,74.2584091213357
"8599","weekly",6083,2506,0,74.3476120526466
"8600","weekly",6083,2507,0,73.4827911029424
"8601","weekly",6083,2508,0,71.6903991515283
"8602","weekly",6083,2509,0,69.0854575595731
"8603","weekly",6083,2510,0,65.8494474965992
"8604","weekly",6083,2511,0,62.1984848258144
"8605","weekly",6083,2512,0,58.3504667894595
"8606","weekly",6083,2513,0,54.4985603335081
"8607","weekly",6083,2514,0,50.7948879859759
"8608","weekly",6083,2515,0,47.3450626996491
"8609","weekly",6083,2516,0,44.2107583173783
"8610","weekly",6083,2517,0,41.4172593560361
"8611","weekly",6083,2518,0,38.9631815900211
"8612","weekly",6083,2519,0,36.8300759848935
"8613","weekly",6083,2520,0,34.9907247649535
"8614","weekly",6083,2521,0,33.4156359437184
"8615","weekly",6083,2522,0,32.0776614531787
"8616","weekly",6083,2523,0,30.9548670180084
"8617","weekly",6083,2524,0,30.0318673510628
"8618","weekly",6083,2525,0,29.2998818512133
"8619","weekly",6083,2526,0,28.755793732169
"8620","weekly",6083,2527,0,28.4005058869516
"8621","weekly",6083,2528,0,28.2368670102587
"8622","weekly",6083,2529,0,28.2673914034967
"8623","weekly",6083,2530,0,28.4919363145309
"8624","weekly",6083,2531,0,28.9054661086557
"8625","weekly",6083,2532,0,29.4961384951021
"8626","weekly",6083,2533,0,30.2436108752154
"8627","weekly",6083,2534,0,31.1183394528343
"8628","weekly",6083,2535,0,32.0823204977496
"8629","weekly",6083,2536,0,33.0912397229404
"8630","weekly",6083,2537,0,34.0985325981746
"8631","weekly",6083,2538,0,35.0609760415246
"8632","weekly",6083,2539,0,35.9449764947058
"8633","weekly",6083,2540,0,36.7322971763497
"8634","weekly",6083,2541,0,37.4238894274022
"8635","weekly",6083,2542,0,38.0408590495208
"8636","weekly",6083,2543,0,38.6222968471266
"8637","weekly",6083,2544,0,39.220448524371
"8638","weekly",6083,2545,0,39.8941874471493
"8639","weekly",6083,2546,0,40.7018256398878
"8640","weekly",6083,2547,0,41.6940124652174
"8641","weekly",6083,2548,0,42.9070480372029
"8642","weekly",6083,2549,0,44.3566395361267
"8643","weekly",6083,2550,0,46.032139558185
"8644","weekly",6083,2551,0,47.8916762933077
"8645","weekly",6083,2552,0,49.859204569555
"8646","weekly",6083,2553,0,51.825099636786
"8647","weekly",6083,2554,0,53.652081715627
"8648","weekly",6083,2555,0,55.1876050660649
"8649","weekly",6083,2556,0,56.282225574425
"8650","weekly",6083,2557,0,56.8112306799012
"8651","weekly",6083,2558,0,56.6948694090679
"8652","weekly",6083,2559,0,55.9119382718782
"8653","weekly",6083,2560,0,54.5028763052833
"8654","weekly",6083,2561,0,52.561537077956
"8655","weekly",6083,2562,0,50.2181754919729
"8656","weekly",6083,2563,0,47.6184568103199
"8657","weekly",6083,2564,0,44.9036503152165
"8658","weekly",6083,2565,0,42.1958037406002
"8659","weekly",6083,2566,0,39.5895157902123
"8660","weekly",6083,2567,0,37.1499291413056
"8661","weekly",6083,2568,0,34.9153507680021
"8662","weekly",6083,2569,0,32.9025498452829
"8663","weekly",6083,2570,0,31.1130277852353
"8664","weekly",6083,2571,0,29.5390577210346
"8665","weekly",6083,2572,0,28.1687957253162
"8666","weekly",6083,2573,0,26.9901528094779
"8667","weekly",6083,2574,0,25.9933698623354
"8668","weekly",6083,2575,0,25.1723903592065
"8669","weekly",6083,2576,0,24.5252145835111
"8670","weekly",6083,2577,0,24.0534638966346
"8671","weekly",6083,2578,0,23.7613884561724
"8672","weekly",6083,2579,0,23.6545183104608
"8673","weekly",6083,2580,0,23.7380971407547
"8674","weekly",6083,2581,0,24.0153745474236
"8675","weekly",6083,2582,0,24.4857988479489
"8676","weekly",6083,2583,0,25.1431763739529
"8677","weekly",6083,2584,0,25.9739570524107
"8678","weekly",6083,2585,0,26.9558324078098
"8679","weekly",6083,2586,0,28.0575617969589
"8680","weekly",6083,2587,0,29.2399946382648
"8681","weekly",6083,2588,0,30.4586249132699
"8682","weekly",6083,2589,0,31.6683049342682
"8683","weekly",6083,2590,0,32.8291668423044
"8684","weekly",6083,2591,0,33.9128128588345
"8685","weekly",6083,2592,0,34.9074169726082
"8686","weekly",6083,2593,0,35.82049289321
"8687","weekly",6083,2594,0,36.6786203780066
"8688","weekly",6083,2595,0,37.5241747096734
"8689","weekly",6083,2596,0,38.4097555842163
"8690","weekly",6083,2597,0,39.3913153679459
"8691","weekly",6083,2598,0,40.5208933872054
"8692","weekly",6083,2599,0,41.8395235597418
"8693","weekly",6083,2600,0,43.3705472178553
"8694","weekly",6083,2601,0,45.1134539429768
"8695","weekly",6083,2602,0,47.0385958443803
"8696","weekly",6083,2603,0,49.0836207502725
"8697","weekly",6083,2604,0,51.1530252809171
"8698","weekly",6083,2605,0,53.1224817304028
"8699","weekly",6083,2606,0,54.8491585822194
"8700","weekly",6083,2607,0,56.187932337547
"8701","weekly",6083,2608,0,57.0114010585821
"8702","weekly",6083,2609,0,57.2296900010115
"8703","weekly",6083,2610,0,56.8051763400435
"8704","weekly",6083,2611,0,55.7581422920339
"8705","weekly",6083,2612,0,54.1618627361604
"8706","weekly",6083,2613,0,52.1287434619153
"8707","weekly",6083,2614,0,49.7915163126308
"8708","weekly",6083,2615,0,47.2842659347079
"8709","weekly",6083,2616,0,44.7271781063464
"8710","weekly",6083,2617,0,42.2170581579849
"8711","weekly",6083,2618,0,39.8237754717411
"8712","weekly",6083,2619,0,37.5914802714397
"8713","weekly",6083,2620,0,35.5428943383158
"8714","weekly",6083,2621,0,33.6850353148038
"8715","weekly",6083,2622,0,32.0151049243577
"8716","weekly",6083,2623,0,30.5257095847337
"8717","weekly",6083,2624,0,29.2089557550498
"8718","weekly",6083,2625,0,28.0592394403648
"8719","weekly",6083,2626,0,27.0747473216325
"8720","weekly",6083,2627,0,26.2578289810044
"8721","weekly",6083,2628,0,25.6145223115163
"8722","weekly",6083,2629,0,25.153389654879
"8723","weekly",6083,2630,0,24.8841072239156
"8724","weekly",6083,2631,0,24.8159640011581
"8725","weekly",6083,2632,0,24.9561945343448
"8726","weekly",6083,2633,0,25.3083011856215
"8727","weekly",6083,2634,0,25.8703210303938
"8728","weekly",6083,2635,0,26.6331003749074
"8729","weekly",6083,2636,0,27.5787857144605
"8730","weekly",6083,2637,0,28.679922064417
"8731","weekly",6083,2638,0,29.8996885270608
"8732","weekly",6083,2639,0,31.1937933073496
"8733","weekly",6083,2640,0,32.5143093294901
"8734","weekly",6083,2641,0,33.8152486557665
"8735","weekly",6083,2642,0,35.0590685681236
"8736","weekly",6083,2643,0,36.222808996361
"8737","weekly",6083,2644,0,37.3024284211715
"8738","weekly",6083,2645,0,38.3142484073032
"8739","weekly",6083,2646,0,39.2931235964497
"8740","weekly",6083,2647,0,40.2877284490532
"8741","weekly",6083,2648,0,41.3538782397372
"8742","weekly",6083,2649,0,42.5469175593171
"8743","weekly",6083,2650,0,43.9139767679881
"8744","weekly",6083,2651,0,45.4865406026074
"8745","weekly",6083,2652,0,47.2735512069921
"8746","weekly",6083,2653,0,49.2553511580772
"8747","weekly",6083,2654,0,51.379174977832
"8748","weekly",6083,2655,0,53.5574539146182
"8749","weekly",6083,2656,0,55.6705797657633
"8750","weekly",6083,2657,0,57.575575335155
"8751","weekly",6083,2658,0,59.1210505560011
"8752","weekly",6083,2659,0,60.1669563939649
"8753","weekly",6083,2660,0,60.6055751716922
"8754","weekly",6083,2661,0,60.3788755709247
"8755","weekly",6083,2662,0,59.4876694735867
"8756","weekly",6083,2663,0,57.9900961447711
"8757","weekly",6083,2664,0,55.9900618206302
"8758","weekly",6083,2665,0,53.6190619475819
"8759","weekly",6083,2666,0,51.0161896070786
"8760","weekly",6083,2667,0,48.3107555095485
"8761","weekly",6083,2668,0,45.6103133453144
"8762","weekly",6083,2669,0,42.9948981520429
"8763","weekly",6083,2670,0,40.5167018621287
"8764","weekly",6083,2671,0,38.2036185009492
"8765","weekly",6083,2672,0,36.0649016785901
"8766","weekly",6083,2673,0,34.0974583672505
"8767","weekly",6083,2674,0,32.2917641709355
"8768","weekly",6083,2675,0,30.6367476510932
"8769","weekly",6083,2676,0,29.1232924752258
"8770","weekly",6083,2677,0,27.7462526736635
"8771","weekly",6083,2678,0,26.5050705195754
"8772","weekly",6083,2679,0,25.4032466758945
"8773","weekly",6083,2680,0,24.4470206307014
"8774","weekly",6083,2681,0,23.6435588610038
"8775","weekly",6083,2682,0,22.9993662838388
"8776","weekly",6083,2683,0,22.5186663535569
"8777","weekly",6083,2684,0,22.2018832312897
"8778","weekly",6083,2685,0,22.044683851258
"8779","weekly",6083,2686,0,22.0371931693371
"8780","weekly",6083,2687,0,22.1635072364734
"8781","weekly",6083,2688,0,22.4016245716193
"8782","weekly",6083,2689,0,22.7240040614415
"8783","weekly",6083,2690,0,23.0989806282159
"8784","weekly",6083,2691,0,23.4931747804803
"8785","weekly",6083,2692,0,23.8748032555159
"8786","weekly",6083,2693,0,24.2174842411769
"8787","weekly",6083,2694,0,24.5038472953893
"8788","weekly",6083,2695,0,24.7281447968853
"8789","weekly",6083,2696,0,24.8972075981583
"8790","weekly",6083,2697,0,25.0294663044624
"8791","weekly",6083,2698,0,25.152227337021
"8792","weekly",6083,2699,0,25.2977604598418
"8793","weekly",6083,2700,0,25.498890316856
"8794","weekly",6083,2701,0,25.7846800199768
"8795","weekly",6083,2702,0,26.1765538409818
"8796","weekly",6083,2703,0,26.6849784955848
"8797","weekly",6083,2704,0,27.3067299012037
"8798","weekly",6083,2705,0,28.022861449761
"8799","weekly",6083,2706,0,28.7977193557163
"8800","weekly",6083,2707,0,29.579598862998
"8801","weekly",6083,2708,0,30.3037265952444
"8802","weekly",6083,2709,0,30.8980172538868
"8803","weekly",6083,2710,0,31.291413703133
"8804","weekly",6083,2711,0,31.423702743079
"8805","weekly",6083,2712,0,31.2548523899022
"8806","weekly",6083,2713,0,30.7715879904426
"8807","weekly",6083,2714,0,29.9894102424587
"8808","weekly",6083,2715,0,28.9494758663932
"8809","weekly",6083,2716,0,27.7112358127779
"8810","weekly",6083,2717,0,26.3428360988473
"8811","weekly",6083,2718,0,24.9116167471511
"8812","weekly",6083,2719,0,23.4765867468959
"8813","weekly",6083,2720,0,22.0838430551521
"8814","weekly",6083,2721,0,20.7649758762564
"8815","weekly",6083,2722,0,19.5378695660474
"8816","weekly",6083,2723,0,18.4090470808878
"8817","weekly",6083,2724,0,17.3767406028201
"8818","weekly",6083,2725,0,16.4341987062944
"8819","weekly",6083,2726,0,15.5723278199584
"8820","weekly",6083,2727,0,14.7820570175099
"8821","weekly",6083,2728,0,14.0562173212675
"8822","weekly",6083,2729,0,13.3903359781107
"8823","weekly",6083,2730,0,12.7828679921513
"8824","weekly",6083,2731,0,12.2348469537392
"8825","weekly",6083,2732,0,11.7491277454246
"8826","weekly",6083,2733,0,11.3294226143771
"8827","weekly",6083,2734,0,10.9793178977125
"8828","weekly",6083,2735,0,10.701407853674
"8829","weekly",6083,2736,0,10.4966157795861
"8830","weekly",6083,2737,0,10.3637164867541
"8831","weekly",6083,2738,0,10.2990467856871
"8832","weekly",6083,2739,0,10.2963965475938
"8833","weekly",6083,2740,0,10.3471021984151
"8834","weekly",6083,2741,0,10.4403964515222
"8835","weekly",6083,2742,0,10.5640778173838
"8836","weekly",6083,2743,0,10.7055308768613
"8837","weekly",6083,2744,0,10.8530487411626
"8838","weekly",6083,2745,0,10.9973013464478
"8839","weekly",6083,2746,0,11.1326983781037
"8840","weekly",6083,2747,0,11.258361523709
"8841","weekly",6083,2748,0,11.3784760824929
"8842","weekly",6083,2749,0,11.5019252489146
"8843","weekly",6083,2750,0,11.6412705599651
"8844","weekly",6083,2751,0,11.8112638258026
"8845","weekly",6083,2752,0,12.0271151536144
"8846","weekly",6083,2753,0,12.3026974584936
"8847","weekly",6083,2754,0,12.648779473122
"8848","weekly",6083,2755,0,13.0713043382129
"8849","weekly",6083,2756,0,13.5697195464454
"8850","weekly",6083,2757,0,14.1354405390593
"8851","weekly",6083,2758,0,14.7506823229196
"8852","weekly",6083,2759,0,15.3880666680489
"8853","weekly",6083,2760,0,16.0115127657336
"8854","weekly",6083,2761,0,16.5788362408057
"8855","weekly",6083,2762,0,17.0461420849751
"8856","weekly",6083,2763,0,17.3735369119386
"8857","weekly",6083,2764,0,17.5310891930712
"8858","weekly",6083,2765,0,17.5036169524392
"8859","weekly",6083,2766,0,17.2930174075445
"8860","weekly",6083,2767,0,16.9174960491946
"8861","weekly",6083,2768,0,16.4079604877625
"8862","weekly",6083,2769,0,15.8026285685773
"8863","weekly",6083,2770,0,15.1412493724347
"8864","weekly",6083,2771,0,14.4601784564438
"8865","weekly",6083,2772,0,13.7890517502383
"8866","weekly",6083,2773,0,13.1492334759241
"8867","weekly",6083,2774,0,12.5537859039759
"8868","weekly",6083,2775,0,12.0085053146031
"8869","weekly",6083,2776,0,11.5135560264898
"8870","weekly",6083,2777,0,11.0653261059488
"8871","weekly",6083,2778,0,10.6581908992084
"8872","weekly",6083,2779,0,10.2862232796033
"8873","weekly",6083,2780,0,9.94446291493659
"8874","weekly",6083,2781,0,9.62968478062248
"8875","weekly",6083,2782,0,9.34087862061278
"8876","weekly",6083,2783,0,9.07924265629845
"8877","weekly",6083,2784,0,8.84781160576676
"8878","weekly",6083,2785,0,8.65083292854251
"8879","weekly",6083,2786,0,8.49302600832016
"8880","weekly",6083,2787,0,8.37884784731432
"8881","weekly",6083,2788,0,8.31185363623081
"8882","weekly",6083,2789,0,8.29419852627325
"8883","weekly",6083,2790,0,8.32629568759876
"8884","weekly",6083,2791,0,8.40663532372855
"8885","weekly",6083,2792,0,8.53177855885588
"8886","weekly",6083,2793,0,8.69655772262195
"8887","weekly",6083,2794,0,8.89452354256355
"8888","weekly",6083,2795,0,9.11866417549027
"8889","weekly",6083,2796,0,9.36237381536921
"8890","weekly",6083,2797,0,9.62057807430392
"8891","weekly",6083,2798,0,9.89085365815845
"8892","weekly",6083,2799,0,10.1743425265886
"8893","weekly",6083,2800,0,10.4762782229809
"8894","weekly",6083,2801,0,10.8060128313227
"8895","weekly",6083,2802,0,11.1765285929723
"8896","weekly",6083,2803,0,11.6034966962907
"8897","weekly",6083,2804,0,12.103974355472
"8898","weekly",6083,2805,0,12.6948042599979
"8899","weekly",6083,2806,0,13.3907227923191
"8900","weekly",6083,2807,0,14.2021410653688
"8901","weekly",6083,2808,0,15.1325865419931
"8902","weekly",6083,2809,0,16.1759204863338
"8903","weekly",6083,2810,0,17.3136827332346
"8904","weekly",6083,2811,0,18.5132100733317
"8905","weekly",6083,2812,0,19.7274072190776
"8906","weekly",6083,2813,0,20.8970445091982
"8907","weekly",6083,2814,0,21.9560566058353
"8908","weekly",6083,2815,0,22.8395023410412
"8909","weekly",6083,2816,0,23.4928372761788
"8910","weekly",6083,2817,0,23.8803796700086
"8911","weekly",6083,2818,0,23.9907588429051
"8912","weekly",6083,2819,0,23.8378881188255
"8913","weekly",6083,2820,0,23.4573360494833
"8914","weekly",6083,2821,0,22.8992707434809
"8915","weekly",6083,2822,0,22.2201053646859
"8916","weekly",6083,2823,0,21.4746394143731
"8917","weekly",6083,2824,0,20.7101118988649
"8918","weekly",6083,2825,0,19.9628889348242
"8919","weekly",6083,2826,0,19.2574626404821
"8920","weekly",6083,2827,0,18.6072430753266
"8921","weekly",6083,2828,0,18.0164817846817
"8922","weekly",6083,2829,0,17.4827541543491
"8923","weekly",6083,2830,0,16.9995792325353
"8924","weekly",6083,2831,0,16.5588869093772
"8925","weekly",6083,2832,0,16.1531261554192
"8926","weekly",6083,2833,0,15.7768587020837
"8927","weekly",6083,2834,0,15.4277304167626
"8928","weekly",6083,2835,0,15.1067799955927
"8929","weekly",6083,2836,0,14.8181319972209
"8930","weekly",6083,2837,0,14.5682083854917
"8931","weekly",6083,2838,0,14.3646519884933
"8932","weekly",6083,2839,0,14.2151686336292
"8933","weekly",6083,2840,0,14.1264639198052
"8934","weekly",6083,2841,0,14.1033949491684
"8935","weekly",6083,2842,0,14.1484022999066
"8936","weekly",6083,2843,0,14.2612516815861
"8937","weekly",6083,2844,0,14.4391021569609
"8938","weekly",6083,2845,0,14.6769181221607
"8939","weekly",6083,2846,0,14.9682368506619
"8940","weekly",6083,2847,0,15.3062753840495
"8941","weekly",6083,2848,0,15.6853043300362
"8942","weekly",6083,2849,0,16.1021433090791
"8943","weekly",6083,2850,0,16.557569930199
"8944","weekly",6083,2851,0,17.0574111183378
"8945","weekly",6083,2852,0,17.6131186666753
"8946","weekly",6083,2853,0,18.241710488408
"8947","weekly",6083,2854,0,18.9650511794171
"8948","weekly",6083,2855,0,19.8085082016332
"8949","weekly",6083,2856,0,20.7990261896339
"8950","weekly",6083,2857,0,21.962616038305
"8951","weekly",6083,2858,0,23.3211963423673
"8952","weekly",6083,2859,0,24.8887153098331
"8953","weekly",6083,2860,0,26.6665895756596
"8954","weekly",6083,2861,0,28.6387697364989
"8955","weekly",6083,2862,0,30.7671725768741
"8956","weekly",6083,2863,0,32.9887038100132
"8957","weekly",6083,2864,0,35.2154154739837
"8958","weekly",6083,2865,0,37.3392100491328
"8959","weekly",6083,2866,0,39.2416946209705
"8960","weekly",6083,2867,0,40.8083402839111
"8961","weekly",6083,2868,0,41.9444440790103
"8962","weekly",6083,2869,0,42.5892502477072
"8963","weekly",6083,2870,0,42.7246291500924
"8964","weekly",6083,2871,0,42.3761034776253
"8965","weekly",6083,2872,0,41.606239675777
"8966","weekly",6083,2873,0,40.5025462536287
"8967","weekly",6083,2874,0,39.1630263485276
"8968","weekly",6083,2875,0,37.6833523395617
"8969","weekly",6083,2876,0,36.146992077367
"8970","weekly",6083,2877,0,34.61922074428
"8971","weekly",6083,2878,0,33.1455942628236
"8972","weekly",6083,2879,0,31.7532415806345
"8973","weekly",6083,2880,0,30.454056764589
"8974","weekly",6083,2881,0,29.2487455687515
"8975","weekly",6083,2882,0,28.1309824926575
"8976","weekly",6083,2883,0,27.0911929471185
"8977","weekly",6083,2884,0,26.119632754795
"8978","weekly",6083,2885,0,25.2085837247141
"8979","weekly",6083,2886,0,24.3535972205573
"8980","weekly",6083,2887,0,23.5538246253127
"8981","weekly",6083,2888,0,22.8115774332691
"8982","weekly",6083,2889,0,22.1313434655749
"8983","weekly",6083,2890,0,21.5185287324712
"8984","weekly",6083,2891,0,20.978186853783
"8985","weekly",6083,2892,0,20.5139471821458
"8986","weekly",6083,2893,0,20.1272795772093
"8987","weekly",6083,2894,0,19.8171612989681
"8988","weekly",6083,2895,0,19.5801549121243
"8989","weekly",6083,2896,0,19.4108681655198
"8990","weekly",6083,2897,0,19.3027403287269
"8991","weekly",6083,2898,0,19.2490743372764
"8992","weekly",6083,2899,0,19.2442049033125
"8993","weekly",6083,2900,0,19.2846631388093
"8994","weekly",6083,2901,0,19.3701798593829
"8995","weekly",6083,2902,0,19.5043758058164
"8996","weekly",6083,2903,0,19.695023590466
"8997","weekly",6083,2904,0,19.953826101555
"8998","weekly",6083,2905,0,20.2957200187957
"8999","weekly",6083,2906,0,20.7377579199383
"9000","weekly",6083,2907,0,21.2976331352984
"9001","weekly",6083,2908,0,21.9918897956813
"9002","weekly",6083,2909,0,22.833826518181
"9003","weekly",6083,2910,0,23.8310885112151
"9004","weekly",6083,2911,0,24.9829841729661
"9005","weekly",6083,2912,0,26.2776821459702
"9006","weekly",6083,2913,0,27.6896412627248
"9007","weekly",6083,2914,0,29.1778565835848
"9008","weekly",6083,2915,0,30.6856797022629
"9009","weekly",6083,2916,0,32.1429660195281
"9010","weekly",6083,2917,0,33.4710030594433
"9011","weekly",6083,2918,0,34.5903684264631
"9012","weekly",6083,2919,0,35.4294942284905
"9013","weekly",6083,2920,0,35.9337911725452
"9014","weekly",6083,2921,0,36.0734135735111
"9015","weekly",6083,2922,0,35.8463690828066
"9016","weekly",6083,2923,0,35.277521082593
"9017","weekly",6083,2924,0,34.4135741942009
"9018","weekly",6083,2925,0,33.3154144901346
"9019","weekly",6083,2926,0,32.049622420629
"9020","weekly",6083,2927,0,30.6808366319601
"9021","weekly",6083,2928,0,29.2660899628245
"9022","weekly",6083,2929,0,27.8515445899684
"9023","weekly",6083,2930,0,26.4714651002141
"9024","weekly",6083,2931,0,25.1489154226729
"9025","weekly",6083,2932,0,23.8975243775349
"9026","weekly",6083,2933,0,22.7237393995456
"9027","weekly",6083,2934,0,21.6291181659471
"9028","weekly",6083,2935,0,20.6123366904794
"9029","weekly",6083,2936,0,19.6707468408422
"9030","weekly",6083,2937,0,18.8014303709933
"9031","weekly",6083,2938,0,18.0017729435058
"9032","weekly",6083,2939,0,17.2696379369736
"9033","weekly",6083,2940,0,16.6032524926413
"9034","weekly",6083,2941,0,16.0009292147734
"9035","weekly",6083,2942,0,15.4607392242906
"9036","weekly",6083,2943,0,14.9802309738297
"9037","weekly",6083,2944,0,14.5562608441978
"9038","weekly",6083,2945,0,14.1849720985338
"9039","weekly",6083,2946,0,13.8619321684237
"9040","weekly",6083,2947,0,13.5824157282332
"9041","weekly",6083,2948,0,13.3418020509998
"9042","weekly",6083,2949,0,13.136039135934
"9043","weekly",6083,2950,0,12.9621148593724
"9044","weekly",6083,2951,0,12.8184694597876
"9045","weekly",6083,2952,0,12.7052871283813
"9046","weekly",6083,2953,0,12.62461890126
"9047","weekly",6083,2954,0,12.580312577571
"9048","weekly",6083,2955,0,12.5777524092846
"9049","weekly",6083,2956,0,12.6234341860109
"9050","weekly",6083,2957,0,12.7244135660439
"9051","weekly",6083,2958,0,12.8876646864519
"9052","weekly",6083,2959,0,13.1193752602849
"9053","weekly",6083,2960,0,13.4241911024292
"9054","weekly",6083,2961,0,13.8044168074848
"9055","weekly",6083,2962,0,14.2591883238492
"9056","weekly",6083,2963,0,14.7836612835672
"9057","weekly",6083,2964,0,15.3683032302215
"9058","weekly",6083,2965,0,15.9984271052381
"9059","weekly",6083,2966,0,16.6541383418808
"9060","weekly",6083,2967,0,17.3108653520176
"9061","weekly",6083,2968,0,17.9405837816448
"9062","weekly",6083,2969,0,18.5137245914812
"9063","weekly",6083,2970,0,19.0015951648093
"9064","weekly",6083,2971,0,19.3789294749731
"9065","weekly",6083,2972,0,19.6263687725586
"9066","weekly",6083,2973,0,19.7321870120795
"9067","weekly",6083,2974,0,19.6929572045192
"9068","weekly",6083,2975,0,19.5133567449811
"9069","weekly",6083,2976,0,19.2050176953635
"9070","weekly",6083,2977,0,18.7847693492076
"9071","weekly",6083,2978,0,18.272636982947
"9072","weekly",6083,2979,0,17.6899340379896
"9073","weekly",6083,2980,0,17.0576884075999
"9074","weekly",6083,2981,0,16.3955192831927
"9075","weekly",6083,2982,0,15.7209677156643
"9076","weekly",6083,2983,0,15.0492054406932
"9077","weekly",6083,2984,0,14.3930094705283
"9078","weekly",6083,2985,0,13.7628885490849
"9079","weekly",6083,2986,0,13.1672694311274
"9080","weekly",6083,2987,0,12.6126827998669
"9081","weekly",6083,2988,0,12.1039198310464
"9082","weekly",6083,2989,0,11.6441544729169
"9083","weekly",6083,2990,0,11.2350411817024
"9084","weekly",6083,2991,0,10.8768041298754
"9085","weekly",6083,2992,0,10.5683345972066
"9086","weekly",6083,2993,0,10.3073114201543
"9087","weekly",6083,2994,0,10.0903571210656
"9088","weekly",6083,2995,0,9.91324020875618
"9089","weekly",6083,2996,0,9.77113122033188
"9090","weekly",6083,2997,0,9.65891472889052
"9091","weekly",6083,2998,0,9.57155052205781
"9092","weekly",6083,2999,0,9.50446469965391
"9093","weekly",6083,3000,0,9.45393786729255
"9094","weekly",6083,3001,0,9.4174470101425
"9095","weekly",6083,3002,0,9.39391451561823
"9096","weekly",6083,3003,0,9.38382506347261
"9097","weekly",6083,3004,0,9.38918828425813
"9098","weekly",6083,3005,0,9.41334803518839
"9099","weekly",6083,3006,0,9.46066134452121
"9100","weekly",6083,3007,0,9.53608529223129
"9101","weekly",6083,3008,0,9.6447149500309
"9102","weekly",6083,3009,0,9.79131071231677
"9103","weekly",6083,3010,0,9.97984309012827
"9104","weekly",6083,3011,0,10.2130729403725
"9105","weekly",6083,3012,0,10.492179861074
"9106","weekly",6083,3013,0,10.8164530999929
"9107","weekly",6083,3014,0,11.1830663903384
"9108","weekly",6083,3015,0,11.5869504908042
"9109","weekly",6083,3016,0,12.0208574821736
"9110","weekly",6083,3017,0,12.4755693633051
"9111","weekly",6083,3018,0,12.9402500466385
"9112","weekly",6083,3019,0,13.4029953930003
"9113","weekly",6083,3020,0,13.8514626372489
"9114","weekly",6083,3021,0,14.2735121635051
"9115","weekly",6083,3022,0,14.6577744995593
"9116","weekly",6083,3023,0,14.9940739523736
"9117","weekly",6083,3024,0,15.2736791897769
"9118","weekly",6083,3025,0,15.489399124388
"9119","weekly",6083,3026,0,15.6355845909275
"9120","weekly",6083,3027,0,15.7081188014417
"9121","weekly",6083,3028,0,15.7044745991298
"9122","weekly",6083,3029,0,15.623884505927
"9123","weekly",6083,3030,0,15.4676189578604
"9124","weekly",6083,3031,0,15.2393134163431
"9125","weekly",6083,3032,0,14.9452431666869
"9126","weekly",6083,3033,0,14.5944303085562
"9127","weekly",6083,3034,0,14.1984882394026
"9128","weekly",6083,3035,0,13.7712000470492
"9129","weekly",6083,3036,0,13.3277948631439
"9130","weekly",6083,3037,0,12.8838474225777
"9131","weekly",6083,3038,0,12.454381537158
"9132","weekly",6083,3039,0,12.0530682259996
"9133","weekly",6083,3040,0,11.6914852299815
"9134","weekly",6083,3041,0,11.3786371755268
"9135","weekly",6083,3042,0,11.1207259243965
"9136","weekly",6083,3043,0,10.9211300845782
"9137","weekly",6083,3044,0,10.7805391952425
"9138","weekly",6083,3045,0,10.6971942524688
"9139","weekly",6083,3046,0,10.6672058616386
"9140","weekly",6083,3047,0,10.6849441986997
"9141","weekly",6083,3048,0,10.7435107225756
"9142","weekly",6083,3049,0,10.8353025259421
"9143","weekly",6083,3050,0,10.9526637233503
"9144","weekly",6083,3051,0,11.0885882414004
"9145","weekly",6083,3052,0,11.2374049131904
"9146","weekly",6083,3053,0,11.3953523725067
"9147","weekly",6083,3054,0,11.5609495490207
"9148","weekly",6083,3055,0,11.7350919214659
"9149","weekly",6083,3056,0,11.9208483903785
"9150","weekly",6083,3057,0,12.1229850327363
"9151","weekly",6083,3058,0,12.3472846492805
"9152","weekly",6083,3059,0,12.599754550276
"9153","weekly",6083,3060,0,12.8858179687813
"9154","weekly",6083,3061,0,13.2095732174639
"9155","weekly",6083,3062,0,13.5731887258153
"9156","weekly",6083,3063,0,13.9764885606855
"9157","weekly",6083,3064,0,14.4167732040223
"9158","weekly",6083,3065,0,14.8889094340993
"9159","weekly",6083,3066,0,15.3857033023523
"9160","weekly",6083,3067,0,15.8984142977861
"9161","weekly",6083,3068,0,16.4178139228025
"9162","weekly",6083,3069,0,16.9351056683372
"9163","weekly",6083,3070,0,17.4424995126319
"9164","weekly",6083,3071,0,17.9338854888338
"9165","weekly",6083,3072,0,18.4050078293803
"9166","weekly",6083,3073,0,18.8531909777084
"9167","weekly",6083,3074,0,19.2766476370161
"9168","weekly",6083,3075,0,19.6734899502044
"9169","weekly",6083,3076,0,20.0406355789892
"9170","weekly",6083,3077,0,20.3728397158266
"9171","weekly",6083,3078,0,20.6620881876297
"9172","weekly",6083,3079,0,20.89755473884
"9173","weekly",6083,3080,0,21.0662549560657
"9174","weekly",6083,3081,0,21.1544177889155
"9175","weekly",6083,3082,0,21.1494485534058
"9176","weekly",6083,3083,0,21.0421972516197
"9177","weekly",6083,3084,0,20.8291161577799
"9178","weekly",6083,3085,0,20.5138442072639
"9179","weekly",6083,3086,0,20.1078320510715
"9180","weekly",6083,3087,0,19.629818403555
"9181","weekly",6083,3088,0,19.1042335480888
"9182","weekly",6083,3089,0,18.5588702579698
"9183","weekly",6083,3090,0,18.0222614588129
"9184","weekly",6083,3091,0,17.5212414009293
"9185","weekly",6083,3092,0,17.0790407166496
"9186","weekly",6083,3093,0,16.714059852995
"9187","weekly",6083,3094,0,16.4392973320064
"9188","weekly",6083,3095,0,16.2622942924208
"9189","weekly",6083,3096,0,16.1854213544721
"9190","weekly",6083,3097,0,16.2063644842274
"9191","weekly",6083,3098,0,16.318732953092
"9192","weekly",6083,3099,0,16.512781110825
"9193","weekly",6083,3100,0,16.7762786939711
"9194","weekly",6083,3101,0,17.0955650791293
"9195","weekly",6083,3102,0,17.4567792233283
"9196","weekly",6083,3103,0,17.847183312886
"9197","weekly",6083,3104,0,18.2564224138041
"9198","weekly",6083,3105,0,18.6775175073126
"9199","weekly",6083,3106,0,19.1073991935118
"9200","weekly",6083,3107,0,19.5468573708495
"9201","weekly",6083,3108,0,19.9998884602392
"9202","weekly",6083,3109,0,20.4725325862382
"9203","weekly",6083,3110,0,20.9713774326228
"9204","weekly",6083,3111,0,21.5021171770786
"9205","weekly",6083,3112,0,22.0677195859462
"9206","weekly",6083,3113,0,22.6672283027583
"9207","weekly",6083,3114,0,23.2954089886771
"9208","weekly",6083,3115,0,23.942510232504
"9209","weekly",6083,3116,0,24.5949021910201
"9210","weekly",6083,3117,0,25.2364180850564
"9211","weekly",6083,3118,0,25.8502706048748
"9212","weekly",6083,3119,0,26.4212761122471
"9213","weekly",6083,3120,0,26.938003436866
"9214","weekly",6083,3121,0,27.3944195803197
"9215","weekly",6083,3122,0,27.7906647975033
"9216","weekly",6083,3123,0,28.1327507360547
"9217","weekly",6083,3124,0,28.4311936034064
"9218","weekly",6083,3125,0,28.6988038906129
"9219","weekly",6083,3126,0,28.9479983343481
"9220","weekly",6083,3127,0,29.1880555852986
"9221","weekly",6083,3128,0,29.4227191835089
"9222","weekly",6083,3129,0,29.6484951330203
"9223","weekly",6083,3130,0,29.8539261406986
"9224","weekly",6083,3131,0,30.0200546602427
"9225","weekly",6083,3132,0,30.1221888950095
"9226","weekly",6083,3133,0,30.1329261467181
"9227","weekly",6083,3134,0,30.0261524719826
"9228","weekly",6083,3135,0,29.7814609061024
"9229","weekly",6083,3136,0,29.3882021190075
"9230","weekly",6083,3137,0,28.848316851203
"9231","weekly",6083,3138,0,28.1772799380851
"9232","weekly",6083,3139,0,27.4028977321868
"9233","weekly",6083,3140,0,26.5622271720058
"9234","weekly",6083,3141,0,25.6972898402455
"9235","weekly",6083,3142,0,24.8505232053285
"9236","weekly",6083,3143,0,24.0607913010172
"9237","weekly",6083,3144,0,23.3604728231294
"9238","weekly",6083,3145,0,22.7738057019596
"9239","weekly",6083,3146,0,22.3163562917034
"9240","weekly",6083,3147,0,21.9953157593554
"9241","weekly",6083,3148,0,21.8103065723262
"9242","weekly",6083,3149,0,21.7544619678083
"9243","weekly",6083,3150,0,21.8156586435944
"9244","weekly",6083,3151,0,21.9778816731705
"9245","weekly",6083,3152,0,22.2227443550364
"9246","weekly",6083,3153,0,22.5311625606846
"9247","weekly",6083,3154,0,22.8851067367359
"9248","weekly",6083,3155,0,23.2692599427683
"9249","weekly",6083,3156,0,23.6723421442584
"9250","weekly",6083,3157,0,24.0878568224434
"9251","weekly",6083,3158,0,24.5140884097782
"9252","weekly",6083,3159,0,24.9533091800258
"9253","weekly",6083,3160,0,25.4103008168313
"9254","weekly",6083,3161,0,25.8904161414976
"9255","weekly",6083,3162,0,26.3974754978262
"9256","weekly",6083,3163,0,26.9318099478405
"9257","weekly",6083,3164,0,27.488673646003
"9258","weekly",6083,3165,0,28.0575572212838
"9259","weekly",6083,3166,0,28.622290589512
"9260","weekly",6083,3167,0,29.1620155609853
"9261","weekly",6083,3168,0,29.6533486703265
"9262","weekly",6083,3169,0,30.0732721614186
"9263","weekly",6083,3170,0,30.4023925541114
"9264","weekly",6083,3171,0,30.6279812825378
"9265","weekly",6083,3172,0,30.7461684380105
"9266","weekly",6083,3173,0,30.7627859783242
"9267","weekly",6083,3174,0,30.6926342141669
"9268","weekly",6083,3175,0,30.5572914633376
"9269","weekly",6083,3176,0,30.3818868133676
"9270","weekly",6083,3177,0,30.1914192722616
"9271","weekly",6083,3178,0,30.0072074519412
"9272","weekly",6083,3179,0,29.8439346055384
"9273","weekly",6083,3180,0,29.7075923912053
"9274","weekly",6083,3181,0,29.5944922661874
"9275","weekly",6083,3182,0,29.4914338347735
"9276","weekly",6083,3183,0,29.3770744672511
"9277","weekly",6083,3184,0,29.224482625199
"9278","weekly",6083,3185,0,29.0047284417669
"9279","weekly",6083,3186,0,28.6911559894506
"9280","weekly",6083,3187,0,28.2637393421028
"9281","weekly",6083,3188,0,27.7127505258832
"9282","weekly",6083,3189,0,27.0409749573155
"9283","weekly",6083,3190,0,26.2639580497926
"9284","weekly",6083,3191,0,25.4082094890764
"9285","weekly",6083,3192,0,24.5077825904882
"9286","weekly",6083,3193,0,23.6000046689296
"9287","weekly",6083,3194,0,22.7212379820703
"9288","weekly",6083,3195,0,21.9033929452708
"9289","weekly",6083,3196,0,21.171595137188
"9290","weekly",6083,3197,0,20.5430666209722
"9291","weekly",6083,3198,0,20.0270335064852
"9292","weekly",6083,3199,0,19.6253620671923
"9293","weekly",6083,3200,0,19.3336380278051
"9294","weekly",6083,3201,0,19.1424849566829
"9295","weekly",6083,3202,0,19.0390099033248
"9296","weekly",6083,3203,0,19.0083247624862
"9297","weekly",6083,3204,0,19.0351018233632
"9298","weekly",6083,3205,0,19.1050877815287
"9299","weekly",6083,3206,0,19.2064475691586
"9300","weekly",6083,3207,0,19.3307715564442
"9301","weekly",6083,3208,0,19.4736023724254
"9302","weekly",6083,3209,0,19.6343056581682
"9303","weekly",6083,3210,0,19.8153715193912
"9304","weekly",6083,3211,0,20.021237403329
"9305","weekly",6083,3212,0,20.256716307078
"9306","weekly",6083,3213,0,20.5253280824982
"9307","weekly",6083,3214,0,20.8277386260161
"9308","weekly",6083,3215,0,21.1605173073767
"9309","weekly",6083,3216,0,21.515401519282
"9310","weekly",6083,3217,0,21.8792308614065
"9311","weekly",6083,3218,0,22.2346683102078
"9312","weekly",6083,3219,0,22.5617404292861
"9313","weekly",6083,3220,0,22.8400912072684
"9314","weekly",6083,3221,0,23.0516692359815
"9315","weekly",6083,3222,0,23.1834040926478
"9316","weekly",6083,3223,0,23.2293437966728
"9317","weekly",6083,3224,0,23.1917777634226
"9318","weekly",6083,3225,0,23.0810673878586
"9319","weekly",6083,3226,0,22.9141945328156
"9320","weekly",6083,3227,0,22.7123189736158
"9321","weekly",6083,3228,0,22.4978153977136
"9322","weekly",6083,3229,0,22.2912941672257
"9323","weekly",6083,3230,0,22.1090181010077
"9324","weekly",6083,3231,0,21.9609757176368
"9325","weekly",6083,3232,0,21.8497316488647
"9326","weekly",6083,3233,0,21.7700911624997
"9327","weekly",6083,3234,0,21.7095892475627
"9328","weekly",6083,3235,0,21.649810989009
"9329","weekly",6083,3236,0,21.5685195435944
"9330","weekly",6083,3237,0,21.4424734167987
"9331","weekly",6083,3238,0,21.2506548256788
"9332","weekly",6083,3239,0,20.9774527390546
"9333","weekly",6083,3240,0,20.6152310280886
"9334","weekly",6083,3241,0,20.1657456104585
"9335","weekly",6083,3242,0,19.640085150575
"9336","weekly",6083,3243,0,19.0571473082236
"9337","weekly",6083,3244,0,18.441009576869
"9338","weekly",6083,3245,0,17.8177831718058
"9339","weekly",6083,3246,0,17.2125773858861
"9340","weekly",6083,3247,0,16.6470633884019
"9341","weekly",6083,3248,0,16.1378914593952
"9342","weekly",6083,3249,0,15.6959832623543
"9343","weekly",6083,3250,0,15.3265616216813
"9344","weekly",6083,3251,0,15.0297162170755
"9345","weekly",6083,3252,0,14.801315105753
"9346","weekly",6083,3253,0,14.6341197701404
"9347","weekly",6083,3254,0,14.5190077274165
"9348","weekly",6083,3255,0,14.4462286577036
"9349","weekly",6083,3256,0,14.4066137339105
"9350","weekly",6083,3257,0,14.3926361091435
"9351","weekly",6083,3258,0,14.3992047275242
"9352","weekly",6083,3259,0,14.4240830188792
"9353","weekly",6083,3260,0,14.4678659741767
"9354","weekly",6083,3261,0,14.5333897786331
"9355","weekly",6083,3262,0,14.6251364283671
"9356","weekly",6083,3263,0,14.7481517687265
"9357","weekly",6083,3264,0,14.9066089553817
"9358","weekly",6083,3265,0,15.1027789561776
"9359","weekly",6083,3266,0,15.3360578289139
"9360","weekly",6083,3267,0,15.602291105286
"9361","weekly",6083,3268,0,15.8935084174445
"9362","weekly",6083,3269,0,16.1981702131452
"9363","weekly",6083,3270,0,16.5019950963615
"9364","weekly",6083,3271,0,16.7893634364009
"9365","weekly",6083,3272,0,17.0451776205155
"9366","weekly",6083,3273,0,17.2569242434984
"9367","weekly",6083,3274,0,17.4165752465487
"9368","weekly",6083,3275,0,17.5219365655794
"9369","weekly",6083,3276,0,17.5771353499731
"9370","weekly",6083,3277,0,17.5921167575871
"9371","weekly",6083,3278,0,17.5812404389435
"9372","weekly",6083,3279,0,17.5612484724552
"9373","weekly",6083,3280,0,17.5489638151485
"9374","weekly",6083,3281,0,17.5590602635057
"9375","weekly",6083,3282,0,17.6021556830383
"9376","weekly",6083,3283,0,17.6833757390268
"9377","weekly",6083,3284,0,17.8014630833932
"9378","weekly",6083,3285,0,17.9484855307383
"9379","weekly",6083,3286,0,18.1102110499342
"9380","weekly",6083,3287,0,18.2672276526282
"9381","weekly",6083,3288,0,18.3968465971702
"9382","weekly",6083,3289,0,18.4757091815409
"9383","weekly",6083,3290,0,18.482831290341
"9384","weekly",6083,3291,0,18.4026242229738
"9385","weekly",6083,3292,0,18.2273154330323
"9386","weekly",6083,3293,0,17.9582385499671
"9387","weekly",6083,3294,0,17.6056884712889
"9388","weekly",6083,3295,0,17.1873804262432
"9389","weekly",6083,3296,0,16.7258852705709
"9390","weekly",6083,3297,0,16.2456268004607
"9391","weekly",6083,3298,0,15.7700361637399
"9392","weekly",6083,3299,0,15.31929896574
"9393","weekly",6083,3300,0,14.9089243515918
"9394","weekly",6083,3301,0,14.5491446596861
"9395","weekly",6083,3302,0,14.2450071541534
"9396","weekly",6083,3303,0,13.9969701760565
"9397","weekly",6083,3304,0,13.8019121479592
"9398","weekly",6083,3305,0,13.6540618558356
"9399","weekly",6083,3306,0,13.5461937446962
"9400","weekly",6083,3307,0,13.4709758366225
"9401","weekly",6083,3308,0,13.4219411778904
"9402","weekly",6083,3309,0,13.3943362224963
"9403","weekly",6083,3310,0,13.3856568879564
"9404","weekly",6083,3311,0,13.3958038252895
"9405","weekly",6083,3312,0,13.4268399040739
"9406","weekly",6083,3313,0,13.4823930673592
"9407","weekly",6083,3314,0,13.566798974789
"9408","weekly",6083,3315,0,13.6841075999255
"9409","weekly",6083,3316,0,13.8370843344019
"9410","weekly",6083,3317,0,14.0263272909506
"9411","weekly",6083,3318,0,14.2496098925185
"9412","weekly",6083,3319,0,14.5015482233721
"9413","weekly",6083,3320,0,14.7736827271292
"9414","weekly",6083,3321,0,15.0550409456191
"9415","weekly",6083,3322,0,15.3331967886479
"9416","weekly",6083,3323,0,15.5957554344786
"9417","weekly",6083,3324,0,15.8320831151213
"9418","weekly",6083,3325,0,16.0350005519576
"9419","weekly",6083,3326,0,16.2021112139337
"9420","weekly",6083,3327,0,16.336473766889
"9421","weekly",6083,3328,0,16.4464529709367
"9422","weekly",6083,3329,0,16.5447571240657
"9423","weekly",6083,3330,0,16.6468320555578
"9424","weekly",6083,3331,0,16.768877661234
"9425","weekly",6083,3332,0,16.92576233414
"9426","weekly",6083,3333,0,17.1290530265833
"9427","weekly",6083,3334,0,17.3852999348892
"9428","weekly",6083,3335,0,17.6946622343385
"9429","weekly",6083,3336,0,18.0499618278409
"9430","weekly",6083,3337,0,18.4363009313238
"9431","weekly",6083,3338,0,18.8314401621465
"9432","weekly",6083,3339,0,19.2071493284311
"9433","weekly",6083,3340,0,19.5316564284731
"9434","weekly",6083,3341,0,19.7731055202603
"9435","weekly",6083,3342,0,19.903625951818
"9436","weekly",6083,3343,0,19.9033180492115
"9437","weekly",6083,3344,0,19.7633147324377
"9438","weekly",6083,3345,0,19.4871921861195
"9439","weekly",6083,3346,0,19.0903778960346
"9440","weekly",6083,3347,0,18.5977169463586
"9441","weekly",6083,3348,0,18.0398125895008
"9442","weekly",6083,3349,0,17.4489878756867
"9443","weekly",6083,3350,0,16.8556512793875
"9444","weekly",6083,3351,0,16.2856269905169
"9445","weekly",6083,3352,0,15.7586430129595
"9446","weekly",6083,3353,0,15.2878874624439
"9447","weekly",6083,3354,0,14.880393274565
"9448","weekly",6083,3355,0,14.5379585683113
"9449","weekly",6083,3356,0,14.2583457641595
"9450","weekly",6083,3357,0,14.0365193362813
"9451","weekly",6083,3358,0,13.8659934514726
"9452","weekly",6083,3359,0,13.7399550034024
"9453","weekly",6083,3360,0,13.6520913938002
"9454","weekly",6083,3361,0,13.5973021298123
"9455","weekly",6083,3362,0,13.5720551958948
"9456","weekly",6083,3363,0,13.574413186725
"9457","weekly",6083,3364,0,13.6037438593339
"9458","weekly",6083,3365,0,13.6601707403897
"9459","weekly",6083,3366,0,13.7438545018376
"9460","weekly",6083,3367,0,13.8542184630642
"9461","weekly",6083,3368,0,13.9892407011066
"9462","weekly",6083,3369,0,14.1449334582721
"9463","weekly",6083,3370,0,14.3151198472769
"9464","weekly",6083,3371,0,14.4915960567596
"9465","weekly",6083,3372,0,14.6647278248856
"9466","weekly",6083,3373,0,14.8244666349492
"9467","weekly",6083,3374,0,14.961685580347
"9468","weekly",6083,3375,0,15.069643024879
"9469","weekly",6083,3376,0,15.1453135003394
"9470","weekly",6083,3377,0,15.1903122032527
"9471","weekly",6083,3378,0,15.2112001460337
"9472","weekly",6083,3379,0,15.2190810800239
"9473","weekly",6083,3380,0,15.2285492594528
"9474","weekly",6083,3381,0,15.2561669762654
"9475","weekly",6083,3382,0,15.3187031905982
"9476","weekly",6083,3383,0,15.4313415134675
"9477","weekly",6083,3384,0,15.6059924962174
"9478","weekly",6083,3385,0,15.849766056228
"9479","weekly",6083,3386,0,16.1636182654474
"9480","weekly",6083,3387,0,16.5412083972769
"9481","weekly",6083,3388,0,16.9680861927336
"9482","weekly",6083,3389,0,17.4214453916356
"9483","weekly",6083,3390,0,17.8707702255342
"9484","weekly",6083,3391,0,18.2796938725223
"9485","weekly",6083,3392,0,18.6092202608415
"9486","weekly",6083,3393,0,18.8221233960649
"9487","weekly",6083,3394,0,18.8879094672448
"9488","weekly",6083,3395,0,18.7873701356002
"9489","weekly",6083,3396,0,18.5156582438794
"9490","weekly",6083,3397,0,18.0830866011675
"9491","weekly",6083,3398,0,17.5134292365401
"9492","weekly",6083,3399,0,16.8401772960788
"9493","weekly",6083,3400,0,16.1017021317093
"9494","weekly",6083,3401,0,15.3364862471935
"9495","weekly",6083,3402,0,14.5790883170557
"9496","weekly",6083,3403,0,13.8576458192256
"9497","weekly",6083,3404,0,13.1929303592187
"9498","weekly",6083,3405,0,12.5984144598187
"9499","weekly",6083,3406,0,12.0811867208395
"9500","weekly",6083,3407,0,11.6432542315742
"9501","weekly",6083,3408,0,11.2829232691729
"9502","weekly",6083,3409,0,10.9960618925688
"9503","weekly",6083,3410,0,10.7771446093393
"9504","weekly",6083,3411,0,10.6200445887516
"9505","weekly",6083,3412,0,10.5185745663766
"9506","weekly",6083,3413,0,10.466793309577
"9507","weekly",6083,3414,0,10.4591011467273
"9508","weekly",6083,3415,0,10.49015379927
"9509","weekly",6083,3416,0,10.5546328821511
"9510","weekly",6083,3417,0,10.6469247287023
"9511","weekly",6083,3418,0,10.760774919705
"9512","weekly",6083,3419,0,10.8890006231668
"9513","weekly",6083,3420,0,11.0233516550506
"9514","weekly",6083,3421,0,11.1546076686063
"9515","weekly",6083,3422,0,11.272976077511
"9516","weekly",6083,3423,0,11.3688083057932
"9517","weekly",6083,3424,0,11.4335823447036
"9518","weekly",6083,3425,0,11.4610197382863
"9519","weekly",6083,3426,0,11.4481384805695
"9520","weekly",6083,3427,0,11.3960179357382
"9521","weekly",6083,3428,0,11.3100875403616
"9522","weekly",6083,3429,0,11.1998460522445
"9523","weekly",6083,3430,0,11.0780448958103
"9524","weekly",6083,3431,0,10.9594837479817
"9525","weekly",6083,3432,0,10.8596284993691
"9526","weekly",6083,3433,0,10.7932532875566
"9527","weekly",6083,3434,0,10.7732411687612
"9528","weekly",6083,3435,0,10.8095855228021
"9529","weekly",6083,3436,0,10.9085552992765
"9530","weekly",6083,3437,0,11.0719515820092
"9531","weekly",6083,3438,0,11.2964045863773
"9532","weekly",6083,3439,0,11.5727363060578
"9533","weekly",6083,3440,0,11.8855257946416
"9534","weekly",6083,3441,0,12.2131260749302
"9535","weekly",6083,3442,0,12.528442685405
"9536","weekly",6083,3443,0,12.8007367484097
"9537","weekly",6083,3444,0,12.9985220934032
"9538","weekly",6083,3445,0,13.0933023320104
"9539","weekly",6083,3446,0,13.0635331754747
"9540","weekly",6083,3447,0,12.8979512384685
"9541","weekly",6083,3448,0,12.5974283566175
"9542","weekly",6083,3449,0,12.1748372242437
"9543","weekly",6083,3450,0,11.6529494901479
"9544","weekly",6083,3451,0,11.0609208885871
"9545","weekly",6083,3452,0,10.4302391308302
"9546","weekly",6083,3453,0,9.7910188693204
"9547","weekly",6083,3454,0,9.16919291648082
"9548","weekly",6083,3455,0,8.58517971329275
"9549","weekly",6083,3456,0,8.05350196937798
"9550","weekly",6083,3457,0,7.58311610654346
"9551","weekly",6083,3458,0,7.17846759679378
"9552","weekly",6083,3459,0,6.84062893604278
"9553","weekly",6083,3460,0,6.56837949555484
"9554","weekly",6083,3461,0,6.35909955282114
"9555","weekly",6083,3462,0,6.20942767860834
"9556","weekly",6083,3463,0,6.11567966535222
"9557","weekly",6083,3464,0,6.07405228176503
"9558","weekly",6083,3465,0,6.08064469284727
"9559","weekly",6083,3466,0,6.13133293256396
"9560","weekly",6083,3467,0,6.22153512865771
"9561","weekly",6083,3468,0,6.34591163109872
"9562","weekly",6083,3469,0,6.49805641066632
"9563","weekly",6083,3470,0,6.67025240289513
"9564","weekly",6083,3471,0,6.85337824019371
"9565","weekly",6083,3472,0,7.0370575034176
"9566","weekly",6083,3473,0,7.2101227545354
"9567","weekly",6083,3474,0,7.36141657692497
"9568","weekly",6083,3475,0,7.48087182611926
"9569","weekly",6083,3476,0,7.56071993734804
"9570","weekly",6083,3477,0,7.59660093352431
"9571","weekly",6083,3478,0,7.5883274214284
"9572","weekly",6083,3479,0,7.54010908046621
"9573","weekly",6083,3480,0,7.46016576743568
"9574","weekly",6083,3481,0,7.35980646117241
"9575","weekly",6083,3482,0,7.25217290513683
"9576","weekly",6083,3483,0,7.15089772810461
"9577","weekly",6083,3484,0,7.06889584360761
"9578","weekly",6083,3485,0,7.01741780905286
"9579","weekly",6083,3486,0,7.00538596595288
"9580","weekly",6083,3487,0,7.03894795526867
"9581","weekly",6083,3488,0,7.12114130653208
"9582","weekly",6083,3489,0,7.25157296663383
"9583","weekly",6083,3490,0,7.42607176455203
"9584","weekly",6083,3491,0,7.63635535529465
"9585","weekly",6083,3492,0,7.86984551200294
"9586","weekly",6083,3493,0,8.10983821938862
"9587","weekly",6083,3494,0,8.33625210126047
"9588","weekly",6083,3495,0,8.52710681690951
"9589","weekly",6083,3496,0,8.66071093748906
"9590","weekly",6083,3497,0,8.71833653980866
"9591","weekly",6083,3498,0,8.68674357648706
"9592","weekly",6083,3499,0,8.56015714240493
"9593","weekly",6083,3500,0,8.34119510627352
"9594","weekly",6083,3501,0,8.04032726673177
"9595","weekly",6083,3502,0,7.67416179511929
"9596","weekly",6083,3503,0,7.26296779699624
"9597","weekly",6083,3504,0,6.82802284476929
"9598","weekly",6083,3505,0,6.38931831115042
"9599","weekly",6083,3506,0,5.96395923188538
"9600","weekly",6083,3507,0,5.56535739341052
"9601","weekly",6083,3508,0,5.20312247434049
"9602","weekly",6083,3509,0,4.88344892824534
"9603","weekly",6083,3510,0,4.60977399043622
"9604","weekly",6083,3511,0,4.38351675437298
"9605","weekly",6083,3512,0,4.20476658601547
"9606","weekly",6083,3513,0,4.07284626906039
"9607","weekly",6083,3514,0,3.98671828323859
"9608","weekly",6083,3515,0,3.94522856618278
"9609","weekly",6083,3516,0,3.94719400934991
"9610","weekly",6083,3517,0,3.99134336836869
"9611","weekly",6083,3518,0,4.07612240585149
"9612","weekly",6083,3519,0,4.19937876350014
"9613","weekly",6083,3520,0,4.35795512766344
"9614","weekly",6083,3521,0,4.54724335076753
"9615","weekly",6083,3522,0,4.76078565942589
"9616","weekly",6083,3523,0,4.99004340410465
"9617","weekly",6083,3524,0,5.22447249520337
"9618","weekly",6083,3525,0,5.45202634701855
"9619","weekly",6083,3526,0,5.6601350082492
"9620","weekly",6083,3527,0,5.83708498330088
"9621","weekly",6083,3528,0,5.97357919387287
"9622","weekly",6083,3529,0,6.06414738314925
"9623","weekly",6083,3530,0,6.10806257673539
"9624","weekly",6083,3531,0,6.10952456534142
"9625","weekly",6083,3532,0,6.07706661714474
"9626","weekly",6083,3533,0,6.02235018808278
"9627","weekly",6083,3534,0,5.95865083104582
"9628","weekly",6083,3535,0,5.89936058677267
"9629","weekly",6083,3536,0,5.85674824059242
"9630","weekly",6083,3537,0,5.84108126407955
"9631","weekly",6083,3538,0,5.86008308173041
"9632","weekly",6083,3539,0,5.91861841417267
"9633","weekly",6083,3540,0,6.0184813416854
"9634","weekly",6083,3541,0,6.15819704896421
"9635","weekly",6083,3542,0,6.33282005024375
"9636","weekly",6083,3543,0,6.53379666534602
"9637","weekly",6083,3544,0,6.7490327891428
"9638","weekly",6083,3545,0,6.96334181187558
"9639","weekly",6083,3546,0,7.15941565218964
"9640","weekly",6083,3547,0,7.31935195575352
"9641","weekly",6083,3548,0,7.42660003431956
"9642","weekly",6083,3549,0,7.46801103837788
"9643","weekly",6083,3550,0,7.43552684097085
"9644","weekly",6083,3551,0,7.32728085285635
"9645","weekly",6083,3552,0,7.14766241787584
"9646","weekly",6083,3553,0,6.90635477323667
"9647","weekly",6083,3554,0,6.61681066983147
"9648","weekly",6083,3555,0,6.29438788015977
"9649","weekly",6083,3556,0,5.95457960214117
"9650","weekly",6083,3557,0,5.61152956320439
"9651","weekly",6083,3558,0,5.27730487741064
"9652","weekly",6083,3559,0,4.961634161853
"9653","weekly",6083,3560,0,4.671803128178
"9654","weekly",6083,3561,0,4.41291464204551
"9655","weekly",6083,3562,0,4.18835772754392
"9656","weekly",6083,3563,0,4.00027831285843
"9657","weekly",6083,3564,0,3.84999854752095
"9658","weekly",6083,3565,0,3.73835341498489
"9659","weekly",6083,3566,0,3.66593050668598
"9660","weekly",6083,3567,0,3.6332073827798
"9661","weekly",6083,3568,0,3.64058220104198
"9662","weekly",6083,3569,0,3.68829076821567
"9663","weekly",6083,3570,0,3.77620142826345
"9664","weekly",6083,3571,0,3.90348348583211
"9665","weekly",6083,3572,0,4.06816053407965
"9666","weekly",6083,3573,0,4.26659111620393
"9667","weekly",6083,3574,0,4.49296515254537
"9668","weekly",6083,3575,0,4.73895633820212
"9669","weekly",6083,3576,0,4.99370732012903
"9670","weekly",6083,3577,0,5.24431577741052
"9671","weekly",6083,3578,0,5.47690865883487
"9672","weekly",6083,3579,0,5.67823590451735
"9673","weekly",6083,3580,0,5.83752302042558
"9674","weekly",6083,3581,0,5.94817179770325
"9675","weekly",6083,3582,0,6.00887301797047
"9676","weekly",6083,3583,0,6.02383044571616
"9677","weekly",6083,3584,0,6.0020486896683
"9678","weekly",6083,3585,0,5.95590205406188
"9679","weekly",6083,3586,0,5.89936646170099
"9680","weekly",6083,3587,0,5.84630805277266
"9681","weekly",6083,3588,0,5.80910423686146
"9682","weekly",6083,3589,0,5.79770067092613
"9683","weekly",6083,3590,0,5.8190586452838
"9684","weekly",6083,3591,0,5.87686787819257
"9685","weekly",6083,3592,0,5.97139733738732
"9686","weekly",6083,3593,0,6.09941257719765
"9687","weekly",6083,3594,0,6.25420291058253
"9688","weekly",6083,3595,0,6.42568938812474
"9689","weekly",6083,3596,0,6.60090098579531
"9690","weekly",6083,3597,0,6.76494559360435
"9691","weekly",6083,3598,0,6.90234728890937
"9692","weekly",6083,3599,0,6.9987547370838
"9693","weekly",6083,3600,0,7.04271423324826
"9694","weekly",6083,3601,0,7.02713847858831
"9695","weekly",6083,3602,0,6.95012820931152
"9696","weekly",6083,3603,0,6.81495598622132
"9697","weekly",6083,3604,0,6.62924566346919
"9698","weekly",6083,3605,0,6.40358782699332
"9699","weekly",6083,3606,0,6.1499436692975
"9700","weekly",6083,3607,0,5.88018005766207
"9701","weekly",6083,3608,0,5.6049743964104
"9702","weekly",6083,3609,0,5.33318652911112
"9703","weekly",6083,3610,0,5.07167033973383
"9704","weekly",6083,3611,0,4.82541976770153
"9705","weekly",6083,3612,0,4.59791620165925
"9706","weekly",6083,3613,0,4.39155378588475
"9707","weekly",6083,3614,0,4.20804866662365
"9708","weekly",6083,3615,0,4.0487733251357
"9709","weekly",6083,3616,0,3.91498896497069
"9710","weekly",6083,3617,0,3.8079729367746
"9711","weekly",6083,3618,0,3.72905266031739
"9712","weekly",6083,3619,0,3.67956247227266
"9713","weekly",6083,3620,0,3.66073689016048
"9714","weekly",6083,3621,0,3.67354613507632
"9715","weekly",6083,3622,0,3.71847199255717
"9716","weekly",6083,3623,0,3.79521958925761
"9717","weekly",6083,3624,0,3.90236863604514
"9718","weekly",6083,3625,0,4.03698968628305
"9719","weekly",6083,3626,0,4.19428658555262
"9720","weekly",6083,3627,0,4.36736815582844
"9721","weekly",6083,3628,0,4.54728359525325
"9722","weekly",6083,3629,0,4.72345283770119
"9723","weekly",6083,3630,0,4.88456258701626
"9724","weekly",6083,3631,0,5.01987637064303
"9725","weekly",6083,3632,0,5.12075168595766
"9726","weekly",6083,3633,0,5.18203135990188
"9727","weekly",6083,3634,0,5.20294924927293
"9728","weekly",6083,3635,0,5.18729682118283
"9729","weekly",6083,3636,0,5.14280575324665
"9730","weekly",6083,3637,0,5.07992501556873
"9731","weekly",6083,3638,0,5.0103136622638
"9732","weekly",6083,3639,0,4.94538351177471
"9733","weekly",6083,3640,0,4.89512702429784
"9734","weekly",6083,3641,0,4.86731889122166
"9735","weekly",6083,3642,0,4.8670533648401
"9736","weekly",6083,3643,0,4.89651433873223
"9737","weekly",6083,3644,0,4.95487832435174
"9738","weekly",6083,3645,0,5.03830390004441
"9739","weekly",6083,3646,0,5.14003580578719
"9740","weekly",6083,3647,0,5.2506680044462
"9741","weekly",6083,3648,0,5.3588642476534
"9742","weekly",6083,3649,0,5.45238561372389
"9743","weekly",6083,3650,0,5.5193713803892
"9744","weekly",6083,3651,0,5.54992321797181
"9745","weekly",6083,3652,0,5.53750390408095
"9746","weekly",6083,3653,0,5.47985578791122
"9747","weekly",6083,3654,0,5.37919539789436
"9748","weekly",6083,3655,0,5.24163629050599
"9749","weekly",6083,3656,0,5.07600845047273
"9750","weekly",6083,3657,0,4.89238934157765
"9751","weekly",6083,3658,0,4.70068882126361
"9752","weekly",6083,3659,0,4.50954845902743
"9753","weekly",6083,3660,0,4.32568010312389
"9754","weekly",6083,3661,0,4.15364014392253
"9755","weekly",6083,3662,0,3.99595289857825
"9756","weekly",6083,3663,0,3.85346563137136
"9757","weekly",6083,3664,0,3.72582415919169
"9758","weekly",6083,3665,0,3.61198090098333
"9759","weekly",6083,3666,0,3.51067095508915
"9760","weekly",6083,3667,0,3.42080991520197
"9761","weekly",6083,3668,0,3.34178075389354
"9762","weekly",6083,3669,0,3.27359029927175
"9763","weekly",6083,3670,0,3.21689126966521
"9764","weekly",6083,3671,0,3.17288246695534
"9765","weekly",6083,3672,0,3.1431134455197
"9766","weekly",6083,3673,0,3.12922644845094
"9767","weekly",6083,3674,0,3.13266620156355
"9768","weekly",6083,3675,0,3.15438012770028
"9769","weekly",6083,3676,0,3.19452378794085
"9770","weekly",6083,3677,0,3.25218548849807
"9771","weekly",6083,3678,0,3.32515399952536
"9772","weekly",6083,3679,0,3.40977296681376
"9773","weekly",6083,3680,0,3.50094687589444
"9774","weekly",6083,3681,0,3.59237216153997
"9775","weekly",6083,3682,0,3.67704700765898
"9776","weekly",6083,3683,0,3.74805492319865
"9777","weekly",6083,3684,0,3.79952795701683
"9778","weekly",6083,3685,0,3.82760565055651
"9779","weekly",6083,3686,0,3.83115977334091
"9780","weekly",6083,3687,0,3.81208739997237
"9781","weekly",6083,3688,0,3.7750859450025
"9782","weekly",6083,3689,0,3.7269710576511
"9783","weekly",6083,3690,0,3.67573286601692
"9784","weekly",6083,3691,0,3.62949438608484
"9785","weekly",6083,3692,0,3.59563302499009
"9786","weekly",6083,3693,0,3.58015419830917
"9787","weekly",6083,3694,0,3.58724010214792
"9788","weekly",6083,3695,0,3.61897192831384
"9789","weekly",6083,3696,0,3.67513780581066
"9790","weekly",6083,3697,0,3.75309042292065
"9791","weekly",6083,3698,0,3.84768190261093
"9792","weekly",6083,3699,0,3.95136885801912
"9793","weekly",6083,3700,0,4.05461683718022
"9794","weekly",6083,3701,0,4.14671028323937
"9795","weekly",6083,3702,0,4.21697579842294
"9796","weekly",6083,3703,0,4.25627027379232
"9797","weekly",6083,3704,0,4.25843067732058
"9798","weekly",6083,3705,0,4.221311343048
"9799","weekly",6083,3706,0,4.1471061645716
"9800","weekly",6083,3707,0,4.04185633102315
"9801","weekly",6083,3708,0,3.91429341369076
"9802","weekly",6083,3709,0,3.77434975863434
"9803","weekly",6083,3710,0,3.63171110182884
"9804","weekly",6083,3711,0,3.49469576589763
"9805","weekly",6083,3712,0,3.36958734827931
"9806","weekly",6083,3713,0,3.26040175702656
"9807","weekly",6083,3714,0,3.16898330303957
"9808","weekly",6083,3715,0,3.0953067872324
"9809","weekly",6083,3716,0,3.03788337940932
"9810","weekly",6083,3717,0,2.99421160120983
"9811","weekly",6083,3718,0,2.96124566069921
"9812","weekly",6083,3719,0,2.93586292024702
"9813","weekly",6083,3720,0,2.91530594220967
"9814","weekly",6083,3721,0,2.89755908897496
"9815","weekly",6083,3722,0,2.88160988030722
"9816","weekly",6083,3723,0,2.86755190097028
"9817","weekly",6083,3724,0,2.85651067894651
"9818","weekly",6083,3725,0,2.85040803428274
"9819","weekly",6083,3726,0,2.85160987699055
"9820","weekly",6083,3727,0,2.86251603605342
"9821","weekly",6083,3728,0,2.88514623936499
"9822","weekly",6083,3729,0,2.9207612076716
"9823","weekly",6083,3730,0,2.96954393395572
"9824","weekly",6083,3731,0,3.03036329351016
"9825","weekly",6083,3732,0,3.10065240276163
"9826","weekly",6083,3733,0,3.17645043233642
"9827","weekly",6083,3734,0,3.25266390136676
"9828","weekly",6083,3735,0,3.32358468486927
"9829","weekly",6083,3736,0,3.38364739154349
"9830","weekly",6083,3737,0,3.42832688603085
"9831","weekly",6083,3738,0,3.45499826336163
"9832","weekly",6083,3739,0,3.46354904508917
"9833","weekly",6083,3740,0,3.45657658745768
"9834","weekly",6083,3741,0,3.43911596341059
"9835","weekly",6083,3742,0,3.41797861913801
"9836","weekly",6083,3743,0,3.40085597953293
"9837","weekly",6083,3744,0,3.39547403767938
"9838","weekly",6083,3745,0,3.40882758179214
"9839","weekly",6083,3746,0,3.44653862013365
"9840","weekly",6083,3747,0,3.51241231671884
"9841","weekly",6083,3748,0,3.60802586731734
"9842","weekly",6083,3749,0,3.73231230067904
"9843","weekly",6083,3750,0,3.88114886858966
"9844","weekly",6083,3751,0,4.04706051043468
"9845","weekly",6083,3752,0,4.21924495432177
"9846","weekly",6083,3753,0,4.38416427207994
"9847","weekly",6083,3754,0,4.52687197731575
"9848","weekly",6083,3755,0,4.63303135911701
"9849","weekly",6083,3756,0,4.69128090934828
"9850","weekly",6083,3757,0,4.69535130399163
"9851","weekly",6083,3758,0,4.64529413325363
"9852","weekly",6083,3759,0,4.54741893775645
"9853","weekly",6083,3760,0,4.41296545325895
"9854","weekly",6083,3761,0,4.25595274128136
"9855","weekly",6083,3762,0,4.09084817796247
"9856","weekly",6083,3763,0,3.93062499974621
"9857","weekly",6083,3764,0,3.78551801291178
"9858","weekly",6083,3765,0,3.66250110126566
"9859","weekly",6083,3766,0,3.56531938639819
"9860","weekly",6083,3767,0,3.49484654943808
"9861","weekly",6083,3768,0,3.44958395132562
"9862","weekly",6083,3769,0,3.42619978814037
"9863","weekly",6083,3770,0,3.42008412978612
"9864","weekly",6083,3771,0,3.42594006491709
"9865","weekly",6083,3772,0,3.43842731154291
"9866","weekly",6083,3773,0,3.45283455087338
"9867","weekly",6083,3774,0,3.46570371708367
"9868","weekly",6083,3775,0,3.47529436225886
"9869","weekly",6083,3776,0,3.48178336923593
"9870","weekly",6083,3777,0,3.48714800592279
"9871","weekly",6083,3778,0,3.49475687133963
"9872","weekly",6083,3779,0,3.50875891148462
"9873","weekly",6083,3780,0,3.53338851663284
"9874","weekly",6083,3781,0,3.57229078680393
"9875","weekly",6083,3782,0,3.62793363566743
"9876","weekly",6083,3783,0,3.70113951759413
"9877","weekly",6083,3784,0,3.79075922092306
"9878","weekly",6083,3785,0,3.89352675812552
"9879","weekly",6083,3786,0,4.00416310530272
"9880","weekly",6083,3787,0,4.11582480784273
"9881","weekly",6083,3788,0,4.22088539728429
"9882","weekly",6083,3789,0,4.31208369188244
"9883","weekly",6083,3790,0,4.38387083265116
"9884","weekly",6083,3791,0,4.43359358471935
"9885","weekly",6083,3792,0,4.46226736725657
"9886","weekly",6083,3793,0,4.47470896621235
"9887","weekly",6083,3794,0,4.47900309599936
"9888","weekly",6083,3795,0,4.48547206824878
"9889","weekly",6083,3796,0,4.50542701999075
"9890","weekly",6083,3797,0,4.54996049997862
"9891","weekly",6083,3798,0,4.62892140584881
"9892","weekly",6083,3799,0,4.75006534068962
"9893","weekly",6083,3800,0,4.91826783100259
"9894","weekly",6083,3801,0,5.13466912618605
"9895","weekly",6083,3802,0,5.39570165533223
"9896","weekly",6083,3803,0,5.69212273231824
"9897","weekly",6083,3804,0,6.0083924094215
"9898","weekly",6083,3805,0,6.32291055563837
"9899","weekly",6083,3806,0,6.60962692412431
"9900","weekly",6083,3807,0,6.84124431855162
"9901","weekly",6083,3808,0,6.9936496608716
"9902","weekly",6083,3809,0,7.05054221418686
"9903","weekly",6083,3810,0,7.00685578532284
"9904","weekly",6083,3811,0,6.869800778426
"9905","weekly",6083,3812,0,6.65716322165099
"9906","weekly",6083,3813,0,6.39349354390288
"9907","weekly",6083,3814,0,6.10547618631972
"9908","weekly",6083,3815,0,5.81780532567063
"9909","weekly",6083,3816,0,5.55040684400592
"9910","weekly",6083,3817,0,5.31719399159192
"9911","weekly",6083,3818,0,5.12605218397221
"9912","weekly",6083,3819,0,4.97955389134586
"9913","weekly",6083,3820,0,4.87596091904561
"9914","weekly",6083,3821,0,4.81025065228459
"9915","weekly",6083,3822,0,4.77508715062868
"9916","weekly",6083,3823,0,4.7617765411851
"9917","weekly",6083,3824,0,4.76127370566246
"9918","weekly",6083,3825,0,4.76525322764064
"9919","weekly",6083,3826,0,4.76715919031994
"9920","weekly",6083,3827,0,4.76306173100602
"9921","weekly",6083,3828,0,4.75212721672142
"9922","weekly",6083,3829,0,4.73657626347267
"9923","weekly",6083,3830,0,4.7211336325563
"9924","weekly",6083,3831,0,4.71210425638128
"9925","weekly",6083,3832,0,4.71628018943011
"9926","weekly",6083,3833,0,4.73987213449436
"9927","weekly",6083,3834,0,4.78759063140023
"9928","weekly",6083,3835,0,4.86192538565956
"9929","weekly",6083,3836,0,4.96263008270762
"9930","weekly",6083,3837,0,5.08643125364324
"9931","weekly",6083,3838,0,5.22702874999959
"9932","weekly",6083,3839,0,5.37550273042871
"9933","weekly",6083,3840,0,5.52119959294214
"9934","weekly",6083,3841,0,5.65326451027067
"9935","weekly",6083,3842,0,5.76248386700172
"9936","weekly",6083,3843,0,5.843069942086
"9937","weekly",6083,3844,0,5.8941164034477
"9938","weekly",6083,3845,0,5.92018013331108
"9939","weekly",6083,3846,0,5.93086749763461
"9940","weekly",6083,3847,0,5.93957566472818
"9941","weekly",6083,3848,0,5.96176439375267
"9942","weekly",6083,3849,0,6.01317379495595
"9943","weekly",6083,3850,0,6.10826541404822
"9944","weekly",6083,3851,0,6.25894201456686
"9945","weekly",6083,3852,0,6.47341181588126
"9946","weekly",6083,3853,0,6.75498914023046
"9947","weekly",6083,3854,0,7.10070094818366
"9948","weekly",6083,3855,0,7.49979261576664
"9949","weekly",6083,3856,0,7.93254869006341
"9950","weekly",6083,3857,0,8.37015206136857
"9951","weekly",6083,3858,0,8.77640785821131
"9952","weekly",6083,3859,0,9.11184741157922
"9953","weekly",6083,3860,0,9.33993065010873
"9954","weekly",6083,3861,0,9.43401949250256
"9955","weekly",6083,3862,0,9.38304766922374
"9956","weekly",6083,3863,0,9.19392182925367
"9957","weekly",6083,3864,0,8.88977527740644
"9958","weekly",6083,3865,0,8.50474659251631
"9959","weekly",6083,3866,0,8.07713581252028
"9960","weekly",6083,3867,0,7.64303316068253
"9961","weekly",6083,3868,0,7.23187043180224
"9962","weekly",6083,3869,0,6.8643323451397
"9963","weekly",6083,3870,0,6.55223857512465
"9964","weekly",6083,3871,0,6.2996368453023
"9965","weekly",6083,3872,0,6.10439119170769
"9966","weekly",6083,3873,0,5.95981007919181
"9967","weekly",6083,3874,0,5.85614383991924
"9968","weekly",6083,3875,0,5.78197378624463
"9969","weekly",6083,3876,0,5.72557695687283
"9970","weekly",6083,3877,0,5.67629593782476
"9971","weekly",6083,3878,0,5.62582519635907
"9972","weekly",6083,3879,0,5.56921859813156
"9973","weekly",6083,3880,0,5.50539715556079
"9974","weekly",6083,3881,0,5.43702060607029
"9975","weekly",6083,3882,0,5.36974784423364
"9976","weekly",6083,3883,0,5.31110236962559
"9977","weekly",6083,3884,0,5.26907784139621
"9978","weekly",6083,3885,0,5.25089317993843
"9979","weekly",6083,3886,0,5.26203380213701
"9980","weekly",6083,3887,0,5.305457083683
"9981","weekly",6083,3888,0,5.38107665104326
"9982","weekly",6083,3889,0,5.48547868311289
"9983","weekly",6083,3890,0,5.61191710704588
"9984","weekly",6083,3891,0,5.75070112326648
"9985","weekly",6083,3892,0,5.89010593533749
"9986","weekly",6083,3893,0,6.01785958447726
"9987","weekly",6083,3894,0,6.1230799057812
"9988","weekly",6083,3895,0,6.19831510595395
"9989","weekly",6083,3896,0,6.24119290037197
"9990","weekly",6083,3897,0,6.25521470225067
"9991","weekly",6083,3898,0,6.24946566985454
"9992","weekly",6083,3899,0,6.23735030155513
"9993","weekly",6083,3900,0,6.2347396692785
"9994","weekly",6083,3901,0,6.2580011257669
"9995","weekly",6083,3902,0,6.32226007606369
"9996","weekly",6083,3903,0,6.44000876889913
"9997","weekly",6083,3904,0,6.61995816548006
"9998","weekly",6083,3905,0,6.86592364503304
"9999","weekly",6083,3906,0,7.1755855785741
"10000","weekly",6083,3907,0,7.53916573824245
"10001","weekly",6083,3908,0,7.93836205970729
"10002","weekly",6083,3909,0,8.34618309367215
"10003","weekly",6083,3910,0,8.72844776429702
"10004","weekly",6083,3911,0,9.0474714722659
"10005","weekly",6083,3912,0,9.26776236569276
"10006","weekly",6083,3913,0,9.36258902927511
"10007","weekly",6083,3914,0,9.31953464171966
"10008","weekly",6083,3915,0,9.14315331343096
"10009","weekly",6083,3916,0,8.85376254754374
"10010","weekly",6083,3917,0,8.48283126717433
"10011","weekly",6083,3918,0,8.06659628928173
"10012","weekly",6083,3919,0,7.63988418123336
"10013","weekly",6083,3920,0,7.23160363384522
"10014","weekly",6083,3921,0,6.86244788821205
"10015","weekly",6083,3922,0,6.54453447909327
"10016","weekly",6083,3923,0,6.28230557052302
"10017","weekly",6083,3924,0,6.07400534272892
"10018","weekly",6083,3925,0,5.91327184057445
"10019","weekly",6083,3926,0,5.79065144836204
"10020","weekly",6083,3927,0,5.69503013201756
"10021","weekly",6083,3928,0,5.61503805368557
"10022","weekly",6083,3929,0,5.54043711724808
"10023","weekly",6083,3930,0,5.46339226484997
"10024","weekly",6083,3931,0,5.37943204617477
"10025","weekly",6083,3932,0,5.28788967372384
"10026","weekly",6083,3933,0,5.19170789775671
"10027","weekly",6083,3934,0,5.09665340994252
"10028","weekly",6083,3935,0,5.0101398761326
"10029","weekly",6083,3936,0,4.93988482834538
"10030","weekly",6083,3937,0,4.89281643007416
"10031","weekly",6083,3938,0,4.87414130021352
"10032","weekly",6083,3939,0,4.88660009228624
"10033","weekly",6083,3940,0,4.93009164108662
"10034","weekly",6083,3941,0,5.00145961108501
"10035","weekly",6083,3942,0,5.09450927190483
"10036","weekly",6083,3943,0,5.20034613047028
"10037","weekly",6083,3944,0,5.30815542742494
"10038","weekly",6083,3945,0,5.40648510790197
"10039","weekly",6083,3946,0,5.48494476775522
"10040","weekly",6083,3947,0,5.53603529097745
"10041","weekly",6083,3948,0,5.55667627888033
"10042","weekly",6083,3949,0,5.54900268174242
"10043","weekly",6083,3950,0,5.52019203460077
"10044","weekly",6083,3951,0,5.48138501102221
"10045","weekly",6083,3952,0,5.44602811543155
"10046","weekly",6083,3953,0,5.4280724687269
"10047","weekly",6083,3954,0,5.44037868149462
"10048","weekly",6083,3955,0,5.49347782239784
"10049","weekly",6083,3956,0,5.59463732119184
"10050","weekly",6083,3957,0,5.74706932413392
"10051","weekly",6083,3958,0,5.94913596333936
"10052","weekly",6083,3959,0,6.19354298571125
"10053","weekly",6083,3960,0,6.46672743646195
"10054","weekly",6083,3961,0,6.74885814049048
"10055","weekly",6083,3962,0,7.01496182201663
"10056","weekly",6083,3963,0,7.23753388616024
"10057","weekly",6083,3964,0,7.39053374316427
"10058","weekly",6083,3965,0,7.45401709855651
"10059","weekly",6083,3966,0,7.41813417503727
"10060","weekly",6083,3967,0,7.285181364452
"10061","weekly",6083,3968,0,7.06897343328455
"10062","weekly",6083,3969,0,6.79176203679526
"10063","weekly",6083,3970,0,6.4797656510782
"10064","weekly",6083,3971,0,6.15868215367664
"10065","weekly",6083,3972,0,5.85026534850476
"10066","weekly",6083,3973,0,5.57042986439774
"10067","weekly",6083,3974,0,5.32876678270986
"10068","weekly",6083,3975,0,5.12903046255815
"10069","weekly",6083,3976,0,4.97011603863211
"10070","weekly",6083,3977,0,4.84719312534435
"10071","weekly",6083,3978,0,4.75284137189738
"10072","weekly",6083,3979,0,4.67817233040114
"10073","weekly",6083,3980,0,4.6139935948886
"10074","weekly",6083,3981,0,4.55192883481504
"10075","weekly",6083,3982,0,4.48550928302575
"10076","weekly",6083,3983,0,4.41105755546596
"10077","weekly",6083,3984,0,4.32807473282446
"10078","weekly",6083,3985,0,4.23910775466356
"10079","weekly",6083,3986,0,4.14910578835406
"10080","weekly",6083,3987,0,4.06443244544789
"10081","weekly",6083,3988,0,3.99176798813278
"10082","weekly",6083,3989,0,3.93711116953637
"10083","weekly",6083,3990,0,3.90500171590247
"10084","weekly",6083,3991,0,3.89798615168547
"10085","weekly",6083,3992,0,3.91628908188432
"10086","weekly",6083,3993,0,3.95764874515589
"10087","weekly",6083,3994,0,4.01731949477107
"10088","weekly",6083,3995,0,4.08830369199859
"10089","weekly",6083,3996,0,4.16191015718505
"10090","weekly",6083,3997,0,4.22870802867692
"10091","weekly",6083,3998,0,4.27983821372618
"10092","weekly",6083,3999,0,4.30848651443375
"10093","weekly",6083,4000,0,4.31118556213914
"10094","weekly",6083,4001,0,4.28858426873921
"10095","weekly",6083,4002,0,4.24544826534111
"10096","weekly",6083,4003,0,4.18989156707539
"10097","weekly",6083,4004,0,4.13207582663745
"10098","weekly",6083,4005,0,4.08273500812356
"10099","weekly",6083,4006,0,4.05184665354318
"10100","weekly",6083,4007,0,4.04762093690806
"10101","weekly",6083,4008,0,4.07580706005683
"10102","weekly",6083,4009,0,4.13920370442793
"10103","weekly",6083,4010,0,4.23724349125405
"10104","weekly",6083,4011,0,4.36559636192396
"10105","weekly",6083,4012,0,4.51587199451751
"10106","weekly",6083,4013,0,4.67564549148665
"10107","weekly",6083,4014,0,4.82911238528322
"10108","weekly",6083,4015,0,4.95861913776025
"10109","weekly",6083,4016,0,5.04706814719248
"10110","weekly",6083,4017,0,5.08081108509214
"10111","weekly",6083,4018,0,5.05229179092566
"10112","weekly",6083,4019,0,4.96160374110332
"10113","weekly",6083,4020,0,4.81641147789196
"10114","weekly",6083,4021,0,4.63025187759195
"10115","weekly",6083,4022,0,4.41979350228212
"10116","weekly",6083,4023,0,4.20190636860207
"10117","weekly",6083,4024,0,3.9912868188112
"10118","weekly",6083,4025,0,3.79902191960718
"10119","weekly",6083,4026,0,3.63209067331627
"10120","weekly",6083,4027,0,3.4935536160192
"10121","weekly",6083,4028,0,3.38312141847564
"10122","weekly",6083,4029,0,3.29786420823075
"10123","weekly",6083,4030,0,3.23294282023562
"10124","weekly",6083,4031,0,3.18234327388927
"10125","weekly",6083,4032,0,3.13964024948655
"10126","weekly",6083,4033,0,3.0987748161424
"10127","weekly",6083,4034,0,3.05488706668257
"10128","weekly",6083,4035,0,3.00497206332511
"10129","weekly",6083,4036,0,2.94821829083958
"10130","weekly",6083,4037,0,2.88603923656046
"10131","weekly",6083,4038,0,2.82170030902489
"10132","weekly",6083,4039,0,2.75966213477659
"10133","weekly",6083,4040,0,2.70480417710496
"10134","weekly",6083,4041,0,2.66169071412878
"10135","weekly",6083,4042,0,2.6339835273393
"10136","weekly",6083,4043,0,2.62402990943519
"10137","weekly",6083,4044,0,2.63259943155572
"10138","weekly",6083,4045,0,2.65872911034967
"10139","weekly",6083,4046,0,2.69966281787492
"10140","weekly",6083,4047,0,2.7509185935487
"10141","weekly",6083,4048,0,2.80655860426486
"10142","weekly",6083,4049,0,2.8597399709106
"10143","weekly",6083,4050,0,2.90356877693557
"10144","weekly",6083,4051,0,2.93216835946077
"10145","weekly",6083,4052,0,2.94174814628786
"10146","weekly",6083,4053,0,2.93138970233849
"10147","weekly",6083,4054,0,2.90330939972773
"10148","weekly",6083,4055,0,2.8625121054647
"10149","weekly",6083,4056,0,2.81594797296566
"10150","weekly",6083,4057,0,2.77142611745512
"10151","weekly",6083,4058,0,2.73656113524339
"10152","weekly",6083,4059,0,2.71793922621873
"10153","weekly",6083,4060,0,2.72055340508814
"10154","weekly",6083,4061,0,2.7474435554177
"10155","weekly",6083,4062,0,2.79943002242362
"10156","weekly",6083,4063,0,2.87485631456366
"10157","weekly",6083,4064,0,2.96934029707336
"10158","weekly",6083,4065,0,3.07564332595211
"10159","weekly",6083,4066,0,3.18385951081291
"10160","weekly",6083,4067,0,3.28214637804194
"10161","weekly",6083,4068,0,3.35811180496239
"10162","weekly",6083,4069,0,3.40073387190932
"10163","weekly",6083,4070,0,3.40240001573693
"10164","weekly",6083,4071,0,3.36046598202665
"10165","weekly",6083,4072,0,3.27779896563152
"10166","weekly",6083,4073,0,3.16209933825303
"10167","weekly",6083,4074,0,3.02423671467113
"10168","weekly",6083,4075,0,2.87615647661733
"10169","weekly",6083,4076,0,2.72898303714464
"10170","weekly",6083,4077,0,2.59164578476339
"10171","weekly",6083,4078,0,2.47025665611727
"10172","weekly",6083,4079,0,2.36801866657333
"10173","weekly",6083,4080,0,2.28568342956714
"10174","weekly",6083,4081,0,2.22201569168828
"10175","weekly",6083,4082,0,2.17420190642588
"10176","weekly",6083,4083,0,2.13836742789135
"10177","weekly",6083,4084,0,2.11010635853745
"10178","weekly",6083,4085,0,2.08503411113634
"10179","weekly",6083,4086,0,2.05935574267642
"10180","weekly",6083,4087,0,2.03038804885
"10181","weekly",6083,4088,0,1.99693540207227
"10182","weekly",6083,4089,0,1.95942470559385
"10183","weekly",6083,4090,0,1.91975898575038
"10184","weekly",6083,4091,0,1.88092864758801
"10185","weekly",6083,4092,0,1.8464844552218
"10186","weekly",6083,4093,0,1.8199958432524
"10187","weekly",6083,4094,0,1.80458866845584
"10188","weekly",6083,4095,0,1.80260049525532
"10189","weekly",6083,4096,0,1.81534043489955
"10190","weekly",6083,4097,0,1.84291721714544
"10191","weekly",6083,4098,0,1.88411017358885
"10192","weekly",6083,4099,0,1.93629531620536
"10193","weekly",6083,4100,0,1.9954846148612
"10194","weekly",6083,4101,0,2.05656586150872
"10195","weekly",6083,4102,0,2.11381667302339
"10196","weekly",6083,4103,0,2.16169414087199
"10197","weekly",6083,4104,0,2.19578537342022
"10198","weekly",6083,4105,0,2.21369448999758
"10199","weekly",6083,4106,0,2.21560640196549
"10200","weekly",6083,4107,0,2.2043468542106
"10201","weekly",6083,4108,0,2.18492572999094
"10202","weekly",6083,4109,0,2.1637223615835
"10203","weekly",6083,4110,0,2.14755995559972
"10204","weekly",6083,4111,0,2.14288790072897
"10205","weekly",6083,4112,0,2.15518012439134
"10206","weekly",6083,4113,0,2.18853313667933
"10207","weekly",6083,4114,0,2.24536636902485
"10208","weekly",6083,4115,0,2.32611487188842
"10209","weekly",6083,4116,0,2.42885810299776
"10210","weekly",6083,4117,0,2.54893144944799
"10211","weekly",6083,4118,0,2.67869010349386
"10212","weekly",6083,4119,0,2.80768875658396
"10213","weekly",6083,4120,0,2.92353590312996
"10214","weekly",6083,4121,0,3.0135185062245
"10215","weekly",6083,4122,0,3.06678093541996
"10216","weekly",6083,4123,0,3.07650621933863
"10217","weekly",6083,4124,0,3.04139128804673
"10218","weekly",6083,4125,0,2.96587888695649
"10219","weekly",6083,4126,0,2.85906207869994
"10220","weekly",6083,4127,0,2.73267401105841
"10221","weekly",6083,4128,0,2.59884787409101
"10222","weekly",6083,4129,0,2.46825169195654
"10223","weekly",6083,4130,0,2.34901071325294
"10224","weekly",6083,4131,0,2.24631791733555
"10225","weekly",6083,4132,0,2.1625409454864
"10226","weekly",6083,4133,0,2.09766837672214
"10227","weekly",6083,4134,0,2.04982682844275
"10228","weekly",6083,4135,0,2.01579934370238
"10229","weekly",6083,4136,0,1.99153740840848
"10230","weekly",6083,4137,0,1.97269507945748
"10231","weekly",6083,4138,0,1.9551992911438
"10232","weekly",6083,4139,0,1.93582089079428
"10233","weekly",6083,4140,0,1.91265756220673
"10234","weekly",6083,4141,0,1.88541833148338
"10235","weekly",6083,4142,0,1.85543112174491
"10236","weekly",6083,4143,0,1.8253704951203
"10237","weekly",6083,4144,0,1.79878470662516
"10238","weekly",6083,4145,0,1.77954721316928
"10239","weekly",6083,4146,0,1.77134823481902
"10240","weekly",6083,4147,0,1.77728978259256
"10241","weekly",6083,4148,0,1.7995854986948
"10242","weekly",6083,4149,0,1.83932598869433
"10243","weekly",6083,4150,0,1.89626732593752
"10244","weekly",6083,4151,0,1.96863473794656
"10245","weekly",6083,4152,0,2.05299177914276
"10246","weekly",6083,4153,0,2.14428303233581
"10247","weekly",6083,4154,0,2.23618138613529
"10248","weekly",6083,4155,0,2.32182508334517
"10249","weekly",6083,4156,0,2.39490408348502
"10250","weekly",6083,4157,0,2.45088750228751
"10251","weekly",6083,4158,0,2.48805996373994
"10252","weekly",6083,4159,0,2.50804321025498
"10253","weekly",6083,4160,0,2.51564244032488
"10254","weekly",6083,4161,0,2.51809823018266
"10255","weekly",6083,4162,0,2.52401453041239
"10256","weekly",6083,4163,0,2.54227740602801
"10257","weekly",6083,4164,0,2.58117803483037
"10258","weekly",6083,4165,0,2.64778358172043
"10259","weekly",6083,4166,0,2.74745184468338
"10260","weekly",6083,4167,0,2.88331756199477
"10261","weekly",6083,4168,0,3.05560790433083
"10262","weekly",6083,4169,0,3.26076752174413
"10263","weekly",6083,4170,0,3.49057074880693
"10264","weekly",6083,4171,0,3.73162024249905
"10265","weekly",6083,4172,0,3.96577214205172
"10266","weekly",6083,4173,0,4.17195806754171
"10267","weekly",6083,4174,0,4.32937124543241
"10268","weekly",6083,4175,0,4.42147665366065
"10269","weekly",6083,4176,0,4.43965485497029
"10270","weekly",6083,4177,0,4.38509817226441
"10271","weekly",6083,4178,0,4.26831033875351
"10272","weekly",6083,4179,0,4.10643472478841
"10273","weekly",6083,4180,0,3.91945548850344
"10274","weekly",6083,4181,0,3.72654134492041
"10275","weekly",6083,4182,0,3.54344175418373
"10276","weekly",6083,4183,0,3.38122740969993
"10277","weekly",6083,4184,0,3.24615639416152
"10278","weekly",6083,4185,0,3.14022437512176
"10279","weekly",6083,4186,0,3.0619926454965
"10280","weekly",6083,4187,0,3.00745183980325
"10281","weekly",6083,4188,0,2.97085140304989
"10282","weekly",6083,4189,0,2.94553111377172
"10283","weekly",6083,4190,0,2.92480637034168
"10284","weekly",6083,4191,0,2.90289713375387
"10285","weekly",6083,4192,0,2.87579423023271
"10286","weekly",6083,4193,0,2.8418875305797
"10287","weekly",6083,4194,0,2.8021906594804
"10288","weekly",6083,4195,0,2.76009576549404
"10289","weekly",6083,4196,0,2.72073330558487
"10290","weekly",6083,4197,0,2.69012080921675
"10291","weekly",6083,4198,0,2.67430728051113
"10292","weekly",6083,4199,0,2.67865631528548
"10293","weekly",6083,4200,0,2.7073074367654
"10294","weekly",6083,4201,0,2.7627692752576
"10295","weekly",6083,4202,0,2.84556838174467
"10296","weekly",6083,4203,0,2.95391302835196
"10297","weekly",6083,4204,0,3.08341748447856
"10298","weekly",6083,4205,0,3.22703478951007
"10299","weekly",6083,4206,0,3.37541263896856
"10300","weekly",6083,4207,0,3.51785658425069
"10301","weekly",6083,4208,0,3.64391939769848
"10302","weekly",6083,4209,0,3.74536727924715
"10303","weekly",6083,4210,0,3.81802521404461
"10304","weekly",6083,4211,0,3.8629359594197
"10305","weekly",6083,4212,0,3.88646381438593
"10306","weekly",6083,4213,0,3.8993561892712
"10307","weekly",6083,4214,0,3.91513633372961
"10308","weekly",6083,4215,0,3.94834879782866
"10309","weekly",6083,4216,0,4.0130676854169
"10310","weekly",6083,4217,0,4.12180808946141
"10311","weekly",6083,4218,0,4.28470911900513
"10312","weekly",6083,4219,0,4.50869769408018
"10313","weekly",6083,4220,0,4.79634315456497
"10314","weekly",6083,4221,0,5.14428000713815
"10315","weekly",6083,4222,0,5.54139695732738
"10316","weekly",6083,4223,0,5.9674086550076
"10317","weekly",6083,4224,0,6.39278580015525
"10318","weekly",6083,4225,0,6.78104668707238
"10319","weekly",6083,4226,0,7.09378287612344
"10320","weekly",6083,4227,0,7.29791932273656
"10321","weekly",6083,4228,0,7.37294777794159
"10322","weekly",6083,4229,0,7.31555441286764
"10323","weekly",6083,4230,0,7.14012050628662
"10324","weekly",6083,4231,0,6.87477841984946
"10325","weekly",6083,4232,0,6.55472270637983
"10326","weekly",6083,4233,0,6.21519929266651
"10327","weekly",6083,4234,0,5.88615331868641
"10328","weekly",6083,4235,0,5.58937651681481
"10329","weekly",6083,4236,0,5.33791432480211
"10330","weekly",6083,4237,0,5.13692930142861
"10331","weekly",6083,4238,0,4.98519298946485
"10332","weekly",6083,4239,0,4.87666336607072
"10333","weekly",6083,4240,0,4.80194808886154
"10334","weekly",6083,4241,0,4.74969568211236
"10335","weekly",6083,4242,0,4.70803633710602
"10336","weekly",6083,4243,0,4.66611994159757
"10337","weekly",6083,4244,0,4.61563325559837
"10338","weekly",6083,4245,0,4.55202259379439
"10339","weekly",6083,4246,0,4.47510812114342
"10340","weekly",6083,4247,0,4.38889940505032
"10341","weekly",6083,4248,0,4.30065930375713
"10342","weekly",6083,4249,0,4.21948974093539
"10343","weekly",6083,4250,0,4.15481091619586
"10344","weekly",6083,4251,0,4.11504144858918
"10345","weekly",6083,4252,0,4.10662154300371
"10346","weekly",6083,4253,0,4.13335624162573
"10347","weekly",6083,4254,0,4.19597016394255
"10348","weekly",6083,4255,0,4.29178497401881
"10349","weekly",6083,4256,0,4.41453442774946
"10350","weekly",6083,4257,0,4.55446558175026
"10351","weekly",6083,4258,0,4.69896451101522
"10352","weekly",6083,4259,0,4.83391204130021
"10353","weekly",6083,4260,0,4.9457740051148
"10354","weekly",6083,4261,0,5.02410279828473
"10355","weekly",6083,4262,0,5.06382435688283
"10356","weekly",6083,4263,0,5.06660630181432
"10357","weekly",6083,4264,0,5.04085527634015
"10358","weekly",6083,4265,0,5.00037826169864
"10359","weekly",6083,4266,0,4.96220452443231
"10360","weekly",6083,4267,0,4.94425727278576
"10361","weekly",6083,4268,0,4.96342209007707
"10362","weekly",6083,4269,0,5.03424923078273
"10363","weekly",6083,4270,0,5.16798879197449
"10364","weekly",6083,4271,0,5.3717874676222
"10365","weekly",6083,4272,0,5.64768565184204
"10366","weekly",6083,4273,0,5.99105086989584
"10367","weekly",6083,4274,0,6.38878404253046
"10368","weekly",6083,4275,0,6.81790169750457
"10369","weekly",6083,4276,0,7.24553361392464
"10370","weekly",6083,4277,0,7.6314261337975
"10371","weekly",6083,4278,0,7.93345451800269
"10372","weekly",6083,4279,0,8.11540687258821
"10373","weekly",6083,4280,0,8.15490912809037
"10374","weekly",6083,4281,0,8.0486999276909
"10375","weekly",6083,4282,0,7.81318630991154
"10376","weekly",6083,4283,0,7.480092304555
"10377","weekly",6083,4284,0,7.08898220933042
"10378","weekly",6083,4285,0,6.67937355770846
"10379","weekly",6083,4286,0,6.28470734035363
"10380","weekly",6083,4287,0,5.92916423160932
"10381","weekly",6083,4288,0,5.6270674461266
"10382","weekly",6083,4289,0,5.38394362170948
"10383","weekly",6083,4290,0,5.19826906704111
"10384","weekly",6083,4291,0,5.06325297002331
"10385","weekly",6083,4292,0,4.96841210662387
"10386","weekly",6083,4293,0,4.90098906151252
"10387","weekly",6083,4294,0,4.84738551895134
"10388","weekly",6083,4295,0,4.7947254377068
"10389","weekly",6083,4296,0,4.73248430035892
"10390","weekly",6083,4297,0,4.65392100543249
"10391","weekly",6083,4298,0,4.5569498174882
"10392","weekly",6083,4299,0,4.44417199466261
"10393","weekly",6083,4300,0,4.32202929098275
"10394","weekly",6083,4301,0,4.19932105389307
"10395","weekly",6083,4302,0,4.08549535408383
"10396","weekly",6083,4303,0,3.98910927082761
"10397","weekly",6083,4304,0,3.91669399480452
"10398","weekly",6083,4305,0,3.87206543222419
"10399","weekly",6083,4306,0,3.85599040557281
"10400","weekly",6083,4307,0,3.86609467104427
"10401","weekly",6083,4308,0,3.89696467050817
"10402","weekly",6083,4309,0,3.94049662796897
"10403","weekly",6083,4310,0,3.98661741471733
"10404","weekly",6083,4311,0,4.02448111074045
"10405","weekly",6083,4312,0,4.04410582367564
"10406","weekly",6083,4313,0,4.03819396547624
"10407","weekly",6083,4314,0,4.00368595120381
"10408","weekly",6083,4315,0,3.94256778567797
"10409","weekly",6083,4316,0,3.86165282869479
"10410","weekly",6083,4317,0,3.77141175363795
"10411","weekly",6083,4318,0,3.68424742331263
"10412","weekly",6083,4319,0,3.61273376372992
"10413","weekly",6083,4320,0,3.56822007964365
"10414","weekly",6083,4321,0,3.55994259554427
"10415","weekly",6083,4322,0,3.59449415304698
"10416","weekly",6083,4323,0,3.67554074659711
"10417","weekly",6083,4324,0,3.80335549925803
"10418","weekly",6083,4325,0,3.97403237741673
"10419","weekly",6083,4326,0,4.17864947693306
"10420","weekly",6083,4327,0,4.40260321769165
"10421","weekly",6083,4328,0,4.62573740360676
"10422","weekly",6083,4329,0,4.82388430531137
"10423","weekly",6083,4330,0,4.97210377434385
"10424","weekly",6083,4331,0,5.04920446596225
"10425","weekly",6083,4332,0,5.04233376664342
"10426","weekly",6083,4333,0,4.95002867549192
"10427","weekly",6083,4334,0,4.78251305533922
"10428","weekly",6083,4335,0,4.55910495156422
"10429","weekly",6083,4336,0,4.30375832918799
"10430","weekly",6083,4337,0,4.04034078505356
"10431","weekly",6083,4338,0,3.78901073912857
"10432","weekly",6083,4339,0,3.56430516243563
"10433","weekly",6083,4340,0,3.37479254414211
"10434","weekly",6083,4341,0,3.22372874972643
"10435","weekly",6083,4342,0,3.11011369593325
"10436","weekly",6083,4343,0,3.02974275077577
"10437","weekly",6083,4344,0,2.97609837818891
"10438","weekly",6083,4345,0,2.94112172178575
"10439","weekly",6083,4346,0,2.91599456145195
"10440","weekly",6083,4347,0,2.89204140324728
"10441","weekly",6083,4348,0,2.86175204606843
"10442","weekly",6083,4349,0,2.81978027359582
"10443","weekly",6083,4350,0,2.76367297000252
"10444","weekly",6083,4351,0,2.69409574643942
"10445","weekly",6083,4352,0,2.61445852683391
"10446","weekly",6083,4353,0,2.5300423654262
"10447","weekly",6083,4354,0,2.44688180400408
"10448","weekly",6083,4355,0,2.37069110016455
"10449","weekly",6083,4356,0,2.30604016658617
"10450","weekly",6083,4357,0,2.25585219505592
"10451","weekly",6083,4358,0,2.22118506097468
"10452","weekly",6083,4359,0,2.20121459296206
"10453","weekly",6083,4360,0,2.19335792341735
"10454","weekly",6083,4361,0,2.1935287459055
"10455","weekly",6083,4362,0,2.19656300495262
"10456","weekly",6083,4363,0,2.19685776808183
"10457","weekly",6083,4364,0,2.18921015382512
"10458","weekly",6083,4365,0,2.16974140360253
"10459","weekly",6083,4366,0,2.13670551567338
"10460","weekly",6083,4367,0,2.09090029247454
"10461","weekly",6083,4368,0,2.03559124158346
"10462","weekly",6083,4369,0,1.97596646321472
"10463","weekly",6083,4370,0,1.91825408485602
"10464","weekly",6083,4371,0,1.86881307919975
"10465","weekly",6083,4372,0,1.83340215974022
"10466","weekly",6083,4373,0,1.81671609479235
"10467","weekly",6083,4374,0,1.82214529646444
"10468","weekly",6083,4375,0,1.85163232151535
"10469","weekly",6083,4376,0,1.90548791867332
"10470","weekly",6083,4377,0,1.982082733477
"10471","weekly",6083,4378,0,2.07743354167906
"10472","weekly",6083,4379,0,2.18483490383369
"10473","weekly",6083,4380,0,2.29480964015238
"10474","weekly",6083,4381,0,2.39569408571697
"10475","weekly",6083,4382,0,2.47505349566927
"10476","weekly",6083,4383,0,2.52180996746756
"10477","weekly",6083,4384,0,2.52856245703879
"10478","weekly",6083,4385,0,2.49331846256973
"10479","weekly",6083,4386,0,2.41996056301286
"10480","weekly",6083,4387,0,2.31724922332796
"10481","weekly",6083,4388,0,2.1967591335997
"10482","weekly",6083,4389,0,2.07051272859098
"10483","weekly",6083,4390,0,1.94903749876539
"10484","weekly",6083,4391,0,1.84023437442374
"10485","weekly",6083,4392,0,1.74905188579578
"10486","weekly",6083,4393,0,1.67771216048277
"10487","weekly",6083,4394,0,1.62618231729721
"10488","weekly",6083,4395,0,1.59266638514237
"10489","weekly",6083,4396,0,1.57402093047858
"10490","weekly",6083,4397,0,1.56610845611431
"10491","weekly",6083,4398,0,1.56416407835786
"10492","weekly",6083,4399,0,1.56325275514973
"10493","weekly",6083,4400,0,1.55884028493892
"10494","weekly",6083,4401,0,1.54741361257038
"10495","weekly",6083,4402,0,1.5270077343157
"10496","weekly",6083,4403,0,1.49747664856841
"10497","weekly",6083,4404,0,1.46040782664204
"10498","weekly",6083,4405,0,1.41869829309871
"10499","weekly",6083,4406,0,1.37592273514019
"10500","weekly",6083,4407,0,1.33567207545275
"10501","weekly",6083,4408,0,1.30100998483249
"10502","weekly",6083,4409,0,1.27411659469362
"10503","weekly",6083,4410,0,1.2561121956096
"10504","weekly",6083,4411,0,1.24701309608645
"10505","weekly",6083,4412,0,1.2457736559154
"10506","weekly",6083,4413,0,1.25039812986506
"10507","weekly",6083,4414,0,1.25813969117007
"10508","weekly",6083,4415,0,1.2658186396875
"10509","weekly",6083,4416,0,1.27027188654756
"10510","weekly",6083,4417,0,1.26889198279241
"10511","weekly",6083,4418,0,1.26014922084869
"10512","weekly",6083,4419,0,1.2439466251526
"10513","weekly",6083,4420,0,1.22172239958309
"10514","weekly",6083,4421,0,1.19623200013302
"10515","weekly",6083,4422,0,1.17108767575701
"10516","weekly",6083,4423,0,1.15023895812919
"10517","weekly",6083,4424,0,1.13750592194265
"10518","weekly",6083,4425,0,1.13625109029817
"10519","weekly",6083,4426,0,1.14918497847975
"10520","weekly",6083,4427,0,1.17823696654523
"10521","weekly",6083,4428,0,1.22440021124203
"10522","weekly",6083,4429,0,1.2874791752547
"10523","weekly",6083,4430,0,1.36572682458791
"10524","weekly",6083,4431,0,1.45544879947556
"10525","weekly",6083,4432,0,1.55075510923052
"10526","weekly",6083,4433,0,1.64371082722209
"10527","weekly",6083,4434,0,1.72510620576213
"10528","weekly",6083,4435,0,1.78588020784082
"10529","weekly",6083,4436,0,1.81892172188964
"10530","weekly",6083,4437,0,1.82069235676317
"10531","weekly",6083,4438,0,1.79206531774253
"10532","weekly",6083,4439,0,1.73804616366397
"10533","weekly",6083,4440,0,1.66650324891089
"10534","weekly",6083,4441,0,1.58641546909348
"10535","weekly",6083,4442,0,1.50623657877441
"10536","weekly",6083,4443,0,1.4327832943236
"10537","weekly",6083,4444,0,1.37074903957546
"10538","weekly",6083,4445,0,1.32270721337409
"10539","weekly",6083,4446,0,1.28937707631849
"10540","weekly",6083,4447,0,1.26995891227853
"10541","weekly",6083,4448,0,1.26243728748523
"10542","weekly",6083,4449,0,1.2638445556513
"10543","weekly",6083,4450,0,1.27053795513348
"10544","weekly",6083,4451,0,1.27855767353321
"10545","weekly",6083,4452,0,1.28409763160744
"10546","weekly",6083,4453,0,1.2840488680813
"10547","weekly",6083,4454,0,1.27650100414758
"10548","weekly",6083,4455,0,1.26105497236131
"10549","weekly",6083,4456,0,1.23883890747675
"10550","weekly",6083,4457,0,1.21221652420354
"10551","weekly",6083,4458,0,1.18428223210503
"10552","weekly",6083,4459,0,1.15829376483453
"10553","weekly",6083,4460,0,1.1371789421828
"10554","weekly",6083,4461,0,1.12318962826976
"10555","weekly",6083,4462,0,1.11771484086057
"10556","weekly",6083,4463,0,1.12117767159361
"10557","weekly",6083,4464,0,1.13301917340141
"10558","weekly",6083,4465,0,1.15175174508477
"10559","weekly",6083,4466,0,1.17505682996125
"10560","weekly",6083,4467,0,1.20000695882482
"10561","weekly",6083,4468,0,1.22343822947005
"10562","weekly",6083,4469,0,1.24246208881959
"10563","weekly",6083,4470,0,1.25503404330811
"10564","weekly",6083,4471,0,1.26043809164548
"10565","weekly",6083,4472,0,1.25954162279959
"10566","weekly",6083,4473,0,1.25474268649123
"10567","weekly",6083,4474,0,1.24964094374445
"10568","weekly",6083,4475,0,1.24855582468444
"10569","weekly",6083,4476,0,1.25604170726729
"10570","weekly",6083,4477,0,1.27650397780235
"10571","weekly",6083,4478,0,1.31393468595343
"10572","weekly",6083,4479,0,1.37170609168243
"10573","weekly",6083,4480,0,1.45231491277809
"10574","weekly",6083,4481,0,1.55697226020857
"10575","weekly",6083,4482,0,1.68498961156001
"10576","weekly",6083,4483,0,1.83302353572799
"10577","weekly",6083,4484,0,1.99440076717292
"10578","weekly",6083,4485,0,2.15889902421623
"10579","weekly",6083,4486,0,2.3134014584648
"10580","weekly",6083,4487,0,2.44365477989777
"10581","weekly",6083,4488,0,2.53691998490831
"10582","weekly",6083,4489,0,2.58478498618933
"10583","weekly",6083,4490,0,2.58513978531118
"10584","weekly",6083,4491,0,2.54254800602212
"10585","weekly",6083,4492,0,2.46690994236269
"10586","weekly",6083,4493,0,2.37101249143598
"10587","weekly",6083,4494,0,2.26789384149015
"10588","weekly",6083,4495,0,2.16879704565508
"10589","weekly",6083,4496,0,2.08204736339394
"10590","weekly",6083,4497,0,2.01276641484583
"10591","weekly",6083,4498,0,1.96311686717672
"10592","weekly",6083,4499,0,1.93276493423036
"10593","weekly",6083,4500,0,1.91936483717291
"10594","weekly",6083,4501,0,1.91901139818947
"10595","weekly",6083,4502,0,1.92670978681417
"10596","weekly",6083,4503,0,1.93694472324569
"10597","weekly",6083,4504,0,1.94438986029127
"10598","weekly",6083,4505,0,1.9447020587977
"10599","weekly",6083,4506,0,1.93524380735471
"10600","weekly",6083,4507,0,1.9155330521462
"10601","weekly",6083,4508,0,1.88727329822723
"10602","weekly",6083,4509,0,1.85395097138826
"10603","weekly",6083,4510,0,1.82013120586635
"10604","weekly",6083,4511,0,1.79066062401398
"10605","weekly",6083,4512,0,1.76996552516357
"10606","weekly",6083,4513,0,1.76154535225942
"10607","weekly",6083,4514,0,1.7676636207907
"10608","weekly",6083,4515,0,1.78915885521565
"10609","weekly",6083,4516,0,1.82539965701289
"10610","weekly",6083,4517,0,1.87426831325865
"10611","weekly",6083,4518,0,1.93221119744703
"10612","weekly",6083,4519,0,1.99454454603256
"10613","weekly",6083,4520,0,2.0560127432982
"10614","weekly",6083,4521,0,2.11162216603407
"10615","weekly",6083,4522,0,2.15762989397626
"10616","weekly",6083,4523,0,2.19245280625182
"10617","weekly",6083,4524,0,2.2172347343585
"10618","weekly",6083,4525,0,2.23590588898514
"10619","weekly",6083,4526,0,2.25475084589561
"10620","weekly",6083,4527,0,2.28167009612662
"10621","weekly",6083,4528,0,2.32538445628597
"10622","weekly",6083,4529,0,2.39476813943475
"10623","weekly",6083,4530,0,2.4983524857671
"10624","weekly",6083,4531,0,2.64389227394713
"10625","weekly",6083,4532,0,2.83778770591016
"10626","weekly",6083,4533,0,3.08413972251583
"10627","weekly",6083,4534,0,3.38330779079115
"10628","weekly",6083,4535,0,3.73006153485039
"10629","weekly",6083,4536,0,4.11176660415367
"10630","weekly",6083,4537,0,4.50742580980295
"10631","weekly",6083,4538,0,4.88857768278103
"10632","weekly",6083,4539,0,5.22274079592898
"10633","weekly",6083,4540,0,5.47916193536366
"10634","weekly",6083,4541,0,5.63539758214029
"10635","weekly",6083,4542,0,5.68246389934211
"10636","weekly",6083,4543,0,5.62659256934421
"10637","weekly",6083,4544,0,5.48700967090554
"10638","weekly",6083,4545,0,5.29081198977656
"10639","weekly",6083,4546,0,5.06697293755133
"10640","weekly",6083,4547,0,4.8413611468568
"10641","weekly",6083,4548,0,4.63374821690377
"10642","weekly",6083,4549,0,4.45679623389151
"10643","weekly",6083,4550,0,4.31642901722807
"10644","weekly",6083,4551,0,4.21288746417849
"10645","weekly",6083,4552,0,4.14197686928674
"10646","weekly",6083,4553,0,4.09630253785872
"10647","weekly",6083,4554,0,4.06650491489563
"10648","weekly",6083,4555,0,4.04258046066388
"10649","weekly",6083,4556,0,4.01530969908345
"10650","weekly",6083,4557,0,3.97766527876956
"10651","weekly",6083,4558,0,3.92593610018957
"10652","weekly",6083,4559,0,3.86030270281481
"10653","weekly",6083,4560,0,3.78459007359925
"10654","weekly",6083,4561,0,3.70539603903308
"10655","weekly",6083,4562,0,3.63085212773876
"10656","weekly",6083,4563,0,3.5692307720019
"10657","weekly",6083,4564,0,3.52778926555766
"10658","weekly",6083,4565,0,3.51194860276883
"10659","weekly",6083,4566,0,3.52478640325717
"10660","weekly",6083,4567,0,3.56675041356357
"10661","weekly",6083,4568,0,3.63551738852402
"10662","weekly",6083,4569,0,3.72600521999993
"10663","weekly",6083,4570,0,3.83064300267142
"10664","weekly",6083,4571,0,3.94005352523527
"10665","weekly",6083,4572,0,4.04425242831348
"10666","weekly",6083,4573,0,4.13430238113506
"10667","weekly",6083,4574,0,4.20413232615101
"10668","weekly",6083,4575,0,4.25206141502713
"10669","weekly",6083,4576,0,4.28157965608989
"10670","weekly",6083,4577,0,4.30116644495865
"10671","weekly",6083,4578,0,4.32326933569857
"10672","weekly",6083,4579,0,4.36283427930903
"10673","weekly",6083,4580,0,4.43583715427667
"10674","weekly",6083,4581,0,4.55810821917839
"10675","weekly",6083,4582,0,4.74447102280101
"10676","weekly",6083,4583,0,5.00796575090499
"10677","weekly",6083,4584,0,5.35878388819401
"10678","weekly",6083,4585,0,5.80255184764974
"10679","weekly",6083,4586,0,6.33779808171676
"10680","weekly",6083,4587,0,6.95284878351958
"10681","weekly",6083,4588,0,7.62299066022388
"10682","weekly",6083,4589,0,8.30932578418287
"10683","weekly",6083,4590,0,8.96092788895476
"10684","weekly",6083,4591,0,9.5212450135441
"10685","weekly",6083,4592,0,9.93807724688668
"10686","weekly",6083,4593,0,10.1745025360142
"10687","weekly",6083,4594,0,10.2170180072717
"10688","weekly",6083,4595,0,10.0778624541999
"10689","weekly",6083,4596,0,9.79081467926153
"10690","weekly",6083,4597,0,9.40239027378266
"10691","weekly",6083,4598,0,8.96179100716836
"10692","weekly",6083,4599,0,8.51264072064077
"10693","weekly",6083,4600,0,8.08806501078652
"10694","weekly",6083,4601,0,7.70947060649632
"10695","weekly",6083,4602,0,7.38655417453265
"10696","weekly",6083,4603,0,7.11949173302855
"10697","weekly",6083,4604,0,6.90176366039668
"10698","weekly",6083,4605,0,6.72243539433111
"10699","weekly",6083,4606,0,6.56839237635722
"10700","weekly",6083,4607,0,6.42648635795922
"10701","weekly",6083,4608,0,6.28552227409091
"10702","weekly",6083,4609,0,6.13789366182755
"10703","weekly",6083,4610,0,5.98059401728096
"10704","weekly",6083,4611,0,5.81538348167669
"10705","weekly",6083,4612,0,5.64804885277408
"10706","weekly",6083,4613,0,5.48708308706409
"10707","weekly",6083,4614,0,5.34199859917862
"10708","weekly",6083,4615,0,5.22166014078539
"10709","weekly",6083,4616,0,5.1330380338768
"10710","weekly",6083,4617,0,5.08034583812696
"10711","weekly",6083,4618,0,5.06454150789068
"10712","weekly",6083,4619,0,5.08310314733535
"10713","weekly",6083,4620,0,5.13004202223965
"10714","weekly",6083,4621,0,5.19621181869297
"10715","weekly",6083,4622,0,5.27004786793259
"10716","weekly",6083,4623,0,5.33885721326806
"10717","weekly",6083,4624,0,5.3906434631208
"10718","weekly",6083,4625,0,5.41621696014772
"10719","weekly",6083,4626,0,5.41111705848016
"10720","weekly",6083,4627,0,5.37680336023914
"10721","weekly",6083,4628,0,5.32074451373774
"10722","weekly",6083,4629,0,5.25539518301957
"10723","weekly",6083,4630,0,5.19642427682993
"10724","weekly",6083,4631,0,5.16074736265
"10725","weekly",6083,4632,0,5.16484483785462
"10726","weekly",6083,4633,0,5.2235860300425
"10727","weekly",6083,4634,0,5.34947728700354
"10728","weekly",6083,4635,0,5.55203755971161
"10729","weekly",6083,4636,0,5.83693838925683
"10730","weekly",6083,4637,0,6.20463641348761
"10731","weekly",6083,4638,0,6.64847049422679
"10732","weekly",6083,4639,0,7.15257587900851
"10733","weekly",6083,4640,0,7.69041163037764
"10734","weekly",6083,4641,0,8.22501773553086
"10735","weekly",6083,4642,0,8.71202546544373
"10736","weekly",6083,4643,0,9.10570756185916
"10737","weekly",6083,4644,0,9.36707063499489
"10738","weekly",6083,4645,0,9.47173538908828
"10739","weekly",6083,4646,0,9.41493233953952
"10740","weekly",6083,4647,0,9.21181665512268
"10741","weekly",6083,4648,0,8.89311422363971
"10742","weekly",6083,4649,0,8.49785026957397
"10743","weekly",6083,4650,0,8.06566719932016
"10744","weekly",6083,4651,0,7.63080551085295
"10745","weekly",6083,4652,0,7.21870524148108
"10746","weekly",6083,4653,0,6.8450998692424
"10747","weekly",6083,4654,0,6.51686326225172
"10748","weekly",6083,4655,0,6.23382052031229
"10749","weekly",6083,4656,0,5.9907097297837
"10750","weekly",6083,4657,0,5.77921611719648
"10751","weekly",6083,4658,0,5.58992123015923
"10752","weekly",6083,4659,0,5.41388770649792
"10753","weekly",6083,4660,0,5.24400607764255
"10754","weekly",6083,4661,0,5.0759347404819
"10755","weekly",6083,4662,0,4.90850993045024
"10756","weekly",6083,4663,0,4.74357041984331
"10757","weekly",6083,4664,0,4.58526407394675
"10758","weekly",6083,4665,0,4.43902146437904
"10759","weekly",6083,4666,0,4.31043631321518
"10760","weekly",6083,4667,0,4.20426231704187
"10761","weekly",6083,4668,0,4.12364719374455
"10762","weekly",6083,4669,0,4.06962973723421
"10763","weekly",6083,4670,0,4.04086944161099
"10764","weekly",6083,4671,0,4.033578015893
"10765","weekly",6083,4672,0,4.04166434812942
"10766","weekly",6083,4673,0,4.05715414116275
"10767","weekly",6083,4674,0,4.07095942966407
"10768","weekly",6083,4675,0,4.07401769666467
"10769","weekly",6083,4676,0,4.05869258503662
"10770","weekly",6083,4677,0,4.02017342852196
"10771","weekly",6083,4678,0,3.95751410714001
"10772","weekly",6083,4679,0,3.87399303345592
"10773","weekly",6083,4680,0,3.77666895856964
"10774","weekly",6083,4681,0,3.67527168776724
"10775","weekly",6083,4682,0,3.58077086377307
"10776","weekly",6083,4683,0,3.5040118409961
"10777","weekly",6083,4684,0,3.45469176711049
"10778","weekly",6083,4685,0,3.44075086625526
"10779","weekly",6083,4686,0,3.46807370131137
"10780","weekly",6083,4687,0,3.5402972883021
"10781","weekly",6083,4688,0,3.65852227711002
"10782","weekly",6083,4689,0,3.82080578425666
"10783","weekly",6083,4690,0,4.02145935900626
"10784","weekly",6083,4691,0,4.25035860706703
"10785","weekly",6083,4692,0,4.49264576469432
"10786","weekly",6083,4693,0,4.72928797305212
"10787","weekly",6083,4694,0,4.93883692054078
"10788","weekly",6083,4695,0,5.10036637372104
"10789","weekly",6083,4696,0,5.19703281551483
"10790","weekly",6083,4697,0,5.21926488965983
"10791","weekly",6083,4698,0,5.16653213227983
"10792","weekly",6083,4699,0,5.04708490899066
"10793","weekly",6083,4700,0,4.87580067745876
"10794","weekly",6083,4701,0,4.67092386816512
"10795","weekly",6083,4702,0,4.45073003866128
"10796","weekly",6083,4703,0,4.23093727271771
"10797","weekly",6083,4704,0,4.02323574855109
"10798","weekly",6083,4705,0,3.83487840293674
"10799","weekly",6083,4706,0,3.66903398561408
"10800","weekly",6083,4707,0,3.52556208954775
"10801","weekly",6083,4708,0,3.40190870373044
"10802","weekly",6083,4709,0,3.29413974605268
"10803","weekly",6083,4710,0,3.19782843493158
"10804","weekly",6083,4711,0,3.10876880498836
"10805","weekly",6083,4712,0,3.02366761511075
"10806","weekly",6083,4713,0,2.94059037536499
"10807","weekly",6083,4714,0,2.85914690021309
"10808","weekly",6083,4715,0,2.78039569847169
"10809","weekly",6083,4716,0,2.70650243689306
"10810","weekly",6083,4717,0,2.64023857528809
"10811","weekly",6083,4718,0,2.58442816036404
"10812","weekly",6083,4719,0,2.54143643501448
"10813","weekly",6083,4720,0,2.51275586610427
"10814","weekly",6083,4721,0,2.49870621057926
"10815","weekly",6083,4722,0,2.49824484621058
"10816","weekly",6083,4723,0,2.50888887263136
"10817","weekly",6083,4724,0,2.52677412287449
"10818","weekly",6083,4725,0,2.5468996053678
"10819","weekly",6083,4726,0,2.56360554287676
"10820","weekly",6083,4727,0,2.57129098204314
"10821","weekly",6083,4728,0,2.56529367578332
"10822","weekly",6083,4729,0,2.54276002605911
"10823","weekly",6083,4730,0,2.50327825808199
"10824","weekly",6083,4731,0,2.449080030201
"10825","weekly",6083,4732,0,2.38473903157865
"10826","weekly",6083,4733,0,2.31645869644126
"10827","weekly",6083,4734,0,2.25116497921408
"10828","weekly",6083,4735,0,2.19564656121656
"10829","weekly",6083,4736,0,2.15591334851342
"10830","weekly",6083,4737,0,2.13682343449909
"10831","weekly",6083,4738,0,2.14191930225934
"10832","weekly",6083,4739,0,2.17335441667819
"10833","weekly",6083,4740,0,2.23178949829889
"10834","weekly",6083,4741,0,2.3161830852041
"10835","weekly",6083,4742,0,2.42347870930098
"10836","weekly",6083,4743,0,2.54828590370016
"10837","weekly",6083,4744,0,2.68274104830925
"10838","weekly",6083,4745,0,2.81677733303513
"10839","weekly",6083,4746,0,2.93898237805115
"10840","weekly",6083,4747,0,3.03805091790855
"10841","weekly",6083,4748,0,3.10458579819533
"10842","weekly",6083,4749,0,3.1327771890501
"10843","weekly",6083,4750,0,3.12143638837733
"10844","weekly",6083,4751,0,3.07404315288295
"10845","weekly",6083,4752,0,2.99783840563032
"10846","weekly",6083,4753,0,2.90218801802257
"10847","weekly",6083,4754,0,2.79685992520535
"10848","weekly",6083,4755,0,2.69063922404894
"10849","weekly",6083,4756,0,2.5903790720331
"10850","weekly",6083,4757,0,2.50062190330937
"10851","weekly",6083,4758,0,2.42364483172423
"10852","weekly",6083,4759,0,2.3597695712233
"10853","weekly",6083,4760,0,2.3078046052542
"10854","weekly",6083,4761,0,2.26554012624547
"10855","weekly",6083,4762,0,2.23025622477871
"10856","weekly",6083,4763,0,2.19921975678881
"10857","weekly",6083,4764,0,2.17013797254185
"10858","weekly",6083,4765,0,2.14152123226086
"10859","weekly",6083,4766,0,2.11290135921445
"10860","weekly",6083,4767,0,2.08486788565642
"10861","weekly",6083,4768,0,2.05891965294722
"10862","weekly",6083,4769,0,2.03716927775531
"10863","weekly",6083,4770,0,2.02196459122933
"10864","weekly",6083,4771,0,2.01549382918165
"10865","weekly",6083,4772,0,2.01942327761208
"10866","weekly",6083,4773,0,2.0345910078031
"10867","weekly",6083,4774,0,2.06076393439434
"10868","weekly",6083,4775,0,2.09646718404838
"10869","weekly",6083,4776,0,2.13891377003165
"10870","weekly",6083,4777,0,2.18408717258717
"10871","weekly",6083,4778,0,2.22703996527707
"10872","weekly",6083,4779,0,2.26244743631105
"10873","weekly",6083,4780,0,2.28538683798979
"10874","weekly",6083,4781,0,2.29221587182838
"10875","weekly",6083,4782,0,2.28134181498899
"10876","weekly",6083,4783,0,2.25365871557733
"10877","weekly",6083,4784,0,2.21251187921735
"10878","weekly",6083,4785,0,2.16320029777125
"10879","weekly",6083,4786,0,2.11217705780291
"10880","weekly",6083,4787,0,2.06618224343401
"10881","weekly",6083,4788,0,2.03151478030486
"10882","weekly",6083,4789,0,2.01354822688154
"10883","weekly",6083,4790,0,2.01647915149806
"10884","weekly",6083,4791,0,2.0432148486434
"10885","weekly",6083,4792,0,2.0952802967804
"10886","weekly",6083,4793,0,2.17264876232366
"10887","weekly",6083,4794,0,2.27346319486969
"10888","weekly",6083,4795,0,2.39370263062301
"10889","weekly",6083,4796,0,2.52694097161293
"10890","weekly",6083,4797,0,2.66441269975621
"10891","weekly",6083,4798,0,2.79559459869051
"10892","weekly",6083,4799,0,2.90939409611747
"10893","weekly",6083,4800,0,2.9958099766809
"10894","weekly",6083,4801,0,3.04768316890113
"10895","weekly",6083,4802,0,3.06202084888355
"10896","weekly",6083,4803,0,3.04046198428841
"10897","weekly",6083,4804,0,2.98874246201012
"10898","weekly",6083,4805,0,2.91535294739879
"10899","weekly",6083,4806,0,2.82990212060395
"10900","weekly",6083,4807,0,2.74156570044579
"10901","weekly",6083,4808,0,2.6579347527877
"10902","weekly",6083,4809,0,2.58444065836375
"10903","weekly",6083,4810,0,2.52421791516826
"10904","weekly",6083,4811,0,2.47827507948386
"10905","weekly",6083,4812,0,2.44583969848463
"10906","weekly",6083,4813,0,2.42479074798757
"10907","weekly",6083,4814,0,2.41214181782561
"10908","weekly",6083,4815,0,2.40456294431351
"10909","weekly",6083,4816,0,2.39892057995894
"10910","weekly",6083,4817,0,2.39278695904068
"10911","weekly",6083,4818,0,2.38484338764101
"10912","weekly",6083,4819,0,2.37509888643399
"10913","weekly",6083,4820,0,2.36487580905668
"10914","weekly",6083,4821,0,2.3565676510043
"10915","weekly",6083,4822,0,2.35322675204952
"10916","weekly",6083,4823,0,2.35806707374286
"10917","weekly",6083,4824,0,2.37396104709478
"10918","weekly",6083,4825,0,2.40298016255838
"10919","weekly",6083,4826,0,2.44599818877759
"10920","weekly",6083,4827,0,2.50236380987917
"10921","weekly",6083,4828,0,2.56966502973228
"10922","weekly",6083,4829,0,2.64364452639711
"10923","weekly",6083,4830,0,2.71836162303225
"10924","weekly",6083,4831,0,2.78670058015268
"10925","weekly",6083,4832,0,2.84126687911339
"10926","weekly",6083,4833,0,2.87558779132087
"10927","weekly",6083,4834,0,2.88537989126053
"10928","weekly",6083,4835,0,2.8695438382565
"10929","weekly",6083,4836,0,2.83057398203528
"10930","weekly",6083,4837,0,2.77424393690308
"10931","weekly",6083,4838,0,2.70867604159866
"10932","weekly",6083,4839,0,2.64309812680585
"10933","weekly",6083,4840,0,2.58664165018126
"10934","weekly",6083,4841,0,2.54743621087982
"10935","weekly",6083,4842,0,2.53208003731561
"10936","weekly",6083,4843,0,2.54540628264658
"10937","weekly",6083,4844,0,2.59037867301959
"10938","weekly",6083,4845,0,2.66794822650263
"10939","weekly",6083,4846,0,2.7767688089225
"10940","weekly",6083,4847,0,2.91278118352056
"10941","weekly",6083,4848,0,3.0688346719835
"10942","weekly",6083,4849,0,3.23451858945191
"10943","weekly",6083,4850,0,3.39663471156382
"10944","weekly",6083,4851,0,3.54054708630429
"10945","weekly",6083,4852,0,3.652239968098
"10946","weekly",6083,4853,0,3.72077095255372
"10947","weekly",6083,4854,0,3.74039623065619
"10948","weekly",6083,4855,0,3.71165983786341
"10949","weekly",6083,4856,0,3.64107078275993
"10950","weekly",6083,4857,0,3.53951185842743
"10951","weekly",6083,4858,0,3.41995406721253
"10952","weekly",6083,4859,0,3.29518330952851
"10953","weekly",6083,4860,0,3.17607299890369
"10954","weekly",6083,4861,0,3.07061472267378
"10955","weekly",6083,4862,0,2.98363481470733
"10956","weekly",6083,4863,0,2.91698080755305
"10957","weekly",6083,4864,0,2.86995782968006
"10958","weekly",6083,4865,0,2.8398713808856
"10959","weekly",6083,4866,0,2.82262228388572
"10960","weekly",6083,4867,0,2.8133555111126
"10961","weekly",6083,4868,0,2.80716822552495
"10962","weekly",6083,4869,0,2.79984093780513
"10963","weekly",6083,4870,0,2.78849781304598
"10964","weekly",6083,4871,0,2.77206700880197
"10965","weekly",6083,4872,0,2.75142952927854
"10966","weekly",6083,4873,0,2.72921658007544
"10967","weekly",6083,4874,0,2.70930898614461
"10968","weekly",6083,4875,0,2.69616189369117
"10969","weekly",6083,4876,0,2.69409302348504
"10970","weekly",6083,4877,0,2.70663565283758
"10971","weekly",6083,4878,0,2.7359984870418
"10972","weekly",6083,4879,0,2.78263079648605
"10973","weekly",6083,4880,0,2.84488713636529
"10974","weekly",6083,4881,0,2.91882420002366
"10975","weekly",6083,4882,0,2.99822282433161
"10976","weekly",6083,4883,0,3.0749718924053
"10977","weekly",6083,4884,0,3.13993037748151
"10978","weekly",6083,4885,0,3.18426656269003
"10979","weekly",6083,4886,0,3.20107564004138
"10980","weekly",6083,4887,0,3.18688235516311
"10981","weekly",6083,4888,0,3.14256696263328
"10982","weekly",6083,4889,0,3.07339157449314
"10983","weekly",6083,4890,0,2.98811193442089
"10984","weekly",6083,4891,0,2.89748296304606
"10985","weekly",6083,4892,0,2.81263540286454
"10986","weekly",6083,4893,0,2.7437461091904
"10987","weekly",6083,4894,0,2.699210297229
"10988","weekly",6083,4895,0,2.68528268349473
"10989","weekly",6083,4896,0,2.70599326034426
"10990","weekly",6083,4897,0,2.76309969933936
"10991","weekly",6083,4898,0,2.85589510330465
"10992","weekly",6083,4899,0,2.98081389328581
"10993","weekly",6083,4900,0,3.13094125009957
"10994","weekly",6083,4901,0,3.29565838485723
"10995","weekly",6083,4902,0,3.46096419572132
"10996","weekly",6083,4903,0,3.61064405270736
"10997","weekly",6083,4904,0,3.72835739390575
"10998","weekly",6083,4905,0,3.80050750047667
"10999","weekly",6083,4906,0,3.81896725500701
"11000","weekly",6083,4907,0,3.78277413223987
"11001","weekly",6083,4908,0,3.69816820899723
"11002","weekly",6083,4909,0,3.57697639908292
"11003","weekly",6083,4910,0,3.43396222428419
"11004","weekly",6083,4911,0,3.28403427446028
"11005","weekly",6083,4912,0,3.14005428101518
"11006","weekly",6083,4913,0,3.011582070234
"11007","weekly",6083,4914,0,2.90449931207695
"11008","weekly",6083,4915,0,2.82123403906007
"11009","weekly",6083,4916,0,2.76128338143462
"11010","weekly",6083,4917,0,2.72182897504536
"11011","weekly",6083,4918,0,2.69836665631738
"11012","weekly",6083,4919,0,2.68536402602331
"11013","weekly",6083,4920,0,2.67698571583605
"11014","weekly",6083,4921,0,2.66788686142536
"11015","weekly",6083,4922,0,2.65399752752273
"11016","weekly",6083,4923,0,2.63315196637996
"11017","weekly",6083,4924,0,2.60540465149097
"11018","weekly",6083,4925,0,2.57293995056534
"11019","weekly",6083,4926,0,2.53959815992857
"11020","weekly",6083,4927,0,2.5101485333289
"11021","weekly",6083,4928,0,2.48948638272122
"11022","weekly",6083,4929,0,2.48190226161387
"11023","weekly",6083,4930,0,2.4904960259737
"11024","weekly",6083,4931,0,2.51673574995948
"11025","weekly",6083,4932,0,2.56012946527335
"11026","weekly",6083,4933,0,2.61799928706023
"11027","weekly",6083,4934,0,2.68540909662261
"11028","weekly",6083,4935,0,2.75536367349559
"11029","weekly",6083,4936,0,2.81942021462601
"11030","weekly",6083,4937,0,2.86878646104014
"11031","weekly",6083,4938,0,2.89581123137032
"11032","weekly",6083,4939,0,2.89555764893885
"11033","weekly",6083,4940,0,2.86700499677681
"11034","weekly",6083,4941,0,2.81346926424885
"11035","weekly",6083,4942,0,2.74208588153124
"11036","weekly",6083,4943,0,2.66254327970091
"11037","weekly",6083,4944,0,2.58550566449412
"11038","weekly",6083,4945,0,2.5212091433059
"11039","weekly",6083,4946,0,2.47846125354408
"11040","weekly",6083,4947,0,2.46417231496889
"11041","weekly",6083,4948,0,2.48325387827936
"11042","weekly",6083,4949,0,2.53855952844606
"11043","weekly",6083,4950,0,2.63071405852679
"11044","weekly",6083,4951,0,2.75769830303034
"11045","weekly",6083,4952,0,2.91423410925199
"11046","weekly",6083,4953,0,3.09120335659827
"11047","weekly",6083,4954,0,3.27550337754656
"11048","weekly",6083,4955,0,3.45079240875202
"11049","weekly",6083,4956,0,3.59940116235521
"11050","weekly",6083,4957,0,3.70524862760794
"11051","weekly",6083,4958,0,3.75705169697176
"11052","weekly",6083,4959,0,3.75077459414024
"11053","weekly",6083,4960,0,3.69040808439604
"11054","weekly",6083,4961,0,3.58679787948495
"11055","weekly",6083,4962,0,3.45501524145948
"11056","weekly",6083,4963,0,3.31124066974735
"11057","weekly",6083,4964,0,3.17010104170186
"11058","weekly",6083,4965,0,3.04298911881051
"11059","weekly",6083,4966,0,2.9374070087797
"11060","weekly",6083,4967,0,2.8570591598691
"11061","weekly",6083,4968,0,2.80233571180725
"11062","weekly",6083,4969,0,2.7709189724701
"11063","weekly",6083,4970,0,2.7583976642054
"11064","weekly",6083,4971,0,2.75889945033123
"11065","weekly",6083,4972,0,2.76580994200776
"11066","weekly",6083,4973,0,2.77262078656349
"11067","weekly",6083,4974,0,2.77385941232205
"11068","weekly",6083,4975,0,2.76594741054578
"11069","weekly",6083,4976,0,2.74777801104938
"11070","weekly",6083,4977,0,2.72084196002106
"11071","weekly",6083,4978,0,2.68885837803828
"11072","weekly",6083,4979,0,2.65701977015124
"11073","weekly",6083,4980,0,2.63105888236896
"11074","weekly",6083,4981,0,2.61634690093342
"11075","weekly",6083,4982,0,2.61715491357609
"11076","weekly",6083,4983,0,2.63611052485066
"11077","weekly",6083,4984,0,2.67381554888561
"11078","weekly",6083,4985,0,2.72858692641603
"11079","weekly",6083,4986,0,2.79633573649335
"11080","weekly",6083,4987,0,2.87067594801192
"11081","weekly",6083,4988,0,2.94340541370912
"11082","weekly",6083,4989,0,3.0054729829717
"11083","weekly",6083,4990,0,3.04840782031533
"11084","weekly",6083,4991,0,3.06597056315513
"11085","weekly",6083,4992,0,3.05559528950835
"11086","weekly",6083,4993,0,3.01915946908412
"11087","weekly",6083,4994,0,2.96281143106171
"11088","weekly",6083,4995,0,2.89592660870403
"11089","weekly",6083,4996,0,2.82957245965372
"11090","weekly",6083,4997,0,2.77497387147741
"11091","weekly",6083,4998,0,2.74233088560868
"11092","weekly",6083,4999,0,2.74020128330449
"11093","weekly",6083,5000,0,2.77522754133679
"11094","weekly",6083,5001,0,2.85196203456144
"11095","weekly",6083,5002,0,2.972636075021
"11096","weekly",6083,5003,0,3.13661473550019
"11097","weekly",6083,5004,0,3.33955153974239
"11098","weekly",6083,5005,0,3.57245983928442
"11099","weekly",6083,5006,0,3.82115423915093
"11100","weekly",6083,5007,0,4.0666569750465
"11101","weekly",6083,5008,0,4.28705551565508
"11102","weekly",6083,5009,0,4.46083836385515
"11103","weekly",6083,5010,0,4.57103049330181
"11104","weekly",6083,5011,0,4.60885740225785
"11105","weekly",6083,5012,0,4.57561369027826
"11106","weekly",6083,5013,0,4.48204597653239
"11107","weekly",6083,5014,0,4.34556229546433
"11108","weekly",6083,5015,0,4.1863707578741
"11109","weekly",6083,5016,0,4.02382537315134
"11110","weekly",6083,5017,0,3.8738510516996
"11111","weekly",6083,5018,0,3.74768945763935
"11112","weekly",6083,5019,0,3.65171372666373
"11113","weekly",6083,5020,0,3.58786855131621
"11114","weekly",6083,5021,0,3.55435259343358
"11115","weekly",6083,5022,0,3.5463404644106
"11116","weekly",6083,5023,0,3.55672491004225
"11117","weekly",6083,5024,0,3.57696647464763
"11118","weekly",6083,5025,0,3.59813642603694
"11119","weekly",6083,5026,0,3.61213852922083
"11120","weekly",6083,5027,0,3.61294621316483
"11121","weekly",6083,5028,0,3.59757760263165
"11122","weekly",6083,5029,0,3.56653129673214
"11123","weekly",6083,5030,0,3.52354244777234
"11124","weekly",6083,5031,0,3.4747304036282
"11125","weekly",6083,5032,0,3.42738636361901
"11126","weekly",6083,5033,0,3.38870761316502
"11127","weekly",6083,5034,0,3.36471670115134
"11128","weekly",6083,5035,0,3.35947192605818
"11129","weekly",6083,5036,0,3.37456120850402
"11130","weekly",6083,5037,0,3.40882713402971
"11131","weekly",6083,5038,0,3.45830204171943
"11132","weekly",6083,5039,0,3.51640506036347
"11133","weekly",6083,5040,0,3.57451247234712
"11134","weekly",6083,5041,0,3.62300038896501
"11135","weekly",6083,5042,0,3.65276990280836
"11136","weekly",6083,5043,0,3.65691239546868
"11137","weekly",6083,5044,0,3.6322533073544
"11138","weekly",6083,5045,0,3.58030831150245
"11139","weekly",6083,5046,0,3.50719515583478
"11140","weekly",6083,5047,0,3.42264805609011
"11141","weekly",6083,5048,0,3.33845115476288
"11142","weekly",6083,5049,0,3.26678789130528
"11143","weekly",6083,5050,0,3.21892035347992
"11144","weekly",6083,5051,0,3.20437577445409
"11145","weekly",6083,5052,0,3.23056521773105
"11146","weekly",6083,5053,0,3.30259804369416
"11147","weekly",6083,5054,0,3.42301973880967
"11148","weekly",6083,5055,0,3.59127617115155
"11149","weekly",6083,5056,0,3.80287004771526
"11150","weekly",6083,5057,0,4.04840291541768
"11151","weekly",6083,5058,0,4.31294390140101
"11152","weekly",6083,5059,0,4.57633260448347
"11153","weekly",6083,5060,0,4.81495359796099
"11154","weekly",6083,5061,0,5.00509619782679
"11155","weekly",6083,5062,0,5.12730408049538
"11156","weekly",6083,5063,0,5.17045628657797
"11157","weekly",6083,5064,0,5.1341505444143
"11158","weekly",6083,5065,0,5.02850479577319
"11159","weekly",6083,5066,0,4.87151058172458
"11160","weekly",6083,5067,0,4.68498545826878
"11161","weekly",6083,5068,0,4.49049673316767
"11162","weekly",6083,5069,0,4.30630555714015
"11163","weekly",6083,5070,0,4.14573107831529
"11164","weekly",6083,5071,0,4.01675953800441
"11165","weekly",6083,5072,0,3.92244338284945
"11166","weekly",6083,5073,0,3.86164526821813
"11167","weekly",6083,5074,0,3.82985370515962
"11168","weekly",6083,5075,0,3.81999586286838
"11169","weekly",6083,5076,0,3.82330893722246
"11170","weekly",6083,5077,0,3.83036346777226
"11171","weekly",6083,5078,0,3.83225957694231
"11172","weekly",6083,5079,0,3.82187960651936
"11173","weekly",6083,5080,0,3.79495260017575
"11174","weekly",6083,5081,0,3.75064963428304
"11175","weekly",6083,5082,0,3.69152515448513
"11176","weekly",6083,5083,0,3.62281287892256
"11177","weekly",6083,5084,0,3.551278997591
"11178","weekly",6083,5085,0,3.48393509417656
"11179","weekly",6083,5086,0,3.42688538189395
"11180","weekly",6083,5087,0,3.38446845463477
"11181","weekly",6083,5088,0,3.35872924458818
"11182","weekly",6083,5089,0,3.34918334640679
"11183","weekly",6083,5090,0,3.35283167962916
"11184","weekly",6083,5091,0,3.36442637449363
"11185","weekly",6083,5092,0,3.37703342500026
"11186","weekly",6083,5093,0,3.38293627445819
"11187","weekly",6083,5094,0,3.37481016895617
"11188","weekly",6083,5095,0,3.34715373825748
"11189","weekly",6083,5096,0,3.29748743170057
"11190","weekly",6083,5097,0,3.22697523140232
"11191","weekly",6083,5098,0,3.14043211471289
"11192","weekly",6083,5099,0,3.04557265053154
"11193","weekly",6083,5100,0,2.95178574926103
"11194","weekly",6083,5101,0,2.86881024870672
"11195","weekly",6083,5102,0,2.80564231768949
"11196","weekly",6083,5103,0,2.76983699772973
"11197","weekly",6083,5104,0,2.76717198974802
"11198","weekly",6083,5105,0,2.80150699056685
"11199","weekly",6083,5106,0,2.874631051498
"11200","weekly",6083,5107,0,2.98593704821542
"11201","weekly",6083,5108,0,3.13187642386765
"11202","weekly",6083,5109,0,3.30530934425769
"11203","weekly",6083,5110,0,3.49504455231363
"11204","weekly",6083,5111,0,3.68599390055169
"11205","weekly",6083,5112,0,3.86034532272606
"11206","weekly",6083,5113,0,3.99989466238185
"11207","weekly",6083,5114,0,4.0891931890219
"11208","weekly",6083,5115,0,4.11866648489377
"11209","weekly",6083,5116,0,4.0866552243242
"11210","weekly",6083,5117,0,3.9996248499956
"11211","weekly",6083,5118,0,3.87048651161604
"11212","weekly",6083,5119,0,3.71568549567019
"11213","weekly",6083,5120,0,3.55205951933749
"11214","weekly",6083,5121,0,3.39432760557975
"11215","weekly",6083,5122,0,3.25361105593038
"11216","weekly",6083,5123,0,3.13696089849691
"11217","weekly",6083,5124,0,3.0476285815821
"11218","weekly",6083,5125,0,2.98559394542826
"11219","weekly",6083,5126,0,2.94817466012319
"11220","weekly",6083,5127,0,2.93065518254298
"11221","weekly",6083,5128,0,2.92690969989053
"11222","weekly",6083,5129,0,2.93009133977466
"11223","weekly",6083,5130,0,2.93343238820671
"11224","weekly",6083,5131,0,2.93111712735845
"11225","weekly",6083,5132,0,2.91909228140139
"11226","weekly",6083,5133,0,2.89562570650014
"11227","weekly",6083,5134,0,2.86145283840597
"11228","weekly",6083,5135,0,2.81945941210142
"11229","weekly",6083,5136,0,2.77398686419474
"11230","weekly",6083,5137,0,2.72994524493697
"11231","weekly",6083,5138,0,2.69196135149105
"11232","weekly",6083,5139,0,2.66360629443079
"11233","weekly",6083,5140,0,2.64689902291866
"11234","weekly",6083,5141,0,2.64207873670966
"11235","weekly",6083,5142,0,2.64749821144505
"11236","weekly",6083,5143,0,2.65974117544829
"11237","weekly",6083,5144,0,2.67396458509029
"11238","weekly",6083,5145,0,2.68450125810341
"11239","weekly",6083,5146,0,2.68571681473986
"11240","weekly",6083,5147,0,2.67302386098891
"11241","weekly",6083,5148,0,2.64385208091699
"11242","weekly",6083,5149,0,2.59831854008371
"11243","weekly",6083,5150,0,2.53939146106131
"11244","weekly",6083,5151,0,2.47249264665879
"11245","weekly",6083,5152,0,2.4046713335847
"11246","weekly",6083,5153,0,2.34360983179067
"11247","weekly",6083,5154,0,2.29672842580476
"11248","weekly",6083,5155,0,2.27055488934275
"11249","weekly",6083,5156,0,2.27037753173499
"11250","weekly",6083,5157,0,2.30007990522427
"11251","weekly",6083,5158,0,2.36199904439854
"11252","weekly",6083,5159,0,2.4566624701547
"11253","weekly",6083,5160,0,2.58233169215964
"11254","weekly",6083,5161,0,2.73439995423541
"11255","weekly",6083,5162,0,2.90484224440297
"11256","weekly",6083,5163,0,3.08205370072392
"11257","weekly",6083,5164,0,3.25145814166171
"11258","weekly",6083,5165,0,3.39712837591651
"11259","weekly",6083,5166,0,3.50430326472269
"11260","weekly",6083,5167,0,3.56222626476665
"11261","weekly",6083,5168,0,3.5664178058214
"11262","weekly",6083,5169,0,3.51957056522951
"11263","weekly",6083,5170,0,3.43074946870911
"11264","weekly",6083,5171,0,3.31323412057827
"11265","weekly",6083,5172,0,3.18179596893606
"11266","weekly",6083,5173,0,3.05024443278671
"11267","weekly",6083,5174,0,2.92976962478133
"11268","weekly",6083,5175,0,2.82819288875908
"11269","weekly",6083,5176,0,2.74993086731411
"11270","weekly",6083,5177,0,2.69636469017132
"11271","weekly",6083,5178,0,2.6663556083513
"11272","weekly",6083,5179,0,2.65676841625827
"11273","weekly",6083,5180,0,2.6629805250559
"11274","weekly",6083,5181,0,2.67942580301315
"11275","weekly",6083,5182,0,2.70022911837441
"11276","weekly",6083,5183,0,2.71993613775703
"11277","weekly",6083,5184,0,2.73426057590405
"11278","weekly",6083,5185,0,2.74070201287395
"11279","weekly",6083,5186,0,2.73887510105851
"11280","weekly",6083,5187,0,2.73045204379014
"11281","weekly",6083,5188,0,2.71872941477341
"11282","weekly",6083,5189,0,2.70793378091184
"11283","weekly",6083,5190,0,2.70243017224129
"11284","weekly",6083,5191,0,2.70595918718027
"11285","weekly",6083,5192,0,2.72107561779558
"11286","weekly",6083,5193,0,2.74871582671767
"11287","weekly",6083,5194,0,2.78789599525044
"11288","weekly",6083,5195,0,2.83566119716852
"11289","weekly",6083,5196,0,2.88725064668688
"11290","weekly",6083,5197,0,2.93656705380999
"11291","weekly",6083,5198,0,2.97698934847722
"11292","weekly",6083,5199,0,3.00247627633507
"11293","weekly",6083,5200,0,3.0087761633331
"11294","weekly",6083,5201,0,2.99445051825023
"11295","weekly",6083,5202,0,2.9614129018446
"11296","weekly",6083,5203,0,2.914813644893
"11297","weekly",6083,5204,0,2.862318686035
"11298","weekly",6083,5205,0,2.81302863202291
"11299","weekly",6083,5206,0,2.77636254779645
"11300","weekly",6083,5207,0,2.76116376454593
"11301","weekly",6083,5208,0,2.77512589970138
"11302","weekly",6083,5209,0,2.82447240455076
"11303","weekly",6083,5210,0,2.91371715045534
"11304","weekly",6083,5211,0,3.04531081303139
"11305","weekly",6083,5212,0,3.21903549126
"11306","weekly",6083,5213,0,3.43113985637319
"11307","weekly",6083,5214,0,3.67339740562602
"11308","weekly",6083,5215,0,3.93248329794733
"11309","weekly",6083,5216,0,4.19020919789909
"11310","weekly",6083,5217,0,4.42509310558671
"11311","weekly",6083,5218,0,4.61536853312282
"11312","weekly",6083,5219,0,4.74291317517054
"11313","weekly",6083,5220,0,4.79698738618754
"11314","weekly",6083,5221,0,4.77650547050871
"11315","weekly",6083,5222,0,4.69002004605136
"11316","weekly",6083,5223,0,4.5534855023725
"11317","weekly",6083,5224,0,4.38668785523623
"11318","weekly",6083,5225,0,4.20955407744623
"11319","weekly",6083,5226,0,4.03930778571521
"11320","weekly",6083,5227,0,3.88888160075294
"11321","weekly",6083,5228,0,3.76647465184215
"11322","weekly",6083,5229,0,3.67587235427345
"11323","weekly",6083,5230,0,3.6171230696491
"11324","weekly",6083,5231,0,3.5872983354202
"11325","weekly",6083,5232,0,3.58123339505983
"11326","weekly",6083,5233,0,3.59226901290822
"11327","weekly",6083,5234,0,3.61306101930677
"11328","weekly",6083,5235,0,3.63651002154802
"11329","weekly",6083,5236,0,3.65666820137994
"11330","weekly",6083,5237,0,3.6695796539716
"11331","weekly",6083,5238,0,3.67386206219089
"11332","weekly",6083,5239,0,3.6707737276738
"11333","weekly",6083,5240,0,3.66382122546202
"11334","weekly",6083,5241,0,3.65798561507836
"11335","weekly",6083,5242,0,3.65875107527245
"11336","weekly",6083,5243,0,3.67112555084168
"11337","weekly",6083,5244,0,3.69878709627665
"11338","weekly",6083,5245,0,3.74341844770242
"11339","weekly",6083,5246,0,3.80425028843456
"11340","weekly",6083,5247,0,3.87783946777927
"11341","weekly",6083,5248,0,3.95814855970093
"11342","weekly",6083,5249,0,4.03702832930139
"11343","weekly",6083,5250,0,4.10518595876056
"11344","weekly",6083,5251,0,4.15361630704137
"11345","weekly",6083,5252,0,4.17529455991462
"11346","weekly",6083,5253,0,4.16675168575603
"11347","weekly",6083,5254,0,4.12908972369041
"11348","weekly",6083,5255,0,4.0681174316851
"11349","weekly",6083,5256,0,3.99356954338145
"11350","weekly",6083,5257,0,3.91768067784142
"11351","weekly",6083,5258,0,3.8535609334067
"11352","weekly",6083,5259,0,3.81378868140746
"11353","weekly",6083,5260,0,3.80944169938448
"11354","weekly",6083,5261,0,3.84954702493269
"11355","weekly",6083,5262,0,3.94074985952466
"11356","weekly",6083,5263,0,4.08693385741208
"11357","weekly",6083,5264,0,4.28857212956063
"11358","weekly",6083,5265,0,4.54173580254428
"11359","weekly",6083,5266,0,4.83691808674484
"11360","weekly",6083,5267,0,5.15810839025653
"11361","weekly",6083,5268,0,5.48277654781123
"11362","weekly",6083,5269,0,5.78343769026105
"11363","weekly",6083,5270,0,6.03110448710504
"11364","weekly",6083,5271,0,6.20019591849996
"11365","weekly",6083,5272,0,6.27364642554312
"11366","weekly",6083,5273,0,6.24653956701513
"11367","weekly",6083,5274,0,6.126948724268
"11368","weekly",6083,5275,0,5.93371310824296
"11369","weekly",6083,5276,0,5.69204800418811
"11370","weekly",6083,5277,0,5.42854522535345
"11371","weekly",6083,5278,0,5.16700239898637
"11372","weekly",6083,5279,0,4.9258591888065
"11373","weekly",6083,5280,0,4.71727540891152
"11374","weekly",6083,5281,0,4.54740890214453
"11375","weekly",6083,5282,0,4.41732849110849
"11376","weekly",6083,5283,0,4.32412368821679
"11377","weekly",6083,5284,0,4.26198819078854
"11378","weekly",6083,5285,0,4.22323746289476
"11379","weekly",6083,5286,0,4.19931337839807
"11380","weekly",6083,5287,0,4.18182273238199
"11381","weekly",6083,5288,0,4.16352772971732
"11382","weekly",6083,5289,0,4.13936213051784
"11383","weekly",6083,5290,0,4.10704053079826
"11384","weekly",6083,5291,0,4.06710181827657
"11385","weekly",6083,5292,0,4.02258791890927
"11386","weekly",6083,5293,0,3.97825090264087
"11387","weekly",6083,5294,0,3.93952654403984
"11388","weekly",6083,5295,0,3.91148520089337
"11389","weekly",6083,5296,0,3.89792077019229
"11390","weekly",6083,5297,0,3.90066033240873
"11391","weekly",6083,5298,0,3.91911918917322
"11392","weekly",6083,5299,0,3.950114039646
"11393","weekly",6083,5300,0,3.98797401835327
"11394","weekly",6083,5301,0,4.02502111354261
"11395","weekly",6083,5302,0,4.05248249339638
"11396","weekly",6083,5303,0,4.06181382303475
"11397","weekly",6083,5304,0,4.0462603479973
"11398","weekly",6083,5305,0,4.00232225697255
"11399","weekly",6083,5306,0,3.93072048402973
"11400","weekly",6083,5307,0,3.83655441048904
"11401","weekly",6083,5308,0,3.72859197802609
"11402","weekly",6083,5309,0,3.61792319678352
"11403","weekly",6083,5310,0,3.51639281294774
"11404","weekly",6083,5311,0,3.43522264927742
"11405","weekly",6083,5312,0,3.3840661077702
"11406","weekly",6083,5313,0,3.37051115432405
"11407","weekly",6083,5314,0,3.39986953994958
"11408","weekly",6083,5315,0,3.47501362790354
"11409","weekly",6083,5316,0,3.59605053803534
"11410","weekly",6083,5317,0,3.75973602093291
"11411","weekly",6083,5318,0,3.95870605524397
"11412","weekly",6083,5319,0,4.18081411119783
"11413","weekly",6083,5320,0,4.4090442492452
"11414","weekly",6083,5321,0,4.62251390647725
"11415","weekly",6083,5322,0,4.79886352535686
"11416","weekly",6083,5323,0,4.91782365783001
"11417","weekly",6083,5324,0,4.96512276737485
"11418","weekly",6083,5325,0,4.93549962693942
"11419","weekly",6083,5326,0,4.83373188172118
"11420","weekly",6083,5327,0,4.67330217253766
"11421","weekly",6083,5328,0,4.47323139730725
"11422","weekly",6083,5329,0,4.25421451969305
"11423","weekly",6083,5330,0,4.03522097290261
"11424","weekly",6083,5331,0,3.83131728461012
"11425","weekly",6083,5332,0,3.65265775832813
"11426","weekly",6083,5333,0,3.50459462282015
"11427","weekly",6083,5334,0,3.38843475922477
"11428","weekly",6083,5335,0,3.30225661990698
"11429","weekly",6083,5336,0,3.24176570211421
"11430","weekly",6083,5337,0,3.20108447244274
"11431","weekly",6083,5338,0,3.17351244320162
"11432","weekly",6083,5339,0,3.15230453282129
"11433","weekly",6083,5340,0,3.13146548095392
"11434","weekly",6083,5341,0,3.10648108070018
"11435","weekly",6083,5342,0,3.07485043615452
"11436","weekly",6083,5343,0,3.03628617324284
"11437","weekly",6083,5344,0,2.9925195784017
"11438","weekly",6083,5345,0,2.94675414101221
"11439","weekly",6083,5346,0,2.90290170820663
"11440","weekly",6083,5347,0,2.86476999367005
"11441","weekly",6083,5348,0,2.83534357461031
"11442","weekly",6083,5349,0,2.81624093579012
"11443","weekly",6083,5350,0,2.80737620237051
"11444","weekly",6083,5351,0,2.80683112854604
"11445","weekly",6083,5352,0,2.81095119263045
"11446","weekly",6083,5353,0,2.81469788678805
"11447","weekly",6083,5354,0,2.81228591196123
"11448","weekly",6083,5355,0,2.79808422317728
"11449","weekly",6083,5356,0,2.7676645614556
"11450","weekly",6083,5357,0,2.71877800420043
"11451","weekly",6083,5358,0,2.65199306324939
"11452","weekly",6083,5359,0,2.5707899138506
"11453","weekly",6083,5360,0,2.48107004025951
"11454","weekly",6083,5361,0,2.39023647390422
"11455","weekly",6083,5362,0,2.30612762807868
"11456","weekly",6083,5363,0,2.23608751955908
"11457","weekly",6083,5364,0,2.18634243338602
"11458","weekly",6083,5365,0,2.16169929207535
"11459","weekly",6083,5366,0,2.16545737808337
"11460","weekly",6083,5367,0,2.19937076119822
"11461","weekly",6083,5368,0,2.26351466149208
"11462","weekly",6083,5369,0,2.35597904154565
"11463","weekly",6083,5370,0,2.47242135510896
"11464","weekly",6083,5371,0,2.60564115553279
"11465","weekly",6083,5372,0,2.74545833654702
"11466","weekly",6083,5373,0,2.87921993152122
"11467","weekly",6083,5374,0,2.99315041315276
"11468","weekly",6083,5375,0,3.0744670938293
"11469","weekly",6083,5376,0,3.11379260255489
"11470","weekly",6083,5377,0,3.1071179129649
"11471","weekly",6083,5378,0,3.05661241392954
"11472","weekly",6083,5379,0,2.96998102936777
"11473","weekly",6083,5380,0,2.85863047515159
"11474","weekly",6083,5381,0,2.73531475648633
"11475","weekly",6083,5382,0,2.61198784905719
"11476","weekly",6083,5383,0,2.49833889954607
"11477","weekly",6083,5384,0,2.40111181742395
"11478","weekly",6083,5385,0,2.32409742890741
"11479","weekly",6083,5386,0,2.26846506807487
"11480","weekly",6083,5387,0,2.23320536557003
"11481","weekly",6083,5388,0,2.21561258813017
"11482","weekly",6083,5389,0,2.21173027213081
"11483","weekly",6083,5390,0,2.2168099078408
"11484","weekly",6083,5391,0,2.225830619107
"11485","weekly",6083,5392,0,2.23408902139636
"11486","weekly",6083,5393,0,2.23780217207968
"11487","weekly",6083,5394,0,2.23460853350116
"11488","weekly",6083,5395,0,2.22383820873802
"11489","weekly",6083,5396,0,2.20646978635341
"11490","weekly",6083,5397,0,2.18477874647942
"11491","weekly",6083,5398,0,2.16176880249986
"11492","weekly",6083,5399,0,2.14052281697514
"11493","weekly",6083,5400,0,2.12360143370461
"11494","weekly",6083,5401,0,2.11257355302223
"11495","weekly",6083,5402,0,2.10771539062262
"11496","weekly",6083,5403,0,2.10788846001378
"11497","weekly",6083,5404,0,2.11060580032063
"11498","weekly",6083,5405,0,2.11230530808098
"11499","weekly",6083,5406,0,2.10884471383179
"11500","weekly",6083,5407,0,2.09619492600905
"11501","weekly",6083,5408,0,2.07123747820151
"11502","weekly",6083,5409,0,2.03249653434614
"11503","weekly",6083,5410,0,1.98060471605277
"11504","weekly",6083,5411,0,1.91835305793211
"11505","weekly",6083,5412,0,1.85030297088088
"11506","weekly",6083,5413,0,1.78208533592988
"11507","weekly",6083,5414,0,1.71960375312483
"11508","weekly",6083,5415,0,1.66835270289448
"11509","weekly",6083,5416,0,1.63297191998572
"11510","weekly",6083,5417,0,1.61704058750183
"11511","weekly",6083,5418,0,1.62302376606385
"11512","weekly",6083,5419,0,1.6522457387473
"11513","weekly",6083,5420,0,1.70477991568623
"11514","weekly",6083,5421,0,1.7792003013019
"11515","weekly",6083,5422,0,1.87222401678446
"11516","weekly",6083,5423,0,1.97837563412031
"11517","weekly",6083,5424,0,2.08989510612446
"11518","weekly",6083,5425,0,2.19714068772737
"11519","weekly",6083,5426,0,2.28964646905661
"11520","weekly",6083,5427,0,2.35776092621381
"11521","weekly",6083,5428,0,2.39450301442412
"11522","weekly",6083,5429,0,2.39701247483026
"11523","weekly",6083,5430,0,2.36712092882954
"11524","weekly",6083,5431,0,2.31084042409202
"11525","weekly",6083,5432,0,2.23693591996562
"11526","weekly",6083,5433,0,2.15514502339647
"11527","weekly",6083,5434,0,2.07457741393591
"11528","weekly",6083,5435,0,2.0026339267497
"11529","weekly",6083,5436,0,1.94451204658253
"11530","weekly",6083,5437,0,1.90316458672169
"11531","weekly",6083,5438,0,1.87951032369165
"11532","weekly",6083,5439,0,1.87272866733838
"11533","weekly",6083,5440,0,1.88055395305855
"11534","weekly",6083,5441,0,1.89956793165766
"11535","weekly",6083,5442,0,1.92553878037143
"11536","weekly",6083,5443,0,1.95385880416143
"11537","weekly",6083,5444,0,1.98009121129871
"11538","weekly",6083,5445,0,2.00056694282102
"11539","weekly",6083,5446,0,2.0129098816833
"11540","weekly",6083,5447,0,2.01635043942952
"11541","weekly",6083,5448,0,2.01173162390478
"11542","weekly",6083,5449,0,2.00120143737877
"11543","weekly",6083,5450,0,1.98767705369391
"11544","weekly",6083,5451,0,1.97421710891649
"11545","weekly",6083,5452,0,1.96343369272654
"11546","weekly",6083,5453,0,1.9570325530949
"11547","weekly",6083,5454,0,1.95552102927468
"11548","weekly",6083,5455,0,1.95809343541623
"11549","weekly",6083,5456,0,1.96269840342575
"11550","weekly",6083,5457,0,1.96629867891897
"11551","weekly",6083,5458,0,1.96532883640612
"11552","weekly",6083,5459,0,1.95632310205838
"11553","weekly",6083,5460,0,1.93662505716202
"11554","weekly",6083,5461,0,1.90502924632165
"11555","weekly",6083,5462,0,1.86218275074498
"11556","weekly",6083,5463,0,1.81062297392054
"11557","weekly",6083,5464,0,1.75443853187608
"11558","weekly",6083,5465,0,1.69866370331147
"11559","weekly",6083,5466,0,1.64859119002358
"11560","weekly",6083,5467,0,1.60917941355729
"11561","weekly",6083,5468,0,1.5846536202589
"11562","weekly",6083,5469,0,1.57830098463455
"11563","weekly",6083,5470,0,1.592384032876
"11564","weekly",6083,5471,0,1.62806675487082
"11565","weekly",6083,5472,0,1.68526416108944
"11566","weekly",6083,5473,0,1.76237949100323
"11567","weekly",6083,5474,0,1.85597342331312
"11568","weekly",6083,5475,0,1.96050163460313
"11569","weekly",6083,5476,0,2.06833052818547
"11570","weekly",6083,5477,0,2.17024617176503
"11571","weekly",6083,5478,0,2.25655993600958
"11572","weekly",6083,5479,0,2.31868493318325
"11573","weekly",6083,5480,0,2.35079587806831
"11574","weekly",6083,5481,0,2.35100628374494
"11575","weekly",6083,5482,0,2.32178104610648
"11576","weekly",6083,5483,0,2.26928660285193
"11577","weekly",6083,5484,0,2.20193843968445
"11578","weekly",6083,5485,0,2.12881603959249
"11579","weekly",6083,5486,0,2.05826120011625
"11580","weekly",6083,5487,0,1.99696092749946
"11581","weekly",6083,5488,0,1.94954269577283
"11582","weekly",6083,5489,0,1.91855022090022
"11583","weekly",6083,5490,0,1.90462190742255
"11584","weekly",6083,5491,0,1.90673455042997
"11585","weekly",6083,5492,0,1.92245236586314
"11586","weekly",6083,5493,0,1.94819376638043
"11587","weekly",6083,5494,0,1.97956867425819
"11588","weekly",6083,5495,0,2.01183464247151
"11589","weekly",6083,5496,0,2.04047206693213
"11590","weekly",6083,5497,0,2.06180671104812
"11591","weekly",6083,5498,0,2.07354725757614
"11592","weekly",6083,5499,0,2.07509369388572
"11593","weekly",6083,5500,0,2.06752423144644
"11594","weekly",6083,5501,0,2.05326364337816
"11595","weekly",6083,5502,0,2.03552844229853
"11596","weekly",6083,5503,0,2.01769214999513
"11597","weekly",6083,5504,0,2.00270420234301
"11598","weekly",6083,5505,0,1.99264790557208
"11599","weekly",6083,5506,0,1.9884693462227
"11600","weekly",6083,5507,0,1.9898754095193
"11601","weekly",6083,5508,0,1.995391179953
"11602","weekly",6083,5509,0,2.00257384963334
"11603","weekly",6083,5510,0,2.00838280431344
"11604","weekly",6083,5511,0,2.00968806503806
"11605","weekly",6083,5512,0,2.00385922472924
"11606","weekly",6083,5513,0,1.98932999634417
"11607","weekly",6083,5514,0,1.96600805930211
"11608","weekly",6083,5515,0,1.935421129514
"11609","weekly",6083,5516,0,1.90056015891605
"11610","weekly",6083,5517,0,1.86547140066978
"11611","weekly",6083,5518,0,1.83471758695669
"11612","weekly",6083,5519,0,1.8128434169339
"11613","weekly",6083,5520,0,1.80394113942748
"11614","weekly",6083,5521,0,1.81134445080534
"11615","weekly",6083,5522,0,1.83741726743756
"11616","weekly",6083,5523,0,1.88337221223628
"11617","weekly",6083,5524,0,1.94908651575679
"11618","weekly",6083,5525,0,2.03279472936993
"11619","weekly",6083,5526,0,2.13083219045075
"11620","weekly",6083,5527,0,2.23755740356864
"11621","weekly",6083,5528,0,2.3454861457285
"11622","weekly",6083,5529,0,2.44589334199554
"11623","weekly",6083,5530,0,2.52989633844118
"11624","weekly",6083,5531,0,2.58987007738324
"11625","weekly",6083,5532,0,2.62085288146045
"11626","weekly",6083,5533,0,2.62151935900329
"11627","weekly",6083,5534,0,2.5943991971435
"11628","weekly",6083,5535,0,2.54527804238023
"11629","weekly",6083,5536,0,2.48200057892245
"11630","weekly",6083,5537,0,2.41306262268336
"11631","weekly",6083,5538,0,2.34636518507614
"11632","weekly",6083,5539,0,2.28835369320586
"11633","weekly",6083,5540,0,2.24358210875653
"11634","weekly",6083,5541,0,2.21461134642595
"11635","weekly",6083,5542,0,2.20210663136095
"11636","weekly",6083,5543,0,2.20502391143236
"11637","weekly",6083,5544,0,2.22083508851938
"11638","weekly",6083,5545,0,2.24580077512655
"11639","weekly",6083,5546,0,2.27533255788148
"11640","weekly",6083,5547,0,2.30448097802582
"11641","weekly",6083,5548,0,2.32854095197399
"11642","weekly",6083,5549,0,2.34370041347574
"11643","weekly",6083,5550,0,2.3476026179269
"11644","weekly",6083,5551,0,2.33968143924722
"11645","weekly",6083,5552,0,2.32117696557543
"11646","weekly",6083,5553,0,2.29482891270891
"11647","weekly",6083,5554,0,2.26433666632511
"11648","weekly",6083,5555,0,2.23372649555677
"11649","weekly",6083,5556,0,2.20676239544991
"11650","weekly",6083,5557,0,2.18649085558718
"11651","weekly",6083,5558,0,2.17495170695474
"11652","weekly",6083,5559,0,2.1730438946397
"11653","weekly",6083,5560,0,2.18051815539366
"11654","weekly",6083,5561,0,2.19607403295231
"11655","weekly",6083,5562,0,2.21755313553149
"11656","weekly",6083,5563,0,2.2422292745614
"11657","weekly",6083,5564,0,2.26718912133947
"11658","weekly",6083,5565,0,2.28977328489418
"11659","weekly",6083,5566,0,2.30801672654343
"11660","weekly",6083,5567,0,2.32100591700873
"11661","weekly",6083,5568,0,2.32907370384783
"11662","weekly",6083,5569,0,2.333785943978
"11663","weekly",6083,5570,0,2.33772523747757
"11664","weekly",6083,5571,0,2.34412479682942
"11665","weekly",6083,5572,0,2.35642990822089
"11666","weekly",6083,5573,0,2.37785903125769
"11667","weekly",6083,5574,0,2.41089266122435
"11668","weekly",6083,5575,0,2.45716356419143
"11669","weekly",6083,5576,0,2.51715597638395
"11670","weekly",6083,5577,0,2.58985639578896
"11671","weekly",6083,5578,0,2.67266378283966
"11672","weekly",6083,5579,0,2.76140265114373
"11673","weekly",6083,5580,0,2.85051958617987
"11674","weekly",6083,5581,0,2.9335662247031
"11675","weekly",6083,5582,0,3.00394708299427
"11676","weekly",6083,5583,0,3.05585548744421
"11677","weekly",6083,5584,0,3.08521844053757
"11678","weekly",6083,5585,0,3.09042014286388
"11679","weekly",6083,5586,0,3.07260490427143
"11680","weekly",6083,5587,0,3.03547320736106
"11681","weekly",6083,5588,0,2.98463439065381
"11682","weekly",6083,5589,0,2.92669915428269
"11683","weekly",6083,5590,0,2.86833644862054
"11684","weekly",6083,5591,0,2.81547790154582
"11685","weekly",6083,5592,0,2.77276370159234
"11686","weekly",6083,5593,0,2.74323442165041
"11687","weekly",6083,5594,0,2.72821775017655
"11688","weekly",6083,5595,0,2.72734731942182
"11689","weekly",6083,5596,0,2.73867273755604
"11690","weekly",6083,5597,0,2.75885586629738
"11691","weekly",6083,5598,0,2.78347751445835
"11692","weekly",6083,5599,0,2.80748432961991
"11693","weekly",6083,5600,0,2.82577955903253
"11694","weekly",6083,5601,0,2.83390855515609
"11695","weekly",6083,5602,0,2.82873086776817
"11696","weekly",6083,5603,0,2.80893579134136
"11697","weekly",6083,5604,0,2.7752726393519
"11698","weekly",6083,5605,0,2.73043422517367
"11699","weekly",6083,5606,0,2.6786272766476
"11700","weekly",6083,5607,0,2.62494574481389
"11701","weekly",6083,5608,0,2.57469823854626
"11702","weekly",6083,5609,0,2.53282070680871
"11703","weekly",6083,5610,0,2.50344813338597
"11704","weekly",6083,5611,0,2.48965480076731
"11705","weekly",6083,5612,0,2.49332700384548
"11706","weekly",6083,5613,0,2.51511600497179
"11707","weekly",6083,5614,0,2.55442997181672
"11708","weekly",6083,5615,0,2.60945128451567
"11709","weekly",6083,5616,0,2.67719710950041
"11710","weekly",6083,5617,0,2.75366393892909
"11711","weekly",6083,5618,0,2.83410011624801
"11712","weekly",6083,5619,0,2.91342799019185
"11713","weekly",6083,5620,0,2.98679183435161
"11714","weekly",6083,5621,0,3.05017000003136
"11715","weekly",6083,5622,0,3.10086598907947
"11716","weekly",6083,5623,0,3.13783914383384
"11717","weekly",6083,5624,0,3.16179478703998
"11718","weekly",6083,5625,0,3.17493440720136
"11719","weekly",6083,5626,0,3.18049370951485
"11720","weekly",6083,5627,0,3.18215809602407
"11721","weekly",6083,5628,0,3.18347050284501
"11722","weekly",6083,5629,0,3.18732298829127
"11723","weekly",6083,5630,0,3.19558614757261
"11724","weekly",6083,5631,0,3.20889766930486
"11725","weekly",6083,5632,0,3.22661277276347
"11726","weekly",6083,5633,0,3.24691355234245
"11727","weekly",6083,5634,0,3.26707243054989
"11728","weekly",6083,5635,0,3.28385639813496
"11729","weekly",6083,5636,0,3.29403753919178
"11730","weekly",6083,5637,0,3.29494457959663
"11731","weekly",6083,5638,0,3.28496231554891
"11732","weekly",6083,5639,0,3.26387742691441
"11733","weekly",6083,5640,0,3.23299172034604
"11734","weekly",6083,5641,0,3.19497485595639
"11735","weekly",6083,5642,0,3.15349066109047
"11736","weekly",6083,5643,0,3.11268017519615
"11737","weekly",6083,5644,0,3.07660302863223
"11738","weekly",6083,5645,0,3.04872458061436
"11739","weekly",6083,5646,0,3.0315023366129
"11740","weekly",6083,5647,0,3.02609082814888
"11741","weekly",6083,5648,0,3.03216486604651
"11742","weekly",6083,5649,0,3.04786229558522
"11743","weekly",6083,5650,0,3.06986339195282
"11744","weekly",6083,5651,0,3.09364070781157
"11745","weekly",6083,5652,0,3.11391297465889
"11746","weekly",6083,5653,0,3.12530593015254
"11747","weekly",6083,5654,0,3.12316103180638
"11748","weekly",6083,5655,0,3.10435897417483
"11749","weekly",6083,5656,0,3.0679746705282
"11750","weekly",6083,5657,0,3.01558987051249
"11751","weekly",6083,5658,0,2.95117060051416
"11752","weekly",6083,5659,0,2.8805422532605
"11753","weekly",6083,5660,0,2.81061038625194
"11754","weekly",6083,5661,0,2.74852860122337
"11755","weekly",6083,5662,0,2.70098843975575
"11756","weekly",6083,5663,0,2.67372249433538
"11757","weekly",6083,5664,0,2.67121489057899
"11758","weekly",6083,5665,0,2.6965420730412
"11759","weekly",6083,5666,0,2.75124059419613
"11760","weekly",6083,5667,0,2.83511776241357
"11761","weekly",6083,5668,0,2.94597641756991
"11762","weekly",6083,5669,0,3.07930426034727
"11763","weekly",6083,5670,0,3.22806323776604
"11764","weekly",6083,5671,0,3.38277621025918
"11765","weekly",6083,5672,0,3.53210586446221
"11766","weekly",6083,5673,0,3.66401930042775
"11767","weekly",6083,5674,0,3.76735494547756
"11768","weekly",6083,5675,0,3.83376171955024
"11769","weekly",6083,5676,0,3.85916350700427
"11770","weekly",6083,5677,0,3.84427643884555
"11771","weekly",6083,5678,0,3.79436608109972
"11772","weekly",6083,5679,0,3.71806747856317
"11773","weekly",6083,5680,0,3.62572184583405
"11774","weekly",6083,5681,0,3.52769191993866
"11775","weekly",6083,5682,0,3.43301711816457
"11776","weekly",6083,5683,0,3.34857534771436
"11777","weekly",6083,5684,0,3.27873709533014
"11778","weekly",6083,5685,0,3.22539418656379
"11779","weekly",6083,5686,0,3.18822771363193
"11780","weekly",6083,5687,0,3.16511627828004
"11781","weekly",6083,5688,0,3.15263595266151
"11782","weekly",6083,5689,0,3.14663542044582
"11783","weekly",6083,5690,0,3.14286908574286
"11784","weekly",6083,5691,0,3.13764170065406
"11785","weekly",6083,5692,0,3.12838007998653
"11786","weekly",6083,5693,0,3.11402743897634
"11787","weekly",6083,5694,0,3.09517346235225
"11788","weekly",6083,5695,0,3.07388831753633
"11789","weekly",6083,5696,0,3.05329971353058
"11790","weekly",6083,5697,0,3.03700766948168
"11791","weekly",6083,5698,0,3.02845031395555
"11792","weekly",6083,5699,0,3.03031572402688
"11793","weekly",6083,5700,0,3.04405843364657
"11794","weekly",6083,5701,0,3.06954933100496
"11795","weekly",6083,5702,0,3.10488022552454
"11796","weekly",6083,5703,0,3.14635908487253
"11797","weekly",6083,5704,0,3.18875213441788
"11798","weekly",6083,5705,0,3.2258280935348
"11799","weekly",6083,5706,0,3.25121387164108
"11800","weekly",6083,5707,0,3.2594759654894
"11801","weekly",6083,5708,0,3.24722720263526
"11802","weekly",6083,5709,0,3.21398388026864
"11803","weekly",6083,5710,0,3.16252265585354
"11804","weekly",6083,5711,0,3.09862405085005
"11805","weekly",6083,5712,0,3.03028696475667
"11806","weekly",6083,5713,0,2.96666081278818
"11807","weekly",6083,5714,0,2.91699135821545
"11808","weekly",6083,5715,0,2.88980114806327
"11809","weekly",6083,5716,0,2.89237792624044
"11810","weekly",6083,5717,0,2.93053537726519
"11811","weekly",6083,5718,0,3.00833964164485
"11812","weekly",6083,5719,0,3.12780113299959
"11813","weekly",6083,5720,0,3.28841089247726
"11814","weekly",6083,5721,0,3.48633229592815
"11815","weekly",6083,5722,0,3.71355700134882
"11816","weekly",6083,5723,0,3.9573398460052
"11817","weekly",6083,5724,0,4.20039500060375
"11818","weekly",6083,5725,0,4.42229024579865
"11819","weekly",6083,5726,0,4.60216050423332
"11820","weekly",6083,5727,0,4.72231447286322
"11821","weekly",6083,5728,0,4.77176480041817
"11822","weekly",6083,5729,0,4.74851369750104
"11823","weekly",6083,5730,0,4.6597782446479
"11824","weekly",6083,5731,0,4.52011218669941
"11825","weekly",6083,5732,0,4.34815693137352
"11826","weekly",6083,5733,0,4.16312552266754
"11827","weekly",6083,5734,0,3.98196934381849
"11828","weekly",6083,5735,0,3.81769483868266
"11829","weekly",6083,5736,0,3.67880061152391
"11830","weekly",6083,5737,0,3.56950837210752
"11831","weekly",6083,5738,0,3.49040308382246
"11832","weekly",6083,5739,0,3.43919775277027
"11833","weekly",6083,5740,0,3.41148855787469
"11834","weekly",6083,5741,0,3.40148746746127
"11835","weekly",6083,5742,0,3.40277450773283
"11836","weekly",6083,5743,0,3.40909648995148
"11837","weekly",6083,5744,0,3.41517478239257
"11838","weekly",6083,5745,0,3.41741174118943
"11839","weekly",6083,5746,0,3.41434898253647
"11840","weekly",6083,5747,0,3.40675924575771
"11841","weekly",6083,5748,0,3.39734015130671
"11842","weekly",6083,5749,0,3.3900818406255
"11843","weekly",6083,5750,0,3.38945173085085
"11844","weekly",6083,5751,0,3.39955135554192
"11845","weekly",6083,5752,0,3.42336190849892
"11846","weekly",6083,5753,0,3.46214145250269
"11847","weekly",6083,5754,0,3.5150036700652
"11848","weekly",6083,5755,0,3.57871220144443
"11849","weekly",6083,5756,0,3.6477558784245
"11850","weekly",6083,5757,0,3.71479560792795
"11851","weekly",6083,5758,0,3.77155134978238
"11852","weekly",6083,5759,0,3.81009972660104
"11853","weekly",6083,5760,0,3.8243928241136
"11854","weekly",6083,5761,0,3.81165455968585
"11855","weekly",6083,5762,0,3.77326026529772
"11856","weekly",6083,5763,0,3.71482228851528
"11857","weekly",6083,5764,0,3.64546061234432
"11858","weekly",6083,5765,0,3.57651117432397
"11859","weekly",6083,5766,0,3.52007633587345
"11860","weekly",6083,5767,0,3.48778668144951
"11861","weekly",6083,5768,0,3.48996331079979
"11862","weekly",6083,5769,0,3.53515005213558
"11863","weekly",6083,5770,0,3.62982074928004
"11864","weekly",6083,5771,0,3.77800328331068
"11865","weekly",6083,5772,0,3.98060321356752
"11866","weekly",6083,5773,0,4.2343475309026
"11867","weekly",6083,5774,0,4.53049502824433
"11868","weekly",6083,5775,0,4.85374503256753
"11869","weekly",6083,5776,0,5.1820279515814
"11870","weekly",6083,5777,0,5.4879063735716
"11871","weekly",6083,5778,0,5.7419709317619
"11872","weekly",6083,5779,0,5.91785383154638
"11873","weekly",6083,5780,0,5.99758671753807
"11874","weekly",6083,5781,0,5.97552868293133
"11875","weekly",6083,5782,0,5.85941611803719
"11876","weekly",6083,5783,0,5.66817830153741
"11877","weekly",6083,5784,0,5.42742824991001
"11878","weekly",6083,5785,0,5.16427186431247
"11879","weekly",6083,5786,0,4.90297400616691
"11880","weekly",6083,5787,0,4.66231697369949
"11881","weekly",6083,5788,0,4.45468669850379
"11882","weekly",6083,5789,0,4.28640839795116
"11883","weekly",6083,5790,0,4.15872356126783
"11884","weekly",6083,5791,0,4.06893811875489
"11885","weekly",6083,5792,0,4.01150414833683
"11886","weekly",6083,5793,0,3.97899625645368
"11887","weekly",6083,5794,0,3.96304873298504
"11888","weekly",6083,5795,0,3.95532223425107
"11889","weekly",6083,5796,0,3.94849442015402
"11890","weekly",6083,5797,0,3.93716710765148
"11891","weekly",6083,5798,0,3.91851364984177
"11892","weekly",6083,5799,0,3.89250076471944
"11893","weekly",6083,5800,0,3.86161346564768
"11894","weekly",6083,5801,0,3.83014609431848
"11895","weekly",6083,5802,0,3.80323025397956
"11896","weekly",6083,5803,0,3.78580510005122
"11897","weekly",6083,5804,0,3.78169676213292
"11898","weekly",6083,5805,0,3.7929007037892
"11899","weekly",6083,5806,0,3.81910186228924
"11900","weekly",6083,5807,0,3.85745106535614
"11901","weekly",6083,5808,0,3.90263889863854
"11902","weekly",6083,5809,0,3.9473380605632
"11903","weekly",6083,5810,0,3.98307734724949
"11904","weekly",6083,5811,0,4.00153019459685
"11905","weekly",6083,5812,0,3.99605169458664
"11906","weekly",6083,5813,0,3.96313864924014
"11907","weekly",6083,5814,0,3.90343869951903
"11908","weekly",6083,5815,0,3.82189683336765
"11909","weekly",6083,5816,0,3.72710345473024
"11910","weekly",6083,5817,0,3.63005542688188
"11911","weekly",6083,5818,0,3.54260685143527
"11912","weekly",6083,5819,0,3.47611552017042
"11913","weekly",6083,5820,0,3.44049735367298
"11914","weekly",6083,5821,0,3.44370460059145
"11915","weekly",6083,5822,0,3.49146501725772
"11916","weekly",6083,5823,0,3.58704083229532
"11917","weekly",6083,5824,0,3.73079384406446
"11918","weekly",6083,5825,0,3.91946056482266
"11919","weekly",6083,5826,0,4.14523116647615
"11920","weekly",6083,5827,0,4.39495923311915
"11921","weekly",6083,5828,0,4.6500351994473
"11922","weekly",6083,5829,0,4.88750555747538
"11923","weekly",6083,5830,0,5.08277004820411
"11924","weekly",6083,5831,0,5.21360656598699
"11925","weekly",6083,5832,0,5.26455699821236
"11926","weekly",6083,5833,0,5.23026246804511
"11927","weekly",6083,5834,0,5.11652682736167
"11928","weekly",6083,5835,0,4.93871635381947
"11929","weekly",6083,5836,0,4.71813876472879
"11930","weekly",6083,5837,0,4.47771032119635
"11931","weekly",6083,5838,0,4.23821533669252
"11932","weekly",6083,5839,0,4.01592892140616
"11933","weekly",6083,5840,0,3.82170638852403
"11934","weekly",6083,5841,0,3.6611790228053
"11935","weekly",6083,5842,0,3.53554854099639
"11936","weekly",6083,5843,0,3.44256491854321
"11937","weekly",6083,5844,0,3.37746244951268
"11938","weekly",6083,5845,0,3.33380311672227
"11939","weekly",6083,5846,0,3.30427650379715
"11940","weekly",6083,5847,0,3.28151873886236
"11941","weekly",6083,5848,0,3.25895657818182
"11942","weekly",6083,5849,0,3.23159581134678
"11943","weekly",6083,5850,0,3.19660709879827
"11944","weekly",6083,5851,0,3.15356076025637
"11945","weekly",6083,5852,0,3.10423576491303
"11946","weekly",6083,5853,0,3.05204483805574
"11947","weekly",6083,5854,0,3.00121957150986
"11948","weekly",6083,5855,0,2.95594039108255
"11949","weekly",6083,5856,0,2.91956856855541
"11950","weekly",6083,5857,0,2.89407096547075
"11951","weekly",6083,5858,0,2.87966555976891
"11952","weekly",6083,5859,0,2.87468607630581
"11953","weekly",6083,5860,0,2.87566991031053
"11954","weekly",6083,5861,0,2.87769416524679
"11955","weekly",6083,5862,0,2.87498780922033
"11956","weekly",6083,5863,0,2.8618068760843
"11957","weekly",6083,5864,0,2.83347125767614
"11958","weekly",6083,5865,0,2.78735884654452
"11959","weekly",6083,5866,0,2.72359666871489
"11960","weekly",6083,5867,0,2.64523390994873
"11961","weekly",6083,5868,0,2.55783246058854
"11962","weekly",6083,5869,0,2.46860335982637
"11963","weekly",6083,5870,0,2.38535558144213
"11964","weekly",6083,5871,0,2.31554069457343
"11965","weekly",6083,5872,0,2.26557841987233
"11966","weekly",6083,5873,0,2.24049789554556
"11967","weekly",6083,5874,0,2.24380130501231
"11968","weekly",6083,5875,0,2.27739364435547
"11969","weekly",6083,5876,0,2.34143084229436
"11970","weekly",6083,5877,0,2.43400470609777
"11971","weekly",6083,5878,0,2.55069165059831
"11972","weekly",6083,5879,0,2.68412544505554
"11973","weekly",6083,5880,0,2.82387744731386
"11974","weekly",6083,5881,0,2.9569755574048
"11975","weekly",6083,5882,0,3.06928575620987
"11976","weekly",6083,5883,0,3.14768373183324
"11977","weekly",6083,5884,0,3.1825435666251
"11978","weekly",6083,5885,0,3.16977663265425
"11979","weekly",6083,5886,0,3.11168722697766
"11980","weekly",6083,5887,0,3.0163211930776
"11981","weekly",6083,5888,0,2.89556788749178
"11982","weekly",6083,5889,0,2.76270889406442
"11983","weekly",6083,5890,0,2.63017679011682
"11984","weekly",6083,5891,0,2.50802786211716
"11985","weekly",6083,5892,0,2.40325224993285
"11986","weekly",6083,5893,0,2.31975161336595
"11987","weekly",6083,5894,0,2.25869873605552
"11988","weekly",6083,5895,0,2.21902913681697
"11989","weekly",6083,5896,0,2.19792405408225
"11990","weekly",6083,5897,0,2.19125629548216
"11991","weekly",6083,5898,0,2.1940430275863
"11992","weekly",6083,5899,0,2.20096562994877
"11993","weekly",6083,5900,0,2.20697826449759
"11994","weekly",6083,5901,0,2.20795412154985
"11995","weekly",6083,5902,0,2.20124861167278
"11996","weekly",6083,5903,0,2.1860337035323
"11997","weekly",6083,5904,0,2.16329973423854
"11998","weekly",6083,5905,0,2.13551557867322
"11999","weekly",6083,5906,0,2.10603857962997
"12000","weekly",6083,5907,0,2.07842342701042
"12001","weekly",6083,5908,0,2.055774280685
"12002","weekly",6083,5909,0,2.04023399780272
"12003","weekly",6083,5910,0,2.03266628237907
"12004","weekly",6083,5911,0,2.03244564044871
"12005","weekly",6083,5912,0,2.03745904794778
"12006","weekly",6083,5913,0,2.04433195787715
"12007","weekly",6083,5914,0,2.0488028038817
"12008","weekly",6083,5915,0,2.0463439518644
"12009","weekly",6083,5916,0,2.03295730034006
"12010","weekly",6083,5917,0,2.00600622425554
"12011","weekly",6083,5918,0,1.96487661957508
"12012","weekly",6083,5919,0,1.91126474417979
"12013","weekly",6083,5920,0,1.8489905615279
"12014","weekly",6083,5921,0,1.78339532320388
"12015","weekly",6083,5922,0,1.7205205449136
"12016","weekly",6083,5923,0,1.66631136115757
"12017","weekly",6083,5924,0,1.62602656302624
"12018","weekly",6083,5925,0,1.60391571369837
"12019","weekly",6083,5926,0,1.60310631641187
"12020","weekly",6083,5927,0,1.62557597242994
"12021","weekly",6083,5928,0,1.67207658456755
"12022","weekly",6083,5929,0,1.74191985381185
"12023","weekly",6083,5930,0,1.83261294758995
"12024","weekly",6083,5931,0,1.93943994218716
"12025","weekly",6083,5932,0,2.05519826788804
"12026","weekly",6083,5933,0,2.17037307855207
"12027","weekly",6083,5934,0,2.27399496673024
"12028","weekly",6083,5935,0,2.35522420017514
"12029","weekly",6083,5936,0,2.40537199488608
"12030","weekly",6083,5937,0,2.4197638281039
"12031","weekly",6083,5938,0,2.39878111562575
"12032","weekly",6083,5939,0,2.34768635540968
"12033","weekly",6083,5940,0,2.27532124269055
"12034","weekly",6083,5941,0,2.1921900078305
"12035","weekly",6083,5942,0,2.10857544781175
"12036","weekly",6083,5943,0,2.03316389155225
"12037","weekly",6083,5944,0,1.97233893634984
"12038","weekly",6083,5945,0,1.93003384183976
"12039","weekly",6083,5946,0,1.90790929758805
"12040","weekly",6083,5947,0,1.90563949436182
"12041","weekly",6083,5948,0,1.92118318501161
"12042","weekly",6083,5949,0,1.95102513654274
"12043","weekly",6083,5950,0,1.99045466718962
"12044","weekly",6083,5951,0,2.03397688776022
"12045","weekly",6083,5952,0,2.07591727370163
"12046","weekly",6083,5953,0,2.11118942379835
"12047","weekly",6083,5954,0,2.13608617591672
"12048","weekly",6083,5955,0,2.14888448934653
"12049","weekly",6083,5956,0,2.15007404854987
"12050","weekly",6083,5957,0,2.14213058067253
"12051","weekly",6083,5958,0,2.12890302395681
"12052","weekly",6083,5959,0,2.11479234069702
"12053","weekly",6083,5960,0,2.10392211325234
"12054","weekly",6083,5961,0,2.09944643534254
"12055","weekly",6083,5962,0,2.10305819715722
"12056","weekly",6083,5963,0,2.1147015899187
"12057","weekly",6083,5964,0,2.13248052695417
"12058","weekly",6083,5965,0,2.15278039331315
"12059","weekly",6083,5966,0,2.17065095988801
"12060","weekly",6083,5967,0,2.18049282205175
"12061","weekly",6083,5968,0,2.17702121770708
"12062","weekly",6083,5969,0,2.15635906200623
"12063","weekly",6083,5970,0,2.11699291894911
"12064","weekly",6083,5971,0,2.06029472104274
"12065","weekly",6083,5972,0,1.99042061154614
"12066","weekly",6083,5973,0,1.91361449661781
"12067","weekly",6083,5974,0,1.83715743350331
"12068","weekly",6083,5975,0,1.76829947764054
"12069","weekly",6083,5976,0,1.71344904889702
"12070","weekly",6083,5977,0,1.6777315736108
"12071","weekly",6083,5978,0,1.66486079787137
"12072","weekly",6083,5979,0,1.67716365226079
"12073","weekly",6083,5980,0,1.71558102278505
"12074","weekly",6083,5981,0,1.77951517849579
"12075","weekly",6083,5982,0,1.86648773081833
"12076","weekly",6083,5983,0,1.97169516881695
"12077","weekly",6083,5984,0,2.08768272786983
"12078","weekly",6083,5985,0,2.2044541076466
"12079","weekly",6083,5986,0,2.31031416548649
"12080","weekly",6083,5987,0,2.39353375104838
"12081","weekly",6083,5988,0,2.44455328994081
"12082","weekly",6083,5989,0,2.4580751878093
"12083","weekly",6083,5990,0,2.43428396221134
"12084","weekly",6083,5991,0,2.37871543393703
"12085","weekly",6083,5992,0,2.30084823528887
"12086","weekly",6083,5993,0,2.21198887916398
"12087","weekly",6083,5994,0,2.12318932326161
"12088","weekly",6083,5995,0,2.04374177916907
"12089","weekly",6083,5996,0,1.98042828813777
"12090","weekly",6083,5997,0,1.9373904139793
"12091","weekly",6083,5998,0,1.91634544078261
"12092","weekly",6083,5999,0,1.91689869770198
"12093","weekly",6083,6000,0,1.9368132368545
"12094","weekly",6083,6001,0,1.97222616974614
"12095","weekly",6083,6002,0,2.01789847508189
"12096","weekly",6083,6003,0,2.06762344337767
"12097","weekly",6083,6004,0,2.11488150348305
"12098","weekly",6083,6005,0,2.15372030940489
"12099","weekly",6083,6006,0,2.17969932392589
"12100","weekly",6083,6007,0,2.19065728737041
"12101","weekly",6083,6008,0,2.1869921090256
"12102","weekly",6083,6009,0,2.17142605621484
"12103","weekly",6083,6010,0,2.14833208016353
"12104","weekly",6083,6011,0,2.12275656717247
"12105","weekly",6083,6012,0,2.09945757282549
"12106","weekly",6083,6013,0,2.08212324173655
"12107","weekly",6083,6014,0,2.07284394465387
"12108","weekly",6083,6015,0,2.07183073376655
"12109","weekly",6083,6016,0,2.07735067949397
"12110","weekly",6083,6017,0,2.08587674514274
"12111","weekly",6083,6018,0,2.09248854586622
"12112","weekly",6083,6019,0,2.09156511040055
"12113","weekly",6083,6020,0,2.07775008230237
"12114","weekly",6083,6021,0,2.04704961180687
"12115","weekly",6083,6022,0,1.99779983435292
"12116","weekly",6083,6023,0,1.93120110195014
"12117","weekly",6083,6024,0,1.85121934913332
"12118","weekly",6083,6025,0,1.76387460561818
"12119","weekly",6083,6026,0,1.67616067628842
"12120","weekly",6083,6027,0,1.59494532758254
"12121","weekly",6083,6028,0,1.52614136226475
"12122","weekly",6083,6029,0,1.474271291896
"12123","weekly",6083,6030,0,1.44237428400083
"12124","weekly",6083,6031,0,1.43209958673106
"12125","weekly",6083,6032,0,1.44381376754609
"12126","weekly",6083,6033,0,1.47659760489478
"12127","weekly",6083,6034,0,1.52809287168202
"12128","weekly",6083,6035,0,1.59425975068007
"12129","weekly",6083,6036,0,1.66920517498511
"12130","weekly",6083,6037,0,1.74530901364051
"12131","weekly",6083,6038,0,1.81385650535231
"12132","weekly",6083,6039,0,1.86623677794705
"12133","weekly",6083,6040,0,1.89550688152667
"12134","weekly",6083,6041,0,1.89786625650595
"12135","weekly",6083,6042,0,1.8735090844275
"12136","weekly",6083,6043,0,1.82651765219634
"12137","weekly",6083,6044,0,1.7638454575208
"12138","weekly",6083,6045,0,1.69379130081506
"12139","weekly",6083,6046,0,1.62448987507378
"12140","weekly",6083,6047,0,1.56281256998773
"12141","weekly",6083,6048,0,1.51381280092755
"12142","weekly",6083,6049,0,1.48062440962531
"12143","weekly",6083,6050,0,1.46461692408775
"12144","weekly",6083,6051,0,1.46562356510549
"12145","weekly",6083,6052,0,1.48213590306113
"12146","weekly",6083,6053,0,1.51145169325173
"12147","weekly",6083,6054,0,1.54983564509894
"12148","weekly",6083,6055,0,1.59278594818898
"12149","weekly",6083,6056,0,1.63547931113862
"12150","weekly",6083,6057,0,1.6733942484716
"12151","weekly",6083,6058,0,1.70301129232394
"12152","weekly",6083,6059,0,1.72240973281441
"12153","weekly",6083,6060,0,1.73157470527804
"12154","weekly",6083,6061,0,1.73231122011202
"12155","weekly",6083,6062,0,1.72779405923211
"12156","weekly",6083,6063,0,1.72189416131005
"12157","weekly",6083,6064,0,1.71846032730537
"12158","weekly",6083,6065,0,1.72069686694886
"12159","weekly",6083,6066,0,1.7307029273943
"12160","weekly",6083,6067,0,1.74917669958086
"12161","weekly",6083,6068,0,1.77526637038682
"12162","weekly",6083,6069,0,1.80656903298222
"12163","weekly",6083,6070,0,1.83931518887402
"12164","weekly",6083,6071,0,1.86879528441932
"12165","weekly",6083,6072,0,1.89005475392332
"12166","weekly",6083,6073,0,1.89879627415212
"12167","weekly",6083,6074,0,1.89231223514071
"12168","weekly",6083,6075,0,1.87019259814406
"12169","weekly",6083,6076,0,1.83457909399294
"12170","weekly",6083,6077,0,1.78987896532635
"12171","weekly",6083,6078,0,1.7420460973226
"12172","weekly",6083,6079,0,1.69768011983251
"12173","weekly",6083,6080,0,1.6632133788662
"12174","weekly",6083,6081,0,1.64435861364473
"12175","infects",6083,0,0,398.939321371515
"12176","infects",6083,1,0,374.133210458783
"12177","infects",6083,2,0,352.314856571197
"12178","infects",6083,3,0,333.671609135879
"12179","infects",6083,4,0,318.28250647751
"12180","infects",6083,5,0,306.168244156339
"12181","infects",6083,6,0,297.326479557786
"12182","infects",6083,7,0,291.75424331624
"12183","infects",6083,8,0,289.45944330477
"12184","infects",6083,9,0,290.462875515971
"12185","infects",6083,10,0,294.79115059186
"12186","infects",6083,11,0,302.459953199455
"12187","infects",6083,12,0,313.44653059219
"12188","infects",6083,13,0,327.650742601374
"12189","infects",6083,14,0,344.845903620131
"12190","infects",6083,15,0,364.624380996088
"12191","infects",6083,16,0,386.34835177669
"12192","infects",6083,17,0,409.122074974747
"12193","infects",6083,18,0,431.805845480132
"12194","infects",6083,19,0,453.08962411452
"12195","infects",6083,20,0,471.632841519973
"12196","infects",6083,21,0,486.256097545638
"12197","infects",6083,22,0,496.146391601
"12198","infects",6083,23,0,501.021416493623
"12199","infects",6083,24,0,501.201543142933
"12200","infects",6083,25,0,497.563573838081
"12201","infects",6083,26,0,491.388742197749
"12202","infects",6083,27,0,484.150839990269
"12203","infects",6083,28,0,477.303155551891
"12204","infects",6083,29,0,472.111477152574
"12205","infects",6083,30,0,469.554002702595
"12206","infects",6083,31,0,470.282239137112
"12207","infects",6083,32,0,474.620786673001
"12208","infects",6083,33,0,482.581264970415
"12209","infects",6083,34,0,493.873245053364
"12210","infects",6083,35,0,507.907413833316
"12211","infects",6083,36,0,523.798581244225
"12212","infects",6083,37,0,540.398511884074
"12213","infects",6083,38,0,556.3033253481
"12214","infects",6083,39,0,570.024158144346
"12215","infects",6083,40,0,580.106245536694
"12216","infects",6083,41,0,585.324979009483
"12217","infects",6083,42,0,584.865784558899
"12218","infects",6083,43,0,578.449143585934
"12219","infects",6083,44,0,566.363484837946
"12220","infects",6083,45,0,549.394546114543
"12221","infects",6083,46,0,528.671532436068
"12222","infects",6083,47,0,505.473913568972
"12223","infects",6083,48,0,481.048467069005
"12224","infects",6083,49,0,456.474242206457
"12225","infects",6083,50,0,432.591714223918
"12226","infects",6083,51,0,409.991895993336
"12227","infects",6083,52,0,389.048435898993
"12228","infects",6083,53,0,369.972116969847
"12229","infects",6083,54,0,352.870105916407
"12230","infects",6083,55,0,337.798078425546
"12231","infects",6083,56,0,324.79915165145
"12232","infects",6083,57,0,313.9280376627
"12233","infects",6083,58,0,305.26172720942
"12234","infects",6083,59,0,298.899516424776
"12235","infects",6083,60,0,294.95555420738
"12236","infects",6083,61,0,293.546538617489
"12237","infects",6083,62,0,294.776003381867
"12238","infects",6083,63,0,298.715223301855
"12239","infects",6083,64,0,305.379671035393
"12240","infects",6083,65,0,314.699760908273
"12241","infects",6083,66,0,326.485827247252
"12242","infects",6083,67,0,340.390191962607
"12243","infects",6083,68,0,355.873604682048
"12244","infects",6083,69,0,372.188299258685
"12245","infects",6083,70,0,388.393291192165
"12246","infects",6083,71,0,403.416288018913
"12247","infects",6083,72,0,416.167904753129
"12248","infects",6083,73,0,425.697497251992
"12249","infects",6083,74,0,431.360287043709
"12250","infects",6083,75,0,432.951582876184
"12251","infects",6083,76,0,430.765351369891
"12252","infects",6083,77,0,425.554563476567
"12253","infects",6083,78,0,418.402583894366
"12254","infects",6083,79,0,410.543497223921
"12255","infects",6083,80,0,403.180970996629
"12256","infects",6083,81,0,397.346171338658
"12257","infects",6083,82,0,393.812845802564
"12258","infects",6083,83,0,393.064635960984
"12259","infects",6083,84,0,395.295763102366
"12260","infects",6083,85,0,400.424297063988
"12261","infects",6083,86,0,408.104410002542
"12262","infects",6083,87,0,417.735323022133
"12263","infects",6083,88,0,428.475538573643
"12264","infects",6083,89,0,439.277966441524
"12265","infects",6083,90,0,448.94133664319
"12266","infects",6083,91,0,456.299949064588
"12267","infects",6083,92,0,460.2817632418
"12268","infects",6083,93,0,460.126513372001
"12269","infects",6083,94,0,455.505011084481
"12270","infects",6083,95,0,446.577584488751
"12271","infects",6083,96,0,433.957643954214
"12272","infects",6083,97,0,418.588141865481
"12273","infects",6083,98,0,401.56656712028
"12274","infects",6083,99,0,383.966860299485
"12275","infects",6083,100,0,366.699975604746
"12276","infects",6083,101,0,350.434891107707
"12277","infects",6083,102,0,335.579963711688
"12278","infects",6083,103,0,322.309735209746
"12279","infects",6083,104,0,310.61753133472
"12280","infects",6083,105,0,300.376985034994
"12281","infects",6083,106,0,291.401440559575
"12282","infects",6083,107,0,283.495429648002
"12283","infects",6083,108,0,276.495506658643
"12284","infects",6083,109,0,270.298924949959
"12285","infects",6083,110,0,264.879036360581
"12286","infects",6083,111,0,260.286957926087
"12287","infects",6083,112,0,256.640403526587
"12288","infects",6083,113,0,254.102288017583
"12289","infects",6083,114,0,252.852990430737
"12290","infects",6083,115,0,253.060336022004
"12291","infects",6083,116,0,254.850337271364
"12292","infects",6083,117,0,258.280121469913
"12293","infects",6083,118,0,263.313247491508
"12294","infects",6083,119,0,269.797647305569
"12295","infects",6083,120,0,277.448067907851
"12296","infects",6083,121,0,285.837737918552
"12297","infects",6083,122,0,294.406829226483
"12298","infects",6083,123,0,302.49623648949
"12299","infects",6083,124,0,309.412215800136
"12300","infects",6083,125,0,314.519442067731
"12301","infects",6083,126,0,317.348413348706
"12302","infects",6083,127,0,317.692334762367
"12303","infects",6083,128,0,315.664923643167
"12304","infects",6083,129,0,311.698398150025
"12305","infects",6083,130,0,306.478919286578
"12306","infects",6083,131,0,300.837228541828
"12307","infects",6083,132,0,295.625173143132
"12308","infects",6083,133,0,291.614743018791
"12309","infects",6083,134,0,289.401457472424
"12310","infects",6083,135,0,289.399159977387
"12311","infects",6083,136,0,291.809284352377
"12312","infects",6083,137,0,296.624035808698
"12313","infects",6083,138,0,303.624607094956
"12314","infects",6083,139,0,312.375520891881
"12315","infects",6083,140,0,322.221732595551
"12316","infects",6083,141,0,332.303124646854
"12317","infects",6083,142,0,341.604068407931
"12318","infects",6083,143,0,349.050685478865
"12319","infects",6083,144,0,353.653853111498
"12320","infects",6083,145,0,354.674805201837
"12321","infects",6083,146,0,351.771123255827
"12322","infects",6083,147,0,345.07568336904
"12323","infects",6083,148,0,335.177018274066
"12324","infects",6083,149,0,323.002393372452
"12325","infects",6083,150,0,309.639185771505
"12326","infects",6083,151,0,296.148379373564
"12327","infects",6083,152,0,283.418339744706
"12328","infects",6083,153,0,272.083813223476
"12329","infects",6083,154,0,262.508713961049
"12330","infects",6083,155,0,254.8139793989
"12331","infects",6083,156,0,248.927559936981
"12332","infects",6083,157,0,244.639022752088
"12333","infects",6083,158,0,241.650215379148
"12334","infects",6083,159,0,239.620364611842
"12335","infects",6083,160,0,238.20766168985
"12336","infects",6083,161,0,237.1089477882
"12337","infects",6083,162,0,236.096135497714
"12338","infects",6083,163,0,235.044886448692
"12339","infects",6083,164,0,233.949567381573
"12340","infects",6083,165,0,232.919888791539
"12341","infects",6083,166,0,232.158586275885
"12342","infects",6083,167,0,231.924259753439
"12343","infects",6083,168,0,232.486753121093
"12344","infects",6083,169,0,234.082819140041
"12345","infects",6083,170,0,236.877556686397
"12346","infects",6083,171,0,240.93392543984
"12347","infects",6083,172,0,246.190529538081
"12348","infects",6083,173,0,252.447995200628
"12349","infects",6083,174,0,259.366482599251
"12350","infects",6083,175,0,266.47973743264
"12351","infects",6083,176,0,273.232363933688
"12352","infects",6083,177,0,279.044434987539
"12353","infects",6083,178,0,283.400099660422
"12354","infects",6083,179,0,285.946046202368
"12355","infects",6083,180,0,286.576172841261
"12356","infects",6083,181,0,285.47670320975
"12357","infects",6083,182,0,283.114973600286
"12358","infects",6083,183,0,280.172927391832
"12359","infects",6083,184,0,277.444735480466
"12360","infects",6083,185,0,275.727519782346
"12361","infects",6083,186,0,275.720684445122
"12362","infects",6083,187,0,278.000630785698
"12363","infects",6083,188,0,282.940665368851
"12364","infects",6083,189,0,290.718116482363
"12365","infects",6083,190,0,301.28729557445
"12366","infects",6083,191,0,314.348656548354
"12367","infects",6083,192,0,329.311579856612
"12368","infects",6083,193,0,345.26754157744
"12369","infects",6083,194,0,361.001641883444
"12370","infects",6083,195,0,375.073258423769
"12371","infects",6083,196,0,385.984171719853
"12372","infects",6083,197,0,392.422224189141
"12373","infects",6083,198,0,393.52831220761
"12374","infects",6083,199,0,389.104368627352
"12375","infects",6083,200,0,379.682929764881
"12376","infects",6083,201,0,366.422983446305
"12377","infects",6083,202,0,350.86359266792
"12378","infects",6083,203,0,334.619925500986
"12379","infects",6083,204,0,319.11704397902
"12380","infects",6083,205,0,305.424409539436
"12381","infects",6083,206,0,294.203228605623
"12382","infects",6083,207,0,285.738589389577
"12383","infects",6083,208,0,280.013459252906
"12384","infects",6083,209,0,276.788893827113
"12385","infects",6083,210,0,275.671873084033
"12386","infects",6083,211,0,276.168858274239
"12387","infects",6083,212,0,277.732583125672
"12388","infects",6083,213,0,279.811436978266
"12389","infects",6083,214,0,281.906519830557
"12390","infects",6083,215,0,283.633277978827
"12391","infects",6083,216,0,284.776524005252
"12392","infects",6083,217,0,285.323704851361
"12393","infects",6083,218,0,285.464252918064
"12394","infects",6083,219,0,285.552107157794
"12395","infects",6083,220,0,286.039690945525
"12396","infects",6083,221,0,287.39912616467
"12397","infects",6083,222,0,290.046894715913
"12398","infects",6083,223,0,294.282506217067
"12399","infects",6083,224,0,300.244233990143
"12400","infects",6083,225,0,307.88015130414
"12401","infects",6083,226,0,316.932792301633
"12402","infects",6083,227,0,326.940037581343
"12403","infects",6083,228,0,337.26022042039
"12404","infects",6083,229,0,347.131784451863
"12405","infects",6083,230,0,355.779932791734
"12406","infects",6083,231,0,362.526094868294
"12407","infects",6083,232,0,366.963496971119
"12408","infects",6083,233,0,369.052794582421
"12409","infects",6083,234,0,369.175347523036
"12410","infects",6083,235,0,368.097045707598
"12411","infects",6083,236,0,366.856587419284
"12412","infects",6083,237,0,366.613459518785
"12413","infects",6083,238,0,368.498945195115
"12414","infects",6083,239,0,373.501151167057
"12415","infects",6083,240,0,382.391200677122
"12416","infects",6083,241,0,395.675849218437
"12417","infects",6083,242,0,413.551450057489
"12418","infects",6083,243,0,435.838076135748
"12419","infects",6083,244,0,461.888647717596
"12420","infects",6083,245,0,490.492362576671
"12421","infects",6083,246,0,519.818977019827
"12422","infects",6083,247,0,547.470188544854
"12423","infects",6083,248,0,570.70028491057
"12424","infects",6083,249,0,586.824854982579
"12425","infects",6083,250,0,593.754664934597
"12426","infects",6083,251,0,590.503688699278
"12427","infects",6083,252,0,577.482100137961
"12428","infects",6083,253,0,556.440718317144
"12429","infects",6083,254,0,530.070478713543
"12430","infects",6083,255,0,501.404566409452
"12431","infects",6083,256,0,473.236434519176
"12432","infects",6083,257,0,447.723304125621
"12433","infects",6083,258,0,426.234273210347
"12434","infects",6083,259,0,409.398209862507
"12435","infects",6083,260,0,397.25744703943
"12436","infects",6083,261,0,389.440824433436
"12437","infects",6083,262,0,385.306800467015
"12438","infects",6083,263,0,384.045857538133
"12439","infects",6083,264,0,384.756074689791
"12440","infects",6083,265,0,386.513726342759
"12441","infects",6083,266,0,388.455236055604
"12442","infects",6083,267,0,389.872748400695
"12443","infects",6083,268,0,390.309174877132
"12444","infects",6083,269,0,389.627274289214
"12445","infects",6083,270,0,388.02767023854
"12446","infects",6083,271,0,386.004156339927
"12447","infects",6083,272,0,384.245168791119
"12448","infects",6083,273,0,383.507148904945
"12449","infects",6083,274,0,384.490096709655
"12450","infects",6083,275,0,387.737191931485
"12451","infects",6083,276,0,393.565767449963
"12452","infects",6083,277,0,402.025212948581
"12453","infects",6083,278,0,412.874224885928
"12454","infects",6083,279,0,425.575334202876
"12455","infects",6083,280,0,439.314569751845
"12456","infects",6083,281,0,453.061981054574
"12457","infects",6083,282,0,465.687941783059
"12458","infects",6083,283,0,476.119825707716
"12459","infects",6083,284,0,483.608002266055
"12460","infects",6083,285,0,487.840050801474
"12461","infects",6083,286,0,489.101756392493
"12462","infects",6083,287,0,488.265284288826
"12463","infects",6083,288,0,486.66452038397
"12464","infects",6083,289,0,485.888631284186
"12465","infects",6083,290,0,487.558204940794
"12466","infects",6083,291,0,493.139848429345
"12467","infects",6083,292,0,503.822488478655
"12468","infects",6083,293,0,520.442156828039
"12469","infects",6083,294,0,543.419731921138
"12470","infects",6083,295,0,572.675320217342
"12471","infects",6083,296,0,607.502102198534
"12472","infects",6083,297,0,646.416418333133
"12473","infects",6083,298,0,687.042569390946
"12474","infects",6083,299,0,726.127198538161
"12475","infects",6083,300,0,759.786094807589
"12476","infects",6083,301,0,784.038572203012
"12477","infects",6083,302,0,795.571803584636
"12478","infects",6083,303,0,792.535334821024
"12479","infects",6083,304,0,775.077657076366
"12480","infects",6083,305,0,745.384966996668
"12481","infects",6083,306,0,707.173934235439
"12482","infects",6083,307,0,664.825545587131
"12483","infects",6083,308,0,622.483197516611
"12484","infects",6083,309,0,583.40125942062
"12485","infects",6083,310,0,549.667737798534
"12486","infects",6083,311,0,522.25235409943
"12487","infects",6083,312,0,501.238506831294
"12488","infects",6083,313,0,486.098558036356
"12489","infects",6083,314,0,475.926832763064
"12490","infects",6083,315,0,469.60608102333
"12491","infects",6083,316,0,465.923771681151
"12492","infects",6083,317,0,463.668995745561
"12493","infects",6083,318,0,461.734546696414
"12494","infects",6083,319,0,459.230373705177
"12495","infects",6083,320,0,455.593197594225
"12496","infects",6083,321,0,450.662426033152
"12497","infects",6083,322,0,444.692752325373
"12498","infects",6083,323,0,438.290638023139
"12499","infects",6083,324,0,432.287483465062
"12500","infects",6083,325,0,427.582938086945
"12501","infects",6083,326,0,425.010394878987
"12502","infects",6083,327,0,425.172925526482
"12503","infects",6083,328,0,428.441800418173
"12504","infects",6083,329,0,434.877055547716
"12505","infects",6083,330,0,444.220524547226
"12506","infects",6083,331,0,455.894319518871
"12507","infects",6083,332,0,469.020136126214
"12508","infects",6083,333,0,482.476205315275
"12509","infects",6083,334,0,495.010573216751
"12510","infects",6083,335,0,505.417185331084
"12511","infects",6083,336,0,512.755576377972
"12512","infects",6083,337,0,516.565378878984
"12513","infects",6083,338,0,517.010367755677
"12514","infects",6083,339,0,514.898491203314
"12515","infects",6083,340,0,511.564786804737
"12516","infects",6083,341,0,508.654228261513
"12517","infects",6083,342,0,507.873631537536
"12518","infects",6083,343,0,510.778830146628
"12519","infects",6083,344,0,518.630741300317
"12520","infects",6083,345,0,532.313124270455
"12521","infects",6083,346,0,552.277113194412
"12522","infects",6083,347,0,578.472924510486
"12523","infects",6083,348,0,610.246211728868
"12524","infects",6083,349,0,646.209076263368
"12525","infects",6083,350,0,684.135872261172
"12526","infects",6083,351,0,720.969583750163
"12527","infects",6083,352,0,753.035340667811
"12528","infects",6083,353,0,776.518826234141
"12529","infects",6083,354,0,788.168116602107
"12530","infects",6083,355,0,786.046141290218
"12531","infects",6083,356,0,770.070406633612
"12532","infects",6083,357,0,742.105784931276
"12533","infects",6083,358,0,705.541401670213
"12534","infects",6083,359,0,664.502129926092
"12535","infects",6083,360,0,622.987564839196
"12536","infects",6083,361,0,584.216940861407
"12537","infects",6083,362,0,550.317745541862
"12538","infects",6083,363,0,522.331873126333
"12539","infects",6083,364,0,500.415032634443
"12540","infects",6083,365,0,484.095309477714
"12541","infects",6083,366,0,472.503421072774
"12542","infects",6083,367,0,464.544971482401
"12543","infects",6083,368,0,459.025581206872
"12544","infects",6083,369,0,454.756002945324
"12545","infects",6083,370,0,450.659418989412
"12546","infects",6083,371,0,445.885731488999
"12547","infects",6083,372,0,439.917416768442
"12548","infects",6083,373,0,432.638101003052
"12549","infects",6083,374,0,424.336432229342
"12550","infects",6083,375,0,415.635229985942
"12551","infects",6083,376,0,407.361133852984
"12552","infects",6083,377,0,400.389407817172
"12553","infects",6083,378,0,395.50189487704
"12554","infects",6083,379,0,393.263812354946
"12555","infects",6083,380,0,394.033166207163
"12556","infects",6083,381,0,397.841464863719
"12557","infects",6083,382,0,404.440575437002
"12558","infects",6083,383,0,413.294626790713
"12559","infects",6083,384,0,423.598525490287
"12560","infects",6083,385,0,434.32599735121
"12561","infects",6083,386,0,444.324834036916
"12562","infects",6083,387,0,452.467626928624
"12563","infects",6083,388,0,457.844350470769
"12564","infects",6083,389,0,459.956272287318
"12565","infects",6083,390,0,458.853472089763
"12566","infects",6083,391,0,455.165124047376
"12567","infects",6083,392,0,450.005297627405
"12568","infects",6083,393,0,444.782433400444
"12569","infects",6083,394,0,440.973076328914
"12570","infects",6083,395,0,439.922500942147
"12571","infects",6083,396,0,442.708588015206
"12572","infects",6083,397,0,450.068777362759
"12573","infects",6083,398,0,462.363034049981
"12574","infects",6083,399,0,479.538736299025
"12575","infects",6083,400,0,501.075416531422
"12576","infects",6083,401,0,525.911972116817
"12577","infects",6083,402,0,552.388718999171
"12578","infects",6083,403,0,578.262243525476
"12579","infects",6083,404,0,600.858962768412
"12580","infects",6083,405,0,617.407889739905
"12581","infects",6083,406,0,625.527380319351
"12582","infects",6083,407,0,623.752387171106
"12583","infects",6083,408,0,611.924927723084
"12584","infects",6083,409,0,591.283926338911
"12585","infects",6083,410,0,564.19615358985
"12586","infects",6083,411,0,533.618391740722
"12587","infects",6083,412,0,502.485688644368
"12588","infects",6083,413,0,473.22274439256
"12589","infects",6083,414,0,447.487311305572
"12590","infects",6083,415,0,426.141484773533
"12591","infects",6083,416,0,409.372100572238
"12592","infects",6083,417,0,396.866787097995
"12593","infects",6083,418,0,387.980081008286
"12594","infects",6083,419,0,381.863908576114
"12595","infects",6083,420,0,377.567871250249
"12596","infects",6083,421,0,374.127726440413
"12597","infects",6083,422,0,370.657965428855
"12598","infects",6083,423,0,366.460161782437
"12599","infects",6083,424,0,361.08435267682
"12600","infects",6083,425,0,354.436318334218
"12601","infects",6083,426,0,346.758400871935
"12602","infects",6083,427,0,338.578791960956
"12603","infects",6083,428,0,330.602425247632
"12604","infects",6083,429,0,323.578979886856
"12605","infects",6083,430,0,318.181311344439
"12606","infects",6083,431,0,314.917089156023
"12607","infects",6083,432,0,314.079134217293
"12608","infects",6083,433,0,315.725855527381
"12609","infects",6083,434,0,319.678358215826
"12610","infects",6083,435,0,325.5253435686
"12611","infects",6083,436,0,332.636803830034
"12612","infects",6083,437,0,340.197229389037
"12613","infects",6083,438,0,347.273271798476
"12614","infects",6083,439,0,352.925444412277
"12615","infects",6083,440,0,356.357485858916
"12616","infects",6083,441,0,357.075125680125
"12617","infects",6083,442,0,355.009102636705
"12618","infects",6083,443,0,350.557939543449
"12619","infects",6083,444,0,344.529231329484
"12620","infects",6083,445,0,337.99497463909
"12621","infects",6083,446,0,332.107157009434
"12622","infects",6083,447,0,327.927565299743
"12623","infects",6083,448,0,326.308445563133
"12624","infects",6083,449,0,327.831066731179
"12625","infects",6083,450,0,332.784488410095
"12626","infects",6083,451,0,341.157239931745
"12627","infects",6083,452,0,352.620697463237
"12628","infects",6083,453,0,366.499361122802
"12629","infects",6083,454,0,381.743532305436
"12630","infects",6083,455,0,396.937734406736
"12631","infects",6083,456,0,410.385903250341
"12632","infects",6083,457,0,420.302806603158
"12633","infects",6083,458,0,425.105019656154
"12634","infects",6083,459,0,423.741750108261
"12635","infects",6083,460,0,415.961353645282
"12636","infects",6083,461,0,402.406565614065
"12637","infects",6083,462,0,384.485961741658
"12638","infects",6083,463,0,364.05907817261
"12639","infects",6083,464,0,343.047223929538
"12640","infects",6083,465,0,323.098270570424
"12641","infects",6083,466,0,305.388735045245
"12642","infects",6083,467,0,290.575621057217
"12643","infects",6083,468,0,278.856019418266
"12644","infects",6083,469,0,270.074749109931
"12645","infects",6083,470,0,263.833228091593
"12646","infects",6083,471,0,259.577912696654
"12647","infects",6083,472,0,256.668444089005
"12648","infects",6083,473,0,254.43699549697
"12649","infects",6083,474,0,252.250762607914
"12650","infects",6083,475,0,249.581839967765
"12651","infects",6083,476,0,246.067294340416
"12652","infects",6083,477,0,241.598469646702
"12653","infects",6083,478,0,236.290942417521
"12654","infects",6083,479,0,230.484385422393
"12655","infects",6083,480,0,224.666551062093
"12656","infects",6083,481,0,219.38071199623
"12657","infects",6083,482,0,215.135200798978
"12658","infects",6083,483,0,212.33434148059
"12659","infects",6083,484,0,211.237754079516
"12660","infects",6083,485,0,211.943283993893
"12661","infects",6083,486,0,214.383212527076
"12662","infects",6083,487,0,218.325149904189
"12663","infects",6083,488,0,223.375792666989
"12664","infects",6083,489,0,228.993787404212
"12665","infects",6083,490,0,234.523399645374
"12666","infects",6083,491,0,239.2600530143
"12667","infects",6083,492,0,242.5499298274
"12668","infects",6083,493,0,243.909942513715
"12669","infects",6083,494,0,243.137895878578
"12670","infects",6083,495,0,240.3757056027
"12671","infects",6083,496,0,236.098907977609
"12672","infects",6083,497,0,231.031523940736
"12673","infects",6083,498,0,226.013700103196
"12674","infects",6083,499,0,221.864435674041
"12675","infects",6083,500,0,219.275643819106
"12676","infects",6083,501,0,218.752721835962
"12677","infects",6083,502,0,220.594269716135
"12678","infects",6083,503,0,224.890707233644
"12679","infects",6083,504,0,231.521490787946
"12680","infects",6083,505,0,240.140295752141
"12681","infects",6083,506,0,250.151895648557
"12682","infects",6083,507,0,260.699080877357
"12683","infects",6083,508,0,270.688230309579
"12684","infects",6083,509,0,278.881980739523
"12685","infects",6083,510,0,284.070675197602
"12686","infects",6083,511,0,285.300475488553
"12687","infects",6083,512,0,282.097089505804
"12688","infects",6083,513,0,274.603388055392
"12689","infects",6083,514,0,263.567743547508
"12690","infects",6083,515,0,250.176576240675
"12691","infects",6083,516,0,235.789909637146
"12692","infects",6083,517,0,221.673848388566
"12693","infects",6083,518,0,208.810379228638
"12694","infects",6083,519,0,197.826031270483
"12695","infects",6083,520,0,188.974467743835
"12696","infects",6083,521,0,182.249395201239
"12697","infects",6083,522,0,177.431044237357
"12698","infects",6083,523,0,174.173859272959
"12699","infects",6083,524,0,172.058800452576
"12700","infects",6083,525,0,170.627749653644
"12701","infects",6083,526,0,169.425154613772
"12702","infects",6083,527,0,168.045529902329
"12703","infects",6083,528,0,166.184766417073
"12704","infects",6083,529,0,163.686076650055
"12705","infects",6083,530,0,160.56652692665
"12706","infects",6083,531,0,157.012550934993
"12707","infects",6083,532,0,153.342330417308
"12708","infects",6083,533,0,149.944797732702
"12709","infects",6083,534,0,147.212631540614
"12710","infects",6083,535,0,145.485901027668
"12711","infects",6083,536,0,145.015188424696
"12712","infects",6083,537,0,145.943260454842
"12713","infects",6083,538,0,148.297905493653
"12714","infects",6083,539,0,151.987767939581
"12715","infects",6083,540,0,156.797161398153
"12716","infects",6083,541,0,162.382550920096
"12717","infects",6083,542,0,168.279846806083
"12718","infects",6083,543,0,173.934859010994
"12719","infects",6083,544,0,178.766254261843
"12720","infects",6083,545,0,182.259574519507
"12721","infects",6083,546,0,184.074676118732
"12722","infects",6083,547,0,184.134983268453
"12723","infects",6083,548,0,182.665228124301
"12724","infects",6083,549,0,180.159940018577
"12725","infects",6083,550,0,177.291817852537
"12726","infects",6083,551,0,174.792263129415
"12727","infects",6083,552,0,173.342373274177
"12728","infects",6083,553,0,173.499798098844
"12729","infects",6083,554,0,175.665009143149
"12730","infects",6083,555,0,180.072656755184
"12731","infects",6083,556,0,186.787054214916
"12732","infects",6083,557,0,195.685241571
"12733","infects",6083,558,0,206.422662729473
"12734","infects",6083,559,0,218.391459762502
"12735","infects",6083,560,0,230.696449370583
"12736","infects",6083,561,0,242.183895742189
"12737","infects",6083,562,0,251.554992166984
"12738","infects",6083,563,0,257.571663654246
"12739","infects",6083,564,0,259.318424586967
"12740","infects",6083,565,0,256.439311187906
"12741","infects",6083,566,0,249.254331848154
"12742","infects",6083,567,0,238.696506723191
"12743","infects",6083,568,0,226.086081260586
"12744","infects",6083,569,0,212.828830047107
"12745","infects",6083,570,0,200.147297106372
"12746","infects",6083,571,0,188.919453409141
"12747","infects",6083,572,0,179.630102211625
"12748","infects",6083,573,0,172.448783038543
"12749","infects",6083,574,0,167.271706118383
"12750","infects",6083,575,0,163.82974780537
"12751","infects",6083,576,0,161.747298450168
"12752","infects",6083,577,0,160.589208875458
"12753","infects",6083,578,0,159.900549866061
"12754","infects",6083,579,0,159.24955469419
"12755","infects",6083,580,0,158.27776446443
"12756","infects",6083,581,0,156.752009176508
"12757","infects",6083,582,0,154.60495271821
"12758","infects",6083,583,0,151.949183493157
"12759","infects",6083,584,0,149.056467144594
"12760","infects",6083,585,0,146.306143884383
"12761","infects",6083,586,0,144.117957296724
"12762","infects",6083,587,0,142.888322429079
"12763","infects",6083,588,0,142.943596185071
"12764","infects",6083,589,0,144.513422306757
"12765","infects",6083,590,0,147.717993796639
"12766","infects",6083,591,0,152.559380936526
"12767","infects",6083,592,0,158.909582301106
"12768","infects",6083,593,0,166.494865784294
"12769","infects",6083,594,0,174.884598363398
"12770","infects",6083,595,0,183.499978389575
"12771","infects",6083,596,0,191.659926823806
"12772","infects",6083,597,0,198.673791735106
"12773","infects",6083,598,0,203.972341745703
"12774","infects",6083,599,0,207.245559158316
"12775","infects",6083,600,0,208.541020305707
"12776","infects",6083,601,0,208.283201656901
"12777","infects",6083,602,0,207.203361849006
"12778","infects",6083,603,0,206.206659242114
"12779","infects",6083,604,0,206.225595116484
"12780","infects",6083,605,0,208.104293941471
"12781","infects",6083,606,0,212.532670974468
"12782","infects",6083,607,0,220.020702815425
"12783","infects",6083,608,0,230.885570037023
"12784","infects",6083,609,0,245.222865139433
"12785","infects",6083,610,0,262.844285544971
"12786","infects",6083,611,0,283.184025014296
"12787","infects",6083,612,0,305.201566985103
"12788","infects",6083,613,0,327.334955416799
"12789","infects",6083,614,0,347.573768048284
"12790","infects",6083,615,0,363.705616455795
"12791","infects",6083,616,0,373.737536909947
"12792","infects",6083,617,0,376.349993487668
"12793","infects",6083,618,0,371.308942684204
"12794","infects",6083,619,0,359.546123609599
"12795","infects",6083,620,0,342.928465231947
"12796","infects",6083,621,0,323.779407815332
"12797","infects",6083,622,0,304.35089052177
"12798","infects",6083,623,0,286.429885773959
"12799","infects",6083,624,0,271.164325067473
"12800","infects",6083,625,0,259.082738101116
"12801","infects",6083,626,0,250.221928515289
"12802","infects",6083,627,0,244.278060098007
"12803","infects",6083,628,0,240.731959154568
"12804","infects",6083,629,0,238.937861934093
"12805","infects",6083,630,0,238.18900715827
"12806","infects",6083,631,0,237.78050521051
"12807","infects",6083,632,0,237.083318856453
"12808","infects",6083,633,0,235.62846374024
"12809","infects",6083,634,0,233.184676499444
"12810","infects",6083,635,0,229.804020975441
"12811","infects",6083,636,0,225.814590650624
"12812","infects",6083,637,0,221.757101387546
"12813","infects",6083,638,0,218.283582775367
"12814","infects",6083,639,0,216.049001759907
"12815","infects",6083,640,0,215.623538540371
"12816","infects",6083,641,0,217.437825009512
"12817","infects",6083,642,0,221.756009562406
"12818","infects",6083,643,0,228.661313041522
"12819","infects",6083,644,0,238.039213193121
"12820","infects",6083,645,0,249.552667314401
"12821","infects",6083,646,0,262.617677796367
"12822","infects",6083,647,0,276.40111955927
"12823","infects",6083,648,0,289.869967455192
"12824","infects",6083,649,0,301.914656362043
"12825","infects",6083,650,0,311.544720220634
"12826","infects",6083,651,0,318.117233756956
"12827","infects",6083,652,0,321.526577603695
"12828","infects",6083,653,0,322.281910445513
"12829","infects",6083,654,0,321.437170685682
"12830","infects",6083,655,0,320.400142673985
"12831","infects",6083,656,0,320.695088169932
"12832","infects",6083,657,0,323.758977658167
"12833","infects",6083,658,0,330.815895710757
"12834","infects",6083,659,0,342.824302937507
"12835","infects",6083,660,0,360.455679844152
"12836","infects",6083,661,0,384.052934490047
"12837","infects",6083,662,0,413.530099937281
"12838","infects",6083,663,0,448.204630666489
"12839","infects",6083,664,0,486.596313236449
"12840","infects",6083,665,0,526.277577166688
"12841","infects",6083,666,0,563.901756823816
"12842","infects",6083,667,0,595.533577121245
"12843","infects",6083,668,0,617.322090550775
"12844","infects",6083,669,0,626.364495728493
"12845","infects",6083,670,0,621.605935752228
"12846","infects",6083,671,0,604.097784351893
"12847","infects",6083,672,0,576.808576875245
"12848","infects",6083,673,0,543.814348956541
"12849","infects",6083,674,0,509.300086023064
"12850","infects",6083,675,0,476.738695466594
"12851","infects",6083,676,0,448.4680026444
"12852","infects",6083,677,0,425.66215312824
"12853","infects",6083,678,0,408.547434658188
"12854","infects",6083,679,0,396.690295297247
"12855","infects",6083,680,0,389.245249141302
"12856","infects",6083,681,0,385.127391852643
"12857","infects",6083,682,0,383.127917882483
"12858","infects",6083,683,0,382.011598838699
"12859","infects",6083,684,0,380.628798266206
"12860","infects",6083,685,0,378.051133271256
"12861","infects",6083,686,0,373.710471650704
"12862","infects",6083,687,0,367.499247809846
"12863","infects",6083,688,0,359.789328711861
"12864","infects",6083,689,0,351.351050120931
"12865","infects",6083,690,0,343.192201769045
"12866","infects",6083,691,0,336.366649588297
"12867","infects",6083,692,0,331.806602327036
"12868","infects",6083,693,0,330.211252724187
"12869","infects",6083,694,0,331.993375494196
"12870","infects",6083,695,0,337.262804439259
"12871","infects",6083,696,0,345.820847951502
"12872","infects",6083,697,0,357.150953309316
"12873","infects",6083,698,0,370.410679820896
"12874","infects",6083,699,0,384.449474388254
"12875","infects",6083,700,0,397.886973954989
"12876","infects",6083,701,0,409.278844051197
"12877","infects",6083,702,0,417.366710996587
"12878","infects",6083,703,0,421.362454053026
"12879","infects",6083,704,0,421.177970714198
"12880","infects",6083,705,0,417.509315942948
"12881","infects",6083,706,0,411.732447599381
"12882","infects",6083,707,0,405.645805093916
"12883","infects",6083,708,0,401.156362644845
"12884","infects",6083,709,0,400.013588694754
"12885","infects",6083,710,0,403.650588991095
"12886","infects",6083,711,0,413.127266383697
"12887","infects",6083,712,0,429.139794563403
"12888","infects",6083,713,0,451.939754464597
"12889","infects",6083,714,0,481.328011343737
"12890","infects",6083,715,0,516.445572644149
"12891","infects",6083,716,0,555.581122366323
"12892","infects",6083,717,0,596.017792744366
"12893","infects",6083,718,0,634.065448784209
"12894","infects",6083,719,0,665.414101242103
"12895","infects",6083,720,0,685.857432419812
"12896","infects",6083,721,0,692.258790887193
"12897","infects",6083,722,0,683.440939703545
"12898","infects",6083,723,0,660.613381670653
"12899","infects",6083,724,0,627.104712337043
"12900","infects",6083,725,0,587.485599186952
"12901","infects",6083,726,0,546.450354176846
"12902","infects",6083,727,0,507.887180501757
"12903","infects",6083,728,0,474.39611893196
"12904","infects",6083,729,0,447.25901063366
"12905","infects",6083,730,0,426.69267188123
"12906","infects",6083,731,0,412.185317030956
"12907","infects",6083,732,0,402.782887913963
"12908","infects",6083,733,0,397.281216125714
"12909","infects",6083,734,0,394.343661731436
"12910","infects",6083,735,0,392.590213561078
"12911","infects",6083,736,0,390.70014373527
"12912","infects",6083,737,0,387.546750700123
"12913","infects",6083,738,0,382.349992320263
"12914","infects",6083,739,0,374.804184967887
"12915","infects",6083,740,0,365.128828778942
"12916","infects",6083,741,0,354.010108170857
"12917","infects",6083,742,0,342.441633679207
"12918","infects",6083,743,0,331.512865014093
"12919","infects",6083,744,0,322.208951333833
"12920","infects",6083,745,0,315.269637449893
"12921","infects",6083,746,0,311.121036535466
"12922","infects",6083,747,0,309.864125109295
"12923","infects",6083,748,0,311.291879740752
"12924","infects",6083,749,0,314.913710825864
"12925","infects",6083,750,0,319.982983297668
"12926","infects",6083,751,0,325.5407250622
"12927","infects",6083,752,0,330.497527855936
"12928","infects",6083,753,0,333.770023542945
"12929","infects",6083,754,0,334.466356526592
"12930","infects",6083,755,0,332.083266099267
"12931","infects",6083,756,0,326.652386565932
"12932","infects",6083,757,0,318.775114585389
"12933","infects",6083,758,0,309.521785033845
"12934","infects",6083,759,0,300.226206407805
"12935","infects",6083,760,0,292.248399681769
"12936","infects",6083,761,0,286.78141118404
"12937","infects",6083,762,0,284.743786727044
"12938","infects",6083,763,0,286.752304011833
"12939","infects",6083,764,0,293.136399400916
"12940","infects",6083,765,0,303.931615384201
"12941","infects",6083,766,0,318.906982440455
"12942","infects",6083,767,0,337.414185137144
"12943","infects",6083,768,0,358.327755563479
"12944","infects",6083,769,0,379.959384592253
"12945","infects",6083,770,0,400.086134599321
"12946","infects",6083,771,0,416.160025052418
"12947","infects",6083,772,0,425.726697663418
"12948","infects",6083,773,0,426.981368378664
"12949","infects",6083,774,0,419.281284978173
"12950","infects",6083,775,0,403.392608353067
"12951","infects",6083,776,0,381.333727749642
"12952","infects",6083,777,0,355.859062436027
"12953","infects",6083,778,0,329.79493112936
"12954","infects",6083,779,0,305.48202945137
"12955","infects",6083,780,0,284.483117022325
"12956","infects",6083,781,0,267.563434706856
"12957","infects",6083,782,0,254.844461751964
"12958","infects",6083,783,0,246.009161518237
"12959","infects",6083,784,0,240.475414408583
"12960","infects",6083,785,0,237.50861989344
"12961","infects",6083,786,0,236.284804289147
"12962","infects",6083,787,0,235.933685862486
"12963","infects",6083,788,0,235.590953071509
"12964","infects",6083,789,0,234.476291995669
"12965","infects",6083,790,0,231.993339091282
"12966","infects",6083,791,0,227.826706353879
"12967","infects",6083,792,0,221.99964871613
"12968","infects",6083,793,0,214.862669137029
"12969","infects",6083,794,0,207.008081605413
"12970","infects",6083,795,0,199.135622031457
"12971","infects",6083,796,0,191.911943285166
"12972","infects",6083,797,0,185.862659130846
"12973","infects",6083,798,0,181.314781503765
"12974","infects",6083,799,0,178.384464736141
"12975","infects",6083,800,0,176.99219020754
"12976","infects",6083,801,0,176.888035185532
"12977","infects",6083,802,0,177.678910778727
"12978","infects",6083,803,0,178.860586802656
"12979","infects",6083,804,0,179.864117854964
"12980","infects",6083,805,0,180.125355639139
"12981","infects",6083,806,0,179.176638562468
"12982","infects",6083,807,0,176.744506460411
"12983","infects",6083,808,0,172.82421518018
"12984","infects",6083,809,0,167.705621209845
"12985","infects",6083,810,0,161.908791252102
"12986","infects",6083,811,0,156.107191134794
"12987","infects",6083,812,0,150.991758140728
"12988","infects",6083,813,0,147.172339292463
"12989","infects",6083,814,0,145.119061752521
"12990","infects",6083,815,0,145.146873570481
"12991","infects",6083,816,0,147.424990964896
"12992","infects",6083,817,0,151.987209174678
"12993","infects",6083,818,0,158.724372306788
"12994","infects",6083,819,0,167.351972226883
"12995","infects",6083,820,0,177.3603929397
"12996","infects",6083,821,0,187.970992478908
"12997","infects",6083,822,0,198.134695858312
"12998","infects",6083,823,0,206.612912366081
"12999","infects",6083,824,0,212.162165739468
"13000","infects",6083,825,0,213.799256334683
"13001","infects",6083,826,0,211.068035414579
"13002","infects",6083,827,0,204.197774684594
"13003","infects",6083,828,0,194.070522838911
"13004","infects",6083,829,0,181.998037153159
"13005","infects",6083,830,0,169.398813082311
"13006","infects",6083,831,0,157.50284676783
"13007","infects",6083,832,0,147.17666402054
"13008","infects",6083,833,0,138.887539416489
"13009","infects",6083,834,0,132.7653224975
"13010","infects",6083,835,0,128.700548116821
"13011","infects",6083,836,0,126.432139645815
"13012","infects",6083,837,0,125.60519904553
"13013","infects",6083,838,0,125.801831402532
"13014","infects",6083,839,0,126.559783520831
"13015","infects",6083,840,0,127.395901295978
"13016","infects",6083,841,0,127.846286226449
"13017","infects",6083,842,0,127.524435464628
"13018","infects",6083,843,0,126.185570632323
"13019","infects",6083,844,0,123.775459679457
"13020","infects",6083,845,0,120.44193123775
"13021","infects",6083,846,0,116.499496272029
"13022","infects",6083,847,0,112.356549599255
"13023","infects",6083,848,0,108.429437285078
"13024","infects",6083,849,0,105.069624380483
"13025","infects",6083,850,0,102.519644427011
"13026","infects",6083,851,0,100.898605197659
"13027","infects",6083,852,0,100.207648814983
"13028","infects",6083,853,0,100.343718291025
"13029","infects",6083,854,0,101.114511762442
"13030","infects",6083,855,0,102.254388867374
"13031","infects",6083,856,0,103.44636216902
"13032","infects",6083,857,0,104.35659920228
"13033","infects",6083,858,0,104.68390908895
"13034","infects",6083,859,0,104.218298832981
"13035","infects",6083,860,0,102.893530573774
"13036","infects",6083,861,0,100.814606738166
"13037","infects",6083,862,0,98.2436084081125
"13038","infects",6083,863,0,95.5638454988854
"13039","infects",6083,864,0,93.1955699698928
"13040","infects",6083,865,0,91.5404500280241
"13041","infects",6083,866,0,90.9358881829276
"13042","infects",6083,867,0,91.6372640221332
"13043","infects",6083,868,0,93.8179256293879
"13044","infects",6083,869,0,97.5724587701431
"13045","infects",6083,870,0,102.909673173572
"13046","infects",6083,871,0,109.727650145301
"13047","infects",6083,872,0,117.772113997739
"13048","infects",6083,873,0,126.59056768161
"13049","infects",6083,874,0,135.506636504935
"13050","infects",6083,875,0,143.646830659871
"13051","infects",6083,876,0,150.046267867284
"13052","infects",6083,877,0,153.832958871317
"13053","infects",6083,878,0,154.446455445068
"13054","infects",6083,879,0,151.809398264049
"13055","infects",6083,880,0,146.371400007156
"13056","infects",6083,881,0,138.99586967865
"13057","infects",6083,882,0,130.735129329455
"13058","infects",6083,883,0,122.588058020185
"13059","infects",6083,884,0,115.327082494054
"13060","infects",6083,885,0,109.430799058439
"13061","infects",6083,886,0,105.104637671319
"13062","infects",6083,887,0,102.345187324136
"13063","infects",6083,888,0,101.007371747675
"13064","infects",6083,889,0,100.85280693327
"13065","infects",6083,890,0,101.576951527313
"13066","infects",6083,891,0,102.824722152621
"13067","infects",6083,892,0,104.208361889939
"13068","infects",6083,893,0,105.338865872372
"13069","infects",6083,894,0,105.874409186362
"13070","infects",6083,895,0,105.578046983003
"13071","infects",6083,896,0,104.366994496153
"13072","infects",6083,897,0,102.333223116071
"13073","infects",6083,898,0,99.7235553737577
"13074","infects",6083,899,0,96.8836894841983
"13075","infects",6083,900,0,94.1852947281623
"13076","infects",6083,901,0,91.9596785046026
"13077","infects",6083,902,0,90.4540477610944
"13078","infects",6083,903,0,89.8133471824461
"13079","infects",6083,904,0,90.0803371276144
"13080","infects",6083,905,0,91.2072922289947
"13081","infects",6083,906,0,93.0502474405502
"13082","infects",6083,907,0,95.3961536349516
"13083","infects",6083,908,0,97.9640320731098
"13084","infects",6083,909,0,100.432341165376
"13085","infects",6083,910,0,102.481519356968
"13086","infects",6083,911,0,103.852259157524
"13087","infects",6083,912,0,104.407258074401
"13088","infects",6083,913,0,104.176659154586
"13089","infects",6083,914,0,103.368847951253
"13090","infects",6083,915,0,102.340479864553
"13091","infects",6083,916,0,101.53669006302
"13092","infects",6083,917,0,101.424021184242
"13093","infects",6083,918,0,102.437712048013
"13094","infects",6083,919,0,104.953277980565
"13095","infects",6083,920,0,109.277757210217
"13096","infects",6083,921,0,115.646134526169
"13097","infects",6083,922,0,124.206053553472
"13098","infects",6083,923,0,134.977978212992
"13099","infects",6083,924,0,147.787141838222
"13100","infects",6083,925,0,162.178041857364
"13101","infects",6083,926,0,177.341467723283
"13102","infects",6083,927,0,192.102501109095
"13103","infects",6083,928,0,205.021782797824
"13104","infects",6083,929,0,214.634542244472
"13105","infects",6083,930,0,219.788432129773
"13106","infects",6083,931,0,219.968664536605
"13107","infects",6083,932,0,215.469522371819
"13108","infects",6083,933,0,207.323492687876
"13109","infects",6083,934,0,197.013408365429
"13110","infects",6083,935,0,186.095038102299
"13111","infects",6083,936,0,175.879978440913
"13112","infects",6083,937,0,167.26810087021
"13113","infects",6083,938,0,160.730181534955
"13114","infects",6083,939,0,156.382891473402
"13115","infects",6083,940,0,154.089390782198
"13116","infects",6083,941,0,153.542615620326
"13117","infects",6083,942,0,154.319117562958
"13118","infects",6083,943,0,155.913192649598
"13119","infects",6083,944,0,157.770096697834
"13120","infects",6083,945,0,159.33496233583
"13121","infects",6083,946,0,160.12316854078
"13122","infects",6083,947,0,159.802094189205
"13123","infects",6083,948,0,158.260155181374
"13124","infects",6083,949,0,155.635393232471
"13125","infects",6083,950,0,152.287528545892
"13126","infects",6083,951,0,148.719748788284
"13127","infects",6083,952,0,145.476705707581
"13128","infects",6083,953,0,143.051134812881
"13129","infects",6083,954,0,141.821152652543
"13130","infects",6083,955,0,142.022212000162
"13131","infects",6083,956,0,143.743326095637
"13132","infects",6083,957,0,146.932768757075
"13133","infects",6083,958,0,151.394049877798
"13134","infects",6083,959,0,156.822560388102
"13135","infects",6083,960,0,162.774964859457
"13136","infects",6083,961,0,168.727444448484
"13137","infects",6083,962,0,174.136402650214
"13138","infects",6083,963,0,178.536213922247
"13139","infects",6083,964,0,181.650055651249
"13140","infects",6083,965,0,183.480320255624
"13141","infects",6083,966,0,184.344564791782
"13142","infects",6083,967,0,184.841509200449
"13143","infects",6083,968,0,185.760849075027
"13144","infects",6083,969,0,187.973001893829
"13145","infects",6083,970,0,192.336732016573
"13146","infects",6083,971,0,199.644523750469
"13147","infects",6083,972,0,210.600130381439
"13148","infects",6083,973,0,225.803287221505
"13149","infects",6083,974,0,245.709240732183
"13150","infects",6083,975,0,270.535246203854
"13151","infects",6083,976,0,300.1017664823
"13152","infects",6083,977,0,333.624799405556
"13153","infects",6083,978,0,369.51855011813
"13154","infects",6083,979,0,405.314345609952
"13155","infects",6083,980,0,437.822284269949
"13156","infects",6083,981,0,463.614608239237
"13157","infects",6083,982,0,479.775007265458
"13158","infects",6083,983,0,484.684179022427
"13159","infects",6083,984,0,478.515353186854
"13160","infects",6083,985,0,463.197693353692
"13161","infects",6083,986,0,441.851551883686
"13162","infects",6083,987,0,417.9513278908
"13163","infects",6083,988,0,394.561152800992
"13164","infects",6083,989,0,373.880206643154
"13165","infects",6083,990,0,357.136983489776
"13166","infects",6083,991,0,344.723209435028
"13167","infects",6083,992,0,336.418536346067
"13168","infects",6083,993,0,331.599591105678
"13169","infects",6083,994,0,329.39344331299
"13170","infects",6083,995,0,328.785861715848
"13171","infects",6083,996,0,328.715977261474
"13172","infects",6083,997,0,328.184893356425
"13173","infects",6083,998,0,326.385074921984
"13174","infects",6083,999,0,322.830596934188
"13175","infects",6083,1000,0,317.448901576824
"13176","infects",6083,1001,0,310.595183823752
"13177","infects",6083,1002,0,302.985594128548
"13178","infects",6083,1003,0,295.505587760324
"13179","infects",6083,1004,0,289.09314795542
"13180","infects",6083,1005,0,284.555192206385
"13181","infects",6083,1006,0,282.480192313588
"13182","infects",6083,1007,0,283.197535536751
"13183","infects",6083,1008,0,286.771854625434
"13184","infects",6083,1009,0,293.009689097176
"13185","infects",6083,1010,0,301.466299638576
"13186","infects",6083,1011,0,311.456912679859
"13187","infects",6083,1012,0,322.090992741601
"13188","infects",6083,1013,0,332.353206319854
"13189","infects",6083,1014,0,341.245100212751
"13190","infects",6083,1015,0,347.976419264565
"13191","infects",6083,1016,0,352.162992668077
"13192","infects",6083,1017,0,353.967412122281
"13193","infects",6083,1018,0,354.12755056936
"13194","infects",6083,1019,0,353.858845564204
"13195","infects",6083,1020,0,354.668545700234
"13196","infects",6083,1021,0,358.152233184772
"13197","infects",6083,1022,0,365.83630374109
"13198","infects",6083,1023,0,379.09226927058
"13199","infects",6083,1024,0,399.104230458867
"13200","infects",6083,1025,0,426.84111181691
"13201","infects",6083,1026,0,462.977754640659
"13202","infects",6083,1027,0,507.721535619782
"13203","infects",6083,1028,0,560.53216069728
"13204","infects",6083,1029,0,619.774377851553
"13205","infects",6083,1030,0,682.415484982209
"13206","infects",6083,1031,0,743.95035838351
"13207","infects",6083,1032,0,798.754377849577
"13208","infects",6083,1033,0,840.965372754672
"13209","infects",6083,1034,0,865.76311145181
"13210","infects",6083,1035,0,870.642721947668
"13211","infects",6083,1036,0,856.15481030664
"13212","infects",6083,1037,0,825.754737573206
"13213","infects",6083,1038,0,784.809597571557
"13214","infects",6083,1039,0,739.198544533519
"13215","infects",6083,1040,0,694.060792476836
"13216","infects",6083,1041,0,653.059837733099
"13217","infects",6083,1042,0,618.219123148192
"13218","infects",6083,1043,0,590.153377790997
"13219","infects",6083,1044,0,568.486180973041
"13220","infects",6083,1045,0,552.171361901286
"13221","infects",6083,1046,0,539.798464004832
"13222","infects",6083,1047,0,529.839733283111
"13223","infects",6083,1048,0,520.818183569934
"13224","infects",6083,1049,0,511.469534031417
"13225","infects",6083,1050,0,500.897035064771
"13226","infects",6083,1051,0,488.692433345394
"13227","infects",6083,1052,0,474.984203309162
"13228","infects",6083,1053,0,460.385960960988
"13229","infects",6083,1054,0,445.849806446578
"13230","infects",6083,1055,0,432.450931906238
"13231","infects",6083,1056,0,421.232012721639
"13232","infects",6083,1057,0,412.984957731655
"13233","infects",6083,1058,0,408.198415501713
"13234","infects",6083,1059,0,407.017272663641
"13235","infects",6083,1060,0,409.244012867593
"13236","infects",6083,1061,0,414.353890986888
"13237","infects",6083,1062,0,421.51878293634
"13238","infects",6083,1063,0,429.651817192241
"13239","infects",6083,1064,0,437.49521499089
"13240","infects",6083,1065,0,443.7697768944
"13241","infects",6083,1066,0,447.383056967262
"13242","infects",6083,1067,0,447.659850268322
"13243","infects",6083,1068,0,444.529408443705
"13244","infects",6083,1069,0,438.600022037967
"13245","infects",6083,1070,0,431.084552150347
"13246","infects",6083,1071,0,423.598100815556
"13247","infects",6083,1072,0,417.899303344088
"13248","infects",6083,1073,0,415.659954499171
"13249","infects",6083,1074,0,418.318663828909
"13250","infects",6083,1075,0,427.024083094398
"13251","infects",6083,1076,0,442.630594235521
"13252","infects",6083,1077,0,465.6907457364
"13253","infects",6083,1078,0,496.3943393529
"13254","infects",6083,1079,0,534.426747881135
"13255","infects",6083,1080,0,578.754135357371
"13256","infects",6083,1081,0,627.389636706842
"13257","infects",6083,1082,0,677.246255436604
"13258","infects",6083,1083,0,724.217495197512
"13259","infects",6083,1084,0,763.607191627871
"13260","infects",6083,1085,0,790.922747188707
"13261","infects",6083,1086,0,802.865356316004
"13262","infects",6083,1087,0,798.185204247068
"13263","infects",6083,1088,0,778.044435786026
"13264","infects",6083,1089,0,745.70743649614
"13265","infects",6083,1090,0,705.675173515884
"13266","infects",6083,1091,0,662.615079796658
"13267","infects",6083,1092,0,620.470402146456
"13268","infects",6083,1093,0,581.974596337216
"13269","infects",6083,1094,0,548.578959010674
"13270","infects",6083,1095,0,497.810027731201
"13271","infects",6083,1096,0,479.178790647445
"13272","infects",6083,1097,0,463.693201621434
"13273","infects",6083,1098,0,450.185893824565
"13274","infects",6083,1099,0,437.63642843545
"13275","infects",6083,1100,0,425.225336432786
"13276","infects",6083,1101,0,412.438928127838
"13277","infects",6083,1102,0,399.119316546198
"13278","infects",6083,1103,0,385.457590811747
"13279","infects",6083,1104,0,371.925254843663
"13280","infects",6083,1105,0,359.157791432492
"13281","infects",6083,1106,0,347.819463998281
"13282","infects",6083,1107,0,338.481361968899
"13283","infects",6083,1108,0,331.534320432522
"13284","infects",6083,1109,0,327.141756841977
"13285","infects",6083,1110,0,325.22415501556
"13286","infects",6083,1111,0,325.462748907697
"13287","infects",6083,1112,0,327.314877437462
"13288","infects",6083,1113,0,330.043133586209
"13289","infects",6083,1114,0,332.768844904625
"13290","infects",6083,1115,0,334.562008271111
"13291","infects",6083,1116,0,334.570975502567
"13292","infects",6083,1117,0,332.176672275752
"13293","infects",6083,1118,0,327.135162310324
"13294","infects",6083,1119,0,319.661602522522
"13295","infects",6083,1120,0,310.419285675134
"13296","infects",6083,1121,0,300.40955513707
"13297","infects",6083,1122,0,290.796827686268
"13298","infects",6083,1123,0,282.725999701983
"13299","infects",6083,1124,0,277.184343871049
"13300","infects",6083,1125,0,274.931969800287
"13301","infects",6083,1126,0,276.491929772867
"13302","infects",6083,1127,0,282.169600316844
"13303","infects",6083,1128,0,292.066818579473
"13304","infects",6083,1129,0,306.065587709651
"13305","infects",6083,1130,0,323.772594848274
"13306","infects",6083,1131,0,344.43542044634
"13307","infects",6083,1132,0,366.862415418074
"13308","infects",6083,1133,0,389.396934060671
"13309","infects",6083,1134,0,410.003190341809
"13310","infects",6083,1135,0,426.50163500542
"13311","infects",6083,1136,0,436.938991470249
"13312","infects",6083,1137,0,440.005434243524
"13313","infects",6083,1138,0,435.357457255374
"13314","infects",6083,1139,0,423.713439481789
"13315","infects",6083,1140,0,406.671630289151
"13316","infects",6083,1141,0,386.316854839706
"13317","infects",6083,1142,0,364.763868395923
"13318","infects",6083,1143,0,343.787235404107
"13319","infects",6083,1144,0,324.62125700883
"13320","infects",6083,1145,0,307.929524488105
"13321","infects",6083,1146,0,293.888793157447
"13322","infects",6083,1147,0,282.320681074068
"13323","infects",6083,1148,0,272.823484464787
"13324","infects",6083,1149,0,264.88306933927
"13325","infects",6083,1150,0,257.943483158747
"13326","infects",6083,1151,0,251.543069244726
"13327","infects",6083,1152,0,245.28625011398
"13328","infects",6083,1153,0,238.939554390349
"13329","infects",6083,1154,0,232.443092235555
"13330","infects",6083,1155,0,225.905311359369
"13331","infects",6083,1156,0,219.568611045142
"13332","infects",6083,1157,0,213.752917306563
"13333","infects",6083,1158,0,208.790529694
"13334","infects",6083,1159,0,204.966329510104
"13335","infects",6083,1160,0,202.472733227129
"13336","infects",6083,1161,0,201.381712716553
"13337","infects",6083,1162,0,201.630789978964
"13338","infects",6083,1163,0,203.018605158255
"13339","infects",6083,1164,0,205.208414502624
"13340","infects",6083,1165,0,207.742676742368
"13341","infects",6083,1166,0,210.075728104627
"13342","infects",6083,1167,0,211.63136415726
"13343","infects",6083,1168,0,211.885918885109
"13344","infects",6083,1169,0,210.465776642295
"13345","infects",6083,1170,0,207.235758386139
"13346","infects",6083,1171,0,202.349159254179
"13347","infects",6083,1172,0,196.23778852002
"13348","infects",6083,1173,0,189.540599778487
"13349","infects",6083,1174,0,182.992927035823
"13350","infects",6083,1175,0,177.311933489733
"13351","infects",6083,1176,0,173.110321233848
"13352","infects",6083,1177,0,170.853163040604
"13353","infects",6083,1178,0,170.852729699599
"13354","infects",6083,1179,0,173.283249011578
"13355","infects",6083,1180,0,178.195036655592
"13356","infects",6083,1181,0,185.512980812656
"13357","infects",6083,1182,0,195.013845125003
"13358","infects",6083,1183,0,206.287599118201
"13359","infects",6083,1184,0,218.698818188709
"13360","infects",6083,1185,0,231.373372334664
"13361","infects",6083,1186,0,243.238866988496
"13362","infects",6083,1187,0,253.138417717323
"13363","infects",6083,1188,0,260.012772663886
"13364","infects",6083,1189,0,263.111174922043
"13365","infects",6083,1190,0,262.163860865212
"13366","infects",6083,1191,0,257.449290950319
"13367","infects",6083,1192,0,249.724749457396
"13368","infects",6083,1193,0,240.043914552189
"13369","infects",6083,1194,0,229.539812285345
"13370","infects",6083,1195,0,219.181324021446
"13371","infects",6083,1196,0,209.709360174559
"13372","infects",6083,1197,0,201.562309574276
"13373","infects",6083,1198,0,194.908804089266
"13374","infects",6083,1199,0,189.704797064831
"13375","infects",6083,1200,0,185.757819987824
"13376","infects",6083,1201,0,182.7856555806
"13377","infects",6083,1202,0,180.46703240431
"13378","infects",6083,1203,0,178.486847041318
"13379","infects",6083,1204,0,176.577811043641
"13380","infects",6083,1205,0,174.556812322825
"13381","infects",6083,1206,0,172.350665298942
"13382","infects",6083,1207,0,170.004866069798
"13383","infects",6083,1208,0,167.671666471965
"13384","infects",6083,1209,0,165.579207569377
"13385","infects",6083,1210,0,163.988812601304
"13386","infects",6083,1211,0,163.14996762394
"13387","infects",6083,1212,0,163.260955204417
"13388","infects",6083,1213,0,164.438896146554
"13389","infects",6083,1214,0,166.698787287498
"13390","infects",6083,1215,0,169.939312789345
"13391","infects",6083,1216,0,173.934554240493
"13392","infects",6083,1217,0,178.334390129051
"13393","infects",6083,1218,0,182.68030028511
"13394","infects",6083,1219,0,186.444748714303
"13395","infects",6083,1220,0,189.098728260334
"13396","infects",6083,1221,0,190.202469739714
"13397","infects",6083,1222,0,189.501279679725
"13398","infects",6083,1223,0,186.998496145263
"13399","infects",6083,1224,0,182.978366487514
"13400","infects",6083,1225,0,177.966493013865
"13401","infects",6083,1226,0,172.638766290827
"13402","infects",6083,1227,0,167.709028742265
"13403","infects",6083,1228,0,163.830272574816
"13404","infects",6083,1229,0,161.532574289489
"13405","infects",6083,1230,0,161.201477596469
"13406","infects",6083,1231,0,163.084125740045
"13407","infects",6083,1232,0,167.303456975514
"13408","infects",6083,1233,0,173.863013412184
"13409","infects",6083,1234,0,182.63270360901
"13410","infects",6083,1235,0,193.315892229616
"13411","infects",6083,1236,0,205.408872604134
"13412","infects",6083,1237,0,218.173886411962
"13413","infects",6083,1238,0,230.653281318691
"13414","infects",6083,1239,0,241.749455764956
"13415","infects",6083,1240,0,250.377546671483
"13416","infects",6083,1241,0,255.666479574697
"13417","infects",6083,1242,0,257.151579854756
"13418","infects",6083,1243,0,254.889023237778
"13419","infects",6083,1244,0,249.443638426916
"13420","infects",6083,1245,0,241.750883654036
"13421","infects",6083,1246,0,232.904343763851
"13422","infects",6083,1247,0,223.935642616476
"13423","infects",6083,1248,0,215.687408716643
"13424","infects",6083,1249,0,208.707328198401
"13425","infects",6083,1250,0,203.269023783399
"13426","infects",6083,1251,0,199.409991665448
"13427","infects",6083,1252,0,196.988451486052
"13428","infects",6083,1253,0,195.738407798479
"13429","infects",6083,1254,0,195.318817207709
"13430","infects",6083,1255,0,195.359772632058
"13431","infects",6083,1256,0,195.509676661359
"13432","infects",6083,1257,0,195.483675607145
"13433","infects",6083,1258,0,195.107842498371
"13434","infects",6083,1259,0,194.349403864863
"13435","infects",6083,1260,0,193.323569227398
"13436","infects",6083,1261,0,192.272927398082
"13437","infects",6083,1262,0,191.523537718387
"13438","infects",6083,1263,0,191.428478601064
"13439","infects",6083,1264,0,192.311276473037
"13440","infects",6083,1265,0,194.418006988292
"13441","infects",6083,1266,0,197.880741386885
"13442","infects",6083,1267,0,202.690267751168
"13443","infects",6083,1268,0,208.67527829261
"13444","infects",6083,1269,0,215.488817848644
"13445","infects",6083,1270,0,222.608945287399
"13446","infects",6083,1271,0,229.3659091101
"13447","infects",6083,1272,0,235.008431854695
"13448","infects",6083,1273,0,238.813266409949
"13449","infects",6083,1274,0,240.224764282067
"13450","infects",6083,1275,0,238.990819504392
"13451","infects",6083,1276,0,235.250101778252
"13452","infects",6083,1277,0,229.534162844152
"13453","infects",6083,1278,0,222.677535226449
"13454","infects",6083,1279,0,215.66538697088
"13455","infects",6083,1280,0,209.470871350119
"13456","infects",6083,1281,0,204.930594983608
"13457","infects",6083,1282,0,202.68146049247
"13458","infects",6083,1283,0,203.152267626079
"13459","infects",6083,1284,0,206.584191703832
"13460","infects",6083,1285,0,213.050706352289
"13461","infects",6083,1286,0,222.4557966987
"13462","infects",6083,1287,0,234.503130296638
"13463","infects",6083,1288,0,248.644288733935
"13464","infects",6083,1289,0,264.029574117369
"13465","infects",6083,1290,0,279.508288407042
"13466","infects",6083,1291,0,293.658570112082
"13467","infects",6083,1292,0,305.008377744571
"13468","infects",6083,1293,0,312.265720162215
"13469","infects",6083,1294,0,314.609303419018
"13470","infects",6083,1295,0,311.898743582391
"13471","infects",6083,1296,0,304.722016259511
"13472","infects",6083,1297,0,294.252404574946
"13473","infects",6083,1298,0,281.967826764092
"13474","infects",6083,1299,0,269.337571662754
"13475","infects",6083,1300,0,257.576903439351
"13476","infects",6083,1301,0,247.520407397151
"13477","infects",6083,1302,0,239.607247166542
"13478","infects",6083,1303,0,233.936880630158
"13479","infects",6083,1304,0,230.349998887091
"13480","infects",6083,1305,0,228.505425389443
"13481","infects",6083,1306,0,227.943870010544
"13482","infects",6083,1307,0,228.14350253312
"13483","infects",6083,1308,0,228.576873129094
"13484","infects",6083,1309,0,228.774747809246
"13485","infects",6083,1310,0,228.39327163234
"13486","infects",6083,1311,0,227.271435559289
"13487","infects",6083,1312,0,225.461584966938
"13488","infects",6083,1313,0,223.220222940937
"13489","infects",6083,1314,0,220.958454675804
"13490","infects",6083,1315,0,219.164934329774
"13491","infects",6083,1316,0,218.321638254707
"13492","infects",6083,1317,0,218.830557188306
"13493","infects",6083,1318,0,220.959983108261
"13494","infects",6083,1319,0,224.80883411292
"13495","infects",6083,1320,0,230.282193706198
"13496","infects",6083,1321,0,237.073193411673
"13497","infects",6083,1322,0,244.654102490612
"13498","infects",6083,1323,0,252.289070058139
"13499","infects",6083,1324,0,259.086938456837
"13500","infects",6083,1325,0,264.108959564712
"13501","infects",6083,1326,0,266.529284331125
"13502","infects",6083,1327,0,265.818650284168
"13503","infects",6083,1328,0,261.896456627558
"13504","infects",6083,1329,0,255.191723505672
"13505","infects",6083,1330,0,246.580284195653
"13506","infects",6083,1331,0,237.214851877872
"13507","infects",6083,1332,0,228.308822815967
"13508","infects",6083,1333,0,220.947186882847
"13509","infects",6083,1334,0,215.973649519128
"13510","infects",6083,1335,0,213.960816567647
"13511","infects",6083,1336,0,215.235648200991
"13512","infects",6083,1337,0,219.919358032811
"13513","infects",6083,1338,0,227.947614674456
"13514","infects",6083,1339,0,239.053787218537
"13515","infects",6083,1340,0,252.717482983183
"13516","infects",6083,1341,0,268.099989560615
"13517","infects",6083,1342,0,284.005919093945
"13518","infects",6083,1343,0,298.902878999164
"13519","infects",6083,1344,0,311.138443421086
"13520","infects",6083,1345,0,319.136580896385
"13521","infects",6083,1346,0,321.784435534427
"13522","infects",6083,1347,0,318.715039439488
"13523","infects",6083,1348,0,310.427276396129
"13524","infects",6083,1349,0,298.169777308519
"13525","infects",6083,1350,0,283.628319182932
"13526","infects",6083,1351,0,268.540200807664
"13527","infects",6083,1352,0,254.372557197676
"13528","infects",6083,1353,0,242.145989618722
"13529","infects",6083,1354,0,232.406207663116
"13530","infects",6083,1355,0,225.292683791122
"13531","infects",6083,1356,0,220.642222580349
"13532","infects",6083,1357,0,218.084622901173
"13533","infects",6083,1358,0,217.115369993735
"13534","infects",6083,1359,0,217.151200450055
"13535","infects",6083,1360,0,217.583131406657
"13536","infects",6083,1361,0,217.838997715897
"13537","infects",6083,1362,0,217.457086813227
"13538","infects",6083,1363,0,216.159174154312
"13539","infects",6083,1364,0,213.901842055264
"13540","infects",6083,1365,0,210.885627195669
"13541","infects",6083,1366,0,207.513836698128
"13542","infects",6083,1367,0,204.311069468208
"13543","infects",6083,1368,0,201.825314830821
"13544","infects",6083,1369,0,200.539266351813
"13545","infects",6083,1370,0,200.80650516235
"13546","infects",6083,1371,0,202.813865930288
"13547","infects",6083,1372,0,206.561169465613
"13548","infects",6083,1373,0,211.848107038703
"13549","infects",6083,1374,0,218.26476719836
"13550","infects",6083,1375,0,225.193184404476
"13551","infects",6083,1376,0,231.836956877336
"13552","infects",6083,1377,0,237.298314646038
"13553","infects",6083,1378,0,240.711567792262
"13554","infects",6083,1379,0,241.417679345701
"13555","infects",6083,1380,0,239.135200568562
"13556","infects",6083,1381,0,234.065821231428
"13557","infects",6083,1382,0,226.885585077043
"13558","infects",6083,1383,0,218.61619473941
"13559","infects",6083,1384,0,210.42242563844
"13560","infects",6083,1385,0,203.409780238771
"13561","infects",6083,1386,0,198.484947803249
"13562","infects",6083,1387,0,196.308648175877
"13563","infects",6083,1388,0,197.283502066719
"13564","infects",6083,1389,0,201.629166407898
"13565","infects",6083,1390,0,209.38913879704
"13566","infects",6083,1391,0,220.426341410888
"13567","infects",6083,1392,0,234.371450196543
"13568","infects",6083,1393,0,250.543478792105
"13569","infects",6083,1394,0,267.878232094628
"13570","infects",6083,1395,0,284.917846187113
"13571","infects",6083,1396,0,299.917610061239
"13572","infects",6083,1397,0,311.099112722549
"13573","infects",6083,1398,0,317.016312313935
"13574","infects",6083,1399,0,316.925623302087
"13575","infects",6083,1400,0,311.011412770153
"13576","infects",6083,1401,0,300.357221241728
"13577","infects",6083,1402,0,286.663194216583
"13578","infects",6083,1403,0,271.826117867497
"13579","infects",6083,1404,0,257.545470442901
"13580","infects",6083,1405,0,245.075326292159
"13581","infects",6083,1406,0,235.15089164334
"13582","infects",6083,1407,0,228.042980950688
"13583","infects",6083,1408,0,223.667354230115
"13584","infects",6083,1409,0,221.691857074272
"13585","infects",6083,1410,0,221.616385033471
"13586","infects",6083,1411,0,222.828645366276
"13587","infects",6083,1412,0,224.653179187909
"13588","infects",6083,1413,0,226.411802130591
"13589","infects",6083,1414,0,227.503702591858
"13590","infects",6083,1415,0,227.497234462642
"13591","infects",6083,1416,0,226.2100917736
"13592","infects",6083,1417,0,223.74883623657
"13593","infects",6083,1418,0,220.488253746346
"13594","infects",6083,1419,0,216.992629491994
"13595","infects",6083,1420,0,213.902964982883
"13596","infects",6083,1421,0,211.823661971134
"13597","infects",6083,1422,0,211.234945303647
"13598","infects",6083,1423,0,212.439908838513
"13599","infects",6083,1424,0,215.539036537076
"13600","infects",6083,1425,0,220.418547130684
"13601","infects",6083,1426,0,226.74323814492
"13602","infects",6083,1427,0,233.955783595863
"13603","infects",6083,1428,0,241.296649196387
"13604","infects",6083,1429,0,247.865329496242
"13605","infects",6083,1430,0,252.738207644263
"13606","infects",6083,1431,0,255.137873044519
"13607","infects",6083,1432,0,254.61828521602
"13608","infects",6083,1433,0,251.20558542429
"13609","infects",6083,1434,0,245.435563033353
"13610","infects",6083,1435,0,238.264029841531
"13611","infects",6083,1436,0,230.880131294039
"13612","infects",6083,1437,0,224.492728420065
"13613","infects",6083,1438,0,220.161896652995
"13614","infects",6083,1439,0,218.713750789231
"13615","infects",6083,1440,0,220.722513131128
"13616","infects",6083,1441,0,226.575582239586
"13617","infects",6083,1442,0,236.455208480753
"13618","infects",6083,1443,0,250.354660177845
"13619","infects",6083,1444,0,268.010864883318
"13620","infects",6083,1445,0,288.800578554827
"13621","infects",6083,1446,0,311.629052227544
"13622","infects",6083,1447,0,334.872095477565
"13623","infects",6083,1448,0,356.446748687436
"13624","infects",6083,1449,0,374.06725664804
"13625","infects",6083,1450,0,385.676647850252
"13626","infects",6083,1451,0,389.945056916162
"13627","infects",6083,1452,0,386.649539017119
"13628","infects",6083,1453,0,376.762801217693
"13629","infects",6083,1454,0,362.196941905681
"13630","infects",6083,1455,0,345.308030247461
"13631","infects",6083,1456,0,328.364604666502
"13632","infects",6083,1457,0,313.16195273982
"13633","infects",6083,1458,0,300.857634615517
"13634","infects",6083,1459,0,291.993769295091
"13635","infects",6083,1460,0,286.617265292625
"13636","infects",6083,1461,0,284.415563300944
"13637","infects",6083,1462,0,284.823760765058
"13638","infects",6083,1463,0,287.098085978815
"13639","infects",6083,1464,0,290.374817704391
"13640","infects",6083,1465,0,293.740332118336
"13641","infects",6083,1466,0,296.329091325825
"13642","infects",6083,1467,0,297.446599054954
"13643","infects",6083,1468,0,296.691621156588
"13644","infects",6083,1469,0,294.037883065895
"13645","infects",6083,1470,0,289.840458404886
"13646","infects",6083,1471,0,284.75703712776
"13647","infects",6083,1472,0,279.606766671742
"13648","infects",6083,1473,0,275.21070077882
"13649","infects",6083,1474,0,272.256685845772
"13650","infects",6083,1475,0,271.211626089516
"13651","infects",6083,1476,0,272.280024733734
"13652","infects",6083,1477,0,275.39317141083
"13653","infects",6083,1478,0,280.213298121109
"13654","infects",6083,1479,0,286.147859541856
"13655","infects",6083,1480,0,292.383085619876
"13656","infects",6083,1481,0,297.954896802031
"13657","infects",6083,1482,0,301.872288053072
"13658","infects",6083,1483,0,303.29013660588
"13659","infects",6083,1484,0,301.712342044927
"13660","infects",6083,1485,0,297.095020749963
"13661","infects",6083,1486,0,289.961727373057
"13662","infects",6083,1487,0,281.288257514126
"13663","infects",6083,1488,0,272.327748718491
"13664","infects",6083,1489,0,264.387801880968
"13665","infects",6083,1490,0,258.642563338422
"13666","infects",6083,1491,0,256.025771816849
"13667","infects",6083,1492,0,257.206035004821
"13668","infects",6083,1493,0,262.610936244136
"13669","infects",6083,1494,0,272.454834817545
"13670","infects",6083,1495,0,286.733439444264
"13671","infects",6083,1496,0,305.167207208806
"13672","infects",6083,1497,0,327.099294162967
"13673","infects",6083,1498,0,351.380693039465
"13674","infects",6083,1499,0,376.302707219644
"13675","infects",6083,1500,0,399.653983137901
"13676","infects",6083,1501,0,418.965635137855
"13677","infects",6083,1502,0,431.946477375057
"13678","infects",6083,1503,0,437.010742963341
"13679","infects",6083,1504,0,433.71363892656
"13680","infects",6083,1505,0,422.904798075959
"13681","infects",6083,1506,0,406.515823824078
"13682","infects",6083,1507,0,387.063727828857
"13683","infects",6083,1508,0,367.072515465496
"13684","infects",6083,1509,0,348.617876806392
"13685","infects",6083,1510,0,333.101185253818
"13686","infects",6083,1511,0,321.238199862723
"13687","infects",6083,1512,0,313.175586593012
"13688","infects",6083,1513,0,308.64231230393
"13689","infects",6083,1514,0,307.078081699628
"13690","infects",6083,1515,0,307.723564197397
"13691","infects",6083,1516,0,309.686815122699
"13692","infects",6083,1517,0,312.01155959641
"13693","infects",6083,1518,0,313.767859286438
"13694","infects",6083,1519,0,314.168527928507
"13695","infects",6083,1520,0,312.692372896008
"13696","infects",6083,1521,0,309.178277414769
"13697","infects",6083,1522,0,303.853150726339
"13698","infects",6083,1523,0,297.275883840723
"13699","infects",6083,1524,0,290.210378848768
"13700","infects",6083,1525,0,283.466391271234
"13701","infects",6083,1526,0,277.753196044257
"13702","infects",6083,1527,0,273.57686326052
"13703","infects",6083,1528,0,271.188617464442
"13704","infects",6083,1529,0,270.573588737983
"13705","infects",6083,1530,0,271.463921884598
"13706","infects",6083,1531,0,273.366441096855
"13707","infects",6083,1532,0,275.6061773381
"13708","infects",6083,1533,0,277.39534729782
"13709","infects",6083,1534,0,277.936830179356
"13710","infects",6083,1535,0,276.559367392421
"13711","infects",6083,1536,0,272.845142607532
"13712","infects",6083,1537,0,266.802879243909
"13713","infects",6083,1538,0,258.826975614476
"13714","infects",6083,1539,0,249.686231788773
"13715","infects",6083,1540,0,240.374508800074
"13716","infects",6083,1541,0,231.936611031731
"13717","infects",6083,1542,0,225.315966583462
"13718","infects",6083,1543,0,221.262187694221
"13719","infects",6083,1544,0,220.303926565456
"13720","infects",6083,1545,0,222.764694441277
"13721","infects",6083,1546,0,228.78781188291
"13722","infects",6083,1547,0,238.3409784073
"13723","infects",6083,1548,0,251.18459737136
"13724","infects",6083,1549,0,266.805592047238
"13725","infects",6083,1550,0,284.338019977455
"13726","infects",6083,1551,0,302.511562869081
"13727","infects",6083,1552,0,319.682298766109
"13728","infects",6083,1553,0,333.993925365659
"13729","infects",6083,1554,0,343.679089470904
"13730","infects",6083,1555,0,347.442645558647
"13731","infects",6083,1556,0,344.802148408018
"13732","infects",6083,1557,0,336.243882289707
"13733","infects",6083,1558,0,323.114323963328
"13734","infects",6083,1559,0,307.282417098835
"13735","infects",6083,1560,0,290.707404067675
"13736","infects",6083,1561,0,275.069019213802
"13737","infects",6083,1562,0,261.558158707424
"13738","infects",6083,1563,0,250.836653172426
"13739","infects",6083,1564,0,243.109728841195
"13740","infects",6083,1565,0,238.241001411324
"13741","infects",6083,1566,0,235.862394893765
"13742","infects",6083,1567,0,235.449359499295
"13743","infects",6083,1568,0,236.371669728337
"13744","infects",6083,1569,0,237.940137314879
"13745","infects",6083,1570,0,239.463174404291
"13746","infects",6083,1571,0,240.321147933483
"13747","infects",6083,1572,0,240.051585506743
"13748","infects",6083,1573,0,238.424446689111
"13749","infects",6083,1574,0,235.481220709379
"13750","infects",6083,1575,0,231.519353660066
"13751","infects",6083,1576,0,227.022128410688
"13752","infects",6083,1577,0,222.553973589504
"13753","infects",6083,1578,0,218.651293742
"13754","infects",6083,1579,0,215.734758454646
"13755","infects",6083,1580,0,214.066061126539
"13756","infects",6083,1581,0,213.685168577787
"13757","infects",6083,1582,0,214.464943587511
"13758","infects",6083,1583,0,216.092213827915
"13759","infects",6083,1584,0,218.102442508124
"13760","infects",6083,1585,0,219.925611563765
"13761","infects",6083,1586,0,220.957457104631
"13762","infects",6083,1587,0,220.656552549913
"13763","infects",6083,1588,0,218.654462914395
"13764","infects",6083,1589,0,214.851918354705
"13765","infects",6083,1590,0,209.468198769636
"13766","infects",6083,1591,0,203.021151506196
"13767","infects",6083,1592,0,196.239879053685
"13768","infects",6083,1593,0,189.938779428104
"13769","infects",6083,1594,0,184.894729721493
"13770","infects",6083,1595,0,181.761554416692
"13771","infects",6083,1596,0,181.033724683447
"13772","infects",6083,1597,0,183.048227955975
"13773","infects",6083,1598,0,188.000530837268
"13774","infects",6083,1599,0,195.949951534596
"13775","infects",6083,1600,0,206.797921115306
"13776","infects",6083,1601,0,220.235302480612
"13777","infects",6083,1602,0,235.670290699324
"13778","infects",6083,1603,0,252.165575158962
"13779","infects",6083,1604,0,268.428511283414
"13780","infects",6083,1605,0,282.901239575634
"13781","infects",6083,1606,0,293.976258592048
"13782","infects",6083,1607,0,300.312294157035
"13783","infects",6083,1608,0,301.162303917572
"13784","infects",6083,1609,0,296.588793255228
"13785","infects",6083,1610,0,287.467538639442
"13786","infects",6083,1611,0,275.267945063419
"13787","infects",6083,1612,0,261.697552018188
"13788","infects",6083,1613,0,248.347456371598
"13789","infects",6083,1614,0,236.449609973546
"13790","infects",6083,1615,0,226.784409690971
"13791","infects",6083,1616,0,219.708984240056
"13792","infects",6083,1617,0,215.24602863913
"13793","infects",6083,1618,0,213.1800149075
"13794","infects",6083,1619,0,213.132540669818
"13795","infects",6083,1620,0,214.613465076154
"13796","infects",6083,1621,0,217.059583629937
"13797","infects",6083,1622,0,219.876681160329
"13798","infects",6083,1623,0,222.495989114684
"13799","infects",6083,1624,0,224.445088953847
"13800","infects",6083,1625,0,225.420488634349
"13801","infects",6083,1626,0,225.34044256476
"13802","infects",6083,1627,0,224.357626662175
"13803","infects",6083,1628,0,222.823124670323
"13804","infects",6083,1629,0,221.210321491468
"13805","infects",6083,1630,0,220.020409681403
"13806","infects",6083,1631,0,219.693539578171
"13807","infects",6083,1632,0,220.541584600803
"13808","infects",6083,1633,0,222.697323215072
"13809","infects",6083,1634,0,226.12687486803
"13810","infects",6083,1635,0,230.581050410851
"13811","infects",6083,1636,0,235.63056330679
"13812","infects",6083,1637,0,240.691021929989
"13813","infects",6083,1638,0,245.084054253747
"13814","infects",6083,1639,0,248.134862250523
"13815","infects",6083,1640,0,249.298821442856
"13816","infects",6083,1641,0,248.291471816826
"13817","infects",6083,1642,0,245.182860554713
"13818","infects",6083,1643,0,240.419972783117
"13819","infects",6083,1644,0,234.763772615124
"13820","infects",6083,1645,0,229.160606142456
"13821","infects",6083,1646,0,224.592711717427
"13822","infects",6083,1647,0,221.954825095799
"13823","infects",6083,1648,0,221.983800342473
"13824","infects",6083,1649,0,225.239524777013
"13825","infects",6083,1650,0,232.113676292054
"13826","infects",6083,1651,0,242.835405331424
"13827","infects",6083,1652,0,257.448233103074
"13828","infects",6083,1653,0,275.745564824642
"13829","infects",6083,1654,0,297.170434191354
"13830","infects",6083,1655,0,320.707808920438
"13831","infects",6083,1656,0,344.822079915154
"13832","infects",6083,1657,0,367.507672503921
"13833","infects",6083,1658,0,386.508818954695
"13834","infects",6083,1659,0,399.710562350436
"13835","infects",6083,1660,0,405.615607413489
"13836","infects",6083,1661,0,403.744553353732
"13837","infects",6083,1662,0,394.790173517782
"13838","infects",6083,1663,0,380.4464840852
"13839","infects",6083,1664,0,362.977615477172
"13840","infects",6083,1665,0,344.700625125763
"13841","infects",6083,1666,0,327.565393092069
"13842","infects",6083,1667,0,312.933314730705
"13843","infects",6083,1668,0,301.550691378849
"13844","infects",6083,1669,0,293.645020747401
"13845","infects",6083,1670,0,289.061542354036
"13846","infects",6083,1671,0,287.385012383257
"13847","infects",6083,1672,0,288.027854436705
"13848","infects",6083,1673,0,290.292464372418
"13849","infects",6083,1674,0,293.427038227385
"13850","infects",6083,1675,0,296.692250145793
"13851","infects",6083,1676,0,299.444636618703
"13852","infects",6083,1677,0,301.235991467184
"13853","infects",6083,1678,0,301.854141024473
"13854","infects",6083,1679,0,301.400583377035
"13855","infects",6083,1680,0,300.238212760571
"13856","infects",6083,1681,0,298.917480865173
"13857","infects",6083,1682,0,298.064059765754
"13858","infects",6083,1683,0,298.26292363599
"13859","infects",6083,1684,0,299.962005786771
"13860","infects",6083,1685,0,303.405174612155
"13861","infects",6083,1686,0,308.592425321972
"13862","infects",6083,1687,0,315.26118382879
"13863","infects",6083,1688,0,322.887104868266
"13864","infects",6083,1689,0,330.71157217229
"13865","infects",6083,1690,0,337.809669495074
"13866","infects",6083,1691,0,343.210027755242
"13867","infects",6083,1692,0,346.062900861617
"13868","infects",6083,1693,0,345.827978648258
"13869","infects",6083,1694,0,342.430491181029
"13870","infects",6083,1695,0,336.329573564414
"13871","infects",6083,1696,0,328.466727970342
"13872","infects",6083,1697,0,320.107164402563
"13873","infects",6083,1698,0,312.628866058849
"13874","infects",6083,1699,0,307.328844808624
"13875","infects",6083,1700,0,305.296438209175
"13876","infects",6083,1701,0,307.364443186023
"13877","infects",6083,1702,0,314.113432032289
"13878","infects",6083,1703,0,325.887609360388
"13879","infects",6083,1704,0,342.783167514181
"13880","infects",6083,1705,0,364.58576099233
"13881","infects",6083,1706,0,390.656786583068
"13882","infects",6083,1707,0,419.796698062167
"13883","infects",6083,1708,0,450.145205912752
"13884","infects",6083,1709,0,479.202763672092
"13885","infects",6083,1710,0,504.054302793761
"13886","infects",6083,1711,0,521.822524456131
"13887","infects",6083,1712,0,530.274076113269
"13888","infects",6083,1713,0,528.390953897001
"13889","infects",6083,1714,0,516.677513360916
"13890","infects",6083,1715,0,497.054640124199
"13891","infects",6083,1716,0,472.369897302052
"13892","infects",6083,1717,0,445.720594219528
"13893","infects",6083,1718,0,419.841686444196
"13894","infects",6083,1719,0,396.732841607664
"13895","infects",6083,1720,0,377.559389579334
"13896","infects",6083,1721,0,362.751459413357
"13897","infects",6083,1722,0,352.189051553095
"13898","infects",6083,1723,0,345.38524278776
"13899","infects",6083,1724,0,341.627113206335
"13900","infects",6083,1725,0,340.073902231377
"13901","infects",6083,1726,0,339.832427667573
"13902","infects",6083,1727,0,340.031917259166
"13903","infects",6083,1728,0,339.909791223803
"13904","infects",6083,1729,0,338.903319037695
"13905","infects",6083,1730,0,336.705054433476
"13906","infects",6083,1731,0,333.378704563434
"13907","infects",6083,1732,0,329.23344201836
"13908","infects",6083,1733,0,324.805366347923
"13909","infects",6083,1734,0,320.727043945009
"13910","infects",6083,1735,0,317.602532209029
"13911","infects",6083,1736,0,315.901623062885
"13912","infects",6083,1737,0,315.886932079025
"13913","infects",6083,1738,0,317.5738012983
"13914","infects",6083,1739,0,320.716313885928
"13915","infects",6083,1740,0,324.814927957206
"13916","infects",6083,1741,0,329.148895146196
"13917","infects",6083,1742,0,332.843439065056
"13918","infects",6083,1743,0,334.981140720554
"13919","infects",6083,1744,0,334.755177163382
"13920","infects",6083,1745,0,331.640792705753
"13921","infects",6083,1746,0,325.540246388747
"13922","infects",6083,1747,0,316.850107637506
"13923","infects",6083,1748,0,306.418586458206
"13924","infects",6083,1749,0,295.400318853609
"13925","infects",6083,1750,0,285.056441365953
"13926","infects",6083,1751,0,276.565386798413
"13927","infects",6083,1752,0,270.895349739086
"13928","infects",6083,1753,0,268.754050758822
"13929","infects",6083,1754,0,270.596741803357
"13930","infects",6083,1755,0,276.655087743296
"13931","infects",6083,1756,0,286.950238087964
"13932","infects",6083,1757,0,301.266800462829
"13933","infects",6083,1758,0,319.083755660749
"13934","infects",6083,1759,0,339.480556658913
"13935","infects",6083,1760,0,361.060230541131
"13936","infects",6083,1761,0,381.950617556848
"13937","infects",6083,1762,0,399.946500707131
"13938","infects",6083,1763,0,412.822655964913
"13939","infects",6083,1764,0,418.776322508421
"13940","infects",6083,1765,0,416.872420014442
"13941","infects",6083,1766,0,407.31945382409
"13942","infects",6083,1767,0,391.445886875949
"13943","infects",6083,1768,0,371.370240122257
"13944","infects",6083,1769,0,349.493722757051
"13945","infects",6083,1770,0,328.007320573537
"13946","infects",6083,1771,0,308.56465500281
"13947","infects",6083,1772,0,292.169145208816
"13948","infects",6083,1773,0,279.248826772484
"13949","infects",6083,1774,0,269.725816797742
"13950","infects",6083,1775,0,263.262347827932
"13951","infects",6083,1776,0,259.318024574518
"13952","infects",6083,1777,0,257.244644999366
"13953","infects",6083,1778,0,256.344894123684
"13954","infects",6083,1779,0,255.926743042424
"13955","infects",6083,1780,0,255.365448717715
"13956","infects",6083,1781,0,254.172777585372
"13957","infects",6083,1782,0,252.06045608383
"13958","infects",6083,1783,0,248.977914118318
"13959","infects",6083,1784,0,245.107534862275
"13960","infects",6083,1785,0,240.813405835337
"13961","infects",6083,1786,0,236.555671539278
"13962","infects",6083,1787,0,232.793300931558
"13963","infects",6083,1788,0,229.89816412824
"13964","infects",6083,1789,0,228.094387824645
"13965","infects",6083,1790,0,227.425635848186
"13966","infects",6083,1791,0,227.745787683294
"13967","infects",6083,1792,0,228.728077785362
"13968","infects",6083,1793,0,229.892265857562
"13969","infects",6083,1794,0,230.654347876807
"13970","infects",6083,1795,0,230.403873336604
"13971","infects",6083,1796,0,228.607086564586
"13972","infects",6083,1797,0,224.920740541637
"13973","infects",6083,1798,0,219.287634916731
"13974","infects",6083,1799,0,211.98034097865
"13975","infects",6083,1800,0,203.571456256095
"13976","infects",6083,1801,0,194.834887019747
"13977","infects",6083,1802,0,186.610012574535
"13978","infects",6083,1803,0,179.673170652867
"13979","infects",6083,1804,0,174.651754678004
"13980","infects",6083,1805,0,171.992362964625
"13981","infects",6083,1806,0,171.970490775827
"13982","infects",6083,1807,0,174.716356814443
"13983","infects",6083,1808,0,180.2316643185
"13984","infects",6083,1809,0,188.380976050299
"13985","infects",6083,1810,0,198.853888376313
"13986","infects",6083,1811,0,211.108015635141
"13987","infects",6083,1812,0,224.317300393468
"13988","infects",6083,1813,0,237.362674620052
"13989","infects",6083,1814,0,248.905061763708
"13990","infects",6083,1815,0,257.563651797858
"13991","infects",6083,1816,0,262.180760405591
"13992","infects",6083,1817,0,262.101241841293
"13993","infects",6083,1818,0,257.361098604795
"13994","infects",6083,1819,0,248.698335200082
"13995","infects",6083,1820,0,237.370969792053
"13996","infects",6083,1821,0,224.853022781373
"13997","infects",6083,1822,0,212.525427808801
"13998","infects",6083,1823,0,201.460420087002
"13999","infects",6083,1824,0,192.336582443174
"14000","infects",6083,1825,0,185.461434419104
"14001","infects",6083,1826,0,180.844395450876
"14002","infects",6083,1827,0,178.302328677106
"14003","infects",6083,1828,0,177.501908103525
"14004","infects",6083,1829,0,178.021331633454
"14005","infects",6083,1830,0,179.380336764767
"14006","infects",6083,1831,0,181.074315474434
"14007","infects",6083,1832,0,182.618954257926
"14008","infects",6083,1833,0,183.606355010172
"14009","infects",6083,1834,0,183.763037680907
"14010","infects",6083,1835,0,182.992801072196
"14011","infects",6083,1836,0,181.387687857212
"14012","infects",6083,1837,0,179.199442023132
"14013","infects",6083,1838,0,176.777727066509
"14014","infects",6083,1839,0,174.492525714848
"14015","infects",6083,1840,0,172.660829762091
"14016","infects",6083,1841,0,171.491860187045
"14017","infects",6083,1842,0,171.055607784394
"14018","infects",6083,1843,0,171.272379099384
"14019","infects",6083,1844,0,171.919294152349
"14020","infects",6083,1845,0,172.652387205947
"14021","infects",6083,1846,0,173.046605632289
"14022","infects",6083,1847,0,172.656600846297
"14023","infects",6083,1848,0,171.096231814273
"14024","infects",6083,1849,0,168.124797400409
"14025","infects",6083,1850,0,163.717909749392
"14026","infects",6083,1851,0,158.097985225483
"14027","infects",6083,1852,0,151.708914839709
"14028","infects",6083,1853,0,145.139564557838
"14029","infects",6083,1854,0,139.021140863058
"14030","infects",6083,1855,0,133.9321215481
"14031","infects",6083,1856,0,130.336615506303
"14032","infects",6083,1857,0,128.563542371027
"14033","infects",6083,1858,0,128.81612801466
"14034","infects",6083,1859,0,131.192047695435
"14035","infects",6083,1860,0,135.695256134417
"14036","infects",6083,1861,0,142.227556230057
"14037","infects",6083,1862,0,150.557534916419
"14038","infects",6083,1863,0,160.275084536837
"14039","infects",6083,1864,0,170.750923892032
"14040","infects",6083,1865,0,181.130122748926
"14041","infects",6083,1866,0,190.390492950577
"14042","infects",6083,1867,0,197.482618565582
"14043","infects",6083,1868,0,201.535189033276
"14044","infects",6083,1869,0,202.068107667597
"14045","infects",6083,1870,0,199.136655085945
"14046","infects",6083,1871,0,193.315086127082
"14047","infects",6083,1872,0,185.575328501463
"14048","infects",6083,1873,0,177.040761673386
"14049","infects",6083,1874,0,168.757804019742
"14050","infects",6083,1875,0,161.538215347
"14051","infects",6083,1876,0,155.899321584447
"14052","infects",6083,1877,0,152.081998230715
"14053","infects",6083,1878,0,150.106614878949
"14054","infects",6083,1879,0,149.832068382545
"14055","infects",6083,1880,0,151.000086835661
"14056","infects",6083,1881,0,153.263523424398
"14057","infects",6083,1882,0,156.207778951829
"14058","infects",6083,1883,0,159.377677607079
"14059","infects",6083,1884,0,162.318739627305
"14060","infects",6083,1885,0,164.633433738443
"14061","infects",6083,1886,0,166.042468129806
"14062","infects",6083,1887,0,166.433248603677
"14063","infects",6083,1888,0,165.877306247517
"14064","infects",6083,1889,0,164.607497405079
"14065","infects",6083,1890,0,162.960170795202
"14066","infects",6083,1891,0,161.299529369198
"14067","infects",6083,1892,0,159.944852436107
"14068","infects",6083,1893,0,159.115673080888
"14069","infects",6083,1894,0,158.900402808239
"14070","infects",6083,1895,0,159.246368481039
"14071","infects",6083,1896,0,159.966967696045
"14072","infects",6083,1897,0,160.763837854826
"14073","infects",6083,1898,0,161.265194379337
"14074","infects",6083,1899,0,161.082082418502
"14075","infects",6083,1900,0,159.879983428029
"14076","infects",6083,1901,0,157.454777671658
"14077","infects",6083,1902,0,153.793780184405
"14078","infects",6083,1903,0,149.100734089832
"14079","infects",6083,1904,0,143.772458634947
"14080","infects",6083,1905,0,138.332100713639
"14081","infects",6083,1906,0,133.340790194691
"14082","infects",6083,1907,0,129.316112233184
"14083","infects",6083,1908,0,126.678689556414
"14084","infects",6083,1909,0,125.732528743789
"14085","infects",6083,1910,0,126.669924580562
"14086","infects",6083,1911,0,129.584227772674
"14087","infects",6083,1912,0,134.474574579921
"14088","infects",6083,1913,0,141.232960227296
"14089","infects",6083,1914,0,149.612886938368
"14090","infects",6083,1915,0,159.188851108523
"14091","infects",6083,1916,0,169.326218536459
"14092","infects",6083,1917,0,179.188648326089
"14093","infects",6083,1918,0,187.809043744224
"14094","infects",6083,1919,0,194.233365110383
"14095","infects",6083,1920,0,197.714329880488
"14096","infects",6083,1921,0,197.896950775184
"14097","infects",6083,1922,0,194.923296376446
"14098","infects",6083,1923,0,189.391283960518
"14099","infects",6083,1924,0,182.262799832005
"14100","infects",6083,1925,0,174.570131227446
"14101","infects",6083,1926,0,167.259907037852
"14102","infects",6083,1927,0,161.053349259051
"14103","infects",6083,1928,0,156.402321793062
"14104","infects",6083,1929,0,153.509615175931
"14105","infects",6083,1930,0,152.378092865283
"14106","infects",6083,1931,0,152.85988483651
"14107","infects",6083,1932,0,154.692184437948
"14108","infects",6083,1933,0,157.520524051721
"14109","infects",6083,1934,0,160.919062193311
"14110","infects",6083,1935,0,164.419524460274
"14111","infects",6083,1936,0,167.556484262446
"14112","infects",6083,1937,0,169.92792824175
"14113","infects",6083,1938,0,171.259507602826
"14114","infects",6083,1939,0,171.453503336306
"14115","infects",6083,1940,0,170.604266874161
"14116","infects",6083,1941,0,168.971981661403
"14117","infects",6083,1942,0,166.921510877189
"14118","infects",6083,1943,0,164.844877755692
"14119","infects",6083,1944,0,163.088607318929
"14120","infects",6083,1945,0,161.90080229382
"14121","infects",6083,1946,0,161.40268254263
"14122","infects",6083,1947,0,161.581458145181
"14123","infects",6083,1948,0,162.2988727032
"14124","infects",6083,1949,0,163.311733349423
"14125","infects",6083,1950,0,164.304153272372
"14126","infects",6083,1951,0,164.932793756643
"14127","infects",6083,1952,0,164.884142510778
"14128","infects",6083,1953,0,163.937077040289
"14129","infects",6083,1954,0,162.017454662034
"14130","infects",6083,1955,0,159.228681686591
"14131","infects",6083,1956,0,155.846643325656
"14132","infects",6083,1957,0,152.278585252334
"14133","infects",6083,1958,0,148.99833325793
"14134","infects",6083,1959,0,146.477623289122
"14135","infects",6083,1960,0,145.131370888086
"14136","infects",6083,1961,0,145.285259512425
"14137","infects",6083,1962,0,147.162854198799
"14138","infects",6083,1963,0,150.882040578858
"14139","infects",6083,1964,0,156.449236713114
"14140","infects",6083,1965,0,163.743768134563
"14141","infects",6083,1966,0,172.503593312837
"14142","infects",6083,1967,0,182.256892854327
"14143","infects",6083,1968,0,192.364765700924
"14144","infects",6083,1969,0,202.014256987627
"14145","infects",6083,1970,0,210.305147368971
"14146","infects",6083,1971,0,216.385947664614
"14147","infects",6083,1972,0,219.621305423499
"14148","infects",6083,1973,0,219.741420975145
"14149","infects",6083,1974,0,216.917716426393
"14150","infects",6083,1975,0,211.730915016652
"14151","infects",6083,1976,0,205.040054429772
"14152","infects",6083,1977,0,197.800304936266
"14153","infects",6083,1978,0,190.891290925104
"14154","infects",6083,1979,0,185.001175895642
"14155","infects",6083,1980,0,180.579539785109
"14156","infects",6083,1981,0,177.844259437418
"14157","infects",6083,1982,0,176.815843925045
"14158","infects",6083,1983,0,177.356238423656
"14159","infects",6083,1984,0,185.250340458906
"14160","infects",6083,1985,0,188.518874836401
"14161","infects",6083,1986,0,191.300095940312
"14162","infects",6083,1987,0,193.176273071675
"14163","infects",6083,1988,0,193.863970836421
"14164","infects",6083,1989,0,193.264558788158
"14165","infects",6083,1990,0,191.481842875968
"14166","infects",6083,1991,0,188.798603119171
"14167","infects",6083,1992,0,185.617794759698
"14168","infects",6083,1993,0,182.38582779627
"14169","infects",6083,1994,0,179.518884754562
"14170","infects",6083,1995,0,177.347956524406
"14171","infects",6083,1996,0,176.088413423535
"14172","infects",6083,1997,0,175.831180634599
"14173","infects",6083,1998,0,176.548490039548
"14174","infects",6083,1999,0,178.107890848208
"14175","infects",6083,2000,0,180.291584482824
"14176","infects",6083,2001,0,182.821540639254
"14177","infects",6083,2002,0,185.392251219981
"14178","infects",6083,2003,0,187.711539458188
"14179","infects",6083,2004,0,189.546036957111
"14180","infects",6083,2005,0,190.763538848228
"14181","infects",6083,2006,0,191.361978401876
"14182","infects",6083,2007,0,191.476281901942
"14183","infects",6083,2008,0,191.360001809745
"14184","infects",6083,2009,0,191.34606569601
"14185","infects",6083,2010,0,191.796625990163
"14186","infects",6083,2011,0,193.053215793952
"14187","infects",6083,2012,0,195.395159594487
"14188","infects",6083,2013,0,199.008791463515
"14189","infects",6083,2014,0,203.955619906309
"14190","infects",6083,2015,0,210.174423698748
"14191","infects",6083,2016,0,217.466948634684
"14192","infects",6083,2017,0,225.477868623762
"14193","infects",6083,2018,0,233.716044317907
"14194","infects",6083,2019,0,241.569816259264
"14195","infects",6083,2020,0,248.376006544867
"14196","infects",6083,2021,0,253.507112701303
"14197","infects",6083,2022,0,256.47658272614
"14198","infects",6083,2023,0,257.03555421436
"14199","infects",6083,2024,0,255.231871967947
"14200","infects",6083,2025,0,251.410018318239
"14201","infects",6083,2026,0,246.149211080137
"14202","infects",6083,2027,0,240.157942896552
"14203","infects",6083,2028,0,234.156119418547
"14204","infects",6083,2029,0,228.774948529025
"14205","infects",6083,2030,0,224.492280833825
"14206","infects",6083,2031,0,221.605238945432
"14207","infects",6083,2032,0,220.230525988963
"14208","infects",6083,2033,0,220.319230217301
"14209","infects",6083,2034,0,221.676082722112
"14210","infects",6083,2035,0,223.979509610091
"14211","infects",6083,2036,0,226.80498629486
"14212","infects",6083,2037,0,229.657710395928
"14213","infects",6083,2038,0,232.020097530675
"14214","infects",6083,2039,0,233.414808282729
"14215","infects",6083,2040,0,233.476197970189
"14216","infects",6083,2041,0,232.015363375762
"14217","infects",6083,2042,0,229.060577553236
"14218","infects",6083,2043,0,224.859011796414
"14219","infects",6083,2044,0,219.83680174119
"14220","infects",6083,2045,0,214.528017424217
"14221","infects",6083,2046,0,209.492392547937
"14222","infects",6083,2047,0,205.24245461003
"14223","infects",6083,2048,0,202.193537006331
"14224","infects",6083,2049,0,200.639607652583
"14225","infects",6083,2050,0,200.749167877674
"14226","infects",6083,2051,0,202.571655774521
"14227","infects",6083,2052,0,206.045832291305
"14228","infects",6083,2053,0,211.005692100474
"14229","infects",6083,2054,0,217.184360845508
"14230","infects",6083,2055,0,224.220539617702
"14231","infects",6083,2056,0,231.674168316681
"14232","infects",6083,2057,0,239.057252006123
"14233","infects",6083,2058,0,245.881848316351
"14234","infects",6083,2059,0,251.72070065555
"14235","infects",6083,2060,0,256.269064750301
"14236","infects",6083,2061,0,259.399400266003
"14237","infects",6083,2062,0,261.153863882818
"14238","infects",6083,2063,0,261.763484766545
"14239","infects",6083,2064,0,261.579474853545
"14240","infects",6083,2065,0,261.010861363148
"14241","infects",6083,2066,0,260.454806049576
"14242","infects",6083,2067,0,260.237752606156
"14243","infects",6083,2068,0,260.574959360771
"14244","infects",6083,2069,0,261.549807481182
"14245","infects",6083,2070,0,263.110605020414
"14246","infects",6083,2071,0,265.081971577277
"14247","infects",6083,2072,0,267.189107777179
"14248","infects",6083,2073,0,269.094433574391
"14249","infects",6083,2074,0,270.445622468692
"14250","infects",6083,2075,0,270.931394609992
"14251","infects",6083,2076,0,270.337381543876
"14252","infects",6083,2077,0,268.590993393228
"14253","infects",6083,2078,0,265.783917472199
"14254","infects",6083,2079,0,262.165000096786
"14255","infects",6083,2080,0,258.103906917053
"14256","infects",6083,2081,0,254.034046790572
"14257","infects",6083,2082,0,250.388154920911
"14258","infects",6083,2083,0,247.539665266984
"14259","infects",6083,2084,0,245.758338951049
"14260","infects",6083,2085,0,245.182428513194
"14261","infects",6083,2086,0,245.805067961677
"14262","infects",6083,2087,0,247.471334333719
"14263","infects",6083,2088,0,249.884387753384
"14264","infects",6083,2089,0,252.622671689528
"14265","infects",6083,2090,0,255.173053381462
"14266","infects",6083,2091,0,256.9847283129
"14267","infects",6083,2092,0,257.544226622415
"14268","infects",6083,2093,0,256.46330040168
"14269","infects",6083,2094,0,253.561864673759
"14270","infects",6083,2095,0,248.922748395115
"14271","infects",6083,2096,0,242.898674257242
"14272","infects",6083,2097,0,236.065445222522
"14273","infects",6083,2098,0,229.133519968743
"14274","infects",6083,2099,0,222.843976661511
"14275","infects",6083,2100,0,217.877194499495
"14276","infects",6083,2101,0,214.792994241024
"14277","infects",6083,2102,0,214.005533448317
"14278","infects",6083,2103,0,215.782889087201
"14279","infects",6083,2104,0,220.254942718598
"14280","infects",6083,2105,0,227.414354164124
"14281","infects",6083,2106,0,237.10174695654
"14282","infects",6083,2107,0,248.975193348776
"14283","infects",6083,2108,0,262.474024867859
"14284","infects",6083,2109,0,276.796370773854
"14285","infects",6083,2110,0,290.915695573523
"14286","infects",6083,2111,0,303.65914942121
"14287","infects",6083,2112,0,313.855269729826
"14288","infects",6083,2113,0,320.531090772968
"14289","infects",6083,2114,0,323.074926615876
"14290","infects",6083,2115,0,321.488422826025
"14291","infects",6083,2116,0,316.243710399936
"14292","infects",6083,2117,0,308.262290184098
"14293","infects",6083,2118,0,298.695989531424
"14294","infects",6083,2119,0,288.705584858706
"14295","infects",6083,2120,0,279.281202100593
"14296","infects",6083,2121,0,271.138572103536
"14297","infects",6083,2122,0,264.69080404532
"14298","infects",6083,2123,0,260.073023168323
"14299","infects",6083,2124,0,257.192439149368
"14300","infects",6083,2125,0,255.784157896766
"14301","infects",6083,2126,0,255.464731051838
"14302","infects",6083,2127,0,255.784380158668
"14303","infects",6083,2128,0,256.282015976463
"14304","infects",6083,2129,0,256.544636818417
"14305","infects",6083,2130,0,256.266589288303
"14306","infects",6083,2131,0,255.298056453157
"14307","infects",6083,2132,0,253.669832826126
"14308","infects",6083,2133,0,251.585227302084
"14309","infects",6083,2134,0,249.378828655614
"14310","infects",6083,2135,0,247.451706715435
"14311","infects",6083,2136,0,246.198452976768
"14312","infects",6083,2137,0,245.94076538382
"14313","infects",6083,2138,0,246.876476442733
"14314","infects",6083,2139,0,249.046093251013
"14315","infects",6083,2140,0,252.314993540667
"14316","infects",6083,2141,0,256.370020817266
"14317","infects",6083,2142,0,260.733178339226
"14318","infects",6083,2143,0,264.799271265673
"14319","infects",6083,2144,0,267.90479057549
"14320","infects",6083,2145,0,269.429048714579
"14321","infects",6083,2146,0,268.915516119503
"14322","infects",6083,2147,0,266.186200653429
"14323","infects",6083,2148,0,261.413653833997
"14324","infects",6083,2149,0,255.122108749607
"14325","infects",6083,2150,0,248.112142093229
"14326","infects",6083,2151,0,241.332026256551
"14327","infects",6083,2152,0,235.737829573062
"14328","infects",6083,2153,0,232.182877032571
"14329","infects",6083,2154,0,231.357701523861
"14330","infects",6083,2155,0,233.77642079329
"14331","infects",6083,2156,0,239.78725463696
"14332","infects",6083,2157,0,249.595077979609
"14333","infects",6083,2158,0,263.184665986939
"14334","infects",6083,2159,0,280.339207605177
"14335","infects",6083,2160,0,300.50541390367
"14336","infects",6083,2161,0,322.7066485694
"14337","infects",6083,2162,0,345.485998655654
"14338","infects",6083,2163,0,366.949605758968
"14339","infects",6083,2164,0,384.961367152952
"14340","infects",6083,2165,0,397.494422119548
"14341","infects",6083,2166,0,403.068527409107
"14342","infects",6083,2167,0,401.131361281281
"14343","infects",6083,2168,0,392.228153553861
"14344","infects",6083,2169,0,377.875897646169
"14345","infects",6083,2170,0,360.185340948046
"14346","infects",6083,2171,0,341.379986580618
"14347","infects",6083,2172,0,323.383150137034
"14348","infects",6083,2173,0,307.58025637406
"14349","infects",6083,2174,0,294.767523023938
"14350","infects",6083,2175,0,285.228860556701
"14351","infects",6083,2176,0,278.864334891441
"14352","infects",6083,2177,0,275.313546195655
"14353","infects",6083,2178,0,274.049952424729
"14354","infects",6083,2179,0,274.448384029848
"14355","infects",6083,2180,0,275.840746041702
"14356","infects",6083,2181,0,277.575082074598
"14357","infects",6083,2182,0,279.084580327095
"14358","infects",6083,2183,0,279.960526531032
"14359","infects",6083,2184,0,280.012396099388
"14360","infects",6083,2185,0,279.294954132284
"14361","infects",6083,2186,0,278.089234870105
"14362","infects",6083,2187,0,276.838857882447
"14363","infects",6083,2188,0,276.057703929541
"14364","infects",6083,2189,0,276.231797928514
"14365","infects",6083,2190,0,277.734739558765
"14366","infects",6083,2191,0,280.766068717369
"14367","infects",6083,2192,0,285.312553460399
"14368","infects",6083,2193,0,291.128858551899
"14369","infects",6083,2194,0,297.737355460595
"14370","infects",6083,2195,0,304.453803060451
"14371","infects",6083,2196,0,310.450689757707
"14372","infects",6083,2197,0,314.867354093996
"14373","infects",6083,2198,0,316.962311397286
"14374","infects",6083,2199,0,316.281216469072
"14375","infects",6083,2200,0,312.794071922571
"14376","infects",6083,2201,0,306.95218413963
"14377","infects",6083,2202,0,299.637545991952
"14378","infects",6083,2203,0,292.017742400192
"14379","infects",6083,2204,0,285.356569374292
"14380","infects",6083,2205,0,280.842642796374
"14381","infects",6083,2206,0,279.479765116435
"14382","infects",6083,2207,0,282.047290035882
"14383","infects",6083,2208,0,289.106800285774
"14384","infects",6083,2209,0,301.016139574706
"14385","infects",6083,2210,0,317.914014825037
"14386","infects",6083,2211,0,339.652294844834
"14387","infects",6083,2212,0,365.674322029945
"14388","infects",6083,2213,0,394.865292586513
"14389","infects",6083,2214,0,425.433676108382
"14390","infects",6083,2215,0,454.910969588945
"14391","infects",6083,2216,0,480.358629114558
"14392","infects",6083,2217,0,498.820037409986
"14393","infects",6083,2218,0,507.947498963779
"14394","infects",6083,2219,0,506.612118049039
"14395","infects",6083,2220,0,495.250232330595
"14396","infects",6083,2221,0,475.778013631829
"14397","infects",6083,2222,0,451.093521058654
"14398","infects",6083,2223,0,424.370695711747
"14399","infects",6083,2224,0,398.415442207521
"14400","infects",6083,2225,0,375.273808495958
"14401","infects",6083,2226,0,356.131485428923
"14402","infects",6083,2227,0,341.423349186277
"14403","infects",6083,2228,0,331.031828727118
"14404","infects",6083,2229,0,324.479601064763
"14405","infects",6083,2230,0,321.073506554138
"14406","infects",6083,2231,0,319.999481808607
"14407","infects",6083,2232,0,320.390347354786
"14408","infects",6083,2233,0,321.391125277642
"14409","infects",6083,2234,0,322.236395826293
"14410","infects",6083,2235,0,322.337591295972
"14411","infects",6083,2236,0,321.362138325404
"14412","infects",6083,2237,0,319.278516359087
"14413","infects",6083,2238,0,316.346656283062
"14414","infects",6083,2239,0,313.050180487207
"14415","infects",6083,2240,0,309.987072725487
"14416","infects",6083,2241,0,307.747558374326
"14417","infects",6083,2242,0,306.806610364839
"14418","infects",6083,2243,0,307.446668896363
"14419","infects",6083,2244,0,309.712575046556
"14420","infects",6083,2245,0,313.393228833909
"14421","infects",6083,2246,0,318.025702722564
"14422","infects",6083,2247,0,322.924574747583
"14423","infects",6083,2248,0,327.245974336133
"14424","infects",6083,2249,0,330.095681988161
"14425","infects",6083,2250,0,330.679416391656
"14426","infects",6083,2251,0,328.472661247645
"14427","infects",6083,2252,0,323.366302400626
"14428","infects",6083,2253,0,315.737434848395
"14429","infects",6083,2254,0,306.423217413439
"14430","infects",6083,2255,0,296.542822726685
"14431","infects",6083,2256,0,287.3578090181
"14432","infects",6083,2257,0,280.053928731743
"14433","infects",6083,2258,0,275.621347141856
"14434","infects",6083,2259,0,274.802273179555
"14435","infects",6083,2260,0,278.094586906218
"14436","infects",6083,2261,0,285.774334389547
"14437","infects",6083,2262,0,297.900098082291
"14438","infects",6083,2263,0,314.275351874364
"14439","infects",6083,2264,0,334.364768822031
"14440","infects",6083,2265,0,357.184452662325
"14441","infects",6083,2266,0,381.212646868674
"14442","infects",6083,2267,0,404.389866730019
"14443","infects",6083,2268,0,424.279656739484
"14444","infects",6083,2269,0,438.423700302896
"14445","infects",6083,2270,0,444.842656853522
"14446","infects",6083,2271,0,442.53654058112
"14447","infects",6083,2272,0,431.788055068463
"14448","infects",6083,2273,0,414.123320439
"14449","infects",6083,2274,0,391.928217958726
"14450","infects",6083,2275,0,367.872610289366
"14451","infects",6083,2276,0,344.362030468571
"14452","infects",6083,2277,0,323.184507896215
"14453","infects",6083,2278,0,305.400513501162
"14454","infects",6083,2279,0,291.418924542871
"14455","infects",6083,2280,0,281.159761250973
"14456","infects",6083,2281,0,274.220472092828
"14457","infects",6083,2282,0,270.003952696785
"14458","infects",6083,2283,0,267.804030326163
"14459","infects",6083,2284,0,266.865131730946
"14460","infects",6083,2285,0,266.437302972881
"14461","infects",6083,2286,0,265.840457797147
"14462","infects",6083,2287,0,264.53810896338
"14463","infects",6083,2288,0,262.206733834126
"14464","infects",6083,2289,0,258.778823307375
"14465","infects",6083,2290,0,254.440546537763
"14466","infects",6083,2291,0,249.578679856115
"14467","infects",6083,2292,0,244.689298065399
"14468","infects",6083,2293,0,240.273026932673
"14469","infects",6083,2294,0,236.742271121162
"14470","infects",6083,2295,0,234.356195693903
"14471","infects",6083,2296,0,233.186519389515
"14472","infects",6083,2297,0,233.108725158493
"14473","infects",6083,2298,0,233.812237544275
"14474","infects",6083,2299,0,234.827699253015
"14475","infects",6083,2300,0,235.575067456771
"14476","infects",6083,2301,0,235.437834931507
"14477","infects",6083,2302,0,233.862983676924
"14478","infects",6083,2303,0,230.473713079816
"14479","infects",6083,2304,0,225.168009692898
"14480","infects",6083,2305,0,218.170006938064
"14481","infects",6083,2306,0,210.010567421592
"14482","infects",6083,2307,0,201.437815434515
"14483","infects",6083,2308,0,193.28578784559
"14484","infects",6083,2309,0,186.344150384354
"14485","infects",6083,2310,0,181.265679960915
"14486","infects",6083,2311,0,178.526130393285
"14487","infects",6083,2312,0,178.42696791456
"14488","infects",6083,2313,0,181.117050142481
"14489","infects",6083,2314,0,186.607913317347
"14490","infects",6083,2315,0,194.765314618556
"14491","infects",6083,2316,0,205.272096563901
"14492","infects",6083,2317,0,217.571662959554
"14493","infects",6083,2318,0,230.816418782556
"14494","infects",6083,2319,0,243.858622792096
"14495","infects",6083,2320,0,255.324622682029
"14496","infects",6083,2321,0,263.796682940266
"14497","infects",6083,2322,0,268.084550054784
"14498","infects",6083,2323,0,267.513986528071
"14499","infects",6083,2324,0,262.123934835509
"14500","infects",6083,2325,0,252.681056574072
"14501","infects",6083,2326,0,240.493547033167
"14502","infects",6083,2327,0,227.095816654849
"14503","infects",6083,2328,0,213.925583118022
"14504","infects",6083,2329,0,202.097571197147
"14505","infects",6083,2330,0,192.314331893424
"14506","infects",6083,2331,0,184.890748608508
"14507","infects",6083,2332,0,179.83746160086
"14508","infects",6083,2333,0,176.952470805709
"14509","infects",6083,2334,0,175.892760396507
"14510","infects",6083,2335,0,176.221110604036
"14511","infects",6083,2336,0,177.438128543111
"14512","infects",6083,2337,0,179.014455014232
"14513","infects",6083,2338,0,180.434810071803
"14514","infects",6083,2339,0,181.256415647185
"14515","infects",6083,2340,0,181.172692974458
"14516","infects",6083,2341,0,180.063978537599
"14517","infects",6083,2342,0,178.015746177014
"14518","infects",6083,2343,0,175.293746571646
"14519","infects",6083,2344,0,172.280873219209
"14520","infects",6083,2345,0,169.394132664171
"14521","infects",6083,2346,0,167.004506628142
"14522","infects",6083,2347,0,165.37656609112
"14523","infects",6083,2348,0,164.633621812194
"14524","infects",6083,2349,0,164.745072960573
"14525","infects",6083,2350,0,165.538667170779
"14526","infects",6083,2351,0,166.683319745297
"14527","infects",6083,2352,0,167.764180143893
"14528","infects",6083,2353,0,168.305638457599
"14529","infects",6083,2354,0,167.849602417371
"14530","infects",6083,2355,0,166.044325944055
"14531","infects",6083,2356,0,162.731259070695
"14532","infects",6083,2357,0,158.002725356556
"14533","infects",6083,2358,0,152.206203626291
"14534","infects",6083,2359,0,145.888166445765
"14535","infects",6083,2360,0,139.694492813317
"14536","infects",6083,2361,0,134.261622823031
"14537","infects",6083,2362,0,130.132544532807
"14538","infects",6083,2363,0,127.71553695553
"14539","infects",6083,2364,0,127.282265000682
"14540","infects",6083,2365,0,128.986924793888
"14541","infects",6083,2366,0,132.884422578784
"14542","infects",6083,2367,0,138.930734125395
"14543","infects",6083,2368,0,146.958065970296
"14544","infects",6083,2369,0,156.628536067433
"14545","infects",6083,2370,0,167.38235803225
"14546","infects",6083,2371,0,178.408888260528
"14547","infects",6083,2372,0,188.676313093299
"14548","infects",6083,2373,0,197.0487957482
"14549","infects",6083,2374,0,202.490714979416
"14550","infects",6083,2375,0,204.310985715756
"14551","infects",6083,2376,0,202.360408633418
"14552","infects",6083,2377,0,197.094060697356
"14553","infects",6083,2378,0,189.462302764182
"14554","infects",6083,2379,0,180.672457838856
"14555","infects",6083,2380,0,171.918485386299
"14556","infects",6083,2381,0,164.174327599127
"14557","infects",6083,2382,0,158.09745286811
"14558","infects",6083,2383,0,154.031427318637
"14559","infects",6083,2384,0,152.063422061308
"14560","infects",6083,2385,0,152.091602856227
"14561","infects",6083,2386,0,153.875499320538
"14562","infects",6083,2387,0,157.06370425868
"14563","infects",6083,2388,0,161.208548825156
"14564","infects",6083,2389,0,165.784467209202
"14565","infects",6083,2390,0,170.225871383938
"14566","infects",6083,2391,0,173.991923091443
"14567","infects",6083,2392,0,176.651271325789
"14568","infects",6083,2393,0,177.96478248701
"14569","infects",6083,2394,0,177.936852200232
"14570","infects",6083,2395,0,176.812673124132
"14571","infects",6083,2396,0,175.018483116809
"14572","infects",6083,2397,0,173.063847717976
"14573","infects",6083,2398,0,171.436739592336
"14574","infects",6083,2399,0,170.518165585083
"14575","infects",6083,2400,0,170.528585010618
"14576","infects",6083,2401,0,171.503904405165
"14577","infects",6083,2402,0,173.29227042983
"14578","infects",6083,2403,0,175.565440951354
"14579","infects",6083,2404,0,177.846098745449
"14580","infects",6083,2405,0,179.558914328
"14581","infects",6083,2406,0,180.112829477792
"14582","infects",6083,2407,0,179.011967726259
"14583","infects",6083,2408,0,175.975066074668
"14584","infects",6083,2409,0,171.02739964682
"14585","infects",6083,2410,0,164.527455629007
"14586","infects",6083,2411,0,157.110275289446
"14587","infects",6083,2412,0,149.563395522327
"14588","infects",6083,2413,0,142.680079337283
"14589","infects",6083,2414,0,137.139938134897
"14590","infects",6083,2415,0,133.44711285877
"14591","infects",6083,2416,0,131.925614184823
"14592","infects",6083,2417,0,132.748446932759
"14593","infects",6083,2418,0,135.970388085264
"14594","infects",6083,2419,0,141.540841356356
"14595","infects",6083,2420,0,149.285686679225
"14596","infects",6083,2421,0,158.860696351743
"14597","infects",6083,2422,0,169.693149392472
"14598","infects",6083,2423,0,180.942493447761
"14599","infects",6083,2424,0,191.520726341999
"14600","infects",6083,2425,0,200.208173549747
"14601","infects",6083,2426,0,205.870118436153
"14602","infects",6083,2427,0,207.727061202091
"14603","infects",6083,2428,0,205.58214528714
"14604","infects",6083,2429,0,199.902552234738
"14605","infects",6083,2430,0,191.70715888565
"14606","infects",6083,2431,0,182.303811470257
"14607","infects",6083,2432,0,172.986812764353
"14608","infects",6083,2433,0,164.805875832974
"14609","infects",6083,2434,0,158.460988635193
"14610","infects",6083,2435,0,154.309769980384
"14611","infects",6083,2436,0,152.43542392128
"14612","infects",6083,2437,0,152.722922922947
"14613","infects",6083,2438,0,154.912803606513
"14614","infects",6083,2439,0,158.626805560668
"14615","infects",6083,2440,0,163.377252213801
"14616","infects",6083,2441,0,168.580471493738
"14617","infects",6083,2442,0,173.594137545483
"14618","infects",6083,2443,0,177.789138342061
"14619","infects",6083,2444,0,180.649476154553
"14620","infects",6083,2445,0,181.874394364483
"14621","infects",6083,2446,0,181.445907897569
"14622","infects",6083,2447,0,179.638672141771
"14623","infects",6083,2448,0,176.926399672787
"14624","infects",6083,2449,0,173.901390498224
"14625","infects",6083,2450,0,171.128672297669
"14626","infects",6083,2451,0,169.050656067791
"14627","infects",6083,2452,0,167.927935870586
"14628","infects",6083,2453,0,167.817368990292
"14629","infects",6083,2454,0,168.574901007094
"14630","infects",6083,2455,0,169.87310891898
"14631","infects",6083,2456,0,171.232461650732
"14632","infects",6083,2457,0,172.073517942162
"14633","infects",6083,2458,0,171.798392506964
"14634","infects",6083,2459,0,169.900535907309
"14635","infects",6083,2460,0,166.084210829655
"14636","infects",6083,2461,0,160.357992397253
"14637","infects",6083,2462,0,153.063364381153
"14638","infects",6083,2463,0,144.818357986871
"14639","infects",6083,2464,0,136.391006380758
"14640","infects",6083,2465,0,128.548097359381
"14641","infects",6083,2466,0,121.931649912351
"14642","infects",6083,2467,0,116.995547760289
"14643","infects",6083,2468,0,114.002902302207
"14644","infects",6083,2469,0,113.060563772146
"14645","infects",6083,2470,0,114.160313904264
"14646","infects",6083,2471,0,117.203510150356
"14647","infects",6083,2472,0,121.998894748983
"14648","infects",6083,2473,0,128.23603054041
"14649","infects",6083,2474,0,135.44800390343
"14650","infects",6083,2475,0,142.986795108459
"14651","infects",6083,2476,0,150.040596045894
"14652","infects",6083,2477,0,155.717807155515
"14653","infects",6083,2478,0,159.200800636849
"14654","infects",6083,2479,0,159.935933616748
"14655","infects",6083,2480,0,157.792420293334
"14656","infects",6083,2481,0,153.118104936683
"14657","infects",6083,2482,0,146.658544107741
"14658","infects",6083,2483,0,139.36920451701
"14659","infects",6083,2484,0,132.198239008439
"14660","infects",6083,2485,0,125.918958715446
"14661","infects",6083,2486,0,121.051963761503
"14662","infects",6083,2487,0,117.86874196992
"14663","infects",6083,2488,0,116.440240587584
"14664","infects",6083,2489,0,116.692511294279
"14665","infects",6083,2490,0,125.317938943291
"14666","infects",6083,2491,0,129.67036122814
"14667","infects",6083,2492,0,134.024997456322
"14668","infects",6083,2493,0,137.91126031404
"14669","infects",6083,2494,0,140.928346672694
"14670","infects",6083,2495,0,142.82219593599
"14671","infects",6083,2496,0,143.542058088249
"14672","infects",6083,2497,0,143.253082582316
"14673","infects",6083,2498,0,142.296965035328
"14674","infects",6083,2499,0,141.113386728787
"14675","infects",6083,2500,0,140.148601929124
"14676","infects",6083,2501,0,139.776933059589
"14677","infects",6083,2502,0,140.248952596763
"14678","infects",6083,2503,0,141.666060046859
"14679","infects",6083,2504,0,143.973202294595
"14680","infects",6083,2505,0,146.962107852135
"14681","infects",6083,2506,0,150.28387825086
"14682","infects",6083,2507,0,153.477074998171
"14683","infects",6083,2508,0,156.02052593508
"14684","infects",6083,2509,0,157.415325590512
"14685","infects",6083,2510,0,157.28752315221
"14686","infects",6083,2511,0,155.486751738201
"14687","infects",6083,2512,0,152.146622530035
"14688","infects",6083,2513,0,147.679747113261
"14689","infects",6083,2514,0,142.704366704002
"14690","infects",6083,2515,0,137.928541363874
"14691","infects",6083,2516,0,134.034015911547
"14692","infects",6083,2517,0,131.595812291903
"14693","infects",6083,2518,0,131.051201118145
"14694","infects",6083,2519,0,132.70798245845
"14695","D_obs",6083,0,0,8
"14696","D_obs",6083,1,0,9
"14697","D_obs",6083,2,0,7
"14698","D_obs",6083,3,0,11
"14699","D_obs",6083,4,0,8
"14700","D_obs",6083,5,0,14
"14701","D_obs",6083,6,0,4
"14702","D_obs",6083,7,0,11
"14703","D_obs",6083,8,0,7
"14704","D_obs",6083,9,0,12
"14705","D_obs",6083,10,0,6
"14706","D_obs",6083,11,0,16
"14707","D_obs",6083,12,0,8
"14708","D_obs",6083,13,0,5
"14709","D_obs",6083,14,0,11
"14710","D_obs",6083,15,0,5
"14711","D_obs",6083,16,0,12
"14712","D_obs",6083,17,0,7
"14713","D_obs",6083,18,0,10
"14714","D_obs",6083,19,0,15
"14715","D_obs",6083,20,0,17
"14716","D_obs",6083,21,0,25
"14717","D_obs",6083,22,0,30
"14718","D_obs",6083,23,0,16
"14719","D_obs",6083,24,0,24
"14720","D_obs",6083,25,0,18
"14721","D_obs",6083,26,0,29
"14722","D_obs",6083,27,0,25
"14723","D_obs",6083,28,0,23
"14724","D_obs",6083,29,0,28
"14725","D_obs",6083,30,0,31
"14726","D_obs",6083,31,0,19
"14727","D_obs",6083,32,0,43
"14728","D_obs",6083,33,0,28
"14729","D_obs",6083,34,0,38
"14730","D_obs",6083,35,0,30
"14731","D_obs",6083,36,0,35
"14732","D_obs",6083,37,0,29
"14733","D_obs",6083,38,0,31
"14734","D_obs",6083,39,0,47
"14735","D_obs",6083,40,0,36
"14736","D_obs",6083,41,0,41
"14737","D_obs",6083,42,0,46
"14738","D_obs",6083,43,0,44
"14739","D_obs",6083,44,0,39
"14740","D_obs",6083,45,0,50
"14741","D_obs",6083,46,0,43
"14742","D_obs",6083,47,0,30
"14743","D_obs",6083,48,0,35
"14744","D_obs",6083,49,0,40
"14745","D_obs",6083,50,0,33
"14746","D_obs",6083,51,0,35
"14747","D_obs",6083,52,0,27
"14748","D_obs",6083,53,0,22
"14749","D_obs",6083,54,0,30
"14750","D_obs",6083,55,0,23
"14751","D_obs",6083,56,0,19
"14752","D_obs",6083,57,0,15
"14753","D_obs",6083,58,0,24
"14754","D_obs",6083,59,0,22
"14755","D_obs",6083,60,0,29
"14756","D_obs",6083,61,0,21
"14757","D_obs",6083,62,0,21
"14758","D_obs",6083,63,0,22
"14759","D_obs",6083,64,0,22
"14760","D_obs",6083,65,0,21
"14761","D_obs",6083,66,0,21
"14762","D_obs",6083,67,0,27
"14763","D_obs",6083,68,0,18
"14764","D_obs",6083,69,0,24
"14765","D_obs",6083,70,0,10
"14766","D_obs",6083,71,0,21
"14767","D_obs",6083,72,0,27
"14768","D_obs",6083,73,0,29
"14769","D_obs",6083,74,0,33
"14770","D_obs",6083,75,0,31
"14771","D_obs",6083,76,0,27
"14772","D_obs",6083,77,0,32
"14773","D_obs",6083,78,0,32
"14774","D_obs",6083,79,0,30
"14775","D_obs",6083,80,0,37
"14776","D_obs",6083,81,0,32
"14777","D_obs",6083,82,0,41
"14778","D_obs",6083,83,0,48
"14779","D_obs",6083,84,0,43
"14780","D_obs",6083,85,0,34
"14781","D_obs",6083,86,0,39
"14782","D_obs",6083,87,0,41
"14783","D_obs",6083,88,0,48
"14784","D_obs",6083,89,0,64
"14785","D_obs",6083,90,0,54
"14786","D_obs",6083,91,0,43
"14787","D_obs",6083,92,0,54
"14788","D_obs",6083,93,0,58
"14789","D_obs",6083,94,0,58
"14790","D_obs",6083,95,0,66
"14791","D_obs",6083,96,0,60
"14792","D_obs",6083,97,0,51
"14793","D_obs",6083,98,0,61
"14794","D_obs",6083,99,0,59
"14795","D_obs",6083,100,0,47
"14796","D_obs",6083,101,0,46
"14797","D_obs",6083,102,0,49
"14798","D_obs",6083,103,0,54
"14799","D_obs",6083,104,0,47
"14800","D_obs",6083,105,0,51
"14801","D_obs",6083,106,0,49
"14802","D_obs",6083,107,0,42
"14803","D_obs",6083,108,0,31
"14804","D_obs",6083,109,0,37
"14805","D_obs",6083,110,0,43
"14806","D_obs",6083,111,0,43
"14807","D_obs",6083,112,0,39
"14808","D_obs",6083,113,0,40
"14809","D_obs",6083,114,0,43
"14810","D_obs",6083,115,0,36
"14811","D_obs",6083,116,0,35
"14812","D_obs",6083,117,0,35
"14813","D_obs",6083,118,0,31
"14814","D_obs",6083,119,0,32
"14815","D_obs",6083,120,0,35
"14816","D_obs",6083,121,0,24
"14817","D_obs",6083,122,0,35
"14818","D_obs",6083,123,0,41
"14819","D_obs",6083,124,0,49
"14820","D_obs",6083,125,0,63
"14821","D_obs",6083,126,0,56
"14822","D_obs",6083,127,0,62
"14823","D_obs",6083,128,0,78
"14824","D_obs",6083,129,0,60
"14825","D_obs",6083,130,0,58
"14826","D_obs",6083,131,0,69
"14827","D_obs",6083,132,0,72
"14828","D_obs",6083,133,0,82
"14829","D_obs",6083,134,0,75
"14830","D_obs",6083,135,0,80
"14831","D_obs",6083,136,0,68
"14832","D_obs",6083,137,0,93
"14833","D_obs",6083,138,0,82
"14834","D_obs",6083,139,0,99
"14835","D_obs",6083,140,0,70
"14836","D_obs",6083,141,0,87
"14837","D_obs",6083,142,0,85
"14838","D_obs",6083,143,0,87
"14839","D_obs",6083,144,0,102
"14840","D_obs",6083,145,0,81
"14841","D_obs",6083,146,0,88
"14842","D_obs",6083,147,0,72
"14843","D_obs",6083,148,0,70
"14844","D_obs",6083,149,0,84
"14845","D_obs",6083,150,0,60
"14846","D_obs",6083,151,0,56
"14847","D_obs",6083,152,0,44
"14848","D_obs",6083,153,0,47
"14849","D_obs",6083,154,0,42
"14850","D_obs",6083,155,0,39
"14851","D_obs",6083,156,0,37
"14852","D_obs",6083,157,0,47
"14853","D_obs",6083,158,0,45
"14854","D_obs",6083,159,0,28
"14855","D_obs",6083,160,0,35
"14856","D_obs",6083,161,0,34
"14857","D_obs",6083,162,0,38
"14858","D_obs",6083,163,0,30
"14859","D_obs",6083,164,0,23
"14860","D_obs",6083,165,0,24
"14861","D_obs",6083,166,0,23
"14862","D_obs",6083,167,0,27
"14863","D_obs",6083,168,0,30
"14864","D_obs",6083,169,0,11
"14865","D_obs",6083,170,0,17
"14866","D_obs",6083,171,0,18
"14867","D_obs",6083,172,0,16
"14868","D_obs",6083,173,0,9
"14869","D_obs",6083,174,0,11
"14870","D_obs",6083,175,0,22
"14871","D_obs",6083,176,0,18
"14872","D_obs",6083,177,0,19
"14873","D_obs",6083,178,0,16
"14874","D_obs",6083,179,0,17
"14875","D_obs",6083,180,0,12
"14876","D_obs",6083,181,0,15
"14877","D_obs",6083,182,0,21
"14878","D_obs",6083,183,0,15
"14879","D_obs",6083,184,0,12
"14880","D_obs",6083,185,0,13
"14881","D_obs",6083,186,0,10
"14882","D_obs",6083,187,0,18
"14883","D_obs",6083,188,0,6
"14884","D_obs",6083,189,0,14
"14885","D_obs",6083,190,0,16
"14886","D_obs",6083,191,0,14
"14887","D_obs",6083,192,0,14
"14888","D_obs",6083,193,0,20
"14889","D_obs",6083,194,0,21
"14890","D_obs",6083,195,0,23
"14891","D_obs",6083,196,0,24
"14892","D_obs",6083,197,0,20
"14893","D_obs",6083,198,0,25
"14894","D_obs",6083,199,0,11
"14895","D_obs",6083,200,0,20
"14896","D_obs",6083,201,0,28
"14897","D_obs",6083,202,0,25
"14898","D_obs",6083,203,0,22
"14899","D_obs",6083,204,0,18
"14900","D_obs",6083,205,0,19
"14901","D_obs",6083,206,0,21
"14902","D_obs",6083,207,0,13
"14903","D_obs",6083,208,0,19
"14904","D_obs",6083,209,0,20
"14905","D_obs",6083,210,0,16
"14906","D_obs",6083,211,0,14
"14907","D_obs",6083,212,0,19
"14908","D_obs",6083,213,0,16
"14909","D_obs",6083,214,0,24
"14910","D_obs",6083,215,0,20
"14911","D_obs",6083,216,0,16
"14912","D_obs",6083,217,0,11
"14913","D_obs",6083,218,0,18
"14914","D_obs",6083,219,0,20
"14915","D_obs",6083,220,0,8
"14916","D_obs",6083,221,0,16
"14917","D_obs",6083,222,0,11
"14918","D_obs",6083,223,0,13
"14919","D_obs",6083,224,0,15
"14920","D_obs",6083,225,0,6
"14921","D_obs",6083,226,0,11
"14922","D_obs",6083,227,0,15
"14923","D_obs",6083,228,0,11
"14924","D_obs",6083,229,0,23
"14925","D_obs",6083,230,0,10
"14926","D_obs",6083,231,0,15
"14927","D_obs",6083,232,0,17
"14928","D_obs",6083,233,0,14
"14929","D_obs",6083,234,0,20
"14930","D_obs",6083,235,0,25
"14931","D_obs",6083,236,0,12
"14932","D_obs",6083,237,0,11
"14933","D_obs",6083,238,0,23
"14934","D_obs",6083,239,0,17
"14935","D_obs",6083,240,0,10
"14936","D_obs",6083,241,0,10
"14937","D_obs",6083,242,0,19
"14938","D_obs",6083,243,0,10
"14939","D_obs",6083,244,0,19
"14940","D_obs",6083,245,0,15
"14941","D_obs",6083,246,0,17
"14942","D_obs",6083,247,0,21
"14943","D_obs",6083,248,0,28
"14944","D_obs",6083,249,0,30
"14945","D_obs",6083,250,0,33
"14946","D_obs",6083,251,0,22
"14947","D_obs",6083,252,0,27
"14948","D_obs",6083,253,0,19
"14949","D_obs",6083,254,0,27
"14950","D_obs",6083,255,0,33
"14951","D_obs",6083,256,0,25
"14952","D_obs",6083,257,0,25
"14953","D_obs",6083,258,0,19
"14954","D_obs",6083,259,0,13
"14955","D_obs",6083,260,0,16
"14956","D_obs",6083,261,0,22
"14957","D_obs",6083,262,0,12
"14958","D_obs",6083,263,0,14
"14959","D_obs",6083,264,0,14
"14960","D_obs",6083,265,0,17
"14961","D_obs",6083,266,0,14
"14962","D_obs",6083,267,0,21
"14963","D_obs",6083,268,0,13
"14964","D_obs",6083,269,0,11
"14965","D_obs",6083,270,0,18
"14966","D_obs",6083,271,0,13
"14967","D_obs",6083,272,0,11
"14968","D_obs",6083,273,0,7
"14969","D_obs",6083,274,0,16
"14970","D_obs",6083,275,0,12
"14971","D_obs",6083,276,0,11
"14972","D_obs",6083,277,0,13
"14973","D_obs",6083,278,0,11
"14974","D_obs",6083,279,0,15
"14975","D_obs",6083,280,0,26
"14976","D_obs",6083,281,0,20
"14977","D_obs",6083,282,0,4
"14978","D_obs",6083,283,0,12
"14979","D_obs",6083,284,0,16
"14980","D_obs",6083,285,0,11
"14981","D_obs",6083,286,0,16
"14982","D_obs",6083,287,0,13
"14983","D_obs",6083,288,0,15
"14984","D_obs",6083,289,0,18
"14985","D_obs",6083,290,0,16
"14986","D_obs",6083,291,0,16
"14987","D_obs",6083,292,0,16
"14988","D_obs",6083,293,0,29
"14989","D_obs",6083,294,0,21
"14990","D_obs",6083,295,0,29
"14991","D_obs",6083,296,0,49
"14992","D_obs",6083,297,0,32
"14993","D_obs",6083,298,0,46
"14994","D_obs",6083,299,0,50
"14995","D_obs",6083,300,0,58
"14996","D_obs",6083,301,0,55
"14997","D_obs",6083,302,0,42
"14998","D_obs",6083,303,0,61
"14999","D_obs",6083,304,0,64
"15000","D_obs",6083,305,0,71
"15001","D_obs",6083,306,0,69
"15002","D_obs",6083,307,0,49
"15003","D_obs",6083,308,0,63
"15004","D_obs",6083,309,0,45
"15005","D_obs",6083,310,0,36
"15006","D_obs",6083,311,0,41
"15007","D_obs",6083,312,0,43
"15008","D_obs",6083,313,0,57
"15009","D_obs",6083,314,0,40
"15010","D_obs",6083,315,0,45
"15011","D_obs",6083,316,0,38
"15012","D_obs",6083,317,0,57
"15013","D_obs",6083,318,0,53
"15014","D_obs",6083,319,0,42
"15015","D_obs",6083,320,0,43
"15016","D_obs",6083,321,0,54
"15017","D_obs",6083,322,0,42
"15018","D_obs",6083,323,0,51
"15019","D_obs",6083,324,0,46
"15020","D_obs",6083,325,0,47
"15021","D_obs",6083,326,0,36
"15022","D_obs",6083,327,0,53
"15023","D_obs",6083,328,0,57
"15024","D_obs",6083,329,0,44
"15025","D_obs",6083,330,0,51
"15026","D_obs",6083,331,0,43
"15027","D_obs",6083,332,0,50
"15028","D_obs",6083,333,0,78
"15029","D_obs",6083,334,0,56
"15030","D_obs",6083,335,0,77
"15031","D_obs",6083,336,0,76
"15032","D_obs",6083,337,0,107
"15033","D_obs",6083,338,0,88
"15034","D_obs",6083,339,0,100
"15035","D_obs",6083,340,0,72
"15036","D_obs",6083,341,0,90
"15037","D_obs",6083,342,0,119
"15038","D_obs",6083,343,0,97
"15039","D_obs",6083,344,0,124
"15040","D_obs",6083,345,0,115
"15041","D_obs",6083,346,0,102
"15042","D_obs",6083,347,0,137
"15043","D_obs",6083,348,0,144
"15044","D_obs",6083,349,0,145
"15045","D_obs",6083,350,0,161
"15046","D_obs",6083,351,0,154
"15047","D_obs",6083,352,0,180
"15048","D_obs",6083,353,0,188
"15049","D_obs",6083,354,0,147
"15050","D_obs",6083,355,0,182
"15051","D_obs",6083,356,0,135
"15052","D_obs",6083,357,0,135
"15053","D_obs",6083,358,0,119
"15054","D_obs",6083,359,0,118
"15055","D_obs",6083,360,0,127
"15056","D_obs",6083,361,0,117
"15057","D_obs",6083,362,0,113
"15058","D_obs",6083,363,0,110
"15059","D_obs",6083,364,0,94
"15060","D_obs",6083,365,0,81
"15061","D_obs",6083,366,0,63
"15062","D_obs",6083,367,0,87
"15063","D_obs",6083,368,0,76
"15064","D_obs",6083,369,0,62
"15065","D_obs",6083,370,0,55
"15066","D_obs",6083,371,0,64
"15067","D_obs",6083,372,0,50
"15068","D_obs",6083,373,0,57
"15069","D_obs",6083,374,0,43
"15070","D_obs",6083,375,0,42
"15071","D_obs",6083,376,0,40
"15072","D_obs",6083,377,0,56
"15073","D_obs",6083,378,0,39
"15074","D_obs",6083,379,0,48
"15075","D_obs",6083,380,0,38
"15076","D_obs",6083,381,0,47
"15077","D_obs",6083,382,0,41
"15078","D_obs",6083,383,0,40
"15079","D_obs",6083,384,0,35
"15080","D_obs",6083,385,0,34
"15081","D_obs",6083,386,0,29
"15082","D_obs",6083,387,0,40
"15083","D_obs",6083,388,0,34
"15084","D_obs",6083,389,0,38
"15085","D_obs",6083,390,0,34
"15086","D_obs",6083,391,0,43
"15087","D_obs",6083,392,0,25
"15088","D_obs",6083,393,0,27
"15089","D_obs",6083,394,0,32
"15090","D_obs",6083,395,0,44
"15091","D_obs",6083,396,0,21
"15092","D_obs",6083,397,0,27
"15093","D_obs",6083,398,0,18
"15094","D_obs",6083,399,0,27
"15095","D_obs",6083,400,0,27
"15096","D_obs",6083,401,0,24
"15097","D_obs",6083,402,0,41
"15098","D_obs",6083,403,0,30
"15099","D_obs",6083,404,0,39
"15100","D_obs",6083,405,0,56
"15101","D_obs",6083,406,0,41
"15102","D_obs",6083,407,0,33
"15103","D_obs",6083,408,0,41
"15104","D_obs",6083,409,0,58
"15105","D_obs",6083,410,0,41
"15106","D_obs",6083,411,0,35
"15107","D_obs",6083,412,0,37
"15108","D_obs",6083,413,0,32
"15109","D_obs",6083,414,0,19
"15110","D_obs",6083,415,0,29
"15111","D_obs",6083,416,0,25
"15112","D_obs",6083,417,0,31
"15113","D_obs",6083,418,0,11
"15114","D_obs",6083,419,0,17
"15115","D_obs",6083,420,0,16
"15116","D_obs",6083,421,0,13
"15117","D_obs",6083,422,0,11
"15118","D_obs",6083,423,0,13
"15119","D_obs",6083,424,0,11
"15120","D_obs",6083,425,0,21
"15121","D_obs",6083,426,0,14
"15122","D_obs",6083,427,0,12
"15123","D_obs",6083,428,0,14
"15124","D_obs",6083,429,0,15
"15125","D_obs",6083,430,0,17
"15126","D_obs",6083,431,0,18
"15127","D_obs",6083,432,0,19
"15128","D_obs",6083,433,0,21
"15129","D_obs",6083,434,0,17
"15130","D_obs",6083,435,0,25
"15131","D_obs",6083,436,0,16
"15132","D_obs",6083,437,0,13
"15133","D_obs",6083,438,0,17
"15134","D_obs",6083,439,0,19
"15135","D_obs",6083,440,0,19
"15136","D_obs",6083,441,0,19
"15137","D_obs",6083,442,0,14
"15138","D_obs",6083,443,0,20
"15139","D_obs",6083,444,0,23
"15140","D_obs",6083,445,0,15
"15141","D_obs",6083,446,0,23
"15142","D_obs",6083,447,0,20
"15143","D_obs",6083,448,0,21
"15144","D_obs",6083,449,0,24
"15145","D_obs",6083,450,0,19
"15146","D_obs",6083,451,0,33
"15147","D_obs",6083,452,0,35
"15148","D_obs",6083,453,0,38
"15149","D_obs",6083,454,0,30
"15150","D_obs",6083,455,0,15
"15151","D_obs",6083,456,0,31
"15152","D_obs",6083,457,0,26
"15153","D_obs",6083,458,0,38
"15154","D_obs",6083,459,0,32
"15155","D_obs",6083,460,0,41
"15156","D_obs",6083,461,0,33
"15157","D_obs",6083,462,0,39
"15158","D_obs",6083,463,0,41
"15159","D_obs",6083,464,0,32
"15160","D_obs",6083,465,0,35
"15161","D_obs",6083,466,0,29
"15162","D_obs",6083,467,0,30
"15163","D_obs",6083,468,0,22
"15164","D_obs",6083,469,0,14
"15165","D_obs",6083,470,0,16
"15166","D_obs",6083,471,0,19
"15167","D_obs",6083,472,0,17
"15168","D_obs",6083,473,0,16
"15169","D_obs",6083,474,0,15
"15170","D_obs",6083,475,0,20
"15171","D_obs",6083,476,0,9
"15172","D_obs",6083,477,0,19
"15173","D_obs",6083,478,0,20
"15174","D_obs",6083,479,0,8
"15175","D_obs",6083,480,0,9
"15176","D_obs",6083,481,0,7
"15177","D_obs",6083,482,0,11
"15178","D_obs",6083,483,0,8
"15179","D_obs",6083,484,0,14
"15180","D_obs",6083,485,0,4
"15181","D_obs",6083,486,0,11
"15182","D_obs",6083,487,0,7
"15183","D_obs",6083,488,0,12
"15184","D_obs",6083,489,0,6
"15185","D_obs",6083,490,0,16
"15186","D_obs",6083,491,0,8
"15187","D_obs",6083,492,0,5
"15188","D_obs",6083,493,0,11
"15189","D_obs",6083,494,0,5
"15190","D_obs",6083,495,0,12
"15191","D_obs",6083,496,0,7
"15192","D_obs",6083,497,0,10
"15193","D_obs",6083,498,0,15
"15194","D_obs",6083,499,0,17
"15195","D_obs",6083,500,0,25
"15196","D_obs",6083,501,0,30
"15197","D_obs",6083,502,0,16
"15198","D_obs",6083,503,0,24
"15199","D_obs",6083,504,0,18
"15200","D_obs",6083,505,0,29
"15201","D_obs",6083,506,0,25
"15202","D_obs",6083,507,0,23
"15203","D_obs",6083,508,0,28
"15204","D_obs",6083,509,0,31
"15205","D_obs",6083,510,0,19
"15206","D_obs",6083,511,0,43
"15207","D_obs",6083,512,0,28
"15208","D_obs",6083,513,0,38
"15209","D_obs",6083,514,0,30
"15210","D_obs",6083,515,0,35
"15211","D_obs",6083,516,0,29
"15212","D_obs",6083,517,0,31
"15213","D_obs",6083,518,0,47
"15214","D_obs",6083,519,0,36
"15215","D_obs",6083,520,0,41
"15216","D_obs",6083,521,0,46
"15217","D_obs",6083,522,0,44
"15218","D_obs",6083,523,0,39
"15219","D_obs",6083,524,0,50
"15220","D_obs",6083,525,0,43
"15221","D_obs",6083,526,0,30
"15222","D_obs",6083,527,0,35
"15223","D_obs",6083,528,0,40
"15224","D_obs",6083,529,0,33
"15225","D_obs",6083,530,0,35
"15226","D_obs",6083,531,0,27
"15227","D_obs",6083,532,0,22
"15228","D_obs",6083,533,0,30
"15229","D_obs",6083,534,0,23
"15230","D_obs",6083,535,0,19
"15231","D_obs",6083,536,0,15
"15232","D_obs",6083,537,0,24
"15233","D_obs",6083,538,0,22
"15234","D_obs",6083,539,0,29
"15235","D_obs",6083,540,0,21
"15236","D_obs",6083,541,0,21
"15237","D_obs",6083,542,0,22
"15238","D_obs",6083,543,0,22
"15239","D_obs",6083,544,0,21
"15240","D_obs",6083,545,0,21
"15241","D_obs",6083,546,0,27
"15242","D_obs",6083,547,0,18
"15243","D_obs",6083,548,0,24
"15244","D_obs",6083,549,0,10
"15245","D_obs",6083,550,0,21
"15246","D_obs",6083,551,0,27
"15247","D_obs",6083,552,0,29
"15248","D_obs",6083,553,0,33
"15249","D_obs",6083,554,0,31
"15250","D_obs",6083,555,0,27
"15251","D_obs",6083,556,0,32
"15252","D_obs",6083,557,0,32
"15253","D_obs",6083,558,0,30
"15254","D_obs",6083,559,0,37
"15255","D_obs",6083,560,0,32
"15256","D_obs",6083,561,0,41
"15257","D_obs",6083,562,0,48
"15258","D_obs",6083,563,0,43
"15259","D_obs",6083,564,0,34
"15260","D_obs",6083,565,0,39
"15261","D_obs",6083,566,0,41
"15262","D_obs",6083,567,0,48
"15263","D_obs",6083,568,0,64
"15264","D_obs",6083,569,0,54
"15265","D_obs",6083,570,0,43
"15266","D_obs",6083,571,0,54
"15267","D_obs",6083,572,0,58
"15268","D_obs",6083,573,0,58
"15269","D_obs",6083,574,0,66
"15270","D_obs",6083,575,0,60
"15271","D_obs",6083,576,0,51
"15272","D_obs",6083,577,0,61
"15273","D_obs",6083,578,0,59
"15274","D_obs",6083,579,0,47
"15275","D_obs",6083,580,0,46
"15276","D_obs",6083,581,0,49
"15277","D_obs",6083,582,0,54
"15278","D_obs",6083,583,0,47
"15279","D_obs",6083,584,0,51
"15280","D_obs",6083,585,0,49
"15281","D_obs",6083,586,0,42
"15282","D_obs",6083,587,0,31
"15283","D_obs",6083,588,0,37
"15284","D_obs",6083,589,0,43
"15285","D_obs",6083,590,0,43
"15286","D_obs",6083,591,0,39
"15287","D_obs",6083,592,0,40
"15288","D_obs",6083,593,0,43
"15289","D_obs",6083,594,0,36
"15290","D_obs",6083,595,0,35
"15291","D_obs",6083,596,0,35
"15292","D_obs",6083,597,0,31
"15293","D_obs",6083,598,0,32
"15294","D_obs",6083,599,0,35
"15295","D_obs",6083,600,0,24
"15296","D_obs",6083,601,0,35
"15297","D_obs",6083,602,0,41
"15298","D_obs",6083,603,0,49
"15299","D_obs",6083,604,0,63
"15300","D_obs",6083,605,0,56
"15301","D_obs",6083,606,0,62
"15302","D_obs",6083,607,0,78
"15303","D_obs",6083,608,0,60
"15304","D_obs",6083,609,0,58
"15305","D_obs",6083,610,0,69
"15306","D_obs",6083,611,0,72
"15307","D_obs",6083,612,0,82
"15308","D_obs",6083,613,0,75
"15309","D_obs",6083,614,0,80
"15310","D_obs",6083,615,0,68
"15311","D_obs",6083,616,0,93
"15312","D_obs",6083,617,0,82
"15313","D_obs",6083,618,0,99
"15314","D_obs",6083,619,0,70
"15315","D_obs",6083,620,0,87
"15316","D_obs",6083,621,0,85
"15317","D_obs",6083,622,0,87
"15318","D_obs",6083,623,0,102
"15319","D_obs",6083,624,0,81
"15320","D_obs",6083,625,0,88
"15321","D_obs",6083,626,0,72
"15322","D_obs",6083,627,0,70
"15323","D_obs",6083,628,0,84
"15324","D_obs",6083,629,0,60
"15325","D_obs",6083,630,0,56
"15326","D_obs",6083,631,0,44
"15327","D_obs",6083,632,0,47
"15328","D_obs",6083,633,0,42
"15329","D_obs",6083,634,0,39
"15330","D_obs",6083,635,0,37
"15331","D_obs",6083,636,0,47
"15332","D_obs",6083,637,0,45
"15333","D_obs",6083,638,0,28
"15334","D_obs",6083,639,0,35
"15335","D_obs",6083,640,0,34
"15336","D_obs",6083,641,0,38
"15337","D_obs",6083,642,0,30
"15338","D_obs",6083,643,0,23
"15339","D_obs",6083,644,0,24
"15340","D_obs",6083,645,0,23
"15341","D_obs",6083,646,0,27
"15342","D_obs",6083,647,0,30
"15343","D_obs",6083,648,0,11
"15344","D_obs",6083,649,0,17
"15345","D_obs",6083,650,0,18
"15346","D_obs",6083,651,0,16
"15347","D_obs",6083,652,0,9
"15348","D_obs",6083,653,0,11
"15349","D_obs",6083,654,0,22
"15350","D_obs",6083,655,0,18
"15351","D_obs",6083,656,0,19
"15352","D_obs",6083,657,0,16
"15353","D_obs",6083,658,0,17
"15354","D_obs",6083,659,0,12
"15355","D_obs",6083,660,0,15
"15356","D_obs",6083,661,0,21
"15357","D_obs",6083,662,0,15
"15358","D_obs",6083,663,0,12
"15359","D_obs",6083,664,0,13
"15360","D_obs",6083,665,0,10
"15361","D_obs",6083,666,0,18
"15362","D_obs",6083,667,0,6
"15363","D_obs",6083,668,0,14
"15364","D_obs",6083,669,0,16
"15365","D_obs",6083,670,0,14
"15366","D_obs",6083,671,0,14
"15367","D_obs",6083,672,0,20
"15368","D_obs",6083,673,0,21
"15369","D_obs",6083,674,0,23
"15370","D_obs",6083,675,0,24
"15371","D_obs",6083,676,0,20
"15372","D_obs",6083,677,0,25
"15373","D_obs",6083,678,0,11
"15374","D_obs",6083,679,0,20
"15375","D_obs",6083,680,0,28
"15376","D_obs",6083,681,0,25
"15377","D_obs",6083,682,0,22
"15378","D_obs",6083,683,0,18
"15379","D_obs",6083,684,0,19
"15380","D_obs",6083,685,0,21
"15381","D_obs",6083,686,0,13
"15382","D_obs",6083,687,0,19
"15383","D_obs",6083,688,0,20
"15384","D_obs",6083,689,0,16
"15385","D_obs",6083,690,0,14
"15386","D_obs",6083,691,0,19
"15387","D_obs",6083,692,0,16
"15388","D_obs",6083,693,0,24
"15389","D_obs",6083,694,0,20
"15390","D_obs",6083,695,0,16
"15391","D_obs",6083,696,0,11
"15392","D_obs",6083,697,0,18
"15393","D_obs",6083,698,0,20
"15394","D_obs",6083,699,0,8
"15395","D_obs",6083,700,0,16
"15396","D_obs",6083,701,0,11
"15397","D_obs",6083,702,0,13
"15398","D_obs",6083,703,0,15
"15399","D_obs",6083,704,0,6
"15400","D_obs",6083,705,0,11
"15401","D_obs",6083,706,0,15
"15402","D_obs",6083,707,0,11
"15403","D_obs",6083,708,0,23
"15404","D_obs",6083,709,0,10
"15405","D_obs",6083,710,0,15
"15406","D_obs",6083,711,0,17
"15407","D_obs",6083,712,0,14
"15408","D_obs",6083,713,0,20
"15409","D_obs",6083,714,0,25
"15410","D_obs",6083,715,0,12
"15411","D_obs",6083,716,0,11
"15412","D_obs",6083,717,0,23
"15413","D_obs",6083,718,0,17
"15414","D_obs",6083,719,0,10
"15415","D_obs",6083,720,0,10
"15416","D_obs",6083,721,0,19
"15417","D_obs",6083,722,0,10
"15418","D_obs",6083,723,0,19
"15419","D_obs",6083,724,0,15
"15420","D_obs",6083,725,0,17
"15421","D_obs",6083,726,0,21
"15422","D_obs",6083,727,0,28
"15423","D_obs",6083,728,0,30
"15424","D_obs",6083,729,0,33
"15425","D_obs",6083,730,0,22
"15426","D_obs",6083,731,0,27
"15427","D_obs",6083,732,0,19
"15428","D_obs",6083,733,0,27
"15429","D_obs",6083,734,0,33
"15430","D_obs",6083,735,0,25
"15431","D_obs",6083,736,0,25
"15432","D_obs",6083,737,0,19
"15433","D_obs",6083,738,0,13
"15434","D_obs",6083,739,0,16
"15435","D_obs",6083,740,0,22
"15436","D_obs",6083,741,0,12
"15437","D_obs",6083,742,0,14
"15438","D_obs",6083,743,0,14
"15439","D_obs",6083,744,0,17
"15440","D_obs",6083,745,0,14
"15441","D_obs",6083,746,0,21
"15442","D_obs",6083,747,0,13
"15443","D_obs",6083,748,0,11
"15444","D_obs",6083,749,0,18
"15445","D_obs",6083,750,0,13
"15446","D_obs",6083,751,0,11
"15447","D_obs",6083,752,0,7
"15448","D_obs",6083,753,0,16
"15449","D_obs",6083,754,0,12
"15450","D_obs",6083,755,0,11
"15451","D_obs",6083,756,0,13
"15452","D_obs",6083,757,0,11
"15453","D_obs",6083,758,0,15
"15454","D_obs",6083,759,0,26
"15455","D_obs",6083,760,0,20
"15456","D_obs",6083,761,0,4
"15457","D_obs",6083,762,0,12
"15458","D_obs",6083,763,0,16
"15459","D_obs",6083,764,0,11
"15460","D_obs",6083,765,0,16
"15461","D_obs",6083,766,0,13
"15462","D_obs",6083,767,0,15
"15463","D_obs",6083,768,0,18
"15464","D_obs",6083,769,0,16
"15465","D_obs",6083,770,0,16
"15466","D_obs",6083,771,0,16
"15467","D_obs",6083,772,0,29
"15468","D_obs",6083,773,0,21
"15469","D_obs",6083,774,0,29
"15470","D_obs",6083,775,0,49
"15471","D_obs",6083,776,0,32
"15472","D_obs",6083,777,0,46
"15473","D_obs",6083,778,0,50
"15474","D_obs",6083,779,0,58
"15475","D_obs",6083,780,0,55
"15476","D_obs",6083,781,0,42
"15477","D_obs",6083,782,0,61
"15478","D_obs",6083,783,0,64
"15479","D_obs",6083,784,0,71
"15480","D_obs",6083,785,0,69
"15481","D_obs",6083,786,0,49
"15482","D_obs",6083,787,0,63
"15483","D_obs",6083,788,0,45
"15484","D_obs",6083,789,0,36
"15485","D_obs",6083,790,0,41
"15486","D_obs",6083,791,0,43
"15487","D_obs",6083,792,0,57
"15488","D_obs",6083,793,0,40
"15489","D_obs",6083,794,0,45
"15490","D_obs",6083,795,0,38
"15491","D_obs",6083,796,0,57
"15492","D_obs",6083,797,0,53
"15493","D_obs",6083,798,0,42
"15494","D_obs",6083,799,0,43
"15495","D_obs",6083,800,0,54
"15496","D_obs",6083,801,0,42
"15497","D_obs",6083,802,0,51
"15498","D_obs",6083,803,0,46
"15499","D_obs",6083,804,0,47
"15500","D_obs",6083,805,0,36
"15501","D_obs",6083,806,0,53
"15502","D_obs",6083,807,0,57
"15503","D_obs",6083,808,0,44
"15504","D_obs",6083,809,0,51
"15505","D_obs",6083,810,0,43
"15506","D_obs",6083,811,0,50
"15507","D_obs",6083,812,0,78
"15508","D_obs",6083,813,0,56
"15509","D_obs",6083,814,0,77
"15510","D_obs",6083,815,0,76
"15511","D_obs",6083,816,0,107
"15512","D_obs",6083,817,0,88
"15513","D_obs",6083,818,0,100
"15514","D_obs",6083,819,0,72
"15515","D_obs",6083,820,0,90
"15516","D_obs",6083,821,0,119
"15517","D_obs",6083,822,0,97
"15518","D_obs",6083,823,0,124
"15519","D_obs",6083,824,0,115
"15520","D_obs",6083,825,0,102
"15521","D_obs",6083,826,0,137
"15522","D_obs",6083,827,0,144
"15523","D_obs",6083,828,0,145
"15524","D_obs",6083,829,0,161
"15525","D_obs",6083,830,0,154
"15526","D_obs",6083,831,0,180
"15527","D_obs",6083,832,0,188
"15528","D_obs",6083,833,0,147
"15529","D_obs",6083,834,0,182
"15530","D_obs",6083,835,0,135
"15531","D_obs",6083,836,0,135
"15532","D_obs",6083,837,0,119
"15533","D_obs",6083,838,0,118
"15534","D_obs",6083,839,0,127
"15535","D_obs",6083,840,0,117
"15536","D_obs",6083,841,0,113
"15537","D_obs",6083,842,0,110
"15538","D_obs",6083,843,0,94
"15539","D_obs",6083,844,0,81
"15540","D_obs",6083,845,0,63
"15541","D_obs",6083,846,0,87
"15542","D_obs",6083,847,0,76
"15543","D_obs",6083,848,0,62
"15544","D_obs",6083,849,0,55
"15545","D_obs",6083,850,0,64
"15546","D_obs",6083,851,0,50
"15547","D_obs",6083,852,0,57
"15548","D_obs",6083,853,0,43
"15549","D_obs",6083,854,0,42
"15550","D_obs",6083,855,0,40
"15551","D_obs",6083,856,0,56
"15552","D_obs",6083,857,0,39
"15553","D_obs",6083,858,0,48
"15554","D_obs",6083,859,0,38
"15555","D_obs",6083,860,0,47
"15556","D_obs",6083,861,0,41
"15557","D_obs",6083,862,0,40
"15558","D_obs",6083,863,0,35
"15559","D_obs",6083,864,0,34
"15560","D_obs",6083,865,0,29
"15561","D_obs",6083,866,0,40
"15562","D_obs",6083,867,0,34
"15563","D_obs",6083,868,0,38
"15564","D_obs",6083,869,0,34
"15565","D_obs",6083,870,0,43
"15566","D_obs",6083,871,0,25
"15567","D_obs",6083,872,0,27
"15568","D_obs",6083,873,0,32
"15569","D_obs",6083,874,0,44
"15570","D_obs",6083,875,0,21
"15571","D_obs",6083,876,0,27
"15572","D_obs",6083,877,0,18
"15573","D_obs",6083,878,0,27
"15574","D_obs",6083,879,0,27
"15575","D_obs",6083,880,0,24
"15576","D_obs",6083,881,0,41
"15577","D_obs",6083,882,0,30
"15578","D_obs",6083,883,0,39
"15579","D_obs",6083,884,0,56
"15580","D_obs",6083,885,0,41
"15581","D_obs",6083,886,0,33
"15582","D_obs",6083,887,0,41
"15583","D_obs",6083,888,0,58
"15584","D_obs",6083,889,0,41
"15585","D_obs",6083,890,0,35
"15586","D_obs",6083,891,0,37
"15587","D_obs",6083,892,0,32
"15588","D_obs",6083,893,0,19
"15589","D_obs",6083,894,0,29
"15590","D_obs",6083,895,0,25
"15591","D_obs",6083,896,0,31
"15592","D_obs",6083,897,0,11
"15593","D_obs",6083,898,0,17
"15594","D_obs",6083,899,0,16
"15595","D_obs",6083,900,0,13
"15596","D_obs",6083,901,0,11
"15597","D_obs",6083,902,0,13
"15598","D_obs",6083,903,0,11
"15599","D_obs",6083,904,0,21
"15600","D_obs",6083,905,0,14
"15601","D_obs",6083,906,0,12
"15602","D_obs",6083,907,0,14
"15603","D_obs",6083,908,0,15
"15604","D_obs",6083,909,0,17
"15605","D_obs",6083,910,0,18
"15606","D_obs",6083,911,0,19
"15607","D_obs",6083,912,0,21
"15608","D_obs",6083,913,0,17
"15609","D_obs",6083,914,0,25
"15610","D_obs",6083,915,0,16
"15611","D_obs",6083,916,0,13
"15612","D_obs",6083,917,0,17
"15613","D_obs",6083,918,0,19
"15614","D_obs",6083,919,0,19
"15615","D_obs",6083,920,0,19
"15616","D_obs",6083,921,0,14
"15617","D_obs",6083,922,0,20
"15618","D_obs",6083,923,0,23
"15619","D_obs",6083,924,0,15
"15620","D_obs",6083,925,0,23
"15621","D_obs",6083,926,0,20
"15622","D_obs",6083,927,0,21
"15623","D_obs",6083,928,0,24
"15624","D_obs",6083,929,0,19
"15625","D_obs",6083,930,0,33
"15626","D_obs",6083,931,0,35
"15627","D_obs",6083,932,0,38
"15628","D_obs",6083,933,0,30
"15629","D_obs",6083,934,0,15
"15630","D_obs",6083,935,0,31
"15631","D_obs",6083,936,0,26
"15632","D_obs",6083,937,0,38
"15633","D_obs",6083,938,0,32
"15634","D_obs",6083,939,0,41
"15635","D_obs",6083,940,0,33
"15636","D_obs",6083,941,0,39
"15637","D_obs",6083,942,0,41
"15638","D_obs",6083,943,0,32
"15639","D_obs",6083,944,0,35
"15640","D_obs",6083,945,0,29
"15641","D_obs",6083,946,0,30
"15642","D_obs",6083,947,0,22
"15643","D_obs",6083,948,0,14
"15644","D_obs",6083,949,0,16
"15645","D_obs",6083,950,0,19
"15646","D_obs",6083,951,0,17
"15647","D_obs",6083,952,0,16
"15648","D_obs",6083,953,0,15
"15649","D_obs",6083,954,0,20
"15650","D_obs",6083,955,0,9
"15651","D_obs",6083,956,0,19
"15652","D_obs",6083,957,0,20
"15653","D_obs",6083,958,0,16
"15654","D_obs",6083,959,0,15
"15655","D_obs",6083,960,0,10
"15656","D_obs",6083,961,0,6
"15657","D_obs",6083,962,0,13
"15658","D_obs",6083,963,0,8
"15659","D_obs",6083,964,0,10
"15660","D_obs",6083,965,0,13
"15661","D_obs",6083,966,0,11
"15662","D_obs",6083,967,0,9
"15663","D_obs",6083,968,0,17
"15664","D_obs",6083,969,0,10
"15665","D_obs",6083,970,0,15
"15666","D_obs",6083,971,0,24
"15667","D_obs",6083,972,0,19
"15668","D_obs",6083,973,0,14
"15669","D_obs",6083,974,0,22
"15670","D_obs",6083,975,0,13
"15671","D_obs",6083,976,0,6
"15672","D_obs",6083,977,0,18
"15673","D_obs",6083,978,0,14
"15674","D_obs",6083,979,0,25
"15675","D_obs",6083,980,0,17
"15676","D_obs",6083,981,0,18
"15677","D_obs",6083,982,0,20
"15678","D_obs",6083,983,0,29
"15679","D_obs",6083,984,0,27
"15680","D_obs",6083,985,0,41
"15681","D_obs",6083,986,0,41
"15682","D_obs",6083,987,0,48
"15683","D_obs",6083,988,0,55
"15684","D_obs",6083,989,0,43
"15685","D_obs",6083,990,0,67
"15686","D_obs",6083,991,0,50
"15687","D_obs",6083,992,0,59
"15688","D_obs",6083,993,0,43
"15689","D_obs",6083,994,0,45
"15690","D_obs",6083,995,0,38
"15691","D_obs",6083,996,0,44
"15692","D_obs",6083,997,0,34
"15693","D_obs",6083,998,0,41
"15694","D_obs",6083,999,0,36
"15695","D_obs",6083,1000,0,41
"15696","D_obs",6083,1001,0,26
"15697","D_obs",6083,1002,0,29
"15698","D_obs",6083,1003,0,37
"15699","D_obs",6083,1004,0,27
"15700","D_obs",6083,1005,0,32
"15701","D_obs",6083,1006,0,30
"15702","D_obs",6083,1007,0,29
"15703","D_obs",6083,1008,0,22
"15704","D_obs",6083,1009,0,24
"15705","D_obs",6083,1010,0,18
"15706","D_obs",6083,1011,0,20
"15707","D_obs",6083,1012,0,31
"15708","D_obs",6083,1013,0,38
"15709","D_obs",6083,1014,0,35
"15710","D_obs",6083,1015,0,36
"15711","D_obs",6083,1016,0,38
"15712","D_obs",6083,1017,0,45
"15713","D_obs",6083,1018,0,37
"15714","D_obs",6083,1019,0,44
"15715","D_obs",6083,1020,0,42
"15716","D_obs",6083,1021,0,41
"15717","D_obs",6083,1022,0,63
"15718","D_obs",6083,1023,0,45
"15719","D_obs",6083,1024,0,41
"15720","D_obs",6083,1025,0,58
"15721","D_obs",6083,1026,0,33
"15722","D_obs",6083,1027,0,59
"15723","D_obs",6083,1028,0,31
"15724","D_obs",6083,1029,0,45
"15725","D_obs",6083,1030,0,54
"15726","D_obs",6083,1031,0,38
"15727","D_obs",6083,1032,0,47
"15728","D_obs",6083,1033,0,49
"15729","D_obs",6083,1034,0,51
"15730","D_obs",6083,1035,0,53
"15731","D_obs",6083,1036,0,58
"15732","D_obs",6083,1037,0,67
"15733","D_obs",6083,1038,0,83
"15734","D_obs",6083,1039,0,81
"15735","D_obs",6083,1040,0,70
"15736","D_obs",6083,1041,0,73
"15737","D_obs",6083,1042,0,92
"15738","D_obs",6083,1043,0,104
"15739","D_obs",6083,1044,0,82
"15740","D_obs",6083,1045,0,88
"15741","D_obs",6083,1046,0,59
"15742","D_obs",6083,1047,0,72
"15743","D_obs",6083,1048,0,59
"15744","D_obs",6083,1049,0,62
"15745","D_obs",6083,1050,0,60
"15746","D_obs",6083,1051,0,50
"15747","D_obs",6083,1052,0,67
"15748","D_obs",6083,1053,0,66
"15749","D_obs",6083,1054,0,63
"15750","D_obs",6083,1055,0,38
"15751","D_obs",6083,1056,0,43
"15752","D_obs",6083,1057,0,40
"15753","D_obs",6083,1058,0,48
"15754","D_obs",6083,1059,0,36
"15755","D_obs",6083,1060,0,28
"15756","D_obs",6083,1061,0,33
"15757","D_obs",6083,1062,0,38
"15758","D_obs",6083,1063,0,37
"15759","D_obs",6083,1064,0,37
"15760","D_obs",6083,1065,0,35
"15761","D_obs",6083,1066,0,37
"15762","D_obs",6083,1067,0,20
"15763","D_obs",6083,1068,0,26
"15764","D_obs",6083,1069,0,37
"15765","D_obs",6083,1070,0,40
"15766","D_obs",6083,1071,0,36
"15767","D_obs",6083,1072,0,38
"15768","D_obs",6083,1073,0,31
"15769","D_obs",6083,1074,0,34
"15770","D_obs",6083,1075,0,30
"15771","D_obs",6083,1076,0,39
"15772","D_obs",6083,1077,0,27
"15773","D_obs",6083,1078,0,31
"15774","D_obs",6083,1079,0,25
"15775","D_obs",6083,1080,0,27
"15776","D_obs",6083,1081,0,26
"15777","D_obs",6083,1082,0,23
"15778","D_obs",6083,1083,0,33
"15779","D_obs",6083,1084,0,30
"15780","D_obs",6083,1085,0,27
"15781","D_obs",6083,1086,0,18
"15782","D_obs",6083,1087,0,32
"15783","D_obs",6083,1088,0,43
"15784","D_obs",6083,1089,0,34
"15785","D_obs",6083,1090,0,48
"15786","D_obs",6083,1091,0,47
"15787","D_obs",6083,1092,0,58
"15788","D_obs",6083,1093,0,54
"15789","D_obs",6083,1094,0,46
"15790","D_obs",6083,1095,0,44
"15791","D_obs",6083,1096,0,52
"15792","D_obs",6083,1097,0,56
"15793","D_obs",6083,1098,0,50
"15794","D_obs",6083,1099,0,59
"15795","D_obs",6083,1100,0,50
"15796","D_obs",6083,1101,0,45
"15797","D_obs",6083,1102,0,33
"15798","D_obs",6083,1103,0,34
"15799","D_obs",6083,1104,0,40
"15800","D_obs",6083,1105,0,40
"15801","D_obs",6083,1106,0,45
"15802","D_obs",6083,1107,0,25
"15803","D_obs",6083,1108,0,35
"15804","D_obs",6083,1109,0,32
"15805","D_obs",6083,1110,0,28
"15806","D_obs",6083,1111,0,35
"15807","D_obs",6083,1112,0,29
"15808","D_obs",6083,1113,0,31
"15809","D_obs",6083,1114,0,30
"15810","D_obs",6083,1115,0,22
"15811","D_obs",6083,1116,0,33
"15812","D_obs",6083,1117,0,32
"15813","D_obs",6083,1118,0,36
"15814","D_obs",6083,1119,0,39
"15815","D_obs",6083,1120,0,42
"15816","D_obs",6083,1121,0,64
"15817","D_obs",6083,1122,0,67
"15818","D_obs",6083,1123,0,49
"15819","D_obs",6083,1124,0,66
"15820","D_obs",6083,1125,0,62
"15821","D_obs",6083,1126,0,72
"15822","D_obs",6083,1127,0,68
"15823","D_obs",6083,1128,0,47
"15824","D_obs",6083,1129,0,63
"15825","D_obs",6083,1130,0,72
"15826","D_obs",6083,1131,0,55
"15827","D_obs",6083,1132,0,57
"15828","D_obs",6083,1133,0,80
"15829","D_obs",6083,1134,0,70
"15830","D_obs",6083,1135,0,64
"15831","D_obs",6083,1136,0,86
"15832","D_obs",6083,1137,0,62
"15833","D_obs",6083,1138,0,87
"15834","D_obs",6083,1139,0,71
"15835","D_obs",6083,1140,0,77
"15836","D_obs",6083,1141,0,91
"15837","D_obs",6083,1142,0,90
"15838","D_obs",6083,1143,0,88
"15839","D_obs",6083,1144,0,105
"15840","D_obs",6083,1145,0,112
"15841","D_obs",6083,1146,0,103
"15842","D_obs",6083,1147,0,93
"15843","D_obs",6083,1148,0,113
"15844","D_obs",6083,1149,0,101
"15845","D_obs",6083,1150,0,106
"15846","D_obs",6083,1151,0,118
"15847","D_obs",6083,1152,0,90
"15848","D_obs",6083,1153,0,100
"15849","D_obs",6083,1154,0,95
"15850","D_obs",6083,1155,0,79
"15851","D_obs",6083,1156,0,82
"15852","D_obs",6083,1157,0,85
"15853","D_obs",6083,1158,0,63
"15854","D_obs",6083,1159,0,80
"15855","D_obs",6083,1160,0,75
"15856","D_obs",6083,1161,0,64
"15857","D_obs",6083,1162,0,54
"15858","D_obs",6083,1163,0,49
"15859","D_obs",6083,1164,0,47
"15860","D_obs",6083,1165,0,36
"15861","D_obs",6083,1166,0,40
"15862","D_obs",6083,1167,0,35
"15863","D_obs",6083,1168,0,35
"15864","D_obs",6083,1169,0,42
"15865","D_obs",6083,1170,0,51
"15866","D_obs",6083,1171,0,42
"15867","D_obs",6083,1172,0,46
"15868","D_obs",6083,1173,0,45
"15869","D_obs",6083,1174,0,38
"15870","D_obs",6083,1175,0,35
"15871","D_obs",6083,1176,0,41
"15872","D_obs",6083,1177,0,52
"15873","D_obs",6083,1178,0,48
"15874","D_obs",6083,1179,0,53
"15875","D_obs",6083,1180,0,45
"15876","D_obs",6083,1181,0,54
"15877","D_obs",6083,1182,0,39
"15878","D_obs",6083,1183,0,56
"15879","D_obs",6083,1184,0,44
"15880","D_obs",6083,1185,0,35
"15881","D_obs",6083,1186,0,38
"15882","D_obs",6083,1187,0,37
"15883","D_obs",6083,1188,0,33
"15884","D_obs",6083,1189,0,34
"15885","D_obs",6083,1190,0,39
"15886","D_obs",6083,1191,0,43
"15887","D_obs",6083,1192,0,42
"15888","D_obs",6083,1193,0,38
"15889","D_obs",6083,1194,0,50
"15890","D_obs",6083,1195,0,45
"15891","D_obs",6083,1196,0,63
"15892","D_obs",6083,1197,0,50
"15893","D_obs",6083,1198,0,76
"15894","D_obs",6083,1199,0,58
"15895","D_obs",6083,1200,0,70
"15896","D_obs",6083,1201,0,61
"15897","D_obs",6083,1202,0,65
"15898","D_obs",6083,1203,0,73
"15899","D_obs",6083,1204,0,62
"15900","D_obs",6083,1205,0,53
"15901","D_obs",6083,1206,0,48
"15902","D_obs",6083,1207,0,45
"15903","D_obs",6083,1208,0,50
"15904","D_obs",6083,1209,0,35
"15905","D_obs",6083,1210,0,32
"15906","D_obs",6083,1211,0,35
"15907","D_obs",6083,1212,0,43
"15908","D_obs",6083,1213,0,33
"15909","D_obs",6083,1214,0,31
"15910","D_obs",6083,1215,0,23
"15911","D_obs",6083,1216,0,28
"15912","D_obs",6083,1217,0,24
"15913","D_obs",6083,1218,0,24
"15914","D_obs",6083,1219,0,32
"15915","D_obs",6083,1220,0,26
"15916","D_obs",6083,1221,0,28
"15917","D_obs",6083,1222,0,35
"15918","D_obs",6083,1223,0,29
"15919","D_obs",6083,1224,0,27
"15920","D_obs",6083,1225,0,22
"15921","D_obs",6083,1226,0,27
"15922","D_obs",6083,1227,0,35
"15923","D_obs",6083,1228,0,33
"15924","D_obs",6083,1229,0,33
"15925","D_obs",6083,1230,0,40
"15926","D_obs",6083,1231,0,42
"15927","D_obs",6083,1232,0,33
"15928","D_obs",6083,1233,0,26
"15929","D_obs",6083,1234,0,30
"15930","D_obs",6083,1235,0,27
"15931","D_obs",6083,1236,0,25
"15932","D_obs",6083,1237,0,32
"15933","D_obs",6083,1238,0,19
"15934","D_obs",6083,1239,0,37
"15935","D_obs",6083,1240,0,35
"15936","D_obs",6083,1241,0,31
"15937","D_obs",6083,1242,0,26
"15938","D_obs",6083,1243,0,31
"15939","D_obs",6083,1244,0,29
"15940","D_obs",6083,1245,0,51
"15941","D_obs",6083,1246,0,39
"15942","D_obs",6083,1247,0,51
"15943","D_obs",6083,1248,0,47
"15944","D_obs",6083,1249,0,46
"15945","D_obs",6083,1250,0,49
"15946","D_obs",6083,1251,0,38
"15947","D_obs",6083,1252,0,40
"15948","D_obs",6083,1253,0,56
"15949","D_obs",6083,1254,0,41
"15950","D_obs",6083,1255,0,42
"15951","D_obs",6083,1256,0,38
"15952","D_obs",6083,1257,0,45
"15953","D_obs",6083,1258,0,46
"15954","D_obs",6083,1259,0,42
"15955","D_obs",6083,1260,0,26
"15956","D_obs",6083,1261,0,29
"15957","D_obs",6083,1262,0,36
"15958","D_obs",6083,1263,0,37
"15959","D_obs",6083,1264,0,31
"15960","D_obs",6083,1265,0,29
"15961","D_obs",6083,1266,0,25
"15962","D_obs",6083,1267,0,30
"15963","D_obs",6083,1268,0,23
"15964","D_obs",6083,1269,0,19
"15965","D_obs",6083,1270,0,22
"15966","D_obs",6083,1271,0,24
"15967","D_obs",6083,1272,0,28
"15968","D_obs",6083,1273,0,20
"15969","D_obs",6083,1274,0,12
"15970","D_obs",6083,1275,0,23
"15971","D_obs",6083,1276,0,26
"15972","D_obs",6083,1277,0,20
"15973","D_obs",6083,1278,0,17
"15974","D_obs",6083,1279,0,27
"15975","D_obs",6083,1280,0,14
"15976","D_obs",6083,1281,0,12
"15977","D_obs",6083,1282,0,16
"15978","D_obs",6083,1283,0,18
"15979","D_obs",6083,1284,0,14
"15980","D_obs",6083,1285,0,20
"15981","D_obs",6083,1286,0,22
"15982","D_obs",6083,1287,0,19
"15983","D_obs",6083,1288,0,20
"15984","D_obs",6083,1289,0,17
"15985","D_obs",6083,1290,0,13
"15986","D_obs",6083,1291,0,20
"15987","D_obs",6083,1292,0,32
"15988","D_obs",6083,1293,0,16
"15989","D_obs",6083,1294,0,40
"15990","D_obs",6083,1295,0,28
"15991","D_obs",6083,1296,0,27
"15992","D_obs",6083,1297,0,44
"15993","D_obs",6083,1298,0,39
"15994","D_obs",6083,1299,0,34
"15995","D_obs",6083,1300,0,35
"15996","D_obs",6083,1301,0,52
"15997","D_obs",6083,1302,0,49
"15998","D_obs",6083,1303,0,52
"15999","D_obs",6083,1304,0,53
"16000","D_obs",6083,1305,0,52
"16001","D_obs",6083,1306,0,56
"16002","D_obs",6083,1307,0,50
"16003","D_obs",6083,1308,0,43
"16004","D_obs",6083,1309,0,44
"16005","D_obs",6083,1310,0,55
"16006","D_obs",6083,1311,0,48
"16007","D_obs",6083,1312,0,30
"16008","D_obs",6083,1313,0,25
"16009","D_obs",6083,1314,0,36
"16010","D_obs",6083,1315,0,39
"16011","D_obs",6083,1316,0,33
"16012","D_obs",6083,1317,0,42
"16013","D_obs",6083,1318,0,31
"16014","D_obs",6083,1319,0,27
"16015","D_obs",6083,1320,0,39
"16016","D_obs",6083,1321,0,53
"16017","D_obs",6083,1322,0,37
"16018","D_obs",6083,1323,0,41
"16019","D_obs",6083,1324,0,40
"16020","D_obs",6083,1325,0,29
"16021","D_obs",6083,1326,0,26
"16022","D_obs",6083,1327,0,33
"16023","D_obs",6083,1328,0,37
"16024","D_obs",6083,1329,0,40
"16025","D_obs",6083,1330,0,32
"16026","D_obs",6083,1331,0,38
"16027","D_obs",6083,1332,0,36
"16028","D_obs",6083,1333,0,48
"16029","D_obs",6083,1334,0,50
"16030","D_obs",6083,1335,0,46
"16031","D_obs",6083,1336,0,47
"16032","D_obs",6083,1337,0,55
"16033","D_obs",6083,1338,0,65
"16034","D_obs",6083,1339,0,61
"16035","D_obs",6083,1340,0,64
"16036","D_obs",6083,1341,0,73
"16037","D_obs",6083,1342,0,58
"16038","D_obs",6083,1343,0,78
"16039","D_obs",6083,1344,0,86
"16040","D_obs",6083,1345,0,85
"16041","D_obs",6083,1346,0,105
"16042","D_obs",6083,1347,0,92
"16043","D_obs",6083,1348,0,110
"16044","D_obs",6083,1349,0,115
"16045","D_obs",6083,1350,0,118
"16046","D_obs",6083,1351,0,125
"16047","D_obs",6083,1352,0,134
"16048","D_obs",6083,1353,0,145
"16049","D_obs",6083,1354,0,160
"16050","D_obs",6083,1355,0,156
"16051","D_obs",6083,1356,0,156
"16052","D_obs",6083,1357,0,138
"16053","D_obs",6083,1358,0,145
"16054","D_obs",6083,1359,0,133
"16055","D_obs",6083,1360,0,163
"16056","D_obs",6083,1361,0,128
"16057","D_obs",6083,1362,0,137
"16058","D_obs",6083,1363,0,112
"16059","D_obs",6083,1364,0,106
"16060","D_obs",6083,1365,0,135
"16061","D_obs",6083,1366,0,119
"16062","D_obs",6083,1367,0,102
"16063","D_obs",6083,1368,0,111
"16064","D_obs",6083,1369,0,113
"16065","D_obs",6083,1370,0,92
"16066","D_obs",6083,1371,0,70
"16067","D_obs",6083,1372,0,69
"16068","D_obs",6083,1373,0,17
"16069","D_obs",6083,1374,0,50
"16070","D_obs",6083,1375,0,60
"16071","D_obs",6083,1376,0,66
"16072","D_obs",6083,1377,0,63
"16073","D_obs",6083,1378,0,56
"16074","D_obs",6083,1379,0,58
"16075","D_obs",6083,1380,0,42
"16076","D_obs",6083,1381,0,64
"16077","D_obs",6083,1382,0,57
"16078","D_obs",6083,1383,0,55
"16079","D_obs",6083,1384,0,47
"16080","D_obs",6083,1385,0,39
"16081","D_obs",6083,1386,0,50
"16082","D_obs",6083,1387,0,42
"16083","D_obs",6083,1388,0,43
"16084","D_obs",6083,1389,0,43
"16085","D_obs",6083,1390,0,39
"16086","D_obs",6083,1391,0,42
"16087","D_obs",6083,1392,0,38
"16088","D_obs",6083,1393,0,37
"16089","D_obs",6083,1394,0,48
"16090","D_obs",6083,1395,0,36
"16091","D_obs",6083,1396,0,63
"16092","D_obs",6083,1397,0,49
"16093","D_obs",6083,1398,0,51
"16094","D_obs",6083,1399,0,78
"16095","D_obs",6083,1400,0,55
"16096","D_obs",6083,1401,0,68
"16097","D_obs",6083,1402,0,92
"16098","D_obs",6083,1403,0,83
"16099","D_obs",6083,1404,0,80
"16100","D_obs",6083,1405,0,95
"16101","D_obs",6083,1406,0,87
"16102","D_obs",6083,1407,0,85
"16103","D_obs",6083,1408,0,91
"16104","D_obs",6083,1409,0,89
"16105","D_obs",6083,1410,0,98
"16106","D_obs",6083,1411,0,96
"16107","D_obs",6083,1412,0,84
"16108","D_obs",6083,1413,0,87
"16109","D_obs",6083,1414,0,82
"16110","D_obs",6083,1415,0,83
"16111","D_obs",6083,1416,0,85
"16112","D_obs",6083,1417,0,85
"16113","D_obs",6083,1418,0,68
"16114","D_obs",6083,1419,0,69
"16115","D_obs",6083,1420,0,48
"16116","D_obs",6083,1421,0,33
"16117","D_obs",6083,1422,0,39
"16118","D_obs",6083,1423,0,47
"16119","D_obs",6083,1424,0,40
"16120","D_obs",6083,1425,0,33
"16121","D_obs",6083,1426,0,37
"16122","D_obs",6083,1427,0,51
"16123","D_obs",6083,1428,0,33
"16124","D_obs",6083,1429,0,28
"16125","D_obs",6083,1430,0,49
"16126","D_obs",6083,1431,0,26
"16127","D_obs",6083,1432,0,20
"16128","D_obs",6083,1433,0,26
"16129","D_obs",6083,1434,0,33
"16130","D_obs",6083,1435,0,35
"16131","D_obs",6083,1436,0,23
"16132","D_obs",6083,1437,0,30
"16133","D_obs",6083,1438,0,26
"16134","D_obs",6083,1439,0,27
"16135","D_obs",6083,1440,0,22
"16136","D_obs",6083,1441,0,28
"16137","D_obs",6083,1442,0,35
"16138","D_obs",6083,1443,0,23
"16139","D_obs",6083,1444,0,33
"16140","D_obs",6083,1445,0,29
"16141","D_obs",6083,1446,0,32
"16142","D_obs",6083,1447,0,31
"16143","D_obs",6083,1448,0,36
"16144","D_obs",6083,1449,0,37
"16145","D_obs",6083,1450,0,37
"16146","D_obs",6083,1451,0,34
"16147","D_obs",6083,1452,0,37
"16148","D_obs",6083,1453,0,39
"16149","D_obs",6083,1454,0,36
"16150","D_obs",6083,1455,0,44
"16151","D_obs",6083,1456,0,46
"16152","D_obs",6083,1457,0,52
"16153","D_obs",6083,1458,0,48
"16154","D_obs",6083,1459,0,49
"16155","D_obs",6083,1460,0,54
"16156","D_obs",6083,1461,0,47
"16157","D_obs",6083,1462,0,47
"16158","D_obs",6083,1463,0,38
"16159","D_obs",6083,1464,0,40
"16160","D_obs",6083,1465,0,45
"16161","D_obs",6083,1466,0,50
"16162","D_obs",6083,1467,0,52
"16163","D_obs",6083,1468,0,35
"16164","D_obs",6083,1469,0,45
"16165","D_obs",6083,1470,0,75
"16166","D_obs",6083,1471,0,54
"16167","D_obs",6083,1472,0,27
"16168","D_obs",6083,1473,0,34
"16169","D_obs",6083,1474,0,21
"16170","D_obs",6083,1475,0,22
"16171","D_obs",6083,1476,0,29
"16172","D_obs",6083,1477,0,36
"16173","D_obs",6083,1478,0,31
"16174","D_obs",6083,1479,0,37
"16175","D_obs",6083,1480,0,27
"16176","D_obs",6083,1481,0,34
"16177","D_obs",6083,1482,0,22
"16178","D_obs",6083,1483,0,19
"16179","D_obs",6083,1484,0,20
"16180","D_obs",6083,1485,0,22
"16181","D_obs",6083,1486,0,24
"16182","D_obs",6083,1487,0,25
"16183","D_obs",6083,1488,0,25
"16184","D_obs",6083,1489,0,21
"16185","D_obs",6083,1490,0,31
"16186","D_obs",6083,1491,0,29
"16187","D_obs",6083,1492,0,31
"16188","D_obs",6083,1493,0,28
"16189","D_obs",6083,1494,0,24
"16190","D_obs",6083,1495,0,27
"16191","D_obs",6083,1496,0,25
"16192","D_obs",6083,1497,0,30
"16193","D_obs",6083,1498,0,27
"16194","D_obs",6083,1499,0,20
"16195","D_obs",6083,1500,0,30
"16196","D_obs",6083,1501,0,22
"16197","D_obs",6083,1502,0,42
"16198","D_obs",6083,1503,0,41
"16199","D_obs",6083,1504,0,34
"16200","D_obs",6083,1505,0,48
"16201","D_obs",6083,1506,0,48
"16202","D_obs",6083,1507,0,45
"16203","D_obs",6083,1508,0,55
"16204","D_obs",6083,1509,0,99
"16205","D_obs",6083,1510,0,60
"16206","D_obs",6083,1511,0,87
"16207","D_obs",6083,1512,0,96
"16208","D_obs",6083,1513,0,94
"16209","D_obs",6083,1514,0,111
"16210","D_obs",6083,1515,0,101
"16211","D_obs",6083,1516,0,117
"16212","D_obs",6083,1517,0,81
"16213","D_obs",6083,1518,0,70
"16214","D_obs",6083,1519,0,78
"16215","D_obs",6083,1520,0,82
"16216","D_obs",6083,1521,0,69
"16217","D_obs",6083,1522,0,86
"16218","D_obs",6083,1523,0,100
"16219","D_obs",6083,1524,0,57
"16220","D_obs",6083,1525,0,60
"16221","D_obs",6083,1526,0,70
"16222","D_obs",6083,1527,0,83
"16223","D_obs",6083,1528,0,50
"16224","D_obs",6083,1529,0,60
"16225","D_obs",6083,1530,0,61
"16226","D_obs",6083,1531,0,41
"16227","D_obs",6083,1532,0,49
"16228","D_obs",6083,1533,0,50
"16229","D_obs",6083,1534,0,43
"16230","D_obs",6083,1535,0,66
"16231","D_obs",6083,1536,0,54
"16232","D_obs",6083,1537,0,75
"16233","D_obs",6083,1538,0,65
"16234","D_obs",6083,1539,0,53
"16235","D_obs",6083,1540,0,39
"16236","D_obs",6083,1541,0,58
"16237","D_obs",6083,1542,0,57
"16238","D_obs",6083,1543,0,41
"16239","D_obs",6083,1544,0,37
"16240","D_obs",6083,1545,0,39
"16241","D_obs",6083,1546,0,44
"16242","D_obs",6083,1547,0,49
"16243","D_obs",6083,1548,0,52
"16244","D_obs",6083,1549,0,48
"16245","D_obs",6083,1550,0,55
"16246","D_obs",6083,1551,0,48
"16247","D_obs",6083,1552,0,59
"16248","D_obs",6083,1553,0,72
"16249","D_obs",6083,1554,0,58
"16250","D_obs",6083,1555,0,68
"16251","D_obs",6083,1556,0,50
"16252","D_obs",6083,1557,0,77
"16253","D_obs",6083,1558,0,85
"16254","D_obs",6083,1559,0,85
"16255","D_obs",6083,1560,0,84
"16256","D_obs",6083,1561,0,88
"16257","D_obs",6083,1562,0,96
"16258","D_obs",6083,1563,0,75
"16259","D_obs",6083,1564,0,104
"16260","D_obs",6083,1565,0,94
"16261","D_obs",6083,1566,0,89
"16262","D_obs",6083,1567,0,100
"16263","D_obs",6083,1568,0,106
"16264","D_obs",6083,1569,0,95
"16265","D_obs",6083,1570,0,88
"16266","D_obs",6083,1571,0,84
"16267","D_obs",6083,1572,0,69
"16268","D_obs",6083,1573,0,77
"16269","D_obs",6083,1574,0,81
"16270","D_obs",6083,1575,0,95
"16271","D_obs",6083,1576,0,81
"16272","D_obs",6083,1577,0,63
"16273","D_obs",6083,1578,0,49
"16274","D_obs",6083,1579,0,61
"16275","D_obs",6083,1580,0,69
"16276","D_obs",6083,1581,0,60
"16277","D_obs",6083,1582,0,68
"16278","D_obs",6083,1583,0,67
"16279","D_obs",6083,1584,0,66
"16280","D_obs",6083,1585,0,76
"16281","D_obs",6083,1586,0,65
"16282","D_obs",6083,1587,0,80
"16283","D_obs",6083,1588,0,86
"16284","D_obs",6083,1589,0,86
"16285","D_obs",6083,1590,0,65
"16286","D_obs",6083,1591,0,74
"16287","D_obs",6083,1592,0,73
"16288","D_obs",6083,1593,0,89
"16289","D_obs",6083,1594,0,94
"16290","D_obs",6083,1595,0,78
"16291","D_obs",6083,1596,0,72
"16292","D_obs",6083,1597,0,72
"16293","D_obs",6083,1598,0,97
"16294","D_obs",6083,1599,0,89
"16295","D_obs",6083,1600,0,73
"16296","D_obs",6083,1601,0,113
"16297","D_obs",6083,1602,0,87
"16298","D_obs",6083,1603,0,110
"16299","D_obs",6083,1604,0,122
"16300","D_obs",6083,1605,0,115
"16301","D_obs",6083,1606,0,118
"16302","D_obs",6083,1607,0,125
"16303","D_obs",6083,1608,0,127
"16304","D_obs",6083,1609,0,127
"16305","D_obs",6083,1610,0,124
"16306","D_obs",6083,1611,0,130
"16307","D_obs",6083,1612,0,148
"16308","D_obs",6083,1613,0,154
"16309","D_obs",6083,1614,0,146
"16310","D_obs",6083,1615,0,114
"16311","D_obs",6083,1616,0,136
"16312","D_obs",6083,1617,0,120
"16313","D_obs",6083,1618,0,125
"16314","D_obs",6083,1619,0,121
"16315","D_obs",6083,1620,0,119
"16316","D_obs",6083,1621,0,112
"16317","D_obs",6083,1622,0,88
"16318","D_obs",6083,1623,0,114
"16319","D_obs",6083,1624,0,101
"16320","D_obs",6083,1625,0,78
"16321","D_obs",6083,1626,0,93
"16322","D_obs",6083,1627,0,83
"16323","D_obs",6083,1628,0,98
"16324","D_obs",6083,1629,0,73
"16325","D_obs",6083,1630,0,53
"16326","D_obs",6083,1631,0,58
"16327","D_obs",6083,1632,0,55
"16328","D_obs",6083,1633,0,55
"16329","D_obs",6083,1634,0,57
"16330","D_obs",6083,1635,0,65
"16331","D_obs",6083,1636,0,44
"16332","D_obs",6083,1637,0,41
"16333","D_obs",6083,1638,0,37
"16334","D_obs",6083,1639,0,47
"16335","D_obs",6083,1640,0,48
"16336","D_obs",6083,1641,0,44
"16337","D_obs",6083,1642,0,50
"16338","D_obs",6083,1643,0,45
"16339","D_obs",6083,1644,0,40
"16340","D_obs",6083,1645,0,51
"16341","D_obs",6083,1646,0,52
"16342","D_obs",6083,1647,0,38
"16343","D_obs",6083,1648,0,52
"16344","D_obs",6083,1649,0,47
"16345","D_obs",6083,1650,0,36
"16346","D_obs",6083,1651,0,36
"16347","D_obs",6083,1652,0,54
"16348","D_obs",6083,1653,0,56
"16349","D_obs",6083,1654,0,58
"16350","D_obs",6083,1655,0,53
"16351","D_obs",6083,1656,0,63
"16352","D_obs",6083,1657,0,58
"16353","D_obs",6083,1658,0,46
"16354","D_obs",6083,1659,0,38
"16355","D_obs",6083,1660,0,59
"16356","D_obs",6083,1661,0,62
"16357","D_obs",6083,1662,0,73
"16358","D_obs",6083,1663,0,72
"16359","D_obs",6083,1664,0,72
"16360","D_obs",6083,1665,0,95
"16361","D_obs",6083,1666,0,80
"16362","D_obs",6083,1667,0,88
"16363","D_obs",6083,1668,0,100
"16364","D_obs",6083,1669,0,95
"16365","D_obs",6083,1670,0,110
"16366","D_obs",6083,1671,0,81
"16367","D_obs",6083,1672,0,85
"16368","D_obs",6083,1673,0,90
"16369","D_obs",6083,1674,0,101
"16370","D_obs",6083,1675,0,69
"16371","D_obs",6083,1676,0,83
"16372","D_obs",6083,1677,0,60
"16373","D_obs",6083,1678,0,53
"16374","D_obs",6083,1679,0,56
"16375","D_obs",6083,1680,0,55
"16376","D_obs",6083,1681,0,52
"16377","D_obs",6083,1682,0,57
"16378","D_obs",6083,1683,0,46
"16379","D_obs",6083,1684,0,45
"16380","D_obs",6083,1685,0,52
"16381","D_obs",6083,1686,0,34
"16382","D_obs",6083,1687,0,33
"16383","D_obs",6083,1688,0,41
"16384","D_obs",6083,1689,0,27
"16385","D_obs",6083,1690,0,34
"16386","D_obs",6083,1691,0,34
"16387","D_obs",6083,1692,0,26
"16388","D_obs",6083,1693,0,33
"16389","D_obs",6083,1694,0,29
"16390","D_obs",6083,1695,0,21
"16391","D_obs",6083,1696,0,24
"16392","D_obs",6083,1697,0,22
"16393","D_obs",6083,1698,0,24
"16394","D_obs",6083,1699,0,34
"16395","D_obs",6083,1700,0,25
"16396","D_obs",6083,1701,0,31
"16397","D_obs",6083,1702,0,27
"16398","D_obs",6083,1703,0,42
"16399","D_obs",6083,1704,0,47
"16400","D_obs",6083,1705,0,40
"16401","D_obs",6083,1706,0,37
"16402","D_obs",6083,1707,0,29
"16403","D_obs",6083,1708,0,38
"16404","D_obs",6083,1709,0,23
"16405","D_obs",6083,1710,0,47
"16406","D_obs",6083,1711,0,29
"16407","D_obs",6083,1712,0,47
"16408","D_obs",6083,1713,0,39
"16409","D_obs",6083,1714,0,52
"16410","D_obs",6083,1715,0,43
"16411","D_obs",6083,1716,0,41
"16412","D_obs",6083,1717,0,51
"16413","D_obs",6083,1718,0,58
"16414","D_obs",6083,1719,0,59
"16415","D_obs",6083,1720,0,53
"16416","D_obs",6083,1721,0,60
"16417","D_obs",6083,1722,0,59
"16418","D_obs",6083,1723,0,62
"16419","D_obs",6083,1724,0,55
"16420","D_obs",6083,1725,0,55
"16421","D_obs",6083,1726,0,53
"16422","D_obs",6083,1727,0,63
"16423","D_obs",6083,1728,0,48
"16424","D_obs",6083,1729,0,43
"16425","D_obs",6083,1730,0,46
"16426","D_obs",6083,1731,0,34
"16427","D_obs",6083,1732,0,32
"16428","D_obs",6083,1733,0,38
"16429","D_obs",6083,1734,0,37
"16430","D_obs",6083,1735,0,40
"16431","D_obs",6083,1736,0,37
"16432","D_obs",6083,1737,0,36
"16433","D_obs",6083,1738,0,37
"16434","D_obs",6083,1739,0,35
"16435","D_obs",6083,1740,0,54
"16436","D_obs",6083,1741,0,33
"16437","D_obs",6083,1742,0,25
"16438","D_obs",6083,1743,0,30
"16439","D_obs",6083,1744,0,21
"16440","D_obs",6083,1745,0,27
"16441","D_obs",6083,1746,0,27
"16442","D_obs",6083,1747,0,17
"16443","D_obs",6083,1748,0,31
"16444","D_obs",6083,1749,0,30
"16445","D_obs",6083,1750,0,30
"16446","D_obs",6083,1751,0,19
"16447","D_obs",6083,1752,0,48
"16448","D_obs",6083,1753,0,43
"16449","D_obs",6083,1754,0,31
"16450","D_obs",6083,1755,0,39
"16451","D_obs",6083,1756,0,34
"16452","D_obs",6083,1757,0,39
"16453","D_obs",6083,1758,0,44
"16454","D_obs",6083,1759,0,22
"16455","D_obs",6083,1760,0,30
"16456","D_obs",6083,1761,0,34
"16457","D_obs",6083,1762,0,31
"16458","D_obs",6083,1763,0,37
"16459","D_obs",6083,1764,0,39
"16460","D_obs",6083,1765,0,27
"16461","D_obs",6083,1766,0,43
"16462","D_obs",6083,1767,0,42
"16463","D_obs",6083,1768,0,42
"16464","D_obs",6083,1769,0,59
"16465","D_obs",6083,1770,0,51
"16466","D_obs",6083,1771,0,36
"16467","D_obs",6083,1772,0,40
"16468","D_obs",6083,1773,0,46
"16469","D_obs",6083,1774,0,45
"16470","D_obs",6083,1775,0,30
"16471","D_obs",6083,1776,0,45
"16472","D_obs",6083,1777,0,42
"16473","D_obs",6083,1778,0,38
"16474","D_obs",6083,1779,0,54
"16475","D_obs",6083,1780,0,38
"16476","D_obs",6083,1781,0,30
"16477","D_obs",6083,1782,0,41
"16478","D_obs",6083,1783,0,35
"16479","D_obs",6083,1784,0,33
"16480","D_obs",6083,1785,0,45
"16481","D_obs",6083,1786,0,36
"16482","D_obs",6083,1787,0,22
"16483","D_obs",6083,1788,0,22
"16484","D_obs",6083,1789,0,20
"16485","D_obs",6083,1790,0,20
"16486","D_obs",6083,1791,0,23
"16487","D_obs",6083,1792,0,27
"16488","D_obs",6083,1793,0,13
"16489","D_obs",6083,1794,0,25
"16490","D_obs",6083,1795,0,18
"16491","D_obs",6083,1796,0,15
"16492","D_obs",6083,1797,0,25
"16493","D_obs",6083,1798,0,19
"16494","D_obs",6083,1799,0,19
"16495","D_obs",6083,1800,0,19
"16496","D_obs",6083,1801,0,24
"16497","D_obs",6083,1802,0,12
"16498","D_obs",6083,1803,0,16
"16499","D_obs",6083,1804,0,18
"16500","D_obs",6083,1805,0,18
"16501","D_obs",6083,1806,0,16
"16502","D_obs",6083,1807,0,18
"16503","D_obs",6083,1808,0,29
"16504","D_obs",6083,1809,0,19
"16505","D_obs",6083,1810,0,23
"16506","D_obs",6083,1811,0,34
"16507","D_obs",6083,1812,0,30
"16508","D_obs",6083,1813,0,22
"16509","D_obs",6083,1814,0,20
"16510","D_obs",6083,1815,0,35
"16511","D_obs",6083,1816,0,19
"16512","D_obs",6083,1817,0,26
"16513","D_obs",6083,1818,0,29
"16514","D_obs",6083,1819,0,38
"16515","D_obs",6083,1820,0,34
"16516","D_obs",6083,1821,0,32
"16517","D_obs",6083,1822,0,30
"16518","D_obs",6083,1823,0,38
"16519","D_obs",6083,1824,0,39
"16520","D_obs",6083,1825,0,36
"16521","D_obs",6083,1826,0,54
"16522","D_obs",6083,1827,0,39
"16523","D_obs",6083,1828,0,37
"16524","D_obs",6083,1829,0,32
"16525","D_obs",6083,1830,0,44
"16526","D_obs",6083,1831,0,32
"16527","D_obs",6083,1832,0,31
"16528","D_obs",6083,1833,0,48
"16529","D_obs",6083,1834,0,30
"16530","D_obs",6083,1835,0,43
"16531","D_obs",6083,1836,0,49
"16532","D_obs",6083,1837,0,36
"16533","D_obs",6083,1838,0,22
"16534","D_obs",6083,1839,0,31
"16535","D_obs",6083,1840,0,27
"16536","D_obs",6083,1841,0,36
"16537","D_obs",6083,1842,0,30
"16538","D_obs",6083,1843,0,23
"16539","D_obs",6083,1844,0,16
"16540","D_obs",6083,1845,0,12
"16541","D_obs",6083,1846,0,20
"16542","D_obs",6083,1847,0,23
"16543","D_obs",6083,1848,0,12
"16544","D_obs",6083,1849,0,16
"16545","D_obs",6083,1850,0,22
"16546","D_obs",6083,1851,0,27
"16547","D_obs",6083,1852,0,29
"16548","D_obs",6083,1853,0,28
"16549","D_obs",6083,1854,0,31
"16550","D_obs",6083,1855,0,35
"16551","D_obs",6083,1856,0,29
"16552","D_obs",6083,1857,0,41
"16553","D_obs",6083,1858,0,22
"16554","D_obs",6083,1859,0,32
"16555","D_obs",6083,1860,0,28
"16556","D_obs",6083,1861,0,36
"16557","D_obs",6083,1862,0,39
"16558","D_obs",6083,1863,0,64
"16559","D_obs",6083,1864,0,47
"16560","D_obs",6083,1865,0,47
"16561","D_obs",6083,1866,0,50
"16562","D_obs",6083,1867,0,54
"16563","D_obs",6083,1868,0,49
"16564","D_obs",6083,1869,0,57
"16565","D_obs",6083,1870,0,63
"16566","D_obs",6083,1871,0,57
"16567","D_obs",6083,1872,0,74
"16568","D_obs",6083,1873,0,101
"16569","D_obs",6083,1874,0,99
"16570","D_obs",6083,1875,0,109
"16571","D_obs",6083,1876,0,124
"16572","D_obs",6083,1877,0,105
"16573","D_obs",6083,1878,0,109
"16574","D_obs",6083,1879,0,119
"16575","D_obs",6083,1880,0,116
"16576","D_obs",6083,1881,0,118
"16577","D_obs",6083,1882,0,99
"16578","D_obs",6083,1883,0,107
"16579","D_obs",6083,1884,0,108
"16580","D_obs",6083,1885,0,100
"16581","D_obs",6083,1886,0,67
"16582","D_obs",6083,1887,0,83
"16583","D_obs",6083,1888,0,69
"16584","D_obs",6083,1889,0,64
"16585","D_obs",6083,1890,0,64
"16586","D_obs",6083,1891,0,53
"16587","D_obs",6083,1892,0,45
"16588","D_obs",6083,1893,0,56
"16589","D_obs",6083,1894,0,39
"16590","D_obs",6083,1895,0,43
"16591","D_obs",6083,1896,0,56
"16592","D_obs",6083,1897,0,39
"16593","D_obs",6083,1898,0,33
"16594","D_obs",6083,1899,0,43
"16595","D_obs",6083,1900,0,44
"16596","D_obs",6083,1901,0,39
"16597","D_obs",6083,1902,0,41
"16598","D_obs",6083,1903,0,38
"16599","D_obs",6083,1904,0,42
"16600","D_obs",6083,1905,0,53
"16601","D_obs",6083,1906,0,56
"16602","D_obs",6083,1907,0,45
"16603","D_obs",6083,1908,0,45
"16604","D_obs",6083,1909,0,62
"16605","D_obs",6083,1910,0,54
"16606","D_obs",6083,1911,0,60
"16607","D_obs",6083,1912,0,65
"16608","D_obs",6083,1913,0,75
"16609","D_obs",6083,1914,0,85
"16610","D_obs",6083,1915,0,77
"16611","D_obs",6083,1916,0,75
"16612","D_obs",6083,1917,0,88
"16613","D_obs",6083,1918,0,100
"16614","D_obs",6083,1919,0,114
"16615","D_obs",6083,1920,0,132
"16616","D_obs",6083,1921,0,143
"16617","D_obs",6083,1922,0,170
"16618","D_obs",6083,1923,0,179
"16619","D_obs",6083,1924,0,178
"16620","D_obs",6083,1925,0,191
"16621","D_obs",6083,1926,0,238
"16622","D_obs",6083,1927,0,216
"16623","D_obs",6083,1928,0,224
"16624","D_obs",6083,1929,0,233
"16625","D_obs",6083,1930,0,229
"16626","D_obs",6083,1931,0,241
"16627","D_obs",6083,1932,0,218
"16628","D_obs",6083,1933,0,208
"16629","D_obs",6083,1934,0,219
"16630","D_obs",6083,1935,0,245
"16631","D_obs",6083,1936,0,209
"16632","D_obs",6083,1937,0,186
"16633","D_obs",6083,1938,0,123
"16634","D_obs",6083,1939,0,159
"16635","D_obs",6083,1940,0,134
"16636","D_obs",6083,1941,0,114
"16637","D_obs",6083,1942,0,143
"16638","D_obs",6083,1943,0,118
"16639","D_obs",6083,1944,0,107
"16640","D_obs",6083,1945,0,103
"16641","D_obs",6083,1946,0,104
"16642","D_obs",6083,1947,0,111
"16643","D_obs",6083,1948,0,78
"16644","D_obs",6083,1949,0,69
"16645","D_obs",6083,1950,0,81
"16646","D_obs",6083,1951,0,56
"16647","D_obs",6083,1952,0,78
"16648","D_obs",6083,1953,0,71
"16649","D_obs",6083,1954,0,70
"16650","D_obs",6083,1955,0,77
"16651","D_obs",6083,1956,0,68
"16652","D_obs",6083,1957,0,74
"16653","D_obs",6083,1958,0,76
"16654","D_obs",6083,1959,0,81
"16655","D_obs",6083,1960,0,90
"16656","D_obs",6083,1961,0,91
"16657","D_obs",6083,1962,0,103
"16658","D_obs",6083,1963,0,100
"16659","D_obs",6083,1964,0,95
"16660","D_obs",6083,1965,0,80
"16661","D_obs",6083,1966,0,104
"16662","D_obs",6083,1967,0,85
"16663","D_obs",6083,1968,0,130
"16664","D_obs",6083,1969,0,100
"16665","D_obs",6083,1970,0,114
"16666","D_obs",6083,1971,0,118
"16667","D_obs",6083,1972,0,126
"16668","D_obs",6083,1973,0,108
"16669","D_obs",6083,1974,0,129
"16670","D_obs",6083,1975,0,165
"16671","D_obs",6083,1976,0,157
"16672","D_obs",6083,1977,0,167
"16673","D_obs",6083,1978,0,171
"16674","D_obs",6083,1979,0,192
"16675","D_obs",6083,1980,0,198
"16676","D_obs",6083,1981,0,192
"16677","D_obs",6083,1982,0,167
"16678","D_obs",6083,1983,0,174
"16679","D_obs",6083,1984,0,150
"16680","D_obs",6083,1985,0,162
"16681","D_obs",6083,1986,0,122
"16682","D_obs",6083,1987,0,130
"16683","D_obs",6083,1988,0,116
"16684","D_obs",6083,1989,0,135
"16685","D_obs",6083,1990,0,104
"16686","D_obs",6083,1991,0,110
"16687","D_obs",6083,1992,0,112
"16688","D_obs",6083,1993,0,77
"16689","D_obs",6083,1994,0,68
"16690","D_obs",6083,1995,0,65
"16691","D_obs",6083,1996,0,49
"16692","D_obs",6083,1997,0,46
"16693","D_obs",6083,1998,0,48
"16694","D_obs",6083,1999,0,47
"16695","D_obs",6083,2000,0,53
"16696","D_obs",6083,2001,0,54
"16697","D_obs",6083,2002,0,33
"16698","D_obs",6083,2003,0,36
"16699","D_obs",6083,2004,0,33
"16700","D_obs",6083,2005,0,36
"16701","D_obs",6083,2006,0,40
"16702","D_obs",6083,2007,0,27
"16703","D_obs",6083,2008,0,30
"16704","D_obs",6083,2009,0,29
"16705","D_obs",6083,2010,0,35
"16706","D_obs",6083,2011,0,28
"16707","D_obs",6083,2012,0,28
"16708","D_obs",6083,2013,0,25
"16709","D_obs",6083,2014,0,34
"16710","D_obs",6083,2015,0,17
"16711","D_obs",6083,2016,0,24
"16712","D_obs",6083,2017,0,16
"16713","D_obs",6083,2018,0,24
"16714","D_obs",6083,2019,0,40
"16715","D_obs",6083,2020,0,24
"16716","D_obs",6083,2021,0,19
"16717","D_obs",6083,2022,0,24
"16718","D_obs",6083,2023,0,30
"16719","D_obs",6083,2024,0,21
"16720","D_obs",6083,2025,0,24
"16721","D_obs",6083,2026,0,24
"16722","D_obs",6083,2027,0,26
"16723","D_obs",6083,2028,0,32
"16724","D_obs",6083,2029,0,27
"16725","D_obs",6083,2030,0,36
"16726","D_obs",6083,2031,0,38
"16727","D_obs",6083,2032,0,29
"16728","D_obs",6083,2033,0,40
"16729","D_obs",6083,2034,0,31
"16730","D_obs",6083,2035,0,38
"16731","D_obs",6083,2036,0,32
"16732","D_obs",6083,2037,0,40
"16733","D_obs",6083,2038,0,34
"16734","D_obs",6083,2039,0,39
"16735","D_obs",6083,2040,0,34
"16736","D_obs",6083,2041,0,37
"16737","D_obs",6083,2042,0,28
"16738","D_obs",6083,2043,0,34
"16739","D_obs",6083,2044,0,24
"16740","D_obs",6083,2045,0,23
"16741","D_obs",6083,2046,0,34
"16742","D_obs",6083,2047,0,19
"16743","D_obs",6083,2048,0,32
"16744","D_obs",6083,2049,0,31
"16745","D_obs",6083,2050,0,16
"16746","D_obs",6083,2051,0,32
"16747","D_obs",6083,2052,0,21
"16748","D_obs",6083,2053,0,29
"16749","D_obs",6083,2054,0,19
"16750","D_obs",6083,2055,0,19
"16751","D_obs",6083,2056,0,22
"16752","D_obs",6083,2057,0,23
"16753","D_obs",6083,2058,0,26
"16754","D_obs",6083,2059,0,11
"16755","D_obs",6083,2060,0,17
"16756","D_obs",6083,2061,0,11
"16757","D_obs",6083,2062,0,10
"16758","D_obs",6083,2063,0,16
"16759","D_obs",6083,2064,0,20
"16760","D_obs",6083,2065,0,18
"16761","D_obs",6083,2066,0,18
"16762","D_obs",6083,2067,0,12
"16763","D_obs",6083,2068,0,9
"16764","D_obs",6083,2069,0,11
"16765","D_obs",6083,2070,0,17
"16766","D_obs",6083,2071,0,12
"16767","D_obs",6083,2072,0,3
"16768","D_obs",6083,2073,0,7
"16769","D_obs",6083,2074,0,6
"16770","D_obs",6083,2075,0,12
"16771","D_obs",6083,2076,0,15
"16772","D_obs",6083,2077,0,12
"16773","D_obs",6083,2078,0,13
"16774","D_obs",6083,2079,0,10
"16775","D_obs",6083,2080,0,22
"16776","D_obs",6083,2081,0,12
"16777","D_obs",6083,2082,0,17
"16778","D_obs",6083,2083,0,20
"16779","D_obs",6083,2084,0,21
"16780","D_obs",6083,2085,0,17
"16781","D_obs",6083,2086,0,22
"16782","D_obs",6083,2087,0,21
"16783","D_obs",6083,2088,0,14
"16784","D_obs",6083,2089,0,14
"16785","D_obs",6083,2090,0,23
"16786","D_obs",6083,2091,0,13
"16787","D_obs",6083,2092,0,12
"16788","D_obs",6083,2093,0,17
"16789","D_obs",6083,2094,0,11
"16790","D_obs",6083,2095,0,18
"16791","D_obs",6083,2096,0,9
"16792","D_obs",6083,2097,0,12
"16793","D_obs",6083,2098,0,12
"16794","D_obs",6083,2099,0,7
"16795","D_obs",6083,2100,0,7
"16796","D_obs",6083,2101,0,7
"16797","D_obs",6083,2102,0,8
"16798","D_obs",6083,2103,0,8
"16799","D_obs",6083,2104,0,5
"16800","D_obs",6083,2105,0,10
"16801","D_obs",6083,2106,0,12
"16802","D_obs",6083,2107,0,4
"16803","D_obs",6083,2108,0,7
"16804","D_obs",6083,2109,0,12
"16805","D_obs",6083,2110,0,6
"16806","D_obs",6083,2111,0,5
"16807","D_obs",6083,2112,0,8
"16808","D_obs",6083,2113,0,7
"16809","D_obs",6083,2114,0,5
"16810","D_obs",6083,2115,0,7
"16811","D_obs",6083,2116,0,6
"16812","D_obs",6083,2117,0,8
"16813","D_obs",6083,2118,0,11
"16814","D_obs",6083,2119,0,9
"16815","D_obs",6083,2120,0,9
"16816","D_obs",6083,2121,0,10
"16817","D_obs",6083,2122,0,11
"16818","D_obs",6083,2123,0,6
"16819","D_obs",6083,2124,0,11
"16820","D_obs",6083,2125,0,15
"16821","D_obs",6083,2126,0,8
"16822","D_obs",6083,2127,0,13
"16823","D_obs",6083,2128,0,16
"16824","D_obs",6083,2129,0,14
"16825","D_obs",6083,2130,0,16
"16826","D_obs",6083,2131,0,12
"16827","D_obs",6083,2132,0,13
"16828","D_obs",6083,2133,0,12
"16829","D_obs",6083,2134,0,11
"16830","D_obs",6083,2135,0,19
"16831","D_obs",6083,2136,0,22
"16832","D_obs",6083,2137,0,18
"16833","D_obs",6083,2138,0,18
"16834","D_obs",6083,2139,0,12
"16835","D_obs",6083,2140,0,17
"16836","D_obs",6083,2141,0,32
"16837","D_obs",6083,2142,0,27
"16838","D_obs",6083,2143,0,16
"16839","D_obs",6083,2144,0,23
"16840","D_obs",6083,2145,0,22
"16841","D_obs",6083,2146,0,22
"16842","D_obs",6083,2147,0,17
"16843","D_obs",6083,2148,0,18
"16844","D_obs",6083,2149,0,19
"16845","D_obs",6083,2150,0,16
"16846","D_obs",6083,2151,0,22
"16847","D_obs",6083,2152,0,20
"16848","D_obs",6083,2153,0,13
"16849","D_obs",6083,2154,0,14
"16850","D_obs",6083,2155,0,16
"16851","D_obs",6083,2156,0,13
"16852","D_obs",6083,2157,0,25
"16853","D_obs",6083,2158,0,22
"16854","D_obs",6083,2159,0,11
"16855","D_obs",6083,2160,0,18
"16856","D_obs",6083,2161,0,11
"16857","D_obs",6083,2162,0,14
"16858","D_obs",6083,2163,0,18
"16859","D_obs",6083,2164,0,22
"16860","D_obs",6083,2165,0,16
"16861","D_obs",6083,2166,0,16
"16862","D_obs",6083,2167,0,23
"16863","D_obs",6083,2168,0,17
"16864","D_obs",6083,2169,0,26
"16865","D_obs",6083,2170,0,32
"16866","D_obs",6083,2171,0,38
"16867","D_obs",6083,2172,0,33
"16868","D_obs",6083,2173,0,34
"16869","D_obs",6083,2174,0,31
"16870","D_obs",6083,2175,0,43
"16871","D_obs",6083,2176,0,24
"16872","D_obs",6083,2177,0,52
"16873","D_obs",6083,2178,0,41
"16874","D_obs",6083,2179,0,58
"16875","D_obs",6083,2180,0,52
"16876","D_obs",6083,2181,0,62
"16877","D_obs",6083,2182,0,72
"16878","D_obs",6083,2183,0,68
"16879","D_obs",6083,2184,0,87
"16880","D_obs",6083,2185,0,105
"16881","D_obs",6083,2186,0,75
"16882","D_obs",6083,2187,0,107
"16883","D_obs",6083,2188,0,107
"16884","D_obs",6083,2189,0,118
"16885","D_obs",6083,2190,0,105
"16886","D_obs",6083,2191,0,128
"16887","D_obs",6083,2192,0,107
"16888","D_obs",6083,2193,0,97
"16889","D_obs",6083,2194,0,124
"16890","D_obs",6083,2195,0,97
"16891","D_obs",6083,2196,0,92
"16892","D_obs",6083,2197,0,91
"16893","D_obs",6083,2198,0,76
"16894","D_obs",6083,2199,0,65
"16895","D_obs",6083,2200,0,69
"16896","D_obs",6083,2201,0,61
"16897","D_obs",6083,2202,0,59
"16898","D_obs",6083,2203,0,58
"16899","D_obs",6083,2204,0,61
"16900","D_obs",6083,2205,0,43
"16901","D_obs",6083,2206,0,46
"16902","D_obs",6083,2207,0,38
"16903","D_obs",6083,2208,0,38
"16904","D_obs",6083,2209,0,36
"16905","D_obs",6083,2210,0,38
"16906","D_obs",6083,2211,0,36
"16907","D_obs",6083,2212,0,24
"16908","D_obs",6083,2213,0,32
"16909","D_obs",6083,2214,0,24
"16910","D_obs",6083,2215,0,28
"16911","D_obs",6083,2216,0,34
"16912","D_obs",6083,2217,0,35
"16913","D_obs",6083,2218,0,35
"16914","D_obs",6083,2219,0,59
"16915","D_obs",6083,2220,0,31
"16916","D_obs",6083,2221,0,42
"16917","D_obs",6083,2222,0,41
"16918","D_obs",6083,2223,0,70
"16919","D_obs",6083,2224,0,53
"16920","D_obs",6083,2225,0,62
"16921","D_obs",6083,2226,0,69
"16922","D_obs",6083,2227,0,58
"16923","D_obs",6083,2228,0,90
"16924","D_obs",6083,2229,0,96
"16925","D_obs",6083,2230,0,87
"16926","D_obs",6083,2231,0,73
"16927","D_obs",6083,2232,0,87
"16928","D_obs",6083,2233,0,59
"16929","D_obs",6083,2234,0,71
"16930","D_obs",6083,2235,0,99
"16931","D_obs",6083,2236,0,71
"16932","D_obs",6083,2237,0,82
"16933","D_obs",6083,2238,0,90
"16934","D_obs",6083,2239,0,113
"16935","D_obs",6083,2240,0,110
"16936","D_obs",6083,2241,0,122
"16937","D_obs",6083,2242,0,127
"16938","D_obs",6083,2243,0,128
"16939","D_obs",6083,2244,0,129
"16940","D_obs",6083,2245,0,116
"16941","D_obs",6083,2246,0,96
"16942","D_obs",6083,2247,0,120
"16943","D_obs",6083,2248,0,104
"16944","D_obs",6083,2249,0,103
"16945","D_obs",6083,2250,0,107
"16946","D_obs",6083,2251,0,85
"16947","D_obs",6083,2252,0,75
"16948","D_obs",6083,2253,0,83
"16949","D_obs",6083,2254,0,60
"16950","D_obs",6083,2255,0,60
"16951","D_obs",6083,2256,0,79
"16952","D_obs",6083,2257,0,48
"16953","D_obs",6083,2258,0,48
"16954","D_obs",6083,2259,0,40
"16955","D_obs",6083,2260,0,47
"16956","D_obs",6083,2261,0,45
"16957","D_obs",6083,2262,0,35
"16958","D_obs",6083,2263,0,35
"16959","D_obs",6083,2264,0,37
"16960","D_obs",6083,2265,0,19
"16961","D_obs",6083,2266,0,37
"16962","D_obs",6083,2267,0,35
"16963","D_obs",6083,2268,0,46
"16964","D_obs",6083,2269,0,37
"16965","D_obs",6083,2270,0,48
"16966","D_obs",6083,2271,0,31
"16967","D_obs",6083,2272,0,39
"16968","D_obs",6083,2273,0,36
"16969","D_obs",6083,2274,0,45
"16970","D_obs",6083,2275,0,33
"16971","D_obs",6083,2276,0,28
"16972","D_obs",6083,2277,0,46
"16973","D_obs",6083,2278,0,26
"16974","D_obs",6083,2279,0,36
"16975","D_obs",6083,2280,0,35
"16976","D_obs",6083,2281,0,35
"16977","D_obs",6083,2282,0,38
"16978","D_obs",6083,2283,0,36
"16979","D_obs",6083,2284,0,42
"16980","D_obs",6083,2285,0,46
"16981","D_obs",6083,2286,0,57
"16982","D_obs",6083,2287,0,41
"16983","D_obs",6083,2288,0,50
"16984","D_obs",6083,2289,0,50
"16985","D_obs",6083,2290,0,48
"16986","D_obs",6083,2291,0,59
"16987","D_obs",6083,2292,0,57
"16988","D_obs",6083,2293,0,57
"16989","D_obs",6083,2294,0,60
"16990","D_obs",6083,2295,0,60
"16991","D_obs",6083,2296,0,35
"16992","D_obs",6083,2297,0,32
"16993","D_obs",6083,2298,0,55
"16994","D_obs",6083,2299,0,42
"16995","D_obs",6083,2300,0,41
"16996","D_obs",6083,2301,0,42
"16997","D_obs",6083,2302,0,54
"16998","D_obs",6083,2303,0,37
"16999","D_obs",6083,2304,0,29
"17000","D_obs",6083,2305,0,25
"17001","D_obs",6083,2306,0,23
"17002","D_obs",6083,2307,0,42
"17003","D_obs",6083,2308,0,21
"17004","D_obs",6083,2309,0,23
"17005","D_obs",6083,2310,0,14
"17006","D_obs",6083,2311,0,19
"17007","D_obs",6083,2312,0,16
"17008","D_obs",6083,2313,0,23
"17009","D_obs",6083,2314,0,17
"17010","D_obs",6083,2315,0,15
"17011","D_obs",6083,2316,0,17
"17012","D_obs",6083,2317,0,27
"17013","D_obs",6083,2318,0,16
"17014","D_obs",6083,2319,0,18
"17015","D_obs",6083,2320,0,25
"17016","D_obs",6083,2321,0,14
"17017","D_obs",6083,2322,0,16
"17018","D_obs",6083,2323,0,24
"17019","D_obs",6083,2324,0,20
"17020","D_obs",6083,2325,0,21
"17021","D_obs",6083,2326,0,28
"17022","D_obs",6083,2327,0,19
"17023","D_obs",6083,2328,0,14
"17024","D_obs",6083,2329,0,14
"17025","D_obs",6083,2330,0,24
"17026","D_obs",6083,2331,0,18
"17027","D_obs",6083,2332,0,21
"17028","D_obs",6083,2333,0,19
"17029","D_obs",6083,2334,0,25
"17030","D_obs",6083,2335,0,15
"17031","D_obs",6083,2336,0,21
"17032","D_obs",6083,2337,0,24
"17033","D_obs",6083,2338,0,24
"17034","D_obs",6083,2339,0,26
"17035","D_obs",6083,2340,0,17
"17036","D_obs",6083,2341,0,38
"17037","D_obs",6083,2342,0,30
"17038","D_obs",6083,2343,0,49
"17039","D_obs",6083,2344,0,38
"17040","D_obs",6083,2345,0,50
"17041","D_obs",6083,2346,0,68
"17042","D_obs",6083,2347,0,64
"17043","D_obs",6083,2348,0,82
"17044","D_obs",6083,2349,0,67
"17045","D_obs",6083,2350,0,61
"17046","D_obs",6083,2351,0,55
"17047","D_obs",6083,2352,0,52
"17048","D_obs",6083,2353,0,46
"17049","D_obs",6083,2354,0,54
"17050","D_obs",6083,2355,0,46
"17051","D_obs",6083,2356,0,31
"17052","D_obs",6083,2357,0,31
"17053","D_obs",6083,2358,0,39
"17054","D_obs",6083,2359,0,35
"17055","D_obs",6083,2360,0,39
"17056","D_obs",6083,2361,0,43
"17057","D_obs",6083,2362,0,37
"17058","D_obs",6083,2363,0,32
"17059","D_obs",6083,2364,0,34
"17060","D_obs",6083,2365,0,35
"17061","D_obs",6083,2366,0,35
"17062","D_obs",6083,2367,0,28
"17063","D_obs",6083,2368,0,22
"17064","D_obs",6083,2369,0,47
"17065","D_obs",6083,2370,0,42
"17066","D_obs",6083,2371,0,36
"17067","D_obs",6083,2372,0,37
"17068","D_obs",6083,2373,0,22
"17069","D_obs",6083,2374,0,27
"17070","D_obs",6083,2375,0,24
"17071","D_obs",6083,2376,0,26
"17072","D_obs",6083,2377,0,17
"17073","D_obs",6083,2378,0,17
"17074","D_obs",6083,2379,0,27
"17075","D_obs",6083,2380,0,24
"17076","D_obs",6083,2381,0,17
"17077","D_obs",6083,2382,0,23
"17078","D_obs",6083,2383,0,19
"17079","D_obs",6083,2384,0,20
"17080","D_obs",6083,2385,0,21
"17081","D_obs",6083,2386,0,27
"17082","D_obs",6083,2387,0,26
"17083","D_obs",6083,2388,0,26
"17084","D_obs",6083,2389,0,27
"17085","D_obs",6083,2390,0,24
"17086","D_obs",6083,2391,0,29
"17087","D_obs",6083,2392,0,30
"17088","D_obs",6083,2393,0,27
"17089","D_obs",6083,2394,0,24
"17090","D_obs",6083,2395,0,30
"17091","D_obs",6083,2396,0,34
"17092","D_obs",6083,2397,0,33
"17093","D_obs",6083,2398,0,45
"17094","D_obs",6083,2399,0,46
"17095","D_obs",6083,2400,0,49
"17096","D_obs",6083,2401,0,60
"17097","D_obs",6083,2402,0,64
"17098","D_obs",6083,2403,0,54
"17099","D_obs",6083,2404,0,70
"17100","D_obs",6083,2405,0,62
"17101","D_obs",6083,2406,0,46
"17102","D_obs",6083,2407,0,55
"17103","D_obs",6083,2408,0,48
"17104","D_obs",6083,2409,0,29
"17105","D_obs",6083,2410,0,56
"17106","D_obs",6083,2411,0,44
"17107","D_obs",6083,2412,0,46
"17108","D_obs",6083,2413,0,33
"17109","D_obs",6083,2414,0,38
"17110","D_obs",6083,2415,0,31
"17111","D_obs",6083,2416,0,30
"17112","D_obs",6083,2417,0,35
"17113","D_obs",6083,2418,0,27
"17114","D_obs",6083,2419,0,20
"17115","D_obs",6083,2420,0,33
"17116","D_obs",6083,2421,0,32
"17117","D_obs",6083,2422,0,24
"17118","D_obs",6083,2423,0,19
"17119","D_obs",6083,2424,0,26
"17120","D_obs",6083,2425,0,25
"17121","D_obs",6083,2426,0,26
"17122","D_obs",6083,2427,0,18
"17123","D_obs",6083,2428,0,24
"17124","D_obs",6083,2429,0,29
"17125","D_obs",6083,2430,0,37
"17126","D_obs",6083,2431,0,26
"17127","D_obs",6083,2432,0,36
"17128","D_obs",6083,2433,0,38
"17129","D_obs",6083,2434,0,45
"17130","D_obs",6083,2435,0,38
"17131","D_obs",6083,2436,0,38
"17132","D_obs",6083,2437,0,40
"17133","D_obs",6083,2438,0,58
"17134","D_obs",6083,2439,0,55
"17135","D_obs",6083,2440,0,43
"17136","D_obs",6083,2441,0,45
"17137","D_obs",6083,2442,0,61
"17138","D_obs",6083,2443,0,59
"17139","D_obs",6083,2444,0,50
"17140","D_obs",6083,2445,0,38
"17141","D_obs",6083,2446,0,60
"17142","D_obs",6083,2447,0,60
"17143","D_obs",6083,2448,0,61
"17144","D_obs",6083,2449,0,66
"17145","D_obs",6083,2450,0,73
"17146","D_obs",6083,2451,0,79
"17147","D_obs",6083,2452,0,69
"17148","D_obs",6083,2453,0,101
"17149","D_obs",6083,2454,0,113
"17150","D_obs",6083,2455,0,106
"17151","D_obs",6083,2456,0,102
"17152","D_obs",6083,2457,0,90
"17153","D_obs",6083,2458,0,119
"17154","D_obs",6083,2459,0,100
"17155","D_obs",6083,2460,0,86
"17156","D_obs",6083,2461,0,69
"17157","D_obs",6083,2462,0,73
"17158","D_obs",6083,2463,0,89
"17159","D_obs",6083,2464,0,83
"17160","D_obs",6083,2465,0,70
"17161","D_obs",6083,2466,0,66
"17162","D_obs",6083,2467,0,56
"17163","D_obs",6083,2468,0,57
"17164","D_obs",6083,2469,0,46
"17165","D_obs",6083,2470,0,44
"17166","D_obs",6083,2471,0,51
"17167","D_obs",6083,2472,0,45
"17168","D_obs",6083,2473,0,46
"17169","D_obs",6083,2474,0,59
"17170","D_obs",6083,2475,0,49
"17171","D_obs",6083,2476,0,47
"17172","D_obs",6083,2477,0,46
"17173","D_obs",6083,2478,0,35
"17174","D_obs",6083,2479,0,67
"17175","D_obs",6083,2480,0,47
"17176","D_obs",6083,2481,0,37
"17177","D_obs",6083,2482,0,68
"17178","D_obs",6083,2483,0,60
"17179","D_obs",6083,2484,0,65
"17180","D_obs",6083,2485,0,59
"17181","D_obs",6083,2486,0,57
"17182","D_obs",6083,2487,0,45
"17183","D_obs",6083,2488,0,62
"17184","D_obs",6083,2489,0,57
"17185","D_obs",6083,2490,0,53
"17186","D_obs",6083,2491,0,77
"17187","D_obs",6083,2492,0,50
"17188","D_obs",6083,2493,0,58
"17189","D_obs",6083,2494,0,49
"17190","D_obs",6083,2495,0,53
"17191","D_obs",6083,2496,0,47
"17192","D_obs",6083,2497,0,55
"17193","D_obs",6083,2498,0,50
"17194","D_obs",6083,2499,0,48
"17195","D_obs",6083,2500,0,61
"17196","D_obs",6083,2501,0,63
"17197","D_obs",6083,2502,0,70
"17198","D_obs",6083,2503,0,58
"17199","D_obs",6083,2504,0,88
"17200","D_obs",6083,2505,0,70
"17201","D_obs",6083,2506,0,84
"17202","D_obs",6083,2507,0,66
"17203","D_obs",6083,2508,0,83
"17204","D_obs",6083,2509,0,73
"17205","D_obs",6083,2510,0,61
"17206","D_obs",6083,2511,0,64
"17207","D_obs",6083,2512,0,45
"17208","D_obs",6083,2513,0,61
"17209","D_obs",6083,2514,0,41
"17210","D_obs",6083,2515,0,50
"17211","D_obs",6083,2516,0,44
"17212","D_obs",6083,2517,0,45
"17213","D_obs",6083,2518,0,38
"17214","D_obs",6083,2519,0,28
"17215","D_obs",6083,2520,0,36
"17216","D_obs",6083,2521,0,20
"17217","D_obs",6083,2522,0,27
"17218","D_obs",6083,2523,0,20
"17219","D_obs",6083,2524,0,22
"17220","D_obs",6083,2525,0,28
"17221","D_obs",6083,2526,0,26
"17222","D_obs",6083,2527,0,19
"17223","D_obs",6083,2528,0,28
"17224","D_obs",6083,2529,0,24
"17225","D_obs",6083,2530,0,30
"17226","D_obs",6083,2531,0,32
"17227","D_obs",6083,2532,0,30
"17228","D_obs",6083,2533,0,23
"17229","D_obs",6083,2534,0,33
"17230","D_obs",6083,2535,0,32
"17231","D_obs",6083,2536,0,25
"17232","D_obs",6083,2537,0,36
"17233","D_obs",6083,2538,0,24
"17234","D_obs",6083,2539,0,35
"17235","D_obs",6083,2540,0,41
"17236","D_obs",6083,2541,0,53
"17237","D_obs",6083,2542,0,35
"17238","D_obs",6083,2543,0,46
"17239","D_obs",6083,2544,0,45
"17240","D_obs",6083,2545,0,57
"17241","D_obs",6083,2546,0,51
"17242","D_obs",6083,2547,0,53
"17243","D_obs",6083,2548,0,40
"17244","D_obs",6083,2549,0,48
"17245","D_obs",6083,2550,0,51
"17246","D_obs",6083,2551,0,48
"17247","D_obs",6083,2552,0,55
"17248","D_obs",6083,2553,0,55
"17249","D_obs",6083,2554,0,66
"17250","D_obs",6083,2555,0,48
"17251","D_obs",6083,2556,0,65
"17252","D_obs",6083,2557,0,95
"17253","D_obs",6083,2558,0,49
"17254","D_obs",6083,2559,0,40
"17255","D_obs",6083,2560,0,52
"17256","D_obs",6083,2561,0,50
"17257","D_obs",6083,2562,0,49
"17258","D_obs",6083,2563,0,42
"17259","D_obs",6083,2564,0,35
"17260","D_obs",6083,2565,0,43
"17261","D_obs",6083,2566,0,44
"17262","D_obs",6083,2567,0,38
"17263","D_obs",6083,2568,0,28
"17264","D_obs",6083,2569,0,28
"17265","D_obs",6083,2570,0,21
"17266","D_obs",6083,2571,0,20
"17267","D_obs",6083,2572,0,24
"17268","D_obs",6083,2573,0,34
"17269","D_obs",6083,2574,0,20
"17270","D_obs",6083,2575,0,28
"17271","D_obs",6083,2576,0,26
"17272","D_obs",6083,2577,0,20
"17273","D_obs",6083,2578,0,21
"17274","D_obs",6083,2579,0,20
"17275","D_obs",6083,2580,0,23
"17276","D_obs",6083,2581,0,16
"17277","D_obs",6083,2582,0,32
"17278","D_obs",6083,2583,0,25
"17279","D_obs",6083,2584,0,26
"17280","D_obs",6083,2585,0,31
"17281","D_obs",6083,2586,0,23
"17282","D_obs",6083,2587,0,37
"17283","D_obs",6083,2588,0,19
"17284","D_obs",6083,2589,0,30
"17285","D_obs",6083,2590,0,36
"17286","D_obs",6083,2591,0,30
"17287","D_obs",6083,2592,0,28
"17288","D_obs",6083,2593,0,26
"17289","D_obs",6083,2594,0,28
"17290","D_obs",6083,2595,0,47
"17291","D_obs",6083,2596,0,38
"17292","D_obs",6083,2597,0,39
"17293","D_obs",6083,2598,0,40
"17294","D_obs",6083,2599,0,36
"17295","D_obs",6083,2600,0,42
"17296","D_obs",6083,2601,0,38
"17297","D_obs",6083,2602,0,29
"17298","D_obs",6083,2603,0,53
"17299","D_obs",6083,2604,0,61
"17300","D_obs",6083,2605,0,71
"17301","D_obs",6083,2606,0,78
"17302","D_obs",6083,2607,0,88
"17303","D_obs",6083,2608,0,67
"17304","D_obs",6083,2609,0,65
"17305","D_obs",6083,2610,0,70
"17306","D_obs",6083,2611,0,68
"17307","D_obs",6083,2612,0,59
"17308","D_obs",6083,2613,0,52
"17309","D_obs",6083,2614,0,45
"17310","D_obs",6083,2615,0,41
"17311","D_obs",6083,2616,0,48
"17312","D_obs",6083,2617,0,47
"17313","D_obs",6083,2618,0,37
"17314","D_obs",6083,2619,0,31
"17315","D_obs",6083,2620,0,42
"17316","D_obs",6083,2621,0,40
"17317","D_obs",6083,2622,0,45
"17318","D_obs",6083,2623,0,33
"17319","D_obs",6083,2624,0,29
"17320","D_obs",6083,2625,0,36
"17321","D_obs",6083,2626,0,27
"17322","D_obs",6083,2627,0,19
"17323","D_obs",6083,2628,0,20
"17324","D_obs",6083,2629,0,29
"17325","D_obs",6083,2630,0,29
"17326","D_obs",6083,2631,0,15
"17327","D_obs",6083,2632,0,14
"17328","D_obs",6083,2633,0,21
"17329","D_obs",6083,2634,0,17
"17330","D_obs",6083,2635,0,22
"17331","D_obs",6083,2636,0,29
"17332","D_obs",6083,2637,0,29
"17333","D_obs",6083,2638,0,36
"17334","D_obs",6083,2639,0,24
"17335","D_obs",6083,2640,0,31
"17336","D_obs",6083,2641,0,27
"17337","D_obs",6083,2642,0,31
"17338","D_obs",6083,2643,0,29
"17339","D_obs",6083,2644,0,35
"17340","D_obs",6083,2645,0,30
"17341","D_obs",6083,2646,0,32
"17342","D_obs",6083,2647,0,32
"17343","D_obs",6083,2648,0,39
"17344","D_obs",6083,2649,0,59
"17345","D_obs",6083,2650,0,35
"17346","D_obs",6083,2651,0,49
"17347","D_obs",6083,2652,0,40
"17348","D_obs",6083,2653,0,43
"17349","D_obs",6083,2654,0,48
"17350","D_obs",6083,2655,0,55
"17351","D_obs",6083,2656,0,49
"17352","D_obs",6083,2657,0,63
"17353","D_obs",6083,2658,0,57
"17354","D_obs",6083,2659,0,66
"17355","D_obs",6083,2660,0,56
"17356","D_obs",6083,2661,0,61
"17357","D_obs",6083,2662,0,60
"17358","D_obs",6083,2663,0,55
"17359","D_obs",6083,2664,0,41
"17360","D_obs",6083,2665,0,59
"17361","D_obs",6083,2666,0,53
"17362","D_obs",6083,2667,0,40
"17363","D_obs",6083,2668,0,42
"17364","D_obs",6083,2669,0,48
"17365","D_obs",6083,2670,0,33
"17366","D_obs",6083,2671,0,38
"17367","D_obs",6083,2672,0,34
"17368","D_obs",6083,2673,0,32
"17369","D_obs",6083,2674,0,33
"17370","D_obs",6083,2675,0,34
"17371","D_obs",6083,2676,0,22
"17372","D_obs",6083,2677,0,37
"17373","D_obs",6083,2678,0,22
"17374","D_obs",6083,2679,0,27
"17375","D_obs",6083,2680,0,27
"17376","D_obs",6083,2681,0,26
"17377","D_obs",6083,2682,0,25
"17378","D_obs",6083,2683,0,22
"17379","D_obs",6083,2684,0,20
"17380","D_obs",6083,2685,0,23
"17381","D_obs",6083,2686,0,30
"17382","D_obs",6083,2687,0,38
"17383","D_obs",6083,2688,0,24
"17384","D_obs",6083,2689,0,31
"17385","D_obs",6083,2690,0,25
"17386","D_obs",6083,2691,0,29
"17387","D_obs",6083,2692,0,21
"17388","D_obs",6083,2693,0,33
"17389","D_obs",6083,2694,0,24
"17390","D_obs",6083,2695,0,23
"17391","D_obs",6083,2696,0,26
"17392","D_obs",6083,2697,0,23
"17393","D_obs",6083,2698,0,40
"17394","D_obs",6083,2699,0,28
"17395","D_obs",6083,2700,0,31
"17396","D_obs",6083,2701,0,30
"17397","D_obs",6083,2702,0,19
"17398","D_obs",6083,2703,0,32
"17399","D_obs",6083,2704,0,24
"17400","D_obs",6083,2705,0,18
"17401","D_obs",6083,2706,0,23
"17402","D_obs",6083,2707,0,26
"17403","D_obs",6083,2708,0,26
"17404","D_obs",6083,2709,0,26
"17405","D_obs",6083,2710,0,16
"17406","D_obs",6083,2711,0,27
"17407","D_obs",6083,2712,0,22
"17408","D_obs",6083,2713,0,28
"17409","D_obs",6083,2714,0,32
"17410","D_obs",6083,2715,0,36
"17411","D_obs",6083,2716,0,36
"17412","D_obs",6083,2717,0,27
"17413","D_obs",6083,2718,0,23
"17414","D_obs",6083,2719,0,22
"17415","D_obs",6083,2720,0,26
"17416","D_obs",6083,2721,0,16
"17417","D_obs",6083,2722,0,28
"17418","D_obs",6083,2723,0,16
"17419","D_obs",6083,2724,0,21
"17420","D_obs",6083,2725,0,18
"17421","D_obs",6083,2726,0,19
"17422","D_obs",6083,2727,0,18
"17423","D_obs",6083,2728,0,17
"17424","D_obs",6083,2729,0,14
"17425","D_obs",6083,2730,0,16
"17426","D_obs",6083,2731,0,15
"17427","D_obs",6083,2732,0,7
"17428","D_obs",6083,2733,0,16
"17429","D_obs",6083,2734,0,10
"17430","D_obs",6083,2735,0,5
"17431","D_obs",6083,2736,0,9
"17432","D_obs",6083,2737,0,9
"17433","D_obs",6083,2738,0,10
"17434","D_obs",6083,2739,0,12
"17435","D_obs",6083,2740,0,13
"17436","D_obs",6083,2741,0,13
"17437","D_obs",6083,2742,0,12
"17438","D_obs",6083,2743,0,10
"17439","D_obs",6083,2744,0,9
"17440","D_obs",6083,2745,0,12
"17441","D_obs",6083,2746,0,7
"17442","D_obs",6083,2747,0,13
"17443","D_obs",6083,2748,0,9
"17444","D_obs",6083,2749,0,12
"17445","D_obs",6083,2750,0,13
"17446","D_obs",6083,2751,0,11
"17447","D_obs",6083,2752,0,18
"17448","D_obs",6083,2753,0,20
"17449","D_obs",6083,2754,0,9
"17450","D_obs",6083,2755,0,12
"17451","D_obs",6083,2756,0,12
"17452","D_obs",6083,2757,0,14
"17453","D_obs",6083,2758,0,15
"17454","D_obs",6083,2759,0,20
"17455","D_obs",6083,2760,0,16
"17456","D_obs",6083,2761,0,14
"17457","D_obs",6083,2762,0,21
"17458","D_obs",6083,2763,0,22
"17459","D_obs",6083,2764,0,18
"17460","D_obs",6083,2765,0,10
"17461","D_obs",6083,2766,0,15
"17462","D_obs",6083,2767,0,19
"17463","D_obs",6083,2768,0,11
"17464","D_obs",6083,2769,0,12
"17465","D_obs",6083,2770,0,12
"17466","D_obs",6083,2771,0,14
"17467","D_obs",6083,2772,0,10
"17468","D_obs",6083,2773,0,18
"17469","D_obs",6083,2774,0,9
"17470","D_obs",6083,2775,0,6
"17471","D_obs",6083,2776,0,13
"17472","D_obs",6083,2777,0,9
"17473","D_obs",6083,2778,0,11
"17474","D_obs",6083,2779,0,5
"17475","D_obs",6083,2780,0,7
"17476","D_obs",6083,2781,0,7
"17477","D_obs",6083,2782,0,14
"17478","D_obs",6083,2783,0,5
"17479","D_obs",6083,2784,0,6
"17480","D_obs",6083,2785,0,8
"17481","D_obs",6083,2786,0,6
"17482","D_obs",6083,2787,0,5
"17483","D_obs",6083,2788,0,10
"17484","D_obs",6083,2789,0,7
"17485","D_obs",6083,2790,0,8
"17486","D_obs",6083,2791,0,7
"17487","D_obs",6083,2792,0,6
"17488","D_obs",6083,2793,0,7
"17489","D_obs",6083,2794,0,6
"17490","D_obs",6083,2795,0,7
"17491","D_obs",6083,2796,0,11
"17492","D_obs",6083,2797,0,11
"17493","D_obs",6083,2798,0,9
"17494","D_obs",6083,2799,0,7
"17495","D_obs",6083,2800,0,6
"17496","D_obs",6083,2801,0,14
"17497","D_obs",6083,2802,0,10
"17498","D_obs",6083,2803,0,15
"17499","D_obs",6083,2804,0,9
"17500","D_obs",6083,2805,0,14
"17501","D_obs",6083,2806,0,10
"17502","D_obs",6083,2807,0,9
"17503","D_obs",6083,2808,0,17
"17504","D_obs",6083,2809,0,13
"17505","D_obs",6083,2810,0,11
"17506","D_obs",6083,2811,0,16
"17507","D_obs",6083,2812,0,19
"17508","D_obs",6083,2813,0,16
"17509","D_obs",6083,2814,0,23
"17510","D_obs",6083,2815,0,24
"17511","D_obs",6083,2816,0,24
"17512","D_obs",6083,2817,0,29
"17513","D_obs",6083,2818,0,25
"17514","D_obs",6083,2819,0,29
"17515","D_obs",6083,2820,0,33
"17516","D_obs",6083,2821,0,22
"17517","D_obs",6083,2822,0,19
"17518","D_obs",6083,2823,0,16
"17519","D_obs",6083,2824,0,17
"17520","D_obs",6083,2825,0,24
"17521","D_obs",6083,2826,0,25
"17522","D_obs",6083,2827,0,11
"17523","D_obs",6083,2828,0,17
"17524","D_obs",6083,2829,0,16
"17525","D_obs",6083,2830,0,14
"17526","D_obs",6083,2831,0,11
"17527","D_obs",6083,2832,0,15
"17528","D_obs",6083,2833,0,13
"17529","D_obs",6083,2834,0,17
"17530","D_obs",6083,2835,0,9
"17531","D_obs",6083,2836,0,13
"17532","D_obs",6083,2837,0,15
"17533","D_obs",6083,2838,0,14
"17534","D_obs",6083,2839,0,6
"17535","D_obs",6083,2840,0,7
"17536","D_obs",6083,2841,0,11
"17537","D_obs",6083,2842,0,17
"17538","D_obs",6083,2843,0,12
"17539","D_obs",6083,2844,0,19
"17540","D_obs",6083,2845,0,16
"17541","D_obs",6083,2846,0,11
"17542","D_obs",6083,2847,0,22
"17543","D_obs",6083,2848,0,15
"17544","D_obs",6083,2849,0,27
"17545","D_obs",6083,2850,0,8
"17546","D_obs",6083,2851,0,14
"17547","D_obs",6083,2852,0,13
"17548","D_obs",6083,2853,0,25
"17549","D_obs",6083,2854,0,23
"17550","D_obs",6083,2855,0,22
"17551","D_obs",6083,2856,0,20
"17552","D_obs",6083,2857,0,25
"17553","D_obs",6083,2858,0,21
"17554","D_obs",6083,2859,0,23
"17555","D_obs",6083,2860,0,36
"17556","D_obs",6083,2861,0,39
"17557","D_obs",6083,2862,0,53
"17558","D_obs",6083,2863,0,57
"17559","D_obs",6083,2864,0,38
"17560","D_obs",6083,2865,0,38
"17561","D_obs",6083,2866,0,48
"17562","D_obs",6083,2867,0,56
"17563","D_obs",6083,2868,0,58
"17564","D_obs",6083,2869,0,60
"17565","D_obs",6083,2870,0,69
"17566","D_obs",6083,2871,0,62
"17567","D_obs",6083,2872,0,41
"17568","D_obs",6083,2873,0,53
"17569","D_obs",6083,2874,0,53
"17570","D_obs",6083,2875,0,39
"17571","D_obs",6083,2876,0,38
"17572","D_obs",6083,2877,0,38
"17573","D_obs",6083,2878,0,40
"17574","D_obs",6083,2879,0,37
"17575","D_obs",6083,2880,0,25
"17576","D_obs",6083,2881,0,42
"17577","D_obs",6083,2882,0,29
"17578","D_obs",6083,2883,0,38
"17579","D_obs",6083,2884,0,36
"17580","D_obs",6083,2885,0,30
"17581","D_obs",6083,2886,0,32
"17582","D_obs",6083,2887,0,27
"17583","D_obs",6083,2888,0,29
"17584","D_obs",6083,2889,0,25
"17585","D_obs",6083,2890,0,24
"17586","D_obs",6083,2891,0,40
"17587","D_obs",6083,2892,0,20
"17588","D_obs",6083,2893,0,17
"17589","D_obs",6083,2894,0,21
"17590","D_obs",6083,2895,0,15
"17591","D_obs",6083,2896,0,23
"17592","D_obs",6083,2897,0,19
"17593","D_obs",6083,2898,0,13
"17594","D_obs",6083,2899,0,17
"17595","D_obs",6083,2900,0,19
"17596","D_obs",6083,2901,0,23
"17597","D_obs",6083,2902,0,19
"17598","D_obs",6083,2903,0,10
"17599","D_obs",6083,2904,0,19
"17600","D_obs",6083,2905,0,10
"17601","D_obs",6083,2906,0,18
"17602","D_obs",6083,2907,0,14
"17603","D_obs",6083,2908,0,23
"17604","D_obs",6083,2909,0,18
"17605","D_obs",6083,2910,0,17
"17606","D_obs",6083,2911,0,17
"17607","D_obs",6083,2912,0,21
"17608","D_obs",6083,2913,0,15
"17609","D_obs",6083,2914,0,19
"17610","D_obs",6083,2915,0,24
"17611","D_obs",6083,2916,0,20
"17612","D_obs",6083,2917,0,22
"17613","D_obs",6083,2918,0,24
"17614","D_obs",6083,2919,0,30
"17615","D_obs",6083,2920,0,33
"17616","D_obs",6083,2921,0,25
"17617","D_obs",6083,2922,0,24
"17618","D_obs",6083,2923,0,18
"17619","D_obs",6083,2924,0,31
"17620","D_obs",6083,2925,0,20
"17621","D_obs",6083,2926,0,24
"17622","D_obs",6083,2927,0,30
"17623","D_obs",6083,2928,0,17
"17624","D_obs",6083,2929,0,25
"17625","D_obs",6083,2930,0,20
"17626","D_obs",6083,2931,0,12
"17627","D_obs",6083,2932,0,17
"17628","D_obs",6083,2933,0,19
"17629","D_obs",6083,2934,0,20
"17630","D_obs",6083,2935,0,11
"17631","D_obs",6083,2936,0,12
"17632","D_obs",6083,2937,0,16
"17633","D_obs",6083,2938,0,14
"17634","D_obs",6083,2939,0,12
"17635","D_obs",6083,2940,0,16
"17636","D_obs",6083,2941,0,16
"17637","D_obs",6083,2942,0,6
"17638","D_obs",6083,2943,0,11
"17639","D_obs",6083,2944,0,15
"17640","D_obs",6083,2945,0,13
"17641","D_obs",6083,2946,0,10
"17642","D_obs",6083,2947,0,9
"17643","D_obs",6083,2948,0,15
"17644","D_obs",6083,2949,0,10
"17645","D_obs",6083,2950,0,7
"17646","D_obs",6083,2951,0,16
"17647","D_obs",6083,2952,0,4
"17648","D_obs",6083,2953,0,12
"17649","D_obs",6083,2954,0,11
"17650","D_obs",6083,2955,0,17
"17651","D_obs",6083,2956,0,10
"17652","D_obs",6083,2957,0,9
"17653","D_obs",6083,2958,0,9
"17654","D_obs",6083,2959,0,12
"17655","D_obs",6083,2960,0,6
"17656","D_obs",6083,2961,0,11
"17657","D_obs",6083,2962,0,16
"17658","D_obs",6083,2963,0,13
"17659","D_obs",6083,2964,0,16
"17660","D_obs",6083,2965,0,17
"17661","D_obs",6083,2966,0,18
"17662","D_obs",6083,2967,0,17
"17663","D_obs",6083,2968,0,25
"17664","D_obs",6083,2969,0,22
"17665","D_obs",6083,2970,0,20
"17666","D_obs",6083,2971,0,15
"17667","D_obs",6083,2972,0,25
"17668","D_obs",6083,2973,0,27
"17669","D_obs",6083,2974,0,20
"17670","D_obs",6083,2975,0,23
"17671","D_obs",6083,2976,0,24
"17672","D_obs",6083,2977,0,17
"17673","D_obs",6083,2978,0,19
"17674","D_obs",6083,2979,0,24
"17675","D_obs",6083,2980,0,12
"17676","D_obs",6083,2981,0,22
"17677","D_obs",6083,2982,0,14
"17678","D_obs",6083,2983,0,15
"17679","D_obs",6083,2984,0,13
"17680","D_obs",6083,2985,0,22
"17681","D_obs",6083,2986,0,10
"17682","D_obs",6083,2987,0,14
"17683","D_obs",6083,2988,0,19
"17684","D_obs",6083,2989,0,14
"17685","D_obs",6083,2990,0,13
"17686","D_obs",6083,2991,0,14
"17687","D_obs",6083,2992,0,12
"17688","D_obs",6083,2993,0,18
"17689","D_obs",6083,2994,0,11
"17690","D_obs",6083,2995,0,10
"17691","D_obs",6083,2996,0,8
"17692","D_obs",6083,2997,0,12
"17693","D_obs",6083,2998,0,13
"17694","D_obs",6083,2999,0,17
"17695","D_obs",6083,3000,0,15
"17696","D_obs",6083,3001,0,12
"17697","D_obs",6083,3002,0,17
"17698","D_obs",6083,3003,0,15
"17699","D_obs",6083,3004,0,14
"17700","D_obs",6083,3005,0,11
"17701","D_obs",6083,3006,0,11
"17702","D_obs",6083,3007,0,15
"17703","D_obs",6083,3008,0,7
"17704","D_obs",6083,3009,0,13
"17705","D_obs",6083,3010,0,20
"17706","D_obs",6083,3011,0,12
"17707","D_obs",6083,3012,0,13
"17708","D_obs",6083,3013,0,19
"17709","D_obs",6083,3014,0,17
"17710","D_obs",6083,3015,0,27
"17711","D_obs",6083,3016,0,16
"17712","D_obs",6083,3017,0,24
"17713","D_obs",6083,3018,0,18
"17714","D_obs",6083,3019,0,18
"17715","D_obs",6083,3020,0,14
"17716","D_obs",6083,3021,0,16
"17717","D_obs",6083,3022,0,20
"17718","D_obs",6083,3023,0,20
"17719","D_obs",6083,3024,0,20
"17720","D_obs",6083,3025,0,29
"17721","D_obs",6083,3026,0,16
"17722","D_obs",6083,3027,0,23
"17723","D_obs",6083,3028,0,15
"17724","D_obs",6083,3029,0,26
"17725","D_obs",6083,3030,0,27
"17726","D_obs",6083,3031,0,23
"17727","D_obs",6083,3032,0,30
"17728","D_obs",6083,3033,0,14
"17729","D_obs",6083,3034,0,14
"17730","D_obs",6083,3035,0,19
"17731","D_obs",6083,3036,0,16
"17732","D_obs",6083,3037,0,24
"17733","D_obs",6083,3038,0,13
"17734","D_obs",6083,3039,0,11
"17735","D_obs",6083,3040,0,22
"17736","D_obs",6083,3041,0,9
"17737","D_obs",6083,3042,0,13
"17738","D_obs",6083,3043,0,11
"17739","D_obs",6083,3044,0,13
"17740","D_obs",6083,3045,0,10
"17741","D_obs",6083,3046,0,5
"17742","D_obs",6083,3047,0,12
"17743","D_obs",6083,3048,0,9
"17744","D_obs",6083,3049,0,11
"17745","D_obs",6083,3050,0,11
"17746","D_obs",6083,3051,0,6
"17747","D_obs",6083,3052,0,10
"17748","D_obs",6083,3053,0,9
"17749","D_obs",6083,3054,0,6
"17750","D_obs",6083,3055,0,10
"17751","D_obs",6083,3056,0,10
"17752","D_obs",6083,3057,0,7
"17753","D_obs",6083,3058,0,7
"17754","D_obs",6083,3059,0,15
"17755","D_obs",6083,3060,0,8
"17756","D_obs",6083,3061,0,12
"17757","D_obs",6083,3062,0,10
"17758","D_obs",6083,3063,0,7
"17759","D_obs",6083,3064,0,10
"17760","D_obs",6083,3065,0,10
"17761","D_obs",6083,3066,0,5
"17762","D_obs",6083,3067,0,6
"17763","D_obs",6083,3068,0,13
"17764","D_obs",6083,3069,0,11
"17765","D_obs",6083,3070,0,5
"17766","D_obs",6083,3071,0,15
"17767","D_obs",6083,3072,0,15
"17768","D_obs",6083,3073,0,10
"17769","D_obs",6083,3074,0,13
"17770","D_obs",6083,3075,0,10
"17771","D_obs",6083,3076,0,13
"17772","D_obs",6083,3077,0,10
"17773","D_obs",6083,3078,0,9
"17774","D_obs",6083,3079,0,13
"17775","D_obs",6083,3080,0,8
"17776","D_obs",6083,3081,0,13
"17777","D_obs",6083,3082,0,15
"17778","D_obs",6083,3083,0,19
"17779","D_obs",6083,3084,0,20
"17780","D_obs",6083,3085,0,8
"17781","D_obs",6083,3086,0,17
"17782","D_obs",6083,3087,0,14
"17783","D_obs",6083,3088,0,17
"17784","D_obs",6083,3089,0,9
"17785","D_obs",6083,3090,0,13
"17786","D_obs",6083,3091,0,9
"17787","D_obs",6083,3092,0,14
"17788","D_obs",6083,3093,0,14
"17789","D_obs",6083,3094,0,11
"17790","D_obs",6083,3095,0,16
"17791","D_obs",6083,3096,0,10
"17792","D_obs",6083,3097,0,4
"17793","D_obs",6083,3098,0,12
"17794","D_obs",6083,3099,0,13
"17795","D_obs",6083,3100,0,17
"17796","D_obs",6083,3101,0,19
"17797","D_obs",6083,3102,0,14
"17798","D_obs",6083,3103,0,17
"17799","D_obs",6083,3104,0,19
"17800","D_obs",6083,3105,0,20
"17801","D_obs",6083,3106,0,25
"17802","D_obs",6083,3107,0,13
"17803","D_obs",6083,3108,0,23
"17804","D_obs",6083,3109,0,12
"17805","D_obs",6083,3110,0,21
"17806","D_obs",6083,3111,0,29
"17807","D_obs",6083,3112,0,28
"17808","D_obs",6083,3113,0,21
"17809","D_obs",6083,3114,0,21
"17810","D_obs",6083,3115,0,23
"17811","D_obs",6083,3116,0,20
"17812","D_obs",6083,3117,0,24
"17813","D_obs",6083,3118,0,33
"17814","D_obs",6083,3119,0,21
"17815","D_obs",6083,3120,0,33
"17816","D_obs",6083,3121,0,28
"17817","D_obs",6083,3122,0,38
"17818","D_obs",6083,3123,0,34
"17819","D_obs",6083,3124,0,31
"17820","D_obs",6083,3125,0,27
"17821","D_obs",6083,3126,0,32
"17822","D_obs",6083,3127,0,33
"17823","D_obs",6083,3128,0,24
"17824","D_obs",6083,3129,0,28
"17825","D_obs",6083,3130,0,39
"17826","D_obs",6083,3131,0,36
"17827","D_obs",6083,3132,0,32
"17828","D_obs",6083,3133,0,32
"17829","D_obs",6083,3134,0,29
"17830","D_obs",6083,3135,0,31
"17831","D_obs",6083,3136,0,23
"17832","D_obs",6083,3137,0,35
"17833","D_obs",6083,3138,0,25
"17834","D_obs",6083,3139,0,22
"17835","D_obs",6083,3140,0,32
"17836","D_obs",6083,3141,0,35
"17837","D_obs",6083,3142,0,26
"17838","D_obs",6083,3143,0,35
"17839","D_obs",6083,3144,0,30
"17840","D_obs",6083,3145,0,19
"17841","D_obs",6083,3146,0,26
"17842","D_obs",6083,3147,0,19
"17843","D_obs",6083,3148,0,21
"17844","D_obs",6083,3149,0,15
"17845","D_obs",6083,3150,0,30
"17846","D_obs",6083,3151,0,17
"17847","D_obs",6083,3152,0,30
"17848","D_obs",6083,3153,0,19
"17849","D_obs",6083,3154,0,18
"17850","D_obs",6083,3155,0,24
"17851","D_obs",6083,3156,0,28
"17852","D_obs",6083,3157,0,21
"17853","D_obs",6083,3158,0,15
"17854","D_obs",6083,3159,0,26
"17855","D_obs",6083,3160,0,29
"17856","D_obs",6083,3161,0,27
"17857","D_obs",6083,3162,0,24
"17858","D_obs",6083,3163,0,38
"17859","D_obs",6083,3164,0,29
"17860","D_obs",6083,3165,0,38
"17861","D_obs",6083,3166,0,35
"17862","D_obs",6083,3167,0,34
"17863","D_obs",6083,3168,0,36
"17864","D_obs",6083,3169,0,32
"17865","D_obs",6083,3170,0,44
"17866","D_obs",6083,3171,0,26
"17867","D_obs",6083,3172,0,48
"17868","D_obs",6083,3173,0,33
"17869","D_obs",6083,3174,0,30
"17870","D_obs",6083,3175,0,36
"17871","D_obs",6083,3176,0,25
"17872","D_obs",6083,3177,0,34
"17873","D_obs",6083,3178,0,41
"17874","D_obs",6083,3179,0,39
"17875","D_obs",6083,3180,0,34
"17876","D_obs",6083,3181,0,40
"17877","D_obs",6083,3182,0,33
"17878","D_obs",6083,3183,0,43
"17879","D_obs",6083,3184,0,47
"17880","D_obs",6083,3185,0,37
"17881","D_obs",6083,3186,0,42
"17882","D_obs",6083,3187,0,34
"17883","D_obs",6083,3188,0,30
"17884","D_obs",6083,3189,0,29
"17885","D_obs",6083,3190,0,32
"17886","D_obs",6083,3191,0,27
"17887","D_obs",6083,3192,0,35
"17888","D_obs",6083,3193,0,26
"17889","D_obs",6083,3194,0,25
"17890","D_obs",6083,3195,0,9
"17891","D_obs",6083,3196,0,22
"17892","D_obs",6083,3197,0,23
"17893","D_obs",6083,3198,0,24
"17894","D_obs",6083,3199,0,20
"17895","D_obs",6083,3200,0,20
"17896","D_obs",6083,3201,0,17
"17897","D_obs",6083,3202,0,19
"17898","D_obs",6083,3203,0,13
"17899","D_obs",6083,3204,0,23
"17900","D_obs",6083,3205,0,20
"17901","D_obs",6083,3206,0,29
"17902","D_obs",6083,3207,0,30
"17903","D_obs",6083,3208,0,25
"17904","D_obs",6083,3209,0,30
"17905","D_obs",6083,3210,0,25
"17906","D_obs",6083,3211,0,20
"17907","D_obs",6083,3212,0,20
"17908","D_obs",6083,3213,0,14
"17909","D_obs",6083,3214,0,17
"17910","D_obs",6083,3215,0,19
"17911","D_obs",6083,3216,0,18
"17912","D_obs",6083,3217,0,19
"17913","D_obs",6083,3218,0,17
"17914","D_obs",6083,3219,0,16
"17915","D_obs",6083,3220,0,24
"17916","D_obs",6083,3221,0,29
"17917","D_obs",6083,3222,0,18
"17918","D_obs",6083,3223,0,19
"17919","D_obs",6083,3224,0,14
"17920","D_obs",6083,3225,0,17
"17921","D_obs",6083,3226,0,13
"17922","D_obs",6083,3227,0,13
"17923","D_obs",6083,3228,0,15
"17924","D_obs",6083,3229,0,15
"17925","D_obs",6083,3230,0,18
"17926","D_obs",6083,3231,0,9
"17927","D_obs",6083,3232,0,12
"17928","D_obs",6083,3233,0,18
"17929","D_obs",6083,3234,0,17
"17930","D_obs",6083,3235,0,10
"17931","D_obs",6083,3236,0,9
"17932","D_obs",6083,3237,0,8
"17933","D_obs",6083,3238,0,14
"17934","D_obs",6083,3239,0,19
"17935","D_obs",6083,3240,0,18
"17936","D_obs",6083,3241,0,13
"17937","D_obs",6083,3242,0,14
"17938","D_obs",6083,3243,0,14
"17939","D_obs",6083,3244,0,14
"17940","D_obs",6083,3245,0,12
"17941","D_obs",6083,3246,0,9
"17942","D_obs",6083,3247,0,7
"17943","D_obs",6083,3248,0,11
"17944","D_obs",6083,3249,0,15
"17945","D_obs",6083,3250,0,18
"17946","D_obs",6083,3251,0,10
"17947","D_obs",6083,3252,0,7
"17948","D_obs",6083,3253,0,6
"17949","D_obs",6083,3254,0,4
"17950","D_obs",6083,3255,0,15
"17951","D_obs",6083,3256,0,13
"17952","D_obs",6083,3257,0,11
"17953","D_obs",6083,3258,0,15
"17954","D_obs",6083,3259,0,9
"17955","D_obs",6083,3260,0,9
"17956","D_obs",6083,3261,0,13
"17957","D_obs",6083,3262,0,11
"17958","D_obs",6083,3263,0,13
"17959","D_obs",6083,3264,0,10
"17960","D_obs",6083,3265,0,17
"17961","D_obs",6083,3266,0,17
"17962","D_obs",6083,3267,0,12
"17963","D_obs",6083,3268,0,11
"17964","D_obs",6083,3269,0,18
"17965","D_obs",6083,3270,0,12
"17966","D_obs",6083,3271,0,20
"17967","D_obs",6083,3272,0,23
"17968","D_obs",6083,3273,0,14
"17969","D_obs",6083,3274,0,24
"17970","D_obs",6083,3275,0,15
"17971","D_obs",6083,3276,0,21
"17972","D_obs",6083,3277,0,27
"17973","D_obs",6083,3278,0,21
"17974","D_obs",6083,3279,0,20
"17975","D_obs",6083,3280,0,19
"17976","D_obs",6083,3281,0,13
"17977","D_obs",6083,3282,0,24
"17978","D_obs",6083,3283,0,22
"17979","D_obs",6083,3284,0,25
"17980","D_obs",6083,3285,0,23
"17981","D_obs",6083,3286,0,19
"17982","D_obs",6083,3287,0,23
"17983","D_obs",6083,3288,0,19
"17984","D_obs",6083,3289,0,14
"17985","D_obs",6083,3290,0,27
"17986","D_obs",6083,3291,0,17
"17987","D_obs",6083,3292,0,19
"17988","D_obs",6083,3293,0,19
"17989","D_obs",6083,3294,0,25
"17990","D_obs",6083,3295,0,17
"17991","D_obs",6083,3296,0,11
"17992","D_obs",6083,3297,0,22
"17993","D_obs",6083,3298,0,25
"17994","D_obs",6083,3299,0,26
"17995","D_obs",6083,3300,0,19
"17996","D_obs",6083,3301,0,19
"17997","D_obs",6083,3302,0,23
"17998","D_obs",6083,3303,0,13
"17999","D_obs",6083,3304,0,20
"18000","D_obs",6083,3305,0,15
"18001","D_obs",6083,3306,0,21
"18002","D_obs",6083,3307,0,16
"18003","D_obs",6083,3308,0,17
"18004","D_obs",6083,3309,0,27
"18005","D_obs",6083,3310,0,10
"18006","D_obs",6083,3311,0,11
"18007","D_obs",6083,3312,0,13
"18008","D_obs",6083,3313,0,10
"18009","D_obs",6083,3314,0,11
"18010","D_obs",6083,3315,0,16
"18011","D_obs",6083,3316,0,12
"18012","D_obs",6083,3317,0,19
"18013","D_obs",6083,3318,0,13
"18014","D_obs",6083,3319,0,22
"18015","D_obs",6083,3320,0,18
"18016","D_obs",6083,3321,0,15
"18017","D_obs",6083,3322,0,15
"18018","D_obs",6083,3323,0,11
"18019","D_obs",6083,3324,0,20
"18020","D_obs",6083,3325,0,17
"18021","D_obs",6083,3326,0,24
"18022","D_obs",6083,3327,0,15
"18023","D_obs",6083,3328,0,23
"18024","D_obs",6083,3329,0,15
"18025","D_obs",6083,3330,0,16
"18026","D_obs",6083,3331,0,16
"18027","D_obs",6083,3332,0,18
"18028","D_obs",6083,3333,0,11
"18029","D_obs",6083,3334,0,17
"18030","D_obs",6083,3335,0,27
"18031","D_obs",6083,3336,0,24
"18032","D_obs",6083,3337,0,16
"18033","D_obs",6083,3338,0,15
"18034","D_obs",6083,3339,0,11
"18035","D_obs",6083,3340,0,18
"18036","D_obs",6083,3341,0,21
"18037","D_obs",6083,3342,0,20
"18038","D_obs",6083,3343,0,19
"18039","D_obs",6083,3344,0,26
"18040","D_obs",6083,3345,0,16
"18041","D_obs",6083,3346,0,19
"18042","D_obs",6083,3347,0,12
"18043","D_obs",6083,3348,0,19
"18044","D_obs",6083,3349,0,21
"18045","D_obs",6083,3350,0,15
"18046","D_obs",6083,3351,0,14
"18047","D_obs",6083,3352,0,13
"18048","D_obs",6083,3353,0,14
"18049","D_obs",6083,3354,0,17
"18050","D_obs",6083,3355,0,11
"18051","D_obs",6083,3356,0,10
"18052","D_obs",6083,3357,0,8
"18053","D_obs",6083,3358,0,13
"18054","D_obs",6083,3359,0,7
"18055","D_obs",6083,3360,0,13
"18056","D_obs",6083,3361,0,10
"18057","D_obs",6083,3362,0,15
"18058","D_obs",6083,3363,0,8
"18059","D_obs",6083,3364,0,9
"18060","D_obs",6083,3365,0,13
"18061","D_obs",6083,3366,0,10
"18062","D_obs",6083,3367,0,17
"18063","D_obs",6083,3368,0,9
"18064","D_obs",6083,3369,0,9
"18065","D_obs",6083,3370,0,15
"18066","D_obs",6083,3371,0,14
"18067","D_obs",6083,3372,0,10
"18068","D_obs",6083,3373,0,14
"18069","D_obs",6083,3374,0,11
"18070","D_obs",6083,3375,0,18
"18071","D_obs",6083,3376,0,13
"18072","D_obs",6083,3377,0,20
"18073","D_obs",6083,3378,0,18
"18074","D_obs",6083,3379,0,12
"18075","D_obs",6083,3380,0,16
"18076","D_obs",6083,3381,0,18
"18077","D_obs",6083,3382,0,15
"18078","D_obs",6083,3383,0,11
"18079","D_obs",6083,3384,0,10
"18080","D_obs",6083,3385,0,26
"18081","D_obs",6083,3386,0,19
"18082","D_obs",6083,3387,0,19
"18083","D_obs",6083,3388,0,20
"18084","D_obs",6083,3389,0,18
"18085","D_obs",6083,3390,0,16
"18086","D_obs",6083,3391,0,22
"18087","D_obs",6083,3392,0,20
"18088","D_obs",6083,3393,0,20
"18089","D_obs",6083,3394,0,27
"18090","D_obs",6083,3395,0,27
"18091","D_obs",6083,3396,0,21
"18092","D_obs",6083,3397,0,18
"18093","D_obs",6083,3398,0,19
"18094","D_obs",6083,3399,0,9
"18095","D_obs",6083,3400,0,11
"18096","D_obs",6083,3401,0,19
"18097","D_obs",6083,3402,0,15
"18098","D_obs",6083,3403,0,17
"18099","D_obs",6083,3404,0,17
"18100","D_obs",6083,3405,0,12
"18101","D_obs",6083,3406,0,19
"18102","D_obs",6083,3407,0,9
"18103","D_obs",6083,3408,0,11
"18104","D_obs",6083,3409,0,8
"18105","D_obs",6083,3410,0,8
"18106","D_obs",6083,3411,0,10
"18107","D_obs",6083,3412,0,15
"18108","D_obs",6083,3413,0,22
"18109","D_obs",6083,3414,0,19
"18110","D_obs",6083,3415,0,12
"18111","D_obs",6083,3416,0,10
"18112","D_obs",6083,3417,0,13
"18113","D_obs",6083,3418,0,10
"18114","D_obs",6083,3419,0,11
"18115","D_obs",6083,3420,0,16
"18116","D_obs",6083,3421,0,6
"18117","D_obs",6083,3422,0,17
"18118","D_obs",6083,3423,0,10
"18119","D_obs",6083,3424,0,10
"18120","D_obs",6083,3425,0,8
"18121","D_obs",6083,3426,0,12
"18122","D_obs",6083,3427,0,8
"18123","D_obs",6083,3428,0,8
"18124","D_obs",6083,3429,0,8
"18125","D_obs",6083,3430,0,7
"18126","D_obs",6083,3431,0,8
"18127","D_obs",6083,3432,0,10
"18128","D_obs",6083,3433,0,17
"18129","D_obs",6083,3434,0,7
"18130","D_obs",6083,3435,0,5
"18131","D_obs",6083,3436,0,8
"18132","D_obs",6083,3437,0,3
"18133","D_obs",6083,3438,0,9
"18134","D_obs",6083,3439,0,10
"18135","D_obs",6083,3440,0,7
"18136","D_obs",6083,3441,0,7
"18137","D_obs",6083,3442,0,14
"18138","D_obs",6083,3443,0,10
"18139","D_obs",6083,3444,0,13
"18140","D_obs",6083,3445,0,17
"18141","D_obs",6083,3446,0,12
"18142","D_obs",6083,3447,0,7
"18143","D_obs",6083,3448,0,9
"18144","D_obs",6083,3449,0,11
"18145","D_obs",6083,3450,0,6
"18146","D_obs",6083,3451,0,14
"18147","D_obs",6083,3452,0,12
"18148","D_obs",6083,3453,0,11
"18149","D_obs",6083,3454,0,8
"18150","D_obs",6083,3455,0,8
"18151","D_obs",6083,3456,0,12
"18152","D_obs",6083,3457,0,8
"18153","D_obs",6083,3458,0,7
"18154","D_obs",6083,3459,0,4
"18155","D_obs",6083,3460,0,7
"18156","D_obs",6083,3461,0,7
"18157","D_obs",6083,3462,0,9
"18158","D_obs",6083,3463,0,7
"18159","D_obs",6083,3464,0,4
"18160","D_obs",6083,3465,0,4
"18161","D_obs",6083,3466,0,8
"18162","D_obs",6083,3467,0,6
"18163","D_obs",6083,3468,0,7
"18164","D_obs",6083,3469,0,6
"18165","D_obs",6083,3470,0,10
"18166","D_obs",6083,3471,0,2
"18167","D_obs",6083,3472,0,9
"18168","D_obs",6083,3473,0,5
"18169","D_obs",6083,3474,0,4
"18170","D_obs",6083,3475,0,5
"18171","D_obs",6083,3476,0,7
"18172","D_obs",6083,3477,0,4
"18173","D_obs",6083,3478,0,11
"18174","D_obs",6083,3479,0,12
"18175","D_obs",6083,3480,0,4
"18176","D_obs",6083,3481,0,8
"18177","D_obs",6083,3482,0,5
"18178","D_obs",6083,3483,0,6
"18179","D_obs",6083,3484,0,8
"18180","D_obs",6083,3485,0,8
"18181","D_obs",6083,3486,0,7
"18182","D_obs",6083,3487,0,5
"18183","D_obs",6083,3488,0,5
"18184","D_obs",6083,3489,0,2
"18185","D_obs",6083,3490,0,8
"18186","D_obs",6083,3491,0,9
"18187","D_obs",6083,3492,0,7
"18188","D_obs",6083,3493,0,9
"18189","D_obs",6083,3494,0,6
"18190","D_obs",6083,3495,0,14
"18191","D_obs",6083,3496,0,7
"18192","D_obs",6083,3497,0,14
"18193","D_obs",6083,3498,0,6
"18194","D_obs",6083,3499,0,13
"18195","D_obs",6083,3500,0,8
"18196","D_obs",6083,3501,0,15
"18197","D_obs",6083,3502,0,9
"18198","D_obs",6083,3503,0,11
"18199","D_obs",6083,3504,0,12
"18200","D_obs",6083,3505,0,6
"18201","D_obs",6083,3506,0,7
"18202","D_obs",6083,3507,0,6
"18203","D_obs",6083,3508,0,6
"18204","D_obs",6083,3509,0,10
"18205","D_obs",6083,3510,0,7
"18206","D_obs",6083,3511,0,5
"18207","D_obs",6083,3512,0,4
"18208","D_obs",6083,3513,0,9
"18209","D_obs",6083,3514,0,8
"18210","D_obs",6083,3515,0,6
"18211","D_obs",6083,3516,0,3
"18212","D_obs",6083,3517,0,7
"18213","D_obs",6083,3518,0,7
"18214","D_obs",6083,3519,0,8
"18215","D_obs",6083,3520,0,5
"18216","D_obs",6083,3521,0,11
"18217","D_obs",6083,3522,0,4
"18218","D_obs",6083,3523,0,4
"18219","D_obs",6083,3524,0,6
"18220","D_obs",6083,3525,0,8
"18221","D_obs",6083,3526,0,7
"18222","D_obs",6083,3527,0,11
"18223","D_obs",6083,3528,0,5
"18224","D_obs",6083,3529,0,9
"18225","D_obs",6083,3530,0,12
"18226","D_obs",6083,3531,0,10
"18227","D_obs",6083,3532,0,4
"18228","D_obs",6083,3533,0,5
"18229","D_obs",6083,3534,0,6
"18230","D_obs",6083,3535,0,5
"18231","D_obs",6083,3536,0,6
"18232","D_obs",6083,3537,0,4
"18233","D_obs",6083,3538,0,10
"18234","D_obs",6083,3539,0,5
"18235","D_obs",6083,3540,0,4
"18236","D_obs",6083,3541,0,3
"18237","D_obs",6083,3542,0,3
"18238","D_obs",6083,3543,0,5
"18239","D_obs",6083,3544,0,14
"18240","D_obs",6083,3545,0,7
"18241","D_obs",6083,3546,0,8
"18242","D_obs",6083,3547,0,10
"18243","D_obs",6083,3548,0,8
"18244","D_obs",6083,3549,0,8
"18245","D_obs",6083,3550,0,8
"18246","D_obs",6083,3551,0,11
"18247","D_obs",6083,3552,0,6
"18248","D_obs",6083,3553,0,11
"18249","D_obs",6083,3554,0,8
"18250","D_obs",6083,3555,0,4
"18251","D_obs",6083,3556,0,7
"18252","D_obs",6083,3557,0,9
"18253","D_obs",6083,3558,0,9
"18254","D_obs",6083,3559,0,9
"18255","D_obs",6083,3560,0,8
"18256","D_obs",6083,3561,0,8
"18257","D_obs",6083,3562,0,4
"18258","D_obs",6083,3563,0,5
"18259","D_obs",6083,3564,0,5
"18260","D_obs",6083,3565,0,4
"18261","D_obs",6083,3566,0,6
"18262","D_obs",6083,3567,0,10
"18263","D_obs",6083,3568,0,6
"18264","D_obs",6083,3569,0,8
"18265","D_obs",6083,3570,0,8
"18266","D_obs",6083,3571,0,8
"18267","D_obs",6083,3572,0,3
"18268","D_obs",6083,3573,0,6
"18269","D_obs",6083,3574,0,9
"18270","D_obs",6083,3575,0,17
"18271","D_obs",6083,3576,0,14
"18272","D_obs",6083,3577,0,18
"18273","D_obs",6083,3578,0,17
"18274","D_obs",6083,3579,0,17
"18275","D_obs",6083,3580,0,21
"18276","D_obs",6083,3581,0,13
"18277","D_obs",6083,3582,0,12
"18278","D_obs",6083,3583,0,8
"18279","D_obs",6083,3584,0,17
"18280","D_obs",6083,3585,0,10
"18281","D_obs",6083,3586,0,20
"18282","D_obs",6083,3587,0,15
"18283","D_obs",6083,3588,0,10
"18284","D_obs",6083,3589,0,16
"18285","D_obs",6083,3590,0,12
"18286","D_obs",6083,3591,0,13
"18287","D_obs",6083,3592,0,14
"18288","D_obs",6083,3593,0,13
"18289","D_obs",6083,3594,0,9
"18290","D_obs",6083,3595,0,13
"18291","D_obs",6083,3596,0,14
"18292","D_obs",6083,3597,0,22
"18293","D_obs",6083,3598,0,13
"18294","D_obs",6083,3599,0,9
"18295","D_obs",6083,3600,0,12
"18296","D_obs",6083,3601,0,10
"18297","D_obs",6083,3602,0,4
"18298","D_obs",6083,3603,0,12
"18299","D_obs",6083,3604,0,12
"18300","D_obs",6083,3605,0,10
"18301","D_obs",6083,3606,0,12
"18302","D_obs",6083,3607,0,15
"18303","D_obs",6083,3608,0,15
"18304","D_obs",6083,3609,0,18
"18305","D_obs",6083,3610,0,14
"18306","D_obs",6083,3611,0,12
"18307","D_obs",6083,3612,0,11
"18308","D_obs",6083,3613,0,12
"18309","D_obs",6083,3614,0,14
"18310","D_obs",6083,3615,0,21
"18311","D_obs",6083,3616,0,4
"18312","D_obs",6083,3617,0,10
"18313","D_obs",6083,3618,0,5
"18314","D_obs",6083,3619,0,10
"18315","D_obs",6083,3620,0,11
"18316","D_obs",6083,3621,0,12
"18317","D_obs",6083,3622,0,10
"18318","D_obs",6083,3623,0,10
"18319","D_obs",6083,3624,0,9
"18320","D_obs",6083,3625,0,10
"18321","D_obs",6083,3626,0,12
"18322","D_obs",6083,3627,0,13
"18323","D_obs",6083,3628,0,8
"18324","D_obs",6083,3629,0,8
"18325","D_obs",6083,3630,0,13
"18326","D_obs",6083,3631,0,14
"18327","D_obs",6083,3632,0,8
"18328","D_obs",6083,3633,0,12
"18329","D_obs",6083,3634,0,9
"18330","D_obs",6083,3635,0,13
"18331","D_obs",6083,3636,0,6
"18332","D_obs",6083,3637,0,13
"18333","D_obs",6083,3638,0,8
"18334","D_obs",6083,3639,0,9
"18335","D_obs",6083,3640,0,16
"18336","D_obs",6083,3641,0,11
"18337","D_obs",6083,3642,0,14
"18338","D_obs",6083,3643,0,11
"18339","D_obs",6083,3644,0,9
"18340","D_obs",6083,3645,0,14
"18341","D_obs",6083,3646,0,7
"18342","D_obs",6083,3647,0,8
"18343","D_obs",6083,3648,0,9
"18344","D_obs",6083,3649,0,6
"18345","D_obs",6083,3650,0,10
"18346","D_obs",6083,3651,0,14
"18347","D_obs",6083,3652,0,13
"18348","D_obs",6083,3653,0,8
"18349","D_obs",6083,3654,0,9
"18350","D_obs",6083,3655,0,8
"18351","D_obs",6083,3656,0,5
"18352","D_obs",6083,3657,0,7
"18353","D_obs",6083,3658,0,10
"18354","D_obs",6083,3659,0,11
"18355","D_obs",6083,3660,0,12
"18356","D_obs",6083,3661,0,12
"18357","D_obs",6083,3662,0,13
"18358","D_obs",6083,3663,0,7
"18359","D_obs",6083,3664,0,11
"18360","D_obs",6083,3665,0,6
"18361","D_obs",6083,3666,0,8
"18362","D_obs",6083,3667,0,8
"18363","D_obs",6083,3668,0,9
"18364","D_obs",6083,3669,0,6
"18365","D_obs",6083,3670,0,7
"18366","D_obs",6083,3671,0,7
"18367","D_obs",6083,3672,0,7
"18368","D_obs",6083,3673,0,5
"18369","D_obs",6083,3674,0,5
"18370","D_obs",6083,3675,0,3
"18371","D_obs",6083,3676,0,4
"18372","D_obs",6083,3677,0,7
"18373","D_obs",6083,3678,0,9
"18374","D_obs",6083,3679,0,10
"18375","D_obs",6083,3680,0,7
"18376","D_obs",6083,3681,0,11
"18377","D_obs",6083,3682,0,5
"18378","D_obs",6083,3683,0,4
"18379","D_obs",6083,3684,0,11
"18380","D_obs",6083,3685,0,3
"18381","D_obs",6083,3686,0,5
"18382","D_obs",6083,3687,0,3
"18383","D_obs",6083,3688,0,9
"18384","D_obs",6083,3689,0,9
"18385","D_obs",6083,3690,0,9
"18386","D_obs",6083,3691,0,7
"18387","D_obs",6083,3692,0,7
"18388","D_obs",6083,3693,0,8
"18389","D_obs",6083,3694,0,4
"18390","D_obs",6083,3695,0,12
"18391","D_obs",6083,3696,0,3
"18392","D_obs",6083,3697,0,10
"18393","D_obs",6083,3698,0,3
"18394","D_obs",6083,3699,0,8
"18395","D_obs",6083,3700,0,2
"18396","D_obs",6083,3701,0,10
"18397","D_obs",6083,3702,0,8
"18398","D_obs",6083,3703,0,7
"18399","D_obs",6083,3704,0,5
"18400","D_obs",6083,3705,0,13
"18401","D_obs",6083,3706,0,7
"18402","D_obs",6083,3707,0,4
"18403","D_obs",6083,3708,0,6
"18404","D_obs",6083,3709,0,9
"18405","D_obs",6083,3710,0,0
"18406","D_obs",6083,3711,0,5
"18407","D_obs",6083,3712,0,7
"18408","D_obs",6083,3713,0,9
"18409","D_obs",6083,3714,0,10
"18410","D_obs",6083,3715,0,10
"18411","D_obs",6083,3716,0,10
"18412","D_obs",6083,3717,0,9
"18413","D_obs",6083,3718,0,3
"18414","D_obs",6083,3719,0,4
"18415","D_obs",6083,3720,0,9
"18416","D_obs",6083,3721,0,5
"18417","D_obs",6083,3722,0,5
"18418","D_obs",6083,3723,0,6
"18419","D_obs",6083,3724,0,2
"18420","D_obs",6083,3725,0,4
"18421","D_obs",6083,3726,0,4
"18422","D_obs",6083,3727,0,8
"18423","D_obs",6083,3728,0,4
"18424","D_obs",6083,3729,0,9
"18425","D_obs",6083,3730,0,10
"18426","D_obs",6083,3731,0,3
"18427","D_obs",6083,3732,0,7
"18428","D_obs",6083,3733,0,5
"18429","D_obs",6083,3734,0,4
"18430","D_obs",6083,3735,0,7
"18431","D_obs",6083,3736,0,4
"18432","D_obs",6083,3737,0,10
"18433","D_obs",6083,3738,0,3
"18434","D_obs",6083,3739,0,7
"18435","D_obs",6083,3740,0,9
"18436","D_obs",6083,3741,0,8
"18437","D_obs",6083,3742,0,4
"18438","D_obs",6083,3743,0,7
"18439","D_obs",6083,3744,0,2
"18440","D_obs",6083,3745,0,10
"18441","D_obs",6083,3746,0,4
"18442","D_obs",6083,3747,0,9
"18443","D_obs",6083,3748,0,6
"18444","D_obs",6083,3749,0,2
"18445","D_obs",6083,3750,0,14
"18446","D_obs",6083,3751,0,3
"18447","D_obs",6083,3752,0,9
"18448","D_obs",6083,3753,0,4
"18449","D_obs",6083,3754,0,11
"18450","D_obs",6083,3755,0,6
"18451","D_obs",6083,3756,0,8
"18452","D_obs",6083,3757,0,13
"18453","D_obs",6083,3758,0,9
"18454","D_obs",6083,3759,0,8
"18455","D_obs",6083,3760,0,19
"18456","D_obs",6083,3761,0,5
"18457","D_obs",6083,3762,0,9
"18458","D_obs",6083,3763,0,6
"18459","D_obs",6083,3764,0,3
"18460","D_obs",6083,3765,0,15
"18461","D_obs",6083,3766,0,9
"18462","D_obs",6083,3767,0,14
"18463","D_obs",6083,3768,0,7
"18464","D_obs",6083,3769,0,9
"18465","D_obs",6083,3770,0,10
"18466","D_obs",6083,3771,0,9
"18467","D_obs",6083,3772,0,12
"18468","D_obs",6083,3773,0,10
"18469","D_obs",6083,3774,0,14
"18470","D_obs",6083,3775,0,11
"18471","D_obs",6083,3776,0,7
"18472","D_obs",6083,3777,0,18
"18473","D_obs",6083,3778,0,4
"18474","D_obs",6083,3779,0,10
"18475","D_obs",6083,3780,0,13
"18476","D_obs",6083,3781,0,13
"18477","D_obs",6083,3782,0,9
"18478","D_obs",6083,3783,0,5
"18479","D_obs",6083,3784,0,9
"18480","D_obs",6083,3785,0,11
"18481","D_obs",6083,3786,0,4
"18482","D_obs",6083,3787,0,9
"18483","D_obs",6083,3788,0,11
"18484","D_obs",6083,3789,0,6
"18485","D_obs",6083,3790,0,7
"18486","D_obs",6083,3791,0,12
"18487","D_obs",6083,3792,0,11
"18488","D_obs",6083,3793,0,7
"18489","D_obs",6083,3794,0,6
"18490","D_obs",6083,3795,0,8
"18491","D_obs",6083,3796,0,9
"18492","D_obs",6083,3797,0,16
"18493","D_obs",6083,3798,0,10
"18494","D_obs",6083,3799,0,10
"18495","D_obs",6083,3800,0,11
"18496","D_obs",6083,3801,0,7
"18497","D_obs",6083,3802,0,8
"18498","D_obs",6083,3803,0,6
"18499","D_obs",6083,3804,0,17
"18500","D_obs",6083,3805,0,7
"18501","D_obs",6083,3806,0,9
"18502","D_obs",6083,3807,0,16
"18503","D_obs",6083,3808,0,13
"18504","D_obs",6083,3809,0,17
"18505","D_obs",6083,3810,0,13
"18506","D_obs",6083,3811,0,8
"18507","D_obs",6083,3812,0,6
"18508","D_obs",6083,3813,0,18
"18509","D_obs",6083,3814,0,13
"18510","D_obs",6083,3815,0,20
"18511","D_obs",6083,3816,0,18
"18512","D_obs",6083,3817,0,12
"18513","D_obs",6083,3818,0,9
"18514","D_obs",6083,3819,0,17
"18515","D_obs",6083,3820,0,13
"18516","D_obs",6083,3821,0,10
"18517","D_obs",6083,3822,0,5
"18518","D_obs",6083,3823,0,11
"18519","D_obs",6083,3824,0,9
"18520","D_obs",6083,3825,0,10
"18521","D_obs",6083,3826,0,6
"18522","D_obs",6083,3827,0,12
"18523","D_obs",6083,3828,0,10
"18524","D_obs",6083,3829,0,9
"18525","D_obs",6083,3830,0,8
"18526","D_obs",6083,3831,0,8
"18527","D_obs",6083,3832,0,7
"18528","D_obs",6083,3833,0,19
"18529","D_obs",6083,3834,0,6
"18530","D_obs",6083,3835,0,17
"18531","D_obs",6083,3836,0,11
"18532","D_obs",6083,3837,0,10
"18533","D_obs",6083,3838,0,15
"18534","D_obs",6083,3839,0,12
"18535","D_obs",6083,3840,0,6
"18536","D_obs",6083,3841,0,15
"18537","D_obs",6083,3842,0,13
"18538","D_obs",6083,3843,0,5
"18539","D_obs",6083,3844,0,17
"18540","D_obs",6083,3845,0,6
"18541","D_obs",6083,3846,0,12
"18542","D_obs",6083,3847,0,6
"18543","D_obs",6083,3848,0,6
"18544","D_obs",6083,3849,0,10
"18545","D_obs",6083,3850,0,8
"18546","D_obs",6083,3851,0,9
"18547","D_obs",6083,3852,0,7
"18548","D_obs",6083,3853,0,6
"18549","D_obs",6083,3854,0,4
"18550","D_obs",6083,3855,0,7
"18551","D_obs",6083,3856,0,10
"18552","D_obs",6083,3857,0,12
"18553","D_obs",6083,3858,0,19
"18554","D_obs",6083,3859,0,9
"18555","D_obs",6083,3860,0,15
"18556","D_obs",6083,3861,0,11
"18557","D_obs",6083,3862,0,17
"18558","D_obs",6083,3863,0,5
"18559","D_obs",6083,3864,0,8
"18560","D_obs",6083,3865,0,12
"18561","D_obs",6083,3866,0,12
"18562","D_obs",6083,3867,0,15
"18563","D_obs",6083,3868,0,9
"18564","D_obs",6083,3869,0,8
"18565","D_obs",6083,3870,0,8
"18566","D_obs",6083,3871,0,9
"18567","D_obs",6083,3872,0,11
"18568","D_obs",6083,3873,0,11
"18569","D_obs",6083,3874,0,8
"18570","D_obs",6083,3875,0,6
"18571","D_obs",6083,3876,0,8
"18572","D_obs",6083,3877,0,8
"18573","D_obs",6083,3878,0,6
"18574","D_obs",6083,3879,0,7
"18575","D_obs",6083,3880,0,8
"18576","D_obs",6083,3881,0,6
"18577","D_obs",6083,3882,0,8
"18578","D_obs",6083,3883,0,13
"18579","D_obs",6083,3884,0,9
"18580","D_obs",6083,3885,0,9
"18581","D_obs",6083,3886,0,8
"18582","D_obs",6083,3887,0,8
"18583","D_obs",6083,3888,0,9
"18584","D_obs",6083,3889,0,12
"18585","D_obs",6083,3890,0,13
"18586","D_obs",6083,3891,0,13
"18587","D_obs",6083,3892,0,11
"18588","D_obs",6083,3893,0,13
"18589","D_obs",6083,3894,0,10
"18590","D_obs",6083,3895,0,13
"18591","D_obs",6083,3896,0,13
"18592","D_obs",6083,3897,0,11
"18593","D_obs",6083,3898,0,15
"18594","D_obs",6083,3899,0,19
"18595","D_obs",6083,3900,0,13
"18596","D_obs",6083,3901,0,16
"18597","D_obs",6083,3902,0,8
"18598","D_obs",6083,3903,0,7
"18599","D_obs",6083,3904,0,14
"18600","D_obs",6083,3905,0,13
"18601","D_obs",6083,3906,0,12
"18602","D_obs",6083,3907,0,13
"18603","D_obs",6083,3908,0,14
"18604","D_obs",6083,3909,0,18
"18605","D_obs",6083,3910,0,19
"18606","D_obs",6083,3911,0,25
"18607","D_obs",6083,3912,0,26
"18608","D_obs",6083,3913,0,22
"18609","D_obs",6083,3914,0,16
"18610","D_obs",6083,3915,0,9
"18611","D_obs",6083,3916,0,18
"18612","D_obs",6083,3917,0,13
"18613","D_obs",6083,3918,0,19
"18614","D_obs",6083,3919,0,13
"18615","D_obs",6083,3920,0,24
"18616","D_obs",6083,3921,0,10
"18617","D_obs",6083,3922,0,17
"18618","D_obs",6083,3923,0,11
"18619","D_obs",6083,3924,0,24
"18620","D_obs",6083,3925,0,19
"18621","D_obs",6083,3926,0,12
"18622","D_obs",6083,3927,0,16
"18623","D_obs",6083,3928,0,16
"18624","D_obs",6083,3929,0,11
"18625","D_obs",6083,3930,0,10
"18626","D_obs",6083,3931,0,10
"18627","D_obs",6083,3932,0,14
"18628","D_obs",6083,3933,0,11
"18629","D_obs",6083,3934,0,15
"18630","D_obs",6083,3935,0,6
"18631","D_obs",6083,3936,0,12
"18632","D_obs",6083,3937,0,15
"18633","D_obs",6083,3938,0,8
"18634","D_obs",6083,3939,0,12
"18635","D_obs",6083,3940,0,10
"18636","D_obs",6083,3941,0,7
"18637","D_obs",6083,3942,0,8
"18638","D_obs",6083,3943,0,10
"18639","D_obs",6083,3944,0,10
"18640","D_obs",6083,3945,0,10
"18641","D_obs",6083,3946,0,7
"18642","D_obs",6083,3947,0,7
"18643","D_obs",6083,3948,0,9
"18644","D_obs",6083,3949,0,4
"18645","D_obs",6083,3950,0,6
"18646","D_obs",6083,3951,0,10
"18647","D_obs",6083,3952,0,10
"18648","D_obs",6083,3953,0,9
"18649","D_obs",6083,3954,0,9
"18650","D_obs",6083,3955,0,6
"18651","D_obs",6083,3956,0,13
"18652","D_obs",6083,3957,0,11
"18653","D_obs",6083,3958,0,6
"18654","D_obs",6083,3959,0,8
"18655","D_obs",6083,3960,0,3
"18656","D_obs",6083,3961,0,11
"18657","D_obs",6083,3962,0,12
"18658","D_obs",6083,3963,0,4
"18659","D_obs",6083,3964,0,6
"18660","D_obs",6083,3965,0,13
"18661","D_obs",6083,3966,0,10
"18662","D_obs",6083,3967,0,11
"18663","D_obs",6083,3968,0,8
"18664","D_obs",6083,3969,0,9
"18665","D_obs",6083,3970,0,14
"18666","D_obs",6083,3971,0,10
"18667","D_obs",6083,3972,0,14
"18668","D_obs",6083,3973,0,6
"18669","D_obs",6083,3974,0,7
"18670","D_obs",6083,3975,0,4
"18671","D_obs",6083,3976,0,11
"18672","D_obs",6083,3977,0,11
"18673","D_obs",6083,3978,0,7
"18674","D_obs",6083,3979,0,11
"18675","D_obs",6083,3980,0,9
"18676","D_obs",6083,3981,0,8
"18677","D_obs",6083,3982,0,8
"18678","D_obs",6083,3983,0,7
"18679","D_obs",6083,3984,0,9
"18680","D_obs",6083,3985,0,7
"18681","D_obs",6083,3986,0,9
"18682","D_obs",6083,3987,0,8
"18683","D_obs",6083,3988,0,11
"18684","D_obs",6083,3989,0,9
"18685","D_obs",6083,3990,0,8
"18686","D_obs",6083,3991,0,10
"18687","D_obs",6083,3992,0,10
"18688","D_obs",6083,3993,0,12
"18689","D_obs",6083,3994,0,6
"18690","D_obs",6083,3995,0,6
"18691","D_obs",6083,3996,0,8
"18692","D_obs",6083,3997,0,10
"18693","D_obs",6083,3998,0,10
"18694","D_obs",6083,3999,0,7
"18695","D_obs",6083,4000,0,3
"18696","D_obs",6083,4001,0,9
"18697","D_obs",6083,4002,0,6
"18698","D_obs",6083,4003,0,8
"18699","D_obs",6083,4004,0,4
"18700","D_obs",6083,4005,0,4
"18701","D_obs",6083,4006,0,9
"18702","D_obs",6083,4007,0,7
"18703","D_obs",6083,4008,0,6
"18704","D_obs",6083,4009,0,2
"18705","D_obs",6083,4010,0,5
"18706","D_obs",6083,4011,0,3
"18707","D_obs",6083,4012,0,8
"18708","D_obs",6083,4013,0,10
"18709","D_obs",6083,4014,0,10
"18710","D_obs",6083,4015,0,10
"18711","D_obs",6083,4016,0,3
"18712","D_obs",6083,4017,0,5
"18713","D_obs",6083,4018,0,6
"18714","D_obs",6083,4019,0,8
"18715","D_obs",6083,4020,0,3
"18716","D_obs",6083,4021,0,7
"18717","D_obs",6083,4022,0,11
"18718","D_obs",6083,4023,0,4
"18719","D_obs",6083,4024,0,5
"18720","D_obs",6083,4025,0,6
"18721","D_obs",6083,4026,0,8
"18722","D_obs",6083,4027,0,5
"18723","D_obs",6083,4028,0,2
"18724","D_obs",6083,4029,0,0
"18725","D_obs",6083,4030,0,10
"18726","D_obs",6083,4031,0,5
"18727","D_obs",6083,4032,0,6
"18728","D_obs",6083,4033,0,8
"18729","D_obs",6083,4034,0,4
"18730","D_obs",6083,4035,0,6
"18731","D_obs",6083,4036,0,9
"18732","D_obs",6083,4037,0,6
"18733","D_obs",6083,4038,0,10
"18734","D_obs",6083,4039,0,2
"18735","D_obs",6083,4040,0,4
"18736","D_obs",6083,4041,0,5
"18737","D_obs",6083,4042,0,6
"18738","D_obs",6083,4043,0,0
"18739","D_obs",6083,4044,0,6
"18740","D_obs",6083,4045,0,3
"18741","D_obs",6083,4046,0,4
"18742","D_obs",6083,4047,0,3
"18743","D_obs",6083,4048,0,6
"18744","D_obs",6083,4049,0,5
"18745","D_obs",6083,4050,0,3
"18746","D_obs",6083,4051,0,3
"18747","D_obs",6083,4052,0,2
"18748","D_obs",6083,4053,0,8
"18749","D_obs",6083,4054,0,4
"18750","D_obs",6083,4055,0,5
"18751","D_obs",6083,4056,0,2
"18752","D_obs",6083,4057,0,5
"18753","D_obs",6083,4058,0,1
"18754","D_obs",6083,4059,0,4
"18755","D_obs",6083,4060,0,3
"18756","D_obs",6083,4061,0,5
"18757","D_obs",6083,4062,0,2
"18758","D_obs",6083,4063,0,4
"18759","D_obs",6083,4064,0,3
"18760","D_obs",6083,4065,0,4
"18761","D_obs",6083,4066,0,3
"18762","D_obs",6083,4067,0,5
"18763","D_obs",6083,4068,0,4
"18764","D_obs",6083,4069,0,2
"18765","D_obs",6083,4070,0,3
"18766","D_obs",6083,4071,0,3
"18767","D_obs",6083,4072,0,8
"18768","D_obs",6083,4073,0,4
"18769","D_obs",6083,4074,0,3
"18770","D_obs",6083,4075,0,0
"18771","D_obs",6083,4076,0,2
"18772","D_obs",6083,4077,0,1
"18773","D_obs",6083,4078,0,3
"18774","D_obs",6083,4079,0,1
"18775","D_obs",6083,4080,0,5
"18776","D_obs",6083,4081,0,5
"18777","D_obs",6083,4082,0,3
"18778","D_obs",6083,4083,0,6
"18779","D_obs",6083,4084,0,1
"18780","D_obs",6083,4085,0,1
"18781","D_obs",6083,4086,0,6
"18782","D_obs",6083,4087,0,2
"18783","D_obs",6083,4088,0,3
"18784","D_obs",6083,4089,0,4
"18785","D_obs",6083,4090,0,3
"18786","D_obs",6083,4091,0,3
"18787","D_obs",6083,4092,0,3
"18788","D_obs",6083,4093,0,3
"18789","D_obs",6083,4094,0,4
"18790","D_obs",6083,4095,0,2
"18791","D_obs",6083,4096,0,3
"18792","D_obs",6083,4097,0,4
"18793","D_obs",6083,4098,0,2
"18794","D_obs",6083,4099,0,6
"18795","D_obs",6083,4100,0,3
"18796","D_obs",6083,4101,0,1
"18797","D_obs",6083,4102,0,3
"18798","D_obs",6083,4103,0,6
"18799","D_obs",6083,4104,0,3
"18800","D_obs",6083,4105,0,5
"18801","D_obs",6083,4106,0,3
"18802","D_obs",6083,4107,0,6
"18803","D_obs",6083,4108,0,2
"18804","D_obs",6083,4109,0,3
"18805","D_obs",6083,4110,0,6
"18806","D_obs",6083,4111,0,2
"18807","D_obs",6083,4112,0,0
"18808","D_obs",6083,4113,0,13
"18809","D_obs",6083,4114,0,5
"18810","D_obs",6083,4115,0,0
"18811","D_obs",6083,4116,0,4
"18812","D_obs",6083,4117,0,4
"18813","D_obs",6083,4118,0,4
"18814","D_obs",6083,4119,0,4
"18815","D_obs",6083,4120,0,1
"18816","D_obs",6083,4121,0,4
"18817","D_obs",6083,4122,0,3
"18818","D_obs",6083,4123,0,7
"18819","D_obs",6083,4124,0,5
"18820","D_obs",6083,4125,0,3
"18821","D_obs",6083,4126,0,1
"18822","D_obs",6083,4127,0,3
"18823","D_obs",6083,4128,0,5
"18824","D_obs",6083,4129,0,2
"18825","D_obs",6083,4130,0,3
"18826","D_obs",6083,4131,0,3
"18827","D_obs",6083,4132,0,3
"18828","D_obs",6083,4133,0,0
"18829","D_obs",6083,4134,0,3
"18830","D_obs",6083,4135,0,0
"18831","D_obs",6083,4136,0,1
"18832","D_obs",6083,4137,0,2
"18833","D_obs",6083,4138,0,1
"18834","D_obs",6083,4139,0,2
"18835","D_obs",6083,4140,0,5
"18836","D_obs",6083,4141,0,2
"18837","D_obs",6083,4142,0,0
"18838","D_obs",6083,4143,0,1
"18839","D_obs",6083,4144,0,1
"18840","D_obs",6083,4145,0,2
"18841","D_obs",6083,4146,0,4
"18842","D_obs",6083,4147,0,1
"18843","D_obs",6083,4148,0,4
"18844","D_obs",6083,4149,0,3
"18845","D_obs",6083,4150,0,4
"18846","D_obs",6083,4151,0,4
"18847","D_obs",6083,4152,0,3
"18848","D_obs",6083,4153,0,2
"18849","D_obs",6083,4154,0,3
"18850","D_obs",6083,4155,0,6
"18851","D_obs",6083,4156,0,5
"18852","D_obs",6083,4157,0,3
"18853","D_obs",6083,4158,0,4
"18854","D_obs",6083,4159,0,4
"18855","D_obs",6083,4160,0,5
"18856","D_obs",6083,4161,0,2
"18857","D_obs",6083,4162,0,5
"18858","D_obs",6083,4163,0,3
"18859","D_obs",6083,4164,0,4
"18860","D_obs",6083,4165,0,1
"18861","D_obs",6083,4166,0,5
"18862","D_obs",6083,4167,0,2
"18863","D_obs",6083,4168,0,4
"18864","D_obs",6083,4169,0,2
"18865","D_obs",6083,4170,0,2
"18866","D_obs",6083,4171,0,3
"18867","D_obs",6083,4172,0,8
"18868","D_obs",6083,4173,0,1
"18869","D_obs",6083,4174,0,5
"18870","D_obs",6083,4175,0,4
"18871","D_obs",6083,4176,0,9
"18872","D_obs",6083,4177,0,6
"18873","D_obs",6083,4178,0,3
"18874","D_obs",6083,4179,0,0
"18875","D_obs",6083,4180,0,1
"18876","D_obs",6083,4181,0,3
"18877","D_obs",6083,4182,0,5
"18878","D_obs",6083,4183,0,7
"18879","D_obs",6083,4184,0,3
"18880","D_obs",6083,4185,0,9
"18881","D_obs",6083,4186,0,3
"18882","D_obs",6083,4187,0,2
"18883","D_obs",6083,4188,0,7
"18884","D_obs",6083,4189,0,3
"18885","D_obs",6083,4190,0,6
"18886","D_obs",6083,4191,0,4
"18887","D_obs",6083,4192,0,0
"18888","D_obs",6083,4193,0,3
"18889","D_obs",6083,4194,0,4
"18890","D_obs",6083,4195,0,1
"18891","D_obs",6083,4196,0,5
"18892","D_obs",6083,4197,0,4
"18893","D_obs",6083,4198,0,3
"18894","D_obs",6083,4199,0,4
"18895","D_obs",6083,4200,0,3
"18896","D_obs",6083,4201,0,3
"18897","D_obs",6083,4202,0,1
"18898","D_obs",6083,4203,0,4
"18899","D_obs",6083,4204,0,4
"18900","D_obs",6083,4205,0,1
"18901","D_obs",6083,4206,0,5
"18902","D_obs",6083,4207,0,2
"18903","D_obs",6083,4208,0,2
"18904","D_obs",6083,4209,0,3
"18905","D_obs",6083,4210,0,5
"18906","D_obs",6083,4211,0,4
"18907","D_obs",6083,4212,0,1
"18908","D_obs",6083,4213,0,5
"18909","D_obs",6083,4214,0,4
"18910","D_obs",6083,4215,0,8
"18911","D_obs",6083,4216,0,7
"18912","D_obs",6083,4217,0,1
"18913","D_obs",6083,4218,0,3
"18914","D_obs",6083,4219,0,2
"18915","D_obs",6083,4220,0,1
"18916","D_obs",6083,4221,0,2
"18917","D_obs",6083,4222,0,2
"18918","D_obs",6083,4223,0,3
"18919","D_obs",6083,4224,0,3
"18920","D_obs",6083,4225,0,4
"18921","D_obs",6083,4226,0,1
"18922","D_obs",6083,4227,0,1
"18923","D_obs",6083,4228,0,4
"18924","D_obs",6083,4229,0,3
"18925","D_obs",6083,4230,0,5
"18926","D_obs",6083,4231,0,0
"18927","D_obs",6083,4232,0,5
"18928","D_obs",6083,4233,0,7
"18929","D_obs",6083,4234,0,6
"18930","D_obs",6083,4235,0,5
"18931","D_obs",6083,4236,0,4
"18932","D_obs",6083,4237,0,4
"18933","D_obs",6083,4238,0,6
"18934","D_obs",6083,4239,0,3
"18935","D_obs",6083,4240,0,5
"18936","D_obs",6083,4241,0,4
"18937","D_obs",6083,4242,0,4
"18938","D_obs",6083,4243,0,3
"18939","D_obs",6083,4244,0,7
"18940","D_obs",6083,4245,0,1
"18941","D_obs",6083,4246,0,8
"18942","D_obs",6083,4247,0,10
"18943","D_obs",6083,4248,0,7
"18944","D_obs",6083,4249,0,2
"18945","D_obs",6083,4250,0,7
"18946","D_obs",6083,4251,0,5
"18947","D_obs",6083,4252,0,5
"18948","D_obs",6083,4253,0,6
"18949","D_obs",6083,4254,0,8
"18950","D_obs",6083,4255,0,6
"18951","D_obs",6083,4256,0,6
"18952","D_obs",6083,4257,0,3
"18953","D_obs",6083,4258,0,4
"18954","D_obs",6083,4259,0,8
"18955","D_obs",6083,4260,0,6
"18956","D_obs",6083,4261,0,3
"18957","D_obs",6083,4262,0,5
"18958","D_obs",6083,4263,0,1
"18959","D_obs",6083,4264,0,4
"18960","D_obs",6083,4265,0,7
"18961","D_obs",6083,4266,0,4
"18962","D_obs",6083,4267,0,3
"18963","D_obs",6083,4268,0,8
"18964","D_obs",6083,4269,0,4
"18965","D_obs",6083,4270,0,8
"18966","D_obs",6083,4271,0,12
"18967","D_obs",6083,4272,0,6
"18968","D_obs",6083,4273,0,5
"18969","D_obs",6083,4274,0,5
"18970","D_obs",6083,4275,0,4
"18971","D_obs",6083,4276,0,6
"18972","D_obs",6083,4277,0,3
"18973","D_obs",6083,4278,0,10
"18974","D_obs",6083,4279,0,6
"18975","D_obs",6083,4280,0,8
"18976","D_obs",6083,4281,0,10
"18977","D_obs",6083,4282,0,14
"18978","D_obs",6083,4283,0,10
"18979","D_obs",6083,4284,0,11
"18980","D_obs",6083,4285,0,10
"18981","D_obs",6083,4286,0,6
"18982","D_obs",6083,4287,0,10
"18983","D_obs",6083,4288,0,6
"18984","D_obs",6083,4289,0,10
"18985","D_obs",6083,4290,0,4
"18986","D_obs",6083,4291,0,6
"18987","D_obs",6083,4292,0,7
"18988","D_obs",6083,4293,0,13
"18989","D_obs",6083,4294,0,10
"18990","D_obs",6083,4295,0,6
"18991","D_obs",6083,4296,0,7
"18992","D_obs",6083,4297,0,7
"18993","D_obs",6083,4298,0,6
"18994","D_obs",6083,4299,0,13
"18995","D_obs",6083,4300,0,5
"18996","D_obs",6083,4301,0,4
"18997","D_obs",6083,4302,0,9
"18998","D_obs",6083,4303,0,13
"18999","D_obs",6083,4304,0,9
"19000","D_obs",6083,4305,0,5
"19001","D_obs",6083,4306,0,6
"19002","D_obs",6083,4307,0,5
"19003","D_obs",6083,4308,0,4
"19004","D_obs",6083,4309,0,7
"19005","D_obs",6083,4310,0,5
"19006","D_obs",6083,4311,0,9
"19007","D_obs",6083,4312,0,10
"19008","D_obs",6083,4313,0,4
"19009","D_obs",6083,4314,0,6
"19010","D_obs",6083,4315,0,4
"19011","D_obs",6083,4316,0,9
"19012","D_obs",6083,4317,0,5
"19013","D_obs",6083,4318,0,4
"19014","D_obs",6083,4319,0,5
"19015","D_obs",6083,4320,0,4
"19016","D_obs",6083,4321,0,3
"19017","D_obs",6083,4322,0,4
"19018","D_obs",6083,4323,0,5
"19019","D_obs",6083,4324,0,4
"19020","D_obs",6083,4325,0,3
"19021","D_obs",6083,4326,0,2
"19022","D_obs",6083,4327,0,3
"19023","D_obs",6083,4328,0,8
"19024","D_obs",6083,4329,0,4
"19025","D_obs",6083,4330,0,6
"19026","D_obs",6083,4331,0,9
"19027","D_obs",6083,4332,0,8
"19028","D_obs",6083,4333,0,10
"19029","D_obs",6083,4334,0,10
"19030","D_obs",6083,4335,0,5
"19031","D_obs",6083,4336,0,3
"19032","D_obs",6083,4337,0,5
"19033","D_obs",6083,4338,0,6
"19034","D_obs",6083,4339,0,6
"19035","D_obs",6083,4340,0,6
"19036","D_obs",6083,4341,0,7
"19037","D_obs",6083,4342,0,1
"19038","D_obs",6083,4343,0,6
"19039","D_obs",6083,4344,0,7
"19040","D_obs",6083,4345,0,2
"19041","D_obs",6083,4346,0,7
"19042","D_obs",6083,4347,0,5
"19043","D_obs",6083,4348,0,2
"19044","D_obs",6083,4349,0,3
"19045","D_obs",6083,4350,0,5
"19046","D_obs",6083,4351,0,1
"19047","D_obs",6083,4352,0,7
"19048","D_obs",6083,4353,0,2
"19049","D_obs",6083,4354,0,3
"19050","D_obs",6083,4355,0,8
"19051","D_obs",6083,4356,0,5
"19052","D_obs",6083,4357,0,6
"19053","D_obs",6083,4358,0,4
"19054","D_obs",6083,4359,0,1
"19055","D_obs",6083,4360,0,3
"19056","D_obs",6083,4361,0,2
"19057","D_obs",6083,4362,0,2
"19058","D_obs",6083,4363,0,1
"19059","D_obs",6083,4364,0,1
"19060","D_obs",6083,4365,0,3
"19061","D_obs",6083,4366,0,2
"19062","D_obs",6083,4367,0,4
"19063","D_obs",6083,4368,0,5
"19064","D_obs",6083,4369,0,3
"19065","D_obs",6083,4370,0,2
"19066","D_obs",6083,4371,0,1
"19067","D_obs",6083,4372,0,1
"19068","D_obs",6083,4373,0,1
"19069","D_obs",6083,4374,0,2
"19070","D_obs",6083,4375,0,0
"19071","D_obs",6083,4376,0,1
"19072","D_obs",6083,4377,0,1
"19073","D_obs",6083,4378,0,1
"19074","D_obs",6083,4379,0,3
"19075","D_obs",6083,4380,0,3
"19076","D_obs",6083,4381,0,2
"19077","D_obs",6083,4382,0,3
"19078","D_obs",6083,4383,0,1
"19079","D_obs",6083,4384,0,0
"19080","D_obs",6083,4385,0,3
"19081","D_obs",6083,4386,0,0
"19082","D_obs",6083,4387,0,2
"19083","D_obs",6083,4388,0,1
"19084","D_obs",6083,4389,0,1
"19085","D_obs",6083,4390,0,2
"19086","D_obs",6083,4391,0,1
"19087","D_obs",6083,4392,0,0
"19088","D_obs",6083,4393,0,3
"19089","D_obs",6083,4394,0,1
"19090","D_obs",6083,4395,0,0
"19091","D_obs",6083,4396,0,2
"19092","D_obs",6083,4397,0,1
"19093","D_obs",6083,4398,0,5
"19094","D_obs",6083,4399,0,3
"19095","D_obs",6083,4400,0,0
"19096","D_obs",6083,4401,0,1
"19097","D_obs",6083,4402,0,1
"19098","D_obs",6083,4403,0,3
"19099","D_obs",6083,4404,0,2
"19100","D_obs",6083,4405,0,2
"19101","D_obs",6083,4406,0,2
"19102","D_obs",6083,4407,0,5
"19103","D_obs",6083,4408,0,1
"19104","D_obs",6083,4409,0,2
"19105","D_obs",6083,4410,0,2
"19106","D_obs",6083,4411,0,1
"19107","D_obs",6083,4412,0,0
"19108","D_obs",6083,4413,0,0
"19109","D_obs",6083,4414,0,0
"19110","D_obs",6083,4415,0,3
"19111","D_obs",6083,4416,0,1
"19112","D_obs",6083,4417,0,1
"19113","D_obs",6083,4418,0,1
"19114","D_obs",6083,4419,0,2
"19115","D_obs",6083,4420,0,0
"19116","D_obs",6083,4421,0,3
"19117","D_obs",6083,4422,0,2
"19118","D_obs",6083,4423,0,1
"19119","D_obs",6083,4424,0,2
"19120","D_obs",6083,4425,0,1
"19121","D_obs",6083,4426,0,2
"19122","D_obs",6083,4427,0,0
"19123","D_obs",6083,4428,0,1
"19124","D_obs",6083,4429,0,1
"19125","D_obs",6083,4430,0,2
"19126","D_obs",6083,4431,0,0
"19127","D_obs",6083,4432,0,0
"19128","D_obs",6083,4433,0,3
"19129","D_obs",6083,4434,0,3
"19130","D_obs",6083,4435,0,2
"19131","D_obs",6083,4436,0,1
"19132","D_obs",6083,4437,0,1
"19133","D_obs",6083,4438,0,3
"19134","D_obs",6083,4439,0,4
"19135","D_obs",6083,4440,0,2
"19136","D_obs",6083,4441,0,3
"19137","D_obs",6083,4442,0,3
"19138","D_obs",6083,4443,0,0
"19139","D_obs",6083,4444,0,1
"19140","D_obs",6083,4445,0,3
"19141","D_obs",6083,4446,0,1
"19142","D_obs",6083,4447,0,3
"19143","D_obs",6083,4448,0,3
"19144","D_obs",6083,4449,0,3
"19145","D_obs",6083,4450,0,2
"19146","D_obs",6083,4451,0,3
"19147","D_obs",6083,4452,0,0
"19148","D_obs",6083,4453,0,2
"19149","D_obs",6083,4454,0,2
"19150","D_obs",6083,4455,0,0
"19151","D_obs",6083,4456,0,2
"19152","D_obs",6083,4457,0,3
"19153","D_obs",6083,4458,0,2
"19154","D_obs",6083,4459,0,0
"19155","D_obs",6083,4460,0,2
"19156","D_obs",6083,4461,0,4
"19157","D_obs",6083,4462,0,1
"19158","D_obs",6083,4463,0,0
"19159","D_obs",6083,4464,0,2
"19160","D_obs",6083,4465,0,1
"19161","D_obs",6083,4466,0,0
"19162","D_obs",6083,4467,0,1
"19163","D_obs",6083,4468,0,2
"19164","D_obs",6083,4469,0,2
"19165","D_obs",6083,4470,0,2
"19166","D_obs",6083,4471,0,3
"19167","D_obs",6083,4472,0,5
"19168","D_obs",6083,4473,0,2
"19169","D_obs",6083,4474,0,1
"19170","D_obs",6083,4475,0,2
"19171","D_obs",6083,4476,0,0
"19172","D_obs",6083,4477,0,0
"19173","D_obs",6083,4478,0,1
"19174","D_obs",6083,4479,0,3
"19175","D_obs",6083,4480,0,3
"19176","D_obs",6083,4481,0,1
"19177","D_obs",6083,4482,0,2
"19178","D_obs",6083,4483,0,2
"19179","D_obs",6083,4484,0,3
"19180","D_obs",6083,4485,0,5
"19181","D_obs",6083,4486,0,5
"19182","D_obs",6083,4487,0,9
"19183","D_obs",6083,4488,0,5
"19184","D_obs",6083,4489,0,2
"19185","D_obs",6083,4490,0,2
"19186","D_obs",6083,4491,0,6
"19187","D_obs",6083,4492,0,4
"19188","D_obs",6083,4493,0,2
"19189","D_obs",6083,4494,0,2
"19190","D_obs",6083,4495,0,1
"19191","D_obs",6083,4496,0,0
"19192","D_obs",6083,4497,0,3
"19193","D_obs",6083,4498,0,2
"19194","D_obs",6083,4499,0,1
"19195","D_obs",6083,4500,0,4
"19196","D_obs",6083,4501,0,0
"19197","D_obs",6083,4502,0,6
"19198","D_obs",6083,4503,0,7
"19199","D_obs",6083,4504,0,5
"19200","D_obs",6083,4505,0,5
"19201","D_obs",6083,4506,0,4
"19202","D_obs",6083,4507,0,3
"19203","D_obs",6083,4508,0,2
"19204","D_obs",6083,4509,0,4
"19205","D_obs",6083,4510,0,4
"19206","D_obs",6083,4511,0,2
"19207","D_obs",6083,4512,0,2
"19208","D_obs",6083,4513,0,0
"19209","D_obs",6083,4514,0,2
"19210","D_obs",6083,4515,0,3
"19211","D_obs",6083,4516,0,4
"19212","D_obs",6083,4517,0,3
"19213","D_obs",6083,4518,0,1
"19214","D_obs",6083,4519,0,1
"19215","D_obs",6083,4520,0,2
"19216","D_obs",6083,4521,0,2
"19217","D_obs",6083,4522,0,6
"19218","D_obs",6083,4523,0,2
"19219","D_obs",6083,4524,0,1
"19220","D_obs",6083,4525,0,4
"19221","D_obs",6083,4526,0,1
"19222","D_obs",6083,4527,0,0
"19223","D_obs",6083,4528,0,0
"19224","D_obs",6083,4529,0,2
"19225","D_obs",6083,4530,0,0
"19226","D_obs",6083,4531,0,4
"19227","D_obs",6083,4532,0,2
"19228","D_obs",6083,4533,0,4
"19229","D_obs",6083,4534,0,4
"19230","D_obs",6083,4535,0,2
"19231","D_obs",6083,4536,0,2
"19232","D_obs",6083,4537,0,3
"19233","D_obs",6083,4538,0,5
"19234","D_obs",6083,4539,0,0
"19235","D_obs",6083,4540,0,2
"19236","D_obs",6083,4541,0,2
"19237","D_obs",6083,4542,0,2
"19238","D_obs",6083,4543,0,2
"19239","D_obs",6083,4544,0,6
"19240","D_obs",6083,4545,0,3
"19241","D_obs",6083,4546,0,5
"19242","D_obs",6083,4547,0,4
"19243","D_obs",6083,4548,0,5
"19244","D_obs",6083,4549,0,4
"19245","D_obs",6083,4550,0,7
"19246","D_obs",6083,4551,0,3
"19247","D_obs",6083,4552,0,5
"19248","D_obs",6083,4553,0,9
"19249","D_obs",6083,4554,0,3
"19250","D_obs",6083,4555,0,0
"19251","D_obs",6083,4556,0,3
"19252","D_obs",6083,4557,0,9
"19253","D_obs",6083,4558,0,5
"19254","D_obs",6083,4559,0,5
"19255","D_obs",6083,4560,0,3
"19256","D_obs",6083,4561,0,2
"19257","D_obs",6083,4562,0,6
"19258","D_obs",6083,4563,0,4
"19259","D_obs",6083,4564,0,4
"19260","D_obs",6083,4565,0,4
"19261","D_obs",6083,4566,0,4
"19262","D_obs",6083,4567,0,1
"19263","D_obs",6083,4568,0,3
"19264","D_obs",6083,4569,0,3
"19265","D_obs",6083,4570,0,3
"19266","D_obs",6083,4571,0,3
"19267","D_obs",6083,4572,0,2
"19268","D_obs",6083,4573,0,0
"19269","D_obs",6083,4574,0,2
"19270","D_obs",6083,4575,0,3
"19271","D_obs",6083,4576,0,2
"19272","D_obs",6083,4577,0,1
"19273","D_obs",6083,4578,0,3
"19274","D_obs",6083,4579,0,1
"19275","D_obs",6083,4580,0,2
"19276","D_obs",6083,4581,0,0
"19277","D_obs",6083,4582,0,5
"19278","D_obs",6083,4583,0,2
"19279","D_obs",6083,4584,0,5
"19280","D_obs",6083,4585,0,2
"19281","D_obs",6083,4586,0,1
"19282","D_obs",6083,4587,0,11
"19283","D_obs",6083,4588,0,3
"19284","D_obs",6083,4589,0,2
"19285","D_obs",6083,4590,0,6
"19286","D_obs",6083,4591,0,3
"19287","D_obs",6083,4592,0,3
"19288","D_obs",6083,4593,0,7
"19289","D_obs",6083,4594,0,7
"19290","D_obs",6083,4595,0,7
"19291","D_obs",6083,4596,0,4
"19292","D_obs",6083,4597,0,6
"19293","D_obs",6083,4598,0,11
"19294","D_obs",6083,4599,0,5
"19295","D_obs",6083,4600,0,8
"19296","D_obs",6083,4601,0,8
"19297","D_obs",6083,4602,0,2
"19298","D_obs",6083,4603,0,5
"19299","D_obs",6083,4604,0,8
"19300","D_obs",6083,4605,0,8
"19301","D_obs",6083,4606,0,7
"19302","D_obs",6083,4607,0,7
"19303","D_obs",6083,4608,0,6
"19304","D_obs",6083,4609,0,6
"19305","D_obs",6083,4610,0,3
"19306","D_obs",6083,4611,0,9
"19307","D_obs",6083,4612,0,6
"19308","D_obs",6083,4613,0,6
"19309","D_obs",6083,4614,0,5
"19310","D_obs",6083,4615,0,5
"19311","D_obs",6083,4616,0,3
"19312","D_obs",6083,4617,0,7
"19313","D_obs",6083,4618,0,7
"19314","D_obs",6083,4619,0,5
"19315","D_obs",6083,4620,0,6
"19316","D_obs",6083,4621,0,4
"19317","D_obs",6083,4622,0,9
"19318","D_obs",6083,4623,0,4
"19319","D_obs",6083,4624,0,8
"19320","D_obs",6083,4625,0,6
"19321","D_obs",6083,4626,0,6
"19322","D_obs",6083,4627,0,2
"19323","D_obs",6083,4628,0,6
"19324","D_obs",6083,4629,0,4
"19325","D_obs",6083,4630,0,3
"19326","D_obs",6083,4631,0,3
"19327","D_obs",6083,4632,0,1
"19328","D_obs",6083,4633,0,2
"19329","D_obs",6083,4634,0,3
"19330","D_obs",6083,4635,0,4
"19331","D_obs",6083,4636,0,7
"19332","D_obs",6083,4637,0,2
"19333","D_obs",6083,4638,0,2
"19334","D_obs",6083,4639,0,6
"19335","D_obs",6083,4640,0,6
"19336","D_obs",6083,4641,0,1
"19337","D_obs",6083,4642,0,9
"19338","D_obs",6083,4643,0,4
"19339","D_obs",6083,4644,0,6
"19340","D_obs",6083,4645,0,9
"19341","D_obs",6083,4646,0,4
"19342","D_obs",6083,4647,0,9
"19343","D_obs",6083,4648,0,7
"19344","D_obs",6083,4649,0,7
"19345","D_obs",6083,4650,0,9
"19346","D_obs",6083,4651,0,7
"19347","D_obs",6083,4652,0,11
"19348","D_obs",6083,4653,0,13
"19349","D_obs",6083,4654,0,19
"19350","D_obs",6083,4655,0,17
"19351","D_obs",6083,4656,0,9
"19352","D_obs",6083,4657,0,13
"19353","D_obs",6083,4658,0,5
"19354","D_obs",6083,4659,0,12
"19355","D_obs",6083,4660,0,9
"19356","D_obs",6083,4661,0,7
"19357","D_obs",6083,4662,0,5
"19358","D_obs",6083,4663,0,6
"19359","D_obs",6083,4664,0,6
"19360","D_obs",6083,4665,0,10
"19361","D_obs",6083,4666,0,7
"19362","D_obs",6083,4667,0,6
"19363","D_obs",6083,4668,0,9
"19364","D_obs",6083,4669,0,5
"19365","D_obs",6083,4670,0,6
"19366","D_obs",6083,4671,0,7
"19367","D_obs",6083,4672,0,6
"19368","D_obs",6083,4673,0,12
"19369","D_obs",6083,4674,0,6
"19370","D_obs",6083,4675,0,3
"19371","D_obs",6083,4676,0,6
"19372","D_obs",6083,4677,0,5
"19373","D_obs",6083,4678,0,1
"19374","D_obs",6083,4679,0,3
"19375","D_obs",6083,4680,0,5
"19376","D_obs",6083,4681,0,5
"19377","D_obs",6083,4682,0,5
"19378","D_obs",6083,4683,0,2
"19379","D_obs",6083,4684,0,4
"19380","D_obs",6083,4685,0,4
"19381","D_obs",6083,4686,0,5
"19382","D_obs",6083,4687,0,2
"19383","D_obs",6083,4688,0,6
"19384","D_obs",6083,4689,0,1
"19385","D_obs",6083,4690,0,0
"19386","D_obs",6083,4691,0,1
"19387","D_obs",6083,4692,0,2
"19388","D_obs",6083,4693,0,2
"19389","D_obs",6083,4694,0,5
"19390","D_obs",6083,4695,0,2
"19391","D_obs",6083,4696,0,3
"19392","D_obs",6083,4697,0,4
"19393","D_obs",6083,4698,0,2
"19394","D_obs",6083,4699,0,6
"19395","D_obs",6083,4700,0,2
"19396","D_obs",6083,4701,0,4
"19397","D_obs",6083,4702,0,2
"19398","D_obs",6083,4703,0,5
"19399","D_obs",6083,4704,0,7
"19400","D_obs",6083,4705,0,4
"19401","D_obs",6083,4706,0,6
"19402","D_obs",6083,4707,0,2
"19403","D_obs",6083,4708,0,3
"19404","D_obs",6083,4709,0,3
"19405","D_obs",6083,4710,0,2
"19406","D_obs",6083,4711,0,0
"19407","D_obs",6083,4712,0,0
"19408","D_obs",6083,4713,0,3
"19409","D_obs",6083,4714,0,5
"19410","D_obs",6083,4715,0,1
"19411","D_obs",6083,4716,0,5
"19412","D_obs",6083,4717,0,1
"19413","D_obs",6083,4718,0,0
"19414","D_obs",6083,4719,0,0
"19415","D_obs",6083,4720,0,5
"19416","D_obs",6083,4721,0,3
"19417","D_obs",6083,4722,0,0
"19418","D_obs",6083,4723,0,3
"19419","D_obs",6083,4724,0,2
"19420","D_obs",6083,4725,0,2
"19421","D_obs",6083,4726,0,1
"19422","D_obs",6083,4727,0,0
"19423","D_obs",6083,4728,0,2
"19424","D_obs",6083,4729,0,3
"19425","D_obs",6083,4730,0,2
"19426","D_obs",6083,4731,0,2
"19427","D_obs",6083,4732,0,4
"19428","D_obs",6083,4733,0,1
"19429","D_obs",6083,4734,0,2
"19430","D_obs",6083,4735,0,3
"19431","D_obs",6083,4736,0,3
"19432","D_obs",6083,4737,0,0
"19433","D_obs",6083,4738,0,1
"19434","D_obs",6083,4739,0,2
"19435","D_obs",6083,4740,0,2
"19436","D_obs",6083,4741,0,2
"19437","D_obs",6083,4742,0,2
"19438","D_obs",6083,4743,0,2
"19439","D_obs",6083,4744,0,4
"19440","D_obs",6083,4745,0,2
"19441","D_obs",6083,4746,0,2
"19442","D_obs",6083,4747,0,3
"19443","D_obs",6083,4748,0,1
"19444","D_obs",6083,4749,0,4
"19445","D_obs",6083,4750,0,0
"19446","D_obs",6083,4751,0,3
"19447","D_obs",6083,4752,0,2
"19448","D_obs",6083,4753,0,2
"19449","D_obs",6083,4754,0,3
"19450","D_obs",6083,4755,0,2
"19451","D_obs",6083,4756,0,0
"19452","D_obs",6083,4757,0,4
"19453","D_obs",6083,4758,0,1
"19454","D_obs",6083,4759,0,7
"19455","D_obs",6083,4760,0,5
"19456","D_obs",6083,4761,0,1
"19457","D_obs",6083,4762,0,3
"19458","D_obs",6083,4763,0,2
"19459","D_obs",6083,4764,0,2
"19460","D_obs",6083,4765,0,3
"19461","D_obs",6083,4766,0,3
"19462","D_obs",6083,4767,0,4
"19463","D_obs",6083,4768,0,2
"19464","D_obs",6083,4769,0,1
"19465","D_obs",6083,4770,0,1
"19466","D_obs",6083,4771,0,2
"19467","D_obs",6083,4772,0,3
"19468","D_obs",6083,4773,0,2
"19469","D_obs",6083,4774,0,3
"19470","D_obs",6083,4775,0,3
"19471","D_obs",6083,4776,0,6
"19472","D_obs",6083,4777,0,0
"19473","D_obs",6083,4778,0,1
"19474","D_obs",6083,4779,0,3
"19475","D_obs",6083,4780,0,2
"19476","D_obs",6083,4781,0,3
"19477","D_obs",6083,4782,0,3
"19478","D_obs",6083,4783,0,2
"19479","D_obs",6083,4784,0,1
"19480","D_obs",6083,4785,0,2
"19481","D_obs",6083,4786,0,1
"19482","D_obs",6083,4787,0,4
"19483","D_obs",6083,4788,0,1
"19484","D_obs",6083,4789,0,2
"19485","D_obs",6083,4790,0,0
"19486","D_obs",6083,4791,0,3
"19487","D_obs",6083,4792,0,2
"19488","D_obs",6083,4793,0,3
"19489","D_obs",6083,4794,0,4
"19490","D_obs",6083,4795,0,1
"19491","D_obs",6083,4796,0,2
"19492","D_obs",6083,4797,0,1
"19493","D_obs",6083,4798,0,1
"19494","D_obs",6083,4799,0,3
"19495","D_obs",6083,4800,0,2
"19496","D_obs",6083,4801,0,0
"19497","D_obs",6083,4802,0,3
"19498","D_obs",6083,4803,0,5
"19499","D_obs",6083,4804,0,1
"19500","D_obs",6083,4805,0,1
"19501","D_obs",6083,4806,0,5
"19502","D_obs",6083,4807,0,3
"19503","D_obs",6083,4808,0,3
"19504","D_obs",6083,4809,0,3
"19505","D_obs",6083,4810,0,4
"19506","D_obs",6083,4811,0,2
"19507","D_obs",6083,4812,0,1
"19508","D_obs",6083,4813,0,3
"19509","D_obs",6083,4814,0,3
"19510","D_obs",6083,4815,0,1
"19511","D_obs",6083,4816,0,2
"19512","D_obs",6083,4817,0,0
"19513","D_obs",6083,4818,0,2
"19514","D_obs",6083,4819,0,1
"19515","D_obs",6083,4820,0,0
"19516","D_obs",6083,4821,0,2
"19517","D_obs",6083,4822,0,0
"19518","D_obs",6083,4823,0,4
"19519","D_obs",6083,4824,0,3
"19520","D_obs",6083,4825,0,3
"19521","D_obs",6083,4826,0,3
"19522","D_obs",6083,4827,0,2
"19523","D_obs",6083,4828,0,3
"19524","D_obs",6083,4829,0,3
"19525","D_obs",6083,4830,0,3
"19526","D_obs",6083,4831,0,4
"19527","D_obs",6083,4832,0,3
"19528","D_obs",6083,4833,0,1
"19529","D_obs",6083,4834,0,0
"19530","D_obs",6083,4835,0,3
"19531","D_obs",6083,4836,0,1
"19532","D_obs",6083,4837,0,3
"19533","D_obs",6083,4838,0,0
"19534","D_obs",6083,4839,0,1
"19535","D_obs",6083,4840,0,0
"19536","D_obs",6083,4841,0,4
"19537","D_obs",6083,4842,0,2
"19538","D_obs",6083,4843,0,0
"19539","D_obs",6083,4844,0,0
"19540","D_obs",6083,4845,0,0
"19541","D_obs",6083,4846,0,0
"19542","D_obs",6083,4847,0,1
"19543","D_obs",6083,4848,0,3
"19544","D_obs",6083,4849,0,3
"19545","D_obs",6083,4850,0,3
"19546","D_obs",6083,4851,0,3
"19547","D_obs",6083,4852,0,0
"19548","D_obs",6083,4853,0,1
"19549","D_obs",6083,4854,0,1
"19550","D_obs",6083,4855,0,4
"19551","D_obs",6083,4856,0,3
"19552","D_obs",6083,4857,0,2
"19553","D_obs",6083,4858,0,4
"19554","D_obs",6083,4859,0,2
"19555","D_obs",6083,4860,0,2
"19556","D_obs",6083,4861,0,1
"19557","D_obs",6083,4862,0,2
"19558","D_obs",6083,4863,0,1
"19559","D_obs",6083,4864,0,3
"19560","D_obs",6083,4865,0,1
"19561","D_obs",6083,4866,0,4
"19562","D_obs",6083,4867,0,2
"19563","D_obs",6083,4868,0,3
"19564","D_obs",6083,4869,0,2
"19565","D_obs",6083,4870,0,3
"19566","D_obs",6083,4871,0,3
"19567","D_obs",6083,4872,0,2
"19568","D_obs",6083,4873,0,3
"19569","D_obs",6083,4874,0,2
"19570","D_obs",6083,4875,0,1
"19571","D_obs",6083,4876,0,3
"19572","D_obs",6083,4877,0,1
"19573","D_obs",6083,4878,0,1
"19574","D_obs",6083,4879,0,2
"19575","D_obs",6083,4880,0,2
"19576","D_obs",6083,4881,0,2
"19577","D_obs",6083,4882,0,2
"19578","D_obs",6083,4883,0,2
"19579","D_obs",6083,4884,0,2
"19580","D_obs",6083,4885,0,4
"19581","D_obs",6083,4886,0,2
"19582","D_obs",6083,4887,0,0
"19583","D_obs",6083,4888,0,0
"19584","D_obs",6083,4889,0,3
"19585","D_obs",6083,4890,0,0
"19586","D_obs",6083,4891,0,0
"19587","D_obs",6083,4892,0,0
"19588","D_obs",6083,4893,0,1
"19589","D_obs",6083,4894,0,1
"19590","D_obs",6083,4895,0,2
"19591","D_obs",6083,4896,0,4
"19592","D_obs",6083,4897,0,0
"19593","D_obs",6083,4898,0,1
"19594","D_obs",6083,4899,0,1
"19595","D_obs",6083,4900,0,0
"19596","D_obs",6083,4901,0,1
"19597","D_obs",6083,4902,0,0
"19598","D_obs",6083,4903,0,2
"19599","D_obs",6083,4904,0,0
"19600","D_obs",6083,4905,0,0
"19601","D_obs",6083,4906,0,1
"19602","D_obs",6083,4907,0,0
"19603","D_obs",6083,4908,0,1
"19604","D_obs",6083,4909,0,2
"19605","D_obs",6083,4910,0,3
"19606","D_obs",6083,4911,0,2
"19607","D_obs",6083,4912,0,0
"19608","D_obs",6083,4913,0,2
"19609","D_obs",6083,4914,0,0
"19610","D_obs",6083,4915,0,2
"19611","D_obs",6083,4916,0,1
"19612","D_obs",6083,4917,0,2
"19613","D_obs",6083,4918,0,5
"19614","D_obs",6083,4919,0,1
"19615","D_obs",6083,4920,0,1
"19616","D_obs",6083,4921,0,1
"19617","D_obs",6083,4922,0,1
"19618","D_obs",6083,4923,0,1
"19619","D_obs",6083,4924,0,0
"19620","D_obs",6083,4925,0,2
"19621","D_obs",6083,4926,0,1
"19622","D_obs",6083,4927,0,0
"19623","D_obs",6083,4928,0,3
"19624","D_obs",6083,4929,0,1
"19625","D_obs",6083,4930,0,1
"19626","D_obs",6083,4931,0,1
"19627","D_obs",6083,4932,0,0
"19628","D_obs",6083,4933,0,0
"19629","D_obs",6083,4934,0,5
"19630","D_obs",6083,4935,0,1
"19631","D_obs",6083,4936,0,1
"19632","D_obs",6083,4937,0,1
"19633","D_obs",6083,4938,0,0
"19634","D_obs",6083,4939,0,3
"19635","D_obs",6083,4940,0,0
"19636","D_obs",6083,4941,0,1
"19637","D_obs",6083,4942,0,3
"19638","D_obs",6083,4943,0,1
"19639","D_obs",6083,4944,0,0
"19640","D_obs",6083,4945,0,0
"19641","D_obs",6083,4946,0,5
"19642","D_obs",6083,4947,0,2
"19643","D_obs",6083,4948,0,1
"19644","D_obs",6083,4949,0,0
"19645","D_obs",6083,4950,0,0
"19646","D_obs",6083,4951,0,0
"19647","D_obs",6083,4952,0,0
"19648","D_obs",6083,4953,0,2
"19649","D_obs",6083,4954,0,1
"19650","D_obs",6083,4955,0,0
"19651","D_obs",6083,4956,0,0
"19652","D_obs",6083,4957,0,2
"19653","D_obs",6083,4958,0,0
"19654","D_obs",6083,4959,0,0
"19655","D_obs",6083,4960,0,0
"19656","D_obs",6083,4961,0,3
"19657","D_obs",6083,4962,0,5
"19658","D_obs",6083,4963,0,2
"19659","D_obs",6083,4964,0,1
"19660","D_obs",6083,4965,0,0
"19661","D_obs",6083,4966,0,1
"19662","D_obs",6083,4967,0,2
"19663","D_obs",6083,4968,0,1
"19664","D_obs",6083,4969,0,0
"19665","D_obs",6083,4970,0,1
"19666","D_obs",6083,4971,0,2
"19667","D_obs",6083,4972,0,4
"19668","D_obs",6083,4973,0,3
"19669","D_obs",6083,4974,0,1
"19670","D_obs",6083,4975,0,6
"19671","D_obs",6083,4976,0,2
"19672","D_obs",6083,4977,0,0
"19673","D_obs",6083,4978,0,2
"19674","D_obs",6083,4979,0,1
"19675","D_obs",6083,4980,0,1
"19676","D_obs",6083,4981,0,2
"19677","D_obs",6083,4982,0,1
"19678","D_obs",6083,4983,0,3
"19679","D_obs",6083,4984,0,1
"19680","D_obs",6083,4985,0,1
"19681","D_obs",6083,4986,0,1
"19682","D_obs",6083,4987,0,1
"19683","D_obs",6083,4988,0,2
"19684","D_obs",6083,4989,0,2
"19685","D_obs",6083,4990,0,4
"19686","D_obs",6083,4991,0,0
"19687","D_obs",6083,4992,0,0
"19688","D_obs",6083,4993,0,0
"19689","D_obs",6083,4994,0,3
"19690","D_obs",6083,4995,0,1
"19691","D_obs",6083,4996,0,2
"19692","D_obs",6083,4997,0,1
"19693","D_obs",6083,4998,0,0
"19694","D_obs",6083,4999,0,1
"19695","D_obs",6083,5000,0,5
"19696","D_obs",6083,5001,0,0
"19697","D_obs",6083,5002,0,1
"19698","D_obs",6083,5003,0,0
"19699","D_obs",6083,5004,0,3
"19700","D_obs",6083,5005,0,0
"19701","D_obs",6083,5006,0,3
"19702","D_obs",6083,5007,0,2
"19703","D_obs",6083,5008,0,2
"19704","D_obs",6083,5009,0,0
"19705","D_obs",6083,5010,0,2
"19706","D_obs",6083,5011,0,0
"19707","D_obs",6083,5012,0,1
"19708","D_obs",6083,5013,0,1
"19709","D_obs",6083,5014,0,2
"19710","D_obs",6083,5015,0,2
"19711","D_obs",6083,5016,0,0
"19712","D_obs",6083,5017,0,1
"19713","D_obs",6083,5018,0,4
"19714","D_obs",6083,5019,0,2
"19715","D_obs",6083,5020,0,2
"19716","D_obs",6083,5021,0,0
"19717","D_obs",6083,5022,0,2
"19718","D_obs",6083,5023,0,4
"19719","D_obs",6083,5024,0,1
"19720","D_obs",6083,5025,0,3
"19721","D_obs",6083,5026,0,4
"19722","D_obs",6083,5027,0,3
"19723","D_obs",6083,5028,0,1
"19724","D_obs",6083,5029,0,0
"19725","D_obs",6083,5030,0,2
"19726","D_obs",6083,5031,0,1
"19727","D_obs",6083,5032,0,2
"19728","D_obs",6083,5033,0,1
"19729","D_obs",6083,5034,0,0
"19730","D_obs",6083,5035,0,0
"19731","D_obs",6083,5036,0,1
"19732","D_obs",6083,5037,0,1
"19733","D_obs",6083,5038,0,1
"19734","D_obs",6083,5039,0,2
"19735","D_obs",6083,5040,0,1
"19736","D_obs",6083,5041,0,2
"19737","D_obs",6083,5042,0,0
"19738","D_obs",6083,5043,0,1
"19739","D_obs",6083,5044,0,0
"19740","D_obs",6083,5045,0,2
"19741","D_obs",6083,5046,0,0
"19742","D_obs",6083,5047,0,3
"19743","D_obs",6083,5048,0,0
"19744","D_obs",6083,5049,0,0
"19745","D_obs",6083,5050,0,1
"19746","D_obs",6083,5051,0,1
"19747","D_obs",6083,5052,0,2
"19748","D_obs",6083,5053,0,0
"19749","D_obs",6083,5054,0,0
"19750","D_obs",6083,5055,0,2
"19751","D_obs",6083,5056,0,0
"19752","D_obs",6083,5057,0,1
"19753","D_obs",6083,5058,0,1
"19754","D_obs",6083,5059,0,2
"19755","D_obs",6083,5060,0,0
"19756","D_obs",6083,5061,0,0
"19757","D_obs",6083,5062,0,4
"19758","D_obs",6083,5063,0,1
"19759","D_obs",6083,5064,0,2
"19760","D_obs",6083,5065,0,2
"19761","D_obs",6083,5066,0,4
"19762","D_obs",6083,5067,0,2
"19763","D_obs",6083,5068,0,1
"19764","D_obs",6083,5069,0,5
"19765","D_obs",6083,5070,0,1
"19766","D_obs",6083,5071,0,2
"19767","D_obs",6083,5072,0,3
"19768","D_obs",6083,5073,0,2
"19769","D_obs",6083,5074,0,4
"19770","D_obs",6083,5075,0,2
"19771","D_obs",6083,5076,0,4
"19772","D_obs",6083,5077,0,2
"19773","D_obs",6083,5078,0,2
"19774","D_obs",6083,5079,0,4
"19775","D_obs",6083,5080,0,6
"19776","D_obs",6083,5081,0,5
"19777","D_obs",6083,5082,0,5
"19778","D_obs",6083,5083,0,1
"19779","D_obs",6083,5084,0,5
"19780","D_obs",6083,5085,0,1
"19781","D_obs",6083,5086,0,5
"19782","D_obs",6083,5087,0,0
"19783","D_obs",6083,5088,0,3
"19784","D_obs",6083,5089,0,3
"19785","D_obs",6083,5090,0,2
"19786","D_obs",6083,5091,0,2
"19787","D_obs",6083,5092,0,4
"19788","D_obs",6083,5093,0,3
"19789","D_obs",6083,5094,0,3
"19790","D_obs",6083,5095,0,2
"19791","D_obs",6083,5096,0,2
"19792","D_obs",6083,5097,0,0
"19793","D_obs",6083,5098,0,2
"19794","D_obs",6083,5099,0,1
"19795","D_obs",6083,5100,0,3
"19796","D_obs",6083,5101,0,0
"19797","D_obs",6083,5102,0,1
"19798","D_obs",6083,5103,0,0
"19799","D_obs",6083,5104,0,1
"19800","D_obs",6083,5105,0,2
"19801","D_obs",6083,5106,0,1
"19802","D_obs",6083,5107,0,1
"19803","D_obs",6083,5108,0,0
"19804","D_obs",6083,5109,0,2
"19805","D_obs",6083,5110,0,3
"19806","D_obs",6083,5111,0,0
"19807","D_obs",6083,5112,0,0
"19808","D_obs",6083,5113,0,1
"19809","D_obs",6083,5114,0,1
"19810","D_obs",6083,5115,0,0
"19811","D_obs",6083,5116,0,0
"19812","D_obs",6083,5117,0,0
"19813","D_obs",6083,5118,0,2
"19814","D_obs",6083,5119,0,0
"19815","D_obs",6083,5120,0,0
"19816","D_obs",6083,5121,0,2
"19817","D_obs",6083,5122,0,8
"19818","D_obs",6083,5123,0,0
"19819","D_obs",6083,5124,0,5
"19820","D_obs",6083,5125,0,1
"19821","D_obs",6083,5126,0,1
"19822","D_obs",6083,5127,0,1
"19823","D_obs",6083,5128,0,3
"19824","D_obs",6083,5129,0,2
"19825","D_obs",6083,5130,0,0
"19826","D_obs",6083,5131,0,2
"19827","D_obs",6083,5132,0,0
"19828","D_obs",6083,5133,0,0
"19829","D_obs",6083,5134,0,1
"19830","D_obs",6083,5135,0,3
"19831","D_obs",6083,5136,0,3
"19832","D_obs",6083,5137,0,1
"19833","D_obs",6083,5138,0,2
"19834","D_obs",6083,5139,0,0
"19835","D_obs",6083,5140,0,0
"19836","D_obs",6083,5141,0,2
"19837","D_obs",6083,5142,0,1
"19838","D_obs",6083,5143,0,2
"19839","D_obs",6083,5144,0,2
"19840","D_obs",6083,5145,0,0
"19841","D_obs",6083,5146,0,0
"19842","D_obs",6083,5147,0,1
"19843","D_obs",6083,5148,0,1
"19844","D_obs",6083,5149,0,1
"19845","D_obs",6083,5150,0,2
"19846","D_obs",6083,5151,0,0
"19847","D_obs",6083,5152,0,1
"19848","D_obs",6083,5153,0,0
"19849","D_obs",6083,5154,0,1
"19850","D_obs",6083,5155,0,1
"19851","D_obs",6083,5156,0,0
"19852","D_obs",6083,5157,0,2
"19853","D_obs",6083,5158,0,1
"19854","D_obs",6083,5159,0,0
"19855","D_obs",6083,5160,0,0
"19856","D_obs",6083,5161,0,0
"19857","D_obs",6083,5162,0,1
"19858","D_obs",6083,5163,0,3
"19859","D_obs",6083,5164,0,3
"19860","D_obs",6083,5165,0,1
"19861","D_obs",6083,5166,0,1
"19862","D_obs",6083,5167,0,2
"19863","D_obs",6083,5168,0,1
"19864","D_obs",6083,5169,0,1
"19865","D_obs",6083,5170,0,1
"19866","D_obs",6083,5171,0,2
"19867","D_obs",6083,5172,0,1
"19868","D_obs",6083,5173,0,2
"19869","D_obs",6083,5174,0,1
"19870","D_obs",6083,5175,0,0
"19871","D_obs",6083,5176,0,2
"19872","D_obs",6083,5177,0,2
"19873","D_obs",6083,5178,0,2
"19874","D_obs",6083,5179,0,1
"19875","D_obs",6083,5180,0,2
"19876","D_obs",6083,5181,0,0
"19877","D_obs",6083,5182,0,2
"19878","D_obs",6083,5183,0,2
"19879","D_obs",6083,5184,0,2
"19880","D_obs",6083,5185,0,3
"19881","D_obs",6083,5186,0,3
"19882","D_obs",6083,5187,0,2
"19883","D_obs",6083,5188,0,1
"19884","D_obs",6083,5189,0,1
"19885","D_obs",6083,5190,0,1
"19886","D_obs",6083,5191,0,1
"19887","D_obs",6083,5192,0,3
"19888","D_obs",6083,5193,0,0
"19889","D_obs",6083,5194,0,6
"19890","D_obs",6083,5195,0,2
"19891","D_obs",6083,5196,0,3
"19892","D_obs",6083,5197,0,1
"19893","D_obs",6083,5198,0,3
"19894","D_obs",6083,5199,0,4
"19895","D_obs",6083,5200,0,2
"19896","D_obs",6083,5201,0,1
"19897","D_obs",6083,5202,0,4
"19898","D_obs",6083,5203,0,2
"19899","D_obs",6083,5204,0,0
"19900","D_obs",6083,5205,0,0
"19901","D_obs",6083,5206,0,0
"19902","D_obs",6083,5207,0,4
"19903","D_obs",6083,5208,0,0
"19904","D_obs",6083,5209,0,1
"19905","D_obs",6083,5210,0,3
"19906","D_obs",6083,5211,0,0
"19907","D_obs",6083,5212,0,2
"19908","D_obs",6083,5213,0,0
"19909","D_obs",6083,5214,0,1
"19910","D_obs",6083,5215,0,3
"19911","D_obs",6083,5216,0,1
"19912","D_obs",6083,5217,0,1
"19913","D_obs",6083,5218,0,0
"19914","D_obs",6083,5219,0,1
"19915","D_obs",6083,5220,0,1
"19916","D_obs",6083,5221,0,3
"19917","D_obs",6083,5222,0,0
"19918","D_obs",6083,5223,0,0
"19919","D_obs",6083,5224,0,0
"19920","D_obs",6083,5225,0,1
"19921","D_obs",6083,5226,0,3
"19922","D_obs",6083,5227,0,1
"19923","D_obs",6083,5228,0,1
"19924","D_obs",6083,5229,0,1
"19925","D_obs",6083,5230,0,5
"19926","D_obs",6083,5231,0,0
"19927","D_obs",6083,5232,0,5
"19928","D_obs",6083,5233,0,3
"19929","D_obs",6083,5234,0,1
"19930","D_obs",6083,5235,0,2
"19931","D_obs",6083,5236,0,2
"19932","D_obs",6083,5237,0,1
"19933","D_obs",6083,5238,0,1
"19934","D_obs",6083,5239,0,1
"19935","D_obs",6083,5240,0,3
"19936","D_obs",6083,5241,0,0
"19937","D_obs",6083,5242,0,1
"19938","D_obs",6083,5243,0,0
"19939","D_obs",6083,5244,0,0
"19940","D_obs",6083,5245,0,4
"19941","D_obs",6083,5246,0,3
"19942","D_obs",6083,5247,0,1
"19943","D_obs",6083,5248,0,0
"19944","D_obs",6083,5249,0,2
"19945","D_obs",6083,5250,0,1
"19946","D_obs",6083,5251,0,0
"19947","D_obs",6083,5252,0,2
"19948","D_obs",6083,5253,0,0
"19949","D_obs",6083,5254,0,0
"19950","D_obs",6083,5255,0,2
"19951","D_obs",6083,5256,0,1
"19952","D_obs",6083,5257,0,4
"19953","D_obs",6083,5258,0,0
"19954","D_obs",6083,5259,0,0
"19955","D_obs",6083,5260,0,0
"19956","D_obs",6083,5261,0,2
"19957","D_obs",6083,5262,0,1
"19958","D_obs",6083,5263,0,0
"19959","D_obs",6083,5264,0,0
"19960","D_obs",6083,5265,0,3
"19961","D_obs",6083,5266,0,2
"19962","D_obs",6083,5267,0,3
"19963","D_obs",6083,5268,0,1
"19964","D_obs",6083,5269,0,1
"19965","D_obs",6083,5270,0,1
"19966","D_obs",6083,5271,0,3
"19967","D_obs",6083,5272,0,1
"19968","D_obs",6083,5273,0,0
"19969","D_obs",6083,5274,0,1
"19970","D_obs",6083,5275,0,1
"19971","D_obs",6083,5276,0,2
"19972","D_obs",6083,5277,0,6
"19973","D_obs",6083,5278,0,5
"19974","D_obs",6083,5279,0,0
"19975","D_obs",6083,5280,0,4
"19976","D_obs",6083,5281,0,1
"19977","D_obs",6083,5282,0,4
"19978","D_obs",6083,5283,0,2
"19979","D_obs",6083,5284,0,0
"19980","D_obs",6083,5285,0,3
"19981","D_obs",6083,5286,0,4
"19982","D_obs",6083,5287,0,3
"19983","D_obs",6083,5288,0,4
"19984","D_obs",6083,5289,0,1
"19985","D_obs",6083,5290,0,2
"19986","D_obs",6083,5291,0,4
"19987","D_obs",6083,5292,0,0
"19988","D_obs",6083,5293,0,6
"19989","D_obs",6083,5294,0,2
"19990","D_obs",6083,5295,0,1
"19991","D_obs",6083,5296,0,0
"19992","D_obs",6083,5297,0,2
"19993","D_obs",6083,5298,0,0
"19994","D_obs",6083,5299,0,1
"19995","D_obs",6083,5300,0,3
"19996","D_obs",6083,5301,0,2
"19997","D_obs",6083,5302,0,2
"19998","D_obs",6083,5303,0,1
"19999","D_obs",6083,5304,0,1
"20000","D_obs",6083,5305,0,0
"20001","D_obs",6083,5306,0,1
"20002","D_obs",6083,5307,0,1
"20003","D_obs",6083,5308,0,0
"20004","D_obs",6083,5309,0,1
"20005","D_obs",6083,5310,0,2
"20006","D_obs",6083,5311,0,0
"20007","D_obs",6083,5312,0,0
"20008","D_obs",6083,5313,0,1
"20009","D_obs",6083,5314,0,0
"20010","D_obs",6083,5315,0,0
"20011","D_obs",6083,5316,0,0
"20012","D_obs",6083,5317,0,0
"20013","D_obs",6083,5318,0,1
"20014","D_obs",6083,5319,0,0
"20015","D_obs",6083,5320,0,0
"20016","D_obs",6083,5321,0,0
"20017","D_obs",6083,5322,0,2
"20018","D_obs",6083,5323,0,0
"20019","D_obs",6083,5324,0,1
"20020","D_obs",6083,5325,0,1
"20021","D_obs",6083,5326,0,2
"20022","D_obs",6083,5327,0,0
"20023","D_obs",6083,5328,0,0
"20024","D_obs",6083,5329,0,0
"20025","D_obs",6083,5330,0,1
"20026","D_obs",6083,5331,0,0
"20027","D_obs",6083,5332,0,0
"20028","D_obs",6083,5333,0,0
"20029","D_obs",6083,5334,0,0
"20030","D_obs",6083,5335,0,0
"20031","D_obs",6083,5336,0,2
"20032","D_obs",6083,5337,0,0
"20033","D_obs",6083,5338,0,1
"20034","D_obs",6083,5339,0,0
"20035","D_obs",6083,5340,0,0
"20036","D_obs",6083,5341,0,0
"20037","D_obs",6083,5342,0,1
"20038","D_obs",6083,5343,0,0
"20039","D_obs",6083,5344,0,1
"20040","D_obs",6083,5345,0,2
"20041","D_obs",6083,5346,0,1
"20042","D_obs",6083,5347,0,0
"20043","D_obs",6083,5348,0,2
"20044","D_obs",6083,5349,0,0
"20045","D_obs",6083,5350,0,0
"20046","D_obs",6083,5351,0,0
"20047","D_obs",6083,5352,0,0
"20048","D_obs",6083,5353,0,1
"20049","D_obs",6083,5354,0,0
"20050","D_obs",6083,5355,0,0
"20051","D_obs",6083,5356,0,0
"20052","D_obs",6083,5357,0,1
"20053","D_obs",6083,5358,0,1
"20054","D_obs",6083,5359,0,0
"20055","D_obs",6083,5360,0,0
"20056","D_obs",6083,5361,0,2
"20057","D_obs",6083,5362,0,0
"20058","D_obs",6083,5363,0,2
"20059","D_obs",6083,5364,0,1
"20060","D_obs",6083,5365,0,0
"20061","D_obs",6083,5366,0,0
"20062","D_obs",6083,5367,0,0
"20063","D_obs",6083,5368,0,0
"20064","D_obs",6083,5369,0,0
"20065","D_obs",6083,5370,0,1
"20066","D_obs",6083,5371,0,1
"20067","D_obs",6083,5372,0,0
"20068","D_obs",6083,5373,0,0
"20069","D_obs",6083,5374,0,1
"20070","D_obs",6083,5375,0,0
"20071","D_obs",6083,5376,0,0
"20072","D_obs",6083,5377,0,0
"20073","D_obs",6083,5378,0,1
"20074","D_obs",6083,5379,0,0
"20075","D_obs",6083,5380,0,1
"20076","D_obs",6083,5381,0,0
"20077","D_obs",6083,5382,0,1
"20078","D_obs",6083,5383,0,0
"20079","D_obs",6083,5384,0,0
"20080","D_obs",6083,5385,0,1
"20081","D_obs",6083,5386,0,1
"20082","D_obs",6083,5387,0,0
"20083","D_obs",6083,5388,0,0
"20084","D_obs",6083,5389,0,1
"20085","D_obs",6083,5390,0,1
"20086","D_obs",6083,5391,0,0
"20087","D_obs",6083,5392,0,1
"20088","D_obs",6083,5393,0,1
"20089","D_obs",6083,5394,0,1
"20090","D_obs",6083,5395,0,1
"20091","D_obs",6083,5396,0,2
"20092","D_obs",6083,5397,0,1
"20093","D_obs",6083,5398,0,2
"20094","D_obs",6083,5399,0,0
"20095","D_obs",6083,5400,0,3
"20096","D_obs",6083,5401,0,3
"20097","D_obs",6083,5402,0,3
"20098","D_obs",6083,5403,0,1
"20099","D_obs",6083,5404,0,0
"20100","D_obs",6083,5405,0,3
"20101","D_obs",6083,5406,0,0
"20102","D_obs",6083,5407,0,0
"20103","D_obs",6083,5408,0,1
"20104","D_obs",6083,5409,0,1
"20105","D_obs",6083,5410,0,0
"20106","D_obs",6083,5411,0,0
"20107","D_obs",6083,5412,0,0
"20108","D_obs",6083,5413,0,1
"20109","D_obs",6083,5414,0,0
"20110","D_obs",6083,5415,0,2
"20111","D_obs",6083,5416,0,1
"20112","D_obs",6083,5417,0,0
"20113","D_obs",6083,5418,0,0
"20114","D_obs",6083,5419,0,0
"20115","D_obs",6083,5420,0,0
"20116","D_obs",6083,5421,0,1
"20117","D_obs",6083,5422,0,0
"20118","D_obs",6083,5423,0,0
"20119","D_obs",6083,5424,0,1
"20120","D_obs",6083,5425,0,2
"20121","D_obs",6083,5426,0,1
"20122","D_obs",6083,5427,0,1
"20123","D_obs",6083,5428,0,1
"20124","D_obs",6083,5429,0,0
"20125","D_obs",6083,5430,0,0
"20126","D_obs",6083,5431,0,1
"20127","D_obs",6083,5432,0,1
"20128","D_obs",6083,5433,0,1
"20129","D_obs",6083,5434,0,0
"20130","D_obs",6083,5435,0,0
"20131","D_obs",6083,5436,0,1
"20132","D_obs",6083,5437,0,2
"20133","D_obs",6083,5438,0,1
"20134","D_obs",6083,5439,0,1
"20135","D_obs",6083,5440,0,1
"20136","D_obs",6083,5441,0,2
"20137","D_obs",6083,5442,0,1
"20138","D_obs",6083,5443,0,1
"20139","D_obs",6083,5444,0,1
"20140","D_obs",6083,5445,0,0
"20141","D_obs",6083,5446,0,0
"20142","D_obs",6083,5447,0,1
"20143","D_obs",6083,5448,0,1
"20144","D_obs",6083,5449,0,0
"20145","D_obs",6083,5450,0,0
"20146","D_obs",6083,5451,0,2
"20147","D_obs",6083,5452,0,0
"20148","D_obs",6083,5453,0,3
"20149","D_obs",6083,5454,0,0
"20150","D_obs",6083,5455,0,0
"20151","D_obs",6083,5456,0,1
"20152","D_obs",6083,5457,0,0
"20153","D_obs",6083,5458,0,0
"20154","D_obs",6083,5459,0,0
"20155","D_obs",6083,5460,0,0
"20156","D_obs",6083,5461,0,0
"20157","D_obs",6083,5462,0,2
"20158","D_obs",6083,5463,0,1
"20159","D_obs",6083,5464,0,1
"20160","D_obs",6083,5465,0,0
"20161","D_obs",6083,5466,0,1
"20162","D_obs",6083,5467,0,0
"20163","D_obs",6083,5468,0,0
"20164","D_obs",6083,5469,0,2
"20165","D_obs",6083,5470,0,0
"20166","D_obs",6083,5471,0,1
"20167","D_obs",6083,5472,0,1
"20168","D_obs",6083,5473,0,0
"20169","D_obs",6083,5474,0,0
"20170","D_obs",6083,5475,0,1
"20171","D_obs",6083,5476,0,0
"20172","D_obs",6083,5477,0,0
"20173","D_obs",6083,5478,0,0
"20174","D_obs",6083,5479,0,0
"20175","D_obs",6083,5480,0,0
"20176","D_obs",6083,5481,0,0
"20177","D_obs",6083,5482,0,0
"20178","D_obs",6083,5483,0,2
"20179","D_obs",6083,5484,0,1
"20180","D_obs",6083,5485,0,0
"20181","D_obs",6083,5486,0,1
"20182","D_obs",6083,5487,0,0
"20183","D_obs",6083,5488,0,1
"20184","D_obs",6083,5489,0,2
"20185","D_obs",6083,5490,0,0
"20186","D_obs",6083,5491,0,0
"20187","D_obs",6083,5492,0,0
"20188","D_obs",6083,5493,0,0
"20189","D_obs",6083,5494,0,0
"20190","D_obs",6083,5495,0,0
"20191","D_obs",6083,5496,0,0
"20192","D_obs",6083,5497,0,0
"20193","D_obs",6083,5498,0,3
"20194","D_obs",6083,5499,0,3
"20195","D_obs",6083,5500,0,0
"20196","D_obs",6083,5501,0,0
"20197","D_obs",6083,5502,0,0
"20198","D_obs",6083,5503,0,1
"20199","D_obs",6083,5504,0,2
"20200","D_obs",6083,5505,0,0
"20201","D_obs",6083,5506,0,1
"20202","D_obs",6083,5507,0,1
"20203","D_obs",6083,5508,0,1
"20204","D_obs",6083,5509,0,1
"20205","D_obs",6083,5510,0,0
"20206","D_obs",6083,5511,0,0
"20207","D_obs",6083,5512,0,1
"20208","D_obs",6083,5513,0,1
"20209","D_obs",6083,5514,0,0
"20210","D_obs",6083,5515,0,0
"20211","D_obs",6083,5516,0,1
"20212","D_obs",6083,5517,0,1
"20213","D_obs",6083,5518,0,1
"20214","D_obs",6083,5519,0,0
"20215","D_obs",6083,5520,0,0
"20216","D_obs",6083,5521,0,0
"20217","D_obs",6083,5522,0,0
"20218","D_obs",6083,5523,0,2
"20219","D_obs",6083,5524,0,0
"20220","D_obs",6083,5525,0,1
"20221","D_obs",6083,5526,0,0
"20222","D_obs",6083,5527,0,0
"20223","D_obs",6083,5528,0,0
"20224","D_obs",6083,5529,0,0
"20225","D_obs",6083,5530,0,1
"20226","D_obs",6083,5531,0,0
"20227","D_obs",6083,5532,0,1
"20228","D_obs",6083,5533,0,1
"20229","D_obs",6083,5534,0,0
"20230","D_obs",6083,5535,0,0
"20231","D_obs",6083,5536,0,0
"20232","D_obs",6083,5537,0,1
"20233","D_obs",6083,5538,0,0
"20234","D_obs",6083,5539,0,0
"20235","D_obs",6083,5540,0,0
"20236","D_obs",6083,5541,0,0
"20237","D_obs",6083,5542,0,0
"20238","D_obs",6083,5543,0,2
"20239","D_obs",6083,5544,0,0
"20240","D_obs",6083,5545,0,1
"20241","D_obs",6083,5546,0,0
"20242","D_obs",6083,5547,0,1
"20243","D_obs",6083,5548,0,0
"20244","D_obs",6083,5549,0,0
"20245","D_obs",6083,5550,0,0
"20246","D_obs",6083,5551,0,0
"20247","D_obs",6083,5552,0,0
"20248","D_obs",6083,5553,0,1
"20249","D_obs",6083,5554,0,1
"20250","D_obs",6083,5555,0,0
"20251","D_obs",6083,5556,0,0
"20252","D_obs",6083,5557,0,0
"20253","D_obs",6083,5558,0,0
"20254","D_obs",6083,5559,0,0
"20255","D_obs",6083,5560,0,0
"20256","D_obs",6083,5561,0,0
"20257","D_obs",6083,5562,0,1
"20258","D_obs",6083,5563,0,0
"20259","D_obs",6083,5564,0,0
"20260","D_obs",6083,5565,0,0
"20261","D_obs",6083,5566,0,0
"20262","D_obs",6083,5567,0,0
"20263","D_obs",6083,5568,0,0
"20264","D_obs",6083,5569,0,1
"20265","D_obs",6083,5570,0,0
"20266","D_obs",6083,5571,0,0
"20267","D_obs",6083,5572,0,0
"20268","D_obs",6083,5573,0,0
"20269","D_obs",6083,5574,0,4
"20270","D_obs",6083,5575,0,2
"20271","D_obs",6083,5576,0,1
"20272","D_obs",6083,5577,0,5
"20273","D_obs",6083,5578,0,1
"20274","D_obs",6083,5579,0,2
"20275","D_obs",6083,5580,0,3
"20276","D_obs",6083,5581,0,2
"20277","D_obs",6083,5582,0,4
"20278","D_obs",6083,5583,0,2
"20279","D_obs",6083,5584,0,4
"20280","D_obs",6083,5585,0,2
"20281","D_obs",6083,5586,0,2
"20282","D_obs",6083,5587,0,4
"20283","D_obs",6083,5588,0,6
"20284","D_obs",6083,5589,0,5
"20285","D_obs",6083,5590,0,5
"20286","D_obs",6083,5591,0,1
"20287","D_obs",6083,5592,0,5
"20288","D_obs",6083,5593,0,1
"20289","D_obs",6083,5594,0,5
"20290","D_obs",6083,5595,0,0
"20291","D_obs",6083,5596,0,3
"20292","D_obs",6083,5597,0,3
"20293","D_obs",6083,5598,0,2
"20294","D_obs",6083,5599,0,2
"20295","D_obs",6083,5600,0,4
"20296","D_obs",6083,5601,0,3
"20297","D_obs",6083,5602,0,3
"20298","D_obs",6083,5603,0,2
"20299","D_obs",6083,5604,0,2
"20300","D_obs",6083,5605,0,0
"20301","D_obs",6083,5606,0,2
"20302","D_obs",6083,5607,0,1
"20303","D_obs",6083,5608,0,3
"20304","D_obs",6083,5609,0,0
"20305","D_obs",6083,5610,0,1
"20306","D_obs",6083,5611,0,0
"20307","D_obs",6083,5612,0,1
"20308","D_obs",6083,5613,0,2
"20309","D_obs",6083,5614,0,1
"20310","D_obs",6083,5615,0,1
"20311","D_obs",6083,5616,0,0
"20312","D_obs",6083,5617,0,2
"20313","D_obs",6083,5618,0,3
"20314","D_obs",6083,5619,0,0
"20315","D_obs",6083,5620,0,0
"20316","D_obs",6083,5621,0,1
"20317","D_obs",6083,5622,0,1
"20318","D_obs",6083,5623,0,0
"20319","D_obs",6083,5624,0,0
"20320","D_obs",6083,5625,0,0
"20321","D_obs",6083,5626,0,2
"20322","D_obs",6083,5627,0,0
"20323","D_obs",6083,5628,0,0
"20324","D_obs",6083,5629,0,2
"20325","D_obs",6083,5630,0,8
"20326","D_obs",6083,5631,0,0
"20327","D_obs",6083,5632,0,5
"20328","D_obs",6083,5633,0,1
"20329","D_obs",6083,5634,0,1
"20330","D_obs",6083,5635,0,1
"20331","D_obs",6083,5636,0,3
"20332","D_obs",6083,5637,0,2
"20333","D_obs",6083,5638,0,0
"20334","D_obs",6083,5639,0,2
"20335","D_obs",6083,5640,0,0
"20336","D_obs",6083,5641,0,0
"20337","D_obs",6083,5642,0,1
"20338","D_obs",6083,5643,0,3
"20339","D_obs",6083,5644,0,3
"20340","D_obs",6083,5645,0,1
"20341","D_obs",6083,5646,0,2
"20342","D_obs",6083,5647,0,0
"20343","D_obs",6083,5648,0,0
"20344","D_obs",6083,5649,0,2
"20345","D_obs",6083,5650,0,1
"20346","D_obs",6083,5651,0,2
"20347","D_obs",6083,5652,0,2
"20348","D_obs",6083,5653,0,0
"20349","D_obs",6083,5654,0,0
"20350","D_obs",6083,5655,0,1
"20351","D_obs",6083,5656,0,1
"20352","D_obs",6083,5657,0,1
"20353","D_obs",6083,5658,0,2
"20354","D_obs",6083,5659,0,0
"20355","D_obs",6083,5660,0,1
"20356","D_obs",6083,5661,0,0
"20357","D_obs",6083,5662,0,1
"20358","D_obs",6083,5663,0,1
"20359","D_obs",6083,5664,0,0
"20360","D_obs",6083,5665,0,2
"20361","D_obs",6083,5666,0,1
"20362","D_obs",6083,5667,0,0
"20363","D_obs",6083,5668,0,0
"20364","D_obs",6083,5669,0,0
"20365","D_obs",6083,5670,0,1
"20366","D_obs",6083,5671,0,3
"20367","D_obs",6083,5672,0,3
"20368","D_obs",6083,5673,0,1
"20369","D_obs",6083,5674,0,1
"20370","D_obs",6083,5675,0,2
"20371","D_obs",6083,5676,0,1
"20372","D_obs",6083,5677,0,1
"20373","D_obs",6083,5678,0,1
"20374","D_obs",6083,5679,0,2
"20375","D_obs",6083,5680,0,1
"20376","D_obs",6083,5681,0,2
"20377","D_obs",6083,5682,0,1
"20378","D_obs",6083,5683,0,0
"20379","D_obs",6083,5684,0,2
"20380","D_obs",6083,5685,0,2
"20381","D_obs",6083,5686,0,2
"20382","D_obs",6083,5687,0,1
"20383","D_obs",6083,5688,0,2
"20384","D_obs",6083,5689,0,0
"20385","D_obs",6083,5690,0,2
"20386","D_obs",6083,5691,0,2
"20387","D_obs",6083,5692,0,2
"20388","D_obs",6083,5693,0,3
"20389","D_obs",6083,5694,0,3
"20390","D_obs",6083,5695,0,2
"20391","D_obs",6083,5696,0,1
"20392","D_obs",6083,5697,0,1
"20393","D_obs",6083,5698,0,1
"20394","D_obs",6083,5699,0,1
"20395","D_obs",6083,5700,0,3
"20396","D_obs",6083,5701,0,0
"20397","D_obs",6083,5702,0,6
"20398","D_obs",6083,5703,0,2
"20399","D_obs",6083,5704,0,3
"20400","D_obs",6083,5705,0,1
"20401","D_obs",6083,5706,0,3
"20402","D_obs",6083,5707,0,4
"20403","D_obs",6083,5708,0,2
"20404","D_obs",6083,5709,0,1
"20405","D_obs",6083,5710,0,4
"20406","D_obs",6083,5711,0,2
"20407","D_obs",6083,5712,0,0
"20408","D_obs",6083,5713,0,0
"20409","D_obs",6083,5714,0,0
"20410","D_obs",6083,5715,0,4
"20411","D_obs",6083,5716,0,0
"20412","D_obs",6083,5717,0,1
"20413","D_obs",6083,5718,0,3
"20414","D_obs",6083,5719,0,0
"20415","D_obs",6083,5720,0,2
"20416","D_obs",6083,5721,0,0
"20417","D_obs",6083,5722,0,1
"20418","D_obs",6083,5723,0,3
"20419","D_obs",6083,5724,0,1
"20420","D_obs",6083,5725,0,1
"20421","D_obs",6083,5726,0,0
"20422","D_obs",6083,5727,0,1
"20423","D_obs",6083,5728,0,1
"20424","D_obs",6083,5729,0,3
"20425","D_obs",6083,5730,0,0
"20426","D_obs",6083,5731,0,0
"20427","D_obs",6083,5732,0,0
"20428","D_obs",6083,5733,0,1
"20429","D_obs",6083,5734,0,3
"20430","D_obs",6083,5735,0,1
"20431","D_obs",6083,5736,0,1
"20432","D_obs",6083,5737,0,1
"20433","D_obs",6083,5738,0,5
"20434","D_obs",6083,5739,0,0
"20435","D_obs",6083,5740,0,5
"20436","D_obs",6083,5741,0,3
"20437","D_obs",6083,5742,0,1
"20438","D_obs",6083,5743,0,2
"20439","D_obs",6083,5744,0,2
"20440","D_obs",6083,5745,0,1
"20441","D_obs",6083,5746,0,1
"20442","D_obs",6083,5747,0,1
"20443","D_obs",6083,5748,0,3
"20444","D_obs",6083,5749,0,0
"20445","D_obs",6083,5750,0,1
"20446","D_obs",6083,5751,0,0
"20447","D_obs",6083,5752,0,0
"20448","D_obs",6083,5753,0,4
"20449","D_obs",6083,5754,0,3
"20450","D_obs",6083,5755,0,1
"20451","D_obs",6083,5756,0,0
"20452","D_obs",6083,5757,0,2
"20453","D_obs",6083,5758,0,1
"20454","D_obs",6083,5759,0,0
"20455","D_obs",6083,5760,0,2
"20456","D_obs",6083,5761,0,0
"20457","D_obs",6083,5762,0,0
"20458","D_obs",6083,5763,0,2
"20459","D_obs",6083,5764,0,1
"20460","D_obs",6083,5765,0,4
"20461","D_obs",6083,5766,0,0
"20462","D_obs",6083,5767,0,0
"20463","D_obs",6083,5768,0,0
"20464","D_obs",6083,5769,0,2
"20465","D_obs",6083,5770,0,1
"20466","D_obs",6083,5771,0,0
"20467","D_obs",6083,5772,0,0
"20468","D_obs",6083,5773,0,3
"20469","D_obs",6083,5774,0,2
"20470","D_obs",6083,5775,0,3
"20471","D_obs",6083,5776,0,1
"20472","D_obs",6083,5777,0,1
"20473","D_obs",6083,5778,0,1
"20474","D_obs",6083,5779,0,3
"20475","D_obs",6083,5780,0,1
"20476","D_obs",6083,5781,0,0
"20477","D_obs",6083,5782,0,1
"20478","D_obs",6083,5783,0,1
"20479","D_obs",6083,5784,0,2
"20480","D_obs",6083,5785,0,6
"20481","D_obs",6083,5786,0,5
"20482","D_obs",6083,5787,0,0
"20483","D_obs",6083,5788,0,4
"20484","D_obs",6083,5789,0,1
"20485","D_obs",6083,5790,0,4
"20486","D_obs",6083,5791,0,2
"20487","D_obs",6083,5792,0,0
"20488","D_obs",6083,5793,0,3
"20489","D_obs",6083,5794,0,4
"20490","D_obs",6083,5795,0,3
"20491","D_obs",6083,5796,0,4
"20492","D_obs",6083,5797,0,1
"20493","D_obs",6083,5798,0,2
"20494","D_obs",6083,5799,0,4
"20495","D_obs",6083,5800,0,0
"20496","D_obs",6083,5801,0,6
"20497","D_obs",6083,5802,0,2
"20498","D_obs",6083,5803,0,1
"20499","D_obs",6083,5804,0,0
"20500","D_obs",6083,5805,0,2
"20501","D_obs",6083,5806,0,0
"20502","D_obs",6083,5807,0,1
"20503","D_obs",6083,5808,0,3
"20504","D_obs",6083,5809,0,2
"20505","D_obs",6083,5810,0,2
"20506","D_obs",6083,5811,0,1
"20507","D_obs",6083,5812,0,1
"20508","D_obs",6083,5813,0,0
"20509","D_obs",6083,5814,0,1
"20510","D_obs",6083,5815,0,1
"20511","D_obs",6083,5816,0,0
"20512","D_obs",6083,5817,0,1
"20513","D_obs",6083,5818,0,2
"20514","D_obs",6083,5819,0,0
"20515","D_obs",6083,5820,0,0
"20516","D_obs",6083,5821,0,1
"20517","D_obs",6083,5822,0,0
"20518","D_obs",6083,5823,0,0
"20519","D_obs",6083,5824,0,0
"20520","D_obs",6083,5825,0,0
"20521","D_obs",6083,5826,0,1
"20522","D_obs",6083,5827,0,0
"20523","D_obs",6083,5828,0,0
"20524","D_obs",6083,5829,0,0
"20525","D_obs",6083,5830,0,2
"20526","D_obs",6083,5831,0,0
"20527","D_obs",6083,5832,0,1
"20528","D_obs",6083,5833,0,1
"20529","D_obs",6083,5834,0,2
"20530","D_obs",6083,5835,0,0
"20531","D_obs",6083,5836,0,0
"20532","D_obs",6083,5837,0,0
"20533","D_obs",6083,5838,0,1
"20534","D_obs",6083,5839,0,0
"20535","D_obs",6083,5840,0,0
"20536","D_obs",6083,5841,0,0
"20537","D_obs",6083,5842,0,0
"20538","D_obs",6083,5843,0,0
"20539","D_obs",6083,5844,0,2
"20540","D_obs",6083,5845,0,0
"20541","D_obs",6083,5846,0,1
"20542","D_obs",6083,5847,0,0
"20543","D_obs",6083,5848,0,0
"20544","D_obs",6083,5849,0,0
"20545","D_obs",6083,5850,0,1
"20546","D_obs",6083,5851,0,0
"20547","D_obs",6083,5852,0,1
"20548","D_obs",6083,5853,0,2
"20549","D_obs",6083,5854,0,1
"20550","D_obs",6083,5855,0,0
"20551","D_obs",6083,5856,0,2
"20552","D_obs",6083,5857,0,0
"20553","D_obs",6083,5858,0,0
"20554","D_obs",6083,5859,0,0
"20555","D_obs",6083,5860,0,0
"20556","D_obs",6083,5861,0,1
"20557","D_obs",6083,5862,0,0
"20558","D_obs",6083,5863,0,0
"20559","D_obs",6083,5864,0,0
"20560","D_obs",6083,5865,0,1
"20561","D_obs",6083,5866,0,1
"20562","D_obs",6083,5867,0,0
"20563","D_obs",6083,5868,0,0
"20564","D_obs",6083,5869,0,2
"20565","D_obs",6083,5870,0,0
"20566","D_obs",6083,5871,0,2
"20567","D_obs",6083,5872,0,1
"20568","D_obs",6083,5873,0,0
"20569","D_obs",6083,5874,0,0
"20570","D_obs",6083,5875,0,0
"20571","D_obs",6083,5876,0,0
"20572","D_obs",6083,5877,0,0
"20573","D_obs",6083,5878,0,1
"20574","D_obs",6083,5879,0,1
"20575","D_obs",6083,5880,0,0
"20576","D_obs",6083,5881,0,0
"20577","D_obs",6083,5882,0,1
"20578","D_obs",6083,5883,0,0
"20579","D_obs",6083,5884,0,0
"20580","D_obs",6083,5885,0,0
"20581","D_obs",6083,5886,0,1
"20582","D_obs",6083,5887,0,0
"20583","D_obs",6083,5888,0,1
"20584","D_obs",6083,5889,0,0
"20585","D_obs",6083,5890,0,1
"20586","D_obs",6083,5891,0,0
"20587","D_obs",6083,5892,0,0
"20588","D_obs",6083,5893,0,1
"20589","D_obs",6083,5894,0,1
"20590","D_obs",6083,5895,0,0
"20591","D_obs",6083,5896,0,0
"20592","D_obs",6083,5897,0,1
"20593","D_obs",6083,5898,0,1
"20594","D_obs",6083,5899,0,0
"20595","D_obs",6083,5900,0,1
"20596","D_obs",6083,5901,0,1
"20597","D_obs",6083,5902,0,1
"20598","D_obs",6083,5903,0,1
"20599","D_obs",6083,5904,0,2
"20600","D_obs",6083,5905,0,1
"20601","D_obs",6083,5906,0,2
"20602","D_obs",6083,5907,0,0
"20603","D_obs",6083,5908,0,3
"20604","D_obs",6083,5909,0,3
"20605","D_obs",6083,5910,0,3
"20606","D_obs",6083,5911,0,1
"20607","D_obs",6083,5912,0,0
"20608","D_obs",6083,5913,0,3
"20609","D_obs",6083,5914,0,0
"20610","D_obs",6083,5915,0,0
"20611","D_obs",6083,5916,0,1
"20612","D_obs",6083,5917,0,1
"20613","D_obs",6083,5918,0,0
"20614","D_obs",6083,5919,0,0
"20615","D_obs",6083,5920,0,0
"20616","D_obs",6083,5921,0,1
"20617","D_obs",6083,5922,0,0
"20618","D_obs",6083,5923,0,2
"20619","D_obs",6083,5924,0,1
"20620","D_obs",6083,5925,0,0
"20621","D_obs",6083,5926,0,0
"20622","D_obs",6083,5927,0,0
"20623","D_obs",6083,5928,0,0
"20624","D_obs",6083,5929,0,1
"20625","D_obs",6083,5930,0,0
"20626","D_obs",6083,5931,0,0
"20627","D_obs",6083,5932,0,1
"20628","D_obs",6083,5933,0,2
"20629","D_obs",6083,5934,0,1
"20630","D_obs",6083,5935,0,1
"20631","D_obs",6083,5936,0,1
"20632","D_obs",6083,5937,0,0
"20633","D_obs",6083,5938,0,0
"20634","D_obs",6083,5939,0,1
"20635","D_obs",6083,5940,0,1
"20636","D_obs",6083,5941,0,1
"20637","D_obs",6083,5942,0,0
"20638","D_obs",6083,5943,0,0
"20639","D_obs",6083,5944,0,1
"20640","D_obs",6083,5945,0,2
"20641","D_obs",6083,5946,0,1
"20642","D_obs",6083,5947,0,1
"20643","D_obs",6083,5948,0,1
"20644","D_obs",6083,5949,0,2
"20645","D_obs",6083,5950,0,1
"20646","D_obs",6083,5951,0,1
"20647","D_obs",6083,5952,0,1
"20648","D_obs",6083,5953,0,0
"20649","D_obs",6083,5954,0,0
"20650","D_obs",6083,5955,0,1
"20651","D_obs",6083,5956,0,1
"20652","D_obs",6083,5957,0,0
"20653","D_obs",6083,5958,0,0
"20654","D_obs",6083,5959,0,2
"20655","D_obs",6083,5960,0,0
"20656","D_obs",6083,5961,0,3
"20657","D_obs",6083,5962,0,0
"20658","D_obs",6083,5963,0,0
"20659","D_obs",6083,5964,0,1
"20660","D_obs",6083,5965,0,0
"20661","D_obs",6083,5966,0,0
"20662","D_obs",6083,5967,0,0
"20663","D_obs",6083,5968,0,0
"20664","D_obs",6083,5969,0,0
"20665","D_obs",6083,5970,0,2
"20666","D_obs",6083,5971,0,1
"20667","D_obs",6083,5972,0,1
"20668","D_obs",6083,5973,0,0
"20669","D_obs",6083,5974,0,1
"20670","D_obs",6083,5975,0,0
"20671","D_obs",6083,5976,0,0
"20672","D_obs",6083,5977,0,2
"20673","D_obs",6083,5978,0,0
"20674","D_obs",6083,5979,0,1
"20675","D_obs",6083,5980,0,1
"20676","D_obs",6083,5981,0,0
"20677","D_obs",6083,5982,0,0
"20678","D_obs",6083,5983,0,1
"20679","D_obs",6083,5984,0,0
"20680","D_obs",6083,5985,0,0
"20681","D_obs",6083,5986,0,0
"20682","D_obs",6083,5987,0,0
"20683","D_obs",6083,5988,0,0
"20684","D_obs",6083,5989,0,0
"20685","D_obs",6083,5990,0,0
"20686","D_obs",6083,5991,0,2
"20687","D_obs",6083,5992,0,1
"20688","D_obs",6083,5993,0,0
"20689","D_obs",6083,5994,0,1
"20690","D_obs",6083,5995,0,0
"20691","D_obs",6083,5996,0,1
"20692","D_obs",6083,5997,0,2
"20693","D_obs",6083,5998,0,0
"20694","D_obs",6083,5999,0,0
"20695","D_obs",6083,6000,0,0
"20696","D_obs",6083,6001,0,0
"20697","D_obs",6083,6002,0,0
"20698","D_obs",6083,6003,0,0
"20699","D_obs",6083,6004,0,0
"20700","D_obs",6083,6005,0,0
"20701","D_obs",6083,6006,0,3
"20702","D_obs",6083,6007,0,3
"20703","D_obs",6083,6008,0,0
"20704","D_obs",6083,6009,0,0
"20705","D_obs",6083,6010,0,0
"20706","D_obs",6083,6011,0,1
"20707","D_obs",6083,6012,0,2
"20708","D_obs",6083,6013,0,0
"20709","D_obs",6083,6014,0,1
"20710","D_obs",6083,6015,0,1
"20711","D_obs",6083,6016,0,1
"20712","D_obs",6083,6017,0,1
"20713","D_obs",6083,6018,0,0
"20714","D_obs",6083,6019,0,0
"20715","D_obs",6083,6020,0,1
"20716","D_obs",6083,6021,0,1
"20717","D_obs",6083,6022,0,0
"20718","D_obs",6083,6023,0,0
"20719","D_obs",6083,6024,0,1
"20720","D_obs",6083,6025,0,1
"20721","D_obs",6083,6026,0,1
"20722","D_obs",6083,6027,0,0
"20723","D_obs",6083,6028,0,0
"20724","D_obs",6083,6029,0,0
"20725","D_obs",6083,6030,0,0
"20726","D_obs",6083,6031,0,2
"20727","D_obs",6083,6032,0,0
"20728","D_obs",6083,6033,0,1
"20729","D_obs",6083,6034,0,0
"20730","D_obs",6083,6035,0,0
"20731","D_obs",6083,6036,0,0
"20732","D_obs",6083,6037,0,0
"20733","D_obs",6083,6038,0,1
"20734","D_obs",6083,6039,0,0
"20735","D_obs",6083,6040,0,1
"20736","D_obs",6083,6041,0,1
"20737","D_obs",6083,6042,0,0
"20738","D_obs",6083,6043,0,0
"20739","D_obs",6083,6044,0,0
"20740","D_obs",6083,6045,0,1
"20741","D_obs",6083,6046,0,0
"20742","D_obs",6083,6047,0,0
"20743","D_obs",6083,6048,0,0
"20744","D_obs",6083,6049,0,0
"20745","D_obs",6083,6050,0,0
"20746","D_obs",6083,6051,0,2
"20747","D_obs",6083,6052,0,0
"20748","D_obs",6083,6053,0,1
"20749","D_obs",6083,6054,0,0
"20750","D_obs",6083,6055,0,1
"20751","D_obs",6083,6056,0,0
"20752","D_obs",6083,6057,0,0
"20753","D_obs",6083,6058,0,0
"20754","D_obs",6083,6059,0,0
"20755","D_obs",6083,6060,0,0
"20756","D_obs",6083,6061,0,1
"20757","D_obs",6083,6062,0,1
"20758","D_obs",6083,6063,0,0
"20759","D_obs",6083,6064,0,0
"20760","D_obs",6083,6065,0,0
"20761","D_obs",6083,6066,0,0
"20762","D_obs",6083,6067,0,0
"20763","D_obs",6083,6068,0,0
"20764","D_obs",6083,6069,0,0
"20765","D_obs",6083,6070,0,1
"20766","D_obs",6083,6071,0,0
"20767","D_obs",6083,6072,0,0
"20768","D_obs",6083,6073,0,0
"20769","D_obs",6083,6074,0,0
"20770","D_obs",6083,6075,0,0
"20771","D_obs",6083,6076,0,0
"20772","D_obs",6083,6077,0,1
"20773","D_obs",6083,6078,0,0
"20774","D_obs",6083,6079,0,0
"20775","D_obs",6083,6080,0,0
"20776","D_obs",6083,6081,0,0
"20777","cases_obs",6083,0,0,208
"20778","cases_obs",6083,1,0,199
"20779","cases_obs",6083,2,0,209
"20780","cases_obs",6083,3,0,205
"20781","cases_obs",6083,4,0,191
"20782","cases_obs",6083,5,0,189
"20783","cases_obs",6083,6,0,150
"20784","cases_obs",6083,7,0,193
"20785","cases_obs",6083,8,0,216
"20786","cases_obs",6083,9,0,179
"20787","cases_obs",6083,10,0,154
"20788","cases_obs",6083,11,0,174
"20789","cases_obs",6083,12,0,204
"20790","cases_obs",6083,13,0,167
"20791","cases_obs",6083,14,0,216
"20792","cases_obs",6083,15,0,178
"20793","cases_obs",6083,16,0,223
"20794","cases_obs",6083,17,0,434
"20795","cases_obs",6083,18,0,508
"20796","cases_obs",6083,19,0,365
"20797","cases_obs",6083,20,0,408
"20798","cases_obs",6083,21,0,367
"20799","cases_obs",6083,22,0,368
"20800","cases_obs",6083,23,0,354
"20801","cases_obs",6083,24,0,418
"20802","cases_obs",6083,25,0,478
"20803","cases_obs",6083,26,0,415
"20804","cases_obs",6083,27,0,408
"20805","cases_obs",6083,28,0,399
"20806","cases_obs",6083,29,0,442
"20807","cases_obs",6083,30,0,429
"20808","cases_obs",6083,31,0,371
"20809","cases_obs",6083,32,0,343
"20810","cases_obs",6083,33,0,294
"20811","cases_obs",6083,34,0,332
"20812","cases_obs",6083,35,0,394
"20813","cases_obs",6083,36,0,504
"20814","cases_obs",6083,37,0,479
"20815","cases_obs",6083,38,0,594
"20816","cases_obs",6083,39,0,636
"20817","cases_obs",6083,40,0,510
"20818","cases_obs",6083,41,0,610
"20819","cases_obs",6083,42,0,590
"20820","cases_obs",6083,43,0,532
"20821","cases_obs",6083,44,0,432
"20822","cases_obs",6083,45,0,411
"20823","cases_obs",6083,46,0,448
"20824","cases_obs",6083,47,0,400
"20825","cases_obs",6083,48,0,458
"20826","cases_obs",6083,49,0,403
"20827","cases_obs",6083,50,0,312
"20828","cases_obs",6083,51,0,302
"20829","cases_obs",6083,52,0,378
"20830","cases_obs",6083,53,0,331
"20831","cases_obs",6083,54,0,335
"20832","cases_obs",6083,55,0,368
"20833","cases_obs",6083,56,0,306
"20834","cases_obs",6083,57,0,315
"20835","cases_obs",6083,58,0,328
"20836","cases_obs",6083,59,0,271
"20837","cases_obs",6083,60,0,275
"20838","cases_obs",6083,61,0,340
"20839","cases_obs",6083,62,0,311
"20840","cases_obs",6083,63,0,309
"20841","cases_obs",6083,64,0,256
"20842","cases_obs",6083,65,0,312
"20843","cases_obs",6083,66,0,294
"20844","cases_obs",6083,67,0,307
"20845","cases_obs",6083,68,0,336
"20846","cases_obs",6083,69,0,292
"20847","cases_obs",6083,70,0,318
"20848","cases_obs",6083,71,0,324
"20849","cases_obs",6083,72,0,318
"20850","cases_obs",6083,73,0,381
"20851","cases_obs",6083,74,0,360
"20852","cases_obs",6083,75,0,333
"20853","cases_obs",6083,76,0,429
"20854","cases_obs",6083,77,0,325
"20855","cases_obs",6083,78,0,291
"20856","cases_obs",6083,79,0,319
"20857","cases_obs",6083,80,0,354
"20858","cases_obs",6083,81,0,463
"20859","cases_obs",6083,82,0,451
"20860","cases_obs",6083,83,0,331
"20861","cases_obs",6083,84,0,353
"20862","cases_obs",6083,85,0,345
"20863","cases_obs",6083,86,0,329
"20864","cases_obs",6083,87,0,384
"20865","cases_obs",6083,88,0,336
"20866","cases_obs",6083,89,0,357
"20867","cases_obs",6083,90,0,422
"20868","cases_obs",6083,91,0,430
"20869","cases_obs",6083,92,0,464
"20870","cases_obs",6083,93,0,407
"20871","cases_obs",6083,94,0,413
"20872","cases_obs",6083,95,0,441
"20873","cases_obs",6083,96,0,410
"20874","cases_obs",6083,97,0,308
"20875","cases_obs",6083,98,0,320
"20876","cases_obs",6083,99,0,443
"20877","cases_obs",6083,100,0,279
"20878","cases_obs",6083,101,0,322
"20879","cases_obs",6083,102,0,346
"20880","cases_obs",6083,103,0,226
"20881","cases_obs",6083,104,0,266
"20882","cases_obs",6083,105,0,296
"20883","cases_obs",6083,106,0,243
"20884","cases_obs",6083,107,0,256
"20885","cases_obs",6083,108,0,235
"20886","cases_obs",6083,109,0,225
"20887","cases_obs",6083,110,0,262
"20888","cases_obs",6083,111,0,235
"20889","cases_obs",6083,112,0,220
"20890","cases_obs",6083,113,0,214
"20891","cases_obs",6083,114,0,274
"20892","cases_obs",6083,115,0,255
"20893","cases_obs",6083,116,0,249
"20894","cases_obs",6083,117,0,221
"20895","cases_obs",6083,118,0,180
"20896","cases_obs",6083,119,0,216
"20897","cases_obs",6083,120,0,236
"20898","cases_obs",6083,121,0,297
"20899","cases_obs",6083,122,0,269
"20900","cases_obs",6083,123,0,259
"20901","cases_obs",6083,124,0,269
"20902","cases_obs",6083,125,0,264
"20903","cases_obs",6083,126,0,258
"20904","cases_obs",6083,127,0,199
"20905","cases_obs",6083,128,0,192
"20906","cases_obs",6083,129,0,244
"20907","cases_obs",6083,130,0,270
"20908","cases_obs",6083,131,0,272
"20909","cases_obs",6083,132,0,263
"20910","cases_obs",6083,133,0,291
"20911","cases_obs",6083,134,0,266
"20912","cases_obs",6083,135,0,238
"20913","cases_obs",6083,136,0,228
"20914","cases_obs",6083,137,0,233
"20915","cases_obs",6083,138,0,204
"20916","cases_obs",6083,139,0,245
"20917","cases_obs",6083,140,0,254
"20918","cases_obs",6083,141,0,256
"20919","cases_obs",6083,142,0,333
"20920","cases_obs",6083,143,0,274
"20921","cases_obs",6083,144,0,270
"20922","cases_obs",6083,145,0,249
"20923","cases_obs",6083,146,0,243
"20924","cases_obs",6083,147,0,240
"20925","cases_obs",6083,148,0,240
"20926","cases_obs",6083,149,0,214
"20927","cases_obs",6083,150,0,203
"20928","cases_obs",6083,151,0,206
"20929","cases_obs",6083,152,0,203
"20930","cases_obs",6083,153,0,190
"20931","cases_obs",6083,154,0,226
"20932","cases_obs",6083,155,0,156
"20933","cases_obs",6083,156,0,204
"20934","cases_obs",6083,157,0,226
"20935","cases_obs",6083,158,0,216
"20936","cases_obs",6083,159,0,190
"20937","cases_obs",6083,160,0,186
"20938","cases_obs",6083,161,0,178
"20939","cases_obs",6083,162,0,192
"20940","cases_obs",6083,163,0,167
"20941","cases_obs",6083,164,0,159
"20942","cases_obs",6083,165,0,189
"20943","cases_obs",6083,166,0,213
"20944","cases_obs",6083,167,0,196
"20945","cases_obs",6083,168,0,177
"20946","cases_obs",6083,169,0,152
"20947","cases_obs",6083,170,0,175
"20948","cases_obs",6083,171,0,180
"20949","cases_obs",6083,172,0,240
"20950","cases_obs",6083,173,0,216
"20951","cases_obs",6083,174,0,266
"20952","cases_obs",6083,175,0,256
"20953","cases_obs",6083,176,0,285
"20954","cases_obs",6083,177,0,208
"20955","cases_obs",6083,178,0,253
"20956","cases_obs",6083,179,0,221
"20957","cases_obs",6083,180,0,243
"20958","cases_obs",6083,181,0,219
"20959","cases_obs",6083,182,0,268
"20960","cases_obs",6083,183,0,315
"20961","cases_obs",6083,184,0,267
"20962","cases_obs",6083,185,0,245
"20963","cases_obs",6083,186,0,277
"20964","cases_obs",6083,187,0,203
"20965","cases_obs",6083,188,0,205
"20966","cases_obs",6083,189,0,204
"20967","cases_obs",6083,190,0,268
"20968","cases_obs",6083,191,0,308
"20969","cases_obs",6083,192,0,267
"20970","cases_obs",6083,193,0,374
"20971","cases_obs",6083,194,0,327
"20972","cases_obs",6083,195,0,398
"20973","cases_obs",6083,196,0,482
"20974","cases_obs",6083,197,0,420
"20975","cases_obs",6083,198,0,441
"20976","cases_obs",6083,199,0,342
"20977","cases_obs",6083,200,0,354
"20978","cases_obs",6083,201,0,319
"20979","cases_obs",6083,202,0,286
"20980","cases_obs",6083,203,0,309
"20981","cases_obs",6083,204,0,278
"20982","cases_obs",6083,205,0,290
"20983","cases_obs",6083,206,0,286
"20984","cases_obs",6083,207,0,259
"20985","cases_obs",6083,208,0,247
"20986","cases_obs",6083,209,0,215
"20987","cases_obs",6083,210,0,228
"20988","cases_obs",6083,211,0,252
"20989","cases_obs",6083,212,0,274
"20990","cases_obs",6083,213,0,252
"20991","cases_obs",6083,214,0,302
"20992","cases_obs",6083,215,0,266
"20993","cases_obs",6083,216,0,265
"20994","cases_obs",6083,217,0,309
"20995","cases_obs",6083,218,0,334
"20996","cases_obs",6083,219,0,304
"20997","cases_obs",6083,220,0,287
"20998","cases_obs",6083,221,0,280
"20999","cases_obs",6083,222,0,335
"21000","cases_obs",6083,223,0,322
"21001","cases_obs",6083,224,0,244
"21002","cases_obs",6083,225,0,286
"21003","cases_obs",6083,226,0,268
"21004","cases_obs",6083,227,0,336
"21005","cases_obs",6083,228,0,364
"21006","cases_obs",6083,229,0,338
"21007","cases_obs",6083,230,0,379
"21008","cases_obs",6083,231,0,300
"21009","cases_obs",6083,232,0,347
"21010","cases_obs",6083,233,0,327
"21011","cases_obs",6083,234,0,372
"21012","cases_obs",6083,235,0,378
"21013","cases_obs",6083,236,0,383
"21014","cases_obs",6083,237,0,322
"21015","cases_obs",6083,238,0,385
"21016","cases_obs",6083,239,0,376
"21017","cases_obs",6083,240,0,383
"21018","cases_obs",6083,241,0,403
"21019","cases_obs",6083,242,0,371
"21020","cases_obs",6083,243,0,401
"21021","cases_obs",6083,244,0,509
"21022","cases_obs",6083,245,0,482
"21023","cases_obs",6083,246,0,598
"21024","cases_obs",6083,247,0,543
"21025","cases_obs",6083,248,0,567
"21026","cases_obs",6083,249,0,547
"21027","cases_obs",6083,250,0,571
"21028","cases_obs",6083,251,0,554
"21029","cases_obs",6083,252,0,541
"21030","cases_obs",6083,253,0,576
"21031","cases_obs",6083,254,0,467
"21032","cases_obs",6083,255,0,501
"21033","cases_obs",6083,256,0,440
"21034","cases_obs",6083,257,0,400
"21035","cases_obs",6083,258,0,390
"21036","cases_obs",6083,259,0,294
"21037","cases_obs",6083,260,0,306
"21038","cases_obs",6083,261,0,347
"21039","cases_obs",6083,262,0,286
"21040","cases_obs",6083,263,0,345
"21041","cases_obs",6083,264,0,364
"21042","cases_obs",6083,265,0,356
"21043","cases_obs",6083,266,0,231
"21044","cases_obs",6083,267,0,321
"21045","cases_obs",6083,268,0,292
"21046","cases_obs",6083,269,0,336
"21047","cases_obs",6083,270,0,285
"21048","cases_obs",6083,271,0,268
"21049","cases_obs",6083,272,0,273
"21050","cases_obs",6083,273,0,245
"21051","cases_obs",6083,274,0,293
"21052","cases_obs",6083,275,0,246
"21053","cases_obs",6083,276,0,347
"21054","cases_obs",6083,277,0,314
"21055","cases_obs",6083,278,0,364
"21056","cases_obs",6083,279,0,356
"21057","cases_obs",6083,280,0,327
"21058","cases_obs",6083,281,0,376
"21059","cases_obs",6083,282,0,336
"21060","cases_obs",6083,283,0,363
"21061","cases_obs",6083,284,0,393
"21062","cases_obs",6083,285,0,402
"21063","cases_obs",6083,286,0,406
"21064","cases_obs",6083,287,0,399
"21065","cases_obs",6083,288,0,427
"21066","cases_obs",6083,289,0,434
"21067","cases_obs",6083,290,0,431
"21068","cases_obs",6083,291,0,463
"21069","cases_obs",6083,292,0,345
"21070","cases_obs",6083,293,0,329
"21071","cases_obs",6083,294,0,364
"21072","cases_obs",6083,295,0,308
"21073","cases_obs",6083,296,0,466
"21074","cases_obs",6083,297,0,442
"21075","cases_obs",6083,298,0,518
"21076","cases_obs",6083,299,0,537
"21077","cases_obs",6083,300,0,671
"21078","cases_obs",6083,301,0,602
"21079","cases_obs",6083,302,0,591
"21080","cases_obs",6083,303,0,566
"21081","cases_obs",6083,304,0,529
"21082","cases_obs",6083,305,0,477
"21083","cases_obs",6083,306,0,481
"21084","cases_obs",6083,307,0,521
"21085","cases_obs",6083,308,0,456
"21086","cases_obs",6083,309,0,444
"21087","cases_obs",6083,310,0,398
"21088","cases_obs",6083,311,0,363
"21089","cases_obs",6083,312,0,261
"21090","cases_obs",6083,313,0,332
"21091","cases_obs",6083,314,0,312
"21092","cases_obs",6083,315,0,360
"21093","cases_obs",6083,316,0,316
"21094","cases_obs",6083,317,0,332
"21095","cases_obs",6083,318,0,339
"21096","cases_obs",6083,319,0,401
"21097","cases_obs",6083,320,0,333
"21098","cases_obs",6083,321,0,344
"21099","cases_obs",6083,322,0,322
"21100","cases_obs",6083,323,0,350
"21101","cases_obs",6083,324,0,337
"21102","cases_obs",6083,325,0,327
"21103","cases_obs",6083,326,0,401
"21104","cases_obs",6083,327,0,313
"21105","cases_obs",6083,328,0,371
"21106","cases_obs",6083,329,0,394
"21107","cases_obs",6083,330,0,366
"21108","cases_obs",6083,331,0,383
"21109","cases_obs",6083,332,0,337
"21110","cases_obs",6083,333,0,451
"21111","cases_obs",6083,334,0,457
"21112","cases_obs",6083,335,0,393
"21113","cases_obs",6083,336,0,429
"21114","cases_obs",6083,337,0,410
"21115","cases_obs",6083,338,0,457
"21116","cases_obs",6083,339,0,512
"21117","cases_obs",6083,340,0,517
"21118","cases_obs",6083,341,0,595
"21119","cases_obs",6083,342,0,573
"21120","cases_obs",6083,343,0,444
"21121","cases_obs",6083,344,0,536
"21122","cases_obs",6083,345,0,438
"21123","cases_obs",6083,346,0,447
"21124","cases_obs",6083,347,0,571
"21125","cases_obs",6083,348,0,621
"21126","cases_obs",6083,349,0,606
"21127","cases_obs",6083,350,0,726
"21128","cases_obs",6083,351,0,780
"21129","cases_obs",6083,352,0,838
"21130","cases_obs",6083,353,0,798
"21131","cases_obs",6083,354,0,867
"21132","cases_obs",6083,355,0,871
"21133","cases_obs",6083,356,0,851
"21134","cases_obs",6083,357,0,726
"21135","cases_obs",6083,358,0,677
"21136","cases_obs",6083,359,0,653
"21137","cases_obs",6083,360,0,668
"21138","cases_obs",6083,361,0,596
"21139","cases_obs",6083,362,0,573
"21140","cases_obs",6083,363,0,491
"21141","cases_obs",6083,364,0,391
"21142","cases_obs",6083,365,0,463
"21143","cases_obs",6083,366,0,516
"21144","cases_obs",6083,367,0,470
"21145","cases_obs",6083,368,0,447
"21146","cases_obs",6083,369,0,413
"21147","cases_obs",6083,370,0,453
"21148","cases_obs",6083,371,0,472
"21149","cases_obs",6083,372,0,454
"21150","cases_obs",6083,373,0,379
"21151","cases_obs",6083,374,0,358
"21152","cases_obs",6083,375,0,356
"21153","cases_obs",6083,376,0,397
"21154","cases_obs",6083,377,0,374
"21155","cases_obs",6083,378,0,340
"21156","cases_obs",6083,379,0,331
"21157","cases_obs",6083,380,0,342
"21158","cases_obs",6083,381,0,359
"21159","cases_obs",6083,382,0,364
"21160","cases_obs",6083,383,0,384
"21161","cases_obs",6083,384,0,378
"21162","cases_obs",6083,385,0,332
"21163","cases_obs",6083,386,0,335
"21164","cases_obs",6083,387,0,293
"21165","cases_obs",6083,388,0,308
"21166","cases_obs",6083,389,0,301
"21167","cases_obs",6083,390,0,358
"21168","cases_obs",6083,391,0,343
"21169","cases_obs",6083,392,0,412
"21170","cases_obs",6083,393,0,371
"21171","cases_obs",6083,394,0,432
"21172","cases_obs",6083,395,0,384
"21173","cases_obs",6083,396,0,362
"21174","cases_obs",6083,397,0,328
"21175","cases_obs",6083,398,0,384
"21176","cases_obs",6083,399,0,385
"21177","cases_obs",6083,400,0,396
"21178","cases_obs",6083,401,0,478
"21179","cases_obs",6083,402,0,617
"21180","cases_obs",6083,403,0,604
"21181","cases_obs",6083,404,0,612
"21182","cases_obs",6083,405,0,539
"21183","cases_obs",6083,406,0,524
"21184","cases_obs",6083,407,0,425
"21185","cases_obs",6083,408,0,505
"21186","cases_obs",6083,409,0,531
"21187","cases_obs",6083,410,0,525
"21188","cases_obs",6083,411,0,447
"21189","cases_obs",6083,412,0,510
"21190","cases_obs",6083,413,0,451
"21191","cases_obs",6083,414,0,448
"21192","cases_obs",6083,415,0,413
"21193","cases_obs",6083,416,0,258
"21194","cases_obs",6083,417,0,417
"21195","cases_obs",6083,418,0,360
"21196","cases_obs",6083,419,0,354
"21197","cases_obs",6083,420,0,408
"21198","cases_obs",6083,421,0,350
"21199","cases_obs",6083,422,0,326
"21200","cases_obs",6083,423,0,311
"21201","cases_obs",6083,424,0,290
"21202","cases_obs",6083,425,0,333
"21203","cases_obs",6083,426,0,308
"21204","cases_obs",6083,427,0,284
"21205","cases_obs",6083,428,0,248
"21206","cases_obs",6083,429,0,340
"21207","cases_obs",6083,430,0,316
"21208","cases_obs",6083,431,0,229
"21209","cases_obs",6083,432,0,279
"21210","cases_obs",6083,433,0,271
"21211","cases_obs",6083,434,0,331
"21212","cases_obs",6083,435,0,313
"21213","cases_obs",6083,436,0,329
"21214","cases_obs",6083,437,0,372
"21215","cases_obs",6083,438,0,348
"21216","cases_obs",6083,439,0,309
"21217","cases_obs",6083,440,0,317
"21218","cases_obs",6083,441,0,459
"21219","cases_obs",6083,442,0,445
"21220","cases_obs",6083,443,0,403
"21221","cases_obs",6083,444,0,383
"21222","cases_obs",6083,445,0,420
"21223","cases_obs",6083,446,0,383
"21224","cases_obs",6083,447,0,316
"21225","cases_obs",6083,448,0,290
"21226","cases_obs",6083,449,0,307
"21227","cases_obs",6083,450,0,248
"21228","cases_obs",6083,451,0,283
"21229","cases_obs",6083,452,0,341
"21230","cases_obs",6083,453,0,413
"21231","cases_obs",6083,454,0,433
"21232","cases_obs",6083,455,0,447
"21233","cases_obs",6083,456,0,413
"21234","cases_obs",6083,457,0,328
"21235","cases_obs",6083,458,0,381
"21236","cases_obs",6083,459,0,347
"21237","cases_obs",6083,460,0,313
"21238","cases_obs",6083,461,0,317
"21239","cases_obs",6083,462,0,311
"21240","cases_obs",6083,463,0,304
"21241","cases_obs",6083,464,0,284
"21242","cases_obs",6083,465,0,277
"21243","cases_obs",6083,466,0,287
"21244","cases_obs",6083,467,0,285
"21245","cases_obs",6083,468,0,234
"21246","cases_obs",6083,469,0,282
"21247","cases_obs",6083,470,0,213
"21248","cases_obs",6083,471,0,215
"21249","cases_obs",6083,472,0,212
"21250","cases_obs",6083,473,0,209
"21251","cases_obs",6083,474,0,207
"21252","cases_obs",6083,475,0,246
"21253","cases_obs",6083,476,0,216
"21254","cases_obs",6083,477,0,221
"21255","cases_obs",6083,478,0,216
"21256","cases_obs",6083,479,0,216
"21257","cases_obs",6083,480,0,174
"21258","cases_obs",6083,481,0,180
"21259","cases_obs",6083,482,0,198
"21260","cases_obs",6083,483,0,196
"21261","cases_obs",6083,484,0,210
"21262","cases_obs",6083,485,0,202
"21263","cases_obs",6083,486,0,206
"21264","cases_obs",6083,487,0,188
"21265","cases_obs",6083,488,0,188
"21266","cases_obs",6083,489,0,203
"21267","cases_obs",6083,490,0,183
"21268","cases_obs",6083,491,0,215
"21269","cases_obs",6083,492,0,191
"21270","cases_obs",6083,493,0,172
"21271","cases_obs",6083,494,0,199
"21272","cases_obs",6083,495,0,196
"21273","cases_obs",6083,496,0,186
"21274","cases_obs",6083,497,0,247
"21275","cases_obs",6083,498,0,185
"21276","cases_obs",6083,499,0,199
"21277","cases_obs",6083,500,0,170
"21278","cases_obs",6083,501,0,176
"21279","cases_obs",6083,502,0,164
"21280","cases_obs",6083,503,0,168
"21281","cases_obs",6083,504,0,190
"21282","cases_obs",6083,505,0,203
"21283","cases_obs",6083,506,0,216
"21284","cases_obs",6083,507,0,214
"21285","cases_obs",6083,508,0,262
"21286","cases_obs",6083,509,0,250
"21287","cases_obs",6083,510,0,252
"21288","cases_obs",6083,511,0,263
"21289","cases_obs",6083,512,0,232
"21290","cases_obs",6083,513,0,200
"21291","cases_obs",6083,514,0,246
"21292","cases_obs",6083,515,0,204
"21293","cases_obs",6083,516,0,176
"21294","cases_obs",6083,517,0,170
"21295","cases_obs",6083,518,0,180
"21296","cases_obs",6083,519,0,189
"21297","cases_obs",6083,520,0,177
"21298","cases_obs",6083,521,0,145
"21299","cases_obs",6083,522,0,166
"21300","cases_obs",6083,523,0,151
"21301","cases_obs",6083,524,0,156
"21302","cases_obs",6083,525,0,125
"21303","cases_obs",6083,526,0,139
"21304","cases_obs",6083,527,0,144
"21305","cases_obs",6083,528,0,156
"21306","cases_obs",6083,529,0,158
"21307","cases_obs",6083,530,0,128
"21308","cases_obs",6083,531,0,143
"21309","cases_obs",6083,532,0,157
"21310","cases_obs",6083,533,0,137
"21311","cases_obs",6083,534,0,145
"21312","cases_obs",6083,535,0,122
"21313","cases_obs",6083,536,0,126
"21314","cases_obs",6083,537,0,185
"21315","cases_obs",6083,538,0,154
"21316","cases_obs",6083,539,0,156
"21317","cases_obs",6083,540,0,167
"21318","cases_obs",6083,541,0,173
"21319","cases_obs",6083,542,0,151
"21320","cases_obs",6083,543,0,171
"21321","cases_obs",6083,544,0,151
"21322","cases_obs",6083,545,0,196
"21323","cases_obs",6083,546,0,164
"21324","cases_obs",6083,547,0,172
"21325","cases_obs",6083,548,0,193
"21326","cases_obs",6083,549,0,211
"21327","cases_obs",6083,550,0,231
"21328","cases_obs",6083,551,0,222
"21329","cases_obs",6083,552,0,194
"21330","cases_obs",6083,553,0,186
"21331","cases_obs",6083,554,0,157
"21332","cases_obs",6083,555,0,141
"21333","cases_obs",6083,556,0,167
"21334","cases_obs",6083,557,0,226
"21335","cases_obs",6083,558,0,267
"21336","cases_obs",6083,559,0,243
"21337","cases_obs",6083,560,0,346
"21338","cases_obs",6083,561,0,303
"21339","cases_obs",6083,562,0,380
"21340","cases_obs",6083,563,0,382
"21341","cases_obs",6083,564,0,335
"21342","cases_obs",6083,565,0,291
"21343","cases_obs",6083,566,0,318
"21344","cases_obs",6083,567,0,309
"21345","cases_obs",6083,568,0,240
"21346","cases_obs",6083,569,0,258
"21347","cases_obs",6083,570,0,272
"21348","cases_obs",6083,571,0,253
"21349","cases_obs",6083,572,0,207
"21350","cases_obs",6083,573,0,169
"21351","cases_obs",6083,574,0,214
"21352","cases_obs",6083,575,0,172
"21353","cases_obs",6083,576,0,171
"21354","cases_obs",6083,577,0,195
"21355","cases_obs",6083,578,0,170
"21356","cases_obs",6083,579,0,183
"21357","cases_obs",6083,580,0,148
"21358","cases_obs",6083,581,0,214
"21359","cases_obs",6083,582,0,182
"21360","cases_obs",6083,583,0,168
"21361","cases_obs",6083,584,0,177
"21362","cases_obs",6083,585,0,131
"21363","cases_obs",6083,586,0,158
"21364","cases_obs",6083,587,0,114
"21365","cases_obs",6083,588,0,131
"21366","cases_obs",6083,589,0,143
"21367","cases_obs",6083,590,0,168
"21368","cases_obs",6083,591,0,183
"21369","cases_obs",6083,592,0,163
"21370","cases_obs",6083,593,0,163
"21371","cases_obs",6083,594,0,192
"21372","cases_obs",6083,595,0,173
"21373","cases_obs",6083,596,0,189
"21374","cases_obs",6083,597,0,200
"21375","cases_obs",6083,598,0,199
"21376","cases_obs",6083,599,0,206
"21377","cases_obs",6083,600,0,213
"21378","cases_obs",6083,601,0,247
"21379","cases_obs",6083,602,0,196
"21380","cases_obs",6083,603,0,214
"21381","cases_obs",6083,604,0,183
"21382","cases_obs",6083,605,0,211
"21383","cases_obs",6083,606,0,215
"21384","cases_obs",6083,607,0,160
"21385","cases_obs",6083,608,0,219
"21386","cases_obs",6083,609,0,233
"21387","cases_obs",6083,610,0,283
"21388","cases_obs",6083,611,0,239
"21389","cases_obs",6083,612,0,285
"21390","cases_obs",6083,613,0,330
"21391","cases_obs",6083,614,0,340
"21392","cases_obs",6083,615,0,356
"21393","cases_obs",6083,616,0,313
"21394","cases_obs",6083,617,0,306
"21395","cases_obs",6083,618,0,326
"21396","cases_obs",6083,619,0,303
"21397","cases_obs",6083,620,0,288
"21398","cases_obs",6083,621,0,294
"21399","cases_obs",6083,622,0,300
"21400","cases_obs",6083,623,0,252
"21401","cases_obs",6083,624,0,227
"21402","cases_obs",6083,625,0,180
"21403","cases_obs",6083,626,0,205
"21404","cases_obs",6083,627,0,203
"21405","cases_obs",6083,628,0,223
"21406","cases_obs",6083,629,0,210
"21407","cases_obs",6083,630,0,245
"21408","cases_obs",6083,631,0,223
"21409","cases_obs",6083,632,0,213
"21410","cases_obs",6083,633,0,169
"21411","cases_obs",6083,634,0,205
"21412","cases_obs",6083,635,0,178
"21413","cases_obs",6083,636,0,178
"21414","cases_obs",6083,637,0,118
"21415","cases_obs",6083,638,0,242
"21416","cases_obs",6083,639,0,178
"21417","cases_obs",6083,640,0,182
"21418","cases_obs",6083,641,0,215
"21419","cases_obs",6083,642,0,204
"21420","cases_obs",6083,643,0,220
"21421","cases_obs",6083,644,0,199
"21422","cases_obs",6083,645,0,213
"21423","cases_obs",6083,646,0,197
"21424","cases_obs",6083,647,0,188
"21425","cases_obs",6083,648,0,199
"21426","cases_obs",6083,649,0,201
"21427","cases_obs",6083,650,0,285
"21428","cases_obs",6083,651,0,332
"21429","cases_obs",6083,652,0,325
"21430","cases_obs",6083,653,0,335
"21431","cases_obs",6083,654,0,361
"21432","cases_obs",6083,655,0,361
"21433","cases_obs",6083,656,0,292
"21434","cases_obs",6083,657,0,228
"21435","cases_obs",6083,658,0,246
"21436","cases_obs",6083,659,0,241
"21437","cases_obs",6083,660,0,286
"21438","cases_obs",6083,661,0,336
"21439","cases_obs",6083,662,0,306
"21440","cases_obs",6083,663,0,403
"21441","cases_obs",6083,664,0,535
"21442","cases_obs",6083,665,0,514
"21443","cases_obs",6083,666,0,508
"21444","cases_obs",6083,667,0,576
"21445","cases_obs",6083,668,0,609
"21446","cases_obs",6083,669,0,698
"21447","cases_obs",6083,670,0,548
"21448","cases_obs",6083,671,0,681
"21449","cases_obs",6083,672,0,639
"21450","cases_obs",6083,673,0,640
"21451","cases_obs",6083,674,0,553
"21452","cases_obs",6083,675,0,596
"21453","cases_obs",6083,676,0,485
"21454","cases_obs",6083,677,0,318
"21455","cases_obs",6083,678,0,459
"21456","cases_obs",6083,679,0,457
"21457","cases_obs",6083,680,0,429
"21458","cases_obs",6083,681,0,374
"21459","cases_obs",6083,682,0,459
"21460","cases_obs",6083,683,0,411
"21461","cases_obs",6083,684,0,458
"21462","cases_obs",6083,685,0,380
"21463","cases_obs",6083,686,0,432
"21464","cases_obs",6083,687,0,360
"21465","cases_obs",6083,688,0,337
"21466","cases_obs",6083,689,0,342
"21467","cases_obs",6083,690,0,341
"21468","cases_obs",6083,691,0,396
"21469","cases_obs",6083,692,0,292
"21470","cases_obs",6083,693,0,318
"21471","cases_obs",6083,694,0,292
"21472","cases_obs",6083,695,0,381
"21473","cases_obs",6083,696,0,410
"21474","cases_obs",6083,697,0,338
"21475","cases_obs",6083,698,0,426
"21476","cases_obs",6083,699,0,404
"21477","cases_obs",6083,700,0,351
"21478","cases_obs",6083,701,0,403
"21479","cases_obs",6083,702,0,428
"21480","cases_obs",6083,703,0,445
"21481","cases_obs",6083,704,0,433
"21482","cases_obs",6083,705,0,432
"21483","cases_obs",6083,706,0,446
"21484","cases_obs",6083,707,0,423
"21485","cases_obs",6083,708,0,431
"21486","cases_obs",6083,709,0,372
"21487","cases_obs",6083,710,0,378
"21488","cases_obs",6083,711,0,364
"21489","cases_obs",6083,712,0,542
"21490","cases_obs",6083,713,0,554
"21491","cases_obs",6083,714,0,661
"21492","cases_obs",6083,715,0,584
"21493","cases_obs",6083,716,0,652
"21494","cases_obs",6083,717,0,810
"21495","cases_obs",6083,718,0,771
"21496","cases_obs",6083,719,0,875
"21497","cases_obs",6083,720,0,824
"21498","cases_obs",6083,721,0,689
"21499","cases_obs",6083,722,0,725
"21500","cases_obs",6083,723,0,698
"21501","cases_obs",6083,724,0,689
"21502","cases_obs",6083,725,0,644
"21503","cases_obs",6083,726,0,578
"21504","cases_obs",6083,727,0,546
"21505","cases_obs",6083,728,0,476
"21506","cases_obs",6083,729,0,318
"21507","cases_obs",6083,730,0,503
"21508","cases_obs",6083,731,0,328
"21509","cases_obs",6083,732,0,355
"21510","cases_obs",6083,733,0,322
"21511","cases_obs",6083,734,0,338
"21512","cases_obs",6083,735,0,369
"21513","cases_obs",6083,736,0,361
"21514","cases_obs",6083,737,0,308
"21515","cases_obs",6083,738,0,299
"21516","cases_obs",6083,739,0,333
"21517","cases_obs",6083,740,0,280
"21518","cases_obs",6083,741,0,318
"21519","cases_obs",6083,742,0,300
"21520","cases_obs",6083,743,0,243
"21521","cases_obs",6083,744,0,292
"21522","cases_obs",6083,745,0,276
"21523","cases_obs",6083,746,0,255
"21524","cases_obs",6083,747,0,321
"21525","cases_obs",6083,748,0,323
"21526","cases_obs",6083,749,0,276
"21527","cases_obs",6083,750,0,336
"21528","cases_obs",6083,751,0,279
"21529","cases_obs",6083,752,0,321
"21530","cases_obs",6083,753,0,350
"21531","cases_obs",6083,754,0,330
"21532","cases_obs",6083,755,0,331
"21533","cases_obs",6083,756,0,351
"21534","cases_obs",6083,757,0,348
"21535","cases_obs",6083,758,0,315
"21536","cases_obs",6083,759,0,349
"21537","cases_obs",6083,760,0,314
"21538","cases_obs",6083,761,0,284
"21539","cases_obs",6083,762,0,294
"21540","cases_obs",6083,763,0,223
"21541","cases_obs",6083,764,0,211
"21542","cases_obs",6083,765,0,354
"21543","cases_obs",6083,766,0,294
"21544","cases_obs",6083,767,0,400
"21545","cases_obs",6083,768,0,393
"21546","cases_obs",6083,769,0,422
"21547","cases_obs",6083,770,0,485
"21548","cases_obs",6083,771,0,467
"21549","cases_obs",6083,772,0,463
"21550","cases_obs",6083,773,0,410
"21551","cases_obs",6083,774,0,353
"21552","cases_obs",6083,775,0,396
"21553","cases_obs",6083,776,0,347
"21554","cases_obs",6083,777,0,331
"21555","cases_obs",6083,778,0,298
"21556","cases_obs",6083,779,0,277
"21557","cases_obs",6083,780,0,272
"21558","cases_obs",6083,781,0,199
"21559","cases_obs",6083,782,0,258
"21560","cases_obs",6083,783,0,261
"21561","cases_obs",6083,784,0,234
"21562","cases_obs",6083,785,0,274
"21563","cases_obs",6083,786,0,263
"21564","cases_obs",6083,787,0,257
"21565","cases_obs",6083,788,0,200
"21566","cases_obs",6083,789,0,223
"21567","cases_obs",6083,790,0,203
"21568","cases_obs",6083,791,0,234
"21569","cases_obs",6083,792,0,226
"21570","cases_obs",6083,793,0,192
"21571","cases_obs",6083,794,0,207
"21572","cases_obs",6083,795,0,210
"21573","cases_obs",6083,796,0,235
"21574","cases_obs",6083,797,0,196
"21575","cases_obs",6083,798,0,183
"21576","cases_obs",6083,799,0,201
"21577","cases_obs",6083,800,0,168
"21578","cases_obs",6083,801,0,167
"21579","cases_obs",6083,802,0,155
"21580","cases_obs",6083,803,0,161
"21581","cases_obs",6083,804,0,162
"21582","cases_obs",6083,805,0,166
"21583","cases_obs",6083,806,0,154
"21584","cases_obs",6083,807,0,170
"21585","cases_obs",6083,808,0,157
"21586","cases_obs",6083,809,0,165
"21587","cases_obs",6083,810,0,165
"21588","cases_obs",6083,811,0,172
"21589","cases_obs",6083,812,0,161
"21590","cases_obs",6083,813,0,127
"21591","cases_obs",6083,814,0,145
"21592","cases_obs",6083,815,0,90
"21593","cases_obs",6083,816,0,97
"21594","cases_obs",6083,817,0,129
"21595","cases_obs",6083,818,0,147
"21596","cases_obs",6083,819,0,141
"21597","cases_obs",6083,820,0,147
"21598","cases_obs",6083,821,0,155
"21599","cases_obs",6083,822,0,153
"21600","cases_obs",6083,823,0,153
"21601","cases_obs",6083,824,0,140
"21602","cases_obs",6083,825,0,177
"21603","cases_obs",6083,826,0,163
"21604","cases_obs",6083,827,0,153
"21605","cases_obs",6083,828,0,147
"21606","cases_obs",6083,829,0,118
"21607","cases_obs",6083,830,0,128
"21608","cases_obs",6083,831,0,98
"21609","cases_obs",6083,832,0,120
"21610","cases_obs",6083,833,0,94
"21611","cases_obs",6083,834,0,94
"21612","cases_obs",6083,835,0,119
"21613","cases_obs",6083,836,0,86
"21614","cases_obs",6083,837,0,108
"21615","cases_obs",6083,838,0,111
"21616","cases_obs",6083,839,0,93
"21617","cases_obs",6083,840,0,95
"21618","cases_obs",6083,841,0,113
"21619","cases_obs",6083,842,0,123
"21620","cases_obs",6083,843,0,109
"21621","cases_obs",6083,844,0,104
"21622","cases_obs",6083,845,0,109
"21623","cases_obs",6083,846,0,114
"21624","cases_obs",6083,847,0,98
"21625","cases_obs",6083,848,0,75
"21626","cases_obs",6083,849,0,91
"21627","cases_obs",6083,850,0,86
"21628","cases_obs",6083,851,0,96
"21629","cases_obs",6083,852,0,101
"21630","cases_obs",6083,853,0,99
"21631","cases_obs",6083,854,0,90
"21632","cases_obs",6083,855,0,90
"21633","cases_obs",6083,856,0,84
"21634","cases_obs",6083,857,0,107
"21635","cases_obs",6083,858,0,70
"21636","cases_obs",6083,859,0,72
"21637","cases_obs",6083,860,0,91
"21638","cases_obs",6083,861,0,102
"21639","cases_obs",6083,862,0,110
"21640","cases_obs",6083,863,0,94
"21641","cases_obs",6083,864,0,93
"21642","cases_obs",6083,865,0,84
"21643","cases_obs",6083,866,0,69
"21644","cases_obs",6083,867,0,90
"21645","cases_obs",6083,868,0,92
"21646","cases_obs",6083,869,0,88
"21647","cases_obs",6083,870,0,104
"21648","cases_obs",6083,871,0,113
"21649","cases_obs",6083,872,0,151
"21650","cases_obs",6083,873,0,156
"21651","cases_obs",6083,874,0,157
"21652","cases_obs",6083,875,0,168
"21653","cases_obs",6083,876,0,158
"21654","cases_obs",6083,877,0,212
"21655","cases_obs",6083,878,0,188
"21656","cases_obs",6083,879,0,153
"21657","cases_obs",6083,880,0,226
"21658","cases_obs",6083,881,0,210
"21659","cases_obs",6083,882,0,195
"21660","cases_obs",6083,883,0,169
"21661","cases_obs",6083,884,0,154
"21662","cases_obs",6083,885,0,132
"21663","cases_obs",6083,886,0,113
"21664","cases_obs",6083,887,0,135
"21665","cases_obs",6083,888,0,144
"21666","cases_obs",6083,889,0,125
"21667","cases_obs",6083,890,0,135
"21668","cases_obs",6083,891,0,135
"21669","cases_obs",6083,892,0,127
"21670","cases_obs",6083,893,0,106
"21671","cases_obs",6083,894,0,119
"21672","cases_obs",6083,895,0,94
"21673","cases_obs",6083,896,0,118
"21674","cases_obs",6083,897,0,131
"21675","cases_obs",6083,898,0,153
"21676","cases_obs",6083,899,0,118
"21677","cases_obs",6083,900,0,95
"21678","cases_obs",6083,901,0,109
"21679","cases_obs",6083,902,0,98
"21680","cases_obs",6083,903,0,97
"21681","cases_obs",6083,904,0,91
"21682","cases_obs",6083,905,0,123
"21683","cases_obs",6083,906,0,119
"21684","cases_obs",6083,907,0,108
"21685","cases_obs",6083,908,0,86
"21686","cases_obs",6083,909,0,106
"21687","cases_obs",6083,910,0,116
"21688","cases_obs",6083,911,0,135
"21689","cases_obs",6083,912,0,147
"21690","cases_obs",6083,913,0,112
"21691","cases_obs",6083,914,0,113
"21692","cases_obs",6083,915,0,110
"21693","cases_obs",6083,916,0,98
"21694","cases_obs",6083,917,0,102
"21695","cases_obs",6083,918,0,94
"21696","cases_obs",6083,919,0,100
"21697","cases_obs",6083,920,0,104
"21698","cases_obs",6083,921,0,101
"21699","cases_obs",6083,922,0,138
"21700","cases_obs",6083,923,0,161
"21701","cases_obs",6083,924,0,157
"21702","cases_obs",6083,925,0,185
"21703","cases_obs",6083,926,0,170
"21704","cases_obs",6083,927,0,242
"21705","cases_obs",6083,928,0,237
"21706","cases_obs",6083,929,0,211
"21707","cases_obs",6083,930,0,171
"21708","cases_obs",6083,931,0,170
"21709","cases_obs",6083,932,0,153
"21710","cases_obs",6083,933,0,138
"21711","cases_obs",6083,934,0,127
"21712","cases_obs",6083,935,0,156
"21713","cases_obs",6083,936,0,145
"21714","cases_obs",6083,937,0,137
"21715","cases_obs",6083,938,0,121
"21716","cases_obs",6083,939,0,160
"21717","cases_obs",6083,940,0,119
"21718","cases_obs",6083,941,0,157
"21719","cases_obs",6083,942,0,125
"21720","cases_obs",6083,943,0,122
"21721","cases_obs",6083,944,0,128
"21722","cases_obs",6083,945,0,143
"21723","cases_obs",6083,946,0,132
"21724","cases_obs",6083,947,0,121
"21725","cases_obs",6083,948,0,140
"21726","cases_obs",6083,949,0,130
"21727","cases_obs",6083,950,0,106
"21728","cases_obs",6083,951,0,155
"21729","cases_obs",6083,952,0,157
"21730","cases_obs",6083,953,0,177
"21731","cases_obs",6083,954,0,136
"21732","cases_obs",6083,955,0,122
"21733","cases_obs",6083,956,0,119
"21734","cases_obs",6083,957,0,152
"21735","cases_obs",6083,958,0,151
"21736","cases_obs",6083,959,0,156
"21737","cases_obs",6083,960,0,164
"21738","cases_obs",6083,961,0,147
"21739","cases_obs",6083,962,0,162
"21740","cases_obs",6083,963,0,165
"21741","cases_obs",6083,964,0,179
"21742","cases_obs",6083,965,0,244
"21743","cases_obs",6083,966,0,259
"21744","cases_obs",6083,967,0,240
"21745","cases_obs",6083,968,0,288
"21746","cases_obs",6083,969,0,212
"21747","cases_obs",6083,970,0,189
"21748","cases_obs",6083,971,0,208
"21749","cases_obs",6083,972,0,165
"21750","cases_obs",6083,973,0,166
"21751","cases_obs",6083,974,0,219
"21752","cases_obs",6083,975,0,259
"21753","cases_obs",6083,976,0,260
"21754","cases_obs",6083,977,0,305
"21755","cases_obs",6083,978,0,390
"21756","cases_obs",6083,979,0,418
"21757","cases_obs",6083,980,0,448
"21758","cases_obs",6083,981,0,479
"21759","cases_obs",6083,982,0,444
"21760","cases_obs",6083,983,0,458
"21761","cases_obs",6083,984,0,438
"21762","cases_obs",6083,985,0,467
"21763","cases_obs",6083,986,0,511
"21764","cases_obs",6083,987,0,503
"21765","cases_obs",6083,988,0,442
"21766","cases_obs",6083,989,0,484
"21767","cases_obs",6083,990,0,261
"21768","cases_obs",6083,991,0,469
"21769","cases_obs",6083,992,0,287
"21770","cases_obs",6083,993,0,328
"21771","cases_obs",6083,994,0,343
"21772","cases_obs",6083,995,0,303
"21773","cases_obs",6083,996,0,314
"21774","cases_obs",6083,997,0,282
"21775","cases_obs",6083,998,0,299
"21776","cases_obs",6083,999,0,277
"21777","cases_obs",6083,1000,0,256
"21778","cases_obs",6083,1001,0,252
"21779","cases_obs",6083,1002,0,294
"21780","cases_obs",6083,1003,0,281
"21781","cases_obs",6083,1004,0,202
"21782","cases_obs",6083,1005,0,305
"21783","cases_obs",6083,1006,0,235
"21784","cases_obs",6083,1007,0,217
"21785","cases_obs",6083,1008,0,233
"21786","cases_obs",6083,1009,0,229
"21787","cases_obs",6083,1010,0,271
"21788","cases_obs",6083,1011,0,229
"21789","cases_obs",6083,1012,0,221
"21790","cases_obs",6083,1013,0,198
"21791","cases_obs",6083,1014,0,217
"21792","cases_obs",6083,1015,0,264
"21793","cases_obs",6083,1016,0,274
"21794","cases_obs",6083,1017,0,302
"21795","cases_obs",6083,1018,0,293
"21796","cases_obs",6083,1019,0,303
"21797","cases_obs",6083,1020,0,280
"21798","cases_obs",6083,1021,0,292
"21799","cases_obs",6083,1022,0,295
"21800","cases_obs",6083,1023,0,317
"21801","cases_obs",6083,1024,0,340
"21802","cases_obs",6083,1025,0,369
"21803","cases_obs",6083,1026,0,436
"21804","cases_obs",6083,1027,0,532
"21805","cases_obs",6083,1028,0,605
"21806","cases_obs",6083,1029,0,703
"21807","cases_obs",6083,1030,0,771
"21808","cases_obs",6083,1031,0,826
"21809","cases_obs",6083,1032,0,906
"21810","cases_obs",6083,1033,0,943
"21811","cases_obs",6083,1034,0,1025
"21812","cases_obs",6083,1035,0,878
"21813","cases_obs",6083,1036,0,980
"21814","cases_obs",6083,1037,0,838
"21815","cases_obs",6083,1038,0,728
"21816","cases_obs",6083,1039,0,787
"21817","cases_obs",6083,1040,0,723
"21818","cases_obs",6083,1041,0,528
"21819","cases_obs",6083,1042,0,471
"21820","cases_obs",6083,1043,0,641
"21821","cases_obs",6083,1044,0,516
"21822","cases_obs",6083,1045,0,479
"21823","cases_obs",6083,1046,0,540
"21824","cases_obs",6083,1047,0,567
"21825","cases_obs",6083,1048,0,424
"21826","cases_obs",6083,1049,0,488
"21827","cases_obs",6083,1050,0,525
"21828","cases_obs",6083,1051,0,465
"21829","cases_obs",6083,1052,0,476
"21830","cases_obs",6083,1053,0,509
"21831","cases_obs",6083,1054,0,513
"21832","cases_obs",6083,1055,0,466
"21833","cases_obs",6083,1056,0,445
"21834","cases_obs",6083,1057,0,427
"21835","cases_obs",6083,1058,0,409
"21836","cases_obs",6083,1059,0,411
"21837","cases_obs",6083,1060,0,490
"21838","cases_obs",6083,1061,0,490
"21839","cases_obs",6083,1062,0,533
"21840","cases_obs",6083,1063,0,503
"21841","cases_obs",6083,1064,0,553
"21842","cases_obs",6083,1065,0,547
"21843","cases_obs",6083,1066,0,427
"21844","cases_obs",6083,1067,0,558
"21845","cases_obs",6083,1068,0,546
"21846","cases_obs",6083,1069,0,542
"21847","cases_obs",6083,1070,0,625
"21848","cases_obs",6083,1071,0,593
"21849","cases_obs",6083,1072,0,602
"21850","cases_obs",6083,1073,0,530
"21851","cases_obs",6083,1074,0,439
"21852","cases_obs",6083,1075,0,395
"21853","cases_obs",6083,1076,0,478
"21854","cases_obs",6083,1077,0,434
"21855","cases_obs",6083,1078,0,605
"21856","cases_obs",6083,1079,0,730
"21857","cases_obs",6083,1080,0,878
"21858","cases_obs",6083,1081,0,812
"21859","cases_obs",6083,1082,0,894
"21860","cases_obs",6083,1083,0,1154
"21861","cases_obs",6083,1084,0,1137
"21862","cases_obs",6083,1085,0,1232
"21863","cases_obs",6083,1086,0,1102
"21864","cases_obs",6083,1087,0,1088
"21865","cases_obs",6083,1088,0,990
"21866","cases_obs",6083,1089,0,949
"21867","cases_obs",6083,1090,0,924
"21868","cases_obs",6083,1091,0,779
"21869","cases_obs",6083,1092,0,684
"21870","cases_obs",6083,1093,0,689
"21871","cases_obs",6083,1094,0,661
"21872","cases_obs",6083,1095,0,553
"21873","cases_obs",6083,1096,0,512
"21874","cases_obs",6083,1097,0,520
"21875","cases_obs",6083,1098,0,465
"21876","cases_obs",6083,1099,0,477
"21877","cases_obs",6083,1100,0,453
"21878","cases_obs",6083,1101,0,422
"21879","cases_obs",6083,1102,0,394
"21880","cases_obs",6083,1103,0,380
"21881","cases_obs",6083,1104,0,299
"21882","cases_obs",6083,1105,0,388
"21883","cases_obs",6083,1106,0,308
"21884","cases_obs",6083,1107,0,325
"21885","cases_obs",6083,1108,0,372
"21886","cases_obs",6083,1109,0,325
"21887","cases_obs",6083,1110,0,333
"21888","cases_obs",6083,1111,0,305
"21889","cases_obs",6083,1112,0,363
"21890","cases_obs",6083,1113,0,342
"21891","cases_obs",6083,1114,0,354
"21892","cases_obs",6083,1115,0,320
"21893","cases_obs",6083,1116,0,297
"21894","cases_obs",6083,1117,0,269
"21895","cases_obs",6083,1118,0,294
"21896","cases_obs",6083,1119,0,318
"21897","cases_obs",6083,1120,0,282
"21898","cases_obs",6083,1121,0,333
"21899","cases_obs",6083,1122,0,330
"21900","cases_obs",6083,1123,0,332
"21901","cases_obs",6083,1124,0,277
"21902","cases_obs",6083,1125,0,272
"21903","cases_obs",6083,1126,0,247
"21904","cases_obs",6083,1127,0,232
"21905","cases_obs",6083,1128,0,261
"21906","cases_obs",6083,1129,0,258
"21907","cases_obs",6083,1130,0,286
"21908","cases_obs",6083,1131,0,305
"21909","cases_obs",6083,1132,0,326
"21910","cases_obs",6083,1133,0,369
"21911","cases_obs",6083,1134,0,344
"21912","cases_obs",6083,1135,0,311
"21913","cases_obs",6083,1136,0,356
"21914","cases_obs",6083,1137,0,303
"21915","cases_obs",6083,1138,0,272
"21916","cases_obs",6083,1139,0,327
"21917","cases_obs",6083,1140,0,295
"21918","cases_obs",6083,1141,0,278
"21919","cases_obs",6083,1142,0,284
"21920","cases_obs",6083,1143,0,273
"21921","cases_obs",6083,1144,0,269
"21922","cases_obs",6083,1145,0,249
"21923","cases_obs",6083,1146,0,208
"21924","cases_obs",6083,1147,0,285
"21925","cases_obs",6083,1148,0,200
"21926","cases_obs",6083,1149,0,222
"21927","cases_obs",6083,1150,0,221
"21928","cases_obs",6083,1151,0,220
"21929","cases_obs",6083,1152,0,182
"21930","cases_obs",6083,1153,0,230
"21931","cases_obs",6083,1154,0,196
"21932","cases_obs",6083,1155,0,218
"21933","cases_obs",6083,1156,0,218
"21934","cases_obs",6083,1157,0,212
"21935","cases_obs",6083,1158,0,206
"21936","cases_obs",6083,1159,0,172
"21937","cases_obs",6083,1160,0,175
"21938","cases_obs",6083,1161,0,142
"21939","cases_obs",6083,1162,0,174
"21940","cases_obs",6083,1163,0,170
"21941","cases_obs",6083,1164,0,194
"21942","cases_obs",6083,1165,0,189
"21943","cases_obs",6083,1166,0,155
"21944","cases_obs",6083,1167,0,172
"21945","cases_obs",6083,1168,0,189
"21946","cases_obs",6083,1169,0,161
"21947","cases_obs",6083,1170,0,177
"21948","cases_obs",6083,1171,0,171
"21949","cases_obs",6083,1172,0,194
"21950","cases_obs",6083,1173,0,180
"21951","cases_obs",6083,1174,0,173
"21952","cases_obs",6083,1175,0,141
"21953","cases_obs",6083,1176,0,143
"21954","cases_obs",6083,1177,0,127
"21955","cases_obs",6083,1178,0,109
"21956","cases_obs",6083,1179,0,114
"21957","cases_obs",6083,1180,0,123
"21958","cases_obs",6083,1181,0,123
"21959","cases_obs",6083,1182,0,179
"21960","cases_obs",6083,1183,0,218
"21961","cases_obs",6083,1184,0,230
"21962","cases_obs",6083,1185,0,256
"21963","cases_obs",6083,1186,0,235
"21964","cases_obs",6083,1187,0,230
"21965","cases_obs",6083,1188,0,216
"21966","cases_obs",6083,1189,0,302
"21967","cases_obs",6083,1190,0,241
"21968","cases_obs",6083,1191,0,220
"21969","cases_obs",6083,1192,0,242
"21970","cases_obs",6083,1193,0,227
"21971","cases_obs",6083,1194,0,240
"21972","cases_obs",6083,1195,0,214
"21973","cases_obs",6083,1196,0,211
"21974","cases_obs",6083,1197,0,178
"21975","cases_obs",6083,1198,0,172
"21976","cases_obs",6083,1199,0,194
"21977","cases_obs",6083,1200,0,146
"21978","cases_obs",6083,1201,0,179
"21979","cases_obs",6083,1202,0,217
"21980","cases_obs",6083,1203,0,148
"21981","cases_obs",6083,1204,0,187
"21982","cases_obs",6083,1205,0,170
"21983","cases_obs",6083,1206,0,161
"21984","cases_obs",6083,1207,0,133
"21985","cases_obs",6083,1208,0,193
"21986","cases_obs",6083,1209,0,155
"21987","cases_obs",6083,1210,0,183
"21988","cases_obs",6083,1211,0,184
"21989","cases_obs",6083,1212,0,166
"21990","cases_obs",6083,1213,0,170
"21991","cases_obs",6083,1214,0,186
"21992","cases_obs",6083,1215,0,215
"21993","cases_obs",6083,1216,0,185
"21994","cases_obs",6083,1217,0,189
"21995","cases_obs",6083,1218,0,221
"21996","cases_obs",6083,1219,0,235
"21997","cases_obs",6083,1220,0,228
"21998","cases_obs",6083,1221,0,227
"21999","cases_obs",6083,1222,0,235
"22000","cases_obs",6083,1223,0,193
"22001","cases_obs",6083,1224,0,208
"22002","cases_obs",6083,1225,0,205
"22003","cases_obs",6083,1226,0,240
"22004","cases_obs",6083,1227,0,184
"22005","cases_obs",6083,1228,0,211
"22006","cases_obs",6083,1229,0,216
"22007","cases_obs",6083,1230,0,214
"22008","cases_obs",6083,1231,0,219
"22009","cases_obs",6083,1232,0,174
"22010","cases_obs",6083,1233,0,207
"22011","cases_obs",6083,1234,0,209
"22012","cases_obs",6083,1235,0,273
"22013","cases_obs",6083,1236,0,302
"22014","cases_obs",6083,1237,0,269
"22015","cases_obs",6083,1238,0,286
"22016","cases_obs",6083,1239,0,323
"22017","cases_obs",6083,1240,0,296
"22018","cases_obs",6083,1241,0,293
"22019","cases_obs",6083,1242,0,295
"22020","cases_obs",6083,1243,0,264
"22021","cases_obs",6083,1244,0,295
"22022","cases_obs",6083,1245,0,255
"22023","cases_obs",6083,1246,0,322
"22024","cases_obs",6083,1247,0,256
"22025","cases_obs",6083,1248,0,238
"22026","cases_obs",6083,1249,0,268
"22027","cases_obs",6083,1250,0,180
"22028","cases_obs",6083,1251,0,291
"22029","cases_obs",6083,1252,0,218
"22030","cases_obs",6083,1253,0,239
"22031","cases_obs",6083,1254,0,205
"22032","cases_obs",6083,1255,0,211
"22033","cases_obs",6083,1256,0,197
"22034","cases_obs",6083,1257,0,213
"22035","cases_obs",6083,1258,0,205
"22036","cases_obs",6083,1259,0,193
"22037","cases_obs",6083,1260,0,183
"22038","cases_obs",6083,1261,0,183
"22039","cases_obs",6083,1262,0,176
"22040","cases_obs",6083,1263,0,197
"22041","cases_obs",6083,1264,0,236
"22042","cases_obs",6083,1265,0,206
"22043","cases_obs",6083,1266,0,196
"22044","cases_obs",6083,1267,0,191
"22045","cases_obs",6083,1268,0,197
"22046","cases_obs",6083,1269,0,239
"22047","cases_obs",6083,1270,0,202
"22048","cases_obs",6083,1271,0,217
"22049","cases_obs",6083,1272,0,201
"22050","cases_obs",6083,1273,0,183
"22051","cases_obs",6083,1274,0,224
"22052","cases_obs",6083,1275,0,195
"22053","cases_obs",6083,1276,0,179
"22054","cases_obs",6083,1277,0,257
"22055","cases_obs",6083,1278,0,260
"22056","cases_obs",6083,1279,0,282
"22057","cases_obs",6083,1280,0,238
"22058","cases_obs",6083,1281,0,200
"22059","cases_obs",6083,1282,0,166
"22060","cases_obs",6083,1283,0,194
"22061","cases_obs",6083,1284,0,173
"22062","cases_obs",6083,1285,0,188
"22063","cases_obs",6083,1286,0,208
"22064","cases_obs",6083,1287,0,213
"22065","cases_obs",6083,1288,0,281
"22066","cases_obs",6083,1289,0,327
"22067","cases_obs",6083,1290,0,342
"22068","cases_obs",6083,1291,0,363
"22069","cases_obs",6083,1292,0,313
"22070","cases_obs",6083,1293,0,382
"22071","cases_obs",6083,1294,0,313
"22072","cases_obs",6083,1295,0,310
"22073","cases_obs",6083,1296,0,332
"22074","cases_obs",6083,1297,0,327
"22075","cases_obs",6083,1298,0,298
"22076","cases_obs",6083,1299,0,256
"22077","cases_obs",6083,1300,0,267
"22078","cases_obs",6083,1301,0,235
"22079","cases_obs",6083,1302,0,196
"22080","cases_obs",6083,1303,0,278
"22081","cases_obs",6083,1304,0,248
"22082","cases_obs",6083,1305,0,229
"22083","cases_obs",6083,1306,0,226
"22084","cases_obs",6083,1307,0,266
"22085","cases_obs",6083,1308,0,255
"22086","cases_obs",6083,1309,0,232
"22087","cases_obs",6083,1310,0,271
"22088","cases_obs",6083,1311,0,247
"22089","cases_obs",6083,1312,0,225
"22090","cases_obs",6083,1313,0,224
"22091","cases_obs",6083,1314,0,242
"22092","cases_obs",6083,1315,0,237
"22093","cases_obs",6083,1316,0,261
"22094","cases_obs",6083,1317,0,213
"22095","cases_obs",6083,1318,0,228
"22096","cases_obs",6083,1319,0,201
"22097","cases_obs",6083,1320,0,241
"22098","cases_obs",6083,1321,0,234
"22099","cases_obs",6083,1322,0,238
"22100","cases_obs",6083,1323,0,268
"22101","cases_obs",6083,1324,0,250
"22102","cases_obs",6083,1325,0,204
"22103","cases_obs",6083,1326,0,252
"22104","cases_obs",6083,1327,0,252
"22105","cases_obs",6083,1328,0,236
"22106","cases_obs",6083,1329,0,278
"22107","cases_obs",6083,1330,0,232
"22108","cases_obs",6083,1331,0,289
"22109","cases_obs",6083,1332,0,191
"22110","cases_obs",6083,1333,0,202
"22111","cases_obs",6083,1334,0,159
"22112","cases_obs",6083,1335,0,190
"22113","cases_obs",6083,1336,0,181
"22114","cases_obs",6083,1337,0,151
"22115","cases_obs",6083,1338,0,184
"22116","cases_obs",6083,1339,0,186
"22117","cases_obs",6083,1340,0,216
"22118","cases_obs",6083,1341,0,217
"22119","cases_obs",6083,1342,0,275
"22120","cases_obs",6083,1343,0,303
"22121","cases_obs",6083,1344,0,267
"22122","cases_obs",6083,1345,0,279
"22123","cases_obs",6083,1346,0,302
"22124","cases_obs",6083,1347,0,275
"22125","cases_obs",6083,1348,0,305
"22126","cases_obs",6083,1349,0,291
"22127","cases_obs",6083,1350,0,263
"22128","cases_obs",6083,1351,0,265
"22129","cases_obs",6083,1352,0,234
"22130","cases_obs",6083,1353,0,198
"22131","cases_obs",6083,1354,0,195
"22132","cases_obs",6083,1355,0,267
"22133","cases_obs",6083,1356,0,210
"22134","cases_obs",6083,1357,0,213
"22135","cases_obs",6083,1358,0,189
"22136","cases_obs",6083,1359,0,205
"22137","cases_obs",6083,1360,0,177
"22138","cases_obs",6083,1361,0,170
"22139","cases_obs",6083,1362,0,195
"22140","cases_obs",6083,1363,0,197
"22141","cases_obs",6083,1364,0,186
"22142","cases_obs",6083,1365,0,181
"22143","cases_obs",6083,1366,0,184
"22144","cases_obs",6083,1367,0,201
"22145","cases_obs",6083,1368,0,230
"22146","cases_obs",6083,1369,0,231
"22147","cases_obs",6083,1370,0,201
"22148","cases_obs",6083,1371,0,191
"22149","cases_obs",6083,1372,0,208
"22150","cases_obs",6083,1373,0,255
"22151","cases_obs",6083,1374,0,249
"22152","cases_obs",6083,1375,0,232
"22153","cases_obs",6083,1376,0,231
"22154","cases_obs",6083,1377,0,305
"22155","cases_obs",6083,1378,0,261
"22156","cases_obs",6083,1379,0,285
"22157","cases_obs",6083,1380,0,279
"22158","cases_obs",6083,1381,0,300
"22159","cases_obs",6083,1382,0,301
"22160","cases_obs",6083,1383,0,260
"22161","cases_obs",6083,1384,0,294
"22162","cases_obs",6083,1385,0,306
"22163","cases_obs",6083,1386,0,181
"22164","cases_obs",6083,1387,0,191
"22165","cases_obs",6083,1388,0,172
"22166","cases_obs",6083,1389,0,201
"22167","cases_obs",6083,1390,0,255
"22168","cases_obs",6083,1391,0,285
"22169","cases_obs",6083,1392,0,246
"22170","cases_obs",6083,1393,0,319
"22171","cases_obs",6083,1394,0,315
"22172","cases_obs",6083,1395,0,364
"22173","cases_obs",6083,1396,0,400
"22174","cases_obs",6083,1397,0,386
"22175","cases_obs",6083,1398,0,403
"22176","cases_obs",6083,1399,0,341
"22177","cases_obs",6083,1400,0,272
"22178","cases_obs",6083,1401,0,343
"22179","cases_obs",6083,1402,0,343
"22180","cases_obs",6083,1403,0,304
"22181","cases_obs",6083,1404,0,294
"22182","cases_obs",6083,1405,0,271
"22183","cases_obs",6083,1406,0,239
"22184","cases_obs",6083,1407,0,225
"22185","cases_obs",6083,1408,0,269
"22186","cases_obs",6083,1409,0,226
"22187","cases_obs",6083,1410,0,249
"22188","cases_obs",6083,1411,0,252
"22189","cases_obs",6083,1412,0,271
"22190","cases_obs",6083,1413,0,266
"22191","cases_obs",6083,1414,0,279
"22192","cases_obs",6083,1415,0,261
"22193","cases_obs",6083,1416,0,243
"22194","cases_obs",6083,1417,0,233
"22195","cases_obs",6083,1418,0,193
"22196","cases_obs",6083,1419,0,239
"22197","cases_obs",6083,1420,0,234
"22198","cases_obs",6083,1421,0,235
"22199","cases_obs",6083,1422,0,269
"22200","cases_obs",6083,1423,0,200
"22201","cases_obs",6083,1424,0,245
"22202","cases_obs",6083,1425,0,271
"22203","cases_obs",6083,1426,0,232
"22204","cases_obs",6083,1427,0,311
"22205","cases_obs",6083,1428,0,259
"22206","cases_obs",6083,1429,0,292
"22207","cases_obs",6083,1430,0,271
"22208","cases_obs",6083,1431,0,303
"22209","cases_obs",6083,1432,0,277
"22210","cases_obs",6083,1433,0,274
"22211","cases_obs",6083,1434,0,295
"22212","cases_obs",6083,1435,0,308
"22213","cases_obs",6083,1436,0,316
"22214","cases_obs",6083,1437,0,308
"22215","cases_obs",6083,1438,0,243
"22216","cases_obs",6083,1439,0,201
"22217","cases_obs",6083,1440,0,203
"22218","cases_obs",6083,1441,0,224
"22219","cases_obs",6083,1442,0,211
"22220","cases_obs",6083,1443,0,295
"22221","cases_obs",6083,1444,0,338
"22222","cases_obs",6083,1445,0,353
"22223","cases_obs",6083,1446,0,396
"22224","cases_obs",6083,1447,0,402
"22225","cases_obs",6083,1448,0,503
"22226","cases_obs",6083,1449,0,448
"22227","cases_obs",6083,1450,0,472
"22228","cases_obs",6083,1451,0,407
"22229","cases_obs",6083,1452,0,408
"22230","cases_obs",6083,1453,0,405
"22231","cases_obs",6083,1454,0,344
"22232","cases_obs",6083,1455,0,371
"22233","cases_obs",6083,1456,0,356
"22234","cases_obs",6083,1457,0,350
"22235","cases_obs",6083,1458,0,290
"22236","cases_obs",6083,1459,0,266
"22237","cases_obs",6083,1460,0,283
"22238","cases_obs",6083,1461,0,272
"22239","cases_obs",6083,1462,0,274
"22240","cases_obs",6083,1463,0,269
"22241","cases_obs",6083,1464,0,314
"22242","cases_obs",6083,1465,0,277
"22243","cases_obs",6083,1466,0,238
"22244","cases_obs",6083,1467,0,255
"22245","cases_obs",6083,1468,0,237
"22246","cases_obs",6083,1469,0,298
"22247","cases_obs",6083,1470,0,271
"22248","cases_obs",6083,1471,0,282
"22249","cases_obs",6083,1472,0,289
"22250","cases_obs",6083,1473,0,254
"22251","cases_obs",6083,1474,0,231
"22252","cases_obs",6083,1475,0,240
"22253","cases_obs",6083,1476,0,262
"22254","cases_obs",6083,1477,0,298
"22255","cases_obs",6083,1478,0,278
"22256","cases_obs",6083,1479,0,218
"22257","cases_obs",6083,1480,0,234
"22258","cases_obs",6083,1481,0,212
"22259","cases_obs",6083,1482,0,224
"22260","cases_obs",6083,1483,0,247
"22261","cases_obs",6083,1484,0,232
"22262","cases_obs",6083,1485,0,230
"22263","cases_obs",6083,1486,0,240
"22264","cases_obs",6083,1487,0,252
"22265","cases_obs",6083,1488,0,263
"22266","cases_obs",6083,1489,0,251
"22267","cases_obs",6083,1490,0,264
"22268","cases_obs",6083,1491,0,167
"22269","cases_obs",6083,1492,0,229
"22270","cases_obs",6083,1493,0,236
"22271","cases_obs",6083,1494,0,226
"22272","cases_obs",6083,1495,0,279
"22273","cases_obs",6083,1496,0,274
"22274","cases_obs",6083,1497,0,293
"22275","cases_obs",6083,1498,0,357
"22276","cases_obs",6083,1499,0,491
"22277","cases_obs",6083,1500,0,478
"22278","cases_obs",6083,1501,0,538
"22279","cases_obs",6083,1502,0,505
"22280","cases_obs",6083,1503,0,479
"22281","cases_obs",6083,1504,0,464
"22282","cases_obs",6083,1505,0,427
"22283","cases_obs",6083,1506,0,487
"22284","cases_obs",6083,1507,0,431
"22285","cases_obs",6083,1508,0,418
"22286","cases_obs",6083,1509,0,429
"22287","cases_obs",6083,1510,0,407
"22288","cases_obs",6083,1511,0,315
"22289","cases_obs",6083,1512,0,379
"22290","cases_obs",6083,1513,0,337
"22291","cases_obs",6083,1514,0,362
"22292","cases_obs",6083,1515,0,403
"22293","cases_obs",6083,1516,0,372
"22294","cases_obs",6083,1517,0,375
"22295","cases_obs",6083,1518,0,344
"22296","cases_obs",6083,1519,0,350
"22297","cases_obs",6083,1520,0,348
"22298","cases_obs",6083,1521,0,373
"22299","cases_obs",6083,1522,0,345
"22300","cases_obs",6083,1523,0,323
"22301","cases_obs",6083,1524,0,352
"22302","cases_obs",6083,1525,0,364
"22303","cases_obs",6083,1526,0,339
"22304","cases_obs",6083,1527,0,335
"22305","cases_obs",6083,1528,0,333
"22306","cases_obs",6083,1529,0,299
"22307","cases_obs",6083,1530,0,290
"22308","cases_obs",6083,1531,0,320
"22309","cases_obs",6083,1532,0,377
"22310","cases_obs",6083,1533,0,371
"22311","cases_obs",6083,1534,0,329
"22312","cases_obs",6083,1535,0,269
"22313","cases_obs",6083,1536,0,305
"22314","cases_obs",6083,1537,0,277
"22315","cases_obs",6083,1538,0,299
"22316","cases_obs",6083,1539,0,328
"22317","cases_obs",6083,1540,0,317
"22318","cases_obs",6083,1541,0,318
"22319","cases_obs",6083,1542,0,284
"22320","cases_obs",6083,1543,0,230
"22321","cases_obs",6083,1544,0,229
"22322","cases_obs",6083,1545,0,213
"22323","cases_obs",6083,1546,0,249
"22324","cases_obs",6083,1547,0,237
"22325","cases_obs",6083,1548,0,246
"22326","cases_obs",6083,1549,0,238
"22327","cases_obs",6083,1550,0,300
"22328","cases_obs",6083,1551,0,320
"22329","cases_obs",6083,1552,0,320
"22330","cases_obs",6083,1553,0,384
"22331","cases_obs",6083,1554,0,292
"22332","cases_obs",6083,1555,0,347
"22333","cases_obs",6083,1556,0,303
"22334","cases_obs",6083,1557,0,376
"22335","cases_obs",6083,1558,0,374
"22336","cases_obs",6083,1559,0,326
"22337","cases_obs",6083,1560,0,320
"22338","cases_obs",6083,1561,0,273
"22339","cases_obs",6083,1562,0,298
"22340","cases_obs",6083,1563,0,210
"22341","cases_obs",6083,1564,0,296
"22342","cases_obs",6083,1565,0,206
"22343","cases_obs",6083,1566,0,223
"22344","cases_obs",6083,1567,0,236
"22345","cases_obs",6083,1568,0,222
"22346","cases_obs",6083,1569,0,250
"22347","cases_obs",6083,1570,0,203
"22348","cases_obs",6083,1571,0,230
"22349","cases_obs",6083,1572,0,258
"22350","cases_obs",6083,1573,0,219
"22351","cases_obs",6083,1574,0,181
"22352","cases_obs",6083,1575,0,222
"22353","cases_obs",6083,1576,0,214
"22354","cases_obs",6083,1577,0,201
"22355","cases_obs",6083,1578,0,200
"22356","cases_obs",6083,1579,0,198
"22357","cases_obs",6083,1580,0,210
"22358","cases_obs",6083,1581,0,201
"22359","cases_obs",6083,1582,0,223
"22360","cases_obs",6083,1583,0,218
"22361","cases_obs",6083,1584,0,212
"22362","cases_obs",6083,1585,0,192
"22363","cases_obs",6083,1586,0,160
"22364","cases_obs",6083,1587,0,168
"22365","cases_obs",6083,1588,0,196
"22366","cases_obs",6083,1589,0,205
"22367","cases_obs",6083,1590,0,210
"22368","cases_obs",6083,1591,0,207
"22369","cases_obs",6083,1592,0,225
"22370","cases_obs",6083,1593,0,258
"22371","cases_obs",6083,1594,0,233
"22372","cases_obs",6083,1595,0,175
"22373","cases_obs",6083,1596,0,180
"22374","cases_obs",6083,1597,0,177
"22375","cases_obs",6083,1598,0,190
"22376","cases_obs",6083,1599,0,233
"22377","cases_obs",6083,1600,0,199
"22378","cases_obs",6083,1601,0,279
"22379","cases_obs",6083,1602,0,286
"22380","cases_obs",6083,1603,0,315
"22381","cases_obs",6083,1604,0,346
"22382","cases_obs",6083,1605,0,342
"22383","cases_obs",6083,1606,0,331
"22384","cases_obs",6083,1607,0,337
"22385","cases_obs",6083,1608,0,305
"22386","cases_obs",6083,1609,0,293
"22387","cases_obs",6083,1610,0,266
"22388","cases_obs",6083,1611,0,308
"22389","cases_obs",6083,1612,0,251
"22390","cases_obs",6083,1613,0,278
"22391","cases_obs",6083,1614,0,221
"22392","cases_obs",6083,1615,0,172
"22393","cases_obs",6083,1616,0,249
"22394","cases_obs",6083,1617,0,229
"22395","cases_obs",6083,1618,0,203
"22396","cases_obs",6083,1619,0,232
"22397","cases_obs",6083,1620,0,235
"22398","cases_obs",6083,1621,0,228
"22399","cases_obs",6083,1622,0,225
"22400","cases_obs",6083,1623,0,242
"22401","cases_obs",6083,1624,0,216
"22402","cases_obs",6083,1625,0,233
"22403","cases_obs",6083,1626,0,269
"22404","cases_obs",6083,1627,0,275
"22405","cases_obs",6083,1628,0,227
"22406","cases_obs",6083,1629,0,239
"22407","cases_obs",6083,1630,0,232
"22408","cases_obs",6083,1631,0,234
"22409","cases_obs",6083,1632,0,250
"22410","cases_obs",6083,1633,0,292
"22411","cases_obs",6083,1634,0,262
"22412","cases_obs",6083,1635,0,273
"22413","cases_obs",6083,1636,0,267
"22414","cases_obs",6083,1637,0,250
"22415","cases_obs",6083,1638,0,260
"22416","cases_obs",6083,1639,0,289
"22417","cases_obs",6083,1640,0,253
"22418","cases_obs",6083,1641,0,248
"22419","cases_obs",6083,1642,0,280
"22420","cases_obs",6083,1643,0,257
"22421","cases_obs",6083,1644,0,247
"22422","cases_obs",6083,1645,0,212
"22423","cases_obs",6083,1646,0,214
"22424","cases_obs",6083,1647,0,204
"22425","cases_obs",6083,1648,0,217
"22426","cases_obs",6083,1649,0,171
"22427","cases_obs",6083,1650,0,148
"22428","cases_obs",6083,1651,0,227
"22429","cases_obs",6083,1652,0,245
"22430","cases_obs",6083,1653,0,260
"22431","cases_obs",6083,1654,0,326
"22432","cases_obs",6083,1655,0,328
"22433","cases_obs",6083,1656,0,382
"22434","cases_obs",6083,1657,0,381
"22435","cases_obs",6083,1658,0,392
"22436","cases_obs",6083,1659,0,440
"22437","cases_obs",6083,1660,0,425
"22438","cases_obs",6083,1661,0,342
"22439","cases_obs",6083,1662,0,359
"22440","cases_obs",6083,1663,0,354
"22441","cases_obs",6083,1664,0,352
"22442","cases_obs",6083,1665,0,300
"22443","cases_obs",6083,1666,0,325
"22444","cases_obs",6083,1667,0,333
"22445","cases_obs",6083,1668,0,309
"22446","cases_obs",6083,1669,0,265
"22447","cases_obs",6083,1670,0,265
"22448","cases_obs",6083,1671,0,301
"22449","cases_obs",6083,1672,0,260
"22450","cases_obs",6083,1673,0,290
"22451","cases_obs",6083,1674,0,300
"22452","cases_obs",6083,1675,0,278
"22453","cases_obs",6083,1676,0,250
"22454","cases_obs",6083,1677,0,320
"22455","cases_obs",6083,1678,0,359
"22456","cases_obs",6083,1679,0,349
"22457","cases_obs",6083,1680,0,297
"22458","cases_obs",6083,1681,0,340
"22459","cases_obs",6083,1682,0,307
"22460","cases_obs",6083,1683,0,314
"22461","cases_obs",6083,1684,0,339
"22462","cases_obs",6083,1685,0,292
"22463","cases_obs",6083,1686,0,291
"22464","cases_obs",6083,1687,0,345
"22465","cases_obs",6083,1688,0,341
"22466","cases_obs",6083,1689,0,395
"22467","cases_obs",6083,1690,0,400
"22468","cases_obs",6083,1691,0,305
"22469","cases_obs",6083,1692,0,369
"22470","cases_obs",6083,1693,0,383
"22471","cases_obs",6083,1694,0,466
"22472","cases_obs",6083,1695,0,478
"22473","cases_obs",6083,1696,0,419
"22474","cases_obs",6083,1697,0,513
"22475","cases_obs",6083,1698,0,450
"22476","cases_obs",6083,1699,0,384
"22477","cases_obs",6083,1700,0,245
"22478","cases_obs",6083,1701,0,273
"22479","cases_obs",6083,1702,0,302
"22480","cases_obs",6083,1703,0,330
"22481","cases_obs",6083,1704,0,423
"22482","cases_obs",6083,1705,0,428
"22483","cases_obs",6083,1706,0,543
"22484","cases_obs",6083,1707,0,605
"22485","cases_obs",6083,1708,0,592
"22486","cases_obs",6083,1709,0,764
"22487","cases_obs",6083,1710,0,717
"22488","cases_obs",6083,1711,0,719
"22489","cases_obs",6083,1712,0,626
"22490","cases_obs",6083,1713,0,708
"22491","cases_obs",6083,1714,0,741
"22492","cases_obs",6083,1715,0,669
"22493","cases_obs",6083,1716,0,532
"22494","cases_obs",6083,1717,0,535
"22495","cases_obs",6083,1718,0,579
"22496","cases_obs",6083,1719,0,563
"22497","cases_obs",6083,1720,0,471
"22498","cases_obs",6083,1721,0,508
"22499","cases_obs",6083,1722,0,433
"22500","cases_obs",6083,1723,0,442
"22501","cases_obs",6083,1724,0,388
"22502","cases_obs",6083,1725,0,358
"22503","cases_obs",6083,1726,0,341
"22504","cases_obs",6083,1727,0,401
"22505","cases_obs",6083,1728,0,315
"22506","cases_obs",6083,1729,0,324
"22507","cases_obs",6083,1730,0,354
"22508","cases_obs",6083,1731,0,379
"22509","cases_obs",6083,1732,0,382
"22510","cases_obs",6083,1733,0,340
"22511","cases_obs",6083,1734,0,315
"22512","cases_obs",6083,1735,0,361
"22513","cases_obs",6083,1736,0,356
"22514","cases_obs",6083,1737,0,351
"22515","cases_obs",6083,1738,0,387
"22516","cases_obs",6083,1739,0,355
"22517","cases_obs",6083,1740,0,376
"22518","cases_obs",6083,1741,0,292
"22519","cases_obs",6083,1742,0,337
"22520","cases_obs",6083,1743,0,353
"22521","cases_obs",6083,1744,0,366
"22522","cases_obs",6083,1745,0,318
"22523","cases_obs",6083,1746,0,329
"22524","cases_obs",6083,1747,0,336
"22525","cases_obs",6083,1748,0,341
"22526","cases_obs",6083,1749,0,372
"22527","cases_obs",6083,1750,0,392
"22528","cases_obs",6083,1751,0,325
"22529","cases_obs",6083,1752,0,223
"22530","cases_obs",6083,1753,0,198
"22531","cases_obs",6083,1754,0,227
"22532","cases_obs",6083,1755,0,256
"22533","cases_obs",6083,1756,0,299
"22534","cases_obs",6083,1757,0,330
"22535","cases_obs",6083,1758,0,375
"22536","cases_obs",6083,1759,0,357
"22537","cases_obs",6083,1760,0,372
"22538","cases_obs",6083,1761,0,402
"22539","cases_obs",6083,1762,0,382
"22540","cases_obs",6083,1763,0,455
"22541","cases_obs",6083,1764,0,428
"22542","cases_obs",6083,1765,0,397
"22543","cases_obs",6083,1766,0,452
"22544","cases_obs",6083,1767,0,384
"22545","cases_obs",6083,1768,0,341
"22546","cases_obs",6083,1769,0,371
"22547","cases_obs",6083,1770,0,358
"22548","cases_obs",6083,1771,0,325
"22549","cases_obs",6083,1772,0,241
"22550","cases_obs",6083,1773,0,281
"22551","cases_obs",6083,1774,0,238
"22552","cases_obs",6083,1775,0,279
"22553","cases_obs",6083,1776,0,283
"22554","cases_obs",6083,1777,0,240
"22555","cases_obs",6083,1778,0,242
"22556","cases_obs",6083,1779,0,255
"22557","cases_obs",6083,1780,0,227
"22558","cases_obs",6083,1781,0,207
"22559","cases_obs",6083,1782,0,209
"22560","cases_obs",6083,1783,0,206
"22561","cases_obs",6083,1784,0,275
"22562","cases_obs",6083,1785,0,227
"22563","cases_obs",6083,1786,0,240
"22564","cases_obs",6083,1787,0,231
"22565","cases_obs",6083,1788,0,175
"22566","cases_obs",6083,1789,0,203
"22567","cases_obs",6083,1790,0,168
"22568","cases_obs",6083,1791,0,191
"22569","cases_obs",6083,1792,0,200
"22570","cases_obs",6083,1793,0,206
"22571","cases_obs",6083,1794,0,204
"22572","cases_obs",6083,1795,0,200
"22573","cases_obs",6083,1796,0,165
"22574","cases_obs",6083,1797,0,149
"22575","cases_obs",6083,1798,0,169
"22576","cases_obs",6083,1799,0,156
"22577","cases_obs",6083,1800,0,167
"22578","cases_obs",6083,1801,0,158
"22579","cases_obs",6083,1802,0,155
"22580","cases_obs",6083,1803,0,172
"22581","cases_obs",6083,1804,0,224
"22582","cases_obs",6083,1805,0,129
"22583","cases_obs",6083,1806,0,149
"22584","cases_obs",6083,1807,0,149
"22585","cases_obs",6083,1808,0,200
"22586","cases_obs",6083,1809,0,195
"22587","cases_obs",6083,1810,0,206
"22588","cases_obs",6083,1811,0,219
"22589","cases_obs",6083,1812,0,201
"22590","cases_obs",6083,1813,0,229
"22591","cases_obs",6083,1814,0,240
"22592","cases_obs",6083,1815,0,265
"22593","cases_obs",6083,1816,0,330
"22594","cases_obs",6083,1817,0,239
"22595","cases_obs",6083,1818,0,230
"22596","cases_obs",6083,1819,0,251
"22597","cases_obs",6083,1820,0,290
"22598","cases_obs",6083,1821,0,215
"22599","cases_obs",6083,1822,0,225
"22600","cases_obs",6083,1823,0,203
"22601","cases_obs",6083,1824,0,214
"22602","cases_obs",6083,1825,0,224
"22603","cases_obs",6083,1826,0,181
"22604","cases_obs",6083,1827,0,228
"22605","cases_obs",6083,1828,0,243
"22606","cases_obs",6083,1829,0,196
"22607","cases_obs",6083,1830,0,166
"22608","cases_obs",6083,1831,0,172
"22609","cases_obs",6083,1832,0,214
"22610","cases_obs",6083,1833,0,201
"22611","cases_obs",6083,1834,0,196
"22612","cases_obs",6083,1835,0,199
"22613","cases_obs",6083,1836,0,239
"22614","cases_obs",6083,1837,0,237
"22615","cases_obs",6083,1838,0,221
"22616","cases_obs",6083,1839,0,195
"22617","cases_obs",6083,1840,0,189
"22618","cases_obs",6083,1841,0,165
"22619","cases_obs",6083,1842,0,229
"22620","cases_obs",6083,1843,0,225
"22621","cases_obs",6083,1844,0,227
"22622","cases_obs",6083,1845,0,245
"22623","cases_obs",6083,1846,0,204
"22624","cases_obs",6083,1847,0,217
"22625","cases_obs",6083,1848,0,238
"22626","cases_obs",6083,1849,0,226
"22627","cases_obs",6083,1850,0,204
"22628","cases_obs",6083,1851,0,244
"22629","cases_obs",6083,1852,0,178
"22630","cases_obs",6083,1853,0,199
"22631","cases_obs",6083,1854,0,201
"22632","cases_obs",6083,1855,0,195
"22633","cases_obs",6083,1856,0,137
"22634","cases_obs",6083,1857,0,143
"22635","cases_obs",6083,1858,0,150
"22636","cases_obs",6083,1859,0,145
"22637","cases_obs",6083,1860,0,173
"22638","cases_obs",6083,1861,0,184
"22639","cases_obs",6083,1862,0,191
"22640","cases_obs",6083,1863,0,232
"22641","cases_obs",6083,1864,0,193
"22642","cases_obs",6083,1865,0,191
"22643","cases_obs",6083,1866,0,234
"22644","cases_obs",6083,1867,0,237
"22645","cases_obs",6083,1868,0,268
"22646","cases_obs",6083,1869,0,248
"22647","cases_obs",6083,1870,0,233
"22648","cases_obs",6083,1871,0,220
"22649","cases_obs",6083,1872,0,217
"22650","cases_obs",6083,1873,0,216
"22651","cases_obs",6083,1874,0,173
"22652","cases_obs",6083,1875,0,196
"22653","cases_obs",6083,1876,0,130
"22654","cases_obs",6083,1877,0,226
"22655","cases_obs",6083,1878,0,164
"22656","cases_obs",6083,1879,0,166
"22657","cases_obs",6083,1880,0,163
"22658","cases_obs",6083,1881,0,142
"22659","cases_obs",6083,1882,0,173
"22660","cases_obs",6083,1883,0,153
"22661","cases_obs",6083,1884,0,184
"22662","cases_obs",6083,1885,0,195
"22663","cases_obs",6083,1886,0,161
"22664","cases_obs",6083,1887,0,172
"22665","cases_obs",6083,1888,0,199
"22666","cases_obs",6083,1889,0,167
"22667","cases_obs",6083,1890,0,176
"22668","cases_obs",6083,1891,0,185
"22669","cases_obs",6083,1892,0,188
"22670","cases_obs",6083,1893,0,176
"22671","cases_obs",6083,1894,0,155
"22672","cases_obs",6083,1895,0,163
"22673","cases_obs",6083,1896,0,139
"22674","cases_obs",6083,1897,0,159
"22675","cases_obs",6083,1898,0,144
"22676","cases_obs",6083,1899,0,146
"22677","cases_obs",6083,1900,0,161
"22678","cases_obs",6083,1901,0,138
"22679","cases_obs",6083,1902,0,170
"22680","cases_obs",6083,1903,0,196
"22681","cases_obs",6083,1904,0,191
"22682","cases_obs",6083,1905,0,184
"22683","cases_obs",6083,1906,0,159
"22684","cases_obs",6083,1907,0,142
"22685","cases_obs",6083,1908,0,107
"22686","cases_obs",6083,1909,0,101
"22687","cases_obs",6083,1910,0,96
"22688","cases_obs",6083,1911,0,88
"22689","cases_obs",6083,1912,0,143
"22690","cases_obs",6083,1913,0,146
"22691","cases_obs",6083,1914,0,139
"22692","cases_obs",6083,1915,0,179
"22693","cases_obs",6083,1916,0,198
"22694","cases_obs",6083,1917,0,201
"22695","cases_obs",6083,1918,0,161
"22696","cases_obs",6083,1919,0,221
"22697","cases_obs",6083,1920,0,191
"22698","cases_obs",6083,1921,0,202
"22699","cases_obs",6083,1922,0,179
"22700","cases_obs",6083,1923,0,197
"22701","cases_obs",6083,1924,0,207
"22702","cases_obs",6083,1925,0,171
"22703","cases_obs",6083,1926,0,160
"22704","cases_obs",6083,1927,0,159
"22705","cases_obs",6083,1928,0,131
"22706","cases_obs",6083,1929,0,188
"22707","cases_obs",6083,1930,0,141
"22708","cases_obs",6083,1931,0,136
"22709","cases_obs",6083,1932,0,165
"22710","cases_obs",6083,1933,0,167
"22711","cases_obs",6083,1934,0,168
"22712","cases_obs",6083,1935,0,193
"22713","cases_obs",6083,1936,0,147
"22714","cases_obs",6083,1937,0,198
"22715","cases_obs",6083,1938,0,182
"22716","cases_obs",6083,1939,0,196
"22717","cases_obs",6083,1940,0,189
"22718","cases_obs",6083,1941,0,200
"22719","cases_obs",6083,1942,0,188
"22720","cases_obs",6083,1943,0,191
"22721","cases_obs",6083,1944,0,166
"22722","cases_obs",6083,1945,0,175
"22723","cases_obs",6083,1946,0,178
"22724","cases_obs",6083,1947,0,174
"22725","cases_obs",6083,1948,0,181
"22726","cases_obs",6083,1949,0,201
"22727","cases_obs",6083,1950,0,218
"22728","cases_obs",6083,1951,0,188
"22729","cases_obs",6083,1952,0,149
"22730","cases_obs",6083,1953,0,156
"22731","cases_obs",6083,1954,0,171
"22732","cases_obs",6083,1955,0,152
"22733","cases_obs",6083,1956,0,157
"22734","cases_obs",6083,1957,0,168
"22735","cases_obs",6083,1958,0,191
"22736","cases_obs",6083,1959,0,128
"22737","cases_obs",6083,1960,0,112
"22738","cases_obs",6083,1961,0,107
"22739","cases_obs",6083,1962,0,76
"22740","cases_obs",6083,1963,0,90
"22741","cases_obs",6083,1964,0,97
"22742","cases_obs",6083,1965,0,121
"22743","cases_obs",6083,1966,0,131
"22744","cases_obs",6083,1967,0,160
"22745","cases_obs",6083,1968,0,155
"22746","cases_obs",6083,1969,0,180
"22747","cases_obs",6083,1970,0,186
"22748","cases_obs",6083,1971,0,159
"22749","cases_obs",6083,1972,0,192
"22750","cases_obs",6083,1973,0,168
"22751","cases_obs",6083,1974,0,170
"22752","cases_obs",6083,1975,0,179
"22753","cases_obs",6083,1976,0,175
"22754","cases_obs",6083,1977,0,158
"22755","cases_obs",6083,1978,0,166
"22756","cases_obs",6083,1979,0,151
"22757","cases_obs",6083,1980,0,96
"22758","cases_obs",6083,1981,0,100
"22759","cases_obs",6083,1982,0,114
"22760","cases_obs",6083,1983,0,99
"22761","cases_obs",6083,1984,0,128
"22762","cases_obs",6083,1985,0,163
"22763","cases_obs",6083,1986,0,172
"22764","cases_obs",6083,1987,0,139
"22765","cases_obs",6083,1988,0,142
"22766","cases_obs",6083,1989,0,146
"22767","cases_obs",6083,1990,0,148
"22768","cases_obs",6083,1991,0,152
"22769","cases_obs",6083,1992,0,152
"22770","cases_obs",6083,1993,0,140
"22771","cases_obs",6083,1994,0,151
"22772","cases_obs",6083,1995,0,121
"22773","cases_obs",6083,1996,0,155
"22774","cases_obs",6083,1997,0,176
"22775","cases_obs",6083,1998,0,170
"22776","cases_obs",6083,1999,0,167
"22777","cases_obs",6083,2000,0,187
"22778","cases_obs",6083,2001,0,135
"22779","cases_obs",6083,2002,0,144
"22780","cases_obs",6083,2003,0,161
"22781","cases_obs",6083,2004,0,162
"22782","cases_obs",6083,2005,0,166
"22783","cases_obs",6083,2006,0,203
"22784","cases_obs",6083,2007,0,181
"22785","cases_obs",6083,2008,0,191
"22786","cases_obs",6083,2009,0,165
"22787","cases_obs",6083,2010,0,152
"22788","cases_obs",6083,2011,0,108
"22789","cases_obs",6083,2012,0,108
"22790","cases_obs",6083,2013,0,92
"22791","cases_obs",6083,2014,0,418
"22792","cases_obs",6083,2015,0,429
"22793","cases_obs",6083,2016,0,407
"22794","cases_obs",6083,2017,0,315
"22795","cases_obs",6083,2018,0,379
"22796","cases_obs",6083,2019,0,337
"22797","cases_obs",6083,2020,0,362
"22798","cases_obs",6083,2021,0,403
"22799","cases_obs",6083,2022,0,372
"22800","cases_obs",6083,2023,0,375
"22801","cases_obs",6083,2024,0,344
"22802","cases_obs",6083,2025,0,350
"22803","cases_obs",6083,2026,0,348
"22804","cases_obs",6083,2027,0,373
"22805","cases_obs",6083,2028,0,345
"22806","cases_obs",6083,2029,0,323
"22807","cases_obs",6083,2030,0,352
"22808","cases_obs",6083,2031,0,364
"22809","cases_obs",6083,2032,0,339
"22810","cases_obs",6083,2033,0,335
"22811","cases_obs",6083,2034,0,333
"22812","cases_obs",6083,2035,0,299
"22813","cases_obs",6083,2036,0,290
"22814","cases_obs",6083,2037,0,320
"22815","cases_obs",6083,2038,0,377
"22816","cases_obs",6083,2039,0,371
"22817","cases_obs",6083,2040,0,329
"22818","cases_obs",6083,2041,0,269
"22819","cases_obs",6083,2042,0,305
"22820","cases_obs",6083,2043,0,277
"22821","cases_obs",6083,2044,0,299
"22822","cases_obs",6083,2045,0,328
"22823","cases_obs",6083,2046,0,317
"22824","cases_obs",6083,2047,0,318
"22825","cases_obs",6083,2048,0,284
"22826","cases_obs",6083,2049,0,230
"22827","cases_obs",6083,2050,0,229
"22828","cases_obs",6083,2051,0,213
"22829","cases_obs",6083,2052,0,249
"22830","cases_obs",6083,2053,0,237
"22831","cases_obs",6083,2054,0,246
"22832","cases_obs",6083,2055,0,238
"22833","cases_obs",6083,2056,0,300
"22834","cases_obs",6083,2057,0,320
"22835","cases_obs",6083,2058,0,320
"22836","cases_obs",6083,2059,0,384
"22837","cases_obs",6083,2060,0,292
"22838","cases_obs",6083,2061,0,347
"22839","cases_obs",6083,2062,0,303
"22840","cases_obs",6083,2063,0,376
"22841","cases_obs",6083,2064,0,374
"22842","cases_obs",6083,2065,0,326
"22843","cases_obs",6083,2066,0,320
"22844","cases_obs",6083,2067,0,273
"22845","cases_obs",6083,2068,0,298
"22846","cases_obs",6083,2069,0,210
"22847","cases_obs",6083,2070,0,296
"22848","cases_obs",6083,2071,0,206
"22849","cases_obs",6083,2072,0,223
"22850","cases_obs",6083,2073,0,236
"22851","cases_obs",6083,2074,0,222
"22852","cases_obs",6083,2075,0,250
"22853","cases_obs",6083,2076,0,203
"22854","cases_obs",6083,2077,0,230
"22855","cases_obs",6083,2078,0,258
"22856","cases_obs",6083,2079,0,219
"22857","cases_obs",6083,2080,0,181
"22858","cases_obs",6083,2081,0,222
"22859","cases_obs",6083,2082,0,214
"22860","cases_obs",6083,2083,0,201
"22861","cases_obs",6083,2084,0,200
"22862","cases_obs",6083,2085,0,198
"22863","cases_obs",6083,2086,0,210
"22864","cases_obs",6083,2087,0,201
"22865","cases_obs",6083,2088,0,223
"22866","cases_obs",6083,2089,0,218
"22867","cases_obs",6083,2090,0,212
"22868","cases_obs",6083,2091,0,192
"22869","cases_obs",6083,2092,0,160
"22870","cases_obs",6083,2093,0,168
"22871","cases_obs",6083,2094,0,196
"22872","cases_obs",6083,2095,0,205
"22873","cases_obs",6083,2096,0,210
"22874","cases_obs",6083,2097,0,207
"22875","cases_obs",6083,2098,0,225
"22876","cases_obs",6083,2099,0,258
"22877","cases_obs",6083,2100,0,233
"22878","cases_obs",6083,2101,0,175
"22879","cases_obs",6083,2102,0,180
"22880","cases_obs",6083,2103,0,177
"22881","cases_obs",6083,2104,0,190
"22882","cases_obs",6083,2105,0,233
"22883","cases_obs",6083,2106,0,199
"22884","cases_obs",6083,2107,0,279
"22885","cases_obs",6083,2108,0,286
"22886","cases_obs",6083,2109,0,315
"22887","cases_obs",6083,2110,0,346
"22888","cases_obs",6083,2111,0,342
"22889","cases_obs",6083,2112,0,331
"22890","cases_obs",6083,2113,0,337
"22891","cases_obs",6083,2114,0,305
"22892","cases_obs",6083,2115,0,293
"22893","cases_obs",6083,2116,0,266
"22894","cases_obs",6083,2117,0,308
"22895","cases_obs",6083,2118,0,251
"22896","cases_obs",6083,2119,0,278
"22897","cases_obs",6083,2120,0,221
"22898","cases_obs",6083,2121,0,172
"22899","cases_obs",6083,2122,0,249
"22900","cases_obs",6083,2123,0,229
"22901","cases_obs",6083,2124,0,203
"22902","cases_obs",6083,2125,0,232
"22903","cases_obs",6083,2126,0,235
"22904","cases_obs",6083,2127,0,228
"22905","cases_obs",6083,2128,0,225
"22906","cases_obs",6083,2129,0,242
"22907","cases_obs",6083,2130,0,216
"22908","cases_obs",6083,2131,0,233
"22909","cases_obs",6083,2132,0,269
"22910","cases_obs",6083,2133,0,275
"22911","cases_obs",6083,2134,0,227
"22912","cases_obs",6083,2135,0,239
"22913","cases_obs",6083,2136,0,232
"22914","cases_obs",6083,2137,0,234
"22915","cases_obs",6083,2138,0,250
"22916","cases_obs",6083,2139,0,292
"22917","cases_obs",6083,2140,0,262
"22918","cases_obs",6083,2141,0,273
"22919","cases_obs",6083,2142,0,267
"22920","cases_obs",6083,2143,0,250
"22921","cases_obs",6083,2144,0,260
"22922","cases_obs",6083,2145,0,289
"22923","cases_obs",6083,2146,0,253
"22924","cases_obs",6083,2147,0,248
"22925","cases_obs",6083,2148,0,280
"22926","cases_obs",6083,2149,0,257
"22927","cases_obs",6083,2150,0,247
"22928","cases_obs",6083,2151,0,212
"22929","cases_obs",6083,2152,0,214
"22930","cases_obs",6083,2153,0,204
"22931","cases_obs",6083,2154,0,217
"22932","cases_obs",6083,2155,0,171
"22933","cases_obs",6083,2156,0,148
"22934","cases_obs",6083,2157,0,227
"22935","cases_obs",6083,2158,0,245
"22936","cases_obs",6083,2159,0,260
"22937","cases_obs",6083,2160,0,326
"22938","cases_obs",6083,2161,0,328
"22939","cases_obs",6083,2162,0,382
"22940","cases_obs",6083,2163,0,381
"22941","cases_obs",6083,2164,0,392
"22942","cases_obs",6083,2165,0,440
"22943","cases_obs",6083,2166,0,425
"22944","cases_obs",6083,2167,0,342
"22945","cases_obs",6083,2168,0,359
"22946","cases_obs",6083,2169,0,354
"22947","cases_obs",6083,2170,0,352
"22948","cases_obs",6083,2171,0,300
"22949","cases_obs",6083,2172,0,325
"22950","cases_obs",6083,2173,0,333
"22951","cases_obs",6083,2174,0,309
"22952","cases_obs",6083,2175,0,265
"22953","cases_obs",6083,2176,0,265
"22954","cases_obs",6083,2177,0,301
"22955","cases_obs",6083,2178,0,260
"22956","cases_obs",6083,2179,0,290
"22957","cases_obs",6083,2180,0,300
"22958","cases_obs",6083,2181,0,278
"22959","cases_obs",6083,2182,0,250
"22960","cases_obs",6083,2183,0,320
"22961","cases_obs",6083,2184,0,359
"22962","cases_obs",6083,2185,0,349
"22963","cases_obs",6083,2186,0,297
"22964","cases_obs",6083,2187,0,340
"22965","cases_obs",6083,2188,0,307
"22966","cases_obs",6083,2189,0,314
"22967","cases_obs",6083,2190,0,339
"22968","cases_obs",6083,2191,0,292
"22969","cases_obs",6083,2192,0,291
"22970","cases_obs",6083,2193,0,345
"22971","cases_obs",6083,2194,0,341
"22972","cases_obs",6083,2195,0,395
"22973","cases_obs",6083,2196,0,400
"22974","cases_obs",6083,2197,0,305
"22975","cases_obs",6083,2198,0,369
"22976","cases_obs",6083,2199,0,383
"22977","cases_obs",6083,2200,0,466
"22978","cases_obs",6083,2201,0,478
"22979","cases_obs",6083,2202,0,419
"22980","cases_obs",6083,2203,0,513
"22981","cases_obs",6083,2204,0,450
"22982","cases_obs",6083,2205,0,384
"22983","cases_obs",6083,2206,0,245
"22984","cases_obs",6083,2207,0,273
"22985","cases_obs",6083,2208,0,302
"22986","cases_obs",6083,2209,0,330
"22987","cases_obs",6083,2210,0,423
"22988","cases_obs",6083,2211,0,428
"22989","cases_obs",6083,2212,0,543
"22990","cases_obs",6083,2213,0,605
"22991","cases_obs",6083,2214,0,592
"22992","cases_obs",6083,2215,0,764
"22993","cases_obs",6083,2216,0,717
"22994","cases_obs",6083,2217,0,719
"22995","cases_obs",6083,2218,0,626
"22996","cases_obs",6083,2219,0,708
"22997","cases_obs",6083,2220,0,741
"22998","cases_obs",6083,2221,0,669
"22999","cases_obs",6083,2222,0,532
"23000","cases_obs",6083,2223,0,535
"23001","cases_obs",6083,2224,0,579
"23002","cases_obs",6083,2225,0,563
"23003","cases_obs",6083,2226,0,471
"23004","cases_obs",6083,2227,0,508
"23005","cases_obs",6083,2228,0,433
"23006","cases_obs",6083,2229,0,442
"23007","cases_obs",6083,2230,0,388
"23008","cases_obs",6083,2231,0,358
"23009","cases_obs",6083,2232,0,341
"23010","cases_obs",6083,2233,0,401
"23011","cases_obs",6083,2234,0,315
"23012","cases_obs",6083,2235,0,324
"23013","cases_obs",6083,2236,0,354
"23014","cases_obs",6083,2237,0,379
"23015","cases_obs",6083,2238,0,382
"23016","cases_obs",6083,2239,0,340
"23017","cases_obs",6083,2240,0,315
"23018","cases_obs",6083,2241,0,361
"23019","cases_obs",6083,2242,0,356
"23020","cases_obs",6083,2243,0,351
"23021","cases_obs",6083,2244,0,387
"23022","cases_obs",6083,2245,0,355
"23023","cases_obs",6083,2246,0,376
"23024","cases_obs",6083,2247,0,292
"23025","cases_obs",6083,2248,0,337
"23026","cases_obs",6083,2249,0,353
"23027","cases_obs",6083,2250,0,366
"23028","cases_obs",6083,2251,0,318
"23029","cases_obs",6083,2252,0,329
"23030","cases_obs",6083,2253,0,336
"23031","cases_obs",6083,2254,0,341
"23032","cases_obs",6083,2255,0,372
"23033","cases_obs",6083,2256,0,392
"23034","cases_obs",6083,2257,0,325
"23035","cases_obs",6083,2258,0,223
"23036","cases_obs",6083,2259,0,198
"23037","cases_obs",6083,2260,0,227
"23038","cases_obs",6083,2261,0,256
"23039","cases_obs",6083,2262,0,299
"23040","cases_obs",6083,2263,0,330
"23041","cases_obs",6083,2264,0,375
"23042","cases_obs",6083,2265,0,357
"23043","cases_obs",6083,2266,0,372
"23044","cases_obs",6083,2267,0,402
"23045","cases_obs",6083,2268,0,382
"23046","cases_obs",6083,2269,0,455
"23047","cases_obs",6083,2270,0,428
"23048","cases_obs",6083,2271,0,397
"23049","cases_obs",6083,2272,0,452
"23050","cases_obs",6083,2273,0,384
"23051","cases_obs",6083,2274,0,341
"23052","cases_obs",6083,2275,0,371
"23053","cases_obs",6083,2276,0,358
"23054","cases_obs",6083,2277,0,325
"23055","cases_obs",6083,2278,0,241
"23056","cases_obs",6083,2279,0,281
"23057","cases_obs",6083,2280,0,238
"23058","cases_obs",6083,2281,0,279
"23059","cases_obs",6083,2282,0,283
"23060","cases_obs",6083,2283,0,240
"23061","cases_obs",6083,2284,0,242
"23062","cases_obs",6083,2285,0,255
"23063","cases_obs",6083,2286,0,227
"23064","cases_obs",6083,2287,0,207
"23065","cases_obs",6083,2288,0,209
"23066","cases_obs",6083,2289,0,206
"23067","cases_obs",6083,2290,0,275
"23068","cases_obs",6083,2291,0,227
"23069","cases_obs",6083,2292,0,240
"23070","cases_obs",6083,2293,0,231
"23071","cases_obs",6083,2294,0,175
"23072","cases_obs",6083,2295,0,203
"23073","cases_obs",6083,2296,0,168
"23074","cases_obs",6083,2297,0,191
"23075","cases_obs",6083,2298,0,200
"23076","cases_obs",6083,2299,0,206
"23077","cases_obs",6083,2300,0,204
"23078","cases_obs",6083,2301,0,200
"23079","cases_obs",6083,2302,0,165
"23080","cases_obs",6083,2303,0,149
"23081","cases_obs",6083,2304,0,169
"23082","cases_obs",6083,2305,0,156
"23083","cases_obs",6083,2306,0,167
"23084","cases_obs",6083,2307,0,158
"23085","cases_obs",6083,2308,0,155
"23086","cases_obs",6083,2309,0,172
"23087","cases_obs",6083,2310,0,224
"23088","cases_obs",6083,2311,0,129
"23089","cases_obs",6083,2312,0,149
"23090","cases_obs",6083,2313,0,149
"23091","cases_obs",6083,2314,0,200
"23092","cases_obs",6083,2315,0,195
"23093","cases_obs",6083,2316,0,206
"23094","cases_obs",6083,2317,0,219
"23095","cases_obs",6083,2318,0,201
"23096","cases_obs",6083,2319,0,229
"23097","cases_obs",6083,2320,0,240
"23098","cases_obs",6083,2321,0,265
"23099","cases_obs",6083,2322,0,330
"23100","cases_obs",6083,2323,0,239
"23101","cases_obs",6083,2324,0,230
"23102","cases_obs",6083,2325,0,251
"23103","cases_obs",6083,2326,0,290
"23104","cases_obs",6083,2327,0,215
"23105","cases_obs",6083,2328,0,225
"23106","cases_obs",6083,2329,0,203
"23107","cases_obs",6083,2330,0,214
"23108","cases_obs",6083,2331,0,224
"23109","cases_obs",6083,2332,0,181
"23110","cases_obs",6083,2333,0,228
"23111","cases_obs",6083,2334,0,243
"23112","cases_obs",6083,2335,0,196
"23113","cases_obs",6083,2336,0,166
"23114","cases_obs",6083,2337,0,172
"23115","cases_obs",6083,2338,0,214
"23116","cases_obs",6083,2339,0,201
"23117","cases_obs",6083,2340,0,196
"23118","cases_obs",6083,2341,0,199
"23119","cases_obs",6083,2342,0,239
"23120","cases_obs",6083,2343,0,237
"23121","cases_obs",6083,2344,0,221
"23122","cases_obs",6083,2345,0,195
"23123","cases_obs",6083,2346,0,189
"23124","cases_obs",6083,2347,0,165
"23125","cases_obs",6083,2348,0,229
"23126","cases_obs",6083,2349,0,225
"23127","cases_obs",6083,2350,0,227
"23128","cases_obs",6083,2351,0,245
"23129","cases_obs",6083,2352,0,204
"23130","cases_obs",6083,2353,0,217
"23131","cases_obs",6083,2354,0,238
"23132","cases_obs",6083,2355,0,226
"23133","cases_obs",6083,2356,0,204
"23134","cases_obs",6083,2357,0,244
"23135","cases_obs",6083,2358,0,178
"23136","cases_obs",6083,2359,0,199
"23137","cases_obs",6083,2360,0,201
"23138","cases_obs",6083,2361,0,195
"23139","cases_obs",6083,2362,0,137
"23140","cases_obs",6083,2363,0,143
"23141","cases_obs",6083,2364,0,150
"23142","cases_obs",6083,2365,0,145
"23143","cases_obs",6083,2366,0,173
"23144","cases_obs",6083,2367,0,184
"23145","cases_obs",6083,2368,0,191
"23146","cases_obs",6083,2369,0,232
"23147","cases_obs",6083,2370,0,193
"23148","cases_obs",6083,2371,0,191
"23149","cases_obs",6083,2372,0,234
"23150","cases_obs",6083,2373,0,237
"23151","cases_obs",6083,2374,0,268
"23152","cases_obs",6083,2375,0,248
"23153","cases_obs",6083,2376,0,233
"23154","cases_obs",6083,2377,0,220
"23155","cases_obs",6083,2378,0,217
"23156","cases_obs",6083,2379,0,216
"23157","cases_obs",6083,2380,0,173
"23158","cases_obs",6083,2381,0,196
"23159","cases_obs",6083,2382,0,130
"23160","cases_obs",6083,2383,0,226
"23161","cases_obs",6083,2384,0,164
"23162","cases_obs",6083,2385,0,166
"23163","cases_obs",6083,2386,0,163
"23164","cases_obs",6083,2387,0,142
"23165","cases_obs",6083,2388,0,173
"23166","cases_obs",6083,2389,0,153
"23167","cases_obs",6083,2390,0,184
"23168","cases_obs",6083,2391,0,195
"23169","cases_obs",6083,2392,0,161
"23170","cases_obs",6083,2393,0,172
"23171","cases_obs",6083,2394,0,199
"23172","cases_obs",6083,2395,0,167
"23173","cases_obs",6083,2396,0,176
"23174","cases_obs",6083,2397,0,185
"23175","cases_obs",6083,2398,0,188
"23176","cases_obs",6083,2399,0,176
"23177","cases_obs",6083,2400,0,155
"23178","cases_obs",6083,2401,0,163
"23179","cases_obs",6083,2402,0,139
"23180","cases_obs",6083,2403,0,159
"23181","cases_obs",6083,2404,0,144
"23182","cases_obs",6083,2405,0,146
"23183","cases_obs",6083,2406,0,161
"23184","cases_obs",6083,2407,0,138
"23185","cases_obs",6083,2408,0,170
"23186","cases_obs",6083,2409,0,196
"23187","cases_obs",6083,2410,0,191
"23188","cases_obs",6083,2411,0,184
"23189","cases_obs",6083,2412,0,159
"23190","cases_obs",6083,2413,0,142
"23191","cases_obs",6083,2414,0,107
"23192","cases_obs",6083,2415,0,101
"23193","cases_obs",6083,2416,0,96
"23194","cases_obs",6083,2417,0,88
"23195","cases_obs",6083,2418,0,143
"23196","cases_obs",6083,2419,0,146
"23197","cases_obs",6083,2420,0,139
"23198","cases_obs",6083,2421,0,179
"23199","cases_obs",6083,2422,0,198
"23200","cases_obs",6083,2423,0,201
"23201","cases_obs",6083,2424,0,161
"23202","cases_obs",6083,2425,0,221
"23203","cases_obs",6083,2426,0,191
"23204","cases_obs",6083,2427,0,202
"23205","cases_obs",6083,2428,0,179
"23206","cases_obs",6083,2429,0,197
"23207","cases_obs",6083,2430,0,207
"23208","cases_obs",6083,2431,0,171
"23209","cases_obs",6083,2432,0,160
"23210","cases_obs",6083,2433,0,159
"23211","cases_obs",6083,2434,0,131
"23212","cases_obs",6083,2435,0,188
"23213","cases_obs",6083,2436,0,141
"23214","cases_obs",6083,2437,0,136
"23215","cases_obs",6083,2438,0,165
"23216","cases_obs",6083,2439,0,167
"23217","cases_obs",6083,2440,0,168
"23218","cases_obs",6083,2441,0,193
"23219","cases_obs",6083,2442,0,147
"23220","cases_obs",6083,2443,0,198
"23221","cases_obs",6083,2444,0,182
"23222","cases_obs",6083,2445,0,196
"23223","cases_obs",6083,2446,0,189
"23224","cases_obs",6083,2447,0,200
"23225","cases_obs",6083,2448,0,188
"23226","cases_obs",6083,2449,0,191
"23227","cases_obs",6083,2450,0,166
"23228","cases_obs",6083,2451,0,175
"23229","cases_obs",6083,2452,0,178
"23230","cases_obs",6083,2453,0,174
"23231","cases_obs",6083,2454,0,181
"23232","cases_obs",6083,2455,0,201
"23233","cases_obs",6083,2456,0,218
"23234","cases_obs",6083,2457,0,188
"23235","cases_obs",6083,2458,0,149
"23236","cases_obs",6083,2459,0,156
"23237","cases_obs",6083,2460,0,171
"23238","cases_obs",6083,2461,0,152
"23239","cases_obs",6083,2462,0,157
"23240","cases_obs",6083,2463,0,168
"23241","cases_obs",6083,2464,0,191
"23242","cases_obs",6083,2465,0,128
"23243","cases_obs",6083,2466,0,112
"23244","cases_obs",6083,2467,0,107
"23245","cases_obs",6083,2468,0,76
"23246","cases_obs",6083,2469,0,90
"23247","cases_obs",6083,2470,0,97
"23248","cases_obs",6083,2471,0,121
"23249","cases_obs",6083,2472,0,131
"23250","cases_obs",6083,2473,0,160
"23251","cases_obs",6083,2474,0,155
"23252","cases_obs",6083,2475,0,180
"23253","cases_obs",6083,2476,0,186
"23254","cases_obs",6083,2477,0,159
"23255","cases_obs",6083,2478,0,192
"23256","cases_obs",6083,2479,0,168
"23257","cases_obs",6083,2480,0,170
"23258","cases_obs",6083,2481,0,179
"23259","cases_obs",6083,2482,0,175
"23260","cases_obs",6083,2483,0,158
"23261","cases_obs",6083,2484,0,166
"23262","cases_obs",6083,2485,0,151
"23263","cases_obs",6083,2486,0,96
"23264","cases_obs",6083,2487,0,100
"23265","cases_obs",6083,2488,0,114
"23266","cases_obs",6083,2489,0,99
"23267","cases_obs",6083,2490,0,128
"23268","cases_obs",6083,2491,0,163
"23269","cases_obs",6083,2492,0,172
"23270","cases_obs",6083,2493,0,139
"23271","cases_obs",6083,2494,0,142
"23272","cases_obs",6083,2495,0,146
"23273","cases_obs",6083,2496,0,148
"23274","cases_obs",6083,2497,0,152
"23275","cases_obs",6083,2498,0,152
"23276","cases_obs",6083,2499,0,140
"23277","cases_obs",6083,2500,0,151
"23278","cases_obs",6083,2501,0,121
"23279","cases_obs",6083,2502,0,155
"23280","cases_obs",6083,2503,0,176
"23281","cases_obs",6083,2504,0,170
"23282","cases_obs",6083,2505,0,167
"23283","cases_obs",6083,2506,0,187
"23284","cases_obs",6083,2507,0,135
"23285","cases_obs",6083,2508,0,144
"23286","cases_obs",6083,2509,0,161
"23287","cases_obs",6083,2510,0,162
"23288","cases_obs",6083,2511,0,166
"23289","cases_obs",6083,2512,0,203
"23290","cases_obs",6083,2513,0,181
"23291","cases_obs",6083,2514,0,191
"23292","cases_obs",6083,2515,0,165
"23293","cases_obs",6083,2516,0,152
"23294","cases_obs",6083,2517,0,108
"23295","cases_obs",6083,2518,0,108
"23296","cases_obs",6083,2519,0,92
"23297","log_lik",6083,0,0,-31286.392213951
